[UTIL]: Setting the config -c file to /usr/local/etc/flexric/flexric.conf
[UTIL]: Setting path -p for the shared libraries to /usr/local/lib/flexric/
[xAapp]: Initializing ... 
[xApp]: nearRT-RIC IP Address = 192.168.70.150, PORT = 36422
[E2 AGENT]: Opening plugin from path = /usr/local/lib/flexric/libkpm_sm.so 
[E2 AGENT]: Opening plugin from path = /usr/local/lib/flexric/libmac_sm.so 
[E2 AGENT]: Opening plugin from path = /usr/local/lib/flexric/libpdcp_sm.so 
[E2 AGENT]: Opening plugin from path = /usr/local/lib/flexric/libgtp_sm.so 
[E2 AGENT]: Opening plugin from path = /usr/local/lib/flexric/librc_sm.so 
[E2 AGENT]: Opening plugin from path = /usr/local/lib/flexric/libtc_sm.so 
[E2 AGENT]: Opening plugin from path = /usr/local/lib/flexric/librlc_sm.so 
[E2 AGENT]: Opening plugin from path = /usr/local/lib/flexric/libslice_sm.so 
[NEAR-RIC]: Loading SM ID = 2 with def = ORAN-E2SM-KPM 
[NEAR-RIC]: Loading SM ID = 142 with def = MAC_STATS_V0 
[NEAR-RIC]: Loading SM ID = 144 with def = PDCP_STATS_V0 
[NEAR-RIC]: Loading SM ID = 148 with def = GTP_STATS_V0 
[NEAR-RIC]: Loading SM ID = 3 with def = ORAN-E2SM-RC 
[NEAR-RIC]: Loading SM ID = 146 with def = TC_STATS_V0 
[NEAR-RIC]: Loading SM ID = 143 with def = RLC_STATS_V0 
[NEAR-RIC]: Loading SM ID = 145 with def = SLICE_STATS_V0 
[xApp]: DB filename = /tmp/flexric/xapp_db 
 [xApp]: E42 SETUP-REQUEST tx
[xApp]: E42 SETUP-RESPONSE rx 
[xApp]: xApp ID = 28 
[xApp]: Registered E2 Nodes = 4 
Connected E2 nodes = 4
[xAPP] Registered node 0 ran func id = 2
[xAPP] Registered node 0 ran func id = 3
[xAPP] Registered node 0 ran func id = 142
[xAPP] Registered node 0 ran func id = 143
[xAPP] Registered node 0 ran func id = 144
[xAPP] Registered node 0 ran func id = 145
[xAPP] Registered node 0 ran func id = 146
[xAPP] Registered node 0 ran func id = 148
[xApp]: E42 RIC SUBSCRIPTION REQUEST tx RAN_FUNC_ID 144 RIC_REQ_ID 1 
[xApp]: SUBSCRIPTION RESPONSE rx
[xApp]: Successfully subscribed to RAN_FUNC_ID 144 
[xAPP] Registered node 1 ran func id = 2
[xAPP] Registered node 1 ran func id = 3
[xAPP] Registered node 1 ran func id = 142
[xAPP] Registered node 1 ran func id = 143
[xAPP] Registered node 1 ran func id = 144
[xAPP] Registered node 1 ran func id = 145
[xAPP] Registered node 1 ran func id = 146
[xAPP] Registered node 1 ran func id = 148
[xAPP] Registered node 2 ran func id = 2
[xAPP] Registered node 2 ran func id = 3
[xAPP] Registered node 2 ran func id = 142
[xAPP] Registered node 2 ran func id = 143
[xAPP] Registered node 2 ran func id = 144
[xAPP] Registered node 2 ran func id = 145
[xAPP] Registered node 2 ran func id = 146
[xAPP] Registered node 2 ran func id = 148
[xApp]: E42 RIC SUBSCRIPTION REQUEST tx RAN_FUNC_ID 142 RIC_REQ_ID 2 
7 ms | now=1755815452085481 us | PDCP ind_msg latency=71856988 us
[xApp]: SUBSCRIPTION RESPONSE rx
[xApp]: Successfully subscribed to RAN_FUNC_ID 142 
[xAPP] Registered node 3 ran func id = 2
[xAPP] Registered node 3 ran func id = 3
[xAPP] Registered node 3 ran func id = 142
[xAPP] Registered node 3 ran func id = 143
[xAPP] Registered node 3 ran func id = 144
[xAPP] Registered node 3 ran func id = 145
[xAPP] Registered node 3 ran func id = 146
[xAPP] Registered node 3 ran func id = 148
[xApp]: E42 RIC SUBSCRIPTION REQUEST tx RAN_FUNC_ID 142 RIC_REQ_ID 3 
[xApp]: SUBSCRIPTION RESPONSE rx
[xApp]: Successfully subscribed to RAN_FUNC_ID 142 
86 ms [UE 24556] UL Throughput = 0.0 Mbps
86 ms [UE 57717] UL Throughput = 0.0 Mbps
203 ms [UE 24556] UL Throughput = 0.1064 Mbps
203 ms [UE 57717] UL Throughput = 0.0 Mbps
289 ms [UE 2379] UL Throughput = 0.0 Mbps
289 ms [UE 33930] UL Throughput = 0.02378 Mbps
289 ms [UE 52644] UL Throughput = 0.0 Mbps
289 ms [UE 55955] UL Throughput = 0.17893 Mbps
361 ms [UE 5474] UL Throughput = 0.0 Mbps
433 ms [UE 2379] UL Throughput = 0.11336 Mbps
433 ms [UE 24556] UL Throughput = 0.20968 Mbps
433 ms [UE 55955] UL Throughput = 0.0 Mbps
433 ms [UE 57717] UL Throughput = 0.0 Mbps
436 ms [UE 39999] UL Throughput = 0.0 Mbps
436 ms [UE 50104] UL Throughput = 0.0 Mbps
438 ms [UE 24556] UL Throughput = 0.0 Mbps
438 ms [UE 57717] UL Throughput = 0.0 Mbps
442 ms [UE 39999] UL Throughput = 0.0 Mbps
442 ms [UE 50104] UL Throughput = 0.22655 Mbps
442 ms [UE 55955] UL Throughput = 0.0 Mbps
560 ms [UE 24556] UL Throughput = 0.0 Mbps
560 ms [UE 57717] UL Throughput = 0.0 Mbps
564 ms [UE 5342] UL Throughput = 0.0 Mbps
564 ms [UE 5474] UL Throughput = 0.13313 Mbps
564 ms [UE 11372] UL Throughput = 0.0 Mbps
564 ms [UE 19074] UL Throughput = 0.0 Mbps
703 ms [UE 30040] UL Throughput = 0.0 Mbps
703 ms [UE 42234] UL Throughput = 0.0 Mbps
820 ms [UE 5342] UL Throughput = 0.0 Mbps
820 ms [UE 5474] UL Throughput = 0.0 Mbps
903 ms [UE 33930] UL Throughput = 0.0 Mbps
903 ms [UE 52644] UL Throughput = 0.0 Mbps
1027 ms [UE 12586] UL Throughput = 0.0 Mbps
1127 ms [UE 33930] UL Throughput = 0.0 Mbps
1127 ms [UE 35620] UL Throughput = 0.0 Mbps
1127 ms [UE 73211] UL Throughput = 0.0 Mbps
1212 ms [UE 30040] UL Throughput = 0.0 Mbps
1212 ms [UE 42234] UL Throughput = 0.0 Mbps
1215 ms [UE 35620] UL Throughput = 0.19946 Mbps
1215 ms [UE 41045] UL Throughput = 0.0 Mbps
1215 ms [UE 73211] UL Throughput = 0.0 Mbps
1319 ms [UE 11372] UL Throughput = 0.0 Mbps
1319 ms [UE 19074] UL Throughput = 0.0 Mbps
1319 ms [UE 42234] UL Throughput = 0.0 Mbps
1415 ms [UE 11372] UL Throughput = 0.0 Mbps
1415 ms [UE 19074] UL Throughput = 0.0 Mbps
1549 ms [UE 7281] UL Throughput = 0.0 Mbps
1650 ms [UE 12586] UL Throughput = 0.0 Mbps
1650 ms [UE 41045] UL Throughput = 0.0 Mbps
1763 ms [UE 5474] UL Throughput = 0.0 Mbps
1845 ms [UE 35620] UL Throughput = 0.0 Mbps
1845 ms [UE 39999] UL Throughput = 0.0 Mbps
1845 ms [UE 50104] UL Throughput = 0.0 Mbps
1845 ms [UE 73211] UL Throughput = 0.0 Mbps
1939 ms [UE 12586] UL Throughput = 0.0 Mbps
1939 ms [UE 41045] UL Throughput = 0.0 Mbps
2022 ms [UE 30040] UL Throughput = 0.0 Mbps
2022 ms [UE 42234] UL Throughput = 0.0 Mbps
2104 ms [UE 33930] UL Throughput = 0.0 Mbps
2104 ms [UE 52644] UL Throughput = 0.0 Mbps
2202 ms [UE 5342] UL Throughput = 0.0 Mbps
2202 ms [UE 5474] UL Throughput = 0.0 Mbps
2298 ms [UE 5342] UL Throughput = 0.0 Mbps
2391 ms [UE 7281] UL Throughput = 0.14215 Mbps
2391 ms [UE 53987] UL Throughput = 0.16064 Mbps
2391 ms [UE 57717] UL Throughput = 0.0635 Mbps
2394 ms [UE 5342] UL Throughput = 0.0 Mbps
2394 ms [UE 5474] UL Throughput = 0.0 Mbps
2507 ms [UE 5342] UL Throughput = 0.0 Mbps
2507 ms [UE 5474] UL Throughput = 0.0 Mbps
2507 ms [UE 33930] UL Throughput = 0.15465 Mbps
2507 ms [UE 52644] UL Throughput = 0.0 Mbps
2512 ms [UE 33930] UL Throughput = 0.0 Mbps
2512 ms [UE 52644] UL Throughput = 0.0 Mbps
2608 ms [UE 11372] UL Throughput = 0.0 Mbps
2608 ms [UE 19074] UL Throughput = 0.0 Mbps
2722 ms [UE 7281] UL Throughput = 0.0 Mbps
2722 ms [UE 53987] UL Throughput = 0.0 Mbps
2810 ms [UE 24556] UL Throughput = 0.0 Mbps
2810 ms [UE 57717] UL Throughput = 0.0 Mbps
2920 ms [UE 7281] UL Throughput = 0.0 Mbps
2920 ms [UE 53987] UL Throughput = 0.0 Mbps
3037 ms [UE 12586] UL Throughput = 0.0 Mbps
3037 ms [UE 41045] UL Throughput = 0.0 Mbps
3147 ms [UE 11372] UL Throughput = 0.0 Mbps
3147 ms [UE 19074] UL Throughput = 0.0 Mbps
3149 ms [UE 35620] UL Throughput = 0.0 Mbps
3149 ms [UE 73211] UL Throughput = 0.0 Mbps
3249 ms [UE 5342] UL Throughput = 0.03498 Mbps
3249 ms [UE 5474] UL Throughput = 0.0 Mbps
3361 ms [UE 12586] UL Throughput = 0.0 Mbps
3361 ms [UE 35620] UL Throughput = 0.0 Mbps
3361 ms [UE 41045] UL Throughput = 0.0 Mbps
3361 ms [UE 73211] UL Throughput = 0.0 Mbps
3462 ms [UE 5342] UL Throughput = 0.0 Mbps
3462 ms [UE 5474] UL Throughput = 0.0 Mbps
3462 ms [UE 12586] UL Throughput = 0.0 Mbps
3462 ms [UE 41045] UL Throughput = 0.0 Mbps
3568 ms [UE 35620] UL Throughput = 0.0 Mbps
3568 ms [UE 73211] UL Throughput = 0.0 Mbps
3649 ms [UE 30040] UL Throughput = 0.0 Mbps
3649 ms [UE 42234] UL Throughput = 0.0 Mbps
3743 ms [UE 39999] UL Throughput = 0.06035 Mbps
3743 ms [UE 42234] UL Throughput = 0.0 Mbps
3824 ms [UE 39999] UL Throughput = 0.0 Mbps
3824 ms [UE 50104] UL Throughput = 0.0 Mbps
3914 ms [UE 11372] UL Throughput = 0.0 Mbps
3914 ms [UE 19074] UL Throughput = 0.0 Mbps
3915 ms [UE 55955] UL Throughput = 0.0 Mbps
3986 ms [UE 35620] UL Throughput = 0.0 Mbps
3986 ms [UE 50104] UL Throughput = 0.0 Mbps
3986 ms [UE 73211] UL Throughput = 0.0 Mbps
4083 ms [UE 24556] UL Throughput = 0.0 Mbps
4083 ms [UE 57717] UL Throughput = 0.07981 Mbps
4086 ms [UE 11372] UL Throughput = 0.0 Mbps
4086 ms [UE 19074] UL Throughput = 0.0 Mbps
4090 ms [UE 30040] UL Throughput = 0.0 Mbps
4094 ms [UE 2379] UL Throughput = 0.0 Mbps
4094 ms [UE 55955] UL Throughput = 0.0 Mbps
4098 ms [UE 73211] UL Throughput = 0.0 Mbps
4199 ms [UE 33930] UL Throughput = 0.0 Mbps
4199 ms [UE 52644] UL Throughput = 0.0 Mbps
4282 ms [UE 11372] UL Throughput = 0.0 Mbps
4282 ms [UE 19074] UL Throughput = 0.0 Mbps
4394 ms [UE 30040] UL Throughput = 0.0 Mbps
4394 ms [UE 42234] UL Throughput = 0.0 Mbps
4398 ms [UE 39999] UL Throughput = 0.0 Mbps
4398 ms [UE 50104] UL Throughput = 0.0 Mbps
4492 ms [UE 50104] UL Throughput = 0.0 Mbps
4588 ms [UE 12586] UL Throughput = 0.0 Mbps
4588 ms [UE 41045] UL Throughput = 0.0 Mbps
4589 ms [UE 12586] UL Throughput = 0.0 Mbps
4589 ms [UE 41045] UL Throughput = 0.0172 Mbps
4697 ms [UE 39999] UL Throughput = 0.0 Mbps
4697 ms [UE 50104] UL Throughput = 0.0 Mbps
4806 ms [UE 33930] UL Throughput = 0.0 Mbps
4806 ms [UE 41045] UL Throughput = 0.18173 Mbps
4806 ms [UE 52644] UL Throughput = 0.0 Mbps
4904 ms [UE 7281] UL Throughput = 0.0 Mbps
4904 ms [UE 53987] UL Throughput = 0.0 Mbps
4995 ms [UE 24556] UL Throughput = 0.0 Mbps
4995 ms [UE 35620] UL Throughput = 0.0 Mbps
4995 ms [UE 73211] UL Throughput = 0.0 Mbps
5085 ms [UE 24556] UL Throughput = 0.0 Mbps
5085 ms [UE 57717] UL Throughput = 0.20859 Mbps
5161 ms [UE 35620] UL Throughput = 0.0 Mbps
5237 ms [UE 11372] UL Throughput = 0.0 Mbps
5237 ms [UE 19074] UL Throughput = 0.0 Mbps
5319 ms [UE 5342] UL Throughput = 0.0226 Mbps
5319 ms [UE 5474] UL Throughput = 0.0 Mbps
5402 ms [UE 5474] UL Throughput = 0.04826 Mbps
5402 ms [UE 24556] UL Throughput = 0.0 Mbps
5402 ms [UE 57717] UL Throughput = 0.01709 Mbps
5407 ms [UE 7281] UL Throughput = 0.0 Mbps
5407 ms [UE 53987] UL Throughput = 0.0 Mbps
5513 ms [UE 5342] UL Throughput = 0.20127 Mbps
5513 ms [UE 5474] UL Throughput = 0.3119 Mbps
5519 ms [UE 24556] UL Throughput = 0.0 Mbps
5519 ms [UE 57717] UL Throughput = 0.0 Mbps
5624 ms [UE 2379] UL Throughput = 0.0 Mbps
5624 ms [UE 55955] UL Throughput = 0.0 Mbps
5708 ms [UE 11372] UL Throughput = 0.0 Mbps
5708 ms [UE 12586] UL Throughput = 0.0 Mbps
5708 ms [UE 19074] UL Throughput = 0.0 Mbps
5708 ms [UE 41045] UL Throughput = 0.0 Mbps
5712 ms [UE 52644] UL Throughput = 0.0 Mbps
5810 ms [UE 73211] UL Throughput = 0.0 Mbps
5904 ms [UE 7281] UL Throughput = 0.0 Mbps
5987 ms [UE 19074] UL Throughput = 0.0 Mbps
6098 ms [UE 39999] UL Throughput = 0.0 Mbps
6098 ms [UE 50104] UL Throughput = 0.0 Mbps
6188 ms [UE 12586] UL Throughput = 0.0 Mbps
6188 ms [UE 41045] UL Throughput = 0.0 Mbps
6281 ms [UE 2379] UL Throughput = 0.06149 Mbps
6281 ms [UE 33930] UL Throughput = 0.0 Mbps
6281 ms [UE 52644] UL Throughput = 0.0 Mbps
6281 ms [UE 55955] UL Throughput = 0.0 Mbps
6369 ms [UE 52644] UL Throughput = 0.0 Mbps
6372 ms [UE 19074] UL Throughput = 0.16677 Mbps
6475 ms [UE 73211] UL Throughput = 0.0 Mbps
6552 ms [UE 12586] UL Throughput = 0.0 Mbps
6552 ms [UE 41045] UL Throughput = 0.0 Mbps
6649 ms [UE 7281] UL Throughput = 0.12295 Mbps
6649 ms [UE 39999] UL Throughput = 0.0 Mbps
6649 ms [UE 50104] UL Throughput = 0.0 Mbps
6649 ms [UE 53987] UL Throughput = 0.0 Mbps
6747 ms [UE 41045] UL Throughput = 0.0 Mbps
6827 ms [UE 7281] UL Throughput = 0.0 Mbps
6827 ms [UE 53987] UL Throughput = 0.0 Mbps
6827 ms [UE 57717] UL Throughput = 0.0 Mbps
6831 ms [UE 33930] UL Throughput = 0.0 Mbps
6831 ms [UE 52644] UL Throughput = 0.0 Mbps
6930 ms [UE 12586] UL Throughput = 0.0 Mbps
6930 ms [UE 41045] UL Throughput = 0.0 Mbps
7009 ms [UE 30040] UL Throughput = 0.0 Mbps
7009 ms [UE 52644] UL Throughput = 0.0 Mbps
7133 ms [UE 19074] UL Throughput = 0.0 Mbps
7137 ms [UE 12586] UL Throughput = 0.0 Mbps
7137 ms [UE 33930] UL Throughput = 0.0 Mbps
7137 ms [UE 41045] UL Throughput = 0.0 Mbps
7137 ms [UE 52644] UL Throughput = 0.0 Mbps
7187 ms [UE 30040] UL Throughput = 0.0 Mbps
7187 ms [UE 42234] UL Throughput = 0.0 Mbps
7279 ms [UE 5342] UL Throughput = 0.0 Mbps
7279 ms [UE 5474] UL Throughput = 0.0 Mbps
7281 ms [UE 2379] UL Throughput = 0.0 Mbps
7281 ms [UE 55955] UL Throughput = 0.0 Mbps
7364 ms [UE 12586] UL Throughput = 0.0 Mbps
7364 ms [UE 41045] UL Throughput = 0.0 Mbps
7471 ms [UE 5342] UL Throughput = 0.0 Mbps
7471 ms [UE 5474] UL Throughput = 0.0 Mbps
7587 ms [UE 2379] UL Throughput = 0.0 Mbps
7587 ms [UE 30040] UL Throughput = 0.0 Mbps
7587 ms [UE 42234] UL Throughput = 0.0 Mbps
7587 ms [UE 55955] UL Throughput = 0.0 Mbps
7717 ms [UE 33930] UL Throughput = 0.0 Mbps
7717 ms [UE 52644] UL Throughput = 0.0 Mbps
7831 ms [UE 12586] UL Throughput = 0.0 Mbps
7831 ms [UE 41045] UL Throughput = 0.0 Mbps
7929 ms [UE 24556] UL Throughput = 0.0 Mbps
7929 ms [UE 57717] UL Throughput = 0.0 Mbps
7932 ms [UE 33930] UL Throughput = 0.0 Mbps
7932 ms [UE 52644] UL Throughput = 0.0 Mbps
8052 ms [UE 11372] UL Throughput = 0.0 Mbps
8052 ms [UE 19074] UL Throughput = 0.0 Mbps
8137 ms [UE 33930] UL Throughput = 0.0 Mbps
8137 ms [UE 52644] UL Throughput = 0.0 Mbps
8139 ms [UE 33930] UL Throughput = 0.08375 Mbps
8139 ms [UE 35620] UL Throughput = 0.03424 Mbps
8139 ms [UE 52644] UL Throughput = 0.0 Mbps
8239 ms [UE 12586] UL Throughput = 0.0 Mbps
8239 ms [UE 41045] UL Throughput = 0.0 Mbps
8338 ms [UE 12586] UL Throughput = 0.0 Mbps
8338 ms [UE 24556] UL Throughput = 0.0 Mbps
8338 ms [UE 41045] UL Throughput = 0.03166 Mbps
8338 ms [UE 57717] UL Throughput = 0.0 Mbps
8439 ms [UE 35620] UL Throughput = 0.0 Mbps
8442 ms [UE 24556] UL Throughput = 0.0 Mbps
8442 ms [UE 57717] UL Throughput = 0.0 Mbps
8541 ms [UE 24556] UL Throughput = 0.0 Mbps
8541 ms [UE 33930] UL Throughput = 0.0 Mbps
8541 ms [UE 52644] UL Throughput = 0.0 Mbps
8541 ms [UE 57717] UL Throughput = 0.0 Mbps
8644 ms [UE 5342] UL Throughput = 0.0 Mbps
8644 ms [UE 5474] UL Throughput = 0.0 Mbps
8781 ms [UE 24556] UL Throughput = 0.0 Mbps
8781 ms [UE 57717] UL Throughput = 0.0 Mbps
8787 ms [UE 2379] UL Throughput = 0.0 Mbps
8787 ms [UE 55955] UL Throughput = 0.0 Mbps
8895 ms [UE 39999] UL Throughput = 0.0 Mbps
8895 ms [UE 50104] UL Throughput = 0.0 Mbps
9007 ms [UE 19074] UL Throughput = 0.0 Mbps
9104 ms [UE 30040] UL Throughput = 0.0 Mbps
9217 ms [UE 11372] UL Throughput = 0.0 Mbps
9217 ms [UE 19074] UL Throughput = 0.0 Mbps
9322 ms [UE 30040] UL Throughput = 0.0 Mbps
9399 ms [UE 11372] UL Throughput = 0.0 Mbps
9399 ms [UE 19074] UL Throughput = 0.0 Mbps
9399 ms [UE 35620] UL Throughput = 0.0 Mbps
9399 ms [UE 73211] UL Throughput = 0.0 Mbps
9401 ms [UE 2379] UL Throughput = 0.0 Mbps
9401 ms [UE 24556] UL Throughput = 0.0 Mbps
9401 ms [UE 55955] UL Throughput = 0.0 Mbps
9401 ms [UE 57717] UL Throughput = 0.0 Mbps
9503 ms [UE 30040] UL Throughput = 0.0 Mbps
9503 ms [UE 42234] UL Throughput = 0.0 Mbps
9503 ms [UE 50104] UL Throughput = 0.0 Mbps
9506 ms [UE 39999] UL Throughput = 0.0 Mbps
9506 ms [UE 50104] UL Throughput = 0.0 Mbps
9594 ms [UE 30040] UL Throughput = 0.0 Mbps
9594 ms [UE 42234] UL Throughput = 0.0 Mbps
9686 ms [UE 30040] UL Throughput = 0.0 Mbps
9686 ms [UE 42234] UL Throughput = 0.0 Mbps
9794 ms [UE 5474] UL Throughput = 0.0 Mbps
9794 ms [UE 12586] UL Throughput = 0.0 Mbps
9798 ms [UE 5342] UL Throughput = 0.0 Mbps
9798 ms [UE 5474] UL Throughput = 0.0 Mbps
9800 ms [UE 5342] UL Throughput = 0.17309 Mbps
9800 ms [UE 33930] UL Throughput = 0.0 Mbps
9800 ms [UE 52644] UL Throughput = 0.0 Mbps
9887 ms [UE 33930] UL Throughput = 0.0 Mbps
9887 ms [UE 39999] UL Throughput = 0.0 Mbps
9887 ms [UE 50104] UL Throughput = 0.0 Mbps
9971 ms [UE 11372] UL Throughput = 0.0 Mbps
9971 ms [UE 19074] UL Throughput = 0.0 Mbps
9971 ms [UE 24556] UL Throughput = 0.0 Mbps
9973 ms [UE 35620] UL Throughput = 0.0 Mbps
9973 ms [UE 73211] UL Throughput = 0.0 Mbps
10094 ms [UE 11372] UL Throughput = 0.0 Mbps
10095 ms [UE 35620] UL Throughput = 0.0 Mbps
10095 ms [UE 73211] UL Throughput = 0.0 Mbps
10186 ms [UE 24556] UL Throughput = 0.0 Mbps
10186 ms [UE 57717] UL Throughput = 0.0 Mbps
10288 ms [UE 2379] UL Throughput = 0.0 Mbps
10288 ms [UE 24556] UL Throughput = 0.0 Mbps
10288 ms [UE 55955] UL Throughput = 0.0 Mbps
10288 ms [UE 57717] UL Throughput = 0.0 Mbps
10415 ms [UE 12586] UL Throughput = 0.0 Mbps
10485 ms [UE 11372] UL Throughput = 0.0 Mbps
10485 ms [UE 19074] UL Throughput = 0.0 Mbps
10490 ms [UE 35620] UL Throughput = 0.0 Mbps
10490 ms [UE 73211] UL Throughput = 0.0 Mbps
10596 ms [UE 2379] UL Throughput = 0.0 Mbps
10596 ms [UE 30040] UL Throughput = 0.0 Mbps
10596 ms [UE 42234] UL Throughput = 0.0 Mbps
10596 ms [UE 55955] UL Throughput = 0.0 Mbps
10701 ms [UE 12586] UL Throughput = 0.0 Mbps
10701 ms [UE 41045] UL Throughput = 0.0 Mbps
10802 ms [UE 11372] UL Throughput = 0.0 Mbps
10802 ms [UE 19074] UL Throughput = 0.0 Mbps
10911 ms [UE 5342] UL Throughput = 0.0 Mbps
10911 ms [UE 5474] UL Throughput = 0.0 Mbps
10911 ms [UE 7281] UL Throughput = 0.0 Mbps
10911 ms [UE 53987] UL Throughput = 0.0 Mbps
10913 ms [UE 33930] UL Throughput = 0.0 Mbps
10913 ms [UE 52644] UL Throughput = 0.0 Mbps
11011 ms [UE 35620] UL Throughput = 0.0 Mbps
11011 ms [UE 73211] UL Throughput = 0.0 Mbps
11107 ms [UE 30040] UL Throughput = 0.09307 Mbps
11107 ms [UE 42234] UL Throughput = 0.12768 Mbps
11198 ms [UE 30040] UL Throughput = 0.0 Mbps
11198 ms [UE 42234] UL Throughput = 0.0 Mbps
11201 ms [UE 39999] UL Throughput = 0.0 Mbps
11201 ms [UE 50104] UL Throughput = 0.0 Mbps
11207 ms [UE 11372] UL Throughput = 0.0 Mbps
11207 ms [UE 19074] UL Throughput = 0.21837 Mbps
11213 ms [UE 7281] UL Throughput = 0.0 Mbps
11213 ms [UE 53987] UL Throughput = 0.0 Mbps
11286 ms [UE 35620] UL Throughput = 0.0 Mbps
11286 ms [UE 73211] UL Throughput = 0.0 Mbps
11379 ms [UE 2379] UL Throughput = 0.0 Mbps
11379 ms [UE 55955] UL Throughput = 0.0 Mbps
11506 ms [UE 35620] UL Throughput = 0.0 Mbps
11506 ms [UE 39999] UL Throughput = 0.0 Mbps
11506 ms [UE 50104] UL Throughput = 0.0 Mbps
11506 ms [UE 73211] UL Throughput = 0.0 Mbps
11508 ms [UE 7281] UL Throughput = 0.15513 Mbps
11508 ms [UE 53987] UL Throughput = 0.0 Mbps
11614 ms [UE 24556] UL Throughput = 0.0 Mbps
11614 ms [UE 57717] UL Throughput = 0.0 Mbps
11708 ms [UE 39999] UL Throughput = 0.0 Mbps
11708 ms [UE 50104] UL Throughput = 0.0 Mbps
11834 ms [UE 5342] UL Throughput = 0.0 Mbps
11834 ms [UE 5474] UL Throughput = 0.0 Mbps
11951 ms [UE 12586] UL Throughput = 0.0 Mbps
11951 ms [UE 41045] UL Throughput = 0.0 Mbps
12087 ms [UE 39999] UL Throughput = 0.0 Mbps
12087 ms [UE 50104] UL Throughput = 0.0 Mbps
12087 ms [UE 53987] UL Throughput = 0.2166 Mbps
12214 ms [UE 7281] UL Throughput = 0.0 Mbps
12214 ms [UE 11372] UL Throughput = 0.0 Mbps
12214 ms [UE 19074] UL Throughput = 0.0 Mbps
12214 ms [UE 53987] UL Throughput = 0.0 Mbps
12333 ms [UE 12586] UL Throughput = 0.0 Mbps
12333 ms [UE 41045] UL Throughput = 0.0 Mbps
12334 ms [UE 12586] UL Throughput = 0.17804 Mbps
12334 ms [UE 39999] UL Throughput = 0.05375 Mbps
12334 ms [UE 41045] UL Throughput = 0.0 Mbps
12334 ms [UE 50104] UL Throughput = 0.0 Mbps
12405 ms [UE 11372] UL Throughput = 0.0 Mbps
12405 ms [UE 19074] UL Throughput = 0.0 Mbps
12410 ms [UE 12586] UL Throughput = 0.0 Mbps
12410 ms [UE 41045] UL Throughput = 0.0 Mbps
12496 ms [UE 5342] UL Throughput = 0.0 Mbps
12496 ms [UE 5474] UL Throughput = 0.0 Mbps
12590 ms [UE 19074] UL Throughput = 0.0 Mbps
12722 ms [UE 12586] UL Throughput = 0.0 Mbps
12722 ms [UE 41045] UL Throughput = 0.0 Mbps
12723 ms [UE 11372] UL Throughput = 0.0 Mbps
12723 ms [UE 19074] UL Throughput = 0.0 Mbps
12723 ms [UE 39999] UL Throughput = 0.02202 Mbps
12723 ms [UE 50104] UL Throughput = 0.0 Mbps
12833 ms [UE 7281] UL Throughput = 0.0 Mbps
12833 ms [UE 53987] UL Throughput = 0.0 Mbps
12930 ms [UE 39999] UL Throughput = 0.0 Mbps
12930 ms [UE 50104] UL Throughput = 0.0 Mbps
13060 ms [UE 2379] UL Throughput = 0.0 Mbps
13154 ms [UE 12586] UL Throughput = 0.0 Mbps
13154 ms [UE 41045] UL Throughput = 0.0 Mbps
13154 ms [UE 57717] UL Throughput = 0.0 Mbps
13244 ms [UE 35620] UL Throughput = 0.0 Mbps
13244 ms [UE 73211] UL Throughput = 0.0 Mbps
13366 ms [UE 2379] UL Throughput = 0.0 Mbps
13366 ms [UE 55955] UL Throughput = 0.0 Mbps
13472 ms [UE 12586] UL Throughput = 0.0 Mbps
13472 ms [UE 41045] UL Throughput = 0.0 Mbps
13563 ms [UE 5342] UL Throughput = 0.18899 Mbps
13563 ms [UE 5474] UL Throughput = 0.0 Mbps
13653 ms [UE 53987] UL Throughput = 0.0 Mbps
13658 ms [UE 24556] UL Throughput = 0.0 Mbps
13658 ms [UE 57717] UL Throughput = 0.0 Mbps
13745 ms [UE 7281] UL Throughput = 0.0 Mbps
13745 ms [UE 53987] UL Throughput = 0.0 Mbps
13840 ms [UE 5474] UL Throughput = 0.0 Mbps
13842 ms [UE 2379] UL Throughput = 0.03509 Mbps
13842 ms [UE 55955] UL Throughput = 0.0 Mbps
13940 ms [UE 30040] UL Throughput = 0.0 Mbps
13940 ms [UE 42234] UL Throughput = 0.0 Mbps
14032 ms [UE 19074] UL Throughput = 0.0 Mbps
14132 ms [UE 2379] UL Throughput = 0.0 Mbps
14132 ms [UE 39999] UL Throughput = 0.0 Mbps
14132 ms [UE 50104] UL Throughput = 0.0 Mbps
14132 ms [UE 55955] UL Throughput = 0.0 Mbps
14237 ms [UE 35620] UL Throughput = 0.0 Mbps
14237 ms [UE 73211] UL Throughput = 0.0 Mbps
14320 ms [UE 5342] UL Throughput = 0.0 Mbps
14320 ms [UE 30040] UL Throughput = 0.0 Mbps
14320 ms [UE 42234] UL Throughput = 0.0 Mbps
14425 ms [UE 33930] UL Throughput = 0.0 Mbps
14555 ms [UE 73211] UL Throughput = 0.0 Mbps
14661 ms [UE 24556] UL Throughput = 0.0 Mbps
14756 ms [UE 35620] UL Throughput = 0.0 Mbps
14756 ms [UE 73211] UL Throughput = 0.0 Mbps
14762 ms [UE 39999] UL Throughput = 0.19682 Mbps
14762 ms [UE 50104] UL Throughput = 0.0 Mbps
14873 ms [UE 2379] UL Throughput = 0.0 Mbps
14873 ms [UE 55955] UL Throughput = 0.0 Mbps
14965 ms [UE 12586] UL Throughput = 0.0 Mbps
14965 ms [UE 41045] UL Throughput = 0.0 Mbps
14969 ms [UE 24556] UL Throughput = 0.0 Mbps
14969 ms [UE 50104] UL Throughput = 0.0 Mbps
14969 ms [UE 57717] UL Throughput = 0.0 Mbps
15063 ms [UE 35620] UL Throughput = 0.0 Mbps
15063 ms [UE 42234] UL Throughput = 0.0 Mbps
15168 ms [UE 33930] UL Throughput = 0.0 Mbps
15168 ms [UE 52644] UL Throughput = 0.0 Mbps
15262 ms [UE 7281] UL Throughput = 0.0 Mbps
15262 ms [UE 12586] UL Throughput = 0.0 Mbps
15262 ms [UE 41045] UL Throughput = 0.0 Mbps
15262 ms [UE 53987] UL Throughput = 0.0 Mbps
15356 ms [UE 57717] UL Throughput = 0.0 Mbps
15451 ms [UE 24556] UL Throughput = 0.0 Mbps
15451 ms [UE 33930] UL Throughput = 0.0 Mbps
15451 ms [UE 52644] UL Throughput = 0.0 Mbps
15451 ms [UE 57717] UL Throughput = 0.0 Mbps
15527 ms [UE 24556] UL Throughput = 0.0 Mbps
15527 ms [UE 57717] UL Throughput = 0.0 Mbps
15620 ms [UE 2379] UL Throughput = 0.0 Mbps
15620 ms [UE 55955] UL Throughput = 0.0 Mbps
15624 ms [UE 11372] UL Throughput = 0.0 Mbps
15624 ms [UE 19074] UL Throughput = 0.0 Mbps
15726 ms [UE 24556] UL Throughput = 0.0 Mbps
15726 ms [UE 39999] UL Throughput = 0.0 Mbps
15726 ms [UE 50104] UL Throughput = 0.0 Mbps
15726 ms [UE 57717] UL Throughput = 0.0 Mbps
15856 ms [UE 5342] UL Throughput = 0.0 Mbps
15856 ms [UE 5474] UL Throughput = 0.0 Mbps
15953 ms [UE 7281] UL Throughput = 0.0 Mbps
15953 ms [UE 53987] UL Throughput = 0.0 Mbps
15957 ms [UE 33930] UL Throughput = 0.0 Mbps
16058 ms [UE 5342] UL Throughput = 0.0 Mbps
16058 ms [UE 5474] UL Throughput = 0.0 Mbps
16151 ms [UE 11372] UL Throughput = 0.0 Mbps
16151 ms [UE 19074] UL Throughput = 0.0 Mbps
16260 ms [UE 5342] UL Throughput = 0.22507 Mbps
16260 ms [UE 5474] UL Throughput = 0.0 Mbps
16260 ms [UE 24556] UL Throughput = 0.0 Mbps
16262 ms [UE 33930] UL Throughput = 0.0 Mbps
16394 ms [UE 39999] UL Throughput = 0.0 Mbps
16394 ms [UE 50104] UL Throughput = 0.0 Mbps
16500 ms [UE 50104] UL Throughput = 0.0 Mbps
16503 ms [UE 5342] UL Throughput = 0.19005 Mbps
16503 ms [UE 5474] UL Throughput = 0.21447 Mbps
16503 ms [UE 35620] UL Throughput = 0.09124 Mbps
16503 ms [UE 73211] UL Throughput = 0.0 Mbps
16612 ms [UE 41045] UL Throughput = 0.0 Mbps
16710 ms [UE 7281] UL Throughput = 0.0 Mbps
16710 ms [UE 53987] UL Throughput = 0.0 Mbps
16795 ms [UE 39999] UL Throughput = 0.0 Mbps
16795 ms [UE 50104] UL Throughput = 0.0 Mbps
16895 ms [UE 39999] UL Throughput = 0.0 Mbps
16895 ms [UE 50104] UL Throughput = 0.0 Mbps
16998 ms [UE 2379] UL Throughput = 0.0 Mbps
16998 ms [UE 55955] UL Throughput = 0.0 Mbps
17088 ms [UE 24556] UL Throughput = 0.0 Mbps
17088 ms [UE 35620] UL Throughput = 0.0 Mbps
17088 ms [UE 57717] UL Throughput = 0.0 Mbps
17187 ms [UE 39999] UL Throughput = 0.0 Mbps
17187 ms [UE 50104] UL Throughput = 0.0 Mbps
17265 ms [UE 24556] UL Throughput = 0.0 Mbps
17265 ms [UE 57717] UL Throughput = 0.0 Mbps
17267 ms [UE 24556] UL Throughput = 0.0 Mbps
17267 ms [UE 57717] UL Throughput = 0.0 Mbps
17375 ms [UE 5342] UL Throughput = 0.0 Mbps
17375 ms [UE 5474] UL Throughput = 0.0 Mbps
17473 ms [UE 7281] UL Throughput = 0.10306 Mbps
17473 ms [UE 24556] UL Throughput = 0.0 Mbps
17473 ms [UE 53987] UL Throughput = 0.0 Mbps
17473 ms [UE 57717] UL Throughput = 0.0 Mbps
17547 ms [UE 50104] UL Throughput = 0.0 Mbps
17638 ms [UE 11372] UL Throughput = 0.0 Mbps
17638 ms [UE 19074] UL Throughput = 0.0 Mbps
17639 ms [UE 12586] UL Throughput = 0.0 Mbps
17727 ms [UE 33930] UL Throughput = 0.0 Mbps
17727 ms [UE 52644] UL Throughput = 0.0 Mbps
17820 ms [UE 35620] UL Throughput = 0.0 Mbps
17939 ms [UE 12586] UL Throughput = 0.21813 Mbps
17939 ms [UE 33930] UL Throughput = 0.0 Mbps
17939 ms [UE 41045] UL Throughput = 0.03963 Mbps
17939 ms [UE 52644] UL Throughput = 0.0 Mbps
18035 ms [UE 24556] UL Throughput = 0.0 Mbps
18035 ms [UE 57717] UL Throughput = 0.20817 Mbps
18037 ms [UE 7281] UL Throughput = 0.0 Mbps
18037 ms [UE 53987] UL Throughput = 0.0 Mbps
18118 ms [UE 12586] UL Throughput = 0.0 Mbps
18118 ms [UE 41045] UL Throughput = 0.0 Mbps
18205 ms [UE 73211] UL Throughput = 0.0 Mbps
18312 ms [UE 53987] UL Throughput = 0.0 Mbps
18399 ms [UE 19074] UL Throughput = 0.0 Mbps
18515 ms [UE 11372] UL Throughput = 0.0 Mbps
18515 ms [UE 19074] UL Throughput = 0.0 Mbps
18519 ms [UE 7281] UL Throughput = 0.0 Mbps
18519 ms [UE 55955] UL Throughput = 0.0 Mbps
18630 ms [UE 35620] UL Throughput = 0.0 Mbps
18630 ms [UE 73211] UL Throughput = 0.0 Mbps
18720 ms [UE 30040] UL Throughput = 0.0 Mbps
18720 ms [UE 42234] UL Throughput = 0.0 Mbps
18823 ms [UE 2379] UL Throughput = 0.12237 Mbps
18823 ms [UE 55955] UL Throughput = 0.0 Mbps
18920 ms [UE 12586] UL Throughput = 0.0 Mbps
18920 ms [UE 24556] UL Throughput = 0.0 Mbps
18920 ms [UE 57717] UL Throughput = 0.0 Mbps
19024 ms [UE 33930] UL Throughput = 0.0 Mbps
19139 ms [UE 2379] UL Throughput = 0.0 Mbps
19236 ms [UE 24556] UL Throughput = 0.0 Mbps
19236 ms [UE 57717] UL Throughput = 0.0 Mbps
19341 ms [UE 57717] UL Throughput = 0.0 Mbps
19450 ms [UE 12586] UL Throughput = 0.0 Mbps
19450 ms [UE 41045] UL Throughput = 0.0 Mbps
19566 ms [UE 5342] UL Throughput = 0.0 Mbps
19566 ms [UE 5474] UL Throughput = 0.0 Mbps
19676 ms [UE 24556] UL Throughput = 0.0 Mbps
19676 ms [UE 57717] UL Throughput = 0.0 Mbps
19682 ms [UE 11372] UL Throughput = 0.03858 Mbps
19682 ms [UE 19074] UL Throughput = 0.0 Mbps
19772 ms [UE 35620] UL Throughput = 0.01026 Mbps
19845 ms [UE 7281] UL Throughput = 0.0 Mbps
19845 ms [UE 53987] UL Throughput = 0.0 Mbps
19923 ms [UE 11372] UL Throughput = 0.16457 Mbps
19923 ms [UE 19074] UL Throughput = 0.0 Mbps
19923 ms [UE 24556] UL Throughput = 0.0 Mbps
19923 ms [UE 57717] UL Throughput = 0.0 Mbps
19927 ms [UE 33930] UL Throughput = 0.0 Mbps
19927 ms [UE 52644] UL Throughput = 0.0 Mbps
20050 ms [UE 12586] UL Throughput = 0.0 Mbps
20050 ms [UE 39999] UL Throughput = 0.0 Mbps
20050 ms [UE 41045] UL Throughput = 0.0 Mbps
20050 ms [UE 50104] UL Throughput = 0.0 Mbps
20172 ms [UE 2379] UL Throughput = 0.0 Mbps
20172 ms [UE 55955] UL Throughput = 0.0 Mbps
20278 ms [UE 33930] UL Throughput = 0.0 Mbps
20278 ms [UE 52644] UL Throughput = 0.0 Mbps
20356 ms [UE 30040] UL Throughput = 0.0 Mbps
20356 ms [UE 42234] UL Throughput = 0.0 Mbps
20443 ms [UE 24556] UL Throughput = 0.0 Mbps
20443 ms [UE 30040] UL Throughput = 0.0 Mbps
20443 ms [UE 42234] UL Throughput = 0.0 Mbps
20443 ms [UE 57717] UL Throughput = 0.12355 Mbps
20515 ms [UE 24556] UL Throughput = 0.0 Mbps
20603 ms [UE 24556] UL Throughput = 0.0 Mbps
20603 ms [UE 57717] UL Throughput = 0.0 Mbps
20679 ms [UE 33930] UL Throughput = 0.0 Mbps
20679 ms [UE 52644] UL Throughput = 0.0 Mbps
20760 ms [UE 11372] UL Throughput = 0.0 Mbps
20765 ms [UE 35620] UL Throughput = 0.0 Mbps
20765 ms [UE 73211] UL Throughput = 0.0 Mbps
20869 ms [UE 33930] UL Throughput = 0.0 Mbps
20869 ms [UE 35620] UL Throughput = 0.0 Mbps
20869 ms [UE 52644] UL Throughput = 0.0 Mbps
20873 ms [UE 5342] UL Throughput = 0.0 Mbps
20873 ms [UE 5474] UL Throughput = 0.0 Mbps
20876 ms [UE 33930] UL Throughput = 0.0 Mbps
20876 ms [UE 52644] UL Throughput = 0.14714 Mbps
20987 ms [UE 7281] UL Throughput = 0.0 Mbps
20987 ms [UE 24556] UL Throughput = 0.0 Mbps
20987 ms [UE 53987] UL Throughput = 0.02559 Mbps
20987 ms [UE 57717] UL Throughput = 0.0 Mbps
21070 ms [UE 24556] UL Throughput = 0.0 Mbps
21161 ms [UE 33930] UL Throughput = 0.0 Mbps
21161 ms [UE 52644] UL Throughput = 0.0 Mbps
21290 ms [UE 24556] UL Throughput = 0.0 Mbps
21290 ms [UE 57717] UL Throughput = 0.0 Mbps
21392 ms [UE 7281] UL Throughput = 0.0 Mbps
21392 ms [UE 53987] UL Throughput = 0.0 Mbps
21490 ms [UE 19074] UL Throughput = 0.0 Mbps
21589 ms [UE 24556] UL Throughput = 0.12649 Mbps
21589 ms [UE 57717] UL Throughput = 0.0 Mbps
21681 ms [UE 11372] UL Throughput = 0.0 Mbps
21681 ms [UE 19074] UL Throughput = 0.0 Mbps
21798 ms [UE 24556] UL Throughput = 0.0 Mbps
21798 ms [UE 35620] UL Throughput = 0.0 Mbps
21798 ms [UE 73211] UL Throughput = 0.09337 Mbps
21907 ms [UE 7281] UL Throughput = 0.0 Mbps
21907 ms [UE 53987] UL Throughput = 0.0 Mbps
22011 ms [UE 35620] UL Throughput = 0.0 Mbps
22011 ms [UE 73211] UL Throughput = 0.0 Mbps
22014 ms [UE 33930] UL Throughput = 0.0 Mbps
22014 ms [UE 52644] UL Throughput = 0.0 Mbps
22088 ms [UE 2379] UL Throughput = 0.0 Mbps
22088 ms [UE 55955] UL Throughput = 0.0 Mbps
22218 ms [UE 11372] UL Throughput = 0.0 Mbps
22218 ms [UE 19074] UL Throughput = 0.0 Mbps
22309 ms [UE 2379] UL Throughput = 0.0 Mbps
22309 ms [UE 55955] UL Throughput = 0.0 Mbps
22312 ms [UE 33930] UL Throughput = 0.02892 Mbps
22312 ms [UE 52644] UL Throughput = 0.0 Mbps
22428 ms [UE 12586] UL Throughput = 0.0 Mbps
22428 ms [UE 30040] UL Throughput = 0.0 Mbps
22428 ms [UE 41045] UL Throughput = 0.20932 Mbps
22428 ms [UE 42234] UL Throughput = 0.0 Mbps
22533 ms [UE 39999] UL Throughput = 0.0 Mbps
22533 ms [UE 50104] UL Throughput = 0.0 Mbps
22612 ms [UE 12586] UL Throughput = 0.0 Mbps
22612 ms [UE 41045] UL Throughput = 0.23949 Mbps
22718 ms [UE 39999] UL Throughput = 0.0 Mbps
22718 ms [UE 50104] UL Throughput = 0.0 Mbps
22723 ms [UE 2379] UL Throughput = 0.0 Mbps
22723 ms [UE 24556] UL Throughput = 0.0 Mbps
22723 ms [UE 57717] UL Throughput = 0.0 Mbps
22819 ms [UE 39999] UL Throughput = 0.0 Mbps
22819 ms [UE 50104] UL Throughput = 0.0 Mbps
22942 ms [UE 24556] UL Throughput = 0.26077 Mbps
22942 ms [UE 57717] UL Throughput = 0.17655 Mbps
23051 ms [UE 7281] UL Throughput = 0.0 Mbps
23051 ms [UE 53987] UL Throughput = 0.0 Mbps
23139 ms [UE 11372] UL Throughput = 0.09775 Mbps
23139 ms [UE 19074] UL Throughput = 0.0 Mbps
23220 ms [UE 39999] UL Throughput = 0.0 Mbps
23220 ms [UE 50104] UL Throughput = 0.22027 Mbps
23317 ms [UE 2379] UL Throughput = 0.0 Mbps
23317 ms [UE 55955] UL Throughput = 0.0 Mbps
23422 ms [UE 11372] UL Throughput = 0.0 Mbps
23422 ms [UE 19074] UL Throughput = 0.0 Mbps
23553 ms [UE 12586] UL Throughput = 0.0 Mbps
23553 ms [UE 41045] UL Throughput = 0.21308 Mbps
23637 ms [UE 42234] UL Throughput = 0.0 Mbps
23736 ms [UE 7281] UL Throughput = 0.1341 Mbps
23736 ms [UE 53987] UL Throughput = 0.0 Mbps
23842 ms [UE 2379] UL Throughput = 0.0 Mbps
23842 ms [UE 7281] UL Throughput = 0.0 Mbps
23842 ms [UE 53987] UL Throughput = 0.0 Mbps
23842 ms [UE 55955] UL Throughput = 0.0 Mbps
23947 ms [UE 35620] UL Throughput = 0.0 Mbps
23947 ms [UE 73211] UL Throughput = 0.15251 Mbps
24050 ms [UE 35620] UL Throughput = 0.0 Mbps
24050 ms [UE 73211] UL Throughput = 0.0 Mbps
24051 ms [UE 12586] UL Throughput = 0.0 Mbps
24051 ms [UE 41045] UL Throughput = 0.0 Mbps
24167 ms [UE 24556] UL Throughput = 0.0 Mbps
24167 ms [UE 57717] UL Throughput = 0.0 Mbps
24173 ms [UE 35620] UL Throughput = 0.0 Mbps
24173 ms [UE 73211] UL Throughput = 0.0 Mbps
24290 ms [UE 5342] UL Throughput = 0.0 Mbps
24410 ms [UE 12586] UL Throughput = 0.08863 Mbps
24410 ms [UE 41045] UL Throughput = 0.0 Mbps
24507 ms [UE 33930] UL Throughput = 0.0 Mbps
24507 ms [UE 35620] UL Throughput = 0.0 Mbps
24507 ms [UE 73211] UL Throughput = 0.0 Mbps
24600 ms [UE 33930] UL Throughput = 0.0 Mbps
24600 ms [UE 39999] UL Throughput = 0.0 Mbps
24600 ms [UE 50104] UL Throughput = 0.03799 Mbps
24600 ms [UE 52644] UL Throughput = 0.0 Mbps
24602 ms [UE 7281] UL Throughput = 0.0 Mbps
24602 ms [UE 53987] UL Throughput = 0.0 Mbps
24722 ms [UE 5474] UL Throughput = 0.0 Mbps
24722 ms [UE 7281] UL Throughput = 0.0 Mbps
24834 ms [UE 12586] UL Throughput = 0.04875 Mbps
24834 ms [UE 41045] UL Throughput = 0.0 Mbps
24930 ms [UE 12586] UL Throughput = 0.05741 Mbps
25031 ms [UE 19074] UL Throughput = 0.0 Mbps
25031 ms [UE 33930] UL Throughput = 0.0 Mbps
25031 ms [UE 52644] UL Throughput = 0.0 Mbps
25033 ms [UE 35620] UL Throughput = 0.0 Mbps
25132 ms [UE 24556] UL Throughput = 0.0 Mbps
25132 ms [UE 57717] UL Throughput = 0.0 Mbps
25230 ms [UE 30040] UL Throughput = 0.0 Mbps
25230 ms [UE 42234] UL Throughput = 0.0 Mbps
25363 ms [UE 39999] UL Throughput = 0.0 Mbps
25363 ms [UE 50104] UL Throughput = 0.0 Mbps
25492 ms [UE 33930] UL Throughput = 0.0 Mbps
25492 ms [UE 35620] UL Throughput = 0.0 Mbps
25492 ms [UE 52644] UL Throughput = 0.0 Mbps
25492 ms [UE 73211] UL Throughput = 0.0 Mbps
25582 ms [UE 11372] UL Throughput = 0.0 Mbps
25582 ms [UE 19074] UL Throughput = 0.0 Mbps
25583 ms [UE 2379] UL Throughput = 0.0 Mbps
25583 ms [UE 55955] UL Throughput = 0.0 Mbps
25693 ms [UE 5474] UL Throughput = 0.0 Mbps
25693 ms [UE 11372] UL Throughput = 0.0 Mbps
25693 ms [UE 19074] UL Throughput = 0.0 Mbps
25778 ms [UE 2379] UL Throughput = 0.0 Mbps
25778 ms [UE 19074] UL Throughput = 0.0 Mbps
25778 ms [UE 55955] UL Throughput = 0.0 Mbps
25861 ms [UE 2379] UL Throughput = 0.0 Mbps
25861 ms [UE 55955] UL Throughput = 0.0 Mbps
25988 ms [UE 2379] UL Throughput = 0.21491 Mbps
25988 ms [UE 55955] UL Throughput = 0.0 Mbps
26070 ms [UE 2379] UL Throughput = 0.0 Mbps
26070 ms [UE 55955] UL Throughput = 0.0 Mbps
26164 ms [UE 12586] UL Throughput = 0.0 Mbps
26164 ms [UE 35620] UL Throughput = 0.0 Mbps
26164 ms [UE 73211] UL Throughput = 0.0 Mbps
26264 ms [UE 11372] UL Throughput = 0.27752 Mbps
26264 ms [UE 19074] UL Throughput = 0.0 Mbps
26346 ms [UE 7281] UL Throughput = 0.04211 Mbps
26346 ms [UE 24556] UL Throughput = 0.0 Mbps
26346 ms [UE 53987] UL Throughput = 0.0 Mbps
26346 ms [UE 57717] UL Throughput = 0.0 Mbps
26451 ms [UE 2379] UL Throughput = 0.0 Mbps
26451 ms [UE 55955] UL Throughput = 0.0 Mbps
26540 ms [UE 11372] UL Throughput = 0.0 Mbps
26540 ms [UE 19074] UL Throughput = 0.0 Mbps
26632 ms [UE 33930] UL Throughput = 0.0 Mbps
26632 ms [UE 52644] UL Throughput = 0.0 Mbps
26741 ms [UE 33930] UL Throughput = 0.0 Mbps
26741 ms [UE 52644] UL Throughput = 0.0 Mbps
26887 ms [UE 11372] UL Throughput = 0.0 Mbps
26887 ms [UE 19074] UL Throughput = 0.0 Mbps
26892 ms [UE 24556] UL Throughput = 0.0 Mbps
26892 ms [UE 57717] UL Throughput = 0.0 Mbps
26974 ms [UE 33930] UL Throughput = 0.0 Mbps
26974 ms [UE 52644] UL Throughput = 0.0 Mbps
26978 ms [UE 39999] UL Throughput = 0.0 Mbps
26978 ms [UE 50104] UL Throughput = 0.0 Mbps
26984 ms [UE 11372] UL Throughput = 0.0 Mbps
26984 ms [UE 19074] UL Throughput = 0.0 Mbps
27096 ms [UE 2379] UL Throughput = 0.0 Mbps
27096 ms [UE 55955] UL Throughput = 0.0 Mbps
27194 ms [UE 12586] UL Throughput = 0.0 Mbps
27194 ms [UE 24556] UL Throughput = 0.0 Mbps
27194 ms [UE 41045] UL Throughput = 0.0 Mbps
27194 ms [UE 57717] UL Throughput = 0.0 Mbps
27292 ms [UE 24556] UL Throughput = 0.0 Mbps
27296 ms [UE 5342] UL Throughput = 0.0 Mbps
27296 ms [UE 5474] UL Throughput = 0.0 Mbps
27296 ms [UE 12586] UL Throughput = 0.0 Mbps
27296 ms [UE 41045] UL Throughput = 0.0 Mbps
27388 ms [UE 39999] UL Throughput = 0.0 Mbps
27388 ms [UE 50104] UL Throughput = 0.0 Mbps
27482 ms [UE 39999] UL Throughput = 0.0 Mbps
27482 ms [UE 50104] UL Throughput = 0.0 Mbps
27571 ms [UE 2379] UL Throughput = 0.0 Mbps
27571 ms [UE 33930] UL Throughput = 0.0 Mbps
27571 ms [UE 52644] UL Throughput = 0.0 Mbps
27571 ms [UE 55955] UL Throughput = 0.0 Mbps
27672 ms [UE 30040] UL Throughput = 0.0 Mbps
27672 ms [UE 42234] UL Throughput = 0.0 Mbps
27783 ms [UE 30040] UL Throughput = 0.0 Mbps
27856 ms [UE 2379] UL Throughput = 0.21912 Mbps
27856 ms [UE 35620] UL Throughput = 0.0 Mbps
27856 ms [UE 55955] UL Throughput = 0.20353 Mbps
27856 ms [UE 73211] UL Throughput = 0.0 Mbps
27857 ms [UE 24556] UL Throughput = 0.21423 Mbps
27857 ms [UE 57717] UL Throughput = 0.0 Mbps
27859 ms [UE 2379] UL Throughput = 0.0 Mbps
27859 ms [UE 12586] UL Throughput = 0.0 Mbps
27859 ms [UE 41045] UL Throughput = 0.0 Mbps
27945 ms [UE 39999] UL Throughput = 0.0 Mbps
27945 ms [UE 50104] UL Throughput = 0.0 Mbps
28039 ms [UE 12586] UL Throughput = 0.0 Mbps
28039 ms [UE 30040] UL Throughput = 0.0 Mbps
28039 ms [UE 41045] UL Throughput = 0.0 Mbps
28039 ms [UE 42234] UL Throughput = 0.12409 Mbps
28131 ms [UE 5342] UL Throughput = 0.0 Mbps
28131 ms [UE 5474] UL Throughput = 0.0 Mbps
28137 ms [UE 11372] UL Throughput = 0.0 Mbps
28137 ms [UE 19074] UL Throughput = 0.0 Mbps
28222 ms [UE 30040] UL Throughput = 0.0 Mbps
28222 ms [UE 42234] UL Throughput = 0.0 Mbps
28321 ms [UE 33930] UL Throughput = 0.0 Mbps
28321 ms [UE 52644] UL Throughput = 0.0 Mbps
28435 ms [UE 35620] UL Throughput = 0.0 Mbps
28435 ms [UE 39999] UL Throughput = 0.0 Mbps
28435 ms [UE 50104] UL Throughput = 0.0 Mbps
28435 ms [UE 73211] UL Throughput = 0.0 Mbps
28545 ms [UE 2379] UL Throughput = 0.0 Mbps
28545 ms [UE 11372] UL Throughput = 0.0 Mbps
28545 ms [UE 19074] UL Throughput = 0.0 Mbps
28545 ms [UE 55955] UL Throughput = 0.0 Mbps
28656 ms [UE 35620] UL Throughput = 0.0 Mbps
28656 ms [UE 73211] UL Throughput = 0.0 Mbps
28749 ms [UE 7281] UL Throughput = 0.0 Mbps
28749 ms [UE 53987] UL Throughput = 0.0 Mbps
28854 ms [UE 30040] UL Throughput = 0.0 Mbps
28854 ms [UE 42234] UL Throughput = 0.0 Mbps
28949 ms [UE 12586] UL Throughput = 0.0 Mbps
28949 ms [UE 41045] UL Throughput = 0.0 Mbps
29047 ms [UE 30040] UL Throughput = 0.0 Mbps
29047 ms [UE 42234] UL Throughput = 0.0 Mbps
29158 ms [UE 7281] UL Throughput = 0.0 Mbps
29158 ms [UE 53987] UL Throughput = 0.15113 Mbps
29273 ms [UE 5474] UL Throughput = 0.0 Mbps
29273 ms [UE 11372] UL Throughput = 0.0 Mbps
29381 ms [UE 12586] UL Throughput = 0.0 Mbps
29381 ms [UE 41045] UL Throughput = 0.0 Mbps
29481 ms [UE 12586] UL Throughput = 0.0 Mbps
29481 ms [UE 41045] UL Throughput = 0.0 Mbps
29578 ms [UE 30040] UL Throughput = 0.04942 Mbps
29578 ms [UE 35620] UL Throughput = 0.0 Mbps
29578 ms [UE 42234] UL Throughput = 0.0 Mbps
29578 ms [UE 73211] UL Throughput = 0.11925 Mbps
29695 ms [UE 42234] UL Throughput = 0.0 Mbps
29782 ms [UE 7281] UL Throughput = 0.0 Mbps
29782 ms [UE 24556] UL Throughput = 0.0 Mbps
29782 ms [UE 53987] UL Throughput = 0.0 Mbps
29782 ms [UE 57717] UL Throughput = 0.21309 Mbps
29860 ms [UE 11372] UL Throughput = 0.0 Mbps
29860 ms [UE 19074] UL Throughput = 0.0 Mbps
29860 ms [UE 57717] UL Throughput = 0.0 Mbps
29866 ms [UE 7281] UL Throughput = 0.0 Mbps
29866 ms [UE 53987] UL Throughput = 0.0 Mbps
29958 ms [UE 24556] UL Throughput = 0.0 Mbps
29958 ms [UE 57717] UL Throughput = 0.0 Mbps
30053 ms [UE 35620] UL Throughput = 0.0 Mbps
30053 ms [UE 73211] UL Throughput = 0.17885 Mbps
30158 ms [UE 2379] UL Throughput = 0.0 Mbps
30158 ms [UE 39999] UL Throughput = 0.0 Mbps
30158 ms [UE 50104] UL Throughput = 0.0 Mbps
30158 ms [UE 55955] UL Throughput = 0.0 Mbps
30243 ms [UE 5342] UL Throughput = 0.0 Mbps
30356 ms [UE 7281] UL Throughput = 0.0 Mbps
30356 ms [UE 39999] UL Throughput = 0.0 Mbps
30356 ms [UE 50104] UL Throughput = 0.0 Mbps
30356 ms [UE 53987] UL Throughput = 0.0 Mbps
30456 ms [UE 39999] UL Throughput = 0.06975 Mbps
30456 ms [UE 50104] UL Throughput = 0.0 Mbps
30460 ms [UE 30040] UL Throughput = 0.0 Mbps
30460 ms [UE 42234] UL Throughput = 0.0 Mbps
30570 ms [UE 12586] UL Throughput = 0.0 Mbps
30570 ms [UE 41045] UL Throughput = 0.0 Mbps
30679 ms [UE 35620] UL Throughput = 0.02425 Mbps
30679 ms [UE 55955] UL Throughput = 0.0 Mbps
30679 ms [UE 73211] UL Throughput = 0.0 Mbps
30753 ms [UE 35620] UL Throughput = 0.0 Mbps
30753 ms [UE 73211] UL Throughput = 0.19404 Mbps
30756 ms [UE 24556] UL Throughput = 0.02166 Mbps
30756 ms [UE 33930] UL Throughput = 0.0 Mbps
30756 ms [UE 52644] UL Throughput = 0.0 Mbps
30876 ms [UE 5342] UL Throughput = 0.0 Mbps
30876 ms [UE 5474] UL Throughput = 0.20785 Mbps
30968 ms [UE 12586] UL Throughput = 0.0 Mbps
30968 ms [UE 41045] UL Throughput = 0.0 Mbps
31072 ms [UE 2379] UL Throughput = 0.0 Mbps
31072 ms [UE 41045] UL Throughput = 0.0 Mbps
31072 ms [UE 55955] UL Throughput = 0.07959 Mbps
31075 ms [UE 39999] UL Throughput = 0.0184 Mbps
31075 ms [UE 50104] UL Throughput = 0.0 Mbps
31173 ms [UE 11372] UL Throughput = 0.0 Mbps
31173 ms [UE 19074] UL Throughput = 0.16081 Mbps
31268 ms [UE 12586] UL Throughput = 0.0 Mbps
31268 ms [UE 41045] UL Throughput = 0.0 Mbps
31347 ms [UE 5342] UL Throughput = 0.23365 Mbps
31347 ms [UE 5474] UL Throughput = 0.0 Mbps
31353 ms [UE 5342] UL Throughput = 0.0 Mbps
31353 ms [UE 5474] UL Throughput = 0.0 Mbps
31439 ms [UE 5342] UL Throughput = 0.0 Mbps
31439 ms [UE 5474] UL Throughput = 0.0 Mbps
31442 ms [UE 24556] UL Throughput = 0.0 Mbps
31442 ms [UE 57717] UL Throughput = 0.0 Mbps
31544 ms [UE 11372] UL Throughput = 0.0 Mbps
31544 ms [UE 19074] UL Throughput = 0.0 Mbps
31647 ms [UE 35620] UL Throughput = 0.0 Mbps
31647 ms [UE 73211] UL Throughput = 0.0 Mbps
31649 ms [UE 12586] UL Throughput = 0.0 Mbps
31649 ms [UE 41045] UL Throughput = 0.15436 Mbps
31737 ms [UE 12586] UL Throughput = 0.0 Mbps
31737 ms [UE 41045] UL Throughput = 0.0 Mbps
31842 ms [UE 30040] UL Throughput = 0.0 Mbps
31842 ms [UE 42234] UL Throughput = 0.0 Mbps
31964 ms [UE 24556] UL Throughput = 0.0 Mbps
31964 ms [UE 35620] UL Throughput = 0.0 Mbps
31964 ms [UE 57717] UL Throughput = 0.0 Mbps
31964 ms [UE 73211] UL Throughput = 0.0 Mbps
31968 ms [UE 50104] UL Throughput = 0.0 Mbps
32091 ms [UE 33930] UL Throughput = 0.0 Mbps
32097 ms [UE 12586] UL Throughput = 0.0 Mbps
32097 ms [UE 41045] UL Throughput = 0.0 Mbps
32188 ms [UE 35620] UL Throughput = 0.0 Mbps
32188 ms [UE 39999] UL Throughput = 0.0 Mbps
32188 ms [UE 73211] UL Throughput = 0.0 Mbps
32280 ms [UE 11372] UL Throughput = 0.0 Mbps
32280 ms [UE 19074] UL Throughput = 0.0 Mbps
32280 ms [UE 33930] UL Throughput = 0.22657 Mbps
32280 ms [UE 52644] UL Throughput = 0.0 Mbps
32392 ms [UE 12586] UL Throughput = 0.0 Mbps
32392 ms [UE 41045] UL Throughput = 0.0 Mbps
32509 ms [UE 30040] UL Throughput = 0.0 Mbps
32509 ms [UE 39999] UL Throughput = 0.0 Mbps
32509 ms [UE 42234] UL Throughput = 0.0 Mbps
32631 ms [UE 24556] UL Throughput = 0.0 Mbps
32631 ms [UE 57717] UL Throughput = 0.0 Mbps
32637 ms [UE 24556] UL Throughput = 0.0 Mbps
32637 ms [UE 35620] UL Throughput = 0.0 Mbps
32637 ms [UE 73211] UL Throughput = 0.21213 Mbps
32738 ms [UE 12586] UL Throughput = 0.0 Mbps
32738 ms [UE 41045] UL Throughput = 0.0 Mbps
32826 ms [UE 5342] UL Throughput = 0.0 Mbps
32963 ms [UE 33930] UL Throughput = 0.0 Mbps
32963 ms [UE 35620] UL Throughput = 0.0 Mbps
32963 ms [UE 52644] UL Throughput = 0.0 Mbps
32963 ms [UE 73211] UL Throughput = 0.0 Mbps
32968 ms [UE 2379] UL Throughput = 0.0 Mbps
32968 ms [UE 33930] UL Throughput = 0.0 Mbps
32968 ms [UE 52644] UL Throughput = 0.0 Mbps
32968 ms [UE 55955] UL Throughput = 0.0 Mbps
33050 ms [UE 12586] UL Throughput = 0.0 Mbps
33146 ms [UE 42234] UL Throughput = 0.16252 Mbps
33239 ms [UE 39999] UL Throughput = 0.19963 Mbps
33239 ms [UE 50104] UL Throughput = 0.0 Mbps
33345 ms [UE 30040] UL Throughput = 0.0 Mbps
33345 ms [UE 42234] UL Throughput = 0.17197 Mbps
33454 ms [UE 39999] UL Throughput = 0.01297 Mbps
33454 ms [UE 50104] UL Throughput = 0.0 Mbps
33458 ms [UE 33930] UL Throughput = 0.0 Mbps
33458 ms [UE 52644] UL Throughput = 0.0 Mbps
33458 ms [UE 57717] UL Throughput = 0.0 Mbps
33589 ms [UE 35620] UL Throughput = 0.0 Mbps
33589 ms [UE 39999] UL Throughput = 0.0 Mbps
33589 ms [UE 50104] UL Throughput = 0.0 Mbps
33589 ms [UE 73211] UL Throughput = 0.0 Mbps
33658 ms [UE 33930] UL Throughput = 0.0 Mbps
33658 ms [UE 52644] UL Throughput = 0.0 Mbps
33752 ms [UE 11372] UL Throughput = 0.0 Mbps
33752 ms [UE 19074] UL Throughput = 0.0 Mbps
33855 ms [UE 11372] UL Throughput = 0.0 Mbps
33855 ms [UE 19074] UL Throughput = 0.20492 Mbps
33956 ms [UE 12586] UL Throughput = 0.0 Mbps
33956 ms [UE 41045] UL Throughput = 0.0 Mbps
34046 ms [UE 30040] UL Throughput = 0.0 Mbps
34046 ms [UE 42234] UL Throughput = 0.0 Mbps
34135 ms [UE 5474] UL Throughput = 0.0 Mbps
34231 ms [UE 2379] UL Throughput = 0.0 Mbps
34231 ms [UE 55955] UL Throughput = 0.0 Mbps
34330 ms [UE 52644] UL Throughput = 0.0 Mbps
34418 ms [UE 35620] UL Throughput = 0.0 Mbps
34418 ms [UE 73211] UL Throughput = 0.0 Mbps
34523 ms [UE 11372] UL Throughput = 0.0 Mbps
34523 ms [UE 19074] UL Throughput = 0.0 Mbps
34621 ms [UE 57717] UL Throughput = 0.0 Mbps
34719 ms [UE 11372] UL Throughput = 0.0 Mbps
34719 ms [UE 12586] UL Throughput = 0.0 Mbps
34719 ms [UE 19074] UL Throughput = 0.15316 Mbps
34719 ms [UE 41045] UL Throughput = 0.0 Mbps
34724 ms [UE 5342] UL Throughput = 0.0 Mbps
34802 ms [UE 35620] UL Throughput = 0.0 Mbps
34805 ms [UE 11372] UL Throughput = 0.0 Mbps
34805 ms [UE 19074] UL Throughput = 0.0 Mbps
34900 ms [UE 5342] UL Throughput = 0.0 Mbps
34900 ms [UE 5474] UL Throughput = 0.0 Mbps
34903 ms [UE 30040] UL Throughput = 0.0 Mbps
34903 ms [UE 42234] UL Throughput = 0.0 Mbps
35002 ms [UE 5342] UL Throughput = 0.0 Mbps
35002 ms [UE 5474] UL Throughput = 0.0 Mbps
35132 ms [UE 11372] UL Throughput = 0.22695 Mbps
35132 ms [UE 19074] UL Throughput = 0.0 Mbps
35240 ms [UE 2379] UL Throughput = 0.0 Mbps
35240 ms [UE 5342] UL Throughput = 0.0 Mbps
35240 ms [UE 5474] UL Throughput = 0.0 Mbps
35240 ms [UE 55955] UL Throughput = 0.0 Mbps
35329 ms [UE 39999] UL Throughput = 0.02461 Mbps
35329 ms [UE 50104] UL Throughput = 0.0 Mbps
35460 ms [UE 5342] UL Throughput = 0.0 Mbps
35568 ms [UE 11372] UL Throughput = 0.0 Mbps
35568 ms [UE 19074] UL Throughput = 0.0 Mbps
35568 ms [UE 24556] UL Throughput = 0.0 Mbps
35568 ms [UE 57717] UL Throughput = 0.0 Mbps
35675 ms [UE 33930] UL Throughput = 0.0 Mbps
35675 ms [UE 52644] UL Throughput = 0.0 Mbps
35764 ms [UE 2379] UL Throughput = 0.0 Mbps
35764 ms [UE 55955] UL Throughput = 0.0 Mbps
35768 ms [UE 5474] UL Throughput = 0.0 Mbps
35768 ms [UE 33930] UL Throughput = 0.0 Mbps
35768 ms [UE 52644] UL Throughput = 0.0 Mbps
35857 ms [UE 19074] UL Throughput = 0.0 Mbps
35966 ms [UE 12586] UL Throughput = 0.1577 Mbps
35966 ms [UE 41045] UL Throughput = 0.18937 Mbps
36067 ms [UE 35620] UL Throughput = 0.12518 Mbps
36067 ms [UE 73211] UL Throughput = 0.0 Mbps
36182 ms [UE 50104] UL Throughput = 0.0 Mbps
36183 ms [UE 7281] UL Throughput = 0.0 Mbps
36183 ms [UE 53987] UL Throughput = 0.0 Mbps
36189 ms [UE 7281] UL Throughput = 0.15039 Mbps
36189 ms [UE 53987] UL Throughput = 0.0 Mbps
36277 ms [UE 39999] UL Throughput = 0.11193 Mbps
36277 ms [UE 50104] UL Throughput = 0.0 Mbps
36346 ms [UE 33930] UL Throughput = 0.0 Mbps
36346 ms [UE 52644] UL Throughput = 0.2185 Mbps
36444 ms [UE 5342] UL Throughput = 0.0 Mbps
36444 ms [UE 5474] UL Throughput = 0.0 Mbps
36547 ms [UE 2379] UL Throughput = 0.0 Mbps
36547 ms [UE 55955] UL Throughput = 0.0 Mbps
36623 ms [UE 2379] UL Throughput = 0.0 Mbps
36623 ms [UE 30040] UL Throughput = 0.18659 Mbps
36623 ms [UE 42234] UL Throughput = 0.18605 Mbps
36623 ms [UE 55955] UL Throughput = 0.0 Mbps
36716 ms [UE 42234] UL Throughput = 0.0 Mbps
36836 ms [UE 5342] UL Throughput = 0.0 Mbps
36836 ms [UE 5474] UL Throughput = 0.0 Mbps
36836 ms [UE 12586] UL Throughput = 0.07189 Mbps
36836 ms [UE 41045] UL Throughput = 0.0 Mbps
36932 ms [UE 30040] UL Throughput = 0.0 Mbps
36932 ms [UE 41045] UL Throughput = 0.0 Mbps
36932 ms [UE 42234] UL Throughput = 0.0 Mbps
36933 ms [UE 33930] UL Throughput = 0.0 Mbps
36933 ms [UE 52644] UL Throughput = 0.0 Mbps
37039 ms [UE 5342] UL Throughput = 0.0 Mbps
37039 ms [UE 5474] UL Throughput = 0.0 Mbps
37135 ms [UE 35620] UL Throughput = 0.0 Mbps
37135 ms [UE 73211] UL Throughput = 0.0 Mbps
37136 ms [UE 2379] UL Throughput = 0.0 Mbps
37136 ms [UE 55955] UL Throughput = 0.0 Mbps
37249 ms [UE 30040] UL Throughput = 0.0 Mbps
37249 ms [UE 42234] UL Throughput = 0.0 Mbps
37372 ms [UE 35620] UL Throughput = 0.0 Mbps
37372 ms [UE 42234] UL Throughput = 0.0 Mbps
37372 ms [UE 73211] UL Throughput = 0.0 Mbps
37469 ms [UE 73211] UL Throughput = 0.0 Mbps
37571 ms [UE 5474] UL Throughput = 0.0 Mbps
37571 ms [UE 11372] UL Throughput = 0.0 Mbps
37571 ms [UE 19074] UL Throughput = 0.0 Mbps
37689 ms [UE 35620] UL Throughput = 0.0 Mbps
37689 ms [UE 73211] UL Throughput = 0.0 Mbps
37764 ms [UE 30040] UL Throughput = 0.0 Mbps
37764 ms [UE 35620] UL Throughput = 0.0 Mbps
37764 ms [UE 42234] UL Throughput = 0.0 Mbps
37767 ms [UE 11372] UL Throughput = 0.0 Mbps
37767 ms [UE 12586] UL Throughput = 0.0 Mbps
37767 ms [UE 19074] UL Throughput = 0.0 Mbps
37767 ms [UE 41045] UL Throughput = 0.0 Mbps
37860 ms [UE 12586] UL Throughput = 0.2418 Mbps
37860 ms [UE 41045] UL Throughput = 0.0 Mbps
37932 ms [UE 7281] UL Throughput = 0.0 Mbps
37932 ms [UE 53987] UL Throughput = 0.0 Mbps
37935 ms [UE 5342] UL Throughput = 0.0 Mbps
38051 ms [UE 2379] UL Throughput = 0.0 Mbps
38051 ms [UE 55955] UL Throughput = 0.0319 Mbps
38162 ms [UE 5342] UL Throughput = 0.0 Mbps
38162 ms [UE 5474] UL Throughput = 0.0 Mbps
38162 ms [UE 7281] UL Throughput = 0.29839 Mbps
38162 ms [UE 53987] UL Throughput = 0.0 Mbps
38240 ms [UE 5342] UL Throughput = 0.0 Mbps
38240 ms [UE 5474] UL Throughput = 0.0 Mbps
38240 ms [UE 55955] UL Throughput = 0.0 Mbps
38246 ms [UE 24556] UL Throughput = 0.0 Mbps
38246 ms [UE 57717] UL Throughput = 0.0 Mbps
38374 ms [UE 12586] UL Throughput = 0.0 Mbps
38492 ms [UE 7281] UL Throughput = 0.0 Mbps
38492 ms [UE 35620] UL Throughput = 0.0 Mbps
38492 ms [UE 53987] UL Throughput = 0.16192 Mbps
38492 ms [UE 73211] UL Throughput = 0.0 Mbps
38586 ms [UE 7281] UL Throughput = 0.0 Mbps
38586 ms [UE 53987] UL Throughput = 0.07351 Mbps
38658 ms [UE 12586] UL Throughput = 0.0 Mbps
38658 ms [UE 33930] UL Throughput = 0.0 Mbps
38658 ms [UE 41045] UL Throughput = 0.0 Mbps
38658 ms [UE 52644] UL Throughput = 0.1383 Mbps
38740 ms [UE 12586] UL Throughput = 0.0 Mbps
38740 ms [UE 41045] UL Throughput = 0.21089 Mbps
38836 ms [UE 11372] UL Throughput = 0.0 Mbps
38836 ms [UE 19074] UL Throughput = 0.0 Mbps
38946 ms [UE 11372] UL Throughput = 0.0 Mbps
38946 ms [UE 19074] UL Throughput = 0.0 Mbps
38946 ms [UE 24556] UL Throughput = 0.0 Mbps
38946 ms [UE 57717] UL Throughput = 0.0 Mbps
39048 ms [UE 35620] UL Throughput = 0.0 Mbps
39048 ms [UE 73211] UL Throughput = 0.0 Mbps
39155 ms [UE 33930] UL Throughput = 0.0 Mbps
39155 ms [UE 52644] UL Throughput = 0.0 Mbps
39232 ms [UE 57717] UL Throughput = 0.01657 Mbps
39339 ms [UE 35620] UL Throughput = 0.0 Mbps
39339 ms [UE 39999] UL Throughput = 0.0 Mbps
39339 ms [UE 50104] UL Throughput = 0.0 Mbps
39339 ms [UE 73211] UL Throughput = 0.0 Mbps
39464 ms [UE 11372] UL Throughput = 0.0 Mbps
39464 ms [UE 19074] UL Throughput = 0.0 Mbps
39465 ms [UE 35620] UL Throughput = 0.22259 Mbps
39553 ms [UE 33930] UL Throughput = 0.0 Mbps
39553 ms [UE 52644] UL Throughput = 0.0 Mbps
39555 ms [UE 33930] UL Throughput = 0.0 Mbps
39555 ms [UE 52644] UL Throughput = 0.0 Mbps
39633 ms [UE 24556] UL Throughput = 0.0 Mbps
39633 ms [UE 33930] UL Throughput = 0.0 Mbps
39633 ms [UE 52644] UL Throughput = 0.0 Mbps
39633 ms [UE 57717] UL Throughput = 0.0 Mbps
39701 ms [UE 5342] UL Throughput = 0.0 Mbps
39701 ms [UE 5474] UL Throughput = 0.0 Mbps
39701 ms [UE 7281] UL Throughput = 0.21197 Mbps
39701 ms [UE 53987] UL Throughput = 0.0 Mbps
39796 ms [UE 11372] UL Throughput = 0.0 Mbps
39796 ms [UE 19074] UL Throughput = 0.0 Mbps
39907 ms [UE 33930] UL Throughput = 0.0 Mbps
39907 ms [UE 52644] UL Throughput = 0.0 Mbps
40002 ms [UE 2379] UL Throughput = 0.10724 Mbps
40002 ms [UE 55955] UL Throughput = 0.05328 Mbps
40109 ms [UE 30040] UL Throughput = 0.0 Mbps
40109 ms [UE 42234] UL Throughput = 0.0 Mbps
40207 ms [UE 30040] UL Throughput = 0.0 Mbps
40207 ms [UE 42234] UL Throughput = 0.0 Mbps
40211 ms [UE 5474] UL Throughput = 0.0 Mbps
40214 ms [UE 7281] UL Throughput = 0.0 Mbps
40214 ms [UE 39999] UL Throughput = 0.0 Mbps
40214 ms [UE 50104] UL Throughput = 0.05941 Mbps
40214 ms [UE 53987] UL Throughput = 0.22587 Mbps
40215 ms [UE 11372] UL Throughput = 0.0 Mbps
40215 ms [UE 19074] UL Throughput = 0.0 Mbps
40218 ms [UE 24556] UL Throughput = 0.0 Mbps
40218 ms [UE 57717] UL Throughput = 0.0315 Mbps
40334 ms [UE 30040] UL Throughput = 0.0 Mbps
40334 ms [UE 33930] UL Throughput = 0.0 Mbps
40334 ms [UE 42234] UL Throughput = 0.0 Mbps
40336 ms [UE 5342] UL Throughput = 0.12463 Mbps
40336 ms [UE 5474] UL Throughput = 0.0 Mbps
40424 ms [UE 12586] UL Throughput = 0.02448 Mbps
40424 ms [UE 30040] UL Throughput = 0.0 Mbps
40424 ms [UE 42234] UL Throughput = 0.0 Mbps
40538 ms [UE 39999] UL Throughput = 0.0 Mbps
40538 ms [UE 50104] UL Throughput = 0.0 Mbps
40543 ms [UE 7281] UL Throughput = 0.0 Mbps
40543 ms [UE 53987] UL Throughput = 0.0 Mbps
40549 ms [UE 24556] UL Throughput = 0.0 Mbps
40549 ms [UE 57717] UL Throughput = 0.0 Mbps
40668 ms [UE 12586] UL Throughput = 0.0 Mbps
40668 ms [UE 33930] UL Throughput = 0.0 Mbps
40668 ms [UE 41045] UL Throughput = 0.0 Mbps
40668 ms [UE 52644] UL Throughput = 0.0 Mbps
40786 ms [UE 7281] UL Throughput = 0.0 Mbps
40786 ms [UE 53987] UL Throughput = 0.0 Mbps
40886 ms [UE 11372] UL Throughput = 0.0 Mbps
40886 ms [UE 19074] UL Throughput = 0.0 Mbps
40890 ms [UE 50104] UL Throughput = 0.08883 Mbps
41008 ms [UE 24556] UL Throughput = 0.0 Mbps
41008 ms [UE 35620] UL Throughput = 0.0 Mbps
41008 ms [UE 57717] UL Throughput = 0.13048 Mbps
41008 ms [UE 73211] UL Throughput = 0.0 Mbps
41111 ms [UE 30040] UL Throughput = 0.0 Mbps
41111 ms [UE 42234] UL Throughput = 0.0 Mbps
41115 ms [UE 11372] UL Throughput = 0.0 Mbps
41115 ms [UE 19074] UL Throughput = 0.0 Mbps
41211 ms [UE 11372] UL Throughput = 0.0 Mbps
41211 ms [UE 19074] UL Throughput = 0.0 Mbps
41305 ms [UE 5342] UL Throughput = 0.0 Mbps
41305 ms [UE 5474] UL Throughput = 0.0 Mbps
41391 ms [UE 5342] UL Throughput = 0.0 Mbps
41391 ms [UE 5474] UL Throughput = 0.0 Mbps
41490 ms [UE 33930] UL Throughput = 0.0 Mbps
41490 ms [UE 52644] UL Throughput = 0.0 Mbps
41612 ms [UE 12586] UL Throughput = 0.0 Mbps
41612 ms [UE 41045] UL Throughput = 0.0 Mbps
41691 ms [UE 12586] UL Throughput = 0.0 Mbps
41691 ms [UE 41045] UL Throughput = 0.14895 Mbps
41692 ms [UE 33930] UL Throughput = 0.0 Mbps
41692 ms [UE 52644] UL Throughput = 0.0 Mbps
41755 ms [UE 39999] UL Throughput = 0.0 Mbps
41755 ms [UE 50104] UL Throughput = 0.08545 Mbps
41873 ms [UE 5342] UL Throughput = 0.0 Mbps
41873 ms [UE 5474] UL Throughput = 0.0 Mbps
41965 ms [UE 5342] UL Throughput = 0.0 Mbps
41965 ms [UE 5474] UL Throughput = 0.0 Mbps
42080 ms [UE 33930] UL Throughput = 0.0 Mbps
42080 ms [UE 52644] UL Throughput = 0.0 Mbps
42171 ms [UE 2379] UL Throughput = 0.10723 Mbps
42171 ms [UE 55955] UL Throughput = 0.06292 Mbps
42241 ms [UE 7281] UL Throughput = 0.0 Mbps
42241 ms [UE 53987] UL Throughput = 0.0 Mbps
42335 ms [UE 7281] UL Throughput = 0.0 Mbps
42335 ms [UE 53987] UL Throughput = 0.0 Mbps
42441 ms [UE 7281] UL Throughput = 0.0 Mbps
42441 ms [UE 53987] UL Throughput = 0.0 Mbps
42442 ms [UE 5474] UL Throughput = 0.0 Mbps
42511 ms [UE 11372] UL Throughput = 0.0 Mbps
42511 ms [UE 19074] UL Throughput = 0.0 Mbps
42511 ms [UE 39999] UL Throughput = 0.0 Mbps
42511 ms [UE 50104] UL Throughput = 0.0 Mbps
42607 ms [UE 12586] UL Throughput = 0.0 Mbps
42607 ms [UE 41045] UL Throughput = 0.0 Mbps
42721 ms [UE 5342] UL Throughput = 0.0 Mbps
42721 ms [UE 5474] UL Throughput = 0.0 Mbps
42826 ms [UE 50104] UL Throughput = 0.0 Mbps
42907 ms [UE 5342] UL Throughput = 0.0 Mbps
43011 ms [UE 2379] UL Throughput = 0.0 Mbps
43011 ms [UE 55955] UL Throughput = 0.0 Mbps
43115 ms [UE 24556] UL Throughput = 0.06956 Mbps
43115 ms [UE 57717] UL Throughput = 0.0 Mbps
43120 ms [UE 12586] UL Throughput = 0.0 Mbps
43120 ms [UE 41045] UL Throughput = 0.0 Mbps
43236 ms [UE 7281] UL Throughput = 0.0 Mbps
43236 ms [UE 11372] UL Throughput = 0.02363 Mbps
43236 ms [UE 19074] UL Throughput = 0.0 Mbps
43236 ms [UE 53987] UL Throughput = 0.0 Mbps
43239 ms [UE 11372] UL Throughput = 0.0 Mbps
43239 ms [UE 19074] UL Throughput = 0.0 Mbps
43327 ms [UE 2379] UL Throughput = 0.0 Mbps
43327 ms [UE 55955] UL Throughput = 0.0 Mbps
43409 ms [UE 24556] UL Throughput = 0.0 Mbps
43409 ms [UE 57717] UL Throughput = 0.0 Mbps
43494 ms [UE 7281] UL Throughput = 0.06349 Mbps
43494 ms [UE 30040] UL Throughput = 0.0 Mbps
43494 ms [UE 42234] UL Throughput = 0.0 Mbps
43494 ms [UE 53987] UL Throughput = 0.0 Mbps
43604 ms [UE 24556] UL Throughput = 0.0 Mbps
43604 ms [UE 57717] UL Throughput = 0.13235 Mbps
43725 ms [UE 39999] UL Throughput = 0.0 Mbps
43725 ms [UE 50104] UL Throughput = 0.0 Mbps
43845 ms [UE 39999] UL Throughput = 0.0 Mbps
43845 ms [UE 50104] UL Throughput = 0.0 Mbps
43959 ms [UE 2379] UL Throughput = 0.0 Mbps
44050 ms [UE 53987] UL Throughput = 0.0 Mbps
44054 ms [UE 5342] UL Throughput = 0.0 Mbps
44054 ms [UE 5474] UL Throughput = 0.0 Mbps
44161 ms [UE 2379] UL Throughput = 0.0 Mbps
44161 ms [UE 33930] UL Throughput = 0.0 Mbps
44161 ms [UE 52644] UL Throughput = 0.0 Mbps
44161 ms [UE 55955] UL Throughput = 0.0 Mbps
44267 ms [UE 39999] UL Throughput = 0.1898 Mbps
44267 ms [UE 50104] UL Throughput = 0.0 Mbps
44337 ms [UE 35620] UL Throughput = 0.0 Mbps
44337 ms [UE 73211] UL Throughput = 0.0 Mbps
44418 ms [UE 24556] UL Throughput = 0.0 Mbps
44418 ms [UE 57717] UL Throughput = 0.0 Mbps
44505 ms [UE 11372] UL Throughput = 0.0 Mbps
44505 ms [UE 19074] UL Throughput = 0.0 Mbps
44505 ms [UE 33930] UL Throughput = 0.0 Mbps
44505 ms [UE 52644] UL Throughput = 0.0 Mbps
44620 ms [UE 30040] UL Throughput = 0.0 Mbps
44620 ms [UE 42234] UL Throughput = 0.0 Mbps
44729 ms [UE 24556] UL Throughput = 0.0 Mbps
44729 ms [UE 57717] UL Throughput = 0.0 Mbps
44812 ms [UE 24556] UL Throughput = 0.0 Mbps
44910 ms [UE 35620] UL Throughput = 0.07494 Mbps
44910 ms [UE 73211] UL Throughput = 0.0 Mbps
44986 ms [UE 42234] UL Throughput = 0.1841 Mbps
45076 ms [UE 33930] UL Throughput = 0.0 Mbps
45076 ms [UE 52644] UL Throughput = 0.0 Mbps
45179 ms [UE 30040] UL Throughput = 0.0 Mbps
45179 ms [UE 42234] UL Throughput = 0.0 Mbps
45270 ms [UE 30040] UL Throughput = 0.0 Mbps
45270 ms [UE 42234] UL Throughput = 0.0 Mbps
45276 ms [UE 12586] UL Throughput = 0.0 Mbps
45276 ms [UE 41045] UL Throughput = 0.0 Mbps
45333 ms [UE 30040] UL Throughput = 0.0 Mbps
45333 ms [UE 42234] UL Throughput = 0.0 Mbps
45446 ms [UE 33930] UL Throughput = 0.0 Mbps
45446 ms [UE 52644] UL Throughput = 0.0 Mbps
45450 ms [UE 30040] UL Throughput = 0.0 Mbps
45450 ms [UE 42234] UL Throughput = 0.0 Mbps
45551 ms [UE 5342] UL Throughput = 0.0 Mbps
45551 ms [UE 5474] UL Throughput = 0.0 Mbps
45554 ms [UE 7281] UL Throughput = 0.0 Mbps
45554 ms [UE 53987] UL Throughput = 0.0 Mbps
45659 ms [UE 30040] UL Throughput = 0.0 Mbps
45659 ms [UE 42234] UL Throughput = 0.0 Mbps
45662 ms [UE 7281] UL Throughput = 0.0 Mbps
45662 ms [UE 53987] UL Throughput = 0.0 Mbps
45753 ms [UE 7281] UL Throughput = 0.0 Mbps
45753 ms [UE 53987] UL Throughput = 0.0 Mbps
45865 ms [UE 39999] UL Throughput = 0.0 Mbps
45865 ms [UE 50104] UL Throughput = 0.14246 Mbps
45992 ms [UE 11372] UL Throughput = 0.0 Mbps
45992 ms [UE 19074] UL Throughput = 0.0 Mbps
46108 ms [UE 30040] UL Throughput = 0.0 Mbps
46108 ms [UE 42234] UL Throughput = 0.0 Mbps
46108 ms [UE 53987] UL Throughput = 0.07139 Mbps
46203 ms [UE 39999] UL Throughput = 0.0 Mbps
46203 ms [UE 50104] UL Throughput = 0.0 Mbps
46273 ms [UE 12586] UL Throughput = 0.0 Mbps
46273 ms [UE 41045] UL Throughput = 0.0 Mbps
46361 ms [UE 7281] UL Throughput = 0.0 Mbps
46361 ms [UE 53987] UL Throughput = 0.0 Mbps
46459 ms [UE 30040] UL Throughput = 0.0 Mbps
46459 ms [UE 42234] UL Throughput = 0.0 Mbps
46465 ms [UE 33930] UL Throughput = 0.0 Mbps
46465 ms [UE 52644] UL Throughput = 0.0 Mbps
46572 ms [UE 39999] UL Throughput = 0.0 Mbps
46572 ms [UE 50104] UL Throughput = 0.0 Mbps
46692 ms [UE 39999] UL Throughput = 0.0 Mbps
46692 ms [UE 50104] UL Throughput = 0.0 Mbps
46808 ms [UE 35620] UL Throughput = 0.0 Mbps
46894 ms [UE 7281] UL Throughput = 0.0 Mbps
46894 ms [UE 53987] UL Throughput = 0.0 Mbps
46983 ms [UE 24556] UL Throughput = 0.0 Mbps
46983 ms [UE 57717] UL Throughput = 0.0 Mbps
46985 ms [UE 5342] UL Throughput = 0.0 Mbps
46985 ms [UE 5474] UL Throughput = 0.0 Mbps
46987 ms [UE 24556] UL Throughput = 0.0 Mbps
46987 ms [UE 39999] UL Throughput = 0.0 Mbps
46987 ms [UE 57717] UL Throughput = 0.0 Mbps
47105 ms [UE 12586] UL Throughput = 0.0 Mbps
47105 ms [UE 30040] UL Throughput = 0.0 Mbps
47105 ms [UE 41045] UL Throughput = 0.0 Mbps
47105 ms [UE 42234] UL Throughput = 0.0 Mbps
47219 ms [UE 5342] UL Throughput = 0.0 Mbps
47330 ms [UE 11372] UL Throughput = 0.0779 Mbps
47330 ms [UE 19074] UL Throughput = 0.18889 Mbps
47330 ms [UE 33930] UL Throughput = 0.0 Mbps
47330 ms [UE 52644] UL Throughput = 0.0 Mbps
47422 ms [UE 2379] UL Throughput = 0.0 Mbps
47422 ms [UE 55955] UL Throughput = 0.0 Mbps
47536 ms [UE 5342] UL Throughput = 0.0 Mbps
47536 ms [UE 5474] UL Throughput = 0.0 Mbps
47645 ms [UE 5342] UL Throughput = 0.197 Mbps
47645 ms [UE 11372] UL Throughput = 0.0 Mbps
47645 ms [UE 19074] UL Throughput = 0.0 Mbps
47753 ms [UE 24556] UL Throughput = 0.0 Mbps
47753 ms [UE 57717] UL Throughput = 0.0 Mbps
47874 ms [UE 52644] UL Throughput = 0.0 Mbps
47975 ms [UE 30040] UL Throughput = 0.0 Mbps
47975 ms [UE 42234] UL Throughput = 0.0 Mbps
47980 ms [UE 39999] UL Throughput = 0.0 Mbps
47980 ms [UE 50104] UL Throughput = 0.06625 Mbps
48051 ms [UE 33930] UL Throughput = 0.0 Mbps
48051 ms [UE 52644] UL Throughput = 0.0 Mbps
48157 ms [UE 7281] UL Throughput = 0.0 Mbps
48157 ms [UE 53987] UL Throughput = 0.0 Mbps
48241 ms [UE 7281] UL Throughput = 0.0 Mbps
48241 ms [UE 53987] UL Throughput = 0.0 Mbps
48331 ms [UE 11372] UL Throughput = 0.0 Mbps
48331 ms [UE 19074] UL Throughput = 0.0 Mbps
48331 ms [UE 33930] UL Throughput = 0.0 Mbps
48331 ms [UE 52644] UL Throughput = 0.0 Mbps
48333 ms [UE 5342] UL Throughput = 0.0 Mbps
48333 ms [UE 5474] UL Throughput = 0.0 Mbps
48425 ms [UE 24556] UL Throughput = 0.0 Mbps
48425 ms [UE 57717] UL Throughput = 0.0 Mbps
48529 ms [UE 7281] UL Throughput = 0.22413 Mbps
48531 ms [UE 2379] UL Throughput = 0.0 Mbps
48531 ms [UE 55955] UL Throughput = 0.0 Mbps
48637 ms [UE 73211] UL Throughput = 0.0 Mbps
48728 ms [UE 5342] UL Throughput = 0.0 Mbps
48728 ms [UE 5474] UL Throughput = 0.0 Mbps
48733 ms [UE 2379] UL Throughput = 0.14792 Mbps
48826 ms [UE 30040] UL Throughput = 0.0 Mbps
48826 ms [UE 42234] UL Throughput = 0.0 Mbps
48923 ms [UE 5342] UL Throughput = 0.0 Mbps
48923 ms [UE 5474] UL Throughput = 0.0 Mbps
49018 ms [UE 2379] UL Throughput = 0.0 Mbps
49142 ms [UE 57717] UL Throughput = 0.0 Mbps
49145 ms [UE 35620] UL Throughput = 0.0 Mbps
49145 ms [UE 73211] UL Throughput = 0.0 Mbps
49234 ms [UE 35620] UL Throughput = 0.0 Mbps
49234 ms [UE 73211] UL Throughput = 0.0 Mbps
49356 ms [UE 5474] UL Throughput = 0.0 Mbps
49356 ms [UE 24556] UL Throughput = 0.0 Mbps
49356 ms [UE 57717] UL Throughput = 0.0 Mbps
49425 ms [UE 30040] UL Throughput = 0.0 Mbps
49425 ms [UE 33930] UL Throughput = 0.0 Mbps
49425 ms [UE 42234] UL Throughput = 0.0 Mbps
49425 ms [UE 52644] UL Throughput = 0.0 Mbps
49522 ms [UE 11372] UL Throughput = 0.21915 Mbps
49522 ms [UE 19074] UL Throughput = 0.0 Mbps
49639 ms [UE 5474] UL Throughput = 0.0 Mbps
49714 ms [UE 5342] UL Throughput = 0.21256 Mbps
49714 ms [UE 5474] UL Throughput = 0.0 Mbps
49806 ms [UE 11372] UL Throughput = 0.0 Mbps
49806 ms [UE 19074] UL Throughput = 0.0 Mbps
49882 ms [UE 7281] UL Throughput = 0.0 Mbps
49882 ms [UE 33930] UL Throughput = 0.0 Mbps
49882 ms [UE 52644] UL Throughput = 0.0 Mbps
49882 ms [UE 53987] UL Throughput = 0.0 Mbps
49886 ms [UE 11372] UL Throughput = 0.09269 Mbps
49886 ms [UE 19074] UL Throughput = 0.0 Mbps
50003 ms [UE 2379] UL Throughput = 0.0 Mbps
50003 ms [UE 55955] UL Throughput = 0.0 Mbps
50007 ms [UE 5474] UL Throughput = 0.0 Mbps
50007 ms [UE 11372] UL Throughput = 0.0 Mbps
50007 ms [UE 19074] UL Throughput = 0.0 Mbps
50013 ms [UE 7281] UL Throughput = 0.0 Mbps
50013 ms [UE 53987] UL Throughput = 0.0 Mbps
50082 ms [UE 2379] UL Throughput = 0.0 Mbps
50082 ms [UE 55955] UL Throughput = 0.0 Mbps
50178 ms [UE 33930] UL Throughput = 0.0 Mbps
50178 ms [UE 52644] UL Throughput = 0.0 Mbps
50263 ms [UE 12586] UL Throughput = 0.0 Mbps
50263 ms [UE 41045] UL Throughput = 0.0 Mbps
50264 ms [UE 11372] UL Throughput = 0.0 Mbps
50264 ms [UE 19074] UL Throughput = 0.0 Mbps
50264 ms [UE 24556] UL Throughput = 0.0 Mbps
50264 ms [UE 57717] UL Throughput = 0.0 Mbps
50371 ms [UE 2379] UL Throughput = 0.0 Mbps
50371 ms [UE 12586] UL Throughput = 0.0 Mbps
50371 ms [UE 41045] UL Throughput = 0.0 Mbps
50474 ms [UE 2379] UL Throughput = 0.0 Mbps
50474 ms [UE 55955] UL Throughput = 0.0 Mbps
50548 ms [UE 12586] UL Throughput = 0.0 Mbps
50548 ms [UE 41045] UL Throughput = 0.0 Mbps
50626 ms [UE 12586] UL Throughput = 0.0 Mbps
50626 ms [UE 41045] UL Throughput = 0.13752 Mbps
50734 ms [UE 30040] UL Throughput = 0.0 Mbps
50739 ms [UE 7281] UL Throughput = 0.0 Mbps
50739 ms [UE 53987] UL Throughput = 0.0 Mbps
50850 ms [UE 11372] UL Throughput = 0.0 Mbps
50850 ms [UE 19074] UL Throughput = 0.0 Mbps
50850 ms [UE 24556] UL Throughput = 0.0 Mbps
50850 ms [UE 57717] UL Throughput = 0.0 Mbps
50852 ms [UE 5342] UL Throughput = 0.0 Mbps
50852 ms [UE 5474] UL Throughput = 0.0 Mbps
50942 ms [UE 73211] UL Throughput = 0.0 Mbps
51039 ms [UE 12586] UL Throughput = 0.0 Mbps
51039 ms [UE 41045] UL Throughput = 0.0 Mbps
51121 ms [UE 35620] UL Throughput = 0.0 Mbps
51121 ms [UE 73211] UL Throughput = 0.0 Mbps
51196 ms [UE 35620] UL Throughput = 0.0 Mbps
51196 ms [UE 73211] UL Throughput = 0.0 Mbps
51292 ms [UE 33930] UL Throughput = 0.0 Mbps
51292 ms [UE 52644] UL Throughput = 0.0 Mbps
51397 ms [UE 35620] UL Throughput = 0.0 Mbps
51500 ms [UE 30040] UL Throughput = 0.0 Mbps
51500 ms [UE 42234] UL Throughput = 0.0 Mbps
51607 ms [UE 7281] UL Throughput = 0.0 Mbps
51607 ms [UE 53987] UL Throughput = 0.0 Mbps
51694 ms [UE 35620] UL Throughput = 0.03803 Mbps
51694 ms [UE 73211] UL Throughput = 0.28466 Mbps
51699 ms [UE 11372] UL Throughput = 0.0 Mbps
51699 ms [UE 19074] UL Throughput = 0.0 Mbps
51699 ms [UE 50104] UL Throughput = 0.0 Mbps
51791 ms [UE 11372] UL Throughput = 0.1951 Mbps
51791 ms [UE 19074] UL Throughput = 0.0 Mbps
51919 ms [UE 7281] UL Throughput = 0.0 Mbps
51919 ms [UE 53987] UL Throughput = 0.07364 Mbps
51923 ms [UE 5342] UL Throughput = 0.0 Mbps
51923 ms [UE 5474] UL Throughput = 0.0 Mbps
52007 ms [UE 24556] UL Throughput = 0.0 Mbps
52007 ms [UE 57717] UL Throughput = 0.0 Mbps
52116 ms [UE 2379] UL Throughput = 0.0 Mbps
52116 ms [UE 55955] UL Throughput = 0.0 Mbps
52226 ms [UE 5342] UL Throughput = 0.0 Mbps
52226 ms [UE 5474] UL Throughput = 0.0 Mbps
52325 ms [UE 39999] UL Throughput = 0.0 Mbps
52325 ms [UE 50104] UL Throughput = 0.0 Mbps
52415 ms [UE 24556] UL Throughput = 0.0 Mbps
52415 ms [UE 57717] UL Throughput = 0.20252 Mbps
52525 ms [UE 2379] UL Throughput = 0.0 Mbps
52525 ms [UE 24556] UL Throughput = 0.0 Mbps
52525 ms [UE 55955] UL Throughput = 0.0 Mbps
52525 ms [UE 57717] UL Throughput = 0.0 Mbps
52588 ms [UE 42234] UL Throughput = 0.0 Mbps
52588 ms [UE 53987] UL Throughput = 0.0 Mbps
52594 ms [UE 5342] UL Throughput = 0.0 Mbps
52594 ms [UE 5474] UL Throughput = 0.0 Mbps
52600 ms [UE 12586] UL Throughput = 0.0 Mbps
52600 ms [UE 41045] UL Throughput = 0.0 Mbps
52731 ms [UE 7281] UL Throughput = 0.0 Mbps
52731 ms [UE 30040] UL Throughput = 0.0 Mbps
52731 ms [UE 53987] UL Throughput = 0.0 Mbps
52835 ms [UE 11372] UL Throughput = 0.0 Mbps
52835 ms [UE 19074] UL Throughput = 0.17573 Mbps
52835 ms [UE 24556] UL Throughput = 0.0 Mbps
52835 ms [UE 57717] UL Throughput = 0.0 Mbps
52921 ms [UE 12586] UL Throughput = 0.0 Mbps
53047 ms [UE 7281] UL Throughput = 0.0 Mbps
53047 ms [UE 53987] UL Throughput = 0.08196 Mbps
53122 ms [UE 5342] UL Throughput = 0.0 Mbps
53122 ms [UE 5474] UL Throughput = 0.0 Mbps
53122 ms [UE 30040] UL Throughput = 0.0 Mbps
53122 ms [UE 42234] UL Throughput = 0.0 Mbps
53220 ms [UE 35620] UL Throughput = 0.0 Mbps
53220 ms [UE 73211] UL Throughput = 0.0 Mbps
53314 ms [UE 24556] UL Throughput = 0.0 Mbps
53314 ms [UE 57717] UL Throughput = 0.0 Mbps
53417 ms [UE 11372] UL Throughput = 0.0 Mbps
53419 ms [UE 12586] UL Throughput = 0.0 Mbps
53421 ms [UE 33930] UL Throughput = 0.0 Mbps
53421 ms [UE 52644] UL Throughput = 0.0 Mbps
53513 ms [UE 2379] UL Throughput = 0.0 Mbps
53513 ms [UE 7281] UL Throughput = 0.0 Mbps
53513 ms [UE 55955] UL Throughput = 0.1041 Mbps
53620 ms [UE 5342] UL Throughput = 0.05416 Mbps
53620 ms [UE 5474] UL Throughput = 0.0 Mbps
53717 ms [UE 5342] UL Throughput = 0.0 Mbps
53717 ms [UE 5474] UL Throughput = 0.0 Mbps
53809 ms [UE 5342] UL Throughput = 0.0 Mbps
53809 ms [UE 5474] UL Throughput = 0.0 Mbps
53809 ms [UE 11372] UL Throughput = 0.0 Mbps
53809 ms [UE 19074] UL Throughput = 0.0 Mbps
53891 ms [UE 12586] UL Throughput = 0.0 Mbps
53891 ms [UE 35620] UL Throughput = 0.0 Mbps
53891 ms [UE 41045] UL Throughput = 0.0 Mbps
53891 ms [UE 73211] UL Throughput = 0.0 Mbps
53985 ms [UE 73211] UL Throughput = 0.0 Mbps
54068 ms [UE 39999] UL Throughput = 0.0 Mbps
54068 ms [UE 50104] UL Throughput = 0.0 Mbps
54180 ms [UE 24556] UL Throughput = 0.14736 Mbps
54180 ms [UE 57717] UL Throughput = 0.03622 Mbps
54182 ms [UE 33930] UL Throughput = 0.0 Mbps
54182 ms [UE 52644] UL Throughput = 0.0 Mbps
54182 ms [UE 57717] UL Throughput = 0.0 Mbps
54278 ms [UE 5342] UL Throughput = 0.0 Mbps
54278 ms [UE 5474] UL Throughput = 0.21779 Mbps
54284 ms [UE 35620] UL Throughput = 0.0 Mbps
54284 ms [UE 73211] UL Throughput = 0.0 Mbps
54290 ms [UE 24556] UL Throughput = 0.0 Mbps
54290 ms [UE 57717] UL Throughput = 0.0 Mbps
54366 ms [UE 5342] UL Throughput = 0.12697 Mbps
54366 ms [UE 5474] UL Throughput = 0.0 Mbps
54367 ms [UE 35620] UL Throughput = 0.0 Mbps
54367 ms [UE 73211] UL Throughput = 0.0 Mbps
54479 ms [UE 24556] UL Throughput = 0.0 Mbps
54479 ms [UE 30040] UL Throughput = 0.0 Mbps
54479 ms [UE 42234] UL Throughput = 0.0 Mbps
54479 ms [UE 57717] UL Throughput = 0.0 Mbps
54587 ms [UE 2379] UL Throughput = 0.0 Mbps
54587 ms [UE 55955] UL Throughput = 0.0 Mbps
54674 ms [UE 39999] UL Throughput = 0.0 Mbps
54674 ms [UE 50104] UL Throughput = 0.0 Mbps
54779 ms [UE 5342] UL Throughput = 0.0 Mbps
54779 ms [UE 5474] UL Throughput = 0.0 Mbps
54883 ms [UE 35620] UL Throughput = 0.0 Mbps
54971 ms [UE 55955] UL Throughput = 0.0 Mbps
55096 ms [UE 12586] UL Throughput = 0.0 Mbps
55096 ms [UE 41045] UL Throughput = 0.0 Mbps
55201 ms [UE 12586] UL Throughput = 0.0 Mbps
55201 ms [UE 41045] UL Throughput = 0.0 Mbps
55274 ms [UE 12586] UL Throughput = 0.0 Mbps
55274 ms [UE 41045] UL Throughput = 0.0 Mbps
55280 ms [UE 5342] UL Throughput = 0.0 Mbps
55280 ms [UE 5474] UL Throughput = 0.0 Mbps
55280 ms [UE 12586] UL Throughput = 0.0 Mbps
55286 ms [UE 11372] UL Throughput = 0.08617 Mbps
55286 ms [UE 19074] UL Throughput = 0.0 Mbps
55286 ms [UE 30040] UL Throughput = 0.0 Mbps
55286 ms [UE 42234] UL Throughput = 0.0 Mbps
55292 ms [UE 35620] UL Throughput = 0.04214 Mbps
55292 ms [UE 73211] UL Throughput = 0.06908 Mbps
55425 ms [UE 30040] UL Throughput = 0.0 Mbps
55425 ms [UE 42234] UL Throughput = 0.0 Mbps
55521 ms [UE 11372] UL Throughput = 0.0 Mbps
55521 ms [UE 19074] UL Throughput = 0.0 Mbps
55608 ms [UE 39999] UL Throughput = 0.0 Mbps
55608 ms [UE 50104] UL Throughput = 0.0 Mbps
55716 ms [UE 33930] UL Throughput = 0.0 Mbps
55716 ms [UE 52644] UL Throughput = 0.0 Mbps
55812 ms [UE 30040] UL Throughput = 0.0 Mbps
55812 ms [UE 41045] UL Throughput = 0.0 Mbps
55876 ms [UE 5342] UL Throughput = 0.0 Mbps
55881 ms [UE 5342] UL Throughput = 0.0 Mbps
55881 ms [UE 5474] UL Throughput = 0.0 Mbps
56007 ms [UE 33930] UL Throughput = 0.0 Mbps
56007 ms [UE 52644] UL Throughput = 0.0 Mbps
56108 ms [UE 33930] UL Throughput = 0.0 Mbps
56108 ms [UE 39999] UL Throughput = 0.0 Mbps
56108 ms [UE 52644] UL Throughput = 0.0 Mbps
56191 ms [UE 12586] UL Throughput = 0.0 Mbps
56191 ms [UE 41045] UL Throughput = 0.18307 Mbps
56305 ms [UE 11372] UL Throughput = 0.0 Mbps
56305 ms [UE 19074] UL Throughput = 0.0 Mbps
56410 ms [UE 35620] UL Throughput = 0.0 Mbps
56410 ms [UE 73211] UL Throughput = 0.10359 Mbps
56502 ms [UE 24556] UL Throughput = 0.0 Mbps
56502 ms [UE 57717] UL Throughput = 0.0 Mbps
56576 ms [UE 11372] UL Throughput = 0.0 Mbps
56576 ms [UE 19074] UL Throughput = 0.0 Mbps
56687 ms [UE 2379] UL Throughput = 0.0 Mbps
56691 ms [UE 24556] UL Throughput = 0.0 Mbps
56691 ms [UE 57717] UL Throughput = 0.0 Mbps
56775 ms [UE 57717] UL Throughput = 0.0 Mbps
56781 ms [UE 5342] UL Throughput = 0.0 Mbps
56781 ms [UE 5474] UL Throughput = 0.0 Mbps
56881 ms [UE 39999] UL Throughput = 0.0 Mbps
56881 ms [UE 50104] UL Throughput = 0.0 Mbps
56986 ms [UE 5342] UL Throughput = 0.0 Mbps
56986 ms [UE 5474] UL Throughput = 0.24029 Mbps
57095 ms [UE 11372] UL Throughput = 0.0 Mbps
57095 ms [UE 19074] UL Throughput = 0.0 Mbps
57095 ms [UE 55955] UL Throughput = 0.20913 Mbps
57209 ms [UE 7281] UL Throughput = 0.0 Mbps
57209 ms [UE 53987] UL Throughput = 0.21759 Mbps
57318 ms [UE 24556] UL Throughput = 0.0 Mbps
57318 ms [UE 57717] UL Throughput = 0.0 Mbps
57322 ms [UE 7281] UL Throughput = 0.04025 Mbps
57322 ms [UE 30040] UL Throughput = 0.0 Mbps
57322 ms [UE 42234] UL Throughput = 0.0 Mbps
57322 ms [UE 53987] UL Throughput = 0.0 Mbps
57412 ms [UE 24556] UL Throughput = 0.0 Mbps
57412 ms [UE 57717] UL Throughput = 0.0 Mbps
57485 ms [UE 35620] UL Throughput = 0.0 Mbps
57485 ms [UE 73211] UL Throughput = 0.0 Mbps
57601 ms [UE 33930] UL Throughput = 0.0 Mbps
57683 ms [UE 2379] UL Throughput = 0.0 Mbps
57683 ms [UE 35620] UL Throughput = 0.0 Mbps
57683 ms [UE 55955] UL Throughput = 0.0 Mbps
57798 ms [UE 5342] UL Throughput = 0.0 Mbps
57798 ms [UE 5474] UL Throughput = 0.20834 Mbps
57930 ms [UE 33930] UL Throughput = 0.0 Mbps
58026 ms [UE 12586] UL Throughput = 0.0 Mbps
58026 ms [UE 19074] UL Throughput = 0.0 Mbps
58026 ms [UE 41045] UL Throughput = 0.0 Mbps
58114 ms [UE 30040] UL Throughput = 0.0 Mbps
58114 ms [UE 42234] UL Throughput = 0.0 Mbps
58114 ms [UE 53987] UL Throughput = 0.0 Mbps
58206 ms [UE 7281] UL Throughput = 0.0 Mbps
58206 ms [UE 53987] UL Throughput = 0.02845 Mbps
58306 ms [UE 35620] UL Throughput = 0.0 Mbps
58306 ms [UE 73211] UL Throughput = 0.0 Mbps
58394 ms [UE 24556] UL Throughput = 0.0 Mbps
58394 ms [UE 57717] UL Throughput = 0.0 Mbps
58397 ms [UE 24556] UL Throughput = 0.0 Mbps
58397 ms [UE 57717] UL Throughput = 0.0 Mbps
58461 ms [UE 39999] UL Throughput = 0.0 Mbps
58551 ms [UE 24556] UL Throughput = 0.0 Mbps
58551 ms [UE 57717] UL Throughput = 0.0 Mbps
58659 ms [UE 35620] UL Throughput = 0.0 Mbps
58754 ms [UE 12586] UL Throughput = 0.0 Mbps
58754 ms [UE 41045] UL Throughput = 0.0 Mbps
58836 ms [UE 5342] UL Throughput = 0.0 Mbps
58836 ms [UE 5474] UL Throughput = 0.0 Mbps
58937 ms [UE 5342] UL Throughput = 0.0 Mbps
58937 ms [UE 5474] UL Throughput = 0.0 Mbps
59049 ms [UE 24556] UL Throughput = 0.0 Mbps
59049 ms [UE 30040] UL Throughput = 0.0 Mbps
59049 ms [UE 42234] UL Throughput = 0.0 Mbps
59049 ms [UE 57717] UL Throughput = 0.0 Mbps
59052 ms [UE 53987] UL Throughput = 0.0 Mbps
59156 ms [UE 7281] UL Throughput = 0.20629 Mbps
59156 ms [UE 53987] UL Throughput = 0.0 Mbps
59255 ms [UE 7281] UL Throughput = 0.0 Mbps
59255 ms [UE 53987] UL Throughput = 0.0 Mbps
59354 ms [UE 39999] UL Throughput = 0.0 Mbps
59354 ms [UE 50104] UL Throughput = 0.0 Mbps
59470 ms [UE 5342] UL Throughput = 0.0 Mbps
59470 ms [UE 5474] UL Throughput = 0.0 Mbps
59470 ms [UE 24556] UL Throughput = 0.19344 Mbps
59471 ms [UE 42234] UL Throughput = 0.0 Mbps
59477 ms [UE 33930] UL Throughput = 0.0 Mbps
59569 ms [UE 30040] UL Throughput = 0.0 Mbps
59569 ms [UE 42234] UL Throughput = 0.0 Mbps
59674 ms [UE 24556] UL Throughput = 0.0 Mbps
59674 ms [UE 57717] UL Throughput = 0.0 Mbps
59768 ms [UE 2379] UL Throughput = 0.0 Mbps
59768 ms [UE 5342] UL Throughput = 0.0 Mbps
59768 ms [UE 5474] UL Throughput = 0.0 Mbps
59768 ms [UE 55955] UL Throughput = 0.0 Mbps
59875 ms [UE 35620] UL Throughput = 0.0 Mbps
59875 ms [UE 52644] UL Throughput = 0.0481 Mbps
59875 ms [UE 73211] UL Throughput = 0.0 Mbps
59973 ms [UE 7281] UL Throughput = 0.0 Mbps
59973 ms [UE 53987] UL Throughput = 0.0 Mbps
59976 ms [UE 35620] UL Throughput = 0.0 Mbps
59976 ms [UE 73211] UL Throughput = 0.11125 Mbps
60087 ms [UE 39999] UL Throughput = 0.0 Mbps
60087 ms [UE 50104] UL Throughput = 0.0 Mbps
60178 ms [UE 5342] UL Throughput = 0.0 Mbps
60178 ms [UE 5474] UL Throughput = 0.0 Mbps
60280 ms [UE 12586] UL Throughput = 0.0 Mbps
60280 ms [UE 41045] UL Throughput = 0.0 Mbps
60387 ms [UE 73211] UL Throughput = 0.0 Mbps
60493 ms [UE 2379] UL Throughput = 0.0 Mbps
60493 ms [UE 55955] UL Throughput = 0.0 Mbps
60562 ms [UE 2379] UL Throughput = 0.0 Mbps
60689 ms [UE 2379] UL Throughput = 0.0 Mbps
60689 ms [UE 42234] UL Throughput = 0.0 Mbps
60689 ms [UE 55955] UL Throughput = 0.0 Mbps
60690 ms [UE 5342] UL Throughput = 0.19619 Mbps
60690 ms [UE 5474] UL Throughput = 0.0 Mbps
60696 ms [UE 30040] UL Throughput = 0.0 Mbps
60696 ms [UE 42234] UL Throughput = 0.0 Mbps
60702 ms [UE 12586] UL Throughput = 0.0 Mbps
60702 ms [UE 39999] UL Throughput = 0.0 Mbps
60702 ms [UE 41045] UL Throughput = 0.0 Mbps
60702 ms [UE 50104] UL Throughput = 0.0 Mbps
60807 ms [UE 39999] UL Throughput = 0.0 Mbps
60807 ms [UE 50104] UL Throughput = 0.0 Mbps
60911 ms [UE 39999] UL Throughput = 0.18043 Mbps
60911 ms [UE 50104] UL Throughput = 0.0 Mbps
60917 ms [UE 30040] UL Throughput = 0.0 Mbps
60917 ms [UE 39999] UL Throughput = 0.0 Mbps
60917 ms [UE 42234] UL Throughput = 0.0 Mbps
60917 ms [UE 50104] UL Throughput = 0.0 Mbps
61024 ms [UE 30040] UL Throughput = 0.0 Mbps
61024 ms [UE 42234] UL Throughput = 0.0 Mbps
61135 ms [UE 24556] UL Throughput = 0.0 Mbps
61135 ms [UE 30040] UL Throughput = 0.01504 Mbps
61135 ms [UE 42234] UL Throughput = 0.0 Mbps
61135 ms [UE 57717] UL Throughput = 0.0 Mbps
61240 ms [UE 5342] UL Throughput = 0.0 Mbps
61240 ms [UE 5474] UL Throughput = 0.19513 Mbps
61338 ms [UE 11372] UL Throughput = 0.0 Mbps
61338 ms [UE 19074] UL Throughput = 0.15566 Mbps
61342 ms [UE 2379] UL Throughput = 0.0 Mbps
61342 ms [UE 12586] UL Throughput = 0.0 Mbps
61342 ms [UE 55955] UL Throughput = 0.0 Mbps
61343 ms [UE 24556] UL Throughput = 0.0 Mbps
61343 ms [UE 35620] UL Throughput = 0.0 Mbps
61343 ms [UE 57717] UL Throughput = 0.0 Mbps
61343 ms [UE 73211] UL Throughput = 0.0 Mbps
61345 ms [UE 19074] UL Throughput = 0.0 Mbps
61351 ms [UE 2379] UL Throughput = 0.0 Mbps
61351 ms [UE 55955] UL Throughput = 0.0 Mbps
61433 ms [UE 30040] UL Throughput = 0.0 Mbps
61433 ms [UE 39999] UL Throughput = 0.0 Mbps
61433 ms [UE 50104] UL Throughput = 0.0 Mbps
61544 ms [UE 7281] UL Throughput = 0.04692 Mbps
61544 ms [UE 53987] UL Throughput = 0.14279 Mbps
61668 ms [UE 35620] UL Throughput = 0.0 Mbps
61668 ms [UE 73211] UL Throughput = 0.0 Mbps
61784 ms [UE 35620] UL Throughput = 0.0 Mbps
61784 ms [UE 73211] UL Throughput = 0.0 Mbps
61785 ms [UE 5342] UL Throughput = 0.0 Mbps
61785 ms [UE 5474] UL Throughput = 0.0 Mbps
61785 ms [UE 11372] UL Throughput = 0.0 Mbps
61785 ms [UE 19074] UL Throughput = 0.0 Mbps
61873 ms [UE 33930] UL Throughput = 0.0 Mbps
61873 ms [UE 52644] UL Throughput = 0.0 Mbps
61958 ms [UE 39999] UL Throughput = 0.0 Mbps
61958 ms [UE 50104] UL Throughput = 0.0 Mbps
62048 ms [UE 5342] UL Throughput = 0.0 Mbps
62048 ms [UE 5474] UL Throughput = 0.14092 Mbps
62048 ms [UE 24556] UL Throughput = 0.0 Mbps
62048 ms [UE 57717] UL Throughput = 0.0 Mbps
62126 ms [UE 24556] UL Throughput = 0.0 Mbps
62126 ms [UE 57717] UL Throughput = 0.0 Mbps
62206 ms [UE 7281] UL Throughput = 0.0 Mbps
62206 ms [UE 53987] UL Throughput = 0.0 Mbps
62303 ms [UE 5474] UL Throughput = 0.0 Mbps
62303 ms [UE 24556] UL Throughput = 0.09865 Mbps
62303 ms [UE 57717] UL Throughput = 0.0 Mbps
62409 ms [UE 7281] UL Throughput = 0.0 Mbps
62409 ms [UE 53987] UL Throughput = 0.0 Mbps
62499 ms [UE 24556] UL Throughput = 0.0 Mbps
62499 ms [UE 57717] UL Throughput = 0.0 Mbps
62583 ms [UE 12586] UL Throughput = 0.0 Mbps
62583 ms [UE 41045] UL Throughput = 0.0 Mbps
62676 ms [UE 12586] UL Throughput = 0.0 Mbps
62676 ms [UE 39999] UL Throughput = 0.0 Mbps
62676 ms [UE 41045] UL Throughput = 0.0 Mbps
62676 ms [UE 50104] UL Throughput = 0.0 Mbps
62774 ms [UE 2379] UL Throughput = 0.0 Mbps
62774 ms [UE 11372] UL Throughput = 0.0 Mbps
62774 ms [UE 19074] UL Throughput = 0.0 Mbps
62774 ms [UE 55955] UL Throughput = 0.0 Mbps
62867 ms [UE 12586] UL Throughput = 0.0 Mbps
62867 ms [UE 39999] UL Throughput = 0.0 Mbps
62867 ms [UE 41045] UL Throughput = 0.0 Mbps
62867 ms [UE 50104] UL Throughput = 0.0 Mbps
62952 ms [UE 30040] UL Throughput = 0.0 Mbps
62952 ms [UE 42234] UL Throughput = 0.08819 Mbps
63058 ms [UE 33930] UL Throughput = 0.0 Mbps
63058 ms [UE 52644] UL Throughput = 0.0 Mbps
63166 ms [UE 39999] UL Throughput = 0.09353 Mbps
63166 ms [UE 50104] UL Throughput = 0.0 Mbps
63220 ms [UE 50104] UL Throughput = 0.0 Mbps
63341 ms [UE 2379] UL Throughput = 0.0517 Mbps
63341 ms [UE 33930] UL Throughput = 0.0 Mbps
63341 ms [UE 52644] UL Throughput = 0.0 Mbps
63341 ms [UE 55955] UL Throughput = 0.0 Mbps
63346 ms [UE 11372] UL Throughput = 0.0 Mbps
63443 ms [UE 35620] UL Throughput = 0.09512 Mbps
63443 ms [UE 73211] UL Throughput = 0.0 Mbps
63553 ms [UE 12586] UL Throughput = 0.0 Mbps
63553 ms [UE 41045] UL Throughput = 0.0 Mbps
63635 ms [UE 24556] UL Throughput = 0.0 Mbps
63743 ms [UE 2379] UL Throughput = 0.0 Mbps
63743 ms [UE 5342] UL Throughput = 0.0 Mbps
63743 ms [UE 5474] UL Throughput = 0.0 Mbps
63834 ms [UE 7281] UL Throughput = 0.0 Mbps
63834 ms [UE 53987] UL Throughput = 0.0 Mbps
63968 ms [UE 2379] UL Throughput = 0.0 Mbps
63968 ms [UE 55955] UL Throughput = 0.0 Mbps
64059 ms [UE 30040] UL Throughput = 0.0 Mbps
64059 ms [UE 42234] UL Throughput = 0.0 Mbps
64156 ms [UE 2379] UL Throughput = 0.0 Mbps
64156 ms [UE 55955] UL Throughput = 0.06897 Mbps
64265 ms [UE 12586] UL Throughput = 0.0 Mbps
64265 ms [UE 41045] UL Throughput = 0.21571 Mbps
64269 ms [UE 5342] UL Throughput = 0.0 Mbps
64269 ms [UE 5474] UL Throughput = 0.0 Mbps
64269 ms [UE 35620] UL Throughput = 0.0 Mbps
64269 ms [UE 73211] UL Throughput = 0.0 Mbps
64379 ms [UE 24556] UL Throughput = 0.0 Mbps
64379 ms [UE 57717] UL Throughput = 0.0 Mbps
64470 ms [UE 2379] UL Throughput = 0.05654 Mbps
64470 ms [UE 5342] UL Throughput = 0.09267 Mbps
64470 ms [UE 5474] UL Throughput = 0.0 Mbps
64573 ms [UE 5474] UL Throughput = 0.0 Mbps
64685 ms [UE 7281] UL Throughput = 0.0 Mbps
64685 ms [UE 53987] UL Throughput = 0.0 Mbps
64688 ms [UE 11372] UL Throughput = 0.0 Mbps
64784 ms [UE 39999] UL Throughput = 0.0 Mbps
64784 ms [UE 50104] UL Throughput = 0.0 Mbps
64889 ms [UE 33930] UL Throughput = 0.0 Mbps
64889 ms [UE 52644] UL Throughput = 0.0 Mbps
65007 ms [UE 2379] UL Throughput = 0.0 Mbps
65007 ms [UE 7281] UL Throughput = 0.0 Mbps
65007 ms [UE 53987] UL Throughput = 0.0 Mbps
65007 ms [UE 55955] UL Throughput = 0.0 Mbps
65110 ms [UE 55955] UL Throughput = 0.0 Mbps
65207 ms [UE 5342] UL Throughput = 0.0 Mbps
65207 ms [UE 39999] UL Throughput = 0.13059 Mbps
65317 ms [UE 2379] UL Throughput = 0.0 Mbps
65317 ms [UE 55955] UL Throughput = 0.0 Mbps
65317 ms [UE 57717] UL Throughput = 0.0 Mbps
65322 ms [UE 52644] UL Throughput = 0.0 Mbps
65425 ms [UE 35620] UL Throughput = 0.0 Mbps
65425 ms [UE 73211] UL Throughput = 0.0 Mbps
65541 ms [UE 11372] UL Throughput = 0.0 Mbps
65541 ms [UE 19074] UL Throughput = 0.0 Mbps
65545 ms [UE 12586] UL Throughput = 0.0 Mbps
65545 ms [UE 35620] UL Throughput = 0.0 Mbps
65545 ms [UE 41045] UL Throughput = 0.0 Mbps
65545 ms [UE 73211] UL Throughput = 0.0 Mbps
65647 ms [UE 12586] UL Throughput = 0.0 Mbps
65647 ms [UE 41045] UL Throughput = 0.0 Mbps
65742 ms [UE 11372] UL Throughput = 0.0 Mbps
65742 ms [UE 19074] UL Throughput = 0.0 Mbps
65864 ms [UE 24556] UL Throughput = 0.12194 Mbps
65864 ms [UE 57717] UL Throughput = 0.0 Mbps
65957 ms [UE 42234] UL Throughput = 0.0 Mbps
65958 ms [UE 24556] UL Throughput = 0.0 Mbps
65958 ms [UE 57717] UL Throughput = 0.0 Mbps
66030 ms [UE 5342] UL Throughput = 0.0 Mbps
66030 ms [UE 5474] UL Throughput = 0.0 Mbps
66140 ms [UE 2379] UL Throughput = 0.0 Mbps
66140 ms [UE 55955] UL Throughput = 0.0 Mbps
66250 ms [UE 35620] UL Throughput = 0.0 Mbps
66250 ms [UE 39999] UL Throughput = 0.0 Mbps
66250 ms [UE 50104] UL Throughput = 0.0 Mbps
66250 ms [UE 73211] UL Throughput = 0.0 Mbps
66345 ms [UE 11372] UL Throughput = 0.0 Mbps
66345 ms [UE 19074] UL Throughput = 0.0 Mbps
66453 ms [UE 2379] UL Throughput = 0.0 Mbps
66453 ms [UE 55955] UL Throughput = 0.0 Mbps
66457 ms [UE 11372] UL Throughput = 0.0 Mbps
66457 ms [UE 12586] UL Throughput = 0.0 Mbps
66457 ms [UE 19074] UL Throughput = 0.0 Mbps
66457 ms [UE 41045] UL Throughput = 0.0 Mbps
66562 ms [UE 5342] UL Throughput = 0.0 Mbps
66562 ms [UE 5474] UL Throughput = 0.0 Mbps
66562 ms [UE 24556] UL Throughput = 0.0 Mbps
66659 ms [UE 11372] UL Throughput = 0.0 Mbps
66659 ms [UE 19074] UL Throughput = 0.0 Mbps
66659 ms [UE 33930] UL Throughput = 0.0 Mbps
66659 ms [UE 52644] UL Throughput = 0.0 Mbps
66663 ms [UE 33930] UL Throughput = 0.0 Mbps
66663 ms [UE 52644] UL Throughput = 0.0 Mbps
66772 ms [UE 35620] UL Throughput = 0.0 Mbps
66772 ms [UE 39999] UL Throughput = 0.0 Mbps
66772 ms [UE 50104] UL Throughput = 0.0 Mbps
66881 ms [UE 2379] UL Throughput = 0.0 Mbps
66881 ms [UE 42234] UL Throughput = 0.0 Mbps
66881 ms [UE 55955] UL Throughput = 0.0 Mbps
66936 ms [UE 12586] UL Throughput = 0.0 Mbps
66936 ms [UE 41045] UL Throughput = 0.0 Mbps
67012 ms [UE 57717] UL Throughput = 0.0 Mbps
67096 ms [UE 39999] UL Throughput = 0.0 Mbps
67096 ms [UE 50104] UL Throughput = 0.0 Mbps
67234 ms [UE 2379] UL Throughput = 0.0 Mbps
67234 ms [UE 55955] UL Throughput = 0.0 Mbps
67347 ms [UE 11372] UL Throughput = 0.0 Mbps
67347 ms [UE 19074] UL Throughput = 0.0 Mbps
67425 ms [UE 35620] UL Throughput = 0.0 Mbps
67538 ms [UE 2379] UL Throughput = 0.0 Mbps
67538 ms [UE 55955] UL Throughput = 0.0 Mbps
67620 ms [UE 7281] UL Throughput = 0.0 Mbps
67620 ms [UE 11372] UL Throughput = 0.0 Mbps
67620 ms [UE 19074] UL Throughput = 0.16902 Mbps
67689 ms [UE 5342] UL Throughput = 0.0 Mbps
67689 ms [UE 5474] UL Throughput = 0.0 Mbps
67809 ms [UE 12586] UL Throughput = 0.0 Mbps
67809 ms [UE 41045] UL Throughput = 0.0 Mbps
67813 ms [UE 11372] UL Throughput = 0.18953 Mbps
67813 ms [UE 19074] UL Throughput = 0.0 Mbps
67819 ms [UE 39999] UL Throughput = 0.0 Mbps
67906 ms [UE 11372] UL Throughput = 0.0 Mbps
67906 ms [UE 19074] UL Throughput = 0.0 Mbps
68005 ms [UE 50104] UL Throughput = 0.0 Mbps
68134 ms [UE 2379] UL Throughput = 0.0 Mbps
68134 ms [UE 7281] UL Throughput = 0.0 Mbps
68134 ms [UE 53987] UL Throughput = 0.0 Mbps
68134 ms [UE 55955] UL Throughput = 0.0 Mbps
68232 ms [UE 30040] UL Throughput = 0.0 Mbps
68232 ms [UE 42234] UL Throughput = 0.1272 Mbps
68354 ms [UE 39999] UL Throughput = 0.0 Mbps
68354 ms [UE 50104] UL Throughput = 0.0 Mbps
68453 ms [UE 30040] UL Throughput = 0.0 Mbps
68453 ms [UE 33930] UL Throughput = 0.14686 Mbps
68453 ms [UE 42234] UL Throughput = 0.0 Mbps
68453 ms [UE 52644] UL Throughput = 0.0 Mbps
68541 ms [UE 12586] UL Throughput = 0.0 Mbps
68541 ms [UE 41045] UL Throughput = 0.07272 Mbps
68625 ms [UE 2379] UL Throughput = 0.0 Mbps
68625 ms [UE 55955] UL Throughput = 0.0 Mbps
68631 ms [UE 33930] UL Throughput = 0.13634 Mbps
68631 ms [UE 52644] UL Throughput = 0.0 Mbps
68724 ms [UE 39999] UL Throughput = 0.0 Mbps
68724 ms [UE 50104] UL Throughput = 0.1367 Mbps
68820 ms [UE 11372] UL Throughput = 0.0 Mbps
68820 ms [UE 19074] UL Throughput = 0.0 Mbps
68925 ms [UE 30040] UL Throughput = 0.0 Mbps
68979 ms [UE 39999] UL Throughput = 0.0 Mbps
68979 ms [UE 50104] UL Throughput = 0.0 Mbps
69111 ms [UE 30040] UL Throughput = 0.0 Mbps
69111 ms [UE 42234] UL Throughput = 0.0 Mbps
69227 ms [UE 24556] UL Throughput = 0.0 Mbps
69227 ms [UE 57717] UL Throughput = 0.0 Mbps
69230 ms [UE 5342] UL Throughput = 0.0 Mbps
69313 ms [UE 7281] UL Throughput = 0.0 Mbps
69313 ms [UE 24556] UL Throughput = 0.0 Mbps
69313 ms [UE 57717] UL Throughput = 0.0 Mbps
69317 ms [UE 39999] UL Throughput = 0.0 Mbps
69317 ms [UE 50104] UL Throughput = 0.0 Mbps
69430 ms [UE 12586] UL Throughput = 0.0528 Mbps
69430 ms [UE 41045] UL Throughput = 0.0 Mbps
69534 ms [UE 5342] UL Throughput = 0.0 Mbps
69534 ms [UE 5474] UL Throughput = 0.0 Mbps
69643 ms [UE 39999] UL Throughput = 0.13374 Mbps
69643 ms [UE 50104] UL Throughput = 0.0 Mbps
69722 ms [UE 24556] UL Throughput = 0.0 Mbps
69722 ms [UE 57717] UL Throughput = 0.0 Mbps
69854 ms [UE 11372] UL Throughput = 0.0 Mbps
69854 ms [UE 19074] UL Throughput = 0.0 Mbps
69860 ms [UE 2379] UL Throughput = 0.0 Mbps
69860 ms [UE 55955] UL Throughput = 0.0 Mbps
69965 ms [UE 33930] UL Throughput = 0.11441 Mbps
69965 ms [UE 52644] UL Throughput = 0.0 Mbps
70064 ms [UE 12586] UL Throughput = 0.21299 Mbps
70064 ms [UE 41045] UL Throughput = 0.0 Mbps
70186 ms [UE 33930] UL Throughput = 0.0 Mbps
70186 ms [UE 52644] UL Throughput = 0.0 Mbps
70271 ms [UE 7281] UL Throughput = 0.18986 Mbps
70271 ms [UE 53987] UL Throughput = 0.0 Mbps
70362 ms [UE 12586] UL Throughput = 0.0 Mbps
70362 ms [UE 41045] UL Throughput = 0.0954 Mbps
70478 ms [UE 11372] UL Throughput = 0.10393 Mbps
70561 ms [UE 11372] UL Throughput = 0.0 Mbps
70561 ms [UE 39999] UL Throughput = 0.0 Mbps
70561 ms [UE 50104] UL Throughput = 0.0 Mbps
70649 ms [UE 2379] UL Throughput = 0.0 Mbps
70649 ms [UE 11372] UL Throughput = 0.0 Mbps
70649 ms [UE 19074] UL Throughput = 0.0 Mbps
70649 ms [UE 55955] UL Throughput = 0.13008 Mbps
70652 ms [UE 33930] UL Throughput = 0.0 Mbps
70652 ms [UE 52644] UL Throughput = 0.0 Mbps
70654 ms [UE 7281] UL Throughput = 0.0 Mbps
70654 ms [UE 33930] UL Throughput = 0.0 Mbps
70654 ms [UE 53987] UL Throughput = 0.0 Mbps
70780 ms [UE 39999] UL Throughput = 0.0 Mbps
70780 ms [UE 50104] UL Throughput = 0.0 Mbps
70886 ms [UE 12586] UL Throughput = 0.0 Mbps
70886 ms [UE 41045] UL Throughput = 0.03924 Mbps
70949 ms [UE 11372] UL Throughput = 0.0 Mbps
70949 ms [UE 19074] UL Throughput = 0.04204 Mbps
70952 ms [UE 24556] UL Throughput = 0.0 Mbps
70952 ms [UE 57717] UL Throughput = 0.0 Mbps
71064 ms [UE 7281] UL Throughput = 0.0 Mbps
71064 ms [UE 24556] UL Throughput = 0.0 Mbps
71064 ms [UE 53987] UL Throughput = 0.18829 Mbps
71064 ms [UE 57717] UL Throughput = 0.0 Mbps
71137 ms [UE 35620] UL Throughput = 0.0 Mbps
71137 ms [UE 73211] UL Throughput = 0.0 Mbps
71212 ms [UE 11372] UL Throughput = 0.0 Mbps
71212 ms [UE 19074] UL Throughput = 0.0 Mbps
71319 ms [UE 7281] UL Throughput = 0.0 Mbps
71319 ms [UE 53987] UL Throughput = 0.0 Mbps
71402 ms [UE 5342] UL Throughput = 0.0 Mbps
71402 ms [UE 5474] UL Throughput = 0.0 Mbps
71488 ms [UE 35620] UL Throughput = 0.0 Mbps
71488 ms [UE 39999] UL Throughput = 0.0 Mbps
71488 ms [UE 50104] UL Throughput = 0.10692 Mbps
71488 ms [UE 73211] UL Throughput = 0.0 Mbps
71591 ms [UE 11372] UL Throughput = 0.0 Mbps
71591 ms [UE 19074] UL Throughput = 0.03914 Mbps
71591 ms [UE 24556] UL Throughput = 0.0 Mbps
71591 ms [UE 57717] UL Throughput = 0.0 Mbps
71655 ms [UE 33930] UL Throughput = 0.0 Mbps
71655 ms [UE 52644] UL Throughput = 0.0 Mbps
71769 ms [UE 11372] UL Throughput = 0.0 Mbps
71769 ms [UE 19074] UL Throughput = 0.0 Mbps
71771 ms [UE 24556] UL Throughput = 0.0 Mbps
71878 ms [UE 35620] UL Throughput = 0.0 Mbps
71878 ms [UE 73211] UL Throughput = 0.0 Mbps
71954 ms [UE 5342] UL Throughput = 0.0 Mbps
71954 ms [UE 5474] UL Throughput = 0.0 Mbps
72054 ms [UE 12586] UL Throughput = 0.0 Mbps
72054 ms [UE 41045] UL Throughput = 0.0 Mbps
72166 ms [UE 11372] UL Throughput = 0.0 Mbps
72166 ms [UE 19074] UL Throughput = 0.0 Mbps
72169 ms [UE 33930] UL Throughput = 0.0 Mbps
72169 ms [UE 52644] UL Throughput = 0.11649 Mbps
72296 ms [UE 7281] UL Throughput = 0.0 Mbps
72296 ms [UE 53987] UL Throughput = 0.08794 Mbps
72302 ms [UE 7281] UL Throughput = 0.0 Mbps
72302 ms [UE 53987] UL Throughput = 0.0 Mbps
72405 ms [UE 12586] UL Throughput = 0.0 Mbps
72405 ms [UE 33930] UL Throughput = 0.12203 Mbps
72405 ms [UE 41045] UL Throughput = 0.0 Mbps
72501 ms [UE 35620] UL Throughput = 0.0 Mbps
72501 ms [UE 73211] UL Throughput = 0.0 Mbps
72587 ms [UE 2379] UL Throughput = 0.0 Mbps
72587 ms [UE 55955] UL Throughput = 0.0 Mbps
72685 ms [UE 12586] UL Throughput = 0.13396 Mbps
72685 ms [UE 41045] UL Throughput = 0.0 Mbps
72790 ms [UE 2379] UL Throughput = 0.0 Mbps
72866 ms [UE 24556] UL Throughput = 0.0 Mbps
72866 ms [UE 57717] UL Throughput = 0.0 Mbps
72963 ms [UE 33930] UL Throughput = 0.14088 Mbps
72963 ms [UE 52644] UL Throughput = 0.16401 Mbps
73054 ms [UE 11372] UL Throughput = 0.0 Mbps
73054 ms [UE 19074] UL Throughput = 0.22595 Mbps
73054 ms [UE 39999] UL Throughput = 0.08148 Mbps
73054 ms [UE 50104] UL Throughput = 0.0 Mbps
73147 ms [UE 33930] UL Throughput = 0.0 Mbps
73147 ms [UE 52644] UL Throughput = 0.0 Mbps
73266 ms [UE 5342] UL Throughput = 0.0 Mbps
73266 ms [UE 5474] UL Throughput = 0.0 Mbps
73383 ms [UE 35620] UL Throughput = 0.0 Mbps
73383 ms [UE 73211] UL Throughput = 0.0 Mbps
73474 ms [UE 24556] UL Throughput = 0.0 Mbps
73474 ms [UE 57717] UL Throughput = 0.0 Mbps
73586 ms [UE 11372] UL Throughput = 0.0 Mbps
73586 ms [UE 19074] UL Throughput = 0.0 Mbps
73586 ms [UE 42234] UL Throughput = 0.0 Mbps
73713 ms [UE 5342] UL Throughput = 0.0 Mbps
73713 ms [UE 5474] UL Throughput = 0.0 Mbps
73713 ms [UE 12586] UL Throughput = 0.04573 Mbps
73713 ms [UE 41045] UL Throughput = 0.0 Mbps
73806 ms [UE 7281] UL Throughput = 0.0 Mbps
73806 ms [UE 53987] UL Throughput = 0.0 Mbps
73807 ms [UE 30040] UL Throughput = 0.0 Mbps
73807 ms [UE 33930] UL Throughput = 0.0 Mbps
73807 ms [UE 42234] UL Throughput = 0.0 Mbps
73807 ms [UE 52644] UL Throughput = 0.0 Mbps
73925 ms [UE 30040] UL Throughput = 0.0 Mbps
73925 ms [UE 42234] UL Throughput = 0.0 Mbps
73999 ms [UE 12586] UL Throughput = 0.0 Mbps
73999 ms [UE 41045] UL Throughput = 0.0 Mbps
74001 ms [UE 33930] UL Throughput = 0.21848 Mbps
74001 ms [UE 52644] UL Throughput = 0.0 Mbps
74082 ms [UE 30040] UL Throughput = 0.0 Mbps
74082 ms [UE 42234] UL Throughput = 0.0 Mbps
74084 ms [UE 30040] UL Throughput = 0.0 Mbps
74084 ms [UE 42234] UL Throughput = 0.0 Mbps
74195 ms [UE 24556] UL Throughput = 0.05968 Mbps
74195 ms [UE 57717] UL Throughput = 0.0 Mbps
74267 ms [UE 30040] UL Throughput = 0.0 Mbps
74267 ms [UE 42234] UL Throughput = 0.0 Mbps
74377 ms [UE 57717] UL Throughput = 0.0 Mbps
74470 ms [UE 39999] UL Throughput = 0.0 Mbps
74470 ms [UE 50104] UL Throughput = 0.0 Mbps
74475 ms [UE 12586] UL Throughput = 0.0 Mbps
74475 ms [UE 41045] UL Throughput = 0.0 Mbps
74554 ms [UE 5342] UL Throughput = 0.0 Mbps
74554 ms [UE 5474] UL Throughput = 0.0 Mbps
74658 ms [UE 2379] UL Throughput = 0.0 Mbps
74658 ms [UE 12586] UL Throughput = 0.0 Mbps
74658 ms [UE 41045] UL Throughput = 0.0 Mbps
74658 ms [UE 55955] UL Throughput = 0.0 Mbps
74735 ms [UE 35620] UL Throughput = 0.11319 Mbps
74735 ms [UE 55955] UL Throughput = 0.22542 Mbps
74735 ms [UE 73211] UL Throughput = 0.0 Mbps
74826 ms [UE 24556] UL Throughput = 0.07541 Mbps
74826 ms [UE 57717] UL Throughput = 0.0 Mbps
74829 ms [UE 11372] UL Throughput = 0.0 Mbps
74829 ms [UE 19074] UL Throughput = 0.0 Mbps
74919 ms [UE 39999] UL Throughput = 0.0 Mbps
74919 ms [UE 50104] UL Throughput = 0.0 Mbps
74921 ms [UE 11372] UL Throughput = 0.0 Mbps
74921 ms [UE 19074] UL Throughput = 0.0 Mbps
74921 ms [UE 33930] UL Throughput = 0.0 Mbps
75003 ms [UE 7281] UL Throughput = 0.0 Mbps
75003 ms [UE 53987] UL Throughput = 0.0 Mbps
75100 ms [UE 24556] UL Throughput = 0.0 Mbps
75100 ms [UE 57717] UL Throughput = 0.0 Mbps
75187 ms [UE 39999] UL Throughput = 0.0 Mbps
75187 ms [UE 50104] UL Throughput = 0.0 Mbps
75187 ms [UE 73211] UL Throughput = 0.0 Mbps
75297 ms [UE 35620] UL Throughput = 0.01038 Mbps
75299 ms [UE 30040] UL Throughput = 0.0 Mbps
75299 ms [UE 35620] UL Throughput = 0.0 Mbps
75299 ms [UE 42234] UL Throughput = 0.0 Mbps
75299 ms [UE 73211] UL Throughput = 0.0 Mbps
75409 ms [UE 2379] UL Throughput = 0.0 Mbps
75409 ms [UE 55955] UL Throughput = 0.0 Mbps
75518 ms [UE 53987] UL Throughput = 0.0 Mbps
75523 ms [UE 39999] UL Throughput = 0.0 Mbps
75523 ms [UE 50104] UL Throughput = 0.22361 Mbps
75643 ms [UE 30040] UL Throughput = 0.18026 Mbps
75643 ms [UE 42234] UL Throughput = 0.0 Mbps
75745 ms [UE 5342] UL Throughput = 0.0 Mbps
75745 ms [UE 5474] UL Throughput = 0.0 Mbps
75868 ms [UE 24556] UL Throughput = 0.0 Mbps
75868 ms [UE 57717] UL Throughput = 0.0 Mbps
75874 ms [UE 11372] UL Throughput = 0.15336 Mbps
75878 ms [UE 11372] UL Throughput = 0.0 Mbps
75878 ms [UE 19074] UL Throughput = 0.0 Mbps
75878 ms [UE 33930] UL Throughput = 0.0 Mbps
75878 ms [UE 52644] UL Throughput = 0.0 Mbps
75967 ms [UE 7281] UL Throughput = 0.0 Mbps
75967 ms [UE 53987] UL Throughput = 0.0 Mbps
76040 ms [UE 35620] UL Throughput = 0.0 Mbps
76040 ms [UE 73211] UL Throughput = 0.0 Mbps
76129 ms [UE 33930] UL Throughput = 0.0 Mbps
76129 ms [UE 52644] UL Throughput = 0.0 Mbps
76134 ms [UE 19074] UL Throughput = 0.0 Mbps
76229 ms [UE 35620] UL Throughput = 0.13522 Mbps
76229 ms [UE 73211] UL Throughput = 0.03868 Mbps
76338 ms [UE 5342] UL Throughput = 0.0 Mbps
76338 ms [UE 5474] UL Throughput = 0.0 Mbps
76338 ms [UE 57717] UL Throughput = 0.0 Mbps
76435 ms [UE 11372] UL Throughput = 0.10786 Mbps
76435 ms [UE 19074] UL Throughput = 0.0 Mbps
76525 ms [UE 35620] UL Throughput = 0.0 Mbps
76525 ms [UE 39999] UL Throughput = 0.0 Mbps
76525 ms [UE 73211] UL Throughput = 0.0 Mbps
76644 ms [UE 5342] UL Throughput = 0.0 Mbps
76644 ms [UE 5474] UL Throughput = 0.0 Mbps
76644 ms [UE 41045] UL Throughput = 0.0 Mbps
76731 ms [UE 11372] UL Throughput = 0.0 Mbps
76733 ms [UE 7281] UL Throughput = 0.0 Mbps
76733 ms [UE 53987] UL Throughput = 0.0 Mbps
76839 ms [UE 12586] UL Throughput = 0.0 Mbps
76839 ms [UE 41045] UL Throughput = 0.17474 Mbps
76951 ms [UE 41045] UL Throughput = 0.0 Mbps
77060 ms [UE 2379] UL Throughput = 0.0 Mbps
77060 ms [UE 55955] UL Throughput = 0.0 Mbps
77143 ms [UE 12586] UL Throughput = 0.0 Mbps
77143 ms [UE 41045] UL Throughput = 0.0 Mbps
77228 ms [UE 2379] UL Throughput = 0.0 Mbps
77228 ms [UE 5342] UL Throughput = 0.21359 Mbps
77228 ms [UE 55955] UL Throughput = 0.0 Mbps
77335 ms [UE 24556] UL Throughput = 0.0 Mbps
77335 ms [UE 57717] UL Throughput = 0.0 Mbps
77336 ms [UE 55955] UL Throughput = 0.0 Mbps
77446 ms [UE 5342] UL Throughput = 0.0 Mbps
77446 ms [UE 5474] UL Throughput = 0.0 Mbps
77574 ms [UE 2379] UL Throughput = 0.0 Mbps
77574 ms [UE 24556] UL Throughput = 0.0 Mbps
77574 ms [UE 55955] UL Throughput = 0.0 Mbps
77574 ms [UE 57717] UL Throughput = 0.0 Mbps
77680 ms [UE 7281] UL Throughput = 0.0 Mbps
77680 ms [UE 53987] UL Throughput = 0.0 Mbps
77779 ms [UE 30040] UL Throughput = 0.0 Mbps
77896 ms [UE 5342] UL Throughput = 0.0 Mbps
77991 ms [UE 30040] UL Throughput = 0.0 Mbps
77991 ms [UE 42234] UL Throughput = 0.0 Mbps
78110 ms [UE 33930] UL Throughput = 0.0 Mbps
78110 ms [UE 52644] UL Throughput = 0.0 Mbps
78116 ms [UE 12586] UL Throughput = 0.0 Mbps
78116 ms [UE 41045] UL Throughput = 0.03455 Mbps
78214 ms [UE 11372] UL Throughput = 0.0 Mbps
78214 ms [UE 19074] UL Throughput = 0.0 Mbps
78296 ms [UE 2379] UL Throughput = 0.0 Mbps
78296 ms [UE 30040] UL Throughput = 0.0 Mbps
78296 ms [UE 42234] UL Throughput = 0.0 Mbps
78296 ms [UE 55955] UL Throughput = 0.0 Mbps
78395 ms [UE 5474] UL Throughput = 0.0 Mbps
78507 ms [UE 33930] UL Throughput = 0.0 Mbps
78507 ms [UE 42234] UL Throughput = 0.0 Mbps
78507 ms [UE 52644] UL Throughput = 0.0 Mbps
78509 ms [UE 33930] UL Throughput = 0.0 Mbps
78509 ms [UE 52644] UL Throughput = 0.0 Mbps
78602 ms [UE 30040] UL Throughput = 0.0 Mbps
78602 ms [UE 42234] UL Throughput = 0.0 Mbps
78690 ms [UE 2379] UL Throughput = 0.0 Mbps
78690 ms [UE 11372] UL Throughput = 0.0 Mbps
78690 ms [UE 19074] UL Throughput = 0.08048 Mbps
78690 ms [UE 55955] UL Throughput = 0.0 Mbps
78807 ms [UE 73211] UL Throughput = 0.0 Mbps
78879 ms [UE 11372] UL Throughput = 0.0 Mbps
78879 ms [UE 19074] UL Throughput = 0.0 Mbps
78972 ms [UE 12586] UL Throughput = 0.0 Mbps
78972 ms [UE 41045] UL Throughput = 0.01219 Mbps
78974 ms [UE 35620] UL Throughput = 0.0 Mbps
78974 ms [UE 73211] UL Throughput = 0.0 Mbps
78975 ms [UE 2379] UL Throughput = 0.0 Mbps
78975 ms [UE 55955] UL Throughput = 0.19734 Mbps
79084 ms [UE 39999] UL Throughput = 0.0 Mbps
79084 ms [UE 50104] UL Throughput = 0.0 Mbps
79193 ms [UE 35620] UL Throughput = 0.0 Mbps
79193 ms [UE 73211] UL Throughput = 0.0 Mbps
79316 ms [UE 5342] UL Throughput = 0.0 Mbps
79316 ms [UE 5474] UL Throughput = 0.12086 Mbps
79406 ms [UE 5342] UL Throughput = 0.0 Mbps
79406 ms [UE 5474] UL Throughput = 0.0 Mbps
79410 ms [UE 30040] UL Throughput = 0.0 Mbps
79410 ms [UE 42234] UL Throughput = 0.0 Mbps
79509 ms [UE 30040] UL Throughput = 0.0 Mbps
79509 ms [UE 42234] UL Throughput = 0.0 Mbps
79605 ms [UE 5474] UL Throughput = 0.0 Mbps
79606 ms [UE 5342] UL Throughput = 0.0 Mbps
79606 ms [UE 5474] UL Throughput = 0.14695 Mbps
79682 ms [UE 2379] UL Throughput = 0.0 Mbps
79682 ms [UE 55955] UL Throughput = 0.0 Mbps
79768 ms [UE 7281] UL Throughput = 0.0 Mbps
79768 ms [UE 53987] UL Throughput = 0.19041 Mbps
79871 ms [UE 35620] UL Throughput = 0.0 Mbps
79967 ms [UE 42234] UL Throughput = 0.01036 Mbps
80043 ms [UE 11372] UL Throughput = 0.0 Mbps
80043 ms [UE 19074] UL Throughput = 0.0 Mbps
80143 ms [UE 2379] UL Throughput = 0.0 Mbps
80143 ms [UE 55955] UL Throughput = 0.0 Mbps
80223 ms [UE 33930] UL Throughput = 0.0 Mbps
80228 ms [UE 2379] UL Throughput = 0.0 Mbps
80228 ms [UE 55955] UL Throughput = 0.0 Mbps
80333 ms [UE 24556] UL Throughput = 0.0 Mbps
80438 ms [UE 24556] UL Throughput = 0.0 Mbps
80438 ms [UE 57717] UL Throughput = 0.0 Mbps
80547 ms [UE 39999] UL Throughput = 0.0 Mbps
80547 ms [UE 50104] UL Throughput = 0.0 Mbps
80657 ms [UE 30040] UL Throughput = 0.0 Mbps
80657 ms [UE 42234] UL Throughput = 0.0 Mbps
80765 ms [UE 2379] UL Throughput = 0.1868 Mbps
80765 ms [UE 55955] UL Throughput = 0.0 Mbps
80894 ms [UE 2379] UL Throughput = 0.16784 Mbps
80894 ms [UE 55955] UL Throughput = 0.0 Mbps
80984 ms [UE 2379] UL Throughput = 0.0 Mbps
80984 ms [UE 55955] UL Throughput = 0.0 Mbps
80985 ms [UE 5342] UL Throughput = 0.0 Mbps
80985 ms [UE 5474] UL Throughput = 0.20206 Mbps
80985 ms [UE 7281] UL Throughput = 0.0 Mbps
80985 ms [UE 53987] UL Throughput = 0.0 Mbps
81083 ms [UE 55955] UL Throughput = 0.0 Mbps
81178 ms [UE 33930] UL Throughput = 0.0 Mbps
81178 ms [UE 52644] UL Throughput = 0.0 Mbps
81293 ms [UE 35620] UL Throughput = 0.0 Mbps
81293 ms [UE 73211] UL Throughput = 0.0 Mbps
81387 ms [UE 33930] UL Throughput = 0.0 Mbps
81387 ms [UE 52644] UL Throughput = 0.03894 Mbps
81469 ms [UE 2379] UL Throughput = 0.0 Mbps
81469 ms [UE 55955] UL Throughput = 0.0 Mbps
81594 ms [UE 30040] UL Throughput = 0.0 Mbps
81594 ms [UE 42234] UL Throughput = 0.0 Mbps
81671 ms [UE 12586] UL Throughput = 0.0 Mbps
81671 ms [UE 41045] UL Throughput = 0.0 Mbps
81775 ms [UE 24556] UL Throughput = 0.21228 Mbps
81775 ms [UE 57717] UL Throughput = 0.0 Mbps
81855 ms [UE 39999] UL Throughput = 0.0 Mbps
81931 ms [UE 7281] UL Throughput = 0.06296 Mbps
81931 ms [UE 53987] UL Throughput = 0.0 Mbps
81932 ms [UE 7281] UL Throughput = 0.0 Mbps
81932 ms [UE 30040] UL Throughput = 0.0 Mbps
81932 ms [UE 42234] UL Throughput = 0.0 Mbps
81932 ms [UE 53987] UL Throughput = 0.15399 Mbps
82022 ms [UE 35620] UL Throughput = 0.0 Mbps
82115 ms [UE 33930] UL Throughput = 0.19393 Mbps
82115 ms [UE 52644] UL Throughput = 0.0 Mbps
82214 ms [UE 24556] UL Throughput = 0.0 Mbps
82214 ms [UE 57717] UL Throughput = 0.0 Mbps
82320 ms [UE 35620] UL Throughput = 0.0 Mbps
82320 ms [UE 73211] UL Throughput = 0.0 Mbps
82433 ms [UE 39999] UL Throughput = 0.0 Mbps
82433 ms [UE 50104] UL Throughput = 0.0 Mbps
82540 ms [UE 24556] UL Throughput = 0.0 Mbps
82540 ms [UE 57717] UL Throughput = 0.0 Mbps
82639 ms [UE 11372] UL Throughput = 0.0 Mbps
82639 ms [UE 19074] UL Throughput = 0.0 Mbps
82725 ms [UE 7281] UL Throughput = 0.0 Mbps
82725 ms [UE 53987] UL Throughput = 0.0 Mbps
82731 ms [UE 39999] UL Throughput = 0.0 Mbps
82731 ms [UE 50104] UL Throughput = 0.0 Mbps
82817 ms [UE 24556] UL Throughput = 0.0 Mbps
82817 ms [UE 57717] UL Throughput = 0.0 Mbps
82903 ms [UE 2379] UL Throughput = 0.0 Mbps
82903 ms [UE 55955] UL Throughput = 0.0 Mbps
83006 ms [UE 33930] UL Throughput = 0.0 Mbps
83006 ms [UE 52644] UL Throughput = 0.0 Mbps
83009 ms [UE 12586] UL Throughput = 0.0 Mbps
83100 ms [UE 39999] UL Throughput = 0.0 Mbps
83100 ms [UE 50104] UL Throughput = 0.16927 Mbps
83197 ms [UE 7281] UL Throughput = 0.0 Mbps
83197 ms [UE 53987] UL Throughput = 0.0 Mbps
83308 ms [UE 24556] UL Throughput = 0.0 Mbps
83408 ms [UE 55955] UL Throughput = 0.0 Mbps
83505 ms [UE 11372] UL Throughput = 0.0 Mbps
83505 ms [UE 19074] UL Throughput = 0.0 Mbps
83505 ms [UE 39999] UL Throughput = 0.07889 Mbps
83505 ms [UE 50104] UL Throughput = 0.0 Mbps
83507 ms [UE 2379] UL Throughput = 0.0 Mbps
83507 ms [UE 30040] UL Throughput = 0.0 Mbps
83507 ms [UE 42234] UL Throughput = 0.0 Mbps
83507 ms [UE 55955] UL Throughput = 0.0 Mbps
83609 ms [UE 12586] UL Throughput = 0.0 Mbps
83609 ms [UE 41045] UL Throughput = 0.0 Mbps
83614 ms [UE 39999] UL Throughput = 0.0 Mbps
83614 ms [UE 50104] UL Throughput = 0.0 Mbps
83701 ms [UE 11372] UL Throughput = 0.0 Mbps
83701 ms [UE 19074] UL Throughput = 0.0 Mbps
83801 ms [UE 12586] UL Throughput = 0.22331 Mbps
83801 ms [UE 24556] UL Throughput = 0.0 Mbps
83801 ms [UE 41045] UL Throughput = 0.0 Mbps
83801 ms [UE 57717] UL Throughput = 0.0 Mbps
83885 ms [UE 2379] UL Throughput = 0.0 Mbps
83885 ms [UE 12586] UL Throughput = 0.0 Mbps
83885 ms [UE 41045] UL Throughput = 0.0 Mbps
83885 ms [UE 55955] UL Throughput = 0.0 Mbps
83964 ms [UE 7281] UL Throughput = 0.11524 Mbps
83964 ms [UE 39999] UL Throughput = 0.0 Mbps
83964 ms [UE 50104] UL Throughput = 0.13886 Mbps
83964 ms [UE 53987] UL Throughput = 0.0 Mbps
83966 ms [UE 55955] UL Throughput = 0.0 Mbps
83966 ms [UE 57717] UL Throughput = 0.0 Mbps
84057 ms [UE 35620] UL Throughput = 0.0 Mbps
84057 ms [UE 73211] UL Throughput = 0.0 Mbps
84178 ms [UE 35620] UL Throughput = 0.0 Mbps
84178 ms [UE 73211] UL Throughput = 0.0 Mbps
84180 ms [UE 12586] UL Throughput = 0.0 Mbps
84180 ms [UE 41045] UL Throughput = 0.0 Mbps
84265 ms [UE 12586] UL Throughput = 0.11422 Mbps
84265 ms [UE 30040] UL Throughput = 0.22625 Mbps
84265 ms [UE 41045] UL Throughput = 0.0 Mbps
84265 ms [UE 42234] UL Throughput = 0.0 Mbps
84366 ms [UE 52644] UL Throughput = 0.0 Mbps
84370 ms [UE 50104] UL Throughput = 0.0 Mbps
84373 ms [UE 12586] UL Throughput = 0.0 Mbps
84373 ms [UE 41045] UL Throughput = 0.0 Mbps
84442 ms [UE 30040] UL Throughput = 0.0 Mbps
84442 ms [UE 35620] UL Throughput = 0.0 Mbps
84442 ms [UE 42234] UL Throughput = 0.0 Mbps
84442 ms [UE 73211] UL Throughput = 0.0937 Mbps
84528 ms [UE 11372] UL Throughput = 0.09116 Mbps
84528 ms [UE 19074] UL Throughput = 0.0 Mbps
84636 ms [UE 41045] UL Throughput = 0.0 Mbps
84754 ms [UE 2379] UL Throughput = 0.0 Mbps
84754 ms [UE 55955] UL Throughput = 0.0 Mbps
84848 ms [UE 5342] UL Throughput = 0.0 Mbps
84848 ms [UE 5474] UL Throughput = 0.13365 Mbps
84848 ms [UE 11372] UL Throughput = 0.0 Mbps
84848 ms [UE 19074] UL Throughput = 0.0 Mbps
84853 ms [UE 5342] UL Throughput = 0.0 Mbps
84853 ms [UE 5474] UL Throughput = 0.0 Mbps
84933 ms [UE 57717] UL Throughput = 0.0 Mbps
85034 ms [UE 39999] UL Throughput = 0.0 Mbps
85034 ms [UE 50104] UL Throughput = 0.0 Mbps
85134 ms [UE 50104] UL Throughput = 0.0 Mbps
85242 ms [UE 30040] UL Throughput = 0.0 Mbps
85242 ms [UE 42234] UL Throughput = 0.0 Mbps
85336 ms [UE 2379] UL Throughput = 0.0 Mbps
85336 ms [UE 11372] UL Throughput = 0.08162 Mbps
85336 ms [UE 19074] UL Throughput = 0.0 Mbps
85336 ms [UE 55955] UL Throughput = 0.16858 Mbps
85419 ms [UE 30040] UL Throughput = 0.0 Mbps
85419 ms [UE 42234] UL Throughput = 0.0 Mbps
85515 ms [UE 24556] UL Throughput = 0.0 Mbps
85515 ms [UE 57717] UL Throughput = 0.0 Mbps
85638 ms [UE 2379] UL Throughput = 0.0 Mbps
85638 ms [UE 55955] UL Throughput = 0.0 Mbps
85737 ms [UE 24556] UL Throughput = 0.0 Mbps
85737 ms [UE 30040] UL Throughput = 0.0 Mbps
85737 ms [UE 42234] UL Throughput = 0.0 Mbps
85737 ms [UE 57717] UL Throughput = 0.0 Mbps
85811 ms [UE 2379] UL Throughput = 0.0 Mbps
85811 ms [UE 55955] UL Throughput = 0.0 Mbps
85936 ms [UE 2379] UL Throughput = 0.18273 Mbps
85936 ms [UE 55955] UL Throughput = 0.0 Mbps
86053 ms [UE 5474] UL Throughput = 0.0 Mbps
86053 ms [UE 35620] UL Throughput = 0.0 Mbps
86053 ms [UE 73211] UL Throughput = 0.0 Mbps
86055 ms [UE 11372] UL Throughput = 0.0 Mbps
86055 ms [UE 19074] UL Throughput = 0.0 Mbps
86058 ms [UE 24556] UL Throughput = 0.0 Mbps
86165 ms [UE 24556] UL Throughput = 0.08419 Mbps
86165 ms [UE 33930] UL Throughput = 0.0 Mbps
86165 ms [UE 52644] UL Throughput = 0.0 Mbps
86165 ms [UE 57717] UL Throughput = 0.0 Mbps
86260 ms [UE 12586] UL Throughput = 0.0 Mbps
86260 ms [UE 41045] UL Throughput = 0.0 Mbps
86356 ms [UE 35620] UL Throughput = 0.0 Mbps
86356 ms [UE 73211] UL Throughput = 0.0 Mbps
86438 ms [UE 24556] UL Throughput = 0.0 Mbps
86438 ms [UE 57717] UL Throughput = 0.0 Mbps
86528 ms [UE 33930] UL Throughput = 0.0 Mbps
86528 ms [UE 52644] UL Throughput = 0.0 Mbps
86653 ms [UE 19074] UL Throughput = 0.0 Mbps
86756 ms [UE 2379] UL Throughput = 0.0 Mbps
86756 ms [UE 55955] UL Throughput = 0.0 Mbps
86833 ms [UE 5474] UL Throughput = 0.0 Mbps
86839 ms [UE 7281] UL Throughput = 0.0 Mbps
86839 ms [UE 12586] UL Throughput = 0.0 Mbps
86839 ms [UE 41045] UL Throughput = 0.18646 Mbps
86839 ms [UE 53987] UL Throughput = 0.0 Mbps
86841 ms [UE 12586] UL Throughput = 0.0 Mbps
86841 ms [UE 41045] UL Throughput = 0.0 Mbps
86936 ms [UE 2379] UL Throughput = 0.0 Mbps
86936 ms [UE 55955] UL Throughput = 0.0 Mbps
86942 ms [UE 2379] UL Throughput = 0.13935 Mbps
86942 ms [UE 55955] UL Throughput = 0.0 Mbps
87029 ms [UE 52644] UL Throughput = 0.0 Mbps
87035 ms [UE 30040] UL Throughput = 0.05227 Mbps
87035 ms [UE 42234] UL Throughput = 0.0 Mbps
87122 ms [UE 5342] UL Throughput = 0.0 Mbps
87215 ms [UE 7281] UL Throughput = 0.0 Mbps
87215 ms [UE 53987] UL Throughput = 0.0 Mbps
87302 ms [UE 11372] UL Throughput = 0.0 Mbps
87302 ms [UE 19074] UL Throughput = 0.08935 Mbps
87305 ms [UE 5342] UL Throughput = 0.0 Mbps
87305 ms [UE 5474] UL Throughput = 0.0 Mbps
87307 ms [UE 12586] UL Throughput = 0.0 Mbps
87307 ms [UE 41045] UL Throughput = 0.0 Mbps
87400 ms [UE 7281] UL Throughput = 0.0 Mbps
87400 ms [UE 53987] UL Throughput = 0.0 Mbps
87472 ms [UE 24556] UL Throughput = 0.0 Mbps
87472 ms [UE 57717] UL Throughput = 0.21245 Mbps
87474 ms [UE 24556] UL Throughput = 0.0 Mbps
87474 ms [UE 57717] UL Throughput = 0.0 Mbps
87476 ms [UE 11372] UL Throughput = 0.0 Mbps
87476 ms [UE 19074] UL Throughput = 0.0 Mbps
87574 ms [UE 41045] UL Throughput = 0.0 Mbps
87683 ms [UE 33930] UL Throughput = 0.0 Mbps
87683 ms [UE 52644] UL Throughput = 0.0 Mbps
87798 ms [UE 2379] UL Throughput = 0.0 Mbps
87798 ms [UE 55955] UL Throughput = 0.0 Mbps
87896 ms [UE 39999] UL Throughput = 0.0 Mbps
87896 ms [UE 50104] UL Throughput = 0.0 Mbps
87996 ms [UE 39999] UL Throughput = 0.0 Mbps
87996 ms [UE 50104] UL Throughput = 0.0 Mbps
88094 ms [UE 11372] UL Throughput = 0.0 Mbps
88094 ms [UE 19074] UL Throughput = 0.0 Mbps
88190 ms [UE 5342] UL Throughput = 0.0 Mbps
88190 ms [UE 5474] UL Throughput = 0.0 Mbps
88286 ms [UE 11372] UL Throughput = 0.0 Mbps
88286 ms [UE 19074] UL Throughput = 0.0 Mbps
88371 ms [UE 39999] UL Throughput = 0.0 Mbps
88371 ms [UE 50104] UL Throughput = 0.01432 Mbps
88466 ms [UE 12586] UL Throughput = 0.0 Mbps
88466 ms [UE 24556] UL Throughput = 0.0 Mbps
88466 ms [UE 41045] UL Throughput = 0.0 Mbps
88466 ms [UE 57717] UL Throughput = 0.0 Mbps
88572 ms [UE 11372] UL Throughput = 0.0 Mbps
88572 ms [UE 19074] UL Throughput = 0.0 Mbps
88693 ms [UE 11372] UL Throughput = 0.0 Mbps
88693 ms [UE 19074] UL Throughput = 0.0 Mbps
88781 ms [UE 2379] UL Throughput = 0.0 Mbps
88781 ms [UE 55955] UL Throughput = 0.0 Mbps
88909 ms [UE 24556] UL Throughput = 0.0 Mbps
88909 ms [UE 30040] UL Throughput = 0.0 Mbps
88909 ms [UE 42234] UL Throughput = 0.0 Mbps
88909 ms [UE 57717] UL Throughput = 0.12943 Mbps
88914 ms [UE 7281] UL Throughput = 0.0 Mbps
88914 ms [UE 53987] UL Throughput = 0.0 Mbps
89017 ms [UE 7281] UL Throughput = 0.0 Mbps
89017 ms [UE 53987] UL Throughput = 0.2034 Mbps
89023 ms [UE 30040] UL Throughput = 0.0 Mbps
89023 ms [UE 42234] UL Throughput = 0.0 Mbps
89123 ms [UE 12586] UL Throughput = 0.0 Mbps
89123 ms [UE 35620] UL Throughput = 0.04497 Mbps
89123 ms [UE 41045] UL Throughput = 0.0 Mbps
89123 ms [UE 73211] UL Throughput = 0.0 Mbps
89124 ms [UE 11372] UL Throughput = 0.02837 Mbps
89124 ms [UE 19074] UL Throughput = 0.0 Mbps
89210 ms [UE 5342] UL Throughput = 0.12278 Mbps
89210 ms [UE 5474] UL Throughput = 0.10091 Mbps
89211 ms [UE 30040] UL Throughput = 0.05757 Mbps
89211 ms [UE 42234] UL Throughput = 0.0 Mbps
89215 ms [UE 30040] UL Throughput = 0.0 Mbps
89215 ms [UE 42234] UL Throughput = 0.0 Mbps
89302 ms [UE 24556] UL Throughput = 0.0 Mbps
89302 ms [UE 35620] UL Throughput = 0.0 Mbps
89302 ms [UE 57717] UL Throughput = 0.0 Mbps
89302 ms [UE 73211] UL Throughput = 0.22299 Mbps
89377 ms [UE 12586] UL Throughput = 0.0 Mbps
89377 ms [UE 41045] UL Throughput = 0.0 Mbps
89446 ms [UE 2379] UL Throughput = 0.0 Mbps
89446 ms [UE 55955] UL Throughput = 0.0 Mbps
89535 ms [UE 7281] UL Throughput = 0.12097 Mbps
89535 ms [UE 53987] UL Throughput = 0.19127 Mbps
89642 ms [UE 12586] UL Throughput = 0.0 Mbps
89642 ms [UE 41045] UL Throughput = 0.0 Mbps
89738 ms [UE 39999] UL Throughput = 0.02935 Mbps
89738 ms [UE 50104] UL Throughput = 0.0 Mbps
89841 ms [UE 5342] UL Throughput = 0.0 Mbps
89844 ms [UE 7281] UL Throughput = 0.0 Mbps
89844 ms [UE 53987] UL Throughput = 0.0 Mbps
