[UTIL]: Setting the config -c file to /usr/local/etc/flexric/flexric.conf
[UTIL]: Setting path -p for the shared libraries to /usr/local/lib/flexric/
[xAapp]: Initializing ... 
[xApp]: nearRT-RIC IP Address = 192.168.70.150, PORT = 36422
[E2 AGENT]: Opening plugin from path = /usr/local/lib/flexric/libkpm_sm.so 
[E2 AGENT]: Opening plugin from path = /usr/local/lib/flexric/libmac_sm.so 
[E2 AGENT]: Opening plugin from path = /usr/local/lib/flexric/libpdcp_sm.so 
[E2 AGENT]: Opening plugin from path = /usr/local/lib/flexric/libgtp_sm.so 
[E2 AGENT]: Opening plugin from path = /usr/local/lib/flexric/librc_sm.so 
[E2 AGENT]: Opening plugin from path = /usr/local/lib/flexric/libtc_sm.so 
[E2 AGENT]: Opening plugin from path = /usr/local/lib/flexric/librlc_sm.so 
[E2 AGENT]: Opening plugin from path = /usr/local/lib/flexric/libslice_sm.so 
[NEAR-RIC]: Loading SM ID = 2 with def = ORAN-E2SM-KPM 
[NEAR-RIC]: Loading SM ID = 142 with def = MAC_STATS_V0 
[NEAR-RIC]: Loading SM ID = 144 with def = PDCP_STATS_V0 
[NEAR-RIC]: Loading SM ID = 148 with def = GTP_STATS_V0 
[NEAR-RIC]: Loading SM ID = 3 with def = ORAN-E2SM-RC 
[NEAR-RIC]: Loading SM ID = 146 with def = TC_STATS_V0 
[NEAR-RIC]: Loading SM ID = 143 with def = RLC_STATS_V0 
[NEAR-RIC]: Loading SM ID = 145 with def = SLICE_STATS_V0 
[xApp]: DB filename = /tmp/flexric/xapp_db 
 [xApp]: E42 SETUP-REQUEST tx
[xApp]: E42 SETUP-RESPONSE rx 
[xApp]: xApp ID = 34 
[xApp]: Registered E2 Nodes = 4 
Connected E2 nodes = 4
[xAPP] Registered node 0 ran func id = 2 
[xAPP] Registered node 0 ran func id = 3 
[xAPP] Registered node 0 ran func id = 142 
[xAPP] Registered node 0 ran func id = 143 
[xAPP] Registered node 0 ran func id = 144 
[xAPP] Registered node 0 ran func id = 145 
[xAPP] Registered node 0 ran func id = 146 
[xAPP] Registered node 0 ran func id = 148 
[xAPP] CU or CUUP, don't do anything
[xAPP] Registered node 1 ran func id = 2 
[xAPP] Registered node 1 ran func id = 3 
[xAPP] Registered node 1 ran func id = 142 
[xAPP] Registered node 1 ran func id = 143 
[xAPP] Registered node 1 ran func id = 144 
[xAPP] Registered node 1 ran func id = 145 
[xAPP] Registered node 1 ran func id = 146 
[xAPP] Registered node 1 ran func id = 148 
[xAPP] Registered node 2 ran func id = 2 
[xAPP] Registered node 2 ran func id = 3 
[xAPP] Registered node 2 ran func id = 142 
[xAPP] Registered node 2 ran func id = 143 
[xAPP] Registered node 2 ran func id = 144 
[xAPP] Registered node 2 ran func id = 145 
[xAPP] Registered node 2 ran func id = 146 
[xAPP] Registered node 2 ran func id = 148 
[xApp] DU detected
[xApp]: E42 RIC SUBSCRIPTION REQUEST tx RAN_FUNC_ID 142 RIC_REQ_ID 1 
[xApp]: SUBSCRIPTION RESPONSE rx
[xApp]: Successfully subscribed to RAN_FUNC_ID 142 
[xAPP] Registered node 3 ran func id = 2 
[xAPP] Registered node 3 ran func id = 3 
[xAPP] Registered node 3 ran func id = 142 
[xAPP] Registered node 3 ran func id = 143 
[xAPP] Registered node 3 ran func id = 144 
[xAPP] Registered node 3 ran func id = 145 
[xAPP] Registered node 3 ran func id = 146 
[xAPP] Registered node 3 ran func id = 148 
[xApp] DU detected
[xApp]: E42 RIC SUBSCRIPTION REQUEST tx RAN_FUNC_ID 142 RIC_REQ_ID 2 
[xApp]: SUBSCRIPTION RESPONSE rx
[xApp]: Successfully subscribed to RAN_FUNC_ID 142 
[   12 ms] [UE 45898] UL: SNR = 63.50 dB | SE = 20.778 bit/s/Hz
[   12 ms] [UE 36997] UL: SNR = 63.50 dB | SE = 20.778 bit/s/Hz
[   12 ms] [UE 48787] UL: SNR = 63.50 dB | SE = 20.778 bit/s/Hz
[   12 ms] [UE 40252] UL: SNR = 56.00 dB | SE = 18.324 bit/s/Hz
[   12 ms] [UE 15599] UL: SNR = 52.50 dB | SE = 17.179 bit/s/Hz
[   15 ms] [UE 33952] UL: SNR = 63.50 dB | SE = 20.778 bit/s/Hz
[   15 ms] [UE 12169] UL: SNR = 63.50 dB | SE = 20.778 bit/s/Hz
[   15 ms] [UE 22873] UL: SNR = 5.50 dB | SE = 2.152 bit/s/Hz
[   15 ms] [UE 30556] UL: SNR = 63.50 dB | SE = 20.778 bit/s/Hz
[   15 ms] [UE 20945] UL: SNR = 63.50 dB | SE = 20.778 bit/s/Hz
[  112 ms] [UE 45898] UL: SNR = 63.50 dB | SE = 20.778 bit/s/Hz
[  112 ms] [UE 36997] UL: SNR = 63.50 dB | SE = 20.778 bit/s/Hz
[  112 ms] [UE 48787] UL: SNR = 63.50 dB | SE = 20.778 bit/s/Hz
[  112 ms] [UE 40252] UL: SNR = 56.00 dB | SE = 18.324 bit/s/Hz
[  112 ms] [UE 15599] UL: SNR = 52.50 dB | SE = 17.179 bit/s/Hz
[  124 ms] [UE 33952] UL: SNR = 63.50 dB | SE = 20.778 bit/s/Hz
[  124 ms] [UE 12169] UL: SNR = 63.50 dB | SE = 20.778 bit/s/Hz
[  124 ms] [UE 22873] UL: SNR = 5.50 dB | SE = 2.152 bit/s/Hz
[  124 ms] [UE 30556] UL: SNR = 63.50 dB | SE = 20.778 bit/s/Hz
[  124 ms] [UE 20945] UL: SNR = 63.50 dB | SE = 20.778 bit/s/Hz
[  213 ms] [UE 45898] UL: SNR = 63.50 dB | SE = 20.778 bit/s/Hz
[  213 ms] [UE 36997] UL: SNR = 63.50 dB | SE = 20.778 bit/s/Hz
[  213 ms] [UE 48787] UL: SNR = 63.50 dB | SE = 20.778 bit/s/Hz
[  213 ms] [UE 40252] UL: SNR = 56.00 dB | SE = 18.324 bit/s/Hz
[  213 ms] [UE 15599] UL: SNR = 52.50 dB | SE = 17.179 bit/s/Hz
[  224 ms] [UE 33952] UL: SNR = 63.50 dB | SE = 20.778 bit/s/Hz
[  224 ms] [UE 12169] UL: SNR = 63.50 dB | SE = 20.778 bit/s/Hz
[  224 ms] [UE 22873] UL: SNR = 5.50 dB | SE = 2.152 bit/s/Hz
[  224 ms] [UE 30556] UL: SNR = 63.50 dB | SE = 20.778 bit/s/Hz
[  224 ms] [UE 20945] UL: SNR = 63.50 dB | SE = 20.778 bit/s/Hz
[  315 ms] [UE 45898] UL: SNR = 63.50 dB | SE = 20.778 bit/s/Hz
[  315 ms] [UE 36997] UL: SNR = 63.50 dB | SE = 20.778 bit/s/Hz
[  315 ms] [UE 48787] UL: SNR = 63.50 dB | SE = 20.778 bit/s/Hz
[  315 ms] [UE 40252] UL: SNR = 56.00 dB | SE = 18.324 bit/s/Hz
[  315 ms] [UE 15599] UL: SNR = 52.50 dB | SE = 17.179 bit/s/Hz
[  334 ms] [UE 33952] UL: SNR = 63.50 dB | SE = 20.778 bit/s/Hz
[  334 ms] [UE 12169] UL: SNR = 63.50 dB | SE = 20.778 bit/s/Hz
[  334 ms] [UE 22873] UL: SNR = 5.50 dB | SE = 2.152 bit/s/Hz
[  334 ms] [UE 30556] UL: SNR = 63.50 dB | SE = 20.778 bit/s/Hz
[  334 ms] [UE 20945] UL: SNR = 63.50 dB | SE = 20.778 bit/s/Hz
[  422 ms] [UE 45898] UL: SNR = 63.50 dB | SE = 20.778 bit/s/Hz
[  422 ms] [UE 36997] UL: SNR = 63.50 dB | SE = 20.778 bit/s/Hz
[  422 ms] [UE 48787] UL: SNR = 63.50 dB | SE = 20.778 bit/s/Hz
[  422 ms] [UE 40252] UL: SNR = 56.00 dB | SE = 18.324 bit/s/Hz
[  422 ms] [UE 15599] UL: SNR = 52.50 dB | SE = 17.179 bit/s/Hz
[  434 ms] [UE 33952] UL: SNR = 63.50 dB | SE = 20.778 bit/s/Hz
[  434 ms] [UE 12169] UL: SNR = 63.50 dB | SE = 20.778 bit/s/Hz
[  434 ms] [UE 22873] UL: SNR = 5.50 dB | SE = 2.152 bit/s/Hz
[  434 ms] [UE 30556] UL: SNR = 63.50 dB | SE = 20.778 bit/s/Hz
[  434 ms] [UE 20945] UL: SNR = 63.50 dB | SE = 20.778 bit/s/Hz
[  532 ms] [UE 45898] UL: SNR = 63.50 dB | SE = 20.778 bit/s/Hz
[  532 ms] [UE 36997] UL: SNR = 63.50 dB | SE = 20.778 bit/s/Hz
[  532 ms] [UE 48787] UL: SNR = 63.50 dB | SE = 20.778 bit/s/Hz
[  532 ms] [UE 40252] UL: SNR = 56.00 dB | SE = 18.324 bit/s/Hz
[  532 ms] [UE 15599] UL: SNR = 52.50 dB | SE = 17.179 bit/s/Hz
[  544 ms] [UE 33952] UL: SNR = 63.50 dB | SE = 20.778 bit/s/Hz
[  544 ms] [UE 12169] UL: SNR = 63.50 dB | SE = 20.778 bit/s/Hz
[  544 ms] [UE 22873] UL: SNR = 5.50 dB | SE = 2.152 bit/s/Hz
[  544 ms] [UE 30556] UL: SNR = 63.50 dB | SE = 20.778 bit/s/Hz
[  544 ms] [UE 20945] UL: SNR = 63.50 dB | SE = 20.778 bit/s/Hz
[  632 ms] [UE 45898] UL: SNR = 63.50 dB | SE = 20.778 bit/s/Hz
[  632 ms] [UE 36997] UL: SNR = 63.50 dB | SE = 20.778 bit/s/Hz
[  632 ms] [UE 48787] UL: SNR = 63.50 dB | SE = 20.778 bit/s/Hz
[  632 ms] [UE 40252] UL: SNR = 56.00 dB | SE = 18.324 bit/s/Hz
[  632 ms] [UE 15599] UL: SNR = 52.50 dB | SE = 17.179 bit/s/Hz
[  656 ms] [UE 33952] UL: SNR = 63.50 dB | SE = 20.778 bit/s/Hz
[  656 ms] [UE 12169] UL: SNR = 63.50 dB | SE = 20.778 bit/s/Hz
[  656 ms] [UE 22873] UL: SNR = 5.50 dB | SE = 2.152 bit/s/Hz
[  656 ms] [UE 30556] UL: SNR = 63.50 dB | SE = 20.778 bit/s/Hz
[  656 ms] [UE 20945] UL: SNR = 63.50 dB | SE = 20.778 bit/s/Hz
[  742 ms] [UE 45898] UL: SNR = 63.50 dB | SE = 20.778 bit/s/Hz
[  742 ms] [UE 36997] UL: SNR = 63.50 dB | SE = 20.778 bit/s/Hz
[  742 ms] [UE 48787] UL: SNR = 63.50 dB | SE = 20.778 bit/s/Hz
[  742 ms] [UE 40252] UL: SNR = 56.00 dB | SE = 18.324 bit/s/Hz
[  742 ms] [UE 15599] UL: SNR = 52.50 dB | SE = 17.179 bit/s/Hz
[  764 ms] [UE 33952] UL: SNR = 63.50 dB | SE = 20.778 bit/s/Hz
[  764 ms] [UE 12169] UL: SNR = 63.50 dB | SE = 20.778 bit/s/Hz
[  764 ms] [UE 22873] UL: SNR = 5.50 dB | SE = 2.152 bit/s/Hz
[  764 ms] [UE 30556] UL: SNR = 63.50 dB | SE = 20.778 bit/s/Hz
[  764 ms] [UE 20945] UL: SNR = 63.50 dB | SE = 20.778 bit/s/Hz
[  842 ms] [UE 45898] UL: SNR = 63.50 dB | SE = 20.778 bit/s/Hz
[  842 ms] [UE 36997] UL: SNR = 63.50 dB | SE = 20.778 bit/s/Hz
[  842 ms] [UE 48787] UL: SNR = 63.50 dB | SE = 20.778 bit/s/Hz
[  842 ms] [UE 40252] UL: SNR = 56.00 dB | SE = 18.324 bit/s/Hz
[  842 ms] [UE 15599] UL: SNR = 52.50 dB | SE = 17.179 bit/s/Hz
[  865 ms] [UE 33952] UL: SNR = 63.50 dB | SE = 20.778 bit/s/Hz
[  865 ms] [UE 12169] UL: SNR = 63.50 dB | SE = 20.778 bit/s/Hz
[  865 ms] [UE 22873] UL: SNR = 5.50 dB | SE = 2.152 bit/s/Hz
[  865 ms] [UE 30556] UL: SNR = 63.50 dB | SE = 20.778 bit/s/Hz
[  865 ms] [UE 20945] UL: SNR = 63.50 dB | SE = 20.778 bit/s/Hz
[  942 ms] [UE 45898] UL: SNR = 63.50 dB | SE = 20.778 bit/s/Hz
[  942 ms] [UE 36997] UL: SNR = 63.50 dB | SE = 20.778 bit/s/Hz
[  942 ms] [UE 48787] UL: SNR = 63.50 dB | SE = 20.778 bit/s/Hz
[  942 ms] [UE 40252] UL: SNR = 56.00 dB | SE = 18.324 bit/s/Hz
[  942 ms] [UE 15599] UL: SNR = 52.50 dB | SE = 17.179 bit/s/Hz
[  974 ms] [UE 33952] UL: SNR = 63.50 dB | SE = 20.778 bit/s/Hz
[  974 ms] [UE 12169] UL: SNR = 63.50 dB | SE = 20.778 bit/s/Hz
[  974 ms] [UE 22873] UL: SNR = 5.50 dB | SE = 2.152 bit/s/Hz
[  974 ms] [UE 30556] UL: SNR = 63.50 dB | SE = 20.778 bit/s/Hz
[  974 ms] [UE 20945] UL: SNR = 63.50 dB | SE = 20.778 bit/s/Hz
[ 1043 ms] [UE 45898] UL: SNR = 63.50 dB | SE = 20.778 bit/s/Hz
[ 1043 ms] [UE 36997] UL: SNR = 63.50 dB | SE = 20.778 bit/s/Hz
[ 1043 ms] [UE 48787] UL: SNR = 63.50 dB | SE = 20.778 bit/s/Hz
[ 1043 ms] [UE 40252] UL: SNR = 56.00 dB | SE = 18.324 bit/s/Hz
[ 1043 ms] [UE 15599] UL: SNR = 52.50 dB | SE = 17.179 bit/s/Hz
[ 1074 ms] [UE 33952] UL: SNR = 63.50 dB | SE = 20.778 bit/s/Hz
[ 1074 ms] [UE 12169] UL: SNR = 63.50 dB | SE = 20.778 bit/s/Hz
[ 1074 ms] [UE 22873] UL: SNR = 5.50 dB | SE = 2.152 bit/s/Hz
[ 1074 ms] [UE 30556] UL: SNR = 7.50 dB | SE = 2.687 bit/s/Hz
[ 1074 ms] [UE 20945] UL: SNR = 63.50 dB | SE = 20.778 bit/s/Hz
[ 1152 ms] [UE 45898] UL: SNR = 63.50 dB | SE = 20.778 bit/s/Hz
[ 1152 ms] [UE 36997] UL: SNR = 63.50 dB | SE = 20.778 bit/s/Hz
[ 1152 ms] [UE 48787] UL: SNR = 63.50 dB | SE = 20.778 bit/s/Hz
[ 1152 ms] [UE 40252] UL: SNR = 56.00 dB | SE = 18.324 bit/s/Hz
[ 1152 ms] [UE 15599] UL: SNR = 52.50 dB | SE = 17.179 bit/s/Hz
[ 1184 ms] [UE 33952] UL: SNR = 63.50 dB | SE = 20.778 bit/s/Hz
[ 1184 ms] [UE 12169] UL: SNR = 63.50 dB | SE = 20.778 bit/s/Hz
[ 1184 ms] [UE 22873] UL: SNR = 5.50 dB | SE = 2.152 bit/s/Hz
[ 1184 ms] [UE 30556] UL: SNR = 7.50 dB | SE = 2.687 bit/s/Hz
[ 1184 ms] [UE 20945] UL: SNR = 63.50 dB | SE = 20.778 bit/s/Hz
[ 1253 ms] [UE 45898] UL: SNR = 63.50 dB | SE = 20.778 bit/s/Hz
[ 1253 ms] [UE 36997] UL: SNR = 63.50 dB | SE = 20.778 bit/s/Hz
[ 1253 ms] [UE 48787] UL: SNR = 63.50 dB | SE = 20.778 bit/s/Hz
[ 1253 ms] [UE 40252] UL: SNR = 56.00 dB | SE = 18.324 bit/s/Hz
[ 1253 ms] [UE 15599] UL: SNR = 52.50 dB | SE = 17.179 bit/s/Hz
[ 1284 ms] [UE 33952] UL: SNR = 63.50 dB | SE = 20.778 bit/s/Hz
[ 1284 ms] [UE 12169] UL: SNR = 63.50 dB | SE = 20.778 bit/s/Hz
[ 1284 ms] [UE 22873] UL: SNR = 5.50 dB | SE = 2.152 bit/s/Hz
[ 1284 ms] [UE 30556] UL: SNR = 7.50 dB | SE = 2.687 bit/s/Hz
[ 1284 ms] [UE 20945] UL: SNR = 63.50 dB | SE = 20.778 bit/s/Hz
[ 1362 ms] [UE 45898] UL: SNR = 63.50 dB | SE = 20.778 bit/s/Hz
[ 1362 ms] [UE 36997] UL: SNR = 63.50 dB | SE = 20.778 bit/s/Hz
[ 1362 ms] [UE 48787] UL: SNR = 63.50 dB | SE = 20.778 bit/s/Hz
[ 1362 ms] [UE 40252] UL: SNR = 56.00 dB | SE = 18.324 bit/s/Hz
[ 1362 ms] [UE 15599] UL: SNR = 52.50 dB | SE = 17.179 bit/s/Hz
[ 1385 ms] [UE 33952] UL: SNR = 63.50 dB | SE = 20.778 bit/s/Hz
[ 1385 ms] [UE 12169] UL: SNR = 63.50 dB | SE = 20.778 bit/s/Hz
[ 1385 ms] [UE 22873] UL: SNR = 5.50 dB | SE = 2.152 bit/s/Hz
[ 1385 ms] [UE 30556] UL: SNR = 7.50 dB | SE = 2.687 bit/s/Hz
[ 1385 ms] [UE 20945] UL: SNR = 63.50 dB | SE = 20.778 bit/s/Hz
[ 1462 ms] [UE 45898] UL: SNR = 63.50 dB | SE = 20.778 bit/s/Hz
[ 1462 ms] [UE 36997] UL: SNR = 63.50 dB | SE = 20.778 bit/s/Hz
[ 1462 ms] [UE 48787] UL: SNR = 63.50 dB | SE = 20.778 bit/s/Hz
[ 1462 ms] [UE 40252] UL: SNR = 56.00 dB | SE = 18.324 bit/s/Hz
[ 1462 ms] [UE 15599] UL: SNR = 52.50 dB | SE = 17.179 bit/s/Hz
[ 1485 ms] [UE 33952] UL: SNR = 63.50 dB | SE = 20.778 bit/s/Hz
[ 1485 ms] [UE 12169] UL: SNR = 63.50 dB | SE = 20.778 bit/s/Hz
[ 1485 ms] [UE 22873] UL: SNR = 5.50 dB | SE = 2.152 bit/s/Hz
[ 1485 ms] [UE 30556] UL: SNR = 7.50 dB | SE = 2.687 bit/s/Hz
[ 1485 ms] [UE 20945] UL: SNR = 63.50 dB | SE = 20.778 bit/s/Hz
[ 1572 ms] [UE 45898] UL: SNR = 63.50 dB | SE = 20.778 bit/s/Hz
[ 1572 ms] [UE 36997] UL: SNR = 63.50 dB | SE = 20.778 bit/s/Hz
[ 1572 ms] [UE 48787] UL: SNR = 63.50 dB | SE = 20.778 bit/s/Hz
[ 1572 ms] [UE 40252] UL: SNR = 56.00 dB | SE = 18.324 bit/s/Hz
[ 1572 ms] [UE 15599] UL: SNR = 52.50 dB | SE = 17.179 bit/s/Hz
[ 1594 ms] [UE 33952] UL: SNR = 63.50 dB | SE = 20.778 bit/s/Hz
[ 1594 ms] [UE 12169] UL: SNR = 63.50 dB | SE = 20.778 bit/s/Hz
[ 1594 ms] [UE 22873] UL: SNR = 5.50 dB | SE = 2.152 bit/s/Hz
[ 1594 ms] [UE 30556] UL: SNR = 7.50 dB | SE = 2.687 bit/s/Hz
[ 1594 ms] [UE 20945] UL: SNR = 63.50 dB | SE = 20.778 bit/s/Hz
[ 1682 ms] [UE 45898] UL: SNR = 63.50 dB | SE = 20.778 bit/s/Hz
[ 1682 ms] [UE 36997] UL: SNR = 63.50 dB | SE = 20.778 bit/s/Hz
[ 1682 ms] [UE 48787] UL: SNR = 63.50 dB | SE = 20.778 bit/s/Hz
[ 1682 ms] [UE 40252] UL: SNR = 56.00 dB | SE = 18.324 bit/s/Hz
[ 1682 ms] [UE 15599] UL: SNR = 52.50 dB | SE = 17.179 bit/s/Hz
[ 1704 ms] [UE 33952] UL: SNR = 63.50 dB | SE = 20.778 bit/s/Hz
[ 1704 ms] [UE 12169] UL: SNR = 63.50 dB | SE = 20.778 bit/s/Hz
[ 1704 ms] [UE 22873] UL: SNR = 5.50 dB | SE = 2.152 bit/s/Hz
[ 1704 ms] [UE 30556] UL: SNR = 7.50 dB | SE = 2.687 bit/s/Hz
[ 1704 ms] [UE 20945] UL: SNR = 63.50 dB | SE = 20.778 bit/s/Hz
[ 1782 ms] [UE 45898] UL: SNR = 63.50 dB | SE = 20.778 bit/s/Hz
[ 1782 ms] [UE 36997] UL: SNR = 63.50 dB | SE = 20.778 bit/s/Hz
[ 1782 ms] [UE 48787] UL: SNR = 63.50 dB | SE = 20.778 bit/s/Hz
[ 1782 ms] [UE 40252] UL: SNR = 56.00 dB | SE = 18.324 bit/s/Hz
[ 1782 ms] [UE 15599] UL: SNR = 52.50 dB | SE = 17.179 bit/s/Hz
[ 1804 ms] [UE 33952] UL: SNR = 63.50 dB | SE = 20.778 bit/s/Hz
[ 1804 ms] [UE 12169] UL: SNR = 63.50 dB | SE = 20.778 bit/s/Hz
[ 1804 ms] [UE 22873] UL: SNR = 5.50 dB | SE = 2.152 bit/s/Hz
[ 1804 ms] [UE 30556] UL: SNR = 7.50 dB | SE = 2.687 bit/s/Hz
[ 1804 ms] [UE 20945] UL: SNR = 63.50 dB | SE = 20.778 bit/s/Hz
[ 1892 ms] [UE 45898] UL: SNR = 63.50 dB | SE = 20.778 bit/s/Hz
[ 1892 ms] [UE 36997] UL: SNR = 63.50 dB | SE = 20.778 bit/s/Hz
[ 1892 ms] [UE 48787] UL: SNR = 63.50 dB | SE = 20.778 bit/s/Hz
[ 1892 ms] [UE 40252] UL: SNR = 56.00 dB | SE = 18.324 bit/s/Hz
[ 1892 ms] [UE 15599] UL: SNR = 52.50 dB | SE = 17.179 bit/s/Hz
[ 1914 ms] [UE 33952] UL: SNR = 63.50 dB | SE = 20.778 bit/s/Hz
[ 1914 ms] [UE 12169] UL: SNR = 50.50 dB | SE = 16.524 bit/s/Hz
[ 1914 ms] [UE 22873] UL: SNR = 5.50 dB | SE = 2.152 bit/s/Hz
[ 1914 ms] [UE 30556] UL: SNR = 52.50 dB | SE = 17.179 bit/s/Hz
[ 1914 ms] [UE 20945] UL: SNR = 54.00 dB | SE = 17.669 bit/s/Hz
[ 2002 ms] [UE 45898] UL: SNR = 63.50 dB | SE = 20.778 bit/s/Hz
[ 2002 ms] [UE 36997] UL: SNR = 63.50 dB | SE = 20.778 bit/s/Hz
[ 2002 ms] [UE 48787] UL: SNR = 63.50 dB | SE = 20.778 bit/s/Hz
[ 2002 ms] [UE 40252] UL: SNR = 56.00 dB | SE = 18.324 bit/s/Hz
[ 2002 ms] [UE 15599] UL: SNR = 52.50 dB | SE = 17.179 bit/s/Hz
[ 2025 ms] [UE 33952] UL: SNR = 63.50 dB | SE = 20.778 bit/s/Hz
[ 2025 ms] [UE 12169] UL: SNR = 50.50 dB | SE = 16.524 bit/s/Hz
[ 2025 ms] [UE 22873] UL: SNR = 5.50 dB | SE = 2.152 bit/s/Hz
[ 2025 ms] [UE 30556] UL: SNR = 52.50 dB | SE = 17.179 bit/s/Hz
[ 2025 ms] [UE 20945] UL: SNR = 54.00 dB | SE = 17.669 bit/s/Hz
[ 2102 ms] [UE 45898] UL: SNR = 63.50 dB | SE = 20.778 bit/s/Hz
[ 2102 ms] [UE 36997] UL: SNR = 63.50 dB | SE = 20.778 bit/s/Hz
[ 2102 ms] [UE 48787] UL: SNR = 63.50 dB | SE = 20.778 bit/s/Hz
[ 2102 ms] [UE 40252] UL: SNR = 56.00 dB | SE = 18.324 bit/s/Hz
[ 2102 ms] [UE 15599] UL: SNR = 52.50 dB | SE = 17.179 bit/s/Hz
[ 2135 ms] [UE 33952] UL: SNR = 63.50 dB | SE = 20.778 bit/s/Hz
[ 2135 ms] [UE 12169] UL: SNR = 50.50 dB | SE = 16.524 bit/s/Hz
[ 2135 ms] [UE 22873] UL: SNR = 5.50 dB | SE = 2.152 bit/s/Hz
[ 2135 ms] [UE 30556] UL: SNR = 54.00 dB | SE = 17.669 bit/s/Hz
[ 2135 ms] [UE 20945] UL: SNR = 54.00 dB | SE = 17.669 bit/s/Hz
[ 2212 ms] [UE 45898] UL: SNR = 63.50 dB | SE = 20.778 bit/s/Hz
[ 2212 ms] [UE 36997] UL: SNR = 63.50 dB | SE = 20.778 bit/s/Hz
[ 2212 ms] [UE 48787] UL: SNR = 63.50 dB | SE = 20.778 bit/s/Hz
[ 2212 ms] [UE 40252] UL: SNR = 56.00 dB | SE = 18.324 bit/s/Hz
[ 2212 ms] [UE 15599] UL: SNR = 52.50 dB | SE = 17.179 bit/s/Hz
[ 2245 ms] [UE 33952] UL: SNR = 63.50 dB | SE = 20.778 bit/s/Hz
[ 2245 ms] [UE 12169] UL: SNR = 50.50 dB | SE = 16.524 bit/s/Hz
[ 2245 ms] [UE 22873] UL: SNR = 5.50 dB | SE = 2.152 bit/s/Hz
[ 2245 ms] [UE 30556] UL: SNR = 54.00 dB | SE = 17.669 bit/s/Hz
[ 2245 ms] [UE 20945] UL: SNR = 54.00 dB | SE = 17.669 bit/s/Hz
[ 2313 ms] [UE 45898] UL: SNR = 63.50 dB | SE = 20.778 bit/s/Hz
[ 2313 ms] [UE 36997] UL: SNR = 63.50 dB | SE = 20.778 bit/s/Hz
[ 2313 ms] [UE 48787] UL: SNR = 63.50 dB | SE = 20.778 bit/s/Hz
[ 2313 ms] [UE 40252] UL: SNR = 56.00 dB | SE = 18.324 bit/s/Hz
[ 2313 ms] [UE 15599] UL: SNR = 52.50 dB | SE = 17.179 bit/s/Hz
[ 2346 ms] [UE 33952] UL: SNR = 63.50 dB | SE = 20.778 bit/s/Hz
[ 2346 ms] [UE 12169] UL: SNR = 63.50 dB | SE = 20.778 bit/s/Hz
[ 2346 ms] [UE 22873] UL: SNR = 63.50 dB | SE = 20.778 bit/s/Hz
[ 2346 ms] [UE 30556] UL: SNR = 63.50 dB | SE = 20.778 bit/s/Hz
[ 2346 ms] [UE 20945] UL: SNR = 63.50 dB | SE = 20.778 bit/s/Hz
[ 2422 ms] [UE 45898] UL: SNR = 63.50 dB | SE = 20.778 bit/s/Hz
[ 2422 ms] [UE 36997] UL: SNR = 63.50 dB | SE = 20.778 bit/s/Hz
[ 2422 ms] [UE 48787] UL: SNR = 63.50 dB | SE = 20.778 bit/s/Hz
[ 2422 ms] [UE 40252] UL: SNR = 56.00 dB | SE = 18.324 bit/s/Hz
[ 2422 ms] [UE 15599] UL: SNR = 52.50 dB | SE = 17.179 bit/s/Hz
[ 2454 ms] [UE 33952] UL: SNR = 63.50 dB | SE = 20.778 bit/s/Hz
[ 2454 ms] [UE 12169] UL: SNR = 63.50 dB | SE = 20.778 bit/s/Hz
[ 2454 ms] [UE 22873] UL: SNR = 63.50 dB | SE = 20.778 bit/s/Hz
[ 2454 ms] [UE 30556] UL: SNR = 63.50 dB | SE = 20.778 bit/s/Hz
[ 2454 ms] [UE 20945] UL: SNR = 63.50 dB | SE = 20.778 bit/s/Hz
[ 2532 ms] [UE 45898] UL: SNR = 63.50 dB | SE = 20.778 bit/s/Hz
[ 2532 ms] [UE 36997] UL: SNR = 63.50 dB | SE = 20.778 bit/s/Hz
[ 2532 ms] [UE 48787] UL: SNR = 63.50 dB | SE = 20.778 bit/s/Hz
[ 2532 ms] [UE 40252] UL: SNR = 56.00 dB | SE = 18.324 bit/s/Hz
[ 2532 ms] [UE 15599] UL: SNR = 52.50 dB | SE = 17.179 bit/s/Hz
[ 2554 ms] [UE 33952] UL: SNR = 63.50 dB | SE = 20.778 bit/s/Hz
[ 2554 ms] [UE 12169] UL: SNR = 63.50 dB | SE = 20.778 bit/s/Hz
[ 2554 ms] [UE 22873] UL: SNR = 63.50 dB | SE = 20.778 bit/s/Hz
[ 2554 ms] [UE 30556] UL: SNR = 54.00 dB | SE = 17.669 bit/s/Hz
[ 2554 ms] [UE 20945] UL: SNR = 63.50 dB | SE = 20.778 bit/s/Hz
[ 2633 ms] [UE 45898] UL: SNR = 63.50 dB | SE = 20.778 bit/s/Hz
[ 2633 ms] [UE 36997] UL: SNR = 63.50 dB | SE = 20.778 bit/s/Hz
[ 2633 ms] [UE 48787] UL: SNR = 63.50 dB | SE = 20.778 bit/s/Hz
[ 2633 ms] [UE 40252] UL: SNR = 56.00 dB | SE = 18.324 bit/s/Hz
[ 2633 ms] [UE 15599] UL: SNR = 52.50 dB | SE = 17.179 bit/s/Hz
[ 2654 ms] [UE 33952] UL: SNR = 63.50 dB | SE = 20.778 bit/s/Hz
[ 2654 ms] [UE 12169] UL: SNR = 63.50 dB | SE = 20.778 bit/s/Hz
[ 2654 ms] [UE 22873] UL: SNR = 63.50 dB | SE = 20.778 bit/s/Hz
[ 2654 ms] [UE 30556] UL: SNR = 54.00 dB | SE = 17.669 bit/s/Hz
[ 2654 ms] [UE 20945] UL: SNR = 63.50 dB | SE = 20.778 bit/s/Hz
[ 2742 ms] [UE 45898] UL: SNR = 63.50 dB | SE = 20.778 bit/s/Hz
[ 2742 ms] [UE 36997] UL: SNR = 63.50 dB | SE = 20.778 bit/s/Hz
[ 2742 ms] [UE 48787] UL: SNR = 63.50 dB | SE = 20.778 bit/s/Hz
[ 2742 ms] [UE 40252] UL: SNR = 56.00 dB | SE = 18.324 bit/s/Hz
[ 2742 ms] [UE 15599] UL: SNR = 52.50 dB | SE = 17.179 bit/s/Hz
[ 2764 ms] [UE 33952] UL: SNR = 63.50 dB | SE = 20.778 bit/s/Hz
[ 2764 ms] [UE 12169] UL: SNR = 63.50 dB | SE = 20.778 bit/s/Hz
[ 2764 ms] [UE 22873] UL: SNR = 63.50 dB | SE = 20.778 bit/s/Hz
[ 2764 ms] [UE 30556] UL: SNR = 54.00 dB | SE = 17.669 bit/s/Hz
[ 2764 ms] [UE 20945] UL: SNR = 63.50 dB | SE = 20.778 bit/s/Hz
[ 2843 ms] [UE 45898] UL: SNR = 63.50 dB | SE = 20.778 bit/s/Hz
[ 2843 ms] [UE 36997] UL: SNR = 63.50 dB | SE = 20.778 bit/s/Hz
[ 2843 ms] [UE 48787] UL: SNR = 63.50 dB | SE = 20.778 bit/s/Hz
[ 2843 ms] [UE 40252] UL: SNR = 56.00 dB | SE = 18.324 bit/s/Hz
[ 2843 ms] [UE 15599] UL: SNR = 52.50 dB | SE = 17.179 bit/s/Hz
[ 2874 ms] [UE 33952] UL: SNR = 63.50 dB | SE = 20.778 bit/s/Hz
[ 2874 ms] [UE 12169] UL: SNR = 63.50 dB | SE = 20.778 bit/s/Hz
[ 2874 ms] [UE 22873] UL: SNR = 63.50 dB | SE = 20.778 bit/s/Hz
[ 2874 ms] [UE 30556] UL: SNR = 63.50 dB | SE = 20.778 bit/s/Hz
[ 2874 ms] [UE 20945] UL: SNR = 63.50 dB | SE = 20.778 bit/s/Hz
[ 2952 ms] [UE 45898] UL: SNR = 63.50 dB | SE = 20.778 bit/s/Hz
[ 2952 ms] [UE 36997] UL: SNR = 63.50 dB | SE = 20.778 bit/s/Hz
[ 2952 ms] [UE 48787] UL: SNR = 63.50 dB | SE = 20.778 bit/s/Hz
[ 2952 ms] [UE 40252] UL: SNR = 56.00 dB | SE = 18.324 bit/s/Hz
[ 2952 ms] [UE 15599] UL: SNR = 52.50 dB | SE = 17.179 bit/s/Hz
[ 2984 ms] [UE 33952] UL: SNR = 63.50 dB | SE = 20.778 bit/s/Hz
[ 2984 ms] [UE 12169] UL: SNR = 63.50 dB | SE = 20.778 bit/s/Hz
[ 2984 ms] [UE 22873] UL: SNR = 63.50 dB | SE = 20.778 bit/s/Hz
[ 2984 ms] [UE 30556] UL: SNR = 63.50 dB | SE = 20.778 bit/s/Hz
[ 2984 ms] [UE 20945] UL: SNR = 63.50 dB | SE = 20.778 bit/s/Hz
[ 3053 ms] [UE 45898] UL: SNR = 63.50 dB | SE = 20.778 bit/s/Hz
[ 3053 ms] [UE 36997] UL: SNR = 63.50 dB | SE = 20.778 bit/s/Hz
[ 3053 ms] [UE 48787] UL: SNR = 63.50 dB | SE = 20.778 bit/s/Hz
[ 3053 ms] [UE 40252] UL: SNR = 56.00 dB | SE = 18.324 bit/s/Hz
[ 3053 ms] [UE 15599] UL: SNR = 52.50 dB | SE = 17.179 bit/s/Hz
[ 3084 ms] [UE 33952] UL: SNR = 63.50 dB | SE = 20.778 bit/s/Hz
[ 3084 ms] [UE 12169] UL: SNR = 63.50 dB | SE = 20.778 bit/s/Hz
[ 3084 ms] [UE 22873] UL: SNR = 63.50 dB | SE = 20.778 bit/s/Hz
[ 3084 ms] [UE 30556] UL: SNR = 63.50 dB | SE = 20.778 bit/s/Hz
[ 3084 ms] [UE 20945] UL: SNR = 63.50 dB | SE = 20.778 bit/s/Hz
[ 3153 ms] [UE 45898] UL: SNR = 63.50 dB | SE = 20.778 bit/s/Hz
[ 3153 ms] [UE 36997] UL: SNR = 63.50 dB | SE = 20.778 bit/s/Hz
[ 3153 ms] [UE 48787] UL: SNR = 63.50 dB | SE = 20.778 bit/s/Hz
[ 3153 ms] [UE 40252] UL: SNR = 56.00 dB | SE = 18.324 bit/s/Hz
[ 3153 ms] [UE 15599] UL: SNR = 52.50 dB | SE = 17.179 bit/s/Hz
[ 3194 ms] [UE 33952] UL: SNR = 63.50 dB | SE = 20.778 bit/s/Hz
[ 3194 ms] [UE 12169] UL: SNR = 63.50 dB | SE = 20.778 bit/s/Hz
[ 3194 ms] [UE 22873] UL: SNR = 63.50 dB | SE = 20.778 bit/s/Hz
[ 3194 ms] [UE 30556] UL: SNR = 63.50 dB | SE = 20.778 bit/s/Hz
[ 3194 ms] [UE 20945] UL: SNR = 63.50 dB | SE = 20.778 bit/s/Hz
[ 3262 ms] [UE 45898] UL: SNR = 63.50 dB | SE = 20.778 bit/s/Hz
[ 3262 ms] [UE 36997] UL: SNR = 63.50 dB | SE = 20.778 bit/s/Hz
[ 3262 ms] [UE 48787] UL: SNR = 63.50 dB | SE = 20.778 bit/s/Hz
[ 3262 ms] [UE 40252] UL: SNR = 56.00 dB | SE = 18.324 bit/s/Hz
[ 3262 ms] [UE 15599] UL: SNR = 52.50 dB | SE = 17.179 bit/s/Hz
[ 3295 ms] [UE 33952] UL: SNR = 63.50 dB | SE = 20.778 bit/s/Hz
[ 3295 ms] [UE 12169] UL: SNR = 63.50 dB | SE = 20.778 bit/s/Hz
[ 3295 ms] [UE 22873] UL: SNR = 63.50 dB | SE = 20.778 bit/s/Hz
[ 3295 ms] [UE 30556] UL: SNR = 63.50 dB | SE = 20.778 bit/s/Hz
[ 3295 ms] [UE 20945] UL: SNR = 63.50 dB | SE = 20.778 bit/s/Hz
[ 3363 ms] [UE 45898] UL: SNR = 63.50 dB | SE = 20.778 bit/s/Hz
[ 3363 ms] [UE 36997] UL: SNR = 63.50 dB | SE = 20.778 bit/s/Hz
[ 3363 ms] [UE 48787] UL: SNR = 63.50 dB | SE = 20.778 bit/s/Hz
[ 3363 ms] [UE 40252] UL: SNR = 56.00 dB | SE = 18.324 bit/s/Hz
[ 3363 ms] [UE 15599] UL: SNR = 52.50 dB | SE = 17.179 bit/s/Hz
[ 3404 ms] [UE 33952] UL: SNR = 63.50 dB | SE = 20.778 bit/s/Hz
[ 3404 ms] [UE 12169] UL: SNR = 63.50 dB | SE = 20.778 bit/s/Hz
[ 3404 ms] [UE 22873] UL: SNR = 63.50 dB | SE = 20.778 bit/s/Hz
[ 3404 ms] [UE 30556] UL: SNR = 63.50 dB | SE = 20.778 bit/s/Hz
[ 3404 ms] [UE 20945] UL: SNR = 63.50 dB | SE = 20.778 bit/s/Hz
[ 3472 ms] [UE 45898] UL: SNR = 63.50 dB | SE = 20.778 bit/s/Hz
[ 3472 ms] [UE 36997] UL: SNR = 63.50 dB | SE = 20.778 bit/s/Hz
[ 3472 ms] [UE 48787] UL: SNR = 63.50 dB | SE = 20.778 bit/s/Hz
[ 3472 ms] [UE 40252] UL: SNR = 56.00 dB | SE = 18.324 bit/s/Hz
[ 3472 ms] [UE 15599] UL: SNR = 52.50 dB | SE = 17.179 bit/s/Hz
[ 3508 ms] [UE 33952] UL: SNR = 63.50 dB | SE = 20.778 bit/s/Hz
[ 3508 ms] [UE 12169] UL: SNR = 63.50 dB | SE = 20.778 bit/s/Hz
[ 3508 ms] [UE 22873] UL: SNR = 63.50 dB | SE = 20.778 bit/s/Hz
[ 3508 ms] [UE 30556] UL: SNR = 63.50 dB | SE = 20.778 bit/s/Hz
[ 3508 ms] [UE 20945] UL: SNR = 63.50 dB | SE = 20.778 bit/s/Hz
[ 3582 ms] [UE 45898] UL: SNR = 63.50 dB | SE = 20.778 bit/s/Hz
[ 3582 ms] [UE 36997] UL: SNR = 63.50 dB | SE = 20.778 bit/s/Hz
[ 3582 ms] [UE 48787] UL: SNR = 63.50 dB | SE = 20.778 bit/s/Hz
[ 3582 ms] [UE 40252] UL: SNR = 56.00 dB | SE = 18.324 bit/s/Hz
[ 3582 ms] [UE 15599] UL: SNR = 52.50 dB | SE = 17.179 bit/s/Hz
[ 3615 ms] [UE 33952] UL: SNR = 63.50 dB | SE = 20.778 bit/s/Hz
[ 3615 ms] [UE 12169] UL: SNR = 63.50 dB | SE = 20.778 bit/s/Hz
[ 3615 ms] [UE 22873] UL: SNR = 63.50 dB | SE = 20.778 bit/s/Hz
[ 3615 ms] [UE 30556] UL: SNR = 63.50 dB | SE = 20.778 bit/s/Hz
[ 3615 ms] [UE 20945] UL: SNR = 63.50 dB | SE = 20.778 bit/s/Hz
[ 3692 ms] [UE 45898] UL: SNR = 63.50 dB | SE = 20.778 bit/s/Hz
[ 3692 ms] [UE 36997] UL: SNR = 63.50 dB | SE = 20.778 bit/s/Hz
[ 3692 ms] [UE 48787] UL: SNR = 63.50 dB | SE = 20.778 bit/s/Hz
[ 3692 ms] [UE 40252] UL: SNR = 56.00 dB | SE = 18.324 bit/s/Hz
[ 3692 ms] [UE 15599] UL: SNR = 52.50 dB | SE = 17.179 bit/s/Hz
[ 3726 ms] [UE 33952] UL: SNR = 63.50 dB | SE = 20.778 bit/s/Hz
[ 3726 ms] [UE 12169] UL: SNR = 63.50 dB | SE = 20.778 bit/s/Hz
[ 3726 ms] [UE 22873] UL: SNR = 63.50 dB | SE = 20.778 bit/s/Hz
[ 3726 ms] [UE 30556] UL: SNR = 63.50 dB | SE = 20.778 bit/s/Hz
[ 3726 ms] [UE 20945] UL: SNR = 63.50 dB | SE = 20.778 bit/s/Hz
[ 3792 ms] [UE 45898] UL: SNR = 63.50 dB | SE = 20.778 bit/s/Hz
[ 3792 ms] [UE 36997] UL: SNR = 63.50 dB | SE = 20.778 bit/s/Hz
[ 3792 ms] [UE 48787] UL: SNR = 63.50 dB | SE = 20.778 bit/s/Hz
[ 3792 ms] [UE 40252] UL: SNR = 56.00 dB | SE = 18.324 bit/s/Hz
[ 3792 ms] [UE 15599] UL: SNR = 52.50 dB | SE = 17.179 bit/s/Hz
[ 3834 ms] [UE 33952] UL: SNR = 63.50 dB | SE = 20.778 bit/s/Hz
[ 3834 ms] [UE 12169] UL: SNR = 63.50 dB | SE = 20.778 bit/s/Hz
[ 3834 ms] [UE 22873] UL: SNR = 63.50 dB | SE = 20.778 bit/s/Hz
[ 3834 ms] [UE 30556] UL: SNR = 63.50 dB | SE = 20.778 bit/s/Hz
[ 3834 ms] [UE 20945] UL: SNR = 63.50 dB | SE = 20.778 bit/s/Hz
[ 3893 ms] [UE 45898] UL: SNR = 63.50 dB | SE = 20.778 bit/s/Hz
[ 3893 ms] [UE 36997] UL: SNR = 63.50 dB | SE = 20.778 bit/s/Hz
[ 3893 ms] [UE 48787] UL: SNR = 63.50 dB | SE = 20.778 bit/s/Hz
[ 3893 ms] [UE 40252] UL: SNR = 56.00 dB | SE = 18.324 bit/s/Hz
[ 3893 ms] [UE 15599] UL: SNR = 52.50 dB | SE = 17.179 bit/s/Hz
[ 3944 ms] [UE 33952] UL: SNR = 63.50 dB | SE = 20.778 bit/s/Hz
[ 3944 ms] [UE 12169] UL: SNR = 63.50 dB | SE = 20.778 bit/s/Hz
[ 3944 ms] [UE 22873] UL: SNR = 63.50 dB | SE = 20.778 bit/s/Hz
[ 3944 ms] [UE 30556] UL: SNR = 63.50 dB | SE = 20.778 bit/s/Hz
[ 3944 ms] [UE 20945] UL: SNR = 63.50 dB | SE = 20.778 bit/s/Hz
[ 4003 ms] [UE 45898] UL: SNR = 63.50 dB | SE = 20.778 bit/s/Hz
[ 4003 ms] [UE 36997] UL: SNR = 63.50 dB | SE = 20.778 bit/s/Hz
[ 4003 ms] [UE 48787] UL: SNR = 63.50 dB | SE = 20.778 bit/s/Hz
[ 4003 ms] [UE 40252] UL: SNR = 56.00 dB | SE = 18.324 bit/s/Hz
[ 4003 ms] [UE 15599] UL: SNR = 52.50 dB | SE = 17.179 bit/s/Hz
[ 4054 ms] [UE 33952] UL: SNR = 63.50 dB | SE = 20.778 bit/s/Hz
[ 4054 ms] [UE 12169] UL: SNR = 63.50 dB | SE = 20.778 bit/s/Hz
[ 4054 ms] [UE 22873] UL: SNR = 63.50 dB | SE = 20.778 bit/s/Hz
[ 4054 ms] [UE 30556] UL: SNR = 63.50 dB | SE = 20.778 bit/s/Hz
[ 4054 ms] [UE 20945] UL: SNR = 63.50 dB | SE = 20.778 bit/s/Hz
[ 4113 ms] [UE 45898] UL: SNR = 63.50 dB | SE = 20.778 bit/s/Hz
[ 4113 ms] [UE 36997] UL: SNR = 63.50 dB | SE = 20.778 bit/s/Hz
[ 4113 ms] [UE 48787] UL: SNR = 63.50 dB | SE = 20.778 bit/s/Hz
[ 4113 ms] [UE 40252] UL: SNR = 56.00 dB | SE = 18.324 bit/s/Hz
[ 4113 ms] [UE 15599] UL: SNR = 52.50 dB | SE = 17.179 bit/s/Hz
[ 4155 ms] [UE 33952] UL: SNR = 63.50 dB | SE = 20.778 bit/s/Hz
[ 4155 ms] [UE 12169] UL: SNR = 63.50 dB | SE = 20.778 bit/s/Hz
[ 4155 ms] [UE 22873] UL: SNR = 63.50 dB | SE = 20.778 bit/s/Hz
[ 4155 ms] [UE 30556] UL: SNR = 63.50 dB | SE = 20.778 bit/s/Hz
[ 4155 ms] [UE 20945] UL: SNR = 63.50 dB | SE = 20.778 bit/s/Hz
[ 4222 ms] [UE 45898] UL: SNR = 63.50 dB | SE = 20.778 bit/s/Hz
[ 4222 ms] [UE 36997] UL: SNR = 63.50 dB | SE = 20.778 bit/s/Hz
[ 4222 ms] [UE 48787] UL: SNR = 63.50 dB | SE = 20.778 bit/s/Hz
[ 4222 ms] [UE 40252] UL: SNR = 56.00 dB | SE = 18.324 bit/s/Hz
[ 4222 ms] [UE 15599] UL: SNR = 52.50 dB | SE = 17.179 bit/s/Hz
[ 4264 ms] [UE 33952] UL: SNR = 63.50 dB | SE = 20.778 bit/s/Hz
[ 4264 ms] [UE 12169] UL: SNR = 63.50 dB | SE = 20.778 bit/s/Hz
[ 4264 ms] [UE 22873] UL: SNR = 63.50 dB | SE = 20.778 bit/s/Hz
[ 4264 ms] [UE 30556] UL: SNR = 63.50 dB | SE = 20.778 bit/s/Hz
[ 4264 ms] [UE 20945] UL: SNR = 63.50 dB | SE = 20.778 bit/s/Hz
[ 4322 ms] [UE 45898] UL: SNR = 63.50 dB | SE = 20.778 bit/s/Hz
[ 4322 ms] [UE 36997] UL: SNR = 63.50 dB | SE = 20.778 bit/s/Hz
[ 4322 ms] [UE 48787] UL: SNR = 63.50 dB | SE = 20.778 bit/s/Hz
[ 4322 ms] [UE 40252] UL: SNR = 56.00 dB | SE = 18.324 bit/s/Hz
[ 4322 ms] [UE 15599] UL: SNR = 52.50 dB | SE = 17.179 bit/s/Hz
[ 4364 ms] [UE 33952] UL: SNR = 63.50 dB | SE = 20.778 bit/s/Hz
[ 4364 ms] [UE 12169] UL: SNR = 63.50 dB | SE = 20.778 bit/s/Hz
[ 4364 ms] [UE 22873] UL: SNR = 63.50 dB | SE = 20.778 bit/s/Hz
[ 4364 ms] [UE 30556] UL: SNR = 63.50 dB | SE = 20.778 bit/s/Hz
[ 4364 ms] [UE 20945] UL: SNR = 63.50 dB | SE = 20.778 bit/s/Hz
[ 4432 ms] [UE 45898] UL: SNR = 63.50 dB | SE = 20.778 bit/s/Hz
[ 4432 ms] [UE 36997] UL: SNR = 63.50 dB | SE = 20.778 bit/s/Hz
[ 4432 ms] [UE 48787] UL: SNR = 63.50 dB | SE = 20.778 bit/s/Hz
[ 4432 ms] [UE 40252] UL: SNR = 56.00 dB | SE = 18.324 bit/s/Hz
[ 4432 ms] [UE 15599] UL: SNR = 52.50 dB | SE = 17.179 bit/s/Hz
[ 4464 ms] [UE 33952] UL: SNR = 63.50 dB | SE = 20.778 bit/s/Hz
[ 4464 ms] [UE 12169] UL: SNR = 63.50 dB | SE = 20.778 bit/s/Hz
[ 4464 ms] [UE 22873] UL: SNR = 63.50 dB | SE = 20.778 bit/s/Hz
[ 4464 ms] [UE 30556] UL: SNR = 63.50 dB | SE = 20.778 bit/s/Hz
[ 4464 ms] [UE 20945] UL: SNR = 63.50 dB | SE = 20.778 bit/s/Hz
[ 4542 ms] [UE 45898] UL: SNR = 63.50 dB | SE = 20.778 bit/s/Hz
[ 4542 ms] [UE 36997] UL: SNR = 63.50 dB | SE = 20.778 bit/s/Hz
[ 4542 ms] [UE 48787] UL: SNR = 63.50 dB | SE = 20.778 bit/s/Hz
[ 4542 ms] [UE 40252] UL: SNR = 56.00 dB | SE = 18.324 bit/s/Hz
[ 4542 ms] [UE 15599] UL: SNR = 52.50 dB | SE = 17.179 bit/s/Hz
[ 4576 ms] [UE 33952] UL: SNR = 63.50 dB | SE = 20.778 bit/s/Hz
[ 4576 ms] [UE 12169] UL: SNR = 63.50 dB | SE = 20.778 bit/s/Hz
[ 4576 ms] [UE 22873] UL: SNR = 63.50 dB | SE = 20.778 bit/s/Hz
[ 4576 ms] [UE 30556] UL: SNR = 63.50 dB | SE = 20.778 bit/s/Hz
[ 4576 ms] [UE 20945] UL: SNR = 63.50 dB | SE = 20.778 bit/s/Hz
[ 4652 ms] [UE 45898] UL: SNR = 63.50 dB | SE = 20.778 bit/s/Hz
[ 4652 ms] [UE 36997] UL: SNR = 63.50 dB | SE = 20.778 bit/s/Hz
[ 4652 ms] [UE 48787] UL: SNR = 63.50 dB | SE = 20.778 bit/s/Hz
[ 4652 ms] [UE 40252] UL: SNR = 56.00 dB | SE = 18.324 bit/s/Hz
[ 4652 ms] [UE 15599] UL: SNR = 52.50 dB | SE = 17.179 bit/s/Hz
[ 4684 ms] [UE 33952] UL: SNR = 63.50 dB | SE = 20.778 bit/s/Hz
[ 4684 ms] [UE 12169] UL: SNR = 63.50 dB | SE = 20.778 bit/s/Hz
[ 4684 ms] [UE 22873] UL: SNR = 63.50 dB | SE = 20.778 bit/s/Hz
[ 4684 ms] [UE 30556] UL: SNR = 63.50 dB | SE = 20.778 bit/s/Hz
[ 4684 ms] [UE 20945] UL: SNR = 63.50 dB | SE = 20.778 bit/s/Hz
[ 4753 ms] [UE 45898] UL: SNR = 63.50 dB | SE = 20.778 bit/s/Hz
[ 4753 ms] [UE 36997] UL: SNR = 63.50 dB | SE = 20.778 bit/s/Hz
[ 4753 ms] [UE 48787] UL: SNR = 63.50 dB | SE = 20.778 bit/s/Hz
[ 4753 ms] [UE 40252] UL: SNR = 56.00 dB | SE = 18.324 bit/s/Hz
[ 4753 ms] [UE 15599] UL: SNR = 52.50 dB | SE = 17.179 bit/s/Hz
[ 4784 ms] [UE 33952] UL: SNR = 63.50 dB | SE = 20.778 bit/s/Hz
[ 4784 ms] [UE 12169] UL: SNR = 63.50 dB | SE = 20.778 bit/s/Hz
[ 4784 ms] [UE 22873] UL: SNR = 63.50 dB | SE = 20.778 bit/s/Hz
[ 4784 ms] [UE 30556] UL: SNR = 63.50 dB | SE = 20.778 bit/s/Hz
[ 4784 ms] [UE 20945] UL: SNR = 63.50 dB | SE = 20.778 bit/s/Hz
[ 4862 ms] [UE 45898] UL: SNR = 63.50 dB | SE = 20.778 bit/s/Hz
[ 4862 ms] [UE 36997] UL: SNR = 63.50 dB | SE = 20.778 bit/s/Hz
[ 4862 ms] [UE 48787] UL: SNR = 63.50 dB | SE = 20.778 bit/s/Hz
[ 4862 ms] [UE 40252] UL: SNR = 56.00 dB | SE = 18.324 bit/s/Hz
[ 4862 ms] [UE 15599] UL: SNR = 52.50 dB | SE = 17.179 bit/s/Hz
[ 4894 ms] [UE 33952] UL: SNR = 63.50 dB | SE = 20.778 bit/s/Hz
[ 4894 ms] [UE 12169] UL: SNR = 63.50 dB | SE = 20.778 bit/s/Hz
[ 4894 ms] [UE 22873] UL: SNR = 63.50 dB | SE = 20.778 bit/s/Hz
[ 4894 ms] [UE 30556] UL: SNR = 63.50 dB | SE = 20.778 bit/s/Hz
[ 4894 ms] [UE 20945] UL: SNR = 63.50 dB | SE = 20.778 bit/s/Hz
[ 4963 ms] [UE 45898] UL: SNR = 63.50 dB | SE = 20.778 bit/s/Hz
[ 4963 ms] [UE 36997] UL: SNR = 63.50 dB | SE = 20.778 bit/s/Hz
[ 4963 ms] [UE 48787] UL: SNR = 63.50 dB | SE = 20.778 bit/s/Hz
[ 4963 ms] [UE 40252] UL: SNR = 56.00 dB | SE = 18.324 bit/s/Hz
[ 4963 ms] [UE 15599] UL: SNR = 52.50 dB | SE = 17.179 bit/s/Hz
[ 5004 ms] [UE 33952] UL: SNR = 63.50 dB | SE = 20.778 bit/s/Hz
[ 5004 ms] [UE 12169] UL: SNR = 63.50 dB | SE = 20.778 bit/s/Hz
[ 5004 ms] [UE 22873] UL: SNR = 63.50 dB | SE = 20.778 bit/s/Hz
[ 5004 ms] [UE 30556] UL: SNR = 7.50 dB | SE = 2.687 bit/s/Hz
[ 5004 ms] [UE 20945] UL: SNR = 63.50 dB | SE = 20.778 bit/s/Hz
[ 5072 ms] [UE 45898] UL: SNR = 63.50 dB | SE = 20.778 bit/s/Hz
[ 5072 ms] [UE 36997] UL: SNR = 63.50 dB | SE = 20.778 bit/s/Hz
[ 5072 ms] [UE 48787] UL: SNR = 63.50 dB | SE = 20.778 bit/s/Hz
[ 5072 ms] [UE 40252] UL: SNR = 56.00 dB | SE = 18.324 bit/s/Hz
[ 5072 ms] [UE 15599] UL: SNR = 52.50 dB | SE = 17.179 bit/s/Hz
[ 5104 ms] [UE 33952] UL: SNR = 63.50 dB | SE = 20.778 bit/s/Hz
[ 5104 ms] [UE 12169] UL: SNR = 63.50 dB | SE = 20.778 bit/s/Hz
[ 5104 ms] [UE 22873] UL: SNR = 63.50 dB | SE = 20.778 bit/s/Hz
[ 5104 ms] [UE 30556] UL: SNR = 7.50 dB | SE = 2.687 bit/s/Hz
[ 5104 ms] [UE 20945] UL: SNR = 63.50 dB | SE = 20.778 bit/s/Hz
[ 5172 ms] [UE 45898] UL: SNR = 63.50 dB | SE = 20.778 bit/s/Hz
[ 5172 ms] [UE 36997] UL: SNR = 63.50 dB | SE = 20.778 bit/s/Hz
[ 5172 ms] [UE 48787] UL: SNR = 63.50 dB | SE = 20.778 bit/s/Hz
[ 5172 ms] [UE 40252] UL: SNR = 56.00 dB | SE = 18.324 bit/s/Hz
[ 5172 ms] [UE 15599] UL: SNR = 52.50 dB | SE = 17.179 bit/s/Hz
[ 5205 ms] [UE 33952] UL: SNR = 63.50 dB | SE = 20.778 bit/s/Hz
[ 5205 ms] [UE 12169] UL: SNR = 63.50 dB | SE = 20.778 bit/s/Hz
[ 5205 ms] [UE 22873] UL: SNR = 63.50 dB | SE = 20.778 bit/s/Hz
[ 5205 ms] [UE 30556] UL: SNR = 7.50 dB | SE = 2.687 bit/s/Hz
[ 5205 ms] [UE 20945] UL: SNR = 63.50 dB | SE = 20.778 bit/s/Hz
[ 5272 ms] [UE 45898] UL: SNR = 63.50 dB | SE = 20.778 bit/s/Hz
[ 5272 ms] [UE 36997] UL: SNR = 63.50 dB | SE = 20.778 bit/s/Hz
[ 5272 ms] [UE 48787] UL: SNR = 63.50 dB | SE = 20.778 bit/s/Hz
[ 5272 ms] [UE 40252] UL: SNR = 56.00 dB | SE = 18.324 bit/s/Hz
[ 5272 ms] [UE 15599] UL: SNR = 52.50 dB | SE = 17.179 bit/s/Hz
[ 5314 ms] [UE 33952] UL: SNR = 63.50 dB | SE = 20.778 bit/s/Hz
[ 5314 ms] [UE 12169] UL: SNR = 63.50 dB | SE = 20.778 bit/s/Hz
[ 5314 ms] [UE 22873] UL: SNR = 63.50 dB | SE = 20.778 bit/s/Hz
[ 5314 ms] [UE 30556] UL: SNR = 7.50 dB | SE = 2.687 bit/s/Hz
[ 5314 ms] [UE 20945] UL: SNR = 63.50 dB | SE = 20.778 bit/s/Hz
[ 5383 ms] [UE 45898] UL: SNR = 63.50 dB | SE = 20.778 bit/s/Hz
[ 5383 ms] [UE 36997] UL: SNR = 63.50 dB | SE = 20.778 bit/s/Hz
[ 5383 ms] [UE 48787] UL: SNR = 63.50 dB | SE = 20.778 bit/s/Hz
[ 5383 ms] [UE 40252] UL: SNR = 56.00 dB | SE = 18.324 bit/s/Hz
[ 5383 ms] [UE 15599] UL: SNR = 52.50 dB | SE = 17.179 bit/s/Hz
[ 5425 ms] [UE 33952] UL: SNR = 63.50 dB | SE = 20.778 bit/s/Hz
[ 5425 ms] [UE 12169] UL: SNR = 63.50 dB | SE = 20.778 bit/s/Hz
[ 5425 ms] [UE 22873] UL: SNR = 63.50 dB | SE = 20.778 bit/s/Hz
[ 5425 ms] [UE 30556] UL: SNR = 7.50 dB | SE = 2.687 bit/s/Hz
[ 5425 ms] [UE 20945] UL: SNR = 63.50 dB | SE = 20.778 bit/s/Hz
[ 5492 ms] [UE 45898] UL: SNR = 63.50 dB | SE = 20.778 bit/s/Hz
[ 5492 ms] [UE 36997] UL: SNR = 63.50 dB | SE = 20.778 bit/s/Hz
[ 5492 ms] [UE 48787] UL: SNR = 63.50 dB | SE = 20.778 bit/s/Hz
[ 5492 ms] [UE 40252] UL: SNR = 56.00 dB | SE = 18.324 bit/s/Hz
[ 5492 ms] [UE 15599] UL: SNR = 52.50 dB | SE = 17.179 bit/s/Hz
[ 5534 ms] [UE 33952] UL: SNR = 63.50 dB | SE = 20.778 bit/s/Hz
[ 5534 ms] [UE 12169] UL: SNR = 63.50 dB | SE = 20.778 bit/s/Hz
[ 5534 ms] [UE 22873] UL: SNR = 63.50 dB | SE = 20.778 bit/s/Hz
[ 5534 ms] [UE 30556] UL: SNR = 7.50 dB | SE = 2.687 bit/s/Hz
[ 5534 ms] [UE 20945] UL: SNR = 63.50 dB | SE = 20.778 bit/s/Hz
[ 5602 ms] [UE 45898] UL: SNR = 63.50 dB | SE = 20.778 bit/s/Hz
[ 5602 ms] [UE 36997] UL: SNR = 63.50 dB | SE = 20.778 bit/s/Hz
[ 5602 ms] [UE 48787] UL: SNR = 63.50 dB | SE = 20.778 bit/s/Hz
[ 5602 ms] [UE 40252] UL: SNR = 56.00 dB | SE = 18.324 bit/s/Hz
[ 5602 ms] [UE 15599] UL: SNR = 52.50 dB | SE = 17.179 bit/s/Hz
[ 5635 ms] [UE 33952] UL: SNR = 63.50 dB | SE = 20.778 bit/s/Hz
[ 5635 ms] [UE 12169] UL: SNR = 63.50 dB | SE = 20.778 bit/s/Hz
[ 5635 ms] [UE 22873] UL: SNR = 63.50 dB | SE = 20.778 bit/s/Hz
[ 5635 ms] [UE 30556] UL: SNR = 7.50 dB | SE = 2.687 bit/s/Hz
[ 5635 ms] [UE 20945] UL: SNR = 63.50 dB | SE = 20.778 bit/s/Hz
[ 5713 ms] [UE 45898] UL: SNR = 63.50 dB | SE = 20.778 bit/s/Hz
[ 5713 ms] [UE 36997] UL: SNR = 63.50 dB | SE = 20.778 bit/s/Hz
[ 5713 ms] [UE 48787] UL: SNR = 63.50 dB | SE = 20.778 bit/s/Hz
[ 5713 ms] [UE 40252] UL: SNR = 56.00 dB | SE = 18.324 bit/s/Hz
[ 5713 ms] [UE 15599] UL: SNR = 52.50 dB | SE = 17.179 bit/s/Hz
[ 5735 ms] [UE 33952] UL: SNR = 57.50 dB | SE = 18.815 bit/s/Hz
[ 5735 ms] [UE 12169] UL: SNR = 63.50 dB | SE = 20.778 bit/s/Hz
[ 5735 ms] [UE 22873] UL: SNR = 63.50 dB | SE = 20.778 bit/s/Hz
[ 5735 ms] [UE 30556] UL: SNR = 52.50 dB | SE = 17.179 bit/s/Hz
[ 5735 ms] [UE 20945] UL: SNR = 63.50 dB | SE = 20.778 bit/s/Hz
[ 5822 ms] [UE 45898] UL: SNR = 63.50 dB | SE = 20.778 bit/s/Hz
[ 5822 ms] [UE 36997] UL: SNR = 63.50 dB | SE = 20.778 bit/s/Hz
[ 5822 ms] [UE 48787] UL: SNR = 63.50 dB | SE = 20.778 bit/s/Hz
[ 5822 ms] [UE 40252] UL: SNR = 56.00 dB | SE = 18.324 bit/s/Hz
[ 5822 ms] [UE 15599] UL: SNR = 52.50 dB | SE = 17.179 bit/s/Hz
[ 5844 ms] [UE 33952] UL: SNR = 57.50 dB | SE = 18.815 bit/s/Hz
[ 5844 ms] [UE 12169] UL: SNR = 63.50 dB | SE = 20.778 bit/s/Hz
[ 5844 ms] [UE 22873] UL: SNR = 63.50 dB | SE = 20.778 bit/s/Hz
[ 5844 ms] [UE 30556] UL: SNR = 52.50 dB | SE = 17.179 bit/s/Hz
[ 5844 ms] [UE 20945] UL: SNR = 63.50 dB | SE = 20.778 bit/s/Hz
[ 5932 ms] [UE 45898] UL: SNR = 63.50 dB | SE = 20.778 bit/s/Hz
[ 5932 ms] [UE 36997] UL: SNR = 63.50 dB | SE = 20.778 bit/s/Hz
[ 5932 ms] [UE 48787] UL: SNR = 63.50 dB | SE = 20.778 bit/s/Hz
[ 5932 ms] [UE 40252] UL: SNR = 56.00 dB | SE = 18.324 bit/s/Hz
[ 5932 ms] [UE 15599] UL: SNR = 52.50 dB | SE = 17.179 bit/s/Hz
[ 5945 ms] [UE 33952] UL: SNR = 57.50 dB | SE = 18.815 bit/s/Hz
[ 5945 ms] [UE 12169] UL: SNR = 63.50 dB | SE = 20.778 bit/s/Hz
[ 5945 ms] [UE 22873] UL: SNR = 63.50 dB | SE = 20.778 bit/s/Hz
[ 5945 ms] [UE 30556] UL: SNR = 54.00 dB | SE = 17.669 bit/s/Hz
[ 5945 ms] [UE 20945] UL: SNR = 63.50 dB | SE = 20.778 bit/s/Hz
[ 6042 ms] [UE 45898] UL: SNR = 63.50 dB | SE = 20.778 bit/s/Hz
[ 6042 ms] [UE 36997] UL: SNR = 63.50 dB | SE = 20.778 bit/s/Hz
[ 6042 ms] [UE 48787] UL: SNR = 63.50 dB | SE = 20.778 bit/s/Hz
[ 6042 ms] [UE 40252] UL: SNR = 56.00 dB | SE = 18.324 bit/s/Hz
[ 6042 ms] [UE 15599] UL: SNR = 52.50 dB | SE = 17.179 bit/s/Hz
[ 6054 ms] [UE 33952] UL: SNR = 57.50 dB | SE = 18.815 bit/s/Hz
[ 6054 ms] [UE 12169] UL: SNR = 63.50 dB | SE = 20.778 bit/s/Hz
[ 6054 ms] [UE 22873] UL: SNR = 63.50 dB | SE = 20.778 bit/s/Hz
[ 6054 ms] [UE 30556] UL: SNR = 54.00 dB | SE = 17.669 bit/s/Hz
[ 6054 ms] [UE 20945] UL: SNR = 63.50 dB | SE = 20.778 bit/s/Hz
[ 6142 ms] [UE 45898] UL: SNR = 63.50 dB | SE = 20.778 bit/s/Hz
[ 6142 ms] [UE 36997] UL: SNR = 63.50 dB | SE = 20.778 bit/s/Hz
[ 6142 ms] [UE 48787] UL: SNR = 63.50 dB | SE = 20.778 bit/s/Hz
[ 6142 ms] [UE 40252] UL: SNR = 56.00 dB | SE = 18.324 bit/s/Hz
[ 6142 ms] [UE 15599] UL: SNR = 52.50 dB | SE = 17.179 bit/s/Hz
[ 6157 ms] [UE 33952] UL: SNR = 57.50 dB | SE = 18.815 bit/s/Hz
[ 6157 ms] [UE 12169] UL: SNR = 63.50 dB | SE = 20.778 bit/s/Hz
[ 6157 ms] [UE 22873] UL: SNR = 63.50 dB | SE = 20.778 bit/s/Hz
[ 6157 ms] [UE 30556] UL: SNR = 54.00 dB | SE = 17.669 bit/s/Hz
[ 6157 ms] [UE 20945] UL: SNR = 63.50 dB | SE = 20.778 bit/s/Hz
[ 6242 ms] [UE 45898] UL: SNR = 63.50 dB | SE = 20.778 bit/s/Hz
[ 6242 ms] [UE 36997] UL: SNR = 63.50 dB | SE = 20.778 bit/s/Hz
[ 6242 ms] [UE 48787] UL: SNR = 63.50 dB | SE = 20.778 bit/s/Hz
[ 6242 ms] [UE 40252] UL: SNR = 56.00 dB | SE = 18.324 bit/s/Hz
[ 6242 ms] [UE 15599] UL: SNR = 52.50 dB | SE = 17.179 bit/s/Hz
[ 6264 ms] [UE 33952] UL: SNR = 57.50 dB | SE = 18.815 bit/s/Hz
[ 6264 ms] [UE 12169] UL: SNR = 63.50 dB | SE = 20.778 bit/s/Hz
[ 6264 ms] [UE 22873] UL: SNR = 63.50 dB | SE = 20.778 bit/s/Hz
[ 6264 ms] [UE 30556] UL: SNR = 63.50 dB | SE = 20.778 bit/s/Hz
[ 6264 ms] [UE 20945] UL: SNR = 63.50 dB | SE = 20.778 bit/s/Hz
[ 6352 ms] [UE 45898] UL: SNR = 63.50 dB | SE = 20.778 bit/s/Hz
[ 6352 ms] [UE 36997] UL: SNR = 63.50 dB | SE = 20.778 bit/s/Hz
[ 6352 ms] [UE 48787] UL: SNR = 63.50 dB | SE = 20.778 bit/s/Hz
[ 6352 ms] [UE 40252] UL: SNR = 56.00 dB | SE = 18.324 bit/s/Hz
[ 6352 ms] [UE 15599] UL: SNR = 52.50 dB | SE = 17.179 bit/s/Hz
[ 6374 ms] [UE 33952] UL: SNR = 57.50 dB | SE = 18.815 bit/s/Hz
[ 6374 ms] [UE 12169] UL: SNR = 63.50 dB | SE = 20.778 bit/s/Hz
[ 6374 ms] [UE 22873] UL: SNR = 63.50 dB | SE = 20.778 bit/s/Hz
[ 6374 ms] [UE 30556] UL: SNR = 63.50 dB | SE = 20.778 bit/s/Hz
[ 6374 ms] [UE 20945] UL: SNR = 63.50 dB | SE = 20.778 bit/s/Hz
[ 6452 ms] [UE 45898] UL: SNR = 63.50 dB | SE = 20.778 bit/s/Hz
[ 6452 ms] [UE 36997] UL: SNR = 63.50 dB | SE = 20.778 bit/s/Hz
[ 6452 ms] [UE 48787] UL: SNR = 63.50 dB | SE = 20.778 bit/s/Hz
[ 6452 ms] [UE 40252] UL: SNR = 56.00 dB | SE = 18.324 bit/s/Hz
[ 6452 ms] [UE 15599] UL: SNR = 52.50 dB | SE = 17.179 bit/s/Hz
[ 6475 ms] [UE 33952] UL: SNR = 57.50 dB | SE = 18.815 bit/s/Hz
[ 6475 ms] [UE 12169] UL: SNR = 63.50 dB | SE = 20.778 bit/s/Hz
[ 6475 ms] [UE 22873] UL: SNR = 63.50 dB | SE = 20.778 bit/s/Hz
[ 6475 ms] [UE 30556] UL: SNR = 54.00 dB | SE = 17.669 bit/s/Hz
[ 6475 ms] [UE 20945] UL: SNR = 63.50 dB | SE = 20.778 bit/s/Hz
[ 6562 ms] [UE 45898] UL: SNR = 63.50 dB | SE = 20.778 bit/s/Hz
[ 6562 ms] [UE 36997] UL: SNR = 63.50 dB | SE = 20.778 bit/s/Hz
[ 6562 ms] [UE 48787] UL: SNR = 63.50 dB | SE = 20.778 bit/s/Hz
[ 6562 ms] [UE 40252] UL: SNR = 56.00 dB | SE = 18.324 bit/s/Hz
[ 6562 ms] [UE 15599] UL: SNR = 52.50 dB | SE = 17.179 bit/s/Hz
[ 6584 ms] [UE 33952] UL: SNR = 57.50 dB | SE = 18.815 bit/s/Hz
[ 6584 ms] [UE 12169] UL: SNR = 63.50 dB | SE = 20.778 bit/s/Hz
[ 6584 ms] [UE 22873] UL: SNR = 63.50 dB | SE = 20.778 bit/s/Hz
[ 6584 ms] [UE 30556] UL: SNR = 54.00 dB | SE = 17.669 bit/s/Hz
[ 6584 ms] [UE 20945] UL: SNR = 63.50 dB | SE = 20.778 bit/s/Hz
[ 6663 ms] [UE 45898] UL: SNR = 63.50 dB | SE = 20.778 bit/s/Hz
[ 6663 ms] [UE 36997] UL: SNR = 63.50 dB | SE = 20.778 bit/s/Hz
[ 6663 ms] [UE 48787] UL: SNR = 63.50 dB | SE = 20.778 bit/s/Hz
[ 6663 ms] [UE 40252] UL: SNR = 56.00 dB | SE = 18.324 bit/s/Hz
[ 6663 ms] [UE 15599] UL: SNR = 52.50 dB | SE = 17.179 bit/s/Hz
[ 6695 ms] [UE 33952] UL: SNR = 57.50 dB | SE = 18.815 bit/s/Hz
[ 6695 ms] [UE 12169] UL: SNR = 63.50 dB | SE = 20.778 bit/s/Hz
[ 6695 ms] [UE 22873] UL: SNR = 63.50 dB | SE = 20.778 bit/s/Hz
[ 6695 ms] [UE 30556] UL: SNR = 63.50 dB | SE = 20.778 bit/s/Hz
[ 6695 ms] [UE 20945] UL: SNR = 63.50 dB | SE = 20.778 bit/s/Hz
[ 6772 ms] [UE 45898] UL: SNR = 63.50 dB | SE = 20.778 bit/s/Hz
[ 6772 ms] [UE 36997] UL: SNR = 63.50 dB | SE = 20.778 bit/s/Hz
[ 6772 ms] [UE 48787] UL: SNR = 63.50 dB | SE = 20.778 bit/s/Hz
[ 6772 ms] [UE 40252] UL: SNR = 56.00 dB | SE = 18.324 bit/s/Hz
[ 6772 ms] [UE 15599] UL: SNR = 52.50 dB | SE = 17.179 bit/s/Hz
[ 6805 ms] [UE 33952] UL: SNR = 57.50 dB | SE = 18.815 bit/s/Hz
[ 6805 ms] [UE 12169] UL: SNR = 63.50 dB | SE = 20.778 bit/s/Hz
[ 6805 ms] [UE 22873] UL: SNR = 63.50 dB | SE = 20.778 bit/s/Hz
[ 6805 ms] [UE 30556] UL: SNR = 63.50 dB | SE = 20.778 bit/s/Hz
[ 6805 ms] [UE 20945] UL: SNR = 63.50 dB | SE = 20.778 bit/s/Hz
[ 6872 ms] [UE 45898] UL: SNR = 63.50 dB | SE = 20.778 bit/s/Hz
[ 6872 ms] [UE 36997] UL: SNR = 63.50 dB | SE = 20.778 bit/s/Hz
[ 6872 ms] [UE 48787] UL: SNR = 63.50 dB | SE = 20.778 bit/s/Hz
[ 6872 ms] [UE 40252] UL: SNR = 56.00 dB | SE = 18.324 bit/s/Hz
[ 6872 ms] [UE 15599] UL: SNR = 52.50 dB | SE = 17.179 bit/s/Hz
[ 6915 ms] [UE 33952] UL: SNR = 57.50 dB | SE = 18.815 bit/s/Hz
[ 6915 ms] [UE 12169] UL: SNR = 63.50 dB | SE = 20.778 bit/s/Hz
[ 6915 ms] [UE 22873] UL: SNR = 63.50 dB | SE = 20.778 bit/s/Hz
[ 6915 ms] [UE 30556] UL: SNR = 63.50 dB | SE = 20.778 bit/s/Hz
[ 6915 ms] [UE 20945] UL: SNR = 63.50 dB | SE = 20.778 bit/s/Hz
[ 6982 ms] [UE 45898] UL: SNR = 63.50 dB | SE = 20.778 bit/s/Hz
[ 6982 ms] [UE 36997] UL: SNR = 63.50 dB | SE = 20.778 bit/s/Hz
[ 6982 ms] [UE 48787] UL: SNR = 63.50 dB | SE = 20.778 bit/s/Hz
[ 6982 ms] [UE 40252] UL: SNR = 56.00 dB | SE = 18.324 bit/s/Hz
[ 6982 ms] [UE 15599] UL: SNR = 52.50 dB | SE = 17.179 bit/s/Hz
[ 7025 ms] [UE 33952] UL: SNR = 57.50 dB | SE = 18.815 bit/s/Hz
[ 7025 ms] [UE 12169] UL: SNR = 63.50 dB | SE = 20.778 bit/s/Hz
[ 7025 ms] [UE 22873] UL: SNR = 63.50 dB | SE = 20.778 bit/s/Hz
[ 7025 ms] [UE 30556] UL: SNR = 63.50 dB | SE = 20.778 bit/s/Hz
[ 7025 ms] [UE 20945] UL: SNR = 63.50 dB | SE = 20.778 bit/s/Hz
[ 7082 ms] [UE 45898] UL: SNR = 63.50 dB | SE = 20.778 bit/s/Hz
[ 7082 ms] [UE 36997] UL: SNR = 63.50 dB | SE = 20.778 bit/s/Hz
[ 7082 ms] [UE 48787] UL: SNR = 63.50 dB | SE = 20.778 bit/s/Hz
[ 7082 ms] [UE 40252] UL: SNR = 56.00 dB | SE = 18.324 bit/s/Hz
[ 7082 ms] [UE 15599] UL: SNR = 52.50 dB | SE = 17.179 bit/s/Hz
[ 7126 ms] [UE 33952] UL: SNR = 57.50 dB | SE = 18.815 bit/s/Hz
[ 7126 ms] [UE 12169] UL: SNR = 63.50 dB | SE = 20.778 bit/s/Hz
[ 7126 ms] [UE 22873] UL: SNR = 63.50 dB | SE = 20.778 bit/s/Hz
[ 7126 ms] [UE 30556] UL: SNR = 63.50 dB | SE = 20.778 bit/s/Hz
[ 7126 ms] [UE 20945] UL: SNR = 63.50 dB | SE = 20.778 bit/s/Hz
[ 7182 ms] [UE 45898] UL: SNR = 63.50 dB | SE = 20.778 bit/s/Hz
[ 7182 ms] [UE 36997] UL: SNR = 63.50 dB | SE = 20.778 bit/s/Hz
[ 7182 ms] [UE 48787] UL: SNR = 63.50 dB | SE = 20.778 bit/s/Hz
[ 7182 ms] [UE 40252] UL: SNR = 56.00 dB | SE = 18.324 bit/s/Hz
[ 7182 ms] [UE 15599] UL: SNR = 52.50 dB | SE = 17.179 bit/s/Hz
[ 7234 ms] [UE 33952] UL: SNR = 57.50 dB | SE = 18.815 bit/s/Hz
[ 7234 ms] [UE 12169] UL: SNR = 63.50 dB | SE = 20.778 bit/s/Hz
[ 7234 ms] [UE 22873] UL: SNR = 63.50 dB | SE = 20.778 bit/s/Hz
[ 7234 ms] [UE 30556] UL: SNR = 63.50 dB | SE = 20.778 bit/s/Hz
[ 7234 ms] [UE 20945] UL: SNR = 63.50 dB | SE = 20.778 bit/s/Hz
[ 7283 ms] [UE 45898] UL: SNR = 63.50 dB | SE = 20.778 bit/s/Hz
[ 7283 ms] [UE 36997] UL: SNR = 63.50 dB | SE = 20.778 bit/s/Hz
[ 7283 ms] [UE 48787] UL: SNR = 63.50 dB | SE = 20.778 bit/s/Hz
[ 7283 ms] [UE 40252] UL: SNR = 56.00 dB | SE = 18.324 bit/s/Hz
[ 7283 ms] [UE 15599] UL: SNR = 52.50 dB | SE = 17.179 bit/s/Hz
[ 7344 ms] [UE 33952] UL: SNR = 57.50 dB | SE = 18.815 bit/s/Hz
[ 7344 ms] [UE 12169] UL: SNR = 63.50 dB | SE = 20.778 bit/s/Hz
[ 7344 ms] [UE 22873] UL: SNR = 63.50 dB | SE = 20.778 bit/s/Hz
[ 7344 ms] [UE 30556] UL: SNR = 63.50 dB | SE = 20.778 bit/s/Hz
[ 7344 ms] [UE 20945] UL: SNR = 63.50 dB | SE = 20.778 bit/s/Hz
[ 7392 ms] [UE 45898] UL: SNR = 63.50 dB | SE = 20.778 bit/s/Hz
[ 7392 ms] [UE 36997] UL: SNR = 63.50 dB | SE = 20.778 bit/s/Hz
[ 7392 ms] [UE 48787] UL: SNR = 63.50 dB | SE = 20.778 bit/s/Hz
[ 7392 ms] [UE 40252] UL: SNR = 56.00 dB | SE = 18.324 bit/s/Hz
[ 7392 ms] [UE 15599] UL: SNR = 52.50 dB | SE = 17.179 bit/s/Hz
[ 7454 ms] [UE 33952] UL: SNR = 57.50 dB | SE = 18.815 bit/s/Hz
[ 7454 ms] [UE 12169] UL: SNR = 63.50 dB | SE = 20.778 bit/s/Hz
[ 7454 ms] [UE 22873] UL: SNR = 63.50 dB | SE = 20.778 bit/s/Hz
[ 7454 ms] [UE 30556] UL: SNR = 63.50 dB | SE = 20.778 bit/s/Hz
[ 7454 ms] [UE 20945] UL: SNR = 63.50 dB | SE = 20.778 bit/s/Hz
[ 7492 ms] [UE 45898] UL: SNR = 63.50 dB | SE = 20.778 bit/s/Hz
[ 7492 ms] [UE 36997] UL: SNR = 63.50 dB | SE = 20.778 bit/s/Hz
[ 7492 ms] [UE 48787] UL: SNR = 63.50 dB | SE = 20.778 bit/s/Hz
[ 7492 ms] [UE 40252] UL: SNR = 56.00 dB | SE = 18.324 bit/s/Hz
[ 7492 ms] [UE 15599] UL: SNR = 52.50 dB | SE = 17.179 bit/s/Hz
[ 7564 ms] [UE 33952] UL: SNR = 57.50 dB | SE = 18.815 bit/s/Hz
[ 7564 ms] [UE 12169] UL: SNR = 63.50 dB | SE = 20.778 bit/s/Hz
[ 7564 ms] [UE 22873] UL: SNR = 63.50 dB | SE = 20.778 bit/s/Hz
[ 7564 ms] [UE 30556] UL: SNR = 63.50 dB | SE = 20.778 bit/s/Hz
[ 7564 ms] [UE 20945] UL: SNR = 63.50 dB | SE = 20.778 bit/s/Hz
[ 7592 ms] [UE 45898] UL: SNR = 63.50 dB | SE = 20.778 bit/s/Hz
[ 7592 ms] [UE 36997] UL: SNR = 63.50 dB | SE = 20.778 bit/s/Hz
[ 7592 ms] [UE 48787] UL: SNR = 63.50 dB | SE = 20.778 bit/s/Hz
[ 7592 ms] [UE 40252] UL: SNR = 56.00 dB | SE = 18.324 bit/s/Hz
[ 7592 ms] [UE 15599] UL: SNR = 52.50 dB | SE = 17.179 bit/s/Hz
[ 7664 ms] [UE 33952] UL: SNR = 57.50 dB | SE = 18.815 bit/s/Hz
[ 7664 ms] [UE 12169] UL: SNR = 63.50 dB | SE = 20.778 bit/s/Hz
[ 7664 ms] [UE 22873] UL: SNR = 63.50 dB | SE = 20.778 bit/s/Hz
[ 7664 ms] [UE 30556] UL: SNR = 63.50 dB | SE = 20.778 bit/s/Hz
[ 7664 ms] [UE 20945] UL: SNR = 63.50 dB | SE = 20.778 bit/s/Hz
[ 7702 ms] [UE 45898] UL: SNR = 63.50 dB | SE = 20.778 bit/s/Hz
[ 7702 ms] [UE 36997] UL: SNR = 63.50 dB | SE = 20.778 bit/s/Hz
[ 7702 ms] [UE 48787] UL: SNR = 63.50 dB | SE = 20.778 bit/s/Hz
[ 7702 ms] [UE 40252] UL: SNR = 56.00 dB | SE = 18.324 bit/s/Hz
[ 7702 ms] [UE 15599] UL: SNR = 52.50 dB | SE = 17.179 bit/s/Hz
[ 7776 ms] [UE 33952] UL: SNR = 57.50 dB | SE = 18.815 bit/s/Hz
[ 7776 ms] [UE 12169] UL: SNR = 63.50 dB | SE = 20.778 bit/s/Hz
[ 7776 ms] [UE 22873] UL: SNR = 63.50 dB | SE = 20.778 bit/s/Hz
[ 7776 ms] [UE 30556] UL: SNR = 63.50 dB | SE = 20.778 bit/s/Hz
[ 7776 ms] [UE 20945] UL: SNR = 63.50 dB | SE = 20.778 bit/s/Hz
[ 7803 ms] [UE 45898] UL: SNR = 63.50 dB | SE = 20.778 bit/s/Hz
[ 7803 ms] [UE 36997] UL: SNR = 63.50 dB | SE = 20.778 bit/s/Hz
[ 7803 ms] [UE 48787] UL: SNR = 63.50 dB | SE = 20.778 bit/s/Hz
[ 7803 ms] [UE 40252] UL: SNR = 56.00 dB | SE = 18.324 bit/s/Hz
[ 7803 ms] [UE 15599] UL: SNR = 52.50 dB | SE = 17.179 bit/s/Hz
[ 7885 ms] [UE 33952] UL: SNR = 57.50 dB | SE = 18.815 bit/s/Hz
[ 7885 ms] [UE 12169] UL: SNR = 63.50 dB | SE = 20.778 bit/s/Hz
[ 7885 ms] [UE 22873] UL: SNR = 63.50 dB | SE = 20.778 bit/s/Hz
[ 7885 ms] [UE 30556] UL: SNR = 63.50 dB | SE = 20.778 bit/s/Hz
[ 7885 ms] [UE 20945] UL: SNR = 63.50 dB | SE = 20.778 bit/s/Hz
[ 7903 ms] [UE 45898] UL: SNR = 63.50 dB | SE = 20.778 bit/s/Hz
[ 7903 ms] [UE 36997] UL: SNR = 63.50 dB | SE = 20.778 bit/s/Hz
[ 7903 ms] [UE 48787] UL: SNR = 63.50 dB | SE = 20.778 bit/s/Hz
[ 7903 ms] [UE 40252] UL: SNR = 56.00 dB | SE = 18.324 bit/s/Hz
[ 7903 ms] [UE 15599] UL: SNR = 52.50 dB | SE = 17.179 bit/s/Hz
[ 7996 ms] [UE 33952] UL: SNR = 57.50 dB | SE = 18.815 bit/s/Hz
[ 7996 ms] [UE 12169] UL: SNR = 63.50 dB | SE = 20.778 bit/s/Hz
[ 7996 ms] [UE 22873] UL: SNR = 63.50 dB | SE = 20.778 bit/s/Hz
[ 7996 ms] [UE 30556] UL: SNR = 63.50 dB | SE = 20.778 bit/s/Hz
[ 7996 ms] [UE 20945] UL: SNR = 63.50 dB | SE = 20.778 bit/s/Hz
[ 8012 ms] [UE 45898] UL: SNR = 63.50 dB | SE = 20.778 bit/s/Hz
[ 8012 ms] [UE 36997] UL: SNR = 63.50 dB | SE = 20.778 bit/s/Hz
[ 8012 ms] [UE 48787] UL: SNR = 63.50 dB | SE = 20.778 bit/s/Hz
[ 8012 ms] [UE 40252] UL: SNR = 56.00 dB | SE = 18.324 bit/s/Hz
[ 8012 ms] [UE 15599] UL: SNR = 52.50 dB | SE = 17.179 bit/s/Hz
[ 8106 ms] [UE 33952] UL: SNR = 57.50 dB | SE = 18.815 bit/s/Hz
[ 8106 ms] [UE 12169] UL: SNR = 63.50 dB | SE = 20.778 bit/s/Hz
[ 8106 ms] [UE 22873] UL: SNR = 63.50 dB | SE = 20.778 bit/s/Hz
[ 8106 ms] [UE 30556] UL: SNR = 63.50 dB | SE = 20.778 bit/s/Hz
[ 8106 ms] [UE 20945] UL: SNR = 63.50 dB | SE = 20.778 bit/s/Hz
[ 8113 ms] [UE 45898] UL: SNR = 63.50 dB | SE = 20.778 bit/s/Hz
[ 8113 ms] [UE 36997] UL: SNR = 63.50 dB | SE = 20.778 bit/s/Hz
[ 8113 ms] [UE 48787] UL: SNR = 63.50 dB | SE = 20.778 bit/s/Hz
[ 8113 ms] [UE 40252] UL: SNR = 56.00 dB | SE = 18.324 bit/s/Hz
[ 8113 ms] [UE 15599] UL: SNR = 52.50 dB | SE = 17.179 bit/s/Hz
[ 8214 ms] [UE 33952] UL: SNR = 57.50 dB | SE = 18.815 bit/s/Hz
[ 8214 ms] [UE 12169] UL: SNR = 63.50 dB | SE = 20.778 bit/s/Hz
[ 8214 ms] [UE 22873] UL: SNR = 63.50 dB | SE = 20.778 bit/s/Hz
[ 8214 ms] [UE 30556] UL: SNR = 63.50 dB | SE = 20.778 bit/s/Hz
[ 8214 ms] [UE 20945] UL: SNR = 63.50 dB | SE = 20.778 bit/s/Hz
[ 8222 ms] [UE 45898] UL: SNR = 63.50 dB | SE = 20.778 bit/s/Hz
[ 8222 ms] [UE 36997] UL: SNR = 63.50 dB | SE = 20.778 bit/s/Hz
[ 8222 ms] [UE 48787] UL: SNR = 63.50 dB | SE = 20.778 bit/s/Hz
[ 8222 ms] [UE 40252] UL: SNR = 56.00 dB | SE = 18.324 bit/s/Hz
[ 8222 ms] [UE 15599] UL: SNR = 52.50 dB | SE = 17.179 bit/s/Hz
[ 8314 ms] [UE 33952] UL: SNR = 57.50 dB | SE = 18.815 bit/s/Hz
[ 8314 ms] [UE 12169] UL: SNR = 63.50 dB | SE = 20.778 bit/s/Hz
[ 8314 ms] [UE 22873] UL: SNR = 63.50 dB | SE = 20.778 bit/s/Hz
[ 8314 ms] [UE 30556] UL: SNR = 63.50 dB | SE = 20.778 bit/s/Hz
[ 8314 ms] [UE 20945] UL: SNR = 63.50 dB | SE = 20.778 bit/s/Hz
[ 8324 ms] [UE 45898] UL: SNR = 63.50 dB | SE = 20.778 bit/s/Hz
[ 8324 ms] [UE 36997] UL: SNR = 63.50 dB | SE = 20.778 bit/s/Hz
[ 8324 ms] [UE 48787] UL: SNR = 63.50 dB | SE = 20.778 bit/s/Hz
[ 8324 ms] [UE 40252] UL: SNR = 56.00 dB | SE = 18.324 bit/s/Hz
[ 8324 ms] [UE 15599] UL: SNR = 52.50 dB | SE = 17.179 bit/s/Hz
[ 8415 ms] [UE 33952] UL: SNR = 57.50 dB | SE = 18.815 bit/s/Hz
[ 8415 ms] [UE 12169] UL: SNR = 63.50 dB | SE = 20.778 bit/s/Hz
[ 8415 ms] [UE 22873] UL: SNR = 63.50 dB | SE = 20.778 bit/s/Hz
[ 8415 ms] [UE 30556] UL: SNR = 63.50 dB | SE = 20.778 bit/s/Hz
[ 8415 ms] [UE 20945] UL: SNR = 63.50 dB | SE = 20.778 bit/s/Hz
[ 8433 ms] [UE 45898] UL: SNR = 63.50 dB | SE = 20.778 bit/s/Hz
[ 8433 ms] [UE 36997] UL: SNR = 63.50 dB | SE = 20.778 bit/s/Hz
[ 8433 ms] [UE 48787] UL: SNR = 63.50 dB | SE = 20.778 bit/s/Hz
[ 8433 ms] [UE 40252] UL: SNR = 56.00 dB | SE = 18.324 bit/s/Hz
[ 8433 ms] [UE 15599] UL: SNR = 52.50 dB | SE = 17.179 bit/s/Hz
[ 8524 ms] [UE 33952] UL: SNR = 57.50 dB | SE = 18.815 bit/s/Hz
[ 8524 ms] [UE 12169] UL: SNR = 63.50 dB | SE = 20.778 bit/s/Hz
[ 8524 ms] [UE 22873] UL: SNR = 63.50 dB | SE = 20.778 bit/s/Hz
[ 8524 ms] [UE 30556] UL: SNR = 63.50 dB | SE = 20.778 bit/s/Hz
[ 8524 ms] [UE 20945] UL: SNR = 63.50 dB | SE = 20.778 bit/s/Hz
[ 8533 ms] [UE 45898] UL: SNR = 63.50 dB | SE = 20.778 bit/s/Hz
[ 8533 ms] [UE 36997] UL: SNR = 63.50 dB | SE = 20.778 bit/s/Hz
[ 8533 ms] [UE 48787] UL: SNR = 63.50 dB | SE = 20.778 bit/s/Hz
[ 8533 ms] [UE 40252] UL: SNR = 56.00 dB | SE = 18.324 bit/s/Hz
[ 8533 ms] [UE 15599] UL: SNR = 52.50 dB | SE = 17.179 bit/s/Hz
[ 8624 ms] [UE 33952] UL: SNR = 57.50 dB | SE = 18.815 bit/s/Hz
[ 8624 ms] [UE 12169] UL: SNR = 63.50 dB | SE = 20.778 bit/s/Hz
[ 8624 ms] [UE 22873] UL: SNR = 63.50 dB | SE = 20.778 bit/s/Hz
[ 8624 ms] [UE 30556] UL: SNR = 63.50 dB | SE = 20.778 bit/s/Hz
[ 8624 ms] [UE 20945] UL: SNR = 63.50 dB | SE = 20.778 bit/s/Hz
[ 8642 ms] [UE 45898] UL: SNR = 63.50 dB | SE = 20.778 bit/s/Hz
[ 8642 ms] [UE 36997] UL: SNR = 63.50 dB | SE = 20.778 bit/s/Hz
[ 8642 ms] [UE 48787] UL: SNR = 63.50 dB | SE = 20.778 bit/s/Hz
[ 8642 ms] [UE 40252] UL: SNR = 56.00 dB | SE = 18.324 bit/s/Hz
[ 8642 ms] [UE 15599] UL: SNR = 52.50 dB | SE = 17.179 bit/s/Hz
[ 8734 ms] [UE 33952] UL: SNR = 57.50 dB | SE = 18.815 bit/s/Hz
[ 8734 ms] [UE 12169] UL: SNR = 63.50 dB | SE = 20.778 bit/s/Hz
[ 8734 ms] [UE 22873] UL: SNR = 63.50 dB | SE = 20.778 bit/s/Hz
[ 8734 ms] [UE 30556] UL: SNR = 63.50 dB | SE = 20.778 bit/s/Hz
[ 8734 ms] [UE 20945] UL: SNR = 63.50 dB | SE = 20.778 bit/s/Hz
[ 8752 ms] [UE 45898] UL: SNR = 63.50 dB | SE = 20.778 bit/s/Hz
[ 8752 ms] [UE 36997] UL: SNR = 63.50 dB | SE = 20.778 bit/s/Hz
[ 8752 ms] [UE 48787] UL: SNR = 63.50 dB | SE = 20.778 bit/s/Hz
[ 8752 ms] [UE 40252] UL: SNR = 56.00 dB | SE = 18.324 bit/s/Hz
[ 8752 ms] [UE 15599] UL: SNR = 52.50 dB | SE = 17.179 bit/s/Hz
[ 8834 ms] [UE 33952] UL: SNR = 57.50 dB | SE = 18.815 bit/s/Hz
[ 8834 ms] [UE 12169] UL: SNR = 63.50 dB | SE = 20.778 bit/s/Hz
[ 8834 ms] [UE 22873] UL: SNR = 63.50 dB | SE = 20.778 bit/s/Hz
[ 8834 ms] [UE 30556] UL: SNR = 63.50 dB | SE = 20.778 bit/s/Hz
[ 8834 ms] [UE 20945] UL: SNR = 63.50 dB | SE = 20.778 bit/s/Hz
[ 8853 ms] [UE 45898] UL: SNR = 63.50 dB | SE = 20.778 bit/s/Hz
[ 8853 ms] [UE 36997] UL: SNR = 63.50 dB | SE = 20.778 bit/s/Hz
[ 8853 ms] [UE 48787] UL: SNR = 63.50 dB | SE = 20.778 bit/s/Hz
[ 8853 ms] [UE 40252] UL: SNR = 56.00 dB | SE = 18.324 bit/s/Hz
[ 8853 ms] [UE 15599] UL: SNR = 52.50 dB | SE = 17.179 bit/s/Hz
[ 8934 ms] [UE 33952] UL: SNR = 57.50 dB | SE = 18.815 bit/s/Hz
[ 8934 ms] [UE 12169] UL: SNR = 63.50 dB | SE = 20.778 bit/s/Hz
[ 8934 ms] [UE 22873] UL: SNR = 63.50 dB | SE = 20.778 bit/s/Hz
[ 8934 ms] [UE 30556] UL: SNR = 7.50 dB | SE = 2.687 bit/s/Hz
[ 8934 ms] [UE 20945] UL: SNR = 63.50 dB | SE = 20.778 bit/s/Hz
[ 8962 ms] [UE 45898] UL: SNR = 63.50 dB | SE = 20.778 bit/s/Hz
[ 8962 ms] [UE 36997] UL: SNR = 63.50 dB | SE = 20.778 bit/s/Hz
[ 8962 ms] [UE 48787] UL: SNR = 63.50 dB | SE = 20.778 bit/s/Hz
[ 8962 ms] [UE 40252] UL: SNR = 56.00 dB | SE = 18.324 bit/s/Hz
[ 8962 ms] [UE 15599] UL: SNR = 52.50 dB | SE = 17.179 bit/s/Hz
[ 9044 ms] [UE 33952] UL: SNR = 57.50 dB | SE = 18.815 bit/s/Hz
[ 9044 ms] [UE 12169] UL: SNR = 63.50 dB | SE = 20.778 bit/s/Hz
[ 9044 ms] [UE 22873] UL: SNR = 63.50 dB | SE = 20.778 bit/s/Hz
[ 9044 ms] [UE 30556] UL: SNR = 7.50 dB | SE = 2.687 bit/s/Hz
[ 9044 ms] [UE 20945] UL: SNR = 63.50 dB | SE = 20.778 bit/s/Hz
[ 9073 ms] [UE 45898] UL: SNR = 63.50 dB | SE = 20.778 bit/s/Hz
[ 9073 ms] [UE 36997] UL: SNR = 63.50 dB | SE = 20.778 bit/s/Hz
[ 9073 ms] [UE 48787] UL: SNR = 63.50 dB | SE = 20.778 bit/s/Hz
[ 9073 ms] [UE 40252] UL: SNR = 56.00 dB | SE = 18.324 bit/s/Hz
[ 9073 ms] [UE 15599] UL: SNR = 52.50 dB | SE = 17.179 bit/s/Hz
[ 9144 ms] [UE 33952] UL: SNR = 57.50 dB | SE = 18.815 bit/s/Hz
[ 9144 ms] [UE 12169] UL: SNR = 63.50 dB | SE = 20.778 bit/s/Hz
[ 9144 ms] [UE 22873] UL: SNR = 63.50 dB | SE = 20.778 bit/s/Hz
[ 9144 ms] [UE 30556] UL: SNR = 7.50 dB | SE = 2.687 bit/s/Hz
[ 9144 ms] [UE 20945] UL: SNR = 63.50 dB | SE = 20.778 bit/s/Hz
[ 9183 ms] [UE 45898] UL: SNR = 63.50 dB | SE = 20.778 bit/s/Hz
[ 9183 ms] [UE 36997] UL: SNR = 63.50 dB | SE = 20.778 bit/s/Hz
[ 9183 ms] [UE 48787] UL: SNR = 63.50 dB | SE = 20.778 bit/s/Hz
[ 9183 ms] [UE 40252] UL: SNR = 56.00 dB | SE = 18.324 bit/s/Hz
[ 9183 ms] [UE 15599] UL: SNR = 52.50 dB | SE = 17.179 bit/s/Hz
[ 9244 ms] [UE 33952] UL: SNR = 57.50 dB | SE = 18.815 bit/s/Hz
[ 9244 ms] [UE 12169] UL: SNR = 63.50 dB | SE = 20.778 bit/s/Hz
[ 9244 ms] [UE 22873] UL: SNR = 63.50 dB | SE = 20.778 bit/s/Hz
[ 9244 ms] [UE 30556] UL: SNR = 7.50 dB | SE = 2.687 bit/s/Hz
[ 9244 ms] [UE 20945] UL: SNR = 63.50 dB | SE = 20.778 bit/s/Hz
[ 9292 ms] [UE 45898] UL: SNR = 63.50 dB | SE = 20.778 bit/s/Hz
[ 9292 ms] [UE 36997] UL: SNR = 63.50 dB | SE = 20.778 bit/s/Hz
[ 9292 ms] [UE 48787] UL: SNR = 63.50 dB | SE = 20.778 bit/s/Hz
[ 9292 ms] [UE 40252] UL: SNR = 56.00 dB | SE = 18.324 bit/s/Hz
[ 9292 ms] [UE 15599] UL: SNR = 52.50 dB | SE = 17.179 bit/s/Hz
[ 9344 ms] [UE 33952] UL: SNR = 57.50 dB | SE = 18.815 bit/s/Hz
[ 9344 ms] [UE 12169] UL: SNR = 63.50 dB | SE = 20.778 bit/s/Hz
[ 9344 ms] [UE 22873] UL: SNR = 63.50 dB | SE = 20.778 bit/s/Hz
[ 9344 ms] [UE 30556] UL: SNR = 7.50 dB | SE = 2.687 bit/s/Hz
[ 9344 ms] [UE 20945] UL: SNR = 63.50 dB | SE = 20.778 bit/s/Hz
[ 9394 ms] [UE 45898] UL: SNR = 63.50 dB | SE = 20.778 bit/s/Hz
[ 9394 ms] [UE 36997] UL: SNR = 63.50 dB | SE = 20.778 bit/s/Hz
[ 9394 ms] [UE 48787] UL: SNR = 63.50 dB | SE = 20.778 bit/s/Hz
[ 9394 ms] [UE 40252] UL: SNR = 56.00 dB | SE = 18.324 bit/s/Hz
[ 9394 ms] [UE 15599] UL: SNR = 52.50 dB | SE = 17.179 bit/s/Hz
[ 9454 ms] [UE 33952] UL: SNR = 57.50 dB | SE = 18.815 bit/s/Hz
[ 9454 ms] [UE 12169] UL: SNR = 63.50 dB | SE = 20.778 bit/s/Hz
[ 9454 ms] [UE 22873] UL: SNR = 63.50 dB | SE = 20.778 bit/s/Hz
[ 9454 ms] [UE 30556] UL: SNR = 7.50 dB | SE = 2.687 bit/s/Hz
[ 9454 ms] [UE 20945] UL: SNR = 63.50 dB | SE = 20.778 bit/s/Hz
[ 9503 ms] [UE 45898] UL: SNR = 63.50 dB | SE = 20.778 bit/s/Hz
[ 9503 ms] [UE 36997] UL: SNR = 63.50 dB | SE = 20.778 bit/s/Hz
[ 9503 ms] [UE 48787] UL: SNR = 63.50 dB | SE = 20.778 bit/s/Hz
[ 9503 ms] [UE 40252] UL: SNR = 56.00 dB | SE = 18.324 bit/s/Hz
[ 9503 ms] [UE 15599] UL: SNR = 52.50 dB | SE = 17.179 bit/s/Hz
[ 9554 ms] [UE 33952] UL: SNR = 57.50 dB | SE = 18.815 bit/s/Hz
[ 9554 ms] [UE 12169] UL: SNR = 63.50 dB | SE = 20.778 bit/s/Hz
[ 9554 ms] [UE 22873] UL: SNR = 63.50 dB | SE = 20.778 bit/s/Hz
[ 9554 ms] [UE 30556] UL: SNR = 7.50 dB | SE = 2.687 bit/s/Hz
[ 9554 ms] [UE 20945] UL: SNR = 63.50 dB | SE = 20.778 bit/s/Hz
[ 9603 ms] [UE 45898] UL: SNR = 63.50 dB | SE = 20.778 bit/s/Hz
[ 9603 ms] [UE 36997] UL: SNR = 63.50 dB | SE = 20.778 bit/s/Hz
[ 9603 ms] [UE 48787] UL: SNR = 63.50 dB | SE = 20.778 bit/s/Hz
[ 9603 ms] [UE 40252] UL: SNR = 56.00 dB | SE = 18.324 bit/s/Hz
[ 9603 ms] [UE 15599] UL: SNR = 52.50 dB | SE = 17.179 bit/s/Hz
[ 9656 ms] [UE 33952] UL: SNR = 57.50 dB | SE = 18.815 bit/s/Hz
[ 9656 ms] [UE 12169] UL: SNR = 63.50 dB | SE = 20.778 bit/s/Hz
[ 9656 ms] [UE 22873] UL: SNR = 63.50 dB | SE = 20.778 bit/s/Hz
[ 9656 ms] [UE 30556] UL: SNR = 7.50 dB | SE = 2.687 bit/s/Hz
[ 9656 ms] [UE 20945] UL: SNR = 63.50 dB | SE = 20.778 bit/s/Hz
[ 9712 ms] [UE 45898] UL: SNR = 63.50 dB | SE = 20.778 bit/s/Hz
[ 9712 ms] [UE 36997] UL: SNR = 63.50 dB | SE = 20.778 bit/s/Hz
[ 9712 ms] [UE 48787] UL: SNR = 63.50 dB | SE = 20.778 bit/s/Hz
[ 9712 ms] [UE 40252] UL: SNR = 56.00 dB | SE = 18.324 bit/s/Hz
[ 9712 ms] [UE 15599] UL: SNR = 52.50 dB | SE = 17.179 bit/s/Hz
[ 9764 ms] [UE 33952] UL: SNR = 57.50 dB | SE = 18.815 bit/s/Hz
[ 9764 ms] [UE 12169] UL: SNR = 63.50 dB | SE = 20.778 bit/s/Hz
[ 9764 ms] [UE 22873] UL: SNR = 63.50 dB | SE = 20.778 bit/s/Hz
[ 9764 ms] [UE 30556] UL: SNR = 53.50 dB | SE = 17.506 bit/s/Hz
[ 9764 ms] [UE 20945] UL: SNR = 63.50 dB | SE = 20.778 bit/s/Hz
[ 9822 ms] [UE 45898] UL: SNR = 63.50 dB | SE = 20.778 bit/s/Hz
[ 9822 ms] [UE 36997] UL: SNR = 63.50 dB | SE = 20.778 bit/s/Hz
[ 9822 ms] [UE 48787] UL: SNR = 63.50 dB | SE = 20.778 bit/s/Hz
[ 9822 ms] [UE 40252] UL: SNR = 56.00 dB | SE = 18.324 bit/s/Hz
[ 9822 ms] [UE 15599] UL: SNR = 52.50 dB | SE = 17.179 bit/s/Hz
[ 9874 ms] [UE 33952] UL: SNR = 57.50 dB | SE = 18.815 bit/s/Hz
[ 9874 ms] [UE 12169] UL: SNR = 63.50 dB | SE = 20.778 bit/s/Hz
[ 9874 ms] [UE 22873] UL: SNR = 63.50 dB | SE = 20.778 bit/s/Hz
[ 9874 ms] [UE 30556] UL: SNR = 53.50 dB | SE = 17.506 bit/s/Hz
[ 9874 ms] [UE 20945] UL: SNR = 63.50 dB | SE = 20.778 bit/s/Hz
[ 9922 ms] [UE 45898] UL: SNR = 63.50 dB | SE = 20.778 bit/s/Hz
[ 9922 ms] [UE 36997] UL: SNR = 63.50 dB | SE = 20.778 bit/s/Hz
[ 9922 ms] [UE 48787] UL: SNR = 63.50 dB | SE = 20.778 bit/s/Hz
[ 9922 ms] [UE 40252] UL: SNR = 56.00 dB | SE = 18.324 bit/s/Hz
[ 9922 ms] [UE 15599] UL: SNR = 52.50 dB | SE = 17.179 bit/s/Hz
[ 9975 ms] [UE 33952] UL: SNR = 57.50 dB | SE = 18.815 bit/s/Hz
[ 9975 ms] [UE 12169] UL: SNR = 63.50 dB | SE = 20.778 bit/s/Hz
[ 9975 ms] [UE 22873] UL: SNR = 63.50 dB | SE = 20.778 bit/s/Hz
[ 9975 ms] [UE 30556] UL: SNR = 54.00 dB | SE = 17.669 bit/s/Hz
[ 9975 ms] [UE 20945] UL: SNR = 63.50 dB | SE = 20.778 bit/s/Hz
[10032 ms] [UE 45898] UL: SNR = 63.50 dB | SE = 20.778 bit/s/Hz
[10032 ms] [UE 36997] UL: SNR = 63.50 dB | SE = 20.778 bit/s/Hz
[10032 ms] [UE 48787] UL: SNR = 63.50 dB | SE = 20.778 bit/s/Hz
[10032 ms] [UE 40252] UL: SNR = 56.00 dB | SE = 18.324 bit/s/Hz
[10032 ms] [UE 15599] UL: SNR = 52.50 dB | SE = 17.179 bit/s/Hz
[10084 ms] [UE 33952] UL: SNR = 57.50 dB | SE = 18.815 bit/s/Hz
[10084 ms] [UE 12169] UL: SNR = 63.50 dB | SE = 20.778 bit/s/Hz
[10084 ms] [UE 22873] UL: SNR = 63.50 dB | SE = 20.778 bit/s/Hz
[10084 ms] [UE 30556] UL: SNR = 54.00 dB | SE = 17.669 bit/s/Hz
[10084 ms] [UE 20945] UL: SNR = 63.50 dB | SE = 20.778 bit/s/Hz
[10132 ms] [UE 45898] UL: SNR = 63.50 dB | SE = 20.778 bit/s/Hz
[10132 ms] [UE 36997] UL: SNR = 63.50 dB | SE = 20.778 bit/s/Hz
[10132 ms] [UE 48787] UL: SNR = 63.50 dB | SE = 20.778 bit/s/Hz
[10132 ms] [UE 40252] UL: SNR = 56.00 dB | SE = 18.324 bit/s/Hz
[10132 ms] [UE 15599] UL: SNR = 52.50 dB | SE = 17.179 bit/s/Hz
[10184 ms] [UE 33952] UL: SNR = 57.50 dB | SE = 18.815 bit/s/Hz
[10184 ms] [UE 12169] UL: SNR = 63.50 dB | SE = 20.778 bit/s/Hz
[10184 ms] [UE 22873] UL: SNR = 63.50 dB | SE = 20.778 bit/s/Hz
[10184 ms] [UE 30556] UL: SNR = 63.50 dB | SE = 20.778 bit/s/Hz
[10184 ms] [UE 20945] UL: SNR = 63.50 dB | SE = 20.778 bit/s/Hz
[10233 ms] [UE 45898] UL: SNR = 63.50 dB | SE = 20.778 bit/s/Hz
[10233 ms] [UE 36997] UL: SNR = 63.50 dB | SE = 20.778 bit/s/Hz
[10233 ms] [UE 48787] UL: SNR = 63.50 dB | SE = 20.778 bit/s/Hz
[10233 ms] [UE 40252] UL: SNR = 56.00 dB | SE = 18.324 bit/s/Hz
[10233 ms] [UE 15599] UL: SNR = 52.50 dB | SE = 17.179 bit/s/Hz
[10294 ms] [UE 33952] UL: SNR = 57.50 dB | SE = 18.815 bit/s/Hz
[10294 ms] [UE 12169] UL: SNR = 63.50 dB | SE = 20.778 bit/s/Hz
[10294 ms] [UE 22873] UL: SNR = 63.50 dB | SE = 20.778 bit/s/Hz
[10294 ms] [UE 30556] UL: SNR = 63.50 dB | SE = 20.778 bit/s/Hz
[10294 ms] [UE 20945] UL: SNR = 63.50 dB | SE = 20.778 bit/s/Hz
[10342 ms] [UE 45898] UL: SNR = 63.50 dB | SE = 20.778 bit/s/Hz
[10342 ms] [UE 36997] UL: SNR = 63.50 dB | SE = 20.778 bit/s/Hz
[10342 ms] [UE 48787] UL: SNR = 63.50 dB | SE = 20.778 bit/s/Hz
[10342 ms] [UE 40252] UL: SNR = 56.00 dB | SE = 18.324 bit/s/Hz
[10342 ms] [UE 15599] UL: SNR = 52.50 dB | SE = 17.179 bit/s/Hz
[10394 ms] [UE 33952] UL: SNR = 57.50 dB | SE = 18.815 bit/s/Hz
[10394 ms] [UE 12169] UL: SNR = 63.50 dB | SE = 20.778 bit/s/Hz
[10394 ms] [UE 22873] UL: SNR = 63.50 dB | SE = 20.778 bit/s/Hz
[10394 ms] [UE 30556] UL: SNR = 63.50 dB | SE = 20.778 bit/s/Hz
[10394 ms] [UE 20945] UL: SNR = 63.50 dB | SE = 20.778 bit/s/Hz
[10443 ms] [UE 45898] UL: SNR = 63.50 dB | SE = 20.778 bit/s/Hz
[10443 ms] [UE 36997] UL: SNR = 63.50 dB | SE = 20.778 bit/s/Hz
[10443 ms] [UE 48787] UL: SNR = 63.50 dB | SE = 20.778 bit/s/Hz
[10443 ms] [UE 40252] UL: SNR = 56.00 dB | SE = 18.324 bit/s/Hz
[10443 ms] [UE 15599] UL: SNR = 52.50 dB | SE = 17.179 bit/s/Hz
[10505 ms] [UE 33952] UL: SNR = 57.50 dB | SE = 18.815 bit/s/Hz
[10505 ms] [UE 12169] UL: SNR = 63.50 dB | SE = 20.778 bit/s/Hz
[10505 ms] [UE 22873] UL: SNR = 63.50 dB | SE = 20.778 bit/s/Hz
[10505 ms] [UE 30556] UL: SNR = 54.00 dB | SE = 17.669 bit/s/Hz
[10505 ms] [UE 20945] UL: SNR = 63.50 dB | SE = 20.778 bit/s/Hz
[10554 ms] [UE 45898] UL: SNR = 63.50 dB | SE = 20.778 bit/s/Hz
[10554 ms] [UE 36997] UL: SNR = 63.50 dB | SE = 20.778 bit/s/Hz
[10554 ms] [UE 48787] UL: SNR = 63.50 dB | SE = 20.778 bit/s/Hz
[10554 ms] [UE 40252] UL: SNR = 56.00 dB | SE = 18.324 bit/s/Hz
[10554 ms] [UE 15599] UL: SNR = 52.50 dB | SE = 17.179 bit/s/Hz
[10614 ms] [UE 33952] UL: SNR = 57.50 dB | SE = 18.815 bit/s/Hz
[10614 ms] [UE 12169] UL: SNR = 63.50 dB | SE = 20.778 bit/s/Hz
[10614 ms] [UE 22873] UL: SNR = 63.50 dB | SE = 20.778 bit/s/Hz
[10614 ms] [UE 30556] UL: SNR = 54.00 dB | SE = 17.669 bit/s/Hz
[10614 ms] [UE 20945] UL: SNR = 63.50 dB | SE = 20.778 bit/s/Hz
[10662 ms] [UE 45898] UL: SNR = 63.50 dB | SE = 20.778 bit/s/Hz
[10662 ms] [UE 36997] UL: SNR = 63.50 dB | SE = 20.778 bit/s/Hz
[10662 ms] [UE 48787] UL: SNR = 63.50 dB | SE = 20.778 bit/s/Hz
[10662 ms] [UE 40252] UL: SNR = 56.00 dB | SE = 18.324 bit/s/Hz
[10662 ms] [UE 15599] UL: SNR = 52.50 dB | SE = 17.179 bit/s/Hz
[10715 ms] [UE 33952] UL: SNR = 63.50 dB | SE = 20.778 bit/s/Hz
[10715 ms] [UE 12169] UL: SNR = 63.50 dB | SE = 20.778 bit/s/Hz
[10715 ms] [UE 22873] UL: SNR = 63.50 dB | SE = 20.778 bit/s/Hz
[10715 ms] [UE 30556] UL: SNR = 63.50 dB | SE = 20.778 bit/s/Hz
[10715 ms] [UE 20945] UL: SNR = 63.50 dB | SE = 20.778 bit/s/Hz
[10763 ms] [UE 45898] UL: SNR = 63.50 dB | SE = 20.778 bit/s/Hz
[10763 ms] [UE 36997] UL: SNR = 63.50 dB | SE = 20.778 bit/s/Hz
[10763 ms] [UE 48787] UL: SNR = 63.50 dB | SE = 20.778 bit/s/Hz
[10763 ms] [UE 40252] UL: SNR = 56.00 dB | SE = 18.324 bit/s/Hz
[10763 ms] [UE 15599] UL: SNR = 52.50 dB | SE = 17.179 bit/s/Hz
[10824 ms] [UE 33952] UL: SNR = 63.50 dB | SE = 20.778 bit/s/Hz
[10824 ms] [UE 12169] UL: SNR = 63.50 dB | SE = 20.778 bit/s/Hz
[10824 ms] [UE 22873] UL: SNR = 63.50 dB | SE = 20.778 bit/s/Hz
[10824 ms] [UE 30556] UL: SNR = 63.50 dB | SE = 20.778 bit/s/Hz
[10824 ms] [UE 20945] UL: SNR = 63.50 dB | SE = 20.778 bit/s/Hz
[10863 ms] [UE 45898] UL: SNR = 63.50 dB | SE = 20.778 bit/s/Hz
[10863 ms] [UE 36997] UL: SNR = 63.50 dB | SE = 20.778 bit/s/Hz
[10863 ms] [UE 48787] UL: SNR = 63.50 dB | SE = 20.778 bit/s/Hz
[10863 ms] [UE 40252] UL: SNR = 56.00 dB | SE = 18.324 bit/s/Hz
[10863 ms] [UE 15599] UL: SNR = 52.50 dB | SE = 17.179 bit/s/Hz
[10925 ms] [UE 33952] UL: SNR = 63.50 dB | SE = 20.778 bit/s/Hz
[10925 ms] [UE 12169] UL: SNR = 63.50 dB | SE = 20.778 bit/s/Hz
[10925 ms] [UE 22873] UL: SNR = 63.50 dB | SE = 20.778 bit/s/Hz
[10925 ms] [UE 30556] UL: SNR = 63.50 dB | SE = 20.778 bit/s/Hz
[10925 ms] [UE 20945] UL: SNR = 63.50 dB | SE = 20.778 bit/s/Hz
[10972 ms] [UE 45898] UL: SNR = 63.50 dB | SE = 20.778 bit/s/Hz
[10972 ms] [UE 36997] UL: SNR = 63.50 dB | SE = 20.778 bit/s/Hz
[10972 ms] [UE 48787] UL: SNR = 63.50 dB | SE = 20.778 bit/s/Hz
[10972 ms] [UE 40252] UL: SNR = 56.00 dB | SE = 18.324 bit/s/Hz
[10972 ms] [UE 15599] UL: SNR = 52.50 dB | SE = 17.179 bit/s/Hz
[11025 ms] [UE 33952] UL: SNR = 63.50 dB | SE = 20.778 bit/s/Hz
[11025 ms] [UE 12169] UL: SNR = 63.50 dB | SE = 20.778 bit/s/Hz
[11025 ms] [UE 22873] UL: SNR = 63.50 dB | SE = 20.778 bit/s/Hz
[11025 ms] [UE 30556] UL: SNR = 63.50 dB | SE = 20.778 bit/s/Hz
[11025 ms] [UE 20945] UL: SNR = 63.50 dB | SE = 20.778 bit/s/Hz
[11083 ms] [UE 45898] UL: SNR = 63.50 dB | SE = 20.778 bit/s/Hz
[11083 ms] [UE 36997] UL: SNR = 63.50 dB | SE = 20.778 bit/s/Hz
[11083 ms] [UE 48787] UL: SNR = 63.50 dB | SE = 20.778 bit/s/Hz
[11083 ms] [UE 40252] UL: SNR = 56.00 dB | SE = 18.324 bit/s/Hz
[11083 ms] [UE 15599] UL: SNR = 52.50 dB | SE = 17.179 bit/s/Hz
[11125 ms] [UE 33952] UL: SNR = 63.50 dB | SE = 20.778 bit/s/Hz
[11125 ms] [UE 12169] UL: SNR = 63.50 dB | SE = 20.778 bit/s/Hz
[11125 ms] [UE 22873] UL: SNR = 63.50 dB | SE = 20.778 bit/s/Hz
[11125 ms] [UE 30556] UL: SNR = 63.50 dB | SE = 20.778 bit/s/Hz
[11125 ms] [UE 20945] UL: SNR = 63.50 dB | SE = 20.778 bit/s/Hz
[11192 ms] [UE 45898] UL: SNR = 63.50 dB | SE = 20.778 bit/s/Hz
[11192 ms] [UE 36997] UL: SNR = 63.50 dB | SE = 20.778 bit/s/Hz
[11192 ms] [UE 48787] UL: SNR = 63.50 dB | SE = 20.778 bit/s/Hz
[11192 ms] [UE 40252] UL: SNR = 56.00 dB | SE = 18.324 bit/s/Hz
[11192 ms] [UE 15599] UL: SNR = 52.50 dB | SE = 17.179 bit/s/Hz
[11234 ms] [UE 33952] UL: SNR = 63.50 dB | SE = 20.778 bit/s/Hz
[11234 ms] [UE 12169] UL: SNR = 63.50 dB | SE = 20.778 bit/s/Hz
[11234 ms] [UE 22873] UL: SNR = 63.50 dB | SE = 20.778 bit/s/Hz
[11234 ms] [UE 30556] UL: SNR = 63.50 dB | SE = 20.778 bit/s/Hz
[11234 ms] [UE 20945] UL: SNR = 63.50 dB | SE = 20.778 bit/s/Hz
[11303 ms] [UE 45898] UL: SNR = 63.50 dB | SE = 20.778 bit/s/Hz
[11303 ms] [UE 36997] UL: SNR = 63.50 dB | SE = 20.778 bit/s/Hz
[11303 ms] [UE 48787] UL: SNR = 63.50 dB | SE = 20.778 bit/s/Hz
[11303 ms] [UE 40252] UL: SNR = 56.00 dB | SE = 18.324 bit/s/Hz
[11303 ms] [UE 15599] UL: SNR = 52.50 dB | SE = 17.179 bit/s/Hz
[11334 ms] [UE 33952] UL: SNR = 63.50 dB | SE = 20.778 bit/s/Hz
[11334 ms] [UE 12169] UL: SNR = 63.50 dB | SE = 20.778 bit/s/Hz
[11334 ms] [UE 22873] UL: SNR = 63.50 dB | SE = 20.778 bit/s/Hz
[11334 ms] [UE 30556] UL: SNR = 63.50 dB | SE = 20.778 bit/s/Hz
[11334 ms] [UE 20945] UL: SNR = 63.50 dB | SE = 20.778 bit/s/Hz
[11412 ms] [UE 45898] UL: SNR = 63.50 dB | SE = 20.778 bit/s/Hz
[11412 ms] [UE 36997] UL: SNR = 63.50 dB | SE = 20.778 bit/s/Hz
[11412 ms] [UE 48787] UL: SNR = 63.50 dB | SE = 20.778 bit/s/Hz
[11412 ms] [UE 40252] UL: SNR = 56.00 dB | SE = 18.324 bit/s/Hz
[11412 ms] [UE 15599] UL: SNR = 52.50 dB | SE = 17.179 bit/s/Hz
[11444 ms] [UE 33952] UL: SNR = 63.50 dB | SE = 20.778 bit/s/Hz
[11444 ms] [UE 12169] UL: SNR = 63.50 dB | SE = 20.778 bit/s/Hz
[11444 ms] [UE 22873] UL: SNR = 63.50 dB | SE = 20.778 bit/s/Hz
[11444 ms] [UE 30556] UL: SNR = 63.50 dB | SE = 20.778 bit/s/Hz
[11444 ms] [UE 20945] UL: SNR = 63.50 dB | SE = 20.778 bit/s/Hz
[11512 ms] [UE 45898] UL: SNR = 63.50 dB | SE = 20.778 bit/s/Hz
[11512 ms] [UE 36997] UL: SNR = 63.50 dB | SE = 20.778 bit/s/Hz
[11512 ms] [UE 48787] UL: SNR = 63.50 dB | SE = 20.778 bit/s/Hz
[11512 ms] [UE 40252] UL: SNR = 56.00 dB | SE = 18.324 bit/s/Hz
[11512 ms] [UE 15599] UL: SNR = 52.50 dB | SE = 17.179 bit/s/Hz
[11544 ms] [UE 33952] UL: SNR = 63.50 dB | SE = 20.778 bit/s/Hz
[11544 ms] [UE 12169] UL: SNR = 63.50 dB | SE = 20.778 bit/s/Hz
[11544 ms] [UE 22873] UL: SNR = 63.50 dB | SE = 20.778 bit/s/Hz
[11544 ms] [UE 30556] UL: SNR = 63.50 dB | SE = 20.778 bit/s/Hz
[11544 ms] [UE 20945] UL: SNR = 63.50 dB | SE = 20.778 bit/s/Hz
[11612 ms] [UE 45898] UL: SNR = 63.50 dB | SE = 20.778 bit/s/Hz
[11612 ms] [UE 36997] UL: SNR = 63.50 dB | SE = 20.778 bit/s/Hz
[11612 ms] [UE 48787] UL: SNR = 63.50 dB | SE = 20.778 bit/s/Hz
[11612 ms] [UE 40252] UL: SNR = 56.00 dB | SE = 18.324 bit/s/Hz
[11612 ms] [UE 15599] UL: SNR = 52.50 dB | SE = 17.179 bit/s/Hz
[11644 ms] [UE 33952] UL: SNR = 63.50 dB | SE = 20.778 bit/s/Hz
[11644 ms] [UE 12169] UL: SNR = 63.50 dB | SE = 20.778 bit/s/Hz
[11644 ms] [UE 22873] UL: SNR = 63.50 dB | SE = 20.778 bit/s/Hz
[11644 ms] [UE 30556] UL: SNR = 50.50 dB | SE = 16.524 bit/s/Hz
[11644 ms] [UE 20945] UL: SNR = 63.50 dB | SE = 20.778 bit/s/Hz
[11722 ms] [UE 45898] UL: SNR = 63.50 dB | SE = 20.778 bit/s/Hz
[11722 ms] [UE 36997] UL: SNR = 63.50 dB | SE = 20.778 bit/s/Hz
[11722 ms] [UE 48787] UL: SNR = 63.50 dB | SE = 20.778 bit/s/Hz
[11722 ms] [UE 40252] UL: SNR = 56.00 dB | SE = 18.324 bit/s/Hz
[11722 ms] [UE 15599] UL: SNR = 52.50 dB | SE = 17.179 bit/s/Hz
[11754 ms] [UE 33952] UL: SNR = 63.50 dB | SE = 20.778 bit/s/Hz
[11754 ms] [UE 12169] UL: SNR = 63.50 dB | SE = 20.778 bit/s/Hz
[11754 ms] [UE 22873] UL: SNR = 63.50 dB | SE = 20.778 bit/s/Hz
[11754 ms] [UE 30556] UL: SNR = 50.50 dB | SE = 16.524 bit/s/Hz
[11754 ms] [UE 20945] UL: SNR = 63.50 dB | SE = 20.778 bit/s/Hz
[11824 ms] [UE 45898] UL: SNR = 63.50 dB | SE = 20.778 bit/s/Hz
[11824 ms] [UE 36997] UL: SNR = 63.50 dB | SE = 20.778 bit/s/Hz
[11824 ms] [UE 48787] UL: SNR = 63.50 dB | SE = 20.778 bit/s/Hz
[11824 ms] [UE 40252] UL: SNR = 56.00 dB | SE = 18.324 bit/s/Hz
[11824 ms] [UE 15599] UL: SNR = 52.50 dB | SE = 17.179 bit/s/Hz
[11854 ms] [UE 33952] UL: SNR = 63.50 dB | SE = 20.778 bit/s/Hz
[11854 ms] [UE 12169] UL: SNR = 63.50 dB | SE = 20.778 bit/s/Hz
[11854 ms] [UE 22873] UL: SNR = 63.50 dB | SE = 20.778 bit/s/Hz
[11854 ms] [UE 30556] UL: SNR = 63.50 dB | SE = 20.778 bit/s/Hz
[11854 ms] [UE 20945] UL: SNR = 63.50 dB | SE = 20.778 bit/s/Hz
[11924 ms] [UE 45898] UL: SNR = 63.50 dB | SE = 20.778 bit/s/Hz
[11924 ms] [UE 36997] UL: SNR = 63.50 dB | SE = 20.778 bit/s/Hz
[11924 ms] [UE 48787] UL: SNR = 63.50 dB | SE = 20.778 bit/s/Hz
[11924 ms] [UE 40252] UL: SNR = 56.00 dB | SE = 18.324 bit/s/Hz
[11924 ms] [UE 15599] UL: SNR = 52.50 dB | SE = 17.179 bit/s/Hz
[11965 ms] [UE 33952] UL: SNR = 63.50 dB | SE = 20.778 bit/s/Hz
[11965 ms] [UE 12169] UL: SNR = 63.50 dB | SE = 20.778 bit/s/Hz
[11965 ms] [UE 22873] UL: SNR = 63.50 dB | SE = 20.778 bit/s/Hz
[11965 ms] [UE 30556] UL: SNR = 63.50 dB | SE = 20.778 bit/s/Hz
[11965 ms] [UE 20945] UL: SNR = 63.50 dB | SE = 20.778 bit/s/Hz
[12032 ms] [UE 45898] UL: SNR = 63.50 dB | SE = 20.778 bit/s/Hz
[12032 ms] [UE 36997] UL: SNR = 63.50 dB | SE = 20.778 bit/s/Hz
[12032 ms] [UE 48787] UL: SNR = 63.50 dB | SE = 20.778 bit/s/Hz
[12032 ms] [UE 40252] UL: SNR = 56.00 dB | SE = 18.324 bit/s/Hz
[12032 ms] [UE 15599] UL: SNR = 52.50 dB | SE = 17.179 bit/s/Hz
[12074 ms] [UE 33952] UL: SNR = 63.50 dB | SE = 20.778 bit/s/Hz
[12074 ms] [UE 12169] UL: SNR = 63.50 dB | SE = 20.778 bit/s/Hz
[12074 ms] [UE 22873] UL: SNR = 63.50 dB | SE = 20.778 bit/s/Hz
[12074 ms] [UE 30556] UL: SNR = 63.50 dB | SE = 20.778 bit/s/Hz
[12074 ms] [UE 20945] UL: SNR = 63.50 dB | SE = 20.778 bit/s/Hz
[12133 ms] [UE 45898] UL: SNR = 63.50 dB | SE = 20.778 bit/s/Hz
[12133 ms] [UE 36997] UL: SNR = 63.50 dB | SE = 20.778 bit/s/Hz
[12133 ms] [UE 48787] UL: SNR = 63.50 dB | SE = 20.778 bit/s/Hz
[12133 ms] [UE 40252] UL: SNR = 56.00 dB | SE = 18.324 bit/s/Hz
[12133 ms] [UE 15599] UL: SNR = 52.50 dB | SE = 17.179 bit/s/Hz
[12174 ms] [UE 33952] UL: SNR = 63.50 dB | SE = 20.778 bit/s/Hz
[12174 ms] [UE 12169] UL: SNR = 63.50 dB | SE = 20.778 bit/s/Hz
[12174 ms] [UE 22873] UL: SNR = 63.50 dB | SE = 20.778 bit/s/Hz
[12174 ms] [UE 30556] UL: SNR = 63.50 dB | SE = 20.778 bit/s/Hz
[12174 ms] [UE 20945] UL: SNR = 63.50 dB | SE = 20.778 bit/s/Hz
[12242 ms] [UE 45898] UL: SNR = 63.50 dB | SE = 20.778 bit/s/Hz
[12242 ms] [UE 36997] UL: SNR = 63.50 dB | SE = 20.778 bit/s/Hz
[12242 ms] [UE 48787] UL: SNR = 63.50 dB | SE = 20.778 bit/s/Hz
[12242 ms] [UE 40252] UL: SNR = 56.00 dB | SE = 18.324 bit/s/Hz
[12242 ms] [UE 15599] UL: SNR = 52.50 dB | SE = 17.179 bit/s/Hz
[12274 ms] [UE 33952] UL: SNR = 63.50 dB | SE = 20.778 bit/s/Hz
[12274 ms] [UE 12169] UL: SNR = 63.50 dB | SE = 20.778 bit/s/Hz
[12274 ms] [UE 22873] UL: SNR = 63.50 dB | SE = 20.778 bit/s/Hz
[12274 ms] [UE 30556] UL: SNR = 63.50 dB | SE = 20.778 bit/s/Hz
[12274 ms] [UE 20945] UL: SNR = 63.50 dB | SE = 20.778 bit/s/Hz
[12352 ms] [UE 45898] UL: SNR = 63.50 dB | SE = 20.778 bit/s/Hz
[12352 ms] [UE 36997] UL: SNR = 63.50 dB | SE = 20.778 bit/s/Hz
[12352 ms] [UE 48787] UL: SNR = 63.50 dB | SE = 20.778 bit/s/Hz
[12352 ms] [UE 40252] UL: SNR = 56.00 dB | SE = 18.324 bit/s/Hz
[12352 ms] [UE 15599] UL: SNR = 52.50 dB | SE = 17.179 bit/s/Hz
[12384 ms] [UE 33952] UL: SNR = 63.50 dB | SE = 20.778 bit/s/Hz
[12384 ms] [UE 12169] UL: SNR = 63.50 dB | SE = 20.778 bit/s/Hz
[12384 ms] [UE 22873] UL: SNR = 63.50 dB | SE = 20.778 bit/s/Hz
[12384 ms] [UE 30556] UL: SNR = 63.50 dB | SE = 20.778 bit/s/Hz
[12384 ms] [UE 20945] UL: SNR = 63.50 dB | SE = 20.778 bit/s/Hz
[12452 ms] [UE 45898] UL: SNR = 63.50 dB | SE = 20.778 bit/s/Hz
[12452 ms] [UE 36997] UL: SNR = 63.50 dB | SE = 20.778 bit/s/Hz
[12452 ms] [UE 48787] UL: SNR = 63.50 dB | SE = 20.778 bit/s/Hz
[12452 ms] [UE 40252] UL: SNR = 56.00 dB | SE = 18.324 bit/s/Hz
[12452 ms] [UE 15599] UL: SNR = 52.50 dB | SE = 17.179 bit/s/Hz
[12485 ms] [UE 33952] UL: SNR = 63.50 dB | SE = 20.778 bit/s/Hz
[12485 ms] [UE 12169] UL: SNR = 63.50 dB | SE = 20.778 bit/s/Hz
[12485 ms] [UE 22873] UL: SNR = 63.50 dB | SE = 20.778 bit/s/Hz
[12485 ms] [UE 30556] UL: SNR = 63.50 dB | SE = 20.778 bit/s/Hz
[12485 ms] [UE 20945] UL: SNR = 63.50 dB | SE = 20.778 bit/s/Hz
[12563 ms] [UE 45898] UL: SNR = 63.50 dB | SE = 20.778 bit/s/Hz
[12563 ms] [UE 36997] UL: SNR = 63.50 dB | SE = 20.778 bit/s/Hz
[12563 ms] [UE 48787] UL: SNR = 63.50 dB | SE = 20.778 bit/s/Hz
[12563 ms] [UE 40252] UL: SNR = 56.00 dB | SE = 18.324 bit/s/Hz
[12563 ms] [UE 15599] UL: SNR = 52.50 dB | SE = 17.179 bit/s/Hz
[12594 ms] [UE 33952] UL: SNR = 63.50 dB | SE = 20.778 bit/s/Hz
[12594 ms] [UE 12169] UL: SNR = 63.50 dB | SE = 20.778 bit/s/Hz
[12594 ms] [UE 22873] UL: SNR = 63.50 dB | SE = 20.778 bit/s/Hz
[12594 ms] [UE 30556] UL: SNR = 63.50 dB | SE = 20.778 bit/s/Hz
[12594 ms] [UE 20945] UL: SNR = 63.50 dB | SE = 20.778 bit/s/Hz
[12672 ms] [UE 45898] UL: SNR = 63.50 dB | SE = 20.778 bit/s/Hz
[12672 ms] [UE 36997] UL: SNR = 63.50 dB | SE = 20.778 bit/s/Hz
[12672 ms] [UE 48787] UL: SNR = 63.50 dB | SE = 20.778 bit/s/Hz
[12672 ms] [UE 40252] UL: SNR = 56.00 dB | SE = 18.324 bit/s/Hz
[12672 ms] [UE 15599] UL: SNR = 52.50 dB | SE = 17.179 bit/s/Hz
[12694 ms] [UE 33952] UL: SNR = 63.50 dB | SE = 20.778 bit/s/Hz
[12694 ms] [UE 12169] UL: SNR = 63.50 dB | SE = 20.778 bit/s/Hz
[12694 ms] [UE 22873] UL: SNR = 63.50 dB | SE = 20.778 bit/s/Hz
[12694 ms] [UE 30556] UL: SNR = 63.50 dB | SE = 20.778 bit/s/Hz
[12694 ms] [UE 20945] UL: SNR = 63.50 dB | SE = 20.778 bit/s/Hz
[12773 ms] [UE 45898] UL: SNR = 63.50 dB | SE = 20.778 bit/s/Hz
[12773 ms] [UE 36997] UL: SNR = 63.50 dB | SE = 20.778 bit/s/Hz
[12773 ms] [UE 48787] UL: SNR = 63.50 dB | SE = 20.778 bit/s/Hz
[12773 ms] [UE 40252] UL: SNR = 56.00 dB | SE = 18.324 bit/s/Hz
[12773 ms] [UE 15599] UL: SNR = 52.50 dB | SE = 17.179 bit/s/Hz
[12804 ms] [UE 33952] UL: SNR = 63.50 dB | SE = 20.778 bit/s/Hz
[12804 ms] [UE 12169] UL: SNR = 63.50 dB | SE = 20.778 bit/s/Hz
[12804 ms] [UE 22873] UL: SNR = 63.50 dB | SE = 20.778 bit/s/Hz
[12804 ms] [UE 30556] UL: SNR = 63.50 dB | SE = 20.778 bit/s/Hz
[12804 ms] [UE 20945] UL: SNR = 63.50 dB | SE = 20.778 bit/s/Hz
[12883 ms] [UE 45898] UL: SNR = 63.50 dB | SE = 20.778 bit/s/Hz
[12883 ms] [UE 36997] UL: SNR = 63.50 dB | SE = 20.778 bit/s/Hz
[12883 ms] [UE 48787] UL: SNR = 63.50 dB | SE = 20.778 bit/s/Hz
[12883 ms] [UE 40252] UL: SNR = 56.00 dB | SE = 18.324 bit/s/Hz
[12883 ms] [UE 15599] UL: SNR = 52.50 dB | SE = 17.179 bit/s/Hz
[12915 ms] [UE 33952] UL: SNR = 63.50 dB | SE = 20.778 bit/s/Hz
[12915 ms] [UE 12169] UL: SNR = 63.50 dB | SE = 20.778 bit/s/Hz
[12915 ms] [UE 22873] UL: SNR = 63.50 dB | SE = 20.778 bit/s/Hz
[12915 ms] [UE 30556] UL: SNR = 7.50 dB | SE = 2.687 bit/s/Hz
[12915 ms] [UE 20945] UL: SNR = 63.50 dB | SE = 20.778 bit/s/Hz
[12993 ms] [UE 45898] UL: SNR = 63.50 dB | SE = 20.778 bit/s/Hz
[12993 ms] [UE 36997] UL: SNR = 63.50 dB | SE = 20.778 bit/s/Hz
[12993 ms] [UE 48787] UL: SNR = 63.50 dB | SE = 20.778 bit/s/Hz
[12993 ms] [UE 40252] UL: SNR = 56.00 dB | SE = 18.324 bit/s/Hz
[12993 ms] [UE 15599] UL: SNR = 52.50 dB | SE = 17.179 bit/s/Hz
[13015 ms] [UE 33952] UL: SNR = 63.50 dB | SE = 20.778 bit/s/Hz
[13015 ms] [UE 12169] UL: SNR = 63.50 dB | SE = 20.778 bit/s/Hz
[13015 ms] [UE 22873] UL: SNR = 63.50 dB | SE = 20.778 bit/s/Hz
[13015 ms] [UE 30556] UL: SNR = 7.50 dB | SE = 2.687 bit/s/Hz
[13015 ms] [UE 20945] UL: SNR = 63.50 dB | SE = 20.778 bit/s/Hz
[13103 ms] [UE 45898] UL: SNR = 63.50 dB | SE = 20.778 bit/s/Hz
[13103 ms] [UE 36997] UL: SNR = 63.50 dB | SE = 20.778 bit/s/Hz
[13103 ms] [UE 48787] UL: SNR = 63.50 dB | SE = 20.778 bit/s/Hz
[13103 ms] [UE 40252] UL: SNR = 56.00 dB | SE = 18.324 bit/s/Hz
[13103 ms] [UE 15599] UL: SNR = 52.50 dB | SE = 17.179 bit/s/Hz
[13124 ms] [UE 33952] UL: SNR = 63.50 dB | SE = 20.778 bit/s/Hz
[13124 ms] [UE 12169] UL: SNR = 63.50 dB | SE = 20.778 bit/s/Hz
[13124 ms] [UE 22873] UL: SNR = 63.50 dB | SE = 20.778 bit/s/Hz
[13124 ms] [UE 30556] UL: SNR = 7.50 dB | SE = 2.687 bit/s/Hz
[13124 ms] [UE 20945] UL: SNR = 63.50 dB | SE = 20.778 bit/s/Hz
[13212 ms] [UE 45898] UL: SNR = 63.50 dB | SE = 20.778 bit/s/Hz
[13212 ms] [UE 36997] UL: SNR = 63.50 dB | SE = 20.778 bit/s/Hz
[13212 ms] [UE 48787] UL: SNR = 63.50 dB | SE = 20.778 bit/s/Hz
[13212 ms] [UE 40252] UL: SNR = 56.00 dB | SE = 18.324 bit/s/Hz
[13212 ms] [UE 15599] UL: SNR = 52.50 dB | SE = 17.179 bit/s/Hz
[13225 ms] [UE 33952] UL: SNR = 63.50 dB | SE = 20.778 bit/s/Hz
[13225 ms] [UE 12169] UL: SNR = 63.50 dB | SE = 20.778 bit/s/Hz
[13225 ms] [UE 22873] UL: SNR = 63.50 dB | SE = 20.778 bit/s/Hz
[13225 ms] [UE 30556] UL: SNR = 7.50 dB | SE = 2.687 bit/s/Hz
[13225 ms] [UE 20945] UL: SNR = 63.50 dB | SE = 20.778 bit/s/Hz
[13312 ms] [UE 45898] UL: SNR = 63.50 dB | SE = 20.778 bit/s/Hz
[13312 ms] [UE 36997] UL: SNR = 63.50 dB | SE = 20.778 bit/s/Hz
[13312 ms] [UE 48787] UL: SNR = 63.50 dB | SE = 20.778 bit/s/Hz
[13312 ms] [UE 40252] UL: SNR = 56.00 dB | SE = 18.324 bit/s/Hz
[13312 ms] [UE 15599] UL: SNR = 52.50 dB | SE = 17.179 bit/s/Hz
[13326 ms] [UE 33952] UL: SNR = 63.50 dB | SE = 20.778 bit/s/Hz
[13326 ms] [UE 12169] UL: SNR = 63.50 dB | SE = 20.778 bit/s/Hz
[13326 ms] [UE 22873] UL: SNR = 63.50 dB | SE = 20.778 bit/s/Hz
[13326 ms] [UE 30556] UL: SNR = 7.50 dB | SE = 2.687 bit/s/Hz
[13326 ms] [UE 20945] UL: SNR = 63.50 dB | SE = 20.778 bit/s/Hz
[13423 ms] [UE 45898] UL: SNR = 63.50 dB | SE = 20.778 bit/s/Hz
[13423 ms] [UE 36997] UL: SNR = 63.50 dB | SE = 20.778 bit/s/Hz
[13423 ms] [UE 48787] UL: SNR = 63.50 dB | SE = 20.778 bit/s/Hz
[13423 ms] [UE 40252] UL: SNR = 56.00 dB | SE = 18.324 bit/s/Hz
[13423 ms] [UE 15599] UL: SNR = 52.50 dB | SE = 17.179 bit/s/Hz
[13434 ms] [UE 33952] UL: SNR = 63.50 dB | SE = 20.778 bit/s/Hz
[13434 ms] [UE 12169] UL: SNR = 63.50 dB | SE = 20.778 bit/s/Hz
[13434 ms] [UE 22873] UL: SNR = 63.50 dB | SE = 20.778 bit/s/Hz
[13434 ms] [UE 30556] UL: SNR = 7.50 dB | SE = 2.687 bit/s/Hz
[13434 ms] [UE 20945] UL: SNR = 63.50 dB | SE = 20.778 bit/s/Hz
[13532 ms] [UE 45898] UL: SNR = 63.50 dB | SE = 20.778 bit/s/Hz
[13532 ms] [UE 36997] UL: SNR = 63.50 dB | SE = 20.778 bit/s/Hz
[13532 ms] [UE 48787] UL: SNR = 63.50 dB | SE = 20.778 bit/s/Hz
[13532 ms] [UE 40252] UL: SNR = 56.00 dB | SE = 18.324 bit/s/Hz
[13532 ms] [UE 15599] UL: SNR = 52.50 dB | SE = 17.179 bit/s/Hz
[13544 ms] [UE 33952] UL: SNR = 63.50 dB | SE = 20.778 bit/s/Hz
[13544 ms] [UE 12169] UL: SNR = 63.50 dB | SE = 20.778 bit/s/Hz
[13544 ms] [UE 22873] UL: SNR = 63.50 dB | SE = 20.778 bit/s/Hz
[13544 ms] [UE 30556] UL: SNR = 7.50 dB | SE = 2.687 bit/s/Hz
[13544 ms] [UE 20945] UL: SNR = 63.50 dB | SE = 20.778 bit/s/Hz
[13632 ms] [UE 45898] UL: SNR = 63.50 dB | SE = 20.778 bit/s/Hz
[13632 ms] [UE 36997] UL: SNR = 63.50 dB | SE = 20.778 bit/s/Hz
[13632 ms] [UE 48787] UL: SNR = 63.50 dB | SE = 20.778 bit/s/Hz
[13632 ms] [UE 40252] UL: SNR = 56.00 dB | SE = 18.324 bit/s/Hz
[13632 ms] [UE 15599] UL: SNR = 52.50 dB | SE = 17.179 bit/s/Hz
[13644 ms] [UE 33952] UL: SNR = 63.50 dB | SE = 20.778 bit/s/Hz
[13644 ms] [UE 12169] UL: SNR = 63.50 dB | SE = 20.778 bit/s/Hz
[13644 ms] [UE 22873] UL: SNR = 63.50 dB | SE = 20.778 bit/s/Hz
[13644 ms] [UE 30556] UL: SNR = 53.50 dB | SE = 17.506 bit/s/Hz
[13644 ms] [UE 20945] UL: SNR = 63.50 dB | SE = 20.778 bit/s/Hz
[13742 ms] [UE 45898] UL: SNR = 63.50 dB | SE = 20.778 bit/s/Hz
[13742 ms] [UE 36997] UL: SNR = 63.50 dB | SE = 20.778 bit/s/Hz
[13742 ms] [UE 48787] UL: SNR = 63.50 dB | SE = 20.778 bit/s/Hz
[13742 ms] [UE 40252] UL: SNR = 56.00 dB | SE = 18.324 bit/s/Hz
[13742 ms] [UE 15599] UL: SNR = 52.50 dB | SE = 17.179 bit/s/Hz
[13754 ms] [UE 33952] UL: SNR = 63.50 dB | SE = 20.778 bit/s/Hz
[13754 ms] [UE 12169] UL: SNR = 63.50 dB | SE = 20.778 bit/s/Hz
[13754 ms] [UE 22873] UL: SNR = 63.50 dB | SE = 20.778 bit/s/Hz
[13754 ms] [UE 30556] UL: SNR = 53.50 dB | SE = 17.506 bit/s/Hz
[13754 ms] [UE 20945] UL: SNR = 63.50 dB | SE = 20.778 bit/s/Hz
[13843 ms] [UE 45898] UL: SNR = 63.50 dB | SE = 20.778 bit/s/Hz
[13843 ms] [UE 36997] UL: SNR = 63.50 dB | SE = 20.778 bit/s/Hz
[13843 ms] [UE 48787] UL: SNR = 63.50 dB | SE = 20.778 bit/s/Hz
[13843 ms] [UE 40252] UL: SNR = 56.00 dB | SE = 18.324 bit/s/Hz
[13843 ms] [UE 15599] UL: SNR = 52.50 dB | SE = 17.179 bit/s/Hz
[13854 ms] [UE 33952] UL: SNR = 63.50 dB | SE = 20.778 bit/s/Hz
[13854 ms] [UE 12169] UL: SNR = 63.50 dB | SE = 20.778 bit/s/Hz
[13854 ms] [UE 22873] UL: SNR = 63.50 dB | SE = 20.778 bit/s/Hz
[13854 ms] [UE 30556] UL: SNR = 53.50 dB | SE = 17.506 bit/s/Hz
[13854 ms] [UE 20945] UL: SNR = 63.50 dB | SE = 20.778 bit/s/Hz
[13953 ms] [UE 45898] UL: SNR = 63.50 dB | SE = 20.778 bit/s/Hz
[13953 ms] [UE 36997] UL: SNR = 63.50 dB | SE = 20.778 bit/s/Hz
[13953 ms] [UE 48787] UL: SNR = 63.50 dB | SE = 20.778 bit/s/Hz
[13953 ms] [UE 40252] UL: SNR = 56.00 dB | SE = 18.324 bit/s/Hz
[13953 ms] [UE 15599] UL: SNR = 52.50 dB | SE = 17.179 bit/s/Hz
[13955 ms] [UE 33952] UL: SNR = 63.50 dB | SE = 20.778 bit/s/Hz
[13955 ms] [UE 12169] UL: SNR = 63.50 dB | SE = 20.778 bit/s/Hz
[13955 ms] [UE 22873] UL: SNR = 63.50 dB | SE = 20.778 bit/s/Hz
[13955 ms] [UE 30556] UL: SNR = 54.00 dB | SE = 17.669 bit/s/Hz
[13955 ms] [UE 20945] UL: SNR = 63.50 dB | SE = 20.778 bit/s/Hz
[14057 ms] [UE 33952] UL: SNR = 63.50 dB | SE = 20.778 bit/s/Hz
[14057 ms] [UE 12169] UL: SNR = 63.50 dB | SE = 20.778 bit/s/Hz
[14057 ms] [UE 22873] UL: SNR = 63.50 dB | SE = 20.778 bit/s/Hz
[14057 ms] [UE 30556] UL: SNR = 54.00 dB | SE = 17.669 bit/s/Hz
[14057 ms] [UE 20945] UL: SNR = 63.50 dB | SE = 20.778 bit/s/Hz
[14064 ms] [UE 45898] UL: SNR = 63.50 dB | SE = 20.778 bit/s/Hz
[14064 ms] [UE 36997] UL: SNR = 63.50 dB | SE = 20.778 bit/s/Hz
[14064 ms] [UE 48787] UL: SNR = 63.50 dB | SE = 20.778 bit/s/Hz
[14064 ms] [UE 40252] UL: SNR = 56.00 dB | SE = 18.324 bit/s/Hz
[14064 ms] [UE 15599] UL: SNR = 52.50 dB | SE = 17.179 bit/s/Hz
[14164 ms] [UE 33952] UL: SNR = 63.50 dB | SE = 20.778 bit/s/Hz
[14164 ms] [UE 12169] UL: SNR = 63.50 dB | SE = 20.778 bit/s/Hz
[14164 ms] [UE 22873] UL: SNR = 63.50 dB | SE = 20.778 bit/s/Hz
[14164 ms] [UE 30556] UL: SNR = 63.50 dB | SE = 20.778 bit/s/Hz
[14164 ms] [UE 20945] UL: SNR = 63.50 dB | SE = 20.778 bit/s/Hz
[14173 ms] [UE 45898] UL: SNR = 63.50 dB | SE = 20.778 bit/s/Hz
[14173 ms] [UE 36997] UL: SNR = 63.50 dB | SE = 20.778 bit/s/Hz
[14173 ms] [UE 48787] UL: SNR = 63.50 dB | SE = 20.778 bit/s/Hz
[14173 ms] [UE 40252] UL: SNR = 56.00 dB | SE = 18.324 bit/s/Hz
[14173 ms] [UE 15599] UL: SNR = 52.50 dB | SE = 17.179 bit/s/Hz
[14264 ms] [UE 33952] UL: SNR = 63.50 dB | SE = 20.778 bit/s/Hz
[14264 ms] [UE 12169] UL: SNR = 63.50 dB | SE = 20.778 bit/s/Hz
[14264 ms] [UE 22873] UL: SNR = 63.50 dB | SE = 20.778 bit/s/Hz
[14264 ms] [UE 30556] UL: SNR = 63.50 dB | SE = 20.778 bit/s/Hz
[14264 ms] [UE 20945] UL: SNR = 63.50 dB | SE = 20.778 bit/s/Hz
[14282 ms] [UE 45898] UL: SNR = 63.50 dB | SE = 20.778 bit/s/Hz
[14282 ms] [UE 36997] UL: SNR = 63.50 dB | SE = 20.778 bit/s/Hz
[14282 ms] [UE 48787] UL: SNR = 63.50 dB | SE = 20.778 bit/s/Hz
[14282 ms] [UE 40252] UL: SNR = 56.00 dB | SE = 18.324 bit/s/Hz
[14282 ms] [UE 15599] UL: SNR = 52.50 dB | SE = 17.179 bit/s/Hz
[14364 ms] [UE 33952] UL: SNR = 63.50 dB | SE = 20.778 bit/s/Hz
[14364 ms] [UE 12169] UL: SNR = 63.50 dB | SE = 20.778 bit/s/Hz
[14364 ms] [UE 22873] UL: SNR = 63.50 dB | SE = 20.778 bit/s/Hz
[14364 ms] [UE 30556] UL: SNR = 63.50 dB | SE = 20.778 bit/s/Hz
[14364 ms] [UE 20945] UL: SNR = 63.50 dB | SE = 20.778 bit/s/Hz
[14383 ms] [UE 45898] UL: SNR = 63.50 dB | SE = 20.778 bit/s/Hz
[14383 ms] [UE 36997] UL: SNR = 63.50 dB | SE = 20.778 bit/s/Hz
[14383 ms] [UE 48787] UL: SNR = 63.50 dB | SE = 20.778 bit/s/Hz
[14383 ms] [UE 40252] UL: SNR = 56.00 dB | SE = 18.324 bit/s/Hz
[14383 ms] [UE 15599] UL: SNR = 52.50 dB | SE = 17.179 bit/s/Hz
[14465 ms] [UE 33952] UL: SNR = 63.50 dB | SE = 20.778 bit/s/Hz
[14465 ms] [UE 12169] UL: SNR = 63.50 dB | SE = 20.778 bit/s/Hz
[14465 ms] [UE 22873] UL: SNR = 63.50 dB | SE = 20.778 bit/s/Hz
[14465 ms] [UE 30556] UL: SNR = 54.00 dB | SE = 17.669 bit/s/Hz
[14465 ms] [UE 20945] UL: SNR = 63.50 dB | SE = 20.778 bit/s/Hz
[14493 ms] [UE 45898] UL: SNR = 63.50 dB | SE = 20.778 bit/s/Hz
[14493 ms] [UE 36997] UL: SNR = 63.50 dB | SE = 20.778 bit/s/Hz
[14493 ms] [UE 48787] UL: SNR = 63.50 dB | SE = 20.778 bit/s/Hz
[14493 ms] [UE 40252] UL: SNR = 56.00 dB | SE = 18.324 bit/s/Hz
[14493 ms] [UE 15599] UL: SNR = 52.50 dB | SE = 17.179 bit/s/Hz
[14565 ms] [UE 33952] UL: SNR = 63.50 dB | SE = 20.778 bit/s/Hz
[14565 ms] [UE 12169] UL: SNR = 63.50 dB | SE = 20.778 bit/s/Hz
[14565 ms] [UE 22873] UL: SNR = 63.50 dB | SE = 20.778 bit/s/Hz
[14565 ms] [UE 30556] UL: SNR = 54.00 dB | SE = 17.669 bit/s/Hz
[14565 ms] [UE 20945] UL: SNR = 63.50 dB | SE = 20.778 bit/s/Hz
[14602 ms] [UE 45898] UL: SNR = 63.50 dB | SE = 20.778 bit/s/Hz
[14602 ms] [UE 36997] UL: SNR = 63.50 dB | SE = 20.778 bit/s/Hz
[14602 ms] [UE 48787] UL: SNR = 63.50 dB | SE = 20.778 bit/s/Hz
[14602 ms] [UE 40252] UL: SNR = 56.00 dB | SE = 18.324 bit/s/Hz
[14602 ms] [UE 15599] UL: SNR = 52.50 dB | SE = 17.179 bit/s/Hz
[14674 ms] [UE 33952] UL: SNR = 63.50 dB | SE = 20.778 bit/s/Hz
[14674 ms] [UE 12169] UL: SNR = 63.50 dB | SE = 20.778 bit/s/Hz
[14674 ms] [UE 22873] UL: SNR = 63.50 dB | SE = 20.778 bit/s/Hz
[14674 ms] [UE 30556] UL: SNR = 63.50 dB | SE = 20.778 bit/s/Hz
[14674 ms] [UE 20945] UL: SNR = 63.50 dB | SE = 20.778 bit/s/Hz
[14703 ms] [UE 45898] UL: SNR = 63.50 dB | SE = 20.778 bit/s/Hz
[14703 ms] [UE 36997] UL: SNR = 63.50 dB | SE = 20.778 bit/s/Hz
[14703 ms] [UE 48787] UL: SNR = 63.50 dB | SE = 20.778 bit/s/Hz
[14703 ms] [UE 40252] UL: SNR = 56.00 dB | SE = 18.324 bit/s/Hz
[14703 ms] [UE 15599] UL: SNR = 52.50 dB | SE = 17.179 bit/s/Hz
[14774 ms] [UE 33952] UL: SNR = 63.50 dB | SE = 20.778 bit/s/Hz
[14774 ms] [UE 12169] UL: SNR = 63.50 dB | SE = 20.778 bit/s/Hz
[14774 ms] [UE 22873] UL: SNR = 63.50 dB | SE = 20.778 bit/s/Hz
[14774 ms] [UE 30556] UL: SNR = 63.50 dB | SE = 20.778 bit/s/Hz
[14774 ms] [UE 20945] UL: SNR = 63.50 dB | SE = 20.778 bit/s/Hz
[14813 ms] [UE 45898] UL: SNR = 63.50 dB | SE = 20.778 bit/s/Hz
[14813 ms] [UE 36997] UL: SNR = 63.50 dB | SE = 20.778 bit/s/Hz
[14813 ms] [UE 48787] UL: SNR = 63.50 dB | SE = 20.778 bit/s/Hz
[14813 ms] [UE 40252] UL: SNR = 56.00 dB | SE = 18.324 bit/s/Hz
[14813 ms] [UE 15599] UL: SNR = 52.50 dB | SE = 17.179 bit/s/Hz
[14885 ms] [UE 33952] UL: SNR = 63.50 dB | SE = 20.778 bit/s/Hz
[14885 ms] [UE 12169] UL: SNR = 63.50 dB | SE = 20.778 bit/s/Hz
[14885 ms] [UE 22873] UL: SNR = 63.50 dB | SE = 20.778 bit/s/Hz
[14885 ms] [UE 30556] UL: SNR = 63.50 dB | SE = 20.778 bit/s/Hz
[14885 ms] [UE 20945] UL: SNR = 63.50 dB | SE = 20.778 bit/s/Hz
[14922 ms] [UE 45898] UL: SNR = 63.50 dB | SE = 20.778 bit/s/Hz
[14922 ms] [UE 36997] UL: SNR = 63.50 dB | SE = 20.778 bit/s/Hz
[14922 ms] [UE 48787] UL: SNR = 63.50 dB | SE = 20.778 bit/s/Hz
[14922 ms] [UE 40252] UL: SNR = 56.00 dB | SE = 18.324 bit/s/Hz
[14922 ms] [UE 15599] UL: SNR = 52.50 dB | SE = 17.179 bit/s/Hz
[14995 ms] [UE 33952] UL: SNR = 63.50 dB | SE = 20.778 bit/s/Hz
[14995 ms] [UE 12169] UL: SNR = 63.50 dB | SE = 20.778 bit/s/Hz
[14995 ms] [UE 22873] UL: SNR = 63.50 dB | SE = 20.778 bit/s/Hz
[14995 ms] [UE 30556] UL: SNR = 63.50 dB | SE = 20.778 bit/s/Hz
[14995 ms] [UE 20945] UL: SNR = 63.50 dB | SE = 20.778 bit/s/Hz
[15022 ms] [UE 45898] UL: SNR = 63.50 dB | SE = 20.778 bit/s/Hz
[15022 ms] [UE 36997] UL: SNR = 63.50 dB | SE = 20.778 bit/s/Hz
[15022 ms] [UE 48787] UL: SNR = 63.50 dB | SE = 20.778 bit/s/Hz
[15022 ms] [UE 40252] UL: SNR = 56.00 dB | SE = 18.324 bit/s/Hz
[15022 ms] [UE 15599] UL: SNR = 52.50 dB | SE = 17.179 bit/s/Hz
[15104 ms] [UE 33952] UL: SNR = 63.50 dB | SE = 20.778 bit/s/Hz
[15104 ms] [UE 12169] UL: SNR = 63.50 dB | SE = 20.778 bit/s/Hz
[15104 ms] [UE 22873] UL: SNR = 63.50 dB | SE = 20.778 bit/s/Hz
[15104 ms] [UE 30556] UL: SNR = 63.50 dB | SE = 20.778 bit/s/Hz
[15104 ms] [UE 20945] UL: SNR = 63.50 dB | SE = 20.778 bit/s/Hz
[15133 ms] [UE 45898] UL: SNR = 63.50 dB | SE = 20.778 bit/s/Hz
[15133 ms] [UE 36997] UL: SNR = 63.50 dB | SE = 20.778 bit/s/Hz
[15133 ms] [UE 48787] UL: SNR = 63.50 dB | SE = 20.778 bit/s/Hz
[15133 ms] [UE 40252] UL: SNR = 56.00 dB | SE = 18.324 bit/s/Hz
[15133 ms] [UE 15599] UL: SNR = 52.50 dB | SE = 17.179 bit/s/Hz
[15204 ms] [UE 33952] UL: SNR = 63.50 dB | SE = 20.778 bit/s/Hz
[15204 ms] [UE 12169] UL: SNR = 63.50 dB | SE = 20.778 bit/s/Hz
[15204 ms] [UE 22873] UL: SNR = 63.50 dB | SE = 20.778 bit/s/Hz
[15204 ms] [UE 30556] UL: SNR = 63.50 dB | SE = 20.778 bit/s/Hz
[15204 ms] [UE 20945] UL: SNR = 63.50 dB | SE = 20.778 bit/s/Hz
[15233 ms] [UE 45898] UL: SNR = 63.50 dB | SE = 20.778 bit/s/Hz
[15233 ms] [UE 36997] UL: SNR = 63.50 dB | SE = 20.778 bit/s/Hz
[15233 ms] [UE 48787] UL: SNR = 63.50 dB | SE = 20.778 bit/s/Hz
[15233 ms] [UE 40252] UL: SNR = 56.00 dB | SE = 18.324 bit/s/Hz
[15233 ms] [UE 15599] UL: SNR = 52.50 dB | SE = 17.179 bit/s/Hz
[15314 ms] [UE 33952] UL: SNR = 63.50 dB | SE = 20.778 bit/s/Hz
[15314 ms] [UE 12169] UL: SNR = 63.50 dB | SE = 20.778 bit/s/Hz
[15314 ms] [UE 22873] UL: SNR = 63.50 dB | SE = 20.778 bit/s/Hz
[15314 ms] [UE 30556] UL: SNR = 63.50 dB | SE = 20.778 bit/s/Hz
[15314 ms] [UE 20945] UL: SNR = 63.50 dB | SE = 20.778 bit/s/Hz
[15342 ms] [UE 45898] UL: SNR = 63.50 dB | SE = 20.778 bit/s/Hz
[15342 ms] [UE 36997] UL: SNR = 63.50 dB | SE = 20.778 bit/s/Hz
[15342 ms] [UE 48787] UL: SNR = 63.50 dB | SE = 20.778 bit/s/Hz
[15342 ms] [UE 40252] UL: SNR = 56.00 dB | SE = 18.324 bit/s/Hz
[15342 ms] [UE 15599] UL: SNR = 52.50 dB | SE = 17.179 bit/s/Hz
[15416 ms] [UE 33952] UL: SNR = 63.50 dB | SE = 20.778 bit/s/Hz
[15416 ms] [UE 12169] UL: SNR = 63.50 dB | SE = 20.778 bit/s/Hz
[15416 ms] [UE 22873] UL: SNR = 63.50 dB | SE = 20.778 bit/s/Hz
[15416 ms] [UE 30556] UL: SNR = 63.50 dB | SE = 20.778 bit/s/Hz
[15416 ms] [UE 20945] UL: SNR = 63.50 dB | SE = 20.778 bit/s/Hz
[15442 ms] [UE 45898] UL: SNR = 63.50 dB | SE = 20.778 bit/s/Hz
[15442 ms] [UE 36997] UL: SNR = 63.50 dB | SE = 20.778 bit/s/Hz
[15442 ms] [UE 48787] UL: SNR = 63.50 dB | SE = 20.778 bit/s/Hz
[15442 ms] [UE 40252] UL: SNR = 56.00 dB | SE = 18.324 bit/s/Hz
[15442 ms] [UE 15599] UL: SNR = 52.50 dB | SE = 17.179 bit/s/Hz
[15525 ms] [UE 33952] UL: SNR = 63.50 dB | SE = 20.778 bit/s/Hz
[15525 ms] [UE 12169] UL: SNR = 63.50 dB | SE = 20.778 bit/s/Hz
[15525 ms] [UE 22873] UL: SNR = 63.50 dB | SE = 20.778 bit/s/Hz
[15525 ms] [UE 30556] UL: SNR = 63.50 dB | SE = 20.778 bit/s/Hz
[15525 ms] [UE 20945] UL: SNR = 63.50 dB | SE = 20.778 bit/s/Hz
[15542 ms] [UE 45898] UL: SNR = 63.50 dB | SE = 20.778 bit/s/Hz
[15542 ms] [UE 36997] UL: SNR = 63.50 dB | SE = 20.778 bit/s/Hz
[15542 ms] [UE 48787] UL: SNR = 63.50 dB | SE = 20.778 bit/s/Hz
[15542 ms] [UE 40252] UL: SNR = 56.00 dB | SE = 18.324 bit/s/Hz
[15542 ms] [UE 15599] UL: SNR = 52.50 dB | SE = 17.179 bit/s/Hz
[15634 ms] [UE 33952] UL: SNR = 63.50 dB | SE = 20.778 bit/s/Hz
[15634 ms] [UE 12169] UL: SNR = 63.50 dB | SE = 20.778 bit/s/Hz
[15634 ms] [UE 22873] UL: SNR = 63.50 dB | SE = 20.778 bit/s/Hz
[15634 ms] [UE 30556] UL: SNR = 63.50 dB | SE = 20.778 bit/s/Hz
[15634 ms] [UE 20945] UL: SNR = 63.50 dB | SE = 20.778 bit/s/Hz
[15642 ms] [UE 45898] UL: SNR = 63.50 dB | SE = 20.778 bit/s/Hz
[15642 ms] [UE 36997] UL: SNR = 63.50 dB | SE = 20.778 bit/s/Hz
[15642 ms] [UE 48787] UL: SNR = 63.50 dB | SE = 20.778 bit/s/Hz
[15642 ms] [UE 40252] UL: SNR = 56.00 dB | SE = 18.324 bit/s/Hz
[15642 ms] [UE 15599] UL: SNR = 52.50 dB | SE = 17.179 bit/s/Hz
[15734 ms] [UE 33952] UL: SNR = 63.50 dB | SE = 20.778 bit/s/Hz
[15734 ms] [UE 12169] UL: SNR = 63.50 dB | SE = 20.778 bit/s/Hz
[15734 ms] [UE 22873] UL: SNR = 63.50 dB | SE = 20.778 bit/s/Hz
[15734 ms] [UE 30556] UL: SNR = 63.50 dB | SE = 20.778 bit/s/Hz
[15734 ms] [UE 20945] UL: SNR = 63.50 dB | SE = 20.778 bit/s/Hz
[15743 ms] [UE 45898] UL: SNR = 63.50 dB | SE = 20.778 bit/s/Hz
[15743 ms] [UE 36997] UL: SNR = 63.50 dB | SE = 20.778 bit/s/Hz
[15743 ms] [UE 48787] UL: SNR = 63.50 dB | SE = 20.778 bit/s/Hz
[15743 ms] [UE 40252] UL: SNR = 56.00 dB | SE = 18.324 bit/s/Hz
[15743 ms] [UE 15599] UL: SNR = 52.50 dB | SE = 17.179 bit/s/Hz
[15845 ms] [UE 33952] UL: SNR = 63.50 dB | SE = 20.778 bit/s/Hz
[15845 ms] [UE 12169] UL: SNR = 63.50 dB | SE = 20.778 bit/s/Hz
[15845 ms] [UE 22873] UL: SNR = 63.50 dB | SE = 20.778 bit/s/Hz
[15845 ms] [UE 30556] UL: SNR = 63.50 dB | SE = 20.778 bit/s/Hz
[15845 ms] [UE 20945] UL: SNR = 63.50 dB | SE = 20.778 bit/s/Hz
[15853 ms] [UE 45898] UL: SNR = 63.50 dB | SE = 20.778 bit/s/Hz
[15853 ms] [UE 36997] UL: SNR = 63.50 dB | SE = 20.778 bit/s/Hz
[15853 ms] [UE 48787] UL: SNR = 63.50 dB | SE = 20.778 bit/s/Hz
[15853 ms] [UE 40252] UL: SNR = 56.00 dB | SE = 18.324 bit/s/Hz
[15853 ms] [UE 15599] UL: SNR = 52.50 dB | SE = 17.179 bit/s/Hz
[15957 ms] [UE 33952] UL: SNR = 63.50 dB | SE = 20.778 bit/s/Hz
[15957 ms] [UE 12169] UL: SNR = 63.50 dB | SE = 20.778 bit/s/Hz
[15957 ms] [UE 22873] UL: SNR = 63.50 dB | SE = 20.778 bit/s/Hz
[15957 ms] [UE 30556] UL: SNR = 63.50 dB | SE = 20.778 bit/s/Hz
[15957 ms] [UE 20945] UL: SNR = 63.50 dB | SE = 20.778 bit/s/Hz
[15962 ms] [UE 45898] UL: SNR = 63.50 dB | SE = 20.778 bit/s/Hz
[15962 ms] [UE 36997] UL: SNR = 63.50 dB | SE = 20.778 bit/s/Hz
[15962 ms] [UE 48787] UL: SNR = 63.50 dB | SE = 20.778 bit/s/Hz
[15962 ms] [UE 40252] UL: SNR = 56.00 dB | SE = 18.324 bit/s/Hz
[15962 ms] [UE 15599] UL: SNR = 52.50 dB | SE = 17.179 bit/s/Hz
[16064 ms] [UE 33952] UL: SNR = 63.50 dB | SE = 20.778 bit/s/Hz
[16064 ms] [UE 12169] UL: SNR = 63.50 dB | SE = 20.778 bit/s/Hz
[16064 ms] [UE 22873] UL: SNR = 63.50 dB | SE = 20.778 bit/s/Hz
[16064 ms] [UE 30556] UL: SNR = 63.50 dB | SE = 20.778 bit/s/Hz
[16064 ms] [UE 20945] UL: SNR = 63.50 dB | SE = 20.778 bit/s/Hz
[16072 ms] [UE 45898] UL: SNR = 63.50 dB | SE = 20.778 bit/s/Hz
[16072 ms] [UE 36997] UL: SNR = 63.50 dB | SE = 20.778 bit/s/Hz
[16072 ms] [UE 48787] UL: SNR = 63.50 dB | SE = 20.778 bit/s/Hz
[16072 ms] [UE 40252] UL: SNR = 56.00 dB | SE = 18.324 bit/s/Hz
[16072 ms] [UE 15599] UL: SNR = 52.50 dB | SE = 17.179 bit/s/Hz
[16172 ms] [UE 45898] UL: SNR = 63.50 dB | SE = 20.778 bit/s/Hz
[16172 ms] [UE 36997] UL: SNR = 63.50 dB | SE = 20.778 bit/s/Hz
[16172 ms] [UE 48787] UL: SNR = 63.50 dB | SE = 20.778 bit/s/Hz
[16172 ms] [UE 40252] UL: SNR = 56.00 dB | SE = 18.324 bit/s/Hz
[16172 ms] [UE 15599] UL: SNR = 52.50 dB | SE = 17.179 bit/s/Hz
[16174 ms] [UE 33952] UL: SNR = 63.50 dB | SE = 20.778 bit/s/Hz
[16174 ms] [UE 12169] UL: SNR = 63.50 dB | SE = 20.778 bit/s/Hz
[16174 ms] [UE 22873] UL: SNR = 63.50 dB | SE = 20.778 bit/s/Hz
[16174 ms] [UE 30556] UL: SNR = 57.00 dB | SE = 18.651 bit/s/Hz
[16174 ms] [UE 20945] UL: SNR = 63.50 dB | SE = 20.778 bit/s/Hz
[16282 ms] [UE 45898] UL: SNR = 63.50 dB | SE = 20.778 bit/s/Hz
[16282 ms] [UE 36997] UL: SNR = 63.50 dB | SE = 20.778 bit/s/Hz
[16282 ms] [UE 48787] UL: SNR = 63.50 dB | SE = 20.778 bit/s/Hz
[16282 ms] [UE 40252] UL: SNR = 56.00 dB | SE = 18.324 bit/s/Hz
[16282 ms] [UE 15599] UL: SNR = 52.50 dB | SE = 17.179 bit/s/Hz
[16286 ms] [UE 33952] UL: SNR = 63.50 dB | SE = 20.778 bit/s/Hz
[16286 ms] [UE 12169] UL: SNR = 63.50 dB | SE = 20.778 bit/s/Hz
[16286 ms] [UE 22873] UL: SNR = 63.50 dB | SE = 20.778 bit/s/Hz
[16286 ms] [UE 30556] UL: SNR = 57.00 dB | SE = 18.651 bit/s/Hz
[16286 ms] [UE 20945] UL: SNR = 63.50 dB | SE = 20.778 bit/s/Hz
[16393 ms] [UE 45898] UL: SNR = 63.50 dB | SE = 20.778 bit/s/Hz
[16393 ms] [UE 36997] UL: SNR = 63.50 dB | SE = 20.778 bit/s/Hz
[16393 ms] [UE 48787] UL: SNR = 63.50 dB | SE = 20.778 bit/s/Hz
[16393 ms] [UE 40252] UL: SNR = 56.00 dB | SE = 18.324 bit/s/Hz
[16393 ms] [UE 15599] UL: SNR = 52.50 dB | SE = 17.179 bit/s/Hz
[16394 ms] [UE 33952] UL: SNR = 63.50 dB | SE = 20.778 bit/s/Hz
[16394 ms] [UE 12169] UL: SNR = 63.50 dB | SE = 20.778 bit/s/Hz
[16394 ms] [UE 22873] UL: SNR = 63.50 dB | SE = 20.778 bit/s/Hz
[16394 ms] [UE 30556] UL: SNR = 63.50 dB | SE = 20.778 bit/s/Hz
[16394 ms] [UE 20945] UL: SNR = 63.50 dB | SE = 20.778 bit/s/Hz
[16494 ms] [UE 33952] UL: SNR = 63.50 dB | SE = 20.778 bit/s/Hz
[16494 ms] [UE 12169] UL: SNR = 63.50 dB | SE = 20.778 bit/s/Hz
[16494 ms] [UE 22873] UL: SNR = 63.50 dB | SE = 20.778 bit/s/Hz
[16494 ms] [UE 30556] UL: SNR = 63.50 dB | SE = 20.778 bit/s/Hz
[16494 ms] [UE 20945] UL: SNR = 63.50 dB | SE = 20.778 bit/s/Hz
[16502 ms] [UE 45898] UL: SNR = 63.50 dB | SE = 20.778 bit/s/Hz
[16502 ms] [UE 36997] UL: SNR = 63.50 dB | SE = 20.778 bit/s/Hz
[16502 ms] [UE 48787] UL: SNR = 63.50 dB | SE = 20.778 bit/s/Hz
[16502 ms] [UE 40252] UL: SNR = 56.00 dB | SE = 18.324 bit/s/Hz
[16502 ms] [UE 15599] UL: SNR = 52.50 dB | SE = 17.179 bit/s/Hz
[16598 ms] [UE 33952] UL: SNR = 63.50 dB | SE = 20.778 bit/s/Hz
[16598 ms] [UE 12169] UL: SNR = 63.50 dB | SE = 20.778 bit/s/Hz
[16598 ms] [UE 22873] UL: SNR = 63.50 dB | SE = 20.778 bit/s/Hz
[16598 ms] [UE 30556] UL: SNR = 63.50 dB | SE = 20.778 bit/s/Hz
[16598 ms] [UE 20945] UL: SNR = 63.50 dB | SE = 20.778 bit/s/Hz
[16603 ms] [UE 45898] UL: SNR = 63.50 dB | SE = 20.778 bit/s/Hz
[16603 ms] [UE 36997] UL: SNR = 63.50 dB | SE = 20.778 bit/s/Hz
[16603 ms] [UE 48787] UL: SNR = 63.50 dB | SE = 20.778 bit/s/Hz
[16603 ms] [UE 40252] UL: SNR = 56.00 dB | SE = 18.324 bit/s/Hz
[16603 ms] [UE 15599] UL: SNR = 52.50 dB | SE = 17.179 bit/s/Hz
[16704 ms] [UE 33952] UL: SNR = 63.50 dB | SE = 20.778 bit/s/Hz
[16704 ms] [UE 12169] UL: SNR = 63.50 dB | SE = 20.778 bit/s/Hz
[16704 ms] [UE 22873] UL: SNR = 63.50 dB | SE = 20.778 bit/s/Hz
[16704 ms] [UE 30556] UL: SNR = 63.50 dB | SE = 20.778 bit/s/Hz
[16704 ms] [UE 20945] UL: SNR = 63.50 dB | SE = 20.778 bit/s/Hz
[16712 ms] [UE 45898] UL: SNR = 63.50 dB | SE = 20.778 bit/s/Hz
[16712 ms] [UE 36997] UL: SNR = 63.50 dB | SE = 20.778 bit/s/Hz
[16712 ms] [UE 48787] UL: SNR = 63.50 dB | SE = 20.778 bit/s/Hz
[16712 ms] [UE 40252] UL: SNR = 56.00 dB | SE = 18.324 bit/s/Hz
[16712 ms] [UE 15599] UL: SNR = 52.50 dB | SE = 17.179 bit/s/Hz
[16804 ms] [UE 33952] UL: SNR = 63.50 dB | SE = 20.778 bit/s/Hz
[16804 ms] [UE 12169] UL: SNR = 63.50 dB | SE = 20.778 bit/s/Hz
[16804 ms] [UE 22873] UL: SNR = 63.50 dB | SE = 20.778 bit/s/Hz
[16804 ms] [UE 30556] UL: SNR = 63.50 dB | SE = 20.778 bit/s/Hz
[16804 ms] [UE 20945] UL: SNR = 63.50 dB | SE = 20.778 bit/s/Hz
[16814 ms] [UE 45898] UL: SNR = 63.50 dB | SE = 20.778 bit/s/Hz
[16814 ms] [UE 36997] UL: SNR = 63.50 dB | SE = 20.778 bit/s/Hz
[16814 ms] [UE 48787] UL: SNR = 63.50 dB | SE = 20.778 bit/s/Hz
[16814 ms] [UE 40252] UL: SNR = 56.00 dB | SE = 18.324 bit/s/Hz
[16814 ms] [UE 15599] UL: SNR = 52.50 dB | SE = 17.179 bit/s/Hz
[16905 ms] [UE 33952] UL: SNR = 63.50 dB | SE = 20.778 bit/s/Hz
[16905 ms] [UE 12169] UL: SNR = 63.50 dB | SE = 20.778 bit/s/Hz
[16905 ms] [UE 22873] UL: SNR = 63.50 dB | SE = 20.778 bit/s/Hz
[16905 ms] [UE 30556] UL: SNR = 7.50 dB | SE = 2.687 bit/s/Hz
[16905 ms] [UE 20945] UL: SNR = 63.50 dB | SE = 20.778 bit/s/Hz
[16922 ms] [UE 45898] UL: SNR = 63.50 dB | SE = 20.778 bit/s/Hz
[16922 ms] [UE 36997] UL: SNR = 63.50 dB | SE = 20.778 bit/s/Hz
[16922 ms] [UE 48787] UL: SNR = 63.50 dB | SE = 20.778 bit/s/Hz
[16922 ms] [UE 40252] UL: SNR = 56.00 dB | SE = 18.324 bit/s/Hz
[16922 ms] [UE 15599] UL: SNR = 52.50 dB | SE = 17.179 bit/s/Hz
[17014 ms] [UE 33952] UL: SNR = 63.50 dB | SE = 20.778 bit/s/Hz
[17014 ms] [UE 12169] UL: SNR = 63.50 dB | SE = 20.778 bit/s/Hz
[17014 ms] [UE 22873] UL: SNR = 63.50 dB | SE = 20.778 bit/s/Hz
[17014 ms] [UE 30556] UL: SNR = 7.50 dB | SE = 2.687 bit/s/Hz
[17014 ms] [UE 20945] UL: SNR = 63.50 dB | SE = 20.778 bit/s/Hz
[17033 ms] [UE 45898] UL: SNR = 63.50 dB | SE = 20.778 bit/s/Hz
[17033 ms] [UE 36997] UL: SNR = 63.50 dB | SE = 20.778 bit/s/Hz
[17033 ms] [UE 48787] UL: SNR = 63.50 dB | SE = 20.778 bit/s/Hz
[17033 ms] [UE 40252] UL: SNR = 56.00 dB | SE = 18.324 bit/s/Hz
[17033 ms] [UE 15599] UL: SNR = 52.50 dB | SE = 17.179 bit/s/Hz
[17114 ms] [UE 33952] UL: SNR = 63.50 dB | SE = 20.778 bit/s/Hz
[17114 ms] [UE 12169] UL: SNR = 63.50 dB | SE = 20.778 bit/s/Hz
[17114 ms] [UE 22873] UL: SNR = 5.50 dB | SE = 2.152 bit/s/Hz
[17114 ms] [UE 30556] UL: SNR = 7.50 dB | SE = 2.687 bit/s/Hz
[17114 ms] [UE 20945] UL: SNR = 63.50 dB | SE = 20.778 bit/s/Hz
[17142 ms] [UE 45898] UL: SNR = 63.50 dB | SE = 20.778 bit/s/Hz
[17142 ms] [UE 36997] UL: SNR = 63.50 dB | SE = 20.778 bit/s/Hz
[17142 ms] [UE 48787] UL: SNR = 63.50 dB | SE = 20.778 bit/s/Hz
[17142 ms] [UE 40252] UL: SNR = 56.00 dB | SE = 18.324 bit/s/Hz
[17142 ms] [UE 15599] UL: SNR = 52.50 dB | SE = 17.179 bit/s/Hz
[17225 ms] [UE 33952] UL: SNR = 63.50 dB | SE = 20.778 bit/s/Hz
[17225 ms] [UE 12169] UL: SNR = 63.50 dB | SE = 20.778 bit/s/Hz
[17225 ms] [UE 22873] UL: SNR = 5.50 dB | SE = 2.152 bit/s/Hz
[17225 ms] [UE 30556] UL: SNR = 7.50 dB | SE = 2.687 bit/s/Hz
[17225 ms] [UE 20945] UL: SNR = 63.50 dB | SE = 20.778 bit/s/Hz
[17243 ms] [UE 45898] UL: SNR = 63.50 dB | SE = 20.778 bit/s/Hz
[17243 ms] [UE 36997] UL: SNR = 63.50 dB | SE = 20.778 bit/s/Hz
[17243 ms] [UE 48787] UL: SNR = 63.50 dB | SE = 20.778 bit/s/Hz
[17243 ms] [UE 40252] UL: SNR = 56.00 dB | SE = 18.324 bit/s/Hz
[17243 ms] [UE 15599] UL: SNR = 52.50 dB | SE = 17.179 bit/s/Hz
[17334 ms] [UE 33952] UL: SNR = 63.50 dB | SE = 20.778 bit/s/Hz
[17334 ms] [UE 12169] UL: SNR = 63.50 dB | SE = 20.778 bit/s/Hz
[17334 ms] [UE 22873] UL: SNR = 5.50 dB | SE = 2.152 bit/s/Hz
[17334 ms] [UE 30556] UL: SNR = 7.50 dB | SE = 2.687 bit/s/Hz
[17334 ms] [UE 20945] UL: SNR = 63.50 dB | SE = 20.778 bit/s/Hz
[17352 ms] [UE 45898] UL: SNR = 63.50 dB | SE = 20.778 bit/s/Hz
[17352 ms] [UE 36997] UL: SNR = 63.50 dB | SE = 20.778 bit/s/Hz
[17352 ms] [UE 48787] UL: SNR = 63.50 dB | SE = 20.778 bit/s/Hz
[17352 ms] [UE 40252] UL: SNR = 56.00 dB | SE = 18.324 bit/s/Hz
[17352 ms] [UE 15599] UL: SNR = 52.50 dB | SE = 17.179 bit/s/Hz
[17444 ms] [UE 33952] UL: SNR = 63.50 dB | SE = 20.778 bit/s/Hz
[17444 ms] [UE 12169] UL: SNR = 63.50 dB | SE = 20.778 bit/s/Hz
[17444 ms] [UE 22873] UL: SNR = 5.50 dB | SE = 2.152 bit/s/Hz
[17444 ms] [UE 30556] UL: SNR = 7.50 dB | SE = 2.687 bit/s/Hz
[17444 ms] [UE 20945] UL: SNR = 63.50 dB | SE = 20.778 bit/s/Hz
[17462 ms] [UE 45898] UL: SNR = 63.50 dB | SE = 20.778 bit/s/Hz
[17462 ms] [UE 36997] UL: SNR = 63.50 dB | SE = 20.778 bit/s/Hz
[17462 ms] [UE 48787] UL: SNR = 63.50 dB | SE = 20.778 bit/s/Hz
[17462 ms] [UE 40252] UL: SNR = 56.00 dB | SE = 18.324 bit/s/Hz
[17462 ms] [UE 15599] UL: SNR = 52.50 dB | SE = 17.179 bit/s/Hz
[17544 ms] [UE 33952] UL: SNR = 63.50 dB | SE = 20.778 bit/s/Hz
[17544 ms] [UE 12169] UL: SNR = 63.50 dB | SE = 20.778 bit/s/Hz
[17544 ms] [UE 22873] UL: SNR = 5.50 dB | SE = 2.152 bit/s/Hz
[17544 ms] [UE 30556] UL: SNR = 53.50 dB | SE = 17.506 bit/s/Hz
[17544 ms] [UE 20945] UL: SNR = 63.50 dB | SE = 20.778 bit/s/Hz
[17562 ms] [UE 45898] UL: SNR = 63.50 dB | SE = 20.778 bit/s/Hz
[17562 ms] [UE 36997] UL: SNR = 63.50 dB | SE = 20.778 bit/s/Hz
[17562 ms] [UE 48787] UL: SNR = 63.50 dB | SE = 20.778 bit/s/Hz
[17562 ms] [UE 40252] UL: SNR = 56.00 dB | SE = 18.324 bit/s/Hz
[17562 ms] [UE 15599] UL: SNR = 52.50 dB | SE = 17.179 bit/s/Hz
[17654 ms] [UE 33952] UL: SNR = 63.50 dB | SE = 20.778 bit/s/Hz
[17654 ms] [UE 12169] UL: SNR = 63.50 dB | SE = 20.778 bit/s/Hz
[17654 ms] [UE 22873] UL: SNR = 5.50 dB | SE = 2.152 bit/s/Hz
[17654 ms] [UE 30556] UL: SNR = 53.50 dB | SE = 17.506 bit/s/Hz
[17654 ms] [UE 20945] UL: SNR = 63.50 dB | SE = 20.778 bit/s/Hz
[17672 ms] [UE 45898] UL: SNR = 63.50 dB | SE = 20.778 bit/s/Hz
[17672 ms] [UE 36997] UL: SNR = 63.50 dB | SE = 20.778 bit/s/Hz
[17672 ms] [UE 48787] UL: SNR = 63.50 dB | SE = 20.778 bit/s/Hz
[17672 ms] [UE 40252] UL: SNR = 56.00 dB | SE = 18.324 bit/s/Hz
[17672 ms] [UE 15599] UL: SNR = 52.50 dB | SE = 17.179 bit/s/Hz
[17755 ms] [UE 33952] UL: SNR = 63.50 dB | SE = 20.778 bit/s/Hz
[17755 ms] [UE 12169] UL: SNR = 63.50 dB | SE = 20.778 bit/s/Hz
[17755 ms] [UE 22873] UL: SNR = 5.50 dB | SE = 2.152 bit/s/Hz
[17755 ms] [UE 30556] UL: SNR = 54.00 dB | SE = 17.669 bit/s/Hz
[17755 ms] [UE 20945] UL: SNR = 63.50 dB | SE = 20.778 bit/s/Hz
[17772 ms] [UE 45898] UL: SNR = 63.50 dB | SE = 20.778 bit/s/Hz
[17772 ms] [UE 36997] UL: SNR = 63.50 dB | SE = 20.778 bit/s/Hz
[17772 ms] [UE 48787] UL: SNR = 63.50 dB | SE = 20.778 bit/s/Hz
[17772 ms] [UE 40252] UL: SNR = 56.00 dB | SE = 18.324 bit/s/Hz
[17772 ms] [UE 15599] UL: SNR = 52.50 dB | SE = 17.179 bit/s/Hz
[17864 ms] [UE 33952] UL: SNR = 63.50 dB | SE = 20.778 bit/s/Hz
[17864 ms] [UE 12169] UL: SNR = 63.50 dB | SE = 20.778 bit/s/Hz
[17864 ms] [UE 22873] UL: SNR = 5.50 dB | SE = 2.152 bit/s/Hz
[17864 ms] [UE 30556] UL: SNR = 54.00 dB | SE = 17.669 bit/s/Hz
[17864 ms] [UE 20945] UL: SNR = 63.50 dB | SE = 20.778 bit/s/Hz
[17882 ms] [UE 45898] UL: SNR = 63.50 dB | SE = 20.778 bit/s/Hz
[17882 ms] [UE 36997] UL: SNR = 63.50 dB | SE = 20.778 bit/s/Hz
[17882 ms] [UE 48787] UL: SNR = 63.50 dB | SE = 20.778 bit/s/Hz
[17882 ms] [UE 40252] UL: SNR = 56.00 dB | SE = 18.324 bit/s/Hz
[17882 ms] [UE 15599] UL: SNR = 52.50 dB | SE = 17.179 bit/s/Hz
[17964 ms] [UE 33952] UL: SNR = 63.50 dB | SE = 20.778 bit/s/Hz
[17964 ms] [UE 12169] UL: SNR = 63.50 dB | SE = 20.778 bit/s/Hz
[17964 ms] [UE 22873] UL: SNR = 5.50 dB | SE = 2.152 bit/s/Hz
[17964 ms] [UE 30556] UL: SNR = 54.00 dB | SE = 17.669 bit/s/Hz
[17964 ms] [UE 20945] UL: SNR = 63.50 dB | SE = 20.778 bit/s/Hz
[17982 ms] [UE 45898] UL: SNR = 63.50 dB | SE = 20.778 bit/s/Hz
[17982 ms] [UE 36997] UL: SNR = 63.50 dB | SE = 20.778 bit/s/Hz
[17982 ms] [UE 48787] UL: SNR = 63.50 dB | SE = 20.778 bit/s/Hz
[17982 ms] [UE 40252] UL: SNR = 56.00 dB | SE = 18.324 bit/s/Hz
[17982 ms] [UE 15599] UL: SNR = 52.50 dB | SE = 17.179 bit/s/Hz
[18075 ms] [UE 33952] UL: SNR = 63.50 dB | SE = 20.778 bit/s/Hz
[18075 ms] [UE 12169] UL: SNR = 63.50 dB | SE = 20.778 bit/s/Hz
[18075 ms] [UE 22873] UL: SNR = 5.50 dB | SE = 2.152 bit/s/Hz
[18075 ms] [UE 30556] UL: SNR = 63.50 dB | SE = 20.778 bit/s/Hz
[18075 ms] [UE 20945] UL: SNR = 63.50 dB | SE = 20.778 bit/s/Hz
[18082 ms] [UE 45898] UL: SNR = 63.50 dB | SE = 20.778 bit/s/Hz
[18082 ms] [UE 36997] UL: SNR = 63.50 dB | SE = 20.778 bit/s/Hz
[18082 ms] [UE 48787] UL: SNR = 63.50 dB | SE = 20.778 bit/s/Hz
[18082 ms] [UE 40252] UL: SNR = 56.00 dB | SE = 18.324 bit/s/Hz
[18082 ms] [UE 15599] UL: SNR = 52.50 dB | SE = 17.179 bit/s/Hz
[18184 ms] [UE 33952] UL: SNR = 63.50 dB | SE = 20.778 bit/s/Hz
[18184 ms] [UE 12169] UL: SNR = 63.50 dB | SE = 20.778 bit/s/Hz
[18184 ms] [UE 22873] UL: SNR = 5.50 dB | SE = 2.152 bit/s/Hz
[18184 ms] [UE 30556] UL: SNR = 63.50 dB | SE = 20.778 bit/s/Hz
[18184 ms] [UE 20945] UL: SNR = 63.50 dB | SE = 20.778 bit/s/Hz
[18193 ms] [UE 45898] UL: SNR = 63.50 dB | SE = 20.778 bit/s/Hz
[18193 ms] [UE 36997] UL: SNR = 63.50 dB | SE = 20.778 bit/s/Hz
[18193 ms] [UE 48787] UL: SNR = 63.50 dB | SE = 20.778 bit/s/Hz
[18193 ms] [UE 40252] UL: SNR = 56.00 dB | SE = 18.324 bit/s/Hz
[18193 ms] [UE 15599] UL: SNR = 52.50 dB | SE = 17.179 bit/s/Hz
[18286 ms] [UE 33952] UL: SNR = 63.50 dB | SE = 20.778 bit/s/Hz
[18286 ms] [UE 12169] UL: SNR = 63.50 dB | SE = 20.778 bit/s/Hz
[18286 ms] [UE 22873] UL: SNR = 5.50 dB | SE = 2.152 bit/s/Hz
[18286 ms] [UE 30556] UL: SNR = 63.50 dB | SE = 20.778 bit/s/Hz
[18286 ms] [UE 20945] UL: SNR = 63.50 dB | SE = 20.778 bit/s/Hz
[18302 ms] [UE 45898] UL: SNR = 63.50 dB | SE = 20.778 bit/s/Hz
[18302 ms] [UE 36997] UL: SNR = 63.50 dB | SE = 20.778 bit/s/Hz
[18302 ms] [UE 48787] UL: SNR = 63.50 dB | SE = 20.778 bit/s/Hz
[18302 ms] [UE 40252] UL: SNR = 56.00 dB | SE = 18.324 bit/s/Hz
[18302 ms] [UE 15599] UL: SNR = 52.50 dB | SE = 17.179 bit/s/Hz
[18394 ms] [UE 33952] UL: SNR = 63.50 dB | SE = 20.778 bit/s/Hz
[18394 ms] [UE 12169] UL: SNR = 63.50 dB | SE = 20.778 bit/s/Hz
[18394 ms] [UE 22873] UL: SNR = 5.50 dB | SE = 2.152 bit/s/Hz
[18394 ms] [UE 30556] UL: SNR = 54.00 dB | SE = 17.669 bit/s/Hz
[18394 ms] [UE 20945] UL: SNR = 63.50 dB | SE = 20.778 bit/s/Hz
[18413 ms] [UE 45898] UL: SNR = 63.50 dB | SE = 20.778 bit/s/Hz
[18413 ms] [UE 36997] UL: SNR = 63.50 dB | SE = 20.778 bit/s/Hz
[18413 ms] [UE 48787] UL: SNR = 63.50 dB | SE = 20.778 bit/s/Hz
[18413 ms] [UE 40252] UL: SNR = 56.00 dB | SE = 18.324 bit/s/Hz
[18413 ms] [UE 15599] UL: SNR = 52.50 dB | SE = 17.179 bit/s/Hz
[18505 ms] [UE 33952] UL: SNR = 63.50 dB | SE = 20.778 bit/s/Hz
[18505 ms] [UE 12169] UL: SNR = 63.50 dB | SE = 20.778 bit/s/Hz
[18505 ms] [UE 22873] UL: SNR = 5.50 dB | SE = 2.152 bit/s/Hz
[18505 ms] [UE 30556] UL: SNR = 54.00 dB | SE = 17.669 bit/s/Hz
[18505 ms] [UE 20945] UL: SNR = 63.50 dB | SE = 20.778 bit/s/Hz
[18513 ms] [UE 45898] UL: SNR = 63.50 dB | SE = 20.778 bit/s/Hz
[18513 ms] [UE 36997] UL: SNR = 63.50 dB | SE = 20.778 bit/s/Hz
[18513 ms] [UE 48787] UL: SNR = 63.50 dB | SE = 20.778 bit/s/Hz
[18513 ms] [UE 40252] UL: SNR = 56.00 dB | SE = 18.324 bit/s/Hz
[18513 ms] [UE 15599] UL: SNR = 52.50 dB | SE = 17.179 bit/s/Hz
[18614 ms] [UE 33952] UL: SNR = 63.50 dB | SE = 20.778 bit/s/Hz
[18614 ms] [UE 12169] UL: SNR = 63.50 dB | SE = 20.778 bit/s/Hz
[18614 ms] [UE 22873] UL: SNR = 5.50 dB | SE = 2.152 bit/s/Hz
[18614 ms] [UE 30556] UL: SNR = 63.50 dB | SE = 20.778 bit/s/Hz
[18614 ms] [UE 20945] UL: SNR = 63.50 dB | SE = 20.778 bit/s/Hz
[18623 ms] [UE 45898] UL: SNR = 63.50 dB | SE = 20.778 bit/s/Hz
[18623 ms] [UE 36997] UL: SNR = 63.50 dB | SE = 20.778 bit/s/Hz
[18623 ms] [UE 48787] UL: SNR = 63.50 dB | SE = 20.778 bit/s/Hz
[18623 ms] [UE 40252] UL: SNR = 56.00 dB | SE = 18.324 bit/s/Hz
[18623 ms] [UE 15599] UL: SNR = 52.50 dB | SE = 17.179 bit/s/Hz
[18724 ms] [UE 33952] UL: SNR = 63.50 dB | SE = 20.778 bit/s/Hz
[18724 ms] [UE 12169] UL: SNR = 63.50 dB | SE = 20.778 bit/s/Hz
[18724 ms] [UE 22873] UL: SNR = 5.50 dB | SE = 2.152 bit/s/Hz
[18724 ms] [UE 30556] UL: SNR = 63.50 dB | SE = 20.778 bit/s/Hz
[18724 ms] [UE 20945] UL: SNR = 63.50 dB | SE = 20.778 bit/s/Hz
[18733 ms] [UE 45898] UL: SNR = 63.50 dB | SE = 20.778 bit/s/Hz
[18733 ms] [UE 36997] UL: SNR = 63.50 dB | SE = 20.778 bit/s/Hz
[18733 ms] [UE 48787] UL: SNR = 63.50 dB | SE = 20.778 bit/s/Hz
[18733 ms] [UE 40252] UL: SNR = 56.00 dB | SE = 18.324 bit/s/Hz
[18733 ms] [UE 15599] UL: SNR = 52.50 dB | SE = 17.179 bit/s/Hz
[18826 ms] [UE 33952] UL: SNR = 63.50 dB | SE = 20.778 bit/s/Hz
[18826 ms] [UE 12169] UL: SNR = 63.50 dB | SE = 20.778 bit/s/Hz
[18826 ms] [UE 22873] UL: SNR = 5.50 dB | SE = 2.152 bit/s/Hz
[18826 ms] [UE 30556] UL: SNR = 63.50 dB | SE = 20.778 bit/s/Hz
[18826 ms] [UE 20945] UL: SNR = 63.50 dB | SE = 20.778 bit/s/Hz
[18833 ms] [UE 45898] UL: SNR = 63.50 dB | SE = 20.778 bit/s/Hz
[18833 ms] [UE 36997] UL: SNR = 63.50 dB | SE = 20.778 bit/s/Hz
[18833 ms] [UE 48787] UL: SNR = 63.50 dB | SE = 20.778 bit/s/Hz
[18833 ms] [UE 40252] UL: SNR = 56.00 dB | SE = 18.324 bit/s/Hz
[18833 ms] [UE 15599] UL: SNR = 52.50 dB | SE = 17.179 bit/s/Hz
[18934 ms] [UE 33952] UL: SNR = 63.50 dB | SE = 20.778 bit/s/Hz
[18934 ms] [UE 12169] UL: SNR = 63.50 dB | SE = 20.778 bit/s/Hz
[18934 ms] [UE 22873] UL: SNR = 5.50 dB | SE = 2.152 bit/s/Hz
[18934 ms] [UE 30556] UL: SNR = 63.50 dB | SE = 20.778 bit/s/Hz
[18934 ms] [UE 20945] UL: SNR = 63.50 dB | SE = 20.778 bit/s/Hz
[18942 ms] [UE 45898] UL: SNR = 63.50 dB | SE = 20.778 bit/s/Hz
[18942 ms] [UE 36997] UL: SNR = 63.50 dB | SE = 20.778 bit/s/Hz
[18942 ms] [UE 48787] UL: SNR = 63.50 dB | SE = 20.778 bit/s/Hz
[18942 ms] [UE 40252] UL: SNR = 56.00 dB | SE = 18.324 bit/s/Hz
[18942 ms] [UE 15599] UL: SNR = 52.50 dB | SE = 17.179 bit/s/Hz
[19034 ms] [UE 33952] UL: SNR = 63.50 dB | SE = 20.778 bit/s/Hz
[19034 ms] [UE 12169] UL: SNR = 63.50 dB | SE = 20.778 bit/s/Hz
[19034 ms] [UE 22873] UL: SNR = 5.50 dB | SE = 2.152 bit/s/Hz
[19034 ms] [UE 30556] UL: SNR = 63.50 dB | SE = 20.778 bit/s/Hz
[19034 ms] [UE 20945] UL: SNR = 63.50 dB | SE = 20.778 bit/s/Hz
[19042 ms] [UE 45898] UL: SNR = 63.50 dB | SE = 20.778 bit/s/Hz
[19042 ms] [UE 36997] UL: SNR = 63.50 dB | SE = 20.778 bit/s/Hz
[19042 ms] [UE 48787] UL: SNR = 63.50 dB | SE = 20.778 bit/s/Hz
[19042 ms] [UE 40252] UL: SNR = 56.00 dB | SE = 18.324 bit/s/Hz
[19042 ms] [UE 15599] UL: SNR = 52.50 dB | SE = 17.179 bit/s/Hz
[19134 ms] [UE 33952] UL: SNR = 63.50 dB | SE = 20.778 bit/s/Hz
[19134 ms] [UE 12169] UL: SNR = 63.50 dB | SE = 20.778 bit/s/Hz
[19134 ms] [UE 22873] UL: SNR = 5.50 dB | SE = 2.152 bit/s/Hz
[19134 ms] [UE 30556] UL: SNR = 63.50 dB | SE = 20.778 bit/s/Hz
[19134 ms] [UE 20945] UL: SNR = 63.50 dB | SE = 20.778 bit/s/Hz
[19152 ms] [UE 45898] UL: SNR = 63.50 dB | SE = 20.778 bit/s/Hz
[19152 ms] [UE 36997] UL: SNR = 63.50 dB | SE = 20.778 bit/s/Hz
[19152 ms] [UE 48787] UL: SNR = 63.50 dB | SE = 20.778 bit/s/Hz
[19152 ms] [UE 40252] UL: SNR = 56.00 dB | SE = 18.324 bit/s/Hz
[19152 ms] [UE 15599] UL: SNR = 52.50 dB | SE = 17.179 bit/s/Hz
[19244 ms] [UE 33952] UL: SNR = 63.50 dB | SE = 20.778 bit/s/Hz
[19244 ms] [UE 12169] UL: SNR = 63.50 dB | SE = 20.778 bit/s/Hz
[19244 ms] [UE 22873] UL: SNR = 5.50 dB | SE = 2.152 bit/s/Hz
[19244 ms] [UE 30556] UL: SNR = 63.50 dB | SE = 20.778 bit/s/Hz
[19244 ms] [UE 20945] UL: SNR = 63.50 dB | SE = 20.778 bit/s/Hz
[19262 ms] [UE 45898] UL: SNR = 63.50 dB | SE = 20.778 bit/s/Hz
[19262 ms] [UE 36997] UL: SNR = 63.50 dB | SE = 20.778 bit/s/Hz
[19262 ms] [UE 48787] UL: SNR = 63.50 dB | SE = 20.778 bit/s/Hz
[19262 ms] [UE 40252] UL: SNR = 56.00 dB | SE = 18.324 bit/s/Hz
[19262 ms] [UE 15599] UL: SNR = 52.50 dB | SE = 17.179 bit/s/Hz
[19345 ms] [UE 33952] UL: SNR = 63.50 dB | SE = 20.778 bit/s/Hz
[19345 ms] [UE 12169] UL: SNR = 63.50 dB | SE = 20.778 bit/s/Hz
[19345 ms] [UE 22873] UL: SNR = 5.50 dB | SE = 2.152 bit/s/Hz
[19345 ms] [UE 30556] UL: SNR = 63.50 dB | SE = 20.778 bit/s/Hz
[19345 ms] [UE 20945] UL: SNR = 63.50 dB | SE = 20.778 bit/s/Hz
[19362 ms] [UE 45898] UL: SNR = 63.50 dB | SE = 20.778 bit/s/Hz
[19362 ms] [UE 36997] UL: SNR = 63.50 dB | SE = 20.778 bit/s/Hz
[19362 ms] [UE 48787] UL: SNR = 63.50 dB | SE = 20.778 bit/s/Hz
[19362 ms] [UE 40252] UL: SNR = 56.00 dB | SE = 18.324 bit/s/Hz
[19362 ms] [UE 15599] UL: SNR = 52.50 dB | SE = 17.179 bit/s/Hz
[19454 ms] [UE 33952] UL: SNR = 63.50 dB | SE = 20.778 bit/s/Hz
[19454 ms] [UE 12169] UL: SNR = 63.50 dB | SE = 20.778 bit/s/Hz
[19454 ms] [UE 22873] UL: SNR = 5.50 dB | SE = 2.152 bit/s/Hz
[19454 ms] [UE 30556] UL: SNR = 63.50 dB | SE = 20.778 bit/s/Hz
[19454 ms] [UE 20945] UL: SNR = 63.50 dB | SE = 20.778 bit/s/Hz
[19462 ms] [UE 45898] UL: SNR = 63.50 dB | SE = 20.778 bit/s/Hz
[19462 ms] [UE 36997] UL: SNR = 63.50 dB | SE = 20.778 bit/s/Hz
[19462 ms] [UE 48787] UL: SNR = 63.50 dB | SE = 20.778 bit/s/Hz
[19462 ms] [UE 40252] UL: SNR = 56.00 dB | SE = 18.324 bit/s/Hz
[19462 ms] [UE 15599] UL: SNR = 52.50 dB | SE = 17.179 bit/s/Hz
[19554 ms] [UE 33952] UL: SNR = 63.50 dB | SE = 20.778 bit/s/Hz
[19554 ms] [UE 12169] UL: SNR = 63.50 dB | SE = 20.778 bit/s/Hz
[19554 ms] [UE 22873] UL: SNR = 5.50 dB | SE = 2.152 bit/s/Hz
[19554 ms] [UE 30556] UL: SNR = 63.50 dB | SE = 20.778 bit/s/Hz
[19554 ms] [UE 20945] UL: SNR = 63.50 dB | SE = 20.778 bit/s/Hz
[19563 ms] [UE 45898] UL: SNR = 63.50 dB | SE = 20.778 bit/s/Hz
[19563 ms] [UE 36997] UL: SNR = 63.50 dB | SE = 20.778 bit/s/Hz
[19563 ms] [UE 48787] UL: SNR = 63.50 dB | SE = 20.778 bit/s/Hz
[19563 ms] [UE 40252] UL: SNR = 56.00 dB | SE = 18.324 bit/s/Hz
[19563 ms] [UE 15599] UL: SNR = 52.50 dB | SE = 17.179 bit/s/Hz
[19664 ms] [UE 33952] UL: SNR = 63.50 dB | SE = 20.778 bit/s/Hz
[19664 ms] [UE 12169] UL: SNR = 63.50 dB | SE = 20.778 bit/s/Hz
[19664 ms] [UE 22873] UL: SNR = 5.50 dB | SE = 2.152 bit/s/Hz
[19664 ms] [UE 30556] UL: SNR = 63.50 dB | SE = 20.778 bit/s/Hz
[19664 ms] [UE 20945] UL: SNR = 63.50 dB | SE = 20.778 bit/s/Hz
[19673 ms] [UE 45898] UL: SNR = 63.50 dB | SE = 20.778 bit/s/Hz
[19673 ms] [UE 36997] UL: SNR = 63.50 dB | SE = 20.778 bit/s/Hz
[19673 ms] [UE 48787] UL: SNR = 63.50 dB | SE = 20.778 bit/s/Hz
[19673 ms] [UE 40252] UL: SNR = 56.00 dB | SE = 18.324 bit/s/Hz
[19673 ms] [UE 15599] UL: SNR = 52.50 dB | SE = 17.179 bit/s/Hz
[19764 ms] [UE 33952] UL: SNR = 63.50 dB | SE = 20.778 bit/s/Hz
[19764 ms] [UE 12169] UL: SNR = 63.50 dB | SE = 20.778 bit/s/Hz
[19764 ms] [UE 22873] UL: SNR = 5.50 dB | SE = 2.152 bit/s/Hz
[19764 ms] [UE 30556] UL: SNR = 63.50 dB | SE = 20.778 bit/s/Hz
[19764 ms] [UE 20945] UL: SNR = 63.50 dB | SE = 20.778 bit/s/Hz
[19773 ms] [UE 45898] UL: SNR = 63.50 dB | SE = 20.778 bit/s/Hz
[19773 ms] [UE 36997] UL: SNR = 63.50 dB | SE = 20.778 bit/s/Hz
[19773 ms] [UE 48787] UL: SNR = 63.50 dB | SE = 20.778 bit/s/Hz
[19773 ms] [UE 40252] UL: SNR = 56.00 dB | SE = 18.324 bit/s/Hz
[19773 ms] [UE 15599] UL: SNR = 52.50 dB | SE = 17.179 bit/s/Hz
[19864 ms] [UE 33952] UL: SNR = 63.50 dB | SE = 20.778 bit/s/Hz
[19864 ms] [UE 12169] UL: SNR = 63.50 dB | SE = 20.778 bit/s/Hz
[19864 ms] [UE 22873] UL: SNR = 5.50 dB | SE = 2.152 bit/s/Hz
[19864 ms] [UE 30556] UL: SNR = 63.50 dB | SE = 20.778 bit/s/Hz
[19864 ms] [UE 20945] UL: SNR = 63.50 dB | SE = 20.778 bit/s/Hz
[19883 ms] [UE 45898] UL: SNR = 63.50 dB | SE = 20.778 bit/s/Hz
[19883 ms] [UE 36997] UL: SNR = 63.50 dB | SE = 20.778 bit/s/Hz
[19883 ms] [UE 48787] UL: SNR = 63.50 dB | SE = 20.778 bit/s/Hz
[19883 ms] [UE 40252] UL: SNR = 56.00 dB | SE = 18.324 bit/s/Hz
[19883 ms] [UE 15599] UL: SNR = 52.50 dB | SE = 17.179 bit/s/Hz
[19964 ms] [UE 33952] UL: SNR = 63.50 dB | SE = 20.778 bit/s/Hz
[19964 ms] [UE 12169] UL: SNR = 63.50 dB | SE = 20.778 bit/s/Hz
[19964 ms] [UE 22873] UL: SNR = 5.50 dB | SE = 2.152 bit/s/Hz
[19964 ms] [UE 30556] UL: SNR = 63.50 dB | SE = 20.778 bit/s/Hz
[19964 ms] [UE 20945] UL: SNR = 63.50 dB | SE = 20.778 bit/s/Hz
[19992 ms] [UE 45898] UL: SNR = 63.50 dB | SE = 20.778 bit/s/Hz
[19992 ms] [UE 36997] UL: SNR = 63.50 dB | SE = 20.778 bit/s/Hz
[19992 ms] [UE 48787] UL: SNR = 63.50 dB | SE = 20.778 bit/s/Hz
[19992 ms] [UE 40252] UL: SNR = 56.00 dB | SE = 18.324 bit/s/Hz
[19992 ms] [UE 15599] UL: SNR = 52.50 dB | SE = 17.179 bit/s/Hz
[20064 ms] [UE 33952] UL: SNR = 63.50 dB | SE = 20.778 bit/s/Hz
[20064 ms] [UE 12169] UL: SNR = 63.50 dB | SE = 20.778 bit/s/Hz
[20064 ms] [UE 22873] UL: SNR = 5.50 dB | SE = 2.152 bit/s/Hz
[20064 ms] [UE 30556] UL: SNR = 63.50 dB | SE = 20.778 bit/s/Hz
[20064 ms] [UE 20945] UL: SNR = 63.50 dB | SE = 20.778 bit/s/Hz
[20092 ms] [UE 45898] UL: SNR = 63.50 dB | SE = 20.778 bit/s/Hz
[20092 ms] [UE 36997] UL: SNR = 63.50 dB | SE = 20.778 bit/s/Hz
[20092 ms] [UE 48787] UL: SNR = 63.50 dB | SE = 20.778 bit/s/Hz
[20092 ms] [UE 40252] UL: SNR = 56.00 dB | SE = 18.324 bit/s/Hz
[20092 ms] [UE 15599] UL: SNR = 52.50 dB | SE = 17.179 bit/s/Hz
[20177 ms] [UE 33952] UL: SNR = 63.50 dB | SE = 20.778 bit/s/Hz
[20177 ms] [UE 12169] UL: SNR = 63.50 dB | SE = 20.778 bit/s/Hz
[20177 ms] [UE 22873] UL: SNR = 5.50 dB | SE = 2.152 bit/s/Hz
[20177 ms] [UE 30556] UL: SNR = 63.50 dB | SE = 20.778 bit/s/Hz
[20177 ms] [UE 20945] UL: SNR = 63.50 dB | SE = 20.778 bit/s/Hz
[20193 ms] [UE 45898] UL: SNR = 63.50 dB | SE = 20.778 bit/s/Hz
[20193 ms] [UE 36997] UL: SNR = 63.50 dB | SE = 20.778 bit/s/Hz
[20193 ms] [UE 48787] UL: SNR = 63.50 dB | SE = 20.778 bit/s/Hz
[20193 ms] [UE 40252] UL: SNR = 56.00 dB | SE = 18.324 bit/s/Hz
[20193 ms] [UE 15599] UL: SNR = 52.50 dB | SE = 17.179 bit/s/Hz
[20284 ms] [UE 33952] UL: SNR = 63.50 dB | SE = 20.778 bit/s/Hz
[20284 ms] [UE 12169] UL: SNR = 63.50 dB | SE = 20.778 bit/s/Hz
[20284 ms] [UE 22873] UL: SNR = 5.50 dB | SE = 2.152 bit/s/Hz
[20284 ms] [UE 30556] UL: SNR = 63.50 dB | SE = 20.778 bit/s/Hz
[20284 ms] [UE 20945] UL: SNR = 63.50 dB | SE = 20.778 bit/s/Hz
[20302 ms] [UE 45898] UL: SNR = 63.50 dB | SE = 20.778 bit/s/Hz
[20302 ms] [UE 36997] UL: SNR = 63.50 dB | SE = 20.778 bit/s/Hz
[20302 ms] [UE 48787] UL: SNR = 63.50 dB | SE = 20.778 bit/s/Hz
[20302 ms] [UE 40252] UL: SNR = 56.00 dB | SE = 18.324 bit/s/Hz
[20302 ms] [UE 15599] UL: SNR = 52.50 dB | SE = 17.179 bit/s/Hz
[20384 ms] [UE 33952] UL: SNR = 63.50 dB | SE = 20.778 bit/s/Hz
[20384 ms] [UE 12169] UL: SNR = 63.50 dB | SE = 20.778 bit/s/Hz
[20384 ms] [UE 22873] UL: SNR = 5.50 dB | SE = 2.152 bit/s/Hz
[20384 ms] [UE 30556] UL: SNR = 63.50 dB | SE = 20.778 bit/s/Hz
[20384 ms] [UE 20945] UL: SNR = 63.50 dB | SE = 20.778 bit/s/Hz
[20403 ms] [UE 45898] UL: SNR = 63.50 dB | SE = 20.778 bit/s/Hz
[20403 ms] [UE 36997] UL: SNR = 63.50 dB | SE = 20.778 bit/s/Hz
[20403 ms] [UE 48787] UL: SNR = 63.50 dB | SE = 20.778 bit/s/Hz
[20403 ms] [UE 40252] UL: SNR = 56.00 dB | SE = 18.324 bit/s/Hz
[20403 ms] [UE 15599] UL: SNR = 52.50 dB | SE = 17.179 bit/s/Hz
[20494 ms] [UE 33952] UL: SNR = 63.50 dB | SE = 20.778 bit/s/Hz
[20494 ms] [UE 12169] UL: SNR = 63.50 dB | SE = 20.778 bit/s/Hz
[20494 ms] [UE 22873] UL: SNR = 5.50 dB | SE = 2.152 bit/s/Hz
[20494 ms] [UE 30556] UL: SNR = 63.50 dB | SE = 20.778 bit/s/Hz
[20494 ms] [UE 20945] UL: SNR = 63.50 dB | SE = 20.778 bit/s/Hz
[20513 ms] [UE 45898] UL: SNR = 63.50 dB | SE = 20.778 bit/s/Hz
[20513 ms] [UE 36997] UL: SNR = 63.50 dB | SE = 20.778 bit/s/Hz
[20513 ms] [UE 48787] UL: SNR = 63.50 dB | SE = 20.778 bit/s/Hz
[20513 ms] [UE 40252] UL: SNR = 56.00 dB | SE = 18.324 bit/s/Hz
[20513 ms] [UE 15599] UL: SNR = 52.50 dB | SE = 17.179 bit/s/Hz
[20594 ms] [UE 33952] UL: SNR = 63.50 dB | SE = 20.778 bit/s/Hz
[20594 ms] [UE 12169] UL: SNR = 63.50 dB | SE = 20.778 bit/s/Hz
[20594 ms] [UE 22873] UL: SNR = 5.50 dB | SE = 2.152 bit/s/Hz
[20594 ms] [UE 30556] UL: SNR = 63.50 dB | SE = 20.778 bit/s/Hz
[20594 ms] [UE 20945] UL: SNR = 63.50 dB | SE = 20.778 bit/s/Hz
[20622 ms] [UE 45898] UL: SNR = 63.50 dB | SE = 20.778 bit/s/Hz
[20622 ms] [UE 36997] UL: SNR = 63.50 dB | SE = 20.778 bit/s/Hz
[20622 ms] [UE 48787] UL: SNR = 63.50 dB | SE = 20.778 bit/s/Hz
[20622 ms] [UE 40252] UL: SNR = 56.00 dB | SE = 18.324 bit/s/Hz
[20622 ms] [UE 15599] UL: SNR = 52.50 dB | SE = 17.179 bit/s/Hz
[20704 ms] [UE 33952] UL: SNR = 63.50 dB | SE = 20.778 bit/s/Hz
[20704 ms] [UE 12169] UL: SNR = 63.50 dB | SE = 20.778 bit/s/Hz
[20704 ms] [UE 22873] UL: SNR = 5.50 dB | SE = 2.152 bit/s/Hz
[20704 ms] [UE 30556] UL: SNR = 63.50 dB | SE = 20.778 bit/s/Hz
[20704 ms] [UE 20945] UL: SNR = 63.50 dB | SE = 20.778 bit/s/Hz
[20733 ms] [UE 45898] UL: SNR = 63.50 dB | SE = 20.778 bit/s/Hz
[20733 ms] [UE 36997] UL: SNR = 63.50 dB | SE = 20.778 bit/s/Hz
[20733 ms] [UE 48787] UL: SNR = 63.50 dB | SE = 20.778 bit/s/Hz
[20733 ms] [UE 40252] UL: SNR = 56.00 dB | SE = 18.324 bit/s/Hz
[20733 ms] [UE 15599] UL: SNR = 52.50 dB | SE = 17.179 bit/s/Hz
[20804 ms] [UE 33952] UL: SNR = 63.50 dB | SE = 20.778 bit/s/Hz
[20804 ms] [UE 12169] UL: SNR = 63.50 dB | SE = 20.778 bit/s/Hz
[20804 ms] [UE 22873] UL: SNR = 5.50 dB | SE = 2.152 bit/s/Hz
[20804 ms] [UE 30556] UL: SNR = 63.50 dB | SE = 20.778 bit/s/Hz
[20804 ms] [UE 20945] UL: SNR = 63.50 dB | SE = 20.778 bit/s/Hz
[20843 ms] [UE 45898] UL: SNR = 63.50 dB | SE = 20.778 bit/s/Hz
[20843 ms] [UE 36997] UL: SNR = 63.50 dB | SE = 20.778 bit/s/Hz
[20843 ms] [UE 48787] UL: SNR = 63.50 dB | SE = 20.778 bit/s/Hz
[20843 ms] [UE 40252] UL: SNR = 56.00 dB | SE = 18.324 bit/s/Hz
[20843 ms] [UE 15599] UL: SNR = 52.50 dB | SE = 17.179 bit/s/Hz
[20904 ms] [UE 33952] UL: SNR = 63.50 dB | SE = 20.778 bit/s/Hz
[20904 ms] [UE 12169] UL: SNR = 63.50 dB | SE = 20.778 bit/s/Hz
[20904 ms] [UE 22873] UL: SNR = 5.50 dB | SE = 2.152 bit/s/Hz
[20904 ms] [UE 30556] UL: SNR = 7.50 dB | SE = 2.687 bit/s/Hz
[20904 ms] [UE 20945] UL: SNR = 63.50 dB | SE = 20.778 bit/s/Hz
[20953 ms] [UE 45898] UL: SNR = 63.50 dB | SE = 20.778 bit/s/Hz
[20953 ms] [UE 36997] UL: SNR = 63.50 dB | SE = 20.778 bit/s/Hz
[20953 ms] [UE 48787] UL: SNR = 63.50 dB | SE = 20.778 bit/s/Hz
[20953 ms] [UE 40252] UL: SNR = 56.00 dB | SE = 18.324 bit/s/Hz
[20953 ms] [UE 15599] UL: SNR = 52.50 dB | SE = 17.179 bit/s/Hz
[21014 ms] [UE 33952] UL: SNR = 63.50 dB | SE = 20.778 bit/s/Hz
[21014 ms] [UE 12169] UL: SNR = 63.50 dB | SE = 20.778 bit/s/Hz
[21014 ms] [UE 22873] UL: SNR = 5.50 dB | SE = 2.152 bit/s/Hz
[21014 ms] [UE 30556] UL: SNR = 7.50 dB | SE = 2.687 bit/s/Hz
[21014 ms] [UE 20945] UL: SNR = 63.50 dB | SE = 20.778 bit/s/Hz
[21053 ms] [UE 45898] UL: SNR = 63.50 dB | SE = 20.778 bit/s/Hz
[21053 ms] [UE 36997] UL: SNR = 63.50 dB | SE = 20.778 bit/s/Hz
[21053 ms] [UE 48787] UL: SNR = 63.50 dB | SE = 20.778 bit/s/Hz
[21053 ms] [UE 40252] UL: SNR = 56.00 dB | SE = 18.324 bit/s/Hz
[21053 ms] [UE 15599] UL: SNR = 52.50 dB | SE = 17.179 bit/s/Hz
[21115 ms] [UE 33952] UL: SNR = 7.50 dB | SE = 2.687 bit/s/Hz
[21115 ms] [UE 12169] UL: SNR = 63.50 dB | SE = 20.778 bit/s/Hz
[21115 ms] [UE 22873] UL: SNR = 5.50 dB | SE = 2.152 bit/s/Hz
[21115 ms] [UE 30556] UL: SNR = 51.50 dB | SE = 16.851 bit/s/Hz
[21115 ms] [UE 20945] UL: SNR = 63.50 dB | SE = 20.778 bit/s/Hz
[21163 ms] [UE 45898] UL: SNR = 63.50 dB | SE = 20.778 bit/s/Hz
[21163 ms] [UE 36997] UL: SNR = 63.50 dB | SE = 20.778 bit/s/Hz
[21163 ms] [UE 48787] UL: SNR = 63.50 dB | SE = 20.778 bit/s/Hz
[21163 ms] [UE 40252] UL: SNR = 56.00 dB | SE = 18.324 bit/s/Hz
[21163 ms] [UE 15599] UL: SNR = 52.50 dB | SE = 17.179 bit/s/Hz
[21224 ms] [UE 33952] UL: SNR = 7.50 dB | SE = 2.687 bit/s/Hz
[21224 ms] [UE 12169] UL: SNR = 63.50 dB | SE = 20.778 bit/s/Hz
[21224 ms] [UE 22873] UL: SNR = 5.50 dB | SE = 2.152 bit/s/Hz
[21224 ms] [UE 30556] UL: SNR = 51.50 dB | SE = 16.851 bit/s/Hz
[21224 ms] [UE 20945] UL: SNR = 63.50 dB | SE = 20.778 bit/s/Hz
[21273 ms] [UE 45898] UL: SNR = 63.50 dB | SE = 20.778 bit/s/Hz
[21273 ms] [UE 36997] UL: SNR = 63.50 dB | SE = 20.778 bit/s/Hz
[21273 ms] [UE 48787] UL: SNR = 63.50 dB | SE = 20.778 bit/s/Hz
[21273 ms] [UE 40252] UL: SNR = 56.00 dB | SE = 18.324 bit/s/Hz
[21273 ms] [UE 15599] UL: SNR = 52.50 dB | SE = 17.179 bit/s/Hz
[21324 ms] [UE 33952] UL: SNR = 7.50 dB | SE = 2.687 bit/s/Hz
[21324 ms] [UE 12169] UL: SNR = 63.50 dB | SE = 20.778 bit/s/Hz
[21324 ms] [UE 22873] UL: SNR = 5.50 dB | SE = 2.152 bit/s/Hz
[21324 ms] [UE 30556] UL: SNR = 51.50 dB | SE = 16.851 bit/s/Hz
[21324 ms] [UE 20945] UL: SNR = 63.50 dB | SE = 20.778 bit/s/Hz
[21374 ms] [UE 45898] UL: SNR = 63.50 dB | SE = 20.778 bit/s/Hz
[21374 ms] [UE 36997] UL: SNR = 63.50 dB | SE = 20.778 bit/s/Hz
[21374 ms] [UE 48787] UL: SNR = 63.50 dB | SE = 20.778 bit/s/Hz
[21374 ms] [UE 40252] UL: SNR = 56.00 dB | SE = 18.324 bit/s/Hz
[21374 ms] [UE 15599] UL: SNR = 52.50 dB | SE = 17.179 bit/s/Hz
[21425 ms] [UE 33952] UL: SNR = 7.50 dB | SE = 2.687 bit/s/Hz
[21425 ms] [UE 12169] UL: SNR = 63.50 dB | SE = 20.778 bit/s/Hz
[21425 ms] [UE 22873] UL: SNR = 5.50 dB | SE = 2.152 bit/s/Hz
[21425 ms] [UE 30556] UL: SNR = 51.50 dB | SE = 16.851 bit/s/Hz
[21425 ms] [UE 20945] UL: SNR = 63.50 dB | SE = 20.778 bit/s/Hz
[21482 ms] [UE 45898] UL: SNR = 63.50 dB | SE = 20.778 bit/s/Hz
[21482 ms] [UE 36997] UL: SNR = 63.50 dB | SE = 20.778 bit/s/Hz
[21482 ms] [UE 48787] UL: SNR = 63.50 dB | SE = 20.778 bit/s/Hz
[21482 ms] [UE 40252] UL: SNR = 56.00 dB | SE = 18.324 bit/s/Hz
[21482 ms] [UE 15599] UL: SNR = 52.50 dB | SE = 17.179 bit/s/Hz
[21534 ms] [UE 33952] UL: SNR = 7.50 dB | SE = 2.687 bit/s/Hz
[21534 ms] [UE 12169] UL: SNR = 63.50 dB | SE = 20.778 bit/s/Hz
[21534 ms] [UE 22873] UL: SNR = 5.50 dB | SE = 2.152 bit/s/Hz
[21534 ms] [UE 30556] UL: SNR = 51.50 dB | SE = 16.851 bit/s/Hz
[21534 ms] [UE 20945] UL: SNR = 63.50 dB | SE = 20.778 bit/s/Hz
[21582 ms] [UE 45898] UL: SNR = 63.50 dB | SE = 20.778 bit/s/Hz
[21582 ms] [UE 36997] UL: SNR = 63.50 dB | SE = 20.778 bit/s/Hz
[21582 ms] [UE 48787] UL: SNR = 63.50 dB | SE = 20.778 bit/s/Hz
[21582 ms] [UE 40252] UL: SNR = 56.00 dB | SE = 18.324 bit/s/Hz
[21582 ms] [UE 15599] UL: SNR = 52.50 dB | SE = 17.179 bit/s/Hz
[21635 ms] [UE 33952] UL: SNR = 7.50 dB | SE = 2.687 bit/s/Hz
[21635 ms] [UE 12169] UL: SNR = 50.50 dB | SE = 16.524 bit/s/Hz
[21635 ms] [UE 22873] UL: SNR = 5.50 dB | SE = 2.152 bit/s/Hz
[21635 ms] [UE 30556] UL: SNR = 52.50 dB | SE = 17.179 bit/s/Hz
[21635 ms] [UE 20945] UL: SNR = 54.00 dB | SE = 17.669 bit/s/Hz
[21682 ms] [UE 45898] UL: SNR = 63.50 dB | SE = 20.778 bit/s/Hz
[21682 ms] [UE 36997] UL: SNR = 63.50 dB | SE = 20.778 bit/s/Hz
[21682 ms] [UE 48787] UL: SNR = 63.50 dB | SE = 20.778 bit/s/Hz
[21682 ms] [UE 40252] UL: SNR = 56.00 dB | SE = 18.324 bit/s/Hz
[21682 ms] [UE 15599] UL: SNR = 52.50 dB | SE = 17.179 bit/s/Hz
[21745 ms] [UE 33952] UL: SNR = 7.50 dB | SE = 2.687 bit/s/Hz
[21745 ms] [UE 12169] UL: SNR = 50.50 dB | SE = 16.524 bit/s/Hz
[21745 ms] [UE 22873] UL: SNR = 5.50 dB | SE = 2.152 bit/s/Hz
[21745 ms] [UE 30556] UL: SNR = 52.50 dB | SE = 17.179 bit/s/Hz
[21745 ms] [UE 20945] UL: SNR = 54.00 dB | SE = 17.669 bit/s/Hz
[21782 ms] [UE 45898] UL: SNR = 63.50 dB | SE = 20.778 bit/s/Hz
[21782 ms] [UE 36997] UL: SNR = 63.50 dB | SE = 20.778 bit/s/Hz
[21782 ms] [UE 48787] UL: SNR = 63.50 dB | SE = 20.778 bit/s/Hz
[21782 ms] [UE 40252] UL: SNR = 56.00 dB | SE = 18.324 bit/s/Hz
[21782 ms] [UE 15599] UL: SNR = 52.50 dB | SE = 17.179 bit/s/Hz
[21854 ms] [UE 33952] UL: SNR = 7.50 dB | SE = 2.687 bit/s/Hz
[21854 ms] [UE 12169] UL: SNR = 50.50 dB | SE = 16.524 bit/s/Hz
[21854 ms] [UE 22873] UL: SNR = 5.50 dB | SE = 2.152 bit/s/Hz
[21854 ms] [UE 30556] UL: SNR = 54.00 dB | SE = 17.669 bit/s/Hz
[21854 ms] [UE 20945] UL: SNR = 54.00 dB | SE = 17.669 bit/s/Hz
[21883 ms] [UE 45898] UL: SNR = 63.50 dB | SE = 20.778 bit/s/Hz
[21883 ms] [UE 36997] UL: SNR = 63.50 dB | SE = 20.778 bit/s/Hz
[21883 ms] [UE 48787] UL: SNR = 63.50 dB | SE = 20.778 bit/s/Hz
[21883 ms] [UE 40252] UL: SNR = 56.00 dB | SE = 18.324 bit/s/Hz
[21883 ms] [UE 15599] UL: SNR = 52.50 dB | SE = 17.179 bit/s/Hz
[21954 ms] [UE 33952] UL: SNR = 7.50 dB | SE = 2.687 bit/s/Hz
[21954 ms] [UE 12169] UL: SNR = 50.50 dB | SE = 16.524 bit/s/Hz
[21954 ms] [UE 22873] UL: SNR = 5.50 dB | SE = 2.152 bit/s/Hz
[21954 ms] [UE 30556] UL: SNR = 54.00 dB | SE = 17.669 bit/s/Hz
[21954 ms] [UE 20945] UL: SNR = 54.00 dB | SE = 17.669 bit/s/Hz
[21992 ms] [UE 45898] UL: SNR = 63.50 dB | SE = 20.778 bit/s/Hz
[21992 ms] [UE 36997] UL: SNR = 63.50 dB | SE = 20.778 bit/s/Hz
[21992 ms] [UE 48787] UL: SNR = 63.50 dB | SE = 20.778 bit/s/Hz
[21992 ms] [UE 40252] UL: SNR = 56.00 dB | SE = 18.324 bit/s/Hz
[21992 ms] [UE 15599] UL: SNR = 52.50 dB | SE = 17.179 bit/s/Hz
[22054 ms] [UE 33952] UL: SNR = 7.50 dB | SE = 2.687 bit/s/Hz
[22054 ms] [UE 12169] UL: SNR = 50.50 dB | SE = 16.524 bit/s/Hz
[22054 ms] [UE 22873] UL: SNR = 5.50 dB | SE = 2.152 bit/s/Hz
[22054 ms] [UE 30556] UL: SNR = 54.00 dB | SE = 17.669 bit/s/Hz
[22054 ms] [UE 20945] UL: SNR = 54.00 dB | SE = 17.669 bit/s/Hz
[22093 ms] [UE 45898] UL: SNR = 63.50 dB | SE = 20.778 bit/s/Hz
[22093 ms] [UE 36997] UL: SNR = 63.50 dB | SE = 20.778 bit/s/Hz
[22093 ms] [UE 48787] UL: SNR = 63.50 dB | SE = 20.778 bit/s/Hz
[22093 ms] [UE 40252] UL: SNR = 56.00 dB | SE = 18.324 bit/s/Hz
[22093 ms] [UE 15599] UL: SNR = 52.50 dB | SE = 17.179 bit/s/Hz
[22165 ms] [UE 33952] UL: SNR = 7.50 dB | SE = 2.687 bit/s/Hz
[22165 ms] [UE 12169] UL: SNR = 63.50 dB | SE = 20.778 bit/s/Hz
[22165 ms] [UE 22873] UL: SNR = 63.50 dB | SE = 20.778 bit/s/Hz
[22165 ms] [UE 30556] UL: SNR = 63.50 dB | SE = 20.778 bit/s/Hz
[22165 ms] [UE 20945] UL: SNR = 63.50 dB | SE = 20.778 bit/s/Hz
[22203 ms] [UE 45898] UL: SNR = 63.50 dB | SE = 20.778 bit/s/Hz
[22203 ms] [UE 36997] UL: SNR = 63.50 dB | SE = 20.778 bit/s/Hz
[22203 ms] [UE 48787] UL: SNR = 63.50 dB | SE = 20.778 bit/s/Hz
[22203 ms] [UE 40252] UL: SNR = 56.00 dB | SE = 18.324 bit/s/Hz
[22203 ms] [UE 15599] UL: SNR = 52.50 dB | SE = 17.179 bit/s/Hz
[22265 ms] [UE 33952] UL: SNR = 7.50 dB | SE = 2.687 bit/s/Hz
[22265 ms] [UE 12169] UL: SNR = 63.50 dB | SE = 20.778 bit/s/Hz
[22265 ms] [UE 22873] UL: SNR = 63.50 dB | SE = 20.778 bit/s/Hz
[22265 ms] [UE 30556] UL: SNR = 63.50 dB | SE = 20.778 bit/s/Hz
[22265 ms] [UE 20945] UL: SNR = 63.50 dB | SE = 20.778 bit/s/Hz
[22312 ms] [UE 45898] UL: SNR = 63.50 dB | SE = 20.778 bit/s/Hz
[22312 ms] [UE 36997] UL: SNR = 63.50 dB | SE = 20.778 bit/s/Hz
[22312 ms] [UE 48787] UL: SNR = 63.50 dB | SE = 20.778 bit/s/Hz
[22312 ms] [UE 40252] UL: SNR = 56.00 dB | SE = 18.324 bit/s/Hz
[22312 ms] [UE 15599] UL: SNR = 52.50 dB | SE = 17.179 bit/s/Hz
[22374 ms] [UE 33952] UL: SNR = 7.50 dB | SE = 2.687 bit/s/Hz
[22374 ms] [UE 12169] UL: SNR = 63.50 dB | SE = 20.778 bit/s/Hz
[22374 ms] [UE 22873] UL: SNR = 63.50 dB | SE = 20.778 bit/s/Hz
[22374 ms] [UE 30556] UL: SNR = 54.00 dB | SE = 17.669 bit/s/Hz
[22374 ms] [UE 20945] UL: SNR = 63.50 dB | SE = 20.778 bit/s/Hz
[22413 ms] [UE 45898] UL: SNR = 63.50 dB | SE = 20.778 bit/s/Hz
[22413 ms] [UE 36997] UL: SNR = 63.50 dB | SE = 20.778 bit/s/Hz
[22413 ms] [UE 48787] UL: SNR = 63.50 dB | SE = 20.778 bit/s/Hz
[22413 ms] [UE 40252] UL: SNR = 56.00 dB | SE = 18.324 bit/s/Hz
[22413 ms] [UE 15599] UL: SNR = 52.50 dB | SE = 17.179 bit/s/Hz
[22474 ms] [UE 33952] UL: SNR = 7.50 dB | SE = 2.687 bit/s/Hz
[22474 ms] [UE 12169] UL: SNR = 63.50 dB | SE = 20.778 bit/s/Hz
[22474 ms] [UE 22873] UL: SNR = 63.50 dB | SE = 20.778 bit/s/Hz
[22474 ms] [UE 30556] UL: SNR = 54.00 dB | SE = 17.669 bit/s/Hz
[22474 ms] [UE 20945] UL: SNR = 63.50 dB | SE = 20.778 bit/s/Hz
[22523 ms] [UE 45898] UL: SNR = 63.50 dB | SE = 20.778 bit/s/Hz
[22523 ms] [UE 36997] UL: SNR = 63.50 dB | SE = 20.778 bit/s/Hz
[22523 ms] [UE 48787] UL: SNR = 63.50 dB | SE = 20.778 bit/s/Hz
[22523 ms] [UE 40252] UL: SNR = 56.00 dB | SE = 18.324 bit/s/Hz
[22523 ms] [UE 15599] UL: SNR = 52.50 dB | SE = 17.179 bit/s/Hz
[22575 ms] [UE 33952] UL: SNR = 7.50 dB | SE = 2.687 bit/s/Hz
[22575 ms] [UE 12169] UL: SNR = 63.50 dB | SE = 20.778 bit/s/Hz
[22575 ms] [UE 22873] UL: SNR = 63.50 dB | SE = 20.778 bit/s/Hz
[22575 ms] [UE 30556] UL: SNR = 63.50 dB | SE = 20.778 bit/s/Hz
[22575 ms] [UE 20945] UL: SNR = 63.50 dB | SE = 20.778 bit/s/Hz
[22632 ms] [UE 45898] UL: SNR = 63.50 dB | SE = 20.778 bit/s/Hz
[22632 ms] [UE 36997] UL: SNR = 63.50 dB | SE = 20.778 bit/s/Hz
[22632 ms] [UE 48787] UL: SNR = 63.50 dB | SE = 20.778 bit/s/Hz
[22632 ms] [UE 40252] UL: SNR = 56.00 dB | SE = 18.324 bit/s/Hz
[22632 ms] [UE 15599] UL: SNR = 52.50 dB | SE = 17.179 bit/s/Hz
[22675 ms] [UE 33952] UL: SNR = 7.50 dB | SE = 2.687 bit/s/Hz
[22675 ms] [UE 12169] UL: SNR = 63.50 dB | SE = 20.778 bit/s/Hz
[22675 ms] [UE 22873] UL: SNR = 63.50 dB | SE = 20.778 bit/s/Hz
[22675 ms] [UE 30556] UL: SNR = 63.50 dB | SE = 20.778 bit/s/Hz
[22675 ms] [UE 20945] UL: SNR = 63.50 dB | SE = 20.778 bit/s/Hz
[22732 ms] [UE 45898] UL: SNR = 63.50 dB | SE = 20.778 bit/s/Hz
[22732 ms] [UE 36997] UL: SNR = 63.50 dB | SE = 20.778 bit/s/Hz
[22732 ms] [UE 48787] UL: SNR = 63.50 dB | SE = 20.778 bit/s/Hz
[22732 ms] [UE 40252] UL: SNR = 56.00 dB | SE = 18.324 bit/s/Hz
[22732 ms] [UE 15599] UL: SNR = 52.50 dB | SE = 17.179 bit/s/Hz
[22784 ms] [UE 33952] UL: SNR = 7.50 dB | SE = 2.687 bit/s/Hz
[22784 ms] [UE 12169] UL: SNR = 63.50 dB | SE = 20.778 bit/s/Hz
[22784 ms] [UE 22873] UL: SNR = 63.50 dB | SE = 20.778 bit/s/Hz
[22784 ms] [UE 30556] UL: SNR = 63.50 dB | SE = 20.778 bit/s/Hz
[22784 ms] [UE 20945] UL: SNR = 63.50 dB | SE = 20.778 bit/s/Hz
[22833 ms] [UE 45898] UL: SNR = 63.50 dB | SE = 20.778 bit/s/Hz
[22833 ms] [UE 36997] UL: SNR = 63.50 dB | SE = 20.778 bit/s/Hz
[22833 ms] [UE 48787] UL: SNR = 63.50 dB | SE = 20.778 bit/s/Hz
[22833 ms] [UE 40252] UL: SNR = 56.00 dB | SE = 18.324 bit/s/Hz
[22833 ms] [UE 15599] UL: SNR = 52.50 dB | SE = 17.179 bit/s/Hz
[22885 ms] [UE 33952] UL: SNR = 7.50 dB | SE = 2.687 bit/s/Hz
[22885 ms] [UE 12169] UL: SNR = 63.50 dB | SE = 20.778 bit/s/Hz
[22885 ms] [UE 22873] UL: SNR = 63.50 dB | SE = 20.778 bit/s/Hz
[22885 ms] [UE 30556] UL: SNR = 63.50 dB | SE = 20.778 bit/s/Hz
[22885 ms] [UE 20945] UL: SNR = 63.50 dB | SE = 20.778 bit/s/Hz
[22943 ms] [UE 45898] UL: SNR = 63.50 dB | SE = 20.778 bit/s/Hz
[22943 ms] [UE 36997] UL: SNR = 63.50 dB | SE = 20.778 bit/s/Hz
[22943 ms] [UE 48787] UL: SNR = 63.50 dB | SE = 20.778 bit/s/Hz
[22943 ms] [UE 40252] UL: SNR = 56.00 dB | SE = 18.324 bit/s/Hz
[22943 ms] [UE 15599] UL: SNR = 52.50 dB | SE = 17.179 bit/s/Hz
[22994 ms] [UE 33952] UL: SNR = 7.50 dB | SE = 2.687 bit/s/Hz
[22994 ms] [UE 12169] UL: SNR = 63.50 dB | SE = 20.778 bit/s/Hz
[22994 ms] [UE 22873] UL: SNR = 63.50 dB | SE = 20.778 bit/s/Hz
[22994 ms] [UE 30556] UL: SNR = 63.50 dB | SE = 20.778 bit/s/Hz
[22994 ms] [UE 20945] UL: SNR = 63.50 dB | SE = 20.778 bit/s/Hz
[23053 ms] [UE 45898] UL: SNR = 63.50 dB | SE = 20.778 bit/s/Hz
[23053 ms] [UE 36997] UL: SNR = 63.50 dB | SE = 20.778 bit/s/Hz
[23053 ms] [UE 48787] UL: SNR = 63.50 dB | SE = 20.778 bit/s/Hz
[23053 ms] [UE 40252] UL: SNR = 56.00 dB | SE = 18.324 bit/s/Hz
[23053 ms] [UE 15599] UL: SNR = 52.50 dB | SE = 17.179 bit/s/Hz
[23095 ms] [UE 33952] UL: SNR = 7.50 dB | SE = 2.687 bit/s/Hz
[23095 ms] [UE 12169] UL: SNR = 63.50 dB | SE = 20.778 bit/s/Hz
[23095 ms] [UE 22873] UL: SNR = 63.50 dB | SE = 20.778 bit/s/Hz
[23095 ms] [UE 30556] UL: SNR = 63.50 dB | SE = 20.778 bit/s/Hz
[23095 ms] [UE 20945] UL: SNR = 63.50 dB | SE = 20.778 bit/s/Hz
[23163 ms] [UE 45898] UL: SNR = 63.50 dB | SE = 20.778 bit/s/Hz
[23163 ms] [UE 36997] UL: SNR = 63.50 dB | SE = 20.778 bit/s/Hz
[23163 ms] [UE 48787] UL: SNR = 63.50 dB | SE = 20.778 bit/s/Hz
[23163 ms] [UE 40252] UL: SNR = 56.00 dB | SE = 18.324 bit/s/Hz
[23163 ms] [UE 15599] UL: SNR = 52.50 dB | SE = 17.179 bit/s/Hz
[23204 ms] [UE 33952] UL: SNR = 7.50 dB | SE = 2.687 bit/s/Hz
[23204 ms] [UE 12169] UL: SNR = 63.50 dB | SE = 20.778 bit/s/Hz
[23204 ms] [UE 22873] UL: SNR = 63.50 dB | SE = 20.778 bit/s/Hz
[23204 ms] [UE 30556] UL: SNR = 63.50 dB | SE = 20.778 bit/s/Hz
[23204 ms] [UE 20945] UL: SNR = 63.50 dB | SE = 20.778 bit/s/Hz
[23273 ms] [UE 45898] UL: SNR = 63.50 dB | SE = 20.778 bit/s/Hz
[23273 ms] [UE 36997] UL: SNR = 63.50 dB | SE = 20.778 bit/s/Hz
[23273 ms] [UE 48787] UL: SNR = 63.50 dB | SE = 20.778 bit/s/Hz
[23273 ms] [UE 40252] UL: SNR = 56.00 dB | SE = 18.324 bit/s/Hz
[23273 ms] [UE 15599] UL: SNR = 52.50 dB | SE = 17.179 bit/s/Hz
[23304 ms] [UE 33952] UL: SNR = 7.50 dB | SE = 2.687 bit/s/Hz
[23304 ms] [UE 12169] UL: SNR = 63.50 dB | SE = 20.778 bit/s/Hz
[23304 ms] [UE 22873] UL: SNR = 63.50 dB | SE = 20.778 bit/s/Hz
[23304 ms] [UE 30556] UL: SNR = 63.50 dB | SE = 20.778 bit/s/Hz
[23304 ms] [UE 20945] UL: SNR = 63.50 dB | SE = 20.778 bit/s/Hz
[23382 ms] [UE 45898] UL: SNR = 63.50 dB | SE = 20.778 bit/s/Hz
[23382 ms] [UE 36997] UL: SNR = 63.50 dB | SE = 20.778 bit/s/Hz
[23382 ms] [UE 48787] UL: SNR = 63.50 dB | SE = 20.778 bit/s/Hz
[23382 ms] [UE 40252] UL: SNR = 56.00 dB | SE = 18.324 bit/s/Hz
[23382 ms] [UE 15599] UL: SNR = 52.50 dB | SE = 17.179 bit/s/Hz
[23414 ms] [UE 33952] UL: SNR = 7.50 dB | SE = 2.687 bit/s/Hz
[23414 ms] [UE 12169] UL: SNR = 63.50 dB | SE = 20.778 bit/s/Hz
[23414 ms] [UE 22873] UL: SNR = 63.50 dB | SE = 20.778 bit/s/Hz
[23414 ms] [UE 30556] UL: SNR = 63.50 dB | SE = 20.778 bit/s/Hz
[23414 ms] [UE 20945] UL: SNR = 63.50 dB | SE = 20.778 bit/s/Hz
[23482 ms] [UE 45898] UL: SNR = 63.50 dB | SE = 20.778 bit/s/Hz
[23482 ms] [UE 36997] UL: SNR = 63.50 dB | SE = 20.778 bit/s/Hz
[23482 ms] [UE 48787] UL: SNR = 63.50 dB | SE = 20.778 bit/s/Hz
[23482 ms] [UE 40252] UL: SNR = 56.00 dB | SE = 18.324 bit/s/Hz
[23482 ms] [UE 15599] UL: SNR = 52.50 dB | SE = 17.179 bit/s/Hz
[23524 ms] [UE 33952] UL: SNR = 7.50 dB | SE = 2.687 bit/s/Hz
[23524 ms] [UE 12169] UL: SNR = 63.50 dB | SE = 20.778 bit/s/Hz
[23524 ms] [UE 22873] UL: SNR = 63.50 dB | SE = 20.778 bit/s/Hz
[23524 ms] [UE 30556] UL: SNR = 63.50 dB | SE = 20.778 bit/s/Hz
[23524 ms] [UE 20945] UL: SNR = 63.50 dB | SE = 20.778 bit/s/Hz
[23582 ms] [UE 45898] UL: SNR = 63.50 dB | SE = 20.778 bit/s/Hz
[23582 ms] [UE 36997] UL: SNR = 63.50 dB | SE = 20.778 bit/s/Hz
[23582 ms] [UE 48787] UL: SNR = 63.50 dB | SE = 20.778 bit/s/Hz
[23582 ms] [UE 40252] UL: SNR = 56.00 dB | SE = 18.324 bit/s/Hz
[23582 ms] [UE 15599] UL: SNR = 52.50 dB | SE = 17.179 bit/s/Hz
[23626 ms] [UE 33952] UL: SNR = 7.50 dB | SE = 2.687 bit/s/Hz
[23626 ms] [UE 12169] UL: SNR = 63.50 dB | SE = 20.778 bit/s/Hz
[23626 ms] [UE 22873] UL: SNR = 63.50 dB | SE = 20.778 bit/s/Hz
[23626 ms] [UE 30556] UL: SNR = 63.50 dB | SE = 20.778 bit/s/Hz
[23626 ms] [UE 20945] UL: SNR = 63.50 dB | SE = 20.778 bit/s/Hz
[23683 ms] [UE 45898] UL: SNR = 63.50 dB | SE = 20.778 bit/s/Hz
[23683 ms] [UE 36997] UL: SNR = 63.50 dB | SE = 20.778 bit/s/Hz
[23683 ms] [UE 48787] UL: SNR = 63.50 dB | SE = 20.778 bit/s/Hz
[23683 ms] [UE 40252] UL: SNR = 56.00 dB | SE = 18.324 bit/s/Hz
[23683 ms] [UE 15599] UL: SNR = 52.50 dB | SE = 17.179 bit/s/Hz
[23734 ms] [UE 33952] UL: SNR = 7.50 dB | SE = 2.687 bit/s/Hz
[23734 ms] [UE 12169] UL: SNR = 63.50 dB | SE = 20.778 bit/s/Hz
[23734 ms] [UE 22873] UL: SNR = 63.50 dB | SE = 20.778 bit/s/Hz
[23734 ms] [UE 30556] UL: SNR = 63.50 dB | SE = 20.778 bit/s/Hz
[23734 ms] [UE 20945] UL: SNR = 63.50 dB | SE = 20.778 bit/s/Hz
[23793 ms] [UE 45898] UL: SNR = 63.50 dB | SE = 20.778 bit/s/Hz
[23793 ms] [UE 36997] UL: SNR = 63.50 dB | SE = 20.778 bit/s/Hz
[23793 ms] [UE 48787] UL: SNR = 63.50 dB | SE = 20.778 bit/s/Hz
[23793 ms] [UE 40252] UL: SNR = 56.00 dB | SE = 18.324 bit/s/Hz
[23793 ms] [UE 15599] UL: SNR = 52.50 dB | SE = 17.179 bit/s/Hz
[23835 ms] [UE 33952] UL: SNR = 7.50 dB | SE = 2.687 bit/s/Hz
[23835 ms] [UE 12169] UL: SNR = 63.50 dB | SE = 20.778 bit/s/Hz
[23835 ms] [UE 22873] UL: SNR = 63.50 dB | SE = 20.778 bit/s/Hz
[23835 ms] [UE 30556] UL: SNR = 63.50 dB | SE = 20.778 bit/s/Hz
[23835 ms] [UE 20945] UL: SNR = 63.50 dB | SE = 20.778 bit/s/Hz
[23893 ms] [UE 45898] UL: SNR = 63.50 dB | SE = 20.778 bit/s/Hz
[23893 ms] [UE 36997] UL: SNR = 63.50 dB | SE = 20.778 bit/s/Hz
[23893 ms] [UE 48787] UL: SNR = 63.50 dB | SE = 20.778 bit/s/Hz
[23893 ms] [UE 40252] UL: SNR = 56.00 dB | SE = 18.324 bit/s/Hz
[23893 ms] [UE 15599] UL: SNR = 52.50 dB | SE = 17.179 bit/s/Hz
[23944 ms] [UE 33952] UL: SNR = 7.50 dB | SE = 2.687 bit/s/Hz
[23944 ms] [UE 12169] UL: SNR = 63.50 dB | SE = 20.778 bit/s/Hz
[23944 ms] [UE 22873] UL: SNR = 63.50 dB | SE = 20.778 bit/s/Hz
[23944 ms] [UE 30556] UL: SNR = 63.50 dB | SE = 20.778 bit/s/Hz
[23944 ms] [UE 20945] UL: SNR = 63.50 dB | SE = 20.778 bit/s/Hz
[24002 ms] [UE 45898] UL: SNR = 63.50 dB | SE = 20.778 bit/s/Hz
[24002 ms] [UE 36997] UL: SNR = 63.50 dB | SE = 20.778 bit/s/Hz
[24002 ms] [UE 48787] UL: SNR = 63.50 dB | SE = 20.778 bit/s/Hz
[24002 ms] [UE 40252] UL: SNR = 56.00 dB | SE = 18.324 bit/s/Hz
[24002 ms] [UE 15599] UL: SNR = 52.50 dB | SE = 17.179 bit/s/Hz
[24045 ms] [UE 33952] UL: SNR = 7.50 dB | SE = 2.687 bit/s/Hz
[24045 ms] [UE 12169] UL: SNR = 63.50 dB | SE = 20.778 bit/s/Hz
[24045 ms] [UE 22873] UL: SNR = 63.50 dB | SE = 20.778 bit/s/Hz
[24045 ms] [UE 30556] UL: SNR = 63.50 dB | SE = 20.778 bit/s/Hz
[24045 ms] [UE 20945] UL: SNR = 63.50 dB | SE = 20.778 bit/s/Hz
[24103 ms] [UE 45898] UL: SNR = 63.50 dB | SE = 20.778 bit/s/Hz
[24103 ms] [UE 36997] UL: SNR = 63.50 dB | SE = 20.778 bit/s/Hz
[24103 ms] [UE 48787] UL: SNR = 63.50 dB | SE = 20.778 bit/s/Hz
[24103 ms] [UE 40252] UL: SNR = 56.00 dB | SE = 18.324 bit/s/Hz
[24103 ms] [UE 15599] UL: SNR = 52.50 dB | SE = 17.179 bit/s/Hz
[24157 ms] [UE 33952] UL: SNR = 7.50 dB | SE = 2.687 bit/s/Hz
[24157 ms] [UE 12169] UL: SNR = 63.50 dB | SE = 20.778 bit/s/Hz
[24157 ms] [UE 22873] UL: SNR = 63.50 dB | SE = 20.778 bit/s/Hz
[24157 ms] [UE 30556] UL: SNR = 63.50 dB | SE = 20.778 bit/s/Hz
[24157 ms] [UE 20945] UL: SNR = 63.50 dB | SE = 20.778 bit/s/Hz
[24203 ms] [UE 45898] UL: SNR = 63.50 dB | SE = 20.778 bit/s/Hz
[24203 ms] [UE 36997] UL: SNR = 63.50 dB | SE = 20.778 bit/s/Hz
[24203 ms] [UE 48787] UL: SNR = 63.50 dB | SE = 20.778 bit/s/Hz
[24203 ms] [UE 40252] UL: SNR = 56.00 dB | SE = 18.324 bit/s/Hz
[24203 ms] [UE 15599] UL: SNR = 52.50 dB | SE = 17.179 bit/s/Hz
[24264 ms] [UE 33952] UL: SNR = 7.50 dB | SE = 2.687 bit/s/Hz
[24264 ms] [UE 12169] UL: SNR = 63.50 dB | SE = 20.778 bit/s/Hz
[24264 ms] [UE 22873] UL: SNR = 63.50 dB | SE = 20.778 bit/s/Hz
[24264 ms] [UE 30556] UL: SNR = 63.50 dB | SE = 20.778 bit/s/Hz
[24264 ms] [UE 20945] UL: SNR = 63.50 dB | SE = 20.778 bit/s/Hz
[24313 ms] [UE 45898] UL: SNR = 63.50 dB | SE = 20.778 bit/s/Hz
[24313 ms] [UE 36997] UL: SNR = 63.50 dB | SE = 20.778 bit/s/Hz
[24313 ms] [UE 48787] UL: SNR = 63.50 dB | SE = 20.778 bit/s/Hz
[24313 ms] [UE 40252] UL: SNR = 56.00 dB | SE = 18.324 bit/s/Hz
[24313 ms] [UE 15599] UL: SNR = 52.50 dB | SE = 17.179 bit/s/Hz
[24364 ms] [UE 33952] UL: SNR = 7.50 dB | SE = 2.687 bit/s/Hz
[24364 ms] [UE 12169] UL: SNR = 63.50 dB | SE = 20.778 bit/s/Hz
[24364 ms] [UE 22873] UL: SNR = 63.50 dB | SE = 20.778 bit/s/Hz
[24364 ms] [UE 30556] UL: SNR = 63.50 dB | SE = 20.778 bit/s/Hz
[24364 ms] [UE 20945] UL: SNR = 63.50 dB | SE = 20.778 bit/s/Hz
[24413 ms] [UE 45898] UL: SNR = 63.50 dB | SE = 20.778 bit/s/Hz
[24413 ms] [UE 36997] UL: SNR = 63.50 dB | SE = 20.778 bit/s/Hz
[24413 ms] [UE 48787] UL: SNR = 63.50 dB | SE = 20.778 bit/s/Hz
[24413 ms] [UE 40252] UL: SNR = 56.00 dB | SE = 18.324 bit/s/Hz
[24413 ms] [UE 15599] UL: SNR = 52.50 dB | SE = 17.179 bit/s/Hz
[24465 ms] [UE 33952] UL: SNR = 7.50 dB | SE = 2.687 bit/s/Hz
[24465 ms] [UE 12169] UL: SNR = 63.50 dB | SE = 20.778 bit/s/Hz
[24465 ms] [UE 22873] UL: SNR = 63.50 dB | SE = 20.778 bit/s/Hz
[24465 ms] [UE 30556] UL: SNR = 63.50 dB | SE = 20.778 bit/s/Hz
[24465 ms] [UE 20945] UL: SNR = 63.50 dB | SE = 20.778 bit/s/Hz
[24523 ms] [UE 45898] UL: SNR = 63.50 dB | SE = 20.778 bit/s/Hz
[24523 ms] [UE 36997] UL: SNR = 63.50 dB | SE = 20.778 bit/s/Hz
[24523 ms] [UE 48787] UL: SNR = 63.50 dB | SE = 20.778 bit/s/Hz
[24523 ms] [UE 40252] UL: SNR = 56.00 dB | SE = 18.324 bit/s/Hz
[24523 ms] [UE 15599] UL: SNR = 52.50 dB | SE = 17.179 bit/s/Hz
[24565 ms] [UE 33952] UL: SNR = 7.50 dB | SE = 2.687 bit/s/Hz
[24565 ms] [UE 12169] UL: SNR = 63.50 dB | SE = 20.778 bit/s/Hz
[24565 ms] [UE 22873] UL: SNR = 63.50 dB | SE = 20.778 bit/s/Hz
[24565 ms] [UE 30556] UL: SNR = 63.50 dB | SE = 20.778 bit/s/Hz
[24565 ms] [UE 20945] UL: SNR = 63.50 dB | SE = 20.778 bit/s/Hz
[24633 ms] [UE 45898] UL: SNR = 63.50 dB | SE = 20.778 bit/s/Hz
[24633 ms] [UE 36997] UL: SNR = 63.50 dB | SE = 20.778 bit/s/Hz
[24633 ms] [UE 48787] UL: SNR = 63.50 dB | SE = 20.778 bit/s/Hz
[24633 ms] [UE 40252] UL: SNR = 56.00 dB | SE = 18.324 bit/s/Hz
[24633 ms] [UE 15599] UL: SNR = 52.50 dB | SE = 17.179 bit/s/Hz
[24674 ms] [UE 33952] UL: SNR = 7.50 dB | SE = 2.687 bit/s/Hz
[24674 ms] [UE 12169] UL: SNR = 63.50 dB | SE = 20.778 bit/s/Hz
[24674 ms] [UE 22873] UL: SNR = 63.50 dB | SE = 20.778 bit/s/Hz
[24674 ms] [UE 30556] UL: SNR = 63.50 dB | SE = 20.778 bit/s/Hz
[24674 ms] [UE 20945] UL: SNR = 63.50 dB | SE = 20.778 bit/s/Hz
[24742 ms] [UE 45898] UL: SNR = 63.50 dB | SE = 20.778 bit/s/Hz
[24742 ms] [UE 36997] UL: SNR = 63.50 dB | SE = 20.778 bit/s/Hz
[24742 ms] [UE 48787] UL: SNR = 63.50 dB | SE = 20.778 bit/s/Hz
[24742 ms] [UE 40252] UL: SNR = 56.00 dB | SE = 18.324 bit/s/Hz
[24742 ms] [UE 15599] UL: SNR = 52.50 dB | SE = 17.179 bit/s/Hz
[24776 ms] [UE 33952] UL: SNR = 7.50 dB | SE = 2.687 bit/s/Hz
[24776 ms] [UE 12169] UL: SNR = 63.50 dB | SE = 20.778 bit/s/Hz
[24776 ms] [UE 22873] UL: SNR = 63.50 dB | SE = 20.778 bit/s/Hz
[24776 ms] [UE 30556] UL: SNR = 63.50 dB | SE = 20.778 bit/s/Hz
[24776 ms] [UE 20945] UL: SNR = 63.50 dB | SE = 20.778 bit/s/Hz
[24842 ms] [UE 45898] UL: SNR = 63.50 dB | SE = 20.778 bit/s/Hz
[24842 ms] [UE 36997] UL: SNR = 63.50 dB | SE = 20.778 bit/s/Hz
[24842 ms] [UE 48787] UL: SNR = 63.50 dB | SE = 20.778 bit/s/Hz
[24842 ms] [UE 40252] UL: SNR = 56.00 dB | SE = 18.324 bit/s/Hz
[24842 ms] [UE 15599] UL: SNR = 52.50 dB | SE = 17.179 bit/s/Hz
[24885 ms] [UE 33952] UL: SNR = 7.50 dB | SE = 2.687 bit/s/Hz
[24885 ms] [UE 12169] UL: SNR = 63.50 dB | SE = 20.778 bit/s/Hz
[24885 ms] [UE 22873] UL: SNR = 63.50 dB | SE = 20.778 bit/s/Hz
[24885 ms] [UE 30556] UL: SNR = 63.50 dB | SE = 20.778 bit/s/Hz
[24885 ms] [UE 20945] UL: SNR = 63.50 dB | SE = 20.778 bit/s/Hz
[24943 ms] [UE 45898] UL: SNR = 63.50 dB | SE = 20.778 bit/s/Hz
[24943 ms] [UE 36997] UL: SNR = 63.50 dB | SE = 20.778 bit/s/Hz
[24943 ms] [UE 48787] UL: SNR = 63.50 dB | SE = 20.778 bit/s/Hz
[24943 ms] [UE 40252] UL: SNR = 56.00 dB | SE = 18.324 bit/s/Hz
[24943 ms] [UE 15599] UL: SNR = 52.50 dB | SE = 17.179 bit/s/Hz
[24985 ms] [UE 33952] UL: SNR = 7.50 dB | SE = 2.687 bit/s/Hz
[24985 ms] [UE 12169] UL: SNR = 63.50 dB | SE = 20.778 bit/s/Hz
[24985 ms] [UE 22873] UL: SNR = 63.50 dB | SE = 20.778 bit/s/Hz
[24985 ms] [UE 30556] UL: SNR = 7.50 dB | SE = 2.687 bit/s/Hz
[24985 ms] [UE 20945] UL: SNR = 63.50 dB | SE = 20.778 bit/s/Hz
[25043 ms] [UE 45898] UL: SNR = 63.50 dB | SE = 20.778 bit/s/Hz
[25043 ms] [UE 36997] UL: SNR = 63.50 dB | SE = 20.778 bit/s/Hz
[25043 ms] [UE 48787] UL: SNR = 63.50 dB | SE = 20.778 bit/s/Hz
[25043 ms] [UE 40252] UL: SNR = 56.00 dB | SE = 18.324 bit/s/Hz
[25043 ms] [UE 15599] UL: SNR = 52.50 dB | SE = 17.179 bit/s/Hz
[25095 ms] [UE 33952] UL: SNR = 7.50 dB | SE = 2.687 bit/s/Hz
[25095 ms] [UE 12169] UL: SNR = 63.50 dB | SE = 20.778 bit/s/Hz
[25095 ms] [UE 22873] UL: SNR = 63.50 dB | SE = 20.778 bit/s/Hz
[25095 ms] [UE 30556] UL: SNR = 7.50 dB | SE = 2.687 bit/s/Hz
[25095 ms] [UE 20945] UL: SNR = 63.50 dB | SE = 20.778 bit/s/Hz
[25143 ms] [UE 45898] UL: SNR = 63.50 dB | SE = 20.778 bit/s/Hz
[25143 ms] [UE 36997] UL: SNR = 63.50 dB | SE = 20.778 bit/s/Hz
[25143 ms] [UE 48787] UL: SNR = 63.50 dB | SE = 20.778 bit/s/Hz
[25143 ms] [UE 40252] UL: SNR = 56.00 dB | SE = 18.324 bit/s/Hz
[25143 ms] [UE 15599] UL: SNR = 52.50 dB | SE = 17.179 bit/s/Hz
[25205 ms] [UE 33952] UL: SNR = 7.50 dB | SE = 2.687 bit/s/Hz
[25205 ms] [UE 12169] UL: SNR = 63.50 dB | SE = 20.778 bit/s/Hz
[25205 ms] [UE 22873] UL: SNR = 63.50 dB | SE = 20.778 bit/s/Hz
[25205 ms] [UE 30556] UL: SNR = 7.50 dB | SE = 2.687 bit/s/Hz
[25205 ms] [UE 20945] UL: SNR = 63.50 dB | SE = 20.778 bit/s/Hz
[25252 ms] [UE 45898] UL: SNR = 63.50 dB | SE = 20.778 bit/s/Hz
[25252 ms] [UE 36997] UL: SNR = 63.50 dB | SE = 20.778 bit/s/Hz
[25252 ms] [UE 48787] UL: SNR = 63.50 dB | SE = 20.778 bit/s/Hz
[25252 ms] [UE 40252] UL: SNR = 56.00 dB | SE = 18.324 bit/s/Hz
[25252 ms] [UE 15599] UL: SNR = 52.50 dB | SE = 17.179 bit/s/Hz
[25314 ms] [UE 33952] UL: SNR = 7.50 dB | SE = 2.687 bit/s/Hz
[25314 ms] [UE 12169] UL: SNR = 63.50 dB | SE = 20.778 bit/s/Hz
[25314 ms] [UE 22873] UL: SNR = 63.50 dB | SE = 20.778 bit/s/Hz
[25314 ms] [UE 30556] UL: SNR = 7.50 dB | SE = 2.687 bit/s/Hz
[25314 ms] [UE 20945] UL: SNR = 63.50 dB | SE = 20.778 bit/s/Hz
[25363 ms] [UE 45898] UL: SNR = 63.50 dB | SE = 20.778 bit/s/Hz
[25363 ms] [UE 36997] UL: SNR = 63.50 dB | SE = 20.778 bit/s/Hz
[25363 ms] [UE 48787] UL: SNR = 63.50 dB | SE = 20.778 bit/s/Hz
[25363 ms] [UE 40252] UL: SNR = 56.00 dB | SE = 18.324 bit/s/Hz
[25363 ms] [UE 15599] UL: SNR = 52.50 dB | SE = 17.179 bit/s/Hz
[25415 ms] [UE 33952] UL: SNR = 7.50 dB | SE = 2.687 bit/s/Hz
[25415 ms] [UE 12169] UL: SNR = 63.50 dB | SE = 20.778 bit/s/Hz
[25415 ms] [UE 22873] UL: SNR = 63.50 dB | SE = 20.778 bit/s/Hz
[25415 ms] [UE 30556] UL: SNR = 7.50 dB | SE = 2.687 bit/s/Hz
[25415 ms] [UE 20945] UL: SNR = 63.50 dB | SE = 20.778 bit/s/Hz
[25473 ms] [UE 45898] UL: SNR = 63.50 dB | SE = 20.778 bit/s/Hz
[25473 ms] [UE 36997] UL: SNR = 63.50 dB | SE = 20.778 bit/s/Hz
[25473 ms] [UE 48787] UL: SNR = 63.50 dB | SE = 20.778 bit/s/Hz
[25473 ms] [UE 40252] UL: SNR = 56.00 dB | SE = 18.324 bit/s/Hz
[25473 ms] [UE 15599] UL: SNR = 52.50 dB | SE = 17.179 bit/s/Hz
[25524 ms] [UE 33952] UL: SNR = 7.50 dB | SE = 2.687 bit/s/Hz
[25524 ms] [UE 12169] UL: SNR = 63.50 dB | SE = 20.778 bit/s/Hz
[25524 ms] [UE 22873] UL: SNR = 63.50 dB | SE = 20.778 bit/s/Hz
[25524 ms] [UE 30556] UL: SNR = 7.50 dB | SE = 2.687 bit/s/Hz
[25524 ms] [UE 20945] UL: SNR = 63.50 dB | SE = 20.778 bit/s/Hz
[25582 ms] [UE 45898] UL: SNR = 63.50 dB | SE = 20.778 bit/s/Hz
[25582 ms] [UE 36997] UL: SNR = 63.50 dB | SE = 20.778 bit/s/Hz
[25582 ms] [UE 48787] UL: SNR = 63.50 dB | SE = 20.778 bit/s/Hz
[25582 ms] [UE 40252] UL: SNR = 56.00 dB | SE = 18.324 bit/s/Hz
[25582 ms] [UE 15599] UL: SNR = 52.50 dB | SE = 17.179 bit/s/Hz
[25635 ms] [UE 33952] UL: SNR = 7.50 dB | SE = 2.687 bit/s/Hz
[25635 ms] [UE 12169] UL: SNR = 63.50 dB | SE = 20.778 bit/s/Hz
[25635 ms] [UE 22873] UL: SNR = 63.50 dB | SE = 20.778 bit/s/Hz
[25635 ms] [UE 30556] UL: SNR = 7.50 dB | SE = 2.687 bit/s/Hz
[25635 ms] [UE 20945] UL: SNR = 63.50 dB | SE = 20.778 bit/s/Hz
[25683 ms] [UE 45898] UL: SNR = 63.50 dB | SE = 20.778 bit/s/Hz
[25683 ms] [UE 36997] UL: SNR = 63.50 dB | SE = 20.778 bit/s/Hz
[25683 ms] [UE 48787] UL: SNR = 63.50 dB | SE = 20.778 bit/s/Hz
[25683 ms] [UE 40252] UL: SNR = 56.00 dB | SE = 18.324 bit/s/Hz
[25683 ms] [UE 15599] UL: SNR = 52.50 dB | SE = 17.179 bit/s/Hz
[25744 ms] [UE 33952] UL: SNR = 7.50 dB | SE = 2.687 bit/s/Hz
[25744 ms] [UE 12169] UL: SNR = 63.50 dB | SE = 20.778 bit/s/Hz
[25744 ms] [UE 22873] UL: SNR = 63.50 dB | SE = 20.778 bit/s/Hz
[25744 ms] [UE 30556] UL: SNR = 53.50 dB | SE = 17.506 bit/s/Hz
[25744 ms] [UE 20945] UL: SNR = 63.50 dB | SE = 20.778 bit/s/Hz
[25793 ms] [UE 45898] UL: SNR = 63.50 dB | SE = 20.778 bit/s/Hz
[25793 ms] [UE 36997] UL: SNR = 63.50 dB | SE = 20.778 bit/s/Hz
[25793 ms] [UE 48787] UL: SNR = 63.50 dB | SE = 20.778 bit/s/Hz
[25793 ms] [UE 40252] UL: SNR = 56.00 dB | SE = 18.324 bit/s/Hz
[25793 ms] [UE 15599] UL: SNR = 52.50 dB | SE = 17.179 bit/s/Hz
[25844 ms] [UE 33952] UL: SNR = 7.50 dB | SE = 2.687 bit/s/Hz
[25844 ms] [UE 12169] UL: SNR = 63.50 dB | SE = 20.778 bit/s/Hz
[25844 ms] [UE 22873] UL: SNR = 63.50 dB | SE = 20.778 bit/s/Hz
[25844 ms] [UE 30556] UL: SNR = 53.50 dB | SE = 17.506 bit/s/Hz
[25844 ms] [UE 20945] UL: SNR = 63.50 dB | SE = 20.778 bit/s/Hz
[25893 ms] [UE 45898] UL: SNR = 63.50 dB | SE = 20.778 bit/s/Hz
[25893 ms] [UE 36997] UL: SNR = 63.50 dB | SE = 20.778 bit/s/Hz
[25893 ms] [UE 48787] UL: SNR = 63.50 dB | SE = 20.778 bit/s/Hz
[25893 ms] [UE 40252] UL: SNR = 56.00 dB | SE = 18.324 bit/s/Hz
[25893 ms] [UE 15599] UL: SNR = 52.50 dB | SE = 17.179 bit/s/Hz
[25944 ms] [UE 33952] UL: SNR = 7.50 dB | SE = 2.687 bit/s/Hz
[25944 ms] [UE 12169] UL: SNR = 63.50 dB | SE = 20.778 bit/s/Hz
[25944 ms] [UE 22873] UL: SNR = 63.50 dB | SE = 20.778 bit/s/Hz
[25944 ms] [UE 30556] UL: SNR = 54.00 dB | SE = 17.669 bit/s/Hz
[25944 ms] [UE 20945] UL: SNR = 63.50 dB | SE = 20.778 bit/s/Hz
[26002 ms] [UE 45898] UL: SNR = 63.50 dB | SE = 20.778 bit/s/Hz
[26002 ms] [UE 36997] UL: SNR = 63.50 dB | SE = 20.778 bit/s/Hz
[26002 ms] [UE 48787] UL: SNR = 63.50 dB | SE = 20.778 bit/s/Hz
[26002 ms] [UE 40252] UL: SNR = 56.00 dB | SE = 18.324 bit/s/Hz
[26002 ms] [UE 15599] UL: SNR = 52.50 dB | SE = 17.179 bit/s/Hz
[26044 ms] [UE 33952] UL: SNR = 7.50 dB | SE = 2.687 bit/s/Hz
[26044 ms] [UE 12169] UL: SNR = 63.50 dB | SE = 20.778 bit/s/Hz
[26044 ms] [UE 22873] UL: SNR = 63.50 dB | SE = 20.778 bit/s/Hz
[26044 ms] [UE 30556] UL: SNR = 54.00 dB | SE = 17.669 bit/s/Hz
[26044 ms] [UE 20945] UL: SNR = 63.50 dB | SE = 20.778 bit/s/Hz
[26103 ms] [UE 45898] UL: SNR = 63.50 dB | SE = 20.778 bit/s/Hz
[26103 ms] [UE 36997] UL: SNR = 63.50 dB | SE = 20.778 bit/s/Hz
[26103 ms] [UE 48787] UL: SNR = 63.50 dB | SE = 20.778 bit/s/Hz
[26103 ms] [UE 40252] UL: SNR = 56.00 dB | SE = 18.324 bit/s/Hz
[26103 ms] [UE 15599] UL: SNR = 52.50 dB | SE = 17.179 bit/s/Hz
[26145 ms] [UE 33952] UL: SNR = 7.50 dB | SE = 2.687 bit/s/Hz
[26145 ms] [UE 12169] UL: SNR = 63.50 dB | SE = 20.778 bit/s/Hz
[26145 ms] [UE 22873] UL: SNR = 63.50 dB | SE = 20.778 bit/s/Hz
[26145 ms] [UE 30556] UL: SNR = 63.50 dB | SE = 20.778 bit/s/Hz
[26145 ms] [UE 20945] UL: SNR = 63.50 dB | SE = 20.778 bit/s/Hz
[26213 ms] [UE 45898] UL: SNR = 63.50 dB | SE = 20.778 bit/s/Hz
[26213 ms] [UE 36997] UL: SNR = 63.50 dB | SE = 20.778 bit/s/Hz
[26213 ms] [UE 48787] UL: SNR = 63.50 dB | SE = 20.778 bit/s/Hz
[26213 ms] [UE 40252] UL: SNR = 56.00 dB | SE = 18.324 bit/s/Hz
[26213 ms] [UE 15599] UL: SNR = 52.50 dB | SE = 17.179 bit/s/Hz
[26255 ms] [UE 33952] UL: SNR = 63.50 dB | SE = 20.778 bit/s/Hz
[26255 ms] [UE 12169] UL: SNR = 63.50 dB | SE = 20.778 bit/s/Hz
[26255 ms] [UE 22873] UL: SNR = 63.50 dB | SE = 20.778 bit/s/Hz
[26255 ms] [UE 30556] UL: SNR = 63.50 dB | SE = 20.778 bit/s/Hz
[26255 ms] [UE 20945] UL: SNR = 63.50 dB | SE = 20.778 bit/s/Hz
[26325 ms] [UE 45898] UL: SNR = 63.50 dB | SE = 20.778 bit/s/Hz
[26325 ms] [UE 36997] UL: SNR = 63.50 dB | SE = 20.778 bit/s/Hz
[26325 ms] [UE 48787] UL: SNR = 63.50 dB | SE = 20.778 bit/s/Hz
[26325 ms] [UE 40252] UL: SNR = 56.00 dB | SE = 18.324 bit/s/Hz
[26325 ms] [UE 15599] UL: SNR = 52.50 dB | SE = 17.179 bit/s/Hz
[26364 ms] [UE 33952] UL: SNR = 63.50 dB | SE = 20.778 bit/s/Hz
[26364 ms] [UE 12169] UL: SNR = 63.50 dB | SE = 20.778 bit/s/Hz
[26364 ms] [UE 22873] UL: SNR = 63.50 dB | SE = 20.778 bit/s/Hz
[26364 ms] [UE 30556] UL: SNR = 63.50 dB | SE = 20.778 bit/s/Hz
[26364 ms] [UE 20945] UL: SNR = 63.50 dB | SE = 20.778 bit/s/Hz
[26433 ms] [UE 45898] UL: SNR = 63.50 dB | SE = 20.778 bit/s/Hz
[26433 ms] [UE 36997] UL: SNR = 63.50 dB | SE = 20.778 bit/s/Hz
[26433 ms] [UE 48787] UL: SNR = 63.50 dB | SE = 20.778 bit/s/Hz
[26433 ms] [UE 40252] UL: SNR = 56.00 dB | SE = 18.324 bit/s/Hz
[26433 ms] [UE 15599] UL: SNR = 52.50 dB | SE = 17.179 bit/s/Hz
[26465 ms] [UE 33952] UL: SNR = 63.50 dB | SE = 20.778 bit/s/Hz
[26465 ms] [UE 12169] UL: SNR = 63.50 dB | SE = 20.778 bit/s/Hz
[26465 ms] [UE 22873] UL: SNR = 63.50 dB | SE = 20.778 bit/s/Hz
[26465 ms] [UE 30556] UL: SNR = 54.00 dB | SE = 17.669 bit/s/Hz
[26465 ms] [UE 20945] UL: SNR = 63.50 dB | SE = 20.778 bit/s/Hz
[26542 ms] [UE 45898] UL: SNR = 63.50 dB | SE = 20.778 bit/s/Hz
[26542 ms] [UE 36997] UL: SNR = 63.50 dB | SE = 20.778 bit/s/Hz
[26542 ms] [UE 48787] UL: SNR = 63.50 dB | SE = 20.778 bit/s/Hz
[26542 ms] [UE 40252] UL: SNR = 56.00 dB | SE = 18.324 bit/s/Hz
[26542 ms] [UE 15599] UL: SNR = 52.50 dB | SE = 17.179 bit/s/Hz
[26567 ms] [UE 33952] UL: SNR = 63.50 dB | SE = 20.778 bit/s/Hz
[26567 ms] [UE 12169] UL: SNR = 63.50 dB | SE = 20.778 bit/s/Hz
[26567 ms] [UE 22873] UL: SNR = 63.50 dB | SE = 20.778 bit/s/Hz
[26567 ms] [UE 30556] UL: SNR = 54.00 dB | SE = 17.669 bit/s/Hz
[26567 ms] [UE 20945] UL: SNR = 63.50 dB | SE = 20.778 bit/s/Hz
[26643 ms] [UE 45898] UL: SNR = 63.50 dB | SE = 20.778 bit/s/Hz
[26643 ms] [UE 36997] UL: SNR = 63.50 dB | SE = 20.778 bit/s/Hz
[26643 ms] [UE 48787] UL: SNR = 63.50 dB | SE = 20.778 bit/s/Hz
[26643 ms] [UE 40252] UL: SNR = 56.00 dB | SE = 18.324 bit/s/Hz
[26643 ms] [UE 15599] UL: SNR = 52.50 dB | SE = 17.179 bit/s/Hz
[26675 ms] [UE 33952] UL: SNR = 63.50 dB | SE = 20.778 bit/s/Hz
[26675 ms] [UE 12169] UL: SNR = 63.50 dB | SE = 20.778 bit/s/Hz
[26675 ms] [UE 22873] UL: SNR = 63.50 dB | SE = 20.778 bit/s/Hz
[26675 ms] [UE 30556] UL: SNR = 63.50 dB | SE = 20.778 bit/s/Hz
[26675 ms] [UE 20945] UL: SNR = 63.50 dB | SE = 20.778 bit/s/Hz
[26752 ms] [UE 45898] UL: SNR = 63.50 dB | SE = 20.778 bit/s/Hz
[26752 ms] [UE 36997] UL: SNR = 63.50 dB | SE = 20.778 bit/s/Hz
[26752 ms] [UE 48787] UL: SNR = 63.50 dB | SE = 20.778 bit/s/Hz
[26752 ms] [UE 40252] UL: SNR = 56.00 dB | SE = 18.324 bit/s/Hz
[26752 ms] [UE 15599] UL: SNR = 52.50 dB | SE = 17.179 bit/s/Hz
[26775 ms] [UE 33952] UL: SNR = 63.50 dB | SE = 20.778 bit/s/Hz
[26775 ms] [UE 12169] UL: SNR = 63.50 dB | SE = 20.778 bit/s/Hz
[26775 ms] [UE 22873] UL: SNR = 63.50 dB | SE = 20.778 bit/s/Hz
[26775 ms] [UE 30556] UL: SNR = 63.50 dB | SE = 20.778 bit/s/Hz
[26775 ms] [UE 20945] UL: SNR = 63.50 dB | SE = 20.778 bit/s/Hz
[26853 ms] [UE 45898] UL: SNR = 63.50 dB | SE = 20.778 bit/s/Hz
[26853 ms] [UE 36997] UL: SNR = 63.50 dB | SE = 20.778 bit/s/Hz
[26853 ms] [UE 48787] UL: SNR = 63.50 dB | SE = 20.778 bit/s/Hz
[26853 ms] [UE 40252] UL: SNR = 56.00 dB | SE = 18.324 bit/s/Hz
[26853 ms] [UE 15599] UL: SNR = 52.50 dB | SE = 17.179 bit/s/Hz
[26885 ms] [UE 33952] UL: SNR = 63.50 dB | SE = 20.778 bit/s/Hz
[26885 ms] [UE 12169] UL: SNR = 63.50 dB | SE = 20.778 bit/s/Hz
[26885 ms] [UE 22873] UL: SNR = 63.50 dB | SE = 20.778 bit/s/Hz
[26885 ms] [UE 30556] UL: SNR = 63.50 dB | SE = 20.778 bit/s/Hz
[26885 ms] [UE 20945] UL: SNR = 63.50 dB | SE = 20.778 bit/s/Hz
[26963 ms] [UE 45898] UL: SNR = 63.50 dB | SE = 20.778 bit/s/Hz
[26963 ms] [UE 36997] UL: SNR = 63.50 dB | SE = 20.778 bit/s/Hz
[26963 ms] [UE 48787] UL: SNR = 63.50 dB | SE = 20.778 bit/s/Hz
[26963 ms] [UE 40252] UL: SNR = 56.00 dB | SE = 18.324 bit/s/Hz
[26963 ms] [UE 15599] UL: SNR = 52.50 dB | SE = 17.179 bit/s/Hz
[26994 ms] [UE 33952] UL: SNR = 63.50 dB | SE = 20.778 bit/s/Hz
[26994 ms] [UE 12169] UL: SNR = 63.50 dB | SE = 20.778 bit/s/Hz
[26994 ms] [UE 22873] UL: SNR = 63.50 dB | SE = 20.778 bit/s/Hz
[26994 ms] [UE 30556] UL: SNR = 63.50 dB | SE = 20.778 bit/s/Hz
[26994 ms] [UE 20945] UL: SNR = 63.50 dB | SE = 20.778 bit/s/Hz
[27073 ms] [UE 45898] UL: SNR = 63.50 dB | SE = 20.778 bit/s/Hz
[27073 ms] [UE 36997] UL: SNR = 63.50 dB | SE = 20.778 bit/s/Hz
[27073 ms] [UE 48787] UL: SNR = 63.50 dB | SE = 20.778 bit/s/Hz
[27073 ms] [UE 40252] UL: SNR = 56.00 dB | SE = 18.324 bit/s/Hz
[27073 ms] [UE 15599] UL: SNR = 52.50 dB | SE = 17.179 bit/s/Hz
[27104 ms] [UE 33952] UL: SNR = 63.50 dB | SE = 20.778 bit/s/Hz
[27104 ms] [UE 12169] UL: SNR = 63.50 dB | SE = 20.778 bit/s/Hz
[27104 ms] [UE 22873] UL: SNR = 63.50 dB | SE = 20.778 bit/s/Hz
[27104 ms] [UE 30556] UL: SNR = 63.50 dB | SE = 20.778 bit/s/Hz
[27104 ms] [UE 20945] UL: SNR = 63.50 dB | SE = 20.778 bit/s/Hz
[27182 ms] [UE 45898] UL: SNR = 63.50 dB | SE = 20.778 bit/s/Hz
[27182 ms] [UE 36997] UL: SNR = 63.50 dB | SE = 20.778 bit/s/Hz
[27182 ms] [UE 48787] UL: SNR = 63.50 dB | SE = 20.778 bit/s/Hz
[27182 ms] [UE 40252] UL: SNR = 56.00 dB | SE = 18.324 bit/s/Hz
[27182 ms] [UE 15599] UL: SNR = 52.50 dB | SE = 17.179 bit/s/Hz
[27204 ms] [UE 33952] UL: SNR = 63.50 dB | SE = 20.778 bit/s/Hz
[27204 ms] [UE 12169] UL: SNR = 63.50 dB | SE = 20.778 bit/s/Hz
[27204 ms] [UE 22873] UL: SNR = 63.50 dB | SE = 20.778 bit/s/Hz
[27204 ms] [UE 30556] UL: SNR = 63.50 dB | SE = 20.778 bit/s/Hz
[27204 ms] [UE 20945] UL: SNR = 63.50 dB | SE = 20.778 bit/s/Hz
[27283 ms] [UE 45898] UL: SNR = 63.50 dB | SE = 20.778 bit/s/Hz
[27283 ms] [UE 36997] UL: SNR = 63.50 dB | SE = 20.778 bit/s/Hz
[27283 ms] [UE 48787] UL: SNR = 63.50 dB | SE = 20.778 bit/s/Hz
[27283 ms] [UE 40252] UL: SNR = 56.00 dB | SE = 18.324 bit/s/Hz
[27283 ms] [UE 15599] UL: SNR = 52.50 dB | SE = 17.179 bit/s/Hz
[27305 ms] [UE 33952] UL: SNR = 63.50 dB | SE = 20.778 bit/s/Hz
[27305 ms] [UE 12169] UL: SNR = 63.50 dB | SE = 20.778 bit/s/Hz
[27305 ms] [UE 22873] UL: SNR = 63.50 dB | SE = 20.778 bit/s/Hz
[27305 ms] [UE 30556] UL: SNR = 63.50 dB | SE = 20.778 bit/s/Hz
[27305 ms] [UE 20945] UL: SNR = 63.50 dB | SE = 20.778 bit/s/Hz
[27383 ms] [UE 45898] UL: SNR = 63.50 dB | SE = 20.778 bit/s/Hz
[27383 ms] [UE 36997] UL: SNR = 63.50 dB | SE = 20.778 bit/s/Hz
[27383 ms] [UE 48787] UL: SNR = 63.50 dB | SE = 20.778 bit/s/Hz
[27383 ms] [UE 40252] UL: SNR = 56.00 dB | SE = 18.324 bit/s/Hz
[27383 ms] [UE 15599] UL: SNR = 52.50 dB | SE = 17.179 bit/s/Hz
[27407 ms] [UE 33952] UL: SNR = 63.50 dB | SE = 20.778 bit/s/Hz
[27407 ms] [UE 12169] UL: SNR = 63.50 dB | SE = 20.778 bit/s/Hz
[27407 ms] [UE 22873] UL: SNR = 63.50 dB | SE = 20.778 bit/s/Hz
[27407 ms] [UE 30556] UL: SNR = 63.50 dB | SE = 20.778 bit/s/Hz
[27407 ms] [UE 20945] UL: SNR = 63.50 dB | SE = 20.778 bit/s/Hz
[27493 ms] [UE 45898] UL: SNR = 63.50 dB | SE = 20.778 bit/s/Hz
[27493 ms] [UE 36997] UL: SNR = 63.50 dB | SE = 20.778 bit/s/Hz
[27493 ms] [UE 48787] UL: SNR = 63.50 dB | SE = 20.778 bit/s/Hz
[27493 ms] [UE 40252] UL: SNR = 56.00 dB | SE = 18.324 bit/s/Hz
[27493 ms] [UE 15599] UL: SNR = 52.50 dB | SE = 17.179 bit/s/Hz
[27515 ms] [UE 33952] UL: SNR = 63.50 dB | SE = 20.778 bit/s/Hz
[27515 ms] [UE 12169] UL: SNR = 63.50 dB | SE = 20.778 bit/s/Hz
[27515 ms] [UE 22873] UL: SNR = 63.50 dB | SE = 20.778 bit/s/Hz
[27515 ms] [UE 30556] UL: SNR = 63.50 dB | SE = 20.778 bit/s/Hz
[27515 ms] [UE 20945] UL: SNR = 63.50 dB | SE = 20.778 bit/s/Hz
[27603 ms] [UE 45898] UL: SNR = 63.50 dB | SE = 20.778 bit/s/Hz
[27603 ms] [UE 36997] UL: SNR = 63.50 dB | SE = 20.778 bit/s/Hz
[27603 ms] [UE 48787] UL: SNR = 63.50 dB | SE = 20.778 bit/s/Hz
[27603 ms] [UE 40252] UL: SNR = 56.00 dB | SE = 18.324 bit/s/Hz
[27603 ms] [UE 15599] UL: SNR = 52.50 dB | SE = 17.179 bit/s/Hz
[27624 ms] [UE 33952] UL: SNR = 63.50 dB | SE = 20.778 bit/s/Hz
[27624 ms] [UE 12169] UL: SNR = 63.50 dB | SE = 20.778 bit/s/Hz
[27624 ms] [UE 22873] UL: SNR = 63.50 dB | SE = 20.778 bit/s/Hz
[27624 ms] [UE 30556] UL: SNR = 63.50 dB | SE = 20.778 bit/s/Hz
[27624 ms] [UE 20945] UL: SNR = 63.50 dB | SE = 20.778 bit/s/Hz
[27713 ms] [UE 45898] UL: SNR = 63.50 dB | SE = 20.778 bit/s/Hz
[27713 ms] [UE 36997] UL: SNR = 63.50 dB | SE = 20.778 bit/s/Hz
[27713 ms] [UE 48787] UL: SNR = 63.50 dB | SE = 20.778 bit/s/Hz
[27713 ms] [UE 40252] UL: SNR = 56.00 dB | SE = 18.324 bit/s/Hz
[27713 ms] [UE 15599] UL: SNR = 52.50 dB | SE = 17.179 bit/s/Hz
[27725 ms] [UE 33952] UL: SNR = 63.50 dB | SE = 20.778 bit/s/Hz
[27725 ms] [UE 12169] UL: SNR = 63.50 dB | SE = 20.778 bit/s/Hz
[27725 ms] [UE 22873] UL: SNR = 63.50 dB | SE = 20.778 bit/s/Hz
[27725 ms] [UE 30556] UL: SNR = 63.50 dB | SE = 20.778 bit/s/Hz
[27725 ms] [UE 20945] UL: SNR = 63.50 dB | SE = 20.778 bit/s/Hz
[27813 ms] [UE 45898] UL: SNR = 63.50 dB | SE = 20.778 bit/s/Hz
[27813 ms] [UE 36997] UL: SNR = 63.50 dB | SE = 20.778 bit/s/Hz
[27813 ms] [UE 48787] UL: SNR = 63.50 dB | SE = 20.778 bit/s/Hz
[27813 ms] [UE 40252] UL: SNR = 56.00 dB | SE = 18.324 bit/s/Hz
[27813 ms] [UE 15599] UL: SNR = 52.50 dB | SE = 17.179 bit/s/Hz
[27826 ms] [UE 33952] UL: SNR = 63.50 dB | SE = 20.778 bit/s/Hz
[27826 ms] [UE 12169] UL: SNR = 63.50 dB | SE = 20.778 bit/s/Hz
[27826 ms] [UE 22873] UL: SNR = 63.50 dB | SE = 20.778 bit/s/Hz
[27826 ms] [UE 30556] UL: SNR = 63.50 dB | SE = 20.778 bit/s/Hz
[27826 ms] [UE 20945] UL: SNR = 63.50 dB | SE = 20.778 bit/s/Hz
[27922 ms] [UE 45898] UL: SNR = 63.50 dB | SE = 20.778 bit/s/Hz
[27922 ms] [UE 36997] UL: SNR = 63.50 dB | SE = 20.778 bit/s/Hz
[27922 ms] [UE 48787] UL: SNR = 63.50 dB | SE = 20.778 bit/s/Hz
[27922 ms] [UE 40252] UL: SNR = 56.00 dB | SE = 18.324 bit/s/Hz
[27922 ms] [UE 15599] UL: SNR = 52.50 dB | SE = 17.179 bit/s/Hz
[27935 ms] [UE 33952] UL: SNR = 63.50 dB | SE = 20.778 bit/s/Hz
[27935 ms] [UE 12169] UL: SNR = 63.50 dB | SE = 20.778 bit/s/Hz
[27935 ms] [UE 22873] UL: SNR = 63.50 dB | SE = 20.778 bit/s/Hz
[27935 ms] [UE 30556] UL: SNR = 63.50 dB | SE = 20.778 bit/s/Hz
[27935 ms] [UE 20945] UL: SNR = 63.50 dB | SE = 20.778 bit/s/Hz
[28032 ms] [UE 45898] UL: SNR = 63.50 dB | SE = 20.778 bit/s/Hz
[28032 ms] [UE 36997] UL: SNR = 63.50 dB | SE = 20.778 bit/s/Hz
[28032 ms] [UE 48787] UL: SNR = 63.50 dB | SE = 20.778 bit/s/Hz
[28032 ms] [UE 40252] UL: SNR = 56.00 dB | SE = 18.324 bit/s/Hz
[28032 ms] [UE 15599] UL: SNR = 52.50 dB | SE = 17.179 bit/s/Hz
[28045 ms] [UE 33952] UL: SNR = 63.50 dB | SE = 20.778 bit/s/Hz
[28045 ms] [UE 12169] UL: SNR = 63.50 dB | SE = 20.778 bit/s/Hz
[28045 ms] [UE 22873] UL: SNR = 63.50 dB | SE = 20.778 bit/s/Hz
[28045 ms] [UE 30556] UL: SNR = 63.50 dB | SE = 20.778 bit/s/Hz
[28045 ms] [UE 20945] UL: SNR = 63.50 dB | SE = 20.778 bit/s/Hz
[28133 ms] [UE 45898] UL: SNR = 63.50 dB | SE = 20.778 bit/s/Hz
[28133 ms] [UE 36997] UL: SNR = 63.50 dB | SE = 20.778 bit/s/Hz
[28133 ms] [UE 48787] UL: SNR = 63.50 dB | SE = 20.778 bit/s/Hz
[28133 ms] [UE 40252] UL: SNR = 56.00 dB | SE = 18.324 bit/s/Hz
[28133 ms] [UE 15599] UL: SNR = 52.50 dB | SE = 17.179 bit/s/Hz
[28155 ms] [UE 33952] UL: SNR = 63.50 dB | SE = 20.778 bit/s/Hz
[28155 ms] [UE 12169] UL: SNR = 63.50 dB | SE = 20.778 bit/s/Hz
[28155 ms] [UE 22873] UL: SNR = 63.50 dB | SE = 20.778 bit/s/Hz
[28155 ms] [UE 30556] UL: SNR = 63.50 dB | SE = 20.778 bit/s/Hz
[28155 ms] [UE 20945] UL: SNR = 63.50 dB | SE = 20.778 bit/s/Hz
[28243 ms] [UE 45898] UL: SNR = 63.50 dB | SE = 20.778 bit/s/Hz
[28243 ms] [UE 36997] UL: SNR = 63.50 dB | SE = 20.778 bit/s/Hz
[28243 ms] [UE 48787] UL: SNR = 63.50 dB | SE = 20.778 bit/s/Hz
[28243 ms] [UE 40252] UL: SNR = 56.00 dB | SE = 18.324 bit/s/Hz
[28243 ms] [UE 15599] UL: SNR = 52.50 dB | SE = 17.179 bit/s/Hz
[28255 ms] [UE 33952] UL: SNR = 63.50 dB | SE = 20.778 bit/s/Hz
[28255 ms] [UE 12169] UL: SNR = 63.50 dB | SE = 20.778 bit/s/Hz
[28255 ms] [UE 22873] UL: SNR = 63.50 dB | SE = 20.778 bit/s/Hz
[28255 ms] [UE 30556] UL: SNR = 63.50 dB | SE = 20.778 bit/s/Hz
[28255 ms] [UE 20945] UL: SNR = 63.50 dB | SE = 20.778 bit/s/Hz
[28343 ms] [UE 45898] UL: SNR = 63.50 dB | SE = 20.778 bit/s/Hz
[28343 ms] [UE 36997] UL: SNR = 63.50 dB | SE = 20.778 bit/s/Hz
[28343 ms] [UE 48787] UL: SNR = 63.50 dB | SE = 20.778 bit/s/Hz
[28343 ms] [UE 40252] UL: SNR = 56.00 dB | SE = 18.324 bit/s/Hz
[28343 ms] [UE 15599] UL: SNR = 52.50 dB | SE = 17.179 bit/s/Hz
[28364 ms] [UE 33952] UL: SNR = 63.50 dB | SE = 20.778 bit/s/Hz
[28364 ms] [UE 12169] UL: SNR = 63.50 dB | SE = 20.778 bit/s/Hz
[28364 ms] [UE 22873] UL: SNR = 63.50 dB | SE = 20.778 bit/s/Hz
[28364 ms] [UE 30556] UL: SNR = 63.50 dB | SE = 20.778 bit/s/Hz
[28364 ms] [UE 20945] UL: SNR = 63.50 dB | SE = 20.778 bit/s/Hz
[28443 ms] [UE 45898] UL: SNR = 63.50 dB | SE = 20.778 bit/s/Hz
[28443 ms] [UE 36997] UL: SNR = 63.50 dB | SE = 20.778 bit/s/Hz
[28443 ms] [UE 48787] UL: SNR = 63.50 dB | SE = 20.778 bit/s/Hz
[28443 ms] [UE 40252] UL: SNR = 56.00 dB | SE = 18.324 bit/s/Hz
[28443 ms] [UE 15599] UL: SNR = 52.50 dB | SE = 17.179 bit/s/Hz
[28475 ms] [UE 33952] UL: SNR = 63.50 dB | SE = 20.778 bit/s/Hz
[28475 ms] [UE 12169] UL: SNR = 63.50 dB | SE = 20.778 bit/s/Hz
[28475 ms] [UE 22873] UL: SNR = 63.50 dB | SE = 20.778 bit/s/Hz
[28475 ms] [UE 30556] UL: SNR = 63.50 dB | SE = 20.778 bit/s/Hz
[28475 ms] [UE 20945] UL: SNR = 63.50 dB | SE = 20.778 bit/s/Hz
[28553 ms] [UE 45898] UL: SNR = 63.50 dB | SE = 20.778 bit/s/Hz
[28553 ms] [UE 36997] UL: SNR = 63.50 dB | SE = 20.778 bit/s/Hz
[28553 ms] [UE 48787] UL: SNR = 63.50 dB | SE = 20.778 bit/s/Hz
[28553 ms] [UE 40252] UL: SNR = 56.00 dB | SE = 18.324 bit/s/Hz
[28553 ms] [UE 15599] UL: SNR = 52.50 dB | SE = 17.179 bit/s/Hz
[28575 ms] [UE 33952] UL: SNR = 63.50 dB | SE = 20.778 bit/s/Hz
[28575 ms] [UE 12169] UL: SNR = 63.50 dB | SE = 20.778 bit/s/Hz
[28575 ms] [UE 22873] UL: SNR = 63.50 dB | SE = 20.778 bit/s/Hz
[28575 ms] [UE 30556] UL: SNR = 63.50 dB | SE = 20.778 bit/s/Hz
[28575 ms] [UE 20945] UL: SNR = 63.50 dB | SE = 20.778 bit/s/Hz
[28663 ms] [UE 45898] UL: SNR = 63.50 dB | SE = 20.778 bit/s/Hz
[28663 ms] [UE 36997] UL: SNR = 63.50 dB | SE = 20.778 bit/s/Hz
[28663 ms] [UE 48787] UL: SNR = 63.50 dB | SE = 20.778 bit/s/Hz
[28663 ms] [UE 40252] UL: SNR = 56.00 dB | SE = 18.324 bit/s/Hz
[28663 ms] [UE 15599] UL: SNR = 52.50 dB | SE = 17.179 bit/s/Hz
[28684 ms] [UE 33952] UL: SNR = 63.50 dB | SE = 20.778 bit/s/Hz
[28684 ms] [UE 12169] UL: SNR = 63.50 dB | SE = 20.778 bit/s/Hz
[28684 ms] [UE 22873] UL: SNR = 63.50 dB | SE = 20.778 bit/s/Hz
[28684 ms] [UE 30556] UL: SNR = 63.50 dB | SE = 20.778 bit/s/Hz
[28684 ms] [UE 20945] UL: SNR = 63.50 dB | SE = 20.778 bit/s/Hz
[28763 ms] [UE 45898] UL: SNR = 63.50 dB | SE = 20.778 bit/s/Hz
[28763 ms] [UE 36997] UL: SNR = 63.50 dB | SE = 20.778 bit/s/Hz
[28763 ms] [UE 48787] UL: SNR = 63.50 dB | SE = 20.778 bit/s/Hz
[28763 ms] [UE 40252] UL: SNR = 56.00 dB | SE = 18.324 bit/s/Hz
[28763 ms] [UE 15599] UL: SNR = 52.50 dB | SE = 17.179 bit/s/Hz
[28784 ms] [UE 33952] UL: SNR = 63.50 dB | SE = 20.778 bit/s/Hz
[28784 ms] [UE 12169] UL: SNR = 63.50 dB | SE = 20.778 bit/s/Hz
[28784 ms] [UE 22873] UL: SNR = 63.50 dB | SE = 20.778 bit/s/Hz
[28784 ms] [UE 30556] UL: SNR = 63.50 dB | SE = 20.778 bit/s/Hz
[28784 ms] [UE 20945] UL: SNR = 63.50 dB | SE = 20.778 bit/s/Hz
[28863 ms] [UE 45898] UL: SNR = 63.50 dB | SE = 20.778 bit/s/Hz
[28863 ms] [UE 36997] UL: SNR = 63.50 dB | SE = 20.778 bit/s/Hz
[28863 ms] [UE 48787] UL: SNR = 63.50 dB | SE = 20.778 bit/s/Hz
[28863 ms] [UE 40252] UL: SNR = 56.00 dB | SE = 18.324 bit/s/Hz
[28863 ms] [UE 15599] UL: SNR = 52.50 dB | SE = 17.179 bit/s/Hz
[28885 ms] [UE 33952] UL: SNR = 63.50 dB | SE = 20.778 bit/s/Hz
[28885 ms] [UE 12169] UL: SNR = 63.50 dB | SE = 20.778 bit/s/Hz
[28885 ms] [UE 22873] UL: SNR = 63.50 dB | SE = 20.778 bit/s/Hz
[28885 ms] [UE 30556] UL: SNR = 7.50 dB | SE = 2.687 bit/s/Hz
[28885 ms] [UE 20945] UL: SNR = 63.50 dB | SE = 20.778 bit/s/Hz
[28973 ms] [UE 45898] UL: SNR = 63.50 dB | SE = 20.778 bit/s/Hz
[28973 ms] [UE 36997] UL: SNR = 63.50 dB | SE = 20.778 bit/s/Hz
[28973 ms] [UE 48787] UL: SNR = 63.50 dB | SE = 20.778 bit/s/Hz
[28973 ms] [UE 40252] UL: SNR = 56.00 dB | SE = 18.324 bit/s/Hz
[28973 ms] [UE 15599] UL: SNR = 52.50 dB | SE = 17.179 bit/s/Hz
[28994 ms] [UE 33952] UL: SNR = 63.50 dB | SE = 20.778 bit/s/Hz
[28994 ms] [UE 12169] UL: SNR = 63.50 dB | SE = 20.778 bit/s/Hz
[28994 ms] [UE 22873] UL: SNR = 63.50 dB | SE = 20.778 bit/s/Hz
[28994 ms] [UE 30556] UL: SNR = 7.50 dB | SE = 2.687 bit/s/Hz
[28994 ms] [UE 20945] UL: SNR = 63.50 dB | SE = 20.778 bit/s/Hz
[29083 ms] [UE 45898] UL: SNR = 63.50 dB | SE = 20.778 bit/s/Hz
[29083 ms] [UE 36997] UL: SNR = 63.50 dB | SE = 20.778 bit/s/Hz
[29083 ms] [UE 48787] UL: SNR = 63.50 dB | SE = 20.778 bit/s/Hz
[29083 ms] [UE 40252] UL: SNR = 56.00 dB | SE = 18.324 bit/s/Hz
[29083 ms] [UE 15599] UL: SNR = 52.50 dB | SE = 17.179 bit/s/Hz
[29094 ms] [UE 33952] UL: SNR = 63.50 dB | SE = 20.778 bit/s/Hz
[29094 ms] [UE 12169] UL: SNR = 63.50 dB | SE = 20.778 bit/s/Hz
[29094 ms] [UE 22873] UL: SNR = 63.50 dB | SE = 20.778 bit/s/Hz
[29094 ms] [UE 30556] UL: SNR = 7.50 dB | SE = 2.687 bit/s/Hz
[29094 ms] [UE 20945] UL: SNR = 63.50 dB | SE = 20.778 bit/s/Hz
[29183 ms] [UE 45898] UL: SNR = 63.50 dB | SE = 20.778 bit/s/Hz
[29183 ms] [UE 36997] UL: SNR = 63.50 dB | SE = 20.778 bit/s/Hz
[29183 ms] [UE 48787] UL: SNR = 63.50 dB | SE = 20.778 bit/s/Hz
[29183 ms] [UE 40252] UL: SNR = 56.00 dB | SE = 18.324 bit/s/Hz
[29183 ms] [UE 15599] UL: SNR = 52.50 dB | SE = 17.179 bit/s/Hz
[29195 ms] [UE 33952] UL: SNR = 63.50 dB | SE = 20.778 bit/s/Hz
[29195 ms] [UE 12169] UL: SNR = 63.50 dB | SE = 20.778 bit/s/Hz
[29195 ms] [UE 22873] UL: SNR = 63.50 dB | SE = 20.778 bit/s/Hz
[29195 ms] [UE 30556] UL: SNR = 7.50 dB | SE = 2.687 bit/s/Hz
[29195 ms] [UE 20945] UL: SNR = 63.50 dB | SE = 20.778 bit/s/Hz
[29292 ms] [UE 45898] UL: SNR = 63.50 dB | SE = 20.778 bit/s/Hz
[29292 ms] [UE 36997] UL: SNR = 63.50 dB | SE = 20.778 bit/s/Hz
[29292 ms] [UE 48787] UL: SNR = 63.50 dB | SE = 20.778 bit/s/Hz
[29292 ms] [UE 40252] UL: SNR = 56.00 dB | SE = 18.324 bit/s/Hz
[29292 ms] [UE 15599] UL: SNR = 52.50 dB | SE = 17.179 bit/s/Hz
[29304 ms] [UE 33952] UL: SNR = 63.50 dB | SE = 20.778 bit/s/Hz
[29304 ms] [UE 12169] UL: SNR = 63.50 dB | SE = 20.778 bit/s/Hz
[29304 ms] [UE 22873] UL: SNR = 63.50 dB | SE = 20.778 bit/s/Hz
[29304 ms] [UE 30556] UL: SNR = 7.50 dB | SE = 2.687 bit/s/Hz
[29304 ms] [UE 20945] UL: SNR = 63.50 dB | SE = 20.778 bit/s/Hz
[29393 ms] [UE 45898] UL: SNR = 63.50 dB | SE = 20.778 bit/s/Hz
[29393 ms] [UE 36997] UL: SNR = 63.50 dB | SE = 20.778 bit/s/Hz
[29393 ms] [UE 48787] UL: SNR = 63.50 dB | SE = 20.778 bit/s/Hz
[29393 ms] [UE 40252] UL: SNR = 56.00 dB | SE = 18.324 bit/s/Hz
[29393 ms] [UE 15599] UL: SNR = 52.50 dB | SE = 17.179 bit/s/Hz
[29415 ms] [UE 33952] UL: SNR = 63.50 dB | SE = 20.778 bit/s/Hz
[29415 ms] [UE 12169] UL: SNR = 63.50 dB | SE = 20.778 bit/s/Hz
[29415 ms] [UE 22873] UL: SNR = 63.50 dB | SE = 20.778 bit/s/Hz
[29415 ms] [UE 30556] UL: SNR = 7.50 dB | SE = 2.687 bit/s/Hz
[29415 ms] [UE 20945] UL: SNR = 63.50 dB | SE = 20.778 bit/s/Hz
[29493 ms] [UE 45898] UL: SNR = 63.50 dB | SE = 20.778 bit/s/Hz
[29493 ms] [UE 36997] UL: SNR = 63.50 dB | SE = 20.778 bit/s/Hz
[29493 ms] [UE 48787] UL: SNR = 63.50 dB | SE = 20.778 bit/s/Hz
[29493 ms] [UE 40252] UL: SNR = 56.00 dB | SE = 18.324 bit/s/Hz
[29493 ms] [UE 15599] UL: SNR = 52.50 dB | SE = 17.179 bit/s/Hz
[29524 ms] [UE 33952] UL: SNR = 63.50 dB | SE = 20.778 bit/s/Hz
[29524 ms] [UE 12169] UL: SNR = 63.50 dB | SE = 20.778 bit/s/Hz
[29524 ms] [UE 22873] UL: SNR = 63.50 dB | SE = 20.778 bit/s/Hz
[29524 ms] [UE 30556] UL: SNR = 7.50 dB | SE = 2.687 bit/s/Hz
[29524 ms] [UE 20945] UL: SNR = 63.50 dB | SE = 20.778 bit/s/Hz
[29603 ms] [UE 45898] UL: SNR = 63.50 dB | SE = 20.778 bit/s/Hz
[29603 ms] [UE 36997] UL: SNR = 63.50 dB | SE = 20.778 bit/s/Hz
[29603 ms] [UE 48787] UL: SNR = 63.50 dB | SE = 20.778 bit/s/Hz
[29603 ms] [UE 40252] UL: SNR = 56.00 dB | SE = 18.324 bit/s/Hz
[29603 ms] [UE 15599] UL: SNR = 52.50 dB | SE = 17.179 bit/s/Hz
[29637 ms] [UE 33952] UL: SNR = 63.50 dB | SE = 20.778 bit/s/Hz
[29637 ms] [UE 12169] UL: SNR = 63.50 dB | SE = 20.778 bit/s/Hz
[29637 ms] [UE 22873] UL: SNR = 63.50 dB | SE = 20.778 bit/s/Hz
[29637 ms] [UE 30556] UL: SNR = 53.50 dB | SE = 17.506 bit/s/Hz
[29637 ms] [UE 20945] UL: SNR = 63.50 dB | SE = 20.778 bit/s/Hz
[29712 ms] [UE 45898] UL: SNR = 63.50 dB | SE = 20.778 bit/s/Hz
[29712 ms] [UE 36997] UL: SNR = 63.50 dB | SE = 20.778 bit/s/Hz
[29712 ms] [UE 48787] UL: SNR = 63.50 dB | SE = 20.778 bit/s/Hz
[29712 ms] [UE 40252] UL: SNR = 56.00 dB | SE = 18.324 bit/s/Hz
[29712 ms] [UE 15599] UL: SNR = 52.50 dB | SE = 17.179 bit/s/Hz
[29737 ms] [UE 33952] UL: SNR = 63.50 dB | SE = 20.778 bit/s/Hz
[29737 ms] [UE 12169] UL: SNR = 63.50 dB | SE = 20.778 bit/s/Hz
[29737 ms] [UE 22873] UL: SNR = 63.50 dB | SE = 20.778 bit/s/Hz
[29737 ms] [UE 30556] UL: SNR = 53.50 dB | SE = 17.506 bit/s/Hz
[29737 ms] [UE 20945] UL: SNR = 63.50 dB | SE = 20.778 bit/s/Hz
[29812 ms] [UE 45898] UL: SNR = 63.50 dB | SE = 20.778 bit/s/Hz
[29812 ms] [UE 36997] UL: SNR = 63.50 dB | SE = 20.778 bit/s/Hz
[29812 ms] [UE 48787] UL: SNR = 63.50 dB | SE = 20.778 bit/s/Hz
[29812 ms] [UE 40252] UL: SNR = 56.00 dB | SE = 18.324 bit/s/Hz
[29812 ms] [UE 15599] UL: SNR = 52.50 dB | SE = 17.179 bit/s/Hz
[29844 ms] [UE 33952] UL: SNR = 63.50 dB | SE = 20.778 bit/s/Hz
[29844 ms] [UE 12169] UL: SNR = 63.50 dB | SE = 20.778 bit/s/Hz
[29844 ms] [UE 22873] UL: SNR = 63.50 dB | SE = 20.778 bit/s/Hz
[29844 ms] [UE 30556] UL: SNR = 53.50 dB | SE = 17.506 bit/s/Hz
[29844 ms] [UE 20945] UL: SNR = 63.50 dB | SE = 20.778 bit/s/Hz
[29913 ms] [UE 45898] UL: SNR = 63.50 dB | SE = 20.778 bit/s/Hz
[29913 ms] [UE 36997] UL: SNR = 63.50 dB | SE = 20.778 bit/s/Hz
[29913 ms] [UE 48787] UL: SNR = 63.50 dB | SE = 20.778 bit/s/Hz
[29913 ms] [UE 40252] UL: SNR = 56.00 dB | SE = 18.324 bit/s/Hz
[29913 ms] [UE 15599] UL: SNR = 52.50 dB | SE = 17.179 bit/s/Hz
[29944 ms] [UE 33952] UL: SNR = 63.50 dB | SE = 20.778 bit/s/Hz
[29944 ms] [UE 12169] UL: SNR = 63.50 dB | SE = 20.778 bit/s/Hz
[29944 ms] [UE 22873] UL: SNR = 63.50 dB | SE = 20.778 bit/s/Hz
[29944 ms] [UE 30556] UL: SNR = 54.00 dB | SE = 17.669 bit/s/Hz
[29944 ms] [UE 20945] UL: SNR = 63.50 dB | SE = 20.778 bit/s/Hz
[30025 ms] [UE 45898] UL: SNR = 63.50 dB | SE = 20.778 bit/s/Hz
[30025 ms] [UE 36997] UL: SNR = 63.50 dB | SE = 20.778 bit/s/Hz
[30025 ms] [UE 48787] UL: SNR = 63.50 dB | SE = 20.778 bit/s/Hz
[30025 ms] [UE 40252] UL: SNR = 56.00 dB | SE = 18.324 bit/s/Hz
[30025 ms] [UE 15599] UL: SNR = 52.50 dB | SE = 17.179 bit/s/Hz
[30045 ms] [UE 33952] UL: SNR = 63.50 dB | SE = 20.778 bit/s/Hz
[30045 ms] [UE 12169] UL: SNR = 63.50 dB | SE = 20.778 bit/s/Hz
[30045 ms] [UE 22873] UL: SNR = 63.50 dB | SE = 20.778 bit/s/Hz
[30045 ms] [UE 30556] UL: SNR = 54.00 dB | SE = 17.669 bit/s/Hz
[30045 ms] [UE 20945] UL: SNR = 63.50 dB | SE = 20.778 bit/s/Hz
[30133 ms] [UE 45898] UL: SNR = 63.50 dB | SE = 20.778 bit/s/Hz
[30133 ms] [UE 36997] UL: SNR = 63.50 dB | SE = 20.778 bit/s/Hz
[30133 ms] [UE 48787] UL: SNR = 63.50 dB | SE = 20.778 bit/s/Hz
[30133 ms] [UE 40252] UL: SNR = 56.00 dB | SE = 18.324 bit/s/Hz
[30133 ms] [UE 15599] UL: SNR = 52.50 dB | SE = 17.179 bit/s/Hz
[30157 ms] [UE 33952] UL: SNR = 63.50 dB | SE = 20.778 bit/s/Hz
[30157 ms] [UE 12169] UL: SNR = 63.50 dB | SE = 20.778 bit/s/Hz
[30157 ms] [UE 22873] UL: SNR = 63.50 dB | SE = 20.778 bit/s/Hz
[30157 ms] [UE 30556] UL: SNR = 63.50 dB | SE = 20.778 bit/s/Hz
[30157 ms] [UE 20945] UL: SNR = 63.50 dB | SE = 20.778 bit/s/Hz
[30243 ms] [UE 45898] UL: SNR = 63.50 dB | SE = 20.778 bit/s/Hz
[30243 ms] [UE 36997] UL: SNR = 63.50 dB | SE = 20.778 bit/s/Hz
[30243 ms] [UE 48787] UL: SNR = 63.50 dB | SE = 20.778 bit/s/Hz
[30243 ms] [UE 40252] UL: SNR = 56.00 dB | SE = 18.324 bit/s/Hz
[30243 ms] [UE 15599] UL: SNR = 52.50 dB | SE = 17.179 bit/s/Hz
[30265 ms] [UE 33952] UL: SNR = 63.50 dB | SE = 20.778 bit/s/Hz
[30265 ms] [UE 12169] UL: SNR = 63.50 dB | SE = 20.778 bit/s/Hz
[30265 ms] [UE 22873] UL: SNR = 63.50 dB | SE = 20.778 bit/s/Hz
[30265 ms] [UE 30556] UL: SNR = 63.50 dB | SE = 20.778 bit/s/Hz
[30265 ms] [UE 20945] UL: SNR = 63.50 dB | SE = 20.778 bit/s/Hz
[30353 ms] [UE 45898] UL: SNR = 63.50 dB | SE = 20.778 bit/s/Hz
[30353 ms] [UE 36997] UL: SNR = 63.50 dB | SE = 20.778 bit/s/Hz
[30353 ms] [UE 48787] UL: SNR = 63.50 dB | SE = 20.778 bit/s/Hz
[30353 ms] [UE 40252] UL: SNR = 56.00 dB | SE = 18.324 bit/s/Hz
[30353 ms] [UE 15599] UL: SNR = 52.50 dB | SE = 17.179 bit/s/Hz
[30374 ms] [UE 33952] UL: SNR = 63.50 dB | SE = 20.778 bit/s/Hz
[30374 ms] [UE 12169] UL: SNR = 63.50 dB | SE = 20.778 bit/s/Hz
[30374 ms] [UE 22873] UL: SNR = 63.50 dB | SE = 20.778 bit/s/Hz
[30374 ms] [UE 30556] UL: SNR = 63.50 dB | SE = 20.778 bit/s/Hz
[30374 ms] [UE 20945] UL: SNR = 63.50 dB | SE = 20.778 bit/s/Hz
[30453 ms] [UE 45898] UL: SNR = 63.50 dB | SE = 20.778 bit/s/Hz
[30453 ms] [UE 36997] UL: SNR = 63.50 dB | SE = 20.778 bit/s/Hz
[30453 ms] [UE 48787] UL: SNR = 63.50 dB | SE = 20.778 bit/s/Hz
[30453 ms] [UE 40252] UL: SNR = 56.00 dB | SE = 18.324 bit/s/Hz
[30453 ms] [UE 15599] UL: SNR = 52.50 dB | SE = 17.179 bit/s/Hz
[30484 ms] [UE 33952] UL: SNR = 63.50 dB | SE = 20.778 bit/s/Hz
[30484 ms] [UE 12169] UL: SNR = 63.50 dB | SE = 20.778 bit/s/Hz
[30484 ms] [UE 22873] UL: SNR = 63.50 dB | SE = 20.778 bit/s/Hz
[30484 ms] [UE 30556] UL: SNR = 54.00 dB | SE = 17.669 bit/s/Hz
[30484 ms] [UE 20945] UL: SNR = 63.50 dB | SE = 20.778 bit/s/Hz
[30563 ms] [UE 45898] UL: SNR = 63.50 dB | SE = 20.778 bit/s/Hz
[30563 ms] [UE 36997] UL: SNR = 63.50 dB | SE = 20.778 bit/s/Hz
[30563 ms] [UE 48787] UL: SNR = 63.50 dB | SE = 20.778 bit/s/Hz
[30563 ms] [UE 40252] UL: SNR = 56.00 dB | SE = 18.324 bit/s/Hz
[30563 ms] [UE 15599] UL: SNR = 52.50 dB | SE = 17.179 bit/s/Hz
[30585 ms] [UE 33952] UL: SNR = 63.50 dB | SE = 20.778 bit/s/Hz
[30585 ms] [UE 12169] UL: SNR = 63.50 dB | SE = 20.778 bit/s/Hz
[30585 ms] [UE 22873] UL: SNR = 63.50 dB | SE = 20.778 bit/s/Hz
[30585 ms] [UE 30556] UL: SNR = 54.00 dB | SE = 17.669 bit/s/Hz
[30585 ms] [UE 20945] UL: SNR = 63.50 dB | SE = 20.778 bit/s/Hz
[30673 ms] [UE 45898] UL: SNR = 63.50 dB | SE = 20.778 bit/s/Hz
[30673 ms] [UE 36997] UL: SNR = 63.50 dB | SE = 20.778 bit/s/Hz
[30673 ms] [UE 48787] UL: SNR = 63.50 dB | SE = 20.778 bit/s/Hz
[30673 ms] [UE 40252] UL: SNR = 56.00 dB | SE = 18.324 bit/s/Hz
[30673 ms] [UE 15599] UL: SNR = 52.50 dB | SE = 17.179 bit/s/Hz
[30695 ms] [UE 33952] UL: SNR = 63.50 dB | SE = 20.778 bit/s/Hz
[30695 ms] [UE 12169] UL: SNR = 63.50 dB | SE = 20.778 bit/s/Hz
[30695 ms] [UE 22873] UL: SNR = 63.50 dB | SE = 20.778 bit/s/Hz
[30695 ms] [UE 30556] UL: SNR = 63.50 dB | SE = 20.778 bit/s/Hz
[30695 ms] [UE 20945] UL: SNR = 63.50 dB | SE = 20.778 bit/s/Hz
[30783 ms] [UE 45898] UL: SNR = 63.50 dB | SE = 20.778 bit/s/Hz
[30783 ms] [UE 36997] UL: SNR = 63.50 dB | SE = 20.778 bit/s/Hz
[30783 ms] [UE 48787] UL: SNR = 63.50 dB | SE = 20.778 bit/s/Hz
[30783 ms] [UE 40252] UL: SNR = 56.00 dB | SE = 18.324 bit/s/Hz
[30783 ms] [UE 15599] UL: SNR = 52.50 dB | SE = 17.179 bit/s/Hz
[30795 ms] [UE 33952] UL: SNR = 63.50 dB | SE = 20.778 bit/s/Hz
[30795 ms] [UE 12169] UL: SNR = 63.50 dB | SE = 20.778 bit/s/Hz
[30795 ms] [UE 22873] UL: SNR = 63.50 dB | SE = 20.778 bit/s/Hz
[30795 ms] [UE 30556] UL: SNR = 63.50 dB | SE = 20.778 bit/s/Hz
[30795 ms] [UE 20945] UL: SNR = 63.50 dB | SE = 20.778 bit/s/Hz
[30893 ms] [UE 45898] UL: SNR = 63.50 dB | SE = 20.778 bit/s/Hz
[30893 ms] [UE 36997] UL: SNR = 63.50 dB | SE = 20.778 bit/s/Hz
[30893 ms] [UE 48787] UL: SNR = 63.50 dB | SE = 20.778 bit/s/Hz
[30893 ms] [UE 40252] UL: SNR = 56.00 dB | SE = 18.324 bit/s/Hz
[30893 ms] [UE 15599] UL: SNR = 52.50 dB | SE = 17.179 bit/s/Hz
[30904 ms] [UE 33952] UL: SNR = 63.50 dB | SE = 20.778 bit/s/Hz
[30904 ms] [UE 12169] UL: SNR = 63.50 dB | SE = 20.778 bit/s/Hz
[30904 ms] [UE 22873] UL: SNR = 63.50 dB | SE = 20.778 bit/s/Hz
[30904 ms] [UE 30556] UL: SNR = 63.50 dB | SE = 20.778 bit/s/Hz
[30904 ms] [UE 20945] UL: SNR = 63.50 dB | SE = 20.778 bit/s/Hz
[31003 ms] [UE 45898] UL: SNR = 63.50 dB | SE = 20.778 bit/s/Hz
[31003 ms] [UE 36997] UL: SNR = 63.50 dB | SE = 20.778 bit/s/Hz
[31003 ms] [UE 48787] UL: SNR = 63.50 dB | SE = 20.778 bit/s/Hz
[31003 ms] [UE 40252] UL: SNR = 56.00 dB | SE = 18.324 bit/s/Hz
[31003 ms] [UE 15599] UL: SNR = 52.50 dB | SE = 17.179 bit/s/Hz
[31006 ms] [UE 33952] UL: SNR = 63.50 dB | SE = 20.778 bit/s/Hz
[31006 ms] [UE 12169] UL: SNR = 63.50 dB | SE = 20.778 bit/s/Hz
[31006 ms] [UE 22873] UL: SNR = 63.50 dB | SE = 20.778 bit/s/Hz
[31006 ms] [UE 30556] UL: SNR = 63.50 dB | SE = 20.778 bit/s/Hz
[31006 ms] [UE 20945] UL: SNR = 63.50 dB | SE = 20.778 bit/s/Hz
[31113 ms] [UE 45898] UL: SNR = 63.50 dB | SE = 20.778 bit/s/Hz
[31113 ms] [UE 36997] UL: SNR = 63.50 dB | SE = 20.778 bit/s/Hz
[31113 ms] [UE 48787] UL: SNR = 63.50 dB | SE = 20.778 bit/s/Hz
[31113 ms] [UE 40252] UL: SNR = 56.00 dB | SE = 18.324 bit/s/Hz
[31113 ms] [UE 15599] UL: SNR = 52.50 dB | SE = 17.179 bit/s/Hz
[31115 ms] [UE 33952] UL: SNR = 63.50 dB | SE = 20.778 bit/s/Hz
[31115 ms] [UE 12169] UL: SNR = 63.50 dB | SE = 20.778 bit/s/Hz
[31115 ms] [UE 22873] UL: SNR = 63.50 dB | SE = 20.778 bit/s/Hz
[31115 ms] [UE 30556] UL: SNR = 63.50 dB | SE = 20.778 bit/s/Hz
[31115 ms] [UE 20945] UL: SNR = 63.50 dB | SE = 20.778 bit/s/Hz
[31215 ms] [UE 33952] UL: SNR = 63.50 dB | SE = 20.778 bit/s/Hz
[31215 ms] [UE 12169] UL: SNR = 63.50 dB | SE = 20.778 bit/s/Hz
[31215 ms] [UE 22873] UL: SNR = 63.50 dB | SE = 20.778 bit/s/Hz
[31215 ms] [UE 30556] UL: SNR = 63.50 dB | SE = 20.778 bit/s/Hz
[31215 ms] [UE 20945] UL: SNR = 63.50 dB | SE = 20.778 bit/s/Hz
[31223 ms] [UE 45898] UL: SNR = 63.50 dB | SE = 20.778 bit/s/Hz
[31223 ms] [UE 36997] UL: SNR = 63.50 dB | SE = 20.778 bit/s/Hz
[31223 ms] [UE 48787] UL: SNR = 63.50 dB | SE = 20.778 bit/s/Hz
[31223 ms] [UE 40252] UL: SNR = 56.00 dB | SE = 18.324 bit/s/Hz
[31223 ms] [UE 15599] UL: SNR = 52.50 dB | SE = 17.179 bit/s/Hz
[31324 ms] [UE 33952] UL: SNR = 63.50 dB | SE = 20.778 bit/s/Hz
[31324 ms] [UE 12169] UL: SNR = 63.50 dB | SE = 20.778 bit/s/Hz
[31324 ms] [UE 22873] UL: SNR = 63.50 dB | SE = 20.778 bit/s/Hz
[31324 ms] [UE 30556] UL: SNR = 63.50 dB | SE = 20.778 bit/s/Hz
[31324 ms] [UE 20945] UL: SNR = 63.50 dB | SE = 20.778 bit/s/Hz
[31333 ms] [UE 45898] UL: SNR = 63.50 dB | SE = 20.778 bit/s/Hz
[31333 ms] [UE 36997] UL: SNR = 63.50 dB | SE = 20.778 bit/s/Hz
[31333 ms] [UE 48787] UL: SNR = 63.50 dB | SE = 20.778 bit/s/Hz
[31333 ms] [UE 40252] UL: SNR = 56.00 dB | SE = 18.324 bit/s/Hz
[31333 ms] [UE 15599] UL: SNR = 52.50 dB | SE = 17.179 bit/s/Hz
[31433 ms] [UE 45898] UL: SNR = 63.50 dB | SE = 20.778 bit/s/Hz
[31433 ms] [UE 36997] UL: SNR = 63.50 dB | SE = 20.778 bit/s/Hz
[31433 ms] [UE 48787] UL: SNR = 63.50 dB | SE = 20.778 bit/s/Hz
[31433 ms] [UE 40252] UL: SNR = 56.00 dB | SE = 18.324 bit/s/Hz
[31433 ms] [UE 15599] UL: SNR = 52.50 dB | SE = 17.179 bit/s/Hz
[31434 ms] [UE 33952] UL: SNR = 63.50 dB | SE = 20.778 bit/s/Hz
[31434 ms] [UE 12169] UL: SNR = 63.50 dB | SE = 20.778 bit/s/Hz
[31434 ms] [UE 22873] UL: SNR = 63.50 dB | SE = 20.778 bit/s/Hz
[31434 ms] [UE 30556] UL: SNR = 63.50 dB | SE = 20.778 bit/s/Hz
[31434 ms] [UE 20945] UL: SNR = 63.50 dB | SE = 20.778 bit/s/Hz
[31534 ms] [UE 45898] UL: SNR = 63.50 dB | SE = 20.778 bit/s/Hz
[31534 ms] [UE 36997] UL: SNR = 63.50 dB | SE = 20.778 bit/s/Hz
[31534 ms] [UE 48787] UL: SNR = 63.50 dB | SE = 20.778 bit/s/Hz
[31534 ms] [UE 40252] UL: SNR = 56.00 dB | SE = 18.324 bit/s/Hz
[31534 ms] [UE 15599] UL: SNR = 52.50 dB | SE = 17.179 bit/s/Hz
[31535 ms] [UE 33952] UL: SNR = 63.50 dB | SE = 20.778 bit/s/Hz
[31535 ms] [UE 12169] UL: SNR = 63.50 dB | SE = 20.778 bit/s/Hz
[31535 ms] [UE 22873] UL: SNR = 63.50 dB | SE = 20.778 bit/s/Hz
[31535 ms] [UE 30556] UL: SNR = 63.50 dB | SE = 20.778 bit/s/Hz
[31535 ms] [UE 20945] UL: SNR = 63.50 dB | SE = 20.778 bit/s/Hz
[31635 ms] [UE 33952] UL: SNR = 63.50 dB | SE = 20.778 bit/s/Hz
[31635 ms] [UE 12169] UL: SNR = 63.50 dB | SE = 20.778 bit/s/Hz
[31635 ms] [UE 22873] UL: SNR = 63.50 dB | SE = 20.778 bit/s/Hz
[31635 ms] [UE 30556] UL: SNR = 63.50 dB | SE = 20.778 bit/s/Hz
[31635 ms] [UE 20945] UL: SNR = 63.50 dB | SE = 20.778 bit/s/Hz
[31643 ms] [UE 45898] UL: SNR = 63.50 dB | SE = 20.778 bit/s/Hz
[31643 ms] [UE 36997] UL: SNR = 63.50 dB | SE = 20.778 bit/s/Hz
[31643 ms] [UE 48787] UL: SNR = 63.50 dB | SE = 20.778 bit/s/Hz
[31643 ms] [UE 40252] UL: SNR = 56.00 dB | SE = 18.324 bit/s/Hz
[31643 ms] [UE 15599] UL: SNR = 52.50 dB | SE = 17.179 bit/s/Hz
[31737 ms] [UE 33952] UL: SNR = 63.50 dB | SE = 20.778 bit/s/Hz
[31737 ms] [UE 12169] UL: SNR = 63.50 dB | SE = 20.778 bit/s/Hz
[31737 ms] [UE 22873] UL: SNR = 63.50 dB | SE = 20.778 bit/s/Hz
[31737 ms] [UE 30556] UL: SNR = 63.50 dB | SE = 20.778 bit/s/Hz
[31737 ms] [UE 20945] UL: SNR = 63.50 dB | SE = 20.778 bit/s/Hz
[31753 ms] [UE 45898] UL: SNR = 63.50 dB | SE = 20.778 bit/s/Hz
[31753 ms] [UE 36997] UL: SNR = 63.50 dB | SE = 20.778 bit/s/Hz
[31753 ms] [UE 48787] UL: SNR = 63.50 dB | SE = 20.778 bit/s/Hz
[31753 ms] [UE 40252] UL: SNR = 56.00 dB | SE = 18.324 bit/s/Hz
[31753 ms] [UE 15599] UL: SNR = 52.50 dB | SE = 17.179 bit/s/Hz
[31844 ms] [UE 33952] UL: SNR = 63.50 dB | SE = 20.778 bit/s/Hz
[31844 ms] [UE 12169] UL: SNR = 63.50 dB | SE = 20.778 bit/s/Hz
[31844 ms] [UE 22873] UL: SNR = 63.50 dB | SE = 20.778 bit/s/Hz
[31844 ms] [UE 30556] UL: SNR = 63.50 dB | SE = 20.778 bit/s/Hz
[31844 ms] [UE 20945] UL: SNR = 63.50 dB | SE = 20.778 bit/s/Hz
[31854 ms] [UE 45898] UL: SNR = 63.50 dB | SE = 20.778 bit/s/Hz
[31854 ms] [UE 36997] UL: SNR = 63.50 dB | SE = 20.778 bit/s/Hz
[31854 ms] [UE 48787] UL: SNR = 63.50 dB | SE = 20.778 bit/s/Hz
[31854 ms] [UE 40252] UL: SNR = 56.00 dB | SE = 18.324 bit/s/Hz
[31854 ms] [UE 15599] UL: SNR = 52.50 dB | SE = 17.179 bit/s/Hz
[31954 ms] [UE 33952] UL: SNR = 63.50 dB | SE = 20.778 bit/s/Hz
[31954 ms] [UE 12169] UL: SNR = 63.50 dB | SE = 20.778 bit/s/Hz
[31954 ms] [UE 22873] UL: SNR = 63.50 dB | SE = 20.778 bit/s/Hz
[31954 ms] [UE 30556] UL: SNR = 63.50 dB | SE = 20.778 bit/s/Hz
[31954 ms] [UE 20945] UL: SNR = 63.50 dB | SE = 20.778 bit/s/Hz
[31963 ms] [UE 45898] UL: SNR = 63.50 dB | SE = 20.778 bit/s/Hz
[31963 ms] [UE 36997] UL: SNR = 63.50 dB | SE = 20.778 bit/s/Hz
[31963 ms] [UE 48787] UL: SNR = 63.50 dB | SE = 20.778 bit/s/Hz
[31963 ms] [UE 40252] UL: SNR = 56.00 dB | SE = 18.324 bit/s/Hz
[31963 ms] [UE 15599] UL: SNR = 52.50 dB | SE = 17.179 bit/s/Hz
[32065 ms] [UE 33952] UL: SNR = 63.50 dB | SE = 20.778 bit/s/Hz
[32065 ms] [UE 12169] UL: SNR = 63.50 dB | SE = 20.778 bit/s/Hz
[32065 ms] [UE 22873] UL: SNR = 63.50 dB | SE = 20.778 bit/s/Hz
[32065 ms] [UE 30556] UL: SNR = 63.50 dB | SE = 20.778 bit/s/Hz
[32065 ms] [UE 20945] UL: SNR = 63.50 dB | SE = 20.778 bit/s/Hz
[32072 ms] [UE 45898] UL: SNR = 63.50 dB | SE = 20.778 bit/s/Hz
[32072 ms] [UE 36997] UL: SNR = 63.50 dB | SE = 20.778 bit/s/Hz
[32072 ms] [UE 48787] UL: SNR = 63.50 dB | SE = 20.778 bit/s/Hz
[32072 ms] [UE 40252] UL: SNR = 56.00 dB | SE = 18.324 bit/s/Hz
[32072 ms] [UE 15599] UL: SNR = 52.50 dB | SE = 17.179 bit/s/Hz
[32172 ms] [UE 45898] UL: SNR = 63.50 dB | SE = 20.778 bit/s/Hz
[32172 ms] [UE 36997] UL: SNR = 63.50 dB | SE = 20.778 bit/s/Hz
[32172 ms] [UE 48787] UL: SNR = 63.50 dB | SE = 20.778 bit/s/Hz
[32172 ms] [UE 40252] UL: SNR = 56.00 dB | SE = 18.324 bit/s/Hz
[32172 ms] [UE 15599] UL: SNR = 52.50 dB | SE = 17.179 bit/s/Hz
[32174 ms] [UE 33952] UL: SNR = 63.50 dB | SE = 20.778 bit/s/Hz
[32174 ms] [UE 12169] UL: SNR = 63.50 dB | SE = 20.778 bit/s/Hz
[32174 ms] [UE 22873] UL: SNR = 63.50 dB | SE = 20.778 bit/s/Hz
[32174 ms] [UE 30556] UL: SNR = 63.50 dB | SE = 20.778 bit/s/Hz
[32174 ms] [UE 20945] UL: SNR = 63.50 dB | SE = 20.778 bit/s/Hz
[32273 ms] [UE 45898] UL: SNR = 63.50 dB | SE = 20.778 bit/s/Hz
[32273 ms] [UE 36997] UL: SNR = 63.50 dB | SE = 20.778 bit/s/Hz
[32273 ms] [UE 48787] UL: SNR = 63.50 dB | SE = 20.778 bit/s/Hz
[32273 ms] [UE 40252] UL: SNR = 56.00 dB | SE = 18.324 bit/s/Hz
[32273 ms] [UE 15599] UL: SNR = 52.50 dB | SE = 17.179 bit/s/Hz
[32275 ms] [UE 33952] UL: SNR = 63.50 dB | SE = 20.778 bit/s/Hz
[32275 ms] [UE 12169] UL: SNR = 63.50 dB | SE = 20.778 bit/s/Hz
[32275 ms] [UE 22873] UL: SNR = 63.50 dB | SE = 20.778 bit/s/Hz
[32275 ms] [UE 30556] UL: SNR = 63.50 dB | SE = 20.778 bit/s/Hz
[32275 ms] [UE 20945] UL: SNR = 63.50 dB | SE = 20.778 bit/s/Hz
[32383 ms] [UE 45898] UL: SNR = 63.50 dB | SE = 20.778 bit/s/Hz
[32383 ms] [UE 36997] UL: SNR = 63.50 dB | SE = 20.778 bit/s/Hz
[32383 ms] [UE 48787] UL: SNR = 63.50 dB | SE = 20.778 bit/s/Hz
[32383 ms] [UE 40252] UL: SNR = 56.00 dB | SE = 18.324 bit/s/Hz
[32383 ms] [UE 15599] UL: SNR = 52.50 dB | SE = 17.179 bit/s/Hz
[32385 ms] [UE 33952] UL: SNR = 63.50 dB | SE = 20.778 bit/s/Hz
[32385 ms] [UE 12169] UL: SNR = 63.50 dB | SE = 20.778 bit/s/Hz
[32385 ms] [UE 22873] UL: SNR = 63.50 dB | SE = 20.778 bit/s/Hz
[32385 ms] [UE 30556] UL: SNR = 63.50 dB | SE = 20.778 bit/s/Hz
[32385 ms] [UE 20945] UL: SNR = 63.50 dB | SE = 20.778 bit/s/Hz
[32485 ms] [UE 33952] UL: SNR = 63.50 dB | SE = 20.778 bit/s/Hz
[32485 ms] [UE 12169] UL: SNR = 63.50 dB | SE = 20.778 bit/s/Hz
[32485 ms] [UE 22873] UL: SNR = 63.50 dB | SE = 20.778 bit/s/Hz
[32485 ms] [UE 30556] UL: SNR = 63.50 dB | SE = 20.778 bit/s/Hz
[32485 ms] [UE 20945] UL: SNR = 63.50 dB | SE = 20.778 bit/s/Hz
[32492 ms] [UE 45898] UL: SNR = 63.50 dB | SE = 20.778 bit/s/Hz
[32492 ms] [UE 36997] UL: SNR = 63.50 dB | SE = 20.778 bit/s/Hz
[32492 ms] [UE 48787] UL: SNR = 63.50 dB | SE = 20.778 bit/s/Hz
[32492 ms] [UE 40252] UL: SNR = 56.00 dB | SE = 18.324 bit/s/Hz
[32492 ms] [UE 15599] UL: SNR = 52.50 dB | SE = 17.179 bit/s/Hz
[32587 ms] [UE 33952] UL: SNR = 63.50 dB | SE = 20.778 bit/s/Hz
[32587 ms] [UE 12169] UL: SNR = 63.50 dB | SE = 20.778 bit/s/Hz
[32587 ms] [UE 22873] UL: SNR = 63.50 dB | SE = 20.778 bit/s/Hz
[32587 ms] [UE 30556] UL: SNR = 63.50 dB | SE = 20.778 bit/s/Hz
[32587 ms] [UE 20945] UL: SNR = 63.50 dB | SE = 20.778 bit/s/Hz
[32593 ms] [UE 45898] UL: SNR = 63.50 dB | SE = 20.778 bit/s/Hz
[32593 ms] [UE 36997] UL: SNR = 63.50 dB | SE = 20.778 bit/s/Hz
[32593 ms] [UE 48787] UL: SNR = 63.50 dB | SE = 20.778 bit/s/Hz
[32593 ms] [UE 40252] UL: SNR = 56.00 dB | SE = 18.324 bit/s/Hz
[32593 ms] [UE 15599] UL: SNR = 52.50 dB | SE = 17.179 bit/s/Hz
[32695 ms] [UE 33952] UL: SNR = 63.50 dB | SE = 20.778 bit/s/Hz
[32695 ms] [UE 12169] UL: SNR = 63.50 dB | SE = 20.778 bit/s/Hz
[32695 ms] [UE 22873] UL: SNR = 63.50 dB | SE = 20.778 bit/s/Hz
[32695 ms] [UE 30556] UL: SNR = 63.50 dB | SE = 20.778 bit/s/Hz
[32695 ms] [UE 20945] UL: SNR = 63.50 dB | SE = 20.778 bit/s/Hz
[32703 ms] [UE 45898] UL: SNR = 63.50 dB | SE = 20.778 bit/s/Hz
[32703 ms] [UE 36997] UL: SNR = 63.50 dB | SE = 20.778 bit/s/Hz
[32703 ms] [UE 48787] UL: SNR = 63.50 dB | SE = 20.778 bit/s/Hz
[32703 ms] [UE 40252] UL: SNR = 56.00 dB | SE = 18.324 bit/s/Hz
[32703 ms] [UE 15599] UL: SNR = 52.50 dB | SE = 17.179 bit/s/Hz
[32803 ms] [UE 45898] UL: SNR = 63.50 dB | SE = 20.778 bit/s/Hz
[32803 ms] [UE 36997] UL: SNR = 63.50 dB | SE = 20.778 bit/s/Hz
[32803 ms] [UE 48787] UL: SNR = 63.50 dB | SE = 20.778 bit/s/Hz
[32803 ms] [UE 40252] UL: SNR = 56.00 dB | SE = 18.324 bit/s/Hz
[32803 ms] [UE 15599] UL: SNR = 52.50 dB | SE = 17.179 bit/s/Hz
[32805 ms] [UE 33952] UL: SNR = 63.50 dB | SE = 20.778 bit/s/Hz
[32805 ms] [UE 12169] UL: SNR = 63.50 dB | SE = 20.778 bit/s/Hz
[32805 ms] [UE 22873] UL: SNR = 63.50 dB | SE = 20.778 bit/s/Hz
[32805 ms] [UE 30556] UL: SNR = 63.50 dB | SE = 20.778 bit/s/Hz
[32805 ms] [UE 20945] UL: SNR = 63.50 dB | SE = 20.778 bit/s/Hz
[32913 ms] [UE 45898] UL: SNR = 63.50 dB | SE = 20.778 bit/s/Hz
[32913 ms] [UE 36997] UL: SNR = 63.50 dB | SE = 20.778 bit/s/Hz
[32913 ms] [UE 48787] UL: SNR = 63.50 dB | SE = 20.778 bit/s/Hz
[32913 ms] [UE 40252] UL: SNR = 56.00 dB | SE = 18.324 bit/s/Hz
[32913 ms] [UE 15599] UL: SNR = 52.50 dB | SE = 17.179 bit/s/Hz
[32915 ms] [UE 33952] UL: SNR = 63.50 dB | SE = 20.778 bit/s/Hz
[32915 ms] [UE 12169] UL: SNR = 63.50 dB | SE = 20.778 bit/s/Hz
[32915 ms] [UE 22873] UL: SNR = 63.50 dB | SE = 20.778 bit/s/Hz
[32915 ms] [UE 30556] UL: SNR = 7.50 dB | SE = 2.687 bit/s/Hz
[32915 ms] [UE 20945] UL: SNR = 63.50 dB | SE = 20.778 bit/s/Hz
[33023 ms] [UE 45898] UL: SNR = 63.50 dB | SE = 20.778 bit/s/Hz
[33023 ms] [UE 36997] UL: SNR = 63.50 dB | SE = 20.778 bit/s/Hz
[33023 ms] [UE 48787] UL: SNR = 63.50 dB | SE = 20.778 bit/s/Hz
[33023 ms] [UE 40252] UL: SNR = 56.00 dB | SE = 18.324 bit/s/Hz
[33023 ms] [UE 15599] UL: SNR = 52.50 dB | SE = 17.179 bit/s/Hz
[33025 ms] [UE 33952] UL: SNR = 63.50 dB | SE = 20.778 bit/s/Hz
[33025 ms] [UE 12169] UL: SNR = 63.50 dB | SE = 20.778 bit/s/Hz
[33025 ms] [UE 22873] UL: SNR = 63.50 dB | SE = 20.778 bit/s/Hz
[33025 ms] [UE 30556] UL: SNR = 7.50 dB | SE = 2.687 bit/s/Hz
[33025 ms] [UE 20945] UL: SNR = 63.50 dB | SE = 20.778 bit/s/Hz
[33133 ms] [UE 45898] UL: SNR = 63.50 dB | SE = 20.778 bit/s/Hz
[33133 ms] [UE 36997] UL: SNR = 63.50 dB | SE = 20.778 bit/s/Hz
[33133 ms] [UE 48787] UL: SNR = 63.50 dB | SE = 20.778 bit/s/Hz
[33133 ms] [UE 40252] UL: SNR = 56.00 dB | SE = 18.324 bit/s/Hz
[33133 ms] [UE 15599] UL: SNR = 52.50 dB | SE = 17.179 bit/s/Hz
[33136 ms] [UE 33952] UL: SNR = 63.50 dB | SE = 20.778 bit/s/Hz
[33136 ms] [UE 12169] UL: SNR = 63.50 dB | SE = 20.778 bit/s/Hz
[33136 ms] [UE 22873] UL: SNR = 63.50 dB | SE = 20.778 bit/s/Hz
[33136 ms] [UE 30556] UL: SNR = 7.50 dB | SE = 2.687 bit/s/Hz
[33136 ms] [UE 20945] UL: SNR = 63.50 dB | SE = 20.778 bit/s/Hz
[33233 ms] [UE 45898] UL: SNR = 63.50 dB | SE = 20.778 bit/s/Hz
[33233 ms] [UE 36997] UL: SNR = 63.50 dB | SE = 20.778 bit/s/Hz
[33233 ms] [UE 48787] UL: SNR = 63.50 dB | SE = 20.778 bit/s/Hz
[33233 ms] [UE 40252] UL: SNR = 56.00 dB | SE = 18.324 bit/s/Hz
[33233 ms] [UE 15599] UL: SNR = 52.50 dB | SE = 17.179 bit/s/Hz
[33244 ms] [UE 33952] UL: SNR = 63.50 dB | SE = 20.778 bit/s/Hz
[33244 ms] [UE 12169] UL: SNR = 63.50 dB | SE = 20.778 bit/s/Hz
[33244 ms] [UE 22873] UL: SNR = 63.50 dB | SE = 20.778 bit/s/Hz
[33244 ms] [UE 30556] UL: SNR = 7.50 dB | SE = 2.687 bit/s/Hz
[33244 ms] [UE 20945] UL: SNR = 63.50 dB | SE = 20.778 bit/s/Hz
[33343 ms] [UE 45898] UL: SNR = 63.50 dB | SE = 20.778 bit/s/Hz
[33343 ms] [UE 36997] UL: SNR = 63.50 dB | SE = 20.778 bit/s/Hz
[33343 ms] [UE 48787] UL: SNR = 63.50 dB | SE = 20.778 bit/s/Hz
[33343 ms] [UE 40252] UL: SNR = 56.00 dB | SE = 18.324 bit/s/Hz
[33343 ms] [UE 15599] UL: SNR = 52.50 dB | SE = 17.179 bit/s/Hz
[33344 ms] [UE 33952] UL: SNR = 63.50 dB | SE = 20.778 bit/s/Hz
[33344 ms] [UE 12169] UL: SNR = 63.50 dB | SE = 20.778 bit/s/Hz
[33344 ms] [UE 22873] UL: SNR = 63.50 dB | SE = 20.778 bit/s/Hz
[33344 ms] [UE 30556] UL: SNR = 7.50 dB | SE = 2.687 bit/s/Hz
[33344 ms] [UE 20945] UL: SNR = 63.50 dB | SE = 20.778 bit/s/Hz
[33447 ms] [UE 33952] UL: SNR = 63.50 dB | SE = 20.778 bit/s/Hz
[33447 ms] [UE 12169] UL: SNR = 63.50 dB | SE = 20.778 bit/s/Hz
[33447 ms] [UE 22873] UL: SNR = 63.50 dB | SE = 20.778 bit/s/Hz
[33447 ms] [UE 30556] UL: SNR = 7.50 dB | SE = 2.687 bit/s/Hz
[33447 ms] [UE 20945] UL: SNR = 63.50 dB | SE = 20.778 bit/s/Hz
[33453 ms] [UE 45898] UL: SNR = 63.50 dB | SE = 20.778 bit/s/Hz
[33453 ms] [UE 36997] UL: SNR = 63.50 dB | SE = 20.778 bit/s/Hz
[33453 ms] [UE 48787] UL: SNR = 63.50 dB | SE = 20.778 bit/s/Hz
[33453 ms] [UE 40252] UL: SNR = 56.00 dB | SE = 18.324 bit/s/Hz
[33453 ms] [UE 15599] UL: SNR = 52.50 dB | SE = 17.179 bit/s/Hz
[33553 ms] [UE 45898] UL: SNR = 63.50 dB | SE = 20.778 bit/s/Hz
[33553 ms] [UE 36997] UL: SNR = 63.50 dB | SE = 20.778 bit/s/Hz
[33553 ms] [UE 48787] UL: SNR = 63.50 dB | SE = 20.778 bit/s/Hz
[33553 ms] [UE 40252] UL: SNR = 56.00 dB | SE = 18.324 bit/s/Hz
[33553 ms] [UE 15599] UL: SNR = 52.50 dB | SE = 17.179 bit/s/Hz
[33554 ms] [UE 33952] UL: SNR = 63.50 dB | SE = 20.778 bit/s/Hz
[33554 ms] [UE 12169] UL: SNR = 63.50 dB | SE = 20.778 bit/s/Hz
[33554 ms] [UE 22873] UL: SNR = 63.50 dB | SE = 20.778 bit/s/Hz
[33554 ms] [UE 30556] UL: SNR = 53.50 dB | SE = 17.506 bit/s/Hz
[33554 ms] [UE 20945] UL: SNR = 63.50 dB | SE = 20.778 bit/s/Hz
[33663 ms] [UE 45898] UL: SNR = 63.50 dB | SE = 20.778 bit/s/Hz
[33663 ms] [UE 36997] UL: SNR = 63.50 dB | SE = 20.778 bit/s/Hz
[33663 ms] [UE 48787] UL: SNR = 63.50 dB | SE = 20.778 bit/s/Hz
[33663 ms] [UE 40252] UL: SNR = 56.00 dB | SE = 18.324 bit/s/Hz
[33663 ms] [UE 15599] UL: SNR = 52.50 dB | SE = 17.179 bit/s/Hz
[33664 ms] [UE 33952] UL: SNR = 63.50 dB | SE = 20.778 bit/s/Hz
[33664 ms] [UE 12169] UL: SNR = 63.50 dB | SE = 20.778 bit/s/Hz
[33664 ms] [UE 22873] UL: SNR = 63.50 dB | SE = 20.778 bit/s/Hz
[33664 ms] [UE 30556] UL: SNR = 53.50 dB | SE = 17.506 bit/s/Hz
[33664 ms] [UE 20945] UL: SNR = 63.50 dB | SE = 20.778 bit/s/Hz
[33764 ms] [UE 33952] UL: SNR = 63.50 dB | SE = 20.778 bit/s/Hz
[33764 ms] [UE 12169] UL: SNR = 63.50 dB | SE = 20.778 bit/s/Hz
[33764 ms] [UE 22873] UL: SNR = 63.50 dB | SE = 20.778 bit/s/Hz
[33764 ms] [UE 30556] UL: SNR = 54.00 dB | SE = 17.669 bit/s/Hz
[33764 ms] [UE 20945] UL: SNR = 63.50 dB | SE = 20.778 bit/s/Hz
[33773 ms] [UE 45898] UL: SNR = 63.50 dB | SE = 20.778 bit/s/Hz
[33773 ms] [UE 36997] UL: SNR = 63.50 dB | SE = 20.778 bit/s/Hz
[33773 ms] [UE 48787] UL: SNR = 63.50 dB | SE = 20.778 bit/s/Hz
[33773 ms] [UE 40252] UL: SNR = 56.00 dB | SE = 18.324 bit/s/Hz
[33773 ms] [UE 15599] UL: SNR = 52.50 dB | SE = 17.179 bit/s/Hz
[33865 ms] [UE 33952] UL: SNR = 63.50 dB | SE = 20.778 bit/s/Hz
[33865 ms] [UE 12169] UL: SNR = 63.50 dB | SE = 20.778 bit/s/Hz
[33865 ms] [UE 22873] UL: SNR = 63.50 dB | SE = 20.778 bit/s/Hz
[33865 ms] [UE 30556] UL: SNR = 54.00 dB | SE = 17.669 bit/s/Hz
[33865 ms] [UE 20945] UL: SNR = 63.50 dB | SE = 20.778 bit/s/Hz
[33873 ms] [UE 45898] UL: SNR = 63.50 dB | SE = 20.778 bit/s/Hz
[33873 ms] [UE 36997] UL: SNR = 63.50 dB | SE = 20.778 bit/s/Hz
[33873 ms] [UE 48787] UL: SNR = 63.50 dB | SE = 20.778 bit/s/Hz
[33873 ms] [UE 40252] UL: SNR = 56.00 dB | SE = 18.324 bit/s/Hz
[33873 ms] [UE 15599] UL: SNR = 52.50 dB | SE = 17.179 bit/s/Hz
[33965 ms] [UE 33952] UL: SNR = 63.50 dB | SE = 20.778 bit/s/Hz
[33965 ms] [UE 12169] UL: SNR = 63.50 dB | SE = 20.778 bit/s/Hz
[33965 ms] [UE 22873] UL: SNR = 63.50 dB | SE = 20.778 bit/s/Hz
[33965 ms] [UE 30556] UL: SNR = 54.00 dB | SE = 17.669 bit/s/Hz
[33965 ms] [UE 20945] UL: SNR = 63.50 dB | SE = 20.778 bit/s/Hz
[33973 ms] [UE 45898] UL: SNR = 63.50 dB | SE = 20.778 bit/s/Hz
[33973 ms] [UE 36997] UL: SNR = 63.50 dB | SE = 20.778 bit/s/Hz
[33973 ms] [UE 48787] UL: SNR = 63.50 dB | SE = 20.778 bit/s/Hz
[33973 ms] [UE 40252] UL: SNR = 56.00 dB | SE = 18.324 bit/s/Hz
[33973 ms] [UE 15599] UL: SNR = 52.50 dB | SE = 17.179 bit/s/Hz
[34076 ms] [UE 33952] UL: SNR = 63.50 dB | SE = 20.778 bit/s/Hz
[34076 ms] [UE 12169] UL: SNR = 63.50 dB | SE = 20.778 bit/s/Hz
[34076 ms] [UE 22873] UL: SNR = 63.50 dB | SE = 20.778 bit/s/Hz
[34076 ms] [UE 30556] UL: SNR = 63.50 dB | SE = 20.778 bit/s/Hz
[34076 ms] [UE 20945] UL: SNR = 63.50 dB | SE = 20.778 bit/s/Hz
[34082 ms] [UE 45898] UL: SNR = 63.50 dB | SE = 20.778 bit/s/Hz
[34082 ms] [UE 36997] UL: SNR = 63.50 dB | SE = 20.778 bit/s/Hz
[34082 ms] [UE 48787] UL: SNR = 63.50 dB | SE = 20.778 bit/s/Hz
[34082 ms] [UE 40252] UL: SNR = 56.00 dB | SE = 18.324 bit/s/Hz
[34082 ms] [UE 15599] UL: SNR = 52.50 dB | SE = 17.179 bit/s/Hz
[34183 ms] [UE 45898] UL: SNR = 63.50 dB | SE = 20.778 bit/s/Hz
[34183 ms] [UE 36997] UL: SNR = 63.50 dB | SE = 20.778 bit/s/Hz
[34183 ms] [UE 48787] UL: SNR = 63.50 dB | SE = 20.778 bit/s/Hz
[34183 ms] [UE 40252] UL: SNR = 56.00 dB | SE = 18.324 bit/s/Hz
[34183 ms] [UE 15599] UL: SNR = 52.50 dB | SE = 17.179 bit/s/Hz
[34187 ms] [UE 33952] UL: SNR = 63.50 dB | SE = 20.778 bit/s/Hz
[34187 ms] [UE 12169] UL: SNR = 63.50 dB | SE = 20.778 bit/s/Hz
[34187 ms] [UE 22873] UL: SNR = 63.50 dB | SE = 20.778 bit/s/Hz
[34187 ms] [UE 30556] UL: SNR = 63.50 dB | SE = 20.778 bit/s/Hz
[34187 ms] [UE 20945] UL: SNR = 63.50 dB | SE = 20.778 bit/s/Hz
[34283 ms] [UE 45898] UL: SNR = 63.50 dB | SE = 20.778 bit/s/Hz
[34283 ms] [UE 36997] UL: SNR = 63.50 dB | SE = 20.778 bit/s/Hz
[34283 ms] [UE 48787] UL: SNR = 63.50 dB | SE = 20.778 bit/s/Hz
[34283 ms] [UE 40252] UL: SNR = 56.00 dB | SE = 18.324 bit/s/Hz
[34283 ms] [UE 15599] UL: SNR = 52.50 dB | SE = 17.179 bit/s/Hz
[34295 ms] [UE 33952] UL: SNR = 63.50 dB | SE = 20.778 bit/s/Hz
[34295 ms] [UE 12169] UL: SNR = 63.50 dB | SE = 20.778 bit/s/Hz
[34295 ms] [UE 22873] UL: SNR = 63.50 dB | SE = 20.778 bit/s/Hz
[34295 ms] [UE 30556] UL: SNR = 54.00 dB | SE = 17.669 bit/s/Hz
[34295 ms] [UE 20945] UL: SNR = 63.50 dB | SE = 20.778 bit/s/Hz
[34393 ms] [UE 45898] UL: SNR = 63.50 dB | SE = 20.778 bit/s/Hz
[34393 ms] [UE 36997] UL: SNR = 63.50 dB | SE = 20.778 bit/s/Hz
[34393 ms] [UE 48787] UL: SNR = 63.50 dB | SE = 20.778 bit/s/Hz
[34393 ms] [UE 40252] UL: SNR = 56.00 dB | SE = 18.324 bit/s/Hz
[34393 ms] [UE 15599] UL: SNR = 52.50 dB | SE = 17.179 bit/s/Hz
[34404 ms] [UE 33952] UL: SNR = 63.50 dB | SE = 20.778 bit/s/Hz
[34404 ms] [UE 12169] UL: SNR = 63.50 dB | SE = 20.778 bit/s/Hz
[34404 ms] [UE 22873] UL: SNR = 63.50 dB | SE = 20.778 bit/s/Hz
[34404 ms] [UE 30556] UL: SNR = 54.00 dB | SE = 17.669 bit/s/Hz
[34404 ms] [UE 20945] UL: SNR = 63.50 dB | SE = 20.778 bit/s/Hz
[34503 ms] [UE 45898] UL: SNR = 63.50 dB | SE = 20.778 bit/s/Hz
[34503 ms] [UE 36997] UL: SNR = 63.50 dB | SE = 20.778 bit/s/Hz
[34503 ms] [UE 48787] UL: SNR = 63.50 dB | SE = 20.778 bit/s/Hz
[34503 ms] [UE 40252] UL: SNR = 56.00 dB | SE = 18.324 bit/s/Hz
[34503 ms] [UE 15599] UL: SNR = 52.50 dB | SE = 17.179 bit/s/Hz
[34505 ms] [UE 33952] UL: SNR = 63.50 dB | SE = 20.778 bit/s/Hz
[34505 ms] [UE 12169] UL: SNR = 63.50 dB | SE = 20.778 bit/s/Hz
[34505 ms] [UE 22873] UL: SNR = 63.50 dB | SE = 20.778 bit/s/Hz
[34505 ms] [UE 30556] UL: SNR = 63.50 dB | SE = 20.778 bit/s/Hz
[34505 ms] [UE 20945] UL: SNR = 63.50 dB | SE = 20.778 bit/s/Hz
[34612 ms] [UE 45898] UL: SNR = 63.50 dB | SE = 20.778 bit/s/Hz
[34612 ms] [UE 36997] UL: SNR = 63.50 dB | SE = 20.778 bit/s/Hz
[34612 ms] [UE 48787] UL: SNR = 63.50 dB | SE = 20.778 bit/s/Hz
[34612 ms] [UE 40252] UL: SNR = 56.00 dB | SE = 18.324 bit/s/Hz
[34612 ms] [UE 15599] UL: SNR = 52.50 dB | SE = 17.179 bit/s/Hz
[34615 ms] [UE 33952] UL: SNR = 63.50 dB | SE = 20.778 bit/s/Hz
[34615 ms] [UE 12169] UL: SNR = 63.50 dB | SE = 20.778 bit/s/Hz
[34615 ms] [UE 22873] UL: SNR = 63.50 dB | SE = 20.778 bit/s/Hz
[34615 ms] [UE 30556] UL: SNR = 63.50 dB | SE = 20.778 bit/s/Hz
[34615 ms] [UE 20945] UL: SNR = 63.50 dB | SE = 20.778 bit/s/Hz
[34722 ms] [UE 45898] UL: SNR = 63.50 dB | SE = 20.778 bit/s/Hz
[34722 ms] [UE 36997] UL: SNR = 63.50 dB | SE = 20.778 bit/s/Hz
[34722 ms] [UE 48787] UL: SNR = 63.50 dB | SE = 20.778 bit/s/Hz
[34722 ms] [UE 40252] UL: SNR = 56.00 dB | SE = 18.324 bit/s/Hz
[34722 ms] [UE 15599] UL: SNR = 52.50 dB | SE = 17.179 bit/s/Hz
[34724 ms] [UE 33952] UL: SNR = 63.50 dB | SE = 20.778 bit/s/Hz
[34724 ms] [UE 12169] UL: SNR = 63.50 dB | SE = 20.778 bit/s/Hz
[34724 ms] [UE 22873] UL: SNR = 63.50 dB | SE = 20.778 bit/s/Hz
[34724 ms] [UE 30556] UL: SNR = 63.50 dB | SE = 20.778 bit/s/Hz
[34724 ms] [UE 20945] UL: SNR = 63.50 dB | SE = 20.778 bit/s/Hz
[34823 ms] [UE 45898] UL: SNR = 63.50 dB | SE = 20.778 bit/s/Hz
[34823 ms] [UE 36997] UL: SNR = 63.50 dB | SE = 20.778 bit/s/Hz
[34823 ms] [UE 48787] UL: SNR = 63.50 dB | SE = 20.778 bit/s/Hz
[34823 ms] [UE 40252] UL: SNR = 56.00 dB | SE = 18.324 bit/s/Hz
[34823 ms] [UE 15599] UL: SNR = 52.50 dB | SE = 17.179 bit/s/Hz
[34825 ms] [UE 33952] UL: SNR = 63.50 dB | SE = 20.778 bit/s/Hz
[34825 ms] [UE 12169] UL: SNR = 63.50 dB | SE = 20.778 bit/s/Hz
[34825 ms] [UE 22873] UL: SNR = 63.50 dB | SE = 20.778 bit/s/Hz
[34825 ms] [UE 30556] UL: SNR = 63.50 dB | SE = 20.778 bit/s/Hz
[34825 ms] [UE 20945] UL: SNR = 63.50 dB | SE = 20.778 bit/s/Hz
[34933 ms] [UE 45898] UL: SNR = 63.50 dB | SE = 20.778 bit/s/Hz
[34933 ms] [UE 36997] UL: SNR = 63.50 dB | SE = 20.778 bit/s/Hz
[34933 ms] [UE 48787] UL: SNR = 63.50 dB | SE = 20.778 bit/s/Hz
[34933 ms] [UE 40252] UL: SNR = 56.00 dB | SE = 18.324 bit/s/Hz
[34933 ms] [UE 15599] UL: SNR = 52.50 dB | SE = 17.179 bit/s/Hz
[34934 ms] [UE 33952] UL: SNR = 63.50 dB | SE = 20.778 bit/s/Hz
[34934 ms] [UE 12169] UL: SNR = 63.50 dB | SE = 20.778 bit/s/Hz
[34934 ms] [UE 22873] UL: SNR = 63.50 dB | SE = 20.778 bit/s/Hz
[34934 ms] [UE 30556] UL: SNR = 63.50 dB | SE = 20.778 bit/s/Hz
[34934 ms] [UE 20945] UL: SNR = 63.50 dB | SE = 20.778 bit/s/Hz
[35033 ms] [UE 45898] UL: SNR = 63.50 dB | SE = 20.778 bit/s/Hz
[35033 ms] [UE 36997] UL: SNR = 63.50 dB | SE = 20.778 bit/s/Hz
[35033 ms] [UE 48787] UL: SNR = 63.50 dB | SE = 20.778 bit/s/Hz
[35033 ms] [UE 40252] UL: SNR = 56.00 dB | SE = 18.324 bit/s/Hz
[35033 ms] [UE 15599] UL: SNR = 52.50 dB | SE = 17.179 bit/s/Hz
[35047 ms] [UE 33952] UL: SNR = 63.50 dB | SE = 20.778 bit/s/Hz
[35047 ms] [UE 12169] UL: SNR = 63.50 dB | SE = 20.778 bit/s/Hz
[35047 ms] [UE 22873] UL: SNR = 63.50 dB | SE = 20.778 bit/s/Hz
[35047 ms] [UE 30556] UL: SNR = 63.50 dB | SE = 20.778 bit/s/Hz
[35047 ms] [UE 20945] UL: SNR = 63.50 dB | SE = 20.778 bit/s/Hz
[35133 ms] [UE 45898] UL: SNR = 63.50 dB | SE = 20.778 bit/s/Hz
[35133 ms] [UE 36997] UL: SNR = 63.50 dB | SE = 20.778 bit/s/Hz
[35133 ms] [UE 48787] UL: SNR = 63.50 dB | SE = 20.778 bit/s/Hz
[35133 ms] [UE 40252] UL: SNR = 56.00 dB | SE = 18.324 bit/s/Hz
[35133 ms] [UE 15599] UL: SNR = 52.50 dB | SE = 17.179 bit/s/Hz
[35155 ms] [UE 33952] UL: SNR = 63.50 dB | SE = 20.778 bit/s/Hz
[35155 ms] [UE 12169] UL: SNR = 63.50 dB | SE = 20.778 bit/s/Hz
[35155 ms] [UE 22873] UL: SNR = 63.50 dB | SE = 20.778 bit/s/Hz
[35155 ms] [UE 30556] UL: SNR = 63.50 dB | SE = 20.778 bit/s/Hz
[35155 ms] [UE 20945] UL: SNR = 63.50 dB | SE = 20.778 bit/s/Hz
[35243 ms] [UE 45898] UL: SNR = 63.50 dB | SE = 20.778 bit/s/Hz
[35243 ms] [UE 36997] UL: SNR = 63.50 dB | SE = 20.778 bit/s/Hz
[35243 ms] [UE 48787] UL: SNR = 63.50 dB | SE = 20.778 bit/s/Hz
[35243 ms] [UE 40252] UL: SNR = 56.00 dB | SE = 18.324 bit/s/Hz
[35243 ms] [UE 15599] UL: SNR = 52.50 dB | SE = 17.179 bit/s/Hz
[35265 ms] [UE 33952] UL: SNR = 63.50 dB | SE = 20.778 bit/s/Hz
[35265 ms] [UE 12169] UL: SNR = 63.50 dB | SE = 20.778 bit/s/Hz
[35265 ms] [UE 22873] UL: SNR = 63.50 dB | SE = 20.778 bit/s/Hz
[35265 ms] [UE 30556] UL: SNR = 63.50 dB | SE = 20.778 bit/s/Hz
[35265 ms] [UE 20945] UL: SNR = 63.50 dB | SE = 20.778 bit/s/Hz
[35343 ms] [UE 45898] UL: SNR = 63.50 dB | SE = 20.778 bit/s/Hz
[35343 ms] [UE 36997] UL: SNR = 63.50 dB | SE = 20.778 bit/s/Hz
[35343 ms] [UE 48787] UL: SNR = 63.50 dB | SE = 20.778 bit/s/Hz
[35343 ms] [UE 40252] UL: SNR = 56.00 dB | SE = 18.324 bit/s/Hz
[35343 ms] [UE 15599] UL: SNR = 52.50 dB | SE = 17.179 bit/s/Hz
[35376 ms] [UE 33952] UL: SNR = 63.50 dB | SE = 20.778 bit/s/Hz
[35376 ms] [UE 12169] UL: SNR = 63.50 dB | SE = 20.778 bit/s/Hz
[35376 ms] [UE 22873] UL: SNR = 63.50 dB | SE = 20.778 bit/s/Hz
[35376 ms] [UE 30556] UL: SNR = 63.50 dB | SE = 20.778 bit/s/Hz
[35376 ms] [UE 20945] UL: SNR = 63.50 dB | SE = 20.778 bit/s/Hz
[35453 ms] [UE 45898] UL: SNR = 63.50 dB | SE = 20.778 bit/s/Hz
[35453 ms] [UE 36997] UL: SNR = 63.50 dB | SE = 20.778 bit/s/Hz
[35453 ms] [UE 48787] UL: SNR = 63.50 dB | SE = 20.778 bit/s/Hz
[35453 ms] [UE 40252] UL: SNR = 56.00 dB | SE = 18.324 bit/s/Hz
[35453 ms] [UE 15599] UL: SNR = 52.50 dB | SE = 17.179 bit/s/Hz
[35485 ms] [UE 33952] UL: SNR = 63.50 dB | SE = 20.778 bit/s/Hz
[35485 ms] [UE 12169] UL: SNR = 63.50 dB | SE = 20.778 bit/s/Hz
[35485 ms] [UE 22873] UL: SNR = 63.50 dB | SE = 20.778 bit/s/Hz
[35485 ms] [UE 30556] UL: SNR = 63.50 dB | SE = 20.778 bit/s/Hz
[35485 ms] [UE 20945] UL: SNR = 63.50 dB | SE = 20.778 bit/s/Hz
[35563 ms] [UE 45898] UL: SNR = 63.50 dB | SE = 20.778 bit/s/Hz
[35563 ms] [UE 36997] UL: SNR = 63.50 dB | SE = 20.778 bit/s/Hz
[35563 ms] [UE 48787] UL: SNR = 63.50 dB | SE = 20.778 bit/s/Hz
[35563 ms] [UE 40252] UL: SNR = 56.00 dB | SE = 18.324 bit/s/Hz
[35563 ms] [UE 15599] UL: SNR = 52.50 dB | SE = 17.179 bit/s/Hz
[35585 ms] [UE 33952] UL: SNR = 63.50 dB | SE = 20.778 bit/s/Hz
[35585 ms] [UE 12169] UL: SNR = 63.50 dB | SE = 20.778 bit/s/Hz
[35585 ms] [UE 22873] UL: SNR = 63.50 dB | SE = 20.778 bit/s/Hz
[35585 ms] [UE 30556] UL: SNR = 63.50 dB | SE = 20.778 bit/s/Hz
[35585 ms] [UE 20945] UL: SNR = 63.50 dB | SE = 20.778 bit/s/Hz
[35673 ms] [UE 45898] UL: SNR = 63.50 dB | SE = 20.778 bit/s/Hz
[35673 ms] [UE 36997] UL: SNR = 63.50 dB | SE = 20.778 bit/s/Hz
[35673 ms] [UE 48787] UL: SNR = 63.50 dB | SE = 20.778 bit/s/Hz
[35673 ms] [UE 40252] UL: SNR = 56.00 dB | SE = 18.324 bit/s/Hz
[35673 ms] [UE 15599] UL: SNR = 52.50 dB | SE = 17.179 bit/s/Hz
[35694 ms] [UE 33952] UL: SNR = 63.50 dB | SE = 20.778 bit/s/Hz
[35694 ms] [UE 12169] UL: SNR = 63.50 dB | SE = 20.778 bit/s/Hz
[35694 ms] [UE 22873] UL: SNR = 63.50 dB | SE = 20.778 bit/s/Hz
[35694 ms] [UE 30556] UL: SNR = 63.50 dB | SE = 20.778 bit/s/Hz
[35694 ms] [UE 20945] UL: SNR = 63.50 dB | SE = 20.778 bit/s/Hz
[35782 ms] [UE 45898] UL: SNR = 63.50 dB | SE = 20.778 bit/s/Hz
[35782 ms] [UE 36997] UL: SNR = 63.50 dB | SE = 20.778 bit/s/Hz
[35782 ms] [UE 48787] UL: SNR = 63.50 dB | SE = 20.778 bit/s/Hz
[35782 ms] [UE 40252] UL: SNR = 56.00 dB | SE = 18.324 bit/s/Hz
[35782 ms] [UE 15599] UL: SNR = 52.50 dB | SE = 17.179 bit/s/Hz
[35805 ms] [UE 33952] UL: SNR = 63.50 dB | SE = 20.778 bit/s/Hz
[35805 ms] [UE 12169] UL: SNR = 63.50 dB | SE = 20.778 bit/s/Hz
[35805 ms] [UE 22873] UL: SNR = 63.50 dB | SE = 20.778 bit/s/Hz
[35805 ms] [UE 30556] UL: SNR = 63.50 dB | SE = 20.778 bit/s/Hz
[35805 ms] [UE 20945] UL: SNR = 63.50 dB | SE = 20.778 bit/s/Hz
[35882 ms] [UE 45898] UL: SNR = 63.50 dB | SE = 20.778 bit/s/Hz
[35882 ms] [UE 36997] UL: SNR = 63.50 dB | SE = 20.778 bit/s/Hz
[35882 ms] [UE 48787] UL: SNR = 63.50 dB | SE = 20.778 bit/s/Hz
[35882 ms] [UE 40252] UL: SNR = 56.00 dB | SE = 18.324 bit/s/Hz
[35882 ms] [UE 15599] UL: SNR = 52.50 dB | SE = 17.179 bit/s/Hz
[35915 ms] [UE 33952] UL: SNR = 63.50 dB | SE = 20.778 bit/s/Hz
[35915 ms] [UE 12169] UL: SNR = 63.50 dB | SE = 20.778 bit/s/Hz
[35915 ms] [UE 22873] UL: SNR = 63.50 dB | SE = 20.778 bit/s/Hz
[35915 ms] [UE 30556] UL: SNR = 63.50 dB | SE = 20.778 bit/s/Hz
[35915 ms] [UE 20945] UL: SNR = 63.50 dB | SE = 20.778 bit/s/Hz
[35983 ms] [UE 45898] UL: SNR = 63.50 dB | SE = 20.778 bit/s/Hz
[35983 ms] [UE 36997] UL: SNR = 63.50 dB | SE = 20.778 bit/s/Hz
[35983 ms] [UE 48787] UL: SNR = 63.50 dB | SE = 20.778 bit/s/Hz
[35983 ms] [UE 40252] UL: SNR = 56.00 dB | SE = 18.324 bit/s/Hz
[35983 ms] [UE 15599] UL: SNR = 52.50 dB | SE = 17.179 bit/s/Hz
[36015 ms] [UE 33952] UL: SNR = 63.50 dB | SE = 20.778 bit/s/Hz
[36015 ms] [UE 12169] UL: SNR = 63.50 dB | SE = 20.778 bit/s/Hz
[36015 ms] [UE 22873] UL: SNR = 63.50 dB | SE = 20.778 bit/s/Hz
[36015 ms] [UE 30556] UL: SNR = 63.50 dB | SE = 20.778 bit/s/Hz
[36015 ms] [UE 20945] UL: SNR = 63.50 dB | SE = 20.778 bit/s/Hz
[36093 ms] [UE 45898] UL: SNR = 63.50 dB | SE = 20.778 bit/s/Hz
[36093 ms] [UE 36997] UL: SNR = 63.50 dB | SE = 20.778 bit/s/Hz
[36093 ms] [UE 48787] UL: SNR = 63.50 dB | SE = 20.778 bit/s/Hz
[36093 ms] [UE 40252] UL: SNR = 56.00 dB | SE = 18.324 bit/s/Hz
[36093 ms] [UE 15599] UL: SNR = 52.50 dB | SE = 17.179 bit/s/Hz
[36115 ms] [UE 33952] UL: SNR = 63.50 dB | SE = 20.778 bit/s/Hz
[36115 ms] [UE 12169] UL: SNR = 63.50 dB | SE = 20.778 bit/s/Hz
[36115 ms] [UE 22873] UL: SNR = 63.50 dB | SE = 20.778 bit/s/Hz
[36115 ms] [UE 30556] UL: SNR = 63.50 dB | SE = 20.778 bit/s/Hz
[36115 ms] [UE 20945] UL: SNR = 63.50 dB | SE = 20.778 bit/s/Hz
[36193 ms] [UE 45898] UL: SNR = 63.50 dB | SE = 20.778 bit/s/Hz
[36193 ms] [UE 36997] UL: SNR = 63.50 dB | SE = 20.778 bit/s/Hz
[36193 ms] [UE 48787] UL: SNR = 63.50 dB | SE = 20.778 bit/s/Hz
[36193 ms] [UE 40252] UL: SNR = 56.00 dB | SE = 18.324 bit/s/Hz
[36193 ms] [UE 15599] UL: SNR = 52.50 dB | SE = 17.179 bit/s/Hz
[36217 ms] [UE 33952] UL: SNR = 63.50 dB | SE = 20.778 bit/s/Hz
[36217 ms] [UE 12169] UL: SNR = 63.50 dB | SE = 20.778 bit/s/Hz
[36217 ms] [UE 22873] UL: SNR = 63.50 dB | SE = 20.778 bit/s/Hz
[36217 ms] [UE 30556] UL: SNR = 63.50 dB | SE = 20.778 bit/s/Hz
[36217 ms] [UE 20945] UL: SNR = 63.50 dB | SE = 20.778 bit/s/Hz
[36303 ms] [UE 45898] UL: SNR = 63.50 dB | SE = 20.778 bit/s/Hz
[36303 ms] [UE 36997] UL: SNR = 63.50 dB | SE = 20.778 bit/s/Hz
[36303 ms] [UE 48787] UL: SNR = 63.50 dB | SE = 20.778 bit/s/Hz
[36303 ms] [UE 40252] UL: SNR = 56.00 dB | SE = 18.324 bit/s/Hz
[36303 ms] [UE 15599] UL: SNR = 52.50 dB | SE = 17.179 bit/s/Hz
[36325 ms] [UE 33952] UL: SNR = 63.50 dB | SE = 20.778 bit/s/Hz
[36325 ms] [UE 12169] UL: SNR = 63.50 dB | SE = 20.778 bit/s/Hz
[36325 ms] [UE 22873] UL: SNR = 63.50 dB | SE = 20.778 bit/s/Hz
[36325 ms] [UE 30556] UL: SNR = 63.50 dB | SE = 20.778 bit/s/Hz
[36325 ms] [UE 20945] UL: SNR = 63.50 dB | SE = 20.778 bit/s/Hz
[36403 ms] [UE 45898] UL: SNR = 63.50 dB | SE = 20.778 bit/s/Hz
[36403 ms] [UE 36997] UL: SNR = 63.50 dB | SE = 20.778 bit/s/Hz
[36403 ms] [UE 48787] UL: SNR = 63.50 dB | SE = 20.778 bit/s/Hz
[36403 ms] [UE 40252] UL: SNR = 56.00 dB | SE = 18.324 bit/s/Hz
[36403 ms] [UE 15599] UL: SNR = 52.50 dB | SE = 17.179 bit/s/Hz
[36435 ms] [UE 33952] UL: SNR = 63.50 dB | SE = 20.778 bit/s/Hz
[36435 ms] [UE 12169] UL: SNR = 63.50 dB | SE = 20.778 bit/s/Hz
[36435 ms] [UE 22873] UL: SNR = 63.50 dB | SE = 20.778 bit/s/Hz
[36435 ms] [UE 30556] UL: SNR = 63.50 dB | SE = 20.778 bit/s/Hz
[36435 ms] [UE 20945] UL: SNR = 63.50 dB | SE = 20.778 bit/s/Hz
[36512 ms] [UE 45898] UL: SNR = 63.50 dB | SE = 20.778 bit/s/Hz
[36512 ms] [UE 36997] UL: SNR = 63.50 dB | SE = 20.778 bit/s/Hz
[36512 ms] [UE 48787] UL: SNR = 63.50 dB | SE = 20.778 bit/s/Hz
[36512 ms] [UE 40252] UL: SNR = 56.00 dB | SE = 18.324 bit/s/Hz
[36512 ms] [UE 15599] UL: SNR = 52.50 dB | SE = 17.179 bit/s/Hz
[36544 ms] [UE 33952] UL: SNR = 63.50 dB | SE = 20.778 bit/s/Hz
[36544 ms] [UE 12169] UL: SNR = 63.50 dB | SE = 20.778 bit/s/Hz
[36544 ms] [UE 22873] UL: SNR = 63.50 dB | SE = 20.778 bit/s/Hz
[36544 ms] [UE 30556] UL: SNR = 63.50 dB | SE = 20.778 bit/s/Hz
[36544 ms] [UE 20945] UL: SNR = 63.50 dB | SE = 20.778 bit/s/Hz
[36612 ms] [UE 45898] UL: SNR = 63.50 dB | SE = 20.778 bit/s/Hz
[36612 ms] [UE 36997] UL: SNR = 63.50 dB | SE = 20.778 bit/s/Hz
[36612 ms] [UE 48787] UL: SNR = 63.50 dB | SE = 20.778 bit/s/Hz
[36612 ms] [UE 40252] UL: SNR = 56.00 dB | SE = 18.324 bit/s/Hz
[36612 ms] [UE 15599] UL: SNR = 52.50 dB | SE = 17.179 bit/s/Hz
[36655 ms] [UE 33952] UL: SNR = 63.50 dB | SE = 20.778 bit/s/Hz
[36655 ms] [UE 12169] UL: SNR = 63.50 dB | SE = 20.778 bit/s/Hz
[36655 ms] [UE 22873] UL: SNR = 63.50 dB | SE = 20.778 bit/s/Hz
[36655 ms] [UE 30556] UL: SNR = 63.50 dB | SE = 20.778 bit/s/Hz
[36655 ms] [UE 20945] UL: SNR = 63.50 dB | SE = 20.778 bit/s/Hz
[36713 ms] [UE 45898] UL: SNR = 63.50 dB | SE = 20.778 bit/s/Hz
[36713 ms] [UE 36997] UL: SNR = 63.50 dB | SE = 20.778 bit/s/Hz
[36713 ms] [UE 48787] UL: SNR = 63.50 dB | SE = 20.778 bit/s/Hz
[36713 ms] [UE 40252] UL: SNR = 56.00 dB | SE = 18.324 bit/s/Hz
[36713 ms] [UE 15599] UL: SNR = 52.50 dB | SE = 17.179 bit/s/Hz
[36767 ms] [UE 33952] UL: SNR = 63.50 dB | SE = 20.778 bit/s/Hz
[36767 ms] [UE 12169] UL: SNR = 63.50 dB | SE = 20.778 bit/s/Hz
[36767 ms] [UE 22873] UL: SNR = 63.50 dB | SE = 20.778 bit/s/Hz
[36767 ms] [UE 30556] UL: SNR = 63.50 dB | SE = 20.778 bit/s/Hz
[36767 ms] [UE 20945] UL: SNR = 63.50 dB | SE = 20.778 bit/s/Hz
[36814 ms] [UE 45898] UL: SNR = 63.50 dB | SE = 20.778 bit/s/Hz
[36814 ms] [UE 36997] UL: SNR = 63.50 dB | SE = 20.778 bit/s/Hz
[36814 ms] [UE 48787] UL: SNR = 63.50 dB | SE = 20.778 bit/s/Hz
[36814 ms] [UE 40252] UL: SNR = 56.00 dB | SE = 18.324 bit/s/Hz
[36814 ms] [UE 15599] UL: SNR = 52.50 dB | SE = 17.179 bit/s/Hz
[36874 ms] [UE 33952] UL: SNR = 63.50 dB | SE = 20.778 bit/s/Hz
[36874 ms] [UE 12169] UL: SNR = 63.50 dB | SE = 20.778 bit/s/Hz
[36874 ms] [UE 22873] UL: SNR = 63.50 dB | SE = 20.778 bit/s/Hz
[36874 ms] [UE 30556] UL: SNR = 7.50 dB | SE = 2.687 bit/s/Hz
[36874 ms] [UE 20945] UL: SNR = 63.50 dB | SE = 20.778 bit/s/Hz
[36923 ms] [UE 45898] UL: SNR = 63.50 dB | SE = 20.778 bit/s/Hz
[36923 ms] [UE 36997] UL: SNR = 63.50 dB | SE = 20.778 bit/s/Hz
[36923 ms] [UE 48787] UL: SNR = 63.50 dB | SE = 20.778 bit/s/Hz
[36923 ms] [UE 40252] UL: SNR = 56.00 dB | SE = 18.324 bit/s/Hz
[36923 ms] [UE 15599] UL: SNR = 52.50 dB | SE = 17.179 bit/s/Hz
[36984 ms] [UE 33952] UL: SNR = 63.50 dB | SE = 20.778 bit/s/Hz
[36984 ms] [UE 12169] UL: SNR = 63.50 dB | SE = 20.778 bit/s/Hz
[36984 ms] [UE 22873] UL: SNR = 63.50 dB | SE = 20.778 bit/s/Hz
[36984 ms] [UE 30556] UL: SNR = 7.50 dB | SE = 2.687 bit/s/Hz
[36984 ms] [UE 20945] UL: SNR = 63.50 dB | SE = 20.778 bit/s/Hz
[37033 ms] [UE 45898] UL: SNR = 63.50 dB | SE = 20.778 bit/s/Hz
[37033 ms] [UE 36997] UL: SNR = 63.50 dB | SE = 20.778 bit/s/Hz
[37033 ms] [UE 48787] UL: SNR = 63.50 dB | SE = 20.778 bit/s/Hz
[37033 ms] [UE 40252] UL: SNR = 56.00 dB | SE = 18.324 bit/s/Hz
[37033 ms] [UE 15599] UL: SNR = 52.50 dB | SE = 17.179 bit/s/Hz
[37085 ms] [UE 33952] UL: SNR = 63.50 dB | SE = 20.778 bit/s/Hz
[37085 ms] [UE 12169] UL: SNR = 63.50 dB | SE = 20.778 bit/s/Hz
[37085 ms] [UE 22873] UL: SNR = 63.50 dB | SE = 20.778 bit/s/Hz
[37085 ms] [UE 30556] UL: SNR = 7.50 dB | SE = 2.687 bit/s/Hz
[37085 ms] [UE 20945] UL: SNR = 63.50 dB | SE = 20.778 bit/s/Hz
[37133 ms] [UE 45898] UL: SNR = 63.50 dB | SE = 20.778 bit/s/Hz
[37133 ms] [UE 36997] UL: SNR = 63.50 dB | SE = 20.778 bit/s/Hz
[37133 ms] [UE 48787] UL: SNR = 63.50 dB | SE = 20.778 bit/s/Hz
[37133 ms] [UE 40252] UL: SNR = 56.00 dB | SE = 18.324 bit/s/Hz
[37133 ms] [UE 15599] UL: SNR = 52.50 dB | SE = 17.179 bit/s/Hz
[37185 ms] [UE 33952] UL: SNR = 63.50 dB | SE = 20.778 bit/s/Hz
[37185 ms] [UE 12169] UL: SNR = 63.50 dB | SE = 20.778 bit/s/Hz
[37185 ms] [UE 22873] UL: SNR = 63.50 dB | SE = 20.778 bit/s/Hz
[37185 ms] [UE 30556] UL: SNR = 7.50 dB | SE = 2.687 bit/s/Hz
[37185 ms] [UE 20945] UL: SNR = 53.00 dB | SE = 17.342 bit/s/Hz
[37243 ms] [UE 45898] UL: SNR = 63.50 dB | SE = 20.778 bit/s/Hz
[37243 ms] [UE 36997] UL: SNR = 63.50 dB | SE = 20.778 bit/s/Hz
[37243 ms] [UE 48787] UL: SNR = 63.50 dB | SE = 20.778 bit/s/Hz
[37243 ms] [UE 40252] UL: SNR = 56.00 dB | SE = 18.324 bit/s/Hz
[37243 ms] [UE 15599] UL: SNR = 52.50 dB | SE = 17.179 bit/s/Hz
[37298 ms] [UE 33952] UL: SNR = 63.50 dB | SE = 20.778 bit/s/Hz
[37298 ms] [UE 12169] UL: SNR = 63.50 dB | SE = 20.778 bit/s/Hz
[37298 ms] [UE 22873] UL: SNR = 63.50 dB | SE = 20.778 bit/s/Hz
[37298 ms] [UE 30556] UL: SNR = 7.50 dB | SE = 2.687 bit/s/Hz
[37298 ms] [UE 20945] UL: SNR = 53.00 dB | SE = 17.342 bit/s/Hz
[37353 ms] [UE 45898] UL: SNR = 63.50 dB | SE = 20.778 bit/s/Hz
[37353 ms] [UE 36997] UL: SNR = 63.50 dB | SE = 20.778 bit/s/Hz
[37353 ms] [UE 48787] UL: SNR = 63.50 dB | SE = 20.778 bit/s/Hz
[37353 ms] [UE 40252] UL: SNR = 56.00 dB | SE = 18.324 bit/s/Hz
[37353 ms] [UE 15599] UL: SNR = 52.50 dB | SE = 17.179 bit/s/Hz
[37404 ms] [UE 33952] UL: SNR = 63.50 dB | SE = 20.778 bit/s/Hz
[37404 ms] [UE 12169] UL: SNR = 63.50 dB | SE = 20.778 bit/s/Hz
[37404 ms] [UE 22873] UL: SNR = 63.50 dB | SE = 20.778 bit/s/Hz
[37404 ms] [UE 30556] UL: SNR = 7.50 dB | SE = 2.687 bit/s/Hz
[37404 ms] [UE 20945] UL: SNR = 53.00 dB | SE = 17.342 bit/s/Hz
[37463 ms] [UE 45898] UL: SNR = 63.50 dB | SE = 20.778 bit/s/Hz
[37463 ms] [UE 36997] UL: SNR = 63.50 dB | SE = 20.778 bit/s/Hz
[37463 ms] [UE 48787] UL: SNR = 63.50 dB | SE = 20.778 bit/s/Hz
[37463 ms] [UE 40252] UL: SNR = 56.00 dB | SE = 18.324 bit/s/Hz
[37463 ms] [UE 15599] UL: SNR = 52.50 dB | SE = 17.179 bit/s/Hz
[37504 ms] [UE 33952] UL: SNR = 63.50 dB | SE = 20.778 bit/s/Hz
[37504 ms] [UE 12169] UL: SNR = 63.50 dB | SE = 20.778 bit/s/Hz
[37504 ms] [UE 22873] UL: SNR = 63.50 dB | SE = 20.778 bit/s/Hz
[37504 ms] [UE 30556] UL: SNR = 7.50 dB | SE = 2.687 bit/s/Hz
[37504 ms] [UE 20945] UL: SNR = 53.00 dB | SE = 17.342 bit/s/Hz
[37563 ms] [UE 45898] UL: SNR = 63.50 dB | SE = 20.778 bit/s/Hz
[37563 ms] [UE 36997] UL: SNR = 63.50 dB | SE = 20.778 bit/s/Hz
[37563 ms] [UE 48787] UL: SNR = 63.50 dB | SE = 20.778 bit/s/Hz
[37563 ms] [UE 40252] UL: SNR = 56.00 dB | SE = 18.324 bit/s/Hz
[37563 ms] [UE 15599] UL: SNR = 52.50 dB | SE = 17.179 bit/s/Hz
[37614 ms] [UE 33952] UL: SNR = 63.50 dB | SE = 20.778 bit/s/Hz
[37614 ms] [UE 12169] UL: SNR = 50.50 dB | SE = 16.524 bit/s/Hz
[37614 ms] [UE 22873] UL: SNR = 57.50 dB | SE = 18.815 bit/s/Hz
[37614 ms] [UE 30556] UL: SNR = 54.00 dB | SE = 17.669 bit/s/Hz
[37614 ms] [UE 20945] UL: SNR = 53.00 dB | SE = 17.342 bit/s/Hz
[37663 ms] [UE 45898] UL: SNR = 63.50 dB | SE = 20.778 bit/s/Hz
[37663 ms] [UE 36997] UL: SNR = 63.50 dB | SE = 20.778 bit/s/Hz
[37663 ms] [UE 48787] UL: SNR = 63.50 dB | SE = 20.778 bit/s/Hz
[37663 ms] [UE 40252] UL: SNR = 56.00 dB | SE = 18.324 bit/s/Hz
[37663 ms] [UE 15599] UL: SNR = 52.50 dB | SE = 17.179 bit/s/Hz
[37715 ms] [UE 33952] UL: SNR = 63.50 dB | SE = 20.778 bit/s/Hz
[37715 ms] [UE 12169] UL: SNR = 50.50 dB | SE = 16.524 bit/s/Hz
[37715 ms] [UE 22873] UL: SNR = 57.50 dB | SE = 18.815 bit/s/Hz
[37715 ms] [UE 30556] UL: SNR = 54.00 dB | SE = 17.669 bit/s/Hz
[37715 ms] [UE 20945] UL: SNR = 53.00 dB | SE = 17.342 bit/s/Hz
[37772 ms] [UE 45898] UL: SNR = 63.50 dB | SE = 20.778 bit/s/Hz
[37772 ms] [UE 36997] UL: SNR = 63.50 dB | SE = 20.778 bit/s/Hz
[37772 ms] [UE 48787] UL: SNR = 63.50 dB | SE = 20.778 bit/s/Hz
[37772 ms] [UE 40252] UL: SNR = 56.00 dB | SE = 18.324 bit/s/Hz
[37772 ms] [UE 15599] UL: SNR = 52.50 dB | SE = 17.179 bit/s/Hz
[37815 ms] [UE 33952] UL: SNR = 63.50 dB | SE = 20.778 bit/s/Hz
[37815 ms] [UE 12169] UL: SNR = 50.50 dB | SE = 16.524 bit/s/Hz
[37815 ms] [UE 22873] UL: SNR = 57.50 dB | SE = 18.815 bit/s/Hz
[37815 ms] [UE 30556] UL: SNR = 54.00 dB | SE = 17.669 bit/s/Hz
[37815 ms] [UE 20945] UL: SNR = 53.00 dB | SE = 17.342 bit/s/Hz
[37873 ms] [UE 45898] UL: SNR = 63.50 dB | SE = 20.778 bit/s/Hz
[37873 ms] [UE 36997] UL: SNR = 63.50 dB | SE = 20.778 bit/s/Hz
[37873 ms] [UE 48787] UL: SNR = 63.50 dB | SE = 20.778 bit/s/Hz
[37873 ms] [UE 40252] UL: SNR = 56.00 dB | SE = 18.324 bit/s/Hz
[37873 ms] [UE 15599] UL: SNR = 52.50 dB | SE = 17.179 bit/s/Hz
[37925 ms] [UE 33952] UL: SNR = 63.50 dB | SE = 20.778 bit/s/Hz
[37925 ms] [UE 12169] UL: SNR = 50.50 dB | SE = 16.524 bit/s/Hz
[37925 ms] [UE 22873] UL: SNR = 57.50 dB | SE = 18.815 bit/s/Hz
[37925 ms] [UE 30556] UL: SNR = 54.00 dB | SE = 17.669 bit/s/Hz
[37925 ms] [UE 20945] UL: SNR = 53.00 dB | SE = 17.342 bit/s/Hz
[37982 ms] [UE 45898] UL: SNR = 63.50 dB | SE = 20.778 bit/s/Hz
[37982 ms] [UE 36997] UL: SNR = 63.50 dB | SE = 20.778 bit/s/Hz
[37982 ms] [UE 48787] UL: SNR = 63.50 dB | SE = 20.778 bit/s/Hz
[37982 ms] [UE 40252] UL: SNR = 56.00 dB | SE = 18.324 bit/s/Hz
[37982 ms] [UE 15599] UL: SNR = 52.50 dB | SE = 17.179 bit/s/Hz
[38025 ms] [UE 33952] UL: SNR = 63.50 dB | SE = 20.778 bit/s/Hz
[38025 ms] [UE 12169] UL: SNR = 50.50 dB | SE = 16.524 bit/s/Hz
[38025 ms] [UE 22873] UL: SNR = 57.50 dB | SE = 18.815 bit/s/Hz
[38025 ms] [UE 30556] UL: SNR = 54.00 dB | SE = 17.669 bit/s/Hz
[38025 ms] [UE 20945] UL: SNR = 53.00 dB | SE = 17.342 bit/s/Hz
[38083 ms] [UE 45898] UL: SNR = 63.50 dB | SE = 20.778 bit/s/Hz
[38083 ms] [UE 36997] UL: SNR = 63.50 dB | SE = 20.778 bit/s/Hz
[38083 ms] [UE 48787] UL: SNR = 63.50 dB | SE = 20.778 bit/s/Hz
[38083 ms] [UE 40252] UL: SNR = 56.00 dB | SE = 18.324 bit/s/Hz
[38083 ms] [UE 15599] UL: SNR = 52.50 dB | SE = 17.179 bit/s/Hz
[38125 ms] [UE 33952] UL: SNR = 63.50 dB | SE = 20.778 bit/s/Hz
[38125 ms] [UE 12169] UL: SNR = 63.50 dB | SE = 20.778 bit/s/Hz
[38125 ms] [UE 22873] UL: SNR = 57.50 dB | SE = 18.815 bit/s/Hz
[38125 ms] [UE 30556] UL: SNR = 63.50 dB | SE = 20.778 bit/s/Hz
[38125 ms] [UE 20945] UL: SNR = 63.50 dB | SE = 20.778 bit/s/Hz
[38193 ms] [UE 45898] UL: SNR = 63.50 dB | SE = 20.778 bit/s/Hz
[38193 ms] [UE 36997] UL: SNR = 63.50 dB | SE = 20.778 bit/s/Hz
[38193 ms] [UE 48787] UL: SNR = 63.50 dB | SE = 20.778 bit/s/Hz
[38193 ms] [UE 40252] UL: SNR = 56.00 dB | SE = 18.324 bit/s/Hz
[38193 ms] [UE 15599] UL: SNR = 52.50 dB | SE = 17.179 bit/s/Hz
[38234 ms] [UE 33952] UL: SNR = 63.50 dB | SE = 20.778 bit/s/Hz
[38234 ms] [UE 12169] UL: SNR = 63.50 dB | SE = 20.778 bit/s/Hz
[38234 ms] [UE 22873] UL: SNR = 57.50 dB | SE = 18.815 bit/s/Hz
[38234 ms] [UE 30556] UL: SNR = 63.50 dB | SE = 20.778 bit/s/Hz
[38234 ms] [UE 20945] UL: SNR = 63.50 dB | SE = 20.778 bit/s/Hz
[38293 ms] [UE 45898] UL: SNR = 63.50 dB | SE = 20.778 bit/s/Hz
[38293 ms] [UE 36997] UL: SNR = 63.50 dB | SE = 20.778 bit/s/Hz
[38293 ms] [UE 48787] UL: SNR = 63.50 dB | SE = 20.778 bit/s/Hz
[38293 ms] [UE 40252] UL: SNR = 56.00 dB | SE = 18.324 bit/s/Hz
[38293 ms] [UE 15599] UL: SNR = 52.50 dB | SE = 17.179 bit/s/Hz
[38335 ms] [UE 33952] UL: SNR = 63.50 dB | SE = 20.778 bit/s/Hz
[38335 ms] [UE 12169] UL: SNR = 63.50 dB | SE = 20.778 bit/s/Hz
[38335 ms] [UE 22873] UL: SNR = 57.50 dB | SE = 18.815 bit/s/Hz
[38335 ms] [UE 30556] UL: SNR = 54.00 dB | SE = 17.669 bit/s/Hz
[38335 ms] [UE 20945] UL: SNR = 63.50 dB | SE = 20.778 bit/s/Hz
[38403 ms] [UE 45898] UL: SNR = 63.50 dB | SE = 20.778 bit/s/Hz
[38403 ms] [UE 36997] UL: SNR = 63.50 dB | SE = 20.778 bit/s/Hz
[38403 ms] [UE 48787] UL: SNR = 63.50 dB | SE = 20.778 bit/s/Hz
[38403 ms] [UE 40252] UL: SNR = 56.00 dB | SE = 18.324 bit/s/Hz
[38403 ms] [UE 15599] UL: SNR = 52.50 dB | SE = 17.179 bit/s/Hz
[38445 ms] [UE 33952] UL: SNR = 63.50 dB | SE = 20.778 bit/s/Hz
[38445 ms] [UE 12169] UL: SNR = 63.50 dB | SE = 20.778 bit/s/Hz
[38445 ms] [UE 22873] UL: SNR = 57.50 dB | SE = 18.815 bit/s/Hz
[38445 ms] [UE 30556] UL: SNR = 54.00 dB | SE = 17.669 bit/s/Hz
[38445 ms] [UE 20945] UL: SNR = 63.50 dB | SE = 20.778 bit/s/Hz
[38513 ms] [UE 45898] UL: SNR = 63.50 dB | SE = 20.778 bit/s/Hz
[38513 ms] [UE 36997] UL: SNR = 63.50 dB | SE = 20.778 bit/s/Hz
[38513 ms] [UE 48787] UL: SNR = 63.50 dB | SE = 20.778 bit/s/Hz
[38513 ms] [UE 40252] UL: SNR = 56.00 dB | SE = 18.324 bit/s/Hz
[38513 ms] [UE 15599] UL: SNR = 52.50 dB | SE = 17.179 bit/s/Hz
[38555 ms] [UE 33952] UL: SNR = 63.50 dB | SE = 20.778 bit/s/Hz
[38555 ms] [UE 12169] UL: SNR = 63.50 dB | SE = 20.778 bit/s/Hz
[38555 ms] [UE 22873] UL: SNR = 57.50 dB | SE = 18.815 bit/s/Hz
[38555 ms] [UE 30556] UL: SNR = 63.50 dB | SE = 20.778 bit/s/Hz
[38555 ms] [UE 20945] UL: SNR = 63.50 dB | SE = 20.778 bit/s/Hz
[38613 ms] [UE 45898] UL: SNR = 63.50 dB | SE = 20.778 bit/s/Hz
[38613 ms] [UE 36997] UL: SNR = 63.50 dB | SE = 20.778 bit/s/Hz
[38613 ms] [UE 48787] UL: SNR = 63.50 dB | SE = 20.778 bit/s/Hz
[38613 ms] [UE 40252] UL: SNR = 56.00 dB | SE = 18.324 bit/s/Hz
[38613 ms] [UE 15599] UL: SNR = 52.50 dB | SE = 17.179 bit/s/Hz
[38665 ms] [UE 33952] UL: SNR = 63.50 dB | SE = 20.778 bit/s/Hz
[38665 ms] [UE 12169] UL: SNR = 63.50 dB | SE = 20.778 bit/s/Hz
[38665 ms] [UE 22873] UL: SNR = 57.50 dB | SE = 18.815 bit/s/Hz
[38665 ms] [UE 30556] UL: SNR = 63.50 dB | SE = 20.778 bit/s/Hz
[38665 ms] [UE 20945] UL: SNR = 63.50 dB | SE = 20.778 bit/s/Hz
[38723 ms] [UE 45898] UL: SNR = 63.50 dB | SE = 20.778 bit/s/Hz
[38723 ms] [UE 36997] UL: SNR = 63.50 dB | SE = 20.778 bit/s/Hz
[38723 ms] [UE 48787] UL: SNR = 63.50 dB | SE = 20.778 bit/s/Hz
[38723 ms] [UE 40252] UL: SNR = 56.00 dB | SE = 18.324 bit/s/Hz
[38723 ms] [UE 15599] UL: SNR = 52.50 dB | SE = 17.179 bit/s/Hz
[38765 ms] [UE 33952] UL: SNR = 63.50 dB | SE = 20.778 bit/s/Hz
[38765 ms] [UE 12169] UL: SNR = 63.50 dB | SE = 20.778 bit/s/Hz
[38765 ms] [UE 22873] UL: SNR = 57.50 dB | SE = 18.815 bit/s/Hz
[38765 ms] [UE 30556] UL: SNR = 63.50 dB | SE = 20.778 bit/s/Hz
[38765 ms] [UE 20945] UL: SNR = 63.50 dB | SE = 20.778 bit/s/Hz
[38823 ms] [UE 45898] UL: SNR = 63.50 dB | SE = 20.778 bit/s/Hz
[38823 ms] [UE 36997] UL: SNR = 63.50 dB | SE = 20.778 bit/s/Hz
[38823 ms] [UE 48787] UL: SNR = 63.50 dB | SE = 20.778 bit/s/Hz
[38823 ms] [UE 40252] UL: SNR = 56.00 dB | SE = 18.324 bit/s/Hz
[38823 ms] [UE 15599] UL: SNR = 52.50 dB | SE = 17.179 bit/s/Hz
[38865 ms] [UE 33952] UL: SNR = 63.50 dB | SE = 20.778 bit/s/Hz
[38865 ms] [UE 12169] UL: SNR = 63.50 dB | SE = 20.778 bit/s/Hz
[38865 ms] [UE 22873] UL: SNR = 57.50 dB | SE = 18.815 bit/s/Hz
[38865 ms] [UE 30556] UL: SNR = 63.50 dB | SE = 20.778 bit/s/Hz
[38865 ms] [UE 20945] UL: SNR = 63.50 dB | SE = 20.778 bit/s/Hz
[38923 ms] [UE 45898] UL: SNR = 63.50 dB | SE = 20.778 bit/s/Hz
[38923 ms] [UE 36997] UL: SNR = 63.50 dB | SE = 20.778 bit/s/Hz
[38923 ms] [UE 48787] UL: SNR = 63.50 dB | SE = 20.778 bit/s/Hz
[38923 ms] [UE 40252] UL: SNR = 56.00 dB | SE = 18.324 bit/s/Hz
[38923 ms] [UE 15599] UL: SNR = 52.50 dB | SE = 17.179 bit/s/Hz
[38975 ms] [UE 33952] UL: SNR = 63.50 dB | SE = 20.778 bit/s/Hz
[38975 ms] [UE 12169] UL: SNR = 63.50 dB | SE = 20.778 bit/s/Hz
[38975 ms] [UE 22873] UL: SNR = 57.50 dB | SE = 18.815 bit/s/Hz
[38975 ms] [UE 30556] UL: SNR = 63.50 dB | SE = 20.778 bit/s/Hz
[38975 ms] [UE 20945] UL: SNR = 63.50 dB | SE = 20.778 bit/s/Hz
[39023 ms] [UE 45898] UL: SNR = 63.50 dB | SE = 20.778 bit/s/Hz
[39023 ms] [UE 36997] UL: SNR = 63.50 dB | SE = 20.778 bit/s/Hz
[39023 ms] [UE 48787] UL: SNR = 63.50 dB | SE = 20.778 bit/s/Hz
[39023 ms] [UE 40252] UL: SNR = 56.00 dB | SE = 18.324 bit/s/Hz
[39023 ms] [UE 15599] UL: SNR = 52.50 dB | SE = 17.179 bit/s/Hz
[39077 ms] [UE 33952] UL: SNR = 63.50 dB | SE = 20.778 bit/s/Hz
[39077 ms] [UE 12169] UL: SNR = 63.50 dB | SE = 20.778 bit/s/Hz
[39077 ms] [UE 22873] UL: SNR = 57.50 dB | SE = 18.815 bit/s/Hz
[39077 ms] [UE 30556] UL: SNR = 63.50 dB | SE = 20.778 bit/s/Hz
[39077 ms] [UE 20945] UL: SNR = 63.50 dB | SE = 20.778 bit/s/Hz
[39124 ms] [UE 45898] UL: SNR = 63.50 dB | SE = 20.778 bit/s/Hz
[39124 ms] [UE 36997] UL: SNR = 63.50 dB | SE = 20.778 bit/s/Hz
[39124 ms] [UE 48787] UL: SNR = 63.50 dB | SE = 20.778 bit/s/Hz
[39124 ms] [UE 40252] UL: SNR = 56.00 dB | SE = 18.324 bit/s/Hz
[39124 ms] [UE 15599] UL: SNR = 52.50 dB | SE = 17.179 bit/s/Hz
[39184 ms] [UE 33952] UL: SNR = 63.50 dB | SE = 20.778 bit/s/Hz
[39184 ms] [UE 12169] UL: SNR = 63.50 dB | SE = 20.778 bit/s/Hz
[39184 ms] [UE 22873] UL: SNR = 57.50 dB | SE = 18.815 bit/s/Hz
[39184 ms] [UE 30556] UL: SNR = 63.50 dB | SE = 20.778 bit/s/Hz
[39184 ms] [UE 20945] UL: SNR = 63.50 dB | SE = 20.778 bit/s/Hz
[39234 ms] [UE 45898] UL: SNR = 63.50 dB | SE = 20.778 bit/s/Hz
[39234 ms] [UE 36997] UL: SNR = 63.50 dB | SE = 20.778 bit/s/Hz
[39234 ms] [UE 48787] UL: SNR = 63.50 dB | SE = 20.778 bit/s/Hz
[39234 ms] [UE 40252] UL: SNR = 56.00 dB | SE = 18.324 bit/s/Hz
[39234 ms] [UE 15599] UL: SNR = 52.50 dB | SE = 17.179 bit/s/Hz
[39284 ms] [UE 33952] UL: SNR = 63.50 dB | SE = 20.778 bit/s/Hz
[39284 ms] [UE 12169] UL: SNR = 63.50 dB | SE = 20.778 bit/s/Hz
[39284 ms] [UE 22873] UL: SNR = 57.50 dB | SE = 18.815 bit/s/Hz
[39284 ms] [UE 30556] UL: SNR = 63.50 dB | SE = 20.778 bit/s/Hz
[39284 ms] [UE 20945] UL: SNR = 63.50 dB | SE = 20.778 bit/s/Hz
[39343 ms] [UE 45898] UL: SNR = 63.50 dB | SE = 20.778 bit/s/Hz
[39343 ms] [UE 36997] UL: SNR = 63.50 dB | SE = 20.778 bit/s/Hz
[39343 ms] [UE 48787] UL: SNR = 63.50 dB | SE = 20.778 bit/s/Hz
[39343 ms] [UE 40252] UL: SNR = 56.00 dB | SE = 18.324 bit/s/Hz
[39343 ms] [UE 15599] UL: SNR = 52.50 dB | SE = 17.179 bit/s/Hz
[39395 ms] [UE 33952] UL: SNR = 63.50 dB | SE = 20.778 bit/s/Hz
[39395 ms] [UE 12169] UL: SNR = 63.50 dB | SE = 20.778 bit/s/Hz
[39395 ms] [UE 22873] UL: SNR = 57.50 dB | SE = 18.815 bit/s/Hz
[39395 ms] [UE 30556] UL: SNR = 63.50 dB | SE = 20.778 bit/s/Hz
[39395 ms] [UE 20945] UL: SNR = 63.50 dB | SE = 20.778 bit/s/Hz
[39452 ms] [UE 45898] UL: SNR = 63.50 dB | SE = 20.778 bit/s/Hz
[39452 ms] [UE 36997] UL: SNR = 63.50 dB | SE = 20.778 bit/s/Hz
[39452 ms] [UE 48787] UL: SNR = 63.50 dB | SE = 20.778 bit/s/Hz
[39452 ms] [UE 40252] UL: SNR = 56.00 dB | SE = 18.324 bit/s/Hz
[39452 ms] [UE 15599] UL: SNR = 52.50 dB | SE = 17.179 bit/s/Hz
[39505 ms] [UE 33952] UL: SNR = 63.50 dB | SE = 20.778 bit/s/Hz
[39505 ms] [UE 12169] UL: SNR = 63.50 dB | SE = 20.778 bit/s/Hz
[39505 ms] [UE 22873] UL: SNR = 57.50 dB | SE = 18.815 bit/s/Hz
[39505 ms] [UE 30556] UL: SNR = 63.50 dB | SE = 20.778 bit/s/Hz
[39505 ms] [UE 20945] UL: SNR = 63.50 dB | SE = 20.778 bit/s/Hz
[39553 ms] [UE 45898] UL: SNR = 63.50 dB | SE = 20.778 bit/s/Hz
[39553 ms] [UE 36997] UL: SNR = 63.50 dB | SE = 20.778 bit/s/Hz
[39553 ms] [UE 48787] UL: SNR = 63.50 dB | SE = 20.778 bit/s/Hz
[39553 ms] [UE 40252] UL: SNR = 56.00 dB | SE = 18.324 bit/s/Hz
[39553 ms] [UE 15599] UL: SNR = 52.50 dB | SE = 17.179 bit/s/Hz
[39605 ms] [UE 33952] UL: SNR = 63.50 dB | SE = 20.778 bit/s/Hz
[39605 ms] [UE 12169] UL: SNR = 63.50 dB | SE = 20.778 bit/s/Hz
[39605 ms] [UE 22873] UL: SNR = 57.50 dB | SE = 18.815 bit/s/Hz
[39605 ms] [UE 30556] UL: SNR = 63.50 dB | SE = 20.778 bit/s/Hz
[39605 ms] [UE 20945] UL: SNR = 63.50 dB | SE = 20.778 bit/s/Hz
[39653 ms] [UE 45898] UL: SNR = 63.50 dB | SE = 20.778 bit/s/Hz
[39653 ms] [UE 36997] UL: SNR = 63.50 dB | SE = 20.778 bit/s/Hz
[39653 ms] [UE 48787] UL: SNR = 63.50 dB | SE = 20.778 bit/s/Hz
[39653 ms] [UE 40252] UL: SNR = 56.00 dB | SE = 18.324 bit/s/Hz
[39653 ms] [UE 15599] UL: SNR = 52.50 dB | SE = 17.179 bit/s/Hz
[39717 ms] [UE 33952] UL: SNR = 63.50 dB | SE = 20.778 bit/s/Hz
[39717 ms] [UE 12169] UL: SNR = 63.50 dB | SE = 20.778 bit/s/Hz
[39717 ms] [UE 22873] UL: SNR = 57.50 dB | SE = 18.815 bit/s/Hz
[39717 ms] [UE 30556] UL: SNR = 63.50 dB | SE = 20.778 bit/s/Hz
[39717 ms] [UE 20945] UL: SNR = 63.50 dB | SE = 20.778 bit/s/Hz
[39763 ms] [UE 45898] UL: SNR = 63.50 dB | SE = 20.778 bit/s/Hz
[39763 ms] [UE 36997] UL: SNR = 63.50 dB | SE = 20.778 bit/s/Hz
[39763 ms] [UE 48787] UL: SNR = 63.50 dB | SE = 20.778 bit/s/Hz
[39763 ms] [UE 40252] UL: SNR = 56.00 dB | SE = 18.324 bit/s/Hz
[39763 ms] [UE 15599] UL: SNR = 52.50 dB | SE = 17.179 bit/s/Hz
[39829 ms] [UE 33952] UL: SNR = 63.50 dB | SE = 20.778 bit/s/Hz
[39829 ms] [UE 12169] UL: SNR = 63.50 dB | SE = 20.778 bit/s/Hz
[39829 ms] [UE 22873] UL: SNR = 57.50 dB | SE = 18.815 bit/s/Hz
[39829 ms] [UE 30556] UL: SNR = 63.50 dB | SE = 20.778 bit/s/Hz
[39829 ms] [UE 20945] UL: SNR = 63.50 dB | SE = 20.778 bit/s/Hz
[39873 ms] [UE 45898] UL: SNR = 63.50 dB | SE = 20.778 bit/s/Hz
[39873 ms] [UE 36997] UL: SNR = 63.50 dB | SE = 20.778 bit/s/Hz
[39873 ms] [UE 48787] UL: SNR = 63.50 dB | SE = 20.778 bit/s/Hz
[39873 ms] [UE 40252] UL: SNR = 56.00 dB | SE = 18.324 bit/s/Hz
[39873 ms] [UE 15599] UL: SNR = 52.50 dB | SE = 17.179 bit/s/Hz
[39935 ms] [UE 33952] UL: SNR = 63.50 dB | SE = 20.778 bit/s/Hz
[39935 ms] [UE 12169] UL: SNR = 63.50 dB | SE = 20.778 bit/s/Hz
[39935 ms] [UE 22873] UL: SNR = 57.50 dB | SE = 18.815 bit/s/Hz
[39935 ms] [UE 30556] UL: SNR = 63.50 dB | SE = 20.778 bit/s/Hz
[39935 ms] [UE 20945] UL: SNR = 63.50 dB | SE = 20.778 bit/s/Hz
[39983 ms] [UE 45898] UL: SNR = 63.50 dB | SE = 20.778 bit/s/Hz
[39983 ms] [UE 36997] UL: SNR = 63.50 dB | SE = 20.778 bit/s/Hz
[39983 ms] [UE 48787] UL: SNR = 63.50 dB | SE = 20.778 bit/s/Hz
[39983 ms] [UE 40252] UL: SNR = 56.00 dB | SE = 18.324 bit/s/Hz
[39983 ms] [UE 15599] UL: SNR = 52.50 dB | SE = 17.179 bit/s/Hz
[40045 ms] [UE 33952] UL: SNR = 63.50 dB | SE = 20.778 bit/s/Hz
[40045 ms] [UE 12169] UL: SNR = 63.50 dB | SE = 20.778 bit/s/Hz
[40045 ms] [UE 22873] UL: SNR = 57.50 dB | SE = 18.815 bit/s/Hz
[40045 ms] [UE 30556] UL: SNR = 63.50 dB | SE = 20.778 bit/s/Hz
[40045 ms] [UE 20945] UL: SNR = 63.50 dB | SE = 20.778 bit/s/Hz
[40083 ms] [UE 45898] UL: SNR = 63.50 dB | SE = 20.778 bit/s/Hz
[40083 ms] [UE 36997] UL: SNR = 63.50 dB | SE = 20.778 bit/s/Hz
[40083 ms] [UE 48787] UL: SNR = 63.50 dB | SE = 20.778 bit/s/Hz
[40083 ms] [UE 40252] UL: SNR = 56.00 dB | SE = 18.324 bit/s/Hz
[40083 ms] [UE 15599] UL: SNR = 52.50 dB | SE = 17.179 bit/s/Hz
[40156 ms] [UE 33952] UL: SNR = 63.50 dB | SE = 20.778 bit/s/Hz
[40156 ms] [UE 12169] UL: SNR = 63.50 dB | SE = 20.778 bit/s/Hz
[40156 ms] [UE 22873] UL: SNR = 57.50 dB | SE = 18.815 bit/s/Hz
[40156 ms] [UE 30556] UL: SNR = 63.50 dB | SE = 20.778 bit/s/Hz
[40156 ms] [UE 20945] UL: SNR = 63.50 dB | SE = 20.778 bit/s/Hz
[40193 ms] [UE 45898] UL: SNR = 63.50 dB | SE = 20.778 bit/s/Hz
[40193 ms] [UE 36997] UL: SNR = 63.50 dB | SE = 20.778 bit/s/Hz
[40193 ms] [UE 48787] UL: SNR = 63.50 dB | SE = 20.778 bit/s/Hz
[40193 ms] [UE 40252] UL: SNR = 56.00 dB | SE = 18.324 bit/s/Hz
[40193 ms] [UE 15599] UL: SNR = 52.50 dB | SE = 17.179 bit/s/Hz
[40265 ms] [UE 33952] UL: SNR = 63.50 dB | SE = 20.778 bit/s/Hz
[40265 ms] [UE 12169] UL: SNR = 63.50 dB | SE = 20.778 bit/s/Hz
[40265 ms] [UE 22873] UL: SNR = 57.50 dB | SE = 18.815 bit/s/Hz
[40265 ms] [UE 30556] UL: SNR = 63.50 dB | SE = 20.778 bit/s/Hz
[40265 ms] [UE 20945] UL: SNR = 63.50 dB | SE = 20.778 bit/s/Hz
[40303 ms] [UE 45898] UL: SNR = 63.50 dB | SE = 20.778 bit/s/Hz
[40303 ms] [UE 36997] UL: SNR = 63.50 dB | SE = 20.778 bit/s/Hz
[40303 ms] [UE 48787] UL: SNR = 63.50 dB | SE = 20.778 bit/s/Hz
[40303 ms] [UE 40252] UL: SNR = 56.00 dB | SE = 18.324 bit/s/Hz
[40303 ms] [UE 15599] UL: SNR = 52.50 dB | SE = 17.179 bit/s/Hz
[40375 ms] [UE 33952] UL: SNR = 63.50 dB | SE = 20.778 bit/s/Hz
[40375 ms] [UE 12169] UL: SNR = 63.50 dB | SE = 20.778 bit/s/Hz
[40375 ms] [UE 22873] UL: SNR = 57.50 dB | SE = 18.815 bit/s/Hz
[40375 ms] [UE 30556] UL: SNR = 63.50 dB | SE = 20.778 bit/s/Hz
[40375 ms] [UE 20945] UL: SNR = 63.50 dB | SE = 20.778 bit/s/Hz
[40403 ms] [UE 45898] UL: SNR = 63.50 dB | SE = 20.778 bit/s/Hz
[40403 ms] [UE 36997] UL: SNR = 63.50 dB | SE = 20.778 bit/s/Hz
[40403 ms] [UE 48787] UL: SNR = 63.50 dB | SE = 20.778 bit/s/Hz
[40403 ms] [UE 40252] UL: SNR = 56.00 dB | SE = 18.324 bit/s/Hz
[40403 ms] [UE 15599] UL: SNR = 52.50 dB | SE = 17.179 bit/s/Hz
[40484 ms] [UE 33952] UL: SNR = 63.50 dB | SE = 20.778 bit/s/Hz
[40484 ms] [UE 12169] UL: SNR = 63.50 dB | SE = 20.778 bit/s/Hz
[40484 ms] [UE 22873] UL: SNR = 57.50 dB | SE = 18.815 bit/s/Hz
[40484 ms] [UE 30556] UL: SNR = 63.50 dB | SE = 20.778 bit/s/Hz
[40484 ms] [UE 20945] UL: SNR = 63.50 dB | SE = 20.778 bit/s/Hz
[40503 ms] [UE 45898] UL: SNR = 63.50 dB | SE = 20.778 bit/s/Hz
[40503 ms] [UE 36997] UL: SNR = 63.50 dB | SE = 20.778 bit/s/Hz
[40503 ms] [UE 48787] UL: SNR = 63.50 dB | SE = 20.778 bit/s/Hz
[40503 ms] [UE 40252] UL: SNR = 56.00 dB | SE = 18.324 bit/s/Hz
[40503 ms] [UE 15599] UL: SNR = 52.50 dB | SE = 17.179 bit/s/Hz
[40585 ms] [UE 33952] UL: SNR = 63.50 dB | SE = 20.778 bit/s/Hz
[40585 ms] [UE 12169] UL: SNR = 63.50 dB | SE = 20.778 bit/s/Hz
[40585 ms] [UE 22873] UL: SNR = 57.50 dB | SE = 18.815 bit/s/Hz
[40585 ms] [UE 30556] UL: SNR = 63.50 dB | SE = 20.778 bit/s/Hz
[40585 ms] [UE 20945] UL: SNR = 63.50 dB | SE = 20.778 bit/s/Hz
[40613 ms] [UE 45898] UL: SNR = 63.50 dB | SE = 20.778 bit/s/Hz
[40613 ms] [UE 36997] UL: SNR = 63.50 dB | SE = 20.778 bit/s/Hz
[40613 ms] [UE 48787] UL: SNR = 63.50 dB | SE = 20.778 bit/s/Hz
[40613 ms] [UE 40252] UL: SNR = 56.00 dB | SE = 18.324 bit/s/Hz
[40613 ms] [UE 15599] UL: SNR = 52.50 dB | SE = 17.179 bit/s/Hz
[40694 ms] [UE 33952] UL: SNR = 63.50 dB | SE = 20.778 bit/s/Hz
[40694 ms] [UE 12169] UL: SNR = 63.50 dB | SE = 20.778 bit/s/Hz
[40694 ms] [UE 22873] UL: SNR = 57.50 dB | SE = 18.815 bit/s/Hz
[40694 ms] [UE 30556] UL: SNR = 63.50 dB | SE = 20.778 bit/s/Hz
[40694 ms] [UE 20945] UL: SNR = 63.50 dB | SE = 20.778 bit/s/Hz
[40723 ms] [UE 45898] UL: SNR = 63.50 dB | SE = 20.778 bit/s/Hz
[40723 ms] [UE 36997] UL: SNR = 63.50 dB | SE = 20.778 bit/s/Hz
[40723 ms] [UE 48787] UL: SNR = 63.50 dB | SE = 20.778 bit/s/Hz
[40723 ms] [UE 40252] UL: SNR = 56.00 dB | SE = 18.324 bit/s/Hz
[40723 ms] [UE 15599] UL: SNR = 52.50 dB | SE = 17.179 bit/s/Hz
[40805 ms] [UE 33952] UL: SNR = 63.50 dB | SE = 20.778 bit/s/Hz
[40805 ms] [UE 12169] UL: SNR = 63.50 dB | SE = 20.778 bit/s/Hz
[40805 ms] [UE 22873] UL: SNR = 57.50 dB | SE = 18.815 bit/s/Hz
[40805 ms] [UE 30556] UL: SNR = 7.50 dB | SE = 2.687 bit/s/Hz
[40805 ms] [UE 20945] UL: SNR = 63.50 dB | SE = 20.778 bit/s/Hz
[40833 ms] [UE 45898] UL: SNR = 63.50 dB | SE = 20.778 bit/s/Hz
[40833 ms] [UE 36997] UL: SNR = 63.50 dB | SE = 20.778 bit/s/Hz
[40833 ms] [UE 48787] UL: SNR = 63.50 dB | SE = 20.778 bit/s/Hz
[40833 ms] [UE 40252] UL: SNR = 56.00 dB | SE = 18.324 bit/s/Hz
[40833 ms] [UE 15599] UL: SNR = 52.50 dB | SE = 17.179 bit/s/Hz
[40915 ms] [UE 33952] UL: SNR = 63.50 dB | SE = 20.778 bit/s/Hz
[40915 ms] [UE 12169] UL: SNR = 63.50 dB | SE = 20.778 bit/s/Hz
[40915 ms] [UE 22873] UL: SNR = 57.50 dB | SE = 18.815 bit/s/Hz
[40915 ms] [UE 30556] UL: SNR = 7.50 dB | SE = 2.687 bit/s/Hz
[40915 ms] [UE 20945] UL: SNR = 63.50 dB | SE = 20.778 bit/s/Hz
[40933 ms] [UE 45898] UL: SNR = 63.50 dB | SE = 20.778 bit/s/Hz
[40933 ms] [UE 36997] UL: SNR = 63.50 dB | SE = 20.778 bit/s/Hz
[40933 ms] [UE 48787] UL: SNR = 63.50 dB | SE = 20.778 bit/s/Hz
[40933 ms] [UE 40252] UL: SNR = 56.00 dB | SE = 18.324 bit/s/Hz
[40933 ms] [UE 15599] UL: SNR = 52.50 dB | SE = 17.179 bit/s/Hz
[41025 ms] [UE 33952] UL: SNR = 63.50 dB | SE = 20.778 bit/s/Hz
[41025 ms] [UE 12169] UL: SNR = 63.50 dB | SE = 20.778 bit/s/Hz
[41025 ms] [UE 22873] UL: SNR = 57.50 dB | SE = 18.815 bit/s/Hz
[41025 ms] [UE 30556] UL: SNR = 7.50 dB | SE = 2.687 bit/s/Hz
[41025 ms] [UE 20945] UL: SNR = 63.50 dB | SE = 20.778 bit/s/Hz
[41043 ms] [UE 45898] UL: SNR = 63.50 dB | SE = 20.778 bit/s/Hz
[41043 ms] [UE 36997] UL: SNR = 63.50 dB | SE = 20.778 bit/s/Hz
[41043 ms] [UE 48787] UL: SNR = 63.50 dB | SE = 20.778 bit/s/Hz
[41043 ms] [UE 40252] UL: SNR = 56.00 dB | SE = 18.324 bit/s/Hz
[41043 ms] [UE 15599] UL: SNR = 52.50 dB | SE = 17.179 bit/s/Hz
[41125 ms] [UE 33952] UL: SNR = 63.50 dB | SE = 20.778 bit/s/Hz
[41125 ms] [UE 12169] UL: SNR = 63.50 dB | SE = 20.778 bit/s/Hz
[41125 ms] [UE 22873] UL: SNR = 57.50 dB | SE = 18.815 bit/s/Hz
[41125 ms] [UE 30556] UL: SNR = 7.50 dB | SE = 2.687 bit/s/Hz
[41125 ms] [UE 20945] UL: SNR = 63.50 dB | SE = 20.778 bit/s/Hz
[41153 ms] [UE 45898] UL: SNR = 63.50 dB | SE = 20.778 bit/s/Hz
[41153 ms] [UE 36997] UL: SNR = 63.50 dB | SE = 20.778 bit/s/Hz
[41153 ms] [UE 48787] UL: SNR = 63.50 dB | SE = 20.778 bit/s/Hz
[41153 ms] [UE 40252] UL: SNR = 56.00 dB | SE = 18.324 bit/s/Hz
[41153 ms] [UE 15599] UL: SNR = 52.50 dB | SE = 17.179 bit/s/Hz
[41235 ms] [UE 33952] UL: SNR = 63.50 dB | SE = 20.778 bit/s/Hz
[41235 ms] [UE 12169] UL: SNR = 63.50 dB | SE = 20.778 bit/s/Hz
[41235 ms] [UE 22873] UL: SNR = 57.50 dB | SE = 18.815 bit/s/Hz
[41235 ms] [UE 30556] UL: SNR = 7.50 dB | SE = 2.687 bit/s/Hz
[41235 ms] [UE 20945] UL: SNR = 63.50 dB | SE = 20.778 bit/s/Hz
[41263 ms] [UE 45898] UL: SNR = 63.50 dB | SE = 20.778 bit/s/Hz
[41263 ms] [UE 36997] UL: SNR = 63.50 dB | SE = 20.778 bit/s/Hz
[41263 ms] [UE 48787] UL: SNR = 63.50 dB | SE = 20.778 bit/s/Hz
[41263 ms] [UE 40252] UL: SNR = 56.00 dB | SE = 18.324 bit/s/Hz
[41263 ms] [UE 15599] UL: SNR = 52.50 dB | SE = 17.179 bit/s/Hz
[41347 ms] [UE 33952] UL: SNR = 63.50 dB | SE = 20.778 bit/s/Hz
[41347 ms] [UE 12169] UL: SNR = 63.50 dB | SE = 20.778 bit/s/Hz
[41347 ms] [UE 22873] UL: SNR = 57.50 dB | SE = 18.815 bit/s/Hz
[41347 ms] [UE 30556] UL: SNR = 7.50 dB | SE = 2.687 bit/s/Hz
[41347 ms] [UE 20945] UL: SNR = 63.50 dB | SE = 20.778 bit/s/Hz
[41363 ms] [UE 45898] UL: SNR = 63.50 dB | SE = 20.778 bit/s/Hz
[41363 ms] [UE 36997] UL: SNR = 63.50 dB | SE = 20.778 bit/s/Hz
[41363 ms] [UE 48787] UL: SNR = 63.50 dB | SE = 20.778 bit/s/Hz
[41363 ms] [UE 40252] UL: SNR = 56.00 dB | SE = 18.324 bit/s/Hz
[41363 ms] [UE 15599] UL: SNR = 52.50 dB | SE = 17.179 bit/s/Hz
[41455 ms] [UE 33952] UL: SNR = 57.50 dB | SE = 18.815 bit/s/Hz
[41455 ms] [UE 12169] UL: SNR = 63.50 dB | SE = 20.778 bit/s/Hz
[41455 ms] [UE 22873] UL: SNR = 57.50 dB | SE = 18.815 bit/s/Hz
[41455 ms] [UE 30556] UL: SNR = 52.50 dB | SE = 17.179 bit/s/Hz
[41455 ms] [UE 20945] UL: SNR = 63.50 dB | SE = 20.778 bit/s/Hz
[41463 ms] [UE 45898] UL: SNR = 63.50 dB | SE = 20.778 bit/s/Hz
[41463 ms] [UE 36997] UL: SNR = 63.50 dB | SE = 20.778 bit/s/Hz
[41463 ms] [UE 48787] UL: SNR = 63.50 dB | SE = 20.778 bit/s/Hz
[41463 ms] [UE 40252] UL: SNR = 56.00 dB | SE = 18.324 bit/s/Hz
[41463 ms] [UE 15599] UL: SNR = 52.50 dB | SE = 17.179 bit/s/Hz
[41565 ms] [UE 33952] UL: SNR = 57.50 dB | SE = 18.815 bit/s/Hz
[41565 ms] [UE 12169] UL: SNR = 63.50 dB | SE = 20.778 bit/s/Hz
[41565 ms] [UE 22873] UL: SNR = 57.50 dB | SE = 18.815 bit/s/Hz
[41565 ms] [UE 30556] UL: SNR = 52.50 dB | SE = 17.179 bit/s/Hz
[41565 ms] [UE 20945] UL: SNR = 63.50 dB | SE = 20.778 bit/s/Hz
[41573 ms] [UE 45898] UL: SNR = 63.50 dB | SE = 20.778 bit/s/Hz
[41573 ms] [UE 36997] UL: SNR = 63.50 dB | SE = 20.778 bit/s/Hz
[41573 ms] [UE 48787] UL: SNR = 63.50 dB | SE = 20.778 bit/s/Hz
[41573 ms] [UE 40252] UL: SNR = 56.00 dB | SE = 18.324 bit/s/Hz
[41573 ms] [UE 15599] UL: SNR = 52.50 dB | SE = 17.179 bit/s/Hz
[41665 ms] [UE 33952] UL: SNR = 57.50 dB | SE = 18.815 bit/s/Hz
[41665 ms] [UE 12169] UL: SNR = 63.50 dB | SE = 20.778 bit/s/Hz
[41665 ms] [UE 22873] UL: SNR = 57.50 dB | SE = 18.815 bit/s/Hz
[41665 ms] [UE 30556] UL: SNR = 54.00 dB | SE = 17.669 bit/s/Hz
[41665 ms] [UE 20945] UL: SNR = 63.50 dB | SE = 20.778 bit/s/Hz
[41683 ms] [UE 45898] UL: SNR = 63.50 dB | SE = 20.778 bit/s/Hz
[41683 ms] [UE 36997] UL: SNR = 63.50 dB | SE = 20.778 bit/s/Hz
[41683 ms] [UE 48787] UL: SNR = 63.50 dB | SE = 20.778 bit/s/Hz
[41683 ms] [UE 40252] UL: SNR = 56.00 dB | SE = 18.324 bit/s/Hz
[41683 ms] [UE 15599] UL: SNR = 52.50 dB | SE = 17.179 bit/s/Hz
[41775 ms] [UE 33952] UL: SNR = 57.50 dB | SE = 18.815 bit/s/Hz
[41775 ms] [UE 12169] UL: SNR = 63.50 dB | SE = 20.778 bit/s/Hz
[41775 ms] [UE 22873] UL: SNR = 57.50 dB | SE = 18.815 bit/s/Hz
[41775 ms] [UE 30556] UL: SNR = 54.00 dB | SE = 17.669 bit/s/Hz
[41775 ms] [UE 20945] UL: SNR = 63.50 dB | SE = 20.778 bit/s/Hz
[41783 ms] [UE 45898] UL: SNR = 63.50 dB | SE = 20.778 bit/s/Hz
[41783 ms] [UE 36997] UL: SNR = 63.50 dB | SE = 20.778 bit/s/Hz
[41783 ms] [UE 48787] UL: SNR = 63.50 dB | SE = 20.778 bit/s/Hz
[41783 ms] [UE 40252] UL: SNR = 56.00 dB | SE = 18.324 bit/s/Hz
[41783 ms] [UE 15599] UL: SNR = 52.50 dB | SE = 17.179 bit/s/Hz
[41883 ms] [UE 45898] UL: SNR = 63.50 dB | SE = 20.778 bit/s/Hz
[41883 ms] [UE 36997] UL: SNR = 63.50 dB | SE = 20.778 bit/s/Hz
[41883 ms] [UE 48787] UL: SNR = 63.50 dB | SE = 20.778 bit/s/Hz
[41883 ms] [UE 40252] UL: SNR = 56.00 dB | SE = 18.324 bit/s/Hz
[41883 ms] [UE 15599] UL: SNR = 52.50 dB | SE = 17.179 bit/s/Hz
[41885 ms] [UE 33952] UL: SNR = 57.50 dB | SE = 18.815 bit/s/Hz
[41885 ms] [UE 12169] UL: SNR = 63.50 dB | SE = 20.778 bit/s/Hz
[41885 ms] [UE 22873] UL: SNR = 57.50 dB | SE = 18.815 bit/s/Hz
[41885 ms] [UE 30556] UL: SNR = 54.00 dB | SE = 17.669 bit/s/Hz
[41885 ms] [UE 20945] UL: SNR = 63.50 dB | SE = 20.778 bit/s/Hz
[41993 ms] [UE 45898] UL: SNR = 63.50 dB | SE = 20.778 bit/s/Hz
[41993 ms] [UE 36997] UL: SNR = 63.50 dB | SE = 20.778 bit/s/Hz
[41993 ms] [UE 48787] UL: SNR = 63.50 dB | SE = 20.778 bit/s/Hz
[41993 ms] [UE 40252] UL: SNR = 56.00 dB | SE = 18.324 bit/s/Hz
[41993 ms] [UE 15599] UL: SNR = 52.50 dB | SE = 17.179 bit/s/Hz
[41995 ms] [UE 33952] UL: SNR = 57.50 dB | SE = 18.815 bit/s/Hz
[41995 ms] [UE 12169] UL: SNR = 63.50 dB | SE = 20.778 bit/s/Hz
[41995 ms] [UE 22873] UL: SNR = 57.50 dB | SE = 18.815 bit/s/Hz
[41995 ms] [UE 30556] UL: SNR = 63.50 dB | SE = 20.778 bit/s/Hz
[41995 ms] [UE 20945] UL: SNR = 63.50 dB | SE = 20.778 bit/s/Hz
[42093 ms] [UE 45898] UL: SNR = 63.50 dB | SE = 20.778 bit/s/Hz
[42093 ms] [UE 36997] UL: SNR = 63.50 dB | SE = 20.778 bit/s/Hz
[42093 ms] [UE 48787] UL: SNR = 63.50 dB | SE = 20.778 bit/s/Hz
[42093 ms] [UE 40252] UL: SNR = 56.00 dB | SE = 18.324 bit/s/Hz
[42093 ms] [UE 15599] UL: SNR = 52.50 dB | SE = 17.179 bit/s/Hz
[42095 ms] [UE 33952] UL: SNR = 57.50 dB | SE = 18.815 bit/s/Hz
[42095 ms] [UE 12169] UL: SNR = 63.50 dB | SE = 20.778 bit/s/Hz
[42095 ms] [UE 22873] UL: SNR = 57.50 dB | SE = 18.815 bit/s/Hz
[42095 ms] [UE 30556] UL: SNR = 63.50 dB | SE = 20.778 bit/s/Hz
[42095 ms] [UE 20945] UL: SNR = 63.50 dB | SE = 20.778 bit/s/Hz
[42195 ms] [UE 33952] UL: SNR = 57.50 dB | SE = 18.815 bit/s/Hz
[42195 ms] [UE 12169] UL: SNR = 63.50 dB | SE = 20.778 bit/s/Hz
[42195 ms] [UE 22873] UL: SNR = 57.50 dB | SE = 18.815 bit/s/Hz
[42195 ms] [UE 30556] UL: SNR = 54.00 dB | SE = 17.669 bit/s/Hz
[42195 ms] [UE 20945] UL: SNR = 63.50 dB | SE = 20.778 bit/s/Hz
[42203 ms] [UE 45898] UL: SNR = 63.50 dB | SE = 20.778 bit/s/Hz
[42203 ms] [UE 36997] UL: SNR = 63.50 dB | SE = 20.778 bit/s/Hz
[42203 ms] [UE 48787] UL: SNR = 63.50 dB | SE = 20.778 bit/s/Hz
[42203 ms] [UE 40252] UL: SNR = 56.00 dB | SE = 18.324 bit/s/Hz
[42203 ms] [UE 15599] UL: SNR = 52.50 dB | SE = 17.179 bit/s/Hz
[42303 ms] [UE 45898] UL: SNR = 63.50 dB | SE = 20.778 bit/s/Hz
[42303 ms] [UE 36997] UL: SNR = 63.50 dB | SE = 20.778 bit/s/Hz
[42303 ms] [UE 48787] UL: SNR = 63.50 dB | SE = 20.778 bit/s/Hz
[42303 ms] [UE 40252] UL: SNR = 56.00 dB | SE = 18.324 bit/s/Hz
[42303 ms] [UE 15599] UL: SNR = 52.50 dB | SE = 17.179 bit/s/Hz
[42305 ms] [UE 33952] UL: SNR = 57.50 dB | SE = 18.815 bit/s/Hz
[42305 ms] [UE 12169] UL: SNR = 63.50 dB | SE = 20.778 bit/s/Hz
[42305 ms] [UE 22873] UL: SNR = 57.50 dB | SE = 18.815 bit/s/Hz
[42305 ms] [UE 30556] UL: SNR = 54.00 dB | SE = 17.669 bit/s/Hz
[42305 ms] [UE 20945] UL: SNR = 63.50 dB | SE = 20.778 bit/s/Hz
[42413 ms] [UE 45898] UL: SNR = 63.50 dB | SE = 20.778 bit/s/Hz
[42413 ms] [UE 36997] UL: SNR = 63.50 dB | SE = 20.778 bit/s/Hz
[42413 ms] [UE 48787] UL: SNR = 63.50 dB | SE = 20.778 bit/s/Hz
[42413 ms] [UE 40252] UL: SNR = 56.00 dB | SE = 18.324 bit/s/Hz
[42413 ms] [UE 15599] UL: SNR = 52.50 dB | SE = 17.179 bit/s/Hz
[42414 ms] [UE 33952] UL: SNR = 57.50 dB | SE = 18.815 bit/s/Hz
[42414 ms] [UE 12169] UL: SNR = 63.50 dB | SE = 20.778 bit/s/Hz
[42414 ms] [UE 22873] UL: SNR = 57.50 dB | SE = 18.815 bit/s/Hz
[42414 ms] [UE 30556] UL: SNR = 63.50 dB | SE = 20.778 bit/s/Hz
[42414 ms] [UE 20945] UL: SNR = 63.50 dB | SE = 20.778 bit/s/Hz
[42513 ms] [UE 45898] UL: SNR = 63.50 dB | SE = 20.778 bit/s/Hz
[42513 ms] [UE 36997] UL: SNR = 63.50 dB | SE = 20.778 bit/s/Hz
[42513 ms] [UE 48787] UL: SNR = 63.50 dB | SE = 20.778 bit/s/Hz
[42513 ms] [UE 40252] UL: SNR = 56.00 dB | SE = 18.324 bit/s/Hz
[42513 ms] [UE 15599] UL: SNR = 52.50 dB | SE = 17.179 bit/s/Hz
[42515 ms] [UE 33952] UL: SNR = 57.50 dB | SE = 18.815 bit/s/Hz
[42515 ms] [UE 12169] UL: SNR = 63.50 dB | SE = 20.778 bit/s/Hz
[42515 ms] [UE 22873] UL: SNR = 63.50 dB | SE = 20.778 bit/s/Hz
[42515 ms] [UE 30556] UL: SNR = 63.50 dB | SE = 20.778 bit/s/Hz
[42515 ms] [UE 20945] UL: SNR = 63.50 dB | SE = 20.778 bit/s/Hz
[42614 ms] [UE 45898] UL: SNR = 63.50 dB | SE = 20.778 bit/s/Hz
[42614 ms] [UE 36997] UL: SNR = 63.50 dB | SE = 20.778 bit/s/Hz
[42614 ms] [UE 48787] UL: SNR = 63.50 dB | SE = 20.778 bit/s/Hz
[42614 ms] [UE 40252] UL: SNR = 56.00 dB | SE = 18.324 bit/s/Hz
[42614 ms] [UE 15599] UL: SNR = 52.50 dB | SE = 17.179 bit/s/Hz
[42619 ms] [UE 33952] UL: SNR = 57.50 dB | SE = 18.815 bit/s/Hz
[42619 ms] [UE 12169] UL: SNR = 63.50 dB | SE = 20.778 bit/s/Hz
[42619 ms] [UE 22873] UL: SNR = 63.50 dB | SE = 20.778 bit/s/Hz
[42619 ms] [UE 30556] UL: SNR = 63.50 dB | SE = 20.778 bit/s/Hz
[42619 ms] [UE 20945] UL: SNR = 63.50 dB | SE = 20.778 bit/s/Hz
[42723 ms] [UE 45898] UL: SNR = 63.50 dB | SE = 20.778 bit/s/Hz
[42723 ms] [UE 36997] UL: SNR = 63.50 dB | SE = 20.778 bit/s/Hz
[42723 ms] [UE 48787] UL: SNR = 63.50 dB | SE = 20.778 bit/s/Hz
[42723 ms] [UE 40252] UL: SNR = 56.00 dB | SE = 18.324 bit/s/Hz
[42723 ms] [UE 15599] UL: SNR = 52.50 dB | SE = 17.179 bit/s/Hz
[42727 ms] [UE 33952] UL: SNR = 57.50 dB | SE = 18.815 bit/s/Hz
[42727 ms] [UE 12169] UL: SNR = 63.50 dB | SE = 20.778 bit/s/Hz
[42727 ms] [UE 22873] UL: SNR = 63.50 dB | SE = 20.778 bit/s/Hz
[42727 ms] [UE 30556] UL: SNR = 63.50 dB | SE = 20.778 bit/s/Hz
[42727 ms] [UE 20945] UL: SNR = 63.50 dB | SE = 20.778 bit/s/Hz
[42833 ms] [UE 45898] UL: SNR = 63.50 dB | SE = 20.778 bit/s/Hz
[42833 ms] [UE 36997] UL: SNR = 63.50 dB | SE = 20.778 bit/s/Hz
[42833 ms] [UE 48787] UL: SNR = 63.50 dB | SE = 20.778 bit/s/Hz
[42833 ms] [UE 40252] UL: SNR = 56.00 dB | SE = 18.324 bit/s/Hz
[42833 ms] [UE 15599] UL: SNR = 52.50 dB | SE = 17.179 bit/s/Hz
[42835 ms] [UE 33952] UL: SNR = 57.50 dB | SE = 18.815 bit/s/Hz
[42835 ms] [UE 12169] UL: SNR = 63.50 dB | SE = 20.778 bit/s/Hz
[42835 ms] [UE 22873] UL: SNR = 63.50 dB | SE = 20.778 bit/s/Hz
[42835 ms] [UE 30556] UL: SNR = 63.50 dB | SE = 20.778 bit/s/Hz
[42835 ms] [UE 20945] UL: SNR = 63.50 dB | SE = 20.778 bit/s/Hz
[42936 ms] [UE 33952] UL: SNR = 57.50 dB | SE = 18.815 bit/s/Hz
[42936 ms] [UE 12169] UL: SNR = 63.50 dB | SE = 20.778 bit/s/Hz
[42936 ms] [UE 22873] UL: SNR = 63.50 dB | SE = 20.778 bit/s/Hz
[42936 ms] [UE 30556] UL: SNR = 63.50 dB | SE = 20.778 bit/s/Hz
[42936 ms] [UE 20945] UL: SNR = 63.50 dB | SE = 20.778 bit/s/Hz
[42943 ms] [UE 45898] UL: SNR = 63.50 dB | SE = 20.778 bit/s/Hz
[42943 ms] [UE 36997] UL: SNR = 63.50 dB | SE = 20.778 bit/s/Hz
[42943 ms] [UE 48787] UL: SNR = 63.50 dB | SE = 20.778 bit/s/Hz
[42943 ms] [UE 40252] UL: SNR = 56.00 dB | SE = 18.324 bit/s/Hz
[42943 ms] [UE 15599] UL: SNR = 52.50 dB | SE = 17.179 bit/s/Hz
[43043 ms] [UE 45898] UL: SNR = 63.50 dB | SE = 20.778 bit/s/Hz
[43043 ms] [UE 36997] UL: SNR = 63.50 dB | SE = 20.778 bit/s/Hz
[43043 ms] [UE 48787] UL: SNR = 63.50 dB | SE = 20.778 bit/s/Hz
[43043 ms] [UE 40252] UL: SNR = 56.00 dB | SE = 18.324 bit/s/Hz
[43043 ms] [UE 15599] UL: SNR = 52.50 dB | SE = 17.179 bit/s/Hz
[43045 ms] [UE 33952] UL: SNR = 57.50 dB | SE = 18.815 bit/s/Hz
[43045 ms] [UE 12169] UL: SNR = 63.50 dB | SE = 20.778 bit/s/Hz
[43045 ms] [UE 22873] UL: SNR = 63.50 dB | SE = 20.778 bit/s/Hz
[43045 ms] [UE 30556] UL: SNR = 63.50 dB | SE = 20.778 bit/s/Hz
[43045 ms] [UE 20945] UL: SNR = 63.50 dB | SE = 20.778 bit/s/Hz
[43143 ms] [UE 45898] UL: SNR = 63.50 dB | SE = 20.778 bit/s/Hz
[43143 ms] [UE 36997] UL: SNR = 63.50 dB | SE = 20.778 bit/s/Hz
[43143 ms] [UE 48787] UL: SNR = 63.50 dB | SE = 20.778 bit/s/Hz
[43143 ms] [UE 40252] UL: SNR = 56.00 dB | SE = 18.324 bit/s/Hz
[43143 ms] [UE 15599] UL: SNR = 52.50 dB | SE = 17.179 bit/s/Hz
[43148 ms] [UE 33952] UL: SNR = 57.50 dB | SE = 18.815 bit/s/Hz
[43148 ms] [UE 12169] UL: SNR = 63.50 dB | SE = 20.778 bit/s/Hz
[43148 ms] [UE 22873] UL: SNR = 63.50 dB | SE = 20.778 bit/s/Hz
[43148 ms] [UE 30556] UL: SNR = 63.50 dB | SE = 20.778 bit/s/Hz
[43148 ms] [UE 20945] UL: SNR = 63.50 dB | SE = 20.778 bit/s/Hz
[43253 ms] [UE 45898] UL: SNR = 63.50 dB | SE = 20.778 bit/s/Hz
[43253 ms] [UE 36997] UL: SNR = 63.50 dB | SE = 20.778 bit/s/Hz
[43253 ms] [UE 48787] UL: SNR = 63.50 dB | SE = 20.778 bit/s/Hz
[43253 ms] [UE 40252] UL: SNR = 56.00 dB | SE = 18.324 bit/s/Hz
[43253 ms] [UE 15599] UL: SNR = 52.50 dB | SE = 17.179 bit/s/Hz
[43255 ms] [UE 33952] UL: SNR = 57.50 dB | SE = 18.815 bit/s/Hz
[43255 ms] [UE 12169] UL: SNR = 63.50 dB | SE = 20.778 bit/s/Hz
[43255 ms] [UE 22873] UL: SNR = 63.50 dB | SE = 20.778 bit/s/Hz
[43255 ms] [UE 30556] UL: SNR = 63.50 dB | SE = 20.778 bit/s/Hz
[43255 ms] [UE 20945] UL: SNR = 63.50 dB | SE = 20.778 bit/s/Hz
[43353 ms] [UE 45898] UL: SNR = 63.50 dB | SE = 20.778 bit/s/Hz
[43353 ms] [UE 36997] UL: SNR = 63.50 dB | SE = 20.778 bit/s/Hz
[43353 ms] [UE 48787] UL: SNR = 63.50 dB | SE = 20.778 bit/s/Hz
[43353 ms] [UE 40252] UL: SNR = 56.00 dB | SE = 18.324 bit/s/Hz
[43353 ms] [UE 15599] UL: SNR = 52.50 dB | SE = 17.179 bit/s/Hz
[43356 ms] [UE 33952] UL: SNR = 57.50 dB | SE = 18.815 bit/s/Hz
[43356 ms] [UE 12169] UL: SNR = 63.50 dB | SE = 20.778 bit/s/Hz
[43356 ms] [UE 22873] UL: SNR = 63.50 dB | SE = 20.778 bit/s/Hz
[43356 ms] [UE 30556] UL: SNR = 63.50 dB | SE = 20.778 bit/s/Hz
[43356 ms] [UE 20945] UL: SNR = 63.50 dB | SE = 20.778 bit/s/Hz
[43463 ms] [UE 45898] UL: SNR = 63.50 dB | SE = 20.778 bit/s/Hz
[43463 ms] [UE 36997] UL: SNR = 63.50 dB | SE = 20.778 bit/s/Hz
[43463 ms] [UE 48787] UL: SNR = 63.50 dB | SE = 20.778 bit/s/Hz
[43463 ms] [UE 40252] UL: SNR = 56.00 dB | SE = 18.324 bit/s/Hz
[43463 ms] [UE 15599] UL: SNR = 52.50 dB | SE = 17.179 bit/s/Hz
[43465 ms] [UE 33952] UL: SNR = 57.50 dB | SE = 18.815 bit/s/Hz
[43465 ms] [UE 12169] UL: SNR = 63.50 dB | SE = 20.778 bit/s/Hz
[43465 ms] [UE 22873] UL: SNR = 63.50 dB | SE = 20.778 bit/s/Hz
[43465 ms] [UE 30556] UL: SNR = 63.50 dB | SE = 20.778 bit/s/Hz
[43465 ms] [UE 20945] UL: SNR = 63.50 dB | SE = 20.778 bit/s/Hz
[43565 ms] [UE 33952] UL: SNR = 57.50 dB | SE = 18.815 bit/s/Hz
[43565 ms] [UE 12169] UL: SNR = 63.50 dB | SE = 20.778 bit/s/Hz
[43565 ms] [UE 22873] UL: SNR = 63.50 dB | SE = 20.778 bit/s/Hz
[43565 ms] [UE 30556] UL: SNR = 63.50 dB | SE = 20.778 bit/s/Hz
[43565 ms] [UE 20945] UL: SNR = 63.50 dB | SE = 20.778 bit/s/Hz
[43573 ms] [UE 45898] UL: SNR = 63.50 dB | SE = 20.778 bit/s/Hz
[43573 ms] [UE 36997] UL: SNR = 63.50 dB | SE = 20.778 bit/s/Hz
[43573 ms] [UE 48787] UL: SNR = 63.50 dB | SE = 20.778 bit/s/Hz
[43573 ms] [UE 40252] UL: SNR = 56.00 dB | SE = 18.324 bit/s/Hz
[43573 ms] [UE 15599] UL: SNR = 52.50 dB | SE = 17.179 bit/s/Hz
[43675 ms] [UE 45898] UL: SNR = 63.50 dB | SE = 20.778 bit/s/Hz
[43675 ms] [UE 36997] UL: SNR = 63.50 dB | SE = 20.778 bit/s/Hz
[43675 ms] [UE 48787] UL: SNR = 63.50 dB | SE = 20.778 bit/s/Hz
[43675 ms] [UE 40252] UL: SNR = 56.00 dB | SE = 18.324 bit/s/Hz
[43675 ms] [UE 15599] UL: SNR = 52.50 dB | SE = 17.179 bit/s/Hz
[43676 ms] [UE 33952] UL: SNR = 57.50 dB | SE = 18.815 bit/s/Hz
[43676 ms] [UE 12169] UL: SNR = 63.50 dB | SE = 20.778 bit/s/Hz
[43676 ms] [UE 22873] UL: SNR = 63.50 dB | SE = 20.778 bit/s/Hz
[43676 ms] [UE 30556] UL: SNR = 63.50 dB | SE = 20.778 bit/s/Hz
[43676 ms] [UE 20945] UL: SNR = 63.50 dB | SE = 20.778 bit/s/Hz
[43783 ms] [UE 45898] UL: SNR = 63.50 dB | SE = 20.778 bit/s/Hz
[43783 ms] [UE 36997] UL: SNR = 63.50 dB | SE = 20.778 bit/s/Hz
[43783 ms] [UE 48787] UL: SNR = 63.50 dB | SE = 20.778 bit/s/Hz
[43783 ms] [UE 40252] UL: SNR = 56.00 dB | SE = 18.324 bit/s/Hz
[43783 ms] [UE 15599] UL: SNR = 52.50 dB | SE = 17.179 bit/s/Hz
[43785 ms] [UE 33952] UL: SNR = 57.50 dB | SE = 18.815 bit/s/Hz
[43785 ms] [UE 12169] UL: SNR = 63.50 dB | SE = 20.778 bit/s/Hz
[43785 ms] [UE 22873] UL: SNR = 63.50 dB | SE = 20.778 bit/s/Hz
[43785 ms] [UE 30556] UL: SNR = 63.50 dB | SE = 20.778 bit/s/Hz
[43785 ms] [UE 20945] UL: SNR = 63.50 dB | SE = 20.778 bit/s/Hz
[43883 ms] [UE 45898] UL: SNR = 63.50 dB | SE = 20.778 bit/s/Hz
[43883 ms] [UE 36997] UL: SNR = 63.50 dB | SE = 20.778 bit/s/Hz
[43883 ms] [UE 48787] UL: SNR = 63.50 dB | SE = 20.778 bit/s/Hz
[43883 ms] [UE 40252] UL: SNR = 56.00 dB | SE = 18.324 bit/s/Hz
[43883 ms] [UE 15599] UL: SNR = 52.50 dB | SE = 17.179 bit/s/Hz
[43895 ms] [UE 33952] UL: SNR = 57.50 dB | SE = 18.815 bit/s/Hz
[43895 ms] [UE 12169] UL: SNR = 63.50 dB | SE = 20.778 bit/s/Hz
[43895 ms] [UE 22873] UL: SNR = 63.50 dB | SE = 20.778 bit/s/Hz
[43895 ms] [UE 30556] UL: SNR = 63.50 dB | SE = 20.778 bit/s/Hz
[43895 ms] [UE 20945] UL: SNR = 63.50 dB | SE = 20.778 bit/s/Hz
[43983 ms] [UE 45898] UL: SNR = 63.50 dB | SE = 20.778 bit/s/Hz
[43983 ms] [UE 36997] UL: SNR = 63.50 dB | SE = 20.778 bit/s/Hz
[43983 ms] [UE 48787] UL: SNR = 63.50 dB | SE = 20.778 bit/s/Hz
[43983 ms] [UE 40252] UL: SNR = 56.00 dB | SE = 18.324 bit/s/Hz
[43983 ms] [UE 15599] UL: SNR = 52.50 dB | SE = 17.179 bit/s/Hz
[44004 ms] [UE 33952] UL: SNR = 57.50 dB | SE = 18.815 bit/s/Hz
[44004 ms] [UE 12169] UL: SNR = 63.50 dB | SE = 20.778 bit/s/Hz
[44004 ms] [UE 22873] UL: SNR = 63.50 dB | SE = 20.778 bit/s/Hz
[44004 ms] [UE 30556] UL: SNR = 63.50 dB | SE = 20.778 bit/s/Hz
[44004 ms] [UE 20945] UL: SNR = 63.50 dB | SE = 20.778 bit/s/Hz
[44093 ms] [UE 45898] UL: SNR = 63.50 dB | SE = 20.778 bit/s/Hz
[44093 ms] [UE 36997] UL: SNR = 63.50 dB | SE = 20.778 bit/s/Hz
[44093 ms] [UE 48787] UL: SNR = 63.50 dB | SE = 20.778 bit/s/Hz
[44093 ms] [UE 40252] UL: SNR = 56.00 dB | SE = 18.324 bit/s/Hz
[44093 ms] [UE 15599] UL: SNR = 52.50 dB | SE = 17.179 bit/s/Hz
[44106 ms] [UE 33952] UL: SNR = 57.50 dB | SE = 18.815 bit/s/Hz
[44106 ms] [UE 12169] UL: SNR = 63.50 dB | SE = 20.778 bit/s/Hz
[44106 ms] [UE 22873] UL: SNR = 63.50 dB | SE = 20.778 bit/s/Hz
[44106 ms] [UE 30556] UL: SNR = 63.50 dB | SE = 20.778 bit/s/Hz
[44106 ms] [UE 20945] UL: SNR = 63.50 dB | SE = 20.778 bit/s/Hz
[44204 ms] [UE 45898] UL: SNR = 63.50 dB | SE = 20.778 bit/s/Hz
[44204 ms] [UE 36997] UL: SNR = 63.50 dB | SE = 20.778 bit/s/Hz
[44204 ms] [UE 48787] UL: SNR = 63.50 dB | SE = 20.778 bit/s/Hz
[44204 ms] [UE 40252] UL: SNR = 56.00 dB | SE = 18.324 bit/s/Hz
[44204 ms] [UE 15599] UL: SNR = 52.50 dB | SE = 17.179 bit/s/Hz
[44215 ms] [UE 33952] UL: SNR = 57.50 dB | SE = 18.815 bit/s/Hz
[44215 ms] [UE 12169] UL: SNR = 63.50 dB | SE = 20.778 bit/s/Hz
[44215 ms] [UE 22873] UL: SNR = 63.50 dB | SE = 20.778 bit/s/Hz
[44215 ms] [UE 30556] UL: SNR = 63.50 dB | SE = 20.778 bit/s/Hz
[44215 ms] [UE 20945] UL: SNR = 63.50 dB | SE = 20.778 bit/s/Hz
[44313 ms] [UE 45898] UL: SNR = 63.50 dB | SE = 20.778 bit/s/Hz
[44313 ms] [UE 36997] UL: SNR = 63.50 dB | SE = 20.778 bit/s/Hz
[44313 ms] [UE 48787] UL: SNR = 63.50 dB | SE = 20.778 bit/s/Hz
[44313 ms] [UE 40252] UL: SNR = 56.00 dB | SE = 18.324 bit/s/Hz
[44313 ms] [UE 15599] UL: SNR = 52.50 dB | SE = 17.179 bit/s/Hz
[44315 ms] [UE 33952] UL: SNR = 57.50 dB | SE = 18.815 bit/s/Hz
[44315 ms] [UE 12169] UL: SNR = 63.50 dB | SE = 20.778 bit/s/Hz
[44315 ms] [UE 22873] UL: SNR = 63.50 dB | SE = 20.778 bit/s/Hz
[44315 ms] [UE 30556] UL: SNR = 63.50 dB | SE = 20.778 bit/s/Hz
[44315 ms] [UE 20945] UL: SNR = 63.50 dB | SE = 20.778 bit/s/Hz
[44413 ms] [UE 45898] UL: SNR = 63.50 dB | SE = 20.778 bit/s/Hz
[44413 ms] [UE 36997] UL: SNR = 63.50 dB | SE = 20.778 bit/s/Hz
[44413 ms] [UE 48787] UL: SNR = 63.50 dB | SE = 20.778 bit/s/Hz
[44413 ms] [UE 40252] UL: SNR = 56.00 dB | SE = 18.324 bit/s/Hz
[44413 ms] [UE 15599] UL: SNR = 52.50 dB | SE = 17.179 bit/s/Hz
[44425 ms] [UE 33952] UL: SNR = 57.50 dB | SE = 18.815 bit/s/Hz
[44425 ms] [UE 12169] UL: SNR = 63.50 dB | SE = 20.778 bit/s/Hz
[44425 ms] [UE 22873] UL: SNR = 63.50 dB | SE = 20.778 bit/s/Hz
[44425 ms] [UE 30556] UL: SNR = 63.50 dB | SE = 20.778 bit/s/Hz
[44425 ms] [UE 20945] UL: SNR = 63.50 dB | SE = 20.778 bit/s/Hz
[44522 ms] [UE 45898] UL: SNR = 63.50 dB | SE = 20.778 bit/s/Hz
[44522 ms] [UE 36997] UL: SNR = 63.50 dB | SE = 20.778 bit/s/Hz
[44522 ms] [UE 48787] UL: SNR = 63.50 dB | SE = 20.778 bit/s/Hz
[44522 ms] [UE 40252] UL: SNR = 56.00 dB | SE = 18.324 bit/s/Hz
[44522 ms] [UE 15599] UL: SNR = 52.50 dB | SE = 17.179 bit/s/Hz
[44535 ms] [UE 33952] UL: SNR = 57.50 dB | SE = 18.815 bit/s/Hz
[44535 ms] [UE 12169] UL: SNR = 63.50 dB | SE = 20.778 bit/s/Hz
[44535 ms] [UE 22873] UL: SNR = 63.50 dB | SE = 20.778 bit/s/Hz
[44535 ms] [UE 30556] UL: SNR = 63.50 dB | SE = 20.778 bit/s/Hz
[44535 ms] [UE 20945] UL: SNR = 63.50 dB | SE = 20.778 bit/s/Hz
[44622 ms] [UE 45898] UL: SNR = 63.50 dB | SE = 20.778 bit/s/Hz
[44622 ms] [UE 36997] UL: SNR = 63.50 dB | SE = 20.778 bit/s/Hz
[44622 ms] [UE 48787] UL: SNR = 63.50 dB | SE = 20.778 bit/s/Hz
[44622 ms] [UE 40252] UL: SNR = 56.00 dB | SE = 18.324 bit/s/Hz
[44622 ms] [UE 15599] UL: SNR = 52.50 dB | SE = 17.179 bit/s/Hz
[44636 ms] [UE 33952] UL: SNR = 57.50 dB | SE = 18.815 bit/s/Hz
[44636 ms] [UE 12169] UL: SNR = 63.50 dB | SE = 20.778 bit/s/Hz
[44636 ms] [UE 22873] UL: SNR = 63.50 dB | SE = 20.778 bit/s/Hz
[44636 ms] [UE 30556] UL: SNR = 7.50 dB | SE = 2.687 bit/s/Hz
[44636 ms] [UE 20945] UL: SNR = 63.50 dB | SE = 20.778 bit/s/Hz
[44723 ms] [UE 45898] UL: SNR = 63.50 dB | SE = 20.778 bit/s/Hz
[44723 ms] [UE 36997] UL: SNR = 63.50 dB | SE = 20.778 bit/s/Hz
[44723 ms] [UE 48787] UL: SNR = 63.50 dB | SE = 20.778 bit/s/Hz
[44723 ms] [UE 40252] UL: SNR = 56.00 dB | SE = 18.324 bit/s/Hz
[44723 ms] [UE 15599] UL: SNR = 52.50 dB | SE = 17.179 bit/s/Hz
[44745 ms] [UE 33952] UL: SNR = 57.50 dB | SE = 18.815 bit/s/Hz
[44745 ms] [UE 12169] UL: SNR = 63.50 dB | SE = 20.778 bit/s/Hz
[44745 ms] [UE 22873] UL: SNR = 63.50 dB | SE = 20.778 bit/s/Hz
[44745 ms] [UE 30556] UL: SNR = 7.50 dB | SE = 2.687 bit/s/Hz
[44745 ms] [UE 20945] UL: SNR = 63.50 dB | SE = 20.778 bit/s/Hz
[44833 ms] [UE 45898] UL: SNR = 63.50 dB | SE = 20.778 bit/s/Hz
[44833 ms] [UE 36997] UL: SNR = 63.50 dB | SE = 20.778 bit/s/Hz
[44833 ms] [UE 48787] UL: SNR = 63.50 dB | SE = 20.778 bit/s/Hz
[44833 ms] [UE 40252] UL: SNR = 56.00 dB | SE = 18.324 bit/s/Hz
[44833 ms] [UE 15599] UL: SNR = 52.50 dB | SE = 17.179 bit/s/Hz
[44845 ms] [UE 33952] UL: SNR = 57.50 dB | SE = 18.815 bit/s/Hz
[44845 ms] [UE 12169] UL: SNR = 63.50 dB | SE = 20.778 bit/s/Hz
[44845 ms] [UE 22873] UL: SNR = 63.50 dB | SE = 20.778 bit/s/Hz
[44845 ms] [UE 30556] UL: SNR = 7.50 dB | SE = 2.687 bit/s/Hz
[44845 ms] [UE 20945] UL: SNR = 63.50 dB | SE = 20.778 bit/s/Hz
[44933 ms] [UE 45898] UL: SNR = 63.50 dB | SE = 20.778 bit/s/Hz
[44933 ms] [UE 36997] UL: SNR = 63.50 dB | SE = 20.778 bit/s/Hz
[44933 ms] [UE 48787] UL: SNR = 63.50 dB | SE = 20.778 bit/s/Hz
[44933 ms] [UE 40252] UL: SNR = 56.00 dB | SE = 18.324 bit/s/Hz
[44933 ms] [UE 15599] UL: SNR = 52.50 dB | SE = 17.179 bit/s/Hz
[44955 ms] [UE 33952] UL: SNR = 57.50 dB | SE = 18.815 bit/s/Hz
[44955 ms] [UE 12169] UL: SNR = 63.50 dB | SE = 20.778 bit/s/Hz
[44955 ms] [UE 22873] UL: SNR = 63.50 dB | SE = 20.778 bit/s/Hz
[44955 ms] [UE 30556] UL: SNR = 7.50 dB | SE = 2.687 bit/s/Hz
[44955 ms] [UE 20945] UL: SNR = 63.50 dB | SE = 20.778 bit/s/Hz
[45033 ms] [UE 45898] UL: SNR = 63.50 dB | SE = 20.778 bit/s/Hz
[45033 ms] [UE 36997] UL: SNR = 63.50 dB | SE = 20.778 bit/s/Hz
[45033 ms] [UE 48787] UL: SNR = 63.50 dB | SE = 20.778 bit/s/Hz
[45033 ms] [UE 40252] UL: SNR = 56.00 dB | SE = 18.324 bit/s/Hz
[45033 ms] [UE 15599] UL: SNR = 52.50 dB | SE = 17.179 bit/s/Hz
[45065 ms] [UE 33952] UL: SNR = 57.50 dB | SE = 18.815 bit/s/Hz
[45065 ms] [UE 12169] UL: SNR = 63.50 dB | SE = 20.778 bit/s/Hz
[45065 ms] [UE 22873] UL: SNR = 63.50 dB | SE = 20.778 bit/s/Hz
[45065 ms] [UE 30556] UL: SNR = 7.50 dB | SE = 2.687 bit/s/Hz
[45065 ms] [UE 20945] UL: SNR = 63.50 dB | SE = 20.778 bit/s/Hz
[45143 ms] [UE 45898] UL: SNR = 63.50 dB | SE = 20.778 bit/s/Hz
[45143 ms] [UE 36997] UL: SNR = 63.50 dB | SE = 20.778 bit/s/Hz
[45143 ms] [UE 48787] UL: SNR = 63.50 dB | SE = 20.778 bit/s/Hz
[45143 ms] [UE 40252] UL: SNR = 56.00 dB | SE = 18.324 bit/s/Hz
[45143 ms] [UE 15599] UL: SNR = 52.50 dB | SE = 17.179 bit/s/Hz
[45175 ms] [UE 33952] UL: SNR = 57.50 dB | SE = 18.815 bit/s/Hz
[45175 ms] [UE 12169] UL: SNR = 63.50 dB | SE = 20.778 bit/s/Hz
[45175 ms] [UE 22873] UL: SNR = 63.50 dB | SE = 20.778 bit/s/Hz
[45175 ms] [UE 30556] UL: SNR = 7.50 dB | SE = 2.687 bit/s/Hz
[45175 ms] [UE 20945] UL: SNR = 63.50 dB | SE = 20.778 bit/s/Hz
[45243 ms] [UE 45898] UL: SNR = 63.50 dB | SE = 20.778 bit/s/Hz
[45243 ms] [UE 36997] UL: SNR = 63.50 dB | SE = 20.778 bit/s/Hz
[45243 ms] [UE 48787] UL: SNR = 63.50 dB | SE = 20.778 bit/s/Hz
[45243 ms] [UE 40252] UL: SNR = 56.00 dB | SE = 18.324 bit/s/Hz
[45243 ms] [UE 15599] UL: SNR = 52.50 dB | SE = 17.179 bit/s/Hz
[45286 ms] [UE 33952] UL: SNR = 57.50 dB | SE = 18.815 bit/s/Hz
[45286 ms] [UE 12169] UL: SNR = 63.50 dB | SE = 20.778 bit/s/Hz
[45286 ms] [UE 22873] UL: SNR = 63.50 dB | SE = 20.778 bit/s/Hz
[45286 ms] [UE 30556] UL: SNR = 7.50 dB | SE = 2.687 bit/s/Hz
[45286 ms] [UE 20945] UL: SNR = 63.50 dB | SE = 20.778 bit/s/Hz
[45353 ms] [UE 45898] UL: SNR = 63.50 dB | SE = 20.778 bit/s/Hz
[45353 ms] [UE 36997] UL: SNR = 63.50 dB | SE = 20.778 bit/s/Hz
[45353 ms] [UE 48787] UL: SNR = 63.50 dB | SE = 20.778 bit/s/Hz
[45353 ms] [UE 40252] UL: SNR = 56.00 dB | SE = 18.324 bit/s/Hz
[45353 ms] [UE 15599] UL: SNR = 52.50 dB | SE = 17.179 bit/s/Hz
[45395 ms] [UE 33952] UL: SNR = 57.50 dB | SE = 18.815 bit/s/Hz
[45395 ms] [UE 12169] UL: SNR = 63.50 dB | SE = 20.778 bit/s/Hz
[45395 ms] [UE 22873] UL: SNR = 63.50 dB | SE = 20.778 bit/s/Hz
[45395 ms] [UE 30556] UL: SNR = 53.50 dB | SE = 17.506 bit/s/Hz
[45395 ms] [UE 20945] UL: SNR = 63.50 dB | SE = 20.778 bit/s/Hz
[45463 ms] [UE 45898] UL: SNR = 63.50 dB | SE = 20.778 bit/s/Hz
[45463 ms] [UE 36997] UL: SNR = 63.50 dB | SE = 20.778 bit/s/Hz
[45463 ms] [UE 48787] UL: SNR = 63.50 dB | SE = 20.778 bit/s/Hz
[45463 ms] [UE 40252] UL: SNR = 56.00 dB | SE = 18.324 bit/s/Hz
[45463 ms] [UE 15599] UL: SNR = 52.50 dB | SE = 17.179 bit/s/Hz
[45505 ms] [UE 33952] UL: SNR = 57.50 dB | SE = 18.815 bit/s/Hz
[45505 ms] [UE 12169] UL: SNR = 63.50 dB | SE = 20.778 bit/s/Hz
[45505 ms] [UE 22873] UL: SNR = 63.50 dB | SE = 20.778 bit/s/Hz
[45505 ms] [UE 30556] UL: SNR = 53.50 dB | SE = 17.506 bit/s/Hz
[45505 ms] [UE 20945] UL: SNR = 63.50 dB | SE = 20.778 bit/s/Hz
[45563 ms] [UE 45898] UL: SNR = 63.50 dB | SE = 20.778 bit/s/Hz
[45563 ms] [UE 36997] UL: SNR = 63.50 dB | SE = 20.778 bit/s/Hz
[45563 ms] [UE 48787] UL: SNR = 63.50 dB | SE = 20.778 bit/s/Hz
[45563 ms] [UE 40252] UL: SNR = 56.00 dB | SE = 18.324 bit/s/Hz
[45563 ms] [UE 15599] UL: SNR = 52.50 dB | SE = 17.179 bit/s/Hz
[45614 ms] [UE 33952] UL: SNR = 57.50 dB | SE = 18.815 bit/s/Hz
[45614 ms] [UE 12169] UL: SNR = 63.50 dB | SE = 20.778 bit/s/Hz
[45614 ms] [UE 22873] UL: SNR = 63.50 dB | SE = 20.778 bit/s/Hz
[45614 ms] [UE 30556] UL: SNR = 54.00 dB | SE = 17.669 bit/s/Hz
[45614 ms] [UE 20945] UL: SNR = 63.50 dB | SE = 20.778 bit/s/Hz
[45663 ms] [UE 45898] UL: SNR = 63.50 dB | SE = 20.778 bit/s/Hz
[45663 ms] [UE 36997] UL: SNR = 63.50 dB | SE = 20.778 bit/s/Hz
[45663 ms] [UE 48787] UL: SNR = 63.50 dB | SE = 20.778 bit/s/Hz
[45663 ms] [UE 40252] UL: SNR = 56.00 dB | SE = 18.324 bit/s/Hz
[45663 ms] [UE 15599] UL: SNR = 52.50 dB | SE = 17.179 bit/s/Hz
[45715 ms] [UE 33952] UL: SNR = 57.50 dB | SE = 18.815 bit/s/Hz
[45715 ms] [UE 12169] UL: SNR = 63.50 dB | SE = 20.778 bit/s/Hz
[45715 ms] [UE 22873] UL: SNR = 63.50 dB | SE = 20.778 bit/s/Hz
[45715 ms] [UE 30556] UL: SNR = 54.00 dB | SE = 17.669 bit/s/Hz
[45715 ms] [UE 20945] UL: SNR = 63.50 dB | SE = 20.778 bit/s/Hz
[45763 ms] [UE 45898] UL: SNR = 63.50 dB | SE = 20.778 bit/s/Hz
[45763 ms] [UE 36997] UL: SNR = 63.50 dB | SE = 20.778 bit/s/Hz
[45763 ms] [UE 48787] UL: SNR = 63.50 dB | SE = 20.778 bit/s/Hz
[45763 ms] [UE 40252] UL: SNR = 56.00 dB | SE = 18.324 bit/s/Hz
[45763 ms] [UE 15599] UL: SNR = 52.50 dB | SE = 17.179 bit/s/Hz
[45816 ms] [UE 33952] UL: SNR = 57.50 dB | SE = 18.815 bit/s/Hz
[45816 ms] [UE 12169] UL: SNR = 63.50 dB | SE = 20.778 bit/s/Hz
[45816 ms] [UE 22873] UL: SNR = 63.50 dB | SE = 20.778 bit/s/Hz
[45816 ms] [UE 30556] UL: SNR = 54.00 dB | SE = 17.669 bit/s/Hz
[45816 ms] [UE 20945] UL: SNR = 63.50 dB | SE = 20.778 bit/s/Hz
[45873 ms] [UE 45898] UL: SNR = 63.50 dB | SE = 20.778 bit/s/Hz
[45873 ms] [UE 36997] UL: SNR = 63.50 dB | SE = 20.778 bit/s/Hz
[45873 ms] [UE 48787] UL: SNR = 63.50 dB | SE = 20.778 bit/s/Hz
[45873 ms] [UE 40252] UL: SNR = 56.00 dB | SE = 18.324 bit/s/Hz
[45873 ms] [UE 15599] UL: SNR = 52.50 dB | SE = 17.179 bit/s/Hz
[45925 ms] [UE 33952] UL: SNR = 57.50 dB | SE = 18.815 bit/s/Hz
[45925 ms] [UE 12169] UL: SNR = 63.50 dB | SE = 20.778 bit/s/Hz
[45925 ms] [UE 22873] UL: SNR = 63.50 dB | SE = 20.778 bit/s/Hz
[45925 ms] [UE 30556] UL: SNR = 63.50 dB | SE = 20.778 bit/s/Hz
[45925 ms] [UE 20945] UL: SNR = 63.50 dB | SE = 20.778 bit/s/Hz
[45973 ms] [UE 45898] UL: SNR = 63.50 dB | SE = 20.778 bit/s/Hz
[45973 ms] [UE 36997] UL: SNR = 63.50 dB | SE = 20.778 bit/s/Hz
[45973 ms] [UE 48787] UL: SNR = 63.50 dB | SE = 20.778 bit/s/Hz
[45973 ms] [UE 40252] UL: SNR = 56.00 dB | SE = 18.324 bit/s/Hz
[45973 ms] [UE 15599] UL: SNR = 52.50 dB | SE = 17.179 bit/s/Hz
[46035 ms] [UE 33952] UL: SNR = 57.50 dB | SE = 18.815 bit/s/Hz
[46035 ms] [UE 12169] UL: SNR = 63.50 dB | SE = 20.778 bit/s/Hz
[46035 ms] [UE 22873] UL: SNR = 63.50 dB | SE = 20.778 bit/s/Hz
[46035 ms] [UE 30556] UL: SNR = 63.50 dB | SE = 20.778 bit/s/Hz
[46035 ms] [UE 20945] UL: SNR = 63.50 dB | SE = 20.778 bit/s/Hz
[46083 ms] [UE 45898] UL: SNR = 63.50 dB | SE = 20.778 bit/s/Hz
[46083 ms] [UE 36997] UL: SNR = 63.50 dB | SE = 20.778 bit/s/Hz
[46083 ms] [UE 48787] UL: SNR = 63.50 dB | SE = 20.778 bit/s/Hz
[46083 ms] [UE 40252] UL: SNR = 56.00 dB | SE = 18.324 bit/s/Hz
[46083 ms] [UE 15599] UL: SNR = 52.50 dB | SE = 17.179 bit/s/Hz
[46145 ms] [UE 33952] UL: SNR = 57.50 dB | SE = 18.815 bit/s/Hz
[46145 ms] [UE 12169] UL: SNR = 63.50 dB | SE = 20.778 bit/s/Hz
[46145 ms] [UE 22873] UL: SNR = 63.50 dB | SE = 20.778 bit/s/Hz
[46145 ms] [UE 30556] UL: SNR = 63.50 dB | SE = 20.778 bit/s/Hz
[46145 ms] [UE 20945] UL: SNR = 63.50 dB | SE = 20.778 bit/s/Hz
[46183 ms] [UE 45898] UL: SNR = 63.50 dB | SE = 20.778 bit/s/Hz
[46183 ms] [UE 36997] UL: SNR = 63.50 dB | SE = 20.778 bit/s/Hz
[46183 ms] [UE 48787] UL: SNR = 63.50 dB | SE = 20.778 bit/s/Hz
[46183 ms] [UE 40252] UL: SNR = 56.00 dB | SE = 18.324 bit/s/Hz
[46183 ms] [UE 15599] UL: SNR = 52.50 dB | SE = 17.179 bit/s/Hz
[46255 ms] [UE 33952] UL: SNR = 57.50 dB | SE = 18.815 bit/s/Hz
[46255 ms] [UE 12169] UL: SNR = 63.50 dB | SE = 20.778 bit/s/Hz
[46255 ms] [UE 22873] UL: SNR = 63.50 dB | SE = 20.778 bit/s/Hz
[46255 ms] [UE 30556] UL: SNR = 54.00 dB | SE = 17.669 bit/s/Hz
[46255 ms] [UE 20945] UL: SNR = 63.50 dB | SE = 20.778 bit/s/Hz
[46293 ms] [UE 45898] UL: SNR = 63.50 dB | SE = 20.778 bit/s/Hz
[46293 ms] [UE 36997] UL: SNR = 63.50 dB | SE = 20.778 bit/s/Hz
[46293 ms] [UE 48787] UL: SNR = 63.50 dB | SE = 20.778 bit/s/Hz
[46293 ms] [UE 40252] UL: SNR = 56.00 dB | SE = 18.324 bit/s/Hz
[46293 ms] [UE 15599] UL: SNR = 52.50 dB | SE = 17.179 bit/s/Hz
[46368 ms] [UE 33952] UL: SNR = 57.50 dB | SE = 18.815 bit/s/Hz
[46368 ms] [UE 12169] UL: SNR = 63.50 dB | SE = 20.778 bit/s/Hz
[46368 ms] [UE 22873] UL: SNR = 63.50 dB | SE = 20.778 bit/s/Hz
[46368 ms] [UE 30556] UL: SNR = 54.00 dB | SE = 17.669 bit/s/Hz
[46368 ms] [UE 20945] UL: SNR = 63.50 dB | SE = 20.778 bit/s/Hz
[46393 ms] [UE 45898] UL: SNR = 63.50 dB | SE = 20.778 bit/s/Hz
[46393 ms] [UE 36997] UL: SNR = 63.50 dB | SE = 20.778 bit/s/Hz
[46393 ms] [UE 48787] UL: SNR = 63.50 dB | SE = 20.778 bit/s/Hz
[46393 ms] [UE 40252] UL: SNR = 56.00 dB | SE = 18.324 bit/s/Hz
[46393 ms] [UE 15599] UL: SNR = 52.50 dB | SE = 17.179 bit/s/Hz
[46475 ms] [UE 33952] UL: SNR = 63.50 dB | SE = 20.778 bit/s/Hz
[46475 ms] [UE 12169] UL: SNR = 63.50 dB | SE = 20.778 bit/s/Hz
[46475 ms] [UE 22873] UL: SNR = 63.50 dB | SE = 20.778 bit/s/Hz
[46475 ms] [UE 30556] UL: SNR = 63.50 dB | SE = 20.778 bit/s/Hz
[46475 ms] [UE 20945] UL: SNR = 63.50 dB | SE = 20.778 bit/s/Hz
[46503 ms] [UE 45898] UL: SNR = 63.50 dB | SE = 20.778 bit/s/Hz
[46503 ms] [UE 36997] UL: SNR = 63.50 dB | SE = 20.778 bit/s/Hz
[46503 ms] [UE 48787] UL: SNR = 63.50 dB | SE = 20.778 bit/s/Hz
[46503 ms] [UE 40252] UL: SNR = 56.00 dB | SE = 18.324 bit/s/Hz
[46503 ms] [UE 15599] UL: SNR = 52.50 dB | SE = 17.179 bit/s/Hz
[46584 ms] [UE 33952] UL: SNR = 63.50 dB | SE = 20.778 bit/s/Hz
[46584 ms] [UE 12169] UL: SNR = 63.50 dB | SE = 20.778 bit/s/Hz
[46584 ms] [UE 22873] UL: SNR = 63.50 dB | SE = 20.778 bit/s/Hz
[46584 ms] [UE 30556] UL: SNR = 63.50 dB | SE = 20.778 bit/s/Hz
[46584 ms] [UE 20945] UL: SNR = 63.50 dB | SE = 20.778 bit/s/Hz
[46603 ms] [UE 45898] UL: SNR = 63.50 dB | SE = 20.778 bit/s/Hz
[46603 ms] [UE 36997] UL: SNR = 63.50 dB | SE = 20.778 bit/s/Hz
[46603 ms] [UE 48787] UL: SNR = 63.50 dB | SE = 20.778 bit/s/Hz
[46603 ms] [UE 40252] UL: SNR = 56.00 dB | SE = 18.324 bit/s/Hz
[46603 ms] [UE 15599] UL: SNR = 52.50 dB | SE = 17.179 bit/s/Hz
[46685 ms] [UE 33952] UL: SNR = 63.50 dB | SE = 20.778 bit/s/Hz
[46685 ms] [UE 12169] UL: SNR = 63.50 dB | SE = 20.778 bit/s/Hz
[46685 ms] [UE 22873] UL: SNR = 63.50 dB | SE = 20.778 bit/s/Hz
[46685 ms] [UE 30556] UL: SNR = 63.50 dB | SE = 20.778 bit/s/Hz
[46685 ms] [UE 20945] UL: SNR = 63.50 dB | SE = 20.778 bit/s/Hz
[46713 ms] [UE 45898] UL: SNR = 63.50 dB | SE = 20.778 bit/s/Hz
[46713 ms] [UE 36997] UL: SNR = 63.50 dB | SE = 20.778 bit/s/Hz
[46713 ms] [UE 48787] UL: SNR = 63.50 dB | SE = 20.778 bit/s/Hz
[46713 ms] [UE 40252] UL: SNR = 56.00 dB | SE = 18.324 bit/s/Hz
[46713 ms] [UE 15599] UL: SNR = 52.50 dB | SE = 17.179 bit/s/Hz
[46795 ms] [UE 33952] UL: SNR = 63.50 dB | SE = 20.778 bit/s/Hz
[46795 ms] [UE 12169] UL: SNR = 63.50 dB | SE = 20.778 bit/s/Hz
[46795 ms] [UE 22873] UL: SNR = 63.50 dB | SE = 20.778 bit/s/Hz
[46795 ms] [UE 30556] UL: SNR = 63.50 dB | SE = 20.778 bit/s/Hz
[46795 ms] [UE 20945] UL: SNR = 63.50 dB | SE = 20.778 bit/s/Hz
[46813 ms] [UE 45898] UL: SNR = 63.50 dB | SE = 20.778 bit/s/Hz
[46813 ms] [UE 36997] UL: SNR = 63.50 dB | SE = 20.778 bit/s/Hz
[46813 ms] [UE 48787] UL: SNR = 63.50 dB | SE = 20.778 bit/s/Hz
[46813 ms] [UE 40252] UL: SNR = 56.00 dB | SE = 18.324 bit/s/Hz
[46813 ms] [UE 15599] UL: SNR = 52.50 dB | SE = 17.179 bit/s/Hz
[46895 ms] [UE 33952] UL: SNR = 63.50 dB | SE = 20.778 bit/s/Hz
[46895 ms] [UE 12169] UL: SNR = 63.50 dB | SE = 20.778 bit/s/Hz
[46895 ms] [UE 22873] UL: SNR = 63.50 dB | SE = 20.778 bit/s/Hz
[46895 ms] [UE 30556] UL: SNR = 63.50 dB | SE = 20.778 bit/s/Hz
[46895 ms] [UE 20945] UL: SNR = 63.50 dB | SE = 20.778 bit/s/Hz
[46923 ms] [UE 45898] UL: SNR = 63.50 dB | SE = 20.778 bit/s/Hz
[46923 ms] [UE 36997] UL: SNR = 63.50 dB | SE = 20.778 bit/s/Hz
[46923 ms] [UE 48787] UL: SNR = 63.50 dB | SE = 20.778 bit/s/Hz
[46923 ms] [UE 40252] UL: SNR = 56.00 dB | SE = 18.324 bit/s/Hz
[46923 ms] [UE 15599] UL: SNR = 52.50 dB | SE = 17.179 bit/s/Hz
[46997 ms] [UE 33952] UL: SNR = 63.50 dB | SE = 20.778 bit/s/Hz
[46997 ms] [UE 12169] UL: SNR = 63.50 dB | SE = 20.778 bit/s/Hz
[46997 ms] [UE 22873] UL: SNR = 63.50 dB | SE = 20.778 bit/s/Hz
[46997 ms] [UE 30556] UL: SNR = 54.00 dB | SE = 17.669 bit/s/Hz
[46997 ms] [UE 20945] UL: SNR = 63.50 dB | SE = 20.778 bit/s/Hz
[47033 ms] [UE 45898] UL: SNR = 63.50 dB | SE = 20.778 bit/s/Hz
[47033 ms] [UE 36997] UL: SNR = 63.50 dB | SE = 20.778 bit/s/Hz
[47033 ms] [UE 48787] UL: SNR = 63.50 dB | SE = 20.778 bit/s/Hz
[47033 ms] [UE 40252] UL: SNR = 56.00 dB | SE = 18.324 bit/s/Hz
[47033 ms] [UE 15599] UL: SNR = 52.50 dB | SE = 17.179 bit/s/Hz
[47105 ms] [UE 33952] UL: SNR = 63.50 dB | SE = 20.778 bit/s/Hz
[47105 ms] [UE 12169] UL: SNR = 63.50 dB | SE = 20.778 bit/s/Hz
[47105 ms] [UE 22873] UL: SNR = 63.50 dB | SE = 20.778 bit/s/Hz
[47105 ms] [UE 30556] UL: SNR = 54.00 dB | SE = 17.669 bit/s/Hz
[47105 ms] [UE 20945] UL: SNR = 63.50 dB | SE = 20.778 bit/s/Hz
[47133 ms] [UE 45898] UL: SNR = 63.50 dB | SE = 20.778 bit/s/Hz
[47133 ms] [UE 36997] UL: SNR = 63.50 dB | SE = 20.778 bit/s/Hz
[47133 ms] [UE 48787] UL: SNR = 63.50 dB | SE = 20.778 bit/s/Hz
[47133 ms] [UE 40252] UL: SNR = 56.00 dB | SE = 18.324 bit/s/Hz
[47133 ms] [UE 15599] UL: SNR = 52.50 dB | SE = 17.179 bit/s/Hz
[47207 ms] [UE 33952] UL: SNR = 63.50 dB | SE = 20.778 bit/s/Hz
[47207 ms] [UE 12169] UL: SNR = 63.50 dB | SE = 20.778 bit/s/Hz
[47207 ms] [UE 22873] UL: SNR = 63.50 dB | SE = 20.778 bit/s/Hz
[47207 ms] [UE 30556] UL: SNR = 54.00 dB | SE = 17.669 bit/s/Hz
[47207 ms] [UE 20945] UL: SNR = 63.50 dB | SE = 20.778 bit/s/Hz
[47233 ms] [UE 45898] UL: SNR = 63.50 dB | SE = 20.778 bit/s/Hz
[47233 ms] [UE 36997] UL: SNR = 63.50 dB | SE = 20.778 bit/s/Hz
[47233 ms] [UE 48787] UL: SNR = 63.50 dB | SE = 20.778 bit/s/Hz
[47233 ms] [UE 40252] UL: SNR = 56.00 dB | SE = 18.324 bit/s/Hz
[47233 ms] [UE 15599] UL: SNR = 52.50 dB | SE = 17.179 bit/s/Hz
[47315 ms] [UE 33952] UL: SNR = 63.50 dB | SE = 20.778 bit/s/Hz
[47315 ms] [UE 12169] UL: SNR = 63.50 dB | SE = 20.778 bit/s/Hz
[47315 ms] [UE 22873] UL: SNR = 63.50 dB | SE = 20.778 bit/s/Hz
[47315 ms] [UE 30556] UL: SNR = 63.50 dB | SE = 20.778 bit/s/Hz
[47315 ms] [UE 20945] UL: SNR = 63.50 dB | SE = 20.778 bit/s/Hz
[47343 ms] [UE 45898] UL: SNR = 63.50 dB | SE = 20.778 bit/s/Hz
[47343 ms] [UE 36997] UL: SNR = 63.50 dB | SE = 20.778 bit/s/Hz
[47343 ms] [UE 48787] UL: SNR = 63.50 dB | SE = 20.778 bit/s/Hz
[47343 ms] [UE 40252] UL: SNR = 56.00 dB | SE = 18.324 bit/s/Hz
[47343 ms] [UE 15599] UL: SNR = 52.50 dB | SE = 17.179 bit/s/Hz
[47415 ms] [UE 33952] UL: SNR = 63.50 dB | SE = 20.778 bit/s/Hz
[47415 ms] [UE 12169] UL: SNR = 63.50 dB | SE = 20.778 bit/s/Hz
[47415 ms] [UE 22873] UL: SNR = 63.50 dB | SE = 20.778 bit/s/Hz
[47415 ms] [UE 30556] UL: SNR = 63.50 dB | SE = 20.778 bit/s/Hz
[47415 ms] [UE 20945] UL: SNR = 63.50 dB | SE = 20.778 bit/s/Hz
[47453 ms] [UE 45898] UL: SNR = 63.50 dB | SE = 20.778 bit/s/Hz
[47453 ms] [UE 36997] UL: SNR = 63.50 dB | SE = 20.778 bit/s/Hz
[47453 ms] [UE 48787] UL: SNR = 63.50 dB | SE = 20.778 bit/s/Hz
[47453 ms] [UE 40252] UL: SNR = 56.00 dB | SE = 18.324 bit/s/Hz
[47453 ms] [UE 15599] UL: SNR = 52.50 dB | SE = 17.179 bit/s/Hz
[47515 ms] [UE 33952] UL: SNR = 63.50 dB | SE = 20.778 bit/s/Hz
[47515 ms] [UE 12169] UL: SNR = 63.50 dB | SE = 20.778 bit/s/Hz
[47515 ms] [UE 22873] UL: SNR = 63.50 dB | SE = 20.778 bit/s/Hz
[47515 ms] [UE 30556] UL: SNR = 63.50 dB | SE = 20.778 bit/s/Hz
[47515 ms] [UE 20945] UL: SNR = 63.50 dB | SE = 20.778 bit/s/Hz
[47553 ms] [UE 45898] UL: SNR = 63.50 dB | SE = 20.778 bit/s/Hz
[47553 ms] [UE 36997] UL: SNR = 63.50 dB | SE = 20.778 bit/s/Hz
[47553 ms] [UE 48787] UL: SNR = 63.50 dB | SE = 20.778 bit/s/Hz
[47553 ms] [UE 40252] UL: SNR = 56.00 dB | SE = 18.324 bit/s/Hz
[47553 ms] [UE 15599] UL: SNR = 52.50 dB | SE = 17.179 bit/s/Hz
[47624 ms] [UE 33952] UL: SNR = 63.50 dB | SE = 20.778 bit/s/Hz
[47624 ms] [UE 12169] UL: SNR = 63.50 dB | SE = 20.778 bit/s/Hz
[47624 ms] [UE 22873] UL: SNR = 63.50 dB | SE = 20.778 bit/s/Hz
[47624 ms] [UE 30556] UL: SNR = 63.50 dB | SE = 20.778 bit/s/Hz
[47624 ms] [UE 20945] UL: SNR = 63.50 dB | SE = 20.778 bit/s/Hz
[47663 ms] [UE 45898] UL: SNR = 63.50 dB | SE = 20.778 bit/s/Hz
[47663 ms] [UE 36997] UL: SNR = 63.50 dB | SE = 20.778 bit/s/Hz
[47663 ms] [UE 48787] UL: SNR = 63.50 dB | SE = 20.778 bit/s/Hz
[47663 ms] [UE 40252] UL: SNR = 56.00 dB | SE = 18.324 bit/s/Hz
[47663 ms] [UE 15599] UL: SNR = 52.50 dB | SE = 17.179 bit/s/Hz
[47725 ms] [UE 33952] UL: SNR = 63.50 dB | SE = 20.778 bit/s/Hz
[47725 ms] [UE 12169] UL: SNR = 63.50 dB | SE = 20.778 bit/s/Hz
[47725 ms] [UE 22873] UL: SNR = 63.50 dB | SE = 20.778 bit/s/Hz
[47725 ms] [UE 30556] UL: SNR = 63.50 dB | SE = 20.778 bit/s/Hz
[47725 ms] [UE 20945] UL: SNR = 63.50 dB | SE = 20.778 bit/s/Hz
[47763 ms] [UE 45898] UL: SNR = 63.50 dB | SE = 20.778 bit/s/Hz
[47763 ms] [UE 36997] UL: SNR = 63.50 dB | SE = 20.778 bit/s/Hz
[47763 ms] [UE 48787] UL: SNR = 63.50 dB | SE = 20.778 bit/s/Hz
[47763 ms] [UE 40252] UL: SNR = 56.00 dB | SE = 18.324 bit/s/Hz
[47763 ms] [UE 15599] UL: SNR = 52.50 dB | SE = 17.179 bit/s/Hz
[47825 ms] [UE 33952] UL: SNR = 63.50 dB | SE = 20.778 bit/s/Hz
[47825 ms] [UE 12169] UL: SNR = 63.50 dB | SE = 20.778 bit/s/Hz
[47825 ms] [UE 22873] UL: SNR = 63.50 dB | SE = 20.778 bit/s/Hz
[47825 ms] [UE 30556] UL: SNR = 63.50 dB | SE = 20.778 bit/s/Hz
[47825 ms] [UE 20945] UL: SNR = 63.50 dB | SE = 20.778 bit/s/Hz
[47873 ms] [UE 45898] UL: SNR = 63.50 dB | SE = 20.778 bit/s/Hz
[47873 ms] [UE 36997] UL: SNR = 63.50 dB | SE = 20.778 bit/s/Hz
[47873 ms] [UE 48787] UL: SNR = 63.50 dB | SE = 20.778 bit/s/Hz
[47873 ms] [UE 40252] UL: SNR = 56.00 dB | SE = 18.324 bit/s/Hz
[47873 ms] [UE 15599] UL: SNR = 52.50 dB | SE = 17.179 bit/s/Hz
[47935 ms] [UE 33952] UL: SNR = 63.50 dB | SE = 20.778 bit/s/Hz
[47935 ms] [UE 12169] UL: SNR = 63.50 dB | SE = 20.778 bit/s/Hz
[47935 ms] [UE 22873] UL: SNR = 63.50 dB | SE = 20.778 bit/s/Hz
[47935 ms] [UE 30556] UL: SNR = 63.50 dB | SE = 20.778 bit/s/Hz
[47935 ms] [UE 20945] UL: SNR = 63.50 dB | SE = 20.778 bit/s/Hz
[47973 ms] [UE 45898] UL: SNR = 63.50 dB | SE = 20.778 bit/s/Hz
[47973 ms] [UE 36997] UL: SNR = 63.50 dB | SE = 20.778 bit/s/Hz
[47973 ms] [UE 48787] UL: SNR = 63.50 dB | SE = 20.778 bit/s/Hz
[47973 ms] [UE 40252] UL: SNR = 56.00 dB | SE = 18.324 bit/s/Hz
[47973 ms] [UE 15599] UL: SNR = 52.50 dB | SE = 17.179 bit/s/Hz
[48035 ms] [UE 33952] UL: SNR = 63.50 dB | SE = 20.778 bit/s/Hz
[48035 ms] [UE 12169] UL: SNR = 63.50 dB | SE = 20.778 bit/s/Hz
[48035 ms] [UE 22873] UL: SNR = 63.50 dB | SE = 20.778 bit/s/Hz
[48035 ms] [UE 30556] UL: SNR = 63.50 dB | SE = 20.778 bit/s/Hz
[48035 ms] [UE 20945] UL: SNR = 63.50 dB | SE = 20.778 bit/s/Hz
[48073 ms] [UE 45898] UL: SNR = 63.50 dB | SE = 20.778 bit/s/Hz
[48073 ms] [UE 36997] UL: SNR = 63.50 dB | SE = 20.778 bit/s/Hz
[48073 ms] [UE 48787] UL: SNR = 63.50 dB | SE = 20.778 bit/s/Hz
[48073 ms] [UE 40252] UL: SNR = 56.00 dB | SE = 18.324 bit/s/Hz
[48073 ms] [UE 15599] UL: SNR = 52.50 dB | SE = 17.179 bit/s/Hz
[48145 ms] [UE 33952] UL: SNR = 63.50 dB | SE = 20.778 bit/s/Hz
[48145 ms] [UE 12169] UL: SNR = 63.50 dB | SE = 20.778 bit/s/Hz
[48145 ms] [UE 22873] UL: SNR = 63.50 dB | SE = 20.778 bit/s/Hz
[48145 ms] [UE 30556] UL: SNR = 63.50 dB | SE = 20.778 bit/s/Hz
[48145 ms] [UE 20945] UL: SNR = 63.50 dB | SE = 20.778 bit/s/Hz
[48173 ms] [UE 45898] UL: SNR = 63.50 dB | SE = 20.778 bit/s/Hz
[48173 ms] [UE 36997] UL: SNR = 63.50 dB | SE = 20.778 bit/s/Hz
[48173 ms] [UE 48787] UL: SNR = 63.50 dB | SE = 20.778 bit/s/Hz
[48173 ms] [UE 40252] UL: SNR = 56.00 dB | SE = 18.324 bit/s/Hz
[48173 ms] [UE 15599] UL: SNR = 52.50 dB | SE = 17.179 bit/s/Hz
[48245 ms] [UE 33952] UL: SNR = 63.50 dB | SE = 20.778 bit/s/Hz
[48245 ms] [UE 12169] UL: SNR = 63.50 dB | SE = 20.778 bit/s/Hz
[48245 ms] [UE 22873] UL: SNR = 63.50 dB | SE = 20.778 bit/s/Hz
[48245 ms] [UE 30556] UL: SNR = 63.50 dB | SE = 20.778 bit/s/Hz
[48245 ms] [UE 20945] UL: SNR = 63.50 dB | SE = 20.778 bit/s/Hz
[48273 ms] [UE 45898] UL: SNR = 63.50 dB | SE = 20.778 bit/s/Hz
[48273 ms] [UE 36997] UL: SNR = 63.50 dB | SE = 20.778 bit/s/Hz
[48273 ms] [UE 48787] UL: SNR = 63.50 dB | SE = 20.778 bit/s/Hz
[48273 ms] [UE 40252] UL: SNR = 56.00 dB | SE = 18.324 bit/s/Hz
[48273 ms] [UE 15599] UL: SNR = 52.50 dB | SE = 17.179 bit/s/Hz
[48345 ms] [UE 33952] UL: SNR = 63.50 dB | SE = 20.778 bit/s/Hz
[48345 ms] [UE 12169] UL: SNR = 63.50 dB | SE = 20.778 bit/s/Hz
[48345 ms] [UE 22873] UL: SNR = 63.50 dB | SE = 20.778 bit/s/Hz
[48345 ms] [UE 30556] UL: SNR = 63.50 dB | SE = 20.778 bit/s/Hz
[48345 ms] [UE 20945] UL: SNR = 63.50 dB | SE = 20.778 bit/s/Hz
[48374 ms] [UE 45898] UL: SNR = 63.50 dB | SE = 20.778 bit/s/Hz
[48374 ms] [UE 36997] UL: SNR = 63.50 dB | SE = 20.778 bit/s/Hz
[48374 ms] [UE 48787] UL: SNR = 63.50 dB | SE = 20.778 bit/s/Hz
[48374 ms] [UE 40252] UL: SNR = 56.00 dB | SE = 18.324 bit/s/Hz
[48374 ms] [UE 15599] UL: SNR = 52.50 dB | SE = 17.179 bit/s/Hz
[48455 ms] [UE 33952] UL: SNR = 63.50 dB | SE = 20.778 bit/s/Hz
[48455 ms] [UE 12169] UL: SNR = 63.50 dB | SE = 20.778 bit/s/Hz
[48455 ms] [UE 22873] UL: SNR = 63.50 dB | SE = 20.778 bit/s/Hz
[48455 ms] [UE 30556] UL: SNR = 63.50 dB | SE = 20.778 bit/s/Hz
[48455 ms] [UE 20945] UL: SNR = 63.50 dB | SE = 20.778 bit/s/Hz
[48483 ms] [UE 45898] UL: SNR = 63.50 dB | SE = 20.778 bit/s/Hz
[48483 ms] [UE 36997] UL: SNR = 63.50 dB | SE = 20.778 bit/s/Hz
[48483 ms] [UE 48787] UL: SNR = 63.50 dB | SE = 20.778 bit/s/Hz
[48483 ms] [UE 40252] UL: SNR = 56.00 dB | SE = 18.324 bit/s/Hz
[48483 ms] [UE 15599] UL: SNR = 52.50 dB | SE = 17.179 bit/s/Hz
[48555 ms] [UE 33952] UL: SNR = 63.50 dB | SE = 20.778 bit/s/Hz
[48555 ms] [UE 12169] UL: SNR = 63.50 dB | SE = 20.778 bit/s/Hz
[48555 ms] [UE 22873] UL: SNR = 63.50 dB | SE = 20.778 bit/s/Hz
[48555 ms] [UE 30556] UL: SNR = 63.50 dB | SE = 20.778 bit/s/Hz
[48555 ms] [UE 20945] UL: SNR = 63.50 dB | SE = 20.778 bit/s/Hz
[48593 ms] [UE 45898] UL: SNR = 63.50 dB | SE = 20.778 bit/s/Hz
[48593 ms] [UE 36997] UL: SNR = 63.50 dB | SE = 20.778 bit/s/Hz
[48593 ms] [UE 48787] UL: SNR = 63.50 dB | SE = 20.778 bit/s/Hz
[48593 ms] [UE 40252] UL: SNR = 56.00 dB | SE = 18.324 bit/s/Hz
[48593 ms] [UE 15599] UL: SNR = 52.50 dB | SE = 17.179 bit/s/Hz
[48655 ms] [UE 33952] UL: SNR = 63.50 dB | SE = 20.778 bit/s/Hz
[48655 ms] [UE 12169] UL: SNR = 63.50 dB | SE = 20.778 bit/s/Hz
[48655 ms] [UE 22873] UL: SNR = 63.50 dB | SE = 20.778 bit/s/Hz
[48655 ms] [UE 30556] UL: SNR = 63.50 dB | SE = 20.778 bit/s/Hz
[48655 ms] [UE 20945] UL: SNR = 63.50 dB | SE = 20.778 bit/s/Hz
[48693 ms] [UE 45898] UL: SNR = 63.50 dB | SE = 20.778 bit/s/Hz
[48693 ms] [UE 36997] UL: SNR = 63.50 dB | SE = 20.778 bit/s/Hz
[48693 ms] [UE 48787] UL: SNR = 63.50 dB | SE = 20.778 bit/s/Hz
[48693 ms] [UE 40252] UL: SNR = 56.00 dB | SE = 18.324 bit/s/Hz
[48693 ms] [UE 15599] UL: SNR = 52.50 dB | SE = 17.179 bit/s/Hz
[48755 ms] [UE 33952] UL: SNR = 63.50 dB | SE = 20.778 bit/s/Hz
[48755 ms] [UE 12169] UL: SNR = 63.50 dB | SE = 20.778 bit/s/Hz
[48755 ms] [UE 22873] UL: SNR = 63.50 dB | SE = 20.778 bit/s/Hz
[48755 ms] [UE 30556] UL: SNR = 63.50 dB | SE = 20.778 bit/s/Hz
[48755 ms] [UE 20945] UL: SNR = 63.50 dB | SE = 20.778 bit/s/Hz
[48803 ms] [UE 45898] UL: SNR = 63.50 dB | SE = 20.778 bit/s/Hz
[48803 ms] [UE 36997] UL: SNR = 63.50 dB | SE = 20.778 bit/s/Hz
[48803 ms] [UE 48787] UL: SNR = 63.50 dB | SE = 20.778 bit/s/Hz
[48803 ms] [UE 40252] UL: SNR = 56.00 dB | SE = 18.324 bit/s/Hz
[48803 ms] [UE 15599] UL: SNR = 52.50 dB | SE = 17.179 bit/s/Hz
[48865 ms] [UE 33952] UL: SNR = 63.50 dB | SE = 20.778 bit/s/Hz
[48865 ms] [UE 12169] UL: SNR = 63.50 dB | SE = 20.778 bit/s/Hz
[48865 ms] [UE 22873] UL: SNR = 63.50 dB | SE = 20.778 bit/s/Hz
[48865 ms] [UE 30556] UL: SNR = 7.50 dB | SE = 2.687 bit/s/Hz
[48865 ms] [UE 20945] UL: SNR = 63.50 dB | SE = 20.778 bit/s/Hz
[48903 ms] [UE 45898] UL: SNR = 63.50 dB | SE = 20.778 bit/s/Hz
[48903 ms] [UE 36997] UL: SNR = 63.50 dB | SE = 20.778 bit/s/Hz
[48903 ms] [UE 48787] UL: SNR = 63.50 dB | SE = 20.778 bit/s/Hz
[48903 ms] [UE 40252] UL: SNR = 56.00 dB | SE = 18.324 bit/s/Hz
[48903 ms] [UE 15599] UL: SNR = 52.50 dB | SE = 17.179 bit/s/Hz
[48965 ms] [UE 33952] UL: SNR = 63.50 dB | SE = 20.778 bit/s/Hz
[48965 ms] [UE 12169] UL: SNR = 63.50 dB | SE = 20.778 bit/s/Hz
[48965 ms] [UE 22873] UL: SNR = 63.50 dB | SE = 20.778 bit/s/Hz
[48965 ms] [UE 30556] UL: SNR = 7.50 dB | SE = 2.687 bit/s/Hz
[48965 ms] [UE 20945] UL: SNR = 63.50 dB | SE = 20.778 bit/s/Hz
[49014 ms] [UE 45898] UL: SNR = 63.50 dB | SE = 20.778 bit/s/Hz
[49014 ms] [UE 36997] UL: SNR = 63.50 dB | SE = 20.778 bit/s/Hz
[49014 ms] [UE 48787] UL: SNR = 63.50 dB | SE = 20.778 bit/s/Hz
[49014 ms] [UE 40252] UL: SNR = 56.00 dB | SE = 18.324 bit/s/Hz
[49014 ms] [UE 15599] UL: SNR = 52.50 dB | SE = 17.179 bit/s/Hz
[49075 ms] [UE 33952] UL: SNR = 63.50 dB | SE = 20.778 bit/s/Hz
[49075 ms] [UE 12169] UL: SNR = 63.50 dB | SE = 20.778 bit/s/Hz
[49075 ms] [UE 22873] UL: SNR = 63.50 dB | SE = 20.778 bit/s/Hz
[49075 ms] [UE 30556] UL: SNR = 7.50 dB | SE = 2.687 bit/s/Hz
[49075 ms] [UE 20945] UL: SNR = 63.50 dB | SE = 20.778 bit/s/Hz
[49123 ms] [UE 45898] UL: SNR = 63.50 dB | SE = 20.778 bit/s/Hz
[49123 ms] [UE 36997] UL: SNR = 63.50 dB | SE = 20.778 bit/s/Hz
[49123 ms] [UE 48787] UL: SNR = 63.50 dB | SE = 20.778 bit/s/Hz
[49123 ms] [UE 40252] UL: SNR = 56.00 dB | SE = 18.324 bit/s/Hz
[49123 ms] [UE 15599] UL: SNR = 52.50 dB | SE = 17.179 bit/s/Hz
[49175 ms] [UE 33952] UL: SNR = 63.50 dB | SE = 20.778 bit/s/Hz
[49175 ms] [UE 12169] UL: SNR = 63.50 dB | SE = 20.778 bit/s/Hz
[49175 ms] [UE 22873] UL: SNR = 63.50 dB | SE = 20.778 bit/s/Hz
[49175 ms] [UE 30556] UL: SNR = 7.50 dB | SE = 2.687 bit/s/Hz
[49175 ms] [UE 20945] UL: SNR = 63.50 dB | SE = 20.778 bit/s/Hz
[49224 ms] [UE 45898] UL: SNR = 63.50 dB | SE = 20.778 bit/s/Hz
[49224 ms] [UE 36997] UL: SNR = 63.50 dB | SE = 20.778 bit/s/Hz
[49224 ms] [UE 48787] UL: SNR = 63.50 dB | SE = 20.778 bit/s/Hz
[49224 ms] [UE 40252] UL: SNR = 56.00 dB | SE = 18.324 bit/s/Hz
[49224 ms] [UE 15599] UL: SNR = 52.50 dB | SE = 17.179 bit/s/Hz
[49275 ms] [UE 33952] UL: SNR = 63.50 dB | SE = 20.778 bit/s/Hz
[49275 ms] [UE 12169] UL: SNR = 63.50 dB | SE = 20.778 bit/s/Hz
[49275 ms] [UE 22873] UL: SNR = 63.50 dB | SE = 20.778 bit/s/Hz
[49275 ms] [UE 30556] UL: SNR = 7.50 dB | SE = 2.687 bit/s/Hz
[49275 ms] [UE 20945] UL: SNR = 63.50 dB | SE = 20.778 bit/s/Hz
[49333 ms] [UE 45898] UL: SNR = 63.50 dB | SE = 20.778 bit/s/Hz
[49333 ms] [UE 36997] UL: SNR = 63.50 dB | SE = 20.778 bit/s/Hz
[49333 ms] [UE 48787] UL: SNR = 63.50 dB | SE = 20.778 bit/s/Hz
[49333 ms] [UE 40252] UL: SNR = 56.00 dB | SE = 18.324 bit/s/Hz
[49333 ms] [UE 15599] UL: SNR = 52.50 dB | SE = 17.179 bit/s/Hz
[49375 ms] [UE 33952] UL: SNR = 63.50 dB | SE = 20.778 bit/s/Hz
[49375 ms] [UE 12169] UL: SNR = 63.50 dB | SE = 20.778 bit/s/Hz
[49375 ms] [UE 22873] UL: SNR = 63.50 dB | SE = 20.778 bit/s/Hz
[49375 ms] [UE 30556] UL: SNR = 7.50 dB | SE = 2.687 bit/s/Hz
[49375 ms] [UE 20945] UL: SNR = 63.50 dB | SE = 20.778 bit/s/Hz
[49433 ms] [UE 45898] UL: SNR = 63.50 dB | SE = 20.778 bit/s/Hz
[49433 ms] [UE 36997] UL: SNR = 63.50 dB | SE = 20.778 bit/s/Hz
[49433 ms] [UE 48787] UL: SNR = 63.50 dB | SE = 20.778 bit/s/Hz
[49433 ms] [UE 40252] UL: SNR = 56.00 dB | SE = 18.324 bit/s/Hz
[49433 ms] [UE 15599] UL: SNR = 52.50 dB | SE = 17.179 bit/s/Hz
[49485 ms] [UE 33952] UL: SNR = 63.50 dB | SE = 20.778 bit/s/Hz
[49485 ms] [UE 12169] UL: SNR = 63.50 dB | SE = 20.778 bit/s/Hz
[49485 ms] [UE 22873] UL: SNR = 63.50 dB | SE = 20.778 bit/s/Hz
[49485 ms] [UE 30556] UL: SNR = 7.50 dB | SE = 2.687 bit/s/Hz
[49485 ms] [UE 20945] UL: SNR = 63.50 dB | SE = 20.778 bit/s/Hz
[49533 ms] [UE 45898] UL: SNR = 63.50 dB | SE = 20.778 bit/s/Hz
[49533 ms] [UE 36997] UL: SNR = 63.50 dB | SE = 20.778 bit/s/Hz
[49533 ms] [UE 48787] UL: SNR = 63.50 dB | SE = 20.778 bit/s/Hz
[49533 ms] [UE 40252] UL: SNR = 56.00 dB | SE = 18.324 bit/s/Hz
[49533 ms] [UE 15599] UL: SNR = 52.50 dB | SE = 17.179 bit/s/Hz
[49585 ms] [UE 33952] UL: SNR = 63.50 dB | SE = 20.778 bit/s/Hz
[49585 ms] [UE 12169] UL: SNR = 63.50 dB | SE = 20.778 bit/s/Hz
[49585 ms] [UE 22873] UL: SNR = 63.50 dB | SE = 20.778 bit/s/Hz
[49585 ms] [UE 30556] UL: SNR = 53.50 dB | SE = 17.506 bit/s/Hz
[49585 ms] [UE 20945] UL: SNR = 63.50 dB | SE = 20.778 bit/s/Hz
[49643 ms] [UE 45898] UL: SNR = 63.50 dB | SE = 20.778 bit/s/Hz
[49643 ms] [UE 36997] UL: SNR = 63.50 dB | SE = 20.778 bit/s/Hz
[49643 ms] [UE 48787] UL: SNR = 63.50 dB | SE = 20.778 bit/s/Hz
[49643 ms] [UE 40252] UL: SNR = 56.00 dB | SE = 18.324 bit/s/Hz
[49643 ms] [UE 15599] UL: SNR = 52.50 dB | SE = 17.179 bit/s/Hz
[49695 ms] [UE 33952] UL: SNR = 63.50 dB | SE = 20.778 bit/s/Hz
[49695 ms] [UE 12169] UL: SNR = 63.50 dB | SE = 20.778 bit/s/Hz
[49695 ms] [UE 22873] UL: SNR = 63.50 dB | SE = 20.778 bit/s/Hz
[49695 ms] [UE 30556] UL: SNR = 53.50 dB | SE = 17.506 bit/s/Hz
[49695 ms] [UE 20945] UL: SNR = 63.50 dB | SE = 20.778 bit/s/Hz
[49753 ms] [UE 45898] UL: SNR = 63.50 dB | SE = 20.778 bit/s/Hz
[49753 ms] [UE 36997] UL: SNR = 63.50 dB | SE = 20.778 bit/s/Hz
[49753 ms] [UE 48787] UL: SNR = 63.50 dB | SE = 20.778 bit/s/Hz
[49753 ms] [UE 40252] UL: SNR = 56.00 dB | SE = 18.324 bit/s/Hz
[49753 ms] [UE 15599] UL: SNR = 52.50 dB | SE = 17.179 bit/s/Hz
[49805 ms] [UE 33952] UL: SNR = 63.50 dB | SE = 20.778 bit/s/Hz
[49805 ms] [UE 12169] UL: SNR = 63.50 dB | SE = 20.778 bit/s/Hz
[49805 ms] [UE 22873] UL: SNR = 63.50 dB | SE = 20.778 bit/s/Hz
[49805 ms] [UE 30556] UL: SNR = 53.50 dB | SE = 17.506 bit/s/Hz
[49805 ms] [UE 20945] UL: SNR = 63.50 dB | SE = 20.778 bit/s/Hz
[49863 ms] [UE 45898] UL: SNR = 63.50 dB | SE = 20.778 bit/s/Hz
[49863 ms] [UE 36997] UL: SNR = 63.50 dB | SE = 20.778 bit/s/Hz
[49863 ms] [UE 48787] UL: SNR = 63.50 dB | SE = 20.778 bit/s/Hz
[49863 ms] [UE 40252] UL: SNR = 56.00 dB | SE = 18.324 bit/s/Hz
[49863 ms] [UE 15599] UL: SNR = 52.50 dB | SE = 17.179 bit/s/Hz
[49915 ms] [UE 33952] UL: SNR = 63.50 dB | SE = 20.778 bit/s/Hz
[49915 ms] [UE 12169] UL: SNR = 63.50 dB | SE = 20.778 bit/s/Hz
[49915 ms] [UE 22873] UL: SNR = 63.50 dB | SE = 20.778 bit/s/Hz
[49915 ms] [UE 30556] UL: SNR = 54.00 dB | SE = 17.669 bit/s/Hz
[49915 ms] [UE 20945] UL: SNR = 63.50 dB | SE = 20.778 bit/s/Hz
[49963 ms] [UE 45898] UL: SNR = 63.50 dB | SE = 20.778 bit/s/Hz
[49963 ms] [UE 36997] UL: SNR = 63.50 dB | SE = 20.778 bit/s/Hz
[49963 ms] [UE 48787] UL: SNR = 63.50 dB | SE = 20.778 bit/s/Hz
[49963 ms] [UE 40252] UL: SNR = 56.00 dB | SE = 18.324 bit/s/Hz
[49963 ms] [UE 15599] UL: SNR = 52.50 dB | SE = 17.179 bit/s/Hz
[50025 ms] [UE 33952] UL: SNR = 63.50 dB | SE = 20.778 bit/s/Hz
[50025 ms] [UE 12169] UL: SNR = 63.50 dB | SE = 20.778 bit/s/Hz
[50025 ms] [UE 22873] UL: SNR = 63.50 dB | SE = 20.778 bit/s/Hz
[50025 ms] [UE 30556] UL: SNR = 54.00 dB | SE = 17.669 bit/s/Hz
[50025 ms] [UE 20945] UL: SNR = 63.50 dB | SE = 20.778 bit/s/Hz
[50073 ms] [UE 45898] UL: SNR = 63.50 dB | SE = 20.778 bit/s/Hz
[50073 ms] [UE 36997] UL: SNR = 63.50 dB | SE = 20.778 bit/s/Hz
[50073 ms] [UE 48787] UL: SNR = 63.50 dB | SE = 20.778 bit/s/Hz
[50073 ms] [UE 40252] UL: SNR = 56.00 dB | SE = 18.324 bit/s/Hz
[50073 ms] [UE 15599] UL: SNR = 52.50 dB | SE = 17.179 bit/s/Hz
[50126 ms] [UE 33952] UL: SNR = 63.50 dB | SE = 20.778 bit/s/Hz
[50126 ms] [UE 12169] UL: SNR = 63.50 dB | SE = 20.778 bit/s/Hz
[50126 ms] [UE 22873] UL: SNR = 63.50 dB | SE = 20.778 bit/s/Hz
[50126 ms] [UE 30556] UL: SNR = 63.50 dB | SE = 20.778 bit/s/Hz
[50126 ms] [UE 20945] UL: SNR = 63.50 dB | SE = 20.778 bit/s/Hz
[50173 ms] [UE 45898] UL: SNR = 63.50 dB | SE = 20.778 bit/s/Hz
[50173 ms] [UE 36997] UL: SNR = 63.50 dB | SE = 20.778 bit/s/Hz
[50173 ms] [UE 48787] UL: SNR = 63.50 dB | SE = 20.778 bit/s/Hz
[50173 ms] [UE 40252] UL: SNR = 56.00 dB | SE = 18.324 bit/s/Hz
[50173 ms] [UE 15599] UL: SNR = 52.50 dB | SE = 17.179 bit/s/Hz
[50235 ms] [UE 33952] UL: SNR = 63.50 dB | SE = 20.778 bit/s/Hz
[50235 ms] [UE 12169] UL: SNR = 63.50 dB | SE = 20.778 bit/s/Hz
[50235 ms] [UE 22873] UL: SNR = 63.50 dB | SE = 20.778 bit/s/Hz
[50235 ms] [UE 30556] UL: SNR = 63.50 dB | SE = 20.778 bit/s/Hz
[50235 ms] [UE 20945] UL: SNR = 63.50 dB | SE = 20.778 bit/s/Hz
[50273 ms] [UE 45898] UL: SNR = 63.50 dB | SE = 20.778 bit/s/Hz
[50273 ms] [UE 36997] UL: SNR = 63.50 dB | SE = 20.778 bit/s/Hz
[50273 ms] [UE 48787] UL: SNR = 63.50 dB | SE = 20.778 bit/s/Hz
[50273 ms] [UE 40252] UL: SNR = 56.00 dB | SE = 18.324 bit/s/Hz
[50273 ms] [UE 15599] UL: SNR = 52.50 dB | SE = 17.179 bit/s/Hz
[50345 ms] [UE 33952] UL: SNR = 63.50 dB | SE = 20.778 bit/s/Hz
[50345 ms] [UE 12169] UL: SNR = 63.50 dB | SE = 20.778 bit/s/Hz
[50345 ms] [UE 22873] UL: SNR = 63.50 dB | SE = 20.778 bit/s/Hz
[50345 ms] [UE 30556] UL: SNR = 54.00 dB | SE = 17.669 bit/s/Hz
[50345 ms] [UE 20945] UL: SNR = 63.50 dB | SE = 20.778 bit/s/Hz
[50373 ms] [UE 45898] UL: SNR = 63.50 dB | SE = 20.778 bit/s/Hz
[50373 ms] [UE 36997] UL: SNR = 63.50 dB | SE = 20.778 bit/s/Hz
[50373 ms] [UE 48787] UL: SNR = 63.50 dB | SE = 20.778 bit/s/Hz
[50373 ms] [UE 40252] UL: SNR = 56.00 dB | SE = 18.324 bit/s/Hz
[50373 ms] [UE 15599] UL: SNR = 52.50 dB | SE = 17.179 bit/s/Hz
[50455 ms] [UE 33952] UL: SNR = 63.50 dB | SE = 20.778 bit/s/Hz
[50455 ms] [UE 12169] UL: SNR = 63.50 dB | SE = 20.778 bit/s/Hz
[50455 ms] [UE 22873] UL: SNR = 63.50 dB | SE = 20.778 bit/s/Hz
[50455 ms] [UE 30556] UL: SNR = 54.00 dB | SE = 17.669 bit/s/Hz
[50455 ms] [UE 20945] UL: SNR = 63.50 dB | SE = 20.778 bit/s/Hz
[50473 ms] [UE 45898] UL: SNR = 63.50 dB | SE = 20.778 bit/s/Hz
[50473 ms] [UE 36997] UL: SNR = 63.50 dB | SE = 20.778 bit/s/Hz
[50473 ms] [UE 48787] UL: SNR = 63.50 dB | SE = 20.778 bit/s/Hz
[50473 ms] [UE 40252] UL: SNR = 56.00 dB | SE = 18.324 bit/s/Hz
[50473 ms] [UE 15599] UL: SNR = 52.50 dB | SE = 17.179 bit/s/Hz
[50565 ms] [UE 33952] UL: SNR = 63.50 dB | SE = 20.778 bit/s/Hz
[50565 ms] [UE 12169] UL: SNR = 63.50 dB | SE = 20.778 bit/s/Hz
[50565 ms] [UE 22873] UL: SNR = 63.50 dB | SE = 20.778 bit/s/Hz
[50565 ms] [UE 30556] UL: SNR = 54.00 dB | SE = 17.669 bit/s/Hz
[50565 ms] [UE 20945] UL: SNR = 63.50 dB | SE = 20.778 bit/s/Hz
[50583 ms] [UE 45898] UL: SNR = 63.50 dB | SE = 20.778 bit/s/Hz
[50583 ms] [UE 36997] UL: SNR = 63.50 dB | SE = 20.778 bit/s/Hz
[50583 ms] [UE 48787] UL: SNR = 63.50 dB | SE = 20.778 bit/s/Hz
[50583 ms] [UE 40252] UL: SNR = 56.00 dB | SE = 18.324 bit/s/Hz
[50583 ms] [UE 15599] UL: SNR = 52.50 dB | SE = 17.179 bit/s/Hz
[50667 ms] [UE 33952] UL: SNR = 63.50 dB | SE = 20.778 bit/s/Hz
[50667 ms] [UE 12169] UL: SNR = 63.50 dB | SE = 20.778 bit/s/Hz
[50667 ms] [UE 22873] UL: SNR = 63.50 dB | SE = 20.778 bit/s/Hz
[50667 ms] [UE 30556] UL: SNR = 63.50 dB | SE = 20.778 bit/s/Hz
[50667 ms] [UE 20945] UL: SNR = 63.50 dB | SE = 20.778 bit/s/Hz
[50693 ms] [UE 45898] UL: SNR = 63.50 dB | SE = 20.778 bit/s/Hz
[50693 ms] [UE 36997] UL: SNR = 63.50 dB | SE = 20.778 bit/s/Hz
[50693 ms] [UE 48787] UL: SNR = 63.50 dB | SE = 20.778 bit/s/Hz
[50693 ms] [UE 40252] UL: SNR = 56.00 dB | SE = 18.324 bit/s/Hz
[50693 ms] [UE 15599] UL: SNR = 52.50 dB | SE = 17.179 bit/s/Hz
[50775 ms] [UE 33952] UL: SNR = 63.50 dB | SE = 20.778 bit/s/Hz
[50775 ms] [UE 12169] UL: SNR = 63.50 dB | SE = 20.778 bit/s/Hz
[50775 ms] [UE 22873] UL: SNR = 63.50 dB | SE = 20.778 bit/s/Hz
[50775 ms] [UE 30556] UL: SNR = 63.50 dB | SE = 20.778 bit/s/Hz
[50775 ms] [UE 20945] UL: SNR = 63.50 dB | SE = 20.778 bit/s/Hz
[50803 ms] [UE 45898] UL: SNR = 63.50 dB | SE = 20.778 bit/s/Hz
[50803 ms] [UE 36997] UL: SNR = 63.50 dB | SE = 20.778 bit/s/Hz
[50803 ms] [UE 48787] UL: SNR = 63.50 dB | SE = 20.778 bit/s/Hz
[50803 ms] [UE 40252] UL: SNR = 56.00 dB | SE = 18.324 bit/s/Hz
[50803 ms] [UE 15599] UL: SNR = 52.50 dB | SE = 17.179 bit/s/Hz
[50875 ms] [UE 33952] UL: SNR = 63.50 dB | SE = 20.778 bit/s/Hz
[50875 ms] [UE 12169] UL: SNR = 63.50 dB | SE = 20.778 bit/s/Hz
[50875 ms] [UE 22873] UL: SNR = 63.50 dB | SE = 20.778 bit/s/Hz
[50875 ms] [UE 30556] UL: SNR = 63.50 dB | SE = 20.778 bit/s/Hz
[50875 ms] [UE 20945] UL: SNR = 63.50 dB | SE = 20.778 bit/s/Hz
[50913 ms] [UE 45898] UL: SNR = 63.50 dB | SE = 20.778 bit/s/Hz
[50913 ms] [UE 36997] UL: SNR = 63.50 dB | SE = 20.778 bit/s/Hz
[50913 ms] [UE 48787] UL: SNR = 63.50 dB | SE = 20.778 bit/s/Hz
[50913 ms] [UE 40252] UL: SNR = 56.00 dB | SE = 18.324 bit/s/Hz
[50913 ms] [UE 15599] UL: SNR = 52.50 dB | SE = 17.179 bit/s/Hz
[50985 ms] [UE 33952] UL: SNR = 63.50 dB | SE = 20.778 bit/s/Hz
[50985 ms] [UE 12169] UL: SNR = 63.50 dB | SE = 20.778 bit/s/Hz
[50985 ms] [UE 22873] UL: SNR = 63.50 dB | SE = 20.778 bit/s/Hz
[50985 ms] [UE 30556] UL: SNR = 63.50 dB | SE = 20.778 bit/s/Hz
[50985 ms] [UE 20945] UL: SNR = 63.50 dB | SE = 20.778 bit/s/Hz
[51022 ms] [UE 45898] UL: SNR = 63.50 dB | SE = 20.778 bit/s/Hz
[51022 ms] [UE 36997] UL: SNR = 63.50 dB | SE = 20.778 bit/s/Hz
[51022 ms] [UE 48787] UL: SNR = 63.50 dB | SE = 20.778 bit/s/Hz
[51022 ms] [UE 40252] UL: SNR = 56.00 dB | SE = 18.324 bit/s/Hz
[51022 ms] [UE 15599] UL: SNR = 52.50 dB | SE = 17.179 bit/s/Hz
[51095 ms] [UE 33952] UL: SNR = 63.50 dB | SE = 20.778 bit/s/Hz
[51095 ms] [UE 12169] UL: SNR = 63.50 dB | SE = 20.778 bit/s/Hz
[51095 ms] [UE 22873] UL: SNR = 63.50 dB | SE = 20.778 bit/s/Hz
[51095 ms] [UE 30556] UL: SNR = 63.50 dB | SE = 20.778 bit/s/Hz
[51095 ms] [UE 20945] UL: SNR = 63.50 dB | SE = 20.778 bit/s/Hz
[51123 ms] [UE 45898] UL: SNR = 63.50 dB | SE = 20.778 bit/s/Hz
[51123 ms] [UE 36997] UL: SNR = 63.50 dB | SE = 20.778 bit/s/Hz
[51123 ms] [UE 48787] UL: SNR = 63.50 dB | SE = 20.778 bit/s/Hz
[51123 ms] [UE 40252] UL: SNR = 56.00 dB | SE = 18.324 bit/s/Hz
[51123 ms] [UE 15599] UL: SNR = 52.50 dB | SE = 17.179 bit/s/Hz
[51206 ms] [UE 33952] UL: SNR = 63.50 dB | SE = 20.778 bit/s/Hz
[51206 ms] [UE 12169] UL: SNR = 63.50 dB | SE = 20.778 bit/s/Hz
[51206 ms] [UE 22873] UL: SNR = 63.50 dB | SE = 20.778 bit/s/Hz
[51206 ms] [UE 30556] UL: SNR = 53.00 dB | SE = 17.342 bit/s/Hz
[51206 ms] [UE 20945] UL: SNR = 63.50 dB | SE = 20.778 bit/s/Hz
[51233 ms] [UE 45898] UL: SNR = 63.50 dB | SE = 20.778 bit/s/Hz
[51233 ms] [UE 36997] UL: SNR = 63.50 dB | SE = 20.778 bit/s/Hz
[51233 ms] [UE 48787] UL: SNR = 63.50 dB | SE = 20.778 bit/s/Hz
[51233 ms] [UE 40252] UL: SNR = 56.00 dB | SE = 18.324 bit/s/Hz
[51233 ms] [UE 15599] UL: SNR = 52.50 dB | SE = 17.179 bit/s/Hz
[51315 ms] [UE 33952] UL: SNR = 63.50 dB | SE = 20.778 bit/s/Hz
[51315 ms] [UE 12169] UL: SNR = 63.50 dB | SE = 20.778 bit/s/Hz
[51315 ms] [UE 22873] UL: SNR = 63.50 dB | SE = 20.778 bit/s/Hz
[51315 ms] [UE 30556] UL: SNR = 53.00 dB | SE = 17.342 bit/s/Hz
[51315 ms] [UE 20945] UL: SNR = 63.50 dB | SE = 20.778 bit/s/Hz
[51333 ms] [UE 45898] UL: SNR = 63.50 dB | SE = 20.778 bit/s/Hz
[51333 ms] [UE 36997] UL: SNR = 63.50 dB | SE = 20.778 bit/s/Hz
[51333 ms] [UE 48787] UL: SNR = 63.50 dB | SE = 20.778 bit/s/Hz
[51333 ms] [UE 40252] UL: SNR = 56.00 dB | SE = 18.324 bit/s/Hz
[51333 ms] [UE 15599] UL: SNR = 52.50 dB | SE = 17.179 bit/s/Hz
[51415 ms] [UE 33952] UL: SNR = 63.50 dB | SE = 20.778 bit/s/Hz
[51415 ms] [UE 12169] UL: SNR = 63.50 dB | SE = 20.778 bit/s/Hz
[51415 ms] [UE 22873] UL: SNR = 63.50 dB | SE = 20.778 bit/s/Hz
[51415 ms] [UE 30556] UL: SNR = 63.50 dB | SE = 20.778 bit/s/Hz
[51415 ms] [UE 20945] UL: SNR = 63.50 dB | SE = 20.778 bit/s/Hz
[51443 ms] [UE 45898] UL: SNR = 63.50 dB | SE = 20.778 bit/s/Hz
[51443 ms] [UE 36997] UL: SNR = 63.50 dB | SE = 20.778 bit/s/Hz
[51443 ms] [UE 48787] UL: SNR = 63.50 dB | SE = 20.778 bit/s/Hz
[51443 ms] [UE 40252] UL: SNR = 56.00 dB | SE = 18.324 bit/s/Hz
[51443 ms] [UE 15599] UL: SNR = 52.50 dB | SE = 17.179 bit/s/Hz
[51516 ms] [UE 33952] UL: SNR = 63.50 dB | SE = 20.778 bit/s/Hz
[51516 ms] [UE 12169] UL: SNR = 63.50 dB | SE = 20.778 bit/s/Hz
[51516 ms] [UE 22873] UL: SNR = 63.50 dB | SE = 20.778 bit/s/Hz
[51516 ms] [UE 30556] UL: SNR = 63.50 dB | SE = 20.778 bit/s/Hz
[51516 ms] [UE 20945] UL: SNR = 63.50 dB | SE = 20.778 bit/s/Hz
[51553 ms] [UE 45898] UL: SNR = 63.50 dB | SE = 20.778 bit/s/Hz
[51553 ms] [UE 36997] UL: SNR = 63.50 dB | SE = 20.778 bit/s/Hz
[51553 ms] [UE 48787] UL: SNR = 63.50 dB | SE = 20.778 bit/s/Hz
[51553 ms] [UE 40252] UL: SNR = 56.00 dB | SE = 18.324 bit/s/Hz
[51553 ms] [UE 15599] UL: SNR = 52.50 dB | SE = 17.179 bit/s/Hz
[51625 ms] [UE 33952] UL: SNR = 63.50 dB | SE = 20.778 bit/s/Hz
[51625 ms] [UE 12169] UL: SNR = 63.50 dB | SE = 20.778 bit/s/Hz
[51625 ms] [UE 22873] UL: SNR = 63.50 dB | SE = 20.778 bit/s/Hz
[51625 ms] [UE 30556] UL: SNR = 63.50 dB | SE = 20.778 bit/s/Hz
[51625 ms] [UE 20945] UL: SNR = 63.50 dB | SE = 20.778 bit/s/Hz
[51653 ms] [UE 45898] UL: SNR = 63.50 dB | SE = 20.778 bit/s/Hz
[51653 ms] [UE 36997] UL: SNR = 63.50 dB | SE = 20.778 bit/s/Hz
[51653 ms] [UE 48787] UL: SNR = 63.50 dB | SE = 20.778 bit/s/Hz
[51653 ms] [UE 40252] UL: SNR = 56.00 dB | SE = 18.324 bit/s/Hz
[51653 ms] [UE 15599] UL: SNR = 52.50 dB | SE = 17.179 bit/s/Hz
[51725 ms] [UE 33952] UL: SNR = 63.50 dB | SE = 20.778 bit/s/Hz
[51725 ms] [UE 12169] UL: SNR = 63.50 dB | SE = 20.778 bit/s/Hz
[51725 ms] [UE 22873] UL: SNR = 63.50 dB | SE = 20.778 bit/s/Hz
[51725 ms] [UE 30556] UL: SNR = 63.50 dB | SE = 20.778 bit/s/Hz
[51725 ms] [UE 20945] UL: SNR = 63.50 dB | SE = 20.778 bit/s/Hz
[51753 ms] [UE 45898] UL: SNR = 63.50 dB | SE = 20.778 bit/s/Hz
[51753 ms] [UE 36997] UL: SNR = 63.50 dB | SE = 20.778 bit/s/Hz
[51753 ms] [UE 48787] UL: SNR = 63.50 dB | SE = 20.778 bit/s/Hz
[51753 ms] [UE 40252] UL: SNR = 56.00 dB | SE = 18.324 bit/s/Hz
[51753 ms] [UE 15599] UL: SNR = 52.50 dB | SE = 17.179 bit/s/Hz
[51826 ms] [UE 33952] UL: SNR = 63.50 dB | SE = 20.778 bit/s/Hz
[51826 ms] [UE 12169] UL: SNR = 63.50 dB | SE = 20.778 bit/s/Hz
[51826 ms] [UE 22873] UL: SNR = 63.50 dB | SE = 20.778 bit/s/Hz
[51826 ms] [UE 30556] UL: SNR = 63.50 dB | SE = 20.778 bit/s/Hz
[51826 ms] [UE 20945] UL: SNR = 63.50 dB | SE = 20.778 bit/s/Hz
[51863 ms] [UE 45898] UL: SNR = 63.50 dB | SE = 20.778 bit/s/Hz
[51863 ms] [UE 36997] UL: SNR = 63.50 dB | SE = 20.778 bit/s/Hz
[51863 ms] [UE 48787] UL: SNR = 63.50 dB | SE = 20.778 bit/s/Hz
[51863 ms] [UE 40252] UL: SNR = 56.00 dB | SE = 18.324 bit/s/Hz
[51863 ms] [UE 15599] UL: SNR = 52.50 dB | SE = 17.179 bit/s/Hz
[51935 ms] [UE 33952] UL: SNR = 63.50 dB | SE = 20.778 bit/s/Hz
[51935 ms] [UE 12169] UL: SNR = 63.50 dB | SE = 20.778 bit/s/Hz
[51935 ms] [UE 22873] UL: SNR = 63.50 dB | SE = 20.778 bit/s/Hz
[51935 ms] [UE 30556] UL: SNR = 63.50 dB | SE = 20.778 bit/s/Hz
[51935 ms] [UE 20945] UL: SNR = 63.50 dB | SE = 20.778 bit/s/Hz
[51974 ms] [UE 45898] UL: SNR = 63.50 dB | SE = 20.778 bit/s/Hz
[51974 ms] [UE 36997] UL: SNR = 63.50 dB | SE = 20.778 bit/s/Hz
[51974 ms] [UE 48787] UL: SNR = 63.50 dB | SE = 20.778 bit/s/Hz
[51974 ms] [UE 40252] UL: SNR = 56.00 dB | SE = 18.324 bit/s/Hz
[51974 ms] [UE 15599] UL: SNR = 52.50 dB | SE = 17.179 bit/s/Hz
[52045 ms] [UE 33952] UL: SNR = 63.50 dB | SE = 20.778 bit/s/Hz
[52045 ms] [UE 12169] UL: SNR = 63.50 dB | SE = 20.778 bit/s/Hz
[52045 ms] [UE 22873] UL: SNR = 63.50 dB | SE = 20.778 bit/s/Hz
[52045 ms] [UE 30556] UL: SNR = 63.50 dB | SE = 20.778 bit/s/Hz
[52045 ms] [UE 20945] UL: SNR = 63.50 dB | SE = 20.778 bit/s/Hz
[52083 ms] [UE 45898] UL: SNR = 63.50 dB | SE = 20.778 bit/s/Hz
[52083 ms] [UE 36997] UL: SNR = 63.50 dB | SE = 20.778 bit/s/Hz
[52083 ms] [UE 48787] UL: SNR = 63.50 dB | SE = 20.778 bit/s/Hz
[52083 ms] [UE 40252] UL: SNR = 56.00 dB | SE = 18.324 bit/s/Hz
[52083 ms] [UE 15599] UL: SNR = 52.50 dB | SE = 17.179 bit/s/Hz
[52145 ms] [UE 33952] UL: SNR = 63.50 dB | SE = 20.778 bit/s/Hz
[52145 ms] [UE 12169] UL: SNR = 63.50 dB | SE = 20.778 bit/s/Hz
[52145 ms] [UE 22873] UL: SNR = 63.50 dB | SE = 20.778 bit/s/Hz
[52145 ms] [UE 30556] UL: SNR = 63.50 dB | SE = 20.778 bit/s/Hz
[52145 ms] [UE 20945] UL: SNR = 63.50 dB | SE = 20.778 bit/s/Hz
[52183 ms] [UE 45898] UL: SNR = 63.50 dB | SE = 20.778 bit/s/Hz
[52183 ms] [UE 36997] UL: SNR = 63.50 dB | SE = 20.778 bit/s/Hz
[52183 ms] [UE 48787] UL: SNR = 63.50 dB | SE = 20.778 bit/s/Hz
[52183 ms] [UE 40252] UL: SNR = 56.00 dB | SE = 18.324 bit/s/Hz
[52183 ms] [UE 15599] UL: SNR = 52.50 dB | SE = 17.179 bit/s/Hz
[52255 ms] [UE 33952] UL: SNR = 63.50 dB | SE = 20.778 bit/s/Hz
[52255 ms] [UE 12169] UL: SNR = 63.50 dB | SE = 20.778 bit/s/Hz
[52255 ms] [UE 22873] UL: SNR = 63.50 dB | SE = 20.778 bit/s/Hz
[52255 ms] [UE 30556] UL: SNR = 63.50 dB | SE = 20.778 bit/s/Hz
[52255 ms] [UE 20945] UL: SNR = 63.50 dB | SE = 20.778 bit/s/Hz
[52293 ms] [UE 45898] UL: SNR = 63.50 dB | SE = 20.778 bit/s/Hz
[52293 ms] [UE 36997] UL: SNR = 63.50 dB | SE = 20.778 bit/s/Hz
[52293 ms] [UE 48787] UL: SNR = 63.50 dB | SE = 20.778 bit/s/Hz
[52293 ms] [UE 40252] UL: SNR = 56.00 dB | SE = 18.324 bit/s/Hz
[52293 ms] [UE 15599] UL: SNR = 52.50 dB | SE = 17.179 bit/s/Hz
[52355 ms] [UE 33952] UL: SNR = 63.50 dB | SE = 20.778 bit/s/Hz
[52355 ms] [UE 12169] UL: SNR = 63.50 dB | SE = 20.778 bit/s/Hz
[52355 ms] [UE 22873] UL: SNR = 63.50 dB | SE = 20.778 bit/s/Hz
[52355 ms] [UE 30556] UL: SNR = 63.50 dB | SE = 20.778 bit/s/Hz
[52355 ms] [UE 20945] UL: SNR = 63.50 dB | SE = 20.778 bit/s/Hz
[52402 ms] [UE 45898] UL: SNR = 63.50 dB | SE = 20.778 bit/s/Hz
[52402 ms] [UE 36997] UL: SNR = 63.50 dB | SE = 20.778 bit/s/Hz
[52402 ms] [UE 48787] UL: SNR = 63.50 dB | SE = 20.778 bit/s/Hz
[52402 ms] [UE 40252] UL: SNR = 56.00 dB | SE = 18.324 bit/s/Hz
[52402 ms] [UE 15599] UL: SNR = 52.50 dB | SE = 17.179 bit/s/Hz
[52465 ms] [UE 33952] UL: SNR = 63.50 dB | SE = 20.778 bit/s/Hz
[52465 ms] [UE 12169] UL: SNR = 63.50 dB | SE = 20.778 bit/s/Hz
[52465 ms] [UE 22873] UL: SNR = 63.50 dB | SE = 20.778 bit/s/Hz
[52465 ms] [UE 30556] UL: SNR = 63.50 dB | SE = 20.778 bit/s/Hz
[52465 ms] [UE 20945] UL: SNR = 63.50 dB | SE = 20.778 bit/s/Hz
[52503 ms] [UE 45898] UL: SNR = 63.50 dB | SE = 20.778 bit/s/Hz
[52503 ms] [UE 36997] UL: SNR = 63.50 dB | SE = 20.778 bit/s/Hz
[52503 ms] [UE 48787] UL: SNR = 63.50 dB | SE = 20.778 bit/s/Hz
[52503 ms] [UE 40252] UL: SNR = 56.00 dB | SE = 18.324 bit/s/Hz
[52503 ms] [UE 15599] UL: SNR = 52.50 dB | SE = 17.179 bit/s/Hz
[52575 ms] [UE 33952] UL: SNR = 63.50 dB | SE = 20.778 bit/s/Hz
[52575 ms] [UE 12169] UL: SNR = 63.50 dB | SE = 20.778 bit/s/Hz
[52575 ms] [UE 22873] UL: SNR = 63.50 dB | SE = 20.778 bit/s/Hz
[52575 ms] [UE 30556] UL: SNR = 63.50 dB | SE = 20.778 bit/s/Hz
[52575 ms] [UE 20945] UL: SNR = 63.50 dB | SE = 20.778 bit/s/Hz
[52613 ms] [UE 45898] UL: SNR = 63.50 dB | SE = 20.778 bit/s/Hz
[52613 ms] [UE 36997] UL: SNR = 63.50 dB | SE = 20.778 bit/s/Hz
[52613 ms] [UE 48787] UL: SNR = 63.50 dB | SE = 20.778 bit/s/Hz
[52613 ms] [UE 40252] UL: SNR = 56.00 dB | SE = 18.324 bit/s/Hz
[52613 ms] [UE 15599] UL: SNR = 52.50 dB | SE = 17.179 bit/s/Hz
[52675 ms] [UE 33952] UL: SNR = 63.50 dB | SE = 20.778 bit/s/Hz
[52675 ms] [UE 12169] UL: SNR = 63.50 dB | SE = 20.778 bit/s/Hz
[52675 ms] [UE 22873] UL: SNR = 63.50 dB | SE = 20.778 bit/s/Hz
[52675 ms] [UE 30556] UL: SNR = 63.50 dB | SE = 20.778 bit/s/Hz
[52675 ms] [UE 20945] UL: SNR = 63.50 dB | SE = 20.778 bit/s/Hz
[52713 ms] [UE 45898] UL: SNR = 63.50 dB | SE = 20.778 bit/s/Hz
[52713 ms] [UE 36997] UL: SNR = 63.50 dB | SE = 20.778 bit/s/Hz
[52713 ms] [UE 48787] UL: SNR = 63.50 dB | SE = 20.778 bit/s/Hz
[52713 ms] [UE 40252] UL: SNR = 56.00 dB | SE = 18.324 bit/s/Hz
[52713 ms] [UE 15599] UL: SNR = 52.50 dB | SE = 17.179 bit/s/Hz
[52785 ms] [UE 33952] UL: SNR = 63.50 dB | SE = 20.778 bit/s/Hz
[52785 ms] [UE 12169] UL: SNR = 63.50 dB | SE = 20.778 bit/s/Hz
[52785 ms] [UE 22873] UL: SNR = 63.50 dB | SE = 20.778 bit/s/Hz
[52785 ms] [UE 30556] UL: SNR = 63.50 dB | SE = 20.778 bit/s/Hz
[52785 ms] [UE 20945] UL: SNR = 63.50 dB | SE = 20.778 bit/s/Hz
[52813 ms] [UE 45898] UL: SNR = 63.50 dB | SE = 20.778 bit/s/Hz
[52813 ms] [UE 36997] UL: SNR = 63.50 dB | SE = 20.778 bit/s/Hz
[52813 ms] [UE 48787] UL: SNR = 63.50 dB | SE = 20.778 bit/s/Hz
[52813 ms] [UE 40252] UL: SNR = 56.00 dB | SE = 18.324 bit/s/Hz
[52813 ms] [UE 15599] UL: SNR = 52.50 dB | SE = 17.179 bit/s/Hz
[52895 ms] [UE 33952] UL: SNR = 63.50 dB | SE = 20.778 bit/s/Hz
[52895 ms] [UE 12169] UL: SNR = 63.50 dB | SE = 20.778 bit/s/Hz
[52895 ms] [UE 22873] UL: SNR = 63.50 dB | SE = 20.778 bit/s/Hz
[52895 ms] [UE 30556] UL: SNR = 63.50 dB | SE = 20.778 bit/s/Hz
[52895 ms] [UE 20945] UL: SNR = 63.50 dB | SE = 20.778 bit/s/Hz
[52923 ms] [UE 45898] UL: SNR = 63.50 dB | SE = 20.778 bit/s/Hz
[52923 ms] [UE 36997] UL: SNR = 63.50 dB | SE = 20.778 bit/s/Hz
[52923 ms] [UE 48787] UL: SNR = 63.50 dB | SE = 20.778 bit/s/Hz
[52923 ms] [UE 40252] UL: SNR = 56.00 dB | SE = 18.324 bit/s/Hz
[52923 ms] [UE 15599] UL: SNR = 52.50 dB | SE = 17.179 bit/s/Hz
[52996 ms] [UE 33952] UL: SNR = 63.50 dB | SE = 20.778 bit/s/Hz
[52996 ms] [UE 12169] UL: SNR = 63.50 dB | SE = 20.778 bit/s/Hz
[52996 ms] [UE 22873] UL: SNR = 63.50 dB | SE = 20.778 bit/s/Hz
[52996 ms] [UE 30556] UL: SNR = 63.50 dB | SE = 20.778 bit/s/Hz
[52996 ms] [UE 20945] UL: SNR = 63.50 dB | SE = 20.778 bit/s/Hz
[53023 ms] [UE 45898] UL: SNR = 63.50 dB | SE = 20.778 bit/s/Hz
[53023 ms] [UE 36997] UL: SNR = 63.50 dB | SE = 20.778 bit/s/Hz
[53023 ms] [UE 48787] UL: SNR = 63.50 dB | SE = 20.778 bit/s/Hz
[53023 ms] [UE 40252] UL: SNR = 56.00 dB | SE = 18.324 bit/s/Hz
[53023 ms] [UE 15599] UL: SNR = 52.50 dB | SE = 17.179 bit/s/Hz
[53105 ms] [UE 33952] UL: SNR = 63.50 dB | SE = 20.778 bit/s/Hz
[53105 ms] [UE 12169] UL: SNR = 63.50 dB | SE = 20.778 bit/s/Hz
[53105 ms] [UE 22873] UL: SNR = 63.50 dB | SE = 20.778 bit/s/Hz
[53105 ms] [UE 30556] UL: SNR = 7.50 dB | SE = 2.687 bit/s/Hz
[53105 ms] [UE 20945] UL: SNR = 63.50 dB | SE = 20.778 bit/s/Hz
[53133 ms] [UE 45898] UL: SNR = 63.50 dB | SE = 20.778 bit/s/Hz
[53133 ms] [UE 36997] UL: SNR = 63.50 dB | SE = 20.778 bit/s/Hz
[53133 ms] [UE 48787] UL: SNR = 63.50 dB | SE = 20.778 bit/s/Hz
[53133 ms] [UE 40252] UL: SNR = 56.00 dB | SE = 18.324 bit/s/Hz
[53133 ms] [UE 15599] UL: SNR = 52.50 dB | SE = 17.179 bit/s/Hz
[53215 ms] [UE 33952] UL: SNR = 63.50 dB | SE = 20.778 bit/s/Hz
[53215 ms] [UE 12169] UL: SNR = 63.50 dB | SE = 20.778 bit/s/Hz
[53215 ms] [UE 22873] UL: SNR = 63.50 dB | SE = 20.778 bit/s/Hz
[53215 ms] [UE 30556] UL: SNR = 7.50 dB | SE = 2.687 bit/s/Hz
[53215 ms] [UE 20945] UL: SNR = 63.50 dB | SE = 20.778 bit/s/Hz
[53234 ms] [UE 45898] UL: SNR = 63.50 dB | SE = 20.778 bit/s/Hz
[53234 ms] [UE 36997] UL: SNR = 63.50 dB | SE = 20.778 bit/s/Hz
[53234 ms] [UE 48787] UL: SNR = 63.50 dB | SE = 20.778 bit/s/Hz
[53234 ms] [UE 40252] UL: SNR = 56.00 dB | SE = 18.324 bit/s/Hz
[53234 ms] [UE 15599] UL: SNR = 52.50 dB | SE = 17.179 bit/s/Hz
[53316 ms] [UE 33952] UL: SNR = 63.50 dB | SE = 20.778 bit/s/Hz
[53316 ms] [UE 12169] UL: SNR = 63.50 dB | SE = 20.778 bit/s/Hz
[53316 ms] [UE 22873] UL: SNR = 8.50 dB | SE = 2.969 bit/s/Hz
[53316 ms] [UE 30556] UL: SNR = 51.50 dB | SE = 16.851 bit/s/Hz
[53316 ms] [UE 20945] UL: SNR = 63.50 dB | SE = 20.778 bit/s/Hz
[53343 ms] [UE 45898] UL: SNR = 63.50 dB | SE = 20.778 bit/s/Hz
[53343 ms] [UE 36997] UL: SNR = 63.50 dB | SE = 20.778 bit/s/Hz
[53343 ms] [UE 48787] UL: SNR = 63.50 dB | SE = 20.778 bit/s/Hz
[53343 ms] [UE 40252] UL: SNR = 56.00 dB | SE = 18.324 bit/s/Hz
[53343 ms] [UE 15599] UL: SNR = 52.50 dB | SE = 17.179 bit/s/Hz
[53425 ms] [UE 33952] UL: SNR = 63.50 dB | SE = 20.778 bit/s/Hz
[53425 ms] [UE 12169] UL: SNR = 63.50 dB | SE = 20.778 bit/s/Hz
[53425 ms] [UE 22873] UL: SNR = 8.50 dB | SE = 2.969 bit/s/Hz
[53425 ms] [UE 30556] UL: SNR = 51.50 dB | SE = 16.851 bit/s/Hz
[53425 ms] [UE 20945] UL: SNR = 63.50 dB | SE = 20.778 bit/s/Hz
[53443 ms] [UE 45898] UL: SNR = 63.50 dB | SE = 20.778 bit/s/Hz
[53443 ms] [UE 36997] UL: SNR = 63.50 dB | SE = 20.778 bit/s/Hz
[53443 ms] [UE 48787] UL: SNR = 63.50 dB | SE = 20.778 bit/s/Hz
[53443 ms] [UE 40252] UL: SNR = 56.00 dB | SE = 18.324 bit/s/Hz
[53443 ms] [UE 15599] UL: SNR = 52.50 dB | SE = 17.179 bit/s/Hz
[53525 ms] [UE 33952] UL: SNR = 63.50 dB | SE = 20.778 bit/s/Hz
[53525 ms] [UE 12169] UL: SNR = 63.50 dB | SE = 20.778 bit/s/Hz
[53525 ms] [UE 22873] UL: SNR = 8.50 dB | SE = 2.969 bit/s/Hz
[53525 ms] [UE 30556] UL: SNR = 51.50 dB | SE = 16.851 bit/s/Hz
[53525 ms] [UE 20945] UL: SNR = 63.50 dB | SE = 20.778 bit/s/Hz
[53543 ms] [UE 45898] UL: SNR = 63.50 dB | SE = 20.778 bit/s/Hz
[53543 ms] [UE 36997] UL: SNR = 63.50 dB | SE = 20.778 bit/s/Hz
[53543 ms] [UE 48787] UL: SNR = 63.50 dB | SE = 20.778 bit/s/Hz
[53543 ms] [UE 40252] UL: SNR = 56.00 dB | SE = 18.324 bit/s/Hz
[53543 ms] [UE 15599] UL: SNR = 52.50 dB | SE = 17.179 bit/s/Hz
[53625 ms] [UE 33952] UL: SNR = 63.50 dB | SE = 20.778 bit/s/Hz
[53625 ms] [UE 12169] UL: SNR = 63.50 dB | SE = 20.778 bit/s/Hz
[53625 ms] [UE 22873] UL: SNR = 8.50 dB | SE = 2.969 bit/s/Hz
[53625 ms] [UE 30556] UL: SNR = 51.50 dB | SE = 16.851 bit/s/Hz
[53625 ms] [UE 20945] UL: SNR = 63.50 dB | SE = 20.778 bit/s/Hz
[53653 ms] [UE 45898] UL: SNR = 63.50 dB | SE = 20.778 bit/s/Hz
[53653 ms] [UE 36997] UL: SNR = 63.50 dB | SE = 20.778 bit/s/Hz
[53653 ms] [UE 48787] UL: SNR = 63.50 dB | SE = 20.778 bit/s/Hz
[53653 ms] [UE 40252] UL: SNR = 56.00 dB | SE = 18.324 bit/s/Hz
[53653 ms] [UE 15599] UL: SNR = 52.50 dB | SE = 17.179 bit/s/Hz
[53735 ms] [UE 33952] UL: SNR = 63.50 dB | SE = 20.778 bit/s/Hz
[53735 ms] [UE 12169] UL: SNR = 63.50 dB | SE = 20.778 bit/s/Hz
[53735 ms] [UE 22873] UL: SNR = 8.50 dB | SE = 2.969 bit/s/Hz
[53735 ms] [UE 30556] UL: SNR = 51.50 dB | SE = 16.851 bit/s/Hz
[53735 ms] [UE 20945] UL: SNR = 63.50 dB | SE = 20.778 bit/s/Hz
[53763 ms] [UE 45898] UL: SNR = 63.50 dB | SE = 20.778 bit/s/Hz
[53763 ms] [UE 36997] UL: SNR = 63.50 dB | SE = 20.778 bit/s/Hz
[53763 ms] [UE 48787] UL: SNR = 63.50 dB | SE = 20.778 bit/s/Hz
[53763 ms] [UE 40252] UL: SNR = 56.00 dB | SE = 18.324 bit/s/Hz
[53763 ms] [UE 15599] UL: SNR = 52.50 dB | SE = 17.179 bit/s/Hz
[53845 ms] [UE 33952] UL: SNR = 63.50 dB | SE = 20.778 bit/s/Hz
[53845 ms] [UE 12169] UL: SNR = 63.50 dB | SE = 20.778 bit/s/Hz
[53845 ms] [UE 22873] UL: SNR = 8.50 dB | SE = 2.969 bit/s/Hz
[53845 ms] [UE 30556] UL: SNR = 53.50 dB | SE = 17.506 bit/s/Hz
[53845 ms] [UE 20945] UL: SNR = 63.50 dB | SE = 20.778 bit/s/Hz
[53863 ms] [UE 45898] UL: SNR = 63.50 dB | SE = 20.778 bit/s/Hz
[53863 ms] [UE 36997] UL: SNR = 63.50 dB | SE = 20.778 bit/s/Hz
[53863 ms] [UE 48787] UL: SNR = 63.50 dB | SE = 20.778 bit/s/Hz
[53863 ms] [UE 40252] UL: SNR = 56.00 dB | SE = 18.324 bit/s/Hz
[53863 ms] [UE 15599] UL: SNR = 52.50 dB | SE = 17.179 bit/s/Hz
[53945 ms] [UE 33952] UL: SNR = 63.50 dB | SE = 20.778 bit/s/Hz
[53945 ms] [UE 12169] UL: SNR = 63.50 dB | SE = 20.778 bit/s/Hz
[53945 ms] [UE 22873] UL: SNR = 8.50 dB | SE = 2.969 bit/s/Hz
[53945 ms] [UE 30556] UL: SNR = 53.50 dB | SE = 17.506 bit/s/Hz
[53945 ms] [UE 20945] UL: SNR = 63.50 dB | SE = 20.778 bit/s/Hz
[53973 ms] [UE 45898] UL: SNR = 63.50 dB | SE = 20.778 bit/s/Hz
[53973 ms] [UE 36997] UL: SNR = 63.50 dB | SE = 20.778 bit/s/Hz
[53973 ms] [UE 48787] UL: SNR = 63.50 dB | SE = 20.778 bit/s/Hz
[53973 ms] [UE 40252] UL: SNR = 56.00 dB | SE = 18.324 bit/s/Hz
[53973 ms] [UE 15599] UL: SNR = 52.50 dB | SE = 17.179 bit/s/Hz
[54055 ms] [UE 33952] UL: SNR = 63.50 dB | SE = 20.778 bit/s/Hz
[54055 ms] [UE 12169] UL: SNR = 63.50 dB | SE = 20.778 bit/s/Hz
[54055 ms] [UE 22873] UL: SNR = 8.50 dB | SE = 2.969 bit/s/Hz
[54055 ms] [UE 30556] UL: SNR = 54.00 dB | SE = 17.669 bit/s/Hz
[54055 ms] [UE 20945] UL: SNR = 63.50 dB | SE = 20.778 bit/s/Hz
[54083 ms] [UE 45898] UL: SNR = 63.50 dB | SE = 20.778 bit/s/Hz
[54083 ms] [UE 36997] UL: SNR = 63.50 dB | SE = 20.778 bit/s/Hz
[54083 ms] [UE 48787] UL: SNR = 63.50 dB | SE = 20.778 bit/s/Hz
[54083 ms] [UE 40252] UL: SNR = 56.00 dB | SE = 18.324 bit/s/Hz
[54083 ms] [UE 15599] UL: SNR = 52.50 dB | SE = 17.179 bit/s/Hz
[54165 ms] [UE 33952] UL: SNR = 63.50 dB | SE = 20.778 bit/s/Hz
[54165 ms] [UE 12169] UL: SNR = 63.50 dB | SE = 20.778 bit/s/Hz
[54165 ms] [UE 22873] UL: SNR = 8.50 dB | SE = 2.969 bit/s/Hz
[54165 ms] [UE 30556] UL: SNR = 54.00 dB | SE = 17.669 bit/s/Hz
[54165 ms] [UE 20945] UL: SNR = 63.50 dB | SE = 20.778 bit/s/Hz
[54184 ms] [UE 45898] UL: SNR = 63.50 dB | SE = 20.778 bit/s/Hz
[54184 ms] [UE 36997] UL: SNR = 63.50 dB | SE = 20.778 bit/s/Hz
[54184 ms] [UE 48787] UL: SNR = 63.50 dB | SE = 20.778 bit/s/Hz
[54184 ms] [UE 40252] UL: SNR = 56.00 dB | SE = 18.324 bit/s/Hz
[54184 ms] [UE 15599] UL: SNR = 52.50 dB | SE = 17.179 bit/s/Hz
[54266 ms] [UE 33952] UL: SNR = 63.50 dB | SE = 20.778 bit/s/Hz
[54266 ms] [UE 12169] UL: SNR = 63.50 dB | SE = 20.778 bit/s/Hz
[54266 ms] [UE 22873] UL: SNR = 8.50 dB | SE = 2.969 bit/s/Hz
[54266 ms] [UE 30556] UL: SNR = 63.50 dB | SE = 20.778 bit/s/Hz
[54266 ms] [UE 20945] UL: SNR = 63.50 dB | SE = 20.778 bit/s/Hz
[54293 ms] [UE 45898] UL: SNR = 63.50 dB | SE = 20.778 bit/s/Hz
[54293 ms] [UE 36997] UL: SNR = 63.50 dB | SE = 20.778 bit/s/Hz
[54293 ms] [UE 48787] UL: SNR = 63.50 dB | SE = 20.778 bit/s/Hz
[54293 ms] [UE 40252] UL: SNR = 56.00 dB | SE = 18.324 bit/s/Hz
[54293 ms] [UE 15599] UL: SNR = 52.50 dB | SE = 17.179 bit/s/Hz
[54375 ms] [UE 33952] UL: SNR = 63.50 dB | SE = 20.778 bit/s/Hz
[54375 ms] [UE 12169] UL: SNR = 63.50 dB | SE = 20.778 bit/s/Hz
[54375 ms] [UE 22873] UL: SNR = 8.50 dB | SE = 2.969 bit/s/Hz
[54375 ms] [UE 30556] UL: SNR = 63.50 dB | SE = 20.778 bit/s/Hz
[54375 ms] [UE 20945] UL: SNR = 63.50 dB | SE = 20.778 bit/s/Hz
[54403 ms] [UE 45898] UL: SNR = 63.50 dB | SE = 20.778 bit/s/Hz
[54403 ms] [UE 36997] UL: SNR = 63.50 dB | SE = 20.778 bit/s/Hz
[54403 ms] [UE 48787] UL: SNR = 63.50 dB | SE = 20.778 bit/s/Hz
[54403 ms] [UE 40252] UL: SNR = 56.00 dB | SE = 18.324 bit/s/Hz
[54403 ms] [UE 15599] UL: SNR = 52.50 dB | SE = 17.179 bit/s/Hz
[54479 ms] [UE 33952] UL: SNR = 63.50 dB | SE = 20.778 bit/s/Hz
[54479 ms] [UE 12169] UL: SNR = 63.50 dB | SE = 20.778 bit/s/Hz
[54479 ms] [UE 22873] UL: SNR = 8.50 dB | SE = 2.969 bit/s/Hz
[54479 ms] [UE 30556] UL: SNR = 54.00 dB | SE = 17.669 bit/s/Hz
[54479 ms] [UE 20945] UL: SNR = 63.50 dB | SE = 20.778 bit/s/Hz
[54503 ms] [UE 45898] UL: SNR = 63.50 dB | SE = 20.778 bit/s/Hz
[54503 ms] [UE 36997] UL: SNR = 63.50 dB | SE = 20.778 bit/s/Hz
[54503 ms] [UE 48787] UL: SNR = 63.50 dB | SE = 20.778 bit/s/Hz
[54503 ms] [UE 40252] UL: SNR = 56.00 dB | SE = 18.324 bit/s/Hz
[54503 ms] [UE 15599] UL: SNR = 52.50 dB | SE = 17.179 bit/s/Hz
[54585 ms] [UE 33952] UL: SNR = 63.50 dB | SE = 20.778 bit/s/Hz
[54585 ms] [UE 12169] UL: SNR = 63.50 dB | SE = 20.778 bit/s/Hz
[54585 ms] [UE 22873] UL: SNR = 8.50 dB | SE = 2.969 bit/s/Hz
[54585 ms] [UE 30556] UL: SNR = 54.00 dB | SE = 17.669 bit/s/Hz
[54585 ms] [UE 20945] UL: SNR = 63.50 dB | SE = 20.778 bit/s/Hz
[54613 ms] [UE 45898] UL: SNR = 63.50 dB | SE = 20.778 bit/s/Hz
[54613 ms] [UE 36997] UL: SNR = 63.50 dB | SE = 20.778 bit/s/Hz
[54613 ms] [UE 48787] UL: SNR = 63.50 dB | SE = 20.778 bit/s/Hz
[54613 ms] [UE 40252] UL: SNR = 56.00 dB | SE = 18.324 bit/s/Hz
[54613 ms] [UE 15599] UL: SNR = 52.50 dB | SE = 17.179 bit/s/Hz
[54685 ms] [UE 33952] UL: SNR = 63.50 dB | SE = 20.778 bit/s/Hz
[54685 ms] [UE 12169] UL: SNR = 63.50 dB | SE = 20.778 bit/s/Hz
[54685 ms] [UE 22873] UL: SNR = 8.50 dB | SE = 2.969 bit/s/Hz
[54685 ms] [UE 30556] UL: SNR = 54.00 dB | SE = 17.669 bit/s/Hz
[54685 ms] [UE 20945] UL: SNR = 63.50 dB | SE = 20.778 bit/s/Hz
[54713 ms] [UE 45898] UL: SNR = 63.50 dB | SE = 20.778 bit/s/Hz
[54713 ms] [UE 36997] UL: SNR = 63.50 dB | SE = 20.778 bit/s/Hz
[54713 ms] [UE 48787] UL: SNR = 63.50 dB | SE = 20.778 bit/s/Hz
[54713 ms] [UE 40252] UL: SNR = 56.00 dB | SE = 18.324 bit/s/Hz
[54713 ms] [UE 15599] UL: SNR = 52.50 dB | SE = 17.179 bit/s/Hz
[54795 ms] [UE 33952] UL: SNR = 63.50 dB | SE = 20.778 bit/s/Hz
[54795 ms] [UE 12169] UL: SNR = 63.50 dB | SE = 20.778 bit/s/Hz
[54795 ms] [UE 22873] UL: SNR = 8.50 dB | SE = 2.969 bit/s/Hz
[54795 ms] [UE 30556] UL: SNR = 63.50 dB | SE = 20.778 bit/s/Hz
[54795 ms] [UE 20945] UL: SNR = 63.50 dB | SE = 20.778 bit/s/Hz
[54813 ms] [UE 45898] UL: SNR = 63.50 dB | SE = 20.778 bit/s/Hz
[54813 ms] [UE 36997] UL: SNR = 63.50 dB | SE = 20.778 bit/s/Hz
[54813 ms] [UE 48787] UL: SNR = 63.50 dB | SE = 20.778 bit/s/Hz
[54813 ms] [UE 40252] UL: SNR = 56.00 dB | SE = 18.324 bit/s/Hz
[54813 ms] [UE 15599] UL: SNR = 52.50 dB | SE = 17.179 bit/s/Hz
[54907 ms] [UE 33952] UL: SNR = 63.50 dB | SE = 20.778 bit/s/Hz
[54907 ms] [UE 12169] UL: SNR = 63.50 dB | SE = 20.778 bit/s/Hz
[54907 ms] [UE 22873] UL: SNR = 8.50 dB | SE = 2.969 bit/s/Hz
[54907 ms] [UE 30556] UL: SNR = 63.50 dB | SE = 20.778 bit/s/Hz
[54907 ms] [UE 20945] UL: SNR = 63.50 dB | SE = 20.778 bit/s/Hz
[54923 ms] [UE 45898] UL: SNR = 63.50 dB | SE = 20.778 bit/s/Hz
[54923 ms] [UE 36997] UL: SNR = 63.50 dB | SE = 20.778 bit/s/Hz
[54923 ms] [UE 48787] UL: SNR = 63.50 dB | SE = 20.778 bit/s/Hz
[54923 ms] [UE 40252] UL: SNR = 56.00 dB | SE = 18.324 bit/s/Hz
[54923 ms] [UE 15599] UL: SNR = 52.50 dB | SE = 17.179 bit/s/Hz
[55015 ms] [UE 33952] UL: SNR = 63.50 dB | SE = 20.778 bit/s/Hz
[55015 ms] [UE 12169] UL: SNR = 63.50 dB | SE = 20.778 bit/s/Hz
[55015 ms] [UE 22873] UL: SNR = 8.50 dB | SE = 2.969 bit/s/Hz
[55015 ms] [UE 30556] UL: SNR = 63.50 dB | SE = 20.778 bit/s/Hz
[55015 ms] [UE 20945] UL: SNR = 63.50 dB | SE = 20.778 bit/s/Hz
[55033 ms] [UE 45898] UL: SNR = 63.50 dB | SE = 20.778 bit/s/Hz
[55033 ms] [UE 36997] UL: SNR = 63.50 dB | SE = 20.778 bit/s/Hz
[55033 ms] [UE 48787] UL: SNR = 63.50 dB | SE = 20.778 bit/s/Hz
[55033 ms] [UE 40252] UL: SNR = 56.00 dB | SE = 18.324 bit/s/Hz
[55033 ms] [UE 15599] UL: SNR = 52.50 dB | SE = 17.179 bit/s/Hz
[55125 ms] [UE 33952] UL: SNR = 63.50 dB | SE = 20.778 bit/s/Hz
[55125 ms] [UE 12169] UL: SNR = 63.50 dB | SE = 20.778 bit/s/Hz
[55125 ms] [UE 22873] UL: SNR = 8.50 dB | SE = 2.969 bit/s/Hz
[55125 ms] [UE 30556] UL: SNR = 63.50 dB | SE = 20.778 bit/s/Hz
[55125 ms] [UE 20945] UL: SNR = 63.50 dB | SE = 20.778 bit/s/Hz
[55133 ms] [UE 45898] UL: SNR = 63.50 dB | SE = 20.778 bit/s/Hz
[55133 ms] [UE 36997] UL: SNR = 63.50 dB | SE = 20.778 bit/s/Hz
[55133 ms] [UE 48787] UL: SNR = 63.50 dB | SE = 20.778 bit/s/Hz
[55133 ms] [UE 40252] UL: SNR = 56.00 dB | SE = 18.324 bit/s/Hz
[55133 ms] [UE 15599] UL: SNR = 52.50 dB | SE = 17.179 bit/s/Hz
[55225 ms] [UE 33952] UL: SNR = 63.50 dB | SE = 20.778 bit/s/Hz
[55225 ms] [UE 12169] UL: SNR = 63.50 dB | SE = 20.778 bit/s/Hz
[55225 ms] [UE 22873] UL: SNR = 8.50 dB | SE = 2.969 bit/s/Hz
[55225 ms] [UE 30556] UL: SNR = 63.50 dB | SE = 20.778 bit/s/Hz
[55225 ms] [UE 20945] UL: SNR = 63.50 dB | SE = 20.778 bit/s/Hz
[55233 ms] [UE 45898] UL: SNR = 63.50 dB | SE = 20.778 bit/s/Hz
[55233 ms] [UE 36997] UL: SNR = 63.50 dB | SE = 20.778 bit/s/Hz
[55233 ms] [UE 48787] UL: SNR = 63.50 dB | SE = 20.778 bit/s/Hz
[55233 ms] [UE 40252] UL: SNR = 56.00 dB | SE = 18.324 bit/s/Hz
[55233 ms] [UE 15599] UL: SNR = 52.50 dB | SE = 17.179 bit/s/Hz
[55335 ms] [UE 33952] UL: SNR = 63.50 dB | SE = 20.778 bit/s/Hz
[55335 ms] [UE 12169] UL: SNR = 63.50 dB | SE = 20.778 bit/s/Hz
[55335 ms] [UE 22873] UL: SNR = 8.50 dB | SE = 2.969 bit/s/Hz
[55335 ms] [UE 30556] UL: SNR = 63.50 dB | SE = 20.778 bit/s/Hz
[55335 ms] [UE 20945] UL: SNR = 63.50 dB | SE = 20.778 bit/s/Hz
[55343 ms] [UE 45898] UL: SNR = 63.50 dB | SE = 20.778 bit/s/Hz
[55343 ms] [UE 36997] UL: SNR = 63.50 dB | SE = 20.778 bit/s/Hz
[55343 ms] [UE 48787] UL: SNR = 63.50 dB | SE = 20.778 bit/s/Hz
[55343 ms] [UE 40252] UL: SNR = 56.00 dB | SE = 18.324 bit/s/Hz
[55343 ms] [UE 15599] UL: SNR = 52.50 dB | SE = 17.179 bit/s/Hz
[55435 ms] [UE 33952] UL: SNR = 63.50 dB | SE = 20.778 bit/s/Hz
[55435 ms] [UE 12169] UL: SNR = 63.50 dB | SE = 20.778 bit/s/Hz
[55435 ms] [UE 22873] UL: SNR = 8.50 dB | SE = 2.969 bit/s/Hz
[55435 ms] [UE 30556] UL: SNR = 63.50 dB | SE = 20.778 bit/s/Hz
[55435 ms] [UE 20945] UL: SNR = 63.50 dB | SE = 20.778 bit/s/Hz
[55443 ms] [UE 45898] UL: SNR = 63.50 dB | SE = 20.778 bit/s/Hz
[55443 ms] [UE 36997] UL: SNR = 63.50 dB | SE = 20.778 bit/s/Hz
[55443 ms] [UE 48787] UL: SNR = 63.50 dB | SE = 20.778 bit/s/Hz
[55443 ms] [UE 40252] UL: SNR = 56.00 dB | SE = 18.324 bit/s/Hz
[55443 ms] [UE 15599] UL: SNR = 52.50 dB | SE = 17.179 bit/s/Hz
[55545 ms] [UE 33952] UL: SNR = 63.50 dB | SE = 20.778 bit/s/Hz
[55545 ms] [UE 12169] UL: SNR = 63.50 dB | SE = 20.778 bit/s/Hz
[55545 ms] [UE 22873] UL: SNR = 8.50 dB | SE = 2.969 bit/s/Hz
[55545 ms] [UE 30556] UL: SNR = 63.50 dB | SE = 20.778 bit/s/Hz
[55545 ms] [UE 20945] UL: SNR = 63.50 dB | SE = 20.778 bit/s/Hz
[55552 ms] [UE 45898] UL: SNR = 63.50 dB | SE = 20.778 bit/s/Hz
[55552 ms] [UE 36997] UL: SNR = 63.50 dB | SE = 20.778 bit/s/Hz
[55552 ms] [UE 48787] UL: SNR = 63.50 dB | SE = 20.778 bit/s/Hz
[55552 ms] [UE 40252] UL: SNR = 56.00 dB | SE = 18.324 bit/s/Hz
[55552 ms] [UE 15599] UL: SNR = 52.50 dB | SE = 17.179 bit/s/Hz
[55653 ms] [UE 45898] UL: SNR = 63.50 dB | SE = 20.778 bit/s/Hz
[55653 ms] [UE 36997] UL: SNR = 63.50 dB | SE = 20.778 bit/s/Hz
[55653 ms] [UE 48787] UL: SNR = 63.50 dB | SE = 20.778 bit/s/Hz
[55653 ms] [UE 40252] UL: SNR = 56.00 dB | SE = 18.324 bit/s/Hz
[55653 ms] [UE 15599] UL: SNR = 52.50 dB | SE = 17.179 bit/s/Hz
[55655 ms] [UE 33952] UL: SNR = 63.50 dB | SE = 20.778 bit/s/Hz
[55655 ms] [UE 12169] UL: SNR = 63.50 dB | SE = 20.778 bit/s/Hz
[55655 ms] [UE 22873] UL: SNR = 8.50 dB | SE = 2.969 bit/s/Hz
[55655 ms] [UE 30556] UL: SNR = 63.50 dB | SE = 20.778 bit/s/Hz
[55655 ms] [UE 20945] UL: SNR = 63.50 dB | SE = 20.778 bit/s/Hz
[55755 ms] [UE 33952] UL: SNR = 63.50 dB | SE = 20.778 bit/s/Hz
[55755 ms] [UE 12169] UL: SNR = 63.50 dB | SE = 20.778 bit/s/Hz
[55755 ms] [UE 22873] UL: SNR = 8.50 dB | SE = 2.969 bit/s/Hz
[55755 ms] [UE 30556] UL: SNR = 63.50 dB | SE = 20.778 bit/s/Hz
[55755 ms] [UE 20945] UL: SNR = 63.50 dB | SE = 20.778 bit/s/Hz
[55763 ms] [UE 45898] UL: SNR = 63.50 dB | SE = 20.778 bit/s/Hz
[55763 ms] [UE 36997] UL: SNR = 63.50 dB | SE = 20.778 bit/s/Hz
[55763 ms] [UE 48787] UL: SNR = 63.50 dB | SE = 20.778 bit/s/Hz
[55763 ms] [UE 40252] UL: SNR = 56.00 dB | SE = 18.324 bit/s/Hz
[55763 ms] [UE 15599] UL: SNR = 52.50 dB | SE = 17.179 bit/s/Hz
[55863 ms] [UE 45898] UL: SNR = 63.50 dB | SE = 20.778 bit/s/Hz
[55863 ms] [UE 36997] UL: SNR = 63.50 dB | SE = 20.778 bit/s/Hz
[55863 ms] [UE 48787] UL: SNR = 63.50 dB | SE = 20.778 bit/s/Hz
[55863 ms] [UE 40252] UL: SNR = 56.00 dB | SE = 18.324 bit/s/Hz
[55863 ms] [UE 15599] UL: SNR = 52.50 dB | SE = 17.179 bit/s/Hz
[55865 ms] [UE 33952] UL: SNR = 63.50 dB | SE = 20.778 bit/s/Hz
[55865 ms] [UE 12169] UL: SNR = 63.50 dB | SE = 20.778 bit/s/Hz
[55865 ms] [UE 22873] UL: SNR = 8.50 dB | SE = 2.969 bit/s/Hz
[55865 ms] [UE 30556] UL: SNR = 63.50 dB | SE = 20.778 bit/s/Hz
[55865 ms] [UE 20945] UL: SNR = 63.50 dB | SE = 20.778 bit/s/Hz
[55973 ms] [UE 45898] UL: SNR = 63.50 dB | SE = 20.778 bit/s/Hz
[55973 ms] [UE 36997] UL: SNR = 63.50 dB | SE = 20.778 bit/s/Hz
[55973 ms] [UE 48787] UL: SNR = 63.50 dB | SE = 20.778 bit/s/Hz
[55973 ms] [UE 40252] UL: SNR = 56.00 dB | SE = 18.324 bit/s/Hz
[55973 ms] [UE 15599] UL: SNR = 52.50 dB | SE = 17.179 bit/s/Hz
[55975 ms] [UE 33952] UL: SNR = 63.50 dB | SE = 20.778 bit/s/Hz
[55975 ms] [UE 12169] UL: SNR = 63.50 dB | SE = 20.778 bit/s/Hz
[55975 ms] [UE 22873] UL: SNR = 8.50 dB | SE = 2.969 bit/s/Hz
[55975 ms] [UE 30556] UL: SNR = 63.50 dB | SE = 20.778 bit/s/Hz
[55975 ms] [UE 20945] UL: SNR = 63.50 dB | SE = 20.778 bit/s/Hz
[56073 ms] [UE 45898] UL: SNR = 63.50 dB | SE = 20.778 bit/s/Hz
[56073 ms] [UE 36997] UL: SNR = 63.50 dB | SE = 20.778 bit/s/Hz
[56073 ms] [UE 48787] UL: SNR = 63.50 dB | SE = 20.778 bit/s/Hz
[56073 ms] [UE 40252] UL: SNR = 56.00 dB | SE = 18.324 bit/s/Hz
[56073 ms] [UE 15599] UL: SNR = 52.50 dB | SE = 17.179 bit/s/Hz
[56075 ms] [UE 33952] UL: SNR = 63.50 dB | SE = 20.778 bit/s/Hz
[56075 ms] [UE 12169] UL: SNR = 63.50 dB | SE = 20.778 bit/s/Hz
[56075 ms] [UE 22873] UL: SNR = 8.50 dB | SE = 2.969 bit/s/Hz
[56075 ms] [UE 30556] UL: SNR = 63.50 dB | SE = 20.778 bit/s/Hz
[56075 ms] [UE 20945] UL: SNR = 63.50 dB | SE = 20.778 bit/s/Hz
[56175 ms] [UE 33952] UL: SNR = 63.50 dB | SE = 20.778 bit/s/Hz
[56175 ms] [UE 12169] UL: SNR = 63.50 dB | SE = 20.778 bit/s/Hz
[56175 ms] [UE 22873] UL: SNR = 8.50 dB | SE = 2.969 bit/s/Hz
[56175 ms] [UE 30556] UL: SNR = 63.50 dB | SE = 20.778 bit/s/Hz
[56175 ms] [UE 20945] UL: SNR = 63.50 dB | SE = 20.778 bit/s/Hz
[56183 ms] [UE 45898] UL: SNR = 63.50 dB | SE = 20.778 bit/s/Hz
[56183 ms] [UE 36997] UL: SNR = 63.50 dB | SE = 20.778 bit/s/Hz
[56183 ms] [UE 48787] UL: SNR = 63.50 dB | SE = 20.778 bit/s/Hz
[56183 ms] [UE 40252] UL: SNR = 56.00 dB | SE = 18.324 bit/s/Hz
[56183 ms] [UE 15599] UL: SNR = 52.50 dB | SE = 17.179 bit/s/Hz
[56285 ms] [UE 33952] UL: SNR = 63.50 dB | SE = 20.778 bit/s/Hz
[56285 ms] [UE 12169] UL: SNR = 63.50 dB | SE = 20.778 bit/s/Hz
[56285 ms] [UE 22873] UL: SNR = 8.50 dB | SE = 2.969 bit/s/Hz
[56285 ms] [UE 30556] UL: SNR = 63.50 dB | SE = 20.778 bit/s/Hz
[56285 ms] [UE 20945] UL: SNR = 63.50 dB | SE = 20.778 bit/s/Hz
[56293 ms] [UE 45898] UL: SNR = 63.50 dB | SE = 20.778 bit/s/Hz
[56293 ms] [UE 36997] UL: SNR = 63.50 dB | SE = 20.778 bit/s/Hz
[56293 ms] [UE 48787] UL: SNR = 63.50 dB | SE = 20.778 bit/s/Hz
[56293 ms] [UE 40252] UL: SNR = 56.00 dB | SE = 18.324 bit/s/Hz
[56293 ms] [UE 15599] UL: SNR = 52.50 dB | SE = 17.179 bit/s/Hz
[56385 ms] [UE 33952] UL: SNR = 63.50 dB | SE = 20.778 bit/s/Hz
[56385 ms] [UE 12169] UL: SNR = 63.50 dB | SE = 20.778 bit/s/Hz
[56385 ms] [UE 22873] UL: SNR = 8.50 dB | SE = 2.969 bit/s/Hz
[56385 ms] [UE 30556] UL: SNR = 63.50 dB | SE = 20.778 bit/s/Hz
[56385 ms] [UE 20945] UL: SNR = 63.50 dB | SE = 20.778 bit/s/Hz
[56393 ms] [UE 45898] UL: SNR = 63.50 dB | SE = 20.778 bit/s/Hz
[56393 ms] [UE 36997] UL: SNR = 63.50 dB | SE = 20.778 bit/s/Hz
[56393 ms] [UE 48787] UL: SNR = 63.50 dB | SE = 20.778 bit/s/Hz
[56393 ms] [UE 40252] UL: SNR = 56.00 dB | SE = 18.324 bit/s/Hz
[56393 ms] [UE 15599] UL: SNR = 52.50 dB | SE = 17.179 bit/s/Hz
[56493 ms] [UE 45898] UL: SNR = 63.50 dB | SE = 20.778 bit/s/Hz
[56493 ms] [UE 36997] UL: SNR = 63.50 dB | SE = 20.778 bit/s/Hz
[56493 ms] [UE 48787] UL: SNR = 63.50 dB | SE = 20.778 bit/s/Hz
[56493 ms] [UE 40252] UL: SNR = 56.00 dB | SE = 18.324 bit/s/Hz
[56493 ms] [UE 15599] UL: SNR = 52.50 dB | SE = 17.179 bit/s/Hz
[56495 ms] [UE 33952] UL: SNR = 63.50 dB | SE = 20.778 bit/s/Hz
[56495 ms] [UE 12169] UL: SNR = 63.50 dB | SE = 20.778 bit/s/Hz
[56495 ms] [UE 22873] UL: SNR = 8.50 dB | SE = 2.969 bit/s/Hz
[56495 ms] [UE 30556] UL: SNR = 63.50 dB | SE = 20.778 bit/s/Hz
[56495 ms] [UE 20945] UL: SNR = 63.50 dB | SE = 20.778 bit/s/Hz
[56595 ms] [UE 33952] UL: SNR = 63.50 dB | SE = 20.778 bit/s/Hz
[56595 ms] [UE 12169] UL: SNR = 63.50 dB | SE = 20.778 bit/s/Hz
[56595 ms] [UE 22873] UL: SNR = 8.50 dB | SE = 2.969 bit/s/Hz
[56595 ms] [UE 30556] UL: SNR = 63.50 dB | SE = 20.778 bit/s/Hz
[56595 ms] [UE 20945] UL: SNR = 63.50 dB | SE = 20.778 bit/s/Hz
[56603 ms] [UE 45898] UL: SNR = 63.50 dB | SE = 20.778 bit/s/Hz
[56603 ms] [UE 36997] UL: SNR = 63.50 dB | SE = 20.778 bit/s/Hz
[56603 ms] [UE 48787] UL: SNR = 63.50 dB | SE = 20.778 bit/s/Hz
[56603 ms] [UE 40252] UL: SNR = 56.00 dB | SE = 18.324 bit/s/Hz
[56603 ms] [UE 15599] UL: SNR = 52.50 dB | SE = 17.179 bit/s/Hz
[56697 ms] [UE 33952] UL: SNR = 63.50 dB | SE = 20.778 bit/s/Hz
[56697 ms] [UE 12169] UL: SNR = 63.50 dB | SE = 20.778 bit/s/Hz
[56697 ms] [UE 22873] UL: SNR = 8.50 dB | SE = 2.969 bit/s/Hz
[56697 ms] [UE 30556] UL: SNR = 63.50 dB | SE = 20.778 bit/s/Hz
[56697 ms] [UE 20945] UL: SNR = 63.50 dB | SE = 20.778 bit/s/Hz
[56713 ms] [UE 45898] UL: SNR = 63.50 dB | SE = 20.778 bit/s/Hz
[56713 ms] [UE 36997] UL: SNR = 63.50 dB | SE = 20.778 bit/s/Hz
[56713 ms] [UE 48787] UL: SNR = 63.50 dB | SE = 20.778 bit/s/Hz
[56713 ms] [UE 40252] UL: SNR = 56.00 dB | SE = 18.324 bit/s/Hz
[56713 ms] [UE 15599] UL: SNR = 52.50 dB | SE = 17.179 bit/s/Hz
[56805 ms] [UE 33952] UL: SNR = 63.50 dB | SE = 20.778 bit/s/Hz
[56805 ms] [UE 12169] UL: SNR = 63.50 dB | SE = 20.778 bit/s/Hz
[56805 ms] [UE 22873] UL: SNR = 8.50 dB | SE = 2.969 bit/s/Hz
[56805 ms] [UE 30556] UL: SNR = 63.50 dB | SE = 20.778 bit/s/Hz
[56805 ms] [UE 20945] UL: SNR = 63.50 dB | SE = 20.778 bit/s/Hz
[56813 ms] [UE 45898] UL: SNR = 63.50 dB | SE = 20.778 bit/s/Hz
[56813 ms] [UE 36997] UL: SNR = 63.50 dB | SE = 20.778 bit/s/Hz
[56813 ms] [UE 48787] UL: SNR = 63.50 dB | SE = 20.778 bit/s/Hz
[56813 ms] [UE 40252] UL: SNR = 56.00 dB | SE = 18.324 bit/s/Hz
[56813 ms] [UE 15599] UL: SNR = 52.50 dB | SE = 17.179 bit/s/Hz
[56915 ms] [UE 33952] UL: SNR = 63.50 dB | SE = 20.778 bit/s/Hz
[56915 ms] [UE 12169] UL: SNR = 63.50 dB | SE = 20.778 bit/s/Hz
[56915 ms] [UE 22873] UL: SNR = 8.50 dB | SE = 2.969 bit/s/Hz
[56915 ms] [UE 30556] UL: SNR = 7.50 dB | SE = 2.687 bit/s/Hz
[56915 ms] [UE 20945] UL: SNR = 63.50 dB | SE = 20.778 bit/s/Hz
[56923 ms] [UE 45898] UL: SNR = 63.50 dB | SE = 20.778 bit/s/Hz
[56923 ms] [UE 36997] UL: SNR = 63.50 dB | SE = 20.778 bit/s/Hz
[56923 ms] [UE 48787] UL: SNR = 63.50 dB | SE = 20.778 bit/s/Hz
[56923 ms] [UE 40252] UL: SNR = 56.00 dB | SE = 18.324 bit/s/Hz
[56923 ms] [UE 15599] UL: SNR = 52.50 dB | SE = 17.179 bit/s/Hz
[57025 ms] [UE 33952] UL: SNR = 63.50 dB | SE = 20.778 bit/s/Hz
[57025 ms] [UE 12169] UL: SNR = 63.50 dB | SE = 20.778 bit/s/Hz
[57025 ms] [UE 22873] UL: SNR = 8.50 dB | SE = 2.969 bit/s/Hz
[57025 ms] [UE 30556] UL: SNR = 7.50 dB | SE = 2.687 bit/s/Hz
[57025 ms] [UE 20945] UL: SNR = 63.50 dB | SE = 20.778 bit/s/Hz
[57033 ms] [UE 45898] UL: SNR = 63.50 dB | SE = 20.778 bit/s/Hz
[57033 ms] [UE 36997] UL: SNR = 63.50 dB | SE = 20.778 bit/s/Hz
[57033 ms] [UE 48787] UL: SNR = 63.50 dB | SE = 20.778 bit/s/Hz
[57033 ms] [UE 40252] UL: SNR = 56.00 dB | SE = 18.324 bit/s/Hz
[57033 ms] [UE 15599] UL: SNR = 52.50 dB | SE = 17.179 bit/s/Hz
[57125 ms] [UE 33952] UL: SNR = 7.50 dB | SE = 2.687 bit/s/Hz
[57125 ms] [UE 12169] UL: SNR = 63.50 dB | SE = 20.778 bit/s/Hz
[57125 ms] [UE 22873] UL: SNR = 8.50 dB | SE = 2.969 bit/s/Hz
[57125 ms] [UE 30556] UL: SNR = 51.50 dB | SE = 16.851 bit/s/Hz
[57125 ms] [UE 20945] UL: SNR = 63.50 dB | SE = 20.778 bit/s/Hz
[57133 ms] [UE 45898] UL: SNR = 63.50 dB | SE = 20.778 bit/s/Hz
[57133 ms] [UE 36997] UL: SNR = 63.50 dB | SE = 20.778 bit/s/Hz
[57133 ms] [UE 48787] UL: SNR = 63.50 dB | SE = 20.778 bit/s/Hz
[57133 ms] [UE 40252] UL: SNR = 56.00 dB | SE = 18.324 bit/s/Hz
[57133 ms] [UE 15599] UL: SNR = 52.50 dB | SE = 17.179 bit/s/Hz
[57225 ms] [UE 33952] UL: SNR = 7.50 dB | SE = 2.687 bit/s/Hz
[57225 ms] [UE 12169] UL: SNR = 63.50 dB | SE = 20.778 bit/s/Hz
[57225 ms] [UE 22873] UL: SNR = 8.50 dB | SE = 2.969 bit/s/Hz
[57225 ms] [UE 30556] UL: SNR = 51.50 dB | SE = 16.851 bit/s/Hz
[57225 ms] [UE 20945] UL: SNR = 63.50 dB | SE = 20.778 bit/s/Hz
[57233 ms] [UE 45898] UL: SNR = 63.50 dB | SE = 20.778 bit/s/Hz
[57233 ms] [UE 36997] UL: SNR = 63.50 dB | SE = 20.778 bit/s/Hz
[57233 ms] [UE 48787] UL: SNR = 63.50 dB | SE = 20.778 bit/s/Hz
[57233 ms] [UE 40252] UL: SNR = 56.00 dB | SE = 18.324 bit/s/Hz
[57233 ms] [UE 15599] UL: SNR = 52.50 dB | SE = 17.179 bit/s/Hz
[57327 ms] [UE 33952] UL: SNR = 7.50 dB | SE = 2.687 bit/s/Hz
[57327 ms] [UE 12169] UL: SNR = 63.50 dB | SE = 20.778 bit/s/Hz
[57327 ms] [UE 22873] UL: SNR = 8.50 dB | SE = 2.969 bit/s/Hz
[57327 ms] [UE 30556] UL: SNR = 51.50 dB | SE = 16.851 bit/s/Hz
[57327 ms] [UE 20945] UL: SNR = 63.50 dB | SE = 20.778 bit/s/Hz
[57333 ms] [UE 45898] UL: SNR = 63.50 dB | SE = 20.778 bit/s/Hz
[57333 ms] [UE 36997] UL: SNR = 63.50 dB | SE = 20.778 bit/s/Hz
[57333 ms] [UE 48787] UL: SNR = 63.50 dB | SE = 20.778 bit/s/Hz
[57333 ms] [UE 40252] UL: SNR = 56.00 dB | SE = 18.324 bit/s/Hz
[57333 ms] [UE 15599] UL: SNR = 52.50 dB | SE = 17.179 bit/s/Hz
[57433 ms] [UE 45898] UL: SNR = 63.50 dB | SE = 20.778 bit/s/Hz
[57433 ms] [UE 36997] UL: SNR = 63.50 dB | SE = 20.778 bit/s/Hz
[57433 ms] [UE 48787] UL: SNR = 63.50 dB | SE = 20.778 bit/s/Hz
[57433 ms] [UE 40252] UL: SNR = 56.00 dB | SE = 18.324 bit/s/Hz
[57433 ms] [UE 15599] UL: SNR = 52.50 dB | SE = 17.179 bit/s/Hz
[57436 ms] [UE 33952] UL: SNR = 7.50 dB | SE = 2.687 bit/s/Hz
[57436 ms] [UE 12169] UL: SNR = 63.50 dB | SE = 20.778 bit/s/Hz
[57436 ms] [UE 22873] UL: SNR = 8.50 dB | SE = 2.969 bit/s/Hz
[57436 ms] [UE 30556] UL: SNR = 51.50 dB | SE = 16.851 bit/s/Hz
[57436 ms] [UE 20945] UL: SNR = 63.50 dB | SE = 20.778 bit/s/Hz
[57533 ms] [UE 45898] UL: SNR = 63.50 dB | SE = 20.778 bit/s/Hz
[57533 ms] [UE 36997] UL: SNR = 63.50 dB | SE = 20.778 bit/s/Hz
[57533 ms] [UE 48787] UL: SNR = 63.50 dB | SE = 20.778 bit/s/Hz
[57533 ms] [UE 40252] UL: SNR = 56.00 dB | SE = 18.324 bit/s/Hz
[57533 ms] [UE 15599] UL: SNR = 52.50 dB | SE = 17.179 bit/s/Hz
[57545 ms] [UE 33952] UL: SNR = 7.50 dB | SE = 2.687 bit/s/Hz
[57545 ms] [UE 12169] UL: SNR = 63.50 dB | SE = 20.778 bit/s/Hz
[57545 ms] [UE 22873] UL: SNR = 8.50 dB | SE = 2.969 bit/s/Hz
[57545 ms] [UE 30556] UL: SNR = 51.50 dB | SE = 16.851 bit/s/Hz
[57545 ms] [UE 20945] UL: SNR = 63.50 dB | SE = 20.778 bit/s/Hz
[57633 ms] [UE 45898] UL: SNR = 63.50 dB | SE = 20.778 bit/s/Hz
[57633 ms] [UE 36997] UL: SNR = 63.50 dB | SE = 20.778 bit/s/Hz
[57633 ms] [UE 48787] UL: SNR = 63.50 dB | SE = 20.778 bit/s/Hz
[57633 ms] [UE 40252] UL: SNR = 56.00 dB | SE = 18.324 bit/s/Hz
[57633 ms] [UE 15599] UL: SNR = 52.50 dB | SE = 17.179 bit/s/Hz
[57655 ms] [UE 33952] UL: SNR = 7.50 dB | SE = 2.687 bit/s/Hz
[57655 ms] [UE 12169] UL: SNR = 50.50 dB | SE = 16.524 bit/s/Hz
[57655 ms] [UE 22873] UL: SNR = 8.50 dB | SE = 2.969 bit/s/Hz
[57655 ms] [UE 30556] UL: SNR = 52.50 dB | SE = 17.179 bit/s/Hz
[57655 ms] [UE 20945] UL: SNR = 54.00 dB | SE = 17.669 bit/s/Hz
[57743 ms] [UE 45898] UL: SNR = 63.50 dB | SE = 20.778 bit/s/Hz
[57743 ms] [UE 36997] UL: SNR = 63.50 dB | SE = 20.778 bit/s/Hz
[57743 ms] [UE 48787] UL: SNR = 63.50 dB | SE = 20.778 bit/s/Hz
[57743 ms] [UE 40252] UL: SNR = 56.00 dB | SE = 18.324 bit/s/Hz
[57743 ms] [UE 15599] UL: SNR = 52.50 dB | SE = 17.179 bit/s/Hz
[57755 ms] [UE 33952] UL: SNR = 7.50 dB | SE = 2.687 bit/s/Hz
[57755 ms] [UE 12169] UL: SNR = 50.50 dB | SE = 16.524 bit/s/Hz
[57755 ms] [UE 22873] UL: SNR = 8.50 dB | SE = 2.969 bit/s/Hz
[57755 ms] [UE 30556] UL: SNR = 52.50 dB | SE = 17.179 bit/s/Hz
[57755 ms] [UE 20945] UL: SNR = 54.00 dB | SE = 17.669 bit/s/Hz
[57843 ms] [UE 45898] UL: SNR = 63.50 dB | SE = 20.778 bit/s/Hz
[57843 ms] [UE 36997] UL: SNR = 63.50 dB | SE = 20.778 bit/s/Hz
[57843 ms] [UE 48787] UL: SNR = 63.50 dB | SE = 20.778 bit/s/Hz
[57843 ms] [UE 40252] UL: SNR = 56.00 dB | SE = 18.324 bit/s/Hz
[57843 ms] [UE 15599] UL: SNR = 52.50 dB | SE = 17.179 bit/s/Hz
[57867 ms] [UE 33952] UL: SNR = 7.50 dB | SE = 2.687 bit/s/Hz
[57867 ms] [UE 12169] UL: SNR = 50.50 dB | SE = 16.524 bit/s/Hz
[57867 ms] [UE 22873] UL: SNR = 8.50 dB | SE = 2.969 bit/s/Hz
[57867 ms] [UE 30556] UL: SNR = 54.00 dB | SE = 17.669 bit/s/Hz
[57867 ms] [UE 20945] UL: SNR = 54.00 dB | SE = 17.669 bit/s/Hz
[57953 ms] [UE 45898] UL: SNR = 63.50 dB | SE = 20.778 bit/s/Hz
[57953 ms] [UE 36997] UL: SNR = 63.50 dB | SE = 20.778 bit/s/Hz
[57953 ms] [UE 48787] UL: SNR = 63.50 dB | SE = 20.778 bit/s/Hz
[57953 ms] [UE 40252] UL: SNR = 56.00 dB | SE = 18.324 bit/s/Hz
[57953 ms] [UE 15599] UL: SNR = 52.50 dB | SE = 17.179 bit/s/Hz
[57975 ms] [UE 33952] UL: SNR = 7.50 dB | SE = 2.687 bit/s/Hz
[57975 ms] [UE 12169] UL: SNR = 50.50 dB | SE = 16.524 bit/s/Hz
[57975 ms] [UE 22873] UL: SNR = 8.50 dB | SE = 2.969 bit/s/Hz
[57975 ms] [UE 30556] UL: SNR = 54.00 dB | SE = 17.669 bit/s/Hz
[57975 ms] [UE 20945] UL: SNR = 54.00 dB | SE = 17.669 bit/s/Hz
[58063 ms] [UE 45898] UL: SNR = 63.50 dB | SE = 20.778 bit/s/Hz
[58063 ms] [UE 36997] UL: SNR = 63.50 dB | SE = 20.778 bit/s/Hz
[58063 ms] [UE 48787] UL: SNR = 63.50 dB | SE = 20.778 bit/s/Hz
[58063 ms] [UE 40252] UL: SNR = 56.00 dB | SE = 18.324 bit/s/Hz
[58063 ms] [UE 15599] UL: SNR = 52.50 dB | SE = 17.179 bit/s/Hz
[58075 ms] [UE 33952] UL: SNR = 7.50 dB | SE = 2.687 bit/s/Hz
[58075 ms] [UE 12169] UL: SNR = 63.50 dB | SE = 20.778 bit/s/Hz
[58075 ms] [UE 22873] UL: SNR = 8.50 dB | SE = 2.969 bit/s/Hz
[58075 ms] [UE 30556] UL: SNR = 63.50 dB | SE = 20.778 bit/s/Hz
[58075 ms] [UE 20945] UL: SNR = 63.50 dB | SE = 20.778 bit/s/Hz
[58173 ms] [UE 45898] UL: SNR = 63.50 dB | SE = 20.778 bit/s/Hz
[58173 ms] [UE 36997] UL: SNR = 63.50 dB | SE = 20.778 bit/s/Hz
[58173 ms] [UE 48787] UL: SNR = 63.50 dB | SE = 20.778 bit/s/Hz
[58173 ms] [UE 40252] UL: SNR = 56.00 dB | SE = 18.324 bit/s/Hz
[58173 ms] [UE 15599] UL: SNR = 52.50 dB | SE = 17.179 bit/s/Hz
[58185 ms] [UE 33952] UL: SNR = 7.50 dB | SE = 2.687 bit/s/Hz
[58185 ms] [UE 12169] UL: SNR = 63.50 dB | SE = 20.778 bit/s/Hz
[58185 ms] [UE 22873] UL: SNR = 63.50 dB | SE = 20.778 bit/s/Hz
[58185 ms] [UE 30556] UL: SNR = 63.50 dB | SE = 20.778 bit/s/Hz
[58185 ms] [UE 20945] UL: SNR = 63.50 dB | SE = 20.778 bit/s/Hz
[58273 ms] [UE 45898] UL: SNR = 63.50 dB | SE = 20.778 bit/s/Hz
[58273 ms] [UE 36997] UL: SNR = 63.50 dB | SE = 20.778 bit/s/Hz
[58273 ms] [UE 48787] UL: SNR = 63.50 dB | SE = 20.778 bit/s/Hz
[58273 ms] [UE 40252] UL: SNR = 56.00 dB | SE = 18.324 bit/s/Hz
[58273 ms] [UE 15599] UL: SNR = 52.50 dB | SE = 17.179 bit/s/Hz
[58286 ms] [UE 33952] UL: SNR = 7.50 dB | SE = 2.687 bit/s/Hz
[58286 ms] [UE 12169] UL: SNR = 63.50 dB | SE = 20.778 bit/s/Hz
[58286 ms] [UE 22873] UL: SNR = 63.50 dB | SE = 20.778 bit/s/Hz
[58286 ms] [UE 30556] UL: SNR = 54.00 dB | SE = 17.669 bit/s/Hz
[58286 ms] [UE 20945] UL: SNR = 63.50 dB | SE = 20.778 bit/s/Hz
[58383 ms] [UE 45898] UL: SNR = 63.50 dB | SE = 20.778 bit/s/Hz
[58383 ms] [UE 36997] UL: SNR = 63.50 dB | SE = 20.778 bit/s/Hz
[58383 ms] [UE 48787] UL: SNR = 63.50 dB | SE = 20.778 bit/s/Hz
[58383 ms] [UE 40252] UL: SNR = 56.00 dB | SE = 18.324 bit/s/Hz
[58383 ms] [UE 15599] UL: SNR = 52.50 dB | SE = 17.179 bit/s/Hz
[58395 ms] [UE 33952] UL: SNR = 7.50 dB | SE = 2.687 bit/s/Hz
[58395 ms] [UE 12169] UL: SNR = 63.50 dB | SE = 20.778 bit/s/Hz
[58395 ms] [UE 22873] UL: SNR = 63.50 dB | SE = 20.778 bit/s/Hz
[58395 ms] [UE 30556] UL: SNR = 54.00 dB | SE = 17.669 bit/s/Hz
[58395 ms] [UE 20945] UL: SNR = 63.50 dB | SE = 20.778 bit/s/Hz
[58483 ms] [UE 45898] UL: SNR = 63.50 dB | SE = 20.778 bit/s/Hz
[58483 ms] [UE 36997] UL: SNR = 63.50 dB | SE = 20.778 bit/s/Hz
[58483 ms] [UE 48787] UL: SNR = 63.50 dB | SE = 20.778 bit/s/Hz
[58483 ms] [UE 40252] UL: SNR = 56.00 dB | SE = 18.324 bit/s/Hz
[58483 ms] [UE 15599] UL: SNR = 52.50 dB | SE = 17.179 bit/s/Hz
[58495 ms] [UE 33952] UL: SNR = 7.50 dB | SE = 2.687 bit/s/Hz
[58495 ms] [UE 12169] UL: SNR = 63.50 dB | SE = 20.778 bit/s/Hz
[58495 ms] [UE 22873] UL: SNR = 63.50 dB | SE = 20.778 bit/s/Hz
[58495 ms] [UE 30556] UL: SNR = 54.00 dB | SE = 17.669 bit/s/Hz
[58495 ms] [UE 20945] UL: SNR = 63.50 dB | SE = 20.778 bit/s/Hz
[58593 ms] [UE 45898] UL: SNR = 63.50 dB | SE = 20.778 bit/s/Hz
[58593 ms] [UE 36997] UL: SNR = 63.50 dB | SE = 20.778 bit/s/Hz
[58593 ms] [UE 48787] UL: SNR = 63.50 dB | SE = 20.778 bit/s/Hz
[58593 ms] [UE 40252] UL: SNR = 56.00 dB | SE = 18.324 bit/s/Hz
[58593 ms] [UE 15599] UL: SNR = 52.50 dB | SE = 17.179 bit/s/Hz
[58595 ms] [UE 33952] UL: SNR = 7.50 dB | SE = 2.687 bit/s/Hz
[58595 ms] [UE 12169] UL: SNR = 63.50 dB | SE = 20.778 bit/s/Hz
[58595 ms] [UE 22873] UL: SNR = 63.50 dB | SE = 20.778 bit/s/Hz
[58595 ms] [UE 30556] UL: SNR = 48.50 dB | SE = 15.870 bit/s/Hz
[58595 ms] [UE 20945] UL: SNR = 63.50 dB | SE = 20.778 bit/s/Hz
[58703 ms] [UE 45898] UL: SNR = 63.50 dB | SE = 20.778 bit/s/Hz
[58703 ms] [UE 36997] UL: SNR = 63.50 dB | SE = 20.778 bit/s/Hz
[58703 ms] [UE 48787] UL: SNR = 63.50 dB | SE = 20.778 bit/s/Hz
[58703 ms] [UE 40252] UL: SNR = 56.00 dB | SE = 18.324 bit/s/Hz
[58703 ms] [UE 15599] UL: SNR = 52.50 dB | SE = 17.179 bit/s/Hz
[58705 ms] [UE 33952] UL: SNR = 7.50 dB | SE = 2.687 bit/s/Hz
[58705 ms] [UE 12169] UL: SNR = 63.50 dB | SE = 20.778 bit/s/Hz
[58705 ms] [UE 22873] UL: SNR = 63.50 dB | SE = 20.778 bit/s/Hz
[58705 ms] [UE 30556] UL: SNR = 48.50 dB | SE = 15.870 bit/s/Hz
[58705 ms] [UE 20945] UL: SNR = 63.50 dB | SE = 20.778 bit/s/Hz
[58803 ms] [UE 45898] UL: SNR = 63.50 dB | SE = 20.778 bit/s/Hz
[58803 ms] [UE 36997] UL: SNR = 63.50 dB | SE = 20.778 bit/s/Hz
[58803 ms] [UE 48787] UL: SNR = 63.50 dB | SE = 20.778 bit/s/Hz
[58803 ms] [UE 40252] UL: SNR = 56.00 dB | SE = 18.324 bit/s/Hz
[58803 ms] [UE 15599] UL: SNR = 52.50 dB | SE = 17.179 bit/s/Hz
[58805 ms] [UE 33952] UL: SNR = 7.50 dB | SE = 2.687 bit/s/Hz
[58805 ms] [UE 12169] UL: SNR = 63.50 dB | SE = 20.778 bit/s/Hz
[58805 ms] [UE 22873] UL: SNR = 63.50 dB | SE = 20.778 bit/s/Hz
[58805 ms] [UE 30556] UL: SNR = 63.50 dB | SE = 20.778 bit/s/Hz
[58805 ms] [UE 20945] UL: SNR = 63.50 dB | SE = 20.778 bit/s/Hz
[58903 ms] [UE 45898] UL: SNR = 63.50 dB | SE = 20.778 bit/s/Hz
[58903 ms] [UE 36997] UL: SNR = 63.50 dB | SE = 20.778 bit/s/Hz
[58903 ms] [UE 48787] UL: SNR = 63.50 dB | SE = 20.778 bit/s/Hz
[58903 ms] [UE 40252] UL: SNR = 56.00 dB | SE = 18.324 bit/s/Hz
[58903 ms] [UE 15599] UL: SNR = 52.50 dB | SE = 17.179 bit/s/Hz
[58915 ms] [UE 33952] UL: SNR = 7.50 dB | SE = 2.687 bit/s/Hz
[58915 ms] [UE 12169] UL: SNR = 63.50 dB | SE = 20.778 bit/s/Hz
[58915 ms] [UE 22873] UL: SNR = 63.50 dB | SE = 20.778 bit/s/Hz
[58915 ms] [UE 30556] UL: SNR = 63.50 dB | SE = 20.778 bit/s/Hz
[58915 ms] [UE 20945] UL: SNR = 63.50 dB | SE = 20.778 bit/s/Hz
[59013 ms] [UE 45898] UL: SNR = 63.50 dB | SE = 20.778 bit/s/Hz
[59013 ms] [UE 36997] UL: SNR = 63.50 dB | SE = 20.778 bit/s/Hz
[59013 ms] [UE 48787] UL: SNR = 63.50 dB | SE = 20.778 bit/s/Hz
[59013 ms] [UE 40252] UL: SNR = 56.00 dB | SE = 18.324 bit/s/Hz
[59013 ms] [UE 15599] UL: SNR = 52.50 dB | SE = 17.179 bit/s/Hz
[59025 ms] [UE 33952] UL: SNR = 7.50 dB | SE = 2.687 bit/s/Hz
[59025 ms] [UE 12169] UL: SNR = 63.50 dB | SE = 20.778 bit/s/Hz
[59025 ms] [UE 22873] UL: SNR = 63.50 dB | SE = 20.778 bit/s/Hz
[59025 ms] [UE 30556] UL: SNR = 63.50 dB | SE = 20.778 bit/s/Hz
[59025 ms] [UE 20945] UL: SNR = 63.50 dB | SE = 20.778 bit/s/Hz
[59123 ms] [UE 45898] UL: SNR = 63.50 dB | SE = 20.778 bit/s/Hz
[59123 ms] [UE 36997] UL: SNR = 63.50 dB | SE = 20.778 bit/s/Hz
[59123 ms] [UE 48787] UL: SNR = 63.50 dB | SE = 20.778 bit/s/Hz
[59123 ms] [UE 40252] UL: SNR = 56.00 dB | SE = 18.324 bit/s/Hz
[59123 ms] [UE 15599] UL: SNR = 52.50 dB | SE = 17.179 bit/s/Hz
[59125 ms] [UE 33952] UL: SNR = 7.50 dB | SE = 2.687 bit/s/Hz
[59125 ms] [UE 12169] UL: SNR = 63.50 dB | SE = 20.778 bit/s/Hz
[59125 ms] [UE 22873] UL: SNR = 63.50 dB | SE = 20.778 bit/s/Hz
[59125 ms] [UE 30556] UL: SNR = 63.50 dB | SE = 20.778 bit/s/Hz
[59125 ms] [UE 20945] UL: SNR = 63.50 dB | SE = 20.778 bit/s/Hz
[59224 ms] [UE 45898] UL: SNR = 63.50 dB | SE = 20.778 bit/s/Hz
[59224 ms] [UE 36997] UL: SNR = 63.50 dB | SE = 20.778 bit/s/Hz
[59224 ms] [UE 48787] UL: SNR = 63.50 dB | SE = 20.778 bit/s/Hz
[59224 ms] [UE 40252] UL: SNR = 56.00 dB | SE = 18.324 bit/s/Hz
[59224 ms] [UE 15599] UL: SNR = 52.50 dB | SE = 17.179 bit/s/Hz
[59225 ms] [UE 33952] UL: SNR = 7.50 dB | SE = 2.687 bit/s/Hz
[59225 ms] [UE 12169] UL: SNR = 63.50 dB | SE = 20.778 bit/s/Hz
[59225 ms] [UE 22873] UL: SNR = 63.50 dB | SE = 20.778 bit/s/Hz
[59225 ms] [UE 30556] UL: SNR = 63.50 dB | SE = 20.778 bit/s/Hz
[59225 ms] [UE 20945] UL: SNR = 63.50 dB | SE = 20.778 bit/s/Hz
[59327 ms] [UE 33952] UL: SNR = 7.50 dB | SE = 2.687 bit/s/Hz
[59327 ms] [UE 12169] UL: SNR = 63.50 dB | SE = 20.778 bit/s/Hz
[59327 ms] [UE 22873] UL: SNR = 63.50 dB | SE = 20.778 bit/s/Hz
[59327 ms] [UE 30556] UL: SNR = 63.50 dB | SE = 20.778 bit/s/Hz
[59327 ms] [UE 20945] UL: SNR = 63.50 dB | SE = 20.778 bit/s/Hz
[59333 ms] [UE 45898] UL: SNR = 63.50 dB | SE = 20.778 bit/s/Hz
[59333 ms] [UE 36997] UL: SNR = 63.50 dB | SE = 20.778 bit/s/Hz
[59333 ms] [UE 48787] UL: SNR = 63.50 dB | SE = 20.778 bit/s/Hz
[59333 ms] [UE 40252] UL: SNR = 56.00 dB | SE = 18.324 bit/s/Hz
[59333 ms] [UE 15599] UL: SNR = 52.50 dB | SE = 17.179 bit/s/Hz
[59434 ms] [UE 45898] UL: SNR = 63.50 dB | SE = 20.778 bit/s/Hz
[59434 ms] [UE 36997] UL: SNR = 63.50 dB | SE = 20.778 bit/s/Hz
[59434 ms] [UE 48787] UL: SNR = 63.50 dB | SE = 20.778 bit/s/Hz
[59434 ms] [UE 40252] UL: SNR = 56.00 dB | SE = 18.324 bit/s/Hz
[59434 ms] [UE 15599] UL: SNR = 52.50 dB | SE = 17.179 bit/s/Hz
[59436 ms] [UE 33952] UL: SNR = 7.50 dB | SE = 2.687 bit/s/Hz
[59436 ms] [UE 12169] UL: SNR = 63.50 dB | SE = 20.778 bit/s/Hz
[59436 ms] [UE 22873] UL: SNR = 63.50 dB | SE = 20.778 bit/s/Hz
[59436 ms] [UE 30556] UL: SNR = 63.50 dB | SE = 20.778 bit/s/Hz
[59436 ms] [UE 20945] UL: SNR = 63.50 dB | SE = 20.778 bit/s/Hz
[59543 ms] [UE 45898] UL: SNR = 63.50 dB | SE = 20.778 bit/s/Hz
[59543 ms] [UE 36997] UL: SNR = 63.50 dB | SE = 20.778 bit/s/Hz
[59543 ms] [UE 48787] UL: SNR = 63.50 dB | SE = 20.778 bit/s/Hz
[59543 ms] [UE 40252] UL: SNR = 56.00 dB | SE = 18.324 bit/s/Hz
[59543 ms] [UE 15599] UL: SNR = 52.50 dB | SE = 17.179 bit/s/Hz
[59545 ms] [UE 33952] UL: SNR = 7.50 dB | SE = 2.687 bit/s/Hz
[59545 ms] [UE 12169] UL: SNR = 63.50 dB | SE = 20.778 bit/s/Hz
[59545 ms] [UE 22873] UL: SNR = 63.50 dB | SE = 20.778 bit/s/Hz
[59545 ms] [UE 30556] UL: SNR = 63.50 dB | SE = 20.778 bit/s/Hz
[59545 ms] [UE 20945] UL: SNR = 63.50 dB | SE = 20.778 bit/s/Hz
[59653 ms] [UE 45898] UL: SNR = 63.50 dB | SE = 20.778 bit/s/Hz
[59653 ms] [UE 36997] UL: SNR = 63.50 dB | SE = 20.778 bit/s/Hz
[59653 ms] [UE 48787] UL: SNR = 63.50 dB | SE = 20.778 bit/s/Hz
[59653 ms] [UE 40252] UL: SNR = 56.00 dB | SE = 18.324 bit/s/Hz
[59653 ms] [UE 15599] UL: SNR = 52.50 dB | SE = 17.179 bit/s/Hz
[59655 ms] [UE 33952] UL: SNR = 7.50 dB | SE = 2.687 bit/s/Hz
[59655 ms] [UE 12169] UL: SNR = 63.50 dB | SE = 20.778 bit/s/Hz
[59655 ms] [UE 22873] UL: SNR = 63.50 dB | SE = 20.778 bit/s/Hz
[59655 ms] [UE 30556] UL: SNR = 63.50 dB | SE = 20.778 bit/s/Hz
[59655 ms] [UE 20945] UL: SNR = 63.50 dB | SE = 20.778 bit/s/Hz
[59753 ms] [UE 45898] UL: SNR = 63.50 dB | SE = 20.778 bit/s/Hz
[59753 ms] [UE 36997] UL: SNR = 63.50 dB | SE = 20.778 bit/s/Hz
[59753 ms] [UE 48787] UL: SNR = 63.50 dB | SE = 20.778 bit/s/Hz
[59753 ms] [UE 40252] UL: SNR = 56.00 dB | SE = 18.324 bit/s/Hz
[59753 ms] [UE 15599] UL: SNR = 52.50 dB | SE = 17.179 bit/s/Hz
[59755 ms] [UE 33952] UL: SNR = 7.50 dB | SE = 2.687 bit/s/Hz
[59755 ms] [UE 12169] UL: SNR = 63.50 dB | SE = 20.778 bit/s/Hz
[59755 ms] [UE 22873] UL: SNR = 63.50 dB | SE = 20.778 bit/s/Hz
[59755 ms] [UE 30556] UL: SNR = 63.50 dB | SE = 20.778 bit/s/Hz
[59755 ms] [UE 20945] UL: SNR = 63.50 dB | SE = 20.778 bit/s/Hz
[59854 ms] [UE 45898] UL: SNR = 63.50 dB | SE = 20.778 bit/s/Hz
[59854 ms] [UE 36997] UL: SNR = 63.50 dB | SE = 20.778 bit/s/Hz
[59854 ms] [UE 48787] UL: SNR = 63.50 dB | SE = 20.778 bit/s/Hz
[59854 ms] [UE 40252] UL: SNR = 56.00 dB | SE = 18.324 bit/s/Hz
[59854 ms] [UE 15599] UL: SNR = 52.50 dB | SE = 17.179 bit/s/Hz
[59865 ms] [UE 33952] UL: SNR = 7.50 dB | SE = 2.687 bit/s/Hz
[59865 ms] [UE 12169] UL: SNR = 63.50 dB | SE = 20.778 bit/s/Hz
[59865 ms] [UE 22873] UL: SNR = 63.50 dB | SE = 20.778 bit/s/Hz
[59865 ms] [UE 30556] UL: SNR = 63.50 dB | SE = 20.778 bit/s/Hz
[59865 ms] [UE 20945] UL: SNR = 63.50 dB | SE = 20.778 bit/s/Hz
[59964 ms] [UE 45898] UL: SNR = 63.50 dB | SE = 20.778 bit/s/Hz
[59964 ms] [UE 36997] UL: SNR = 63.50 dB | SE = 20.778 bit/s/Hz
[59964 ms] [UE 48787] UL: SNR = 63.50 dB | SE = 20.778 bit/s/Hz
[59964 ms] [UE 40252] UL: SNR = 56.00 dB | SE = 18.324 bit/s/Hz
[59964 ms] [UE 15599] UL: SNR = 52.50 dB | SE = 17.179 bit/s/Hz
[59966 ms] [UE 33952] UL: SNR = 7.50 dB | SE = 2.687 bit/s/Hz
[59966 ms] [UE 12169] UL: SNR = 63.50 dB | SE = 20.778 bit/s/Hz
[59966 ms] [UE 22873] UL: SNR = 63.50 dB | SE = 20.778 bit/s/Hz
[59966 ms] [UE 30556] UL: SNR = 63.50 dB | SE = 20.778 bit/s/Hz
[59966 ms] [UE 20945] UL: SNR = 63.50 dB | SE = 20.778 bit/s/Hz
[60073 ms] [UE 45898] UL: SNR = 63.50 dB | SE = 20.778 bit/s/Hz
[60073 ms] [UE 36997] UL: SNR = 63.50 dB | SE = 20.778 bit/s/Hz
[60073 ms] [UE 48787] UL: SNR = 63.50 dB | SE = 20.778 bit/s/Hz
[60073 ms] [UE 40252] UL: SNR = 56.00 dB | SE = 18.324 bit/s/Hz
[60073 ms] [UE 15599] UL: SNR = 52.50 dB | SE = 17.179 bit/s/Hz
[60075 ms] [UE 33952] UL: SNR = 7.50 dB | SE = 2.687 bit/s/Hz
[60075 ms] [UE 12169] UL: SNR = 63.50 dB | SE = 20.778 bit/s/Hz
[60075 ms] [UE 22873] UL: SNR = 63.50 dB | SE = 20.778 bit/s/Hz
[60075 ms] [UE 30556] UL: SNR = 63.50 dB | SE = 20.778 bit/s/Hz
[60075 ms] [UE 20945] UL: SNR = 63.50 dB | SE = 20.778 bit/s/Hz
[60175 ms] [UE 33952] UL: SNR = 7.50 dB | SE = 2.687 bit/s/Hz
[60175 ms] [UE 12169] UL: SNR = 63.50 dB | SE = 20.778 bit/s/Hz
[60175 ms] [UE 22873] UL: SNR = 63.50 dB | SE = 20.778 bit/s/Hz
[60175 ms] [UE 30556] UL: SNR = 63.50 dB | SE = 20.778 bit/s/Hz
[60175 ms] [UE 20945] UL: SNR = 63.50 dB | SE = 20.778 bit/s/Hz
[60183 ms] [UE 45898] UL: SNR = 63.50 dB | SE = 20.778 bit/s/Hz
[60183 ms] [UE 36997] UL: SNR = 63.50 dB | SE = 20.778 bit/s/Hz
[60183 ms] [UE 48787] UL: SNR = 63.50 dB | SE = 20.778 bit/s/Hz
[60183 ms] [UE 40252] UL: SNR = 56.00 dB | SE = 18.324 bit/s/Hz
[60183 ms] [UE 15599] UL: SNR = 52.50 dB | SE = 17.179 bit/s/Hz
[60283 ms] [UE 45898] UL: SNR = 63.50 dB | SE = 20.778 bit/s/Hz
[60283 ms] [UE 36997] UL: SNR = 63.50 dB | SE = 20.778 bit/s/Hz
[60283 ms] [UE 48787] UL: SNR = 63.50 dB | SE = 20.778 bit/s/Hz
[60283 ms] [UE 40252] UL: SNR = 56.00 dB | SE = 18.324 bit/s/Hz
[60283 ms] [UE 15599] UL: SNR = 52.50 dB | SE = 17.179 bit/s/Hz
[60285 ms] [UE 33952] UL: SNR = 7.50 dB | SE = 2.687 bit/s/Hz
[60285 ms] [UE 12169] UL: SNR = 63.50 dB | SE = 20.778 bit/s/Hz
[60285 ms] [UE 22873] UL: SNR = 63.50 dB | SE = 20.778 bit/s/Hz
[60285 ms] [UE 30556] UL: SNR = 63.50 dB | SE = 20.778 bit/s/Hz
[60285 ms] [UE 20945] UL: SNR = 63.50 dB | SE = 20.778 bit/s/Hz
[60393 ms] [UE 45898] UL: SNR = 63.50 dB | SE = 20.778 bit/s/Hz
[60393 ms] [UE 36997] UL: SNR = 63.50 dB | SE = 20.778 bit/s/Hz
[60393 ms] [UE 48787] UL: SNR = 63.50 dB | SE = 20.778 bit/s/Hz
[60393 ms] [UE 40252] UL: SNR = 56.00 dB | SE = 18.324 bit/s/Hz
[60393 ms] [UE 15599] UL: SNR = 52.50 dB | SE = 17.179 bit/s/Hz
[60396 ms] [UE 33952] UL: SNR = 7.50 dB | SE = 2.687 bit/s/Hz
[60396 ms] [UE 12169] UL: SNR = 63.50 dB | SE = 20.778 bit/s/Hz
[60396 ms] [UE 22873] UL: SNR = 63.50 dB | SE = 20.778 bit/s/Hz
[60396 ms] [UE 30556] UL: SNR = 63.50 dB | SE = 20.778 bit/s/Hz
[60396 ms] [UE 20945] UL: SNR = 63.50 dB | SE = 20.778 bit/s/Hz
[60493 ms] [UE 45898] UL: SNR = 63.50 dB | SE = 20.778 bit/s/Hz
[60493 ms] [UE 36997] UL: SNR = 63.50 dB | SE = 20.778 bit/s/Hz
[60493 ms] [UE 48787] UL: SNR = 63.50 dB | SE = 20.778 bit/s/Hz
[60493 ms] [UE 40252] UL: SNR = 56.00 dB | SE = 18.324 bit/s/Hz
[60493 ms] [UE 15599] UL: SNR = 52.50 dB | SE = 17.179 bit/s/Hz
[60505 ms] [UE 33952] UL: SNR = 7.50 dB | SE = 2.687 bit/s/Hz
[60505 ms] [UE 12169] UL: SNR = 63.50 dB | SE = 20.778 bit/s/Hz
[60505 ms] [UE 22873] UL: SNR = 63.50 dB | SE = 20.778 bit/s/Hz
[60505 ms] [UE 30556] UL: SNR = 63.50 dB | SE = 20.778 bit/s/Hz
[60505 ms] [UE 20945] UL: SNR = 63.50 dB | SE = 20.778 bit/s/Hz
[60593 ms] [UE 45898] UL: SNR = 63.50 dB | SE = 20.778 bit/s/Hz
[60593 ms] [UE 36997] UL: SNR = 63.50 dB | SE = 20.778 bit/s/Hz
[60593 ms] [UE 48787] UL: SNR = 63.50 dB | SE = 20.778 bit/s/Hz
[60593 ms] [UE 40252] UL: SNR = 56.00 dB | SE = 18.324 bit/s/Hz
[60593 ms] [UE 15599] UL: SNR = 52.50 dB | SE = 17.179 bit/s/Hz
[60605 ms] [UE 33952] UL: SNR = 7.50 dB | SE = 2.687 bit/s/Hz
[60605 ms] [UE 12169] UL: SNR = 63.50 dB | SE = 20.778 bit/s/Hz
[60605 ms] [UE 22873] UL: SNR = 63.50 dB | SE = 20.778 bit/s/Hz
[60605 ms] [UE 30556] UL: SNR = 63.50 dB | SE = 20.778 bit/s/Hz
[60605 ms] [UE 20945] UL: SNR = 63.50 dB | SE = 20.778 bit/s/Hz
[60703 ms] [UE 45898] UL: SNR = 63.50 dB | SE = 20.778 bit/s/Hz
[60703 ms] [UE 36997] UL: SNR = 63.50 dB | SE = 20.778 bit/s/Hz
[60703 ms] [UE 48787] UL: SNR = 63.50 dB | SE = 20.778 bit/s/Hz
[60703 ms] [UE 40252] UL: SNR = 56.00 dB | SE = 18.324 bit/s/Hz
[60703 ms] [UE 15599] UL: SNR = 52.50 dB | SE = 17.179 bit/s/Hz
[60705 ms] [UE 33952] UL: SNR = 7.50 dB | SE = 2.687 bit/s/Hz
[60705 ms] [UE 12169] UL: SNR = 63.50 dB | SE = 20.778 bit/s/Hz
[60705 ms] [UE 22873] UL: SNR = 63.50 dB | SE = 20.778 bit/s/Hz
[60705 ms] [UE 30556] UL: SNR = 63.50 dB | SE = 20.778 bit/s/Hz
[60705 ms] [UE 20945] UL: SNR = 63.50 dB | SE = 20.778 bit/s/Hz
[60803 ms] [UE 45898] UL: SNR = 63.50 dB | SE = 20.778 bit/s/Hz
[60803 ms] [UE 36997] UL: SNR = 63.50 dB | SE = 20.778 bit/s/Hz
[60803 ms] [UE 48787] UL: SNR = 63.50 dB | SE = 20.778 bit/s/Hz
[60803 ms] [UE 40252] UL: SNR = 56.00 dB | SE = 18.324 bit/s/Hz
[60803 ms] [UE 15599] UL: SNR = 52.50 dB | SE = 17.179 bit/s/Hz
[60805 ms] [UE 33952] UL: SNR = 7.50 dB | SE = 2.687 bit/s/Hz
[60805 ms] [UE 12169] UL: SNR = 63.50 dB | SE = 20.778 bit/s/Hz
[60805 ms] [UE 22873] UL: SNR = 63.50 dB | SE = 20.778 bit/s/Hz
[60805 ms] [UE 30556] UL: SNR = 7.50 dB | SE = 2.687 bit/s/Hz
[60805 ms] [UE 20945] UL: SNR = 63.50 dB | SE = 20.778 bit/s/Hz
[60903 ms] [UE 45898] UL: SNR = 63.50 dB | SE = 20.778 bit/s/Hz
[60903 ms] [UE 36997] UL: SNR = 63.50 dB | SE = 20.778 bit/s/Hz
[60903 ms] [UE 48787] UL: SNR = 63.50 dB | SE = 20.778 bit/s/Hz
[60903 ms] [UE 40252] UL: SNR = 56.00 dB | SE = 18.324 bit/s/Hz
[60903 ms] [UE 15599] UL: SNR = 52.50 dB | SE = 17.179 bit/s/Hz
[60905 ms] [UE 33952] UL: SNR = 7.50 dB | SE = 2.687 bit/s/Hz
[60905 ms] [UE 12169] UL: SNR = 63.50 dB | SE = 20.778 bit/s/Hz
[60905 ms] [UE 22873] UL: SNR = 63.50 dB | SE = 20.778 bit/s/Hz
[60905 ms] [UE 30556] UL: SNR = 7.50 dB | SE = 2.687 bit/s/Hz
[60905 ms] [UE 20945] UL: SNR = 63.50 dB | SE = 20.778 bit/s/Hz
[61013 ms] [UE 45898] UL: SNR = 63.50 dB | SE = 20.778 bit/s/Hz
[61013 ms] [UE 36997] UL: SNR = 63.50 dB | SE = 20.778 bit/s/Hz
[61013 ms] [UE 48787] UL: SNR = 63.50 dB | SE = 20.778 bit/s/Hz
[61013 ms] [UE 40252] UL: SNR = 56.00 dB | SE = 18.324 bit/s/Hz
[61013 ms] [UE 15599] UL: SNR = 52.50 dB | SE = 17.179 bit/s/Hz
[61015 ms] [UE 33952] UL: SNR = 7.50 dB | SE = 2.687 bit/s/Hz
[61015 ms] [UE 12169] UL: SNR = 63.50 dB | SE = 20.778 bit/s/Hz
[61015 ms] [UE 22873] UL: SNR = 63.50 dB | SE = 20.778 bit/s/Hz
[61015 ms] [UE 30556] UL: SNR = 7.50 dB | SE = 2.687 bit/s/Hz
[61015 ms] [UE 20945] UL: SNR = 63.50 dB | SE = 20.778 bit/s/Hz
[61113 ms] [UE 45898] UL: SNR = 63.50 dB | SE = 20.778 bit/s/Hz
[61113 ms] [UE 36997] UL: SNR = 63.50 dB | SE = 20.778 bit/s/Hz
[61113 ms] [UE 48787] UL: SNR = 63.50 dB | SE = 20.778 bit/s/Hz
[61113 ms] [UE 40252] UL: SNR = 56.00 dB | SE = 18.324 bit/s/Hz
[61113 ms] [UE 15599] UL: SNR = 52.50 dB | SE = 17.179 bit/s/Hz
[61125 ms] [UE 33952] UL: SNR = 7.50 dB | SE = 2.687 bit/s/Hz
[61125 ms] [UE 12169] UL: SNR = 63.50 dB | SE = 20.778 bit/s/Hz
[61125 ms] [UE 22873] UL: SNR = 63.50 dB | SE = 20.778 bit/s/Hz
[61125 ms] [UE 30556] UL: SNR = 7.50 dB | SE = 2.687 bit/s/Hz
[61125 ms] [UE 20945] UL: SNR = 63.50 dB | SE = 20.778 bit/s/Hz
[61223 ms] [UE 45898] UL: SNR = 63.50 dB | SE = 20.778 bit/s/Hz
[61223 ms] [UE 36997] UL: SNR = 63.50 dB | SE = 20.778 bit/s/Hz
[61223 ms] [UE 48787] UL: SNR = 63.50 dB | SE = 20.778 bit/s/Hz
[61223 ms] [UE 40252] UL: SNR = 56.00 dB | SE = 18.324 bit/s/Hz
[61223 ms] [UE 15599] UL: SNR = 52.50 dB | SE = 17.179 bit/s/Hz
[61235 ms] [UE 33952] UL: SNR = 7.50 dB | SE = 2.687 bit/s/Hz
[61235 ms] [UE 12169] UL: SNR = 63.50 dB | SE = 20.778 bit/s/Hz
[61235 ms] [UE 22873] UL: SNR = 63.50 dB | SE = 20.778 bit/s/Hz
[61235 ms] [UE 30556] UL: SNR = 7.50 dB | SE = 2.687 bit/s/Hz
[61235 ms] [UE 20945] UL: SNR = 63.50 dB | SE = 20.778 bit/s/Hz
[61323 ms] [UE 45898] UL: SNR = 63.50 dB | SE = 20.778 bit/s/Hz
[61323 ms] [UE 36997] UL: SNR = 63.50 dB | SE = 20.778 bit/s/Hz
[61323 ms] [UE 48787] UL: SNR = 63.50 dB | SE = 20.778 bit/s/Hz
[61323 ms] [UE 40252] UL: SNR = 56.00 dB | SE = 18.324 bit/s/Hz
[61323 ms] [UE 15599] UL: SNR = 52.50 dB | SE = 17.179 bit/s/Hz
[61345 ms] [UE 33952] UL: SNR = 7.50 dB | SE = 2.687 bit/s/Hz
[61345 ms] [UE 12169] UL: SNR = 63.50 dB | SE = 20.778 bit/s/Hz
[61345 ms] [UE 22873] UL: SNR = 63.50 dB | SE = 20.778 bit/s/Hz
[61345 ms] [UE 30556] UL: SNR = 7.50 dB | SE = 2.687 bit/s/Hz
[61345 ms] [UE 20945] UL: SNR = 63.50 dB | SE = 20.778 bit/s/Hz
[61433 ms] [UE 45898] UL: SNR = 63.50 dB | SE = 20.778 bit/s/Hz
[61433 ms] [UE 36997] UL: SNR = 63.50 dB | SE = 20.778 bit/s/Hz
[61433 ms] [UE 48787] UL: SNR = 63.50 dB | SE = 20.778 bit/s/Hz
[61433 ms] [UE 40252] UL: SNR = 56.00 dB | SE = 18.324 bit/s/Hz
[61433 ms] [UE 15599] UL: SNR = 52.50 dB | SE = 17.179 bit/s/Hz
[61455 ms] [UE 33952] UL: SNR = 7.50 dB | SE = 2.687 bit/s/Hz
[61455 ms] [UE 12169] UL: SNR = 63.50 dB | SE = 20.778 bit/s/Hz
[61455 ms] [UE 22873] UL: SNR = 63.50 dB | SE = 20.778 bit/s/Hz
[61455 ms] [UE 30556] UL: SNR = 48.50 dB | SE = 15.870 bit/s/Hz
[61455 ms] [UE 20945] UL: SNR = 63.50 dB | SE = 20.778 bit/s/Hz
[61534 ms] [UE 45898] UL: SNR = 63.50 dB | SE = 20.778 bit/s/Hz
[61534 ms] [UE 36997] UL: SNR = 63.50 dB | SE = 20.778 bit/s/Hz
[61534 ms] [UE 48787] UL: SNR = 63.50 dB | SE = 20.778 bit/s/Hz
[61534 ms] [UE 40252] UL: SNR = 56.00 dB | SE = 18.324 bit/s/Hz
[61534 ms] [UE 15599] UL: SNR = 52.50 dB | SE = 17.179 bit/s/Hz
[61565 ms] [UE 33952] UL: SNR = 7.50 dB | SE = 2.687 bit/s/Hz
[61565 ms] [UE 12169] UL: SNR = 63.50 dB | SE = 20.778 bit/s/Hz
[61565 ms] [UE 22873] UL: SNR = 63.50 dB | SE = 20.778 bit/s/Hz
[61565 ms] [UE 30556] UL: SNR = 48.50 dB | SE = 15.870 bit/s/Hz
[61565 ms] [UE 20945] UL: SNR = 63.50 dB | SE = 20.778 bit/s/Hz
[61643 ms] [UE 45898] UL: SNR = 63.50 dB | SE = 20.778 bit/s/Hz
[61643 ms] [UE 36997] UL: SNR = 63.50 dB | SE = 20.778 bit/s/Hz
[61643 ms] [UE 48787] UL: SNR = 63.50 dB | SE = 20.778 bit/s/Hz
[61643 ms] [UE 40252] UL: SNR = 56.00 dB | SE = 18.324 bit/s/Hz
[61643 ms] [UE 15599] UL: SNR = 52.50 dB | SE = 17.179 bit/s/Hz
[61675 ms] [UE 33952] UL: SNR = 7.50 dB | SE = 2.687 bit/s/Hz
[61675 ms] [UE 12169] UL: SNR = 63.50 dB | SE = 20.778 bit/s/Hz
[61675 ms] [UE 22873] UL: SNR = 63.50 dB | SE = 20.778 bit/s/Hz
[61675 ms] [UE 30556] UL: SNR = 54.00 dB | SE = 17.669 bit/s/Hz
[61675 ms] [UE 20945] UL: SNR = 63.50 dB | SE = 20.778 bit/s/Hz
[61753 ms] [UE 45898] UL: SNR = 63.50 dB | SE = 20.778 bit/s/Hz
[61753 ms] [UE 36997] UL: SNR = 63.50 dB | SE = 20.778 bit/s/Hz
[61753 ms] [UE 48787] UL: SNR = 63.50 dB | SE = 20.778 bit/s/Hz
[61753 ms] [UE 40252] UL: SNR = 56.00 dB | SE = 18.324 bit/s/Hz
[61753 ms] [UE 15599] UL: SNR = 52.50 dB | SE = 17.179 bit/s/Hz
[61785 ms] [UE 33952] UL: SNR = 7.50 dB | SE = 2.687 bit/s/Hz
[61785 ms] [UE 12169] UL: SNR = 63.50 dB | SE = 20.778 bit/s/Hz
[61785 ms] [UE 22873] UL: SNR = 63.50 dB | SE = 20.778 bit/s/Hz
[61785 ms] [UE 30556] UL: SNR = 54.00 dB | SE = 17.669 bit/s/Hz
[61785 ms] [UE 20945] UL: SNR = 63.50 dB | SE = 20.778 bit/s/Hz
[61853 ms] [UE 45898] UL: SNR = 63.50 dB | SE = 20.778 bit/s/Hz
[61853 ms] [UE 36997] UL: SNR = 63.50 dB | SE = 20.778 bit/s/Hz
[61853 ms] [UE 48787] UL: SNR = 63.50 dB | SE = 20.778 bit/s/Hz
[61853 ms] [UE 40252] UL: SNR = 56.00 dB | SE = 18.324 bit/s/Hz
[61853 ms] [UE 15599] UL: SNR = 52.50 dB | SE = 17.179 bit/s/Hz
[61895 ms] [UE 33952] UL: SNR = 63.50 dB | SE = 20.778 bit/s/Hz
[61895 ms] [UE 12169] UL: SNR = 63.50 dB | SE = 20.778 bit/s/Hz
[61895 ms] [UE 22873] UL: SNR = 63.50 dB | SE = 20.778 bit/s/Hz
[61895 ms] [UE 30556] UL: SNR = 63.50 dB | SE = 20.778 bit/s/Hz
[61895 ms] [UE 20945] UL: SNR = 63.50 dB | SE = 20.778 bit/s/Hz
[61963 ms] [UE 45898] UL: SNR = 63.50 dB | SE = 20.778 bit/s/Hz
[61963 ms] [UE 36997] UL: SNR = 63.50 dB | SE = 20.778 bit/s/Hz
[61963 ms] [UE 48787] UL: SNR = 63.50 dB | SE = 20.778 bit/s/Hz
[61963 ms] [UE 40252] UL: SNR = 56.00 dB | SE = 18.324 bit/s/Hz
[61963 ms] [UE 15599] UL: SNR = 52.50 dB | SE = 17.179 bit/s/Hz
[62005 ms] [UE 33952] UL: SNR = 63.50 dB | SE = 20.778 bit/s/Hz
[62005 ms] [UE 12169] UL: SNR = 63.50 dB | SE = 20.778 bit/s/Hz
[62005 ms] [UE 22873] UL: SNR = 63.50 dB | SE = 20.778 bit/s/Hz
[62005 ms] [UE 30556] UL: SNR = 63.50 dB | SE = 20.778 bit/s/Hz
[62005 ms] [UE 20945] UL: SNR = 63.50 dB | SE = 20.778 bit/s/Hz
[62063 ms] [UE 45898] UL: SNR = 63.50 dB | SE = 20.778 bit/s/Hz
[62063 ms] [UE 36997] UL: SNR = 63.50 dB | SE = 20.778 bit/s/Hz
[62063 ms] [UE 48787] UL: SNR = 63.50 dB | SE = 20.778 bit/s/Hz
[62063 ms] [UE 40252] UL: SNR = 56.00 dB | SE = 18.324 bit/s/Hz
[62063 ms] [UE 15599] UL: SNR = 52.50 dB | SE = 17.179 bit/s/Hz
[62105 ms] [UE 33952] UL: SNR = 63.50 dB | SE = 20.778 bit/s/Hz
[62105 ms] [UE 12169] UL: SNR = 63.50 dB | SE = 20.778 bit/s/Hz
[62105 ms] [UE 22873] UL: SNR = 63.50 dB | SE = 20.778 bit/s/Hz
[62105 ms] [UE 30556] UL: SNR = 54.00 dB | SE = 17.669 bit/s/Hz
[62105 ms] [UE 20945] UL: SNR = 63.50 dB | SE = 20.778 bit/s/Hz
[62163 ms] [UE 45898] UL: SNR = 63.50 dB | SE = 20.778 bit/s/Hz
[62163 ms] [UE 36997] UL: SNR = 63.50 dB | SE = 20.778 bit/s/Hz
[62163 ms] [UE 48787] UL: SNR = 63.50 dB | SE = 20.778 bit/s/Hz
[62163 ms] [UE 40252] UL: SNR = 56.00 dB | SE = 18.324 bit/s/Hz
[62163 ms] [UE 15599] UL: SNR = 52.50 dB | SE = 17.179 bit/s/Hz
[62205 ms] [UE 33952] UL: SNR = 63.50 dB | SE = 20.778 bit/s/Hz
[62205 ms] [UE 12169] UL: SNR = 63.50 dB | SE = 20.778 bit/s/Hz
[62205 ms] [UE 22873] UL: SNR = 63.50 dB | SE = 20.778 bit/s/Hz
[62205 ms] [UE 30556] UL: SNR = 54.00 dB | SE = 17.669 bit/s/Hz
[62205 ms] [UE 20945] UL: SNR = 63.50 dB | SE = 20.778 bit/s/Hz
[62264 ms] [UE 45898] UL: SNR = 63.50 dB | SE = 20.778 bit/s/Hz
[62264 ms] [UE 36997] UL: SNR = 63.50 dB | SE = 20.778 bit/s/Hz
[62264 ms] [UE 48787] UL: SNR = 63.50 dB | SE = 20.778 bit/s/Hz
[62264 ms] [UE 40252] UL: SNR = 56.00 dB | SE = 18.324 bit/s/Hz
[62264 ms] [UE 15599] UL: SNR = 52.50 dB | SE = 17.179 bit/s/Hz
[62305 ms] [UE 33952] UL: SNR = 63.50 dB | SE = 20.778 bit/s/Hz
[62305 ms] [UE 12169] UL: SNR = 63.50 dB | SE = 20.778 bit/s/Hz
[62305 ms] [UE 22873] UL: SNR = 63.50 dB | SE = 20.778 bit/s/Hz
[62305 ms] [UE 30556] UL: SNR = 54.00 dB | SE = 17.669 bit/s/Hz
[62305 ms] [UE 20945] UL: SNR = 63.50 dB | SE = 20.778 bit/s/Hz
[62373 ms] [UE 45898] UL: SNR = 63.50 dB | SE = 20.778 bit/s/Hz
[62373 ms] [UE 36997] UL: SNR = 63.50 dB | SE = 20.778 bit/s/Hz
[62373 ms] [UE 48787] UL: SNR = 63.50 dB | SE = 20.778 bit/s/Hz
[62373 ms] [UE 40252] UL: SNR = 56.00 dB | SE = 18.324 bit/s/Hz
[62373 ms] [UE 15599] UL: SNR = 52.50 dB | SE = 17.179 bit/s/Hz
[62406 ms] [UE 33952] UL: SNR = 63.50 dB | SE = 20.778 bit/s/Hz
[62406 ms] [UE 12169] UL: SNR = 63.50 dB | SE = 20.778 bit/s/Hz
[62406 ms] [UE 22873] UL: SNR = 63.50 dB | SE = 20.778 bit/s/Hz
[62406 ms] [UE 30556] UL: SNR = 63.50 dB | SE = 20.778 bit/s/Hz
[62406 ms] [UE 20945] UL: SNR = 63.50 dB | SE = 20.778 bit/s/Hz
[62483 ms] [UE 45898] UL: SNR = 63.50 dB | SE = 20.778 bit/s/Hz
[62483 ms] [UE 36997] UL: SNR = 63.50 dB | SE = 20.778 bit/s/Hz
[62483 ms] [UE 48787] UL: SNR = 63.50 dB | SE = 20.778 bit/s/Hz
[62483 ms] [UE 40252] UL: SNR = 56.00 dB | SE = 18.324 bit/s/Hz
[62483 ms] [UE 15599] UL: SNR = 52.50 dB | SE = 17.179 bit/s/Hz
[62515 ms] [UE 33952] UL: SNR = 63.50 dB | SE = 20.778 bit/s/Hz
[62515 ms] [UE 12169] UL: SNR = 63.50 dB | SE = 20.778 bit/s/Hz
[62515 ms] [UE 22873] UL: SNR = 63.50 dB | SE = 20.778 bit/s/Hz
[62515 ms] [UE 30556] UL: SNR = 63.50 dB | SE = 20.778 bit/s/Hz
[62515 ms] [UE 20945] UL: SNR = 63.50 dB | SE = 20.778 bit/s/Hz
[62583 ms] [UE 45898] UL: SNR = 63.50 dB | SE = 20.778 bit/s/Hz
[62583 ms] [UE 36997] UL: SNR = 63.50 dB | SE = 20.778 bit/s/Hz
[62583 ms] [UE 48787] UL: SNR = 63.50 dB | SE = 20.778 bit/s/Hz
[62583 ms] [UE 40252] UL: SNR = 56.00 dB | SE = 18.324 bit/s/Hz
[62583 ms] [UE 15599] UL: SNR = 52.50 dB | SE = 17.179 bit/s/Hz
[62616 ms] [UE 33952] UL: SNR = 63.50 dB | SE = 20.778 bit/s/Hz
[62616 ms] [UE 12169] UL: SNR = 63.50 dB | SE = 20.778 bit/s/Hz
[62616 ms] [UE 22873] UL: SNR = 63.50 dB | SE = 20.778 bit/s/Hz
[62616 ms] [UE 30556] UL: SNR = 63.50 dB | SE = 20.778 bit/s/Hz
[62616 ms] [UE 20945] UL: SNR = 63.50 dB | SE = 20.778 bit/s/Hz
[62693 ms] [UE 45898] UL: SNR = 63.50 dB | SE = 20.778 bit/s/Hz
[62693 ms] [UE 36997] UL: SNR = 63.50 dB | SE = 20.778 bit/s/Hz
[62693 ms] [UE 48787] UL: SNR = 63.50 dB | SE = 20.778 bit/s/Hz
[62693 ms] [UE 40252] UL: SNR = 56.00 dB | SE = 18.324 bit/s/Hz
[62693 ms] [UE 15599] UL: SNR = 52.50 dB | SE = 17.179 bit/s/Hz
[62725 ms] [UE 33952] UL: SNR = 63.50 dB | SE = 20.778 bit/s/Hz
[62725 ms] [UE 12169] UL: SNR = 63.50 dB | SE = 20.778 bit/s/Hz
[62725 ms] [UE 22873] UL: SNR = 63.50 dB | SE = 20.778 bit/s/Hz
[62725 ms] [UE 30556] UL: SNR = 63.50 dB | SE = 20.778 bit/s/Hz
[62725 ms] [UE 20945] UL: SNR = 63.50 dB | SE = 20.778 bit/s/Hz
[62793 ms] [UE 45898] UL: SNR = 63.50 dB | SE = 20.778 bit/s/Hz
[62793 ms] [UE 36997] UL: SNR = 63.50 dB | SE = 20.778 bit/s/Hz
[62793 ms] [UE 48787] UL: SNR = 63.50 dB | SE = 20.778 bit/s/Hz
[62793 ms] [UE 40252] UL: SNR = 56.00 dB | SE = 18.324 bit/s/Hz
[62793 ms] [UE 15599] UL: SNR = 52.50 dB | SE = 17.179 bit/s/Hz
[62825 ms] [UE 33952] UL: SNR = 63.50 dB | SE = 20.778 bit/s/Hz
[62825 ms] [UE 12169] UL: SNR = 63.50 dB | SE = 20.778 bit/s/Hz
[62825 ms] [UE 22873] UL: SNR = 63.50 dB | SE = 20.778 bit/s/Hz
[62825 ms] [UE 30556] UL: SNR = 63.50 dB | SE = 20.778 bit/s/Hz
[62825 ms] [UE 20945] UL: SNR = 63.50 dB | SE = 20.778 bit/s/Hz
[62893 ms] [UE 45898] UL: SNR = 63.50 dB | SE = 20.778 bit/s/Hz
[62893 ms] [UE 36997] UL: SNR = 63.50 dB | SE = 20.778 bit/s/Hz
[62893 ms] [UE 48787] UL: SNR = 63.50 dB | SE = 20.778 bit/s/Hz
[62893 ms] [UE 40252] UL: SNR = 56.00 dB | SE = 18.324 bit/s/Hz
[62893 ms] [UE 15599] UL: SNR = 52.50 dB | SE = 17.179 bit/s/Hz
[62935 ms] [UE 33952] UL: SNR = 63.50 dB | SE = 20.778 bit/s/Hz
[62935 ms] [UE 12169] UL: SNR = 63.50 dB | SE = 20.778 bit/s/Hz
[62935 ms] [UE 22873] UL: SNR = 63.50 dB | SE = 20.778 bit/s/Hz
[62935 ms] [UE 30556] UL: SNR = 63.50 dB | SE = 20.778 bit/s/Hz
[62935 ms] [UE 20945] UL: SNR = 63.50 dB | SE = 20.778 bit/s/Hz
[63003 ms] [UE 45898] UL: SNR = 63.50 dB | SE = 20.778 bit/s/Hz
[63003 ms] [UE 36997] UL: SNR = 63.50 dB | SE = 20.778 bit/s/Hz
[63003 ms] [UE 48787] UL: SNR = 63.50 dB | SE = 20.778 bit/s/Hz
[63003 ms] [UE 40252] UL: SNR = 56.00 dB | SE = 18.324 bit/s/Hz
[63003 ms] [UE 15599] UL: SNR = 52.50 dB | SE = 17.179 bit/s/Hz
[63045 ms] [UE 33952] UL: SNR = 63.50 dB | SE = 20.778 bit/s/Hz
[63045 ms] [UE 12169] UL: SNR = 63.50 dB | SE = 20.778 bit/s/Hz
[63045 ms] [UE 22873] UL: SNR = 63.50 dB | SE = 20.778 bit/s/Hz
[63045 ms] [UE 30556] UL: SNR = 63.50 dB | SE = 20.778 bit/s/Hz
[63045 ms] [UE 20945] UL: SNR = 63.50 dB | SE = 20.778 bit/s/Hz
[63103 ms] [UE 45898] UL: SNR = 63.50 dB | SE = 20.778 bit/s/Hz
[63103 ms] [UE 36997] UL: SNR = 63.50 dB | SE = 20.778 bit/s/Hz
[63103 ms] [UE 48787] UL: SNR = 63.50 dB | SE = 20.778 bit/s/Hz
[63103 ms] [UE 40252] UL: SNR = 56.00 dB | SE = 18.324 bit/s/Hz
[63103 ms] [UE 15599] UL: SNR = 52.50 dB | SE = 17.179 bit/s/Hz
[63155 ms] [UE 33952] UL: SNR = 63.50 dB | SE = 20.778 bit/s/Hz
[63155 ms] [UE 12169] UL: SNR = 63.50 dB | SE = 20.778 bit/s/Hz
[63155 ms] [UE 22873] UL: SNR = 63.50 dB | SE = 20.778 bit/s/Hz
[63155 ms] [UE 30556] UL: SNR = 63.50 dB | SE = 20.778 bit/s/Hz
[63155 ms] [UE 20945] UL: SNR = 63.50 dB | SE = 20.778 bit/s/Hz
[63213 ms] [UE 45898] UL: SNR = 63.50 dB | SE = 20.778 bit/s/Hz
[63213 ms] [UE 36997] UL: SNR = 63.50 dB | SE = 20.778 bit/s/Hz
[63213 ms] [UE 48787] UL: SNR = 63.50 dB | SE = 20.778 bit/s/Hz
[63213 ms] [UE 40252] UL: SNR = 56.00 dB | SE = 18.324 bit/s/Hz
[63213 ms] [UE 15599] UL: SNR = 52.50 dB | SE = 17.179 bit/s/Hz
[63266 ms] [UE 33952] UL: SNR = 63.50 dB | SE = 20.778 bit/s/Hz
[63266 ms] [UE 12169] UL: SNR = 63.50 dB | SE = 20.778 bit/s/Hz
[63266 ms] [UE 22873] UL: SNR = 63.50 dB | SE = 20.778 bit/s/Hz
[63266 ms] [UE 30556] UL: SNR = 63.50 dB | SE = 20.778 bit/s/Hz
[63266 ms] [UE 20945] UL: SNR = 63.50 dB | SE = 20.778 bit/s/Hz
[63314 ms] [UE 45898] UL: SNR = 63.50 dB | SE = 20.778 bit/s/Hz
[63314 ms] [UE 36997] UL: SNR = 63.50 dB | SE = 20.778 bit/s/Hz
[63314 ms] [UE 48787] UL: SNR = 63.50 dB | SE = 20.778 bit/s/Hz
[63314 ms] [UE 40252] UL: SNR = 56.00 dB | SE = 18.324 bit/s/Hz
[63314 ms] [UE 15599] UL: SNR = 52.50 dB | SE = 17.179 bit/s/Hz
[63376 ms] [UE 33952] UL: SNR = 63.50 dB | SE = 20.778 bit/s/Hz
[63376 ms] [UE 12169] UL: SNR = 63.50 dB | SE = 20.778 bit/s/Hz
[63376 ms] [UE 22873] UL: SNR = 63.50 dB | SE = 20.778 bit/s/Hz
[63376 ms] [UE 30556] UL: SNR = 63.50 dB | SE = 20.778 bit/s/Hz
[63376 ms] [UE 20945] UL: SNR = 63.50 dB | SE = 20.778 bit/s/Hz
[63423 ms] [UE 45898] UL: SNR = 63.50 dB | SE = 20.778 bit/s/Hz
[63423 ms] [UE 36997] UL: SNR = 63.50 dB | SE = 20.778 bit/s/Hz
[63423 ms] [UE 48787] UL: SNR = 63.50 dB | SE = 20.778 bit/s/Hz
[63423 ms] [UE 40252] UL: SNR = 56.00 dB | SE = 18.324 bit/s/Hz
[63423 ms] [UE 15599] UL: SNR = 52.50 dB | SE = 17.179 bit/s/Hz
[63485 ms] [UE 33952] UL: SNR = 63.50 dB | SE = 20.778 bit/s/Hz
[63485 ms] [UE 12169] UL: SNR = 63.50 dB | SE = 20.778 bit/s/Hz
[63485 ms] [UE 22873] UL: SNR = 63.50 dB | SE = 20.778 bit/s/Hz
[63485 ms] [UE 30556] UL: SNR = 63.50 dB | SE = 20.778 bit/s/Hz
[63485 ms] [UE 20945] UL: SNR = 63.50 dB | SE = 20.778 bit/s/Hz
[63524 ms] [UE 45898] UL: SNR = 63.50 dB | SE = 20.778 bit/s/Hz
[63524 ms] [UE 36997] UL: SNR = 63.50 dB | SE = 20.778 bit/s/Hz
[63524 ms] [UE 48787] UL: SNR = 63.50 dB | SE = 20.778 bit/s/Hz
[63524 ms] [UE 40252] UL: SNR = 56.00 dB | SE = 18.324 bit/s/Hz
[63524 ms] [UE 15599] UL: SNR = 52.50 dB | SE = 17.179 bit/s/Hz
[63585 ms] [UE 33952] UL: SNR = 63.50 dB | SE = 20.778 bit/s/Hz
[63585 ms] [UE 12169] UL: SNR = 63.50 dB | SE = 20.778 bit/s/Hz
[63585 ms] [UE 22873] UL: SNR = 63.50 dB | SE = 20.778 bit/s/Hz
[63585 ms] [UE 30556] UL: SNR = 63.50 dB | SE = 20.778 bit/s/Hz
[63585 ms] [UE 20945] UL: SNR = 63.50 dB | SE = 20.778 bit/s/Hz
[63633 ms] [UE 45898] UL: SNR = 63.50 dB | SE = 20.778 bit/s/Hz
[63633 ms] [UE 36997] UL: SNR = 63.50 dB | SE = 20.778 bit/s/Hz
[63633 ms] [UE 48787] UL: SNR = 63.50 dB | SE = 20.778 bit/s/Hz
[63633 ms] [UE 40252] UL: SNR = 56.00 dB | SE = 18.324 bit/s/Hz
[63633 ms] [UE 15599] UL: SNR = 52.50 dB | SE = 17.179 bit/s/Hz
[63695 ms] [UE 33952] UL: SNR = 63.50 dB | SE = 20.778 bit/s/Hz
[63695 ms] [UE 12169] UL: SNR = 63.50 dB | SE = 20.778 bit/s/Hz
[63695 ms] [UE 22873] UL: SNR = 63.50 dB | SE = 20.778 bit/s/Hz
[63695 ms] [UE 30556] UL: SNR = 63.50 dB | SE = 20.778 bit/s/Hz
[63695 ms] [UE 20945] UL: SNR = 63.50 dB | SE = 20.778 bit/s/Hz
[63733 ms] [UE 45898] UL: SNR = 63.50 dB | SE = 20.778 bit/s/Hz
[63733 ms] [UE 36997] UL: SNR = 63.50 dB | SE = 20.778 bit/s/Hz
[63733 ms] [UE 48787] UL: SNR = 63.50 dB | SE = 20.778 bit/s/Hz
[63733 ms] [UE 40252] UL: SNR = 56.00 dB | SE = 18.324 bit/s/Hz
[63733 ms] [UE 15599] UL: SNR = 52.50 dB | SE = 17.179 bit/s/Hz
[63795 ms] [UE 33952] UL: SNR = 63.50 dB | SE = 20.778 bit/s/Hz
[63795 ms] [UE 12169] UL: SNR = 63.50 dB | SE = 20.778 bit/s/Hz
[63795 ms] [UE 22873] UL: SNR = 63.50 dB | SE = 20.778 bit/s/Hz
[63795 ms] [UE 30556] UL: SNR = 63.50 dB | SE = 20.778 bit/s/Hz
[63795 ms] [UE 20945] UL: SNR = 63.50 dB | SE = 20.778 bit/s/Hz
[63843 ms] [UE 45898] UL: SNR = 63.50 dB | SE = 20.778 bit/s/Hz
[63843 ms] [UE 36997] UL: SNR = 63.50 dB | SE = 20.778 bit/s/Hz
[63843 ms] [UE 48787] UL: SNR = 63.50 dB | SE = 20.778 bit/s/Hz
[63843 ms] [UE 40252] UL: SNR = 56.00 dB | SE = 18.324 bit/s/Hz
[63843 ms] [UE 15599] UL: SNR = 52.50 dB | SE = 17.179 bit/s/Hz
[63895 ms] [UE 33952] UL: SNR = 63.50 dB | SE = 20.778 bit/s/Hz
[63895 ms] [UE 12169] UL: SNR = 63.50 dB | SE = 20.778 bit/s/Hz
[63895 ms] [UE 22873] UL: SNR = 63.50 dB | SE = 20.778 bit/s/Hz
[63895 ms] [UE 30556] UL: SNR = 63.50 dB | SE = 20.778 bit/s/Hz
[63895 ms] [UE 20945] UL: SNR = 63.50 dB | SE = 20.778 bit/s/Hz
[63943 ms] [UE 45898] UL: SNR = 63.50 dB | SE = 20.778 bit/s/Hz
[63943 ms] [UE 36997] UL: SNR = 63.50 dB | SE = 20.778 bit/s/Hz
[63943 ms] [UE 48787] UL: SNR = 63.50 dB | SE = 20.778 bit/s/Hz
[63943 ms] [UE 40252] UL: SNR = 56.00 dB | SE = 18.324 bit/s/Hz
[63943 ms] [UE 15599] UL: SNR = 52.50 dB | SE = 17.179 bit/s/Hz
[64005 ms] [UE 33952] UL: SNR = 63.50 dB | SE = 20.778 bit/s/Hz
[64005 ms] [UE 12169] UL: SNR = 63.50 dB | SE = 20.778 bit/s/Hz
[64005 ms] [UE 22873] UL: SNR = 63.50 dB | SE = 20.778 bit/s/Hz
[64005 ms] [UE 30556] UL: SNR = 63.50 dB | SE = 20.778 bit/s/Hz
[64005 ms] [UE 20945] UL: SNR = 63.50 dB | SE = 20.778 bit/s/Hz
[64053 ms] [UE 45898] UL: SNR = 63.50 dB | SE = 20.778 bit/s/Hz
[64053 ms] [UE 36997] UL: SNR = 63.50 dB | SE = 20.778 bit/s/Hz
[64053 ms] [UE 48787] UL: SNR = 63.50 dB | SE = 20.778 bit/s/Hz
[64053 ms] [UE 40252] UL: SNR = 56.00 dB | SE = 18.324 bit/s/Hz
[64053 ms] [UE 15599] UL: SNR = 52.50 dB | SE = 17.179 bit/s/Hz
[64115 ms] [UE 33952] UL: SNR = 63.50 dB | SE = 20.778 bit/s/Hz
[64115 ms] [UE 12169] UL: SNR = 63.50 dB | SE = 20.778 bit/s/Hz
[64115 ms] [UE 22873] UL: SNR = 63.50 dB | SE = 20.778 bit/s/Hz
[64115 ms] [UE 30556] UL: SNR = 63.50 dB | SE = 20.778 bit/s/Hz
[64115 ms] [UE 20945] UL: SNR = 63.50 dB | SE = 20.778 bit/s/Hz
[64163 ms] [UE 45898] UL: SNR = 63.50 dB | SE = 20.778 bit/s/Hz
[64163 ms] [UE 36997] UL: SNR = 63.50 dB | SE = 20.778 bit/s/Hz
[64163 ms] [UE 48787] UL: SNR = 63.50 dB | SE = 20.778 bit/s/Hz
[64163 ms] [UE 40252] UL: SNR = 56.00 dB | SE = 18.324 bit/s/Hz
[64163 ms] [UE 15599] UL: SNR = 52.50 dB | SE = 17.179 bit/s/Hz
[64215 ms] [UE 33952] UL: SNR = 63.50 dB | SE = 20.778 bit/s/Hz
[64215 ms] [UE 12169] UL: SNR = 63.50 dB | SE = 20.778 bit/s/Hz
[64215 ms] [UE 22873] UL: SNR = 63.50 dB | SE = 20.778 bit/s/Hz
[64215 ms] [UE 30556] UL: SNR = 63.50 dB | SE = 20.778 bit/s/Hz
[64215 ms] [UE 20945] UL: SNR = 63.50 dB | SE = 20.778 bit/s/Hz
[64263 ms] [UE 45898] UL: SNR = 63.50 dB | SE = 20.778 bit/s/Hz
[64263 ms] [UE 36997] UL: SNR = 63.50 dB | SE = 20.778 bit/s/Hz
[64263 ms] [UE 48787] UL: SNR = 63.50 dB | SE = 20.778 bit/s/Hz
[64263 ms] [UE 40252] UL: SNR = 56.00 dB | SE = 18.324 bit/s/Hz
[64263 ms] [UE 15599] UL: SNR = 52.50 dB | SE = 17.179 bit/s/Hz
[64325 ms] [UE 33952] UL: SNR = 63.50 dB | SE = 20.778 bit/s/Hz
[64325 ms] [UE 12169] UL: SNR = 63.50 dB | SE = 20.778 bit/s/Hz
[64325 ms] [UE 22873] UL: SNR = 63.50 dB | SE = 20.778 bit/s/Hz
[64325 ms] [UE 30556] UL: SNR = 63.50 dB | SE = 20.778 bit/s/Hz
[64325 ms] [UE 20945] UL: SNR = 63.50 dB | SE = 20.778 bit/s/Hz
[64373 ms] [UE 45898] UL: SNR = 63.50 dB | SE = 20.778 bit/s/Hz
[64373 ms] [UE 36997] UL: SNR = 63.50 dB | SE = 20.778 bit/s/Hz
[64373 ms] [UE 48787] UL: SNR = 63.50 dB | SE = 20.778 bit/s/Hz
[64373 ms] [UE 40252] UL: SNR = 56.00 dB | SE = 18.324 bit/s/Hz
[64373 ms] [UE 15599] UL: SNR = 52.50 dB | SE = 17.179 bit/s/Hz
[64425 ms] [UE 33952] UL: SNR = 63.50 dB | SE = 20.778 bit/s/Hz
[64425 ms] [UE 12169] UL: SNR = 63.50 dB | SE = 20.778 bit/s/Hz
[64425 ms] [UE 22873] UL: SNR = 63.50 dB | SE = 20.778 bit/s/Hz
[64425 ms] [UE 30556] UL: SNR = 63.50 dB | SE = 20.778 bit/s/Hz
[64425 ms] [UE 20945] UL: SNR = 63.50 dB | SE = 20.778 bit/s/Hz
[64474 ms] [UE 45898] UL: SNR = 63.50 dB | SE = 20.778 bit/s/Hz
[64474 ms] [UE 36997] UL: SNR = 63.50 dB | SE = 20.778 bit/s/Hz
[64474 ms] [UE 48787] UL: SNR = 63.50 dB | SE = 20.778 bit/s/Hz
[64474 ms] [UE 40252] UL: SNR = 56.00 dB | SE = 18.324 bit/s/Hz
[64474 ms] [UE 15599] UL: SNR = 52.50 dB | SE = 17.179 bit/s/Hz
[64535 ms] [UE 33952] UL: SNR = 63.50 dB | SE = 20.778 bit/s/Hz
[64535 ms] [UE 12169] UL: SNR = 63.50 dB | SE = 20.778 bit/s/Hz
[64535 ms] [UE 22873] UL: SNR = 63.50 dB | SE = 20.778 bit/s/Hz
[64535 ms] [UE 30556] UL: SNR = 7.50 dB | SE = 2.687 bit/s/Hz
[64535 ms] [UE 20945] UL: SNR = 63.50 dB | SE = 20.778 bit/s/Hz
[64583 ms] [UE 45898] UL: SNR = 63.50 dB | SE = 20.778 bit/s/Hz
[64583 ms] [UE 36997] UL: SNR = 63.50 dB | SE = 20.778 bit/s/Hz
[64583 ms] [UE 48787] UL: SNR = 63.50 dB | SE = 20.778 bit/s/Hz
[64583 ms] [UE 40252] UL: SNR = 56.00 dB | SE = 18.324 bit/s/Hz
[64583 ms] [UE 15599] UL: SNR = 52.50 dB | SE = 17.179 bit/s/Hz
[64635 ms] [UE 33952] UL: SNR = 63.50 dB | SE = 20.778 bit/s/Hz
[64635 ms] [UE 12169] UL: SNR = 63.50 dB | SE = 20.778 bit/s/Hz
[64635 ms] [UE 22873] UL: SNR = 63.50 dB | SE = 20.778 bit/s/Hz
[64635 ms] [UE 30556] UL: SNR = 7.50 dB | SE = 2.687 bit/s/Hz
[64635 ms] [UE 20945] UL: SNR = 63.50 dB | SE = 20.778 bit/s/Hz
[64683 ms] [UE 45898] UL: SNR = 63.50 dB | SE = 20.778 bit/s/Hz
[64683 ms] [UE 36997] UL: SNR = 63.50 dB | SE = 20.778 bit/s/Hz
[64683 ms] [UE 48787] UL: SNR = 63.50 dB | SE = 20.778 bit/s/Hz
[64683 ms] [UE 40252] UL: SNR = 56.00 dB | SE = 18.324 bit/s/Hz
[64683 ms] [UE 15599] UL: SNR = 52.50 dB | SE = 17.179 bit/s/Hz
[64736 ms] [UE 33952] UL: SNR = 63.50 dB | SE = 20.778 bit/s/Hz
[64736 ms] [UE 12169] UL: SNR = 63.50 dB | SE = 20.778 bit/s/Hz
[64736 ms] [UE 22873] UL: SNR = 63.50 dB | SE = 20.778 bit/s/Hz
[64736 ms] [UE 30556] UL: SNR = 7.50 dB | SE = 2.687 bit/s/Hz
[64736 ms] [UE 20945] UL: SNR = 63.50 dB | SE = 20.778 bit/s/Hz
[64783 ms] [UE 45898] UL: SNR = 63.50 dB | SE = 20.778 bit/s/Hz
[64783 ms] [UE 36997] UL: SNR = 63.50 dB | SE = 20.778 bit/s/Hz
[64783 ms] [UE 48787] UL: SNR = 63.50 dB | SE = 20.778 bit/s/Hz
[64783 ms] [UE 40252] UL: SNR = 56.00 dB | SE = 18.324 bit/s/Hz
[64783 ms] [UE 15599] UL: SNR = 52.50 dB | SE = 17.179 bit/s/Hz
[64845 ms] [UE 33952] UL: SNR = 63.50 dB | SE = 20.778 bit/s/Hz
[64845 ms] [UE 12169] UL: SNR = 63.50 dB | SE = 20.778 bit/s/Hz
[64845 ms] [UE 22873] UL: SNR = 63.50 dB | SE = 20.778 bit/s/Hz
[64845 ms] [UE 30556] UL: SNR = 7.50 dB | SE = 2.687 bit/s/Hz
[64845 ms] [UE 20945] UL: SNR = 63.50 dB | SE = 20.778 bit/s/Hz
[64893 ms] [UE 45898] UL: SNR = 63.50 dB | SE = 20.778 bit/s/Hz
[64893 ms] [UE 36997] UL: SNR = 63.50 dB | SE = 20.778 bit/s/Hz
[64893 ms] [UE 48787] UL: SNR = 63.50 dB | SE = 20.778 bit/s/Hz
[64893 ms] [UE 40252] UL: SNR = 56.00 dB | SE = 18.324 bit/s/Hz
[64893 ms] [UE 15599] UL: SNR = 52.50 dB | SE = 17.179 bit/s/Hz
[64945 ms] [UE 33952] UL: SNR = 63.50 dB | SE = 20.778 bit/s/Hz
[64945 ms] [UE 12169] UL: SNR = 63.50 dB | SE = 20.778 bit/s/Hz
[64945 ms] [UE 22873] UL: SNR = 63.50 dB | SE = 20.778 bit/s/Hz
[64945 ms] [UE 30556] UL: SNR = 7.50 dB | SE = 2.687 bit/s/Hz
[64945 ms] [UE 20945] UL: SNR = 63.50 dB | SE = 20.778 bit/s/Hz
[64993 ms] [UE 45898] UL: SNR = 63.50 dB | SE = 20.778 bit/s/Hz
[64993 ms] [UE 36997] UL: SNR = 63.50 dB | SE = 20.778 bit/s/Hz
[64993 ms] [UE 48787] UL: SNR = 63.50 dB | SE = 20.778 bit/s/Hz
[64993 ms] [UE 40252] UL: SNR = 56.00 dB | SE = 18.324 bit/s/Hz
[64993 ms] [UE 15599] UL: SNR = 52.50 dB | SE = 17.179 bit/s/Hz
[65055 ms] [UE 33952] UL: SNR = 63.50 dB | SE = 20.778 bit/s/Hz
[65055 ms] [UE 12169] UL: SNR = 63.50 dB | SE = 20.778 bit/s/Hz
[65055 ms] [UE 22873] UL: SNR = 63.50 dB | SE = 20.778 bit/s/Hz
[65055 ms] [UE 30556] UL: SNR = 7.50 dB | SE = 2.687 bit/s/Hz
[65055 ms] [UE 20945] UL: SNR = 63.50 dB | SE = 20.778 bit/s/Hz
[65093 ms] [UE 45898] UL: SNR = 63.50 dB | SE = 20.778 bit/s/Hz
[65093 ms] [UE 36997] UL: SNR = 63.50 dB | SE = 20.778 bit/s/Hz
[65093 ms] [UE 48787] UL: SNR = 63.50 dB | SE = 20.778 bit/s/Hz
[65093 ms] [UE 40252] UL: SNR = 56.00 dB | SE = 18.324 bit/s/Hz
[65093 ms] [UE 15599] UL: SNR = 52.50 dB | SE = 17.179 bit/s/Hz
[65155 ms] [UE 33952] UL: SNR = 63.50 dB | SE = 20.778 bit/s/Hz
[65155 ms] [UE 12169] UL: SNR = 63.50 dB | SE = 20.778 bit/s/Hz
[65155 ms] [UE 22873] UL: SNR = 63.50 dB | SE = 20.778 bit/s/Hz
[65155 ms] [UE 30556] UL: SNR = 7.50 dB | SE = 2.687 bit/s/Hz
[65155 ms] [UE 20945] UL: SNR = 63.50 dB | SE = 20.778 bit/s/Hz
[65203 ms] [UE 45898] UL: SNR = 63.50 dB | SE = 20.778 bit/s/Hz
[65203 ms] [UE 36997] UL: SNR = 63.50 dB | SE = 20.778 bit/s/Hz
[65203 ms] [UE 48787] UL: SNR = 63.50 dB | SE = 20.778 bit/s/Hz
[65203 ms] [UE 40252] UL: SNR = 56.00 dB | SE = 18.324 bit/s/Hz
[65203 ms] [UE 15599] UL: SNR = 52.50 dB | SE = 17.179 bit/s/Hz
[65257 ms] [UE 33952] UL: SNR = 63.50 dB | SE = 20.778 bit/s/Hz
[65257 ms] [UE 12169] UL: SNR = 63.50 dB | SE = 20.778 bit/s/Hz
[65257 ms] [UE 22873] UL: SNR = 63.50 dB | SE = 20.778 bit/s/Hz
[65257 ms] [UE 30556] UL: SNR = 53.50 dB | SE = 17.506 bit/s/Hz
[65257 ms] [UE 20945] UL: SNR = 63.50 dB | SE = 20.778 bit/s/Hz
[65313 ms] [UE 45898] UL: SNR = 63.50 dB | SE = 20.778 bit/s/Hz
[65313 ms] [UE 36997] UL: SNR = 63.50 dB | SE = 20.778 bit/s/Hz
[65313 ms] [UE 48787] UL: SNR = 63.50 dB | SE = 20.778 bit/s/Hz
[65313 ms] [UE 40252] UL: SNR = 56.00 dB | SE = 18.324 bit/s/Hz
[65313 ms] [UE 15599] UL: SNR = 52.50 dB | SE = 17.179 bit/s/Hz
[65365 ms] [UE 33952] UL: SNR = 63.50 dB | SE = 20.778 bit/s/Hz
[65365 ms] [UE 12169] UL: SNR = 63.50 dB | SE = 20.778 bit/s/Hz
[65365 ms] [UE 22873] UL: SNR = 63.50 dB | SE = 20.778 bit/s/Hz
[65365 ms] [UE 30556] UL: SNR = 53.50 dB | SE = 17.506 bit/s/Hz
[65365 ms] [UE 20945] UL: SNR = 63.50 dB | SE = 20.778 bit/s/Hz
[65423 ms] [UE 45898] UL: SNR = 63.50 dB | SE = 20.778 bit/s/Hz
[65423 ms] [UE 36997] UL: SNR = 63.50 dB | SE = 20.778 bit/s/Hz
[65423 ms] [UE 48787] UL: SNR = 63.50 dB | SE = 20.778 bit/s/Hz
[65423 ms] [UE 40252] UL: SNR = 56.00 dB | SE = 18.324 bit/s/Hz
[65423 ms] [UE 15599] UL: SNR = 52.50 dB | SE = 17.179 bit/s/Hz
[65476 ms] [UE 33952] UL: SNR = 63.50 dB | SE = 20.778 bit/s/Hz
[65476 ms] [UE 12169] UL: SNR = 63.50 dB | SE = 20.778 bit/s/Hz
[65476 ms] [UE 22873] UL: SNR = 63.50 dB | SE = 20.778 bit/s/Hz
[65476 ms] [UE 30556] UL: SNR = 54.00 dB | SE = 17.669 bit/s/Hz
[65476 ms] [UE 20945] UL: SNR = 63.50 dB | SE = 20.778 bit/s/Hz
[65523 ms] [UE 45898] UL: SNR = 63.50 dB | SE = 20.778 bit/s/Hz
[65523 ms] [UE 36997] UL: SNR = 63.50 dB | SE = 20.778 bit/s/Hz
[65523 ms] [UE 48787] UL: SNR = 63.50 dB | SE = 20.778 bit/s/Hz
[65523 ms] [UE 40252] UL: SNR = 56.00 dB | SE = 18.324 bit/s/Hz
[65523 ms] [UE 15599] UL: SNR = 52.50 dB | SE = 17.179 bit/s/Hz
[65586 ms] [UE 33952] UL: SNR = 63.50 dB | SE = 20.778 bit/s/Hz
[65586 ms] [UE 12169] UL: SNR = 63.50 dB | SE = 20.778 bit/s/Hz
[65586 ms] [UE 22873] UL: SNR = 63.50 dB | SE = 20.778 bit/s/Hz
[65586 ms] [UE 30556] UL: SNR = 54.00 dB | SE = 17.669 bit/s/Hz
[65586 ms] [UE 20945] UL: SNR = 63.50 dB | SE = 20.778 bit/s/Hz
[65633 ms] [UE 45898] UL: SNR = 63.50 dB | SE = 20.778 bit/s/Hz
[65633 ms] [UE 36997] UL: SNR = 63.50 dB | SE = 20.778 bit/s/Hz
[65633 ms] [UE 48787] UL: SNR = 63.50 dB | SE = 20.778 bit/s/Hz
[65633 ms] [UE 40252] UL: SNR = 56.00 dB | SE = 18.324 bit/s/Hz
[65633 ms] [UE 15599] UL: SNR = 52.50 dB | SE = 17.179 bit/s/Hz
[65695 ms] [UE 33952] UL: SNR = 63.50 dB | SE = 20.778 bit/s/Hz
[65695 ms] [UE 12169] UL: SNR = 63.50 dB | SE = 20.778 bit/s/Hz
[65695 ms] [UE 22873] UL: SNR = 63.50 dB | SE = 20.778 bit/s/Hz
[65695 ms] [UE 30556] UL: SNR = 54.00 dB | SE = 17.669 bit/s/Hz
[65695 ms] [UE 20945] UL: SNR = 63.50 dB | SE = 20.778 bit/s/Hz
[65733 ms] [UE 45898] UL: SNR = 63.50 dB | SE = 20.778 bit/s/Hz
[65733 ms] [UE 36997] UL: SNR = 63.50 dB | SE = 20.778 bit/s/Hz
[65733 ms] [UE 48787] UL: SNR = 63.50 dB | SE = 20.778 bit/s/Hz
[65733 ms] [UE 40252] UL: SNR = 56.00 dB | SE = 18.324 bit/s/Hz
[65733 ms] [UE 15599] UL: SNR = 52.50 dB | SE = 17.179 bit/s/Hz
[65805 ms] [UE 33952] UL: SNR = 63.50 dB | SE = 20.778 bit/s/Hz
[65805 ms] [UE 12169] UL: SNR = 63.50 dB | SE = 20.778 bit/s/Hz
[65805 ms] [UE 22873] UL: SNR = 63.50 dB | SE = 20.778 bit/s/Hz
[65805 ms] [UE 30556] UL: SNR = 57.00 dB | SE = 18.651 bit/s/Hz
[65805 ms] [UE 20945] UL: SNR = 63.50 dB | SE = 20.778 bit/s/Hz
[65833 ms] [UE 45898] UL: SNR = 63.50 dB | SE = 20.778 bit/s/Hz
[65833 ms] [UE 36997] UL: SNR = 63.50 dB | SE = 20.778 bit/s/Hz
[65833 ms] [UE 48787] UL: SNR = 63.50 dB | SE = 20.778 bit/s/Hz
[65833 ms] [UE 40252] UL: SNR = 56.00 dB | SE = 18.324 bit/s/Hz
[65833 ms] [UE 15599] UL: SNR = 52.50 dB | SE = 17.179 bit/s/Hz
[65915 ms] [UE 33952] UL: SNR = 63.50 dB | SE = 20.778 bit/s/Hz
[65915 ms] [UE 12169] UL: SNR = 63.50 dB | SE = 20.778 bit/s/Hz
[65915 ms] [UE 22873] UL: SNR = 63.50 dB | SE = 20.778 bit/s/Hz
[65915 ms] [UE 30556] UL: SNR = 57.00 dB | SE = 18.651 bit/s/Hz
[65915 ms] [UE 20945] UL: SNR = 63.50 dB | SE = 20.778 bit/s/Hz
[65933 ms] [UE 45898] UL: SNR = 63.50 dB | SE = 20.778 bit/s/Hz
[65933 ms] [UE 36997] UL: SNR = 63.50 dB | SE = 20.778 bit/s/Hz
[65933 ms] [UE 48787] UL: SNR = 63.50 dB | SE = 20.778 bit/s/Hz
[65933 ms] [UE 40252] UL: SNR = 56.00 dB | SE = 18.324 bit/s/Hz
[65933 ms] [UE 15599] UL: SNR = 52.50 dB | SE = 17.179 bit/s/Hz
[66025 ms] [UE 33952] UL: SNR = 63.50 dB | SE = 20.778 bit/s/Hz
[66025 ms] [UE 12169] UL: SNR = 63.50 dB | SE = 20.778 bit/s/Hz
[66025 ms] [UE 22873] UL: SNR = 63.50 dB | SE = 20.778 bit/s/Hz
[66025 ms] [UE 30556] UL: SNR = 54.00 dB | SE = 17.669 bit/s/Hz
[66025 ms] [UE 20945] UL: SNR = 63.50 dB | SE = 20.778 bit/s/Hz
[66043 ms] [UE 45898] UL: SNR = 63.50 dB | SE = 20.778 bit/s/Hz
[66043 ms] [UE 36997] UL: SNR = 63.50 dB | SE = 20.778 bit/s/Hz
[66043 ms] [UE 48787] UL: SNR = 63.50 dB | SE = 20.778 bit/s/Hz
[66043 ms] [UE 40252] UL: SNR = 56.00 dB | SE = 18.324 bit/s/Hz
[66043 ms] [UE 15599] UL: SNR = 52.50 dB | SE = 17.179 bit/s/Hz
[66136 ms] [UE 33952] UL: SNR = 63.50 dB | SE = 20.778 bit/s/Hz
[66136 ms] [UE 12169] UL: SNR = 63.50 dB | SE = 20.778 bit/s/Hz
[66136 ms] [UE 22873] UL: SNR = 63.50 dB | SE = 20.778 bit/s/Hz
[66136 ms] [UE 30556] UL: SNR = 54.00 dB | SE = 17.669 bit/s/Hz
[66136 ms] [UE 20945] UL: SNR = 63.50 dB | SE = 20.778 bit/s/Hz
[66143 ms] [UE 45898] UL: SNR = 63.50 dB | SE = 20.778 bit/s/Hz
[66143 ms] [UE 36997] UL: SNR = 63.50 dB | SE = 20.778 bit/s/Hz
[66143 ms] [UE 48787] UL: SNR = 63.50 dB | SE = 20.778 bit/s/Hz
[66143 ms] [UE 40252] UL: SNR = 56.00 dB | SE = 18.324 bit/s/Hz
[66143 ms] [UE 15599] UL: SNR = 52.50 dB | SE = 17.179 bit/s/Hz
[66245 ms] [UE 33952] UL: SNR = 63.50 dB | SE = 20.778 bit/s/Hz
[66245 ms] [UE 12169] UL: SNR = 63.50 dB | SE = 20.778 bit/s/Hz
[66245 ms] [UE 22873] UL: SNR = 63.50 dB | SE = 20.778 bit/s/Hz
[66245 ms] [UE 30556] UL: SNR = 63.50 dB | SE = 20.778 bit/s/Hz
[66245 ms] [UE 20945] UL: SNR = 63.50 dB | SE = 20.778 bit/s/Hz
[66253 ms] [UE 45898] UL: SNR = 63.50 dB | SE = 20.778 bit/s/Hz
[66253 ms] [UE 36997] UL: SNR = 63.50 dB | SE = 20.778 bit/s/Hz
[66253 ms] [UE 48787] UL: SNR = 63.50 dB | SE = 20.778 bit/s/Hz
[66253 ms] [UE 40252] UL: SNR = 56.00 dB | SE = 18.324 bit/s/Hz
[66253 ms] [UE 15599] UL: SNR = 52.50 dB | SE = 17.179 bit/s/Hz
[66345 ms] [UE 33952] UL: SNR = 63.50 dB | SE = 20.778 bit/s/Hz
[66345 ms] [UE 12169] UL: SNR = 63.50 dB | SE = 20.778 bit/s/Hz
[66345 ms] [UE 22873] UL: SNR = 63.50 dB | SE = 20.778 bit/s/Hz
[66345 ms] [UE 30556] UL: SNR = 63.50 dB | SE = 20.778 bit/s/Hz
[66345 ms] [UE 20945] UL: SNR = 63.50 dB | SE = 20.778 bit/s/Hz
[66363 ms] [UE 45898] UL: SNR = 63.50 dB | SE = 20.778 bit/s/Hz
[66363 ms] [UE 36997] UL: SNR = 63.50 dB | SE = 20.778 bit/s/Hz
[66363 ms] [UE 48787] UL: SNR = 63.50 dB | SE = 20.778 bit/s/Hz
[66363 ms] [UE 40252] UL: SNR = 56.00 dB | SE = 18.324 bit/s/Hz
[66363 ms] [UE 15599] UL: SNR = 52.50 dB | SE = 17.179 bit/s/Hz
[66445 ms] [UE 33952] UL: SNR = 63.50 dB | SE = 20.778 bit/s/Hz
[66445 ms] [UE 12169] UL: SNR = 63.50 dB | SE = 20.778 bit/s/Hz
[66445 ms] [UE 22873] UL: SNR = 63.50 dB | SE = 20.778 bit/s/Hz
[66445 ms] [UE 30556] UL: SNR = 63.50 dB | SE = 20.778 bit/s/Hz
[66445 ms] [UE 20945] UL: SNR = 63.50 dB | SE = 20.778 bit/s/Hz
[66464 ms] [UE 45898] UL: SNR = 63.50 dB | SE = 20.778 bit/s/Hz
[66464 ms] [UE 36997] UL: SNR = 63.50 dB | SE = 20.778 bit/s/Hz
[66464 ms] [UE 48787] UL: SNR = 63.50 dB | SE = 20.778 bit/s/Hz
[66464 ms] [UE 40252] UL: SNR = 56.00 dB | SE = 18.324 bit/s/Hz
[66464 ms] [UE 15599] UL: SNR = 52.50 dB | SE = 17.179 bit/s/Hz
[66555 ms] [UE 33952] UL: SNR = 63.50 dB | SE = 20.778 bit/s/Hz
[66555 ms] [UE 12169] UL: SNR = 63.50 dB | SE = 20.778 bit/s/Hz
[66555 ms] [UE 22873] UL: SNR = 63.50 dB | SE = 20.778 bit/s/Hz
[66555 ms] [UE 30556] UL: SNR = 63.50 dB | SE = 20.778 bit/s/Hz
[66555 ms] [UE 20945] UL: SNR = 63.50 dB | SE = 20.778 bit/s/Hz
[66573 ms] [UE 45898] UL: SNR = 63.50 dB | SE = 20.778 bit/s/Hz
[66573 ms] [UE 36997] UL: SNR = 63.50 dB | SE = 20.778 bit/s/Hz
[66573 ms] [UE 48787] UL: SNR = 63.50 dB | SE = 20.778 bit/s/Hz
[66573 ms] [UE 40252] UL: SNR = 56.00 dB | SE = 18.324 bit/s/Hz
[66573 ms] [UE 15599] UL: SNR = 52.50 dB | SE = 17.179 bit/s/Hz
[66655 ms] [UE 33952] UL: SNR = 63.50 dB | SE = 20.778 bit/s/Hz
[66655 ms] [UE 12169] UL: SNR = 63.50 dB | SE = 20.778 bit/s/Hz
[66655 ms] [UE 22873] UL: SNR = 63.50 dB | SE = 20.778 bit/s/Hz
[66655 ms] [UE 30556] UL: SNR = 63.50 dB | SE = 20.778 bit/s/Hz
[66655 ms] [UE 20945] UL: SNR = 63.50 dB | SE = 20.778 bit/s/Hz
[66673 ms] [UE 45898] UL: SNR = 63.50 dB | SE = 20.778 bit/s/Hz
[66673 ms] [UE 36997] UL: SNR = 63.50 dB | SE = 20.778 bit/s/Hz
[66673 ms] [UE 48787] UL: SNR = 63.50 dB | SE = 20.778 bit/s/Hz
[66673 ms] [UE 40252] UL: SNR = 56.00 dB | SE = 18.324 bit/s/Hz
[66673 ms] [UE 15599] UL: SNR = 52.50 dB | SE = 17.179 bit/s/Hz
[66756 ms] [UE 33952] UL: SNR = 63.50 dB | SE = 20.778 bit/s/Hz
[66756 ms] [UE 12169] UL: SNR = 63.50 dB | SE = 20.778 bit/s/Hz
[66756 ms] [UE 22873] UL: SNR = 63.50 dB | SE = 20.778 bit/s/Hz
[66756 ms] [UE 30556] UL: SNR = 63.50 dB | SE = 20.778 bit/s/Hz
[66756 ms] [UE 20945] UL: SNR = 63.50 dB | SE = 20.778 bit/s/Hz
[66783 ms] [UE 45898] UL: SNR = 63.50 dB | SE = 20.778 bit/s/Hz
[66783 ms] [UE 36997] UL: SNR = 63.50 dB | SE = 20.778 bit/s/Hz
[66783 ms] [UE 48787] UL: SNR = 63.50 dB | SE = 20.778 bit/s/Hz
[66783 ms] [UE 40252] UL: SNR = 56.00 dB | SE = 18.324 bit/s/Hz
[66783 ms] [UE 15599] UL: SNR = 52.50 dB | SE = 17.179 bit/s/Hz
[66865 ms] [UE 33952] UL: SNR = 63.50 dB | SE = 20.778 bit/s/Hz
[66865 ms] [UE 12169] UL: SNR = 63.50 dB | SE = 20.778 bit/s/Hz
[66865 ms] [UE 22873] UL: SNR = 63.50 dB | SE = 20.778 bit/s/Hz
[66865 ms] [UE 30556] UL: SNR = 63.50 dB | SE = 20.778 bit/s/Hz
[66865 ms] [UE 20945] UL: SNR = 63.50 dB | SE = 20.778 bit/s/Hz
[66883 ms] [UE 45898] UL: SNR = 63.50 dB | SE = 20.778 bit/s/Hz
[66883 ms] [UE 36997] UL: SNR = 63.50 dB | SE = 20.778 bit/s/Hz
[66883 ms] [UE 48787] UL: SNR = 63.50 dB | SE = 20.778 bit/s/Hz
[66883 ms] [UE 40252] UL: SNR = 56.00 dB | SE = 18.324 bit/s/Hz
[66883 ms] [UE 15599] UL: SNR = 52.50 dB | SE = 17.179 bit/s/Hz
[66975 ms] [UE 33952] UL: SNR = 63.50 dB | SE = 20.778 bit/s/Hz
[66975 ms] [UE 12169] UL: SNR = 63.50 dB | SE = 20.778 bit/s/Hz
[66975 ms] [UE 22873] UL: SNR = 63.50 dB | SE = 20.778 bit/s/Hz
[66975 ms] [UE 30556] UL: SNR = 63.50 dB | SE = 20.778 bit/s/Hz
[66975 ms] [UE 20945] UL: SNR = 63.50 dB | SE = 20.778 bit/s/Hz
[66984 ms] [UE 45898] UL: SNR = 63.50 dB | SE = 20.778 bit/s/Hz
[66984 ms] [UE 36997] UL: SNR = 63.50 dB | SE = 20.778 bit/s/Hz
[66984 ms] [UE 48787] UL: SNR = 63.50 dB | SE = 20.778 bit/s/Hz
[66984 ms] [UE 40252] UL: SNR = 56.00 dB | SE = 18.324 bit/s/Hz
[66984 ms] [UE 15599] UL: SNR = 52.50 dB | SE = 17.179 bit/s/Hz
[67077 ms] [UE 33952] UL: SNR = 63.50 dB | SE = 20.778 bit/s/Hz
[67077 ms] [UE 12169] UL: SNR = 63.50 dB | SE = 20.778 bit/s/Hz
[67077 ms] [UE 22873] UL: SNR = 63.50 dB | SE = 20.778 bit/s/Hz
[67077 ms] [UE 30556] UL: SNR = 63.50 dB | SE = 20.778 bit/s/Hz
[67077 ms] [UE 20945] UL: SNR = 63.50 dB | SE = 20.778 bit/s/Hz
[67093 ms] [UE 45898] UL: SNR = 63.50 dB | SE = 20.778 bit/s/Hz
[67093 ms] [UE 36997] UL: SNR = 63.50 dB | SE = 20.778 bit/s/Hz
[67093 ms] [UE 48787] UL: SNR = 63.50 dB | SE = 20.778 bit/s/Hz
[67093 ms] [UE 40252] UL: SNR = 56.00 dB | SE = 18.324 bit/s/Hz
[67093 ms] [UE 15599] UL: SNR = 52.50 dB | SE = 17.179 bit/s/Hz
[67185 ms] [UE 33952] UL: SNR = 63.50 dB | SE = 20.778 bit/s/Hz
[67185 ms] [UE 12169] UL: SNR = 63.50 dB | SE = 20.778 bit/s/Hz
[67185 ms] [UE 22873] UL: SNR = 63.50 dB | SE = 20.778 bit/s/Hz
[67185 ms] [UE 30556] UL: SNR = 63.50 dB | SE = 20.778 bit/s/Hz
[67185 ms] [UE 20945] UL: SNR = 63.50 dB | SE = 20.778 bit/s/Hz
[67193 ms] [UE 45898] UL: SNR = 63.50 dB | SE = 20.778 bit/s/Hz
[67193 ms] [UE 36997] UL: SNR = 63.50 dB | SE = 20.778 bit/s/Hz
[67193 ms] [UE 48787] UL: SNR = 63.50 dB | SE = 20.778 bit/s/Hz
[67193 ms] [UE 40252] UL: SNR = 56.00 dB | SE = 18.324 bit/s/Hz
[67193 ms] [UE 15599] UL: SNR = 52.50 dB | SE = 17.179 bit/s/Hz
[67295 ms] [UE 33952] UL: SNR = 63.50 dB | SE = 20.778 bit/s/Hz
[67295 ms] [UE 12169] UL: SNR = 63.50 dB | SE = 20.778 bit/s/Hz
[67295 ms] [UE 22873] UL: SNR = 63.50 dB | SE = 20.778 bit/s/Hz
[67295 ms] [UE 30556] UL: SNR = 63.50 dB | SE = 20.778 bit/s/Hz
[67295 ms] [UE 20945] UL: SNR = 63.50 dB | SE = 20.778 bit/s/Hz
[67303 ms] [UE 45898] UL: SNR = 63.50 dB | SE = 20.778 bit/s/Hz
[67303 ms] [UE 36997] UL: SNR = 63.50 dB | SE = 20.778 bit/s/Hz
[67303 ms] [UE 48787] UL: SNR = 63.50 dB | SE = 20.778 bit/s/Hz
[67303 ms] [UE 40252] UL: SNR = 56.00 dB | SE = 18.324 bit/s/Hz
[67303 ms] [UE 15599] UL: SNR = 52.50 dB | SE = 17.179 bit/s/Hz
[67403 ms] [UE 45898] UL: SNR = 63.50 dB | SE = 20.778 bit/s/Hz
[67403 ms] [UE 36997] UL: SNR = 63.50 dB | SE = 20.778 bit/s/Hz
[67403 ms] [UE 48787] UL: SNR = 63.50 dB | SE = 20.778 bit/s/Hz
[67403 ms] [UE 40252] UL: SNR = 56.00 dB | SE = 18.324 bit/s/Hz
[67403 ms] [UE 15599] UL: SNR = 52.50 dB | SE = 17.179 bit/s/Hz
[67405 ms] [UE 33952] UL: SNR = 63.50 dB | SE = 20.778 bit/s/Hz
[67405 ms] [UE 12169] UL: SNR = 63.50 dB | SE = 20.778 bit/s/Hz
[67405 ms] [UE 22873] UL: SNR = 63.50 dB | SE = 20.778 bit/s/Hz
[67405 ms] [UE 30556] UL: SNR = 63.50 dB | SE = 20.778 bit/s/Hz
[67405 ms] [UE 20945] UL: SNR = 63.50 dB | SE = 20.778 bit/s/Hz
[67503 ms] [UE 45898] UL: SNR = 63.50 dB | SE = 20.778 bit/s/Hz
[67503 ms] [UE 36997] UL: SNR = 63.50 dB | SE = 20.778 bit/s/Hz
[67503 ms] [UE 48787] UL: SNR = 63.50 dB | SE = 20.778 bit/s/Hz
[67503 ms] [UE 40252] UL: SNR = 56.00 dB | SE = 18.324 bit/s/Hz
[67503 ms] [UE 15599] UL: SNR = 52.50 dB | SE = 17.179 bit/s/Hz
[67505 ms] [UE 33952] UL: SNR = 63.50 dB | SE = 20.778 bit/s/Hz
[67505 ms] [UE 12169] UL: SNR = 63.50 dB | SE = 20.778 bit/s/Hz
[67505 ms] [UE 22873] UL: SNR = 63.50 dB | SE = 20.778 bit/s/Hz
[67505 ms] [UE 30556] UL: SNR = 63.50 dB | SE = 20.778 bit/s/Hz
[67505 ms] [UE 20945] UL: SNR = 63.50 dB | SE = 20.778 bit/s/Hz
[67603 ms] [UE 45898] UL: SNR = 63.50 dB | SE = 20.778 bit/s/Hz
[67603 ms] [UE 36997] UL: SNR = 63.50 dB | SE = 20.778 bit/s/Hz
[67603 ms] [UE 48787] UL: SNR = 63.50 dB | SE = 20.778 bit/s/Hz
[67603 ms] [UE 40252] UL: SNR = 56.00 dB | SE = 18.324 bit/s/Hz
[67603 ms] [UE 15599] UL: SNR = 52.50 dB | SE = 17.179 bit/s/Hz
[67606 ms] [UE 33952] UL: SNR = 63.50 dB | SE = 20.778 bit/s/Hz
[67606 ms] [UE 12169] UL: SNR = 63.50 dB | SE = 20.778 bit/s/Hz
[67606 ms] [UE 22873] UL: SNR = 63.50 dB | SE = 20.778 bit/s/Hz
[67606 ms] [UE 30556] UL: SNR = 63.50 dB | SE = 20.778 bit/s/Hz
[67606 ms] [UE 20945] UL: SNR = 63.50 dB | SE = 20.778 bit/s/Hz
[67703 ms] [UE 45898] UL: SNR = 63.50 dB | SE = 20.778 bit/s/Hz
[67703 ms] [UE 36997] UL: SNR = 63.50 dB | SE = 20.778 bit/s/Hz
[67703 ms] [UE 48787] UL: SNR = 63.50 dB | SE = 20.778 bit/s/Hz
[67703 ms] [UE 40252] UL: SNR = 56.00 dB | SE = 18.324 bit/s/Hz
[67703 ms] [UE 15599] UL: SNR = 52.50 dB | SE = 17.179 bit/s/Hz
[67715 ms] [UE 33952] UL: SNR = 63.50 dB | SE = 20.778 bit/s/Hz
[67715 ms] [UE 12169] UL: SNR = 63.50 dB | SE = 20.778 bit/s/Hz
[67715 ms] [UE 22873] UL: SNR = 63.50 dB | SE = 20.778 bit/s/Hz
[67715 ms] [UE 30556] UL: SNR = 63.50 dB | SE = 20.778 bit/s/Hz
[67715 ms] [UE 20945] UL: SNR = 63.50 dB | SE = 20.778 bit/s/Hz
[67813 ms] [UE 45898] UL: SNR = 63.50 dB | SE = 20.778 bit/s/Hz
[67813 ms] [UE 36997] UL: SNR = 63.50 dB | SE = 20.778 bit/s/Hz
[67813 ms] [UE 48787] UL: SNR = 63.50 dB | SE = 20.778 bit/s/Hz
[67813 ms] [UE 40252] UL: SNR = 56.00 dB | SE = 18.324 bit/s/Hz
[67813 ms] [UE 15599] UL: SNR = 52.50 dB | SE = 17.179 bit/s/Hz
[67815 ms] [UE 33952] UL: SNR = 63.50 dB | SE = 20.778 bit/s/Hz
[67815 ms] [UE 12169] UL: SNR = 63.50 dB | SE = 20.778 bit/s/Hz
[67815 ms] [UE 22873] UL: SNR = 63.50 dB | SE = 20.778 bit/s/Hz
[67815 ms] [UE 30556] UL: SNR = 63.50 dB | SE = 20.778 bit/s/Hz
[67815 ms] [UE 20945] UL: SNR = 63.50 dB | SE = 20.778 bit/s/Hz
[67913 ms] [UE 45898] UL: SNR = 63.50 dB | SE = 20.778 bit/s/Hz
[67913 ms] [UE 36997] UL: SNR = 63.50 dB | SE = 20.778 bit/s/Hz
[67913 ms] [UE 48787] UL: SNR = 63.50 dB | SE = 20.778 bit/s/Hz
[67913 ms] [UE 40252] UL: SNR = 56.00 dB | SE = 18.324 bit/s/Hz
[67913 ms] [UE 15599] UL: SNR = 52.50 dB | SE = 17.179 bit/s/Hz
[67915 ms] [UE 33952] UL: SNR = 63.50 dB | SE = 20.778 bit/s/Hz
[67915 ms] [UE 12169] UL: SNR = 63.50 dB | SE = 20.778 bit/s/Hz
[67915 ms] [UE 22873] UL: SNR = 63.50 dB | SE = 20.778 bit/s/Hz
[67915 ms] [UE 30556] UL: SNR = 63.50 dB | SE = 20.778 bit/s/Hz
[67915 ms] [UE 20945] UL: SNR = 63.50 dB | SE = 20.778 bit/s/Hz
[68023 ms] [UE 45898] UL: SNR = 63.50 dB | SE = 20.778 bit/s/Hz
[68023 ms] [UE 36997] UL: SNR = 63.50 dB | SE = 20.778 bit/s/Hz
[68023 ms] [UE 48787] UL: SNR = 63.50 dB | SE = 20.778 bit/s/Hz
[68023 ms] [UE 40252] UL: SNR = 56.00 dB | SE = 18.324 bit/s/Hz
[68023 ms] [UE 15599] UL: SNR = 52.50 dB | SE = 17.179 bit/s/Hz
[68025 ms] [UE 33952] UL: SNR = 63.50 dB | SE = 20.778 bit/s/Hz
[68025 ms] [UE 12169] UL: SNR = 63.50 dB | SE = 20.778 bit/s/Hz
[68025 ms] [UE 22873] UL: SNR = 63.50 dB | SE = 20.778 bit/s/Hz
[68025 ms] [UE 30556] UL: SNR = 63.50 dB | SE = 20.778 bit/s/Hz
[68025 ms] [UE 20945] UL: SNR = 63.50 dB | SE = 20.778 bit/s/Hz
[68123 ms] [UE 45898] UL: SNR = 63.50 dB | SE = 20.778 bit/s/Hz
[68123 ms] [UE 36997] UL: SNR = 63.50 dB | SE = 20.778 bit/s/Hz
[68123 ms] [UE 48787] UL: SNR = 63.50 dB | SE = 20.778 bit/s/Hz
[68123 ms] [UE 40252] UL: SNR = 56.00 dB | SE = 18.324 bit/s/Hz
[68123 ms] [UE 15599] UL: SNR = 52.50 dB | SE = 17.179 bit/s/Hz
[68125 ms] [UE 33952] UL: SNR = 63.50 dB | SE = 20.778 bit/s/Hz
[68125 ms] [UE 12169] UL: SNR = 63.50 dB | SE = 20.778 bit/s/Hz
[68125 ms] [UE 22873] UL: SNR = 63.50 dB | SE = 20.778 bit/s/Hz
[68125 ms] [UE 30556] UL: SNR = 63.50 dB | SE = 20.778 bit/s/Hz
[68125 ms] [UE 20945] UL: SNR = 63.50 dB | SE = 20.778 bit/s/Hz
[68225 ms] [UE 33952] UL: SNR = 63.50 dB | SE = 20.778 bit/s/Hz
[68225 ms] [UE 12169] UL: SNR = 63.50 dB | SE = 20.778 bit/s/Hz
[68225 ms] [UE 22873] UL: SNR = 63.50 dB | SE = 20.778 bit/s/Hz
[68225 ms] [UE 30556] UL: SNR = 63.50 dB | SE = 20.778 bit/s/Hz
[68225 ms] [UE 20945] UL: SNR = 63.50 dB | SE = 20.778 bit/s/Hz
[68234 ms] [UE 45898] UL: SNR = 63.50 dB | SE = 20.778 bit/s/Hz
[68234 ms] [UE 36997] UL: SNR = 63.50 dB | SE = 20.778 bit/s/Hz
[68234 ms] [UE 48787] UL: SNR = 63.50 dB | SE = 20.778 bit/s/Hz
[68234 ms] [UE 40252] UL: SNR = 56.00 dB | SE = 18.324 bit/s/Hz
[68234 ms] [UE 15599] UL: SNR = 52.50 dB | SE = 17.179 bit/s/Hz
[68335 ms] [UE 33952] UL: SNR = 63.50 dB | SE = 20.778 bit/s/Hz
[68335 ms] [UE 12169] UL: SNR = 63.50 dB | SE = 20.778 bit/s/Hz
[68335 ms] [UE 22873] UL: SNR = 63.50 dB | SE = 20.778 bit/s/Hz
[68335 ms] [UE 30556] UL: SNR = 63.50 dB | SE = 20.778 bit/s/Hz
[68335 ms] [UE 20945] UL: SNR = 63.50 dB | SE = 20.778 bit/s/Hz
[68343 ms] [UE 45898] UL: SNR = 63.50 dB | SE = 20.778 bit/s/Hz
[68343 ms] [UE 36997] UL: SNR = 63.50 dB | SE = 20.778 bit/s/Hz
[68343 ms] [UE 48787] UL: SNR = 63.50 dB | SE = 20.778 bit/s/Hz
[68343 ms] [UE 40252] UL: SNR = 56.00 dB | SE = 18.324 bit/s/Hz
[68343 ms] [UE 15599] UL: SNR = 52.50 dB | SE = 17.179 bit/s/Hz
[68443 ms] [UE 45898] UL: SNR = 63.50 dB | SE = 20.778 bit/s/Hz
[68443 ms] [UE 36997] UL: SNR = 63.50 dB | SE = 20.778 bit/s/Hz
[68443 ms] [UE 48787] UL: SNR = 63.50 dB | SE = 20.778 bit/s/Hz
[68443 ms] [UE 40252] UL: SNR = 56.00 dB | SE = 18.324 bit/s/Hz
[68443 ms] [UE 15599] UL: SNR = 52.50 dB | SE = 17.179 bit/s/Hz
[68445 ms] [UE 33952] UL: SNR = 63.50 dB | SE = 20.778 bit/s/Hz
[68445 ms] [UE 12169] UL: SNR = 63.50 dB | SE = 20.778 bit/s/Hz
[68445 ms] [UE 22873] UL: SNR = 63.50 dB | SE = 20.778 bit/s/Hz
[68445 ms] [UE 30556] UL: SNR = 7.50 dB | SE = 2.687 bit/s/Hz
[68445 ms] [UE 20945] UL: SNR = 63.50 dB | SE = 20.778 bit/s/Hz
[68545 ms] [UE 33952] UL: SNR = 63.50 dB | SE = 20.778 bit/s/Hz
[68545 ms] [UE 12169] UL: SNR = 63.50 dB | SE = 20.778 bit/s/Hz
[68545 ms] [UE 22873] UL: SNR = 63.50 dB | SE = 20.778 bit/s/Hz
[68545 ms] [UE 30556] UL: SNR = 7.50 dB | SE = 2.687 bit/s/Hz
[68545 ms] [UE 20945] UL: SNR = 63.50 dB | SE = 20.778 bit/s/Hz
[68553 ms] [UE 45898] UL: SNR = 63.50 dB | SE = 20.778 bit/s/Hz
[68553 ms] [UE 36997] UL: SNR = 63.50 dB | SE = 20.778 bit/s/Hz
[68553 ms] [UE 48787] UL: SNR = 63.50 dB | SE = 20.778 bit/s/Hz
[68553 ms] [UE 40252] UL: SNR = 56.00 dB | SE = 18.324 bit/s/Hz
[68553 ms] [UE 15599] UL: SNR = 52.50 dB | SE = 17.179 bit/s/Hz
[68653 ms] [UE 45898] UL: SNR = 63.50 dB | SE = 20.778 bit/s/Hz
[68653 ms] [UE 36997] UL: SNR = 63.50 dB | SE = 20.778 bit/s/Hz
[68653 ms] [UE 48787] UL: SNR = 63.50 dB | SE = 20.778 bit/s/Hz
[68653 ms] [UE 40252] UL: SNR = 56.00 dB | SE = 18.324 bit/s/Hz
[68653 ms] [UE 15599] UL: SNR = 52.50 dB | SE = 17.179 bit/s/Hz
[68655 ms] [UE 33952] UL: SNR = 63.50 dB | SE = 20.778 bit/s/Hz
[68655 ms] [UE 12169] UL: SNR = 63.50 dB | SE = 20.778 bit/s/Hz
[68655 ms] [UE 22873] UL: SNR = 63.50 dB | SE = 20.778 bit/s/Hz
[68655 ms] [UE 30556] UL: SNR = 7.50 dB | SE = 2.687 bit/s/Hz
[68655 ms] [UE 20945] UL: SNR = 63.50 dB | SE = 20.778 bit/s/Hz
[68763 ms] [UE 45898] UL: SNR = 63.50 dB | SE = 20.778 bit/s/Hz
[68763 ms] [UE 36997] UL: SNR = 63.50 dB | SE = 20.778 bit/s/Hz
[68763 ms] [UE 48787] UL: SNR = 63.50 dB | SE = 20.778 bit/s/Hz
[68763 ms] [UE 40252] UL: SNR = 56.00 dB | SE = 18.324 bit/s/Hz
[68763 ms] [UE 15599] UL: SNR = 52.50 dB | SE = 17.179 bit/s/Hz
[68765 ms] [UE 33952] UL: SNR = 63.50 dB | SE = 20.778 bit/s/Hz
[68765 ms] [UE 12169] UL: SNR = 63.50 dB | SE = 20.778 bit/s/Hz
[68765 ms] [UE 22873] UL: SNR = 63.50 dB | SE = 20.778 bit/s/Hz
[68765 ms] [UE 30556] UL: SNR = 7.50 dB | SE = 2.687 bit/s/Hz
[68765 ms] [UE 20945] UL: SNR = 63.50 dB | SE = 20.778 bit/s/Hz
[68865 ms] [UE 33952] UL: SNR = 63.50 dB | SE = 20.778 bit/s/Hz
[68865 ms] [UE 12169] UL: SNR = 63.50 dB | SE = 20.778 bit/s/Hz
[68865 ms] [UE 22873] UL: SNR = 63.50 dB | SE = 20.778 bit/s/Hz
[68865 ms] [UE 30556] UL: SNR = 7.50 dB | SE = 2.687 bit/s/Hz
[68865 ms] [UE 20945] UL: SNR = 63.50 dB | SE = 20.778 bit/s/Hz
[68873 ms] [UE 45898] UL: SNR = 63.50 dB | SE = 20.778 bit/s/Hz
[68873 ms] [UE 36997] UL: SNR = 63.50 dB | SE = 20.778 bit/s/Hz
[68873 ms] [UE 48787] UL: SNR = 63.50 dB | SE = 20.778 bit/s/Hz
[68873 ms] [UE 40252] UL: SNR = 56.00 dB | SE = 18.324 bit/s/Hz
[68873 ms] [UE 15599] UL: SNR = 52.50 dB | SE = 17.179 bit/s/Hz
[68975 ms] [UE 33952] UL: SNR = 63.50 dB | SE = 20.778 bit/s/Hz
[68975 ms] [UE 12169] UL: SNR = 63.50 dB | SE = 20.778 bit/s/Hz
[68975 ms] [UE 22873] UL: SNR = 63.50 dB | SE = 20.778 bit/s/Hz
[68975 ms] [UE 30556] UL: SNR = 7.50 dB | SE = 2.687 bit/s/Hz
[68975 ms] [UE 20945] UL: SNR = 63.50 dB | SE = 20.778 bit/s/Hz
[68983 ms] [UE 45898] UL: SNR = 63.50 dB | SE = 20.778 bit/s/Hz
[68983 ms] [UE 36997] UL: SNR = 63.50 dB | SE = 20.778 bit/s/Hz
[68983 ms] [UE 48787] UL: SNR = 63.50 dB | SE = 20.778 bit/s/Hz
[68983 ms] [UE 40252] UL: SNR = 56.00 dB | SE = 18.324 bit/s/Hz
[68983 ms] [UE 15599] UL: SNR = 52.50 dB | SE = 17.179 bit/s/Hz
[69075 ms] [UE 33952] UL: SNR = 63.50 dB | SE = 20.778 bit/s/Hz
[69075 ms] [UE 12169] UL: SNR = 63.50 dB | SE = 20.778 bit/s/Hz
[69075 ms] [UE 22873] UL: SNR = 63.50 dB | SE = 20.778 bit/s/Hz
[69075 ms] [UE 30556] UL: SNR = 53.50 dB | SE = 17.506 bit/s/Hz
[69075 ms] [UE 20945] UL: SNR = 63.50 dB | SE = 20.778 bit/s/Hz
[69083 ms] [UE 45898] UL: SNR = 63.50 dB | SE = 20.778 bit/s/Hz
[69083 ms] [UE 36997] UL: SNR = 63.50 dB | SE = 20.778 bit/s/Hz
[69083 ms] [UE 48787] UL: SNR = 63.50 dB | SE = 20.778 bit/s/Hz
[69083 ms] [UE 40252] UL: SNR = 56.00 dB | SE = 18.324 bit/s/Hz
[69083 ms] [UE 15599] UL: SNR = 52.50 dB | SE = 17.179 bit/s/Hz
[69185 ms] [UE 33952] UL: SNR = 63.50 dB | SE = 20.778 bit/s/Hz
[69185 ms] [UE 12169] UL: SNR = 63.50 dB | SE = 20.778 bit/s/Hz
[69185 ms] [UE 22873] UL: SNR = 63.50 dB | SE = 20.778 bit/s/Hz
[69185 ms] [UE 30556] UL: SNR = 53.50 dB | SE = 17.506 bit/s/Hz
[69185 ms] [UE 20945] UL: SNR = 63.50 dB | SE = 20.778 bit/s/Hz
[69193 ms] [UE 45898] UL: SNR = 63.50 dB | SE = 20.778 bit/s/Hz
[69193 ms] [UE 36997] UL: SNR = 63.50 dB | SE = 20.778 bit/s/Hz
[69193 ms] [UE 48787] UL: SNR = 63.50 dB | SE = 20.778 bit/s/Hz
[69193 ms] [UE 40252] UL: SNR = 56.00 dB | SE = 18.324 bit/s/Hz
[69193 ms] [UE 15599] UL: SNR = 52.50 dB | SE = 17.179 bit/s/Hz
[69285 ms] [UE 33952] UL: SNR = 63.50 dB | SE = 20.778 bit/s/Hz
[69285 ms] [UE 12169] UL: SNR = 63.50 dB | SE = 20.778 bit/s/Hz
[69285 ms] [UE 22873] UL: SNR = 63.50 dB | SE = 20.778 bit/s/Hz
[69285 ms] [UE 30556] UL: SNR = 53.50 dB | SE = 17.506 bit/s/Hz
[69285 ms] [UE 20945] UL: SNR = 63.50 dB | SE = 20.778 bit/s/Hz
[69294 ms] [UE 45898] UL: SNR = 63.50 dB | SE = 20.778 bit/s/Hz
[69294 ms] [UE 36997] UL: SNR = 63.50 dB | SE = 20.778 bit/s/Hz
[69294 ms] [UE 48787] UL: SNR = 63.50 dB | SE = 20.778 bit/s/Hz
[69294 ms] [UE 40252] UL: SNR = 56.00 dB | SE = 18.324 bit/s/Hz
[69294 ms] [UE 15599] UL: SNR = 52.50 dB | SE = 17.179 bit/s/Hz
[69395 ms] [UE 33952] UL: SNR = 63.50 dB | SE = 20.778 bit/s/Hz
[69395 ms] [UE 12169] UL: SNR = 63.50 dB | SE = 20.778 bit/s/Hz
[69395 ms] [UE 22873] UL: SNR = 63.50 dB | SE = 20.778 bit/s/Hz
[69395 ms] [UE 30556] UL: SNR = 54.00 dB | SE = 17.669 bit/s/Hz
[69395 ms] [UE 20945] UL: SNR = 63.50 dB | SE = 20.778 bit/s/Hz
[69403 ms] [UE 45898] UL: SNR = 63.50 dB | SE = 20.778 bit/s/Hz
[69403 ms] [UE 36997] UL: SNR = 63.50 dB | SE = 20.778 bit/s/Hz
[69403 ms] [UE 48787] UL: SNR = 63.50 dB | SE = 20.778 bit/s/Hz
[69403 ms] [UE 40252] UL: SNR = 56.00 dB | SE = 18.324 bit/s/Hz
[69403 ms] [UE 15599] UL: SNR = 52.50 dB | SE = 17.179 bit/s/Hz
[69496 ms] [UE 33952] UL: SNR = 63.50 dB | SE = 20.778 bit/s/Hz
[69496 ms] [UE 12169] UL: SNR = 63.50 dB | SE = 20.778 bit/s/Hz
[69496 ms] [UE 22873] UL: SNR = 63.50 dB | SE = 20.778 bit/s/Hz
[69496 ms] [UE 30556] UL: SNR = 54.00 dB | SE = 17.669 bit/s/Hz
[69496 ms] [UE 20945] UL: SNR = 63.50 dB | SE = 20.778 bit/s/Hz
[69504 ms] [UE 45898] UL: SNR = 63.50 dB | SE = 20.778 bit/s/Hz
[69504 ms] [UE 36997] UL: SNR = 63.50 dB | SE = 20.778 bit/s/Hz
[69504 ms] [UE 48787] UL: SNR = 63.50 dB | SE = 20.778 bit/s/Hz
[69504 ms] [UE 40252] UL: SNR = 56.00 dB | SE = 18.324 bit/s/Hz
[69504 ms] [UE 15599] UL: SNR = 52.50 dB | SE = 17.179 bit/s/Hz
[69608 ms] [UE 33952] UL: SNR = 63.50 dB | SE = 20.778 bit/s/Hz
[69608 ms] [UE 12169] UL: SNR = 63.50 dB | SE = 20.778 bit/s/Hz
[69608 ms] [UE 22873] UL: SNR = 63.50 dB | SE = 20.778 bit/s/Hz
[69608 ms] [UE 30556] UL: SNR = 63.50 dB | SE = 20.778 bit/s/Hz
[69608 ms] [UE 20945] UL: SNR = 63.50 dB | SE = 20.778 bit/s/Hz
[69613 ms] [UE 45898] UL: SNR = 63.50 dB | SE = 20.778 bit/s/Hz
[69613 ms] [UE 36997] UL: SNR = 63.50 dB | SE = 20.778 bit/s/Hz
[69613 ms] [UE 48787] UL: SNR = 63.50 dB | SE = 20.778 bit/s/Hz
[69613 ms] [UE 40252] UL: SNR = 56.00 dB | SE = 18.324 bit/s/Hz
[69613 ms] [UE 15599] UL: SNR = 52.50 dB | SE = 17.179 bit/s/Hz
[69718 ms] [UE 33952] UL: SNR = 63.50 dB | SE = 20.778 bit/s/Hz
[69718 ms] [UE 12169] UL: SNR = 63.50 dB | SE = 20.778 bit/s/Hz
[69718 ms] [UE 22873] UL: SNR = 63.50 dB | SE = 20.778 bit/s/Hz
[69718 ms] [UE 30556] UL: SNR = 63.50 dB | SE = 20.778 bit/s/Hz
[69718 ms] [UE 20945] UL: SNR = 63.50 dB | SE = 20.778 bit/s/Hz
[69724 ms] [UE 45898] UL: SNR = 63.50 dB | SE = 20.778 bit/s/Hz
[69724 ms] [UE 36997] UL: SNR = 63.50 dB | SE = 20.778 bit/s/Hz
[69724 ms] [UE 48787] UL: SNR = 63.50 dB | SE = 20.778 bit/s/Hz
[69724 ms] [UE 40252] UL: SNR = 56.00 dB | SE = 18.324 bit/s/Hz
[69724 ms] [UE 15599] UL: SNR = 52.50 dB | SE = 17.179 bit/s/Hz
[69825 ms] [UE 33952] UL: SNR = 63.50 dB | SE = 20.778 bit/s/Hz
[69825 ms] [UE 12169] UL: SNR = 63.50 dB | SE = 20.778 bit/s/Hz
[69825 ms] [UE 22873] UL: SNR = 63.50 dB | SE = 20.778 bit/s/Hz
[69825 ms] [UE 30556] UL: SNR = 54.00 dB | SE = 17.669 bit/s/Hz
[69825 ms] [UE 20945] UL: SNR = 63.50 dB | SE = 20.778 bit/s/Hz
[69833 ms] [UE 45898] UL: SNR = 63.50 dB | SE = 20.778 bit/s/Hz
[69833 ms] [UE 36997] UL: SNR = 63.50 dB | SE = 20.778 bit/s/Hz
[69833 ms] [UE 48787] UL: SNR = 63.50 dB | SE = 20.778 bit/s/Hz
[69833 ms] [UE 40252] UL: SNR = 56.00 dB | SE = 18.324 bit/s/Hz
[69833 ms] [UE 15599] UL: SNR = 52.50 dB | SE = 17.179 bit/s/Hz
[69933 ms] [UE 45898] UL: SNR = 63.50 dB | SE = 20.778 bit/s/Hz
[69933 ms] [UE 36997] UL: SNR = 63.50 dB | SE = 20.778 bit/s/Hz
[69933 ms] [UE 48787] UL: SNR = 63.50 dB | SE = 20.778 bit/s/Hz
[69933 ms] [UE 40252] UL: SNR = 56.00 dB | SE = 18.324 bit/s/Hz
[69933 ms] [UE 15599] UL: SNR = 52.50 dB | SE = 17.179 bit/s/Hz
[69935 ms] [UE 33952] UL: SNR = 63.50 dB | SE = 20.778 bit/s/Hz
[69935 ms] [UE 12169] UL: SNR = 63.50 dB | SE = 20.778 bit/s/Hz
[69935 ms] [UE 22873] UL: SNR = 63.50 dB | SE = 20.778 bit/s/Hz
[69935 ms] [UE 30556] UL: SNR = 54.00 dB | SE = 17.669 bit/s/Hz
[69935 ms] [UE 20945] UL: SNR = 63.50 dB | SE = 20.778 bit/s/Hz
[70033 ms] [UE 45898] UL: SNR = 63.50 dB | SE = 20.778 bit/s/Hz
[70033 ms] [UE 36997] UL: SNR = 63.50 dB | SE = 20.778 bit/s/Hz
[70033 ms] [UE 48787] UL: SNR = 63.50 dB | SE = 20.778 bit/s/Hz
[70033 ms] [UE 40252] UL: SNR = 56.00 dB | SE = 18.324 bit/s/Hz
[70033 ms] [UE 15599] UL: SNR = 52.50 dB | SE = 17.179 bit/s/Hz
[70035 ms] [UE 33952] UL: SNR = 63.50 dB | SE = 20.778 bit/s/Hz
[70035 ms] [UE 12169] UL: SNR = 63.50 dB | SE = 20.778 bit/s/Hz
[70035 ms] [UE 22873] UL: SNR = 63.50 dB | SE = 20.778 bit/s/Hz
[70035 ms] [UE 30556] UL: SNR = 63.50 dB | SE = 20.778 bit/s/Hz
[70035 ms] [UE 20945] UL: SNR = 63.50 dB | SE = 20.778 bit/s/Hz
[70143 ms] [UE 45898] UL: SNR = 63.50 dB | SE = 20.778 bit/s/Hz
[70143 ms] [UE 36997] UL: SNR = 63.50 dB | SE = 20.778 bit/s/Hz
[70143 ms] [UE 48787] UL: SNR = 63.50 dB | SE = 20.778 bit/s/Hz
[70143 ms] [UE 40252] UL: SNR = 56.00 dB | SE = 18.324 bit/s/Hz
[70143 ms] [UE 15599] UL: SNR = 52.50 dB | SE = 17.179 bit/s/Hz
[70145 ms] [UE 33952] UL: SNR = 63.50 dB | SE = 20.778 bit/s/Hz
[70145 ms] [UE 12169] UL: SNR = 63.50 dB | SE = 20.778 bit/s/Hz
[70145 ms] [UE 22873] UL: SNR = 63.50 dB | SE = 20.778 bit/s/Hz
[70145 ms] [UE 30556] UL: SNR = 63.50 dB | SE = 20.778 bit/s/Hz
[70145 ms] [UE 20945] UL: SNR = 63.50 dB | SE = 20.778 bit/s/Hz
[70243 ms] [UE 45898] UL: SNR = 63.50 dB | SE = 20.778 bit/s/Hz
[70243 ms] [UE 36997] UL: SNR = 63.50 dB | SE = 20.778 bit/s/Hz
[70243 ms] [UE 48787] UL: SNR = 63.50 dB | SE = 20.778 bit/s/Hz
[70243 ms] [UE 40252] UL: SNR = 56.00 dB | SE = 18.324 bit/s/Hz
[70243 ms] [UE 15599] UL: SNR = 52.50 dB | SE = 17.179 bit/s/Hz
[70245 ms] [UE 33952] UL: SNR = 63.50 dB | SE = 20.778 bit/s/Hz
[70245 ms] [UE 12169] UL: SNR = 63.50 dB | SE = 20.778 bit/s/Hz
[70245 ms] [UE 22873] UL: SNR = 63.50 dB | SE = 20.778 bit/s/Hz
[70245 ms] [UE 30556] UL: SNR = 63.50 dB | SE = 20.778 bit/s/Hz
[70245 ms] [UE 20945] UL: SNR = 63.50 dB | SE = 20.778 bit/s/Hz
[70345 ms] [UE 33952] UL: SNR = 63.50 dB | SE = 20.778 bit/s/Hz
[70345 ms] [UE 12169] UL: SNR = 63.50 dB | SE = 20.778 bit/s/Hz
[70345 ms] [UE 22873] UL: SNR = 63.50 dB | SE = 20.778 bit/s/Hz
[70345 ms] [UE 30556] UL: SNR = 63.50 dB | SE = 20.778 bit/s/Hz
[70345 ms] [UE 20945] UL: SNR = 63.50 dB | SE = 20.778 bit/s/Hz
[70353 ms] [UE 45898] UL: SNR = 63.50 dB | SE = 20.778 bit/s/Hz
[70353 ms] [UE 36997] UL: SNR = 63.50 dB | SE = 20.778 bit/s/Hz
[70353 ms] [UE 48787] UL: SNR = 63.50 dB | SE = 20.778 bit/s/Hz
[70353 ms] [UE 40252] UL: SNR = 56.00 dB | SE = 18.324 bit/s/Hz
[70353 ms] [UE 15599] UL: SNR = 52.50 dB | SE = 17.179 bit/s/Hz
[70445 ms] [UE 33952] UL: SNR = 63.50 dB | SE = 20.778 bit/s/Hz
[70445 ms] [UE 12169] UL: SNR = 63.50 dB | SE = 20.778 bit/s/Hz
[70445 ms] [UE 22873] UL: SNR = 63.50 dB | SE = 20.778 bit/s/Hz
[70445 ms] [UE 30556] UL: SNR = 63.50 dB | SE = 20.778 bit/s/Hz
[70445 ms] [UE 20945] UL: SNR = 63.50 dB | SE = 20.778 bit/s/Hz
[70463 ms] [UE 45898] UL: SNR = 63.50 dB | SE = 20.778 bit/s/Hz
[70463 ms] [UE 36997] UL: SNR = 63.50 dB | SE = 20.778 bit/s/Hz
[70463 ms] [UE 48787] UL: SNR = 63.50 dB | SE = 20.778 bit/s/Hz
[70463 ms] [UE 40252] UL: SNR = 56.00 dB | SE = 18.324 bit/s/Hz
[70463 ms] [UE 15599] UL: SNR = 52.50 dB | SE = 17.179 bit/s/Hz
[70555 ms] [UE 33952] UL: SNR = 63.50 dB | SE = 20.778 bit/s/Hz
[70555 ms] [UE 12169] UL: SNR = 63.50 dB | SE = 20.778 bit/s/Hz
[70555 ms] [UE 22873] UL: SNR = 63.50 dB | SE = 20.778 bit/s/Hz
[70555 ms] [UE 30556] UL: SNR = 63.50 dB | SE = 20.778 bit/s/Hz
[70555 ms] [UE 20945] UL: SNR = 63.50 dB | SE = 20.778 bit/s/Hz
[70563 ms] [UE 45898] UL: SNR = 63.50 dB | SE = 20.778 bit/s/Hz
[70563 ms] [UE 36997] UL: SNR = 63.50 dB | SE = 20.778 bit/s/Hz
[70563 ms] [UE 48787] UL: SNR = 63.50 dB | SE = 20.778 bit/s/Hz
[70563 ms] [UE 40252] UL: SNR = 56.00 dB | SE = 18.324 bit/s/Hz
[70563 ms] [UE 15599] UL: SNR = 52.50 dB | SE = 17.179 bit/s/Hz
[70665 ms] [UE 33952] UL: SNR = 63.50 dB | SE = 20.778 bit/s/Hz
[70665 ms] [UE 12169] UL: SNR = 63.50 dB | SE = 20.778 bit/s/Hz
[70665 ms] [UE 22873] UL: SNR = 63.50 dB | SE = 20.778 bit/s/Hz
[70665 ms] [UE 30556] UL: SNR = 63.50 dB | SE = 20.778 bit/s/Hz
[70665 ms] [UE 20945] UL: SNR = 63.50 dB | SE = 20.778 bit/s/Hz
[70673 ms] [UE 45898] UL: SNR = 63.50 dB | SE = 20.778 bit/s/Hz
[70673 ms] [UE 36997] UL: SNR = 63.50 dB | SE = 20.778 bit/s/Hz
[70673 ms] [UE 48787] UL: SNR = 63.50 dB | SE = 20.778 bit/s/Hz
[70673 ms] [UE 40252] UL: SNR = 56.00 dB | SE = 18.324 bit/s/Hz
[70673 ms] [UE 15599] UL: SNR = 52.50 dB | SE = 17.179 bit/s/Hz
[70774 ms] [UE 45898] UL: SNR = 63.50 dB | SE = 20.778 bit/s/Hz
[70774 ms] [UE 36997] UL: SNR = 63.50 dB | SE = 20.778 bit/s/Hz
[70774 ms] [UE 48787] UL: SNR = 63.50 dB | SE = 20.778 bit/s/Hz
[70774 ms] [UE 40252] UL: SNR = 56.00 dB | SE = 18.324 bit/s/Hz
[70774 ms] [UE 15599] UL: SNR = 52.50 dB | SE = 17.179 bit/s/Hz
[70775 ms] [UE 33952] UL: SNR = 63.50 dB | SE = 20.778 bit/s/Hz
[70775 ms] [UE 12169] UL: SNR = 63.50 dB | SE = 20.778 bit/s/Hz
[70775 ms] [UE 22873] UL: SNR = 63.50 dB | SE = 20.778 bit/s/Hz
[70775 ms] [UE 30556] UL: SNR = 63.50 dB | SE = 20.778 bit/s/Hz
[70775 ms] [UE 20945] UL: SNR = 63.50 dB | SE = 20.778 bit/s/Hz
[70875 ms] [UE 33952] UL: SNR = 63.50 dB | SE = 20.778 bit/s/Hz
[70875 ms] [UE 12169] UL: SNR = 63.50 dB | SE = 20.778 bit/s/Hz
[70875 ms] [UE 22873] UL: SNR = 63.50 dB | SE = 20.778 bit/s/Hz
[70875 ms] [UE 30556] UL: SNR = 63.50 dB | SE = 20.778 bit/s/Hz
[70875 ms] [UE 20945] UL: SNR = 63.50 dB | SE = 20.778 bit/s/Hz
[70883 ms] [UE 45898] UL: SNR = 63.50 dB | SE = 20.778 bit/s/Hz
[70883 ms] [UE 36997] UL: SNR = 63.50 dB | SE = 20.778 bit/s/Hz
[70883 ms] [UE 48787] UL: SNR = 63.50 dB | SE = 20.778 bit/s/Hz
[70883 ms] [UE 40252] UL: SNR = 56.00 dB | SE = 18.324 bit/s/Hz
[70883 ms] [UE 15599] UL: SNR = 52.50 dB | SE = 17.179 bit/s/Hz
[70983 ms] [UE 45898] UL: SNR = 63.50 dB | SE = 20.778 bit/s/Hz
[70983 ms] [UE 36997] UL: SNR = 63.50 dB | SE = 20.778 bit/s/Hz
[70983 ms] [UE 48787] UL: SNR = 63.50 dB | SE = 20.778 bit/s/Hz
[70983 ms] [UE 40252] UL: SNR = 56.00 dB | SE = 18.324 bit/s/Hz
[70983 ms] [UE 15599] UL: SNR = 52.50 dB | SE = 17.179 bit/s/Hz
[70986 ms] [UE 33952] UL: SNR = 63.50 dB | SE = 20.778 bit/s/Hz
[70986 ms] [UE 12169] UL: SNR = 63.50 dB | SE = 20.778 bit/s/Hz
[70986 ms] [UE 22873] UL: SNR = 63.50 dB | SE = 20.778 bit/s/Hz
[70986 ms] [UE 30556] UL: SNR = 63.50 dB | SE = 20.778 bit/s/Hz
[70986 ms] [UE 20945] UL: SNR = 63.50 dB | SE = 20.778 bit/s/Hz
[71093 ms] [UE 45898] UL: SNR = 63.50 dB | SE = 20.778 bit/s/Hz
[71093 ms] [UE 36997] UL: SNR = 63.50 dB | SE = 20.778 bit/s/Hz
[71093 ms] [UE 48787] UL: SNR = 63.50 dB | SE = 20.778 bit/s/Hz
[71093 ms] [UE 40252] UL: SNR = 56.00 dB | SE = 18.324 bit/s/Hz
[71093 ms] [UE 15599] UL: SNR = 52.50 dB | SE = 17.179 bit/s/Hz
[71095 ms] [UE 33952] UL: SNR = 63.50 dB | SE = 20.778 bit/s/Hz
[71095 ms] [UE 12169] UL: SNR = 63.50 dB | SE = 20.778 bit/s/Hz
[71095 ms] [UE 22873] UL: SNR = 63.50 dB | SE = 20.778 bit/s/Hz
[71095 ms] [UE 30556] UL: SNR = 63.50 dB | SE = 20.778 bit/s/Hz
[71095 ms] [UE 20945] UL: SNR = 63.50 dB | SE = 20.778 bit/s/Hz
[71193 ms] [UE 45898] UL: SNR = 63.50 dB | SE = 20.778 bit/s/Hz
[71193 ms] [UE 36997] UL: SNR = 63.50 dB | SE = 20.778 bit/s/Hz
[71193 ms] [UE 48787] UL: SNR = 63.50 dB | SE = 20.778 bit/s/Hz
[71193 ms] [UE 40252] UL: SNR = 56.00 dB | SE = 18.324 bit/s/Hz
[71193 ms] [UE 15599] UL: SNR = 52.50 dB | SE = 17.179 bit/s/Hz
[71195 ms] [UE 33952] UL: SNR = 63.50 dB | SE = 20.778 bit/s/Hz
[71195 ms] [UE 12169] UL: SNR = 63.50 dB | SE = 20.778 bit/s/Hz
[71195 ms] [UE 22873] UL: SNR = 63.50 dB | SE = 20.778 bit/s/Hz
[71195 ms] [UE 30556] UL: SNR = 63.50 dB | SE = 20.778 bit/s/Hz
[71195 ms] [UE 20945] UL: SNR = 63.50 dB | SE = 20.778 bit/s/Hz
[71295 ms] [UE 33952] UL: SNR = 63.50 dB | SE = 20.778 bit/s/Hz
[71295 ms] [UE 12169] UL: SNR = 63.50 dB | SE = 20.778 bit/s/Hz
[71295 ms] [UE 22873] UL: SNR = 63.50 dB | SE = 20.778 bit/s/Hz
[71295 ms] [UE 30556] UL: SNR = 63.50 dB | SE = 20.778 bit/s/Hz
[71295 ms] [UE 20945] UL: SNR = 63.50 dB | SE = 20.778 bit/s/Hz
[71303 ms] [UE 45898] UL: SNR = 63.50 dB | SE = 20.778 bit/s/Hz
[71303 ms] [UE 36997] UL: SNR = 63.50 dB | SE = 20.778 bit/s/Hz
[71303 ms] [UE 48787] UL: SNR = 63.50 dB | SE = 20.778 bit/s/Hz
[71303 ms] [UE 40252] UL: SNR = 56.00 dB | SE = 18.324 bit/s/Hz
[71303 ms] [UE 15599] UL: SNR = 52.50 dB | SE = 17.179 bit/s/Hz
[71403 ms] [UE 45898] UL: SNR = 63.50 dB | SE = 20.778 bit/s/Hz
[71403 ms] [UE 36997] UL: SNR = 63.50 dB | SE = 20.778 bit/s/Hz
[71403 ms] [UE 48787] UL: SNR = 63.50 dB | SE = 20.778 bit/s/Hz
[71403 ms] [UE 40252] UL: SNR = 56.00 dB | SE = 18.324 bit/s/Hz
[71403 ms] [UE 15599] UL: SNR = 52.50 dB | SE = 17.179 bit/s/Hz
[71405 ms] [UE 33952] UL: SNR = 63.50 dB | SE = 20.778 bit/s/Hz
[71405 ms] [UE 12169] UL: SNR = 63.50 dB | SE = 20.778 bit/s/Hz
[71405 ms] [UE 22873] UL: SNR = 63.50 dB | SE = 20.778 bit/s/Hz
[71405 ms] [UE 30556] UL: SNR = 63.50 dB | SE = 20.778 bit/s/Hz
[71405 ms] [UE 20945] UL: SNR = 63.50 dB | SE = 20.778 bit/s/Hz
[71503 ms] [UE 45898] UL: SNR = 63.50 dB | SE = 20.778 bit/s/Hz
[71503 ms] [UE 36997] UL: SNR = 63.50 dB | SE = 20.778 bit/s/Hz
[71503 ms] [UE 48787] UL: SNR = 63.50 dB | SE = 20.778 bit/s/Hz
[71503 ms] [UE 40252] UL: SNR = 56.00 dB | SE = 18.324 bit/s/Hz
[71503 ms] [UE 15599] UL: SNR = 52.50 dB | SE = 17.179 bit/s/Hz
[71505 ms] [UE 33952] UL: SNR = 63.50 dB | SE = 20.778 bit/s/Hz
[71505 ms] [UE 12169] UL: SNR = 63.50 dB | SE = 20.778 bit/s/Hz
[71505 ms] [UE 22873] UL: SNR = 63.50 dB | SE = 20.778 bit/s/Hz
[71505 ms] [UE 30556] UL: SNR = 63.50 dB | SE = 20.778 bit/s/Hz
[71505 ms] [UE 20945] UL: SNR = 63.50 dB | SE = 20.778 bit/s/Hz
[71603 ms] [UE 45898] UL: SNR = 63.50 dB | SE = 20.778 bit/s/Hz
[71603 ms] [UE 36997] UL: SNR = 63.50 dB | SE = 20.778 bit/s/Hz
[71603 ms] [UE 48787] UL: SNR = 63.50 dB | SE = 20.778 bit/s/Hz
[71603 ms] [UE 40252] UL: SNR = 56.00 dB | SE = 18.324 bit/s/Hz
[71603 ms] [UE 15599] UL: SNR = 52.50 dB | SE = 17.179 bit/s/Hz
[71615 ms] [UE 33952] UL: SNR = 63.50 dB | SE = 20.778 bit/s/Hz
[71615 ms] [UE 12169] UL: SNR = 63.50 dB | SE = 20.778 bit/s/Hz
[71615 ms] [UE 22873] UL: SNR = 63.50 dB | SE = 20.778 bit/s/Hz
[71615 ms] [UE 30556] UL: SNR = 63.50 dB | SE = 20.778 bit/s/Hz
[71615 ms] [UE 20945] UL: SNR = 63.50 dB | SE = 20.778 bit/s/Hz
[71713 ms] [UE 45898] UL: SNR = 63.50 dB | SE = 20.778 bit/s/Hz
[71713 ms] [UE 36997] UL: SNR = 63.50 dB | SE = 20.778 bit/s/Hz
[71713 ms] [UE 48787] UL: SNR = 63.50 dB | SE = 20.778 bit/s/Hz
[71713 ms] [UE 40252] UL: SNR = 56.00 dB | SE = 18.324 bit/s/Hz
[71713 ms] [UE 15599] UL: SNR = 52.50 dB | SE = 17.179 bit/s/Hz
[71716 ms] [UE 33952] UL: SNR = 63.50 dB | SE = 20.778 bit/s/Hz
[71716 ms] [UE 12169] UL: SNR = 63.50 dB | SE = 20.778 bit/s/Hz
[71716 ms] [UE 22873] UL: SNR = 63.50 dB | SE = 20.778 bit/s/Hz
[71716 ms] [UE 30556] UL: SNR = 63.50 dB | SE = 20.778 bit/s/Hz
[71716 ms] [UE 20945] UL: SNR = 63.50 dB | SE = 20.778 bit/s/Hz
[71823 ms] [UE 45898] UL: SNR = 63.50 dB | SE = 20.778 bit/s/Hz
[71823 ms] [UE 36997] UL: SNR = 63.50 dB | SE = 20.778 bit/s/Hz
[71823 ms] [UE 48787] UL: SNR = 63.50 dB | SE = 20.778 bit/s/Hz
[71823 ms] [UE 40252] UL: SNR = 56.00 dB | SE = 18.324 bit/s/Hz
[71823 ms] [UE 15599] UL: SNR = 52.50 dB | SE = 17.179 bit/s/Hz
[71826 ms] [UE 33952] UL: SNR = 63.50 dB | SE = 20.778 bit/s/Hz
[71826 ms] [UE 12169] UL: SNR = 63.50 dB | SE = 20.778 bit/s/Hz
[71826 ms] [UE 22873] UL: SNR = 63.50 dB | SE = 20.778 bit/s/Hz
[71826 ms] [UE 30556] UL: SNR = 63.50 dB | SE = 20.778 bit/s/Hz
[71826 ms] [UE 20945] UL: SNR = 63.50 dB | SE = 20.778 bit/s/Hz
[71923 ms] [UE 45898] UL: SNR = 63.50 dB | SE = 20.778 bit/s/Hz
[71923 ms] [UE 36997] UL: SNR = 63.50 dB | SE = 20.778 bit/s/Hz
[71923 ms] [UE 48787] UL: SNR = 63.50 dB | SE = 20.778 bit/s/Hz
[71923 ms] [UE 40252] UL: SNR = 56.00 dB | SE = 18.324 bit/s/Hz
[71923 ms] [UE 15599] UL: SNR = 52.50 dB | SE = 17.179 bit/s/Hz
[71936 ms] [UE 33952] UL: SNR = 63.50 dB | SE = 20.778 bit/s/Hz
[71936 ms] [UE 12169] UL: SNR = 63.50 dB | SE = 20.778 bit/s/Hz
[71936 ms] [UE 22873] UL: SNR = 63.50 dB | SE = 20.778 bit/s/Hz
[71936 ms] [UE 30556] UL: SNR = 63.50 dB | SE = 20.778 bit/s/Hz
[71936 ms] [UE 20945] UL: SNR = 63.50 dB | SE = 20.778 bit/s/Hz
[72023 ms] [UE 45898] UL: SNR = 63.50 dB | SE = 20.778 bit/s/Hz
[72023 ms] [UE 36997] UL: SNR = 63.50 dB | SE = 20.778 bit/s/Hz
[72023 ms] [UE 48787] UL: SNR = 63.50 dB | SE = 20.778 bit/s/Hz
[72023 ms] [UE 40252] UL: SNR = 56.00 dB | SE = 18.324 bit/s/Hz
[72023 ms] [UE 15599] UL: SNR = 52.50 dB | SE = 17.179 bit/s/Hz
[72045 ms] [UE 33952] UL: SNR = 63.50 dB | SE = 20.778 bit/s/Hz
[72045 ms] [UE 12169] UL: SNR = 63.50 dB | SE = 20.778 bit/s/Hz
[72045 ms] [UE 22873] UL: SNR = 63.50 dB | SE = 20.778 bit/s/Hz
[72045 ms] [UE 30556] UL: SNR = 63.50 dB | SE = 20.778 bit/s/Hz
[72045 ms] [UE 20945] UL: SNR = 63.50 dB | SE = 20.778 bit/s/Hz
[72133 ms] [UE 45898] UL: SNR = 63.50 dB | SE = 20.778 bit/s/Hz
[72133 ms] [UE 36997] UL: SNR = 63.50 dB | SE = 20.778 bit/s/Hz
[72133 ms] [UE 48787] UL: SNR = 63.50 dB | SE = 20.778 bit/s/Hz
[72133 ms] [UE 40252] UL: SNR = 56.00 dB | SE = 18.324 bit/s/Hz
[72133 ms] [UE 15599] UL: SNR = 52.50 dB | SE = 17.179 bit/s/Hz
[72145 ms] [UE 33952] UL: SNR = 63.50 dB | SE = 20.778 bit/s/Hz
[72145 ms] [UE 12169] UL: SNR = 63.50 dB | SE = 20.778 bit/s/Hz
[72145 ms] [UE 22873] UL: SNR = 63.50 dB | SE = 20.778 bit/s/Hz
[72145 ms] [UE 30556] UL: SNR = 7.50 dB | SE = 2.687 bit/s/Hz
[72145 ms] [UE 20945] UL: SNR = 63.50 dB | SE = 20.778 bit/s/Hz
[72243 ms] [UE 45898] UL: SNR = 63.50 dB | SE = 20.778 bit/s/Hz
[72243 ms] [UE 36997] UL: SNR = 63.50 dB | SE = 20.778 bit/s/Hz
[72243 ms] [UE 48787] UL: SNR = 63.50 dB | SE = 20.778 bit/s/Hz
[72243 ms] [UE 40252] UL: SNR = 56.00 dB | SE = 18.324 bit/s/Hz
[72243 ms] [UE 15599] UL: SNR = 52.50 dB | SE = 17.179 bit/s/Hz
[72256 ms] [UE 33952] UL: SNR = 63.50 dB | SE = 20.778 bit/s/Hz
[72256 ms] [UE 12169] UL: SNR = 63.50 dB | SE = 20.778 bit/s/Hz
[72256 ms] [UE 22873] UL: SNR = 63.50 dB | SE = 20.778 bit/s/Hz
[72256 ms] [UE 30556] UL: SNR = 7.50 dB | SE = 2.687 bit/s/Hz
[72256 ms] [UE 20945] UL: SNR = 63.50 dB | SE = 20.778 bit/s/Hz
[72343 ms] [UE 45898] UL: SNR = 63.50 dB | SE = 20.778 bit/s/Hz
[72343 ms] [UE 36997] UL: SNR = 63.50 dB | SE = 20.778 bit/s/Hz
[72343 ms] [UE 48787] UL: SNR = 63.50 dB | SE = 20.778 bit/s/Hz
[72343 ms] [UE 40252] UL: SNR = 56.00 dB | SE = 18.324 bit/s/Hz
[72343 ms] [UE 15599] UL: SNR = 52.50 dB | SE = 17.179 bit/s/Hz
[72357 ms] [UE 33952] UL: SNR = 63.50 dB | SE = 20.778 bit/s/Hz
[72357 ms] [UE 12169] UL: SNR = 63.50 dB | SE = 20.778 bit/s/Hz
[72357 ms] [UE 22873] UL: SNR = 63.50 dB | SE = 20.778 bit/s/Hz
[72357 ms] [UE 30556] UL: SNR = 7.50 dB | SE = 2.687 bit/s/Hz
[72357 ms] [UE 20945] UL: SNR = 53.00 dB | SE = 17.342 bit/s/Hz
[72453 ms] [UE 45898] UL: SNR = 63.50 dB | SE = 20.778 bit/s/Hz
[72453 ms] [UE 36997] UL: SNR = 63.50 dB | SE = 20.778 bit/s/Hz
[72453 ms] [UE 48787] UL: SNR = 63.50 dB | SE = 20.778 bit/s/Hz
[72453 ms] [UE 40252] UL: SNR = 56.00 dB | SE = 18.324 bit/s/Hz
[72453 ms] [UE 15599] UL: SNR = 52.50 dB | SE = 17.179 bit/s/Hz
[72465 ms] [UE 33952] UL: SNR = 63.50 dB | SE = 20.778 bit/s/Hz
[72465 ms] [UE 12169] UL: SNR = 63.50 dB | SE = 20.778 bit/s/Hz
[72465 ms] [UE 22873] UL: SNR = 63.50 dB | SE = 20.778 bit/s/Hz
[72465 ms] [UE 30556] UL: SNR = 7.50 dB | SE = 2.687 bit/s/Hz
[72465 ms] [UE 20945] UL: SNR = 53.00 dB | SE = 17.342 bit/s/Hz
[72554 ms] [UE 45898] UL: SNR = 63.50 dB | SE = 20.778 bit/s/Hz
[72554 ms] [UE 36997] UL: SNR = 63.50 dB | SE = 20.778 bit/s/Hz
[72554 ms] [UE 48787] UL: SNR = 63.50 dB | SE = 20.778 bit/s/Hz
[72554 ms] [UE 40252] UL: SNR = 56.00 dB | SE = 18.324 bit/s/Hz
[72554 ms] [UE 15599] UL: SNR = 52.50 dB | SE = 17.179 bit/s/Hz
[72565 ms] [UE 33952] UL: SNR = 63.50 dB | SE = 20.778 bit/s/Hz
[72565 ms] [UE 12169] UL: SNR = 63.50 dB | SE = 20.778 bit/s/Hz
[72565 ms] [UE 22873] UL: SNR = 63.50 dB | SE = 20.778 bit/s/Hz
[72565 ms] [UE 30556] UL: SNR = 7.50 dB | SE = 2.687 bit/s/Hz
[72565 ms] [UE 20945] UL: SNR = 53.00 dB | SE = 17.342 bit/s/Hz
[72663 ms] [UE 45898] UL: SNR = 63.50 dB | SE = 20.778 bit/s/Hz
[72663 ms] [UE 36997] UL: SNR = 63.50 dB | SE = 20.778 bit/s/Hz
[72663 ms] [UE 48787] UL: SNR = 63.50 dB | SE = 20.778 bit/s/Hz
[72663 ms] [UE 40252] UL: SNR = 56.00 dB | SE = 18.324 bit/s/Hz
[72663 ms] [UE 15599] UL: SNR = 52.50 dB | SE = 17.179 bit/s/Hz
[72675 ms] [UE 33952] UL: SNR = 63.50 dB | SE = 20.778 bit/s/Hz
[72675 ms] [UE 12169] UL: SNR = 63.50 dB | SE = 20.778 bit/s/Hz
[72675 ms] [UE 22873] UL: SNR = 63.50 dB | SE = 20.778 bit/s/Hz
[72675 ms] [UE 30556] UL: SNR = 7.50 dB | SE = 2.687 bit/s/Hz
[72675 ms] [UE 20945] UL: SNR = 53.00 dB | SE = 17.342 bit/s/Hz
[72763 ms] [UE 45898] UL: SNR = 63.50 dB | SE = 20.778 bit/s/Hz
[72763 ms] [UE 36997] UL: SNR = 63.50 dB | SE = 20.778 bit/s/Hz
[72763 ms] [UE 48787] UL: SNR = 63.50 dB | SE = 20.778 bit/s/Hz
[72763 ms] [UE 40252] UL: SNR = 56.00 dB | SE = 18.324 bit/s/Hz
[72763 ms] [UE 15599] UL: SNR = 52.50 dB | SE = 17.179 bit/s/Hz
[72785 ms] [UE 33952] UL: SNR = 63.50 dB | SE = 20.778 bit/s/Hz
[72785 ms] [UE 12169] UL: SNR = 63.50 dB | SE = 20.778 bit/s/Hz
[72785 ms] [UE 22873] UL: SNR = 63.50 dB | SE = 20.778 bit/s/Hz
[72785 ms] [UE 30556] UL: SNR = 7.50 dB | SE = 2.687 bit/s/Hz
[72785 ms] [UE 20945] UL: SNR = 53.00 dB | SE = 17.342 bit/s/Hz
[72873 ms] [UE 45898] UL: SNR = 63.50 dB | SE = 20.778 bit/s/Hz
[72873 ms] [UE 36997] UL: SNR = 63.50 dB | SE = 20.778 bit/s/Hz
[72873 ms] [UE 48787] UL: SNR = 63.50 dB | SE = 20.778 bit/s/Hz
[72873 ms] [UE 40252] UL: SNR = 56.00 dB | SE = 18.324 bit/s/Hz
[72873 ms] [UE 15599] UL: SNR = 52.50 dB | SE = 17.179 bit/s/Hz
[72895 ms] [UE 33952] UL: SNR = 63.50 dB | SE = 20.778 bit/s/Hz
[72895 ms] [UE 12169] UL: SNR = 50.50 dB | SE = 16.524 bit/s/Hz
[72895 ms] [UE 22873] UL: SNR = 57.50 dB | SE = 18.815 bit/s/Hz
[72895 ms] [UE 30556] UL: SNR = 54.00 dB | SE = 17.669 bit/s/Hz
[72895 ms] [UE 20945] UL: SNR = 53.00 dB | SE = 17.342 bit/s/Hz
[72973 ms] [UE 45898] UL: SNR = 63.50 dB | SE = 20.778 bit/s/Hz
[72973 ms] [UE 36997] UL: SNR = 63.50 dB | SE = 20.778 bit/s/Hz
[72973 ms] [UE 48787] UL: SNR = 63.50 dB | SE = 20.778 bit/s/Hz
[72973 ms] [UE 40252] UL: SNR = 56.00 dB | SE = 18.324 bit/s/Hz
[72973 ms] [UE 15599] UL: SNR = 52.50 dB | SE = 17.179 bit/s/Hz
[72995 ms] [UE 33952] UL: SNR = 63.50 dB | SE = 20.778 bit/s/Hz
[72995 ms] [UE 12169] UL: SNR = 50.50 dB | SE = 16.524 bit/s/Hz
[72995 ms] [UE 22873] UL: SNR = 57.50 dB | SE = 18.815 bit/s/Hz
[72995 ms] [UE 30556] UL: SNR = 54.00 dB | SE = 17.669 bit/s/Hz
[72995 ms] [UE 20945] UL: SNR = 53.00 dB | SE = 17.342 bit/s/Hz
[73073 ms] [UE 45898] UL: SNR = 63.50 dB | SE = 20.778 bit/s/Hz
[73073 ms] [UE 36997] UL: SNR = 63.50 dB | SE = 20.778 bit/s/Hz
[73073 ms] [UE 48787] UL: SNR = 63.50 dB | SE = 20.778 bit/s/Hz
[73073 ms] [UE 40252] UL: SNR = 56.00 dB | SE = 18.324 bit/s/Hz
[73073 ms] [UE 15599] UL: SNR = 52.50 dB | SE = 17.179 bit/s/Hz
[73105 ms] [UE 33952] UL: SNR = 63.50 dB | SE = 20.778 bit/s/Hz
[73105 ms] [UE 12169] UL: SNR = 50.50 dB | SE = 16.524 bit/s/Hz
[73105 ms] [UE 22873] UL: SNR = 57.50 dB | SE = 18.815 bit/s/Hz
[73105 ms] [UE 30556] UL: SNR = 54.00 dB | SE = 17.669 bit/s/Hz
[73105 ms] [UE 20945] UL: SNR = 53.00 dB | SE = 17.342 bit/s/Hz
[73183 ms] [UE 45898] UL: SNR = 63.50 dB | SE = 20.778 bit/s/Hz
[73183 ms] [UE 36997] UL: SNR = 63.50 dB | SE = 20.778 bit/s/Hz
[73183 ms] [UE 48787] UL: SNR = 63.50 dB | SE = 20.778 bit/s/Hz
[73183 ms] [UE 40252] UL: SNR = 56.00 dB | SE = 18.324 bit/s/Hz
[73183 ms] [UE 15599] UL: SNR = 52.50 dB | SE = 17.179 bit/s/Hz
[73205 ms] [UE 33952] UL: SNR = 63.50 dB | SE = 20.778 bit/s/Hz
[73205 ms] [UE 12169] UL: SNR = 50.50 dB | SE = 16.524 bit/s/Hz
[73205 ms] [UE 22873] UL: SNR = 57.50 dB | SE = 18.815 bit/s/Hz
[73205 ms] [UE 30556] UL: SNR = 54.00 dB | SE = 17.669 bit/s/Hz
[73205 ms] [UE 20945] UL: SNR = 53.00 dB | SE = 17.342 bit/s/Hz
[73283 ms] [UE 45898] UL: SNR = 63.50 dB | SE = 20.778 bit/s/Hz
[73283 ms] [UE 36997] UL: SNR = 63.50 dB | SE = 20.778 bit/s/Hz
[73283 ms] [UE 48787] UL: SNR = 63.50 dB | SE = 20.778 bit/s/Hz
[73283 ms] [UE 40252] UL: SNR = 56.00 dB | SE = 18.324 bit/s/Hz
[73283 ms] [UE 15599] UL: SNR = 52.50 dB | SE = 17.179 bit/s/Hz
[73315 ms] [UE 33952] UL: SNR = 63.50 dB | SE = 20.778 bit/s/Hz
[73315 ms] [UE 12169] UL: SNR = 63.50 dB | SE = 20.778 bit/s/Hz
[73315 ms] [UE 22873] UL: SNR = 57.50 dB | SE = 18.815 bit/s/Hz
[73315 ms] [UE 30556] UL: SNR = 63.50 dB | SE = 20.778 bit/s/Hz
[73315 ms] [UE 20945] UL: SNR = 63.50 dB | SE = 20.778 bit/s/Hz
[73393 ms] [UE 45898] UL: SNR = 63.50 dB | SE = 20.778 bit/s/Hz
[73393 ms] [UE 36997] UL: SNR = 63.50 dB | SE = 20.778 bit/s/Hz
[73393 ms] [UE 48787] UL: SNR = 63.50 dB | SE = 20.778 bit/s/Hz
[73393 ms] [UE 40252] UL: SNR = 56.00 dB | SE = 18.324 bit/s/Hz
[73393 ms] [UE 15599] UL: SNR = 52.50 dB | SE = 17.179 bit/s/Hz
[73415 ms] [UE 33952] UL: SNR = 63.50 dB | SE = 20.778 bit/s/Hz
[73415 ms] [UE 12169] UL: SNR = 63.50 dB | SE = 20.778 bit/s/Hz
[73415 ms] [UE 22873] UL: SNR = 57.50 dB | SE = 18.815 bit/s/Hz
[73415 ms] [UE 30556] UL: SNR = 63.50 dB | SE = 20.778 bit/s/Hz
[73415 ms] [UE 20945] UL: SNR = 63.50 dB | SE = 20.778 bit/s/Hz
[73503 ms] [UE 45898] UL: SNR = 63.50 dB | SE = 20.778 bit/s/Hz
[73503 ms] [UE 36997] UL: SNR = 63.50 dB | SE = 20.778 bit/s/Hz
[73503 ms] [UE 48787] UL: SNR = 63.50 dB | SE = 20.778 bit/s/Hz
[73503 ms] [UE 40252] UL: SNR = 56.00 dB | SE = 18.324 bit/s/Hz
[73503 ms] [UE 15599] UL: SNR = 52.50 dB | SE = 17.179 bit/s/Hz
[73515 ms] [UE 33952] UL: SNR = 63.50 dB | SE = 20.778 bit/s/Hz
[73515 ms] [UE 12169] UL: SNR = 63.50 dB | SE = 20.778 bit/s/Hz
[73515 ms] [UE 22873] UL: SNR = 57.50 dB | SE = 18.815 bit/s/Hz
[73515 ms] [UE 30556] UL: SNR = 63.50 dB | SE = 20.778 bit/s/Hz
[73515 ms] [UE 20945] UL: SNR = 63.50 dB | SE = 20.778 bit/s/Hz
[73604 ms] [UE 45898] UL: SNR = 63.50 dB | SE = 20.778 bit/s/Hz
[73604 ms] [UE 36997] UL: SNR = 63.50 dB | SE = 20.778 bit/s/Hz
[73604 ms] [UE 48787] UL: SNR = 63.50 dB | SE = 20.778 bit/s/Hz
[73604 ms] [UE 40252] UL: SNR = 56.00 dB | SE = 18.324 bit/s/Hz
[73604 ms] [UE 15599] UL: SNR = 52.50 dB | SE = 17.179 bit/s/Hz
[73617 ms] [UE 33952] UL: SNR = 63.50 dB | SE = 20.778 bit/s/Hz
[73617 ms] [UE 12169] UL: SNR = 63.50 dB | SE = 20.778 bit/s/Hz
[73617 ms] [UE 22873] UL: SNR = 57.50 dB | SE = 18.815 bit/s/Hz
[73617 ms] [UE 30556] UL: SNR = 54.00 dB | SE = 17.669 bit/s/Hz
[73617 ms] [UE 20945] UL: SNR = 63.50 dB | SE = 20.778 bit/s/Hz
[73713 ms] [UE 45898] UL: SNR = 63.50 dB | SE = 20.778 bit/s/Hz
[73713 ms] [UE 36997] UL: SNR = 63.50 dB | SE = 20.778 bit/s/Hz
[73713 ms] [UE 48787] UL: SNR = 63.50 dB | SE = 20.778 bit/s/Hz
[73713 ms] [UE 40252] UL: SNR = 56.00 dB | SE = 18.324 bit/s/Hz
[73713 ms] [UE 15599] UL: SNR = 52.50 dB | SE = 17.179 bit/s/Hz
[73726 ms] [UE 33952] UL: SNR = 63.50 dB | SE = 20.778 bit/s/Hz
[73726 ms] [UE 12169] UL: SNR = 63.50 dB | SE = 20.778 bit/s/Hz
[73726 ms] [UE 22873] UL: SNR = 57.50 dB | SE = 18.815 bit/s/Hz
[73726 ms] [UE 30556] UL: SNR = 54.00 dB | SE = 17.669 bit/s/Hz
[73726 ms] [UE 20945] UL: SNR = 63.50 dB | SE = 20.778 bit/s/Hz
[73813 ms] [UE 45898] UL: SNR = 63.50 dB | SE = 20.778 bit/s/Hz
[73813 ms] [UE 36997] UL: SNR = 63.50 dB | SE = 20.778 bit/s/Hz
[73813 ms] [UE 48787] UL: SNR = 63.50 dB | SE = 20.778 bit/s/Hz
[73813 ms] [UE 40252] UL: SNR = 56.00 dB | SE = 18.324 bit/s/Hz
[73813 ms] [UE 15599] UL: SNR = 52.50 dB | SE = 17.179 bit/s/Hz
[73835 ms] [UE 33952] UL: SNR = 63.50 dB | SE = 20.778 bit/s/Hz
[73835 ms] [UE 12169] UL: SNR = 63.50 dB | SE = 20.778 bit/s/Hz
[73835 ms] [UE 22873] UL: SNR = 57.50 dB | SE = 18.815 bit/s/Hz
[73835 ms] [UE 30556] UL: SNR = 63.50 dB | SE = 20.778 bit/s/Hz
[73835 ms] [UE 20945] UL: SNR = 63.50 dB | SE = 20.778 bit/s/Hz
[73923 ms] [UE 45898] UL: SNR = 63.50 dB | SE = 20.778 bit/s/Hz
[73923 ms] [UE 36997] UL: SNR = 63.50 dB | SE = 20.778 bit/s/Hz
[73923 ms] [UE 48787] UL: SNR = 63.50 dB | SE = 20.778 bit/s/Hz
[73923 ms] [UE 40252] UL: SNR = 56.00 dB | SE = 18.324 bit/s/Hz
[73923 ms] [UE 15599] UL: SNR = 52.50 dB | SE = 17.179 bit/s/Hz
[73945 ms] [UE 33952] UL: SNR = 63.50 dB | SE = 20.778 bit/s/Hz
[73945 ms] [UE 12169] UL: SNR = 63.50 dB | SE = 20.778 bit/s/Hz
[73945 ms] [UE 22873] UL: SNR = 57.50 dB | SE = 18.815 bit/s/Hz
[73945 ms] [UE 30556] UL: SNR = 63.50 dB | SE = 20.778 bit/s/Hz
[73945 ms] [UE 20945] UL: SNR = 63.50 dB | SE = 20.778 bit/s/Hz
[74023 ms] [UE 45898] UL: SNR = 63.50 dB | SE = 20.778 bit/s/Hz
[74023 ms] [UE 36997] UL: SNR = 63.50 dB | SE = 20.778 bit/s/Hz
[74023 ms] [UE 48787] UL: SNR = 63.50 dB | SE = 20.778 bit/s/Hz
[74023 ms] [UE 40252] UL: SNR = 56.00 dB | SE = 18.324 bit/s/Hz
[74023 ms] [UE 15599] UL: SNR = 52.50 dB | SE = 17.179 bit/s/Hz
[74045 ms] [UE 33952] UL: SNR = 63.50 dB | SE = 20.778 bit/s/Hz
[74045 ms] [UE 12169] UL: SNR = 63.50 dB | SE = 20.778 bit/s/Hz
[74045 ms] [UE 22873] UL: SNR = 57.50 dB | SE = 18.815 bit/s/Hz
[74045 ms] [UE 30556] UL: SNR = 63.50 dB | SE = 20.778 bit/s/Hz
[74045 ms] [UE 20945] UL: SNR = 63.50 dB | SE = 20.778 bit/s/Hz
[74133 ms] [UE 45898] UL: SNR = 63.50 dB | SE = 20.778 bit/s/Hz
[74133 ms] [UE 36997] UL: SNR = 63.50 dB | SE = 20.778 bit/s/Hz
[74133 ms] [UE 48787] UL: SNR = 63.50 dB | SE = 20.778 bit/s/Hz
[74133 ms] [UE 40252] UL: SNR = 56.00 dB | SE = 18.324 bit/s/Hz
[74133 ms] [UE 15599] UL: SNR = 52.50 dB | SE = 17.179 bit/s/Hz
[74155 ms] [UE 33952] UL: SNR = 63.50 dB | SE = 20.778 bit/s/Hz
[74155 ms] [UE 12169] UL: SNR = 63.50 dB | SE = 20.778 bit/s/Hz
[74155 ms] [UE 22873] UL: SNR = 57.50 dB | SE = 18.815 bit/s/Hz
[74155 ms] [UE 30556] UL: SNR = 63.50 dB | SE = 20.778 bit/s/Hz
[74155 ms] [UE 20945] UL: SNR = 63.50 dB | SE = 20.778 bit/s/Hz
[74233 ms] [UE 45898] UL: SNR = 63.50 dB | SE = 20.778 bit/s/Hz
[74233 ms] [UE 36997] UL: SNR = 63.50 dB | SE = 20.778 bit/s/Hz
[74233 ms] [UE 48787] UL: SNR = 63.50 dB | SE = 20.778 bit/s/Hz
[74233 ms] [UE 40252] UL: SNR = 56.00 dB | SE = 18.324 bit/s/Hz
[74233 ms] [UE 15599] UL: SNR = 52.50 dB | SE = 17.179 bit/s/Hz
[74255 ms] [UE 33952] UL: SNR = 63.50 dB | SE = 20.778 bit/s/Hz
[74255 ms] [UE 12169] UL: SNR = 63.50 dB | SE = 20.778 bit/s/Hz
[74255 ms] [UE 22873] UL: SNR = 57.50 dB | SE = 18.815 bit/s/Hz
[74255 ms] [UE 30556] UL: SNR = 63.50 dB | SE = 20.778 bit/s/Hz
[74255 ms] [UE 20945] UL: SNR = 63.50 dB | SE = 20.778 bit/s/Hz
[74334 ms] [UE 45898] UL: SNR = 63.50 dB | SE = 20.778 bit/s/Hz
[74334 ms] [UE 36997] UL: SNR = 63.50 dB | SE = 20.778 bit/s/Hz
[74334 ms] [UE 48787] UL: SNR = 63.50 dB | SE = 20.778 bit/s/Hz
[74334 ms] [UE 40252] UL: SNR = 56.00 dB | SE = 18.324 bit/s/Hz
[74334 ms] [UE 15599] UL: SNR = 52.50 dB | SE = 17.179 bit/s/Hz
[74365 ms] [UE 33952] UL: SNR = 63.50 dB | SE = 20.778 bit/s/Hz
[74365 ms] [UE 12169] UL: SNR = 63.50 dB | SE = 20.778 bit/s/Hz
[74365 ms] [UE 22873] UL: SNR = 57.50 dB | SE = 18.815 bit/s/Hz
[74365 ms] [UE 30556] UL: SNR = 63.50 dB | SE = 20.778 bit/s/Hz
[74365 ms] [UE 20945] UL: SNR = 63.50 dB | SE = 20.778 bit/s/Hz
[74443 ms] [UE 45898] UL: SNR = 63.50 dB | SE = 20.778 bit/s/Hz
[74443 ms] [UE 36997] UL: SNR = 63.50 dB | SE = 20.778 bit/s/Hz
[74443 ms] [UE 48787] UL: SNR = 63.50 dB | SE = 20.778 bit/s/Hz
[74443 ms] [UE 40252] UL: SNR = 56.00 dB | SE = 18.324 bit/s/Hz
[74443 ms] [UE 15599] UL: SNR = 52.50 dB | SE = 17.179 bit/s/Hz
[74465 ms] [UE 33952] UL: SNR = 63.50 dB | SE = 20.778 bit/s/Hz
[74465 ms] [UE 12169] UL: SNR = 63.50 dB | SE = 20.778 bit/s/Hz
[74465 ms] [UE 22873] UL: SNR = 57.50 dB | SE = 18.815 bit/s/Hz
[74465 ms] [UE 30556] UL: SNR = 63.50 dB | SE = 20.778 bit/s/Hz
[74465 ms] [UE 20945] UL: SNR = 63.50 dB | SE = 20.778 bit/s/Hz
[74543 ms] [UE 45898] UL: SNR = 63.50 dB | SE = 20.778 bit/s/Hz
[74543 ms] [UE 36997] UL: SNR = 63.50 dB | SE = 20.778 bit/s/Hz
[74543 ms] [UE 48787] UL: SNR = 63.50 dB | SE = 20.778 bit/s/Hz
[74543 ms] [UE 40252] UL: SNR = 56.00 dB | SE = 18.324 bit/s/Hz
[74543 ms] [UE 15599] UL: SNR = 52.50 dB | SE = 17.179 bit/s/Hz
[74565 ms] [UE 33952] UL: SNR = 63.50 dB | SE = 20.778 bit/s/Hz
[74565 ms] [UE 12169] UL: SNR = 63.50 dB | SE = 20.778 bit/s/Hz
[74565 ms] [UE 22873] UL: SNR = 57.50 dB | SE = 18.815 bit/s/Hz
[74565 ms] [UE 30556] UL: SNR = 63.50 dB | SE = 20.778 bit/s/Hz
[74565 ms] [UE 20945] UL: SNR = 63.50 dB | SE = 20.778 bit/s/Hz
[74653 ms] [UE 45898] UL: SNR = 63.50 dB | SE = 20.778 bit/s/Hz
[74653 ms] [UE 36997] UL: SNR = 63.50 dB | SE = 20.778 bit/s/Hz
[74653 ms] [UE 48787] UL: SNR = 63.50 dB | SE = 20.778 bit/s/Hz
[74653 ms] [UE 40252] UL: SNR = 56.00 dB | SE = 18.324 bit/s/Hz
[74653 ms] [UE 15599] UL: SNR = 52.50 dB | SE = 17.179 bit/s/Hz
[74678 ms] [UE 33952] UL: SNR = 63.50 dB | SE = 20.778 bit/s/Hz
[74678 ms] [UE 12169] UL: SNR = 63.50 dB | SE = 20.778 bit/s/Hz
[74678 ms] [UE 22873] UL: SNR = 57.50 dB | SE = 18.815 bit/s/Hz
[74678 ms] [UE 30556] UL: SNR = 63.50 dB | SE = 20.778 bit/s/Hz
[74678 ms] [UE 20945] UL: SNR = 63.50 dB | SE = 20.778 bit/s/Hz
[74763 ms] [UE 45898] UL: SNR = 63.50 dB | SE = 20.778 bit/s/Hz
[74763 ms] [UE 36997] UL: SNR = 63.50 dB | SE = 20.778 bit/s/Hz
[74763 ms] [UE 48787] UL: SNR = 63.50 dB | SE = 20.778 bit/s/Hz
[74763 ms] [UE 40252] UL: SNR = 56.00 dB | SE = 18.324 bit/s/Hz
[74763 ms] [UE 15599] UL: SNR = 52.50 dB | SE = 17.179 bit/s/Hz
[74785 ms] [UE 33952] UL: SNR = 63.50 dB | SE = 20.778 bit/s/Hz
[74785 ms] [UE 12169] UL: SNR = 63.50 dB | SE = 20.778 bit/s/Hz
[74785 ms] [UE 22873] UL: SNR = 57.50 dB | SE = 18.815 bit/s/Hz
[74785 ms] [UE 30556] UL: SNR = 63.50 dB | SE = 20.778 bit/s/Hz
[74785 ms] [UE 20945] UL: SNR = 63.50 dB | SE = 20.778 bit/s/Hz
[74873 ms] [UE 45898] UL: SNR = 63.50 dB | SE = 20.778 bit/s/Hz
[74873 ms] [UE 36997] UL: SNR = 63.50 dB | SE = 20.778 bit/s/Hz
[74873 ms] [UE 48787] UL: SNR = 63.50 dB | SE = 20.778 bit/s/Hz
[74873 ms] [UE 40252] UL: SNR = 56.00 dB | SE = 18.324 bit/s/Hz
[74873 ms] [UE 15599] UL: SNR = 52.50 dB | SE = 17.179 bit/s/Hz
[74885 ms] [UE 33952] UL: SNR = 63.50 dB | SE = 20.778 bit/s/Hz
[74885 ms] [UE 12169] UL: SNR = 63.50 dB | SE = 20.778 bit/s/Hz
[74885 ms] [UE 22873] UL: SNR = 57.50 dB | SE = 18.815 bit/s/Hz
[74885 ms] [UE 30556] UL: SNR = 63.50 dB | SE = 20.778 bit/s/Hz
[74885 ms] [UE 20945] UL: SNR = 63.50 dB | SE = 20.778 bit/s/Hz
[74973 ms] [UE 45898] UL: SNR = 63.50 dB | SE = 20.778 bit/s/Hz
[74973 ms] [UE 36997] UL: SNR = 63.50 dB | SE = 20.778 bit/s/Hz
[74973 ms] [UE 48787] UL: SNR = 63.50 dB | SE = 20.778 bit/s/Hz
[74973 ms] [UE 40252] UL: SNR = 56.00 dB | SE = 18.324 bit/s/Hz
[74973 ms] [UE 15599] UL: SNR = 52.50 dB | SE = 17.179 bit/s/Hz
[74995 ms] [UE 33952] UL: SNR = 63.50 dB | SE = 20.778 bit/s/Hz
[74995 ms] [UE 12169] UL: SNR = 63.50 dB | SE = 20.778 bit/s/Hz
[74995 ms] [UE 22873] UL: SNR = 57.50 dB | SE = 18.815 bit/s/Hz
[74995 ms] [UE 30556] UL: SNR = 63.50 dB | SE = 20.778 bit/s/Hz
[74995 ms] [UE 20945] UL: SNR = 63.50 dB | SE = 20.778 bit/s/Hz
[75083 ms] [UE 45898] UL: SNR = 63.50 dB | SE = 20.778 bit/s/Hz
[75083 ms] [UE 36997] UL: SNR = 63.50 dB | SE = 20.778 bit/s/Hz
[75083 ms] [UE 48787] UL: SNR = 63.50 dB | SE = 20.778 bit/s/Hz
[75083 ms] [UE 40252] UL: SNR = 56.00 dB | SE = 18.324 bit/s/Hz
[75083 ms] [UE 15599] UL: SNR = 52.50 dB | SE = 17.179 bit/s/Hz
[75105 ms] [UE 33952] UL: SNR = 63.50 dB | SE = 20.778 bit/s/Hz
[75105 ms] [UE 12169] UL: SNR = 63.50 dB | SE = 20.778 bit/s/Hz
[75105 ms] [UE 22873] UL: SNR = 57.50 dB | SE = 18.815 bit/s/Hz
[75105 ms] [UE 30556] UL: SNR = 63.50 dB | SE = 20.778 bit/s/Hz
[75105 ms] [UE 20945] UL: SNR = 63.50 dB | SE = 20.778 bit/s/Hz
[75184 ms] [UE 45898] UL: SNR = 63.50 dB | SE = 20.778 bit/s/Hz
[75184 ms] [UE 36997] UL: SNR = 63.50 dB | SE = 20.778 bit/s/Hz
[75184 ms] [UE 48787] UL: SNR = 63.50 dB | SE = 20.778 bit/s/Hz
[75184 ms] [UE 40252] UL: SNR = 56.00 dB | SE = 18.324 bit/s/Hz
[75184 ms] [UE 15599] UL: SNR = 52.50 dB | SE = 17.179 bit/s/Hz
[75206 ms] [UE 33952] UL: SNR = 63.50 dB | SE = 20.778 bit/s/Hz
[75206 ms] [UE 12169] UL: SNR = 63.50 dB | SE = 20.778 bit/s/Hz
[75206 ms] [UE 22873] UL: SNR = 57.50 dB | SE = 18.815 bit/s/Hz
[75206 ms] [UE 30556] UL: SNR = 63.50 dB | SE = 20.778 bit/s/Hz
[75206 ms] [UE 20945] UL: SNR = 63.50 dB | SE = 20.778 bit/s/Hz
[75294 ms] [UE 45898] UL: SNR = 63.50 dB | SE = 20.778 bit/s/Hz
[75294 ms] [UE 36997] UL: SNR = 63.50 dB | SE = 20.778 bit/s/Hz
[75294 ms] [UE 48787] UL: SNR = 63.50 dB | SE = 20.778 bit/s/Hz
[75294 ms] [UE 40252] UL: SNR = 56.00 dB | SE = 18.324 bit/s/Hz
[75294 ms] [UE 15599] UL: SNR = 52.50 dB | SE = 17.179 bit/s/Hz
[75315 ms] [UE 33952] UL: SNR = 63.50 dB | SE = 20.778 bit/s/Hz
[75315 ms] [UE 12169] UL: SNR = 63.50 dB | SE = 20.778 bit/s/Hz
[75315 ms] [UE 22873] UL: SNR = 57.50 dB | SE = 18.815 bit/s/Hz
[75315 ms] [UE 30556] UL: SNR = 63.50 dB | SE = 20.778 bit/s/Hz
[75315 ms] [UE 20945] UL: SNR = 63.50 dB | SE = 20.778 bit/s/Hz
[75403 ms] [UE 45898] UL: SNR = 63.50 dB | SE = 20.778 bit/s/Hz
[75403 ms] [UE 36997] UL: SNR = 63.50 dB | SE = 20.778 bit/s/Hz
[75403 ms] [UE 48787] UL: SNR = 63.50 dB | SE = 20.778 bit/s/Hz
[75403 ms] [UE 40252] UL: SNR = 56.00 dB | SE = 18.324 bit/s/Hz
[75403 ms] [UE 15599] UL: SNR = 52.50 dB | SE = 17.179 bit/s/Hz
[75425 ms] [UE 33952] UL: SNR = 63.50 dB | SE = 20.778 bit/s/Hz
[75425 ms] [UE 12169] UL: SNR = 63.50 dB | SE = 20.778 bit/s/Hz
[75425 ms] [UE 22873] UL: SNR = 57.50 dB | SE = 18.815 bit/s/Hz
[75425 ms] [UE 30556] UL: SNR = 63.50 dB | SE = 20.778 bit/s/Hz
[75425 ms] [UE 20945] UL: SNR = 63.50 dB | SE = 20.778 bit/s/Hz
[75503 ms] [UE 45898] UL: SNR = 63.50 dB | SE = 20.778 bit/s/Hz
[75503 ms] [UE 36997] UL: SNR = 63.50 dB | SE = 20.778 bit/s/Hz
[75503 ms] [UE 48787] UL: SNR = 63.50 dB | SE = 20.778 bit/s/Hz
[75503 ms] [UE 40252] UL: SNR = 56.00 dB | SE = 18.324 bit/s/Hz
[75503 ms] [UE 15599] UL: SNR = 52.50 dB | SE = 17.179 bit/s/Hz
[75525 ms] [UE 33952] UL: SNR = 63.50 dB | SE = 20.778 bit/s/Hz
[75525 ms] [UE 12169] UL: SNR = 63.50 dB | SE = 20.778 bit/s/Hz
[75525 ms] [UE 22873] UL: SNR = 57.50 dB | SE = 18.815 bit/s/Hz
[75525 ms] [UE 30556] UL: SNR = 63.50 dB | SE = 20.778 bit/s/Hz
[75525 ms] [UE 20945] UL: SNR = 63.50 dB | SE = 20.778 bit/s/Hz
[75613 ms] [UE 45898] UL: SNR = 63.50 dB | SE = 20.778 bit/s/Hz
[75613 ms] [UE 36997] UL: SNR = 63.50 dB | SE = 20.778 bit/s/Hz
[75613 ms] [UE 48787] UL: SNR = 63.50 dB | SE = 20.778 bit/s/Hz
[75613 ms] [UE 40252] UL: SNR = 56.00 dB | SE = 18.324 bit/s/Hz
[75613 ms] [UE 15599] UL: SNR = 52.50 dB | SE = 17.179 bit/s/Hz
[75635 ms] [UE 33952] UL: SNR = 63.50 dB | SE = 20.778 bit/s/Hz
[75635 ms] [UE 12169] UL: SNR = 63.50 dB | SE = 20.778 bit/s/Hz
[75635 ms] [UE 22873] UL: SNR = 57.50 dB | SE = 18.815 bit/s/Hz
[75635 ms] [UE 30556] UL: SNR = 63.50 dB | SE = 20.778 bit/s/Hz
[75635 ms] [UE 20945] UL: SNR = 63.50 dB | SE = 20.778 bit/s/Hz
[75713 ms] [UE 45898] UL: SNR = 63.50 dB | SE = 20.778 bit/s/Hz
[75713 ms] [UE 36997] UL: SNR = 63.50 dB | SE = 20.778 bit/s/Hz
[75713 ms] [UE 48787] UL: SNR = 63.50 dB | SE = 20.778 bit/s/Hz
[75713 ms] [UE 40252] UL: SNR = 56.00 dB | SE = 18.324 bit/s/Hz
[75713 ms] [UE 15599] UL: SNR = 52.50 dB | SE = 17.179 bit/s/Hz
[75745 ms] [UE 33952] UL: SNR = 63.50 dB | SE = 20.778 bit/s/Hz
[75745 ms] [UE 12169] UL: SNR = 63.50 dB | SE = 20.778 bit/s/Hz
[75745 ms] [UE 22873] UL: SNR = 57.50 dB | SE = 18.815 bit/s/Hz
[75745 ms] [UE 30556] UL: SNR = 63.50 dB | SE = 20.778 bit/s/Hz
[75745 ms] [UE 20945] UL: SNR = 63.50 dB | SE = 20.778 bit/s/Hz
[75823 ms] [UE 45898] UL: SNR = 63.50 dB | SE = 20.778 bit/s/Hz
[75823 ms] [UE 36997] UL: SNR = 63.50 dB | SE = 20.778 bit/s/Hz
[75823 ms] [UE 48787] UL: SNR = 63.50 dB | SE = 20.778 bit/s/Hz
[75823 ms] [UE 40252] UL: SNR = 56.00 dB | SE = 18.324 bit/s/Hz
[75823 ms] [UE 15599] UL: SNR = 52.50 dB | SE = 17.179 bit/s/Hz
[75855 ms] [UE 33952] UL: SNR = 63.50 dB | SE = 20.778 bit/s/Hz
[75855 ms] [UE 12169] UL: SNR = 63.50 dB | SE = 20.778 bit/s/Hz
[75855 ms] [UE 22873] UL: SNR = 57.50 dB | SE = 18.815 bit/s/Hz
[75855 ms] [UE 30556] UL: SNR = 63.50 dB | SE = 20.778 bit/s/Hz
[75855 ms] [UE 20945] UL: SNR = 63.50 dB | SE = 20.778 bit/s/Hz
[75923 ms] [UE 45898] UL: SNR = 63.50 dB | SE = 20.778 bit/s/Hz
[75923 ms] [UE 36997] UL: SNR = 63.50 dB | SE = 20.778 bit/s/Hz
[75923 ms] [UE 48787] UL: SNR = 63.50 dB | SE = 20.778 bit/s/Hz
[75923 ms] [UE 40252] UL: SNR = 56.00 dB | SE = 18.324 bit/s/Hz
[75923 ms] [UE 15599] UL: SNR = 52.50 dB | SE = 17.179 bit/s/Hz
[75955 ms] [UE 33952] UL: SNR = 63.50 dB | SE = 20.778 bit/s/Hz
[75955 ms] [UE 12169] UL: SNR = 63.50 dB | SE = 20.778 bit/s/Hz
[75955 ms] [UE 22873] UL: SNR = 57.50 dB | SE = 18.815 bit/s/Hz
[75955 ms] [UE 30556] UL: SNR = 7.50 dB | SE = 2.687 bit/s/Hz
[75955 ms] [UE 20945] UL: SNR = 63.50 dB | SE = 20.778 bit/s/Hz
[76033 ms] [UE 45898] UL: SNR = 63.50 dB | SE = 20.778 bit/s/Hz
[76033 ms] [UE 36997] UL: SNR = 63.50 dB | SE = 20.778 bit/s/Hz
[76033 ms] [UE 48787] UL: SNR = 63.50 dB | SE = 20.778 bit/s/Hz
[76033 ms] [UE 40252] UL: SNR = 56.00 dB | SE = 18.324 bit/s/Hz
[76033 ms] [UE 15599] UL: SNR = 52.50 dB | SE = 17.179 bit/s/Hz
[76055 ms] [UE 33952] UL: SNR = 63.50 dB | SE = 20.778 bit/s/Hz
[76055 ms] [UE 12169] UL: SNR = 63.50 dB | SE = 20.778 bit/s/Hz
[76055 ms] [UE 22873] UL: SNR = 57.50 dB | SE = 18.815 bit/s/Hz
[76055 ms] [UE 30556] UL: SNR = 7.50 dB | SE = 2.687 bit/s/Hz
[76055 ms] [UE 20945] UL: SNR = 63.50 dB | SE = 20.778 bit/s/Hz
[76143 ms] [UE 45898] UL: SNR = 63.50 dB | SE = 20.778 bit/s/Hz
[76143 ms] [UE 36997] UL: SNR = 63.50 dB | SE = 20.778 bit/s/Hz
[76143 ms] [UE 48787] UL: SNR = 63.50 dB | SE = 20.778 bit/s/Hz
[76143 ms] [UE 40252] UL: SNR = 56.00 dB | SE = 18.324 bit/s/Hz
[76143 ms] [UE 15599] UL: SNR = 52.50 dB | SE = 17.179 bit/s/Hz
[76165 ms] [UE 33952] UL: SNR = 63.50 dB | SE = 20.778 bit/s/Hz
[76165 ms] [UE 12169] UL: SNR = 63.50 dB | SE = 20.778 bit/s/Hz
[76165 ms] [UE 22873] UL: SNR = 57.50 dB | SE = 18.815 bit/s/Hz
[76165 ms] [UE 30556] UL: SNR = 7.50 dB | SE = 2.687 bit/s/Hz
[76165 ms] [UE 20945] UL: SNR = 63.50 dB | SE = 20.778 bit/s/Hz
[76253 ms] [UE 45898] UL: SNR = 63.50 dB | SE = 20.778 bit/s/Hz
[76253 ms] [UE 36997] UL: SNR = 63.50 dB | SE = 20.778 bit/s/Hz
[76253 ms] [UE 48787] UL: SNR = 63.50 dB | SE = 20.778 bit/s/Hz
[76253 ms] [UE 40252] UL: SNR = 56.00 dB | SE = 18.324 bit/s/Hz
[76253 ms] [UE 15599] UL: SNR = 52.50 dB | SE = 17.179 bit/s/Hz
[76275 ms] [UE 33952] UL: SNR = 63.50 dB | SE = 20.778 bit/s/Hz
[76275 ms] [UE 12169] UL: SNR = 63.50 dB | SE = 20.778 bit/s/Hz
[76275 ms] [UE 22873] UL: SNR = 57.50 dB | SE = 18.815 bit/s/Hz
[76275 ms] [UE 30556] UL: SNR = 7.50 dB | SE = 2.687 bit/s/Hz
[76275 ms] [UE 20945] UL: SNR = 63.50 dB | SE = 20.778 bit/s/Hz
[76353 ms] [UE 45898] UL: SNR = 63.50 dB | SE = 20.778 bit/s/Hz
[76353 ms] [UE 36997] UL: SNR = 63.50 dB | SE = 20.778 bit/s/Hz
[76353 ms] [UE 48787] UL: SNR = 63.50 dB | SE = 20.778 bit/s/Hz
[76353 ms] [UE 40252] UL: SNR = 56.00 dB | SE = 18.324 bit/s/Hz
[76353 ms] [UE 15599] UL: SNR = 52.50 dB | SE = 17.179 bit/s/Hz
[76375 ms] [UE 33952] UL: SNR = 63.50 dB | SE = 20.778 bit/s/Hz
[76375 ms] [UE 12169] UL: SNR = 63.50 dB | SE = 20.778 bit/s/Hz
[76375 ms] [UE 22873] UL: SNR = 57.50 dB | SE = 18.815 bit/s/Hz
[76375 ms] [UE 30556] UL: SNR = 7.50 dB | SE = 2.687 bit/s/Hz
[76375 ms] [UE 20945] UL: SNR = 63.50 dB | SE = 20.778 bit/s/Hz
[76454 ms] [UE 45898] UL: SNR = 63.50 dB | SE = 20.778 bit/s/Hz
[76454 ms] [UE 36997] UL: SNR = 63.50 dB | SE = 20.778 bit/s/Hz
[76454 ms] [UE 48787] UL: SNR = 63.50 dB | SE = 20.778 bit/s/Hz
[76454 ms] [UE 40252] UL: SNR = 56.00 dB | SE = 18.324 bit/s/Hz
[76454 ms] [UE 15599] UL: SNR = 52.50 dB | SE = 17.179 bit/s/Hz
[76475 ms] [UE 33952] UL: SNR = 63.50 dB | SE = 20.778 bit/s/Hz
[76475 ms] [UE 12169] UL: SNR = 63.50 dB | SE = 20.778 bit/s/Hz
[76475 ms] [UE 22873] UL: SNR = 57.50 dB | SE = 18.815 bit/s/Hz
[76475 ms] [UE 30556] UL: SNR = 7.50 dB | SE = 2.687 bit/s/Hz
[76475 ms] [UE 20945] UL: SNR = 63.50 dB | SE = 20.778 bit/s/Hz
[76564 ms] [UE 45898] UL: SNR = 63.50 dB | SE = 20.778 bit/s/Hz
[76564 ms] [UE 36997] UL: SNR = 63.50 dB | SE = 20.778 bit/s/Hz
[76564 ms] [UE 48787] UL: SNR = 63.50 dB | SE = 20.778 bit/s/Hz
[76564 ms] [UE 40252] UL: SNR = 56.00 dB | SE = 18.324 bit/s/Hz
[76564 ms] [UE 15599] UL: SNR = 52.50 dB | SE = 17.179 bit/s/Hz
[76585 ms] [UE 33952] UL: SNR = 63.50 dB | SE = 20.778 bit/s/Hz
[76585 ms] [UE 12169] UL: SNR = 63.50 dB | SE = 20.778 bit/s/Hz
[76585 ms] [UE 22873] UL: SNR = 57.50 dB | SE = 18.815 bit/s/Hz
[76585 ms] [UE 30556] UL: SNR = 7.50 dB | SE = 2.687 bit/s/Hz
[76585 ms] [UE 20945] UL: SNR = 63.50 dB | SE = 20.778 bit/s/Hz
[76673 ms] [UE 45898] UL: SNR = 63.50 dB | SE = 20.778 bit/s/Hz
[76673 ms] [UE 36997] UL: SNR = 63.50 dB | SE = 20.778 bit/s/Hz
[76673 ms] [UE 48787] UL: SNR = 63.50 dB | SE = 20.778 bit/s/Hz
[76673 ms] [UE 40252] UL: SNR = 56.00 dB | SE = 18.324 bit/s/Hz
[76673 ms] [UE 15599] UL: SNR = 52.50 dB | SE = 17.179 bit/s/Hz
[76685 ms] [UE 33952] UL: SNR = 57.50 dB | SE = 18.815 bit/s/Hz
[76685 ms] [UE 12169] UL: SNR = 63.50 dB | SE = 20.778 bit/s/Hz
[76685 ms] [UE 22873] UL: SNR = 57.50 dB | SE = 18.815 bit/s/Hz
[76685 ms] [UE 30556] UL: SNR = 52.50 dB | SE = 17.179 bit/s/Hz
[76685 ms] [UE 20945] UL: SNR = 63.50 dB | SE = 20.778 bit/s/Hz
[76783 ms] [UE 45898] UL: SNR = 63.50 dB | SE = 20.778 bit/s/Hz
[76783 ms] [UE 36997] UL: SNR = 63.50 dB | SE = 20.778 bit/s/Hz
[76783 ms] [UE 48787] UL: SNR = 63.50 dB | SE = 20.778 bit/s/Hz
[76783 ms] [UE 40252] UL: SNR = 56.00 dB | SE = 18.324 bit/s/Hz
[76783 ms] [UE 15599] UL: SNR = 52.50 dB | SE = 17.179 bit/s/Hz
[76795 ms] [UE 33952] UL: SNR = 57.50 dB | SE = 18.815 bit/s/Hz
[76795 ms] [UE 12169] UL: SNR = 63.50 dB | SE = 20.778 bit/s/Hz
[76795 ms] [UE 22873] UL: SNR = 57.50 dB | SE = 18.815 bit/s/Hz
[76795 ms] [UE 30556] UL: SNR = 52.50 dB | SE = 17.179 bit/s/Hz
[76795 ms] [UE 20945] UL: SNR = 63.50 dB | SE = 20.778 bit/s/Hz
[76883 ms] [UE 45898] UL: SNR = 63.50 dB | SE = 20.778 bit/s/Hz
[76883 ms] [UE 36997] UL: SNR = 63.50 dB | SE = 20.778 bit/s/Hz
[76883 ms] [UE 48787] UL: SNR = 63.50 dB | SE = 20.778 bit/s/Hz
[76883 ms] [UE 40252] UL: SNR = 56.00 dB | SE = 18.324 bit/s/Hz
[76883 ms] [UE 15599] UL: SNR = 52.50 dB | SE = 17.179 bit/s/Hz
[76895 ms] [UE 33952] UL: SNR = 57.50 dB | SE = 18.815 bit/s/Hz
[76895 ms] [UE 12169] UL: SNR = 63.50 dB | SE = 20.778 bit/s/Hz
[76895 ms] [UE 22873] UL: SNR = 57.50 dB | SE = 18.815 bit/s/Hz
[76895 ms] [UE 30556] UL: SNR = 54.00 dB | SE = 17.669 bit/s/Hz
[76895 ms] [UE 20945] UL: SNR = 63.50 dB | SE = 20.778 bit/s/Hz
[76993 ms] [UE 45898] UL: SNR = 63.50 dB | SE = 20.778 bit/s/Hz
[76993 ms] [UE 36997] UL: SNR = 63.50 dB | SE = 20.778 bit/s/Hz
[76993 ms] [UE 48787] UL: SNR = 63.50 dB | SE = 20.778 bit/s/Hz
[76993 ms] [UE 40252] UL: SNR = 56.00 dB | SE = 18.324 bit/s/Hz
[76993 ms] [UE 15599] UL: SNR = 52.50 dB | SE = 17.179 bit/s/Hz
[77005 ms] [UE 33952] UL: SNR = 57.50 dB | SE = 18.815 bit/s/Hz
[77005 ms] [UE 12169] UL: SNR = 63.50 dB | SE = 20.778 bit/s/Hz
[77005 ms] [UE 22873] UL: SNR = 57.50 dB | SE = 18.815 bit/s/Hz
[77005 ms] [UE 30556] UL: SNR = 54.00 dB | SE = 17.669 bit/s/Hz
[77005 ms] [UE 20945] UL: SNR = 63.50 dB | SE = 20.778 bit/s/Hz
[77093 ms] [UE 45898] UL: SNR = 63.50 dB | SE = 20.778 bit/s/Hz
[77093 ms] [UE 36997] UL: SNR = 63.50 dB | SE = 20.778 bit/s/Hz
[77093 ms] [UE 48787] UL: SNR = 63.50 dB | SE = 20.778 bit/s/Hz
[77093 ms] [UE 40252] UL: SNR = 56.00 dB | SE = 18.324 bit/s/Hz
[77093 ms] [UE 15599] UL: SNR = 52.50 dB | SE = 17.179 bit/s/Hz
[77106 ms] [UE 33952] UL: SNR = 57.50 dB | SE = 18.815 bit/s/Hz
[77106 ms] [UE 12169] UL: SNR = 63.50 dB | SE = 20.778 bit/s/Hz
[77106 ms] [UE 22873] UL: SNR = 57.50 dB | SE = 18.815 bit/s/Hz
[77106 ms] [UE 30556] UL: SNR = 54.00 dB | SE = 17.669 bit/s/Hz
[77106 ms] [UE 20945] UL: SNR = 63.50 dB | SE = 20.778 bit/s/Hz
[77204 ms] [UE 45898] UL: SNR = 63.50 dB | SE = 20.778 bit/s/Hz
[77204 ms] [UE 36997] UL: SNR = 63.50 dB | SE = 20.778 bit/s/Hz
[77204 ms] [UE 48787] UL: SNR = 63.50 dB | SE = 20.778 bit/s/Hz
[77204 ms] [UE 40252] UL: SNR = 56.00 dB | SE = 18.324 bit/s/Hz
[77204 ms] [UE 15599] UL: SNR = 52.50 dB | SE = 17.179 bit/s/Hz
[77215 ms] [UE 33952] UL: SNR = 57.50 dB | SE = 18.815 bit/s/Hz
[77215 ms] [UE 12169] UL: SNR = 63.50 dB | SE = 20.778 bit/s/Hz
[77215 ms] [UE 22873] UL: SNR = 57.50 dB | SE = 18.815 bit/s/Hz
[77215 ms] [UE 30556] UL: SNR = 63.50 dB | SE = 20.778 bit/s/Hz
[77215 ms] [UE 20945] UL: SNR = 63.50 dB | SE = 20.778 bit/s/Hz
[77314 ms] [UE 45898] UL: SNR = 63.50 dB | SE = 20.778 bit/s/Hz
[77314 ms] [UE 36997] UL: SNR = 63.50 dB | SE = 20.778 bit/s/Hz
[77314 ms] [UE 48787] UL: SNR = 63.50 dB | SE = 20.778 bit/s/Hz
[77314 ms] [UE 40252] UL: SNR = 56.00 dB | SE = 18.324 bit/s/Hz
[77314 ms] [UE 15599] UL: SNR = 52.50 dB | SE = 17.179 bit/s/Hz
[77317 ms] [UE 33952] UL: SNR = 57.50 dB | SE = 18.815 bit/s/Hz
[77317 ms] [UE 12169] UL: SNR = 63.50 dB | SE = 20.778 bit/s/Hz
[77317 ms] [UE 22873] UL: SNR = 57.50 dB | SE = 18.815 bit/s/Hz
[77317 ms] [UE 30556] UL: SNR = 63.50 dB | SE = 20.778 bit/s/Hz
[77317 ms] [UE 20945] UL: SNR = 63.50 dB | SE = 20.778 bit/s/Hz
[77424 ms] [UE 45898] UL: SNR = 63.50 dB | SE = 20.778 bit/s/Hz
[77424 ms] [UE 36997] UL: SNR = 63.50 dB | SE = 20.778 bit/s/Hz
[77424 ms] [UE 48787] UL: SNR = 63.50 dB | SE = 20.778 bit/s/Hz
[77424 ms] [UE 40252] UL: SNR = 56.00 dB | SE = 18.324 bit/s/Hz
[77424 ms] [UE 15599] UL: SNR = 52.50 dB | SE = 17.179 bit/s/Hz
[77425 ms] [UE 33952] UL: SNR = 57.50 dB | SE = 18.815 bit/s/Hz
[77425 ms] [UE 12169] UL: SNR = 63.50 dB | SE = 20.778 bit/s/Hz
[77425 ms] [UE 22873] UL: SNR = 57.50 dB | SE = 18.815 bit/s/Hz
[77425 ms] [UE 30556] UL: SNR = 54.00 dB | SE = 17.669 bit/s/Hz
[77425 ms] [UE 20945] UL: SNR = 63.50 dB | SE = 20.778 bit/s/Hz
[77533 ms] [UE 45898] UL: SNR = 63.50 dB | SE = 20.778 bit/s/Hz
[77533 ms] [UE 36997] UL: SNR = 63.50 dB | SE = 20.778 bit/s/Hz
[77533 ms] [UE 48787] UL: SNR = 63.50 dB | SE = 20.778 bit/s/Hz
[77533 ms] [UE 40252] UL: SNR = 56.00 dB | SE = 18.324 bit/s/Hz
[77533 ms] [UE 15599] UL: SNR = 52.50 dB | SE = 17.179 bit/s/Hz
[77535 ms] [UE 33952] UL: SNR = 57.50 dB | SE = 18.815 bit/s/Hz
[77535 ms] [UE 12169] UL: SNR = 63.50 dB | SE = 20.778 bit/s/Hz
[77535 ms] [UE 22873] UL: SNR = 57.50 dB | SE = 18.815 bit/s/Hz
[77535 ms] [UE 30556] UL: SNR = 54.00 dB | SE = 17.669 bit/s/Hz
[77535 ms] [UE 20945] UL: SNR = 63.50 dB | SE = 20.778 bit/s/Hz
[77633 ms] [UE 45898] UL: SNR = 63.50 dB | SE = 20.778 bit/s/Hz
[77633 ms] [UE 36997] UL: SNR = 63.50 dB | SE = 20.778 bit/s/Hz
[77633 ms] [UE 48787] UL: SNR = 63.50 dB | SE = 20.778 bit/s/Hz
[77633 ms] [UE 40252] UL: SNR = 56.00 dB | SE = 18.324 bit/s/Hz
[77633 ms] [UE 15599] UL: SNR = 52.50 dB | SE = 17.179 bit/s/Hz
[77635 ms] [UE 33952] UL: SNR = 57.50 dB | SE = 18.815 bit/s/Hz
[77635 ms] [UE 12169] UL: SNR = 63.50 dB | SE = 20.778 bit/s/Hz
[77635 ms] [UE 22873] UL: SNR = 57.50 dB | SE = 18.815 bit/s/Hz
[77635 ms] [UE 30556] UL: SNR = 54.00 dB | SE = 17.669 bit/s/Hz
[77635 ms] [UE 20945] UL: SNR = 63.50 dB | SE = 20.778 bit/s/Hz
[77743 ms] [UE 45898] UL: SNR = 63.50 dB | SE = 20.778 bit/s/Hz
[77743 ms] [UE 36997] UL: SNR = 63.50 dB | SE = 20.778 bit/s/Hz
[77743 ms] [UE 48787] UL: SNR = 63.50 dB | SE = 20.778 bit/s/Hz
[77743 ms] [UE 40252] UL: SNR = 56.00 dB | SE = 18.324 bit/s/Hz
[77743 ms] [UE 15599] UL: SNR = 52.50 dB | SE = 17.179 bit/s/Hz
[77745 ms] [UE 33952] UL: SNR = 57.50 dB | SE = 18.815 bit/s/Hz
[77745 ms] [UE 12169] UL: SNR = 63.50 dB | SE = 20.778 bit/s/Hz
[77745 ms] [UE 22873] UL: SNR = 63.50 dB | SE = 20.778 bit/s/Hz
[77745 ms] [UE 30556] UL: SNR = 63.50 dB | SE = 20.778 bit/s/Hz
[77745 ms] [UE 20945] UL: SNR = 63.50 dB | SE = 20.778 bit/s/Hz
[77844 ms] [UE 45898] UL: SNR = 63.50 dB | SE = 20.778 bit/s/Hz
[77844 ms] [UE 36997] UL: SNR = 63.50 dB | SE = 20.778 bit/s/Hz
[77844 ms] [UE 48787] UL: SNR = 63.50 dB | SE = 20.778 bit/s/Hz
[77844 ms] [UE 40252] UL: SNR = 56.00 dB | SE = 18.324 bit/s/Hz
[77844 ms] [UE 15599] UL: SNR = 52.50 dB | SE = 17.179 bit/s/Hz
[77845 ms] [UE 33952] UL: SNR = 57.50 dB | SE = 18.815 bit/s/Hz
[77845 ms] [UE 12169] UL: SNR = 63.50 dB | SE = 20.778 bit/s/Hz
[77845 ms] [UE 22873] UL: SNR = 63.50 dB | SE = 20.778 bit/s/Hz
[77845 ms] [UE 30556] UL: SNR = 63.50 dB | SE = 20.778 bit/s/Hz
[77845 ms] [UE 20945] UL: SNR = 63.50 dB | SE = 20.778 bit/s/Hz
[77953 ms] [UE 45898] UL: SNR = 63.50 dB | SE = 20.778 bit/s/Hz
[77953 ms] [UE 36997] UL: SNR = 63.50 dB | SE = 20.778 bit/s/Hz
[77953 ms] [UE 48787] UL: SNR = 63.50 dB | SE = 20.778 bit/s/Hz
[77953 ms] [UE 40252] UL: SNR = 56.00 dB | SE = 18.324 bit/s/Hz
[77953 ms] [UE 15599] UL: SNR = 52.50 dB | SE = 17.179 bit/s/Hz
[77955 ms] [UE 33952] UL: SNR = 57.50 dB | SE = 18.815 bit/s/Hz
[77955 ms] [UE 12169] UL: SNR = 63.50 dB | SE = 20.778 bit/s/Hz
[77955 ms] [UE 22873] UL: SNR = 63.50 dB | SE = 20.778 bit/s/Hz
[77955 ms] [UE 30556] UL: SNR = 63.50 dB | SE = 20.778 bit/s/Hz
[77955 ms] [UE 20945] UL: SNR = 63.50 dB | SE = 20.778 bit/s/Hz
[78053 ms] [UE 45898] UL: SNR = 63.50 dB | SE = 20.778 bit/s/Hz
[78053 ms] [UE 36997] UL: SNR = 63.50 dB | SE = 20.778 bit/s/Hz
[78053 ms] [UE 48787] UL: SNR = 63.50 dB | SE = 20.778 bit/s/Hz
[78053 ms] [UE 40252] UL: SNR = 56.00 dB | SE = 18.324 bit/s/Hz
[78053 ms] [UE 15599] UL: SNR = 52.50 dB | SE = 17.179 bit/s/Hz
[78057 ms] [UE 33952] UL: SNR = 57.50 dB | SE = 18.815 bit/s/Hz
[78057 ms] [UE 12169] UL: SNR = 63.50 dB | SE = 20.778 bit/s/Hz
[78057 ms] [UE 22873] UL: SNR = 63.50 dB | SE = 20.778 bit/s/Hz
[78057 ms] [UE 30556] UL: SNR = 63.50 dB | SE = 20.778 bit/s/Hz
[78057 ms] [UE 20945] UL: SNR = 63.50 dB | SE = 20.778 bit/s/Hz
[78154 ms] [UE 45898] UL: SNR = 63.50 dB | SE = 20.778 bit/s/Hz
[78154 ms] [UE 36997] UL: SNR = 63.50 dB | SE = 20.778 bit/s/Hz
[78154 ms] [UE 48787] UL: SNR = 63.50 dB | SE = 20.778 bit/s/Hz
[78154 ms] [UE 40252] UL: SNR = 56.00 dB | SE = 18.324 bit/s/Hz
[78154 ms] [UE 15599] UL: SNR = 52.50 dB | SE = 17.179 bit/s/Hz
[78157 ms] [UE 33952] UL: SNR = 57.50 dB | SE = 18.815 bit/s/Hz
[78157 ms] [UE 12169] UL: SNR = 63.50 dB | SE = 20.778 bit/s/Hz
[78157 ms] [UE 22873] UL: SNR = 63.50 dB | SE = 20.778 bit/s/Hz
[78157 ms] [UE 30556] UL: SNR = 63.50 dB | SE = 20.778 bit/s/Hz
[78157 ms] [UE 20945] UL: SNR = 63.50 dB | SE = 20.778 bit/s/Hz
[78264 ms] [UE 45898] UL: SNR = 63.50 dB | SE = 20.778 bit/s/Hz
[78264 ms] [UE 36997] UL: SNR = 63.50 dB | SE = 20.778 bit/s/Hz
[78264 ms] [UE 48787] UL: SNR = 63.50 dB | SE = 20.778 bit/s/Hz
[78264 ms] [UE 40252] UL: SNR = 56.00 dB | SE = 18.324 bit/s/Hz
[78264 ms] [UE 15599] UL: SNR = 52.50 dB | SE = 17.179 bit/s/Hz
[78265 ms] [UE 33952] UL: SNR = 57.50 dB | SE = 18.815 bit/s/Hz
[78265 ms] [UE 12169] UL: SNR = 63.50 dB | SE = 20.778 bit/s/Hz
[78265 ms] [UE 22873] UL: SNR = 63.50 dB | SE = 20.778 bit/s/Hz
[78265 ms] [UE 30556] UL: SNR = 63.50 dB | SE = 20.778 bit/s/Hz
[78265 ms] [UE 20945] UL: SNR = 63.50 dB | SE = 20.778 bit/s/Hz
[78373 ms] [UE 45898] UL: SNR = 63.50 dB | SE = 20.778 bit/s/Hz
[78373 ms] [UE 36997] UL: SNR = 63.50 dB | SE = 20.778 bit/s/Hz
[78373 ms] [UE 48787] UL: SNR = 63.50 dB | SE = 20.778 bit/s/Hz
[78373 ms] [UE 40252] UL: SNR = 56.00 dB | SE = 18.324 bit/s/Hz
[78373 ms] [UE 15599] UL: SNR = 52.50 dB | SE = 17.179 bit/s/Hz
[78375 ms] [UE 33952] UL: SNR = 57.50 dB | SE = 18.815 bit/s/Hz
[78375 ms] [UE 12169] UL: SNR = 63.50 dB | SE = 20.778 bit/s/Hz
[78375 ms] [UE 22873] UL: SNR = 63.50 dB | SE = 20.778 bit/s/Hz
[78375 ms] [UE 30556] UL: SNR = 63.50 dB | SE = 20.778 bit/s/Hz
[78375 ms] [UE 20945] UL: SNR = 63.50 dB | SE = 20.778 bit/s/Hz
[78473 ms] [UE 45898] UL: SNR = 63.50 dB | SE = 20.778 bit/s/Hz
[78473 ms] [UE 36997] UL: SNR = 63.50 dB | SE = 20.778 bit/s/Hz
[78473 ms] [UE 48787] UL: SNR = 63.50 dB | SE = 20.778 bit/s/Hz
[78473 ms] [UE 40252] UL: SNR = 56.00 dB | SE = 18.324 bit/s/Hz
[78473 ms] [UE 15599] UL: SNR = 52.50 dB | SE = 17.179 bit/s/Hz
[78485 ms] [UE 33952] UL: SNR = 57.50 dB | SE = 18.815 bit/s/Hz
[78485 ms] [UE 12169] UL: SNR = 63.50 dB | SE = 20.778 bit/s/Hz
[78485 ms] [UE 22873] UL: SNR = 63.50 dB | SE = 20.778 bit/s/Hz
[78485 ms] [UE 30556] UL: SNR = 63.50 dB | SE = 20.778 bit/s/Hz
[78485 ms] [UE 20945] UL: SNR = 63.50 dB | SE = 20.778 bit/s/Hz
[78573 ms] [UE 45898] UL: SNR = 63.50 dB | SE = 20.778 bit/s/Hz
[78573 ms] [UE 36997] UL: SNR = 63.50 dB | SE = 20.778 bit/s/Hz
[78573 ms] [UE 48787] UL: SNR = 63.50 dB | SE = 20.778 bit/s/Hz
[78573 ms] [UE 40252] UL: SNR = 56.00 dB | SE = 18.324 bit/s/Hz
[78573 ms] [UE 15599] UL: SNR = 52.50 dB | SE = 17.179 bit/s/Hz
[78585 ms] [UE 33952] UL: SNR = 57.50 dB | SE = 18.815 bit/s/Hz
[78585 ms] [UE 12169] UL: SNR = 63.50 dB | SE = 20.778 bit/s/Hz
[78585 ms] [UE 22873] UL: SNR = 63.50 dB | SE = 20.778 bit/s/Hz
[78585 ms] [UE 30556] UL: SNR = 63.50 dB | SE = 20.778 bit/s/Hz
[78585 ms] [UE 20945] UL: SNR = 63.50 dB | SE = 20.778 bit/s/Hz
[78683 ms] [UE 45898] UL: SNR = 63.50 dB | SE = 20.778 bit/s/Hz
[78683 ms] [UE 36997] UL: SNR = 63.50 dB | SE = 20.778 bit/s/Hz
[78683 ms] [UE 48787] UL: SNR = 63.50 dB | SE = 20.778 bit/s/Hz
[78683 ms] [UE 40252] UL: SNR = 56.00 dB | SE = 18.324 bit/s/Hz
[78683 ms] [UE 15599] UL: SNR = 52.50 dB | SE = 17.179 bit/s/Hz
[78695 ms] [UE 33952] UL: SNR = 57.50 dB | SE = 18.815 bit/s/Hz
[78695 ms] [UE 12169] UL: SNR = 63.50 dB | SE = 20.778 bit/s/Hz
[78695 ms] [UE 22873] UL: SNR = 63.50 dB | SE = 20.778 bit/s/Hz
[78695 ms] [UE 30556] UL: SNR = 63.50 dB | SE = 20.778 bit/s/Hz
[78695 ms] [UE 20945] UL: SNR = 63.50 dB | SE = 20.778 bit/s/Hz
[78783 ms] [UE 45898] UL: SNR = 63.50 dB | SE = 20.778 bit/s/Hz
[78783 ms] [UE 36997] UL: SNR = 63.50 dB | SE = 20.778 bit/s/Hz
[78783 ms] [UE 48787] UL: SNR = 63.50 dB | SE = 20.778 bit/s/Hz
[78783 ms] [UE 40252] UL: SNR = 56.00 dB | SE = 18.324 bit/s/Hz
[78783 ms] [UE 15599] UL: SNR = 52.50 dB | SE = 17.179 bit/s/Hz
[78795 ms] [UE 33952] UL: SNR = 57.50 dB | SE = 18.815 bit/s/Hz
[78795 ms] [UE 12169] UL: SNR = 63.50 dB | SE = 20.778 bit/s/Hz
[78795 ms] [UE 22873] UL: SNR = 63.50 dB | SE = 20.778 bit/s/Hz
[78795 ms] [UE 30556] UL: SNR = 63.50 dB | SE = 20.778 bit/s/Hz
[78795 ms] [UE 20945] UL: SNR = 63.50 dB | SE = 20.778 bit/s/Hz
[78893 ms] [UE 45898] UL: SNR = 63.50 dB | SE = 20.778 bit/s/Hz
[78893 ms] [UE 36997] UL: SNR = 63.50 dB | SE = 20.778 bit/s/Hz
[78893 ms] [UE 48787] UL: SNR = 63.50 dB | SE = 20.778 bit/s/Hz
[78893 ms] [UE 40252] UL: SNR = 56.00 dB | SE = 18.324 bit/s/Hz
[78893 ms] [UE 15599] UL: SNR = 52.50 dB | SE = 17.179 bit/s/Hz
[78895 ms] [UE 33952] UL: SNR = 57.50 dB | SE = 18.815 bit/s/Hz
[78895 ms] [UE 12169] UL: SNR = 63.50 dB | SE = 20.778 bit/s/Hz
[78895 ms] [UE 22873] UL: SNR = 63.50 dB | SE = 20.778 bit/s/Hz
[78895 ms] [UE 30556] UL: SNR = 63.50 dB | SE = 20.778 bit/s/Hz
[78895 ms] [UE 20945] UL: SNR = 63.50 dB | SE = 20.778 bit/s/Hz
[78993 ms] [UE 45898] UL: SNR = 63.50 dB | SE = 20.778 bit/s/Hz
[78993 ms] [UE 36997] UL: SNR = 63.50 dB | SE = 20.778 bit/s/Hz
[78993 ms] [UE 48787] UL: SNR = 63.50 dB | SE = 20.778 bit/s/Hz
[78993 ms] [UE 40252] UL: SNR = 56.00 dB | SE = 18.324 bit/s/Hz
[78993 ms] [UE 15599] UL: SNR = 52.50 dB | SE = 17.179 bit/s/Hz
[78995 ms] [UE 33952] UL: SNR = 57.50 dB | SE = 18.815 bit/s/Hz
[78995 ms] [UE 12169] UL: SNR = 63.50 dB | SE = 20.778 bit/s/Hz
[78995 ms] [UE 22873] UL: SNR = 63.50 dB | SE = 20.778 bit/s/Hz
[78995 ms] [UE 30556] UL: SNR = 63.50 dB | SE = 20.778 bit/s/Hz
[78995 ms] [UE 20945] UL: SNR = 63.50 dB | SE = 20.778 bit/s/Hz
[79098 ms] [UE 33952] UL: SNR = 57.50 dB | SE = 18.815 bit/s/Hz
[79098 ms] [UE 12169] UL: SNR = 63.50 dB | SE = 20.778 bit/s/Hz
[79098 ms] [UE 22873] UL: SNR = 63.50 dB | SE = 20.778 bit/s/Hz
[79098 ms] [UE 30556] UL: SNR = 63.50 dB | SE = 20.778 bit/s/Hz
[79098 ms] [UE 20945] UL: SNR = 63.50 dB | SE = 20.778 bit/s/Hz
[79103 ms] [UE 45898] UL: SNR = 63.50 dB | SE = 20.778 bit/s/Hz
[79103 ms] [UE 36997] UL: SNR = 63.50 dB | SE = 20.778 bit/s/Hz
[79103 ms] [UE 48787] UL: SNR = 63.50 dB | SE = 20.778 bit/s/Hz
[79103 ms] [UE 40252] UL: SNR = 56.00 dB | SE = 18.324 bit/s/Hz
[79103 ms] [UE 15599] UL: SNR = 52.50 dB | SE = 17.179 bit/s/Hz
[79205 ms] [UE 33952] UL: SNR = 57.50 dB | SE = 18.815 bit/s/Hz
[79205 ms] [UE 12169] UL: SNR = 63.50 dB | SE = 20.778 bit/s/Hz
[79205 ms] [UE 22873] UL: SNR = 63.50 dB | SE = 20.778 bit/s/Hz
[79205 ms] [UE 30556] UL: SNR = 63.50 dB | SE = 20.778 bit/s/Hz
[79205 ms] [UE 20945] UL: SNR = 63.50 dB | SE = 20.778 bit/s/Hz
[79213 ms] [UE 45898] UL: SNR = 63.50 dB | SE = 20.778 bit/s/Hz
[79213 ms] [UE 36997] UL: SNR = 63.50 dB | SE = 20.778 bit/s/Hz
[79213 ms] [UE 48787] UL: SNR = 63.50 dB | SE = 20.778 bit/s/Hz
[79213 ms] [UE 40252] UL: SNR = 56.00 dB | SE = 18.324 bit/s/Hz
[79213 ms] [UE 15599] UL: SNR = 52.50 dB | SE = 17.179 bit/s/Hz
[79315 ms] [UE 33952] UL: SNR = 57.50 dB | SE = 18.815 bit/s/Hz
[79315 ms] [UE 12169] UL: SNR = 63.50 dB | SE = 20.778 bit/s/Hz
[79315 ms] [UE 22873] UL: SNR = 63.50 dB | SE = 20.778 bit/s/Hz
[79315 ms] [UE 30556] UL: SNR = 63.50 dB | SE = 20.778 bit/s/Hz
[79315 ms] [UE 20945] UL: SNR = 63.50 dB | SE = 20.778 bit/s/Hz
[79323 ms] [UE 45898] UL: SNR = 63.50 dB | SE = 20.778 bit/s/Hz
[79323 ms] [UE 36997] UL: SNR = 63.50 dB | SE = 20.778 bit/s/Hz
[79323 ms] [UE 48787] UL: SNR = 63.50 dB | SE = 20.778 bit/s/Hz
[79323 ms] [UE 40252] UL: SNR = 56.00 dB | SE = 18.324 bit/s/Hz
[79323 ms] [UE 15599] UL: SNR = 52.50 dB | SE = 17.179 bit/s/Hz
[79416 ms] [UE 33952] UL: SNR = 57.50 dB | SE = 18.815 bit/s/Hz
[79416 ms] [UE 12169] UL: SNR = 63.50 dB | SE = 20.778 bit/s/Hz
[79416 ms] [UE 22873] UL: SNR = 63.50 dB | SE = 20.778 bit/s/Hz
[79416 ms] [UE 30556] UL: SNR = 63.50 dB | SE = 20.778 bit/s/Hz
[79416 ms] [UE 20945] UL: SNR = 63.50 dB | SE = 20.778 bit/s/Hz
[79434 ms] [UE 45898] UL: SNR = 63.50 dB | SE = 20.778 bit/s/Hz
[79434 ms] [UE 36997] UL: SNR = 63.50 dB | SE = 20.778 bit/s/Hz
[79434 ms] [UE 48787] UL: SNR = 63.50 dB | SE = 20.778 bit/s/Hz
[79434 ms] [UE 40252] UL: SNR = 56.00 dB | SE = 18.324 bit/s/Hz
[79434 ms] [UE 15599] UL: SNR = 52.50 dB | SE = 17.179 bit/s/Hz
[79525 ms] [UE 33952] UL: SNR = 57.50 dB | SE = 18.815 bit/s/Hz
[79525 ms] [UE 12169] UL: SNR = 63.50 dB | SE = 20.778 bit/s/Hz
[79525 ms] [UE 22873] UL: SNR = 63.50 dB | SE = 20.778 bit/s/Hz
[79525 ms] [UE 30556] UL: SNR = 63.50 dB | SE = 20.778 bit/s/Hz
[79525 ms] [UE 20945] UL: SNR = 63.50 dB | SE = 20.778 bit/s/Hz
[79543 ms] [UE 45898] UL: SNR = 63.50 dB | SE = 20.778 bit/s/Hz
[79543 ms] [UE 36997] UL: SNR = 63.50 dB | SE = 20.778 bit/s/Hz
[79543 ms] [UE 48787] UL: SNR = 63.50 dB | SE = 20.778 bit/s/Hz
[79543 ms] [UE 40252] UL: SNR = 56.00 dB | SE = 18.324 bit/s/Hz
[79543 ms] [UE 15599] UL: SNR = 52.50 dB | SE = 17.179 bit/s/Hz
[79625 ms] [UE 33952] UL: SNR = 57.50 dB | SE = 18.815 bit/s/Hz
[79625 ms] [UE 12169] UL: SNR = 63.50 dB | SE = 20.778 bit/s/Hz
[79625 ms] [UE 22873] UL: SNR = 63.50 dB | SE = 20.778 bit/s/Hz
[79625 ms] [UE 30556] UL: SNR = 63.50 dB | SE = 20.778 bit/s/Hz
[79625 ms] [UE 20945] UL: SNR = 63.50 dB | SE = 20.778 bit/s/Hz
[79653 ms] [UE 45898] UL: SNR = 63.50 dB | SE = 20.778 bit/s/Hz
[79653 ms] [UE 36997] UL: SNR = 63.50 dB | SE = 20.778 bit/s/Hz
[79653 ms] [UE 48787] UL: SNR = 63.50 dB | SE = 20.778 bit/s/Hz
[79653 ms] [UE 40252] UL: SNR = 56.00 dB | SE = 18.324 bit/s/Hz
[79653 ms] [UE 15599] UL: SNR = 52.50 dB | SE = 17.179 bit/s/Hz
[79735 ms] [UE 33952] UL: SNR = 57.50 dB | SE = 18.815 bit/s/Hz
[79735 ms] [UE 12169] UL: SNR = 63.50 dB | SE = 20.778 bit/s/Hz
[79735 ms] [UE 22873] UL: SNR = 63.50 dB | SE = 20.778 bit/s/Hz
[79735 ms] [UE 30556] UL: SNR = 7.50 dB | SE = 2.687 bit/s/Hz
[79735 ms] [UE 20945] UL: SNR = 63.50 dB | SE = 20.778 bit/s/Hz
[79764 ms] [UE 45898] UL: SNR = 63.50 dB | SE = 20.778 bit/s/Hz
[79764 ms] [UE 36997] UL: SNR = 63.50 dB | SE = 20.778 bit/s/Hz
[79764 ms] [UE 48787] UL: SNR = 63.50 dB | SE = 20.778 bit/s/Hz
[79764 ms] [UE 40252] UL: SNR = 56.00 dB | SE = 18.324 bit/s/Hz
[79764 ms] [UE 15599] UL: SNR = 52.50 dB | SE = 17.179 bit/s/Hz
[79845 ms] [UE 33952] UL: SNR = 57.50 dB | SE = 18.815 bit/s/Hz
[79845 ms] [UE 12169] UL: SNR = 63.50 dB | SE = 20.778 bit/s/Hz
[79845 ms] [UE 22873] UL: SNR = 63.50 dB | SE = 20.778 bit/s/Hz
[79845 ms] [UE 30556] UL: SNR = 7.50 dB | SE = 2.687 bit/s/Hz
[79845 ms] [UE 20945] UL: SNR = 63.50 dB | SE = 20.778 bit/s/Hz
[79873 ms] [UE 45898] UL: SNR = 63.50 dB | SE = 20.778 bit/s/Hz
[79873 ms] [UE 36997] UL: SNR = 63.50 dB | SE = 20.778 bit/s/Hz
[79873 ms] [UE 48787] UL: SNR = 63.50 dB | SE = 20.778 bit/s/Hz
[79873 ms] [UE 40252] UL: SNR = 56.00 dB | SE = 18.324 bit/s/Hz
[79873 ms] [UE 15599] UL: SNR = 52.50 dB | SE = 17.179 bit/s/Hz
[79945 ms] [UE 33952] UL: SNR = 57.50 dB | SE = 18.815 bit/s/Hz
[79945 ms] [UE 12169] UL: SNR = 63.50 dB | SE = 20.778 bit/s/Hz
[79945 ms] [UE 22873] UL: SNR = 63.50 dB | SE = 20.778 bit/s/Hz
[79945 ms] [UE 30556] UL: SNR = 7.50 dB | SE = 2.687 bit/s/Hz
[79945 ms] [UE 20945] UL: SNR = 63.50 dB | SE = 20.778 bit/s/Hz
[79973 ms] [UE 45898] UL: SNR = 63.50 dB | SE = 20.778 bit/s/Hz
[79973 ms] [UE 36997] UL: SNR = 63.50 dB | SE = 20.778 bit/s/Hz
[79973 ms] [UE 48787] UL: SNR = 63.50 dB | SE = 20.778 bit/s/Hz
[79973 ms] [UE 40252] UL: SNR = 56.00 dB | SE = 18.324 bit/s/Hz
[79973 ms] [UE 15599] UL: SNR = 52.50 dB | SE = 17.179 bit/s/Hz
[80046 ms] [UE 33952] UL: SNR = 57.50 dB | SE = 18.815 bit/s/Hz
[80046 ms] [UE 12169] UL: SNR = 63.50 dB | SE = 20.778 bit/s/Hz
[80046 ms] [UE 22873] UL: SNR = 63.50 dB | SE = 20.778 bit/s/Hz
[80046 ms] [UE 30556] UL: SNR = 7.50 dB | SE = 2.687 bit/s/Hz
[80046 ms] [UE 20945] UL: SNR = 63.50 dB | SE = 20.778 bit/s/Hz
[80083 ms] [UE 45898] UL: SNR = 63.50 dB | SE = 20.778 bit/s/Hz
[80083 ms] [UE 36997] UL: SNR = 63.50 dB | SE = 20.778 bit/s/Hz
[80083 ms] [UE 48787] UL: SNR = 63.50 dB | SE = 20.778 bit/s/Hz
[80083 ms] [UE 40252] UL: SNR = 56.00 dB | SE = 18.324 bit/s/Hz
[80083 ms] [UE 15599] UL: SNR = 52.50 dB | SE = 17.179 bit/s/Hz
[80155 ms] [UE 33952] UL: SNR = 57.50 dB | SE = 18.815 bit/s/Hz
[80155 ms] [UE 12169] UL: SNR = 63.50 dB | SE = 20.778 bit/s/Hz
[80155 ms] [UE 22873] UL: SNR = 63.50 dB | SE = 20.778 bit/s/Hz
[80155 ms] [UE 30556] UL: SNR = 7.50 dB | SE = 2.687 bit/s/Hz
[80155 ms] [UE 20945] UL: SNR = 63.50 dB | SE = 20.778 bit/s/Hz
[80183 ms] [UE 45898] UL: SNR = 63.50 dB | SE = 20.778 bit/s/Hz
[80183 ms] [UE 36997] UL: SNR = 63.50 dB | SE = 20.778 bit/s/Hz
[80183 ms] [UE 48787] UL: SNR = 63.50 dB | SE = 20.778 bit/s/Hz
[80183 ms] [UE 40252] UL: SNR = 56.00 dB | SE = 18.324 bit/s/Hz
[80183 ms] [UE 15599] UL: SNR = 52.50 dB | SE = 17.179 bit/s/Hz
[80265 ms] [UE 33952] UL: SNR = 57.50 dB | SE = 18.815 bit/s/Hz
[80265 ms] [UE 12169] UL: SNR = 63.50 dB | SE = 20.778 bit/s/Hz
[80265 ms] [UE 22873] UL: SNR = 63.50 dB | SE = 20.778 bit/s/Hz
[80265 ms] [UE 30556] UL: SNR = 7.50 dB | SE = 2.687 bit/s/Hz
[80265 ms] [UE 20945] UL: SNR = 63.50 dB | SE = 20.778 bit/s/Hz
[80294 ms] [UE 45898] UL: SNR = 63.50 dB | SE = 20.778 bit/s/Hz
[80294 ms] [UE 36997] UL: SNR = 63.50 dB | SE = 20.778 bit/s/Hz
[80294 ms] [UE 48787] UL: SNR = 63.50 dB | SE = 20.778 bit/s/Hz
[80294 ms] [UE 40252] UL: SNR = 56.00 dB | SE = 18.324 bit/s/Hz
[80294 ms] [UE 15599] UL: SNR = 52.50 dB | SE = 17.179 bit/s/Hz
[80378 ms] [UE 33952] UL: SNR = 57.50 dB | SE = 18.815 bit/s/Hz
[80378 ms] [UE 12169] UL: SNR = 63.50 dB | SE = 20.778 bit/s/Hz
[80378 ms] [UE 22873] UL: SNR = 63.50 dB | SE = 20.778 bit/s/Hz
[80378 ms] [UE 30556] UL: SNR = 7.50 dB | SE = 2.687 bit/s/Hz
[80378 ms] [UE 20945] UL: SNR = 63.50 dB | SE = 20.778 bit/s/Hz
[80404 ms] [UE 45898] UL: SNR = 63.50 dB | SE = 20.778 bit/s/Hz
[80404 ms] [UE 36997] UL: SNR = 63.50 dB | SE = 20.778 bit/s/Hz
[80404 ms] [UE 48787] UL: SNR = 63.50 dB | SE = 20.778 bit/s/Hz
[80404 ms] [UE 40252] UL: SNR = 56.00 dB | SE = 18.324 bit/s/Hz
[80404 ms] [UE 15599] UL: SNR = 52.50 dB | SE = 17.179 bit/s/Hz
[80485 ms] [UE 33952] UL: SNR = 57.50 dB | SE = 18.815 bit/s/Hz
[80485 ms] [UE 12169] UL: SNR = 63.50 dB | SE = 20.778 bit/s/Hz
[80485 ms] [UE 22873] UL: SNR = 63.50 dB | SE = 20.778 bit/s/Hz
[80485 ms] [UE 30556] UL: SNR = 53.50 dB | SE = 17.506 bit/s/Hz
[80485 ms] [UE 20945] UL: SNR = 63.50 dB | SE = 20.778 bit/s/Hz
[80514 ms] [UE 45898] UL: SNR = 63.50 dB | SE = 20.778 bit/s/Hz
[80514 ms] [UE 36997] UL: SNR = 63.50 dB | SE = 20.778 bit/s/Hz
[80514 ms] [UE 48787] UL: SNR = 63.50 dB | SE = 20.778 bit/s/Hz
[80514 ms] [UE 40252] UL: SNR = 56.00 dB | SE = 18.324 bit/s/Hz
[80514 ms] [UE 15599] UL: SNR = 52.50 dB | SE = 17.179 bit/s/Hz
[80585 ms] [UE 33952] UL: SNR = 57.50 dB | SE = 18.815 bit/s/Hz
[80585 ms] [UE 12169] UL: SNR = 63.50 dB | SE = 20.778 bit/s/Hz
[80585 ms] [UE 22873] UL: SNR = 63.50 dB | SE = 20.778 bit/s/Hz
[80585 ms] [UE 30556] UL: SNR = 53.50 dB | SE = 17.506 bit/s/Hz
[80585 ms] [UE 20945] UL: SNR = 63.50 dB | SE = 20.778 bit/s/Hz
[80623 ms] [UE 45898] UL: SNR = 63.50 dB | SE = 20.778 bit/s/Hz
[80623 ms] [UE 36997] UL: SNR = 63.50 dB | SE = 20.778 bit/s/Hz
[80623 ms] [UE 48787] UL: SNR = 63.50 dB | SE = 20.778 bit/s/Hz
[80623 ms] [UE 40252] UL: SNR = 56.00 dB | SE = 18.324 bit/s/Hz
[80623 ms] [UE 15599] UL: SNR = 52.50 dB | SE = 17.179 bit/s/Hz
[80695 ms] [UE 33952] UL: SNR = 57.50 dB | SE = 18.815 bit/s/Hz
[80695 ms] [UE 12169] UL: SNR = 63.50 dB | SE = 20.778 bit/s/Hz
[80695 ms] [UE 22873] UL: SNR = 63.50 dB | SE = 20.778 bit/s/Hz
[80695 ms] [UE 30556] UL: SNR = 54.00 dB | SE = 17.669 bit/s/Hz
[80695 ms] [UE 20945] UL: SNR = 63.50 dB | SE = 20.778 bit/s/Hz
[80723 ms] [UE 45898] UL: SNR = 63.50 dB | SE = 20.778 bit/s/Hz
[80723 ms] [UE 36997] UL: SNR = 63.50 dB | SE = 20.778 bit/s/Hz
[80723 ms] [UE 48787] UL: SNR = 63.50 dB | SE = 20.778 bit/s/Hz
[80723 ms] [UE 40252] UL: SNR = 56.00 dB | SE = 18.324 bit/s/Hz
[80723 ms] [UE 15599] UL: SNR = 52.50 dB | SE = 17.179 bit/s/Hz
[80795 ms] [UE 33952] UL: SNR = 57.50 dB | SE = 18.815 bit/s/Hz
[80795 ms] [UE 12169] UL: SNR = 63.50 dB | SE = 20.778 bit/s/Hz
[80795 ms] [UE 22873] UL: SNR = 63.50 dB | SE = 20.778 bit/s/Hz
[80795 ms] [UE 30556] UL: SNR = 54.00 dB | SE = 17.669 bit/s/Hz
[80795 ms] [UE 20945] UL: SNR = 63.50 dB | SE = 20.778 bit/s/Hz
[80823 ms] [UE 45898] UL: SNR = 63.50 dB | SE = 20.778 bit/s/Hz
[80823 ms] [UE 36997] UL: SNR = 63.50 dB | SE = 20.778 bit/s/Hz
[80823 ms] [UE 48787] UL: SNR = 63.50 dB | SE = 20.778 bit/s/Hz
[80823 ms] [UE 40252] UL: SNR = 56.00 dB | SE = 18.324 bit/s/Hz
[80823 ms] [UE 15599] UL: SNR = 52.50 dB | SE = 17.179 bit/s/Hz
[80905 ms] [UE 33952] UL: SNR = 57.50 dB | SE = 18.815 bit/s/Hz
[80905 ms] [UE 12169] UL: SNR = 63.50 dB | SE = 20.778 bit/s/Hz
[80905 ms] [UE 22873] UL: SNR = 63.50 dB | SE = 20.778 bit/s/Hz
[80905 ms] [UE 30556] UL: SNR = 63.50 dB | SE = 20.778 bit/s/Hz
[80905 ms] [UE 20945] UL: SNR = 63.50 dB | SE = 20.778 bit/s/Hz
[80923 ms] [UE 45898] UL: SNR = 63.50 dB | SE = 20.778 bit/s/Hz
[80923 ms] [UE 36997] UL: SNR = 63.50 dB | SE = 20.778 bit/s/Hz
[80923 ms] [UE 48787] UL: SNR = 63.50 dB | SE = 20.778 bit/s/Hz
[80923 ms] [UE 40252] UL: SNR = 56.00 dB | SE = 18.324 bit/s/Hz
[80923 ms] [UE 15599] UL: SNR = 52.50 dB | SE = 17.179 bit/s/Hz
[81015 ms] [UE 33952] UL: SNR = 57.50 dB | SE = 18.815 bit/s/Hz
[81015 ms] [UE 12169] UL: SNR = 63.50 dB | SE = 20.778 bit/s/Hz
[81015 ms] [UE 22873] UL: SNR = 63.50 dB | SE = 20.778 bit/s/Hz
[81015 ms] [UE 30556] UL: SNR = 63.50 dB | SE = 20.778 bit/s/Hz
[81015 ms] [UE 20945] UL: SNR = 63.50 dB | SE = 20.778 bit/s/Hz
[81033 ms] [UE 45898] UL: SNR = 63.50 dB | SE = 20.778 bit/s/Hz
[81033 ms] [UE 36997] UL: SNR = 63.50 dB | SE = 20.778 bit/s/Hz
[81033 ms] [UE 48787] UL: SNR = 63.50 dB | SE = 20.778 bit/s/Hz
[81033 ms] [UE 40252] UL: SNR = 56.00 dB | SE = 18.324 bit/s/Hz
[81033 ms] [UE 15599] UL: SNR = 52.50 dB | SE = 17.179 bit/s/Hz
[81115 ms] [UE 33952] UL: SNR = 57.50 dB | SE = 18.815 bit/s/Hz
[81115 ms] [UE 12169] UL: SNR = 63.50 dB | SE = 20.778 bit/s/Hz
[81115 ms] [UE 22873] UL: SNR = 63.50 dB | SE = 20.778 bit/s/Hz
[81115 ms] [UE 30556] UL: SNR = 63.50 dB | SE = 20.778 bit/s/Hz
[81115 ms] [UE 20945] UL: SNR = 63.50 dB | SE = 20.778 bit/s/Hz
[81134 ms] [UE 45898] UL: SNR = 63.50 dB | SE = 20.778 bit/s/Hz
[81134 ms] [UE 36997] UL: SNR = 63.50 dB | SE = 20.778 bit/s/Hz
[81134 ms] [UE 48787] UL: SNR = 63.50 dB | SE = 20.778 bit/s/Hz
[81134 ms] [UE 40252] UL: SNR = 56.00 dB | SE = 18.324 bit/s/Hz
[81134 ms] [UE 15599] UL: SNR = 52.50 dB | SE = 17.179 bit/s/Hz
[81216 ms] [UE 33952] UL: SNR = 57.50 dB | SE = 18.815 bit/s/Hz
[81216 ms] [UE 12169] UL: SNR = 63.50 dB | SE = 20.778 bit/s/Hz
[81216 ms] [UE 22873] UL: SNR = 63.50 dB | SE = 20.778 bit/s/Hz
[81216 ms] [UE 30556] UL: SNR = 54.00 dB | SE = 17.669 bit/s/Hz
[81216 ms] [UE 20945] UL: SNR = 63.50 dB | SE = 20.778 bit/s/Hz
[81243 ms] [UE 45898] UL: SNR = 63.50 dB | SE = 20.778 bit/s/Hz
[81243 ms] [UE 36997] UL: SNR = 63.50 dB | SE = 20.778 bit/s/Hz
[81243 ms] [UE 48787] UL: SNR = 63.50 dB | SE = 20.778 bit/s/Hz
[81243 ms] [UE 40252] UL: SNR = 56.00 dB | SE = 18.324 bit/s/Hz
[81243 ms] [UE 15599] UL: SNR = 52.50 dB | SE = 17.179 bit/s/Hz
[81325 ms] [UE 33952] UL: SNR = 57.50 dB | SE = 18.815 bit/s/Hz
[81325 ms] [UE 12169] UL: SNR = 63.50 dB | SE = 20.778 bit/s/Hz
[81325 ms] [UE 22873] UL: SNR = 63.50 dB | SE = 20.778 bit/s/Hz
[81325 ms] [UE 30556] UL: SNR = 54.00 dB | SE = 17.669 bit/s/Hz
[81325 ms] [UE 20945] UL: SNR = 63.50 dB | SE = 20.778 bit/s/Hz
[81344 ms] [UE 45898] UL: SNR = 63.50 dB | SE = 20.778 bit/s/Hz
[81344 ms] [UE 36997] UL: SNR = 63.50 dB | SE = 20.778 bit/s/Hz
[81344 ms] [UE 48787] UL: SNR = 63.50 dB | SE = 20.778 bit/s/Hz
[81344 ms] [UE 40252] UL: SNR = 56.00 dB | SE = 18.324 bit/s/Hz
[81344 ms] [UE 15599] UL: SNR = 52.50 dB | SE = 17.179 bit/s/Hz
[81435 ms] [UE 33952] UL: SNR = 63.50 dB | SE = 20.778 bit/s/Hz
[81435 ms] [UE 12169] UL: SNR = 63.50 dB | SE = 20.778 bit/s/Hz
[81435 ms] [UE 22873] UL: SNR = 63.50 dB | SE = 20.778 bit/s/Hz
[81435 ms] [UE 30556] UL: SNR = 63.50 dB | SE = 20.778 bit/s/Hz
[81435 ms] [UE 20945] UL: SNR = 63.50 dB | SE = 20.778 bit/s/Hz
[81454 ms] [UE 45898] UL: SNR = 63.50 dB | SE = 20.778 bit/s/Hz
[81454 ms] [UE 36997] UL: SNR = 63.50 dB | SE = 20.778 bit/s/Hz
[81454 ms] [UE 48787] UL: SNR = 63.50 dB | SE = 20.778 bit/s/Hz
[81454 ms] [UE 40252] UL: SNR = 56.00 dB | SE = 18.324 bit/s/Hz
[81454 ms] [UE 15599] UL: SNR = 52.50 dB | SE = 17.179 bit/s/Hz
[81545 ms] [UE 33952] UL: SNR = 63.50 dB | SE = 20.778 bit/s/Hz
[81545 ms] [UE 12169] UL: SNR = 63.50 dB | SE = 20.778 bit/s/Hz
[81545 ms] [UE 22873] UL: SNR = 63.50 dB | SE = 20.778 bit/s/Hz
[81545 ms] [UE 30556] UL: SNR = 63.50 dB | SE = 20.778 bit/s/Hz
[81545 ms] [UE 20945] UL: SNR = 63.50 dB | SE = 20.778 bit/s/Hz
[81554 ms] [UE 45898] UL: SNR = 63.50 dB | SE = 20.778 bit/s/Hz
[81554 ms] [UE 36997] UL: SNR = 63.50 dB | SE = 20.778 bit/s/Hz
[81554 ms] [UE 48787] UL: SNR = 63.50 dB | SE = 20.778 bit/s/Hz
[81554 ms] [UE 40252] UL: SNR = 56.00 dB | SE = 18.324 bit/s/Hz
[81554 ms] [UE 15599] UL: SNR = 52.50 dB | SE = 17.179 bit/s/Hz
[81645 ms] [UE 33952] UL: SNR = 63.50 dB | SE = 20.778 bit/s/Hz
[81645 ms] [UE 12169] UL: SNR = 63.50 dB | SE = 20.778 bit/s/Hz
[81645 ms] [UE 22873] UL: SNR = 63.50 dB | SE = 20.778 bit/s/Hz
[81645 ms] [UE 30556] UL: SNR = 63.50 dB | SE = 20.778 bit/s/Hz
[81645 ms] [UE 20945] UL: SNR = 63.50 dB | SE = 20.778 bit/s/Hz
[81663 ms] [UE 45898] UL: SNR = 63.50 dB | SE = 20.778 bit/s/Hz
[81663 ms] [UE 36997] UL: SNR = 63.50 dB | SE = 20.778 bit/s/Hz
[81663 ms] [UE 48787] UL: SNR = 63.50 dB | SE = 20.778 bit/s/Hz
[81663 ms] [UE 40252] UL: SNR = 56.00 dB | SE = 18.324 bit/s/Hz
[81663 ms] [UE 15599] UL: SNR = 52.50 dB | SE = 17.179 bit/s/Hz
[81745 ms] [UE 33952] UL: SNR = 63.50 dB | SE = 20.778 bit/s/Hz
[81745 ms] [UE 12169] UL: SNR = 63.50 dB | SE = 20.778 bit/s/Hz
[81745 ms] [UE 22873] UL: SNR = 63.50 dB | SE = 20.778 bit/s/Hz
[81745 ms] [UE 30556] UL: SNR = 63.50 dB | SE = 20.778 bit/s/Hz
[81745 ms] [UE 20945] UL: SNR = 63.50 dB | SE = 20.778 bit/s/Hz
[81773 ms] [UE 45898] UL: SNR = 63.50 dB | SE = 20.778 bit/s/Hz
[81773 ms] [UE 36997] UL: SNR = 63.50 dB | SE = 20.778 bit/s/Hz
[81773 ms] [UE 48787] UL: SNR = 63.50 dB | SE = 20.778 bit/s/Hz
[81773 ms] [UE 40252] UL: SNR = 56.00 dB | SE = 18.324 bit/s/Hz
[81773 ms] [UE 15599] UL: SNR = 52.50 dB | SE = 17.179 bit/s/Hz
[81845 ms] [UE 33952] UL: SNR = 63.50 dB | SE = 20.778 bit/s/Hz
[81845 ms] [UE 12169] UL: SNR = 63.50 dB | SE = 20.778 bit/s/Hz
[81845 ms] [UE 22873] UL: SNR = 63.50 dB | SE = 20.778 bit/s/Hz
[81845 ms] [UE 30556] UL: SNR = 63.50 dB | SE = 20.778 bit/s/Hz
[81845 ms] [UE 20945] UL: SNR = 63.50 dB | SE = 20.778 bit/s/Hz
[81883 ms] [UE 45898] UL: SNR = 63.50 dB | SE = 20.778 bit/s/Hz
[81883 ms] [UE 36997] UL: SNR = 63.50 dB | SE = 20.778 bit/s/Hz
[81883 ms] [UE 48787] UL: SNR = 63.50 dB | SE = 20.778 bit/s/Hz
[81883 ms] [UE 40252] UL: SNR = 56.00 dB | SE = 18.324 bit/s/Hz
[81883 ms] [UE 15599] UL: SNR = 52.50 dB | SE = 17.179 bit/s/Hz
[81955 ms] [UE 33952] UL: SNR = 63.50 dB | SE = 20.778 bit/s/Hz
[81955 ms] [UE 12169] UL: SNR = 63.50 dB | SE = 20.778 bit/s/Hz
[81955 ms] [UE 22873] UL: SNR = 63.50 dB | SE = 20.778 bit/s/Hz
[81955 ms] [UE 30556] UL: SNR = 63.50 dB | SE = 20.778 bit/s/Hz
[81955 ms] [UE 20945] UL: SNR = 63.50 dB | SE = 20.778 bit/s/Hz
[81993 ms] [UE 45898] UL: SNR = 63.50 dB | SE = 20.778 bit/s/Hz
[81993 ms] [UE 36997] UL: SNR = 63.50 dB | SE = 20.778 bit/s/Hz
[81993 ms] [UE 48787] UL: SNR = 63.50 dB | SE = 20.778 bit/s/Hz
[81993 ms] [UE 40252] UL: SNR = 56.00 dB | SE = 18.324 bit/s/Hz
[81993 ms] [UE 15599] UL: SNR = 52.50 dB | SE = 17.179 bit/s/Hz
[82065 ms] [UE 33952] UL: SNR = 63.50 dB | SE = 20.778 bit/s/Hz
[82065 ms] [UE 12169] UL: SNR = 63.50 dB | SE = 20.778 bit/s/Hz
[82065 ms] [UE 22873] UL: SNR = 63.50 dB | SE = 20.778 bit/s/Hz
[82065 ms] [UE 30556] UL: SNR = 63.50 dB | SE = 20.778 bit/s/Hz
[82065 ms] [UE 20945] UL: SNR = 63.50 dB | SE = 20.778 bit/s/Hz
[82094 ms] [UE 45898] UL: SNR = 63.50 dB | SE = 20.778 bit/s/Hz
[82094 ms] [UE 36997] UL: SNR = 63.50 dB | SE = 20.778 bit/s/Hz
[82094 ms] [UE 48787] UL: SNR = 63.50 dB | SE = 20.778 bit/s/Hz
[82094 ms] [UE 40252] UL: SNR = 56.00 dB | SE = 18.324 bit/s/Hz
[82094 ms] [UE 15599] UL: SNR = 52.50 dB | SE = 17.179 bit/s/Hz
[82165 ms] [UE 33952] UL: SNR = 63.50 dB | SE = 20.778 bit/s/Hz
[82165 ms] [UE 12169] UL: SNR = 63.50 dB | SE = 20.778 bit/s/Hz
[82165 ms] [UE 22873] UL: SNR = 63.50 dB | SE = 20.778 bit/s/Hz
[82165 ms] [UE 30556] UL: SNR = 63.50 dB | SE = 20.778 bit/s/Hz
[82165 ms] [UE 20945] UL: SNR = 63.50 dB | SE = 20.778 bit/s/Hz
[82204 ms] [UE 45898] UL: SNR = 63.50 dB | SE = 20.778 bit/s/Hz
[82204 ms] [UE 36997] UL: SNR = 63.50 dB | SE = 20.778 bit/s/Hz
[82204 ms] [UE 48787] UL: SNR = 63.50 dB | SE = 20.778 bit/s/Hz
[82204 ms] [UE 40252] UL: SNR = 56.00 dB | SE = 18.324 bit/s/Hz
[82204 ms] [UE 15599] UL: SNR = 52.50 dB | SE = 17.179 bit/s/Hz
[82267 ms] [UE 33952] UL: SNR = 63.50 dB | SE = 20.778 bit/s/Hz
[82267 ms] [UE 12169] UL: SNR = 63.50 dB | SE = 20.778 bit/s/Hz
[82267 ms] [UE 22873] UL: SNR = 63.50 dB | SE = 20.778 bit/s/Hz
[82267 ms] [UE 30556] UL: SNR = 63.50 dB | SE = 20.778 bit/s/Hz
[82267 ms] [UE 20945] UL: SNR = 63.50 dB | SE = 20.778 bit/s/Hz
[82314 ms] [UE 45898] UL: SNR = 63.50 dB | SE = 20.778 bit/s/Hz
[82314 ms] [UE 36997] UL: SNR = 63.50 dB | SE = 20.778 bit/s/Hz
[82314 ms] [UE 48787] UL: SNR = 63.50 dB | SE = 20.778 bit/s/Hz
[82314 ms] [UE 40252] UL: SNR = 56.00 dB | SE = 18.324 bit/s/Hz
[82314 ms] [UE 15599] UL: SNR = 52.50 dB | SE = 17.179 bit/s/Hz
[82375 ms] [UE 33952] UL: SNR = 63.50 dB | SE = 20.778 bit/s/Hz
[82375 ms] [UE 12169] UL: SNR = 63.50 dB | SE = 20.778 bit/s/Hz
[82375 ms] [UE 22873] UL: SNR = 63.50 dB | SE = 20.778 bit/s/Hz
[82375 ms] [UE 30556] UL: SNR = 63.50 dB | SE = 20.778 bit/s/Hz
[82375 ms] [UE 20945] UL: SNR = 63.50 dB | SE = 20.778 bit/s/Hz
[82424 ms] [UE 45898] UL: SNR = 63.50 dB | SE = 20.778 bit/s/Hz
[82424 ms] [UE 36997] UL: SNR = 63.50 dB | SE = 20.778 bit/s/Hz
[82424 ms] [UE 48787] UL: SNR = 63.50 dB | SE = 20.778 bit/s/Hz
[82424 ms] [UE 40252] UL: SNR = 56.00 dB | SE = 18.324 bit/s/Hz
[82424 ms] [UE 15599] UL: SNR = 52.50 dB | SE = 17.179 bit/s/Hz
[82475 ms] [UE 33952] UL: SNR = 63.50 dB | SE = 20.778 bit/s/Hz
[82475 ms] [UE 12169] UL: SNR = 63.50 dB | SE = 20.778 bit/s/Hz
[82475 ms] [UE 22873] UL: SNR = 63.50 dB | SE = 20.778 bit/s/Hz
[82475 ms] [UE 30556] UL: SNR = 63.50 dB | SE = 20.778 bit/s/Hz
[82475 ms] [UE 20945] UL: SNR = 63.50 dB | SE = 20.778 bit/s/Hz
[82533 ms] [UE 45898] UL: SNR = 63.50 dB | SE = 20.778 bit/s/Hz
[82533 ms] [UE 36997] UL: SNR = 63.50 dB | SE = 20.778 bit/s/Hz
[82533 ms] [UE 48787] UL: SNR = 63.50 dB | SE = 20.778 bit/s/Hz
[82533 ms] [UE 40252] UL: SNR = 56.00 dB | SE = 18.324 bit/s/Hz
[82533 ms] [UE 15599] UL: SNR = 52.50 dB | SE = 17.179 bit/s/Hz
[82575 ms] [UE 33952] UL: SNR = 63.50 dB | SE = 20.778 bit/s/Hz
[82575 ms] [UE 12169] UL: SNR = 63.50 dB | SE = 20.778 bit/s/Hz
[82575 ms] [UE 22873] UL: SNR = 63.50 dB | SE = 20.778 bit/s/Hz
[82575 ms] [UE 30556] UL: SNR = 63.50 dB | SE = 20.778 bit/s/Hz
[82575 ms] [UE 20945] UL: SNR = 63.50 dB | SE = 20.778 bit/s/Hz
[82643 ms] [UE 45898] UL: SNR = 63.50 dB | SE = 20.778 bit/s/Hz
[82643 ms] [UE 36997] UL: SNR = 63.50 dB | SE = 20.778 bit/s/Hz
[82643 ms] [UE 48787] UL: SNR = 63.50 dB | SE = 20.778 bit/s/Hz
[82643 ms] [UE 40252] UL: SNR = 56.00 dB | SE = 18.324 bit/s/Hz
[82643 ms] [UE 15599] UL: SNR = 52.50 dB | SE = 17.179 bit/s/Hz
[82685 ms] [UE 33952] UL: SNR = 63.50 dB | SE = 20.778 bit/s/Hz
[82685 ms] [UE 12169] UL: SNR = 63.50 dB | SE = 20.778 bit/s/Hz
[82685 ms] [UE 22873] UL: SNR = 63.50 dB | SE = 20.778 bit/s/Hz
[82685 ms] [UE 30556] UL: SNR = 63.50 dB | SE = 20.778 bit/s/Hz
[82685 ms] [UE 20945] UL: SNR = 63.50 dB | SE = 20.778 bit/s/Hz
[82743 ms] [UE 45898] UL: SNR = 63.50 dB | SE = 20.778 bit/s/Hz
[82743 ms] [UE 36997] UL: SNR = 63.50 dB | SE = 20.778 bit/s/Hz
[82743 ms] [UE 48787] UL: SNR = 63.50 dB | SE = 20.778 bit/s/Hz
[82743 ms] [UE 40252] UL: SNR = 56.00 dB | SE = 18.324 bit/s/Hz
[82743 ms] [UE 15599] UL: SNR = 52.50 dB | SE = 17.179 bit/s/Hz
[82786 ms] [UE 33952] UL: SNR = 63.50 dB | SE = 20.778 bit/s/Hz
[82786 ms] [UE 12169] UL: SNR = 63.50 dB | SE = 20.778 bit/s/Hz
[82786 ms] [UE 22873] UL: SNR = 63.50 dB | SE = 20.778 bit/s/Hz
[82786 ms] [UE 30556] UL: SNR = 63.50 dB | SE = 20.778 bit/s/Hz
[82786 ms] [UE 20945] UL: SNR = 63.50 dB | SE = 20.778 bit/s/Hz
[82853 ms] [UE 45898] UL: SNR = 63.50 dB | SE = 20.778 bit/s/Hz
[82853 ms] [UE 36997] UL: SNR = 63.50 dB | SE = 20.778 bit/s/Hz
[82853 ms] [UE 48787] UL: SNR = 63.50 dB | SE = 20.778 bit/s/Hz
[82853 ms] [UE 40252] UL: SNR = 56.00 dB | SE = 18.324 bit/s/Hz
[82853 ms] [UE 15599] UL: SNR = 52.50 dB | SE = 17.179 bit/s/Hz
[82895 ms] [UE 33952] UL: SNR = 63.50 dB | SE = 20.778 bit/s/Hz
[82895 ms] [UE 12169] UL: SNR = 63.50 dB | SE = 20.778 bit/s/Hz
[82895 ms] [UE 22873] UL: SNR = 63.50 dB | SE = 20.778 bit/s/Hz
[82895 ms] [UE 30556] UL: SNR = 63.50 dB | SE = 20.778 bit/s/Hz
[82895 ms] [UE 20945] UL: SNR = 63.50 dB | SE = 20.778 bit/s/Hz
[82953 ms] [UE 45898] UL: SNR = 63.50 dB | SE = 20.778 bit/s/Hz
[82953 ms] [UE 36997] UL: SNR = 63.50 dB | SE = 20.778 bit/s/Hz
[82953 ms] [UE 48787] UL: SNR = 63.50 dB | SE = 20.778 bit/s/Hz
[82953 ms] [UE 40252] UL: SNR = 56.00 dB | SE = 18.324 bit/s/Hz
[82953 ms] [UE 15599] UL: SNR = 52.50 dB | SE = 17.179 bit/s/Hz
[83005 ms] [UE 33952] UL: SNR = 63.50 dB | SE = 20.778 bit/s/Hz
[83005 ms] [UE 12169] UL: SNR = 63.50 dB | SE = 20.778 bit/s/Hz
[83005 ms] [UE 22873] UL: SNR = 63.50 dB | SE = 20.778 bit/s/Hz
[83005 ms] [UE 30556] UL: SNR = 63.50 dB | SE = 20.778 bit/s/Hz
[83005 ms] [UE 20945] UL: SNR = 63.50 dB | SE = 20.778 bit/s/Hz
[83053 ms] [UE 45898] UL: SNR = 63.50 dB | SE = 20.778 bit/s/Hz
[83053 ms] [UE 36997] UL: SNR = 63.50 dB | SE = 20.778 bit/s/Hz
[83053 ms] [UE 48787] UL: SNR = 63.50 dB | SE = 20.778 bit/s/Hz
[83053 ms] [UE 40252] UL: SNR = 56.00 dB | SE = 18.324 bit/s/Hz
[83053 ms] [UE 15599] UL: SNR = 52.50 dB | SE = 17.179 bit/s/Hz
[83105 ms] [UE 33952] UL: SNR = 63.50 dB | SE = 20.778 bit/s/Hz
[83105 ms] [UE 12169] UL: SNR = 63.50 dB | SE = 20.778 bit/s/Hz
[83105 ms] [UE 22873] UL: SNR = 63.50 dB | SE = 20.778 bit/s/Hz
[83105 ms] [UE 30556] UL: SNR = 63.50 dB | SE = 20.778 bit/s/Hz
[83105 ms] [UE 20945] UL: SNR = 63.50 dB | SE = 20.778 bit/s/Hz
[83154 ms] [UE 45898] UL: SNR = 63.50 dB | SE = 20.778 bit/s/Hz
[83154 ms] [UE 36997] UL: SNR = 63.50 dB | SE = 20.778 bit/s/Hz
[83154 ms] [UE 48787] UL: SNR = 63.50 dB | SE = 20.778 bit/s/Hz
[83154 ms] [UE 40252] UL: SNR = 56.00 dB | SE = 18.324 bit/s/Hz
[83154 ms] [UE 15599] UL: SNR = 52.50 dB | SE = 17.179 bit/s/Hz
[83206 ms] [UE 33952] UL: SNR = 63.50 dB | SE = 20.778 bit/s/Hz
[83206 ms] [UE 12169] UL: SNR = 63.50 dB | SE = 20.778 bit/s/Hz
[83206 ms] [UE 22873] UL: SNR = 63.50 dB | SE = 20.778 bit/s/Hz
[83206 ms] [UE 30556] UL: SNR = 63.50 dB | SE = 20.778 bit/s/Hz
[83206 ms] [UE 20945] UL: SNR = 63.50 dB | SE = 20.778 bit/s/Hz
[83263 ms] [UE 45898] UL: SNR = 63.50 dB | SE = 20.778 bit/s/Hz
[83263 ms] [UE 36997] UL: SNR = 63.50 dB | SE = 20.778 bit/s/Hz
[83263 ms] [UE 48787] UL: SNR = 63.50 dB | SE = 20.778 bit/s/Hz
[83263 ms] [UE 40252] UL: SNR = 56.00 dB | SE = 18.324 bit/s/Hz
[83263 ms] [UE 15599] UL: SNR = 52.50 dB | SE = 17.179 bit/s/Hz
[83315 ms] [UE 33952] UL: SNR = 63.50 dB | SE = 20.778 bit/s/Hz
[83315 ms] [UE 12169] UL: SNR = 63.50 dB | SE = 20.778 bit/s/Hz
[83315 ms] [UE 22873] UL: SNR = 63.50 dB | SE = 20.778 bit/s/Hz
[83315 ms] [UE 30556] UL: SNR = 63.50 dB | SE = 20.778 bit/s/Hz
[83315 ms] [UE 20945] UL: SNR = 63.50 dB | SE = 20.778 bit/s/Hz
[83363 ms] [UE 45898] UL: SNR = 63.50 dB | SE = 20.778 bit/s/Hz
[83363 ms] [UE 36997] UL: SNR = 63.50 dB | SE = 20.778 bit/s/Hz
[83363 ms] [UE 48787] UL: SNR = 63.50 dB | SE = 20.778 bit/s/Hz
[83363 ms] [UE 40252] UL: SNR = 56.00 dB | SE = 18.324 bit/s/Hz
[83363 ms] [UE 15599] UL: SNR = 52.50 dB | SE = 17.179 bit/s/Hz
[83415 ms] [UE 33952] UL: SNR = 63.50 dB | SE = 20.778 bit/s/Hz
[83415 ms] [UE 12169] UL: SNR = 63.50 dB | SE = 20.778 bit/s/Hz
[83415 ms] [UE 22873] UL: SNR = 63.50 dB | SE = 20.778 bit/s/Hz
[83415 ms] [UE 30556] UL: SNR = 63.50 dB | SE = 20.778 bit/s/Hz
[83415 ms] [UE 20945] UL: SNR = 63.50 dB | SE = 20.778 bit/s/Hz
[83463 ms] [UE 45898] UL: SNR = 63.50 dB | SE = 20.778 bit/s/Hz
[83463 ms] [UE 36997] UL: SNR = 63.50 dB | SE = 20.778 bit/s/Hz
[83463 ms] [UE 48787] UL: SNR = 63.50 dB | SE = 20.778 bit/s/Hz
[83463 ms] [UE 40252] UL: SNR = 56.00 dB | SE = 18.324 bit/s/Hz
[83463 ms] [UE 15599] UL: SNR = 52.50 dB | SE = 17.179 bit/s/Hz
[83527 ms] [UE 33952] UL: SNR = 63.50 dB | SE = 20.778 bit/s/Hz
[83527 ms] [UE 12169] UL: SNR = 63.50 dB | SE = 20.778 bit/s/Hz
[83527 ms] [UE 22873] UL: SNR = 63.50 dB | SE = 20.778 bit/s/Hz
[83527 ms] [UE 30556] UL: SNR = 7.50 dB | SE = 2.687 bit/s/Hz
[83527 ms] [UE 20945] UL: SNR = 63.50 dB | SE = 20.778 bit/s/Hz
[83573 ms] [UE 45898] UL: SNR = 63.50 dB | SE = 20.778 bit/s/Hz
[83573 ms] [UE 36997] UL: SNR = 63.50 dB | SE = 20.778 bit/s/Hz
[83573 ms] [UE 48787] UL: SNR = 63.50 dB | SE = 20.778 bit/s/Hz
[83573 ms] [UE 40252] UL: SNR = 56.00 dB | SE = 18.324 bit/s/Hz
[83573 ms] [UE 15599] UL: SNR = 52.50 dB | SE = 17.179 bit/s/Hz
[83635 ms] [UE 33952] UL: SNR = 63.50 dB | SE = 20.778 bit/s/Hz
[83635 ms] [UE 12169] UL: SNR = 63.50 dB | SE = 20.778 bit/s/Hz
[83635 ms] [UE 22873] UL: SNR = 63.50 dB | SE = 20.778 bit/s/Hz
[83635 ms] [UE 30556] UL: SNR = 7.50 dB | SE = 2.687 bit/s/Hz
[83635 ms] [UE 20945] UL: SNR = 63.50 dB | SE = 20.778 bit/s/Hz
[83684 ms] [UE 45898] UL: SNR = 63.50 dB | SE = 20.778 bit/s/Hz
[83684 ms] [UE 36997] UL: SNR = 63.50 dB | SE = 20.778 bit/s/Hz
[83684 ms] [UE 48787] UL: SNR = 63.50 dB | SE = 20.778 bit/s/Hz
[83684 ms] [UE 40252] UL: SNR = 56.00 dB | SE = 18.324 bit/s/Hz
[83684 ms] [UE 15599] UL: SNR = 52.50 dB | SE = 17.179 bit/s/Hz
[83735 ms] [UE 33952] UL: SNR = 63.50 dB | SE = 20.778 bit/s/Hz
[83735 ms] [UE 12169] UL: SNR = 63.50 dB | SE = 20.778 bit/s/Hz
[83735 ms] [UE 22873] UL: SNR = 63.50 dB | SE = 20.778 bit/s/Hz
[83735 ms] [UE 30556] UL: SNR = 7.50 dB | SE = 2.687 bit/s/Hz
[83735 ms] [UE 20945] UL: SNR = 63.50 dB | SE = 20.778 bit/s/Hz
[83794 ms] [UE 45898] UL: SNR = 63.50 dB | SE = 20.778 bit/s/Hz
[83794 ms] [UE 36997] UL: SNR = 63.50 dB | SE = 20.778 bit/s/Hz
[83794 ms] [UE 48787] UL: SNR = 63.50 dB | SE = 20.778 bit/s/Hz
[83794 ms] [UE 40252] UL: SNR = 56.00 dB | SE = 18.324 bit/s/Hz
[83794 ms] [UE 15599] UL: SNR = 52.50 dB | SE = 17.179 bit/s/Hz
[83845 ms] [UE 33952] UL: SNR = 63.50 dB | SE = 20.778 bit/s/Hz
[83845 ms] [UE 12169] UL: SNR = 63.50 dB | SE = 20.778 bit/s/Hz
[83845 ms] [UE 22873] UL: SNR = 63.50 dB | SE = 20.778 bit/s/Hz
[83845 ms] [UE 30556] UL: SNR = 7.50 dB | SE = 2.687 bit/s/Hz
[83845 ms] [UE 20945] UL: SNR = 63.50 dB | SE = 20.778 bit/s/Hz
[83903 ms] [UE 45898] UL: SNR = 63.50 dB | SE = 20.778 bit/s/Hz
[83903 ms] [UE 36997] UL: SNR = 63.50 dB | SE = 20.778 bit/s/Hz
[83903 ms] [UE 48787] UL: SNR = 63.50 dB | SE = 20.778 bit/s/Hz
[83903 ms] [UE 40252] UL: SNR = 56.00 dB | SE = 18.324 bit/s/Hz
[83903 ms] [UE 15599] UL: SNR = 52.50 dB | SE = 17.179 bit/s/Hz
[83945 ms] [UE 33952] UL: SNR = 63.50 dB | SE = 20.778 bit/s/Hz
[83945 ms] [UE 12169] UL: SNR = 63.50 dB | SE = 20.778 bit/s/Hz
[83945 ms] [UE 22873] UL: SNR = 63.50 dB | SE = 20.778 bit/s/Hz
[83945 ms] [UE 30556] UL: SNR = 7.50 dB | SE = 2.687 bit/s/Hz
[83945 ms] [UE 20945] UL: SNR = 63.50 dB | SE = 20.778 bit/s/Hz
[84003 ms] [UE 45898] UL: SNR = 63.50 dB | SE = 20.778 bit/s/Hz
[84003 ms] [UE 36997] UL: SNR = 63.50 dB | SE = 20.778 bit/s/Hz
[84003 ms] [UE 48787] UL: SNR = 63.50 dB | SE = 20.778 bit/s/Hz
[84003 ms] [UE 40252] UL: SNR = 56.00 dB | SE = 18.324 bit/s/Hz
[84003 ms] [UE 15599] UL: SNR = 52.50 dB | SE = 17.179 bit/s/Hz
[84056 ms] [UE 33952] UL: SNR = 63.50 dB | SE = 20.778 bit/s/Hz
[84056 ms] [UE 12169] UL: SNR = 63.50 dB | SE = 20.778 bit/s/Hz
[84056 ms] [UE 22873] UL: SNR = 63.50 dB | SE = 20.778 bit/s/Hz
[84056 ms] [UE 30556] UL: SNR = 7.50 dB | SE = 2.687 bit/s/Hz
[84056 ms] [UE 20945] UL: SNR = 63.50 dB | SE = 20.778 bit/s/Hz
[84103 ms] [UE 45898] UL: SNR = 63.50 dB | SE = 20.778 bit/s/Hz
[84103 ms] [UE 36997] UL: SNR = 63.50 dB | SE = 20.778 bit/s/Hz
[84103 ms] [UE 48787] UL: SNR = 63.50 dB | SE = 20.778 bit/s/Hz
[84103 ms] [UE 40252] UL: SNR = 56.00 dB | SE = 18.324 bit/s/Hz
[84103 ms] [UE 15599] UL: SNR = 52.50 dB | SE = 17.179 bit/s/Hz
[84167 ms] [UE 33952] UL: SNR = 63.50 dB | SE = 20.778 bit/s/Hz
[84167 ms] [UE 12169] UL: SNR = 63.50 dB | SE = 20.778 bit/s/Hz
[84167 ms] [UE 22873] UL: SNR = 63.50 dB | SE = 20.778 bit/s/Hz
[84167 ms] [UE 30556] UL: SNR = 7.50 dB | SE = 2.687 bit/s/Hz
[84167 ms] [UE 20945] UL: SNR = 63.50 dB | SE = 20.778 bit/s/Hz
[84203 ms] [UE 45898] UL: SNR = 63.50 dB | SE = 20.778 bit/s/Hz
[84203 ms] [UE 36997] UL: SNR = 63.50 dB | SE = 20.778 bit/s/Hz
[84203 ms] [UE 48787] UL: SNR = 63.50 dB | SE = 20.778 bit/s/Hz
[84203 ms] [UE 40252] UL: SNR = 56.00 dB | SE = 18.324 bit/s/Hz
[84203 ms] [UE 15599] UL: SNR = 52.50 dB | SE = 17.179 bit/s/Hz
[84275 ms] [UE 33952] UL: SNR = 63.50 dB | SE = 20.778 bit/s/Hz
[84275 ms] [UE 12169] UL: SNR = 63.50 dB | SE = 20.778 bit/s/Hz
[84275 ms] [UE 22873] UL: SNR = 63.50 dB | SE = 20.778 bit/s/Hz
[84275 ms] [UE 30556] UL: SNR = 53.50 dB | SE = 17.506 bit/s/Hz
[84275 ms] [UE 20945] UL: SNR = 63.50 dB | SE = 20.778 bit/s/Hz
[84314 ms] [UE 45898] UL: SNR = 63.50 dB | SE = 20.778 bit/s/Hz
[84314 ms] [UE 36997] UL: SNR = 63.50 dB | SE = 20.778 bit/s/Hz
[84314 ms] [UE 48787] UL: SNR = 63.50 dB | SE = 20.778 bit/s/Hz
[84314 ms] [UE 40252] UL: SNR = 56.00 dB | SE = 18.324 bit/s/Hz
[84314 ms] [UE 15599] UL: SNR = 52.50 dB | SE = 17.179 bit/s/Hz
[84376 ms] [UE 33952] UL: SNR = 63.50 dB | SE = 20.778 bit/s/Hz
[84376 ms] [UE 12169] UL: SNR = 63.50 dB | SE = 20.778 bit/s/Hz
[84376 ms] [UE 22873] UL: SNR = 63.50 dB | SE = 20.778 bit/s/Hz
[84376 ms] [UE 30556] UL: SNR = 53.50 dB | SE = 17.506 bit/s/Hz
[84376 ms] [UE 20945] UL: SNR = 63.50 dB | SE = 20.778 bit/s/Hz
[84423 ms] [UE 45898] UL: SNR = 63.50 dB | SE = 20.778 bit/s/Hz
[84423 ms] [UE 36997] UL: SNR = 63.50 dB | SE = 20.778 bit/s/Hz
[84423 ms] [UE 48787] UL: SNR = 63.50 dB | SE = 20.778 bit/s/Hz
[84423 ms] [UE 40252] UL: SNR = 56.00 dB | SE = 18.324 bit/s/Hz
[84423 ms] [UE 15599] UL: SNR = 52.50 dB | SE = 17.179 bit/s/Hz
[84485 ms] [UE 33952] UL: SNR = 63.50 dB | SE = 20.778 bit/s/Hz
[84485 ms] [UE 12169] UL: SNR = 63.50 dB | SE = 20.778 bit/s/Hz
[84485 ms] [UE 22873] UL: SNR = 63.50 dB | SE = 20.778 bit/s/Hz
[84485 ms] [UE 30556] UL: SNR = 53.50 dB | SE = 17.506 bit/s/Hz
[84485 ms] [UE 20945] UL: SNR = 63.50 dB | SE = 20.778 bit/s/Hz
[84523 ms] [UE 45898] UL: SNR = 63.50 dB | SE = 20.778 bit/s/Hz
[84523 ms] [UE 36997] UL: SNR = 63.50 dB | SE = 20.778 bit/s/Hz
[84523 ms] [UE 48787] UL: SNR = 63.50 dB | SE = 20.778 bit/s/Hz
[84523 ms] [UE 40252] UL: SNR = 56.00 dB | SE = 18.324 bit/s/Hz
[84523 ms] [UE 15599] UL: SNR = 52.50 dB | SE = 17.179 bit/s/Hz
[84595 ms] [UE 33952] UL: SNR = 63.50 dB | SE = 20.778 bit/s/Hz
[84595 ms] [UE 12169] UL: SNR = 63.50 dB | SE = 20.778 bit/s/Hz
[84595 ms] [UE 22873] UL: SNR = 63.50 dB | SE = 20.778 bit/s/Hz
[84595 ms] [UE 30556] UL: SNR = 54.00 dB | SE = 17.669 bit/s/Hz
[84595 ms] [UE 20945] UL: SNR = 63.50 dB | SE = 20.778 bit/s/Hz
[84623 ms] [UE 45898] UL: SNR = 63.50 dB | SE = 20.778 bit/s/Hz
[84623 ms] [UE 36997] UL: SNR = 63.50 dB | SE = 20.778 bit/s/Hz
[84623 ms] [UE 48787] UL: SNR = 63.50 dB | SE = 20.778 bit/s/Hz
[84623 ms] [UE 40252] UL: SNR = 56.00 dB | SE = 18.324 bit/s/Hz
[84623 ms] [UE 15599] UL: SNR = 52.50 dB | SE = 17.179 bit/s/Hz
[84695 ms] [UE 33952] UL: SNR = 63.50 dB | SE = 20.778 bit/s/Hz
[84695 ms] [UE 12169] UL: SNR = 63.50 dB | SE = 20.778 bit/s/Hz
[84695 ms] [UE 22873] UL: SNR = 63.50 dB | SE = 20.778 bit/s/Hz
[84695 ms] [UE 30556] UL: SNR = 54.00 dB | SE = 17.669 bit/s/Hz
[84695 ms] [UE 20945] UL: SNR = 63.50 dB | SE = 20.778 bit/s/Hz
[84723 ms] [UE 45898] UL: SNR = 63.50 dB | SE = 20.778 bit/s/Hz
[84723 ms] [UE 36997] UL: SNR = 63.50 dB | SE = 20.778 bit/s/Hz
[84723 ms] [UE 48787] UL: SNR = 63.50 dB | SE = 20.778 bit/s/Hz
[84723 ms] [UE 40252] UL: SNR = 56.00 dB | SE = 18.324 bit/s/Hz
[84723 ms] [UE 15599] UL: SNR = 52.50 dB | SE = 17.179 bit/s/Hz
[84796 ms] [UE 33952] UL: SNR = 63.50 dB | SE = 20.778 bit/s/Hz
[84796 ms] [UE 12169] UL: SNR = 63.50 dB | SE = 20.778 bit/s/Hz
[84796 ms] [UE 22873] UL: SNR = 63.50 dB | SE = 20.778 bit/s/Hz
[84796 ms] [UE 30556] UL: SNR = 63.50 dB | SE = 20.778 bit/s/Hz
[84796 ms] [UE 20945] UL: SNR = 63.50 dB | SE = 20.778 bit/s/Hz
[84823 ms] [UE 45898] UL: SNR = 63.50 dB | SE = 20.778 bit/s/Hz
[84823 ms] [UE 36997] UL: SNR = 63.50 dB | SE = 20.778 bit/s/Hz
[84823 ms] [UE 48787] UL: SNR = 63.50 dB | SE = 20.778 bit/s/Hz
[84823 ms] [UE 40252] UL: SNR = 56.00 dB | SE = 18.324 bit/s/Hz
[84823 ms] [UE 15599] UL: SNR = 52.50 dB | SE = 17.179 bit/s/Hz
[84905 ms] [UE 33952] UL: SNR = 63.50 dB | SE = 20.778 bit/s/Hz
[84905 ms] [UE 12169] UL: SNR = 63.50 dB | SE = 20.778 bit/s/Hz
[84905 ms] [UE 22873] UL: SNR = 63.50 dB | SE = 20.778 bit/s/Hz
[84905 ms] [UE 30556] UL: SNR = 63.50 dB | SE = 20.778 bit/s/Hz
[84905 ms] [UE 20945] UL: SNR = 63.50 dB | SE = 20.778 bit/s/Hz
[84924 ms] [UE 45898] UL: SNR = 63.50 dB | SE = 20.778 bit/s/Hz
[84924 ms] [UE 36997] UL: SNR = 63.50 dB | SE = 20.778 bit/s/Hz
[84924 ms] [UE 48787] UL: SNR = 63.50 dB | SE = 20.778 bit/s/Hz
[84924 ms] [UE 40252] UL: SNR = 56.00 dB | SE = 18.324 bit/s/Hz
[84924 ms] [UE 15599] UL: SNR = 52.50 dB | SE = 17.179 bit/s/Hz
[85015 ms] [UE 33952] UL: SNR = 63.50 dB | SE = 20.778 bit/s/Hz
[85015 ms] [UE 12169] UL: SNR = 63.50 dB | SE = 20.778 bit/s/Hz
[85015 ms] [UE 22873] UL: SNR = 63.50 dB | SE = 20.778 bit/s/Hz
[85015 ms] [UE 30556] UL: SNR = 54.00 dB | SE = 17.669 bit/s/Hz
[85015 ms] [UE 20945] UL: SNR = 63.50 dB | SE = 20.778 bit/s/Hz
[85035 ms] [UE 45898] UL: SNR = 63.50 dB | SE = 20.778 bit/s/Hz
[85035 ms] [UE 36997] UL: SNR = 63.50 dB | SE = 20.778 bit/s/Hz
[85035 ms] [UE 48787] UL: SNR = 63.50 dB | SE = 20.778 bit/s/Hz
[85035 ms] [UE 40252] UL: SNR = 56.00 dB | SE = 18.324 bit/s/Hz
[85035 ms] [UE 15599] UL: SNR = 52.50 dB | SE = 17.179 bit/s/Hz
[85125 ms] [UE 33952] UL: SNR = 63.50 dB | SE = 20.778 bit/s/Hz
[85125 ms] [UE 12169] UL: SNR = 63.50 dB | SE = 20.778 bit/s/Hz
[85125 ms] [UE 22873] UL: SNR = 63.50 dB | SE = 20.778 bit/s/Hz
[85125 ms] [UE 30556] UL: SNR = 54.00 dB | SE = 17.669 bit/s/Hz
[85125 ms] [UE 20945] UL: SNR = 63.50 dB | SE = 20.778 bit/s/Hz
[85144 ms] [UE 45898] UL: SNR = 63.50 dB | SE = 20.778 bit/s/Hz
[85144 ms] [UE 36997] UL: SNR = 63.50 dB | SE = 20.778 bit/s/Hz
[85144 ms] [UE 48787] UL: SNR = 63.50 dB | SE = 20.778 bit/s/Hz
[85144 ms] [UE 40252] UL: SNR = 56.00 dB | SE = 18.324 bit/s/Hz
[85144 ms] [UE 15599] UL: SNR = 52.50 dB | SE = 17.179 bit/s/Hz
[85226 ms] [UE 33952] UL: SNR = 63.50 dB | SE = 20.778 bit/s/Hz
[85226 ms] [UE 12169] UL: SNR = 63.50 dB | SE = 20.778 bit/s/Hz
[85226 ms] [UE 22873] UL: SNR = 63.50 dB | SE = 20.778 bit/s/Hz
[85226 ms] [UE 30556] UL: SNR = 63.50 dB | SE = 20.778 bit/s/Hz
[85226 ms] [UE 20945] UL: SNR = 63.50 dB | SE = 20.778 bit/s/Hz
[85253 ms] [UE 45898] UL: SNR = 63.50 dB | SE = 20.778 bit/s/Hz
[85253 ms] [UE 36997] UL: SNR = 63.50 dB | SE = 20.778 bit/s/Hz
[85253 ms] [UE 48787] UL: SNR = 63.50 dB | SE = 20.778 bit/s/Hz
[85253 ms] [UE 40252] UL: SNR = 56.00 dB | SE = 18.324 bit/s/Hz
[85253 ms] [UE 15599] UL: SNR = 52.50 dB | SE = 17.179 bit/s/Hz
[85335 ms] [UE 33952] UL: SNR = 63.50 dB | SE = 20.778 bit/s/Hz
[85335 ms] [UE 12169] UL: SNR = 63.50 dB | SE = 20.778 bit/s/Hz
[85335 ms] [UE 22873] UL: SNR = 63.50 dB | SE = 20.778 bit/s/Hz
[85335 ms] [UE 30556] UL: SNR = 63.50 dB | SE = 20.778 bit/s/Hz
[85335 ms] [UE 20945] UL: SNR = 63.50 dB | SE = 20.778 bit/s/Hz
[85364 ms] [UE 45898] UL: SNR = 63.50 dB | SE = 20.778 bit/s/Hz
[85364 ms] [UE 36997] UL: SNR = 63.50 dB | SE = 20.778 bit/s/Hz
[85364 ms] [UE 48787] UL: SNR = 63.50 dB | SE = 20.778 bit/s/Hz
[85364 ms] [UE 40252] UL: SNR = 56.00 dB | SE = 18.324 bit/s/Hz
[85364 ms] [UE 15599] UL: SNR = 52.50 dB | SE = 17.179 bit/s/Hz
[85445 ms] [UE 33952] UL: SNR = 63.50 dB | SE = 20.778 bit/s/Hz
[85445 ms] [UE 12169] UL: SNR = 63.50 dB | SE = 20.778 bit/s/Hz
[85445 ms] [UE 22873] UL: SNR = 63.50 dB | SE = 20.778 bit/s/Hz
[85445 ms] [UE 30556] UL: SNR = 63.50 dB | SE = 20.778 bit/s/Hz
[85445 ms] [UE 20945] UL: SNR = 63.50 dB | SE = 20.778 bit/s/Hz
[85474 ms] [UE 45898] UL: SNR = 63.50 dB | SE = 20.778 bit/s/Hz
[85474 ms] [UE 36997] UL: SNR = 63.50 dB | SE = 20.778 bit/s/Hz
[85474 ms] [UE 48787] UL: SNR = 63.50 dB | SE = 20.778 bit/s/Hz
[85474 ms] [UE 40252] UL: SNR = 56.00 dB | SE = 18.324 bit/s/Hz
[85474 ms] [UE 15599] UL: SNR = 52.50 dB | SE = 17.179 bit/s/Hz
[85545 ms] [UE 33952] UL: SNR = 63.50 dB | SE = 20.778 bit/s/Hz
[85545 ms] [UE 12169] UL: SNR = 63.50 dB | SE = 20.778 bit/s/Hz
[85545 ms] [UE 22873] UL: SNR = 63.50 dB | SE = 20.778 bit/s/Hz
[85545 ms] [UE 30556] UL: SNR = 63.50 dB | SE = 20.778 bit/s/Hz
[85545 ms] [UE 20945] UL: SNR = 63.50 dB | SE = 20.778 bit/s/Hz
[85583 ms] [UE 45898] UL: SNR = 63.50 dB | SE = 20.778 bit/s/Hz
[85583 ms] [UE 36997] UL: SNR = 63.50 dB | SE = 20.778 bit/s/Hz
[85583 ms] [UE 48787] UL: SNR = 63.50 dB | SE = 20.778 bit/s/Hz
[85583 ms] [UE 40252] UL: SNR = 56.00 dB | SE = 18.324 bit/s/Hz
[85583 ms] [UE 15599] UL: SNR = 52.50 dB | SE = 17.179 bit/s/Hz
[85656 ms] [UE 33952] UL: SNR = 63.50 dB | SE = 20.778 bit/s/Hz
[85656 ms] [UE 12169] UL: SNR = 63.50 dB | SE = 20.778 bit/s/Hz
[85656 ms] [UE 22873] UL: SNR = 63.50 dB | SE = 20.778 bit/s/Hz
[85656 ms] [UE 30556] UL: SNR = 63.50 dB | SE = 20.778 bit/s/Hz
[85656 ms] [UE 20945] UL: SNR = 63.50 dB | SE = 20.778 bit/s/Hz
[85693 ms] [UE 45898] UL: SNR = 63.50 dB | SE = 20.778 bit/s/Hz
[85693 ms] [UE 36997] UL: SNR = 63.50 dB | SE = 20.778 bit/s/Hz
[85693 ms] [UE 48787] UL: SNR = 63.50 dB | SE = 20.778 bit/s/Hz
[85693 ms] [UE 40252] UL: SNR = 56.00 dB | SE = 18.324 bit/s/Hz
[85693 ms] [UE 15599] UL: SNR = 52.50 dB | SE = 17.179 bit/s/Hz
[85765 ms] [UE 33952] UL: SNR = 63.50 dB | SE = 20.778 bit/s/Hz
[85765 ms] [UE 12169] UL: SNR = 63.50 dB | SE = 20.778 bit/s/Hz
[85765 ms] [UE 22873] UL: SNR = 63.50 dB | SE = 20.778 bit/s/Hz
[85765 ms] [UE 30556] UL: SNR = 63.50 dB | SE = 20.778 bit/s/Hz
[85765 ms] [UE 20945] UL: SNR = 63.50 dB | SE = 20.778 bit/s/Hz
[85793 ms] [UE 45898] UL: SNR = 63.50 dB | SE = 20.778 bit/s/Hz
[85793 ms] [UE 36997] UL: SNR = 63.50 dB | SE = 20.778 bit/s/Hz
[85793 ms] [UE 48787] UL: SNR = 63.50 dB | SE = 20.778 bit/s/Hz
[85793 ms] [UE 40252] UL: SNR = 56.00 dB | SE = 18.324 bit/s/Hz
[85793 ms] [UE 15599] UL: SNR = 52.50 dB | SE = 17.179 bit/s/Hz
[85875 ms] [UE 33952] UL: SNR = 63.50 dB | SE = 20.778 bit/s/Hz
[85875 ms] [UE 12169] UL: SNR = 63.50 dB | SE = 20.778 bit/s/Hz
[85875 ms] [UE 22873] UL: SNR = 63.50 dB | SE = 20.778 bit/s/Hz
[85875 ms] [UE 30556] UL: SNR = 63.50 dB | SE = 20.778 bit/s/Hz
[85875 ms] [UE 20945] UL: SNR = 63.50 dB | SE = 20.778 bit/s/Hz
[85893 ms] [UE 45898] UL: SNR = 63.50 dB | SE = 20.778 bit/s/Hz
[85893 ms] [UE 36997] UL: SNR = 63.50 dB | SE = 20.778 bit/s/Hz
[85893 ms] [UE 48787] UL: SNR = 63.50 dB | SE = 20.778 bit/s/Hz
[85893 ms] [UE 40252] UL: SNR = 56.00 dB | SE = 18.324 bit/s/Hz
[85893 ms] [UE 15599] UL: SNR = 52.50 dB | SE = 17.179 bit/s/Hz
[85975 ms] [UE 33952] UL: SNR = 63.50 dB | SE = 20.778 bit/s/Hz
[85975 ms] [UE 12169] UL: SNR = 63.50 dB | SE = 20.778 bit/s/Hz
[85975 ms] [UE 22873] UL: SNR = 63.50 dB | SE = 20.778 bit/s/Hz
[85975 ms] [UE 30556] UL: SNR = 63.50 dB | SE = 20.778 bit/s/Hz
[85975 ms] [UE 20945] UL: SNR = 63.50 dB | SE = 20.778 bit/s/Hz
[85994 ms] [UE 45898] UL: SNR = 63.50 dB | SE = 20.778 bit/s/Hz
[85994 ms] [UE 36997] UL: SNR = 63.50 dB | SE = 20.778 bit/s/Hz
[85994 ms] [UE 48787] UL: SNR = 63.50 dB | SE = 20.778 bit/s/Hz
[85994 ms] [UE 40252] UL: SNR = 56.00 dB | SE = 18.324 bit/s/Hz
[85994 ms] [UE 15599] UL: SNR = 52.50 dB | SE = 17.179 bit/s/Hz
[86075 ms] [UE 33952] UL: SNR = 63.50 dB | SE = 20.778 bit/s/Hz
[86075 ms] [UE 12169] UL: SNR = 63.50 dB | SE = 20.778 bit/s/Hz
[86075 ms] [UE 22873] UL: SNR = 63.50 dB | SE = 20.778 bit/s/Hz
[86075 ms] [UE 30556] UL: SNR = 63.50 dB | SE = 20.778 bit/s/Hz
[86075 ms] [UE 20945] UL: SNR = 63.50 dB | SE = 20.778 bit/s/Hz
[86104 ms] [UE 45898] UL: SNR = 63.50 dB | SE = 20.778 bit/s/Hz
[86104 ms] [UE 36997] UL: SNR = 63.50 dB | SE = 20.778 bit/s/Hz
[86104 ms] [UE 48787] UL: SNR = 63.50 dB | SE = 20.778 bit/s/Hz
[86104 ms] [UE 40252] UL: SNR = 56.00 dB | SE = 18.324 bit/s/Hz
[86104 ms] [UE 15599] UL: SNR = 52.50 dB | SE = 17.179 bit/s/Hz
[86185 ms] [UE 33952] UL: SNR = 63.50 dB | SE = 20.778 bit/s/Hz
[86185 ms] [UE 12169] UL: SNR = 63.50 dB | SE = 20.778 bit/s/Hz
[86185 ms] [UE 22873] UL: SNR = 63.50 dB | SE = 20.778 bit/s/Hz
[86185 ms] [UE 30556] UL: SNR = 63.50 dB | SE = 20.778 bit/s/Hz
[86185 ms] [UE 20945] UL: SNR = 63.50 dB | SE = 20.778 bit/s/Hz
[86214 ms] [UE 45898] UL: SNR = 63.50 dB | SE = 20.778 bit/s/Hz
[86214 ms] [UE 36997] UL: SNR = 63.50 dB | SE = 20.778 bit/s/Hz
[86214 ms] [UE 48787] UL: SNR = 63.50 dB | SE = 20.778 bit/s/Hz
[86214 ms] [UE 40252] UL: SNR = 56.00 dB | SE = 18.324 bit/s/Hz
[86214 ms] [UE 15599] UL: SNR = 52.50 dB | SE = 17.179 bit/s/Hz
[86285 ms] [UE 33952] UL: SNR = 63.50 dB | SE = 20.778 bit/s/Hz
[86285 ms] [UE 12169] UL: SNR = 63.50 dB | SE = 20.778 bit/s/Hz
[86285 ms] [UE 22873] UL: SNR = 63.50 dB | SE = 20.778 bit/s/Hz
[86285 ms] [UE 30556] UL: SNR = 63.50 dB | SE = 20.778 bit/s/Hz
[86285 ms] [UE 20945] UL: SNR = 63.50 dB | SE = 20.778 bit/s/Hz
[86324 ms] [UE 45898] UL: SNR = 63.50 dB | SE = 20.778 bit/s/Hz
[86324 ms] [UE 36997] UL: SNR = 63.50 dB | SE = 20.778 bit/s/Hz
[86324 ms] [UE 48787] UL: SNR = 63.50 dB | SE = 20.778 bit/s/Hz
[86324 ms] [UE 40252] UL: SNR = 56.00 dB | SE = 18.324 bit/s/Hz
[86324 ms] [UE 15599] UL: SNR = 52.50 dB | SE = 17.179 bit/s/Hz
[86396 ms] [UE 33952] UL: SNR = 63.50 dB | SE = 20.778 bit/s/Hz
[86396 ms] [UE 12169] UL: SNR = 63.50 dB | SE = 20.778 bit/s/Hz
[86396 ms] [UE 22873] UL: SNR = 63.50 dB | SE = 20.778 bit/s/Hz
[86396 ms] [UE 30556] UL: SNR = 63.50 dB | SE = 20.778 bit/s/Hz
[86396 ms] [UE 20945] UL: SNR = 63.50 dB | SE = 20.778 bit/s/Hz
[86433 ms] [UE 45898] UL: SNR = 63.50 dB | SE = 20.778 bit/s/Hz
[86433 ms] [UE 36997] UL: SNR = 63.50 dB | SE = 20.778 bit/s/Hz
[86433 ms] [UE 48787] UL: SNR = 63.50 dB | SE = 20.778 bit/s/Hz
[86433 ms] [UE 40252] UL: SNR = 56.00 dB | SE = 18.324 bit/s/Hz
[86433 ms] [UE 15599] UL: SNR = 52.50 dB | SE = 17.179 bit/s/Hz
[86505 ms] [UE 33952] UL: SNR = 63.50 dB | SE = 20.778 bit/s/Hz
[86505 ms] [UE 12169] UL: SNR = 63.50 dB | SE = 20.778 bit/s/Hz
[86505 ms] [UE 22873] UL: SNR = 63.50 dB | SE = 20.778 bit/s/Hz
[86505 ms] [UE 30556] UL: SNR = 63.50 dB | SE = 20.778 bit/s/Hz
[86505 ms] [UE 20945] UL: SNR = 63.50 dB | SE = 20.778 bit/s/Hz
[86543 ms] [UE 45898] UL: SNR = 63.50 dB | SE = 20.778 bit/s/Hz
[86543 ms] [UE 36997] UL: SNR = 63.50 dB | SE = 20.778 bit/s/Hz
[86543 ms] [UE 48787] UL: SNR = 63.50 dB | SE = 20.778 bit/s/Hz
[86543 ms] [UE 40252] UL: SNR = 56.00 dB | SE = 18.324 bit/s/Hz
[86543 ms] [UE 15599] UL: SNR = 52.50 dB | SE = 17.179 bit/s/Hz
[86605 ms] [UE 33952] UL: SNR = 63.50 dB | SE = 20.778 bit/s/Hz
[86605 ms] [UE 12169] UL: SNR = 63.50 dB | SE = 20.778 bit/s/Hz
[86605 ms] [UE 22873] UL: SNR = 63.50 dB | SE = 20.778 bit/s/Hz
[86605 ms] [UE 30556] UL: SNR = 63.50 dB | SE = 20.778 bit/s/Hz
[86605 ms] [UE 20945] UL: SNR = 63.50 dB | SE = 20.778 bit/s/Hz
[86643 ms] [UE 45898] UL: SNR = 63.50 dB | SE = 20.778 bit/s/Hz
[86643 ms] [UE 36997] UL: SNR = 63.50 dB | SE = 20.778 bit/s/Hz
[86643 ms] [UE 48787] UL: SNR = 63.50 dB | SE = 20.778 bit/s/Hz
[86643 ms] [UE 40252] UL: SNR = 56.00 dB | SE = 18.324 bit/s/Hz
[86643 ms] [UE 15599] UL: SNR = 52.50 dB | SE = 17.179 bit/s/Hz
[86716 ms] [UE 33952] UL: SNR = 63.50 dB | SE = 20.778 bit/s/Hz
[86716 ms] [UE 12169] UL: SNR = 63.50 dB | SE = 20.778 bit/s/Hz
[86716 ms] [UE 22873] UL: SNR = 63.50 dB | SE = 20.778 bit/s/Hz
[86716 ms] [UE 30556] UL: SNR = 63.50 dB | SE = 20.778 bit/s/Hz
[86716 ms] [UE 20945] UL: SNR = 63.50 dB | SE = 20.778 bit/s/Hz
[86743 ms] [UE 45898] UL: SNR = 63.50 dB | SE = 20.778 bit/s/Hz
[86743 ms] [UE 36997] UL: SNR = 63.50 dB | SE = 20.778 bit/s/Hz
[86743 ms] [UE 48787] UL: SNR = 63.50 dB | SE = 20.778 bit/s/Hz
[86743 ms] [UE 40252] UL: SNR = 56.00 dB | SE = 18.324 bit/s/Hz
[86743 ms] [UE 15599] UL: SNR = 52.50 dB | SE = 17.179 bit/s/Hz
[86828 ms] [UE 33952] UL: SNR = 63.50 dB | SE = 20.778 bit/s/Hz
[86828 ms] [UE 12169] UL: SNR = 63.50 dB | SE = 20.778 bit/s/Hz
[86828 ms] [UE 22873] UL: SNR = 63.50 dB | SE = 20.778 bit/s/Hz
[86828 ms] [UE 30556] UL: SNR = 63.50 dB | SE = 20.778 bit/s/Hz
[86828 ms] [UE 20945] UL: SNR = 63.50 dB | SE = 20.778 bit/s/Hz
[86844 ms] [UE 45898] UL: SNR = 63.50 dB | SE = 20.778 bit/s/Hz
[86844 ms] [UE 36997] UL: SNR = 63.50 dB | SE = 20.778 bit/s/Hz
[86844 ms] [UE 48787] UL: SNR = 63.50 dB | SE = 20.778 bit/s/Hz
[86844 ms] [UE 40252] UL: SNR = 56.00 dB | SE = 18.324 bit/s/Hz
[86844 ms] [UE 15599] UL: SNR = 52.50 dB | SE = 17.179 bit/s/Hz
[86936 ms] [UE 33952] UL: SNR = 63.50 dB | SE = 20.778 bit/s/Hz
[86936 ms] [UE 12169] UL: SNR = 63.50 dB | SE = 20.778 bit/s/Hz
[86936 ms] [UE 22873] UL: SNR = 63.50 dB | SE = 20.778 bit/s/Hz
[86936 ms] [UE 30556] UL: SNR = 63.50 dB | SE = 20.778 bit/s/Hz
[86936 ms] [UE 20945] UL: SNR = 63.50 dB | SE = 20.778 bit/s/Hz
[86954 ms] [UE 45898] UL: SNR = 63.50 dB | SE = 20.778 bit/s/Hz
[86954 ms] [UE 36997] UL: SNR = 63.50 dB | SE = 20.778 bit/s/Hz
[86954 ms] [UE 48787] UL: SNR = 63.50 dB | SE = 20.778 bit/s/Hz
[86954 ms] [UE 40252] UL: SNR = 56.00 dB | SE = 18.324 bit/s/Hz
[86954 ms] [UE 15599] UL: SNR = 52.50 dB | SE = 17.179 bit/s/Hz
[87036 ms] [UE 33952] UL: SNR = 63.50 dB | SE = 20.778 bit/s/Hz
[87036 ms] [UE 12169] UL: SNR = 63.50 dB | SE = 20.778 bit/s/Hz
[87036 ms] [UE 22873] UL: SNR = 63.50 dB | SE = 20.778 bit/s/Hz
[87036 ms] [UE 30556] UL: SNR = 63.50 dB | SE = 20.778 bit/s/Hz
[87036 ms] [UE 20945] UL: SNR = 63.50 dB | SE = 20.778 bit/s/Hz
[87064 ms] [UE 45898] UL: SNR = 63.50 dB | SE = 20.778 bit/s/Hz
[87064 ms] [UE 36997] UL: SNR = 63.50 dB | SE = 20.778 bit/s/Hz
[87064 ms] [UE 48787] UL: SNR = 63.50 dB | SE = 20.778 bit/s/Hz
[87064 ms] [UE 40252] UL: SNR = 56.00 dB | SE = 18.324 bit/s/Hz
[87064 ms] [UE 15599] UL: SNR = 52.50 dB | SE = 17.179 bit/s/Hz
[87145 ms] [UE 33952] UL: SNR = 63.50 dB | SE = 20.778 bit/s/Hz
[87145 ms] [UE 12169] UL: SNR = 63.50 dB | SE = 20.778 bit/s/Hz
[87145 ms] [UE 22873] UL: SNR = 63.50 dB | SE = 20.778 bit/s/Hz
[87145 ms] [UE 30556] UL: SNR = 63.50 dB | SE = 20.778 bit/s/Hz
[87145 ms] [UE 20945] UL: SNR = 63.50 dB | SE = 20.778 bit/s/Hz
[87173 ms] [UE 45898] UL: SNR = 63.50 dB | SE = 20.778 bit/s/Hz
[87173 ms] [UE 36997] UL: SNR = 63.50 dB | SE = 20.778 bit/s/Hz
[87173 ms] [UE 48787] UL: SNR = 63.50 dB | SE = 20.778 bit/s/Hz
[87173 ms] [UE 40252] UL: SNR = 56.00 dB | SE = 18.324 bit/s/Hz
[87173 ms] [UE 15599] UL: SNR = 52.50 dB | SE = 17.179 bit/s/Hz
[87255 ms] [UE 33952] UL: SNR = 63.50 dB | SE = 20.778 bit/s/Hz
[87255 ms] [UE 12169] UL: SNR = 63.50 dB | SE = 20.778 bit/s/Hz
[87255 ms] [UE 22873] UL: SNR = 63.50 dB | SE = 20.778 bit/s/Hz
[87255 ms] [UE 30556] UL: SNR = 63.50 dB | SE = 20.778 bit/s/Hz
[87255 ms] [UE 20945] UL: SNR = 63.50 dB | SE = 20.778 bit/s/Hz
[87274 ms] [UE 45898] UL: SNR = 63.50 dB | SE = 20.778 bit/s/Hz
[87274 ms] [UE 36997] UL: SNR = 63.50 dB | SE = 20.778 bit/s/Hz
[87274 ms] [UE 48787] UL: SNR = 63.50 dB | SE = 20.778 bit/s/Hz
[87274 ms] [UE 40252] UL: SNR = 56.00 dB | SE = 18.324 bit/s/Hz
[87274 ms] [UE 15599] UL: SNR = 52.50 dB | SE = 17.179 bit/s/Hz
[87355 ms] [UE 33952] UL: SNR = 63.50 dB | SE = 20.778 bit/s/Hz
[87355 ms] [UE 12169] UL: SNR = 63.50 dB | SE = 20.778 bit/s/Hz
[87355 ms] [UE 22873] UL: SNR = 63.50 dB | SE = 20.778 bit/s/Hz
[87355 ms] [UE 30556] UL: SNR = 7.50 dB | SE = 2.687 bit/s/Hz
[87355 ms] [UE 20945] UL: SNR = 63.50 dB | SE = 20.778 bit/s/Hz
[87384 ms] [UE 45898] UL: SNR = 63.50 dB | SE = 20.778 bit/s/Hz
[87384 ms] [UE 36997] UL: SNR = 63.50 dB | SE = 20.778 bit/s/Hz
[87384 ms] [UE 48787] UL: SNR = 63.50 dB | SE = 20.778 bit/s/Hz
[87384 ms] [UE 40252] UL: SNR = 56.00 dB | SE = 18.324 bit/s/Hz
[87384 ms] [UE 15599] UL: SNR = 52.50 dB | SE = 17.179 bit/s/Hz
[87456 ms] [UE 33952] UL: SNR = 63.50 dB | SE = 20.778 bit/s/Hz
[87456 ms] [UE 12169] UL: SNR = 63.50 dB | SE = 20.778 bit/s/Hz
[87456 ms] [UE 22873] UL: SNR = 63.50 dB | SE = 20.778 bit/s/Hz
[87456 ms] [UE 30556] UL: SNR = 7.50 dB | SE = 2.687 bit/s/Hz
[87456 ms] [UE 20945] UL: SNR = 63.50 dB | SE = 20.778 bit/s/Hz
[87493 ms] [UE 45898] UL: SNR = 63.50 dB | SE = 20.778 bit/s/Hz
[87493 ms] [UE 36997] UL: SNR = 63.50 dB | SE = 20.778 bit/s/Hz
[87493 ms] [UE 48787] UL: SNR = 63.50 dB | SE = 20.778 bit/s/Hz
[87493 ms] [UE 40252] UL: SNR = 56.00 dB | SE = 18.324 bit/s/Hz
[87493 ms] [UE 15599] UL: SNR = 52.50 dB | SE = 17.179 bit/s/Hz
[87558 ms] [UE 33952] UL: SNR = 63.50 dB | SE = 20.778 bit/s/Hz
[87558 ms] [UE 12169] UL: SNR = 63.50 dB | SE = 20.778 bit/s/Hz
[87558 ms] [UE 22873] UL: SNR = 63.50 dB | SE = 20.778 bit/s/Hz
[87558 ms] [UE 30556] UL: SNR = 7.50 dB | SE = 2.687 bit/s/Hz
[87558 ms] [UE 20945] UL: SNR = 63.50 dB | SE = 20.778 bit/s/Hz
[87604 ms] [UE 45898] UL: SNR = 63.50 dB | SE = 20.778 bit/s/Hz
[87604 ms] [UE 36997] UL: SNR = 63.50 dB | SE = 20.778 bit/s/Hz
[87604 ms] [UE 48787] UL: SNR = 63.50 dB | SE = 20.778 bit/s/Hz
[87604 ms] [UE 40252] UL: SNR = 56.00 dB | SE = 18.324 bit/s/Hz
[87604 ms] [UE 15599] UL: SNR = 52.50 dB | SE = 17.179 bit/s/Hz
[87666 ms] [UE 33952] UL: SNR = 63.50 dB | SE = 20.778 bit/s/Hz
[87666 ms] [UE 12169] UL: SNR = 63.50 dB | SE = 20.778 bit/s/Hz
[87666 ms] [UE 22873] UL: SNR = 8.50 dB | SE = 2.969 bit/s/Hz
[87666 ms] [UE 30556] UL: SNR = 51.50 dB | SE = 16.851 bit/s/Hz
[87666 ms] [UE 20945] UL: SNR = 63.50 dB | SE = 20.778 bit/s/Hz
[87705 ms] [UE 45898] UL: SNR = 63.50 dB | SE = 20.778 bit/s/Hz
[87705 ms] [UE 36997] UL: SNR = 63.50 dB | SE = 20.778 bit/s/Hz
[87705 ms] [UE 48787] UL: SNR = 63.50 dB | SE = 20.778 bit/s/Hz
[87705 ms] [UE 40252] UL: SNR = 56.00 dB | SE = 18.324 bit/s/Hz
[87705 ms] [UE 15599] UL: SNR = 52.50 dB | SE = 17.179 bit/s/Hz
[87777 ms] [UE 33952] UL: SNR = 63.50 dB | SE = 20.778 bit/s/Hz
[87777 ms] [UE 12169] UL: SNR = 63.50 dB | SE = 20.778 bit/s/Hz
[87777 ms] [UE 22873] UL: SNR = 8.50 dB | SE = 2.969 bit/s/Hz
[87777 ms] [UE 30556] UL: SNR = 51.50 dB | SE = 16.851 bit/s/Hz
[87777 ms] [UE 20945] UL: SNR = 63.50 dB | SE = 20.778 bit/s/Hz
[87814 ms] [UE 45898] UL: SNR = 63.50 dB | SE = 20.778 bit/s/Hz
[87814 ms] [UE 36997] UL: SNR = 63.50 dB | SE = 20.778 bit/s/Hz
[87814 ms] [UE 48787] UL: SNR = 63.50 dB | SE = 20.778 bit/s/Hz
[87814 ms] [UE 40252] UL: SNR = 56.00 dB | SE = 18.324 bit/s/Hz
[87814 ms] [UE 15599] UL: SNR = 52.50 dB | SE = 17.179 bit/s/Hz
[87885 ms] [UE 33952] UL: SNR = 63.50 dB | SE = 20.778 bit/s/Hz
[87885 ms] [UE 12169] UL: SNR = 63.50 dB | SE = 20.778 bit/s/Hz
[87885 ms] [UE 22873] UL: SNR = 8.50 dB | SE = 2.969 bit/s/Hz
[87885 ms] [UE 30556] UL: SNR = 51.50 dB | SE = 16.851 bit/s/Hz
[87885 ms] [UE 20945] UL: SNR = 63.50 dB | SE = 20.778 bit/s/Hz
[87914 ms] [UE 45898] UL: SNR = 63.50 dB | SE = 20.778 bit/s/Hz
[87914 ms] [UE 36997] UL: SNR = 63.50 dB | SE = 20.778 bit/s/Hz
[87914 ms] [UE 48787] UL: SNR = 63.50 dB | SE = 20.778 bit/s/Hz
[87914 ms] [UE 40252] UL: SNR = 56.00 dB | SE = 18.324 bit/s/Hz
[87914 ms] [UE 15599] UL: SNR = 52.50 dB | SE = 17.179 bit/s/Hz
[87986 ms] [UE 33952] UL: SNR = 63.50 dB | SE = 20.778 bit/s/Hz
[87986 ms] [UE 12169] UL: SNR = 63.50 dB | SE = 20.778 bit/s/Hz
[87986 ms] [UE 22873] UL: SNR = 8.50 dB | SE = 2.969 bit/s/Hz
[87986 ms] [UE 30556] UL: SNR = 51.50 dB | SE = 16.851 bit/s/Hz
[87986 ms] [UE 20945] UL: SNR = 63.50 dB | SE = 20.778 bit/s/Hz
[88023 ms] [UE 45898] UL: SNR = 63.50 dB | SE = 20.778 bit/s/Hz
[88023 ms] [UE 36997] UL: SNR = 63.50 dB | SE = 20.778 bit/s/Hz
[88023 ms] [UE 48787] UL: SNR = 63.50 dB | SE = 20.778 bit/s/Hz
[88023 ms] [UE 40252] UL: SNR = 56.00 dB | SE = 18.324 bit/s/Hz
[88023 ms] [UE 15599] UL: SNR = 52.50 dB | SE = 17.179 bit/s/Hz
[88095 ms] [UE 33952] UL: SNR = 63.50 dB | SE = 20.778 bit/s/Hz
[88095 ms] [UE 12169] UL: SNR = 63.50 dB | SE = 20.778 bit/s/Hz
[88095 ms] [UE 22873] UL: SNR = 8.50 dB | SE = 2.969 bit/s/Hz
[88095 ms] [UE 30556] UL: SNR = 51.50 dB | SE = 16.851 bit/s/Hz
[88095 ms] [UE 20945] UL: SNR = 63.50 dB | SE = 20.778 bit/s/Hz
[88134 ms] [UE 45898] UL: SNR = 63.50 dB | SE = 20.778 bit/s/Hz
[88134 ms] [UE 36997] UL: SNR = 63.50 dB | SE = 20.778 bit/s/Hz
[88134 ms] [UE 48787] UL: SNR = 63.50 dB | SE = 20.778 bit/s/Hz
[88134 ms] [UE 40252] UL: SNR = 56.00 dB | SE = 18.324 bit/s/Hz
[88134 ms] [UE 15599] UL: SNR = 52.50 dB | SE = 17.179 bit/s/Hz
[88205 ms] [UE 33952] UL: SNR = 63.50 dB | SE = 20.778 bit/s/Hz
[88205 ms] [UE 12169] UL: SNR = 63.50 dB | SE = 20.778 bit/s/Hz
[88205 ms] [UE 22873] UL: SNR = 8.50 dB | SE = 2.969 bit/s/Hz
[88205 ms] [UE 30556] UL: SNR = 53.50 dB | SE = 17.506 bit/s/Hz
[88205 ms] [UE 20945] UL: SNR = 63.50 dB | SE = 20.778 bit/s/Hz
[88244 ms] [UE 45898] UL: SNR = 63.50 dB | SE = 20.778 bit/s/Hz
[88244 ms] [UE 36997] UL: SNR = 63.50 dB | SE = 20.778 bit/s/Hz
[88244 ms] [UE 48787] UL: SNR = 63.50 dB | SE = 20.778 bit/s/Hz
[88244 ms] [UE 40252] UL: SNR = 56.00 dB | SE = 18.324 bit/s/Hz
[88244 ms] [UE 15599] UL: SNR = 52.50 dB | SE = 17.179 bit/s/Hz
[88305 ms] [UE 33952] UL: SNR = 63.50 dB | SE = 20.778 bit/s/Hz
[88305 ms] [UE 12169] UL: SNR = 63.50 dB | SE = 20.778 bit/s/Hz
[88305 ms] [UE 22873] UL: SNR = 8.50 dB | SE = 2.969 bit/s/Hz
[88305 ms] [UE 30556] UL: SNR = 53.50 dB | SE = 17.506 bit/s/Hz
[88305 ms] [UE 20945] UL: SNR = 63.50 dB | SE = 20.778 bit/s/Hz
[88354 ms] [UE 45898] UL: SNR = 63.50 dB | SE = 20.778 bit/s/Hz
[88354 ms] [UE 36997] UL: SNR = 63.50 dB | SE = 20.778 bit/s/Hz
[88354 ms] [UE 48787] UL: SNR = 63.50 dB | SE = 20.778 bit/s/Hz
[88354 ms] [UE 40252] UL: SNR = 56.00 dB | SE = 18.324 bit/s/Hz
[88354 ms] [UE 15599] UL: SNR = 52.50 dB | SE = 17.179 bit/s/Hz
[88415 ms] [UE 33952] UL: SNR = 63.50 dB | SE = 20.778 bit/s/Hz
[88415 ms] [UE 12169] UL: SNR = 63.50 dB | SE = 20.778 bit/s/Hz
[88415 ms] [UE 22873] UL: SNR = 8.50 dB | SE = 2.969 bit/s/Hz
[88415 ms] [UE 30556] UL: SNR = 54.00 dB | SE = 17.669 bit/s/Hz
[88415 ms] [UE 20945] UL: SNR = 63.50 dB | SE = 20.778 bit/s/Hz
[88464 ms] [UE 45898] UL: SNR = 63.50 dB | SE = 20.778 bit/s/Hz
[88464 ms] [UE 36997] UL: SNR = 63.50 dB | SE = 20.778 bit/s/Hz
[88464 ms] [UE 48787] UL: SNR = 63.50 dB | SE = 20.778 bit/s/Hz
[88464 ms] [UE 40252] UL: SNR = 56.00 dB | SE = 18.324 bit/s/Hz
[88464 ms] [UE 15599] UL: SNR = 52.50 dB | SE = 17.179 bit/s/Hz
[88525 ms] [UE 33952] UL: SNR = 63.50 dB | SE = 20.778 bit/s/Hz
[88525 ms] [UE 12169] UL: SNR = 63.50 dB | SE = 20.778 bit/s/Hz
[88525 ms] [UE 22873] UL: SNR = 8.50 dB | SE = 2.969 bit/s/Hz
[88525 ms] [UE 30556] UL: SNR = 54.00 dB | SE = 17.669 bit/s/Hz
[88525 ms] [UE 20945] UL: SNR = 63.50 dB | SE = 20.778 bit/s/Hz
[88564 ms] [UE 45898] UL: SNR = 63.50 dB | SE = 20.778 bit/s/Hz
[88564 ms] [UE 36997] UL: SNR = 63.50 dB | SE = 20.778 bit/s/Hz
[88564 ms] [UE 48787] UL: SNR = 63.50 dB | SE = 20.778 bit/s/Hz
[88564 ms] [UE 40252] UL: SNR = 56.00 dB | SE = 18.324 bit/s/Hz
[88564 ms] [UE 15599] UL: SNR = 52.50 dB | SE = 17.179 bit/s/Hz
[88625 ms] [UE 33952] UL: SNR = 63.50 dB | SE = 20.778 bit/s/Hz
[88625 ms] [UE 12169] UL: SNR = 63.50 dB | SE = 20.778 bit/s/Hz
[88625 ms] [UE 22873] UL: SNR = 8.50 dB | SE = 2.969 bit/s/Hz
[88625 ms] [UE 30556] UL: SNR = 54.00 dB | SE = 17.669 bit/s/Hz
[88625 ms] [UE 20945] UL: SNR = 63.50 dB | SE = 20.778 bit/s/Hz
[88673 ms] [UE 45898] UL: SNR = 63.50 dB | SE = 20.778 bit/s/Hz
[88673 ms] [UE 36997] UL: SNR = 63.50 dB | SE = 20.778 bit/s/Hz
[88673 ms] [UE 48787] UL: SNR = 63.50 dB | SE = 20.778 bit/s/Hz
[88673 ms] [UE 40252] UL: SNR = 56.00 dB | SE = 18.324 bit/s/Hz
[88673 ms] [UE 15599] UL: SNR = 52.50 dB | SE = 17.179 bit/s/Hz
[88735 ms] [UE 33952] UL: SNR = 63.50 dB | SE = 20.778 bit/s/Hz
[88735 ms] [UE 12169] UL: SNR = 63.50 dB | SE = 20.778 bit/s/Hz
[88735 ms] [UE 22873] UL: SNR = 8.50 dB | SE = 2.969 bit/s/Hz
[88735 ms] [UE 30556] UL: SNR = 63.50 dB | SE = 20.778 bit/s/Hz
[88735 ms] [UE 20945] UL: SNR = 63.50 dB | SE = 20.778 bit/s/Hz
[88783 ms] [UE 45898] UL: SNR = 63.50 dB | SE = 20.778 bit/s/Hz
[88783 ms] [UE 36997] UL: SNR = 63.50 dB | SE = 20.778 bit/s/Hz
[88783 ms] [UE 48787] UL: SNR = 63.50 dB | SE = 20.778 bit/s/Hz
[88783 ms] [UE 40252] UL: SNR = 56.00 dB | SE = 18.324 bit/s/Hz
[88783 ms] [UE 15599] UL: SNR = 52.50 dB | SE = 17.179 bit/s/Hz
[88836 ms] [UE 33952] UL: SNR = 63.50 dB | SE = 20.778 bit/s/Hz
[88836 ms] [UE 12169] UL: SNR = 63.50 dB | SE = 20.778 bit/s/Hz
[88836 ms] [UE 22873] UL: SNR = 8.50 dB | SE = 2.969 bit/s/Hz
[88836 ms] [UE 30556] UL: SNR = 63.50 dB | SE = 20.778 bit/s/Hz
[88836 ms] [UE 20945] UL: SNR = 63.50 dB | SE = 20.778 bit/s/Hz
[88883 ms] [UE 45898] UL: SNR = 63.50 dB | SE = 20.778 bit/s/Hz
[88883 ms] [UE 36997] UL: SNR = 63.50 dB | SE = 20.778 bit/s/Hz
[88883 ms] [UE 48787] UL: SNR = 63.50 dB | SE = 20.778 bit/s/Hz
[88883 ms] [UE 40252] UL: SNR = 56.00 dB | SE = 18.324 bit/s/Hz
[88883 ms] [UE 15599] UL: SNR = 52.50 dB | SE = 17.179 bit/s/Hz
[88945 ms] [UE 33952] UL: SNR = 63.50 dB | SE = 20.778 bit/s/Hz
[88945 ms] [UE 12169] UL: SNR = 63.50 dB | SE = 20.778 bit/s/Hz
[88945 ms] [UE 22873] UL: SNR = 8.50 dB | SE = 2.969 bit/s/Hz
[88945 ms] [UE 30556] UL: SNR = 54.00 dB | SE = 17.669 bit/s/Hz
[88945 ms] [UE 20945] UL: SNR = 63.50 dB | SE = 20.778 bit/s/Hz
[88984 ms] [UE 45898] UL: SNR = 63.50 dB | SE = 20.778 bit/s/Hz
[88984 ms] [UE 36997] UL: SNR = 63.50 dB | SE = 20.778 bit/s/Hz
[88984 ms] [UE 48787] UL: SNR = 63.50 dB | SE = 20.778 bit/s/Hz
[88984 ms] [UE 40252] UL: SNR = 56.00 dB | SE = 18.324 bit/s/Hz
[88984 ms] [UE 15599] UL: SNR = 52.50 dB | SE = 17.179 bit/s/Hz
[89055 ms] [UE 33952] UL: SNR = 63.50 dB | SE = 20.778 bit/s/Hz
[89055 ms] [UE 12169] UL: SNR = 63.50 dB | SE = 20.778 bit/s/Hz
[89055 ms] [UE 22873] UL: SNR = 8.50 dB | SE = 2.969 bit/s/Hz
[89055 ms] [UE 30556] UL: SNR = 54.00 dB | SE = 17.669 bit/s/Hz
[89055 ms] [UE 20945] UL: SNR = 63.50 dB | SE = 20.778 bit/s/Hz
[89093 ms] [UE 45898] UL: SNR = 63.50 dB | SE = 20.778 bit/s/Hz
[89093 ms] [UE 36997] UL: SNR = 63.50 dB | SE = 20.778 bit/s/Hz
[89093 ms] [UE 48787] UL: SNR = 63.50 dB | SE = 20.778 bit/s/Hz
[89093 ms] [UE 40252] UL: SNR = 56.00 dB | SE = 18.324 bit/s/Hz
[89093 ms] [UE 15599] UL: SNR = 52.50 dB | SE = 17.179 bit/s/Hz
[89157 ms] [UE 33952] UL: SNR = 63.50 dB | SE = 20.778 bit/s/Hz
[89157 ms] [UE 12169] UL: SNR = 63.50 dB | SE = 20.778 bit/s/Hz
[89157 ms] [UE 22873] UL: SNR = 8.50 dB | SE = 2.969 bit/s/Hz
[89157 ms] [UE 30556] UL: SNR = 54.00 dB | SE = 17.669 bit/s/Hz
[89157 ms] [UE 20945] UL: SNR = 63.50 dB | SE = 20.778 bit/s/Hz
[89193 ms] [UE 45898] UL: SNR = 63.50 dB | SE = 20.778 bit/s/Hz
[89193 ms] [UE 36997] UL: SNR = 63.50 dB | SE = 20.778 bit/s/Hz
[89193 ms] [UE 48787] UL: SNR = 63.50 dB | SE = 20.778 bit/s/Hz
[89193 ms] [UE 40252] UL: SNR = 56.00 dB | SE = 18.324 bit/s/Hz
[89193 ms] [UE 15599] UL: SNR = 52.50 dB | SE = 17.179 bit/s/Hz
[89265 ms] [UE 33952] UL: SNR = 63.50 dB | SE = 20.778 bit/s/Hz
[89265 ms] [UE 12169] UL: SNR = 63.50 dB | SE = 20.778 bit/s/Hz
[89265 ms] [UE 22873] UL: SNR = 8.50 dB | SE = 2.969 bit/s/Hz
[89265 ms] [UE 30556] UL: SNR = 63.50 dB | SE = 20.778 bit/s/Hz
[89265 ms] [UE 20945] UL: SNR = 63.50 dB | SE = 20.778 bit/s/Hz
[89303 ms] [UE 45898] UL: SNR = 63.50 dB | SE = 20.778 bit/s/Hz
[89303 ms] [UE 36997] UL: SNR = 63.50 dB | SE = 20.778 bit/s/Hz
[89303 ms] [UE 48787] UL: SNR = 63.50 dB | SE = 20.778 bit/s/Hz
[89303 ms] [UE 40252] UL: SNR = 56.00 dB | SE = 18.324 bit/s/Hz
[89303 ms] [UE 15599] UL: SNR = 52.50 dB | SE = 17.179 bit/s/Hz
[89376 ms] [UE 33952] UL: SNR = 63.50 dB | SE = 20.778 bit/s/Hz
[89376 ms] [UE 12169] UL: SNR = 63.50 dB | SE = 20.778 bit/s/Hz
[89376 ms] [UE 22873] UL: SNR = 8.50 dB | SE = 2.969 bit/s/Hz
[89376 ms] [UE 30556] UL: SNR = 63.50 dB | SE = 20.778 bit/s/Hz
[89376 ms] [UE 20945] UL: SNR = 63.50 dB | SE = 20.778 bit/s/Hz
[89414 ms] [UE 45898] UL: SNR = 63.50 dB | SE = 20.778 bit/s/Hz
[89414 ms] [UE 36997] UL: SNR = 63.50 dB | SE = 20.778 bit/s/Hz
[89414 ms] [UE 48787] UL: SNR = 63.50 dB | SE = 20.778 bit/s/Hz
[89414 ms] [UE 40252] UL: SNR = 56.00 dB | SE = 18.324 bit/s/Hz
[89414 ms] [UE 15599] UL: SNR = 52.50 dB | SE = 17.179 bit/s/Hz
[89485 ms] [UE 33952] UL: SNR = 63.50 dB | SE = 20.778 bit/s/Hz
[89485 ms] [UE 12169] UL: SNR = 63.50 dB | SE = 20.778 bit/s/Hz
[89485 ms] [UE 22873] UL: SNR = 8.50 dB | SE = 2.969 bit/s/Hz
[89485 ms] [UE 30556] UL: SNR = 63.50 dB | SE = 20.778 bit/s/Hz
[89485 ms] [UE 20945] UL: SNR = 63.50 dB | SE = 20.778 bit/s/Hz
[89514 ms] [UE 45898] UL: SNR = 63.50 dB | SE = 20.778 bit/s/Hz
[89514 ms] [UE 36997] UL: SNR = 63.50 dB | SE = 20.778 bit/s/Hz
[89514 ms] [UE 48787] UL: SNR = 63.50 dB | SE = 20.778 bit/s/Hz
[89514 ms] [UE 40252] UL: SNR = 56.00 dB | SE = 18.324 bit/s/Hz
[89514 ms] [UE 15599] UL: SNR = 52.50 dB | SE = 17.179 bit/s/Hz
[89595 ms] [UE 33952] UL: SNR = 63.50 dB | SE = 20.778 bit/s/Hz
[89595 ms] [UE 12169] UL: SNR = 63.50 dB | SE = 20.778 bit/s/Hz
[89595 ms] [UE 22873] UL: SNR = 8.50 dB | SE = 2.969 bit/s/Hz
[89595 ms] [UE 30556] UL: SNR = 63.50 dB | SE = 20.778 bit/s/Hz
[89595 ms] [UE 20945] UL: SNR = 63.50 dB | SE = 20.778 bit/s/Hz
[89614 ms] [UE 45898] UL: SNR = 63.50 dB | SE = 20.778 bit/s/Hz
[89614 ms] [UE 36997] UL: SNR = 63.50 dB | SE = 20.778 bit/s/Hz
[89614 ms] [UE 48787] UL: SNR = 63.50 dB | SE = 20.778 bit/s/Hz
[89614 ms] [UE 40252] UL: SNR = 56.00 dB | SE = 18.324 bit/s/Hz
[89614 ms] [UE 15599] UL: SNR = 52.50 dB | SE = 17.179 bit/s/Hz
[89705 ms] [UE 33952] UL: SNR = 63.50 dB | SE = 20.778 bit/s/Hz
[89705 ms] [UE 12169] UL: SNR = 63.50 dB | SE = 20.778 bit/s/Hz
[89705 ms] [UE 22873] UL: SNR = 8.50 dB | SE = 2.969 bit/s/Hz
[89705 ms] [UE 30556] UL: SNR = 63.50 dB | SE = 20.778 bit/s/Hz
[89705 ms] [UE 20945] UL: SNR = 63.50 dB | SE = 20.778 bit/s/Hz
[89724 ms] [UE 45898] UL: SNR = 63.50 dB | SE = 20.778 bit/s/Hz
[89724 ms] [UE 36997] UL: SNR = 63.50 dB | SE = 20.778 bit/s/Hz
[89724 ms] [UE 48787] UL: SNR = 63.50 dB | SE = 20.778 bit/s/Hz
[89724 ms] [UE 40252] UL: SNR = 56.00 dB | SE = 18.324 bit/s/Hz
[89724 ms] [UE 15599] UL: SNR = 52.50 dB | SE = 17.179 bit/s/Hz
[89805 ms] [UE 33952] UL: SNR = 63.50 dB | SE = 20.778 bit/s/Hz
[89805 ms] [UE 12169] UL: SNR = 63.50 dB | SE = 20.778 bit/s/Hz
[89805 ms] [UE 22873] UL: SNR = 8.50 dB | SE = 2.969 bit/s/Hz
[89805 ms] [UE 30556] UL: SNR = 63.50 dB | SE = 20.778 bit/s/Hz
[89805 ms] [UE 20945] UL: SNR = 63.50 dB | SE = 20.778 bit/s/Hz
[89833 ms] [UE 45898] UL: SNR = 63.50 dB | SE = 20.778 bit/s/Hz
[89833 ms] [UE 36997] UL: SNR = 63.50 dB | SE = 20.778 bit/s/Hz
[89833 ms] [UE 48787] UL: SNR = 63.50 dB | SE = 20.778 bit/s/Hz
[89833 ms] [UE 40252] UL: SNR = 56.00 dB | SE = 18.324 bit/s/Hz
[89833 ms] [UE 15599] UL: SNR = 52.50 dB | SE = 17.179 bit/s/Hz
[89907 ms] [UE 33952] UL: SNR = 63.50 dB | SE = 20.778 bit/s/Hz
[89907 ms] [UE 12169] UL: SNR = 63.50 dB | SE = 20.778 bit/s/Hz
[89907 ms] [UE 22873] UL: SNR = 8.50 dB | SE = 2.969 bit/s/Hz
[89907 ms] [UE 30556] UL: SNR = 63.50 dB | SE = 20.778 bit/s/Hz
[89907 ms] [UE 20945] UL: SNR = 63.50 dB | SE = 20.778 bit/s/Hz
[89933 ms] [UE 45898] UL: SNR = 63.50 dB | SE = 20.778 bit/s/Hz
[89933 ms] [UE 36997] UL: SNR = 63.50 dB | SE = 20.778 bit/s/Hz
[89933 ms] [UE 48787] UL: SNR = 63.50 dB | SE = 20.778 bit/s/Hz
[89933 ms] [UE 40252] UL: SNR = 56.00 dB | SE = 18.324 bit/s/Hz
[89933 ms] [UE 15599] UL: SNR = 52.50 dB | SE = 17.179 bit/s/Hz
[xApp]: E42 RIC_SUBSCRIPTION_DELETE_REQUEST tx RAN_FUNC_ID 142 RIC_REQ_ID 1 
[xApp]: E42 SUBSCRIPTION DELETE RESPONSE rx
[xApp]: E42 RIC_SUBSCRIPTION_DELETE_REQUEST tx RAN_FUNC_ID 142 RIC_REQ_ID 2 
[xApp]: E42 SUBSCRIPTION DELETE RESPONSE rx
[xApp]: Sucessfully stopped 
Test xApp run SUCCESSFULLY
