[UTIL]: Setting the config -c file to /usr/local/etc/flexric/flexric.conf
[UTIL]: Setting path -p for the shared libraries to /usr/local/lib/flexric/
[xAapp]: Initializing ... 
[xApp]: nearRT-RIC IP Address = 192.168.70.150, PORT = 36422
[E2 AGENT]: Opening plugin from path = /usr/local/lib/flexric/libkpm_sm.so 
[E2 AGENT]: Opening plugin from path = /usr/local/lib/flexric/libmac_sm.so 
[E2 AGENT]: Opening plugin from path = /usr/local/lib/flexric/libpdcp_sm.so 
[E2 AGENT]: Opening plugin from path = /usr/local/lib/flexric/libgtp_sm.so 
[E2 AGENT]: Opening plugin from path = /usr/local/lib/flexric/librc_sm.so 
[E2 AGENT]: Opening plugin from path = /usr/local/lib/flexric/libtc_sm.so 
[E2 AGENT]: Opening plugin from path = /usr/local/lib/flexric/librlc_sm.so 
[E2 AGENT]: Opening plugin from path = /usr/local/lib/flexric/libslice_sm.so 
[NEAR-RIC]: Loading SM ID = 2 with def = ORAN-E2SM-KPM 
[NEAR-RIC]: Loading SM ID = 142 with def = MAC_STATS_V0 
[NEAR-RIC]: Loading SM ID = 144 with def = PDCP_STATS_V0 
[NEAR-RIC]: Loading SM ID = 148 with def = GTP_STATS_V0 
[NEAR-RIC]: Loading SM ID = 3 with def = ORAN-E2SM-RC 
[NEAR-RIC]: Loading SM ID = 146 with def = TC_STATS_V0 
[NEAR-RIC]: Loading SM ID = 143 with def = RLC_STATS_V0 
[NEAR-RIC]: Loading SM ID = 145 with def = SLICE_STATS_V0 
[xApp]: DB filename = /tmp/flexric/xapp_db 
 [xApp]: E42 SETUP-REQUEST tx
[xApp]: E42 SETUP-RESPONSE rx 
[xApp]: xApp ID = 19 
[xApp]: Registered E2 Nodes = 4 
Connected E2 nodes = 4
[xAPP] Registered node 0 ran func id = 2 
[xAPP] Registered node 0 ran func id = 3 
[xAPP] Registered node 0 ran func id = 142 
[xAPP] Registered node 0 ran func id = 143 
[xAPP] Registered node 0 ran func id = 144 
[xAPP] Registered node 0 ran func id = 145 
[xAPP] Registered node 0 ran func id = 146 
[xAPP] Registered node 0 ran func id = 148 
[xAPP] CU or CUUP, don't do anything
[xAPP] Registered node 1 ran func id = 2 
[xAPP] Registered node 1 ran func id = 3 
[xAPP] Registered node 1 ran func id = 142 
[xAPP] Registered node 1 ran func id = 143 
[xAPP] Registered node 1 ran func id = 144 
[xAPP] Registered node 1 ran func id = 145 
[xAPP] Registered node 1 ran func id = 146 
[xAPP] Registered node 1 ran func id = 148 
[xAPP] Registered node 2 ran func id = 2 
[xAPP] Registered node 2 ran func id = 3 
[xAPP] Registered node 2 ran func id = 142 
[xAPP] Registered node 2 ran func id = 143 
[xAPP] Registered node 2 ran func id = 144 
[xAPP] Registered node 2 ran func id = 145 
[xAPP] Registered node 2 ran func id = 146 
[xAPP] Registered node 2 ran func id = 148 
[xApp] DU detected
[xApp]: E42 RIC SUBSCRIPTION REQUEST tx RAN_FUNC_ID 142 RIC_REQ_ID 1 
[xApp]: SUBSCRIPTION RESPONSE rx
[xApp]: Successfully subscribed to RAN_FUNC_ID 142 
[xAPP] Registered node 3 ran func id = 2 
[xAPP] Registered node 3 ran func id = 3 
[xAPP] Registered node 3 ran func id = 142 
[xAPP] Registered node 3 ran func id = 143 
[xAPP] Registered node 3 ran func id = 144 
[xAPP] Registered node 3 ran func id = 145 
[xAPP] Registered node 3 ran func id = 146 
[xAPP] Registered node 3 ran func id = 148 
[xApp] DU detected
[xApp]: E42 RIC SUBSCRIPTION REQUEST tx RAN_FUNC_ID 142 RIC_REQ_ID 2 
[xApp]: SUBSCRIPTION RESPONSE rx
[xApp]: Successfully subscribed to RAN_FUNC_ID 142 
[   12 ms] [UE 45898] UL: SNR = 63.50 dB | SE = 20.778 bit/s/Hz
[   12 ms] [UE 36997] UL: SNR = 63.50 dB | SE = 20.778 bit/s/Hz
[   12 ms] [UE 48787] UL: SNR = 63.50 dB | SE = 20.778 bit/s/Hz
[   12 ms] [UE 40252] UL: SNR = 56.00 dB | SE = 18.324 bit/s/Hz
[   12 ms] [UE 15599] UL: SNR = 52.50 dB | SE = 17.179 bit/s/Hz
[   15 ms] [UE 33952] UL: SNR = 6.50 dB | SE = 2.414 bit/s/Hz
[   15 ms] [UE 12169] UL: SNR = 63.50 dB | SE = 20.778 bit/s/Hz
[   15 ms] [UE 22873] UL: SNR = 63.50 dB | SE = 20.778 bit/s/Hz
[   15 ms] [UE 30556] UL: SNR = 63.50 dB | SE = 20.778 bit/s/Hz
[   15 ms] [UE 20945] UL: SNR = 52.50 dB | SE = 17.179 bit/s/Hz
[  113 ms] [UE 45898] UL: SNR = 63.50 dB | SE = 20.778 bit/s/Hz
[  113 ms] [UE 36997] UL: SNR = 63.50 dB | SE = 20.778 bit/s/Hz
[  113 ms] [UE 48787] UL: SNR = 63.50 dB | SE = 20.778 bit/s/Hz
[  113 ms] [UE 40252] UL: SNR = 56.00 dB | SE = 18.324 bit/s/Hz
[  113 ms] [UE 15599] UL: SNR = 52.50 dB | SE = 17.179 bit/s/Hz
[  115 ms] [UE 33952] UL: SNR = 6.50 dB | SE = 2.414 bit/s/Hz
[  115 ms] [UE 12169] UL: SNR = 63.50 dB | SE = 20.778 bit/s/Hz
[  115 ms] [UE 22873] UL: SNR = 63.50 dB | SE = 20.778 bit/s/Hz
[  115 ms] [UE 30556] UL: SNR = 63.50 dB | SE = 20.778 bit/s/Hz
[  115 ms] [UE 20945] UL: SNR = 52.50 dB | SE = 17.179 bit/s/Hz
[  223 ms] [UE 45898] UL: SNR = 63.50 dB | SE = 20.778 bit/s/Hz
[  223 ms] [UE 36997] UL: SNR = 63.50 dB | SE = 20.778 bit/s/Hz
[  223 ms] [UE 48787] UL: SNR = 63.50 dB | SE = 20.778 bit/s/Hz
[  223 ms] [UE 40252] UL: SNR = 56.00 dB | SE = 18.324 bit/s/Hz
[  223 ms] [UE 15599] UL: SNR = 52.50 dB | SE = 17.179 bit/s/Hz
[  225 ms] [UE 33952] UL: SNR = 6.50 dB | SE = 2.414 bit/s/Hz
[  225 ms] [UE 12169] UL: SNR = 63.50 dB | SE = 20.778 bit/s/Hz
[  225 ms] [UE 22873] UL: SNR = 63.50 dB | SE = 20.778 bit/s/Hz
[  225 ms] [UE 30556] UL: SNR = 63.50 dB | SE = 20.778 bit/s/Hz
[  225 ms] [UE 20945] UL: SNR = 52.50 dB | SE = 17.179 bit/s/Hz
[  325 ms] [UE 33952] UL: SNR = 6.50 dB | SE = 2.414 bit/s/Hz
[  325 ms] [UE 12169] UL: SNR = 63.50 dB | SE = 20.778 bit/s/Hz
[  325 ms] [UE 22873] UL: SNR = 63.50 dB | SE = 20.778 bit/s/Hz
[  325 ms] [UE 30556] UL: SNR = 63.50 dB | SE = 20.778 bit/s/Hz
[  325 ms] [UE 20945] UL: SNR = 52.50 dB | SE = 17.179 bit/s/Hz
[  333 ms] [UE 45898] UL: SNR = 63.50 dB | SE = 20.778 bit/s/Hz
[  333 ms] [UE 36997] UL: SNR = 63.50 dB | SE = 20.778 bit/s/Hz
[  333 ms] [UE 48787] UL: SNR = 63.50 dB | SE = 20.778 bit/s/Hz
[  333 ms] [UE 40252] UL: SNR = 56.00 dB | SE = 18.324 bit/s/Hz
[  333 ms] [UE 15599] UL: SNR = 52.50 dB | SE = 17.179 bit/s/Hz
[  435 ms] [UE 33952] UL: SNR = 6.50 dB | SE = 2.414 bit/s/Hz
[  435 ms] [UE 12169] UL: SNR = 63.50 dB | SE = 20.778 bit/s/Hz
[  435 ms] [UE 22873] UL: SNR = 63.50 dB | SE = 20.778 bit/s/Hz
[  435 ms] [UE 30556] UL: SNR = 63.50 dB | SE = 20.778 bit/s/Hz
[  435 ms] [UE 20945] UL: SNR = 52.50 dB | SE = 17.179 bit/s/Hz
[  443 ms] [UE 45898] UL: SNR = 63.50 dB | SE = 20.778 bit/s/Hz
[  443 ms] [UE 36997] UL: SNR = 63.50 dB | SE = 20.778 bit/s/Hz
[  443 ms] [UE 48787] UL: SNR = 63.50 dB | SE = 20.778 bit/s/Hz
[  443 ms] [UE 40252] UL: SNR = 56.00 dB | SE = 18.324 bit/s/Hz
[  443 ms] [UE 15599] UL: SNR = 52.50 dB | SE = 17.179 bit/s/Hz
[  536 ms] [UE 33952] UL: SNR = 6.50 dB | SE = 2.414 bit/s/Hz
[  536 ms] [UE 12169] UL: SNR = 63.50 dB | SE = 20.778 bit/s/Hz
[  536 ms] [UE 22873] UL: SNR = 63.50 dB | SE = 20.778 bit/s/Hz
[  536 ms] [UE 30556] UL: SNR = 63.50 dB | SE = 20.778 bit/s/Hz
[  536 ms] [UE 20945] UL: SNR = 52.50 dB | SE = 17.179 bit/s/Hz
[  553 ms] [UE 45898] UL: SNR = 63.50 dB | SE = 20.778 bit/s/Hz
[  553 ms] [UE 36997] UL: SNR = 63.50 dB | SE = 20.778 bit/s/Hz
[  553 ms] [UE 48787] UL: SNR = 63.50 dB | SE = 20.778 bit/s/Hz
[  553 ms] [UE 40252] UL: SNR = 56.00 dB | SE = 18.324 bit/s/Hz
[  553 ms] [UE 15599] UL: SNR = 52.50 dB | SE = 17.179 bit/s/Hz
[  645 ms] [UE 33952] UL: SNR = 6.50 dB | SE = 2.414 bit/s/Hz
[  645 ms] [UE 12169] UL: SNR = 63.50 dB | SE = 20.778 bit/s/Hz
[  645 ms] [UE 22873] UL: SNR = 63.50 dB | SE = 20.778 bit/s/Hz
[  645 ms] [UE 30556] UL: SNR = 63.50 dB | SE = 20.778 bit/s/Hz
[  645 ms] [UE 20945] UL: SNR = 52.50 dB | SE = 17.179 bit/s/Hz
[  662 ms] [UE 45898] UL: SNR = 63.50 dB | SE = 20.778 bit/s/Hz
[  662 ms] [UE 36997] UL: SNR = 63.50 dB | SE = 20.778 bit/s/Hz
[  662 ms] [UE 48787] UL: SNR = 63.50 dB | SE = 20.778 bit/s/Hz
[  662 ms] [UE 40252] UL: SNR = 56.00 dB | SE = 18.324 bit/s/Hz
[  662 ms] [UE 15599] UL: SNR = 52.50 dB | SE = 17.179 bit/s/Hz
[  745 ms] [UE 33952] UL: SNR = 6.50 dB | SE = 2.414 bit/s/Hz
[  745 ms] [UE 12169] UL: SNR = 63.50 dB | SE = 20.778 bit/s/Hz
[  745 ms] [UE 22873] UL: SNR = 63.50 dB | SE = 20.778 bit/s/Hz
[  745 ms] [UE 30556] UL: SNR = 63.50 dB | SE = 20.778 bit/s/Hz
[  745 ms] [UE 20945] UL: SNR = 52.50 dB | SE = 17.179 bit/s/Hz
[  763 ms] [UE 45898] UL: SNR = 63.50 dB | SE = 20.778 bit/s/Hz
[  763 ms] [UE 36997] UL: SNR = 63.50 dB | SE = 20.778 bit/s/Hz
[  763 ms] [UE 48787] UL: SNR = 63.50 dB | SE = 20.778 bit/s/Hz
[  763 ms] [UE 40252] UL: SNR = 56.00 dB | SE = 18.324 bit/s/Hz
[  763 ms] [UE 15599] UL: SNR = 52.50 dB | SE = 17.179 bit/s/Hz
[  855 ms] [UE 33952] UL: SNR = 6.50 dB | SE = 2.414 bit/s/Hz
[  855 ms] [UE 12169] UL: SNR = 63.50 dB | SE = 20.778 bit/s/Hz
[  855 ms] [UE 22873] UL: SNR = 63.50 dB | SE = 20.778 bit/s/Hz
[  855 ms] [UE 30556] UL: SNR = 63.50 dB | SE = 20.778 bit/s/Hz
[  855 ms] [UE 20945] UL: SNR = 52.50 dB | SE = 17.179 bit/s/Hz
[  863 ms] [UE 45898] UL: SNR = 63.50 dB | SE = 20.778 bit/s/Hz
[  863 ms] [UE 36997] UL: SNR = 63.50 dB | SE = 20.778 bit/s/Hz
[  863 ms] [UE 48787] UL: SNR = 63.50 dB | SE = 20.778 bit/s/Hz
[  863 ms] [UE 40252] UL: SNR = 56.00 dB | SE = 18.324 bit/s/Hz
[  863 ms] [UE 15599] UL: SNR = 52.50 dB | SE = 17.179 bit/s/Hz
[  957 ms] [UE 33952] UL: SNR = 6.50 dB | SE = 2.414 bit/s/Hz
[  957 ms] [UE 12169] UL: SNR = 63.50 dB | SE = 20.778 bit/s/Hz
[  957 ms] [UE 22873] UL: SNR = 63.50 dB | SE = 20.778 bit/s/Hz
[  957 ms] [UE 30556] UL: SNR = 63.50 dB | SE = 20.778 bit/s/Hz
[  957 ms] [UE 20945] UL: SNR = 52.50 dB | SE = 17.179 bit/s/Hz
[  972 ms] [UE 45898] UL: SNR = 63.50 dB | SE = 20.778 bit/s/Hz
[  972 ms] [UE 36997] UL: SNR = 63.50 dB | SE = 20.778 bit/s/Hz
[  972 ms] [UE 48787] UL: SNR = 63.50 dB | SE = 20.778 bit/s/Hz
[  972 ms] [UE 40252] UL: SNR = 56.00 dB | SE = 18.324 bit/s/Hz
[  972 ms] [UE 15599] UL: SNR = 52.50 dB | SE = 17.179 bit/s/Hz
[ 1065 ms] [UE 33952] UL: SNR = 6.50 dB | SE = 2.414 bit/s/Hz
[ 1065 ms] [UE 12169] UL: SNR = 63.50 dB | SE = 20.778 bit/s/Hz
[ 1065 ms] [UE 22873] UL: SNR = 63.50 dB | SE = 20.778 bit/s/Hz
[ 1065 ms] [UE 30556] UL: SNR = 63.50 dB | SE = 20.778 bit/s/Hz
[ 1065 ms] [UE 20945] UL: SNR = 52.50 dB | SE = 17.179 bit/s/Hz
[ 1073 ms] [UE 45898] UL: SNR = 63.50 dB | SE = 20.778 bit/s/Hz
[ 1073 ms] [UE 36997] UL: SNR = 63.50 dB | SE = 20.778 bit/s/Hz
[ 1073 ms] [UE 48787] UL: SNR = 63.50 dB | SE = 20.778 bit/s/Hz
[ 1073 ms] [UE 40252] UL: SNR = 56.00 dB | SE = 18.324 bit/s/Hz
[ 1073 ms] [UE 15599] UL: SNR = 52.50 dB | SE = 17.179 bit/s/Hz
[ 1165 ms] [UE 33952] UL: SNR = 6.50 dB | SE = 2.414 bit/s/Hz
[ 1165 ms] [UE 12169] UL: SNR = 63.50 dB | SE = 20.778 bit/s/Hz
[ 1165 ms] [UE 22873] UL: SNR = 63.50 dB | SE = 20.778 bit/s/Hz
[ 1165 ms] [UE 30556] UL: SNR = 63.50 dB | SE = 20.778 bit/s/Hz
[ 1165 ms] [UE 20945] UL: SNR = 52.50 dB | SE = 17.179 bit/s/Hz
[ 1183 ms] [UE 45898] UL: SNR = 63.50 dB | SE = 20.778 bit/s/Hz
[ 1183 ms] [UE 36997] UL: SNR = 63.50 dB | SE = 20.778 bit/s/Hz
[ 1183 ms] [UE 48787] UL: SNR = 63.50 dB | SE = 20.778 bit/s/Hz
[ 1183 ms] [UE 40252] UL: SNR = 56.00 dB | SE = 18.324 bit/s/Hz
[ 1183 ms] [UE 15599] UL: SNR = 52.50 dB | SE = 17.179 bit/s/Hz
[ 1265 ms] [UE 33952] UL: SNR = 6.50 dB | SE = 2.414 bit/s/Hz
[ 1265 ms] [UE 12169] UL: SNR = 63.50 dB | SE = 20.778 bit/s/Hz
[ 1265 ms] [UE 22873] UL: SNR = 63.50 dB | SE = 20.778 bit/s/Hz
[ 1265 ms] [UE 30556] UL: SNR = 63.50 dB | SE = 20.778 bit/s/Hz
[ 1265 ms] [UE 20945] UL: SNR = 52.50 dB | SE = 17.179 bit/s/Hz
[ 1293 ms] [UE 45898] UL: SNR = 63.50 dB | SE = 20.778 bit/s/Hz
[ 1293 ms] [UE 36997] UL: SNR = 63.50 dB | SE = 20.778 bit/s/Hz
[ 1293 ms] [UE 48787] UL: SNR = 63.50 dB | SE = 20.778 bit/s/Hz
[ 1293 ms] [UE 40252] UL: SNR = 56.00 dB | SE = 18.324 bit/s/Hz
[ 1293 ms] [UE 15599] UL: SNR = 52.50 dB | SE = 17.179 bit/s/Hz
[ 1375 ms] [UE 33952] UL: SNR = 6.50 dB | SE = 2.414 bit/s/Hz
[ 1375 ms] [UE 12169] UL: SNR = 63.50 dB | SE = 20.778 bit/s/Hz
[ 1375 ms] [UE 22873] UL: SNR = 63.50 dB | SE = 20.778 bit/s/Hz
[ 1375 ms] [UE 30556] UL: SNR = 63.50 dB | SE = 20.778 bit/s/Hz
[ 1375 ms] [UE 20945] UL: SNR = 52.50 dB | SE = 17.179 bit/s/Hz
[ 1403 ms] [UE 45898] UL: SNR = 63.50 dB | SE = 20.778 bit/s/Hz
[ 1403 ms] [UE 36997] UL: SNR = 63.50 dB | SE = 20.778 bit/s/Hz
[ 1403 ms] [UE 48787] UL: SNR = 63.50 dB | SE = 20.778 bit/s/Hz
[ 1403 ms] [UE 40252] UL: SNR = 56.00 dB | SE = 18.324 bit/s/Hz
[ 1403 ms] [UE 15599] UL: SNR = 52.50 dB | SE = 17.179 bit/s/Hz
[ 1476 ms] [UE 33952] UL: SNR = 6.50 dB | SE = 2.414 bit/s/Hz
[ 1476 ms] [UE 12169] UL: SNR = 63.50 dB | SE = 20.778 bit/s/Hz
[ 1476 ms] [UE 22873] UL: SNR = 63.50 dB | SE = 20.778 bit/s/Hz
[ 1476 ms] [UE 30556] UL: SNR = 63.50 dB | SE = 20.778 bit/s/Hz
[ 1476 ms] [UE 20945] UL: SNR = 52.50 dB | SE = 17.179 bit/s/Hz
[ 1503 ms] [UE 45898] UL: SNR = 63.50 dB | SE = 20.778 bit/s/Hz
[ 1503 ms] [UE 36997] UL: SNR = 63.50 dB | SE = 20.778 bit/s/Hz
[ 1503 ms] [UE 48787] UL: SNR = 63.50 dB | SE = 20.778 bit/s/Hz
[ 1503 ms] [UE 40252] UL: SNR = 56.00 dB | SE = 18.324 bit/s/Hz
[ 1503 ms] [UE 15599] UL: SNR = 52.50 dB | SE = 17.179 bit/s/Hz
[ 1586 ms] [UE 33952] UL: SNR = 6.50 dB | SE = 2.414 bit/s/Hz
[ 1586 ms] [UE 12169] UL: SNR = 63.50 dB | SE = 20.778 bit/s/Hz
[ 1586 ms] [UE 22873] UL: SNR = 63.50 dB | SE = 20.778 bit/s/Hz
[ 1586 ms] [UE 30556] UL: SNR = 63.50 dB | SE = 20.778 bit/s/Hz
[ 1586 ms] [UE 20945] UL: SNR = 52.50 dB | SE = 17.179 bit/s/Hz
[ 1603 ms] [UE 45898] UL: SNR = 63.50 dB | SE = 20.778 bit/s/Hz
[ 1603 ms] [UE 36997] UL: SNR = 63.50 dB | SE = 20.778 bit/s/Hz
[ 1603 ms] [UE 48787] UL: SNR = 63.50 dB | SE = 20.778 bit/s/Hz
[ 1603 ms] [UE 40252] UL: SNR = 56.00 dB | SE = 18.324 bit/s/Hz
[ 1603 ms] [UE 15599] UL: SNR = 52.50 dB | SE = 17.179 bit/s/Hz
[ 1695 ms] [UE 33952] UL: SNR = 6.50 dB | SE = 2.414 bit/s/Hz
[ 1695 ms] [UE 12169] UL: SNR = 63.50 dB | SE = 20.778 bit/s/Hz
[ 1695 ms] [UE 22873] UL: SNR = 63.50 dB | SE = 20.778 bit/s/Hz
[ 1695 ms] [UE 30556] UL: SNR = 63.50 dB | SE = 20.778 bit/s/Hz
[ 1695 ms] [UE 20945] UL: SNR = 52.50 dB | SE = 17.179 bit/s/Hz
[ 1713 ms] [UE 45898] UL: SNR = 63.50 dB | SE = 20.778 bit/s/Hz
[ 1713 ms] [UE 36997] UL: SNR = 63.50 dB | SE = 20.778 bit/s/Hz
[ 1713 ms] [UE 48787] UL: SNR = 63.50 dB | SE = 20.778 bit/s/Hz
[ 1713 ms] [UE 40252] UL: SNR = 56.00 dB | SE = 18.324 bit/s/Hz
[ 1713 ms] [UE 15599] UL: SNR = 52.50 dB | SE = 17.179 bit/s/Hz
[ 1796 ms] [UE 33952] UL: SNR = 6.50 dB | SE = 2.414 bit/s/Hz
[ 1796 ms] [UE 12169] UL: SNR = 63.50 dB | SE = 20.778 bit/s/Hz
[ 1796 ms] [UE 22873] UL: SNR = 63.50 dB | SE = 20.778 bit/s/Hz
[ 1796 ms] [UE 30556] UL: SNR = 63.50 dB | SE = 20.778 bit/s/Hz
[ 1796 ms] [UE 20945] UL: SNR = 52.50 dB | SE = 17.179 bit/s/Hz
[ 1813 ms] [UE 45898] UL: SNR = 63.50 dB | SE = 20.778 bit/s/Hz
[ 1813 ms] [UE 36997] UL: SNR = 63.50 dB | SE = 20.778 bit/s/Hz
[ 1813 ms] [UE 48787] UL: SNR = 63.50 dB | SE = 20.778 bit/s/Hz
[ 1813 ms] [UE 40252] UL: SNR = 56.00 dB | SE = 18.324 bit/s/Hz
[ 1813 ms] [UE 15599] UL: SNR = 52.50 dB | SE = 17.179 bit/s/Hz
[ 1905 ms] [UE 33952] UL: SNR = 6.50 dB | SE = 2.414 bit/s/Hz
[ 1905 ms] [UE 12169] UL: SNR = 63.50 dB | SE = 20.778 bit/s/Hz
[ 1905 ms] [UE 22873] UL: SNR = 63.50 dB | SE = 20.778 bit/s/Hz
[ 1905 ms] [UE 30556] UL: SNR = 63.50 dB | SE = 20.778 bit/s/Hz
[ 1905 ms] [UE 20945] UL: SNR = 52.50 dB | SE = 17.179 bit/s/Hz
[ 1923 ms] [UE 45898] UL: SNR = 63.50 dB | SE = 20.778 bit/s/Hz
[ 1923 ms] [UE 36997] UL: SNR = 63.50 dB | SE = 20.778 bit/s/Hz
[ 1923 ms] [UE 48787] UL: SNR = 63.50 dB | SE = 20.778 bit/s/Hz
[ 1923 ms] [UE 40252] UL: SNR = 56.00 dB | SE = 18.324 bit/s/Hz
[ 1923 ms] [UE 15599] UL: SNR = 52.50 dB | SE = 17.179 bit/s/Hz
[ 2008 ms] [UE 33952] UL: SNR = 6.50 dB | SE = 2.414 bit/s/Hz
[ 2008 ms] [UE 12169] UL: SNR = 63.50 dB | SE = 20.778 bit/s/Hz
[ 2008 ms] [UE 22873] UL: SNR = 63.50 dB | SE = 20.778 bit/s/Hz
[ 2008 ms] [UE 30556] UL: SNR = 63.50 dB | SE = 20.778 bit/s/Hz
[ 2008 ms] [UE 20945] UL: SNR = 52.50 dB | SE = 17.179 bit/s/Hz
[ 2023 ms] [UE 45898] UL: SNR = 63.50 dB | SE = 20.778 bit/s/Hz
[ 2023 ms] [UE 36997] UL: SNR = 63.50 dB | SE = 20.778 bit/s/Hz
[ 2023 ms] [UE 48787] UL: SNR = 63.50 dB | SE = 20.778 bit/s/Hz
[ 2023 ms] [UE 40252] UL: SNR = 56.00 dB | SE = 18.324 bit/s/Hz
[ 2023 ms] [UE 15599] UL: SNR = 52.50 dB | SE = 17.179 bit/s/Hz
[ 2115 ms] [UE 33952] UL: SNR = 6.50 dB | SE = 2.414 bit/s/Hz
[ 2115 ms] [UE 12169] UL: SNR = 63.50 dB | SE = 20.778 bit/s/Hz
[ 2115 ms] [UE 22873] UL: SNR = 63.50 dB | SE = 20.778 bit/s/Hz
[ 2115 ms] [UE 30556] UL: SNR = 63.50 dB | SE = 20.778 bit/s/Hz
[ 2115 ms] [UE 20945] UL: SNR = 52.50 dB | SE = 17.179 bit/s/Hz
[ 2123 ms] [UE 45898] UL: SNR = 63.50 dB | SE = 20.778 bit/s/Hz
[ 2123 ms] [UE 36997] UL: SNR = 63.50 dB | SE = 20.778 bit/s/Hz
[ 2123 ms] [UE 48787] UL: SNR = 63.50 dB | SE = 20.778 bit/s/Hz
[ 2123 ms] [UE 40252] UL: SNR = 56.00 dB | SE = 18.324 bit/s/Hz
[ 2123 ms] [UE 15599] UL: SNR = 52.50 dB | SE = 17.179 bit/s/Hz
[ 2215 ms] [UE 33952] UL: SNR = 6.50 dB | SE = 2.414 bit/s/Hz
[ 2215 ms] [UE 12169] UL: SNR = 63.50 dB | SE = 20.778 bit/s/Hz
[ 2215 ms] [UE 22873] UL: SNR = 63.50 dB | SE = 20.778 bit/s/Hz
[ 2215 ms] [UE 30556] UL: SNR = 63.50 dB | SE = 20.778 bit/s/Hz
[ 2215 ms] [UE 20945] UL: SNR = 52.50 dB | SE = 17.179 bit/s/Hz
[ 2223 ms] [UE 45898] UL: SNR = 63.50 dB | SE = 20.778 bit/s/Hz
[ 2223 ms] [UE 36997] UL: SNR = 63.50 dB | SE = 20.778 bit/s/Hz
[ 2223 ms] [UE 48787] UL: SNR = 63.50 dB | SE = 20.778 bit/s/Hz
[ 2223 ms] [UE 40252] UL: SNR = 56.00 dB | SE = 18.324 bit/s/Hz
[ 2223 ms] [UE 15599] UL: SNR = 52.50 dB | SE = 17.179 bit/s/Hz
[ 2327 ms] [UE 33952] UL: SNR = 6.50 dB | SE = 2.414 bit/s/Hz
[ 2327 ms] [UE 12169] UL: SNR = 63.50 dB | SE = 20.778 bit/s/Hz
[ 2327 ms] [UE 22873] UL: SNR = 63.50 dB | SE = 20.778 bit/s/Hz
[ 2327 ms] [UE 30556] UL: SNR = 63.50 dB | SE = 20.778 bit/s/Hz
[ 2327 ms] [UE 20945] UL: SNR = 52.50 dB | SE = 17.179 bit/s/Hz
[ 2333 ms] [UE 45898] UL: SNR = 63.50 dB | SE = 20.778 bit/s/Hz
[ 2333 ms] [UE 36997] UL: SNR = 63.50 dB | SE = 20.778 bit/s/Hz
[ 2333 ms] [UE 48787] UL: SNR = 63.50 dB | SE = 20.778 bit/s/Hz
[ 2333 ms] [UE 40252] UL: SNR = 56.00 dB | SE = 18.324 bit/s/Hz
[ 2333 ms] [UE 15599] UL: SNR = 52.50 dB | SE = 17.179 bit/s/Hz
[ 2433 ms] [UE 45898] UL: SNR = 63.50 dB | SE = 20.778 bit/s/Hz
[ 2433 ms] [UE 36997] UL: SNR = 63.50 dB | SE = 20.778 bit/s/Hz
[ 2433 ms] [UE 48787] UL: SNR = 63.50 dB | SE = 20.778 bit/s/Hz
[ 2433 ms] [UE 40252] UL: SNR = 56.00 dB | SE = 18.324 bit/s/Hz
[ 2433 ms] [UE 15599] UL: SNR = 52.50 dB | SE = 17.179 bit/s/Hz
[ 2435 ms] [UE 33952] UL: SNR = 6.50 dB | SE = 2.414 bit/s/Hz
[ 2435 ms] [UE 12169] UL: SNR = 63.50 dB | SE = 20.778 bit/s/Hz
[ 2435 ms] [UE 22873] UL: SNR = 63.50 dB | SE = 20.778 bit/s/Hz
[ 2435 ms] [UE 30556] UL: SNR = 63.50 dB | SE = 20.778 bit/s/Hz
[ 2435 ms] [UE 20945] UL: SNR = 52.50 dB | SE = 17.179 bit/s/Hz
[ 2533 ms] [UE 45898] UL: SNR = 63.50 dB | SE = 20.778 bit/s/Hz
[ 2533 ms] [UE 36997] UL: SNR = 63.50 dB | SE = 20.778 bit/s/Hz
[ 2533 ms] [UE 48787] UL: SNR = 63.50 dB | SE = 20.778 bit/s/Hz
[ 2533 ms] [UE 40252] UL: SNR = 56.00 dB | SE = 18.324 bit/s/Hz
[ 2533 ms] [UE 15599] UL: SNR = 52.50 dB | SE = 17.179 bit/s/Hz
[ 2546 ms] [UE 33952] UL: SNR = 6.50 dB | SE = 2.414 bit/s/Hz
[ 2546 ms] [UE 12169] UL: SNR = 63.50 dB | SE = 20.778 bit/s/Hz
[ 2546 ms] [UE 22873] UL: SNR = 63.50 dB | SE = 20.778 bit/s/Hz
[ 2546 ms] [UE 30556] UL: SNR = 53.50 dB | SE = 17.506 bit/s/Hz
[ 2546 ms] [UE 20945] UL: SNR = 52.00 dB | SE = 17.015 bit/s/Hz
[ 2633 ms] [UE 45898] UL: SNR = 63.50 dB | SE = 20.778 bit/s/Hz
[ 2633 ms] [UE 36997] UL: SNR = 63.50 dB | SE = 20.778 bit/s/Hz
[ 2633 ms] [UE 48787] UL: SNR = 63.50 dB | SE = 20.778 bit/s/Hz
[ 2633 ms] [UE 40252] UL: SNR = 56.00 dB | SE = 18.324 bit/s/Hz
[ 2633 ms] [UE 15599] UL: SNR = 52.50 dB | SE = 17.179 bit/s/Hz
[ 2655 ms] [UE 33952] UL: SNR = 6.50 dB | SE = 2.414 bit/s/Hz
[ 2655 ms] [UE 12169] UL: SNR = 63.50 dB | SE = 20.778 bit/s/Hz
[ 2655 ms] [UE 22873] UL: SNR = 63.50 dB | SE = 20.778 bit/s/Hz
[ 2655 ms] [UE 30556] UL: SNR = 53.50 dB | SE = 17.506 bit/s/Hz
[ 2655 ms] [UE 20945] UL: SNR = 52.00 dB | SE = 17.015 bit/s/Hz
[ 2743 ms] [UE 45898] UL: SNR = 63.50 dB | SE = 20.778 bit/s/Hz
[ 2743 ms] [UE 36997] UL: SNR = 63.50 dB | SE = 20.778 bit/s/Hz
[ 2743 ms] [UE 48787] UL: SNR = 63.50 dB | SE = 20.778 bit/s/Hz
[ 2743 ms] [UE 40252] UL: SNR = 56.00 dB | SE = 18.324 bit/s/Hz
[ 2743 ms] [UE 15599] UL: SNR = 52.50 dB | SE = 17.179 bit/s/Hz
[ 2756 ms] [UE 33952] UL: SNR = 6.50 dB | SE = 2.414 bit/s/Hz
[ 2756 ms] [UE 12169] UL: SNR = 63.50 dB | SE = 20.778 bit/s/Hz
[ 2756 ms] [UE 22873] UL: SNR = 63.50 dB | SE = 20.778 bit/s/Hz
[ 2756 ms] [UE 30556] UL: SNR = 53.50 dB | SE = 17.506 bit/s/Hz
[ 2756 ms] [UE 20945] UL: SNR = 52.00 dB | SE = 17.015 bit/s/Hz
[ 2853 ms] [UE 45898] UL: SNR = 63.50 dB | SE = 20.778 bit/s/Hz
[ 2853 ms] [UE 36997] UL: SNR = 63.50 dB | SE = 20.778 bit/s/Hz
[ 2853 ms] [UE 48787] UL: SNR = 63.50 dB | SE = 20.778 bit/s/Hz
[ 2853 ms] [UE 40252] UL: SNR = 56.00 dB | SE = 18.324 bit/s/Hz
[ 2853 ms] [UE 15599] UL: SNR = 52.50 dB | SE = 17.179 bit/s/Hz
[ 2857 ms] [UE 33952] UL: SNR = 6.50 dB | SE = 2.414 bit/s/Hz
[ 2857 ms] [UE 12169] UL: SNR = 63.50 dB | SE = 20.778 bit/s/Hz
[ 2857 ms] [UE 22873] UL: SNR = 63.50 dB | SE = 20.778 bit/s/Hz
[ 2857 ms] [UE 30556] UL: SNR = 53.50 dB | SE = 17.506 bit/s/Hz
[ 2857 ms] [UE 20945] UL: SNR = 63.50 dB | SE = 20.778 bit/s/Hz
[ 2962 ms] [UE 45898] UL: SNR = 63.50 dB | SE = 20.778 bit/s/Hz
[ 2962 ms] [UE 36997] UL: SNR = 63.50 dB | SE = 20.778 bit/s/Hz
[ 2962 ms] [UE 48787] UL: SNR = 63.50 dB | SE = 20.778 bit/s/Hz
[ 2962 ms] [UE 40252] UL: SNR = 56.00 dB | SE = 18.324 bit/s/Hz
[ 2962 ms] [UE 15599] UL: SNR = 52.50 dB | SE = 17.179 bit/s/Hz
[ 2965 ms] [UE 33952] UL: SNR = 6.50 dB | SE = 2.414 bit/s/Hz
[ 2965 ms] [UE 12169] UL: SNR = 63.50 dB | SE = 20.778 bit/s/Hz
[ 2965 ms] [UE 22873] UL: SNR = 63.50 dB | SE = 20.778 bit/s/Hz
[ 2965 ms] [UE 30556] UL: SNR = 53.50 dB | SE = 17.506 bit/s/Hz
[ 2965 ms] [UE 20945] UL: SNR = 63.50 dB | SE = 20.778 bit/s/Hz
[ 3063 ms] [UE 45898] UL: SNR = 63.50 dB | SE = 20.778 bit/s/Hz
[ 3063 ms] [UE 36997] UL: SNR = 63.50 dB | SE = 20.778 bit/s/Hz
[ 3063 ms] [UE 48787] UL: SNR = 63.50 dB | SE = 20.778 bit/s/Hz
[ 3063 ms] [UE 40252] UL: SNR = 56.00 dB | SE = 18.324 bit/s/Hz
[ 3063 ms] [UE 15599] UL: SNR = 52.50 dB | SE = 17.179 bit/s/Hz
[ 3075 ms] [UE 33952] UL: SNR = 6.50 dB | SE = 2.414 bit/s/Hz
[ 3075 ms] [UE 12169] UL: SNR = 63.50 dB | SE = 20.778 bit/s/Hz
[ 3075 ms] [UE 22873] UL: SNR = 63.50 dB | SE = 20.778 bit/s/Hz
[ 3075 ms] [UE 30556] UL: SNR = 53.50 dB | SE = 17.506 bit/s/Hz
[ 3075 ms] [UE 20945] UL: SNR = 63.50 dB | SE = 20.778 bit/s/Hz
[ 3163 ms] [UE 45898] UL: SNR = 63.50 dB | SE = 20.778 bit/s/Hz
[ 3163 ms] [UE 36997] UL: SNR = 63.50 dB | SE = 20.778 bit/s/Hz
[ 3163 ms] [UE 48787] UL: SNR = 63.50 dB | SE = 20.778 bit/s/Hz
[ 3163 ms] [UE 40252] UL: SNR = 56.00 dB | SE = 18.324 bit/s/Hz
[ 3163 ms] [UE 15599] UL: SNR = 52.50 dB | SE = 17.179 bit/s/Hz
[ 3175 ms] [UE 33952] UL: SNR = 6.50 dB | SE = 2.414 bit/s/Hz
[ 3175 ms] [UE 12169] UL: SNR = 63.50 dB | SE = 20.778 bit/s/Hz
[ 3175 ms] [UE 22873] UL: SNR = 63.50 dB | SE = 20.778 bit/s/Hz
[ 3175 ms] [UE 30556] UL: SNR = 53.50 dB | SE = 17.506 bit/s/Hz
[ 3175 ms] [UE 20945] UL: SNR = 63.50 dB | SE = 20.778 bit/s/Hz
[ 3273 ms] [UE 45898] UL: SNR = 63.50 dB | SE = 20.778 bit/s/Hz
[ 3273 ms] [UE 36997] UL: SNR = 63.50 dB | SE = 20.778 bit/s/Hz
[ 3273 ms] [UE 48787] UL: SNR = 63.50 dB | SE = 20.778 bit/s/Hz
[ 3273 ms] [UE 40252] UL: SNR = 56.00 dB | SE = 18.324 bit/s/Hz
[ 3273 ms] [UE 15599] UL: SNR = 52.50 dB | SE = 17.179 bit/s/Hz
[ 3277 ms] [UE 33952] UL: SNR = 6.50 dB | SE = 2.414 bit/s/Hz
[ 3277 ms] [UE 12169] UL: SNR = 63.50 dB | SE = 20.778 bit/s/Hz
[ 3277 ms] [UE 22873] UL: SNR = 63.50 dB | SE = 20.778 bit/s/Hz
[ 3277 ms] [UE 30556] UL: SNR = 53.50 dB | SE = 17.506 bit/s/Hz
[ 3277 ms] [UE 20945] UL: SNR = 63.50 dB | SE = 20.778 bit/s/Hz
[ 3383 ms] [UE 45898] UL: SNR = 63.50 dB | SE = 20.778 bit/s/Hz
[ 3383 ms] [UE 36997] UL: SNR = 63.50 dB | SE = 20.778 bit/s/Hz
[ 3383 ms] [UE 48787] UL: SNR = 63.50 dB | SE = 20.778 bit/s/Hz
[ 3383 ms] [UE 40252] UL: SNR = 56.00 dB | SE = 18.324 bit/s/Hz
[ 3383 ms] [UE 15599] UL: SNR = 52.50 dB | SE = 17.179 bit/s/Hz
[ 3385 ms] [UE 33952] UL: SNR = 6.50 dB | SE = 2.414 bit/s/Hz
[ 3385 ms] [UE 12169] UL: SNR = 63.50 dB | SE = 20.778 bit/s/Hz
[ 3385 ms] [UE 22873] UL: SNR = 63.50 dB | SE = 20.778 bit/s/Hz
[ 3385 ms] [UE 30556] UL: SNR = 63.50 dB | SE = 20.778 bit/s/Hz
[ 3385 ms] [UE 20945] UL: SNR = 63.50 dB | SE = 20.778 bit/s/Hz
[ 3483 ms] [UE 45898] UL: SNR = 63.50 dB | SE = 20.778 bit/s/Hz
[ 3483 ms] [UE 36997] UL: SNR = 63.50 dB | SE = 20.778 bit/s/Hz
[ 3483 ms] [UE 48787] UL: SNR = 63.50 dB | SE = 20.778 bit/s/Hz
[ 3483 ms] [UE 40252] UL: SNR = 56.00 dB | SE = 18.324 bit/s/Hz
[ 3483 ms] [UE 15599] UL: SNR = 52.50 dB | SE = 17.179 bit/s/Hz
[ 3486 ms] [UE 33952] UL: SNR = 6.50 dB | SE = 2.414 bit/s/Hz
[ 3486 ms] [UE 12169] UL: SNR = 63.50 dB | SE = 20.778 bit/s/Hz
[ 3486 ms] [UE 22873] UL: SNR = 63.50 dB | SE = 20.778 bit/s/Hz
[ 3486 ms] [UE 30556] UL: SNR = 63.50 dB | SE = 20.778 bit/s/Hz
[ 3486 ms] [UE 20945] UL: SNR = 63.50 dB | SE = 20.778 bit/s/Hz
[ 3593 ms] [UE 45898] UL: SNR = 63.50 dB | SE = 20.778 bit/s/Hz
[ 3593 ms] [UE 36997] UL: SNR = 63.50 dB | SE = 20.778 bit/s/Hz
[ 3593 ms] [UE 48787] UL: SNR = 63.50 dB | SE = 20.778 bit/s/Hz
[ 3593 ms] [UE 40252] UL: SNR = 56.00 dB | SE = 18.324 bit/s/Hz
[ 3593 ms] [UE 15599] UL: SNR = 52.50 dB | SE = 17.179 bit/s/Hz
[ 3596 ms] [UE 33952] UL: SNR = 6.50 dB | SE = 2.414 bit/s/Hz
[ 3596 ms] [UE 12169] UL: SNR = 63.50 dB | SE = 20.778 bit/s/Hz
[ 3596 ms] [UE 22873] UL: SNR = 63.50 dB | SE = 20.778 bit/s/Hz
[ 3596 ms] [UE 30556] UL: SNR = 63.50 dB | SE = 20.778 bit/s/Hz
[ 3596 ms] [UE 20945] UL: SNR = 63.50 dB | SE = 20.778 bit/s/Hz
[ 3703 ms] [UE 45898] UL: SNR = 63.50 dB | SE = 20.778 bit/s/Hz
[ 3703 ms] [UE 36997] UL: SNR = 63.50 dB | SE = 20.778 bit/s/Hz
[ 3703 ms] [UE 48787] UL: SNR = 63.50 dB | SE = 20.778 bit/s/Hz
[ 3703 ms] [UE 40252] UL: SNR = 56.00 dB | SE = 18.324 bit/s/Hz
[ 3703 ms] [UE 15599] UL: SNR = 52.50 dB | SE = 17.179 bit/s/Hz
[ 3705 ms] [UE 33952] UL: SNR = 6.50 dB | SE = 2.414 bit/s/Hz
[ 3705 ms] [UE 12169] UL: SNR = 63.50 dB | SE = 20.778 bit/s/Hz
[ 3705 ms] [UE 22873] UL: SNR = 63.50 dB | SE = 20.778 bit/s/Hz
[ 3705 ms] [UE 30556] UL: SNR = 63.50 dB | SE = 20.778 bit/s/Hz
[ 3705 ms] [UE 20945] UL: SNR = 63.50 dB | SE = 20.778 bit/s/Hz
[ 3803 ms] [UE 45898] UL: SNR = 63.50 dB | SE = 20.778 bit/s/Hz
[ 3803 ms] [UE 36997] UL: SNR = 63.50 dB | SE = 20.778 bit/s/Hz
[ 3803 ms] [UE 48787] UL: SNR = 63.50 dB | SE = 20.778 bit/s/Hz
[ 3803 ms] [UE 40252] UL: SNR = 56.00 dB | SE = 18.324 bit/s/Hz
[ 3803 ms] [UE 15599] UL: SNR = 52.50 dB | SE = 17.179 bit/s/Hz
[ 3806 ms] [UE 33952] UL: SNR = 6.50 dB | SE = 2.414 bit/s/Hz
[ 3806 ms] [UE 12169] UL: SNR = 63.50 dB | SE = 20.778 bit/s/Hz
[ 3806 ms] [UE 22873] UL: SNR = 63.50 dB | SE = 20.778 bit/s/Hz
[ 3806 ms] [UE 30556] UL: SNR = 63.50 dB | SE = 20.778 bit/s/Hz
[ 3806 ms] [UE 20945] UL: SNR = 63.50 dB | SE = 20.778 bit/s/Hz
[ 3913 ms] [UE 45898] UL: SNR = 63.50 dB | SE = 20.778 bit/s/Hz
[ 3913 ms] [UE 36997] UL: SNR = 63.50 dB | SE = 20.778 bit/s/Hz
[ 3913 ms] [UE 48787] UL: SNR = 63.50 dB | SE = 20.778 bit/s/Hz
[ 3913 ms] [UE 40252] UL: SNR = 56.00 dB | SE = 18.324 bit/s/Hz
[ 3913 ms] [UE 15599] UL: SNR = 52.50 dB | SE = 17.179 bit/s/Hz
[ 3916 ms] [UE 33952] UL: SNR = 6.50 dB | SE = 2.414 bit/s/Hz
[ 3916 ms] [UE 12169] UL: SNR = 63.50 dB | SE = 20.778 bit/s/Hz
[ 3916 ms] [UE 22873] UL: SNR = 63.50 dB | SE = 20.778 bit/s/Hz
[ 3916 ms] [UE 30556] UL: SNR = 63.50 dB | SE = 20.778 bit/s/Hz
[ 3916 ms] [UE 20945] UL: SNR = 63.50 dB | SE = 20.778 bit/s/Hz
[ 4023 ms] [UE 45898] UL: SNR = 63.50 dB | SE = 20.778 bit/s/Hz
[ 4023 ms] [UE 36997] UL: SNR = 63.50 dB | SE = 20.778 bit/s/Hz
[ 4023 ms] [UE 48787] UL: SNR = 63.50 dB | SE = 20.778 bit/s/Hz
[ 4023 ms] [UE 40252] UL: SNR = 56.00 dB | SE = 18.324 bit/s/Hz
[ 4023 ms] [UE 15599] UL: SNR = 52.50 dB | SE = 17.179 bit/s/Hz
[ 4026 ms] [UE 33952] UL: SNR = 6.50 dB | SE = 2.414 bit/s/Hz
[ 4026 ms] [UE 12169] UL: SNR = 63.50 dB | SE = 20.778 bit/s/Hz
[ 4026 ms] [UE 22873] UL: SNR = 63.50 dB | SE = 20.778 bit/s/Hz
[ 4026 ms] [UE 30556] UL: SNR = 63.50 dB | SE = 20.778 bit/s/Hz
[ 4026 ms] [UE 20945] UL: SNR = 63.50 dB | SE = 20.778 bit/s/Hz
[ 4123 ms] [UE 45898] UL: SNR = 63.50 dB | SE = 20.778 bit/s/Hz
[ 4123 ms] [UE 36997] UL: SNR = 63.50 dB | SE = 20.778 bit/s/Hz
[ 4123 ms] [UE 48787] UL: SNR = 63.50 dB | SE = 20.778 bit/s/Hz
[ 4123 ms] [UE 40252] UL: SNR = 56.00 dB | SE = 18.324 bit/s/Hz
[ 4123 ms] [UE 15599] UL: SNR = 52.50 dB | SE = 17.179 bit/s/Hz
[ 4135 ms] [UE 33952] UL: SNR = 6.50 dB | SE = 2.414 bit/s/Hz
[ 4135 ms] [UE 12169] UL: SNR = 63.50 dB | SE = 20.778 bit/s/Hz
[ 4135 ms] [UE 22873] UL: SNR = 63.50 dB | SE = 20.778 bit/s/Hz
[ 4135 ms] [UE 30556] UL: SNR = 63.50 dB | SE = 20.778 bit/s/Hz
[ 4135 ms] [UE 20945] UL: SNR = 63.50 dB | SE = 20.778 bit/s/Hz
[ 4233 ms] [UE 45898] UL: SNR = 63.50 dB | SE = 20.778 bit/s/Hz
[ 4233 ms] [UE 36997] UL: SNR = 63.50 dB | SE = 20.778 bit/s/Hz
[ 4233 ms] [UE 48787] UL: SNR = 63.50 dB | SE = 20.778 bit/s/Hz
[ 4233 ms] [UE 40252] UL: SNR = 56.00 dB | SE = 18.324 bit/s/Hz
[ 4233 ms] [UE 15599] UL: SNR = 52.50 dB | SE = 17.179 bit/s/Hz
[ 4245 ms] [UE 33952] UL: SNR = 6.50 dB | SE = 2.414 bit/s/Hz
[ 4245 ms] [UE 12169] UL: SNR = 63.50 dB | SE = 20.778 bit/s/Hz
[ 4245 ms] [UE 22873] UL: SNR = 63.50 dB | SE = 20.778 bit/s/Hz
[ 4245 ms] [UE 30556] UL: SNR = 63.50 dB | SE = 20.778 bit/s/Hz
[ 4245 ms] [UE 20945] UL: SNR = 63.50 dB | SE = 20.778 bit/s/Hz
[ 4333 ms] [UE 45898] UL: SNR = 63.50 dB | SE = 20.778 bit/s/Hz
[ 4333 ms] [UE 36997] UL: SNR = 63.50 dB | SE = 20.778 bit/s/Hz
[ 4333 ms] [UE 48787] UL: SNR = 63.50 dB | SE = 20.778 bit/s/Hz
[ 4333 ms] [UE 40252] UL: SNR = 56.00 dB | SE = 18.324 bit/s/Hz
[ 4333 ms] [UE 15599] UL: SNR = 52.50 dB | SE = 17.179 bit/s/Hz
[ 4345 ms] [UE 33952] UL: SNR = 6.50 dB | SE = 2.414 bit/s/Hz
[ 4345 ms] [UE 12169] UL: SNR = 63.50 dB | SE = 20.778 bit/s/Hz
[ 4345 ms] [UE 22873] UL: SNR = 63.50 dB | SE = 20.778 bit/s/Hz
[ 4345 ms] [UE 30556] UL: SNR = 63.50 dB | SE = 20.778 bit/s/Hz
[ 4345 ms] [UE 20945] UL: SNR = 63.50 dB | SE = 20.778 bit/s/Hz
[ 4442 ms] [UE 45898] UL: SNR = 63.50 dB | SE = 20.778 bit/s/Hz
[ 4442 ms] [UE 36997] UL: SNR = 63.50 dB | SE = 20.778 bit/s/Hz
[ 4442 ms] [UE 48787] UL: SNR = 63.50 dB | SE = 20.778 bit/s/Hz
[ 4442 ms] [UE 40252] UL: SNR = 56.00 dB | SE = 18.324 bit/s/Hz
[ 4442 ms] [UE 15599] UL: SNR = 52.50 dB | SE = 17.179 bit/s/Hz
[ 4455 ms] [UE 33952] UL: SNR = 6.50 dB | SE = 2.414 bit/s/Hz
[ 4455 ms] [UE 12169] UL: SNR = 63.50 dB | SE = 20.778 bit/s/Hz
[ 4455 ms] [UE 22873] UL: SNR = 63.50 dB | SE = 20.778 bit/s/Hz
[ 4455 ms] [UE 30556] UL: SNR = 63.50 dB | SE = 20.778 bit/s/Hz
[ 4455 ms] [UE 20945] UL: SNR = 63.50 dB | SE = 20.778 bit/s/Hz
[ 4543 ms] [UE 45898] UL: SNR = 63.50 dB | SE = 20.778 bit/s/Hz
[ 4543 ms] [UE 36997] UL: SNR = 63.50 dB | SE = 20.778 bit/s/Hz
[ 4543 ms] [UE 48787] UL: SNR = 63.50 dB | SE = 20.778 bit/s/Hz
[ 4543 ms] [UE 40252] UL: SNR = 56.00 dB | SE = 18.324 bit/s/Hz
[ 4543 ms] [UE 15599] UL: SNR = 52.50 dB | SE = 17.179 bit/s/Hz
[ 4557 ms] [UE 33952] UL: SNR = 6.50 dB | SE = 2.414 bit/s/Hz
[ 4557 ms] [UE 12169] UL: SNR = 63.50 dB | SE = 20.778 bit/s/Hz
[ 4557 ms] [UE 22873] UL: SNR = 63.50 dB | SE = 20.778 bit/s/Hz
[ 4557 ms] [UE 30556] UL: SNR = 63.50 dB | SE = 20.778 bit/s/Hz
[ 4557 ms] [UE 20945] UL: SNR = 63.50 dB | SE = 20.778 bit/s/Hz
[ 4643 ms] [UE 45898] UL: SNR = 63.50 dB | SE = 20.778 bit/s/Hz
[ 4643 ms] [UE 36997] UL: SNR = 63.50 dB | SE = 20.778 bit/s/Hz
[ 4643 ms] [UE 48787] UL: SNR = 63.50 dB | SE = 20.778 bit/s/Hz
[ 4643 ms] [UE 40252] UL: SNR = 56.00 dB | SE = 18.324 bit/s/Hz
[ 4643 ms] [UE 15599] UL: SNR = 52.50 dB | SE = 17.179 bit/s/Hz
[ 4665 ms] [UE 33952] UL: SNR = 6.50 dB | SE = 2.414 bit/s/Hz
[ 4665 ms] [UE 12169] UL: SNR = 63.50 dB | SE = 20.778 bit/s/Hz
[ 4665 ms] [UE 22873] UL: SNR = 63.50 dB | SE = 20.778 bit/s/Hz
[ 4665 ms] [UE 30556] UL: SNR = 63.50 dB | SE = 20.778 bit/s/Hz
[ 4665 ms] [UE 20945] UL: SNR = 63.50 dB | SE = 20.778 bit/s/Hz
[ 4753 ms] [UE 45898] UL: SNR = 63.50 dB | SE = 20.778 bit/s/Hz
[ 4753 ms] [UE 36997] UL: SNR = 63.50 dB | SE = 20.778 bit/s/Hz
[ 4753 ms] [UE 48787] UL: SNR = 63.50 dB | SE = 20.778 bit/s/Hz
[ 4753 ms] [UE 40252] UL: SNR = 56.00 dB | SE = 18.324 bit/s/Hz
[ 4753 ms] [UE 15599] UL: SNR = 52.50 dB | SE = 17.179 bit/s/Hz
[ 4776 ms] [UE 33952] UL: SNR = 6.50 dB | SE = 2.414 bit/s/Hz
[ 4776 ms] [UE 12169] UL: SNR = 63.50 dB | SE = 20.778 bit/s/Hz
[ 4776 ms] [UE 22873] UL: SNR = 63.50 dB | SE = 20.778 bit/s/Hz
[ 4776 ms] [UE 30556] UL: SNR = 63.50 dB | SE = 20.778 bit/s/Hz
[ 4776 ms] [UE 20945] UL: SNR = 63.50 dB | SE = 20.778 bit/s/Hz
[ 4863 ms] [UE 45898] UL: SNR = 63.50 dB | SE = 20.778 bit/s/Hz
[ 4863 ms] [UE 36997] UL: SNR = 63.50 dB | SE = 20.778 bit/s/Hz
[ 4863 ms] [UE 48787] UL: SNR = 63.50 dB | SE = 20.778 bit/s/Hz
[ 4863 ms] [UE 40252] UL: SNR = 56.00 dB | SE = 18.324 bit/s/Hz
[ 4863 ms] [UE 15599] UL: SNR = 52.50 dB | SE = 17.179 bit/s/Hz
[ 4885 ms] [UE 33952] UL: SNR = 6.50 dB | SE = 2.414 bit/s/Hz
[ 4885 ms] [UE 12169] UL: SNR = 63.50 dB | SE = 20.778 bit/s/Hz
[ 4885 ms] [UE 22873] UL: SNR = 63.50 dB | SE = 20.778 bit/s/Hz
[ 4885 ms] [UE 30556] UL: SNR = 63.50 dB | SE = 20.778 bit/s/Hz
[ 4885 ms] [UE 20945] UL: SNR = 63.50 dB | SE = 20.778 bit/s/Hz
[ 4963 ms] [UE 45898] UL: SNR = 63.50 dB | SE = 20.778 bit/s/Hz
[ 4963 ms] [UE 36997] UL: SNR = 63.50 dB | SE = 20.778 bit/s/Hz
[ 4963 ms] [UE 48787] UL: SNR = 63.50 dB | SE = 20.778 bit/s/Hz
[ 4963 ms] [UE 40252] UL: SNR = 56.00 dB | SE = 18.324 bit/s/Hz
[ 4963 ms] [UE 15599] UL: SNR = 52.50 dB | SE = 17.179 bit/s/Hz
[ 4995 ms] [UE 33952] UL: SNR = 6.50 dB | SE = 2.414 bit/s/Hz
[ 4995 ms] [UE 12169] UL: SNR = 63.50 dB | SE = 20.778 bit/s/Hz
[ 4995 ms] [UE 22873] UL: SNR = 63.50 dB | SE = 20.778 bit/s/Hz
[ 4995 ms] [UE 30556] UL: SNR = 63.50 dB | SE = 20.778 bit/s/Hz
[ 4995 ms] [UE 20945] UL: SNR = 63.50 dB | SE = 20.778 bit/s/Hz
[ 5073 ms] [UE 45898] UL: SNR = 63.50 dB | SE = 20.778 bit/s/Hz
[ 5073 ms] [UE 36997] UL: SNR = 63.50 dB | SE = 20.778 bit/s/Hz
[ 5073 ms] [UE 48787] UL: SNR = 63.50 dB | SE = 20.778 bit/s/Hz
[ 5073 ms] [UE 40252] UL: SNR = 56.00 dB | SE = 18.324 bit/s/Hz
[ 5073 ms] [UE 15599] UL: SNR = 52.50 dB | SE = 17.179 bit/s/Hz
[ 5095 ms] [UE 33952] UL: SNR = 63.50 dB | SE = 20.778 bit/s/Hz
[ 5095 ms] [UE 12169] UL: SNR = 63.50 dB | SE = 20.778 bit/s/Hz
[ 5095 ms] [UE 22873] UL: SNR = 63.50 dB | SE = 20.778 bit/s/Hz
[ 5095 ms] [UE 30556] UL: SNR = 63.50 dB | SE = 20.778 bit/s/Hz
[ 5095 ms] [UE 20945] UL: SNR = 63.50 dB | SE = 20.778 bit/s/Hz
[ 5183 ms] [UE 45898] UL: SNR = 63.50 dB | SE = 20.778 bit/s/Hz
[ 5183 ms] [UE 36997] UL: SNR = 63.50 dB | SE = 20.778 bit/s/Hz
[ 5183 ms] [UE 48787] UL: SNR = 63.50 dB | SE = 20.778 bit/s/Hz
[ 5183 ms] [UE 40252] UL: SNR = 56.00 dB | SE = 18.324 bit/s/Hz
[ 5183 ms] [UE 15599] UL: SNR = 52.50 dB | SE = 17.179 bit/s/Hz
[ 5196 ms] [UE 33952] UL: SNR = 63.50 dB | SE = 20.778 bit/s/Hz
[ 5196 ms] [UE 12169] UL: SNR = 63.50 dB | SE = 20.778 bit/s/Hz
[ 5196 ms] [UE 22873] UL: SNR = 63.50 dB | SE = 20.778 bit/s/Hz
[ 5196 ms] [UE 30556] UL: SNR = 63.50 dB | SE = 20.778 bit/s/Hz
[ 5196 ms] [UE 20945] UL: SNR = 63.50 dB | SE = 20.778 bit/s/Hz
[ 5293 ms] [UE 45898] UL: SNR = 63.50 dB | SE = 20.778 bit/s/Hz
[ 5293 ms] [UE 36997] UL: SNR = 63.50 dB | SE = 20.778 bit/s/Hz
[ 5293 ms] [UE 48787] UL: SNR = 63.50 dB | SE = 20.778 bit/s/Hz
[ 5293 ms] [UE 40252] UL: SNR = 56.00 dB | SE = 18.324 bit/s/Hz
[ 5293 ms] [UE 15599] UL: SNR = 52.50 dB | SE = 17.179 bit/s/Hz
[ 5306 ms] [UE 33952] UL: SNR = 63.50 dB | SE = 20.778 bit/s/Hz
[ 5306 ms] [UE 12169] UL: SNR = 63.50 dB | SE = 20.778 bit/s/Hz
[ 5306 ms] [UE 22873] UL: SNR = 63.50 dB | SE = 20.778 bit/s/Hz
[ 5306 ms] [UE 30556] UL: SNR = 63.50 dB | SE = 20.778 bit/s/Hz
[ 5306 ms] [UE 20945] UL: SNR = 63.50 dB | SE = 20.778 bit/s/Hz
[ 5403 ms] [UE 45898] UL: SNR = 63.50 dB | SE = 20.778 bit/s/Hz
[ 5403 ms] [UE 36997] UL: SNR = 63.50 dB | SE = 20.778 bit/s/Hz
[ 5403 ms] [UE 48787] UL: SNR = 63.50 dB | SE = 20.778 bit/s/Hz
[ 5403 ms] [UE 40252] UL: SNR = 56.00 dB | SE = 18.324 bit/s/Hz
[ 5403 ms] [UE 15599] UL: SNR = 52.50 dB | SE = 17.179 bit/s/Hz
[ 5415 ms] [UE 33952] UL: SNR = 63.50 dB | SE = 20.778 bit/s/Hz
[ 5415 ms] [UE 12169] UL: SNR = 63.50 dB | SE = 20.778 bit/s/Hz
[ 5415 ms] [UE 22873] UL: SNR = 63.50 dB | SE = 20.778 bit/s/Hz
[ 5415 ms] [UE 30556] UL: SNR = 63.50 dB | SE = 20.778 bit/s/Hz
[ 5415 ms] [UE 20945] UL: SNR = 63.50 dB | SE = 20.778 bit/s/Hz
[ 5512 ms] [UE 45898] UL: SNR = 63.50 dB | SE = 20.778 bit/s/Hz
[ 5512 ms] [UE 36997] UL: SNR = 63.50 dB | SE = 20.778 bit/s/Hz
[ 5512 ms] [UE 48787] UL: SNR = 63.50 dB | SE = 20.778 bit/s/Hz
[ 5512 ms] [UE 40252] UL: SNR = 56.00 dB | SE = 18.324 bit/s/Hz
[ 5512 ms] [UE 15599] UL: SNR = 52.50 dB | SE = 17.179 bit/s/Hz
[ 5515 ms] [UE 33952] UL: SNR = 63.50 dB | SE = 20.778 bit/s/Hz
[ 5515 ms] [UE 12169] UL: SNR = 63.50 dB | SE = 20.778 bit/s/Hz
[ 5515 ms] [UE 22873] UL: SNR = 63.50 dB | SE = 20.778 bit/s/Hz
[ 5515 ms] [UE 30556] UL: SNR = 63.50 dB | SE = 20.778 bit/s/Hz
[ 5515 ms] [UE 20945] UL: SNR = 63.50 dB | SE = 20.778 bit/s/Hz
[ 5612 ms] [UE 45898] UL: SNR = 63.50 dB | SE = 20.778 bit/s/Hz
[ 5612 ms] [UE 36997] UL: SNR = 63.50 dB | SE = 20.778 bit/s/Hz
[ 5612 ms] [UE 48787] UL: SNR = 63.50 dB | SE = 20.778 bit/s/Hz
[ 5612 ms] [UE 40252] UL: SNR = 56.00 dB | SE = 18.324 bit/s/Hz
[ 5612 ms] [UE 15599] UL: SNR = 52.50 dB | SE = 17.179 bit/s/Hz
[ 5625 ms] [UE 33952] UL: SNR = 63.50 dB | SE = 20.778 bit/s/Hz
[ 5625 ms] [UE 12169] UL: SNR = 63.50 dB | SE = 20.778 bit/s/Hz
[ 5625 ms] [UE 22873] UL: SNR = 63.50 dB | SE = 20.778 bit/s/Hz
[ 5625 ms] [UE 30556] UL: SNR = 63.50 dB | SE = 20.778 bit/s/Hz
[ 5625 ms] [UE 20945] UL: SNR = 63.50 dB | SE = 20.778 bit/s/Hz
[ 5723 ms] [UE 45898] UL: SNR = 63.50 dB | SE = 20.778 bit/s/Hz
[ 5723 ms] [UE 36997] UL: SNR = 63.50 dB | SE = 20.778 bit/s/Hz
[ 5723 ms] [UE 48787] UL: SNR = 63.50 dB | SE = 20.778 bit/s/Hz
[ 5723 ms] [UE 40252] UL: SNR = 56.00 dB | SE = 18.324 bit/s/Hz
[ 5723 ms] [UE 15599] UL: SNR = 52.50 dB | SE = 17.179 bit/s/Hz
[ 5725 ms] [UE 33952] UL: SNR = 63.50 dB | SE = 20.778 bit/s/Hz
[ 5725 ms] [UE 12169] UL: SNR = 63.50 dB | SE = 20.778 bit/s/Hz
[ 5725 ms] [UE 22873] UL: SNR = 63.50 dB | SE = 20.778 bit/s/Hz
[ 5725 ms] [UE 30556] UL: SNR = 63.50 dB | SE = 20.778 bit/s/Hz
[ 5725 ms] [UE 20945] UL: SNR = 63.50 dB | SE = 20.778 bit/s/Hz
[ 5826 ms] [UE 33952] UL: SNR = 63.50 dB | SE = 20.778 bit/s/Hz
[ 5826 ms] [UE 12169] UL: SNR = 63.50 dB | SE = 20.778 bit/s/Hz
[ 5826 ms] [UE 22873] UL: SNR = 63.50 dB | SE = 20.778 bit/s/Hz
[ 5826 ms] [UE 30556] UL: SNR = 63.50 dB | SE = 20.778 bit/s/Hz
[ 5826 ms] [UE 20945] UL: SNR = 63.50 dB | SE = 20.778 bit/s/Hz
[ 5833 ms] [UE 45898] UL: SNR = 63.50 dB | SE = 20.778 bit/s/Hz
[ 5833 ms] [UE 36997] UL: SNR = 63.50 dB | SE = 20.778 bit/s/Hz
[ 5833 ms] [UE 48787] UL: SNR = 63.50 dB | SE = 20.778 bit/s/Hz
[ 5833 ms] [UE 40252] UL: SNR = 56.00 dB | SE = 18.324 bit/s/Hz
[ 5833 ms] [UE 15599] UL: SNR = 52.50 dB | SE = 17.179 bit/s/Hz
[ 5935 ms] [UE 33952] UL: SNR = 63.50 dB | SE = 20.778 bit/s/Hz
[ 5935 ms] [UE 12169] UL: SNR = 63.50 dB | SE = 20.778 bit/s/Hz
[ 5935 ms] [UE 22873] UL: SNR = 63.50 dB | SE = 20.778 bit/s/Hz
[ 5935 ms] [UE 30556] UL: SNR = 63.50 dB | SE = 20.778 bit/s/Hz
[ 5935 ms] [UE 20945] UL: SNR = 63.50 dB | SE = 20.778 bit/s/Hz
[ 5944 ms] [UE 45898] UL: SNR = 63.50 dB | SE = 20.778 bit/s/Hz
[ 5944 ms] [UE 36997] UL: SNR = 63.50 dB | SE = 20.778 bit/s/Hz
[ 5944 ms] [UE 48787] UL: SNR = 63.50 dB | SE = 20.778 bit/s/Hz
[ 5944 ms] [UE 40252] UL: SNR = 56.00 dB | SE = 18.324 bit/s/Hz
[ 5944 ms] [UE 15599] UL: SNR = 52.50 dB | SE = 17.179 bit/s/Hz
[ 6035 ms] [UE 33952] UL: SNR = 63.50 dB | SE = 20.778 bit/s/Hz
[ 6035 ms] [UE 12169] UL: SNR = 63.50 dB | SE = 20.778 bit/s/Hz
[ 6035 ms] [UE 22873] UL: SNR = 63.50 dB | SE = 20.778 bit/s/Hz
[ 6035 ms] [UE 30556] UL: SNR = 63.50 dB | SE = 20.778 bit/s/Hz
[ 6035 ms] [UE 20945] UL: SNR = 63.50 dB | SE = 20.778 bit/s/Hz
[ 6052 ms] [UE 45898] UL: SNR = 63.50 dB | SE = 20.778 bit/s/Hz
[ 6052 ms] [UE 36997] UL: SNR = 63.50 dB | SE = 20.778 bit/s/Hz
[ 6052 ms] [UE 48787] UL: SNR = 63.50 dB | SE = 20.778 bit/s/Hz
[ 6052 ms] [UE 40252] UL: SNR = 56.00 dB | SE = 18.324 bit/s/Hz
[ 6052 ms] [UE 15599] UL: SNR = 52.50 dB | SE = 17.179 bit/s/Hz
[ 6136 ms] [UE 33952] UL: SNR = 63.50 dB | SE = 20.778 bit/s/Hz
[ 6136 ms] [UE 12169] UL: SNR = 63.50 dB | SE = 20.778 bit/s/Hz
[ 6136 ms] [UE 22873] UL: SNR = 63.50 dB | SE = 20.778 bit/s/Hz
[ 6136 ms] [UE 30556] UL: SNR = 63.50 dB | SE = 20.778 bit/s/Hz
[ 6136 ms] [UE 20945] UL: SNR = 63.50 dB | SE = 20.778 bit/s/Hz
[ 6153 ms] [UE 45898] UL: SNR = 63.50 dB | SE = 20.778 bit/s/Hz
[ 6153 ms] [UE 36997] UL: SNR = 63.50 dB | SE = 20.778 bit/s/Hz
[ 6153 ms] [UE 48787] UL: SNR = 63.50 dB | SE = 20.778 bit/s/Hz
[ 6153 ms] [UE 40252] UL: SNR = 56.00 dB | SE = 18.324 bit/s/Hz
[ 6153 ms] [UE 15599] UL: SNR = 52.50 dB | SE = 17.179 bit/s/Hz
[ 6237 ms] [UE 33952] UL: SNR = 63.50 dB | SE = 20.778 bit/s/Hz
[ 6237 ms] [UE 12169] UL: SNR = 63.50 dB | SE = 20.778 bit/s/Hz
[ 6237 ms] [UE 22873] UL: SNR = 63.50 dB | SE = 20.778 bit/s/Hz
[ 6237 ms] [UE 30556] UL: SNR = 63.50 dB | SE = 20.778 bit/s/Hz
[ 6237 ms] [UE 20945] UL: SNR = 63.50 dB | SE = 20.778 bit/s/Hz
[ 6253 ms] [UE 45898] UL: SNR = 63.50 dB | SE = 20.778 bit/s/Hz
[ 6253 ms] [UE 36997] UL: SNR = 63.50 dB | SE = 20.778 bit/s/Hz
[ 6253 ms] [UE 48787] UL: SNR = 63.50 dB | SE = 20.778 bit/s/Hz
[ 6253 ms] [UE 40252] UL: SNR = 56.00 dB | SE = 18.324 bit/s/Hz
[ 6253 ms] [UE 15599] UL: SNR = 52.50 dB | SE = 17.179 bit/s/Hz
[ 6346 ms] [UE 33952] UL: SNR = 63.50 dB | SE = 20.778 bit/s/Hz
[ 6346 ms] [UE 12169] UL: SNR = 63.50 dB | SE = 20.778 bit/s/Hz
[ 6346 ms] [UE 22873] UL: SNR = 63.50 dB | SE = 20.778 bit/s/Hz
[ 6346 ms] [UE 30556] UL: SNR = 63.50 dB | SE = 20.778 bit/s/Hz
[ 6346 ms] [UE 20945] UL: SNR = 63.50 dB | SE = 20.778 bit/s/Hz
[ 6362 ms] [UE 45898] UL: SNR = 63.50 dB | SE = 20.778 bit/s/Hz
[ 6362 ms] [UE 36997] UL: SNR = 63.50 dB | SE = 20.778 bit/s/Hz
[ 6362 ms] [UE 48787] UL: SNR = 63.50 dB | SE = 20.778 bit/s/Hz
[ 6362 ms] [UE 40252] UL: SNR = 56.00 dB | SE = 18.324 bit/s/Hz
[ 6362 ms] [UE 15599] UL: SNR = 52.50 dB | SE = 17.179 bit/s/Hz
[ 6456 ms] [UE 33952] UL: SNR = 63.50 dB | SE = 20.778 bit/s/Hz
[ 6456 ms] [UE 12169] UL: SNR = 63.50 dB | SE = 20.778 bit/s/Hz
[ 6456 ms] [UE 22873] UL: SNR = 63.50 dB | SE = 20.778 bit/s/Hz
[ 6456 ms] [UE 30556] UL: SNR = 53.50 dB | SE = 17.506 bit/s/Hz
[ 6456 ms] [UE 20945] UL: SNR = 52.50 dB | SE = 17.179 bit/s/Hz
[ 6463 ms] [UE 45898] UL: SNR = 63.50 dB | SE = 20.778 bit/s/Hz
[ 6463 ms] [UE 36997] UL: SNR = 63.50 dB | SE = 20.778 bit/s/Hz
[ 6463 ms] [UE 48787] UL: SNR = 63.50 dB | SE = 20.778 bit/s/Hz
[ 6463 ms] [UE 40252] UL: SNR = 56.00 dB | SE = 18.324 bit/s/Hz
[ 6463 ms] [UE 15599] UL: SNR = 52.50 dB | SE = 17.179 bit/s/Hz
[ 6556 ms] [UE 33952] UL: SNR = 63.50 dB | SE = 20.778 bit/s/Hz
[ 6556 ms] [UE 12169] UL: SNR = 63.50 dB | SE = 20.778 bit/s/Hz
[ 6556 ms] [UE 22873] UL: SNR = 63.50 dB | SE = 20.778 bit/s/Hz
[ 6556 ms] [UE 30556] UL: SNR = 53.50 dB | SE = 17.506 bit/s/Hz
[ 6556 ms] [UE 20945] UL: SNR = 52.50 dB | SE = 17.179 bit/s/Hz
[ 6563 ms] [UE 45898] UL: SNR = 63.50 dB | SE = 20.778 bit/s/Hz
[ 6563 ms] [UE 36997] UL: SNR = 63.50 dB | SE = 20.778 bit/s/Hz
[ 6563 ms] [UE 48787] UL: SNR = 63.50 dB | SE = 20.778 bit/s/Hz
[ 6563 ms] [UE 40252] UL: SNR = 56.00 dB | SE = 18.324 bit/s/Hz
[ 6563 ms] [UE 15599] UL: SNR = 52.50 dB | SE = 17.179 bit/s/Hz
[ 6656 ms] [UE 33952] UL: SNR = 63.50 dB | SE = 20.778 bit/s/Hz
[ 6656 ms] [UE 12169] UL: SNR = 63.50 dB | SE = 20.778 bit/s/Hz
[ 6656 ms] [UE 22873] UL: SNR = 63.50 dB | SE = 20.778 bit/s/Hz
[ 6656 ms] [UE 30556] UL: SNR = 53.50 dB | SE = 17.506 bit/s/Hz
[ 6656 ms] [UE 20945] UL: SNR = 52.50 dB | SE = 17.179 bit/s/Hz
[ 6673 ms] [UE 45898] UL: SNR = 63.50 dB | SE = 20.778 bit/s/Hz
[ 6673 ms] [UE 36997] UL: SNR = 63.50 dB | SE = 20.778 bit/s/Hz
[ 6673 ms] [UE 48787] UL: SNR = 63.50 dB | SE = 20.778 bit/s/Hz
[ 6673 ms] [UE 40252] UL: SNR = 56.00 dB | SE = 18.324 bit/s/Hz
[ 6673 ms] [UE 15599] UL: SNR = 52.50 dB | SE = 17.179 bit/s/Hz
[ 6766 ms] [UE 33952] UL: SNR = 6.50 dB | SE = 2.414 bit/s/Hz
[ 6766 ms] [UE 12169] UL: SNR = 63.50 dB | SE = 20.778 bit/s/Hz
[ 6766 ms] [UE 22873] UL: SNR = 63.50 dB | SE = 20.778 bit/s/Hz
[ 6766 ms] [UE 30556] UL: SNR = 53.50 dB | SE = 17.506 bit/s/Hz
[ 6766 ms] [UE 20945] UL: SNR = 52.50 dB | SE = 17.179 bit/s/Hz
[ 6782 ms] [UE 45898] UL: SNR = 63.50 dB | SE = 20.778 bit/s/Hz
[ 6782 ms] [UE 36997] UL: SNR = 63.50 dB | SE = 20.778 bit/s/Hz
[ 6782 ms] [UE 48787] UL: SNR = 63.50 dB | SE = 20.778 bit/s/Hz
[ 6782 ms] [UE 40252] UL: SNR = 56.00 dB | SE = 18.324 bit/s/Hz
[ 6782 ms] [UE 15599] UL: SNR = 52.50 dB | SE = 17.179 bit/s/Hz
[ 6875 ms] [UE 33952] UL: SNR = 6.50 dB | SE = 2.414 bit/s/Hz
[ 6875 ms] [UE 12169] UL: SNR = 63.50 dB | SE = 20.778 bit/s/Hz
[ 6875 ms] [UE 22873] UL: SNR = 63.50 dB | SE = 20.778 bit/s/Hz
[ 6875 ms] [UE 30556] UL: SNR = 53.50 dB | SE = 17.506 bit/s/Hz
[ 6875 ms] [UE 20945] UL: SNR = 52.50 dB | SE = 17.179 bit/s/Hz
[ 6883 ms] [UE 45898] UL: SNR = 63.50 dB | SE = 20.778 bit/s/Hz
[ 6883 ms] [UE 36997] UL: SNR = 63.50 dB | SE = 20.778 bit/s/Hz
[ 6883 ms] [UE 48787] UL: SNR = 63.50 dB | SE = 20.778 bit/s/Hz
[ 6883 ms] [UE 40252] UL: SNR = 56.00 dB | SE = 18.324 bit/s/Hz
[ 6883 ms] [UE 15599] UL: SNR = 52.50 dB | SE = 17.179 bit/s/Hz
[ 6975 ms] [UE 33952] UL: SNR = 6.50 dB | SE = 2.414 bit/s/Hz
[ 6975 ms] [UE 12169] UL: SNR = 63.50 dB | SE = 20.778 bit/s/Hz
[ 6975 ms] [UE 22873] UL: SNR = 63.50 dB | SE = 20.778 bit/s/Hz
[ 6975 ms] [UE 30556] UL: SNR = 53.50 dB | SE = 17.506 bit/s/Hz
[ 6975 ms] [UE 20945] UL: SNR = 52.50 dB | SE = 17.179 bit/s/Hz
[ 6983 ms] [UE 45898] UL: SNR = 63.50 dB | SE = 20.778 bit/s/Hz
[ 6983 ms] [UE 36997] UL: SNR = 63.50 dB | SE = 20.778 bit/s/Hz
[ 6983 ms] [UE 48787] UL: SNR = 63.50 dB | SE = 20.778 bit/s/Hz
[ 6983 ms] [UE 40252] UL: SNR = 56.00 dB | SE = 18.324 bit/s/Hz
[ 6983 ms] [UE 15599] UL: SNR = 52.50 dB | SE = 17.179 bit/s/Hz
[ 7085 ms] [UE 33952] UL: SNR = 6.50 dB | SE = 2.414 bit/s/Hz
[ 7085 ms] [UE 12169] UL: SNR = 63.50 dB | SE = 20.778 bit/s/Hz
[ 7085 ms] [UE 22873] UL: SNR = 63.50 dB | SE = 20.778 bit/s/Hz
[ 7085 ms] [UE 30556] UL: SNR = 53.50 dB | SE = 17.506 bit/s/Hz
[ 7085 ms] [UE 20945] UL: SNR = 52.50 dB | SE = 17.179 bit/s/Hz
[ 7092 ms] [UE 45898] UL: SNR = 63.50 dB | SE = 20.778 bit/s/Hz
[ 7092 ms] [UE 36997] UL: SNR = 63.50 dB | SE = 20.778 bit/s/Hz
[ 7092 ms] [UE 48787] UL: SNR = 63.50 dB | SE = 20.778 bit/s/Hz
[ 7092 ms] [UE 40252] UL: SNR = 56.00 dB | SE = 18.324 bit/s/Hz
[ 7092 ms] [UE 15599] UL: SNR = 52.50 dB | SE = 17.179 bit/s/Hz
[ 7186 ms] [UE 33952] UL: SNR = 6.50 dB | SE = 2.414 bit/s/Hz
[ 7186 ms] [UE 12169] UL: SNR = 63.50 dB | SE = 20.778 bit/s/Hz
[ 7186 ms] [UE 22873] UL: SNR = 63.50 dB | SE = 20.778 bit/s/Hz
[ 7186 ms] [UE 30556] UL: SNR = 63.50 dB | SE = 20.778 bit/s/Hz
[ 7186 ms] [UE 20945] UL: SNR = 52.50 dB | SE = 17.179 bit/s/Hz
[ 7193 ms] [UE 45898] UL: SNR = 63.50 dB | SE = 20.778 bit/s/Hz
[ 7193 ms] [UE 36997] UL: SNR = 63.50 dB | SE = 20.778 bit/s/Hz
[ 7193 ms] [UE 48787] UL: SNR = 63.50 dB | SE = 20.778 bit/s/Hz
[ 7193 ms] [UE 40252] UL: SNR = 56.00 dB | SE = 18.324 bit/s/Hz
[ 7193 ms] [UE 15599] UL: SNR = 52.50 dB | SE = 17.179 bit/s/Hz
[ 7295 ms] [UE 33952] UL: SNR = 6.50 dB | SE = 2.414 bit/s/Hz
[ 7295 ms] [UE 12169] UL: SNR = 63.50 dB | SE = 20.778 bit/s/Hz
[ 7295 ms] [UE 22873] UL: SNR = 63.50 dB | SE = 20.778 bit/s/Hz
[ 7295 ms] [UE 30556] UL: SNR = 63.50 dB | SE = 20.778 bit/s/Hz
[ 7295 ms] [UE 20945] UL: SNR = 52.50 dB | SE = 17.179 bit/s/Hz
[ 7302 ms] [UE 45898] UL: SNR = 63.50 dB | SE = 20.778 bit/s/Hz
[ 7302 ms] [UE 36997] UL: SNR = 63.50 dB | SE = 20.778 bit/s/Hz
[ 7302 ms] [UE 48787] UL: SNR = 63.50 dB | SE = 20.778 bit/s/Hz
[ 7302 ms] [UE 40252] UL: SNR = 56.00 dB | SE = 18.324 bit/s/Hz
[ 7302 ms] [UE 15599] UL: SNR = 52.50 dB | SE = 17.179 bit/s/Hz
[ 7395 ms] [UE 33952] UL: SNR = 6.50 dB | SE = 2.414 bit/s/Hz
[ 7395 ms] [UE 12169] UL: SNR = 63.50 dB | SE = 20.778 bit/s/Hz
[ 7395 ms] [UE 22873] UL: SNR = 63.50 dB | SE = 20.778 bit/s/Hz
[ 7395 ms] [UE 30556] UL: SNR = 63.50 dB | SE = 20.778 bit/s/Hz
[ 7395 ms] [UE 20945] UL: SNR = 52.50 dB | SE = 17.179 bit/s/Hz
[ 7403 ms] [UE 45898] UL: SNR = 63.50 dB | SE = 20.778 bit/s/Hz
[ 7403 ms] [UE 36997] UL: SNR = 63.50 dB | SE = 20.778 bit/s/Hz
[ 7403 ms] [UE 48787] UL: SNR = 63.50 dB | SE = 20.778 bit/s/Hz
[ 7403 ms] [UE 40252] UL: SNR = 56.00 dB | SE = 18.324 bit/s/Hz
[ 7403 ms] [UE 15599] UL: SNR = 52.50 dB | SE = 17.179 bit/s/Hz
[ 7495 ms] [UE 33952] UL: SNR = 6.50 dB | SE = 2.414 bit/s/Hz
[ 7495 ms] [UE 12169] UL: SNR = 63.50 dB | SE = 20.778 bit/s/Hz
[ 7495 ms] [UE 22873] UL: SNR = 63.50 dB | SE = 20.778 bit/s/Hz
[ 7495 ms] [UE 30556] UL: SNR = 63.50 dB | SE = 20.778 bit/s/Hz
[ 7495 ms] [UE 20945] UL: SNR = 52.50 dB | SE = 17.179 bit/s/Hz
[ 7512 ms] [UE 45898] UL: SNR = 63.50 dB | SE = 20.778 bit/s/Hz
[ 7512 ms] [UE 36997] UL: SNR = 63.50 dB | SE = 20.778 bit/s/Hz
[ 7512 ms] [UE 48787] UL: SNR = 63.50 dB | SE = 20.778 bit/s/Hz
[ 7512 ms] [UE 40252] UL: SNR = 56.00 dB | SE = 18.324 bit/s/Hz
[ 7512 ms] [UE 15599] UL: SNR = 52.50 dB | SE = 17.179 bit/s/Hz
[ 7605 ms] [UE 33952] UL: SNR = 6.50 dB | SE = 2.414 bit/s/Hz
[ 7605 ms] [UE 12169] UL: SNR = 63.50 dB | SE = 20.778 bit/s/Hz
[ 7605 ms] [UE 22873] UL: SNR = 63.50 dB | SE = 20.778 bit/s/Hz
[ 7605 ms] [UE 30556] UL: SNR = 63.50 dB | SE = 20.778 bit/s/Hz
[ 7605 ms] [UE 20945] UL: SNR = 52.50 dB | SE = 17.179 bit/s/Hz
[ 7623 ms] [UE 45898] UL: SNR = 63.50 dB | SE = 20.778 bit/s/Hz
[ 7623 ms] [UE 36997] UL: SNR = 63.50 dB | SE = 20.778 bit/s/Hz
[ 7623 ms] [UE 48787] UL: SNR = 63.50 dB | SE = 20.778 bit/s/Hz
[ 7623 ms] [UE 40252] UL: SNR = 56.00 dB | SE = 18.324 bit/s/Hz
[ 7623 ms] [UE 15599] UL: SNR = 52.50 dB | SE = 17.179 bit/s/Hz
[ 7706 ms] [UE 33952] UL: SNR = 6.50 dB | SE = 2.414 bit/s/Hz
[ 7706 ms] [UE 12169] UL: SNR = 63.50 dB | SE = 20.778 bit/s/Hz
[ 7706 ms] [UE 22873] UL: SNR = 63.50 dB | SE = 20.778 bit/s/Hz
[ 7706 ms] [UE 30556] UL: SNR = 63.50 dB | SE = 20.778 bit/s/Hz
[ 7706 ms] [UE 20945] UL: SNR = 52.50 dB | SE = 17.179 bit/s/Hz
[ 7723 ms] [UE 45898] UL: SNR = 63.50 dB | SE = 20.778 bit/s/Hz
[ 7723 ms] [UE 36997] UL: SNR = 63.50 dB | SE = 20.778 bit/s/Hz
[ 7723 ms] [UE 48787] UL: SNR = 63.50 dB | SE = 20.778 bit/s/Hz
[ 7723 ms] [UE 40252] UL: SNR = 56.00 dB | SE = 18.324 bit/s/Hz
[ 7723 ms] [UE 15599] UL: SNR = 52.50 dB | SE = 17.179 bit/s/Hz
[ 7815 ms] [UE 33952] UL: SNR = 6.50 dB | SE = 2.414 bit/s/Hz
[ 7815 ms] [UE 12169] UL: SNR = 63.50 dB | SE = 20.778 bit/s/Hz
[ 7815 ms] [UE 22873] UL: SNR = 63.50 dB | SE = 20.778 bit/s/Hz
[ 7815 ms] [UE 30556] UL: SNR = 63.50 dB | SE = 20.778 bit/s/Hz
[ 7815 ms] [UE 20945] UL: SNR = 52.50 dB | SE = 17.179 bit/s/Hz
[ 7833 ms] [UE 45898] UL: SNR = 63.50 dB | SE = 20.778 bit/s/Hz
[ 7833 ms] [UE 36997] UL: SNR = 63.50 dB | SE = 20.778 bit/s/Hz
[ 7833 ms] [UE 48787] UL: SNR = 63.50 dB | SE = 20.778 bit/s/Hz
[ 7833 ms] [UE 40252] UL: SNR = 56.00 dB | SE = 18.324 bit/s/Hz
[ 7833 ms] [UE 15599] UL: SNR = 52.50 dB | SE = 17.179 bit/s/Hz
[ 7916 ms] [UE 33952] UL: SNR = 6.50 dB | SE = 2.414 bit/s/Hz
[ 7916 ms] [UE 12169] UL: SNR = 63.50 dB | SE = 20.778 bit/s/Hz
[ 7916 ms] [UE 22873] UL: SNR = 63.50 dB | SE = 20.778 bit/s/Hz
[ 7916 ms] [UE 30556] UL: SNR = 63.50 dB | SE = 20.778 bit/s/Hz
[ 7916 ms] [UE 20945] UL: SNR = 52.50 dB | SE = 17.179 bit/s/Hz
[ 7942 ms] [UE 45898] UL: SNR = 63.50 dB | SE = 20.778 bit/s/Hz
[ 7942 ms] [UE 36997] UL: SNR = 63.50 dB | SE = 20.778 bit/s/Hz
[ 7942 ms] [UE 48787] UL: SNR = 63.50 dB | SE = 20.778 bit/s/Hz
[ 7942 ms] [UE 40252] UL: SNR = 56.00 dB | SE = 18.324 bit/s/Hz
[ 7942 ms] [UE 15599] UL: SNR = 52.50 dB | SE = 17.179 bit/s/Hz
[ 8025 ms] [UE 33952] UL: SNR = 6.50 dB | SE = 2.414 bit/s/Hz
[ 8025 ms] [UE 12169] UL: SNR = 63.50 dB | SE = 20.778 bit/s/Hz
[ 8025 ms] [UE 22873] UL: SNR = 63.50 dB | SE = 20.778 bit/s/Hz
[ 8025 ms] [UE 30556] UL: SNR = 63.50 dB | SE = 20.778 bit/s/Hz
[ 8025 ms] [UE 20945] UL: SNR = 52.50 dB | SE = 17.179 bit/s/Hz
[ 8043 ms] [UE 45898] UL: SNR = 63.50 dB | SE = 20.778 bit/s/Hz
[ 8043 ms] [UE 36997] UL: SNR = 63.50 dB | SE = 20.778 bit/s/Hz
[ 8043 ms] [UE 48787] UL: SNR = 63.50 dB | SE = 20.778 bit/s/Hz
[ 8043 ms] [UE 40252] UL: SNR = 56.00 dB | SE = 18.324 bit/s/Hz
[ 8043 ms] [UE 15599] UL: SNR = 52.50 dB | SE = 17.179 bit/s/Hz
[ 8125 ms] [UE 33952] UL: SNR = 6.50 dB | SE = 2.414 bit/s/Hz
[ 8125 ms] [UE 12169] UL: SNR = 63.50 dB | SE = 20.778 bit/s/Hz
[ 8125 ms] [UE 22873] UL: SNR = 63.50 dB | SE = 20.778 bit/s/Hz
[ 8125 ms] [UE 30556] UL: SNR = 63.50 dB | SE = 20.778 bit/s/Hz
[ 8125 ms] [UE 20945] UL: SNR = 52.50 dB | SE = 17.179 bit/s/Hz
[ 8143 ms] [UE 45898] UL: SNR = 63.50 dB | SE = 20.778 bit/s/Hz
[ 8143 ms] [UE 36997] UL: SNR = 63.50 dB | SE = 20.778 bit/s/Hz
[ 8143 ms] [UE 48787] UL: SNR = 63.50 dB | SE = 20.778 bit/s/Hz
[ 8143 ms] [UE 40252] UL: SNR = 56.00 dB | SE = 18.324 bit/s/Hz
[ 8143 ms] [UE 15599] UL: SNR = 52.50 dB | SE = 17.179 bit/s/Hz
[ 8226 ms] [UE 33952] UL: SNR = 6.50 dB | SE = 2.414 bit/s/Hz
[ 8226 ms] [UE 12169] UL: SNR = 63.50 dB | SE = 20.778 bit/s/Hz
[ 8226 ms] [UE 22873] UL: SNR = 63.50 dB | SE = 20.778 bit/s/Hz
[ 8226 ms] [UE 30556] UL: SNR = 63.50 dB | SE = 20.778 bit/s/Hz
[ 8226 ms] [UE 20945] UL: SNR = 52.50 dB | SE = 17.179 bit/s/Hz
[ 8253 ms] [UE 45898] UL: SNR = 63.50 dB | SE = 20.778 bit/s/Hz
[ 8253 ms] [UE 36997] UL: SNR = 63.50 dB | SE = 20.778 bit/s/Hz
[ 8253 ms] [UE 48787] UL: SNR = 63.50 dB | SE = 20.778 bit/s/Hz
[ 8253 ms] [UE 40252] UL: SNR = 56.00 dB | SE = 18.324 bit/s/Hz
[ 8253 ms] [UE 15599] UL: SNR = 52.50 dB | SE = 17.179 bit/s/Hz
[ 8335 ms] [UE 33952] UL: SNR = 6.50 dB | SE = 2.414 bit/s/Hz
[ 8335 ms] [UE 12169] UL: SNR = 63.50 dB | SE = 20.778 bit/s/Hz
[ 8335 ms] [UE 22873] UL: SNR = 63.50 dB | SE = 20.778 bit/s/Hz
[ 8335 ms] [UE 30556] UL: SNR = 63.50 dB | SE = 20.778 bit/s/Hz
[ 8335 ms] [UE 20945] UL: SNR = 52.50 dB | SE = 17.179 bit/s/Hz
[ 8353 ms] [UE 45898] UL: SNR = 63.50 dB | SE = 20.778 bit/s/Hz
[ 8353 ms] [UE 36997] UL: SNR = 63.50 dB | SE = 20.778 bit/s/Hz
[ 8353 ms] [UE 48787] UL: SNR = 63.50 dB | SE = 20.778 bit/s/Hz
[ 8353 ms] [UE 40252] UL: SNR = 56.00 dB | SE = 18.324 bit/s/Hz
[ 8353 ms] [UE 15599] UL: SNR = 52.50 dB | SE = 17.179 bit/s/Hz
[ 8435 ms] [UE 33952] UL: SNR = 6.50 dB | SE = 2.414 bit/s/Hz
[ 8435 ms] [UE 12169] UL: SNR = 63.50 dB | SE = 20.778 bit/s/Hz
[ 8435 ms] [UE 22873] UL: SNR = 63.50 dB | SE = 20.778 bit/s/Hz
[ 8435 ms] [UE 30556] UL: SNR = 63.50 dB | SE = 20.778 bit/s/Hz
[ 8435 ms] [UE 20945] UL: SNR = 52.50 dB | SE = 17.179 bit/s/Hz
[ 8453 ms] [UE 45898] UL: SNR = 63.50 dB | SE = 20.778 bit/s/Hz
[ 8453 ms] [UE 36997] UL: SNR = 63.50 dB | SE = 20.778 bit/s/Hz
[ 8453 ms] [UE 48787] UL: SNR = 63.50 dB | SE = 20.778 bit/s/Hz
[ 8453 ms] [UE 40252] UL: SNR = 56.00 dB | SE = 18.324 bit/s/Hz
[ 8453 ms] [UE 15599] UL: SNR = 52.50 dB | SE = 17.179 bit/s/Hz
[ 8545 ms] [UE 33952] UL: SNR = 6.50 dB | SE = 2.414 bit/s/Hz
[ 8545 ms] [UE 12169] UL: SNR = 63.50 dB | SE = 20.778 bit/s/Hz
[ 8545 ms] [UE 22873] UL: SNR = 63.50 dB | SE = 20.778 bit/s/Hz
[ 8545 ms] [UE 30556] UL: SNR = 63.50 dB | SE = 20.778 bit/s/Hz
[ 8545 ms] [UE 20945] UL: SNR = 52.50 dB | SE = 17.179 bit/s/Hz
[ 8553 ms] [UE 45898] UL: SNR = 63.50 dB | SE = 20.778 bit/s/Hz
[ 8553 ms] [UE 36997] UL: SNR = 63.50 dB | SE = 20.778 bit/s/Hz
[ 8553 ms] [UE 48787] UL: SNR = 63.50 dB | SE = 20.778 bit/s/Hz
[ 8553 ms] [UE 40252] UL: SNR = 56.00 dB | SE = 18.324 bit/s/Hz
[ 8553 ms] [UE 15599] UL: SNR = 52.50 dB | SE = 17.179 bit/s/Hz
[ 8645 ms] [UE 33952] UL: SNR = 6.50 dB | SE = 2.414 bit/s/Hz
[ 8645 ms] [UE 12169] UL: SNR = 63.50 dB | SE = 20.778 bit/s/Hz
[ 8645 ms] [UE 22873] UL: SNR = 63.50 dB | SE = 20.778 bit/s/Hz
[ 8645 ms] [UE 30556] UL: SNR = 63.50 dB | SE = 20.778 bit/s/Hz
[ 8645 ms] [UE 20945] UL: SNR = 52.50 dB | SE = 17.179 bit/s/Hz
[ 8653 ms] [UE 45898] UL: SNR = 63.50 dB | SE = 20.778 bit/s/Hz
[ 8653 ms] [UE 36997] UL: SNR = 63.50 dB | SE = 20.778 bit/s/Hz
[ 8653 ms] [UE 48787] UL: SNR = 63.50 dB | SE = 20.778 bit/s/Hz
[ 8653 ms] [UE 40252] UL: SNR = 56.00 dB | SE = 18.324 bit/s/Hz
[ 8653 ms] [UE 15599] UL: SNR = 52.50 dB | SE = 17.179 bit/s/Hz
[ 8755 ms] [UE 33952] UL: SNR = 6.50 dB | SE = 2.414 bit/s/Hz
[ 8755 ms] [UE 12169] UL: SNR = 63.50 dB | SE = 20.778 bit/s/Hz
[ 8755 ms] [UE 22873] UL: SNR = 63.50 dB | SE = 20.778 bit/s/Hz
[ 8755 ms] [UE 30556] UL: SNR = 63.50 dB | SE = 20.778 bit/s/Hz
[ 8755 ms] [UE 20945] UL: SNR = 52.50 dB | SE = 17.179 bit/s/Hz
[ 8763 ms] [UE 45898] UL: SNR = 63.50 dB | SE = 20.778 bit/s/Hz
[ 8763 ms] [UE 36997] UL: SNR = 63.50 dB | SE = 20.778 bit/s/Hz
[ 8763 ms] [UE 48787] UL: SNR = 63.50 dB | SE = 20.778 bit/s/Hz
[ 8763 ms] [UE 40252] UL: SNR = 56.00 dB | SE = 18.324 bit/s/Hz
[ 8763 ms] [UE 15599] UL: SNR = 52.50 dB | SE = 17.179 bit/s/Hz
[ 8856 ms] [UE 33952] UL: SNR = 6.50 dB | SE = 2.414 bit/s/Hz
[ 8856 ms] [UE 12169] UL: SNR = 63.50 dB | SE = 20.778 bit/s/Hz
[ 8856 ms] [UE 22873] UL: SNR = 63.50 dB | SE = 20.778 bit/s/Hz
[ 8856 ms] [UE 30556] UL: SNR = 63.50 dB | SE = 20.778 bit/s/Hz
[ 8856 ms] [UE 20945] UL: SNR = 52.50 dB | SE = 17.179 bit/s/Hz
[ 8863 ms] [UE 45898] UL: SNR = 63.50 dB | SE = 20.778 bit/s/Hz
[ 8863 ms] [UE 36997] UL: SNR = 63.50 dB | SE = 20.778 bit/s/Hz
[ 8863 ms] [UE 48787] UL: SNR = 63.50 dB | SE = 20.778 bit/s/Hz
[ 8863 ms] [UE 40252] UL: SNR = 56.00 dB | SE = 18.324 bit/s/Hz
[ 8863 ms] [UE 15599] UL: SNR = 52.50 dB | SE = 17.179 bit/s/Hz
[ 8964 ms] [UE 45898] UL: SNR = 63.50 dB | SE = 20.778 bit/s/Hz
[ 8964 ms] [UE 36997] UL: SNR = 63.50 dB | SE = 20.778 bit/s/Hz
[ 8964 ms] [UE 48787] UL: SNR = 63.50 dB | SE = 20.778 bit/s/Hz
[ 8964 ms] [UE 40252] UL: SNR = 56.00 dB | SE = 18.324 bit/s/Hz
[ 8964 ms] [UE 15599] UL: SNR = 52.50 dB | SE = 17.179 bit/s/Hz
[ 8966 ms] [UE 33952] UL: SNR = 63.50 dB | SE = 20.778 bit/s/Hz
[ 8966 ms] [UE 12169] UL: SNR = 63.50 dB | SE = 20.778 bit/s/Hz
[ 8966 ms] [UE 22873] UL: SNR = 63.50 dB | SE = 20.778 bit/s/Hz
[ 8966 ms] [UE 30556] UL: SNR = 63.50 dB | SE = 20.778 bit/s/Hz
[ 8966 ms] [UE 20945] UL: SNR = 52.50 dB | SE = 17.179 bit/s/Hz
[ 9073 ms] [UE 45898] UL: SNR = 63.50 dB | SE = 20.778 bit/s/Hz
[ 9073 ms] [UE 36997] UL: SNR = 63.50 dB | SE = 20.778 bit/s/Hz
[ 9073 ms] [UE 48787] UL: SNR = 63.50 dB | SE = 20.778 bit/s/Hz
[ 9073 ms] [UE 40252] UL: SNR = 56.00 dB | SE = 18.324 bit/s/Hz
[ 9073 ms] [UE 15599] UL: SNR = 52.50 dB | SE = 17.179 bit/s/Hz
[ 9076 ms] [UE 33952] UL: SNR = 63.50 dB | SE = 20.778 bit/s/Hz
[ 9076 ms] [UE 12169] UL: SNR = 63.50 dB | SE = 20.778 bit/s/Hz
[ 9076 ms] [UE 22873] UL: SNR = 63.50 dB | SE = 20.778 bit/s/Hz
[ 9076 ms] [UE 30556] UL: SNR = 63.50 dB | SE = 20.778 bit/s/Hz
[ 9076 ms] [UE 20945] UL: SNR = 52.50 dB | SE = 17.179 bit/s/Hz
[ 9183 ms] [UE 45898] UL: SNR = 63.50 dB | SE = 20.778 bit/s/Hz
[ 9183 ms] [UE 36997] UL: SNR = 63.50 dB | SE = 20.778 bit/s/Hz
[ 9183 ms] [UE 48787] UL: SNR = 63.50 dB | SE = 20.778 bit/s/Hz
[ 9183 ms] [UE 40252] UL: SNR = 56.00 dB | SE = 18.324 bit/s/Hz
[ 9183 ms] [UE 15599] UL: SNR = 52.50 dB | SE = 17.179 bit/s/Hz
[ 9185 ms] [UE 33952] UL: SNR = 63.50 dB | SE = 20.778 bit/s/Hz
[ 9185 ms] [UE 12169] UL: SNR = 63.50 dB | SE = 20.778 bit/s/Hz
[ 9185 ms] [UE 22873] UL: SNR = 63.50 dB | SE = 20.778 bit/s/Hz
[ 9185 ms] [UE 30556] UL: SNR = 63.50 dB | SE = 20.778 bit/s/Hz
[ 9185 ms] [UE 20945] UL: SNR = 52.50 dB | SE = 17.179 bit/s/Hz
[ 9285 ms] [UE 33952] UL: SNR = 63.50 dB | SE = 20.778 bit/s/Hz
[ 9285 ms] [UE 12169] UL: SNR = 63.50 dB | SE = 20.778 bit/s/Hz
[ 9285 ms] [UE 22873] UL: SNR = 63.50 dB | SE = 20.778 bit/s/Hz
[ 9285 ms] [UE 30556] UL: SNR = 63.50 dB | SE = 20.778 bit/s/Hz
[ 9285 ms] [UE 20945] UL: SNR = 52.50 dB | SE = 17.179 bit/s/Hz
[ 9292 ms] [UE 45898] UL: SNR = 63.50 dB | SE = 20.778 bit/s/Hz
[ 9292 ms] [UE 36997] UL: SNR = 63.50 dB | SE = 20.778 bit/s/Hz
[ 9292 ms] [UE 48787] UL: SNR = 63.50 dB | SE = 20.778 bit/s/Hz
[ 9292 ms] [UE 40252] UL: SNR = 56.00 dB | SE = 18.324 bit/s/Hz
[ 9292 ms] [UE 15599] UL: SNR = 52.50 dB | SE = 17.179 bit/s/Hz
[ 9386 ms] [UE 33952] UL: SNR = 63.50 dB | SE = 20.778 bit/s/Hz
[ 9386 ms] [UE 12169] UL: SNR = 63.50 dB | SE = 20.778 bit/s/Hz
[ 9386 ms] [UE 22873] UL: SNR = 63.50 dB | SE = 20.778 bit/s/Hz
[ 9386 ms] [UE 30556] UL: SNR = 63.50 dB | SE = 20.778 bit/s/Hz
[ 9386 ms] [UE 20945] UL: SNR = 52.50 dB | SE = 17.179 bit/s/Hz
[ 9393 ms] [UE 45898] UL: SNR = 63.50 dB | SE = 20.778 bit/s/Hz
[ 9393 ms] [UE 36997] UL: SNR = 63.50 dB | SE = 20.778 bit/s/Hz
[ 9393 ms] [UE 48787] UL: SNR = 63.50 dB | SE = 20.778 bit/s/Hz
[ 9393 ms] [UE 40252] UL: SNR = 56.00 dB | SE = 18.324 bit/s/Hz
[ 9393 ms] [UE 15599] UL: SNR = 52.50 dB | SE = 17.179 bit/s/Hz
[ 9495 ms] [UE 33952] UL: SNR = 63.50 dB | SE = 20.778 bit/s/Hz
[ 9495 ms] [UE 12169] UL: SNR = 63.50 dB | SE = 20.778 bit/s/Hz
[ 9495 ms] [UE 22873] UL: SNR = 63.50 dB | SE = 20.778 bit/s/Hz
[ 9495 ms] [UE 30556] UL: SNR = 63.50 dB | SE = 20.778 bit/s/Hz
[ 9495 ms] [UE 20945] UL: SNR = 52.50 dB | SE = 17.179 bit/s/Hz
[ 9503 ms] [UE 45898] UL: SNR = 63.50 dB | SE = 20.778 bit/s/Hz
[ 9503 ms] [UE 36997] UL: SNR = 63.50 dB | SE = 20.778 bit/s/Hz
[ 9503 ms] [UE 48787] UL: SNR = 63.50 dB | SE = 20.778 bit/s/Hz
[ 9503 ms] [UE 40252] UL: SNR = 56.00 dB | SE = 18.324 bit/s/Hz
[ 9503 ms] [UE 15599] UL: SNR = 52.50 dB | SE = 17.179 bit/s/Hz
[ 9596 ms] [UE 33952] UL: SNR = 63.50 dB | SE = 20.778 bit/s/Hz
[ 9596 ms] [UE 12169] UL: SNR = 63.50 dB | SE = 20.778 bit/s/Hz
[ 9596 ms] [UE 22873] UL: SNR = 63.50 dB | SE = 20.778 bit/s/Hz
[ 9596 ms] [UE 30556] UL: SNR = 63.50 dB | SE = 20.778 bit/s/Hz
[ 9596 ms] [UE 20945] UL: SNR = 52.50 dB | SE = 17.179 bit/s/Hz
[ 9603 ms] [UE 45898] UL: SNR = 63.50 dB | SE = 20.778 bit/s/Hz
[ 9603 ms] [UE 36997] UL: SNR = 63.50 dB | SE = 20.778 bit/s/Hz
[ 9603 ms] [UE 48787] UL: SNR = 63.50 dB | SE = 20.778 bit/s/Hz
[ 9603 ms] [UE 40252] UL: SNR = 56.00 dB | SE = 18.324 bit/s/Hz
[ 9603 ms] [UE 15599] UL: SNR = 52.50 dB | SE = 17.179 bit/s/Hz
[ 9696 ms] [UE 33952] UL: SNR = 63.50 dB | SE = 20.778 bit/s/Hz
[ 9696 ms] [UE 12169] UL: SNR = 63.50 dB | SE = 20.778 bit/s/Hz
[ 9696 ms] [UE 22873] UL: SNR = 63.50 dB | SE = 20.778 bit/s/Hz
[ 9696 ms] [UE 30556] UL: SNR = 63.50 dB | SE = 20.778 bit/s/Hz
[ 9696 ms] [UE 20945] UL: SNR = 52.50 dB | SE = 17.179 bit/s/Hz
[ 9703 ms] [UE 45898] UL: SNR = 63.50 dB | SE = 20.778 bit/s/Hz
[ 9703 ms] [UE 36997] UL: SNR = 63.50 dB | SE = 20.778 bit/s/Hz
[ 9703 ms] [UE 48787] UL: SNR = 63.50 dB | SE = 20.778 bit/s/Hz
[ 9703 ms] [UE 40252] UL: SNR = 56.00 dB | SE = 18.324 bit/s/Hz
[ 9703 ms] [UE 15599] UL: SNR = 52.50 dB | SE = 17.179 bit/s/Hz
[ 9805 ms] [UE 33952] UL: SNR = 63.50 dB | SE = 20.778 bit/s/Hz
[ 9805 ms] [UE 12169] UL: SNR = 63.50 dB | SE = 20.778 bit/s/Hz
[ 9805 ms] [UE 22873] UL: SNR = 63.50 dB | SE = 20.778 bit/s/Hz
[ 9805 ms] [UE 30556] UL: SNR = 63.50 dB | SE = 20.778 bit/s/Hz
[ 9805 ms] [UE 20945] UL: SNR = 52.50 dB | SE = 17.179 bit/s/Hz
[ 9813 ms] [UE 45898] UL: SNR = 63.50 dB | SE = 20.778 bit/s/Hz
[ 9813 ms] [UE 36997] UL: SNR = 63.50 dB | SE = 20.778 bit/s/Hz
[ 9813 ms] [UE 48787] UL: SNR = 63.50 dB | SE = 20.778 bit/s/Hz
[ 9813 ms] [UE 40252] UL: SNR = 56.00 dB | SE = 18.324 bit/s/Hz
[ 9813 ms] [UE 15599] UL: SNR = 52.50 dB | SE = 17.179 bit/s/Hz
[ 9905 ms] [UE 33952] UL: SNR = 63.50 dB | SE = 20.778 bit/s/Hz
[ 9905 ms] [UE 12169] UL: SNR = 63.50 dB | SE = 20.778 bit/s/Hz
[ 9905 ms] [UE 22873] UL: SNR = 63.50 dB | SE = 20.778 bit/s/Hz
[ 9905 ms] [UE 30556] UL: SNR = 63.50 dB | SE = 20.778 bit/s/Hz
[ 9905 ms] [UE 20945] UL: SNR = 52.50 dB | SE = 17.179 bit/s/Hz
[ 9913 ms] [UE 45898] UL: SNR = 63.50 dB | SE = 20.778 bit/s/Hz
[ 9913 ms] [UE 36997] UL: SNR = 63.50 dB | SE = 20.778 bit/s/Hz
[ 9913 ms] [UE 48787] UL: SNR = 63.50 dB | SE = 20.778 bit/s/Hz
[ 9913 ms] [UE 40252] UL: SNR = 56.00 dB | SE = 18.324 bit/s/Hz
[ 9913 ms] [UE 15599] UL: SNR = 52.50 dB | SE = 17.179 bit/s/Hz
[10005 ms] [UE 33952] UL: SNR = 63.50 dB | SE = 20.778 bit/s/Hz
[10005 ms] [UE 12169] UL: SNR = 63.50 dB | SE = 20.778 bit/s/Hz
[10005 ms] [UE 22873] UL: SNR = 63.50 dB | SE = 20.778 bit/s/Hz
[10005 ms] [UE 30556] UL: SNR = 63.50 dB | SE = 20.778 bit/s/Hz
[10005 ms] [UE 20945] UL: SNR = 52.50 dB | SE = 17.179 bit/s/Hz
[10023 ms] [UE 45898] UL: SNR = 63.50 dB | SE = 20.778 bit/s/Hz
[10023 ms] [UE 36997] UL: SNR = 63.50 dB | SE = 20.778 bit/s/Hz
[10023 ms] [UE 48787] UL: SNR = 63.50 dB | SE = 20.778 bit/s/Hz
[10023 ms] [UE 40252] UL: SNR = 56.00 dB | SE = 18.324 bit/s/Hz
[10023 ms] [UE 15599] UL: SNR = 52.50 dB | SE = 17.179 bit/s/Hz
[10106 ms] [UE 33952] UL: SNR = 63.50 dB | SE = 20.778 bit/s/Hz
[10106 ms] [UE 12169] UL: SNR = 63.50 dB | SE = 20.778 bit/s/Hz
[10106 ms] [UE 22873] UL: SNR = 63.50 dB | SE = 20.778 bit/s/Hz
[10106 ms] [UE 30556] UL: SNR = 63.50 dB | SE = 20.778 bit/s/Hz
[10106 ms] [UE 20945] UL: SNR = 52.50 dB | SE = 17.179 bit/s/Hz
[10133 ms] [UE 45898] UL: SNR = 63.50 dB | SE = 20.778 bit/s/Hz
[10133 ms] [UE 36997] UL: SNR = 63.50 dB | SE = 20.778 bit/s/Hz
[10133 ms] [UE 48787] UL: SNR = 63.50 dB | SE = 20.778 bit/s/Hz
[10133 ms] [UE 40252] UL: SNR = 56.00 dB | SE = 18.324 bit/s/Hz
[10133 ms] [UE 15599] UL: SNR = 52.50 dB | SE = 17.179 bit/s/Hz
[10215 ms] [UE 33952] UL: SNR = 63.50 dB | SE = 20.778 bit/s/Hz
[10215 ms] [UE 12169] UL: SNR = 63.50 dB | SE = 20.778 bit/s/Hz
[10215 ms] [UE 22873] UL: SNR = 63.50 dB | SE = 20.778 bit/s/Hz
[10215 ms] [UE 30556] UL: SNR = 63.50 dB | SE = 20.778 bit/s/Hz
[10215 ms] [UE 20945] UL: SNR = 52.50 dB | SE = 17.179 bit/s/Hz
[10233 ms] [UE 45898] UL: SNR = 63.50 dB | SE = 20.778 bit/s/Hz
[10233 ms] [UE 36997] UL: SNR = 63.50 dB | SE = 20.778 bit/s/Hz
[10233 ms] [UE 48787] UL: SNR = 63.50 dB | SE = 20.778 bit/s/Hz
[10233 ms] [UE 40252] UL: SNR = 56.00 dB | SE = 18.324 bit/s/Hz
[10233 ms] [UE 15599] UL: SNR = 52.50 dB | SE = 17.179 bit/s/Hz
[10315 ms] [UE 33952] UL: SNR = 63.50 dB | SE = 20.778 bit/s/Hz
[10315 ms] [UE 12169] UL: SNR = 63.50 dB | SE = 20.778 bit/s/Hz
[10315 ms] [UE 22873] UL: SNR = 63.50 dB | SE = 20.778 bit/s/Hz
[10315 ms] [UE 30556] UL: SNR = 63.50 dB | SE = 20.778 bit/s/Hz
[10315 ms] [UE 20945] UL: SNR = 52.50 dB | SE = 17.179 bit/s/Hz
[10343 ms] [UE 45898] UL: SNR = 63.50 dB | SE = 20.778 bit/s/Hz
[10343 ms] [UE 36997] UL: SNR = 63.50 dB | SE = 20.778 bit/s/Hz
[10343 ms] [UE 48787] UL: SNR = 63.50 dB | SE = 20.778 bit/s/Hz
[10343 ms] [UE 40252] UL: SNR = 56.00 dB | SE = 18.324 bit/s/Hz
[10343 ms] [UE 15599] UL: SNR = 52.50 dB | SE = 17.179 bit/s/Hz
[10416 ms] [UE 33952] UL: SNR = 63.50 dB | SE = 20.778 bit/s/Hz
[10416 ms] [UE 12169] UL: SNR = 63.50 dB | SE = 20.778 bit/s/Hz
[10416 ms] [UE 22873] UL: SNR = 63.50 dB | SE = 20.778 bit/s/Hz
[10416 ms] [UE 30556] UL: SNR = 53.50 dB | SE = 17.506 bit/s/Hz
[10416 ms] [UE 20945] UL: SNR = 52.50 dB | SE = 17.179 bit/s/Hz
[10443 ms] [UE 45898] UL: SNR = 63.50 dB | SE = 20.778 bit/s/Hz
[10443 ms] [UE 36997] UL: SNR = 63.50 dB | SE = 20.778 bit/s/Hz
[10443 ms] [UE 48787] UL: SNR = 63.50 dB | SE = 20.778 bit/s/Hz
[10443 ms] [UE 40252] UL: SNR = 56.00 dB | SE = 18.324 bit/s/Hz
[10443 ms] [UE 15599] UL: SNR = 52.50 dB | SE = 17.179 bit/s/Hz
[10517 ms] [UE 33952] UL: SNR = 63.50 dB | SE = 20.778 bit/s/Hz
[10517 ms] [UE 12169] UL: SNR = 63.50 dB | SE = 20.778 bit/s/Hz
[10517 ms] [UE 22873] UL: SNR = 63.50 dB | SE = 20.778 bit/s/Hz
[10517 ms] [UE 30556] UL: SNR = 53.50 dB | SE = 17.506 bit/s/Hz
[10517 ms] [UE 20945] UL: SNR = 52.50 dB | SE = 17.179 bit/s/Hz
[10553 ms] [UE 45898] UL: SNR = 63.50 dB | SE = 20.778 bit/s/Hz
[10553 ms] [UE 36997] UL: SNR = 63.50 dB | SE = 20.778 bit/s/Hz
[10553 ms] [UE 48787] UL: SNR = 63.50 dB | SE = 20.778 bit/s/Hz
[10553 ms] [UE 40252] UL: SNR = 56.00 dB | SE = 18.324 bit/s/Hz
[10553 ms] [UE 15599] UL: SNR = 52.50 dB | SE = 17.179 bit/s/Hz
[10626 ms] [UE 33952] UL: SNR = 6.50 dB | SE = 2.414 bit/s/Hz
[10626 ms] [UE 12169] UL: SNR = 63.50 dB | SE = 20.778 bit/s/Hz
[10626 ms] [UE 22873] UL: SNR = 63.50 dB | SE = 20.778 bit/s/Hz
[10626 ms] [UE 30556] UL: SNR = 53.50 dB | SE = 17.506 bit/s/Hz
[10626 ms] [UE 20945] UL: SNR = 52.50 dB | SE = 17.179 bit/s/Hz
[10663 ms] [UE 45898] UL: SNR = 63.50 dB | SE = 20.778 bit/s/Hz
[10663 ms] [UE 36997] UL: SNR = 63.50 dB | SE = 20.778 bit/s/Hz
[10663 ms] [UE 48787] UL: SNR = 63.50 dB | SE = 20.778 bit/s/Hz
[10663 ms] [UE 40252] UL: SNR = 56.00 dB | SE = 18.324 bit/s/Hz
[10663 ms] [UE 15599] UL: SNR = 52.50 dB | SE = 17.179 bit/s/Hz
[10736 ms] [UE 33952] UL: SNR = 6.50 dB | SE = 2.414 bit/s/Hz
[10736 ms] [UE 12169] UL: SNR = 63.50 dB | SE = 20.778 bit/s/Hz
[10736 ms] [UE 22873] UL: SNR = 63.50 dB | SE = 20.778 bit/s/Hz
[10736 ms] [UE 30556] UL: SNR = 53.50 dB | SE = 17.506 bit/s/Hz
[10736 ms] [UE 20945] UL: SNR = 52.50 dB | SE = 17.179 bit/s/Hz
[10763 ms] [UE 45898] UL: SNR = 63.50 dB | SE = 20.778 bit/s/Hz
[10763 ms] [UE 36997] UL: SNR = 63.50 dB | SE = 20.778 bit/s/Hz
[10763 ms] [UE 48787] UL: SNR = 63.50 dB | SE = 20.778 bit/s/Hz
[10763 ms] [UE 40252] UL: SNR = 56.00 dB | SE = 18.324 bit/s/Hz
[10763 ms] [UE 15599] UL: SNR = 52.50 dB | SE = 17.179 bit/s/Hz
[10846 ms] [UE 33952] UL: SNR = 6.50 dB | SE = 2.414 bit/s/Hz
[10846 ms] [UE 12169] UL: SNR = 63.50 dB | SE = 20.778 bit/s/Hz
[10846 ms] [UE 22873] UL: SNR = 63.50 dB | SE = 20.778 bit/s/Hz
[10846 ms] [UE 30556] UL: SNR = 53.50 dB | SE = 17.506 bit/s/Hz
[10846 ms] [UE 20945] UL: SNR = 52.50 dB | SE = 17.179 bit/s/Hz
[10863 ms] [UE 45898] UL: SNR = 63.50 dB | SE = 20.778 bit/s/Hz
[10863 ms] [UE 36997] UL: SNR = 63.50 dB | SE = 20.778 bit/s/Hz
[10863 ms] [UE 48787] UL: SNR = 63.50 dB | SE = 20.778 bit/s/Hz
[10863 ms] [UE 40252] UL: SNR = 56.00 dB | SE = 18.324 bit/s/Hz
[10863 ms] [UE 15599] UL: SNR = 52.50 dB | SE = 17.179 bit/s/Hz
[10955 ms] [UE 33952] UL: SNR = 6.50 dB | SE = 2.414 bit/s/Hz
[10955 ms] [UE 12169] UL: SNR = 63.50 dB | SE = 20.778 bit/s/Hz
[10955 ms] [UE 22873] UL: SNR = 63.50 dB | SE = 20.778 bit/s/Hz
[10955 ms] [UE 30556] UL: SNR = 53.50 dB | SE = 17.506 bit/s/Hz
[10955 ms] [UE 20945] UL: SNR = 52.50 dB | SE = 17.179 bit/s/Hz
[10972 ms] [UE 45898] UL: SNR = 63.50 dB | SE = 20.778 bit/s/Hz
[10972 ms] [UE 36997] UL: SNR = 63.50 dB | SE = 20.778 bit/s/Hz
[10972 ms] [UE 48787] UL: SNR = 63.50 dB | SE = 20.778 bit/s/Hz
[10972 ms] [UE 40252] UL: SNR = 56.00 dB | SE = 18.324 bit/s/Hz
[10972 ms] [UE 15599] UL: SNR = 52.50 dB | SE = 17.179 bit/s/Hz
[11056 ms] [UE 33952] UL: SNR = 6.50 dB | SE = 2.414 bit/s/Hz
[11056 ms] [UE 12169] UL: SNR = 63.50 dB | SE = 20.778 bit/s/Hz
[11056 ms] [UE 22873] UL: SNR = 63.50 dB | SE = 20.778 bit/s/Hz
[11056 ms] [UE 30556] UL: SNR = 63.50 dB | SE = 20.778 bit/s/Hz
[11056 ms] [UE 20945] UL: SNR = 52.50 dB | SE = 17.179 bit/s/Hz
[11073 ms] [UE 45898] UL: SNR = 63.50 dB | SE = 20.778 bit/s/Hz
[11073 ms] [UE 36997] UL: SNR = 63.50 dB | SE = 20.778 bit/s/Hz
[11073 ms] [UE 48787] UL: SNR = 63.50 dB | SE = 20.778 bit/s/Hz
[11073 ms] [UE 40252] UL: SNR = 56.00 dB | SE = 18.324 bit/s/Hz
[11073 ms] [UE 15599] UL: SNR = 52.50 dB | SE = 17.179 bit/s/Hz
[11165 ms] [UE 33952] UL: SNR = 6.50 dB | SE = 2.414 bit/s/Hz
[11165 ms] [UE 12169] UL: SNR = 63.50 dB | SE = 20.778 bit/s/Hz
[11165 ms] [UE 22873] UL: SNR = 63.50 dB | SE = 20.778 bit/s/Hz
[11165 ms] [UE 30556] UL: SNR = 63.50 dB | SE = 20.778 bit/s/Hz
[11165 ms] [UE 20945] UL: SNR = 52.50 dB | SE = 17.179 bit/s/Hz
[11182 ms] [UE 45898] UL: SNR = 63.50 dB | SE = 20.778 bit/s/Hz
[11182 ms] [UE 36997] UL: SNR = 63.50 dB | SE = 20.778 bit/s/Hz
[11182 ms] [UE 48787] UL: SNR = 63.50 dB | SE = 20.778 bit/s/Hz
[11182 ms] [UE 40252] UL: SNR = 56.00 dB | SE = 18.324 bit/s/Hz
[11182 ms] [UE 15599] UL: SNR = 52.50 dB | SE = 17.179 bit/s/Hz
[11265 ms] [UE 33952] UL: SNR = 6.50 dB | SE = 2.414 bit/s/Hz
[11265 ms] [UE 12169] UL: SNR = 63.50 dB | SE = 20.778 bit/s/Hz
[11265 ms] [UE 22873] UL: SNR = 63.50 dB | SE = 20.778 bit/s/Hz
[11265 ms] [UE 30556] UL: SNR = 63.50 dB | SE = 20.778 bit/s/Hz
[11265 ms] [UE 20945] UL: SNR = 52.50 dB | SE = 17.179 bit/s/Hz
[11283 ms] [UE 45898] UL: SNR = 63.50 dB | SE = 20.778 bit/s/Hz
[11283 ms] [UE 36997] UL: SNR = 63.50 dB | SE = 20.778 bit/s/Hz
[11283 ms] [UE 48787] UL: SNR = 63.50 dB | SE = 20.778 bit/s/Hz
[11283 ms] [UE 40252] UL: SNR = 56.00 dB | SE = 18.324 bit/s/Hz
[11283 ms] [UE 15599] UL: SNR = 52.50 dB | SE = 17.179 bit/s/Hz
[11376 ms] [UE 33952] UL: SNR = 6.50 dB | SE = 2.414 bit/s/Hz
[11376 ms] [UE 12169] UL: SNR = 63.50 dB | SE = 20.778 bit/s/Hz
[11376 ms] [UE 22873] UL: SNR = 63.50 dB | SE = 20.778 bit/s/Hz
[11376 ms] [UE 30556] UL: SNR = 63.50 dB | SE = 20.778 bit/s/Hz
[11376 ms] [UE 20945] UL: SNR = 52.50 dB | SE = 17.179 bit/s/Hz
[11383 ms] [UE 45898] UL: SNR = 63.50 dB | SE = 20.778 bit/s/Hz
[11383 ms] [UE 36997] UL: SNR = 63.50 dB | SE = 20.778 bit/s/Hz
[11383 ms] [UE 48787] UL: SNR = 63.50 dB | SE = 20.778 bit/s/Hz
[11383 ms] [UE 40252] UL: SNR = 56.00 dB | SE = 18.324 bit/s/Hz
[11383 ms] [UE 15599] UL: SNR = 52.50 dB | SE = 17.179 bit/s/Hz
[11483 ms] [UE 45898] UL: SNR = 63.50 dB | SE = 20.778 bit/s/Hz
[11483 ms] [UE 36997] UL: SNR = 63.50 dB | SE = 20.778 bit/s/Hz
[11483 ms] [UE 48787] UL: SNR = 63.50 dB | SE = 20.778 bit/s/Hz
[11483 ms] [UE 40252] UL: SNR = 56.00 dB | SE = 18.324 bit/s/Hz
[11483 ms] [UE 15599] UL: SNR = 52.50 dB | SE = 17.179 bit/s/Hz
[11486 ms] [UE 33952] UL: SNR = 6.50 dB | SE = 2.414 bit/s/Hz
[11486 ms] [UE 12169] UL: SNR = 63.50 dB | SE = 20.778 bit/s/Hz
[11486 ms] [UE 22873] UL: SNR = 63.50 dB | SE = 20.778 bit/s/Hz
[11486 ms] [UE 30556] UL: SNR = 63.50 dB | SE = 20.778 bit/s/Hz
[11486 ms] [UE 20945] UL: SNR = 52.50 dB | SE = 17.179 bit/s/Hz
[11593 ms] [UE 45898] UL: SNR = 63.50 dB | SE = 20.778 bit/s/Hz
[11593 ms] [UE 36997] UL: SNR = 63.50 dB | SE = 20.778 bit/s/Hz
[11593 ms] [UE 48787] UL: SNR = 63.50 dB | SE = 20.778 bit/s/Hz
[11593 ms] [UE 40252] UL: SNR = 56.00 dB | SE = 18.324 bit/s/Hz
[11593 ms] [UE 15599] UL: SNR = 52.50 dB | SE = 17.179 bit/s/Hz
[11595 ms] [UE 33952] UL: SNR = 6.50 dB | SE = 2.414 bit/s/Hz
[11595 ms] [UE 12169] UL: SNR = 63.50 dB | SE = 20.778 bit/s/Hz
[11595 ms] [UE 22873] UL: SNR = 63.50 dB | SE = 20.778 bit/s/Hz
[11595 ms] [UE 30556] UL: SNR = 63.50 dB | SE = 20.778 bit/s/Hz
[11595 ms] [UE 20945] UL: SNR = 52.50 dB | SE = 17.179 bit/s/Hz
[11693 ms] [UE 45898] UL: SNR = 63.50 dB | SE = 20.778 bit/s/Hz
[11693 ms] [UE 36997] UL: SNR = 63.50 dB | SE = 20.778 bit/s/Hz
[11693 ms] [UE 48787] UL: SNR = 63.50 dB | SE = 20.778 bit/s/Hz
[11693 ms] [UE 40252] UL: SNR = 56.00 dB | SE = 18.324 bit/s/Hz
[11693 ms] [UE 15599] UL: SNR = 52.50 dB | SE = 17.179 bit/s/Hz
[11695 ms] [UE 33952] UL: SNR = 6.50 dB | SE = 2.414 bit/s/Hz
[11695 ms] [UE 12169] UL: SNR = 63.50 dB | SE = 20.778 bit/s/Hz
[11695 ms] [UE 22873] UL: SNR = 63.50 dB | SE = 20.778 bit/s/Hz
[11695 ms] [UE 30556] UL: SNR = 63.50 dB | SE = 20.778 bit/s/Hz
[11695 ms] [UE 20945] UL: SNR = 52.50 dB | SE = 17.179 bit/s/Hz
[11803 ms] [UE 45898] UL: SNR = 63.50 dB | SE = 20.778 bit/s/Hz
[11803 ms] [UE 36997] UL: SNR = 63.50 dB | SE = 20.778 bit/s/Hz
[11803 ms] [UE 48787] UL: SNR = 63.50 dB | SE = 20.778 bit/s/Hz
[11803 ms] [UE 40252] UL: SNR = 56.00 dB | SE = 18.324 bit/s/Hz
[11803 ms] [UE 15599] UL: SNR = 52.50 dB | SE = 17.179 bit/s/Hz
[11805 ms] [UE 33952] UL: SNR = 6.50 dB | SE = 2.414 bit/s/Hz
[11805 ms] [UE 12169] UL: SNR = 63.50 dB | SE = 20.778 bit/s/Hz
[11805 ms] [UE 22873] UL: SNR = 63.50 dB | SE = 20.778 bit/s/Hz
[11805 ms] [UE 30556] UL: SNR = 63.50 dB | SE = 20.778 bit/s/Hz
[11805 ms] [UE 20945] UL: SNR = 52.50 dB | SE = 17.179 bit/s/Hz
[11913 ms] [UE 45898] UL: SNR = 63.50 dB | SE = 20.778 bit/s/Hz
[11913 ms] [UE 36997] UL: SNR = 63.50 dB | SE = 20.778 bit/s/Hz
[11913 ms] [UE 48787] UL: SNR = 63.50 dB | SE = 20.778 bit/s/Hz
[11913 ms] [UE 40252] UL: SNR = 56.00 dB | SE = 18.324 bit/s/Hz
[11913 ms] [UE 15599] UL: SNR = 52.50 dB | SE = 17.179 bit/s/Hz
[11915 ms] [UE 33952] UL: SNR = 6.50 dB | SE = 2.414 bit/s/Hz
[11915 ms] [UE 12169] UL: SNR = 63.50 dB | SE = 20.778 bit/s/Hz
[11915 ms] [UE 22873] UL: SNR = 63.50 dB | SE = 20.778 bit/s/Hz
[11915 ms] [UE 30556] UL: SNR = 63.50 dB | SE = 20.778 bit/s/Hz
[11915 ms] [UE 20945] UL: SNR = 52.50 dB | SE = 17.179 bit/s/Hz
[12013 ms] [UE 45898] UL: SNR = 63.50 dB | SE = 20.778 bit/s/Hz
[12013 ms] [UE 36997] UL: SNR = 63.50 dB | SE = 20.778 bit/s/Hz
[12013 ms] [UE 48787] UL: SNR = 63.50 dB | SE = 20.778 bit/s/Hz
[12013 ms] [UE 40252] UL: SNR = 56.00 dB | SE = 18.324 bit/s/Hz
[12013 ms] [UE 15599] UL: SNR = 52.50 dB | SE = 17.179 bit/s/Hz
[12016 ms] [UE 33952] UL: SNR = 6.50 dB | SE = 2.414 bit/s/Hz
[12016 ms] [UE 12169] UL: SNR = 63.50 dB | SE = 20.778 bit/s/Hz
[12016 ms] [UE 22873] UL: SNR = 63.50 dB | SE = 20.778 bit/s/Hz
[12016 ms] [UE 30556] UL: SNR = 63.50 dB | SE = 20.778 bit/s/Hz
[12016 ms] [UE 20945] UL: SNR = 52.50 dB | SE = 17.179 bit/s/Hz
[12123 ms] [UE 45898] UL: SNR = 63.50 dB | SE = 20.778 bit/s/Hz
[12123 ms] [UE 36997] UL: SNR = 63.50 dB | SE = 20.778 bit/s/Hz
[12123 ms] [UE 48787] UL: SNR = 63.50 dB | SE = 20.778 bit/s/Hz
[12123 ms] [UE 40252] UL: SNR = 56.00 dB | SE = 18.324 bit/s/Hz
[12123 ms] [UE 15599] UL: SNR = 52.50 dB | SE = 17.179 bit/s/Hz
[12125 ms] [UE 33952] UL: SNR = 6.50 dB | SE = 2.414 bit/s/Hz
[12125 ms] [UE 12169] UL: SNR = 63.50 dB | SE = 20.778 bit/s/Hz
[12125 ms] [UE 22873] UL: SNR = 63.50 dB | SE = 20.778 bit/s/Hz
[12125 ms] [UE 30556] UL: SNR = 63.50 dB | SE = 20.778 bit/s/Hz
[12125 ms] [UE 20945] UL: SNR = 52.50 dB | SE = 17.179 bit/s/Hz
[12223 ms] [UE 45898] UL: SNR = 63.50 dB | SE = 20.778 bit/s/Hz
[12223 ms] [UE 36997] UL: SNR = 63.50 dB | SE = 20.778 bit/s/Hz
[12223 ms] [UE 48787] UL: SNR = 63.50 dB | SE = 20.778 bit/s/Hz
[12223 ms] [UE 40252] UL: SNR = 56.00 dB | SE = 18.324 bit/s/Hz
[12223 ms] [UE 15599] UL: SNR = 52.50 dB | SE = 17.179 bit/s/Hz
[12226 ms] [UE 33952] UL: SNR = 6.50 dB | SE = 2.414 bit/s/Hz
[12226 ms] [UE 12169] UL: SNR = 63.50 dB | SE = 20.778 bit/s/Hz
[12226 ms] [UE 22873] UL: SNR = 63.50 dB | SE = 20.778 bit/s/Hz
[12226 ms] [UE 30556] UL: SNR = 63.50 dB | SE = 20.778 bit/s/Hz
[12226 ms] [UE 20945] UL: SNR = 52.50 dB | SE = 17.179 bit/s/Hz
[12333 ms] [UE 45898] UL: SNR = 63.50 dB | SE = 20.778 bit/s/Hz
[12333 ms] [UE 36997] UL: SNR = 63.50 dB | SE = 20.778 bit/s/Hz
[12333 ms] [UE 48787] UL: SNR = 63.50 dB | SE = 20.778 bit/s/Hz
[12333 ms] [UE 40252] UL: SNR = 56.00 dB | SE = 18.324 bit/s/Hz
[12333 ms] [UE 15599] UL: SNR = 52.50 dB | SE = 17.179 bit/s/Hz
[12335 ms] [UE 33952] UL: SNR = 6.50 dB | SE = 2.414 bit/s/Hz
[12335 ms] [UE 12169] UL: SNR = 63.50 dB | SE = 20.778 bit/s/Hz
[12335 ms] [UE 22873] UL: SNR = 63.50 dB | SE = 20.778 bit/s/Hz
[12335 ms] [UE 30556] UL: SNR = 63.50 dB | SE = 20.778 bit/s/Hz
[12335 ms] [UE 20945] UL: SNR = 52.50 dB | SE = 17.179 bit/s/Hz
[12433 ms] [UE 45898] UL: SNR = 63.50 dB | SE = 20.778 bit/s/Hz
[12433 ms] [UE 36997] UL: SNR = 63.50 dB | SE = 20.778 bit/s/Hz
[12433 ms] [UE 48787] UL: SNR = 63.50 dB | SE = 20.778 bit/s/Hz
[12433 ms] [UE 40252] UL: SNR = 56.00 dB | SE = 18.324 bit/s/Hz
[12433 ms] [UE 15599] UL: SNR = 52.50 dB | SE = 17.179 bit/s/Hz
[12435 ms] [UE 33952] UL: SNR = 6.50 dB | SE = 2.414 bit/s/Hz
[12435 ms] [UE 12169] UL: SNR = 63.50 dB | SE = 20.778 bit/s/Hz
[12435 ms] [UE 22873] UL: SNR = 63.50 dB | SE = 20.778 bit/s/Hz
[12435 ms] [UE 30556] UL: SNR = 63.50 dB | SE = 20.778 bit/s/Hz
[12435 ms] [UE 20945] UL: SNR = 52.50 dB | SE = 17.179 bit/s/Hz
[12543 ms] [UE 45898] UL: SNR = 63.50 dB | SE = 20.778 bit/s/Hz
[12543 ms] [UE 36997] UL: SNR = 63.50 dB | SE = 20.778 bit/s/Hz
[12543 ms] [UE 48787] UL: SNR = 63.50 dB | SE = 20.778 bit/s/Hz
[12543 ms] [UE 40252] UL: SNR = 56.00 dB | SE = 18.324 bit/s/Hz
[12543 ms] [UE 15599] UL: SNR = 52.50 dB | SE = 17.179 bit/s/Hz
[12546 ms] [UE 33952] UL: SNR = 6.50 dB | SE = 2.414 bit/s/Hz
[12546 ms] [UE 12169] UL: SNR = 63.50 dB | SE = 20.778 bit/s/Hz
[12546 ms] [UE 22873] UL: SNR = 63.50 dB | SE = 20.778 bit/s/Hz
[12546 ms] [UE 30556] UL: SNR = 63.50 dB | SE = 20.778 bit/s/Hz
[12546 ms] [UE 20945] UL: SNR = 52.50 dB | SE = 17.179 bit/s/Hz
[12643 ms] [UE 45898] UL: SNR = 63.50 dB | SE = 20.778 bit/s/Hz
[12643 ms] [UE 36997] UL: SNR = 63.50 dB | SE = 20.778 bit/s/Hz
[12643 ms] [UE 48787] UL: SNR = 63.50 dB | SE = 20.778 bit/s/Hz
[12643 ms] [UE 40252] UL: SNR = 56.00 dB | SE = 18.324 bit/s/Hz
[12643 ms] [UE 15599] UL: SNR = 52.50 dB | SE = 17.179 bit/s/Hz
[12656 ms] [UE 33952] UL: SNR = 6.50 dB | SE = 2.414 bit/s/Hz
[12656 ms] [UE 12169] UL: SNR = 63.50 dB | SE = 20.778 bit/s/Hz
[12656 ms] [UE 22873] UL: SNR = 63.50 dB | SE = 20.778 bit/s/Hz
[12656 ms] [UE 30556] UL: SNR = 63.50 dB | SE = 20.778 bit/s/Hz
[12656 ms] [UE 20945] UL: SNR = 52.50 dB | SE = 17.179 bit/s/Hz
[12753 ms] [UE 45898] UL: SNR = 63.50 dB | SE = 20.778 bit/s/Hz
[12753 ms] [UE 36997] UL: SNR = 63.50 dB | SE = 20.778 bit/s/Hz
[12753 ms] [UE 48787] UL: SNR = 63.50 dB | SE = 20.778 bit/s/Hz
[12753 ms] [UE 40252] UL: SNR = 56.00 dB | SE = 18.324 bit/s/Hz
[12753 ms] [UE 15599] UL: SNR = 52.50 dB | SE = 17.179 bit/s/Hz
[12765 ms] [UE 33952] UL: SNR = 6.50 dB | SE = 2.414 bit/s/Hz
[12765 ms] [UE 12169] UL: SNR = 63.50 dB | SE = 20.778 bit/s/Hz
[12765 ms] [UE 22873] UL: SNR = 63.50 dB | SE = 20.778 bit/s/Hz
[12765 ms] [UE 30556] UL: SNR = 63.50 dB | SE = 20.778 bit/s/Hz
[12765 ms] [UE 20945] UL: SNR = 52.50 dB | SE = 17.179 bit/s/Hz
[12863 ms] [UE 45898] UL: SNR = 63.50 dB | SE = 20.778 bit/s/Hz
[12863 ms] [UE 36997] UL: SNR = 63.50 dB | SE = 20.778 bit/s/Hz
[12863 ms] [UE 48787] UL: SNR = 63.50 dB | SE = 20.778 bit/s/Hz
[12863 ms] [UE 40252] UL: SNR = 56.00 dB | SE = 18.324 bit/s/Hz
[12863 ms] [UE 15599] UL: SNR = 52.50 dB | SE = 17.179 bit/s/Hz
[12866 ms] [UE 33952] UL: SNR = 6.50 dB | SE = 2.414 bit/s/Hz
[12866 ms] [UE 12169] UL: SNR = 63.50 dB | SE = 20.778 bit/s/Hz
[12866 ms] [UE 22873] UL: SNR = 63.50 dB | SE = 20.778 bit/s/Hz
[12866 ms] [UE 30556] UL: SNR = 63.50 dB | SE = 20.778 bit/s/Hz
[12866 ms] [UE 20945] UL: SNR = 52.50 dB | SE = 17.179 bit/s/Hz
[12963 ms] [UE 45898] UL: SNR = 63.50 dB | SE = 20.778 bit/s/Hz
[12963 ms] [UE 36997] UL: SNR = 63.50 dB | SE = 20.778 bit/s/Hz
[12963 ms] [UE 48787] UL: SNR = 63.50 dB | SE = 20.778 bit/s/Hz
[12963 ms] [UE 40252] UL: SNR = 56.00 dB | SE = 18.324 bit/s/Hz
[12963 ms] [UE 15599] UL: SNR = 52.50 dB | SE = 17.179 bit/s/Hz
[12975 ms] [UE 33952] UL: SNR = 6.50 dB | SE = 2.414 bit/s/Hz
[12975 ms] [UE 12169] UL: SNR = 63.50 dB | SE = 20.778 bit/s/Hz
[12975 ms] [UE 22873] UL: SNR = 63.50 dB | SE = 20.778 bit/s/Hz
[12975 ms] [UE 30556] UL: SNR = 63.50 dB | SE = 20.778 bit/s/Hz
[12975 ms] [UE 20945] UL: SNR = 52.50 dB | SE = 17.179 bit/s/Hz
[13072 ms] [UE 45898] UL: SNR = 63.50 dB | SE = 20.778 bit/s/Hz
[13072 ms] [UE 36997] UL: SNR = 63.50 dB | SE = 20.778 bit/s/Hz
[13072 ms] [UE 48787] UL: SNR = 63.50 dB | SE = 20.778 bit/s/Hz
[13072 ms] [UE 40252] UL: SNR = 56.00 dB | SE = 18.324 bit/s/Hz
[13072 ms] [UE 15599] UL: SNR = 52.50 dB | SE = 17.179 bit/s/Hz
[13086 ms] [UE 33952] UL: SNR = 6.50 dB | SE = 2.414 bit/s/Hz
[13086 ms] [UE 12169] UL: SNR = 63.50 dB | SE = 20.778 bit/s/Hz
[13086 ms] [UE 22873] UL: SNR = 63.50 dB | SE = 20.778 bit/s/Hz
[13086 ms] [UE 30556] UL: SNR = 63.50 dB | SE = 20.778 bit/s/Hz
[13086 ms] [UE 20945] UL: SNR = 52.50 dB | SE = 17.179 bit/s/Hz
[13172 ms] [UE 45898] UL: SNR = 63.50 dB | SE = 20.778 bit/s/Hz
[13172 ms] [UE 36997] UL: SNR = 63.50 dB | SE = 20.778 bit/s/Hz
[13172 ms] [UE 48787] UL: SNR = 63.50 dB | SE = 20.778 bit/s/Hz
[13172 ms] [UE 40252] UL: SNR = 56.00 dB | SE = 18.324 bit/s/Hz
[13172 ms] [UE 15599] UL: SNR = 52.50 dB | SE = 17.179 bit/s/Hz
[13195 ms] [UE 33952] UL: SNR = 6.50 dB | SE = 2.414 bit/s/Hz
[13195 ms] [UE 12169] UL: SNR = 63.50 dB | SE = 20.778 bit/s/Hz
[13195 ms] [UE 22873] UL: SNR = 63.50 dB | SE = 20.778 bit/s/Hz
[13195 ms] [UE 30556] UL: SNR = 63.50 dB | SE = 20.778 bit/s/Hz
[13195 ms] [UE 20945] UL: SNR = 52.50 dB | SE = 17.179 bit/s/Hz
[13273 ms] [UE 45898] UL: SNR = 63.50 dB | SE = 20.778 bit/s/Hz
[13273 ms] [UE 36997] UL: SNR = 63.50 dB | SE = 20.778 bit/s/Hz
[13273 ms] [UE 48787] UL: SNR = 63.50 dB | SE = 20.778 bit/s/Hz
[13273 ms] [UE 40252] UL: SNR = 56.00 dB | SE = 18.324 bit/s/Hz
[13273 ms] [UE 15599] UL: SNR = 52.50 dB | SE = 17.179 bit/s/Hz
[13305 ms] [UE 33952] UL: SNR = 6.50 dB | SE = 2.414 bit/s/Hz
[13305 ms] [UE 12169] UL: SNR = 63.50 dB | SE = 20.778 bit/s/Hz
[13305 ms] [UE 22873] UL: SNR = 63.50 dB | SE = 20.778 bit/s/Hz
[13305 ms] [UE 30556] UL: SNR = 63.50 dB | SE = 20.778 bit/s/Hz
[13305 ms] [UE 20945] UL: SNR = 52.50 dB | SE = 17.179 bit/s/Hz
[13383 ms] [UE 45898] UL: SNR = 63.50 dB | SE = 20.778 bit/s/Hz
[13383 ms] [UE 36997] UL: SNR = 63.50 dB | SE = 20.778 bit/s/Hz
[13383 ms] [UE 48787] UL: SNR = 63.50 dB | SE = 20.778 bit/s/Hz
[13383 ms] [UE 40252] UL: SNR = 56.00 dB | SE = 18.324 bit/s/Hz
[13383 ms] [UE 15599] UL: SNR = 52.50 dB | SE = 17.179 bit/s/Hz
[13405 ms] [UE 33952] UL: SNR = 6.50 dB | SE = 2.414 bit/s/Hz
[13405 ms] [UE 12169] UL: SNR = 63.50 dB | SE = 20.778 bit/s/Hz
[13405 ms] [UE 22873] UL: SNR = 63.50 dB | SE = 20.778 bit/s/Hz
[13405 ms] [UE 30556] UL: SNR = 63.50 dB | SE = 20.778 bit/s/Hz
[13405 ms] [UE 20945] UL: SNR = 52.50 dB | SE = 17.179 bit/s/Hz
[13493 ms] [UE 45898] UL: SNR = 63.50 dB | SE = 20.778 bit/s/Hz
[13493 ms] [UE 36997] UL: SNR = 63.50 dB | SE = 20.778 bit/s/Hz
[13493 ms] [UE 48787] UL: SNR = 63.50 dB | SE = 20.778 bit/s/Hz
[13493 ms] [UE 40252] UL: SNR = 56.00 dB | SE = 18.324 bit/s/Hz
[13493 ms] [UE 15599] UL: SNR = 52.50 dB | SE = 17.179 bit/s/Hz
[13506 ms] [UE 33952] UL: SNR = 6.50 dB | SE = 2.414 bit/s/Hz
[13506 ms] [UE 12169] UL: SNR = 63.50 dB | SE = 20.778 bit/s/Hz
[13506 ms] [UE 22873] UL: SNR = 63.50 dB | SE = 20.778 bit/s/Hz
[13506 ms] [UE 30556] UL: SNR = 63.50 dB | SE = 20.778 bit/s/Hz
[13506 ms] [UE 20945] UL: SNR = 52.50 dB | SE = 17.179 bit/s/Hz
[13593 ms] [UE 45898] UL: SNR = 63.50 dB | SE = 20.778 bit/s/Hz
[13593 ms] [UE 36997] UL: SNR = 63.50 dB | SE = 20.778 bit/s/Hz
[13593 ms] [UE 48787] UL: SNR = 63.50 dB | SE = 20.778 bit/s/Hz
[13593 ms] [UE 40252] UL: SNR = 56.00 dB | SE = 18.324 bit/s/Hz
[13593 ms] [UE 15599] UL: SNR = 52.50 dB | SE = 17.179 bit/s/Hz
[13606 ms] [UE 33952] UL: SNR = 6.50 dB | SE = 2.414 bit/s/Hz
[13606 ms] [UE 12169] UL: SNR = 63.50 dB | SE = 20.778 bit/s/Hz
[13606 ms] [UE 22873] UL: SNR = 63.50 dB | SE = 20.778 bit/s/Hz
[13606 ms] [UE 30556] UL: SNR = 63.50 dB | SE = 20.778 bit/s/Hz
[13606 ms] [UE 20945] UL: SNR = 52.50 dB | SE = 17.179 bit/s/Hz
[13693 ms] [UE 45898] UL: SNR = 63.50 dB | SE = 20.778 bit/s/Hz
[13693 ms] [UE 36997] UL: SNR = 63.50 dB | SE = 20.778 bit/s/Hz
[13693 ms] [UE 48787] UL: SNR = 63.50 dB | SE = 20.778 bit/s/Hz
[13693 ms] [UE 40252] UL: SNR = 56.00 dB | SE = 18.324 bit/s/Hz
[13693 ms] [UE 15599] UL: SNR = 52.50 dB | SE = 17.179 bit/s/Hz
[13706 ms] [UE 33952] UL: SNR = 6.50 dB | SE = 2.414 bit/s/Hz
[13706 ms] [UE 12169] UL: SNR = 63.50 dB | SE = 20.778 bit/s/Hz
[13706 ms] [UE 22873] UL: SNR = 63.50 dB | SE = 20.778 bit/s/Hz
[13706 ms] [UE 30556] UL: SNR = 63.50 dB | SE = 20.778 bit/s/Hz
[13706 ms] [UE 20945] UL: SNR = 52.50 dB | SE = 17.179 bit/s/Hz
[13803 ms] [UE 45898] UL: SNR = 63.50 dB | SE = 20.778 bit/s/Hz
[13803 ms] [UE 36997] UL: SNR = 63.50 dB | SE = 20.778 bit/s/Hz
[13803 ms] [UE 48787] UL: SNR = 63.50 dB | SE = 20.778 bit/s/Hz
[13803 ms] [UE 40252] UL: SNR = 56.00 dB | SE = 18.324 bit/s/Hz
[13803 ms] [UE 15599] UL: SNR = 52.50 dB | SE = 17.179 bit/s/Hz
[13816 ms] [UE 33952] UL: SNR = 6.50 dB | SE = 2.414 bit/s/Hz
[13816 ms] [UE 12169] UL: SNR = 63.50 dB | SE = 20.778 bit/s/Hz
[13816 ms] [UE 22873] UL: SNR = 63.50 dB | SE = 20.778 bit/s/Hz
[13816 ms] [UE 30556] UL: SNR = 63.50 dB | SE = 20.778 bit/s/Hz
[13816 ms] [UE 20945] UL: SNR = 52.50 dB | SE = 17.179 bit/s/Hz
[13903 ms] [UE 45898] UL: SNR = 63.50 dB | SE = 20.778 bit/s/Hz
[13903 ms] [UE 36997] UL: SNR = 63.50 dB | SE = 20.778 bit/s/Hz
[13903 ms] [UE 48787] UL: SNR = 63.50 dB | SE = 20.778 bit/s/Hz
[13903 ms] [UE 40252] UL: SNR = 56.00 dB | SE = 18.324 bit/s/Hz
[13903 ms] [UE 15599] UL: SNR = 52.50 dB | SE = 17.179 bit/s/Hz
[13918 ms] [UE 33952] UL: SNR = 6.50 dB | SE = 2.414 bit/s/Hz
[13918 ms] [UE 12169] UL: SNR = 63.50 dB | SE = 20.778 bit/s/Hz
[13918 ms] [UE 22873] UL: SNR = 63.50 dB | SE = 20.778 bit/s/Hz
[13918 ms] [UE 30556] UL: SNR = 63.50 dB | SE = 20.778 bit/s/Hz
[13918 ms] [UE 20945] UL: SNR = 52.50 dB | SE = 17.179 bit/s/Hz
[14013 ms] [UE 45898] UL: SNR = 63.50 dB | SE = 20.778 bit/s/Hz
[14013 ms] [UE 36997] UL: SNR = 63.50 dB | SE = 20.778 bit/s/Hz
[14013 ms] [UE 48787] UL: SNR = 63.50 dB | SE = 20.778 bit/s/Hz
[14013 ms] [UE 40252] UL: SNR = 56.00 dB | SE = 18.324 bit/s/Hz
[14013 ms] [UE 15599] UL: SNR = 52.50 dB | SE = 17.179 bit/s/Hz
[14025 ms] [UE 33952] UL: SNR = 6.50 dB | SE = 2.414 bit/s/Hz
[14025 ms] [UE 12169] UL: SNR = 63.50 dB | SE = 20.778 bit/s/Hz
[14025 ms] [UE 22873] UL: SNR = 63.50 dB | SE = 20.778 bit/s/Hz
[14025 ms] [UE 30556] UL: SNR = 63.50 dB | SE = 20.778 bit/s/Hz
[14025 ms] [UE 20945] UL: SNR = 52.50 dB | SE = 17.179 bit/s/Hz
[14123 ms] [UE 45898] UL: SNR = 63.50 dB | SE = 20.778 bit/s/Hz
[14123 ms] [UE 36997] UL: SNR = 63.50 dB | SE = 20.778 bit/s/Hz
[14123 ms] [UE 48787] UL: SNR = 63.50 dB | SE = 20.778 bit/s/Hz
[14123 ms] [UE 40252] UL: SNR = 56.00 dB | SE = 18.324 bit/s/Hz
[14123 ms] [UE 15599] UL: SNR = 52.50 dB | SE = 17.179 bit/s/Hz
[14135 ms] [UE 33952] UL: SNR = 6.50 dB | SE = 2.414 bit/s/Hz
[14135 ms] [UE 12169] UL: SNR = 63.50 dB | SE = 20.778 bit/s/Hz
[14135 ms] [UE 22873] UL: SNR = 63.50 dB | SE = 20.778 bit/s/Hz
[14135 ms] [UE 30556] UL: SNR = 63.50 dB | SE = 20.778 bit/s/Hz
[14135 ms] [UE 20945] UL: SNR = 52.50 dB | SE = 17.179 bit/s/Hz
[14225 ms] [UE 45898] UL: SNR = 63.50 dB | SE = 20.778 bit/s/Hz
[14225 ms] [UE 36997] UL: SNR = 63.50 dB | SE = 20.778 bit/s/Hz
[14225 ms] [UE 48787] UL: SNR = 63.50 dB | SE = 20.778 bit/s/Hz
[14225 ms] [UE 40252] UL: SNR = 56.00 dB | SE = 18.324 bit/s/Hz
[14225 ms] [UE 15599] UL: SNR = 52.50 dB | SE = 17.179 bit/s/Hz
[14236 ms] [UE 33952] UL: SNR = 6.50 dB | SE = 2.414 bit/s/Hz
[14236 ms] [UE 12169] UL: SNR = 63.50 dB | SE = 20.778 bit/s/Hz
[14236 ms] [UE 22873] UL: SNR = 63.50 dB | SE = 20.778 bit/s/Hz
[14236 ms] [UE 30556] UL: SNR = 53.50 dB | SE = 17.506 bit/s/Hz
[14236 ms] [UE 20945] UL: SNR = 52.00 dB | SE = 17.015 bit/s/Hz
[14333 ms] [UE 45898] UL: SNR = 63.50 dB | SE = 20.778 bit/s/Hz
[14333 ms] [UE 36997] UL: SNR = 63.50 dB | SE = 20.778 bit/s/Hz
[14333 ms] [UE 48787] UL: SNR = 63.50 dB | SE = 20.778 bit/s/Hz
[14333 ms] [UE 40252] UL: SNR = 56.00 dB | SE = 18.324 bit/s/Hz
[14333 ms] [UE 15599] UL: SNR = 52.50 dB | SE = 17.179 bit/s/Hz
[14336 ms] [UE 33952] UL: SNR = 6.50 dB | SE = 2.414 bit/s/Hz
[14336 ms] [UE 12169] UL: SNR = 63.50 dB | SE = 20.778 bit/s/Hz
[14336 ms] [UE 22873] UL: SNR = 63.50 dB | SE = 20.778 bit/s/Hz
[14336 ms] [UE 30556] UL: SNR = 53.50 dB | SE = 17.506 bit/s/Hz
[14336 ms] [UE 20945] UL: SNR = 52.00 dB | SE = 17.015 bit/s/Hz
[14436 ms] [UE 33952] UL: SNR = 6.50 dB | SE = 2.414 bit/s/Hz
[14436 ms] [UE 12169] UL: SNR = 63.50 dB | SE = 20.778 bit/s/Hz
[14436 ms] [UE 22873] UL: SNR = 63.50 dB | SE = 20.778 bit/s/Hz
[14436 ms] [UE 30556] UL: SNR = 53.50 dB | SE = 17.506 bit/s/Hz
[14436 ms] [UE 20945] UL: SNR = 52.00 dB | SE = 17.015 bit/s/Hz
[14443 ms] [UE 45898] UL: SNR = 63.50 dB | SE = 20.778 bit/s/Hz
[14443 ms] [UE 36997] UL: SNR = 63.50 dB | SE = 20.778 bit/s/Hz
[14443 ms] [UE 48787] UL: SNR = 63.50 dB | SE = 20.778 bit/s/Hz
[14443 ms] [UE 40252] UL: SNR = 56.00 dB | SE = 18.324 bit/s/Hz
[14443 ms] [UE 15599] UL: SNR = 52.50 dB | SE = 17.179 bit/s/Hz
[14538 ms] [UE 33952] UL: SNR = 6.50 dB | SE = 2.414 bit/s/Hz
[14538 ms] [UE 12169] UL: SNR = 63.50 dB | SE = 20.778 bit/s/Hz
[14538 ms] [UE 22873] UL: SNR = 63.50 dB | SE = 20.778 bit/s/Hz
[14538 ms] [UE 30556] UL: SNR = 53.50 dB | SE = 17.506 bit/s/Hz
[14538 ms] [UE 20945] UL: SNR = 63.50 dB | SE = 20.778 bit/s/Hz
[14543 ms] [UE 45898] UL: SNR = 63.50 dB | SE = 20.778 bit/s/Hz
[14543 ms] [UE 36997] UL: SNR = 63.50 dB | SE = 20.778 bit/s/Hz
[14543 ms] [UE 48787] UL: SNR = 63.50 dB | SE = 20.778 bit/s/Hz
[14543 ms] [UE 40252] UL: SNR = 56.00 dB | SE = 18.324 bit/s/Hz
[14543 ms] [UE 15599] UL: SNR = 52.50 dB | SE = 17.179 bit/s/Hz
[14646 ms] [UE 33952] UL: SNR = 6.50 dB | SE = 2.414 bit/s/Hz
[14646 ms] [UE 12169] UL: SNR = 63.50 dB | SE = 20.778 bit/s/Hz
[14646 ms] [UE 22873] UL: SNR = 63.50 dB | SE = 20.778 bit/s/Hz
[14646 ms] [UE 30556] UL: SNR = 53.50 dB | SE = 17.506 bit/s/Hz
[14646 ms] [UE 20945] UL: SNR = 63.50 dB | SE = 20.778 bit/s/Hz
[14653 ms] [UE 45898] UL: SNR = 63.50 dB | SE = 20.778 bit/s/Hz
[14653 ms] [UE 36997] UL: SNR = 63.50 dB | SE = 20.778 bit/s/Hz
[14653 ms] [UE 48787] UL: SNR = 63.50 dB | SE = 20.778 bit/s/Hz
[14653 ms] [UE 40252] UL: SNR = 56.00 dB | SE = 18.324 bit/s/Hz
[14653 ms] [UE 15599] UL: SNR = 52.50 dB | SE = 17.179 bit/s/Hz
[14753 ms] [UE 45898] UL: SNR = 63.50 dB | SE = 20.778 bit/s/Hz
[14753 ms] [UE 36997] UL: SNR = 63.50 dB | SE = 20.778 bit/s/Hz
[14753 ms] [UE 48787] UL: SNR = 63.50 dB | SE = 20.778 bit/s/Hz
[14753 ms] [UE 40252] UL: SNR = 56.00 dB | SE = 18.324 bit/s/Hz
[14753 ms] [UE 15599] UL: SNR = 52.50 dB | SE = 17.179 bit/s/Hz
[14757 ms] [UE 33952] UL: SNR = 6.50 dB | SE = 2.414 bit/s/Hz
[14757 ms] [UE 12169] UL: SNR = 63.50 dB | SE = 20.778 bit/s/Hz
[14757 ms] [UE 22873] UL: SNR = 63.50 dB | SE = 20.778 bit/s/Hz
[14757 ms] [UE 30556] UL: SNR = 53.50 dB | SE = 17.506 bit/s/Hz
[14757 ms] [UE 20945] UL: SNR = 63.50 dB | SE = 20.778 bit/s/Hz
[14864 ms] [UE 45898] UL: SNR = 63.50 dB | SE = 20.778 bit/s/Hz
[14864 ms] [UE 36997] UL: SNR = 63.50 dB | SE = 20.778 bit/s/Hz
[14864 ms] [UE 48787] UL: SNR = 63.50 dB | SE = 20.778 bit/s/Hz
[14864 ms] [UE 40252] UL: SNR = 56.00 dB | SE = 18.324 bit/s/Hz
[14864 ms] [UE 15599] UL: SNR = 52.50 dB | SE = 17.179 bit/s/Hz
[14867 ms] [UE 33952] UL: SNR = 6.50 dB | SE = 2.414 bit/s/Hz
[14867 ms] [UE 12169] UL: SNR = 63.50 dB | SE = 20.778 bit/s/Hz
[14867 ms] [UE 22873] UL: SNR = 63.50 dB | SE = 20.778 bit/s/Hz
[14867 ms] [UE 30556] UL: SNR = 53.50 dB | SE = 17.506 bit/s/Hz
[14867 ms] [UE 20945] UL: SNR = 63.50 dB | SE = 20.778 bit/s/Hz
[14973 ms] [UE 45898] UL: SNR = 63.50 dB | SE = 20.778 bit/s/Hz
[14973 ms] [UE 36997] UL: SNR = 63.50 dB | SE = 20.778 bit/s/Hz
[14973 ms] [UE 48787] UL: SNR = 63.50 dB | SE = 20.778 bit/s/Hz
[14973 ms] [UE 40252] UL: SNR = 56.00 dB | SE = 18.324 bit/s/Hz
[14973 ms] [UE 15599] UL: SNR = 52.50 dB | SE = 17.179 bit/s/Hz
[14976 ms] [UE 33952] UL: SNR = 6.50 dB | SE = 2.414 bit/s/Hz
[14976 ms] [UE 12169] UL: SNR = 63.50 dB | SE = 20.778 bit/s/Hz
[14976 ms] [UE 22873] UL: SNR = 63.50 dB | SE = 20.778 bit/s/Hz
[14976 ms] [UE 30556] UL: SNR = 63.50 dB | SE = 20.778 bit/s/Hz
[14976 ms] [UE 20945] UL: SNR = 63.50 dB | SE = 20.778 bit/s/Hz
[15073 ms] [UE 45898] UL: SNR = 63.50 dB | SE = 20.778 bit/s/Hz
[15073 ms] [UE 36997] UL: SNR = 63.50 dB | SE = 20.778 bit/s/Hz
[15073 ms] [UE 48787] UL: SNR = 63.50 dB | SE = 20.778 bit/s/Hz
[15073 ms] [UE 40252] UL: SNR = 56.00 dB | SE = 18.324 bit/s/Hz
[15073 ms] [UE 15599] UL: SNR = 52.50 dB | SE = 17.179 bit/s/Hz
[15076 ms] [UE 33952] UL: SNR = 6.50 dB | SE = 2.414 bit/s/Hz
[15076 ms] [UE 12169] UL: SNR = 63.50 dB | SE = 20.778 bit/s/Hz
[15076 ms] [UE 22873] UL: SNR = 63.50 dB | SE = 20.778 bit/s/Hz
[15076 ms] [UE 30556] UL: SNR = 63.50 dB | SE = 20.778 bit/s/Hz
[15076 ms] [UE 20945] UL: SNR = 63.50 dB | SE = 20.778 bit/s/Hz
[15173 ms] [UE 45898] UL: SNR = 63.50 dB | SE = 20.778 bit/s/Hz
[15173 ms] [UE 36997] UL: SNR = 63.50 dB | SE = 20.778 bit/s/Hz
[15173 ms] [UE 48787] UL: SNR = 63.50 dB | SE = 20.778 bit/s/Hz
[15173 ms] [UE 40252] UL: SNR = 56.00 dB | SE = 18.324 bit/s/Hz
[15173 ms] [UE 15599] UL: SNR = 52.50 dB | SE = 17.179 bit/s/Hz
[15185 ms] [UE 33952] UL: SNR = 6.50 dB | SE = 2.414 bit/s/Hz
[15185 ms] [UE 12169] UL: SNR = 63.50 dB | SE = 20.778 bit/s/Hz
[15185 ms] [UE 22873] UL: SNR = 63.50 dB | SE = 20.778 bit/s/Hz
[15185 ms] [UE 30556] UL: SNR = 63.50 dB | SE = 20.778 bit/s/Hz
[15185 ms] [UE 20945] UL: SNR = 63.50 dB | SE = 20.778 bit/s/Hz
[15283 ms] [UE 45898] UL: SNR = 63.50 dB | SE = 20.778 bit/s/Hz
[15283 ms] [UE 36997] UL: SNR = 63.50 dB | SE = 20.778 bit/s/Hz
[15283 ms] [UE 48787] UL: SNR = 63.50 dB | SE = 20.778 bit/s/Hz
[15283 ms] [UE 40252] UL: SNR = 56.00 dB | SE = 18.324 bit/s/Hz
[15283 ms] [UE 15599] UL: SNR = 52.50 dB | SE = 17.179 bit/s/Hz
[15286 ms] [UE 33952] UL: SNR = 6.50 dB | SE = 2.414 bit/s/Hz
[15286 ms] [UE 12169] UL: SNR = 63.50 dB | SE = 20.778 bit/s/Hz
[15286 ms] [UE 22873] UL: SNR = 63.50 dB | SE = 20.778 bit/s/Hz
[15286 ms] [UE 30556] UL: SNR = 63.50 dB | SE = 20.778 bit/s/Hz
[15286 ms] [UE 20945] UL: SNR = 63.50 dB | SE = 20.778 bit/s/Hz
[15383 ms] [UE 45898] UL: SNR = 63.50 dB | SE = 20.778 bit/s/Hz
[15383 ms] [UE 36997] UL: SNR = 63.50 dB | SE = 20.778 bit/s/Hz
[15383 ms] [UE 48787] UL: SNR = 63.50 dB | SE = 20.778 bit/s/Hz
[15383 ms] [UE 40252] UL: SNR = 56.00 dB | SE = 18.324 bit/s/Hz
[15383 ms] [UE 15599] UL: SNR = 52.50 dB | SE = 17.179 bit/s/Hz
[15386 ms] [UE 33952] UL: SNR = 6.50 dB | SE = 2.414 bit/s/Hz
[15386 ms] [UE 12169] UL: SNR = 63.50 dB | SE = 20.778 bit/s/Hz
[15386 ms] [UE 22873] UL: SNR = 63.50 dB | SE = 20.778 bit/s/Hz
[15386 ms] [UE 30556] UL: SNR = 63.50 dB | SE = 20.778 bit/s/Hz
[15386 ms] [UE 20945] UL: SNR = 63.50 dB | SE = 20.778 bit/s/Hz
[15493 ms] [UE 45898] UL: SNR = 63.50 dB | SE = 20.778 bit/s/Hz
[15493 ms] [UE 36997] UL: SNR = 63.50 dB | SE = 20.778 bit/s/Hz
[15493 ms] [UE 48787] UL: SNR = 63.50 dB | SE = 20.778 bit/s/Hz
[15493 ms] [UE 40252] UL: SNR = 56.00 dB | SE = 18.324 bit/s/Hz
[15493 ms] [UE 15599] UL: SNR = 52.50 dB | SE = 17.179 bit/s/Hz
[15496 ms] [UE 33952] UL: SNR = 6.50 dB | SE = 2.414 bit/s/Hz
[15496 ms] [UE 12169] UL: SNR = 63.50 dB | SE = 20.778 bit/s/Hz
[15496 ms] [UE 22873] UL: SNR = 63.50 dB | SE = 20.778 bit/s/Hz
[15496 ms] [UE 30556] UL: SNR = 63.50 dB | SE = 20.778 bit/s/Hz
[15496 ms] [UE 20945] UL: SNR = 63.50 dB | SE = 20.778 bit/s/Hz
[15593 ms] [UE 45898] UL: SNR = 63.50 dB | SE = 20.778 bit/s/Hz
[15593 ms] [UE 36997] UL: SNR = 63.50 dB | SE = 20.778 bit/s/Hz
[15593 ms] [UE 48787] UL: SNR = 63.50 dB | SE = 20.778 bit/s/Hz
[15593 ms] [UE 40252] UL: SNR = 56.00 dB | SE = 18.324 bit/s/Hz
[15593 ms] [UE 15599] UL: SNR = 52.50 dB | SE = 17.179 bit/s/Hz
[15596 ms] [UE 33952] UL: SNR = 6.50 dB | SE = 2.414 bit/s/Hz
[15596 ms] [UE 12169] UL: SNR = 63.50 dB | SE = 20.778 bit/s/Hz
[15596 ms] [UE 22873] UL: SNR = 63.50 dB | SE = 20.778 bit/s/Hz
[15596 ms] [UE 30556] UL: SNR = 63.50 dB | SE = 20.778 bit/s/Hz
[15596 ms] [UE 20945] UL: SNR = 63.50 dB | SE = 20.778 bit/s/Hz
[15693 ms] [UE 45898] UL: SNR = 63.50 dB | SE = 20.778 bit/s/Hz
[15693 ms] [UE 36997] UL: SNR = 63.50 dB | SE = 20.778 bit/s/Hz
[15693 ms] [UE 48787] UL: SNR = 63.50 dB | SE = 20.778 bit/s/Hz
[15693 ms] [UE 40252] UL: SNR = 56.00 dB | SE = 18.324 bit/s/Hz
[15693 ms] [UE 15599] UL: SNR = 52.50 dB | SE = 17.179 bit/s/Hz
[15706 ms] [UE 33952] UL: SNR = 6.50 dB | SE = 2.414 bit/s/Hz
[15706 ms] [UE 12169] UL: SNR = 63.50 dB | SE = 20.778 bit/s/Hz
[15706 ms] [UE 22873] UL: SNR = 63.50 dB | SE = 20.778 bit/s/Hz
[15706 ms] [UE 30556] UL: SNR = 63.50 dB | SE = 20.778 bit/s/Hz
[15706 ms] [UE 20945] UL: SNR = 63.50 dB | SE = 20.778 bit/s/Hz
[15802 ms] [UE 45898] UL: SNR = 63.50 dB | SE = 20.778 bit/s/Hz
[15802 ms] [UE 36997] UL: SNR = 63.50 dB | SE = 20.778 bit/s/Hz
[15802 ms] [UE 48787] UL: SNR = 63.50 dB | SE = 20.778 bit/s/Hz
[15802 ms] [UE 40252] UL: SNR = 56.00 dB | SE = 18.324 bit/s/Hz
[15802 ms] [UE 15599] UL: SNR = 52.50 dB | SE = 17.179 bit/s/Hz
[15816 ms] [UE 33952] UL: SNR = 6.50 dB | SE = 2.414 bit/s/Hz
[15816 ms] [UE 12169] UL: SNR = 63.50 dB | SE = 20.778 bit/s/Hz
[15816 ms] [UE 22873] UL: SNR = 63.50 dB | SE = 20.778 bit/s/Hz
[15816 ms] [UE 30556] UL: SNR = 63.50 dB | SE = 20.778 bit/s/Hz
[15816 ms] [UE 20945] UL: SNR = 63.50 dB | SE = 20.778 bit/s/Hz
[15903 ms] [UE 45898] UL: SNR = 63.50 dB | SE = 20.778 bit/s/Hz
[15903 ms] [UE 36997] UL: SNR = 63.50 dB | SE = 20.778 bit/s/Hz
[15903 ms] [UE 48787] UL: SNR = 63.50 dB | SE = 20.778 bit/s/Hz
[15903 ms] [UE 40252] UL: SNR = 56.00 dB | SE = 18.324 bit/s/Hz
[15903 ms] [UE 15599] UL: SNR = 52.50 dB | SE = 17.179 bit/s/Hz
[15926 ms] [UE 33952] UL: SNR = 6.50 dB | SE = 2.414 bit/s/Hz
[15926 ms] [UE 12169] UL: SNR = 63.50 dB | SE = 20.778 bit/s/Hz
[15926 ms] [UE 22873] UL: SNR = 63.50 dB | SE = 20.778 bit/s/Hz
[15926 ms] [UE 30556] UL: SNR = 63.50 dB | SE = 20.778 bit/s/Hz
[15926 ms] [UE 20945] UL: SNR = 63.50 dB | SE = 20.778 bit/s/Hz
[16003 ms] [UE 45898] UL: SNR = 63.50 dB | SE = 20.778 bit/s/Hz
[16003 ms] [UE 36997] UL: SNR = 63.50 dB | SE = 20.778 bit/s/Hz
[16003 ms] [UE 48787] UL: SNR = 63.50 dB | SE = 20.778 bit/s/Hz
[16003 ms] [UE 40252] UL: SNR = 56.00 dB | SE = 18.324 bit/s/Hz
[16003 ms] [UE 15599] UL: SNR = 52.50 dB | SE = 17.179 bit/s/Hz
[16036 ms] [UE 33952] UL: SNR = 6.50 dB | SE = 2.414 bit/s/Hz
[16036 ms] [UE 12169] UL: SNR = 63.50 dB | SE = 20.778 bit/s/Hz
[16036 ms] [UE 22873] UL: SNR = 63.50 dB | SE = 20.778 bit/s/Hz
[16036 ms] [UE 30556] UL: SNR = 63.50 dB | SE = 20.778 bit/s/Hz
[16036 ms] [UE 20945] UL: SNR = 63.50 dB | SE = 20.778 bit/s/Hz
[16103 ms] [UE 45898] UL: SNR = 63.50 dB | SE = 20.778 bit/s/Hz
[16103 ms] [UE 36997] UL: SNR = 63.50 dB | SE = 20.778 bit/s/Hz
[16103 ms] [UE 48787] UL: SNR = 63.50 dB | SE = 20.778 bit/s/Hz
[16103 ms] [UE 40252] UL: SNR = 56.00 dB | SE = 18.324 bit/s/Hz
[16103 ms] [UE 15599] UL: SNR = 52.50 dB | SE = 17.179 bit/s/Hz
[16136 ms] [UE 33952] UL: SNR = 63.50 dB | SE = 20.778 bit/s/Hz
[16136 ms] [UE 12169] UL: SNR = 63.50 dB | SE = 20.778 bit/s/Hz
[16136 ms] [UE 22873] UL: SNR = 63.50 dB | SE = 20.778 bit/s/Hz
[16136 ms] [UE 30556] UL: SNR = 63.50 dB | SE = 20.778 bit/s/Hz
[16136 ms] [UE 20945] UL: SNR = 63.50 dB | SE = 20.778 bit/s/Hz
[16213 ms] [UE 45898] UL: SNR = 63.50 dB | SE = 20.778 bit/s/Hz
[16213 ms] [UE 36997] UL: SNR = 63.50 dB | SE = 20.778 bit/s/Hz
[16213 ms] [UE 48787] UL: SNR = 63.50 dB | SE = 20.778 bit/s/Hz
[16213 ms] [UE 40252] UL: SNR = 56.00 dB | SE = 18.324 bit/s/Hz
[16213 ms] [UE 15599] UL: SNR = 52.50 dB | SE = 17.179 bit/s/Hz
[16246 ms] [UE 33952] UL: SNR = 63.50 dB | SE = 20.778 bit/s/Hz
[16246 ms] [UE 12169] UL: SNR = 63.50 dB | SE = 20.778 bit/s/Hz
[16246 ms] [UE 22873] UL: SNR = 63.50 dB | SE = 20.778 bit/s/Hz
[16246 ms] [UE 30556] UL: SNR = 63.50 dB | SE = 20.778 bit/s/Hz
[16246 ms] [UE 20945] UL: SNR = 63.50 dB | SE = 20.778 bit/s/Hz
[16313 ms] [UE 45898] UL: SNR = 63.50 dB | SE = 20.778 bit/s/Hz
[16313 ms] [UE 36997] UL: SNR = 63.50 dB | SE = 20.778 bit/s/Hz
[16313 ms] [UE 48787] UL: SNR = 63.50 dB | SE = 20.778 bit/s/Hz
[16313 ms] [UE 40252] UL: SNR = 56.00 dB | SE = 18.324 bit/s/Hz
[16313 ms] [UE 15599] UL: SNR = 52.50 dB | SE = 17.179 bit/s/Hz
[16356 ms] [UE 33952] UL: SNR = 63.50 dB | SE = 20.778 bit/s/Hz
[16356 ms] [UE 12169] UL: SNR = 63.50 dB | SE = 20.778 bit/s/Hz
[16356 ms] [UE 22873] UL: SNR = 63.50 dB | SE = 20.778 bit/s/Hz
[16356 ms] [UE 30556] UL: SNR = 63.50 dB | SE = 20.778 bit/s/Hz
[16356 ms] [UE 20945] UL: SNR = 63.50 dB | SE = 20.778 bit/s/Hz
[16423 ms] [UE 45898] UL: SNR = 63.50 dB | SE = 20.778 bit/s/Hz
[16423 ms] [UE 36997] UL: SNR = 63.50 dB | SE = 20.778 bit/s/Hz
[16423 ms] [UE 48787] UL: SNR = 63.50 dB | SE = 20.778 bit/s/Hz
[16423 ms] [UE 40252] UL: SNR = 56.00 dB | SE = 18.324 bit/s/Hz
[16423 ms] [UE 15599] UL: SNR = 52.50 dB | SE = 17.179 bit/s/Hz
[16467 ms] [UE 33952] UL: SNR = 63.50 dB | SE = 20.778 bit/s/Hz
[16467 ms] [UE 12169] UL: SNR = 63.50 dB | SE = 20.778 bit/s/Hz
[16467 ms] [UE 22873] UL: SNR = 63.50 dB | SE = 20.778 bit/s/Hz
[16467 ms] [UE 30556] UL: SNR = 63.50 dB | SE = 20.778 bit/s/Hz
[16467 ms] [UE 20945] UL: SNR = 63.50 dB | SE = 20.778 bit/s/Hz
[16533 ms] [UE 45898] UL: SNR = 63.50 dB | SE = 20.778 bit/s/Hz
[16533 ms] [UE 36997] UL: SNR = 63.50 dB | SE = 20.778 bit/s/Hz
[16533 ms] [UE 48787] UL: SNR = 63.50 dB | SE = 20.778 bit/s/Hz
[16533 ms] [UE 40252] UL: SNR = 56.00 dB | SE = 18.324 bit/s/Hz
[16533 ms] [UE 15599] UL: SNR = 52.50 dB | SE = 17.179 bit/s/Hz
[16577 ms] [UE 33952] UL: SNR = 63.50 dB | SE = 20.778 bit/s/Hz
[16577 ms] [UE 12169] UL: SNR = 63.50 dB | SE = 20.778 bit/s/Hz
[16577 ms] [UE 22873] UL: SNR = 63.50 dB | SE = 20.778 bit/s/Hz
[16577 ms] [UE 30556] UL: SNR = 63.50 dB | SE = 20.778 bit/s/Hz
[16577 ms] [UE 20945] UL: SNR = 63.50 dB | SE = 20.778 bit/s/Hz
[16643 ms] [UE 45898] UL: SNR = 63.50 dB | SE = 20.778 bit/s/Hz
[16643 ms] [UE 36997] UL: SNR = 63.50 dB | SE = 20.778 bit/s/Hz
[16643 ms] [UE 48787] UL: SNR = 63.50 dB | SE = 20.778 bit/s/Hz
[16643 ms] [UE 40252] UL: SNR = 56.00 dB | SE = 18.324 bit/s/Hz
[16643 ms] [UE 15599] UL: SNR = 52.50 dB | SE = 17.179 bit/s/Hz
[16686 ms] [UE 33952] UL: SNR = 63.50 dB | SE = 20.778 bit/s/Hz
[16686 ms] [UE 12169] UL: SNR = 63.50 dB | SE = 20.778 bit/s/Hz
[16686 ms] [UE 22873] UL: SNR = 63.50 dB | SE = 20.778 bit/s/Hz
[16686 ms] [UE 30556] UL: SNR = 63.50 dB | SE = 20.778 bit/s/Hz
[16686 ms] [UE 20945] UL: SNR = 63.50 dB | SE = 20.778 bit/s/Hz
[16753 ms] [UE 45898] UL: SNR = 63.50 dB | SE = 20.778 bit/s/Hz
[16753 ms] [UE 36997] UL: SNR = 63.50 dB | SE = 20.778 bit/s/Hz
[16753 ms] [UE 48787] UL: SNR = 63.50 dB | SE = 20.778 bit/s/Hz
[16753 ms] [UE 40252] UL: SNR = 56.00 dB | SE = 18.324 bit/s/Hz
[16753 ms] [UE 15599] UL: SNR = 52.50 dB | SE = 17.179 bit/s/Hz
[16786 ms] [UE 33952] UL: SNR = 63.50 dB | SE = 20.778 bit/s/Hz
[16786 ms] [UE 12169] UL: SNR = 63.50 dB | SE = 20.778 bit/s/Hz
[16786 ms] [UE 22873] UL: SNR = 63.50 dB | SE = 20.778 bit/s/Hz
[16786 ms] [UE 30556] UL: SNR = 63.50 dB | SE = 20.778 bit/s/Hz
[16786 ms] [UE 20945] UL: SNR = 63.50 dB | SE = 20.778 bit/s/Hz
[16863 ms] [UE 45898] UL: SNR = 63.50 dB | SE = 20.778 bit/s/Hz
[16863 ms] [UE 36997] UL: SNR = 63.50 dB | SE = 20.778 bit/s/Hz
[16863 ms] [UE 48787] UL: SNR = 63.50 dB | SE = 20.778 bit/s/Hz
[16863 ms] [UE 40252] UL: SNR = 56.00 dB | SE = 18.324 bit/s/Hz
[16863 ms] [UE 15599] UL: SNR = 52.50 dB | SE = 17.179 bit/s/Hz
[16896 ms] [UE 33952] UL: SNR = 63.50 dB | SE = 20.778 bit/s/Hz
[16896 ms] [UE 12169] UL: SNR = 63.50 dB | SE = 20.778 bit/s/Hz
[16896 ms] [UE 22873] UL: SNR = 63.50 dB | SE = 20.778 bit/s/Hz
[16896 ms] [UE 30556] UL: SNR = 63.50 dB | SE = 20.778 bit/s/Hz
[16896 ms] [UE 20945] UL: SNR = 63.50 dB | SE = 20.778 bit/s/Hz
[16973 ms] [UE 45898] UL: SNR = 63.50 dB | SE = 20.778 bit/s/Hz
[16973 ms] [UE 36997] UL: SNR = 63.50 dB | SE = 20.778 bit/s/Hz
[16973 ms] [UE 48787] UL: SNR = 63.50 dB | SE = 20.778 bit/s/Hz
[16973 ms] [UE 40252] UL: SNR = 56.00 dB | SE = 18.324 bit/s/Hz
[16973 ms] [UE 15599] UL: SNR = 52.50 dB | SE = 17.179 bit/s/Hz
[16996 ms] [UE 33952] UL: SNR = 63.50 dB | SE = 20.778 bit/s/Hz
[16996 ms] [UE 12169] UL: SNR = 63.50 dB | SE = 20.778 bit/s/Hz
[16996 ms] [UE 22873] UL: SNR = 63.50 dB | SE = 20.778 bit/s/Hz
[16996 ms] [UE 30556] UL: SNR = 63.50 dB | SE = 20.778 bit/s/Hz
[16996 ms] [UE 20945] UL: SNR = 63.50 dB | SE = 20.778 bit/s/Hz
[17073 ms] [UE 45898] UL: SNR = 63.50 dB | SE = 20.778 bit/s/Hz
[17073 ms] [UE 36997] UL: SNR = 63.50 dB | SE = 20.778 bit/s/Hz
[17073 ms] [UE 48787] UL: SNR = 63.50 dB | SE = 20.778 bit/s/Hz
[17073 ms] [UE 40252] UL: SNR = 56.00 dB | SE = 18.324 bit/s/Hz
[17073 ms] [UE 15599] UL: SNR = 52.50 dB | SE = 17.179 bit/s/Hz
[17107 ms] [UE 33952] UL: SNR = 63.50 dB | SE = 20.778 bit/s/Hz
[17107 ms] [UE 12169] UL: SNR = 63.50 dB | SE = 20.778 bit/s/Hz
[17107 ms] [UE 22873] UL: SNR = 63.50 dB | SE = 20.778 bit/s/Hz
[17107 ms] [UE 30556] UL: SNR = 63.50 dB | SE = 20.778 bit/s/Hz
[17107 ms] [UE 20945] UL: SNR = 63.50 dB | SE = 20.778 bit/s/Hz
[17183 ms] [UE 45898] UL: SNR = 63.50 dB | SE = 20.778 bit/s/Hz
[17183 ms] [UE 36997] UL: SNR = 63.50 dB | SE = 20.778 bit/s/Hz
[17183 ms] [UE 48787] UL: SNR = 63.50 dB | SE = 20.778 bit/s/Hz
[17183 ms] [UE 40252] UL: SNR = 56.00 dB | SE = 18.324 bit/s/Hz
[17183 ms] [UE 15599] UL: SNR = 52.50 dB | SE = 17.179 bit/s/Hz
[17216 ms] [UE 33952] UL: SNR = 63.50 dB | SE = 20.778 bit/s/Hz
[17216 ms] [UE 12169] UL: SNR = 63.50 dB | SE = 20.778 bit/s/Hz
[17216 ms] [UE 22873] UL: SNR = 63.50 dB | SE = 20.778 bit/s/Hz
[17216 ms] [UE 30556] UL: SNR = 63.50 dB | SE = 20.778 bit/s/Hz
[17216 ms] [UE 20945] UL: SNR = 63.50 dB | SE = 20.778 bit/s/Hz
[17293 ms] [UE 45898] UL: SNR = 63.50 dB | SE = 20.778 bit/s/Hz
[17293 ms] [UE 36997] UL: SNR = 63.50 dB | SE = 20.778 bit/s/Hz
[17293 ms] [UE 48787] UL: SNR = 63.50 dB | SE = 20.778 bit/s/Hz
[17293 ms] [UE 40252] UL: SNR = 56.00 dB | SE = 18.324 bit/s/Hz
[17293 ms] [UE 15599] UL: SNR = 52.50 dB | SE = 17.179 bit/s/Hz
[17317 ms] [UE 33952] UL: SNR = 63.50 dB | SE = 20.778 bit/s/Hz
[17317 ms] [UE 12169] UL: SNR = 63.50 dB | SE = 20.778 bit/s/Hz
[17317 ms] [UE 22873] UL: SNR = 63.50 dB | SE = 20.778 bit/s/Hz
[17317 ms] [UE 30556] UL: SNR = 63.50 dB | SE = 20.778 bit/s/Hz
[17317 ms] [UE 20945] UL: SNR = 63.50 dB | SE = 20.778 bit/s/Hz
[17393 ms] [UE 45898] UL: SNR = 63.50 dB | SE = 20.778 bit/s/Hz
[17393 ms] [UE 36997] UL: SNR = 63.50 dB | SE = 20.778 bit/s/Hz
[17393 ms] [UE 48787] UL: SNR = 63.50 dB | SE = 20.778 bit/s/Hz
[17393 ms] [UE 40252] UL: SNR = 56.00 dB | SE = 18.324 bit/s/Hz
[17393 ms] [UE 15599] UL: SNR = 52.50 dB | SE = 17.179 bit/s/Hz
[17425 ms] [UE 33952] UL: SNR = 63.50 dB | SE = 20.778 bit/s/Hz
[17425 ms] [UE 12169] UL: SNR = 63.50 dB | SE = 20.778 bit/s/Hz
[17425 ms] [UE 22873] UL: SNR = 63.50 dB | SE = 20.778 bit/s/Hz
[17425 ms] [UE 30556] UL: SNR = 63.50 dB | SE = 20.778 bit/s/Hz
[17425 ms] [UE 20945] UL: SNR = 63.50 dB | SE = 20.778 bit/s/Hz
[17503 ms] [UE 45898] UL: SNR = 63.50 dB | SE = 20.778 bit/s/Hz
[17503 ms] [UE 36997] UL: SNR = 63.50 dB | SE = 20.778 bit/s/Hz
[17503 ms] [UE 48787] UL: SNR = 63.50 dB | SE = 20.778 bit/s/Hz
[17503 ms] [UE 40252] UL: SNR = 56.00 dB | SE = 18.324 bit/s/Hz
[17503 ms] [UE 15599] UL: SNR = 52.50 dB | SE = 17.179 bit/s/Hz
[17526 ms] [UE 33952] UL: SNR = 63.50 dB | SE = 20.778 bit/s/Hz
[17526 ms] [UE 12169] UL: SNR = 63.50 dB | SE = 20.778 bit/s/Hz
[17526 ms] [UE 22873] UL: SNR = 63.50 dB | SE = 20.778 bit/s/Hz
[17526 ms] [UE 30556] UL: SNR = 63.50 dB | SE = 20.778 bit/s/Hz
[17526 ms] [UE 20945] UL: SNR = 63.50 dB | SE = 20.778 bit/s/Hz
[17603 ms] [UE 45898] UL: SNR = 63.50 dB | SE = 20.778 bit/s/Hz
[17603 ms] [UE 36997] UL: SNR = 63.50 dB | SE = 20.778 bit/s/Hz
[17603 ms] [UE 48787] UL: SNR = 63.50 dB | SE = 20.778 bit/s/Hz
[17603 ms] [UE 40252] UL: SNR = 56.00 dB | SE = 18.324 bit/s/Hz
[17603 ms] [UE 15599] UL: SNR = 52.50 dB | SE = 17.179 bit/s/Hz
[17635 ms] [UE 33952] UL: SNR = 63.50 dB | SE = 20.778 bit/s/Hz
[17635 ms] [UE 12169] UL: SNR = 63.50 dB | SE = 20.778 bit/s/Hz
[17635 ms] [UE 22873] UL: SNR = 63.50 dB | SE = 20.778 bit/s/Hz
[17635 ms] [UE 30556] UL: SNR = 63.50 dB | SE = 20.778 bit/s/Hz
[17635 ms] [UE 20945] UL: SNR = 63.50 dB | SE = 20.778 bit/s/Hz
[17713 ms] [UE 45898] UL: SNR = 63.50 dB | SE = 20.778 bit/s/Hz
[17713 ms] [UE 36997] UL: SNR = 63.50 dB | SE = 20.778 bit/s/Hz
[17713 ms] [UE 48787] UL: SNR = 63.50 dB | SE = 20.778 bit/s/Hz
[17713 ms] [UE 40252] UL: SNR = 56.00 dB | SE = 18.324 bit/s/Hz
[17713 ms] [UE 15599] UL: SNR = 52.50 dB | SE = 17.179 bit/s/Hz
[17736 ms] [UE 33952] UL: SNR = 63.50 dB | SE = 20.778 bit/s/Hz
[17736 ms] [UE 12169] UL: SNR = 63.50 dB | SE = 20.778 bit/s/Hz
[17736 ms] [UE 22873] UL: SNR = 63.50 dB | SE = 20.778 bit/s/Hz
[17736 ms] [UE 30556] UL: SNR = 63.50 dB | SE = 20.778 bit/s/Hz
[17736 ms] [UE 20945] UL: SNR = 63.50 dB | SE = 20.778 bit/s/Hz
[17823 ms] [UE 45898] UL: SNR = 63.50 dB | SE = 20.778 bit/s/Hz
[17823 ms] [UE 36997] UL: SNR = 63.50 dB | SE = 20.778 bit/s/Hz
[17823 ms] [UE 48787] UL: SNR = 63.50 dB | SE = 20.778 bit/s/Hz
[17823 ms] [UE 40252] UL: SNR = 56.00 dB | SE = 18.324 bit/s/Hz
[17823 ms] [UE 15599] UL: SNR = 52.50 dB | SE = 17.179 bit/s/Hz
[17846 ms] [UE 33952] UL: SNR = 63.50 dB | SE = 20.778 bit/s/Hz
[17846 ms] [UE 12169] UL: SNR = 63.50 dB | SE = 20.778 bit/s/Hz
[17846 ms] [UE 22873] UL: SNR = 63.50 dB | SE = 20.778 bit/s/Hz
[17846 ms] [UE 30556] UL: SNR = 63.50 dB | SE = 20.778 bit/s/Hz
[17846 ms] [UE 20945] UL: SNR = 63.50 dB | SE = 20.778 bit/s/Hz
[17923 ms] [UE 45898] UL: SNR = 63.50 dB | SE = 20.778 bit/s/Hz
[17923 ms] [UE 36997] UL: SNR = 63.50 dB | SE = 20.778 bit/s/Hz
[17923 ms] [UE 48787] UL: SNR = 63.50 dB | SE = 20.778 bit/s/Hz
[17923 ms] [UE 40252] UL: SNR = 56.00 dB | SE = 18.324 bit/s/Hz
[17923 ms] [UE 15599] UL: SNR = 52.50 dB | SE = 17.179 bit/s/Hz
[17948 ms] [UE 33952] UL: SNR = 63.50 dB | SE = 20.778 bit/s/Hz
[17948 ms] [UE 12169] UL: SNR = 63.50 dB | SE = 20.778 bit/s/Hz
[17948 ms] [UE 22873] UL: SNR = 63.50 dB | SE = 20.778 bit/s/Hz
[17948 ms] [UE 30556] UL: SNR = 63.50 dB | SE = 20.778 bit/s/Hz
[17948 ms] [UE 20945] UL: SNR = 63.50 dB | SE = 20.778 bit/s/Hz
[18023 ms] [UE 45898] UL: SNR = 63.50 dB | SE = 20.778 bit/s/Hz
[18023 ms] [UE 36997] UL: SNR = 63.50 dB | SE = 20.778 bit/s/Hz
[18023 ms] [UE 48787] UL: SNR = 63.50 dB | SE = 20.778 bit/s/Hz
[18023 ms] [UE 40252] UL: SNR = 56.00 dB | SE = 18.324 bit/s/Hz
[18023 ms] [UE 15599] UL: SNR = 52.50 dB | SE = 17.179 bit/s/Hz
[18057 ms] [UE 33952] UL: SNR = 63.50 dB | SE = 20.778 bit/s/Hz
[18057 ms] [UE 12169] UL: SNR = 63.50 dB | SE = 20.778 bit/s/Hz
[18057 ms] [UE 22873] UL: SNR = 63.50 dB | SE = 20.778 bit/s/Hz
[18057 ms] [UE 30556] UL: SNR = 63.50 dB | SE = 20.778 bit/s/Hz
[18057 ms] [UE 20945] UL: SNR = 63.50 dB | SE = 20.778 bit/s/Hz
[18123 ms] [UE 45898] UL: SNR = 63.50 dB | SE = 20.778 bit/s/Hz
[18123 ms] [UE 36997] UL: SNR = 63.50 dB | SE = 20.778 bit/s/Hz
[18123 ms] [UE 48787] UL: SNR = 63.50 dB | SE = 20.778 bit/s/Hz
[18123 ms] [UE 40252] UL: SNR = 56.00 dB | SE = 18.324 bit/s/Hz
[18123 ms] [UE 15599] UL: SNR = 52.50 dB | SE = 17.179 bit/s/Hz
[18165 ms] [UE 33952] UL: SNR = 63.50 dB | SE = 20.778 bit/s/Hz
[18165 ms] [UE 12169] UL: SNR = 63.50 dB | SE = 20.778 bit/s/Hz
[18165 ms] [UE 22873] UL: SNR = 63.50 dB | SE = 20.778 bit/s/Hz
[18165 ms] [UE 30556] UL: SNR = 53.50 dB | SE = 17.506 bit/s/Hz
[18165 ms] [UE 20945] UL: SNR = 52.50 dB | SE = 17.179 bit/s/Hz
[18223 ms] [UE 45898] UL: SNR = 63.50 dB | SE = 20.778 bit/s/Hz
[18223 ms] [UE 36997] UL: SNR = 63.50 dB | SE = 20.778 bit/s/Hz
[18223 ms] [UE 48787] UL: SNR = 63.50 dB | SE = 20.778 bit/s/Hz
[18223 ms] [UE 40252] UL: SNR = 56.00 dB | SE = 18.324 bit/s/Hz
[18223 ms] [UE 15599] UL: SNR = 52.50 dB | SE = 17.179 bit/s/Hz
[18275 ms] [UE 33952] UL: SNR = 63.50 dB | SE = 20.778 bit/s/Hz
[18275 ms] [UE 12169] UL: SNR = 63.50 dB | SE = 20.778 bit/s/Hz
[18275 ms] [UE 22873] UL: SNR = 63.50 dB | SE = 20.778 bit/s/Hz
[18275 ms] [UE 30556] UL: SNR = 53.50 dB | SE = 17.506 bit/s/Hz
[18275 ms] [UE 20945] UL: SNR = 52.50 dB | SE = 17.179 bit/s/Hz
[18333 ms] [UE 45898] UL: SNR = 63.50 dB | SE = 20.778 bit/s/Hz
[18333 ms] [UE 36997] UL: SNR = 63.50 dB | SE = 20.778 bit/s/Hz
[18333 ms] [UE 48787] UL: SNR = 63.50 dB | SE = 20.778 bit/s/Hz
[18333 ms] [UE 40252] UL: SNR = 56.00 dB | SE = 18.324 bit/s/Hz
[18333 ms] [UE 15599] UL: SNR = 52.50 dB | SE = 17.179 bit/s/Hz
[18376 ms] [UE 33952] UL: SNR = 6.50 dB | SE = 2.414 bit/s/Hz
[18376 ms] [UE 12169] UL: SNR = 63.50 dB | SE = 20.778 bit/s/Hz
[18376 ms] [UE 22873] UL: SNR = 63.50 dB | SE = 20.778 bit/s/Hz
[18376 ms] [UE 30556] UL: SNR = 53.50 dB | SE = 17.506 bit/s/Hz
[18376 ms] [UE 20945] UL: SNR = 52.50 dB | SE = 17.179 bit/s/Hz
[18443 ms] [UE 45898] UL: SNR = 63.50 dB | SE = 20.778 bit/s/Hz
[18443 ms] [UE 36997] UL: SNR = 63.50 dB | SE = 20.778 bit/s/Hz
[18443 ms] [UE 48787] UL: SNR = 63.50 dB | SE = 20.778 bit/s/Hz
[18443 ms] [UE 40252] UL: SNR = 56.00 dB | SE = 18.324 bit/s/Hz
[18443 ms] [UE 15599] UL: SNR = 52.50 dB | SE = 17.179 bit/s/Hz
[18476 ms] [UE 33952] UL: SNR = 6.50 dB | SE = 2.414 bit/s/Hz
[18476 ms] [UE 12169] UL: SNR = 63.50 dB | SE = 20.778 bit/s/Hz
[18476 ms] [UE 22873] UL: SNR = 63.50 dB | SE = 20.778 bit/s/Hz
[18476 ms] [UE 30556] UL: SNR = 53.50 dB | SE = 17.506 bit/s/Hz
[18476 ms] [UE 20945] UL: SNR = 52.50 dB | SE = 17.179 bit/s/Hz
[18543 ms] [UE 45898] UL: SNR = 63.50 dB | SE = 20.778 bit/s/Hz
[18543 ms] [UE 36997] UL: SNR = 63.50 dB | SE = 20.778 bit/s/Hz
[18543 ms] [UE 48787] UL: SNR = 63.50 dB | SE = 20.778 bit/s/Hz
[18543 ms] [UE 40252] UL: SNR = 56.00 dB | SE = 18.324 bit/s/Hz
[18543 ms] [UE 15599] UL: SNR = 52.50 dB | SE = 17.179 bit/s/Hz
[18576 ms] [UE 33952] UL: SNR = 6.50 dB | SE = 2.414 bit/s/Hz
[18576 ms] [UE 12169] UL: SNR = 63.50 dB | SE = 20.778 bit/s/Hz
[18576 ms] [UE 22873] UL: SNR = 63.50 dB | SE = 20.778 bit/s/Hz
[18576 ms] [UE 30556] UL: SNR = 53.50 dB | SE = 17.506 bit/s/Hz
[18576 ms] [UE 20945] UL: SNR = 52.50 dB | SE = 17.179 bit/s/Hz
[18653 ms] [UE 45898] UL: SNR = 63.50 dB | SE = 20.778 bit/s/Hz
[18653 ms] [UE 36997] UL: SNR = 63.50 dB | SE = 20.778 bit/s/Hz
[18653 ms] [UE 48787] UL: SNR = 63.50 dB | SE = 20.778 bit/s/Hz
[18653 ms] [UE 40252] UL: SNR = 56.00 dB | SE = 18.324 bit/s/Hz
[18653 ms] [UE 15599] UL: SNR = 52.50 dB | SE = 17.179 bit/s/Hz
[18676 ms] [UE 33952] UL: SNR = 6.50 dB | SE = 2.414 bit/s/Hz
[18676 ms] [UE 12169] UL: SNR = 46.50 dB | SE = 15.215 bit/s/Hz
[18676 ms] [UE 22873] UL: SNR = 58.00 dB | SE = 18.978 bit/s/Hz
[18676 ms] [UE 30556] UL: SNR = 53.50 dB | SE = 17.506 bit/s/Hz
[18676 ms] [UE 20945] UL: SNR = 52.50 dB | SE = 17.179 bit/s/Hz
[18753 ms] [UE 45898] UL: SNR = 63.50 dB | SE = 20.778 bit/s/Hz
[18753 ms] [UE 36997] UL: SNR = 63.50 dB | SE = 20.778 bit/s/Hz
[18753 ms] [UE 48787] UL: SNR = 63.50 dB | SE = 20.778 bit/s/Hz
[18753 ms] [UE 40252] UL: SNR = 56.00 dB | SE = 18.324 bit/s/Hz
[18753 ms] [UE 15599] UL: SNR = 52.50 dB | SE = 17.179 bit/s/Hz
[18786 ms] [UE 33952] UL: SNR = 6.50 dB | SE = 2.414 bit/s/Hz
[18786 ms] [UE 12169] UL: SNR = 46.50 dB | SE = 15.215 bit/s/Hz
[18786 ms] [UE 22873] UL: SNR = 58.00 dB | SE = 18.978 bit/s/Hz
[18786 ms] [UE 30556] UL: SNR = 53.50 dB | SE = 17.506 bit/s/Hz
[18786 ms] [UE 20945] UL: SNR = 52.50 dB | SE = 17.179 bit/s/Hz
[18853 ms] [UE 45898] UL: SNR = 63.50 dB | SE = 20.778 bit/s/Hz
[18853 ms] [UE 36997] UL: SNR = 63.50 dB | SE = 20.778 bit/s/Hz
[18853 ms] [UE 48787] UL: SNR = 63.50 dB | SE = 20.778 bit/s/Hz
[18853 ms] [UE 40252] UL: SNR = 56.00 dB | SE = 18.324 bit/s/Hz
[18853 ms] [UE 15599] UL: SNR = 52.50 dB | SE = 17.179 bit/s/Hz
[18888 ms] [UE 33952] UL: SNR = 6.50 dB | SE = 2.414 bit/s/Hz
[18888 ms] [UE 12169] UL: SNR = 46.50 dB | SE = 15.215 bit/s/Hz
[18888 ms] [UE 22873] UL: SNR = 58.00 dB | SE = 18.978 bit/s/Hz
[18888 ms] [UE 30556] UL: SNR = 63.50 dB | SE = 20.778 bit/s/Hz
[18888 ms] [UE 20945] UL: SNR = 52.50 dB | SE = 17.179 bit/s/Hz
[18963 ms] [UE 45898] UL: SNR = 63.50 dB | SE = 20.778 bit/s/Hz
[18963 ms] [UE 36997] UL: SNR = 63.50 dB | SE = 20.778 bit/s/Hz
[18963 ms] [UE 48787] UL: SNR = 63.50 dB | SE = 20.778 bit/s/Hz
[18963 ms] [UE 40252] UL: SNR = 56.00 dB | SE = 18.324 bit/s/Hz
[18963 ms] [UE 15599] UL: SNR = 52.50 dB | SE = 17.179 bit/s/Hz
[18996 ms] [UE 33952] UL: SNR = 6.50 dB | SE = 2.414 bit/s/Hz
[18996 ms] [UE 12169] UL: SNR = 46.50 dB | SE = 15.215 bit/s/Hz
[18996 ms] [UE 22873] UL: SNR = 58.00 dB | SE = 18.978 bit/s/Hz
[18996 ms] [UE 30556] UL: SNR = 63.50 dB | SE = 20.778 bit/s/Hz
[18996 ms] [UE 20945] UL: SNR = 52.50 dB | SE = 17.179 bit/s/Hz
[19073 ms] [UE 45898] UL: SNR = 63.50 dB | SE = 20.778 bit/s/Hz
[19073 ms] [UE 36997] UL: SNR = 63.50 dB | SE = 20.778 bit/s/Hz
[19073 ms] [UE 48787] UL: SNR = 63.50 dB | SE = 20.778 bit/s/Hz
[19073 ms] [UE 40252] UL: SNR = 56.00 dB | SE = 18.324 bit/s/Hz
[19073 ms] [UE 15599] UL: SNR = 52.50 dB | SE = 17.179 bit/s/Hz
[19106 ms] [UE 33952] UL: SNR = 6.50 dB | SE = 2.414 bit/s/Hz
[19106 ms] [UE 12169] UL: SNR = 46.50 dB | SE = 15.215 bit/s/Hz
[19106 ms] [UE 22873] UL: SNR = 58.00 dB | SE = 18.978 bit/s/Hz
[19106 ms] [UE 30556] UL: SNR = 63.50 dB | SE = 20.778 bit/s/Hz
[19106 ms] [UE 20945] UL: SNR = 52.50 dB | SE = 17.179 bit/s/Hz
[19173 ms] [UE 45898] UL: SNR = 63.50 dB | SE = 20.778 bit/s/Hz
[19173 ms] [UE 36997] UL: SNR = 63.50 dB | SE = 20.778 bit/s/Hz
[19173 ms] [UE 48787] UL: SNR = 63.50 dB | SE = 20.778 bit/s/Hz
[19173 ms] [UE 40252] UL: SNR = 56.00 dB | SE = 18.324 bit/s/Hz
[19173 ms] [UE 15599] UL: SNR = 52.50 dB | SE = 17.179 bit/s/Hz
[19216 ms] [UE 33952] UL: SNR = 6.50 dB | SE = 2.414 bit/s/Hz
[19216 ms] [UE 12169] UL: SNR = 63.50 dB | SE = 20.778 bit/s/Hz
[19216 ms] [UE 22873] UL: SNR = 58.00 dB | SE = 18.978 bit/s/Hz
[19216 ms] [UE 30556] UL: SNR = 63.50 dB | SE = 20.778 bit/s/Hz
[19216 ms] [UE 20945] UL: SNR = 52.50 dB | SE = 17.179 bit/s/Hz
[19283 ms] [UE 45898] UL: SNR = 63.50 dB | SE = 20.778 bit/s/Hz
[19283 ms] [UE 36997] UL: SNR = 63.50 dB | SE = 20.778 bit/s/Hz
[19283 ms] [UE 48787] UL: SNR = 63.50 dB | SE = 20.778 bit/s/Hz
[19283 ms] [UE 40252] UL: SNR = 56.00 dB | SE = 18.324 bit/s/Hz
[19283 ms] [UE 15599] UL: SNR = 52.50 dB | SE = 17.179 bit/s/Hz
[19319 ms] [UE 33952] UL: SNR = 6.50 dB | SE = 2.414 bit/s/Hz
[19319 ms] [UE 12169] UL: SNR = 63.50 dB | SE = 20.778 bit/s/Hz
[19319 ms] [UE 22873] UL: SNR = 58.00 dB | SE = 18.978 bit/s/Hz
[19319 ms] [UE 30556] UL: SNR = 63.50 dB | SE = 20.778 bit/s/Hz
[19319 ms] [UE 20945] UL: SNR = 52.50 dB | SE = 17.179 bit/s/Hz
[19393 ms] [UE 45898] UL: SNR = 63.50 dB | SE = 20.778 bit/s/Hz
[19393 ms] [UE 36997] UL: SNR = 63.50 dB | SE = 20.778 bit/s/Hz
[19393 ms] [UE 48787] UL: SNR = 63.50 dB | SE = 20.778 bit/s/Hz
[19393 ms] [UE 40252] UL: SNR = 56.00 dB | SE = 18.324 bit/s/Hz
[19393 ms] [UE 15599] UL: SNR = 52.50 dB | SE = 17.179 bit/s/Hz
[19426 ms] [UE 33952] UL: SNR = 6.50 dB | SE = 2.414 bit/s/Hz
[19426 ms] [UE 12169] UL: SNR = 63.50 dB | SE = 20.778 bit/s/Hz
[19426 ms] [UE 22873] UL: SNR = 58.00 dB | SE = 18.978 bit/s/Hz
[19426 ms] [UE 30556] UL: SNR = 63.50 dB | SE = 20.778 bit/s/Hz
[19426 ms] [UE 20945] UL: SNR = 52.50 dB | SE = 17.179 bit/s/Hz
[19493 ms] [UE 45898] UL: SNR = 63.50 dB | SE = 20.778 bit/s/Hz
[19493 ms] [UE 36997] UL: SNR = 63.50 dB | SE = 20.778 bit/s/Hz
[19493 ms] [UE 48787] UL: SNR = 63.50 dB | SE = 20.778 bit/s/Hz
[19493 ms] [UE 40252] UL: SNR = 56.00 dB | SE = 18.324 bit/s/Hz
[19493 ms] [UE 15599] UL: SNR = 52.50 dB | SE = 17.179 bit/s/Hz
[19526 ms] [UE 33952] UL: SNR = 6.50 dB | SE = 2.414 bit/s/Hz
[19526 ms] [UE 12169] UL: SNR = 63.50 dB | SE = 20.778 bit/s/Hz
[19526 ms] [UE 22873] UL: SNR = 58.00 dB | SE = 18.978 bit/s/Hz
[19526 ms] [UE 30556] UL: SNR = 63.50 dB | SE = 20.778 bit/s/Hz
[19526 ms] [UE 20945] UL: SNR = 52.50 dB | SE = 17.179 bit/s/Hz
[19603 ms] [UE 45898] UL: SNR = 63.50 dB | SE = 20.778 bit/s/Hz
[19603 ms] [UE 36997] UL: SNR = 63.50 dB | SE = 20.778 bit/s/Hz
[19603 ms] [UE 48787] UL: SNR = 63.50 dB | SE = 20.778 bit/s/Hz
[19603 ms] [UE 40252] UL: SNR = 56.00 dB | SE = 18.324 bit/s/Hz
[19603 ms] [UE 15599] UL: SNR = 52.50 dB | SE = 17.179 bit/s/Hz
[19626 ms] [UE 33952] UL: SNR = 6.50 dB | SE = 2.414 bit/s/Hz
[19626 ms] [UE 12169] UL: SNR = 63.50 dB | SE = 20.778 bit/s/Hz
[19626 ms] [UE 22873] UL: SNR = 58.00 dB | SE = 18.978 bit/s/Hz
[19626 ms] [UE 30556] UL: SNR = 63.50 dB | SE = 20.778 bit/s/Hz
[19626 ms] [UE 20945] UL: SNR = 52.50 dB | SE = 17.179 bit/s/Hz
[19713 ms] [UE 45898] UL: SNR = 63.50 dB | SE = 20.778 bit/s/Hz
[19713 ms] [UE 36997] UL: SNR = 63.50 dB | SE = 20.778 bit/s/Hz
[19713 ms] [UE 48787] UL: SNR = 63.50 dB | SE = 20.778 bit/s/Hz
[19713 ms] [UE 40252] UL: SNR = 56.00 dB | SE = 18.324 bit/s/Hz
[19713 ms] [UE 15599] UL: SNR = 52.50 dB | SE = 17.179 bit/s/Hz
[19735 ms] [UE 33952] UL: SNR = 6.50 dB | SE = 2.414 bit/s/Hz
[19735 ms] [UE 12169] UL: SNR = 63.50 dB | SE = 20.778 bit/s/Hz
[19735 ms] [UE 22873] UL: SNR = 58.00 dB | SE = 18.978 bit/s/Hz
[19735 ms] [UE 30556] UL: SNR = 63.50 dB | SE = 20.778 bit/s/Hz
[19735 ms] [UE 20945] UL: SNR = 52.50 dB | SE = 17.179 bit/s/Hz
[19823 ms] [UE 45898] UL: SNR = 63.50 dB | SE = 20.778 bit/s/Hz
[19823 ms] [UE 36997] UL: SNR = 63.50 dB | SE = 20.778 bit/s/Hz
[19823 ms] [UE 48787] UL: SNR = 63.50 dB | SE = 20.778 bit/s/Hz
[19823 ms] [UE 40252] UL: SNR = 56.00 dB | SE = 18.324 bit/s/Hz
[19823 ms] [UE 15599] UL: SNR = 52.50 dB | SE = 17.179 bit/s/Hz
[19835 ms] [UE 33952] UL: SNR = 6.50 dB | SE = 2.414 bit/s/Hz
[19835 ms] [UE 12169] UL: SNR = 63.50 dB | SE = 20.778 bit/s/Hz
[19835 ms] [UE 22873] UL: SNR = 58.00 dB | SE = 18.978 bit/s/Hz
[19835 ms] [UE 30556] UL: SNR = 63.50 dB | SE = 20.778 bit/s/Hz
[19835 ms] [UE 20945] UL: SNR = 52.50 dB | SE = 17.179 bit/s/Hz
[19933 ms] [UE 45898] UL: SNR = 63.50 dB | SE = 20.778 bit/s/Hz
[19933 ms] [UE 36997] UL: SNR = 63.50 dB | SE = 20.778 bit/s/Hz
[19933 ms] [UE 48787] UL: SNR = 63.50 dB | SE = 20.778 bit/s/Hz
[19933 ms] [UE 40252] UL: SNR = 56.00 dB | SE = 18.324 bit/s/Hz
[19933 ms] [UE 15599] UL: SNR = 52.50 dB | SE = 17.179 bit/s/Hz
[19946 ms] [UE 33952] UL: SNR = 6.50 dB | SE = 2.414 bit/s/Hz
[19946 ms] [UE 12169] UL: SNR = 63.50 dB | SE = 20.778 bit/s/Hz
[19946 ms] [UE 22873] UL: SNR = 58.00 dB | SE = 18.978 bit/s/Hz
[19946 ms] [UE 30556] UL: SNR = 63.50 dB | SE = 20.778 bit/s/Hz
[19946 ms] [UE 20945] UL: SNR = 52.50 dB | SE = 17.179 bit/s/Hz
[20033 ms] [UE 45898] UL: SNR = 63.50 dB | SE = 20.778 bit/s/Hz
[20033 ms] [UE 36997] UL: SNR = 63.50 dB | SE = 20.778 bit/s/Hz
[20033 ms] [UE 48787] UL: SNR = 63.50 dB | SE = 20.778 bit/s/Hz
[20033 ms] [UE 40252] UL: SNR = 56.00 dB | SE = 18.324 bit/s/Hz
[20033 ms] [UE 15599] UL: SNR = 52.50 dB | SE = 17.179 bit/s/Hz
[20055 ms] [UE 33952] UL: SNR = 6.50 dB | SE = 2.414 bit/s/Hz
[20055 ms] [UE 12169] UL: SNR = 63.50 dB | SE = 20.778 bit/s/Hz
[20055 ms] [UE 22873] UL: SNR = 58.00 dB | SE = 18.978 bit/s/Hz
[20055 ms] [UE 30556] UL: SNR = 63.50 dB | SE = 20.778 bit/s/Hz
[20055 ms] [UE 20945] UL: SNR = 52.50 dB | SE = 17.179 bit/s/Hz
[20133 ms] [UE 45898] UL: SNR = 63.50 dB | SE = 20.778 bit/s/Hz
[20133 ms] [UE 36997] UL: SNR = 63.50 dB | SE = 20.778 bit/s/Hz
[20133 ms] [UE 48787] UL: SNR = 63.50 dB | SE = 20.778 bit/s/Hz
[20133 ms] [UE 40252] UL: SNR = 56.00 dB | SE = 18.324 bit/s/Hz
[20133 ms] [UE 15599] UL: SNR = 52.50 dB | SE = 17.179 bit/s/Hz
[20156 ms] [UE 33952] UL: SNR = 6.50 dB | SE = 2.414 bit/s/Hz
[20156 ms] [UE 12169] UL: SNR = 63.50 dB | SE = 20.778 bit/s/Hz
[20156 ms] [UE 22873] UL: SNR = 58.00 dB | SE = 18.978 bit/s/Hz
[20156 ms] [UE 30556] UL: SNR = 63.50 dB | SE = 20.778 bit/s/Hz
[20156 ms] [UE 20945] UL: SNR = 52.50 dB | SE = 17.179 bit/s/Hz
[20243 ms] [UE 45898] UL: SNR = 63.50 dB | SE = 20.778 bit/s/Hz
[20243 ms] [UE 36997] UL: SNR = 63.50 dB | SE = 20.778 bit/s/Hz
[20243 ms] [UE 48787] UL: SNR = 63.50 dB | SE = 20.778 bit/s/Hz
[20243 ms] [UE 40252] UL: SNR = 56.00 dB | SE = 18.324 bit/s/Hz
[20243 ms] [UE 15599] UL: SNR = 52.50 dB | SE = 17.179 bit/s/Hz
[20266 ms] [UE 33952] UL: SNR = 6.50 dB | SE = 2.414 bit/s/Hz
[20266 ms] [UE 12169] UL: SNR = 63.50 dB | SE = 20.778 bit/s/Hz
[20266 ms] [UE 22873] UL: SNR = 58.00 dB | SE = 18.978 bit/s/Hz
[20266 ms] [UE 30556] UL: SNR = 63.50 dB | SE = 20.778 bit/s/Hz
[20266 ms] [UE 20945] UL: SNR = 52.50 dB | SE = 17.179 bit/s/Hz
[20353 ms] [UE 45898] UL: SNR = 63.50 dB | SE = 20.778 bit/s/Hz
[20353 ms] [UE 36997] UL: SNR = 63.50 dB | SE = 20.778 bit/s/Hz
[20353 ms] [UE 48787] UL: SNR = 63.50 dB | SE = 20.778 bit/s/Hz
[20353 ms] [UE 40252] UL: SNR = 56.00 dB | SE = 18.324 bit/s/Hz
[20353 ms] [UE 15599] UL: SNR = 52.50 dB | SE = 17.179 bit/s/Hz
[20366 ms] [UE 33952] UL: SNR = 6.50 dB | SE = 2.414 bit/s/Hz
[20366 ms] [UE 12169] UL: SNR = 63.50 dB | SE = 20.778 bit/s/Hz
[20366 ms] [UE 22873] UL: SNR = 58.00 dB | SE = 18.978 bit/s/Hz
[20366 ms] [UE 30556] UL: SNR = 63.50 dB | SE = 20.778 bit/s/Hz
[20366 ms] [UE 20945] UL: SNR = 52.50 dB | SE = 17.179 bit/s/Hz
[20463 ms] [UE 45898] UL: SNR = 63.50 dB | SE = 20.778 bit/s/Hz
[20463 ms] [UE 36997] UL: SNR = 63.50 dB | SE = 20.778 bit/s/Hz
[20463 ms] [UE 48787] UL: SNR = 63.50 dB | SE = 20.778 bit/s/Hz
[20463 ms] [UE 40252] UL: SNR = 56.00 dB | SE = 18.324 bit/s/Hz
[20463 ms] [UE 15599] UL: SNR = 52.50 dB | SE = 17.179 bit/s/Hz
[20475 ms] [UE 33952] UL: SNR = 6.50 dB | SE = 2.414 bit/s/Hz
[20475 ms] [UE 12169] UL: SNR = 63.50 dB | SE = 20.778 bit/s/Hz
[20475 ms] [UE 22873] UL: SNR = 58.00 dB | SE = 18.978 bit/s/Hz
[20475 ms] [UE 30556] UL: SNR = 63.50 dB | SE = 20.778 bit/s/Hz
[20475 ms] [UE 20945] UL: SNR = 52.50 dB | SE = 17.179 bit/s/Hz
[20572 ms] [UE 45898] UL: SNR = 63.50 dB | SE = 20.778 bit/s/Hz
[20572 ms] [UE 36997] UL: SNR = 63.50 dB | SE = 20.778 bit/s/Hz
[20572 ms] [UE 48787] UL: SNR = 63.50 dB | SE = 20.778 bit/s/Hz
[20572 ms] [UE 40252] UL: SNR = 56.00 dB | SE = 18.324 bit/s/Hz
[20572 ms] [UE 15599] UL: SNR = 52.50 dB | SE = 17.179 bit/s/Hz
[20585 ms] [UE 33952] UL: SNR = 6.50 dB | SE = 2.414 bit/s/Hz
[20585 ms] [UE 12169] UL: SNR = 63.50 dB | SE = 20.778 bit/s/Hz
[20585 ms] [UE 22873] UL: SNR = 58.00 dB | SE = 18.978 bit/s/Hz
[20585 ms] [UE 30556] UL: SNR = 63.50 dB | SE = 20.778 bit/s/Hz
[20585 ms] [UE 20945] UL: SNR = 52.50 dB | SE = 17.179 bit/s/Hz
[20673 ms] [UE 45898] UL: SNR = 63.50 dB | SE = 20.778 bit/s/Hz
[20673 ms] [UE 36997] UL: SNR = 63.50 dB | SE = 20.778 bit/s/Hz
[20673 ms] [UE 48787] UL: SNR = 63.50 dB | SE = 20.778 bit/s/Hz
[20673 ms] [UE 40252] UL: SNR = 56.00 dB | SE = 18.324 bit/s/Hz
[20673 ms] [UE 15599] UL: SNR = 52.50 dB | SE = 17.179 bit/s/Hz
[20686 ms] [UE 33952] UL: SNR = 6.50 dB | SE = 2.414 bit/s/Hz
[20686 ms] [UE 12169] UL: SNR = 63.50 dB | SE = 20.778 bit/s/Hz
[20686 ms] [UE 22873] UL: SNR = 58.00 dB | SE = 18.978 bit/s/Hz
[20686 ms] [UE 30556] UL: SNR = 63.50 dB | SE = 20.778 bit/s/Hz
[20686 ms] [UE 20945] UL: SNR = 52.50 dB | SE = 17.179 bit/s/Hz
[20773 ms] [UE 45898] UL: SNR = 63.50 dB | SE = 20.778 bit/s/Hz
[20773 ms] [UE 36997] UL: SNR = 63.50 dB | SE = 20.778 bit/s/Hz
[20773 ms] [UE 48787] UL: SNR = 63.50 dB | SE = 20.778 bit/s/Hz
[20773 ms] [UE 40252] UL: SNR = 56.00 dB | SE = 18.324 bit/s/Hz
[20773 ms] [UE 15599] UL: SNR = 52.50 dB | SE = 17.179 bit/s/Hz
[20786 ms] [UE 33952] UL: SNR = 6.50 dB | SE = 2.414 bit/s/Hz
[20786 ms] [UE 12169] UL: SNR = 63.50 dB | SE = 20.778 bit/s/Hz
[20786 ms] [UE 22873] UL: SNR = 58.00 dB | SE = 18.978 bit/s/Hz
[20786 ms] [UE 30556] UL: SNR = 63.50 dB | SE = 20.778 bit/s/Hz
[20786 ms] [UE 20945] UL: SNR = 52.50 dB | SE = 17.179 bit/s/Hz
[20873 ms] [UE 45898] UL: SNR = 63.50 dB | SE = 20.778 bit/s/Hz
[20873 ms] [UE 36997] UL: SNR = 63.50 dB | SE = 20.778 bit/s/Hz
[20873 ms] [UE 48787] UL: SNR = 63.50 dB | SE = 20.778 bit/s/Hz
[20873 ms] [UE 40252] UL: SNR = 56.00 dB | SE = 18.324 bit/s/Hz
[20873 ms] [UE 15599] UL: SNR = 52.50 dB | SE = 17.179 bit/s/Hz
[20887 ms] [UE 33952] UL: SNR = 6.50 dB | SE = 2.414 bit/s/Hz
[20887 ms] [UE 12169] UL: SNR = 63.50 dB | SE = 20.778 bit/s/Hz
[20887 ms] [UE 22873] UL: SNR = 58.00 dB | SE = 18.978 bit/s/Hz
[20887 ms] [UE 30556] UL: SNR = 63.50 dB | SE = 20.778 bit/s/Hz
[20887 ms] [UE 20945] UL: SNR = 52.50 dB | SE = 17.179 bit/s/Hz
[20983 ms] [UE 45898] UL: SNR = 63.50 dB | SE = 20.778 bit/s/Hz
[20983 ms] [UE 36997] UL: SNR = 63.50 dB | SE = 20.778 bit/s/Hz
[20983 ms] [UE 48787] UL: SNR = 63.50 dB | SE = 20.778 bit/s/Hz
[20983 ms] [UE 40252] UL: SNR = 56.00 dB | SE = 18.324 bit/s/Hz
[20983 ms] [UE 15599] UL: SNR = 52.50 dB | SE = 17.179 bit/s/Hz
[20996 ms] [UE 33952] UL: SNR = 6.50 dB | SE = 2.414 bit/s/Hz
[20996 ms] [UE 12169] UL: SNR = 63.50 dB | SE = 20.778 bit/s/Hz
[20996 ms] [UE 22873] UL: SNR = 58.00 dB | SE = 18.978 bit/s/Hz
[20996 ms] [UE 30556] UL: SNR = 63.50 dB | SE = 20.778 bit/s/Hz
[20996 ms] [UE 20945] UL: SNR = 52.50 dB | SE = 17.179 bit/s/Hz
[21093 ms] [UE 45898] UL: SNR = 63.50 dB | SE = 20.778 bit/s/Hz
[21093 ms] [UE 36997] UL: SNR = 63.50 dB | SE = 20.778 bit/s/Hz
[21093 ms] [UE 48787] UL: SNR = 63.50 dB | SE = 20.778 bit/s/Hz
[21093 ms] [UE 40252] UL: SNR = 56.00 dB | SE = 18.324 bit/s/Hz
[21093 ms] [UE 15599] UL: SNR = 52.50 dB | SE = 17.179 bit/s/Hz
[21106 ms] [UE 33952] UL: SNR = 6.50 dB | SE = 2.414 bit/s/Hz
[21106 ms] [UE 12169] UL: SNR = 63.50 dB | SE = 20.778 bit/s/Hz
[21106 ms] [UE 22873] UL: SNR = 58.00 dB | SE = 18.978 bit/s/Hz
[21106 ms] [UE 30556] UL: SNR = 63.50 dB | SE = 20.778 bit/s/Hz
[21106 ms] [UE 20945] UL: SNR = 52.50 dB | SE = 17.179 bit/s/Hz
[21193 ms] [UE 45898] UL: SNR = 63.50 dB | SE = 20.778 bit/s/Hz
[21193 ms] [UE 36997] UL: SNR = 63.50 dB | SE = 20.778 bit/s/Hz
[21193 ms] [UE 48787] UL: SNR = 63.50 dB | SE = 20.778 bit/s/Hz
[21193 ms] [UE 40252] UL: SNR = 56.00 dB | SE = 18.324 bit/s/Hz
[21193 ms] [UE 15599] UL: SNR = 52.50 dB | SE = 17.179 bit/s/Hz
[21207 ms] [UE 33952] UL: SNR = 6.50 dB | SE = 2.414 bit/s/Hz
[21207 ms] [UE 12169] UL: SNR = 63.50 dB | SE = 20.778 bit/s/Hz
[21207 ms] [UE 22873] UL: SNR = 58.00 dB | SE = 18.978 bit/s/Hz
[21207 ms] [UE 30556] UL: SNR = 63.50 dB | SE = 20.778 bit/s/Hz
[21207 ms] [UE 20945] UL: SNR = 52.50 dB | SE = 17.179 bit/s/Hz
[21303 ms] [UE 45898] UL: SNR = 63.50 dB | SE = 20.778 bit/s/Hz
[21303 ms] [UE 36997] UL: SNR = 63.50 dB | SE = 20.778 bit/s/Hz
[21303 ms] [UE 48787] UL: SNR = 63.50 dB | SE = 20.778 bit/s/Hz
[21303 ms] [UE 40252] UL: SNR = 56.00 dB | SE = 18.324 bit/s/Hz
[21303 ms] [UE 15599] UL: SNR = 52.50 dB | SE = 17.179 bit/s/Hz
[21315 ms] [UE 33952] UL: SNR = 6.50 dB | SE = 2.414 bit/s/Hz
[21315 ms] [UE 12169] UL: SNR = 63.50 dB | SE = 20.778 bit/s/Hz
[21315 ms] [UE 22873] UL: SNR = 58.00 dB | SE = 18.978 bit/s/Hz
[21315 ms] [UE 30556] UL: SNR = 63.50 dB | SE = 20.778 bit/s/Hz
[21315 ms] [UE 20945] UL: SNR = 52.50 dB | SE = 17.179 bit/s/Hz
[21403 ms] [UE 45898] UL: SNR = 63.50 dB | SE = 20.778 bit/s/Hz
[21403 ms] [UE 36997] UL: SNR = 63.50 dB | SE = 20.778 bit/s/Hz
[21403 ms] [UE 48787] UL: SNR = 63.50 dB | SE = 20.778 bit/s/Hz
[21403 ms] [UE 40252] UL: SNR = 56.00 dB | SE = 18.324 bit/s/Hz
[21403 ms] [UE 15599] UL: SNR = 52.50 dB | SE = 17.179 bit/s/Hz
[21416 ms] [UE 33952] UL: SNR = 6.50 dB | SE = 2.414 bit/s/Hz
[21416 ms] [UE 12169] UL: SNR = 63.50 dB | SE = 20.778 bit/s/Hz
[21416 ms] [UE 22873] UL: SNR = 58.00 dB | SE = 18.978 bit/s/Hz
[21416 ms] [UE 30556] UL: SNR = 63.50 dB | SE = 20.778 bit/s/Hz
[21416 ms] [UE 20945] UL: SNR = 52.50 dB | SE = 17.179 bit/s/Hz
[21513 ms] [UE 45898] UL: SNR = 63.50 dB | SE = 20.778 bit/s/Hz
[21513 ms] [UE 36997] UL: SNR = 63.50 dB | SE = 20.778 bit/s/Hz
[21513 ms] [UE 48787] UL: SNR = 63.50 dB | SE = 20.778 bit/s/Hz
[21513 ms] [UE 40252] UL: SNR = 56.00 dB | SE = 18.324 bit/s/Hz
[21513 ms] [UE 15599] UL: SNR = 52.50 dB | SE = 17.179 bit/s/Hz
[21516 ms] [UE 33952] UL: SNR = 6.50 dB | SE = 2.414 bit/s/Hz
[21516 ms] [UE 12169] UL: SNR = 63.50 dB | SE = 20.778 bit/s/Hz
[21516 ms] [UE 22873] UL: SNR = 58.00 dB | SE = 18.978 bit/s/Hz
[21516 ms] [UE 30556] UL: SNR = 63.50 dB | SE = 20.778 bit/s/Hz
[21516 ms] [UE 20945] UL: SNR = 52.50 dB | SE = 17.179 bit/s/Hz
[21616 ms] [UE 33952] UL: SNR = 6.50 dB | SE = 2.414 bit/s/Hz
[21616 ms] [UE 12169] UL: SNR = 63.50 dB | SE = 20.778 bit/s/Hz
[21616 ms] [UE 22873] UL: SNR = 58.00 dB | SE = 18.978 bit/s/Hz
[21616 ms] [UE 30556] UL: SNR = 63.50 dB | SE = 20.778 bit/s/Hz
[21616 ms] [UE 20945] UL: SNR = 52.50 dB | SE = 17.179 bit/s/Hz
[21624 ms] [UE 45898] UL: SNR = 63.50 dB | SE = 20.778 bit/s/Hz
[21624 ms] [UE 36997] UL: SNR = 63.50 dB | SE = 20.778 bit/s/Hz
[21624 ms] [UE 48787] UL: SNR = 63.50 dB | SE = 20.778 bit/s/Hz
[21624 ms] [UE 40252] UL: SNR = 56.00 dB | SE = 18.324 bit/s/Hz
[21624 ms] [UE 15599] UL: SNR = 52.50 dB | SE = 17.179 bit/s/Hz
[21727 ms] [UE 33952] UL: SNR = 6.50 dB | SE = 2.414 bit/s/Hz
[21727 ms] [UE 12169] UL: SNR = 63.50 dB | SE = 20.778 bit/s/Hz
[21727 ms] [UE 22873] UL: SNR = 58.00 dB | SE = 18.978 bit/s/Hz
[21727 ms] [UE 30556] UL: SNR = 63.50 dB | SE = 20.778 bit/s/Hz
[21727 ms] [UE 20945] UL: SNR = 52.50 dB | SE = 17.179 bit/s/Hz
[21732 ms] [UE 45898] UL: SNR = 63.50 dB | SE = 20.778 bit/s/Hz
[21732 ms] [UE 36997] UL: SNR = 63.50 dB | SE = 20.778 bit/s/Hz
[21732 ms] [UE 48787] UL: SNR = 63.50 dB | SE = 20.778 bit/s/Hz
[21732 ms] [UE 40252] UL: SNR = 56.00 dB | SE = 18.324 bit/s/Hz
[21732 ms] [UE 15599] UL: SNR = 52.50 dB | SE = 17.179 bit/s/Hz
[21832 ms] [UE 45898] UL: SNR = 63.50 dB | SE = 20.778 bit/s/Hz
[21832 ms] [UE 36997] UL: SNR = 63.50 dB | SE = 20.778 bit/s/Hz
[21832 ms] [UE 48787] UL: SNR = 63.50 dB | SE = 20.778 bit/s/Hz
[21832 ms] [UE 40252] UL: SNR = 56.00 dB | SE = 18.324 bit/s/Hz
[21832 ms] [UE 15599] UL: SNR = 52.50 dB | SE = 17.179 bit/s/Hz
[21835 ms] [UE 33952] UL: SNR = 6.50 dB | SE = 2.414 bit/s/Hz
[21835 ms] [UE 12169] UL: SNR = 63.50 dB | SE = 20.778 bit/s/Hz
[21835 ms] [UE 22873] UL: SNR = 58.00 dB | SE = 18.978 bit/s/Hz
[21835 ms] [UE 30556] UL: SNR = 63.50 dB | SE = 20.778 bit/s/Hz
[21835 ms] [UE 20945] UL: SNR = 52.50 dB | SE = 17.179 bit/s/Hz
[21933 ms] [UE 45898] UL: SNR = 63.50 dB | SE = 20.778 bit/s/Hz
[21933 ms] [UE 36997] UL: SNR = 63.50 dB | SE = 20.778 bit/s/Hz
[21933 ms] [UE 48787] UL: SNR = 63.50 dB | SE = 20.778 bit/s/Hz
[21933 ms] [UE 40252] UL: SNR = 56.00 dB | SE = 18.324 bit/s/Hz
[21933 ms] [UE 15599] UL: SNR = 52.50 dB | SE = 17.179 bit/s/Hz
[21936 ms] [UE 33952] UL: SNR = 6.50 dB | SE = 2.414 bit/s/Hz
[21936 ms] [UE 12169] UL: SNR = 63.50 dB | SE = 20.778 bit/s/Hz
[21936 ms] [UE 22873] UL: SNR = 58.00 dB | SE = 18.978 bit/s/Hz
[21936 ms] [UE 30556] UL: SNR = 63.50 dB | SE = 20.778 bit/s/Hz
[21936 ms] [UE 20945] UL: SNR = 52.50 dB | SE = 17.179 bit/s/Hz
[22036 ms] [UE 33952] UL: SNR = 6.50 dB | SE = 2.414 bit/s/Hz
[22036 ms] [UE 12169] UL: SNR = 63.50 dB | SE = 20.778 bit/s/Hz
[22036 ms] [UE 22873] UL: SNR = 58.00 dB | SE = 18.978 bit/s/Hz
[22036 ms] [UE 30556] UL: SNR = 63.50 dB | SE = 20.778 bit/s/Hz
[22036 ms] [UE 20945] UL: SNR = 52.50 dB | SE = 17.179 bit/s/Hz
[22043 ms] [UE 45898] UL: SNR = 63.50 dB | SE = 20.778 bit/s/Hz
[22043 ms] [UE 36997] UL: SNR = 63.50 dB | SE = 20.778 bit/s/Hz
[22043 ms] [UE 48787] UL: SNR = 63.50 dB | SE = 20.778 bit/s/Hz
[22043 ms] [UE 40252] UL: SNR = 56.00 dB | SE = 18.324 bit/s/Hz
[22043 ms] [UE 15599] UL: SNR = 52.50 dB | SE = 17.179 bit/s/Hz
[22136 ms] [UE 33952] UL: SNR = 6.50 dB | SE = 2.414 bit/s/Hz
[22136 ms] [UE 12169] UL: SNR = 63.50 dB | SE = 20.778 bit/s/Hz
[22136 ms] [UE 22873] UL: SNR = 58.00 dB | SE = 18.978 bit/s/Hz
[22136 ms] [UE 30556] UL: SNR = 63.50 dB | SE = 20.778 bit/s/Hz
[22136 ms] [UE 20945] UL: SNR = 52.50 dB | SE = 17.179 bit/s/Hz
[22143 ms] [UE 45898] UL: SNR = 63.50 dB | SE = 20.778 bit/s/Hz
[22143 ms] [UE 36997] UL: SNR = 63.50 dB | SE = 20.778 bit/s/Hz
[22143 ms] [UE 48787] UL: SNR = 63.50 dB | SE = 20.778 bit/s/Hz
[22143 ms] [UE 40252] UL: SNR = 56.00 dB | SE = 18.324 bit/s/Hz
[22143 ms] [UE 15599] UL: SNR = 52.50 dB | SE = 17.179 bit/s/Hz
[22237 ms] [UE 33952] UL: SNR = 6.50 dB | SE = 2.414 bit/s/Hz
[22237 ms] [UE 12169] UL: SNR = 63.50 dB | SE = 20.778 bit/s/Hz
[22237 ms] [UE 22873] UL: SNR = 58.00 dB | SE = 18.978 bit/s/Hz
[22237 ms] [UE 30556] UL: SNR = 53.50 dB | SE = 17.506 bit/s/Hz
[22237 ms] [UE 20945] UL: SNR = 52.50 dB | SE = 17.179 bit/s/Hz
[22243 ms] [UE 45898] UL: SNR = 63.50 dB | SE = 20.778 bit/s/Hz
[22243 ms] [UE 36997] UL: SNR = 63.50 dB | SE = 20.778 bit/s/Hz
[22243 ms] [UE 48787] UL: SNR = 63.50 dB | SE = 20.778 bit/s/Hz
[22243 ms] [UE 40252] UL: SNR = 56.00 dB | SE = 18.324 bit/s/Hz
[22243 ms] [UE 15599] UL: SNR = 52.50 dB | SE = 17.179 bit/s/Hz
[22346 ms] [UE 33952] UL: SNR = 6.50 dB | SE = 2.414 bit/s/Hz
[22346 ms] [UE 12169] UL: SNR = 63.50 dB | SE = 20.778 bit/s/Hz
[22346 ms] [UE 22873] UL: SNR = 58.00 dB | SE = 18.978 bit/s/Hz
[22346 ms] [UE 30556] UL: SNR = 53.50 dB | SE = 17.506 bit/s/Hz
[22346 ms] [UE 20945] UL: SNR = 52.50 dB | SE = 17.179 bit/s/Hz
[22353 ms] [UE 45898] UL: SNR = 63.50 dB | SE = 20.778 bit/s/Hz
[22353 ms] [UE 36997] UL: SNR = 63.50 dB | SE = 20.778 bit/s/Hz
[22353 ms] [UE 48787] UL: SNR = 63.50 dB | SE = 20.778 bit/s/Hz
[22353 ms] [UE 40252] UL: SNR = 56.00 dB | SE = 18.324 bit/s/Hz
[22353 ms] [UE 15599] UL: SNR = 52.50 dB | SE = 17.179 bit/s/Hz
[22453 ms] [UE 45898] UL: SNR = 63.50 dB | SE = 20.778 bit/s/Hz
[22453 ms] [UE 36997] UL: SNR = 63.50 dB | SE = 20.778 bit/s/Hz
[22453 ms] [UE 48787] UL: SNR = 63.50 dB | SE = 20.778 bit/s/Hz
[22453 ms] [UE 40252] UL: SNR = 56.00 dB | SE = 18.324 bit/s/Hz
[22453 ms] [UE 15599] UL: SNR = 52.50 dB | SE = 17.179 bit/s/Hz
[22456 ms] [UE 33952] UL: SNR = 6.50 dB | SE = 2.414 bit/s/Hz
[22456 ms] [UE 12169] UL: SNR = 63.50 dB | SE = 20.778 bit/s/Hz
[22456 ms] [UE 22873] UL: SNR = 58.00 dB | SE = 18.978 bit/s/Hz
[22456 ms] [UE 30556] UL: SNR = 53.50 dB | SE = 17.506 bit/s/Hz
[22456 ms] [UE 20945] UL: SNR = 52.50 dB | SE = 17.179 bit/s/Hz
[22563 ms] [UE 45898] UL: SNR = 63.50 dB | SE = 20.778 bit/s/Hz
[22563 ms] [UE 36997] UL: SNR = 63.50 dB | SE = 20.778 bit/s/Hz
[22563 ms] [UE 48787] UL: SNR = 63.50 dB | SE = 20.778 bit/s/Hz
[22563 ms] [UE 40252] UL: SNR = 56.00 dB | SE = 18.324 bit/s/Hz
[22563 ms] [UE 15599] UL: SNR = 52.50 dB | SE = 17.179 bit/s/Hz
[22565 ms] [UE 33952] UL: SNR = 6.50 dB | SE = 2.414 bit/s/Hz
[22565 ms] [UE 12169] UL: SNR = 63.50 dB | SE = 20.778 bit/s/Hz
[22565 ms] [UE 22873] UL: SNR = 58.00 dB | SE = 18.978 bit/s/Hz
[22565 ms] [UE 30556] UL: SNR = 53.50 dB | SE = 17.506 bit/s/Hz
[22565 ms] [UE 20945] UL: SNR = 52.50 dB | SE = 17.179 bit/s/Hz
[22663 ms] [UE 45898] UL: SNR = 63.50 dB | SE = 20.778 bit/s/Hz
[22663 ms] [UE 36997] UL: SNR = 63.50 dB | SE = 20.778 bit/s/Hz
[22663 ms] [UE 48787] UL: SNR = 63.50 dB | SE = 20.778 bit/s/Hz
[22663 ms] [UE 40252] UL: SNR = 56.00 dB | SE = 18.324 bit/s/Hz
[22663 ms] [UE 15599] UL: SNR = 52.50 dB | SE = 17.179 bit/s/Hz
[22666 ms] [UE 33952] UL: SNR = 6.50 dB | SE = 2.414 bit/s/Hz
[22666 ms] [UE 12169] UL: SNR = 63.50 dB | SE = 20.778 bit/s/Hz
[22666 ms] [UE 22873] UL: SNR = 58.00 dB | SE = 18.978 bit/s/Hz
[22666 ms] [UE 30556] UL: SNR = 53.50 dB | SE = 17.506 bit/s/Hz
[22666 ms] [UE 20945] UL: SNR = 52.50 dB | SE = 17.179 bit/s/Hz
[22763 ms] [UE 45898] UL: SNR = 63.50 dB | SE = 20.778 bit/s/Hz
[22763 ms] [UE 36997] UL: SNR = 63.50 dB | SE = 20.778 bit/s/Hz
[22763 ms] [UE 48787] UL: SNR = 63.50 dB | SE = 20.778 bit/s/Hz
[22763 ms] [UE 40252] UL: SNR = 56.00 dB | SE = 18.324 bit/s/Hz
[22763 ms] [UE 15599] UL: SNR = 52.50 dB | SE = 17.179 bit/s/Hz
[22766 ms] [UE 33952] UL: SNR = 6.50 dB | SE = 2.414 bit/s/Hz
[22766 ms] [UE 12169] UL: SNR = 63.50 dB | SE = 20.778 bit/s/Hz
[22766 ms] [UE 22873] UL: SNR = 58.00 dB | SE = 18.978 bit/s/Hz
[22766 ms] [UE 30556] UL: SNR = 53.50 dB | SE = 17.506 bit/s/Hz
[22766 ms] [UE 20945] UL: SNR = 52.50 dB | SE = 17.179 bit/s/Hz
[22873 ms] [UE 45898] UL: SNR = 63.50 dB | SE = 20.778 bit/s/Hz
[22873 ms] [UE 36997] UL: SNR = 63.50 dB | SE = 20.778 bit/s/Hz
[22873 ms] [UE 48787] UL: SNR = 63.50 dB | SE = 20.778 bit/s/Hz
[22873 ms] [UE 40252] UL: SNR = 56.00 dB | SE = 18.324 bit/s/Hz
[22873 ms] [UE 15599] UL: SNR = 52.50 dB | SE = 17.179 bit/s/Hz
[22875 ms] [UE 33952] UL: SNR = 6.50 dB | SE = 2.414 bit/s/Hz
[22875 ms] [UE 12169] UL: SNR = 63.50 dB | SE = 20.778 bit/s/Hz
[22875 ms] [UE 22873] UL: SNR = 63.50 dB | SE = 20.778 bit/s/Hz
[22875 ms] [UE 30556] UL: SNR = 53.50 dB | SE = 17.506 bit/s/Hz
[22875 ms] [UE 20945] UL: SNR = 52.50 dB | SE = 17.179 bit/s/Hz
[22983 ms] [UE 45898] UL: SNR = 63.50 dB | SE = 20.778 bit/s/Hz
[22983 ms] [UE 36997] UL: SNR = 63.50 dB | SE = 20.778 bit/s/Hz
[22983 ms] [UE 48787] UL: SNR = 63.50 dB | SE = 20.778 bit/s/Hz
[22983 ms] [UE 40252] UL: SNR = 56.00 dB | SE = 18.324 bit/s/Hz
[22983 ms] [UE 15599] UL: SNR = 52.50 dB | SE = 17.179 bit/s/Hz
[22988 ms] [UE 33952] UL: SNR = 6.50 dB | SE = 2.414 bit/s/Hz
[22988 ms] [UE 12169] UL: SNR = 63.50 dB | SE = 20.778 bit/s/Hz
[22988 ms] [UE 22873] UL: SNR = 63.50 dB | SE = 20.778 bit/s/Hz
[22988 ms] [UE 30556] UL: SNR = 53.50 dB | SE = 17.506 bit/s/Hz
[22988 ms] [UE 20945] UL: SNR = 52.50 dB | SE = 17.179 bit/s/Hz
[23083 ms] [UE 45898] UL: SNR = 63.50 dB | SE = 20.778 bit/s/Hz
[23083 ms] [UE 36997] UL: SNR = 63.50 dB | SE = 20.778 bit/s/Hz
[23083 ms] [UE 48787] UL: SNR = 63.50 dB | SE = 20.778 bit/s/Hz
[23083 ms] [UE 40252] UL: SNR = 56.00 dB | SE = 18.324 bit/s/Hz
[23083 ms] [UE 15599] UL: SNR = 52.50 dB | SE = 17.179 bit/s/Hz
[23096 ms] [UE 33952] UL: SNR = 6.50 dB | SE = 2.414 bit/s/Hz
[23096 ms] [UE 12169] UL: SNR = 63.50 dB | SE = 20.778 bit/s/Hz
[23096 ms] [UE 22873] UL: SNR = 63.50 dB | SE = 20.778 bit/s/Hz
[23096 ms] [UE 30556] UL: SNR = 63.50 dB | SE = 20.778 bit/s/Hz
[23096 ms] [UE 20945] UL: SNR = 52.50 dB | SE = 17.179 bit/s/Hz
[23193 ms] [UE 45898] UL: SNR = 63.50 dB | SE = 20.778 bit/s/Hz
[23193 ms] [UE 36997] UL: SNR = 63.50 dB | SE = 20.778 bit/s/Hz
[23193 ms] [UE 48787] UL: SNR = 63.50 dB | SE = 20.778 bit/s/Hz
[23193 ms] [UE 40252] UL: SNR = 56.00 dB | SE = 18.324 bit/s/Hz
[23193 ms] [UE 15599] UL: SNR = 52.50 dB | SE = 17.179 bit/s/Hz
[23206 ms] [UE 33952] UL: SNR = 6.50 dB | SE = 2.414 bit/s/Hz
[23206 ms] [UE 12169] UL: SNR = 63.50 dB | SE = 20.778 bit/s/Hz
[23206 ms] [UE 22873] UL: SNR = 63.50 dB | SE = 20.778 bit/s/Hz
[23206 ms] [UE 30556] UL: SNR = 63.50 dB | SE = 20.778 bit/s/Hz
[23206 ms] [UE 20945] UL: SNR = 52.50 dB | SE = 17.179 bit/s/Hz
[23294 ms] [UE 45898] UL: SNR = 63.50 dB | SE = 20.778 bit/s/Hz
[23294 ms] [UE 36997] UL: SNR = 63.50 dB | SE = 20.778 bit/s/Hz
[23294 ms] [UE 48787] UL: SNR = 63.50 dB | SE = 20.778 bit/s/Hz
[23294 ms] [UE 40252] UL: SNR = 56.00 dB | SE = 18.324 bit/s/Hz
[23294 ms] [UE 15599] UL: SNR = 52.50 dB | SE = 17.179 bit/s/Hz
[23316 ms] [UE 33952] UL: SNR = 6.50 dB | SE = 2.414 bit/s/Hz
[23316 ms] [UE 12169] UL: SNR = 63.50 dB | SE = 20.778 bit/s/Hz
[23316 ms] [UE 22873] UL: SNR = 63.50 dB | SE = 20.778 bit/s/Hz
[23316 ms] [UE 30556] UL: SNR = 63.50 dB | SE = 20.778 bit/s/Hz
[23316 ms] [UE 20945] UL: SNR = 52.50 dB | SE = 17.179 bit/s/Hz
[23403 ms] [UE 45898] UL: SNR = 63.50 dB | SE = 20.778 bit/s/Hz
[23403 ms] [UE 36997] UL: SNR = 63.50 dB | SE = 20.778 bit/s/Hz
[23403 ms] [UE 48787] UL: SNR = 63.50 dB | SE = 20.778 bit/s/Hz
[23403 ms] [UE 40252] UL: SNR = 56.00 dB | SE = 18.324 bit/s/Hz
[23403 ms] [UE 15599] UL: SNR = 52.50 dB | SE = 17.179 bit/s/Hz
[23425 ms] [UE 33952] UL: SNR = 6.50 dB | SE = 2.414 bit/s/Hz
[23425 ms] [UE 12169] UL: SNR = 63.50 dB | SE = 20.778 bit/s/Hz
[23425 ms] [UE 22873] UL: SNR = 63.50 dB | SE = 20.778 bit/s/Hz
[23425 ms] [UE 30556] UL: SNR = 63.50 dB | SE = 20.778 bit/s/Hz
[23425 ms] [UE 20945] UL: SNR = 52.50 dB | SE = 17.179 bit/s/Hz
[23503 ms] [UE 45898] UL: SNR = 63.50 dB | SE = 20.778 bit/s/Hz
[23503 ms] [UE 36997] UL: SNR = 63.50 dB | SE = 20.778 bit/s/Hz
[23503 ms] [UE 48787] UL: SNR = 63.50 dB | SE = 20.778 bit/s/Hz
[23503 ms] [UE 40252] UL: SNR = 56.00 dB | SE = 18.324 bit/s/Hz
[23503 ms] [UE 15599] UL: SNR = 52.50 dB | SE = 17.179 bit/s/Hz
[23526 ms] [UE 33952] UL: SNR = 6.50 dB | SE = 2.414 bit/s/Hz
[23526 ms] [UE 12169] UL: SNR = 63.50 dB | SE = 20.778 bit/s/Hz
[23526 ms] [UE 22873] UL: SNR = 63.50 dB | SE = 20.778 bit/s/Hz
[23526 ms] [UE 30556] UL: SNR = 63.50 dB | SE = 20.778 bit/s/Hz
[23526 ms] [UE 20945] UL: SNR = 52.50 dB | SE = 17.179 bit/s/Hz
[23613 ms] [UE 45898] UL: SNR = 63.50 dB | SE = 20.778 bit/s/Hz
[23613 ms] [UE 36997] UL: SNR = 63.50 dB | SE = 20.778 bit/s/Hz
[23613 ms] [UE 48787] UL: SNR = 63.50 dB | SE = 20.778 bit/s/Hz
[23613 ms] [UE 40252] UL: SNR = 56.00 dB | SE = 18.324 bit/s/Hz
[23613 ms] [UE 15599] UL: SNR = 52.50 dB | SE = 17.179 bit/s/Hz
[23636 ms] [UE 33952] UL: SNR = 6.50 dB | SE = 2.414 bit/s/Hz
[23636 ms] [UE 12169] UL: SNR = 63.50 dB | SE = 20.778 bit/s/Hz
[23636 ms] [UE 22873] UL: SNR = 63.50 dB | SE = 20.778 bit/s/Hz
[23636 ms] [UE 30556] UL: SNR = 63.50 dB | SE = 20.778 bit/s/Hz
[23636 ms] [UE 20945] UL: SNR = 52.50 dB | SE = 17.179 bit/s/Hz
[23713 ms] [UE 45898] UL: SNR = 63.50 dB | SE = 20.778 bit/s/Hz
[23713 ms] [UE 36997] UL: SNR = 63.50 dB | SE = 20.778 bit/s/Hz
[23713 ms] [UE 48787] UL: SNR = 63.50 dB | SE = 20.778 bit/s/Hz
[23713 ms] [UE 40252] UL: SNR = 56.00 dB | SE = 18.324 bit/s/Hz
[23713 ms] [UE 15599] UL: SNR = 52.50 dB | SE = 17.179 bit/s/Hz
[23745 ms] [UE 33952] UL: SNR = 63.50 dB | SE = 20.778 bit/s/Hz
[23745 ms] [UE 12169] UL: SNR = 63.50 dB | SE = 20.778 bit/s/Hz
[23745 ms] [UE 22873] UL: SNR = 63.50 dB | SE = 20.778 bit/s/Hz
[23745 ms] [UE 30556] UL: SNR = 63.50 dB | SE = 20.778 bit/s/Hz
[23745 ms] [UE 20945] UL: SNR = 52.50 dB | SE = 17.179 bit/s/Hz
[23823 ms] [UE 45898] UL: SNR = 63.50 dB | SE = 20.778 bit/s/Hz
[23823 ms] [UE 36997] UL: SNR = 63.50 dB | SE = 20.778 bit/s/Hz
[23823 ms] [UE 48787] UL: SNR = 63.50 dB | SE = 20.778 bit/s/Hz
[23823 ms] [UE 40252] UL: SNR = 56.00 dB | SE = 18.324 bit/s/Hz
[23823 ms] [UE 15599] UL: SNR = 52.50 dB | SE = 17.179 bit/s/Hz
[23845 ms] [UE 33952] UL: SNR = 63.50 dB | SE = 20.778 bit/s/Hz
[23845 ms] [UE 12169] UL: SNR = 63.50 dB | SE = 20.778 bit/s/Hz
[23845 ms] [UE 22873] UL: SNR = 63.50 dB | SE = 20.778 bit/s/Hz
[23845 ms] [UE 30556] UL: SNR = 63.50 dB | SE = 20.778 bit/s/Hz
[23845 ms] [UE 20945] UL: SNR = 52.50 dB | SE = 17.179 bit/s/Hz
[23923 ms] [UE 45898] UL: SNR = 63.50 dB | SE = 20.778 bit/s/Hz
[23923 ms] [UE 36997] UL: SNR = 63.50 dB | SE = 20.778 bit/s/Hz
[23923 ms] [UE 48787] UL: SNR = 63.50 dB | SE = 20.778 bit/s/Hz
[23923 ms] [UE 40252] UL: SNR = 56.00 dB | SE = 18.324 bit/s/Hz
[23923 ms] [UE 15599] UL: SNR = 52.50 dB | SE = 17.179 bit/s/Hz
[23946 ms] [UE 33952] UL: SNR = 63.50 dB | SE = 20.778 bit/s/Hz
[23946 ms] [UE 12169] UL: SNR = 63.50 dB | SE = 20.778 bit/s/Hz
[23946 ms] [UE 22873] UL: SNR = 63.50 dB | SE = 20.778 bit/s/Hz
[23946 ms] [UE 30556] UL: SNR = 63.50 dB | SE = 20.778 bit/s/Hz
[23946 ms] [UE 20945] UL: SNR = 52.50 dB | SE = 17.179 bit/s/Hz
[24033 ms] [UE 45898] UL: SNR = 63.50 dB | SE = 20.778 bit/s/Hz
[24033 ms] [UE 36997] UL: SNR = 63.50 dB | SE = 20.778 bit/s/Hz
[24033 ms] [UE 48787] UL: SNR = 63.50 dB | SE = 20.778 bit/s/Hz
[24033 ms] [UE 40252] UL: SNR = 56.00 dB | SE = 18.324 bit/s/Hz
[24033 ms] [UE 15599] UL: SNR = 52.50 dB | SE = 17.179 bit/s/Hz
[24046 ms] [UE 33952] UL: SNR = 63.50 dB | SE = 20.778 bit/s/Hz
[24046 ms] [UE 12169] UL: SNR = 63.50 dB | SE = 20.778 bit/s/Hz
[24046 ms] [UE 22873] UL: SNR = 63.50 dB | SE = 20.778 bit/s/Hz
[24046 ms] [UE 30556] UL: SNR = 63.50 dB | SE = 20.778 bit/s/Hz
[24046 ms] [UE 20945] UL: SNR = 52.50 dB | SE = 17.179 bit/s/Hz
[24143 ms] [UE 45898] UL: SNR = 63.50 dB | SE = 20.778 bit/s/Hz
[24143 ms] [UE 36997] UL: SNR = 63.50 dB | SE = 20.778 bit/s/Hz
[24143 ms] [UE 48787] UL: SNR = 63.50 dB | SE = 20.778 bit/s/Hz
[24143 ms] [UE 40252] UL: SNR = 56.00 dB | SE = 18.324 bit/s/Hz
[24143 ms] [UE 15599] UL: SNR = 52.50 dB | SE = 17.179 bit/s/Hz
[24156 ms] [UE 33952] UL: SNR = 63.50 dB | SE = 20.778 bit/s/Hz
[24156 ms] [UE 12169] UL: SNR = 63.50 dB | SE = 20.778 bit/s/Hz
[24156 ms] [UE 22873] UL: SNR = 63.50 dB | SE = 20.778 bit/s/Hz
[24156 ms] [UE 30556] UL: SNR = 63.50 dB | SE = 20.778 bit/s/Hz
[24156 ms] [UE 20945] UL: SNR = 52.50 dB | SE = 17.179 bit/s/Hz
[24243 ms] [UE 45898] UL: SNR = 63.50 dB | SE = 20.778 bit/s/Hz
[24243 ms] [UE 36997] UL: SNR = 63.50 dB | SE = 20.778 bit/s/Hz
[24243 ms] [UE 48787] UL: SNR = 63.50 dB | SE = 20.778 bit/s/Hz
[24243 ms] [UE 40252] UL: SNR = 56.00 dB | SE = 18.324 bit/s/Hz
[24243 ms] [UE 15599] UL: SNR = 52.50 dB | SE = 17.179 bit/s/Hz
[24256 ms] [UE 33952] UL: SNR = 63.50 dB | SE = 20.778 bit/s/Hz
[24256 ms] [UE 12169] UL: SNR = 63.50 dB | SE = 20.778 bit/s/Hz
[24256 ms] [UE 22873] UL: SNR = 63.50 dB | SE = 20.778 bit/s/Hz
[24256 ms] [UE 30556] UL: SNR = 63.50 dB | SE = 20.778 bit/s/Hz
[24256 ms] [UE 20945] UL: SNR = 52.50 dB | SE = 17.179 bit/s/Hz
[24353 ms] [UE 45898] UL: SNR = 63.50 dB | SE = 20.778 bit/s/Hz
[24353 ms] [UE 36997] UL: SNR = 63.50 dB | SE = 20.778 bit/s/Hz
[24353 ms] [UE 48787] UL: SNR = 63.50 dB | SE = 20.778 bit/s/Hz
[24353 ms] [UE 40252] UL: SNR = 56.00 dB | SE = 18.324 bit/s/Hz
[24353 ms] [UE 15599] UL: SNR = 52.50 dB | SE = 17.179 bit/s/Hz
[24356 ms] [UE 33952] UL: SNR = 63.50 dB | SE = 20.778 bit/s/Hz
[24356 ms] [UE 12169] UL: SNR = 63.50 dB | SE = 20.778 bit/s/Hz
[24356 ms] [UE 22873] UL: SNR = 63.50 dB | SE = 20.778 bit/s/Hz
[24356 ms] [UE 30556] UL: SNR = 63.50 dB | SE = 20.778 bit/s/Hz
[24356 ms] [UE 20945] UL: SNR = 52.50 dB | SE = 17.179 bit/s/Hz
[24453 ms] [UE 45898] UL: SNR = 63.50 dB | SE = 20.778 bit/s/Hz
[24453 ms] [UE 36997] UL: SNR = 63.50 dB | SE = 20.778 bit/s/Hz
[24453 ms] [UE 48787] UL: SNR = 63.50 dB | SE = 20.778 bit/s/Hz
[24453 ms] [UE 40252] UL: SNR = 56.00 dB | SE = 18.324 bit/s/Hz
[24453 ms] [UE 15599] UL: SNR = 52.50 dB | SE = 17.179 bit/s/Hz
[24467 ms] [UE 33952] UL: SNR = 63.50 dB | SE = 20.778 bit/s/Hz
[24467 ms] [UE 12169] UL: SNR = 63.50 dB | SE = 20.778 bit/s/Hz
[24467 ms] [UE 22873] UL: SNR = 63.50 dB | SE = 20.778 bit/s/Hz
[24467 ms] [UE 30556] UL: SNR = 63.50 dB | SE = 20.778 bit/s/Hz
[24467 ms] [UE 20945] UL: SNR = 52.50 dB | SE = 17.179 bit/s/Hz
[24563 ms] [UE 45898] UL: SNR = 63.50 dB | SE = 20.778 bit/s/Hz
[24563 ms] [UE 36997] UL: SNR = 63.50 dB | SE = 20.778 bit/s/Hz
[24563 ms] [UE 48787] UL: SNR = 63.50 dB | SE = 20.778 bit/s/Hz
[24563 ms] [UE 40252] UL: SNR = 56.00 dB | SE = 18.324 bit/s/Hz
[24563 ms] [UE 15599] UL: SNR = 52.50 dB | SE = 17.179 bit/s/Hz
[24576 ms] [UE 33952] UL: SNR = 63.50 dB | SE = 20.778 bit/s/Hz
[24576 ms] [UE 12169] UL: SNR = 63.50 dB | SE = 20.778 bit/s/Hz
[24576 ms] [UE 22873] UL: SNR = 63.50 dB | SE = 20.778 bit/s/Hz
[24576 ms] [UE 30556] UL: SNR = 63.50 dB | SE = 20.778 bit/s/Hz
[24576 ms] [UE 20945] UL: SNR = 52.50 dB | SE = 17.179 bit/s/Hz
[24663 ms] [UE 45898] UL: SNR = 63.50 dB | SE = 20.778 bit/s/Hz
[24663 ms] [UE 36997] UL: SNR = 63.50 dB | SE = 20.778 bit/s/Hz
[24663 ms] [UE 48787] UL: SNR = 63.50 dB | SE = 20.778 bit/s/Hz
[24663 ms] [UE 40252] UL: SNR = 56.00 dB | SE = 18.324 bit/s/Hz
[24663 ms] [UE 15599] UL: SNR = 52.50 dB | SE = 17.179 bit/s/Hz
[24676 ms] [UE 33952] UL: SNR = 63.50 dB | SE = 20.778 bit/s/Hz
[24676 ms] [UE 12169] UL: SNR = 63.50 dB | SE = 20.778 bit/s/Hz
[24676 ms] [UE 22873] UL: SNR = 63.50 dB | SE = 20.778 bit/s/Hz
[24676 ms] [UE 30556] UL: SNR = 63.50 dB | SE = 20.778 bit/s/Hz
[24676 ms] [UE 20945] UL: SNR = 52.50 dB | SE = 17.179 bit/s/Hz
[24763 ms] [UE 45898] UL: SNR = 63.50 dB | SE = 20.778 bit/s/Hz
[24763 ms] [UE 36997] UL: SNR = 63.50 dB | SE = 20.778 bit/s/Hz
[24763 ms] [UE 48787] UL: SNR = 63.50 dB | SE = 20.778 bit/s/Hz
[24763 ms] [UE 40252] UL: SNR = 56.00 dB | SE = 18.324 bit/s/Hz
[24763 ms] [UE 15599] UL: SNR = 52.50 dB | SE = 17.179 bit/s/Hz
[24785 ms] [UE 33952] UL: SNR = 63.50 dB | SE = 20.778 bit/s/Hz
[24785 ms] [UE 12169] UL: SNR = 63.50 dB | SE = 20.778 bit/s/Hz
[24785 ms] [UE 22873] UL: SNR = 63.50 dB | SE = 20.778 bit/s/Hz
[24785 ms] [UE 30556] UL: SNR = 63.50 dB | SE = 20.778 bit/s/Hz
[24785 ms] [UE 20945] UL: SNR = 52.50 dB | SE = 17.179 bit/s/Hz
[24873 ms] [UE 45898] UL: SNR = 63.50 dB | SE = 20.778 bit/s/Hz
[24873 ms] [UE 36997] UL: SNR = 63.50 dB | SE = 20.778 bit/s/Hz
[24873 ms] [UE 48787] UL: SNR = 63.50 dB | SE = 20.778 bit/s/Hz
[24873 ms] [UE 40252] UL: SNR = 56.00 dB | SE = 18.324 bit/s/Hz
[24873 ms] [UE 15599] UL: SNR = 52.50 dB | SE = 17.179 bit/s/Hz
[24886 ms] [UE 33952] UL: SNR = 63.50 dB | SE = 20.778 bit/s/Hz
[24886 ms] [UE 12169] UL: SNR = 63.50 dB | SE = 20.778 bit/s/Hz
[24886 ms] [UE 22873] UL: SNR = 63.50 dB | SE = 20.778 bit/s/Hz
[24886 ms] [UE 30556] UL: SNR = 63.50 dB | SE = 20.778 bit/s/Hz
[24886 ms] [UE 20945] UL: SNR = 52.50 dB | SE = 17.179 bit/s/Hz
[24973 ms] [UE 45898] UL: SNR = 63.50 dB | SE = 20.778 bit/s/Hz
[24973 ms] [UE 36997] UL: SNR = 63.50 dB | SE = 20.778 bit/s/Hz
[24973 ms] [UE 48787] UL: SNR = 63.50 dB | SE = 20.778 bit/s/Hz
[24973 ms] [UE 40252] UL: SNR = 56.00 dB | SE = 18.324 bit/s/Hz
[24973 ms] [UE 15599] UL: SNR = 52.50 dB | SE = 17.179 bit/s/Hz
[24998 ms] [UE 33952] UL: SNR = 63.50 dB | SE = 20.778 bit/s/Hz
[24998 ms] [UE 12169] UL: SNR = 63.50 dB | SE = 20.778 bit/s/Hz
[24998 ms] [UE 22873] UL: SNR = 63.50 dB | SE = 20.778 bit/s/Hz
[24998 ms] [UE 30556] UL: SNR = 63.50 dB | SE = 20.778 bit/s/Hz
[24998 ms] [UE 20945] UL: SNR = 52.50 dB | SE = 17.179 bit/s/Hz
[25073 ms] [UE 45898] UL: SNR = 63.50 dB | SE = 20.778 bit/s/Hz
[25073 ms] [UE 36997] UL: SNR = 63.50 dB | SE = 20.778 bit/s/Hz
[25073 ms] [UE 48787] UL: SNR = 63.50 dB | SE = 20.778 bit/s/Hz
[25073 ms] [UE 40252] UL: SNR = 56.00 dB | SE = 18.324 bit/s/Hz
[25073 ms] [UE 15599] UL: SNR = 52.50 dB | SE = 17.179 bit/s/Hz
[25106 ms] [UE 33952] UL: SNR = 63.50 dB | SE = 20.778 bit/s/Hz
[25106 ms] [UE 12169] UL: SNR = 63.50 dB | SE = 20.778 bit/s/Hz
[25106 ms] [UE 22873] UL: SNR = 63.50 dB | SE = 20.778 bit/s/Hz
[25106 ms] [UE 30556] UL: SNR = 63.50 dB | SE = 20.778 bit/s/Hz
[25106 ms] [UE 20945] UL: SNR = 52.50 dB | SE = 17.179 bit/s/Hz
[25184 ms] [UE 45898] UL: SNR = 63.50 dB | SE = 20.778 bit/s/Hz
[25184 ms] [UE 36997] UL: SNR = 63.50 dB | SE = 20.778 bit/s/Hz
[25184 ms] [UE 48787] UL: SNR = 63.50 dB | SE = 20.778 bit/s/Hz
[25184 ms] [UE 40252] UL: SNR = 56.00 dB | SE = 18.324 bit/s/Hz
[25184 ms] [UE 15599] UL: SNR = 52.50 dB | SE = 17.179 bit/s/Hz
[25206 ms] [UE 33952] UL: SNR = 63.50 dB | SE = 20.778 bit/s/Hz
[25206 ms] [UE 12169] UL: SNR = 63.50 dB | SE = 20.778 bit/s/Hz
[25206 ms] [UE 22873] UL: SNR = 63.50 dB | SE = 20.778 bit/s/Hz
[25206 ms] [UE 30556] UL: SNR = 63.50 dB | SE = 20.778 bit/s/Hz
[25206 ms] [UE 20945] UL: SNR = 52.50 dB | SE = 17.179 bit/s/Hz
[25293 ms] [UE 45898] UL: SNR = 63.50 dB | SE = 20.778 bit/s/Hz
[25293 ms] [UE 36997] UL: SNR = 63.50 dB | SE = 20.778 bit/s/Hz
[25293 ms] [UE 48787] UL: SNR = 63.50 dB | SE = 20.778 bit/s/Hz
[25293 ms] [UE 40252] UL: SNR = 56.00 dB | SE = 18.324 bit/s/Hz
[25293 ms] [UE 15599] UL: SNR = 52.50 dB | SE = 17.179 bit/s/Hz
[25316 ms] [UE 33952] UL: SNR = 63.50 dB | SE = 20.778 bit/s/Hz
[25316 ms] [UE 12169] UL: SNR = 63.50 dB | SE = 20.778 bit/s/Hz
[25316 ms] [UE 22873] UL: SNR = 63.50 dB | SE = 20.778 bit/s/Hz
[25316 ms] [UE 30556] UL: SNR = 63.50 dB | SE = 20.778 bit/s/Hz
[25316 ms] [UE 20945] UL: SNR = 52.50 dB | SE = 17.179 bit/s/Hz
[25403 ms] [UE 45898] UL: SNR = 63.50 dB | SE = 20.778 bit/s/Hz
[25403 ms] [UE 36997] UL: SNR = 63.50 dB | SE = 20.778 bit/s/Hz
[25403 ms] [UE 48787] UL: SNR = 63.50 dB | SE = 20.778 bit/s/Hz
[25403 ms] [UE 40252] UL: SNR = 56.00 dB | SE = 18.324 bit/s/Hz
[25403 ms] [UE 15599] UL: SNR = 52.50 dB | SE = 17.179 bit/s/Hz
[25417 ms] [UE 33952] UL: SNR = 63.50 dB | SE = 20.778 bit/s/Hz
[25417 ms] [UE 12169] UL: SNR = 63.50 dB | SE = 20.778 bit/s/Hz
[25417 ms] [UE 22873] UL: SNR = 63.50 dB | SE = 20.778 bit/s/Hz
[25417 ms] [UE 30556] UL: SNR = 63.50 dB | SE = 20.778 bit/s/Hz
[25417 ms] [UE 20945] UL: SNR = 52.50 dB | SE = 17.179 bit/s/Hz
[25504 ms] [UE 45898] UL: SNR = 63.50 dB | SE = 20.778 bit/s/Hz
[25504 ms] [UE 36997] UL: SNR = 63.50 dB | SE = 20.778 bit/s/Hz
[25504 ms] [UE 48787] UL: SNR = 63.50 dB | SE = 20.778 bit/s/Hz
[25504 ms] [UE 40252] UL: SNR = 56.00 dB | SE = 18.324 bit/s/Hz
[25504 ms] [UE 15599] UL: SNR = 52.50 dB | SE = 17.179 bit/s/Hz
[25526 ms] [UE 33952] UL: SNR = 63.50 dB | SE = 20.778 bit/s/Hz
[25526 ms] [UE 12169] UL: SNR = 63.50 dB | SE = 20.778 bit/s/Hz
[25526 ms] [UE 22873] UL: SNR = 63.50 dB | SE = 20.778 bit/s/Hz
[25526 ms] [UE 30556] UL: SNR = 63.50 dB | SE = 20.778 bit/s/Hz
[25526 ms] [UE 20945] UL: SNR = 52.50 dB | SE = 17.179 bit/s/Hz
[25613 ms] [UE 45898] UL: SNR = 63.50 dB | SE = 20.778 bit/s/Hz
[25613 ms] [UE 36997] UL: SNR = 63.50 dB | SE = 20.778 bit/s/Hz
[25613 ms] [UE 48787] UL: SNR = 63.50 dB | SE = 20.778 bit/s/Hz
[25613 ms] [UE 40252] UL: SNR = 56.00 dB | SE = 18.324 bit/s/Hz
[25613 ms] [UE 15599] UL: SNR = 52.50 dB | SE = 17.179 bit/s/Hz
[25626 ms] [UE 33952] UL: SNR = 63.50 dB | SE = 20.778 bit/s/Hz
[25626 ms] [UE 12169] UL: SNR = 63.50 dB | SE = 20.778 bit/s/Hz
[25626 ms] [UE 22873] UL: SNR = 63.50 dB | SE = 20.778 bit/s/Hz
[25626 ms] [UE 30556] UL: SNR = 63.50 dB | SE = 20.778 bit/s/Hz
[25626 ms] [UE 20945] UL: SNR = 52.50 dB | SE = 17.179 bit/s/Hz
[25713 ms] [UE 45898] UL: SNR = 63.50 dB | SE = 20.778 bit/s/Hz
[25713 ms] [UE 36997] UL: SNR = 63.50 dB | SE = 20.778 bit/s/Hz
[25713 ms] [UE 48787] UL: SNR = 63.50 dB | SE = 20.778 bit/s/Hz
[25713 ms] [UE 40252] UL: SNR = 56.00 dB | SE = 18.324 bit/s/Hz
[25713 ms] [UE 15599] UL: SNR = 52.50 dB | SE = 17.179 bit/s/Hz
[25726 ms] [UE 33952] UL: SNR = 63.50 dB | SE = 20.778 bit/s/Hz
[25726 ms] [UE 12169] UL: SNR = 63.50 dB | SE = 20.778 bit/s/Hz
[25726 ms] [UE 22873] UL: SNR = 63.50 dB | SE = 20.778 bit/s/Hz
[25726 ms] [UE 30556] UL: SNR = 63.50 dB | SE = 20.778 bit/s/Hz
[25726 ms] [UE 20945] UL: SNR = 52.50 dB | SE = 17.179 bit/s/Hz
[25823 ms] [UE 45898] UL: SNR = 63.50 dB | SE = 20.778 bit/s/Hz
[25823 ms] [UE 36997] UL: SNR = 63.50 dB | SE = 20.778 bit/s/Hz
[25823 ms] [UE 48787] UL: SNR = 63.50 dB | SE = 20.778 bit/s/Hz
[25823 ms] [UE 40252] UL: SNR = 56.00 dB | SE = 18.324 bit/s/Hz
[25823 ms] [UE 15599] UL: SNR = 52.50 dB | SE = 17.179 bit/s/Hz
[25826 ms] [UE 33952] UL: SNR = 63.50 dB | SE = 20.778 bit/s/Hz
[25826 ms] [UE 12169] UL: SNR = 63.50 dB | SE = 20.778 bit/s/Hz
[25826 ms] [UE 22873] UL: SNR = 63.50 dB | SE = 20.778 bit/s/Hz
[25826 ms] [UE 30556] UL: SNR = 63.50 dB | SE = 20.778 bit/s/Hz
[25826 ms] [UE 20945] UL: SNR = 52.50 dB | SE = 17.179 bit/s/Hz
[25923 ms] [UE 45898] UL: SNR = 63.50 dB | SE = 20.778 bit/s/Hz
[25923 ms] [UE 36997] UL: SNR = 63.50 dB | SE = 20.778 bit/s/Hz
[25923 ms] [UE 48787] UL: SNR = 63.50 dB | SE = 20.778 bit/s/Hz
[25923 ms] [UE 40252] UL: SNR = 56.00 dB | SE = 18.324 bit/s/Hz
[25923 ms] [UE 15599] UL: SNR = 52.50 dB | SE = 17.179 bit/s/Hz
[25936 ms] [UE 33952] UL: SNR = 63.50 dB | SE = 20.778 bit/s/Hz
[25936 ms] [UE 12169] UL: SNR = 63.50 dB | SE = 20.778 bit/s/Hz
[25936 ms] [UE 22873] UL: SNR = 63.50 dB | SE = 20.778 bit/s/Hz
[25936 ms] [UE 30556] UL: SNR = 63.50 dB | SE = 20.778 bit/s/Hz
[25936 ms] [UE 20945] UL: SNR = 52.50 dB | SE = 17.179 bit/s/Hz
[26033 ms] [UE 45898] UL: SNR = 63.50 dB | SE = 20.778 bit/s/Hz
[26033 ms] [UE 36997] UL: SNR = 63.50 dB | SE = 20.778 bit/s/Hz
[26033 ms] [UE 48787] UL: SNR = 63.50 dB | SE = 20.778 bit/s/Hz
[26033 ms] [UE 40252] UL: SNR = 56.00 dB | SE = 18.324 bit/s/Hz
[26033 ms] [UE 15599] UL: SNR = 52.50 dB | SE = 17.179 bit/s/Hz
[26037 ms] [UE 33952] UL: SNR = 63.50 dB | SE = 20.778 bit/s/Hz
[26037 ms] [UE 12169] UL: SNR = 63.50 dB | SE = 20.778 bit/s/Hz
[26037 ms] [UE 22873] UL: SNR = 63.50 dB | SE = 20.778 bit/s/Hz
[26037 ms] [UE 30556] UL: SNR = 63.50 dB | SE = 20.778 bit/s/Hz
[26037 ms] [UE 20945] UL: SNR = 52.50 dB | SE = 17.179 bit/s/Hz
[26143 ms] [UE 45898] UL: SNR = 63.50 dB | SE = 20.778 bit/s/Hz
[26143 ms] [UE 36997] UL: SNR = 63.50 dB | SE = 20.778 bit/s/Hz
[26143 ms] [UE 48787] UL: SNR = 63.50 dB | SE = 20.778 bit/s/Hz
[26143 ms] [UE 40252] UL: SNR = 56.00 dB | SE = 18.324 bit/s/Hz
[26143 ms] [UE 15599] UL: SNR = 52.50 dB | SE = 17.179 bit/s/Hz
[26147 ms] [UE 33952] UL: SNR = 63.50 dB | SE = 20.778 bit/s/Hz
[26147 ms] [UE 12169] UL: SNR = 63.50 dB | SE = 20.778 bit/s/Hz
[26147 ms] [UE 22873] UL: SNR = 63.50 dB | SE = 20.778 bit/s/Hz
[26147 ms] [UE 30556] UL: SNR = 63.50 dB | SE = 20.778 bit/s/Hz
[26147 ms] [UE 20945] UL: SNR = 52.50 dB | SE = 17.179 bit/s/Hz
[26243 ms] [UE 45898] UL: SNR = 63.50 dB | SE = 20.778 bit/s/Hz
[26243 ms] [UE 36997] UL: SNR = 63.50 dB | SE = 20.778 bit/s/Hz
[26243 ms] [UE 48787] UL: SNR = 63.50 dB | SE = 20.778 bit/s/Hz
[26243 ms] [UE 40252] UL: SNR = 56.00 dB | SE = 18.324 bit/s/Hz
[26243 ms] [UE 15599] UL: SNR = 52.50 dB | SE = 17.179 bit/s/Hz
[26256 ms] [UE 33952] UL: SNR = 63.50 dB | SE = 20.778 bit/s/Hz
[26256 ms] [UE 12169] UL: SNR = 63.50 dB | SE = 20.778 bit/s/Hz
[26256 ms] [UE 22873] UL: SNR = 63.50 dB | SE = 20.778 bit/s/Hz
[26256 ms] [UE 30556] UL: SNR = 53.50 dB | SE = 17.506 bit/s/Hz
[26256 ms] [UE 20945] UL: SNR = 52.00 dB | SE = 17.015 bit/s/Hz
[26354 ms] [UE 45898] UL: SNR = 63.50 dB | SE = 20.778 bit/s/Hz
[26354 ms] [UE 36997] UL: SNR = 63.50 dB | SE = 20.778 bit/s/Hz
[26354 ms] [UE 48787] UL: SNR = 63.50 dB | SE = 20.778 bit/s/Hz
[26354 ms] [UE 40252] UL: SNR = 56.00 dB | SE = 18.324 bit/s/Hz
[26354 ms] [UE 15599] UL: SNR = 52.50 dB | SE = 17.179 bit/s/Hz
[26366 ms] [UE 33952] UL: SNR = 63.50 dB | SE = 20.778 bit/s/Hz
[26366 ms] [UE 12169] UL: SNR = 63.50 dB | SE = 20.778 bit/s/Hz
[26366 ms] [UE 22873] UL: SNR = 63.50 dB | SE = 20.778 bit/s/Hz
[26366 ms] [UE 30556] UL: SNR = 53.50 dB | SE = 17.506 bit/s/Hz
[26366 ms] [UE 20945] UL: SNR = 52.00 dB | SE = 17.015 bit/s/Hz
[26463 ms] [UE 45898] UL: SNR = 63.50 dB | SE = 20.778 bit/s/Hz
[26463 ms] [UE 36997] UL: SNR = 63.50 dB | SE = 20.778 bit/s/Hz
[26463 ms] [UE 48787] UL: SNR = 63.50 dB | SE = 20.778 bit/s/Hz
[26463 ms] [UE 40252] UL: SNR = 56.00 dB | SE = 18.324 bit/s/Hz
[26463 ms] [UE 15599] UL: SNR = 52.50 dB | SE = 17.179 bit/s/Hz
[26476 ms] [UE 33952] UL: SNR = 6.50 dB | SE = 2.414 bit/s/Hz
[26476 ms] [UE 12169] UL: SNR = 63.50 dB | SE = 20.778 bit/s/Hz
[26476 ms] [UE 22873] UL: SNR = 63.50 dB | SE = 20.778 bit/s/Hz
[26476 ms] [UE 30556] UL: SNR = 53.50 dB | SE = 17.506 bit/s/Hz
[26476 ms] [UE 20945] UL: SNR = 63.50 dB | SE = 20.778 bit/s/Hz
[26573 ms] [UE 45898] UL: SNR = 63.50 dB | SE = 20.778 bit/s/Hz
[26573 ms] [UE 36997] UL: SNR = 63.50 dB | SE = 20.778 bit/s/Hz
[26573 ms] [UE 48787] UL: SNR = 63.50 dB | SE = 20.778 bit/s/Hz
[26573 ms] [UE 40252] UL: SNR = 56.00 dB | SE = 18.324 bit/s/Hz
[26573 ms] [UE 15599] UL: SNR = 52.50 dB | SE = 17.179 bit/s/Hz
[26586 ms] [UE 33952] UL: SNR = 6.50 dB | SE = 2.414 bit/s/Hz
[26586 ms] [UE 12169] UL: SNR = 63.50 dB | SE = 20.778 bit/s/Hz
[26586 ms] [UE 22873] UL: SNR = 63.50 dB | SE = 20.778 bit/s/Hz
[26586 ms] [UE 30556] UL: SNR = 53.50 dB | SE = 17.506 bit/s/Hz
[26586 ms] [UE 20945] UL: SNR = 63.50 dB | SE = 20.778 bit/s/Hz
[26683 ms] [UE 45898] UL: SNR = 63.50 dB | SE = 20.778 bit/s/Hz
[26683 ms] [UE 36997] UL: SNR = 63.50 dB | SE = 20.778 bit/s/Hz
[26683 ms] [UE 48787] UL: SNR = 63.50 dB | SE = 20.778 bit/s/Hz
[26683 ms] [UE 40252] UL: SNR = 56.00 dB | SE = 18.324 bit/s/Hz
[26683 ms] [UE 15599] UL: SNR = 52.50 dB | SE = 17.179 bit/s/Hz
[26686 ms] [UE 33952] UL: SNR = 6.50 dB | SE = 2.414 bit/s/Hz
[26686 ms] [UE 12169] UL: SNR = 63.50 dB | SE = 20.778 bit/s/Hz
[26686 ms] [UE 22873] UL: SNR = 63.50 dB | SE = 20.778 bit/s/Hz
[26686 ms] [UE 30556] UL: SNR = 53.50 dB | SE = 17.506 bit/s/Hz
[26686 ms] [UE 20945] UL: SNR = 63.50 dB | SE = 20.778 bit/s/Hz
[26793 ms] [UE 45898] UL: SNR = 63.50 dB | SE = 20.778 bit/s/Hz
[26793 ms] [UE 36997] UL: SNR = 63.50 dB | SE = 20.778 bit/s/Hz
[26793 ms] [UE 48787] UL: SNR = 63.50 dB | SE = 20.778 bit/s/Hz
[26793 ms] [UE 40252] UL: SNR = 56.00 dB | SE = 18.324 bit/s/Hz
[26793 ms] [UE 15599] UL: SNR = 52.50 dB | SE = 17.179 bit/s/Hz
[26795 ms] [UE 33952] UL: SNR = 6.50 dB | SE = 2.414 bit/s/Hz
[26795 ms] [UE 12169] UL: SNR = 63.50 dB | SE = 20.778 bit/s/Hz
[26795 ms] [UE 22873] UL: SNR = 63.50 dB | SE = 20.778 bit/s/Hz
[26795 ms] [UE 30556] UL: SNR = 53.50 dB | SE = 17.506 bit/s/Hz
[26795 ms] [UE 20945] UL: SNR = 63.50 dB | SE = 20.778 bit/s/Hz
[26893 ms] [UE 45898] UL: SNR = 63.50 dB | SE = 20.778 bit/s/Hz
[26893 ms] [UE 36997] UL: SNR = 63.50 dB | SE = 20.778 bit/s/Hz
[26893 ms] [UE 48787] UL: SNR = 63.50 dB | SE = 20.778 bit/s/Hz
[26893 ms] [UE 40252] UL: SNR = 56.00 dB | SE = 18.324 bit/s/Hz
[26893 ms] [UE 15599] UL: SNR = 52.50 dB | SE = 17.179 bit/s/Hz
[26896 ms] [UE 33952] UL: SNR = 6.50 dB | SE = 2.414 bit/s/Hz
[26896 ms] [UE 12169] UL: SNR = 63.50 dB | SE = 20.778 bit/s/Hz
[26896 ms] [UE 22873] UL: SNR = 63.50 dB | SE = 20.778 bit/s/Hz
[26896 ms] [UE 30556] UL: SNR = 63.50 dB | SE = 20.778 bit/s/Hz
[26896 ms] [UE 20945] UL: SNR = 63.50 dB | SE = 20.778 bit/s/Hz
[26993 ms] [UE 45898] UL: SNR = 63.50 dB | SE = 20.778 bit/s/Hz
[26993 ms] [UE 36997] UL: SNR = 63.50 dB | SE = 20.778 bit/s/Hz
[26993 ms] [UE 48787] UL: SNR = 63.50 dB | SE = 20.778 bit/s/Hz
[26993 ms] [UE 40252] UL: SNR = 56.00 dB | SE = 18.324 bit/s/Hz
[26993 ms] [UE 15599] UL: SNR = 52.50 dB | SE = 17.179 bit/s/Hz
[26996 ms] [UE 33952] UL: SNR = 6.50 dB | SE = 2.414 bit/s/Hz
[26996 ms] [UE 12169] UL: SNR = 63.50 dB | SE = 20.778 bit/s/Hz
[26996 ms] [UE 22873] UL: SNR = 63.50 dB | SE = 20.778 bit/s/Hz
[26996 ms] [UE 30556] UL: SNR = 63.50 dB | SE = 20.778 bit/s/Hz
[26996 ms] [UE 20945] UL: SNR = 63.50 dB | SE = 20.778 bit/s/Hz
[27093 ms] [UE 45898] UL: SNR = 63.50 dB | SE = 20.778 bit/s/Hz
[27093 ms] [UE 36997] UL: SNR = 63.50 dB | SE = 20.778 bit/s/Hz
[27093 ms] [UE 48787] UL: SNR = 63.50 dB | SE = 20.778 bit/s/Hz
[27093 ms] [UE 40252] UL: SNR = 56.00 dB | SE = 18.324 bit/s/Hz
[27093 ms] [UE 15599] UL: SNR = 52.50 dB | SE = 17.179 bit/s/Hz
[27097 ms] [UE 33952] UL: SNR = 6.50 dB | SE = 2.414 bit/s/Hz
[27097 ms] [UE 12169] UL: SNR = 63.50 dB | SE = 20.778 bit/s/Hz
[27097 ms] [UE 22873] UL: SNR = 63.50 dB | SE = 20.778 bit/s/Hz
[27097 ms] [UE 30556] UL: SNR = 63.50 dB | SE = 20.778 bit/s/Hz
[27097 ms] [UE 20945] UL: SNR = 63.50 dB | SE = 20.778 bit/s/Hz
[27194 ms] [UE 45898] UL: SNR = 63.50 dB | SE = 20.778 bit/s/Hz
[27194 ms] [UE 36997] UL: SNR = 63.50 dB | SE = 20.778 bit/s/Hz
[27194 ms] [UE 48787] UL: SNR = 63.50 dB | SE = 20.778 bit/s/Hz
[27194 ms] [UE 40252] UL: SNR = 56.00 dB | SE = 18.324 bit/s/Hz
[27194 ms] [UE 15599] UL: SNR = 52.50 dB | SE = 17.179 bit/s/Hz
[27197 ms] [UE 33952] UL: SNR = 6.50 dB | SE = 2.414 bit/s/Hz
[27197 ms] [UE 12169] UL: SNR = 63.50 dB | SE = 20.778 bit/s/Hz
[27197 ms] [UE 22873] UL: SNR = 63.50 dB | SE = 20.778 bit/s/Hz
[27197 ms] [UE 30556] UL: SNR = 63.50 dB | SE = 20.778 bit/s/Hz
[27197 ms] [UE 20945] UL: SNR = 63.50 dB | SE = 20.778 bit/s/Hz
[27304 ms] [UE 45898] UL: SNR = 63.50 dB | SE = 20.778 bit/s/Hz
[27304 ms] [UE 36997] UL: SNR = 63.50 dB | SE = 20.778 bit/s/Hz
[27304 ms] [UE 48787] UL: SNR = 63.50 dB | SE = 20.778 bit/s/Hz
[27304 ms] [UE 40252] UL: SNR = 56.00 dB | SE = 18.324 bit/s/Hz
[27304 ms] [UE 15599] UL: SNR = 52.50 dB | SE = 17.179 bit/s/Hz
[27306 ms] [UE 33952] UL: SNR = 6.50 dB | SE = 2.414 bit/s/Hz
[27306 ms] [UE 12169] UL: SNR = 63.50 dB | SE = 20.778 bit/s/Hz
[27306 ms] [UE 22873] UL: SNR = 63.50 dB | SE = 20.778 bit/s/Hz
[27306 ms] [UE 30556] UL: SNR = 63.50 dB | SE = 20.778 bit/s/Hz
[27306 ms] [UE 20945] UL: SNR = 63.50 dB | SE = 20.778 bit/s/Hz
[27413 ms] [UE 45898] UL: SNR = 63.50 dB | SE = 20.778 bit/s/Hz
[27413 ms] [UE 36997] UL: SNR = 63.50 dB | SE = 20.778 bit/s/Hz
[27413 ms] [UE 48787] UL: SNR = 63.50 dB | SE = 20.778 bit/s/Hz
[27413 ms] [UE 40252] UL: SNR = 56.00 dB | SE = 18.324 bit/s/Hz
[27413 ms] [UE 15599] UL: SNR = 52.50 dB | SE = 17.179 bit/s/Hz
[27416 ms] [UE 33952] UL: SNR = 6.50 dB | SE = 2.414 bit/s/Hz
[27416 ms] [UE 12169] UL: SNR = 63.50 dB | SE = 20.778 bit/s/Hz
[27416 ms] [UE 22873] UL: SNR = 63.50 dB | SE = 20.778 bit/s/Hz
[27416 ms] [UE 30556] UL: SNR = 63.50 dB | SE = 20.778 bit/s/Hz
[27416 ms] [UE 20945] UL: SNR = 63.50 dB | SE = 20.778 bit/s/Hz
[27523 ms] [UE 45898] UL: SNR = 63.50 dB | SE = 20.778 bit/s/Hz
[27523 ms] [UE 36997] UL: SNR = 63.50 dB | SE = 20.778 bit/s/Hz
[27523 ms] [UE 48787] UL: SNR = 63.50 dB | SE = 20.778 bit/s/Hz
[27523 ms] [UE 40252] UL: SNR = 56.00 dB | SE = 18.324 bit/s/Hz
[27523 ms] [UE 15599] UL: SNR = 52.50 dB | SE = 17.179 bit/s/Hz
[27526 ms] [UE 33952] UL: SNR = 6.50 dB | SE = 2.414 bit/s/Hz
[27526 ms] [UE 12169] UL: SNR = 63.50 dB | SE = 20.778 bit/s/Hz
[27526 ms] [UE 22873] UL: SNR = 63.50 dB | SE = 20.778 bit/s/Hz
[27526 ms] [UE 30556] UL: SNR = 63.50 dB | SE = 20.778 bit/s/Hz
[27526 ms] [UE 20945] UL: SNR = 63.50 dB | SE = 20.778 bit/s/Hz
[27623 ms] [UE 45898] UL: SNR = 63.50 dB | SE = 20.778 bit/s/Hz
[27623 ms] [UE 36997] UL: SNR = 63.50 dB | SE = 20.778 bit/s/Hz
[27623 ms] [UE 48787] UL: SNR = 63.50 dB | SE = 20.778 bit/s/Hz
[27623 ms] [UE 40252] UL: SNR = 56.00 dB | SE = 18.324 bit/s/Hz
[27623 ms] [UE 15599] UL: SNR = 52.50 dB | SE = 17.179 bit/s/Hz
[27626 ms] [UE 33952] UL: SNR = 6.50 dB | SE = 2.414 bit/s/Hz
[27626 ms] [UE 12169] UL: SNR = 63.50 dB | SE = 20.778 bit/s/Hz
[27626 ms] [UE 22873] UL: SNR = 63.50 dB | SE = 20.778 bit/s/Hz
[27626 ms] [UE 30556] UL: SNR = 63.50 dB | SE = 20.778 bit/s/Hz
[27626 ms] [UE 20945] UL: SNR = 63.50 dB | SE = 20.778 bit/s/Hz
[27723 ms] [UE 45898] UL: SNR = 63.50 dB | SE = 20.778 bit/s/Hz
[27723 ms] [UE 36997] UL: SNR = 63.50 dB | SE = 20.778 bit/s/Hz
[27723 ms] [UE 48787] UL: SNR = 63.50 dB | SE = 20.778 bit/s/Hz
[27723 ms] [UE 40252] UL: SNR = 56.00 dB | SE = 18.324 bit/s/Hz
[27723 ms] [UE 15599] UL: SNR = 52.50 dB | SE = 17.179 bit/s/Hz
[27726 ms] [UE 33952] UL: SNR = 6.50 dB | SE = 2.414 bit/s/Hz
[27726 ms] [UE 12169] UL: SNR = 63.50 dB | SE = 20.778 bit/s/Hz
[27726 ms] [UE 22873] UL: SNR = 63.50 dB | SE = 20.778 bit/s/Hz
[27726 ms] [UE 30556] UL: SNR = 63.50 dB | SE = 20.778 bit/s/Hz
[27726 ms] [UE 20945] UL: SNR = 63.50 dB | SE = 20.778 bit/s/Hz
[27824 ms] [UE 45898] UL: SNR = 63.50 dB | SE = 20.778 bit/s/Hz
[27824 ms] [UE 36997] UL: SNR = 63.50 dB | SE = 20.778 bit/s/Hz
[27824 ms] [UE 48787] UL: SNR = 63.50 dB | SE = 20.778 bit/s/Hz
[27824 ms] [UE 40252] UL: SNR = 56.00 dB | SE = 18.324 bit/s/Hz
[27824 ms] [UE 15599] UL: SNR = 52.50 dB | SE = 17.179 bit/s/Hz
[27836 ms] [UE 33952] UL: SNR = 6.50 dB | SE = 2.414 bit/s/Hz
[27836 ms] [UE 12169] UL: SNR = 63.50 dB | SE = 20.778 bit/s/Hz
[27836 ms] [UE 22873] UL: SNR = 63.50 dB | SE = 20.778 bit/s/Hz
[27836 ms] [UE 30556] UL: SNR = 63.50 dB | SE = 20.778 bit/s/Hz
[27836 ms] [UE 20945] UL: SNR = 63.50 dB | SE = 20.778 bit/s/Hz
[27933 ms] [UE 45898] UL: SNR = 63.50 dB | SE = 20.778 bit/s/Hz
[27933 ms] [UE 36997] UL: SNR = 63.50 dB | SE = 20.778 bit/s/Hz
[27933 ms] [UE 48787] UL: SNR = 63.50 dB | SE = 20.778 bit/s/Hz
[27933 ms] [UE 40252] UL: SNR = 56.00 dB | SE = 18.324 bit/s/Hz
[27933 ms] [UE 15599] UL: SNR = 52.50 dB | SE = 17.179 bit/s/Hz
[27945 ms] [UE 33952] UL: SNR = 6.50 dB | SE = 2.414 bit/s/Hz
[27945 ms] [UE 12169] UL: SNR = 63.50 dB | SE = 20.778 bit/s/Hz
[27945 ms] [UE 22873] UL: SNR = 63.50 dB | SE = 20.778 bit/s/Hz
[27945 ms] [UE 30556] UL: SNR = 63.50 dB | SE = 20.778 bit/s/Hz
[27945 ms] [UE 20945] UL: SNR = 63.50 dB | SE = 20.778 bit/s/Hz
[28043 ms] [UE 45898] UL: SNR = 63.50 dB | SE = 20.778 bit/s/Hz
[28043 ms] [UE 36997] UL: SNR = 63.50 dB | SE = 20.778 bit/s/Hz
[28043 ms] [UE 48787] UL: SNR = 63.50 dB | SE = 20.778 bit/s/Hz
[28043 ms] [UE 40252] UL: SNR = 56.00 dB | SE = 18.324 bit/s/Hz
[28043 ms] [UE 15599] UL: SNR = 52.50 dB | SE = 17.179 bit/s/Hz
[28046 ms] [UE 33952] UL: SNR = 6.50 dB | SE = 2.414 bit/s/Hz
[28046 ms] [UE 12169] UL: SNR = 63.50 dB | SE = 20.778 bit/s/Hz
[28046 ms] [UE 22873] UL: SNR = 63.50 dB | SE = 20.778 bit/s/Hz
[28046 ms] [UE 30556] UL: SNR = 63.50 dB | SE = 20.778 bit/s/Hz
[28046 ms] [UE 20945] UL: SNR = 63.50 dB | SE = 20.778 bit/s/Hz
[28143 ms] [UE 45898] UL: SNR = 63.50 dB | SE = 20.778 bit/s/Hz
[28143 ms] [UE 36997] UL: SNR = 63.50 dB | SE = 20.778 bit/s/Hz
[28143 ms] [UE 48787] UL: SNR = 63.50 dB | SE = 20.778 bit/s/Hz
[28143 ms] [UE 40252] UL: SNR = 56.00 dB | SE = 18.324 bit/s/Hz
[28143 ms] [UE 15599] UL: SNR = 52.50 dB | SE = 17.179 bit/s/Hz
[28146 ms] [UE 33952] UL: SNR = 6.50 dB | SE = 2.414 bit/s/Hz
[28146 ms] [UE 12169] UL: SNR = 63.50 dB | SE = 20.778 bit/s/Hz
[28146 ms] [UE 22873] UL: SNR = 63.50 dB | SE = 20.778 bit/s/Hz
[28146 ms] [UE 30556] UL: SNR = 63.50 dB | SE = 20.778 bit/s/Hz
[28146 ms] [UE 20945] UL: SNR = 63.50 dB | SE = 20.778 bit/s/Hz
[28243 ms] [UE 45898] UL: SNR = 63.50 dB | SE = 20.778 bit/s/Hz
[28243 ms] [UE 36997] UL: SNR = 63.50 dB | SE = 20.778 bit/s/Hz
[28243 ms] [UE 48787] UL: SNR = 63.50 dB | SE = 20.778 bit/s/Hz
[28243 ms] [UE 40252] UL: SNR = 56.00 dB | SE = 18.324 bit/s/Hz
[28243 ms] [UE 15599] UL: SNR = 52.50 dB | SE = 17.179 bit/s/Hz
[28256 ms] [UE 33952] UL: SNR = 6.50 dB | SE = 2.414 bit/s/Hz
[28256 ms] [UE 12169] UL: SNR = 63.50 dB | SE = 20.778 bit/s/Hz
[28256 ms] [UE 22873] UL: SNR = 63.50 dB | SE = 20.778 bit/s/Hz
[28256 ms] [UE 30556] UL: SNR = 63.50 dB | SE = 20.778 bit/s/Hz
[28256 ms] [UE 20945] UL: SNR = 63.50 dB | SE = 20.778 bit/s/Hz
[28343 ms] [UE 45898] UL: SNR = 63.50 dB | SE = 20.778 bit/s/Hz
[28343 ms] [UE 36997] UL: SNR = 63.50 dB | SE = 20.778 bit/s/Hz
[28343 ms] [UE 48787] UL: SNR = 63.50 dB | SE = 20.778 bit/s/Hz
[28343 ms] [UE 40252] UL: SNR = 56.00 dB | SE = 18.324 bit/s/Hz
[28343 ms] [UE 15599] UL: SNR = 52.50 dB | SE = 17.179 bit/s/Hz
[28366 ms] [UE 33952] UL: SNR = 6.50 dB | SE = 2.414 bit/s/Hz
[28366 ms] [UE 12169] UL: SNR = 63.50 dB | SE = 20.778 bit/s/Hz
[28366 ms] [UE 22873] UL: SNR = 63.50 dB | SE = 20.778 bit/s/Hz
[28366 ms] [UE 30556] UL: SNR = 63.50 dB | SE = 20.778 bit/s/Hz
[28366 ms] [UE 20945] UL: SNR = 63.50 dB | SE = 20.778 bit/s/Hz
[28453 ms] [UE 45898] UL: SNR = 63.50 dB | SE = 20.778 bit/s/Hz
[28453 ms] [UE 36997] UL: SNR = 63.50 dB | SE = 20.778 bit/s/Hz
[28453 ms] [UE 48787] UL: SNR = 63.50 dB | SE = 20.778 bit/s/Hz
[28453 ms] [UE 40252] UL: SNR = 56.00 dB | SE = 18.324 bit/s/Hz
[28453 ms] [UE 15599] UL: SNR = 52.50 dB | SE = 17.179 bit/s/Hz
[28468 ms] [UE 33952] UL: SNR = 6.50 dB | SE = 2.414 bit/s/Hz
[28468 ms] [UE 12169] UL: SNR = 63.50 dB | SE = 20.778 bit/s/Hz
[28468 ms] [UE 22873] UL: SNR = 63.50 dB | SE = 20.778 bit/s/Hz
[28468 ms] [UE 30556] UL: SNR = 63.50 dB | SE = 20.778 bit/s/Hz
[28468 ms] [UE 20945] UL: SNR = 63.50 dB | SE = 20.778 bit/s/Hz
[28553 ms] [UE 45898] UL: SNR = 63.50 dB | SE = 20.778 bit/s/Hz
[28553 ms] [UE 36997] UL: SNR = 63.50 dB | SE = 20.778 bit/s/Hz
[28553 ms] [UE 48787] UL: SNR = 63.50 dB | SE = 20.778 bit/s/Hz
[28553 ms] [UE 40252] UL: SNR = 56.00 dB | SE = 18.324 bit/s/Hz
[28553 ms] [UE 15599] UL: SNR = 52.50 dB | SE = 17.179 bit/s/Hz
[28576 ms] [UE 33952] UL: SNR = 6.50 dB | SE = 2.414 bit/s/Hz
[28576 ms] [UE 12169] UL: SNR = 63.50 dB | SE = 20.778 bit/s/Hz
[28576 ms] [UE 22873] UL: SNR = 63.50 dB | SE = 20.778 bit/s/Hz
[28576 ms] [UE 30556] UL: SNR = 63.50 dB | SE = 20.778 bit/s/Hz
[28576 ms] [UE 20945] UL: SNR = 63.50 dB | SE = 20.778 bit/s/Hz
[28653 ms] [UE 45898] UL: SNR = 63.50 dB | SE = 20.778 bit/s/Hz
[28653 ms] [UE 36997] UL: SNR = 63.50 dB | SE = 20.778 bit/s/Hz
[28653 ms] [UE 48787] UL: SNR = 63.50 dB | SE = 20.778 bit/s/Hz
[28653 ms] [UE 40252] UL: SNR = 56.00 dB | SE = 18.324 bit/s/Hz
[28653 ms] [UE 15599] UL: SNR = 52.50 dB | SE = 17.179 bit/s/Hz
[28685 ms] [UE 33952] UL: SNR = 6.50 dB | SE = 2.414 bit/s/Hz
[28685 ms] [UE 12169] UL: SNR = 63.50 dB | SE = 20.778 bit/s/Hz
[28685 ms] [UE 22873] UL: SNR = 63.50 dB | SE = 20.778 bit/s/Hz
[28685 ms] [UE 30556] UL: SNR = 63.50 dB | SE = 20.778 bit/s/Hz
[28685 ms] [UE 20945] UL: SNR = 63.50 dB | SE = 20.778 bit/s/Hz
[28753 ms] [UE 45898] UL: SNR = 63.50 dB | SE = 20.778 bit/s/Hz
[28753 ms] [UE 36997] UL: SNR = 63.50 dB | SE = 20.778 bit/s/Hz
[28753 ms] [UE 48787] UL: SNR = 63.50 dB | SE = 20.778 bit/s/Hz
[28753 ms] [UE 40252] UL: SNR = 56.00 dB | SE = 18.324 bit/s/Hz
[28753 ms] [UE 15599] UL: SNR = 52.50 dB | SE = 17.179 bit/s/Hz
[28796 ms] [UE 33952] UL: SNR = 6.50 dB | SE = 2.414 bit/s/Hz
[28796 ms] [UE 12169] UL: SNR = 63.50 dB | SE = 20.778 bit/s/Hz
[28796 ms] [UE 22873] UL: SNR = 63.50 dB | SE = 20.778 bit/s/Hz
[28796 ms] [UE 30556] UL: SNR = 63.50 dB | SE = 20.778 bit/s/Hz
[28796 ms] [UE 20945] UL: SNR = 63.50 dB | SE = 20.778 bit/s/Hz
[28863 ms] [UE 45898] UL: SNR = 63.50 dB | SE = 20.778 bit/s/Hz
[28863 ms] [UE 36997] UL: SNR = 63.50 dB | SE = 20.778 bit/s/Hz
[28863 ms] [UE 48787] UL: SNR = 63.50 dB | SE = 20.778 bit/s/Hz
[28863 ms] [UE 40252] UL: SNR = 56.00 dB | SE = 18.324 bit/s/Hz
[28863 ms] [UE 15599] UL: SNR = 52.50 dB | SE = 17.179 bit/s/Hz
[28906 ms] [UE 33952] UL: SNR = 6.50 dB | SE = 2.414 bit/s/Hz
[28906 ms] [UE 12169] UL: SNR = 63.50 dB | SE = 20.778 bit/s/Hz
[28906 ms] [UE 22873] UL: SNR = 63.50 dB | SE = 20.778 bit/s/Hz
[28906 ms] [UE 30556] UL: SNR = 63.50 dB | SE = 20.778 bit/s/Hz
[28906 ms] [UE 20945] UL: SNR = 63.50 dB | SE = 20.778 bit/s/Hz
[28974 ms] [UE 45898] UL: SNR = 63.50 dB | SE = 20.778 bit/s/Hz
[28974 ms] [UE 36997] UL: SNR = 63.50 dB | SE = 20.778 bit/s/Hz
[28974 ms] [UE 48787] UL: SNR = 63.50 dB | SE = 20.778 bit/s/Hz
[28974 ms] [UE 40252] UL: SNR = 56.00 dB | SE = 18.324 bit/s/Hz
[28974 ms] [UE 15599] UL: SNR = 52.50 dB | SE = 17.179 bit/s/Hz
[29006 ms] [UE 33952] UL: SNR = 6.50 dB | SE = 2.414 bit/s/Hz
[29006 ms] [UE 12169] UL: SNR = 63.50 dB | SE = 20.778 bit/s/Hz
[29006 ms] [UE 22873] UL: SNR = 63.50 dB | SE = 20.778 bit/s/Hz
[29006 ms] [UE 30556] UL: SNR = 63.50 dB | SE = 20.778 bit/s/Hz
[29006 ms] [UE 20945] UL: SNR = 63.50 dB | SE = 20.778 bit/s/Hz
[29083 ms] [UE 45898] UL: SNR = 63.50 dB | SE = 20.778 bit/s/Hz
[29083 ms] [UE 36997] UL: SNR = 63.50 dB | SE = 20.778 bit/s/Hz
[29083 ms] [UE 48787] UL: SNR = 63.50 dB | SE = 20.778 bit/s/Hz
[29083 ms] [UE 40252] UL: SNR = 56.00 dB | SE = 18.324 bit/s/Hz
[29083 ms] [UE 15599] UL: SNR = 52.50 dB | SE = 17.179 bit/s/Hz
[29116 ms] [UE 33952] UL: SNR = 6.50 dB | SE = 2.414 bit/s/Hz
[29116 ms] [UE 12169] UL: SNR = 63.50 dB | SE = 20.778 bit/s/Hz
[29116 ms] [UE 22873] UL: SNR = 63.50 dB | SE = 20.778 bit/s/Hz
[29116 ms] [UE 30556] UL: SNR = 63.50 dB | SE = 20.778 bit/s/Hz
[29116 ms] [UE 20945] UL: SNR = 63.50 dB | SE = 20.778 bit/s/Hz
[29193 ms] [UE 45898] UL: SNR = 63.50 dB | SE = 20.778 bit/s/Hz
[29193 ms] [UE 36997] UL: SNR = 63.50 dB | SE = 20.778 bit/s/Hz
[29193 ms] [UE 48787] UL: SNR = 63.50 dB | SE = 20.778 bit/s/Hz
[29193 ms] [UE 40252] UL: SNR = 56.00 dB | SE = 18.324 bit/s/Hz
[29193 ms] [UE 15599] UL: SNR = 52.50 dB | SE = 17.179 bit/s/Hz
[29226 ms] [UE 33952] UL: SNR = 6.50 dB | SE = 2.414 bit/s/Hz
[29226 ms] [UE 12169] UL: SNR = 63.50 dB | SE = 20.778 bit/s/Hz
[29226 ms] [UE 22873] UL: SNR = 63.50 dB | SE = 20.778 bit/s/Hz
[29226 ms] [UE 30556] UL: SNR = 63.50 dB | SE = 20.778 bit/s/Hz
[29226 ms] [UE 20945] UL: SNR = 63.50 dB | SE = 20.778 bit/s/Hz
[29293 ms] [UE 45898] UL: SNR = 63.50 dB | SE = 20.778 bit/s/Hz
[29293 ms] [UE 36997] UL: SNR = 63.50 dB | SE = 20.778 bit/s/Hz
[29293 ms] [UE 48787] UL: SNR = 63.50 dB | SE = 20.778 bit/s/Hz
[29293 ms] [UE 40252] UL: SNR = 56.00 dB | SE = 18.324 bit/s/Hz
[29293 ms] [UE 15599] UL: SNR = 52.50 dB | SE = 17.179 bit/s/Hz
[29326 ms] [UE 33952] UL: SNR = 6.50 dB | SE = 2.414 bit/s/Hz
[29326 ms] [UE 12169] UL: SNR = 63.50 dB | SE = 20.778 bit/s/Hz
[29326 ms] [UE 22873] UL: SNR = 63.50 dB | SE = 20.778 bit/s/Hz
[29326 ms] [UE 30556] UL: SNR = 63.50 dB | SE = 20.778 bit/s/Hz
[29326 ms] [UE 20945] UL: SNR = 63.50 dB | SE = 20.778 bit/s/Hz
[29393 ms] [UE 45898] UL: SNR = 63.50 dB | SE = 20.778 bit/s/Hz
[29393 ms] [UE 36997] UL: SNR = 63.50 dB | SE = 20.778 bit/s/Hz
[29393 ms] [UE 48787] UL: SNR = 63.50 dB | SE = 20.778 bit/s/Hz
[29393 ms] [UE 40252] UL: SNR = 56.00 dB | SE = 18.324 bit/s/Hz
[29393 ms] [UE 15599] UL: SNR = 52.50 dB | SE = 17.179 bit/s/Hz
[29426 ms] [UE 33952] UL: SNR = 6.50 dB | SE = 2.414 bit/s/Hz
[29426 ms] [UE 12169] UL: SNR = 63.50 dB | SE = 20.778 bit/s/Hz
[29426 ms] [UE 22873] UL: SNR = 63.50 dB | SE = 20.778 bit/s/Hz
[29426 ms] [UE 30556] UL: SNR = 63.50 dB | SE = 20.778 bit/s/Hz
[29426 ms] [UE 20945] UL: SNR = 63.50 dB | SE = 20.778 bit/s/Hz
[29503 ms] [UE 45898] UL: SNR = 63.50 dB | SE = 20.778 bit/s/Hz
[29503 ms] [UE 36997] UL: SNR = 63.50 dB | SE = 20.778 bit/s/Hz
[29503 ms] [UE 48787] UL: SNR = 63.50 dB | SE = 20.778 bit/s/Hz
[29503 ms] [UE 40252] UL: SNR = 56.00 dB | SE = 18.324 bit/s/Hz
[29503 ms] [UE 15599] UL: SNR = 52.50 dB | SE = 17.179 bit/s/Hz
[29526 ms] [UE 33952] UL: SNR = 6.50 dB | SE = 2.414 bit/s/Hz
[29526 ms] [UE 12169] UL: SNR = 63.50 dB | SE = 20.778 bit/s/Hz
[29526 ms] [UE 22873] UL: SNR = 63.50 dB | SE = 20.778 bit/s/Hz
[29526 ms] [UE 30556] UL: SNR = 63.50 dB | SE = 20.778 bit/s/Hz
[29526 ms] [UE 20945] UL: SNR = 63.50 dB | SE = 20.778 bit/s/Hz
[29603 ms] [UE 45898] UL: SNR = 63.50 dB | SE = 20.778 bit/s/Hz
[29603 ms] [UE 36997] UL: SNR = 63.50 dB | SE = 20.778 bit/s/Hz
[29603 ms] [UE 48787] UL: SNR = 63.50 dB | SE = 20.778 bit/s/Hz
[29603 ms] [UE 40252] UL: SNR = 56.00 dB | SE = 18.324 bit/s/Hz
[29603 ms] [UE 15599] UL: SNR = 52.50 dB | SE = 17.179 bit/s/Hz
[29636 ms] [UE 33952] UL: SNR = 6.50 dB | SE = 2.414 bit/s/Hz
[29636 ms] [UE 12169] UL: SNR = 63.50 dB | SE = 20.778 bit/s/Hz
[29636 ms] [UE 22873] UL: SNR = 63.50 dB | SE = 20.778 bit/s/Hz
[29636 ms] [UE 30556] UL: SNR = 63.50 dB | SE = 20.778 bit/s/Hz
[29636 ms] [UE 20945] UL: SNR = 63.50 dB | SE = 20.778 bit/s/Hz
[29713 ms] [UE 45898] UL: SNR = 63.50 dB | SE = 20.778 bit/s/Hz
[29713 ms] [UE 36997] UL: SNR = 63.50 dB | SE = 20.778 bit/s/Hz
[29713 ms] [UE 48787] UL: SNR = 63.50 dB | SE = 20.778 bit/s/Hz
[29713 ms] [UE 40252] UL: SNR = 56.00 dB | SE = 18.324 bit/s/Hz
[29713 ms] [UE 15599] UL: SNR = 52.50 dB | SE = 17.179 bit/s/Hz
[29747 ms] [UE 33952] UL: SNR = 6.50 dB | SE = 2.414 bit/s/Hz
[29747 ms] [UE 12169] UL: SNR = 63.50 dB | SE = 20.778 bit/s/Hz
[29747 ms] [UE 22873] UL: SNR = 63.50 dB | SE = 20.778 bit/s/Hz
[29747 ms] [UE 30556] UL: SNR = 63.50 dB | SE = 20.778 bit/s/Hz
[29747 ms] [UE 20945] UL: SNR = 63.50 dB | SE = 20.778 bit/s/Hz
[29813 ms] [UE 45898] UL: SNR = 63.50 dB | SE = 20.778 bit/s/Hz
[29813 ms] [UE 36997] UL: SNR = 63.50 dB | SE = 20.778 bit/s/Hz
[29813 ms] [UE 48787] UL: SNR = 63.50 dB | SE = 20.778 bit/s/Hz
[29813 ms] [UE 40252] UL: SNR = 56.00 dB | SE = 18.324 bit/s/Hz
[29813 ms] [UE 15599] UL: SNR = 52.50 dB | SE = 17.179 bit/s/Hz
[29856 ms] [UE 33952] UL: SNR = 6.50 dB | SE = 2.414 bit/s/Hz
[29856 ms] [UE 12169] UL: SNR = 63.50 dB | SE = 20.778 bit/s/Hz
[29856 ms] [UE 22873] UL: SNR = 63.50 dB | SE = 20.778 bit/s/Hz
[29856 ms] [UE 30556] UL: SNR = 63.50 dB | SE = 20.778 bit/s/Hz
[29856 ms] [UE 20945] UL: SNR = 63.50 dB | SE = 20.778 bit/s/Hz
[29923 ms] [UE 45898] UL: SNR = 63.50 dB | SE = 20.778 bit/s/Hz
[29923 ms] [UE 36997] UL: SNR = 63.50 dB | SE = 20.778 bit/s/Hz
[29923 ms] [UE 48787] UL: SNR = 63.50 dB | SE = 20.778 bit/s/Hz
[29923 ms] [UE 40252] UL: SNR = 56.00 dB | SE = 18.324 bit/s/Hz
[29923 ms] [UE 15599] UL: SNR = 52.50 dB | SE = 17.179 bit/s/Hz
[29966 ms] [UE 33952] UL: SNR = 6.50 dB | SE = 2.414 bit/s/Hz
[29966 ms] [UE 12169] UL: SNR = 63.50 dB | SE = 20.778 bit/s/Hz
[29966 ms] [UE 22873] UL: SNR = 63.50 dB | SE = 20.778 bit/s/Hz
[29966 ms] [UE 30556] UL: SNR = 63.50 dB | SE = 20.778 bit/s/Hz
[29966 ms] [UE 20945] UL: SNR = 63.50 dB | SE = 20.778 bit/s/Hz
[30024 ms] [UE 45898] UL: SNR = 63.50 dB | SE = 20.778 bit/s/Hz
[30024 ms] [UE 36997] UL: SNR = 63.50 dB | SE = 20.778 bit/s/Hz
[30024 ms] [UE 48787] UL: SNR = 63.50 dB | SE = 20.778 bit/s/Hz
[30024 ms] [UE 40252] UL: SNR = 56.00 dB | SE = 18.324 bit/s/Hz
[30024 ms] [UE 15599] UL: SNR = 52.50 dB | SE = 17.179 bit/s/Hz
[30066 ms] [UE 33952] UL: SNR = 6.50 dB | SE = 2.414 bit/s/Hz
[30066 ms] [UE 12169] UL: SNR = 63.50 dB | SE = 20.778 bit/s/Hz
[30066 ms] [UE 22873] UL: SNR = 63.50 dB | SE = 20.778 bit/s/Hz
[30066 ms] [UE 30556] UL: SNR = 53.50 dB | SE = 17.506 bit/s/Hz
[30066 ms] [UE 20945] UL: SNR = 52.50 dB | SE = 17.179 bit/s/Hz
[30134 ms] [UE 45898] UL: SNR = 63.50 dB | SE = 20.778 bit/s/Hz
[30134 ms] [UE 36997] UL: SNR = 63.50 dB | SE = 20.778 bit/s/Hz
[30134 ms] [UE 48787] UL: SNR = 63.50 dB | SE = 20.778 bit/s/Hz
[30134 ms] [UE 40252] UL: SNR = 56.00 dB | SE = 18.324 bit/s/Hz
[30134 ms] [UE 15599] UL: SNR = 52.50 dB | SE = 17.179 bit/s/Hz
[30175 ms] [UE 33952] UL: SNR = 6.50 dB | SE = 2.414 bit/s/Hz
[30175 ms] [UE 12169] UL: SNR = 63.50 dB | SE = 20.778 bit/s/Hz
[30175 ms] [UE 22873] UL: SNR = 63.50 dB | SE = 20.778 bit/s/Hz
[30175 ms] [UE 30556] UL: SNR = 53.50 dB | SE = 17.506 bit/s/Hz
[30175 ms] [UE 20945] UL: SNR = 52.50 dB | SE = 17.179 bit/s/Hz
[30243 ms] [UE 45898] UL: SNR = 63.50 dB | SE = 20.778 bit/s/Hz
[30243 ms] [UE 36997] UL: SNR = 63.50 dB | SE = 20.778 bit/s/Hz
[30243 ms] [UE 48787] UL: SNR = 63.50 dB | SE = 20.778 bit/s/Hz
[30243 ms] [UE 40252] UL: SNR = 56.00 dB | SE = 18.324 bit/s/Hz
[30243 ms] [UE 15599] UL: SNR = 52.50 dB | SE = 17.179 bit/s/Hz
[30276 ms] [UE 33952] UL: SNR = 6.50 dB | SE = 2.414 bit/s/Hz
[30276 ms] [UE 12169] UL: SNR = 63.50 dB | SE = 20.778 bit/s/Hz
[30276 ms] [UE 22873] UL: SNR = 63.50 dB | SE = 20.778 bit/s/Hz
[30276 ms] [UE 30556] UL: SNR = 53.50 dB | SE = 17.506 bit/s/Hz
[30276 ms] [UE 20945] UL: SNR = 52.50 dB | SE = 17.179 bit/s/Hz
[30353 ms] [UE 45898] UL: SNR = 63.50 dB | SE = 20.778 bit/s/Hz
[30353 ms] [UE 36997] UL: SNR = 63.50 dB | SE = 20.778 bit/s/Hz
[30353 ms] [UE 48787] UL: SNR = 63.50 dB | SE = 20.778 bit/s/Hz
[30353 ms] [UE 40252] UL: SNR = 56.00 dB | SE = 18.324 bit/s/Hz
[30353 ms] [UE 15599] UL: SNR = 52.50 dB | SE = 17.179 bit/s/Hz
[30386 ms] [UE 33952] UL: SNR = 6.50 dB | SE = 2.414 bit/s/Hz
[30386 ms] [UE 12169] UL: SNR = 63.50 dB | SE = 20.778 bit/s/Hz
[30386 ms] [UE 22873] UL: SNR = 63.50 dB | SE = 20.778 bit/s/Hz
[30386 ms] [UE 30556] UL: SNR = 53.50 dB | SE = 17.506 bit/s/Hz
[30386 ms] [UE 20945] UL: SNR = 52.50 dB | SE = 17.179 bit/s/Hz
[30453 ms] [UE 45898] UL: SNR = 63.50 dB | SE = 20.778 bit/s/Hz
[30453 ms] [UE 36997] UL: SNR = 63.50 dB | SE = 20.778 bit/s/Hz
[30453 ms] [UE 48787] UL: SNR = 63.50 dB | SE = 20.778 bit/s/Hz
[30453 ms] [UE 40252] UL: SNR = 56.00 dB | SE = 18.324 bit/s/Hz
[30453 ms] [UE 15599] UL: SNR = 52.50 dB | SE = 17.179 bit/s/Hz
[30486 ms] [UE 33952] UL: SNR = 6.50 dB | SE = 2.414 bit/s/Hz
[30486 ms] [UE 12169] UL: SNR = 63.50 dB | SE = 20.778 bit/s/Hz
[30486 ms] [UE 22873] UL: SNR = 63.50 dB | SE = 20.778 bit/s/Hz
[30486 ms] [UE 30556] UL: SNR = 53.50 dB | SE = 17.506 bit/s/Hz
[30486 ms] [UE 20945] UL: SNR = 52.50 dB | SE = 17.179 bit/s/Hz
[30553 ms] [UE 45898] UL: SNR = 63.50 dB | SE = 20.778 bit/s/Hz
[30553 ms] [UE 36997] UL: SNR = 63.50 dB | SE = 20.778 bit/s/Hz
[30553 ms] [UE 48787] UL: SNR = 63.50 dB | SE = 20.778 bit/s/Hz
[30553 ms] [UE 40252] UL: SNR = 56.00 dB | SE = 18.324 bit/s/Hz
[30553 ms] [UE 15599] UL: SNR = 52.50 dB | SE = 17.179 bit/s/Hz
[30596 ms] [UE 33952] UL: SNR = 6.50 dB | SE = 2.414 bit/s/Hz
[30596 ms] [UE 12169] UL: SNR = 63.50 dB | SE = 20.778 bit/s/Hz
[30596 ms] [UE 22873] UL: SNR = 63.50 dB | SE = 20.778 bit/s/Hz
[30596 ms] [UE 30556] UL: SNR = 53.50 dB | SE = 17.506 bit/s/Hz
[30596 ms] [UE 20945] UL: SNR = 52.50 dB | SE = 17.179 bit/s/Hz
[30663 ms] [UE 45898] UL: SNR = 63.50 dB | SE = 20.778 bit/s/Hz
[30663 ms] [UE 36997] UL: SNR = 63.50 dB | SE = 20.778 bit/s/Hz
[30663 ms] [UE 48787] UL: SNR = 63.50 dB | SE = 20.778 bit/s/Hz
[30663 ms] [UE 40252] UL: SNR = 56.00 dB | SE = 18.324 bit/s/Hz
[30663 ms] [UE 15599] UL: SNR = 52.50 dB | SE = 17.179 bit/s/Hz
[30707 ms] [UE 33952] UL: SNR = 6.50 dB | SE = 2.414 bit/s/Hz
[30707 ms] [UE 12169] UL: SNR = 63.50 dB | SE = 20.778 bit/s/Hz
[30707 ms] [UE 22873] UL: SNR = 63.50 dB | SE = 20.778 bit/s/Hz
[30707 ms] [UE 30556] UL: SNR = 53.50 dB | SE = 17.506 bit/s/Hz
[30707 ms] [UE 20945] UL: SNR = 52.50 dB | SE = 17.179 bit/s/Hz
[30763 ms] [UE 45898] UL: SNR = 63.50 dB | SE = 20.778 bit/s/Hz
[30763 ms] [UE 36997] UL: SNR = 63.50 dB | SE = 20.778 bit/s/Hz
[30763 ms] [UE 48787] UL: SNR = 63.50 dB | SE = 20.778 bit/s/Hz
[30763 ms] [UE 40252] UL: SNR = 56.00 dB | SE = 18.324 bit/s/Hz
[30763 ms] [UE 15599] UL: SNR = 52.50 dB | SE = 17.179 bit/s/Hz
[30815 ms] [UE 33952] UL: SNR = 6.50 dB | SE = 2.414 bit/s/Hz
[30815 ms] [UE 12169] UL: SNR = 63.50 dB | SE = 20.778 bit/s/Hz
[30815 ms] [UE 22873] UL: SNR = 63.50 dB | SE = 20.778 bit/s/Hz
[30815 ms] [UE 30556] UL: SNR = 63.50 dB | SE = 20.778 bit/s/Hz
[30815 ms] [UE 20945] UL: SNR = 52.50 dB | SE = 17.179 bit/s/Hz
[30872 ms] [UE 45898] UL: SNR = 63.50 dB | SE = 20.778 bit/s/Hz
[30872 ms] [UE 36997] UL: SNR = 63.50 dB | SE = 20.778 bit/s/Hz
[30872 ms] [UE 48787] UL: SNR = 63.50 dB | SE = 20.778 bit/s/Hz
[30872 ms] [UE 40252] UL: SNR = 56.00 dB | SE = 18.324 bit/s/Hz
[30872 ms] [UE 15599] UL: SNR = 52.50 dB | SE = 17.179 bit/s/Hz
[30916 ms] [UE 33952] UL: SNR = 6.50 dB | SE = 2.414 bit/s/Hz
[30916 ms] [UE 12169] UL: SNR = 63.50 dB | SE = 20.778 bit/s/Hz
[30916 ms] [UE 22873] UL: SNR = 63.50 dB | SE = 20.778 bit/s/Hz
[30916 ms] [UE 30556] UL: SNR = 63.50 dB | SE = 20.778 bit/s/Hz
[30916 ms] [UE 20945] UL: SNR = 52.50 dB | SE = 17.179 bit/s/Hz
[30973 ms] [UE 45898] UL: SNR = 63.50 dB | SE = 20.778 bit/s/Hz
[30973 ms] [UE 36997] UL: SNR = 63.50 dB | SE = 20.778 bit/s/Hz
[30973 ms] [UE 48787] UL: SNR = 63.50 dB | SE = 20.778 bit/s/Hz
[30973 ms] [UE 40252] UL: SNR = 56.00 dB | SE = 18.324 bit/s/Hz
[30973 ms] [UE 15599] UL: SNR = 52.50 dB | SE = 17.179 bit/s/Hz
[31026 ms] [UE 33952] UL: SNR = 6.50 dB | SE = 2.414 bit/s/Hz
[31026 ms] [UE 12169] UL: SNR = 63.50 dB | SE = 20.778 bit/s/Hz
[31026 ms] [UE 22873] UL: SNR = 63.50 dB | SE = 20.778 bit/s/Hz
[31026 ms] [UE 30556] UL: SNR = 63.50 dB | SE = 20.778 bit/s/Hz
[31026 ms] [UE 20945] UL: SNR = 52.50 dB | SE = 17.179 bit/s/Hz
[31083 ms] [UE 45898] UL: SNR = 63.50 dB | SE = 20.778 bit/s/Hz
[31083 ms] [UE 36997] UL: SNR = 63.50 dB | SE = 20.778 bit/s/Hz
[31083 ms] [UE 48787] UL: SNR = 63.50 dB | SE = 20.778 bit/s/Hz
[31083 ms] [UE 40252] UL: SNR = 56.00 dB | SE = 18.324 bit/s/Hz
[31083 ms] [UE 15599] UL: SNR = 52.50 dB | SE = 17.179 bit/s/Hz
[31136 ms] [UE 33952] UL: SNR = 6.50 dB | SE = 2.414 bit/s/Hz
[31136 ms] [UE 12169] UL: SNR = 63.50 dB | SE = 20.778 bit/s/Hz
[31136 ms] [UE 22873] UL: SNR = 63.50 dB | SE = 20.778 bit/s/Hz
[31136 ms] [UE 30556] UL: SNR = 63.50 dB | SE = 20.778 bit/s/Hz
[31136 ms] [UE 20945] UL: SNR = 52.50 dB | SE = 17.179 bit/s/Hz
[31193 ms] [UE 45898] UL: SNR = 63.50 dB | SE = 20.778 bit/s/Hz
[31193 ms] [UE 36997] UL: SNR = 63.50 dB | SE = 20.778 bit/s/Hz
[31193 ms] [UE 48787] UL: SNR = 63.50 dB | SE = 20.778 bit/s/Hz
[31193 ms] [UE 40252] UL: SNR = 56.00 dB | SE = 18.324 bit/s/Hz
[31193 ms] [UE 15599] UL: SNR = 52.50 dB | SE = 17.179 bit/s/Hz
[31246 ms] [UE 33952] UL: SNR = 6.50 dB | SE = 2.414 bit/s/Hz
[31246 ms] [UE 12169] UL: SNR = 63.50 dB | SE = 20.778 bit/s/Hz
[31246 ms] [UE 22873] UL: SNR = 63.50 dB | SE = 20.778 bit/s/Hz
[31246 ms] [UE 30556] UL: SNR = 63.50 dB | SE = 20.778 bit/s/Hz
[31246 ms] [UE 20945] UL: SNR = 52.50 dB | SE = 17.179 bit/s/Hz
[31293 ms] [UE 45898] UL: SNR = 63.50 dB | SE = 20.778 bit/s/Hz
[31293 ms] [UE 36997] UL: SNR = 63.50 dB | SE = 20.778 bit/s/Hz
[31293 ms] [UE 48787] UL: SNR = 63.50 dB | SE = 20.778 bit/s/Hz
[31293 ms] [UE 40252] UL: SNR = 56.00 dB | SE = 18.324 bit/s/Hz
[31293 ms] [UE 15599] UL: SNR = 52.50 dB | SE = 17.179 bit/s/Hz
[31356 ms] [UE 33952] UL: SNR = 6.50 dB | SE = 2.414 bit/s/Hz
[31356 ms] [UE 12169] UL: SNR = 63.50 dB | SE = 20.778 bit/s/Hz
[31356 ms] [UE 22873] UL: SNR = 63.50 dB | SE = 20.778 bit/s/Hz
[31356 ms] [UE 30556] UL: SNR = 63.50 dB | SE = 20.778 bit/s/Hz
[31356 ms] [UE 20945] UL: SNR = 52.50 dB | SE = 17.179 bit/s/Hz
[31403 ms] [UE 45898] UL: SNR = 63.50 dB | SE = 20.778 bit/s/Hz
[31403 ms] [UE 36997] UL: SNR = 63.50 dB | SE = 20.778 bit/s/Hz
[31403 ms] [UE 48787] UL: SNR = 63.50 dB | SE = 20.778 bit/s/Hz
[31403 ms] [UE 40252] UL: SNR = 56.00 dB | SE = 18.324 bit/s/Hz
[31403 ms] [UE 15599] UL: SNR = 52.50 dB | SE = 17.179 bit/s/Hz
[31456 ms] [UE 33952] UL: SNR = 6.50 dB | SE = 2.414 bit/s/Hz
[31456 ms] [UE 12169] UL: SNR = 63.50 dB | SE = 20.778 bit/s/Hz
[31456 ms] [UE 22873] UL: SNR = 63.50 dB | SE = 20.778 bit/s/Hz
[31456 ms] [UE 30556] UL: SNR = 63.50 dB | SE = 20.778 bit/s/Hz
[31456 ms] [UE 20945] UL: SNR = 52.50 dB | SE = 17.179 bit/s/Hz
[31503 ms] [UE 45898] UL: SNR = 63.50 dB | SE = 20.778 bit/s/Hz
[31503 ms] [UE 36997] UL: SNR = 63.50 dB | SE = 20.778 bit/s/Hz
[31503 ms] [UE 48787] UL: SNR = 63.50 dB | SE = 20.778 bit/s/Hz
[31503 ms] [UE 40252] UL: SNR = 56.00 dB | SE = 18.324 bit/s/Hz
[31503 ms] [UE 15599] UL: SNR = 52.50 dB | SE = 17.179 bit/s/Hz
[31565 ms] [UE 33952] UL: SNR = 6.50 dB | SE = 2.414 bit/s/Hz
[31565 ms] [UE 12169] UL: SNR = 63.50 dB | SE = 20.778 bit/s/Hz
[31565 ms] [UE 22873] UL: SNR = 63.50 dB | SE = 20.778 bit/s/Hz
[31565 ms] [UE 30556] UL: SNR = 63.50 dB | SE = 20.778 bit/s/Hz
[31565 ms] [UE 20945] UL: SNR = 52.50 dB | SE = 17.179 bit/s/Hz
[31613 ms] [UE 45898] UL: SNR = 63.50 dB | SE = 20.778 bit/s/Hz
[31613 ms] [UE 36997] UL: SNR = 63.50 dB | SE = 20.778 bit/s/Hz
[31613 ms] [UE 48787] UL: SNR = 63.50 dB | SE = 20.778 bit/s/Hz
[31613 ms] [UE 40252] UL: SNR = 56.00 dB | SE = 18.324 bit/s/Hz
[31613 ms] [UE 15599] UL: SNR = 52.50 dB | SE = 17.179 bit/s/Hz
[31666 ms] [UE 33952] UL: SNR = 6.50 dB | SE = 2.414 bit/s/Hz
[31666 ms] [UE 12169] UL: SNR = 63.50 dB | SE = 20.778 bit/s/Hz
[31666 ms] [UE 22873] UL: SNR = 63.50 dB | SE = 20.778 bit/s/Hz
[31666 ms] [UE 30556] UL: SNR = 63.50 dB | SE = 20.778 bit/s/Hz
[31666 ms] [UE 20945] UL: SNR = 52.50 dB | SE = 17.179 bit/s/Hz
[31723 ms] [UE 45898] UL: SNR = 63.50 dB | SE = 20.778 bit/s/Hz
[31723 ms] [UE 36997] UL: SNR = 63.50 dB | SE = 20.778 bit/s/Hz
[31723 ms] [UE 48787] UL: SNR = 63.50 dB | SE = 20.778 bit/s/Hz
[31723 ms] [UE 40252] UL: SNR = 56.00 dB | SE = 18.324 bit/s/Hz
[31723 ms] [UE 15599] UL: SNR = 52.50 dB | SE = 17.179 bit/s/Hz
[31776 ms] [UE 33952] UL: SNR = 6.50 dB | SE = 2.414 bit/s/Hz
[31776 ms] [UE 12169] UL: SNR = 63.50 dB | SE = 20.778 bit/s/Hz
[31776 ms] [UE 22873] UL: SNR = 63.50 dB | SE = 20.778 bit/s/Hz
[31776 ms] [UE 30556] UL: SNR = 63.50 dB | SE = 20.778 bit/s/Hz
[31776 ms] [UE 20945] UL: SNR = 52.50 dB | SE = 17.179 bit/s/Hz
[31823 ms] [UE 45898] UL: SNR = 63.50 dB | SE = 20.778 bit/s/Hz
[31823 ms] [UE 36997] UL: SNR = 63.50 dB | SE = 20.778 bit/s/Hz
[31823 ms] [UE 48787] UL: SNR = 63.50 dB | SE = 20.778 bit/s/Hz
[31823 ms] [UE 40252] UL: SNR = 56.00 dB | SE = 18.324 bit/s/Hz
[31823 ms] [UE 15599] UL: SNR = 52.50 dB | SE = 17.179 bit/s/Hz
[31876 ms] [UE 33952] UL: SNR = 6.50 dB | SE = 2.414 bit/s/Hz
[31876 ms] [UE 12169] UL: SNR = 63.50 dB | SE = 20.778 bit/s/Hz
[31876 ms] [UE 22873] UL: SNR = 63.50 dB | SE = 20.778 bit/s/Hz
[31876 ms] [UE 30556] UL: SNR = 63.50 dB | SE = 20.778 bit/s/Hz
[31876 ms] [UE 20945] UL: SNR = 52.50 dB | SE = 17.179 bit/s/Hz
[31923 ms] [UE 45898] UL: SNR = 63.50 dB | SE = 20.778 bit/s/Hz
[31923 ms] [UE 36997] UL: SNR = 63.50 dB | SE = 20.778 bit/s/Hz
[31923 ms] [UE 48787] UL: SNR = 63.50 dB | SE = 20.778 bit/s/Hz
[31923 ms] [UE 40252] UL: SNR = 56.00 dB | SE = 18.324 bit/s/Hz
[31923 ms] [UE 15599] UL: SNR = 52.50 dB | SE = 17.179 bit/s/Hz
[31986 ms] [UE 33952] UL: SNR = 6.50 dB | SE = 2.414 bit/s/Hz
[31986 ms] [UE 12169] UL: SNR = 63.50 dB | SE = 20.778 bit/s/Hz
[31986 ms] [UE 22873] UL: SNR = 63.50 dB | SE = 20.778 bit/s/Hz
[31986 ms] [UE 30556] UL: SNR = 63.50 dB | SE = 20.778 bit/s/Hz
[31986 ms] [UE 20945] UL: SNR = 52.50 dB | SE = 17.179 bit/s/Hz
[32033 ms] [UE 45898] UL: SNR = 63.50 dB | SE = 20.778 bit/s/Hz
[32033 ms] [UE 36997] UL: SNR = 63.50 dB | SE = 20.778 bit/s/Hz
[32033 ms] [UE 48787] UL: SNR = 63.50 dB | SE = 20.778 bit/s/Hz
[32033 ms] [UE 40252] UL: SNR = 56.00 dB | SE = 18.324 bit/s/Hz
[32033 ms] [UE 15599] UL: SNR = 52.50 dB | SE = 17.179 bit/s/Hz
[32086 ms] [UE 33952] UL: SNR = 6.50 dB | SE = 2.414 bit/s/Hz
[32086 ms] [UE 12169] UL: SNR = 63.50 dB | SE = 20.778 bit/s/Hz
[32086 ms] [UE 22873] UL: SNR = 63.50 dB | SE = 20.778 bit/s/Hz
[32086 ms] [UE 30556] UL: SNR = 63.50 dB | SE = 20.778 bit/s/Hz
[32086 ms] [UE 20945] UL: SNR = 52.50 dB | SE = 17.179 bit/s/Hz
[32133 ms] [UE 45898] UL: SNR = 63.50 dB | SE = 20.778 bit/s/Hz
[32133 ms] [UE 36997] UL: SNR = 63.50 dB | SE = 20.778 bit/s/Hz
[32133 ms] [UE 48787] UL: SNR = 63.50 dB | SE = 20.778 bit/s/Hz
[32133 ms] [UE 40252] UL: SNR = 56.00 dB | SE = 18.324 bit/s/Hz
[32133 ms] [UE 15599] UL: SNR = 52.50 dB | SE = 17.179 bit/s/Hz
[32196 ms] [UE 33952] UL: SNR = 6.50 dB | SE = 2.414 bit/s/Hz
[32196 ms] [UE 12169] UL: SNR = 63.50 dB | SE = 20.778 bit/s/Hz
[32196 ms] [UE 22873] UL: SNR = 63.50 dB | SE = 20.778 bit/s/Hz
[32196 ms] [UE 30556] UL: SNR = 63.50 dB | SE = 20.778 bit/s/Hz
[32196 ms] [UE 20945] UL: SNR = 52.50 dB | SE = 17.179 bit/s/Hz
[32233 ms] [UE 45898] UL: SNR = 63.50 dB | SE = 20.778 bit/s/Hz
[32233 ms] [UE 36997] UL: SNR = 63.50 dB | SE = 20.778 bit/s/Hz
[32233 ms] [UE 48787] UL: SNR = 63.50 dB | SE = 20.778 bit/s/Hz
[32233 ms] [UE 40252] UL: SNR = 56.00 dB | SE = 18.324 bit/s/Hz
[32233 ms] [UE 15599] UL: SNR = 52.50 dB | SE = 17.179 bit/s/Hz
[32296 ms] [UE 33952] UL: SNR = 6.50 dB | SE = 2.414 bit/s/Hz
[32296 ms] [UE 12169] UL: SNR = 63.50 dB | SE = 20.778 bit/s/Hz
[32296 ms] [UE 22873] UL: SNR = 63.50 dB | SE = 20.778 bit/s/Hz
[32296 ms] [UE 30556] UL: SNR = 63.50 dB | SE = 20.778 bit/s/Hz
[32296 ms] [UE 20945] UL: SNR = 52.50 dB | SE = 17.179 bit/s/Hz
[32343 ms] [UE 45898] UL: SNR = 63.50 dB | SE = 20.778 bit/s/Hz
[32343 ms] [UE 36997] UL: SNR = 63.50 dB | SE = 20.778 bit/s/Hz
[32343 ms] [UE 48787] UL: SNR = 63.50 dB | SE = 20.778 bit/s/Hz
[32343 ms] [UE 40252] UL: SNR = 56.00 dB | SE = 18.324 bit/s/Hz
[32343 ms] [UE 15599] UL: SNR = 52.50 dB | SE = 17.179 bit/s/Hz
[32406 ms] [UE 33952] UL: SNR = 6.50 dB | SE = 2.414 bit/s/Hz
[32406 ms] [UE 12169] UL: SNR = 63.50 dB | SE = 20.778 bit/s/Hz
[32406 ms] [UE 22873] UL: SNR = 63.50 dB | SE = 20.778 bit/s/Hz
[32406 ms] [UE 30556] UL: SNR = 63.50 dB | SE = 20.778 bit/s/Hz
[32406 ms] [UE 20945] UL: SNR = 52.50 dB | SE = 17.179 bit/s/Hz
[32443 ms] [UE 45898] UL: SNR = 63.50 dB | SE = 20.778 bit/s/Hz
[32443 ms] [UE 36997] UL: SNR = 63.50 dB | SE = 20.778 bit/s/Hz
[32443 ms] [UE 48787] UL: SNR = 63.50 dB | SE = 20.778 bit/s/Hz
[32443 ms] [UE 40252] UL: SNR = 56.00 dB | SE = 18.324 bit/s/Hz
[32443 ms] [UE 15599] UL: SNR = 52.50 dB | SE = 17.179 bit/s/Hz
[32506 ms] [UE 33952] UL: SNR = 6.50 dB | SE = 2.414 bit/s/Hz
[32506 ms] [UE 12169] UL: SNR = 63.50 dB | SE = 20.778 bit/s/Hz
[32506 ms] [UE 22873] UL: SNR = 63.50 dB | SE = 20.778 bit/s/Hz
[32506 ms] [UE 30556] UL: SNR = 63.50 dB | SE = 20.778 bit/s/Hz
[32506 ms] [UE 20945] UL: SNR = 52.50 dB | SE = 17.179 bit/s/Hz
[32543 ms] [UE 45898] UL: SNR = 63.50 dB | SE = 20.778 bit/s/Hz
[32543 ms] [UE 36997] UL: SNR = 63.50 dB | SE = 20.778 bit/s/Hz
[32543 ms] [UE 48787] UL: SNR = 63.50 dB | SE = 20.778 bit/s/Hz
[32543 ms] [UE 40252] UL: SNR = 56.00 dB | SE = 18.324 bit/s/Hz
[32543 ms] [UE 15599] UL: SNR = 52.50 dB | SE = 17.179 bit/s/Hz
[32615 ms] [UE 33952] UL: SNR = 6.50 dB | SE = 2.414 bit/s/Hz
[32615 ms] [UE 12169] UL: SNR = 63.50 dB | SE = 20.778 bit/s/Hz
[32615 ms] [UE 22873] UL: SNR = 63.50 dB | SE = 20.778 bit/s/Hz
[32615 ms] [UE 30556] UL: SNR = 63.50 dB | SE = 20.778 bit/s/Hz
[32615 ms] [UE 20945] UL: SNR = 52.50 dB | SE = 17.179 bit/s/Hz
[32653 ms] [UE 45898] UL: SNR = 63.50 dB | SE = 20.778 bit/s/Hz
[32653 ms] [UE 36997] UL: SNR = 63.50 dB | SE = 20.778 bit/s/Hz
[32653 ms] [UE 48787] UL: SNR = 63.50 dB | SE = 20.778 bit/s/Hz
[32653 ms] [UE 40252] UL: SNR = 56.00 dB | SE = 18.324 bit/s/Hz
[32653 ms] [UE 15599] UL: SNR = 52.50 dB | SE = 17.179 bit/s/Hz
[32716 ms] [UE 33952] UL: SNR = 6.50 dB | SE = 2.414 bit/s/Hz
[32716 ms] [UE 12169] UL: SNR = 63.50 dB | SE = 20.778 bit/s/Hz
[32716 ms] [UE 22873] UL: SNR = 63.50 dB | SE = 20.778 bit/s/Hz
[32716 ms] [UE 30556] UL: SNR = 63.50 dB | SE = 20.778 bit/s/Hz
[32716 ms] [UE 20945] UL: SNR = 52.50 dB | SE = 17.179 bit/s/Hz
[32753 ms] [UE 45898] UL: SNR = 63.50 dB | SE = 20.778 bit/s/Hz
[32753 ms] [UE 36997] UL: SNR = 63.50 dB | SE = 20.778 bit/s/Hz
[32753 ms] [UE 48787] UL: SNR = 63.50 dB | SE = 20.778 bit/s/Hz
[32753 ms] [UE 40252] UL: SNR = 56.00 dB | SE = 18.324 bit/s/Hz
[32753 ms] [UE 15599] UL: SNR = 52.50 dB | SE = 17.179 bit/s/Hz
[32816 ms] [UE 33952] UL: SNR = 6.50 dB | SE = 2.414 bit/s/Hz
[32816 ms] [UE 12169] UL: SNR = 63.50 dB | SE = 20.778 bit/s/Hz
[32816 ms] [UE 22873] UL: SNR = 63.50 dB | SE = 20.778 bit/s/Hz
[32816 ms] [UE 30556] UL: SNR = 63.50 dB | SE = 20.778 bit/s/Hz
[32816 ms] [UE 20945] UL: SNR = 52.50 dB | SE = 17.179 bit/s/Hz
[32853 ms] [UE 45898] UL: SNR = 63.50 dB | SE = 20.778 bit/s/Hz
[32853 ms] [UE 36997] UL: SNR = 63.50 dB | SE = 20.778 bit/s/Hz
[32853 ms] [UE 48787] UL: SNR = 63.50 dB | SE = 20.778 bit/s/Hz
[32853 ms] [UE 40252] UL: SNR = 56.00 dB | SE = 18.324 bit/s/Hz
[32853 ms] [UE 15599] UL: SNR = 52.50 dB | SE = 17.179 bit/s/Hz
[32926 ms] [UE 33952] UL: SNR = 6.50 dB | SE = 2.414 bit/s/Hz
[32926 ms] [UE 12169] UL: SNR = 63.50 dB | SE = 20.778 bit/s/Hz
[32926 ms] [UE 22873] UL: SNR = 63.50 dB | SE = 20.778 bit/s/Hz
[32926 ms] [UE 30556] UL: SNR = 63.50 dB | SE = 20.778 bit/s/Hz
[32926 ms] [UE 20945] UL: SNR = 52.50 dB | SE = 17.179 bit/s/Hz
[32963 ms] [UE 45898] UL: SNR = 63.50 dB | SE = 20.778 bit/s/Hz
[32963 ms] [UE 36997] UL: SNR = 63.50 dB | SE = 20.778 bit/s/Hz
[32963 ms] [UE 48787] UL: SNR = 63.50 dB | SE = 20.778 bit/s/Hz
[32963 ms] [UE 40252] UL: SNR = 56.00 dB | SE = 18.324 bit/s/Hz
[32963 ms] [UE 15599] UL: SNR = 52.50 dB | SE = 17.179 bit/s/Hz
[33026 ms] [UE 33952] UL: SNR = 6.50 dB | SE = 2.414 bit/s/Hz
[33026 ms] [UE 12169] UL: SNR = 63.50 dB | SE = 20.778 bit/s/Hz
[33026 ms] [UE 22873] UL: SNR = 63.50 dB | SE = 20.778 bit/s/Hz
[33026 ms] [UE 30556] UL: SNR = 63.50 dB | SE = 20.778 bit/s/Hz
[33026 ms] [UE 20945] UL: SNR = 52.50 dB | SE = 17.179 bit/s/Hz
[33063 ms] [UE 45898] UL: SNR = 63.50 dB | SE = 20.778 bit/s/Hz
[33063 ms] [UE 36997] UL: SNR = 63.50 dB | SE = 20.778 bit/s/Hz
[33063 ms] [UE 48787] UL: SNR = 63.50 dB | SE = 20.778 bit/s/Hz
[33063 ms] [UE 40252] UL: SNR = 56.00 dB | SE = 18.324 bit/s/Hz
[33063 ms] [UE 15599] UL: SNR = 52.50 dB | SE = 17.179 bit/s/Hz
[33138 ms] [UE 33952] UL: SNR = 6.50 dB | SE = 2.414 bit/s/Hz
[33138 ms] [UE 12169] UL: SNR = 63.50 dB | SE = 20.778 bit/s/Hz
[33138 ms] [UE 22873] UL: SNR = 63.50 dB | SE = 20.778 bit/s/Hz
[33138 ms] [UE 30556] UL: SNR = 63.50 dB | SE = 20.778 bit/s/Hz
[33138 ms] [UE 20945] UL: SNR = 52.50 dB | SE = 17.179 bit/s/Hz
[33163 ms] [UE 45898] UL: SNR = 63.50 dB | SE = 20.778 bit/s/Hz
[33163 ms] [UE 36997] UL: SNR = 63.50 dB | SE = 20.778 bit/s/Hz
[33163 ms] [UE 48787] UL: SNR = 63.50 dB | SE = 20.778 bit/s/Hz
[33163 ms] [UE 40252] UL: SNR = 56.00 dB | SE = 18.324 bit/s/Hz
[33163 ms] [UE 15599] UL: SNR = 52.50 dB | SE = 17.179 bit/s/Hz
[33239 ms] [UE 33952] UL: SNR = 6.50 dB | SE = 2.414 bit/s/Hz
[33239 ms] [UE 12169] UL: SNR = 63.50 dB | SE = 20.778 bit/s/Hz
[33239 ms] [UE 22873] UL: SNR = 63.50 dB | SE = 20.778 bit/s/Hz
[33239 ms] [UE 30556] UL: SNR = 63.50 dB | SE = 20.778 bit/s/Hz
[33239 ms] [UE 20945] UL: SNR = 52.50 dB | SE = 17.179 bit/s/Hz
[33263 ms] [UE 45898] UL: SNR = 63.50 dB | SE = 20.778 bit/s/Hz
[33263 ms] [UE 36997] UL: SNR = 63.50 dB | SE = 20.778 bit/s/Hz
[33263 ms] [UE 48787] UL: SNR = 63.50 dB | SE = 20.778 bit/s/Hz
[33263 ms] [UE 40252] UL: SNR = 56.00 dB | SE = 18.324 bit/s/Hz
[33263 ms] [UE 15599] UL: SNR = 52.50 dB | SE = 17.179 bit/s/Hz
[33345 ms] [UE 33952] UL: SNR = 6.50 dB | SE = 2.414 bit/s/Hz
[33345 ms] [UE 12169] UL: SNR = 63.50 dB | SE = 20.778 bit/s/Hz
[33345 ms] [UE 22873] UL: SNR = 63.50 dB | SE = 20.778 bit/s/Hz
[33345 ms] [UE 30556] UL: SNR = 63.50 dB | SE = 20.778 bit/s/Hz
[33345 ms] [UE 20945] UL: SNR = 52.50 dB | SE = 17.179 bit/s/Hz
[33363 ms] [UE 45898] UL: SNR = 63.50 dB | SE = 20.778 bit/s/Hz
[33363 ms] [UE 36997] UL: SNR = 63.50 dB | SE = 20.778 bit/s/Hz
[33363 ms] [UE 48787] UL: SNR = 63.50 dB | SE = 20.778 bit/s/Hz
[33363 ms] [UE 40252] UL: SNR = 56.00 dB | SE = 18.324 bit/s/Hz
[33363 ms] [UE 15599] UL: SNR = 52.50 dB | SE = 17.179 bit/s/Hz
[33455 ms] [UE 33952] UL: SNR = 6.50 dB | SE = 2.414 bit/s/Hz
[33455 ms] [UE 12169] UL: SNR = 63.50 dB | SE = 20.778 bit/s/Hz
[33455 ms] [UE 22873] UL: SNR = 63.50 dB | SE = 20.778 bit/s/Hz
[33455 ms] [UE 30556] UL: SNR = 63.50 dB | SE = 20.778 bit/s/Hz
[33455 ms] [UE 20945] UL: SNR = 52.50 dB | SE = 17.179 bit/s/Hz
[33473 ms] [UE 45898] UL: SNR = 63.50 dB | SE = 20.778 bit/s/Hz
[33473 ms] [UE 36997] UL: SNR = 63.50 dB | SE = 20.778 bit/s/Hz
[33473 ms] [UE 48787] UL: SNR = 63.50 dB | SE = 20.778 bit/s/Hz
[33473 ms] [UE 40252] UL: SNR = 56.00 dB | SE = 18.324 bit/s/Hz
[33473 ms] [UE 15599] UL: SNR = 52.50 dB | SE = 17.179 bit/s/Hz
[33556 ms] [UE 33952] UL: SNR = 6.50 dB | SE = 2.414 bit/s/Hz
[33556 ms] [UE 12169] UL: SNR = 63.50 dB | SE = 20.778 bit/s/Hz
[33556 ms] [UE 22873] UL: SNR = 63.50 dB | SE = 20.778 bit/s/Hz
[33556 ms] [UE 30556] UL: SNR = 63.50 dB | SE = 20.778 bit/s/Hz
[33556 ms] [UE 20945] UL: SNR = 52.50 dB | SE = 17.179 bit/s/Hz
[33583 ms] [UE 45898] UL: SNR = 63.50 dB | SE = 20.778 bit/s/Hz
[33583 ms] [UE 36997] UL: SNR = 63.50 dB | SE = 20.778 bit/s/Hz
[33583 ms] [UE 48787] UL: SNR = 63.50 dB | SE = 20.778 bit/s/Hz
[33583 ms] [UE 40252] UL: SNR = 56.00 dB | SE = 18.324 bit/s/Hz
[33583 ms] [UE 15599] UL: SNR = 52.50 dB | SE = 17.179 bit/s/Hz
[33657 ms] [UE 33952] UL: SNR = 6.50 dB | SE = 2.414 bit/s/Hz
[33657 ms] [UE 12169] UL: SNR = 63.50 dB | SE = 20.778 bit/s/Hz
[33657 ms] [UE 22873] UL: SNR = 63.50 dB | SE = 20.778 bit/s/Hz
[33657 ms] [UE 30556] UL: SNR = 63.50 dB | SE = 20.778 bit/s/Hz
[33657 ms] [UE 20945] UL: SNR = 52.50 dB | SE = 17.179 bit/s/Hz
[33693 ms] [UE 45898] UL: SNR = 63.50 dB | SE = 20.778 bit/s/Hz
[33693 ms] [UE 36997] UL: SNR = 63.50 dB | SE = 20.778 bit/s/Hz
[33693 ms] [UE 48787] UL: SNR = 63.50 dB | SE = 20.778 bit/s/Hz
[33693 ms] [UE 40252] UL: SNR = 56.00 dB | SE = 18.324 bit/s/Hz
[33693 ms] [UE 15599] UL: SNR = 52.50 dB | SE = 17.179 bit/s/Hz
[33766 ms] [UE 33952] UL: SNR = 6.50 dB | SE = 2.414 bit/s/Hz
[33766 ms] [UE 12169] UL: SNR = 63.50 dB | SE = 20.778 bit/s/Hz
[33766 ms] [UE 22873] UL: SNR = 63.50 dB | SE = 20.778 bit/s/Hz
[33766 ms] [UE 30556] UL: SNR = 63.50 dB | SE = 20.778 bit/s/Hz
[33766 ms] [UE 20945] UL: SNR = 52.50 dB | SE = 17.179 bit/s/Hz
[33803 ms] [UE 45898] UL: SNR = 63.50 dB | SE = 20.778 bit/s/Hz
[33803 ms] [UE 36997] UL: SNR = 63.50 dB | SE = 20.778 bit/s/Hz
[33803 ms] [UE 48787] UL: SNR = 63.50 dB | SE = 20.778 bit/s/Hz
[33803 ms] [UE 40252] UL: SNR = 56.00 dB | SE = 18.324 bit/s/Hz
[33803 ms] [UE 15599] UL: SNR = 52.50 dB | SE = 17.179 bit/s/Hz
[33866 ms] [UE 33952] UL: SNR = 6.50 dB | SE = 2.414 bit/s/Hz
[33866 ms] [UE 12169] UL: SNR = 63.50 dB | SE = 20.778 bit/s/Hz
[33866 ms] [UE 22873] UL: SNR = 63.50 dB | SE = 20.778 bit/s/Hz
[33866 ms] [UE 30556] UL: SNR = 53.50 dB | SE = 17.506 bit/s/Hz
[33866 ms] [UE 20945] UL: SNR = 52.50 dB | SE = 17.179 bit/s/Hz
[33903 ms] [UE 45898] UL: SNR = 63.50 dB | SE = 20.778 bit/s/Hz
[33903 ms] [UE 36997] UL: SNR = 63.50 dB | SE = 20.778 bit/s/Hz
[33903 ms] [UE 48787] UL: SNR = 63.50 dB | SE = 20.778 bit/s/Hz
[33903 ms] [UE 40252] UL: SNR = 56.00 dB | SE = 18.324 bit/s/Hz
[33903 ms] [UE 15599] UL: SNR = 52.50 dB | SE = 17.179 bit/s/Hz
[33976 ms] [UE 33952] UL: SNR = 6.50 dB | SE = 2.414 bit/s/Hz
[33976 ms] [UE 12169] UL: SNR = 63.50 dB | SE = 20.778 bit/s/Hz
[33976 ms] [UE 22873] UL: SNR = 63.50 dB | SE = 20.778 bit/s/Hz
[33976 ms] [UE 30556] UL: SNR = 53.50 dB | SE = 17.506 bit/s/Hz
[33976 ms] [UE 20945] UL: SNR = 52.50 dB | SE = 17.179 bit/s/Hz
[34003 ms] [UE 45898] UL: SNR = 63.50 dB | SE = 20.778 bit/s/Hz
[34003 ms] [UE 36997] UL: SNR = 63.50 dB | SE = 20.778 bit/s/Hz
[34003 ms] [UE 48787] UL: SNR = 63.50 dB | SE = 20.778 bit/s/Hz
[34003 ms] [UE 40252] UL: SNR = 56.00 dB | SE = 18.324 bit/s/Hz
[34003 ms] [UE 15599] UL: SNR = 52.50 dB | SE = 17.179 bit/s/Hz
[34087 ms] [UE 33952] UL: SNR = 6.50 dB | SE = 2.414 bit/s/Hz
[34087 ms] [UE 12169] UL: SNR = 63.50 dB | SE = 20.778 bit/s/Hz
[34087 ms] [UE 22873] UL: SNR = 63.50 dB | SE = 20.778 bit/s/Hz
[34087 ms] [UE 30556] UL: SNR = 53.50 dB | SE = 17.506 bit/s/Hz
[34087 ms] [UE 20945] UL: SNR = 52.50 dB | SE = 17.179 bit/s/Hz
[34103 ms] [UE 45898] UL: SNR = 63.50 dB | SE = 20.778 bit/s/Hz
[34103 ms] [UE 36997] UL: SNR = 63.50 dB | SE = 20.778 bit/s/Hz
[34103 ms] [UE 48787] UL: SNR = 63.50 dB | SE = 20.778 bit/s/Hz
[34103 ms] [UE 40252] UL: SNR = 56.00 dB | SE = 18.324 bit/s/Hz
[34103 ms] [UE 15599] UL: SNR = 52.50 dB | SE = 17.179 bit/s/Hz
[34196 ms] [UE 33952] UL: SNR = 6.50 dB | SE = 2.414 bit/s/Hz
[34196 ms] [UE 12169] UL: SNR = 63.50 dB | SE = 20.778 bit/s/Hz
[34196 ms] [UE 22873] UL: SNR = 63.50 dB | SE = 20.778 bit/s/Hz
[34196 ms] [UE 30556] UL: SNR = 53.50 dB | SE = 17.506 bit/s/Hz
[34196 ms] [UE 20945] UL: SNR = 52.50 dB | SE = 17.179 bit/s/Hz
[34213 ms] [UE 45898] UL: SNR = 63.50 dB | SE = 20.778 bit/s/Hz
[34213 ms] [UE 36997] UL: SNR = 63.50 dB | SE = 20.778 bit/s/Hz
[34213 ms] [UE 48787] UL: SNR = 63.50 dB | SE = 20.778 bit/s/Hz
[34213 ms] [UE 40252] UL: SNR = 56.00 dB | SE = 18.324 bit/s/Hz
[34213 ms] [UE 15599] UL: SNR = 52.50 dB | SE = 17.179 bit/s/Hz
[34296 ms] [UE 33952] UL: SNR = 6.50 dB | SE = 2.414 bit/s/Hz
[34296 ms] [UE 12169] UL: SNR = 63.50 dB | SE = 20.778 bit/s/Hz
[34296 ms] [UE 22873] UL: SNR = 63.50 dB | SE = 20.778 bit/s/Hz
[34296 ms] [UE 30556] UL: SNR = 53.50 dB | SE = 17.506 bit/s/Hz
[34296 ms] [UE 20945] UL: SNR = 52.50 dB | SE = 17.179 bit/s/Hz
[34323 ms] [UE 45898] UL: SNR = 63.50 dB | SE = 20.778 bit/s/Hz
[34323 ms] [UE 36997] UL: SNR = 63.50 dB | SE = 20.778 bit/s/Hz
[34323 ms] [UE 48787] UL: SNR = 63.50 dB | SE = 20.778 bit/s/Hz
[34323 ms] [UE 40252] UL: SNR = 56.00 dB | SE = 18.324 bit/s/Hz
[34323 ms] [UE 15599] UL: SNR = 52.50 dB | SE = 17.179 bit/s/Hz
[34405 ms] [UE 33952] UL: SNR = 6.50 dB | SE = 2.414 bit/s/Hz
[34405 ms] [UE 12169] UL: SNR = 63.50 dB | SE = 20.778 bit/s/Hz
[34405 ms] [UE 22873] UL: SNR = 63.50 dB | SE = 20.778 bit/s/Hz
[34405 ms] [UE 30556] UL: SNR = 53.50 dB | SE = 17.506 bit/s/Hz
[34405 ms] [UE 20945] UL: SNR = 52.50 dB | SE = 17.179 bit/s/Hz
[34433 ms] [UE 45898] UL: SNR = 63.50 dB | SE = 20.778 bit/s/Hz
[34433 ms] [UE 36997] UL: SNR = 63.50 dB | SE = 20.778 bit/s/Hz
[34433 ms] [UE 48787] UL: SNR = 63.50 dB | SE = 20.778 bit/s/Hz
[34433 ms] [UE 40252] UL: SNR = 56.00 dB | SE = 18.324 bit/s/Hz
[34433 ms] [UE 15599] UL: SNR = 52.50 dB | SE = 17.179 bit/s/Hz
[34508 ms] [UE 33952] UL: SNR = 6.50 dB | SE = 2.414 bit/s/Hz
[34508 ms] [UE 12169] UL: SNR = 63.50 dB | SE = 20.778 bit/s/Hz
[34508 ms] [UE 22873] UL: SNR = 63.50 dB | SE = 20.778 bit/s/Hz
[34508 ms] [UE 30556] UL: SNR = 53.50 dB | SE = 17.506 bit/s/Hz
[34508 ms] [UE 20945] UL: SNR = 52.50 dB | SE = 17.179 bit/s/Hz
[34533 ms] [UE 45898] UL: SNR = 63.50 dB | SE = 20.778 bit/s/Hz
[34533 ms] [UE 36997] UL: SNR = 63.50 dB | SE = 20.778 bit/s/Hz
[34533 ms] [UE 48787] UL: SNR = 63.50 dB | SE = 20.778 bit/s/Hz
[34533 ms] [UE 40252] UL: SNR = 56.00 dB | SE = 18.324 bit/s/Hz
[34533 ms] [UE 15599] UL: SNR = 52.50 dB | SE = 17.179 bit/s/Hz
[34616 ms] [UE 33952] UL: SNR = 6.50 dB | SE = 2.414 bit/s/Hz
[34616 ms] [UE 12169] UL: SNR = 63.50 dB | SE = 20.778 bit/s/Hz
[34616 ms] [UE 22873] UL: SNR = 63.50 dB | SE = 20.778 bit/s/Hz
[34616 ms] [UE 30556] UL: SNR = 63.50 dB | SE = 20.778 bit/s/Hz
[34616 ms] [UE 20945] UL: SNR = 52.50 dB | SE = 17.179 bit/s/Hz
[34643 ms] [UE 45898] UL: SNR = 63.50 dB | SE = 20.778 bit/s/Hz
[34643 ms] [UE 36997] UL: SNR = 63.50 dB | SE = 20.778 bit/s/Hz
[34643 ms] [UE 48787] UL: SNR = 63.50 dB | SE = 20.778 bit/s/Hz
[34643 ms] [UE 40252] UL: SNR = 56.00 dB | SE = 18.324 bit/s/Hz
[34643 ms] [UE 15599] UL: SNR = 52.50 dB | SE = 17.179 bit/s/Hz
[34716 ms] [UE 33952] UL: SNR = 6.50 dB | SE = 2.414 bit/s/Hz
[34716 ms] [UE 12169] UL: SNR = 63.50 dB | SE = 20.778 bit/s/Hz
[34716 ms] [UE 22873] UL: SNR = 63.50 dB | SE = 20.778 bit/s/Hz
[34716 ms] [UE 30556] UL: SNR = 63.50 dB | SE = 20.778 bit/s/Hz
[34716 ms] [UE 20945] UL: SNR = 52.50 dB | SE = 17.179 bit/s/Hz
[34743 ms] [UE 45898] UL: SNR = 63.50 dB | SE = 20.778 bit/s/Hz
[34743 ms] [UE 36997] UL: SNR = 63.50 dB | SE = 20.778 bit/s/Hz
[34743 ms] [UE 48787] UL: SNR = 63.50 dB | SE = 20.778 bit/s/Hz
[34743 ms] [UE 40252] UL: SNR = 56.00 dB | SE = 18.324 bit/s/Hz
[34743 ms] [UE 15599] UL: SNR = 52.50 dB | SE = 17.179 bit/s/Hz
[34825 ms] [UE 33952] UL: SNR = 6.50 dB | SE = 2.414 bit/s/Hz
[34825 ms] [UE 12169] UL: SNR = 63.50 dB | SE = 20.778 bit/s/Hz
[34825 ms] [UE 22873] UL: SNR = 63.50 dB | SE = 20.778 bit/s/Hz
[34825 ms] [UE 30556] UL: SNR = 63.50 dB | SE = 20.778 bit/s/Hz
[34825 ms] [UE 20945] UL: SNR = 52.50 dB | SE = 17.179 bit/s/Hz
[34843 ms] [UE 45898] UL: SNR = 63.50 dB | SE = 20.778 bit/s/Hz
[34843 ms] [UE 36997] UL: SNR = 63.50 dB | SE = 20.778 bit/s/Hz
[34843 ms] [UE 48787] UL: SNR = 63.50 dB | SE = 20.778 bit/s/Hz
[34843 ms] [UE 40252] UL: SNR = 56.00 dB | SE = 18.324 bit/s/Hz
[34843 ms] [UE 15599] UL: SNR = 52.50 dB | SE = 17.179 bit/s/Hz
[34926 ms] [UE 33952] UL: SNR = 6.50 dB | SE = 2.414 bit/s/Hz
[34926 ms] [UE 12169] UL: SNR = 63.50 dB | SE = 20.778 bit/s/Hz
[34926 ms] [UE 22873] UL: SNR = 63.50 dB | SE = 20.778 bit/s/Hz
[34926 ms] [UE 30556] UL: SNR = 63.50 dB | SE = 20.778 bit/s/Hz
[34926 ms] [UE 20945] UL: SNR = 52.50 dB | SE = 17.179 bit/s/Hz
[34953 ms] [UE 45898] UL: SNR = 63.50 dB | SE = 20.778 bit/s/Hz
[34953 ms] [UE 36997] UL: SNR = 63.50 dB | SE = 20.778 bit/s/Hz
[34953 ms] [UE 48787] UL: SNR = 63.50 dB | SE = 20.778 bit/s/Hz
[34953 ms] [UE 40252] UL: SNR = 56.00 dB | SE = 18.324 bit/s/Hz
[34953 ms] [UE 15599] UL: SNR = 52.50 dB | SE = 17.179 bit/s/Hz
[35037 ms] [UE 33952] UL: SNR = 6.50 dB | SE = 2.414 bit/s/Hz
[35037 ms] [UE 12169] UL: SNR = 63.50 dB | SE = 20.778 bit/s/Hz
[35037 ms] [UE 22873] UL: SNR = 63.50 dB | SE = 20.778 bit/s/Hz
[35037 ms] [UE 30556] UL: SNR = 63.50 dB | SE = 20.778 bit/s/Hz
[35037 ms] [UE 20945] UL: SNR = 52.50 dB | SE = 17.179 bit/s/Hz
[35063 ms] [UE 45898] UL: SNR = 63.50 dB | SE = 20.778 bit/s/Hz
[35063 ms] [UE 36997] UL: SNR = 63.50 dB | SE = 20.778 bit/s/Hz
[35063 ms] [UE 48787] UL: SNR = 63.50 dB | SE = 20.778 bit/s/Hz
[35063 ms] [UE 40252] UL: SNR = 56.00 dB | SE = 18.324 bit/s/Hz
[35063 ms] [UE 15599] UL: SNR = 52.50 dB | SE = 17.179 bit/s/Hz
[35146 ms] [UE 33952] UL: SNR = 6.50 dB | SE = 2.414 bit/s/Hz
[35146 ms] [UE 12169] UL: SNR = 63.50 dB | SE = 20.778 bit/s/Hz
[35146 ms] [UE 22873] UL: SNR = 63.50 dB | SE = 20.778 bit/s/Hz
[35146 ms] [UE 30556] UL: SNR = 63.50 dB | SE = 20.778 bit/s/Hz
[35146 ms] [UE 20945] UL: SNR = 52.50 dB | SE = 17.179 bit/s/Hz
[35164 ms] [UE 45898] UL: SNR = 63.50 dB | SE = 20.778 bit/s/Hz
[35164 ms] [UE 36997] UL: SNR = 63.50 dB | SE = 20.778 bit/s/Hz
[35164 ms] [UE 48787] UL: SNR = 63.50 dB | SE = 20.778 bit/s/Hz
[35164 ms] [UE 40252] UL: SNR = 56.00 dB | SE = 18.324 bit/s/Hz
[35164 ms] [UE 15599] UL: SNR = 52.50 dB | SE = 17.179 bit/s/Hz
[35249 ms] [UE 33952] UL: SNR = 6.50 dB | SE = 2.414 bit/s/Hz
[35249 ms] [UE 12169] UL: SNR = 63.50 dB | SE = 20.778 bit/s/Hz
[35249 ms] [UE 22873] UL: SNR = 63.50 dB | SE = 20.778 bit/s/Hz
[35249 ms] [UE 30556] UL: SNR = 63.50 dB | SE = 20.778 bit/s/Hz
[35249 ms] [UE 20945] UL: SNR = 52.50 dB | SE = 17.179 bit/s/Hz
[35264 ms] [UE 45898] UL: SNR = 63.50 dB | SE = 20.778 bit/s/Hz
[35264 ms] [UE 36997] UL: SNR = 63.50 dB | SE = 20.778 bit/s/Hz
[35264 ms] [UE 48787] UL: SNR = 63.50 dB | SE = 20.778 bit/s/Hz
[35264 ms] [UE 40252] UL: SNR = 56.00 dB | SE = 18.324 bit/s/Hz
[35264 ms] [UE 15599] UL: SNR = 52.50 dB | SE = 17.179 bit/s/Hz
[35356 ms] [UE 33952] UL: SNR = 6.50 dB | SE = 2.414 bit/s/Hz
[35356 ms] [UE 12169] UL: SNR = 63.50 dB | SE = 20.778 bit/s/Hz
[35356 ms] [UE 22873] UL: SNR = 63.50 dB | SE = 20.778 bit/s/Hz
[35356 ms] [UE 30556] UL: SNR = 63.50 dB | SE = 20.778 bit/s/Hz
[35356 ms] [UE 20945] UL: SNR = 52.50 dB | SE = 17.179 bit/s/Hz
[35373 ms] [UE 45898] UL: SNR = 63.50 dB | SE = 20.778 bit/s/Hz
[35373 ms] [UE 36997] UL: SNR = 63.50 dB | SE = 20.778 bit/s/Hz
[35373 ms] [UE 48787] UL: SNR = 63.50 dB | SE = 20.778 bit/s/Hz
[35373 ms] [UE 40252] UL: SNR = 56.00 dB | SE = 18.324 bit/s/Hz
[35373 ms] [UE 15599] UL: SNR = 52.50 dB | SE = 17.179 bit/s/Hz
[35466 ms] [UE 33952] UL: SNR = 6.50 dB | SE = 2.414 bit/s/Hz
[35466 ms] [UE 12169] UL: SNR = 63.50 dB | SE = 20.778 bit/s/Hz
[35466 ms] [UE 22873] UL: SNR = 63.50 dB | SE = 20.778 bit/s/Hz
[35466 ms] [UE 30556] UL: SNR = 63.50 dB | SE = 20.778 bit/s/Hz
[35466 ms] [UE 20945] UL: SNR = 52.50 dB | SE = 17.179 bit/s/Hz
[35474 ms] [UE 45898] UL: SNR = 63.50 dB | SE = 20.778 bit/s/Hz
[35474 ms] [UE 36997] UL: SNR = 63.50 dB | SE = 20.778 bit/s/Hz
[35474 ms] [UE 48787] UL: SNR = 63.50 dB | SE = 20.778 bit/s/Hz
[35474 ms] [UE 40252] UL: SNR = 56.00 dB | SE = 18.324 bit/s/Hz
[35474 ms] [UE 15599] UL: SNR = 52.50 dB | SE = 17.179 bit/s/Hz
[35576 ms] [UE 33952] UL: SNR = 6.50 dB | SE = 2.414 bit/s/Hz
[35576 ms] [UE 12169] UL: SNR = 63.50 dB | SE = 20.778 bit/s/Hz
[35576 ms] [UE 22873] UL: SNR = 63.50 dB | SE = 20.778 bit/s/Hz
[35576 ms] [UE 30556] UL: SNR = 63.50 dB | SE = 20.778 bit/s/Hz
[35576 ms] [UE 20945] UL: SNR = 52.50 dB | SE = 17.179 bit/s/Hz
[35583 ms] [UE 45898] UL: SNR = 63.50 dB | SE = 20.778 bit/s/Hz
[35583 ms] [UE 36997] UL: SNR = 63.50 dB | SE = 20.778 bit/s/Hz
[35583 ms] [UE 48787] UL: SNR = 63.50 dB | SE = 20.778 bit/s/Hz
[35583 ms] [UE 40252] UL: SNR = 56.00 dB | SE = 18.324 bit/s/Hz
[35583 ms] [UE 15599] UL: SNR = 52.50 dB | SE = 17.179 bit/s/Hz
[35676 ms] [UE 33952] UL: SNR = 6.50 dB | SE = 2.414 bit/s/Hz
[35676 ms] [UE 12169] UL: SNR = 63.50 dB | SE = 20.778 bit/s/Hz
[35676 ms] [UE 22873] UL: SNR = 63.50 dB | SE = 20.778 bit/s/Hz
[35676 ms] [UE 30556] UL: SNR = 63.50 dB | SE = 20.778 bit/s/Hz
[35676 ms] [UE 20945] UL: SNR = 52.50 dB | SE = 17.179 bit/s/Hz
[35683 ms] [UE 45898] UL: SNR = 63.50 dB | SE = 20.778 bit/s/Hz
[35683 ms] [UE 36997] UL: SNR = 63.50 dB | SE = 20.778 bit/s/Hz
[35683 ms] [UE 48787] UL: SNR = 63.50 dB | SE = 20.778 bit/s/Hz
[35683 ms] [UE 40252] UL: SNR = 56.00 dB | SE = 18.324 bit/s/Hz
[35683 ms] [UE 15599] UL: SNR = 52.50 dB | SE = 17.179 bit/s/Hz
[35783 ms] [UE 45898] UL: SNR = 63.50 dB | SE = 20.778 bit/s/Hz
[35783 ms] [UE 36997] UL: SNR = 63.50 dB | SE = 20.778 bit/s/Hz
[35783 ms] [UE 48787] UL: SNR = 63.50 dB | SE = 20.778 bit/s/Hz
[35783 ms] [UE 40252] UL: SNR = 56.00 dB | SE = 18.324 bit/s/Hz
[35783 ms] [UE 15599] UL: SNR = 52.50 dB | SE = 17.179 bit/s/Hz
[35786 ms] [UE 33952] UL: SNR = 6.50 dB | SE = 2.414 bit/s/Hz
[35786 ms] [UE 12169] UL: SNR = 63.50 dB | SE = 20.778 bit/s/Hz
[35786 ms] [UE 22873] UL: SNR = 63.50 dB | SE = 20.778 bit/s/Hz
[35786 ms] [UE 30556] UL: SNR = 63.50 dB | SE = 20.778 bit/s/Hz
[35786 ms] [UE 20945] UL: SNR = 52.50 dB | SE = 17.179 bit/s/Hz
[35893 ms] [UE 45898] UL: SNR = 63.50 dB | SE = 20.778 bit/s/Hz
[35893 ms] [UE 36997] UL: SNR = 63.50 dB | SE = 20.778 bit/s/Hz
[35893 ms] [UE 48787] UL: SNR = 63.50 dB | SE = 20.778 bit/s/Hz
[35893 ms] [UE 40252] UL: SNR = 56.00 dB | SE = 18.324 bit/s/Hz
[35893 ms] [UE 15599] UL: SNR = 52.50 dB | SE = 17.179 bit/s/Hz
[35896 ms] [UE 33952] UL: SNR = 6.50 dB | SE = 2.414 bit/s/Hz
[35896 ms] [UE 12169] UL: SNR = 63.50 dB | SE = 20.778 bit/s/Hz
[35896 ms] [UE 22873] UL: SNR = 63.50 dB | SE = 20.778 bit/s/Hz
[35896 ms] [UE 30556] UL: SNR = 63.50 dB | SE = 20.778 bit/s/Hz
[35896 ms] [UE 20945] UL: SNR = 52.50 dB | SE = 17.179 bit/s/Hz
[36003 ms] [UE 45898] UL: SNR = 63.50 dB | SE = 20.778 bit/s/Hz
[36003 ms] [UE 36997] UL: SNR = 63.50 dB | SE = 20.778 bit/s/Hz
[36003 ms] [UE 48787] UL: SNR = 63.50 dB | SE = 20.778 bit/s/Hz
[36003 ms] [UE 40252] UL: SNR = 56.00 dB | SE = 18.324 bit/s/Hz
[36003 ms] [UE 15599] UL: SNR = 52.50 dB | SE = 17.179 bit/s/Hz
[36006 ms] [UE 33952] UL: SNR = 6.50 dB | SE = 2.414 bit/s/Hz
[36006 ms] [UE 12169] UL: SNR = 63.50 dB | SE = 20.778 bit/s/Hz
[36006 ms] [UE 22873] UL: SNR = 63.50 dB | SE = 20.778 bit/s/Hz
[36006 ms] [UE 30556] UL: SNR = 63.50 dB | SE = 20.778 bit/s/Hz
[36006 ms] [UE 20945] UL: SNR = 52.50 dB | SE = 17.179 bit/s/Hz
[36103 ms] [UE 45898] UL: SNR = 63.50 dB | SE = 20.778 bit/s/Hz
[36103 ms] [UE 36997] UL: SNR = 63.50 dB | SE = 20.778 bit/s/Hz
[36103 ms] [UE 48787] UL: SNR = 63.50 dB | SE = 20.778 bit/s/Hz
[36103 ms] [UE 40252] UL: SNR = 56.00 dB | SE = 18.324 bit/s/Hz
[36103 ms] [UE 15599] UL: SNR = 52.50 dB | SE = 17.179 bit/s/Hz
[36117 ms] [UE 33952] UL: SNR = 6.50 dB | SE = 2.414 bit/s/Hz
[36117 ms] [UE 12169] UL: SNR = 63.50 dB | SE = 20.778 bit/s/Hz
[36117 ms] [UE 22873] UL: SNR = 63.50 dB | SE = 20.778 bit/s/Hz
[36117 ms] [UE 30556] UL: SNR = 63.50 dB | SE = 20.778 bit/s/Hz
[36117 ms] [UE 20945] UL: SNR = 52.50 dB | SE = 17.179 bit/s/Hz
[36213 ms] [UE 45898] UL: SNR = 63.50 dB | SE = 20.778 bit/s/Hz
[36213 ms] [UE 36997] UL: SNR = 63.50 dB | SE = 20.778 bit/s/Hz
[36213 ms] [UE 48787] UL: SNR = 63.50 dB | SE = 20.778 bit/s/Hz
[36213 ms] [UE 40252] UL: SNR = 56.00 dB | SE = 18.324 bit/s/Hz
[36213 ms] [UE 15599] UL: SNR = 52.50 dB | SE = 17.179 bit/s/Hz
[36226 ms] [UE 33952] UL: SNR = 6.50 dB | SE = 2.414 bit/s/Hz
[36226 ms] [UE 12169] UL: SNR = 63.50 dB | SE = 20.778 bit/s/Hz
[36226 ms] [UE 22873] UL: SNR = 63.50 dB | SE = 20.778 bit/s/Hz
[36226 ms] [UE 30556] UL: SNR = 63.50 dB | SE = 20.778 bit/s/Hz
[36226 ms] [UE 20945] UL: SNR = 52.50 dB | SE = 17.179 bit/s/Hz
[36323 ms] [UE 45898] UL: SNR = 63.50 dB | SE = 20.778 bit/s/Hz
[36323 ms] [UE 36997] UL: SNR = 63.50 dB | SE = 20.778 bit/s/Hz
[36323 ms] [UE 48787] UL: SNR = 63.50 dB | SE = 20.778 bit/s/Hz
[36323 ms] [UE 40252] UL: SNR = 56.00 dB | SE = 18.324 bit/s/Hz
[36323 ms] [UE 15599] UL: SNR = 52.50 dB | SE = 17.179 bit/s/Hz
[36328 ms] [UE 33952] UL: SNR = 6.50 dB | SE = 2.414 bit/s/Hz
[36328 ms] [UE 12169] UL: SNR = 63.50 dB | SE = 20.778 bit/s/Hz
[36328 ms] [UE 22873] UL: SNR = 63.50 dB | SE = 20.778 bit/s/Hz
[36328 ms] [UE 30556] UL: SNR = 63.50 dB | SE = 20.778 bit/s/Hz
[36328 ms] [UE 20945] UL: SNR = 52.50 dB | SE = 17.179 bit/s/Hz
[36433 ms] [UE 45898] UL: SNR = 63.50 dB | SE = 20.778 bit/s/Hz
[36433 ms] [UE 36997] UL: SNR = 63.50 dB | SE = 20.778 bit/s/Hz
[36433 ms] [UE 48787] UL: SNR = 63.50 dB | SE = 20.778 bit/s/Hz
[36433 ms] [UE 40252] UL: SNR = 56.00 dB | SE = 18.324 bit/s/Hz
[36433 ms] [UE 15599] UL: SNR = 52.50 dB | SE = 17.179 bit/s/Hz
[36436 ms] [UE 33952] UL: SNR = 6.50 dB | SE = 2.414 bit/s/Hz
[36436 ms] [UE 12169] UL: SNR = 63.50 dB | SE = 20.778 bit/s/Hz
[36436 ms] [UE 22873] UL: SNR = 63.50 dB | SE = 20.778 bit/s/Hz
[36436 ms] [UE 30556] UL: SNR = 63.50 dB | SE = 20.778 bit/s/Hz
[36436 ms] [UE 20945] UL: SNR = 52.50 dB | SE = 17.179 bit/s/Hz
[36543 ms] [UE 45898] UL: SNR = 63.50 dB | SE = 20.778 bit/s/Hz
[36543 ms] [UE 36997] UL: SNR = 63.50 dB | SE = 20.778 bit/s/Hz
[36543 ms] [UE 48787] UL: SNR = 63.50 dB | SE = 20.778 bit/s/Hz
[36543 ms] [UE 40252] UL: SNR = 56.00 dB | SE = 18.324 bit/s/Hz
[36543 ms] [UE 15599] UL: SNR = 52.50 dB | SE = 17.179 bit/s/Hz
[36548 ms] [UE 33952] UL: SNR = 6.50 dB | SE = 2.414 bit/s/Hz
[36548 ms] [UE 12169] UL: SNR = 63.50 dB | SE = 20.778 bit/s/Hz
[36548 ms] [UE 22873] UL: SNR = 63.50 dB | SE = 20.778 bit/s/Hz
[36548 ms] [UE 30556] UL: SNR = 63.50 dB | SE = 20.778 bit/s/Hz
[36548 ms] [UE 20945] UL: SNR = 52.50 dB | SE = 17.179 bit/s/Hz
[36643 ms] [UE 45898] UL: SNR = 63.50 dB | SE = 20.778 bit/s/Hz
[36643 ms] [UE 36997] UL: SNR = 63.50 dB | SE = 20.778 bit/s/Hz
[36643 ms] [UE 48787] UL: SNR = 63.50 dB | SE = 20.778 bit/s/Hz
[36643 ms] [UE 40252] UL: SNR = 56.00 dB | SE = 18.324 bit/s/Hz
[36643 ms] [UE 15599] UL: SNR = 52.50 dB | SE = 17.179 bit/s/Hz
[36656 ms] [UE 33952] UL: SNR = 6.50 dB | SE = 2.414 bit/s/Hz
[36656 ms] [UE 12169] UL: SNR = 63.50 dB | SE = 20.778 bit/s/Hz
[36656 ms] [UE 22873] UL: SNR = 63.50 dB | SE = 20.778 bit/s/Hz
[36656 ms] [UE 30556] UL: SNR = 63.50 dB | SE = 20.778 bit/s/Hz
[36656 ms] [UE 20945] UL: SNR = 52.50 dB | SE = 17.179 bit/s/Hz
[36753 ms] [UE 45898] UL: SNR = 63.50 dB | SE = 20.778 bit/s/Hz
[36753 ms] [UE 36997] UL: SNR = 63.50 dB | SE = 20.778 bit/s/Hz
[36753 ms] [UE 48787] UL: SNR = 63.50 dB | SE = 20.778 bit/s/Hz
[36753 ms] [UE 40252] UL: SNR = 56.00 dB | SE = 18.324 bit/s/Hz
[36753 ms] [UE 15599] UL: SNR = 52.50 dB | SE = 17.179 bit/s/Hz
[36766 ms] [UE 33952] UL: SNR = 6.50 dB | SE = 2.414 bit/s/Hz
[36766 ms] [UE 12169] UL: SNR = 63.50 dB | SE = 20.778 bit/s/Hz
[36766 ms] [UE 22873] UL: SNR = 63.50 dB | SE = 20.778 bit/s/Hz
[36766 ms] [UE 30556] UL: SNR = 63.50 dB | SE = 20.778 bit/s/Hz
[36766 ms] [UE 20945] UL: SNR = 52.50 dB | SE = 17.179 bit/s/Hz
[36853 ms] [UE 45898] UL: SNR = 63.50 dB | SE = 20.778 bit/s/Hz
[36853 ms] [UE 36997] UL: SNR = 63.50 dB | SE = 20.778 bit/s/Hz
[36853 ms] [UE 48787] UL: SNR = 63.50 dB | SE = 20.778 bit/s/Hz
[36853 ms] [UE 40252] UL: SNR = 56.00 dB | SE = 18.324 bit/s/Hz
[36853 ms] [UE 15599] UL: SNR = 52.50 dB | SE = 17.179 bit/s/Hz
[36866 ms] [UE 33952] UL: SNR = 6.50 dB | SE = 2.414 bit/s/Hz
[36866 ms] [UE 12169] UL: SNR = 63.50 dB | SE = 20.778 bit/s/Hz
[36866 ms] [UE 22873] UL: SNR = 63.50 dB | SE = 20.778 bit/s/Hz
[36866 ms] [UE 30556] UL: SNR = 63.50 dB | SE = 20.778 bit/s/Hz
[36866 ms] [UE 20945] UL: SNR = 52.50 dB | SE = 17.179 bit/s/Hz
[36963 ms] [UE 45898] UL: SNR = 63.50 dB | SE = 20.778 bit/s/Hz
[36963 ms] [UE 36997] UL: SNR = 63.50 dB | SE = 20.778 bit/s/Hz
[36963 ms] [UE 48787] UL: SNR = 63.50 dB | SE = 20.778 bit/s/Hz
[36963 ms] [UE 40252] UL: SNR = 56.00 dB | SE = 18.324 bit/s/Hz
[36963 ms] [UE 15599] UL: SNR = 52.50 dB | SE = 17.179 bit/s/Hz
[36976 ms] [UE 33952] UL: SNR = 6.50 dB | SE = 2.414 bit/s/Hz
[36976 ms] [UE 12169] UL: SNR = 63.50 dB | SE = 20.778 bit/s/Hz
[36976 ms] [UE 22873] UL: SNR = 63.50 dB | SE = 20.778 bit/s/Hz
[36976 ms] [UE 30556] UL: SNR = 63.50 dB | SE = 20.778 bit/s/Hz
[36976 ms] [UE 20945] UL: SNR = 52.50 dB | SE = 17.179 bit/s/Hz
[37063 ms] [UE 45898] UL: SNR = 63.50 dB | SE = 20.778 bit/s/Hz
[37063 ms] [UE 36997] UL: SNR = 63.50 dB | SE = 20.778 bit/s/Hz
[37063 ms] [UE 48787] UL: SNR = 63.50 dB | SE = 20.778 bit/s/Hz
[37063 ms] [UE 40252] UL: SNR = 56.00 dB | SE = 18.324 bit/s/Hz
[37063 ms] [UE 15599] UL: SNR = 52.50 dB | SE = 17.179 bit/s/Hz
[37086 ms] [UE 33952] UL: SNR = 6.50 dB | SE = 2.414 bit/s/Hz
[37086 ms] [UE 12169] UL: SNR = 63.50 dB | SE = 20.778 bit/s/Hz
[37086 ms] [UE 22873] UL: SNR = 63.50 dB | SE = 20.778 bit/s/Hz
[37086 ms] [UE 30556] UL: SNR = 63.50 dB | SE = 20.778 bit/s/Hz
[37086 ms] [UE 20945] UL: SNR = 52.50 dB | SE = 17.179 bit/s/Hz
[37173 ms] [UE 45898] UL: SNR = 63.50 dB | SE = 20.778 bit/s/Hz
[37173 ms] [UE 36997] UL: SNR = 63.50 dB | SE = 20.778 bit/s/Hz
[37173 ms] [UE 48787] UL: SNR = 63.50 dB | SE = 20.778 bit/s/Hz
[37173 ms] [UE 40252] UL: SNR = 56.00 dB | SE = 18.324 bit/s/Hz
[37173 ms] [UE 15599] UL: SNR = 52.50 dB | SE = 17.179 bit/s/Hz
[37196 ms] [UE 33952] UL: SNR = 6.50 dB | SE = 2.414 bit/s/Hz
[37196 ms] [UE 12169] UL: SNR = 63.50 dB | SE = 20.778 bit/s/Hz
[37196 ms] [UE 22873] UL: SNR = 63.50 dB | SE = 20.778 bit/s/Hz
[37196 ms] [UE 30556] UL: SNR = 63.50 dB | SE = 20.778 bit/s/Hz
[37196 ms] [UE 20945] UL: SNR = 52.50 dB | SE = 17.179 bit/s/Hz
[37273 ms] [UE 45898] UL: SNR = 63.50 dB | SE = 20.778 bit/s/Hz
[37273 ms] [UE 36997] UL: SNR = 63.50 dB | SE = 20.778 bit/s/Hz
[37273 ms] [UE 48787] UL: SNR = 63.50 dB | SE = 20.778 bit/s/Hz
[37273 ms] [UE 40252] UL: SNR = 56.00 dB | SE = 18.324 bit/s/Hz
[37273 ms] [UE 15599] UL: SNR = 52.50 dB | SE = 17.179 bit/s/Hz
[37296 ms] [UE 33952] UL: SNR = 6.50 dB | SE = 2.414 bit/s/Hz
[37296 ms] [UE 12169] UL: SNR = 63.50 dB | SE = 20.778 bit/s/Hz
[37296 ms] [UE 22873] UL: SNR = 63.50 dB | SE = 20.778 bit/s/Hz
[37296 ms] [UE 30556] UL: SNR = 63.50 dB | SE = 20.778 bit/s/Hz
[37296 ms] [UE 20945] UL: SNR = 52.50 dB | SE = 17.179 bit/s/Hz
[37383 ms] [UE 45898] UL: SNR = 63.50 dB | SE = 20.778 bit/s/Hz
[37383 ms] [UE 36997] UL: SNR = 63.50 dB | SE = 20.778 bit/s/Hz
[37383 ms] [UE 48787] UL: SNR = 63.50 dB | SE = 20.778 bit/s/Hz
[37383 ms] [UE 40252] UL: SNR = 56.00 dB | SE = 18.324 bit/s/Hz
[37383 ms] [UE 15599] UL: SNR = 52.50 dB | SE = 17.179 bit/s/Hz
[37397 ms] [UE 33952] UL: SNR = 6.50 dB | SE = 2.414 bit/s/Hz
[37397 ms] [UE 12169] UL: SNR = 63.50 dB | SE = 20.778 bit/s/Hz
[37397 ms] [UE 22873] UL: SNR = 63.50 dB | SE = 20.778 bit/s/Hz
[37397 ms] [UE 30556] UL: SNR = 63.50 dB | SE = 20.778 bit/s/Hz
[37397 ms] [UE 20945] UL: SNR = 52.50 dB | SE = 17.179 bit/s/Hz
[37494 ms] [UE 45898] UL: SNR = 63.50 dB | SE = 20.778 bit/s/Hz
[37494 ms] [UE 36997] UL: SNR = 63.50 dB | SE = 20.778 bit/s/Hz
[37494 ms] [UE 48787] UL: SNR = 63.50 dB | SE = 20.778 bit/s/Hz
[37494 ms] [UE 40252] UL: SNR = 56.00 dB | SE = 18.324 bit/s/Hz
[37494 ms] [UE 15599] UL: SNR = 52.50 dB | SE = 17.179 bit/s/Hz
[37506 ms] [UE 33952] UL: SNR = 6.50 dB | SE = 2.414 bit/s/Hz
[37506 ms] [UE 12169] UL: SNR = 63.50 dB | SE = 20.778 bit/s/Hz
[37506 ms] [UE 22873] UL: SNR = 63.50 dB | SE = 20.778 bit/s/Hz
[37506 ms] [UE 30556] UL: SNR = 63.50 dB | SE = 20.778 bit/s/Hz
[37506 ms] [UE 20945] UL: SNR = 52.50 dB | SE = 17.179 bit/s/Hz
[37603 ms] [UE 45898] UL: SNR = 63.50 dB | SE = 20.778 bit/s/Hz
[37603 ms] [UE 36997] UL: SNR = 63.50 dB | SE = 20.778 bit/s/Hz
[37603 ms] [UE 48787] UL: SNR = 63.50 dB | SE = 20.778 bit/s/Hz
[37603 ms] [UE 40252] UL: SNR = 56.00 dB | SE = 18.324 bit/s/Hz
[37603 ms] [UE 15599] UL: SNR = 52.50 dB | SE = 17.179 bit/s/Hz
[37606 ms] [UE 33952] UL: SNR = 6.50 dB | SE = 2.414 bit/s/Hz
[37606 ms] [UE 12169] UL: SNR = 63.50 dB | SE = 20.778 bit/s/Hz
[37606 ms] [UE 22873] UL: SNR = 63.50 dB | SE = 20.778 bit/s/Hz
[37606 ms] [UE 30556] UL: SNR = 53.50 dB | SE = 17.506 bit/s/Hz
[37606 ms] [UE 20945] UL: SNR = 52.00 dB | SE = 17.015 bit/s/Hz
[37713 ms] [UE 45898] UL: SNR = 63.50 dB | SE = 20.778 bit/s/Hz
[37713 ms] [UE 36997] UL: SNR = 63.50 dB | SE = 20.778 bit/s/Hz
[37713 ms] [UE 48787] UL: SNR = 63.50 dB | SE = 20.778 bit/s/Hz
[37713 ms] [UE 40252] UL: SNR = 56.00 dB | SE = 18.324 bit/s/Hz
[37713 ms] [UE 15599] UL: SNR = 52.50 dB | SE = 17.179 bit/s/Hz
[37716 ms] [UE 33952] UL: SNR = 6.50 dB | SE = 2.414 bit/s/Hz
[37716 ms] [UE 12169] UL: SNR = 63.50 dB | SE = 20.778 bit/s/Hz
[37716 ms] [UE 22873] UL: SNR = 63.50 dB | SE = 20.778 bit/s/Hz
[37716 ms] [UE 30556] UL: SNR = 53.50 dB | SE = 17.506 bit/s/Hz
[37716 ms] [UE 20945] UL: SNR = 52.00 dB | SE = 17.015 bit/s/Hz
[37813 ms] [UE 45898] UL: SNR = 63.50 dB | SE = 20.778 bit/s/Hz
[37813 ms] [UE 36997] UL: SNR = 63.50 dB | SE = 20.778 bit/s/Hz
[37813 ms] [UE 48787] UL: SNR = 63.50 dB | SE = 20.778 bit/s/Hz
[37813 ms] [UE 40252] UL: SNR = 56.00 dB | SE = 18.324 bit/s/Hz
[37813 ms] [UE 15599] UL: SNR = 52.50 dB | SE = 17.179 bit/s/Hz
[37816 ms] [UE 33952] UL: SNR = 6.50 dB | SE = 2.414 bit/s/Hz
[37816 ms] [UE 12169] UL: SNR = 63.50 dB | SE = 20.778 bit/s/Hz
[37816 ms] [UE 22873] UL: SNR = 63.50 dB | SE = 20.778 bit/s/Hz
[37816 ms] [UE 30556] UL: SNR = 53.50 dB | SE = 17.506 bit/s/Hz
[37816 ms] [UE 20945] UL: SNR = 52.00 dB | SE = 17.015 bit/s/Hz
[37913 ms] [UE 45898] UL: SNR = 63.50 dB | SE = 20.778 bit/s/Hz
[37913 ms] [UE 36997] UL: SNR = 63.50 dB | SE = 20.778 bit/s/Hz
[37913 ms] [UE 48787] UL: SNR = 63.50 dB | SE = 20.778 bit/s/Hz
[37913 ms] [UE 40252] UL: SNR = 56.00 dB | SE = 18.324 bit/s/Hz
[37913 ms] [UE 15599] UL: SNR = 52.50 dB | SE = 17.179 bit/s/Hz
[37916 ms] [UE 33952] UL: SNR = 6.50 dB | SE = 2.414 bit/s/Hz
[37916 ms] [UE 12169] UL: SNR = 63.50 dB | SE = 20.778 bit/s/Hz
[37916 ms] [UE 22873] UL: SNR = 63.50 dB | SE = 20.778 bit/s/Hz
[37916 ms] [UE 30556] UL: SNR = 53.50 dB | SE = 17.506 bit/s/Hz
[37916 ms] [UE 20945] UL: SNR = 63.50 dB | SE = 20.778 bit/s/Hz
[38014 ms] [UE 45898] UL: SNR = 63.50 dB | SE = 20.778 bit/s/Hz
[38014 ms] [UE 36997] UL: SNR = 63.50 dB | SE = 20.778 bit/s/Hz
[38014 ms] [UE 48787] UL: SNR = 63.50 dB | SE = 20.778 bit/s/Hz
[38014 ms] [UE 40252] UL: SNR = 56.00 dB | SE = 18.324 bit/s/Hz
[38014 ms] [UE 15599] UL: SNR = 52.50 dB | SE = 17.179 bit/s/Hz
[38016 ms] [UE 33952] UL: SNR = 6.50 dB | SE = 2.414 bit/s/Hz
[38016 ms] [UE 12169] UL: SNR = 63.50 dB | SE = 20.778 bit/s/Hz
[38016 ms] [UE 22873] UL: SNR = 63.50 dB | SE = 20.778 bit/s/Hz
[38016 ms] [UE 30556] UL: SNR = 53.50 dB | SE = 17.506 bit/s/Hz
[38016 ms] [UE 20945] UL: SNR = 63.50 dB | SE = 20.778 bit/s/Hz
[38116 ms] [UE 33952] UL: SNR = 6.50 dB | SE = 2.414 bit/s/Hz
[38116 ms] [UE 12169] UL: SNR = 63.50 dB | SE = 20.778 bit/s/Hz
[38116 ms] [UE 22873] UL: SNR = 63.50 dB | SE = 20.778 bit/s/Hz
[38116 ms] [UE 30556] UL: SNR = 53.50 dB | SE = 17.506 bit/s/Hz
[38116 ms] [UE 20945] UL: SNR = 63.50 dB | SE = 20.778 bit/s/Hz
[38123 ms] [UE 45898] UL: SNR = 63.50 dB | SE = 20.778 bit/s/Hz
[38123 ms] [UE 36997] UL: SNR = 63.50 dB | SE = 20.778 bit/s/Hz
[38123 ms] [UE 48787] UL: SNR = 63.50 dB | SE = 20.778 bit/s/Hz
[38123 ms] [UE 40252] UL: SNR = 56.00 dB | SE = 18.324 bit/s/Hz
[38123 ms] [UE 15599] UL: SNR = 52.50 dB | SE = 17.179 bit/s/Hz
[38226 ms] [UE 33952] UL: SNR = 6.50 dB | SE = 2.414 bit/s/Hz
[38226 ms] [UE 12169] UL: SNR = 63.50 dB | SE = 20.778 bit/s/Hz
[38226 ms] [UE 22873] UL: SNR = 63.50 dB | SE = 20.778 bit/s/Hz
[38226 ms] [UE 30556] UL: SNR = 53.50 dB | SE = 17.506 bit/s/Hz
[38226 ms] [UE 20945] UL: SNR = 63.50 dB | SE = 20.778 bit/s/Hz
[38233 ms] [UE 45898] UL: SNR = 63.50 dB | SE = 20.778 bit/s/Hz
[38233 ms] [UE 36997] UL: SNR = 63.50 dB | SE = 20.778 bit/s/Hz
[38233 ms] [UE 48787] UL: SNR = 63.50 dB | SE = 20.778 bit/s/Hz
[38233 ms] [UE 40252] UL: SNR = 56.00 dB | SE = 18.324 bit/s/Hz
[38233 ms] [UE 15599] UL: SNR = 52.50 dB | SE = 17.179 bit/s/Hz
[38336 ms] [UE 33952] UL: SNR = 6.50 dB | SE = 2.414 bit/s/Hz
[38336 ms] [UE 12169] UL: SNR = 63.50 dB | SE = 20.778 bit/s/Hz
[38336 ms] [UE 22873] UL: SNR = 63.50 dB | SE = 20.778 bit/s/Hz
[38336 ms] [UE 30556] UL: SNR = 63.50 dB | SE = 20.778 bit/s/Hz
[38336 ms] [UE 20945] UL: SNR = 63.50 dB | SE = 20.778 bit/s/Hz
[38343 ms] [UE 45898] UL: SNR = 63.50 dB | SE = 20.778 bit/s/Hz
[38343 ms] [UE 36997] UL: SNR = 63.50 dB | SE = 20.778 bit/s/Hz
[38343 ms] [UE 48787] UL: SNR = 63.50 dB | SE = 20.778 bit/s/Hz
[38343 ms] [UE 40252] UL: SNR = 56.00 dB | SE = 18.324 bit/s/Hz
[38343 ms] [UE 15599] UL: SNR = 52.50 dB | SE = 17.179 bit/s/Hz
[38436 ms] [UE 33952] UL: SNR = 6.50 dB | SE = 2.414 bit/s/Hz
[38436 ms] [UE 12169] UL: SNR = 63.50 dB | SE = 20.778 bit/s/Hz
[38436 ms] [UE 22873] UL: SNR = 63.50 dB | SE = 20.778 bit/s/Hz
[38436 ms] [UE 30556] UL: SNR = 63.50 dB | SE = 20.778 bit/s/Hz
[38436 ms] [UE 20945] UL: SNR = 63.50 dB | SE = 20.778 bit/s/Hz
[38443 ms] [UE 45898] UL: SNR = 63.50 dB | SE = 20.778 bit/s/Hz
[38443 ms] [UE 36997] UL: SNR = 63.50 dB | SE = 20.778 bit/s/Hz
[38443 ms] [UE 48787] UL: SNR = 63.50 dB | SE = 20.778 bit/s/Hz
[38443 ms] [UE 40252] UL: SNR = 56.00 dB | SE = 18.324 bit/s/Hz
[38443 ms] [UE 15599] UL: SNR = 52.50 dB | SE = 17.179 bit/s/Hz
[38536 ms] [UE 33952] UL: SNR = 6.50 dB | SE = 2.414 bit/s/Hz
[38536 ms] [UE 12169] UL: SNR = 63.50 dB | SE = 20.778 bit/s/Hz
[38536 ms] [UE 22873] UL: SNR = 63.50 dB | SE = 20.778 bit/s/Hz
[38536 ms] [UE 30556] UL: SNR = 63.50 dB | SE = 20.778 bit/s/Hz
[38536 ms] [UE 20945] UL: SNR = 63.50 dB | SE = 20.778 bit/s/Hz
[38553 ms] [UE 45898] UL: SNR = 63.50 dB | SE = 20.778 bit/s/Hz
[38553 ms] [UE 36997] UL: SNR = 63.50 dB | SE = 20.778 bit/s/Hz
[38553 ms] [UE 48787] UL: SNR = 63.50 dB | SE = 20.778 bit/s/Hz
[38553 ms] [UE 40252] UL: SNR = 56.00 dB | SE = 18.324 bit/s/Hz
[38553 ms] [UE 15599] UL: SNR = 52.50 dB | SE = 17.179 bit/s/Hz
[38636 ms] [UE 33952] UL: SNR = 6.50 dB | SE = 2.414 bit/s/Hz
[38636 ms] [UE 12169] UL: SNR = 63.50 dB | SE = 20.778 bit/s/Hz
[38636 ms] [UE 22873] UL: SNR = 63.50 dB | SE = 20.778 bit/s/Hz
[38636 ms] [UE 30556] UL: SNR = 63.50 dB | SE = 20.778 bit/s/Hz
[38636 ms] [UE 20945] UL: SNR = 63.50 dB | SE = 20.778 bit/s/Hz
[38653 ms] [UE 45898] UL: SNR = 63.50 dB | SE = 20.778 bit/s/Hz
[38653 ms] [UE 36997] UL: SNR = 63.50 dB | SE = 20.778 bit/s/Hz
[38653 ms] [UE 48787] UL: SNR = 63.50 dB | SE = 20.778 bit/s/Hz
[38653 ms] [UE 40252] UL: SNR = 56.00 dB | SE = 18.324 bit/s/Hz
[38653 ms] [UE 15599] UL: SNR = 52.50 dB | SE = 17.179 bit/s/Hz
[38736 ms] [UE 33952] UL: SNR = 6.50 dB | SE = 2.414 bit/s/Hz
[38736 ms] [UE 12169] UL: SNR = 63.50 dB | SE = 20.778 bit/s/Hz
[38736 ms] [UE 22873] UL: SNR = 63.50 dB | SE = 20.778 bit/s/Hz
[38736 ms] [UE 30556] UL: SNR = 63.50 dB | SE = 20.778 bit/s/Hz
[38736 ms] [UE 20945] UL: SNR = 63.50 dB | SE = 20.778 bit/s/Hz
[38753 ms] [UE 45898] UL: SNR = 63.50 dB | SE = 20.778 bit/s/Hz
[38753 ms] [UE 36997] UL: SNR = 63.50 dB | SE = 20.778 bit/s/Hz
[38753 ms] [UE 48787] UL: SNR = 63.50 dB | SE = 20.778 bit/s/Hz
[38753 ms] [UE 40252] UL: SNR = 56.00 dB | SE = 18.324 bit/s/Hz
[38753 ms] [UE 15599] UL: SNR = 52.50 dB | SE = 17.179 bit/s/Hz
[38846 ms] [UE 33952] UL: SNR = 6.50 dB | SE = 2.414 bit/s/Hz
[38846 ms] [UE 12169] UL: SNR = 63.50 dB | SE = 20.778 bit/s/Hz
[38846 ms] [UE 22873] UL: SNR = 63.50 dB | SE = 20.778 bit/s/Hz
[38846 ms] [UE 30556] UL: SNR = 63.50 dB | SE = 20.778 bit/s/Hz
[38846 ms] [UE 20945] UL: SNR = 63.50 dB | SE = 20.778 bit/s/Hz
[38853 ms] [UE 45898] UL: SNR = 63.50 dB | SE = 20.778 bit/s/Hz
[38853 ms] [UE 36997] UL: SNR = 63.50 dB | SE = 20.778 bit/s/Hz
[38853 ms] [UE 48787] UL: SNR = 63.50 dB | SE = 20.778 bit/s/Hz
[38853 ms] [UE 40252] UL: SNR = 56.00 dB | SE = 18.324 bit/s/Hz
[38853 ms] [UE 15599] UL: SNR = 52.50 dB | SE = 17.179 bit/s/Hz
[38955 ms] [UE 33952] UL: SNR = 6.50 dB | SE = 2.414 bit/s/Hz
[38955 ms] [UE 12169] UL: SNR = 63.50 dB | SE = 20.778 bit/s/Hz
[38955 ms] [UE 22873] UL: SNR = 63.50 dB | SE = 20.778 bit/s/Hz
[38955 ms] [UE 30556] UL: SNR = 63.50 dB | SE = 20.778 bit/s/Hz
[38955 ms] [UE 20945] UL: SNR = 63.50 dB | SE = 20.778 bit/s/Hz
[38963 ms] [UE 45898] UL: SNR = 63.50 dB | SE = 20.778 bit/s/Hz
[38963 ms] [UE 36997] UL: SNR = 63.50 dB | SE = 20.778 bit/s/Hz
[38963 ms] [UE 48787] UL: SNR = 63.50 dB | SE = 20.778 bit/s/Hz
[38963 ms] [UE 40252] UL: SNR = 56.00 dB | SE = 18.324 bit/s/Hz
[38963 ms] [UE 15599] UL: SNR = 52.50 dB | SE = 17.179 bit/s/Hz
[39056 ms] [UE 33952] UL: SNR = 6.50 dB | SE = 2.414 bit/s/Hz
[39056 ms] [UE 12169] UL: SNR = 63.50 dB | SE = 20.778 bit/s/Hz
[39056 ms] [UE 22873] UL: SNR = 63.50 dB | SE = 20.778 bit/s/Hz
[39056 ms] [UE 30556] UL: SNR = 63.50 dB | SE = 20.778 bit/s/Hz
[39056 ms] [UE 20945] UL: SNR = 63.50 dB | SE = 20.778 bit/s/Hz
[39063 ms] [UE 45898] UL: SNR = 63.50 dB | SE = 20.778 bit/s/Hz
[39063 ms] [UE 36997] UL: SNR = 63.50 dB | SE = 20.778 bit/s/Hz
[39063 ms] [UE 48787] UL: SNR = 63.50 dB | SE = 20.778 bit/s/Hz
[39063 ms] [UE 40252] UL: SNR = 56.00 dB | SE = 18.324 bit/s/Hz
[39063 ms] [UE 15599] UL: SNR = 52.50 dB | SE = 17.179 bit/s/Hz
[39156 ms] [UE 33952] UL: SNR = 6.50 dB | SE = 2.414 bit/s/Hz
[39156 ms] [UE 12169] UL: SNR = 63.50 dB | SE = 20.778 bit/s/Hz
[39156 ms] [UE 22873] UL: SNR = 63.50 dB | SE = 20.778 bit/s/Hz
[39156 ms] [UE 30556] UL: SNR = 63.50 dB | SE = 20.778 bit/s/Hz
[39156 ms] [UE 20945] UL: SNR = 63.50 dB | SE = 20.778 bit/s/Hz
[39173 ms] [UE 45898] UL: SNR = 63.50 dB | SE = 20.778 bit/s/Hz
[39173 ms] [UE 36997] UL: SNR = 63.50 dB | SE = 20.778 bit/s/Hz
[39173 ms] [UE 48787] UL: SNR = 63.50 dB | SE = 20.778 bit/s/Hz
[39173 ms] [UE 40252] UL: SNR = 56.00 dB | SE = 18.324 bit/s/Hz
[39173 ms] [UE 15599] UL: SNR = 52.50 dB | SE = 17.179 bit/s/Hz
[39266 ms] [UE 33952] UL: SNR = 6.50 dB | SE = 2.414 bit/s/Hz
[39266 ms] [UE 12169] UL: SNR = 63.50 dB | SE = 20.778 bit/s/Hz
[39266 ms] [UE 22873] UL: SNR = 63.50 dB | SE = 20.778 bit/s/Hz
[39266 ms] [UE 30556] UL: SNR = 63.50 dB | SE = 20.778 bit/s/Hz
[39266 ms] [UE 20945] UL: SNR = 63.50 dB | SE = 20.778 bit/s/Hz
[39274 ms] [UE 45898] UL: SNR = 63.50 dB | SE = 20.778 bit/s/Hz
[39274 ms] [UE 36997] UL: SNR = 63.50 dB | SE = 20.778 bit/s/Hz
[39274 ms] [UE 48787] UL: SNR = 63.50 dB | SE = 20.778 bit/s/Hz
[39274 ms] [UE 40252] UL: SNR = 56.00 dB | SE = 18.324 bit/s/Hz
[39274 ms] [UE 15599] UL: SNR = 52.50 dB | SE = 17.179 bit/s/Hz
[39377 ms] [UE 33952] UL: SNR = 6.50 dB | SE = 2.414 bit/s/Hz
[39377 ms] [UE 12169] UL: SNR = 63.50 dB | SE = 20.778 bit/s/Hz
[39377 ms] [UE 22873] UL: SNR = 63.50 dB | SE = 20.778 bit/s/Hz
[39377 ms] [UE 30556] UL: SNR = 63.50 dB | SE = 20.778 bit/s/Hz
[39377 ms] [UE 20945] UL: SNR = 63.50 dB | SE = 20.778 bit/s/Hz
[39383 ms] [UE 45898] UL: SNR = 63.50 dB | SE = 20.778 bit/s/Hz
[39383 ms] [UE 36997] UL: SNR = 63.50 dB | SE = 20.778 bit/s/Hz
[39383 ms] [UE 48787] UL: SNR = 63.50 dB | SE = 20.778 bit/s/Hz
[39383 ms] [UE 40252] UL: SNR = 56.00 dB | SE = 18.324 bit/s/Hz
[39383 ms] [UE 15599] UL: SNR = 52.50 dB | SE = 17.179 bit/s/Hz
[39487 ms] [UE 33952] UL: SNR = 6.50 dB | SE = 2.414 bit/s/Hz
[39487 ms] [UE 12169] UL: SNR = 63.50 dB | SE = 20.778 bit/s/Hz
[39487 ms] [UE 22873] UL: SNR = 63.50 dB | SE = 20.778 bit/s/Hz
[39487 ms] [UE 30556] UL: SNR = 63.50 dB | SE = 20.778 bit/s/Hz
[39487 ms] [UE 20945] UL: SNR = 63.50 dB | SE = 20.778 bit/s/Hz
[39494 ms] [UE 45898] UL: SNR = 63.50 dB | SE = 20.778 bit/s/Hz
[39494 ms] [UE 36997] UL: SNR = 63.50 dB | SE = 20.778 bit/s/Hz
[39494 ms] [UE 48787] UL: SNR = 63.50 dB | SE = 20.778 bit/s/Hz
[39494 ms] [UE 40252] UL: SNR = 56.00 dB | SE = 18.324 bit/s/Hz
[39494 ms] [UE 15599] UL: SNR = 52.50 dB | SE = 17.179 bit/s/Hz
[39598 ms] [UE 33952] UL: SNR = 6.50 dB | SE = 2.414 bit/s/Hz
[39598 ms] [UE 12169] UL: SNR = 63.50 dB | SE = 20.778 bit/s/Hz
[39598 ms] [UE 22873] UL: SNR = 63.50 dB | SE = 20.778 bit/s/Hz
[39598 ms] [UE 30556] UL: SNR = 63.50 dB | SE = 20.778 bit/s/Hz
[39598 ms] [UE 20945] UL: SNR = 63.50 dB | SE = 20.778 bit/s/Hz
[39603 ms] [UE 45898] UL: SNR = 63.50 dB | SE = 20.778 bit/s/Hz
[39603 ms] [UE 36997] UL: SNR = 63.50 dB | SE = 20.778 bit/s/Hz
[39603 ms] [UE 48787] UL: SNR = 63.50 dB | SE = 20.778 bit/s/Hz
[39603 ms] [UE 40252] UL: SNR = 56.00 dB | SE = 18.324 bit/s/Hz
[39603 ms] [UE 15599] UL: SNR = 52.50 dB | SE = 17.179 bit/s/Hz
[39704 ms] [UE 45898] UL: SNR = 63.50 dB | SE = 20.778 bit/s/Hz
[39704 ms] [UE 36997] UL: SNR = 63.50 dB | SE = 20.778 bit/s/Hz
[39704 ms] [UE 48787] UL: SNR = 63.50 dB | SE = 20.778 bit/s/Hz
[39704 ms] [UE 40252] UL: SNR = 56.00 dB | SE = 18.324 bit/s/Hz
[39704 ms] [UE 15599] UL: SNR = 52.50 dB | SE = 17.179 bit/s/Hz
[39706 ms] [UE 33952] UL: SNR = 6.50 dB | SE = 2.414 bit/s/Hz
[39706 ms] [UE 12169] UL: SNR = 63.50 dB | SE = 20.778 bit/s/Hz
[39706 ms] [UE 22873] UL: SNR = 63.50 dB | SE = 20.778 bit/s/Hz
[39706 ms] [UE 30556] UL: SNR = 63.50 dB | SE = 20.778 bit/s/Hz
[39706 ms] [UE 20945] UL: SNR = 63.50 dB | SE = 20.778 bit/s/Hz
[39813 ms] [UE 45898] UL: SNR = 63.50 dB | SE = 20.778 bit/s/Hz
[39813 ms] [UE 36997] UL: SNR = 63.50 dB | SE = 20.778 bit/s/Hz
[39813 ms] [UE 48787] UL: SNR = 63.50 dB | SE = 20.778 bit/s/Hz
[39813 ms] [UE 40252] UL: SNR = 56.00 dB | SE = 18.324 bit/s/Hz
[39813 ms] [UE 15599] UL: SNR = 52.50 dB | SE = 17.179 bit/s/Hz
[39816 ms] [UE 33952] UL: SNR = 63.50 dB | SE = 20.778 bit/s/Hz
[39816 ms] [UE 12169] UL: SNR = 63.50 dB | SE = 20.778 bit/s/Hz
[39816 ms] [UE 22873] UL: SNR = 63.50 dB | SE = 20.778 bit/s/Hz
[39816 ms] [UE 30556] UL: SNR = 63.50 dB | SE = 20.778 bit/s/Hz
[39816 ms] [UE 20945] UL: SNR = 63.50 dB | SE = 20.778 bit/s/Hz
[39914 ms] [UE 45898] UL: SNR = 63.50 dB | SE = 20.778 bit/s/Hz
[39914 ms] [UE 36997] UL: SNR = 63.50 dB | SE = 20.778 bit/s/Hz
[39914 ms] [UE 48787] UL: SNR = 63.50 dB | SE = 20.778 bit/s/Hz
[39914 ms] [UE 40252] UL: SNR = 56.00 dB | SE = 18.324 bit/s/Hz
[39914 ms] [UE 15599] UL: SNR = 52.50 dB | SE = 17.179 bit/s/Hz
[39926 ms] [UE 33952] UL: SNR = 63.50 dB | SE = 20.778 bit/s/Hz
[39926 ms] [UE 12169] UL: SNR = 63.50 dB | SE = 20.778 bit/s/Hz
[39926 ms] [UE 22873] UL: SNR = 63.50 dB | SE = 20.778 bit/s/Hz
[39926 ms] [UE 30556] UL: SNR = 63.50 dB | SE = 20.778 bit/s/Hz
[39926 ms] [UE 20945] UL: SNR = 63.50 dB | SE = 20.778 bit/s/Hz
[40024 ms] [UE 45898] UL: SNR = 63.50 dB | SE = 20.778 bit/s/Hz
[40024 ms] [UE 36997] UL: SNR = 63.50 dB | SE = 20.778 bit/s/Hz
[40024 ms] [UE 48787] UL: SNR = 63.50 dB | SE = 20.778 bit/s/Hz
[40024 ms] [UE 40252] UL: SNR = 56.00 dB | SE = 18.324 bit/s/Hz
[40024 ms] [UE 15599] UL: SNR = 52.50 dB | SE = 17.179 bit/s/Hz
[40028 ms] [UE 33952] UL: SNR = 63.50 dB | SE = 20.778 bit/s/Hz
[40028 ms] [UE 12169] UL: SNR = 63.50 dB | SE = 20.778 bit/s/Hz
[40028 ms] [UE 22873] UL: SNR = 63.50 dB | SE = 20.778 bit/s/Hz
[40028 ms] [UE 30556] UL: SNR = 63.50 dB | SE = 20.778 bit/s/Hz
[40028 ms] [UE 20945] UL: SNR = 63.50 dB | SE = 20.778 bit/s/Hz
[40133 ms] [UE 45898] UL: SNR = 63.50 dB | SE = 20.778 bit/s/Hz
[40133 ms] [UE 36997] UL: SNR = 63.50 dB | SE = 20.778 bit/s/Hz
[40133 ms] [UE 48787] UL: SNR = 63.50 dB | SE = 20.778 bit/s/Hz
[40133 ms] [UE 40252] UL: SNR = 56.00 dB | SE = 18.324 bit/s/Hz
[40133 ms] [UE 15599] UL: SNR = 52.50 dB | SE = 17.179 bit/s/Hz
[40136 ms] [UE 33952] UL: SNR = 63.50 dB | SE = 20.778 bit/s/Hz
[40136 ms] [UE 12169] UL: SNR = 63.50 dB | SE = 20.778 bit/s/Hz
[40136 ms] [UE 22873] UL: SNR = 63.50 dB | SE = 20.778 bit/s/Hz
[40136 ms] [UE 30556] UL: SNR = 63.50 dB | SE = 20.778 bit/s/Hz
[40136 ms] [UE 20945] UL: SNR = 63.50 dB | SE = 20.778 bit/s/Hz
[40233 ms] [UE 45898] UL: SNR = 63.50 dB | SE = 20.778 bit/s/Hz
[40233 ms] [UE 36997] UL: SNR = 63.50 dB | SE = 20.778 bit/s/Hz
[40233 ms] [UE 48787] UL: SNR = 63.50 dB | SE = 20.778 bit/s/Hz
[40233 ms] [UE 40252] UL: SNR = 56.00 dB | SE = 18.324 bit/s/Hz
[40233 ms] [UE 15599] UL: SNR = 52.50 dB | SE = 17.179 bit/s/Hz
[40236 ms] [UE 33952] UL: SNR = 63.50 dB | SE = 20.778 bit/s/Hz
[40236 ms] [UE 12169] UL: SNR = 63.50 dB | SE = 20.778 bit/s/Hz
[40236 ms] [UE 22873] UL: SNR = 63.50 dB | SE = 20.778 bit/s/Hz
[40236 ms] [UE 30556] UL: SNR = 63.50 dB | SE = 20.778 bit/s/Hz
[40236 ms] [UE 20945] UL: SNR = 63.50 dB | SE = 20.778 bit/s/Hz
[40333 ms] [UE 45898] UL: SNR = 63.50 dB | SE = 20.778 bit/s/Hz
[40333 ms] [UE 36997] UL: SNR = 63.50 dB | SE = 20.778 bit/s/Hz
[40333 ms] [UE 48787] UL: SNR = 63.50 dB | SE = 20.778 bit/s/Hz
[40333 ms] [UE 40252] UL: SNR = 56.00 dB | SE = 18.324 bit/s/Hz
[40333 ms] [UE 15599] UL: SNR = 52.50 dB | SE = 17.179 bit/s/Hz
[40336 ms] [UE 33952] UL: SNR = 63.50 dB | SE = 20.778 bit/s/Hz
[40336 ms] [UE 12169] UL: SNR = 63.50 dB | SE = 20.778 bit/s/Hz
[40336 ms] [UE 22873] UL: SNR = 63.50 dB | SE = 20.778 bit/s/Hz
[40336 ms] [UE 30556] UL: SNR = 63.50 dB | SE = 20.778 bit/s/Hz
[40336 ms] [UE 20945] UL: SNR = 63.50 dB | SE = 20.778 bit/s/Hz
[40443 ms] [UE 45898] UL: SNR = 63.50 dB | SE = 20.778 bit/s/Hz
[40443 ms] [UE 36997] UL: SNR = 63.50 dB | SE = 20.778 bit/s/Hz
[40443 ms] [UE 48787] UL: SNR = 63.50 dB | SE = 20.778 bit/s/Hz
[40443 ms] [UE 40252] UL: SNR = 56.00 dB | SE = 18.324 bit/s/Hz
[40443 ms] [UE 15599] UL: SNR = 52.50 dB | SE = 17.179 bit/s/Hz
[40446 ms] [UE 33952] UL: SNR = 63.50 dB | SE = 20.778 bit/s/Hz
[40446 ms] [UE 12169] UL: SNR = 63.50 dB | SE = 20.778 bit/s/Hz
[40446 ms] [UE 22873] UL: SNR = 63.50 dB | SE = 20.778 bit/s/Hz
[40446 ms] [UE 30556] UL: SNR = 63.50 dB | SE = 20.778 bit/s/Hz
[40446 ms] [UE 20945] UL: SNR = 63.50 dB | SE = 20.778 bit/s/Hz
[40546 ms] [UE 33952] UL: SNR = 63.50 dB | SE = 20.778 bit/s/Hz
[40546 ms] [UE 12169] UL: SNR = 63.50 dB | SE = 20.778 bit/s/Hz
[40546 ms] [UE 22873] UL: SNR = 63.50 dB | SE = 20.778 bit/s/Hz
[40546 ms] [UE 30556] UL: SNR = 63.50 dB | SE = 20.778 bit/s/Hz
[40546 ms] [UE 20945] UL: SNR = 63.50 dB | SE = 20.778 bit/s/Hz
[40553 ms] [UE 45898] UL: SNR = 63.50 dB | SE = 20.778 bit/s/Hz
[40553 ms] [UE 36997] UL: SNR = 63.50 dB | SE = 20.778 bit/s/Hz
[40553 ms] [UE 48787] UL: SNR = 63.50 dB | SE = 20.778 bit/s/Hz
[40553 ms] [UE 40252] UL: SNR = 56.00 dB | SE = 18.324 bit/s/Hz
[40553 ms] [UE 15599] UL: SNR = 52.50 dB | SE = 17.179 bit/s/Hz
[40647 ms] [UE 33952] UL: SNR = 63.50 dB | SE = 20.778 bit/s/Hz
[40647 ms] [UE 12169] UL: SNR = 63.50 dB | SE = 20.778 bit/s/Hz
[40647 ms] [UE 22873] UL: SNR = 63.50 dB | SE = 20.778 bit/s/Hz
[40647 ms] [UE 30556] UL: SNR = 63.50 dB | SE = 20.778 bit/s/Hz
[40647 ms] [UE 20945] UL: SNR = 63.50 dB | SE = 20.778 bit/s/Hz
[40653 ms] [UE 45898] UL: SNR = 63.50 dB | SE = 20.778 bit/s/Hz
[40653 ms] [UE 36997] UL: SNR = 63.50 dB | SE = 20.778 bit/s/Hz
[40653 ms] [UE 48787] UL: SNR = 63.50 dB | SE = 20.778 bit/s/Hz
[40653 ms] [UE 40252] UL: SNR = 56.00 dB | SE = 18.324 bit/s/Hz
[40653 ms] [UE 15599] UL: SNR = 52.50 dB | SE = 17.179 bit/s/Hz
[40756 ms] [UE 33952] UL: SNR = 63.50 dB | SE = 20.778 bit/s/Hz
[40756 ms] [UE 12169] UL: SNR = 63.50 dB | SE = 20.778 bit/s/Hz
[40756 ms] [UE 22873] UL: SNR = 63.50 dB | SE = 20.778 bit/s/Hz
[40756 ms] [UE 30556] UL: SNR = 63.50 dB | SE = 20.778 bit/s/Hz
[40756 ms] [UE 20945] UL: SNR = 63.50 dB | SE = 20.778 bit/s/Hz
[40764 ms] [UE 45898] UL: SNR = 63.50 dB | SE = 20.778 bit/s/Hz
[40764 ms] [UE 36997] UL: SNR = 63.50 dB | SE = 20.778 bit/s/Hz
[40764 ms] [UE 48787] UL: SNR = 63.50 dB | SE = 20.778 bit/s/Hz
[40764 ms] [UE 40252] UL: SNR = 56.00 dB | SE = 18.324 bit/s/Hz
[40764 ms] [UE 15599] UL: SNR = 52.50 dB | SE = 17.179 bit/s/Hz
[40866 ms] [UE 33952] UL: SNR = 63.50 dB | SE = 20.778 bit/s/Hz
[40866 ms] [UE 12169] UL: SNR = 63.50 dB | SE = 20.778 bit/s/Hz
[40866 ms] [UE 22873] UL: SNR = 63.50 dB | SE = 20.778 bit/s/Hz
[40866 ms] [UE 30556] UL: SNR = 63.50 dB | SE = 20.778 bit/s/Hz
[40866 ms] [UE 20945] UL: SNR = 63.50 dB | SE = 20.778 bit/s/Hz
[40873 ms] [UE 45898] UL: SNR = 63.50 dB | SE = 20.778 bit/s/Hz
[40873 ms] [UE 36997] UL: SNR = 63.50 dB | SE = 20.778 bit/s/Hz
[40873 ms] [UE 48787] UL: SNR = 63.50 dB | SE = 20.778 bit/s/Hz
[40873 ms] [UE 40252] UL: SNR = 56.00 dB | SE = 18.324 bit/s/Hz
[40873 ms] [UE 15599] UL: SNR = 52.50 dB | SE = 17.179 bit/s/Hz
[40966 ms] [UE 33952] UL: SNR = 63.50 dB | SE = 20.778 bit/s/Hz
[40966 ms] [UE 12169] UL: SNR = 63.50 dB | SE = 20.778 bit/s/Hz
[40966 ms] [UE 22873] UL: SNR = 63.50 dB | SE = 20.778 bit/s/Hz
[40966 ms] [UE 30556] UL: SNR = 63.50 dB | SE = 20.778 bit/s/Hz
[40966 ms] [UE 20945] UL: SNR = 63.50 dB | SE = 20.778 bit/s/Hz
[40983 ms] [UE 45898] UL: SNR = 63.50 dB | SE = 20.778 bit/s/Hz
[40983 ms] [UE 36997] UL: SNR = 63.50 dB | SE = 20.778 bit/s/Hz
[40983 ms] [UE 48787] UL: SNR = 63.50 dB | SE = 20.778 bit/s/Hz
[40983 ms] [UE 40252] UL: SNR = 56.00 dB | SE = 18.324 bit/s/Hz
[40983 ms] [UE 15599] UL: SNR = 52.50 dB | SE = 17.179 bit/s/Hz
[41079 ms] [UE 33952] UL: SNR = 63.50 dB | SE = 20.778 bit/s/Hz
[41079 ms] [UE 12169] UL: SNR = 63.50 dB | SE = 20.778 bit/s/Hz
[41079 ms] [UE 22873] UL: SNR = 63.50 dB | SE = 20.778 bit/s/Hz
[41079 ms] [UE 30556] UL: SNR = 63.50 dB | SE = 20.778 bit/s/Hz
[41079 ms] [UE 20945] UL: SNR = 63.50 dB | SE = 20.778 bit/s/Hz
[41094 ms] [UE 45898] UL: SNR = 63.50 dB | SE = 20.778 bit/s/Hz
[41094 ms] [UE 36997] UL: SNR = 63.50 dB | SE = 20.778 bit/s/Hz
[41094 ms] [UE 48787] UL: SNR = 63.50 dB | SE = 20.778 bit/s/Hz
[41094 ms] [UE 40252] UL: SNR = 56.00 dB | SE = 18.324 bit/s/Hz
[41094 ms] [UE 15599] UL: SNR = 52.50 dB | SE = 17.179 bit/s/Hz
[41186 ms] [UE 33952] UL: SNR = 63.50 dB | SE = 20.778 bit/s/Hz
[41186 ms] [UE 12169] UL: SNR = 63.50 dB | SE = 20.778 bit/s/Hz
[41186 ms] [UE 22873] UL: SNR = 63.50 dB | SE = 20.778 bit/s/Hz
[41186 ms] [UE 30556] UL: SNR = 63.50 dB | SE = 20.778 bit/s/Hz
[41186 ms] [UE 20945] UL: SNR = 63.50 dB | SE = 20.778 bit/s/Hz
[41203 ms] [UE 45898] UL: SNR = 63.50 dB | SE = 20.778 bit/s/Hz
[41203 ms] [UE 36997] UL: SNR = 63.50 dB | SE = 20.778 bit/s/Hz
[41203 ms] [UE 48787] UL: SNR = 63.50 dB | SE = 20.778 bit/s/Hz
[41203 ms] [UE 40252] UL: SNR = 56.00 dB | SE = 18.324 bit/s/Hz
[41203 ms] [UE 15599] UL: SNR = 52.50 dB | SE = 17.179 bit/s/Hz
[41295 ms] [UE 33952] UL: SNR = 63.50 dB | SE = 20.778 bit/s/Hz
[41295 ms] [UE 12169] UL: SNR = 63.50 dB | SE = 20.778 bit/s/Hz
[41295 ms] [UE 22873] UL: SNR = 63.50 dB | SE = 20.778 bit/s/Hz
[41295 ms] [UE 30556] UL: SNR = 63.50 dB | SE = 20.778 bit/s/Hz
[41295 ms] [UE 20945] UL: SNR = 63.50 dB | SE = 20.778 bit/s/Hz
[41304 ms] [UE 45898] UL: SNR = 63.50 dB | SE = 20.778 bit/s/Hz
[41304 ms] [UE 36997] UL: SNR = 63.50 dB | SE = 20.778 bit/s/Hz
[41304 ms] [UE 48787] UL: SNR = 63.50 dB | SE = 20.778 bit/s/Hz
[41304 ms] [UE 40252] UL: SNR = 56.00 dB | SE = 18.324 bit/s/Hz
[41304 ms] [UE 15599] UL: SNR = 52.50 dB | SE = 17.179 bit/s/Hz
[41396 ms] [UE 33952] UL: SNR = 63.50 dB | SE = 20.778 bit/s/Hz
[41396 ms] [UE 12169] UL: SNR = 63.50 dB | SE = 20.778 bit/s/Hz
[41396 ms] [UE 22873] UL: SNR = 63.50 dB | SE = 20.778 bit/s/Hz
[41396 ms] [UE 30556] UL: SNR = 63.50 dB | SE = 20.778 bit/s/Hz
[41396 ms] [UE 20945] UL: SNR = 63.50 dB | SE = 20.778 bit/s/Hz
[41414 ms] [UE 45898] UL: SNR = 63.50 dB | SE = 20.778 bit/s/Hz
[41414 ms] [UE 36997] UL: SNR = 63.50 dB | SE = 20.778 bit/s/Hz
[41414 ms] [UE 48787] UL: SNR = 63.50 dB | SE = 20.778 bit/s/Hz
[41414 ms] [UE 40252] UL: SNR = 56.00 dB | SE = 18.324 bit/s/Hz
[41414 ms] [UE 15599] UL: SNR = 52.50 dB | SE = 17.179 bit/s/Hz
[41497 ms] [UE 33952] UL: SNR = 63.50 dB | SE = 20.778 bit/s/Hz
[41497 ms] [UE 12169] UL: SNR = 63.50 dB | SE = 20.778 bit/s/Hz
[41497 ms] [UE 22873] UL: SNR = 8.50 dB | SE = 2.969 bit/s/Hz
[41497 ms] [UE 30556] UL: SNR = 63.50 dB | SE = 20.778 bit/s/Hz
[41497 ms] [UE 20945] UL: SNR = 63.50 dB | SE = 20.778 bit/s/Hz
[41514 ms] [UE 45898] UL: SNR = 63.50 dB | SE = 20.778 bit/s/Hz
[41514 ms] [UE 36997] UL: SNR = 63.50 dB | SE = 20.778 bit/s/Hz
[41514 ms] [UE 48787] UL: SNR = 63.50 dB | SE = 20.778 bit/s/Hz
[41514 ms] [UE 40252] UL: SNR = 56.00 dB | SE = 18.324 bit/s/Hz
[41514 ms] [UE 15599] UL: SNR = 52.50 dB | SE = 17.179 bit/s/Hz
[41606 ms] [UE 33952] UL: SNR = 63.50 dB | SE = 20.778 bit/s/Hz
[41606 ms] [UE 12169] UL: SNR = 63.50 dB | SE = 20.778 bit/s/Hz
[41606 ms] [UE 22873] UL: SNR = 8.50 dB | SE = 2.969 bit/s/Hz
[41606 ms] [UE 30556] UL: SNR = 63.50 dB | SE = 20.778 bit/s/Hz
[41606 ms] [UE 20945] UL: SNR = 63.50 dB | SE = 20.778 bit/s/Hz
[41623 ms] [UE 45898] UL: SNR = 63.50 dB | SE = 20.778 bit/s/Hz
[41623 ms] [UE 36997] UL: SNR = 63.50 dB | SE = 20.778 bit/s/Hz
[41623 ms] [UE 48787] UL: SNR = 63.50 dB | SE = 20.778 bit/s/Hz
[41623 ms] [UE 40252] UL: SNR = 56.00 dB | SE = 18.324 bit/s/Hz
[41623 ms] [UE 15599] UL: SNR = 52.50 dB | SE = 17.179 bit/s/Hz
[41708 ms] [UE 33952] UL: SNR = 63.50 dB | SE = 20.778 bit/s/Hz
[41708 ms] [UE 12169] UL: SNR = 63.50 dB | SE = 20.778 bit/s/Hz
[41708 ms] [UE 22873] UL: SNR = 8.50 dB | SE = 2.969 bit/s/Hz
[41708 ms] [UE 30556] UL: SNR = 63.50 dB | SE = 20.778 bit/s/Hz
[41708 ms] [UE 20945] UL: SNR = 63.50 dB | SE = 20.778 bit/s/Hz
[41734 ms] [UE 45898] UL: SNR = 63.50 dB | SE = 20.778 bit/s/Hz
[41734 ms] [UE 36997] UL: SNR = 63.50 dB | SE = 20.778 bit/s/Hz
[41734 ms] [UE 48787] UL: SNR = 63.50 dB | SE = 20.778 bit/s/Hz
[41734 ms] [UE 40252] UL: SNR = 56.00 dB | SE = 18.324 bit/s/Hz
[41734 ms] [UE 15599] UL: SNR = 52.50 dB | SE = 17.179 bit/s/Hz
[41809 ms] [UE 33952] UL: SNR = 6.50 dB | SE = 2.414 bit/s/Hz
[41809 ms] [UE 12169] UL: SNR = 63.50 dB | SE = 20.778 bit/s/Hz
[41809 ms] [UE 22873] UL: SNR = 8.50 dB | SE = 2.969 bit/s/Hz
[41809 ms] [UE 30556] UL: SNR = 63.50 dB | SE = 20.778 bit/s/Hz
[41809 ms] [UE 20945] UL: SNR = 63.50 dB | SE = 20.778 bit/s/Hz
[41844 ms] [UE 45898] UL: SNR = 63.50 dB | SE = 20.778 bit/s/Hz
[41844 ms] [UE 36997] UL: SNR = 63.50 dB | SE = 20.778 bit/s/Hz
[41844 ms] [UE 48787] UL: SNR = 63.50 dB | SE = 20.778 bit/s/Hz
[41844 ms] [UE 40252] UL: SNR = 56.00 dB | SE = 18.324 bit/s/Hz
[41844 ms] [UE 15599] UL: SNR = 52.50 dB | SE = 17.179 bit/s/Hz
[41916 ms] [UE 33952] UL: SNR = 6.50 dB | SE = 2.414 bit/s/Hz
[41916 ms] [UE 12169] UL: SNR = 63.50 dB | SE = 20.778 bit/s/Hz
[41916 ms] [UE 22873] UL: SNR = 8.50 dB | SE = 2.969 bit/s/Hz
[41916 ms] [UE 30556] UL: SNR = 63.50 dB | SE = 20.778 bit/s/Hz
[41916 ms] [UE 20945] UL: SNR = 63.50 dB | SE = 20.778 bit/s/Hz
[41955 ms] [UE 45898] UL: SNR = 63.50 dB | SE = 20.778 bit/s/Hz
[41955 ms] [UE 36997] UL: SNR = 63.50 dB | SE = 20.778 bit/s/Hz
[41955 ms] [UE 48787] UL: SNR = 63.50 dB | SE = 20.778 bit/s/Hz
[41955 ms] [UE 40252] UL: SNR = 56.00 dB | SE = 18.324 bit/s/Hz
[41955 ms] [UE 15599] UL: SNR = 52.50 dB | SE = 17.179 bit/s/Hz
[42029 ms] [UE 33952] UL: SNR = 6.50 dB | SE = 2.414 bit/s/Hz
[42029 ms] [UE 12169] UL: SNR = 63.50 dB | SE = 20.778 bit/s/Hz
[42029 ms] [UE 22873] UL: SNR = 8.50 dB | SE = 2.969 bit/s/Hz
[42029 ms] [UE 30556] UL: SNR = 63.50 dB | SE = 20.778 bit/s/Hz
[42029 ms] [UE 20945] UL: SNR = 63.50 dB | SE = 20.778 bit/s/Hz
[42065 ms] [UE 45898] UL: SNR = 63.50 dB | SE = 20.778 bit/s/Hz
[42065 ms] [UE 36997] UL: SNR = 63.50 dB | SE = 20.778 bit/s/Hz
[42065 ms] [UE 48787] UL: SNR = 63.50 dB | SE = 20.778 bit/s/Hz
[42065 ms] [UE 40252] UL: SNR = 56.00 dB | SE = 18.324 bit/s/Hz
[42065 ms] [UE 15599] UL: SNR = 52.50 dB | SE = 17.179 bit/s/Hz
[42136 ms] [UE 33952] UL: SNR = 6.50 dB | SE = 2.414 bit/s/Hz
[42136 ms] [UE 12169] UL: SNR = 63.50 dB | SE = 20.778 bit/s/Hz
[42136 ms] [UE 22873] UL: SNR = 8.50 dB | SE = 2.969 bit/s/Hz
[42136 ms] [UE 30556] UL: SNR = 63.50 dB | SE = 20.778 bit/s/Hz
[42136 ms] [UE 20945] UL: SNR = 63.50 dB | SE = 20.778 bit/s/Hz
[42173 ms] [UE 45898] UL: SNR = 63.50 dB | SE = 20.778 bit/s/Hz
[42173 ms] [UE 36997] UL: SNR = 63.50 dB | SE = 20.778 bit/s/Hz
[42173 ms] [UE 48787] UL: SNR = 63.50 dB | SE = 20.778 bit/s/Hz
[42173 ms] [UE 40252] UL: SNR = 56.00 dB | SE = 18.324 bit/s/Hz
[42173 ms] [UE 15599] UL: SNR = 52.50 dB | SE = 17.179 bit/s/Hz
[42246 ms] [UE 33952] UL: SNR = 6.50 dB | SE = 2.414 bit/s/Hz
[42246 ms] [UE 12169] UL: SNR = 63.50 dB | SE = 20.778 bit/s/Hz
[42246 ms] [UE 22873] UL: SNR = 8.50 dB | SE = 2.969 bit/s/Hz
[42246 ms] [UE 30556] UL: SNR = 63.50 dB | SE = 20.778 bit/s/Hz
[42246 ms] [UE 20945] UL: SNR = 63.50 dB | SE = 20.778 bit/s/Hz
[42274 ms] [UE 45898] UL: SNR = 63.50 dB | SE = 20.778 bit/s/Hz
[42274 ms] [UE 36997] UL: SNR = 63.50 dB | SE = 20.778 bit/s/Hz
[42274 ms] [UE 48787] UL: SNR = 63.50 dB | SE = 20.778 bit/s/Hz
[42274 ms] [UE 40252] UL: SNR = 56.00 dB | SE = 18.324 bit/s/Hz
[42274 ms] [UE 15599] UL: SNR = 52.50 dB | SE = 17.179 bit/s/Hz
[42346 ms] [UE 33952] UL: SNR = 6.50 dB | SE = 2.414 bit/s/Hz
[42346 ms] [UE 12169] UL: SNR = 63.50 dB | SE = 20.778 bit/s/Hz
[42346 ms] [UE 22873] UL: SNR = 8.50 dB | SE = 2.969 bit/s/Hz
[42346 ms] [UE 30556] UL: SNR = 63.50 dB | SE = 20.778 bit/s/Hz
[42346 ms] [UE 20945] UL: SNR = 63.50 dB | SE = 20.778 bit/s/Hz
[42384 ms] [UE 45898] UL: SNR = 63.50 dB | SE = 20.778 bit/s/Hz
[42384 ms] [UE 36997] UL: SNR = 63.50 dB | SE = 20.778 bit/s/Hz
[42384 ms] [UE 48787] UL: SNR = 63.50 dB | SE = 20.778 bit/s/Hz
[42384 ms] [UE 40252] UL: SNR = 56.00 dB | SE = 18.324 bit/s/Hz
[42384 ms] [UE 15599] UL: SNR = 52.50 dB | SE = 17.179 bit/s/Hz
[42456 ms] [UE 33952] UL: SNR = 6.50 dB | SE = 2.414 bit/s/Hz
[42456 ms] [UE 12169] UL: SNR = 63.50 dB | SE = 20.778 bit/s/Hz
[42456 ms] [UE 22873] UL: SNR = 8.50 dB | SE = 2.969 bit/s/Hz
[42456 ms] [UE 30556] UL: SNR = 63.50 dB | SE = 20.778 bit/s/Hz
[42456 ms] [UE 20945] UL: SNR = 63.50 dB | SE = 20.778 bit/s/Hz
[42493 ms] [UE 45898] UL: SNR = 63.50 dB | SE = 20.778 bit/s/Hz
[42493 ms] [UE 36997] UL: SNR = 63.50 dB | SE = 20.778 bit/s/Hz
[42493 ms] [UE 48787] UL: SNR = 63.50 dB | SE = 20.778 bit/s/Hz
[42493 ms] [UE 40252] UL: SNR = 56.00 dB | SE = 18.324 bit/s/Hz
[42493 ms] [UE 15599] UL: SNR = 52.50 dB | SE = 17.179 bit/s/Hz
[42566 ms] [UE 33952] UL: SNR = 6.50 dB | SE = 2.414 bit/s/Hz
[42566 ms] [UE 12169] UL: SNR = 63.50 dB | SE = 20.778 bit/s/Hz
[42566 ms] [UE 22873] UL: SNR = 8.50 dB | SE = 2.969 bit/s/Hz
[42566 ms] [UE 30556] UL: SNR = 63.50 dB | SE = 20.778 bit/s/Hz
[42566 ms] [UE 20945] UL: SNR = 63.50 dB | SE = 20.778 bit/s/Hz
[42593 ms] [UE 45898] UL: SNR = 63.50 dB | SE = 20.778 bit/s/Hz
[42593 ms] [UE 36997] UL: SNR = 63.50 dB | SE = 20.778 bit/s/Hz
[42593 ms] [UE 48787] UL: SNR = 63.50 dB | SE = 20.778 bit/s/Hz
[42593 ms] [UE 40252] UL: SNR = 56.00 dB | SE = 18.324 bit/s/Hz
[42593 ms] [UE 15599] UL: SNR = 52.50 dB | SE = 17.179 bit/s/Hz
[42666 ms] [UE 33952] UL: SNR = 6.50 dB | SE = 2.414 bit/s/Hz
[42666 ms] [UE 12169] UL: SNR = 63.50 dB | SE = 20.778 bit/s/Hz
[42666 ms] [UE 22873] UL: SNR = 8.50 dB | SE = 2.969 bit/s/Hz
[42666 ms] [UE 30556] UL: SNR = 63.50 dB | SE = 20.778 bit/s/Hz
[42666 ms] [UE 20945] UL: SNR = 63.50 dB | SE = 20.778 bit/s/Hz
[42703 ms] [UE 45898] UL: SNR = 63.50 dB | SE = 20.778 bit/s/Hz
[42703 ms] [UE 36997] UL: SNR = 63.50 dB | SE = 20.778 bit/s/Hz
[42703 ms] [UE 48787] UL: SNR = 63.50 dB | SE = 20.778 bit/s/Hz
[42703 ms] [UE 40252] UL: SNR = 56.00 dB | SE = 18.324 bit/s/Hz
[42703 ms] [UE 15599] UL: SNR = 52.50 dB | SE = 17.179 bit/s/Hz
[42776 ms] [UE 33952] UL: SNR = 6.50 dB | SE = 2.414 bit/s/Hz
[42776 ms] [UE 12169] UL: SNR = 63.50 dB | SE = 20.778 bit/s/Hz
[42776 ms] [UE 22873] UL: SNR = 8.50 dB | SE = 2.969 bit/s/Hz
[42776 ms] [UE 30556] UL: SNR = 63.50 dB | SE = 20.778 bit/s/Hz
[42776 ms] [UE 20945] UL: SNR = 63.50 dB | SE = 20.778 bit/s/Hz
[42814 ms] [UE 45898] UL: SNR = 63.50 dB | SE = 20.778 bit/s/Hz
[42814 ms] [UE 36997] UL: SNR = 63.50 dB | SE = 20.778 bit/s/Hz
[42814 ms] [UE 48787] UL: SNR = 63.50 dB | SE = 20.778 bit/s/Hz
[42814 ms] [UE 40252] UL: SNR = 56.00 dB | SE = 18.324 bit/s/Hz
[42814 ms] [UE 15599] UL: SNR = 52.50 dB | SE = 17.179 bit/s/Hz
[42876 ms] [UE 33952] UL: SNR = 6.50 dB | SE = 2.414 bit/s/Hz
[42876 ms] [UE 12169] UL: SNR = 63.50 dB | SE = 20.778 bit/s/Hz
[42876 ms] [UE 22873] UL: SNR = 8.50 dB | SE = 2.969 bit/s/Hz
[42876 ms] [UE 30556] UL: SNR = 63.50 dB | SE = 20.778 bit/s/Hz
[42876 ms] [UE 20945] UL: SNR = 63.50 dB | SE = 20.778 bit/s/Hz
[42923 ms] [UE 45898] UL: SNR = 63.50 dB | SE = 20.778 bit/s/Hz
[42923 ms] [UE 36997] UL: SNR = 63.50 dB | SE = 20.778 bit/s/Hz
[42923 ms] [UE 48787] UL: SNR = 63.50 dB | SE = 20.778 bit/s/Hz
[42923 ms] [UE 40252] UL: SNR = 56.00 dB | SE = 18.324 bit/s/Hz
[42923 ms] [UE 15599] UL: SNR = 52.50 dB | SE = 17.179 bit/s/Hz
[42986 ms] [UE 33952] UL: SNR = 6.50 dB | SE = 2.414 bit/s/Hz
[42986 ms] [UE 12169] UL: SNR = 63.50 dB | SE = 20.778 bit/s/Hz
[42986 ms] [UE 22873] UL: SNR = 8.50 dB | SE = 2.969 bit/s/Hz
[42986 ms] [UE 30556] UL: SNR = 63.50 dB | SE = 20.778 bit/s/Hz
[42986 ms] [UE 20945] UL: SNR = 63.50 dB | SE = 20.778 bit/s/Hz
[43024 ms] [UE 45898] UL: SNR = 63.50 dB | SE = 20.778 bit/s/Hz
[43024 ms] [UE 36997] UL: SNR = 63.50 dB | SE = 20.778 bit/s/Hz
[43024 ms] [UE 48787] UL: SNR = 63.50 dB | SE = 20.778 bit/s/Hz
[43024 ms] [UE 40252] UL: SNR = 56.00 dB | SE = 18.324 bit/s/Hz
[43024 ms] [UE 15599] UL: SNR = 52.50 dB | SE = 17.179 bit/s/Hz
[43086 ms] [UE 33952] UL: SNR = 6.50 dB | SE = 2.414 bit/s/Hz
[43086 ms] [UE 12169] UL: SNR = 63.50 dB | SE = 20.778 bit/s/Hz
[43086 ms] [UE 22873] UL: SNR = 8.50 dB | SE = 2.969 bit/s/Hz
[43086 ms] [UE 30556] UL: SNR = 63.50 dB | SE = 20.778 bit/s/Hz
[43086 ms] [UE 20945] UL: SNR = 63.50 dB | SE = 20.778 bit/s/Hz
[43133 ms] [UE 45898] UL: SNR = 63.50 dB | SE = 20.778 bit/s/Hz
[43133 ms] [UE 36997] UL: SNR = 63.50 dB | SE = 20.778 bit/s/Hz
[43133 ms] [UE 48787] UL: SNR = 63.50 dB | SE = 20.778 bit/s/Hz
[43133 ms] [UE 40252] UL: SNR = 56.00 dB | SE = 18.324 bit/s/Hz
[43133 ms] [UE 15599] UL: SNR = 52.50 dB | SE = 17.179 bit/s/Hz
[43186 ms] [UE 33952] UL: SNR = 6.50 dB | SE = 2.414 bit/s/Hz
[43186 ms] [UE 12169] UL: SNR = 63.50 dB | SE = 20.778 bit/s/Hz
[43186 ms] [UE 22873] UL: SNR = 8.50 dB | SE = 2.969 bit/s/Hz
[43186 ms] [UE 30556] UL: SNR = 63.50 dB | SE = 20.778 bit/s/Hz
[43186 ms] [UE 20945] UL: SNR = 63.50 dB | SE = 20.778 bit/s/Hz
[43243 ms] [UE 45898] UL: SNR = 63.50 dB | SE = 20.778 bit/s/Hz
[43243 ms] [UE 36997] UL: SNR = 63.50 dB | SE = 20.778 bit/s/Hz
[43243 ms] [UE 48787] UL: SNR = 63.50 dB | SE = 20.778 bit/s/Hz
[43243 ms] [UE 40252] UL: SNR = 56.00 dB | SE = 18.324 bit/s/Hz
[43243 ms] [UE 15599] UL: SNR = 52.50 dB | SE = 17.179 bit/s/Hz
[43296 ms] [UE 33952] UL: SNR = 6.50 dB | SE = 2.414 bit/s/Hz
[43296 ms] [UE 12169] UL: SNR = 63.50 dB | SE = 20.778 bit/s/Hz
[43296 ms] [UE 22873] UL: SNR = 8.50 dB | SE = 2.969 bit/s/Hz
[43296 ms] [UE 30556] UL: SNR = 63.50 dB | SE = 20.778 bit/s/Hz
[43296 ms] [UE 20945] UL: SNR = 63.50 dB | SE = 20.778 bit/s/Hz
[43353 ms] [UE 45898] UL: SNR = 63.50 dB | SE = 20.778 bit/s/Hz
[43353 ms] [UE 36997] UL: SNR = 63.50 dB | SE = 20.778 bit/s/Hz
[43353 ms] [UE 48787] UL: SNR = 63.50 dB | SE = 20.778 bit/s/Hz
[43353 ms] [UE 40252] UL: SNR = 56.00 dB | SE = 18.324 bit/s/Hz
[43353 ms] [UE 15599] UL: SNR = 52.50 dB | SE = 17.179 bit/s/Hz
[43406 ms] [UE 33952] UL: SNR = 6.50 dB | SE = 2.414 bit/s/Hz
[43406 ms] [UE 12169] UL: SNR = 63.50 dB | SE = 20.778 bit/s/Hz
[43406 ms] [UE 22873] UL: SNR = 8.50 dB | SE = 2.969 bit/s/Hz
[43406 ms] [UE 30556] UL: SNR = 63.50 dB | SE = 20.778 bit/s/Hz
[43406 ms] [UE 20945] UL: SNR = 63.50 dB | SE = 20.778 bit/s/Hz
[43453 ms] [UE 45898] UL: SNR = 63.50 dB | SE = 20.778 bit/s/Hz
[43453 ms] [UE 36997] UL: SNR = 63.50 dB | SE = 20.778 bit/s/Hz
[43453 ms] [UE 48787] UL: SNR = 63.50 dB | SE = 20.778 bit/s/Hz
[43453 ms] [UE 40252] UL: SNR = 56.00 dB | SE = 18.324 bit/s/Hz
[43453 ms] [UE 15599] UL: SNR = 52.50 dB | SE = 17.179 bit/s/Hz
[43506 ms] [UE 33952] UL: SNR = 6.50 dB | SE = 2.414 bit/s/Hz
[43506 ms] [UE 12169] UL: SNR = 63.50 dB | SE = 20.778 bit/s/Hz
[43506 ms] [UE 22873] UL: SNR = 8.50 dB | SE = 2.969 bit/s/Hz
[43506 ms] [UE 30556] UL: SNR = 63.50 dB | SE = 20.778 bit/s/Hz
[43506 ms] [UE 20945] UL: SNR = 63.50 dB | SE = 20.778 bit/s/Hz
[43553 ms] [UE 45898] UL: SNR = 63.50 dB | SE = 20.778 bit/s/Hz
[43553 ms] [UE 36997] UL: SNR = 63.50 dB | SE = 20.778 bit/s/Hz
[43553 ms] [UE 48787] UL: SNR = 63.50 dB | SE = 20.778 bit/s/Hz
[43553 ms] [UE 40252] UL: SNR = 56.00 dB | SE = 18.324 bit/s/Hz
[43553 ms] [UE 15599] UL: SNR = 52.50 dB | SE = 17.179 bit/s/Hz
[43606 ms] [UE 33952] UL: SNR = 6.50 dB | SE = 2.414 bit/s/Hz
[43606 ms] [UE 12169] UL: SNR = 63.50 dB | SE = 20.778 bit/s/Hz
[43606 ms] [UE 22873] UL: SNR = 8.50 dB | SE = 2.969 bit/s/Hz
[43606 ms] [UE 30556] UL: SNR = 63.50 dB | SE = 20.778 bit/s/Hz
[43606 ms] [UE 20945] UL: SNR = 63.50 dB | SE = 20.778 bit/s/Hz
[43663 ms] [UE 45898] UL: SNR = 63.50 dB | SE = 20.778 bit/s/Hz
[43663 ms] [UE 36997] UL: SNR = 63.50 dB | SE = 20.778 bit/s/Hz
[43663 ms] [UE 48787] UL: SNR = 63.50 dB | SE = 20.778 bit/s/Hz
[43663 ms] [UE 40252] UL: SNR = 56.00 dB | SE = 18.324 bit/s/Hz
[43663 ms] [UE 15599] UL: SNR = 52.50 dB | SE = 17.179 bit/s/Hz
[43716 ms] [UE 33952] UL: SNR = 6.50 dB | SE = 2.414 bit/s/Hz
[43716 ms] [UE 12169] UL: SNR = 63.50 dB | SE = 20.778 bit/s/Hz
[43716 ms] [UE 22873] UL: SNR = 8.50 dB | SE = 2.969 bit/s/Hz
[43716 ms] [UE 30556] UL: SNR = 63.50 dB | SE = 20.778 bit/s/Hz
[43716 ms] [UE 20945] UL: SNR = 63.50 dB | SE = 20.778 bit/s/Hz
[43773 ms] [UE 45898] UL: SNR = 63.50 dB | SE = 20.778 bit/s/Hz
[43773 ms] [UE 36997] UL: SNR = 63.50 dB | SE = 20.778 bit/s/Hz
[43773 ms] [UE 48787] UL: SNR = 63.50 dB | SE = 20.778 bit/s/Hz
[43773 ms] [UE 40252] UL: SNR = 56.00 dB | SE = 18.324 bit/s/Hz
[43773 ms] [UE 15599] UL: SNR = 52.50 dB | SE = 17.179 bit/s/Hz
[43826 ms] [UE 33952] UL: SNR = 6.50 dB | SE = 2.414 bit/s/Hz
[43826 ms] [UE 12169] UL: SNR = 63.50 dB | SE = 20.778 bit/s/Hz
[43826 ms] [UE 22873] UL: SNR = 8.50 dB | SE = 2.969 bit/s/Hz
[43826 ms] [UE 30556] UL: SNR = 63.50 dB | SE = 20.778 bit/s/Hz
[43826 ms] [UE 20945] UL: SNR = 63.50 dB | SE = 20.778 bit/s/Hz
[43883 ms] [UE 45898] UL: SNR = 63.50 dB | SE = 20.778 bit/s/Hz
[43883 ms] [UE 36997] UL: SNR = 63.50 dB | SE = 20.778 bit/s/Hz
[43883 ms] [UE 48787] UL: SNR = 63.50 dB | SE = 20.778 bit/s/Hz
[43883 ms] [UE 40252] UL: SNR = 56.00 dB | SE = 18.324 bit/s/Hz
[43883 ms] [UE 15599] UL: SNR = 52.50 dB | SE = 17.179 bit/s/Hz
[43927 ms] [UE 33952] UL: SNR = 6.50 dB | SE = 2.414 bit/s/Hz
[43927 ms] [UE 12169] UL: SNR = 63.50 dB | SE = 20.778 bit/s/Hz
[43927 ms] [UE 22873] UL: SNR = 8.50 dB | SE = 2.969 bit/s/Hz
[43927 ms] [UE 30556] UL: SNR = 63.50 dB | SE = 20.778 bit/s/Hz
[43927 ms] [UE 20945] UL: SNR = 63.50 dB | SE = 20.778 bit/s/Hz
[43993 ms] [UE 45898] UL: SNR = 63.50 dB | SE = 20.778 bit/s/Hz
[43993 ms] [UE 36997] UL: SNR = 63.50 dB | SE = 20.778 bit/s/Hz
[43993 ms] [UE 48787] UL: SNR = 63.50 dB | SE = 20.778 bit/s/Hz
[43993 ms] [UE 40252] UL: SNR = 56.00 dB | SE = 18.324 bit/s/Hz
[43993 ms] [UE 15599] UL: SNR = 52.50 dB | SE = 17.179 bit/s/Hz
[44036 ms] [UE 33952] UL: SNR = 6.50 dB | SE = 2.414 bit/s/Hz
[44036 ms] [UE 12169] UL: SNR = 63.50 dB | SE = 20.778 bit/s/Hz
[44036 ms] [UE 22873] UL: SNR = 8.50 dB | SE = 2.969 bit/s/Hz
[44036 ms] [UE 30556] UL: SNR = 63.50 dB | SE = 20.778 bit/s/Hz
[44036 ms] [UE 20945] UL: SNR = 63.50 dB | SE = 20.778 bit/s/Hz
[44093 ms] [UE 45898] UL: SNR = 63.50 dB | SE = 20.778 bit/s/Hz
[44093 ms] [UE 36997] UL: SNR = 63.50 dB | SE = 20.778 bit/s/Hz
[44093 ms] [UE 48787] UL: SNR = 63.50 dB | SE = 20.778 bit/s/Hz
[44093 ms] [UE 40252] UL: SNR = 56.00 dB | SE = 18.324 bit/s/Hz
[44093 ms] [UE 15599] UL: SNR = 52.50 dB | SE = 17.179 bit/s/Hz
[44137 ms] [UE 33952] UL: SNR = 6.50 dB | SE = 2.414 bit/s/Hz
[44137 ms] [UE 12169] UL: SNR = 63.50 dB | SE = 20.778 bit/s/Hz
[44137 ms] [UE 22873] UL: SNR = 8.50 dB | SE = 2.969 bit/s/Hz
[44137 ms] [UE 30556] UL: SNR = 63.50 dB | SE = 20.778 bit/s/Hz
[44137 ms] [UE 20945] UL: SNR = 63.50 dB | SE = 20.778 bit/s/Hz
[44203 ms] [UE 45898] UL: SNR = 63.50 dB | SE = 20.778 bit/s/Hz
[44203 ms] [UE 36997] UL: SNR = 63.50 dB | SE = 20.778 bit/s/Hz
[44203 ms] [UE 48787] UL: SNR = 63.50 dB | SE = 20.778 bit/s/Hz
[44203 ms] [UE 40252] UL: SNR = 56.00 dB | SE = 18.324 bit/s/Hz
[44203 ms] [UE 15599] UL: SNR = 52.50 dB | SE = 17.179 bit/s/Hz
[44246 ms] [UE 33952] UL: SNR = 6.50 dB | SE = 2.414 bit/s/Hz
[44246 ms] [UE 12169] UL: SNR = 63.50 dB | SE = 20.778 bit/s/Hz
[44246 ms] [UE 22873] UL: SNR = 8.50 dB | SE = 2.969 bit/s/Hz
[44246 ms] [UE 30556] UL: SNR = 63.50 dB | SE = 20.778 bit/s/Hz
[44246 ms] [UE 20945] UL: SNR = 63.50 dB | SE = 20.778 bit/s/Hz
[44303 ms] [UE 45898] UL: SNR = 63.50 dB | SE = 20.778 bit/s/Hz
[44303 ms] [UE 36997] UL: SNR = 63.50 dB | SE = 20.778 bit/s/Hz
[44303 ms] [UE 48787] UL: SNR = 63.50 dB | SE = 20.778 bit/s/Hz
[44303 ms] [UE 40252] UL: SNR = 56.00 dB | SE = 18.324 bit/s/Hz
[44303 ms] [UE 15599] UL: SNR = 52.50 dB | SE = 17.179 bit/s/Hz
[44346 ms] [UE 33952] UL: SNR = 6.50 dB | SE = 2.414 bit/s/Hz
[44346 ms] [UE 12169] UL: SNR = 63.50 dB | SE = 20.778 bit/s/Hz
[44346 ms] [UE 22873] UL: SNR = 8.50 dB | SE = 2.969 bit/s/Hz
[44346 ms] [UE 30556] UL: SNR = 63.50 dB | SE = 20.778 bit/s/Hz
[44346 ms] [UE 20945] UL: SNR = 63.50 dB | SE = 20.778 bit/s/Hz
[44413 ms] [UE 45898] UL: SNR = 63.50 dB | SE = 20.778 bit/s/Hz
[44413 ms] [UE 36997] UL: SNR = 63.50 dB | SE = 20.778 bit/s/Hz
[44413 ms] [UE 48787] UL: SNR = 63.50 dB | SE = 20.778 bit/s/Hz
[44413 ms] [UE 40252] UL: SNR = 56.00 dB | SE = 18.324 bit/s/Hz
[44413 ms] [UE 15599] UL: SNR = 52.50 dB | SE = 17.179 bit/s/Hz
[44446 ms] [UE 33952] UL: SNR = 6.50 dB | SE = 2.414 bit/s/Hz
[44446 ms] [UE 12169] UL: SNR = 63.50 dB | SE = 20.778 bit/s/Hz
[44446 ms] [UE 22873] UL: SNR = 8.50 dB | SE = 2.969 bit/s/Hz
[44446 ms] [UE 30556] UL: SNR = 63.50 dB | SE = 20.778 bit/s/Hz
[44446 ms] [UE 20945] UL: SNR = 63.50 dB | SE = 20.778 bit/s/Hz
[44523 ms] [UE 45898] UL: SNR = 63.50 dB | SE = 20.778 bit/s/Hz
[44523 ms] [UE 36997] UL: SNR = 63.50 dB | SE = 20.778 bit/s/Hz
[44523 ms] [UE 48787] UL: SNR = 63.50 dB | SE = 20.778 bit/s/Hz
[44523 ms] [UE 40252] UL: SNR = 56.00 dB | SE = 18.324 bit/s/Hz
[44523 ms] [UE 15599] UL: SNR = 52.50 dB | SE = 17.179 bit/s/Hz
[44556 ms] [UE 33952] UL: SNR = 6.50 dB | SE = 2.414 bit/s/Hz
[44556 ms] [UE 12169] UL: SNR = 63.50 dB | SE = 20.778 bit/s/Hz
[44556 ms] [UE 22873] UL: SNR = 8.50 dB | SE = 2.969 bit/s/Hz
[44556 ms] [UE 30556] UL: SNR = 63.50 dB | SE = 20.778 bit/s/Hz
[44556 ms] [UE 20945] UL: SNR = 63.50 dB | SE = 20.778 bit/s/Hz
[44623 ms] [UE 45898] UL: SNR = 63.50 dB | SE = 20.778 bit/s/Hz
[44623 ms] [UE 36997] UL: SNR = 63.50 dB | SE = 20.778 bit/s/Hz
[44623 ms] [UE 48787] UL: SNR = 63.50 dB | SE = 20.778 bit/s/Hz
[44623 ms] [UE 40252] UL: SNR = 56.00 dB | SE = 18.324 bit/s/Hz
[44623 ms] [UE 15599] UL: SNR = 52.50 dB | SE = 17.179 bit/s/Hz
[44656 ms] [UE 33952] UL: SNR = 6.50 dB | SE = 2.414 bit/s/Hz
[44656 ms] [UE 12169] UL: SNR = 63.50 dB | SE = 20.778 bit/s/Hz
[44656 ms] [UE 22873] UL: SNR = 8.50 dB | SE = 2.969 bit/s/Hz
[44656 ms] [UE 30556] UL: SNR = 63.50 dB | SE = 20.778 bit/s/Hz
[44656 ms] [UE 20945] UL: SNR = 63.50 dB | SE = 20.778 bit/s/Hz
[44733 ms] [UE 45898] UL: SNR = 63.50 dB | SE = 20.778 bit/s/Hz
[44733 ms] [UE 36997] UL: SNR = 63.50 dB | SE = 20.778 bit/s/Hz
[44733 ms] [UE 48787] UL: SNR = 63.50 dB | SE = 20.778 bit/s/Hz
[44733 ms] [UE 40252] UL: SNR = 56.00 dB | SE = 18.324 bit/s/Hz
[44733 ms] [UE 15599] UL: SNR = 52.50 dB | SE = 17.179 bit/s/Hz
[44766 ms] [UE 33952] UL: SNR = 6.50 dB | SE = 2.414 bit/s/Hz
[44766 ms] [UE 12169] UL: SNR = 63.50 dB | SE = 20.778 bit/s/Hz
[44766 ms] [UE 22873] UL: SNR = 8.50 dB | SE = 2.969 bit/s/Hz
[44766 ms] [UE 30556] UL: SNR = 63.50 dB | SE = 20.778 bit/s/Hz
[44766 ms] [UE 20945] UL: SNR = 63.50 dB | SE = 20.778 bit/s/Hz
[44843 ms] [UE 45898] UL: SNR = 63.50 dB | SE = 20.778 bit/s/Hz
[44843 ms] [UE 36997] UL: SNR = 63.50 dB | SE = 20.778 bit/s/Hz
[44843 ms] [UE 48787] UL: SNR = 63.50 dB | SE = 20.778 bit/s/Hz
[44843 ms] [UE 40252] UL: SNR = 56.00 dB | SE = 18.324 bit/s/Hz
[44843 ms] [UE 15599] UL: SNR = 52.50 dB | SE = 17.179 bit/s/Hz
[44876 ms] [UE 33952] UL: SNR = 6.50 dB | SE = 2.414 bit/s/Hz
[44876 ms] [UE 12169] UL: SNR = 63.50 dB | SE = 20.778 bit/s/Hz
[44876 ms] [UE 22873] UL: SNR = 8.50 dB | SE = 2.969 bit/s/Hz
[44876 ms] [UE 30556] UL: SNR = 63.50 dB | SE = 20.778 bit/s/Hz
[44876 ms] [UE 20945] UL: SNR = 63.50 dB | SE = 20.778 bit/s/Hz
[44953 ms] [UE 45898] UL: SNR = 63.50 dB | SE = 20.778 bit/s/Hz
[44953 ms] [UE 36997] UL: SNR = 63.50 dB | SE = 20.778 bit/s/Hz
[44953 ms] [UE 48787] UL: SNR = 63.50 dB | SE = 20.778 bit/s/Hz
[44953 ms] [UE 40252] UL: SNR = 56.00 dB | SE = 18.324 bit/s/Hz
[44953 ms] [UE 15599] UL: SNR = 52.50 dB | SE = 17.179 bit/s/Hz
[44986 ms] [UE 33952] UL: SNR = 6.50 dB | SE = 2.414 bit/s/Hz
[44986 ms] [UE 12169] UL: SNR = 63.50 dB | SE = 20.778 bit/s/Hz
[44986 ms] [UE 22873] UL: SNR = 8.50 dB | SE = 2.969 bit/s/Hz
[44986 ms] [UE 30556] UL: SNR = 63.50 dB | SE = 20.778 bit/s/Hz
[44986 ms] [UE 20945] UL: SNR = 63.50 dB | SE = 20.778 bit/s/Hz
[45063 ms] [UE 45898] UL: SNR = 63.50 dB | SE = 20.778 bit/s/Hz
[45063 ms] [UE 36997] UL: SNR = 63.50 dB | SE = 20.778 bit/s/Hz
[45063 ms] [UE 48787] UL: SNR = 63.50 dB | SE = 20.778 bit/s/Hz
[45063 ms] [UE 40252] UL: SNR = 56.00 dB | SE = 18.324 bit/s/Hz
[45063 ms] [UE 15599] UL: SNR = 52.50 dB | SE = 17.179 bit/s/Hz
[45086 ms] [UE 33952] UL: SNR = 6.50 dB | SE = 2.414 bit/s/Hz
[45086 ms] [UE 12169] UL: SNR = 63.50 dB | SE = 20.778 bit/s/Hz
[45086 ms] [UE 22873] UL: SNR = 8.50 dB | SE = 2.969 bit/s/Hz
[45086 ms] [UE 30556] UL: SNR = 63.50 dB | SE = 20.778 bit/s/Hz
[45086 ms] [UE 20945] UL: SNR = 63.50 dB | SE = 20.778 bit/s/Hz
[45163 ms] [UE 45898] UL: SNR = 63.50 dB | SE = 20.778 bit/s/Hz
[45163 ms] [UE 36997] UL: SNR = 63.50 dB | SE = 20.778 bit/s/Hz
[45163 ms] [UE 48787] UL: SNR = 63.50 dB | SE = 20.778 bit/s/Hz
[45163 ms] [UE 40252] UL: SNR = 56.00 dB | SE = 18.324 bit/s/Hz
[45163 ms] [UE 15599] UL: SNR = 52.50 dB | SE = 17.179 bit/s/Hz
[45196 ms] [UE 33952] UL: SNR = 6.50 dB | SE = 2.414 bit/s/Hz
[45196 ms] [UE 12169] UL: SNR = 63.50 dB | SE = 20.778 bit/s/Hz
[45196 ms] [UE 22873] UL: SNR = 8.50 dB | SE = 2.969 bit/s/Hz
[45196 ms] [UE 30556] UL: SNR = 63.50 dB | SE = 20.778 bit/s/Hz
[45196 ms] [UE 20945] UL: SNR = 63.50 dB | SE = 20.778 bit/s/Hz
[45263 ms] [UE 45898] UL: SNR = 63.50 dB | SE = 20.778 bit/s/Hz
[45263 ms] [UE 36997] UL: SNR = 63.50 dB | SE = 20.778 bit/s/Hz
[45263 ms] [UE 48787] UL: SNR = 63.50 dB | SE = 20.778 bit/s/Hz
[45263 ms] [UE 40252] UL: SNR = 56.00 dB | SE = 18.324 bit/s/Hz
[45263 ms] [UE 15599] UL: SNR = 52.50 dB | SE = 17.179 bit/s/Hz
[45306 ms] [UE 33952] UL: SNR = 6.50 dB | SE = 2.414 bit/s/Hz
[45306 ms] [UE 12169] UL: SNR = 63.50 dB | SE = 20.778 bit/s/Hz
[45306 ms] [UE 22873] UL: SNR = 8.50 dB | SE = 2.969 bit/s/Hz
[45306 ms] [UE 30556] UL: SNR = 63.50 dB | SE = 20.778 bit/s/Hz
[45306 ms] [UE 20945] UL: SNR = 63.50 dB | SE = 20.778 bit/s/Hz
[45373 ms] [UE 45898] UL: SNR = 63.50 dB | SE = 20.778 bit/s/Hz
[45373 ms] [UE 36997] UL: SNR = 63.50 dB | SE = 20.778 bit/s/Hz
[45373 ms] [UE 48787] UL: SNR = 63.50 dB | SE = 20.778 bit/s/Hz
[45373 ms] [UE 40252] UL: SNR = 56.00 dB | SE = 18.324 bit/s/Hz
[45373 ms] [UE 15599] UL: SNR = 52.50 dB | SE = 17.179 bit/s/Hz
[45406 ms] [UE 33952] UL: SNR = 6.50 dB | SE = 2.414 bit/s/Hz
[45406 ms] [UE 12169] UL: SNR = 63.50 dB | SE = 20.778 bit/s/Hz
[45406 ms] [UE 22873] UL: SNR = 56.00 dB | SE = 18.324 bit/s/Hz
[45406 ms] [UE 30556] UL: SNR = 52.00 dB | SE = 17.015 bit/s/Hz
[45406 ms] [UE 20945] UL: SNR = 52.50 dB | SE = 17.179 bit/s/Hz
[45474 ms] [UE 45898] UL: SNR = 63.50 dB | SE = 20.778 bit/s/Hz
[45474 ms] [UE 36997] UL: SNR = 63.50 dB | SE = 20.778 bit/s/Hz
[45474 ms] [UE 48787] UL: SNR = 63.50 dB | SE = 20.778 bit/s/Hz
[45474 ms] [UE 40252] UL: SNR = 56.00 dB | SE = 18.324 bit/s/Hz
[45474 ms] [UE 15599] UL: SNR = 52.50 dB | SE = 17.179 bit/s/Hz
[45506 ms] [UE 33952] UL: SNR = 6.50 dB | SE = 2.414 bit/s/Hz
[45506 ms] [UE 12169] UL: SNR = 63.50 dB | SE = 20.778 bit/s/Hz
[45506 ms] [UE 22873] UL: SNR = 56.00 dB | SE = 18.324 bit/s/Hz
[45506 ms] [UE 30556] UL: SNR = 52.00 dB | SE = 17.015 bit/s/Hz
[45506 ms] [UE 20945] UL: SNR = 52.50 dB | SE = 17.179 bit/s/Hz
[45583 ms] [UE 45898] UL: SNR = 63.50 dB | SE = 20.778 bit/s/Hz
[45583 ms] [UE 36997] UL: SNR = 63.50 dB | SE = 20.778 bit/s/Hz
[45583 ms] [UE 48787] UL: SNR = 63.50 dB | SE = 20.778 bit/s/Hz
[45583 ms] [UE 40252] UL: SNR = 56.00 dB | SE = 18.324 bit/s/Hz
[45583 ms] [UE 15599] UL: SNR = 52.50 dB | SE = 17.179 bit/s/Hz
[45619 ms] [UE 33952] UL: SNR = 6.50 dB | SE = 2.414 bit/s/Hz
[45619 ms] [UE 12169] UL: SNR = 63.50 dB | SE = 20.778 bit/s/Hz
[45619 ms] [UE 22873] UL: SNR = 56.00 dB | SE = 18.324 bit/s/Hz
[45619 ms] [UE 30556] UL: SNR = 52.00 dB | SE = 17.015 bit/s/Hz
[45619 ms] [UE 20945] UL: SNR = 52.50 dB | SE = 17.179 bit/s/Hz
[45684 ms] [UE 45898] UL: SNR = 63.50 dB | SE = 20.778 bit/s/Hz
[45684 ms] [UE 36997] UL: SNR = 63.50 dB | SE = 20.778 bit/s/Hz
[45684 ms] [UE 48787] UL: SNR = 63.50 dB | SE = 20.778 bit/s/Hz
[45684 ms] [UE 40252] UL: SNR = 56.00 dB | SE = 18.324 bit/s/Hz
[45684 ms] [UE 15599] UL: SNR = 52.50 dB | SE = 17.179 bit/s/Hz
[45726 ms] [UE 33952] UL: SNR = 6.50 dB | SE = 2.414 bit/s/Hz
[45726 ms] [UE 12169] UL: SNR = 63.50 dB | SE = 20.778 bit/s/Hz
[45726 ms] [UE 22873] UL: SNR = 56.00 dB | SE = 18.324 bit/s/Hz
[45726 ms] [UE 30556] UL: SNR = 52.00 dB | SE = 17.015 bit/s/Hz
[45726 ms] [UE 20945] UL: SNR = 52.50 dB | SE = 17.179 bit/s/Hz
[45793 ms] [UE 45898] UL: SNR = 63.50 dB | SE = 20.778 bit/s/Hz
[45793 ms] [UE 36997] UL: SNR = 63.50 dB | SE = 20.778 bit/s/Hz
[45793 ms] [UE 48787] UL: SNR = 63.50 dB | SE = 20.778 bit/s/Hz
[45793 ms] [UE 40252] UL: SNR = 56.00 dB | SE = 18.324 bit/s/Hz
[45793 ms] [UE 15599] UL: SNR = 52.50 dB | SE = 17.179 bit/s/Hz
[45826 ms] [UE 33952] UL: SNR = 6.50 dB | SE = 2.414 bit/s/Hz
[45826 ms] [UE 12169] UL: SNR = 63.50 dB | SE = 20.778 bit/s/Hz
[45826 ms] [UE 22873] UL: SNR = 56.00 dB | SE = 18.324 bit/s/Hz
[45826 ms] [UE 30556] UL: SNR = 52.00 dB | SE = 17.015 bit/s/Hz
[45826 ms] [UE 20945] UL: SNR = 52.50 dB | SE = 17.179 bit/s/Hz
[45893 ms] [UE 45898] UL: SNR = 63.50 dB | SE = 20.778 bit/s/Hz
[45893 ms] [UE 36997] UL: SNR = 63.50 dB | SE = 20.778 bit/s/Hz
[45893 ms] [UE 48787] UL: SNR = 63.50 dB | SE = 20.778 bit/s/Hz
[45893 ms] [UE 40252] UL: SNR = 56.00 dB | SE = 18.324 bit/s/Hz
[45893 ms] [UE 15599] UL: SNR = 52.50 dB | SE = 17.179 bit/s/Hz
[45936 ms] [UE 33952] UL: SNR = 6.50 dB | SE = 2.414 bit/s/Hz
[45936 ms] [UE 12169] UL: SNR = 63.50 dB | SE = 20.778 bit/s/Hz
[45936 ms] [UE 22873] UL: SNR = 56.00 dB | SE = 18.324 bit/s/Hz
[45936 ms] [UE 30556] UL: SNR = 52.00 dB | SE = 17.015 bit/s/Hz
[45936 ms] [UE 20945] UL: SNR = 52.50 dB | SE = 17.179 bit/s/Hz
[45993 ms] [UE 45898] UL: SNR = 63.50 dB | SE = 20.778 bit/s/Hz
[45993 ms] [UE 36997] UL: SNR = 63.50 dB | SE = 20.778 bit/s/Hz
[45993 ms] [UE 48787] UL: SNR = 63.50 dB | SE = 20.778 bit/s/Hz
[45993 ms] [UE 40252] UL: SNR = 56.00 dB | SE = 18.324 bit/s/Hz
[45993 ms] [UE 15599] UL: SNR = 52.50 dB | SE = 17.179 bit/s/Hz
[46046 ms] [UE 33952] UL: SNR = 6.50 dB | SE = 2.414 bit/s/Hz
[46046 ms] [UE 12169] UL: SNR = 63.50 dB | SE = 20.778 bit/s/Hz
[46046 ms] [UE 22873] UL: SNR = 56.00 dB | SE = 18.324 bit/s/Hz
[46046 ms] [UE 30556] UL: SNR = 52.00 dB | SE = 17.015 bit/s/Hz
[46046 ms] [UE 20945] UL: SNR = 52.50 dB | SE = 17.179 bit/s/Hz
[46103 ms] [UE 45898] UL: SNR = 63.50 dB | SE = 20.778 bit/s/Hz
[46103 ms] [UE 36997] UL: SNR = 63.50 dB | SE = 20.778 bit/s/Hz
[46103 ms] [UE 48787] UL: SNR = 63.50 dB | SE = 20.778 bit/s/Hz
[46103 ms] [UE 40252] UL: SNR = 56.00 dB | SE = 18.324 bit/s/Hz
[46103 ms] [UE 15599] UL: SNR = 52.50 dB | SE = 17.179 bit/s/Hz
[46156 ms] [UE 33952] UL: SNR = 6.50 dB | SE = 2.414 bit/s/Hz
[46156 ms] [UE 12169] UL: SNR = 63.50 dB | SE = 20.778 bit/s/Hz
[46156 ms] [UE 22873] UL: SNR = 56.00 dB | SE = 18.324 bit/s/Hz
[46156 ms] [UE 30556] UL: SNR = 63.50 dB | SE = 20.778 bit/s/Hz
[46156 ms] [UE 20945] UL: SNR = 52.50 dB | SE = 17.179 bit/s/Hz
[46213 ms] [UE 45898] UL: SNR = 63.50 dB | SE = 20.778 bit/s/Hz
[46213 ms] [UE 36997] UL: SNR = 63.50 dB | SE = 20.778 bit/s/Hz
[46213 ms] [UE 48787] UL: SNR = 63.50 dB | SE = 20.778 bit/s/Hz
[46213 ms] [UE 40252] UL: SNR = 56.00 dB | SE = 18.324 bit/s/Hz
[46213 ms] [UE 15599] UL: SNR = 52.50 dB | SE = 17.179 bit/s/Hz
[46266 ms] [UE 33952] UL: SNR = 6.50 dB | SE = 2.414 bit/s/Hz
[46266 ms] [UE 12169] UL: SNR = 63.50 dB | SE = 20.778 bit/s/Hz
[46266 ms] [UE 22873] UL: SNR = 56.00 dB | SE = 18.324 bit/s/Hz
[46266 ms] [UE 30556] UL: SNR = 63.50 dB | SE = 20.778 bit/s/Hz
[46266 ms] [UE 20945] UL: SNR = 52.50 dB | SE = 17.179 bit/s/Hz
[46313 ms] [UE 45898] UL: SNR = 63.50 dB | SE = 20.778 bit/s/Hz
[46313 ms] [UE 36997] UL: SNR = 63.50 dB | SE = 20.778 bit/s/Hz
[46313 ms] [UE 48787] UL: SNR = 63.50 dB | SE = 20.778 bit/s/Hz
[46313 ms] [UE 40252] UL: SNR = 56.00 dB | SE = 18.324 bit/s/Hz
[46313 ms] [UE 15599] UL: SNR = 52.50 dB | SE = 17.179 bit/s/Hz
[46376 ms] [UE 33952] UL: SNR = 6.50 dB | SE = 2.414 bit/s/Hz
[46376 ms] [UE 12169] UL: SNR = 63.50 dB | SE = 20.778 bit/s/Hz
[46376 ms] [UE 22873] UL: SNR = 56.00 dB | SE = 18.324 bit/s/Hz
[46376 ms] [UE 30556] UL: SNR = 63.50 dB | SE = 20.778 bit/s/Hz
[46376 ms] [UE 20945] UL: SNR = 52.50 dB | SE = 17.179 bit/s/Hz
[46414 ms] [UE 45898] UL: SNR = 63.50 dB | SE = 20.778 bit/s/Hz
[46414 ms] [UE 36997] UL: SNR = 63.50 dB | SE = 20.778 bit/s/Hz
[46414 ms] [UE 48787] UL: SNR = 63.50 dB | SE = 20.778 bit/s/Hz
[46414 ms] [UE 40252] UL: SNR = 56.00 dB | SE = 18.324 bit/s/Hz
[46414 ms] [UE 15599] UL: SNR = 52.50 dB | SE = 17.179 bit/s/Hz
[46476 ms] [UE 33952] UL: SNR = 6.50 dB | SE = 2.414 bit/s/Hz
[46476 ms] [UE 12169] UL: SNR = 63.50 dB | SE = 20.778 bit/s/Hz
[46476 ms] [UE 22873] UL: SNR = 56.00 dB | SE = 18.324 bit/s/Hz
[46476 ms] [UE 30556] UL: SNR = 63.50 dB | SE = 20.778 bit/s/Hz
[46476 ms] [UE 20945] UL: SNR = 52.50 dB | SE = 17.179 bit/s/Hz
[46523 ms] [UE 45898] UL: SNR = 63.50 dB | SE = 20.778 bit/s/Hz
[46523 ms] [UE 36997] UL: SNR = 63.50 dB | SE = 20.778 bit/s/Hz
[46523 ms] [UE 48787] UL: SNR = 63.50 dB | SE = 20.778 bit/s/Hz
[46523 ms] [UE 40252] UL: SNR = 56.00 dB | SE = 18.324 bit/s/Hz
[46523 ms] [UE 15599] UL: SNR = 52.50 dB | SE = 17.179 bit/s/Hz
[46577 ms] [UE 33952] UL: SNR = 6.50 dB | SE = 2.414 bit/s/Hz
[46577 ms] [UE 12169] UL: SNR = 63.50 dB | SE = 20.778 bit/s/Hz
[46577 ms] [UE 22873] UL: SNR = 56.00 dB | SE = 18.324 bit/s/Hz
[46577 ms] [UE 30556] UL: SNR = 63.50 dB | SE = 20.778 bit/s/Hz
[46577 ms] [UE 20945] UL: SNR = 52.50 dB | SE = 17.179 bit/s/Hz
[46623 ms] [UE 45898] UL: SNR = 63.50 dB | SE = 20.778 bit/s/Hz
[46623 ms] [UE 36997] UL: SNR = 63.50 dB | SE = 20.778 bit/s/Hz
[46623 ms] [UE 48787] UL: SNR = 63.50 dB | SE = 20.778 bit/s/Hz
[46623 ms] [UE 40252] UL: SNR = 56.00 dB | SE = 18.324 bit/s/Hz
[46623 ms] [UE 15599] UL: SNR = 52.50 dB | SE = 17.179 bit/s/Hz
[46677 ms] [UE 33952] UL: SNR = 6.50 dB | SE = 2.414 bit/s/Hz
[46677 ms] [UE 12169] UL: SNR = 63.50 dB | SE = 20.778 bit/s/Hz
[46677 ms] [UE 22873] UL: SNR = 56.00 dB | SE = 18.324 bit/s/Hz
[46677 ms] [UE 30556] UL: SNR = 63.50 dB | SE = 20.778 bit/s/Hz
[46677 ms] [UE 20945] UL: SNR = 52.50 dB | SE = 17.179 bit/s/Hz
[46733 ms] [UE 45898] UL: SNR = 63.50 dB | SE = 20.778 bit/s/Hz
[46733 ms] [UE 36997] UL: SNR = 63.50 dB | SE = 20.778 bit/s/Hz
[46733 ms] [UE 48787] UL: SNR = 63.50 dB | SE = 20.778 bit/s/Hz
[46733 ms] [UE 40252] UL: SNR = 56.00 dB | SE = 18.324 bit/s/Hz
[46733 ms] [UE 15599] UL: SNR = 52.50 dB | SE = 17.179 bit/s/Hz
[46786 ms] [UE 33952] UL: SNR = 6.50 dB | SE = 2.414 bit/s/Hz
[46786 ms] [UE 12169] UL: SNR = 63.50 dB | SE = 20.778 bit/s/Hz
[46786 ms] [UE 22873] UL: SNR = 56.00 dB | SE = 18.324 bit/s/Hz
[46786 ms] [UE 30556] UL: SNR = 63.50 dB | SE = 20.778 bit/s/Hz
[46786 ms] [UE 20945] UL: SNR = 52.50 dB | SE = 17.179 bit/s/Hz
[46834 ms] [UE 45898] UL: SNR = 63.50 dB | SE = 20.778 bit/s/Hz
[46834 ms] [UE 36997] UL: SNR = 63.50 dB | SE = 20.778 bit/s/Hz
[46834 ms] [UE 48787] UL: SNR = 63.50 dB | SE = 20.778 bit/s/Hz
[46834 ms] [UE 40252] UL: SNR = 56.00 dB | SE = 18.324 bit/s/Hz
[46834 ms] [UE 15599] UL: SNR = 52.50 dB | SE = 17.179 bit/s/Hz
[46887 ms] [UE 33952] UL: SNR = 6.50 dB | SE = 2.414 bit/s/Hz
[46887 ms] [UE 12169] UL: SNR = 63.50 dB | SE = 20.778 bit/s/Hz
[46887 ms] [UE 22873] UL: SNR = 56.00 dB | SE = 18.324 bit/s/Hz
[46887 ms] [UE 30556] UL: SNR = 63.50 dB | SE = 20.778 bit/s/Hz
[46887 ms] [UE 20945] UL: SNR = 52.50 dB | SE = 17.179 bit/s/Hz
[46943 ms] [UE 45898] UL: SNR = 63.50 dB | SE = 20.778 bit/s/Hz
[46943 ms] [UE 36997] UL: SNR = 63.50 dB | SE = 20.778 bit/s/Hz
[46943 ms] [UE 48787] UL: SNR = 63.50 dB | SE = 20.778 bit/s/Hz
[46943 ms] [UE 40252] UL: SNR = 56.00 dB | SE = 18.324 bit/s/Hz
[46943 ms] [UE 15599] UL: SNR = 52.50 dB | SE = 17.179 bit/s/Hz
[46996 ms] [UE 33952] UL: SNR = 6.50 dB | SE = 2.414 bit/s/Hz
[46996 ms] [UE 12169] UL: SNR = 63.50 dB | SE = 20.778 bit/s/Hz
[46996 ms] [UE 22873] UL: SNR = 56.00 dB | SE = 18.324 bit/s/Hz
[46996 ms] [UE 30556] UL: SNR = 63.50 dB | SE = 20.778 bit/s/Hz
[46996 ms] [UE 20945] UL: SNR = 52.50 dB | SE = 17.179 bit/s/Hz
[47043 ms] [UE 45898] UL: SNR = 63.50 dB | SE = 20.778 bit/s/Hz
[47043 ms] [UE 36997] UL: SNR = 63.50 dB | SE = 20.778 bit/s/Hz
[47043 ms] [UE 48787] UL: SNR = 63.50 dB | SE = 20.778 bit/s/Hz
[47043 ms] [UE 40252] UL: SNR = 56.00 dB | SE = 18.324 bit/s/Hz
[47043 ms] [UE 15599] UL: SNR = 52.50 dB | SE = 17.179 bit/s/Hz
[47098 ms] [UE 33952] UL: SNR = 6.50 dB | SE = 2.414 bit/s/Hz
[47098 ms] [UE 12169] UL: SNR = 63.50 dB | SE = 20.778 bit/s/Hz
[47098 ms] [UE 22873] UL: SNR = 56.00 dB | SE = 18.324 bit/s/Hz
[47098 ms] [UE 30556] UL: SNR = 63.50 dB | SE = 20.778 bit/s/Hz
[47098 ms] [UE 20945] UL: SNR = 52.50 dB | SE = 17.179 bit/s/Hz
[47153 ms] [UE 45898] UL: SNR = 63.50 dB | SE = 20.778 bit/s/Hz
[47153 ms] [UE 36997] UL: SNR = 63.50 dB | SE = 20.778 bit/s/Hz
[47153 ms] [UE 48787] UL: SNR = 63.50 dB | SE = 20.778 bit/s/Hz
[47153 ms] [UE 40252] UL: SNR = 56.00 dB | SE = 18.324 bit/s/Hz
[47153 ms] [UE 15599] UL: SNR = 52.50 dB | SE = 17.179 bit/s/Hz
[47206 ms] [UE 33952] UL: SNR = 6.50 dB | SE = 2.414 bit/s/Hz
[47206 ms] [UE 12169] UL: SNR = 63.50 dB | SE = 20.778 bit/s/Hz
[47206 ms] [UE 22873] UL: SNR = 56.00 dB | SE = 18.324 bit/s/Hz
[47206 ms] [UE 30556] UL: SNR = 63.50 dB | SE = 20.778 bit/s/Hz
[47206 ms] [UE 20945] UL: SNR = 52.50 dB | SE = 17.179 bit/s/Hz
[47253 ms] [UE 45898] UL: SNR = 63.50 dB | SE = 20.778 bit/s/Hz
[47253 ms] [UE 36997] UL: SNR = 63.50 dB | SE = 20.778 bit/s/Hz
[47253 ms] [UE 48787] UL: SNR = 63.50 dB | SE = 20.778 bit/s/Hz
[47253 ms] [UE 40252] UL: SNR = 56.00 dB | SE = 18.324 bit/s/Hz
[47253 ms] [UE 15599] UL: SNR = 52.50 dB | SE = 17.179 bit/s/Hz
[47316 ms] [UE 33952] UL: SNR = 6.50 dB | SE = 2.414 bit/s/Hz
[47316 ms] [UE 12169] UL: SNR = 63.50 dB | SE = 20.778 bit/s/Hz
[47316 ms] [UE 22873] UL: SNR = 56.00 dB | SE = 18.324 bit/s/Hz
[47316 ms] [UE 30556] UL: SNR = 63.50 dB | SE = 20.778 bit/s/Hz
[47316 ms] [UE 20945] UL: SNR = 52.50 dB | SE = 17.179 bit/s/Hz
[47354 ms] [UE 45898] UL: SNR = 63.50 dB | SE = 20.778 bit/s/Hz
[47354 ms] [UE 36997] UL: SNR = 63.50 dB | SE = 20.778 bit/s/Hz
[47354 ms] [UE 48787] UL: SNR = 63.50 dB | SE = 20.778 bit/s/Hz
[47354 ms] [UE 40252] UL: SNR = 56.00 dB | SE = 18.324 bit/s/Hz
[47354 ms] [UE 15599] UL: SNR = 52.50 dB | SE = 17.179 bit/s/Hz
[47416 ms] [UE 33952] UL: SNR = 6.50 dB | SE = 2.414 bit/s/Hz
[47416 ms] [UE 12169] UL: SNR = 63.50 dB | SE = 20.778 bit/s/Hz
[47416 ms] [UE 22873] UL: SNR = 56.00 dB | SE = 18.324 bit/s/Hz
[47416 ms] [UE 30556] UL: SNR = 63.50 dB | SE = 20.778 bit/s/Hz
[47416 ms] [UE 20945] UL: SNR = 52.50 dB | SE = 17.179 bit/s/Hz
[47463 ms] [UE 45898] UL: SNR = 63.50 dB | SE = 20.778 bit/s/Hz
[47463 ms] [UE 36997] UL: SNR = 63.50 dB | SE = 20.778 bit/s/Hz
[47463 ms] [UE 48787] UL: SNR = 63.50 dB | SE = 20.778 bit/s/Hz
[47463 ms] [UE 40252] UL: SNR = 56.00 dB | SE = 18.324 bit/s/Hz
[47463 ms] [UE 15599] UL: SNR = 52.50 dB | SE = 17.179 bit/s/Hz
[47526 ms] [UE 33952] UL: SNR = 6.50 dB | SE = 2.414 bit/s/Hz
[47526 ms] [UE 12169] UL: SNR = 63.50 dB | SE = 20.778 bit/s/Hz
[47526 ms] [UE 22873] UL: SNR = 56.00 dB | SE = 18.324 bit/s/Hz
[47526 ms] [UE 30556] UL: SNR = 63.50 dB | SE = 20.778 bit/s/Hz
[47526 ms] [UE 20945] UL: SNR = 52.50 dB | SE = 17.179 bit/s/Hz
[47563 ms] [UE 45898] UL: SNR = 63.50 dB | SE = 20.778 bit/s/Hz
[47563 ms] [UE 36997] UL: SNR = 63.50 dB | SE = 20.778 bit/s/Hz
[47563 ms] [UE 48787] UL: SNR = 63.50 dB | SE = 20.778 bit/s/Hz
[47563 ms] [UE 40252] UL: SNR = 56.00 dB | SE = 18.324 bit/s/Hz
[47563 ms] [UE 15599] UL: SNR = 52.50 dB | SE = 17.179 bit/s/Hz
[47626 ms] [UE 33952] UL: SNR = 6.50 dB | SE = 2.414 bit/s/Hz
[47626 ms] [UE 12169] UL: SNR = 63.50 dB | SE = 20.778 bit/s/Hz
[47626 ms] [UE 22873] UL: SNR = 56.00 dB | SE = 18.324 bit/s/Hz
[47626 ms] [UE 30556] UL: SNR = 63.50 dB | SE = 20.778 bit/s/Hz
[47626 ms] [UE 20945] UL: SNR = 52.50 dB | SE = 17.179 bit/s/Hz
[47663 ms] [UE 45898] UL: SNR = 63.50 dB | SE = 20.778 bit/s/Hz
[47663 ms] [UE 36997] UL: SNR = 63.50 dB | SE = 20.778 bit/s/Hz
[47663 ms] [UE 48787] UL: SNR = 63.50 dB | SE = 20.778 bit/s/Hz
[47663 ms] [UE 40252] UL: SNR = 56.00 dB | SE = 18.324 bit/s/Hz
[47663 ms] [UE 15599] UL: SNR = 52.50 dB | SE = 17.179 bit/s/Hz
[47736 ms] [UE 33952] UL: SNR = 6.50 dB | SE = 2.414 bit/s/Hz
[47736 ms] [UE 12169] UL: SNR = 63.50 dB | SE = 20.778 bit/s/Hz
[47736 ms] [UE 22873] UL: SNR = 56.00 dB | SE = 18.324 bit/s/Hz
[47736 ms] [UE 30556] UL: SNR = 63.50 dB | SE = 20.778 bit/s/Hz
[47736 ms] [UE 20945] UL: SNR = 52.50 dB | SE = 17.179 bit/s/Hz
[47773 ms] [UE 45898] UL: SNR = 63.50 dB | SE = 20.778 bit/s/Hz
[47773 ms] [UE 36997] UL: SNR = 63.50 dB | SE = 20.778 bit/s/Hz
[47773 ms] [UE 48787] UL: SNR = 63.50 dB | SE = 20.778 bit/s/Hz
[47773 ms] [UE 40252] UL: SNR = 56.00 dB | SE = 18.324 bit/s/Hz
[47773 ms] [UE 15599] UL: SNR = 52.50 dB | SE = 17.179 bit/s/Hz
[47836 ms] [UE 33952] UL: SNR = 6.50 dB | SE = 2.414 bit/s/Hz
[47836 ms] [UE 12169] UL: SNR = 63.50 dB | SE = 20.778 bit/s/Hz
[47836 ms] [UE 22873] UL: SNR = 56.00 dB | SE = 18.324 bit/s/Hz
[47836 ms] [UE 30556] UL: SNR = 63.50 dB | SE = 20.778 bit/s/Hz
[47836 ms] [UE 20945] UL: SNR = 52.50 dB | SE = 17.179 bit/s/Hz
[47873 ms] [UE 45898] UL: SNR = 63.50 dB | SE = 20.778 bit/s/Hz
[47873 ms] [UE 36997] UL: SNR = 63.50 dB | SE = 20.778 bit/s/Hz
[47873 ms] [UE 48787] UL: SNR = 63.50 dB | SE = 20.778 bit/s/Hz
[47873 ms] [UE 40252] UL: SNR = 56.00 dB | SE = 18.324 bit/s/Hz
[47873 ms] [UE 15599] UL: SNR = 52.50 dB | SE = 17.179 bit/s/Hz
[47946 ms] [UE 33952] UL: SNR = 6.50 dB | SE = 2.414 bit/s/Hz
[47946 ms] [UE 12169] UL: SNR = 63.50 dB | SE = 20.778 bit/s/Hz
[47946 ms] [UE 22873] UL: SNR = 56.00 dB | SE = 18.324 bit/s/Hz
[47946 ms] [UE 30556] UL: SNR = 63.50 dB | SE = 20.778 bit/s/Hz
[47946 ms] [UE 20945] UL: SNR = 52.50 dB | SE = 17.179 bit/s/Hz
[47973 ms] [UE 45898] UL: SNR = 63.50 dB | SE = 20.778 bit/s/Hz
[47973 ms] [UE 36997] UL: SNR = 63.50 dB | SE = 20.778 bit/s/Hz
[47973 ms] [UE 48787] UL: SNR = 63.50 dB | SE = 20.778 bit/s/Hz
[47973 ms] [UE 40252] UL: SNR = 56.00 dB | SE = 18.324 bit/s/Hz
[47973 ms] [UE 15599] UL: SNR = 52.50 dB | SE = 17.179 bit/s/Hz
[48056 ms] [UE 33952] UL: SNR = 6.50 dB | SE = 2.414 bit/s/Hz
[48056 ms] [UE 12169] UL: SNR = 63.50 dB | SE = 20.778 bit/s/Hz
[48056 ms] [UE 22873] UL: SNR = 56.00 dB | SE = 18.324 bit/s/Hz
[48056 ms] [UE 30556] UL: SNR = 63.50 dB | SE = 20.778 bit/s/Hz
[48056 ms] [UE 20945] UL: SNR = 52.50 dB | SE = 17.179 bit/s/Hz
[48084 ms] [UE 45898] UL: SNR = 63.50 dB | SE = 20.778 bit/s/Hz
[48084 ms] [UE 36997] UL: SNR = 63.50 dB | SE = 20.778 bit/s/Hz
[48084 ms] [UE 48787] UL: SNR = 63.50 dB | SE = 20.778 bit/s/Hz
[48084 ms] [UE 40252] UL: SNR = 56.00 dB | SE = 18.324 bit/s/Hz
[48084 ms] [UE 15599] UL: SNR = 52.50 dB | SE = 17.179 bit/s/Hz
[48166 ms] [UE 33952] UL: SNR = 6.50 dB | SE = 2.414 bit/s/Hz
[48166 ms] [UE 12169] UL: SNR = 63.50 dB | SE = 20.778 bit/s/Hz
[48166 ms] [UE 22873] UL: SNR = 56.00 dB | SE = 18.324 bit/s/Hz
[48166 ms] [UE 30556] UL: SNR = 63.50 dB | SE = 20.778 bit/s/Hz
[48166 ms] [UE 20945] UL: SNR = 52.50 dB | SE = 17.179 bit/s/Hz
[48193 ms] [UE 45898] UL: SNR = 63.50 dB | SE = 20.778 bit/s/Hz
[48193 ms] [UE 36997] UL: SNR = 63.50 dB | SE = 20.778 bit/s/Hz
[48193 ms] [UE 48787] UL: SNR = 63.50 dB | SE = 20.778 bit/s/Hz
[48193 ms] [UE 40252] UL: SNR = 56.00 dB | SE = 18.324 bit/s/Hz
[48193 ms] [UE 15599] UL: SNR = 52.50 dB | SE = 17.179 bit/s/Hz
[48277 ms] [UE 33952] UL: SNR = 6.50 dB | SE = 2.414 bit/s/Hz
[48277 ms] [UE 12169] UL: SNR = 63.50 dB | SE = 20.778 bit/s/Hz
[48277 ms] [UE 22873] UL: SNR = 56.00 dB | SE = 18.324 bit/s/Hz
[48277 ms] [UE 30556] UL: SNR = 63.50 dB | SE = 20.778 bit/s/Hz
[48277 ms] [UE 20945] UL: SNR = 52.50 dB | SE = 17.179 bit/s/Hz
[48294 ms] [UE 45898] UL: SNR = 63.50 dB | SE = 20.778 bit/s/Hz
[48294 ms] [UE 36997] UL: SNR = 63.50 dB | SE = 20.778 bit/s/Hz
[48294 ms] [UE 48787] UL: SNR = 63.50 dB | SE = 20.778 bit/s/Hz
[48294 ms] [UE 40252] UL: SNR = 56.00 dB | SE = 18.324 bit/s/Hz
[48294 ms] [UE 15599] UL: SNR = 52.50 dB | SE = 17.179 bit/s/Hz
[48386 ms] [UE 33952] UL: SNR = 6.50 dB | SE = 2.414 bit/s/Hz
[48386 ms] [UE 12169] UL: SNR = 63.50 dB | SE = 20.778 bit/s/Hz
[48386 ms] [UE 22873] UL: SNR = 56.00 dB | SE = 18.324 bit/s/Hz
[48386 ms] [UE 30556] UL: SNR = 63.50 dB | SE = 20.778 bit/s/Hz
[48386 ms] [UE 20945] UL: SNR = 52.50 dB | SE = 17.179 bit/s/Hz
[48403 ms] [UE 45898] UL: SNR = 63.50 dB | SE = 20.778 bit/s/Hz
[48403 ms] [UE 36997] UL: SNR = 63.50 dB | SE = 20.778 bit/s/Hz
[48403 ms] [UE 48787] UL: SNR = 63.50 dB | SE = 20.778 bit/s/Hz
[48403 ms] [UE 40252] UL: SNR = 56.00 dB | SE = 18.324 bit/s/Hz
[48403 ms] [UE 15599] UL: SNR = 52.50 dB | SE = 17.179 bit/s/Hz
[48496 ms] [UE 33952] UL: SNR = 6.50 dB | SE = 2.414 bit/s/Hz
[48496 ms] [UE 12169] UL: SNR = 63.50 dB | SE = 20.778 bit/s/Hz
[48496 ms] [UE 22873] UL: SNR = 56.00 dB | SE = 18.324 bit/s/Hz
[48496 ms] [UE 30556] UL: SNR = 63.50 dB | SE = 20.778 bit/s/Hz
[48496 ms] [UE 20945] UL: SNR = 52.50 dB | SE = 17.179 bit/s/Hz
[48504 ms] [UE 45898] UL: SNR = 63.50 dB | SE = 20.778 bit/s/Hz
[48504 ms] [UE 36997] UL: SNR = 63.50 dB | SE = 20.778 bit/s/Hz
[48504 ms] [UE 48787] UL: SNR = 63.50 dB | SE = 20.778 bit/s/Hz
[48504 ms] [UE 40252] UL: SNR = 56.00 dB | SE = 18.324 bit/s/Hz
[48504 ms] [UE 15599] UL: SNR = 52.50 dB | SE = 17.179 bit/s/Hz
[48596 ms] [UE 33952] UL: SNR = 6.50 dB | SE = 2.414 bit/s/Hz
[48596 ms] [UE 12169] UL: SNR = 63.50 dB | SE = 20.778 bit/s/Hz
[48596 ms] [UE 22873] UL: SNR = 56.00 dB | SE = 18.324 bit/s/Hz
[48596 ms] [UE 30556] UL: SNR = 63.50 dB | SE = 20.778 bit/s/Hz
[48596 ms] [UE 20945] UL: SNR = 52.50 dB | SE = 17.179 bit/s/Hz
[48614 ms] [UE 45898] UL: SNR = 63.50 dB | SE = 20.778 bit/s/Hz
[48614 ms] [UE 36997] UL: SNR = 63.50 dB | SE = 20.778 bit/s/Hz
[48614 ms] [UE 48787] UL: SNR = 63.50 dB | SE = 20.778 bit/s/Hz
[48614 ms] [UE 40252] UL: SNR = 56.00 dB | SE = 18.324 bit/s/Hz
[48614 ms] [UE 15599] UL: SNR = 52.50 dB | SE = 17.179 bit/s/Hz
[48706 ms] [UE 33952] UL: SNR = 6.50 dB | SE = 2.414 bit/s/Hz
[48706 ms] [UE 12169] UL: SNR = 63.50 dB | SE = 20.778 bit/s/Hz
[48706 ms] [UE 22873] UL: SNR = 56.00 dB | SE = 18.324 bit/s/Hz
[48706 ms] [UE 30556] UL: SNR = 63.50 dB | SE = 20.778 bit/s/Hz
[48706 ms] [UE 20945] UL: SNR = 52.50 dB | SE = 17.179 bit/s/Hz
[48723 ms] [UE 45898] UL: SNR = 63.50 dB | SE = 20.778 bit/s/Hz
[48723 ms] [UE 36997] UL: SNR = 63.50 dB | SE = 20.778 bit/s/Hz
[48723 ms] [UE 48787] UL: SNR = 63.50 dB | SE = 20.778 bit/s/Hz
[48723 ms] [UE 40252] UL: SNR = 56.00 dB | SE = 18.324 bit/s/Hz
[48723 ms] [UE 15599] UL: SNR = 52.50 dB | SE = 17.179 bit/s/Hz
[48806 ms] [UE 33952] UL: SNR = 6.50 dB | SE = 2.414 bit/s/Hz
[48806 ms] [UE 12169] UL: SNR = 63.50 dB | SE = 20.778 bit/s/Hz
[48806 ms] [UE 22873] UL: SNR = 56.00 dB | SE = 18.324 bit/s/Hz
[48806 ms] [UE 30556] UL: SNR = 63.50 dB | SE = 20.778 bit/s/Hz
[48806 ms] [UE 20945] UL: SNR = 52.50 dB | SE = 17.179 bit/s/Hz
[48823 ms] [UE 45898] UL: SNR = 63.50 dB | SE = 20.778 bit/s/Hz
[48823 ms] [UE 36997] UL: SNR = 63.50 dB | SE = 20.778 bit/s/Hz
[48823 ms] [UE 48787] UL: SNR = 63.50 dB | SE = 20.778 bit/s/Hz
[48823 ms] [UE 40252] UL: SNR = 56.00 dB | SE = 18.324 bit/s/Hz
[48823 ms] [UE 15599] UL: SNR = 52.50 dB | SE = 17.179 bit/s/Hz
[48908 ms] [UE 33952] UL: SNR = 6.50 dB | SE = 2.414 bit/s/Hz
[48908 ms] [UE 12169] UL: SNR = 63.50 dB | SE = 20.778 bit/s/Hz
[48908 ms] [UE 22873] UL: SNR = 56.00 dB | SE = 18.324 bit/s/Hz
[48908 ms] [UE 30556] UL: SNR = 63.50 dB | SE = 20.778 bit/s/Hz
[48908 ms] [UE 20945] UL: SNR = 52.50 dB | SE = 17.179 bit/s/Hz
[48933 ms] [UE 45898] UL: SNR = 63.50 dB | SE = 20.778 bit/s/Hz
[48933 ms] [UE 36997] UL: SNR = 63.50 dB | SE = 20.778 bit/s/Hz
[48933 ms] [UE 48787] UL: SNR = 63.50 dB | SE = 20.778 bit/s/Hz
[48933 ms] [UE 40252] UL: SNR = 56.00 dB | SE = 18.324 bit/s/Hz
[48933 ms] [UE 15599] UL: SNR = 52.50 dB | SE = 17.179 bit/s/Hz
[49016 ms] [UE 33952] UL: SNR = 6.50 dB | SE = 2.414 bit/s/Hz
[49016 ms] [UE 12169] UL: SNR = 63.50 dB | SE = 20.778 bit/s/Hz
[49016 ms] [UE 22873] UL: SNR = 56.00 dB | SE = 18.324 bit/s/Hz
[49016 ms] [UE 30556] UL: SNR = 63.50 dB | SE = 20.778 bit/s/Hz
[49016 ms] [UE 20945] UL: SNR = 52.50 dB | SE = 17.179 bit/s/Hz
[49043 ms] [UE 45898] UL: SNR = 63.50 dB | SE = 20.778 bit/s/Hz
[49043 ms] [UE 36997] UL: SNR = 63.50 dB | SE = 20.778 bit/s/Hz
[49043 ms] [UE 48787] UL: SNR = 63.50 dB | SE = 20.778 bit/s/Hz
[49043 ms] [UE 40252] UL: SNR = 56.00 dB | SE = 18.324 bit/s/Hz
[49043 ms] [UE 15599] UL: SNR = 52.50 dB | SE = 17.179 bit/s/Hz
[49116 ms] [UE 33952] UL: SNR = 6.50 dB | SE = 2.414 bit/s/Hz
[49116 ms] [UE 12169] UL: SNR = 63.50 dB | SE = 20.778 bit/s/Hz
[49116 ms] [UE 22873] UL: SNR = 56.00 dB | SE = 18.324 bit/s/Hz
[49116 ms] [UE 30556] UL: SNR = 63.50 dB | SE = 20.778 bit/s/Hz
[49116 ms] [UE 20945] UL: SNR = 52.50 dB | SE = 17.179 bit/s/Hz
[49144 ms] [UE 45898] UL: SNR = 63.50 dB | SE = 20.778 bit/s/Hz
[49144 ms] [UE 36997] UL: SNR = 63.50 dB | SE = 20.778 bit/s/Hz
[49144 ms] [UE 48787] UL: SNR = 63.50 dB | SE = 20.778 bit/s/Hz
[49144 ms] [UE 40252] UL: SNR = 56.00 dB | SE = 18.324 bit/s/Hz
[49144 ms] [UE 15599] UL: SNR = 52.50 dB | SE = 17.179 bit/s/Hz
[49227 ms] [UE 33952] UL: SNR = 6.50 dB | SE = 2.414 bit/s/Hz
[49227 ms] [UE 12169] UL: SNR = 63.50 dB | SE = 20.778 bit/s/Hz
[49227 ms] [UE 22873] UL: SNR = 56.00 dB | SE = 18.324 bit/s/Hz
[49227 ms] [UE 30556] UL: SNR = 63.50 dB | SE = 20.778 bit/s/Hz
[49227 ms] [UE 20945] UL: SNR = 52.50 dB | SE = 17.179 bit/s/Hz
[49244 ms] [UE 45898] UL: SNR = 63.50 dB | SE = 20.778 bit/s/Hz
[49244 ms] [UE 36997] UL: SNR = 63.50 dB | SE = 20.778 bit/s/Hz
[49244 ms] [UE 48787] UL: SNR = 63.50 dB | SE = 20.778 bit/s/Hz
[49244 ms] [UE 40252] UL: SNR = 56.00 dB | SE = 18.324 bit/s/Hz
[49244 ms] [UE 15599] UL: SNR = 52.50 dB | SE = 17.179 bit/s/Hz
[49336 ms] [UE 33952] UL: SNR = 6.50 dB | SE = 2.414 bit/s/Hz
[49336 ms] [UE 12169] UL: SNR = 63.50 dB | SE = 20.778 bit/s/Hz
[49336 ms] [UE 22873] UL: SNR = 56.00 dB | SE = 18.324 bit/s/Hz
[49336 ms] [UE 30556] UL: SNR = 63.50 dB | SE = 20.778 bit/s/Hz
[49336 ms] [UE 20945] UL: SNR = 52.50 dB | SE = 17.179 bit/s/Hz
[49353 ms] [UE 45898] UL: SNR = 63.50 dB | SE = 20.778 bit/s/Hz
[49353 ms] [UE 36997] UL: SNR = 63.50 dB | SE = 20.778 bit/s/Hz
[49353 ms] [UE 48787] UL: SNR = 63.50 dB | SE = 20.778 bit/s/Hz
[49353 ms] [UE 40252] UL: SNR = 56.00 dB | SE = 18.324 bit/s/Hz
[49353 ms] [UE 15599] UL: SNR = 52.50 dB | SE = 17.179 bit/s/Hz
[49447 ms] [UE 33952] UL: SNR = 6.50 dB | SE = 2.414 bit/s/Hz
[49447 ms] [UE 12169] UL: SNR = 63.50 dB | SE = 20.778 bit/s/Hz
[49447 ms] [UE 22873] UL: SNR = 56.00 dB | SE = 18.324 bit/s/Hz
[49447 ms] [UE 30556] UL: SNR = 53.50 dB | SE = 17.506 bit/s/Hz
[49447 ms] [UE 20945] UL: SNR = 52.00 dB | SE = 17.015 bit/s/Hz
[49464 ms] [UE 45898] UL: SNR = 63.50 dB | SE = 20.778 bit/s/Hz
[49464 ms] [UE 36997] UL: SNR = 63.50 dB | SE = 20.778 bit/s/Hz
[49464 ms] [UE 48787] UL: SNR = 63.50 dB | SE = 20.778 bit/s/Hz
[49464 ms] [UE 40252] UL: SNR = 56.00 dB | SE = 18.324 bit/s/Hz
[49464 ms] [UE 15599] UL: SNR = 52.50 dB | SE = 17.179 bit/s/Hz
[49556 ms] [UE 33952] UL: SNR = 6.50 dB | SE = 2.414 bit/s/Hz
[49556 ms] [UE 12169] UL: SNR = 63.50 dB | SE = 20.778 bit/s/Hz
[49556 ms] [UE 22873] UL: SNR = 56.00 dB | SE = 18.324 bit/s/Hz
[49556 ms] [UE 30556] UL: SNR = 53.50 dB | SE = 17.506 bit/s/Hz
[49556 ms] [UE 20945] UL: SNR = 52.00 dB | SE = 17.015 bit/s/Hz
[49573 ms] [UE 45898] UL: SNR = 63.50 dB | SE = 20.778 bit/s/Hz
[49573 ms] [UE 36997] UL: SNR = 63.50 dB | SE = 20.778 bit/s/Hz
[49573 ms] [UE 48787] UL: SNR = 63.50 dB | SE = 20.778 bit/s/Hz
[49573 ms] [UE 40252] UL: SNR = 56.00 dB | SE = 18.324 bit/s/Hz
[49573 ms] [UE 15599] UL: SNR = 52.50 dB | SE = 17.179 bit/s/Hz
[49657 ms] [UE 33952] UL: SNR = 6.50 dB | SE = 2.414 bit/s/Hz
[49657 ms] [UE 12169] UL: SNR = 63.50 dB | SE = 20.778 bit/s/Hz
[49657 ms] [UE 22873] UL: SNR = 56.00 dB | SE = 18.324 bit/s/Hz
[49657 ms] [UE 30556] UL: SNR = 53.50 dB | SE = 17.506 bit/s/Hz
[49657 ms] [UE 20945] UL: SNR = 52.00 dB | SE = 17.015 bit/s/Hz
[49674 ms] [UE 45898] UL: SNR = 63.50 dB | SE = 20.778 bit/s/Hz
[49674 ms] [UE 36997] UL: SNR = 63.50 dB | SE = 20.778 bit/s/Hz
[49674 ms] [UE 48787] UL: SNR = 63.50 dB | SE = 20.778 bit/s/Hz
[49674 ms] [UE 40252] UL: SNR = 56.00 dB | SE = 18.324 bit/s/Hz
[49674 ms] [UE 15599] UL: SNR = 52.50 dB | SE = 17.179 bit/s/Hz
[49766 ms] [UE 33952] UL: SNR = 6.50 dB | SE = 2.414 bit/s/Hz
[49766 ms] [UE 12169] UL: SNR = 63.50 dB | SE = 20.778 bit/s/Hz
[49766 ms] [UE 22873] UL: SNR = 56.00 dB | SE = 18.324 bit/s/Hz
[49766 ms] [UE 30556] UL: SNR = 53.50 dB | SE = 17.506 bit/s/Hz
[49766 ms] [UE 20945] UL: SNR = 63.50 dB | SE = 20.778 bit/s/Hz
[49783 ms] [UE 45898] UL: SNR = 63.50 dB | SE = 20.778 bit/s/Hz
[49783 ms] [UE 36997] UL: SNR = 63.50 dB | SE = 20.778 bit/s/Hz
[49783 ms] [UE 48787] UL: SNR = 63.50 dB | SE = 20.778 bit/s/Hz
[49783 ms] [UE 40252] UL: SNR = 56.00 dB | SE = 18.324 bit/s/Hz
[49783 ms] [UE 15599] UL: SNR = 52.50 dB | SE = 17.179 bit/s/Hz
[49866 ms] [UE 33952] UL: SNR = 6.50 dB | SE = 2.414 bit/s/Hz
[49866 ms] [UE 12169] UL: SNR = 63.50 dB | SE = 20.778 bit/s/Hz
[49866 ms] [UE 22873] UL: SNR = 56.00 dB | SE = 18.324 bit/s/Hz
[49866 ms] [UE 30556] UL: SNR = 53.50 dB | SE = 17.506 bit/s/Hz
[49866 ms] [UE 20945] UL: SNR = 63.50 dB | SE = 20.778 bit/s/Hz
[49884 ms] [UE 45898] UL: SNR = 63.50 dB | SE = 20.778 bit/s/Hz
[49884 ms] [UE 36997] UL: SNR = 63.50 dB | SE = 20.778 bit/s/Hz
[49884 ms] [UE 48787] UL: SNR = 63.50 dB | SE = 20.778 bit/s/Hz
[49884 ms] [UE 40252] UL: SNR = 56.00 dB | SE = 18.324 bit/s/Hz
[49884 ms] [UE 15599] UL: SNR = 52.50 dB | SE = 17.179 bit/s/Hz
[49978 ms] [UE 33952] UL: SNR = 6.50 dB | SE = 2.414 bit/s/Hz
[49978 ms] [UE 12169] UL: SNR = 63.50 dB | SE = 20.778 bit/s/Hz
[49978 ms] [UE 22873] UL: SNR = 63.50 dB | SE = 20.778 bit/s/Hz
[49978 ms] [UE 30556] UL: SNR = 53.50 dB | SE = 17.506 bit/s/Hz
[49978 ms] [UE 20945] UL: SNR = 63.50 dB | SE = 20.778 bit/s/Hz
[49993 ms] [UE 45898] UL: SNR = 63.50 dB | SE = 20.778 bit/s/Hz
[49993 ms] [UE 36997] UL: SNR = 63.50 dB | SE = 20.778 bit/s/Hz
[49993 ms] [UE 48787] UL: SNR = 63.50 dB | SE = 20.778 bit/s/Hz
[49993 ms] [UE 40252] UL: SNR = 56.00 dB | SE = 18.324 bit/s/Hz
[49993 ms] [UE 15599] UL: SNR = 52.50 dB | SE = 17.179 bit/s/Hz
[50087 ms] [UE 33952] UL: SNR = 6.50 dB | SE = 2.414 bit/s/Hz
[50087 ms] [UE 12169] UL: SNR = 63.50 dB | SE = 20.778 bit/s/Hz
[50087 ms] [UE 22873] UL: SNR = 63.50 dB | SE = 20.778 bit/s/Hz
[50087 ms] [UE 30556] UL: SNR = 53.50 dB | SE = 17.506 bit/s/Hz
[50087 ms] [UE 20945] UL: SNR = 63.50 dB | SE = 20.778 bit/s/Hz
[50094 ms] [UE 45898] UL: SNR = 63.50 dB | SE = 20.778 bit/s/Hz
[50094 ms] [UE 36997] UL: SNR = 63.50 dB | SE = 20.778 bit/s/Hz
[50094 ms] [UE 48787] UL: SNR = 63.50 dB | SE = 20.778 bit/s/Hz
[50094 ms] [UE 40252] UL: SNR = 56.00 dB | SE = 18.324 bit/s/Hz
[50094 ms] [UE 15599] UL: SNR = 52.50 dB | SE = 17.179 bit/s/Hz
[50196 ms] [UE 33952] UL: SNR = 6.50 dB | SE = 2.414 bit/s/Hz
[50196 ms] [UE 12169] UL: SNR = 63.50 dB | SE = 20.778 bit/s/Hz
[50196 ms] [UE 22873] UL: SNR = 63.50 dB | SE = 20.778 bit/s/Hz
[50196 ms] [UE 30556] UL: SNR = 63.50 dB | SE = 20.778 bit/s/Hz
[50196 ms] [UE 20945] UL: SNR = 63.50 dB | SE = 20.778 bit/s/Hz
[50203 ms] [UE 45898] UL: SNR = 63.50 dB | SE = 20.778 bit/s/Hz
[50203 ms] [UE 36997] UL: SNR = 63.50 dB | SE = 20.778 bit/s/Hz
[50203 ms] [UE 48787] UL: SNR = 63.50 dB | SE = 20.778 bit/s/Hz
[50203 ms] [UE 40252] UL: SNR = 56.00 dB | SE = 18.324 bit/s/Hz
[50203 ms] [UE 15599] UL: SNR = 52.50 dB | SE = 17.179 bit/s/Hz
[50297 ms] [UE 33952] UL: SNR = 6.50 dB | SE = 2.414 bit/s/Hz
[50297 ms] [UE 12169] UL: SNR = 63.50 dB | SE = 20.778 bit/s/Hz
[50297 ms] [UE 22873] UL: SNR = 63.50 dB | SE = 20.778 bit/s/Hz
[50297 ms] [UE 30556] UL: SNR = 63.50 dB | SE = 20.778 bit/s/Hz
[50297 ms] [UE 20945] UL: SNR = 63.50 dB | SE = 20.778 bit/s/Hz
[50304 ms] [UE 45898] UL: SNR = 63.50 dB | SE = 20.778 bit/s/Hz
[50304 ms] [UE 36997] UL: SNR = 63.50 dB | SE = 20.778 bit/s/Hz
[50304 ms] [UE 48787] UL: SNR = 63.50 dB | SE = 20.778 bit/s/Hz
[50304 ms] [UE 40252] UL: SNR = 56.00 dB | SE = 18.324 bit/s/Hz
[50304 ms] [UE 15599] UL: SNR = 52.50 dB | SE = 17.179 bit/s/Hz
[50406 ms] [UE 33952] UL: SNR = 6.50 dB | SE = 2.414 bit/s/Hz
[50406 ms] [UE 12169] UL: SNR = 63.50 dB | SE = 20.778 bit/s/Hz
[50406 ms] [UE 22873] UL: SNR = 63.50 dB | SE = 20.778 bit/s/Hz
[50406 ms] [UE 30556] UL: SNR = 63.50 dB | SE = 20.778 bit/s/Hz
[50406 ms] [UE 20945] UL: SNR = 63.50 dB | SE = 20.778 bit/s/Hz
[50413 ms] [UE 45898] UL: SNR = 63.50 dB | SE = 20.778 bit/s/Hz
[50413 ms] [UE 36997] UL: SNR = 63.50 dB | SE = 20.778 bit/s/Hz
[50413 ms] [UE 48787] UL: SNR = 63.50 dB | SE = 20.778 bit/s/Hz
[50413 ms] [UE 40252] UL: SNR = 56.00 dB | SE = 18.324 bit/s/Hz
[50413 ms] [UE 15599] UL: SNR = 52.50 dB | SE = 17.179 bit/s/Hz
[50514 ms] [UE 45898] UL: SNR = 63.50 dB | SE = 20.778 bit/s/Hz
[50514 ms] [UE 36997] UL: SNR = 63.50 dB | SE = 20.778 bit/s/Hz
[50514 ms] [UE 48787] UL: SNR = 63.50 dB | SE = 20.778 bit/s/Hz
[50514 ms] [UE 40252] UL: SNR = 56.00 dB | SE = 18.324 bit/s/Hz
[50514 ms] [UE 15599] UL: SNR = 52.50 dB | SE = 17.179 bit/s/Hz
[50516 ms] [UE 33952] UL: SNR = 6.50 dB | SE = 2.414 bit/s/Hz
[50516 ms] [UE 12169] UL: SNR = 63.50 dB | SE = 20.778 bit/s/Hz
[50516 ms] [UE 22873] UL: SNR = 63.50 dB | SE = 20.778 bit/s/Hz
[50516 ms] [UE 30556] UL: SNR = 63.50 dB | SE = 20.778 bit/s/Hz
[50516 ms] [UE 20945] UL: SNR = 63.50 dB | SE = 20.778 bit/s/Hz
[50623 ms] [UE 45898] UL: SNR = 63.50 dB | SE = 20.778 bit/s/Hz
[50623 ms] [UE 36997] UL: SNR = 63.50 dB | SE = 20.778 bit/s/Hz
[50623 ms] [UE 48787] UL: SNR = 63.50 dB | SE = 20.778 bit/s/Hz
[50623 ms] [UE 40252] UL: SNR = 56.00 dB | SE = 18.324 bit/s/Hz
[50623 ms] [UE 15599] UL: SNR = 52.50 dB | SE = 17.179 bit/s/Hz
[50627 ms] [UE 33952] UL: SNR = 6.50 dB | SE = 2.414 bit/s/Hz
[50627 ms] [UE 12169] UL: SNR = 63.50 dB | SE = 20.778 bit/s/Hz
[50627 ms] [UE 22873] UL: SNR = 63.50 dB | SE = 20.778 bit/s/Hz
[50627 ms] [UE 30556] UL: SNR = 63.50 dB | SE = 20.778 bit/s/Hz
[50627 ms] [UE 20945] UL: SNR = 63.50 dB | SE = 20.778 bit/s/Hz
[50723 ms] [UE 45898] UL: SNR = 63.50 dB | SE = 20.778 bit/s/Hz
[50723 ms] [UE 36997] UL: SNR = 63.50 dB | SE = 20.778 bit/s/Hz
[50723 ms] [UE 48787] UL: SNR = 63.50 dB | SE = 20.778 bit/s/Hz
[50723 ms] [UE 40252] UL: SNR = 56.00 dB | SE = 18.324 bit/s/Hz
[50723 ms] [UE 15599] UL: SNR = 52.50 dB | SE = 17.179 bit/s/Hz
[50738 ms] [UE 33952] UL: SNR = 6.50 dB | SE = 2.414 bit/s/Hz
[50738 ms] [UE 12169] UL: SNR = 63.50 dB | SE = 20.778 bit/s/Hz
[50738 ms] [UE 22873] UL: SNR = 63.50 dB | SE = 20.778 bit/s/Hz
[50738 ms] [UE 30556] UL: SNR = 63.50 dB | SE = 20.778 bit/s/Hz
[50738 ms] [UE 20945] UL: SNR = 63.50 dB | SE = 20.778 bit/s/Hz
[50833 ms] [UE 45898] UL: SNR = 63.50 dB | SE = 20.778 bit/s/Hz
[50833 ms] [UE 36997] UL: SNR = 63.50 dB | SE = 20.778 bit/s/Hz
[50833 ms] [UE 48787] UL: SNR = 63.50 dB | SE = 20.778 bit/s/Hz
[50833 ms] [UE 40252] UL: SNR = 56.00 dB | SE = 18.324 bit/s/Hz
[50833 ms] [UE 15599] UL: SNR = 52.50 dB | SE = 17.179 bit/s/Hz
[50846 ms] [UE 33952] UL: SNR = 6.50 dB | SE = 2.414 bit/s/Hz
[50846 ms] [UE 12169] UL: SNR = 63.50 dB | SE = 20.778 bit/s/Hz
[50846 ms] [UE 22873] UL: SNR = 63.50 dB | SE = 20.778 bit/s/Hz
[50846 ms] [UE 30556] UL: SNR = 63.50 dB | SE = 20.778 bit/s/Hz
[50846 ms] [UE 20945] UL: SNR = 63.50 dB | SE = 20.778 bit/s/Hz
[50933 ms] [UE 45898] UL: SNR = 63.50 dB | SE = 20.778 bit/s/Hz
[50933 ms] [UE 36997] UL: SNR = 63.50 dB | SE = 20.778 bit/s/Hz
[50933 ms] [UE 48787] UL: SNR = 63.50 dB | SE = 20.778 bit/s/Hz
[50933 ms] [UE 40252] UL: SNR = 56.00 dB | SE = 18.324 bit/s/Hz
[50933 ms] [UE 15599] UL: SNR = 52.50 dB | SE = 17.179 bit/s/Hz
[50946 ms] [UE 33952] UL: SNR = 6.50 dB | SE = 2.414 bit/s/Hz
[50946 ms] [UE 12169] UL: SNR = 63.50 dB | SE = 20.778 bit/s/Hz
[50946 ms] [UE 22873] UL: SNR = 63.50 dB | SE = 20.778 bit/s/Hz
[50946 ms] [UE 30556] UL: SNR = 63.50 dB | SE = 20.778 bit/s/Hz
[50946 ms] [UE 20945] UL: SNR = 63.50 dB | SE = 20.778 bit/s/Hz
[51043 ms] [UE 45898] UL: SNR = 63.50 dB | SE = 20.778 bit/s/Hz
[51043 ms] [UE 36997] UL: SNR = 63.50 dB | SE = 20.778 bit/s/Hz
[51043 ms] [UE 48787] UL: SNR = 63.50 dB | SE = 20.778 bit/s/Hz
[51043 ms] [UE 40252] UL: SNR = 56.00 dB | SE = 18.324 bit/s/Hz
[51043 ms] [UE 15599] UL: SNR = 52.50 dB | SE = 17.179 bit/s/Hz
[51046 ms] [UE 33952] UL: SNR = 6.50 dB | SE = 2.414 bit/s/Hz
[51046 ms] [UE 12169] UL: SNR = 63.50 dB | SE = 20.778 bit/s/Hz
[51046 ms] [UE 22873] UL: SNR = 63.50 dB | SE = 20.778 bit/s/Hz
[51046 ms] [UE 30556] UL: SNR = 63.50 dB | SE = 20.778 bit/s/Hz
[51046 ms] [UE 20945] UL: SNR = 63.50 dB | SE = 20.778 bit/s/Hz
[51143 ms] [UE 45898] UL: SNR = 63.50 dB | SE = 20.778 bit/s/Hz
[51143 ms] [UE 36997] UL: SNR = 63.50 dB | SE = 20.778 bit/s/Hz
[51143 ms] [UE 48787] UL: SNR = 63.50 dB | SE = 20.778 bit/s/Hz
[51143 ms] [UE 40252] UL: SNR = 56.00 dB | SE = 18.324 bit/s/Hz
[51143 ms] [UE 15599] UL: SNR = 52.50 dB | SE = 17.179 bit/s/Hz
[51146 ms] [UE 33952] UL: SNR = 6.50 dB | SE = 2.414 bit/s/Hz
[51146 ms] [UE 12169] UL: SNR = 63.50 dB | SE = 20.778 bit/s/Hz
[51146 ms] [UE 22873] UL: SNR = 63.50 dB | SE = 20.778 bit/s/Hz
[51146 ms] [UE 30556] UL: SNR = 63.50 dB | SE = 20.778 bit/s/Hz
[51146 ms] [UE 20945] UL: SNR = 63.50 dB | SE = 20.778 bit/s/Hz
[51246 ms] [UE 33952] UL: SNR = 6.50 dB | SE = 2.414 bit/s/Hz
[51246 ms] [UE 12169] UL: SNR = 63.50 dB | SE = 20.778 bit/s/Hz
[51246 ms] [UE 22873] UL: SNR = 63.50 dB | SE = 20.778 bit/s/Hz
[51246 ms] [UE 30556] UL: SNR = 63.50 dB | SE = 20.778 bit/s/Hz
[51246 ms] [UE 20945] UL: SNR = 63.50 dB | SE = 20.778 bit/s/Hz
[51254 ms] [UE 45898] UL: SNR = 63.50 dB | SE = 20.778 bit/s/Hz
[51254 ms] [UE 36997] UL: SNR = 63.50 dB | SE = 20.778 bit/s/Hz
[51254 ms] [UE 48787] UL: SNR = 63.50 dB | SE = 20.778 bit/s/Hz
[51254 ms] [UE 40252] UL: SNR = 56.00 dB | SE = 18.324 bit/s/Hz
[51254 ms] [UE 15599] UL: SNR = 52.50 dB | SE = 17.179 bit/s/Hz
[51356 ms] [UE 33952] UL: SNR = 6.50 dB | SE = 2.414 bit/s/Hz
[51356 ms] [UE 12169] UL: SNR = 63.50 dB | SE = 20.778 bit/s/Hz
[51356 ms] [UE 22873] UL: SNR = 63.50 dB | SE = 20.778 bit/s/Hz
[51356 ms] [UE 30556] UL: SNR = 63.50 dB | SE = 20.778 bit/s/Hz
[51356 ms] [UE 20945] UL: SNR = 63.50 dB | SE = 20.778 bit/s/Hz
[51363 ms] [UE 45898] UL: SNR = 63.50 dB | SE = 20.778 bit/s/Hz
[51363 ms] [UE 36997] UL: SNR = 63.50 dB | SE = 20.778 bit/s/Hz
[51363 ms] [UE 48787] UL: SNR = 63.50 dB | SE = 20.778 bit/s/Hz
[51363 ms] [UE 40252] UL: SNR = 56.00 dB | SE = 18.324 bit/s/Hz
[51363 ms] [UE 15599] UL: SNR = 52.50 dB | SE = 17.179 bit/s/Hz
[51463 ms] [UE 45898] UL: SNR = 63.50 dB | SE = 20.778 bit/s/Hz
[51463 ms] [UE 36997] UL: SNR = 63.50 dB | SE = 20.778 bit/s/Hz
[51463 ms] [UE 48787] UL: SNR = 63.50 dB | SE = 20.778 bit/s/Hz
[51463 ms] [UE 40252] UL: SNR = 56.00 dB | SE = 18.324 bit/s/Hz
[51463 ms] [UE 15599] UL: SNR = 52.50 dB | SE = 17.179 bit/s/Hz
[51466 ms] [UE 33952] UL: SNR = 6.50 dB | SE = 2.414 bit/s/Hz
[51466 ms] [UE 12169] UL: SNR = 63.50 dB | SE = 20.778 bit/s/Hz
[51466 ms] [UE 22873] UL: SNR = 63.50 dB | SE = 20.778 bit/s/Hz
[51466 ms] [UE 30556] UL: SNR = 63.50 dB | SE = 20.778 bit/s/Hz
[51466 ms] [UE 20945] UL: SNR = 63.50 dB | SE = 20.778 bit/s/Hz
[51564 ms] [UE 45898] UL: SNR = 63.50 dB | SE = 20.778 bit/s/Hz
[51564 ms] [UE 36997] UL: SNR = 63.50 dB | SE = 20.778 bit/s/Hz
[51564 ms] [UE 48787] UL: SNR = 63.50 dB | SE = 20.778 bit/s/Hz
[51564 ms] [UE 40252] UL: SNR = 56.00 dB | SE = 18.324 bit/s/Hz
[51564 ms] [UE 15599] UL: SNR = 52.50 dB | SE = 17.179 bit/s/Hz
[51576 ms] [UE 33952] UL: SNR = 6.50 dB | SE = 2.414 bit/s/Hz
[51576 ms] [UE 12169] UL: SNR = 63.50 dB | SE = 20.778 bit/s/Hz
[51576 ms] [UE 22873] UL: SNR = 63.50 dB | SE = 20.778 bit/s/Hz
[51576 ms] [UE 30556] UL: SNR = 63.50 dB | SE = 20.778 bit/s/Hz
[51576 ms] [UE 20945] UL: SNR = 63.50 dB | SE = 20.778 bit/s/Hz
[51673 ms] [UE 45898] UL: SNR = 63.50 dB | SE = 20.778 bit/s/Hz
[51673 ms] [UE 36997] UL: SNR = 63.50 dB | SE = 20.778 bit/s/Hz
[51673 ms] [UE 48787] UL: SNR = 63.50 dB | SE = 20.778 bit/s/Hz
[51673 ms] [UE 40252] UL: SNR = 56.00 dB | SE = 18.324 bit/s/Hz
[51673 ms] [UE 15599] UL: SNR = 52.50 dB | SE = 17.179 bit/s/Hz
[51677 ms] [UE 33952] UL: SNR = 6.50 dB | SE = 2.414 bit/s/Hz
[51677 ms] [UE 12169] UL: SNR = 63.50 dB | SE = 20.778 bit/s/Hz
[51677 ms] [UE 22873] UL: SNR = 63.50 dB | SE = 20.778 bit/s/Hz
[51677 ms] [UE 30556] UL: SNR = 63.50 dB | SE = 20.778 bit/s/Hz
[51677 ms] [UE 20945] UL: SNR = 63.50 dB | SE = 20.778 bit/s/Hz
[51783 ms] [UE 45898] UL: SNR = 63.50 dB | SE = 20.778 bit/s/Hz
[51783 ms] [UE 36997] UL: SNR = 63.50 dB | SE = 20.778 bit/s/Hz
[51783 ms] [UE 48787] UL: SNR = 63.50 dB | SE = 20.778 bit/s/Hz
[51783 ms] [UE 40252] UL: SNR = 56.00 dB | SE = 18.324 bit/s/Hz
[51783 ms] [UE 15599] UL: SNR = 52.50 dB | SE = 17.179 bit/s/Hz
[51786 ms] [UE 33952] UL: SNR = 6.50 dB | SE = 2.414 bit/s/Hz
[51786 ms] [UE 12169] UL: SNR = 63.50 dB | SE = 20.778 bit/s/Hz
[51786 ms] [UE 22873] UL: SNR = 63.50 dB | SE = 20.778 bit/s/Hz
[51786 ms] [UE 30556] UL: SNR = 63.50 dB | SE = 20.778 bit/s/Hz
[51786 ms] [UE 20945] UL: SNR = 63.50 dB | SE = 20.778 bit/s/Hz
[51886 ms] [UE 33952] UL: SNR = 6.50 dB | SE = 2.414 bit/s/Hz
[51886 ms] [UE 12169] UL: SNR = 63.50 dB | SE = 20.778 bit/s/Hz
[51886 ms] [UE 22873] UL: SNR = 63.50 dB | SE = 20.778 bit/s/Hz
[51886 ms] [UE 30556] UL: SNR = 63.50 dB | SE = 20.778 bit/s/Hz
[51886 ms] [UE 20945] UL: SNR = 63.50 dB | SE = 20.778 bit/s/Hz
[51893 ms] [UE 45898] UL: SNR = 63.50 dB | SE = 20.778 bit/s/Hz
[51893 ms] [UE 36997] UL: SNR = 63.50 dB | SE = 20.778 bit/s/Hz
[51893 ms] [UE 48787] UL: SNR = 63.50 dB | SE = 20.778 bit/s/Hz
[51893 ms] [UE 40252] UL: SNR = 56.00 dB | SE = 18.324 bit/s/Hz
[51893 ms] [UE 15599] UL: SNR = 52.50 dB | SE = 17.179 bit/s/Hz
[51989 ms] [UE 33952] UL: SNR = 6.50 dB | SE = 2.414 bit/s/Hz
[51989 ms] [UE 12169] UL: SNR = 63.50 dB | SE = 20.778 bit/s/Hz
[51989 ms] [UE 22873] UL: SNR = 63.50 dB | SE = 20.778 bit/s/Hz
[51989 ms] [UE 30556] UL: SNR = 63.50 dB | SE = 20.778 bit/s/Hz
[51989 ms] [UE 20945] UL: SNR = 63.50 dB | SE = 20.778 bit/s/Hz
[51993 ms] [UE 45898] UL: SNR = 63.50 dB | SE = 20.778 bit/s/Hz
[51993 ms] [UE 36997] UL: SNR = 63.50 dB | SE = 20.778 bit/s/Hz
[51993 ms] [UE 48787] UL: SNR = 63.50 dB | SE = 20.778 bit/s/Hz
[51993 ms] [UE 40252] UL: SNR = 56.00 dB | SE = 18.324 bit/s/Hz
[51993 ms] [UE 15599] UL: SNR = 52.50 dB | SE = 17.179 bit/s/Hz
[52096 ms] [UE 33952] UL: SNR = 6.50 dB | SE = 2.414 bit/s/Hz
[52096 ms] [UE 12169] UL: SNR = 63.50 dB | SE = 20.778 bit/s/Hz
[52096 ms] [UE 22873] UL: SNR = 63.50 dB | SE = 20.778 bit/s/Hz
[52096 ms] [UE 30556] UL: SNR = 63.50 dB | SE = 20.778 bit/s/Hz
[52096 ms] [UE 20945] UL: SNR = 63.50 dB | SE = 20.778 bit/s/Hz
[52103 ms] [UE 45898] UL: SNR = 63.50 dB | SE = 20.778 bit/s/Hz
[52103 ms] [UE 36997] UL: SNR = 63.50 dB | SE = 20.778 bit/s/Hz
[52103 ms] [UE 48787] UL: SNR = 63.50 dB | SE = 20.778 bit/s/Hz
[52103 ms] [UE 40252] UL: SNR = 56.00 dB | SE = 18.324 bit/s/Hz
[52103 ms] [UE 15599] UL: SNR = 52.50 dB | SE = 17.179 bit/s/Hz
[52203 ms] [UE 45898] UL: SNR = 63.50 dB | SE = 20.778 bit/s/Hz
[52203 ms] [UE 36997] UL: SNR = 63.50 dB | SE = 20.778 bit/s/Hz
[52203 ms] [UE 48787] UL: SNR = 63.50 dB | SE = 20.778 bit/s/Hz
[52203 ms] [UE 40252] UL: SNR = 56.00 dB | SE = 18.324 bit/s/Hz
[52203 ms] [UE 15599] UL: SNR = 52.50 dB | SE = 17.179 bit/s/Hz
[52206 ms] [UE 33952] UL: SNR = 6.50 dB | SE = 2.414 bit/s/Hz
[52206 ms] [UE 12169] UL: SNR = 63.50 dB | SE = 20.778 bit/s/Hz
[52206 ms] [UE 22873] UL: SNR = 63.50 dB | SE = 20.778 bit/s/Hz
[52206 ms] [UE 30556] UL: SNR = 63.50 dB | SE = 20.778 bit/s/Hz
[52206 ms] [UE 20945] UL: SNR = 63.50 dB | SE = 20.778 bit/s/Hz
[52303 ms] [UE 45898] UL: SNR = 63.50 dB | SE = 20.778 bit/s/Hz
[52303 ms] [UE 36997] UL: SNR = 63.50 dB | SE = 20.778 bit/s/Hz
[52303 ms] [UE 48787] UL: SNR = 63.50 dB | SE = 20.778 bit/s/Hz
[52303 ms] [UE 40252] UL: SNR = 56.00 dB | SE = 18.324 bit/s/Hz
[52303 ms] [UE 15599] UL: SNR = 52.50 dB | SE = 17.179 bit/s/Hz
[52306 ms] [UE 33952] UL: SNR = 6.50 dB | SE = 2.414 bit/s/Hz
[52306 ms] [UE 12169] UL: SNR = 63.50 dB | SE = 20.778 bit/s/Hz
[52306 ms] [UE 22873] UL: SNR = 63.50 dB | SE = 20.778 bit/s/Hz
[52306 ms] [UE 30556] UL: SNR = 63.50 dB | SE = 20.778 bit/s/Hz
[52306 ms] [UE 20945] UL: SNR = 63.50 dB | SE = 20.778 bit/s/Hz
[52403 ms] [UE 45898] UL: SNR = 63.50 dB | SE = 20.778 bit/s/Hz
[52403 ms] [UE 36997] UL: SNR = 63.50 dB | SE = 20.778 bit/s/Hz
[52403 ms] [UE 48787] UL: SNR = 63.50 dB | SE = 20.778 bit/s/Hz
[52403 ms] [UE 40252] UL: SNR = 56.00 dB | SE = 18.324 bit/s/Hz
[52403 ms] [UE 15599] UL: SNR = 52.50 dB | SE = 17.179 bit/s/Hz
[52416 ms] [UE 33952] UL: SNR = 6.50 dB | SE = 2.414 bit/s/Hz
[52416 ms] [UE 12169] UL: SNR = 63.50 dB | SE = 20.778 bit/s/Hz
[52416 ms] [UE 22873] UL: SNR = 63.50 dB | SE = 20.778 bit/s/Hz
[52416 ms] [UE 30556] UL: SNR = 63.50 dB | SE = 20.778 bit/s/Hz
[52416 ms] [UE 20945] UL: SNR = 63.50 dB | SE = 20.778 bit/s/Hz
[52513 ms] [UE 45898] UL: SNR = 63.50 dB | SE = 20.778 bit/s/Hz
[52513 ms] [UE 36997] UL: SNR = 63.50 dB | SE = 20.778 bit/s/Hz
[52513 ms] [UE 48787] UL: SNR = 63.50 dB | SE = 20.778 bit/s/Hz
[52513 ms] [UE 40252] UL: SNR = 56.00 dB | SE = 18.324 bit/s/Hz
[52513 ms] [UE 15599] UL: SNR = 52.50 dB | SE = 17.179 bit/s/Hz
[52517 ms] [UE 33952] UL: SNR = 6.50 dB | SE = 2.414 bit/s/Hz
[52517 ms] [UE 12169] UL: SNR = 63.50 dB | SE = 20.778 bit/s/Hz
[52517 ms] [UE 22873] UL: SNR = 63.50 dB | SE = 20.778 bit/s/Hz
[52517 ms] [UE 30556] UL: SNR = 63.50 dB | SE = 20.778 bit/s/Hz
[52517 ms] [UE 20945] UL: SNR = 63.50 dB | SE = 20.778 bit/s/Hz
[52613 ms] [UE 45898] UL: SNR = 63.50 dB | SE = 20.778 bit/s/Hz
[52613 ms] [UE 36997] UL: SNR = 63.50 dB | SE = 20.778 bit/s/Hz
[52613 ms] [UE 48787] UL: SNR = 63.50 dB | SE = 20.778 bit/s/Hz
[52613 ms] [UE 40252] UL: SNR = 56.00 dB | SE = 18.324 bit/s/Hz
[52613 ms] [UE 15599] UL: SNR = 52.50 dB | SE = 17.179 bit/s/Hz
[52626 ms] [UE 33952] UL: SNR = 6.50 dB | SE = 2.414 bit/s/Hz
[52626 ms] [UE 12169] UL: SNR = 63.50 dB | SE = 20.778 bit/s/Hz
[52626 ms] [UE 22873] UL: SNR = 63.50 dB | SE = 20.778 bit/s/Hz
[52626 ms] [UE 30556] UL: SNR = 63.50 dB | SE = 20.778 bit/s/Hz
[52626 ms] [UE 20945] UL: SNR = 63.50 dB | SE = 20.778 bit/s/Hz
[52723 ms] [UE 45898] UL: SNR = 63.50 dB | SE = 20.778 bit/s/Hz
[52723 ms] [UE 36997] UL: SNR = 63.50 dB | SE = 20.778 bit/s/Hz
[52723 ms] [UE 48787] UL: SNR = 63.50 dB | SE = 20.778 bit/s/Hz
[52723 ms] [UE 40252] UL: SNR = 56.00 dB | SE = 18.324 bit/s/Hz
[52723 ms] [UE 15599] UL: SNR = 52.50 dB | SE = 17.179 bit/s/Hz
[52726 ms] [UE 33952] UL: SNR = 6.50 dB | SE = 2.414 bit/s/Hz
[52726 ms] [UE 12169] UL: SNR = 63.50 dB | SE = 20.778 bit/s/Hz
[52726 ms] [UE 22873] UL: SNR = 63.50 dB | SE = 20.778 bit/s/Hz
[52726 ms] [UE 30556] UL: SNR = 63.50 dB | SE = 20.778 bit/s/Hz
[52726 ms] [UE 20945] UL: SNR = 63.50 dB | SE = 20.778 bit/s/Hz
[52824 ms] [UE 45898] UL: SNR = 63.50 dB | SE = 20.778 bit/s/Hz
[52824 ms] [UE 36997] UL: SNR = 63.50 dB | SE = 20.778 bit/s/Hz
[52824 ms] [UE 48787] UL: SNR = 63.50 dB | SE = 20.778 bit/s/Hz
[52824 ms] [UE 40252] UL: SNR = 56.00 dB | SE = 18.324 bit/s/Hz
[52824 ms] [UE 15599] UL: SNR = 52.50 dB | SE = 17.179 bit/s/Hz
[52836 ms] [UE 33952] UL: SNR = 6.50 dB | SE = 2.414 bit/s/Hz
[52836 ms] [UE 12169] UL: SNR = 63.50 dB | SE = 20.778 bit/s/Hz
[52836 ms] [UE 22873] UL: SNR = 63.50 dB | SE = 20.778 bit/s/Hz
[52836 ms] [UE 30556] UL: SNR = 63.50 dB | SE = 20.778 bit/s/Hz
[52836 ms] [UE 20945] UL: SNR = 63.50 dB | SE = 20.778 bit/s/Hz
[52933 ms] [UE 45898] UL: SNR = 63.50 dB | SE = 20.778 bit/s/Hz
[52933 ms] [UE 36997] UL: SNR = 63.50 dB | SE = 20.778 bit/s/Hz
[52933 ms] [UE 48787] UL: SNR = 63.50 dB | SE = 20.778 bit/s/Hz
[52933 ms] [UE 40252] UL: SNR = 56.00 dB | SE = 18.324 bit/s/Hz
[52933 ms] [UE 15599] UL: SNR = 52.50 dB | SE = 17.179 bit/s/Hz
[52936 ms] [UE 33952] UL: SNR = 6.50 dB | SE = 2.414 bit/s/Hz
[52936 ms] [UE 12169] UL: SNR = 63.50 dB | SE = 20.778 bit/s/Hz
[52936 ms] [UE 22873] UL: SNR = 63.50 dB | SE = 20.778 bit/s/Hz
[52936 ms] [UE 30556] UL: SNR = 63.50 dB | SE = 20.778 bit/s/Hz
[52936 ms] [UE 20945] UL: SNR = 63.50 dB | SE = 20.778 bit/s/Hz
[53034 ms] [UE 45898] UL: SNR = 63.50 dB | SE = 20.778 bit/s/Hz
[53034 ms] [UE 36997] UL: SNR = 63.50 dB | SE = 20.778 bit/s/Hz
[53034 ms] [UE 48787] UL: SNR = 63.50 dB | SE = 20.778 bit/s/Hz
[53034 ms] [UE 40252] UL: SNR = 56.00 dB | SE = 18.324 bit/s/Hz
[53034 ms] [UE 15599] UL: SNR = 52.50 dB | SE = 17.179 bit/s/Hz
[53046 ms] [UE 33952] UL: SNR = 6.50 dB | SE = 2.414 bit/s/Hz
[53046 ms] [UE 12169] UL: SNR = 63.50 dB | SE = 20.778 bit/s/Hz
[53046 ms] [UE 22873] UL: SNR = 63.50 dB | SE = 20.778 bit/s/Hz
[53046 ms] [UE 30556] UL: SNR = 63.50 dB | SE = 20.778 bit/s/Hz
[53046 ms] [UE 20945] UL: SNR = 63.50 dB | SE = 20.778 bit/s/Hz
[53143 ms] [UE 45898] UL: SNR = 63.50 dB | SE = 20.778 bit/s/Hz
[53143 ms] [UE 36997] UL: SNR = 63.50 dB | SE = 20.778 bit/s/Hz
[53143 ms] [UE 48787] UL: SNR = 63.50 dB | SE = 20.778 bit/s/Hz
[53143 ms] [UE 40252] UL: SNR = 56.00 dB | SE = 18.324 bit/s/Hz
[53143 ms] [UE 15599] UL: SNR = 52.50 dB | SE = 17.179 bit/s/Hz
[53147 ms] [UE 33952] UL: SNR = 6.50 dB | SE = 2.414 bit/s/Hz
[53147 ms] [UE 12169] UL: SNR = 63.50 dB | SE = 20.778 bit/s/Hz
[53147 ms] [UE 22873] UL: SNR = 63.50 dB | SE = 20.778 bit/s/Hz
[53147 ms] [UE 30556] UL: SNR = 63.50 dB | SE = 20.778 bit/s/Hz
[53147 ms] [UE 20945] UL: SNR = 63.50 dB | SE = 20.778 bit/s/Hz
[53244 ms] [UE 45898] UL: SNR = 63.50 dB | SE = 20.778 bit/s/Hz
[53244 ms] [UE 36997] UL: SNR = 63.50 dB | SE = 20.778 bit/s/Hz
[53244 ms] [UE 48787] UL: SNR = 63.50 dB | SE = 20.778 bit/s/Hz
[53244 ms] [UE 40252] UL: SNR = 56.00 dB | SE = 18.324 bit/s/Hz
[53244 ms] [UE 15599] UL: SNR = 52.50 dB | SE = 17.179 bit/s/Hz
[53256 ms] [UE 33952] UL: SNR = 6.50 dB | SE = 2.414 bit/s/Hz
[53256 ms] [UE 12169] UL: SNR = 63.50 dB | SE = 20.778 bit/s/Hz
[53256 ms] [UE 22873] UL: SNR = 63.50 dB | SE = 20.778 bit/s/Hz
[53256 ms] [UE 30556] UL: SNR = 63.50 dB | SE = 20.778 bit/s/Hz
[53256 ms] [UE 20945] UL: SNR = 63.50 dB | SE = 20.778 bit/s/Hz
[53353 ms] [UE 45898] UL: SNR = 63.50 dB | SE = 20.778 bit/s/Hz
[53353 ms] [UE 36997] UL: SNR = 63.50 dB | SE = 20.778 bit/s/Hz
[53353 ms] [UE 48787] UL: SNR = 63.50 dB | SE = 20.778 bit/s/Hz
[53353 ms] [UE 40252] UL: SNR = 56.00 dB | SE = 18.324 bit/s/Hz
[53353 ms] [UE 15599] UL: SNR = 52.50 dB | SE = 17.179 bit/s/Hz
[53366 ms] [UE 33952] UL: SNR = 6.50 dB | SE = 2.414 bit/s/Hz
[53366 ms] [UE 12169] UL: SNR = 63.50 dB | SE = 20.778 bit/s/Hz
[53366 ms] [UE 22873] UL: SNR = 63.50 dB | SE = 20.778 bit/s/Hz
[53366 ms] [UE 30556] UL: SNR = 63.50 dB | SE = 20.778 bit/s/Hz
[53366 ms] [UE 20945] UL: SNR = 63.50 dB | SE = 20.778 bit/s/Hz
[53463 ms] [UE 45898] UL: SNR = 63.50 dB | SE = 20.778 bit/s/Hz
[53463 ms] [UE 36997] UL: SNR = 63.50 dB | SE = 20.778 bit/s/Hz
[53463 ms] [UE 48787] UL: SNR = 63.50 dB | SE = 20.778 bit/s/Hz
[53463 ms] [UE 40252] UL: SNR = 56.00 dB | SE = 18.324 bit/s/Hz
[53463 ms] [UE 15599] UL: SNR = 52.50 dB | SE = 17.179 bit/s/Hz
[53466 ms] [UE 33952] UL: SNR = 6.50 dB | SE = 2.414 bit/s/Hz
[53466 ms] [UE 12169] UL: SNR = 63.50 dB | SE = 20.778 bit/s/Hz
[53466 ms] [UE 22873] UL: SNR = 63.50 dB | SE = 20.778 bit/s/Hz
[53466 ms] [UE 30556] UL: SNR = 63.50 dB | SE = 20.778 bit/s/Hz
[53466 ms] [UE 20945] UL: SNR = 63.50 dB | SE = 20.778 bit/s/Hz
[53567 ms] [UE 33952] UL: SNR = 6.50 dB | SE = 2.414 bit/s/Hz
[53567 ms] [UE 12169] UL: SNR = 55.50 dB | SE = 18.160 bit/s/Hz
[53567 ms] [UE 22873] UL: SNR = 59.50 dB | SE = 19.469 bit/s/Hz
[53567 ms] [UE 30556] UL: SNR = 56.00 dB | SE = 18.324 bit/s/Hz
[53567 ms] [UE 20945] UL: SNR = 52.50 dB | SE = 17.179 bit/s/Hz
[53573 ms] [UE 45898] UL: SNR = 63.50 dB | SE = 20.778 bit/s/Hz
[53573 ms] [UE 36997] UL: SNR = 63.50 dB | SE = 20.778 bit/s/Hz
[53573 ms] [UE 48787] UL: SNR = 63.50 dB | SE = 20.778 bit/s/Hz
[53573 ms] [UE 40252] UL: SNR = 56.00 dB | SE = 18.324 bit/s/Hz
[53573 ms] [UE 15599] UL: SNR = 52.50 dB | SE = 17.179 bit/s/Hz
[53673 ms] [UE 45898] UL: SNR = 63.50 dB | SE = 20.778 bit/s/Hz
[53673 ms] [UE 36997] UL: SNR = 63.50 dB | SE = 20.778 bit/s/Hz
[53673 ms] [UE 48787] UL: SNR = 63.50 dB | SE = 20.778 bit/s/Hz
[53673 ms] [UE 40252] UL: SNR = 56.00 dB | SE = 18.324 bit/s/Hz
[53673 ms] [UE 15599] UL: SNR = 52.50 dB | SE = 17.179 bit/s/Hz
[53676 ms] [UE 33952] UL: SNR = 6.50 dB | SE = 2.414 bit/s/Hz
[53676 ms] [UE 12169] UL: SNR = 55.50 dB | SE = 18.160 bit/s/Hz
[53676 ms] [UE 22873] UL: SNR = 59.50 dB | SE = 19.469 bit/s/Hz
[53676 ms] [UE 30556] UL: SNR = 56.00 dB | SE = 18.324 bit/s/Hz
[53676 ms] [UE 20945] UL: SNR = 52.50 dB | SE = 17.179 bit/s/Hz
[53773 ms] [UE 45898] UL: SNR = 63.50 dB | SE = 20.778 bit/s/Hz
[53773 ms] [UE 36997] UL: SNR = 63.50 dB | SE = 20.778 bit/s/Hz
[53773 ms] [UE 48787] UL: SNR = 63.50 dB | SE = 20.778 bit/s/Hz
[53773 ms] [UE 40252] UL: SNR = 56.00 dB | SE = 18.324 bit/s/Hz
[53773 ms] [UE 15599] UL: SNR = 52.50 dB | SE = 17.179 bit/s/Hz
[53776 ms] [UE 33952] UL: SNR = 6.50 dB | SE = 2.414 bit/s/Hz
[53776 ms] [UE 12169] UL: SNR = 55.50 dB | SE = 18.160 bit/s/Hz
[53776 ms] [UE 22873] UL: SNR = 59.50 dB | SE = 19.469 bit/s/Hz
[53776 ms] [UE 30556] UL: SNR = 56.00 dB | SE = 18.324 bit/s/Hz
[53776 ms] [UE 20945] UL: SNR = 52.50 dB | SE = 17.179 bit/s/Hz
[53876 ms] [UE 33952] UL: SNR = 6.50 dB | SE = 2.414 bit/s/Hz
[53876 ms] [UE 12169] UL: SNR = 55.50 dB | SE = 18.160 bit/s/Hz
[53876 ms] [UE 22873] UL: SNR = 59.50 dB | SE = 19.469 bit/s/Hz
[53876 ms] [UE 30556] UL: SNR = 56.00 dB | SE = 18.324 bit/s/Hz
[53876 ms] [UE 20945] UL: SNR = 52.50 dB | SE = 17.179 bit/s/Hz
[53883 ms] [UE 45898] UL: SNR = 63.50 dB | SE = 20.778 bit/s/Hz
[53883 ms] [UE 36997] UL: SNR = 63.50 dB | SE = 20.778 bit/s/Hz
[53883 ms] [UE 48787] UL: SNR = 63.50 dB | SE = 20.778 bit/s/Hz
[53883 ms] [UE 40252] UL: SNR = 56.00 dB | SE = 18.324 bit/s/Hz
[53883 ms] [UE 15599] UL: SNR = 52.50 dB | SE = 17.179 bit/s/Hz
[53976 ms] [UE 33952] UL: SNR = 6.50 dB | SE = 2.414 bit/s/Hz
[53976 ms] [UE 12169] UL: SNR = 55.50 dB | SE = 18.160 bit/s/Hz
[53976 ms] [UE 22873] UL: SNR = 59.50 dB | SE = 19.469 bit/s/Hz
[53976 ms] [UE 30556] UL: SNR = 56.00 dB | SE = 18.324 bit/s/Hz
[53976 ms] [UE 20945] UL: SNR = 52.50 dB | SE = 17.179 bit/s/Hz
[53984 ms] [UE 45898] UL: SNR = 63.50 dB | SE = 20.778 bit/s/Hz
[53984 ms] [UE 36997] UL: SNR = 63.50 dB | SE = 20.778 bit/s/Hz
[53984 ms] [UE 48787] UL: SNR = 63.50 dB | SE = 20.778 bit/s/Hz
[53984 ms] [UE 40252] UL: SNR = 56.00 dB | SE = 18.324 bit/s/Hz
[53984 ms] [UE 15599] UL: SNR = 52.50 dB | SE = 17.179 bit/s/Hz
[54086 ms] [UE 33952] UL: SNR = 6.50 dB | SE = 2.414 bit/s/Hz
[54086 ms] [UE 12169] UL: SNR = 55.50 dB | SE = 18.160 bit/s/Hz
[54086 ms] [UE 22873] UL: SNR = 59.50 dB | SE = 19.469 bit/s/Hz
[54086 ms] [UE 30556] UL: SNR = 56.00 dB | SE = 18.324 bit/s/Hz
[54086 ms] [UE 20945] UL: SNR = 52.50 dB | SE = 17.179 bit/s/Hz
[54093 ms] [UE 45898] UL: SNR = 63.50 dB | SE = 20.778 bit/s/Hz
[54093 ms] [UE 36997] UL: SNR = 63.50 dB | SE = 20.778 bit/s/Hz
[54093 ms] [UE 48787] UL: SNR = 63.50 dB | SE = 20.778 bit/s/Hz
[54093 ms] [UE 40252] UL: SNR = 56.00 dB | SE = 18.324 bit/s/Hz
[54093 ms] [UE 15599] UL: SNR = 52.50 dB | SE = 17.179 bit/s/Hz
[54196 ms] [UE 33952] UL: SNR = 6.50 dB | SE = 2.414 bit/s/Hz
[54196 ms] [UE 12169] UL: SNR = 55.50 dB | SE = 18.160 bit/s/Hz
[54196 ms] [UE 22873] UL: SNR = 59.50 dB | SE = 19.469 bit/s/Hz
[54196 ms] [UE 30556] UL: SNR = 56.00 dB | SE = 18.324 bit/s/Hz
[54196 ms] [UE 20945] UL: SNR = 52.50 dB | SE = 17.179 bit/s/Hz
[54203 ms] [UE 45898] UL: SNR = 63.50 dB | SE = 20.778 bit/s/Hz
[54203 ms] [UE 36997] UL: SNR = 63.50 dB | SE = 20.778 bit/s/Hz
[54203 ms] [UE 48787] UL: SNR = 63.50 dB | SE = 20.778 bit/s/Hz
[54203 ms] [UE 40252] UL: SNR = 56.00 dB | SE = 18.324 bit/s/Hz
[54203 ms] [UE 15599] UL: SNR = 52.50 dB | SE = 17.179 bit/s/Hz
[54306 ms] [UE 33952] UL: SNR = 6.50 dB | SE = 2.414 bit/s/Hz
[54306 ms] [UE 12169] UL: SNR = 55.50 dB | SE = 18.160 bit/s/Hz
[54306 ms] [UE 22873] UL: SNR = 59.50 dB | SE = 19.469 bit/s/Hz
[54306 ms] [UE 30556] UL: SNR = 63.50 dB | SE = 20.778 bit/s/Hz
[54306 ms] [UE 20945] UL: SNR = 52.50 dB | SE = 17.179 bit/s/Hz
[54313 ms] [UE 45898] UL: SNR = 63.50 dB | SE = 20.778 bit/s/Hz
[54313 ms] [UE 36997] UL: SNR = 63.50 dB | SE = 20.778 bit/s/Hz
[54313 ms] [UE 48787] UL: SNR = 63.50 dB | SE = 20.778 bit/s/Hz
[54313 ms] [UE 40252] UL: SNR = 56.00 dB | SE = 18.324 bit/s/Hz
[54313 ms] [UE 15599] UL: SNR = 52.50 dB | SE = 17.179 bit/s/Hz
[54406 ms] [UE 33952] UL: SNR = 6.50 dB | SE = 2.414 bit/s/Hz
[54406 ms] [UE 12169] UL: SNR = 55.50 dB | SE = 18.160 bit/s/Hz
[54406 ms] [UE 22873] UL: SNR = 59.50 dB | SE = 19.469 bit/s/Hz
[54406 ms] [UE 30556] UL: SNR = 63.50 dB | SE = 20.778 bit/s/Hz
[54406 ms] [UE 20945] UL: SNR = 52.50 dB | SE = 17.179 bit/s/Hz
[54413 ms] [UE 45898] UL: SNR = 63.50 dB | SE = 20.778 bit/s/Hz
[54413 ms] [UE 36997] UL: SNR = 63.50 dB | SE = 20.778 bit/s/Hz
[54413 ms] [UE 48787] UL: SNR = 63.50 dB | SE = 20.778 bit/s/Hz
[54413 ms] [UE 40252] UL: SNR = 56.00 dB | SE = 18.324 bit/s/Hz
[54413 ms] [UE 15599] UL: SNR = 52.50 dB | SE = 17.179 bit/s/Hz
[54506 ms] [UE 33952] UL: SNR = 6.50 dB | SE = 2.414 bit/s/Hz
[54506 ms] [UE 12169] UL: SNR = 55.50 dB | SE = 18.160 bit/s/Hz
[54506 ms] [UE 22873] UL: SNR = 59.50 dB | SE = 19.469 bit/s/Hz
[54506 ms] [UE 30556] UL: SNR = 63.50 dB | SE = 20.778 bit/s/Hz
[54506 ms] [UE 20945] UL: SNR = 52.50 dB | SE = 17.179 bit/s/Hz
[54514 ms] [UE 45898] UL: SNR = 63.50 dB | SE = 20.778 bit/s/Hz
[54514 ms] [UE 36997] UL: SNR = 63.50 dB | SE = 20.778 bit/s/Hz
[54514 ms] [UE 48787] UL: SNR = 63.50 dB | SE = 20.778 bit/s/Hz
[54514 ms] [UE 40252] UL: SNR = 56.00 dB | SE = 18.324 bit/s/Hz
[54514 ms] [UE 15599] UL: SNR = 52.50 dB | SE = 17.179 bit/s/Hz
[54606 ms] [UE 33952] UL: SNR = 6.50 dB | SE = 2.414 bit/s/Hz
[54606 ms] [UE 12169] UL: SNR = 55.50 dB | SE = 18.160 bit/s/Hz
[54606 ms] [UE 22873] UL: SNR = 59.50 dB | SE = 19.469 bit/s/Hz
[54606 ms] [UE 30556] UL: SNR = 63.50 dB | SE = 20.778 bit/s/Hz
[54606 ms] [UE 20945] UL: SNR = 52.50 dB | SE = 17.179 bit/s/Hz
[54623 ms] [UE 45898] UL: SNR = 63.50 dB | SE = 20.778 bit/s/Hz
[54623 ms] [UE 36997] UL: SNR = 63.50 dB | SE = 20.778 bit/s/Hz
[54623 ms] [UE 48787] UL: SNR = 63.50 dB | SE = 20.778 bit/s/Hz
[54623 ms] [UE 40252] UL: SNR = 56.00 dB | SE = 18.324 bit/s/Hz
[54623 ms] [UE 15599] UL: SNR = 52.50 dB | SE = 17.179 bit/s/Hz
[54716 ms] [UE 33952] UL: SNR = 6.50 dB | SE = 2.414 bit/s/Hz
[54716 ms] [UE 12169] UL: SNR = 55.50 dB | SE = 18.160 bit/s/Hz
[54716 ms] [UE 22873] UL: SNR = 59.50 dB | SE = 19.469 bit/s/Hz
[54716 ms] [UE 30556] UL: SNR = 63.50 dB | SE = 20.778 bit/s/Hz
[54716 ms] [UE 20945] UL: SNR = 52.50 dB | SE = 17.179 bit/s/Hz
[54723 ms] [UE 45898] UL: SNR = 63.50 dB | SE = 20.778 bit/s/Hz
[54723 ms] [UE 36997] UL: SNR = 63.50 dB | SE = 20.778 bit/s/Hz
[54723 ms] [UE 48787] UL: SNR = 63.50 dB | SE = 20.778 bit/s/Hz
[54723 ms] [UE 40252] UL: SNR = 56.00 dB | SE = 18.324 bit/s/Hz
[54723 ms] [UE 15599] UL: SNR = 52.50 dB | SE = 17.179 bit/s/Hz
[54816 ms] [UE 33952] UL: SNR = 6.50 dB | SE = 2.414 bit/s/Hz
[54816 ms] [UE 12169] UL: SNR = 55.50 dB | SE = 18.160 bit/s/Hz
[54816 ms] [UE 22873] UL: SNR = 59.50 dB | SE = 19.469 bit/s/Hz
[54816 ms] [UE 30556] UL: SNR = 63.50 dB | SE = 20.778 bit/s/Hz
[54816 ms] [UE 20945] UL: SNR = 52.50 dB | SE = 17.179 bit/s/Hz
[54824 ms] [UE 45898] UL: SNR = 63.50 dB | SE = 20.778 bit/s/Hz
[54824 ms] [UE 36997] UL: SNR = 63.50 dB | SE = 20.778 bit/s/Hz
[54824 ms] [UE 48787] UL: SNR = 63.50 dB | SE = 20.778 bit/s/Hz
[54824 ms] [UE 40252] UL: SNR = 56.00 dB | SE = 18.324 bit/s/Hz
[54824 ms] [UE 15599] UL: SNR = 52.50 dB | SE = 17.179 bit/s/Hz
[54927 ms] [UE 33952] UL: SNR = 6.50 dB | SE = 2.414 bit/s/Hz
[54927 ms] [UE 12169] UL: SNR = 55.50 dB | SE = 18.160 bit/s/Hz
[54927 ms] [UE 22873] UL: SNR = 59.50 dB | SE = 19.469 bit/s/Hz
[54927 ms] [UE 30556] UL: SNR = 63.50 dB | SE = 20.778 bit/s/Hz
[54927 ms] [UE 20945] UL: SNR = 52.50 dB | SE = 17.179 bit/s/Hz
[54933 ms] [UE 45898] UL: SNR = 63.50 dB | SE = 20.778 bit/s/Hz
[54933 ms] [UE 36997] UL: SNR = 63.50 dB | SE = 20.778 bit/s/Hz
[54933 ms] [UE 48787] UL: SNR = 63.50 dB | SE = 20.778 bit/s/Hz
[54933 ms] [UE 40252] UL: SNR = 56.00 dB | SE = 18.324 bit/s/Hz
[54933 ms] [UE 15599] UL: SNR = 52.50 dB | SE = 17.179 bit/s/Hz
[55033 ms] [UE 45898] UL: SNR = 63.50 dB | SE = 20.778 bit/s/Hz
[55033 ms] [UE 36997] UL: SNR = 63.50 dB | SE = 20.778 bit/s/Hz
[55033 ms] [UE 48787] UL: SNR = 63.50 dB | SE = 20.778 bit/s/Hz
[55033 ms] [UE 40252] UL: SNR = 56.00 dB | SE = 18.324 bit/s/Hz
[55033 ms] [UE 15599] UL: SNR = 52.50 dB | SE = 17.179 bit/s/Hz
[55036 ms] [UE 33952] UL: SNR = 6.50 dB | SE = 2.414 bit/s/Hz
[55036 ms] [UE 12169] UL: SNR = 55.50 dB | SE = 18.160 bit/s/Hz
[55036 ms] [UE 22873] UL: SNR = 59.50 dB | SE = 19.469 bit/s/Hz
[55036 ms] [UE 30556] UL: SNR = 63.50 dB | SE = 20.778 bit/s/Hz
[55036 ms] [UE 20945] UL: SNR = 52.50 dB | SE = 17.179 bit/s/Hz
[55137 ms] [UE 33952] UL: SNR = 6.50 dB | SE = 2.414 bit/s/Hz
[55137 ms] [UE 12169] UL: SNR = 55.50 dB | SE = 18.160 bit/s/Hz
[55137 ms] [UE 22873] UL: SNR = 59.50 dB | SE = 19.469 bit/s/Hz
[55137 ms] [UE 30556] UL: SNR = 63.50 dB | SE = 20.778 bit/s/Hz
[55137 ms] [UE 20945] UL: SNR = 52.50 dB | SE = 17.179 bit/s/Hz
[55143 ms] [UE 45898] UL: SNR = 63.50 dB | SE = 20.778 bit/s/Hz
[55143 ms] [UE 36997] UL: SNR = 63.50 dB | SE = 20.778 bit/s/Hz
[55143 ms] [UE 48787] UL: SNR = 63.50 dB | SE = 20.778 bit/s/Hz
[55143 ms] [UE 40252] UL: SNR = 56.00 dB | SE = 18.324 bit/s/Hz
[55143 ms] [UE 15599] UL: SNR = 52.50 dB | SE = 17.179 bit/s/Hz
[55243 ms] [UE 45898] UL: SNR = 63.50 dB | SE = 20.778 bit/s/Hz
[55243 ms] [UE 36997] UL: SNR = 63.50 dB | SE = 20.778 bit/s/Hz
[55243 ms] [UE 48787] UL: SNR = 63.50 dB | SE = 20.778 bit/s/Hz
[55243 ms] [UE 40252] UL: SNR = 56.00 dB | SE = 18.324 bit/s/Hz
[55243 ms] [UE 15599] UL: SNR = 52.50 dB | SE = 17.179 bit/s/Hz
[55246 ms] [UE 33952] UL: SNR = 6.50 dB | SE = 2.414 bit/s/Hz
[55246 ms] [UE 12169] UL: SNR = 55.50 dB | SE = 18.160 bit/s/Hz
[55246 ms] [UE 22873] UL: SNR = 59.50 dB | SE = 19.469 bit/s/Hz
[55246 ms] [UE 30556] UL: SNR = 63.50 dB | SE = 20.778 bit/s/Hz
[55246 ms] [UE 20945] UL: SNR = 52.50 dB | SE = 17.179 bit/s/Hz
[55344 ms] [UE 45898] UL: SNR = 63.50 dB | SE = 20.778 bit/s/Hz
[55344 ms] [UE 36997] UL: SNR = 63.50 dB | SE = 20.778 bit/s/Hz
[55344 ms] [UE 48787] UL: SNR = 63.50 dB | SE = 20.778 bit/s/Hz
[55344 ms] [UE 40252] UL: SNR = 56.00 dB | SE = 18.324 bit/s/Hz
[55344 ms] [UE 15599] UL: SNR = 52.50 dB | SE = 17.179 bit/s/Hz
[55346 ms] [UE 33952] UL: SNR = 6.50 dB | SE = 2.414 bit/s/Hz
[55346 ms] [UE 12169] UL: SNR = 55.50 dB | SE = 18.160 bit/s/Hz
[55346 ms] [UE 22873] UL: SNR = 59.50 dB | SE = 19.469 bit/s/Hz
[55346 ms] [UE 30556] UL: SNR = 63.50 dB | SE = 20.778 bit/s/Hz
[55346 ms] [UE 20945] UL: SNR = 52.50 dB | SE = 17.179 bit/s/Hz
[55454 ms] [UE 45898] UL: SNR = 63.50 dB | SE = 20.778 bit/s/Hz
[55454 ms] [UE 36997] UL: SNR = 63.50 dB | SE = 20.778 bit/s/Hz
[55454 ms] [UE 48787] UL: SNR = 63.50 dB | SE = 20.778 bit/s/Hz
[55454 ms] [UE 40252] UL: SNR = 56.00 dB | SE = 18.324 bit/s/Hz
[55454 ms] [UE 15599] UL: SNR = 52.50 dB | SE = 17.179 bit/s/Hz
[55456 ms] [UE 33952] UL: SNR = 6.50 dB | SE = 2.414 bit/s/Hz
[55456 ms] [UE 12169] UL: SNR = 55.50 dB | SE = 18.160 bit/s/Hz
[55456 ms] [UE 22873] UL: SNR = 59.50 dB | SE = 19.469 bit/s/Hz
[55456 ms] [UE 30556] UL: SNR = 63.50 dB | SE = 20.778 bit/s/Hz
[55456 ms] [UE 20945] UL: SNR = 52.50 dB | SE = 17.179 bit/s/Hz
[55557 ms] [UE 33952] UL: SNR = 6.50 dB | SE = 2.414 bit/s/Hz
[55557 ms] [UE 12169] UL: SNR = 55.50 dB | SE = 18.160 bit/s/Hz
[55557 ms] [UE 22873] UL: SNR = 59.50 dB | SE = 19.469 bit/s/Hz
[55557 ms] [UE 30556] UL: SNR = 63.50 dB | SE = 20.778 bit/s/Hz
[55557 ms] [UE 20945] UL: SNR = 52.50 dB | SE = 17.179 bit/s/Hz
[55563 ms] [UE 45898] UL: SNR = 63.50 dB | SE = 20.778 bit/s/Hz
[55563 ms] [UE 36997] UL: SNR = 63.50 dB | SE = 20.778 bit/s/Hz
[55563 ms] [UE 48787] UL: SNR = 63.50 dB | SE = 20.778 bit/s/Hz
[55563 ms] [UE 40252] UL: SNR = 56.00 dB | SE = 18.324 bit/s/Hz
[55563 ms] [UE 15599] UL: SNR = 52.50 dB | SE = 17.179 bit/s/Hz
[55666 ms] [UE 33952] UL: SNR = 6.50 dB | SE = 2.414 bit/s/Hz
[55666 ms] [UE 12169] UL: SNR = 55.50 dB | SE = 18.160 bit/s/Hz
[55666 ms] [UE 22873] UL: SNR = 59.50 dB | SE = 19.469 bit/s/Hz
[55666 ms] [UE 30556] UL: SNR = 63.50 dB | SE = 20.778 bit/s/Hz
[55666 ms] [UE 20945] UL: SNR = 52.50 dB | SE = 17.179 bit/s/Hz
[55673 ms] [UE 45898] UL: SNR = 63.50 dB | SE = 20.778 bit/s/Hz
[55673 ms] [UE 36997] UL: SNR = 63.50 dB | SE = 20.778 bit/s/Hz
[55673 ms] [UE 48787] UL: SNR = 63.50 dB | SE = 20.778 bit/s/Hz
[55673 ms] [UE 40252] UL: SNR = 56.00 dB | SE = 18.324 bit/s/Hz
[55673 ms] [UE 15599] UL: SNR = 52.50 dB | SE = 17.179 bit/s/Hz
[55766 ms] [UE 33952] UL: SNR = 6.50 dB | SE = 2.414 bit/s/Hz
[55766 ms] [UE 12169] UL: SNR = 55.50 dB | SE = 18.160 bit/s/Hz
[55766 ms] [UE 22873] UL: SNR = 59.50 dB | SE = 19.469 bit/s/Hz
[55766 ms] [UE 30556] UL: SNR = 63.50 dB | SE = 20.778 bit/s/Hz
[55766 ms] [UE 20945] UL: SNR = 52.50 dB | SE = 17.179 bit/s/Hz
[55784 ms] [UE 45898] UL: SNR = 63.50 dB | SE = 20.778 bit/s/Hz
[55784 ms] [UE 36997] UL: SNR = 63.50 dB | SE = 20.778 bit/s/Hz
[55784 ms] [UE 48787] UL: SNR = 63.50 dB | SE = 20.778 bit/s/Hz
[55784 ms] [UE 40252] UL: SNR = 56.00 dB | SE = 18.324 bit/s/Hz
[55784 ms] [UE 15599] UL: SNR = 52.50 dB | SE = 17.179 bit/s/Hz
[55866 ms] [UE 33952] UL: SNR = 6.50 dB | SE = 2.414 bit/s/Hz
[55866 ms] [UE 12169] UL: SNR = 55.50 dB | SE = 18.160 bit/s/Hz
[55866 ms] [UE 22873] UL: SNR = 59.50 dB | SE = 19.469 bit/s/Hz
[55866 ms] [UE 30556] UL: SNR = 63.50 dB | SE = 20.778 bit/s/Hz
[55866 ms] [UE 20945] UL: SNR = 52.50 dB | SE = 17.179 bit/s/Hz
[55884 ms] [UE 45898] UL: SNR = 63.50 dB | SE = 20.778 bit/s/Hz
[55884 ms] [UE 36997] UL: SNR = 63.50 dB | SE = 20.778 bit/s/Hz
[55884 ms] [UE 48787] UL: SNR = 63.50 dB | SE = 20.778 bit/s/Hz
[55884 ms] [UE 40252] UL: SNR = 56.00 dB | SE = 18.324 bit/s/Hz
[55884 ms] [UE 15599] UL: SNR = 52.50 dB | SE = 17.179 bit/s/Hz
[55976 ms] [UE 33952] UL: SNR = 6.50 dB | SE = 2.414 bit/s/Hz
[55976 ms] [UE 12169] UL: SNR = 55.50 dB | SE = 18.160 bit/s/Hz
[55976 ms] [UE 22873] UL: SNR = 59.50 dB | SE = 19.469 bit/s/Hz
[55976 ms] [UE 30556] UL: SNR = 63.50 dB | SE = 20.778 bit/s/Hz
[55976 ms] [UE 20945] UL: SNR = 52.50 dB | SE = 17.179 bit/s/Hz
[55994 ms] [UE 45898] UL: SNR = 63.50 dB | SE = 20.778 bit/s/Hz
[55994 ms] [UE 36997] UL: SNR = 63.50 dB | SE = 20.778 bit/s/Hz
[55994 ms] [UE 48787] UL: SNR = 63.50 dB | SE = 20.778 bit/s/Hz
[55994 ms] [UE 40252] UL: SNR = 56.00 dB | SE = 18.324 bit/s/Hz
[55994 ms] [UE 15599] UL: SNR = 52.50 dB | SE = 17.179 bit/s/Hz
[56077 ms] [UE 33952] UL: SNR = 6.50 dB | SE = 2.414 bit/s/Hz
[56077 ms] [UE 12169] UL: SNR = 55.50 dB | SE = 18.160 bit/s/Hz
[56077 ms] [UE 22873] UL: SNR = 59.50 dB | SE = 19.469 bit/s/Hz
[56077 ms] [UE 30556] UL: SNR = 63.50 dB | SE = 20.778 bit/s/Hz
[56077 ms] [UE 20945] UL: SNR = 52.50 dB | SE = 17.179 bit/s/Hz
[56103 ms] [UE 45898] UL: SNR = 63.50 dB | SE = 20.778 bit/s/Hz
[56103 ms] [UE 36997] UL: SNR = 63.50 dB | SE = 20.778 bit/s/Hz
[56103 ms] [UE 48787] UL: SNR = 63.50 dB | SE = 20.778 bit/s/Hz
[56103 ms] [UE 40252] UL: SNR = 56.00 dB | SE = 18.324 bit/s/Hz
[56103 ms] [UE 15599] UL: SNR = 52.50 dB | SE = 17.179 bit/s/Hz
[56186 ms] [UE 33952] UL: SNR = 6.50 dB | SE = 2.414 bit/s/Hz
[56186 ms] [UE 12169] UL: SNR = 55.50 dB | SE = 18.160 bit/s/Hz
[56186 ms] [UE 22873] UL: SNR = 59.50 dB | SE = 19.469 bit/s/Hz
[56186 ms] [UE 30556] UL: SNR = 63.50 dB | SE = 20.778 bit/s/Hz
[56186 ms] [UE 20945] UL: SNR = 52.50 dB | SE = 17.179 bit/s/Hz
[56213 ms] [UE 45898] UL: SNR = 63.50 dB | SE = 20.778 bit/s/Hz
[56213 ms] [UE 36997] UL: SNR = 63.50 dB | SE = 20.778 bit/s/Hz
[56213 ms] [UE 48787] UL: SNR = 63.50 dB | SE = 20.778 bit/s/Hz
[56213 ms] [UE 40252] UL: SNR = 56.00 dB | SE = 18.324 bit/s/Hz
[56213 ms] [UE 15599] UL: SNR = 52.50 dB | SE = 17.179 bit/s/Hz
[56287 ms] [UE 33952] UL: SNR = 6.50 dB | SE = 2.414 bit/s/Hz
[56287 ms] [UE 12169] UL: SNR = 55.50 dB | SE = 18.160 bit/s/Hz
[56287 ms] [UE 22873] UL: SNR = 59.50 dB | SE = 19.469 bit/s/Hz
[56287 ms] [UE 30556] UL: SNR = 63.50 dB | SE = 20.778 bit/s/Hz
[56287 ms] [UE 20945] UL: SNR = 52.50 dB | SE = 17.179 bit/s/Hz
[56314 ms] [UE 45898] UL: SNR = 63.50 dB | SE = 20.778 bit/s/Hz
[56314 ms] [UE 36997] UL: SNR = 63.50 dB | SE = 20.778 bit/s/Hz
[56314 ms] [UE 48787] UL: SNR = 63.50 dB | SE = 20.778 bit/s/Hz
[56314 ms] [UE 40252] UL: SNR = 56.00 dB | SE = 18.324 bit/s/Hz
[56314 ms] [UE 15599] UL: SNR = 52.50 dB | SE = 17.179 bit/s/Hz
[56387 ms] [UE 33952] UL: SNR = 6.50 dB | SE = 2.414 bit/s/Hz
[56387 ms] [UE 12169] UL: SNR = 55.50 dB | SE = 18.160 bit/s/Hz
[56387 ms] [UE 22873] UL: SNR = 59.50 dB | SE = 19.469 bit/s/Hz
[56387 ms] [UE 30556] UL: SNR = 63.50 dB | SE = 20.778 bit/s/Hz
[56387 ms] [UE 20945] UL: SNR = 52.50 dB | SE = 17.179 bit/s/Hz
[56423 ms] [UE 45898] UL: SNR = 63.50 dB | SE = 20.778 bit/s/Hz
[56423 ms] [UE 36997] UL: SNR = 63.50 dB | SE = 20.778 bit/s/Hz
[56423 ms] [UE 48787] UL: SNR = 63.50 dB | SE = 20.778 bit/s/Hz
[56423 ms] [UE 40252] UL: SNR = 56.00 dB | SE = 18.324 bit/s/Hz
[56423 ms] [UE 15599] UL: SNR = 52.50 dB | SE = 17.179 bit/s/Hz
[56496 ms] [UE 33952] UL: SNR = 6.50 dB | SE = 2.414 bit/s/Hz
[56496 ms] [UE 12169] UL: SNR = 55.50 dB | SE = 18.160 bit/s/Hz
[56496 ms] [UE 22873] UL: SNR = 59.50 dB | SE = 19.469 bit/s/Hz
[56496 ms] [UE 30556] UL: SNR = 63.50 dB | SE = 20.778 bit/s/Hz
[56496 ms] [UE 20945] UL: SNR = 52.50 dB | SE = 17.179 bit/s/Hz
[56533 ms] [UE 45898] UL: SNR = 63.50 dB | SE = 20.778 bit/s/Hz
[56533 ms] [UE 36997] UL: SNR = 63.50 dB | SE = 20.778 bit/s/Hz
[56533 ms] [UE 48787] UL: SNR = 63.50 dB | SE = 20.778 bit/s/Hz
[56533 ms] [UE 40252] UL: SNR = 56.00 dB | SE = 18.324 bit/s/Hz
[56533 ms] [UE 15599] UL: SNR = 52.50 dB | SE = 17.179 bit/s/Hz
[56606 ms] [UE 33952] UL: SNR = 6.50 dB | SE = 2.414 bit/s/Hz
[56606 ms] [UE 12169] UL: SNR = 55.50 dB | SE = 18.160 bit/s/Hz
[56606 ms] [UE 22873] UL: SNR = 59.50 dB | SE = 19.469 bit/s/Hz
[56606 ms] [UE 30556] UL: SNR = 63.50 dB | SE = 20.778 bit/s/Hz
[56606 ms] [UE 20945] UL: SNR = 52.50 dB | SE = 17.179 bit/s/Hz
[56634 ms] [UE 45898] UL: SNR = 63.50 dB | SE = 20.778 bit/s/Hz
[56634 ms] [UE 36997] UL: SNR = 63.50 dB | SE = 20.778 bit/s/Hz
[56634 ms] [UE 48787] UL: SNR = 63.50 dB | SE = 20.778 bit/s/Hz
[56634 ms] [UE 40252] UL: SNR = 56.00 dB | SE = 18.324 bit/s/Hz
[56634 ms] [UE 15599] UL: SNR = 52.50 dB | SE = 17.179 bit/s/Hz
[56706 ms] [UE 33952] UL: SNR = 6.50 dB | SE = 2.414 bit/s/Hz
[56706 ms] [UE 12169] UL: SNR = 55.50 dB | SE = 18.160 bit/s/Hz
[56706 ms] [UE 22873] UL: SNR = 59.50 dB | SE = 19.469 bit/s/Hz
[56706 ms] [UE 30556] UL: SNR = 63.50 dB | SE = 20.778 bit/s/Hz
[56706 ms] [UE 20945] UL: SNR = 52.50 dB | SE = 17.179 bit/s/Hz
[56743 ms] [UE 45898] UL: SNR = 63.50 dB | SE = 20.778 bit/s/Hz
[56743 ms] [UE 36997] UL: SNR = 63.50 dB | SE = 20.778 bit/s/Hz
[56743 ms] [UE 48787] UL: SNR = 63.50 dB | SE = 20.778 bit/s/Hz
[56743 ms] [UE 40252] UL: SNR = 56.00 dB | SE = 18.324 bit/s/Hz
[56743 ms] [UE 15599] UL: SNR = 52.50 dB | SE = 17.179 bit/s/Hz
[56806 ms] [UE 33952] UL: SNR = 6.50 dB | SE = 2.414 bit/s/Hz
[56806 ms] [UE 12169] UL: SNR = 55.50 dB | SE = 18.160 bit/s/Hz
[56806 ms] [UE 22873] UL: SNR = 59.50 dB | SE = 19.469 bit/s/Hz
[56806 ms] [UE 30556] UL: SNR = 63.50 dB | SE = 20.778 bit/s/Hz
[56806 ms] [UE 20945] UL: SNR = 52.50 dB | SE = 17.179 bit/s/Hz
[56843 ms] [UE 45898] UL: SNR = 63.50 dB | SE = 20.778 bit/s/Hz
[56843 ms] [UE 36997] UL: SNR = 63.50 dB | SE = 20.778 bit/s/Hz
[56843 ms] [UE 48787] UL: SNR = 63.50 dB | SE = 20.778 bit/s/Hz
[56843 ms] [UE 40252] UL: SNR = 56.00 dB | SE = 18.324 bit/s/Hz
[56843 ms] [UE 15599] UL: SNR = 52.50 dB | SE = 17.179 bit/s/Hz
[56916 ms] [UE 33952] UL: SNR = 6.50 dB | SE = 2.414 bit/s/Hz
[56916 ms] [UE 12169] UL: SNR = 55.50 dB | SE = 18.160 bit/s/Hz
[56916 ms] [UE 22873] UL: SNR = 59.50 dB | SE = 19.469 bit/s/Hz
[56916 ms] [UE 30556] UL: SNR = 63.50 dB | SE = 20.778 bit/s/Hz
[56916 ms] [UE 20945] UL: SNR = 52.50 dB | SE = 17.179 bit/s/Hz
[56953 ms] [UE 45898] UL: SNR = 63.50 dB | SE = 20.778 bit/s/Hz
[56953 ms] [UE 36997] UL: SNR = 63.50 dB | SE = 20.778 bit/s/Hz
[56953 ms] [UE 48787] UL: SNR = 63.50 dB | SE = 20.778 bit/s/Hz
[56953 ms] [UE 40252] UL: SNR = 56.00 dB | SE = 18.324 bit/s/Hz
[56953 ms] [UE 15599] UL: SNR = 52.50 dB | SE = 17.179 bit/s/Hz
[57016 ms] [UE 33952] UL: SNR = 6.50 dB | SE = 2.414 bit/s/Hz
[57016 ms] [UE 12169] UL: SNR = 55.50 dB | SE = 18.160 bit/s/Hz
[57016 ms] [UE 22873] UL: SNR = 59.50 dB | SE = 19.469 bit/s/Hz
[57016 ms] [UE 30556] UL: SNR = 63.50 dB | SE = 20.778 bit/s/Hz
[57016 ms] [UE 20945] UL: SNR = 52.50 dB | SE = 17.179 bit/s/Hz
[57053 ms] [UE 45898] UL: SNR = 63.50 dB | SE = 20.778 bit/s/Hz
[57053 ms] [UE 36997] UL: SNR = 63.50 dB | SE = 20.778 bit/s/Hz
[57053 ms] [UE 48787] UL: SNR = 63.50 dB | SE = 20.778 bit/s/Hz
[57053 ms] [UE 40252] UL: SNR = 56.00 dB | SE = 18.324 bit/s/Hz
[57053 ms] [UE 15599] UL: SNR = 52.50 dB | SE = 17.179 bit/s/Hz
[57116 ms] [UE 33952] UL: SNR = 6.50 dB | SE = 2.414 bit/s/Hz
[57116 ms] [UE 12169] UL: SNR = 55.50 dB | SE = 18.160 bit/s/Hz
[57116 ms] [UE 22873] UL: SNR = 59.50 dB | SE = 19.469 bit/s/Hz
[57116 ms] [UE 30556] UL: SNR = 63.50 dB | SE = 20.778 bit/s/Hz
[57116 ms] [UE 20945] UL: SNR = 52.50 dB | SE = 17.179 bit/s/Hz
[57163 ms] [UE 45898] UL: SNR = 63.50 dB | SE = 20.778 bit/s/Hz
[57163 ms] [UE 36997] UL: SNR = 63.50 dB | SE = 20.778 bit/s/Hz
[57163 ms] [UE 48787] UL: SNR = 63.50 dB | SE = 20.778 bit/s/Hz
[57163 ms] [UE 40252] UL: SNR = 56.00 dB | SE = 18.324 bit/s/Hz
[57163 ms] [UE 15599] UL: SNR = 52.50 dB | SE = 17.179 bit/s/Hz
[57216 ms] [UE 33952] UL: SNR = 6.50 dB | SE = 2.414 bit/s/Hz
[57216 ms] [UE 12169] UL: SNR = 55.50 dB | SE = 18.160 bit/s/Hz
[57216 ms] [UE 22873] UL: SNR = 59.50 dB | SE = 19.469 bit/s/Hz
[57216 ms] [UE 30556] UL: SNR = 63.50 dB | SE = 20.778 bit/s/Hz
[57216 ms] [UE 20945] UL: SNR = 52.50 dB | SE = 17.179 bit/s/Hz
[57263 ms] [UE 45898] UL: SNR = 63.50 dB | SE = 20.778 bit/s/Hz
[57263 ms] [UE 36997] UL: SNR = 63.50 dB | SE = 20.778 bit/s/Hz
[57263 ms] [UE 48787] UL: SNR = 63.50 dB | SE = 20.778 bit/s/Hz
[57263 ms] [UE 40252] UL: SNR = 56.00 dB | SE = 18.324 bit/s/Hz
[57263 ms] [UE 15599] UL: SNR = 52.50 dB | SE = 17.179 bit/s/Hz
[57316 ms] [UE 33952] UL: SNR = 6.50 dB | SE = 2.414 bit/s/Hz
[57316 ms] [UE 12169] UL: SNR = 55.50 dB | SE = 18.160 bit/s/Hz
[57316 ms] [UE 22873] UL: SNR = 59.50 dB | SE = 19.469 bit/s/Hz
[57316 ms] [UE 30556] UL: SNR = 63.50 dB | SE = 20.778 bit/s/Hz
[57316 ms] [UE 20945] UL: SNR = 52.50 dB | SE = 17.179 bit/s/Hz
[57363 ms] [UE 45898] UL: SNR = 63.50 dB | SE = 20.778 bit/s/Hz
[57363 ms] [UE 36997] UL: SNR = 63.50 dB | SE = 20.778 bit/s/Hz
[57363 ms] [UE 48787] UL: SNR = 63.50 dB | SE = 20.778 bit/s/Hz
[57363 ms] [UE 40252] UL: SNR = 56.00 dB | SE = 18.324 bit/s/Hz
[57363 ms] [UE 15599] UL: SNR = 52.50 dB | SE = 17.179 bit/s/Hz
[57418 ms] [UE 33952] UL: SNR = 6.50 dB | SE = 2.414 bit/s/Hz
[57418 ms] [UE 12169] UL: SNR = 55.50 dB | SE = 18.160 bit/s/Hz
[57418 ms] [UE 22873] UL: SNR = 59.50 dB | SE = 19.469 bit/s/Hz
[57418 ms] [UE 30556] UL: SNR = 63.50 dB | SE = 20.778 bit/s/Hz
[57418 ms] [UE 20945] UL: SNR = 52.50 dB | SE = 17.179 bit/s/Hz
[57464 ms] [UE 45898] UL: SNR = 63.50 dB | SE = 20.778 bit/s/Hz
[57464 ms] [UE 36997] UL: SNR = 63.50 dB | SE = 20.778 bit/s/Hz
[57464 ms] [UE 48787] UL: SNR = 63.50 dB | SE = 20.778 bit/s/Hz
[57464 ms] [UE 40252] UL: SNR = 56.00 dB | SE = 18.324 bit/s/Hz
[57464 ms] [UE 15599] UL: SNR = 52.50 dB | SE = 17.179 bit/s/Hz
[57526 ms] [UE 33952] UL: SNR = 6.50 dB | SE = 2.414 bit/s/Hz
[57526 ms] [UE 12169] UL: SNR = 55.50 dB | SE = 18.160 bit/s/Hz
[57526 ms] [UE 22873] UL: SNR = 59.50 dB | SE = 19.469 bit/s/Hz
[57526 ms] [UE 30556] UL: SNR = 63.50 dB | SE = 20.778 bit/s/Hz
[57526 ms] [UE 20945] UL: SNR = 52.50 dB | SE = 17.179 bit/s/Hz
[57573 ms] [UE 45898] UL: SNR = 63.50 dB | SE = 20.778 bit/s/Hz
[57573 ms] [UE 36997] UL: SNR = 63.50 dB | SE = 20.778 bit/s/Hz
[57573 ms] [UE 48787] UL: SNR = 63.50 dB | SE = 20.778 bit/s/Hz
[57573 ms] [UE 40252] UL: SNR = 56.00 dB | SE = 18.324 bit/s/Hz
[57573 ms] [UE 15599] UL: SNR = 52.50 dB | SE = 17.179 bit/s/Hz
[57636 ms] [UE 33952] UL: SNR = 6.50 dB | SE = 2.414 bit/s/Hz
[57636 ms] [UE 12169] UL: SNR = 55.50 dB | SE = 18.160 bit/s/Hz
[57636 ms] [UE 22873] UL: SNR = 59.50 dB | SE = 19.469 bit/s/Hz
[57636 ms] [UE 30556] UL: SNR = 51.50 dB | SE = 16.851 bit/s/Hz
[57636 ms] [UE 20945] UL: SNR = 49.00 dB | SE = 16.033 bit/s/Hz
[57673 ms] [UE 45898] UL: SNR = 63.50 dB | SE = 20.778 bit/s/Hz
[57673 ms] [UE 36997] UL: SNR = 63.50 dB | SE = 20.778 bit/s/Hz
[57673 ms] [UE 48787] UL: SNR = 63.50 dB | SE = 20.778 bit/s/Hz
[57673 ms] [UE 40252] UL: SNR = 56.00 dB | SE = 18.324 bit/s/Hz
[57673 ms] [UE 15599] UL: SNR = 52.50 dB | SE = 17.179 bit/s/Hz
[57736 ms] [UE 33952] UL: SNR = 6.50 dB | SE = 2.414 bit/s/Hz
[57736 ms] [UE 12169] UL: SNR = 55.50 dB | SE = 18.160 bit/s/Hz
[57736 ms] [UE 22873] UL: SNR = 59.50 dB | SE = 19.469 bit/s/Hz
[57736 ms] [UE 30556] UL: SNR = 51.50 dB | SE = 16.851 bit/s/Hz
[57736 ms] [UE 20945] UL: SNR = 49.00 dB | SE = 16.033 bit/s/Hz
[57773 ms] [UE 45898] UL: SNR = 63.50 dB | SE = 20.778 bit/s/Hz
[57773 ms] [UE 36997] UL: SNR = 63.50 dB | SE = 20.778 bit/s/Hz
[57773 ms] [UE 48787] UL: SNR = 63.50 dB | SE = 20.778 bit/s/Hz
[57773 ms] [UE 40252] UL: SNR = 56.00 dB | SE = 18.324 bit/s/Hz
[57773 ms] [UE 15599] UL: SNR = 52.50 dB | SE = 17.179 bit/s/Hz
[57836 ms] [UE 33952] UL: SNR = 6.50 dB | SE = 2.414 bit/s/Hz
[57836 ms] [UE 12169] UL: SNR = 55.50 dB | SE = 18.160 bit/s/Hz
[57836 ms] [UE 22873] UL: SNR = 59.50 dB | SE = 19.469 bit/s/Hz
[57836 ms] [UE 30556] UL: SNR = 51.50 dB | SE = 16.851 bit/s/Hz
[57836 ms] [UE 20945] UL: SNR = 49.00 dB | SE = 16.033 bit/s/Hz
[57874 ms] [UE 45898] UL: SNR = 63.50 dB | SE = 20.778 bit/s/Hz
[57874 ms] [UE 36997] UL: SNR = 63.50 dB | SE = 20.778 bit/s/Hz
[57874 ms] [UE 48787] UL: SNR = 63.50 dB | SE = 20.778 bit/s/Hz
[57874 ms] [UE 40252] UL: SNR = 56.00 dB | SE = 18.324 bit/s/Hz
[57874 ms] [UE 15599] UL: SNR = 52.50 dB | SE = 17.179 bit/s/Hz
[57947 ms] [UE 33952] UL: SNR = 6.50 dB | SE = 2.414 bit/s/Hz
[57947 ms] [UE 12169] UL: SNR = 55.50 dB | SE = 18.160 bit/s/Hz
[57947 ms] [UE 22873] UL: SNR = 59.50 dB | SE = 19.469 bit/s/Hz
[57947 ms] [UE 30556] UL: SNR = 51.50 dB | SE = 16.851 bit/s/Hz
[57947 ms] [UE 20945] UL: SNR = 49.00 dB | SE = 16.033 bit/s/Hz
[57983 ms] [UE 45898] UL: SNR = 63.50 dB | SE = 20.778 bit/s/Hz
[57983 ms] [UE 36997] UL: SNR = 63.50 dB | SE = 20.778 bit/s/Hz
[57983 ms] [UE 48787] UL: SNR = 63.50 dB | SE = 20.778 bit/s/Hz
[57983 ms] [UE 40252] UL: SNR = 56.00 dB | SE = 18.324 bit/s/Hz
[57983 ms] [UE 15599] UL: SNR = 52.50 dB | SE = 17.179 bit/s/Hz
[58056 ms] [UE 33952] UL: SNR = 6.50 dB | SE = 2.414 bit/s/Hz
[58056 ms] [UE 12169] UL: SNR = 55.50 dB | SE = 18.160 bit/s/Hz
[58056 ms] [UE 22873] UL: SNR = 59.50 dB | SE = 19.469 bit/s/Hz
[58056 ms] [UE 30556] UL: SNR = 51.50 dB | SE = 16.851 bit/s/Hz
[58056 ms] [UE 20945] UL: SNR = 49.00 dB | SE = 16.033 bit/s/Hz
[58083 ms] [UE 45898] UL: SNR = 63.50 dB | SE = 20.778 bit/s/Hz
[58083 ms] [UE 36997] UL: SNR = 63.50 dB | SE = 20.778 bit/s/Hz
[58083 ms] [UE 48787] UL: SNR = 63.50 dB | SE = 20.778 bit/s/Hz
[58083 ms] [UE 40252] UL: SNR = 56.00 dB | SE = 18.324 bit/s/Hz
[58083 ms] [UE 15599] UL: SNR = 52.50 dB | SE = 17.179 bit/s/Hz
[58156 ms] [UE 33952] UL: SNR = 6.50 dB | SE = 2.414 bit/s/Hz
[58156 ms] [UE 12169] UL: SNR = 63.50 dB | SE = 20.778 bit/s/Hz
[58156 ms] [UE 22873] UL: SNR = 63.50 dB | SE = 20.778 bit/s/Hz
[58156 ms] [UE 30556] UL: SNR = 51.50 dB | SE = 16.851 bit/s/Hz
[58156 ms] [UE 20945] UL: SNR = 49.00 dB | SE = 16.033 bit/s/Hz
[58183 ms] [UE 45898] UL: SNR = 63.50 dB | SE = 20.778 bit/s/Hz
[58183 ms] [UE 36997] UL: SNR = 63.50 dB | SE = 20.778 bit/s/Hz
[58183 ms] [UE 48787] UL: SNR = 63.50 dB | SE = 20.778 bit/s/Hz
[58183 ms] [UE 40252] UL: SNR = 56.00 dB | SE = 18.324 bit/s/Hz
[58183 ms] [UE 15599] UL: SNR = 52.50 dB | SE = 17.179 bit/s/Hz
[58256 ms] [UE 33952] UL: SNR = 6.50 dB | SE = 2.414 bit/s/Hz
[58256 ms] [UE 12169] UL: SNR = 63.50 dB | SE = 20.778 bit/s/Hz
[58256 ms] [UE 22873] UL: SNR = 63.50 dB | SE = 20.778 bit/s/Hz
[58256 ms] [UE 30556] UL: SNR = 51.50 dB | SE = 16.851 bit/s/Hz
[58256 ms] [UE 20945] UL: SNR = 49.00 dB | SE = 16.033 bit/s/Hz
[58283 ms] [UE 45898] UL: SNR = 63.50 dB | SE = 20.778 bit/s/Hz
[58283 ms] [UE 36997] UL: SNR = 63.50 dB | SE = 20.778 bit/s/Hz
[58283 ms] [UE 48787] UL: SNR = 63.50 dB | SE = 20.778 bit/s/Hz
[58283 ms] [UE 40252] UL: SNR = 56.00 dB | SE = 18.324 bit/s/Hz
[58283 ms] [UE 15599] UL: SNR = 52.50 dB | SE = 17.179 bit/s/Hz
[58356 ms] [UE 33952] UL: SNR = 6.50 dB | SE = 2.414 bit/s/Hz
[58356 ms] [UE 12169] UL: SNR = 63.50 dB | SE = 20.778 bit/s/Hz
[58356 ms] [UE 22873] UL: SNR = 63.50 dB | SE = 20.778 bit/s/Hz
[58356 ms] [UE 30556] UL: SNR = 51.50 dB | SE = 16.851 bit/s/Hz
[58356 ms] [UE 20945] UL: SNR = 49.00 dB | SE = 16.033 bit/s/Hz
[58384 ms] [UE 45898] UL: SNR = 63.50 dB | SE = 20.778 bit/s/Hz
[58384 ms] [UE 36997] UL: SNR = 63.50 dB | SE = 20.778 bit/s/Hz
[58384 ms] [UE 48787] UL: SNR = 63.50 dB | SE = 20.778 bit/s/Hz
[58384 ms] [UE 40252] UL: SNR = 56.00 dB | SE = 18.324 bit/s/Hz
[58384 ms] [UE 15599] UL: SNR = 52.50 dB | SE = 17.179 bit/s/Hz
[58466 ms] [UE 33952] UL: SNR = 6.50 dB | SE = 2.414 bit/s/Hz
[58466 ms] [UE 12169] UL: SNR = 63.50 dB | SE = 20.778 bit/s/Hz
[58466 ms] [UE 22873] UL: SNR = 63.50 dB | SE = 20.778 bit/s/Hz
[58466 ms] [UE 30556] UL: SNR = 63.50 dB | SE = 20.778 bit/s/Hz
[58466 ms] [UE 20945] UL: SNR = 49.00 dB | SE = 16.033 bit/s/Hz
[58493 ms] [UE 45898] UL: SNR = 63.50 dB | SE = 20.778 bit/s/Hz
[58493 ms] [UE 36997] UL: SNR = 63.50 dB | SE = 20.778 bit/s/Hz
[58493 ms] [UE 48787] UL: SNR = 63.50 dB | SE = 20.778 bit/s/Hz
[58493 ms] [UE 40252] UL: SNR = 56.00 dB | SE = 18.324 bit/s/Hz
[58493 ms] [UE 15599] UL: SNR = 52.50 dB | SE = 17.179 bit/s/Hz
[58577 ms] [UE 33952] UL: SNR = 6.50 dB | SE = 2.414 bit/s/Hz
[58577 ms] [UE 12169] UL: SNR = 63.50 dB | SE = 20.778 bit/s/Hz
[58577 ms] [UE 22873] UL: SNR = 63.50 dB | SE = 20.778 bit/s/Hz
[58577 ms] [UE 30556] UL: SNR = 63.50 dB | SE = 20.778 bit/s/Hz
[58577 ms] [UE 20945] UL: SNR = 49.00 dB | SE = 16.033 bit/s/Hz
[58593 ms] [UE 45898] UL: SNR = 63.50 dB | SE = 20.778 bit/s/Hz
[58593 ms] [UE 36997] UL: SNR = 63.50 dB | SE = 20.778 bit/s/Hz
[58593 ms] [UE 48787] UL: SNR = 63.50 dB | SE = 20.778 bit/s/Hz
[58593 ms] [UE 40252] UL: SNR = 56.00 dB | SE = 18.324 bit/s/Hz
[58593 ms] [UE 15599] UL: SNR = 52.50 dB | SE = 17.179 bit/s/Hz
[58686 ms] [UE 33952] UL: SNR = 6.50 dB | SE = 2.414 bit/s/Hz
[58686 ms] [UE 12169] UL: SNR = 63.50 dB | SE = 20.778 bit/s/Hz
[58686 ms] [UE 22873] UL: SNR = 63.50 dB | SE = 20.778 bit/s/Hz
[58686 ms] [UE 30556] UL: SNR = 63.50 dB | SE = 20.778 bit/s/Hz
[58686 ms] [UE 20945] UL: SNR = 49.00 dB | SE = 16.033 bit/s/Hz
[58694 ms] [UE 45898] UL: SNR = 63.50 dB | SE = 20.778 bit/s/Hz
[58694 ms] [UE 36997] UL: SNR = 63.50 dB | SE = 20.778 bit/s/Hz
[58694 ms] [UE 48787] UL: SNR = 63.50 dB | SE = 20.778 bit/s/Hz
[58694 ms] [UE 40252] UL: SNR = 56.00 dB | SE = 18.324 bit/s/Hz
[58694 ms] [UE 15599] UL: SNR = 52.50 dB | SE = 17.179 bit/s/Hz
[58796 ms] [UE 33952] UL: SNR = 6.50 dB | SE = 2.414 bit/s/Hz
[58796 ms] [UE 12169] UL: SNR = 63.50 dB | SE = 20.778 bit/s/Hz
[58796 ms] [UE 22873] UL: SNR = 63.50 dB | SE = 20.778 bit/s/Hz
[58796 ms] [UE 30556] UL: SNR = 63.50 dB | SE = 20.778 bit/s/Hz
[58796 ms] [UE 20945] UL: SNR = 49.00 dB | SE = 16.033 bit/s/Hz
[58803 ms] [UE 45898] UL: SNR = 63.50 dB | SE = 20.778 bit/s/Hz
[58803 ms] [UE 36997] UL: SNR = 63.50 dB | SE = 20.778 bit/s/Hz
[58803 ms] [UE 48787] UL: SNR = 63.50 dB | SE = 20.778 bit/s/Hz
[58803 ms] [UE 40252] UL: SNR = 56.00 dB | SE = 18.324 bit/s/Hz
[58803 ms] [UE 15599] UL: SNR = 52.50 dB | SE = 17.179 bit/s/Hz
[58896 ms] [UE 33952] UL: SNR = 6.50 dB | SE = 2.414 bit/s/Hz
[58896 ms] [UE 12169] UL: SNR = 63.50 dB | SE = 20.778 bit/s/Hz
[58896 ms] [UE 22873] UL: SNR = 63.50 dB | SE = 20.778 bit/s/Hz
[58896 ms] [UE 30556] UL: SNR = 63.50 dB | SE = 20.778 bit/s/Hz
[58896 ms] [UE 20945] UL: SNR = 49.00 dB | SE = 16.033 bit/s/Hz
[58903 ms] [UE 45898] UL: SNR = 63.50 dB | SE = 20.778 bit/s/Hz
[58903 ms] [UE 36997] UL: SNR = 63.50 dB | SE = 20.778 bit/s/Hz
[58903 ms] [UE 48787] UL: SNR = 63.50 dB | SE = 20.778 bit/s/Hz
[58903 ms] [UE 40252] UL: SNR = 56.00 dB | SE = 18.324 bit/s/Hz
[58903 ms] [UE 15599] UL: SNR = 52.50 dB | SE = 17.179 bit/s/Hz
[58996 ms] [UE 33952] UL: SNR = 6.50 dB | SE = 2.414 bit/s/Hz
[58996 ms] [UE 12169] UL: SNR = 63.50 dB | SE = 20.778 bit/s/Hz
[58996 ms] [UE 22873] UL: SNR = 63.50 dB | SE = 20.778 bit/s/Hz
[58996 ms] [UE 30556] UL: SNR = 63.50 dB | SE = 20.778 bit/s/Hz
[58996 ms] [UE 20945] UL: SNR = 49.00 dB | SE = 16.033 bit/s/Hz
[59003 ms] [UE 45898] UL: SNR = 63.50 dB | SE = 20.778 bit/s/Hz
[59003 ms] [UE 36997] UL: SNR = 63.50 dB | SE = 20.778 bit/s/Hz
[59003 ms] [UE 48787] UL: SNR = 63.50 dB | SE = 20.778 bit/s/Hz
[59003 ms] [UE 40252] UL: SNR = 56.00 dB | SE = 18.324 bit/s/Hz
[59003 ms] [UE 15599] UL: SNR = 52.50 dB | SE = 17.179 bit/s/Hz
[59103 ms] [UE 45898] UL: SNR = 63.50 dB | SE = 20.778 bit/s/Hz
[59103 ms] [UE 36997] UL: SNR = 63.50 dB | SE = 20.778 bit/s/Hz
[59103 ms] [UE 48787] UL: SNR = 63.50 dB | SE = 20.778 bit/s/Hz
[59103 ms] [UE 40252] UL: SNR = 56.00 dB | SE = 18.324 bit/s/Hz
[59103 ms] [UE 15599] UL: SNR = 52.50 dB | SE = 17.179 bit/s/Hz
[59106 ms] [UE 33952] UL: SNR = 6.50 dB | SE = 2.414 bit/s/Hz
[59106 ms] [UE 12169] UL: SNR = 63.50 dB | SE = 20.778 bit/s/Hz
[59106 ms] [UE 22873] UL: SNR = 63.50 dB | SE = 20.778 bit/s/Hz
[59106 ms] [UE 30556] UL: SNR = 63.50 dB | SE = 20.778 bit/s/Hz
[59106 ms] [UE 20945] UL: SNR = 49.00 dB | SE = 16.033 bit/s/Hz
[59206 ms] [UE 33952] UL: SNR = 6.50 dB | SE = 2.414 bit/s/Hz
[59206 ms] [UE 12169] UL: SNR = 63.50 dB | SE = 20.778 bit/s/Hz
[59206 ms] [UE 22873] UL: SNR = 63.50 dB | SE = 20.778 bit/s/Hz
[59206 ms] [UE 30556] UL: SNR = 63.50 dB | SE = 20.778 bit/s/Hz
[59206 ms] [UE 20945] UL: SNR = 49.00 dB | SE = 16.033 bit/s/Hz
[59214 ms] [UE 45898] UL: SNR = 63.50 dB | SE = 20.778 bit/s/Hz
[59214 ms] [UE 36997] UL: SNR = 63.50 dB | SE = 20.778 bit/s/Hz
[59214 ms] [UE 48787] UL: SNR = 63.50 dB | SE = 20.778 bit/s/Hz
[59214 ms] [UE 40252] UL: SNR = 56.00 dB | SE = 18.324 bit/s/Hz
[59214 ms] [UE 15599] UL: SNR = 52.50 dB | SE = 17.179 bit/s/Hz
[59307 ms] [UE 33952] UL: SNR = 6.50 dB | SE = 2.414 bit/s/Hz
[59307 ms] [UE 12169] UL: SNR = 63.50 dB | SE = 20.778 bit/s/Hz
[59307 ms] [UE 22873] UL: SNR = 63.50 dB | SE = 20.778 bit/s/Hz
[59307 ms] [UE 30556] UL: SNR = 63.50 dB | SE = 20.778 bit/s/Hz
[59307 ms] [UE 20945] UL: SNR = 49.00 dB | SE = 16.033 bit/s/Hz
[59324 ms] [UE 45898] UL: SNR = 63.50 dB | SE = 20.778 bit/s/Hz
[59324 ms] [UE 36997] UL: SNR = 63.50 dB | SE = 20.778 bit/s/Hz
[59324 ms] [UE 48787] UL: SNR = 63.50 dB | SE = 20.778 bit/s/Hz
[59324 ms] [UE 40252] UL: SNR = 56.00 dB | SE = 18.324 bit/s/Hz
[59324 ms] [UE 15599] UL: SNR = 52.50 dB | SE = 17.179 bit/s/Hz
[59418 ms] [UE 33952] UL: SNR = 6.50 dB | SE = 2.414 bit/s/Hz
[59418 ms] [UE 12169] UL: SNR = 63.50 dB | SE = 20.778 bit/s/Hz
[59418 ms] [UE 22873] UL: SNR = 63.50 dB | SE = 20.778 bit/s/Hz
[59418 ms] [UE 30556] UL: SNR = 63.50 dB | SE = 20.778 bit/s/Hz
[59418 ms] [UE 20945] UL: SNR = 49.00 dB | SE = 16.033 bit/s/Hz
[59424 ms] [UE 45898] UL: SNR = 63.50 dB | SE = 20.778 bit/s/Hz
[59424 ms] [UE 36997] UL: SNR = 63.50 dB | SE = 20.778 bit/s/Hz
[59424 ms] [UE 48787] UL: SNR = 63.50 dB | SE = 20.778 bit/s/Hz
[59424 ms] [UE 40252] UL: SNR = 56.00 dB | SE = 18.324 bit/s/Hz
[59424 ms] [UE 15599] UL: SNR = 52.50 dB | SE = 17.179 bit/s/Hz
[59526 ms] [UE 33952] UL: SNR = 6.50 dB | SE = 2.414 bit/s/Hz
[59526 ms] [UE 12169] UL: SNR = 63.50 dB | SE = 20.778 bit/s/Hz
[59526 ms] [UE 22873] UL: SNR = 63.50 dB | SE = 20.778 bit/s/Hz
[59526 ms] [UE 30556] UL: SNR = 63.50 dB | SE = 20.778 bit/s/Hz
[59526 ms] [UE 20945] UL: SNR = 49.00 dB | SE = 16.033 bit/s/Hz
[59534 ms] [UE 45898] UL: SNR = 63.50 dB | SE = 20.778 bit/s/Hz
[59534 ms] [UE 36997] UL: SNR = 63.50 dB | SE = 20.778 bit/s/Hz
[59534 ms] [UE 48787] UL: SNR = 63.50 dB | SE = 20.778 bit/s/Hz
[59534 ms] [UE 40252] UL: SNR = 56.00 dB | SE = 18.324 bit/s/Hz
[59534 ms] [UE 15599] UL: SNR = 52.50 dB | SE = 17.179 bit/s/Hz
[59626 ms] [UE 33952] UL: SNR = 6.50 dB | SE = 2.414 bit/s/Hz
[59626 ms] [UE 12169] UL: SNR = 63.50 dB | SE = 20.778 bit/s/Hz
[59626 ms] [UE 22873] UL: SNR = 63.50 dB | SE = 20.778 bit/s/Hz
[59626 ms] [UE 30556] UL: SNR = 63.50 dB | SE = 20.778 bit/s/Hz
[59626 ms] [UE 20945] UL: SNR = 49.00 dB | SE = 16.033 bit/s/Hz
[59643 ms] [UE 45898] UL: SNR = 63.50 dB | SE = 20.778 bit/s/Hz
[59643 ms] [UE 36997] UL: SNR = 63.50 dB | SE = 20.778 bit/s/Hz
[59643 ms] [UE 48787] UL: SNR = 63.50 dB | SE = 20.778 bit/s/Hz
[59643 ms] [UE 40252] UL: SNR = 56.00 dB | SE = 18.324 bit/s/Hz
[59643 ms] [UE 15599] UL: SNR = 52.50 dB | SE = 17.179 bit/s/Hz
[59736 ms] [UE 33952] UL: SNR = 6.50 dB | SE = 2.414 bit/s/Hz
[59736 ms] [UE 12169] UL: SNR = 63.50 dB | SE = 20.778 bit/s/Hz
[59736 ms] [UE 22873] UL: SNR = 63.50 dB | SE = 20.778 bit/s/Hz
[59736 ms] [UE 30556] UL: SNR = 63.50 dB | SE = 20.778 bit/s/Hz
[59736 ms] [UE 20945] UL: SNR = 49.00 dB | SE = 16.033 bit/s/Hz
[59754 ms] [UE 45898] UL: SNR = 63.50 dB | SE = 20.778 bit/s/Hz
[59754 ms] [UE 36997] UL: SNR = 63.50 dB | SE = 20.778 bit/s/Hz
[59754 ms] [UE 48787] UL: SNR = 63.50 dB | SE = 20.778 bit/s/Hz
[59754 ms] [UE 40252] UL: SNR = 56.00 dB | SE = 18.324 bit/s/Hz
[59754 ms] [UE 15599] UL: SNR = 52.50 dB | SE = 17.179 bit/s/Hz
[59846 ms] [UE 33952] UL: SNR = 6.50 dB | SE = 2.414 bit/s/Hz
[59846 ms] [UE 12169] UL: SNR = 63.50 dB | SE = 20.778 bit/s/Hz
[59846 ms] [UE 22873] UL: SNR = 63.50 dB | SE = 20.778 bit/s/Hz
[59846 ms] [UE 30556] UL: SNR = 63.50 dB | SE = 20.778 bit/s/Hz
[59846 ms] [UE 20945] UL: SNR = 49.00 dB | SE = 16.033 bit/s/Hz
[59863 ms] [UE 45898] UL: SNR = 63.50 dB | SE = 20.778 bit/s/Hz
[59863 ms] [UE 36997] UL: SNR = 63.50 dB | SE = 20.778 bit/s/Hz
[59863 ms] [UE 48787] UL: SNR = 63.50 dB | SE = 20.778 bit/s/Hz
[59863 ms] [UE 40252] UL: SNR = 56.00 dB | SE = 18.324 bit/s/Hz
[59863 ms] [UE 15599] UL: SNR = 52.50 dB | SE = 17.179 bit/s/Hz
[59947 ms] [UE 33952] UL: SNR = 6.50 dB | SE = 2.414 bit/s/Hz
[59947 ms] [UE 12169] UL: SNR = 63.50 dB | SE = 20.778 bit/s/Hz
[59947 ms] [UE 22873] UL: SNR = 63.50 dB | SE = 20.778 bit/s/Hz
[59947 ms] [UE 30556] UL: SNR = 63.50 dB | SE = 20.778 bit/s/Hz
[59947 ms] [UE 20945] UL: SNR = 49.00 dB | SE = 16.033 bit/s/Hz
[59975 ms] [UE 45898] UL: SNR = 63.50 dB | SE = 20.778 bit/s/Hz
[59975 ms] [UE 36997] UL: SNR = 63.50 dB | SE = 20.778 bit/s/Hz
[59975 ms] [UE 48787] UL: SNR = 63.50 dB | SE = 20.778 bit/s/Hz
[59975 ms] [UE 40252] UL: SNR = 56.00 dB | SE = 18.324 bit/s/Hz
[59975 ms] [UE 15599] UL: SNR = 52.50 dB | SE = 17.179 bit/s/Hz
[60058 ms] [UE 33952] UL: SNR = 6.50 dB | SE = 2.414 bit/s/Hz
[60058 ms] [UE 12169] UL: SNR = 63.50 dB | SE = 20.778 bit/s/Hz
[60058 ms] [UE 22873] UL: SNR = 63.50 dB | SE = 20.778 bit/s/Hz
[60058 ms] [UE 30556] UL: SNR = 63.50 dB | SE = 20.778 bit/s/Hz
[60058 ms] [UE 20945] UL: SNR = 49.00 dB | SE = 16.033 bit/s/Hz
[60083 ms] [UE 45898] UL: SNR = 63.50 dB | SE = 20.778 bit/s/Hz
[60083 ms] [UE 36997] UL: SNR = 63.50 dB | SE = 20.778 bit/s/Hz
[60083 ms] [UE 48787] UL: SNR = 63.50 dB | SE = 20.778 bit/s/Hz
[60083 ms] [UE 40252] UL: SNR = 56.00 dB | SE = 18.324 bit/s/Hz
[60083 ms] [UE 15599] UL: SNR = 52.50 dB | SE = 17.179 bit/s/Hz
[60166 ms] [UE 33952] UL: SNR = 6.50 dB | SE = 2.414 bit/s/Hz
[60166 ms] [UE 12169] UL: SNR = 63.50 dB | SE = 20.778 bit/s/Hz
[60166 ms] [UE 22873] UL: SNR = 63.50 dB | SE = 20.778 bit/s/Hz
[60166 ms] [UE 30556] UL: SNR = 63.50 dB | SE = 20.778 bit/s/Hz
[60166 ms] [UE 20945] UL: SNR = 49.00 dB | SE = 16.033 bit/s/Hz
[60194 ms] [UE 45898] UL: SNR = 63.50 dB | SE = 20.778 bit/s/Hz
[60194 ms] [UE 36997] UL: SNR = 63.50 dB | SE = 20.778 bit/s/Hz
[60194 ms] [UE 48787] UL: SNR = 63.50 dB | SE = 20.778 bit/s/Hz
[60194 ms] [UE 40252] UL: SNR = 56.00 dB | SE = 18.324 bit/s/Hz
[60194 ms] [UE 15599] UL: SNR = 52.50 dB | SE = 17.179 bit/s/Hz
[60276 ms] [UE 33952] UL: SNR = 6.50 dB | SE = 2.414 bit/s/Hz
[60276 ms] [UE 12169] UL: SNR = 63.50 dB | SE = 20.778 bit/s/Hz
[60276 ms] [UE 22873] UL: SNR = 63.50 dB | SE = 20.778 bit/s/Hz
[60276 ms] [UE 30556] UL: SNR = 63.50 dB | SE = 20.778 bit/s/Hz
[60276 ms] [UE 20945] UL: SNR = 49.00 dB | SE = 16.033 bit/s/Hz
[60304 ms] [UE 45898] UL: SNR = 63.50 dB | SE = 20.778 bit/s/Hz
[60304 ms] [UE 36997] UL: SNR = 63.50 dB | SE = 20.778 bit/s/Hz
[60304 ms] [UE 48787] UL: SNR = 63.50 dB | SE = 20.778 bit/s/Hz
[60304 ms] [UE 40252] UL: SNR = 56.00 dB | SE = 18.324 bit/s/Hz
[60304 ms] [UE 15599] UL: SNR = 52.50 dB | SE = 17.179 bit/s/Hz
[60376 ms] [UE 33952] UL: SNR = 6.50 dB | SE = 2.414 bit/s/Hz
[60376 ms] [UE 12169] UL: SNR = 63.50 dB | SE = 20.778 bit/s/Hz
[60376 ms] [UE 22873] UL: SNR = 63.50 dB | SE = 20.778 bit/s/Hz
[60376 ms] [UE 30556] UL: SNR = 63.50 dB | SE = 20.778 bit/s/Hz
[60376 ms] [UE 20945] UL: SNR = 49.00 dB | SE = 16.033 bit/s/Hz
[60413 ms] [UE 45898] UL: SNR = 63.50 dB | SE = 20.778 bit/s/Hz
[60413 ms] [UE 36997] UL: SNR = 63.50 dB | SE = 20.778 bit/s/Hz
[60413 ms] [UE 48787] UL: SNR = 63.50 dB | SE = 20.778 bit/s/Hz
[60413 ms] [UE 40252] UL: SNR = 56.00 dB | SE = 18.324 bit/s/Hz
[60413 ms] [UE 15599] UL: SNR = 52.50 dB | SE = 17.179 bit/s/Hz
[60486 ms] [UE 33952] UL: SNR = 6.50 dB | SE = 2.414 bit/s/Hz
[60486 ms] [UE 12169] UL: SNR = 63.50 dB | SE = 20.778 bit/s/Hz
[60486 ms] [UE 22873] UL: SNR = 63.50 dB | SE = 20.778 bit/s/Hz
[60486 ms] [UE 30556] UL: SNR = 63.50 dB | SE = 20.778 bit/s/Hz
[60486 ms] [UE 20945] UL: SNR = 49.00 dB | SE = 16.033 bit/s/Hz
[60523 ms] [UE 45898] UL: SNR = 63.50 dB | SE = 20.778 bit/s/Hz
[60523 ms] [UE 36997] UL: SNR = 63.50 dB | SE = 20.778 bit/s/Hz
[60523 ms] [UE 48787] UL: SNR = 63.50 dB | SE = 20.778 bit/s/Hz
[60523 ms] [UE 40252] UL: SNR = 56.00 dB | SE = 18.324 bit/s/Hz
[60523 ms] [UE 15599] UL: SNR = 52.50 dB | SE = 17.179 bit/s/Hz
[60586 ms] [UE 33952] UL: SNR = 6.50 dB | SE = 2.414 bit/s/Hz
[60586 ms] [UE 12169] UL: SNR = 63.50 dB | SE = 20.778 bit/s/Hz
[60586 ms] [UE 22873] UL: SNR = 63.50 dB | SE = 20.778 bit/s/Hz
[60586 ms] [UE 30556] UL: SNR = 63.50 dB | SE = 20.778 bit/s/Hz
[60586 ms] [UE 20945] UL: SNR = 49.00 dB | SE = 16.033 bit/s/Hz
[60633 ms] [UE 45898] UL: SNR = 63.50 dB | SE = 20.778 bit/s/Hz
[60633 ms] [UE 36997] UL: SNR = 63.50 dB | SE = 20.778 bit/s/Hz
[60633 ms] [UE 48787] UL: SNR = 63.50 dB | SE = 20.778 bit/s/Hz
[60633 ms] [UE 40252] UL: SNR = 56.00 dB | SE = 18.324 bit/s/Hz
[60633 ms] [UE 15599] UL: SNR = 52.50 dB | SE = 17.179 bit/s/Hz
[60689 ms] [UE 33952] UL: SNR = 6.50 dB | SE = 2.414 bit/s/Hz
[60689 ms] [UE 12169] UL: SNR = 63.50 dB | SE = 20.778 bit/s/Hz
[60689 ms] [UE 22873] UL: SNR = 63.50 dB | SE = 20.778 bit/s/Hz
[60689 ms] [UE 30556] UL: SNR = 63.50 dB | SE = 20.778 bit/s/Hz
[60689 ms] [UE 20945] UL: SNR = 49.00 dB | SE = 16.033 bit/s/Hz
[60734 ms] [UE 45898] UL: SNR = 63.50 dB | SE = 20.778 bit/s/Hz
[60734 ms] [UE 36997] UL: SNR = 63.50 dB | SE = 20.778 bit/s/Hz
[60734 ms] [UE 48787] UL: SNR = 63.50 dB | SE = 20.778 bit/s/Hz
[60734 ms] [UE 40252] UL: SNR = 56.00 dB | SE = 18.324 bit/s/Hz
[60734 ms] [UE 15599] UL: SNR = 52.50 dB | SE = 17.179 bit/s/Hz
[60796 ms] [UE 33952] UL: SNR = 6.50 dB | SE = 2.414 bit/s/Hz
[60796 ms] [UE 12169] UL: SNR = 63.50 dB | SE = 20.778 bit/s/Hz
[60796 ms] [UE 22873] UL: SNR = 63.50 dB | SE = 20.778 bit/s/Hz
[60796 ms] [UE 30556] UL: SNR = 63.50 dB | SE = 20.778 bit/s/Hz
[60796 ms] [UE 20945] UL: SNR = 49.00 dB | SE = 16.033 bit/s/Hz
[60834 ms] [UE 45898] UL: SNR = 63.50 dB | SE = 20.778 bit/s/Hz
[60834 ms] [UE 36997] UL: SNR = 63.50 dB | SE = 20.778 bit/s/Hz
[60834 ms] [UE 48787] UL: SNR = 63.50 dB | SE = 20.778 bit/s/Hz
[60834 ms] [UE 40252] UL: SNR = 56.00 dB | SE = 18.324 bit/s/Hz
[60834 ms] [UE 15599] UL: SNR = 52.50 dB | SE = 17.179 bit/s/Hz
[60906 ms] [UE 33952] UL: SNR = 6.50 dB | SE = 2.414 bit/s/Hz
[60906 ms] [UE 12169] UL: SNR = 63.50 dB | SE = 20.778 bit/s/Hz
[60906 ms] [UE 22873] UL: SNR = 63.50 dB | SE = 20.778 bit/s/Hz
[60906 ms] [UE 30556] UL: SNR = 63.50 dB | SE = 20.778 bit/s/Hz
[60906 ms] [UE 20945] UL: SNR = 49.00 dB | SE = 16.033 bit/s/Hz
[60944 ms] [UE 45898] UL: SNR = 63.50 dB | SE = 20.778 bit/s/Hz
[60944 ms] [UE 36997] UL: SNR = 63.50 dB | SE = 20.778 bit/s/Hz
[60944 ms] [UE 48787] UL: SNR = 63.50 dB | SE = 20.778 bit/s/Hz
[60944 ms] [UE 40252] UL: SNR = 56.00 dB | SE = 18.324 bit/s/Hz
[60944 ms] [UE 15599] UL: SNR = 52.50 dB | SE = 17.179 bit/s/Hz
[61016 ms] [UE 33952] UL: SNR = 6.50 dB | SE = 2.414 bit/s/Hz
[61016 ms] [UE 12169] UL: SNR = 63.50 dB | SE = 20.778 bit/s/Hz
[61016 ms] [UE 22873] UL: SNR = 63.50 dB | SE = 20.778 bit/s/Hz
[61016 ms] [UE 30556] UL: SNR = 63.50 dB | SE = 20.778 bit/s/Hz
[61016 ms] [UE 20945] UL: SNR = 49.00 dB | SE = 16.033 bit/s/Hz
[61053 ms] [UE 45898] UL: SNR = 63.50 dB | SE = 20.778 bit/s/Hz
[61053 ms] [UE 36997] UL: SNR = 63.50 dB | SE = 20.778 bit/s/Hz
[61053 ms] [UE 48787] UL: SNR = 63.50 dB | SE = 20.778 bit/s/Hz
[61053 ms] [UE 40252] UL: SNR = 56.00 dB | SE = 18.324 bit/s/Hz
[61053 ms] [UE 15599] UL: SNR = 52.50 dB | SE = 17.179 bit/s/Hz
[61116 ms] [UE 33952] UL: SNR = 6.50 dB | SE = 2.414 bit/s/Hz
[61116 ms] [UE 12169] UL: SNR = 63.50 dB | SE = 20.778 bit/s/Hz
[61116 ms] [UE 22873] UL: SNR = 63.50 dB | SE = 20.778 bit/s/Hz
[61116 ms] [UE 30556] UL: SNR = 63.50 dB | SE = 20.778 bit/s/Hz
[61116 ms] [UE 20945] UL: SNR = 49.00 dB | SE = 16.033 bit/s/Hz
[61163 ms] [UE 45898] UL: SNR = 63.50 dB | SE = 20.778 bit/s/Hz
[61163 ms] [UE 36997] UL: SNR = 63.50 dB | SE = 20.778 bit/s/Hz
[61163 ms] [UE 48787] UL: SNR = 63.50 dB | SE = 20.778 bit/s/Hz
[61163 ms] [UE 40252] UL: SNR = 56.00 dB | SE = 18.324 bit/s/Hz
[61163 ms] [UE 15599] UL: SNR = 52.50 dB | SE = 17.179 bit/s/Hz
[61216 ms] [UE 33952] UL: SNR = 6.50 dB | SE = 2.414 bit/s/Hz
[61216 ms] [UE 12169] UL: SNR = 63.50 dB | SE = 20.778 bit/s/Hz
[61216 ms] [UE 22873] UL: SNR = 63.50 dB | SE = 20.778 bit/s/Hz
[61216 ms] [UE 30556] UL: SNR = 63.50 dB | SE = 20.778 bit/s/Hz
[61216 ms] [UE 20945] UL: SNR = 49.00 dB | SE = 16.033 bit/s/Hz
[61263 ms] [UE 45898] UL: SNR = 63.50 dB | SE = 20.778 bit/s/Hz
[61263 ms] [UE 36997] UL: SNR = 63.50 dB | SE = 20.778 bit/s/Hz
[61263 ms] [UE 48787] UL: SNR = 63.50 dB | SE = 20.778 bit/s/Hz
[61263 ms] [UE 40252] UL: SNR = 56.00 dB | SE = 18.324 bit/s/Hz
[61263 ms] [UE 15599] UL: SNR = 52.50 dB | SE = 17.179 bit/s/Hz
[61326 ms] [UE 33952] UL: SNR = 6.50 dB | SE = 2.414 bit/s/Hz
[61326 ms] [UE 12169] UL: SNR = 63.50 dB | SE = 20.778 bit/s/Hz
[61326 ms] [UE 22873] UL: SNR = 63.50 dB | SE = 20.778 bit/s/Hz
[61326 ms] [UE 30556] UL: SNR = 63.50 dB | SE = 20.778 bit/s/Hz
[61326 ms] [UE 20945] UL: SNR = 49.00 dB | SE = 16.033 bit/s/Hz
[61373 ms] [UE 45898] UL: SNR = 63.50 dB | SE = 20.778 bit/s/Hz
[61373 ms] [UE 36997] UL: SNR = 63.50 dB | SE = 20.778 bit/s/Hz
[61373 ms] [UE 48787] UL: SNR = 63.50 dB | SE = 20.778 bit/s/Hz
[61373 ms] [UE 40252] UL: SNR = 56.00 dB | SE = 18.324 bit/s/Hz
[61373 ms] [UE 15599] UL: SNR = 52.50 dB | SE = 17.179 bit/s/Hz
[61436 ms] [UE 33952] UL: SNR = 6.50 dB | SE = 2.414 bit/s/Hz
[61436 ms] [UE 12169] UL: SNR = 63.50 dB | SE = 20.778 bit/s/Hz
[61436 ms] [UE 22873] UL: SNR = 63.50 dB | SE = 20.778 bit/s/Hz
[61436 ms] [UE 30556] UL: SNR = 63.50 dB | SE = 20.778 bit/s/Hz
[61436 ms] [UE 20945] UL: SNR = 49.00 dB | SE = 16.033 bit/s/Hz
[61474 ms] [UE 45898] UL: SNR = 63.50 dB | SE = 20.778 bit/s/Hz
[61474 ms] [UE 36997] UL: SNR = 63.50 dB | SE = 20.778 bit/s/Hz
[61474 ms] [UE 48787] UL: SNR = 63.50 dB | SE = 20.778 bit/s/Hz
[61474 ms] [UE 40252] UL: SNR = 56.00 dB | SE = 18.324 bit/s/Hz
[61474 ms] [UE 15599] UL: SNR = 52.50 dB | SE = 17.179 bit/s/Hz
[61536 ms] [UE 33952] UL: SNR = 6.50 dB | SE = 2.414 bit/s/Hz
[61536 ms] [UE 12169] UL: SNR = 63.50 dB | SE = 20.778 bit/s/Hz
[61536 ms] [UE 22873] UL: SNR = 63.50 dB | SE = 20.778 bit/s/Hz
[61536 ms] [UE 30556] UL: SNR = 63.50 dB | SE = 20.778 bit/s/Hz
[61536 ms] [UE 20945] UL: SNR = 49.00 dB | SE = 16.033 bit/s/Hz
[61583 ms] [UE 45898] UL: SNR = 63.50 dB | SE = 20.778 bit/s/Hz
[61583 ms] [UE 36997] UL: SNR = 63.50 dB | SE = 20.778 bit/s/Hz
[61583 ms] [UE 48787] UL: SNR = 63.50 dB | SE = 20.778 bit/s/Hz
[61583 ms] [UE 40252] UL: SNR = 56.00 dB | SE = 18.324 bit/s/Hz
[61583 ms] [UE 15599] UL: SNR = 52.50 dB | SE = 17.179 bit/s/Hz
[61646 ms] [UE 33952] UL: SNR = 6.50 dB | SE = 2.414 bit/s/Hz
[61646 ms] [UE 12169] UL: SNR = 63.50 dB | SE = 20.778 bit/s/Hz
[61646 ms] [UE 22873] UL: SNR = 63.50 dB | SE = 20.778 bit/s/Hz
[61646 ms] [UE 30556] UL: SNR = 63.50 dB | SE = 20.778 bit/s/Hz
[61646 ms] [UE 20945] UL: SNR = 49.00 dB | SE = 16.033 bit/s/Hz
[61684 ms] [UE 45898] UL: SNR = 63.50 dB | SE = 20.778 bit/s/Hz
[61684 ms] [UE 36997] UL: SNR = 63.50 dB | SE = 20.778 bit/s/Hz
[61684 ms] [UE 48787] UL: SNR = 63.50 dB | SE = 20.778 bit/s/Hz
[61684 ms] [UE 40252] UL: SNR = 56.00 dB | SE = 18.324 bit/s/Hz
[61684 ms] [UE 15599] UL: SNR = 52.50 dB | SE = 17.179 bit/s/Hz
[61746 ms] [UE 33952] UL: SNR = 6.50 dB | SE = 2.414 bit/s/Hz
[61746 ms] [UE 12169] UL: SNR = 63.50 dB | SE = 20.778 bit/s/Hz
[61746 ms] [UE 22873] UL: SNR = 63.50 dB | SE = 20.778 bit/s/Hz
[61746 ms] [UE 30556] UL: SNR = 53.50 dB | SE = 17.506 bit/s/Hz
[61746 ms] [UE 20945] UL: SNR = 52.00 dB | SE = 17.015 bit/s/Hz
[61793 ms] [UE 45898] UL: SNR = 63.50 dB | SE = 20.778 bit/s/Hz
[61793 ms] [UE 36997] UL: SNR = 63.50 dB | SE = 20.778 bit/s/Hz
[61793 ms] [UE 48787] UL: SNR = 63.50 dB | SE = 20.778 bit/s/Hz
[61793 ms] [UE 40252] UL: SNR = 56.00 dB | SE = 18.324 bit/s/Hz
[61793 ms] [UE 15599] UL: SNR = 52.50 dB | SE = 17.179 bit/s/Hz
[61856 ms] [UE 33952] UL: SNR = 6.50 dB | SE = 2.414 bit/s/Hz
[61856 ms] [UE 12169] UL: SNR = 63.50 dB | SE = 20.778 bit/s/Hz
[61856 ms] [UE 22873] UL: SNR = 63.50 dB | SE = 20.778 bit/s/Hz
[61856 ms] [UE 30556] UL: SNR = 53.50 dB | SE = 17.506 bit/s/Hz
[61856 ms] [UE 20945] UL: SNR = 52.00 dB | SE = 17.015 bit/s/Hz
[61893 ms] [UE 45898] UL: SNR = 63.50 dB | SE = 20.778 bit/s/Hz
[61893 ms] [UE 36997] UL: SNR = 63.50 dB | SE = 20.778 bit/s/Hz
[61893 ms] [UE 48787] UL: SNR = 63.50 dB | SE = 20.778 bit/s/Hz
[61893 ms] [UE 40252] UL: SNR = 56.00 dB | SE = 18.324 bit/s/Hz
[61893 ms] [UE 15599] UL: SNR = 52.50 dB | SE = 17.179 bit/s/Hz
[61957 ms] [UE 33952] UL: SNR = 6.50 dB | SE = 2.414 bit/s/Hz
[61957 ms] [UE 12169] UL: SNR = 63.50 dB | SE = 20.778 bit/s/Hz
[61957 ms] [UE 22873] UL: SNR = 63.50 dB | SE = 20.778 bit/s/Hz
[61957 ms] [UE 30556] UL: SNR = 53.50 dB | SE = 17.506 bit/s/Hz
[61957 ms] [UE 20945] UL: SNR = 52.00 dB | SE = 17.015 bit/s/Hz
[61994 ms] [UE 45898] UL: SNR = 63.50 dB | SE = 20.778 bit/s/Hz
[61994 ms] [UE 36997] UL: SNR = 63.50 dB | SE = 20.778 bit/s/Hz
[61994 ms] [UE 48787] UL: SNR = 63.50 dB | SE = 20.778 bit/s/Hz
[61994 ms] [UE 40252] UL: SNR = 56.00 dB | SE = 18.324 bit/s/Hz
[61994 ms] [UE 15599] UL: SNR = 52.50 dB | SE = 17.179 bit/s/Hz
[62068 ms] [UE 33952] UL: SNR = 6.50 dB | SE = 2.414 bit/s/Hz
[62068 ms] [UE 12169] UL: SNR = 63.50 dB | SE = 20.778 bit/s/Hz
[62068 ms] [UE 22873] UL: SNR = 63.50 dB | SE = 20.778 bit/s/Hz
[62068 ms] [UE 30556] UL: SNR = 53.50 dB | SE = 17.506 bit/s/Hz
[62068 ms] [UE 20945] UL: SNR = 63.50 dB | SE = 20.778 bit/s/Hz
[62104 ms] [UE 45898] UL: SNR = 63.50 dB | SE = 20.778 bit/s/Hz
[62104 ms] [UE 36997] UL: SNR = 63.50 dB | SE = 20.778 bit/s/Hz
[62104 ms] [UE 48787] UL: SNR = 63.50 dB | SE = 20.778 bit/s/Hz
[62104 ms] [UE 40252] UL: SNR = 56.00 dB | SE = 18.324 bit/s/Hz
[62104 ms] [UE 15599] UL: SNR = 52.50 dB | SE = 17.179 bit/s/Hz
[62176 ms] [UE 33952] UL: SNR = 6.50 dB | SE = 2.414 bit/s/Hz
[62176 ms] [UE 12169] UL: SNR = 63.50 dB | SE = 20.778 bit/s/Hz
[62176 ms] [UE 22873] UL: SNR = 63.50 dB | SE = 20.778 bit/s/Hz
[62176 ms] [UE 30556] UL: SNR = 53.50 dB | SE = 17.506 bit/s/Hz
[62176 ms] [UE 20945] UL: SNR = 63.50 dB | SE = 20.778 bit/s/Hz
[62214 ms] [UE 45898] UL: SNR = 63.50 dB | SE = 20.778 bit/s/Hz
[62214 ms] [UE 36997] UL: SNR = 63.50 dB | SE = 20.778 bit/s/Hz
[62214 ms] [UE 48787] UL: SNR = 63.50 dB | SE = 20.778 bit/s/Hz
[62214 ms] [UE 40252] UL: SNR = 56.00 dB | SE = 18.324 bit/s/Hz
[62214 ms] [UE 15599] UL: SNR = 52.50 dB | SE = 17.179 bit/s/Hz
[62286 ms] [UE 33952] UL: SNR = 6.50 dB | SE = 2.414 bit/s/Hz
[62286 ms] [UE 12169] UL: SNR = 63.50 dB | SE = 20.778 bit/s/Hz
[62286 ms] [UE 22873] UL: SNR = 63.50 dB | SE = 20.778 bit/s/Hz
[62286 ms] [UE 30556] UL: SNR = 53.50 dB | SE = 17.506 bit/s/Hz
[62286 ms] [UE 20945] UL: SNR = 63.50 dB | SE = 20.778 bit/s/Hz
[62324 ms] [UE 45898] UL: SNR = 63.50 dB | SE = 20.778 bit/s/Hz
[62324 ms] [UE 36997] UL: SNR = 63.50 dB | SE = 20.778 bit/s/Hz
[62324 ms] [UE 48787] UL: SNR = 63.50 dB | SE = 20.778 bit/s/Hz
[62324 ms] [UE 40252] UL: SNR = 56.00 dB | SE = 18.324 bit/s/Hz
[62324 ms] [UE 15599] UL: SNR = 52.50 dB | SE = 17.179 bit/s/Hz
[62386 ms] [UE 33952] UL: SNR = 6.50 dB | SE = 2.414 bit/s/Hz
[62386 ms] [UE 12169] UL: SNR = 63.50 dB | SE = 20.778 bit/s/Hz
[62386 ms] [UE 22873] UL: SNR = 63.50 dB | SE = 20.778 bit/s/Hz
[62386 ms] [UE 30556] UL: SNR = 53.50 dB | SE = 17.506 bit/s/Hz
[62386 ms] [UE 20945] UL: SNR = 63.50 dB | SE = 20.778 bit/s/Hz
[62434 ms] [UE 45898] UL: SNR = 63.50 dB | SE = 20.778 bit/s/Hz
[62434 ms] [UE 36997] UL: SNR = 63.50 dB | SE = 20.778 bit/s/Hz
[62434 ms] [UE 48787] UL: SNR = 63.50 dB | SE = 20.778 bit/s/Hz
[62434 ms] [UE 40252] UL: SNR = 56.00 dB | SE = 18.324 bit/s/Hz
[62434 ms] [UE 15599] UL: SNR = 52.50 dB | SE = 17.179 bit/s/Hz
[62496 ms] [UE 33952] UL: SNR = 6.50 dB | SE = 2.414 bit/s/Hz
[62496 ms] [UE 12169] UL: SNR = 63.50 dB | SE = 20.778 bit/s/Hz
[62496 ms] [UE 22873] UL: SNR = 63.50 dB | SE = 20.778 bit/s/Hz
[62496 ms] [UE 30556] UL: SNR = 63.50 dB | SE = 20.778 bit/s/Hz
[62496 ms] [UE 20945] UL: SNR = 63.50 dB | SE = 20.778 bit/s/Hz
[62543 ms] [UE 45898] UL: SNR = 63.50 dB | SE = 20.778 bit/s/Hz
[62543 ms] [UE 36997] UL: SNR = 63.50 dB | SE = 20.778 bit/s/Hz
[62543 ms] [UE 48787] UL: SNR = 63.50 dB | SE = 20.778 bit/s/Hz
[62543 ms] [UE 40252] UL: SNR = 56.00 dB | SE = 18.324 bit/s/Hz
[62543 ms] [UE 15599] UL: SNR = 52.50 dB | SE = 17.179 bit/s/Hz
[62596 ms] [UE 33952] UL: SNR = 6.50 dB | SE = 2.414 bit/s/Hz
[62596 ms] [UE 12169] UL: SNR = 63.50 dB | SE = 20.778 bit/s/Hz
[62596 ms] [UE 22873] UL: SNR = 63.50 dB | SE = 20.778 bit/s/Hz
[62596 ms] [UE 30556] UL: SNR = 63.50 dB | SE = 20.778 bit/s/Hz
[62596 ms] [UE 20945] UL: SNR = 63.50 dB | SE = 20.778 bit/s/Hz
[62643 ms] [UE 45898] UL: SNR = 63.50 dB | SE = 20.778 bit/s/Hz
[62643 ms] [UE 36997] UL: SNR = 63.50 dB | SE = 20.778 bit/s/Hz
[62643 ms] [UE 48787] UL: SNR = 63.50 dB | SE = 20.778 bit/s/Hz
[62643 ms] [UE 40252] UL: SNR = 56.00 dB | SE = 18.324 bit/s/Hz
[62643 ms] [UE 15599] UL: SNR = 52.50 dB | SE = 17.179 bit/s/Hz
[62697 ms] [UE 33952] UL: SNR = 6.50 dB | SE = 2.414 bit/s/Hz
[62697 ms] [UE 12169] UL: SNR = 63.50 dB | SE = 20.778 bit/s/Hz
[62697 ms] [UE 22873] UL: SNR = 63.50 dB | SE = 20.778 bit/s/Hz
[62697 ms] [UE 30556] UL: SNR = 63.50 dB | SE = 20.778 bit/s/Hz
[62697 ms] [UE 20945] UL: SNR = 63.50 dB | SE = 20.778 bit/s/Hz
[62744 ms] [UE 45898] UL: SNR = 63.50 dB | SE = 20.778 bit/s/Hz
[62744 ms] [UE 36997] UL: SNR = 63.50 dB | SE = 20.778 bit/s/Hz
[62744 ms] [UE 48787] UL: SNR = 63.50 dB | SE = 20.778 bit/s/Hz
[62744 ms] [UE 40252] UL: SNR = 56.00 dB | SE = 18.324 bit/s/Hz
[62744 ms] [UE 15599] UL: SNR = 52.50 dB | SE = 17.179 bit/s/Hz
[62806 ms] [UE 33952] UL: SNR = 6.50 dB | SE = 2.414 bit/s/Hz
[62806 ms] [UE 12169] UL: SNR = 63.50 dB | SE = 20.778 bit/s/Hz
[62806 ms] [UE 22873] UL: SNR = 63.50 dB | SE = 20.778 bit/s/Hz
[62806 ms] [UE 30556] UL: SNR = 63.50 dB | SE = 20.778 bit/s/Hz
[62806 ms] [UE 20945] UL: SNR = 63.50 dB | SE = 20.778 bit/s/Hz
[62853 ms] [UE 45898] UL: SNR = 63.50 dB | SE = 20.778 bit/s/Hz
[62853 ms] [UE 36997] UL: SNR = 63.50 dB | SE = 20.778 bit/s/Hz
[62853 ms] [UE 48787] UL: SNR = 63.50 dB | SE = 20.778 bit/s/Hz
[62853 ms] [UE 40252] UL: SNR = 56.00 dB | SE = 18.324 bit/s/Hz
[62853 ms] [UE 15599] UL: SNR = 52.50 dB | SE = 17.179 bit/s/Hz
[62916 ms] [UE 33952] UL: SNR = 6.50 dB | SE = 2.414 bit/s/Hz
[62916 ms] [UE 12169] UL: SNR = 63.50 dB | SE = 20.778 bit/s/Hz
[62916 ms] [UE 22873] UL: SNR = 63.50 dB | SE = 20.778 bit/s/Hz
[62916 ms] [UE 30556] UL: SNR = 63.50 dB | SE = 20.778 bit/s/Hz
[62916 ms] [UE 20945] UL: SNR = 63.50 dB | SE = 20.778 bit/s/Hz
[62954 ms] [UE 45898] UL: SNR = 63.50 dB | SE = 20.778 bit/s/Hz
[62954 ms] [UE 36997] UL: SNR = 63.50 dB | SE = 20.778 bit/s/Hz
[62954 ms] [UE 48787] UL: SNR = 63.50 dB | SE = 20.778 bit/s/Hz
[62954 ms] [UE 40252] UL: SNR = 56.00 dB | SE = 18.324 bit/s/Hz
[62954 ms] [UE 15599] UL: SNR = 52.50 dB | SE = 17.179 bit/s/Hz
[63017 ms] [UE 33952] UL: SNR = 6.50 dB | SE = 2.414 bit/s/Hz
[63017 ms] [UE 12169] UL: SNR = 63.50 dB | SE = 20.778 bit/s/Hz
[63017 ms] [UE 22873] UL: SNR = 63.50 dB | SE = 20.778 bit/s/Hz
[63017 ms] [UE 30556] UL: SNR = 63.50 dB | SE = 20.778 bit/s/Hz
[63017 ms] [UE 20945] UL: SNR = 63.50 dB | SE = 20.778 bit/s/Hz
[63064 ms] [UE 45898] UL: SNR = 63.50 dB | SE = 20.778 bit/s/Hz
[63064 ms] [UE 36997] UL: SNR = 63.50 dB | SE = 20.778 bit/s/Hz
[63064 ms] [UE 48787] UL: SNR = 63.50 dB | SE = 20.778 bit/s/Hz
[63064 ms] [UE 40252] UL: SNR = 56.00 dB | SE = 18.324 bit/s/Hz
[63064 ms] [UE 15599] UL: SNR = 52.50 dB | SE = 17.179 bit/s/Hz
[63126 ms] [UE 33952] UL: SNR = 6.50 dB | SE = 2.414 bit/s/Hz
[63126 ms] [UE 12169] UL: SNR = 63.50 dB | SE = 20.778 bit/s/Hz
[63126 ms] [UE 22873] UL: SNR = 63.50 dB | SE = 20.778 bit/s/Hz
[63126 ms] [UE 30556] UL: SNR = 63.50 dB | SE = 20.778 bit/s/Hz
[63126 ms] [UE 20945] UL: SNR = 63.50 dB | SE = 20.778 bit/s/Hz
[63174 ms] [UE 45898] UL: SNR = 63.50 dB | SE = 20.778 bit/s/Hz
[63174 ms] [UE 36997] UL: SNR = 63.50 dB | SE = 20.778 bit/s/Hz
[63174 ms] [UE 48787] UL: SNR = 63.50 dB | SE = 20.778 bit/s/Hz
[63174 ms] [UE 40252] UL: SNR = 56.00 dB | SE = 18.324 bit/s/Hz
[63174 ms] [UE 15599] UL: SNR = 52.50 dB | SE = 17.179 bit/s/Hz
[63229 ms] [UE 33952] UL: SNR = 6.50 dB | SE = 2.414 bit/s/Hz
[63229 ms] [UE 12169] UL: SNR = 63.50 dB | SE = 20.778 bit/s/Hz
[63229 ms] [UE 22873] UL: SNR = 63.50 dB | SE = 20.778 bit/s/Hz
[63229 ms] [UE 30556] UL: SNR = 63.50 dB | SE = 20.778 bit/s/Hz
[63229 ms] [UE 20945] UL: SNR = 63.50 dB | SE = 20.778 bit/s/Hz
[63283 ms] [UE 45898] UL: SNR = 63.50 dB | SE = 20.778 bit/s/Hz
[63283 ms] [UE 36997] UL: SNR = 63.50 dB | SE = 20.778 bit/s/Hz
[63283 ms] [UE 48787] UL: SNR = 63.50 dB | SE = 20.778 bit/s/Hz
[63283 ms] [UE 40252] UL: SNR = 56.00 dB | SE = 18.324 bit/s/Hz
[63283 ms] [UE 15599] UL: SNR = 52.50 dB | SE = 17.179 bit/s/Hz
[63336 ms] [UE 33952] UL: SNR = 6.50 dB | SE = 2.414 bit/s/Hz
[63336 ms] [UE 12169] UL: SNR = 63.50 dB | SE = 20.778 bit/s/Hz
[63336 ms] [UE 22873] UL: SNR = 63.50 dB | SE = 20.778 bit/s/Hz
[63336 ms] [UE 30556] UL: SNR = 63.50 dB | SE = 20.778 bit/s/Hz
[63336 ms] [UE 20945] UL: SNR = 63.50 dB | SE = 20.778 bit/s/Hz
[63383 ms] [UE 45898] UL: SNR = 63.50 dB | SE = 20.778 bit/s/Hz
[63383 ms] [UE 36997] UL: SNR = 63.50 dB | SE = 20.778 bit/s/Hz
[63383 ms] [UE 48787] UL: SNR = 63.50 dB | SE = 20.778 bit/s/Hz
[63383 ms] [UE 40252] UL: SNR = 56.00 dB | SE = 18.324 bit/s/Hz
[63383 ms] [UE 15599] UL: SNR = 52.50 dB | SE = 17.179 bit/s/Hz
[63436 ms] [UE 33952] UL: SNR = 6.50 dB | SE = 2.414 bit/s/Hz
[63436 ms] [UE 12169] UL: SNR = 63.50 dB | SE = 20.778 bit/s/Hz
[63436 ms] [UE 22873] UL: SNR = 63.50 dB | SE = 20.778 bit/s/Hz
[63436 ms] [UE 30556] UL: SNR = 63.50 dB | SE = 20.778 bit/s/Hz
[63436 ms] [UE 20945] UL: SNR = 63.50 dB | SE = 20.778 bit/s/Hz
[63483 ms] [UE 45898] UL: SNR = 63.50 dB | SE = 20.778 bit/s/Hz
[63483 ms] [UE 36997] UL: SNR = 63.50 dB | SE = 20.778 bit/s/Hz
[63483 ms] [UE 48787] UL: SNR = 63.50 dB | SE = 20.778 bit/s/Hz
[63483 ms] [UE 40252] UL: SNR = 56.00 dB | SE = 18.324 bit/s/Hz
[63483 ms] [UE 15599] UL: SNR = 52.50 dB | SE = 17.179 bit/s/Hz
[63536 ms] [UE 33952] UL: SNR = 6.50 dB | SE = 2.414 bit/s/Hz
[63536 ms] [UE 12169] UL: SNR = 63.50 dB | SE = 20.778 bit/s/Hz
[63536 ms] [UE 22873] UL: SNR = 63.50 dB | SE = 20.778 bit/s/Hz
[63536 ms] [UE 30556] UL: SNR = 63.50 dB | SE = 20.778 bit/s/Hz
[63536 ms] [UE 20945] UL: SNR = 63.50 dB | SE = 20.778 bit/s/Hz
[63593 ms] [UE 45898] UL: SNR = 63.50 dB | SE = 20.778 bit/s/Hz
[63593 ms] [UE 36997] UL: SNR = 63.50 dB | SE = 20.778 bit/s/Hz
[63593 ms] [UE 48787] UL: SNR = 63.50 dB | SE = 20.778 bit/s/Hz
[63593 ms] [UE 40252] UL: SNR = 56.00 dB | SE = 18.324 bit/s/Hz
[63593 ms] [UE 15599] UL: SNR = 52.50 dB | SE = 17.179 bit/s/Hz
[63646 ms] [UE 33952] UL: SNR = 6.50 dB | SE = 2.414 bit/s/Hz
[63646 ms] [UE 12169] UL: SNR = 63.50 dB | SE = 20.778 bit/s/Hz
[63646 ms] [UE 22873] UL: SNR = 63.50 dB | SE = 20.778 bit/s/Hz
[63646 ms] [UE 30556] UL: SNR = 63.50 dB | SE = 20.778 bit/s/Hz
[63646 ms] [UE 20945] UL: SNR = 63.50 dB | SE = 20.778 bit/s/Hz
[63694 ms] [UE 45898] UL: SNR = 63.50 dB | SE = 20.778 bit/s/Hz
[63694 ms] [UE 36997] UL: SNR = 63.50 dB | SE = 20.778 bit/s/Hz
[63694 ms] [UE 48787] UL: SNR = 63.50 dB | SE = 20.778 bit/s/Hz
[63694 ms] [UE 40252] UL: SNR = 56.00 dB | SE = 18.324 bit/s/Hz
[63694 ms] [UE 15599] UL: SNR = 52.50 dB | SE = 17.179 bit/s/Hz
[63748 ms] [UE 33952] UL: SNR = 6.50 dB | SE = 2.414 bit/s/Hz
[63748 ms] [UE 12169] UL: SNR = 63.50 dB | SE = 20.778 bit/s/Hz
[63748 ms] [UE 22873] UL: SNR = 63.50 dB | SE = 20.778 bit/s/Hz
[63748 ms] [UE 30556] UL: SNR = 63.50 dB | SE = 20.778 bit/s/Hz
[63748 ms] [UE 20945] UL: SNR = 63.50 dB | SE = 20.778 bit/s/Hz
[63804 ms] [UE 45898] UL: SNR = 63.50 dB | SE = 20.778 bit/s/Hz
[63804 ms] [UE 36997] UL: SNR = 63.50 dB | SE = 20.778 bit/s/Hz
[63804 ms] [UE 48787] UL: SNR = 63.50 dB | SE = 20.778 bit/s/Hz
[63804 ms] [UE 40252] UL: SNR = 56.00 dB | SE = 18.324 bit/s/Hz
[63804 ms] [UE 15599] UL: SNR = 52.50 dB | SE = 17.179 bit/s/Hz
[63856 ms] [UE 33952] UL: SNR = 6.50 dB | SE = 2.414 bit/s/Hz
[63856 ms] [UE 12169] UL: SNR = 63.50 dB | SE = 20.778 bit/s/Hz
[63856 ms] [UE 22873] UL: SNR = 63.50 dB | SE = 20.778 bit/s/Hz
[63856 ms] [UE 30556] UL: SNR = 63.50 dB | SE = 20.778 bit/s/Hz
[63856 ms] [UE 20945] UL: SNR = 63.50 dB | SE = 20.778 bit/s/Hz
[63904 ms] [UE 45898] UL: SNR = 63.50 dB | SE = 20.778 bit/s/Hz
[63904 ms] [UE 36997] UL: SNR = 63.50 dB | SE = 20.778 bit/s/Hz
[63904 ms] [UE 48787] UL: SNR = 63.50 dB | SE = 20.778 bit/s/Hz
[63904 ms] [UE 40252] UL: SNR = 56.00 dB | SE = 18.324 bit/s/Hz
[63904 ms] [UE 15599] UL: SNR = 52.50 dB | SE = 17.179 bit/s/Hz
[63966 ms] [UE 33952] UL: SNR = 6.50 dB | SE = 2.414 bit/s/Hz
[63966 ms] [UE 12169] UL: SNR = 63.50 dB | SE = 20.778 bit/s/Hz
[63966 ms] [UE 22873] UL: SNR = 63.50 dB | SE = 20.778 bit/s/Hz
[63966 ms] [UE 30556] UL: SNR = 63.50 dB | SE = 20.778 bit/s/Hz
[63966 ms] [UE 20945] UL: SNR = 63.50 dB | SE = 20.778 bit/s/Hz
[64013 ms] [UE 45898] UL: SNR = 63.50 dB | SE = 20.778 bit/s/Hz
[64013 ms] [UE 36997] UL: SNR = 63.50 dB | SE = 20.778 bit/s/Hz
[64013 ms] [UE 48787] UL: SNR = 63.50 dB | SE = 20.778 bit/s/Hz
[64013 ms] [UE 40252] UL: SNR = 56.00 dB | SE = 18.324 bit/s/Hz
[64013 ms] [UE 15599] UL: SNR = 52.50 dB | SE = 17.179 bit/s/Hz
[64076 ms] [UE 33952] UL: SNR = 6.50 dB | SE = 2.414 bit/s/Hz
[64076 ms] [UE 12169] UL: SNR = 63.50 dB | SE = 20.778 bit/s/Hz
[64076 ms] [UE 22873] UL: SNR = 63.50 dB | SE = 20.778 bit/s/Hz
[64076 ms] [UE 30556] UL: SNR = 63.50 dB | SE = 20.778 bit/s/Hz
[64076 ms] [UE 20945] UL: SNR = 63.50 dB | SE = 20.778 bit/s/Hz
[64123 ms] [UE 45898] UL: SNR = 63.50 dB | SE = 20.778 bit/s/Hz
[64123 ms] [UE 36997] UL: SNR = 63.50 dB | SE = 20.778 bit/s/Hz
[64123 ms] [UE 48787] UL: SNR = 63.50 dB | SE = 20.778 bit/s/Hz
[64123 ms] [UE 40252] UL: SNR = 56.00 dB | SE = 18.324 bit/s/Hz
[64123 ms] [UE 15599] UL: SNR = 52.50 dB | SE = 17.179 bit/s/Hz
[64177 ms] [UE 33952] UL: SNR = 6.50 dB | SE = 2.414 bit/s/Hz
[64177 ms] [UE 12169] UL: SNR = 63.50 dB | SE = 20.778 bit/s/Hz
[64177 ms] [UE 22873] UL: SNR = 63.50 dB | SE = 20.778 bit/s/Hz
[64177 ms] [UE 30556] UL: SNR = 63.50 dB | SE = 20.778 bit/s/Hz
[64177 ms] [UE 20945] UL: SNR = 63.50 dB | SE = 20.778 bit/s/Hz
[64234 ms] [UE 45898] UL: SNR = 63.50 dB | SE = 20.778 bit/s/Hz
[64234 ms] [UE 36997] UL: SNR = 63.50 dB | SE = 20.778 bit/s/Hz
[64234 ms] [UE 48787] UL: SNR = 63.50 dB | SE = 20.778 bit/s/Hz
[64234 ms] [UE 40252] UL: SNR = 56.00 dB | SE = 18.324 bit/s/Hz
[64234 ms] [UE 15599] UL: SNR = 52.50 dB | SE = 17.179 bit/s/Hz
[64286 ms] [UE 33952] UL: SNR = 6.50 dB | SE = 2.414 bit/s/Hz
[64286 ms] [UE 12169] UL: SNR = 63.50 dB | SE = 20.778 bit/s/Hz
[64286 ms] [UE 22873] UL: SNR = 63.50 dB | SE = 20.778 bit/s/Hz
[64286 ms] [UE 30556] UL: SNR = 63.50 dB | SE = 20.778 bit/s/Hz
[64286 ms] [UE 20945] UL: SNR = 63.50 dB | SE = 20.778 bit/s/Hz
[64343 ms] [UE 45898] UL: SNR = 63.50 dB | SE = 20.778 bit/s/Hz
[64343 ms] [UE 36997] UL: SNR = 63.50 dB | SE = 20.778 bit/s/Hz
[64343 ms] [UE 48787] UL: SNR = 63.50 dB | SE = 20.778 bit/s/Hz
[64343 ms] [UE 40252] UL: SNR = 56.00 dB | SE = 18.324 bit/s/Hz
[64343 ms] [UE 15599] UL: SNR = 52.50 dB | SE = 17.179 bit/s/Hz
[64386 ms] [UE 33952] UL: SNR = 6.50 dB | SE = 2.414 bit/s/Hz
[64386 ms] [UE 12169] UL: SNR = 63.50 dB | SE = 20.778 bit/s/Hz
[64386 ms] [UE 22873] UL: SNR = 63.50 dB | SE = 20.778 bit/s/Hz
[64386 ms] [UE 30556] UL: SNR = 63.50 dB | SE = 20.778 bit/s/Hz
[64386 ms] [UE 20945] UL: SNR = 63.50 dB | SE = 20.778 bit/s/Hz
[64443 ms] [UE 45898] UL: SNR = 63.50 dB | SE = 20.778 bit/s/Hz
[64443 ms] [UE 36997] UL: SNR = 63.50 dB | SE = 20.778 bit/s/Hz
[64443 ms] [UE 48787] UL: SNR = 63.50 dB | SE = 20.778 bit/s/Hz
[64443 ms] [UE 40252] UL: SNR = 56.00 dB | SE = 18.324 bit/s/Hz
[64443 ms] [UE 15599] UL: SNR = 52.50 dB | SE = 17.179 bit/s/Hz
[64496 ms] [UE 33952] UL: SNR = 6.50 dB | SE = 2.414 bit/s/Hz
[64496 ms] [UE 12169] UL: SNR = 63.50 dB | SE = 20.778 bit/s/Hz
[64496 ms] [UE 22873] UL: SNR = 63.50 dB | SE = 20.778 bit/s/Hz
[64496 ms] [UE 30556] UL: SNR = 63.50 dB | SE = 20.778 bit/s/Hz
[64496 ms] [UE 20945] UL: SNR = 63.50 dB | SE = 20.778 bit/s/Hz
[64554 ms] [UE 45898] UL: SNR = 63.50 dB | SE = 20.778 bit/s/Hz
[64554 ms] [UE 36997] UL: SNR = 63.50 dB | SE = 20.778 bit/s/Hz
[64554 ms] [UE 48787] UL: SNR = 63.50 dB | SE = 20.778 bit/s/Hz
[64554 ms] [UE 40252] UL: SNR = 56.00 dB | SE = 18.324 bit/s/Hz
[64554 ms] [UE 15599] UL: SNR = 52.50 dB | SE = 17.179 bit/s/Hz
[64596 ms] [UE 33952] UL: SNR = 6.50 dB | SE = 2.414 bit/s/Hz
[64596 ms] [UE 12169] UL: SNR = 63.50 dB | SE = 20.778 bit/s/Hz
[64596 ms] [UE 22873] UL: SNR = 63.50 dB | SE = 20.778 bit/s/Hz
[64596 ms] [UE 30556] UL: SNR = 63.50 dB | SE = 20.778 bit/s/Hz
[64596 ms] [UE 20945] UL: SNR = 63.50 dB | SE = 20.778 bit/s/Hz
[64654 ms] [UE 45898] UL: SNR = 63.50 dB | SE = 20.778 bit/s/Hz
[64654 ms] [UE 36997] UL: SNR = 63.50 dB | SE = 20.778 bit/s/Hz
[64654 ms] [UE 48787] UL: SNR = 63.50 dB | SE = 20.778 bit/s/Hz
[64654 ms] [UE 40252] UL: SNR = 56.00 dB | SE = 18.324 bit/s/Hz
[64654 ms] [UE 15599] UL: SNR = 52.50 dB | SE = 17.179 bit/s/Hz
[64697 ms] [UE 33952] UL: SNR = 6.50 dB | SE = 2.414 bit/s/Hz
[64697 ms] [UE 12169] UL: SNR = 63.50 dB | SE = 20.778 bit/s/Hz
[64697 ms] [UE 22873] UL: SNR = 63.50 dB | SE = 20.778 bit/s/Hz
[64697 ms] [UE 30556] UL: SNR = 63.50 dB | SE = 20.778 bit/s/Hz
[64697 ms] [UE 20945] UL: SNR = 63.50 dB | SE = 20.778 bit/s/Hz
[64763 ms] [UE 45898] UL: SNR = 63.50 dB | SE = 20.778 bit/s/Hz
[64763 ms] [UE 36997] UL: SNR = 63.50 dB | SE = 20.778 bit/s/Hz
[64763 ms] [UE 48787] UL: SNR = 63.50 dB | SE = 20.778 bit/s/Hz
[64763 ms] [UE 40252] UL: SNR = 56.00 dB | SE = 18.324 bit/s/Hz
[64763 ms] [UE 15599] UL: SNR = 52.50 dB | SE = 17.179 bit/s/Hz
[64807 ms] [UE 33952] UL: SNR = 6.50 dB | SE = 2.414 bit/s/Hz
[64807 ms] [UE 12169] UL: SNR = 63.50 dB | SE = 20.778 bit/s/Hz
[64807 ms] [UE 22873] UL: SNR = 63.50 dB | SE = 20.778 bit/s/Hz
[64807 ms] [UE 30556] UL: SNR = 63.50 dB | SE = 20.778 bit/s/Hz
[64807 ms] [UE 20945] UL: SNR = 63.50 dB | SE = 20.778 bit/s/Hz
[64873 ms] [UE 45898] UL: SNR = 63.50 dB | SE = 20.778 bit/s/Hz
[64873 ms] [UE 36997] UL: SNR = 63.50 dB | SE = 20.778 bit/s/Hz
[64873 ms] [UE 48787] UL: SNR = 63.50 dB | SE = 20.778 bit/s/Hz
[64873 ms] [UE 40252] UL: SNR = 56.00 dB | SE = 18.324 bit/s/Hz
[64873 ms] [UE 15599] UL: SNR = 52.50 dB | SE = 17.179 bit/s/Hz
[64917 ms] [UE 33952] UL: SNR = 6.50 dB | SE = 2.414 bit/s/Hz
[64917 ms] [UE 12169] UL: SNR = 63.50 dB | SE = 20.778 bit/s/Hz
[64917 ms] [UE 22873] UL: SNR = 63.50 dB | SE = 20.778 bit/s/Hz
[64917 ms] [UE 30556] UL: SNR = 63.50 dB | SE = 20.778 bit/s/Hz
[64917 ms] [UE 20945] UL: SNR = 63.50 dB | SE = 20.778 bit/s/Hz
[64973 ms] [UE 45898] UL: SNR = 63.50 dB | SE = 20.778 bit/s/Hz
[64973 ms] [UE 36997] UL: SNR = 63.50 dB | SE = 20.778 bit/s/Hz
[64973 ms] [UE 48787] UL: SNR = 63.50 dB | SE = 20.778 bit/s/Hz
[64973 ms] [UE 40252] UL: SNR = 56.00 dB | SE = 18.324 bit/s/Hz
[64973 ms] [UE 15599] UL: SNR = 52.50 dB | SE = 17.179 bit/s/Hz
[65026 ms] [UE 33952] UL: SNR = 6.50 dB | SE = 2.414 bit/s/Hz
[65026 ms] [UE 12169] UL: SNR = 63.50 dB | SE = 20.778 bit/s/Hz
[65026 ms] [UE 22873] UL: SNR = 63.50 dB | SE = 20.778 bit/s/Hz
[65026 ms] [UE 30556] UL: SNR = 63.50 dB | SE = 20.778 bit/s/Hz
[65026 ms] [UE 20945] UL: SNR = 63.50 dB | SE = 20.778 bit/s/Hz
[65073 ms] [UE 45898] UL: SNR = 63.50 dB | SE = 20.778 bit/s/Hz
[65073 ms] [UE 36997] UL: SNR = 63.50 dB | SE = 20.778 bit/s/Hz
[65073 ms] [UE 48787] UL: SNR = 63.50 dB | SE = 20.778 bit/s/Hz
[65073 ms] [UE 40252] UL: SNR = 56.00 dB | SE = 18.324 bit/s/Hz
[65073 ms] [UE 15599] UL: SNR = 52.50 dB | SE = 17.179 bit/s/Hz
[65137 ms] [UE 33952] UL: SNR = 6.50 dB | SE = 2.414 bit/s/Hz
[65137 ms] [UE 12169] UL: SNR = 63.50 dB | SE = 20.778 bit/s/Hz
[65137 ms] [UE 22873] UL: SNR = 63.50 dB | SE = 20.778 bit/s/Hz
[65137 ms] [UE 30556] UL: SNR = 63.50 dB | SE = 20.778 bit/s/Hz
[65137 ms] [UE 20945] UL: SNR = 63.50 dB | SE = 20.778 bit/s/Hz
[65174 ms] [UE 45898] UL: SNR = 63.50 dB | SE = 20.778 bit/s/Hz
[65174 ms] [UE 36997] UL: SNR = 63.50 dB | SE = 20.778 bit/s/Hz
[65174 ms] [UE 48787] UL: SNR = 63.50 dB | SE = 20.778 bit/s/Hz
[65174 ms] [UE 40252] UL: SNR = 56.00 dB | SE = 18.324 bit/s/Hz
[65174 ms] [UE 15599] UL: SNR = 52.50 dB | SE = 17.179 bit/s/Hz
[65246 ms] [UE 33952] UL: SNR = 6.50 dB | SE = 2.414 bit/s/Hz
[65246 ms] [UE 12169] UL: SNR = 63.50 dB | SE = 20.778 bit/s/Hz
[65246 ms] [UE 22873] UL: SNR = 63.50 dB | SE = 20.778 bit/s/Hz
[65246 ms] [UE 30556] UL: SNR = 63.50 dB | SE = 20.778 bit/s/Hz
[65246 ms] [UE 20945] UL: SNR = 63.50 dB | SE = 20.778 bit/s/Hz
[65283 ms] [UE 45898] UL: SNR = 63.50 dB | SE = 20.778 bit/s/Hz
[65283 ms] [UE 36997] UL: SNR = 63.50 dB | SE = 20.778 bit/s/Hz
[65283 ms] [UE 48787] UL: SNR = 63.50 dB | SE = 20.778 bit/s/Hz
[65283 ms] [UE 40252] UL: SNR = 56.00 dB | SE = 18.324 bit/s/Hz
[65283 ms] [UE 15599] UL: SNR = 52.50 dB | SE = 17.179 bit/s/Hz
[65356 ms] [UE 33952] UL: SNR = 6.50 dB | SE = 2.414 bit/s/Hz
[65356 ms] [UE 12169] UL: SNR = 63.50 dB | SE = 20.778 bit/s/Hz
[65356 ms] [UE 22873] UL: SNR = 63.50 dB | SE = 20.778 bit/s/Hz
[65356 ms] [UE 30556] UL: SNR = 63.50 dB | SE = 20.778 bit/s/Hz
[65356 ms] [UE 20945] UL: SNR = 63.50 dB | SE = 20.778 bit/s/Hz
[65394 ms] [UE 45898] UL: SNR = 63.50 dB | SE = 20.778 bit/s/Hz
[65394 ms] [UE 36997] UL: SNR = 63.50 dB | SE = 20.778 bit/s/Hz
[65394 ms] [UE 48787] UL: SNR = 63.50 dB | SE = 20.778 bit/s/Hz
[65394 ms] [UE 40252] UL: SNR = 56.00 dB | SE = 18.324 bit/s/Hz
[65394 ms] [UE 15599] UL: SNR = 52.50 dB | SE = 17.179 bit/s/Hz
[65466 ms] [UE 33952] UL: SNR = 6.50 dB | SE = 2.414 bit/s/Hz
[65466 ms] [UE 12169] UL: SNR = 63.50 dB | SE = 20.778 bit/s/Hz
[65466 ms] [UE 22873] UL: SNR = 63.50 dB | SE = 20.778 bit/s/Hz
[65466 ms] [UE 30556] UL: SNR = 63.50 dB | SE = 20.778 bit/s/Hz
[65466 ms] [UE 20945] UL: SNR = 63.50 dB | SE = 20.778 bit/s/Hz
[65503 ms] [UE 45898] UL: SNR = 63.50 dB | SE = 20.778 bit/s/Hz
[65503 ms] [UE 36997] UL: SNR = 63.50 dB | SE = 20.778 bit/s/Hz
[65503 ms] [UE 48787] UL: SNR = 63.50 dB | SE = 20.778 bit/s/Hz
[65503 ms] [UE 40252] UL: SNR = 56.00 dB | SE = 18.324 bit/s/Hz
[65503 ms] [UE 15599] UL: SNR = 52.50 dB | SE = 17.179 bit/s/Hz
[65566 ms] [UE 33952] UL: SNR = 6.50 dB | SE = 2.414 bit/s/Hz
[65566 ms] [UE 12169] UL: SNR = 63.50 dB | SE = 20.778 bit/s/Hz
[65566 ms] [UE 22873] UL: SNR = 63.50 dB | SE = 20.778 bit/s/Hz
[65566 ms] [UE 30556] UL: SNR = 63.50 dB | SE = 20.778 bit/s/Hz
[65566 ms] [UE 20945] UL: SNR = 63.50 dB | SE = 20.778 bit/s/Hz
[65604 ms] [UE 45898] UL: SNR = 63.50 dB | SE = 20.778 bit/s/Hz
[65604 ms] [UE 36997] UL: SNR = 63.50 dB | SE = 20.778 bit/s/Hz
[65604 ms] [UE 48787] UL: SNR = 63.50 dB | SE = 20.778 bit/s/Hz
[65604 ms] [UE 40252] UL: SNR = 56.00 dB | SE = 18.324 bit/s/Hz
[65604 ms] [UE 15599] UL: SNR = 52.50 dB | SE = 17.179 bit/s/Hz
[65666 ms] [UE 33952] UL: SNR = 6.50 dB | SE = 2.414 bit/s/Hz
[65666 ms] [UE 12169] UL: SNR = 63.50 dB | SE = 20.778 bit/s/Hz
[65666 ms] [UE 22873] UL: SNR = 63.50 dB | SE = 20.778 bit/s/Hz
[65666 ms] [UE 30556] UL: SNR = 63.50 dB | SE = 20.778 bit/s/Hz
[65666 ms] [UE 20945] UL: SNR = 63.50 dB | SE = 20.778 bit/s/Hz
[65714 ms] [UE 45898] UL: SNR = 63.50 dB | SE = 20.778 bit/s/Hz
[65714 ms] [UE 36997] UL: SNR = 63.50 dB | SE = 20.778 bit/s/Hz
[65714 ms] [UE 48787] UL: SNR = 63.50 dB | SE = 20.778 bit/s/Hz
[65714 ms] [UE 40252] UL: SNR = 56.00 dB | SE = 18.324 bit/s/Hz
[65714 ms] [UE 15599] UL: SNR = 52.50 dB | SE = 17.179 bit/s/Hz
[65776 ms] [UE 33952] UL: SNR = 6.50 dB | SE = 2.414 bit/s/Hz
[65776 ms] [UE 12169] UL: SNR = 63.50 dB | SE = 20.778 bit/s/Hz
[65776 ms] [UE 22873] UL: SNR = 63.50 dB | SE = 20.778 bit/s/Hz
[65776 ms] [UE 30556] UL: SNR = 63.50 dB | SE = 20.778 bit/s/Hz
[65776 ms] [UE 20945] UL: SNR = 54.00 dB | SE = 17.669 bit/s/Hz
[65823 ms] [UE 45898] UL: SNR = 63.50 dB | SE = 20.778 bit/s/Hz
[65823 ms] [UE 36997] UL: SNR = 63.50 dB | SE = 20.778 bit/s/Hz
[65823 ms] [UE 48787] UL: SNR = 63.50 dB | SE = 20.778 bit/s/Hz
[65823 ms] [UE 40252] UL: SNR = 56.00 dB | SE = 18.324 bit/s/Hz
[65823 ms] [UE 15599] UL: SNR = 52.50 dB | SE = 17.179 bit/s/Hz
[65886 ms] [UE 33952] UL: SNR = 6.50 dB | SE = 2.414 bit/s/Hz
[65886 ms] [UE 12169] UL: SNR = 63.50 dB | SE = 20.778 bit/s/Hz
[65886 ms] [UE 22873] UL: SNR = 63.50 dB | SE = 20.778 bit/s/Hz
[65886 ms] [UE 30556] UL: SNR = 63.50 dB | SE = 20.778 bit/s/Hz
[65886 ms] [UE 20945] UL: SNR = 54.00 dB | SE = 17.669 bit/s/Hz
[65923 ms] [UE 45898] UL: SNR = 63.50 dB | SE = 20.778 bit/s/Hz
[65923 ms] [UE 36997] UL: SNR = 63.50 dB | SE = 20.778 bit/s/Hz
[65923 ms] [UE 48787] UL: SNR = 63.50 dB | SE = 20.778 bit/s/Hz
[65923 ms] [UE 40252] UL: SNR = 56.00 dB | SE = 18.324 bit/s/Hz
[65923 ms] [UE 15599] UL: SNR = 52.50 dB | SE = 17.179 bit/s/Hz
[65998 ms] [UE 33952] UL: SNR = 6.50 dB | SE = 2.414 bit/s/Hz
[65998 ms] [UE 12169] UL: SNR = 63.50 dB | SE = 20.778 bit/s/Hz
[65998 ms] [UE 22873] UL: SNR = 63.50 dB | SE = 20.778 bit/s/Hz
[65998 ms] [UE 30556] UL: SNR = 63.50 dB | SE = 20.778 bit/s/Hz
[65998 ms] [UE 20945] UL: SNR = 54.00 dB | SE = 17.669 bit/s/Hz
[66024 ms] [UE 45898] UL: SNR = 63.50 dB | SE = 20.778 bit/s/Hz
[66024 ms] [UE 36997] UL: SNR = 63.50 dB | SE = 20.778 bit/s/Hz
[66024 ms] [UE 48787] UL: SNR = 63.50 dB | SE = 20.778 bit/s/Hz
[66024 ms] [UE 40252] UL: SNR = 56.00 dB | SE = 18.324 bit/s/Hz
[66024 ms] [UE 15599] UL: SNR = 52.50 dB | SE = 17.179 bit/s/Hz
[66106 ms] [UE 33952] UL: SNR = 6.50 dB | SE = 2.414 bit/s/Hz
[66106 ms] [UE 12169] UL: SNR = 63.50 dB | SE = 20.778 bit/s/Hz
[66106 ms] [UE 22873] UL: SNR = 63.50 dB | SE = 20.778 bit/s/Hz
[66106 ms] [UE 30556] UL: SNR = 63.50 dB | SE = 20.778 bit/s/Hz
[66106 ms] [UE 20945] UL: SNR = 54.00 dB | SE = 17.669 bit/s/Hz
[66134 ms] [UE 45898] UL: SNR = 63.50 dB | SE = 20.778 bit/s/Hz
[66134 ms] [UE 36997] UL: SNR = 63.50 dB | SE = 20.778 bit/s/Hz
[66134 ms] [UE 48787] UL: SNR = 63.50 dB | SE = 20.778 bit/s/Hz
[66134 ms] [UE 40252] UL: SNR = 56.00 dB | SE = 18.324 bit/s/Hz
[66134 ms] [UE 15599] UL: SNR = 52.50 dB | SE = 17.179 bit/s/Hz
[66207 ms] [UE 33952] UL: SNR = 6.50 dB | SE = 2.414 bit/s/Hz
[66207 ms] [UE 12169] UL: SNR = 63.50 dB | SE = 20.778 bit/s/Hz
[66207 ms] [UE 22873] UL: SNR = 63.50 dB | SE = 20.778 bit/s/Hz
[66207 ms] [UE 30556] UL: SNR = 63.50 dB | SE = 20.778 bit/s/Hz
[66207 ms] [UE 20945] UL: SNR = 54.00 dB | SE = 17.669 bit/s/Hz
[66243 ms] [UE 45898] UL: SNR = 63.50 dB | SE = 20.778 bit/s/Hz
[66243 ms] [UE 36997] UL: SNR = 63.50 dB | SE = 20.778 bit/s/Hz
[66243 ms] [UE 48787] UL: SNR = 63.50 dB | SE = 20.778 bit/s/Hz
[66243 ms] [UE 40252] UL: SNR = 56.00 dB | SE = 18.324 bit/s/Hz
[66243 ms] [UE 15599] UL: SNR = 52.50 dB | SE = 17.179 bit/s/Hz
[66316 ms] [UE 33952] UL: SNR = 6.50 dB | SE = 2.414 bit/s/Hz
[66316 ms] [UE 12169] UL: SNR = 63.50 dB | SE = 20.778 bit/s/Hz
[66316 ms] [UE 22873] UL: SNR = 63.50 dB | SE = 20.778 bit/s/Hz
[66316 ms] [UE 30556] UL: SNR = 63.50 dB | SE = 20.778 bit/s/Hz
[66316 ms] [UE 20945] UL: SNR = 54.00 dB | SE = 17.669 bit/s/Hz
[66353 ms] [UE 45898] UL: SNR = 63.50 dB | SE = 20.778 bit/s/Hz
[66353 ms] [UE 36997] UL: SNR = 63.50 dB | SE = 20.778 bit/s/Hz
[66353 ms] [UE 48787] UL: SNR = 63.50 dB | SE = 20.778 bit/s/Hz
[66353 ms] [UE 40252] UL: SNR = 56.00 dB | SE = 18.324 bit/s/Hz
[66353 ms] [UE 15599] UL: SNR = 52.50 dB | SE = 17.179 bit/s/Hz
[66426 ms] [UE 33952] UL: SNR = 6.50 dB | SE = 2.414 bit/s/Hz
[66426 ms] [UE 12169] UL: SNR = 63.50 dB | SE = 20.778 bit/s/Hz
[66426 ms] [UE 22873] UL: SNR = 63.50 dB | SE = 20.778 bit/s/Hz
[66426 ms] [UE 30556] UL: SNR = 63.50 dB | SE = 20.778 bit/s/Hz
[66426 ms] [UE 20945] UL: SNR = 54.00 dB | SE = 17.669 bit/s/Hz
[66463 ms] [UE 45898] UL: SNR = 63.50 dB | SE = 20.778 bit/s/Hz
[66463 ms] [UE 36997] UL: SNR = 63.50 dB | SE = 20.778 bit/s/Hz
[66463 ms] [UE 48787] UL: SNR = 63.50 dB | SE = 20.778 bit/s/Hz
[66463 ms] [UE 40252] UL: SNR = 56.00 dB | SE = 18.324 bit/s/Hz
[66463 ms] [UE 15599] UL: SNR = 52.50 dB | SE = 17.179 bit/s/Hz
[66526 ms] [UE 33952] UL: SNR = 6.50 dB | SE = 2.414 bit/s/Hz
[66526 ms] [UE 12169] UL: SNR = 63.50 dB | SE = 20.778 bit/s/Hz
[66526 ms] [UE 22873] UL: SNR = 63.50 dB | SE = 20.778 bit/s/Hz
[66526 ms] [UE 30556] UL: SNR = 63.50 dB | SE = 20.778 bit/s/Hz
[66526 ms] [UE 20945] UL: SNR = 54.00 dB | SE = 17.669 bit/s/Hz
[66563 ms] [UE 45898] UL: SNR = 63.50 dB | SE = 20.778 bit/s/Hz
[66563 ms] [UE 36997] UL: SNR = 63.50 dB | SE = 20.778 bit/s/Hz
[66563 ms] [UE 48787] UL: SNR = 63.50 dB | SE = 20.778 bit/s/Hz
[66563 ms] [UE 40252] UL: SNR = 56.00 dB | SE = 18.324 bit/s/Hz
[66563 ms] [UE 15599] UL: SNR = 52.50 dB | SE = 17.179 bit/s/Hz
[66636 ms] [UE 33952] UL: SNR = 6.50 dB | SE = 2.414 bit/s/Hz
[66636 ms] [UE 12169] UL: SNR = 63.50 dB | SE = 20.778 bit/s/Hz
[66636 ms] [UE 22873] UL: SNR = 63.50 dB | SE = 20.778 bit/s/Hz
[66636 ms] [UE 30556] UL: SNR = 63.50 dB | SE = 20.778 bit/s/Hz
[66636 ms] [UE 20945] UL: SNR = 54.00 dB | SE = 17.669 bit/s/Hz
[66663 ms] [UE 45898] UL: SNR = 63.50 dB | SE = 20.778 bit/s/Hz
[66663 ms] [UE 36997] UL: SNR = 63.50 dB | SE = 20.778 bit/s/Hz
[66663 ms] [UE 48787] UL: SNR = 63.50 dB | SE = 20.778 bit/s/Hz
[66663 ms] [UE 40252] UL: SNR = 56.00 dB | SE = 18.324 bit/s/Hz
[66663 ms] [UE 15599] UL: SNR = 52.50 dB | SE = 17.179 bit/s/Hz
[66736 ms] [UE 33952] UL: SNR = 6.50 dB | SE = 2.414 bit/s/Hz
[66736 ms] [UE 12169] UL: SNR = 63.50 dB | SE = 20.778 bit/s/Hz
[66736 ms] [UE 22873] UL: SNR = 63.50 dB | SE = 20.778 bit/s/Hz
[66736 ms] [UE 30556] UL: SNR = 63.50 dB | SE = 20.778 bit/s/Hz
[66736 ms] [UE 20945] UL: SNR = 54.00 dB | SE = 17.669 bit/s/Hz
[66773 ms] [UE 45898] UL: SNR = 63.50 dB | SE = 20.778 bit/s/Hz
[66773 ms] [UE 36997] UL: SNR = 63.50 dB | SE = 20.778 bit/s/Hz
[66773 ms] [UE 48787] UL: SNR = 63.50 dB | SE = 20.778 bit/s/Hz
[66773 ms] [UE 40252] UL: SNR = 56.00 dB | SE = 18.324 bit/s/Hz
[66773 ms] [UE 15599] UL: SNR = 52.50 dB | SE = 17.179 bit/s/Hz
[66836 ms] [UE 33952] UL: SNR = 6.50 dB | SE = 2.414 bit/s/Hz
[66836 ms] [UE 12169] UL: SNR = 63.50 dB | SE = 20.778 bit/s/Hz
[66836 ms] [UE 22873] UL: SNR = 63.50 dB | SE = 20.778 bit/s/Hz
[66836 ms] [UE 30556] UL: SNR = 63.50 dB | SE = 20.778 bit/s/Hz
[66836 ms] [UE 20945] UL: SNR = 54.00 dB | SE = 17.669 bit/s/Hz
[66873 ms] [UE 45898] UL: SNR = 63.50 dB | SE = 20.778 bit/s/Hz
[66873 ms] [UE 36997] UL: SNR = 63.50 dB | SE = 20.778 bit/s/Hz
[66873 ms] [UE 48787] UL: SNR = 63.50 dB | SE = 20.778 bit/s/Hz
[66873 ms] [UE 40252] UL: SNR = 56.00 dB | SE = 18.324 bit/s/Hz
[66873 ms] [UE 15599] UL: SNR = 52.50 dB | SE = 17.179 bit/s/Hz
[66936 ms] [UE 33952] UL: SNR = 6.50 dB | SE = 2.414 bit/s/Hz
[66936 ms] [UE 12169] UL: SNR = 63.50 dB | SE = 20.778 bit/s/Hz
[66936 ms] [UE 22873] UL: SNR = 63.50 dB | SE = 20.778 bit/s/Hz
[66936 ms] [UE 30556] UL: SNR = 63.50 dB | SE = 20.778 bit/s/Hz
[66936 ms] [UE 20945] UL: SNR = 54.00 dB | SE = 17.669 bit/s/Hz
[66974 ms] [UE 45898] UL: SNR = 63.50 dB | SE = 20.778 bit/s/Hz
[66974 ms] [UE 36997] UL: SNR = 63.50 dB | SE = 20.778 bit/s/Hz
[66974 ms] [UE 48787] UL: SNR = 63.50 dB | SE = 20.778 bit/s/Hz
[66974 ms] [UE 40252] UL: SNR = 56.00 dB | SE = 18.324 bit/s/Hz
[66974 ms] [UE 15599] UL: SNR = 52.50 dB | SE = 17.179 bit/s/Hz
[67046 ms] [UE 33952] UL: SNR = 6.50 dB | SE = 2.414 bit/s/Hz
[67046 ms] [UE 12169] UL: SNR = 63.50 dB | SE = 20.778 bit/s/Hz
[67046 ms] [UE 22873] UL: SNR = 63.50 dB | SE = 20.778 bit/s/Hz
[67046 ms] [UE 30556] UL: SNR = 63.50 dB | SE = 20.778 bit/s/Hz
[67046 ms] [UE 20945] UL: SNR = 54.00 dB | SE = 17.669 bit/s/Hz
[67084 ms] [UE 45898] UL: SNR = 63.50 dB | SE = 20.778 bit/s/Hz
[67084 ms] [UE 36997] UL: SNR = 63.50 dB | SE = 20.778 bit/s/Hz
[67084 ms] [UE 48787] UL: SNR = 63.50 dB | SE = 20.778 bit/s/Hz
[67084 ms] [UE 40252] UL: SNR = 56.00 dB | SE = 18.324 bit/s/Hz
[67084 ms] [UE 15599] UL: SNR = 52.50 dB | SE = 17.179 bit/s/Hz
[67147 ms] [UE 33952] UL: SNR = 6.50 dB | SE = 2.414 bit/s/Hz
[67147 ms] [UE 12169] UL: SNR = 63.50 dB | SE = 20.778 bit/s/Hz
[67147 ms] [UE 22873] UL: SNR = 63.50 dB | SE = 20.778 bit/s/Hz
[67147 ms] [UE 30556] UL: SNR = 63.50 dB | SE = 20.778 bit/s/Hz
[67147 ms] [UE 20945] UL: SNR = 54.00 dB | SE = 17.669 bit/s/Hz
[67194 ms] [UE 45898] UL: SNR = 63.50 dB | SE = 20.778 bit/s/Hz
[67194 ms] [UE 36997] UL: SNR = 63.50 dB | SE = 20.778 bit/s/Hz
[67194 ms] [UE 48787] UL: SNR = 63.50 dB | SE = 20.778 bit/s/Hz
[67194 ms] [UE 40252] UL: SNR = 56.00 dB | SE = 18.324 bit/s/Hz
[67194 ms] [UE 15599] UL: SNR = 52.50 dB | SE = 17.179 bit/s/Hz
[67256 ms] [UE 33952] UL: SNR = 6.50 dB | SE = 2.414 bit/s/Hz
[67256 ms] [UE 12169] UL: SNR = 63.50 dB | SE = 20.778 bit/s/Hz
[67256 ms] [UE 22873] UL: SNR = 63.50 dB | SE = 20.778 bit/s/Hz
[67256 ms] [UE 30556] UL: SNR = 63.50 dB | SE = 20.778 bit/s/Hz
[67256 ms] [UE 20945] UL: SNR = 54.00 dB | SE = 17.669 bit/s/Hz
[67303 ms] [UE 45898] UL: SNR = 63.50 dB | SE = 20.778 bit/s/Hz
[67303 ms] [UE 36997] UL: SNR = 63.50 dB | SE = 20.778 bit/s/Hz
[67303 ms] [UE 48787] UL: SNR = 63.50 dB | SE = 20.778 bit/s/Hz
[67303 ms] [UE 40252] UL: SNR = 56.00 dB | SE = 18.324 bit/s/Hz
[67303 ms] [UE 15599] UL: SNR = 52.50 dB | SE = 17.179 bit/s/Hz
[67356 ms] [UE 33952] UL: SNR = 6.50 dB | SE = 2.414 bit/s/Hz
[67356 ms] [UE 12169] UL: SNR = 63.50 dB | SE = 20.778 bit/s/Hz
[67356 ms] [UE 22873] UL: SNR = 63.50 dB | SE = 20.778 bit/s/Hz
[67356 ms] [UE 30556] UL: SNR = 63.50 dB | SE = 20.778 bit/s/Hz
[67356 ms] [UE 20945] UL: SNR = 54.00 dB | SE = 17.669 bit/s/Hz
[67404 ms] [UE 45898] UL: SNR = 63.50 dB | SE = 20.778 bit/s/Hz
[67404 ms] [UE 36997] UL: SNR = 63.50 dB | SE = 20.778 bit/s/Hz
[67404 ms] [UE 48787] UL: SNR = 63.50 dB | SE = 20.778 bit/s/Hz
[67404 ms] [UE 40252] UL: SNR = 56.00 dB | SE = 18.324 bit/s/Hz
[67404 ms] [UE 15599] UL: SNR = 52.50 dB | SE = 17.179 bit/s/Hz
[67456 ms] [UE 33952] UL: SNR = 6.50 dB | SE = 2.414 bit/s/Hz
[67456 ms] [UE 12169] UL: SNR = 63.50 dB | SE = 20.778 bit/s/Hz
[67456 ms] [UE 22873] UL: SNR = 63.50 dB | SE = 20.778 bit/s/Hz
[67456 ms] [UE 30556] UL: SNR = 63.50 dB | SE = 20.778 bit/s/Hz
[67456 ms] [UE 20945] UL: SNR = 54.00 dB | SE = 17.669 bit/s/Hz
[67513 ms] [UE 45898] UL: SNR = 63.50 dB | SE = 20.778 bit/s/Hz
[67513 ms] [UE 36997] UL: SNR = 63.50 dB | SE = 20.778 bit/s/Hz
[67513 ms] [UE 48787] UL: SNR = 63.50 dB | SE = 20.778 bit/s/Hz
[67513 ms] [UE 40252] UL: SNR = 56.00 dB | SE = 18.324 bit/s/Hz
[67513 ms] [UE 15599] UL: SNR = 52.50 dB | SE = 17.179 bit/s/Hz
[67556 ms] [UE 33952] UL: SNR = 6.50 dB | SE = 2.414 bit/s/Hz
[67556 ms] [UE 12169] UL: SNR = 63.50 dB | SE = 20.778 bit/s/Hz
[67556 ms] [UE 22873] UL: SNR = 63.50 dB | SE = 20.778 bit/s/Hz
[67556 ms] [UE 30556] UL: SNR = 63.50 dB | SE = 20.778 bit/s/Hz
[67556 ms] [UE 20945] UL: SNR = 54.00 dB | SE = 17.669 bit/s/Hz
[67613 ms] [UE 45898] UL: SNR = 63.50 dB | SE = 20.778 bit/s/Hz
[67613 ms] [UE 36997] UL: SNR = 63.50 dB | SE = 20.778 bit/s/Hz
[67613 ms] [UE 48787] UL: SNR = 63.50 dB | SE = 20.778 bit/s/Hz
[67613 ms] [UE 40252] UL: SNR = 56.00 dB | SE = 18.324 bit/s/Hz
[67613 ms] [UE 15599] UL: SNR = 52.50 dB | SE = 17.179 bit/s/Hz
[67656 ms] [UE 33952] UL: SNR = 6.50 dB | SE = 2.414 bit/s/Hz
[67656 ms] [UE 12169] UL: SNR = 63.50 dB | SE = 20.778 bit/s/Hz
[67656 ms] [UE 22873] UL: SNR = 63.50 dB | SE = 20.778 bit/s/Hz
[67656 ms] [UE 30556] UL: SNR = 63.50 dB | SE = 20.778 bit/s/Hz
[67656 ms] [UE 20945] UL: SNR = 54.00 dB | SE = 17.669 bit/s/Hz
[67713 ms] [UE 45898] UL: SNR = 63.50 dB | SE = 20.778 bit/s/Hz
[67713 ms] [UE 36997] UL: SNR = 63.50 dB | SE = 20.778 bit/s/Hz
[67713 ms] [UE 48787] UL: SNR = 63.50 dB | SE = 20.778 bit/s/Hz
[67713 ms] [UE 40252] UL: SNR = 56.00 dB | SE = 18.324 bit/s/Hz
[67713 ms] [UE 15599] UL: SNR = 52.50 dB | SE = 17.179 bit/s/Hz
[67766 ms] [UE 33952] UL: SNR = 6.50 dB | SE = 2.414 bit/s/Hz
[67766 ms] [UE 12169] UL: SNR = 63.50 dB | SE = 20.778 bit/s/Hz
[67766 ms] [UE 22873] UL: SNR = 63.50 dB | SE = 20.778 bit/s/Hz
[67766 ms] [UE 30556] UL: SNR = 63.50 dB | SE = 20.778 bit/s/Hz
[67766 ms] [UE 20945] UL: SNR = 54.00 dB | SE = 17.669 bit/s/Hz
[67814 ms] [UE 45898] UL: SNR = 63.50 dB | SE = 20.778 bit/s/Hz
[67814 ms] [UE 36997] UL: SNR = 63.50 dB | SE = 20.778 bit/s/Hz
[67814 ms] [UE 48787] UL: SNR = 63.50 dB | SE = 20.778 bit/s/Hz
[67814 ms] [UE 40252] UL: SNR = 56.00 dB | SE = 18.324 bit/s/Hz
[67814 ms] [UE 15599] UL: SNR = 52.50 dB | SE = 17.179 bit/s/Hz
[67867 ms] [UE 33952] UL: SNR = 6.50 dB | SE = 2.414 bit/s/Hz
[67867 ms] [UE 12169] UL: SNR = 63.50 dB | SE = 20.778 bit/s/Hz
[67867 ms] [UE 22873] UL: SNR = 63.50 dB | SE = 20.778 bit/s/Hz
[67867 ms] [UE 30556] UL: SNR = 63.50 dB | SE = 20.778 bit/s/Hz
[67867 ms] [UE 20945] UL: SNR = 54.00 dB | SE = 17.669 bit/s/Hz
[67914 ms] [UE 45898] UL: SNR = 63.50 dB | SE = 20.778 bit/s/Hz
[67914 ms] [UE 36997] UL: SNR = 63.50 dB | SE = 20.778 bit/s/Hz
[67914 ms] [UE 48787] UL: SNR = 63.50 dB | SE = 20.778 bit/s/Hz
[67914 ms] [UE 40252] UL: SNR = 56.00 dB | SE = 18.324 bit/s/Hz
[67914 ms] [UE 15599] UL: SNR = 52.50 dB | SE = 17.179 bit/s/Hz
[67977 ms] [UE 33952] UL: SNR = 6.50 dB | SE = 2.414 bit/s/Hz
[67977 ms] [UE 12169] UL: SNR = 63.50 dB | SE = 20.778 bit/s/Hz
[67977 ms] [UE 22873] UL: SNR = 63.50 dB | SE = 20.778 bit/s/Hz
[67977 ms] [UE 30556] UL: SNR = 63.50 dB | SE = 20.778 bit/s/Hz
[67977 ms] [UE 20945] UL: SNR = 54.00 dB | SE = 17.669 bit/s/Hz
[68023 ms] [UE 45898] UL: SNR = 63.50 dB | SE = 20.778 bit/s/Hz
[68023 ms] [UE 36997] UL: SNR = 63.50 dB | SE = 20.778 bit/s/Hz
[68023 ms] [UE 48787] UL: SNR = 63.50 dB | SE = 20.778 bit/s/Hz
[68023 ms] [UE 40252] UL: SNR = 56.00 dB | SE = 18.324 bit/s/Hz
[68023 ms] [UE 15599] UL: SNR = 52.50 dB | SE = 17.179 bit/s/Hz
[68088 ms] [UE 33952] UL: SNR = 6.50 dB | SE = 2.414 bit/s/Hz
[68088 ms] [UE 12169] UL: SNR = 63.50 dB | SE = 20.778 bit/s/Hz
[68088 ms] [UE 22873] UL: SNR = 63.50 dB | SE = 20.778 bit/s/Hz
[68088 ms] [UE 30556] UL: SNR = 63.50 dB | SE = 20.778 bit/s/Hz
[68088 ms] [UE 20945] UL: SNR = 54.00 dB | SE = 17.669 bit/s/Hz
[68124 ms] [UE 45898] UL: SNR = 63.50 dB | SE = 20.778 bit/s/Hz
[68124 ms] [UE 36997] UL: SNR = 63.50 dB | SE = 20.778 bit/s/Hz
[68124 ms] [UE 48787] UL: SNR = 63.50 dB | SE = 20.778 bit/s/Hz
[68124 ms] [UE 40252] UL: SNR = 56.00 dB | SE = 18.324 bit/s/Hz
[68124 ms] [UE 15599] UL: SNR = 52.50 dB | SE = 17.179 bit/s/Hz
[68196 ms] [UE 33952] UL: SNR = 6.50 dB | SE = 2.414 bit/s/Hz
[68196 ms] [UE 12169] UL: SNR = 63.50 dB | SE = 20.778 bit/s/Hz
[68196 ms] [UE 22873] UL: SNR = 63.50 dB | SE = 20.778 bit/s/Hz
[68196 ms] [UE 30556] UL: SNR = 63.50 dB | SE = 20.778 bit/s/Hz
[68196 ms] [UE 20945] UL: SNR = 54.00 dB | SE = 17.669 bit/s/Hz
[68233 ms] [UE 45898] UL: SNR = 63.50 dB | SE = 20.778 bit/s/Hz
[68233 ms] [UE 36997] UL: SNR = 63.50 dB | SE = 20.778 bit/s/Hz
[68233 ms] [UE 48787] UL: SNR = 63.50 dB | SE = 20.778 bit/s/Hz
[68233 ms] [UE 40252] UL: SNR = 56.00 dB | SE = 18.324 bit/s/Hz
[68233 ms] [UE 15599] UL: SNR = 52.50 dB | SE = 17.179 bit/s/Hz
[68296 ms] [UE 33952] UL: SNR = 6.50 dB | SE = 2.414 bit/s/Hz
[68296 ms] [UE 12169] UL: SNR = 63.50 dB | SE = 20.778 bit/s/Hz
[68296 ms] [UE 22873] UL: SNR = 63.50 dB | SE = 20.778 bit/s/Hz
[68296 ms] [UE 30556] UL: SNR = 63.50 dB | SE = 20.778 bit/s/Hz
[68296 ms] [UE 20945] UL: SNR = 54.00 dB | SE = 17.669 bit/s/Hz
[68333 ms] [UE 45898] UL: SNR = 63.50 dB | SE = 20.778 bit/s/Hz
[68333 ms] [UE 36997] UL: SNR = 63.50 dB | SE = 20.778 bit/s/Hz
[68333 ms] [UE 48787] UL: SNR = 63.50 dB | SE = 20.778 bit/s/Hz
[68333 ms] [UE 40252] UL: SNR = 56.00 dB | SE = 18.324 bit/s/Hz
[68333 ms] [UE 15599] UL: SNR = 52.50 dB | SE = 17.179 bit/s/Hz
[68396 ms] [UE 33952] UL: SNR = 6.50 dB | SE = 2.414 bit/s/Hz
[68396 ms] [UE 12169] UL: SNR = 63.50 dB | SE = 20.778 bit/s/Hz
[68396 ms] [UE 22873] UL: SNR = 63.50 dB | SE = 20.778 bit/s/Hz
[68396 ms] [UE 30556] UL: SNR = 63.50 dB | SE = 20.778 bit/s/Hz
[68396 ms] [UE 20945] UL: SNR = 54.00 dB | SE = 17.669 bit/s/Hz
[68434 ms] [UE 45898] UL: SNR = 63.50 dB | SE = 20.778 bit/s/Hz
[68434 ms] [UE 36997] UL: SNR = 63.50 dB | SE = 20.778 bit/s/Hz
[68434 ms] [UE 48787] UL: SNR = 63.50 dB | SE = 20.778 bit/s/Hz
[68434 ms] [UE 40252] UL: SNR = 56.00 dB | SE = 18.324 bit/s/Hz
[68434 ms] [UE 15599] UL: SNR = 52.50 dB | SE = 17.179 bit/s/Hz
[68507 ms] [UE 33952] UL: SNR = 6.50 dB | SE = 2.414 bit/s/Hz
[68507 ms] [UE 12169] UL: SNR = 63.50 dB | SE = 20.778 bit/s/Hz
[68507 ms] [UE 22873] UL: SNR = 63.50 dB | SE = 20.778 bit/s/Hz
[68507 ms] [UE 30556] UL: SNR = 63.50 dB | SE = 20.778 bit/s/Hz
[68507 ms] [UE 20945] UL: SNR = 54.00 dB | SE = 17.669 bit/s/Hz
[68543 ms] [UE 45898] UL: SNR = 63.50 dB | SE = 20.778 bit/s/Hz
[68543 ms] [UE 36997] UL: SNR = 63.50 dB | SE = 20.778 bit/s/Hz
[68543 ms] [UE 48787] UL: SNR = 63.50 dB | SE = 20.778 bit/s/Hz
[68543 ms] [UE 40252] UL: SNR = 56.00 dB | SE = 18.324 bit/s/Hz
[68543 ms] [UE 15599] UL: SNR = 52.50 dB | SE = 17.179 bit/s/Hz
[68617 ms] [UE 33952] UL: SNR = 6.50 dB | SE = 2.414 bit/s/Hz
[68617 ms] [UE 12169] UL: SNR = 63.50 dB | SE = 20.778 bit/s/Hz
[68617 ms] [UE 22873] UL: SNR = 63.50 dB | SE = 20.778 bit/s/Hz
[68617 ms] [UE 30556] UL: SNR = 63.50 dB | SE = 20.778 bit/s/Hz
[68617 ms] [UE 20945] UL: SNR = 63.50 dB | SE = 20.778 bit/s/Hz
[68644 ms] [UE 45898] UL: SNR = 63.50 dB | SE = 20.778 bit/s/Hz
[68644 ms] [UE 36997] UL: SNR = 63.50 dB | SE = 20.778 bit/s/Hz
[68644 ms] [UE 48787] UL: SNR = 63.50 dB | SE = 20.778 bit/s/Hz
[68644 ms] [UE 40252] UL: SNR = 56.00 dB | SE = 18.324 bit/s/Hz
[68644 ms] [UE 15599] UL: SNR = 52.50 dB | SE = 17.179 bit/s/Hz
[68726 ms] [UE 33952] UL: SNR = 6.50 dB | SE = 2.414 bit/s/Hz
[68726 ms] [UE 12169] UL: SNR = 63.50 dB | SE = 20.778 bit/s/Hz
[68726 ms] [UE 22873] UL: SNR = 63.50 dB | SE = 20.778 bit/s/Hz
[68726 ms] [UE 30556] UL: SNR = 63.50 dB | SE = 20.778 bit/s/Hz
[68726 ms] [UE 20945] UL: SNR = 63.50 dB | SE = 20.778 bit/s/Hz
[68753 ms] [UE 45898] UL: SNR = 63.50 dB | SE = 20.778 bit/s/Hz
[68753 ms] [UE 36997] UL: SNR = 63.50 dB | SE = 20.778 bit/s/Hz
[68753 ms] [UE 48787] UL: SNR = 63.50 dB | SE = 20.778 bit/s/Hz
[68753 ms] [UE 40252] UL: SNR = 56.00 dB | SE = 18.324 bit/s/Hz
[68753 ms] [UE 15599] UL: SNR = 52.50 dB | SE = 17.179 bit/s/Hz
[68829 ms] [UE 33952] UL: SNR = 6.50 dB | SE = 2.414 bit/s/Hz
[68829 ms] [UE 12169] UL: SNR = 63.50 dB | SE = 20.778 bit/s/Hz
[68829 ms] [UE 22873] UL: SNR = 63.50 dB | SE = 20.778 bit/s/Hz
[68829 ms] [UE 30556] UL: SNR = 63.50 dB | SE = 20.778 bit/s/Hz
[68829 ms] [UE 20945] UL: SNR = 63.50 dB | SE = 20.778 bit/s/Hz
[68854 ms] [UE 45898] UL: SNR = 63.50 dB | SE = 20.778 bit/s/Hz
[68854 ms] [UE 36997] UL: SNR = 63.50 dB | SE = 20.778 bit/s/Hz
[68854 ms] [UE 48787] UL: SNR = 63.50 dB | SE = 20.778 bit/s/Hz
[68854 ms] [UE 40252] UL: SNR = 56.00 dB | SE = 18.324 bit/s/Hz
[68854 ms] [UE 15599] UL: SNR = 52.50 dB | SE = 17.179 bit/s/Hz
[68936 ms] [UE 33952] UL: SNR = 6.50 dB | SE = 2.414 bit/s/Hz
[68936 ms] [UE 12169] UL: SNR = 63.50 dB | SE = 20.778 bit/s/Hz
[68936 ms] [UE 22873] UL: SNR = 63.50 dB | SE = 20.778 bit/s/Hz
[68936 ms] [UE 30556] UL: SNR = 63.50 dB | SE = 20.778 bit/s/Hz
[68936 ms] [UE 20945] UL: SNR = 63.50 dB | SE = 20.778 bit/s/Hz
[68963 ms] [UE 45898] UL: SNR = 63.50 dB | SE = 20.778 bit/s/Hz
[68963 ms] [UE 36997] UL: SNR = 63.50 dB | SE = 20.778 bit/s/Hz
[68963 ms] [UE 48787] UL: SNR = 63.50 dB | SE = 20.778 bit/s/Hz
[68963 ms] [UE 40252] UL: SNR = 56.00 dB | SE = 18.324 bit/s/Hz
[68963 ms] [UE 15599] UL: SNR = 52.50 dB | SE = 17.179 bit/s/Hz
[69036 ms] [UE 33952] UL: SNR = 6.50 dB | SE = 2.414 bit/s/Hz
[69036 ms] [UE 12169] UL: SNR = 63.50 dB | SE = 20.778 bit/s/Hz
[69036 ms] [UE 22873] UL: SNR = 63.50 dB | SE = 20.778 bit/s/Hz
[69036 ms] [UE 30556] UL: SNR = 63.50 dB | SE = 20.778 bit/s/Hz
[69036 ms] [UE 20945] UL: SNR = 63.50 dB | SE = 20.778 bit/s/Hz
[69063 ms] [UE 45898] UL: SNR = 63.50 dB | SE = 20.778 bit/s/Hz
[69063 ms] [UE 36997] UL: SNR = 63.50 dB | SE = 20.778 bit/s/Hz
[69063 ms] [UE 48787] UL: SNR = 63.50 dB | SE = 20.778 bit/s/Hz
[69063 ms] [UE 40252] UL: SNR = 56.00 dB | SE = 18.324 bit/s/Hz
[69063 ms] [UE 15599] UL: SNR = 52.50 dB | SE = 17.179 bit/s/Hz
[69146 ms] [UE 33952] UL: SNR = 6.50 dB | SE = 2.414 bit/s/Hz
[69146 ms] [UE 12169] UL: SNR = 63.50 dB | SE = 20.778 bit/s/Hz
[69146 ms] [UE 22873] UL: SNR = 63.50 dB | SE = 20.778 bit/s/Hz
[69146 ms] [UE 30556] UL: SNR = 63.50 dB | SE = 20.778 bit/s/Hz
[69146 ms] [UE 20945] UL: SNR = 63.50 dB | SE = 20.778 bit/s/Hz
[69164 ms] [UE 45898] UL: SNR = 63.50 dB | SE = 20.778 bit/s/Hz
[69164 ms] [UE 36997] UL: SNR = 63.50 dB | SE = 20.778 bit/s/Hz
[69164 ms] [UE 48787] UL: SNR = 63.50 dB | SE = 20.778 bit/s/Hz
[69164 ms] [UE 40252] UL: SNR = 56.00 dB | SE = 18.324 bit/s/Hz
[69164 ms] [UE 15599] UL: SNR = 52.50 dB | SE = 17.179 bit/s/Hz
[69246 ms] [UE 33952] UL: SNR = 6.50 dB | SE = 2.414 bit/s/Hz
[69246 ms] [UE 12169] UL: SNR = 63.50 dB | SE = 20.778 bit/s/Hz
[69246 ms] [UE 22873] UL: SNR = 63.50 dB | SE = 20.778 bit/s/Hz
[69246 ms] [UE 30556] UL: SNR = 63.50 dB | SE = 20.778 bit/s/Hz
[69246 ms] [UE 20945] UL: SNR = 63.50 dB | SE = 20.778 bit/s/Hz
[69273 ms] [UE 45898] UL: SNR = 63.50 dB | SE = 20.778 bit/s/Hz
[69273 ms] [UE 36997] UL: SNR = 63.50 dB | SE = 20.778 bit/s/Hz
[69273 ms] [UE 48787] UL: SNR = 63.50 dB | SE = 20.778 bit/s/Hz
[69273 ms] [UE 40252] UL: SNR = 56.00 dB | SE = 18.324 bit/s/Hz
[69273 ms] [UE 15599] UL: SNR = 52.50 dB | SE = 17.179 bit/s/Hz
[69357 ms] [UE 33952] UL: SNR = 6.50 dB | SE = 2.414 bit/s/Hz
[69357 ms] [UE 12169] UL: SNR = 63.50 dB | SE = 20.778 bit/s/Hz
[69357 ms] [UE 22873] UL: SNR = 63.50 dB | SE = 20.778 bit/s/Hz
[69357 ms] [UE 30556] UL: SNR = 63.50 dB | SE = 20.778 bit/s/Hz
[69357 ms] [UE 20945] UL: SNR = 63.50 dB | SE = 20.778 bit/s/Hz
[69383 ms] [UE 45898] UL: SNR = 63.50 dB | SE = 20.778 bit/s/Hz
[69383 ms] [UE 36997] UL: SNR = 63.50 dB | SE = 20.778 bit/s/Hz
[69383 ms] [UE 48787] UL: SNR = 63.50 dB | SE = 20.778 bit/s/Hz
[69383 ms] [UE 40252] UL: SNR = 56.00 dB | SE = 18.324 bit/s/Hz
[69383 ms] [UE 15599] UL: SNR = 52.50 dB | SE = 17.179 bit/s/Hz
[69466 ms] [UE 33952] UL: SNR = 6.50 dB | SE = 2.414 bit/s/Hz
[69466 ms] [UE 12169] UL: SNR = 63.50 dB | SE = 20.778 bit/s/Hz
[69466 ms] [UE 22873] UL: SNR = 63.50 dB | SE = 20.778 bit/s/Hz
[69466 ms] [UE 30556] UL: SNR = 63.50 dB | SE = 20.778 bit/s/Hz
[69466 ms] [UE 20945] UL: SNR = 63.50 dB | SE = 20.778 bit/s/Hz
[69484 ms] [UE 45898] UL: SNR = 63.50 dB | SE = 20.778 bit/s/Hz
[69484 ms] [UE 36997] UL: SNR = 63.50 dB | SE = 20.778 bit/s/Hz
[69484 ms] [UE 48787] UL: SNR = 63.50 dB | SE = 20.778 bit/s/Hz
[69484 ms] [UE 40252] UL: SNR = 56.00 dB | SE = 18.324 bit/s/Hz
[69484 ms] [UE 15599] UL: SNR = 52.50 dB | SE = 17.179 bit/s/Hz
[69567 ms] [UE 33952] UL: SNR = 6.50 dB | SE = 2.414 bit/s/Hz
[69567 ms] [UE 12169] UL: SNR = 63.50 dB | SE = 20.778 bit/s/Hz
[69567 ms] [UE 22873] UL: SNR = 63.50 dB | SE = 20.778 bit/s/Hz
[69567 ms] [UE 30556] UL: SNR = 53.50 dB | SE = 17.506 bit/s/Hz
[69567 ms] [UE 20945] UL: SNR = 52.50 dB | SE = 17.179 bit/s/Hz
[69594 ms] [UE 45898] UL: SNR = 63.50 dB | SE = 20.778 bit/s/Hz
[69594 ms] [UE 36997] UL: SNR = 63.50 dB | SE = 20.778 bit/s/Hz
[69594 ms] [UE 48787] UL: SNR = 63.50 dB | SE = 20.778 bit/s/Hz
[69594 ms] [UE 40252] UL: SNR = 56.00 dB | SE = 18.324 bit/s/Hz
[69594 ms] [UE 15599] UL: SNR = 52.50 dB | SE = 17.179 bit/s/Hz
[69676 ms] [UE 33952] UL: SNR = 6.50 dB | SE = 2.414 bit/s/Hz
[69676 ms] [UE 12169] UL: SNR = 63.50 dB | SE = 20.778 bit/s/Hz
[69676 ms] [UE 22873] UL: SNR = 63.50 dB | SE = 20.778 bit/s/Hz
[69676 ms] [UE 30556] UL: SNR = 53.50 dB | SE = 17.506 bit/s/Hz
[69676 ms] [UE 20945] UL: SNR = 52.50 dB | SE = 17.179 bit/s/Hz
[69703 ms] [UE 45898] UL: SNR = 63.50 dB | SE = 20.778 bit/s/Hz
[69703 ms] [UE 36997] UL: SNR = 63.50 dB | SE = 20.778 bit/s/Hz
[69703 ms] [UE 48787] UL: SNR = 63.50 dB | SE = 20.778 bit/s/Hz
[69703 ms] [UE 40252] UL: SNR = 56.00 dB | SE = 18.324 bit/s/Hz
[69703 ms] [UE 15599] UL: SNR = 52.50 dB | SE = 17.179 bit/s/Hz
[69777 ms] [UE 33952] UL: SNR = 6.50 dB | SE = 2.414 bit/s/Hz
[69777 ms] [UE 12169] UL: SNR = 63.50 dB | SE = 20.778 bit/s/Hz
[69777 ms] [UE 22873] UL: SNR = 63.50 dB | SE = 20.778 bit/s/Hz
[69777 ms] [UE 30556] UL: SNR = 53.50 dB | SE = 17.506 bit/s/Hz
[69777 ms] [UE 20945] UL: SNR = 52.50 dB | SE = 17.179 bit/s/Hz
[69804 ms] [UE 45898] UL: SNR = 63.50 dB | SE = 20.778 bit/s/Hz
[69804 ms] [UE 36997] UL: SNR = 63.50 dB | SE = 20.778 bit/s/Hz
[69804 ms] [UE 48787] UL: SNR = 63.50 dB | SE = 20.778 bit/s/Hz
[69804 ms] [UE 40252] UL: SNR = 56.00 dB | SE = 18.324 bit/s/Hz
[69804 ms] [UE 15599] UL: SNR = 52.50 dB | SE = 17.179 bit/s/Hz
[69886 ms] [UE 33952] UL: SNR = 6.50 dB | SE = 2.414 bit/s/Hz
[69886 ms] [UE 12169] UL: SNR = 63.50 dB | SE = 20.778 bit/s/Hz
[69886 ms] [UE 22873] UL: SNR = 63.50 dB | SE = 20.778 bit/s/Hz
[69886 ms] [UE 30556] UL: SNR = 53.50 dB | SE = 17.506 bit/s/Hz
[69886 ms] [UE 20945] UL: SNR = 52.50 dB | SE = 17.179 bit/s/Hz
[69914 ms] [UE 45898] UL: SNR = 63.50 dB | SE = 20.778 bit/s/Hz
[69914 ms] [UE 36997] UL: SNR = 63.50 dB | SE = 20.778 bit/s/Hz
[69914 ms] [UE 48787] UL: SNR = 63.50 dB | SE = 20.778 bit/s/Hz
[69914 ms] [UE 40252] UL: SNR = 56.00 dB | SE = 18.324 bit/s/Hz
[69914 ms] [UE 15599] UL: SNR = 52.50 dB | SE = 17.179 bit/s/Hz
[69987 ms] [UE 33952] UL: SNR = 6.50 dB | SE = 2.414 bit/s/Hz
[69987 ms] [UE 12169] UL: SNR = 63.50 dB | SE = 20.778 bit/s/Hz
[69987 ms] [UE 22873] UL: SNR = 63.50 dB | SE = 20.778 bit/s/Hz
[69987 ms] [UE 30556] UL: SNR = 53.50 dB | SE = 17.506 bit/s/Hz
[69987 ms] [UE 20945] UL: SNR = 52.50 dB | SE = 17.179 bit/s/Hz
[70014 ms] [UE 45898] UL: SNR = 63.50 dB | SE = 20.778 bit/s/Hz
[70014 ms] [UE 36997] UL: SNR = 63.50 dB | SE = 20.778 bit/s/Hz
[70014 ms] [UE 48787] UL: SNR = 63.50 dB | SE = 20.778 bit/s/Hz
[70014 ms] [UE 40252] UL: SNR = 56.00 dB | SE = 18.324 bit/s/Hz
[70014 ms] [UE 15599] UL: SNR = 52.50 dB | SE = 17.179 bit/s/Hz
[70089 ms] [UE 33952] UL: SNR = 6.50 dB | SE = 2.414 bit/s/Hz
[70089 ms] [UE 12169] UL: SNR = 63.50 dB | SE = 20.778 bit/s/Hz
[70089 ms] [UE 22873] UL: SNR = 63.50 dB | SE = 20.778 bit/s/Hz
[70089 ms] [UE 30556] UL: SNR = 53.50 dB | SE = 17.506 bit/s/Hz
[70089 ms] [UE 20945] UL: SNR = 52.50 dB | SE = 17.179 bit/s/Hz
[70114 ms] [UE 45898] UL: SNR = 63.50 dB | SE = 20.778 bit/s/Hz
[70114 ms] [UE 36997] UL: SNR = 63.50 dB | SE = 20.778 bit/s/Hz
[70114 ms] [UE 48787] UL: SNR = 63.50 dB | SE = 20.778 bit/s/Hz
[70114 ms] [UE 40252] UL: SNR = 56.00 dB | SE = 18.324 bit/s/Hz
[70114 ms] [UE 15599] UL: SNR = 52.50 dB | SE = 17.179 bit/s/Hz
[70196 ms] [UE 33952] UL: SNR = 6.50 dB | SE = 2.414 bit/s/Hz
[70196 ms] [UE 12169] UL: SNR = 63.50 dB | SE = 20.778 bit/s/Hz
[70196 ms] [UE 22873] UL: SNR = 63.50 dB | SE = 20.778 bit/s/Hz
[70196 ms] [UE 30556] UL: SNR = 53.50 dB | SE = 17.506 bit/s/Hz
[70196 ms] [UE 20945] UL: SNR = 52.50 dB | SE = 17.179 bit/s/Hz
[70224 ms] [UE 45898] UL: SNR = 63.50 dB | SE = 20.778 bit/s/Hz
[70224 ms] [UE 36997] UL: SNR = 63.50 dB | SE = 20.778 bit/s/Hz
[70224 ms] [UE 48787] UL: SNR = 63.50 dB | SE = 20.778 bit/s/Hz
[70224 ms] [UE 40252] UL: SNR = 56.00 dB | SE = 18.324 bit/s/Hz
[70224 ms] [UE 15599] UL: SNR = 52.50 dB | SE = 17.179 bit/s/Hz
[70306 ms] [UE 33952] UL: SNR = 6.50 dB | SE = 2.414 bit/s/Hz
[70306 ms] [UE 12169] UL: SNR = 63.50 dB | SE = 20.778 bit/s/Hz
[70306 ms] [UE 22873] UL: SNR = 63.50 dB | SE = 20.778 bit/s/Hz
[70306 ms] [UE 30556] UL: SNR = 63.50 dB | SE = 20.778 bit/s/Hz
[70306 ms] [UE 20945] UL: SNR = 52.50 dB | SE = 17.179 bit/s/Hz
[70324 ms] [UE 45898] UL: SNR = 63.50 dB | SE = 20.778 bit/s/Hz
[70324 ms] [UE 36997] UL: SNR = 63.50 dB | SE = 20.778 bit/s/Hz
[70324 ms] [UE 48787] UL: SNR = 63.50 dB | SE = 20.778 bit/s/Hz
[70324 ms] [UE 40252] UL: SNR = 56.00 dB | SE = 18.324 bit/s/Hz
[70324 ms] [UE 15599] UL: SNR = 52.50 dB | SE = 17.179 bit/s/Hz
[70416 ms] [UE 33952] UL: SNR = 6.50 dB | SE = 2.414 bit/s/Hz
[70416 ms] [UE 12169] UL: SNR = 63.50 dB | SE = 20.778 bit/s/Hz
[70416 ms] [UE 22873] UL: SNR = 63.50 dB | SE = 20.778 bit/s/Hz
[70416 ms] [UE 30556] UL: SNR = 63.50 dB | SE = 20.778 bit/s/Hz
[70416 ms] [UE 20945] UL: SNR = 52.50 dB | SE = 17.179 bit/s/Hz
[70433 ms] [UE 45898] UL: SNR = 63.50 dB | SE = 20.778 bit/s/Hz
[70433 ms] [UE 36997] UL: SNR = 63.50 dB | SE = 20.778 bit/s/Hz
[70433 ms] [UE 48787] UL: SNR = 63.50 dB | SE = 20.778 bit/s/Hz
[70433 ms] [UE 40252] UL: SNR = 56.00 dB | SE = 18.324 bit/s/Hz
[70433 ms] [UE 15599] UL: SNR = 52.50 dB | SE = 17.179 bit/s/Hz
[70516 ms] [UE 33952] UL: SNR = 6.50 dB | SE = 2.414 bit/s/Hz
[70516 ms] [UE 12169] UL: SNR = 63.50 dB | SE = 20.778 bit/s/Hz
[70516 ms] [UE 22873] UL: SNR = 63.50 dB | SE = 20.778 bit/s/Hz
[70516 ms] [UE 30556] UL: SNR = 63.50 dB | SE = 20.778 bit/s/Hz
[70516 ms] [UE 20945] UL: SNR = 52.50 dB | SE = 17.179 bit/s/Hz
[70534 ms] [UE 45898] UL: SNR = 63.50 dB | SE = 20.778 bit/s/Hz
[70534 ms] [UE 36997] UL: SNR = 63.50 dB | SE = 20.778 bit/s/Hz
[70534 ms] [UE 48787] UL: SNR = 63.50 dB | SE = 20.778 bit/s/Hz
[70534 ms] [UE 40252] UL: SNR = 56.00 dB | SE = 18.324 bit/s/Hz
[70534 ms] [UE 15599] UL: SNR = 52.50 dB | SE = 17.179 bit/s/Hz
[70617 ms] [UE 33952] UL: SNR = 6.50 dB | SE = 2.414 bit/s/Hz
[70617 ms] [UE 12169] UL: SNR = 63.50 dB | SE = 20.778 bit/s/Hz
[70617 ms] [UE 22873] UL: SNR = 63.50 dB | SE = 20.778 bit/s/Hz
[70617 ms] [UE 30556] UL: SNR = 63.50 dB | SE = 20.778 bit/s/Hz
[70617 ms] [UE 20945] UL: SNR = 52.50 dB | SE = 17.179 bit/s/Hz
[70644 ms] [UE 45898] UL: SNR = 63.50 dB | SE = 20.778 bit/s/Hz
[70644 ms] [UE 36997] UL: SNR = 63.50 dB | SE = 20.778 bit/s/Hz
[70644 ms] [UE 48787] UL: SNR = 63.50 dB | SE = 20.778 bit/s/Hz
[70644 ms] [UE 40252] UL: SNR = 56.00 dB | SE = 18.324 bit/s/Hz
[70644 ms] [UE 15599] UL: SNR = 52.50 dB | SE = 17.179 bit/s/Hz
[70726 ms] [UE 33952] UL: SNR = 6.50 dB | SE = 2.414 bit/s/Hz
[70726 ms] [UE 12169] UL: SNR = 63.50 dB | SE = 20.778 bit/s/Hz
[70726 ms] [UE 22873] UL: SNR = 63.50 dB | SE = 20.778 bit/s/Hz
[70726 ms] [UE 30556] UL: SNR = 63.50 dB | SE = 20.778 bit/s/Hz
[70726 ms] [UE 20945] UL: SNR = 52.50 dB | SE = 17.179 bit/s/Hz
[70754 ms] [UE 45898] UL: SNR = 63.50 dB | SE = 20.778 bit/s/Hz
[70754 ms] [UE 36997] UL: SNR = 63.50 dB | SE = 20.778 bit/s/Hz
[70754 ms] [UE 48787] UL: SNR = 63.50 dB | SE = 20.778 bit/s/Hz
[70754 ms] [UE 40252] UL: SNR = 56.00 dB | SE = 18.324 bit/s/Hz
[70754 ms] [UE 15599] UL: SNR = 52.50 dB | SE = 17.179 bit/s/Hz
[70836 ms] [UE 33952] UL: SNR = 6.50 dB | SE = 2.414 bit/s/Hz
[70836 ms] [UE 12169] UL: SNR = 63.50 dB | SE = 20.778 bit/s/Hz
[70836 ms] [UE 22873] UL: SNR = 63.50 dB | SE = 20.778 bit/s/Hz
[70836 ms] [UE 30556] UL: SNR = 63.50 dB | SE = 20.778 bit/s/Hz
[70836 ms] [UE 20945] UL: SNR = 52.50 dB | SE = 17.179 bit/s/Hz
[70863 ms] [UE 45898] UL: SNR = 63.50 dB | SE = 20.778 bit/s/Hz
[70863 ms] [UE 36997] UL: SNR = 63.50 dB | SE = 20.778 bit/s/Hz
[70863 ms] [UE 48787] UL: SNR = 63.50 dB | SE = 20.778 bit/s/Hz
[70863 ms] [UE 40252] UL: SNR = 56.00 dB | SE = 18.324 bit/s/Hz
[70863 ms] [UE 15599] UL: SNR = 52.50 dB | SE = 17.179 bit/s/Hz
[70937 ms] [UE 33952] UL: SNR = 6.50 dB | SE = 2.414 bit/s/Hz
[70937 ms] [UE 12169] UL: SNR = 63.50 dB | SE = 20.778 bit/s/Hz
[70937 ms] [UE 22873] UL: SNR = 63.50 dB | SE = 20.778 bit/s/Hz
[70937 ms] [UE 30556] UL: SNR = 63.50 dB | SE = 20.778 bit/s/Hz
[70937 ms] [UE 20945] UL: SNR = 52.50 dB | SE = 17.179 bit/s/Hz
[70963 ms] [UE 45898] UL: SNR = 63.50 dB | SE = 20.778 bit/s/Hz
[70963 ms] [UE 36997] UL: SNR = 63.50 dB | SE = 20.778 bit/s/Hz
[70963 ms] [UE 48787] UL: SNR = 63.50 dB | SE = 20.778 bit/s/Hz
[70963 ms] [UE 40252] UL: SNR = 56.00 dB | SE = 18.324 bit/s/Hz
[70963 ms] [UE 15599] UL: SNR = 52.50 dB | SE = 17.179 bit/s/Hz
[71039 ms] [UE 33952] UL: SNR = 6.50 dB | SE = 2.414 bit/s/Hz
[71039 ms] [UE 12169] UL: SNR = 63.50 dB | SE = 20.778 bit/s/Hz
[71039 ms] [UE 22873] UL: SNR = 63.50 dB | SE = 20.778 bit/s/Hz
[71039 ms] [UE 30556] UL: SNR = 63.50 dB | SE = 20.778 bit/s/Hz
[71039 ms] [UE 20945] UL: SNR = 52.50 dB | SE = 17.179 bit/s/Hz
[71074 ms] [UE 45898] UL: SNR = 63.50 dB | SE = 20.778 bit/s/Hz
[71074 ms] [UE 36997] UL: SNR = 63.50 dB | SE = 20.778 bit/s/Hz
[71074 ms] [UE 48787] UL: SNR = 63.50 dB | SE = 20.778 bit/s/Hz
[71074 ms] [UE 40252] UL: SNR = 56.00 dB | SE = 18.324 bit/s/Hz
[71074 ms] [UE 15599] UL: SNR = 52.50 dB | SE = 17.179 bit/s/Hz
[71146 ms] [UE 33952] UL: SNR = 6.50 dB | SE = 2.414 bit/s/Hz
[71146 ms] [UE 12169] UL: SNR = 63.50 dB | SE = 20.778 bit/s/Hz
[71146 ms] [UE 22873] UL: SNR = 63.50 dB | SE = 20.778 bit/s/Hz
[71146 ms] [UE 30556] UL: SNR = 63.50 dB | SE = 20.778 bit/s/Hz
[71146 ms] [UE 20945] UL: SNR = 52.50 dB | SE = 17.179 bit/s/Hz
[71183 ms] [UE 45898] UL: SNR = 63.50 dB | SE = 20.778 bit/s/Hz
[71183 ms] [UE 36997] UL: SNR = 63.50 dB | SE = 20.778 bit/s/Hz
[71183 ms] [UE 48787] UL: SNR = 63.50 dB | SE = 20.778 bit/s/Hz
[71183 ms] [UE 40252] UL: SNR = 56.00 dB | SE = 18.324 bit/s/Hz
[71183 ms] [UE 15599] UL: SNR = 52.50 dB | SE = 17.179 bit/s/Hz
[71246 ms] [UE 33952] UL: SNR = 6.50 dB | SE = 2.414 bit/s/Hz
[71246 ms] [UE 12169] UL: SNR = 63.50 dB | SE = 20.778 bit/s/Hz
[71246 ms] [UE 22873] UL: SNR = 63.50 dB | SE = 20.778 bit/s/Hz
[71246 ms] [UE 30556] UL: SNR = 63.50 dB | SE = 20.778 bit/s/Hz
[71246 ms] [UE 20945] UL: SNR = 52.50 dB | SE = 17.179 bit/s/Hz
[71283 ms] [UE 45898] UL: SNR = 63.50 dB | SE = 20.778 bit/s/Hz
[71283 ms] [UE 36997] UL: SNR = 63.50 dB | SE = 20.778 bit/s/Hz
[71283 ms] [UE 48787] UL: SNR = 63.50 dB | SE = 20.778 bit/s/Hz
[71283 ms] [UE 40252] UL: SNR = 56.00 dB | SE = 18.324 bit/s/Hz
[71283 ms] [UE 15599] UL: SNR = 52.50 dB | SE = 17.179 bit/s/Hz
[71356 ms] [UE 33952] UL: SNR = 6.50 dB | SE = 2.414 bit/s/Hz
[71356 ms] [UE 12169] UL: SNR = 63.50 dB | SE = 20.778 bit/s/Hz
[71356 ms] [UE 22873] UL: SNR = 63.50 dB | SE = 20.778 bit/s/Hz
[71356 ms] [UE 30556] UL: SNR = 63.50 dB | SE = 20.778 bit/s/Hz
[71356 ms] [UE 20945] UL: SNR = 52.50 dB | SE = 17.179 bit/s/Hz
[71384 ms] [UE 45898] UL: SNR = 63.50 dB | SE = 20.778 bit/s/Hz
[71384 ms] [UE 36997] UL: SNR = 63.50 dB | SE = 20.778 bit/s/Hz
[71384 ms] [UE 48787] UL: SNR = 63.50 dB | SE = 20.778 bit/s/Hz
[71384 ms] [UE 40252] UL: SNR = 56.00 dB | SE = 18.324 bit/s/Hz
[71384 ms] [UE 15599] UL: SNR = 52.50 dB | SE = 17.179 bit/s/Hz
[71466 ms] [UE 33952] UL: SNR = 6.50 dB | SE = 2.414 bit/s/Hz
[71466 ms] [UE 12169] UL: SNR = 63.50 dB | SE = 20.778 bit/s/Hz
[71466 ms] [UE 22873] UL: SNR = 63.50 dB | SE = 20.778 bit/s/Hz
[71466 ms] [UE 30556] UL: SNR = 63.50 dB | SE = 20.778 bit/s/Hz
[71466 ms] [UE 20945] UL: SNR = 52.50 dB | SE = 17.179 bit/s/Hz
[71494 ms] [UE 45898] UL: SNR = 63.50 dB | SE = 20.778 bit/s/Hz
[71494 ms] [UE 36997] UL: SNR = 63.50 dB | SE = 20.778 bit/s/Hz
[71494 ms] [UE 48787] UL: SNR = 63.50 dB | SE = 20.778 bit/s/Hz
[71494 ms] [UE 40252] UL: SNR = 56.00 dB | SE = 18.324 bit/s/Hz
[71494 ms] [UE 15599] UL: SNR = 52.50 dB | SE = 17.179 bit/s/Hz
[71566 ms] [UE 33952] UL: SNR = 6.50 dB | SE = 2.414 bit/s/Hz
[71566 ms] [UE 12169] UL: SNR = 63.50 dB | SE = 20.778 bit/s/Hz
[71566 ms] [UE 22873] UL: SNR = 63.50 dB | SE = 20.778 bit/s/Hz
[71566 ms] [UE 30556] UL: SNR = 63.50 dB | SE = 20.778 bit/s/Hz
[71566 ms] [UE 20945] UL: SNR = 52.50 dB | SE = 17.179 bit/s/Hz
[71603 ms] [UE 45898] UL: SNR = 63.50 dB | SE = 20.778 bit/s/Hz
[71603 ms] [UE 36997] UL: SNR = 63.50 dB | SE = 20.778 bit/s/Hz
[71603 ms] [UE 48787] UL: SNR = 63.50 dB | SE = 20.778 bit/s/Hz
[71603 ms] [UE 40252] UL: SNR = 56.00 dB | SE = 18.324 bit/s/Hz
[71603 ms] [UE 15599] UL: SNR = 52.50 dB | SE = 17.179 bit/s/Hz
[71666 ms] [UE 33952] UL: SNR = 6.50 dB | SE = 2.414 bit/s/Hz
[71666 ms] [UE 12169] UL: SNR = 63.50 dB | SE = 20.778 bit/s/Hz
[71666 ms] [UE 22873] UL: SNR = 63.50 dB | SE = 20.778 bit/s/Hz
[71666 ms] [UE 30556] UL: SNR = 63.50 dB | SE = 20.778 bit/s/Hz
[71666 ms] [UE 20945] UL: SNR = 52.50 dB | SE = 17.179 bit/s/Hz
[71714 ms] [UE 45898] UL: SNR = 63.50 dB | SE = 20.778 bit/s/Hz
[71714 ms] [UE 36997] UL: SNR = 63.50 dB | SE = 20.778 bit/s/Hz
[71714 ms] [UE 48787] UL: SNR = 63.50 dB | SE = 20.778 bit/s/Hz
[71714 ms] [UE 40252] UL: SNR = 56.00 dB | SE = 18.324 bit/s/Hz
[71714 ms] [UE 15599] UL: SNR = 52.50 dB | SE = 17.179 bit/s/Hz
[71776 ms] [UE 33952] UL: SNR = 6.50 dB | SE = 2.414 bit/s/Hz
[71776 ms] [UE 12169] UL: SNR = 63.50 dB | SE = 20.778 bit/s/Hz
[71776 ms] [UE 22873] UL: SNR = 63.50 dB | SE = 20.778 bit/s/Hz
[71776 ms] [UE 30556] UL: SNR = 63.50 dB | SE = 20.778 bit/s/Hz
[71776 ms] [UE 20945] UL: SNR = 52.50 dB | SE = 17.179 bit/s/Hz
[71824 ms] [UE 45898] UL: SNR = 63.50 dB | SE = 20.778 bit/s/Hz
[71824 ms] [UE 36997] UL: SNR = 63.50 dB | SE = 20.778 bit/s/Hz
[71824 ms] [UE 48787] UL: SNR = 63.50 dB | SE = 20.778 bit/s/Hz
[71824 ms] [UE 40252] UL: SNR = 56.00 dB | SE = 18.324 bit/s/Hz
[71824 ms] [UE 15599] UL: SNR = 52.50 dB | SE = 17.179 bit/s/Hz
[71876 ms] [UE 33952] UL: SNR = 6.50 dB | SE = 2.414 bit/s/Hz
[71876 ms] [UE 12169] UL: SNR = 63.50 dB | SE = 20.778 bit/s/Hz
[71876 ms] [UE 22873] UL: SNR = 63.50 dB | SE = 20.778 bit/s/Hz
[71876 ms] [UE 30556] UL: SNR = 63.50 dB | SE = 20.778 bit/s/Hz
[71876 ms] [UE 20945] UL: SNR = 52.50 dB | SE = 17.179 bit/s/Hz
[71933 ms] [UE 45898] UL: SNR = 63.50 dB | SE = 20.778 bit/s/Hz
[71933 ms] [UE 36997] UL: SNR = 63.50 dB | SE = 20.778 bit/s/Hz
[71933 ms] [UE 48787] UL: SNR = 63.50 dB | SE = 20.778 bit/s/Hz
[71933 ms] [UE 40252] UL: SNR = 56.00 dB | SE = 18.324 bit/s/Hz
[71933 ms] [UE 15599] UL: SNR = 52.50 dB | SE = 17.179 bit/s/Hz
[71986 ms] [UE 33952] UL: SNR = 6.50 dB | SE = 2.414 bit/s/Hz
[71986 ms] [UE 12169] UL: SNR = 63.50 dB | SE = 20.778 bit/s/Hz
[71986 ms] [UE 22873] UL: SNR = 63.50 dB | SE = 20.778 bit/s/Hz
[71986 ms] [UE 30556] UL: SNR = 63.50 dB | SE = 20.778 bit/s/Hz
[71986 ms] [UE 20945] UL: SNR = 52.50 dB | SE = 17.179 bit/s/Hz
[72044 ms] [UE 45898] UL: SNR = 63.50 dB | SE = 20.778 bit/s/Hz
[72044 ms] [UE 36997] UL: SNR = 63.50 dB | SE = 20.778 bit/s/Hz
[72044 ms] [UE 48787] UL: SNR = 63.50 dB | SE = 20.778 bit/s/Hz
[72044 ms] [UE 40252] UL: SNR = 56.00 dB | SE = 18.324 bit/s/Hz
[72044 ms] [UE 15599] UL: SNR = 52.50 dB | SE = 17.179 bit/s/Hz
[72087 ms] [UE 33952] UL: SNR = 6.50 dB | SE = 2.414 bit/s/Hz
[72087 ms] [UE 12169] UL: SNR = 63.50 dB | SE = 20.778 bit/s/Hz
[72087 ms] [UE 22873] UL: SNR = 63.50 dB | SE = 20.778 bit/s/Hz
[72087 ms] [UE 30556] UL: SNR = 63.50 dB | SE = 20.778 bit/s/Hz
[72087 ms] [UE 20945] UL: SNR = 52.50 dB | SE = 17.179 bit/s/Hz
[72153 ms] [UE 45898] UL: SNR = 63.50 dB | SE = 20.778 bit/s/Hz
[72153 ms] [UE 36997] UL: SNR = 63.50 dB | SE = 20.778 bit/s/Hz
[72153 ms] [UE 48787] UL: SNR = 63.50 dB | SE = 20.778 bit/s/Hz
[72153 ms] [UE 40252] UL: SNR = 56.00 dB | SE = 18.324 bit/s/Hz
[72153 ms] [UE 15599] UL: SNR = 52.50 dB | SE = 17.179 bit/s/Hz
[72196 ms] [UE 33952] UL: SNR = 6.50 dB | SE = 2.414 bit/s/Hz
[72196 ms] [UE 12169] UL: SNR = 63.50 dB | SE = 20.778 bit/s/Hz
[72196 ms] [UE 22873] UL: SNR = 63.50 dB | SE = 20.778 bit/s/Hz
[72196 ms] [UE 30556] UL: SNR = 63.50 dB | SE = 20.778 bit/s/Hz
[72196 ms] [UE 20945] UL: SNR = 52.50 dB | SE = 17.179 bit/s/Hz
[72254 ms] [UE 45898] UL: SNR = 63.50 dB | SE = 20.778 bit/s/Hz
[72254 ms] [UE 36997] UL: SNR = 63.50 dB | SE = 20.778 bit/s/Hz
[72254 ms] [UE 48787] UL: SNR = 63.50 dB | SE = 20.778 bit/s/Hz
[72254 ms] [UE 40252] UL: SNR = 56.00 dB | SE = 18.324 bit/s/Hz
[72254 ms] [UE 15599] UL: SNR = 52.50 dB | SE = 17.179 bit/s/Hz
[72296 ms] [UE 33952] UL: SNR = 6.50 dB | SE = 2.414 bit/s/Hz
[72296 ms] [UE 12169] UL: SNR = 63.50 dB | SE = 20.778 bit/s/Hz
[72296 ms] [UE 22873] UL: SNR = 63.50 dB | SE = 20.778 bit/s/Hz
[72296 ms] [UE 30556] UL: SNR = 63.50 dB | SE = 20.778 bit/s/Hz
[72296 ms] [UE 20945] UL: SNR = 52.50 dB | SE = 17.179 bit/s/Hz
[72364 ms] [UE 45898] UL: SNR = 63.50 dB | SE = 20.778 bit/s/Hz
[72364 ms] [UE 36997] UL: SNR = 63.50 dB | SE = 20.778 bit/s/Hz
[72364 ms] [UE 48787] UL: SNR = 63.50 dB | SE = 20.778 bit/s/Hz
[72364 ms] [UE 40252] UL: SNR = 56.00 dB | SE = 18.324 bit/s/Hz
[72364 ms] [UE 15599] UL: SNR = 52.50 dB | SE = 17.179 bit/s/Hz
[72396 ms] [UE 33952] UL: SNR = 6.50 dB | SE = 2.414 bit/s/Hz
[72396 ms] [UE 12169] UL: SNR = 63.50 dB | SE = 20.778 bit/s/Hz
[72396 ms] [UE 22873] UL: SNR = 63.50 dB | SE = 20.778 bit/s/Hz
[72396 ms] [UE 30556] UL: SNR = 63.50 dB | SE = 20.778 bit/s/Hz
[72396 ms] [UE 20945] UL: SNR = 52.50 dB | SE = 17.179 bit/s/Hz
[72474 ms] [UE 45898] UL: SNR = 63.50 dB | SE = 20.778 bit/s/Hz
[72474 ms] [UE 36997] UL: SNR = 63.50 dB | SE = 20.778 bit/s/Hz
[72474 ms] [UE 48787] UL: SNR = 63.50 dB | SE = 20.778 bit/s/Hz
[72474 ms] [UE 40252] UL: SNR = 56.00 dB | SE = 18.324 bit/s/Hz
[72474 ms] [UE 15599] UL: SNR = 52.50 dB | SE = 17.179 bit/s/Hz
[72507 ms] [UE 33952] UL: SNR = 6.50 dB | SE = 2.414 bit/s/Hz
[72507 ms] [UE 12169] UL: SNR = 63.50 dB | SE = 20.778 bit/s/Hz
[72507 ms] [UE 22873] UL: SNR = 63.50 dB | SE = 20.778 bit/s/Hz
[72507 ms] [UE 30556] UL: SNR = 63.50 dB | SE = 20.778 bit/s/Hz
[72507 ms] [UE 20945] UL: SNR = 52.50 dB | SE = 17.179 bit/s/Hz
[72584 ms] [UE 45898] UL: SNR = 63.50 dB | SE = 20.778 bit/s/Hz
[72584 ms] [UE 36997] UL: SNR = 63.50 dB | SE = 20.778 bit/s/Hz
[72584 ms] [UE 48787] UL: SNR = 63.50 dB | SE = 20.778 bit/s/Hz
[72584 ms] [UE 40252] UL: SNR = 56.00 dB | SE = 18.324 bit/s/Hz
[72584 ms] [UE 15599] UL: SNR = 52.50 dB | SE = 17.179 bit/s/Hz
[72617 ms] [UE 33952] UL: SNR = 6.50 dB | SE = 2.414 bit/s/Hz
[72617 ms] [UE 12169] UL: SNR = 63.50 dB | SE = 20.778 bit/s/Hz
[72617 ms] [UE 22873] UL: SNR = 63.50 dB | SE = 20.778 bit/s/Hz
[72617 ms] [UE 30556] UL: SNR = 63.50 dB | SE = 20.778 bit/s/Hz
[72617 ms] [UE 20945] UL: SNR = 52.50 dB | SE = 17.179 bit/s/Hz
[72684 ms] [UE 45898] UL: SNR = 63.50 dB | SE = 20.778 bit/s/Hz
[72684 ms] [UE 36997] UL: SNR = 63.50 dB | SE = 20.778 bit/s/Hz
[72684 ms] [UE 48787] UL: SNR = 63.50 dB | SE = 20.778 bit/s/Hz
[72684 ms] [UE 40252] UL: SNR = 56.00 dB | SE = 18.324 bit/s/Hz
[72684 ms] [UE 15599] UL: SNR = 52.50 dB | SE = 17.179 bit/s/Hz
[72726 ms] [UE 33952] UL: SNR = 6.50 dB | SE = 2.414 bit/s/Hz
[72726 ms] [UE 12169] UL: SNR = 63.50 dB | SE = 20.778 bit/s/Hz
[72726 ms] [UE 22873] UL: SNR = 63.50 dB | SE = 20.778 bit/s/Hz
[72726 ms] [UE 30556] UL: SNR = 63.50 dB | SE = 20.778 bit/s/Hz
[72726 ms] [UE 20945] UL: SNR = 52.50 dB | SE = 17.179 bit/s/Hz
[72794 ms] [UE 45898] UL: SNR = 63.50 dB | SE = 20.778 bit/s/Hz
[72794 ms] [UE 36997] UL: SNR = 63.50 dB | SE = 20.778 bit/s/Hz
[72794 ms] [UE 48787] UL: SNR = 63.50 dB | SE = 20.778 bit/s/Hz
[72794 ms] [UE 40252] UL: SNR = 56.00 dB | SE = 18.324 bit/s/Hz
[72794 ms] [UE 15599] UL: SNR = 52.50 dB | SE = 17.179 bit/s/Hz
[72826 ms] [UE 33952] UL: SNR = 6.50 dB | SE = 2.414 bit/s/Hz
[72826 ms] [UE 12169] UL: SNR = 63.50 dB | SE = 20.778 bit/s/Hz
[72826 ms] [UE 22873] UL: SNR = 63.50 dB | SE = 20.778 bit/s/Hz
[72826 ms] [UE 30556] UL: SNR = 63.50 dB | SE = 20.778 bit/s/Hz
[72826 ms] [UE 20945] UL: SNR = 52.50 dB | SE = 17.179 bit/s/Hz
[72903 ms] [UE 45898] UL: SNR = 63.50 dB | SE = 20.778 bit/s/Hz
[72903 ms] [UE 36997] UL: SNR = 63.50 dB | SE = 20.778 bit/s/Hz
[72903 ms] [UE 48787] UL: SNR = 63.50 dB | SE = 20.778 bit/s/Hz
[72903 ms] [UE 40252] UL: SNR = 56.00 dB | SE = 18.324 bit/s/Hz
[72903 ms] [UE 15599] UL: SNR = 52.50 dB | SE = 17.179 bit/s/Hz
[72930 ms] [UE 33952] UL: SNR = 6.50 dB | SE = 2.414 bit/s/Hz
[72930 ms] [UE 12169] UL: SNR = 63.50 dB | SE = 20.778 bit/s/Hz
[72930 ms] [UE 22873] UL: SNR = 63.50 dB | SE = 20.778 bit/s/Hz
[72930 ms] [UE 30556] UL: SNR = 63.50 dB | SE = 20.778 bit/s/Hz
[72930 ms] [UE 20945] UL: SNR = 52.50 dB | SE = 17.179 bit/s/Hz
[73004 ms] [UE 45898] UL: SNR = 63.50 dB | SE = 20.778 bit/s/Hz
[73004 ms] [UE 36997] UL: SNR = 63.50 dB | SE = 20.778 bit/s/Hz
[73004 ms] [UE 48787] UL: SNR = 63.50 dB | SE = 20.778 bit/s/Hz
[73004 ms] [UE 40252] UL: SNR = 56.00 dB | SE = 18.324 bit/s/Hz
[73004 ms] [UE 15599] UL: SNR = 52.50 dB | SE = 17.179 bit/s/Hz
[73036 ms] [UE 33952] UL: SNR = 6.50 dB | SE = 2.414 bit/s/Hz
[73036 ms] [UE 12169] UL: SNR = 63.50 dB | SE = 20.778 bit/s/Hz
[73036 ms] [UE 22873] UL: SNR = 63.50 dB | SE = 20.778 bit/s/Hz
[73036 ms] [UE 30556] UL: SNR = 63.50 dB | SE = 20.778 bit/s/Hz
[73036 ms] [UE 20945] UL: SNR = 52.50 dB | SE = 17.179 bit/s/Hz
[73113 ms] [UE 45898] UL: SNR = 63.50 dB | SE = 20.778 bit/s/Hz
[73113 ms] [UE 36997] UL: SNR = 63.50 dB | SE = 20.778 bit/s/Hz
[73113 ms] [UE 48787] UL: SNR = 63.50 dB | SE = 20.778 bit/s/Hz
[73113 ms] [UE 40252] UL: SNR = 56.00 dB | SE = 18.324 bit/s/Hz
[73113 ms] [UE 15599] UL: SNR = 52.50 dB | SE = 17.179 bit/s/Hz
[73137 ms] [UE 33952] UL: SNR = 6.50 dB | SE = 2.414 bit/s/Hz
[73137 ms] [UE 12169] UL: SNR = 63.50 dB | SE = 20.778 bit/s/Hz
[73137 ms] [UE 22873] UL: SNR = 5.00 dB | SE = 2.027 bit/s/Hz
[73137 ms] [UE 30556] UL: SNR = 63.50 dB | SE = 20.778 bit/s/Hz
[73137 ms] [UE 20945] UL: SNR = 52.50 dB | SE = 17.179 bit/s/Hz
[73223 ms] [UE 45898] UL: SNR = 63.50 dB | SE = 20.778 bit/s/Hz
[73223 ms] [UE 36997] UL: SNR = 63.50 dB | SE = 20.778 bit/s/Hz
[73223 ms] [UE 48787] UL: SNR = 63.50 dB | SE = 20.778 bit/s/Hz
[73223 ms] [UE 40252] UL: SNR = 56.00 dB | SE = 18.324 bit/s/Hz
[73223 ms] [UE 15599] UL: SNR = 52.50 dB | SE = 17.179 bit/s/Hz
[73247 ms] [UE 33952] UL: SNR = 6.50 dB | SE = 2.414 bit/s/Hz
[73247 ms] [UE 12169] UL: SNR = 63.50 dB | SE = 20.778 bit/s/Hz
[73247 ms] [UE 22873] UL: SNR = 5.00 dB | SE = 2.027 bit/s/Hz
[73247 ms] [UE 30556] UL: SNR = 63.50 dB | SE = 20.778 bit/s/Hz
[73247 ms] [UE 20945] UL: SNR = 52.50 dB | SE = 17.179 bit/s/Hz
[73324 ms] [UE 45898] UL: SNR = 63.50 dB | SE = 20.778 bit/s/Hz
[73324 ms] [UE 36997] UL: SNR = 63.50 dB | SE = 20.778 bit/s/Hz
[73324 ms] [UE 48787] UL: SNR = 63.50 dB | SE = 20.778 bit/s/Hz
[73324 ms] [UE 40252] UL: SNR = 56.00 dB | SE = 18.324 bit/s/Hz
[73324 ms] [UE 15599] UL: SNR = 52.50 dB | SE = 17.179 bit/s/Hz
[73356 ms] [UE 33952] UL: SNR = 6.50 dB | SE = 2.414 bit/s/Hz
[73356 ms] [UE 12169] UL: SNR = 63.50 dB | SE = 20.778 bit/s/Hz
[73356 ms] [UE 22873] UL: SNR = 5.00 dB | SE = 2.027 bit/s/Hz
[73356 ms] [UE 30556] UL: SNR = 63.50 dB | SE = 20.778 bit/s/Hz
[73356 ms] [UE 20945] UL: SNR = 52.50 dB | SE = 17.179 bit/s/Hz
[73433 ms] [UE 45898] UL: SNR = 63.50 dB | SE = 20.778 bit/s/Hz
[73433 ms] [UE 36997] UL: SNR = 63.50 dB | SE = 20.778 bit/s/Hz
[73433 ms] [UE 48787] UL: SNR = 63.50 dB | SE = 20.778 bit/s/Hz
[73433 ms] [UE 40252] UL: SNR = 56.00 dB | SE = 18.324 bit/s/Hz
[73433 ms] [UE 15599] UL: SNR = 52.50 dB | SE = 17.179 bit/s/Hz
[73466 ms] [UE 33952] UL: SNR = 6.50 dB | SE = 2.414 bit/s/Hz
[73466 ms] [UE 12169] UL: SNR = 63.50 dB | SE = 20.778 bit/s/Hz
[73466 ms] [UE 22873] UL: SNR = 5.00 dB | SE = 2.027 bit/s/Hz
[73466 ms] [UE 30556] UL: SNR = 63.50 dB | SE = 20.778 bit/s/Hz
[73466 ms] [UE 20945] UL: SNR = 52.50 dB | SE = 17.179 bit/s/Hz
[73534 ms] [UE 45898] UL: SNR = 63.50 dB | SE = 20.778 bit/s/Hz
[73534 ms] [UE 36997] UL: SNR = 63.50 dB | SE = 20.778 bit/s/Hz
[73534 ms] [UE 48787] UL: SNR = 63.50 dB | SE = 20.778 bit/s/Hz
[73534 ms] [UE 40252] UL: SNR = 56.00 dB | SE = 18.324 bit/s/Hz
[73534 ms] [UE 15599] UL: SNR = 52.50 dB | SE = 17.179 bit/s/Hz
[73578 ms] [UE 33952] UL: SNR = 6.50 dB | SE = 2.414 bit/s/Hz
[73578 ms] [UE 12169] UL: SNR = 63.50 dB | SE = 20.778 bit/s/Hz
[73578 ms] [UE 22873] UL: SNR = 5.00 dB | SE = 2.027 bit/s/Hz
[73578 ms] [UE 30556] UL: SNR = 63.50 dB | SE = 20.778 bit/s/Hz
[73578 ms] [UE 20945] UL: SNR = 52.50 dB | SE = 17.179 bit/s/Hz
[73643 ms] [UE 45898] UL: SNR = 63.50 dB | SE = 20.778 bit/s/Hz
[73643 ms] [UE 36997] UL: SNR = 63.50 dB | SE = 20.778 bit/s/Hz
[73643 ms] [UE 48787] UL: SNR = 63.50 dB | SE = 20.778 bit/s/Hz
[73643 ms] [UE 40252] UL: SNR = 56.00 dB | SE = 18.324 bit/s/Hz
[73643 ms] [UE 15599] UL: SNR = 52.50 dB | SE = 17.179 bit/s/Hz
[73686 ms] [UE 33952] UL: SNR = 6.50 dB | SE = 2.414 bit/s/Hz
[73686 ms] [UE 12169] UL: SNR = 63.50 dB | SE = 20.778 bit/s/Hz
[73686 ms] [UE 22873] UL: SNR = 5.00 dB | SE = 2.027 bit/s/Hz
[73686 ms] [UE 30556] UL: SNR = 63.50 dB | SE = 20.778 bit/s/Hz
[73686 ms] [UE 20945] UL: SNR = 52.50 dB | SE = 17.179 bit/s/Hz
[73754 ms] [UE 45898] UL: SNR = 63.50 dB | SE = 20.778 bit/s/Hz
[73754 ms] [UE 36997] UL: SNR = 63.50 dB | SE = 20.778 bit/s/Hz
[73754 ms] [UE 48787] UL: SNR = 63.50 dB | SE = 20.778 bit/s/Hz
[73754 ms] [UE 40252] UL: SNR = 56.00 dB | SE = 18.324 bit/s/Hz
[73754 ms] [UE 15599] UL: SNR = 52.50 dB | SE = 17.179 bit/s/Hz
[73787 ms] [UE 33952] UL: SNR = 6.50 dB | SE = 2.414 bit/s/Hz
[73787 ms] [UE 12169] UL: SNR = 63.50 dB | SE = 20.778 bit/s/Hz
[73787 ms] [UE 22873] UL: SNR = 5.00 dB | SE = 2.027 bit/s/Hz
[73787 ms] [UE 30556] UL: SNR = 63.50 dB | SE = 20.778 bit/s/Hz
[73787 ms] [UE 20945] UL: SNR = 52.50 dB | SE = 17.179 bit/s/Hz
[73864 ms] [UE 45898] UL: SNR = 63.50 dB | SE = 20.778 bit/s/Hz
[73864 ms] [UE 36997] UL: SNR = 63.50 dB | SE = 20.778 bit/s/Hz
[73864 ms] [UE 48787] UL: SNR = 63.50 dB | SE = 20.778 bit/s/Hz
[73864 ms] [UE 40252] UL: SNR = 56.00 dB | SE = 18.324 bit/s/Hz
[73864 ms] [UE 15599] UL: SNR = 52.50 dB | SE = 17.179 bit/s/Hz
[73896 ms] [UE 33952] UL: SNR = 6.50 dB | SE = 2.414 bit/s/Hz
[73896 ms] [UE 12169] UL: SNR = 63.50 dB | SE = 20.778 bit/s/Hz
[73896 ms] [UE 22873] UL: SNR = 5.00 dB | SE = 2.027 bit/s/Hz
[73896 ms] [UE 30556] UL: SNR = 63.50 dB | SE = 20.778 bit/s/Hz
[73896 ms] [UE 20945] UL: SNR = 63.50 dB | SE = 20.778 bit/s/Hz
[73973 ms] [UE 45898] UL: SNR = 63.50 dB | SE = 20.778 bit/s/Hz
[73973 ms] [UE 36997] UL: SNR = 63.50 dB | SE = 20.778 bit/s/Hz
[73973 ms] [UE 48787] UL: SNR = 63.50 dB | SE = 20.778 bit/s/Hz
[73973 ms] [UE 40252] UL: SNR = 56.00 dB | SE = 18.324 bit/s/Hz
[73973 ms] [UE 15599] UL: SNR = 52.50 dB | SE = 17.179 bit/s/Hz
[73996 ms] [UE 33952] UL: SNR = 6.50 dB | SE = 2.414 bit/s/Hz
[73996 ms] [UE 12169] UL: SNR = 63.50 dB | SE = 20.778 bit/s/Hz
[73996 ms] [UE 22873] UL: SNR = 5.00 dB | SE = 2.027 bit/s/Hz
[73996 ms] [UE 30556] UL: SNR = 63.50 dB | SE = 20.778 bit/s/Hz
[73996 ms] [UE 20945] UL: SNR = 63.50 dB | SE = 20.778 bit/s/Hz
[74084 ms] [UE 45898] UL: SNR = 63.50 dB | SE = 20.778 bit/s/Hz
[74084 ms] [UE 36997] UL: SNR = 63.50 dB | SE = 20.778 bit/s/Hz
[74084 ms] [UE 48787] UL: SNR = 63.50 dB | SE = 20.778 bit/s/Hz
[74084 ms] [UE 40252] UL: SNR = 56.00 dB | SE = 18.324 bit/s/Hz
[74084 ms] [UE 15599] UL: SNR = 52.50 dB | SE = 17.179 bit/s/Hz
[74096 ms] [UE 33952] UL: SNR = 6.50 dB | SE = 2.414 bit/s/Hz
[74096 ms] [UE 12169] UL: SNR = 63.50 dB | SE = 20.778 bit/s/Hz
[74096 ms] [UE 22873] UL: SNR = 5.00 dB | SE = 2.027 bit/s/Hz
[74096 ms] [UE 30556] UL: SNR = 63.50 dB | SE = 20.778 bit/s/Hz
[74096 ms] [UE 20945] UL: SNR = 63.50 dB | SE = 20.778 bit/s/Hz
[74193 ms] [UE 45898] UL: SNR = 63.50 dB | SE = 20.778 bit/s/Hz
[74193 ms] [UE 36997] UL: SNR = 63.50 dB | SE = 20.778 bit/s/Hz
[74193 ms] [UE 48787] UL: SNR = 63.50 dB | SE = 20.778 bit/s/Hz
[74193 ms] [UE 40252] UL: SNR = 56.00 dB | SE = 18.324 bit/s/Hz
[74193 ms] [UE 15599] UL: SNR = 52.50 dB | SE = 17.179 bit/s/Hz
[74206 ms] [UE 33952] UL: SNR = 6.50 dB | SE = 2.414 bit/s/Hz
[74206 ms] [UE 12169] UL: SNR = 63.50 dB | SE = 20.778 bit/s/Hz
[74206 ms] [UE 22873] UL: SNR = 5.00 dB | SE = 2.027 bit/s/Hz
[74206 ms] [UE 30556] UL: SNR = 63.50 dB | SE = 20.778 bit/s/Hz
[74206 ms] [UE 20945] UL: SNR = 63.50 dB | SE = 20.778 bit/s/Hz
[74293 ms] [UE 45898] UL: SNR = 63.50 dB | SE = 20.778 bit/s/Hz
[74293 ms] [UE 36997] UL: SNR = 63.50 dB | SE = 20.778 bit/s/Hz
[74293 ms] [UE 48787] UL: SNR = 63.50 dB | SE = 20.778 bit/s/Hz
[74293 ms] [UE 40252] UL: SNR = 56.00 dB | SE = 18.324 bit/s/Hz
[74293 ms] [UE 15599] UL: SNR = 52.50 dB | SE = 17.179 bit/s/Hz
[74306 ms] [UE 33952] UL: SNR = 6.50 dB | SE = 2.414 bit/s/Hz
[74306 ms] [UE 12169] UL: SNR = 63.50 dB | SE = 20.778 bit/s/Hz
[74306 ms] [UE 22873] UL: SNR = 5.00 dB | SE = 2.027 bit/s/Hz
[74306 ms] [UE 30556] UL: SNR = 63.50 dB | SE = 20.778 bit/s/Hz
[74306 ms] [UE 20945] UL: SNR = 63.50 dB | SE = 20.778 bit/s/Hz
[74394 ms] [UE 45898] UL: SNR = 63.50 dB | SE = 20.778 bit/s/Hz
[74394 ms] [UE 36997] UL: SNR = 63.50 dB | SE = 20.778 bit/s/Hz
[74394 ms] [UE 48787] UL: SNR = 63.50 dB | SE = 20.778 bit/s/Hz
[74394 ms] [UE 40252] UL: SNR = 56.00 dB | SE = 18.324 bit/s/Hz
[74394 ms] [UE 15599] UL: SNR = 52.50 dB | SE = 17.179 bit/s/Hz
[74416 ms] [UE 33952] UL: SNR = 6.50 dB | SE = 2.414 bit/s/Hz
[74416 ms] [UE 12169] UL: SNR = 63.50 dB | SE = 20.778 bit/s/Hz
[74416 ms] [UE 22873] UL: SNR = 5.00 dB | SE = 2.027 bit/s/Hz
[74416 ms] [UE 30556] UL: SNR = 63.50 dB | SE = 20.778 bit/s/Hz
[74416 ms] [UE 20945] UL: SNR = 63.50 dB | SE = 20.778 bit/s/Hz
[74494 ms] [UE 45898] UL: SNR = 63.50 dB | SE = 20.778 bit/s/Hz
[74494 ms] [UE 36997] UL: SNR = 63.50 dB | SE = 20.778 bit/s/Hz
[74494 ms] [UE 48787] UL: SNR = 63.50 dB | SE = 20.778 bit/s/Hz
[74494 ms] [UE 40252] UL: SNR = 56.00 dB | SE = 18.324 bit/s/Hz
[74494 ms] [UE 15599] UL: SNR = 52.50 dB | SE = 17.179 bit/s/Hz
[74518 ms] [UE 33952] UL: SNR = 6.50 dB | SE = 2.414 bit/s/Hz
[74518 ms] [UE 12169] UL: SNR = 63.50 dB | SE = 20.778 bit/s/Hz
[74518 ms] [UE 22873] UL: SNR = 5.00 dB | SE = 2.027 bit/s/Hz
[74518 ms] [UE 30556] UL: SNR = 63.50 dB | SE = 20.778 bit/s/Hz
[74518 ms] [UE 20945] UL: SNR = 63.50 dB | SE = 20.778 bit/s/Hz
[74604 ms] [UE 45898] UL: SNR = 63.50 dB | SE = 20.778 bit/s/Hz
[74604 ms] [UE 36997] UL: SNR = 63.50 dB | SE = 20.778 bit/s/Hz
[74604 ms] [UE 48787] UL: SNR = 63.50 dB | SE = 20.778 bit/s/Hz
[74604 ms] [UE 40252] UL: SNR = 56.00 dB | SE = 18.324 bit/s/Hz
[74604 ms] [UE 15599] UL: SNR = 52.50 dB | SE = 17.179 bit/s/Hz
[74618 ms] [UE 33952] UL: SNR = 6.50 dB | SE = 2.414 bit/s/Hz
[74618 ms] [UE 12169] UL: SNR = 63.50 dB | SE = 20.778 bit/s/Hz
[74618 ms] [UE 22873] UL: SNR = 5.00 dB | SE = 2.027 bit/s/Hz
[74618 ms] [UE 30556] UL: SNR = 63.50 dB | SE = 20.778 bit/s/Hz
[74618 ms] [UE 20945] UL: SNR = 63.50 dB | SE = 20.778 bit/s/Hz
[74714 ms] [UE 45898] UL: SNR = 63.50 dB | SE = 20.778 bit/s/Hz
[74714 ms] [UE 36997] UL: SNR = 63.50 dB | SE = 20.778 bit/s/Hz
[74714 ms] [UE 48787] UL: SNR = 63.50 dB | SE = 20.778 bit/s/Hz
[74714 ms] [UE 40252] UL: SNR = 56.00 dB | SE = 18.324 bit/s/Hz
[74714 ms] [UE 15599] UL: SNR = 52.50 dB | SE = 17.179 bit/s/Hz
[74727 ms] [UE 33952] UL: SNR = 6.50 dB | SE = 2.414 bit/s/Hz
[74727 ms] [UE 12169] UL: SNR = 63.50 dB | SE = 20.778 bit/s/Hz
[74727 ms] [UE 22873] UL: SNR = 5.00 dB | SE = 2.027 bit/s/Hz
[74727 ms] [UE 30556] UL: SNR = 63.50 dB | SE = 20.778 bit/s/Hz
[74727 ms] [UE 20945] UL: SNR = 63.50 dB | SE = 20.778 bit/s/Hz
[74824 ms] [UE 45898] UL: SNR = 63.50 dB | SE = 20.778 bit/s/Hz
[74824 ms] [UE 36997] UL: SNR = 63.50 dB | SE = 20.778 bit/s/Hz
[74824 ms] [UE 48787] UL: SNR = 63.50 dB | SE = 20.778 bit/s/Hz
[74824 ms] [UE 40252] UL: SNR = 56.00 dB | SE = 18.324 bit/s/Hz
[74824 ms] [UE 15599] UL: SNR = 52.50 dB | SE = 17.179 bit/s/Hz
[74829 ms] [UE 33952] UL: SNR = 6.50 dB | SE = 2.414 bit/s/Hz
[74829 ms] [UE 12169] UL: SNR = 63.50 dB | SE = 20.778 bit/s/Hz
[74829 ms] [UE 22873] UL: SNR = 5.00 dB | SE = 2.027 bit/s/Hz
[74829 ms] [UE 30556] UL: SNR = 63.50 dB | SE = 20.778 bit/s/Hz
[74829 ms] [UE 20945] UL: SNR = 63.50 dB | SE = 20.778 bit/s/Hz
[74933 ms] [UE 45898] UL: SNR = 63.50 dB | SE = 20.778 bit/s/Hz
[74933 ms] [UE 36997] UL: SNR = 63.50 dB | SE = 20.778 bit/s/Hz
[74933 ms] [UE 48787] UL: SNR = 63.50 dB | SE = 20.778 bit/s/Hz
[74933 ms] [UE 40252] UL: SNR = 56.00 dB | SE = 18.324 bit/s/Hz
[74933 ms] [UE 15599] UL: SNR = 52.50 dB | SE = 17.179 bit/s/Hz
[74938 ms] [UE 33952] UL: SNR = 6.50 dB | SE = 2.414 bit/s/Hz
[74938 ms] [UE 12169] UL: SNR = 63.50 dB | SE = 20.778 bit/s/Hz
[74938 ms] [UE 22873] UL: SNR = 5.00 dB | SE = 2.027 bit/s/Hz
[74938 ms] [UE 30556] UL: SNR = 63.50 dB | SE = 20.778 bit/s/Hz
[74938 ms] [UE 20945] UL: SNR = 63.50 dB | SE = 20.778 bit/s/Hz
[75034 ms] [UE 45898] UL: SNR = 63.50 dB | SE = 20.778 bit/s/Hz
[75034 ms] [UE 36997] UL: SNR = 63.50 dB | SE = 20.778 bit/s/Hz
[75034 ms] [UE 48787] UL: SNR = 63.50 dB | SE = 20.778 bit/s/Hz
[75034 ms] [UE 40252] UL: SNR = 56.00 dB | SE = 18.324 bit/s/Hz
[75034 ms] [UE 15599] UL: SNR = 52.50 dB | SE = 17.179 bit/s/Hz
[75046 ms] [UE 33952] UL: SNR = 6.50 dB | SE = 2.414 bit/s/Hz
[75046 ms] [UE 12169] UL: SNR = 63.50 dB | SE = 20.778 bit/s/Hz
[75046 ms] [UE 22873] UL: SNR = 5.00 dB | SE = 2.027 bit/s/Hz
[75046 ms] [UE 30556] UL: SNR = 63.50 dB | SE = 20.778 bit/s/Hz
[75046 ms] [UE 20945] UL: SNR = 63.50 dB | SE = 20.778 bit/s/Hz
[75134 ms] [UE 45898] UL: SNR = 63.50 dB | SE = 20.778 bit/s/Hz
[75134 ms] [UE 36997] UL: SNR = 63.50 dB | SE = 20.778 bit/s/Hz
[75134 ms] [UE 48787] UL: SNR = 63.50 dB | SE = 20.778 bit/s/Hz
[75134 ms] [UE 40252] UL: SNR = 56.00 dB | SE = 18.324 bit/s/Hz
[75134 ms] [UE 15599] UL: SNR = 52.50 dB | SE = 17.179 bit/s/Hz
[75156 ms] [UE 33952] UL: SNR = 6.50 dB | SE = 2.414 bit/s/Hz
[75156 ms] [UE 12169] UL: SNR = 63.50 dB | SE = 20.778 bit/s/Hz
[75156 ms] [UE 22873] UL: SNR = 5.00 dB | SE = 2.027 bit/s/Hz
[75156 ms] [UE 30556] UL: SNR = 63.50 dB | SE = 20.778 bit/s/Hz
[75156 ms] [UE 20945] UL: SNR = 63.50 dB | SE = 20.778 bit/s/Hz
[75244 ms] [UE 45898] UL: SNR = 63.50 dB | SE = 20.778 bit/s/Hz
[75244 ms] [UE 36997] UL: SNR = 63.50 dB | SE = 20.778 bit/s/Hz
[75244 ms] [UE 48787] UL: SNR = 63.50 dB | SE = 20.778 bit/s/Hz
[75244 ms] [UE 40252] UL: SNR = 56.00 dB | SE = 18.324 bit/s/Hz
[75244 ms] [UE 15599] UL: SNR = 52.50 dB | SE = 17.179 bit/s/Hz
[75267 ms] [UE 33952] UL: SNR = 6.50 dB | SE = 2.414 bit/s/Hz
[75267 ms] [UE 12169] UL: SNR = 63.50 dB | SE = 20.778 bit/s/Hz
[75267 ms] [UE 22873] UL: SNR = 5.00 dB | SE = 2.027 bit/s/Hz
[75267 ms] [UE 30556] UL: SNR = 63.50 dB | SE = 20.778 bit/s/Hz
[75267 ms] [UE 20945] UL: SNR = 63.50 dB | SE = 20.778 bit/s/Hz
[75354 ms] [UE 45898] UL: SNR = 63.50 dB | SE = 20.778 bit/s/Hz
[75354 ms] [UE 36997] UL: SNR = 63.50 dB | SE = 20.778 bit/s/Hz
[75354 ms] [UE 48787] UL: SNR = 63.50 dB | SE = 20.778 bit/s/Hz
[75354 ms] [UE 40252] UL: SNR = 56.00 dB | SE = 18.324 bit/s/Hz
[75354 ms] [UE 15599] UL: SNR = 52.50 dB | SE = 17.179 bit/s/Hz
[75376 ms] [UE 33952] UL: SNR = 6.50 dB | SE = 2.414 bit/s/Hz
[75376 ms] [UE 12169] UL: SNR = 63.50 dB | SE = 20.778 bit/s/Hz
[75376 ms] [UE 22873] UL: SNR = 5.00 dB | SE = 2.027 bit/s/Hz
[75376 ms] [UE 30556] UL: SNR = 63.50 dB | SE = 20.778 bit/s/Hz
[75376 ms] [UE 20945] UL: SNR = 63.50 dB | SE = 20.778 bit/s/Hz
[75464 ms] [UE 45898] UL: SNR = 63.50 dB | SE = 20.778 bit/s/Hz
[75464 ms] [UE 36997] UL: SNR = 63.50 dB | SE = 20.778 bit/s/Hz
[75464 ms] [UE 48787] UL: SNR = 63.50 dB | SE = 20.778 bit/s/Hz
[75464 ms] [UE 40252] UL: SNR = 56.00 dB | SE = 18.324 bit/s/Hz
[75464 ms] [UE 15599] UL: SNR = 52.50 dB | SE = 17.179 bit/s/Hz
[75486 ms] [UE 33952] UL: SNR = 6.50 dB | SE = 2.414 bit/s/Hz
[75486 ms] [UE 12169] UL: SNR = 63.50 dB | SE = 20.778 bit/s/Hz
[75486 ms] [UE 22873] UL: SNR = 5.00 dB | SE = 2.027 bit/s/Hz
[75486 ms] [UE 30556] UL: SNR = 63.50 dB | SE = 20.778 bit/s/Hz
[75486 ms] [UE 20945] UL: SNR = 63.50 dB | SE = 20.778 bit/s/Hz
[75573 ms] [UE 45898] UL: SNR = 63.50 dB | SE = 20.778 bit/s/Hz
[75573 ms] [UE 36997] UL: SNR = 63.50 dB | SE = 20.778 bit/s/Hz
[75573 ms] [UE 48787] UL: SNR = 63.50 dB | SE = 20.778 bit/s/Hz
[75573 ms] [UE 40252] UL: SNR = 56.00 dB | SE = 18.324 bit/s/Hz
[75573 ms] [UE 15599] UL: SNR = 52.50 dB | SE = 17.179 bit/s/Hz
[75588 ms] [UE 33952] UL: SNR = 6.50 dB | SE = 2.414 bit/s/Hz
[75588 ms] [UE 12169] UL: SNR = 63.50 dB | SE = 20.778 bit/s/Hz
[75588 ms] [UE 22873] UL: SNR = 5.00 dB | SE = 2.027 bit/s/Hz
[75588 ms] [UE 30556] UL: SNR = 63.50 dB | SE = 20.778 bit/s/Hz
[75588 ms] [UE 20945] UL: SNR = 63.50 dB | SE = 20.778 bit/s/Hz
[75674 ms] [UE 45898] UL: SNR = 63.50 dB | SE = 20.778 bit/s/Hz
[75674 ms] [UE 36997] UL: SNR = 63.50 dB | SE = 20.778 bit/s/Hz
[75674 ms] [UE 48787] UL: SNR = 63.50 dB | SE = 20.778 bit/s/Hz
[75674 ms] [UE 40252] UL: SNR = 56.00 dB | SE = 18.324 bit/s/Hz
[75674 ms] [UE 15599] UL: SNR = 52.50 dB | SE = 17.179 bit/s/Hz
[75696 ms] [UE 33952] UL: SNR = 6.50 dB | SE = 2.414 bit/s/Hz
[75696 ms] [UE 12169] UL: SNR = 63.50 dB | SE = 20.778 bit/s/Hz
[75696 ms] [UE 22873] UL: SNR = 5.00 dB | SE = 2.027 bit/s/Hz
[75696 ms] [UE 30556] UL: SNR = 63.50 dB | SE = 20.778 bit/s/Hz
[75696 ms] [UE 20945] UL: SNR = 63.50 dB | SE = 20.778 bit/s/Hz
[75783 ms] [UE 45898] UL: SNR = 63.50 dB | SE = 20.778 bit/s/Hz
[75783 ms] [UE 36997] UL: SNR = 63.50 dB | SE = 20.778 bit/s/Hz
[75783 ms] [UE 48787] UL: SNR = 63.50 dB | SE = 20.778 bit/s/Hz
[75783 ms] [UE 40252] UL: SNR = 56.00 dB | SE = 18.324 bit/s/Hz
[75783 ms] [UE 15599] UL: SNR = 52.50 dB | SE = 17.179 bit/s/Hz
[75796 ms] [UE 33952] UL: SNR = 6.50 dB | SE = 2.414 bit/s/Hz
[75796 ms] [UE 12169] UL: SNR = 63.50 dB | SE = 20.778 bit/s/Hz
[75796 ms] [UE 22873] UL: SNR = 5.00 dB | SE = 2.027 bit/s/Hz
[75796 ms] [UE 30556] UL: SNR = 63.50 dB | SE = 20.778 bit/s/Hz
[75796 ms] [UE 20945] UL: SNR = 63.50 dB | SE = 20.778 bit/s/Hz
[75884 ms] [UE 45898] UL: SNR = 63.50 dB | SE = 20.778 bit/s/Hz
[75884 ms] [UE 36997] UL: SNR = 63.50 dB | SE = 20.778 bit/s/Hz
[75884 ms] [UE 48787] UL: SNR = 63.50 dB | SE = 20.778 bit/s/Hz
[75884 ms] [UE 40252] UL: SNR = 56.00 dB | SE = 18.324 bit/s/Hz
[75884 ms] [UE 15599] UL: SNR = 52.50 dB | SE = 17.179 bit/s/Hz
[75907 ms] [UE 33952] UL: SNR = 6.50 dB | SE = 2.414 bit/s/Hz
[75907 ms] [UE 12169] UL: SNR = 63.50 dB | SE = 20.778 bit/s/Hz
[75907 ms] [UE 22873] UL: SNR = 5.00 dB | SE = 2.027 bit/s/Hz
[75907 ms] [UE 30556] UL: SNR = 63.50 dB | SE = 20.778 bit/s/Hz
[75907 ms] [UE 20945] UL: SNR = 63.50 dB | SE = 20.778 bit/s/Hz
[75994 ms] [UE 45898] UL: SNR = 63.50 dB | SE = 20.778 bit/s/Hz
[75994 ms] [UE 36997] UL: SNR = 63.50 dB | SE = 20.778 bit/s/Hz
[75994 ms] [UE 48787] UL: SNR = 63.50 dB | SE = 20.778 bit/s/Hz
[75994 ms] [UE 40252] UL: SNR = 56.00 dB | SE = 18.324 bit/s/Hz
[75994 ms] [UE 15599] UL: SNR = 52.50 dB | SE = 17.179 bit/s/Hz
[76017 ms] [UE 33952] UL: SNR = 6.50 dB | SE = 2.414 bit/s/Hz
[76017 ms] [UE 12169] UL: SNR = 63.50 dB | SE = 20.778 bit/s/Hz
[76017 ms] [UE 22873] UL: SNR = 5.00 dB | SE = 2.027 bit/s/Hz
[76017 ms] [UE 30556] UL: SNR = 63.50 dB | SE = 20.778 bit/s/Hz
[76017 ms] [UE 20945] UL: SNR = 63.50 dB | SE = 20.778 bit/s/Hz
[76103 ms] [UE 45898] UL: SNR = 63.50 dB | SE = 20.778 bit/s/Hz
[76103 ms] [UE 36997] UL: SNR = 63.50 dB | SE = 20.778 bit/s/Hz
[76103 ms] [UE 48787] UL: SNR = 63.50 dB | SE = 20.778 bit/s/Hz
[76103 ms] [UE 40252] UL: SNR = 56.00 dB | SE = 18.324 bit/s/Hz
[76103 ms] [UE 15599] UL: SNR = 52.50 dB | SE = 17.179 bit/s/Hz
[76126 ms] [UE 33952] UL: SNR = 6.50 dB | SE = 2.414 bit/s/Hz
[76126 ms] [UE 12169] UL: SNR = 63.50 dB | SE = 20.778 bit/s/Hz
[76126 ms] [UE 22873] UL: SNR = 5.00 dB | SE = 2.027 bit/s/Hz
[76126 ms] [UE 30556] UL: SNR = 63.50 dB | SE = 20.778 bit/s/Hz
[76126 ms] [UE 20945] UL: SNR = 63.50 dB | SE = 20.778 bit/s/Hz
[76204 ms] [UE 45898] UL: SNR = 63.50 dB | SE = 20.778 bit/s/Hz
[76204 ms] [UE 36997] UL: SNR = 63.50 dB | SE = 20.778 bit/s/Hz
[76204 ms] [UE 48787] UL: SNR = 63.50 dB | SE = 20.778 bit/s/Hz
[76204 ms] [UE 40252] UL: SNR = 56.00 dB | SE = 18.324 bit/s/Hz
[76204 ms] [UE 15599] UL: SNR = 52.50 dB | SE = 17.179 bit/s/Hz
[76228 ms] [UE 33952] UL: SNR = 6.50 dB | SE = 2.414 bit/s/Hz
[76228 ms] [UE 12169] UL: SNR = 63.50 dB | SE = 20.778 bit/s/Hz
[76228 ms] [UE 22873] UL: SNR = 5.00 dB | SE = 2.027 bit/s/Hz
[76228 ms] [UE 30556] UL: SNR = 63.50 dB | SE = 20.778 bit/s/Hz
[76228 ms] [UE 20945] UL: SNR = 63.50 dB | SE = 20.778 bit/s/Hz
[76313 ms] [UE 45898] UL: SNR = 63.50 dB | SE = 20.778 bit/s/Hz
[76313 ms] [UE 36997] UL: SNR = 63.50 dB | SE = 20.778 bit/s/Hz
[76313 ms] [UE 48787] UL: SNR = 63.50 dB | SE = 20.778 bit/s/Hz
[76313 ms] [UE 40252] UL: SNR = 56.00 dB | SE = 18.324 bit/s/Hz
[76313 ms] [UE 15599] UL: SNR = 52.50 dB | SE = 17.179 bit/s/Hz
[76336 ms] [UE 33952] UL: SNR = 6.50 dB | SE = 2.414 bit/s/Hz
[76336 ms] [UE 12169] UL: SNR = 63.50 dB | SE = 20.778 bit/s/Hz
[76336 ms] [UE 22873] UL: SNR = 5.00 dB | SE = 2.027 bit/s/Hz
[76336 ms] [UE 30556] UL: SNR = 63.50 dB | SE = 20.778 bit/s/Hz
[76336 ms] [UE 20945] UL: SNR = 63.50 dB | SE = 20.778 bit/s/Hz
[76414 ms] [UE 45898] UL: SNR = 63.50 dB | SE = 20.778 bit/s/Hz
[76414 ms] [UE 36997] UL: SNR = 63.50 dB | SE = 20.778 bit/s/Hz
[76414 ms] [UE 48787] UL: SNR = 63.50 dB | SE = 20.778 bit/s/Hz
[76414 ms] [UE 40252] UL: SNR = 56.00 dB | SE = 18.324 bit/s/Hz
[76414 ms] [UE 15599] UL: SNR = 52.50 dB | SE = 17.179 bit/s/Hz
[76436 ms] [UE 33952] UL: SNR = 6.50 dB | SE = 2.414 bit/s/Hz
[76436 ms] [UE 12169] UL: SNR = 63.50 dB | SE = 20.778 bit/s/Hz
[76436 ms] [UE 22873] UL: SNR = 5.00 dB | SE = 2.027 bit/s/Hz
[76436 ms] [UE 30556] UL: SNR = 63.50 dB | SE = 20.778 bit/s/Hz
[76436 ms] [UE 20945] UL: SNR = 63.50 dB | SE = 20.778 bit/s/Hz
[76515 ms] [UE 45898] UL: SNR = 63.50 dB | SE = 20.778 bit/s/Hz
[76515 ms] [UE 36997] UL: SNR = 63.50 dB | SE = 20.778 bit/s/Hz
[76515 ms] [UE 48787] UL: SNR = 63.50 dB | SE = 20.778 bit/s/Hz
[76515 ms] [UE 40252] UL: SNR = 56.00 dB | SE = 18.324 bit/s/Hz
[76515 ms] [UE 15599] UL: SNR = 52.50 dB | SE = 17.179 bit/s/Hz
[76536 ms] [UE 33952] UL: SNR = 6.50 dB | SE = 2.414 bit/s/Hz
[76536 ms] [UE 12169] UL: SNR = 63.50 dB | SE = 20.778 bit/s/Hz
[76536 ms] [UE 22873] UL: SNR = 5.00 dB | SE = 2.027 bit/s/Hz
[76536 ms] [UE 30556] UL: SNR = 63.50 dB | SE = 20.778 bit/s/Hz
[76536 ms] [UE 20945] UL: SNR = 63.50 dB | SE = 20.778 bit/s/Hz
[76623 ms] [UE 45898] UL: SNR = 63.50 dB | SE = 20.778 bit/s/Hz
[76623 ms] [UE 36997] UL: SNR = 63.50 dB | SE = 20.778 bit/s/Hz
[76623 ms] [UE 48787] UL: SNR = 63.50 dB | SE = 20.778 bit/s/Hz
[76623 ms] [UE 40252] UL: SNR = 56.00 dB | SE = 18.324 bit/s/Hz
[76623 ms] [UE 15599] UL: SNR = 52.50 dB | SE = 17.179 bit/s/Hz
[76646 ms] [UE 33952] UL: SNR = 6.50 dB | SE = 2.414 bit/s/Hz
[76646 ms] [UE 12169] UL: SNR = 63.50 dB | SE = 20.778 bit/s/Hz
[76646 ms] [UE 22873] UL: SNR = 5.00 dB | SE = 2.027 bit/s/Hz
[76646 ms] [UE 30556] UL: SNR = 63.50 dB | SE = 20.778 bit/s/Hz
[76646 ms] [UE 20945] UL: SNR = 63.50 dB | SE = 20.778 bit/s/Hz
[76733 ms] [UE 45898] UL: SNR = 63.50 dB | SE = 20.778 bit/s/Hz
[76733 ms] [UE 36997] UL: SNR = 63.50 dB | SE = 20.778 bit/s/Hz
[76733 ms] [UE 48787] UL: SNR = 63.50 dB | SE = 20.778 bit/s/Hz
[76733 ms] [UE 40252] UL: SNR = 56.00 dB | SE = 18.324 bit/s/Hz
[76733 ms] [UE 15599] UL: SNR = 52.50 dB | SE = 17.179 bit/s/Hz
[76756 ms] [UE 33952] UL: SNR = 6.50 dB | SE = 2.414 bit/s/Hz
[76756 ms] [UE 12169] UL: SNR = 63.50 dB | SE = 20.778 bit/s/Hz
[76756 ms] [UE 22873] UL: SNR = 5.00 dB | SE = 2.027 bit/s/Hz
[76756 ms] [UE 30556] UL: SNR = 63.50 dB | SE = 20.778 bit/s/Hz
[76756 ms] [UE 20945] UL: SNR = 63.50 dB | SE = 20.778 bit/s/Hz
[76843 ms] [UE 45898] UL: SNR = 63.50 dB | SE = 20.778 bit/s/Hz
[76843 ms] [UE 36997] UL: SNR = 63.50 dB | SE = 20.778 bit/s/Hz
[76843 ms] [UE 48787] UL: SNR = 63.50 dB | SE = 20.778 bit/s/Hz
[76843 ms] [UE 40252] UL: SNR = 56.00 dB | SE = 18.324 bit/s/Hz
[76843 ms] [UE 15599] UL: SNR = 52.50 dB | SE = 17.179 bit/s/Hz
[76856 ms] [UE 33952] UL: SNR = 6.50 dB | SE = 2.414 bit/s/Hz
[76856 ms] [UE 12169] UL: SNR = 63.50 dB | SE = 20.778 bit/s/Hz
[76856 ms] [UE 22873] UL: SNR = 5.00 dB | SE = 2.027 bit/s/Hz
[76856 ms] [UE 30556] UL: SNR = 63.50 dB | SE = 20.778 bit/s/Hz
[76856 ms] [UE 20945] UL: SNR = 63.50 dB | SE = 20.778 bit/s/Hz
[76943 ms] [UE 45898] UL: SNR = 63.50 dB | SE = 20.778 bit/s/Hz
[76943 ms] [UE 36997] UL: SNR = 63.50 dB | SE = 20.778 bit/s/Hz
[76943 ms] [UE 48787] UL: SNR = 63.50 dB | SE = 20.778 bit/s/Hz
[76943 ms] [UE 40252] UL: SNR = 56.00 dB | SE = 18.324 bit/s/Hz
[76943 ms] [UE 15599] UL: SNR = 52.50 dB | SE = 17.179 bit/s/Hz
[76957 ms] [UE 33952] UL: SNR = 6.50 dB | SE = 2.414 bit/s/Hz
[76957 ms] [UE 12169] UL: SNR = 63.50 dB | SE = 20.778 bit/s/Hz
[76957 ms] [UE 22873] UL: SNR = 5.00 dB | SE = 2.027 bit/s/Hz
[76957 ms] [UE 30556] UL: SNR = 63.50 dB | SE = 20.778 bit/s/Hz
[76957 ms] [UE 20945] UL: SNR = 63.50 dB | SE = 20.778 bit/s/Hz
[77044 ms] [UE 45898] UL: SNR = 63.50 dB | SE = 20.778 bit/s/Hz
[77044 ms] [UE 36997] UL: SNR = 63.50 dB | SE = 20.778 bit/s/Hz
[77044 ms] [UE 48787] UL: SNR = 63.50 dB | SE = 20.778 bit/s/Hz
[77044 ms] [UE 40252] UL: SNR = 56.00 dB | SE = 18.324 bit/s/Hz
[77044 ms] [UE 15599] UL: SNR = 52.50 dB | SE = 17.179 bit/s/Hz
[77066 ms] [UE 33952] UL: SNR = 6.50 dB | SE = 2.414 bit/s/Hz
[77066 ms] [UE 12169] UL: SNR = 63.50 dB | SE = 20.778 bit/s/Hz
[77066 ms] [UE 22873] UL: SNR = 5.00 dB | SE = 2.027 bit/s/Hz
[77066 ms] [UE 30556] UL: SNR = 63.50 dB | SE = 20.778 bit/s/Hz
[77066 ms] [UE 20945] UL: SNR = 63.50 dB | SE = 20.778 bit/s/Hz
[77153 ms] [UE 45898] UL: SNR = 63.50 dB | SE = 20.778 bit/s/Hz
[77153 ms] [UE 36997] UL: SNR = 63.50 dB | SE = 20.778 bit/s/Hz
[77153 ms] [UE 48787] UL: SNR = 63.50 dB | SE = 20.778 bit/s/Hz
[77153 ms] [UE 40252] UL: SNR = 56.00 dB | SE = 18.324 bit/s/Hz
[77153 ms] [UE 15599] UL: SNR = 52.50 dB | SE = 17.179 bit/s/Hz
[77176 ms] [UE 33952] UL: SNR = 6.50 dB | SE = 2.414 bit/s/Hz
[77176 ms] [UE 12169] UL: SNR = 63.50 dB | SE = 20.778 bit/s/Hz
[77176 ms] [UE 22873] UL: SNR = 5.00 dB | SE = 2.027 bit/s/Hz
[77176 ms] [UE 30556] UL: SNR = 63.50 dB | SE = 20.778 bit/s/Hz
[77176 ms] [UE 20945] UL: SNR = 63.50 dB | SE = 20.778 bit/s/Hz
[77254 ms] [UE 45898] UL: SNR = 63.50 dB | SE = 20.778 bit/s/Hz
[77254 ms] [UE 36997] UL: SNR = 63.50 dB | SE = 20.778 bit/s/Hz
[77254 ms] [UE 48787] UL: SNR = 63.50 dB | SE = 20.778 bit/s/Hz
[77254 ms] [UE 40252] UL: SNR = 56.00 dB | SE = 18.324 bit/s/Hz
[77254 ms] [UE 15599] UL: SNR = 52.50 dB | SE = 17.179 bit/s/Hz
[77276 ms] [UE 33952] UL: SNR = 6.50 dB | SE = 2.414 bit/s/Hz
[77276 ms] [UE 12169] UL: SNR = 63.50 dB | SE = 20.778 bit/s/Hz
[77276 ms] [UE 22873] UL: SNR = 5.00 dB | SE = 2.027 bit/s/Hz
[77276 ms] [UE 30556] UL: SNR = 63.50 dB | SE = 20.778 bit/s/Hz
[77276 ms] [UE 20945] UL: SNR = 63.50 dB | SE = 20.778 bit/s/Hz
[77363 ms] [UE 45898] UL: SNR = 63.50 dB | SE = 20.778 bit/s/Hz
[77363 ms] [UE 36997] UL: SNR = 63.50 dB | SE = 20.778 bit/s/Hz
[77363 ms] [UE 48787] UL: SNR = 63.50 dB | SE = 20.778 bit/s/Hz
[77363 ms] [UE 40252] UL: SNR = 56.00 dB | SE = 18.324 bit/s/Hz
[77363 ms] [UE 15599] UL: SNR = 52.50 dB | SE = 17.179 bit/s/Hz
[77386 ms] [UE 33952] UL: SNR = 6.50 dB | SE = 2.414 bit/s/Hz
[77386 ms] [UE 12169] UL: SNR = 63.50 dB | SE = 20.778 bit/s/Hz
[77386 ms] [UE 22873] UL: SNR = 5.00 dB | SE = 2.027 bit/s/Hz
[77386 ms] [UE 30556] UL: SNR = 63.50 dB | SE = 20.778 bit/s/Hz
[77386 ms] [UE 20945] UL: SNR = 63.50 dB | SE = 20.778 bit/s/Hz
[77464 ms] [UE 45898] UL: SNR = 63.50 dB | SE = 20.778 bit/s/Hz
[77464 ms] [UE 36997] UL: SNR = 63.50 dB | SE = 20.778 bit/s/Hz
[77464 ms] [UE 48787] UL: SNR = 63.50 dB | SE = 20.778 bit/s/Hz
[77464 ms] [UE 40252] UL: SNR = 56.00 dB | SE = 18.324 bit/s/Hz
[77464 ms] [UE 15599] UL: SNR = 52.50 dB | SE = 17.179 bit/s/Hz
[77486 ms] [UE 33952] UL: SNR = 6.50 dB | SE = 2.414 bit/s/Hz
[77486 ms] [UE 12169] UL: SNR = 63.50 dB | SE = 20.778 bit/s/Hz
[77486 ms] [UE 22873] UL: SNR = 5.00 dB | SE = 2.027 bit/s/Hz
[77486 ms] [UE 30556] UL: SNR = 63.50 dB | SE = 20.778 bit/s/Hz
[77486 ms] [UE 20945] UL: SNR = 63.50 dB | SE = 20.778 bit/s/Hz
[77573 ms] [UE 45898] UL: SNR = 63.50 dB | SE = 20.778 bit/s/Hz
[77573 ms] [UE 36997] UL: SNR = 63.50 dB | SE = 20.778 bit/s/Hz
[77573 ms] [UE 48787] UL: SNR = 63.50 dB | SE = 20.778 bit/s/Hz
[77573 ms] [UE 40252] UL: SNR = 56.00 dB | SE = 18.324 bit/s/Hz
[77573 ms] [UE 15599] UL: SNR = 52.50 dB | SE = 17.179 bit/s/Hz
[77588 ms] [UE 33952] UL: SNR = 6.50 dB | SE = 2.414 bit/s/Hz
[77588 ms] [UE 12169] UL: SNR = 63.50 dB | SE = 20.778 bit/s/Hz
[77588 ms] [UE 22873] UL: SNR = 5.00 dB | SE = 2.027 bit/s/Hz
[77588 ms] [UE 30556] UL: SNR = 53.50 dB | SE = 17.506 bit/s/Hz
[77588 ms] [UE 20945] UL: SNR = 52.50 dB | SE = 17.179 bit/s/Hz
[77684 ms] [UE 45898] UL: SNR = 63.50 dB | SE = 20.778 bit/s/Hz
[77684 ms] [UE 36997] UL: SNR = 63.50 dB | SE = 20.778 bit/s/Hz
[77684 ms] [UE 48787] UL: SNR = 63.50 dB | SE = 20.778 bit/s/Hz
[77684 ms] [UE 40252] UL: SNR = 56.00 dB | SE = 18.324 bit/s/Hz
[77684 ms] [UE 15599] UL: SNR = 52.50 dB | SE = 17.179 bit/s/Hz
[77697 ms] [UE 33952] UL: SNR = 6.50 dB | SE = 2.414 bit/s/Hz
[77697 ms] [UE 12169] UL: SNR = 63.50 dB | SE = 20.778 bit/s/Hz
[77697 ms] [UE 22873] UL: SNR = 5.00 dB | SE = 2.027 bit/s/Hz
[77697 ms] [UE 30556] UL: SNR = 53.50 dB | SE = 17.506 bit/s/Hz
[77697 ms] [UE 20945] UL: SNR = 52.50 dB | SE = 17.179 bit/s/Hz
[77784 ms] [UE 45898] UL: SNR = 63.50 dB | SE = 20.778 bit/s/Hz
[77784 ms] [UE 36997] UL: SNR = 63.50 dB | SE = 20.778 bit/s/Hz
[77784 ms] [UE 48787] UL: SNR = 63.50 dB | SE = 20.778 bit/s/Hz
[77784 ms] [UE 40252] UL: SNR = 56.00 dB | SE = 18.324 bit/s/Hz
[77784 ms] [UE 15599] UL: SNR = 52.50 dB | SE = 17.179 bit/s/Hz
[77806 ms] [UE 33952] UL: SNR = 6.50 dB | SE = 2.414 bit/s/Hz
[77806 ms] [UE 12169] UL: SNR = 63.50 dB | SE = 20.778 bit/s/Hz
[77806 ms] [UE 22873] UL: SNR = 5.00 dB | SE = 2.027 bit/s/Hz
[77806 ms] [UE 30556] UL: SNR = 53.50 dB | SE = 17.506 bit/s/Hz
[77806 ms] [UE 20945] UL: SNR = 52.50 dB | SE = 17.179 bit/s/Hz
[77894 ms] [UE 45898] UL: SNR = 63.50 dB | SE = 20.778 bit/s/Hz
[77894 ms] [UE 36997] UL: SNR = 63.50 dB | SE = 20.778 bit/s/Hz
[77894 ms] [UE 48787] UL: SNR = 63.50 dB | SE = 20.778 bit/s/Hz
[77894 ms] [UE 40252] UL: SNR = 56.00 dB | SE = 18.324 bit/s/Hz
[77894 ms] [UE 15599] UL: SNR = 52.50 dB | SE = 17.179 bit/s/Hz
[77917 ms] [UE 33952] UL: SNR = 6.50 dB | SE = 2.414 bit/s/Hz
[77917 ms] [UE 12169] UL: SNR = 63.50 dB | SE = 20.778 bit/s/Hz
[77917 ms] [UE 22873] UL: SNR = 5.00 dB | SE = 2.027 bit/s/Hz
[77917 ms] [UE 30556] UL: SNR = 53.50 dB | SE = 17.506 bit/s/Hz
[77917 ms] [UE 20945] UL: SNR = 52.50 dB | SE = 17.179 bit/s/Hz
[78004 ms] [UE 45898] UL: SNR = 63.50 dB | SE = 20.778 bit/s/Hz
[78004 ms] [UE 36997] UL: SNR = 63.50 dB | SE = 20.778 bit/s/Hz
[78004 ms] [UE 48787] UL: SNR = 63.50 dB | SE = 20.778 bit/s/Hz
[78004 ms] [UE 40252] UL: SNR = 56.00 dB | SE = 18.324 bit/s/Hz
[78004 ms] [UE 15599] UL: SNR = 52.50 dB | SE = 17.179 bit/s/Hz
[78026 ms] [UE 33952] UL: SNR = 6.50 dB | SE = 2.414 bit/s/Hz
[78026 ms] [UE 12169] UL: SNR = 63.50 dB | SE = 20.778 bit/s/Hz
[78026 ms] [UE 22873] UL: SNR = 5.00 dB | SE = 2.027 bit/s/Hz
[78026 ms] [UE 30556] UL: SNR = 53.50 dB | SE = 17.506 bit/s/Hz
[78026 ms] [UE 20945] UL: SNR = 52.50 dB | SE = 17.179 bit/s/Hz
[78114 ms] [UE 45898] UL: SNR = 63.50 dB | SE = 20.778 bit/s/Hz
[78114 ms] [UE 36997] UL: SNR = 63.50 dB | SE = 20.778 bit/s/Hz
[78114 ms] [UE 48787] UL: SNR = 63.50 dB | SE = 20.778 bit/s/Hz
[78114 ms] [UE 40252] UL: SNR = 56.00 dB | SE = 18.324 bit/s/Hz
[78114 ms] [UE 15599] UL: SNR = 52.50 dB | SE = 17.179 bit/s/Hz
[78137 ms] [UE 33952] UL: SNR = 6.50 dB | SE = 2.414 bit/s/Hz
[78137 ms] [UE 12169] UL: SNR = 63.50 dB | SE = 20.778 bit/s/Hz
[78137 ms] [UE 22873] UL: SNR = 63.50 dB | SE = 20.778 bit/s/Hz
[78137 ms] [UE 30556] UL: SNR = 53.50 dB | SE = 17.506 bit/s/Hz
[78137 ms] [UE 20945] UL: SNR = 52.50 dB | SE = 17.179 bit/s/Hz
[78224 ms] [UE 45898] UL: SNR = 63.50 dB | SE = 20.778 bit/s/Hz
[78224 ms] [UE 36997] UL: SNR = 63.50 dB | SE = 20.778 bit/s/Hz
[78224 ms] [UE 48787] UL: SNR = 63.50 dB | SE = 20.778 bit/s/Hz
[78224 ms] [UE 40252] UL: SNR = 56.00 dB | SE = 18.324 bit/s/Hz
[78224 ms] [UE 15599] UL: SNR = 52.50 dB | SE = 17.179 bit/s/Hz
[78248 ms] [UE 33952] UL: SNR = 6.50 dB | SE = 2.414 bit/s/Hz
[78248 ms] [UE 12169] UL: SNR = 63.50 dB | SE = 20.778 bit/s/Hz
[78248 ms] [UE 22873] UL: SNR = 63.50 dB | SE = 20.778 bit/s/Hz
[78248 ms] [UE 30556] UL: SNR = 53.50 dB | SE = 17.506 bit/s/Hz
[78248 ms] [UE 20945] UL: SNR = 52.50 dB | SE = 17.179 bit/s/Hz
[78324 ms] [UE 45898] UL: SNR = 63.50 dB | SE = 20.778 bit/s/Hz
[78324 ms] [UE 36997] UL: SNR = 63.50 dB | SE = 20.778 bit/s/Hz
[78324 ms] [UE 48787] UL: SNR = 63.50 dB | SE = 20.778 bit/s/Hz
[78324 ms] [UE 40252] UL: SNR = 56.00 dB | SE = 18.324 bit/s/Hz
[78324 ms] [UE 15599] UL: SNR = 52.50 dB | SE = 17.179 bit/s/Hz
[78358 ms] [UE 33952] UL: SNR = 6.50 dB | SE = 2.414 bit/s/Hz
[78358 ms] [UE 12169] UL: SNR = 63.50 dB | SE = 20.778 bit/s/Hz
[78358 ms] [UE 22873] UL: SNR = 63.50 dB | SE = 20.778 bit/s/Hz
[78358 ms] [UE 30556] UL: SNR = 63.50 dB | SE = 20.778 bit/s/Hz
[78358 ms] [UE 20945] UL: SNR = 52.50 dB | SE = 17.179 bit/s/Hz
[78434 ms] [UE 45898] UL: SNR = 63.50 dB | SE = 20.778 bit/s/Hz
[78434 ms] [UE 36997] UL: SNR = 63.50 dB | SE = 20.778 bit/s/Hz
[78434 ms] [UE 48787] UL: SNR = 63.50 dB | SE = 20.778 bit/s/Hz
[78434 ms] [UE 40252] UL: SNR = 56.00 dB | SE = 18.324 bit/s/Hz
[78434 ms] [UE 15599] UL: SNR = 52.50 dB | SE = 17.179 bit/s/Hz
[78466 ms] [UE 33952] UL: SNR = 6.50 dB | SE = 2.414 bit/s/Hz
[78466 ms] [UE 12169] UL: SNR = 63.50 dB | SE = 20.778 bit/s/Hz
[78466 ms] [UE 22873] UL: SNR = 63.50 dB | SE = 20.778 bit/s/Hz
[78466 ms] [UE 30556] UL: SNR = 63.50 dB | SE = 20.778 bit/s/Hz
[78466 ms] [UE 20945] UL: SNR = 52.50 dB | SE = 17.179 bit/s/Hz
[78543 ms] [UE 45898] UL: SNR = 63.50 dB | SE = 20.778 bit/s/Hz
[78543 ms] [UE 36997] UL: SNR = 63.50 dB | SE = 20.778 bit/s/Hz
[78543 ms] [UE 48787] UL: SNR = 63.50 dB | SE = 20.778 bit/s/Hz
[78543 ms] [UE 40252] UL: SNR = 56.00 dB | SE = 18.324 bit/s/Hz
[78543 ms] [UE 15599] UL: SNR = 52.50 dB | SE = 17.179 bit/s/Hz
[78567 ms] [UE 33952] UL: SNR = 6.50 dB | SE = 2.414 bit/s/Hz
[78567 ms] [UE 12169] UL: SNR = 63.50 dB | SE = 20.778 bit/s/Hz
[78567 ms] [UE 22873] UL: SNR = 63.50 dB | SE = 20.778 bit/s/Hz
[78567 ms] [UE 30556] UL: SNR = 63.50 dB | SE = 20.778 bit/s/Hz
[78567 ms] [UE 20945] UL: SNR = 52.50 dB | SE = 17.179 bit/s/Hz
[78644 ms] [UE 45898] UL: SNR = 63.50 dB | SE = 20.778 bit/s/Hz
[78644 ms] [UE 36997] UL: SNR = 63.50 dB | SE = 20.778 bit/s/Hz
[78644 ms] [UE 48787] UL: SNR = 63.50 dB | SE = 20.778 bit/s/Hz
[78644 ms] [UE 40252] UL: SNR = 56.00 dB | SE = 18.324 bit/s/Hz
[78644 ms] [UE 15599] UL: SNR = 52.50 dB | SE = 17.179 bit/s/Hz
[78676 ms] [UE 33952] UL: SNR = 6.50 dB | SE = 2.414 bit/s/Hz
[78676 ms] [UE 12169] UL: SNR = 63.50 dB | SE = 20.778 bit/s/Hz
[78676 ms] [UE 22873] UL: SNR = 63.50 dB | SE = 20.778 bit/s/Hz
[78676 ms] [UE 30556] UL: SNR = 63.50 dB | SE = 20.778 bit/s/Hz
[78676 ms] [UE 20945] UL: SNR = 52.50 dB | SE = 17.179 bit/s/Hz
[78754 ms] [UE 45898] UL: SNR = 63.50 dB | SE = 20.778 bit/s/Hz
[78754 ms] [UE 36997] UL: SNR = 63.50 dB | SE = 20.778 bit/s/Hz
[78754 ms] [UE 48787] UL: SNR = 63.50 dB | SE = 20.778 bit/s/Hz
[78754 ms] [UE 40252] UL: SNR = 56.00 dB | SE = 18.324 bit/s/Hz
[78754 ms] [UE 15599] UL: SNR = 52.50 dB | SE = 17.179 bit/s/Hz
[78776 ms] [UE 33952] UL: SNR = 6.50 dB | SE = 2.414 bit/s/Hz
[78776 ms] [UE 12169] UL: SNR = 63.50 dB | SE = 20.778 bit/s/Hz
[78776 ms] [UE 22873] UL: SNR = 63.50 dB | SE = 20.778 bit/s/Hz
[78776 ms] [UE 30556] UL: SNR = 63.50 dB | SE = 20.778 bit/s/Hz
[78776 ms] [UE 20945] UL: SNR = 52.50 dB | SE = 17.179 bit/s/Hz
[78863 ms] [UE 45898] UL: SNR = 63.50 dB | SE = 20.778 bit/s/Hz
[78863 ms] [UE 36997] UL: SNR = 63.50 dB | SE = 20.778 bit/s/Hz
[78863 ms] [UE 48787] UL: SNR = 63.50 dB | SE = 20.778 bit/s/Hz
[78863 ms] [UE 40252] UL: SNR = 56.00 dB | SE = 18.324 bit/s/Hz
[78863 ms] [UE 15599] UL: SNR = 52.50 dB | SE = 17.179 bit/s/Hz
[78876 ms] [UE 33952] UL: SNR = 6.50 dB | SE = 2.414 bit/s/Hz
[78876 ms] [UE 12169] UL: SNR = 63.50 dB | SE = 20.778 bit/s/Hz
[78876 ms] [UE 22873] UL: SNR = 63.50 dB | SE = 20.778 bit/s/Hz
[78876 ms] [UE 30556] UL: SNR = 63.50 dB | SE = 20.778 bit/s/Hz
[78876 ms] [UE 20945] UL: SNR = 52.50 dB | SE = 17.179 bit/s/Hz
[78964 ms] [UE 45898] UL: SNR = 63.50 dB | SE = 20.778 bit/s/Hz
[78964 ms] [UE 36997] UL: SNR = 63.50 dB | SE = 20.778 bit/s/Hz
[78964 ms] [UE 48787] UL: SNR = 63.50 dB | SE = 20.778 bit/s/Hz
[78964 ms] [UE 40252] UL: SNR = 56.00 dB | SE = 18.324 bit/s/Hz
[78964 ms] [UE 15599] UL: SNR = 52.50 dB | SE = 17.179 bit/s/Hz
[78986 ms] [UE 33952] UL: SNR = 6.50 dB | SE = 2.414 bit/s/Hz
[78986 ms] [UE 12169] UL: SNR = 63.50 dB | SE = 20.778 bit/s/Hz
[78986 ms] [UE 22873] UL: SNR = 63.50 dB | SE = 20.778 bit/s/Hz
[78986 ms] [UE 30556] UL: SNR = 63.50 dB | SE = 20.778 bit/s/Hz
[78986 ms] [UE 20945] UL: SNR = 52.50 dB | SE = 17.179 bit/s/Hz
[79073 ms] [UE 45898] UL: SNR = 63.50 dB | SE = 20.778 bit/s/Hz
[79073 ms] [UE 36997] UL: SNR = 63.50 dB | SE = 20.778 bit/s/Hz
[79073 ms] [UE 48787] UL: SNR = 63.50 dB | SE = 20.778 bit/s/Hz
[79073 ms] [UE 40252] UL: SNR = 56.00 dB | SE = 18.324 bit/s/Hz
[79073 ms] [UE 15599] UL: SNR = 52.50 dB | SE = 17.179 bit/s/Hz
[79087 ms] [UE 33952] UL: SNR = 6.50 dB | SE = 2.414 bit/s/Hz
[79087 ms] [UE 12169] UL: SNR = 63.50 dB | SE = 20.778 bit/s/Hz
[79087 ms] [UE 22873] UL: SNR = 63.50 dB | SE = 20.778 bit/s/Hz
[79087 ms] [UE 30556] UL: SNR = 63.50 dB | SE = 20.778 bit/s/Hz
[79087 ms] [UE 20945] UL: SNR = 52.50 dB | SE = 17.179 bit/s/Hz
[79183 ms] [UE 45898] UL: SNR = 63.50 dB | SE = 20.778 bit/s/Hz
[79183 ms] [UE 36997] UL: SNR = 63.50 dB | SE = 20.778 bit/s/Hz
[79183 ms] [UE 48787] UL: SNR = 63.50 dB | SE = 20.778 bit/s/Hz
[79183 ms] [UE 40252] UL: SNR = 56.00 dB | SE = 18.324 bit/s/Hz
[79183 ms] [UE 15599] UL: SNR = 52.50 dB | SE = 17.179 bit/s/Hz
[79196 ms] [UE 33952] UL: SNR = 6.50 dB | SE = 2.414 bit/s/Hz
[79196 ms] [UE 12169] UL: SNR = 63.50 dB | SE = 20.778 bit/s/Hz
[79196 ms] [UE 22873] UL: SNR = 63.50 dB | SE = 20.778 bit/s/Hz
[79196 ms] [UE 30556] UL: SNR = 63.50 dB | SE = 20.778 bit/s/Hz
[79196 ms] [UE 20945] UL: SNR = 52.50 dB | SE = 17.179 bit/s/Hz
[79283 ms] [UE 45898] UL: SNR = 63.50 dB | SE = 20.778 bit/s/Hz
[79283 ms] [UE 36997] UL: SNR = 63.50 dB | SE = 20.778 bit/s/Hz
[79283 ms] [UE 48787] UL: SNR = 63.50 dB | SE = 20.778 bit/s/Hz
[79283 ms] [UE 40252] UL: SNR = 56.00 dB | SE = 18.324 bit/s/Hz
[79283 ms] [UE 15599] UL: SNR = 52.50 dB | SE = 17.179 bit/s/Hz
[79297 ms] [UE 33952] UL: SNR = 6.50 dB | SE = 2.414 bit/s/Hz
[79297 ms] [UE 12169] UL: SNR = 63.50 dB | SE = 20.778 bit/s/Hz
[79297 ms] [UE 22873] UL: SNR = 63.50 dB | SE = 20.778 bit/s/Hz
[79297 ms] [UE 30556] UL: SNR = 63.50 dB | SE = 20.778 bit/s/Hz
[79297 ms] [UE 20945] UL: SNR = 52.50 dB | SE = 17.179 bit/s/Hz
[79393 ms] [UE 45898] UL: SNR = 63.50 dB | SE = 20.778 bit/s/Hz
[79393 ms] [UE 36997] UL: SNR = 63.50 dB | SE = 20.778 bit/s/Hz
[79393 ms] [UE 48787] UL: SNR = 63.50 dB | SE = 20.778 bit/s/Hz
[79393 ms] [UE 40252] UL: SNR = 56.00 dB | SE = 18.324 bit/s/Hz
[79393 ms] [UE 15599] UL: SNR = 52.50 dB | SE = 17.179 bit/s/Hz
[79406 ms] [UE 33952] UL: SNR = 6.50 dB | SE = 2.414 bit/s/Hz
[79406 ms] [UE 12169] UL: SNR = 63.50 dB | SE = 20.778 bit/s/Hz
[79406 ms] [UE 22873] UL: SNR = 63.50 dB | SE = 20.778 bit/s/Hz
[79406 ms] [UE 30556] UL: SNR = 63.50 dB | SE = 20.778 bit/s/Hz
[79406 ms] [UE 20945] UL: SNR = 52.50 dB | SE = 17.179 bit/s/Hz
[79494 ms] [UE 45898] UL: SNR = 63.50 dB | SE = 20.778 bit/s/Hz
[79494 ms] [UE 36997] UL: SNR = 63.50 dB | SE = 20.778 bit/s/Hz
[79494 ms] [UE 48787] UL: SNR = 63.50 dB | SE = 20.778 bit/s/Hz
[79494 ms] [UE 40252] UL: SNR = 56.00 dB | SE = 18.324 bit/s/Hz
[79494 ms] [UE 15599] UL: SNR = 52.50 dB | SE = 17.179 bit/s/Hz
[79516 ms] [UE 33952] UL: SNR = 6.50 dB | SE = 2.414 bit/s/Hz
[79516 ms] [UE 12169] UL: SNR = 63.50 dB | SE = 20.778 bit/s/Hz
[79516 ms] [UE 22873] UL: SNR = 63.50 dB | SE = 20.778 bit/s/Hz
[79516 ms] [UE 30556] UL: SNR = 63.50 dB | SE = 20.778 bit/s/Hz
[79516 ms] [UE 20945] UL: SNR = 52.50 dB | SE = 17.179 bit/s/Hz
[79604 ms] [UE 45898] UL: SNR = 63.50 dB | SE = 20.778 bit/s/Hz
[79604 ms] [UE 36997] UL: SNR = 63.50 dB | SE = 20.778 bit/s/Hz
[79604 ms] [UE 48787] UL: SNR = 63.50 dB | SE = 20.778 bit/s/Hz
[79604 ms] [UE 40252] UL: SNR = 56.00 dB | SE = 18.324 bit/s/Hz
[79604 ms] [UE 15599] UL: SNR = 52.50 dB | SE = 17.179 bit/s/Hz
[79626 ms] [UE 33952] UL: SNR = 6.50 dB | SE = 2.414 bit/s/Hz
[79626 ms] [UE 12169] UL: SNR = 63.50 dB | SE = 20.778 bit/s/Hz
[79626 ms] [UE 22873] UL: SNR = 63.50 dB | SE = 20.778 bit/s/Hz
[79626 ms] [UE 30556] UL: SNR = 63.50 dB | SE = 20.778 bit/s/Hz
[79626 ms] [UE 20945] UL: SNR = 52.50 dB | SE = 17.179 bit/s/Hz
[79704 ms] [UE 45898] UL: SNR = 63.50 dB | SE = 20.778 bit/s/Hz
[79704 ms] [UE 36997] UL: SNR = 63.50 dB | SE = 20.778 bit/s/Hz
[79704 ms] [UE 48787] UL: SNR = 63.50 dB | SE = 20.778 bit/s/Hz
[79704 ms] [UE 40252] UL: SNR = 56.00 dB | SE = 18.324 bit/s/Hz
[79704 ms] [UE 15599] UL: SNR = 52.50 dB | SE = 17.179 bit/s/Hz
[79729 ms] [UE 33952] UL: SNR = 6.50 dB | SE = 2.414 bit/s/Hz
[79729 ms] [UE 12169] UL: SNR = 63.50 dB | SE = 20.778 bit/s/Hz
[79729 ms] [UE 22873] UL: SNR = 63.50 dB | SE = 20.778 bit/s/Hz
[79729 ms] [UE 30556] UL: SNR = 63.50 dB | SE = 20.778 bit/s/Hz
[79729 ms] [UE 20945] UL: SNR = 52.50 dB | SE = 17.179 bit/s/Hz
[79804 ms] [UE 45898] UL: SNR = 63.50 dB | SE = 20.778 bit/s/Hz
[79804 ms] [UE 36997] UL: SNR = 63.50 dB | SE = 20.778 bit/s/Hz
[79804 ms] [UE 48787] UL: SNR = 63.50 dB | SE = 20.778 bit/s/Hz
[79804 ms] [UE 40252] UL: SNR = 56.00 dB | SE = 18.324 bit/s/Hz
[79804 ms] [UE 15599] UL: SNR = 52.50 dB | SE = 17.179 bit/s/Hz
[79836 ms] [UE 33952] UL: SNR = 6.50 dB | SE = 2.414 bit/s/Hz
[79836 ms] [UE 12169] UL: SNR = 63.50 dB | SE = 20.778 bit/s/Hz
[79836 ms] [UE 22873] UL: SNR = 63.50 dB | SE = 20.778 bit/s/Hz
[79836 ms] [UE 30556] UL: SNR = 63.50 dB | SE = 20.778 bit/s/Hz
[79836 ms] [UE 20945] UL: SNR = 52.50 dB | SE = 17.179 bit/s/Hz
[79914 ms] [UE 45898] UL: SNR = 63.50 dB | SE = 20.778 bit/s/Hz
[79914 ms] [UE 36997] UL: SNR = 63.50 dB | SE = 20.778 bit/s/Hz
[79914 ms] [UE 48787] UL: SNR = 63.50 dB | SE = 20.778 bit/s/Hz
[79914 ms] [UE 40252] UL: SNR = 56.00 dB | SE = 18.324 bit/s/Hz
[79914 ms] [UE 15599] UL: SNR = 52.50 dB | SE = 17.179 bit/s/Hz
[79946 ms] [UE 33952] UL: SNR = 6.50 dB | SE = 2.414 bit/s/Hz
[79946 ms] [UE 12169] UL: SNR = 63.50 dB | SE = 20.778 bit/s/Hz
[79946 ms] [UE 22873] UL: SNR = 63.50 dB | SE = 20.778 bit/s/Hz
[79946 ms] [UE 30556] UL: SNR = 63.50 dB | SE = 20.778 bit/s/Hz
[79946 ms] [UE 20945] UL: SNR = 52.50 dB | SE = 17.179 bit/s/Hz
[80023 ms] [UE 45898] UL: SNR = 63.50 dB | SE = 20.778 bit/s/Hz
[80023 ms] [UE 36997] UL: SNR = 63.50 dB | SE = 20.778 bit/s/Hz
[80023 ms] [UE 48787] UL: SNR = 63.50 dB | SE = 20.778 bit/s/Hz
[80023 ms] [UE 40252] UL: SNR = 56.00 dB | SE = 18.324 bit/s/Hz
[80023 ms] [UE 15599] UL: SNR = 52.50 dB | SE = 17.179 bit/s/Hz
[80056 ms] [UE 33952] UL: SNR = 6.50 dB | SE = 2.414 bit/s/Hz
[80056 ms] [UE 12169] UL: SNR = 63.50 dB | SE = 20.778 bit/s/Hz
[80056 ms] [UE 22873] UL: SNR = 63.50 dB | SE = 20.778 bit/s/Hz
[80056 ms] [UE 30556] UL: SNR = 63.50 dB | SE = 20.778 bit/s/Hz
[80056 ms] [UE 20945] UL: SNR = 52.50 dB | SE = 17.179 bit/s/Hz
[80123 ms] [UE 45898] UL: SNR = 63.50 dB | SE = 20.778 bit/s/Hz
[80123 ms] [UE 36997] UL: SNR = 63.50 dB | SE = 20.778 bit/s/Hz
[80123 ms] [UE 48787] UL: SNR = 63.50 dB | SE = 20.778 bit/s/Hz
[80123 ms] [UE 40252] UL: SNR = 56.00 dB | SE = 18.324 bit/s/Hz
[80123 ms] [UE 15599] UL: SNR = 52.50 dB | SE = 17.179 bit/s/Hz
[80156 ms] [UE 33952] UL: SNR = 6.50 dB | SE = 2.414 bit/s/Hz
[80156 ms] [UE 12169] UL: SNR = 63.50 dB | SE = 20.778 bit/s/Hz
[80156 ms] [UE 22873] UL: SNR = 63.50 dB | SE = 20.778 bit/s/Hz
[80156 ms] [UE 30556] UL: SNR = 63.50 dB | SE = 20.778 bit/s/Hz
[80156 ms] [UE 20945] UL: SNR = 52.50 dB | SE = 17.179 bit/s/Hz
[80224 ms] [UE 45898] UL: SNR = 63.50 dB | SE = 20.778 bit/s/Hz
[80224 ms] [UE 36997] UL: SNR = 63.50 dB | SE = 20.778 bit/s/Hz
[80224 ms] [UE 48787] UL: SNR = 63.50 dB | SE = 20.778 bit/s/Hz
[80224 ms] [UE 40252] UL: SNR = 56.00 dB | SE = 18.324 bit/s/Hz
[80224 ms] [UE 15599] UL: SNR = 52.50 dB | SE = 17.179 bit/s/Hz
[80257 ms] [UE 33952] UL: SNR = 6.50 dB | SE = 2.414 bit/s/Hz
[80257 ms] [UE 12169] UL: SNR = 63.50 dB | SE = 20.778 bit/s/Hz
[80257 ms] [UE 22873] UL: SNR = 63.50 dB | SE = 20.778 bit/s/Hz
[80257 ms] [UE 30556] UL: SNR = 63.50 dB | SE = 20.778 bit/s/Hz
[80257 ms] [UE 20945] UL: SNR = 52.50 dB | SE = 17.179 bit/s/Hz
[80324 ms] [UE 45898] UL: SNR = 63.50 dB | SE = 20.778 bit/s/Hz
[80324 ms] [UE 36997] UL: SNR = 63.50 dB | SE = 20.778 bit/s/Hz
[80324 ms] [UE 48787] UL: SNR = 63.50 dB | SE = 20.778 bit/s/Hz
[80324 ms] [UE 40252] UL: SNR = 56.00 dB | SE = 18.324 bit/s/Hz
[80324 ms] [UE 15599] UL: SNR = 52.50 dB | SE = 17.179 bit/s/Hz
[80366 ms] [UE 33952] UL: SNR = 6.50 dB | SE = 2.414 bit/s/Hz
[80366 ms] [UE 12169] UL: SNR = 63.50 dB | SE = 20.778 bit/s/Hz
[80366 ms] [UE 22873] UL: SNR = 63.50 dB | SE = 20.778 bit/s/Hz
[80366 ms] [UE 30556] UL: SNR = 63.50 dB | SE = 20.778 bit/s/Hz
[80366 ms] [UE 20945] UL: SNR = 52.50 dB | SE = 17.179 bit/s/Hz
[80434 ms] [UE 45898] UL: SNR = 63.50 dB | SE = 20.778 bit/s/Hz
[80434 ms] [UE 36997] UL: SNR = 63.50 dB | SE = 20.778 bit/s/Hz
[80434 ms] [UE 48787] UL: SNR = 63.50 dB | SE = 20.778 bit/s/Hz
[80434 ms] [UE 40252] UL: SNR = 56.00 dB | SE = 18.324 bit/s/Hz
[80434 ms] [UE 15599] UL: SNR = 52.50 dB | SE = 17.179 bit/s/Hz
[80466 ms] [UE 33952] UL: SNR = 6.50 dB | SE = 2.414 bit/s/Hz
[80466 ms] [UE 12169] UL: SNR = 63.50 dB | SE = 20.778 bit/s/Hz
[80466 ms] [UE 22873] UL: SNR = 63.50 dB | SE = 20.778 bit/s/Hz
[80466 ms] [UE 30556] UL: SNR = 63.50 dB | SE = 20.778 bit/s/Hz
[80466 ms] [UE 20945] UL: SNR = 52.50 dB | SE = 17.179 bit/s/Hz
[80534 ms] [UE 45898] UL: SNR = 63.50 dB | SE = 20.778 bit/s/Hz
[80534 ms] [UE 36997] UL: SNR = 63.50 dB | SE = 20.778 bit/s/Hz
[80534 ms] [UE 48787] UL: SNR = 63.50 dB | SE = 20.778 bit/s/Hz
[80534 ms] [UE 40252] UL: SNR = 56.00 dB | SE = 18.324 bit/s/Hz
[80534 ms] [UE 15599] UL: SNR = 52.50 dB | SE = 17.179 bit/s/Hz
[80576 ms] [UE 33952] UL: SNR = 6.50 dB | SE = 2.414 bit/s/Hz
[80576 ms] [UE 12169] UL: SNR = 63.50 dB | SE = 20.778 bit/s/Hz
[80576 ms] [UE 22873] UL: SNR = 63.50 dB | SE = 20.778 bit/s/Hz
[80576 ms] [UE 30556] UL: SNR = 63.50 dB | SE = 20.778 bit/s/Hz
[80576 ms] [UE 20945] UL: SNR = 52.50 dB | SE = 17.179 bit/s/Hz
[80644 ms] [UE 45898] UL: SNR = 63.50 dB | SE = 20.778 bit/s/Hz
[80644 ms] [UE 36997] UL: SNR = 63.50 dB | SE = 20.778 bit/s/Hz
[80644 ms] [UE 48787] UL: SNR = 63.50 dB | SE = 20.778 bit/s/Hz
[80644 ms] [UE 40252] UL: SNR = 56.00 dB | SE = 18.324 bit/s/Hz
[80644 ms] [UE 15599] UL: SNR = 52.50 dB | SE = 17.179 bit/s/Hz
[80678 ms] [UE 33952] UL: SNR = 6.50 dB | SE = 2.414 bit/s/Hz
[80678 ms] [UE 12169] UL: SNR = 63.50 dB | SE = 20.778 bit/s/Hz
[80678 ms] [UE 22873] UL: SNR = 63.50 dB | SE = 20.778 bit/s/Hz
[80678 ms] [UE 30556] UL: SNR = 63.50 dB | SE = 20.778 bit/s/Hz
[80678 ms] [UE 20945] UL: SNR = 52.50 dB | SE = 17.179 bit/s/Hz
[80744 ms] [UE 45898] UL: SNR = 63.50 dB | SE = 20.778 bit/s/Hz
[80744 ms] [UE 36997] UL: SNR = 63.50 dB | SE = 20.778 bit/s/Hz
[80744 ms] [UE 48787] UL: SNR = 63.50 dB | SE = 20.778 bit/s/Hz
[80744 ms] [UE 40252] UL: SNR = 56.00 dB | SE = 18.324 bit/s/Hz
[80744 ms] [UE 15599] UL: SNR = 52.50 dB | SE = 17.179 bit/s/Hz
[80787 ms] [UE 33952] UL: SNR = 6.50 dB | SE = 2.414 bit/s/Hz
[80787 ms] [UE 12169] UL: SNR = 63.50 dB | SE = 20.778 bit/s/Hz
[80787 ms] [UE 22873] UL: SNR = 63.50 dB | SE = 20.778 bit/s/Hz
[80787 ms] [UE 30556] UL: SNR = 63.50 dB | SE = 20.778 bit/s/Hz
[80787 ms] [UE 20945] UL: SNR = 52.50 dB | SE = 17.179 bit/s/Hz
[80844 ms] [UE 45898] UL: SNR = 63.50 dB | SE = 20.778 bit/s/Hz
[80844 ms] [UE 36997] UL: SNR = 63.50 dB | SE = 20.778 bit/s/Hz
[80844 ms] [UE 48787] UL: SNR = 63.50 dB | SE = 20.778 bit/s/Hz
[80844 ms] [UE 40252] UL: SNR = 56.00 dB | SE = 18.324 bit/s/Hz
[80844 ms] [UE 15599] UL: SNR = 52.50 dB | SE = 17.179 bit/s/Hz
[80897 ms] [UE 33952] UL: SNR = 6.50 dB | SE = 2.414 bit/s/Hz
[80897 ms] [UE 12169] UL: SNR = 63.50 dB | SE = 20.778 bit/s/Hz
[80897 ms] [UE 22873] UL: SNR = 63.50 dB | SE = 20.778 bit/s/Hz
[80897 ms] [UE 30556] UL: SNR = 63.50 dB | SE = 20.778 bit/s/Hz
[80897 ms] [UE 20945] UL: SNR = 52.50 dB | SE = 17.179 bit/s/Hz
[80954 ms] [UE 45898] UL: SNR = 63.50 dB | SE = 20.778 bit/s/Hz
[80954 ms] [UE 36997] UL: SNR = 63.50 dB | SE = 20.778 bit/s/Hz
[80954 ms] [UE 48787] UL: SNR = 63.50 dB | SE = 20.778 bit/s/Hz
[80954 ms] [UE 40252] UL: SNR = 56.00 dB | SE = 18.324 bit/s/Hz
[80954 ms] [UE 15599] UL: SNR = 52.50 dB | SE = 17.179 bit/s/Hz
[80997 ms] [UE 33952] UL: SNR = 6.50 dB | SE = 2.414 bit/s/Hz
[80997 ms] [UE 12169] UL: SNR = 63.50 dB | SE = 20.778 bit/s/Hz
[80997 ms] [UE 22873] UL: SNR = 63.50 dB | SE = 20.778 bit/s/Hz
[80997 ms] [UE 30556] UL: SNR = 63.50 dB | SE = 20.778 bit/s/Hz
[80997 ms] [UE 20945] UL: SNR = 52.50 dB | SE = 17.179 bit/s/Hz
[81064 ms] [UE 45898] UL: SNR = 63.50 dB | SE = 20.778 bit/s/Hz
[81064 ms] [UE 36997] UL: SNR = 63.50 dB | SE = 20.778 bit/s/Hz
[81064 ms] [UE 48787] UL: SNR = 63.50 dB | SE = 20.778 bit/s/Hz
[81064 ms] [UE 40252] UL: SNR = 56.00 dB | SE = 18.324 bit/s/Hz
[81064 ms] [UE 15599] UL: SNR = 52.50 dB | SE = 17.179 bit/s/Hz
[81106 ms] [UE 33952] UL: SNR = 6.50 dB | SE = 2.414 bit/s/Hz
[81106 ms] [UE 12169] UL: SNR = 63.50 dB | SE = 20.778 bit/s/Hz
[81106 ms] [UE 22873] UL: SNR = 63.50 dB | SE = 20.778 bit/s/Hz
[81106 ms] [UE 30556] UL: SNR = 63.50 dB | SE = 20.778 bit/s/Hz
[81106 ms] [UE 20945] UL: SNR = 52.50 dB | SE = 17.179 bit/s/Hz
[81174 ms] [UE 45898] UL: SNR = 63.50 dB | SE = 20.778 bit/s/Hz
[81174 ms] [UE 36997] UL: SNR = 63.50 dB | SE = 20.778 bit/s/Hz
[81174 ms] [UE 48787] UL: SNR = 63.50 dB | SE = 20.778 bit/s/Hz
[81174 ms] [UE 40252] UL: SNR = 56.00 dB | SE = 18.324 bit/s/Hz
[81174 ms] [UE 15599] UL: SNR = 52.50 dB | SE = 17.179 bit/s/Hz
[81207 ms] [UE 33952] UL: SNR = 6.50 dB | SE = 2.414 bit/s/Hz
[81207 ms] [UE 12169] UL: SNR = 63.50 dB | SE = 20.778 bit/s/Hz
[81207 ms] [UE 22873] UL: SNR = 63.50 dB | SE = 20.778 bit/s/Hz
[81207 ms] [UE 30556] UL: SNR = 63.50 dB | SE = 20.778 bit/s/Hz
[81207 ms] [UE 20945] UL: SNR = 52.50 dB | SE = 17.179 bit/s/Hz
[81274 ms] [UE 45898] UL: SNR = 63.50 dB | SE = 20.778 bit/s/Hz
[81274 ms] [UE 36997] UL: SNR = 63.50 dB | SE = 20.778 bit/s/Hz
[81274 ms] [UE 48787] UL: SNR = 63.50 dB | SE = 20.778 bit/s/Hz
[81274 ms] [UE 40252] UL: SNR = 56.00 dB | SE = 18.324 bit/s/Hz
[81274 ms] [UE 15599] UL: SNR = 52.50 dB | SE = 17.179 bit/s/Hz
[81309 ms] [UE 33952] UL: SNR = 6.50 dB | SE = 2.414 bit/s/Hz
[81309 ms] [UE 12169] UL: SNR = 63.50 dB | SE = 20.778 bit/s/Hz
[81309 ms] [UE 22873] UL: SNR = 63.50 dB | SE = 20.778 bit/s/Hz
[81309 ms] [UE 30556] UL: SNR = 63.50 dB | SE = 20.778 bit/s/Hz
[81309 ms] [UE 20945] UL: SNR = 52.50 dB | SE = 17.179 bit/s/Hz
[81375 ms] [UE 45898] UL: SNR = 63.50 dB | SE = 20.778 bit/s/Hz
[81375 ms] [UE 36997] UL: SNR = 63.50 dB | SE = 20.778 bit/s/Hz
[81375 ms] [UE 48787] UL: SNR = 63.50 dB | SE = 20.778 bit/s/Hz
[81375 ms] [UE 40252] UL: SNR = 56.00 dB | SE = 18.324 bit/s/Hz
[81375 ms] [UE 15599] UL: SNR = 52.50 dB | SE = 17.179 bit/s/Hz
[81417 ms] [UE 33952] UL: SNR = 6.50 dB | SE = 2.414 bit/s/Hz
[81417 ms] [UE 12169] UL: SNR = 63.50 dB | SE = 20.778 bit/s/Hz
[81417 ms] [UE 22873] UL: SNR = 63.50 dB | SE = 20.778 bit/s/Hz
[81417 ms] [UE 30556] UL: SNR = 63.50 dB | SE = 20.778 bit/s/Hz
[81417 ms] [UE 20945] UL: SNR = 52.50 dB | SE = 17.179 bit/s/Hz
[81484 ms] [UE 45898] UL: SNR = 63.50 dB | SE = 20.778 bit/s/Hz
[81484 ms] [UE 36997] UL: SNR = 63.50 dB | SE = 20.778 bit/s/Hz
[81484 ms] [UE 48787] UL: SNR = 63.50 dB | SE = 20.778 bit/s/Hz
[81484 ms] [UE 40252] UL: SNR = 56.00 dB | SE = 18.324 bit/s/Hz
[81484 ms] [UE 15599] UL: SNR = 52.50 dB | SE = 17.179 bit/s/Hz
[81526 ms] [UE 33952] UL: SNR = 6.50 dB | SE = 2.414 bit/s/Hz
[81526 ms] [UE 12169] UL: SNR = 63.50 dB | SE = 20.778 bit/s/Hz
[81526 ms] [UE 22873] UL: SNR = 63.50 dB | SE = 20.778 bit/s/Hz
[81526 ms] [UE 30556] UL: SNR = 63.50 dB | SE = 20.778 bit/s/Hz
[81526 ms] [UE 20945] UL: SNR = 52.50 dB | SE = 17.179 bit/s/Hz
[81593 ms] [UE 45898] UL: SNR = 63.50 dB | SE = 20.778 bit/s/Hz
[81593 ms] [UE 36997] UL: SNR = 63.50 dB | SE = 20.778 bit/s/Hz
[81593 ms] [UE 48787] UL: SNR = 63.50 dB | SE = 20.778 bit/s/Hz
[81593 ms] [UE 40252] UL: SNR = 56.00 dB | SE = 18.324 bit/s/Hz
[81593 ms] [UE 15599] UL: SNR = 52.50 dB | SE = 17.179 bit/s/Hz
[81637 ms] [UE 33952] UL: SNR = 6.50 dB | SE = 2.414 bit/s/Hz
[81637 ms] [UE 12169] UL: SNR = 63.50 dB | SE = 20.778 bit/s/Hz
[81637 ms] [UE 22873] UL: SNR = 63.50 dB | SE = 20.778 bit/s/Hz
[81637 ms] [UE 30556] UL: SNR = 63.50 dB | SE = 20.778 bit/s/Hz
[81637 ms] [UE 20945] UL: SNR = 52.50 dB | SE = 17.179 bit/s/Hz
[81694 ms] [UE 45898] UL: SNR = 63.50 dB | SE = 20.778 bit/s/Hz
[81694 ms] [UE 36997] UL: SNR = 63.50 dB | SE = 20.778 bit/s/Hz
[81694 ms] [UE 48787] UL: SNR = 63.50 dB | SE = 20.778 bit/s/Hz
[81694 ms] [UE 40252] UL: SNR = 56.00 dB | SE = 18.324 bit/s/Hz
[81694 ms] [UE 15599] UL: SNR = 52.50 dB | SE = 17.179 bit/s/Hz
[81746 ms] [UE 33952] UL: SNR = 6.50 dB | SE = 2.414 bit/s/Hz
[81746 ms] [UE 12169] UL: SNR = 63.50 dB | SE = 20.778 bit/s/Hz
[81746 ms] [UE 22873] UL: SNR = 63.50 dB | SE = 20.778 bit/s/Hz
[81746 ms] [UE 30556] UL: SNR = 53.50 dB | SE = 17.506 bit/s/Hz
[81746 ms] [UE 20945] UL: SNR = 52.50 dB | SE = 17.179 bit/s/Hz
[81803 ms] [UE 45898] UL: SNR = 63.50 dB | SE = 20.778 bit/s/Hz
[81803 ms] [UE 36997] UL: SNR = 63.50 dB | SE = 20.778 bit/s/Hz
[81803 ms] [UE 48787] UL: SNR = 63.50 dB | SE = 20.778 bit/s/Hz
[81803 ms] [UE 40252] UL: SNR = 56.00 dB | SE = 18.324 bit/s/Hz
[81803 ms] [UE 15599] UL: SNR = 52.50 dB | SE = 17.179 bit/s/Hz
[81859 ms] [UE 33952] UL: SNR = 6.50 dB | SE = 2.414 bit/s/Hz
[81859 ms] [UE 12169] UL: SNR = 63.50 dB | SE = 20.778 bit/s/Hz
[81859 ms] [UE 22873] UL: SNR = 63.50 dB | SE = 20.778 bit/s/Hz
[81859 ms] [UE 30556] UL: SNR = 53.50 dB | SE = 17.506 bit/s/Hz
[81859 ms] [UE 20945] UL: SNR = 52.50 dB | SE = 17.179 bit/s/Hz
[81903 ms] [UE 45898] UL: SNR = 63.50 dB | SE = 20.778 bit/s/Hz
[81903 ms] [UE 36997] UL: SNR = 63.50 dB | SE = 20.778 bit/s/Hz
[81903 ms] [UE 48787] UL: SNR = 63.50 dB | SE = 20.778 bit/s/Hz
[81903 ms] [UE 40252] UL: SNR = 56.00 dB | SE = 18.324 bit/s/Hz
[81903 ms] [UE 15599] UL: SNR = 52.50 dB | SE = 17.179 bit/s/Hz
[81968 ms] [UE 33952] UL: SNR = 6.50 dB | SE = 2.414 bit/s/Hz
[81968 ms] [UE 12169] UL: SNR = 63.50 dB | SE = 20.778 bit/s/Hz
[81968 ms] [UE 22873] UL: SNR = 63.50 dB | SE = 20.778 bit/s/Hz
[81968 ms] [UE 30556] UL: SNR = 53.50 dB | SE = 17.506 bit/s/Hz
[81968 ms] [UE 20945] UL: SNR = 52.50 dB | SE = 17.179 bit/s/Hz
[82004 ms] [UE 45898] UL: SNR = 63.50 dB | SE = 20.778 bit/s/Hz
[82004 ms] [UE 36997] UL: SNR = 63.50 dB | SE = 20.778 bit/s/Hz
[82004 ms] [UE 48787] UL: SNR = 63.50 dB | SE = 20.778 bit/s/Hz
[82004 ms] [UE 40252] UL: SNR = 56.00 dB | SE = 18.324 bit/s/Hz
[82004 ms] [UE 15599] UL: SNR = 52.50 dB | SE = 17.179 bit/s/Hz
[82077 ms] [UE 33952] UL: SNR = 6.50 dB | SE = 2.414 bit/s/Hz
[82077 ms] [UE 12169] UL: SNR = 63.50 dB | SE = 20.778 bit/s/Hz
[82077 ms] [UE 22873] UL: SNR = 63.50 dB | SE = 20.778 bit/s/Hz
[82077 ms] [UE 30556] UL: SNR = 53.50 dB | SE = 17.506 bit/s/Hz
[82077 ms] [UE 20945] UL: SNR = 52.50 dB | SE = 17.179 bit/s/Hz
[82114 ms] [UE 45898] UL: SNR = 63.50 dB | SE = 20.778 bit/s/Hz
[82114 ms] [UE 36997] UL: SNR = 63.50 dB | SE = 20.778 bit/s/Hz
[82114 ms] [UE 48787] UL: SNR = 63.50 dB | SE = 20.778 bit/s/Hz
[82114 ms] [UE 40252] UL: SNR = 56.00 dB | SE = 18.324 bit/s/Hz
[82114 ms] [UE 15599] UL: SNR = 52.50 dB | SE = 17.179 bit/s/Hz
[82187 ms] [UE 33952] UL: SNR = 6.50 dB | SE = 2.414 bit/s/Hz
[82187 ms] [UE 12169] UL: SNR = 63.50 dB | SE = 20.778 bit/s/Hz
[82187 ms] [UE 22873] UL: SNR = 63.50 dB | SE = 20.778 bit/s/Hz
[82187 ms] [UE 30556] UL: SNR = 53.50 dB | SE = 17.506 bit/s/Hz
[82187 ms] [UE 20945] UL: SNR = 52.50 dB | SE = 17.179 bit/s/Hz
[82214 ms] [UE 45898] UL: SNR = 63.50 dB | SE = 20.778 bit/s/Hz
[82214 ms] [UE 36997] UL: SNR = 63.50 dB | SE = 20.778 bit/s/Hz
[82214 ms] [UE 48787] UL: SNR = 63.50 dB | SE = 20.778 bit/s/Hz
[82214 ms] [UE 40252] UL: SNR = 56.00 dB | SE = 18.324 bit/s/Hz
[82214 ms] [UE 15599] UL: SNR = 52.50 dB | SE = 17.179 bit/s/Hz
[82297 ms] [UE 33952] UL: SNR = 6.50 dB | SE = 2.414 bit/s/Hz
[82297 ms] [UE 12169] UL: SNR = 63.50 dB | SE = 20.778 bit/s/Hz
[82297 ms] [UE 22873] UL: SNR = 63.50 dB | SE = 20.778 bit/s/Hz
[82297 ms] [UE 30556] UL: SNR = 53.50 dB | SE = 17.506 bit/s/Hz
[82297 ms] [UE 20945] UL: SNR = 52.50 dB | SE = 17.179 bit/s/Hz
[82314 ms] [UE 45898] UL: SNR = 63.50 dB | SE = 20.778 bit/s/Hz
[82314 ms] [UE 36997] UL: SNR = 63.50 dB | SE = 20.778 bit/s/Hz
[82314 ms] [UE 48787] UL: SNR = 63.50 dB | SE = 20.778 bit/s/Hz
[82314 ms] [UE 40252] UL: SNR = 56.00 dB | SE = 18.324 bit/s/Hz
[82314 ms] [UE 15599] UL: SNR = 52.50 dB | SE = 17.179 bit/s/Hz
[82406 ms] [UE 33952] UL: SNR = 6.50 dB | SE = 2.414 bit/s/Hz
[82406 ms] [UE 12169] UL: SNR = 63.50 dB | SE = 20.778 bit/s/Hz
[82406 ms] [UE 22873] UL: SNR = 63.50 dB | SE = 20.778 bit/s/Hz
[82406 ms] [UE 30556] UL: SNR = 53.50 dB | SE = 17.506 bit/s/Hz
[82406 ms] [UE 20945] UL: SNR = 52.50 dB | SE = 17.179 bit/s/Hz
[82424 ms] [UE 45898] UL: SNR = 63.50 dB | SE = 20.778 bit/s/Hz
[82424 ms] [UE 36997] UL: SNR = 63.50 dB | SE = 20.778 bit/s/Hz
[82424 ms] [UE 48787] UL: SNR = 63.50 dB | SE = 20.778 bit/s/Hz
[82424 ms] [UE 40252] UL: SNR = 56.00 dB | SE = 18.324 bit/s/Hz
[82424 ms] [UE 15599] UL: SNR = 52.50 dB | SE = 17.179 bit/s/Hz
[82506 ms] [UE 33952] UL: SNR = 6.50 dB | SE = 2.414 bit/s/Hz
[82506 ms] [UE 12169] UL: SNR = 63.50 dB | SE = 20.778 bit/s/Hz
[82506 ms] [UE 22873] UL: SNR = 63.50 dB | SE = 20.778 bit/s/Hz
[82506 ms] [UE 30556] UL: SNR = 63.50 dB | SE = 20.778 bit/s/Hz
[82506 ms] [UE 20945] UL: SNR = 52.50 dB | SE = 17.179 bit/s/Hz
[82534 ms] [UE 45898] UL: SNR = 63.50 dB | SE = 20.778 bit/s/Hz
[82534 ms] [UE 36997] UL: SNR = 63.50 dB | SE = 20.778 bit/s/Hz
[82534 ms] [UE 48787] UL: SNR = 63.50 dB | SE = 20.778 bit/s/Hz
[82534 ms] [UE 40252] UL: SNR = 56.00 dB | SE = 18.324 bit/s/Hz
[82534 ms] [UE 15599] UL: SNR = 52.50 dB | SE = 17.179 bit/s/Hz
[82607 ms] [UE 33952] UL: SNR = 6.50 dB | SE = 2.414 bit/s/Hz
[82607 ms] [UE 12169] UL: SNR = 63.50 dB | SE = 20.778 bit/s/Hz
[82607 ms] [UE 22873] UL: SNR = 63.50 dB | SE = 20.778 bit/s/Hz
[82607 ms] [UE 30556] UL: SNR = 63.50 dB | SE = 20.778 bit/s/Hz
[82607 ms] [UE 20945] UL: SNR = 52.50 dB | SE = 17.179 bit/s/Hz
[82634 ms] [UE 45898] UL: SNR = 63.50 dB | SE = 20.778 bit/s/Hz
[82634 ms] [UE 36997] UL: SNR = 63.50 dB | SE = 20.778 bit/s/Hz
[82634 ms] [UE 48787] UL: SNR = 63.50 dB | SE = 20.778 bit/s/Hz
[82634 ms] [UE 40252] UL: SNR = 56.00 dB | SE = 18.324 bit/s/Hz
[82634 ms] [UE 15599] UL: SNR = 52.50 dB | SE = 17.179 bit/s/Hz
[82717 ms] [UE 33952] UL: SNR = 6.50 dB | SE = 2.414 bit/s/Hz
[82717 ms] [UE 12169] UL: SNR = 63.50 dB | SE = 20.778 bit/s/Hz
[82717 ms] [UE 22873] UL: SNR = 63.50 dB | SE = 20.778 bit/s/Hz
[82717 ms] [UE 30556] UL: SNR = 63.50 dB | SE = 20.778 bit/s/Hz
[82717 ms] [UE 20945] UL: SNR = 52.50 dB | SE = 17.179 bit/s/Hz
[82734 ms] [UE 45898] UL: SNR = 63.50 dB | SE = 20.778 bit/s/Hz
[82734 ms] [UE 36997] UL: SNR = 63.50 dB | SE = 20.778 bit/s/Hz
[82734 ms] [UE 48787] UL: SNR = 63.50 dB | SE = 20.778 bit/s/Hz
[82734 ms] [UE 40252] UL: SNR = 56.00 dB | SE = 18.324 bit/s/Hz
[82734 ms] [UE 15599] UL: SNR = 52.50 dB | SE = 17.179 bit/s/Hz
[82827 ms] [UE 33952] UL: SNR = 6.50 dB | SE = 2.414 bit/s/Hz
[82827 ms] [UE 12169] UL: SNR = 63.50 dB | SE = 20.778 bit/s/Hz
[82827 ms] [UE 22873] UL: SNR = 63.50 dB | SE = 20.778 bit/s/Hz
[82827 ms] [UE 30556] UL: SNR = 63.50 dB | SE = 20.778 bit/s/Hz
[82827 ms] [UE 20945] UL: SNR = 52.50 dB | SE = 17.179 bit/s/Hz
[82834 ms] [UE 45898] UL: SNR = 63.50 dB | SE = 20.778 bit/s/Hz
[82834 ms] [UE 36997] UL: SNR = 63.50 dB | SE = 20.778 bit/s/Hz
[82834 ms] [UE 48787] UL: SNR = 63.50 dB | SE = 20.778 bit/s/Hz
[82834 ms] [UE 40252] UL: SNR = 56.00 dB | SE = 18.324 bit/s/Hz
[82834 ms] [UE 15599] UL: SNR = 52.50 dB | SE = 17.179 bit/s/Hz
[82936 ms] [UE 33952] UL: SNR = 6.50 dB | SE = 2.414 bit/s/Hz
[82936 ms] [UE 12169] UL: SNR = 63.50 dB | SE = 20.778 bit/s/Hz
[82936 ms] [UE 22873] UL: SNR = 63.50 dB | SE = 20.778 bit/s/Hz
[82936 ms] [UE 30556] UL: SNR = 63.50 dB | SE = 20.778 bit/s/Hz
[82936 ms] [UE 20945] UL: SNR = 52.50 dB | SE = 17.179 bit/s/Hz
[82943 ms] [UE 45898] UL: SNR = 63.50 dB | SE = 20.778 bit/s/Hz
[82943 ms] [UE 36997] UL: SNR = 63.50 dB | SE = 20.778 bit/s/Hz
[82943 ms] [UE 48787] UL: SNR = 63.50 dB | SE = 20.778 bit/s/Hz
[82943 ms] [UE 40252] UL: SNR = 56.00 dB | SE = 18.324 bit/s/Hz
[82943 ms] [UE 15599] UL: SNR = 52.50 dB | SE = 17.179 bit/s/Hz
[83036 ms] [UE 33952] UL: SNR = 6.50 dB | SE = 2.414 bit/s/Hz
[83036 ms] [UE 12169] UL: SNR = 63.50 dB | SE = 20.778 bit/s/Hz
[83036 ms] [UE 22873] UL: SNR = 63.50 dB | SE = 20.778 bit/s/Hz
[83036 ms] [UE 30556] UL: SNR = 63.50 dB | SE = 20.778 bit/s/Hz
[83036 ms] [UE 20945] UL: SNR = 52.50 dB | SE = 17.179 bit/s/Hz
[83043 ms] [UE 45898] UL: SNR = 63.50 dB | SE = 20.778 bit/s/Hz
[83043 ms] [UE 36997] UL: SNR = 63.50 dB | SE = 20.778 bit/s/Hz
[83043 ms] [UE 48787] UL: SNR = 63.50 dB | SE = 20.778 bit/s/Hz
[83043 ms] [UE 40252] UL: SNR = 56.00 dB | SE = 18.324 bit/s/Hz
[83043 ms] [UE 15599] UL: SNR = 52.50 dB | SE = 17.179 bit/s/Hz
[83137 ms] [UE 33952] UL: SNR = 6.50 dB | SE = 2.414 bit/s/Hz
[83137 ms] [UE 12169] UL: SNR = 63.50 dB | SE = 20.778 bit/s/Hz
[83137 ms] [UE 22873] UL: SNR = 63.50 dB | SE = 20.778 bit/s/Hz
[83137 ms] [UE 30556] UL: SNR = 63.50 dB | SE = 20.778 bit/s/Hz
[83137 ms] [UE 20945] UL: SNR = 52.50 dB | SE = 17.179 bit/s/Hz
[83143 ms] [UE 45898] UL: SNR = 63.50 dB | SE = 20.778 bit/s/Hz
[83143 ms] [UE 36997] UL: SNR = 63.50 dB | SE = 20.778 bit/s/Hz
[83143 ms] [UE 48787] UL: SNR = 63.50 dB | SE = 20.778 bit/s/Hz
[83143 ms] [UE 40252] UL: SNR = 56.00 dB | SE = 18.324 bit/s/Hz
[83143 ms] [UE 15599] UL: SNR = 52.50 dB | SE = 17.179 bit/s/Hz
[83237 ms] [UE 33952] UL: SNR = 6.50 dB | SE = 2.414 bit/s/Hz
[83237 ms] [UE 12169] UL: SNR = 63.50 dB | SE = 20.778 bit/s/Hz
[83237 ms] [UE 22873] UL: SNR = 63.50 dB | SE = 20.778 bit/s/Hz
[83237 ms] [UE 30556] UL: SNR = 63.50 dB | SE = 20.778 bit/s/Hz
[83237 ms] [UE 20945] UL: SNR = 52.50 dB | SE = 17.179 bit/s/Hz
[83244 ms] [UE 45898] UL: SNR = 63.50 dB | SE = 20.778 bit/s/Hz
[83244 ms] [UE 36997] UL: SNR = 63.50 dB | SE = 20.778 bit/s/Hz
[83244 ms] [UE 48787] UL: SNR = 63.50 dB | SE = 20.778 bit/s/Hz
[83244 ms] [UE 40252] UL: SNR = 56.00 dB | SE = 18.324 bit/s/Hz
[83244 ms] [UE 15599] UL: SNR = 52.50 dB | SE = 17.179 bit/s/Hz
[83347 ms] [UE 33952] UL: SNR = 6.50 dB | SE = 2.414 bit/s/Hz
[83347 ms] [UE 12169] UL: SNR = 63.50 dB | SE = 20.778 bit/s/Hz
[83347 ms] [UE 22873] UL: SNR = 63.50 dB | SE = 20.778 bit/s/Hz
[83347 ms] [UE 30556] UL: SNR = 63.50 dB | SE = 20.778 bit/s/Hz
[83347 ms] [UE 20945] UL: SNR = 52.50 dB | SE = 17.179 bit/s/Hz
[83354 ms] [UE 45898] UL: SNR = 63.50 dB | SE = 20.778 bit/s/Hz
[83354 ms] [UE 36997] UL: SNR = 63.50 dB | SE = 20.778 bit/s/Hz
[83354 ms] [UE 48787] UL: SNR = 63.50 dB | SE = 20.778 bit/s/Hz
[83354 ms] [UE 40252] UL: SNR = 56.00 dB | SE = 18.324 bit/s/Hz
[83354 ms] [UE 15599] UL: SNR = 52.50 dB | SE = 17.179 bit/s/Hz
[83458 ms] [UE 33952] UL: SNR = 6.50 dB | SE = 2.414 bit/s/Hz
[83458 ms] [UE 12169] UL: SNR = 63.50 dB | SE = 20.778 bit/s/Hz
[83458 ms] [UE 22873] UL: SNR = 63.50 dB | SE = 20.778 bit/s/Hz
[83458 ms] [UE 30556] UL: SNR = 63.50 dB | SE = 20.778 bit/s/Hz
[83458 ms] [UE 20945] UL: SNR = 52.50 dB | SE = 17.179 bit/s/Hz
[83464 ms] [UE 45898] UL: SNR = 63.50 dB | SE = 20.778 bit/s/Hz
[83464 ms] [UE 36997] UL: SNR = 63.50 dB | SE = 20.778 bit/s/Hz
[83464 ms] [UE 48787] UL: SNR = 63.50 dB | SE = 20.778 bit/s/Hz
[83464 ms] [UE 40252] UL: SNR = 56.00 dB | SE = 18.324 bit/s/Hz
[83464 ms] [UE 15599] UL: SNR = 52.50 dB | SE = 17.179 bit/s/Hz
[83566 ms] [UE 33952] UL: SNR = 6.50 dB | SE = 2.414 bit/s/Hz
[83566 ms] [UE 12169] UL: SNR = 63.50 dB | SE = 20.778 bit/s/Hz
[83566 ms] [UE 22873] UL: SNR = 63.50 dB | SE = 20.778 bit/s/Hz
[83566 ms] [UE 30556] UL: SNR = 63.50 dB | SE = 20.778 bit/s/Hz
[83566 ms] [UE 20945] UL: SNR = 52.50 dB | SE = 17.179 bit/s/Hz
[83574 ms] [UE 45898] UL: SNR = 63.50 dB | SE = 20.778 bit/s/Hz
[83574 ms] [UE 36997] UL: SNR = 63.50 dB | SE = 20.778 bit/s/Hz
[83574 ms] [UE 48787] UL: SNR = 63.50 dB | SE = 20.778 bit/s/Hz
[83574 ms] [UE 40252] UL: SNR = 56.00 dB | SE = 18.324 bit/s/Hz
[83574 ms] [UE 15599] UL: SNR = 52.50 dB | SE = 17.179 bit/s/Hz
[83666 ms] [UE 33952] UL: SNR = 6.50 dB | SE = 2.414 bit/s/Hz
[83666 ms] [UE 12169] UL: SNR = 63.50 dB | SE = 20.778 bit/s/Hz
[83666 ms] [UE 22873] UL: SNR = 63.50 dB | SE = 20.778 bit/s/Hz
[83666 ms] [UE 30556] UL: SNR = 63.50 dB | SE = 20.778 bit/s/Hz
[83666 ms] [UE 20945] UL: SNR = 52.50 dB | SE = 17.179 bit/s/Hz
[83674 ms] [UE 45898] UL: SNR = 63.50 dB | SE = 20.778 bit/s/Hz
[83674 ms] [UE 36997] UL: SNR = 63.50 dB | SE = 20.778 bit/s/Hz
[83674 ms] [UE 48787] UL: SNR = 63.50 dB | SE = 20.778 bit/s/Hz
[83674 ms] [UE 40252] UL: SNR = 56.00 dB | SE = 18.324 bit/s/Hz
[83674 ms] [UE 15599] UL: SNR = 52.50 dB | SE = 17.179 bit/s/Hz
[83768 ms] [UE 33952] UL: SNR = 6.50 dB | SE = 2.414 bit/s/Hz
[83768 ms] [UE 12169] UL: SNR = 63.50 dB | SE = 20.778 bit/s/Hz
[83768 ms] [UE 22873] UL: SNR = 63.50 dB | SE = 20.778 bit/s/Hz
[83768 ms] [UE 30556] UL: SNR = 63.50 dB | SE = 20.778 bit/s/Hz
[83768 ms] [UE 20945] UL: SNR = 52.50 dB | SE = 17.179 bit/s/Hz
[83774 ms] [UE 45898] UL: SNR = 63.50 dB | SE = 20.778 bit/s/Hz
[83774 ms] [UE 36997] UL: SNR = 63.50 dB | SE = 20.778 bit/s/Hz
[83774 ms] [UE 48787] UL: SNR = 63.50 dB | SE = 20.778 bit/s/Hz
[83774 ms] [UE 40252] UL: SNR = 56.00 dB | SE = 18.324 bit/s/Hz
[83774 ms] [UE 15599] UL: SNR = 52.50 dB | SE = 17.179 bit/s/Hz
[83876 ms] [UE 33952] UL: SNR = 6.50 dB | SE = 2.414 bit/s/Hz
[83876 ms] [UE 12169] UL: SNR = 63.50 dB | SE = 20.778 bit/s/Hz
[83876 ms] [UE 22873] UL: SNR = 63.50 dB | SE = 20.778 bit/s/Hz
[83876 ms] [UE 30556] UL: SNR = 63.50 dB | SE = 20.778 bit/s/Hz
[83876 ms] [UE 20945] UL: SNR = 52.50 dB | SE = 17.179 bit/s/Hz
[83883 ms] [UE 45898] UL: SNR = 63.50 dB | SE = 20.778 bit/s/Hz
[83883 ms] [UE 36997] UL: SNR = 63.50 dB | SE = 20.778 bit/s/Hz
[83883 ms] [UE 48787] UL: SNR = 63.50 dB | SE = 20.778 bit/s/Hz
[83883 ms] [UE 40252] UL: SNR = 56.00 dB | SE = 18.324 bit/s/Hz
[83883 ms] [UE 15599] UL: SNR = 52.50 dB | SE = 17.179 bit/s/Hz
[83984 ms] [UE 45898] UL: SNR = 63.50 dB | SE = 20.778 bit/s/Hz
[83984 ms] [UE 36997] UL: SNR = 63.50 dB | SE = 20.778 bit/s/Hz
[83984 ms] [UE 48787] UL: SNR = 63.50 dB | SE = 20.778 bit/s/Hz
[83984 ms] [UE 40252] UL: SNR = 56.00 dB | SE = 18.324 bit/s/Hz
[83984 ms] [UE 15599] UL: SNR = 52.50 dB | SE = 17.179 bit/s/Hz
[83986 ms] [UE 33952] UL: SNR = 6.50 dB | SE = 2.414 bit/s/Hz
[83986 ms] [UE 12169] UL: SNR = 63.50 dB | SE = 20.778 bit/s/Hz
[83986 ms] [UE 22873] UL: SNR = 63.50 dB | SE = 20.778 bit/s/Hz
[83986 ms] [UE 30556] UL: SNR = 63.50 dB | SE = 20.778 bit/s/Hz
[83986 ms] [UE 20945] UL: SNR = 52.50 dB | SE = 17.179 bit/s/Hz
[84087 ms] [UE 33952] UL: SNR = 6.50 dB | SE = 2.414 bit/s/Hz
[84087 ms] [UE 12169] UL: SNR = 63.50 dB | SE = 20.778 bit/s/Hz
[84087 ms] [UE 22873] UL: SNR = 63.50 dB | SE = 20.778 bit/s/Hz
[84087 ms] [UE 30556] UL: SNR = 63.50 dB | SE = 20.778 bit/s/Hz
[84087 ms] [UE 20945] UL: SNR = 52.50 dB | SE = 17.179 bit/s/Hz
[84094 ms] [UE 45898] UL: SNR = 63.50 dB | SE = 20.778 bit/s/Hz
[84094 ms] [UE 36997] UL: SNR = 63.50 dB | SE = 20.778 bit/s/Hz
[84094 ms] [UE 48787] UL: SNR = 63.50 dB | SE = 20.778 bit/s/Hz
[84094 ms] [UE 40252] UL: SNR = 56.00 dB | SE = 18.324 bit/s/Hz
[84094 ms] [UE 15599] UL: SNR = 52.50 dB | SE = 17.179 bit/s/Hz
[84197 ms] [UE 33952] UL: SNR = 6.50 dB | SE = 2.414 bit/s/Hz
[84197 ms] [UE 12169] UL: SNR = 63.50 dB | SE = 20.778 bit/s/Hz
[84197 ms] [UE 22873] UL: SNR = 63.50 dB | SE = 20.778 bit/s/Hz
[84197 ms] [UE 30556] UL: SNR = 63.50 dB | SE = 20.778 bit/s/Hz
[84197 ms] [UE 20945] UL: SNR = 52.50 dB | SE = 17.179 bit/s/Hz
[84203 ms] [UE 45898] UL: SNR = 63.50 dB | SE = 20.778 bit/s/Hz
[84203 ms] [UE 36997] UL: SNR = 63.50 dB | SE = 20.778 bit/s/Hz
[84203 ms] [UE 48787] UL: SNR = 63.50 dB | SE = 20.778 bit/s/Hz
[84203 ms] [UE 40252] UL: SNR = 56.00 dB | SE = 18.324 bit/s/Hz
[84203 ms] [UE 15599] UL: SNR = 52.50 dB | SE = 17.179 bit/s/Hz
[84304 ms] [UE 45898] UL: SNR = 63.50 dB | SE = 20.778 bit/s/Hz
[84304 ms] [UE 36997] UL: SNR = 63.50 dB | SE = 20.778 bit/s/Hz
[84304 ms] [UE 48787] UL: SNR = 63.50 dB | SE = 20.778 bit/s/Hz
[84304 ms] [UE 40252] UL: SNR = 56.00 dB | SE = 18.324 bit/s/Hz
[84304 ms] [UE 15599] UL: SNR = 52.50 dB | SE = 17.179 bit/s/Hz
[84306 ms] [UE 33952] UL: SNR = 6.50 dB | SE = 2.414 bit/s/Hz
[84306 ms] [UE 12169] UL: SNR = 63.50 dB | SE = 20.778 bit/s/Hz
[84306 ms] [UE 22873] UL: SNR = 63.50 dB | SE = 20.778 bit/s/Hz
[84306 ms] [UE 30556] UL: SNR = 63.50 dB | SE = 20.778 bit/s/Hz
[84306 ms] [UE 20945] UL: SNR = 52.50 dB | SE = 17.179 bit/s/Hz
[84414 ms] [UE 45898] UL: SNR = 63.50 dB | SE = 20.778 bit/s/Hz
[84414 ms] [UE 36997] UL: SNR = 63.50 dB | SE = 20.778 bit/s/Hz
[84414 ms] [UE 48787] UL: SNR = 63.50 dB | SE = 20.778 bit/s/Hz
[84414 ms] [UE 40252] UL: SNR = 56.00 dB | SE = 18.324 bit/s/Hz
[84414 ms] [UE 15599] UL: SNR = 52.50 dB | SE = 17.179 bit/s/Hz
[84416 ms] [UE 33952] UL: SNR = 6.50 dB | SE = 2.414 bit/s/Hz
[84416 ms] [UE 12169] UL: SNR = 63.50 dB | SE = 20.778 bit/s/Hz
[84416 ms] [UE 22873] UL: SNR = 63.50 dB | SE = 20.778 bit/s/Hz
[84416 ms] [UE 30556] UL: SNR = 63.50 dB | SE = 20.778 bit/s/Hz
[84416 ms] [UE 20945] UL: SNR = 52.50 dB | SE = 17.179 bit/s/Hz
[84514 ms] [UE 45898] UL: SNR = 63.50 dB | SE = 20.778 bit/s/Hz
[84514 ms] [UE 36997] UL: SNR = 63.50 dB | SE = 20.778 bit/s/Hz
[84514 ms] [UE 48787] UL: SNR = 63.50 dB | SE = 20.778 bit/s/Hz
[84514 ms] [UE 40252] UL: SNR = 56.00 dB | SE = 18.324 bit/s/Hz
[84514 ms] [UE 15599] UL: SNR = 52.50 dB | SE = 17.179 bit/s/Hz
[84518 ms] [UE 33952] UL: SNR = 6.50 dB | SE = 2.414 bit/s/Hz
[84518 ms] [UE 12169] UL: SNR = 63.50 dB | SE = 20.778 bit/s/Hz
[84518 ms] [UE 22873] UL: SNR = 63.50 dB | SE = 20.778 bit/s/Hz
[84518 ms] [UE 30556] UL: SNR = 63.50 dB | SE = 20.778 bit/s/Hz
[84518 ms] [UE 20945] UL: SNR = 52.50 dB | SE = 17.179 bit/s/Hz
[84624 ms] [UE 45898] UL: SNR = 63.50 dB | SE = 20.778 bit/s/Hz
[84624 ms] [UE 36997] UL: SNR = 63.50 dB | SE = 20.778 bit/s/Hz
[84624 ms] [UE 48787] UL: SNR = 63.50 dB | SE = 20.778 bit/s/Hz
[84624 ms] [UE 40252] UL: SNR = 56.00 dB | SE = 18.324 bit/s/Hz
[84624 ms] [UE 15599] UL: SNR = 52.50 dB | SE = 17.179 bit/s/Hz
[84626 ms] [UE 33952] UL: SNR = 6.50 dB | SE = 2.414 bit/s/Hz
[84626 ms] [UE 12169] UL: SNR = 63.50 dB | SE = 20.778 bit/s/Hz
[84626 ms] [UE 22873] UL: SNR = 63.50 dB | SE = 20.778 bit/s/Hz
[84626 ms] [UE 30556] UL: SNR = 63.50 dB | SE = 20.778 bit/s/Hz
[84626 ms] [UE 20945] UL: SNR = 52.50 dB | SE = 17.179 bit/s/Hz
[84724 ms] [UE 45898] UL: SNR = 63.50 dB | SE = 20.778 bit/s/Hz
[84724 ms] [UE 36997] UL: SNR = 63.50 dB | SE = 20.778 bit/s/Hz
[84724 ms] [UE 48787] UL: SNR = 63.50 dB | SE = 20.778 bit/s/Hz
[84724 ms] [UE 40252] UL: SNR = 56.00 dB | SE = 18.324 bit/s/Hz
[84724 ms] [UE 15599] UL: SNR = 52.50 dB | SE = 17.179 bit/s/Hz
[84727 ms] [UE 33952] UL: SNR = 6.50 dB | SE = 2.414 bit/s/Hz
[84727 ms] [UE 12169] UL: SNR = 63.50 dB | SE = 20.778 bit/s/Hz
[84727 ms] [UE 22873] UL: SNR = 63.50 dB | SE = 20.778 bit/s/Hz
[84727 ms] [UE 30556] UL: SNR = 63.50 dB | SE = 20.778 bit/s/Hz
[84727 ms] [UE 20945] UL: SNR = 52.50 dB | SE = 17.179 bit/s/Hz
[84824 ms] [UE 45898] UL: SNR = 63.50 dB | SE = 20.778 bit/s/Hz
[84824 ms] [UE 36997] UL: SNR = 63.50 dB | SE = 20.778 bit/s/Hz
[84824 ms] [UE 48787] UL: SNR = 63.50 dB | SE = 20.778 bit/s/Hz
[84824 ms] [UE 40252] UL: SNR = 56.00 dB | SE = 18.324 bit/s/Hz
[84824 ms] [UE 15599] UL: SNR = 52.50 dB | SE = 17.179 bit/s/Hz
[84836 ms] [UE 33952] UL: SNR = 6.50 dB | SE = 2.414 bit/s/Hz
[84836 ms] [UE 12169] UL: SNR = 63.50 dB | SE = 20.778 bit/s/Hz
[84836 ms] [UE 22873] UL: SNR = 63.50 dB | SE = 20.778 bit/s/Hz
[84836 ms] [UE 30556] UL: SNR = 63.50 dB | SE = 20.778 bit/s/Hz
[84836 ms] [UE 20945] UL: SNR = 52.50 dB | SE = 17.179 bit/s/Hz
[84934 ms] [UE 45898] UL: SNR = 63.50 dB | SE = 20.778 bit/s/Hz
[84934 ms] [UE 36997] UL: SNR = 63.50 dB | SE = 20.778 bit/s/Hz
[84934 ms] [UE 48787] UL: SNR = 63.50 dB | SE = 20.778 bit/s/Hz
[84934 ms] [UE 40252] UL: SNR = 56.00 dB | SE = 18.324 bit/s/Hz
[84934 ms] [UE 15599] UL: SNR = 52.50 dB | SE = 17.179 bit/s/Hz
[84936 ms] [UE 33952] UL: SNR = 6.50 dB | SE = 2.414 bit/s/Hz
[84936 ms] [UE 12169] UL: SNR = 63.50 dB | SE = 20.778 bit/s/Hz
[84936 ms] [UE 22873] UL: SNR = 63.50 dB | SE = 20.778 bit/s/Hz
[84936 ms] [UE 30556] UL: SNR = 63.50 dB | SE = 20.778 bit/s/Hz
[84936 ms] [UE 20945] UL: SNR = 52.50 dB | SE = 17.179 bit/s/Hz
[85034 ms] [UE 45898] UL: SNR = 63.50 dB | SE = 20.778 bit/s/Hz
[85034 ms] [UE 36997] UL: SNR = 63.50 dB | SE = 20.778 bit/s/Hz
[85034 ms] [UE 48787] UL: SNR = 63.50 dB | SE = 20.778 bit/s/Hz
[85034 ms] [UE 40252] UL: SNR = 56.00 dB | SE = 18.324 bit/s/Hz
[85034 ms] [UE 15599] UL: SNR = 52.50 dB | SE = 17.179 bit/s/Hz
[85037 ms] [UE 33952] UL: SNR = 6.50 dB | SE = 2.414 bit/s/Hz
[85037 ms] [UE 12169] UL: SNR = 63.50 dB | SE = 20.778 bit/s/Hz
[85037 ms] [UE 22873] UL: SNR = 63.50 dB | SE = 20.778 bit/s/Hz
[85037 ms] [UE 30556] UL: SNR = 63.50 dB | SE = 20.778 bit/s/Hz
[85037 ms] [UE 20945] UL: SNR = 52.50 dB | SE = 17.179 bit/s/Hz
[85144 ms] [UE 45898] UL: SNR = 63.50 dB | SE = 20.778 bit/s/Hz
[85144 ms] [UE 36997] UL: SNR = 63.50 dB | SE = 20.778 bit/s/Hz
[85144 ms] [UE 48787] UL: SNR = 63.50 dB | SE = 20.778 bit/s/Hz
[85144 ms] [UE 40252] UL: SNR = 56.00 dB | SE = 18.324 bit/s/Hz
[85144 ms] [UE 15599] UL: SNR = 52.50 dB | SE = 17.179 bit/s/Hz
[85146 ms] [UE 33952] UL: SNR = 6.50 dB | SE = 2.414 bit/s/Hz
[85146 ms] [UE 12169] UL: SNR = 63.50 dB | SE = 20.778 bit/s/Hz
[85146 ms] [UE 22873] UL: SNR = 63.50 dB | SE = 20.778 bit/s/Hz
[85146 ms] [UE 30556] UL: SNR = 63.50 dB | SE = 20.778 bit/s/Hz
[85146 ms] [UE 20945] UL: SNR = 52.50 dB | SE = 17.179 bit/s/Hz
[85244 ms] [UE 45898] UL: SNR = 63.50 dB | SE = 20.778 bit/s/Hz
[85244 ms] [UE 36997] UL: SNR = 63.50 dB | SE = 20.778 bit/s/Hz
[85244 ms] [UE 48787] UL: SNR = 63.50 dB | SE = 20.778 bit/s/Hz
[85244 ms] [UE 40252] UL: SNR = 56.00 dB | SE = 18.324 bit/s/Hz
[85244 ms] [UE 15599] UL: SNR = 52.50 dB | SE = 17.179 bit/s/Hz
[85246 ms] [UE 33952] UL: SNR = 6.50 dB | SE = 2.414 bit/s/Hz
[85246 ms] [UE 12169] UL: SNR = 63.50 dB | SE = 20.778 bit/s/Hz
[85246 ms] [UE 22873] UL: SNR = 63.50 dB | SE = 20.778 bit/s/Hz
[85246 ms] [UE 30556] UL: SNR = 63.50 dB | SE = 20.778 bit/s/Hz
[85246 ms] [UE 20945] UL: SNR = 52.50 dB | SE = 17.179 bit/s/Hz
[85354 ms] [UE 45898] UL: SNR = 63.50 dB | SE = 20.778 bit/s/Hz
[85354 ms] [UE 36997] UL: SNR = 63.50 dB | SE = 20.778 bit/s/Hz
[85354 ms] [UE 48787] UL: SNR = 63.50 dB | SE = 20.778 bit/s/Hz
[85354 ms] [UE 40252] UL: SNR = 56.00 dB | SE = 18.324 bit/s/Hz
[85354 ms] [UE 15599] UL: SNR = 52.50 dB | SE = 17.179 bit/s/Hz
[85356 ms] [UE 33952] UL: SNR = 6.50 dB | SE = 2.414 bit/s/Hz
[85356 ms] [UE 12169] UL: SNR = 63.50 dB | SE = 20.778 bit/s/Hz
[85356 ms] [UE 22873] UL: SNR = 63.50 dB | SE = 20.778 bit/s/Hz
[85356 ms] [UE 30556] UL: SNR = 63.50 dB | SE = 20.778 bit/s/Hz
[85356 ms] [UE 20945] UL: SNR = 52.50 dB | SE = 17.179 bit/s/Hz
[85456 ms] [UE 33952] UL: SNR = 6.50 dB | SE = 2.414 bit/s/Hz
[85456 ms] [UE 12169] UL: SNR = 63.50 dB | SE = 20.778 bit/s/Hz
[85456 ms] [UE 22873] UL: SNR = 63.50 dB | SE = 20.778 bit/s/Hz
[85456 ms] [UE 30556] UL: SNR = 63.50 dB | SE = 20.778 bit/s/Hz
[85456 ms] [UE 20945] UL: SNR = 52.50 dB | SE = 17.179 bit/s/Hz
[85463 ms] [UE 45898] UL: SNR = 63.50 dB | SE = 20.778 bit/s/Hz
[85463 ms] [UE 36997] UL: SNR = 63.50 dB | SE = 20.778 bit/s/Hz
[85463 ms] [UE 48787] UL: SNR = 63.50 dB | SE = 20.778 bit/s/Hz
[85463 ms] [UE 40252] UL: SNR = 56.00 dB | SE = 18.324 bit/s/Hz
[85463 ms] [UE 15599] UL: SNR = 52.50 dB | SE = 17.179 bit/s/Hz
[85564 ms] [UE 45898] UL: SNR = 63.50 dB | SE = 20.778 bit/s/Hz
[85564 ms] [UE 36997] UL: SNR = 63.50 dB | SE = 20.778 bit/s/Hz
[85564 ms] [UE 48787] UL: SNR = 63.50 dB | SE = 20.778 bit/s/Hz
[85564 ms] [UE 40252] UL: SNR = 56.00 dB | SE = 18.324 bit/s/Hz
[85564 ms] [UE 15599] UL: SNR = 52.50 dB | SE = 17.179 bit/s/Hz
[85567 ms] [UE 33952] UL: SNR = 6.50 dB | SE = 2.414 bit/s/Hz
[85567 ms] [UE 12169] UL: SNR = 63.50 dB | SE = 20.778 bit/s/Hz
[85567 ms] [UE 22873] UL: SNR = 63.50 dB | SE = 20.778 bit/s/Hz
[85567 ms] [UE 30556] UL: SNR = 63.50 dB | SE = 20.778 bit/s/Hz
[85567 ms] [UE 20945] UL: SNR = 52.50 dB | SE = 17.179 bit/s/Hz
[85673 ms] [UE 45898] UL: SNR = 63.50 dB | SE = 20.778 bit/s/Hz
[85673 ms] [UE 36997] UL: SNR = 63.50 dB | SE = 20.778 bit/s/Hz
[85673 ms] [UE 48787] UL: SNR = 63.50 dB | SE = 20.778 bit/s/Hz
[85673 ms] [UE 40252] UL: SNR = 56.00 dB | SE = 18.324 bit/s/Hz
[85673 ms] [UE 15599] UL: SNR = 52.50 dB | SE = 17.179 bit/s/Hz
[85677 ms] [UE 33952] UL: SNR = 6.50 dB | SE = 2.414 bit/s/Hz
[85677 ms] [UE 12169] UL: SNR = 63.50 dB | SE = 20.778 bit/s/Hz
[85677 ms] [UE 22873] UL: SNR = 63.50 dB | SE = 20.778 bit/s/Hz
[85677 ms] [UE 30556] UL: SNR = 63.50 dB | SE = 20.778 bit/s/Hz
[85677 ms] [UE 20945] UL: SNR = 52.50 dB | SE = 17.179 bit/s/Hz
[85774 ms] [UE 45898] UL: SNR = 63.50 dB | SE = 20.778 bit/s/Hz
[85774 ms] [UE 36997] UL: SNR = 63.50 dB | SE = 20.778 bit/s/Hz
[85774 ms] [UE 48787] UL: SNR = 63.50 dB | SE = 20.778 bit/s/Hz
[85774 ms] [UE 40252] UL: SNR = 56.00 dB | SE = 18.324 bit/s/Hz
[85774 ms] [UE 15599] UL: SNR = 52.50 dB | SE = 17.179 bit/s/Hz
[85777 ms] [UE 33952] UL: SNR = 6.50 dB | SE = 2.414 bit/s/Hz
[85777 ms] [UE 12169] UL: SNR = 63.50 dB | SE = 20.778 bit/s/Hz
[85777 ms] [UE 22873] UL: SNR = 63.50 dB | SE = 20.778 bit/s/Hz
[85777 ms] [UE 30556] UL: SNR = 63.50 dB | SE = 20.778 bit/s/Hz
[85777 ms] [UE 20945] UL: SNR = 52.50 dB | SE = 17.179 bit/s/Hz
[85874 ms] [UE 45898] UL: SNR = 63.50 dB | SE = 20.778 bit/s/Hz
[85874 ms] [UE 36997] UL: SNR = 63.50 dB | SE = 20.778 bit/s/Hz
[85874 ms] [UE 48787] UL: SNR = 63.50 dB | SE = 20.778 bit/s/Hz
[85874 ms] [UE 40252] UL: SNR = 56.00 dB | SE = 18.324 bit/s/Hz
[85874 ms] [UE 15599] UL: SNR = 52.50 dB | SE = 17.179 bit/s/Hz
[85877 ms] [UE 33952] UL: SNR = 6.50 dB | SE = 2.414 bit/s/Hz
[85877 ms] [UE 12169] UL: SNR = 63.50 dB | SE = 20.778 bit/s/Hz
[85877 ms] [UE 22873] UL: SNR = 63.50 dB | SE = 20.778 bit/s/Hz
[85877 ms] [UE 30556] UL: SNR = 53.50 dB | SE = 17.506 bit/s/Hz
[85877 ms] [UE 20945] UL: SNR = 52.00 dB | SE = 17.015 bit/s/Hz
[85974 ms] [UE 45898] UL: SNR = 63.50 dB | SE = 20.778 bit/s/Hz
[85974 ms] [UE 36997] UL: SNR = 63.50 dB | SE = 20.778 bit/s/Hz
[85974 ms] [UE 48787] UL: SNR = 63.50 dB | SE = 20.778 bit/s/Hz
[85974 ms] [UE 40252] UL: SNR = 56.00 dB | SE = 18.324 bit/s/Hz
[85974 ms] [UE 15599] UL: SNR = 52.50 dB | SE = 17.179 bit/s/Hz
[85977 ms] [UE 33952] UL: SNR = 6.50 dB | SE = 2.414 bit/s/Hz
[85977 ms] [UE 12169] UL: SNR = 63.50 dB | SE = 20.778 bit/s/Hz
[85977 ms] [UE 22873] UL: SNR = 63.50 dB | SE = 20.778 bit/s/Hz
[85977 ms] [UE 30556] UL: SNR = 53.50 dB | SE = 17.506 bit/s/Hz
[85977 ms] [UE 20945] UL: SNR = 52.00 dB | SE = 17.015 bit/s/Hz
[86084 ms] [UE 45898] UL: SNR = 63.50 dB | SE = 20.778 bit/s/Hz
[86084 ms] [UE 36997] UL: SNR = 63.50 dB | SE = 20.778 bit/s/Hz
[86084 ms] [UE 48787] UL: SNR = 63.50 dB | SE = 20.778 bit/s/Hz
[86084 ms] [UE 40252] UL: SNR = 56.00 dB | SE = 18.324 bit/s/Hz
[86084 ms] [UE 15599] UL: SNR = 52.50 dB | SE = 17.179 bit/s/Hz
[86087 ms] [UE 33952] UL: SNR = 6.50 dB | SE = 2.414 bit/s/Hz
[86087 ms] [UE 12169] UL: SNR = 63.50 dB | SE = 20.778 bit/s/Hz
[86087 ms] [UE 22873] UL: SNR = 63.50 dB | SE = 20.778 bit/s/Hz
[86087 ms] [UE 30556] UL: SNR = 53.50 dB | SE = 17.506 bit/s/Hz
[86087 ms] [UE 20945] UL: SNR = 63.50 dB | SE = 20.778 bit/s/Hz
[86184 ms] [UE 45898] UL: SNR = 63.50 dB | SE = 20.778 bit/s/Hz
[86184 ms] [UE 36997] UL: SNR = 63.50 dB | SE = 20.778 bit/s/Hz
[86184 ms] [UE 48787] UL: SNR = 63.50 dB | SE = 20.778 bit/s/Hz
[86184 ms] [UE 40252] UL: SNR = 56.00 dB | SE = 18.324 bit/s/Hz
[86184 ms] [UE 15599] UL: SNR = 52.50 dB | SE = 17.179 bit/s/Hz
[86196 ms] [UE 33952] UL: SNR = 6.50 dB | SE = 2.414 bit/s/Hz
[86196 ms] [UE 12169] UL: SNR = 63.50 dB | SE = 20.778 bit/s/Hz
[86196 ms] [UE 22873] UL: SNR = 63.50 dB | SE = 20.778 bit/s/Hz
[86196 ms] [UE 30556] UL: SNR = 53.50 dB | SE = 17.506 bit/s/Hz
[86196 ms] [UE 20945] UL: SNR = 63.50 dB | SE = 20.778 bit/s/Hz
[86284 ms] [UE 45898] UL: SNR = 63.50 dB | SE = 20.778 bit/s/Hz
[86284 ms] [UE 36997] UL: SNR = 63.50 dB | SE = 20.778 bit/s/Hz
[86284 ms] [UE 48787] UL: SNR = 63.50 dB | SE = 20.778 bit/s/Hz
[86284 ms] [UE 40252] UL: SNR = 56.00 dB | SE = 18.324 bit/s/Hz
[86284 ms] [UE 15599] UL: SNR = 52.50 dB | SE = 17.179 bit/s/Hz
[86306 ms] [UE 33952] UL: SNR = 6.50 dB | SE = 2.414 bit/s/Hz
[86306 ms] [UE 12169] UL: SNR = 63.50 dB | SE = 20.778 bit/s/Hz
[86306 ms] [UE 22873] UL: SNR = 63.50 dB | SE = 20.778 bit/s/Hz
[86306 ms] [UE 30556] UL: SNR = 53.50 dB | SE = 17.506 bit/s/Hz
[86306 ms] [UE 20945] UL: SNR = 63.50 dB | SE = 20.778 bit/s/Hz
[86394 ms] [UE 45898] UL: SNR = 63.50 dB | SE = 20.778 bit/s/Hz
[86394 ms] [UE 36997] UL: SNR = 63.50 dB | SE = 20.778 bit/s/Hz
[86394 ms] [UE 48787] UL: SNR = 63.50 dB | SE = 20.778 bit/s/Hz
[86394 ms] [UE 40252] UL: SNR = 56.00 dB | SE = 18.324 bit/s/Hz
[86394 ms] [UE 15599] UL: SNR = 52.50 dB | SE = 17.179 bit/s/Hz
[86416 ms] [UE 33952] UL: SNR = 6.50 dB | SE = 2.414 bit/s/Hz
[86416 ms] [UE 12169] UL: SNR = 63.50 dB | SE = 20.778 bit/s/Hz
[86416 ms] [UE 22873] UL: SNR = 63.50 dB | SE = 20.778 bit/s/Hz
[86416 ms] [UE 30556] UL: SNR = 53.50 dB | SE = 17.506 bit/s/Hz
[86416 ms] [UE 20945] UL: SNR = 63.50 dB | SE = 20.778 bit/s/Hz
[86504 ms] [UE 45898] UL: SNR = 63.50 dB | SE = 20.778 bit/s/Hz
[86504 ms] [UE 36997] UL: SNR = 63.50 dB | SE = 20.778 bit/s/Hz
[86504 ms] [UE 48787] UL: SNR = 63.50 dB | SE = 20.778 bit/s/Hz
[86504 ms] [UE 40252] UL: SNR = 56.00 dB | SE = 18.324 bit/s/Hz
[86504 ms] [UE 15599] UL: SNR = 52.50 dB | SE = 17.179 bit/s/Hz
[86516 ms] [UE 33952] UL: SNR = 6.50 dB | SE = 2.414 bit/s/Hz
[86516 ms] [UE 12169] UL: SNR = 63.50 dB | SE = 20.778 bit/s/Hz
[86516 ms] [UE 22873] UL: SNR = 63.50 dB | SE = 20.778 bit/s/Hz
[86516 ms] [UE 30556] UL: SNR = 53.50 dB | SE = 17.506 bit/s/Hz
[86516 ms] [UE 20945] UL: SNR = 63.50 dB | SE = 20.778 bit/s/Hz
[86613 ms] [UE 45898] UL: SNR = 63.50 dB | SE = 20.778 bit/s/Hz
[86613 ms] [UE 36997] UL: SNR = 63.50 dB | SE = 20.778 bit/s/Hz
[86613 ms] [UE 48787] UL: SNR = 63.50 dB | SE = 20.778 bit/s/Hz
[86613 ms] [UE 40252] UL: SNR = 56.00 dB | SE = 18.324 bit/s/Hz
[86613 ms] [UE 15599] UL: SNR = 52.50 dB | SE = 17.179 bit/s/Hz
[86626 ms] [UE 33952] UL: SNR = 6.50 dB | SE = 2.414 bit/s/Hz
[86626 ms] [UE 12169] UL: SNR = 63.50 dB | SE = 20.778 bit/s/Hz
[86626 ms] [UE 22873] UL: SNR = 63.50 dB | SE = 20.778 bit/s/Hz
[86626 ms] [UE 30556] UL: SNR = 63.50 dB | SE = 20.778 bit/s/Hz
[86626 ms] [UE 20945] UL: SNR = 63.50 dB | SE = 20.778 bit/s/Hz
[86714 ms] [UE 45898] UL: SNR = 63.50 dB | SE = 20.778 bit/s/Hz
[86714 ms] [UE 36997] UL: SNR = 63.50 dB | SE = 20.778 bit/s/Hz
[86714 ms] [UE 48787] UL: SNR = 63.50 dB | SE = 20.778 bit/s/Hz
[86714 ms] [UE 40252] UL: SNR = 56.00 dB | SE = 18.324 bit/s/Hz
[86714 ms] [UE 15599] UL: SNR = 52.50 dB | SE = 17.179 bit/s/Hz
[86727 ms] [UE 33952] UL: SNR = 6.50 dB | SE = 2.414 bit/s/Hz
[86727 ms] [UE 12169] UL: SNR = 63.50 dB | SE = 20.778 bit/s/Hz
[86727 ms] [UE 22873] UL: SNR = 63.50 dB | SE = 20.778 bit/s/Hz
[86727 ms] [UE 30556] UL: SNR = 63.50 dB | SE = 20.778 bit/s/Hz
[86727 ms] [UE 20945] UL: SNR = 63.50 dB | SE = 20.778 bit/s/Hz
[86814 ms] [UE 45898] UL: SNR = 63.50 dB | SE = 20.778 bit/s/Hz
[86814 ms] [UE 36997] UL: SNR = 63.50 dB | SE = 20.778 bit/s/Hz
[86814 ms] [UE 48787] UL: SNR = 63.50 dB | SE = 20.778 bit/s/Hz
[86814 ms] [UE 40252] UL: SNR = 56.00 dB | SE = 18.324 bit/s/Hz
[86814 ms] [UE 15599] UL: SNR = 52.50 dB | SE = 17.179 bit/s/Hz
[86836 ms] [UE 33952] UL: SNR = 6.50 dB | SE = 2.414 bit/s/Hz
[86836 ms] [UE 12169] UL: SNR = 63.50 dB | SE = 20.778 bit/s/Hz
[86836 ms] [UE 22873] UL: SNR = 63.50 dB | SE = 20.778 bit/s/Hz
[86836 ms] [UE 30556] UL: SNR = 63.50 dB | SE = 20.778 bit/s/Hz
[86836 ms] [UE 20945] UL: SNR = 63.50 dB | SE = 20.778 bit/s/Hz
[86924 ms] [UE 45898] UL: SNR = 63.50 dB | SE = 20.778 bit/s/Hz
[86924 ms] [UE 36997] UL: SNR = 63.50 dB | SE = 20.778 bit/s/Hz
[86924 ms] [UE 48787] UL: SNR = 63.50 dB | SE = 20.778 bit/s/Hz
[86924 ms] [UE 40252] UL: SNR = 56.00 dB | SE = 18.324 bit/s/Hz
[86924 ms] [UE 15599] UL: SNR = 52.50 dB | SE = 17.179 bit/s/Hz
[86937 ms] [UE 33952] UL: SNR = 6.50 dB | SE = 2.414 bit/s/Hz
[86937 ms] [UE 12169] UL: SNR = 63.50 dB | SE = 20.778 bit/s/Hz
[86937 ms] [UE 22873] UL: SNR = 63.50 dB | SE = 20.778 bit/s/Hz
[86937 ms] [UE 30556] UL: SNR = 63.50 dB | SE = 20.778 bit/s/Hz
[86937 ms] [UE 20945] UL: SNR = 63.50 dB | SE = 20.778 bit/s/Hz
[87024 ms] [UE 45898] UL: SNR = 63.50 dB | SE = 20.778 bit/s/Hz
[87024 ms] [UE 36997] UL: SNR = 63.50 dB | SE = 20.778 bit/s/Hz
[87024 ms] [UE 48787] UL: SNR = 63.50 dB | SE = 20.778 bit/s/Hz
[87024 ms] [UE 40252] UL: SNR = 56.00 dB | SE = 18.324 bit/s/Hz
[87024 ms] [UE 15599] UL: SNR = 52.50 dB | SE = 17.179 bit/s/Hz
[87046 ms] [UE 33952] UL: SNR = 6.50 dB | SE = 2.414 bit/s/Hz
[87046 ms] [UE 12169] UL: SNR = 63.50 dB | SE = 20.778 bit/s/Hz
[87046 ms] [UE 22873] UL: SNR = 63.50 dB | SE = 20.778 bit/s/Hz
[87046 ms] [UE 30556] UL: SNR = 63.50 dB | SE = 20.778 bit/s/Hz
[87046 ms] [UE 20945] UL: SNR = 63.50 dB | SE = 20.778 bit/s/Hz
[87134 ms] [UE 45898] UL: SNR = 63.50 dB | SE = 20.778 bit/s/Hz
[87134 ms] [UE 36997] UL: SNR = 63.50 dB | SE = 20.778 bit/s/Hz
[87134 ms] [UE 48787] UL: SNR = 63.50 dB | SE = 20.778 bit/s/Hz
[87134 ms] [UE 40252] UL: SNR = 56.00 dB | SE = 18.324 bit/s/Hz
[87134 ms] [UE 15599] UL: SNR = 52.50 dB | SE = 17.179 bit/s/Hz
[87146 ms] [UE 33952] UL: SNR = 6.50 dB | SE = 2.414 bit/s/Hz
[87146 ms] [UE 12169] UL: SNR = 63.50 dB | SE = 20.778 bit/s/Hz
[87146 ms] [UE 22873] UL: SNR = 63.50 dB | SE = 20.778 bit/s/Hz
[87146 ms] [UE 30556] UL: SNR = 63.50 dB | SE = 20.778 bit/s/Hz
[87146 ms] [UE 20945] UL: SNR = 63.50 dB | SE = 20.778 bit/s/Hz
[87244 ms] [UE 45898] UL: SNR = 63.50 dB | SE = 20.778 bit/s/Hz
[87244 ms] [UE 36997] UL: SNR = 63.50 dB | SE = 20.778 bit/s/Hz
[87244 ms] [UE 48787] UL: SNR = 63.50 dB | SE = 20.778 bit/s/Hz
[87244 ms] [UE 40252] UL: SNR = 56.00 dB | SE = 18.324 bit/s/Hz
[87244 ms] [UE 15599] UL: SNR = 52.50 dB | SE = 17.179 bit/s/Hz
[87258 ms] [UE 33952] UL: SNR = 6.50 dB | SE = 2.414 bit/s/Hz
[87258 ms] [UE 12169] UL: SNR = 63.50 dB | SE = 20.778 bit/s/Hz
[87258 ms] [UE 22873] UL: SNR = 63.50 dB | SE = 20.778 bit/s/Hz
[87258 ms] [UE 30556] UL: SNR = 63.50 dB | SE = 20.778 bit/s/Hz
[87258 ms] [UE 20945] UL: SNR = 63.50 dB | SE = 20.778 bit/s/Hz
[87344 ms] [UE 45898] UL: SNR = 63.50 dB | SE = 20.778 bit/s/Hz
[87344 ms] [UE 36997] UL: SNR = 63.50 dB | SE = 20.778 bit/s/Hz
[87344 ms] [UE 48787] UL: SNR = 63.50 dB | SE = 20.778 bit/s/Hz
[87344 ms] [UE 40252] UL: SNR = 56.00 dB | SE = 18.324 bit/s/Hz
[87344 ms] [UE 15599] UL: SNR = 52.50 dB | SE = 17.179 bit/s/Hz
[87366 ms] [UE 33952] UL: SNR = 6.50 dB | SE = 2.414 bit/s/Hz
[87366 ms] [UE 12169] UL: SNR = 63.50 dB | SE = 20.778 bit/s/Hz
[87366 ms] [UE 22873] UL: SNR = 63.50 dB | SE = 20.778 bit/s/Hz
[87366 ms] [UE 30556] UL: SNR = 63.50 dB | SE = 20.778 bit/s/Hz
[87366 ms] [UE 20945] UL: SNR = 63.50 dB | SE = 20.778 bit/s/Hz
[87444 ms] [UE 45898] UL: SNR = 63.50 dB | SE = 20.778 bit/s/Hz
[87444 ms] [UE 36997] UL: SNR = 63.50 dB | SE = 20.778 bit/s/Hz
[87444 ms] [UE 48787] UL: SNR = 63.50 dB | SE = 20.778 bit/s/Hz
[87444 ms] [UE 40252] UL: SNR = 56.00 dB | SE = 18.324 bit/s/Hz
[87444 ms] [UE 15599] UL: SNR = 52.50 dB | SE = 17.179 bit/s/Hz
[87466 ms] [UE 33952] UL: SNR = 6.50 dB | SE = 2.414 bit/s/Hz
[87466 ms] [UE 12169] UL: SNR = 63.50 dB | SE = 20.778 bit/s/Hz
[87466 ms] [UE 22873] UL: SNR = 63.50 dB | SE = 20.778 bit/s/Hz
[87466 ms] [UE 30556] UL: SNR = 63.50 dB | SE = 20.778 bit/s/Hz
[87466 ms] [UE 20945] UL: SNR = 63.50 dB | SE = 20.778 bit/s/Hz
[87553 ms] [UE 45898] UL: SNR = 63.50 dB | SE = 20.778 bit/s/Hz
[87553 ms] [UE 36997] UL: SNR = 63.50 dB | SE = 20.778 bit/s/Hz
[87553 ms] [UE 48787] UL: SNR = 63.50 dB | SE = 20.778 bit/s/Hz
[87553 ms] [UE 40252] UL: SNR = 56.00 dB | SE = 18.324 bit/s/Hz
[87553 ms] [UE 15599] UL: SNR = 52.50 dB | SE = 17.179 bit/s/Hz
[87576 ms] [UE 33952] UL: SNR = 6.50 dB | SE = 2.414 bit/s/Hz
[87576 ms] [UE 12169] UL: SNR = 63.50 dB | SE = 20.778 bit/s/Hz
[87576 ms] [UE 22873] UL: SNR = 63.50 dB | SE = 20.778 bit/s/Hz
[87576 ms] [UE 30556] UL: SNR = 63.50 dB | SE = 20.778 bit/s/Hz
[87576 ms] [UE 20945] UL: SNR = 63.50 dB | SE = 20.778 bit/s/Hz
[87653 ms] [UE 45898] UL: SNR = 63.50 dB | SE = 20.778 bit/s/Hz
[87653 ms] [UE 36997] UL: SNR = 63.50 dB | SE = 20.778 bit/s/Hz
[87653 ms] [UE 48787] UL: SNR = 63.50 dB | SE = 20.778 bit/s/Hz
[87653 ms] [UE 40252] UL: SNR = 56.00 dB | SE = 18.324 bit/s/Hz
[87653 ms] [UE 15599] UL: SNR = 52.50 dB | SE = 17.179 bit/s/Hz
[87677 ms] [UE 33952] UL: SNR = 6.50 dB | SE = 2.414 bit/s/Hz
[87677 ms] [UE 12169] UL: SNR = 63.50 dB | SE = 20.778 bit/s/Hz
[87677 ms] [UE 22873] UL: SNR = 63.50 dB | SE = 20.778 bit/s/Hz
[87677 ms] [UE 30556] UL: SNR = 63.50 dB | SE = 20.778 bit/s/Hz
[87677 ms] [UE 20945] UL: SNR = 63.50 dB | SE = 20.778 bit/s/Hz
[87754 ms] [UE 45898] UL: SNR = 63.50 dB | SE = 20.778 bit/s/Hz
[87754 ms] [UE 36997] UL: SNR = 63.50 dB | SE = 20.778 bit/s/Hz
[87754 ms] [UE 48787] UL: SNR = 63.50 dB | SE = 20.778 bit/s/Hz
[87754 ms] [UE 40252] UL: SNR = 56.00 dB | SE = 18.324 bit/s/Hz
[87754 ms] [UE 15599] UL: SNR = 52.50 dB | SE = 17.179 bit/s/Hz
[87786 ms] [UE 33952] UL: SNR = 6.50 dB | SE = 2.414 bit/s/Hz
[87786 ms] [UE 12169] UL: SNR = 63.50 dB | SE = 20.778 bit/s/Hz
[87786 ms] [UE 22873] UL: SNR = 63.50 dB | SE = 20.778 bit/s/Hz
[87786 ms] [UE 30556] UL: SNR = 63.50 dB | SE = 20.778 bit/s/Hz
[87786 ms] [UE 20945] UL: SNR = 63.50 dB | SE = 20.778 bit/s/Hz
[87864 ms] [UE 45898] UL: SNR = 63.50 dB | SE = 20.778 bit/s/Hz
[87864 ms] [UE 36997] UL: SNR = 63.50 dB | SE = 20.778 bit/s/Hz
[87864 ms] [UE 48787] UL: SNR = 63.50 dB | SE = 20.778 bit/s/Hz
[87864 ms] [UE 40252] UL: SNR = 56.00 dB | SE = 18.324 bit/s/Hz
[87864 ms] [UE 15599] UL: SNR = 52.50 dB | SE = 17.179 bit/s/Hz
[87887 ms] [UE 33952] UL: SNR = 6.50 dB | SE = 2.414 bit/s/Hz
[87887 ms] [UE 12169] UL: SNR = 63.50 dB | SE = 20.778 bit/s/Hz
[87887 ms] [UE 22873] UL: SNR = 63.50 dB | SE = 20.778 bit/s/Hz
[87887 ms] [UE 30556] UL: SNR = 63.50 dB | SE = 20.778 bit/s/Hz
[87887 ms] [UE 20945] UL: SNR = 63.50 dB | SE = 20.778 bit/s/Hz
[87974 ms] [UE 45898] UL: SNR = 63.50 dB | SE = 20.778 bit/s/Hz
[87974 ms] [UE 36997] UL: SNR = 63.50 dB | SE = 20.778 bit/s/Hz
[87974 ms] [UE 48787] UL: SNR = 63.50 dB | SE = 20.778 bit/s/Hz
[87974 ms] [UE 40252] UL: SNR = 56.00 dB | SE = 18.324 bit/s/Hz
[87974 ms] [UE 15599] UL: SNR = 52.50 dB | SE = 17.179 bit/s/Hz
[87987 ms] [UE 33952] UL: SNR = 6.50 dB | SE = 2.414 bit/s/Hz
[87987 ms] [UE 12169] UL: SNR = 63.50 dB | SE = 20.778 bit/s/Hz
[87987 ms] [UE 22873] UL: SNR = 63.50 dB | SE = 20.778 bit/s/Hz
[87987 ms] [UE 30556] UL: SNR = 63.50 dB | SE = 20.778 bit/s/Hz
[87987 ms] [UE 20945] UL: SNR = 63.50 dB | SE = 20.778 bit/s/Hz
[88084 ms] [UE 45898] UL: SNR = 63.50 dB | SE = 20.778 bit/s/Hz
[88084 ms] [UE 36997] UL: SNR = 63.50 dB | SE = 20.778 bit/s/Hz
[88084 ms] [UE 48787] UL: SNR = 63.50 dB | SE = 20.778 bit/s/Hz
[88084 ms] [UE 40252] UL: SNR = 56.00 dB | SE = 18.324 bit/s/Hz
[88084 ms] [UE 15599] UL: SNR = 52.50 dB | SE = 17.179 bit/s/Hz
[88089 ms] [UE 33952] UL: SNR = 6.50 dB | SE = 2.414 bit/s/Hz
[88089 ms] [UE 12169] UL: SNR = 63.50 dB | SE = 20.778 bit/s/Hz
[88089 ms] [UE 22873] UL: SNR = 63.50 dB | SE = 20.778 bit/s/Hz
[88089 ms] [UE 30556] UL: SNR = 63.50 dB | SE = 20.778 bit/s/Hz
[88089 ms] [UE 20945] UL: SNR = 63.50 dB | SE = 20.778 bit/s/Hz
[88184 ms] [UE 45898] UL: SNR = 63.50 dB | SE = 20.778 bit/s/Hz
[88184 ms] [UE 36997] UL: SNR = 63.50 dB | SE = 20.778 bit/s/Hz
[88184 ms] [UE 48787] UL: SNR = 63.50 dB | SE = 20.778 bit/s/Hz
[88184 ms] [UE 40252] UL: SNR = 56.00 dB | SE = 18.324 bit/s/Hz
[88184 ms] [UE 15599] UL: SNR = 52.50 dB | SE = 17.179 bit/s/Hz
[88197 ms] [UE 33952] UL: SNR = 6.50 dB | SE = 2.414 bit/s/Hz
[88197 ms] [UE 12169] UL: SNR = 63.50 dB | SE = 20.778 bit/s/Hz
[88197 ms] [UE 22873] UL: SNR = 63.50 dB | SE = 20.778 bit/s/Hz
[88197 ms] [UE 30556] UL: SNR = 63.50 dB | SE = 20.778 bit/s/Hz
[88197 ms] [UE 20945] UL: SNR = 63.50 dB | SE = 20.778 bit/s/Hz
[88294 ms] [UE 45898] UL: SNR = 63.50 dB | SE = 20.778 bit/s/Hz
[88294 ms] [UE 36997] UL: SNR = 63.50 dB | SE = 20.778 bit/s/Hz
[88294 ms] [UE 48787] UL: SNR = 63.50 dB | SE = 20.778 bit/s/Hz
[88294 ms] [UE 40252] UL: SNR = 56.00 dB | SE = 18.324 bit/s/Hz
[88294 ms] [UE 15599] UL: SNR = 52.50 dB | SE = 17.179 bit/s/Hz
[88307 ms] [UE 33952] UL: SNR = 6.50 dB | SE = 2.414 bit/s/Hz
[88307 ms] [UE 12169] UL: SNR = 63.50 dB | SE = 20.778 bit/s/Hz
[88307 ms] [UE 22873] UL: SNR = 63.50 dB | SE = 20.778 bit/s/Hz
[88307 ms] [UE 30556] UL: SNR = 63.50 dB | SE = 20.778 bit/s/Hz
[88307 ms] [UE 20945] UL: SNR = 63.50 dB | SE = 20.778 bit/s/Hz
[88403 ms] [UE 45898] UL: SNR = 63.50 dB | SE = 20.778 bit/s/Hz
[88403 ms] [UE 36997] UL: SNR = 63.50 dB | SE = 20.778 bit/s/Hz
[88403 ms] [UE 48787] UL: SNR = 63.50 dB | SE = 20.778 bit/s/Hz
[88403 ms] [UE 40252] UL: SNR = 56.00 dB | SE = 18.324 bit/s/Hz
[88403 ms] [UE 15599] UL: SNR = 52.50 dB | SE = 17.179 bit/s/Hz
[88416 ms] [UE 33952] UL: SNR = 6.50 dB | SE = 2.414 bit/s/Hz
[88416 ms] [UE 12169] UL: SNR = 63.50 dB | SE = 20.778 bit/s/Hz
[88416 ms] [UE 22873] UL: SNR = 63.50 dB | SE = 20.778 bit/s/Hz
[88416 ms] [UE 30556] UL: SNR = 63.50 dB | SE = 20.778 bit/s/Hz
[88416 ms] [UE 20945] UL: SNR = 63.50 dB | SE = 20.778 bit/s/Hz
[88504 ms] [UE 45898] UL: SNR = 63.50 dB | SE = 20.778 bit/s/Hz
[88504 ms] [UE 36997] UL: SNR = 63.50 dB | SE = 20.778 bit/s/Hz
[88504 ms] [UE 48787] UL: SNR = 63.50 dB | SE = 20.778 bit/s/Hz
[88504 ms] [UE 40252] UL: SNR = 56.00 dB | SE = 18.324 bit/s/Hz
[88504 ms] [UE 15599] UL: SNR = 52.50 dB | SE = 17.179 bit/s/Hz
[88517 ms] [UE 33952] UL: SNR = 6.50 dB | SE = 2.414 bit/s/Hz
[88517 ms] [UE 12169] UL: SNR = 63.50 dB | SE = 20.778 bit/s/Hz
[88517 ms] [UE 22873] UL: SNR = 63.50 dB | SE = 20.778 bit/s/Hz
[88517 ms] [UE 30556] UL: SNR = 63.50 dB | SE = 20.778 bit/s/Hz
[88517 ms] [UE 20945] UL: SNR = 63.50 dB | SE = 20.778 bit/s/Hz
[88604 ms] [UE 45898] UL: SNR = 63.50 dB | SE = 20.778 bit/s/Hz
[88604 ms] [UE 36997] UL: SNR = 63.50 dB | SE = 20.778 bit/s/Hz
[88604 ms] [UE 48787] UL: SNR = 63.50 dB | SE = 20.778 bit/s/Hz
[88604 ms] [UE 40252] UL: SNR = 56.00 dB | SE = 18.324 bit/s/Hz
[88604 ms] [UE 15599] UL: SNR = 52.50 dB | SE = 17.179 bit/s/Hz
[88626 ms] [UE 33952] UL: SNR = 6.50 dB | SE = 2.414 bit/s/Hz
[88626 ms] [UE 12169] UL: SNR = 63.50 dB | SE = 20.778 bit/s/Hz
[88626 ms] [UE 22873] UL: SNR = 63.50 dB | SE = 20.778 bit/s/Hz
[88626 ms] [UE 30556] UL: SNR = 63.50 dB | SE = 20.778 bit/s/Hz
[88626 ms] [UE 20945] UL: SNR = 63.50 dB | SE = 20.778 bit/s/Hz
[88704 ms] [UE 45898] UL: SNR = 63.50 dB | SE = 20.778 bit/s/Hz
[88704 ms] [UE 36997] UL: SNR = 63.50 dB | SE = 20.778 bit/s/Hz
[88704 ms] [UE 48787] UL: SNR = 63.50 dB | SE = 20.778 bit/s/Hz
[88704 ms] [UE 40252] UL: SNR = 56.00 dB | SE = 18.324 bit/s/Hz
[88704 ms] [UE 15599] UL: SNR = 52.50 dB | SE = 17.179 bit/s/Hz
[88727 ms] [UE 33952] UL: SNR = 6.50 dB | SE = 2.414 bit/s/Hz
[88727 ms] [UE 12169] UL: SNR = 63.50 dB | SE = 20.778 bit/s/Hz
[88727 ms] [UE 22873] UL: SNR = 63.50 dB | SE = 20.778 bit/s/Hz
[88727 ms] [UE 30556] UL: SNR = 63.50 dB | SE = 20.778 bit/s/Hz
[88727 ms] [UE 20945] UL: SNR = 63.50 dB | SE = 20.778 bit/s/Hz
[88804 ms] [UE 45898] UL: SNR = 63.50 dB | SE = 20.778 bit/s/Hz
[88804 ms] [UE 36997] UL: SNR = 63.50 dB | SE = 20.778 bit/s/Hz
[88804 ms] [UE 48787] UL: SNR = 63.50 dB | SE = 20.778 bit/s/Hz
[88804 ms] [UE 40252] UL: SNR = 56.00 dB | SE = 18.324 bit/s/Hz
[88804 ms] [UE 15599] UL: SNR = 52.50 dB | SE = 17.179 bit/s/Hz
[88839 ms] [UE 33952] UL: SNR = 6.50 dB | SE = 2.414 bit/s/Hz
[88839 ms] [UE 12169] UL: SNR = 63.50 dB | SE = 20.778 bit/s/Hz
[88839 ms] [UE 22873] UL: SNR = 63.50 dB | SE = 20.778 bit/s/Hz
[88839 ms] [UE 30556] UL: SNR = 63.50 dB | SE = 20.778 bit/s/Hz
[88839 ms] [UE 20945] UL: SNR = 63.50 dB | SE = 20.778 bit/s/Hz
[88914 ms] [UE 45898] UL: SNR = 63.50 dB | SE = 20.778 bit/s/Hz
[88914 ms] [UE 36997] UL: SNR = 63.50 dB | SE = 20.778 bit/s/Hz
[88914 ms] [UE 48787] UL: SNR = 63.50 dB | SE = 20.778 bit/s/Hz
[88914 ms] [UE 40252] UL: SNR = 56.00 dB | SE = 18.324 bit/s/Hz
[88914 ms] [UE 15599] UL: SNR = 52.50 dB | SE = 17.179 bit/s/Hz
[88946 ms] [UE 33952] UL: SNR = 6.50 dB | SE = 2.414 bit/s/Hz
[88946 ms] [UE 12169] UL: SNR = 63.50 dB | SE = 20.778 bit/s/Hz
[88946 ms] [UE 22873] UL: SNR = 63.50 dB | SE = 20.778 bit/s/Hz
[88946 ms] [UE 30556] UL: SNR = 63.50 dB | SE = 20.778 bit/s/Hz
[88946 ms] [UE 20945] UL: SNR = 63.50 dB | SE = 20.778 bit/s/Hz
[89014 ms] [UE 45898] UL: SNR = 63.50 dB | SE = 20.778 bit/s/Hz
[89014 ms] [UE 36997] UL: SNR = 63.50 dB | SE = 20.778 bit/s/Hz
[89014 ms] [UE 48787] UL: SNR = 63.50 dB | SE = 20.778 bit/s/Hz
[89014 ms] [UE 40252] UL: SNR = 56.00 dB | SE = 18.324 bit/s/Hz
[89014 ms] [UE 15599] UL: SNR = 52.50 dB | SE = 17.179 bit/s/Hz
[89046 ms] [UE 33952] UL: SNR = 6.50 dB | SE = 2.414 bit/s/Hz
[89046 ms] [UE 12169] UL: SNR = 63.50 dB | SE = 20.778 bit/s/Hz
[89046 ms] [UE 22873] UL: SNR = 63.50 dB | SE = 20.778 bit/s/Hz
[89046 ms] [UE 30556] UL: SNR = 63.50 dB | SE = 20.778 bit/s/Hz
[89046 ms] [UE 20945] UL: SNR = 63.50 dB | SE = 20.778 bit/s/Hz
[89114 ms] [UE 45898] UL: SNR = 63.50 dB | SE = 20.778 bit/s/Hz
[89114 ms] [UE 36997] UL: SNR = 63.50 dB | SE = 20.778 bit/s/Hz
[89114 ms] [UE 48787] UL: SNR = 63.50 dB | SE = 20.778 bit/s/Hz
[89114 ms] [UE 40252] UL: SNR = 56.00 dB | SE = 18.324 bit/s/Hz
[89114 ms] [UE 15599] UL: SNR = 52.50 dB | SE = 17.179 bit/s/Hz
[89157 ms] [UE 33952] UL: SNR = 6.50 dB | SE = 2.414 bit/s/Hz
[89157 ms] [UE 12169] UL: SNR = 63.50 dB | SE = 20.778 bit/s/Hz
[89157 ms] [UE 22873] UL: SNR = 63.50 dB | SE = 20.778 bit/s/Hz
[89157 ms] [UE 30556] UL: SNR = 63.50 dB | SE = 20.778 bit/s/Hz
[89157 ms] [UE 20945] UL: SNR = 63.50 dB | SE = 20.778 bit/s/Hz
[89223 ms] [UE 45898] UL: SNR = 63.50 dB | SE = 20.778 bit/s/Hz
[89223 ms] [UE 36997] UL: SNR = 63.50 dB | SE = 20.778 bit/s/Hz
[89223 ms] [UE 48787] UL: SNR = 63.50 dB | SE = 20.778 bit/s/Hz
[89223 ms] [UE 40252] UL: SNR = 56.00 dB | SE = 18.324 bit/s/Hz
[89223 ms] [UE 15599] UL: SNR = 52.50 dB | SE = 17.179 bit/s/Hz
[89266 ms] [UE 33952] UL: SNR = 6.50 dB | SE = 2.414 bit/s/Hz
[89266 ms] [UE 12169] UL: SNR = 63.50 dB | SE = 20.778 bit/s/Hz
[89266 ms] [UE 22873] UL: SNR = 63.50 dB | SE = 20.778 bit/s/Hz
[89266 ms] [UE 30556] UL: SNR = 63.50 dB | SE = 20.778 bit/s/Hz
[89266 ms] [UE 20945] UL: SNR = 63.50 dB | SE = 20.778 bit/s/Hz
[89324 ms] [UE 45898] UL: SNR = 63.50 dB | SE = 20.778 bit/s/Hz
[89324 ms] [UE 36997] UL: SNR = 63.50 dB | SE = 20.778 bit/s/Hz
[89324 ms] [UE 48787] UL: SNR = 63.50 dB | SE = 20.778 bit/s/Hz
[89324 ms] [UE 40252] UL: SNR = 56.00 dB | SE = 18.324 bit/s/Hz
[89324 ms] [UE 15599] UL: SNR = 52.50 dB | SE = 17.179 bit/s/Hz
[89366 ms] [UE 33952] UL: SNR = 6.50 dB | SE = 2.414 bit/s/Hz
[89366 ms] [UE 12169] UL: SNR = 63.50 dB | SE = 20.778 bit/s/Hz
[89366 ms] [UE 22873] UL: SNR = 63.50 dB | SE = 20.778 bit/s/Hz
[89366 ms] [UE 30556] UL: SNR = 63.50 dB | SE = 20.778 bit/s/Hz
[89366 ms] [UE 20945] UL: SNR = 63.50 dB | SE = 20.778 bit/s/Hz
[89433 ms] [UE 45898] UL: SNR = 63.50 dB | SE = 20.778 bit/s/Hz
[89433 ms] [UE 36997] UL: SNR = 63.50 dB | SE = 20.778 bit/s/Hz
[89433 ms] [UE 48787] UL: SNR = 63.50 dB | SE = 20.778 bit/s/Hz
[89433 ms] [UE 40252] UL: SNR = 56.00 dB | SE = 18.324 bit/s/Hz
[89433 ms] [UE 15599] UL: SNR = 52.50 dB | SE = 17.179 bit/s/Hz
[89466 ms] [UE 33952] UL: SNR = 6.50 dB | SE = 2.414 bit/s/Hz
[89466 ms] [UE 12169] UL: SNR = 63.50 dB | SE = 20.778 bit/s/Hz
[89466 ms] [UE 22873] UL: SNR = 63.50 dB | SE = 20.778 bit/s/Hz
[89466 ms] [UE 30556] UL: SNR = 63.50 dB | SE = 20.778 bit/s/Hz
[89466 ms] [UE 20945] UL: SNR = 63.50 dB | SE = 20.778 bit/s/Hz
[89534 ms] [UE 45898] UL: SNR = 63.50 dB | SE = 20.778 bit/s/Hz
[89534 ms] [UE 36997] UL: SNR = 63.50 dB | SE = 20.778 bit/s/Hz
[89534 ms] [UE 48787] UL: SNR = 63.50 dB | SE = 20.778 bit/s/Hz
[89534 ms] [UE 40252] UL: SNR = 56.00 dB | SE = 18.324 bit/s/Hz
[89534 ms] [UE 15599] UL: SNR = 52.50 dB | SE = 17.179 bit/s/Hz
[89567 ms] [UE 33952] UL: SNR = 6.50 dB | SE = 2.414 bit/s/Hz
[89567 ms] [UE 12169] UL: SNR = 63.50 dB | SE = 20.778 bit/s/Hz
[89567 ms] [UE 22873] UL: SNR = 63.50 dB | SE = 20.778 bit/s/Hz
[89567 ms] [UE 30556] UL: SNR = 63.50 dB | SE = 20.778 bit/s/Hz
[89567 ms] [UE 20945] UL: SNR = 63.50 dB | SE = 20.778 bit/s/Hz
[89644 ms] [UE 45898] UL: SNR = 63.50 dB | SE = 20.778 bit/s/Hz
[89644 ms] [UE 36997] UL: SNR = 63.50 dB | SE = 20.778 bit/s/Hz
[89644 ms] [UE 48787] UL: SNR = 63.50 dB | SE = 20.778 bit/s/Hz
[89644 ms] [UE 40252] UL: SNR = 56.00 dB | SE = 18.324 bit/s/Hz
[89644 ms] [UE 15599] UL: SNR = 52.50 dB | SE = 17.179 bit/s/Hz
[89677 ms] [UE 33952] UL: SNR = 6.50 dB | SE = 2.414 bit/s/Hz
[89677 ms] [UE 12169] UL: SNR = 63.50 dB | SE = 20.778 bit/s/Hz
[89677 ms] [UE 22873] UL: SNR = 63.50 dB | SE = 20.778 bit/s/Hz
[89677 ms] [UE 30556] UL: SNR = 53.50 dB | SE = 17.506 bit/s/Hz
[89677 ms] [UE 20945] UL: SNR = 52.50 dB | SE = 17.179 bit/s/Hz
[89744 ms] [UE 45898] UL: SNR = 63.50 dB | SE = 20.778 bit/s/Hz
[89744 ms] [UE 36997] UL: SNR = 63.50 dB | SE = 20.778 bit/s/Hz
[89744 ms] [UE 48787] UL: SNR = 63.50 dB | SE = 20.778 bit/s/Hz
[89744 ms] [UE 40252] UL: SNR = 56.00 dB | SE = 18.324 bit/s/Hz
[89744 ms] [UE 15599] UL: SNR = 52.50 dB | SE = 17.179 bit/s/Hz
[89777 ms] [UE 33952] UL: SNR = 6.50 dB | SE = 2.414 bit/s/Hz
[89777 ms] [UE 12169] UL: SNR = 63.50 dB | SE = 20.778 bit/s/Hz
[89777 ms] [UE 22873] UL: SNR = 63.50 dB | SE = 20.778 bit/s/Hz
[89777 ms] [UE 30556] UL: SNR = 53.50 dB | SE = 17.506 bit/s/Hz
[89777 ms] [UE 20945] UL: SNR = 52.50 dB | SE = 17.179 bit/s/Hz
[89854 ms] [UE 45898] UL: SNR = 63.50 dB | SE = 20.778 bit/s/Hz
[89854 ms] [UE 36997] UL: SNR = 63.50 dB | SE = 20.778 bit/s/Hz
[89854 ms] [UE 48787] UL: SNR = 63.50 dB | SE = 20.778 bit/s/Hz
[89854 ms] [UE 40252] UL: SNR = 56.00 dB | SE = 18.324 bit/s/Hz
[89854 ms] [UE 15599] UL: SNR = 52.50 dB | SE = 17.179 bit/s/Hz
[89887 ms] [UE 33952] UL: SNR = 6.50 dB | SE = 2.414 bit/s/Hz
[89887 ms] [UE 12169] UL: SNR = 63.50 dB | SE = 20.778 bit/s/Hz
[89887 ms] [UE 22873] UL: SNR = 63.50 dB | SE = 20.778 bit/s/Hz
[89887 ms] [UE 30556] UL: SNR = 53.50 dB | SE = 17.506 bit/s/Hz
[89887 ms] [UE 20945] UL: SNR = 52.50 dB | SE = 17.179 bit/s/Hz
[89964 ms] [UE 45898] UL: SNR = 63.50 dB | SE = 20.778 bit/s/Hz
[89964 ms] [UE 36997] UL: SNR = 63.50 dB | SE = 20.778 bit/s/Hz
[89964 ms] [UE 48787] UL: SNR = 63.50 dB | SE = 20.778 bit/s/Hz
[89964 ms] [UE 40252] UL: SNR = 56.00 dB | SE = 18.324 bit/s/Hz
[89964 ms] [UE 15599] UL: SNR = 52.50 dB | SE = 17.179 bit/s/Hz
[89996 ms] [UE 33952] UL: SNR = 6.50 dB | SE = 2.414 bit/s/Hz
[89996 ms] [UE 12169] UL: SNR = 63.50 dB | SE = 20.778 bit/s/Hz
[89996 ms] [UE 22873] UL: SNR = 63.50 dB | SE = 20.778 bit/s/Hz
[89996 ms] [UE 30556] UL: SNR = 53.50 dB | SE = 17.506 bit/s/Hz
[89996 ms] [UE 20945] UL: SNR = 52.50 dB | SE = 17.179 bit/s/Hz
[xApp]: E42 RIC_SUBSCRIPTION_DELETE_REQUEST tx RAN_FUNC_ID 142 RIC_REQ_ID 1 
[xApp]: E42 SUBSCRIPTION DELETE RESPONSE rx
[xApp]: E42 RIC_SUBSCRIPTION_DELETE_REQUEST tx RAN_FUNC_ID 142 RIC_REQ_ID 2 
[xApp]: E42 SUBSCRIPTION DELETE RESPONSE rx
[xApp]: Sucessfully stopped 
Test xApp run SUCCESSFULLY
