[UTIL]: Setting the config -c file to /usr/local/etc/flexric/flexric.conf
[UTIL]: Setting path -p for the shared libraries to /usr/local/lib/flexric/
[xAapp]: Initializing ... 
[xApp]: nearRT-RIC IP Address = 192.168.70.150, PORT = 36422
[E2 AGENT]: Opening plugin from path = /usr/local/lib/flexric/libkpm_sm.so 
[E2 AGENT]: Opening plugin from path = /usr/local/lib/flexric/libmac_sm.so 
[E2 AGENT]: Opening plugin from path = /usr/local/lib/flexric/libpdcp_sm.so 
[E2 AGENT]: Opening plugin from path = /usr/local/lib/flexric/libgtp_sm.so 
[E2 AGENT]: Opening plugin from path = /usr/local/lib/flexric/librc_sm.so 
[E2 AGENT]: Opening plugin from path = /usr/local/lib/flexric/libtc_sm.so 
[E2 AGENT]: Opening plugin from path = /usr/local/lib/flexric/librlc_sm.so 
[E2 AGENT]: Opening plugin from path = /usr/local/lib/flexric/libslice_sm.so 
[NEAR-RIC]: Loading SM ID = 2 with def = ORAN-E2SM-KPM 
[NEAR-RIC]: Loading SM ID = 142 with def = MAC_STATS_V0 
[NEAR-RIC]: Loading SM ID = 144 with def = PDCP_STATS_V0 
[NEAR-RIC]: Loading SM ID = 148 with def = GTP_STATS_V0 
[NEAR-RIC]: Loading SM ID = 3 with def = ORAN-E2SM-RC 
[NEAR-RIC]: Loading SM ID = 146 with def = TC_STATS_V0 
[NEAR-RIC]: Loading SM ID = 143 with def = RLC_STATS_V0 
[NEAR-RIC]: Loading SM ID = 145 with def = SLICE_STATS_V0 
[xApp]: DB filename = /tmp/flexric/xapp_db 
 [xApp]: E42 SETUP-REQUEST tx
[xApp]: E42 SETUP-RESPONSE rx 
[xApp]: xApp ID = 33 
[xApp]: Registered E2 Nodes = 4 
Connected E2 nodes = 4
[xAPP] Registered node 0 ran func id = 2 
[xAPP] Registered node 0 ran func id = 3 
[xAPP] Registered node 0 ran func id = 142 
[xAPP] Registered node 0 ran func id = 143 
[xAPP] Registered node 0 ran func id = 144 
[xAPP] Registered node 0 ran func id = 145 
[xAPP] Registered node 0 ran func id = 146 
[xAPP] Registered node 0 ran func id = 148 
[xAPP] CU or CUUP, don't do anything
[xAPP] Registered node 1 ran func id = 2 
[xAPP] Registered node 1 ran func id = 3 
[xAPP] Registered node 1 ran func id = 142 
[xAPP] Registered node 1 ran func id = 143 
[xAPP] Registered node 1 ran func id = 144 
[xAPP] Registered node 1 ran func id = 145 
[xAPP] Registered node 1 ran func id = 146 
[xAPP] Registered node 1 ran func id = 148 
[xAPP] Registered node 2 ran func id = 2 
[xAPP] Registered node 2 ran func id = 3 
[xAPP] Registered node 2 ran func id = 142 
[xAPP] Registered node 2 ran func id = 143 
[xAPP] Registered node 2 ran func id = 144 
[xAPP] Registered node 2 ran func id = 145 
[xAPP] Registered node 2 ran func id = 146 
[xAPP] Registered node 2 ran func id = 148 
[xApp] DU detected
[xApp]: E42 RIC SUBSCRIPTION REQUEST tx RAN_FUNC_ID 142 RIC_REQ_ID 1 
[xApp]: SUBSCRIPTION RESPONSE rx
[xApp]: Successfully subscribed to RAN_FUNC_ID 142 
[xAPP] Registered node 3 ran func id = 2 
[xAPP] Registered node 3 ran func id = 3 
[xAPP] Registered node 3 ran func id = 142 
[xAPP] Registered node 3 ran func id = 143 
[xAPP] Registered node 3 ran func id = 144 
[xAPP] Registered node 3 ran func id = 145 
[xAPP] Registered node 3 ran func id = 146 
[xAPP] Registered node 3 ran func id = 148 
[xApp] DU detected
[xApp]: E42 RIC SUBSCRIPTION REQUEST tx RAN_FUNC_ID 142 RIC_REQ_ID 2 
[xApp]: SUBSCRIPTION RESPONSE rx
[xApp]: Successfully subscribed to RAN_FUNC_ID 142 
[   13 ms] [UE 45898] UL: SNR = 63.50 dB | SE = 20.778 bit/s/Hz
[   13 ms] [UE 36997] UL: SNR = 63.50 dB | SE = 20.778 bit/s/Hz
[   13 ms] [UE 48787] UL: SNR = 63.50 dB | SE = 20.778 bit/s/Hz
[   13 ms] [UE 40252] UL: SNR = 56.00 dB | SE = 18.324 bit/s/Hz
[   13 ms] [UE 15599] UL: SNR = 52.50 dB | SE = 17.179 bit/s/Hz
[   15 ms] [UE 33952] UL: SNR = 63.50 dB | SE = 20.778 bit/s/Hz
[   15 ms] [UE 12169] UL: SNR = 63.50 dB | SE = 20.778 bit/s/Hz
[   15 ms] [UE 22873] UL: SNR = 63.50 dB | SE = 20.778 bit/s/Hz
[   15 ms] [UE 30556] UL: SNR = 63.50 dB | SE = 20.778 bit/s/Hz
[   15 ms] [UE 20945] UL: SNR = 63.50 dB | SE = 20.778 bit/s/Hz
[  115 ms] [UE 33952] UL: SNR = 63.50 dB | SE = 20.778 bit/s/Hz
[  115 ms] [UE 12169] UL: SNR = 63.50 dB | SE = 20.778 bit/s/Hz
[  115 ms] [UE 22873] UL: SNR = 63.50 dB | SE = 20.778 bit/s/Hz
[  115 ms] [UE 30556] UL: SNR = 63.50 dB | SE = 20.778 bit/s/Hz
[  115 ms] [UE 20945] UL: SNR = 63.50 dB | SE = 20.778 bit/s/Hz
[  122 ms] [UE 45898] UL: SNR = 63.50 dB | SE = 20.778 bit/s/Hz
[  122 ms] [UE 36997] UL: SNR = 63.50 dB | SE = 20.778 bit/s/Hz
[  122 ms] [UE 48787] UL: SNR = 63.50 dB | SE = 20.778 bit/s/Hz
[  122 ms] [UE 40252] UL: SNR = 56.00 dB | SE = 18.324 bit/s/Hz
[  122 ms] [UE 15599] UL: SNR = 52.50 dB | SE = 17.179 bit/s/Hz
[  225 ms] [UE 33952] UL: SNR = 63.50 dB | SE = 20.778 bit/s/Hz
[  225 ms] [UE 12169] UL: SNR = 63.50 dB | SE = 20.778 bit/s/Hz
[  225 ms] [UE 22873] UL: SNR = 63.50 dB | SE = 20.778 bit/s/Hz
[  225 ms] [UE 30556] UL: SNR = 63.50 dB | SE = 20.778 bit/s/Hz
[  225 ms] [UE 20945] UL: SNR = 63.50 dB | SE = 20.778 bit/s/Hz
[  232 ms] [UE 45898] UL: SNR = 63.50 dB | SE = 20.778 bit/s/Hz
[  232 ms] [UE 36997] UL: SNR = 63.50 dB | SE = 20.778 bit/s/Hz
[  232 ms] [UE 48787] UL: SNR = 63.50 dB | SE = 20.778 bit/s/Hz
[  232 ms] [UE 40252] UL: SNR = 56.00 dB | SE = 18.324 bit/s/Hz
[  232 ms] [UE 15599] UL: SNR = 52.50 dB | SE = 17.179 bit/s/Hz
[  332 ms] [UE 45898] UL: SNR = 63.50 dB | SE = 20.778 bit/s/Hz
[  332 ms] [UE 36997] UL: SNR = 63.50 dB | SE = 20.778 bit/s/Hz
[  332 ms] [UE 48787] UL: SNR = 63.50 dB | SE = 20.778 bit/s/Hz
[  332 ms] [UE 40252] UL: SNR = 56.00 dB | SE = 18.324 bit/s/Hz
[  332 ms] [UE 15599] UL: SNR = 52.50 dB | SE = 17.179 bit/s/Hz
[  334 ms] [UE 33952] UL: SNR = 63.50 dB | SE = 20.778 bit/s/Hz
[  334 ms] [UE 12169] UL: SNR = 63.50 dB | SE = 20.778 bit/s/Hz
[  334 ms] [UE 22873] UL: SNR = 63.50 dB | SE = 20.778 bit/s/Hz
[  334 ms] [UE 30556] UL: SNR = 63.50 dB | SE = 20.778 bit/s/Hz
[  334 ms] [UE 20945] UL: SNR = 63.50 dB | SE = 20.778 bit/s/Hz
[  432 ms] [UE 45898] UL: SNR = 63.50 dB | SE = 20.778 bit/s/Hz
[  432 ms] [UE 36997] UL: SNR = 63.50 dB | SE = 20.778 bit/s/Hz
[  432 ms] [UE 48787] UL: SNR = 63.50 dB | SE = 20.778 bit/s/Hz
[  432 ms] [UE 40252] UL: SNR = 56.00 dB | SE = 18.324 bit/s/Hz
[  432 ms] [UE 15599] UL: SNR = 52.50 dB | SE = 17.179 bit/s/Hz
[  436 ms] [UE 33952] UL: SNR = 63.50 dB | SE = 20.778 bit/s/Hz
[  436 ms] [UE 12169] UL: SNR = 63.50 dB | SE = 20.778 bit/s/Hz
[  436 ms] [UE 22873] UL: SNR = 63.50 dB | SE = 20.778 bit/s/Hz
[  436 ms] [UE 30556] UL: SNR = 63.50 dB | SE = 20.778 bit/s/Hz
[  436 ms] [UE 20945] UL: SNR = 63.50 dB | SE = 20.778 bit/s/Hz
[  542 ms] [UE 45898] UL: SNR = 63.50 dB | SE = 20.778 bit/s/Hz
[  542 ms] [UE 36997] UL: SNR = 63.50 dB | SE = 20.778 bit/s/Hz
[  542 ms] [UE 48787] UL: SNR = 63.50 dB | SE = 20.778 bit/s/Hz
[  542 ms] [UE 40252] UL: SNR = 56.00 dB | SE = 18.324 bit/s/Hz
[  542 ms] [UE 15599] UL: SNR = 52.50 dB | SE = 17.179 bit/s/Hz
[  545 ms] [UE 33952] UL: SNR = 63.50 dB | SE = 20.778 bit/s/Hz
[  545 ms] [UE 12169] UL: SNR = 63.50 dB | SE = 20.778 bit/s/Hz
[  545 ms] [UE 22873] UL: SNR = 63.50 dB | SE = 20.778 bit/s/Hz
[  545 ms] [UE 30556] UL: SNR = 63.50 dB | SE = 20.778 bit/s/Hz
[  545 ms] [UE 20945] UL: SNR = 63.50 dB | SE = 20.778 bit/s/Hz
[  642 ms] [UE 45898] UL: SNR = 63.50 dB | SE = 20.778 bit/s/Hz
[  642 ms] [UE 36997] UL: SNR = 63.50 dB | SE = 20.778 bit/s/Hz
[  642 ms] [UE 48787] UL: SNR = 63.50 dB | SE = 20.778 bit/s/Hz
[  642 ms] [UE 40252] UL: SNR = 56.00 dB | SE = 18.324 bit/s/Hz
[  642 ms] [UE 15599] UL: SNR = 52.50 dB | SE = 17.179 bit/s/Hz
[  647 ms] [UE 33952] UL: SNR = 63.50 dB | SE = 20.778 bit/s/Hz
[  647 ms] [UE 12169] UL: SNR = 63.50 dB | SE = 20.778 bit/s/Hz
[  647 ms] [UE 22873] UL: SNR = 63.50 dB | SE = 20.778 bit/s/Hz
[  647 ms] [UE 30556] UL: SNR = 63.50 dB | SE = 20.778 bit/s/Hz
[  647 ms] [UE 20945] UL: SNR = 63.50 dB | SE = 20.778 bit/s/Hz
[  752 ms] [UE 45898] UL: SNR = 63.50 dB | SE = 20.778 bit/s/Hz
[  752 ms] [UE 36997] UL: SNR = 63.50 dB | SE = 20.778 bit/s/Hz
[  752 ms] [UE 48787] UL: SNR = 63.50 dB | SE = 20.778 bit/s/Hz
[  752 ms] [UE 40252] UL: SNR = 56.00 dB | SE = 18.324 bit/s/Hz
[  752 ms] [UE 15599] UL: SNR = 52.50 dB | SE = 17.179 bit/s/Hz
[  757 ms] [UE 33952] UL: SNR = 63.50 dB | SE = 20.778 bit/s/Hz
[  757 ms] [UE 12169] UL: SNR = 63.50 dB | SE = 20.778 bit/s/Hz
[  757 ms] [UE 22873] UL: SNR = 63.50 dB | SE = 20.778 bit/s/Hz
[  757 ms] [UE 30556] UL: SNR = 63.50 dB | SE = 20.778 bit/s/Hz
[  757 ms] [UE 20945] UL: SNR = 63.50 dB | SE = 20.778 bit/s/Hz
[  853 ms] [UE 45898] UL: SNR = 63.50 dB | SE = 20.778 bit/s/Hz
[  853 ms] [UE 36997] UL: SNR = 63.50 dB | SE = 20.778 bit/s/Hz
[  853 ms] [UE 48787] UL: SNR = 63.50 dB | SE = 20.778 bit/s/Hz
[  853 ms] [UE 40252] UL: SNR = 56.00 dB | SE = 18.324 bit/s/Hz
[  853 ms] [UE 15599] UL: SNR = 52.50 dB | SE = 17.179 bit/s/Hz
[  865 ms] [UE 33952] UL: SNR = 63.50 dB | SE = 20.778 bit/s/Hz
[  865 ms] [UE 12169] UL: SNR = 63.50 dB | SE = 20.778 bit/s/Hz
[  865 ms] [UE 22873] UL: SNR = 63.50 dB | SE = 20.778 bit/s/Hz
[  865 ms] [UE 30556] UL: SNR = 63.50 dB | SE = 20.778 bit/s/Hz
[  865 ms] [UE 20945] UL: SNR = 63.50 dB | SE = 20.778 bit/s/Hz
[  962 ms] [UE 45898] UL: SNR = 63.50 dB | SE = 20.778 bit/s/Hz
[  962 ms] [UE 36997] UL: SNR = 63.50 dB | SE = 20.778 bit/s/Hz
[  962 ms] [UE 48787] UL: SNR = 63.50 dB | SE = 20.778 bit/s/Hz
[  962 ms] [UE 40252] UL: SNR = 56.00 dB | SE = 18.324 bit/s/Hz
[  962 ms] [UE 15599] UL: SNR = 52.50 dB | SE = 17.179 bit/s/Hz
[  975 ms] [UE 33952] UL: SNR = 63.50 dB | SE = 20.778 bit/s/Hz
[  975 ms] [UE 12169] UL: SNR = 63.50 dB | SE = 20.778 bit/s/Hz
[  975 ms] [UE 22873] UL: SNR = 63.50 dB | SE = 20.778 bit/s/Hz
[  975 ms] [UE 30556] UL: SNR = 63.50 dB | SE = 20.778 bit/s/Hz
[  975 ms] [UE 20945] UL: SNR = 63.50 dB | SE = 20.778 bit/s/Hz
[ 1062 ms] [UE 45898] UL: SNR = 63.50 dB | SE = 20.778 bit/s/Hz
[ 1062 ms] [UE 36997] UL: SNR = 63.50 dB | SE = 20.778 bit/s/Hz
[ 1062 ms] [UE 48787] UL: SNR = 63.50 dB | SE = 20.778 bit/s/Hz
[ 1062 ms] [UE 40252] UL: SNR = 56.00 dB | SE = 18.324 bit/s/Hz
[ 1062 ms] [UE 15599] UL: SNR = 52.50 dB | SE = 17.179 bit/s/Hz
[ 1085 ms] [UE 33952] UL: SNR = 63.50 dB | SE = 20.778 bit/s/Hz
[ 1085 ms] [UE 12169] UL: SNR = 63.50 dB | SE = 20.778 bit/s/Hz
[ 1085 ms] [UE 22873] UL: SNR = 63.50 dB | SE = 20.778 bit/s/Hz
[ 1085 ms] [UE 30556] UL: SNR = 63.50 dB | SE = 20.778 bit/s/Hz
[ 1085 ms] [UE 20945] UL: SNR = 63.50 dB | SE = 20.778 bit/s/Hz
[ 1163 ms] [UE 45898] UL: SNR = 63.50 dB | SE = 20.778 bit/s/Hz
[ 1163 ms] [UE 36997] UL: SNR = 63.50 dB | SE = 20.778 bit/s/Hz
[ 1163 ms] [UE 48787] UL: SNR = 63.50 dB | SE = 20.778 bit/s/Hz
[ 1163 ms] [UE 40252] UL: SNR = 56.00 dB | SE = 18.324 bit/s/Hz
[ 1163 ms] [UE 15599] UL: SNR = 52.50 dB | SE = 17.179 bit/s/Hz
[ 1195 ms] [UE 33952] UL: SNR = 63.50 dB | SE = 20.778 bit/s/Hz
[ 1195 ms] [UE 12169] UL: SNR = 63.50 dB | SE = 20.778 bit/s/Hz
[ 1195 ms] [UE 22873] UL: SNR = 63.50 dB | SE = 20.778 bit/s/Hz
[ 1195 ms] [UE 30556] UL: SNR = 63.50 dB | SE = 20.778 bit/s/Hz
[ 1195 ms] [UE 20945] UL: SNR = 63.50 dB | SE = 20.778 bit/s/Hz
[ 1273 ms] [UE 45898] UL: SNR = 63.50 dB | SE = 20.778 bit/s/Hz
[ 1273 ms] [UE 36997] UL: SNR = 63.50 dB | SE = 20.778 bit/s/Hz
[ 1273 ms] [UE 48787] UL: SNR = 63.50 dB | SE = 20.778 bit/s/Hz
[ 1273 ms] [UE 40252] UL: SNR = 56.00 dB | SE = 18.324 bit/s/Hz
[ 1273 ms] [UE 15599] UL: SNR = 52.50 dB | SE = 17.179 bit/s/Hz
[ 1305 ms] [UE 33952] UL: SNR = 63.50 dB | SE = 20.778 bit/s/Hz
[ 1305 ms] [UE 12169] UL: SNR = 63.50 dB | SE = 20.778 bit/s/Hz
[ 1305 ms] [UE 22873] UL: SNR = 63.50 dB | SE = 20.778 bit/s/Hz
[ 1305 ms] [UE 30556] UL: SNR = 63.50 dB | SE = 20.778 bit/s/Hz
[ 1305 ms] [UE 20945] UL: SNR = 63.50 dB | SE = 20.778 bit/s/Hz
[ 1382 ms] [UE 45898] UL: SNR = 63.50 dB | SE = 20.778 bit/s/Hz
[ 1382 ms] [UE 36997] UL: SNR = 63.50 dB | SE = 20.778 bit/s/Hz
[ 1382 ms] [UE 48787] UL: SNR = 63.50 dB | SE = 20.778 bit/s/Hz
[ 1382 ms] [UE 40252] UL: SNR = 56.00 dB | SE = 18.324 bit/s/Hz
[ 1382 ms] [UE 15599] UL: SNR = 52.50 dB | SE = 17.179 bit/s/Hz
[ 1415 ms] [UE 33952] UL: SNR = 63.50 dB | SE = 20.778 bit/s/Hz
[ 1415 ms] [UE 12169] UL: SNR = 63.50 dB | SE = 20.778 bit/s/Hz
[ 1415 ms] [UE 22873] UL: SNR = 63.50 dB | SE = 20.778 bit/s/Hz
[ 1415 ms] [UE 30556] UL: SNR = 63.50 dB | SE = 20.778 bit/s/Hz
[ 1415 ms] [UE 20945] UL: SNR = 63.50 dB | SE = 20.778 bit/s/Hz
[ 1492 ms] [UE 45898] UL: SNR = 63.50 dB | SE = 20.778 bit/s/Hz
[ 1492 ms] [UE 36997] UL: SNR = 63.50 dB | SE = 20.778 bit/s/Hz
[ 1492 ms] [UE 48787] UL: SNR = 63.50 dB | SE = 20.778 bit/s/Hz
[ 1492 ms] [UE 40252] UL: SNR = 56.00 dB | SE = 18.324 bit/s/Hz
[ 1492 ms] [UE 15599] UL: SNR = 52.50 dB | SE = 17.179 bit/s/Hz
[ 1515 ms] [UE 33952] UL: SNR = 63.50 dB | SE = 20.778 bit/s/Hz
[ 1515 ms] [UE 12169] UL: SNR = 63.50 dB | SE = 20.778 bit/s/Hz
[ 1515 ms] [UE 22873] UL: SNR = 63.50 dB | SE = 20.778 bit/s/Hz
[ 1515 ms] [UE 30556] UL: SNR = 63.50 dB | SE = 20.778 bit/s/Hz
[ 1515 ms] [UE 20945] UL: SNR = 63.50 dB | SE = 20.778 bit/s/Hz
[ 1593 ms] [UE 45898] UL: SNR = 63.50 dB | SE = 20.778 bit/s/Hz
[ 1593 ms] [UE 36997] UL: SNR = 63.50 dB | SE = 20.778 bit/s/Hz
[ 1593 ms] [UE 48787] UL: SNR = 63.50 dB | SE = 20.778 bit/s/Hz
[ 1593 ms] [UE 40252] UL: SNR = 56.00 dB | SE = 18.324 bit/s/Hz
[ 1593 ms] [UE 15599] UL: SNR = 52.50 dB | SE = 17.179 bit/s/Hz
[ 1626 ms] [UE 33952] UL: SNR = 63.50 dB | SE = 20.778 bit/s/Hz
[ 1626 ms] [UE 12169] UL: SNR = 63.50 dB | SE = 20.778 bit/s/Hz
[ 1626 ms] [UE 22873] UL: SNR = 63.50 dB | SE = 20.778 bit/s/Hz
[ 1626 ms] [UE 30556] UL: SNR = 63.50 dB | SE = 20.778 bit/s/Hz
[ 1626 ms] [UE 20945] UL: SNR = 63.50 dB | SE = 20.778 bit/s/Hz
[ 1702 ms] [UE 45898] UL: SNR = 63.50 dB | SE = 20.778 bit/s/Hz
[ 1702 ms] [UE 36997] UL: SNR = 63.50 dB | SE = 20.778 bit/s/Hz
[ 1702 ms] [UE 48787] UL: SNR = 63.50 dB | SE = 20.778 bit/s/Hz
[ 1702 ms] [UE 40252] UL: SNR = 56.00 dB | SE = 18.324 bit/s/Hz
[ 1702 ms] [UE 15599] UL: SNR = 52.50 dB | SE = 17.179 bit/s/Hz
[ 1735 ms] [UE 33952] UL: SNR = 63.50 dB | SE = 20.778 bit/s/Hz
[ 1735 ms] [UE 12169] UL: SNR = 63.50 dB | SE = 20.778 bit/s/Hz
[ 1735 ms] [UE 22873] UL: SNR = 63.50 dB | SE = 20.778 bit/s/Hz
[ 1735 ms] [UE 30556] UL: SNR = 63.50 dB | SE = 20.778 bit/s/Hz
[ 1735 ms] [UE 20945] UL: SNR = 63.50 dB | SE = 20.778 bit/s/Hz
[ 1812 ms] [UE 45898] UL: SNR = 63.50 dB | SE = 20.778 bit/s/Hz
[ 1812 ms] [UE 36997] UL: SNR = 63.50 dB | SE = 20.778 bit/s/Hz
[ 1812 ms] [UE 48787] UL: SNR = 63.50 dB | SE = 20.778 bit/s/Hz
[ 1812 ms] [UE 40252] UL: SNR = 56.00 dB | SE = 18.324 bit/s/Hz
[ 1812 ms] [UE 15599] UL: SNR = 52.50 dB | SE = 17.179 bit/s/Hz
[ 1835 ms] [UE 33952] UL: SNR = 63.50 dB | SE = 20.778 bit/s/Hz
[ 1835 ms] [UE 12169] UL: SNR = 63.50 dB | SE = 20.778 bit/s/Hz
[ 1835 ms] [UE 22873] UL: SNR = 63.50 dB | SE = 20.778 bit/s/Hz
[ 1835 ms] [UE 30556] UL: SNR = 63.50 dB | SE = 20.778 bit/s/Hz
[ 1835 ms] [UE 20945] UL: SNR = 63.50 dB | SE = 20.778 bit/s/Hz
[ 1923 ms] [UE 45898] UL: SNR = 63.50 dB | SE = 20.778 bit/s/Hz
[ 1923 ms] [UE 36997] UL: SNR = 63.50 dB | SE = 20.778 bit/s/Hz
[ 1923 ms] [UE 48787] UL: SNR = 63.50 dB | SE = 20.778 bit/s/Hz
[ 1923 ms] [UE 40252] UL: SNR = 56.00 dB | SE = 18.324 bit/s/Hz
[ 1923 ms] [UE 15599] UL: SNR = 52.50 dB | SE = 17.179 bit/s/Hz
[ 1945 ms] [UE 33952] UL: SNR = 63.50 dB | SE = 20.778 bit/s/Hz
[ 1945 ms] [UE 12169] UL: SNR = 63.50 dB | SE = 20.778 bit/s/Hz
[ 1945 ms] [UE 22873] UL: SNR = 63.50 dB | SE = 20.778 bit/s/Hz
[ 1945 ms] [UE 30556] UL: SNR = 63.50 dB | SE = 20.778 bit/s/Hz
[ 1945 ms] [UE 20945] UL: SNR = 63.50 dB | SE = 20.778 bit/s/Hz
[ 2032 ms] [UE 45898] UL: SNR = 63.50 dB | SE = 20.778 bit/s/Hz
[ 2032 ms] [UE 36997] UL: SNR = 63.50 dB | SE = 20.778 bit/s/Hz
[ 2032 ms] [UE 48787] UL: SNR = 63.50 dB | SE = 20.778 bit/s/Hz
[ 2032 ms] [UE 40252] UL: SNR = 56.00 dB | SE = 18.324 bit/s/Hz
[ 2032 ms] [UE 15599] UL: SNR = 52.50 dB | SE = 17.179 bit/s/Hz
[ 2046 ms] [UE 33952] UL: SNR = 63.50 dB | SE = 20.778 bit/s/Hz
[ 2046 ms] [UE 12169] UL: SNR = 63.50 dB | SE = 20.778 bit/s/Hz
[ 2046 ms] [UE 22873] UL: SNR = 63.50 dB | SE = 20.778 bit/s/Hz
[ 2046 ms] [UE 30556] UL: SNR = 63.50 dB | SE = 20.778 bit/s/Hz
[ 2046 ms] [UE 20945] UL: SNR = 63.50 dB | SE = 20.778 bit/s/Hz
[ 2142 ms] [UE 45898] UL: SNR = 63.50 dB | SE = 20.778 bit/s/Hz
[ 2142 ms] [UE 36997] UL: SNR = 63.50 dB | SE = 20.778 bit/s/Hz
[ 2142 ms] [UE 48787] UL: SNR = 63.50 dB | SE = 20.778 bit/s/Hz
[ 2142 ms] [UE 40252] UL: SNR = 56.00 dB | SE = 18.324 bit/s/Hz
[ 2142 ms] [UE 15599] UL: SNR = 52.50 dB | SE = 17.179 bit/s/Hz
[ 2157 ms] [UE 33952] UL: SNR = 63.50 dB | SE = 20.778 bit/s/Hz
[ 2157 ms] [UE 12169] UL: SNR = 63.50 dB | SE = 20.778 bit/s/Hz
[ 2157 ms] [UE 22873] UL: SNR = 63.50 dB | SE = 20.778 bit/s/Hz
[ 2157 ms] [UE 30556] UL: SNR = 7.50 dB | SE = 2.687 bit/s/Hz
[ 2157 ms] [UE 20945] UL: SNR = 63.50 dB | SE = 20.778 bit/s/Hz
[ 2242 ms] [UE 45898] UL: SNR = 63.50 dB | SE = 20.778 bit/s/Hz
[ 2242 ms] [UE 36997] UL: SNR = 63.50 dB | SE = 20.778 bit/s/Hz
[ 2242 ms] [UE 48787] UL: SNR = 63.50 dB | SE = 20.778 bit/s/Hz
[ 2242 ms] [UE 40252] UL: SNR = 56.00 dB | SE = 18.324 bit/s/Hz
[ 2242 ms] [UE 15599] UL: SNR = 52.50 dB | SE = 17.179 bit/s/Hz
[ 2265 ms] [UE 33952] UL: SNR = 63.50 dB | SE = 20.778 bit/s/Hz
[ 2265 ms] [UE 12169] UL: SNR = 63.50 dB | SE = 20.778 bit/s/Hz
[ 2265 ms] [UE 22873] UL: SNR = 63.50 dB | SE = 20.778 bit/s/Hz
[ 2265 ms] [UE 30556] UL: SNR = 7.50 dB | SE = 2.687 bit/s/Hz
[ 2265 ms] [UE 20945] UL: SNR = 63.50 dB | SE = 20.778 bit/s/Hz
[ 2343 ms] [UE 45898] UL: SNR = 63.50 dB | SE = 20.778 bit/s/Hz
[ 2343 ms] [UE 36997] UL: SNR = 63.50 dB | SE = 20.778 bit/s/Hz
[ 2343 ms] [UE 48787] UL: SNR = 63.50 dB | SE = 20.778 bit/s/Hz
[ 2343 ms] [UE 40252] UL: SNR = 56.00 dB | SE = 18.324 bit/s/Hz
[ 2343 ms] [UE 15599] UL: SNR = 52.50 dB | SE = 17.179 bit/s/Hz
[ 2365 ms] [UE 33952] UL: SNR = 63.50 dB | SE = 20.778 bit/s/Hz
[ 2365 ms] [UE 12169] UL: SNR = 63.50 dB | SE = 20.778 bit/s/Hz
[ 2365 ms] [UE 22873] UL: SNR = 63.50 dB | SE = 20.778 bit/s/Hz
[ 2365 ms] [UE 30556] UL: SNR = 7.50 dB | SE = 2.687 bit/s/Hz
[ 2365 ms] [UE 20945] UL: SNR = 63.50 dB | SE = 20.778 bit/s/Hz
[ 2444 ms] [UE 45898] UL: SNR = 63.50 dB | SE = 20.778 bit/s/Hz
[ 2444 ms] [UE 36997] UL: SNR = 63.50 dB | SE = 20.778 bit/s/Hz
[ 2444 ms] [UE 48787] UL: SNR = 63.50 dB | SE = 20.778 bit/s/Hz
[ 2444 ms] [UE 40252] UL: SNR = 56.00 dB | SE = 18.324 bit/s/Hz
[ 2444 ms] [UE 15599] UL: SNR = 52.50 dB | SE = 17.179 bit/s/Hz
[ 2475 ms] [UE 33952] UL: SNR = 63.50 dB | SE = 20.778 bit/s/Hz
[ 2475 ms] [UE 12169] UL: SNR = 63.50 dB | SE = 20.778 bit/s/Hz
[ 2475 ms] [UE 22873] UL: SNR = 63.50 dB | SE = 20.778 bit/s/Hz
[ 2475 ms] [UE 30556] UL: SNR = 7.50 dB | SE = 2.687 bit/s/Hz
[ 2475 ms] [UE 20945] UL: SNR = 63.50 dB | SE = 20.778 bit/s/Hz
[ 2553 ms] [UE 45898] UL: SNR = 63.50 dB | SE = 20.778 bit/s/Hz
[ 2553 ms] [UE 36997] UL: SNR = 63.50 dB | SE = 20.778 bit/s/Hz
[ 2553 ms] [UE 48787] UL: SNR = 63.50 dB | SE = 20.778 bit/s/Hz
[ 2553 ms] [UE 40252] UL: SNR = 56.00 dB | SE = 18.324 bit/s/Hz
[ 2553 ms] [UE 15599] UL: SNR = 52.50 dB | SE = 17.179 bit/s/Hz
[ 2575 ms] [UE 33952] UL: SNR = 63.50 dB | SE = 20.778 bit/s/Hz
[ 2575 ms] [UE 12169] UL: SNR = 63.50 dB | SE = 20.778 bit/s/Hz
[ 2575 ms] [UE 22873] UL: SNR = 63.50 dB | SE = 20.778 bit/s/Hz
[ 2575 ms] [UE 30556] UL: SNR = 7.50 dB | SE = 2.687 bit/s/Hz
[ 2575 ms] [UE 20945] UL: SNR = 63.50 dB | SE = 20.778 bit/s/Hz
[ 2662 ms] [UE 45898] UL: SNR = 63.50 dB | SE = 20.778 bit/s/Hz
[ 2662 ms] [UE 36997] UL: SNR = 63.50 dB | SE = 20.778 bit/s/Hz
[ 2662 ms] [UE 48787] UL: SNR = 63.50 dB | SE = 20.778 bit/s/Hz
[ 2662 ms] [UE 40252] UL: SNR = 56.00 dB | SE = 18.324 bit/s/Hz
[ 2662 ms] [UE 15599] UL: SNR = 52.50 dB | SE = 17.179 bit/s/Hz
[ 2675 ms] [UE 33952] UL: SNR = 63.50 dB | SE = 20.778 bit/s/Hz
[ 2675 ms] [UE 12169] UL: SNR = 63.50 dB | SE = 20.778 bit/s/Hz
[ 2675 ms] [UE 22873] UL: SNR = 63.50 dB | SE = 20.778 bit/s/Hz
[ 2675 ms] [UE 30556] UL: SNR = 7.50 dB | SE = 2.687 bit/s/Hz
[ 2675 ms] [UE 20945] UL: SNR = 63.50 dB | SE = 20.778 bit/s/Hz
[ 2763 ms] [UE 45898] UL: SNR = 63.50 dB | SE = 20.778 bit/s/Hz
[ 2763 ms] [UE 36997] UL: SNR = 63.50 dB | SE = 20.778 bit/s/Hz
[ 2763 ms] [UE 48787] UL: SNR = 63.50 dB | SE = 20.778 bit/s/Hz
[ 2763 ms] [UE 40252] UL: SNR = 56.00 dB | SE = 18.324 bit/s/Hz
[ 2763 ms] [UE 15599] UL: SNR = 52.50 dB | SE = 17.179 bit/s/Hz
[ 2784 ms] [UE 33952] UL: SNR = 63.50 dB | SE = 20.778 bit/s/Hz
[ 2784 ms] [UE 12169] UL: SNR = 63.50 dB | SE = 20.778 bit/s/Hz
[ 2784 ms] [UE 22873] UL: SNR = 63.50 dB | SE = 20.778 bit/s/Hz
[ 2784 ms] [UE 30556] UL: SNR = 7.50 dB | SE = 2.687 bit/s/Hz
[ 2784 ms] [UE 20945] UL: SNR = 63.50 dB | SE = 20.778 bit/s/Hz
[ 2873 ms] [UE 45898] UL: SNR = 63.50 dB | SE = 20.778 bit/s/Hz
[ 2873 ms] [UE 36997] UL: SNR = 63.50 dB | SE = 20.778 bit/s/Hz
[ 2873 ms] [UE 48787] UL: SNR = 63.50 dB | SE = 20.778 bit/s/Hz
[ 2873 ms] [UE 40252] UL: SNR = 56.00 dB | SE = 18.324 bit/s/Hz
[ 2873 ms] [UE 15599] UL: SNR = 52.50 dB | SE = 17.179 bit/s/Hz
[ 2885 ms] [UE 33952] UL: SNR = 63.50 dB | SE = 20.778 bit/s/Hz
[ 2885 ms] [UE 12169] UL: SNR = 63.50 dB | SE = 20.778 bit/s/Hz
[ 2885 ms] [UE 22873] UL: SNR = 63.50 dB | SE = 20.778 bit/s/Hz
[ 2885 ms] [UE 30556] UL: SNR = 53.50 dB | SE = 17.506 bit/s/Hz
[ 2885 ms] [UE 20945] UL: SNR = 63.50 dB | SE = 20.778 bit/s/Hz
[ 2982 ms] [UE 45898] UL: SNR = 63.50 dB | SE = 20.778 bit/s/Hz
[ 2982 ms] [UE 36997] UL: SNR = 63.50 dB | SE = 20.778 bit/s/Hz
[ 2982 ms] [UE 48787] UL: SNR = 63.50 dB | SE = 20.778 bit/s/Hz
[ 2982 ms] [UE 40252] UL: SNR = 56.00 dB | SE = 18.324 bit/s/Hz
[ 2982 ms] [UE 15599] UL: SNR = 52.50 dB | SE = 17.179 bit/s/Hz
[ 2985 ms] [UE 33952] UL: SNR = 63.50 dB | SE = 20.778 bit/s/Hz
[ 2985 ms] [UE 12169] UL: SNR = 63.50 dB | SE = 20.778 bit/s/Hz
[ 2985 ms] [UE 22873] UL: SNR = 63.50 dB | SE = 20.778 bit/s/Hz
[ 2985 ms] [UE 30556] UL: SNR = 53.50 dB | SE = 17.506 bit/s/Hz
[ 2985 ms] [UE 20945] UL: SNR = 63.50 dB | SE = 20.778 bit/s/Hz
[ 3082 ms] [UE 45898] UL: SNR = 63.50 dB | SE = 20.778 bit/s/Hz
[ 3082 ms] [UE 36997] UL: SNR = 63.50 dB | SE = 20.778 bit/s/Hz
[ 3082 ms] [UE 48787] UL: SNR = 63.50 dB | SE = 20.778 bit/s/Hz
[ 3082 ms] [UE 40252] UL: SNR = 56.00 dB | SE = 18.324 bit/s/Hz
[ 3082 ms] [UE 15599] UL: SNR = 52.50 dB | SE = 17.179 bit/s/Hz
[ 3085 ms] [UE 33952] UL: SNR = 63.50 dB | SE = 20.778 bit/s/Hz
[ 3085 ms] [UE 12169] UL: SNR = 63.50 dB | SE = 20.778 bit/s/Hz
[ 3085 ms] [UE 22873] UL: SNR = 63.50 dB | SE = 20.778 bit/s/Hz
[ 3085 ms] [UE 30556] UL: SNR = 54.00 dB | SE = 17.669 bit/s/Hz
[ 3085 ms] [UE 20945] UL: SNR = 63.50 dB | SE = 20.778 bit/s/Hz
[ 3192 ms] [UE 45898] UL: SNR = 63.50 dB | SE = 20.778 bit/s/Hz
[ 3192 ms] [UE 36997] UL: SNR = 63.50 dB | SE = 20.778 bit/s/Hz
[ 3192 ms] [UE 48787] UL: SNR = 63.50 dB | SE = 20.778 bit/s/Hz
[ 3192 ms] [UE 40252] UL: SNR = 56.00 dB | SE = 18.324 bit/s/Hz
[ 3192 ms] [UE 15599] UL: SNR = 52.50 dB | SE = 17.179 bit/s/Hz
[ 3195 ms] [UE 33952] UL: SNR = 63.50 dB | SE = 20.778 bit/s/Hz
[ 3195 ms] [UE 12169] UL: SNR = 63.50 dB | SE = 20.778 bit/s/Hz
[ 3195 ms] [UE 22873] UL: SNR = 63.50 dB | SE = 20.778 bit/s/Hz
[ 3195 ms] [UE 30556] UL: SNR = 54.00 dB | SE = 17.669 bit/s/Hz
[ 3195 ms] [UE 20945] UL: SNR = 63.50 dB | SE = 20.778 bit/s/Hz
[ 3293 ms] [UE 45898] UL: SNR = 63.50 dB | SE = 20.778 bit/s/Hz
[ 3293 ms] [UE 36997] UL: SNR = 63.50 dB | SE = 20.778 bit/s/Hz
[ 3293 ms] [UE 48787] UL: SNR = 63.50 dB | SE = 20.778 bit/s/Hz
[ 3293 ms] [UE 40252] UL: SNR = 56.00 dB | SE = 18.324 bit/s/Hz
[ 3293 ms] [UE 15599] UL: SNR = 52.50 dB | SE = 17.179 bit/s/Hz
[ 3307 ms] [UE 33952] UL: SNR = 63.50 dB | SE = 20.778 bit/s/Hz
[ 3307 ms] [UE 12169] UL: SNR = 63.50 dB | SE = 20.778 bit/s/Hz
[ 3307 ms] [UE 22873] UL: SNR = 63.50 dB | SE = 20.778 bit/s/Hz
[ 3307 ms] [UE 30556] UL: SNR = 54.00 dB | SE = 17.669 bit/s/Hz
[ 3307 ms] [UE 20945] UL: SNR = 63.50 dB | SE = 20.778 bit/s/Hz
[ 3402 ms] [UE 45898] UL: SNR = 63.50 dB | SE = 20.778 bit/s/Hz
[ 3402 ms] [UE 36997] UL: SNR = 63.50 dB | SE = 20.778 bit/s/Hz
[ 3402 ms] [UE 48787] UL: SNR = 63.50 dB | SE = 20.778 bit/s/Hz
[ 3402 ms] [UE 40252] UL: SNR = 56.00 dB | SE = 18.324 bit/s/Hz
[ 3402 ms] [UE 15599] UL: SNR = 52.50 dB | SE = 17.179 bit/s/Hz
[ 3415 ms] [UE 33952] UL: SNR = 63.50 dB | SE = 20.778 bit/s/Hz
[ 3415 ms] [UE 12169] UL: SNR = 63.50 dB | SE = 20.778 bit/s/Hz
[ 3415 ms] [UE 22873] UL: SNR = 63.50 dB | SE = 20.778 bit/s/Hz
[ 3415 ms] [UE 30556] UL: SNR = 63.50 dB | SE = 20.778 bit/s/Hz
[ 3415 ms] [UE 20945] UL: SNR = 63.50 dB | SE = 20.778 bit/s/Hz
[ 3502 ms] [UE 45898] UL: SNR = 63.50 dB | SE = 20.778 bit/s/Hz
[ 3502 ms] [UE 36997] UL: SNR = 63.50 dB | SE = 20.778 bit/s/Hz
[ 3502 ms] [UE 48787] UL: SNR = 63.50 dB | SE = 20.778 bit/s/Hz
[ 3502 ms] [UE 40252] UL: SNR = 56.00 dB | SE = 18.324 bit/s/Hz
[ 3502 ms] [UE 15599] UL: SNR = 52.50 dB | SE = 17.179 bit/s/Hz
[ 3525 ms] [UE 33952] UL: SNR = 63.50 dB | SE = 20.778 bit/s/Hz
[ 3525 ms] [UE 12169] UL: SNR = 63.50 dB | SE = 20.778 bit/s/Hz
[ 3525 ms] [UE 22873] UL: SNR = 63.50 dB | SE = 20.778 bit/s/Hz
[ 3525 ms] [UE 30556] UL: SNR = 63.50 dB | SE = 20.778 bit/s/Hz
[ 3525 ms] [UE 20945] UL: SNR = 63.50 dB | SE = 20.778 bit/s/Hz
[ 3602 ms] [UE 45898] UL: SNR = 63.50 dB | SE = 20.778 bit/s/Hz
[ 3602 ms] [UE 36997] UL: SNR = 63.50 dB | SE = 20.778 bit/s/Hz
[ 3602 ms] [UE 48787] UL: SNR = 63.50 dB | SE = 20.778 bit/s/Hz
[ 3602 ms] [UE 40252] UL: SNR = 56.00 dB | SE = 18.324 bit/s/Hz
[ 3602 ms] [UE 15599] UL: SNR = 52.50 dB | SE = 17.179 bit/s/Hz
[ 3625 ms] [UE 33952] UL: SNR = 63.50 dB | SE = 20.778 bit/s/Hz
[ 3625 ms] [UE 12169] UL: SNR = 63.50 dB | SE = 20.778 bit/s/Hz
[ 3625 ms] [UE 22873] UL: SNR = 63.50 dB | SE = 20.778 bit/s/Hz
[ 3625 ms] [UE 30556] UL: SNR = 54.00 dB | SE = 17.669 bit/s/Hz
[ 3625 ms] [UE 20945] UL: SNR = 63.50 dB | SE = 20.778 bit/s/Hz
[ 3712 ms] [UE 45898] UL: SNR = 63.50 dB | SE = 20.778 bit/s/Hz
[ 3712 ms] [UE 36997] UL: SNR = 63.50 dB | SE = 20.778 bit/s/Hz
[ 3712 ms] [UE 48787] UL: SNR = 63.50 dB | SE = 20.778 bit/s/Hz
[ 3712 ms] [UE 40252] UL: SNR = 56.00 dB | SE = 18.324 bit/s/Hz
[ 3712 ms] [UE 15599] UL: SNR = 52.50 dB | SE = 17.179 bit/s/Hz
[ 3735 ms] [UE 33952] UL: SNR = 63.50 dB | SE = 20.778 bit/s/Hz
[ 3735 ms] [UE 12169] UL: SNR = 63.50 dB | SE = 20.778 bit/s/Hz
[ 3735 ms] [UE 22873] UL: SNR = 63.50 dB | SE = 20.778 bit/s/Hz
[ 3735 ms] [UE 30556] UL: SNR = 54.00 dB | SE = 17.669 bit/s/Hz
[ 3735 ms] [UE 20945] UL: SNR = 63.50 dB | SE = 20.778 bit/s/Hz
[ 3822 ms] [UE 45898] UL: SNR = 63.50 dB | SE = 20.778 bit/s/Hz
[ 3822 ms] [UE 36997] UL: SNR = 63.50 dB | SE = 20.778 bit/s/Hz
[ 3822 ms] [UE 48787] UL: SNR = 63.50 dB | SE = 20.778 bit/s/Hz
[ 3822 ms] [UE 40252] UL: SNR = 56.00 dB | SE = 18.324 bit/s/Hz
[ 3822 ms] [UE 15599] UL: SNR = 52.50 dB | SE = 17.179 bit/s/Hz
[ 3835 ms] [UE 33952] UL: SNR = 63.50 dB | SE = 20.778 bit/s/Hz
[ 3835 ms] [UE 12169] UL: SNR = 63.50 dB | SE = 20.778 bit/s/Hz
[ 3835 ms] [UE 22873] UL: SNR = 63.50 dB | SE = 20.778 bit/s/Hz
[ 3835 ms] [UE 30556] UL: SNR = 54.00 dB | SE = 17.669 bit/s/Hz
[ 3835 ms] [UE 20945] UL: SNR = 63.50 dB | SE = 20.778 bit/s/Hz
[ 3932 ms] [UE 45898] UL: SNR = 63.50 dB | SE = 20.778 bit/s/Hz
[ 3932 ms] [UE 36997] UL: SNR = 63.50 dB | SE = 20.778 bit/s/Hz
[ 3932 ms] [UE 48787] UL: SNR = 63.50 dB | SE = 20.778 bit/s/Hz
[ 3932 ms] [UE 40252] UL: SNR = 56.00 dB | SE = 18.324 bit/s/Hz
[ 3932 ms] [UE 15599] UL: SNR = 52.50 dB | SE = 17.179 bit/s/Hz
[ 3935 ms] [UE 33952] UL: SNR = 63.50 dB | SE = 20.778 bit/s/Hz
[ 3935 ms] [UE 12169] UL: SNR = 63.50 dB | SE = 20.778 bit/s/Hz
[ 3935 ms] [UE 22873] UL: SNR = 63.50 dB | SE = 20.778 bit/s/Hz
[ 3935 ms] [UE 30556] UL: SNR = 63.50 dB | SE = 20.778 bit/s/Hz
[ 3935 ms] [UE 20945] UL: SNR = 63.50 dB | SE = 20.778 bit/s/Hz
[ 4033 ms] [UE 45898] UL: SNR = 63.50 dB | SE = 20.778 bit/s/Hz
[ 4033 ms] [UE 36997] UL: SNR = 63.50 dB | SE = 20.778 bit/s/Hz
[ 4033 ms] [UE 48787] UL: SNR = 63.50 dB | SE = 20.778 bit/s/Hz
[ 4033 ms] [UE 40252] UL: SNR = 56.00 dB | SE = 18.324 bit/s/Hz
[ 4033 ms] [UE 15599] UL: SNR = 52.50 dB | SE = 17.179 bit/s/Hz
[ 4045 ms] [UE 33952] UL: SNR = 63.50 dB | SE = 20.778 bit/s/Hz
[ 4045 ms] [UE 12169] UL: SNR = 63.50 dB | SE = 20.778 bit/s/Hz
[ 4045 ms] [UE 22873] UL: SNR = 63.50 dB | SE = 20.778 bit/s/Hz
[ 4045 ms] [UE 30556] UL: SNR = 63.50 dB | SE = 20.778 bit/s/Hz
[ 4045 ms] [UE 20945] UL: SNR = 63.50 dB | SE = 20.778 bit/s/Hz
[ 4142 ms] [UE 45898] UL: SNR = 63.50 dB | SE = 20.778 bit/s/Hz
[ 4142 ms] [UE 36997] UL: SNR = 63.50 dB | SE = 20.778 bit/s/Hz
[ 4142 ms] [UE 48787] UL: SNR = 63.50 dB | SE = 20.778 bit/s/Hz
[ 4142 ms] [UE 40252] UL: SNR = 56.00 dB | SE = 18.324 bit/s/Hz
[ 4142 ms] [UE 15599] UL: SNR = 52.50 dB | SE = 17.179 bit/s/Hz
[ 4155 ms] [UE 33952] UL: SNR = 63.50 dB | SE = 20.778 bit/s/Hz
[ 4155 ms] [UE 12169] UL: SNR = 63.50 dB | SE = 20.778 bit/s/Hz
[ 4155 ms] [UE 22873] UL: SNR = 63.50 dB | SE = 20.778 bit/s/Hz
[ 4155 ms] [UE 30556] UL: SNR = 63.50 dB | SE = 20.778 bit/s/Hz
[ 4155 ms] [UE 20945] UL: SNR = 63.50 dB | SE = 20.778 bit/s/Hz
[ 4252 ms] [UE 45898] UL: SNR = 63.50 dB | SE = 20.778 bit/s/Hz
[ 4252 ms] [UE 36997] UL: SNR = 63.50 dB | SE = 20.778 bit/s/Hz
[ 4252 ms] [UE 48787] UL: SNR = 63.50 dB | SE = 20.778 bit/s/Hz
[ 4252 ms] [UE 40252] UL: SNR = 56.00 dB | SE = 18.324 bit/s/Hz
[ 4252 ms] [UE 15599] UL: SNR = 52.50 dB | SE = 17.179 bit/s/Hz
[ 4265 ms] [UE 33952] UL: SNR = 63.50 dB | SE = 20.778 bit/s/Hz
[ 4265 ms] [UE 12169] UL: SNR = 63.50 dB | SE = 20.778 bit/s/Hz
[ 4265 ms] [UE 22873] UL: SNR = 63.50 dB | SE = 20.778 bit/s/Hz
[ 4265 ms] [UE 30556] UL: SNR = 63.50 dB | SE = 20.778 bit/s/Hz
[ 4265 ms] [UE 20945] UL: SNR = 63.50 dB | SE = 20.778 bit/s/Hz
[ 4352 ms] [UE 45898] UL: SNR = 63.50 dB | SE = 20.778 bit/s/Hz
[ 4352 ms] [UE 36997] UL: SNR = 63.50 dB | SE = 20.778 bit/s/Hz
[ 4352 ms] [UE 48787] UL: SNR = 63.50 dB | SE = 20.778 bit/s/Hz
[ 4352 ms] [UE 40252] UL: SNR = 56.00 dB | SE = 18.324 bit/s/Hz
[ 4352 ms] [UE 15599] UL: SNR = 52.50 dB | SE = 17.179 bit/s/Hz
[ 4367 ms] [UE 33952] UL: SNR = 63.50 dB | SE = 20.778 bit/s/Hz
[ 4367 ms] [UE 12169] UL: SNR = 63.50 dB | SE = 20.778 bit/s/Hz
[ 4367 ms] [UE 22873] UL: SNR = 63.50 dB | SE = 20.778 bit/s/Hz
[ 4367 ms] [UE 30556] UL: SNR = 63.50 dB | SE = 20.778 bit/s/Hz
[ 4367 ms] [UE 20945] UL: SNR = 63.50 dB | SE = 20.778 bit/s/Hz
[ 4462 ms] [UE 45898] UL: SNR = 63.50 dB | SE = 20.778 bit/s/Hz
[ 4462 ms] [UE 36997] UL: SNR = 63.50 dB | SE = 20.778 bit/s/Hz
[ 4462 ms] [UE 48787] UL: SNR = 63.50 dB | SE = 20.778 bit/s/Hz
[ 4462 ms] [UE 40252] UL: SNR = 56.00 dB | SE = 18.324 bit/s/Hz
[ 4462 ms] [UE 15599] UL: SNR = 52.50 dB | SE = 17.179 bit/s/Hz
[ 4475 ms] [UE 33952] UL: SNR = 63.50 dB | SE = 20.778 bit/s/Hz
[ 4475 ms] [UE 12169] UL: SNR = 63.50 dB | SE = 20.778 bit/s/Hz
[ 4475 ms] [UE 22873] UL: SNR = 63.50 dB | SE = 20.778 bit/s/Hz
[ 4475 ms] [UE 30556] UL: SNR = 63.50 dB | SE = 20.778 bit/s/Hz
[ 4475 ms] [UE 20945] UL: SNR = 63.50 dB | SE = 20.778 bit/s/Hz
[ 4572 ms] [UE 45898] UL: SNR = 63.50 dB | SE = 20.778 bit/s/Hz
[ 4572 ms] [UE 36997] UL: SNR = 63.50 dB | SE = 20.778 bit/s/Hz
[ 4572 ms] [UE 48787] UL: SNR = 63.50 dB | SE = 20.778 bit/s/Hz
[ 4572 ms] [UE 40252] UL: SNR = 56.00 dB | SE = 18.324 bit/s/Hz
[ 4572 ms] [UE 15599] UL: SNR = 52.50 dB | SE = 17.179 bit/s/Hz
[ 4585 ms] [UE 33952] UL: SNR = 63.50 dB | SE = 20.778 bit/s/Hz
[ 4585 ms] [UE 12169] UL: SNR = 63.50 dB | SE = 20.778 bit/s/Hz
[ 4585 ms] [UE 22873] UL: SNR = 63.50 dB | SE = 20.778 bit/s/Hz
[ 4585 ms] [UE 30556] UL: SNR = 63.50 dB | SE = 20.778 bit/s/Hz
[ 4585 ms] [UE 20945] UL: SNR = 63.50 dB | SE = 20.778 bit/s/Hz
[ 4672 ms] [UE 45898] UL: SNR = 63.50 dB | SE = 20.778 bit/s/Hz
[ 4672 ms] [UE 36997] UL: SNR = 63.50 dB | SE = 20.778 bit/s/Hz
[ 4672 ms] [UE 48787] UL: SNR = 63.50 dB | SE = 20.778 bit/s/Hz
[ 4672 ms] [UE 40252] UL: SNR = 56.00 dB | SE = 18.324 bit/s/Hz
[ 4672 ms] [UE 15599] UL: SNR = 52.50 dB | SE = 17.179 bit/s/Hz
[ 4695 ms] [UE 33952] UL: SNR = 63.50 dB | SE = 20.778 bit/s/Hz
[ 4695 ms] [UE 12169] UL: SNR = 63.50 dB | SE = 20.778 bit/s/Hz
[ 4695 ms] [UE 22873] UL: SNR = 63.50 dB | SE = 20.778 bit/s/Hz
[ 4695 ms] [UE 30556] UL: SNR = 63.50 dB | SE = 20.778 bit/s/Hz
[ 4695 ms] [UE 20945] UL: SNR = 63.50 dB | SE = 20.778 bit/s/Hz
[ 4782 ms] [UE 45898] UL: SNR = 63.50 dB | SE = 20.778 bit/s/Hz
[ 4782 ms] [UE 36997] UL: SNR = 63.50 dB | SE = 20.778 bit/s/Hz
[ 4782 ms] [UE 48787] UL: SNR = 63.50 dB | SE = 20.778 bit/s/Hz
[ 4782 ms] [UE 40252] UL: SNR = 56.00 dB | SE = 18.324 bit/s/Hz
[ 4782 ms] [UE 15599] UL: SNR = 52.50 dB | SE = 17.179 bit/s/Hz
[ 4795 ms] [UE 33952] UL: SNR = 63.50 dB | SE = 20.778 bit/s/Hz
[ 4795 ms] [UE 12169] UL: SNR = 63.50 dB | SE = 20.778 bit/s/Hz
[ 4795 ms] [UE 22873] UL: SNR = 63.50 dB | SE = 20.778 bit/s/Hz
[ 4795 ms] [UE 30556] UL: SNR = 63.50 dB | SE = 20.778 bit/s/Hz
[ 4795 ms] [UE 20945] UL: SNR = 63.50 dB | SE = 20.778 bit/s/Hz
[ 4882 ms] [UE 45898] UL: SNR = 63.50 dB | SE = 20.778 bit/s/Hz
[ 4882 ms] [UE 36997] UL: SNR = 63.50 dB | SE = 20.778 bit/s/Hz
[ 4882 ms] [UE 48787] UL: SNR = 63.50 dB | SE = 20.778 bit/s/Hz
[ 4882 ms] [UE 40252] UL: SNR = 56.00 dB | SE = 18.324 bit/s/Hz
[ 4882 ms] [UE 15599] UL: SNR = 52.50 dB | SE = 17.179 bit/s/Hz
[ 4895 ms] [UE 33952] UL: SNR = 63.50 dB | SE = 20.778 bit/s/Hz
[ 4895 ms] [UE 12169] UL: SNR = 63.50 dB | SE = 20.778 bit/s/Hz
[ 4895 ms] [UE 22873] UL: SNR = 63.50 dB | SE = 20.778 bit/s/Hz
[ 4895 ms] [UE 30556] UL: SNR = 63.50 dB | SE = 20.778 bit/s/Hz
[ 4895 ms] [UE 20945] UL: SNR = 63.50 dB | SE = 20.778 bit/s/Hz
[ 4983 ms] [UE 45898] UL: SNR = 63.50 dB | SE = 20.778 bit/s/Hz
[ 4983 ms] [UE 36997] UL: SNR = 63.50 dB | SE = 20.778 bit/s/Hz
[ 4983 ms] [UE 48787] UL: SNR = 63.50 dB | SE = 20.778 bit/s/Hz
[ 4983 ms] [UE 40252] UL: SNR = 56.00 dB | SE = 18.324 bit/s/Hz
[ 4983 ms] [UE 15599] UL: SNR = 52.50 dB | SE = 17.179 bit/s/Hz
[ 4996 ms] [UE 33952] UL: SNR = 63.50 dB | SE = 20.778 bit/s/Hz
[ 4996 ms] [UE 12169] UL: SNR = 63.50 dB | SE = 20.778 bit/s/Hz
[ 4996 ms] [UE 22873] UL: SNR = 63.50 dB | SE = 20.778 bit/s/Hz
[ 4996 ms] [UE 30556] UL: SNR = 63.50 dB | SE = 20.778 bit/s/Hz
[ 4996 ms] [UE 20945] UL: SNR = 63.50 dB | SE = 20.778 bit/s/Hz
[ 5092 ms] [UE 45898] UL: SNR = 63.50 dB | SE = 20.778 bit/s/Hz
[ 5092 ms] [UE 36997] UL: SNR = 63.50 dB | SE = 20.778 bit/s/Hz
[ 5092 ms] [UE 48787] UL: SNR = 63.50 dB | SE = 20.778 bit/s/Hz
[ 5092 ms] [UE 40252] UL: SNR = 56.00 dB | SE = 18.324 bit/s/Hz
[ 5092 ms] [UE 15599] UL: SNR = 52.50 dB | SE = 17.179 bit/s/Hz
[ 5096 ms] [UE 33952] UL: SNR = 63.50 dB | SE = 20.778 bit/s/Hz
[ 5096 ms] [UE 12169] UL: SNR = 63.50 dB | SE = 20.778 bit/s/Hz
[ 5096 ms] [UE 22873] UL: SNR = 63.50 dB | SE = 20.778 bit/s/Hz
[ 5096 ms] [UE 30556] UL: SNR = 63.50 dB | SE = 20.778 bit/s/Hz
[ 5096 ms] [UE 20945] UL: SNR = 63.50 dB | SE = 20.778 bit/s/Hz
[ 5202 ms] [UE 45898] UL: SNR = 63.50 dB | SE = 20.778 bit/s/Hz
[ 5202 ms] [UE 36997] UL: SNR = 63.50 dB | SE = 20.778 bit/s/Hz
[ 5202 ms] [UE 48787] UL: SNR = 63.50 dB | SE = 20.778 bit/s/Hz
[ 5202 ms] [UE 40252] UL: SNR = 56.00 dB | SE = 18.324 bit/s/Hz
[ 5202 ms] [UE 15599] UL: SNR = 52.50 dB | SE = 17.179 bit/s/Hz
[ 5205 ms] [UE 33952] UL: SNR = 63.50 dB | SE = 20.778 bit/s/Hz
[ 5205 ms] [UE 12169] UL: SNR = 63.50 dB | SE = 20.778 bit/s/Hz
[ 5205 ms] [UE 22873] UL: SNR = 63.50 dB | SE = 20.778 bit/s/Hz
[ 5205 ms] [UE 30556] UL: SNR = 63.50 dB | SE = 20.778 bit/s/Hz
[ 5205 ms] [UE 20945] UL: SNR = 63.50 dB | SE = 20.778 bit/s/Hz
[ 5312 ms] [UE 45898] UL: SNR = 63.50 dB | SE = 20.778 bit/s/Hz
[ 5312 ms] [UE 36997] UL: SNR = 63.50 dB | SE = 20.778 bit/s/Hz
[ 5312 ms] [UE 48787] UL: SNR = 63.50 dB | SE = 20.778 bit/s/Hz
[ 5312 ms] [UE 40252] UL: SNR = 56.00 dB | SE = 18.324 bit/s/Hz
[ 5312 ms] [UE 15599] UL: SNR = 52.50 dB | SE = 17.179 bit/s/Hz
[ 5315 ms] [UE 33952] UL: SNR = 63.50 dB | SE = 20.778 bit/s/Hz
[ 5315 ms] [UE 12169] UL: SNR = 63.50 dB | SE = 20.778 bit/s/Hz
[ 5315 ms] [UE 22873] UL: SNR = 63.50 dB | SE = 20.778 bit/s/Hz
[ 5315 ms] [UE 30556] UL: SNR = 63.50 dB | SE = 20.778 bit/s/Hz
[ 5315 ms] [UE 20945] UL: SNR = 63.50 dB | SE = 20.778 bit/s/Hz
[ 5423 ms] [UE 45898] UL: SNR = 63.50 dB | SE = 20.778 bit/s/Hz
[ 5423 ms] [UE 36997] UL: SNR = 63.50 dB | SE = 20.778 bit/s/Hz
[ 5423 ms] [UE 48787] UL: SNR = 63.50 dB | SE = 20.778 bit/s/Hz
[ 5423 ms] [UE 40252] UL: SNR = 56.00 dB | SE = 18.324 bit/s/Hz
[ 5423 ms] [UE 15599] UL: SNR = 52.50 dB | SE = 17.179 bit/s/Hz
[ 5425 ms] [UE 33952] UL: SNR = 63.50 dB | SE = 20.778 bit/s/Hz
[ 5425 ms] [UE 12169] UL: SNR = 63.50 dB | SE = 20.778 bit/s/Hz
[ 5425 ms] [UE 22873] UL: SNR = 63.50 dB | SE = 20.778 bit/s/Hz
[ 5425 ms] [UE 30556] UL: SNR = 63.50 dB | SE = 20.778 bit/s/Hz
[ 5425 ms] [UE 20945] UL: SNR = 63.50 dB | SE = 20.778 bit/s/Hz
[ 5523 ms] [UE 45898] UL: SNR = 63.50 dB | SE = 20.778 bit/s/Hz
[ 5523 ms] [UE 36997] UL: SNR = 63.50 dB | SE = 20.778 bit/s/Hz
[ 5523 ms] [UE 48787] UL: SNR = 63.50 dB | SE = 20.778 bit/s/Hz
[ 5523 ms] [UE 40252] UL: SNR = 56.00 dB | SE = 18.324 bit/s/Hz
[ 5523 ms] [UE 15599] UL: SNR = 52.50 dB | SE = 17.179 bit/s/Hz
[ 5535 ms] [UE 33952] UL: SNR = 63.50 dB | SE = 20.778 bit/s/Hz
[ 5535 ms] [UE 12169] UL: SNR = 63.50 dB | SE = 20.778 bit/s/Hz
[ 5535 ms] [UE 22873] UL: SNR = 63.50 dB | SE = 20.778 bit/s/Hz
[ 5535 ms] [UE 30556] UL: SNR = 63.50 dB | SE = 20.778 bit/s/Hz
[ 5535 ms] [UE 20945] UL: SNR = 63.50 dB | SE = 20.778 bit/s/Hz
[ 5623 ms] [UE 45898] UL: SNR = 63.50 dB | SE = 20.778 bit/s/Hz
[ 5623 ms] [UE 36997] UL: SNR = 63.50 dB | SE = 20.778 bit/s/Hz
[ 5623 ms] [UE 48787] UL: SNR = 63.50 dB | SE = 20.778 bit/s/Hz
[ 5623 ms] [UE 40252] UL: SNR = 56.00 dB | SE = 18.324 bit/s/Hz
[ 5623 ms] [UE 15599] UL: SNR = 52.50 dB | SE = 17.179 bit/s/Hz
[ 5635 ms] [UE 33952] UL: SNR = 63.50 dB | SE = 20.778 bit/s/Hz
[ 5635 ms] [UE 12169] UL: SNR = 63.50 dB | SE = 20.778 bit/s/Hz
[ 5635 ms] [UE 22873] UL: SNR = 63.50 dB | SE = 20.778 bit/s/Hz
[ 5635 ms] [UE 30556] UL: SNR = 63.50 dB | SE = 20.778 bit/s/Hz
[ 5635 ms] [UE 20945] UL: SNR = 63.50 dB | SE = 20.778 bit/s/Hz
[ 5723 ms] [UE 45898] UL: SNR = 63.50 dB | SE = 20.778 bit/s/Hz
[ 5723 ms] [UE 36997] UL: SNR = 63.50 dB | SE = 20.778 bit/s/Hz
[ 5723 ms] [UE 48787] UL: SNR = 63.50 dB | SE = 20.778 bit/s/Hz
[ 5723 ms] [UE 40252] UL: SNR = 56.00 dB | SE = 18.324 bit/s/Hz
[ 5723 ms] [UE 15599] UL: SNR = 52.50 dB | SE = 17.179 bit/s/Hz
[ 5735 ms] [UE 33952] UL: SNR = 63.50 dB | SE = 20.778 bit/s/Hz
[ 5735 ms] [UE 12169] UL: SNR = 63.50 dB | SE = 20.778 bit/s/Hz
[ 5735 ms] [UE 22873] UL: SNR = 63.50 dB | SE = 20.778 bit/s/Hz
[ 5735 ms] [UE 30556] UL: SNR = 63.50 dB | SE = 20.778 bit/s/Hz
[ 5735 ms] [UE 20945] UL: SNR = 63.50 dB | SE = 20.778 bit/s/Hz
[ 5832 ms] [UE 45898] UL: SNR = 63.50 dB | SE = 20.778 bit/s/Hz
[ 5832 ms] [UE 36997] UL: SNR = 63.50 dB | SE = 20.778 bit/s/Hz
[ 5832 ms] [UE 48787] UL: SNR = 63.50 dB | SE = 20.778 bit/s/Hz
[ 5832 ms] [UE 40252] UL: SNR = 56.00 dB | SE = 18.324 bit/s/Hz
[ 5832 ms] [UE 15599] UL: SNR = 52.50 dB | SE = 17.179 bit/s/Hz
[ 5845 ms] [UE 33952] UL: SNR = 63.50 dB | SE = 20.778 bit/s/Hz
[ 5845 ms] [UE 12169] UL: SNR = 63.50 dB | SE = 20.778 bit/s/Hz
[ 5845 ms] [UE 22873] UL: SNR = 63.50 dB | SE = 20.778 bit/s/Hz
[ 5845 ms] [UE 30556] UL: SNR = 63.50 dB | SE = 20.778 bit/s/Hz
[ 5845 ms] [UE 20945] UL: SNR = 63.50 dB | SE = 20.778 bit/s/Hz
[ 5932 ms] [UE 45898] UL: SNR = 63.50 dB | SE = 20.778 bit/s/Hz
[ 5932 ms] [UE 36997] UL: SNR = 63.50 dB | SE = 20.778 bit/s/Hz
[ 5932 ms] [UE 48787] UL: SNR = 63.50 dB | SE = 20.778 bit/s/Hz
[ 5932 ms] [UE 40252] UL: SNR = 56.00 dB | SE = 18.324 bit/s/Hz
[ 5932 ms] [UE 15599] UL: SNR = 52.50 dB | SE = 17.179 bit/s/Hz
[ 5945 ms] [UE 33952] UL: SNR = 63.50 dB | SE = 20.778 bit/s/Hz
[ 5945 ms] [UE 12169] UL: SNR = 63.50 dB | SE = 20.778 bit/s/Hz
[ 5945 ms] [UE 22873] UL: SNR = 63.50 dB | SE = 20.778 bit/s/Hz
[ 5945 ms] [UE 30556] UL: SNR = 63.50 dB | SE = 20.778 bit/s/Hz
[ 5945 ms] [UE 20945] UL: SNR = 63.50 dB | SE = 20.778 bit/s/Hz
[ 6033 ms] [UE 45898] UL: SNR = 63.50 dB | SE = 20.778 bit/s/Hz
[ 6033 ms] [UE 36997] UL: SNR = 63.50 dB | SE = 20.778 bit/s/Hz
[ 6033 ms] [UE 48787] UL: SNR = 63.50 dB | SE = 20.778 bit/s/Hz
[ 6033 ms] [UE 40252] UL: SNR = 56.00 dB | SE = 18.324 bit/s/Hz
[ 6033 ms] [UE 15599] UL: SNR = 52.50 dB | SE = 17.179 bit/s/Hz
[ 6055 ms] [UE 33952] UL: SNR = 63.50 dB | SE = 20.778 bit/s/Hz
[ 6055 ms] [UE 12169] UL: SNR = 63.50 dB | SE = 20.778 bit/s/Hz
[ 6055 ms] [UE 22873] UL: SNR = 63.50 dB | SE = 20.778 bit/s/Hz
[ 6055 ms] [UE 30556] UL: SNR = 63.50 dB | SE = 20.778 bit/s/Hz
[ 6055 ms] [UE 20945] UL: SNR = 63.50 dB | SE = 20.778 bit/s/Hz
[ 6142 ms] [UE 45898] UL: SNR = 63.50 dB | SE = 20.778 bit/s/Hz
[ 6142 ms] [UE 36997] UL: SNR = 63.50 dB | SE = 20.778 bit/s/Hz
[ 6142 ms] [UE 48787] UL: SNR = 63.50 dB | SE = 20.778 bit/s/Hz
[ 6142 ms] [UE 40252] UL: SNR = 56.00 dB | SE = 18.324 bit/s/Hz
[ 6142 ms] [UE 15599] UL: SNR = 52.50 dB | SE = 17.179 bit/s/Hz
[ 6157 ms] [UE 33952] UL: SNR = 63.50 dB | SE = 20.778 bit/s/Hz
[ 6157 ms] [UE 12169] UL: SNR = 63.50 dB | SE = 20.778 bit/s/Hz
[ 6157 ms] [UE 22873] UL: SNR = 63.50 dB | SE = 20.778 bit/s/Hz
[ 6157 ms] [UE 30556] UL: SNR = 63.50 dB | SE = 20.778 bit/s/Hz
[ 6157 ms] [UE 20945] UL: SNR = 63.50 dB | SE = 20.778 bit/s/Hz
[ 6252 ms] [UE 45898] UL: SNR = 63.50 dB | SE = 20.778 bit/s/Hz
[ 6252 ms] [UE 36997] UL: SNR = 63.50 dB | SE = 20.778 bit/s/Hz
[ 6252 ms] [UE 48787] UL: SNR = 63.50 dB | SE = 20.778 bit/s/Hz
[ 6252 ms] [UE 40252] UL: SNR = 56.00 dB | SE = 18.324 bit/s/Hz
[ 6252 ms] [UE 15599] UL: SNR = 52.50 dB | SE = 17.179 bit/s/Hz
[ 6265 ms] [UE 33952] UL: SNR = 63.50 dB | SE = 20.778 bit/s/Hz
[ 6265 ms] [UE 12169] UL: SNR = 63.50 dB | SE = 20.778 bit/s/Hz
[ 6265 ms] [UE 22873] UL: SNR = 63.50 dB | SE = 20.778 bit/s/Hz
[ 6265 ms] [UE 30556] UL: SNR = 7.50 dB | SE = 2.687 bit/s/Hz
[ 6265 ms] [UE 20945] UL: SNR = 63.50 dB | SE = 20.778 bit/s/Hz
[ 6352 ms] [UE 45898] UL: SNR = 63.50 dB | SE = 20.778 bit/s/Hz
[ 6352 ms] [UE 36997] UL: SNR = 63.50 dB | SE = 20.778 bit/s/Hz
[ 6352 ms] [UE 48787] UL: SNR = 63.50 dB | SE = 20.778 bit/s/Hz
[ 6352 ms] [UE 40252] UL: SNR = 56.00 dB | SE = 18.324 bit/s/Hz
[ 6352 ms] [UE 15599] UL: SNR = 52.50 dB | SE = 17.179 bit/s/Hz
[ 6365 ms] [UE 33952] UL: SNR = 63.50 dB | SE = 20.778 bit/s/Hz
[ 6365 ms] [UE 12169] UL: SNR = 63.50 dB | SE = 20.778 bit/s/Hz
[ 6365 ms] [UE 22873] UL: SNR = 63.50 dB | SE = 20.778 bit/s/Hz
[ 6365 ms] [UE 30556] UL: SNR = 7.50 dB | SE = 2.687 bit/s/Hz
[ 6365 ms] [UE 20945] UL: SNR = 63.50 dB | SE = 20.778 bit/s/Hz
[ 6452 ms] [UE 45898] UL: SNR = 63.50 dB | SE = 20.778 bit/s/Hz
[ 6452 ms] [UE 36997] UL: SNR = 63.50 dB | SE = 20.778 bit/s/Hz
[ 6452 ms] [UE 48787] UL: SNR = 63.50 dB | SE = 20.778 bit/s/Hz
[ 6452 ms] [UE 40252] UL: SNR = 56.00 dB | SE = 18.324 bit/s/Hz
[ 6452 ms] [UE 15599] UL: SNR = 52.50 dB | SE = 17.179 bit/s/Hz
[ 6474 ms] [UE 33952] UL: SNR = 63.50 dB | SE = 20.778 bit/s/Hz
[ 6474 ms] [UE 12169] UL: SNR = 63.50 dB | SE = 20.778 bit/s/Hz
[ 6474 ms] [UE 22873] UL: SNR = 63.50 dB | SE = 20.778 bit/s/Hz
[ 6474 ms] [UE 30556] UL: SNR = 7.50 dB | SE = 2.687 bit/s/Hz
[ 6474 ms] [UE 20945] UL: SNR = 63.50 dB | SE = 20.778 bit/s/Hz
[ 6562 ms] [UE 45898] UL: SNR = 63.50 dB | SE = 20.778 bit/s/Hz
[ 6562 ms] [UE 36997] UL: SNR = 63.50 dB | SE = 20.778 bit/s/Hz
[ 6562 ms] [UE 48787] UL: SNR = 63.50 dB | SE = 20.778 bit/s/Hz
[ 6562 ms] [UE 40252] UL: SNR = 56.00 dB | SE = 18.324 bit/s/Hz
[ 6562 ms] [UE 15599] UL: SNR = 52.50 dB | SE = 17.179 bit/s/Hz
[ 6575 ms] [UE 33952] UL: SNR = 63.50 dB | SE = 20.778 bit/s/Hz
[ 6575 ms] [UE 12169] UL: SNR = 63.50 dB | SE = 20.778 bit/s/Hz
[ 6575 ms] [UE 22873] UL: SNR = 63.50 dB | SE = 20.778 bit/s/Hz
[ 6575 ms] [UE 30556] UL: SNR = 7.50 dB | SE = 2.687 bit/s/Hz
[ 6575 ms] [UE 20945] UL: SNR = 63.50 dB | SE = 20.778 bit/s/Hz
[ 6662 ms] [UE 45898] UL: SNR = 63.50 dB | SE = 20.778 bit/s/Hz
[ 6662 ms] [UE 36997] UL: SNR = 63.50 dB | SE = 20.778 bit/s/Hz
[ 6662 ms] [UE 48787] UL: SNR = 63.50 dB | SE = 20.778 bit/s/Hz
[ 6662 ms] [UE 40252] UL: SNR = 56.00 dB | SE = 18.324 bit/s/Hz
[ 6662 ms] [UE 15599] UL: SNR = 52.50 dB | SE = 17.179 bit/s/Hz
[ 6675 ms] [UE 33952] UL: SNR = 63.50 dB | SE = 20.778 bit/s/Hz
[ 6675 ms] [UE 12169] UL: SNR = 63.50 dB | SE = 20.778 bit/s/Hz
[ 6675 ms] [UE 22873] UL: SNR = 63.50 dB | SE = 20.778 bit/s/Hz
[ 6675 ms] [UE 30556] UL: SNR = 7.50 dB | SE = 2.687 bit/s/Hz
[ 6675 ms] [UE 20945] UL: SNR = 63.50 dB | SE = 20.778 bit/s/Hz
[ 6763 ms] [UE 45898] UL: SNR = 63.50 dB | SE = 20.778 bit/s/Hz
[ 6763 ms] [UE 36997] UL: SNR = 63.50 dB | SE = 20.778 bit/s/Hz
[ 6763 ms] [UE 48787] UL: SNR = 63.50 dB | SE = 20.778 bit/s/Hz
[ 6763 ms] [UE 40252] UL: SNR = 56.00 dB | SE = 18.324 bit/s/Hz
[ 6763 ms] [UE 15599] UL: SNR = 52.50 dB | SE = 17.179 bit/s/Hz
[ 6775 ms] [UE 33952] UL: SNR = 63.50 dB | SE = 20.778 bit/s/Hz
[ 6775 ms] [UE 12169] UL: SNR = 63.50 dB | SE = 20.778 bit/s/Hz
[ 6775 ms] [UE 22873] UL: SNR = 63.50 dB | SE = 20.778 bit/s/Hz
[ 6775 ms] [UE 30556] UL: SNR = 7.50 dB | SE = 2.687 bit/s/Hz
[ 6775 ms] [UE 20945] UL: SNR = 63.50 dB | SE = 20.778 bit/s/Hz
[ 6872 ms] [UE 45898] UL: SNR = 63.50 dB | SE = 20.778 bit/s/Hz
[ 6872 ms] [UE 36997] UL: SNR = 63.50 dB | SE = 20.778 bit/s/Hz
[ 6872 ms] [UE 48787] UL: SNR = 63.50 dB | SE = 20.778 bit/s/Hz
[ 6872 ms] [UE 40252] UL: SNR = 56.00 dB | SE = 18.324 bit/s/Hz
[ 6872 ms] [UE 15599] UL: SNR = 52.50 dB | SE = 17.179 bit/s/Hz
[ 6885 ms] [UE 33952] UL: SNR = 63.50 dB | SE = 20.778 bit/s/Hz
[ 6885 ms] [UE 12169] UL: SNR = 63.50 dB | SE = 20.778 bit/s/Hz
[ 6885 ms] [UE 22873] UL: SNR = 63.50 dB | SE = 20.778 bit/s/Hz
[ 6885 ms] [UE 30556] UL: SNR = 7.50 dB | SE = 2.687 bit/s/Hz
[ 6885 ms] [UE 20945] UL: SNR = 63.50 dB | SE = 20.778 bit/s/Hz
[ 6973 ms] [UE 45898] UL: SNR = 63.50 dB | SE = 20.778 bit/s/Hz
[ 6973 ms] [UE 36997] UL: SNR = 63.50 dB | SE = 20.778 bit/s/Hz
[ 6973 ms] [UE 48787] UL: SNR = 63.50 dB | SE = 20.778 bit/s/Hz
[ 6973 ms] [UE 40252] UL: SNR = 56.00 dB | SE = 18.324 bit/s/Hz
[ 6973 ms] [UE 15599] UL: SNR = 52.50 dB | SE = 17.179 bit/s/Hz
[ 6985 ms] [UE 33952] UL: SNR = 63.50 dB | SE = 20.778 bit/s/Hz
[ 6985 ms] [UE 12169] UL: SNR = 63.50 dB | SE = 20.778 bit/s/Hz
[ 6985 ms] [UE 22873] UL: SNR = 63.50 dB | SE = 20.778 bit/s/Hz
[ 6985 ms] [UE 30556] UL: SNR = 53.50 dB | SE = 17.506 bit/s/Hz
[ 6985 ms] [UE 20945] UL: SNR = 63.50 dB | SE = 20.778 bit/s/Hz
[ 7082 ms] [UE 45898] UL: SNR = 63.50 dB | SE = 20.778 bit/s/Hz
[ 7082 ms] [UE 36997] UL: SNR = 63.50 dB | SE = 20.778 bit/s/Hz
[ 7082 ms] [UE 48787] UL: SNR = 63.50 dB | SE = 20.778 bit/s/Hz
[ 7082 ms] [UE 40252] UL: SNR = 56.00 dB | SE = 18.324 bit/s/Hz
[ 7082 ms] [UE 15599] UL: SNR = 52.50 dB | SE = 17.179 bit/s/Hz
[ 7097 ms] [UE 33952] UL: SNR = 63.50 dB | SE = 20.778 bit/s/Hz
[ 7097 ms] [UE 12169] UL: SNR = 63.50 dB | SE = 20.778 bit/s/Hz
[ 7097 ms] [UE 22873] UL: SNR = 63.50 dB | SE = 20.778 bit/s/Hz
[ 7097 ms] [UE 30556] UL: SNR = 53.50 dB | SE = 17.506 bit/s/Hz
[ 7097 ms] [UE 20945] UL: SNR = 63.50 dB | SE = 20.778 bit/s/Hz
[ 7182 ms] [UE 45898] UL: SNR = 63.50 dB | SE = 20.778 bit/s/Hz
[ 7182 ms] [UE 36997] UL: SNR = 63.50 dB | SE = 20.778 bit/s/Hz
[ 7182 ms] [UE 48787] UL: SNR = 63.50 dB | SE = 20.778 bit/s/Hz
[ 7182 ms] [UE 40252] UL: SNR = 56.00 dB | SE = 18.324 bit/s/Hz
[ 7182 ms] [UE 15599] UL: SNR = 52.50 dB | SE = 17.179 bit/s/Hz
[ 7204 ms] [UE 33952] UL: SNR = 63.50 dB | SE = 20.778 bit/s/Hz
[ 7204 ms] [UE 12169] UL: SNR = 63.50 dB | SE = 20.778 bit/s/Hz
[ 7204 ms] [UE 22873] UL: SNR = 63.50 dB | SE = 20.778 bit/s/Hz
[ 7204 ms] [UE 30556] UL: SNR = 53.50 dB | SE = 17.506 bit/s/Hz
[ 7204 ms] [UE 20945] UL: SNR = 63.50 dB | SE = 20.778 bit/s/Hz
[ 7282 ms] [UE 45898] UL: SNR = 63.50 dB | SE = 20.778 bit/s/Hz
[ 7282 ms] [UE 36997] UL: SNR = 63.50 dB | SE = 20.778 bit/s/Hz
[ 7282 ms] [UE 48787] UL: SNR = 63.50 dB | SE = 20.778 bit/s/Hz
[ 7282 ms] [UE 40252] UL: SNR = 56.00 dB | SE = 18.324 bit/s/Hz
[ 7282 ms] [UE 15599] UL: SNR = 52.50 dB | SE = 17.179 bit/s/Hz
[ 7305 ms] [UE 33952] UL: SNR = 63.50 dB | SE = 20.778 bit/s/Hz
[ 7305 ms] [UE 12169] UL: SNR = 63.50 dB | SE = 20.778 bit/s/Hz
[ 7305 ms] [UE 22873] UL: SNR = 63.50 dB | SE = 20.778 bit/s/Hz
[ 7305 ms] [UE 30556] UL: SNR = 54.00 dB | SE = 17.669 bit/s/Hz
[ 7305 ms] [UE 20945] UL: SNR = 63.50 dB | SE = 20.778 bit/s/Hz
[ 7393 ms] [UE 45898] UL: SNR = 63.50 dB | SE = 20.778 bit/s/Hz
[ 7393 ms] [UE 36997] UL: SNR = 63.50 dB | SE = 20.778 bit/s/Hz
[ 7393 ms] [UE 48787] UL: SNR = 63.50 dB | SE = 20.778 bit/s/Hz
[ 7393 ms] [UE 40252] UL: SNR = 56.00 dB | SE = 18.324 bit/s/Hz
[ 7393 ms] [UE 15599] UL: SNR = 52.50 dB | SE = 17.179 bit/s/Hz
[ 7415 ms] [UE 33952] UL: SNR = 63.50 dB | SE = 20.778 bit/s/Hz
[ 7415 ms] [UE 12169] UL: SNR = 63.50 dB | SE = 20.778 bit/s/Hz
[ 7415 ms] [UE 22873] UL: SNR = 63.50 dB | SE = 20.778 bit/s/Hz
[ 7415 ms] [UE 30556] UL: SNR = 54.00 dB | SE = 17.669 bit/s/Hz
[ 7415 ms] [UE 20945] UL: SNR = 63.50 dB | SE = 20.778 bit/s/Hz
[ 7503 ms] [UE 45898] UL: SNR = 63.50 dB | SE = 20.778 bit/s/Hz
[ 7503 ms] [UE 36997] UL: SNR = 63.50 dB | SE = 20.778 bit/s/Hz
[ 7503 ms] [UE 48787] UL: SNR = 63.50 dB | SE = 20.778 bit/s/Hz
[ 7503 ms] [UE 40252] UL: SNR = 56.00 dB | SE = 18.324 bit/s/Hz
[ 7503 ms] [UE 15599] UL: SNR = 52.50 dB | SE = 17.179 bit/s/Hz
[ 7515 ms] [UE 33952] UL: SNR = 63.50 dB | SE = 20.778 bit/s/Hz
[ 7515 ms] [UE 12169] UL: SNR = 63.50 dB | SE = 20.778 bit/s/Hz
[ 7515 ms] [UE 22873] UL: SNR = 63.50 dB | SE = 20.778 bit/s/Hz
[ 7515 ms] [UE 30556] UL: SNR = 63.50 dB | SE = 20.778 bit/s/Hz
[ 7515 ms] [UE 20945] UL: SNR = 63.50 dB | SE = 20.778 bit/s/Hz
[ 7612 ms] [UE 45898] UL: SNR = 63.50 dB | SE = 20.778 bit/s/Hz
[ 7612 ms] [UE 36997] UL: SNR = 63.50 dB | SE = 20.778 bit/s/Hz
[ 7612 ms] [UE 48787] UL: SNR = 63.50 dB | SE = 20.778 bit/s/Hz
[ 7612 ms] [UE 40252] UL: SNR = 56.00 dB | SE = 18.324 bit/s/Hz
[ 7612 ms] [UE 15599] UL: SNR = 52.50 dB | SE = 17.179 bit/s/Hz
[ 7625 ms] [UE 33952] UL: SNR = 63.50 dB | SE = 20.778 bit/s/Hz
[ 7625 ms] [UE 12169] UL: SNR = 63.50 dB | SE = 20.778 bit/s/Hz
[ 7625 ms] [UE 22873] UL: SNR = 63.50 dB | SE = 20.778 bit/s/Hz
[ 7625 ms] [UE 30556] UL: SNR = 63.50 dB | SE = 20.778 bit/s/Hz
[ 7625 ms] [UE 20945] UL: SNR = 63.50 dB | SE = 20.778 bit/s/Hz
[ 7713 ms] [UE 45898] UL: SNR = 63.50 dB | SE = 20.778 bit/s/Hz
[ 7713 ms] [UE 36997] UL: SNR = 63.50 dB | SE = 20.778 bit/s/Hz
[ 7713 ms] [UE 48787] UL: SNR = 63.50 dB | SE = 20.778 bit/s/Hz
[ 7713 ms] [UE 40252] UL: SNR = 56.00 dB | SE = 18.324 bit/s/Hz
[ 7713 ms] [UE 15599] UL: SNR = 52.50 dB | SE = 17.179 bit/s/Hz
[ 7735 ms] [UE 33952] UL: SNR = 63.50 dB | SE = 20.778 bit/s/Hz
[ 7735 ms] [UE 12169] UL: SNR = 63.50 dB | SE = 20.778 bit/s/Hz
[ 7735 ms] [UE 22873] UL: SNR = 63.50 dB | SE = 20.778 bit/s/Hz
[ 7735 ms] [UE 30556] UL: SNR = 54.00 dB | SE = 17.669 bit/s/Hz
[ 7735 ms] [UE 20945] UL: SNR = 63.50 dB | SE = 20.778 bit/s/Hz
[ 7822 ms] [UE 45898] UL: SNR = 63.50 dB | SE = 20.778 bit/s/Hz
[ 7822 ms] [UE 36997] UL: SNR = 63.50 dB | SE = 20.778 bit/s/Hz
[ 7822 ms] [UE 48787] UL: SNR = 63.50 dB | SE = 20.778 bit/s/Hz
[ 7822 ms] [UE 40252] UL: SNR = 56.00 dB | SE = 18.324 bit/s/Hz
[ 7822 ms] [UE 15599] UL: SNR = 52.50 dB | SE = 17.179 bit/s/Hz
[ 7845 ms] [UE 33952] UL: SNR = 63.50 dB | SE = 20.778 bit/s/Hz
[ 7845 ms] [UE 12169] UL: SNR = 63.50 dB | SE = 20.778 bit/s/Hz
[ 7845 ms] [UE 22873] UL: SNR = 63.50 dB | SE = 20.778 bit/s/Hz
[ 7845 ms] [UE 30556] UL: SNR = 54.00 dB | SE = 17.669 bit/s/Hz
[ 7845 ms] [UE 20945] UL: SNR = 63.50 dB | SE = 20.778 bit/s/Hz
[ 7933 ms] [UE 45898] UL: SNR = 63.50 dB | SE = 20.778 bit/s/Hz
[ 7933 ms] [UE 36997] UL: SNR = 63.50 dB | SE = 20.778 bit/s/Hz
[ 7933 ms] [UE 48787] UL: SNR = 63.50 dB | SE = 20.778 bit/s/Hz
[ 7933 ms] [UE 40252] UL: SNR = 56.00 dB | SE = 18.324 bit/s/Hz
[ 7933 ms] [UE 15599] UL: SNR = 52.50 dB | SE = 17.179 bit/s/Hz
[ 7945 ms] [UE 33952] UL: SNR = 63.50 dB | SE = 20.778 bit/s/Hz
[ 7945 ms] [UE 12169] UL: SNR = 63.50 dB | SE = 20.778 bit/s/Hz
[ 7945 ms] [UE 22873] UL: SNR = 63.50 dB | SE = 20.778 bit/s/Hz
[ 7945 ms] [UE 30556] UL: SNR = 63.50 dB | SE = 20.778 bit/s/Hz
[ 7945 ms] [UE 20945] UL: SNR = 63.50 dB | SE = 20.778 bit/s/Hz
[ 8043 ms] [UE 45898] UL: SNR = 63.50 dB | SE = 20.778 bit/s/Hz
[ 8043 ms] [UE 36997] UL: SNR = 63.50 dB | SE = 20.778 bit/s/Hz
[ 8043 ms] [UE 48787] UL: SNR = 63.50 dB | SE = 20.778 bit/s/Hz
[ 8043 ms] [UE 40252] UL: SNR = 56.00 dB | SE = 18.324 bit/s/Hz
[ 8043 ms] [UE 15599] UL: SNR = 52.50 dB | SE = 17.179 bit/s/Hz
[ 8055 ms] [UE 33952] UL: SNR = 63.50 dB | SE = 20.778 bit/s/Hz
[ 8055 ms] [UE 12169] UL: SNR = 63.50 dB | SE = 20.778 bit/s/Hz
[ 8055 ms] [UE 22873] UL: SNR = 63.50 dB | SE = 20.778 bit/s/Hz
[ 8055 ms] [UE 30556] UL: SNR = 63.50 dB | SE = 20.778 bit/s/Hz
[ 8055 ms] [UE 20945] UL: SNR = 63.50 dB | SE = 20.778 bit/s/Hz
[ 8153 ms] [UE 45898] UL: SNR = 63.50 dB | SE = 20.778 bit/s/Hz
[ 8153 ms] [UE 36997] UL: SNR = 63.50 dB | SE = 20.778 bit/s/Hz
[ 8153 ms] [UE 48787] UL: SNR = 63.50 dB | SE = 20.778 bit/s/Hz
[ 8153 ms] [UE 40252] UL: SNR = 56.00 dB | SE = 18.324 bit/s/Hz
[ 8153 ms] [UE 15599] UL: SNR = 52.50 dB | SE = 17.179 bit/s/Hz
[ 8165 ms] [UE 33952] UL: SNR = 63.50 dB | SE = 20.778 bit/s/Hz
[ 8165 ms] [UE 12169] UL: SNR = 63.50 dB | SE = 20.778 bit/s/Hz
[ 8165 ms] [UE 22873] UL: SNR = 63.50 dB | SE = 20.778 bit/s/Hz
[ 8165 ms] [UE 30556] UL: SNR = 63.50 dB | SE = 20.778 bit/s/Hz
[ 8165 ms] [UE 20945] UL: SNR = 63.50 dB | SE = 20.778 bit/s/Hz
[ 8263 ms] [UE 45898] UL: SNR = 63.50 dB | SE = 20.778 bit/s/Hz
[ 8263 ms] [UE 36997] UL: SNR = 63.50 dB | SE = 20.778 bit/s/Hz
[ 8263 ms] [UE 48787] UL: SNR = 63.50 dB | SE = 20.778 bit/s/Hz
[ 8263 ms] [UE 40252] UL: SNR = 56.00 dB | SE = 18.324 bit/s/Hz
[ 8263 ms] [UE 15599] UL: SNR = 52.50 dB | SE = 17.179 bit/s/Hz
[ 8275 ms] [UE 33952] UL: SNR = 63.50 dB | SE = 20.778 bit/s/Hz
[ 8275 ms] [UE 12169] UL: SNR = 63.50 dB | SE = 20.778 bit/s/Hz
[ 8275 ms] [UE 22873] UL: SNR = 63.50 dB | SE = 20.778 bit/s/Hz
[ 8275 ms] [UE 30556] UL: SNR = 63.50 dB | SE = 20.778 bit/s/Hz
[ 8275 ms] [UE 20945] UL: SNR = 63.50 dB | SE = 20.778 bit/s/Hz
[ 8373 ms] [UE 45898] UL: SNR = 63.50 dB | SE = 20.778 bit/s/Hz
[ 8373 ms] [UE 36997] UL: SNR = 63.50 dB | SE = 20.778 bit/s/Hz
[ 8373 ms] [UE 48787] UL: SNR = 63.50 dB | SE = 20.778 bit/s/Hz
[ 8373 ms] [UE 40252] UL: SNR = 56.00 dB | SE = 18.324 bit/s/Hz
[ 8373 ms] [UE 15599] UL: SNR = 52.50 dB | SE = 17.179 bit/s/Hz
[ 8387 ms] [UE 33952] UL: SNR = 63.50 dB | SE = 20.778 bit/s/Hz
[ 8387 ms] [UE 12169] UL: SNR = 63.50 dB | SE = 20.778 bit/s/Hz
[ 8387 ms] [UE 22873] UL: SNR = 63.50 dB | SE = 20.778 bit/s/Hz
[ 8387 ms] [UE 30556] UL: SNR = 63.50 dB | SE = 20.778 bit/s/Hz
[ 8387 ms] [UE 20945] UL: SNR = 63.50 dB | SE = 20.778 bit/s/Hz
[ 8473 ms] [UE 45898] UL: SNR = 63.50 dB | SE = 20.778 bit/s/Hz
[ 8473 ms] [UE 36997] UL: SNR = 63.50 dB | SE = 20.778 bit/s/Hz
[ 8473 ms] [UE 48787] UL: SNR = 63.50 dB | SE = 20.778 bit/s/Hz
[ 8473 ms] [UE 40252] UL: SNR = 56.00 dB | SE = 18.324 bit/s/Hz
[ 8473 ms] [UE 15599] UL: SNR = 52.50 dB | SE = 17.179 bit/s/Hz
[ 8495 ms] [UE 33952] UL: SNR = 63.50 dB | SE = 20.778 bit/s/Hz
[ 8495 ms] [UE 12169] UL: SNR = 63.50 dB | SE = 20.778 bit/s/Hz
[ 8495 ms] [UE 22873] UL: SNR = 63.50 dB | SE = 20.778 bit/s/Hz
[ 8495 ms] [UE 30556] UL: SNR = 63.50 dB | SE = 20.778 bit/s/Hz
[ 8495 ms] [UE 20945] UL: SNR = 63.50 dB | SE = 20.778 bit/s/Hz
[ 8583 ms] [UE 45898] UL: SNR = 63.50 dB | SE = 20.778 bit/s/Hz
[ 8583 ms] [UE 36997] UL: SNR = 63.50 dB | SE = 20.778 bit/s/Hz
[ 8583 ms] [UE 48787] UL: SNR = 63.50 dB | SE = 20.778 bit/s/Hz
[ 8583 ms] [UE 40252] UL: SNR = 56.00 dB | SE = 18.324 bit/s/Hz
[ 8583 ms] [UE 15599] UL: SNR = 52.50 dB | SE = 17.179 bit/s/Hz
[ 8605 ms] [UE 33952] UL: SNR = 63.50 dB | SE = 20.778 bit/s/Hz
[ 8605 ms] [UE 12169] UL: SNR = 63.50 dB | SE = 20.778 bit/s/Hz
[ 8605 ms] [UE 22873] UL: SNR = 63.50 dB | SE = 20.778 bit/s/Hz
[ 8605 ms] [UE 30556] UL: SNR = 63.50 dB | SE = 20.778 bit/s/Hz
[ 8605 ms] [UE 20945] UL: SNR = 63.50 dB | SE = 20.778 bit/s/Hz
[ 8692 ms] [UE 45898] UL: SNR = 63.50 dB | SE = 20.778 bit/s/Hz
[ 8692 ms] [UE 36997] UL: SNR = 63.50 dB | SE = 20.778 bit/s/Hz
[ 8692 ms] [UE 48787] UL: SNR = 63.50 dB | SE = 20.778 bit/s/Hz
[ 8692 ms] [UE 40252] UL: SNR = 56.00 dB | SE = 18.324 bit/s/Hz
[ 8692 ms] [UE 15599] UL: SNR = 52.50 dB | SE = 17.179 bit/s/Hz
[ 8715 ms] [UE 33952] UL: SNR = 63.50 dB | SE = 20.778 bit/s/Hz
[ 8715 ms] [UE 12169] UL: SNR = 63.50 dB | SE = 20.778 bit/s/Hz
[ 8715 ms] [UE 22873] UL: SNR = 63.50 dB | SE = 20.778 bit/s/Hz
[ 8715 ms] [UE 30556] UL: SNR = 63.50 dB | SE = 20.778 bit/s/Hz
[ 8715 ms] [UE 20945] UL: SNR = 63.50 dB | SE = 20.778 bit/s/Hz
[ 8792 ms] [UE 45898] UL: SNR = 63.50 dB | SE = 20.778 bit/s/Hz
[ 8792 ms] [UE 36997] UL: SNR = 63.50 dB | SE = 20.778 bit/s/Hz
[ 8792 ms] [UE 48787] UL: SNR = 63.50 dB | SE = 20.778 bit/s/Hz
[ 8792 ms] [UE 40252] UL: SNR = 56.00 dB | SE = 18.324 bit/s/Hz
[ 8792 ms] [UE 15599] UL: SNR = 52.50 dB | SE = 17.179 bit/s/Hz
[ 8817 ms] [UE 33952] UL: SNR = 63.50 dB | SE = 20.778 bit/s/Hz
[ 8817 ms] [UE 12169] UL: SNR = 63.50 dB | SE = 20.778 bit/s/Hz
[ 8817 ms] [UE 22873] UL: SNR = 63.50 dB | SE = 20.778 bit/s/Hz
[ 8817 ms] [UE 30556] UL: SNR = 63.50 dB | SE = 20.778 bit/s/Hz
[ 8817 ms] [UE 20945] UL: SNR = 63.50 dB | SE = 20.778 bit/s/Hz
[ 8893 ms] [UE 45898] UL: SNR = 63.50 dB | SE = 20.778 bit/s/Hz
[ 8893 ms] [UE 36997] UL: SNR = 63.50 dB | SE = 20.778 bit/s/Hz
[ 8893 ms] [UE 48787] UL: SNR = 63.50 dB | SE = 20.778 bit/s/Hz
[ 8893 ms] [UE 40252] UL: SNR = 56.00 dB | SE = 18.324 bit/s/Hz
[ 8893 ms] [UE 15599] UL: SNR = 52.50 dB | SE = 17.179 bit/s/Hz
[ 8925 ms] [UE 33952] UL: SNR = 63.50 dB | SE = 20.778 bit/s/Hz
[ 8925 ms] [UE 12169] UL: SNR = 63.50 dB | SE = 20.778 bit/s/Hz
[ 8925 ms] [UE 22873] UL: SNR = 63.50 dB | SE = 20.778 bit/s/Hz
[ 8925 ms] [UE 30556] UL: SNR = 50.50 dB | SE = 16.524 bit/s/Hz
[ 8925 ms] [UE 20945] UL: SNR = 63.50 dB | SE = 20.778 bit/s/Hz
[ 9002 ms] [UE 45898] UL: SNR = 63.50 dB | SE = 20.778 bit/s/Hz
[ 9002 ms] [UE 36997] UL: SNR = 63.50 dB | SE = 20.778 bit/s/Hz
[ 9002 ms] [UE 48787] UL: SNR = 63.50 dB | SE = 20.778 bit/s/Hz
[ 9002 ms] [UE 40252] UL: SNR = 56.00 dB | SE = 18.324 bit/s/Hz
[ 9002 ms] [UE 15599] UL: SNR = 52.50 dB | SE = 17.179 bit/s/Hz
[ 9025 ms] [UE 33952] UL: SNR = 63.50 dB | SE = 20.778 bit/s/Hz
[ 9025 ms] [UE 12169] UL: SNR = 63.50 dB | SE = 20.778 bit/s/Hz
[ 9025 ms] [UE 22873] UL: SNR = 63.50 dB | SE = 20.778 bit/s/Hz
[ 9025 ms] [UE 30556] UL: SNR = 50.50 dB | SE = 16.524 bit/s/Hz
[ 9025 ms] [UE 20945] UL: SNR = 63.50 dB | SE = 20.778 bit/s/Hz
[ 9112 ms] [UE 45898] UL: SNR = 63.50 dB | SE = 20.778 bit/s/Hz
[ 9112 ms] [UE 36997] UL: SNR = 63.50 dB | SE = 20.778 bit/s/Hz
[ 9112 ms] [UE 48787] UL: SNR = 63.50 dB | SE = 20.778 bit/s/Hz
[ 9112 ms] [UE 40252] UL: SNR = 56.00 dB | SE = 18.324 bit/s/Hz
[ 9112 ms] [UE 15599] UL: SNR = 52.50 dB | SE = 17.179 bit/s/Hz
[ 9137 ms] [UE 33952] UL: SNR = 63.50 dB | SE = 20.778 bit/s/Hz
[ 9137 ms] [UE 12169] UL: SNR = 63.50 dB | SE = 20.778 bit/s/Hz
[ 9137 ms] [UE 22873] UL: SNR = 63.50 dB | SE = 20.778 bit/s/Hz
[ 9137 ms] [UE 30556] UL: SNR = 63.50 dB | SE = 20.778 bit/s/Hz
[ 9137 ms] [UE 20945] UL: SNR = 63.50 dB | SE = 20.778 bit/s/Hz
[ 9212 ms] [UE 45898] UL: SNR = 63.50 dB | SE = 20.778 bit/s/Hz
[ 9212 ms] [UE 36997] UL: SNR = 63.50 dB | SE = 20.778 bit/s/Hz
[ 9212 ms] [UE 48787] UL: SNR = 63.50 dB | SE = 20.778 bit/s/Hz
[ 9212 ms] [UE 40252] UL: SNR = 56.00 dB | SE = 18.324 bit/s/Hz
[ 9212 ms] [UE 15599] UL: SNR = 52.50 dB | SE = 17.179 bit/s/Hz
[ 9247 ms] [UE 33952] UL: SNR = 63.50 dB | SE = 20.778 bit/s/Hz
[ 9247 ms] [UE 12169] UL: SNR = 63.50 dB | SE = 20.778 bit/s/Hz
[ 9247 ms] [UE 22873] UL: SNR = 63.50 dB | SE = 20.778 bit/s/Hz
[ 9247 ms] [UE 30556] UL: SNR = 63.50 dB | SE = 20.778 bit/s/Hz
[ 9247 ms] [UE 20945] UL: SNR = 63.50 dB | SE = 20.778 bit/s/Hz
[ 9312 ms] [UE 45898] UL: SNR = 63.50 dB | SE = 20.778 bit/s/Hz
[ 9312 ms] [UE 36997] UL: SNR = 63.50 dB | SE = 20.778 bit/s/Hz
[ 9312 ms] [UE 48787] UL: SNR = 63.50 dB | SE = 20.778 bit/s/Hz
[ 9312 ms] [UE 40252] UL: SNR = 56.00 dB | SE = 18.324 bit/s/Hz
[ 9312 ms] [UE 15599] UL: SNR = 52.50 dB | SE = 17.179 bit/s/Hz
[ 9356 ms] [UE 33952] UL: SNR = 63.50 dB | SE = 20.778 bit/s/Hz
[ 9356 ms] [UE 12169] UL: SNR = 63.50 dB | SE = 20.778 bit/s/Hz
[ 9356 ms] [UE 22873] UL: SNR = 63.50 dB | SE = 20.778 bit/s/Hz
[ 9356 ms] [UE 30556] UL: SNR = 63.50 dB | SE = 20.778 bit/s/Hz
[ 9356 ms] [UE 20945] UL: SNR = 63.50 dB | SE = 20.778 bit/s/Hz
[ 9423 ms] [UE 45898] UL: SNR = 63.50 dB | SE = 20.778 bit/s/Hz
[ 9423 ms] [UE 36997] UL: SNR = 63.50 dB | SE = 20.778 bit/s/Hz
[ 9423 ms] [UE 48787] UL: SNR = 63.50 dB | SE = 20.778 bit/s/Hz
[ 9423 ms] [UE 40252] UL: SNR = 56.00 dB | SE = 18.324 bit/s/Hz
[ 9423 ms] [UE 15599] UL: SNR = 52.50 dB | SE = 17.179 bit/s/Hz
[ 9465 ms] [UE 33952] UL: SNR = 63.50 dB | SE = 20.778 bit/s/Hz
[ 9465 ms] [UE 12169] UL: SNR = 63.50 dB | SE = 20.778 bit/s/Hz
[ 9465 ms] [UE 22873] UL: SNR = 63.50 dB | SE = 20.778 bit/s/Hz
[ 9465 ms] [UE 30556] UL: SNR = 63.50 dB | SE = 20.778 bit/s/Hz
[ 9465 ms] [UE 20945] UL: SNR = 63.50 dB | SE = 20.778 bit/s/Hz
[ 9523 ms] [UE 45898] UL: SNR = 63.50 dB | SE = 20.778 bit/s/Hz
[ 9523 ms] [UE 36997] UL: SNR = 63.50 dB | SE = 20.778 bit/s/Hz
[ 9523 ms] [UE 48787] UL: SNR = 63.50 dB | SE = 20.778 bit/s/Hz
[ 9523 ms] [UE 40252] UL: SNR = 56.00 dB | SE = 18.324 bit/s/Hz
[ 9523 ms] [UE 15599] UL: SNR = 52.50 dB | SE = 17.179 bit/s/Hz
[ 9565 ms] [UE 33952] UL: SNR = 63.50 dB | SE = 20.778 bit/s/Hz
[ 9565 ms] [UE 12169] UL: SNR = 63.50 dB | SE = 20.778 bit/s/Hz
[ 9565 ms] [UE 22873] UL: SNR = 63.50 dB | SE = 20.778 bit/s/Hz
[ 9565 ms] [UE 30556] UL: SNR = 63.50 dB | SE = 20.778 bit/s/Hz
[ 9565 ms] [UE 20945] UL: SNR = 63.50 dB | SE = 20.778 bit/s/Hz
[ 9632 ms] [UE 45898] UL: SNR = 63.50 dB | SE = 20.778 bit/s/Hz
[ 9632 ms] [UE 36997] UL: SNR = 63.50 dB | SE = 20.778 bit/s/Hz
[ 9632 ms] [UE 48787] UL: SNR = 63.50 dB | SE = 20.778 bit/s/Hz
[ 9632 ms] [UE 40252] UL: SNR = 56.00 dB | SE = 18.324 bit/s/Hz
[ 9632 ms] [UE 15599] UL: SNR = 52.50 dB | SE = 17.179 bit/s/Hz
[ 9675 ms] [UE 33952] UL: SNR = 63.50 dB | SE = 20.778 bit/s/Hz
[ 9675 ms] [UE 12169] UL: SNR = 63.50 dB | SE = 20.778 bit/s/Hz
[ 9675 ms] [UE 22873] UL: SNR = 63.50 dB | SE = 20.778 bit/s/Hz
[ 9675 ms] [UE 30556] UL: SNR = 63.50 dB | SE = 20.778 bit/s/Hz
[ 9675 ms] [UE 20945] UL: SNR = 63.50 dB | SE = 20.778 bit/s/Hz
[ 9732 ms] [UE 45898] UL: SNR = 63.50 dB | SE = 20.778 bit/s/Hz
[ 9732 ms] [UE 36997] UL: SNR = 63.50 dB | SE = 20.778 bit/s/Hz
[ 9732 ms] [UE 48787] UL: SNR = 63.50 dB | SE = 20.778 bit/s/Hz
[ 9732 ms] [UE 40252] UL: SNR = 56.00 dB | SE = 18.324 bit/s/Hz
[ 9732 ms] [UE 15599] UL: SNR = 52.50 dB | SE = 17.179 bit/s/Hz
[ 9785 ms] [UE 33952] UL: SNR = 63.50 dB | SE = 20.778 bit/s/Hz
[ 9785 ms] [UE 12169] UL: SNR = 63.50 dB | SE = 20.778 bit/s/Hz
[ 9785 ms] [UE 22873] UL: SNR = 63.50 dB | SE = 20.778 bit/s/Hz
[ 9785 ms] [UE 30556] UL: SNR = 63.50 dB | SE = 20.778 bit/s/Hz
[ 9785 ms] [UE 20945] UL: SNR = 63.50 dB | SE = 20.778 bit/s/Hz
[ 9842 ms] [UE 45898] UL: SNR = 63.50 dB | SE = 20.778 bit/s/Hz
[ 9842 ms] [UE 36997] UL: SNR = 63.50 dB | SE = 20.778 bit/s/Hz
[ 9842 ms] [UE 48787] UL: SNR = 63.50 dB | SE = 20.778 bit/s/Hz
[ 9842 ms] [UE 40252] UL: SNR = 56.00 dB | SE = 18.324 bit/s/Hz
[ 9842 ms] [UE 15599] UL: SNR = 52.50 dB | SE = 17.179 bit/s/Hz
[ 9895 ms] [UE 33952] UL: SNR = 63.50 dB | SE = 20.778 bit/s/Hz
[ 9895 ms] [UE 12169] UL: SNR = 63.50 dB | SE = 20.778 bit/s/Hz
[ 9895 ms] [UE 22873] UL: SNR = 63.50 dB | SE = 20.778 bit/s/Hz
[ 9895 ms] [UE 30556] UL: SNR = 63.50 dB | SE = 20.778 bit/s/Hz
[ 9895 ms] [UE 20945] UL: SNR = 63.50 dB | SE = 20.778 bit/s/Hz
[ 9942 ms] [UE 45898] UL: SNR = 63.50 dB | SE = 20.778 bit/s/Hz
[ 9942 ms] [UE 36997] UL: SNR = 63.50 dB | SE = 20.778 bit/s/Hz
[ 9942 ms] [UE 48787] UL: SNR = 63.50 dB | SE = 20.778 bit/s/Hz
[ 9942 ms] [UE 40252] UL: SNR = 56.00 dB | SE = 18.324 bit/s/Hz
[ 9942 ms] [UE 15599] UL: SNR = 52.50 dB | SE = 17.179 bit/s/Hz
[ 9995 ms] [UE 33952] UL: SNR = 63.50 dB | SE = 20.778 bit/s/Hz
[ 9995 ms] [UE 12169] UL: SNR = 63.50 dB | SE = 20.778 bit/s/Hz
[ 9995 ms] [UE 22873] UL: SNR = 63.50 dB | SE = 20.778 bit/s/Hz
[ 9995 ms] [UE 30556] UL: SNR = 63.50 dB | SE = 20.778 bit/s/Hz
[ 9995 ms] [UE 20945] UL: SNR = 63.50 dB | SE = 20.778 bit/s/Hz
[10052 ms] [UE 45898] UL: SNR = 63.50 dB | SE = 20.778 bit/s/Hz
[10052 ms] [UE 36997] UL: SNR = 63.50 dB | SE = 20.778 bit/s/Hz
[10052 ms] [UE 48787] UL: SNR = 63.50 dB | SE = 20.778 bit/s/Hz
[10052 ms] [UE 40252] UL: SNR = 56.00 dB | SE = 18.324 bit/s/Hz
[10052 ms] [UE 15599] UL: SNR = 52.50 dB | SE = 17.179 bit/s/Hz
[10095 ms] [UE 33952] UL: SNR = 63.50 dB | SE = 20.778 bit/s/Hz
[10095 ms] [UE 12169] UL: SNR = 63.50 dB | SE = 20.778 bit/s/Hz
[10095 ms] [UE 22873] UL: SNR = 63.50 dB | SE = 20.778 bit/s/Hz
[10095 ms] [UE 30556] UL: SNR = 7.50 dB | SE = 2.687 bit/s/Hz
[10095 ms] [UE 20945] UL: SNR = 63.50 dB | SE = 20.778 bit/s/Hz
[10162 ms] [UE 45898] UL: SNR = 63.50 dB | SE = 20.778 bit/s/Hz
[10162 ms] [UE 36997] UL: SNR = 63.50 dB | SE = 20.778 bit/s/Hz
[10162 ms] [UE 48787] UL: SNR = 63.50 dB | SE = 20.778 bit/s/Hz
[10162 ms] [UE 40252] UL: SNR = 56.00 dB | SE = 18.324 bit/s/Hz
[10162 ms] [UE 15599] UL: SNR = 52.50 dB | SE = 17.179 bit/s/Hz
[10205 ms] [UE 33952] UL: SNR = 63.50 dB | SE = 20.778 bit/s/Hz
[10205 ms] [UE 12169] UL: SNR = 63.50 dB | SE = 20.778 bit/s/Hz
[10205 ms] [UE 22873] UL: SNR = 63.50 dB | SE = 20.778 bit/s/Hz
[10205 ms] [UE 30556] UL: SNR = 7.50 dB | SE = 2.687 bit/s/Hz
[10205 ms] [UE 20945] UL: SNR = 63.50 dB | SE = 20.778 bit/s/Hz
[10263 ms] [UE 45898] UL: SNR = 63.50 dB | SE = 20.778 bit/s/Hz
[10263 ms] [UE 36997] UL: SNR = 63.50 dB | SE = 20.778 bit/s/Hz
[10263 ms] [UE 48787] UL: SNR = 63.50 dB | SE = 20.778 bit/s/Hz
[10263 ms] [UE 40252] UL: SNR = 56.00 dB | SE = 18.324 bit/s/Hz
[10263 ms] [UE 15599] UL: SNR = 52.50 dB | SE = 17.179 bit/s/Hz
[10315 ms] [UE 33952] UL: SNR = 7.50 dB | SE = 2.687 bit/s/Hz
[10315 ms] [UE 12169] UL: SNR = 63.50 dB | SE = 20.778 bit/s/Hz
[10315 ms] [UE 22873] UL: SNR = 63.50 dB | SE = 20.778 bit/s/Hz
[10315 ms] [UE 30556] UL: SNR = 51.50 dB | SE = 16.851 bit/s/Hz
[10315 ms] [UE 20945] UL: SNR = 63.50 dB | SE = 20.778 bit/s/Hz
[10372 ms] [UE 45898] UL: SNR = 63.50 dB | SE = 20.778 bit/s/Hz
[10372 ms] [UE 36997] UL: SNR = 63.50 dB | SE = 20.778 bit/s/Hz
[10372 ms] [UE 48787] UL: SNR = 63.50 dB | SE = 20.778 bit/s/Hz
[10372 ms] [UE 40252] UL: SNR = 56.00 dB | SE = 18.324 bit/s/Hz
[10372 ms] [UE 15599] UL: SNR = 52.50 dB | SE = 17.179 bit/s/Hz
[10415 ms] [UE 33952] UL: SNR = 7.50 dB | SE = 2.687 bit/s/Hz
[10415 ms] [UE 12169] UL: SNR = 63.50 dB | SE = 20.778 bit/s/Hz
[10415 ms] [UE 22873] UL: SNR = 63.50 dB | SE = 20.778 bit/s/Hz
[10415 ms] [UE 30556] UL: SNR = 51.50 dB | SE = 16.851 bit/s/Hz
[10415 ms] [UE 20945] UL: SNR = 63.50 dB | SE = 20.778 bit/s/Hz
[10482 ms] [UE 45898] UL: SNR = 63.50 dB | SE = 20.778 bit/s/Hz
[10482 ms] [UE 36997] UL: SNR = 63.50 dB | SE = 20.778 bit/s/Hz
[10482 ms] [UE 48787] UL: SNR = 63.50 dB | SE = 20.778 bit/s/Hz
[10482 ms] [UE 40252] UL: SNR = 56.00 dB | SE = 18.324 bit/s/Hz
[10482 ms] [UE 15599] UL: SNR = 52.50 dB | SE = 17.179 bit/s/Hz
[10515 ms] [UE 33952] UL: SNR = 7.50 dB | SE = 2.687 bit/s/Hz
[10515 ms] [UE 12169] UL: SNR = 63.50 dB | SE = 20.778 bit/s/Hz
[10515 ms] [UE 22873] UL: SNR = 63.50 dB | SE = 20.778 bit/s/Hz
[10515 ms] [UE 30556] UL: SNR = 51.50 dB | SE = 16.851 bit/s/Hz
[10515 ms] [UE 20945] UL: SNR = 63.50 dB | SE = 20.778 bit/s/Hz
[10593 ms] [UE 45898] UL: SNR = 63.50 dB | SE = 20.778 bit/s/Hz
[10593 ms] [UE 36997] UL: SNR = 63.50 dB | SE = 20.778 bit/s/Hz
[10593 ms] [UE 48787] UL: SNR = 63.50 dB | SE = 20.778 bit/s/Hz
[10593 ms] [UE 40252] UL: SNR = 56.00 dB | SE = 18.324 bit/s/Hz
[10593 ms] [UE 15599] UL: SNR = 52.50 dB | SE = 17.179 bit/s/Hz
[10624 ms] [UE 33952] UL: SNR = 7.50 dB | SE = 2.687 bit/s/Hz
[10624 ms] [UE 12169] UL: SNR = 63.50 dB | SE = 20.778 bit/s/Hz
[10624 ms] [UE 22873] UL: SNR = 63.50 dB | SE = 20.778 bit/s/Hz
[10624 ms] [UE 30556] UL: SNR = 51.50 dB | SE = 16.851 bit/s/Hz
[10624 ms] [UE 20945] UL: SNR = 63.50 dB | SE = 20.778 bit/s/Hz
[10693 ms] [UE 45898] UL: SNR = 63.50 dB | SE = 20.778 bit/s/Hz
[10693 ms] [UE 36997] UL: SNR = 63.50 dB | SE = 20.778 bit/s/Hz
[10693 ms] [UE 48787] UL: SNR = 63.50 dB | SE = 20.778 bit/s/Hz
[10693 ms] [UE 40252] UL: SNR = 56.00 dB | SE = 18.324 bit/s/Hz
[10693 ms] [UE 15599] UL: SNR = 52.50 dB | SE = 17.179 bit/s/Hz
[10725 ms] [UE 33952] UL: SNR = 7.50 dB | SE = 2.687 bit/s/Hz
[10725 ms] [UE 12169] UL: SNR = 50.50 dB | SE = 16.524 bit/s/Hz
[10725 ms] [UE 22873] UL: SNR = 63.50 dB | SE = 20.778 bit/s/Hz
[10725 ms] [UE 30556] UL: SNR = 52.50 dB | SE = 17.179 bit/s/Hz
[10725 ms] [UE 20945] UL: SNR = 54.00 dB | SE = 17.669 bit/s/Hz
[10802 ms] [UE 45898] UL: SNR = 63.50 dB | SE = 20.778 bit/s/Hz
[10802 ms] [UE 36997] UL: SNR = 63.50 dB | SE = 20.778 bit/s/Hz
[10802 ms] [UE 48787] UL: SNR = 63.50 dB | SE = 20.778 bit/s/Hz
[10802 ms] [UE 40252] UL: SNR = 56.00 dB | SE = 18.324 bit/s/Hz
[10802 ms] [UE 15599] UL: SNR = 52.50 dB | SE = 17.179 bit/s/Hz
[10835 ms] [UE 33952] UL: SNR = 7.50 dB | SE = 2.687 bit/s/Hz
[10835 ms] [UE 12169] UL: SNR = 50.50 dB | SE = 16.524 bit/s/Hz
[10835 ms] [UE 22873] UL: SNR = 63.50 dB | SE = 20.778 bit/s/Hz
[10835 ms] [UE 30556] UL: SNR = 52.50 dB | SE = 17.179 bit/s/Hz
[10835 ms] [UE 20945] UL: SNR = 54.00 dB | SE = 17.669 bit/s/Hz
[10903 ms] [UE 45898] UL: SNR = 63.50 dB | SE = 20.778 bit/s/Hz
[10903 ms] [UE 36997] UL: SNR = 63.50 dB | SE = 20.778 bit/s/Hz
[10903 ms] [UE 48787] UL: SNR = 63.50 dB | SE = 20.778 bit/s/Hz
[10903 ms] [UE 40252] UL: SNR = 56.00 dB | SE = 18.324 bit/s/Hz
[10903 ms] [UE 15599] UL: SNR = 52.50 dB | SE = 17.179 bit/s/Hz
[10935 ms] [UE 33952] UL: SNR = 7.50 dB | SE = 2.687 bit/s/Hz
[10935 ms] [UE 12169] UL: SNR = 50.50 dB | SE = 16.524 bit/s/Hz
[10935 ms] [UE 22873] UL: SNR = 63.50 dB | SE = 20.778 bit/s/Hz
[10935 ms] [UE 30556] UL: SNR = 52.50 dB | SE = 17.179 bit/s/Hz
[10935 ms] [UE 20945] UL: SNR = 54.00 dB | SE = 17.669 bit/s/Hz
[11013 ms] [UE 45898] UL: SNR = 63.50 dB | SE = 20.778 bit/s/Hz
[11013 ms] [UE 36997] UL: SNR = 63.50 dB | SE = 20.778 bit/s/Hz
[11013 ms] [UE 48787] UL: SNR = 63.50 dB | SE = 20.778 bit/s/Hz
[11013 ms] [UE 40252] UL: SNR = 56.00 dB | SE = 18.324 bit/s/Hz
[11013 ms] [UE 15599] UL: SNR = 52.50 dB | SE = 17.179 bit/s/Hz
[11035 ms] [UE 33952] UL: SNR = 7.50 dB | SE = 2.687 bit/s/Hz
[11035 ms] [UE 12169] UL: SNR = 50.50 dB | SE = 16.524 bit/s/Hz
[11035 ms] [UE 22873] UL: SNR = 63.50 dB | SE = 20.778 bit/s/Hz
[11035 ms] [UE 30556] UL: SNR = 54.00 dB | SE = 17.669 bit/s/Hz
[11035 ms] [UE 20945] UL: SNR = 54.00 dB | SE = 17.669 bit/s/Hz
[11122 ms] [UE 45898] UL: SNR = 63.50 dB | SE = 20.778 bit/s/Hz
[11122 ms] [UE 36997] UL: SNR = 63.50 dB | SE = 20.778 bit/s/Hz
[11122 ms] [UE 48787] UL: SNR = 63.50 dB | SE = 20.778 bit/s/Hz
[11122 ms] [UE 40252] UL: SNR = 56.00 dB | SE = 18.324 bit/s/Hz
[11122 ms] [UE 15599] UL: SNR = 52.50 dB | SE = 17.179 bit/s/Hz
[11135 ms] [UE 33952] UL: SNR = 7.50 dB | SE = 2.687 bit/s/Hz
[11135 ms] [UE 12169] UL: SNR = 50.50 dB | SE = 16.524 bit/s/Hz
[11135 ms] [UE 22873] UL: SNR = 63.50 dB | SE = 20.778 bit/s/Hz
[11135 ms] [UE 30556] UL: SNR = 54.00 dB | SE = 17.669 bit/s/Hz
[11135 ms] [UE 20945] UL: SNR = 54.00 dB | SE = 17.669 bit/s/Hz
[11223 ms] [UE 45898] UL: SNR = 63.50 dB | SE = 20.778 bit/s/Hz
[11223 ms] [UE 36997] UL: SNR = 63.50 dB | SE = 20.778 bit/s/Hz
[11223 ms] [UE 48787] UL: SNR = 63.50 dB | SE = 20.778 bit/s/Hz
[11223 ms] [UE 40252] UL: SNR = 56.00 dB | SE = 18.324 bit/s/Hz
[11223 ms] [UE 15599] UL: SNR = 52.50 dB | SE = 17.179 bit/s/Hz
[11244 ms] [UE 33952] UL: SNR = 7.50 dB | SE = 2.687 bit/s/Hz
[11244 ms] [UE 12169] UL: SNR = 63.50 dB | SE = 20.778 bit/s/Hz
[11244 ms] [UE 22873] UL: SNR = 63.50 dB | SE = 20.778 bit/s/Hz
[11244 ms] [UE 30556] UL: SNR = 63.50 dB | SE = 20.778 bit/s/Hz
[11244 ms] [UE 20945] UL: SNR = 63.50 dB | SE = 20.778 bit/s/Hz
[11332 ms] [UE 45898] UL: SNR = 63.50 dB | SE = 20.778 bit/s/Hz
[11332 ms] [UE 36997] UL: SNR = 63.50 dB | SE = 20.778 bit/s/Hz
[11332 ms] [UE 48787] UL: SNR = 63.50 dB | SE = 20.778 bit/s/Hz
[11332 ms] [UE 40252] UL: SNR = 56.00 dB | SE = 18.324 bit/s/Hz
[11332 ms] [UE 15599] UL: SNR = 52.50 dB | SE = 17.179 bit/s/Hz
[11346 ms] [UE 33952] UL: SNR = 7.50 dB | SE = 2.687 bit/s/Hz
[11346 ms] [UE 12169] UL: SNR = 63.50 dB | SE = 20.778 bit/s/Hz
[11346 ms] [UE 22873] UL: SNR = 63.50 dB | SE = 20.778 bit/s/Hz
[11346 ms] [UE 30556] UL: SNR = 63.50 dB | SE = 20.778 bit/s/Hz
[11346 ms] [UE 20945] UL: SNR = 63.50 dB | SE = 20.778 bit/s/Hz
[11433 ms] [UE 45898] UL: SNR = 63.50 dB | SE = 20.778 bit/s/Hz
[11433 ms] [UE 36997] UL: SNR = 63.50 dB | SE = 20.778 bit/s/Hz
[11433 ms] [UE 48787] UL: SNR = 63.50 dB | SE = 20.778 bit/s/Hz
[11433 ms] [UE 40252] UL: SNR = 56.00 dB | SE = 18.324 bit/s/Hz
[11433 ms] [UE 15599] UL: SNR = 52.50 dB | SE = 17.179 bit/s/Hz
[11455 ms] [UE 33952] UL: SNR = 7.50 dB | SE = 2.687 bit/s/Hz
[11455 ms] [UE 12169] UL: SNR = 63.50 dB | SE = 20.778 bit/s/Hz
[11455 ms] [UE 22873] UL: SNR = 63.50 dB | SE = 20.778 bit/s/Hz
[11455 ms] [UE 30556] UL: SNR = 63.50 dB | SE = 20.778 bit/s/Hz
[11455 ms] [UE 20945] UL: SNR = 63.50 dB | SE = 20.778 bit/s/Hz
[11542 ms] [UE 45898] UL: SNR = 63.50 dB | SE = 20.778 bit/s/Hz
[11542 ms] [UE 36997] UL: SNR = 63.50 dB | SE = 20.778 bit/s/Hz
[11542 ms] [UE 48787] UL: SNR = 63.50 dB | SE = 20.778 bit/s/Hz
[11542 ms] [UE 40252] UL: SNR = 56.00 dB | SE = 18.324 bit/s/Hz
[11542 ms] [UE 15599] UL: SNR = 52.50 dB | SE = 17.179 bit/s/Hz
[11565 ms] [UE 33952] UL: SNR = 7.50 dB | SE = 2.687 bit/s/Hz
[11565 ms] [UE 12169] UL: SNR = 63.50 dB | SE = 20.778 bit/s/Hz
[11565 ms] [UE 22873] UL: SNR = 63.50 dB | SE = 20.778 bit/s/Hz
[11565 ms] [UE 30556] UL: SNR = 54.00 dB | SE = 17.669 bit/s/Hz
[11565 ms] [UE 20945] UL: SNR = 63.50 dB | SE = 20.778 bit/s/Hz
[11643 ms] [UE 45898] UL: SNR = 63.50 dB | SE = 20.778 bit/s/Hz
[11643 ms] [UE 36997] UL: SNR = 63.50 dB | SE = 20.778 bit/s/Hz
[11643 ms] [UE 48787] UL: SNR = 63.50 dB | SE = 20.778 bit/s/Hz
[11643 ms] [UE 40252] UL: SNR = 56.00 dB | SE = 18.324 bit/s/Hz
[11643 ms] [UE 15599] UL: SNR = 52.50 dB | SE = 17.179 bit/s/Hz
[11665 ms] [UE 33952] UL: SNR = 7.50 dB | SE = 2.687 bit/s/Hz
[11665 ms] [UE 12169] UL: SNR = 63.50 dB | SE = 20.778 bit/s/Hz
[11665 ms] [UE 22873] UL: SNR = 63.50 dB | SE = 20.778 bit/s/Hz
[11665 ms] [UE 30556] UL: SNR = 54.00 dB | SE = 17.669 bit/s/Hz
[11665 ms] [UE 20945] UL: SNR = 63.50 dB | SE = 20.778 bit/s/Hz
[11743 ms] [UE 45898] UL: SNR = 63.50 dB | SE = 20.778 bit/s/Hz
[11743 ms] [UE 36997] UL: SNR = 63.50 dB | SE = 20.778 bit/s/Hz
[11743 ms] [UE 48787] UL: SNR = 63.50 dB | SE = 20.778 bit/s/Hz
[11743 ms] [UE 40252] UL: SNR = 56.00 dB | SE = 18.324 bit/s/Hz
[11743 ms] [UE 15599] UL: SNR = 52.50 dB | SE = 17.179 bit/s/Hz
[11775 ms] [UE 33952] UL: SNR = 7.50 dB | SE = 2.687 bit/s/Hz
[11775 ms] [UE 12169] UL: SNR = 63.50 dB | SE = 20.778 bit/s/Hz
[11775 ms] [UE 22873] UL: SNR = 63.50 dB | SE = 20.778 bit/s/Hz
[11775 ms] [UE 30556] UL: SNR = 63.50 dB | SE = 20.778 bit/s/Hz
[11775 ms] [UE 20945] UL: SNR = 63.50 dB | SE = 20.778 bit/s/Hz
[11852 ms] [UE 45898] UL: SNR = 63.50 dB | SE = 20.778 bit/s/Hz
[11852 ms] [UE 36997] UL: SNR = 63.50 dB | SE = 20.778 bit/s/Hz
[11852 ms] [UE 48787] UL: SNR = 63.50 dB | SE = 20.778 bit/s/Hz
[11852 ms] [UE 40252] UL: SNR = 56.00 dB | SE = 18.324 bit/s/Hz
[11852 ms] [UE 15599] UL: SNR = 52.50 dB | SE = 17.179 bit/s/Hz
[11885 ms] [UE 33952] UL: SNR = 7.50 dB | SE = 2.687 bit/s/Hz
[11885 ms] [UE 12169] UL: SNR = 63.50 dB | SE = 20.778 bit/s/Hz
[11885 ms] [UE 22873] UL: SNR = 63.50 dB | SE = 20.778 bit/s/Hz
[11885 ms] [UE 30556] UL: SNR = 63.50 dB | SE = 20.778 bit/s/Hz
[11885 ms] [UE 20945] UL: SNR = 63.50 dB | SE = 20.778 bit/s/Hz
[11952 ms] [UE 45898] UL: SNR = 63.50 dB | SE = 20.778 bit/s/Hz
[11952 ms] [UE 36997] UL: SNR = 63.50 dB | SE = 20.778 bit/s/Hz
[11952 ms] [UE 48787] UL: SNR = 63.50 dB | SE = 20.778 bit/s/Hz
[11952 ms] [UE 40252] UL: SNR = 56.00 dB | SE = 18.324 bit/s/Hz
[11952 ms] [UE 15599] UL: SNR = 52.50 dB | SE = 17.179 bit/s/Hz
[11985 ms] [UE 33952] UL: SNR = 7.50 dB | SE = 2.687 bit/s/Hz
[11985 ms] [UE 12169] UL: SNR = 63.50 dB | SE = 20.778 bit/s/Hz
[11985 ms] [UE 22873] UL: SNR = 63.50 dB | SE = 20.778 bit/s/Hz
[11985 ms] [UE 30556] UL: SNR = 63.50 dB | SE = 20.778 bit/s/Hz
[11985 ms] [UE 20945] UL: SNR = 63.50 dB | SE = 20.778 bit/s/Hz
[12053 ms] [UE 45898] UL: SNR = 63.50 dB | SE = 20.778 bit/s/Hz
[12053 ms] [UE 36997] UL: SNR = 63.50 dB | SE = 20.778 bit/s/Hz
[12053 ms] [UE 48787] UL: SNR = 63.50 dB | SE = 20.778 bit/s/Hz
[12053 ms] [UE 40252] UL: SNR = 56.00 dB | SE = 18.324 bit/s/Hz
[12053 ms] [UE 15599] UL: SNR = 52.50 dB | SE = 17.179 bit/s/Hz
[12095 ms] [UE 33952] UL: SNR = 7.50 dB | SE = 2.687 bit/s/Hz
[12095 ms] [UE 12169] UL: SNR = 63.50 dB | SE = 20.778 bit/s/Hz
[12095 ms] [UE 22873] UL: SNR = 63.50 dB | SE = 20.778 bit/s/Hz
[12095 ms] [UE 30556] UL: SNR = 63.50 dB | SE = 20.778 bit/s/Hz
[12095 ms] [UE 20945] UL: SNR = 63.50 dB | SE = 20.778 bit/s/Hz
[12153 ms] [UE 45898] UL: SNR = 63.50 dB | SE = 20.778 bit/s/Hz
[12153 ms] [UE 36997] UL: SNR = 63.50 dB | SE = 20.778 bit/s/Hz
[12153 ms] [UE 48787] UL: SNR = 63.50 dB | SE = 20.778 bit/s/Hz
[12153 ms] [UE 40252] UL: SNR = 56.00 dB | SE = 18.324 bit/s/Hz
[12153 ms] [UE 15599] UL: SNR = 52.50 dB | SE = 17.179 bit/s/Hz
[12195 ms] [UE 33952] UL: SNR = 7.50 dB | SE = 2.687 bit/s/Hz
[12195 ms] [UE 12169] UL: SNR = 63.50 dB | SE = 20.778 bit/s/Hz
[12195 ms] [UE 22873] UL: SNR = 63.50 dB | SE = 20.778 bit/s/Hz
[12195 ms] [UE 30556] UL: SNR = 63.50 dB | SE = 20.778 bit/s/Hz
[12195 ms] [UE 20945] UL: SNR = 63.50 dB | SE = 20.778 bit/s/Hz
[12262 ms] [UE 45898] UL: SNR = 63.50 dB | SE = 20.778 bit/s/Hz
[12262 ms] [UE 36997] UL: SNR = 63.50 dB | SE = 20.778 bit/s/Hz
[12262 ms] [UE 48787] UL: SNR = 63.50 dB | SE = 20.778 bit/s/Hz
[12262 ms] [UE 40252] UL: SNR = 56.00 dB | SE = 18.324 bit/s/Hz
[12262 ms] [UE 15599] UL: SNR = 52.50 dB | SE = 17.179 bit/s/Hz
[12295 ms] [UE 33952] UL: SNR = 7.50 dB | SE = 2.687 bit/s/Hz
[12295 ms] [UE 12169] UL: SNR = 63.50 dB | SE = 20.778 bit/s/Hz
[12295 ms] [UE 22873] UL: SNR = 63.50 dB | SE = 20.778 bit/s/Hz
[12295 ms] [UE 30556] UL: SNR = 63.50 dB | SE = 20.778 bit/s/Hz
[12295 ms] [UE 20945] UL: SNR = 63.50 dB | SE = 20.778 bit/s/Hz
[12363 ms] [UE 45898] UL: SNR = 63.50 dB | SE = 20.778 bit/s/Hz
[12363 ms] [UE 36997] UL: SNR = 63.50 dB | SE = 20.778 bit/s/Hz
[12363 ms] [UE 48787] UL: SNR = 63.50 dB | SE = 20.778 bit/s/Hz
[12363 ms] [UE 40252] UL: SNR = 56.00 dB | SE = 18.324 bit/s/Hz
[12363 ms] [UE 15599] UL: SNR = 52.50 dB | SE = 17.179 bit/s/Hz
[12407 ms] [UE 33952] UL: SNR = 7.50 dB | SE = 2.687 bit/s/Hz
[12407 ms] [UE 12169] UL: SNR = 63.50 dB | SE = 20.778 bit/s/Hz
[12407 ms] [UE 22873] UL: SNR = 63.50 dB | SE = 20.778 bit/s/Hz
[12407 ms] [UE 30556] UL: SNR = 63.50 dB | SE = 20.778 bit/s/Hz
[12407 ms] [UE 20945] UL: SNR = 63.50 dB | SE = 20.778 bit/s/Hz
[12463 ms] [UE 45898] UL: SNR = 63.50 dB | SE = 20.778 bit/s/Hz
[12463 ms] [UE 36997] UL: SNR = 63.50 dB | SE = 20.778 bit/s/Hz
[12463 ms] [UE 48787] UL: SNR = 63.50 dB | SE = 20.778 bit/s/Hz
[12463 ms] [UE 40252] UL: SNR = 56.00 dB | SE = 18.324 bit/s/Hz
[12463 ms] [UE 15599] UL: SNR = 52.50 dB | SE = 17.179 bit/s/Hz
[12515 ms] [UE 33952] UL: SNR = 7.50 dB | SE = 2.687 bit/s/Hz
[12515 ms] [UE 12169] UL: SNR = 63.50 dB | SE = 20.778 bit/s/Hz
[12515 ms] [UE 22873] UL: SNR = 63.50 dB | SE = 20.778 bit/s/Hz
[12515 ms] [UE 30556] UL: SNR = 63.50 dB | SE = 20.778 bit/s/Hz
[12515 ms] [UE 20945] UL: SNR = 63.50 dB | SE = 20.778 bit/s/Hz
[12572 ms] [UE 45898] UL: SNR = 63.50 dB | SE = 20.778 bit/s/Hz
[12572 ms] [UE 36997] UL: SNR = 63.50 dB | SE = 20.778 bit/s/Hz
[12572 ms] [UE 48787] UL: SNR = 63.50 dB | SE = 20.778 bit/s/Hz
[12572 ms] [UE 40252] UL: SNR = 56.00 dB | SE = 18.324 bit/s/Hz
[12572 ms] [UE 15599] UL: SNR = 52.50 dB | SE = 17.179 bit/s/Hz
[12625 ms] [UE 33952] UL: SNR = 7.50 dB | SE = 2.687 bit/s/Hz
[12625 ms] [UE 12169] UL: SNR = 63.50 dB | SE = 20.778 bit/s/Hz
[12625 ms] [UE 22873] UL: SNR = 63.50 dB | SE = 20.778 bit/s/Hz
[12625 ms] [UE 30556] UL: SNR = 63.50 dB | SE = 20.778 bit/s/Hz
[12625 ms] [UE 20945] UL: SNR = 63.50 dB | SE = 20.778 bit/s/Hz
[12682 ms] [UE 45898] UL: SNR = 63.50 dB | SE = 20.778 bit/s/Hz
[12682 ms] [UE 36997] UL: SNR = 63.50 dB | SE = 20.778 bit/s/Hz
[12682 ms] [UE 48787] UL: SNR = 63.50 dB | SE = 20.778 bit/s/Hz
[12682 ms] [UE 40252] UL: SNR = 56.00 dB | SE = 18.324 bit/s/Hz
[12682 ms] [UE 15599] UL: SNR = 52.50 dB | SE = 17.179 bit/s/Hz
[12735 ms] [UE 33952] UL: SNR = 7.50 dB | SE = 2.687 bit/s/Hz
[12735 ms] [UE 12169] UL: SNR = 63.50 dB | SE = 20.778 bit/s/Hz
[12735 ms] [UE 22873] UL: SNR = 63.50 dB | SE = 20.778 bit/s/Hz
[12735 ms] [UE 30556] UL: SNR = 63.50 dB | SE = 20.778 bit/s/Hz
[12735 ms] [UE 20945] UL: SNR = 63.50 dB | SE = 20.778 bit/s/Hz
[12782 ms] [UE 45898] UL: SNR = 63.50 dB | SE = 20.778 bit/s/Hz
[12782 ms] [UE 36997] UL: SNR = 63.50 dB | SE = 20.778 bit/s/Hz
[12782 ms] [UE 48787] UL: SNR = 63.50 dB | SE = 20.778 bit/s/Hz
[12782 ms] [UE 40252] UL: SNR = 56.00 dB | SE = 18.324 bit/s/Hz
[12782 ms] [UE 15599] UL: SNR = 52.50 dB | SE = 17.179 bit/s/Hz
[12845 ms] [UE 33952] UL: SNR = 7.50 dB | SE = 2.687 bit/s/Hz
[12845 ms] [UE 12169] UL: SNR = 63.50 dB | SE = 20.778 bit/s/Hz
[12845 ms] [UE 22873] UL: SNR = 63.50 dB | SE = 20.778 bit/s/Hz
[12845 ms] [UE 30556] UL: SNR = 63.50 dB | SE = 20.778 bit/s/Hz
[12845 ms] [UE 20945] UL: SNR = 63.50 dB | SE = 20.778 bit/s/Hz
[12892 ms] [UE 45898] UL: SNR = 63.50 dB | SE = 20.778 bit/s/Hz
[12892 ms] [UE 36997] UL: SNR = 63.50 dB | SE = 20.778 bit/s/Hz
[12892 ms] [UE 48787] UL: SNR = 63.50 dB | SE = 20.778 bit/s/Hz
[12892 ms] [UE 40252] UL: SNR = 56.00 dB | SE = 18.324 bit/s/Hz
[12892 ms] [UE 15599] UL: SNR = 52.50 dB | SE = 17.179 bit/s/Hz
[12955 ms] [UE 33952] UL: SNR = 7.50 dB | SE = 2.687 bit/s/Hz
[12955 ms] [UE 12169] UL: SNR = 63.50 dB | SE = 20.778 bit/s/Hz
[12955 ms] [UE 22873] UL: SNR = 63.50 dB | SE = 20.778 bit/s/Hz
[12955 ms] [UE 30556] UL: SNR = 63.50 dB | SE = 20.778 bit/s/Hz
[12955 ms] [UE 20945] UL: SNR = 63.50 dB | SE = 20.778 bit/s/Hz
[12993 ms] [UE 45898] UL: SNR = 63.50 dB | SE = 20.778 bit/s/Hz
[12993 ms] [UE 36997] UL: SNR = 63.50 dB | SE = 20.778 bit/s/Hz
[12993 ms] [UE 48787] UL: SNR = 63.50 dB | SE = 20.778 bit/s/Hz
[12993 ms] [UE 40252] UL: SNR = 56.00 dB | SE = 18.324 bit/s/Hz
[12993 ms] [UE 15599] UL: SNR = 52.50 dB | SE = 17.179 bit/s/Hz
[13065 ms] [UE 33952] UL: SNR = 7.50 dB | SE = 2.687 bit/s/Hz
[13065 ms] [UE 12169] UL: SNR = 63.50 dB | SE = 20.778 bit/s/Hz
[13065 ms] [UE 22873] UL: SNR = 63.50 dB | SE = 20.778 bit/s/Hz
[13065 ms] [UE 30556] UL: SNR = 63.50 dB | SE = 20.778 bit/s/Hz
[13065 ms] [UE 20945] UL: SNR = 63.50 dB | SE = 20.778 bit/s/Hz
[13102 ms] [UE 45898] UL: SNR = 63.50 dB | SE = 20.778 bit/s/Hz
[13102 ms] [UE 36997] UL: SNR = 63.50 dB | SE = 20.778 bit/s/Hz
[13102 ms] [UE 48787] UL: SNR = 63.50 dB | SE = 20.778 bit/s/Hz
[13102 ms] [UE 40252] UL: SNR = 56.00 dB | SE = 18.324 bit/s/Hz
[13102 ms] [UE 15599] UL: SNR = 52.50 dB | SE = 17.179 bit/s/Hz
[13175 ms] [UE 33952] UL: SNR = 7.50 dB | SE = 2.687 bit/s/Hz
[13175 ms] [UE 12169] UL: SNR = 63.50 dB | SE = 20.778 bit/s/Hz
[13175 ms] [UE 22873] UL: SNR = 63.50 dB | SE = 20.778 bit/s/Hz
[13175 ms] [UE 30556] UL: SNR = 63.50 dB | SE = 20.778 bit/s/Hz
[13175 ms] [UE 20945] UL: SNR = 63.50 dB | SE = 20.778 bit/s/Hz
[13202 ms] [UE 45898] UL: SNR = 63.50 dB | SE = 20.778 bit/s/Hz
[13202 ms] [UE 36997] UL: SNR = 63.50 dB | SE = 20.778 bit/s/Hz
[13202 ms] [UE 48787] UL: SNR = 63.50 dB | SE = 20.778 bit/s/Hz
[13202 ms] [UE 40252] UL: SNR = 56.00 dB | SE = 18.324 bit/s/Hz
[13202 ms] [UE 15599] UL: SNR = 52.50 dB | SE = 17.179 bit/s/Hz
[13285 ms] [UE 33952] UL: SNR = 7.50 dB | SE = 2.687 bit/s/Hz
[13285 ms] [UE 12169] UL: SNR = 63.50 dB | SE = 20.778 bit/s/Hz
[13285 ms] [UE 22873] UL: SNR = 63.50 dB | SE = 20.778 bit/s/Hz
[13285 ms] [UE 30556] UL: SNR = 57.00 dB | SE = 18.651 bit/s/Hz
[13285 ms] [UE 20945] UL: SNR = 63.50 dB | SE = 20.778 bit/s/Hz
[13312 ms] [UE 45898] UL: SNR = 63.50 dB | SE = 20.778 bit/s/Hz
[13312 ms] [UE 36997] UL: SNR = 63.50 dB | SE = 20.778 bit/s/Hz
[13312 ms] [UE 48787] UL: SNR = 63.50 dB | SE = 20.778 bit/s/Hz
[13312 ms] [UE 40252] UL: SNR = 56.00 dB | SE = 18.324 bit/s/Hz
[13312 ms] [UE 15599] UL: SNR = 52.50 dB | SE = 17.179 bit/s/Hz
[13385 ms] [UE 33952] UL: SNR = 7.50 dB | SE = 2.687 bit/s/Hz
[13385 ms] [UE 12169] UL: SNR = 63.50 dB | SE = 20.778 bit/s/Hz
[13385 ms] [UE 22873] UL: SNR = 63.50 dB | SE = 20.778 bit/s/Hz
[13385 ms] [UE 30556] UL: SNR = 57.00 dB | SE = 18.651 bit/s/Hz
[13385 ms] [UE 20945] UL: SNR = 63.50 dB | SE = 20.778 bit/s/Hz
[13413 ms] [UE 45898] UL: SNR = 63.50 dB | SE = 20.778 bit/s/Hz
[13413 ms] [UE 36997] UL: SNR = 63.50 dB | SE = 20.778 bit/s/Hz
[13413 ms] [UE 48787] UL: SNR = 63.50 dB | SE = 20.778 bit/s/Hz
[13413 ms] [UE 40252] UL: SNR = 56.00 dB | SE = 18.324 bit/s/Hz
[13413 ms] [UE 15599] UL: SNR = 52.50 dB | SE = 17.179 bit/s/Hz
[13495 ms] [UE 33952] UL: SNR = 7.50 dB | SE = 2.687 bit/s/Hz
[13495 ms] [UE 12169] UL: SNR = 63.50 dB | SE = 20.778 bit/s/Hz
[13495 ms] [UE 22873] UL: SNR = 63.50 dB | SE = 20.778 bit/s/Hz
[13495 ms] [UE 30556] UL: SNR = 63.50 dB | SE = 20.778 bit/s/Hz
[13495 ms] [UE 20945] UL: SNR = 63.50 dB | SE = 20.778 bit/s/Hz
[13522 ms] [UE 45898] UL: SNR = 63.50 dB | SE = 20.778 bit/s/Hz
[13522 ms] [UE 36997] UL: SNR = 63.50 dB | SE = 20.778 bit/s/Hz
[13522 ms] [UE 48787] UL: SNR = 63.50 dB | SE = 20.778 bit/s/Hz
[13522 ms] [UE 40252] UL: SNR = 56.00 dB | SE = 18.324 bit/s/Hz
[13522 ms] [UE 15599] UL: SNR = 52.50 dB | SE = 17.179 bit/s/Hz
[13605 ms] [UE 33952] UL: SNR = 7.50 dB | SE = 2.687 bit/s/Hz
[13605 ms] [UE 12169] UL: SNR = 63.50 dB | SE = 20.778 bit/s/Hz
[13605 ms] [UE 22873] UL: SNR = 63.50 dB | SE = 20.778 bit/s/Hz
[13605 ms] [UE 30556] UL: SNR = 63.50 dB | SE = 20.778 bit/s/Hz
[13605 ms] [UE 20945] UL: SNR = 63.50 dB | SE = 20.778 bit/s/Hz
[13622 ms] [UE 45898] UL: SNR = 63.50 dB | SE = 20.778 bit/s/Hz
[13622 ms] [UE 36997] UL: SNR = 63.50 dB | SE = 20.778 bit/s/Hz
[13622 ms] [UE 48787] UL: SNR = 63.50 dB | SE = 20.778 bit/s/Hz
[13622 ms] [UE 40252] UL: SNR = 56.00 dB | SE = 18.324 bit/s/Hz
[13622 ms] [UE 15599] UL: SNR = 52.50 dB | SE = 17.179 bit/s/Hz
[13706 ms] [UE 33952] UL: SNR = 7.50 dB | SE = 2.687 bit/s/Hz
[13706 ms] [UE 12169] UL: SNR = 63.50 dB | SE = 20.778 bit/s/Hz
[13706 ms] [UE 22873] UL: SNR = 63.50 dB | SE = 20.778 bit/s/Hz
[13706 ms] [UE 30556] UL: SNR = 63.50 dB | SE = 20.778 bit/s/Hz
[13706 ms] [UE 20945] UL: SNR = 63.50 dB | SE = 20.778 bit/s/Hz
[13723 ms] [UE 45898] UL: SNR = 63.50 dB | SE = 20.778 bit/s/Hz
[13723 ms] [UE 36997] UL: SNR = 63.50 dB | SE = 20.778 bit/s/Hz
[13723 ms] [UE 48787] UL: SNR = 63.50 dB | SE = 20.778 bit/s/Hz
[13723 ms] [UE 40252] UL: SNR = 56.00 dB | SE = 18.324 bit/s/Hz
[13723 ms] [UE 15599] UL: SNR = 52.50 dB | SE = 17.179 bit/s/Hz
[13806 ms] [UE 33952] UL: SNR = 7.50 dB | SE = 2.687 bit/s/Hz
[13806 ms] [UE 12169] UL: SNR = 63.50 dB | SE = 20.778 bit/s/Hz
[13806 ms] [UE 22873] UL: SNR = 63.50 dB | SE = 20.778 bit/s/Hz
[13806 ms] [UE 30556] UL: SNR = 63.50 dB | SE = 20.778 bit/s/Hz
[13806 ms] [UE 20945] UL: SNR = 63.50 dB | SE = 20.778 bit/s/Hz
[13832 ms] [UE 45898] UL: SNR = 63.50 dB | SE = 20.778 bit/s/Hz
[13832 ms] [UE 36997] UL: SNR = 63.50 dB | SE = 20.778 bit/s/Hz
[13832 ms] [UE 48787] UL: SNR = 63.50 dB | SE = 20.778 bit/s/Hz
[13832 ms] [UE 40252] UL: SNR = 56.00 dB | SE = 18.324 bit/s/Hz
[13832 ms] [UE 15599] UL: SNR = 52.50 dB | SE = 17.179 bit/s/Hz
[13915 ms] [UE 33952] UL: SNR = 7.50 dB | SE = 2.687 bit/s/Hz
[13915 ms] [UE 12169] UL: SNR = 63.50 dB | SE = 20.778 bit/s/Hz
[13915 ms] [UE 22873] UL: SNR = 63.50 dB | SE = 20.778 bit/s/Hz
[13915 ms] [UE 30556] UL: SNR = 7.50 dB | SE = 2.687 bit/s/Hz
[13915 ms] [UE 20945] UL: SNR = 63.50 dB | SE = 20.778 bit/s/Hz
[13933 ms] [UE 45898] UL: SNR = 63.50 dB | SE = 20.778 bit/s/Hz
[13933 ms] [UE 36997] UL: SNR = 63.50 dB | SE = 20.778 bit/s/Hz
[13933 ms] [UE 48787] UL: SNR = 63.50 dB | SE = 20.778 bit/s/Hz
[13933 ms] [UE 40252] UL: SNR = 56.00 dB | SE = 18.324 bit/s/Hz
[13933 ms] [UE 15599] UL: SNR = 52.50 dB | SE = 17.179 bit/s/Hz
[14025 ms] [UE 33952] UL: SNR = 7.50 dB | SE = 2.687 bit/s/Hz
[14025 ms] [UE 12169] UL: SNR = 63.50 dB | SE = 20.778 bit/s/Hz
[14025 ms] [UE 22873] UL: SNR = 63.50 dB | SE = 20.778 bit/s/Hz
[14025 ms] [UE 30556] UL: SNR = 7.50 dB | SE = 2.687 bit/s/Hz
[14025 ms] [UE 20945] UL: SNR = 63.50 dB | SE = 20.778 bit/s/Hz
[14042 ms] [UE 45898] UL: SNR = 63.50 dB | SE = 20.778 bit/s/Hz
[14042 ms] [UE 36997] UL: SNR = 63.50 dB | SE = 20.778 bit/s/Hz
[14042 ms] [UE 48787] UL: SNR = 63.50 dB | SE = 20.778 bit/s/Hz
[14042 ms] [UE 40252] UL: SNR = 56.00 dB | SE = 18.324 bit/s/Hz
[14042 ms] [UE 15599] UL: SNR = 52.50 dB | SE = 17.179 bit/s/Hz
[14126 ms] [UE 33952] UL: SNR = 7.50 dB | SE = 2.687 bit/s/Hz
[14126 ms] [UE 12169] UL: SNR = 63.50 dB | SE = 20.778 bit/s/Hz
[14126 ms] [UE 22873] UL: SNR = 63.50 dB | SE = 20.778 bit/s/Hz
[14126 ms] [UE 30556] UL: SNR = 7.50 dB | SE = 2.687 bit/s/Hz
[14126 ms] [UE 20945] UL: SNR = 63.50 dB | SE = 20.778 bit/s/Hz
[14142 ms] [UE 45898] UL: SNR = 63.50 dB | SE = 20.778 bit/s/Hz
[14142 ms] [UE 36997] UL: SNR = 63.50 dB | SE = 20.778 bit/s/Hz
[14142 ms] [UE 48787] UL: SNR = 63.50 dB | SE = 20.778 bit/s/Hz
[14142 ms] [UE 40252] UL: SNR = 56.00 dB | SE = 18.324 bit/s/Hz
[14142 ms] [UE 15599] UL: SNR = 52.50 dB | SE = 17.179 bit/s/Hz
[14235 ms] [UE 33952] UL: SNR = 7.50 dB | SE = 2.687 bit/s/Hz
[14235 ms] [UE 12169] UL: SNR = 63.50 dB | SE = 20.778 bit/s/Hz
[14235 ms] [UE 22873] UL: SNR = 5.50 dB | SE = 2.152 bit/s/Hz
[14235 ms] [UE 30556] UL: SNR = 7.50 dB | SE = 2.687 bit/s/Hz
[14235 ms] [UE 20945] UL: SNR = 63.50 dB | SE = 20.778 bit/s/Hz
[14252 ms] [UE 45898] UL: SNR = 63.50 dB | SE = 20.778 bit/s/Hz
[14252 ms] [UE 36997] UL: SNR = 63.50 dB | SE = 20.778 bit/s/Hz
[14252 ms] [UE 48787] UL: SNR = 63.50 dB | SE = 20.778 bit/s/Hz
[14252 ms] [UE 40252] UL: SNR = 56.00 dB | SE = 18.324 bit/s/Hz
[14252 ms] [UE 15599] UL: SNR = 52.50 dB | SE = 17.179 bit/s/Hz
[14335 ms] [UE 33952] UL: SNR = 7.50 dB | SE = 2.687 bit/s/Hz
[14335 ms] [UE 12169] UL: SNR = 63.50 dB | SE = 20.778 bit/s/Hz
[14335 ms] [UE 22873] UL: SNR = 5.50 dB | SE = 2.152 bit/s/Hz
[14335 ms] [UE 30556] UL: SNR = 7.50 dB | SE = 2.687 bit/s/Hz
[14335 ms] [UE 20945] UL: SNR = 63.50 dB | SE = 20.778 bit/s/Hz
[14353 ms] [UE 45898] UL: SNR = 63.50 dB | SE = 20.778 bit/s/Hz
[14353 ms] [UE 36997] UL: SNR = 63.50 dB | SE = 20.778 bit/s/Hz
[14353 ms] [UE 48787] UL: SNR = 63.50 dB | SE = 20.778 bit/s/Hz
[14353 ms] [UE 40252] UL: SNR = 56.00 dB | SE = 18.324 bit/s/Hz
[14353 ms] [UE 15599] UL: SNR = 52.50 dB | SE = 17.179 bit/s/Hz
[14445 ms] [UE 33952] UL: SNR = 7.50 dB | SE = 2.687 bit/s/Hz
[14445 ms] [UE 12169] UL: SNR = 63.50 dB | SE = 20.778 bit/s/Hz
[14445 ms] [UE 22873] UL: SNR = 5.50 dB | SE = 2.152 bit/s/Hz
[14445 ms] [UE 30556] UL: SNR = 7.50 dB | SE = 2.687 bit/s/Hz
[14445 ms] [UE 20945] UL: SNR = 63.50 dB | SE = 20.778 bit/s/Hz
[14462 ms] [UE 45898] UL: SNR = 63.50 dB | SE = 20.778 bit/s/Hz
[14462 ms] [UE 36997] UL: SNR = 63.50 dB | SE = 20.778 bit/s/Hz
[14462 ms] [UE 48787] UL: SNR = 63.50 dB | SE = 20.778 bit/s/Hz
[14462 ms] [UE 40252] UL: SNR = 56.00 dB | SE = 18.324 bit/s/Hz
[14462 ms] [UE 15599] UL: SNR = 52.50 dB | SE = 17.179 bit/s/Hz
[14546 ms] [UE 33952] UL: SNR = 7.50 dB | SE = 2.687 bit/s/Hz
[14546 ms] [UE 12169] UL: SNR = 63.50 dB | SE = 20.778 bit/s/Hz
[14546 ms] [UE 22873] UL: SNR = 5.50 dB | SE = 2.152 bit/s/Hz
[14546 ms] [UE 30556] UL: SNR = 7.50 dB | SE = 2.687 bit/s/Hz
[14546 ms] [UE 20945] UL: SNR = 63.50 dB | SE = 20.778 bit/s/Hz
[14562 ms] [UE 45898] UL: SNR = 63.50 dB | SE = 20.778 bit/s/Hz
[14562 ms] [UE 36997] UL: SNR = 63.50 dB | SE = 20.778 bit/s/Hz
[14562 ms] [UE 48787] UL: SNR = 63.50 dB | SE = 20.778 bit/s/Hz
[14562 ms] [UE 40252] UL: SNR = 56.00 dB | SE = 18.324 bit/s/Hz
[14562 ms] [UE 15599] UL: SNR = 52.50 dB | SE = 17.179 bit/s/Hz
[14655 ms] [UE 33952] UL: SNR = 7.50 dB | SE = 2.687 bit/s/Hz
[14655 ms] [UE 12169] UL: SNR = 63.50 dB | SE = 20.778 bit/s/Hz
[14655 ms] [UE 22873] UL: SNR = 5.50 dB | SE = 2.152 bit/s/Hz
[14655 ms] [UE 30556] UL: SNR = 53.50 dB | SE = 17.506 bit/s/Hz
[14655 ms] [UE 20945] UL: SNR = 63.50 dB | SE = 20.778 bit/s/Hz
[14663 ms] [UE 45898] UL: SNR = 63.50 dB | SE = 20.778 bit/s/Hz
[14663 ms] [UE 36997] UL: SNR = 63.50 dB | SE = 20.778 bit/s/Hz
[14663 ms] [UE 48787] UL: SNR = 63.50 dB | SE = 20.778 bit/s/Hz
[14663 ms] [UE 40252] UL: SNR = 56.00 dB | SE = 18.324 bit/s/Hz
[14663 ms] [UE 15599] UL: SNR = 52.50 dB | SE = 17.179 bit/s/Hz
[14756 ms] [UE 33952] UL: SNR = 7.50 dB | SE = 2.687 bit/s/Hz
[14756 ms] [UE 12169] UL: SNR = 63.50 dB | SE = 20.778 bit/s/Hz
[14756 ms] [UE 22873] UL: SNR = 5.50 dB | SE = 2.152 bit/s/Hz
[14756 ms] [UE 30556] UL: SNR = 53.50 dB | SE = 17.506 bit/s/Hz
[14756 ms] [UE 20945] UL: SNR = 63.50 dB | SE = 20.778 bit/s/Hz
[14773 ms] [UE 45898] UL: SNR = 63.50 dB | SE = 20.778 bit/s/Hz
[14773 ms] [UE 36997] UL: SNR = 63.50 dB | SE = 20.778 bit/s/Hz
[14773 ms] [UE 48787] UL: SNR = 63.50 dB | SE = 20.778 bit/s/Hz
[14773 ms] [UE 40252] UL: SNR = 56.00 dB | SE = 18.324 bit/s/Hz
[14773 ms] [UE 15599] UL: SNR = 52.50 dB | SE = 17.179 bit/s/Hz
[14866 ms] [UE 33952] UL: SNR = 7.50 dB | SE = 2.687 bit/s/Hz
[14866 ms] [UE 12169] UL: SNR = 63.50 dB | SE = 20.778 bit/s/Hz
[14866 ms] [UE 22873] UL: SNR = 5.50 dB | SE = 2.152 bit/s/Hz
[14866 ms] [UE 30556] UL: SNR = 54.00 dB | SE = 17.669 bit/s/Hz
[14866 ms] [UE 20945] UL: SNR = 63.50 dB | SE = 20.778 bit/s/Hz
[14873 ms] [UE 45898] UL: SNR = 63.50 dB | SE = 20.778 bit/s/Hz
[14873 ms] [UE 36997] UL: SNR = 63.50 dB | SE = 20.778 bit/s/Hz
[14873 ms] [UE 48787] UL: SNR = 63.50 dB | SE = 20.778 bit/s/Hz
[14873 ms] [UE 40252] UL: SNR = 56.00 dB | SE = 18.324 bit/s/Hz
[14873 ms] [UE 15599] UL: SNR = 52.50 dB | SE = 17.179 bit/s/Hz
[14975 ms] [UE 33952] UL: SNR = 7.50 dB | SE = 2.687 bit/s/Hz
[14975 ms] [UE 12169] UL: SNR = 63.50 dB | SE = 20.778 bit/s/Hz
[14975 ms] [UE 22873] UL: SNR = 5.50 dB | SE = 2.152 bit/s/Hz
[14975 ms] [UE 30556] UL: SNR = 54.00 dB | SE = 17.669 bit/s/Hz
[14975 ms] [UE 20945] UL: SNR = 63.50 dB | SE = 20.778 bit/s/Hz
[14982 ms] [UE 45898] UL: SNR = 63.50 dB | SE = 20.778 bit/s/Hz
[14982 ms] [UE 36997] UL: SNR = 63.50 dB | SE = 20.778 bit/s/Hz
[14982 ms] [UE 48787] UL: SNR = 63.50 dB | SE = 20.778 bit/s/Hz
[14982 ms] [UE 40252] UL: SNR = 56.00 dB | SE = 18.324 bit/s/Hz
[14982 ms] [UE 15599] UL: SNR = 52.50 dB | SE = 17.179 bit/s/Hz
[15075 ms] [UE 33952] UL: SNR = 7.50 dB | SE = 2.687 bit/s/Hz
[15075 ms] [UE 12169] UL: SNR = 63.50 dB | SE = 20.778 bit/s/Hz
[15075 ms] [UE 22873] UL: SNR = 5.50 dB | SE = 2.152 bit/s/Hz
[15075 ms] [UE 30556] UL: SNR = 54.00 dB | SE = 17.669 bit/s/Hz
[15075 ms] [UE 20945] UL: SNR = 63.50 dB | SE = 20.778 bit/s/Hz
[15082 ms] [UE 45898] UL: SNR = 63.50 dB | SE = 20.778 bit/s/Hz
[15082 ms] [UE 36997] UL: SNR = 63.50 dB | SE = 20.778 bit/s/Hz
[15082 ms] [UE 48787] UL: SNR = 63.50 dB | SE = 20.778 bit/s/Hz
[15082 ms] [UE 40252] UL: SNR = 56.00 dB | SE = 18.324 bit/s/Hz
[15082 ms] [UE 15599] UL: SNR = 52.50 dB | SE = 17.179 bit/s/Hz
[15175 ms] [UE 33952] UL: SNR = 63.50 dB | SE = 20.778 bit/s/Hz
[15175 ms] [UE 12169] UL: SNR = 63.50 dB | SE = 20.778 bit/s/Hz
[15175 ms] [UE 22873] UL: SNR = 5.50 dB | SE = 2.152 bit/s/Hz
[15175 ms] [UE 30556] UL: SNR = 63.50 dB | SE = 20.778 bit/s/Hz
[15175 ms] [UE 20945] UL: SNR = 63.50 dB | SE = 20.778 bit/s/Hz
[15183 ms] [UE 45898] UL: SNR = 63.50 dB | SE = 20.778 bit/s/Hz
[15183 ms] [UE 36997] UL: SNR = 63.50 dB | SE = 20.778 bit/s/Hz
[15183 ms] [UE 48787] UL: SNR = 63.50 dB | SE = 20.778 bit/s/Hz
[15183 ms] [UE 40252] UL: SNR = 56.00 dB | SE = 18.324 bit/s/Hz
[15183 ms] [UE 15599] UL: SNR = 52.50 dB | SE = 17.179 bit/s/Hz
[15285 ms] [UE 33952] UL: SNR = 63.50 dB | SE = 20.778 bit/s/Hz
[15285 ms] [UE 12169] UL: SNR = 63.50 dB | SE = 20.778 bit/s/Hz
[15285 ms] [UE 22873] UL: SNR = 5.50 dB | SE = 2.152 bit/s/Hz
[15285 ms] [UE 30556] UL: SNR = 63.50 dB | SE = 20.778 bit/s/Hz
[15285 ms] [UE 20945] UL: SNR = 63.50 dB | SE = 20.778 bit/s/Hz
[15292 ms] [UE 45898] UL: SNR = 63.50 dB | SE = 20.778 bit/s/Hz
[15292 ms] [UE 36997] UL: SNR = 63.50 dB | SE = 20.778 bit/s/Hz
[15292 ms] [UE 48787] UL: SNR = 63.50 dB | SE = 20.778 bit/s/Hz
[15292 ms] [UE 40252] UL: SNR = 56.00 dB | SE = 18.324 bit/s/Hz
[15292 ms] [UE 15599] UL: SNR = 52.50 dB | SE = 17.179 bit/s/Hz
[15385 ms] [UE 33952] UL: SNR = 63.50 dB | SE = 20.778 bit/s/Hz
[15385 ms] [UE 12169] UL: SNR = 63.50 dB | SE = 20.778 bit/s/Hz
[15385 ms] [UE 22873] UL: SNR = 5.50 dB | SE = 2.152 bit/s/Hz
[15385 ms] [UE 30556] UL: SNR = 54.00 dB | SE = 17.669 bit/s/Hz
[15385 ms] [UE 20945] UL: SNR = 63.50 dB | SE = 20.778 bit/s/Hz
[15393 ms] [UE 45898] UL: SNR = 63.50 dB | SE = 20.778 bit/s/Hz
[15393 ms] [UE 36997] UL: SNR = 63.50 dB | SE = 20.778 bit/s/Hz
[15393 ms] [UE 48787] UL: SNR = 63.50 dB | SE = 20.778 bit/s/Hz
[15393 ms] [UE 40252] UL: SNR = 56.00 dB | SE = 18.324 bit/s/Hz
[15393 ms] [UE 15599] UL: SNR = 52.50 dB | SE = 17.179 bit/s/Hz
[15495 ms] [UE 33952] UL: SNR = 63.50 dB | SE = 20.778 bit/s/Hz
[15495 ms] [UE 12169] UL: SNR = 63.50 dB | SE = 20.778 bit/s/Hz
[15495 ms] [UE 22873] UL: SNR = 5.50 dB | SE = 2.152 bit/s/Hz
[15495 ms] [UE 30556] UL: SNR = 54.00 dB | SE = 17.669 bit/s/Hz
[15495 ms] [UE 20945] UL: SNR = 63.50 dB | SE = 20.778 bit/s/Hz
[15503 ms] [UE 45898] UL: SNR = 63.50 dB | SE = 20.778 bit/s/Hz
[15503 ms] [UE 36997] UL: SNR = 63.50 dB | SE = 20.778 bit/s/Hz
[15503 ms] [UE 48787] UL: SNR = 63.50 dB | SE = 20.778 bit/s/Hz
[15503 ms] [UE 40252] UL: SNR = 56.00 dB | SE = 18.324 bit/s/Hz
[15503 ms] [UE 15599] UL: SNR = 52.50 dB | SE = 17.179 bit/s/Hz
[15595 ms] [UE 33952] UL: SNR = 63.50 dB | SE = 20.778 bit/s/Hz
[15595 ms] [UE 12169] UL: SNR = 63.50 dB | SE = 20.778 bit/s/Hz
[15595 ms] [UE 22873] UL: SNR = 5.50 dB | SE = 2.152 bit/s/Hz
[15595 ms] [UE 30556] UL: SNR = 63.50 dB | SE = 20.778 bit/s/Hz
[15595 ms] [UE 20945] UL: SNR = 63.50 dB | SE = 20.778 bit/s/Hz
[15612 ms] [UE 45898] UL: SNR = 63.50 dB | SE = 20.778 bit/s/Hz
[15612 ms] [UE 36997] UL: SNR = 63.50 dB | SE = 20.778 bit/s/Hz
[15612 ms] [UE 48787] UL: SNR = 63.50 dB | SE = 20.778 bit/s/Hz
[15612 ms] [UE 40252] UL: SNR = 56.00 dB | SE = 18.324 bit/s/Hz
[15612 ms] [UE 15599] UL: SNR = 52.50 dB | SE = 17.179 bit/s/Hz
[15705 ms] [UE 33952] UL: SNR = 63.50 dB | SE = 20.778 bit/s/Hz
[15705 ms] [UE 12169] UL: SNR = 63.50 dB | SE = 20.778 bit/s/Hz
[15705 ms] [UE 22873] UL: SNR = 5.50 dB | SE = 2.152 bit/s/Hz
[15705 ms] [UE 30556] UL: SNR = 63.50 dB | SE = 20.778 bit/s/Hz
[15705 ms] [UE 20945] UL: SNR = 63.50 dB | SE = 20.778 bit/s/Hz
[15713 ms] [UE 45898] UL: SNR = 63.50 dB | SE = 20.778 bit/s/Hz
[15713 ms] [UE 36997] UL: SNR = 63.50 dB | SE = 20.778 bit/s/Hz
[15713 ms] [UE 48787] UL: SNR = 63.50 dB | SE = 20.778 bit/s/Hz
[15713 ms] [UE 40252] UL: SNR = 56.00 dB | SE = 18.324 bit/s/Hz
[15713 ms] [UE 15599] UL: SNR = 52.50 dB | SE = 17.179 bit/s/Hz
[15813 ms] [UE 45898] UL: SNR = 63.50 dB | SE = 20.778 bit/s/Hz
[15813 ms] [UE 36997] UL: SNR = 63.50 dB | SE = 20.778 bit/s/Hz
[15813 ms] [UE 48787] UL: SNR = 63.50 dB | SE = 20.778 bit/s/Hz
[15813 ms] [UE 40252] UL: SNR = 56.00 dB | SE = 18.324 bit/s/Hz
[15813 ms] [UE 15599] UL: SNR = 52.50 dB | SE = 17.179 bit/s/Hz
[15818 ms] [UE 33952] UL: SNR = 63.50 dB | SE = 20.778 bit/s/Hz
[15818 ms] [UE 12169] UL: SNR = 63.50 dB | SE = 20.778 bit/s/Hz
[15818 ms] [UE 22873] UL: SNR = 5.50 dB | SE = 2.152 bit/s/Hz
[15818 ms] [UE 30556] UL: SNR = 63.50 dB | SE = 20.778 bit/s/Hz
[15818 ms] [UE 20945] UL: SNR = 63.50 dB | SE = 20.778 bit/s/Hz
[15923 ms] [UE 45898] UL: SNR = 63.50 dB | SE = 20.778 bit/s/Hz
[15923 ms] [UE 36997] UL: SNR = 63.50 dB | SE = 20.778 bit/s/Hz
[15923 ms] [UE 48787] UL: SNR = 63.50 dB | SE = 20.778 bit/s/Hz
[15923 ms] [UE 40252] UL: SNR = 56.00 dB | SE = 18.324 bit/s/Hz
[15923 ms] [UE 15599] UL: SNR = 52.50 dB | SE = 17.179 bit/s/Hz
[15925 ms] [UE 33952] UL: SNR = 63.50 dB | SE = 20.778 bit/s/Hz
[15925 ms] [UE 12169] UL: SNR = 63.50 dB | SE = 20.778 bit/s/Hz
[15925 ms] [UE 22873] UL: SNR = 5.50 dB | SE = 2.152 bit/s/Hz
[15925 ms] [UE 30556] UL: SNR = 63.50 dB | SE = 20.778 bit/s/Hz
[15925 ms] [UE 20945] UL: SNR = 63.50 dB | SE = 20.778 bit/s/Hz
[16023 ms] [UE 45898] UL: SNR = 63.50 dB | SE = 20.778 bit/s/Hz
[16023 ms] [UE 36997] UL: SNR = 63.50 dB | SE = 20.778 bit/s/Hz
[16023 ms] [UE 48787] UL: SNR = 63.50 dB | SE = 20.778 bit/s/Hz
[16023 ms] [UE 40252] UL: SNR = 56.00 dB | SE = 18.324 bit/s/Hz
[16023 ms] [UE 15599] UL: SNR = 52.50 dB | SE = 17.179 bit/s/Hz
[16025 ms] [UE 33952] UL: SNR = 63.50 dB | SE = 20.778 bit/s/Hz
[16025 ms] [UE 12169] UL: SNR = 63.50 dB | SE = 20.778 bit/s/Hz
[16025 ms] [UE 22873] UL: SNR = 5.50 dB | SE = 2.152 bit/s/Hz
[16025 ms] [UE 30556] UL: SNR = 63.50 dB | SE = 20.778 bit/s/Hz
[16025 ms] [UE 20945] UL: SNR = 63.50 dB | SE = 20.778 bit/s/Hz
[16123 ms] [UE 45898] UL: SNR = 63.50 dB | SE = 20.778 bit/s/Hz
[16123 ms] [UE 36997] UL: SNR = 63.50 dB | SE = 20.778 bit/s/Hz
[16123 ms] [UE 48787] UL: SNR = 63.50 dB | SE = 20.778 bit/s/Hz
[16123 ms] [UE 40252] UL: SNR = 56.00 dB | SE = 18.324 bit/s/Hz
[16123 ms] [UE 15599] UL: SNR = 52.50 dB | SE = 17.179 bit/s/Hz
[16136 ms] [UE 33952] UL: SNR = 63.50 dB | SE = 20.778 bit/s/Hz
[16136 ms] [UE 12169] UL: SNR = 63.50 dB | SE = 20.778 bit/s/Hz
[16136 ms] [UE 22873] UL: SNR = 5.50 dB | SE = 2.152 bit/s/Hz
[16136 ms] [UE 30556] UL: SNR = 63.50 dB | SE = 20.778 bit/s/Hz
[16136 ms] [UE 20945] UL: SNR = 63.50 dB | SE = 20.778 bit/s/Hz
[16232 ms] [UE 45898] UL: SNR = 63.50 dB | SE = 20.778 bit/s/Hz
[16232 ms] [UE 36997] UL: SNR = 63.50 dB | SE = 20.778 bit/s/Hz
[16232 ms] [UE 48787] UL: SNR = 63.50 dB | SE = 20.778 bit/s/Hz
[16232 ms] [UE 40252] UL: SNR = 56.00 dB | SE = 18.324 bit/s/Hz
[16232 ms] [UE 15599] UL: SNR = 52.50 dB | SE = 17.179 bit/s/Hz
[16245 ms] [UE 33952] UL: SNR = 63.50 dB | SE = 20.778 bit/s/Hz
[16245 ms] [UE 12169] UL: SNR = 63.50 dB | SE = 20.778 bit/s/Hz
[16245 ms] [UE 22873] UL: SNR = 5.50 dB | SE = 2.152 bit/s/Hz
[16245 ms] [UE 30556] UL: SNR = 63.50 dB | SE = 20.778 bit/s/Hz
[16245 ms] [UE 20945] UL: SNR = 63.50 dB | SE = 20.778 bit/s/Hz
[16332 ms] [UE 45898] UL: SNR = 63.50 dB | SE = 20.778 bit/s/Hz
[16332 ms] [UE 36997] UL: SNR = 63.50 dB | SE = 20.778 bit/s/Hz
[16332 ms] [UE 48787] UL: SNR = 63.50 dB | SE = 20.778 bit/s/Hz
[16332 ms] [UE 40252] UL: SNR = 56.00 dB | SE = 18.324 bit/s/Hz
[16332 ms] [UE 15599] UL: SNR = 52.50 dB | SE = 17.179 bit/s/Hz
[16347 ms] [UE 33952] UL: SNR = 63.50 dB | SE = 20.778 bit/s/Hz
[16347 ms] [UE 12169] UL: SNR = 63.50 dB | SE = 20.778 bit/s/Hz
[16347 ms] [UE 22873] UL: SNR = 5.50 dB | SE = 2.152 bit/s/Hz
[16347 ms] [UE 30556] UL: SNR = 63.50 dB | SE = 20.778 bit/s/Hz
[16347 ms] [UE 20945] UL: SNR = 63.50 dB | SE = 20.778 bit/s/Hz
[16433 ms] [UE 45898] UL: SNR = 63.50 dB | SE = 20.778 bit/s/Hz
[16433 ms] [UE 36997] UL: SNR = 63.50 dB | SE = 20.778 bit/s/Hz
[16433 ms] [UE 48787] UL: SNR = 63.50 dB | SE = 20.778 bit/s/Hz
[16433 ms] [UE 40252] UL: SNR = 56.00 dB | SE = 18.324 bit/s/Hz
[16433 ms] [UE 15599] UL: SNR = 52.50 dB | SE = 17.179 bit/s/Hz
[16455 ms] [UE 33952] UL: SNR = 63.50 dB | SE = 20.778 bit/s/Hz
[16455 ms] [UE 12169] UL: SNR = 63.50 dB | SE = 20.778 bit/s/Hz
[16455 ms] [UE 22873] UL: SNR = 5.50 dB | SE = 2.152 bit/s/Hz
[16455 ms] [UE 30556] UL: SNR = 63.50 dB | SE = 20.778 bit/s/Hz
[16455 ms] [UE 20945] UL: SNR = 63.50 dB | SE = 20.778 bit/s/Hz
[16543 ms] [UE 45898] UL: SNR = 63.50 dB | SE = 20.778 bit/s/Hz
[16543 ms] [UE 36997] UL: SNR = 63.50 dB | SE = 20.778 bit/s/Hz
[16543 ms] [UE 48787] UL: SNR = 63.50 dB | SE = 20.778 bit/s/Hz
[16543 ms] [UE 40252] UL: SNR = 56.00 dB | SE = 18.324 bit/s/Hz
[16543 ms] [UE 15599] UL: SNR = 52.50 dB | SE = 17.179 bit/s/Hz
[16565 ms] [UE 33952] UL: SNR = 63.50 dB | SE = 20.778 bit/s/Hz
[16565 ms] [UE 12169] UL: SNR = 63.50 dB | SE = 20.778 bit/s/Hz
[16565 ms] [UE 22873] UL: SNR = 5.50 dB | SE = 2.152 bit/s/Hz
[16565 ms] [UE 30556] UL: SNR = 63.50 dB | SE = 20.778 bit/s/Hz
[16565 ms] [UE 20945] UL: SNR = 63.50 dB | SE = 20.778 bit/s/Hz
[16652 ms] [UE 45898] UL: SNR = 63.50 dB | SE = 20.778 bit/s/Hz
[16652 ms] [UE 36997] UL: SNR = 63.50 dB | SE = 20.778 bit/s/Hz
[16652 ms] [UE 48787] UL: SNR = 63.50 dB | SE = 20.778 bit/s/Hz
[16652 ms] [UE 40252] UL: SNR = 56.00 dB | SE = 18.324 bit/s/Hz
[16652 ms] [UE 15599] UL: SNR = 52.50 dB | SE = 17.179 bit/s/Hz
[16675 ms] [UE 33952] UL: SNR = 63.50 dB | SE = 20.778 bit/s/Hz
[16675 ms] [UE 12169] UL: SNR = 63.50 dB | SE = 20.778 bit/s/Hz
[16675 ms] [UE 22873] UL: SNR = 5.50 dB | SE = 2.152 bit/s/Hz
[16675 ms] [UE 30556] UL: SNR = 63.50 dB | SE = 20.778 bit/s/Hz
[16675 ms] [UE 20945] UL: SNR = 63.50 dB | SE = 20.778 bit/s/Hz
[16753 ms] [UE 45898] UL: SNR = 63.50 dB | SE = 20.778 bit/s/Hz
[16753 ms] [UE 36997] UL: SNR = 63.50 dB | SE = 20.778 bit/s/Hz
[16753 ms] [UE 48787] UL: SNR = 63.50 dB | SE = 20.778 bit/s/Hz
[16753 ms] [UE 40252] UL: SNR = 56.00 dB | SE = 18.324 bit/s/Hz
[16753 ms] [UE 15599] UL: SNR = 52.50 dB | SE = 17.179 bit/s/Hz
[16785 ms] [UE 33952] UL: SNR = 63.50 dB | SE = 20.778 bit/s/Hz
[16785 ms] [UE 12169] UL: SNR = 63.50 dB | SE = 20.778 bit/s/Hz
[16785 ms] [UE 22873] UL: SNR = 5.50 dB | SE = 2.152 bit/s/Hz
[16785 ms] [UE 30556] UL: SNR = 63.50 dB | SE = 20.778 bit/s/Hz
[16785 ms] [UE 20945] UL: SNR = 63.50 dB | SE = 20.778 bit/s/Hz
[16863 ms] [UE 45898] UL: SNR = 63.50 dB | SE = 20.778 bit/s/Hz
[16863 ms] [UE 36997] UL: SNR = 63.50 dB | SE = 20.778 bit/s/Hz
[16863 ms] [UE 48787] UL: SNR = 63.50 dB | SE = 20.778 bit/s/Hz
[16863 ms] [UE 40252] UL: SNR = 56.00 dB | SE = 18.324 bit/s/Hz
[16863 ms] [UE 15599] UL: SNR = 52.50 dB | SE = 17.179 bit/s/Hz
[16895 ms] [UE 33952] UL: SNR = 63.50 dB | SE = 20.778 bit/s/Hz
[16895 ms] [UE 12169] UL: SNR = 63.50 dB | SE = 20.778 bit/s/Hz
[16895 ms] [UE 22873] UL: SNR = 5.50 dB | SE = 2.152 bit/s/Hz
[16895 ms] [UE 30556] UL: SNR = 63.50 dB | SE = 20.778 bit/s/Hz
[16895 ms] [UE 20945] UL: SNR = 63.50 dB | SE = 20.778 bit/s/Hz
[16963 ms] [UE 45898] UL: SNR = 63.50 dB | SE = 20.778 bit/s/Hz
[16963 ms] [UE 36997] UL: SNR = 63.50 dB | SE = 20.778 bit/s/Hz
[16963 ms] [UE 48787] UL: SNR = 63.50 dB | SE = 20.778 bit/s/Hz
[16963 ms] [UE 40252] UL: SNR = 56.00 dB | SE = 18.324 bit/s/Hz
[16963 ms] [UE 15599] UL: SNR = 52.50 dB | SE = 17.179 bit/s/Hz
[16996 ms] [UE 33952] UL: SNR = 63.50 dB | SE = 20.778 bit/s/Hz
[16996 ms] [UE 12169] UL: SNR = 63.50 dB | SE = 20.778 bit/s/Hz
[16996 ms] [UE 22873] UL: SNR = 5.50 dB | SE = 2.152 bit/s/Hz
[16996 ms] [UE 30556] UL: SNR = 63.50 dB | SE = 20.778 bit/s/Hz
[16996 ms] [UE 20945] UL: SNR = 63.50 dB | SE = 20.778 bit/s/Hz
[17073 ms] [UE 45898] UL: SNR = 63.50 dB | SE = 20.778 bit/s/Hz
[17073 ms] [UE 36997] UL: SNR = 63.50 dB | SE = 20.778 bit/s/Hz
[17073 ms] [UE 48787] UL: SNR = 63.50 dB | SE = 20.778 bit/s/Hz
[17073 ms] [UE 40252] UL: SNR = 56.00 dB | SE = 18.324 bit/s/Hz
[17073 ms] [UE 15599] UL: SNR = 52.50 dB | SE = 17.179 bit/s/Hz
[17105 ms] [UE 33952] UL: SNR = 63.50 dB | SE = 20.778 bit/s/Hz
[17105 ms] [UE 12169] UL: SNR = 63.50 dB | SE = 20.778 bit/s/Hz
[17105 ms] [UE 22873] UL: SNR = 5.50 dB | SE = 2.152 bit/s/Hz
[17105 ms] [UE 30556] UL: SNR = 63.50 dB | SE = 20.778 bit/s/Hz
[17105 ms] [UE 20945] UL: SNR = 63.50 dB | SE = 20.778 bit/s/Hz
[17183 ms] [UE 45898] UL: SNR = 63.50 dB | SE = 20.778 bit/s/Hz
[17183 ms] [UE 36997] UL: SNR = 63.50 dB | SE = 20.778 bit/s/Hz
[17183 ms] [UE 48787] UL: SNR = 63.50 dB | SE = 20.778 bit/s/Hz
[17183 ms] [UE 40252] UL: SNR = 56.00 dB | SE = 18.324 bit/s/Hz
[17183 ms] [UE 15599] UL: SNR = 52.50 dB | SE = 17.179 bit/s/Hz
[17205 ms] [UE 33952] UL: SNR = 63.50 dB | SE = 20.778 bit/s/Hz
[17205 ms] [UE 12169] UL: SNR = 63.50 dB | SE = 20.778 bit/s/Hz
[17205 ms] [UE 22873] UL: SNR = 5.50 dB | SE = 2.152 bit/s/Hz
[17205 ms] [UE 30556] UL: SNR = 63.50 dB | SE = 20.778 bit/s/Hz
[17205 ms] [UE 20945] UL: SNR = 63.50 dB | SE = 20.778 bit/s/Hz
[17293 ms] [UE 45898] UL: SNR = 63.50 dB | SE = 20.778 bit/s/Hz
[17293 ms] [UE 36997] UL: SNR = 63.50 dB | SE = 20.778 bit/s/Hz
[17293 ms] [UE 48787] UL: SNR = 63.50 dB | SE = 20.778 bit/s/Hz
[17293 ms] [UE 40252] UL: SNR = 56.00 dB | SE = 18.324 bit/s/Hz
[17293 ms] [UE 15599] UL: SNR = 52.50 dB | SE = 17.179 bit/s/Hz
[17306 ms] [UE 33952] UL: SNR = 63.50 dB | SE = 20.778 bit/s/Hz
[17306 ms] [UE 12169] UL: SNR = 63.50 dB | SE = 20.778 bit/s/Hz
[17306 ms] [UE 22873] UL: SNR = 5.50 dB | SE = 2.152 bit/s/Hz
[17306 ms] [UE 30556] UL: SNR = 63.50 dB | SE = 20.778 bit/s/Hz
[17306 ms] [UE 20945] UL: SNR = 63.50 dB | SE = 20.778 bit/s/Hz
[17403 ms] [UE 45898] UL: SNR = 63.50 dB | SE = 20.778 bit/s/Hz
[17403 ms] [UE 36997] UL: SNR = 63.50 dB | SE = 20.778 bit/s/Hz
[17403 ms] [UE 48787] UL: SNR = 63.50 dB | SE = 20.778 bit/s/Hz
[17403 ms] [UE 40252] UL: SNR = 56.00 dB | SE = 18.324 bit/s/Hz
[17403 ms] [UE 15599] UL: SNR = 52.50 dB | SE = 17.179 bit/s/Hz
[17415 ms] [UE 33952] UL: SNR = 63.50 dB | SE = 20.778 bit/s/Hz
[17415 ms] [UE 12169] UL: SNR = 63.50 dB | SE = 20.778 bit/s/Hz
[17415 ms] [UE 22873] UL: SNR = 5.50 dB | SE = 2.152 bit/s/Hz
[17415 ms] [UE 30556] UL: SNR = 63.50 dB | SE = 20.778 bit/s/Hz
[17415 ms] [UE 20945] UL: SNR = 63.50 dB | SE = 20.778 bit/s/Hz
[17512 ms] [UE 45898] UL: SNR = 63.50 dB | SE = 20.778 bit/s/Hz
[17512 ms] [UE 36997] UL: SNR = 63.50 dB | SE = 20.778 bit/s/Hz
[17512 ms] [UE 48787] UL: SNR = 63.50 dB | SE = 20.778 bit/s/Hz
[17512 ms] [UE 40252] UL: SNR = 56.00 dB | SE = 18.324 bit/s/Hz
[17512 ms] [UE 15599] UL: SNR = 52.50 dB | SE = 17.179 bit/s/Hz
[17517 ms] [UE 33952] UL: SNR = 63.50 dB | SE = 20.778 bit/s/Hz
[17517 ms] [UE 12169] UL: SNR = 63.50 dB | SE = 20.778 bit/s/Hz
[17517 ms] [UE 22873] UL: SNR = 5.50 dB | SE = 2.152 bit/s/Hz
[17517 ms] [UE 30556] UL: SNR = 63.50 dB | SE = 20.778 bit/s/Hz
[17517 ms] [UE 20945] UL: SNR = 63.50 dB | SE = 20.778 bit/s/Hz
[17612 ms] [UE 45898] UL: SNR = 63.50 dB | SE = 20.778 bit/s/Hz
[17612 ms] [UE 36997] UL: SNR = 63.50 dB | SE = 20.778 bit/s/Hz
[17612 ms] [UE 48787] UL: SNR = 63.50 dB | SE = 20.778 bit/s/Hz
[17612 ms] [UE 40252] UL: SNR = 56.00 dB | SE = 18.324 bit/s/Hz
[17612 ms] [UE 15599] UL: SNR = 52.50 dB | SE = 17.179 bit/s/Hz
[17625 ms] [UE 33952] UL: SNR = 63.50 dB | SE = 20.778 bit/s/Hz
[17625 ms] [UE 12169] UL: SNR = 63.50 dB | SE = 20.778 bit/s/Hz
[17625 ms] [UE 22873] UL: SNR = 5.50 dB | SE = 2.152 bit/s/Hz
[17625 ms] [UE 30556] UL: SNR = 63.50 dB | SE = 20.778 bit/s/Hz
[17625 ms] [UE 20945] UL: SNR = 63.50 dB | SE = 20.778 bit/s/Hz
[17722 ms] [UE 45898] UL: SNR = 63.50 dB | SE = 20.778 bit/s/Hz
[17722 ms] [UE 36997] UL: SNR = 63.50 dB | SE = 20.778 bit/s/Hz
[17722 ms] [UE 48787] UL: SNR = 63.50 dB | SE = 20.778 bit/s/Hz
[17722 ms] [UE 40252] UL: SNR = 56.00 dB | SE = 18.324 bit/s/Hz
[17722 ms] [UE 15599] UL: SNR = 52.50 dB | SE = 17.179 bit/s/Hz
[17725 ms] [UE 33952] UL: SNR = 63.50 dB | SE = 20.778 bit/s/Hz
[17725 ms] [UE 12169] UL: SNR = 63.50 dB | SE = 20.778 bit/s/Hz
[17725 ms] [UE 22873] UL: SNR = 5.50 dB | SE = 2.152 bit/s/Hz
[17725 ms] [UE 30556] UL: SNR = 63.50 dB | SE = 20.778 bit/s/Hz
[17725 ms] [UE 20945] UL: SNR = 63.50 dB | SE = 20.778 bit/s/Hz
[17823 ms] [UE 45898] UL: SNR = 63.50 dB | SE = 20.778 bit/s/Hz
[17823 ms] [UE 36997] UL: SNR = 63.50 dB | SE = 20.778 bit/s/Hz
[17823 ms] [UE 48787] UL: SNR = 63.50 dB | SE = 20.778 bit/s/Hz
[17823 ms] [UE 40252] UL: SNR = 56.00 dB | SE = 18.324 bit/s/Hz
[17823 ms] [UE 15599] UL: SNR = 52.50 dB | SE = 17.179 bit/s/Hz
[17825 ms] [UE 33952] UL: SNR = 63.50 dB | SE = 20.778 bit/s/Hz
[17825 ms] [UE 12169] UL: SNR = 63.50 dB | SE = 20.778 bit/s/Hz
[17825 ms] [UE 22873] UL: SNR = 5.50 dB | SE = 2.152 bit/s/Hz
[17825 ms] [UE 30556] UL: SNR = 7.50 dB | SE = 2.687 bit/s/Hz
[17825 ms] [UE 20945] UL: SNR = 63.50 dB | SE = 20.778 bit/s/Hz
[17932 ms] [UE 45898] UL: SNR = 63.50 dB | SE = 20.778 bit/s/Hz
[17932 ms] [UE 36997] UL: SNR = 63.50 dB | SE = 20.778 bit/s/Hz
[17932 ms] [UE 48787] UL: SNR = 63.50 dB | SE = 20.778 bit/s/Hz
[17932 ms] [UE 40252] UL: SNR = 56.00 dB | SE = 18.324 bit/s/Hz
[17932 ms] [UE 15599] UL: SNR = 52.50 dB | SE = 17.179 bit/s/Hz
[17935 ms] [UE 33952] UL: SNR = 63.50 dB | SE = 20.778 bit/s/Hz
[17935 ms] [UE 12169] UL: SNR = 63.50 dB | SE = 20.778 bit/s/Hz
[17935 ms] [UE 22873] UL: SNR = 5.50 dB | SE = 2.152 bit/s/Hz
[17935 ms] [UE 30556] UL: SNR = 7.50 dB | SE = 2.687 bit/s/Hz
[17935 ms] [UE 20945] UL: SNR = 63.50 dB | SE = 20.778 bit/s/Hz
[18032 ms] [UE 45898] UL: SNR = 63.50 dB | SE = 20.778 bit/s/Hz
[18032 ms] [UE 36997] UL: SNR = 63.50 dB | SE = 20.778 bit/s/Hz
[18032 ms] [UE 48787] UL: SNR = 63.50 dB | SE = 20.778 bit/s/Hz
[18032 ms] [UE 40252] UL: SNR = 56.00 dB | SE = 18.324 bit/s/Hz
[18032 ms] [UE 15599] UL: SNR = 52.50 dB | SE = 17.179 bit/s/Hz
[18045 ms] [UE 33952] UL: SNR = 63.50 dB | SE = 20.778 bit/s/Hz
[18045 ms] [UE 12169] UL: SNR = 63.50 dB | SE = 20.778 bit/s/Hz
[18045 ms] [UE 22873] UL: SNR = 5.50 dB | SE = 2.152 bit/s/Hz
[18045 ms] [UE 30556] UL: SNR = 7.50 dB | SE = 2.687 bit/s/Hz
[18045 ms] [UE 20945] UL: SNR = 63.50 dB | SE = 20.778 bit/s/Hz
[18133 ms] [UE 45898] UL: SNR = 63.50 dB | SE = 20.778 bit/s/Hz
[18133 ms] [UE 36997] UL: SNR = 63.50 dB | SE = 20.778 bit/s/Hz
[18133 ms] [UE 48787] UL: SNR = 63.50 dB | SE = 20.778 bit/s/Hz
[18133 ms] [UE 40252] UL: SNR = 56.00 dB | SE = 18.324 bit/s/Hz
[18133 ms] [UE 15599] UL: SNR = 52.50 dB | SE = 17.179 bit/s/Hz
[18145 ms] [UE 33952] UL: SNR = 63.50 dB | SE = 20.778 bit/s/Hz
[18145 ms] [UE 12169] UL: SNR = 63.50 dB | SE = 20.778 bit/s/Hz
[18145 ms] [UE 22873] UL: SNR = 5.50 dB | SE = 2.152 bit/s/Hz
[18145 ms] [UE 30556] UL: SNR = 7.50 dB | SE = 2.687 bit/s/Hz
[18145 ms] [UE 20945] UL: SNR = 63.50 dB | SE = 20.778 bit/s/Hz
[18243 ms] [UE 45898] UL: SNR = 63.50 dB | SE = 20.778 bit/s/Hz
[18243 ms] [UE 36997] UL: SNR = 63.50 dB | SE = 20.778 bit/s/Hz
[18243 ms] [UE 48787] UL: SNR = 63.50 dB | SE = 20.778 bit/s/Hz
[18243 ms] [UE 40252] UL: SNR = 56.00 dB | SE = 18.324 bit/s/Hz
[18243 ms] [UE 15599] UL: SNR = 52.50 dB | SE = 17.179 bit/s/Hz
[18245 ms] [UE 33952] UL: SNR = 63.50 dB | SE = 20.778 bit/s/Hz
[18245 ms] [UE 12169] UL: SNR = 63.50 dB | SE = 20.778 bit/s/Hz
[18245 ms] [UE 22873] UL: SNR = 5.50 dB | SE = 2.152 bit/s/Hz
[18245 ms] [UE 30556] UL: SNR = 7.50 dB | SE = 2.687 bit/s/Hz
[18245 ms] [UE 20945] UL: SNR = 63.50 dB | SE = 20.778 bit/s/Hz
[18346 ms] [UE 33952] UL: SNR = 63.50 dB | SE = 20.778 bit/s/Hz
[18346 ms] [UE 12169] UL: SNR = 63.50 dB | SE = 20.778 bit/s/Hz
[18346 ms] [UE 22873] UL: SNR = 5.50 dB | SE = 2.152 bit/s/Hz
[18346 ms] [UE 30556] UL: SNR = 7.50 dB | SE = 2.687 bit/s/Hz
[18346 ms] [UE 20945] UL: SNR = 63.50 dB | SE = 20.778 bit/s/Hz
[18353 ms] [UE 45898] UL: SNR = 63.50 dB | SE = 20.778 bit/s/Hz
[18353 ms] [UE 36997] UL: SNR = 63.50 dB | SE = 20.778 bit/s/Hz
[18353 ms] [UE 48787] UL: SNR = 63.50 dB | SE = 20.778 bit/s/Hz
[18353 ms] [UE 40252] UL: SNR = 56.00 dB | SE = 18.324 bit/s/Hz
[18353 ms] [UE 15599] UL: SNR = 52.50 dB | SE = 17.179 bit/s/Hz
[18455 ms] [UE 33952] UL: SNR = 63.50 dB | SE = 20.778 bit/s/Hz
[18455 ms] [UE 12169] UL: SNR = 63.50 dB | SE = 20.778 bit/s/Hz
[18455 ms] [UE 22873] UL: SNR = 5.50 dB | SE = 2.152 bit/s/Hz
[18455 ms] [UE 30556] UL: SNR = 7.50 dB | SE = 2.687 bit/s/Hz
[18455 ms] [UE 20945] UL: SNR = 63.50 dB | SE = 20.778 bit/s/Hz
[18463 ms] [UE 45898] UL: SNR = 63.50 dB | SE = 20.778 bit/s/Hz
[18463 ms] [UE 36997] UL: SNR = 63.50 dB | SE = 20.778 bit/s/Hz
[18463 ms] [UE 48787] UL: SNR = 63.50 dB | SE = 20.778 bit/s/Hz
[18463 ms] [UE 40252] UL: SNR = 56.00 dB | SE = 18.324 bit/s/Hz
[18463 ms] [UE 15599] UL: SNR = 52.50 dB | SE = 17.179 bit/s/Hz
[18558 ms] [UE 33952] UL: SNR = 63.50 dB | SE = 20.778 bit/s/Hz
[18558 ms] [UE 12169] UL: SNR = 63.50 dB | SE = 20.778 bit/s/Hz
[18558 ms] [UE 22873] UL: SNR = 5.50 dB | SE = 2.152 bit/s/Hz
[18558 ms] [UE 30556] UL: SNR = 7.50 dB | SE = 2.687 bit/s/Hz
[18558 ms] [UE 20945] UL: SNR = 63.50 dB | SE = 20.778 bit/s/Hz
[18572 ms] [UE 45898] UL: SNR = 63.50 dB | SE = 20.778 bit/s/Hz
[18572 ms] [UE 36997] UL: SNR = 63.50 dB | SE = 20.778 bit/s/Hz
[18572 ms] [UE 48787] UL: SNR = 63.50 dB | SE = 20.778 bit/s/Hz
[18572 ms] [UE 40252] UL: SNR = 56.00 dB | SE = 18.324 bit/s/Hz
[18572 ms] [UE 15599] UL: SNR = 52.50 dB | SE = 17.179 bit/s/Hz
[18665 ms] [UE 33952] UL: SNR = 63.50 dB | SE = 20.778 bit/s/Hz
[18665 ms] [UE 12169] UL: SNR = 63.50 dB | SE = 20.778 bit/s/Hz
[18665 ms] [UE 22873] UL: SNR = 5.50 dB | SE = 2.152 bit/s/Hz
[18665 ms] [UE 30556] UL: SNR = 53.50 dB | SE = 17.506 bit/s/Hz
[18665 ms] [UE 20945] UL: SNR = 63.50 dB | SE = 20.778 bit/s/Hz
[18673 ms] [UE 45898] UL: SNR = 63.50 dB | SE = 20.778 bit/s/Hz
[18673 ms] [UE 36997] UL: SNR = 63.50 dB | SE = 20.778 bit/s/Hz
[18673 ms] [UE 48787] UL: SNR = 63.50 dB | SE = 20.778 bit/s/Hz
[18673 ms] [UE 40252] UL: SNR = 56.00 dB | SE = 18.324 bit/s/Hz
[18673 ms] [UE 15599] UL: SNR = 52.50 dB | SE = 17.179 bit/s/Hz
[18767 ms] [UE 33952] UL: SNR = 63.50 dB | SE = 20.778 bit/s/Hz
[18767 ms] [UE 12169] UL: SNR = 63.50 dB | SE = 20.778 bit/s/Hz
[18767 ms] [UE 22873] UL: SNR = 5.50 dB | SE = 2.152 bit/s/Hz
[18767 ms] [UE 30556] UL: SNR = 53.50 dB | SE = 17.506 bit/s/Hz
[18767 ms] [UE 20945] UL: SNR = 63.50 dB | SE = 20.778 bit/s/Hz
[18783 ms] [UE 45898] UL: SNR = 63.50 dB | SE = 20.778 bit/s/Hz
[18783 ms] [UE 36997] UL: SNR = 63.50 dB | SE = 20.778 bit/s/Hz
[18783 ms] [UE 48787] UL: SNR = 63.50 dB | SE = 20.778 bit/s/Hz
[18783 ms] [UE 40252] UL: SNR = 56.00 dB | SE = 18.324 bit/s/Hz
[18783 ms] [UE 15599] UL: SNR = 52.50 dB | SE = 17.179 bit/s/Hz
[18875 ms] [UE 33952] UL: SNR = 63.50 dB | SE = 20.778 bit/s/Hz
[18875 ms] [UE 12169] UL: SNR = 63.50 dB | SE = 20.778 bit/s/Hz
[18875 ms] [UE 22873] UL: SNR = 5.50 dB | SE = 2.152 bit/s/Hz
[18875 ms] [UE 30556] UL: SNR = 54.00 dB | SE = 17.669 bit/s/Hz
[18875 ms] [UE 20945] UL: SNR = 63.50 dB | SE = 20.778 bit/s/Hz
[18892 ms] [UE 45898] UL: SNR = 63.50 dB | SE = 20.778 bit/s/Hz
[18892 ms] [UE 36997] UL: SNR = 63.50 dB | SE = 20.778 bit/s/Hz
[18892 ms] [UE 48787] UL: SNR = 63.50 dB | SE = 20.778 bit/s/Hz
[18892 ms] [UE 40252] UL: SNR = 56.00 dB | SE = 18.324 bit/s/Hz
[18892 ms] [UE 15599] UL: SNR = 52.50 dB | SE = 17.179 bit/s/Hz
[18985 ms] [UE 33952] UL: SNR = 63.50 dB | SE = 20.778 bit/s/Hz
[18985 ms] [UE 12169] UL: SNR = 63.50 dB | SE = 20.778 bit/s/Hz
[18985 ms] [UE 22873] UL: SNR = 5.50 dB | SE = 2.152 bit/s/Hz
[18985 ms] [UE 30556] UL: SNR = 54.00 dB | SE = 17.669 bit/s/Hz
[18985 ms] [UE 20945] UL: SNR = 63.50 dB | SE = 20.778 bit/s/Hz
[18993 ms] [UE 45898] UL: SNR = 63.50 dB | SE = 20.778 bit/s/Hz
[18993 ms] [UE 36997] UL: SNR = 63.50 dB | SE = 20.778 bit/s/Hz
[18993 ms] [UE 48787] UL: SNR = 63.50 dB | SE = 20.778 bit/s/Hz
[18993 ms] [UE 40252] UL: SNR = 56.00 dB | SE = 18.324 bit/s/Hz
[18993 ms] [UE 15599] UL: SNR = 52.50 dB | SE = 17.179 bit/s/Hz
[19085 ms] [UE 33952] UL: SNR = 63.50 dB | SE = 20.778 bit/s/Hz
[19085 ms] [UE 12169] UL: SNR = 63.50 dB | SE = 20.778 bit/s/Hz
[19085 ms] [UE 22873] UL: SNR = 5.50 dB | SE = 2.152 bit/s/Hz
[19085 ms] [UE 30556] UL: SNR = 54.00 dB | SE = 17.669 bit/s/Hz
[19085 ms] [UE 20945] UL: SNR = 63.50 dB | SE = 20.778 bit/s/Hz
[19102 ms] [UE 45898] UL: SNR = 63.50 dB | SE = 20.778 bit/s/Hz
[19102 ms] [UE 36997] UL: SNR = 63.50 dB | SE = 20.778 bit/s/Hz
[19102 ms] [UE 48787] UL: SNR = 63.50 dB | SE = 20.778 bit/s/Hz
[19102 ms] [UE 40252] UL: SNR = 56.00 dB | SE = 18.324 bit/s/Hz
[19102 ms] [UE 15599] UL: SNR = 52.50 dB | SE = 17.179 bit/s/Hz
[19196 ms] [UE 33952] UL: SNR = 63.50 dB | SE = 20.778 bit/s/Hz
[19196 ms] [UE 12169] UL: SNR = 63.50 dB | SE = 20.778 bit/s/Hz
[19196 ms] [UE 22873] UL: SNR = 63.50 dB | SE = 20.778 bit/s/Hz
[19196 ms] [UE 30556] UL: SNR = 63.50 dB | SE = 20.778 bit/s/Hz
[19196 ms] [UE 20945] UL: SNR = 63.50 dB | SE = 20.778 bit/s/Hz
[19202 ms] [UE 45898] UL: SNR = 63.50 dB | SE = 20.778 bit/s/Hz
[19202 ms] [UE 36997] UL: SNR = 63.50 dB | SE = 20.778 bit/s/Hz
[19202 ms] [UE 48787] UL: SNR = 63.50 dB | SE = 20.778 bit/s/Hz
[19202 ms] [UE 40252] UL: SNR = 56.00 dB | SE = 18.324 bit/s/Hz
[19202 ms] [UE 15599] UL: SNR = 52.50 dB | SE = 17.179 bit/s/Hz
[19303 ms] [UE 45898] UL: SNR = 63.50 dB | SE = 20.778 bit/s/Hz
[19303 ms] [UE 36997] UL: SNR = 63.50 dB | SE = 20.778 bit/s/Hz
[19303 ms] [UE 48787] UL: SNR = 63.50 dB | SE = 20.778 bit/s/Hz
[19303 ms] [UE 40252] UL: SNR = 56.00 dB | SE = 18.324 bit/s/Hz
[19303 ms] [UE 15599] UL: SNR = 52.50 dB | SE = 17.179 bit/s/Hz
[19305 ms] [UE 33952] UL: SNR = 63.50 dB | SE = 20.778 bit/s/Hz
[19305 ms] [UE 12169] UL: SNR = 63.50 dB | SE = 20.778 bit/s/Hz
[19305 ms] [UE 22873] UL: SNR = 63.50 dB | SE = 20.778 bit/s/Hz
[19305 ms] [UE 30556] UL: SNR = 63.50 dB | SE = 20.778 bit/s/Hz
[19305 ms] [UE 20945] UL: SNR = 63.50 dB | SE = 20.778 bit/s/Hz
[19403 ms] [UE 45898] UL: SNR = 63.50 dB | SE = 20.778 bit/s/Hz
[19403 ms] [UE 36997] UL: SNR = 63.50 dB | SE = 20.778 bit/s/Hz
[19403 ms] [UE 48787] UL: SNR = 63.50 dB | SE = 20.778 bit/s/Hz
[19403 ms] [UE 40252] UL: SNR = 56.00 dB | SE = 18.324 bit/s/Hz
[19403 ms] [UE 15599] UL: SNR = 52.50 dB | SE = 17.179 bit/s/Hz
[19416 ms] [UE 33952] UL: SNR = 63.50 dB | SE = 20.778 bit/s/Hz
[19416 ms] [UE 12169] UL: SNR = 63.50 dB | SE = 20.778 bit/s/Hz
[19416 ms] [UE 22873] UL: SNR = 63.50 dB | SE = 20.778 bit/s/Hz
[19416 ms] [UE 30556] UL: SNR = 54.00 dB | SE = 17.669 bit/s/Hz
[19416 ms] [UE 20945] UL: SNR = 63.50 dB | SE = 20.778 bit/s/Hz
[19513 ms] [UE 45898] UL: SNR = 63.50 dB | SE = 20.778 bit/s/Hz
[19513 ms] [UE 36997] UL: SNR = 63.50 dB | SE = 20.778 bit/s/Hz
[19513 ms] [UE 48787] UL: SNR = 63.50 dB | SE = 20.778 bit/s/Hz
[19513 ms] [UE 40252] UL: SNR = 56.00 dB | SE = 18.324 bit/s/Hz
[19513 ms] [UE 15599] UL: SNR = 52.50 dB | SE = 17.179 bit/s/Hz
[19526 ms] [UE 33952] UL: SNR = 63.50 dB | SE = 20.778 bit/s/Hz
[19526 ms] [UE 12169] UL: SNR = 63.50 dB | SE = 20.778 bit/s/Hz
[19526 ms] [UE 22873] UL: SNR = 63.50 dB | SE = 20.778 bit/s/Hz
[19526 ms] [UE 30556] UL: SNR = 54.00 dB | SE = 17.669 bit/s/Hz
[19526 ms] [UE 20945] UL: SNR = 63.50 dB | SE = 20.778 bit/s/Hz
[19613 ms] [UE 45898] UL: SNR = 63.50 dB | SE = 20.778 bit/s/Hz
[19613 ms] [UE 36997] UL: SNR = 63.50 dB | SE = 20.778 bit/s/Hz
[19613 ms] [UE 48787] UL: SNR = 63.50 dB | SE = 20.778 bit/s/Hz
[19613 ms] [UE 40252] UL: SNR = 56.00 dB | SE = 18.324 bit/s/Hz
[19613 ms] [UE 15599] UL: SNR = 52.50 dB | SE = 17.179 bit/s/Hz
[19636 ms] [UE 33952] UL: SNR = 63.50 dB | SE = 20.778 bit/s/Hz
[19636 ms] [UE 12169] UL: SNR = 63.50 dB | SE = 20.778 bit/s/Hz
[19636 ms] [UE 22873] UL: SNR = 63.50 dB | SE = 20.778 bit/s/Hz
[19636 ms] [UE 30556] UL: SNR = 63.50 dB | SE = 20.778 bit/s/Hz
[19636 ms] [UE 20945] UL: SNR = 63.50 dB | SE = 20.778 bit/s/Hz
[19713 ms] [UE 45898] UL: SNR = 63.50 dB | SE = 20.778 bit/s/Hz
[19713 ms] [UE 36997] UL: SNR = 63.50 dB | SE = 20.778 bit/s/Hz
[19713 ms] [UE 48787] UL: SNR = 63.50 dB | SE = 20.778 bit/s/Hz
[19713 ms] [UE 40252] UL: SNR = 56.00 dB | SE = 18.324 bit/s/Hz
[19713 ms] [UE 15599] UL: SNR = 52.50 dB | SE = 17.179 bit/s/Hz
[19745 ms] [UE 33952] UL: SNR = 63.50 dB | SE = 20.778 bit/s/Hz
[19745 ms] [UE 12169] UL: SNR = 63.50 dB | SE = 20.778 bit/s/Hz
[19745 ms] [UE 22873] UL: SNR = 63.50 dB | SE = 20.778 bit/s/Hz
[19745 ms] [UE 30556] UL: SNR = 63.50 dB | SE = 20.778 bit/s/Hz
[19745 ms] [UE 20945] UL: SNR = 63.50 dB | SE = 20.778 bit/s/Hz
[19813 ms] [UE 45898] UL: SNR = 63.50 dB | SE = 20.778 bit/s/Hz
[19813 ms] [UE 36997] UL: SNR = 63.50 dB | SE = 20.778 bit/s/Hz
[19813 ms] [UE 48787] UL: SNR = 63.50 dB | SE = 20.778 bit/s/Hz
[19813 ms] [UE 40252] UL: SNR = 56.00 dB | SE = 18.324 bit/s/Hz
[19813 ms] [UE 15599] UL: SNR = 52.50 dB | SE = 17.179 bit/s/Hz
[19846 ms] [UE 33952] UL: SNR = 63.50 dB | SE = 20.778 bit/s/Hz
[19846 ms] [UE 12169] UL: SNR = 63.50 dB | SE = 20.778 bit/s/Hz
[19846 ms] [UE 22873] UL: SNR = 63.50 dB | SE = 20.778 bit/s/Hz
[19846 ms] [UE 30556] UL: SNR = 63.50 dB | SE = 20.778 bit/s/Hz
[19846 ms] [UE 20945] UL: SNR = 63.50 dB | SE = 20.778 bit/s/Hz
[19922 ms] [UE 45898] UL: SNR = 63.50 dB | SE = 20.778 bit/s/Hz
[19922 ms] [UE 36997] UL: SNR = 63.50 dB | SE = 20.778 bit/s/Hz
[19922 ms] [UE 48787] UL: SNR = 63.50 dB | SE = 20.778 bit/s/Hz
[19922 ms] [UE 40252] UL: SNR = 56.00 dB | SE = 18.324 bit/s/Hz
[19922 ms] [UE 15599] UL: SNR = 52.50 dB | SE = 17.179 bit/s/Hz
[19955 ms] [UE 33952] UL: SNR = 63.50 dB | SE = 20.778 bit/s/Hz
[19955 ms] [UE 12169] UL: SNR = 63.50 dB | SE = 20.778 bit/s/Hz
[19955 ms] [UE 22873] UL: SNR = 63.50 dB | SE = 20.778 bit/s/Hz
[19955 ms] [UE 30556] UL: SNR = 63.50 dB | SE = 20.778 bit/s/Hz
[19955 ms] [UE 20945] UL: SNR = 63.50 dB | SE = 20.778 bit/s/Hz
[20023 ms] [UE 45898] UL: SNR = 63.50 dB | SE = 20.778 bit/s/Hz
[20023 ms] [UE 36997] UL: SNR = 63.50 dB | SE = 20.778 bit/s/Hz
[20023 ms] [UE 48787] UL: SNR = 63.50 dB | SE = 20.778 bit/s/Hz
[20023 ms] [UE 40252] UL: SNR = 56.00 dB | SE = 18.324 bit/s/Hz
[20023 ms] [UE 15599] UL: SNR = 52.50 dB | SE = 17.179 bit/s/Hz
[20055 ms] [UE 33952] UL: SNR = 63.50 dB | SE = 20.778 bit/s/Hz
[20055 ms] [UE 12169] UL: SNR = 63.50 dB | SE = 20.778 bit/s/Hz
[20055 ms] [UE 22873] UL: SNR = 63.50 dB | SE = 20.778 bit/s/Hz
[20055 ms] [UE 30556] UL: SNR = 63.50 dB | SE = 20.778 bit/s/Hz
[20055 ms] [UE 20945] UL: SNR = 63.50 dB | SE = 20.778 bit/s/Hz
[20132 ms] [UE 45898] UL: SNR = 63.50 dB | SE = 20.778 bit/s/Hz
[20132 ms] [UE 36997] UL: SNR = 63.50 dB | SE = 20.778 bit/s/Hz
[20132 ms] [UE 48787] UL: SNR = 63.50 dB | SE = 20.778 bit/s/Hz
[20132 ms] [UE 40252] UL: SNR = 56.00 dB | SE = 18.324 bit/s/Hz
[20132 ms] [UE 15599] UL: SNR = 52.50 dB | SE = 17.179 bit/s/Hz
[20155 ms] [UE 33952] UL: SNR = 63.50 dB | SE = 20.778 bit/s/Hz
[20155 ms] [UE 12169] UL: SNR = 63.50 dB | SE = 20.778 bit/s/Hz
[20155 ms] [UE 22873] UL: SNR = 63.50 dB | SE = 20.778 bit/s/Hz
[20155 ms] [UE 30556] UL: SNR = 63.50 dB | SE = 20.778 bit/s/Hz
[20155 ms] [UE 20945] UL: SNR = 63.50 dB | SE = 20.778 bit/s/Hz
[20242 ms] [UE 45898] UL: SNR = 63.50 dB | SE = 20.778 bit/s/Hz
[20242 ms] [UE 36997] UL: SNR = 63.50 dB | SE = 20.778 bit/s/Hz
[20242 ms] [UE 48787] UL: SNR = 63.50 dB | SE = 20.778 bit/s/Hz
[20242 ms] [UE 40252] UL: SNR = 56.00 dB | SE = 18.324 bit/s/Hz
[20242 ms] [UE 15599] UL: SNR = 52.50 dB | SE = 17.179 bit/s/Hz
[20267 ms] [UE 33952] UL: SNR = 63.50 dB | SE = 20.778 bit/s/Hz
[20267 ms] [UE 12169] UL: SNR = 63.50 dB | SE = 20.778 bit/s/Hz
[20267 ms] [UE 22873] UL: SNR = 63.50 dB | SE = 20.778 bit/s/Hz
[20267 ms] [UE 30556] UL: SNR = 63.50 dB | SE = 20.778 bit/s/Hz
[20267 ms] [UE 20945] UL: SNR = 63.50 dB | SE = 20.778 bit/s/Hz
[20343 ms] [UE 45898] UL: SNR = 63.50 dB | SE = 20.778 bit/s/Hz
[20343 ms] [UE 36997] UL: SNR = 63.50 dB | SE = 20.778 bit/s/Hz
[20343 ms] [UE 48787] UL: SNR = 63.50 dB | SE = 20.778 bit/s/Hz
[20343 ms] [UE 40252] UL: SNR = 56.00 dB | SE = 18.324 bit/s/Hz
[20343 ms] [UE 15599] UL: SNR = 52.50 dB | SE = 17.179 bit/s/Hz
[20375 ms] [UE 33952] UL: SNR = 63.50 dB | SE = 20.778 bit/s/Hz
[20375 ms] [UE 12169] UL: SNR = 63.50 dB | SE = 20.778 bit/s/Hz
[20375 ms] [UE 22873] UL: SNR = 63.50 dB | SE = 20.778 bit/s/Hz
[20375 ms] [UE 30556] UL: SNR = 63.50 dB | SE = 20.778 bit/s/Hz
[20375 ms] [UE 20945] UL: SNR = 63.50 dB | SE = 20.778 bit/s/Hz
[20453 ms] [UE 45898] UL: SNR = 63.50 dB | SE = 20.778 bit/s/Hz
[20453 ms] [UE 36997] UL: SNR = 63.50 dB | SE = 20.778 bit/s/Hz
[20453 ms] [UE 48787] UL: SNR = 63.50 dB | SE = 20.778 bit/s/Hz
[20453 ms] [UE 40252] UL: SNR = 56.00 dB | SE = 18.324 bit/s/Hz
[20453 ms] [UE 15599] UL: SNR = 52.50 dB | SE = 17.179 bit/s/Hz
[20475 ms] [UE 33952] UL: SNR = 63.50 dB | SE = 20.778 bit/s/Hz
[20475 ms] [UE 12169] UL: SNR = 63.50 dB | SE = 20.778 bit/s/Hz
[20475 ms] [UE 22873] UL: SNR = 63.50 dB | SE = 20.778 bit/s/Hz
[20475 ms] [UE 30556] UL: SNR = 63.50 dB | SE = 20.778 bit/s/Hz
[20475 ms] [UE 20945] UL: SNR = 63.50 dB | SE = 20.778 bit/s/Hz
[20553 ms] [UE 45898] UL: SNR = 63.50 dB | SE = 20.778 bit/s/Hz
[20553 ms] [UE 36997] UL: SNR = 63.50 dB | SE = 20.778 bit/s/Hz
[20553 ms] [UE 48787] UL: SNR = 63.50 dB | SE = 20.778 bit/s/Hz
[20553 ms] [UE 40252] UL: SNR = 56.00 dB | SE = 18.324 bit/s/Hz
[20553 ms] [UE 15599] UL: SNR = 52.50 dB | SE = 17.179 bit/s/Hz
[20575 ms] [UE 33952] UL: SNR = 63.50 dB | SE = 20.778 bit/s/Hz
[20575 ms] [UE 12169] UL: SNR = 63.50 dB | SE = 20.778 bit/s/Hz
[20575 ms] [UE 22873] UL: SNR = 63.50 dB | SE = 20.778 bit/s/Hz
[20575 ms] [UE 30556] UL: SNR = 63.50 dB | SE = 20.778 bit/s/Hz
[20575 ms] [UE 20945] UL: SNR = 63.50 dB | SE = 20.778 bit/s/Hz
[20662 ms] [UE 45898] UL: SNR = 63.50 dB | SE = 20.778 bit/s/Hz
[20662 ms] [UE 36997] UL: SNR = 63.50 dB | SE = 20.778 bit/s/Hz
[20662 ms] [UE 48787] UL: SNR = 63.50 dB | SE = 20.778 bit/s/Hz
[20662 ms] [UE 40252] UL: SNR = 56.00 dB | SE = 18.324 bit/s/Hz
[20662 ms] [UE 15599] UL: SNR = 52.50 dB | SE = 17.179 bit/s/Hz
[20685 ms] [UE 33952] UL: SNR = 63.50 dB | SE = 20.778 bit/s/Hz
[20685 ms] [UE 12169] UL: SNR = 63.50 dB | SE = 20.778 bit/s/Hz
[20685 ms] [UE 22873] UL: SNR = 63.50 dB | SE = 20.778 bit/s/Hz
[20685 ms] [UE 30556] UL: SNR = 63.50 dB | SE = 20.778 bit/s/Hz
[20685 ms] [UE 20945] UL: SNR = 63.50 dB | SE = 20.778 bit/s/Hz
[20763 ms] [UE 45898] UL: SNR = 63.50 dB | SE = 20.778 bit/s/Hz
[20763 ms] [UE 36997] UL: SNR = 63.50 dB | SE = 20.778 bit/s/Hz
[20763 ms] [UE 48787] UL: SNR = 63.50 dB | SE = 20.778 bit/s/Hz
[20763 ms] [UE 40252] UL: SNR = 56.00 dB | SE = 18.324 bit/s/Hz
[20763 ms] [UE 15599] UL: SNR = 52.50 dB | SE = 17.179 bit/s/Hz
[20786 ms] [UE 33952] UL: SNR = 63.50 dB | SE = 20.778 bit/s/Hz
[20786 ms] [UE 12169] UL: SNR = 63.50 dB | SE = 20.778 bit/s/Hz
[20786 ms] [UE 22873] UL: SNR = 63.50 dB | SE = 20.778 bit/s/Hz
[20786 ms] [UE 30556] UL: SNR = 63.50 dB | SE = 20.778 bit/s/Hz
[20786 ms] [UE 20945] UL: SNR = 63.50 dB | SE = 20.778 bit/s/Hz
[20872 ms] [UE 45898] UL: SNR = 63.50 dB | SE = 20.778 bit/s/Hz
[20872 ms] [UE 36997] UL: SNR = 63.50 dB | SE = 20.778 bit/s/Hz
[20872 ms] [UE 48787] UL: SNR = 63.50 dB | SE = 20.778 bit/s/Hz
[20872 ms] [UE 40252] UL: SNR = 56.00 dB | SE = 18.324 bit/s/Hz
[20872 ms] [UE 15599] UL: SNR = 52.50 dB | SE = 17.179 bit/s/Hz
[20895 ms] [UE 33952] UL: SNR = 63.50 dB | SE = 20.778 bit/s/Hz
[20895 ms] [UE 12169] UL: SNR = 63.50 dB | SE = 20.778 bit/s/Hz
[20895 ms] [UE 22873] UL: SNR = 63.50 dB | SE = 20.778 bit/s/Hz
[20895 ms] [UE 30556] UL: SNR = 63.50 dB | SE = 20.778 bit/s/Hz
[20895 ms] [UE 20945] UL: SNR = 63.50 dB | SE = 20.778 bit/s/Hz
[20972 ms] [UE 45898] UL: SNR = 63.50 dB | SE = 20.778 bit/s/Hz
[20972 ms] [UE 36997] UL: SNR = 63.50 dB | SE = 20.778 bit/s/Hz
[20972 ms] [UE 48787] UL: SNR = 63.50 dB | SE = 20.778 bit/s/Hz
[20972 ms] [UE 40252] UL: SNR = 56.00 dB | SE = 18.324 bit/s/Hz
[20972 ms] [UE 15599] UL: SNR = 52.50 dB | SE = 17.179 bit/s/Hz
[20995 ms] [UE 33952] UL: SNR = 63.50 dB | SE = 20.778 bit/s/Hz
[20995 ms] [UE 12169] UL: SNR = 63.50 dB | SE = 20.778 bit/s/Hz
[20995 ms] [UE 22873] UL: SNR = 63.50 dB | SE = 20.778 bit/s/Hz
[20995 ms] [UE 30556] UL: SNR = 63.50 dB | SE = 20.778 bit/s/Hz
[20995 ms] [UE 20945] UL: SNR = 63.50 dB | SE = 20.778 bit/s/Hz
[21073 ms] [UE 45898] UL: SNR = 63.50 dB | SE = 20.778 bit/s/Hz
[21073 ms] [UE 36997] UL: SNR = 63.50 dB | SE = 20.778 bit/s/Hz
[21073 ms] [UE 48787] UL: SNR = 63.50 dB | SE = 20.778 bit/s/Hz
[21073 ms] [UE 40252] UL: SNR = 56.00 dB | SE = 18.324 bit/s/Hz
[21073 ms] [UE 15599] UL: SNR = 52.50 dB | SE = 17.179 bit/s/Hz
[21105 ms] [UE 33952] UL: SNR = 63.50 dB | SE = 20.778 bit/s/Hz
[21105 ms] [UE 12169] UL: SNR = 63.50 dB | SE = 20.778 bit/s/Hz
[21105 ms] [UE 22873] UL: SNR = 63.50 dB | SE = 20.778 bit/s/Hz
[21105 ms] [UE 30556] UL: SNR = 63.50 dB | SE = 20.778 bit/s/Hz
[21105 ms] [UE 20945] UL: SNR = 63.50 dB | SE = 20.778 bit/s/Hz
[21173 ms] [UE 45898] UL: SNR = 63.50 dB | SE = 20.778 bit/s/Hz
[21173 ms] [UE 36997] UL: SNR = 63.50 dB | SE = 20.778 bit/s/Hz
[21173 ms] [UE 48787] UL: SNR = 63.50 dB | SE = 20.778 bit/s/Hz
[21173 ms] [UE 40252] UL: SNR = 56.00 dB | SE = 18.324 bit/s/Hz
[21173 ms] [UE 15599] UL: SNR = 52.50 dB | SE = 17.179 bit/s/Hz
[21217 ms] [UE 33952] UL: SNR = 63.50 dB | SE = 20.778 bit/s/Hz
[21217 ms] [UE 12169] UL: SNR = 63.50 dB | SE = 20.778 bit/s/Hz
[21217 ms] [UE 22873] UL: SNR = 63.50 dB | SE = 20.778 bit/s/Hz
[21217 ms] [UE 30556] UL: SNR = 63.50 dB | SE = 20.778 bit/s/Hz
[21217 ms] [UE 20945] UL: SNR = 63.50 dB | SE = 20.778 bit/s/Hz
[21273 ms] [UE 45898] UL: SNR = 63.50 dB | SE = 20.778 bit/s/Hz
[21273 ms] [UE 36997] UL: SNR = 63.50 dB | SE = 20.778 bit/s/Hz
[21273 ms] [UE 48787] UL: SNR = 63.50 dB | SE = 20.778 bit/s/Hz
[21273 ms] [UE 40252] UL: SNR = 56.00 dB | SE = 18.324 bit/s/Hz
[21273 ms] [UE 15599] UL: SNR = 52.50 dB | SE = 17.179 bit/s/Hz
[21325 ms] [UE 33952] UL: SNR = 63.50 dB | SE = 20.778 bit/s/Hz
[21325 ms] [UE 12169] UL: SNR = 63.50 dB | SE = 20.778 bit/s/Hz
[21325 ms] [UE 22873] UL: SNR = 63.50 dB | SE = 20.778 bit/s/Hz
[21325 ms] [UE 30556] UL: SNR = 63.50 dB | SE = 20.778 bit/s/Hz
[21325 ms] [UE 20945] UL: SNR = 63.50 dB | SE = 20.778 bit/s/Hz
[21383 ms] [UE 45898] UL: SNR = 63.50 dB | SE = 20.778 bit/s/Hz
[21383 ms] [UE 36997] UL: SNR = 63.50 dB | SE = 20.778 bit/s/Hz
[21383 ms] [UE 48787] UL: SNR = 63.50 dB | SE = 20.778 bit/s/Hz
[21383 ms] [UE 40252] UL: SNR = 56.00 dB | SE = 18.324 bit/s/Hz
[21383 ms] [UE 15599] UL: SNR = 52.50 dB | SE = 17.179 bit/s/Hz
[21425 ms] [UE 33952] UL: SNR = 63.50 dB | SE = 20.778 bit/s/Hz
[21425 ms] [UE 12169] UL: SNR = 63.50 dB | SE = 20.778 bit/s/Hz
[21425 ms] [UE 22873] UL: SNR = 63.50 dB | SE = 20.778 bit/s/Hz
[21425 ms] [UE 30556] UL: SNR = 63.50 dB | SE = 20.778 bit/s/Hz
[21425 ms] [UE 20945] UL: SNR = 63.50 dB | SE = 20.778 bit/s/Hz
[21493 ms] [UE 45898] UL: SNR = 63.50 dB | SE = 20.778 bit/s/Hz
[21493 ms] [UE 36997] UL: SNR = 63.50 dB | SE = 20.778 bit/s/Hz
[21493 ms] [UE 48787] UL: SNR = 63.50 dB | SE = 20.778 bit/s/Hz
[21493 ms] [UE 40252] UL: SNR = 56.00 dB | SE = 18.324 bit/s/Hz
[21493 ms] [UE 15599] UL: SNR = 52.50 dB | SE = 17.179 bit/s/Hz
[21525 ms] [UE 33952] UL: SNR = 63.50 dB | SE = 20.778 bit/s/Hz
[21525 ms] [UE 12169] UL: SNR = 63.50 dB | SE = 20.778 bit/s/Hz
[21525 ms] [UE 22873] UL: SNR = 63.50 dB | SE = 20.778 bit/s/Hz
[21525 ms] [UE 30556] UL: SNR = 63.50 dB | SE = 20.778 bit/s/Hz
[21525 ms] [UE 20945] UL: SNR = 63.50 dB | SE = 20.778 bit/s/Hz
[21602 ms] [UE 45898] UL: SNR = 63.50 dB | SE = 20.778 bit/s/Hz
[21602 ms] [UE 36997] UL: SNR = 63.50 dB | SE = 20.778 bit/s/Hz
[21602 ms] [UE 48787] UL: SNR = 63.50 dB | SE = 20.778 bit/s/Hz
[21602 ms] [UE 40252] UL: SNR = 56.00 dB | SE = 18.324 bit/s/Hz
[21602 ms] [UE 15599] UL: SNR = 52.50 dB | SE = 17.179 bit/s/Hz
[21635 ms] [UE 33952] UL: SNR = 63.50 dB | SE = 20.778 bit/s/Hz
[21635 ms] [UE 12169] UL: SNR = 63.50 dB | SE = 20.778 bit/s/Hz
[21635 ms] [UE 22873] UL: SNR = 63.50 dB | SE = 20.778 bit/s/Hz
[21635 ms] [UE 30556] UL: SNR = 63.50 dB | SE = 20.778 bit/s/Hz
[21635 ms] [UE 20945] UL: SNR = 63.50 dB | SE = 20.778 bit/s/Hz
[21712 ms] [UE 45898] UL: SNR = 63.50 dB | SE = 20.778 bit/s/Hz
[21712 ms] [UE 36997] UL: SNR = 63.50 dB | SE = 20.778 bit/s/Hz
[21712 ms] [UE 48787] UL: SNR = 63.50 dB | SE = 20.778 bit/s/Hz
[21712 ms] [UE 40252] UL: SNR = 56.00 dB | SE = 18.324 bit/s/Hz
[21712 ms] [UE 15599] UL: SNR = 52.50 dB | SE = 17.179 bit/s/Hz
[21736 ms] [UE 33952] UL: SNR = 63.50 dB | SE = 20.778 bit/s/Hz
[21736 ms] [UE 12169] UL: SNR = 63.50 dB | SE = 20.778 bit/s/Hz
[21736 ms] [UE 22873] UL: SNR = 63.50 dB | SE = 20.778 bit/s/Hz
[21736 ms] [UE 30556] UL: SNR = 7.50 dB | SE = 2.687 bit/s/Hz
[21736 ms] [UE 20945] UL: SNR = 63.50 dB | SE = 20.778 bit/s/Hz
[21812 ms] [UE 45898] UL: SNR = 63.50 dB | SE = 20.778 bit/s/Hz
[21812 ms] [UE 36997] UL: SNR = 63.50 dB | SE = 20.778 bit/s/Hz
[21812 ms] [UE 48787] UL: SNR = 63.50 dB | SE = 20.778 bit/s/Hz
[21812 ms] [UE 40252] UL: SNR = 56.00 dB | SE = 18.324 bit/s/Hz
[21812 ms] [UE 15599] UL: SNR = 52.50 dB | SE = 17.179 bit/s/Hz
[21845 ms] [UE 33952] UL: SNR = 63.50 dB | SE = 20.778 bit/s/Hz
[21845 ms] [UE 12169] UL: SNR = 63.50 dB | SE = 20.778 bit/s/Hz
[21845 ms] [UE 22873] UL: SNR = 63.50 dB | SE = 20.778 bit/s/Hz
[21845 ms] [UE 30556] UL: SNR = 7.50 dB | SE = 2.687 bit/s/Hz
[21845 ms] [UE 20945] UL: SNR = 63.50 dB | SE = 20.778 bit/s/Hz
[21913 ms] [UE 45898] UL: SNR = 63.50 dB | SE = 20.778 bit/s/Hz
[21913 ms] [UE 36997] UL: SNR = 63.50 dB | SE = 20.778 bit/s/Hz
[21913 ms] [UE 48787] UL: SNR = 63.50 dB | SE = 20.778 bit/s/Hz
[21913 ms] [UE 40252] UL: SNR = 56.00 dB | SE = 18.324 bit/s/Hz
[21913 ms] [UE 15599] UL: SNR = 52.50 dB | SE = 17.179 bit/s/Hz
[21955 ms] [UE 33952] UL: SNR = 63.50 dB | SE = 20.778 bit/s/Hz
[21955 ms] [UE 12169] UL: SNR = 63.50 dB | SE = 20.778 bit/s/Hz
[21955 ms] [UE 22873] UL: SNR = 63.50 dB | SE = 20.778 bit/s/Hz
[21955 ms] [UE 30556] UL: SNR = 7.50 dB | SE = 2.687 bit/s/Hz
[21955 ms] [UE 20945] UL: SNR = 63.50 dB | SE = 20.778 bit/s/Hz
[22022 ms] [UE 45898] UL: SNR = 63.50 dB | SE = 20.778 bit/s/Hz
[22022 ms] [UE 36997] UL: SNR = 63.50 dB | SE = 20.778 bit/s/Hz
[22022 ms] [UE 48787] UL: SNR = 63.50 dB | SE = 20.778 bit/s/Hz
[22022 ms] [UE 40252] UL: SNR = 56.00 dB | SE = 18.324 bit/s/Hz
[22022 ms] [UE 15599] UL: SNR = 52.50 dB | SE = 17.179 bit/s/Hz
[22065 ms] [UE 33952] UL: SNR = 63.50 dB | SE = 20.778 bit/s/Hz
[22065 ms] [UE 12169] UL: SNR = 63.50 dB | SE = 20.778 bit/s/Hz
[22065 ms] [UE 22873] UL: SNR = 63.50 dB | SE = 20.778 bit/s/Hz
[22065 ms] [UE 30556] UL: SNR = 7.50 dB | SE = 2.687 bit/s/Hz
[22065 ms] [UE 20945] UL: SNR = 63.50 dB | SE = 20.778 bit/s/Hz
[22132 ms] [UE 45898] UL: SNR = 63.50 dB | SE = 20.778 bit/s/Hz
[22132 ms] [UE 36997] UL: SNR = 63.50 dB | SE = 20.778 bit/s/Hz
[22132 ms] [UE 48787] UL: SNR = 63.50 dB | SE = 20.778 bit/s/Hz
[22132 ms] [UE 40252] UL: SNR = 56.00 dB | SE = 18.324 bit/s/Hz
[22132 ms] [UE 15599] UL: SNR = 52.50 dB | SE = 17.179 bit/s/Hz
[22165 ms] [UE 33952] UL: SNR = 63.50 dB | SE = 20.778 bit/s/Hz
[22165 ms] [UE 12169] UL: SNR = 63.50 dB | SE = 20.778 bit/s/Hz
[22165 ms] [UE 22873] UL: SNR = 63.50 dB | SE = 20.778 bit/s/Hz
[22165 ms] [UE 30556] UL: SNR = 7.50 dB | SE = 2.687 bit/s/Hz
[22165 ms] [UE 20945] UL: SNR = 63.50 dB | SE = 20.778 bit/s/Hz
[22232 ms] [UE 45898] UL: SNR = 63.50 dB | SE = 20.778 bit/s/Hz
[22232 ms] [UE 36997] UL: SNR = 63.50 dB | SE = 20.778 bit/s/Hz
[22232 ms] [UE 48787] UL: SNR = 63.50 dB | SE = 20.778 bit/s/Hz
[22232 ms] [UE 40252] UL: SNR = 56.00 dB | SE = 18.324 bit/s/Hz
[22232 ms] [UE 15599] UL: SNR = 52.50 dB | SE = 17.179 bit/s/Hz
[22275 ms] [UE 33952] UL: SNR = 63.50 dB | SE = 20.778 bit/s/Hz
[22275 ms] [UE 12169] UL: SNR = 63.50 dB | SE = 20.778 bit/s/Hz
[22275 ms] [UE 22873] UL: SNR = 63.50 dB | SE = 20.778 bit/s/Hz
[22275 ms] [UE 30556] UL: SNR = 7.50 dB | SE = 2.687 bit/s/Hz
[22275 ms] [UE 20945] UL: SNR = 63.50 dB | SE = 20.778 bit/s/Hz
[22333 ms] [UE 45898] UL: SNR = 63.50 dB | SE = 20.778 bit/s/Hz
[22333 ms] [UE 36997] UL: SNR = 63.50 dB | SE = 20.778 bit/s/Hz
[22333 ms] [UE 48787] UL: SNR = 63.50 dB | SE = 20.778 bit/s/Hz
[22333 ms] [UE 40252] UL: SNR = 56.00 dB | SE = 18.324 bit/s/Hz
[22333 ms] [UE 15599] UL: SNR = 52.50 dB | SE = 17.179 bit/s/Hz
[22385 ms] [UE 33952] UL: SNR = 63.50 dB | SE = 20.778 bit/s/Hz
[22385 ms] [UE 12169] UL: SNR = 63.50 dB | SE = 20.778 bit/s/Hz
[22385 ms] [UE 22873] UL: SNR = 63.50 dB | SE = 20.778 bit/s/Hz
[22385 ms] [UE 30556] UL: SNR = 7.50 dB | SE = 2.687 bit/s/Hz
[22385 ms] [UE 20945] UL: SNR = 63.50 dB | SE = 20.778 bit/s/Hz
[22433 ms] [UE 45898] UL: SNR = 63.50 dB | SE = 20.778 bit/s/Hz
[22433 ms] [UE 36997] UL: SNR = 63.50 dB | SE = 20.778 bit/s/Hz
[22433 ms] [UE 48787] UL: SNR = 63.50 dB | SE = 20.778 bit/s/Hz
[22433 ms] [UE 40252] UL: SNR = 56.00 dB | SE = 18.324 bit/s/Hz
[22433 ms] [UE 15599] UL: SNR = 52.50 dB | SE = 17.179 bit/s/Hz
[22496 ms] [UE 33952] UL: SNR = 63.50 dB | SE = 20.778 bit/s/Hz
[22496 ms] [UE 12169] UL: SNR = 63.50 dB | SE = 20.778 bit/s/Hz
[22496 ms] [UE 22873] UL: SNR = 63.50 dB | SE = 20.778 bit/s/Hz
[22496 ms] [UE 30556] UL: SNR = 53.50 dB | SE = 17.506 bit/s/Hz
[22496 ms] [UE 20945] UL: SNR = 63.50 dB | SE = 20.778 bit/s/Hz
[22533 ms] [UE 45898] UL: SNR = 63.50 dB | SE = 20.778 bit/s/Hz
[22533 ms] [UE 36997] UL: SNR = 63.50 dB | SE = 20.778 bit/s/Hz
[22533 ms] [UE 48787] UL: SNR = 63.50 dB | SE = 20.778 bit/s/Hz
[22533 ms] [UE 40252] UL: SNR = 56.00 dB | SE = 18.324 bit/s/Hz
[22533 ms] [UE 15599] UL: SNR = 52.50 dB | SE = 17.179 bit/s/Hz
[22605 ms] [UE 33952] UL: SNR = 63.50 dB | SE = 20.778 bit/s/Hz
[22605 ms] [UE 12169] UL: SNR = 63.50 dB | SE = 20.778 bit/s/Hz
[22605 ms] [UE 22873] UL: SNR = 63.50 dB | SE = 20.778 bit/s/Hz
[22605 ms] [UE 30556] UL: SNR = 53.50 dB | SE = 17.506 bit/s/Hz
[22605 ms] [UE 20945] UL: SNR = 63.50 dB | SE = 20.778 bit/s/Hz
[22643 ms] [UE 45898] UL: SNR = 63.50 dB | SE = 20.778 bit/s/Hz
[22643 ms] [UE 36997] UL: SNR = 63.50 dB | SE = 20.778 bit/s/Hz
[22643 ms] [UE 48787] UL: SNR = 63.50 dB | SE = 20.778 bit/s/Hz
[22643 ms] [UE 40252] UL: SNR = 56.00 dB | SE = 18.324 bit/s/Hz
[22643 ms] [UE 15599] UL: SNR = 52.50 dB | SE = 17.179 bit/s/Hz
[22715 ms] [UE 33952] UL: SNR = 63.50 dB | SE = 20.778 bit/s/Hz
[22715 ms] [UE 12169] UL: SNR = 63.50 dB | SE = 20.778 bit/s/Hz
[22715 ms] [UE 22873] UL: SNR = 63.50 dB | SE = 20.778 bit/s/Hz
[22715 ms] [UE 30556] UL: SNR = 53.50 dB | SE = 17.506 bit/s/Hz
[22715 ms] [UE 20945] UL: SNR = 63.50 dB | SE = 20.778 bit/s/Hz
[22753 ms] [UE 45898] UL: SNR = 63.50 dB | SE = 20.778 bit/s/Hz
[22753 ms] [UE 36997] UL: SNR = 63.50 dB | SE = 20.778 bit/s/Hz
[22753 ms] [UE 48787] UL: SNR = 63.50 dB | SE = 20.778 bit/s/Hz
[22753 ms] [UE 40252] UL: SNR = 56.00 dB | SE = 18.324 bit/s/Hz
[22753 ms] [UE 15599] UL: SNR = 52.50 dB | SE = 17.179 bit/s/Hz
[22825 ms] [UE 33952] UL: SNR = 63.50 dB | SE = 20.778 bit/s/Hz
[22825 ms] [UE 12169] UL: SNR = 63.50 dB | SE = 20.778 bit/s/Hz
[22825 ms] [UE 22873] UL: SNR = 63.50 dB | SE = 20.778 bit/s/Hz
[22825 ms] [UE 30556] UL: SNR = 54.00 dB | SE = 17.669 bit/s/Hz
[22825 ms] [UE 20945] UL: SNR = 63.50 dB | SE = 20.778 bit/s/Hz
[22862 ms] [UE 45898] UL: SNR = 63.50 dB | SE = 20.778 bit/s/Hz
[22862 ms] [UE 36997] UL: SNR = 63.50 dB | SE = 20.778 bit/s/Hz
[22862 ms] [UE 48787] UL: SNR = 63.50 dB | SE = 20.778 bit/s/Hz
[22862 ms] [UE 40252] UL: SNR = 56.00 dB | SE = 18.324 bit/s/Hz
[22862 ms] [UE 15599] UL: SNR = 52.50 dB | SE = 17.179 bit/s/Hz
[22925 ms] [UE 33952] UL: SNR = 63.50 dB | SE = 20.778 bit/s/Hz
[22925 ms] [UE 12169] UL: SNR = 63.50 dB | SE = 20.778 bit/s/Hz
[22925 ms] [UE 22873] UL: SNR = 63.50 dB | SE = 20.778 bit/s/Hz
[22925 ms] [UE 30556] UL: SNR = 54.00 dB | SE = 17.669 bit/s/Hz
[22925 ms] [UE 20945] UL: SNR = 63.50 dB | SE = 20.778 bit/s/Hz
[22963 ms] [UE 45898] UL: SNR = 63.50 dB | SE = 20.778 bit/s/Hz
[22963 ms] [UE 36997] UL: SNR = 63.50 dB | SE = 20.778 bit/s/Hz
[22963 ms] [UE 48787] UL: SNR = 63.50 dB | SE = 20.778 bit/s/Hz
[22963 ms] [UE 40252] UL: SNR = 56.00 dB | SE = 18.324 bit/s/Hz
[22963 ms] [UE 15599] UL: SNR = 52.50 dB | SE = 17.179 bit/s/Hz
[23036 ms] [UE 33952] UL: SNR = 63.50 dB | SE = 20.778 bit/s/Hz
[23036 ms] [UE 12169] UL: SNR = 63.50 dB | SE = 20.778 bit/s/Hz
[23036 ms] [UE 22873] UL: SNR = 63.50 dB | SE = 20.778 bit/s/Hz
[23036 ms] [UE 30556] UL: SNR = 63.50 dB | SE = 20.778 bit/s/Hz
[23036 ms] [UE 20945] UL: SNR = 63.50 dB | SE = 20.778 bit/s/Hz
[23072 ms] [UE 45898] UL: SNR = 63.50 dB | SE = 20.778 bit/s/Hz
[23072 ms] [UE 36997] UL: SNR = 63.50 dB | SE = 20.778 bit/s/Hz
[23072 ms] [UE 48787] UL: SNR = 63.50 dB | SE = 20.778 bit/s/Hz
[23072 ms] [UE 40252] UL: SNR = 56.00 dB | SE = 18.324 bit/s/Hz
[23072 ms] [UE 15599] UL: SNR = 52.50 dB | SE = 17.179 bit/s/Hz
[23145 ms] [UE 33952] UL: SNR = 63.50 dB | SE = 20.778 bit/s/Hz
[23145 ms] [UE 12169] UL: SNR = 63.50 dB | SE = 20.778 bit/s/Hz
[23145 ms] [UE 22873] UL: SNR = 63.50 dB | SE = 20.778 bit/s/Hz
[23145 ms] [UE 30556] UL: SNR = 63.50 dB | SE = 20.778 bit/s/Hz
[23145 ms] [UE 20945] UL: SNR = 63.50 dB | SE = 20.778 bit/s/Hz
[23173 ms] [UE 45898] UL: SNR = 63.50 dB | SE = 20.778 bit/s/Hz
[23173 ms] [UE 36997] UL: SNR = 63.50 dB | SE = 20.778 bit/s/Hz
[23173 ms] [UE 48787] UL: SNR = 63.50 dB | SE = 20.778 bit/s/Hz
[23173 ms] [UE 40252] UL: SNR = 56.00 dB | SE = 18.324 bit/s/Hz
[23173 ms] [UE 15599] UL: SNR = 52.50 dB | SE = 17.179 bit/s/Hz
[23245 ms] [UE 33952] UL: SNR = 63.50 dB | SE = 20.778 bit/s/Hz
[23245 ms] [UE 12169] UL: SNR = 63.50 dB | SE = 20.778 bit/s/Hz
[23245 ms] [UE 22873] UL: SNR = 63.50 dB | SE = 20.778 bit/s/Hz
[23245 ms] [UE 30556] UL: SNR = 63.50 dB | SE = 20.778 bit/s/Hz
[23245 ms] [UE 20945] UL: SNR = 63.50 dB | SE = 20.778 bit/s/Hz
[23283 ms] [UE 45898] UL: SNR = 63.50 dB | SE = 20.778 bit/s/Hz
[23283 ms] [UE 36997] UL: SNR = 63.50 dB | SE = 20.778 bit/s/Hz
[23283 ms] [UE 48787] UL: SNR = 63.50 dB | SE = 20.778 bit/s/Hz
[23283 ms] [UE 40252] UL: SNR = 56.00 dB | SE = 18.324 bit/s/Hz
[23283 ms] [UE 15599] UL: SNR = 52.50 dB | SE = 17.179 bit/s/Hz
[23347 ms] [UE 33952] UL: SNR = 63.50 dB | SE = 20.778 bit/s/Hz
[23347 ms] [UE 12169] UL: SNR = 63.50 dB | SE = 20.778 bit/s/Hz
[23347 ms] [UE 22873] UL: SNR = 63.50 dB | SE = 20.778 bit/s/Hz
[23347 ms] [UE 30556] UL: SNR = 54.00 dB | SE = 17.669 bit/s/Hz
[23347 ms] [UE 20945] UL: SNR = 63.50 dB | SE = 20.778 bit/s/Hz
[23383 ms] [UE 45898] UL: SNR = 63.50 dB | SE = 20.778 bit/s/Hz
[23383 ms] [UE 36997] UL: SNR = 63.50 dB | SE = 20.778 bit/s/Hz
[23383 ms] [UE 48787] UL: SNR = 63.50 dB | SE = 20.778 bit/s/Hz
[23383 ms] [UE 40252] UL: SNR = 56.00 dB | SE = 18.324 bit/s/Hz
[23383 ms] [UE 15599] UL: SNR = 52.50 dB | SE = 17.179 bit/s/Hz
[23455 ms] [UE 33952] UL: SNR = 63.50 dB | SE = 20.778 bit/s/Hz
[23455 ms] [UE 12169] UL: SNR = 63.50 dB | SE = 20.778 bit/s/Hz
[23455 ms] [UE 22873] UL: SNR = 63.50 dB | SE = 20.778 bit/s/Hz
[23455 ms] [UE 30556] UL: SNR = 54.00 dB | SE = 17.669 bit/s/Hz
[23455 ms] [UE 20945] UL: SNR = 63.50 dB | SE = 20.778 bit/s/Hz
[23483 ms] [UE 45898] UL: SNR = 63.50 dB | SE = 20.778 bit/s/Hz
[23483 ms] [UE 36997] UL: SNR = 63.50 dB | SE = 20.778 bit/s/Hz
[23483 ms] [UE 48787] UL: SNR = 63.50 dB | SE = 20.778 bit/s/Hz
[23483 ms] [UE 40252] UL: SNR = 56.00 dB | SE = 18.324 bit/s/Hz
[23483 ms] [UE 15599] UL: SNR = 52.50 dB | SE = 17.179 bit/s/Hz
[23555 ms] [UE 33952] UL: SNR = 63.50 dB | SE = 20.778 bit/s/Hz
[23555 ms] [UE 12169] UL: SNR = 63.50 dB | SE = 20.778 bit/s/Hz
[23555 ms] [UE 22873] UL: SNR = 63.50 dB | SE = 20.778 bit/s/Hz
[23555 ms] [UE 30556] UL: SNR = 63.50 dB | SE = 20.778 bit/s/Hz
[23555 ms] [UE 20945] UL: SNR = 63.50 dB | SE = 20.778 bit/s/Hz
[23593 ms] [UE 45898] UL: SNR = 63.50 dB | SE = 20.778 bit/s/Hz
[23593 ms] [UE 36997] UL: SNR = 63.50 dB | SE = 20.778 bit/s/Hz
[23593 ms] [UE 48787] UL: SNR = 63.50 dB | SE = 20.778 bit/s/Hz
[23593 ms] [UE 40252] UL: SNR = 56.00 dB | SE = 18.324 bit/s/Hz
[23593 ms] [UE 15599] UL: SNR = 52.50 dB | SE = 17.179 bit/s/Hz
[23655 ms] [UE 33952] UL: SNR = 63.50 dB | SE = 20.778 bit/s/Hz
[23655 ms] [UE 12169] UL: SNR = 63.50 dB | SE = 20.778 bit/s/Hz
[23655 ms] [UE 22873] UL: SNR = 63.50 dB | SE = 20.778 bit/s/Hz
[23655 ms] [UE 30556] UL: SNR = 63.50 dB | SE = 20.778 bit/s/Hz
[23655 ms] [UE 20945] UL: SNR = 63.50 dB | SE = 20.778 bit/s/Hz
[23703 ms] [UE 45898] UL: SNR = 63.50 dB | SE = 20.778 bit/s/Hz
[23703 ms] [UE 36997] UL: SNR = 63.50 dB | SE = 20.778 bit/s/Hz
[23703 ms] [UE 48787] UL: SNR = 63.50 dB | SE = 20.778 bit/s/Hz
[23703 ms] [UE 40252] UL: SNR = 56.00 dB | SE = 18.324 bit/s/Hz
[23703 ms] [UE 15599] UL: SNR = 52.50 dB | SE = 17.179 bit/s/Hz
[23755 ms] [UE 33952] UL: SNR = 63.50 dB | SE = 20.778 bit/s/Hz
[23755 ms] [UE 12169] UL: SNR = 63.50 dB | SE = 20.778 bit/s/Hz
[23755 ms] [UE 22873] UL: SNR = 63.50 dB | SE = 20.778 bit/s/Hz
[23755 ms] [UE 30556] UL: SNR = 63.50 dB | SE = 20.778 bit/s/Hz
[23755 ms] [UE 20945] UL: SNR = 63.50 dB | SE = 20.778 bit/s/Hz
[23813 ms] [UE 45898] UL: SNR = 63.50 dB | SE = 20.778 bit/s/Hz
[23813 ms] [UE 36997] UL: SNR = 63.50 dB | SE = 20.778 bit/s/Hz
[23813 ms] [UE 48787] UL: SNR = 63.50 dB | SE = 20.778 bit/s/Hz
[23813 ms] [UE 40252] UL: SNR = 56.00 dB | SE = 18.324 bit/s/Hz
[23813 ms] [UE 15599] UL: SNR = 52.50 dB | SE = 17.179 bit/s/Hz
[23865 ms] [UE 33952] UL: SNR = 63.50 dB | SE = 20.778 bit/s/Hz
[23865 ms] [UE 12169] UL: SNR = 63.50 dB | SE = 20.778 bit/s/Hz
[23865 ms] [UE 22873] UL: SNR = 63.50 dB | SE = 20.778 bit/s/Hz
[23865 ms] [UE 30556] UL: SNR = 63.50 dB | SE = 20.778 bit/s/Hz
[23865 ms] [UE 20945] UL: SNR = 63.50 dB | SE = 20.778 bit/s/Hz
[23922 ms] [UE 45898] UL: SNR = 63.50 dB | SE = 20.778 bit/s/Hz
[23922 ms] [UE 36997] UL: SNR = 63.50 dB | SE = 20.778 bit/s/Hz
[23922 ms] [UE 48787] UL: SNR = 63.50 dB | SE = 20.778 bit/s/Hz
[23922 ms] [UE 40252] UL: SNR = 56.00 dB | SE = 18.324 bit/s/Hz
[23922 ms] [UE 15599] UL: SNR = 52.50 dB | SE = 17.179 bit/s/Hz
[23965 ms] [UE 33952] UL: SNR = 63.50 dB | SE = 20.778 bit/s/Hz
[23965 ms] [UE 12169] UL: SNR = 63.50 dB | SE = 20.778 bit/s/Hz
[23965 ms] [UE 22873] UL: SNR = 63.50 dB | SE = 20.778 bit/s/Hz
[23965 ms] [UE 30556] UL: SNR = 63.50 dB | SE = 20.778 bit/s/Hz
[23965 ms] [UE 20945] UL: SNR = 63.50 dB | SE = 20.778 bit/s/Hz
[24023 ms] [UE 45898] UL: SNR = 63.50 dB | SE = 20.778 bit/s/Hz
[24023 ms] [UE 36997] UL: SNR = 63.50 dB | SE = 20.778 bit/s/Hz
[24023 ms] [UE 48787] UL: SNR = 63.50 dB | SE = 20.778 bit/s/Hz
[24023 ms] [UE 40252] UL: SNR = 56.00 dB | SE = 18.324 bit/s/Hz
[24023 ms] [UE 15599] UL: SNR = 52.50 dB | SE = 17.179 bit/s/Hz
[24075 ms] [UE 33952] UL: SNR = 63.50 dB | SE = 20.778 bit/s/Hz
[24075 ms] [UE 12169] UL: SNR = 63.50 dB | SE = 20.778 bit/s/Hz
[24075 ms] [UE 22873] UL: SNR = 63.50 dB | SE = 20.778 bit/s/Hz
[24075 ms] [UE 30556] UL: SNR = 63.50 dB | SE = 20.778 bit/s/Hz
[24075 ms] [UE 20945] UL: SNR = 63.50 dB | SE = 20.778 bit/s/Hz
[24123 ms] [UE 45898] UL: SNR = 63.50 dB | SE = 20.778 bit/s/Hz
[24123 ms] [UE 36997] UL: SNR = 63.50 dB | SE = 20.778 bit/s/Hz
[24123 ms] [UE 48787] UL: SNR = 63.50 dB | SE = 20.778 bit/s/Hz
[24123 ms] [UE 40252] UL: SNR = 56.00 dB | SE = 18.324 bit/s/Hz
[24123 ms] [UE 15599] UL: SNR = 52.50 dB | SE = 17.179 bit/s/Hz
[24176 ms] [UE 33952] UL: SNR = 63.50 dB | SE = 20.778 bit/s/Hz
[24176 ms] [UE 12169] UL: SNR = 63.50 dB | SE = 20.778 bit/s/Hz
[24176 ms] [UE 22873] UL: SNR = 63.50 dB | SE = 20.778 bit/s/Hz
[24176 ms] [UE 30556] UL: SNR = 63.50 dB | SE = 20.778 bit/s/Hz
[24176 ms] [UE 20945] UL: SNR = 63.50 dB | SE = 20.778 bit/s/Hz
[24233 ms] [UE 45898] UL: SNR = 63.50 dB | SE = 20.778 bit/s/Hz
[24233 ms] [UE 36997] UL: SNR = 63.50 dB | SE = 20.778 bit/s/Hz
[24233 ms] [UE 48787] UL: SNR = 63.50 dB | SE = 20.778 bit/s/Hz
[24233 ms] [UE 40252] UL: SNR = 56.00 dB | SE = 18.324 bit/s/Hz
[24233 ms] [UE 15599] UL: SNR = 52.50 dB | SE = 17.179 bit/s/Hz
[24276 ms] [UE 33952] UL: SNR = 63.50 dB | SE = 20.778 bit/s/Hz
[24276 ms] [UE 12169] UL: SNR = 63.50 dB | SE = 20.778 bit/s/Hz
[24276 ms] [UE 22873] UL: SNR = 63.50 dB | SE = 20.778 bit/s/Hz
[24276 ms] [UE 30556] UL: SNR = 63.50 dB | SE = 20.778 bit/s/Hz
[24276 ms] [UE 20945] UL: SNR = 63.50 dB | SE = 20.778 bit/s/Hz
[24342 ms] [UE 45898] UL: SNR = 63.50 dB | SE = 20.778 bit/s/Hz
[24342 ms] [UE 36997] UL: SNR = 63.50 dB | SE = 20.778 bit/s/Hz
[24342 ms] [UE 48787] UL: SNR = 63.50 dB | SE = 20.778 bit/s/Hz
[24342 ms] [UE 40252] UL: SNR = 56.00 dB | SE = 18.324 bit/s/Hz
[24342 ms] [UE 15599] UL: SNR = 52.50 dB | SE = 17.179 bit/s/Hz
[24385 ms] [UE 33952] UL: SNR = 63.50 dB | SE = 20.778 bit/s/Hz
[24385 ms] [UE 12169] UL: SNR = 63.50 dB | SE = 20.778 bit/s/Hz
[24385 ms] [UE 22873] UL: SNR = 63.50 dB | SE = 20.778 bit/s/Hz
[24385 ms] [UE 30556] UL: SNR = 63.50 dB | SE = 20.778 bit/s/Hz
[24385 ms] [UE 20945] UL: SNR = 63.50 dB | SE = 20.778 bit/s/Hz
[24443 ms] [UE 45898] UL: SNR = 63.50 dB | SE = 20.778 bit/s/Hz
[24443 ms] [UE 36997] UL: SNR = 63.50 dB | SE = 20.778 bit/s/Hz
[24443 ms] [UE 48787] UL: SNR = 63.50 dB | SE = 20.778 bit/s/Hz
[24443 ms] [UE 40252] UL: SNR = 56.00 dB | SE = 18.324 bit/s/Hz
[24443 ms] [UE 15599] UL: SNR = 52.50 dB | SE = 17.179 bit/s/Hz
[24485 ms] [UE 33952] UL: SNR = 63.50 dB | SE = 20.778 bit/s/Hz
[24485 ms] [UE 12169] UL: SNR = 63.50 dB | SE = 20.778 bit/s/Hz
[24485 ms] [UE 22873] UL: SNR = 63.50 dB | SE = 20.778 bit/s/Hz
[24485 ms] [UE 30556] UL: SNR = 63.50 dB | SE = 20.778 bit/s/Hz
[24485 ms] [UE 20945] UL: SNR = 63.50 dB | SE = 20.778 bit/s/Hz
[24543 ms] [UE 45898] UL: SNR = 63.50 dB | SE = 20.778 bit/s/Hz
[24543 ms] [UE 36997] UL: SNR = 63.50 dB | SE = 20.778 bit/s/Hz
[24543 ms] [UE 48787] UL: SNR = 63.50 dB | SE = 20.778 bit/s/Hz
[24543 ms] [UE 40252] UL: SNR = 56.00 dB | SE = 18.324 bit/s/Hz
[24543 ms] [UE 15599] UL: SNR = 52.50 dB | SE = 17.179 bit/s/Hz
[24585 ms] [UE 33952] UL: SNR = 63.50 dB | SE = 20.778 bit/s/Hz
[24585 ms] [UE 12169] UL: SNR = 63.50 dB | SE = 20.778 bit/s/Hz
[24585 ms] [UE 22873] UL: SNR = 63.50 dB | SE = 20.778 bit/s/Hz
[24585 ms] [UE 30556] UL: SNR = 63.50 dB | SE = 20.778 bit/s/Hz
[24585 ms] [UE 20945] UL: SNR = 63.50 dB | SE = 20.778 bit/s/Hz
[24643 ms] [UE 45898] UL: SNR = 63.50 dB | SE = 20.778 bit/s/Hz
[24643 ms] [UE 36997] UL: SNR = 63.50 dB | SE = 20.778 bit/s/Hz
[24643 ms] [UE 48787] UL: SNR = 63.50 dB | SE = 20.778 bit/s/Hz
[24643 ms] [UE 40252] UL: SNR = 56.00 dB | SE = 18.324 bit/s/Hz
[24643 ms] [UE 15599] UL: SNR = 52.50 dB | SE = 17.179 bit/s/Hz
[24695 ms] [UE 33952] UL: SNR = 63.50 dB | SE = 20.778 bit/s/Hz
[24695 ms] [UE 12169] UL: SNR = 63.50 dB | SE = 20.778 bit/s/Hz
[24695 ms] [UE 22873] UL: SNR = 63.50 dB | SE = 20.778 bit/s/Hz
[24695 ms] [UE 30556] UL: SNR = 63.50 dB | SE = 20.778 bit/s/Hz
[24695 ms] [UE 20945] UL: SNR = 63.50 dB | SE = 20.778 bit/s/Hz
[24752 ms] [UE 45898] UL: SNR = 63.50 dB | SE = 20.778 bit/s/Hz
[24752 ms] [UE 36997] UL: SNR = 63.50 dB | SE = 20.778 bit/s/Hz
[24752 ms] [UE 48787] UL: SNR = 63.50 dB | SE = 20.778 bit/s/Hz
[24752 ms] [UE 40252] UL: SNR = 56.00 dB | SE = 18.324 bit/s/Hz
[24752 ms] [UE 15599] UL: SNR = 52.50 dB | SE = 17.179 bit/s/Hz
[24795 ms] [UE 33952] UL: SNR = 63.50 dB | SE = 20.778 bit/s/Hz
[24795 ms] [UE 12169] UL: SNR = 63.50 dB | SE = 20.778 bit/s/Hz
[24795 ms] [UE 22873] UL: SNR = 63.50 dB | SE = 20.778 bit/s/Hz
[24795 ms] [UE 30556] UL: SNR = 63.50 dB | SE = 20.778 bit/s/Hz
[24795 ms] [UE 20945] UL: SNR = 63.50 dB | SE = 20.778 bit/s/Hz
[24852 ms] [UE 45898] UL: SNR = 63.50 dB | SE = 20.778 bit/s/Hz
[24852 ms] [UE 36997] UL: SNR = 63.50 dB | SE = 20.778 bit/s/Hz
[24852 ms] [UE 48787] UL: SNR = 63.50 dB | SE = 20.778 bit/s/Hz
[24852 ms] [UE 40252] UL: SNR = 56.00 dB | SE = 18.324 bit/s/Hz
[24852 ms] [UE 15599] UL: SNR = 52.50 dB | SE = 17.179 bit/s/Hz
[24895 ms] [UE 33952] UL: SNR = 63.50 dB | SE = 20.778 bit/s/Hz
[24895 ms] [UE 12169] UL: SNR = 63.50 dB | SE = 20.778 bit/s/Hz
[24895 ms] [UE 22873] UL: SNR = 63.50 dB | SE = 20.778 bit/s/Hz
[24895 ms] [UE 30556] UL: SNR = 63.50 dB | SE = 20.778 bit/s/Hz
[24895 ms] [UE 20945] UL: SNR = 63.50 dB | SE = 20.778 bit/s/Hz
[24953 ms] [UE 45898] UL: SNR = 63.50 dB | SE = 20.778 bit/s/Hz
[24953 ms] [UE 36997] UL: SNR = 63.50 dB | SE = 20.778 bit/s/Hz
[24953 ms] [UE 48787] UL: SNR = 63.50 dB | SE = 20.778 bit/s/Hz
[24953 ms] [UE 40252] UL: SNR = 56.00 dB | SE = 18.324 bit/s/Hz
[24953 ms] [UE 15599] UL: SNR = 52.50 dB | SE = 17.179 bit/s/Hz
[24995 ms] [UE 33952] UL: SNR = 63.50 dB | SE = 20.778 bit/s/Hz
[24995 ms] [UE 12169] UL: SNR = 63.50 dB | SE = 20.778 bit/s/Hz
[24995 ms] [UE 22873] UL: SNR = 63.50 dB | SE = 20.778 bit/s/Hz
[24995 ms] [UE 30556] UL: SNR = 63.50 dB | SE = 20.778 bit/s/Hz
[24995 ms] [UE 20945] UL: SNR = 63.50 dB | SE = 20.778 bit/s/Hz
[25062 ms] [UE 45898] UL: SNR = 63.50 dB | SE = 20.778 bit/s/Hz
[25062 ms] [UE 36997] UL: SNR = 63.50 dB | SE = 20.778 bit/s/Hz
[25062 ms] [UE 48787] UL: SNR = 63.50 dB | SE = 20.778 bit/s/Hz
[25062 ms] [UE 40252] UL: SNR = 56.00 dB | SE = 18.324 bit/s/Hz
[25062 ms] [UE 15599] UL: SNR = 52.50 dB | SE = 17.179 bit/s/Hz
[25105 ms] [UE 33952] UL: SNR = 63.50 dB | SE = 20.778 bit/s/Hz
[25105 ms] [UE 12169] UL: SNR = 63.50 dB | SE = 20.778 bit/s/Hz
[25105 ms] [UE 22873] UL: SNR = 63.50 dB | SE = 20.778 bit/s/Hz
[25105 ms] [UE 30556] UL: SNR = 63.50 dB | SE = 20.778 bit/s/Hz
[25105 ms] [UE 20945] UL: SNR = 63.50 dB | SE = 20.778 bit/s/Hz
[25163 ms] [UE 45898] UL: SNR = 63.50 dB | SE = 20.778 bit/s/Hz
[25163 ms] [UE 36997] UL: SNR = 63.50 dB | SE = 20.778 bit/s/Hz
[25163 ms] [UE 48787] UL: SNR = 63.50 dB | SE = 20.778 bit/s/Hz
[25163 ms] [UE 40252] UL: SNR = 56.00 dB | SE = 18.324 bit/s/Hz
[25163 ms] [UE 15599] UL: SNR = 52.50 dB | SE = 17.179 bit/s/Hz
[25215 ms] [UE 33952] UL: SNR = 63.50 dB | SE = 20.778 bit/s/Hz
[25215 ms] [UE 12169] UL: SNR = 63.50 dB | SE = 20.778 bit/s/Hz
[25215 ms] [UE 22873] UL: SNR = 63.50 dB | SE = 20.778 bit/s/Hz
[25215 ms] [UE 30556] UL: SNR = 63.50 dB | SE = 20.778 bit/s/Hz
[25215 ms] [UE 20945] UL: SNR = 63.50 dB | SE = 20.778 bit/s/Hz
[25273 ms] [UE 45898] UL: SNR = 63.50 dB | SE = 20.778 bit/s/Hz
[25273 ms] [UE 36997] UL: SNR = 63.50 dB | SE = 20.778 bit/s/Hz
[25273 ms] [UE 48787] UL: SNR = 63.50 dB | SE = 20.778 bit/s/Hz
[25273 ms] [UE 40252] UL: SNR = 56.00 dB | SE = 18.324 bit/s/Hz
[25273 ms] [UE 15599] UL: SNR = 52.50 dB | SE = 17.179 bit/s/Hz
[25315 ms] [UE 33952] UL: SNR = 63.50 dB | SE = 20.778 bit/s/Hz
[25315 ms] [UE 12169] UL: SNR = 63.50 dB | SE = 20.778 bit/s/Hz
[25315 ms] [UE 22873] UL: SNR = 63.50 dB | SE = 20.778 bit/s/Hz
[25315 ms] [UE 30556] UL: SNR = 63.50 dB | SE = 20.778 bit/s/Hz
[25315 ms] [UE 20945] UL: SNR = 63.50 dB | SE = 20.778 bit/s/Hz
[25382 ms] [UE 45898] UL: SNR = 63.50 dB | SE = 20.778 bit/s/Hz
[25382 ms] [UE 36997] UL: SNR = 63.50 dB | SE = 20.778 bit/s/Hz
[25382 ms] [UE 48787] UL: SNR = 63.50 dB | SE = 20.778 bit/s/Hz
[25382 ms] [UE 40252] UL: SNR = 56.00 dB | SE = 18.324 bit/s/Hz
[25382 ms] [UE 15599] UL: SNR = 52.50 dB | SE = 17.179 bit/s/Hz
[25415 ms] [UE 33952] UL: SNR = 63.50 dB | SE = 20.778 bit/s/Hz
[25415 ms] [UE 12169] UL: SNR = 63.50 dB | SE = 20.778 bit/s/Hz
[25415 ms] [UE 22873] UL: SNR = 63.50 dB | SE = 20.778 bit/s/Hz
[25415 ms] [UE 30556] UL: SNR = 63.50 dB | SE = 20.778 bit/s/Hz
[25415 ms] [UE 20945] UL: SNR = 63.50 dB | SE = 20.778 bit/s/Hz
[25483 ms] [UE 45898] UL: SNR = 63.50 dB | SE = 20.778 bit/s/Hz
[25483 ms] [UE 36997] UL: SNR = 63.50 dB | SE = 20.778 bit/s/Hz
[25483 ms] [UE 48787] UL: SNR = 63.50 dB | SE = 20.778 bit/s/Hz
[25483 ms] [UE 40252] UL: SNR = 56.00 dB | SE = 18.324 bit/s/Hz
[25483 ms] [UE 15599] UL: SNR = 52.50 dB | SE = 17.179 bit/s/Hz
[25525 ms] [UE 33952] UL: SNR = 63.50 dB | SE = 20.778 bit/s/Hz
[25525 ms] [UE 12169] UL: SNR = 63.50 dB | SE = 20.778 bit/s/Hz
[25525 ms] [UE 22873] UL: SNR = 63.50 dB | SE = 20.778 bit/s/Hz
[25525 ms] [UE 30556] UL: SNR = 63.50 dB | SE = 20.778 bit/s/Hz
[25525 ms] [UE 20945] UL: SNR = 63.50 dB | SE = 20.778 bit/s/Hz
[25593 ms] [UE 45898] UL: SNR = 63.50 dB | SE = 20.778 bit/s/Hz
[25593 ms] [UE 36997] UL: SNR = 63.50 dB | SE = 20.778 bit/s/Hz
[25593 ms] [UE 48787] UL: SNR = 63.50 dB | SE = 20.778 bit/s/Hz
[25593 ms] [UE 40252] UL: SNR = 56.00 dB | SE = 18.324 bit/s/Hz
[25593 ms] [UE 15599] UL: SNR = 52.50 dB | SE = 17.179 bit/s/Hz
[25635 ms] [UE 33952] UL: SNR = 63.50 dB | SE = 20.778 bit/s/Hz
[25635 ms] [UE 12169] UL: SNR = 63.50 dB | SE = 20.778 bit/s/Hz
[25635 ms] [UE 22873] UL: SNR = 63.50 dB | SE = 20.778 bit/s/Hz
[25635 ms] [UE 30556] UL: SNR = 63.50 dB | SE = 20.778 bit/s/Hz
[25635 ms] [UE 20945] UL: SNR = 63.50 dB | SE = 20.778 bit/s/Hz
[25702 ms] [UE 45898] UL: SNR = 63.50 dB | SE = 20.778 bit/s/Hz
[25702 ms] [UE 36997] UL: SNR = 63.50 dB | SE = 20.778 bit/s/Hz
[25702 ms] [UE 48787] UL: SNR = 63.50 dB | SE = 20.778 bit/s/Hz
[25702 ms] [UE 40252] UL: SNR = 56.00 dB | SE = 18.324 bit/s/Hz
[25702 ms] [UE 15599] UL: SNR = 52.50 dB | SE = 17.179 bit/s/Hz
[25735 ms] [UE 33952] UL: SNR = 63.50 dB | SE = 20.778 bit/s/Hz
[25735 ms] [UE 12169] UL: SNR = 63.50 dB | SE = 20.778 bit/s/Hz
[25735 ms] [UE 22873] UL: SNR = 63.50 dB | SE = 20.778 bit/s/Hz
[25735 ms] [UE 30556] UL: SNR = 63.50 dB | SE = 20.778 bit/s/Hz
[25735 ms] [UE 20945] UL: SNR = 63.50 dB | SE = 20.778 bit/s/Hz
[25803 ms] [UE 45898] UL: SNR = 63.50 dB | SE = 20.778 bit/s/Hz
[25803 ms] [UE 36997] UL: SNR = 63.50 dB | SE = 20.778 bit/s/Hz
[25803 ms] [UE 48787] UL: SNR = 63.50 dB | SE = 20.778 bit/s/Hz
[25803 ms] [UE 40252] UL: SNR = 56.00 dB | SE = 18.324 bit/s/Hz
[25803 ms] [UE 15599] UL: SNR = 52.50 dB | SE = 17.179 bit/s/Hz
[25845 ms] [UE 33952] UL: SNR = 63.50 dB | SE = 20.778 bit/s/Hz
[25845 ms] [UE 12169] UL: SNR = 63.50 dB | SE = 20.778 bit/s/Hz
[25845 ms] [UE 22873] UL: SNR = 63.50 dB | SE = 20.778 bit/s/Hz
[25845 ms] [UE 30556] UL: SNR = 7.50 dB | SE = 2.687 bit/s/Hz
[25845 ms] [UE 20945] UL: SNR = 63.50 dB | SE = 20.778 bit/s/Hz
[25913 ms] [UE 45898] UL: SNR = 63.50 dB | SE = 20.778 bit/s/Hz
[25913 ms] [UE 36997] UL: SNR = 63.50 dB | SE = 20.778 bit/s/Hz
[25913 ms] [UE 48787] UL: SNR = 63.50 dB | SE = 20.778 bit/s/Hz
[25913 ms] [UE 40252] UL: SNR = 56.00 dB | SE = 18.324 bit/s/Hz
[25913 ms] [UE 15599] UL: SNR = 52.50 dB | SE = 17.179 bit/s/Hz
[25945 ms] [UE 33952] UL: SNR = 63.50 dB | SE = 20.778 bit/s/Hz
[25945 ms] [UE 12169] UL: SNR = 63.50 dB | SE = 20.778 bit/s/Hz
[25945 ms] [UE 22873] UL: SNR = 63.50 dB | SE = 20.778 bit/s/Hz
[25945 ms] [UE 30556] UL: SNR = 7.50 dB | SE = 2.687 bit/s/Hz
[25945 ms] [UE 20945] UL: SNR = 63.50 dB | SE = 20.778 bit/s/Hz
[26023 ms] [UE 45898] UL: SNR = 63.50 dB | SE = 20.778 bit/s/Hz
[26023 ms] [UE 36997] UL: SNR = 63.50 dB | SE = 20.778 bit/s/Hz
[26023 ms] [UE 48787] UL: SNR = 63.50 dB | SE = 20.778 bit/s/Hz
[26023 ms] [UE 40252] UL: SNR = 56.00 dB | SE = 18.324 bit/s/Hz
[26023 ms] [UE 15599] UL: SNR = 52.50 dB | SE = 17.179 bit/s/Hz
[26055 ms] [UE 33952] UL: SNR = 63.50 dB | SE = 20.778 bit/s/Hz
[26055 ms] [UE 12169] UL: SNR = 63.50 dB | SE = 20.778 bit/s/Hz
[26055 ms] [UE 22873] UL: SNR = 63.50 dB | SE = 20.778 bit/s/Hz
[26055 ms] [UE 30556] UL: SNR = 7.50 dB | SE = 2.687 bit/s/Hz
[26055 ms] [UE 20945] UL: SNR = 63.50 dB | SE = 20.778 bit/s/Hz
[26133 ms] [UE 45898] UL: SNR = 63.50 dB | SE = 20.778 bit/s/Hz
[26133 ms] [UE 36997] UL: SNR = 63.50 dB | SE = 20.778 bit/s/Hz
[26133 ms] [UE 48787] UL: SNR = 63.50 dB | SE = 20.778 bit/s/Hz
[26133 ms] [UE 40252] UL: SNR = 56.00 dB | SE = 18.324 bit/s/Hz
[26133 ms] [UE 15599] UL: SNR = 52.50 dB | SE = 17.179 bit/s/Hz
[26166 ms] [UE 33952] UL: SNR = 63.50 dB | SE = 20.778 bit/s/Hz
[26166 ms] [UE 12169] UL: SNR = 63.50 dB | SE = 20.778 bit/s/Hz
[26166 ms] [UE 22873] UL: SNR = 63.50 dB | SE = 20.778 bit/s/Hz
[26166 ms] [UE 30556] UL: SNR = 7.50 dB | SE = 2.687 bit/s/Hz
[26166 ms] [UE 20945] UL: SNR = 63.50 dB | SE = 20.778 bit/s/Hz
[26242 ms] [UE 45898] UL: SNR = 63.50 dB | SE = 20.778 bit/s/Hz
[26242 ms] [UE 36997] UL: SNR = 63.50 dB | SE = 20.778 bit/s/Hz
[26242 ms] [UE 48787] UL: SNR = 63.50 dB | SE = 20.778 bit/s/Hz
[26242 ms] [UE 40252] UL: SNR = 56.00 dB | SE = 18.324 bit/s/Hz
[26242 ms] [UE 15599] UL: SNR = 52.50 dB | SE = 17.179 bit/s/Hz
[26276 ms] [UE 33952] UL: SNR = 63.50 dB | SE = 20.778 bit/s/Hz
[26276 ms] [UE 12169] UL: SNR = 63.50 dB | SE = 20.778 bit/s/Hz
[26276 ms] [UE 22873] UL: SNR = 63.50 dB | SE = 20.778 bit/s/Hz
[26276 ms] [UE 30556] UL: SNR = 7.50 dB | SE = 2.687 bit/s/Hz
[26276 ms] [UE 20945] UL: SNR = 63.50 dB | SE = 20.778 bit/s/Hz
[26342 ms] [UE 45898] UL: SNR = 63.50 dB | SE = 20.778 bit/s/Hz
[26342 ms] [UE 36997] UL: SNR = 63.50 dB | SE = 20.778 bit/s/Hz
[26342 ms] [UE 48787] UL: SNR = 63.50 dB | SE = 20.778 bit/s/Hz
[26342 ms] [UE 40252] UL: SNR = 56.00 dB | SE = 18.324 bit/s/Hz
[26342 ms] [UE 15599] UL: SNR = 52.50 dB | SE = 17.179 bit/s/Hz
[26386 ms] [UE 33952] UL: SNR = 63.50 dB | SE = 20.778 bit/s/Hz
[26386 ms] [UE 12169] UL: SNR = 63.50 dB | SE = 20.778 bit/s/Hz
[26386 ms] [UE 22873] UL: SNR = 63.50 dB | SE = 20.778 bit/s/Hz
[26386 ms] [UE 30556] UL: SNR = 7.50 dB | SE = 2.687 bit/s/Hz
[26386 ms] [UE 20945] UL: SNR = 63.50 dB | SE = 20.778 bit/s/Hz
[26443 ms] [UE 45898] UL: SNR = 63.50 dB | SE = 20.778 bit/s/Hz
[26443 ms] [UE 36997] UL: SNR = 63.50 dB | SE = 20.778 bit/s/Hz
[26443 ms] [UE 48787] UL: SNR = 63.50 dB | SE = 20.778 bit/s/Hz
[26443 ms] [UE 40252] UL: SNR = 56.00 dB | SE = 18.324 bit/s/Hz
[26443 ms] [UE 15599] UL: SNR = 52.50 dB | SE = 17.179 bit/s/Hz
[26497 ms] [UE 33952] UL: SNR = 63.50 dB | SE = 20.778 bit/s/Hz
[26497 ms] [UE 12169] UL: SNR = 63.50 dB | SE = 20.778 bit/s/Hz
[26497 ms] [UE 22873] UL: SNR = 63.50 dB | SE = 20.778 bit/s/Hz
[26497 ms] [UE 30556] UL: SNR = 7.50 dB | SE = 2.687 bit/s/Hz
[26497 ms] [UE 20945] UL: SNR = 63.50 dB | SE = 20.778 bit/s/Hz
[26553 ms] [UE 45898] UL: SNR = 63.50 dB | SE = 20.778 bit/s/Hz
[26553 ms] [UE 36997] UL: SNR = 63.50 dB | SE = 20.778 bit/s/Hz
[26553 ms] [UE 48787] UL: SNR = 63.50 dB | SE = 20.778 bit/s/Hz
[26553 ms] [UE 40252] UL: SNR = 56.00 dB | SE = 18.324 bit/s/Hz
[26553 ms] [UE 15599] UL: SNR = 52.50 dB | SE = 17.179 bit/s/Hz
[26606 ms] [UE 33952] UL: SNR = 63.50 dB | SE = 20.778 bit/s/Hz
[26606 ms] [UE 12169] UL: SNR = 50.50 dB | SE = 16.524 bit/s/Hz
[26606 ms] [UE 22873] UL: SNR = 63.50 dB | SE = 20.778 bit/s/Hz
[26606 ms] [UE 30556] UL: SNR = 52.50 dB | SE = 17.179 bit/s/Hz
[26606 ms] [UE 20945] UL: SNR = 54.00 dB | SE = 17.669 bit/s/Hz
[26663 ms] [UE 45898] UL: SNR = 63.50 dB | SE = 20.778 bit/s/Hz
[26663 ms] [UE 36997] UL: SNR = 63.50 dB | SE = 20.778 bit/s/Hz
[26663 ms] [UE 48787] UL: SNR = 63.50 dB | SE = 20.778 bit/s/Hz
[26663 ms] [UE 40252] UL: SNR = 56.00 dB | SE = 18.324 bit/s/Hz
[26663 ms] [UE 15599] UL: SNR = 52.50 dB | SE = 17.179 bit/s/Hz
[26716 ms] [UE 33952] UL: SNR = 63.50 dB | SE = 20.778 bit/s/Hz
[26716 ms] [UE 12169] UL: SNR = 50.50 dB | SE = 16.524 bit/s/Hz
[26716 ms] [UE 22873] UL: SNR = 63.50 dB | SE = 20.778 bit/s/Hz
[26716 ms] [UE 30556] UL: SNR = 52.50 dB | SE = 17.179 bit/s/Hz
[26716 ms] [UE 20945] UL: SNR = 54.00 dB | SE = 17.669 bit/s/Hz
[26763 ms] [UE 45898] UL: SNR = 63.50 dB | SE = 20.778 bit/s/Hz
[26763 ms] [UE 36997] UL: SNR = 63.50 dB | SE = 20.778 bit/s/Hz
[26763 ms] [UE 48787] UL: SNR = 63.50 dB | SE = 20.778 bit/s/Hz
[26763 ms] [UE 40252] UL: SNR = 56.00 dB | SE = 18.324 bit/s/Hz
[26763 ms] [UE 15599] UL: SNR = 52.50 dB | SE = 17.179 bit/s/Hz
[26825 ms] [UE 33952] UL: SNR = 63.50 dB | SE = 20.778 bit/s/Hz
[26825 ms] [UE 12169] UL: SNR = 50.50 dB | SE = 16.524 bit/s/Hz
[26825 ms] [UE 22873] UL: SNR = 63.50 dB | SE = 20.778 bit/s/Hz
[26825 ms] [UE 30556] UL: SNR = 52.50 dB | SE = 17.179 bit/s/Hz
[26825 ms] [UE 20945] UL: SNR = 54.00 dB | SE = 17.669 bit/s/Hz
[26873 ms] [UE 45898] UL: SNR = 63.50 dB | SE = 20.778 bit/s/Hz
[26873 ms] [UE 36997] UL: SNR = 63.50 dB | SE = 20.778 bit/s/Hz
[26873 ms] [UE 48787] UL: SNR = 63.50 dB | SE = 20.778 bit/s/Hz
[26873 ms] [UE 40252] UL: SNR = 56.00 dB | SE = 18.324 bit/s/Hz
[26873 ms] [UE 15599] UL: SNR = 52.50 dB | SE = 17.179 bit/s/Hz
[26937 ms] [UE 33952] UL: SNR = 63.50 dB | SE = 20.778 bit/s/Hz
[26937 ms] [UE 12169] UL: SNR = 50.50 dB | SE = 16.524 bit/s/Hz
[26937 ms] [UE 22873] UL: SNR = 63.50 dB | SE = 20.778 bit/s/Hz
[26937 ms] [UE 30556] UL: SNR = 54.00 dB | SE = 17.669 bit/s/Hz
[26937 ms] [UE 20945] UL: SNR = 54.00 dB | SE = 17.669 bit/s/Hz
[26983 ms] [UE 45898] UL: SNR = 63.50 dB | SE = 20.778 bit/s/Hz
[26983 ms] [UE 36997] UL: SNR = 63.50 dB | SE = 20.778 bit/s/Hz
[26983 ms] [UE 48787] UL: SNR = 63.50 dB | SE = 20.778 bit/s/Hz
[26983 ms] [UE 40252] UL: SNR = 56.00 dB | SE = 18.324 bit/s/Hz
[26983 ms] [UE 15599] UL: SNR = 52.50 dB | SE = 17.179 bit/s/Hz
[27045 ms] [UE 33952] UL: SNR = 63.50 dB | SE = 20.778 bit/s/Hz
[27045 ms] [UE 12169] UL: SNR = 50.50 dB | SE = 16.524 bit/s/Hz
[27045 ms] [UE 22873] UL: SNR = 63.50 dB | SE = 20.778 bit/s/Hz
[27045 ms] [UE 30556] UL: SNR = 54.00 dB | SE = 17.669 bit/s/Hz
[27045 ms] [UE 20945] UL: SNR = 54.00 dB | SE = 17.669 bit/s/Hz
[27083 ms] [UE 45898] UL: SNR = 63.50 dB | SE = 20.778 bit/s/Hz
[27083 ms] [UE 36997] UL: SNR = 63.50 dB | SE = 20.778 bit/s/Hz
[27083 ms] [UE 48787] UL: SNR = 63.50 dB | SE = 20.778 bit/s/Hz
[27083 ms] [UE 40252] UL: SNR = 56.00 dB | SE = 18.324 bit/s/Hz
[27083 ms] [UE 15599] UL: SNR = 52.50 dB | SE = 17.179 bit/s/Hz
[27147 ms] [UE 33952] UL: SNR = 63.50 dB | SE = 20.778 bit/s/Hz
[27147 ms] [UE 12169] UL: SNR = 63.50 dB | SE = 20.778 bit/s/Hz
[27147 ms] [UE 22873] UL: SNR = 63.50 dB | SE = 20.778 bit/s/Hz
[27147 ms] [UE 30556] UL: SNR = 63.50 dB | SE = 20.778 bit/s/Hz
[27147 ms] [UE 20945] UL: SNR = 63.50 dB | SE = 20.778 bit/s/Hz
[27183 ms] [UE 45898] UL: SNR = 63.50 dB | SE = 20.778 bit/s/Hz
[27183 ms] [UE 36997] UL: SNR = 63.50 dB | SE = 20.778 bit/s/Hz
[27183 ms] [UE 48787] UL: SNR = 63.50 dB | SE = 20.778 bit/s/Hz
[27183 ms] [UE 40252] UL: SNR = 56.00 dB | SE = 18.324 bit/s/Hz
[27183 ms] [UE 15599] UL: SNR = 52.50 dB | SE = 17.179 bit/s/Hz
[27255 ms] [UE 33952] UL: SNR = 63.50 dB | SE = 20.778 bit/s/Hz
[27255 ms] [UE 12169] UL: SNR = 63.50 dB | SE = 20.778 bit/s/Hz
[27255 ms] [UE 22873] UL: SNR = 63.50 dB | SE = 20.778 bit/s/Hz
[27255 ms] [UE 30556] UL: SNR = 63.50 dB | SE = 20.778 bit/s/Hz
[27255 ms] [UE 20945] UL: SNR = 63.50 dB | SE = 20.778 bit/s/Hz
[27292 ms] [UE 45898] UL: SNR = 63.50 dB | SE = 20.778 bit/s/Hz
[27292 ms] [UE 36997] UL: SNR = 63.50 dB | SE = 20.778 bit/s/Hz
[27292 ms] [UE 48787] UL: SNR = 63.50 dB | SE = 20.778 bit/s/Hz
[27292 ms] [UE 40252] UL: SNR = 56.00 dB | SE = 18.324 bit/s/Hz
[27292 ms] [UE 15599] UL: SNR = 52.50 dB | SE = 17.179 bit/s/Hz
[27355 ms] [UE 33952] UL: SNR = 63.50 dB | SE = 20.778 bit/s/Hz
[27355 ms] [UE 12169] UL: SNR = 63.50 dB | SE = 20.778 bit/s/Hz
[27355 ms] [UE 22873] UL: SNR = 63.50 dB | SE = 20.778 bit/s/Hz
[27355 ms] [UE 30556] UL: SNR = 54.00 dB | SE = 17.669 bit/s/Hz
[27355 ms] [UE 20945] UL: SNR = 63.50 dB | SE = 20.778 bit/s/Hz
[27392 ms] [UE 45898] UL: SNR = 63.50 dB | SE = 20.778 bit/s/Hz
[27392 ms] [UE 36997] UL: SNR = 63.50 dB | SE = 20.778 bit/s/Hz
[27392 ms] [UE 48787] UL: SNR = 63.50 dB | SE = 20.778 bit/s/Hz
[27392 ms] [UE 40252] UL: SNR = 56.00 dB | SE = 18.324 bit/s/Hz
[27392 ms] [UE 15599] UL: SNR = 52.50 dB | SE = 17.179 bit/s/Hz
[27456 ms] [UE 33952] UL: SNR = 63.50 dB | SE = 20.778 bit/s/Hz
[27456 ms] [UE 12169] UL: SNR = 63.50 dB | SE = 20.778 bit/s/Hz
[27456 ms] [UE 22873] UL: SNR = 63.50 dB | SE = 20.778 bit/s/Hz
[27456 ms] [UE 30556] UL: SNR = 54.00 dB | SE = 17.669 bit/s/Hz
[27456 ms] [UE 20945] UL: SNR = 63.50 dB | SE = 20.778 bit/s/Hz
[27493 ms] [UE 45898] UL: SNR = 63.50 dB | SE = 20.778 bit/s/Hz
[27493 ms] [UE 36997] UL: SNR = 63.50 dB | SE = 20.778 bit/s/Hz
[27493 ms] [UE 48787] UL: SNR = 63.50 dB | SE = 20.778 bit/s/Hz
[27493 ms] [UE 40252] UL: SNR = 56.00 dB | SE = 18.324 bit/s/Hz
[27493 ms] [UE 15599] UL: SNR = 52.50 dB | SE = 17.179 bit/s/Hz
[27565 ms] [UE 33952] UL: SNR = 63.50 dB | SE = 20.778 bit/s/Hz
[27565 ms] [UE 12169] UL: SNR = 63.50 dB | SE = 20.778 bit/s/Hz
[27565 ms] [UE 22873] UL: SNR = 63.50 dB | SE = 20.778 bit/s/Hz
[27565 ms] [UE 30556] UL: SNR = 54.00 dB | SE = 17.669 bit/s/Hz
[27565 ms] [UE 20945] UL: SNR = 63.50 dB | SE = 20.778 bit/s/Hz
[27603 ms] [UE 45898] UL: SNR = 63.50 dB | SE = 20.778 bit/s/Hz
[27603 ms] [UE 36997] UL: SNR = 63.50 dB | SE = 20.778 bit/s/Hz
[27603 ms] [UE 48787] UL: SNR = 63.50 dB | SE = 20.778 bit/s/Hz
[27603 ms] [UE 40252] UL: SNR = 56.00 dB | SE = 18.324 bit/s/Hz
[27603 ms] [UE 15599] UL: SNR = 52.50 dB | SE = 17.179 bit/s/Hz
[27675 ms] [UE 33952] UL: SNR = 63.50 dB | SE = 20.778 bit/s/Hz
[27675 ms] [UE 12169] UL: SNR = 63.50 dB | SE = 20.778 bit/s/Hz
[27675 ms] [UE 22873] UL: SNR = 63.50 dB | SE = 20.778 bit/s/Hz
[27675 ms] [UE 30556] UL: SNR = 63.50 dB | SE = 20.778 bit/s/Hz
[27675 ms] [UE 20945] UL: SNR = 63.50 dB | SE = 20.778 bit/s/Hz
[27703 ms] [UE 45898] UL: SNR = 63.50 dB | SE = 20.778 bit/s/Hz
[27703 ms] [UE 36997] UL: SNR = 63.50 dB | SE = 20.778 bit/s/Hz
[27703 ms] [UE 48787] UL: SNR = 63.50 dB | SE = 20.778 bit/s/Hz
[27703 ms] [UE 40252] UL: SNR = 56.00 dB | SE = 18.324 bit/s/Hz
[27703 ms] [UE 15599] UL: SNR = 52.50 dB | SE = 17.179 bit/s/Hz
[27775 ms] [UE 33952] UL: SNR = 63.50 dB | SE = 20.778 bit/s/Hz
[27775 ms] [UE 12169] UL: SNR = 63.50 dB | SE = 20.778 bit/s/Hz
[27775 ms] [UE 22873] UL: SNR = 63.50 dB | SE = 20.778 bit/s/Hz
[27775 ms] [UE 30556] UL: SNR = 63.50 dB | SE = 20.778 bit/s/Hz
[27775 ms] [UE 20945] UL: SNR = 63.50 dB | SE = 20.778 bit/s/Hz
[27813 ms] [UE 45898] UL: SNR = 63.50 dB | SE = 20.778 bit/s/Hz
[27813 ms] [UE 36997] UL: SNR = 63.50 dB | SE = 20.778 bit/s/Hz
[27813 ms] [UE 48787] UL: SNR = 63.50 dB | SE = 20.778 bit/s/Hz
[27813 ms] [UE 40252] UL: SNR = 56.00 dB | SE = 18.324 bit/s/Hz
[27813 ms] [UE 15599] UL: SNR = 52.50 dB | SE = 17.179 bit/s/Hz
[27885 ms] [UE 33952] UL: SNR = 63.50 dB | SE = 20.778 bit/s/Hz
[27885 ms] [UE 12169] UL: SNR = 63.50 dB | SE = 20.778 bit/s/Hz
[27885 ms] [UE 22873] UL: SNR = 63.50 dB | SE = 20.778 bit/s/Hz
[27885 ms] [UE 30556] UL: SNR = 63.50 dB | SE = 20.778 bit/s/Hz
[27885 ms] [UE 20945] UL: SNR = 63.50 dB | SE = 20.778 bit/s/Hz
[27913 ms] [UE 45898] UL: SNR = 63.50 dB | SE = 20.778 bit/s/Hz
[27913 ms] [UE 36997] UL: SNR = 63.50 dB | SE = 20.778 bit/s/Hz
[27913 ms] [UE 48787] UL: SNR = 63.50 dB | SE = 20.778 bit/s/Hz
[27913 ms] [UE 40252] UL: SNR = 56.00 dB | SE = 18.324 bit/s/Hz
[27913 ms] [UE 15599] UL: SNR = 52.50 dB | SE = 17.179 bit/s/Hz
[27985 ms] [UE 33952] UL: SNR = 63.50 dB | SE = 20.778 bit/s/Hz
[27985 ms] [UE 12169] UL: SNR = 63.50 dB | SE = 20.778 bit/s/Hz
[27985 ms] [UE 22873] UL: SNR = 63.50 dB | SE = 20.778 bit/s/Hz
[27985 ms] [UE 30556] UL: SNR = 63.50 dB | SE = 20.778 bit/s/Hz
[27985 ms] [UE 20945] UL: SNR = 63.50 dB | SE = 20.778 bit/s/Hz
[28022 ms] [UE 45898] UL: SNR = 63.50 dB | SE = 20.778 bit/s/Hz
[28022 ms] [UE 36997] UL: SNR = 63.50 dB | SE = 20.778 bit/s/Hz
[28022 ms] [UE 48787] UL: SNR = 63.50 dB | SE = 20.778 bit/s/Hz
[28022 ms] [UE 40252] UL: SNR = 56.00 dB | SE = 18.324 bit/s/Hz
[28022 ms] [UE 15599] UL: SNR = 52.50 dB | SE = 17.179 bit/s/Hz
[28095 ms] [UE 33952] UL: SNR = 63.50 dB | SE = 20.778 bit/s/Hz
[28095 ms] [UE 12169] UL: SNR = 63.50 dB | SE = 20.778 bit/s/Hz
[28095 ms] [UE 22873] UL: SNR = 63.50 dB | SE = 20.778 bit/s/Hz
[28095 ms] [UE 30556] UL: SNR = 63.50 dB | SE = 20.778 bit/s/Hz
[28095 ms] [UE 20945] UL: SNR = 63.50 dB | SE = 20.778 bit/s/Hz
[28122 ms] [UE 45898] UL: SNR = 63.50 dB | SE = 20.778 bit/s/Hz
[28122 ms] [UE 36997] UL: SNR = 63.50 dB | SE = 20.778 bit/s/Hz
[28122 ms] [UE 48787] UL: SNR = 63.50 dB | SE = 20.778 bit/s/Hz
[28122 ms] [UE 40252] UL: SNR = 56.00 dB | SE = 18.324 bit/s/Hz
[28122 ms] [UE 15599] UL: SNR = 52.50 dB | SE = 17.179 bit/s/Hz
[28195 ms] [UE 33952] UL: SNR = 63.50 dB | SE = 20.778 bit/s/Hz
[28195 ms] [UE 12169] UL: SNR = 63.50 dB | SE = 20.778 bit/s/Hz
[28195 ms] [UE 22873] UL: SNR = 63.50 dB | SE = 20.778 bit/s/Hz
[28195 ms] [UE 30556] UL: SNR = 63.50 dB | SE = 20.778 bit/s/Hz
[28195 ms] [UE 20945] UL: SNR = 63.50 dB | SE = 20.778 bit/s/Hz
[28222 ms] [UE 45898] UL: SNR = 63.50 dB | SE = 20.778 bit/s/Hz
[28222 ms] [UE 36997] UL: SNR = 63.50 dB | SE = 20.778 bit/s/Hz
[28222 ms] [UE 48787] UL: SNR = 63.50 dB | SE = 20.778 bit/s/Hz
[28222 ms] [UE 40252] UL: SNR = 56.00 dB | SE = 18.324 bit/s/Hz
[28222 ms] [UE 15599] UL: SNR = 52.50 dB | SE = 17.179 bit/s/Hz
[28305 ms] [UE 33952] UL: SNR = 63.50 dB | SE = 20.778 bit/s/Hz
[28305 ms] [UE 12169] UL: SNR = 63.50 dB | SE = 20.778 bit/s/Hz
[28305 ms] [UE 22873] UL: SNR = 63.50 dB | SE = 20.778 bit/s/Hz
[28305 ms] [UE 30556] UL: SNR = 63.50 dB | SE = 20.778 bit/s/Hz
[28305 ms] [UE 20945] UL: SNR = 63.50 dB | SE = 20.778 bit/s/Hz
[28323 ms] [UE 45898] UL: SNR = 63.50 dB | SE = 20.778 bit/s/Hz
[28323 ms] [UE 36997] UL: SNR = 63.50 dB | SE = 20.778 bit/s/Hz
[28323 ms] [UE 48787] UL: SNR = 63.50 dB | SE = 20.778 bit/s/Hz
[28323 ms] [UE 40252] UL: SNR = 56.00 dB | SE = 18.324 bit/s/Hz
[28323 ms] [UE 15599] UL: SNR = 52.50 dB | SE = 17.179 bit/s/Hz
[28415 ms] [UE 33952] UL: SNR = 63.50 dB | SE = 20.778 bit/s/Hz
[28415 ms] [UE 12169] UL: SNR = 63.50 dB | SE = 20.778 bit/s/Hz
[28415 ms] [UE 22873] UL: SNR = 63.50 dB | SE = 20.778 bit/s/Hz
[28415 ms] [UE 30556] UL: SNR = 63.50 dB | SE = 20.778 bit/s/Hz
[28415 ms] [UE 20945] UL: SNR = 63.50 dB | SE = 20.778 bit/s/Hz
[28433 ms] [UE 45898] UL: SNR = 63.50 dB | SE = 20.778 bit/s/Hz
[28433 ms] [UE 36997] UL: SNR = 63.50 dB | SE = 20.778 bit/s/Hz
[28433 ms] [UE 48787] UL: SNR = 63.50 dB | SE = 20.778 bit/s/Hz
[28433 ms] [UE 40252] UL: SNR = 56.00 dB | SE = 18.324 bit/s/Hz
[28433 ms] [UE 15599] UL: SNR = 52.50 dB | SE = 17.179 bit/s/Hz
[28516 ms] [UE 33952] UL: SNR = 63.50 dB | SE = 20.778 bit/s/Hz
[28516 ms] [UE 12169] UL: SNR = 63.50 dB | SE = 20.778 bit/s/Hz
[28516 ms] [UE 22873] UL: SNR = 63.50 dB | SE = 20.778 bit/s/Hz
[28516 ms] [UE 30556] UL: SNR = 63.50 dB | SE = 20.778 bit/s/Hz
[28516 ms] [UE 20945] UL: SNR = 63.50 dB | SE = 20.778 bit/s/Hz
[28543 ms] [UE 45898] UL: SNR = 63.50 dB | SE = 20.778 bit/s/Hz
[28543 ms] [UE 36997] UL: SNR = 63.50 dB | SE = 20.778 bit/s/Hz
[28543 ms] [UE 48787] UL: SNR = 63.50 dB | SE = 20.778 bit/s/Hz
[28543 ms] [UE 40252] UL: SNR = 56.00 dB | SE = 18.324 bit/s/Hz
[28543 ms] [UE 15599] UL: SNR = 52.50 dB | SE = 17.179 bit/s/Hz
[28627 ms] [UE 33952] UL: SNR = 63.50 dB | SE = 20.778 bit/s/Hz
[28627 ms] [UE 12169] UL: SNR = 63.50 dB | SE = 20.778 bit/s/Hz
[28627 ms] [UE 22873] UL: SNR = 63.50 dB | SE = 20.778 bit/s/Hz
[28627 ms] [UE 30556] UL: SNR = 63.50 dB | SE = 20.778 bit/s/Hz
[28627 ms] [UE 20945] UL: SNR = 63.50 dB | SE = 20.778 bit/s/Hz
[28653 ms] [UE 45898] UL: SNR = 63.50 dB | SE = 20.778 bit/s/Hz
[28653 ms] [UE 36997] UL: SNR = 63.50 dB | SE = 20.778 bit/s/Hz
[28653 ms] [UE 48787] UL: SNR = 63.50 dB | SE = 20.778 bit/s/Hz
[28653 ms] [UE 40252] UL: SNR = 56.00 dB | SE = 18.324 bit/s/Hz
[28653 ms] [UE 15599] UL: SNR = 52.50 dB | SE = 17.179 bit/s/Hz
[28735 ms] [UE 33952] UL: SNR = 63.50 dB | SE = 20.778 bit/s/Hz
[28735 ms] [UE 12169] UL: SNR = 63.50 dB | SE = 20.778 bit/s/Hz
[28735 ms] [UE 22873] UL: SNR = 63.50 dB | SE = 20.778 bit/s/Hz
[28735 ms] [UE 30556] UL: SNR = 63.50 dB | SE = 20.778 bit/s/Hz
[28735 ms] [UE 20945] UL: SNR = 63.50 dB | SE = 20.778 bit/s/Hz
[28763 ms] [UE 45898] UL: SNR = 63.50 dB | SE = 20.778 bit/s/Hz
[28763 ms] [UE 36997] UL: SNR = 63.50 dB | SE = 20.778 bit/s/Hz
[28763 ms] [UE 48787] UL: SNR = 63.50 dB | SE = 20.778 bit/s/Hz
[28763 ms] [UE 40252] UL: SNR = 56.00 dB | SE = 18.324 bit/s/Hz
[28763 ms] [UE 15599] UL: SNR = 52.50 dB | SE = 17.179 bit/s/Hz
[28835 ms] [UE 33952] UL: SNR = 63.50 dB | SE = 20.778 bit/s/Hz
[28835 ms] [UE 12169] UL: SNR = 63.50 dB | SE = 20.778 bit/s/Hz
[28835 ms] [UE 22873] UL: SNR = 63.50 dB | SE = 20.778 bit/s/Hz
[28835 ms] [UE 30556] UL: SNR = 63.50 dB | SE = 20.778 bit/s/Hz
[28835 ms] [UE 20945] UL: SNR = 63.50 dB | SE = 20.778 bit/s/Hz
[28863 ms] [UE 45898] UL: SNR = 63.50 dB | SE = 20.778 bit/s/Hz
[28863 ms] [UE 36997] UL: SNR = 63.50 dB | SE = 20.778 bit/s/Hz
[28863 ms] [UE 48787] UL: SNR = 63.50 dB | SE = 20.778 bit/s/Hz
[28863 ms] [UE 40252] UL: SNR = 56.00 dB | SE = 18.324 bit/s/Hz
[28863 ms] [UE 15599] UL: SNR = 52.50 dB | SE = 17.179 bit/s/Hz
[28935 ms] [UE 33952] UL: SNR = 63.50 dB | SE = 20.778 bit/s/Hz
[28935 ms] [UE 12169] UL: SNR = 63.50 dB | SE = 20.778 bit/s/Hz
[28935 ms] [UE 22873] UL: SNR = 63.50 dB | SE = 20.778 bit/s/Hz
[28935 ms] [UE 30556] UL: SNR = 63.50 dB | SE = 20.778 bit/s/Hz
[28935 ms] [UE 20945] UL: SNR = 63.50 dB | SE = 20.778 bit/s/Hz
[28973 ms] [UE 45898] UL: SNR = 63.50 dB | SE = 20.778 bit/s/Hz
[28973 ms] [UE 36997] UL: SNR = 63.50 dB | SE = 20.778 bit/s/Hz
[28973 ms] [UE 48787] UL: SNR = 63.50 dB | SE = 20.778 bit/s/Hz
[28973 ms] [UE 40252] UL: SNR = 56.00 dB | SE = 18.324 bit/s/Hz
[28973 ms] [UE 15599] UL: SNR = 52.50 dB | SE = 17.179 bit/s/Hz
[29035 ms] [UE 33952] UL: SNR = 63.50 dB | SE = 20.778 bit/s/Hz
[29035 ms] [UE 12169] UL: SNR = 63.50 dB | SE = 20.778 bit/s/Hz
[29035 ms] [UE 22873] UL: SNR = 63.50 dB | SE = 20.778 bit/s/Hz
[29035 ms] [UE 30556] UL: SNR = 63.50 dB | SE = 20.778 bit/s/Hz
[29035 ms] [UE 20945] UL: SNR = 63.50 dB | SE = 20.778 bit/s/Hz
[29073 ms] [UE 45898] UL: SNR = 63.50 dB | SE = 20.778 bit/s/Hz
[29073 ms] [UE 36997] UL: SNR = 63.50 dB | SE = 20.778 bit/s/Hz
[29073 ms] [UE 48787] UL: SNR = 63.50 dB | SE = 20.778 bit/s/Hz
[29073 ms] [UE 40252] UL: SNR = 56.00 dB | SE = 18.324 bit/s/Hz
[29073 ms] [UE 15599] UL: SNR = 52.50 dB | SE = 17.179 bit/s/Hz
[29145 ms] [UE 33952] UL: SNR = 63.50 dB | SE = 20.778 bit/s/Hz
[29145 ms] [UE 12169] UL: SNR = 63.50 dB | SE = 20.778 bit/s/Hz
[29145 ms] [UE 22873] UL: SNR = 63.50 dB | SE = 20.778 bit/s/Hz
[29145 ms] [UE 30556] UL: SNR = 63.50 dB | SE = 20.778 bit/s/Hz
[29145 ms] [UE 20945] UL: SNR = 63.50 dB | SE = 20.778 bit/s/Hz
[29183 ms] [UE 45898] UL: SNR = 63.50 dB | SE = 20.778 bit/s/Hz
[29183 ms] [UE 36997] UL: SNR = 63.50 dB | SE = 20.778 bit/s/Hz
[29183 ms] [UE 48787] UL: SNR = 63.50 dB | SE = 20.778 bit/s/Hz
[29183 ms] [UE 40252] UL: SNR = 56.00 dB | SE = 18.324 bit/s/Hz
[29183 ms] [UE 15599] UL: SNR = 52.50 dB | SE = 17.179 bit/s/Hz
[29256 ms] [UE 33952] UL: SNR = 63.50 dB | SE = 20.778 bit/s/Hz
[29256 ms] [UE 12169] UL: SNR = 63.50 dB | SE = 20.778 bit/s/Hz
[29256 ms] [UE 22873] UL: SNR = 63.50 dB | SE = 20.778 bit/s/Hz
[29256 ms] [UE 30556] UL: SNR = 63.50 dB | SE = 20.778 bit/s/Hz
[29256 ms] [UE 20945] UL: SNR = 63.50 dB | SE = 20.778 bit/s/Hz
[29283 ms] [UE 45898] UL: SNR = 63.50 dB | SE = 20.778 bit/s/Hz
[29283 ms] [UE 36997] UL: SNR = 63.50 dB | SE = 20.778 bit/s/Hz
[29283 ms] [UE 48787] UL: SNR = 63.50 dB | SE = 20.778 bit/s/Hz
[29283 ms] [UE 40252] UL: SNR = 56.00 dB | SE = 18.324 bit/s/Hz
[29283 ms] [UE 15599] UL: SNR = 52.50 dB | SE = 17.179 bit/s/Hz
[29365 ms] [UE 33952] UL: SNR = 63.50 dB | SE = 20.778 bit/s/Hz
[29365 ms] [UE 12169] UL: SNR = 63.50 dB | SE = 20.778 bit/s/Hz
[29365 ms] [UE 22873] UL: SNR = 63.50 dB | SE = 20.778 bit/s/Hz
[29365 ms] [UE 30556] UL: SNR = 63.50 dB | SE = 20.778 bit/s/Hz
[29365 ms] [UE 20945] UL: SNR = 63.50 dB | SE = 20.778 bit/s/Hz
[29392 ms] [UE 45898] UL: SNR = 63.50 dB | SE = 20.778 bit/s/Hz
[29392 ms] [UE 36997] UL: SNR = 63.50 dB | SE = 20.778 bit/s/Hz
[29392 ms] [UE 48787] UL: SNR = 63.50 dB | SE = 20.778 bit/s/Hz
[29392 ms] [UE 40252] UL: SNR = 56.00 dB | SE = 18.324 bit/s/Hz
[29392 ms] [UE 15599] UL: SNR = 52.50 dB | SE = 17.179 bit/s/Hz
[29466 ms] [UE 33952] UL: SNR = 63.50 dB | SE = 20.778 bit/s/Hz
[29466 ms] [UE 12169] UL: SNR = 63.50 dB | SE = 20.778 bit/s/Hz
[29466 ms] [UE 22873] UL: SNR = 63.50 dB | SE = 20.778 bit/s/Hz
[29466 ms] [UE 30556] UL: SNR = 63.50 dB | SE = 20.778 bit/s/Hz
[29466 ms] [UE 20945] UL: SNR = 63.50 dB | SE = 20.778 bit/s/Hz
[29492 ms] [UE 45898] UL: SNR = 63.50 dB | SE = 20.778 bit/s/Hz
[29492 ms] [UE 36997] UL: SNR = 63.50 dB | SE = 20.778 bit/s/Hz
[29492 ms] [UE 48787] UL: SNR = 63.50 dB | SE = 20.778 bit/s/Hz
[29492 ms] [UE 40252] UL: SNR = 56.00 dB | SE = 18.324 bit/s/Hz
[29492 ms] [UE 15599] UL: SNR = 52.50 dB | SE = 17.179 bit/s/Hz
[29575 ms] [UE 33952] UL: SNR = 63.50 dB | SE = 20.778 bit/s/Hz
[29575 ms] [UE 12169] UL: SNR = 63.50 dB | SE = 20.778 bit/s/Hz
[29575 ms] [UE 22873] UL: SNR = 63.50 dB | SE = 20.778 bit/s/Hz
[29575 ms] [UE 30556] UL: SNR = 63.50 dB | SE = 20.778 bit/s/Hz
[29575 ms] [UE 20945] UL: SNR = 63.50 dB | SE = 20.778 bit/s/Hz
[29592 ms] [UE 45898] UL: SNR = 63.50 dB | SE = 20.778 bit/s/Hz
[29592 ms] [UE 36997] UL: SNR = 63.50 dB | SE = 20.778 bit/s/Hz
[29592 ms] [UE 48787] UL: SNR = 63.50 dB | SE = 20.778 bit/s/Hz
[29592 ms] [UE 40252] UL: SNR = 56.00 dB | SE = 18.324 bit/s/Hz
[29592 ms] [UE 15599] UL: SNR = 52.50 dB | SE = 17.179 bit/s/Hz
[29685 ms] [UE 33952] UL: SNR = 63.50 dB | SE = 20.778 bit/s/Hz
[29685 ms] [UE 12169] UL: SNR = 63.50 dB | SE = 20.778 bit/s/Hz
[29685 ms] [UE 22873] UL: SNR = 63.50 dB | SE = 20.778 bit/s/Hz
[29685 ms] [UE 30556] UL: SNR = 63.50 dB | SE = 20.778 bit/s/Hz
[29685 ms] [UE 20945] UL: SNR = 63.50 dB | SE = 20.778 bit/s/Hz
[29703 ms] [UE 45898] UL: SNR = 63.50 dB | SE = 20.778 bit/s/Hz
[29703 ms] [UE 36997] UL: SNR = 63.50 dB | SE = 20.778 bit/s/Hz
[29703 ms] [UE 48787] UL: SNR = 63.50 dB | SE = 20.778 bit/s/Hz
[29703 ms] [UE 40252] UL: SNR = 56.00 dB | SE = 18.324 bit/s/Hz
[29703 ms] [UE 15599] UL: SNR = 52.50 dB | SE = 17.179 bit/s/Hz
[29785 ms] [UE 33952] UL: SNR = 63.50 dB | SE = 20.778 bit/s/Hz
[29785 ms] [UE 12169] UL: SNR = 63.50 dB | SE = 20.778 bit/s/Hz
[29785 ms] [UE 22873] UL: SNR = 63.50 dB | SE = 20.778 bit/s/Hz
[29785 ms] [UE 30556] UL: SNR = 7.50 dB | SE = 2.687 bit/s/Hz
[29785 ms] [UE 20945] UL: SNR = 63.50 dB | SE = 20.778 bit/s/Hz
[29803 ms] [UE 45898] UL: SNR = 63.50 dB | SE = 20.778 bit/s/Hz
[29803 ms] [UE 36997] UL: SNR = 63.50 dB | SE = 20.778 bit/s/Hz
[29803 ms] [UE 48787] UL: SNR = 63.50 dB | SE = 20.778 bit/s/Hz
[29803 ms] [UE 40252] UL: SNR = 56.00 dB | SE = 18.324 bit/s/Hz
[29803 ms] [UE 15599] UL: SNR = 52.50 dB | SE = 17.179 bit/s/Hz
[29896 ms] [UE 33952] UL: SNR = 63.50 dB | SE = 20.778 bit/s/Hz
[29896 ms] [UE 12169] UL: SNR = 63.50 dB | SE = 20.778 bit/s/Hz
[29896 ms] [UE 22873] UL: SNR = 63.50 dB | SE = 20.778 bit/s/Hz
[29896 ms] [UE 30556] UL: SNR = 7.50 dB | SE = 2.687 bit/s/Hz
[29896 ms] [UE 20945] UL: SNR = 63.50 dB | SE = 20.778 bit/s/Hz
[29912 ms] [UE 45898] UL: SNR = 63.50 dB | SE = 20.778 bit/s/Hz
[29912 ms] [UE 36997] UL: SNR = 63.50 dB | SE = 20.778 bit/s/Hz
[29912 ms] [UE 48787] UL: SNR = 63.50 dB | SE = 20.778 bit/s/Hz
[29912 ms] [UE 40252] UL: SNR = 56.00 dB | SE = 18.324 bit/s/Hz
[29912 ms] [UE 15599] UL: SNR = 52.50 dB | SE = 17.179 bit/s/Hz
[30005 ms] [UE 33952] UL: SNR = 63.50 dB | SE = 20.778 bit/s/Hz
[30005 ms] [UE 12169] UL: SNR = 63.50 dB | SE = 20.778 bit/s/Hz
[30005 ms] [UE 22873] UL: SNR = 63.50 dB | SE = 20.778 bit/s/Hz
[30005 ms] [UE 30556] UL: SNR = 7.50 dB | SE = 2.687 bit/s/Hz
[30005 ms] [UE 20945] UL: SNR = 63.50 dB | SE = 20.778 bit/s/Hz
[30013 ms] [UE 45898] UL: SNR = 63.50 dB | SE = 20.778 bit/s/Hz
[30013 ms] [UE 36997] UL: SNR = 63.50 dB | SE = 20.778 bit/s/Hz
[30013 ms] [UE 48787] UL: SNR = 63.50 dB | SE = 20.778 bit/s/Hz
[30013 ms] [UE 40252] UL: SNR = 56.00 dB | SE = 18.324 bit/s/Hz
[30013 ms] [UE 15599] UL: SNR = 52.50 dB | SE = 17.179 bit/s/Hz
[30115 ms] [UE 33952] UL: SNR = 63.50 dB | SE = 20.778 bit/s/Hz
[30115 ms] [UE 12169] UL: SNR = 63.50 dB | SE = 20.778 bit/s/Hz
[30115 ms] [UE 22873] UL: SNR = 63.50 dB | SE = 20.778 bit/s/Hz
[30115 ms] [UE 30556] UL: SNR = 7.50 dB | SE = 2.687 bit/s/Hz
[30115 ms] [UE 20945] UL: SNR = 63.50 dB | SE = 20.778 bit/s/Hz
[30122 ms] [UE 45898] UL: SNR = 63.50 dB | SE = 20.778 bit/s/Hz
[30122 ms] [UE 36997] UL: SNR = 63.50 dB | SE = 20.778 bit/s/Hz
[30122 ms] [UE 48787] UL: SNR = 63.50 dB | SE = 20.778 bit/s/Hz
[30122 ms] [UE 40252] UL: SNR = 56.00 dB | SE = 18.324 bit/s/Hz
[30122 ms] [UE 15599] UL: SNR = 52.50 dB | SE = 17.179 bit/s/Hz
[30216 ms] [UE 33952] UL: SNR = 63.50 dB | SE = 20.778 bit/s/Hz
[30216 ms] [UE 12169] UL: SNR = 63.50 dB | SE = 20.778 bit/s/Hz
[30216 ms] [UE 22873] UL: SNR = 63.50 dB | SE = 20.778 bit/s/Hz
[30216 ms] [UE 30556] UL: SNR = 7.50 dB | SE = 2.687 bit/s/Hz
[30216 ms] [UE 20945] UL: SNR = 63.50 dB | SE = 20.778 bit/s/Hz
[30222 ms] [UE 45898] UL: SNR = 63.50 dB | SE = 20.778 bit/s/Hz
[30222 ms] [UE 36997] UL: SNR = 63.50 dB | SE = 20.778 bit/s/Hz
[30222 ms] [UE 48787] UL: SNR = 63.50 dB | SE = 20.778 bit/s/Hz
[30222 ms] [UE 40252] UL: SNR = 56.00 dB | SE = 18.324 bit/s/Hz
[30222 ms] [UE 15599] UL: SNR = 52.50 dB | SE = 17.179 bit/s/Hz
[30323 ms] [UE 45898] UL: SNR = 63.50 dB | SE = 20.778 bit/s/Hz
[30323 ms] [UE 36997] UL: SNR = 63.50 dB | SE = 20.778 bit/s/Hz
[30323 ms] [UE 48787] UL: SNR = 63.50 dB | SE = 20.778 bit/s/Hz
[30323 ms] [UE 40252] UL: SNR = 56.00 dB | SE = 18.324 bit/s/Hz
[30323 ms] [UE 15599] UL: SNR = 52.50 dB | SE = 17.179 bit/s/Hz
[30325 ms] [UE 33952] UL: SNR = 63.50 dB | SE = 20.778 bit/s/Hz
[30325 ms] [UE 12169] UL: SNR = 63.50 dB | SE = 20.778 bit/s/Hz
[30325 ms] [UE 22873] UL: SNR = 63.50 dB | SE = 20.778 bit/s/Hz
[30325 ms] [UE 30556] UL: SNR = 7.50 dB | SE = 2.687 bit/s/Hz
[30325 ms] [UE 20945] UL: SNR = 63.50 dB | SE = 20.778 bit/s/Hz
[30426 ms] [UE 33952] UL: SNR = 63.50 dB | SE = 20.778 bit/s/Hz
[30426 ms] [UE 12169] UL: SNR = 63.50 dB | SE = 20.778 bit/s/Hz
[30426 ms] [UE 22873] UL: SNR = 63.50 dB | SE = 20.778 bit/s/Hz
[30426 ms] [UE 30556] UL: SNR = 7.50 dB | SE = 2.687 bit/s/Hz
[30426 ms] [UE 20945] UL: SNR = 63.50 dB | SE = 20.778 bit/s/Hz
[30432 ms] [UE 45898] UL: SNR = 63.50 dB | SE = 20.778 bit/s/Hz
[30432 ms] [UE 36997] UL: SNR = 63.50 dB | SE = 20.778 bit/s/Hz
[30432 ms] [UE 48787] UL: SNR = 63.50 dB | SE = 20.778 bit/s/Hz
[30432 ms] [UE 40252] UL: SNR = 56.00 dB | SE = 18.324 bit/s/Hz
[30432 ms] [UE 15599] UL: SNR = 52.50 dB | SE = 17.179 bit/s/Hz
[30533 ms] [UE 45898] UL: SNR = 63.50 dB | SE = 20.778 bit/s/Hz
[30533 ms] [UE 36997] UL: SNR = 63.50 dB | SE = 20.778 bit/s/Hz
[30533 ms] [UE 48787] UL: SNR = 63.50 dB | SE = 20.778 bit/s/Hz
[30533 ms] [UE 40252] UL: SNR = 56.00 dB | SE = 18.324 bit/s/Hz
[30533 ms] [UE 15599] UL: SNR = 52.50 dB | SE = 17.179 bit/s/Hz
[30536 ms] [UE 33952] UL: SNR = 57.50 dB | SE = 18.815 bit/s/Hz
[30536 ms] [UE 12169] UL: SNR = 63.50 dB | SE = 20.778 bit/s/Hz
[30536 ms] [UE 22873] UL: SNR = 63.50 dB | SE = 20.778 bit/s/Hz
[30536 ms] [UE 30556] UL: SNR = 52.50 dB | SE = 17.179 bit/s/Hz
[30536 ms] [UE 20945] UL: SNR = 63.50 dB | SE = 20.778 bit/s/Hz
[30643 ms] [UE 45898] UL: SNR = 63.50 dB | SE = 20.778 bit/s/Hz
[30643 ms] [UE 36997] UL: SNR = 63.50 dB | SE = 20.778 bit/s/Hz
[30643 ms] [UE 48787] UL: SNR = 63.50 dB | SE = 20.778 bit/s/Hz
[30643 ms] [UE 40252] UL: SNR = 56.00 dB | SE = 18.324 bit/s/Hz
[30643 ms] [UE 15599] UL: SNR = 52.50 dB | SE = 17.179 bit/s/Hz
[30645 ms] [UE 33952] UL: SNR = 57.50 dB | SE = 18.815 bit/s/Hz
[30645 ms] [UE 12169] UL: SNR = 63.50 dB | SE = 20.778 bit/s/Hz
[30645 ms] [UE 22873] UL: SNR = 63.50 dB | SE = 20.778 bit/s/Hz
[30645 ms] [UE 30556] UL: SNR = 52.50 dB | SE = 17.179 bit/s/Hz
[30645 ms] [UE 20945] UL: SNR = 63.50 dB | SE = 20.778 bit/s/Hz
[30756 ms] [UE 45898] UL: SNR = 63.50 dB | SE = 20.778 bit/s/Hz
[30756 ms] [UE 36997] UL: SNR = 63.50 dB | SE = 20.778 bit/s/Hz
[30756 ms] [UE 48787] UL: SNR = 63.50 dB | SE = 20.778 bit/s/Hz
[30756 ms] [UE 40252] UL: SNR = 56.00 dB | SE = 18.324 bit/s/Hz
[30756 ms] [UE 15599] UL: SNR = 52.50 dB | SE = 17.179 bit/s/Hz
[30756 ms] [UE 33952] UL: SNR = 57.50 dB | SE = 18.815 bit/s/Hz
[30756 ms] [UE 12169] UL: SNR = 63.50 dB | SE = 20.778 bit/s/Hz
[30756 ms] [UE 22873] UL: SNR = 63.50 dB | SE = 20.778 bit/s/Hz
[30756 ms] [UE 30556] UL: SNR = 54.00 dB | SE = 17.669 bit/s/Hz
[30756 ms] [UE 20945] UL: SNR = 63.50 dB | SE = 20.778 bit/s/Hz
[30862 ms] [UE 45898] UL: SNR = 63.50 dB | SE = 20.778 bit/s/Hz
[30862 ms] [UE 36997] UL: SNR = 63.50 dB | SE = 20.778 bit/s/Hz
[30862 ms] [UE 48787] UL: SNR = 63.50 dB | SE = 20.778 bit/s/Hz
[30862 ms] [UE 40252] UL: SNR = 56.00 dB | SE = 18.324 bit/s/Hz
[30862 ms] [UE 15599] UL: SNR = 52.50 dB | SE = 17.179 bit/s/Hz
[30865 ms] [UE 33952] UL: SNR = 57.50 dB | SE = 18.815 bit/s/Hz
[30865 ms] [UE 12169] UL: SNR = 63.50 dB | SE = 20.778 bit/s/Hz
[30865 ms] [UE 22873] UL: SNR = 63.50 dB | SE = 20.778 bit/s/Hz
[30865 ms] [UE 30556] UL: SNR = 54.00 dB | SE = 17.669 bit/s/Hz
[30865 ms] [UE 20945] UL: SNR = 63.50 dB | SE = 20.778 bit/s/Hz
[30963 ms] [UE 45898] UL: SNR = 63.50 dB | SE = 20.778 bit/s/Hz
[30963 ms] [UE 36997] UL: SNR = 63.50 dB | SE = 20.778 bit/s/Hz
[30963 ms] [UE 48787] UL: SNR = 63.50 dB | SE = 20.778 bit/s/Hz
[30963 ms] [UE 40252] UL: SNR = 56.00 dB | SE = 18.324 bit/s/Hz
[30963 ms] [UE 15599] UL: SNR = 52.50 dB | SE = 17.179 bit/s/Hz
[30967 ms] [UE 33952] UL: SNR = 57.50 dB | SE = 18.815 bit/s/Hz
[30967 ms] [UE 12169] UL: SNR = 63.50 dB | SE = 20.778 bit/s/Hz
[30967 ms] [UE 22873] UL: SNR = 63.50 dB | SE = 20.778 bit/s/Hz
[30967 ms] [UE 30556] UL: SNR = 54.00 dB | SE = 17.669 bit/s/Hz
[30967 ms] [UE 20945] UL: SNR = 63.50 dB | SE = 20.778 bit/s/Hz
[31073 ms] [UE 45898] UL: SNR = 63.50 dB | SE = 20.778 bit/s/Hz
[31073 ms] [UE 36997] UL: SNR = 63.50 dB | SE = 20.778 bit/s/Hz
[31073 ms] [UE 48787] UL: SNR = 63.50 dB | SE = 20.778 bit/s/Hz
[31073 ms] [UE 40252] UL: SNR = 56.00 dB | SE = 18.324 bit/s/Hz
[31073 ms] [UE 15599] UL: SNR = 52.50 dB | SE = 17.179 bit/s/Hz
[31075 ms] [UE 33952] UL: SNR = 57.50 dB | SE = 18.815 bit/s/Hz
[31075 ms] [UE 12169] UL: SNR = 63.50 dB | SE = 20.778 bit/s/Hz
[31075 ms] [UE 22873] UL: SNR = 63.50 dB | SE = 20.778 bit/s/Hz
[31075 ms] [UE 30556] UL: SNR = 63.50 dB | SE = 20.778 bit/s/Hz
[31075 ms] [UE 20945] UL: SNR = 63.50 dB | SE = 20.778 bit/s/Hz
[31173 ms] [UE 45898] UL: SNR = 63.50 dB | SE = 20.778 bit/s/Hz
[31173 ms] [UE 36997] UL: SNR = 63.50 dB | SE = 20.778 bit/s/Hz
[31173 ms] [UE 48787] UL: SNR = 63.50 dB | SE = 20.778 bit/s/Hz
[31173 ms] [UE 40252] UL: SNR = 56.00 dB | SE = 18.324 bit/s/Hz
[31173 ms] [UE 15599] UL: SNR = 52.50 dB | SE = 17.179 bit/s/Hz
[31175 ms] [UE 33952] UL: SNR = 57.50 dB | SE = 18.815 bit/s/Hz
[31175 ms] [UE 12169] UL: SNR = 63.50 dB | SE = 20.778 bit/s/Hz
[31175 ms] [UE 22873] UL: SNR = 63.50 dB | SE = 20.778 bit/s/Hz
[31175 ms] [UE 30556] UL: SNR = 63.50 dB | SE = 20.778 bit/s/Hz
[31175 ms] [UE 20945] UL: SNR = 63.50 dB | SE = 20.778 bit/s/Hz
[31275 ms] [UE 33952] UL: SNR = 57.50 dB | SE = 18.815 bit/s/Hz
[31275 ms] [UE 12169] UL: SNR = 63.50 dB | SE = 20.778 bit/s/Hz
[31275 ms] [UE 22873] UL: SNR = 63.50 dB | SE = 20.778 bit/s/Hz
[31275 ms] [UE 30556] UL: SNR = 54.00 dB | SE = 17.669 bit/s/Hz
[31275 ms] [UE 20945] UL: SNR = 63.50 dB | SE = 20.778 bit/s/Hz
[31283 ms] [UE 45898] UL: SNR = 63.50 dB | SE = 20.778 bit/s/Hz
[31283 ms] [UE 36997] UL: SNR = 63.50 dB | SE = 20.778 bit/s/Hz
[31283 ms] [UE 48787] UL: SNR = 63.50 dB | SE = 20.778 bit/s/Hz
[31283 ms] [UE 40252] UL: SNR = 56.00 dB | SE = 18.324 bit/s/Hz
[31283 ms] [UE 15599] UL: SNR = 52.50 dB | SE = 17.179 bit/s/Hz
[31376 ms] [UE 33952] UL: SNR = 57.50 dB | SE = 18.815 bit/s/Hz
[31376 ms] [UE 12169] UL: SNR = 63.50 dB | SE = 20.778 bit/s/Hz
[31376 ms] [UE 22873] UL: SNR = 63.50 dB | SE = 20.778 bit/s/Hz
[31376 ms] [UE 30556] UL: SNR = 54.00 dB | SE = 17.669 bit/s/Hz
[31376 ms] [UE 20945] UL: SNR = 63.50 dB | SE = 20.778 bit/s/Hz
[31393 ms] [UE 45898] UL: SNR = 63.50 dB | SE = 20.778 bit/s/Hz
[31393 ms] [UE 36997] UL: SNR = 63.50 dB | SE = 20.778 bit/s/Hz
[31393 ms] [UE 48787] UL: SNR = 63.50 dB | SE = 20.778 bit/s/Hz
[31393 ms] [UE 40252] UL: SNR = 56.00 dB | SE = 18.324 bit/s/Hz
[31393 ms] [UE 15599] UL: SNR = 52.50 dB | SE = 17.179 bit/s/Hz
[31486 ms] [UE 33952] UL: SNR = 57.50 dB | SE = 18.815 bit/s/Hz
[31486 ms] [UE 12169] UL: SNR = 63.50 dB | SE = 20.778 bit/s/Hz
[31486 ms] [UE 22873] UL: SNR = 63.50 dB | SE = 20.778 bit/s/Hz
[31486 ms] [UE 30556] UL: SNR = 63.50 dB | SE = 20.778 bit/s/Hz
[31486 ms] [UE 20945] UL: SNR = 63.50 dB | SE = 20.778 bit/s/Hz
[31503 ms] [UE 45898] UL: SNR = 63.50 dB | SE = 20.778 bit/s/Hz
[31503 ms] [UE 36997] UL: SNR = 63.50 dB | SE = 20.778 bit/s/Hz
[31503 ms] [UE 48787] UL: SNR = 63.50 dB | SE = 20.778 bit/s/Hz
[31503 ms] [UE 40252] UL: SNR = 56.00 dB | SE = 18.324 bit/s/Hz
[31503 ms] [UE 15599] UL: SNR = 52.50 dB | SE = 17.179 bit/s/Hz
[31595 ms] [UE 33952] UL: SNR = 57.50 dB | SE = 18.815 bit/s/Hz
[31595 ms] [UE 12169] UL: SNR = 63.50 dB | SE = 20.778 bit/s/Hz
[31595 ms] [UE 22873] UL: SNR = 63.50 dB | SE = 20.778 bit/s/Hz
[31595 ms] [UE 30556] UL: SNR = 63.50 dB | SE = 20.778 bit/s/Hz
[31595 ms] [UE 20945] UL: SNR = 63.50 dB | SE = 20.778 bit/s/Hz
[31613 ms] [UE 45898] UL: SNR = 63.50 dB | SE = 20.778 bit/s/Hz
[31613 ms] [UE 36997] UL: SNR = 63.50 dB | SE = 20.778 bit/s/Hz
[31613 ms] [UE 48787] UL: SNR = 63.50 dB | SE = 20.778 bit/s/Hz
[31613 ms] [UE 40252] UL: SNR = 56.00 dB | SE = 18.324 bit/s/Hz
[31613 ms] [UE 15599] UL: SNR = 52.50 dB | SE = 17.179 bit/s/Hz
[31695 ms] [UE 33952] UL: SNR = 57.50 dB | SE = 18.815 bit/s/Hz
[31695 ms] [UE 12169] UL: SNR = 63.50 dB | SE = 20.778 bit/s/Hz
[31695 ms] [UE 22873] UL: SNR = 63.50 dB | SE = 20.778 bit/s/Hz
[31695 ms] [UE 30556] UL: SNR = 63.50 dB | SE = 20.778 bit/s/Hz
[31695 ms] [UE 20945] UL: SNR = 63.50 dB | SE = 20.778 bit/s/Hz
[31713 ms] [UE 45898] UL: SNR = 63.50 dB | SE = 20.778 bit/s/Hz
[31713 ms] [UE 36997] UL: SNR = 63.50 dB | SE = 20.778 bit/s/Hz
[31713 ms] [UE 48787] UL: SNR = 63.50 dB | SE = 20.778 bit/s/Hz
[31713 ms] [UE 40252] UL: SNR = 56.00 dB | SE = 18.324 bit/s/Hz
[31713 ms] [UE 15599] UL: SNR = 52.50 dB | SE = 17.179 bit/s/Hz
[31805 ms] [UE 33952] UL: SNR = 57.50 dB | SE = 18.815 bit/s/Hz
[31805 ms] [UE 12169] UL: SNR = 63.50 dB | SE = 20.778 bit/s/Hz
[31805 ms] [UE 22873] UL: SNR = 63.50 dB | SE = 20.778 bit/s/Hz
[31805 ms] [UE 30556] UL: SNR = 63.50 dB | SE = 20.778 bit/s/Hz
[31805 ms] [UE 20945] UL: SNR = 63.50 dB | SE = 20.778 bit/s/Hz
[31823 ms] [UE 45898] UL: SNR = 63.50 dB | SE = 20.778 bit/s/Hz
[31823 ms] [UE 36997] UL: SNR = 63.50 dB | SE = 20.778 bit/s/Hz
[31823 ms] [UE 48787] UL: SNR = 63.50 dB | SE = 20.778 bit/s/Hz
[31823 ms] [UE 40252] UL: SNR = 56.00 dB | SE = 18.324 bit/s/Hz
[31823 ms] [UE 15599] UL: SNR = 52.50 dB | SE = 17.179 bit/s/Hz
[31905 ms] [UE 33952] UL: SNR = 57.50 dB | SE = 18.815 bit/s/Hz
[31905 ms] [UE 12169] UL: SNR = 63.50 dB | SE = 20.778 bit/s/Hz
[31905 ms] [UE 22873] UL: SNR = 63.50 dB | SE = 20.778 bit/s/Hz
[31905 ms] [UE 30556] UL: SNR = 63.50 dB | SE = 20.778 bit/s/Hz
[31905 ms] [UE 20945] UL: SNR = 63.50 dB | SE = 20.778 bit/s/Hz
[31923 ms] [UE 45898] UL: SNR = 63.50 dB | SE = 20.778 bit/s/Hz
[31923 ms] [UE 36997] UL: SNR = 63.50 dB | SE = 20.778 bit/s/Hz
[31923 ms] [UE 48787] UL: SNR = 63.50 dB | SE = 20.778 bit/s/Hz
[31923 ms] [UE 40252] UL: SNR = 56.00 dB | SE = 18.324 bit/s/Hz
[31923 ms] [UE 15599] UL: SNR = 52.50 dB | SE = 17.179 bit/s/Hz
[32015 ms] [UE 33952] UL: SNR = 57.50 dB | SE = 18.815 bit/s/Hz
[32015 ms] [UE 12169] UL: SNR = 63.50 dB | SE = 20.778 bit/s/Hz
[32015 ms] [UE 22873] UL: SNR = 63.50 dB | SE = 20.778 bit/s/Hz
[32015 ms] [UE 30556] UL: SNR = 63.50 dB | SE = 20.778 bit/s/Hz
[32015 ms] [UE 20945] UL: SNR = 63.50 dB | SE = 20.778 bit/s/Hz
[32023 ms] [UE 45898] UL: SNR = 63.50 dB | SE = 20.778 bit/s/Hz
[32023 ms] [UE 36997] UL: SNR = 63.50 dB | SE = 20.778 bit/s/Hz
[32023 ms] [UE 48787] UL: SNR = 63.50 dB | SE = 20.778 bit/s/Hz
[32023 ms] [UE 40252] UL: SNR = 56.00 dB | SE = 18.324 bit/s/Hz
[32023 ms] [UE 15599] UL: SNR = 52.50 dB | SE = 17.179 bit/s/Hz
[32116 ms] [UE 33952] UL: SNR = 57.50 dB | SE = 18.815 bit/s/Hz
[32116 ms] [UE 12169] UL: SNR = 63.50 dB | SE = 20.778 bit/s/Hz
[32116 ms] [UE 22873] UL: SNR = 63.50 dB | SE = 20.778 bit/s/Hz
[32116 ms] [UE 30556] UL: SNR = 63.50 dB | SE = 20.778 bit/s/Hz
[32116 ms] [UE 20945] UL: SNR = 63.50 dB | SE = 20.778 bit/s/Hz
[32132 ms] [UE 45898] UL: SNR = 63.50 dB | SE = 20.778 bit/s/Hz
[32132 ms] [UE 36997] UL: SNR = 63.50 dB | SE = 20.778 bit/s/Hz
[32132 ms] [UE 48787] UL: SNR = 63.50 dB | SE = 20.778 bit/s/Hz
[32132 ms] [UE 40252] UL: SNR = 56.00 dB | SE = 18.324 bit/s/Hz
[32132 ms] [UE 15599] UL: SNR = 52.50 dB | SE = 17.179 bit/s/Hz
[32225 ms] [UE 33952] UL: SNR = 57.50 dB | SE = 18.815 bit/s/Hz
[32225 ms] [UE 12169] UL: SNR = 63.50 dB | SE = 20.778 bit/s/Hz
[32225 ms] [UE 22873] UL: SNR = 63.50 dB | SE = 20.778 bit/s/Hz
[32225 ms] [UE 30556] UL: SNR = 63.50 dB | SE = 20.778 bit/s/Hz
[32225 ms] [UE 20945] UL: SNR = 63.50 dB | SE = 20.778 bit/s/Hz
[32232 ms] [UE 45898] UL: SNR = 63.50 dB | SE = 20.778 bit/s/Hz
[32232 ms] [UE 36997] UL: SNR = 63.50 dB | SE = 20.778 bit/s/Hz
[32232 ms] [UE 48787] UL: SNR = 63.50 dB | SE = 20.778 bit/s/Hz
[32232 ms] [UE 40252] UL: SNR = 56.00 dB | SE = 18.324 bit/s/Hz
[32232 ms] [UE 15599] UL: SNR = 52.50 dB | SE = 17.179 bit/s/Hz
[32325 ms] [UE 33952] UL: SNR = 57.50 dB | SE = 18.815 bit/s/Hz
[32325 ms] [UE 12169] UL: SNR = 63.50 dB | SE = 20.778 bit/s/Hz
[32325 ms] [UE 22873] UL: SNR = 63.50 dB | SE = 20.778 bit/s/Hz
[32325 ms] [UE 30556] UL: SNR = 63.50 dB | SE = 20.778 bit/s/Hz
[32325 ms] [UE 20945] UL: SNR = 63.50 dB | SE = 20.778 bit/s/Hz
[32333 ms] [UE 45898] UL: SNR = 63.50 dB | SE = 20.778 bit/s/Hz
[32333 ms] [UE 36997] UL: SNR = 63.50 dB | SE = 20.778 bit/s/Hz
[32333 ms] [UE 48787] UL: SNR = 63.50 dB | SE = 20.778 bit/s/Hz
[32333 ms] [UE 40252] UL: SNR = 56.00 dB | SE = 18.324 bit/s/Hz
[32333 ms] [UE 15599] UL: SNR = 52.50 dB | SE = 17.179 bit/s/Hz
[32427 ms] [UE 33952] UL: SNR = 57.50 dB | SE = 18.815 bit/s/Hz
[32427 ms] [UE 12169] UL: SNR = 63.50 dB | SE = 20.778 bit/s/Hz
[32427 ms] [UE 22873] UL: SNR = 63.50 dB | SE = 20.778 bit/s/Hz
[32427 ms] [UE 30556] UL: SNR = 63.50 dB | SE = 20.778 bit/s/Hz
[32427 ms] [UE 20945] UL: SNR = 63.50 dB | SE = 20.778 bit/s/Hz
[32443 ms] [UE 45898] UL: SNR = 63.50 dB | SE = 20.778 bit/s/Hz
[32443 ms] [UE 36997] UL: SNR = 63.50 dB | SE = 20.778 bit/s/Hz
[32443 ms] [UE 48787] UL: SNR = 63.50 dB | SE = 20.778 bit/s/Hz
[32443 ms] [UE 40252] UL: SNR = 56.00 dB | SE = 18.324 bit/s/Hz
[32443 ms] [UE 15599] UL: SNR = 52.50 dB | SE = 17.179 bit/s/Hz
[32535 ms] [UE 33952] UL: SNR = 57.50 dB | SE = 18.815 bit/s/Hz
[32535 ms] [UE 12169] UL: SNR = 63.50 dB | SE = 20.778 bit/s/Hz
[32535 ms] [UE 22873] UL: SNR = 63.50 dB | SE = 20.778 bit/s/Hz
[32535 ms] [UE 30556] UL: SNR = 63.50 dB | SE = 20.778 bit/s/Hz
[32535 ms] [UE 20945] UL: SNR = 63.50 dB | SE = 20.778 bit/s/Hz
[32543 ms] [UE 45898] UL: SNR = 63.50 dB | SE = 20.778 bit/s/Hz
[32543 ms] [UE 36997] UL: SNR = 63.50 dB | SE = 20.778 bit/s/Hz
[32543 ms] [UE 48787] UL: SNR = 63.50 dB | SE = 20.778 bit/s/Hz
[32543 ms] [UE 40252] UL: SNR = 56.00 dB | SE = 18.324 bit/s/Hz
[32543 ms] [UE 15599] UL: SNR = 52.50 dB | SE = 17.179 bit/s/Hz
[32645 ms] [UE 33952] UL: SNR = 57.50 dB | SE = 18.815 bit/s/Hz
[32645 ms] [UE 12169] UL: SNR = 63.50 dB | SE = 20.778 bit/s/Hz
[32645 ms] [UE 22873] UL: SNR = 63.50 dB | SE = 20.778 bit/s/Hz
[32645 ms] [UE 30556] UL: SNR = 63.50 dB | SE = 20.778 bit/s/Hz
[32645 ms] [UE 20945] UL: SNR = 63.50 dB | SE = 20.778 bit/s/Hz
[32653 ms] [UE 45898] UL: SNR = 63.50 dB | SE = 20.778 bit/s/Hz
[32653 ms] [UE 36997] UL: SNR = 63.50 dB | SE = 20.778 bit/s/Hz
[32653 ms] [UE 48787] UL: SNR = 63.50 dB | SE = 20.778 bit/s/Hz
[32653 ms] [UE 40252] UL: SNR = 56.00 dB | SE = 18.324 bit/s/Hz
[32653 ms] [UE 15599] UL: SNR = 52.50 dB | SE = 17.179 bit/s/Hz
[32745 ms] [UE 33952] UL: SNR = 57.50 dB | SE = 18.815 bit/s/Hz
[32745 ms] [UE 12169] UL: SNR = 63.50 dB | SE = 20.778 bit/s/Hz
[32745 ms] [UE 22873] UL: SNR = 63.50 dB | SE = 20.778 bit/s/Hz
[32745 ms] [UE 30556] UL: SNR = 63.50 dB | SE = 20.778 bit/s/Hz
[32745 ms] [UE 20945] UL: SNR = 63.50 dB | SE = 20.778 bit/s/Hz
[32763 ms] [UE 45898] UL: SNR = 63.50 dB | SE = 20.778 bit/s/Hz
[32763 ms] [UE 36997] UL: SNR = 63.50 dB | SE = 20.778 bit/s/Hz
[32763 ms] [UE 48787] UL: SNR = 63.50 dB | SE = 20.778 bit/s/Hz
[32763 ms] [UE 40252] UL: SNR = 56.00 dB | SE = 18.324 bit/s/Hz
[32763 ms] [UE 15599] UL: SNR = 52.50 dB | SE = 17.179 bit/s/Hz
[32845 ms] [UE 33952] UL: SNR = 57.50 dB | SE = 18.815 bit/s/Hz
[32845 ms] [UE 12169] UL: SNR = 63.50 dB | SE = 20.778 bit/s/Hz
[32845 ms] [UE 22873] UL: SNR = 63.50 dB | SE = 20.778 bit/s/Hz
[32845 ms] [UE 30556] UL: SNR = 63.50 dB | SE = 20.778 bit/s/Hz
[32845 ms] [UE 20945] UL: SNR = 63.50 dB | SE = 20.778 bit/s/Hz
[32863 ms] [UE 45898] UL: SNR = 63.50 dB | SE = 20.778 bit/s/Hz
[32863 ms] [UE 36997] UL: SNR = 63.50 dB | SE = 20.778 bit/s/Hz
[32863 ms] [UE 48787] UL: SNR = 63.50 dB | SE = 20.778 bit/s/Hz
[32863 ms] [UE 40252] UL: SNR = 56.00 dB | SE = 18.324 bit/s/Hz
[32863 ms] [UE 15599] UL: SNR = 52.50 dB | SE = 17.179 bit/s/Hz
[32955 ms] [UE 33952] UL: SNR = 57.50 dB | SE = 18.815 bit/s/Hz
[32955 ms] [UE 12169] UL: SNR = 63.50 dB | SE = 20.778 bit/s/Hz
[32955 ms] [UE 22873] UL: SNR = 63.50 dB | SE = 20.778 bit/s/Hz
[32955 ms] [UE 30556] UL: SNR = 63.50 dB | SE = 20.778 bit/s/Hz
[32955 ms] [UE 20945] UL: SNR = 63.50 dB | SE = 20.778 bit/s/Hz
[32973 ms] [UE 45898] UL: SNR = 63.50 dB | SE = 20.778 bit/s/Hz
[32973 ms] [UE 36997] UL: SNR = 63.50 dB | SE = 20.778 bit/s/Hz
[32973 ms] [UE 48787] UL: SNR = 63.50 dB | SE = 20.778 bit/s/Hz
[32973 ms] [UE 40252] UL: SNR = 56.00 dB | SE = 18.324 bit/s/Hz
[32973 ms] [UE 15599] UL: SNR = 52.50 dB | SE = 17.179 bit/s/Hz
[33065 ms] [UE 33952] UL: SNR = 57.50 dB | SE = 18.815 bit/s/Hz
[33065 ms] [UE 12169] UL: SNR = 63.50 dB | SE = 20.778 bit/s/Hz
[33065 ms] [UE 22873] UL: SNR = 63.50 dB | SE = 20.778 bit/s/Hz
[33065 ms] [UE 30556] UL: SNR = 63.50 dB | SE = 20.778 bit/s/Hz
[33065 ms] [UE 20945] UL: SNR = 63.50 dB | SE = 20.778 bit/s/Hz
[33083 ms] [UE 45898] UL: SNR = 63.50 dB | SE = 20.778 bit/s/Hz
[33083 ms] [UE 36997] UL: SNR = 63.50 dB | SE = 20.778 bit/s/Hz
[33083 ms] [UE 48787] UL: SNR = 63.50 dB | SE = 20.778 bit/s/Hz
[33083 ms] [UE 40252] UL: SNR = 56.00 dB | SE = 18.324 bit/s/Hz
[33083 ms] [UE 15599] UL: SNR = 52.50 dB | SE = 17.179 bit/s/Hz
[33165 ms] [UE 33952] UL: SNR = 57.50 dB | SE = 18.815 bit/s/Hz
[33165 ms] [UE 12169] UL: SNR = 63.50 dB | SE = 20.778 bit/s/Hz
[33165 ms] [UE 22873] UL: SNR = 63.50 dB | SE = 20.778 bit/s/Hz
[33165 ms] [UE 30556] UL: SNR = 63.50 dB | SE = 20.778 bit/s/Hz
[33165 ms] [UE 20945] UL: SNR = 63.50 dB | SE = 20.778 bit/s/Hz
[33183 ms] [UE 45898] UL: SNR = 63.50 dB | SE = 20.778 bit/s/Hz
[33183 ms] [UE 36997] UL: SNR = 63.50 dB | SE = 20.778 bit/s/Hz
[33183 ms] [UE 48787] UL: SNR = 63.50 dB | SE = 20.778 bit/s/Hz
[33183 ms] [UE 40252] UL: SNR = 56.00 dB | SE = 18.324 bit/s/Hz
[33183 ms] [UE 15599] UL: SNR = 52.50 dB | SE = 17.179 bit/s/Hz
[33266 ms] [UE 33952] UL: SNR = 57.50 dB | SE = 18.815 bit/s/Hz
[33266 ms] [UE 12169] UL: SNR = 63.50 dB | SE = 20.778 bit/s/Hz
[33266 ms] [UE 22873] UL: SNR = 63.50 dB | SE = 20.778 bit/s/Hz
[33266 ms] [UE 30556] UL: SNR = 63.50 dB | SE = 20.778 bit/s/Hz
[33266 ms] [UE 20945] UL: SNR = 63.50 dB | SE = 20.778 bit/s/Hz
[33293 ms] [UE 45898] UL: SNR = 63.50 dB | SE = 20.778 bit/s/Hz
[33293 ms] [UE 36997] UL: SNR = 63.50 dB | SE = 20.778 bit/s/Hz
[33293 ms] [UE 48787] UL: SNR = 63.50 dB | SE = 20.778 bit/s/Hz
[33293 ms] [UE 40252] UL: SNR = 56.00 dB | SE = 18.324 bit/s/Hz
[33293 ms] [UE 15599] UL: SNR = 52.50 dB | SE = 17.179 bit/s/Hz
[33366 ms] [UE 33952] UL: SNR = 57.50 dB | SE = 18.815 bit/s/Hz
[33366 ms] [UE 12169] UL: SNR = 63.50 dB | SE = 20.778 bit/s/Hz
[33366 ms] [UE 22873] UL: SNR = 63.50 dB | SE = 20.778 bit/s/Hz
[33366 ms] [UE 30556] UL: SNR = 63.50 dB | SE = 20.778 bit/s/Hz
[33366 ms] [UE 20945] UL: SNR = 63.50 dB | SE = 20.778 bit/s/Hz
[33403 ms] [UE 45898] UL: SNR = 63.50 dB | SE = 20.778 bit/s/Hz
[33403 ms] [UE 36997] UL: SNR = 63.50 dB | SE = 20.778 bit/s/Hz
[33403 ms] [UE 48787] UL: SNR = 63.50 dB | SE = 20.778 bit/s/Hz
[33403 ms] [UE 40252] UL: SNR = 56.00 dB | SE = 18.324 bit/s/Hz
[33403 ms] [UE 15599] UL: SNR = 52.50 dB | SE = 17.179 bit/s/Hz
[33475 ms] [UE 33952] UL: SNR = 57.50 dB | SE = 18.815 bit/s/Hz
[33475 ms] [UE 12169] UL: SNR = 63.50 dB | SE = 20.778 bit/s/Hz
[33475 ms] [UE 22873] UL: SNR = 63.50 dB | SE = 20.778 bit/s/Hz
[33475 ms] [UE 30556] UL: SNR = 63.50 dB | SE = 20.778 bit/s/Hz
[33475 ms] [UE 20945] UL: SNR = 63.50 dB | SE = 20.778 bit/s/Hz
[33513 ms] [UE 45898] UL: SNR = 63.50 dB | SE = 20.778 bit/s/Hz
[33513 ms] [UE 36997] UL: SNR = 63.50 dB | SE = 20.778 bit/s/Hz
[33513 ms] [UE 48787] UL: SNR = 63.50 dB | SE = 20.778 bit/s/Hz
[33513 ms] [UE 40252] UL: SNR = 56.00 dB | SE = 18.324 bit/s/Hz
[33513 ms] [UE 15599] UL: SNR = 52.50 dB | SE = 17.179 bit/s/Hz
[33576 ms] [UE 33952] UL: SNR = 57.50 dB | SE = 18.815 bit/s/Hz
[33576 ms] [UE 12169] UL: SNR = 63.50 dB | SE = 20.778 bit/s/Hz
[33576 ms] [UE 22873] UL: SNR = 63.50 dB | SE = 20.778 bit/s/Hz
[33576 ms] [UE 30556] UL: SNR = 63.50 dB | SE = 20.778 bit/s/Hz
[33576 ms] [UE 20945] UL: SNR = 63.50 dB | SE = 20.778 bit/s/Hz
[33623 ms] [UE 45898] UL: SNR = 63.50 dB | SE = 20.778 bit/s/Hz
[33623 ms] [UE 36997] UL: SNR = 63.50 dB | SE = 20.778 bit/s/Hz
[33623 ms] [UE 48787] UL: SNR = 63.50 dB | SE = 20.778 bit/s/Hz
[33623 ms] [UE 40252] UL: SNR = 56.00 dB | SE = 18.324 bit/s/Hz
[33623 ms] [UE 15599] UL: SNR = 52.50 dB | SE = 17.179 bit/s/Hz
[33677 ms] [UE 33952] UL: SNR = 57.50 dB | SE = 18.815 bit/s/Hz
[33677 ms] [UE 12169] UL: SNR = 63.50 dB | SE = 20.778 bit/s/Hz
[33677 ms] [UE 22873] UL: SNR = 63.50 dB | SE = 20.778 bit/s/Hz
[33677 ms] [UE 30556] UL: SNR = 7.50 dB | SE = 2.687 bit/s/Hz
[33677 ms] [UE 20945] UL: SNR = 63.50 dB | SE = 20.778 bit/s/Hz
[33723 ms] [UE 45898] UL: SNR = 63.50 dB | SE = 20.778 bit/s/Hz
[33723 ms] [UE 36997] UL: SNR = 63.50 dB | SE = 20.778 bit/s/Hz
[33723 ms] [UE 48787] UL: SNR = 63.50 dB | SE = 20.778 bit/s/Hz
[33723 ms] [UE 40252] UL: SNR = 56.00 dB | SE = 18.324 bit/s/Hz
[33723 ms] [UE 15599] UL: SNR = 52.50 dB | SE = 17.179 bit/s/Hz
[33785 ms] [UE 33952] UL: SNR = 57.50 dB | SE = 18.815 bit/s/Hz
[33785 ms] [UE 12169] UL: SNR = 63.50 dB | SE = 20.778 bit/s/Hz
[33785 ms] [UE 22873] UL: SNR = 63.50 dB | SE = 20.778 bit/s/Hz
[33785 ms] [UE 30556] UL: SNR = 7.50 dB | SE = 2.687 bit/s/Hz
[33785 ms] [UE 20945] UL: SNR = 63.50 dB | SE = 20.778 bit/s/Hz
[33833 ms] [UE 45898] UL: SNR = 63.50 dB | SE = 20.778 bit/s/Hz
[33833 ms] [UE 36997] UL: SNR = 63.50 dB | SE = 20.778 bit/s/Hz
[33833 ms] [UE 48787] UL: SNR = 63.50 dB | SE = 20.778 bit/s/Hz
[33833 ms] [UE 40252] UL: SNR = 56.00 dB | SE = 18.324 bit/s/Hz
[33833 ms] [UE 15599] UL: SNR = 52.50 dB | SE = 17.179 bit/s/Hz
[33885 ms] [UE 33952] UL: SNR = 57.50 dB | SE = 18.815 bit/s/Hz
[33885 ms] [UE 12169] UL: SNR = 63.50 dB | SE = 20.778 bit/s/Hz
[33885 ms] [UE 22873] UL: SNR = 63.50 dB | SE = 20.778 bit/s/Hz
[33885 ms] [UE 30556] UL: SNR = 7.50 dB | SE = 2.687 bit/s/Hz
[33885 ms] [UE 20945] UL: SNR = 63.50 dB | SE = 20.778 bit/s/Hz
[33943 ms] [UE 45898] UL: SNR = 63.50 dB | SE = 20.778 bit/s/Hz
[33943 ms] [UE 36997] UL: SNR = 63.50 dB | SE = 20.778 bit/s/Hz
[33943 ms] [UE 48787] UL: SNR = 63.50 dB | SE = 20.778 bit/s/Hz
[33943 ms] [UE 40252] UL: SNR = 56.00 dB | SE = 18.324 bit/s/Hz
[33943 ms] [UE 15599] UL: SNR = 52.50 dB | SE = 17.179 bit/s/Hz
[33995 ms] [UE 33952] UL: SNR = 57.50 dB | SE = 18.815 bit/s/Hz
[33995 ms] [UE 12169] UL: SNR = 63.50 dB | SE = 20.778 bit/s/Hz
[33995 ms] [UE 22873] UL: SNR = 5.50 dB | SE = 2.152 bit/s/Hz
[33995 ms] [UE 30556] UL: SNR = 7.50 dB | SE = 2.687 bit/s/Hz
[33995 ms] [UE 20945] UL: SNR = 63.50 dB | SE = 20.778 bit/s/Hz
[34053 ms] [UE 45898] UL: SNR = 63.50 dB | SE = 20.778 bit/s/Hz
[34053 ms] [UE 36997] UL: SNR = 63.50 dB | SE = 20.778 bit/s/Hz
[34053 ms] [UE 48787] UL: SNR = 63.50 dB | SE = 20.778 bit/s/Hz
[34053 ms] [UE 40252] UL: SNR = 56.00 dB | SE = 18.324 bit/s/Hz
[34053 ms] [UE 15599] UL: SNR = 52.50 dB | SE = 17.179 bit/s/Hz
[34096 ms] [UE 33952] UL: SNR = 57.50 dB | SE = 18.815 bit/s/Hz
[34096 ms] [UE 12169] UL: SNR = 63.50 dB | SE = 20.778 bit/s/Hz
[34096 ms] [UE 22873] UL: SNR = 5.50 dB | SE = 2.152 bit/s/Hz
[34096 ms] [UE 30556] UL: SNR = 7.50 dB | SE = 2.687 bit/s/Hz
[34096 ms] [UE 20945] UL: SNR = 63.50 dB | SE = 20.778 bit/s/Hz
[34163 ms] [UE 45898] UL: SNR = 63.50 dB | SE = 20.778 bit/s/Hz
[34163 ms] [UE 36997] UL: SNR = 63.50 dB | SE = 20.778 bit/s/Hz
[34163 ms] [UE 48787] UL: SNR = 63.50 dB | SE = 20.778 bit/s/Hz
[34163 ms] [UE 40252] UL: SNR = 56.00 dB | SE = 18.324 bit/s/Hz
[34163 ms] [UE 15599] UL: SNR = 52.50 dB | SE = 17.179 bit/s/Hz
[34206 ms] [UE 33952] UL: SNR = 57.50 dB | SE = 18.815 bit/s/Hz
[34206 ms] [UE 12169] UL: SNR = 63.50 dB | SE = 20.778 bit/s/Hz
[34206 ms] [UE 22873] UL: SNR = 5.50 dB | SE = 2.152 bit/s/Hz
[34206 ms] [UE 30556] UL: SNR = 7.50 dB | SE = 2.687 bit/s/Hz
[34206 ms] [UE 20945] UL: SNR = 63.50 dB | SE = 20.778 bit/s/Hz
[34273 ms] [UE 45898] UL: SNR = 63.50 dB | SE = 20.778 bit/s/Hz
[34273 ms] [UE 36997] UL: SNR = 63.50 dB | SE = 20.778 bit/s/Hz
[34273 ms] [UE 48787] UL: SNR = 63.50 dB | SE = 20.778 bit/s/Hz
[34273 ms] [UE 40252] UL: SNR = 56.00 dB | SE = 18.324 bit/s/Hz
[34273 ms] [UE 15599] UL: SNR = 52.50 dB | SE = 17.179 bit/s/Hz
[34307 ms] [UE 33952] UL: SNR = 57.50 dB | SE = 18.815 bit/s/Hz
[34307 ms] [UE 12169] UL: SNR = 63.50 dB | SE = 20.778 bit/s/Hz
[34307 ms] [UE 22873] UL: SNR = 5.50 dB | SE = 2.152 bit/s/Hz
[34307 ms] [UE 30556] UL: SNR = 7.50 dB | SE = 2.687 bit/s/Hz
[34307 ms] [UE 20945] UL: SNR = 63.50 dB | SE = 20.778 bit/s/Hz
[34373 ms] [UE 45898] UL: SNR = 63.50 dB | SE = 20.778 bit/s/Hz
[34373 ms] [UE 36997] UL: SNR = 63.50 dB | SE = 20.778 bit/s/Hz
[34373 ms] [UE 48787] UL: SNR = 63.50 dB | SE = 20.778 bit/s/Hz
[34373 ms] [UE 40252] UL: SNR = 56.00 dB | SE = 18.324 bit/s/Hz
[34373 ms] [UE 15599] UL: SNR = 52.50 dB | SE = 17.179 bit/s/Hz
[34416 ms] [UE 33952] UL: SNR = 57.50 dB | SE = 18.815 bit/s/Hz
[34416 ms] [UE 12169] UL: SNR = 63.50 dB | SE = 20.778 bit/s/Hz
[34416 ms] [UE 22873] UL: SNR = 5.50 dB | SE = 2.152 bit/s/Hz
[34416 ms] [UE 30556] UL: SNR = 7.50 dB | SE = 2.687 bit/s/Hz
[34416 ms] [UE 20945] UL: SNR = 63.50 dB | SE = 20.778 bit/s/Hz
[34473 ms] [UE 45898] UL: SNR = 63.50 dB | SE = 20.778 bit/s/Hz
[34473 ms] [UE 36997] UL: SNR = 63.50 dB | SE = 20.778 bit/s/Hz
[34473 ms] [UE 48787] UL: SNR = 63.50 dB | SE = 20.778 bit/s/Hz
[34473 ms] [UE 40252] UL: SNR = 56.00 dB | SE = 18.324 bit/s/Hz
[34473 ms] [UE 15599] UL: SNR = 52.50 dB | SE = 17.179 bit/s/Hz
[34526 ms] [UE 33952] UL: SNR = 57.50 dB | SE = 18.815 bit/s/Hz
[34526 ms] [UE 12169] UL: SNR = 63.50 dB | SE = 20.778 bit/s/Hz
[34526 ms] [UE 22873] UL: SNR = 5.50 dB | SE = 2.152 bit/s/Hz
[34526 ms] [UE 30556] UL: SNR = 53.50 dB | SE = 17.506 bit/s/Hz
[34526 ms] [UE 20945] UL: SNR = 63.50 dB | SE = 20.778 bit/s/Hz
[34583 ms] [UE 45898] UL: SNR = 63.50 dB | SE = 20.778 bit/s/Hz
[34583 ms] [UE 36997] UL: SNR = 63.50 dB | SE = 20.778 bit/s/Hz
[34583 ms] [UE 48787] UL: SNR = 63.50 dB | SE = 20.778 bit/s/Hz
[34583 ms] [UE 40252] UL: SNR = 56.00 dB | SE = 18.324 bit/s/Hz
[34583 ms] [UE 15599] UL: SNR = 52.50 dB | SE = 17.179 bit/s/Hz
[34636 ms] [UE 33952] UL: SNR = 57.50 dB | SE = 18.815 bit/s/Hz
[34636 ms] [UE 12169] UL: SNR = 63.50 dB | SE = 20.778 bit/s/Hz
[34636 ms] [UE 22873] UL: SNR = 5.50 dB | SE = 2.152 bit/s/Hz
[34636 ms] [UE 30556] UL: SNR = 53.50 dB | SE = 17.506 bit/s/Hz
[34636 ms] [UE 20945] UL: SNR = 63.50 dB | SE = 20.778 bit/s/Hz
[34683 ms] [UE 45898] UL: SNR = 63.50 dB | SE = 20.778 bit/s/Hz
[34683 ms] [UE 36997] UL: SNR = 63.50 dB | SE = 20.778 bit/s/Hz
[34683 ms] [UE 48787] UL: SNR = 63.50 dB | SE = 20.778 bit/s/Hz
[34683 ms] [UE 40252] UL: SNR = 56.00 dB | SE = 18.324 bit/s/Hz
[34683 ms] [UE 15599] UL: SNR = 52.50 dB | SE = 17.179 bit/s/Hz
[34745 ms] [UE 33952] UL: SNR = 57.50 dB | SE = 18.815 bit/s/Hz
[34745 ms] [UE 12169] UL: SNR = 63.50 dB | SE = 20.778 bit/s/Hz
[34745 ms] [UE 22873] UL: SNR = 5.50 dB | SE = 2.152 bit/s/Hz
[34745 ms] [UE 30556] UL: SNR = 54.00 dB | SE = 17.669 bit/s/Hz
[34745 ms] [UE 20945] UL: SNR = 63.50 dB | SE = 20.778 bit/s/Hz
[34793 ms] [UE 45898] UL: SNR = 63.50 dB | SE = 20.778 bit/s/Hz
[34793 ms] [UE 36997] UL: SNR = 63.50 dB | SE = 20.778 bit/s/Hz
[34793 ms] [UE 48787] UL: SNR = 63.50 dB | SE = 20.778 bit/s/Hz
[34793 ms] [UE 40252] UL: SNR = 56.00 dB | SE = 18.324 bit/s/Hz
[34793 ms] [UE 15599] UL: SNR = 52.50 dB | SE = 17.179 bit/s/Hz
[34845 ms] [UE 33952] UL: SNR = 57.50 dB | SE = 18.815 bit/s/Hz
[34845 ms] [UE 12169] UL: SNR = 63.50 dB | SE = 20.778 bit/s/Hz
[34845 ms] [UE 22873] UL: SNR = 5.50 dB | SE = 2.152 bit/s/Hz
[34845 ms] [UE 30556] UL: SNR = 54.00 dB | SE = 17.669 bit/s/Hz
[34845 ms] [UE 20945] UL: SNR = 63.50 dB | SE = 20.778 bit/s/Hz
[34893 ms] [UE 45898] UL: SNR = 63.50 dB | SE = 20.778 bit/s/Hz
[34893 ms] [UE 36997] UL: SNR = 63.50 dB | SE = 20.778 bit/s/Hz
[34893 ms] [UE 48787] UL: SNR = 63.50 dB | SE = 20.778 bit/s/Hz
[34893 ms] [UE 40252] UL: SNR = 56.00 dB | SE = 18.324 bit/s/Hz
[34893 ms] [UE 15599] UL: SNR = 52.50 dB | SE = 17.179 bit/s/Hz
[34945 ms] [UE 33952] UL: SNR = 57.50 dB | SE = 18.815 bit/s/Hz
[34945 ms] [UE 12169] UL: SNR = 63.50 dB | SE = 20.778 bit/s/Hz
[34945 ms] [UE 22873] UL: SNR = 5.50 dB | SE = 2.152 bit/s/Hz
[34945 ms] [UE 30556] UL: SNR = 63.50 dB | SE = 20.778 bit/s/Hz
[34945 ms] [UE 20945] UL: SNR = 63.50 dB | SE = 20.778 bit/s/Hz
[35003 ms] [UE 45898] UL: SNR = 63.50 dB | SE = 20.778 bit/s/Hz
[35003 ms] [UE 36997] UL: SNR = 63.50 dB | SE = 20.778 bit/s/Hz
[35003 ms] [UE 48787] UL: SNR = 63.50 dB | SE = 20.778 bit/s/Hz
[35003 ms] [UE 40252] UL: SNR = 56.00 dB | SE = 18.324 bit/s/Hz
[35003 ms] [UE 15599] UL: SNR = 52.50 dB | SE = 17.179 bit/s/Hz
[35055 ms] [UE 33952] UL: SNR = 57.50 dB | SE = 18.815 bit/s/Hz
[35055 ms] [UE 12169] UL: SNR = 63.50 dB | SE = 20.778 bit/s/Hz
[35055 ms] [UE 22873] UL: SNR = 5.50 dB | SE = 2.152 bit/s/Hz
[35055 ms] [UE 30556] UL: SNR = 63.50 dB | SE = 20.778 bit/s/Hz
[35055 ms] [UE 20945] UL: SNR = 63.50 dB | SE = 20.778 bit/s/Hz
[35113 ms] [UE 45898] UL: SNR = 63.50 dB | SE = 20.778 bit/s/Hz
[35113 ms] [UE 36997] UL: SNR = 63.50 dB | SE = 20.778 bit/s/Hz
[35113 ms] [UE 48787] UL: SNR = 63.50 dB | SE = 20.778 bit/s/Hz
[35113 ms] [UE 40252] UL: SNR = 56.00 dB | SE = 18.324 bit/s/Hz
[35113 ms] [UE 15599] UL: SNR = 52.50 dB | SE = 17.179 bit/s/Hz
[35155 ms] [UE 33952] UL: SNR = 57.50 dB | SE = 18.815 bit/s/Hz
[35155 ms] [UE 12169] UL: SNR = 63.50 dB | SE = 20.778 bit/s/Hz
[35155 ms] [UE 22873] UL: SNR = 5.50 dB | SE = 2.152 bit/s/Hz
[35155 ms] [UE 30556] UL: SNR = 63.50 dB | SE = 20.778 bit/s/Hz
[35155 ms] [UE 20945] UL: SNR = 63.50 dB | SE = 20.778 bit/s/Hz
[35213 ms] [UE 45898] UL: SNR = 63.50 dB | SE = 20.778 bit/s/Hz
[35213 ms] [UE 36997] UL: SNR = 63.50 dB | SE = 20.778 bit/s/Hz
[35213 ms] [UE 48787] UL: SNR = 63.50 dB | SE = 20.778 bit/s/Hz
[35213 ms] [UE 40252] UL: SNR = 56.00 dB | SE = 18.324 bit/s/Hz
[35213 ms] [UE 15599] UL: SNR = 52.50 dB | SE = 17.179 bit/s/Hz
[35255 ms] [UE 33952] UL: SNR = 57.50 dB | SE = 18.815 bit/s/Hz
[35255 ms] [UE 12169] UL: SNR = 63.50 dB | SE = 20.778 bit/s/Hz
[35255 ms] [UE 22873] UL: SNR = 5.50 dB | SE = 2.152 bit/s/Hz
[35255 ms] [UE 30556] UL: SNR = 54.00 dB | SE = 17.669 bit/s/Hz
[35255 ms] [UE 20945] UL: SNR = 63.50 dB | SE = 20.778 bit/s/Hz
[35323 ms] [UE 45898] UL: SNR = 63.50 dB | SE = 20.778 bit/s/Hz
[35323 ms] [UE 36997] UL: SNR = 63.50 dB | SE = 20.778 bit/s/Hz
[35323 ms] [UE 48787] UL: SNR = 63.50 dB | SE = 20.778 bit/s/Hz
[35323 ms] [UE 40252] UL: SNR = 56.00 dB | SE = 18.324 bit/s/Hz
[35323 ms] [UE 15599] UL: SNR = 52.50 dB | SE = 17.179 bit/s/Hz
[35366 ms] [UE 33952] UL: SNR = 57.50 dB | SE = 18.815 bit/s/Hz
[35366 ms] [UE 12169] UL: SNR = 63.50 dB | SE = 20.778 bit/s/Hz
[35366 ms] [UE 22873] UL: SNR = 5.50 dB | SE = 2.152 bit/s/Hz
[35366 ms] [UE 30556] UL: SNR = 54.00 dB | SE = 17.669 bit/s/Hz
[35366 ms] [UE 20945] UL: SNR = 63.50 dB | SE = 20.778 bit/s/Hz
[35433 ms] [UE 45898] UL: SNR = 63.50 dB | SE = 20.778 bit/s/Hz
[35433 ms] [UE 36997] UL: SNR = 63.50 dB | SE = 20.778 bit/s/Hz
[35433 ms] [UE 48787] UL: SNR = 63.50 dB | SE = 20.778 bit/s/Hz
[35433 ms] [UE 40252] UL: SNR = 56.00 dB | SE = 18.324 bit/s/Hz
[35433 ms] [UE 15599] UL: SNR = 52.50 dB | SE = 17.179 bit/s/Hz
[35475 ms] [UE 33952] UL: SNR = 57.50 dB | SE = 18.815 bit/s/Hz
[35475 ms] [UE 12169] UL: SNR = 63.50 dB | SE = 20.778 bit/s/Hz
[35475 ms] [UE 22873] UL: SNR = 5.50 dB | SE = 2.152 bit/s/Hz
[35475 ms] [UE 30556] UL: SNR = 63.50 dB | SE = 20.778 bit/s/Hz
[35475 ms] [UE 20945] UL: SNR = 63.50 dB | SE = 20.778 bit/s/Hz
[35543 ms] [UE 45898] UL: SNR = 63.50 dB | SE = 20.778 bit/s/Hz
[35543 ms] [UE 36997] UL: SNR = 63.50 dB | SE = 20.778 bit/s/Hz
[35543 ms] [UE 48787] UL: SNR = 63.50 dB | SE = 20.778 bit/s/Hz
[35543 ms] [UE 40252] UL: SNR = 56.00 dB | SE = 18.324 bit/s/Hz
[35543 ms] [UE 15599] UL: SNR = 52.50 dB | SE = 17.179 bit/s/Hz
[35576 ms] [UE 33952] UL: SNR = 63.50 dB | SE = 20.778 bit/s/Hz
[35576 ms] [UE 12169] UL: SNR = 63.50 dB | SE = 20.778 bit/s/Hz
[35576 ms] [UE 22873] UL: SNR = 5.50 dB | SE = 2.152 bit/s/Hz
[35576 ms] [UE 30556] UL: SNR = 63.50 dB | SE = 20.778 bit/s/Hz
[35576 ms] [UE 20945] UL: SNR = 63.50 dB | SE = 20.778 bit/s/Hz
[35653 ms] [UE 45898] UL: SNR = 63.50 dB | SE = 20.778 bit/s/Hz
[35653 ms] [UE 36997] UL: SNR = 63.50 dB | SE = 20.778 bit/s/Hz
[35653 ms] [UE 48787] UL: SNR = 63.50 dB | SE = 20.778 bit/s/Hz
[35653 ms] [UE 40252] UL: SNR = 56.00 dB | SE = 18.324 bit/s/Hz
[35653 ms] [UE 15599] UL: SNR = 52.50 dB | SE = 17.179 bit/s/Hz
[35685 ms] [UE 33952] UL: SNR = 63.50 dB | SE = 20.778 bit/s/Hz
[35685 ms] [UE 12169] UL: SNR = 63.50 dB | SE = 20.778 bit/s/Hz
[35685 ms] [UE 22873] UL: SNR = 5.50 dB | SE = 2.152 bit/s/Hz
[35685 ms] [UE 30556] UL: SNR = 63.50 dB | SE = 20.778 bit/s/Hz
[35685 ms] [UE 20945] UL: SNR = 63.50 dB | SE = 20.778 bit/s/Hz
[35762 ms] [UE 45898] UL: SNR = 63.50 dB | SE = 20.778 bit/s/Hz
[35762 ms] [UE 36997] UL: SNR = 63.50 dB | SE = 20.778 bit/s/Hz
[35762 ms] [UE 48787] UL: SNR = 63.50 dB | SE = 20.778 bit/s/Hz
[35762 ms] [UE 40252] UL: SNR = 56.00 dB | SE = 18.324 bit/s/Hz
[35762 ms] [UE 15599] UL: SNR = 52.50 dB | SE = 17.179 bit/s/Hz
[35785 ms] [UE 33952] UL: SNR = 63.50 dB | SE = 20.778 bit/s/Hz
[35785 ms] [UE 12169] UL: SNR = 63.50 dB | SE = 20.778 bit/s/Hz
[35785 ms] [UE 22873] UL: SNR = 5.50 dB | SE = 2.152 bit/s/Hz
[35785 ms] [UE 30556] UL: SNR = 63.50 dB | SE = 20.778 bit/s/Hz
[35785 ms] [UE 20945] UL: SNR = 63.50 dB | SE = 20.778 bit/s/Hz
[35863 ms] [UE 45898] UL: SNR = 63.50 dB | SE = 20.778 bit/s/Hz
[35863 ms] [UE 36997] UL: SNR = 63.50 dB | SE = 20.778 bit/s/Hz
[35863 ms] [UE 48787] UL: SNR = 63.50 dB | SE = 20.778 bit/s/Hz
[35863 ms] [UE 40252] UL: SNR = 56.00 dB | SE = 18.324 bit/s/Hz
[35863 ms] [UE 15599] UL: SNR = 52.50 dB | SE = 17.179 bit/s/Hz
[35896 ms] [UE 33952] UL: SNR = 63.50 dB | SE = 20.778 bit/s/Hz
[35896 ms] [UE 12169] UL: SNR = 63.50 dB | SE = 20.778 bit/s/Hz
[35896 ms] [UE 22873] UL: SNR = 5.50 dB | SE = 2.152 bit/s/Hz
[35896 ms] [UE 30556] UL: SNR = 63.50 dB | SE = 20.778 bit/s/Hz
[35896 ms] [UE 20945] UL: SNR = 63.50 dB | SE = 20.778 bit/s/Hz
[35963 ms] [UE 45898] UL: SNR = 63.50 dB | SE = 20.778 bit/s/Hz
[35963 ms] [UE 36997] UL: SNR = 63.50 dB | SE = 20.778 bit/s/Hz
[35963 ms] [UE 48787] UL: SNR = 63.50 dB | SE = 20.778 bit/s/Hz
[35963 ms] [UE 40252] UL: SNR = 56.00 dB | SE = 18.324 bit/s/Hz
[35963 ms] [UE 15599] UL: SNR = 52.50 dB | SE = 17.179 bit/s/Hz
[36008 ms] [UE 33952] UL: SNR = 63.50 dB | SE = 20.778 bit/s/Hz
[36008 ms] [UE 12169] UL: SNR = 63.50 dB | SE = 20.778 bit/s/Hz
[36008 ms] [UE 22873] UL: SNR = 5.50 dB | SE = 2.152 bit/s/Hz
[36008 ms] [UE 30556] UL: SNR = 63.50 dB | SE = 20.778 bit/s/Hz
[36008 ms] [UE 20945] UL: SNR = 63.50 dB | SE = 20.778 bit/s/Hz
[36063 ms] [UE 45898] UL: SNR = 63.50 dB | SE = 20.778 bit/s/Hz
[36063 ms] [UE 36997] UL: SNR = 63.50 dB | SE = 20.778 bit/s/Hz
[36063 ms] [UE 48787] UL: SNR = 63.50 dB | SE = 20.778 bit/s/Hz
[36063 ms] [UE 40252] UL: SNR = 56.00 dB | SE = 18.324 bit/s/Hz
[36063 ms] [UE 15599] UL: SNR = 52.50 dB | SE = 17.179 bit/s/Hz
[36115 ms] [UE 33952] UL: SNR = 63.50 dB | SE = 20.778 bit/s/Hz
[36115 ms] [UE 12169] UL: SNR = 63.50 dB | SE = 20.778 bit/s/Hz
[36115 ms] [UE 22873] UL: SNR = 5.50 dB | SE = 2.152 bit/s/Hz
[36115 ms] [UE 30556] UL: SNR = 63.50 dB | SE = 20.778 bit/s/Hz
[36115 ms] [UE 20945] UL: SNR = 63.50 dB | SE = 20.778 bit/s/Hz
[36173 ms] [UE 45898] UL: SNR = 63.50 dB | SE = 20.778 bit/s/Hz
[36173 ms] [UE 36997] UL: SNR = 63.50 dB | SE = 20.778 bit/s/Hz
[36173 ms] [UE 48787] UL: SNR = 63.50 dB | SE = 20.778 bit/s/Hz
[36173 ms] [UE 40252] UL: SNR = 56.00 dB | SE = 18.324 bit/s/Hz
[36173 ms] [UE 15599] UL: SNR = 52.50 dB | SE = 17.179 bit/s/Hz
[36226 ms] [UE 33952] UL: SNR = 63.50 dB | SE = 20.778 bit/s/Hz
[36226 ms] [UE 12169] UL: SNR = 63.50 dB | SE = 20.778 bit/s/Hz
[36226 ms] [UE 22873] UL: SNR = 5.50 dB | SE = 2.152 bit/s/Hz
[36226 ms] [UE 30556] UL: SNR = 63.50 dB | SE = 20.778 bit/s/Hz
[36226 ms] [UE 20945] UL: SNR = 63.50 dB | SE = 20.778 bit/s/Hz
[36273 ms] [UE 45898] UL: SNR = 63.50 dB | SE = 20.778 bit/s/Hz
[36273 ms] [UE 36997] UL: SNR = 63.50 dB | SE = 20.778 bit/s/Hz
[36273 ms] [UE 48787] UL: SNR = 63.50 dB | SE = 20.778 bit/s/Hz
[36273 ms] [UE 40252] UL: SNR = 56.00 dB | SE = 18.324 bit/s/Hz
[36273 ms] [UE 15599] UL: SNR = 52.50 dB | SE = 17.179 bit/s/Hz
[36335 ms] [UE 33952] UL: SNR = 63.50 dB | SE = 20.778 bit/s/Hz
[36335 ms] [UE 12169] UL: SNR = 63.50 dB | SE = 20.778 bit/s/Hz
[36335 ms] [UE 22873] UL: SNR = 5.50 dB | SE = 2.152 bit/s/Hz
[36335 ms] [UE 30556] UL: SNR = 63.50 dB | SE = 20.778 bit/s/Hz
[36335 ms] [UE 20945] UL: SNR = 63.50 dB | SE = 20.778 bit/s/Hz
[36382 ms] [UE 45898] UL: SNR = 63.50 dB | SE = 20.778 bit/s/Hz
[36382 ms] [UE 36997] UL: SNR = 63.50 dB | SE = 20.778 bit/s/Hz
[36382 ms] [UE 48787] UL: SNR = 63.50 dB | SE = 20.778 bit/s/Hz
[36382 ms] [UE 40252] UL: SNR = 56.00 dB | SE = 18.324 bit/s/Hz
[36382 ms] [UE 15599] UL: SNR = 52.50 dB | SE = 17.179 bit/s/Hz
[36436 ms] [UE 33952] UL: SNR = 63.50 dB | SE = 20.778 bit/s/Hz
[36436 ms] [UE 12169] UL: SNR = 63.50 dB | SE = 20.778 bit/s/Hz
[36436 ms] [UE 22873] UL: SNR = 5.50 dB | SE = 2.152 bit/s/Hz
[36436 ms] [UE 30556] UL: SNR = 63.50 dB | SE = 20.778 bit/s/Hz
[36436 ms] [UE 20945] UL: SNR = 63.50 dB | SE = 20.778 bit/s/Hz
[36483 ms] [UE 45898] UL: SNR = 63.50 dB | SE = 20.778 bit/s/Hz
[36483 ms] [UE 36997] UL: SNR = 63.50 dB | SE = 20.778 bit/s/Hz
[36483 ms] [UE 48787] UL: SNR = 63.50 dB | SE = 20.778 bit/s/Hz
[36483 ms] [UE 40252] UL: SNR = 56.00 dB | SE = 18.324 bit/s/Hz
[36483 ms] [UE 15599] UL: SNR = 52.50 dB | SE = 17.179 bit/s/Hz
[36536 ms] [UE 33952] UL: SNR = 63.50 dB | SE = 20.778 bit/s/Hz
[36536 ms] [UE 12169] UL: SNR = 63.50 dB | SE = 20.778 bit/s/Hz
[36536 ms] [UE 22873] UL: SNR = 5.50 dB | SE = 2.152 bit/s/Hz
[36536 ms] [UE 30556] UL: SNR = 63.50 dB | SE = 20.778 bit/s/Hz
[36536 ms] [UE 20945] UL: SNR = 63.50 dB | SE = 20.778 bit/s/Hz
[36583 ms] [UE 45898] UL: SNR = 63.50 dB | SE = 20.778 bit/s/Hz
[36583 ms] [UE 36997] UL: SNR = 63.50 dB | SE = 20.778 bit/s/Hz
[36583 ms] [UE 48787] UL: SNR = 63.50 dB | SE = 20.778 bit/s/Hz
[36583 ms] [UE 40252] UL: SNR = 56.00 dB | SE = 18.324 bit/s/Hz
[36583 ms] [UE 15599] UL: SNR = 52.50 dB | SE = 17.179 bit/s/Hz
[36636 ms] [UE 33952] UL: SNR = 63.50 dB | SE = 20.778 bit/s/Hz
[36636 ms] [UE 12169] UL: SNR = 63.50 dB | SE = 20.778 bit/s/Hz
[36636 ms] [UE 22873] UL: SNR = 5.50 dB | SE = 2.152 bit/s/Hz
[36636 ms] [UE 30556] UL: SNR = 63.50 dB | SE = 20.778 bit/s/Hz
[36636 ms] [UE 20945] UL: SNR = 63.50 dB | SE = 20.778 bit/s/Hz
[36693 ms] [UE 45898] UL: SNR = 63.50 dB | SE = 20.778 bit/s/Hz
[36693 ms] [UE 36997] UL: SNR = 63.50 dB | SE = 20.778 bit/s/Hz
[36693 ms] [UE 48787] UL: SNR = 63.50 dB | SE = 20.778 bit/s/Hz
[36693 ms] [UE 40252] UL: SNR = 56.00 dB | SE = 18.324 bit/s/Hz
[36693 ms] [UE 15599] UL: SNR = 52.50 dB | SE = 17.179 bit/s/Hz
[36745 ms] [UE 33952] UL: SNR = 63.50 dB | SE = 20.778 bit/s/Hz
[36745 ms] [UE 12169] UL: SNR = 63.50 dB | SE = 20.778 bit/s/Hz
[36745 ms] [UE 22873] UL: SNR = 5.50 dB | SE = 2.152 bit/s/Hz
[36745 ms] [UE 30556] UL: SNR = 63.50 dB | SE = 20.778 bit/s/Hz
[36745 ms] [UE 20945] UL: SNR = 63.50 dB | SE = 20.778 bit/s/Hz
[36803 ms] [UE 45898] UL: SNR = 63.50 dB | SE = 20.778 bit/s/Hz
[36803 ms] [UE 36997] UL: SNR = 63.50 dB | SE = 20.778 bit/s/Hz
[36803 ms] [UE 48787] UL: SNR = 63.50 dB | SE = 20.778 bit/s/Hz
[36803 ms] [UE 40252] UL: SNR = 56.00 dB | SE = 18.324 bit/s/Hz
[36803 ms] [UE 15599] UL: SNR = 52.50 dB | SE = 17.179 bit/s/Hz
[36856 ms] [UE 33952] UL: SNR = 63.50 dB | SE = 20.778 bit/s/Hz
[36856 ms] [UE 12169] UL: SNR = 63.50 dB | SE = 20.778 bit/s/Hz
[36856 ms] [UE 22873] UL: SNR = 5.50 dB | SE = 2.152 bit/s/Hz
[36856 ms] [UE 30556] UL: SNR = 63.50 dB | SE = 20.778 bit/s/Hz
[36856 ms] [UE 20945] UL: SNR = 63.50 dB | SE = 20.778 bit/s/Hz
[36912 ms] [UE 45898] UL: SNR = 63.50 dB | SE = 20.778 bit/s/Hz
[36912 ms] [UE 36997] UL: SNR = 63.50 dB | SE = 20.778 bit/s/Hz
[36912 ms] [UE 48787] UL: SNR = 63.50 dB | SE = 20.778 bit/s/Hz
[36912 ms] [UE 40252] UL: SNR = 56.00 dB | SE = 18.324 bit/s/Hz
[36912 ms] [UE 15599] UL: SNR = 52.50 dB | SE = 17.179 bit/s/Hz
[36966 ms] [UE 33952] UL: SNR = 63.50 dB | SE = 20.778 bit/s/Hz
[36966 ms] [UE 12169] UL: SNR = 63.50 dB | SE = 20.778 bit/s/Hz
[36966 ms] [UE 22873] UL: SNR = 5.50 dB | SE = 2.152 bit/s/Hz
[36966 ms] [UE 30556] UL: SNR = 63.50 dB | SE = 20.778 bit/s/Hz
[36966 ms] [UE 20945] UL: SNR = 63.50 dB | SE = 20.778 bit/s/Hz
[37013 ms] [UE 45898] UL: SNR = 63.50 dB | SE = 20.778 bit/s/Hz
[37013 ms] [UE 36997] UL: SNR = 63.50 dB | SE = 20.778 bit/s/Hz
[37013 ms] [UE 48787] UL: SNR = 63.50 dB | SE = 20.778 bit/s/Hz
[37013 ms] [UE 40252] UL: SNR = 56.00 dB | SE = 18.324 bit/s/Hz
[37013 ms] [UE 15599] UL: SNR = 52.50 dB | SE = 17.179 bit/s/Hz
[37075 ms] [UE 33952] UL: SNR = 63.50 dB | SE = 20.778 bit/s/Hz
[37075 ms] [UE 12169] UL: SNR = 63.50 dB | SE = 20.778 bit/s/Hz
[37075 ms] [UE 22873] UL: SNR = 5.50 dB | SE = 2.152 bit/s/Hz
[37075 ms] [UE 30556] UL: SNR = 63.50 dB | SE = 20.778 bit/s/Hz
[37075 ms] [UE 20945] UL: SNR = 63.50 dB | SE = 20.778 bit/s/Hz
[37113 ms] [UE 45898] UL: SNR = 63.50 dB | SE = 20.778 bit/s/Hz
[37113 ms] [UE 36997] UL: SNR = 63.50 dB | SE = 20.778 bit/s/Hz
[37113 ms] [UE 48787] UL: SNR = 63.50 dB | SE = 20.778 bit/s/Hz
[37113 ms] [UE 40252] UL: SNR = 56.00 dB | SE = 18.324 bit/s/Hz
[37113 ms] [UE 15599] UL: SNR = 52.50 dB | SE = 17.179 bit/s/Hz
[37175 ms] [UE 33952] UL: SNR = 63.50 dB | SE = 20.778 bit/s/Hz
[37175 ms] [UE 12169] UL: SNR = 63.50 dB | SE = 20.778 bit/s/Hz
[37175 ms] [UE 22873] UL: SNR = 5.50 dB | SE = 2.152 bit/s/Hz
[37175 ms] [UE 30556] UL: SNR = 63.50 dB | SE = 20.778 bit/s/Hz
[37175 ms] [UE 20945] UL: SNR = 63.50 dB | SE = 20.778 bit/s/Hz
[37223 ms] [UE 45898] UL: SNR = 63.50 dB | SE = 20.778 bit/s/Hz
[37223 ms] [UE 36997] UL: SNR = 63.50 dB | SE = 20.778 bit/s/Hz
[37223 ms] [UE 48787] UL: SNR = 63.50 dB | SE = 20.778 bit/s/Hz
[37223 ms] [UE 40252] UL: SNR = 56.00 dB | SE = 18.324 bit/s/Hz
[37223 ms] [UE 15599] UL: SNR = 52.50 dB | SE = 17.179 bit/s/Hz
[37275 ms] [UE 33952] UL: SNR = 63.50 dB | SE = 20.778 bit/s/Hz
[37275 ms] [UE 12169] UL: SNR = 63.50 dB | SE = 20.778 bit/s/Hz
[37275 ms] [UE 22873] UL: SNR = 5.50 dB | SE = 2.152 bit/s/Hz
[37275 ms] [UE 30556] UL: SNR = 63.50 dB | SE = 20.778 bit/s/Hz
[37275 ms] [UE 20945] UL: SNR = 63.50 dB | SE = 20.778 bit/s/Hz
[37324 ms] [UE 45898] UL: SNR = 63.50 dB | SE = 20.778 bit/s/Hz
[37324 ms] [UE 36997] UL: SNR = 63.50 dB | SE = 20.778 bit/s/Hz
[37324 ms] [UE 48787] UL: SNR = 63.50 dB | SE = 20.778 bit/s/Hz
[37324 ms] [UE 40252] UL: SNR = 56.00 dB | SE = 18.324 bit/s/Hz
[37324 ms] [UE 15599] UL: SNR = 52.50 dB | SE = 17.179 bit/s/Hz
[37376 ms] [UE 33952] UL: SNR = 63.50 dB | SE = 20.778 bit/s/Hz
[37376 ms] [UE 12169] UL: SNR = 63.50 dB | SE = 20.778 bit/s/Hz
[37376 ms] [UE 22873] UL: SNR = 5.50 dB | SE = 2.152 bit/s/Hz
[37376 ms] [UE 30556] UL: SNR = 63.50 dB | SE = 20.778 bit/s/Hz
[37376 ms] [UE 20945] UL: SNR = 63.50 dB | SE = 20.778 bit/s/Hz
[37433 ms] [UE 45898] UL: SNR = 63.50 dB | SE = 20.778 bit/s/Hz
[37433 ms] [UE 36997] UL: SNR = 63.50 dB | SE = 20.778 bit/s/Hz
[37433 ms] [UE 48787] UL: SNR = 63.50 dB | SE = 20.778 bit/s/Hz
[37433 ms] [UE 40252] UL: SNR = 56.00 dB | SE = 18.324 bit/s/Hz
[37433 ms] [UE 15599] UL: SNR = 52.50 dB | SE = 17.179 bit/s/Hz
[37486 ms] [UE 33952] UL: SNR = 63.50 dB | SE = 20.778 bit/s/Hz
[37486 ms] [UE 12169] UL: SNR = 63.50 dB | SE = 20.778 bit/s/Hz
[37486 ms] [UE 22873] UL: SNR = 5.50 dB | SE = 2.152 bit/s/Hz
[37486 ms] [UE 30556] UL: SNR = 63.50 dB | SE = 20.778 bit/s/Hz
[37486 ms] [UE 20945] UL: SNR = 63.50 dB | SE = 20.778 bit/s/Hz
[37533 ms] [UE 45898] UL: SNR = 63.50 dB | SE = 20.778 bit/s/Hz
[37533 ms] [UE 36997] UL: SNR = 63.50 dB | SE = 20.778 bit/s/Hz
[37533 ms] [UE 48787] UL: SNR = 63.50 dB | SE = 20.778 bit/s/Hz
[37533 ms] [UE 40252] UL: SNR = 56.00 dB | SE = 18.324 bit/s/Hz
[37533 ms] [UE 15599] UL: SNR = 52.50 dB | SE = 17.179 bit/s/Hz
[37587 ms] [UE 33952] UL: SNR = 63.50 dB | SE = 20.778 bit/s/Hz
[37587 ms] [UE 12169] UL: SNR = 63.50 dB | SE = 20.778 bit/s/Hz
[37587 ms] [UE 22873] UL: SNR = 5.50 dB | SE = 2.152 bit/s/Hz
[37587 ms] [UE 30556] UL: SNR = 63.50 dB | SE = 20.778 bit/s/Hz
[37587 ms] [UE 20945] UL: SNR = 63.50 dB | SE = 20.778 bit/s/Hz
[37642 ms] [UE 45898] UL: SNR = 63.50 dB | SE = 20.778 bit/s/Hz
[37642 ms] [UE 36997] UL: SNR = 63.50 dB | SE = 20.778 bit/s/Hz
[37642 ms] [UE 48787] UL: SNR = 63.50 dB | SE = 20.778 bit/s/Hz
[37642 ms] [UE 40252] UL: SNR = 56.00 dB | SE = 18.324 bit/s/Hz
[37642 ms] [UE 15599] UL: SNR = 52.50 dB | SE = 17.179 bit/s/Hz
[37695 ms] [UE 33952] UL: SNR = 63.50 dB | SE = 20.778 bit/s/Hz
[37695 ms] [UE 12169] UL: SNR = 63.50 dB | SE = 20.778 bit/s/Hz
[37695 ms] [UE 22873] UL: SNR = 5.50 dB | SE = 2.152 bit/s/Hz
[37695 ms] [UE 30556] UL: SNR = 63.50 dB | SE = 20.778 bit/s/Hz
[37695 ms] [UE 20945] UL: SNR = 63.50 dB | SE = 20.778 bit/s/Hz
[37743 ms] [UE 45898] UL: SNR = 63.50 dB | SE = 20.778 bit/s/Hz
[37743 ms] [UE 36997] UL: SNR = 63.50 dB | SE = 20.778 bit/s/Hz
[37743 ms] [UE 48787] UL: SNR = 63.50 dB | SE = 20.778 bit/s/Hz
[37743 ms] [UE 40252] UL: SNR = 56.00 dB | SE = 18.324 bit/s/Hz
[37743 ms] [UE 15599] UL: SNR = 52.50 dB | SE = 17.179 bit/s/Hz
[37805 ms] [UE 33952] UL: SNR = 63.50 dB | SE = 20.778 bit/s/Hz
[37805 ms] [UE 12169] UL: SNR = 63.50 dB | SE = 20.778 bit/s/Hz
[37805 ms] [UE 22873] UL: SNR = 5.50 dB | SE = 2.152 bit/s/Hz
[37805 ms] [UE 30556] UL: SNR = 7.50 dB | SE = 2.687 bit/s/Hz
[37805 ms] [UE 20945] UL: SNR = 63.50 dB | SE = 20.778 bit/s/Hz
[37843 ms] [UE 45898] UL: SNR = 63.50 dB | SE = 20.778 bit/s/Hz
[37843 ms] [UE 36997] UL: SNR = 63.50 dB | SE = 20.778 bit/s/Hz
[37843 ms] [UE 48787] UL: SNR = 63.50 dB | SE = 20.778 bit/s/Hz
[37843 ms] [UE 40252] UL: SNR = 56.00 dB | SE = 18.324 bit/s/Hz
[37843 ms] [UE 15599] UL: SNR = 52.50 dB | SE = 17.179 bit/s/Hz
[37905 ms] [UE 33952] UL: SNR = 63.50 dB | SE = 20.778 bit/s/Hz
[37905 ms] [UE 12169] UL: SNR = 63.50 dB | SE = 20.778 bit/s/Hz
[37905 ms] [UE 22873] UL: SNR = 5.50 dB | SE = 2.152 bit/s/Hz
[37905 ms] [UE 30556] UL: SNR = 7.50 dB | SE = 2.687 bit/s/Hz
[37905 ms] [UE 20945] UL: SNR = 63.50 dB | SE = 20.778 bit/s/Hz
[37943 ms] [UE 45898] UL: SNR = 63.50 dB | SE = 20.778 bit/s/Hz
[37943 ms] [UE 36997] UL: SNR = 63.50 dB | SE = 20.778 bit/s/Hz
[37943 ms] [UE 48787] UL: SNR = 63.50 dB | SE = 20.778 bit/s/Hz
[37943 ms] [UE 40252] UL: SNR = 56.00 dB | SE = 18.324 bit/s/Hz
[37943 ms] [UE 15599] UL: SNR = 52.50 dB | SE = 17.179 bit/s/Hz
[38005 ms] [UE 33952] UL: SNR = 63.50 dB | SE = 20.778 bit/s/Hz
[38005 ms] [UE 12169] UL: SNR = 63.50 dB | SE = 20.778 bit/s/Hz
[38005 ms] [UE 22873] UL: SNR = 5.50 dB | SE = 2.152 bit/s/Hz
[38005 ms] [UE 30556] UL: SNR = 7.50 dB | SE = 2.687 bit/s/Hz
[38005 ms] [UE 20945] UL: SNR = 63.50 dB | SE = 20.778 bit/s/Hz
[38053 ms] [UE 45898] UL: SNR = 63.50 dB | SE = 20.778 bit/s/Hz
[38053 ms] [UE 36997] UL: SNR = 63.50 dB | SE = 20.778 bit/s/Hz
[38053 ms] [UE 48787] UL: SNR = 63.50 dB | SE = 20.778 bit/s/Hz
[38053 ms] [UE 40252] UL: SNR = 56.00 dB | SE = 18.324 bit/s/Hz
[38053 ms] [UE 15599] UL: SNR = 52.50 dB | SE = 17.179 bit/s/Hz
[38115 ms] [UE 33952] UL: SNR = 63.50 dB | SE = 20.778 bit/s/Hz
[38115 ms] [UE 12169] UL: SNR = 63.50 dB | SE = 20.778 bit/s/Hz
[38115 ms] [UE 22873] UL: SNR = 5.50 dB | SE = 2.152 bit/s/Hz
[38115 ms] [UE 30556] UL: SNR = 7.50 dB | SE = 2.687 bit/s/Hz
[38115 ms] [UE 20945] UL: SNR = 63.50 dB | SE = 20.778 bit/s/Hz
[38153 ms] [UE 45898] UL: SNR = 63.50 dB | SE = 20.778 bit/s/Hz
[38153 ms] [UE 36997] UL: SNR = 63.50 dB | SE = 20.778 bit/s/Hz
[38153 ms] [UE 48787] UL: SNR = 63.50 dB | SE = 20.778 bit/s/Hz
[38153 ms] [UE 40252] UL: SNR = 56.00 dB | SE = 18.324 bit/s/Hz
[38153 ms] [UE 15599] UL: SNR = 52.50 dB | SE = 17.179 bit/s/Hz
[38216 ms] [UE 33952] UL: SNR = 63.50 dB | SE = 20.778 bit/s/Hz
[38216 ms] [UE 12169] UL: SNR = 63.50 dB | SE = 20.778 bit/s/Hz
[38216 ms] [UE 22873] UL: SNR = 5.50 dB | SE = 2.152 bit/s/Hz
[38216 ms] [UE 30556] UL: SNR = 7.50 dB | SE = 2.687 bit/s/Hz
[38216 ms] [UE 20945] UL: SNR = 63.50 dB | SE = 20.778 bit/s/Hz
[38263 ms] [UE 45898] UL: SNR = 63.50 dB | SE = 20.778 bit/s/Hz
[38263 ms] [UE 36997] UL: SNR = 63.50 dB | SE = 20.778 bit/s/Hz
[38263 ms] [UE 48787] UL: SNR = 63.50 dB | SE = 20.778 bit/s/Hz
[38263 ms] [UE 40252] UL: SNR = 56.00 dB | SE = 18.324 bit/s/Hz
[38263 ms] [UE 15599] UL: SNR = 52.50 dB | SE = 17.179 bit/s/Hz
[38325 ms] [UE 33952] UL: SNR = 63.50 dB | SE = 20.778 bit/s/Hz
[38325 ms] [UE 12169] UL: SNR = 63.50 dB | SE = 20.778 bit/s/Hz
[38325 ms] [UE 22873] UL: SNR = 5.50 dB | SE = 2.152 bit/s/Hz
[38325 ms] [UE 30556] UL: SNR = 7.50 dB | SE = 2.687 bit/s/Hz
[38325 ms] [UE 20945] UL: SNR = 63.50 dB | SE = 20.778 bit/s/Hz
[38373 ms] [UE 45898] UL: SNR = 63.50 dB | SE = 20.778 bit/s/Hz
[38373 ms] [UE 36997] UL: SNR = 63.50 dB | SE = 20.778 bit/s/Hz
[38373 ms] [UE 48787] UL: SNR = 63.50 dB | SE = 20.778 bit/s/Hz
[38373 ms] [UE 40252] UL: SNR = 56.00 dB | SE = 18.324 bit/s/Hz
[38373 ms] [UE 15599] UL: SNR = 52.50 dB | SE = 17.179 bit/s/Hz
[38435 ms] [UE 33952] UL: SNR = 63.50 dB | SE = 20.778 bit/s/Hz
[38435 ms] [UE 12169] UL: SNR = 63.50 dB | SE = 20.778 bit/s/Hz
[38435 ms] [UE 22873] UL: SNR = 5.50 dB | SE = 2.152 bit/s/Hz
[38435 ms] [UE 30556] UL: SNR = 7.50 dB | SE = 2.687 bit/s/Hz
[38435 ms] [UE 20945] UL: SNR = 63.50 dB | SE = 20.778 bit/s/Hz
[38483 ms] [UE 45898] UL: SNR = 63.50 dB | SE = 20.778 bit/s/Hz
[38483 ms] [UE 36997] UL: SNR = 63.50 dB | SE = 20.778 bit/s/Hz
[38483 ms] [UE 48787] UL: SNR = 63.50 dB | SE = 20.778 bit/s/Hz
[38483 ms] [UE 40252] UL: SNR = 56.00 dB | SE = 18.324 bit/s/Hz
[38483 ms] [UE 15599] UL: SNR = 52.50 dB | SE = 17.179 bit/s/Hz
[38535 ms] [UE 33952] UL: SNR = 63.50 dB | SE = 20.778 bit/s/Hz
[38535 ms] [UE 12169] UL: SNR = 63.50 dB | SE = 20.778 bit/s/Hz
[38535 ms] [UE 22873] UL: SNR = 5.50 dB | SE = 2.152 bit/s/Hz
[38535 ms] [UE 30556] UL: SNR = 7.50 dB | SE = 2.687 bit/s/Hz
[38535 ms] [UE 20945] UL: SNR = 63.50 dB | SE = 20.778 bit/s/Hz
[38592 ms] [UE 45898] UL: SNR = 63.50 dB | SE = 20.778 bit/s/Hz
[38592 ms] [UE 36997] UL: SNR = 63.50 dB | SE = 20.778 bit/s/Hz
[38592 ms] [UE 48787] UL: SNR = 63.50 dB | SE = 20.778 bit/s/Hz
[38592 ms] [UE 40252] UL: SNR = 56.00 dB | SE = 18.324 bit/s/Hz
[38592 ms] [UE 15599] UL: SNR = 52.50 dB | SE = 17.179 bit/s/Hz
[38635 ms] [UE 33952] UL: SNR = 63.50 dB | SE = 20.778 bit/s/Hz
[38635 ms] [UE 12169] UL: SNR = 63.50 dB | SE = 20.778 bit/s/Hz
[38635 ms] [UE 22873] UL: SNR = 5.50 dB | SE = 2.152 bit/s/Hz
[38635 ms] [UE 30556] UL: SNR = 53.50 dB | SE = 17.506 bit/s/Hz
[38635 ms] [UE 20945] UL: SNR = 63.50 dB | SE = 20.778 bit/s/Hz
[38693 ms] [UE 45898] UL: SNR = 63.50 dB | SE = 20.778 bit/s/Hz
[38693 ms] [UE 36997] UL: SNR = 63.50 dB | SE = 20.778 bit/s/Hz
[38693 ms] [UE 48787] UL: SNR = 63.50 dB | SE = 20.778 bit/s/Hz
[38693 ms] [UE 40252] UL: SNR = 56.00 dB | SE = 18.324 bit/s/Hz
[38693 ms] [UE 15599] UL: SNR = 52.50 dB | SE = 17.179 bit/s/Hz
[38735 ms] [UE 33952] UL: SNR = 63.50 dB | SE = 20.778 bit/s/Hz
[38735 ms] [UE 12169] UL: SNR = 63.50 dB | SE = 20.778 bit/s/Hz
[38735 ms] [UE 22873] UL: SNR = 5.50 dB | SE = 2.152 bit/s/Hz
[38735 ms] [UE 30556] UL: SNR = 53.50 dB | SE = 17.506 bit/s/Hz
[38735 ms] [UE 20945] UL: SNR = 63.50 dB | SE = 20.778 bit/s/Hz
[38793 ms] [UE 45898] UL: SNR = 63.50 dB | SE = 20.778 bit/s/Hz
[38793 ms] [UE 36997] UL: SNR = 63.50 dB | SE = 20.778 bit/s/Hz
[38793 ms] [UE 48787] UL: SNR = 63.50 dB | SE = 20.778 bit/s/Hz
[38793 ms] [UE 40252] UL: SNR = 56.00 dB | SE = 18.324 bit/s/Hz
[38793 ms] [UE 15599] UL: SNR = 52.50 dB | SE = 17.179 bit/s/Hz
[38836 ms] [UE 33952] UL: SNR = 63.50 dB | SE = 20.778 bit/s/Hz
[38836 ms] [UE 12169] UL: SNR = 63.50 dB | SE = 20.778 bit/s/Hz
[38836 ms] [UE 22873] UL: SNR = 5.50 dB | SE = 2.152 bit/s/Hz
[38836 ms] [UE 30556] UL: SNR = 54.00 dB | SE = 17.669 bit/s/Hz
[38836 ms] [UE 20945] UL: SNR = 63.50 dB | SE = 20.778 bit/s/Hz
[38903 ms] [UE 45898] UL: SNR = 63.50 dB | SE = 20.778 bit/s/Hz
[38903 ms] [UE 36997] UL: SNR = 63.50 dB | SE = 20.778 bit/s/Hz
[38903 ms] [UE 48787] UL: SNR = 63.50 dB | SE = 20.778 bit/s/Hz
[38903 ms] [UE 40252] UL: SNR = 56.00 dB | SE = 18.324 bit/s/Hz
[38903 ms] [UE 15599] UL: SNR = 52.50 dB | SE = 17.179 bit/s/Hz
[38946 ms] [UE 33952] UL: SNR = 63.50 dB | SE = 20.778 bit/s/Hz
[38946 ms] [UE 12169] UL: SNR = 63.50 dB | SE = 20.778 bit/s/Hz
[38946 ms] [UE 22873] UL: SNR = 5.50 dB | SE = 2.152 bit/s/Hz
[38946 ms] [UE 30556] UL: SNR = 54.00 dB | SE = 17.669 bit/s/Hz
[38946 ms] [UE 20945] UL: SNR = 63.50 dB | SE = 20.778 bit/s/Hz
[39003 ms] [UE 45898] UL: SNR = 63.50 dB | SE = 20.778 bit/s/Hz
[39003 ms] [UE 36997] UL: SNR = 63.50 dB | SE = 20.778 bit/s/Hz
[39003 ms] [UE 48787] UL: SNR = 63.50 dB | SE = 20.778 bit/s/Hz
[39003 ms] [UE 40252] UL: SNR = 56.00 dB | SE = 18.324 bit/s/Hz
[39003 ms] [UE 15599] UL: SNR = 52.50 dB | SE = 17.179 bit/s/Hz
[39055 ms] [UE 33952] UL: SNR = 63.50 dB | SE = 20.778 bit/s/Hz
[39055 ms] [UE 12169] UL: SNR = 63.50 dB | SE = 20.778 bit/s/Hz
[39055 ms] [UE 22873] UL: SNR = 5.50 dB | SE = 2.152 bit/s/Hz
[39055 ms] [UE 30556] UL: SNR = 63.50 dB | SE = 20.778 bit/s/Hz
[39055 ms] [UE 20945] UL: SNR = 63.50 dB | SE = 20.778 bit/s/Hz
[39113 ms] [UE 45898] UL: SNR = 63.50 dB | SE = 20.778 bit/s/Hz
[39113 ms] [UE 36997] UL: SNR = 63.50 dB | SE = 20.778 bit/s/Hz
[39113 ms] [UE 48787] UL: SNR = 63.50 dB | SE = 20.778 bit/s/Hz
[39113 ms] [UE 40252] UL: SNR = 56.00 dB | SE = 18.324 bit/s/Hz
[39113 ms] [UE 15599] UL: SNR = 52.50 dB | SE = 17.179 bit/s/Hz
[39155 ms] [UE 33952] UL: SNR = 63.50 dB | SE = 20.778 bit/s/Hz
[39155 ms] [UE 12169] UL: SNR = 63.50 dB | SE = 20.778 bit/s/Hz
[39155 ms] [UE 22873] UL: SNR = 63.50 dB | SE = 20.778 bit/s/Hz
[39155 ms] [UE 30556] UL: SNR = 63.50 dB | SE = 20.778 bit/s/Hz
[39155 ms] [UE 20945] UL: SNR = 63.50 dB | SE = 20.778 bit/s/Hz
[39222 ms] [UE 45898] UL: SNR = 63.50 dB | SE = 20.778 bit/s/Hz
[39222 ms] [UE 36997] UL: SNR = 63.50 dB | SE = 20.778 bit/s/Hz
[39222 ms] [UE 48787] UL: SNR = 63.50 dB | SE = 20.778 bit/s/Hz
[39222 ms] [UE 40252] UL: SNR = 56.00 dB | SE = 18.324 bit/s/Hz
[39222 ms] [UE 15599] UL: SNR = 52.50 dB | SE = 17.179 bit/s/Hz
[39265 ms] [UE 33952] UL: SNR = 63.50 dB | SE = 20.778 bit/s/Hz
[39265 ms] [UE 12169] UL: SNR = 63.50 dB | SE = 20.778 bit/s/Hz
[39265 ms] [UE 22873] UL: SNR = 63.50 dB | SE = 20.778 bit/s/Hz
[39265 ms] [UE 30556] UL: SNR = 54.00 dB | SE = 17.669 bit/s/Hz
[39265 ms] [UE 20945] UL: SNR = 63.50 dB | SE = 20.778 bit/s/Hz
[39323 ms] [UE 45898] UL: SNR = 63.50 dB | SE = 20.778 bit/s/Hz
[39323 ms] [UE 36997] UL: SNR = 63.50 dB | SE = 20.778 bit/s/Hz
[39323 ms] [UE 48787] UL: SNR = 63.50 dB | SE = 20.778 bit/s/Hz
[39323 ms] [UE 40252] UL: SNR = 56.00 dB | SE = 18.324 bit/s/Hz
[39323 ms] [UE 15599] UL: SNR = 52.50 dB | SE = 17.179 bit/s/Hz
[39366 ms] [UE 33952] UL: SNR = 63.50 dB | SE = 20.778 bit/s/Hz
[39366 ms] [UE 12169] UL: SNR = 63.50 dB | SE = 20.778 bit/s/Hz
[39366 ms] [UE 22873] UL: SNR = 63.50 dB | SE = 20.778 bit/s/Hz
[39366 ms] [UE 30556] UL: SNR = 54.00 dB | SE = 17.669 bit/s/Hz
[39366 ms] [UE 20945] UL: SNR = 63.50 dB | SE = 20.778 bit/s/Hz
[39433 ms] [UE 45898] UL: SNR = 63.50 dB | SE = 20.778 bit/s/Hz
[39433 ms] [UE 36997] UL: SNR = 63.50 dB | SE = 20.778 bit/s/Hz
[39433 ms] [UE 48787] UL: SNR = 63.50 dB | SE = 20.778 bit/s/Hz
[39433 ms] [UE 40252] UL: SNR = 56.00 dB | SE = 18.324 bit/s/Hz
[39433 ms] [UE 15599] UL: SNR = 52.50 dB | SE = 17.179 bit/s/Hz
[39476 ms] [UE 33952] UL: SNR = 63.50 dB | SE = 20.778 bit/s/Hz
[39476 ms] [UE 12169] UL: SNR = 63.50 dB | SE = 20.778 bit/s/Hz
[39476 ms] [UE 22873] UL: SNR = 63.50 dB | SE = 20.778 bit/s/Hz
[39476 ms] [UE 30556] UL: SNR = 54.00 dB | SE = 17.669 bit/s/Hz
[39476 ms] [UE 20945] UL: SNR = 63.50 dB | SE = 20.778 bit/s/Hz
[39543 ms] [UE 45898] UL: SNR = 63.50 dB | SE = 20.778 bit/s/Hz
[39543 ms] [UE 36997] UL: SNR = 63.50 dB | SE = 20.778 bit/s/Hz
[39543 ms] [UE 48787] UL: SNR = 63.50 dB | SE = 20.778 bit/s/Hz
[39543 ms] [UE 40252] UL: SNR = 56.00 dB | SE = 18.324 bit/s/Hz
[39543 ms] [UE 15599] UL: SNR = 52.50 dB | SE = 17.179 bit/s/Hz
[39585 ms] [UE 33952] UL: SNR = 63.50 dB | SE = 20.778 bit/s/Hz
[39585 ms] [UE 12169] UL: SNR = 63.50 dB | SE = 20.778 bit/s/Hz
[39585 ms] [UE 22873] UL: SNR = 63.50 dB | SE = 20.778 bit/s/Hz
[39585 ms] [UE 30556] UL: SNR = 63.50 dB | SE = 20.778 bit/s/Hz
[39585 ms] [UE 20945] UL: SNR = 63.50 dB | SE = 20.778 bit/s/Hz
[39652 ms] [UE 45898] UL: SNR = 63.50 dB | SE = 20.778 bit/s/Hz
[39652 ms] [UE 36997] UL: SNR = 63.50 dB | SE = 20.778 bit/s/Hz
[39652 ms] [UE 48787] UL: SNR = 63.50 dB | SE = 20.778 bit/s/Hz
[39652 ms] [UE 40252] UL: SNR = 56.00 dB | SE = 18.324 bit/s/Hz
[39652 ms] [UE 15599] UL: SNR = 52.50 dB | SE = 17.179 bit/s/Hz
[39685 ms] [UE 33952] UL: SNR = 63.50 dB | SE = 20.778 bit/s/Hz
[39685 ms] [UE 12169] UL: SNR = 63.50 dB | SE = 20.778 bit/s/Hz
[39685 ms] [UE 22873] UL: SNR = 63.50 dB | SE = 20.778 bit/s/Hz
[39685 ms] [UE 30556] UL: SNR = 63.50 dB | SE = 20.778 bit/s/Hz
[39685 ms] [UE 20945] UL: SNR = 63.50 dB | SE = 20.778 bit/s/Hz
[39753 ms] [UE 45898] UL: SNR = 63.50 dB | SE = 20.778 bit/s/Hz
[39753 ms] [UE 36997] UL: SNR = 63.50 dB | SE = 20.778 bit/s/Hz
[39753 ms] [UE 48787] UL: SNR = 63.50 dB | SE = 20.778 bit/s/Hz
[39753 ms] [UE 40252] UL: SNR = 56.00 dB | SE = 18.324 bit/s/Hz
[39753 ms] [UE 15599] UL: SNR = 52.50 dB | SE = 17.179 bit/s/Hz
[39786 ms] [UE 33952] UL: SNR = 63.50 dB | SE = 20.778 bit/s/Hz
[39786 ms] [UE 12169] UL: SNR = 63.50 dB | SE = 20.778 bit/s/Hz
[39786 ms] [UE 22873] UL: SNR = 63.50 dB | SE = 20.778 bit/s/Hz
[39786 ms] [UE 30556] UL: SNR = 63.50 dB | SE = 20.778 bit/s/Hz
[39786 ms] [UE 20945] UL: SNR = 63.50 dB | SE = 20.778 bit/s/Hz
[39863 ms] [UE 45898] UL: SNR = 63.50 dB | SE = 20.778 bit/s/Hz
[39863 ms] [UE 36997] UL: SNR = 63.50 dB | SE = 20.778 bit/s/Hz
[39863 ms] [UE 48787] UL: SNR = 63.50 dB | SE = 20.778 bit/s/Hz
[39863 ms] [UE 40252] UL: SNR = 56.00 dB | SE = 18.324 bit/s/Hz
[39863 ms] [UE 15599] UL: SNR = 52.50 dB | SE = 17.179 bit/s/Hz
[39895 ms] [UE 33952] UL: SNR = 63.50 dB | SE = 20.778 bit/s/Hz
[39895 ms] [UE 12169] UL: SNR = 63.50 dB | SE = 20.778 bit/s/Hz
[39895 ms] [UE 22873] UL: SNR = 63.50 dB | SE = 20.778 bit/s/Hz
[39895 ms] [UE 30556] UL: SNR = 63.50 dB | SE = 20.778 bit/s/Hz
[39895 ms] [UE 20945] UL: SNR = 63.50 dB | SE = 20.778 bit/s/Hz
[39963 ms] [UE 45898] UL: SNR = 63.50 dB | SE = 20.778 bit/s/Hz
[39963 ms] [UE 36997] UL: SNR = 63.50 dB | SE = 20.778 bit/s/Hz
[39963 ms] [UE 48787] UL: SNR = 63.50 dB | SE = 20.778 bit/s/Hz
[39963 ms] [UE 40252] UL: SNR = 56.00 dB | SE = 18.324 bit/s/Hz
[39963 ms] [UE 15599] UL: SNR = 52.50 dB | SE = 17.179 bit/s/Hz
[39995 ms] [UE 33952] UL: SNR = 63.50 dB | SE = 20.778 bit/s/Hz
[39995 ms] [UE 12169] UL: SNR = 63.50 dB | SE = 20.778 bit/s/Hz
[39995 ms] [UE 22873] UL: SNR = 63.50 dB | SE = 20.778 bit/s/Hz
[39995 ms] [UE 30556] UL: SNR = 63.50 dB | SE = 20.778 bit/s/Hz
[39995 ms] [UE 20945] UL: SNR = 63.50 dB | SE = 20.778 bit/s/Hz
[40073 ms] [UE 45898] UL: SNR = 63.50 dB | SE = 20.778 bit/s/Hz
[40073 ms] [UE 36997] UL: SNR = 63.50 dB | SE = 20.778 bit/s/Hz
[40073 ms] [UE 48787] UL: SNR = 63.50 dB | SE = 20.778 bit/s/Hz
[40073 ms] [UE 40252] UL: SNR = 56.00 dB | SE = 18.324 bit/s/Hz
[40073 ms] [UE 15599] UL: SNR = 52.50 dB | SE = 17.179 bit/s/Hz
[40105 ms] [UE 33952] UL: SNR = 63.50 dB | SE = 20.778 bit/s/Hz
[40105 ms] [UE 12169] UL: SNR = 63.50 dB | SE = 20.778 bit/s/Hz
[40105 ms] [UE 22873] UL: SNR = 63.50 dB | SE = 20.778 bit/s/Hz
[40105 ms] [UE 30556] UL: SNR = 63.50 dB | SE = 20.778 bit/s/Hz
[40105 ms] [UE 20945] UL: SNR = 63.50 dB | SE = 20.778 bit/s/Hz
[40183 ms] [UE 45898] UL: SNR = 63.50 dB | SE = 20.778 bit/s/Hz
[40183 ms] [UE 36997] UL: SNR = 63.50 dB | SE = 20.778 bit/s/Hz
[40183 ms] [UE 48787] UL: SNR = 63.50 dB | SE = 20.778 bit/s/Hz
[40183 ms] [UE 40252] UL: SNR = 56.00 dB | SE = 18.324 bit/s/Hz
[40183 ms] [UE 15599] UL: SNR = 52.50 dB | SE = 17.179 bit/s/Hz
[40215 ms] [UE 33952] UL: SNR = 63.50 dB | SE = 20.778 bit/s/Hz
[40215 ms] [UE 12169] UL: SNR = 63.50 dB | SE = 20.778 bit/s/Hz
[40215 ms] [UE 22873] UL: SNR = 63.50 dB | SE = 20.778 bit/s/Hz
[40215 ms] [UE 30556] UL: SNR = 63.50 dB | SE = 20.778 bit/s/Hz
[40215 ms] [UE 20945] UL: SNR = 63.50 dB | SE = 20.778 bit/s/Hz
[40283 ms] [UE 45898] UL: SNR = 63.50 dB | SE = 20.778 bit/s/Hz
[40283 ms] [UE 36997] UL: SNR = 63.50 dB | SE = 20.778 bit/s/Hz
[40283 ms] [UE 48787] UL: SNR = 63.50 dB | SE = 20.778 bit/s/Hz
[40283 ms] [UE 40252] UL: SNR = 56.00 dB | SE = 18.324 bit/s/Hz
[40283 ms] [UE 15599] UL: SNR = 52.50 dB | SE = 17.179 bit/s/Hz
[40325 ms] [UE 33952] UL: SNR = 63.50 dB | SE = 20.778 bit/s/Hz
[40325 ms] [UE 12169] UL: SNR = 63.50 dB | SE = 20.778 bit/s/Hz
[40325 ms] [UE 22873] UL: SNR = 63.50 dB | SE = 20.778 bit/s/Hz
[40325 ms] [UE 30556] UL: SNR = 63.50 dB | SE = 20.778 bit/s/Hz
[40325 ms] [UE 20945] UL: SNR = 63.50 dB | SE = 20.778 bit/s/Hz
[40393 ms] [UE 45898] UL: SNR = 63.50 dB | SE = 20.778 bit/s/Hz
[40393 ms] [UE 36997] UL: SNR = 63.50 dB | SE = 20.778 bit/s/Hz
[40393 ms] [UE 48787] UL: SNR = 63.50 dB | SE = 20.778 bit/s/Hz
[40393 ms] [UE 40252] UL: SNR = 56.00 dB | SE = 18.324 bit/s/Hz
[40393 ms] [UE 15599] UL: SNR = 52.50 dB | SE = 17.179 bit/s/Hz
[40426 ms] [UE 33952] UL: SNR = 63.50 dB | SE = 20.778 bit/s/Hz
[40426 ms] [UE 12169] UL: SNR = 63.50 dB | SE = 20.778 bit/s/Hz
[40426 ms] [UE 22873] UL: SNR = 63.50 dB | SE = 20.778 bit/s/Hz
[40426 ms] [UE 30556] UL: SNR = 63.50 dB | SE = 20.778 bit/s/Hz
[40426 ms] [UE 20945] UL: SNR = 63.50 dB | SE = 20.778 bit/s/Hz
[40503 ms] [UE 45898] UL: SNR = 63.50 dB | SE = 20.778 bit/s/Hz
[40503 ms] [UE 36997] UL: SNR = 63.50 dB | SE = 20.778 bit/s/Hz
[40503 ms] [UE 48787] UL: SNR = 63.50 dB | SE = 20.778 bit/s/Hz
[40503 ms] [UE 40252] UL: SNR = 56.00 dB | SE = 18.324 bit/s/Hz
[40503 ms] [UE 15599] UL: SNR = 52.50 dB | SE = 17.179 bit/s/Hz
[40536 ms] [UE 33952] UL: SNR = 63.50 dB | SE = 20.778 bit/s/Hz
[40536 ms] [UE 12169] UL: SNR = 63.50 dB | SE = 20.778 bit/s/Hz
[40536 ms] [UE 22873] UL: SNR = 63.50 dB | SE = 20.778 bit/s/Hz
[40536 ms] [UE 30556] UL: SNR = 63.50 dB | SE = 20.778 bit/s/Hz
[40536 ms] [UE 20945] UL: SNR = 63.50 dB | SE = 20.778 bit/s/Hz
[40613 ms] [UE 45898] UL: SNR = 63.50 dB | SE = 20.778 bit/s/Hz
[40613 ms] [UE 36997] UL: SNR = 63.50 dB | SE = 20.778 bit/s/Hz
[40613 ms] [UE 48787] UL: SNR = 63.50 dB | SE = 20.778 bit/s/Hz
[40613 ms] [UE 40252] UL: SNR = 56.00 dB | SE = 18.324 bit/s/Hz
[40613 ms] [UE 15599] UL: SNR = 52.50 dB | SE = 17.179 bit/s/Hz
[40646 ms] [UE 33952] UL: SNR = 63.50 dB | SE = 20.778 bit/s/Hz
[40646 ms] [UE 12169] UL: SNR = 63.50 dB | SE = 20.778 bit/s/Hz
[40646 ms] [UE 22873] UL: SNR = 63.50 dB | SE = 20.778 bit/s/Hz
[40646 ms] [UE 30556] UL: SNR = 63.50 dB | SE = 20.778 bit/s/Hz
[40646 ms] [UE 20945] UL: SNR = 63.50 dB | SE = 20.778 bit/s/Hz
[40713 ms] [UE 45898] UL: SNR = 63.50 dB | SE = 20.778 bit/s/Hz
[40713 ms] [UE 36997] UL: SNR = 63.50 dB | SE = 20.778 bit/s/Hz
[40713 ms] [UE 48787] UL: SNR = 63.50 dB | SE = 20.778 bit/s/Hz
[40713 ms] [UE 40252] UL: SNR = 56.00 dB | SE = 18.324 bit/s/Hz
[40713 ms] [UE 15599] UL: SNR = 52.50 dB | SE = 17.179 bit/s/Hz
[40756 ms] [UE 33952] UL: SNR = 63.50 dB | SE = 20.778 bit/s/Hz
[40756 ms] [UE 12169] UL: SNR = 63.50 dB | SE = 20.778 bit/s/Hz
[40756 ms] [UE 22873] UL: SNR = 63.50 dB | SE = 20.778 bit/s/Hz
[40756 ms] [UE 30556] UL: SNR = 63.50 dB | SE = 20.778 bit/s/Hz
[40756 ms] [UE 20945] UL: SNR = 63.50 dB | SE = 20.778 bit/s/Hz
[40822 ms] [UE 45898] UL: SNR = 63.50 dB | SE = 20.778 bit/s/Hz
[40822 ms] [UE 36997] UL: SNR = 63.50 dB | SE = 20.778 bit/s/Hz
[40822 ms] [UE 48787] UL: SNR = 63.50 dB | SE = 20.778 bit/s/Hz
[40822 ms] [UE 40252] UL: SNR = 56.00 dB | SE = 18.324 bit/s/Hz
[40822 ms] [UE 15599] UL: SNR = 52.50 dB | SE = 17.179 bit/s/Hz
[40856 ms] [UE 33952] UL: SNR = 63.50 dB | SE = 20.778 bit/s/Hz
[40856 ms] [UE 12169] UL: SNR = 63.50 dB | SE = 20.778 bit/s/Hz
[40856 ms] [UE 22873] UL: SNR = 63.50 dB | SE = 20.778 bit/s/Hz
[40856 ms] [UE 30556] UL: SNR = 63.50 dB | SE = 20.778 bit/s/Hz
[40856 ms] [UE 20945] UL: SNR = 63.50 dB | SE = 20.778 bit/s/Hz
[40923 ms] [UE 45898] UL: SNR = 63.50 dB | SE = 20.778 bit/s/Hz
[40923 ms] [UE 36997] UL: SNR = 63.50 dB | SE = 20.778 bit/s/Hz
[40923 ms] [UE 48787] UL: SNR = 63.50 dB | SE = 20.778 bit/s/Hz
[40923 ms] [UE 40252] UL: SNR = 56.00 dB | SE = 18.324 bit/s/Hz
[40923 ms] [UE 15599] UL: SNR = 52.50 dB | SE = 17.179 bit/s/Hz
[40965 ms] [UE 33952] UL: SNR = 63.50 dB | SE = 20.778 bit/s/Hz
[40965 ms] [UE 12169] UL: SNR = 63.50 dB | SE = 20.778 bit/s/Hz
[40965 ms] [UE 22873] UL: SNR = 63.50 dB | SE = 20.778 bit/s/Hz
[40965 ms] [UE 30556] UL: SNR = 63.50 dB | SE = 20.778 bit/s/Hz
[40965 ms] [UE 20945] UL: SNR = 63.50 dB | SE = 20.778 bit/s/Hz
[41032 ms] [UE 45898] UL: SNR = 63.50 dB | SE = 20.778 bit/s/Hz
[41032 ms] [UE 36997] UL: SNR = 63.50 dB | SE = 20.778 bit/s/Hz
[41032 ms] [UE 48787] UL: SNR = 63.50 dB | SE = 20.778 bit/s/Hz
[41032 ms] [UE 40252] UL: SNR = 56.00 dB | SE = 18.324 bit/s/Hz
[41032 ms] [UE 15599] UL: SNR = 52.50 dB | SE = 17.179 bit/s/Hz
[41075 ms] [UE 33952] UL: SNR = 63.50 dB | SE = 20.778 bit/s/Hz
[41075 ms] [UE 12169] UL: SNR = 63.50 dB | SE = 20.778 bit/s/Hz
[41075 ms] [UE 22873] UL: SNR = 63.50 dB | SE = 20.778 bit/s/Hz
[41075 ms] [UE 30556] UL: SNR = 63.50 dB | SE = 20.778 bit/s/Hz
[41075 ms] [UE 20945] UL: SNR = 63.50 dB | SE = 20.778 bit/s/Hz
[41133 ms] [UE 45898] UL: SNR = 63.50 dB | SE = 20.778 bit/s/Hz
[41133 ms] [UE 36997] UL: SNR = 63.50 dB | SE = 20.778 bit/s/Hz
[41133 ms] [UE 48787] UL: SNR = 63.50 dB | SE = 20.778 bit/s/Hz
[41133 ms] [UE 40252] UL: SNR = 56.00 dB | SE = 18.324 bit/s/Hz
[41133 ms] [UE 15599] UL: SNR = 52.50 dB | SE = 17.179 bit/s/Hz
[41175 ms] [UE 33952] UL: SNR = 63.50 dB | SE = 20.778 bit/s/Hz
[41175 ms] [UE 12169] UL: SNR = 63.50 dB | SE = 20.778 bit/s/Hz
[41175 ms] [UE 22873] UL: SNR = 63.50 dB | SE = 20.778 bit/s/Hz
[41175 ms] [UE 30556] UL: SNR = 63.50 dB | SE = 20.778 bit/s/Hz
[41175 ms] [UE 20945] UL: SNR = 63.50 dB | SE = 20.778 bit/s/Hz
[41233 ms] [UE 45898] UL: SNR = 63.50 dB | SE = 20.778 bit/s/Hz
[41233 ms] [UE 36997] UL: SNR = 63.50 dB | SE = 20.778 bit/s/Hz
[41233 ms] [UE 48787] UL: SNR = 63.50 dB | SE = 20.778 bit/s/Hz
[41233 ms] [UE 40252] UL: SNR = 56.00 dB | SE = 18.324 bit/s/Hz
[41233 ms] [UE 15599] UL: SNR = 52.50 dB | SE = 17.179 bit/s/Hz
[41285 ms] [UE 33952] UL: SNR = 63.50 dB | SE = 20.778 bit/s/Hz
[41285 ms] [UE 12169] UL: SNR = 63.50 dB | SE = 20.778 bit/s/Hz
[41285 ms] [UE 22873] UL: SNR = 63.50 dB | SE = 20.778 bit/s/Hz
[41285 ms] [UE 30556] UL: SNR = 63.50 dB | SE = 20.778 bit/s/Hz
[41285 ms] [UE 20945] UL: SNR = 63.50 dB | SE = 20.778 bit/s/Hz
[41343 ms] [UE 45898] UL: SNR = 63.50 dB | SE = 20.778 bit/s/Hz
[41343 ms] [UE 36997] UL: SNR = 63.50 dB | SE = 20.778 bit/s/Hz
[41343 ms] [UE 48787] UL: SNR = 63.50 dB | SE = 20.778 bit/s/Hz
[41343 ms] [UE 40252] UL: SNR = 56.00 dB | SE = 18.324 bit/s/Hz
[41343 ms] [UE 15599] UL: SNR = 52.50 dB | SE = 17.179 bit/s/Hz
[41386 ms] [UE 33952] UL: SNR = 63.50 dB | SE = 20.778 bit/s/Hz
[41386 ms] [UE 12169] UL: SNR = 63.50 dB | SE = 20.778 bit/s/Hz
[41386 ms] [UE 22873] UL: SNR = 63.50 dB | SE = 20.778 bit/s/Hz
[41386 ms] [UE 30556] UL: SNR = 63.50 dB | SE = 20.778 bit/s/Hz
[41386 ms] [UE 20945] UL: SNR = 63.50 dB | SE = 20.778 bit/s/Hz
[41453 ms] [UE 45898] UL: SNR = 63.50 dB | SE = 20.778 bit/s/Hz
[41453 ms] [UE 36997] UL: SNR = 63.50 dB | SE = 20.778 bit/s/Hz
[41453 ms] [UE 48787] UL: SNR = 63.50 dB | SE = 20.778 bit/s/Hz
[41453 ms] [UE 40252] UL: SNR = 56.00 dB | SE = 18.324 bit/s/Hz
[41453 ms] [UE 15599] UL: SNR = 52.50 dB | SE = 17.179 bit/s/Hz
[41495 ms] [UE 33952] UL: SNR = 63.50 dB | SE = 20.778 bit/s/Hz
[41495 ms] [UE 12169] UL: SNR = 63.50 dB | SE = 20.778 bit/s/Hz
[41495 ms] [UE 22873] UL: SNR = 63.50 dB | SE = 20.778 bit/s/Hz
[41495 ms] [UE 30556] UL: SNR = 63.50 dB | SE = 20.778 bit/s/Hz
[41495 ms] [UE 20945] UL: SNR = 63.50 dB | SE = 20.778 bit/s/Hz
[41563 ms] [UE 45898] UL: SNR = 63.50 dB | SE = 20.778 bit/s/Hz
[41563 ms] [UE 36997] UL: SNR = 63.50 dB | SE = 20.778 bit/s/Hz
[41563 ms] [UE 48787] UL: SNR = 63.50 dB | SE = 20.778 bit/s/Hz
[41563 ms] [UE 40252] UL: SNR = 56.00 dB | SE = 18.324 bit/s/Hz
[41563 ms] [UE 15599] UL: SNR = 52.50 dB | SE = 17.179 bit/s/Hz
[41595 ms] [UE 33952] UL: SNR = 63.50 dB | SE = 20.778 bit/s/Hz
[41595 ms] [UE 12169] UL: SNR = 63.50 dB | SE = 20.778 bit/s/Hz
[41595 ms] [UE 22873] UL: SNR = 63.50 dB | SE = 20.778 bit/s/Hz
[41595 ms] [UE 30556] UL: SNR = 7.50 dB | SE = 2.687 bit/s/Hz
[41595 ms] [UE 20945] UL: SNR = 63.50 dB | SE = 20.778 bit/s/Hz
[41663 ms] [UE 45898] UL: SNR = 63.50 dB | SE = 20.778 bit/s/Hz
[41663 ms] [UE 36997] UL: SNR = 63.50 dB | SE = 20.778 bit/s/Hz
[41663 ms] [UE 48787] UL: SNR = 63.50 dB | SE = 20.778 bit/s/Hz
[41663 ms] [UE 40252] UL: SNR = 56.00 dB | SE = 18.324 bit/s/Hz
[41663 ms] [UE 15599] UL: SNR = 52.50 dB | SE = 17.179 bit/s/Hz
[41705 ms] [UE 33952] UL: SNR = 63.50 dB | SE = 20.778 bit/s/Hz
[41705 ms] [UE 12169] UL: SNR = 63.50 dB | SE = 20.778 bit/s/Hz
[41705 ms] [UE 22873] UL: SNR = 63.50 dB | SE = 20.778 bit/s/Hz
[41705 ms] [UE 30556] UL: SNR = 7.50 dB | SE = 2.687 bit/s/Hz
[41705 ms] [UE 20945] UL: SNR = 63.50 dB | SE = 20.778 bit/s/Hz
[41773 ms] [UE 45898] UL: SNR = 63.50 dB | SE = 20.778 bit/s/Hz
[41773 ms] [UE 36997] UL: SNR = 63.50 dB | SE = 20.778 bit/s/Hz
[41773 ms] [UE 48787] UL: SNR = 63.50 dB | SE = 20.778 bit/s/Hz
[41773 ms] [UE 40252] UL: SNR = 56.00 dB | SE = 18.324 bit/s/Hz
[41773 ms] [UE 15599] UL: SNR = 52.50 dB | SE = 17.179 bit/s/Hz
[41806 ms] [UE 33952] UL: SNR = 63.50 dB | SE = 20.778 bit/s/Hz
[41806 ms] [UE 12169] UL: SNR = 63.50 dB | SE = 20.778 bit/s/Hz
[41806 ms] [UE 22873] UL: SNR = 63.50 dB | SE = 20.778 bit/s/Hz
[41806 ms] [UE 30556] UL: SNR = 7.50 dB | SE = 2.687 bit/s/Hz
[41806 ms] [UE 20945] UL: SNR = 63.50 dB | SE = 20.778 bit/s/Hz
[41873 ms] [UE 45898] UL: SNR = 63.50 dB | SE = 20.778 bit/s/Hz
[41873 ms] [UE 36997] UL: SNR = 63.50 dB | SE = 20.778 bit/s/Hz
[41873 ms] [UE 48787] UL: SNR = 63.50 dB | SE = 20.778 bit/s/Hz
[41873 ms] [UE 40252] UL: SNR = 56.00 dB | SE = 18.324 bit/s/Hz
[41873 ms] [UE 15599] UL: SNR = 52.50 dB | SE = 17.179 bit/s/Hz
[41906 ms] [UE 33952] UL: SNR = 63.50 dB | SE = 20.778 bit/s/Hz
[41906 ms] [UE 12169] UL: SNR = 63.50 dB | SE = 20.778 bit/s/Hz
[41906 ms] [UE 22873] UL: SNR = 63.50 dB | SE = 20.778 bit/s/Hz
[41906 ms] [UE 30556] UL: SNR = 7.50 dB | SE = 2.687 bit/s/Hz
[41906 ms] [UE 20945] UL: SNR = 63.50 dB | SE = 20.778 bit/s/Hz
[41983 ms] [UE 45898] UL: SNR = 63.50 dB | SE = 20.778 bit/s/Hz
[41983 ms] [UE 36997] UL: SNR = 63.50 dB | SE = 20.778 bit/s/Hz
[41983 ms] [UE 48787] UL: SNR = 63.50 dB | SE = 20.778 bit/s/Hz
[41983 ms] [UE 40252] UL: SNR = 56.00 dB | SE = 18.324 bit/s/Hz
[41983 ms] [UE 15599] UL: SNR = 52.50 dB | SE = 17.179 bit/s/Hz
[42015 ms] [UE 33952] UL: SNR = 63.50 dB | SE = 20.778 bit/s/Hz
[42015 ms] [UE 12169] UL: SNR = 63.50 dB | SE = 20.778 bit/s/Hz
[42015 ms] [UE 22873] UL: SNR = 63.50 dB | SE = 20.778 bit/s/Hz
[42015 ms] [UE 30556] UL: SNR = 7.50 dB | SE = 2.687 bit/s/Hz
[42015 ms] [UE 20945] UL: SNR = 63.50 dB | SE = 20.778 bit/s/Hz
[42093 ms] [UE 45898] UL: SNR = 63.50 dB | SE = 20.778 bit/s/Hz
[42093 ms] [UE 36997] UL: SNR = 63.50 dB | SE = 20.778 bit/s/Hz
[42093 ms] [UE 48787] UL: SNR = 63.50 dB | SE = 20.778 bit/s/Hz
[42093 ms] [UE 40252] UL: SNR = 56.00 dB | SE = 18.324 bit/s/Hz
[42093 ms] [UE 15599] UL: SNR = 52.50 dB | SE = 17.179 bit/s/Hz
[42115 ms] [UE 33952] UL: SNR = 63.50 dB | SE = 20.778 bit/s/Hz
[42115 ms] [UE 12169] UL: SNR = 63.50 dB | SE = 20.778 bit/s/Hz
[42115 ms] [UE 22873] UL: SNR = 63.50 dB | SE = 20.778 bit/s/Hz
[42115 ms] [UE 30556] UL: SNR = 7.50 dB | SE = 2.687 bit/s/Hz
[42115 ms] [UE 20945] UL: SNR = 63.50 dB | SE = 20.778 bit/s/Hz
[42202 ms] [UE 45898] UL: SNR = 63.50 dB | SE = 20.778 bit/s/Hz
[42202 ms] [UE 36997] UL: SNR = 63.50 dB | SE = 20.778 bit/s/Hz
[42202 ms] [UE 48787] UL: SNR = 63.50 dB | SE = 20.778 bit/s/Hz
[42202 ms] [UE 40252] UL: SNR = 56.00 dB | SE = 18.324 bit/s/Hz
[42202 ms] [UE 15599] UL: SNR = 52.50 dB | SE = 17.179 bit/s/Hz
[42226 ms] [UE 33952] UL: SNR = 63.50 dB | SE = 20.778 bit/s/Hz
[42226 ms] [UE 12169] UL: SNR = 63.50 dB | SE = 20.778 bit/s/Hz
[42226 ms] [UE 22873] UL: SNR = 63.50 dB | SE = 20.778 bit/s/Hz
[42226 ms] [UE 30556] UL: SNR = 7.50 dB | SE = 2.687 bit/s/Hz
[42226 ms] [UE 20945] UL: SNR = 63.50 dB | SE = 20.778 bit/s/Hz
[42303 ms] [UE 45898] UL: SNR = 63.50 dB | SE = 20.778 bit/s/Hz
[42303 ms] [UE 36997] UL: SNR = 63.50 dB | SE = 20.778 bit/s/Hz
[42303 ms] [UE 48787] UL: SNR = 63.50 dB | SE = 20.778 bit/s/Hz
[42303 ms] [UE 40252] UL: SNR = 56.00 dB | SE = 18.324 bit/s/Hz
[42303 ms] [UE 15599] UL: SNR = 52.50 dB | SE = 17.179 bit/s/Hz
[42327 ms] [UE 33952] UL: SNR = 63.50 dB | SE = 20.778 bit/s/Hz
[42327 ms] [UE 12169] UL: SNR = 63.50 dB | SE = 20.778 bit/s/Hz
[42327 ms] [UE 22873] UL: SNR = 63.50 dB | SE = 20.778 bit/s/Hz
[42327 ms] [UE 30556] UL: SNR = 53.50 dB | SE = 17.506 bit/s/Hz
[42327 ms] [UE 20945] UL: SNR = 63.50 dB | SE = 20.778 bit/s/Hz
[42413 ms] [UE 45898] UL: SNR = 63.50 dB | SE = 20.778 bit/s/Hz
[42413 ms] [UE 36997] UL: SNR = 63.50 dB | SE = 20.778 bit/s/Hz
[42413 ms] [UE 48787] UL: SNR = 63.50 dB | SE = 20.778 bit/s/Hz
[42413 ms] [UE 40252] UL: SNR = 56.00 dB | SE = 18.324 bit/s/Hz
[42413 ms] [UE 15599] UL: SNR = 52.50 dB | SE = 17.179 bit/s/Hz
[42435 ms] [UE 33952] UL: SNR = 63.50 dB | SE = 20.778 bit/s/Hz
[42435 ms] [UE 12169] UL: SNR = 63.50 dB | SE = 20.778 bit/s/Hz
[42435 ms] [UE 22873] UL: SNR = 63.50 dB | SE = 20.778 bit/s/Hz
[42435 ms] [UE 30556] UL: SNR = 53.50 dB | SE = 17.506 bit/s/Hz
[42435 ms] [UE 20945] UL: SNR = 63.50 dB | SE = 20.778 bit/s/Hz
[42514 ms] [UE 45898] UL: SNR = 63.50 dB | SE = 20.778 bit/s/Hz
[42514 ms] [UE 36997] UL: SNR = 63.50 dB | SE = 20.778 bit/s/Hz
[42514 ms] [UE 48787] UL: SNR = 63.50 dB | SE = 20.778 bit/s/Hz
[42514 ms] [UE 40252] UL: SNR = 56.00 dB | SE = 18.324 bit/s/Hz
[42514 ms] [UE 15599] UL: SNR = 52.50 dB | SE = 17.179 bit/s/Hz
[42535 ms] [UE 33952] UL: SNR = 63.50 dB | SE = 20.778 bit/s/Hz
[42535 ms] [UE 12169] UL: SNR = 63.50 dB | SE = 20.778 bit/s/Hz
[42535 ms] [UE 22873] UL: SNR = 63.50 dB | SE = 20.778 bit/s/Hz
[42535 ms] [UE 30556] UL: SNR = 54.00 dB | SE = 17.669 bit/s/Hz
[42535 ms] [UE 20945] UL: SNR = 63.50 dB | SE = 20.778 bit/s/Hz
[42622 ms] [UE 45898] UL: SNR = 63.50 dB | SE = 20.778 bit/s/Hz
[42622 ms] [UE 36997] UL: SNR = 63.50 dB | SE = 20.778 bit/s/Hz
[42622 ms] [UE 48787] UL: SNR = 63.50 dB | SE = 20.778 bit/s/Hz
[42622 ms] [UE 40252] UL: SNR = 56.00 dB | SE = 18.324 bit/s/Hz
[42622 ms] [UE 15599] UL: SNR = 52.50 dB | SE = 17.179 bit/s/Hz
[42645 ms] [UE 33952] UL: SNR = 63.50 dB | SE = 20.778 bit/s/Hz
[42645 ms] [UE 12169] UL: SNR = 63.50 dB | SE = 20.778 bit/s/Hz
[42645 ms] [UE 22873] UL: SNR = 63.50 dB | SE = 20.778 bit/s/Hz
[42645 ms] [UE 30556] UL: SNR = 54.00 dB | SE = 17.669 bit/s/Hz
[42645 ms] [UE 20945] UL: SNR = 63.50 dB | SE = 20.778 bit/s/Hz
[42723 ms] [UE 45898] UL: SNR = 63.50 dB | SE = 20.778 bit/s/Hz
[42723 ms] [UE 36997] UL: SNR = 63.50 dB | SE = 20.778 bit/s/Hz
[42723 ms] [UE 48787] UL: SNR = 63.50 dB | SE = 20.778 bit/s/Hz
[42723 ms] [UE 40252] UL: SNR = 56.00 dB | SE = 18.324 bit/s/Hz
[42723 ms] [UE 15599] UL: SNR = 52.50 dB | SE = 17.179 bit/s/Hz
[42745 ms] [UE 33952] UL: SNR = 63.50 dB | SE = 20.778 bit/s/Hz
[42745 ms] [UE 12169] UL: SNR = 63.50 dB | SE = 20.778 bit/s/Hz
[42745 ms] [UE 22873] UL: SNR = 63.50 dB | SE = 20.778 bit/s/Hz
[42745 ms] [UE 30556] UL: SNR = 54.00 dB | SE = 17.669 bit/s/Hz
[42745 ms] [UE 20945] UL: SNR = 63.50 dB | SE = 20.778 bit/s/Hz
[42833 ms] [UE 45898] UL: SNR = 63.50 dB | SE = 20.778 bit/s/Hz
[42833 ms] [UE 36997] UL: SNR = 63.50 dB | SE = 20.778 bit/s/Hz
[42833 ms] [UE 48787] UL: SNR = 63.50 dB | SE = 20.778 bit/s/Hz
[42833 ms] [UE 40252] UL: SNR = 56.00 dB | SE = 18.324 bit/s/Hz
[42833 ms] [UE 15599] UL: SNR = 52.50 dB | SE = 17.179 bit/s/Hz
[42846 ms] [UE 33952] UL: SNR = 63.50 dB | SE = 20.778 bit/s/Hz
[42846 ms] [UE 12169] UL: SNR = 63.50 dB | SE = 20.778 bit/s/Hz
[42846 ms] [UE 22873] UL: SNR = 63.50 dB | SE = 20.778 bit/s/Hz
[42846 ms] [UE 30556] UL: SNR = 63.50 dB | SE = 20.778 bit/s/Hz
[42846 ms] [UE 20945] UL: SNR = 63.50 dB | SE = 20.778 bit/s/Hz
[42943 ms] [UE 45898] UL: SNR = 63.50 dB | SE = 20.778 bit/s/Hz
[42943 ms] [UE 36997] UL: SNR = 63.50 dB | SE = 20.778 bit/s/Hz
[42943 ms] [UE 48787] UL: SNR = 63.50 dB | SE = 20.778 bit/s/Hz
[42943 ms] [UE 40252] UL: SNR = 56.00 dB | SE = 18.324 bit/s/Hz
[42943 ms] [UE 15599] UL: SNR = 52.50 dB | SE = 17.179 bit/s/Hz
[42946 ms] [UE 33952] UL: SNR = 63.50 dB | SE = 20.778 bit/s/Hz
[42946 ms] [UE 12169] UL: SNR = 63.50 dB | SE = 20.778 bit/s/Hz
[42946 ms] [UE 22873] UL: SNR = 63.50 dB | SE = 20.778 bit/s/Hz
[42946 ms] [UE 30556] UL: SNR = 63.50 dB | SE = 20.778 bit/s/Hz
[42946 ms] [UE 20945] UL: SNR = 63.50 dB | SE = 20.778 bit/s/Hz
[43053 ms] [UE 45898] UL: SNR = 63.50 dB | SE = 20.778 bit/s/Hz
[43053 ms] [UE 36997] UL: SNR = 63.50 dB | SE = 20.778 bit/s/Hz
[43053 ms] [UE 48787] UL: SNR = 63.50 dB | SE = 20.778 bit/s/Hz
[43053 ms] [UE 40252] UL: SNR = 56.00 dB | SE = 18.324 bit/s/Hz
[43053 ms] [UE 15599] UL: SNR = 52.50 dB | SE = 17.179 bit/s/Hz
[43055 ms] [UE 33952] UL: SNR = 63.50 dB | SE = 20.778 bit/s/Hz
[43055 ms] [UE 12169] UL: SNR = 63.50 dB | SE = 20.778 bit/s/Hz
[43055 ms] [UE 22873] UL: SNR = 63.50 dB | SE = 20.778 bit/s/Hz
[43055 ms] [UE 30556] UL: SNR = 54.00 dB | SE = 17.669 bit/s/Hz
[43055 ms] [UE 20945] UL: SNR = 63.50 dB | SE = 20.778 bit/s/Hz
[43157 ms] [UE 33952] UL: SNR = 63.50 dB | SE = 20.778 bit/s/Hz
[43157 ms] [UE 12169] UL: SNR = 63.50 dB | SE = 20.778 bit/s/Hz
[43157 ms] [UE 22873] UL: SNR = 63.50 dB | SE = 20.778 bit/s/Hz
[43157 ms] [UE 30556] UL: SNR = 54.00 dB | SE = 17.669 bit/s/Hz
[43157 ms] [UE 20945] UL: SNR = 63.50 dB | SE = 20.778 bit/s/Hz
[43163 ms] [UE 45898] UL: SNR = 63.50 dB | SE = 20.778 bit/s/Hz
[43163 ms] [UE 36997] UL: SNR = 63.50 dB | SE = 20.778 bit/s/Hz
[43163 ms] [UE 48787] UL: SNR = 63.50 dB | SE = 20.778 bit/s/Hz
[43163 ms] [UE 40252] UL: SNR = 56.00 dB | SE = 18.324 bit/s/Hz
[43163 ms] [UE 15599] UL: SNR = 52.50 dB | SE = 17.179 bit/s/Hz
[43263 ms] [UE 45898] UL: SNR = 63.50 dB | SE = 20.778 bit/s/Hz
[43263 ms] [UE 36997] UL: SNR = 63.50 dB | SE = 20.778 bit/s/Hz
[43263 ms] [UE 48787] UL: SNR = 63.50 dB | SE = 20.778 bit/s/Hz
[43263 ms] [UE 40252] UL: SNR = 56.00 dB | SE = 18.324 bit/s/Hz
[43263 ms] [UE 15599] UL: SNR = 52.50 dB | SE = 17.179 bit/s/Hz
[43265 ms] [UE 33952] UL: SNR = 63.50 dB | SE = 20.778 bit/s/Hz
[43265 ms] [UE 12169] UL: SNR = 63.50 dB | SE = 20.778 bit/s/Hz
[43265 ms] [UE 22873] UL: SNR = 63.50 dB | SE = 20.778 bit/s/Hz
[43265 ms] [UE 30556] UL: SNR = 54.00 dB | SE = 17.669 bit/s/Hz
[43265 ms] [UE 20945] UL: SNR = 63.50 dB | SE = 20.778 bit/s/Hz
[43374 ms] [UE 45898] UL: SNR = 63.50 dB | SE = 20.778 bit/s/Hz
[43374 ms] [UE 36997] UL: SNR = 63.50 dB | SE = 20.778 bit/s/Hz
[43374 ms] [UE 48787] UL: SNR = 63.50 dB | SE = 20.778 bit/s/Hz
[43374 ms] [UE 40252] UL: SNR = 56.00 dB | SE = 18.324 bit/s/Hz
[43374 ms] [UE 15599] UL: SNR = 52.50 dB | SE = 17.179 bit/s/Hz
[43375 ms] [UE 33952] UL: SNR = 63.50 dB | SE = 20.778 bit/s/Hz
[43375 ms] [UE 12169] UL: SNR = 63.50 dB | SE = 20.778 bit/s/Hz
[43375 ms] [UE 22873] UL: SNR = 63.50 dB | SE = 20.778 bit/s/Hz
[43375 ms] [UE 30556] UL: SNR = 63.50 dB | SE = 20.778 bit/s/Hz
[43375 ms] [UE 20945] UL: SNR = 63.50 dB | SE = 20.778 bit/s/Hz
[43475 ms] [UE 33952] UL: SNR = 63.50 dB | SE = 20.778 bit/s/Hz
[43475 ms] [UE 12169] UL: SNR = 63.50 dB | SE = 20.778 bit/s/Hz
[43475 ms] [UE 22873] UL: SNR = 63.50 dB | SE = 20.778 bit/s/Hz
[43475 ms] [UE 30556] UL: SNR = 63.50 dB | SE = 20.778 bit/s/Hz
[43475 ms] [UE 20945] UL: SNR = 63.50 dB | SE = 20.778 bit/s/Hz
[43483 ms] [UE 45898] UL: SNR = 63.50 dB | SE = 20.778 bit/s/Hz
[43483 ms] [UE 36997] UL: SNR = 63.50 dB | SE = 20.778 bit/s/Hz
[43483 ms] [UE 48787] UL: SNR = 63.50 dB | SE = 20.778 bit/s/Hz
[43483 ms] [UE 40252] UL: SNR = 56.00 dB | SE = 18.324 bit/s/Hz
[43483 ms] [UE 15599] UL: SNR = 52.50 dB | SE = 17.179 bit/s/Hz
[43576 ms] [UE 33952] UL: SNR = 63.50 dB | SE = 20.778 bit/s/Hz
[43576 ms] [UE 12169] UL: SNR = 63.50 dB | SE = 20.778 bit/s/Hz
[43576 ms] [UE 22873] UL: SNR = 63.50 dB | SE = 20.778 bit/s/Hz
[43576 ms] [UE 30556] UL: SNR = 63.50 dB | SE = 20.778 bit/s/Hz
[43576 ms] [UE 20945] UL: SNR = 63.50 dB | SE = 20.778 bit/s/Hz
[43593 ms] [UE 45898] UL: SNR = 63.50 dB | SE = 20.778 bit/s/Hz
[43593 ms] [UE 36997] UL: SNR = 63.50 dB | SE = 20.778 bit/s/Hz
[43593 ms] [UE 48787] UL: SNR = 63.50 dB | SE = 20.778 bit/s/Hz
[43593 ms] [UE 40252] UL: SNR = 56.00 dB | SE = 18.324 bit/s/Hz
[43593 ms] [UE 15599] UL: SNR = 52.50 dB | SE = 17.179 bit/s/Hz
[43685 ms] [UE 33952] UL: SNR = 63.50 dB | SE = 20.778 bit/s/Hz
[43685 ms] [UE 12169] UL: SNR = 63.50 dB | SE = 20.778 bit/s/Hz
[43685 ms] [UE 22873] UL: SNR = 63.50 dB | SE = 20.778 bit/s/Hz
[43685 ms] [UE 30556] UL: SNR = 63.50 dB | SE = 20.778 bit/s/Hz
[43685 ms] [UE 20945] UL: SNR = 63.50 dB | SE = 20.778 bit/s/Hz
[43703 ms] [UE 45898] UL: SNR = 63.50 dB | SE = 20.778 bit/s/Hz
[43703 ms] [UE 36997] UL: SNR = 63.50 dB | SE = 20.778 bit/s/Hz
[43703 ms] [UE 48787] UL: SNR = 63.50 dB | SE = 20.778 bit/s/Hz
[43703 ms] [UE 40252] UL: SNR = 56.00 dB | SE = 18.324 bit/s/Hz
[43703 ms] [UE 15599] UL: SNR = 52.50 dB | SE = 17.179 bit/s/Hz
[43785 ms] [UE 33952] UL: SNR = 63.50 dB | SE = 20.778 bit/s/Hz
[43785 ms] [UE 12169] UL: SNR = 63.50 dB | SE = 20.778 bit/s/Hz
[43785 ms] [UE 22873] UL: SNR = 63.50 dB | SE = 20.778 bit/s/Hz
[43785 ms] [UE 30556] UL: SNR = 63.50 dB | SE = 20.778 bit/s/Hz
[43785 ms] [UE 20945] UL: SNR = 63.50 dB | SE = 20.778 bit/s/Hz
[43803 ms] [UE 45898] UL: SNR = 63.50 dB | SE = 20.778 bit/s/Hz
[43803 ms] [UE 36997] UL: SNR = 63.50 dB | SE = 20.778 bit/s/Hz
[43803 ms] [UE 48787] UL: SNR = 63.50 dB | SE = 20.778 bit/s/Hz
[43803 ms] [UE 40252] UL: SNR = 56.00 dB | SE = 18.324 bit/s/Hz
[43803 ms] [UE 15599] UL: SNR = 52.50 dB | SE = 17.179 bit/s/Hz
[43896 ms] [UE 33952] UL: SNR = 63.50 dB | SE = 20.778 bit/s/Hz
[43896 ms] [UE 12169] UL: SNR = 63.50 dB | SE = 20.778 bit/s/Hz
[43896 ms] [UE 22873] UL: SNR = 63.50 dB | SE = 20.778 bit/s/Hz
[43896 ms] [UE 30556] UL: SNR = 54.00 dB | SE = 17.669 bit/s/Hz
[43896 ms] [UE 20945] UL: SNR = 63.50 dB | SE = 20.778 bit/s/Hz
[43903 ms] [UE 45898] UL: SNR = 63.50 dB | SE = 20.778 bit/s/Hz
[43903 ms] [UE 36997] UL: SNR = 63.50 dB | SE = 20.778 bit/s/Hz
[43903 ms] [UE 48787] UL: SNR = 63.50 dB | SE = 20.778 bit/s/Hz
[43903 ms] [UE 40252] UL: SNR = 56.00 dB | SE = 18.324 bit/s/Hz
[43903 ms] [UE 15599] UL: SNR = 52.50 dB | SE = 17.179 bit/s/Hz
[44003 ms] [UE 45898] UL: SNR = 63.50 dB | SE = 20.778 bit/s/Hz
[44003 ms] [UE 36997] UL: SNR = 63.50 dB | SE = 20.778 bit/s/Hz
[44003 ms] [UE 48787] UL: SNR = 63.50 dB | SE = 20.778 bit/s/Hz
[44003 ms] [UE 40252] UL: SNR = 56.00 dB | SE = 18.324 bit/s/Hz
[44003 ms] [UE 15599] UL: SNR = 52.50 dB | SE = 17.179 bit/s/Hz
[44007 ms] [UE 33952] UL: SNR = 63.50 dB | SE = 20.778 bit/s/Hz
[44007 ms] [UE 12169] UL: SNR = 63.50 dB | SE = 20.778 bit/s/Hz
[44007 ms] [UE 22873] UL: SNR = 63.50 dB | SE = 20.778 bit/s/Hz
[44007 ms] [UE 30556] UL: SNR = 54.00 dB | SE = 17.669 bit/s/Hz
[44007 ms] [UE 20945] UL: SNR = 63.50 dB | SE = 20.778 bit/s/Hz
[44113 ms] [UE 45898] UL: SNR = 63.50 dB | SE = 20.778 bit/s/Hz
[44113 ms] [UE 36997] UL: SNR = 63.50 dB | SE = 20.778 bit/s/Hz
[44113 ms] [UE 48787] UL: SNR = 63.50 dB | SE = 20.778 bit/s/Hz
[44113 ms] [UE 40252] UL: SNR = 56.00 dB | SE = 18.324 bit/s/Hz
[44113 ms] [UE 15599] UL: SNR = 52.50 dB | SE = 17.179 bit/s/Hz
[44115 ms] [UE 33952] UL: SNR = 63.50 dB | SE = 20.778 bit/s/Hz
[44115 ms] [UE 12169] UL: SNR = 63.50 dB | SE = 20.778 bit/s/Hz
[44115 ms] [UE 22873] UL: SNR = 63.50 dB | SE = 20.778 bit/s/Hz
[44115 ms] [UE 30556] UL: SNR = 63.50 dB | SE = 20.778 bit/s/Hz
[44115 ms] [UE 20945] UL: SNR = 63.50 dB | SE = 20.778 bit/s/Hz
[44215 ms] [UE 33952] UL: SNR = 63.50 dB | SE = 20.778 bit/s/Hz
[44215 ms] [UE 12169] UL: SNR = 63.50 dB | SE = 20.778 bit/s/Hz
[44215 ms] [UE 22873] UL: SNR = 63.50 dB | SE = 20.778 bit/s/Hz
[44215 ms] [UE 30556] UL: SNR = 63.50 dB | SE = 20.778 bit/s/Hz
[44215 ms] [UE 20945] UL: SNR = 63.50 dB | SE = 20.778 bit/s/Hz
[44223 ms] [UE 45898] UL: SNR = 63.50 dB | SE = 20.778 bit/s/Hz
[44223 ms] [UE 36997] UL: SNR = 63.50 dB | SE = 20.778 bit/s/Hz
[44223 ms] [UE 48787] UL: SNR = 63.50 dB | SE = 20.778 bit/s/Hz
[44223 ms] [UE 40252] UL: SNR = 56.00 dB | SE = 18.324 bit/s/Hz
[44223 ms] [UE 15599] UL: SNR = 52.50 dB | SE = 17.179 bit/s/Hz
[44325 ms] [UE 33952] UL: SNR = 63.50 dB | SE = 20.778 bit/s/Hz
[44325 ms] [UE 12169] UL: SNR = 63.50 dB | SE = 20.778 bit/s/Hz
[44325 ms] [UE 22873] UL: SNR = 63.50 dB | SE = 20.778 bit/s/Hz
[44325 ms] [UE 30556] UL: SNR = 63.50 dB | SE = 20.778 bit/s/Hz
[44325 ms] [UE 20945] UL: SNR = 63.50 dB | SE = 20.778 bit/s/Hz
[44333 ms] [UE 45898] UL: SNR = 63.50 dB | SE = 20.778 bit/s/Hz
[44333 ms] [UE 36997] UL: SNR = 63.50 dB | SE = 20.778 bit/s/Hz
[44333 ms] [UE 48787] UL: SNR = 63.50 dB | SE = 20.778 bit/s/Hz
[44333 ms] [UE 40252] UL: SNR = 56.00 dB | SE = 18.324 bit/s/Hz
[44333 ms] [UE 15599] UL: SNR = 52.50 dB | SE = 17.179 bit/s/Hz
[44433 ms] [UE 45898] UL: SNR = 63.50 dB | SE = 20.778 bit/s/Hz
[44433 ms] [UE 36997] UL: SNR = 63.50 dB | SE = 20.778 bit/s/Hz
[44433 ms] [UE 48787] UL: SNR = 63.50 dB | SE = 20.778 bit/s/Hz
[44433 ms] [UE 40252] UL: SNR = 56.00 dB | SE = 18.324 bit/s/Hz
[44433 ms] [UE 15599] UL: SNR = 52.50 dB | SE = 17.179 bit/s/Hz
[44435 ms] [UE 33952] UL: SNR = 63.50 dB | SE = 20.778 bit/s/Hz
[44435 ms] [UE 12169] UL: SNR = 63.50 dB | SE = 20.778 bit/s/Hz
[44435 ms] [UE 22873] UL: SNR = 63.50 dB | SE = 20.778 bit/s/Hz
[44435 ms] [UE 30556] UL: SNR = 63.50 dB | SE = 20.778 bit/s/Hz
[44435 ms] [UE 20945] UL: SNR = 63.50 dB | SE = 20.778 bit/s/Hz
[44534 ms] [UE 45898] UL: SNR = 63.50 dB | SE = 20.778 bit/s/Hz
[44534 ms] [UE 36997] UL: SNR = 63.50 dB | SE = 20.778 bit/s/Hz
[44534 ms] [UE 48787] UL: SNR = 63.50 dB | SE = 20.778 bit/s/Hz
[44534 ms] [UE 40252] UL: SNR = 56.00 dB | SE = 18.324 bit/s/Hz
[44534 ms] [UE 15599] UL: SNR = 52.50 dB | SE = 17.179 bit/s/Hz
[44535 ms] [UE 33952] UL: SNR = 63.50 dB | SE = 20.778 bit/s/Hz
[44535 ms] [UE 12169] UL: SNR = 63.50 dB | SE = 20.778 bit/s/Hz
[44535 ms] [UE 22873] UL: SNR = 63.50 dB | SE = 20.778 bit/s/Hz
[44535 ms] [UE 30556] UL: SNR = 63.50 dB | SE = 20.778 bit/s/Hz
[44535 ms] [UE 20945] UL: SNR = 63.50 dB | SE = 20.778 bit/s/Hz
[44635 ms] [UE 33952] UL: SNR = 63.50 dB | SE = 20.778 bit/s/Hz
[44635 ms] [UE 12169] UL: SNR = 63.50 dB | SE = 20.778 bit/s/Hz
[44635 ms] [UE 22873] UL: SNR = 63.50 dB | SE = 20.778 bit/s/Hz
[44635 ms] [UE 30556] UL: SNR = 63.50 dB | SE = 20.778 bit/s/Hz
[44635 ms] [UE 20945] UL: SNR = 63.50 dB | SE = 20.778 bit/s/Hz
[44643 ms] [UE 45898] UL: SNR = 63.50 dB | SE = 20.778 bit/s/Hz
[44643 ms] [UE 36997] UL: SNR = 63.50 dB | SE = 20.778 bit/s/Hz
[44643 ms] [UE 48787] UL: SNR = 63.50 dB | SE = 20.778 bit/s/Hz
[44643 ms] [UE 40252] UL: SNR = 56.00 dB | SE = 18.324 bit/s/Hz
[44643 ms] [UE 15599] UL: SNR = 52.50 dB | SE = 17.179 bit/s/Hz
[44735 ms] [UE 33952] UL: SNR = 63.50 dB | SE = 20.778 bit/s/Hz
[44735 ms] [UE 12169] UL: SNR = 63.50 dB | SE = 20.778 bit/s/Hz
[44735 ms] [UE 22873] UL: SNR = 63.50 dB | SE = 20.778 bit/s/Hz
[44735 ms] [UE 30556] UL: SNR = 63.50 dB | SE = 20.778 bit/s/Hz
[44735 ms] [UE 20945] UL: SNR = 63.50 dB | SE = 20.778 bit/s/Hz
[44753 ms] [UE 45898] UL: SNR = 63.50 dB | SE = 20.778 bit/s/Hz
[44753 ms] [UE 36997] UL: SNR = 63.50 dB | SE = 20.778 bit/s/Hz
[44753 ms] [UE 48787] UL: SNR = 63.50 dB | SE = 20.778 bit/s/Hz
[44753 ms] [UE 40252] UL: SNR = 56.00 dB | SE = 18.324 bit/s/Hz
[44753 ms] [UE 15599] UL: SNR = 52.50 dB | SE = 17.179 bit/s/Hz
[44836 ms] [UE 33952] UL: SNR = 63.50 dB | SE = 20.778 bit/s/Hz
[44836 ms] [UE 12169] UL: SNR = 63.50 dB | SE = 20.778 bit/s/Hz
[44836 ms] [UE 22873] UL: SNR = 63.50 dB | SE = 20.778 bit/s/Hz
[44836 ms] [UE 30556] UL: SNR = 63.50 dB | SE = 20.778 bit/s/Hz
[44836 ms] [UE 20945] UL: SNR = 63.50 dB | SE = 20.778 bit/s/Hz
[44853 ms] [UE 45898] UL: SNR = 63.50 dB | SE = 20.778 bit/s/Hz
[44853 ms] [UE 36997] UL: SNR = 63.50 dB | SE = 20.778 bit/s/Hz
[44853 ms] [UE 48787] UL: SNR = 63.50 dB | SE = 20.778 bit/s/Hz
[44853 ms] [UE 40252] UL: SNR = 56.00 dB | SE = 18.324 bit/s/Hz
[44853 ms] [UE 15599] UL: SNR = 52.50 dB | SE = 17.179 bit/s/Hz
[44946 ms] [UE 33952] UL: SNR = 63.50 dB | SE = 20.778 bit/s/Hz
[44946 ms] [UE 12169] UL: SNR = 63.50 dB | SE = 20.778 bit/s/Hz
[44946 ms] [UE 22873] UL: SNR = 63.50 dB | SE = 20.778 bit/s/Hz
[44946 ms] [UE 30556] UL: SNR = 63.50 dB | SE = 20.778 bit/s/Hz
[44946 ms] [UE 20945] UL: SNR = 63.50 dB | SE = 20.778 bit/s/Hz
[44953 ms] [UE 45898] UL: SNR = 63.50 dB | SE = 20.778 bit/s/Hz
[44953 ms] [UE 36997] UL: SNR = 63.50 dB | SE = 20.778 bit/s/Hz
[44953 ms] [UE 48787] UL: SNR = 63.50 dB | SE = 20.778 bit/s/Hz
[44953 ms] [UE 40252] UL: SNR = 56.00 dB | SE = 18.324 bit/s/Hz
[44953 ms] [UE 15599] UL: SNR = 52.50 dB | SE = 17.179 bit/s/Hz
[45055 ms] [UE 33952] UL: SNR = 63.50 dB | SE = 20.778 bit/s/Hz
[45055 ms] [UE 12169] UL: SNR = 63.50 dB | SE = 20.778 bit/s/Hz
[45055 ms] [UE 22873] UL: SNR = 63.50 dB | SE = 20.778 bit/s/Hz
[45055 ms] [UE 30556] UL: SNR = 63.50 dB | SE = 20.778 bit/s/Hz
[45055 ms] [UE 20945] UL: SNR = 63.50 dB | SE = 20.778 bit/s/Hz
[45063 ms] [UE 45898] UL: SNR = 63.50 dB | SE = 20.778 bit/s/Hz
[45063 ms] [UE 36997] UL: SNR = 63.50 dB | SE = 20.778 bit/s/Hz
[45063 ms] [UE 48787] UL: SNR = 63.50 dB | SE = 20.778 bit/s/Hz
[45063 ms] [UE 40252] UL: SNR = 56.00 dB | SE = 18.324 bit/s/Hz
[45063 ms] [UE 15599] UL: SNR = 52.50 dB | SE = 17.179 bit/s/Hz
[45156 ms] [UE 33952] UL: SNR = 63.50 dB | SE = 20.778 bit/s/Hz
[45156 ms] [UE 12169] UL: SNR = 63.50 dB | SE = 20.778 bit/s/Hz
[45156 ms] [UE 22873] UL: SNR = 63.50 dB | SE = 20.778 bit/s/Hz
[45156 ms] [UE 30556] UL: SNR = 63.50 dB | SE = 20.778 bit/s/Hz
[45156 ms] [UE 20945] UL: SNR = 63.50 dB | SE = 20.778 bit/s/Hz
[45163 ms] [UE 45898] UL: SNR = 63.50 dB | SE = 20.778 bit/s/Hz
[45163 ms] [UE 36997] UL: SNR = 63.50 dB | SE = 20.778 bit/s/Hz
[45163 ms] [UE 48787] UL: SNR = 63.50 dB | SE = 20.778 bit/s/Hz
[45163 ms] [UE 40252] UL: SNR = 56.00 dB | SE = 18.324 bit/s/Hz
[45163 ms] [UE 15599] UL: SNR = 52.50 dB | SE = 17.179 bit/s/Hz
[45265 ms] [UE 33952] UL: SNR = 63.50 dB | SE = 20.778 bit/s/Hz
[45265 ms] [UE 12169] UL: SNR = 63.50 dB | SE = 20.778 bit/s/Hz
[45265 ms] [UE 22873] UL: SNR = 63.50 dB | SE = 20.778 bit/s/Hz
[45265 ms] [UE 30556] UL: SNR = 63.50 dB | SE = 20.778 bit/s/Hz
[45265 ms] [UE 20945] UL: SNR = 63.50 dB | SE = 20.778 bit/s/Hz
[45273 ms] [UE 45898] UL: SNR = 63.50 dB | SE = 20.778 bit/s/Hz
[45273 ms] [UE 36997] UL: SNR = 63.50 dB | SE = 20.778 bit/s/Hz
[45273 ms] [UE 48787] UL: SNR = 63.50 dB | SE = 20.778 bit/s/Hz
[45273 ms] [UE 40252] UL: SNR = 56.00 dB | SE = 18.324 bit/s/Hz
[45273 ms] [UE 15599] UL: SNR = 52.50 dB | SE = 17.179 bit/s/Hz
[45365 ms] [UE 33952] UL: SNR = 63.50 dB | SE = 20.778 bit/s/Hz
[45365 ms] [UE 12169] UL: SNR = 63.50 dB | SE = 20.778 bit/s/Hz
[45365 ms] [UE 22873] UL: SNR = 63.50 dB | SE = 20.778 bit/s/Hz
[45365 ms] [UE 30556] UL: SNR = 63.50 dB | SE = 20.778 bit/s/Hz
[45365 ms] [UE 20945] UL: SNR = 63.50 dB | SE = 20.778 bit/s/Hz
[45373 ms] [UE 45898] UL: SNR = 63.50 dB | SE = 20.778 bit/s/Hz
[45373 ms] [UE 36997] UL: SNR = 63.50 dB | SE = 20.778 bit/s/Hz
[45373 ms] [UE 48787] UL: SNR = 63.50 dB | SE = 20.778 bit/s/Hz
[45373 ms] [UE 40252] UL: SNR = 56.00 dB | SE = 18.324 bit/s/Hz
[45373 ms] [UE 15599] UL: SNR = 52.50 dB | SE = 17.179 bit/s/Hz
[45466 ms] [UE 33952] UL: SNR = 63.50 dB | SE = 20.778 bit/s/Hz
[45466 ms] [UE 12169] UL: SNR = 63.50 dB | SE = 20.778 bit/s/Hz
[45466 ms] [UE 22873] UL: SNR = 63.50 dB | SE = 20.778 bit/s/Hz
[45466 ms] [UE 30556] UL: SNR = 63.50 dB | SE = 20.778 bit/s/Hz
[45466 ms] [UE 20945] UL: SNR = 63.50 dB | SE = 20.778 bit/s/Hz
[45483 ms] [UE 45898] UL: SNR = 63.50 dB | SE = 20.778 bit/s/Hz
[45483 ms] [UE 36997] UL: SNR = 63.50 dB | SE = 20.778 bit/s/Hz
[45483 ms] [UE 48787] UL: SNR = 63.50 dB | SE = 20.778 bit/s/Hz
[45483 ms] [UE 40252] UL: SNR = 56.00 dB | SE = 18.324 bit/s/Hz
[45483 ms] [UE 15599] UL: SNR = 52.50 dB | SE = 17.179 bit/s/Hz
[45576 ms] [UE 33952] UL: SNR = 63.50 dB | SE = 20.778 bit/s/Hz
[45576 ms] [UE 12169] UL: SNR = 63.50 dB | SE = 20.778 bit/s/Hz
[45576 ms] [UE 22873] UL: SNR = 63.50 dB | SE = 20.778 bit/s/Hz
[45576 ms] [UE 30556] UL: SNR = 63.50 dB | SE = 20.778 bit/s/Hz
[45576 ms] [UE 20945] UL: SNR = 63.50 dB | SE = 20.778 bit/s/Hz
[45583 ms] [UE 45898] UL: SNR = 63.50 dB | SE = 20.778 bit/s/Hz
[45583 ms] [UE 36997] UL: SNR = 63.50 dB | SE = 20.778 bit/s/Hz
[45583 ms] [UE 48787] UL: SNR = 63.50 dB | SE = 20.778 bit/s/Hz
[45583 ms] [UE 40252] UL: SNR = 56.00 dB | SE = 18.324 bit/s/Hz
[45583 ms] [UE 15599] UL: SNR = 52.50 dB | SE = 17.179 bit/s/Hz
[45685 ms] [UE 33952] UL: SNR = 63.50 dB | SE = 20.778 bit/s/Hz
[45685 ms] [UE 12169] UL: SNR = 63.50 dB | SE = 20.778 bit/s/Hz
[45685 ms] [UE 22873] UL: SNR = 63.50 dB | SE = 20.778 bit/s/Hz
[45685 ms] [UE 30556] UL: SNR = 7.50 dB | SE = 2.687 bit/s/Hz
[45685 ms] [UE 20945] UL: SNR = 63.50 dB | SE = 20.778 bit/s/Hz
[45693 ms] [UE 45898] UL: SNR = 63.50 dB | SE = 20.778 bit/s/Hz
[45693 ms] [UE 36997] UL: SNR = 63.50 dB | SE = 20.778 bit/s/Hz
[45693 ms] [UE 48787] UL: SNR = 63.50 dB | SE = 20.778 bit/s/Hz
[45693 ms] [UE 40252] UL: SNR = 56.00 dB | SE = 18.324 bit/s/Hz
[45693 ms] [UE 15599] UL: SNR = 52.50 dB | SE = 17.179 bit/s/Hz
[45795 ms] [UE 33952] UL: SNR = 63.50 dB | SE = 20.778 bit/s/Hz
[45795 ms] [UE 12169] UL: SNR = 63.50 dB | SE = 20.778 bit/s/Hz
[45795 ms] [UE 22873] UL: SNR = 63.50 dB | SE = 20.778 bit/s/Hz
[45795 ms] [UE 30556] UL: SNR = 7.50 dB | SE = 2.687 bit/s/Hz
[45795 ms] [UE 20945] UL: SNR = 63.50 dB | SE = 20.778 bit/s/Hz
[45803 ms] [UE 45898] UL: SNR = 63.50 dB | SE = 20.778 bit/s/Hz
[45803 ms] [UE 36997] UL: SNR = 63.50 dB | SE = 20.778 bit/s/Hz
[45803 ms] [UE 48787] UL: SNR = 63.50 dB | SE = 20.778 bit/s/Hz
[45803 ms] [UE 40252] UL: SNR = 56.00 dB | SE = 18.324 bit/s/Hz
[45803 ms] [UE 15599] UL: SNR = 52.50 dB | SE = 17.179 bit/s/Hz
[45895 ms] [UE 33952] UL: SNR = 63.50 dB | SE = 20.778 bit/s/Hz
[45895 ms] [UE 12169] UL: SNR = 63.50 dB | SE = 20.778 bit/s/Hz
[45895 ms] [UE 22873] UL: SNR = 63.50 dB | SE = 20.778 bit/s/Hz
[45895 ms] [UE 30556] UL: SNR = 7.50 dB | SE = 2.687 bit/s/Hz
[45895 ms] [UE 20945] UL: SNR = 63.50 dB | SE = 20.778 bit/s/Hz
[45913 ms] [UE 45898] UL: SNR = 63.50 dB | SE = 20.778 bit/s/Hz
[45913 ms] [UE 36997] UL: SNR = 63.50 dB | SE = 20.778 bit/s/Hz
[45913 ms] [UE 48787] UL: SNR = 63.50 dB | SE = 20.778 bit/s/Hz
[45913 ms] [UE 40252] UL: SNR = 56.00 dB | SE = 18.324 bit/s/Hz
[45913 ms] [UE 15599] UL: SNR = 52.50 dB | SE = 17.179 bit/s/Hz
[45996 ms] [UE 33952] UL: SNR = 7.50 dB | SE = 2.687 bit/s/Hz
[45996 ms] [UE 12169] UL: SNR = 63.50 dB | SE = 20.778 bit/s/Hz
[45996 ms] [UE 22873] UL: SNR = 63.50 dB | SE = 20.778 bit/s/Hz
[45996 ms] [UE 30556] UL: SNR = 51.50 dB | SE = 16.851 bit/s/Hz
[45996 ms] [UE 20945] UL: SNR = 63.50 dB | SE = 20.778 bit/s/Hz
[46023 ms] [UE 45898] UL: SNR = 63.50 dB | SE = 20.778 bit/s/Hz
[46023 ms] [UE 36997] UL: SNR = 63.50 dB | SE = 20.778 bit/s/Hz
[46023 ms] [UE 48787] UL: SNR = 63.50 dB | SE = 20.778 bit/s/Hz
[46023 ms] [UE 40252] UL: SNR = 56.00 dB | SE = 18.324 bit/s/Hz
[46023 ms] [UE 15599] UL: SNR = 52.50 dB | SE = 17.179 bit/s/Hz
[46106 ms] [UE 33952] UL: SNR = 7.50 dB | SE = 2.687 bit/s/Hz
[46106 ms] [UE 12169] UL: SNR = 63.50 dB | SE = 20.778 bit/s/Hz
[46106 ms] [UE 22873] UL: SNR = 63.50 dB | SE = 20.778 bit/s/Hz
[46106 ms] [UE 30556] UL: SNR = 51.50 dB | SE = 16.851 bit/s/Hz
[46106 ms] [UE 20945] UL: SNR = 63.50 dB | SE = 20.778 bit/s/Hz
[46123 ms] [UE 45898] UL: SNR = 63.50 dB | SE = 20.778 bit/s/Hz
[46123 ms] [UE 36997] UL: SNR = 63.50 dB | SE = 20.778 bit/s/Hz
[46123 ms] [UE 48787] UL: SNR = 63.50 dB | SE = 20.778 bit/s/Hz
[46123 ms] [UE 40252] UL: SNR = 56.00 dB | SE = 18.324 bit/s/Hz
[46123 ms] [UE 15599] UL: SNR = 52.50 dB | SE = 17.179 bit/s/Hz
[46215 ms] [UE 33952] UL: SNR = 7.50 dB | SE = 2.687 bit/s/Hz
[46215 ms] [UE 12169] UL: SNR = 63.50 dB | SE = 20.778 bit/s/Hz
[46215 ms] [UE 22873] UL: SNR = 63.50 dB | SE = 20.778 bit/s/Hz
[46215 ms] [UE 30556] UL: SNR = 51.50 dB | SE = 16.851 bit/s/Hz
[46215 ms] [UE 20945] UL: SNR = 63.50 dB | SE = 20.778 bit/s/Hz
[46233 ms] [UE 45898] UL: SNR = 63.50 dB | SE = 20.778 bit/s/Hz
[46233 ms] [UE 36997] UL: SNR = 63.50 dB | SE = 20.778 bit/s/Hz
[46233 ms] [UE 48787] UL: SNR = 63.50 dB | SE = 20.778 bit/s/Hz
[46233 ms] [UE 40252] UL: SNR = 56.00 dB | SE = 18.324 bit/s/Hz
[46233 ms] [UE 15599] UL: SNR = 52.50 dB | SE = 17.179 bit/s/Hz
[46325 ms] [UE 33952] UL: SNR = 7.50 dB | SE = 2.687 bit/s/Hz
[46325 ms] [UE 12169] UL: SNR = 63.50 dB | SE = 20.778 bit/s/Hz
[46325 ms] [UE 22873] UL: SNR = 63.50 dB | SE = 20.778 bit/s/Hz
[46325 ms] [UE 30556] UL: SNR = 51.50 dB | SE = 16.851 bit/s/Hz
[46325 ms] [UE 20945] UL: SNR = 63.50 dB | SE = 20.778 bit/s/Hz
[46343 ms] [UE 45898] UL: SNR = 63.50 dB | SE = 20.778 bit/s/Hz
[46343 ms] [UE 36997] UL: SNR = 63.50 dB | SE = 20.778 bit/s/Hz
[46343 ms] [UE 48787] UL: SNR = 63.50 dB | SE = 20.778 bit/s/Hz
[46343 ms] [UE 40252] UL: SNR = 56.00 dB | SE = 18.324 bit/s/Hz
[46343 ms] [UE 15599] UL: SNR = 52.50 dB | SE = 17.179 bit/s/Hz
[46425 ms] [UE 33952] UL: SNR = 7.50 dB | SE = 2.687 bit/s/Hz
[46425 ms] [UE 12169] UL: SNR = 63.50 dB | SE = 20.778 bit/s/Hz
[46425 ms] [UE 22873] UL: SNR = 63.50 dB | SE = 20.778 bit/s/Hz
[46425 ms] [UE 30556] UL: SNR = 51.50 dB | SE = 16.851 bit/s/Hz
[46425 ms] [UE 20945] UL: SNR = 63.50 dB | SE = 20.778 bit/s/Hz
[46453 ms] [UE 45898] UL: SNR = 63.50 dB | SE = 20.778 bit/s/Hz
[46453 ms] [UE 36997] UL: SNR = 63.50 dB | SE = 20.778 bit/s/Hz
[46453 ms] [UE 48787] UL: SNR = 63.50 dB | SE = 20.778 bit/s/Hz
[46453 ms] [UE 40252] UL: SNR = 56.00 dB | SE = 18.324 bit/s/Hz
[46453 ms] [UE 15599] UL: SNR = 52.50 dB | SE = 17.179 bit/s/Hz
[46536 ms] [UE 33952] UL: SNR = 7.50 dB | SE = 2.687 bit/s/Hz
[46536 ms] [UE 12169] UL: SNR = 50.50 dB | SE = 16.524 bit/s/Hz
[46536 ms] [UE 22873] UL: SNR = 63.50 dB | SE = 20.778 bit/s/Hz
[46536 ms] [UE 30556] UL: SNR = 52.50 dB | SE = 17.179 bit/s/Hz
[46536 ms] [UE 20945] UL: SNR = 54.00 dB | SE = 17.669 bit/s/Hz
[46563 ms] [UE 45898] UL: SNR = 63.50 dB | SE = 20.778 bit/s/Hz
[46563 ms] [UE 36997] UL: SNR = 63.50 dB | SE = 20.778 bit/s/Hz
[46563 ms] [UE 48787] UL: SNR = 63.50 dB | SE = 20.778 bit/s/Hz
[46563 ms] [UE 40252] UL: SNR = 56.00 dB | SE = 18.324 bit/s/Hz
[46563 ms] [UE 15599] UL: SNR = 52.50 dB | SE = 17.179 bit/s/Hz
[46646 ms] [UE 33952] UL: SNR = 7.50 dB | SE = 2.687 bit/s/Hz
[46646 ms] [UE 12169] UL: SNR = 50.50 dB | SE = 16.524 bit/s/Hz
[46646 ms] [UE 22873] UL: SNR = 63.50 dB | SE = 20.778 bit/s/Hz
[46646 ms] [UE 30556] UL: SNR = 52.50 dB | SE = 17.179 bit/s/Hz
[46646 ms] [UE 20945] UL: SNR = 54.00 dB | SE = 17.669 bit/s/Hz
[46673 ms] [UE 45898] UL: SNR = 63.50 dB | SE = 20.778 bit/s/Hz
[46673 ms] [UE 36997] UL: SNR = 63.50 dB | SE = 20.778 bit/s/Hz
[46673 ms] [UE 48787] UL: SNR = 63.50 dB | SE = 20.778 bit/s/Hz
[46673 ms] [UE 40252] UL: SNR = 56.00 dB | SE = 18.324 bit/s/Hz
[46673 ms] [UE 15599] UL: SNR = 52.50 dB | SE = 17.179 bit/s/Hz
[46755 ms] [UE 33952] UL: SNR = 7.50 dB | SE = 2.687 bit/s/Hz
[46755 ms] [UE 12169] UL: SNR = 50.50 dB | SE = 16.524 bit/s/Hz
[46755 ms] [UE 22873] UL: SNR = 63.50 dB | SE = 20.778 bit/s/Hz
[46755 ms] [UE 30556] UL: SNR = 54.00 dB | SE = 17.669 bit/s/Hz
[46755 ms] [UE 20945] UL: SNR = 54.00 dB | SE = 17.669 bit/s/Hz
[46773 ms] [UE 45898] UL: SNR = 63.50 dB | SE = 20.778 bit/s/Hz
[46773 ms] [UE 36997] UL: SNR = 63.50 dB | SE = 20.778 bit/s/Hz
[46773 ms] [UE 48787] UL: SNR = 63.50 dB | SE = 20.778 bit/s/Hz
[46773 ms] [UE 40252] UL: SNR = 56.00 dB | SE = 18.324 bit/s/Hz
[46773 ms] [UE 15599] UL: SNR = 52.50 dB | SE = 17.179 bit/s/Hz
[46865 ms] [UE 33952] UL: SNR = 7.50 dB | SE = 2.687 bit/s/Hz
[46865 ms] [UE 12169] UL: SNR = 50.50 dB | SE = 16.524 bit/s/Hz
[46865 ms] [UE 22873] UL: SNR = 63.50 dB | SE = 20.778 bit/s/Hz
[46865 ms] [UE 30556] UL: SNR = 54.00 dB | SE = 17.669 bit/s/Hz
[46865 ms] [UE 20945] UL: SNR = 54.00 dB | SE = 17.669 bit/s/Hz
[46883 ms] [UE 45898] UL: SNR = 63.50 dB | SE = 20.778 bit/s/Hz
[46883 ms] [UE 36997] UL: SNR = 63.50 dB | SE = 20.778 bit/s/Hz
[46883 ms] [UE 48787] UL: SNR = 63.50 dB | SE = 20.778 bit/s/Hz
[46883 ms] [UE 40252] UL: SNR = 56.00 dB | SE = 18.324 bit/s/Hz
[46883 ms] [UE 15599] UL: SNR = 52.50 dB | SE = 17.179 bit/s/Hz
[46965 ms] [UE 33952] UL: SNR = 7.50 dB | SE = 2.687 bit/s/Hz
[46965 ms] [UE 12169] UL: SNR = 50.50 dB | SE = 16.524 bit/s/Hz
[46965 ms] [UE 22873] UL: SNR = 63.50 dB | SE = 20.778 bit/s/Hz
[46965 ms] [UE 30556] UL: SNR = 54.00 dB | SE = 17.669 bit/s/Hz
[46965 ms] [UE 20945] UL: SNR = 54.00 dB | SE = 17.669 bit/s/Hz
[46983 ms] [UE 45898] UL: SNR = 63.50 dB | SE = 20.778 bit/s/Hz
[46983 ms] [UE 36997] UL: SNR = 63.50 dB | SE = 20.778 bit/s/Hz
[46983 ms] [UE 48787] UL: SNR = 63.50 dB | SE = 20.778 bit/s/Hz
[46983 ms] [UE 40252] UL: SNR = 56.00 dB | SE = 18.324 bit/s/Hz
[46983 ms] [UE 15599] UL: SNR = 52.50 dB | SE = 17.179 bit/s/Hz
[47066 ms] [UE 33952] UL: SNR = 7.50 dB | SE = 2.687 bit/s/Hz
[47066 ms] [UE 12169] UL: SNR = 63.50 dB | SE = 20.778 bit/s/Hz
[47066 ms] [UE 22873] UL: SNR = 63.50 dB | SE = 20.778 bit/s/Hz
[47066 ms] [UE 30556] UL: SNR = 63.50 dB | SE = 20.778 bit/s/Hz
[47066 ms] [UE 20945] UL: SNR = 63.50 dB | SE = 20.778 bit/s/Hz
[47093 ms] [UE 45898] UL: SNR = 63.50 dB | SE = 20.778 bit/s/Hz
[47093 ms] [UE 36997] UL: SNR = 63.50 dB | SE = 20.778 bit/s/Hz
[47093 ms] [UE 48787] UL: SNR = 63.50 dB | SE = 20.778 bit/s/Hz
[47093 ms] [UE 40252] UL: SNR = 56.00 dB | SE = 18.324 bit/s/Hz
[47093 ms] [UE 15599] UL: SNR = 52.50 dB | SE = 17.179 bit/s/Hz
[47175 ms] [UE 33952] UL: SNR = 7.50 dB | SE = 2.687 bit/s/Hz
[47175 ms] [UE 12169] UL: SNR = 63.50 dB | SE = 20.778 bit/s/Hz
[47175 ms] [UE 22873] UL: SNR = 63.50 dB | SE = 20.778 bit/s/Hz
[47175 ms] [UE 30556] UL: SNR = 63.50 dB | SE = 20.778 bit/s/Hz
[47175 ms] [UE 20945] UL: SNR = 63.50 dB | SE = 20.778 bit/s/Hz
[47203 ms] [UE 45898] UL: SNR = 63.50 dB | SE = 20.778 bit/s/Hz
[47203 ms] [UE 36997] UL: SNR = 63.50 dB | SE = 20.778 bit/s/Hz
[47203 ms] [UE 48787] UL: SNR = 63.50 dB | SE = 20.778 bit/s/Hz
[47203 ms] [UE 40252] UL: SNR = 56.00 dB | SE = 18.324 bit/s/Hz
[47203 ms] [UE 15599] UL: SNR = 52.50 dB | SE = 17.179 bit/s/Hz
[47285 ms] [UE 33952] UL: SNR = 7.50 dB | SE = 2.687 bit/s/Hz
[47285 ms] [UE 12169] UL: SNR = 63.50 dB | SE = 20.778 bit/s/Hz
[47285 ms] [UE 22873] UL: SNR = 63.50 dB | SE = 20.778 bit/s/Hz
[47285 ms] [UE 30556] UL: SNR = 54.00 dB | SE = 17.669 bit/s/Hz
[47285 ms] [UE 20945] UL: SNR = 63.50 dB | SE = 20.778 bit/s/Hz
[47313 ms] [UE 45898] UL: SNR = 63.50 dB | SE = 20.778 bit/s/Hz
[47313 ms] [UE 36997] UL: SNR = 63.50 dB | SE = 20.778 bit/s/Hz
[47313 ms] [UE 48787] UL: SNR = 63.50 dB | SE = 20.778 bit/s/Hz
[47313 ms] [UE 40252] UL: SNR = 56.00 dB | SE = 18.324 bit/s/Hz
[47313 ms] [UE 15599] UL: SNR = 52.50 dB | SE = 17.179 bit/s/Hz
[47386 ms] [UE 33952] UL: SNR = 7.50 dB | SE = 2.687 bit/s/Hz
[47386 ms] [UE 12169] UL: SNR = 63.50 dB | SE = 20.778 bit/s/Hz
[47386 ms] [UE 22873] UL: SNR = 63.50 dB | SE = 20.778 bit/s/Hz
[47386 ms] [UE 30556] UL: SNR = 54.00 dB | SE = 17.669 bit/s/Hz
[47386 ms] [UE 20945] UL: SNR = 63.50 dB | SE = 20.778 bit/s/Hz
[47413 ms] [UE 45898] UL: SNR = 63.50 dB | SE = 20.778 bit/s/Hz
[47413 ms] [UE 36997] UL: SNR = 63.50 dB | SE = 20.778 bit/s/Hz
[47413 ms] [UE 48787] UL: SNR = 63.50 dB | SE = 20.778 bit/s/Hz
[47413 ms] [UE 40252] UL: SNR = 56.00 dB | SE = 18.324 bit/s/Hz
[47413 ms] [UE 15599] UL: SNR = 52.50 dB | SE = 17.179 bit/s/Hz
[47488 ms] [UE 33952] UL: SNR = 7.50 dB | SE = 2.687 bit/s/Hz
[47488 ms] [UE 12169] UL: SNR = 63.50 dB | SE = 20.778 bit/s/Hz
[47488 ms] [UE 22873] UL: SNR = 63.50 dB | SE = 20.778 bit/s/Hz
[47488 ms] [UE 30556] UL: SNR = 54.00 dB | SE = 17.669 bit/s/Hz
[47488 ms] [UE 20945] UL: SNR = 63.50 dB | SE = 20.778 bit/s/Hz
[47524 ms] [UE 45898] UL: SNR = 63.50 dB | SE = 20.778 bit/s/Hz
[47524 ms] [UE 36997] UL: SNR = 63.50 dB | SE = 20.778 bit/s/Hz
[47524 ms] [UE 48787] UL: SNR = 63.50 dB | SE = 20.778 bit/s/Hz
[47524 ms] [UE 40252] UL: SNR = 56.00 dB | SE = 18.324 bit/s/Hz
[47524 ms] [UE 15599] UL: SNR = 52.50 dB | SE = 17.179 bit/s/Hz
[47595 ms] [UE 33952] UL: SNR = 7.50 dB | SE = 2.687 bit/s/Hz
[47595 ms] [UE 12169] UL: SNR = 63.50 dB | SE = 20.778 bit/s/Hz
[47595 ms] [UE 22873] UL: SNR = 63.50 dB | SE = 20.778 bit/s/Hz
[47595 ms] [UE 30556] UL: SNR = 63.50 dB | SE = 20.778 bit/s/Hz
[47595 ms] [UE 20945] UL: SNR = 63.50 dB | SE = 20.778 bit/s/Hz
[47633 ms] [UE 45898] UL: SNR = 63.50 dB | SE = 20.778 bit/s/Hz
[47633 ms] [UE 36997] UL: SNR = 63.50 dB | SE = 20.778 bit/s/Hz
[47633 ms] [UE 48787] UL: SNR = 63.50 dB | SE = 20.778 bit/s/Hz
[47633 ms] [UE 40252] UL: SNR = 56.00 dB | SE = 18.324 bit/s/Hz
[47633 ms] [UE 15599] UL: SNR = 52.50 dB | SE = 17.179 bit/s/Hz
[47705 ms] [UE 33952] UL: SNR = 7.50 dB | SE = 2.687 bit/s/Hz
[47705 ms] [UE 12169] UL: SNR = 63.50 dB | SE = 20.778 bit/s/Hz
[47705 ms] [UE 22873] UL: SNR = 63.50 dB | SE = 20.778 bit/s/Hz
[47705 ms] [UE 30556] UL: SNR = 63.50 dB | SE = 20.778 bit/s/Hz
[47705 ms] [UE 20945] UL: SNR = 63.50 dB | SE = 20.778 bit/s/Hz
[47733 ms] [UE 45898] UL: SNR = 63.50 dB | SE = 20.778 bit/s/Hz
[47733 ms] [UE 36997] UL: SNR = 63.50 dB | SE = 20.778 bit/s/Hz
[47733 ms] [UE 48787] UL: SNR = 63.50 dB | SE = 20.778 bit/s/Hz
[47733 ms] [UE 40252] UL: SNR = 56.00 dB | SE = 18.324 bit/s/Hz
[47733 ms] [UE 15599] UL: SNR = 52.50 dB | SE = 17.179 bit/s/Hz
[47805 ms] [UE 33952] UL: SNR = 7.50 dB | SE = 2.687 bit/s/Hz
[47805 ms] [UE 12169] UL: SNR = 63.50 dB | SE = 20.778 bit/s/Hz
[47805 ms] [UE 22873] UL: SNR = 63.50 dB | SE = 20.778 bit/s/Hz
[47805 ms] [UE 30556] UL: SNR = 63.50 dB | SE = 20.778 bit/s/Hz
[47805 ms] [UE 20945] UL: SNR = 63.50 dB | SE = 20.778 bit/s/Hz
[47833 ms] [UE 45898] UL: SNR = 63.50 dB | SE = 20.778 bit/s/Hz
[47833 ms] [UE 36997] UL: SNR = 63.50 dB | SE = 20.778 bit/s/Hz
[47833 ms] [UE 48787] UL: SNR = 63.50 dB | SE = 20.778 bit/s/Hz
[47833 ms] [UE 40252] UL: SNR = 56.00 dB | SE = 18.324 bit/s/Hz
[47833 ms] [UE 15599] UL: SNR = 52.50 dB | SE = 17.179 bit/s/Hz
[47905 ms] [UE 33952] UL: SNR = 7.50 dB | SE = 2.687 bit/s/Hz
[47905 ms] [UE 12169] UL: SNR = 63.50 dB | SE = 20.778 bit/s/Hz
[47905 ms] [UE 22873] UL: SNR = 63.50 dB | SE = 20.778 bit/s/Hz
[47905 ms] [UE 30556] UL: SNR = 63.50 dB | SE = 20.778 bit/s/Hz
[47905 ms] [UE 20945] UL: SNR = 63.50 dB | SE = 20.778 bit/s/Hz
[47943 ms] [UE 45898] UL: SNR = 63.50 dB | SE = 20.778 bit/s/Hz
[47943 ms] [UE 36997] UL: SNR = 63.50 dB | SE = 20.778 bit/s/Hz
[47943 ms] [UE 48787] UL: SNR = 63.50 dB | SE = 20.778 bit/s/Hz
[47943 ms] [UE 40252] UL: SNR = 56.00 dB | SE = 18.324 bit/s/Hz
[47943 ms] [UE 15599] UL: SNR = 52.50 dB | SE = 17.179 bit/s/Hz
[48015 ms] [UE 33952] UL: SNR = 7.50 dB | SE = 2.687 bit/s/Hz
[48015 ms] [UE 12169] UL: SNR = 63.50 dB | SE = 20.778 bit/s/Hz
[48015 ms] [UE 22873] UL: SNR = 63.50 dB | SE = 20.778 bit/s/Hz
[48015 ms] [UE 30556] UL: SNR = 63.50 dB | SE = 20.778 bit/s/Hz
[48015 ms] [UE 20945] UL: SNR = 63.50 dB | SE = 20.778 bit/s/Hz
[48053 ms] [UE 45898] UL: SNR = 63.50 dB | SE = 20.778 bit/s/Hz
[48053 ms] [UE 36997] UL: SNR = 63.50 dB | SE = 20.778 bit/s/Hz
[48053 ms] [UE 48787] UL: SNR = 63.50 dB | SE = 20.778 bit/s/Hz
[48053 ms] [UE 40252] UL: SNR = 56.00 dB | SE = 18.324 bit/s/Hz
[48053 ms] [UE 15599] UL: SNR = 52.50 dB | SE = 17.179 bit/s/Hz
[48115 ms] [UE 33952] UL: SNR = 7.50 dB | SE = 2.687 bit/s/Hz
[48115 ms] [UE 12169] UL: SNR = 63.50 dB | SE = 20.778 bit/s/Hz
[48115 ms] [UE 22873] UL: SNR = 63.50 dB | SE = 20.778 bit/s/Hz
[48115 ms] [UE 30556] UL: SNR = 53.00 dB | SE = 17.342 bit/s/Hz
[48115 ms] [UE 20945] UL: SNR = 63.50 dB | SE = 20.778 bit/s/Hz
[48163 ms] [UE 45898] UL: SNR = 63.50 dB | SE = 20.778 bit/s/Hz
[48163 ms] [UE 36997] UL: SNR = 63.50 dB | SE = 20.778 bit/s/Hz
[48163 ms] [UE 48787] UL: SNR = 63.50 dB | SE = 20.778 bit/s/Hz
[48163 ms] [UE 40252] UL: SNR = 56.00 dB | SE = 18.324 bit/s/Hz
[48163 ms] [UE 15599] UL: SNR = 52.50 dB | SE = 17.179 bit/s/Hz
[48225 ms] [UE 33952] UL: SNR = 7.50 dB | SE = 2.687 bit/s/Hz
[48225 ms] [UE 12169] UL: SNR = 63.50 dB | SE = 20.778 bit/s/Hz
[48225 ms] [UE 22873] UL: SNR = 63.50 dB | SE = 20.778 bit/s/Hz
[48225 ms] [UE 30556] UL: SNR = 53.00 dB | SE = 17.342 bit/s/Hz
[48225 ms] [UE 20945] UL: SNR = 63.50 dB | SE = 20.778 bit/s/Hz
[48273 ms] [UE 45898] UL: SNR = 63.50 dB | SE = 20.778 bit/s/Hz
[48273 ms] [UE 36997] UL: SNR = 63.50 dB | SE = 20.778 bit/s/Hz
[48273 ms] [UE 48787] UL: SNR = 63.50 dB | SE = 20.778 bit/s/Hz
[48273 ms] [UE 40252] UL: SNR = 56.00 dB | SE = 18.324 bit/s/Hz
[48273 ms] [UE 15599] UL: SNR = 52.50 dB | SE = 17.179 bit/s/Hz
[48325 ms] [UE 33952] UL: SNR = 7.50 dB | SE = 2.687 bit/s/Hz
[48325 ms] [UE 12169] UL: SNR = 63.50 dB | SE = 20.778 bit/s/Hz
[48325 ms] [UE 22873] UL: SNR = 63.50 dB | SE = 20.778 bit/s/Hz
[48325 ms] [UE 30556] UL: SNR = 53.00 dB | SE = 17.342 bit/s/Hz
[48325 ms] [UE 20945] UL: SNR = 63.50 dB | SE = 20.778 bit/s/Hz
[48383 ms] [UE 45898] UL: SNR = 63.50 dB | SE = 20.778 bit/s/Hz
[48383 ms] [UE 36997] UL: SNR = 63.50 dB | SE = 20.778 bit/s/Hz
[48383 ms] [UE 48787] UL: SNR = 63.50 dB | SE = 20.778 bit/s/Hz
[48383 ms] [UE 40252] UL: SNR = 56.00 dB | SE = 18.324 bit/s/Hz
[48383 ms] [UE 15599] UL: SNR = 52.50 dB | SE = 17.179 bit/s/Hz
[48425 ms] [UE 33952] UL: SNR = 7.50 dB | SE = 2.687 bit/s/Hz
[48425 ms] [UE 12169] UL: SNR = 63.50 dB | SE = 20.778 bit/s/Hz
[48425 ms] [UE 22873] UL: SNR = 63.50 dB | SE = 20.778 bit/s/Hz
[48425 ms] [UE 30556] UL: SNR = 63.50 dB | SE = 20.778 bit/s/Hz
[48425 ms] [UE 20945] UL: SNR = 63.50 dB | SE = 20.778 bit/s/Hz
[48493 ms] [UE 45898] UL: SNR = 63.50 dB | SE = 20.778 bit/s/Hz
[48493 ms] [UE 36997] UL: SNR = 63.50 dB | SE = 20.778 bit/s/Hz
[48493 ms] [UE 48787] UL: SNR = 63.50 dB | SE = 20.778 bit/s/Hz
[48493 ms] [UE 40252] UL: SNR = 56.00 dB | SE = 18.324 bit/s/Hz
[48493 ms] [UE 15599] UL: SNR = 52.50 dB | SE = 17.179 bit/s/Hz
[48535 ms] [UE 33952] UL: SNR = 7.50 dB | SE = 2.687 bit/s/Hz
[48535 ms] [UE 12169] UL: SNR = 63.50 dB | SE = 20.778 bit/s/Hz
[48535 ms] [UE 22873] UL: SNR = 63.50 dB | SE = 20.778 bit/s/Hz
[48535 ms] [UE 30556] UL: SNR = 63.50 dB | SE = 20.778 bit/s/Hz
[48535 ms] [UE 20945] UL: SNR = 63.50 dB | SE = 20.778 bit/s/Hz
[48593 ms] [UE 45898] UL: SNR = 63.50 dB | SE = 20.778 bit/s/Hz
[48593 ms] [UE 36997] UL: SNR = 63.50 dB | SE = 20.778 bit/s/Hz
[48593 ms] [UE 48787] UL: SNR = 63.50 dB | SE = 20.778 bit/s/Hz
[48593 ms] [UE 40252] UL: SNR = 56.00 dB | SE = 18.324 bit/s/Hz
[48593 ms] [UE 15599] UL: SNR = 52.50 dB | SE = 17.179 bit/s/Hz
[48635 ms] [UE 33952] UL: SNR = 7.50 dB | SE = 2.687 bit/s/Hz
[48635 ms] [UE 12169] UL: SNR = 63.50 dB | SE = 20.778 bit/s/Hz
[48635 ms] [UE 22873] UL: SNR = 63.50 dB | SE = 20.778 bit/s/Hz
[48635 ms] [UE 30556] UL: SNR = 63.50 dB | SE = 20.778 bit/s/Hz
[48635 ms] [UE 20945] UL: SNR = 63.50 dB | SE = 20.778 bit/s/Hz
[48693 ms] [UE 45898] UL: SNR = 63.50 dB | SE = 20.778 bit/s/Hz
[48693 ms] [UE 36997] UL: SNR = 63.50 dB | SE = 20.778 bit/s/Hz
[48693 ms] [UE 48787] UL: SNR = 63.50 dB | SE = 20.778 bit/s/Hz
[48693 ms] [UE 40252] UL: SNR = 56.00 dB | SE = 18.324 bit/s/Hz
[48693 ms] [UE 15599] UL: SNR = 52.50 dB | SE = 17.179 bit/s/Hz
[48745 ms] [UE 33952] UL: SNR = 7.50 dB | SE = 2.687 bit/s/Hz
[48745 ms] [UE 12169] UL: SNR = 63.50 dB | SE = 20.778 bit/s/Hz
[48745 ms] [UE 22873] UL: SNR = 63.50 dB | SE = 20.778 bit/s/Hz
[48745 ms] [UE 30556] UL: SNR = 63.50 dB | SE = 20.778 bit/s/Hz
[48745 ms] [UE 20945] UL: SNR = 63.50 dB | SE = 20.778 bit/s/Hz
[48803 ms] [UE 45898] UL: SNR = 63.50 dB | SE = 20.778 bit/s/Hz
[48803 ms] [UE 36997] UL: SNR = 63.50 dB | SE = 20.778 bit/s/Hz
[48803 ms] [UE 48787] UL: SNR = 63.50 dB | SE = 20.778 bit/s/Hz
[48803 ms] [UE 40252] UL: SNR = 56.00 dB | SE = 18.324 bit/s/Hz
[48803 ms] [UE 15599] UL: SNR = 52.50 dB | SE = 17.179 bit/s/Hz
[48846 ms] [UE 33952] UL: SNR = 7.50 dB | SE = 2.687 bit/s/Hz
[48846 ms] [UE 12169] UL: SNR = 63.50 dB | SE = 20.778 bit/s/Hz
[48846 ms] [UE 22873] UL: SNR = 63.50 dB | SE = 20.778 bit/s/Hz
[48846 ms] [UE 30556] UL: SNR = 63.50 dB | SE = 20.778 bit/s/Hz
[48846 ms] [UE 20945] UL: SNR = 63.50 dB | SE = 20.778 bit/s/Hz
[48903 ms] [UE 45898] UL: SNR = 63.50 dB | SE = 20.778 bit/s/Hz
[48903 ms] [UE 36997] UL: SNR = 63.50 dB | SE = 20.778 bit/s/Hz
[48903 ms] [UE 48787] UL: SNR = 63.50 dB | SE = 20.778 bit/s/Hz
[48903 ms] [UE 40252] UL: SNR = 56.00 dB | SE = 18.324 bit/s/Hz
[48903 ms] [UE 15599] UL: SNR = 52.50 dB | SE = 17.179 bit/s/Hz
[48946 ms] [UE 33952] UL: SNR = 7.50 dB | SE = 2.687 bit/s/Hz
[48946 ms] [UE 12169] UL: SNR = 63.50 dB | SE = 20.778 bit/s/Hz
[48946 ms] [UE 22873] UL: SNR = 63.50 dB | SE = 20.778 bit/s/Hz
[48946 ms] [UE 30556] UL: SNR = 63.50 dB | SE = 20.778 bit/s/Hz
[48946 ms] [UE 20945] UL: SNR = 63.50 dB | SE = 20.778 bit/s/Hz
[49013 ms] [UE 45898] UL: SNR = 63.50 dB | SE = 20.778 bit/s/Hz
[49013 ms] [UE 36997] UL: SNR = 63.50 dB | SE = 20.778 bit/s/Hz
[49013 ms] [UE 48787] UL: SNR = 63.50 dB | SE = 20.778 bit/s/Hz
[49013 ms] [UE 40252] UL: SNR = 56.00 dB | SE = 18.324 bit/s/Hz
[49013 ms] [UE 15599] UL: SNR = 52.50 dB | SE = 17.179 bit/s/Hz
[49055 ms] [UE 33952] UL: SNR = 7.50 dB | SE = 2.687 bit/s/Hz
[49055 ms] [UE 12169] UL: SNR = 63.50 dB | SE = 20.778 bit/s/Hz
[49055 ms] [UE 22873] UL: SNR = 63.50 dB | SE = 20.778 bit/s/Hz
[49055 ms] [UE 30556] UL: SNR = 63.50 dB | SE = 20.778 bit/s/Hz
[49055 ms] [UE 20945] UL: SNR = 63.50 dB | SE = 20.778 bit/s/Hz
[49113 ms] [UE 45898] UL: SNR = 63.50 dB | SE = 20.778 bit/s/Hz
[49113 ms] [UE 36997] UL: SNR = 63.50 dB | SE = 20.778 bit/s/Hz
[49113 ms] [UE 48787] UL: SNR = 63.50 dB | SE = 20.778 bit/s/Hz
[49113 ms] [UE 40252] UL: SNR = 56.00 dB | SE = 18.324 bit/s/Hz
[49113 ms] [UE 15599] UL: SNR = 52.50 dB | SE = 17.179 bit/s/Hz
[49155 ms] [UE 33952] UL: SNR = 7.50 dB | SE = 2.687 bit/s/Hz
[49155 ms] [UE 12169] UL: SNR = 63.50 dB | SE = 20.778 bit/s/Hz
[49155 ms] [UE 22873] UL: SNR = 63.50 dB | SE = 20.778 bit/s/Hz
[49155 ms] [UE 30556] UL: SNR = 63.50 dB | SE = 20.778 bit/s/Hz
[49155 ms] [UE 20945] UL: SNR = 63.50 dB | SE = 20.778 bit/s/Hz
[49223 ms] [UE 45898] UL: SNR = 63.50 dB | SE = 20.778 bit/s/Hz
[49223 ms] [UE 36997] UL: SNR = 63.50 dB | SE = 20.778 bit/s/Hz
[49223 ms] [UE 48787] UL: SNR = 63.50 dB | SE = 20.778 bit/s/Hz
[49223 ms] [UE 40252] UL: SNR = 56.00 dB | SE = 18.324 bit/s/Hz
[49223 ms] [UE 15599] UL: SNR = 52.50 dB | SE = 17.179 bit/s/Hz
[49266 ms] [UE 33952] UL: SNR = 7.50 dB | SE = 2.687 bit/s/Hz
[49266 ms] [UE 12169] UL: SNR = 63.50 dB | SE = 20.778 bit/s/Hz
[49266 ms] [UE 22873] UL: SNR = 63.50 dB | SE = 20.778 bit/s/Hz
[49266 ms] [UE 30556] UL: SNR = 63.50 dB | SE = 20.778 bit/s/Hz
[49266 ms] [UE 20945] UL: SNR = 63.50 dB | SE = 20.778 bit/s/Hz
[49323 ms] [UE 45898] UL: SNR = 63.50 dB | SE = 20.778 bit/s/Hz
[49323 ms] [UE 36997] UL: SNR = 63.50 dB | SE = 20.778 bit/s/Hz
[49323 ms] [UE 48787] UL: SNR = 63.50 dB | SE = 20.778 bit/s/Hz
[49323 ms] [UE 40252] UL: SNR = 56.00 dB | SE = 18.324 bit/s/Hz
[49323 ms] [UE 15599] UL: SNR = 52.50 dB | SE = 17.179 bit/s/Hz
[49375 ms] [UE 33952] UL: SNR = 7.50 dB | SE = 2.687 bit/s/Hz
[49375 ms] [UE 12169] UL: SNR = 63.50 dB | SE = 20.778 bit/s/Hz
[49375 ms] [UE 22873] UL: SNR = 63.50 dB | SE = 20.778 bit/s/Hz
[49375 ms] [UE 30556] UL: SNR = 63.50 dB | SE = 20.778 bit/s/Hz
[49375 ms] [UE 20945] UL: SNR = 63.50 dB | SE = 20.778 bit/s/Hz
[49433 ms] [UE 45898] UL: SNR = 63.50 dB | SE = 20.778 bit/s/Hz
[49433 ms] [UE 36997] UL: SNR = 63.50 dB | SE = 20.778 bit/s/Hz
[49433 ms] [UE 48787] UL: SNR = 63.50 dB | SE = 20.778 bit/s/Hz
[49433 ms] [UE 40252] UL: SNR = 56.00 dB | SE = 18.324 bit/s/Hz
[49433 ms] [UE 15599] UL: SNR = 52.50 dB | SE = 17.179 bit/s/Hz
[49476 ms] [UE 33952] UL: SNR = 7.50 dB | SE = 2.687 bit/s/Hz
[49476 ms] [UE 12169] UL: SNR = 63.50 dB | SE = 20.778 bit/s/Hz
[49476 ms] [UE 22873] UL: SNR = 63.50 dB | SE = 20.778 bit/s/Hz
[49476 ms] [UE 30556] UL: SNR = 63.50 dB | SE = 20.778 bit/s/Hz
[49476 ms] [UE 20945] UL: SNR = 63.50 dB | SE = 20.778 bit/s/Hz
[49533 ms] [UE 45898] UL: SNR = 63.50 dB | SE = 20.778 bit/s/Hz
[49533 ms] [UE 36997] UL: SNR = 63.50 dB | SE = 20.778 bit/s/Hz
[49533 ms] [UE 48787] UL: SNR = 63.50 dB | SE = 20.778 bit/s/Hz
[49533 ms] [UE 40252] UL: SNR = 56.00 dB | SE = 18.324 bit/s/Hz
[49533 ms] [UE 15599] UL: SNR = 52.50 dB | SE = 17.179 bit/s/Hz
[49586 ms] [UE 33952] UL: SNR = 7.50 dB | SE = 2.687 bit/s/Hz
[49586 ms] [UE 12169] UL: SNR = 63.50 dB | SE = 20.778 bit/s/Hz
[49586 ms] [UE 22873] UL: SNR = 63.50 dB | SE = 20.778 bit/s/Hz
[49586 ms] [UE 30556] UL: SNR = 63.50 dB | SE = 20.778 bit/s/Hz
[49586 ms] [UE 20945] UL: SNR = 63.50 dB | SE = 20.778 bit/s/Hz
[49643 ms] [UE 45898] UL: SNR = 63.50 dB | SE = 20.778 bit/s/Hz
[49643 ms] [UE 36997] UL: SNR = 63.50 dB | SE = 20.778 bit/s/Hz
[49643 ms] [UE 48787] UL: SNR = 63.50 dB | SE = 20.778 bit/s/Hz
[49643 ms] [UE 40252] UL: SNR = 56.00 dB | SE = 18.324 bit/s/Hz
[49643 ms] [UE 15599] UL: SNR = 52.50 dB | SE = 17.179 bit/s/Hz
[49696 ms] [UE 33952] UL: SNR = 7.50 dB | SE = 2.687 bit/s/Hz
[49696 ms] [UE 12169] UL: SNR = 63.50 dB | SE = 20.778 bit/s/Hz
[49696 ms] [UE 22873] UL: SNR = 63.50 dB | SE = 20.778 bit/s/Hz
[49696 ms] [UE 30556] UL: SNR = 63.50 dB | SE = 20.778 bit/s/Hz
[49696 ms] [UE 20945] UL: SNR = 63.50 dB | SE = 20.778 bit/s/Hz
[49753 ms] [UE 45898] UL: SNR = 63.50 dB | SE = 20.778 bit/s/Hz
[49753 ms] [UE 36997] UL: SNR = 63.50 dB | SE = 20.778 bit/s/Hz
[49753 ms] [UE 48787] UL: SNR = 63.50 dB | SE = 20.778 bit/s/Hz
[49753 ms] [UE 40252] UL: SNR = 56.00 dB | SE = 18.324 bit/s/Hz
[49753 ms] [UE 15599] UL: SNR = 52.50 dB | SE = 17.179 bit/s/Hz
[49805 ms] [UE 33952] UL: SNR = 7.50 dB | SE = 2.687 bit/s/Hz
[49805 ms] [UE 12169] UL: SNR = 63.50 dB | SE = 20.778 bit/s/Hz
[49805 ms] [UE 22873] UL: SNR = 63.50 dB | SE = 20.778 bit/s/Hz
[49805 ms] [UE 30556] UL: SNR = 63.50 dB | SE = 20.778 bit/s/Hz
[49805 ms] [UE 20945] UL: SNR = 63.50 dB | SE = 20.778 bit/s/Hz
[49863 ms] [UE 45898] UL: SNR = 63.50 dB | SE = 20.778 bit/s/Hz
[49863 ms] [UE 36997] UL: SNR = 63.50 dB | SE = 20.778 bit/s/Hz
[49863 ms] [UE 48787] UL: SNR = 63.50 dB | SE = 20.778 bit/s/Hz
[49863 ms] [UE 40252] UL: SNR = 56.00 dB | SE = 18.324 bit/s/Hz
[49863 ms] [UE 15599] UL: SNR = 52.50 dB | SE = 17.179 bit/s/Hz
[49905 ms] [UE 33952] UL: SNR = 7.50 dB | SE = 2.687 bit/s/Hz
[49905 ms] [UE 12169] UL: SNR = 63.50 dB | SE = 20.778 bit/s/Hz
[49905 ms] [UE 22873] UL: SNR = 63.50 dB | SE = 20.778 bit/s/Hz
[49905 ms] [UE 30556] UL: SNR = 7.50 dB | SE = 2.687 bit/s/Hz
[49905 ms] [UE 20945] UL: SNR = 63.50 dB | SE = 20.778 bit/s/Hz
[49973 ms] [UE 45898] UL: SNR = 63.50 dB | SE = 20.778 bit/s/Hz
[49973 ms] [UE 36997] UL: SNR = 63.50 dB | SE = 20.778 bit/s/Hz
[49973 ms] [UE 48787] UL: SNR = 63.50 dB | SE = 20.778 bit/s/Hz
[49973 ms] [UE 40252] UL: SNR = 56.00 dB | SE = 18.324 bit/s/Hz
[49973 ms] [UE 15599] UL: SNR = 52.50 dB | SE = 17.179 bit/s/Hz
[50005 ms] [UE 33952] UL: SNR = 7.50 dB | SE = 2.687 bit/s/Hz
[50005 ms] [UE 12169] UL: SNR = 63.50 dB | SE = 20.778 bit/s/Hz
[50005 ms] [UE 22873] UL: SNR = 63.50 dB | SE = 20.778 bit/s/Hz
[50005 ms] [UE 30556] UL: SNR = 7.50 dB | SE = 2.687 bit/s/Hz
[50005 ms] [UE 20945] UL: SNR = 63.50 dB | SE = 20.778 bit/s/Hz
[50073 ms] [UE 45898] UL: SNR = 63.50 dB | SE = 20.778 bit/s/Hz
[50073 ms] [UE 36997] UL: SNR = 63.50 dB | SE = 20.778 bit/s/Hz
[50073 ms] [UE 48787] UL: SNR = 63.50 dB | SE = 20.778 bit/s/Hz
[50073 ms] [UE 40252] UL: SNR = 56.00 dB | SE = 18.324 bit/s/Hz
[50073 ms] [UE 15599] UL: SNR = 52.50 dB | SE = 17.179 bit/s/Hz
[50106 ms] [UE 33952] UL: SNR = 7.50 dB | SE = 2.687 bit/s/Hz
[50106 ms] [UE 12169] UL: SNR = 63.50 dB | SE = 20.778 bit/s/Hz
[50106 ms] [UE 22873] UL: SNR = 63.50 dB | SE = 20.778 bit/s/Hz
[50106 ms] [UE 30556] UL: SNR = 7.50 dB | SE = 2.687 bit/s/Hz
[50106 ms] [UE 20945] UL: SNR = 63.50 dB | SE = 20.778 bit/s/Hz
[50183 ms] [UE 45898] UL: SNR = 63.50 dB | SE = 20.778 bit/s/Hz
[50183 ms] [UE 36997] UL: SNR = 63.50 dB | SE = 20.778 bit/s/Hz
[50183 ms] [UE 48787] UL: SNR = 63.50 dB | SE = 20.778 bit/s/Hz
[50183 ms] [UE 40252] UL: SNR = 56.00 dB | SE = 18.324 bit/s/Hz
[50183 ms] [UE 15599] UL: SNR = 52.50 dB | SE = 17.179 bit/s/Hz
[50206 ms] [UE 33952] UL: SNR = 7.50 dB | SE = 2.687 bit/s/Hz
[50206 ms] [UE 12169] UL: SNR = 63.50 dB | SE = 20.778 bit/s/Hz
[50206 ms] [UE 22873] UL: SNR = 63.50 dB | SE = 20.778 bit/s/Hz
[50206 ms] [UE 30556] UL: SNR = 7.50 dB | SE = 2.687 bit/s/Hz
[50206 ms] [UE 20945] UL: SNR = 63.50 dB | SE = 20.778 bit/s/Hz
[50293 ms] [UE 45898] UL: SNR = 63.50 dB | SE = 20.778 bit/s/Hz
[50293 ms] [UE 36997] UL: SNR = 63.50 dB | SE = 20.778 bit/s/Hz
[50293 ms] [UE 48787] UL: SNR = 63.50 dB | SE = 20.778 bit/s/Hz
[50293 ms] [UE 40252] UL: SNR = 56.00 dB | SE = 18.324 bit/s/Hz
[50293 ms] [UE 15599] UL: SNR = 52.50 dB | SE = 17.179 bit/s/Hz
[50315 ms] [UE 33952] UL: SNR = 7.50 dB | SE = 2.687 bit/s/Hz
[50315 ms] [UE 12169] UL: SNR = 63.50 dB | SE = 20.778 bit/s/Hz
[50315 ms] [UE 22873] UL: SNR = 63.50 dB | SE = 20.778 bit/s/Hz
[50315 ms] [UE 30556] UL: SNR = 7.50 dB | SE = 2.687 bit/s/Hz
[50315 ms] [UE 20945] UL: SNR = 63.50 dB | SE = 20.778 bit/s/Hz
[50393 ms] [UE 45898] UL: SNR = 63.50 dB | SE = 20.778 bit/s/Hz
[50393 ms] [UE 36997] UL: SNR = 63.50 dB | SE = 20.778 bit/s/Hz
[50393 ms] [UE 48787] UL: SNR = 63.50 dB | SE = 20.778 bit/s/Hz
[50393 ms] [UE 40252] UL: SNR = 56.00 dB | SE = 18.324 bit/s/Hz
[50393 ms] [UE 15599] UL: SNR = 52.50 dB | SE = 17.179 bit/s/Hz
[50415 ms] [UE 33952] UL: SNR = 7.50 dB | SE = 2.687 bit/s/Hz
[50415 ms] [UE 12169] UL: SNR = 63.50 dB | SE = 20.778 bit/s/Hz
[50415 ms] [UE 22873] UL: SNR = 63.50 dB | SE = 20.778 bit/s/Hz
[50415 ms] [UE 30556] UL: SNR = 7.50 dB | SE = 2.687 bit/s/Hz
[50415 ms] [UE 20945] UL: SNR = 63.50 dB | SE = 20.778 bit/s/Hz
[50503 ms] [UE 45898] UL: SNR = 63.50 dB | SE = 20.778 bit/s/Hz
[50503 ms] [UE 36997] UL: SNR = 63.50 dB | SE = 20.778 bit/s/Hz
[50503 ms] [UE 48787] UL: SNR = 63.50 dB | SE = 20.778 bit/s/Hz
[50503 ms] [UE 40252] UL: SNR = 56.00 dB | SE = 18.324 bit/s/Hz
[50503 ms] [UE 15599] UL: SNR = 52.50 dB | SE = 17.179 bit/s/Hz
[50525 ms] [UE 33952] UL: SNR = 7.50 dB | SE = 2.687 bit/s/Hz
[50525 ms] [UE 12169] UL: SNR = 63.50 dB | SE = 20.778 bit/s/Hz
[50525 ms] [UE 22873] UL: SNR = 63.50 dB | SE = 20.778 bit/s/Hz
[50525 ms] [UE 30556] UL: SNR = 7.50 dB | SE = 2.687 bit/s/Hz
[50525 ms] [UE 20945] UL: SNR = 63.50 dB | SE = 20.778 bit/s/Hz
[50603 ms] [UE 45898] UL: SNR = 63.50 dB | SE = 20.778 bit/s/Hz
[50603 ms] [UE 36997] UL: SNR = 63.50 dB | SE = 20.778 bit/s/Hz
[50603 ms] [UE 48787] UL: SNR = 63.50 dB | SE = 20.778 bit/s/Hz
[50603 ms] [UE 40252] UL: SNR = 56.00 dB | SE = 18.324 bit/s/Hz
[50603 ms] [UE 15599] UL: SNR = 52.50 dB | SE = 17.179 bit/s/Hz
[50626 ms] [UE 33952] UL: SNR = 7.50 dB | SE = 2.687 bit/s/Hz
[50626 ms] [UE 12169] UL: SNR = 63.50 dB | SE = 20.778 bit/s/Hz
[50626 ms] [UE 22873] UL: SNR = 63.50 dB | SE = 20.778 bit/s/Hz
[50626 ms] [UE 30556] UL: SNR = 7.50 dB | SE = 2.687 bit/s/Hz
[50626 ms] [UE 20945] UL: SNR = 63.50 dB | SE = 20.778 bit/s/Hz
[50713 ms] [UE 45898] UL: SNR = 63.50 dB | SE = 20.778 bit/s/Hz
[50713 ms] [UE 36997] UL: SNR = 63.50 dB | SE = 20.778 bit/s/Hz
[50713 ms] [UE 48787] UL: SNR = 63.50 dB | SE = 20.778 bit/s/Hz
[50713 ms] [UE 40252] UL: SNR = 56.00 dB | SE = 18.324 bit/s/Hz
[50713 ms] [UE 15599] UL: SNR = 52.50 dB | SE = 17.179 bit/s/Hz
[50727 ms] [UE 33952] UL: SNR = 7.50 dB | SE = 2.687 bit/s/Hz
[50727 ms] [UE 12169] UL: SNR = 63.50 dB | SE = 20.778 bit/s/Hz
[50727 ms] [UE 22873] UL: SNR = 63.50 dB | SE = 20.778 bit/s/Hz
[50727 ms] [UE 30556] UL: SNR = 53.50 dB | SE = 17.506 bit/s/Hz
[50727 ms] [UE 20945] UL: SNR = 63.50 dB | SE = 20.778 bit/s/Hz
[50823 ms] [UE 45898] UL: SNR = 63.50 dB | SE = 20.778 bit/s/Hz
[50823 ms] [UE 36997] UL: SNR = 63.50 dB | SE = 20.778 bit/s/Hz
[50823 ms] [UE 48787] UL: SNR = 63.50 dB | SE = 20.778 bit/s/Hz
[50823 ms] [UE 40252] UL: SNR = 56.00 dB | SE = 18.324 bit/s/Hz
[50823 ms] [UE 15599] UL: SNR = 52.50 dB | SE = 17.179 bit/s/Hz
[50835 ms] [UE 33952] UL: SNR = 7.50 dB | SE = 2.687 bit/s/Hz
[50835 ms] [UE 12169] UL: SNR = 63.50 dB | SE = 20.778 bit/s/Hz
[50835 ms] [UE 22873] UL: SNR = 63.50 dB | SE = 20.778 bit/s/Hz
[50835 ms] [UE 30556] UL: SNR = 53.50 dB | SE = 17.506 bit/s/Hz
[50835 ms] [UE 20945] UL: SNR = 63.50 dB | SE = 20.778 bit/s/Hz
[50923 ms] [UE 45898] UL: SNR = 63.50 dB | SE = 20.778 bit/s/Hz
[50923 ms] [UE 36997] UL: SNR = 63.50 dB | SE = 20.778 bit/s/Hz
[50923 ms] [UE 48787] UL: SNR = 63.50 dB | SE = 20.778 bit/s/Hz
[50923 ms] [UE 40252] UL: SNR = 56.00 dB | SE = 18.324 bit/s/Hz
[50923 ms] [UE 15599] UL: SNR = 52.50 dB | SE = 17.179 bit/s/Hz
[50945 ms] [UE 33952] UL: SNR = 7.50 dB | SE = 2.687 bit/s/Hz
[50945 ms] [UE 12169] UL: SNR = 63.50 dB | SE = 20.778 bit/s/Hz
[50945 ms] [UE 22873] UL: SNR = 63.50 dB | SE = 20.778 bit/s/Hz
[50945 ms] [UE 30556] UL: SNR = 54.00 dB | SE = 17.669 bit/s/Hz
[50945 ms] [UE 20945] UL: SNR = 63.50 dB | SE = 20.778 bit/s/Hz
[51033 ms] [UE 45898] UL: SNR = 63.50 dB | SE = 20.778 bit/s/Hz
[51033 ms] [UE 36997] UL: SNR = 63.50 dB | SE = 20.778 bit/s/Hz
[51033 ms] [UE 48787] UL: SNR = 63.50 dB | SE = 20.778 bit/s/Hz
[51033 ms] [UE 40252] UL: SNR = 56.00 dB | SE = 18.324 bit/s/Hz
[51033 ms] [UE 15599] UL: SNR = 52.50 dB | SE = 17.179 bit/s/Hz
[51045 ms] [UE 33952] UL: SNR = 7.50 dB | SE = 2.687 bit/s/Hz
[51045 ms] [UE 12169] UL: SNR = 63.50 dB | SE = 20.778 bit/s/Hz
[51045 ms] [UE 22873] UL: SNR = 63.50 dB | SE = 20.778 bit/s/Hz
[51045 ms] [UE 30556] UL: SNR = 54.00 dB | SE = 17.669 bit/s/Hz
[51045 ms] [UE 20945] UL: SNR = 63.50 dB | SE = 20.778 bit/s/Hz
[51133 ms] [UE 45898] UL: SNR = 63.50 dB | SE = 20.778 bit/s/Hz
[51133 ms] [UE 36997] UL: SNR = 63.50 dB | SE = 20.778 bit/s/Hz
[51133 ms] [UE 48787] UL: SNR = 63.50 dB | SE = 20.778 bit/s/Hz
[51133 ms] [UE 40252] UL: SNR = 56.00 dB | SE = 18.324 bit/s/Hz
[51133 ms] [UE 15599] UL: SNR = 52.50 dB | SE = 17.179 bit/s/Hz
[51145 ms] [UE 33952] UL: SNR = 7.50 dB | SE = 2.687 bit/s/Hz
[51145 ms] [UE 12169] UL: SNR = 63.50 dB | SE = 20.778 bit/s/Hz
[51145 ms] [UE 22873] UL: SNR = 63.50 dB | SE = 20.778 bit/s/Hz
[51145 ms] [UE 30556] UL: SNR = 54.00 dB | SE = 17.669 bit/s/Hz
[51145 ms] [UE 20945] UL: SNR = 63.50 dB | SE = 20.778 bit/s/Hz
[51243 ms] [UE 45898] UL: SNR = 63.50 dB | SE = 20.778 bit/s/Hz
[51243 ms] [UE 36997] UL: SNR = 63.50 dB | SE = 20.778 bit/s/Hz
[51243 ms] [UE 48787] UL: SNR = 63.50 dB | SE = 20.778 bit/s/Hz
[51243 ms] [UE 40252] UL: SNR = 56.00 dB | SE = 18.324 bit/s/Hz
[51243 ms] [UE 15599] UL: SNR = 52.50 dB | SE = 17.179 bit/s/Hz
[51256 ms] [UE 33952] UL: SNR = 63.50 dB | SE = 20.778 bit/s/Hz
[51256 ms] [UE 12169] UL: SNR = 63.50 dB | SE = 20.778 bit/s/Hz
[51256 ms] [UE 22873] UL: SNR = 63.50 dB | SE = 20.778 bit/s/Hz
[51256 ms] [UE 30556] UL: SNR = 63.50 dB | SE = 20.778 bit/s/Hz
[51256 ms] [UE 20945] UL: SNR = 63.50 dB | SE = 20.778 bit/s/Hz
[51353 ms] [UE 45898] UL: SNR = 63.50 dB | SE = 20.778 bit/s/Hz
[51353 ms] [UE 36997] UL: SNR = 63.50 dB | SE = 20.778 bit/s/Hz
[51353 ms] [UE 48787] UL: SNR = 63.50 dB | SE = 20.778 bit/s/Hz
[51353 ms] [UE 40252] UL: SNR = 56.00 dB | SE = 18.324 bit/s/Hz
[51353 ms] [UE 15599] UL: SNR = 52.50 dB | SE = 17.179 bit/s/Hz
[51365 ms] [UE 33952] UL: SNR = 63.50 dB | SE = 20.778 bit/s/Hz
[51365 ms] [UE 12169] UL: SNR = 63.50 dB | SE = 20.778 bit/s/Hz
[51365 ms] [UE 22873] UL: SNR = 63.50 dB | SE = 20.778 bit/s/Hz
[51365 ms] [UE 30556] UL: SNR = 63.50 dB | SE = 20.778 bit/s/Hz
[51365 ms] [UE 20945] UL: SNR = 63.50 dB | SE = 20.778 bit/s/Hz
[51463 ms] [UE 45898] UL: SNR = 63.50 dB | SE = 20.778 bit/s/Hz
[51463 ms] [UE 36997] UL: SNR = 63.50 dB | SE = 20.778 bit/s/Hz
[51463 ms] [UE 48787] UL: SNR = 63.50 dB | SE = 20.778 bit/s/Hz
[51463 ms] [UE 40252] UL: SNR = 56.00 dB | SE = 18.324 bit/s/Hz
[51463 ms] [UE 15599] UL: SNR = 52.50 dB | SE = 17.179 bit/s/Hz
[51465 ms] [UE 33952] UL: SNR = 63.50 dB | SE = 20.778 bit/s/Hz
[51465 ms] [UE 12169] UL: SNR = 63.50 dB | SE = 20.778 bit/s/Hz
[51465 ms] [UE 22873] UL: SNR = 63.50 dB | SE = 20.778 bit/s/Hz
[51465 ms] [UE 30556] UL: SNR = 54.00 dB | SE = 17.669 bit/s/Hz
[51465 ms] [UE 20945] UL: SNR = 63.50 dB | SE = 20.778 bit/s/Hz
[51563 ms] [UE 45898] UL: SNR = 63.50 dB | SE = 20.778 bit/s/Hz
[51563 ms] [UE 36997] UL: SNR = 63.50 dB | SE = 20.778 bit/s/Hz
[51563 ms] [UE 48787] UL: SNR = 63.50 dB | SE = 20.778 bit/s/Hz
[51563 ms] [UE 40252] UL: SNR = 56.00 dB | SE = 18.324 bit/s/Hz
[51563 ms] [UE 15599] UL: SNR = 52.50 dB | SE = 17.179 bit/s/Hz
[51575 ms] [UE 33952] UL: SNR = 63.50 dB | SE = 20.778 bit/s/Hz
[51575 ms] [UE 12169] UL: SNR = 63.50 dB | SE = 20.778 bit/s/Hz
[51575 ms] [UE 22873] UL: SNR = 63.50 dB | SE = 20.778 bit/s/Hz
[51575 ms] [UE 30556] UL: SNR = 54.00 dB | SE = 17.669 bit/s/Hz
[51575 ms] [UE 20945] UL: SNR = 63.50 dB | SE = 20.778 bit/s/Hz
[51663 ms] [UE 45898] UL: SNR = 63.50 dB | SE = 20.778 bit/s/Hz
[51663 ms] [UE 36997] UL: SNR = 63.50 dB | SE = 20.778 bit/s/Hz
[51663 ms] [UE 48787] UL: SNR = 63.50 dB | SE = 20.778 bit/s/Hz
[51663 ms] [UE 40252] UL: SNR = 56.00 dB | SE = 18.324 bit/s/Hz
[51663 ms] [UE 15599] UL: SNR = 52.50 dB | SE = 17.179 bit/s/Hz
[51675 ms] [UE 33952] UL: SNR = 63.50 dB | SE = 20.778 bit/s/Hz
[51675 ms] [UE 12169] UL: SNR = 63.50 dB | SE = 20.778 bit/s/Hz
[51675 ms] [UE 22873] UL: SNR = 63.50 dB | SE = 20.778 bit/s/Hz
[51675 ms] [UE 30556] UL: SNR = 63.50 dB | SE = 20.778 bit/s/Hz
[51675 ms] [UE 20945] UL: SNR = 63.50 dB | SE = 20.778 bit/s/Hz
[51773 ms] [UE 45898] UL: SNR = 63.50 dB | SE = 20.778 bit/s/Hz
[51773 ms] [UE 36997] UL: SNR = 63.50 dB | SE = 20.778 bit/s/Hz
[51773 ms] [UE 48787] UL: SNR = 63.50 dB | SE = 20.778 bit/s/Hz
[51773 ms] [UE 40252] UL: SNR = 56.00 dB | SE = 18.324 bit/s/Hz
[51773 ms] [UE 15599] UL: SNR = 52.50 dB | SE = 17.179 bit/s/Hz
[51775 ms] [UE 33952] UL: SNR = 63.50 dB | SE = 20.778 bit/s/Hz
[51775 ms] [UE 12169] UL: SNR = 63.50 dB | SE = 20.778 bit/s/Hz
[51775 ms] [UE 22873] UL: SNR = 63.50 dB | SE = 20.778 bit/s/Hz
[51775 ms] [UE 30556] UL: SNR = 63.50 dB | SE = 20.778 bit/s/Hz
[51775 ms] [UE 20945] UL: SNR = 63.50 dB | SE = 20.778 bit/s/Hz
[51883 ms] [UE 45898] UL: SNR = 63.50 dB | SE = 20.778 bit/s/Hz
[51883 ms] [UE 36997] UL: SNR = 63.50 dB | SE = 20.778 bit/s/Hz
[51883 ms] [UE 48787] UL: SNR = 63.50 dB | SE = 20.778 bit/s/Hz
[51883 ms] [UE 40252] UL: SNR = 56.00 dB | SE = 18.324 bit/s/Hz
[51883 ms] [UE 15599] UL: SNR = 52.50 dB | SE = 17.179 bit/s/Hz
[51885 ms] [UE 33952] UL: SNR = 63.50 dB | SE = 20.778 bit/s/Hz
[51885 ms] [UE 12169] UL: SNR = 63.50 dB | SE = 20.778 bit/s/Hz
[51885 ms] [UE 22873] UL: SNR = 63.50 dB | SE = 20.778 bit/s/Hz
[51885 ms] [UE 30556] UL: SNR = 63.50 dB | SE = 20.778 bit/s/Hz
[51885 ms] [UE 20945] UL: SNR = 63.50 dB | SE = 20.778 bit/s/Hz
[51983 ms] [UE 45898] UL: SNR = 63.50 dB | SE = 20.778 bit/s/Hz
[51983 ms] [UE 36997] UL: SNR = 63.50 dB | SE = 20.778 bit/s/Hz
[51983 ms] [UE 48787] UL: SNR = 63.50 dB | SE = 20.778 bit/s/Hz
[51983 ms] [UE 40252] UL: SNR = 56.00 dB | SE = 18.324 bit/s/Hz
[51983 ms] [UE 15599] UL: SNR = 52.50 dB | SE = 17.179 bit/s/Hz
[51995 ms] [UE 33952] UL: SNR = 63.50 dB | SE = 20.778 bit/s/Hz
[51995 ms] [UE 12169] UL: SNR = 63.50 dB | SE = 20.778 bit/s/Hz
[51995 ms] [UE 22873] UL: SNR = 63.50 dB | SE = 20.778 bit/s/Hz
[51995 ms] [UE 30556] UL: SNR = 63.50 dB | SE = 20.778 bit/s/Hz
[51995 ms] [UE 20945] UL: SNR = 63.50 dB | SE = 20.778 bit/s/Hz
[52083 ms] [UE 45898] UL: SNR = 63.50 dB | SE = 20.778 bit/s/Hz
[52083 ms] [UE 36997] UL: SNR = 63.50 dB | SE = 20.778 bit/s/Hz
[52083 ms] [UE 48787] UL: SNR = 63.50 dB | SE = 20.778 bit/s/Hz
[52083 ms] [UE 40252] UL: SNR = 56.00 dB | SE = 18.324 bit/s/Hz
[52083 ms] [UE 15599] UL: SNR = 52.50 dB | SE = 17.179 bit/s/Hz
[52095 ms] [UE 33952] UL: SNR = 63.50 dB | SE = 20.778 bit/s/Hz
[52095 ms] [UE 12169] UL: SNR = 63.50 dB | SE = 20.778 bit/s/Hz
[52095 ms] [UE 22873] UL: SNR = 63.50 dB | SE = 20.778 bit/s/Hz
[52095 ms] [UE 30556] UL: SNR = 63.50 dB | SE = 20.778 bit/s/Hz
[52095 ms] [UE 20945] UL: SNR = 63.50 dB | SE = 20.778 bit/s/Hz
[52193 ms] [UE 45898] UL: SNR = 63.50 dB | SE = 20.778 bit/s/Hz
[52193 ms] [UE 36997] UL: SNR = 63.50 dB | SE = 20.778 bit/s/Hz
[52193 ms] [UE 48787] UL: SNR = 63.50 dB | SE = 20.778 bit/s/Hz
[52193 ms] [UE 40252] UL: SNR = 56.00 dB | SE = 18.324 bit/s/Hz
[52193 ms] [UE 15599] UL: SNR = 52.50 dB | SE = 17.179 bit/s/Hz
[52197 ms] [UE 33952] UL: SNR = 63.50 dB | SE = 20.778 bit/s/Hz
[52197 ms] [UE 12169] UL: SNR = 63.50 dB | SE = 20.778 bit/s/Hz
[52197 ms] [UE 22873] UL: SNR = 63.50 dB | SE = 20.778 bit/s/Hz
[52197 ms] [UE 30556] UL: SNR = 63.50 dB | SE = 20.778 bit/s/Hz
[52197 ms] [UE 20945] UL: SNR = 63.50 dB | SE = 20.778 bit/s/Hz
[52303 ms] [UE 45898] UL: SNR = 63.50 dB | SE = 20.778 bit/s/Hz
[52303 ms] [UE 36997] UL: SNR = 63.50 dB | SE = 20.778 bit/s/Hz
[52303 ms] [UE 48787] UL: SNR = 63.50 dB | SE = 20.778 bit/s/Hz
[52303 ms] [UE 40252] UL: SNR = 56.00 dB | SE = 18.324 bit/s/Hz
[52303 ms] [UE 15599] UL: SNR = 52.50 dB | SE = 17.179 bit/s/Hz
[52306 ms] [UE 33952] UL: SNR = 63.50 dB | SE = 20.778 bit/s/Hz
[52306 ms] [UE 12169] UL: SNR = 63.50 dB | SE = 20.778 bit/s/Hz
[52306 ms] [UE 22873] UL: SNR = 63.50 dB | SE = 20.778 bit/s/Hz
[52306 ms] [UE 30556] UL: SNR = 63.50 dB | SE = 20.778 bit/s/Hz
[52306 ms] [UE 20945] UL: SNR = 63.50 dB | SE = 20.778 bit/s/Hz
[52413 ms] [UE 45898] UL: SNR = 63.50 dB | SE = 20.778 bit/s/Hz
[52413 ms] [UE 36997] UL: SNR = 63.50 dB | SE = 20.778 bit/s/Hz
[52413 ms] [UE 48787] UL: SNR = 63.50 dB | SE = 20.778 bit/s/Hz
[52413 ms] [UE 40252] UL: SNR = 56.00 dB | SE = 18.324 bit/s/Hz
[52413 ms] [UE 15599] UL: SNR = 52.50 dB | SE = 17.179 bit/s/Hz
[52415 ms] [UE 33952] UL: SNR = 63.50 dB | SE = 20.778 bit/s/Hz
[52415 ms] [UE 12169] UL: SNR = 63.50 dB | SE = 20.778 bit/s/Hz
[52415 ms] [UE 22873] UL: SNR = 63.50 dB | SE = 20.778 bit/s/Hz
[52415 ms] [UE 30556] UL: SNR = 63.50 dB | SE = 20.778 bit/s/Hz
[52415 ms] [UE 20945] UL: SNR = 63.50 dB | SE = 20.778 bit/s/Hz
[52513 ms] [UE 45898] UL: SNR = 63.50 dB | SE = 20.778 bit/s/Hz
[52513 ms] [UE 36997] UL: SNR = 63.50 dB | SE = 20.778 bit/s/Hz
[52513 ms] [UE 48787] UL: SNR = 63.50 dB | SE = 20.778 bit/s/Hz
[52513 ms] [UE 40252] UL: SNR = 56.00 dB | SE = 18.324 bit/s/Hz
[52513 ms] [UE 15599] UL: SNR = 52.50 dB | SE = 17.179 bit/s/Hz
[52515 ms] [UE 33952] UL: SNR = 63.50 dB | SE = 20.778 bit/s/Hz
[52515 ms] [UE 12169] UL: SNR = 63.50 dB | SE = 20.778 bit/s/Hz
[52515 ms] [UE 22873] UL: SNR = 63.50 dB | SE = 20.778 bit/s/Hz
[52515 ms] [UE 30556] UL: SNR = 63.50 dB | SE = 20.778 bit/s/Hz
[52515 ms] [UE 20945] UL: SNR = 63.50 dB | SE = 20.778 bit/s/Hz
[52615 ms] [UE 33952] UL: SNR = 63.50 dB | SE = 20.778 bit/s/Hz
[52615 ms] [UE 12169] UL: SNR = 63.50 dB | SE = 20.778 bit/s/Hz
[52615 ms] [UE 22873] UL: SNR = 63.50 dB | SE = 20.778 bit/s/Hz
[52615 ms] [UE 30556] UL: SNR = 63.50 dB | SE = 20.778 bit/s/Hz
[52615 ms] [UE 20945] UL: SNR = 63.50 dB | SE = 20.778 bit/s/Hz
[52623 ms] [UE 45898] UL: SNR = 63.50 dB | SE = 20.778 bit/s/Hz
[52623 ms] [UE 36997] UL: SNR = 63.50 dB | SE = 20.778 bit/s/Hz
[52623 ms] [UE 48787] UL: SNR = 63.50 dB | SE = 20.778 bit/s/Hz
[52623 ms] [UE 40252] UL: SNR = 56.00 dB | SE = 18.324 bit/s/Hz
[52623 ms] [UE 15599] UL: SNR = 52.50 dB | SE = 17.179 bit/s/Hz
[52724 ms] [UE 45898] UL: SNR = 63.50 dB | SE = 20.778 bit/s/Hz
[52724 ms] [UE 36997] UL: SNR = 63.50 dB | SE = 20.778 bit/s/Hz
[52724 ms] [UE 48787] UL: SNR = 63.50 dB | SE = 20.778 bit/s/Hz
[52724 ms] [UE 40252] UL: SNR = 56.00 dB | SE = 18.324 bit/s/Hz
[52724 ms] [UE 15599] UL: SNR = 52.50 dB | SE = 17.179 bit/s/Hz
[52726 ms] [UE 33952] UL: SNR = 63.50 dB | SE = 20.778 bit/s/Hz
[52726 ms] [UE 12169] UL: SNR = 63.50 dB | SE = 20.778 bit/s/Hz
[52726 ms] [UE 22873] UL: SNR = 63.50 dB | SE = 20.778 bit/s/Hz
[52726 ms] [UE 30556] UL: SNR = 63.50 dB | SE = 20.778 bit/s/Hz
[52726 ms] [UE 20945] UL: SNR = 63.50 dB | SE = 20.778 bit/s/Hz
[52833 ms] [UE 45898] UL: SNR = 63.50 dB | SE = 20.778 bit/s/Hz
[52833 ms] [UE 36997] UL: SNR = 63.50 dB | SE = 20.778 bit/s/Hz
[52833 ms] [UE 48787] UL: SNR = 63.50 dB | SE = 20.778 bit/s/Hz
[52833 ms] [UE 40252] UL: SNR = 56.00 dB | SE = 18.324 bit/s/Hz
[52833 ms] [UE 15599] UL: SNR = 52.50 dB | SE = 17.179 bit/s/Hz
[52835 ms] [UE 33952] UL: SNR = 63.50 dB | SE = 20.778 bit/s/Hz
[52835 ms] [UE 12169] UL: SNR = 63.50 dB | SE = 20.778 bit/s/Hz
[52835 ms] [UE 22873] UL: SNR = 63.50 dB | SE = 20.778 bit/s/Hz
[52835 ms] [UE 30556] UL: SNR = 63.50 dB | SE = 20.778 bit/s/Hz
[52835 ms] [UE 20945] UL: SNR = 63.50 dB | SE = 20.778 bit/s/Hz
[52933 ms] [UE 45898] UL: SNR = 63.50 dB | SE = 20.778 bit/s/Hz
[52933 ms] [UE 36997] UL: SNR = 63.50 dB | SE = 20.778 bit/s/Hz
[52933 ms] [UE 48787] UL: SNR = 63.50 dB | SE = 20.778 bit/s/Hz
[52933 ms] [UE 40252] UL: SNR = 56.00 dB | SE = 18.324 bit/s/Hz
[52933 ms] [UE 15599] UL: SNR = 52.50 dB | SE = 17.179 bit/s/Hz
[52935 ms] [UE 33952] UL: SNR = 63.50 dB | SE = 20.778 bit/s/Hz
[52935 ms] [UE 12169] UL: SNR = 63.50 dB | SE = 20.778 bit/s/Hz
[52935 ms] [UE 22873] UL: SNR = 63.50 dB | SE = 20.778 bit/s/Hz
[52935 ms] [UE 30556] UL: SNR = 63.50 dB | SE = 20.778 bit/s/Hz
[52935 ms] [UE 20945] UL: SNR = 63.50 dB | SE = 20.778 bit/s/Hz
[53043 ms] [UE 45898] UL: SNR = 63.50 dB | SE = 20.778 bit/s/Hz
[53043 ms] [UE 36997] UL: SNR = 63.50 dB | SE = 20.778 bit/s/Hz
[53043 ms] [UE 48787] UL: SNR = 63.50 dB | SE = 20.778 bit/s/Hz
[53043 ms] [UE 40252] UL: SNR = 56.00 dB | SE = 18.324 bit/s/Hz
[53043 ms] [UE 15599] UL: SNR = 52.50 dB | SE = 17.179 bit/s/Hz
[53046 ms] [UE 33952] UL: SNR = 63.50 dB | SE = 20.778 bit/s/Hz
[53046 ms] [UE 12169] UL: SNR = 63.50 dB | SE = 20.778 bit/s/Hz
[53046 ms] [UE 22873] UL: SNR = 63.50 dB | SE = 20.778 bit/s/Hz
[53046 ms] [UE 30556] UL: SNR = 63.50 dB | SE = 20.778 bit/s/Hz
[53046 ms] [UE 20945] UL: SNR = 63.50 dB | SE = 20.778 bit/s/Hz
[53143 ms] [UE 45898] UL: SNR = 63.50 dB | SE = 20.778 bit/s/Hz
[53143 ms] [UE 36997] UL: SNR = 63.50 dB | SE = 20.778 bit/s/Hz
[53143 ms] [UE 48787] UL: SNR = 63.50 dB | SE = 20.778 bit/s/Hz
[53143 ms] [UE 40252] UL: SNR = 56.00 dB | SE = 18.324 bit/s/Hz
[53143 ms] [UE 15599] UL: SNR = 52.50 dB | SE = 17.179 bit/s/Hz
[53158 ms] [UE 33952] UL: SNR = 63.50 dB | SE = 20.778 bit/s/Hz
[53158 ms] [UE 12169] UL: SNR = 63.50 dB | SE = 20.778 bit/s/Hz
[53158 ms] [UE 22873] UL: SNR = 63.50 dB | SE = 20.778 bit/s/Hz
[53158 ms] [UE 30556] UL: SNR = 63.50 dB | SE = 20.778 bit/s/Hz
[53158 ms] [UE 20945] UL: SNR = 63.50 dB | SE = 20.778 bit/s/Hz
[53253 ms] [UE 45898] UL: SNR = 63.50 dB | SE = 20.778 bit/s/Hz
[53253 ms] [UE 36997] UL: SNR = 63.50 dB | SE = 20.778 bit/s/Hz
[53253 ms] [UE 48787] UL: SNR = 63.50 dB | SE = 20.778 bit/s/Hz
[53253 ms] [UE 40252] UL: SNR = 56.00 dB | SE = 18.324 bit/s/Hz
[53253 ms] [UE 15599] UL: SNR = 52.50 dB | SE = 17.179 bit/s/Hz
[53265 ms] [UE 33952] UL: SNR = 63.50 dB | SE = 20.778 bit/s/Hz
[53265 ms] [UE 12169] UL: SNR = 63.50 dB | SE = 20.778 bit/s/Hz
[53265 ms] [UE 22873] UL: SNR = 63.50 dB | SE = 20.778 bit/s/Hz
[53265 ms] [UE 30556] UL: SNR = 63.50 dB | SE = 20.778 bit/s/Hz
[53265 ms] [UE 20945] UL: SNR = 63.50 dB | SE = 20.778 bit/s/Hz
[53354 ms] [UE 45898] UL: SNR = 63.50 dB | SE = 20.778 bit/s/Hz
[53354 ms] [UE 36997] UL: SNR = 63.50 dB | SE = 20.778 bit/s/Hz
[53354 ms] [UE 48787] UL: SNR = 63.50 dB | SE = 20.778 bit/s/Hz
[53354 ms] [UE 40252] UL: SNR = 56.00 dB | SE = 18.324 bit/s/Hz
[53354 ms] [UE 15599] UL: SNR = 52.50 dB | SE = 17.179 bit/s/Hz
[53366 ms] [UE 33952] UL: SNR = 63.50 dB | SE = 20.778 bit/s/Hz
[53366 ms] [UE 12169] UL: SNR = 63.50 dB | SE = 20.778 bit/s/Hz
[53366 ms] [UE 22873] UL: SNR = 63.50 dB | SE = 20.778 bit/s/Hz
[53366 ms] [UE 30556] UL: SNR = 63.50 dB | SE = 20.778 bit/s/Hz
[53366 ms] [UE 20945] UL: SNR = 63.50 dB | SE = 20.778 bit/s/Hz
[53454 ms] [UE 45898] UL: SNR = 63.50 dB | SE = 20.778 bit/s/Hz
[53454 ms] [UE 36997] UL: SNR = 63.50 dB | SE = 20.778 bit/s/Hz
[53454 ms] [UE 48787] UL: SNR = 63.50 dB | SE = 20.778 bit/s/Hz
[53454 ms] [UE 40252] UL: SNR = 56.00 dB | SE = 18.324 bit/s/Hz
[53454 ms] [UE 15599] UL: SNR = 52.50 dB | SE = 17.179 bit/s/Hz
[53475 ms] [UE 33952] UL: SNR = 63.50 dB | SE = 20.778 bit/s/Hz
[53475 ms] [UE 12169] UL: SNR = 63.50 dB | SE = 20.778 bit/s/Hz
[53475 ms] [UE 22873] UL: SNR = 63.50 dB | SE = 20.778 bit/s/Hz
[53475 ms] [UE 30556] UL: SNR = 63.50 dB | SE = 20.778 bit/s/Hz
[53475 ms] [UE 20945] UL: SNR = 63.50 dB | SE = 20.778 bit/s/Hz
[53563 ms] [UE 45898] UL: SNR = 63.50 dB | SE = 20.778 bit/s/Hz
[53563 ms] [UE 36997] UL: SNR = 63.50 dB | SE = 20.778 bit/s/Hz
[53563 ms] [UE 48787] UL: SNR = 63.50 dB | SE = 20.778 bit/s/Hz
[53563 ms] [UE 40252] UL: SNR = 56.00 dB | SE = 18.324 bit/s/Hz
[53563 ms] [UE 15599] UL: SNR = 52.50 dB | SE = 17.179 bit/s/Hz
[53575 ms] [UE 33952] UL: SNR = 63.50 dB | SE = 20.778 bit/s/Hz
[53575 ms] [UE 12169] UL: SNR = 63.50 dB | SE = 20.778 bit/s/Hz
[53575 ms] [UE 22873] UL: SNR = 63.50 dB | SE = 20.778 bit/s/Hz
[53575 ms] [UE 30556] UL: SNR = 63.50 dB | SE = 20.778 bit/s/Hz
[53575 ms] [UE 20945] UL: SNR = 63.50 dB | SE = 20.778 bit/s/Hz
[53674 ms] [UE 45898] UL: SNR = 63.50 dB | SE = 20.778 bit/s/Hz
[53674 ms] [UE 36997] UL: SNR = 63.50 dB | SE = 20.778 bit/s/Hz
[53674 ms] [UE 48787] UL: SNR = 63.50 dB | SE = 20.778 bit/s/Hz
[53674 ms] [UE 40252] UL: SNR = 56.00 dB | SE = 18.324 bit/s/Hz
[53674 ms] [UE 15599] UL: SNR = 52.50 dB | SE = 17.179 bit/s/Hz
[53675 ms] [UE 33952] UL: SNR = 63.50 dB | SE = 20.778 bit/s/Hz
[53675 ms] [UE 12169] UL: SNR = 63.50 dB | SE = 20.778 bit/s/Hz
[53675 ms] [UE 22873] UL: SNR = 63.50 dB | SE = 20.778 bit/s/Hz
[53675 ms] [UE 30556] UL: SNR = 63.50 dB | SE = 20.778 bit/s/Hz
[53675 ms] [UE 20945] UL: SNR = 63.50 dB | SE = 20.778 bit/s/Hz
[53776 ms] [UE 33952] UL: SNR = 63.50 dB | SE = 20.778 bit/s/Hz
[53776 ms] [UE 12169] UL: SNR = 63.50 dB | SE = 20.778 bit/s/Hz
[53776 ms] [UE 22873] UL: SNR = 63.50 dB | SE = 20.778 bit/s/Hz
[53776 ms] [UE 30556] UL: SNR = 63.50 dB | SE = 20.778 bit/s/Hz
[53776 ms] [UE 20945] UL: SNR = 63.50 dB | SE = 20.778 bit/s/Hz
[53783 ms] [UE 45898] UL: SNR = 63.50 dB | SE = 20.778 bit/s/Hz
[53783 ms] [UE 36997] UL: SNR = 63.50 dB | SE = 20.778 bit/s/Hz
[53783 ms] [UE 48787] UL: SNR = 63.50 dB | SE = 20.778 bit/s/Hz
[53783 ms] [UE 40252] UL: SNR = 56.00 dB | SE = 18.324 bit/s/Hz
[53783 ms] [UE 15599] UL: SNR = 52.50 dB | SE = 17.179 bit/s/Hz
[53885 ms] [UE 33952] UL: SNR = 63.50 dB | SE = 20.778 bit/s/Hz
[53885 ms] [UE 12169] UL: SNR = 63.50 dB | SE = 20.778 bit/s/Hz
[53885 ms] [UE 22873] UL: SNR = 63.50 dB | SE = 20.778 bit/s/Hz
[53885 ms] [UE 30556] UL: SNR = 7.50 dB | SE = 2.687 bit/s/Hz
[53885 ms] [UE 20945] UL: SNR = 63.50 dB | SE = 20.778 bit/s/Hz
[53893 ms] [UE 45898] UL: SNR = 63.50 dB | SE = 20.778 bit/s/Hz
[53893 ms] [UE 36997] UL: SNR = 63.50 dB | SE = 20.778 bit/s/Hz
[53893 ms] [UE 48787] UL: SNR = 63.50 dB | SE = 20.778 bit/s/Hz
[53893 ms] [UE 40252] UL: SNR = 56.00 dB | SE = 18.324 bit/s/Hz
[53893 ms] [UE 15599] UL: SNR = 52.50 dB | SE = 17.179 bit/s/Hz
[53993 ms] [UE 45898] UL: SNR = 63.50 dB | SE = 20.778 bit/s/Hz
[53993 ms] [UE 36997] UL: SNR = 63.50 dB | SE = 20.778 bit/s/Hz
[53993 ms] [UE 48787] UL: SNR = 63.50 dB | SE = 20.778 bit/s/Hz
[53993 ms] [UE 40252] UL: SNR = 56.00 dB | SE = 18.324 bit/s/Hz
[53993 ms] [UE 15599] UL: SNR = 52.50 dB | SE = 17.179 bit/s/Hz
[53995 ms] [UE 33952] UL: SNR = 63.50 dB | SE = 20.778 bit/s/Hz
[53995 ms] [UE 12169] UL: SNR = 63.50 dB | SE = 20.778 bit/s/Hz
[53995 ms] [UE 22873] UL: SNR = 63.50 dB | SE = 20.778 bit/s/Hz
[53995 ms] [UE 30556] UL: SNR = 7.50 dB | SE = 2.687 bit/s/Hz
[53995 ms] [UE 20945] UL: SNR = 63.50 dB | SE = 20.778 bit/s/Hz
[54105 ms] [UE 45898] UL: SNR = 63.50 dB | SE = 20.778 bit/s/Hz
[54105 ms] [UE 36997] UL: SNR = 63.50 dB | SE = 20.778 bit/s/Hz
[54105 ms] [UE 48787] UL: SNR = 63.50 dB | SE = 20.778 bit/s/Hz
[54105 ms] [UE 40252] UL: SNR = 56.00 dB | SE = 18.324 bit/s/Hz
[54105 ms] [UE 15599] UL: SNR = 52.50 dB | SE = 17.179 bit/s/Hz
[54105 ms] [UE 33952] UL: SNR = 63.50 dB | SE = 20.778 bit/s/Hz
[54105 ms] [UE 12169] UL: SNR = 63.50 dB | SE = 20.778 bit/s/Hz
[54105 ms] [UE 22873] UL: SNR = 5.50 dB | SE = 2.152 bit/s/Hz
[54105 ms] [UE 30556] UL: SNR = 7.50 dB | SE = 2.687 bit/s/Hz
[54105 ms] [UE 20945] UL: SNR = 63.50 dB | SE = 20.778 bit/s/Hz
[54213 ms] [UE 45898] UL: SNR = 63.50 dB | SE = 20.778 bit/s/Hz
[54213 ms] [UE 36997] UL: SNR = 63.50 dB | SE = 20.778 bit/s/Hz
[54213 ms] [UE 48787] UL: SNR = 63.50 dB | SE = 20.778 bit/s/Hz
[54213 ms] [UE 40252] UL: SNR = 56.00 dB | SE = 18.324 bit/s/Hz
[54213 ms] [UE 15599] UL: SNR = 52.50 dB | SE = 17.179 bit/s/Hz
[54215 ms] [UE 33952] UL: SNR = 63.50 dB | SE = 20.778 bit/s/Hz
[54215 ms] [UE 12169] UL: SNR = 63.50 dB | SE = 20.778 bit/s/Hz
[54215 ms] [UE 22873] UL: SNR = 5.50 dB | SE = 2.152 bit/s/Hz
[54215 ms] [UE 30556] UL: SNR = 7.50 dB | SE = 2.687 bit/s/Hz
[54215 ms] [UE 20945] UL: SNR = 63.50 dB | SE = 20.778 bit/s/Hz
[54323 ms] [UE 45898] UL: SNR = 63.50 dB | SE = 20.778 bit/s/Hz
[54323 ms] [UE 36997] UL: SNR = 63.50 dB | SE = 20.778 bit/s/Hz
[54323 ms] [UE 48787] UL: SNR = 63.50 dB | SE = 20.778 bit/s/Hz
[54323 ms] [UE 40252] UL: SNR = 56.00 dB | SE = 18.324 bit/s/Hz
[54323 ms] [UE 15599] UL: SNR = 52.50 dB | SE = 17.179 bit/s/Hz
[54325 ms] [UE 33952] UL: SNR = 63.50 dB | SE = 20.778 bit/s/Hz
[54325 ms] [UE 12169] UL: SNR = 63.50 dB | SE = 20.778 bit/s/Hz
[54325 ms] [UE 22873] UL: SNR = 5.50 dB | SE = 2.152 bit/s/Hz
[54325 ms] [UE 30556] UL: SNR = 7.50 dB | SE = 2.687 bit/s/Hz
[54325 ms] [UE 20945] UL: SNR = 63.50 dB | SE = 20.778 bit/s/Hz
[54423 ms] [UE 45898] UL: SNR = 63.50 dB | SE = 20.778 bit/s/Hz
[54423 ms] [UE 36997] UL: SNR = 63.50 dB | SE = 20.778 bit/s/Hz
[54423 ms] [UE 48787] UL: SNR = 63.50 dB | SE = 20.778 bit/s/Hz
[54423 ms] [UE 40252] UL: SNR = 56.00 dB | SE = 18.324 bit/s/Hz
[54423 ms] [UE 15599] UL: SNR = 52.50 dB | SE = 17.179 bit/s/Hz
[54425 ms] [UE 33952] UL: SNR = 63.50 dB | SE = 20.778 bit/s/Hz
[54425 ms] [UE 12169] UL: SNR = 63.50 dB | SE = 20.778 bit/s/Hz
[54425 ms] [UE 22873] UL: SNR = 5.50 dB | SE = 2.152 bit/s/Hz
[54425 ms] [UE 30556] UL: SNR = 7.50 dB | SE = 2.687 bit/s/Hz
[54425 ms] [UE 20945] UL: SNR = 63.50 dB | SE = 20.778 bit/s/Hz
[54533 ms] [UE 45898] UL: SNR = 63.50 dB | SE = 20.778 bit/s/Hz
[54533 ms] [UE 36997] UL: SNR = 63.50 dB | SE = 20.778 bit/s/Hz
[54533 ms] [UE 48787] UL: SNR = 63.50 dB | SE = 20.778 bit/s/Hz
[54533 ms] [UE 40252] UL: SNR = 56.00 dB | SE = 18.324 bit/s/Hz
[54533 ms] [UE 15599] UL: SNR = 52.50 dB | SE = 17.179 bit/s/Hz
[54535 ms] [UE 33952] UL: SNR = 63.50 dB | SE = 20.778 bit/s/Hz
[54535 ms] [UE 12169] UL: SNR = 63.50 dB | SE = 20.778 bit/s/Hz
[54535 ms] [UE 22873] UL: SNR = 5.50 dB | SE = 2.152 bit/s/Hz
[54535 ms] [UE 30556] UL: SNR = 7.50 dB | SE = 2.687 bit/s/Hz
[54535 ms] [UE 20945] UL: SNR = 63.50 dB | SE = 20.778 bit/s/Hz
[54633 ms] [UE 45898] UL: SNR = 63.50 dB | SE = 20.778 bit/s/Hz
[54633 ms] [UE 36997] UL: SNR = 63.50 dB | SE = 20.778 bit/s/Hz
[54633 ms] [UE 48787] UL: SNR = 63.50 dB | SE = 20.778 bit/s/Hz
[54633 ms] [UE 40252] UL: SNR = 56.00 dB | SE = 18.324 bit/s/Hz
[54633 ms] [UE 15599] UL: SNR = 52.50 dB | SE = 17.179 bit/s/Hz
[54635 ms] [UE 33952] UL: SNR = 63.50 dB | SE = 20.778 bit/s/Hz
[54635 ms] [UE 12169] UL: SNR = 63.50 dB | SE = 20.778 bit/s/Hz
[54635 ms] [UE 22873] UL: SNR = 5.50 dB | SE = 2.152 bit/s/Hz
[54635 ms] [UE 30556] UL: SNR = 53.50 dB | SE = 17.506 bit/s/Hz
[54635 ms] [UE 20945] UL: SNR = 63.50 dB | SE = 20.778 bit/s/Hz
[54734 ms] [UE 45898] UL: SNR = 63.50 dB | SE = 20.778 bit/s/Hz
[54734 ms] [UE 36997] UL: SNR = 63.50 dB | SE = 20.778 bit/s/Hz
[54734 ms] [UE 48787] UL: SNR = 63.50 dB | SE = 20.778 bit/s/Hz
[54734 ms] [UE 40252] UL: SNR = 56.00 dB | SE = 18.324 bit/s/Hz
[54734 ms] [UE 15599] UL: SNR = 52.50 dB | SE = 17.179 bit/s/Hz
[54746 ms] [UE 33952] UL: SNR = 63.50 dB | SE = 20.778 bit/s/Hz
[54746 ms] [UE 12169] UL: SNR = 63.50 dB | SE = 20.778 bit/s/Hz
[54746 ms] [UE 22873] UL: SNR = 5.50 dB | SE = 2.152 bit/s/Hz
[54746 ms] [UE 30556] UL: SNR = 53.50 dB | SE = 17.506 bit/s/Hz
[54746 ms] [UE 20945] UL: SNR = 63.50 dB | SE = 20.778 bit/s/Hz
[54843 ms] [UE 45898] UL: SNR = 63.50 dB | SE = 20.778 bit/s/Hz
[54843 ms] [UE 36997] UL: SNR = 63.50 dB | SE = 20.778 bit/s/Hz
[54843 ms] [UE 48787] UL: SNR = 63.50 dB | SE = 20.778 bit/s/Hz
[54843 ms] [UE 40252] UL: SNR = 56.00 dB | SE = 18.324 bit/s/Hz
[54843 ms] [UE 15599] UL: SNR = 52.50 dB | SE = 17.179 bit/s/Hz
[54856 ms] [UE 33952] UL: SNR = 63.50 dB | SE = 20.778 bit/s/Hz
[54856 ms] [UE 12169] UL: SNR = 63.50 dB | SE = 20.778 bit/s/Hz
[54856 ms] [UE 22873] UL: SNR = 5.50 dB | SE = 2.152 bit/s/Hz
[54856 ms] [UE 30556] UL: SNR = 54.00 dB | SE = 17.669 bit/s/Hz
[54856 ms] [UE 20945] UL: SNR = 63.50 dB | SE = 20.778 bit/s/Hz
[54953 ms] [UE 45898] UL: SNR = 63.50 dB | SE = 20.778 bit/s/Hz
[54953 ms] [UE 36997] UL: SNR = 63.50 dB | SE = 20.778 bit/s/Hz
[54953 ms] [UE 48787] UL: SNR = 63.50 dB | SE = 20.778 bit/s/Hz
[54953 ms] [UE 40252] UL: SNR = 56.00 dB | SE = 18.324 bit/s/Hz
[54953 ms] [UE 15599] UL: SNR = 52.50 dB | SE = 17.179 bit/s/Hz
[54958 ms] [UE 33952] UL: SNR = 63.50 dB | SE = 20.778 bit/s/Hz
[54958 ms] [UE 12169] UL: SNR = 63.50 dB | SE = 20.778 bit/s/Hz
[54958 ms] [UE 22873] UL: SNR = 5.50 dB | SE = 2.152 bit/s/Hz
[54958 ms] [UE 30556] UL: SNR = 54.00 dB | SE = 17.669 bit/s/Hz
[54958 ms] [UE 20945] UL: SNR = 63.50 dB | SE = 20.778 bit/s/Hz
[55063 ms] [UE 45898] UL: SNR = 63.50 dB | SE = 20.778 bit/s/Hz
[55063 ms] [UE 36997] UL: SNR = 63.50 dB | SE = 20.778 bit/s/Hz
[55063 ms] [UE 48787] UL: SNR = 63.50 dB | SE = 20.778 bit/s/Hz
[55063 ms] [UE 40252] UL: SNR = 56.00 dB | SE = 18.324 bit/s/Hz
[55063 ms] [UE 15599] UL: SNR = 52.50 dB | SE = 17.179 bit/s/Hz
[55065 ms] [UE 33952] UL: SNR = 63.50 dB | SE = 20.778 bit/s/Hz
[55065 ms] [UE 12169] UL: SNR = 63.50 dB | SE = 20.778 bit/s/Hz
[55065 ms] [UE 22873] UL: SNR = 5.50 dB | SE = 2.152 bit/s/Hz
[55065 ms] [UE 30556] UL: SNR = 63.50 dB | SE = 20.778 bit/s/Hz
[55065 ms] [UE 20945] UL: SNR = 63.50 dB | SE = 20.778 bit/s/Hz
[55163 ms] [UE 45898] UL: SNR = 63.50 dB | SE = 20.778 bit/s/Hz
[55163 ms] [UE 36997] UL: SNR = 63.50 dB | SE = 20.778 bit/s/Hz
[55163 ms] [UE 48787] UL: SNR = 63.50 dB | SE = 20.778 bit/s/Hz
[55163 ms] [UE 40252] UL: SNR = 56.00 dB | SE = 18.324 bit/s/Hz
[55163 ms] [UE 15599] UL: SNR = 52.50 dB | SE = 17.179 bit/s/Hz
[55165 ms] [UE 33952] UL: SNR = 63.50 dB | SE = 20.778 bit/s/Hz
[55165 ms] [UE 12169] UL: SNR = 63.50 dB | SE = 20.778 bit/s/Hz
[55165 ms] [UE 22873] UL: SNR = 5.50 dB | SE = 2.152 bit/s/Hz
[55165 ms] [UE 30556] UL: SNR = 63.50 dB | SE = 20.778 bit/s/Hz
[55165 ms] [UE 20945] UL: SNR = 63.50 dB | SE = 20.778 bit/s/Hz
[55265 ms] [UE 33952] UL: SNR = 63.50 dB | SE = 20.778 bit/s/Hz
[55265 ms] [UE 12169] UL: SNR = 63.50 dB | SE = 20.778 bit/s/Hz
[55265 ms] [UE 22873] UL: SNR = 5.50 dB | SE = 2.152 bit/s/Hz
[55265 ms] [UE 30556] UL: SNR = 63.50 dB | SE = 20.778 bit/s/Hz
[55265 ms] [UE 20945] UL: SNR = 63.50 dB | SE = 20.778 bit/s/Hz
[55273 ms] [UE 45898] UL: SNR = 63.50 dB | SE = 20.778 bit/s/Hz
[55273 ms] [UE 36997] UL: SNR = 63.50 dB | SE = 20.778 bit/s/Hz
[55273 ms] [UE 48787] UL: SNR = 63.50 dB | SE = 20.778 bit/s/Hz
[55273 ms] [UE 40252] UL: SNR = 56.00 dB | SE = 18.324 bit/s/Hz
[55273 ms] [UE 15599] UL: SNR = 52.50 dB | SE = 17.179 bit/s/Hz
[55366 ms] [UE 33952] UL: SNR = 63.50 dB | SE = 20.778 bit/s/Hz
[55366 ms] [UE 12169] UL: SNR = 63.50 dB | SE = 20.778 bit/s/Hz
[55366 ms] [UE 22873] UL: SNR = 5.50 dB | SE = 2.152 bit/s/Hz
[55366 ms] [UE 30556] UL: SNR = 54.00 dB | SE = 17.669 bit/s/Hz
[55366 ms] [UE 20945] UL: SNR = 63.50 dB | SE = 20.778 bit/s/Hz
[55373 ms] [UE 45898] UL: SNR = 63.50 dB | SE = 20.778 bit/s/Hz
[55373 ms] [UE 36997] UL: SNR = 63.50 dB | SE = 20.778 bit/s/Hz
[55373 ms] [UE 48787] UL: SNR = 63.50 dB | SE = 20.778 bit/s/Hz
[55373 ms] [UE 40252] UL: SNR = 56.00 dB | SE = 18.324 bit/s/Hz
[55373 ms] [UE 15599] UL: SNR = 52.50 dB | SE = 17.179 bit/s/Hz
[55473 ms] [UE 45898] UL: SNR = 63.50 dB | SE = 20.778 bit/s/Hz
[55473 ms] [UE 36997] UL: SNR = 63.50 dB | SE = 20.778 bit/s/Hz
[55473 ms] [UE 48787] UL: SNR = 63.50 dB | SE = 20.778 bit/s/Hz
[55473 ms] [UE 40252] UL: SNR = 56.00 dB | SE = 18.324 bit/s/Hz
[55473 ms] [UE 15599] UL: SNR = 52.50 dB | SE = 17.179 bit/s/Hz
[55477 ms] [UE 33952] UL: SNR = 63.50 dB | SE = 20.778 bit/s/Hz
[55477 ms] [UE 12169] UL: SNR = 63.50 dB | SE = 20.778 bit/s/Hz
[55477 ms] [UE 22873] UL: SNR = 5.50 dB | SE = 2.152 bit/s/Hz
[55477 ms] [UE 30556] UL: SNR = 54.00 dB | SE = 17.669 bit/s/Hz
[55477 ms] [UE 20945] UL: SNR = 63.50 dB | SE = 20.778 bit/s/Hz
[55583 ms] [UE 45898] UL: SNR = 63.50 dB | SE = 20.778 bit/s/Hz
[55583 ms] [UE 36997] UL: SNR = 63.50 dB | SE = 20.778 bit/s/Hz
[55583 ms] [UE 48787] UL: SNR = 63.50 dB | SE = 20.778 bit/s/Hz
[55583 ms] [UE 40252] UL: SNR = 56.00 dB | SE = 18.324 bit/s/Hz
[55583 ms] [UE 15599] UL: SNR = 52.50 dB | SE = 17.179 bit/s/Hz
[55585 ms] [UE 33952] UL: SNR = 63.50 dB | SE = 20.778 bit/s/Hz
[55585 ms] [UE 12169] UL: SNR = 63.50 dB | SE = 20.778 bit/s/Hz
[55585 ms] [UE 22873] UL: SNR = 5.50 dB | SE = 2.152 bit/s/Hz
[55585 ms] [UE 30556] UL: SNR = 48.50 dB | SE = 15.870 bit/s/Hz
[55585 ms] [UE 20945] UL: SNR = 63.50 dB | SE = 20.778 bit/s/Hz
[55693 ms] [UE 45898] UL: SNR = 63.50 dB | SE = 20.778 bit/s/Hz
[55693 ms] [UE 36997] UL: SNR = 63.50 dB | SE = 20.778 bit/s/Hz
[55693 ms] [UE 48787] UL: SNR = 63.50 dB | SE = 20.778 bit/s/Hz
[55693 ms] [UE 40252] UL: SNR = 56.00 dB | SE = 18.324 bit/s/Hz
[55693 ms] [UE 15599] UL: SNR = 52.50 dB | SE = 17.179 bit/s/Hz
[55695 ms] [UE 33952] UL: SNR = 63.50 dB | SE = 20.778 bit/s/Hz
[55695 ms] [UE 12169] UL: SNR = 63.50 dB | SE = 20.778 bit/s/Hz
[55695 ms] [UE 22873] UL: SNR = 5.50 dB | SE = 2.152 bit/s/Hz
[55695 ms] [UE 30556] UL: SNR = 48.50 dB | SE = 15.870 bit/s/Hz
[55695 ms] [UE 20945] UL: SNR = 63.50 dB | SE = 20.778 bit/s/Hz
[55793 ms] [UE 45898] UL: SNR = 63.50 dB | SE = 20.778 bit/s/Hz
[55793 ms] [UE 36997] UL: SNR = 63.50 dB | SE = 20.778 bit/s/Hz
[55793 ms] [UE 48787] UL: SNR = 63.50 dB | SE = 20.778 bit/s/Hz
[55793 ms] [UE 40252] UL: SNR = 56.00 dB | SE = 18.324 bit/s/Hz
[55793 ms] [UE 15599] UL: SNR = 52.50 dB | SE = 17.179 bit/s/Hz
[55795 ms] [UE 33952] UL: SNR = 63.50 dB | SE = 20.778 bit/s/Hz
[55795 ms] [UE 12169] UL: SNR = 63.50 dB | SE = 20.778 bit/s/Hz
[55795 ms] [UE 22873] UL: SNR = 5.50 dB | SE = 2.152 bit/s/Hz
[55795 ms] [UE 30556] UL: SNR = 48.50 dB | SE = 15.870 bit/s/Hz
[55795 ms] [UE 20945] UL: SNR = 63.50 dB | SE = 20.778 bit/s/Hz
[55894 ms] [UE 45898] UL: SNR = 63.50 dB | SE = 20.778 bit/s/Hz
[55894 ms] [UE 36997] UL: SNR = 63.50 dB | SE = 20.778 bit/s/Hz
[55894 ms] [UE 48787] UL: SNR = 63.50 dB | SE = 20.778 bit/s/Hz
[55894 ms] [UE 40252] UL: SNR = 56.00 dB | SE = 18.324 bit/s/Hz
[55894 ms] [UE 15599] UL: SNR = 52.50 dB | SE = 17.179 bit/s/Hz
[55896 ms] [UE 33952] UL: SNR = 63.50 dB | SE = 20.778 bit/s/Hz
[55896 ms] [UE 12169] UL: SNR = 63.50 dB | SE = 20.778 bit/s/Hz
[55896 ms] [UE 22873] UL: SNR = 5.50 dB | SE = 2.152 bit/s/Hz
[55896 ms] [UE 30556] UL: SNR = 63.50 dB | SE = 20.778 bit/s/Hz
[55896 ms] [UE 20945] UL: SNR = 63.50 dB | SE = 20.778 bit/s/Hz
[56003 ms] [UE 45898] UL: SNR = 63.50 dB | SE = 20.778 bit/s/Hz
[56003 ms] [UE 36997] UL: SNR = 63.50 dB | SE = 20.778 bit/s/Hz
[56003 ms] [UE 48787] UL: SNR = 63.50 dB | SE = 20.778 bit/s/Hz
[56003 ms] [UE 40252] UL: SNR = 56.00 dB | SE = 18.324 bit/s/Hz
[56003 ms] [UE 15599] UL: SNR = 52.50 dB | SE = 17.179 bit/s/Hz
[56005 ms] [UE 33952] UL: SNR = 63.50 dB | SE = 20.778 bit/s/Hz
[56005 ms] [UE 12169] UL: SNR = 63.50 dB | SE = 20.778 bit/s/Hz
[56005 ms] [UE 22873] UL: SNR = 5.50 dB | SE = 2.152 bit/s/Hz
[56005 ms] [UE 30556] UL: SNR = 63.50 dB | SE = 20.778 bit/s/Hz
[56005 ms] [UE 20945] UL: SNR = 63.50 dB | SE = 20.778 bit/s/Hz
[56107 ms] [UE 33952] UL: SNR = 63.50 dB | SE = 20.778 bit/s/Hz
[56107 ms] [UE 12169] UL: SNR = 63.50 dB | SE = 20.778 bit/s/Hz
[56107 ms] [UE 22873] UL: SNR = 5.50 dB | SE = 2.152 bit/s/Hz
[56107 ms] [UE 30556] UL: SNR = 63.50 dB | SE = 20.778 bit/s/Hz
[56107 ms] [UE 20945] UL: SNR = 63.50 dB | SE = 20.778 bit/s/Hz
[56113 ms] [UE 45898] UL: SNR = 63.50 dB | SE = 20.778 bit/s/Hz
[56113 ms] [UE 36997] UL: SNR = 63.50 dB | SE = 20.778 bit/s/Hz
[56113 ms] [UE 48787] UL: SNR = 63.50 dB | SE = 20.778 bit/s/Hz
[56113 ms] [UE 40252] UL: SNR = 56.00 dB | SE = 18.324 bit/s/Hz
[56113 ms] [UE 15599] UL: SNR = 52.50 dB | SE = 17.179 bit/s/Hz
[56215 ms] [UE 33952] UL: SNR = 63.50 dB | SE = 20.778 bit/s/Hz
[56215 ms] [UE 12169] UL: SNR = 63.50 dB | SE = 20.778 bit/s/Hz
[56215 ms] [UE 22873] UL: SNR = 5.50 dB | SE = 2.152 bit/s/Hz
[56215 ms] [UE 30556] UL: SNR = 63.50 dB | SE = 20.778 bit/s/Hz
[56215 ms] [UE 20945] UL: SNR = 63.50 dB | SE = 20.778 bit/s/Hz
[56223 ms] [UE 45898] UL: SNR = 63.50 dB | SE = 20.778 bit/s/Hz
[56223 ms] [UE 36997] UL: SNR = 63.50 dB | SE = 20.778 bit/s/Hz
[56223 ms] [UE 48787] UL: SNR = 63.50 dB | SE = 20.778 bit/s/Hz
[56223 ms] [UE 40252] UL: SNR = 56.00 dB | SE = 18.324 bit/s/Hz
[56223 ms] [UE 15599] UL: SNR = 52.50 dB | SE = 17.179 bit/s/Hz
[56315 ms] [UE 33952] UL: SNR = 63.50 dB | SE = 20.778 bit/s/Hz
[56315 ms] [UE 12169] UL: SNR = 63.50 dB | SE = 20.778 bit/s/Hz
[56315 ms] [UE 22873] UL: SNR = 5.50 dB | SE = 2.152 bit/s/Hz
[56315 ms] [UE 30556] UL: SNR = 63.50 dB | SE = 20.778 bit/s/Hz
[56315 ms] [UE 20945] UL: SNR = 63.50 dB | SE = 20.778 bit/s/Hz
[56333 ms] [UE 45898] UL: SNR = 63.50 dB | SE = 20.778 bit/s/Hz
[56333 ms] [UE 36997] UL: SNR = 63.50 dB | SE = 20.778 bit/s/Hz
[56333 ms] [UE 48787] UL: SNR = 63.50 dB | SE = 20.778 bit/s/Hz
[56333 ms] [UE 40252] UL: SNR = 56.00 dB | SE = 18.324 bit/s/Hz
[56333 ms] [UE 15599] UL: SNR = 52.50 dB | SE = 17.179 bit/s/Hz
[56415 ms] [UE 33952] UL: SNR = 63.50 dB | SE = 20.778 bit/s/Hz
[56415 ms] [UE 12169] UL: SNR = 63.50 dB | SE = 20.778 bit/s/Hz
[56415 ms] [UE 22873] UL: SNR = 5.50 dB | SE = 2.152 bit/s/Hz
[56415 ms] [UE 30556] UL: SNR = 63.50 dB | SE = 20.778 bit/s/Hz
[56415 ms] [UE 20945] UL: SNR = 63.50 dB | SE = 20.778 bit/s/Hz
[56433 ms] [UE 45898] UL: SNR = 63.50 dB | SE = 20.778 bit/s/Hz
[56433 ms] [UE 36997] UL: SNR = 63.50 dB | SE = 20.778 bit/s/Hz
[56433 ms] [UE 48787] UL: SNR = 63.50 dB | SE = 20.778 bit/s/Hz
[56433 ms] [UE 40252] UL: SNR = 56.00 dB | SE = 18.324 bit/s/Hz
[56433 ms] [UE 15599] UL: SNR = 52.50 dB | SE = 17.179 bit/s/Hz
[56525 ms] [UE 33952] UL: SNR = 63.50 dB | SE = 20.778 bit/s/Hz
[56525 ms] [UE 12169] UL: SNR = 63.50 dB | SE = 20.778 bit/s/Hz
[56525 ms] [UE 22873] UL: SNR = 5.50 dB | SE = 2.152 bit/s/Hz
[56525 ms] [UE 30556] UL: SNR = 63.50 dB | SE = 20.778 bit/s/Hz
[56525 ms] [UE 20945] UL: SNR = 63.50 dB | SE = 20.778 bit/s/Hz
[56543 ms] [UE 45898] UL: SNR = 63.50 dB | SE = 20.778 bit/s/Hz
[56543 ms] [UE 36997] UL: SNR = 63.50 dB | SE = 20.778 bit/s/Hz
[56543 ms] [UE 48787] UL: SNR = 63.50 dB | SE = 20.778 bit/s/Hz
[56543 ms] [UE 40252] UL: SNR = 56.00 dB | SE = 18.324 bit/s/Hz
[56543 ms] [UE 15599] UL: SNR = 52.50 dB | SE = 17.179 bit/s/Hz
[56626 ms] [UE 33952] UL: SNR = 63.50 dB | SE = 20.778 bit/s/Hz
[56626 ms] [UE 12169] UL: SNR = 63.50 dB | SE = 20.778 bit/s/Hz
[56626 ms] [UE 22873] UL: SNR = 5.50 dB | SE = 2.152 bit/s/Hz
[56626 ms] [UE 30556] UL: SNR = 63.50 dB | SE = 20.778 bit/s/Hz
[56626 ms] [UE 20945] UL: SNR = 63.50 dB | SE = 20.778 bit/s/Hz
[56653 ms] [UE 45898] UL: SNR = 63.50 dB | SE = 20.778 bit/s/Hz
[56653 ms] [UE 36997] UL: SNR = 63.50 dB | SE = 20.778 bit/s/Hz
[56653 ms] [UE 48787] UL: SNR = 63.50 dB | SE = 20.778 bit/s/Hz
[56653 ms] [UE 40252] UL: SNR = 56.00 dB | SE = 18.324 bit/s/Hz
[56653 ms] [UE 15599] UL: SNR = 52.50 dB | SE = 17.179 bit/s/Hz
[56735 ms] [UE 33952] UL: SNR = 63.50 dB | SE = 20.778 bit/s/Hz
[56735 ms] [UE 12169] UL: SNR = 63.50 dB | SE = 20.778 bit/s/Hz
[56735 ms] [UE 22873] UL: SNR = 5.50 dB | SE = 2.152 bit/s/Hz
[56735 ms] [UE 30556] UL: SNR = 63.50 dB | SE = 20.778 bit/s/Hz
[56735 ms] [UE 20945] UL: SNR = 63.50 dB | SE = 20.778 bit/s/Hz
[56763 ms] [UE 45898] UL: SNR = 63.50 dB | SE = 20.778 bit/s/Hz
[56763 ms] [UE 36997] UL: SNR = 63.50 dB | SE = 20.778 bit/s/Hz
[56763 ms] [UE 48787] UL: SNR = 63.50 dB | SE = 20.778 bit/s/Hz
[56763 ms] [UE 40252] UL: SNR = 56.00 dB | SE = 18.324 bit/s/Hz
[56763 ms] [UE 15599] UL: SNR = 52.50 dB | SE = 17.179 bit/s/Hz
[56845 ms] [UE 33952] UL: SNR = 63.50 dB | SE = 20.778 bit/s/Hz
[56845 ms] [UE 12169] UL: SNR = 63.50 dB | SE = 20.778 bit/s/Hz
[56845 ms] [UE 22873] UL: SNR = 5.50 dB | SE = 2.152 bit/s/Hz
[56845 ms] [UE 30556] UL: SNR = 63.50 dB | SE = 20.778 bit/s/Hz
[56845 ms] [UE 20945] UL: SNR = 63.50 dB | SE = 20.778 bit/s/Hz
[56873 ms] [UE 45898] UL: SNR = 63.50 dB | SE = 20.778 bit/s/Hz
[56873 ms] [UE 36997] UL: SNR = 63.50 dB | SE = 20.778 bit/s/Hz
[56873 ms] [UE 48787] UL: SNR = 63.50 dB | SE = 20.778 bit/s/Hz
[56873 ms] [UE 40252] UL: SNR = 56.00 dB | SE = 18.324 bit/s/Hz
[56873 ms] [UE 15599] UL: SNR = 52.50 dB | SE = 17.179 bit/s/Hz
[56945 ms] [UE 33952] UL: SNR = 63.50 dB | SE = 20.778 bit/s/Hz
[56945 ms] [UE 12169] UL: SNR = 63.50 dB | SE = 20.778 bit/s/Hz
[56945 ms] [UE 22873] UL: SNR = 5.50 dB | SE = 2.152 bit/s/Hz
[56945 ms] [UE 30556] UL: SNR = 63.50 dB | SE = 20.778 bit/s/Hz
[56945 ms] [UE 20945] UL: SNR = 63.50 dB | SE = 20.778 bit/s/Hz
[56973 ms] [UE 45898] UL: SNR = 63.50 dB | SE = 20.778 bit/s/Hz
[56973 ms] [UE 36997] UL: SNR = 63.50 dB | SE = 20.778 bit/s/Hz
[56973 ms] [UE 48787] UL: SNR = 63.50 dB | SE = 20.778 bit/s/Hz
[56973 ms] [UE 40252] UL: SNR = 56.00 dB | SE = 18.324 bit/s/Hz
[56973 ms] [UE 15599] UL: SNR = 52.50 dB | SE = 17.179 bit/s/Hz
[57046 ms] [UE 33952] UL: SNR = 63.50 dB | SE = 20.778 bit/s/Hz
[57046 ms] [UE 12169] UL: SNR = 63.50 dB | SE = 20.778 bit/s/Hz
[57046 ms] [UE 22873] UL: SNR = 5.50 dB | SE = 2.152 bit/s/Hz
[57046 ms] [UE 30556] UL: SNR = 63.50 dB | SE = 20.778 bit/s/Hz
[57046 ms] [UE 20945] UL: SNR = 63.50 dB | SE = 20.778 bit/s/Hz
[57083 ms] [UE 45898] UL: SNR = 63.50 dB | SE = 20.778 bit/s/Hz
[57083 ms] [UE 36997] UL: SNR = 63.50 dB | SE = 20.778 bit/s/Hz
[57083 ms] [UE 48787] UL: SNR = 63.50 dB | SE = 20.778 bit/s/Hz
[57083 ms] [UE 40252] UL: SNR = 56.00 dB | SE = 18.324 bit/s/Hz
[57083 ms] [UE 15599] UL: SNR = 52.50 dB | SE = 17.179 bit/s/Hz
[57155 ms] [UE 33952] UL: SNR = 63.50 dB | SE = 20.778 bit/s/Hz
[57155 ms] [UE 12169] UL: SNR = 63.50 dB | SE = 20.778 bit/s/Hz
[57155 ms] [UE 22873] UL: SNR = 5.50 dB | SE = 2.152 bit/s/Hz
[57155 ms] [UE 30556] UL: SNR = 63.50 dB | SE = 20.778 bit/s/Hz
[57155 ms] [UE 20945] UL: SNR = 63.50 dB | SE = 20.778 bit/s/Hz
[57183 ms] [UE 45898] UL: SNR = 63.50 dB | SE = 20.778 bit/s/Hz
[57183 ms] [UE 36997] UL: SNR = 63.50 dB | SE = 20.778 bit/s/Hz
[57183 ms] [UE 48787] UL: SNR = 63.50 dB | SE = 20.778 bit/s/Hz
[57183 ms] [UE 40252] UL: SNR = 56.00 dB | SE = 18.324 bit/s/Hz
[57183 ms] [UE 15599] UL: SNR = 52.50 dB | SE = 17.179 bit/s/Hz
[57265 ms] [UE 33952] UL: SNR = 63.50 dB | SE = 20.778 bit/s/Hz
[57265 ms] [UE 12169] UL: SNR = 63.50 dB | SE = 20.778 bit/s/Hz
[57265 ms] [UE 22873] UL: SNR = 5.50 dB | SE = 2.152 bit/s/Hz
[57265 ms] [UE 30556] UL: SNR = 63.50 dB | SE = 20.778 bit/s/Hz
[57265 ms] [UE 20945] UL: SNR = 63.50 dB | SE = 20.778 bit/s/Hz
[57293 ms] [UE 45898] UL: SNR = 63.50 dB | SE = 20.778 bit/s/Hz
[57293 ms] [UE 36997] UL: SNR = 63.50 dB | SE = 20.778 bit/s/Hz
[57293 ms] [UE 48787] UL: SNR = 63.50 dB | SE = 20.778 bit/s/Hz
[57293 ms] [UE 40252] UL: SNR = 56.00 dB | SE = 18.324 bit/s/Hz
[57293 ms] [UE 15599] UL: SNR = 52.50 dB | SE = 17.179 bit/s/Hz
[57366 ms] [UE 33952] UL: SNR = 63.50 dB | SE = 20.778 bit/s/Hz
[57366 ms] [UE 12169] UL: SNR = 63.50 dB | SE = 20.778 bit/s/Hz
[57366 ms] [UE 22873] UL: SNR = 5.50 dB | SE = 2.152 bit/s/Hz
[57366 ms] [UE 30556] UL: SNR = 63.50 dB | SE = 20.778 bit/s/Hz
[57366 ms] [UE 20945] UL: SNR = 63.50 dB | SE = 20.778 bit/s/Hz
[57393 ms] [UE 45898] UL: SNR = 63.50 dB | SE = 20.778 bit/s/Hz
[57393 ms] [UE 36997] UL: SNR = 63.50 dB | SE = 20.778 bit/s/Hz
[57393 ms] [UE 48787] UL: SNR = 63.50 dB | SE = 20.778 bit/s/Hz
[57393 ms] [UE 40252] UL: SNR = 56.00 dB | SE = 18.324 bit/s/Hz
[57393 ms] [UE 15599] UL: SNR = 52.50 dB | SE = 17.179 bit/s/Hz
[57467 ms] [UE 33952] UL: SNR = 63.50 dB | SE = 20.778 bit/s/Hz
[57467 ms] [UE 12169] UL: SNR = 63.50 dB | SE = 20.778 bit/s/Hz
[57467 ms] [UE 22873] UL: SNR = 5.50 dB | SE = 2.152 bit/s/Hz
[57467 ms] [UE 30556] UL: SNR = 63.50 dB | SE = 20.778 bit/s/Hz
[57467 ms] [UE 20945] UL: SNR = 63.50 dB | SE = 20.778 bit/s/Hz
[57493 ms] [UE 45898] UL: SNR = 63.50 dB | SE = 20.778 bit/s/Hz
[57493 ms] [UE 36997] UL: SNR = 63.50 dB | SE = 20.778 bit/s/Hz
[57493 ms] [UE 48787] UL: SNR = 63.50 dB | SE = 20.778 bit/s/Hz
[57493 ms] [UE 40252] UL: SNR = 56.00 dB | SE = 18.324 bit/s/Hz
[57493 ms] [UE 15599] UL: SNR = 52.50 dB | SE = 17.179 bit/s/Hz
[57575 ms] [UE 33952] UL: SNR = 63.50 dB | SE = 20.778 bit/s/Hz
[57575 ms] [UE 12169] UL: SNR = 63.50 dB | SE = 20.778 bit/s/Hz
[57575 ms] [UE 22873] UL: SNR = 5.50 dB | SE = 2.152 bit/s/Hz
[57575 ms] [UE 30556] UL: SNR = 63.50 dB | SE = 20.778 bit/s/Hz
[57575 ms] [UE 20945] UL: SNR = 63.50 dB | SE = 20.778 bit/s/Hz
[57593 ms] [UE 45898] UL: SNR = 63.50 dB | SE = 20.778 bit/s/Hz
[57593 ms] [UE 36997] UL: SNR = 63.50 dB | SE = 20.778 bit/s/Hz
[57593 ms] [UE 48787] UL: SNR = 63.50 dB | SE = 20.778 bit/s/Hz
[57593 ms] [UE 40252] UL: SNR = 56.00 dB | SE = 18.324 bit/s/Hz
[57593 ms] [UE 15599] UL: SNR = 52.50 dB | SE = 17.179 bit/s/Hz
[57677 ms] [UE 33952] UL: SNR = 63.50 dB | SE = 20.778 bit/s/Hz
[57677 ms] [UE 12169] UL: SNR = 63.50 dB | SE = 20.778 bit/s/Hz
[57677 ms] [UE 22873] UL: SNR = 5.50 dB | SE = 2.152 bit/s/Hz
[57677 ms] [UE 30556] UL: SNR = 63.50 dB | SE = 20.778 bit/s/Hz
[57677 ms] [UE 20945] UL: SNR = 63.50 dB | SE = 20.778 bit/s/Hz
[57703 ms] [UE 45898] UL: SNR = 63.50 dB | SE = 20.778 bit/s/Hz
[57703 ms] [UE 36997] UL: SNR = 63.50 dB | SE = 20.778 bit/s/Hz
[57703 ms] [UE 48787] UL: SNR = 63.50 dB | SE = 20.778 bit/s/Hz
[57703 ms] [UE 40252] UL: SNR = 56.00 dB | SE = 18.324 bit/s/Hz
[57703 ms] [UE 15599] UL: SNR = 52.50 dB | SE = 17.179 bit/s/Hz
[57785 ms] [UE 33952] UL: SNR = 63.50 dB | SE = 20.778 bit/s/Hz
[57785 ms] [UE 12169] UL: SNR = 63.50 dB | SE = 20.778 bit/s/Hz
[57785 ms] [UE 22873] UL: SNR = 5.50 dB | SE = 2.152 bit/s/Hz
[57785 ms] [UE 30556] UL: SNR = 63.50 dB | SE = 20.778 bit/s/Hz
[57785 ms] [UE 20945] UL: SNR = 63.50 dB | SE = 20.778 bit/s/Hz
[57813 ms] [UE 45898] UL: SNR = 63.50 dB | SE = 20.778 bit/s/Hz
[57813 ms] [UE 36997] UL: SNR = 63.50 dB | SE = 20.778 bit/s/Hz
[57813 ms] [UE 48787] UL: SNR = 63.50 dB | SE = 20.778 bit/s/Hz
[57813 ms] [UE 40252] UL: SNR = 56.00 dB | SE = 18.324 bit/s/Hz
[57813 ms] [UE 15599] UL: SNR = 52.50 dB | SE = 17.179 bit/s/Hz
[57885 ms] [UE 33952] UL: SNR = 63.50 dB | SE = 20.778 bit/s/Hz
[57885 ms] [UE 12169] UL: SNR = 63.50 dB | SE = 20.778 bit/s/Hz
[57885 ms] [UE 22873] UL: SNR = 5.50 dB | SE = 2.152 bit/s/Hz
[57885 ms] [UE 30556] UL: SNR = 63.50 dB | SE = 20.778 bit/s/Hz
[57885 ms] [UE 20945] UL: SNR = 63.50 dB | SE = 20.778 bit/s/Hz
[57913 ms] [UE 45898] UL: SNR = 63.50 dB | SE = 20.778 bit/s/Hz
[57913 ms] [UE 36997] UL: SNR = 63.50 dB | SE = 20.778 bit/s/Hz
[57913 ms] [UE 48787] UL: SNR = 63.50 dB | SE = 20.778 bit/s/Hz
[57913 ms] [UE 40252] UL: SNR = 56.00 dB | SE = 18.324 bit/s/Hz
[57913 ms] [UE 15599] UL: SNR = 52.50 dB | SE = 17.179 bit/s/Hz
[57987 ms] [UE 33952] UL: SNR = 63.50 dB | SE = 20.778 bit/s/Hz
[57987 ms] [UE 12169] UL: SNR = 63.50 dB | SE = 20.778 bit/s/Hz
[57987 ms] [UE 22873] UL: SNR = 5.50 dB | SE = 2.152 bit/s/Hz
[57987 ms] [UE 30556] UL: SNR = 7.50 dB | SE = 2.687 bit/s/Hz
[57987 ms] [UE 20945] UL: SNR = 63.50 dB | SE = 20.778 bit/s/Hz
[58013 ms] [UE 45898] UL: SNR = 63.50 dB | SE = 20.778 bit/s/Hz
[58013 ms] [UE 36997] UL: SNR = 63.50 dB | SE = 20.778 bit/s/Hz
[58013 ms] [UE 48787] UL: SNR = 63.50 dB | SE = 20.778 bit/s/Hz
[58013 ms] [UE 40252] UL: SNR = 56.00 dB | SE = 18.324 bit/s/Hz
[58013 ms] [UE 15599] UL: SNR = 52.50 dB | SE = 17.179 bit/s/Hz
[58095 ms] [UE 33952] UL: SNR = 63.50 dB | SE = 20.778 bit/s/Hz
[58095 ms] [UE 12169] UL: SNR = 63.50 dB | SE = 20.778 bit/s/Hz
[58095 ms] [UE 22873] UL: SNR = 5.50 dB | SE = 2.152 bit/s/Hz
[58095 ms] [UE 30556] UL: SNR = 7.50 dB | SE = 2.687 bit/s/Hz
[58095 ms] [UE 20945] UL: SNR = 63.50 dB | SE = 20.778 bit/s/Hz
[58123 ms] [UE 45898] UL: SNR = 63.50 dB | SE = 20.778 bit/s/Hz
[58123 ms] [UE 36997] UL: SNR = 63.50 dB | SE = 20.778 bit/s/Hz
[58123 ms] [UE 48787] UL: SNR = 63.50 dB | SE = 20.778 bit/s/Hz
[58123 ms] [UE 40252] UL: SNR = 56.00 dB | SE = 18.324 bit/s/Hz
[58123 ms] [UE 15599] UL: SNR = 52.50 dB | SE = 17.179 bit/s/Hz
[58199 ms] [UE 33952] UL: SNR = 63.50 dB | SE = 20.778 bit/s/Hz
[58199 ms] [UE 12169] UL: SNR = 63.50 dB | SE = 20.778 bit/s/Hz
[58199 ms] [UE 22873] UL: SNR = 5.50 dB | SE = 2.152 bit/s/Hz
[58199 ms] [UE 30556] UL: SNR = 7.50 dB | SE = 2.687 bit/s/Hz
[58199 ms] [UE 20945] UL: SNR = 63.50 dB | SE = 20.778 bit/s/Hz
[58233 ms] [UE 45898] UL: SNR = 63.50 dB | SE = 20.778 bit/s/Hz
[58233 ms] [UE 36997] UL: SNR = 63.50 dB | SE = 20.778 bit/s/Hz
[58233 ms] [UE 48787] UL: SNR = 63.50 dB | SE = 20.778 bit/s/Hz
[58233 ms] [UE 40252] UL: SNR = 56.00 dB | SE = 18.324 bit/s/Hz
[58233 ms] [UE 15599] UL: SNR = 52.50 dB | SE = 17.179 bit/s/Hz
[58305 ms] [UE 33952] UL: SNR = 63.50 dB | SE = 20.778 bit/s/Hz
[58305 ms] [UE 12169] UL: SNR = 63.50 dB | SE = 20.778 bit/s/Hz
[58305 ms] [UE 22873] UL: SNR = 5.50 dB | SE = 2.152 bit/s/Hz
[58305 ms] [UE 30556] UL: SNR = 7.50 dB | SE = 2.687 bit/s/Hz
[58305 ms] [UE 20945] UL: SNR = 63.50 dB | SE = 20.778 bit/s/Hz
[58333 ms] [UE 45898] UL: SNR = 63.50 dB | SE = 20.778 bit/s/Hz
[58333 ms] [UE 36997] UL: SNR = 63.50 dB | SE = 20.778 bit/s/Hz
[58333 ms] [UE 48787] UL: SNR = 63.50 dB | SE = 20.778 bit/s/Hz
[58333 ms] [UE 40252] UL: SNR = 56.00 dB | SE = 18.324 bit/s/Hz
[58333 ms] [UE 15599] UL: SNR = 52.50 dB | SE = 17.179 bit/s/Hz
[58406 ms] [UE 33952] UL: SNR = 63.50 dB | SE = 20.778 bit/s/Hz
[58406 ms] [UE 12169] UL: SNR = 63.50 dB | SE = 20.778 bit/s/Hz
[58406 ms] [UE 22873] UL: SNR = 5.50 dB | SE = 2.152 bit/s/Hz
[58406 ms] [UE 30556] UL: SNR = 7.50 dB | SE = 2.687 bit/s/Hz
[58406 ms] [UE 20945] UL: SNR = 63.50 dB | SE = 20.778 bit/s/Hz
[58433 ms] [UE 45898] UL: SNR = 63.50 dB | SE = 20.778 bit/s/Hz
[58433 ms] [UE 36997] UL: SNR = 63.50 dB | SE = 20.778 bit/s/Hz
[58433 ms] [UE 48787] UL: SNR = 63.50 dB | SE = 20.778 bit/s/Hz
[58433 ms] [UE 40252] UL: SNR = 56.00 dB | SE = 18.324 bit/s/Hz
[58433 ms] [UE 15599] UL: SNR = 52.50 dB | SE = 17.179 bit/s/Hz
[58507 ms] [UE 33952] UL: SNR = 63.50 dB | SE = 20.778 bit/s/Hz
[58507 ms] [UE 12169] UL: SNR = 63.50 dB | SE = 20.778 bit/s/Hz
[58507 ms] [UE 22873] UL: SNR = 5.50 dB | SE = 2.152 bit/s/Hz
[58507 ms] [UE 30556] UL: SNR = 7.50 dB | SE = 2.687 bit/s/Hz
[58507 ms] [UE 20945] UL: SNR = 63.50 dB | SE = 20.778 bit/s/Hz
[58543 ms] [UE 45898] UL: SNR = 63.50 dB | SE = 20.778 bit/s/Hz
[58543 ms] [UE 36997] UL: SNR = 63.50 dB | SE = 20.778 bit/s/Hz
[58543 ms] [UE 48787] UL: SNR = 63.50 dB | SE = 20.778 bit/s/Hz
[58543 ms] [UE 40252] UL: SNR = 56.00 dB | SE = 18.324 bit/s/Hz
[58543 ms] [UE 15599] UL: SNR = 52.50 dB | SE = 17.179 bit/s/Hz
[58616 ms] [UE 33952] UL: SNR = 63.50 dB | SE = 20.778 bit/s/Hz
[58616 ms] [UE 12169] UL: SNR = 63.50 dB | SE = 20.778 bit/s/Hz
[58616 ms] [UE 22873] UL: SNR = 5.50 dB | SE = 2.152 bit/s/Hz
[58616 ms] [UE 30556] UL: SNR = 7.50 dB | SE = 2.687 bit/s/Hz
[58616 ms] [UE 20945] UL: SNR = 63.50 dB | SE = 20.778 bit/s/Hz
[58643 ms] [UE 45898] UL: SNR = 63.50 dB | SE = 20.778 bit/s/Hz
[58643 ms] [UE 36997] UL: SNR = 63.50 dB | SE = 20.778 bit/s/Hz
[58643 ms] [UE 48787] UL: SNR = 63.50 dB | SE = 20.778 bit/s/Hz
[58643 ms] [UE 40252] UL: SNR = 56.00 dB | SE = 18.324 bit/s/Hz
[58643 ms] [UE 15599] UL: SNR = 52.50 dB | SE = 17.179 bit/s/Hz
[58725 ms] [UE 33952] UL: SNR = 63.50 dB | SE = 20.778 bit/s/Hz
[58725 ms] [UE 12169] UL: SNR = 63.50 dB | SE = 20.778 bit/s/Hz
[58725 ms] [UE 22873] UL: SNR = 5.50 dB | SE = 2.152 bit/s/Hz
[58725 ms] [UE 30556] UL: SNR = 48.50 dB | SE = 15.870 bit/s/Hz
[58725 ms] [UE 20945] UL: SNR = 63.50 dB | SE = 20.778 bit/s/Hz
[58743 ms] [UE 45898] UL: SNR = 63.50 dB | SE = 20.778 bit/s/Hz
[58743 ms] [UE 36997] UL: SNR = 63.50 dB | SE = 20.778 bit/s/Hz
[58743 ms] [UE 48787] UL: SNR = 63.50 dB | SE = 20.778 bit/s/Hz
[58743 ms] [UE 40252] UL: SNR = 56.00 dB | SE = 18.324 bit/s/Hz
[58743 ms] [UE 15599] UL: SNR = 52.50 dB | SE = 17.179 bit/s/Hz
[58836 ms] [UE 33952] UL: SNR = 63.50 dB | SE = 20.778 bit/s/Hz
[58836 ms] [UE 12169] UL: SNR = 63.50 dB | SE = 20.778 bit/s/Hz
[58836 ms] [UE 22873] UL: SNR = 5.50 dB | SE = 2.152 bit/s/Hz
[58836 ms] [UE 30556] UL: SNR = 48.50 dB | SE = 15.870 bit/s/Hz
[58836 ms] [UE 20945] UL: SNR = 63.50 dB | SE = 20.778 bit/s/Hz
[58843 ms] [UE 45898] UL: SNR = 63.50 dB | SE = 20.778 bit/s/Hz
[58843 ms] [UE 36997] UL: SNR = 63.50 dB | SE = 20.778 bit/s/Hz
[58843 ms] [UE 48787] UL: SNR = 63.50 dB | SE = 20.778 bit/s/Hz
[58843 ms] [UE 40252] UL: SNR = 56.00 dB | SE = 18.324 bit/s/Hz
[58843 ms] [UE 15599] UL: SNR = 52.50 dB | SE = 17.179 bit/s/Hz
[58944 ms] [UE 45898] UL: SNR = 63.50 dB | SE = 20.778 bit/s/Hz
[58944 ms] [UE 36997] UL: SNR = 63.50 dB | SE = 20.778 bit/s/Hz
[58944 ms] [UE 48787] UL: SNR = 63.50 dB | SE = 20.778 bit/s/Hz
[58944 ms] [UE 40252] UL: SNR = 56.00 dB | SE = 18.324 bit/s/Hz
[58944 ms] [UE 15599] UL: SNR = 52.50 dB | SE = 17.179 bit/s/Hz
[58946 ms] [UE 33952] UL: SNR = 63.50 dB | SE = 20.778 bit/s/Hz
[58946 ms] [UE 12169] UL: SNR = 63.50 dB | SE = 20.778 bit/s/Hz
[58946 ms] [UE 22873] UL: SNR = 5.50 dB | SE = 2.152 bit/s/Hz
[58946 ms] [UE 30556] UL: SNR = 54.00 dB | SE = 17.669 bit/s/Hz
[58946 ms] [UE 20945] UL: SNR = 63.50 dB | SE = 20.778 bit/s/Hz
[59053 ms] [UE 45898] UL: SNR = 63.50 dB | SE = 20.778 bit/s/Hz
[59053 ms] [UE 36997] UL: SNR = 63.50 dB | SE = 20.778 bit/s/Hz
[59053 ms] [UE 48787] UL: SNR = 63.50 dB | SE = 20.778 bit/s/Hz
[59053 ms] [UE 40252] UL: SNR = 56.00 dB | SE = 18.324 bit/s/Hz
[59053 ms] [UE 15599] UL: SNR = 52.50 dB | SE = 17.179 bit/s/Hz
[59055 ms] [UE 33952] UL: SNR = 63.50 dB | SE = 20.778 bit/s/Hz
[59055 ms] [UE 12169] UL: SNR = 63.50 dB | SE = 20.778 bit/s/Hz
[59055 ms] [UE 22873] UL: SNR = 5.50 dB | SE = 2.152 bit/s/Hz
[59055 ms] [UE 30556] UL: SNR = 54.00 dB | SE = 17.669 bit/s/Hz
[59055 ms] [UE 20945] UL: SNR = 63.50 dB | SE = 20.778 bit/s/Hz
[59153 ms] [UE 45898] UL: SNR = 63.50 dB | SE = 20.778 bit/s/Hz
[59153 ms] [UE 36997] UL: SNR = 63.50 dB | SE = 20.778 bit/s/Hz
[59153 ms] [UE 48787] UL: SNR = 63.50 dB | SE = 20.778 bit/s/Hz
[59153 ms] [UE 40252] UL: SNR = 56.00 dB | SE = 18.324 bit/s/Hz
[59153 ms] [UE 15599] UL: SNR = 52.50 dB | SE = 17.179 bit/s/Hz
[59156 ms] [UE 33952] UL: SNR = 63.50 dB | SE = 20.778 bit/s/Hz
[59156 ms] [UE 12169] UL: SNR = 63.50 dB | SE = 20.778 bit/s/Hz
[59156 ms] [UE 22873] UL: SNR = 5.50 dB | SE = 2.152 bit/s/Hz
[59156 ms] [UE 30556] UL: SNR = 63.50 dB | SE = 20.778 bit/s/Hz
[59156 ms] [UE 20945] UL: SNR = 63.50 dB | SE = 20.778 bit/s/Hz
[59263 ms] [UE 45898] UL: SNR = 63.50 dB | SE = 20.778 bit/s/Hz
[59263 ms] [UE 36997] UL: SNR = 63.50 dB | SE = 20.778 bit/s/Hz
[59263 ms] [UE 48787] UL: SNR = 63.50 dB | SE = 20.778 bit/s/Hz
[59263 ms] [UE 40252] UL: SNR = 56.00 dB | SE = 18.324 bit/s/Hz
[59263 ms] [UE 15599] UL: SNR = 52.50 dB | SE = 17.179 bit/s/Hz
[59266 ms] [UE 33952] UL: SNR = 63.50 dB | SE = 20.778 bit/s/Hz
[59266 ms] [UE 12169] UL: SNR = 63.50 dB | SE = 20.778 bit/s/Hz
[59266 ms] [UE 22873] UL: SNR = 63.50 dB | SE = 20.778 bit/s/Hz
[59266 ms] [UE 30556] UL: SNR = 63.50 dB | SE = 20.778 bit/s/Hz
[59266 ms] [UE 20945] UL: SNR = 63.50 dB | SE = 20.778 bit/s/Hz
[59363 ms] [UE 45898] UL: SNR = 63.50 dB | SE = 20.778 bit/s/Hz
[59363 ms] [UE 36997] UL: SNR = 63.50 dB | SE = 20.778 bit/s/Hz
[59363 ms] [UE 48787] UL: SNR = 63.50 dB | SE = 20.778 bit/s/Hz
[59363 ms] [UE 40252] UL: SNR = 56.00 dB | SE = 18.324 bit/s/Hz
[59363 ms] [UE 15599] UL: SNR = 52.50 dB | SE = 17.179 bit/s/Hz
[59376 ms] [UE 33952] UL: SNR = 63.50 dB | SE = 20.778 bit/s/Hz
[59376 ms] [UE 12169] UL: SNR = 63.50 dB | SE = 20.778 bit/s/Hz
[59376 ms] [UE 22873] UL: SNR = 63.50 dB | SE = 20.778 bit/s/Hz
[59376 ms] [UE 30556] UL: SNR = 63.50 dB | SE = 20.778 bit/s/Hz
[59376 ms] [UE 20945] UL: SNR = 63.50 dB | SE = 20.778 bit/s/Hz
[59473 ms] [UE 45898] UL: SNR = 63.50 dB | SE = 20.778 bit/s/Hz
[59473 ms] [UE 36997] UL: SNR = 63.50 dB | SE = 20.778 bit/s/Hz
[59473 ms] [UE 48787] UL: SNR = 63.50 dB | SE = 20.778 bit/s/Hz
[59473 ms] [UE 40252] UL: SNR = 56.00 dB | SE = 18.324 bit/s/Hz
[59473 ms] [UE 15599] UL: SNR = 52.50 dB | SE = 17.179 bit/s/Hz
[59486 ms] [UE 33952] UL: SNR = 63.50 dB | SE = 20.778 bit/s/Hz
[59486 ms] [UE 12169] UL: SNR = 63.50 dB | SE = 20.778 bit/s/Hz
[59486 ms] [UE 22873] UL: SNR = 63.50 dB | SE = 20.778 bit/s/Hz
[59486 ms] [UE 30556] UL: SNR = 54.00 dB | SE = 17.669 bit/s/Hz
[59486 ms] [UE 20945] UL: SNR = 63.50 dB | SE = 20.778 bit/s/Hz
[59573 ms] [UE 45898] UL: SNR = 63.50 dB | SE = 20.778 bit/s/Hz
[59573 ms] [UE 36997] UL: SNR = 63.50 dB | SE = 20.778 bit/s/Hz
[59573 ms] [UE 48787] UL: SNR = 63.50 dB | SE = 20.778 bit/s/Hz
[59573 ms] [UE 40252] UL: SNR = 56.00 dB | SE = 18.324 bit/s/Hz
[59573 ms] [UE 15599] UL: SNR = 52.50 dB | SE = 17.179 bit/s/Hz
[59586 ms] [UE 33952] UL: SNR = 63.50 dB | SE = 20.778 bit/s/Hz
[59586 ms] [UE 12169] UL: SNR = 63.50 dB | SE = 20.778 bit/s/Hz
[59586 ms] [UE 22873] UL: SNR = 63.50 dB | SE = 20.778 bit/s/Hz
[59586 ms] [UE 30556] UL: SNR = 54.00 dB | SE = 17.669 bit/s/Hz
[59586 ms] [UE 20945] UL: SNR = 63.50 dB | SE = 20.778 bit/s/Hz
[59683 ms] [UE 45898] UL: SNR = 63.50 dB | SE = 20.778 bit/s/Hz
[59683 ms] [UE 36997] UL: SNR = 63.50 dB | SE = 20.778 bit/s/Hz
[59683 ms] [UE 48787] UL: SNR = 63.50 dB | SE = 20.778 bit/s/Hz
[59683 ms] [UE 40252] UL: SNR = 56.00 dB | SE = 18.324 bit/s/Hz
[59683 ms] [UE 15599] UL: SNR = 52.50 dB | SE = 17.179 bit/s/Hz
[59696 ms] [UE 33952] UL: SNR = 63.50 dB | SE = 20.778 bit/s/Hz
[59696 ms] [UE 12169] UL: SNR = 63.50 dB | SE = 20.778 bit/s/Hz
[59696 ms] [UE 22873] UL: SNR = 63.50 dB | SE = 20.778 bit/s/Hz
[59696 ms] [UE 30556] UL: SNR = 63.50 dB | SE = 20.778 bit/s/Hz
[59696 ms] [UE 20945] UL: SNR = 63.50 dB | SE = 20.778 bit/s/Hz
[59783 ms] [UE 45898] UL: SNR = 63.50 dB | SE = 20.778 bit/s/Hz
[59783 ms] [UE 36997] UL: SNR = 63.50 dB | SE = 20.778 bit/s/Hz
[59783 ms] [UE 48787] UL: SNR = 63.50 dB | SE = 20.778 bit/s/Hz
[59783 ms] [UE 40252] UL: SNR = 56.00 dB | SE = 18.324 bit/s/Hz
[59783 ms] [UE 15599] UL: SNR = 52.50 dB | SE = 17.179 bit/s/Hz
[59808 ms] [UE 33952] UL: SNR = 63.50 dB | SE = 20.778 bit/s/Hz
[59808 ms] [UE 12169] UL: SNR = 63.50 dB | SE = 20.778 bit/s/Hz
[59808 ms] [UE 22873] UL: SNR = 63.50 dB | SE = 20.778 bit/s/Hz
[59808 ms] [UE 30556] UL: SNR = 63.50 dB | SE = 20.778 bit/s/Hz
[59808 ms] [UE 20945] UL: SNR = 63.50 dB | SE = 20.778 bit/s/Hz
[59883 ms] [UE 45898] UL: SNR = 63.50 dB | SE = 20.778 bit/s/Hz
[59883 ms] [UE 36997] UL: SNR = 63.50 dB | SE = 20.778 bit/s/Hz
[59883 ms] [UE 48787] UL: SNR = 63.50 dB | SE = 20.778 bit/s/Hz
[59883 ms] [UE 40252] UL: SNR = 56.00 dB | SE = 18.324 bit/s/Hz
[59883 ms] [UE 15599] UL: SNR = 52.50 dB | SE = 17.179 bit/s/Hz
[59915 ms] [UE 33952] UL: SNR = 63.50 dB | SE = 20.778 bit/s/Hz
[59915 ms] [UE 12169] UL: SNR = 63.50 dB | SE = 20.778 bit/s/Hz
[59915 ms] [UE 22873] UL: SNR = 63.50 dB | SE = 20.778 bit/s/Hz
[59915 ms] [UE 30556] UL: SNR = 63.50 dB | SE = 20.778 bit/s/Hz
[59915 ms] [UE 20945] UL: SNR = 63.50 dB | SE = 20.778 bit/s/Hz
[59993 ms] [UE 45898] UL: SNR = 63.50 dB | SE = 20.778 bit/s/Hz
[59993 ms] [UE 36997] UL: SNR = 63.50 dB | SE = 20.778 bit/s/Hz
[59993 ms] [UE 48787] UL: SNR = 63.50 dB | SE = 20.778 bit/s/Hz
[59993 ms] [UE 40252] UL: SNR = 56.00 dB | SE = 18.324 bit/s/Hz
[59993 ms] [UE 15599] UL: SNR = 52.50 dB | SE = 17.179 bit/s/Hz
[60026 ms] [UE 33952] UL: SNR = 63.50 dB | SE = 20.778 bit/s/Hz
[60026 ms] [UE 12169] UL: SNR = 63.50 dB | SE = 20.778 bit/s/Hz
[60026 ms] [UE 22873] UL: SNR = 63.50 dB | SE = 20.778 bit/s/Hz
[60026 ms] [UE 30556] UL: SNR = 63.50 dB | SE = 20.778 bit/s/Hz
[60026 ms] [UE 20945] UL: SNR = 63.50 dB | SE = 20.778 bit/s/Hz
[60093 ms] [UE 45898] UL: SNR = 63.50 dB | SE = 20.778 bit/s/Hz
[60093 ms] [UE 36997] UL: SNR = 63.50 dB | SE = 20.778 bit/s/Hz
[60093 ms] [UE 48787] UL: SNR = 63.50 dB | SE = 20.778 bit/s/Hz
[60093 ms] [UE 40252] UL: SNR = 56.00 dB | SE = 18.324 bit/s/Hz
[60093 ms] [UE 15599] UL: SNR = 52.50 dB | SE = 17.179 bit/s/Hz
[60135 ms] [UE 33952] UL: SNR = 63.50 dB | SE = 20.778 bit/s/Hz
[60135 ms] [UE 12169] UL: SNR = 63.50 dB | SE = 20.778 bit/s/Hz
[60135 ms] [UE 22873] UL: SNR = 63.50 dB | SE = 20.778 bit/s/Hz
[60135 ms] [UE 30556] UL: SNR = 63.50 dB | SE = 20.778 bit/s/Hz
[60135 ms] [UE 20945] UL: SNR = 63.50 dB | SE = 20.778 bit/s/Hz
[60203 ms] [UE 45898] UL: SNR = 63.50 dB | SE = 20.778 bit/s/Hz
[60203 ms] [UE 36997] UL: SNR = 63.50 dB | SE = 20.778 bit/s/Hz
[60203 ms] [UE 48787] UL: SNR = 63.50 dB | SE = 20.778 bit/s/Hz
[60203 ms] [UE 40252] UL: SNR = 56.00 dB | SE = 18.324 bit/s/Hz
[60203 ms] [UE 15599] UL: SNR = 52.50 dB | SE = 17.179 bit/s/Hz
[60246 ms] [UE 33952] UL: SNR = 63.50 dB | SE = 20.778 bit/s/Hz
[60246 ms] [UE 12169] UL: SNR = 63.50 dB | SE = 20.778 bit/s/Hz
[60246 ms] [UE 22873] UL: SNR = 63.50 dB | SE = 20.778 bit/s/Hz
[60246 ms] [UE 30556] UL: SNR = 63.50 dB | SE = 20.778 bit/s/Hz
[60246 ms] [UE 20945] UL: SNR = 63.50 dB | SE = 20.778 bit/s/Hz
[60303 ms] [UE 45898] UL: SNR = 63.50 dB | SE = 20.778 bit/s/Hz
[60303 ms] [UE 36997] UL: SNR = 63.50 dB | SE = 20.778 bit/s/Hz
[60303 ms] [UE 48787] UL: SNR = 63.50 dB | SE = 20.778 bit/s/Hz
[60303 ms] [UE 40252] UL: SNR = 56.00 dB | SE = 18.324 bit/s/Hz
[60303 ms] [UE 15599] UL: SNR = 52.50 dB | SE = 17.179 bit/s/Hz
[60347 ms] [UE 33952] UL: SNR = 63.50 dB | SE = 20.778 bit/s/Hz
[60347 ms] [UE 12169] UL: SNR = 63.50 dB | SE = 20.778 bit/s/Hz
[60347 ms] [UE 22873] UL: SNR = 63.50 dB | SE = 20.778 bit/s/Hz
[60347 ms] [UE 30556] UL: SNR = 63.50 dB | SE = 20.778 bit/s/Hz
[60347 ms] [UE 20945] UL: SNR = 63.50 dB | SE = 20.778 bit/s/Hz
[60403 ms] [UE 45898] UL: SNR = 63.50 dB | SE = 20.778 bit/s/Hz
[60403 ms] [UE 36997] UL: SNR = 63.50 dB | SE = 20.778 bit/s/Hz
[60403 ms] [UE 48787] UL: SNR = 63.50 dB | SE = 20.778 bit/s/Hz
[60403 ms] [UE 40252] UL: SNR = 56.00 dB | SE = 18.324 bit/s/Hz
[60403 ms] [UE 15599] UL: SNR = 52.50 dB | SE = 17.179 bit/s/Hz
[60455 ms] [UE 33952] UL: SNR = 63.50 dB | SE = 20.778 bit/s/Hz
[60455 ms] [UE 12169] UL: SNR = 63.50 dB | SE = 20.778 bit/s/Hz
[60455 ms] [UE 22873] UL: SNR = 63.50 dB | SE = 20.778 bit/s/Hz
[60455 ms] [UE 30556] UL: SNR = 63.50 dB | SE = 20.778 bit/s/Hz
[60455 ms] [UE 20945] UL: SNR = 63.50 dB | SE = 20.778 bit/s/Hz
[60503 ms] [UE 45898] UL: SNR = 63.50 dB | SE = 20.778 bit/s/Hz
[60503 ms] [UE 36997] UL: SNR = 63.50 dB | SE = 20.778 bit/s/Hz
[60503 ms] [UE 48787] UL: SNR = 63.50 dB | SE = 20.778 bit/s/Hz
[60503 ms] [UE 40252] UL: SNR = 56.00 dB | SE = 18.324 bit/s/Hz
[60503 ms] [UE 15599] UL: SNR = 52.50 dB | SE = 17.179 bit/s/Hz
[60556 ms] [UE 33952] UL: SNR = 63.50 dB | SE = 20.778 bit/s/Hz
[60556 ms] [UE 12169] UL: SNR = 63.50 dB | SE = 20.778 bit/s/Hz
[60556 ms] [UE 22873] UL: SNR = 63.50 dB | SE = 20.778 bit/s/Hz
[60556 ms] [UE 30556] UL: SNR = 63.50 dB | SE = 20.778 bit/s/Hz
[60556 ms] [UE 20945] UL: SNR = 63.50 dB | SE = 20.778 bit/s/Hz
[60603 ms] [UE 45898] UL: SNR = 63.50 dB | SE = 20.778 bit/s/Hz
[60603 ms] [UE 36997] UL: SNR = 63.50 dB | SE = 20.778 bit/s/Hz
[60603 ms] [UE 48787] UL: SNR = 63.50 dB | SE = 20.778 bit/s/Hz
[60603 ms] [UE 40252] UL: SNR = 56.00 dB | SE = 18.324 bit/s/Hz
[60603 ms] [UE 15599] UL: SNR = 52.50 dB | SE = 17.179 bit/s/Hz
[60665 ms] [UE 33952] UL: SNR = 63.50 dB | SE = 20.778 bit/s/Hz
[60665 ms] [UE 12169] UL: SNR = 63.50 dB | SE = 20.778 bit/s/Hz
[60665 ms] [UE 22873] UL: SNR = 63.50 dB | SE = 20.778 bit/s/Hz
[60665 ms] [UE 30556] UL: SNR = 63.50 dB | SE = 20.778 bit/s/Hz
[60665 ms] [UE 20945] UL: SNR = 63.50 dB | SE = 20.778 bit/s/Hz
[60713 ms] [UE 45898] UL: SNR = 63.50 dB | SE = 20.778 bit/s/Hz
[60713 ms] [UE 36997] UL: SNR = 63.50 dB | SE = 20.778 bit/s/Hz
[60713 ms] [UE 48787] UL: SNR = 63.50 dB | SE = 20.778 bit/s/Hz
[60713 ms] [UE 40252] UL: SNR = 56.00 dB | SE = 18.324 bit/s/Hz
[60713 ms] [UE 15599] UL: SNR = 52.50 dB | SE = 17.179 bit/s/Hz
[60765 ms] [UE 33952] UL: SNR = 63.50 dB | SE = 20.778 bit/s/Hz
[60765 ms] [UE 12169] UL: SNR = 63.50 dB | SE = 20.778 bit/s/Hz
[60765 ms] [UE 22873] UL: SNR = 63.50 dB | SE = 20.778 bit/s/Hz
[60765 ms] [UE 30556] UL: SNR = 63.50 dB | SE = 20.778 bit/s/Hz
[60765 ms] [UE 20945] UL: SNR = 63.50 dB | SE = 20.778 bit/s/Hz
[60813 ms] [UE 45898] UL: SNR = 63.50 dB | SE = 20.778 bit/s/Hz
[60813 ms] [UE 36997] UL: SNR = 63.50 dB | SE = 20.778 bit/s/Hz
[60813 ms] [UE 48787] UL: SNR = 63.50 dB | SE = 20.778 bit/s/Hz
[60813 ms] [UE 40252] UL: SNR = 56.00 dB | SE = 18.324 bit/s/Hz
[60813 ms] [UE 15599] UL: SNR = 52.50 dB | SE = 17.179 bit/s/Hz
[60867 ms] [UE 33952] UL: SNR = 63.50 dB | SE = 20.778 bit/s/Hz
[60867 ms] [UE 12169] UL: SNR = 63.50 dB | SE = 20.778 bit/s/Hz
[60867 ms] [UE 22873] UL: SNR = 63.50 dB | SE = 20.778 bit/s/Hz
[60867 ms] [UE 30556] UL: SNR = 63.50 dB | SE = 20.778 bit/s/Hz
[60867 ms] [UE 20945] UL: SNR = 63.50 dB | SE = 20.778 bit/s/Hz
[60923 ms] [UE 45898] UL: SNR = 63.50 dB | SE = 20.778 bit/s/Hz
[60923 ms] [UE 36997] UL: SNR = 63.50 dB | SE = 20.778 bit/s/Hz
[60923 ms] [UE 48787] UL: SNR = 63.50 dB | SE = 20.778 bit/s/Hz
[60923 ms] [UE 40252] UL: SNR = 56.00 dB | SE = 18.324 bit/s/Hz
[60923 ms] [UE 15599] UL: SNR = 52.50 dB | SE = 17.179 bit/s/Hz
[60978 ms] [UE 33952] UL: SNR = 63.50 dB | SE = 20.778 bit/s/Hz
[60978 ms] [UE 12169] UL: SNR = 63.50 dB | SE = 20.778 bit/s/Hz
[60978 ms] [UE 22873] UL: SNR = 63.50 dB | SE = 20.778 bit/s/Hz
[60978 ms] [UE 30556] UL: SNR = 63.50 dB | SE = 20.778 bit/s/Hz
[60978 ms] [UE 20945] UL: SNR = 63.50 dB | SE = 20.778 bit/s/Hz
[61023 ms] [UE 45898] UL: SNR = 63.50 dB | SE = 20.778 bit/s/Hz
[61023 ms] [UE 36997] UL: SNR = 63.50 dB | SE = 20.778 bit/s/Hz
[61023 ms] [UE 48787] UL: SNR = 63.50 dB | SE = 20.778 bit/s/Hz
[61023 ms] [UE 40252] UL: SNR = 56.00 dB | SE = 18.324 bit/s/Hz
[61023 ms] [UE 15599] UL: SNR = 52.50 dB | SE = 17.179 bit/s/Hz
[61085 ms] [UE 33952] UL: SNR = 63.50 dB | SE = 20.778 bit/s/Hz
[61085 ms] [UE 12169] UL: SNR = 63.50 dB | SE = 20.778 bit/s/Hz
[61085 ms] [UE 22873] UL: SNR = 63.50 dB | SE = 20.778 bit/s/Hz
[61085 ms] [UE 30556] UL: SNR = 63.50 dB | SE = 20.778 bit/s/Hz
[61085 ms] [UE 20945] UL: SNR = 63.50 dB | SE = 20.778 bit/s/Hz
[61133 ms] [UE 45898] UL: SNR = 63.50 dB | SE = 20.778 bit/s/Hz
[61133 ms] [UE 36997] UL: SNR = 63.50 dB | SE = 20.778 bit/s/Hz
[61133 ms] [UE 48787] UL: SNR = 63.50 dB | SE = 20.778 bit/s/Hz
[61133 ms] [UE 40252] UL: SNR = 56.00 dB | SE = 18.324 bit/s/Hz
[61133 ms] [UE 15599] UL: SNR = 52.50 dB | SE = 17.179 bit/s/Hz
[61186 ms] [UE 33952] UL: SNR = 63.50 dB | SE = 20.778 bit/s/Hz
[61186 ms] [UE 12169] UL: SNR = 63.50 dB | SE = 20.778 bit/s/Hz
[61186 ms] [UE 22873] UL: SNR = 63.50 dB | SE = 20.778 bit/s/Hz
[61186 ms] [UE 30556] UL: SNR = 63.50 dB | SE = 20.778 bit/s/Hz
[61186 ms] [UE 20945] UL: SNR = 63.50 dB | SE = 20.778 bit/s/Hz
[61243 ms] [UE 45898] UL: SNR = 63.50 dB | SE = 20.778 bit/s/Hz
[61243 ms] [UE 36997] UL: SNR = 63.50 dB | SE = 20.778 bit/s/Hz
[61243 ms] [UE 48787] UL: SNR = 63.50 dB | SE = 20.778 bit/s/Hz
[61243 ms] [UE 40252] UL: SNR = 56.00 dB | SE = 18.324 bit/s/Hz
[61243 ms] [UE 15599] UL: SNR = 52.50 dB | SE = 17.179 bit/s/Hz
[61295 ms] [UE 33952] UL: SNR = 63.50 dB | SE = 20.778 bit/s/Hz
[61295 ms] [UE 12169] UL: SNR = 63.50 dB | SE = 20.778 bit/s/Hz
[61295 ms] [UE 22873] UL: SNR = 63.50 dB | SE = 20.778 bit/s/Hz
[61295 ms] [UE 30556] UL: SNR = 63.50 dB | SE = 20.778 bit/s/Hz
[61295 ms] [UE 20945] UL: SNR = 63.50 dB | SE = 20.778 bit/s/Hz
[61353 ms] [UE 45898] UL: SNR = 63.50 dB | SE = 20.778 bit/s/Hz
[61353 ms] [UE 36997] UL: SNR = 63.50 dB | SE = 20.778 bit/s/Hz
[61353 ms] [UE 48787] UL: SNR = 63.50 dB | SE = 20.778 bit/s/Hz
[61353 ms] [UE 40252] UL: SNR = 56.00 dB | SE = 18.324 bit/s/Hz
[61353 ms] [UE 15599] UL: SNR = 52.50 dB | SE = 17.179 bit/s/Hz
[61407 ms] [UE 33952] UL: SNR = 63.50 dB | SE = 20.778 bit/s/Hz
[61407 ms] [UE 12169] UL: SNR = 63.50 dB | SE = 20.778 bit/s/Hz
[61407 ms] [UE 22873] UL: SNR = 63.50 dB | SE = 20.778 bit/s/Hz
[61407 ms] [UE 30556] UL: SNR = 63.50 dB | SE = 20.778 bit/s/Hz
[61407 ms] [UE 20945] UL: SNR = 63.50 dB | SE = 20.778 bit/s/Hz
[61463 ms] [UE 45898] UL: SNR = 63.50 dB | SE = 20.778 bit/s/Hz
[61463 ms] [UE 36997] UL: SNR = 63.50 dB | SE = 20.778 bit/s/Hz
[61463 ms] [UE 48787] UL: SNR = 63.50 dB | SE = 20.778 bit/s/Hz
[61463 ms] [UE 40252] UL: SNR = 56.00 dB | SE = 18.324 bit/s/Hz
[61463 ms] [UE 15599] UL: SNR = 52.50 dB | SE = 17.179 bit/s/Hz
[61516 ms] [UE 33952] UL: SNR = 63.50 dB | SE = 20.778 bit/s/Hz
[61516 ms] [UE 12169] UL: SNR = 63.50 dB | SE = 20.778 bit/s/Hz
[61516 ms] [UE 22873] UL: SNR = 63.50 dB | SE = 20.778 bit/s/Hz
[61516 ms] [UE 30556] UL: SNR = 63.50 dB | SE = 20.778 bit/s/Hz
[61516 ms] [UE 20945] UL: SNR = 63.50 dB | SE = 20.778 bit/s/Hz
[61573 ms] [UE 45898] UL: SNR = 63.50 dB | SE = 20.778 bit/s/Hz
[61573 ms] [UE 36997] UL: SNR = 63.50 dB | SE = 20.778 bit/s/Hz
[61573 ms] [UE 48787] UL: SNR = 63.50 dB | SE = 20.778 bit/s/Hz
[61573 ms] [UE 40252] UL: SNR = 56.00 dB | SE = 18.324 bit/s/Hz
[61573 ms] [UE 15599] UL: SNR = 52.50 dB | SE = 17.179 bit/s/Hz
[61625 ms] [UE 33952] UL: SNR = 63.50 dB | SE = 20.778 bit/s/Hz
[61625 ms] [UE 12169] UL: SNR = 63.50 dB | SE = 20.778 bit/s/Hz
[61625 ms] [UE 22873] UL: SNR = 63.50 dB | SE = 20.778 bit/s/Hz
[61625 ms] [UE 30556] UL: SNR = 63.50 dB | SE = 20.778 bit/s/Hz
[61625 ms] [UE 20945] UL: SNR = 63.50 dB | SE = 20.778 bit/s/Hz
[61673 ms] [UE 45898] UL: SNR = 63.50 dB | SE = 20.778 bit/s/Hz
[61673 ms] [UE 36997] UL: SNR = 63.50 dB | SE = 20.778 bit/s/Hz
[61673 ms] [UE 48787] UL: SNR = 63.50 dB | SE = 20.778 bit/s/Hz
[61673 ms] [UE 40252] UL: SNR = 56.00 dB | SE = 18.324 bit/s/Hz
[61673 ms] [UE 15599] UL: SNR = 52.50 dB | SE = 17.179 bit/s/Hz
[61725 ms] [UE 33952] UL: SNR = 63.50 dB | SE = 20.778 bit/s/Hz
[61725 ms] [UE 12169] UL: SNR = 63.50 dB | SE = 20.778 bit/s/Hz
[61725 ms] [UE 22873] UL: SNR = 63.50 dB | SE = 20.778 bit/s/Hz
[61725 ms] [UE 30556] UL: SNR = 63.50 dB | SE = 20.778 bit/s/Hz
[61725 ms] [UE 20945] UL: SNR = 63.50 dB | SE = 20.778 bit/s/Hz
[61783 ms] [UE 45898] UL: SNR = 63.50 dB | SE = 20.778 bit/s/Hz
[61783 ms] [UE 36997] UL: SNR = 63.50 dB | SE = 20.778 bit/s/Hz
[61783 ms] [UE 48787] UL: SNR = 63.50 dB | SE = 20.778 bit/s/Hz
[61783 ms] [UE 40252] UL: SNR = 56.00 dB | SE = 18.324 bit/s/Hz
[61783 ms] [UE 15599] UL: SNR = 52.50 dB | SE = 17.179 bit/s/Hz
[61825 ms] [UE 33952] UL: SNR = 63.50 dB | SE = 20.778 bit/s/Hz
[61825 ms] [UE 12169] UL: SNR = 63.50 dB | SE = 20.778 bit/s/Hz
[61825 ms] [UE 22873] UL: SNR = 63.50 dB | SE = 20.778 bit/s/Hz
[61825 ms] [UE 30556] UL: SNR = 7.50 dB | SE = 2.687 bit/s/Hz
[61825 ms] [UE 20945] UL: SNR = 63.50 dB | SE = 20.778 bit/s/Hz
[61893 ms] [UE 45898] UL: SNR = 63.50 dB | SE = 20.778 bit/s/Hz
[61893 ms] [UE 36997] UL: SNR = 63.50 dB | SE = 20.778 bit/s/Hz
[61893 ms] [UE 48787] UL: SNR = 63.50 dB | SE = 20.778 bit/s/Hz
[61893 ms] [UE 40252] UL: SNR = 56.00 dB | SE = 18.324 bit/s/Hz
[61893 ms] [UE 15599] UL: SNR = 52.50 dB | SE = 17.179 bit/s/Hz
[61937 ms] [UE 33952] UL: SNR = 63.50 dB | SE = 20.778 bit/s/Hz
[61937 ms] [UE 12169] UL: SNR = 63.50 dB | SE = 20.778 bit/s/Hz
[61937 ms] [UE 22873] UL: SNR = 63.50 dB | SE = 20.778 bit/s/Hz
[61937 ms] [UE 30556] UL: SNR = 7.50 dB | SE = 2.687 bit/s/Hz
[61937 ms] [UE 20945] UL: SNR = 63.50 dB | SE = 20.778 bit/s/Hz
[62003 ms] [UE 45898] UL: SNR = 63.50 dB | SE = 20.778 bit/s/Hz
[62003 ms] [UE 36997] UL: SNR = 63.50 dB | SE = 20.778 bit/s/Hz
[62003 ms] [UE 48787] UL: SNR = 63.50 dB | SE = 20.778 bit/s/Hz
[62003 ms] [UE 40252] UL: SNR = 56.00 dB | SE = 18.324 bit/s/Hz
[62003 ms] [UE 15599] UL: SNR = 52.50 dB | SE = 17.179 bit/s/Hz
[62045 ms] [UE 33952] UL: SNR = 63.50 dB | SE = 20.778 bit/s/Hz
[62045 ms] [UE 12169] UL: SNR = 63.50 dB | SE = 20.778 bit/s/Hz
[62045 ms] [UE 22873] UL: SNR = 63.50 dB | SE = 20.778 bit/s/Hz
[62045 ms] [UE 30556] UL: SNR = 7.50 dB | SE = 2.687 bit/s/Hz
[62045 ms] [UE 20945] UL: SNR = 63.50 dB | SE = 20.778 bit/s/Hz
[62103 ms] [UE 45898] UL: SNR = 63.50 dB | SE = 20.778 bit/s/Hz
[62103 ms] [UE 36997] UL: SNR = 63.50 dB | SE = 20.778 bit/s/Hz
[62103 ms] [UE 48787] UL: SNR = 63.50 dB | SE = 20.778 bit/s/Hz
[62103 ms] [UE 40252] UL: SNR = 56.00 dB | SE = 18.324 bit/s/Hz
[62103 ms] [UE 15599] UL: SNR = 52.50 dB | SE = 17.179 bit/s/Hz
[62146 ms] [UE 33952] UL: SNR = 63.50 dB | SE = 20.778 bit/s/Hz
[62146 ms] [UE 12169] UL: SNR = 63.50 dB | SE = 20.778 bit/s/Hz
[62146 ms] [UE 22873] UL: SNR = 63.50 dB | SE = 20.778 bit/s/Hz
[62146 ms] [UE 30556] UL: SNR = 7.50 dB | SE = 2.687 bit/s/Hz
[62146 ms] [UE 20945] UL: SNR = 63.50 dB | SE = 20.778 bit/s/Hz
[62213 ms] [UE 45898] UL: SNR = 63.50 dB | SE = 20.778 bit/s/Hz
[62213 ms] [UE 36997] UL: SNR = 63.50 dB | SE = 20.778 bit/s/Hz
[62213 ms] [UE 48787] UL: SNR = 63.50 dB | SE = 20.778 bit/s/Hz
[62213 ms] [UE 40252] UL: SNR = 56.00 dB | SE = 18.324 bit/s/Hz
[62213 ms] [UE 15599] UL: SNR = 52.50 dB | SE = 17.179 bit/s/Hz
[62246 ms] [UE 33952] UL: SNR = 63.50 dB | SE = 20.778 bit/s/Hz
[62246 ms] [UE 12169] UL: SNR = 63.50 dB | SE = 20.778 bit/s/Hz
[62246 ms] [UE 22873] UL: SNR = 63.50 dB | SE = 20.778 bit/s/Hz
[62246 ms] [UE 30556] UL: SNR = 7.50 dB | SE = 2.687 bit/s/Hz
[62246 ms] [UE 20945] UL: SNR = 63.50 dB | SE = 20.778 bit/s/Hz
[62313 ms] [UE 45898] UL: SNR = 63.50 dB | SE = 20.778 bit/s/Hz
[62313 ms] [UE 36997] UL: SNR = 63.50 dB | SE = 20.778 bit/s/Hz
[62313 ms] [UE 48787] UL: SNR = 63.50 dB | SE = 20.778 bit/s/Hz
[62313 ms] [UE 40252] UL: SNR = 56.00 dB | SE = 18.324 bit/s/Hz
[62313 ms] [UE 15599] UL: SNR = 52.50 dB | SE = 17.179 bit/s/Hz
[62346 ms] [UE 33952] UL: SNR = 63.50 dB | SE = 20.778 bit/s/Hz
[62346 ms] [UE 12169] UL: SNR = 63.50 dB | SE = 20.778 bit/s/Hz
[62346 ms] [UE 22873] UL: SNR = 63.50 dB | SE = 20.778 bit/s/Hz
[62346 ms] [UE 30556] UL: SNR = 7.50 dB | SE = 2.687 bit/s/Hz
[62346 ms] [UE 20945] UL: SNR = 63.50 dB | SE = 20.778 bit/s/Hz
[62413 ms] [UE 45898] UL: SNR = 63.50 dB | SE = 20.778 bit/s/Hz
[62413 ms] [UE 36997] UL: SNR = 63.50 dB | SE = 20.778 bit/s/Hz
[62413 ms] [UE 48787] UL: SNR = 63.50 dB | SE = 20.778 bit/s/Hz
[62413 ms] [UE 40252] UL: SNR = 56.00 dB | SE = 18.324 bit/s/Hz
[62413 ms] [UE 15599] UL: SNR = 52.50 dB | SE = 17.179 bit/s/Hz
[62456 ms] [UE 33952] UL: SNR = 63.50 dB | SE = 20.778 bit/s/Hz
[62456 ms] [UE 12169] UL: SNR = 50.50 dB | SE = 16.524 bit/s/Hz
[62456 ms] [UE 22873] UL: SNR = 63.50 dB | SE = 20.778 bit/s/Hz
[62456 ms] [UE 30556] UL: SNR = 52.50 dB | SE = 17.179 bit/s/Hz
[62456 ms] [UE 20945] UL: SNR = 54.00 dB | SE = 17.669 bit/s/Hz
[62523 ms] [UE 45898] UL: SNR = 63.50 dB | SE = 20.778 bit/s/Hz
[62523 ms] [UE 36997] UL: SNR = 63.50 dB | SE = 20.778 bit/s/Hz
[62523 ms] [UE 48787] UL: SNR = 63.50 dB | SE = 20.778 bit/s/Hz
[62523 ms] [UE 40252] UL: SNR = 56.00 dB | SE = 18.324 bit/s/Hz
[62523 ms] [UE 15599] UL: SNR = 52.50 dB | SE = 17.179 bit/s/Hz
[62565 ms] [UE 33952] UL: SNR = 63.50 dB | SE = 20.778 bit/s/Hz
[62565 ms] [UE 12169] UL: SNR = 50.50 dB | SE = 16.524 bit/s/Hz
[62565 ms] [UE 22873] UL: SNR = 63.50 dB | SE = 20.778 bit/s/Hz
[62565 ms] [UE 30556] UL: SNR = 52.50 dB | SE = 17.179 bit/s/Hz
[62565 ms] [UE 20945] UL: SNR = 54.00 dB | SE = 17.669 bit/s/Hz
[62623 ms] [UE 45898] UL: SNR = 63.50 dB | SE = 20.778 bit/s/Hz
[62623 ms] [UE 36997] UL: SNR = 63.50 dB | SE = 20.778 bit/s/Hz
[62623 ms] [UE 48787] UL: SNR = 63.50 dB | SE = 20.778 bit/s/Hz
[62623 ms] [UE 40252] UL: SNR = 56.00 dB | SE = 18.324 bit/s/Hz
[62623 ms] [UE 15599] UL: SNR = 52.50 dB | SE = 17.179 bit/s/Hz
[62665 ms] [UE 33952] UL: SNR = 63.50 dB | SE = 20.778 bit/s/Hz
[62665 ms] [UE 12169] UL: SNR = 50.50 dB | SE = 16.524 bit/s/Hz
[62665 ms] [UE 22873] UL: SNR = 63.50 dB | SE = 20.778 bit/s/Hz
[62665 ms] [UE 30556] UL: SNR = 52.50 dB | SE = 17.179 bit/s/Hz
[62665 ms] [UE 20945] UL: SNR = 54.00 dB | SE = 17.669 bit/s/Hz
[62733 ms] [UE 45898] UL: SNR = 63.50 dB | SE = 20.778 bit/s/Hz
[62733 ms] [UE 36997] UL: SNR = 63.50 dB | SE = 20.778 bit/s/Hz
[62733 ms] [UE 48787] UL: SNR = 63.50 dB | SE = 20.778 bit/s/Hz
[62733 ms] [UE 40252] UL: SNR = 56.00 dB | SE = 18.324 bit/s/Hz
[62733 ms] [UE 15599] UL: SNR = 52.50 dB | SE = 17.179 bit/s/Hz
[62766 ms] [UE 33952] UL: SNR = 63.50 dB | SE = 20.778 bit/s/Hz
[62766 ms] [UE 12169] UL: SNR = 50.50 dB | SE = 16.524 bit/s/Hz
[62766 ms] [UE 22873] UL: SNR = 63.50 dB | SE = 20.778 bit/s/Hz
[62766 ms] [UE 30556] UL: SNR = 54.00 dB | SE = 17.669 bit/s/Hz
[62766 ms] [UE 20945] UL: SNR = 54.00 dB | SE = 17.669 bit/s/Hz
[62833 ms] [UE 45898] UL: SNR = 63.50 dB | SE = 20.778 bit/s/Hz
[62833 ms] [UE 36997] UL: SNR = 63.50 dB | SE = 20.778 bit/s/Hz
[62833 ms] [UE 48787] UL: SNR = 63.50 dB | SE = 20.778 bit/s/Hz
[62833 ms] [UE 40252] UL: SNR = 56.00 dB | SE = 18.324 bit/s/Hz
[62833 ms] [UE 15599] UL: SNR = 52.50 dB | SE = 17.179 bit/s/Hz
[62876 ms] [UE 33952] UL: SNR = 63.50 dB | SE = 20.778 bit/s/Hz
[62876 ms] [UE 12169] UL: SNR = 50.50 dB | SE = 16.524 bit/s/Hz
[62876 ms] [UE 22873] UL: SNR = 63.50 dB | SE = 20.778 bit/s/Hz
[62876 ms] [UE 30556] UL: SNR = 54.00 dB | SE = 17.669 bit/s/Hz
[62876 ms] [UE 20945] UL: SNR = 54.00 dB | SE = 17.669 bit/s/Hz
[62934 ms] [UE 45898] UL: SNR = 63.50 dB | SE = 20.778 bit/s/Hz
[62934 ms] [UE 36997] UL: SNR = 63.50 dB | SE = 20.778 bit/s/Hz
[62934 ms] [UE 48787] UL: SNR = 63.50 dB | SE = 20.778 bit/s/Hz
[62934 ms] [UE 40252] UL: SNR = 56.00 dB | SE = 18.324 bit/s/Hz
[62934 ms] [UE 15599] UL: SNR = 52.50 dB | SE = 17.179 bit/s/Hz
[62976 ms] [UE 33952] UL: SNR = 63.50 dB | SE = 20.778 bit/s/Hz
[62976 ms] [UE 12169] UL: SNR = 53.50 dB | SE = 17.506 bit/s/Hz
[62976 ms] [UE 22873] UL: SNR = 63.50 dB | SE = 20.778 bit/s/Hz
[62976 ms] [UE 30556] UL: SNR = 59.50 dB | SE = 19.469 bit/s/Hz
[62976 ms] [UE 20945] UL: SNR = 59.50 dB | SE = 19.469 bit/s/Hz
[63043 ms] [UE 45898] UL: SNR = 63.50 dB | SE = 20.778 bit/s/Hz
[63043 ms] [UE 36997] UL: SNR = 63.50 dB | SE = 20.778 bit/s/Hz
[63043 ms] [UE 48787] UL: SNR = 63.50 dB | SE = 20.778 bit/s/Hz
[63043 ms] [UE 40252] UL: SNR = 56.00 dB | SE = 18.324 bit/s/Hz
[63043 ms] [UE 15599] UL: SNR = 52.50 dB | SE = 17.179 bit/s/Hz
[63086 ms] [UE 33952] UL: SNR = 63.50 dB | SE = 20.778 bit/s/Hz
[63086 ms] [UE 12169] UL: SNR = 53.50 dB | SE = 17.506 bit/s/Hz
[63086 ms] [UE 22873] UL: SNR = 63.50 dB | SE = 20.778 bit/s/Hz
[63086 ms] [UE 30556] UL: SNR = 59.50 dB | SE = 19.469 bit/s/Hz
[63086 ms] [UE 20945] UL: SNR = 59.50 dB | SE = 19.469 bit/s/Hz
[63143 ms] [UE 45898] UL: SNR = 63.50 dB | SE = 20.778 bit/s/Hz
[63143 ms] [UE 36997] UL: SNR = 63.50 dB | SE = 20.778 bit/s/Hz
[63143 ms] [UE 48787] UL: SNR = 63.50 dB | SE = 20.778 bit/s/Hz
[63143 ms] [UE 40252] UL: SNR = 56.00 dB | SE = 18.324 bit/s/Hz
[63143 ms] [UE 15599] UL: SNR = 52.50 dB | SE = 17.179 bit/s/Hz
[63186 ms] [UE 33952] UL: SNR = 63.50 dB | SE = 20.778 bit/s/Hz
[63186 ms] [UE 12169] UL: SNR = 53.50 dB | SE = 17.506 bit/s/Hz
[63186 ms] [UE 22873] UL: SNR = 63.50 dB | SE = 20.778 bit/s/Hz
[63186 ms] [UE 30556] UL: SNR = 54.00 dB | SE = 17.669 bit/s/Hz
[63186 ms] [UE 20945] UL: SNR = 59.50 dB | SE = 19.469 bit/s/Hz
[63243 ms] [UE 45898] UL: SNR = 63.50 dB | SE = 20.778 bit/s/Hz
[63243 ms] [UE 36997] UL: SNR = 63.50 dB | SE = 20.778 bit/s/Hz
[63243 ms] [UE 48787] UL: SNR = 63.50 dB | SE = 20.778 bit/s/Hz
[63243 ms] [UE 40252] UL: SNR = 56.00 dB | SE = 18.324 bit/s/Hz
[63243 ms] [UE 15599] UL: SNR = 52.50 dB | SE = 17.179 bit/s/Hz
[63296 ms] [UE 33952] UL: SNR = 63.50 dB | SE = 20.778 bit/s/Hz
[63296 ms] [UE 12169] UL: SNR = 53.50 dB | SE = 17.506 bit/s/Hz
[63296 ms] [UE 22873] UL: SNR = 63.50 dB | SE = 20.778 bit/s/Hz
[63296 ms] [UE 30556] UL: SNR = 54.00 dB | SE = 17.669 bit/s/Hz
[63296 ms] [UE 20945] UL: SNR = 59.50 dB | SE = 19.469 bit/s/Hz
[63343 ms] [UE 45898] UL: SNR = 63.50 dB | SE = 20.778 bit/s/Hz
[63343 ms] [UE 36997] UL: SNR = 63.50 dB | SE = 20.778 bit/s/Hz
[63343 ms] [UE 48787] UL: SNR = 63.50 dB | SE = 20.778 bit/s/Hz
[63343 ms] [UE 40252] UL: SNR = 56.00 dB | SE = 18.324 bit/s/Hz
[63343 ms] [UE 15599] UL: SNR = 52.50 dB | SE = 17.179 bit/s/Hz
[63406 ms] [UE 33952] UL: SNR = 63.50 dB | SE = 20.778 bit/s/Hz
[63406 ms] [UE 12169] UL: SNR = 53.50 dB | SE = 17.506 bit/s/Hz
[63406 ms] [UE 22873] UL: SNR = 63.50 dB | SE = 20.778 bit/s/Hz
[63406 ms] [UE 30556] UL: SNR = 63.50 dB | SE = 20.778 bit/s/Hz
[63406 ms] [UE 20945] UL: SNR = 59.50 dB | SE = 19.469 bit/s/Hz
[63453 ms] [UE 45898] UL: SNR = 63.50 dB | SE = 20.778 bit/s/Hz
[63453 ms] [UE 36997] UL: SNR = 63.50 dB | SE = 20.778 bit/s/Hz
[63453 ms] [UE 48787] UL: SNR = 63.50 dB | SE = 20.778 bit/s/Hz
[63453 ms] [UE 40252] UL: SNR = 56.00 dB | SE = 18.324 bit/s/Hz
[63453 ms] [UE 15599] UL: SNR = 52.50 dB | SE = 17.179 bit/s/Hz
[63516 ms] [UE 33952] UL: SNR = 63.50 dB | SE = 20.778 bit/s/Hz
[63516 ms] [UE 12169] UL: SNR = 53.50 dB | SE = 17.506 bit/s/Hz
[63516 ms] [UE 22873] UL: SNR = 63.50 dB | SE = 20.778 bit/s/Hz
[63516 ms] [UE 30556] UL: SNR = 63.50 dB | SE = 20.778 bit/s/Hz
[63516 ms] [UE 20945] UL: SNR = 59.50 dB | SE = 19.469 bit/s/Hz
[63554 ms] [UE 45898] UL: SNR = 63.50 dB | SE = 20.778 bit/s/Hz
[63554 ms] [UE 36997] UL: SNR = 63.50 dB | SE = 20.778 bit/s/Hz
[63554 ms] [UE 48787] UL: SNR = 63.50 dB | SE = 20.778 bit/s/Hz
[63554 ms] [UE 40252] UL: SNR = 56.00 dB | SE = 18.324 bit/s/Hz
[63554 ms] [UE 15599] UL: SNR = 52.50 dB | SE = 17.179 bit/s/Hz
[63626 ms] [UE 33952] UL: SNR = 63.50 dB | SE = 20.778 bit/s/Hz
[63626 ms] [UE 12169] UL: SNR = 53.50 dB | SE = 17.506 bit/s/Hz
[63626 ms] [UE 22873] UL: SNR = 63.50 dB | SE = 20.778 bit/s/Hz
[63626 ms] [UE 30556] UL: SNR = 63.50 dB | SE = 20.778 bit/s/Hz
[63626 ms] [UE 20945] UL: SNR = 59.50 dB | SE = 19.469 bit/s/Hz
[63654 ms] [UE 45898] UL: SNR = 63.50 dB | SE = 20.778 bit/s/Hz
[63654 ms] [UE 36997] UL: SNR = 63.50 dB | SE = 20.778 bit/s/Hz
[63654 ms] [UE 48787] UL: SNR = 63.50 dB | SE = 20.778 bit/s/Hz
[63654 ms] [UE 40252] UL: SNR = 56.00 dB | SE = 18.324 bit/s/Hz
[63654 ms] [UE 15599] UL: SNR = 52.50 dB | SE = 17.179 bit/s/Hz
[63726 ms] [UE 33952] UL: SNR = 63.50 dB | SE = 20.778 bit/s/Hz
[63726 ms] [UE 12169] UL: SNR = 53.50 dB | SE = 17.506 bit/s/Hz
[63726 ms] [UE 22873] UL: SNR = 63.50 dB | SE = 20.778 bit/s/Hz
[63726 ms] [UE 30556] UL: SNR = 63.50 dB | SE = 20.778 bit/s/Hz
[63726 ms] [UE 20945] UL: SNR = 59.50 dB | SE = 19.469 bit/s/Hz
[63763 ms] [UE 45898] UL: SNR = 63.50 dB | SE = 20.778 bit/s/Hz
[63763 ms] [UE 36997] UL: SNR = 63.50 dB | SE = 20.778 bit/s/Hz
[63763 ms] [UE 48787] UL: SNR = 63.50 dB | SE = 20.778 bit/s/Hz
[63763 ms] [UE 40252] UL: SNR = 56.00 dB | SE = 18.324 bit/s/Hz
[63763 ms] [UE 15599] UL: SNR = 52.50 dB | SE = 17.179 bit/s/Hz
[63836 ms] [UE 33952] UL: SNR = 63.50 dB | SE = 20.778 bit/s/Hz
[63836 ms] [UE 12169] UL: SNR = 53.50 dB | SE = 17.506 bit/s/Hz
[63836 ms] [UE 22873] UL: SNR = 63.50 dB | SE = 20.778 bit/s/Hz
[63836 ms] [UE 30556] UL: SNR = 63.50 dB | SE = 20.778 bit/s/Hz
[63836 ms] [UE 20945] UL: SNR = 59.50 dB | SE = 19.469 bit/s/Hz
[63863 ms] [UE 45898] UL: SNR = 63.50 dB | SE = 20.778 bit/s/Hz
[63863 ms] [UE 36997] UL: SNR = 63.50 dB | SE = 20.778 bit/s/Hz
[63863 ms] [UE 48787] UL: SNR = 63.50 dB | SE = 20.778 bit/s/Hz
[63863 ms] [UE 40252] UL: SNR = 56.00 dB | SE = 18.324 bit/s/Hz
[63863 ms] [UE 15599] UL: SNR = 52.50 dB | SE = 17.179 bit/s/Hz
[63947 ms] [UE 33952] UL: SNR = 63.50 dB | SE = 20.778 bit/s/Hz
[63947 ms] [UE 12169] UL: SNR = 53.50 dB | SE = 17.506 bit/s/Hz
[63947 ms] [UE 22873] UL: SNR = 63.50 dB | SE = 20.778 bit/s/Hz
[63947 ms] [UE 30556] UL: SNR = 63.50 dB | SE = 20.778 bit/s/Hz
[63947 ms] [UE 20945] UL: SNR = 59.50 dB | SE = 19.469 bit/s/Hz
[63963 ms] [UE 45898] UL: SNR = 63.50 dB | SE = 20.778 bit/s/Hz
[63963 ms] [UE 36997] UL: SNR = 63.50 dB | SE = 20.778 bit/s/Hz
[63963 ms] [UE 48787] UL: SNR = 63.50 dB | SE = 20.778 bit/s/Hz
[63963 ms] [UE 40252] UL: SNR = 56.00 dB | SE = 18.324 bit/s/Hz
[63963 ms] [UE 15599] UL: SNR = 52.50 dB | SE = 17.179 bit/s/Hz
[64056 ms] [UE 33952] UL: SNR = 63.50 dB | SE = 20.778 bit/s/Hz
[64056 ms] [UE 12169] UL: SNR = 53.50 dB | SE = 17.506 bit/s/Hz
[64056 ms] [UE 22873] UL: SNR = 63.50 dB | SE = 20.778 bit/s/Hz
[64056 ms] [UE 30556] UL: SNR = 63.50 dB | SE = 20.778 bit/s/Hz
[64056 ms] [UE 20945] UL: SNR = 59.50 dB | SE = 19.469 bit/s/Hz
[64073 ms] [UE 45898] UL: SNR = 63.50 dB | SE = 20.778 bit/s/Hz
[64073 ms] [UE 36997] UL: SNR = 63.50 dB | SE = 20.778 bit/s/Hz
[64073 ms] [UE 48787] UL: SNR = 63.50 dB | SE = 20.778 bit/s/Hz
[64073 ms] [UE 40252] UL: SNR = 56.00 dB | SE = 18.324 bit/s/Hz
[64073 ms] [UE 15599] UL: SNR = 52.50 dB | SE = 17.179 bit/s/Hz
[64157 ms] [UE 33952] UL: SNR = 63.50 dB | SE = 20.778 bit/s/Hz
[64157 ms] [UE 12169] UL: SNR = 53.50 dB | SE = 17.506 bit/s/Hz
[64157 ms] [UE 22873] UL: SNR = 63.50 dB | SE = 20.778 bit/s/Hz
[64157 ms] [UE 30556] UL: SNR = 63.50 dB | SE = 20.778 bit/s/Hz
[64157 ms] [UE 20945] UL: SNR = 59.50 dB | SE = 19.469 bit/s/Hz
[64173 ms] [UE 45898] UL: SNR = 63.50 dB | SE = 20.778 bit/s/Hz
[64173 ms] [UE 36997] UL: SNR = 63.50 dB | SE = 20.778 bit/s/Hz
[64173 ms] [UE 48787] UL: SNR = 63.50 dB | SE = 20.778 bit/s/Hz
[64173 ms] [UE 40252] UL: SNR = 56.00 dB | SE = 18.324 bit/s/Hz
[64173 ms] [UE 15599] UL: SNR = 52.50 dB | SE = 17.179 bit/s/Hz
[64265 ms] [UE 33952] UL: SNR = 63.50 dB | SE = 20.778 bit/s/Hz
[64265 ms] [UE 12169] UL: SNR = 53.50 dB | SE = 17.506 bit/s/Hz
[64265 ms] [UE 22873] UL: SNR = 63.50 dB | SE = 20.778 bit/s/Hz
[64265 ms] [UE 30556] UL: SNR = 63.50 dB | SE = 20.778 bit/s/Hz
[64265 ms] [UE 20945] UL: SNR = 59.50 dB | SE = 19.469 bit/s/Hz
[64283 ms] [UE 45898] UL: SNR = 63.50 dB | SE = 20.778 bit/s/Hz
[64283 ms] [UE 36997] UL: SNR = 63.50 dB | SE = 20.778 bit/s/Hz
[64283 ms] [UE 48787] UL: SNR = 63.50 dB | SE = 20.778 bit/s/Hz
[64283 ms] [UE 40252] UL: SNR = 56.00 dB | SE = 18.324 bit/s/Hz
[64283 ms] [UE 15599] UL: SNR = 52.50 dB | SE = 17.179 bit/s/Hz
[64366 ms] [UE 33952] UL: SNR = 63.50 dB | SE = 20.778 bit/s/Hz
[64366 ms] [UE 12169] UL: SNR = 53.50 dB | SE = 17.506 bit/s/Hz
[64366 ms] [UE 22873] UL: SNR = 63.50 dB | SE = 20.778 bit/s/Hz
[64366 ms] [UE 30556] UL: SNR = 63.50 dB | SE = 20.778 bit/s/Hz
[64366 ms] [UE 20945] UL: SNR = 59.50 dB | SE = 19.469 bit/s/Hz
[64383 ms] [UE 45898] UL: SNR = 63.50 dB | SE = 20.778 bit/s/Hz
[64383 ms] [UE 36997] UL: SNR = 63.50 dB | SE = 20.778 bit/s/Hz
[64383 ms] [UE 48787] UL: SNR = 63.50 dB | SE = 20.778 bit/s/Hz
[64383 ms] [UE 40252] UL: SNR = 56.00 dB | SE = 18.324 bit/s/Hz
[64383 ms] [UE 15599] UL: SNR = 52.50 dB | SE = 17.179 bit/s/Hz
[64475 ms] [UE 33952] UL: SNR = 63.50 dB | SE = 20.778 bit/s/Hz
[64475 ms] [UE 12169] UL: SNR = 53.50 dB | SE = 17.506 bit/s/Hz
[64475 ms] [UE 22873] UL: SNR = 63.50 dB | SE = 20.778 bit/s/Hz
[64475 ms] [UE 30556] UL: SNR = 63.50 dB | SE = 20.778 bit/s/Hz
[64475 ms] [UE 20945] UL: SNR = 59.50 dB | SE = 19.469 bit/s/Hz
[64493 ms] [UE 45898] UL: SNR = 63.50 dB | SE = 20.778 bit/s/Hz
[64493 ms] [UE 36997] UL: SNR = 63.50 dB | SE = 20.778 bit/s/Hz
[64493 ms] [UE 48787] UL: SNR = 63.50 dB | SE = 20.778 bit/s/Hz
[64493 ms] [UE 40252] UL: SNR = 56.00 dB | SE = 18.324 bit/s/Hz
[64493 ms] [UE 15599] UL: SNR = 52.50 dB | SE = 17.179 bit/s/Hz
[64585 ms] [UE 33952] UL: SNR = 63.50 dB | SE = 20.778 bit/s/Hz
[64585 ms] [UE 12169] UL: SNR = 53.50 dB | SE = 17.506 bit/s/Hz
[64585 ms] [UE 22873] UL: SNR = 63.50 dB | SE = 20.778 bit/s/Hz
[64585 ms] [UE 30556] UL: SNR = 63.50 dB | SE = 20.778 bit/s/Hz
[64585 ms] [UE 20945] UL: SNR = 59.50 dB | SE = 19.469 bit/s/Hz
[64593 ms] [UE 45898] UL: SNR = 63.50 dB | SE = 20.778 bit/s/Hz
[64593 ms] [UE 36997] UL: SNR = 63.50 dB | SE = 20.778 bit/s/Hz
[64593 ms] [UE 48787] UL: SNR = 63.50 dB | SE = 20.778 bit/s/Hz
[64593 ms] [UE 40252] UL: SNR = 56.00 dB | SE = 18.324 bit/s/Hz
[64593 ms] [UE 15599] UL: SNR = 52.50 dB | SE = 17.179 bit/s/Hz
[64685 ms] [UE 33952] UL: SNR = 63.50 dB | SE = 20.778 bit/s/Hz
[64685 ms] [UE 12169] UL: SNR = 53.50 dB | SE = 17.506 bit/s/Hz
[64685 ms] [UE 22873] UL: SNR = 63.50 dB | SE = 20.778 bit/s/Hz
[64685 ms] [UE 30556] UL: SNR = 63.50 dB | SE = 20.778 bit/s/Hz
[64685 ms] [UE 20945] UL: SNR = 59.50 dB | SE = 19.469 bit/s/Hz
[64704 ms] [UE 45898] UL: SNR = 63.50 dB | SE = 20.778 bit/s/Hz
[64704 ms] [UE 36997] UL: SNR = 63.50 dB | SE = 20.778 bit/s/Hz
[64704 ms] [UE 48787] UL: SNR = 63.50 dB | SE = 20.778 bit/s/Hz
[64704 ms] [UE 40252] UL: SNR = 56.00 dB | SE = 18.324 bit/s/Hz
[64704 ms] [UE 15599] UL: SNR = 52.50 dB | SE = 17.179 bit/s/Hz
[64786 ms] [UE 33952] UL: SNR = 63.50 dB | SE = 20.778 bit/s/Hz
[64786 ms] [UE 12169] UL: SNR = 53.50 dB | SE = 17.506 bit/s/Hz
[64786 ms] [UE 22873] UL: SNR = 63.50 dB | SE = 20.778 bit/s/Hz
[64786 ms] [UE 30556] UL: SNR = 63.50 dB | SE = 20.778 bit/s/Hz
[64786 ms] [UE 20945] UL: SNR = 59.50 dB | SE = 19.469 bit/s/Hz
[64813 ms] [UE 45898] UL: SNR = 63.50 dB | SE = 20.778 bit/s/Hz
[64813 ms] [UE 36997] UL: SNR = 63.50 dB | SE = 20.778 bit/s/Hz
[64813 ms] [UE 48787] UL: SNR = 63.50 dB | SE = 20.778 bit/s/Hz
[64813 ms] [UE 40252] UL: SNR = 56.00 dB | SE = 18.324 bit/s/Hz
[64813 ms] [UE 15599] UL: SNR = 52.50 dB | SE = 17.179 bit/s/Hz
[64896 ms] [UE 33952] UL: SNR = 63.50 dB | SE = 20.778 bit/s/Hz
[64896 ms] [UE 12169] UL: SNR = 53.50 dB | SE = 17.506 bit/s/Hz
[64896 ms] [UE 22873] UL: SNR = 63.50 dB | SE = 20.778 bit/s/Hz
[64896 ms] [UE 30556] UL: SNR = 63.50 dB | SE = 20.778 bit/s/Hz
[64896 ms] [UE 20945] UL: SNR = 59.50 dB | SE = 19.469 bit/s/Hz
[64923 ms] [UE 45898] UL: SNR = 63.50 dB | SE = 20.778 bit/s/Hz
[64923 ms] [UE 36997] UL: SNR = 63.50 dB | SE = 20.778 bit/s/Hz
[64923 ms] [UE 48787] UL: SNR = 63.50 dB | SE = 20.778 bit/s/Hz
[64923 ms] [UE 40252] UL: SNR = 56.00 dB | SE = 18.324 bit/s/Hz
[64923 ms] [UE 15599] UL: SNR = 52.50 dB | SE = 17.179 bit/s/Hz
[65006 ms] [UE 33952] UL: SNR = 63.50 dB | SE = 20.778 bit/s/Hz
[65006 ms] [UE 12169] UL: SNR = 53.50 dB | SE = 17.506 bit/s/Hz
[65006 ms] [UE 22873] UL: SNR = 63.50 dB | SE = 20.778 bit/s/Hz
[65006 ms] [UE 30556] UL: SNR = 63.50 dB | SE = 20.778 bit/s/Hz
[65006 ms] [UE 20945] UL: SNR = 59.50 dB | SE = 19.469 bit/s/Hz
[65023 ms] [UE 45898] UL: SNR = 63.50 dB | SE = 20.778 bit/s/Hz
[65023 ms] [UE 36997] UL: SNR = 63.50 dB | SE = 20.778 bit/s/Hz
[65023 ms] [UE 48787] UL: SNR = 63.50 dB | SE = 20.778 bit/s/Hz
[65023 ms] [UE 40252] UL: SNR = 56.00 dB | SE = 18.324 bit/s/Hz
[65023 ms] [UE 15599] UL: SNR = 52.50 dB | SE = 17.179 bit/s/Hz
[65116 ms] [UE 33952] UL: SNR = 63.50 dB | SE = 20.778 bit/s/Hz
[65116 ms] [UE 12169] UL: SNR = 53.50 dB | SE = 17.506 bit/s/Hz
[65116 ms] [UE 22873] UL: SNR = 63.50 dB | SE = 20.778 bit/s/Hz
[65116 ms] [UE 30556] UL: SNR = 63.50 dB | SE = 20.778 bit/s/Hz
[65116 ms] [UE 20945] UL: SNR = 59.50 dB | SE = 19.469 bit/s/Hz
[65133 ms] [UE 45898] UL: SNR = 63.50 dB | SE = 20.778 bit/s/Hz
[65133 ms] [UE 36997] UL: SNR = 63.50 dB | SE = 20.778 bit/s/Hz
[65133 ms] [UE 48787] UL: SNR = 63.50 dB | SE = 20.778 bit/s/Hz
[65133 ms] [UE 40252] UL: SNR = 56.00 dB | SE = 18.324 bit/s/Hz
[65133 ms] [UE 15599] UL: SNR = 52.50 dB | SE = 17.179 bit/s/Hz
[65226 ms] [UE 33952] UL: SNR = 63.50 dB | SE = 20.778 bit/s/Hz
[65226 ms] [UE 12169] UL: SNR = 53.50 dB | SE = 17.506 bit/s/Hz
[65226 ms] [UE 22873] UL: SNR = 63.50 dB | SE = 20.778 bit/s/Hz
[65226 ms] [UE 30556] UL: SNR = 63.50 dB | SE = 20.778 bit/s/Hz
[65226 ms] [UE 20945] UL: SNR = 59.50 dB | SE = 19.469 bit/s/Hz
[65234 ms] [UE 45898] UL: SNR = 63.50 dB | SE = 20.778 bit/s/Hz
[65234 ms] [UE 36997] UL: SNR = 63.50 dB | SE = 20.778 bit/s/Hz
[65234 ms] [UE 48787] UL: SNR = 63.50 dB | SE = 20.778 bit/s/Hz
[65234 ms] [UE 40252] UL: SNR = 56.00 dB | SE = 18.324 bit/s/Hz
[65234 ms] [UE 15599] UL: SNR = 52.50 dB | SE = 17.179 bit/s/Hz
[65336 ms] [UE 33952] UL: SNR = 63.50 dB | SE = 20.778 bit/s/Hz
[65336 ms] [UE 12169] UL: SNR = 53.50 dB | SE = 17.506 bit/s/Hz
[65336 ms] [UE 22873] UL: SNR = 63.50 dB | SE = 20.778 bit/s/Hz
[65336 ms] [UE 30556] UL: SNR = 63.50 dB | SE = 20.778 bit/s/Hz
[65336 ms] [UE 20945] UL: SNR = 59.50 dB | SE = 19.469 bit/s/Hz
[65344 ms] [UE 45898] UL: SNR = 63.50 dB | SE = 20.778 bit/s/Hz
[65344 ms] [UE 36997] UL: SNR = 63.50 dB | SE = 20.778 bit/s/Hz
[65344 ms] [UE 48787] UL: SNR = 63.50 dB | SE = 20.778 bit/s/Hz
[65344 ms] [UE 40252] UL: SNR = 56.00 dB | SE = 18.324 bit/s/Hz
[65344 ms] [UE 15599] UL: SNR = 52.50 dB | SE = 17.179 bit/s/Hz
[65447 ms] [UE 33952] UL: SNR = 63.50 dB | SE = 20.778 bit/s/Hz
[65447 ms] [UE 12169] UL: SNR = 53.50 dB | SE = 17.506 bit/s/Hz
[65447 ms] [UE 22873] UL: SNR = 63.50 dB | SE = 20.778 bit/s/Hz
[65447 ms] [UE 30556] UL: SNR = 63.50 dB | SE = 20.778 bit/s/Hz
[65447 ms] [UE 20945] UL: SNR = 59.50 dB | SE = 19.469 bit/s/Hz
[65453 ms] [UE 45898] UL: SNR = 63.50 dB | SE = 20.778 bit/s/Hz
[65453 ms] [UE 36997] UL: SNR = 63.50 dB | SE = 20.778 bit/s/Hz
[65453 ms] [UE 48787] UL: SNR = 63.50 dB | SE = 20.778 bit/s/Hz
[65453 ms] [UE 40252] UL: SNR = 56.00 dB | SE = 18.324 bit/s/Hz
[65453 ms] [UE 15599] UL: SNR = 52.50 dB | SE = 17.179 bit/s/Hz
[65553 ms] [UE 45898] UL: SNR = 63.50 dB | SE = 20.778 bit/s/Hz
[65553 ms] [UE 36997] UL: SNR = 63.50 dB | SE = 20.778 bit/s/Hz
[65553 ms] [UE 48787] UL: SNR = 63.50 dB | SE = 20.778 bit/s/Hz
[65553 ms] [UE 40252] UL: SNR = 56.00 dB | SE = 18.324 bit/s/Hz
[65553 ms] [UE 15599] UL: SNR = 52.50 dB | SE = 17.179 bit/s/Hz
[65556 ms] [UE 33952] UL: SNR = 63.50 dB | SE = 20.778 bit/s/Hz
[65556 ms] [UE 12169] UL: SNR = 53.50 dB | SE = 17.506 bit/s/Hz
[65556 ms] [UE 22873] UL: SNR = 63.50 dB | SE = 20.778 bit/s/Hz
[65556 ms] [UE 30556] UL: SNR = 7.50 dB | SE = 2.687 bit/s/Hz
[65556 ms] [UE 20945] UL: SNR = 59.50 dB | SE = 19.469 bit/s/Hz
[65656 ms] [UE 33952] UL: SNR = 63.50 dB | SE = 20.778 bit/s/Hz
[65656 ms] [UE 12169] UL: SNR = 53.50 dB | SE = 17.506 bit/s/Hz
[65656 ms] [UE 22873] UL: SNR = 63.50 dB | SE = 20.778 bit/s/Hz
[65656 ms] [UE 30556] UL: SNR = 7.50 dB | SE = 2.687 bit/s/Hz
[65656 ms] [UE 20945] UL: SNR = 59.50 dB | SE = 19.469 bit/s/Hz
[65663 ms] [UE 45898] UL: SNR = 63.50 dB | SE = 20.778 bit/s/Hz
[65663 ms] [UE 36997] UL: SNR = 63.50 dB | SE = 20.778 bit/s/Hz
[65663 ms] [UE 48787] UL: SNR = 63.50 dB | SE = 20.778 bit/s/Hz
[65663 ms] [UE 40252] UL: SNR = 56.00 dB | SE = 18.324 bit/s/Hz
[65663 ms] [UE 15599] UL: SNR = 52.50 dB | SE = 17.179 bit/s/Hz
[65763 ms] [UE 45898] UL: SNR = 63.50 dB | SE = 20.778 bit/s/Hz
[65763 ms] [UE 36997] UL: SNR = 63.50 dB | SE = 20.778 bit/s/Hz
[65763 ms] [UE 48787] UL: SNR = 63.50 dB | SE = 20.778 bit/s/Hz
[65763 ms] [UE 40252] UL: SNR = 56.00 dB | SE = 18.324 bit/s/Hz
[65763 ms] [UE 15599] UL: SNR = 52.50 dB | SE = 17.179 bit/s/Hz
[65765 ms] [UE 33952] UL: SNR = 63.50 dB | SE = 20.778 bit/s/Hz
[65765 ms] [UE 12169] UL: SNR = 53.50 dB | SE = 17.506 bit/s/Hz
[65765 ms] [UE 22873] UL: SNR = 63.50 dB | SE = 20.778 bit/s/Hz
[65765 ms] [UE 30556] UL: SNR = 7.50 dB | SE = 2.687 bit/s/Hz
[65765 ms] [UE 20945] UL: SNR = 59.50 dB | SE = 19.469 bit/s/Hz
[65863 ms] [UE 45898] UL: SNR = 63.50 dB | SE = 20.778 bit/s/Hz
[65863 ms] [UE 36997] UL: SNR = 63.50 dB | SE = 20.778 bit/s/Hz
[65863 ms] [UE 48787] UL: SNR = 63.50 dB | SE = 20.778 bit/s/Hz
[65863 ms] [UE 40252] UL: SNR = 56.00 dB | SE = 18.324 bit/s/Hz
[65863 ms] [UE 15599] UL: SNR = 52.50 dB | SE = 17.179 bit/s/Hz
[65866 ms] [UE 33952] UL: SNR = 63.50 dB | SE = 20.778 bit/s/Hz
[65866 ms] [UE 12169] UL: SNR = 53.50 dB | SE = 17.506 bit/s/Hz
[65866 ms] [UE 22873] UL: SNR = 63.50 dB | SE = 20.778 bit/s/Hz
[65866 ms] [UE 30556] UL: SNR = 7.50 dB | SE = 2.687 bit/s/Hz
[65866 ms] [UE 20945] UL: SNR = 59.50 dB | SE = 19.469 bit/s/Hz
[65966 ms] [UE 33952] UL: SNR = 63.50 dB | SE = 20.778 bit/s/Hz
[65966 ms] [UE 12169] UL: SNR = 53.50 dB | SE = 17.506 bit/s/Hz
[65966 ms] [UE 22873] UL: SNR = 63.50 dB | SE = 20.778 bit/s/Hz
[65966 ms] [UE 30556] UL: SNR = 7.50 dB | SE = 2.687 bit/s/Hz
[65966 ms] [UE 20945] UL: SNR = 59.50 dB | SE = 19.469 bit/s/Hz
[65973 ms] [UE 45898] UL: SNR = 63.50 dB | SE = 20.778 bit/s/Hz
[65973 ms] [UE 36997] UL: SNR = 63.50 dB | SE = 20.778 bit/s/Hz
[65973 ms] [UE 48787] UL: SNR = 63.50 dB | SE = 20.778 bit/s/Hz
[65973 ms] [UE 40252] UL: SNR = 56.00 dB | SE = 18.324 bit/s/Hz
[65973 ms] [UE 15599] UL: SNR = 52.50 dB | SE = 17.179 bit/s/Hz
[66075 ms] [UE 33952] UL: SNR = 63.50 dB | SE = 20.778 bit/s/Hz
[66075 ms] [UE 12169] UL: SNR = 53.50 dB | SE = 17.506 bit/s/Hz
[66075 ms] [UE 22873] UL: SNR = 63.50 dB | SE = 20.778 bit/s/Hz
[66075 ms] [UE 30556] UL: SNR = 7.50 dB | SE = 2.687 bit/s/Hz
[66075 ms] [UE 20945] UL: SNR = 59.50 dB | SE = 19.469 bit/s/Hz
[66083 ms] [UE 45898] UL: SNR = 63.50 dB | SE = 20.778 bit/s/Hz
[66083 ms] [UE 36997] UL: SNR = 63.50 dB | SE = 20.778 bit/s/Hz
[66083 ms] [UE 48787] UL: SNR = 63.50 dB | SE = 20.778 bit/s/Hz
[66083 ms] [UE 40252] UL: SNR = 56.00 dB | SE = 18.324 bit/s/Hz
[66083 ms] [UE 15599] UL: SNR = 52.50 dB | SE = 17.179 bit/s/Hz
[66177 ms] [UE 33952] UL: SNR = 63.50 dB | SE = 20.778 bit/s/Hz
[66177 ms] [UE 12169] UL: SNR = 53.50 dB | SE = 17.506 bit/s/Hz
[66177 ms] [UE 22873] UL: SNR = 63.50 dB | SE = 20.778 bit/s/Hz
[66177 ms] [UE 30556] UL: SNR = 7.50 dB | SE = 2.687 bit/s/Hz
[66177 ms] [UE 20945] UL: SNR = 59.50 dB | SE = 19.469 bit/s/Hz
[66183 ms] [UE 45898] UL: SNR = 63.50 dB | SE = 20.778 bit/s/Hz
[66183 ms] [UE 36997] UL: SNR = 63.50 dB | SE = 20.778 bit/s/Hz
[66183 ms] [UE 48787] UL: SNR = 63.50 dB | SE = 20.778 bit/s/Hz
[66183 ms] [UE 40252] UL: SNR = 56.00 dB | SE = 18.324 bit/s/Hz
[66183 ms] [UE 15599] UL: SNR = 52.50 dB | SE = 17.179 bit/s/Hz
[66283 ms] [UE 45898] UL: SNR = 63.50 dB | SE = 20.778 bit/s/Hz
[66283 ms] [UE 36997] UL: SNR = 63.50 dB | SE = 20.778 bit/s/Hz
[66283 ms] [UE 48787] UL: SNR = 63.50 dB | SE = 20.778 bit/s/Hz
[66283 ms] [UE 40252] UL: SNR = 56.00 dB | SE = 18.324 bit/s/Hz
[66283 ms] [UE 15599] UL: SNR = 52.50 dB | SE = 17.179 bit/s/Hz
[66286 ms] [UE 33952] UL: SNR = 57.50 dB | SE = 18.815 bit/s/Hz
[66286 ms] [UE 12169] UL: SNR = 53.50 dB | SE = 17.506 bit/s/Hz
[66286 ms] [UE 22873] UL: SNR = 63.50 dB | SE = 20.778 bit/s/Hz
[66286 ms] [UE 30556] UL: SNR = 52.50 dB | SE = 17.179 bit/s/Hz
[66286 ms] [UE 20945] UL: SNR = 59.50 dB | SE = 19.469 bit/s/Hz
[66393 ms] [UE 45898] UL: SNR = 63.50 dB | SE = 20.778 bit/s/Hz
[66393 ms] [UE 36997] UL: SNR = 63.50 dB | SE = 20.778 bit/s/Hz
[66393 ms] [UE 48787] UL: SNR = 63.50 dB | SE = 20.778 bit/s/Hz
[66393 ms] [UE 40252] UL: SNR = 56.00 dB | SE = 18.324 bit/s/Hz
[66393 ms] [UE 15599] UL: SNR = 52.50 dB | SE = 17.179 bit/s/Hz
[66396 ms] [UE 33952] UL: SNR = 57.50 dB | SE = 18.815 bit/s/Hz
[66396 ms] [UE 12169] UL: SNR = 53.50 dB | SE = 17.506 bit/s/Hz
[66396 ms] [UE 22873] UL: SNR = 63.50 dB | SE = 20.778 bit/s/Hz
[66396 ms] [UE 30556] UL: SNR = 52.50 dB | SE = 17.179 bit/s/Hz
[66396 ms] [UE 20945] UL: SNR = 59.50 dB | SE = 19.469 bit/s/Hz
[66496 ms] [UE 33952] UL: SNR = 57.50 dB | SE = 18.815 bit/s/Hz
[66496 ms] [UE 12169] UL: SNR = 53.50 dB | SE = 17.506 bit/s/Hz
[66496 ms] [UE 22873] UL: SNR = 63.50 dB | SE = 20.778 bit/s/Hz
[66496 ms] [UE 30556] UL: SNR = 54.00 dB | SE = 17.669 bit/s/Hz
[66496 ms] [UE 20945] UL: SNR = 59.50 dB | SE = 19.469 bit/s/Hz
[66503 ms] [UE 45898] UL: SNR = 63.50 dB | SE = 20.778 bit/s/Hz
[66503 ms] [UE 36997] UL: SNR = 63.50 dB | SE = 20.778 bit/s/Hz
[66503 ms] [UE 48787] UL: SNR = 63.50 dB | SE = 20.778 bit/s/Hz
[66503 ms] [UE 40252] UL: SNR = 56.00 dB | SE = 18.324 bit/s/Hz
[66503 ms] [UE 15599] UL: SNR = 52.50 dB | SE = 17.179 bit/s/Hz
[66604 ms] [UE 45898] UL: SNR = 63.50 dB | SE = 20.778 bit/s/Hz
[66604 ms] [UE 36997] UL: SNR = 63.50 dB | SE = 20.778 bit/s/Hz
[66604 ms] [UE 48787] UL: SNR = 63.50 dB | SE = 20.778 bit/s/Hz
[66604 ms] [UE 40252] UL: SNR = 56.00 dB | SE = 18.324 bit/s/Hz
[66604 ms] [UE 15599] UL: SNR = 52.50 dB | SE = 17.179 bit/s/Hz
[66606 ms] [UE 33952] UL: SNR = 57.50 dB | SE = 18.815 bit/s/Hz
[66606 ms] [UE 12169] UL: SNR = 53.50 dB | SE = 17.506 bit/s/Hz
[66606 ms] [UE 22873] UL: SNR = 63.50 dB | SE = 20.778 bit/s/Hz
[66606 ms] [UE 30556] UL: SNR = 54.00 dB | SE = 17.669 bit/s/Hz
[66606 ms] [UE 20945] UL: SNR = 59.50 dB | SE = 19.469 bit/s/Hz
[66706 ms] [UE 33952] UL: SNR = 57.50 dB | SE = 18.815 bit/s/Hz
[66706 ms] [UE 12169] UL: SNR = 53.50 dB | SE = 17.506 bit/s/Hz
[66706 ms] [UE 22873] UL: SNR = 63.50 dB | SE = 20.778 bit/s/Hz
[66706 ms] [UE 30556] UL: SNR = 54.00 dB | SE = 17.669 bit/s/Hz
[66706 ms] [UE 20945] UL: SNR = 59.50 dB | SE = 19.469 bit/s/Hz
[66713 ms] [UE 45898] UL: SNR = 63.50 dB | SE = 20.778 bit/s/Hz
[66713 ms] [UE 36997] UL: SNR = 63.50 dB | SE = 20.778 bit/s/Hz
[66713 ms] [UE 48787] UL: SNR = 63.50 dB | SE = 20.778 bit/s/Hz
[66713 ms] [UE 40252] UL: SNR = 56.00 dB | SE = 18.324 bit/s/Hz
[66713 ms] [UE 15599] UL: SNR = 52.50 dB | SE = 17.179 bit/s/Hz
[66816 ms] [UE 33952] UL: SNR = 57.50 dB | SE = 18.815 bit/s/Hz
[66816 ms] [UE 12169] UL: SNR = 63.50 dB | SE = 20.778 bit/s/Hz
[66816 ms] [UE 22873] UL: SNR = 63.50 dB | SE = 20.778 bit/s/Hz
[66816 ms] [UE 30556] UL: SNR = 63.50 dB | SE = 20.778 bit/s/Hz
[66816 ms] [UE 20945] UL: SNR = 63.50 dB | SE = 20.778 bit/s/Hz
[66823 ms] [UE 45898] UL: SNR = 63.50 dB | SE = 20.778 bit/s/Hz
[66823 ms] [UE 36997] UL: SNR = 63.50 dB | SE = 20.778 bit/s/Hz
[66823 ms] [UE 48787] UL: SNR = 63.50 dB | SE = 20.778 bit/s/Hz
[66823 ms] [UE 40252] UL: SNR = 56.00 dB | SE = 18.324 bit/s/Hz
[66823 ms] [UE 15599] UL: SNR = 52.50 dB | SE = 17.179 bit/s/Hz
[66923 ms] [UE 45898] UL: SNR = 63.50 dB | SE = 20.778 bit/s/Hz
[66923 ms] [UE 36997] UL: SNR = 63.50 dB | SE = 20.778 bit/s/Hz
[66923 ms] [UE 48787] UL: SNR = 63.50 dB | SE = 20.778 bit/s/Hz
[66923 ms] [UE 40252] UL: SNR = 56.00 dB | SE = 18.324 bit/s/Hz
[66923 ms] [UE 15599] UL: SNR = 52.50 dB | SE = 17.179 bit/s/Hz
[66926 ms] [UE 33952] UL: SNR = 57.50 dB | SE = 18.815 bit/s/Hz
[66926 ms] [UE 12169] UL: SNR = 63.50 dB | SE = 20.778 bit/s/Hz
[66926 ms] [UE 22873] UL: SNR = 63.50 dB | SE = 20.778 bit/s/Hz
[66926 ms] [UE 30556] UL: SNR = 63.50 dB | SE = 20.778 bit/s/Hz
[66926 ms] [UE 20945] UL: SNR = 63.50 dB | SE = 20.778 bit/s/Hz
[67023 ms] [UE 45898] UL: SNR = 63.50 dB | SE = 20.778 bit/s/Hz
[67023 ms] [UE 36997] UL: SNR = 63.50 dB | SE = 20.778 bit/s/Hz
[67023 ms] [UE 48787] UL: SNR = 63.50 dB | SE = 20.778 bit/s/Hz
[67023 ms] [UE 40252] UL: SNR = 56.00 dB | SE = 18.324 bit/s/Hz
[67023 ms] [UE 15599] UL: SNR = 52.50 dB | SE = 17.179 bit/s/Hz
[67036 ms] [UE 33952] UL: SNR = 57.50 dB | SE = 18.815 bit/s/Hz
[67036 ms] [UE 12169] UL: SNR = 63.50 dB | SE = 20.778 bit/s/Hz
[67036 ms] [UE 22873] UL: SNR = 63.50 dB | SE = 20.778 bit/s/Hz
[67036 ms] [UE 30556] UL: SNR = 54.00 dB | SE = 17.669 bit/s/Hz
[67036 ms] [UE 20945] UL: SNR = 63.50 dB | SE = 20.778 bit/s/Hz
[67133 ms] [UE 45898] UL: SNR = 63.50 dB | SE = 20.778 bit/s/Hz
[67133 ms] [UE 36997] UL: SNR = 63.50 dB | SE = 20.778 bit/s/Hz
[67133 ms] [UE 48787] UL: SNR = 63.50 dB | SE = 20.778 bit/s/Hz
[67133 ms] [UE 40252] UL: SNR = 56.00 dB | SE = 18.324 bit/s/Hz
[67133 ms] [UE 15599] UL: SNR = 52.50 dB | SE = 17.179 bit/s/Hz
[67145 ms] [UE 33952] UL: SNR = 57.50 dB | SE = 18.815 bit/s/Hz
[67145 ms] [UE 12169] UL: SNR = 63.50 dB | SE = 20.778 bit/s/Hz
[67145 ms] [UE 22873] UL: SNR = 63.50 dB | SE = 20.778 bit/s/Hz
[67145 ms] [UE 30556] UL: SNR = 54.00 dB | SE = 17.669 bit/s/Hz
[67145 ms] [UE 20945] UL: SNR = 63.50 dB | SE = 20.778 bit/s/Hz
[67233 ms] [UE 45898] UL: SNR = 63.50 dB | SE = 20.778 bit/s/Hz
[67233 ms] [UE 36997] UL: SNR = 63.50 dB | SE = 20.778 bit/s/Hz
[67233 ms] [UE 48787] UL: SNR = 63.50 dB | SE = 20.778 bit/s/Hz
[67233 ms] [UE 40252] UL: SNR = 56.00 dB | SE = 18.324 bit/s/Hz
[67233 ms] [UE 15599] UL: SNR = 52.50 dB | SE = 17.179 bit/s/Hz
[67247 ms] [UE 33952] UL: SNR = 57.50 dB | SE = 18.815 bit/s/Hz
[67247 ms] [UE 12169] UL: SNR = 63.50 dB | SE = 20.778 bit/s/Hz
[67247 ms] [UE 22873] UL: SNR = 63.50 dB | SE = 20.778 bit/s/Hz
[67247 ms] [UE 30556] UL: SNR = 63.50 dB | SE = 20.778 bit/s/Hz
[67247 ms] [UE 20945] UL: SNR = 63.50 dB | SE = 20.778 bit/s/Hz
[67343 ms] [UE 45898] UL: SNR = 63.50 dB | SE = 20.778 bit/s/Hz
[67343 ms] [UE 36997] UL: SNR = 63.50 dB | SE = 20.778 bit/s/Hz
[67343 ms] [UE 48787] UL: SNR = 63.50 dB | SE = 20.778 bit/s/Hz
[67343 ms] [UE 40252] UL: SNR = 56.00 dB | SE = 18.324 bit/s/Hz
[67343 ms] [UE 15599] UL: SNR = 52.50 dB | SE = 17.179 bit/s/Hz
[67356 ms] [UE 33952] UL: SNR = 57.50 dB | SE = 18.815 bit/s/Hz
[67356 ms] [UE 12169] UL: SNR = 63.50 dB | SE = 20.778 bit/s/Hz
[67356 ms] [UE 22873] UL: SNR = 63.50 dB | SE = 20.778 bit/s/Hz
[67356 ms] [UE 30556] UL: SNR = 63.50 dB | SE = 20.778 bit/s/Hz
[67356 ms] [UE 20945] UL: SNR = 63.50 dB | SE = 20.778 bit/s/Hz
[67443 ms] [UE 45898] UL: SNR = 63.50 dB | SE = 20.778 bit/s/Hz
[67443 ms] [UE 36997] UL: SNR = 63.50 dB | SE = 20.778 bit/s/Hz
[67443 ms] [UE 48787] UL: SNR = 63.50 dB | SE = 20.778 bit/s/Hz
[67443 ms] [UE 40252] UL: SNR = 56.00 dB | SE = 18.324 bit/s/Hz
[67443 ms] [UE 15599] UL: SNR = 52.50 dB | SE = 17.179 bit/s/Hz
[67466 ms] [UE 33952] UL: SNR = 57.50 dB | SE = 18.815 bit/s/Hz
[67466 ms] [UE 12169] UL: SNR = 63.50 dB | SE = 20.778 bit/s/Hz
[67466 ms] [UE 22873] UL: SNR = 63.50 dB | SE = 20.778 bit/s/Hz
[67466 ms] [UE 30556] UL: SNR = 63.50 dB | SE = 20.778 bit/s/Hz
[67466 ms] [UE 20945] UL: SNR = 63.50 dB | SE = 20.778 bit/s/Hz
[67543 ms] [UE 45898] UL: SNR = 63.50 dB | SE = 20.778 bit/s/Hz
[67543 ms] [UE 36997] UL: SNR = 63.50 dB | SE = 20.778 bit/s/Hz
[67543 ms] [UE 48787] UL: SNR = 63.50 dB | SE = 20.778 bit/s/Hz
[67543 ms] [UE 40252] UL: SNR = 56.00 dB | SE = 18.324 bit/s/Hz
[67543 ms] [UE 15599] UL: SNR = 52.50 dB | SE = 17.179 bit/s/Hz
[67575 ms] [UE 33952] UL: SNR = 57.50 dB | SE = 18.815 bit/s/Hz
[67575 ms] [UE 12169] UL: SNR = 63.50 dB | SE = 20.778 bit/s/Hz
[67575 ms] [UE 22873] UL: SNR = 63.50 dB | SE = 20.778 bit/s/Hz
[67575 ms] [UE 30556] UL: SNR = 63.50 dB | SE = 20.778 bit/s/Hz
[67575 ms] [UE 20945] UL: SNR = 63.50 dB | SE = 20.778 bit/s/Hz
[67653 ms] [UE 45898] UL: SNR = 63.50 dB | SE = 20.778 bit/s/Hz
[67653 ms] [UE 36997] UL: SNR = 63.50 dB | SE = 20.778 bit/s/Hz
[67653 ms] [UE 48787] UL: SNR = 63.50 dB | SE = 20.778 bit/s/Hz
[67653 ms] [UE 40252] UL: SNR = 56.00 dB | SE = 18.324 bit/s/Hz
[67653 ms] [UE 15599] UL: SNR = 52.50 dB | SE = 17.179 bit/s/Hz
[67676 ms] [UE 33952] UL: SNR = 57.50 dB | SE = 18.815 bit/s/Hz
[67676 ms] [UE 12169] UL: SNR = 63.50 dB | SE = 20.778 bit/s/Hz
[67676 ms] [UE 22873] UL: SNR = 63.50 dB | SE = 20.778 bit/s/Hz
[67676 ms] [UE 30556] UL: SNR = 63.50 dB | SE = 20.778 bit/s/Hz
[67676 ms] [UE 20945] UL: SNR = 63.50 dB | SE = 20.778 bit/s/Hz
[67753 ms] [UE 45898] UL: SNR = 63.50 dB | SE = 20.778 bit/s/Hz
[67753 ms] [UE 36997] UL: SNR = 63.50 dB | SE = 20.778 bit/s/Hz
[67753 ms] [UE 48787] UL: SNR = 63.50 dB | SE = 20.778 bit/s/Hz
[67753 ms] [UE 40252] UL: SNR = 56.00 dB | SE = 18.324 bit/s/Hz
[67753 ms] [UE 15599] UL: SNR = 52.50 dB | SE = 17.179 bit/s/Hz
[67786 ms] [UE 33952] UL: SNR = 57.50 dB | SE = 18.815 bit/s/Hz
[67786 ms] [UE 12169] UL: SNR = 63.50 dB | SE = 20.778 bit/s/Hz
[67786 ms] [UE 22873] UL: SNR = 63.50 dB | SE = 20.778 bit/s/Hz
[67786 ms] [UE 30556] UL: SNR = 63.50 dB | SE = 20.778 bit/s/Hz
[67786 ms] [UE 20945] UL: SNR = 63.50 dB | SE = 20.778 bit/s/Hz
[67863 ms] [UE 45898] UL: SNR = 63.50 dB | SE = 20.778 bit/s/Hz
[67863 ms] [UE 36997] UL: SNR = 63.50 dB | SE = 20.778 bit/s/Hz
[67863 ms] [UE 48787] UL: SNR = 63.50 dB | SE = 20.778 bit/s/Hz
[67863 ms] [UE 40252] UL: SNR = 56.00 dB | SE = 18.324 bit/s/Hz
[67863 ms] [UE 15599] UL: SNR = 52.50 dB | SE = 17.179 bit/s/Hz
[67896 ms] [UE 33952] UL: SNR = 57.50 dB | SE = 18.815 bit/s/Hz
[67896 ms] [UE 12169] UL: SNR = 63.50 dB | SE = 20.778 bit/s/Hz
[67896 ms] [UE 22873] UL: SNR = 63.50 dB | SE = 20.778 bit/s/Hz
[67896 ms] [UE 30556] UL: SNR = 63.50 dB | SE = 20.778 bit/s/Hz
[67896 ms] [UE 20945] UL: SNR = 63.50 dB | SE = 20.778 bit/s/Hz
[67963 ms] [UE 45898] UL: SNR = 63.50 dB | SE = 20.778 bit/s/Hz
[67963 ms] [UE 36997] UL: SNR = 63.50 dB | SE = 20.778 bit/s/Hz
[67963 ms] [UE 48787] UL: SNR = 63.50 dB | SE = 20.778 bit/s/Hz
[67963 ms] [UE 40252] UL: SNR = 56.00 dB | SE = 18.324 bit/s/Hz
[67963 ms] [UE 15599] UL: SNR = 52.50 dB | SE = 17.179 bit/s/Hz
[68006 ms] [UE 33952] UL: SNR = 57.50 dB | SE = 18.815 bit/s/Hz
[68006 ms] [UE 12169] UL: SNR = 63.50 dB | SE = 20.778 bit/s/Hz
[68006 ms] [UE 22873] UL: SNR = 63.50 dB | SE = 20.778 bit/s/Hz
[68006 ms] [UE 30556] UL: SNR = 63.50 dB | SE = 20.778 bit/s/Hz
[68006 ms] [UE 20945] UL: SNR = 63.50 dB | SE = 20.778 bit/s/Hz
[68073 ms] [UE 45898] UL: SNR = 63.50 dB | SE = 20.778 bit/s/Hz
[68073 ms] [UE 36997] UL: SNR = 63.50 dB | SE = 20.778 bit/s/Hz
[68073 ms] [UE 48787] UL: SNR = 63.50 dB | SE = 20.778 bit/s/Hz
[68073 ms] [UE 40252] UL: SNR = 56.00 dB | SE = 18.324 bit/s/Hz
[68073 ms] [UE 15599] UL: SNR = 52.50 dB | SE = 17.179 bit/s/Hz
[68115 ms] [UE 33952] UL: SNR = 57.50 dB | SE = 18.815 bit/s/Hz
[68115 ms] [UE 12169] UL: SNR = 63.50 dB | SE = 20.778 bit/s/Hz
[68115 ms] [UE 22873] UL: SNR = 63.50 dB | SE = 20.778 bit/s/Hz
[68115 ms] [UE 30556] UL: SNR = 63.50 dB | SE = 20.778 bit/s/Hz
[68115 ms] [UE 20945] UL: SNR = 63.50 dB | SE = 20.778 bit/s/Hz
[68173 ms] [UE 45898] UL: SNR = 63.50 dB | SE = 20.778 bit/s/Hz
[68173 ms] [UE 36997] UL: SNR = 63.50 dB | SE = 20.778 bit/s/Hz
[68173 ms] [UE 48787] UL: SNR = 63.50 dB | SE = 20.778 bit/s/Hz
[68173 ms] [UE 40252] UL: SNR = 56.00 dB | SE = 18.324 bit/s/Hz
[68173 ms] [UE 15599] UL: SNR = 52.50 dB | SE = 17.179 bit/s/Hz
[68216 ms] [UE 33952] UL: SNR = 57.50 dB | SE = 18.815 bit/s/Hz
[68216 ms] [UE 12169] UL: SNR = 63.50 dB | SE = 20.778 bit/s/Hz
[68216 ms] [UE 22873] UL: SNR = 63.50 dB | SE = 20.778 bit/s/Hz
[68216 ms] [UE 30556] UL: SNR = 63.50 dB | SE = 20.778 bit/s/Hz
[68216 ms] [UE 20945] UL: SNR = 63.50 dB | SE = 20.778 bit/s/Hz
[68283 ms] [UE 45898] UL: SNR = 63.50 dB | SE = 20.778 bit/s/Hz
[68283 ms] [UE 36997] UL: SNR = 63.50 dB | SE = 20.778 bit/s/Hz
[68283 ms] [UE 48787] UL: SNR = 63.50 dB | SE = 20.778 bit/s/Hz
[68283 ms] [UE 40252] UL: SNR = 56.00 dB | SE = 18.324 bit/s/Hz
[68283 ms] [UE 15599] UL: SNR = 52.50 dB | SE = 17.179 bit/s/Hz
[68326 ms] [UE 33952] UL: SNR = 57.50 dB | SE = 18.815 bit/s/Hz
[68326 ms] [UE 12169] UL: SNR = 63.50 dB | SE = 20.778 bit/s/Hz
[68326 ms] [UE 22873] UL: SNR = 63.50 dB | SE = 20.778 bit/s/Hz
[68326 ms] [UE 30556] UL: SNR = 63.50 dB | SE = 20.778 bit/s/Hz
[68326 ms] [UE 20945] UL: SNR = 63.50 dB | SE = 20.778 bit/s/Hz
[68393 ms] [UE 45898] UL: SNR = 63.50 dB | SE = 20.778 bit/s/Hz
[68393 ms] [UE 36997] UL: SNR = 63.50 dB | SE = 20.778 bit/s/Hz
[68393 ms] [UE 48787] UL: SNR = 63.50 dB | SE = 20.778 bit/s/Hz
[68393 ms] [UE 40252] UL: SNR = 56.00 dB | SE = 18.324 bit/s/Hz
[68393 ms] [UE 15599] UL: SNR = 52.50 dB | SE = 17.179 bit/s/Hz
[68436 ms] [UE 33952] UL: SNR = 57.50 dB | SE = 18.815 bit/s/Hz
[68436 ms] [UE 12169] UL: SNR = 63.50 dB | SE = 20.778 bit/s/Hz
[68436 ms] [UE 22873] UL: SNR = 63.50 dB | SE = 20.778 bit/s/Hz
[68436 ms] [UE 30556] UL: SNR = 63.50 dB | SE = 20.778 bit/s/Hz
[68436 ms] [UE 20945] UL: SNR = 63.50 dB | SE = 20.778 bit/s/Hz
[68493 ms] [UE 45898] UL: SNR = 63.50 dB | SE = 20.778 bit/s/Hz
[68493 ms] [UE 36997] UL: SNR = 63.50 dB | SE = 20.778 bit/s/Hz
[68493 ms] [UE 48787] UL: SNR = 63.50 dB | SE = 20.778 bit/s/Hz
[68493 ms] [UE 40252] UL: SNR = 56.00 dB | SE = 18.324 bit/s/Hz
[68493 ms] [UE 15599] UL: SNR = 52.50 dB | SE = 17.179 bit/s/Hz
[68536 ms] [UE 33952] UL: SNR = 57.50 dB | SE = 18.815 bit/s/Hz
[68536 ms] [UE 12169] UL: SNR = 63.50 dB | SE = 20.778 bit/s/Hz
[68536 ms] [UE 22873] UL: SNR = 63.50 dB | SE = 20.778 bit/s/Hz
[68536 ms] [UE 30556] UL: SNR = 63.50 dB | SE = 20.778 bit/s/Hz
[68536 ms] [UE 20945] UL: SNR = 63.50 dB | SE = 20.778 bit/s/Hz
[68593 ms] [UE 45898] UL: SNR = 63.50 dB | SE = 20.778 bit/s/Hz
[68593 ms] [UE 36997] UL: SNR = 63.50 dB | SE = 20.778 bit/s/Hz
[68593 ms] [UE 48787] UL: SNR = 63.50 dB | SE = 20.778 bit/s/Hz
[68593 ms] [UE 40252] UL: SNR = 56.00 dB | SE = 18.324 bit/s/Hz
[68593 ms] [UE 15599] UL: SNR = 52.50 dB | SE = 17.179 bit/s/Hz
[68645 ms] [UE 33952] UL: SNR = 57.50 dB | SE = 18.815 bit/s/Hz
[68645 ms] [UE 12169] UL: SNR = 63.50 dB | SE = 20.778 bit/s/Hz
[68645 ms] [UE 22873] UL: SNR = 63.50 dB | SE = 20.778 bit/s/Hz
[68645 ms] [UE 30556] UL: SNR = 63.50 dB | SE = 20.778 bit/s/Hz
[68645 ms] [UE 20945] UL: SNR = 63.50 dB | SE = 20.778 bit/s/Hz
[68704 ms] [UE 45898] UL: SNR = 63.50 dB | SE = 20.778 bit/s/Hz
[68704 ms] [UE 36997] UL: SNR = 63.50 dB | SE = 20.778 bit/s/Hz
[68704 ms] [UE 48787] UL: SNR = 63.50 dB | SE = 20.778 bit/s/Hz
[68704 ms] [UE 40252] UL: SNR = 56.00 dB | SE = 18.324 bit/s/Hz
[68704 ms] [UE 15599] UL: SNR = 52.50 dB | SE = 17.179 bit/s/Hz
[68755 ms] [UE 33952] UL: SNR = 57.50 dB | SE = 18.815 bit/s/Hz
[68755 ms] [UE 12169] UL: SNR = 63.50 dB | SE = 20.778 bit/s/Hz
[68755 ms] [UE 22873] UL: SNR = 63.50 dB | SE = 20.778 bit/s/Hz
[68755 ms] [UE 30556] UL: SNR = 63.50 dB | SE = 20.778 bit/s/Hz
[68755 ms] [UE 20945] UL: SNR = 63.50 dB | SE = 20.778 bit/s/Hz
[68813 ms] [UE 45898] UL: SNR = 63.50 dB | SE = 20.778 bit/s/Hz
[68813 ms] [UE 36997] UL: SNR = 63.50 dB | SE = 20.778 bit/s/Hz
[68813 ms] [UE 48787] UL: SNR = 63.50 dB | SE = 20.778 bit/s/Hz
[68813 ms] [UE 40252] UL: SNR = 56.00 dB | SE = 18.324 bit/s/Hz
[68813 ms] [UE 15599] UL: SNR = 52.50 dB | SE = 17.179 bit/s/Hz
[68856 ms] [UE 33952] UL: SNR = 57.50 dB | SE = 18.815 bit/s/Hz
[68856 ms] [UE 12169] UL: SNR = 63.50 dB | SE = 20.778 bit/s/Hz
[68856 ms] [UE 22873] UL: SNR = 63.50 dB | SE = 20.778 bit/s/Hz
[68856 ms] [UE 30556] UL: SNR = 63.50 dB | SE = 20.778 bit/s/Hz
[68856 ms] [UE 20945] UL: SNR = 63.50 dB | SE = 20.778 bit/s/Hz
[68913 ms] [UE 45898] UL: SNR = 63.50 dB | SE = 20.778 bit/s/Hz
[68913 ms] [UE 36997] UL: SNR = 63.50 dB | SE = 20.778 bit/s/Hz
[68913 ms] [UE 48787] UL: SNR = 63.50 dB | SE = 20.778 bit/s/Hz
[68913 ms] [UE 40252] UL: SNR = 56.00 dB | SE = 18.324 bit/s/Hz
[68913 ms] [UE 15599] UL: SNR = 52.50 dB | SE = 17.179 bit/s/Hz
[68965 ms] [UE 33952] UL: SNR = 57.50 dB | SE = 18.815 bit/s/Hz
[68965 ms] [UE 12169] UL: SNR = 63.50 dB | SE = 20.778 bit/s/Hz
[68965 ms] [UE 22873] UL: SNR = 63.50 dB | SE = 20.778 bit/s/Hz
[68965 ms] [UE 30556] UL: SNR = 63.50 dB | SE = 20.778 bit/s/Hz
[68965 ms] [UE 20945] UL: SNR = 63.50 dB | SE = 20.778 bit/s/Hz
[69014 ms] [UE 45898] UL: SNR = 63.50 dB | SE = 20.778 bit/s/Hz
[69014 ms] [UE 36997] UL: SNR = 63.50 dB | SE = 20.778 bit/s/Hz
[69014 ms] [UE 48787] UL: SNR = 63.50 dB | SE = 20.778 bit/s/Hz
[69014 ms] [UE 40252] UL: SNR = 56.00 dB | SE = 18.324 bit/s/Hz
[69014 ms] [UE 15599] UL: SNR = 52.50 dB | SE = 17.179 bit/s/Hz
[69065 ms] [UE 33952] UL: SNR = 57.50 dB | SE = 18.815 bit/s/Hz
[69065 ms] [UE 12169] UL: SNR = 63.50 dB | SE = 20.778 bit/s/Hz
[69065 ms] [UE 22873] UL: SNR = 63.50 dB | SE = 20.778 bit/s/Hz
[69065 ms] [UE 30556] UL: SNR = 63.50 dB | SE = 20.778 bit/s/Hz
[69065 ms] [UE 20945] UL: SNR = 63.50 dB | SE = 20.778 bit/s/Hz
[69123 ms] [UE 45898] UL: SNR = 63.50 dB | SE = 20.778 bit/s/Hz
[69123 ms] [UE 36997] UL: SNR = 63.50 dB | SE = 20.778 bit/s/Hz
[69123 ms] [UE 48787] UL: SNR = 63.50 dB | SE = 20.778 bit/s/Hz
[69123 ms] [UE 40252] UL: SNR = 56.00 dB | SE = 18.324 bit/s/Hz
[69123 ms] [UE 15599] UL: SNR = 52.50 dB | SE = 17.179 bit/s/Hz
[69166 ms] [UE 33952] UL: SNR = 57.50 dB | SE = 18.815 bit/s/Hz
[69166 ms] [UE 12169] UL: SNR = 63.50 dB | SE = 20.778 bit/s/Hz
[69166 ms] [UE 22873] UL: SNR = 63.50 dB | SE = 20.778 bit/s/Hz
[69166 ms] [UE 30556] UL: SNR = 63.50 dB | SE = 20.778 bit/s/Hz
[69166 ms] [UE 20945] UL: SNR = 63.50 dB | SE = 20.778 bit/s/Hz
[69233 ms] [UE 45898] UL: SNR = 63.50 dB | SE = 20.778 bit/s/Hz
[69233 ms] [UE 36997] UL: SNR = 63.50 dB | SE = 20.778 bit/s/Hz
[69233 ms] [UE 48787] UL: SNR = 63.50 dB | SE = 20.778 bit/s/Hz
[69233 ms] [UE 40252] UL: SNR = 56.00 dB | SE = 18.324 bit/s/Hz
[69233 ms] [UE 15599] UL: SNR = 52.50 dB | SE = 17.179 bit/s/Hz
[69266 ms] [UE 33952] UL: SNR = 57.50 dB | SE = 18.815 bit/s/Hz
[69266 ms] [UE 12169] UL: SNR = 63.50 dB | SE = 20.778 bit/s/Hz
[69266 ms] [UE 22873] UL: SNR = 63.50 dB | SE = 20.778 bit/s/Hz
[69266 ms] [UE 30556] UL: SNR = 63.50 dB | SE = 20.778 bit/s/Hz
[69266 ms] [UE 20945] UL: SNR = 63.50 dB | SE = 20.778 bit/s/Hz
[69344 ms] [UE 45898] UL: SNR = 63.50 dB | SE = 20.778 bit/s/Hz
[69344 ms] [UE 36997] UL: SNR = 63.50 dB | SE = 20.778 bit/s/Hz
[69344 ms] [UE 48787] UL: SNR = 63.50 dB | SE = 20.778 bit/s/Hz
[69344 ms] [UE 40252] UL: SNR = 56.00 dB | SE = 18.324 bit/s/Hz
[69344 ms] [UE 15599] UL: SNR = 52.50 dB | SE = 17.179 bit/s/Hz
[69366 ms] [UE 33952] UL: SNR = 57.50 dB | SE = 18.815 bit/s/Hz
[69366 ms] [UE 12169] UL: SNR = 63.50 dB | SE = 20.778 bit/s/Hz
[69366 ms] [UE 22873] UL: SNR = 63.50 dB | SE = 20.778 bit/s/Hz
[69366 ms] [UE 30556] UL: SNR = 63.50 dB | SE = 20.778 bit/s/Hz
[69366 ms] [UE 20945] UL: SNR = 63.50 dB | SE = 20.778 bit/s/Hz
[69453 ms] [UE 45898] UL: SNR = 63.50 dB | SE = 20.778 bit/s/Hz
[69453 ms] [UE 36997] UL: SNR = 63.50 dB | SE = 20.778 bit/s/Hz
[69453 ms] [UE 48787] UL: SNR = 63.50 dB | SE = 20.778 bit/s/Hz
[69453 ms] [UE 40252] UL: SNR = 56.00 dB | SE = 18.324 bit/s/Hz
[69453 ms] [UE 15599] UL: SNR = 52.50 dB | SE = 17.179 bit/s/Hz
[69466 ms] [UE 33952] UL: SNR = 57.50 dB | SE = 18.815 bit/s/Hz
[69466 ms] [UE 12169] UL: SNR = 63.50 dB | SE = 20.778 bit/s/Hz
[69466 ms] [UE 22873] UL: SNR = 63.50 dB | SE = 20.778 bit/s/Hz
[69466 ms] [UE 30556] UL: SNR = 63.50 dB | SE = 20.778 bit/s/Hz
[69466 ms] [UE 20945] UL: SNR = 63.50 dB | SE = 20.778 bit/s/Hz
[69553 ms] [UE 45898] UL: SNR = 63.50 dB | SE = 20.778 bit/s/Hz
[69553 ms] [UE 36997] UL: SNR = 63.50 dB | SE = 20.778 bit/s/Hz
[69553 ms] [UE 48787] UL: SNR = 63.50 dB | SE = 20.778 bit/s/Hz
[69553 ms] [UE 40252] UL: SNR = 56.00 dB | SE = 18.324 bit/s/Hz
[69553 ms] [UE 15599] UL: SNR = 52.50 dB | SE = 17.179 bit/s/Hz
[69575 ms] [UE 33952] UL: SNR = 57.50 dB | SE = 18.815 bit/s/Hz
[69575 ms] [UE 12169] UL: SNR = 63.50 dB | SE = 20.778 bit/s/Hz
[69575 ms] [UE 22873] UL: SNR = 63.50 dB | SE = 20.778 bit/s/Hz
[69575 ms] [UE 30556] UL: SNR = 7.50 dB | SE = 2.687 bit/s/Hz
[69575 ms] [UE 20945] UL: SNR = 63.50 dB | SE = 20.778 bit/s/Hz
[69653 ms] [UE 45898] UL: SNR = 63.50 dB | SE = 20.778 bit/s/Hz
[69653 ms] [UE 36997] UL: SNR = 63.50 dB | SE = 20.778 bit/s/Hz
[69653 ms] [UE 48787] UL: SNR = 63.50 dB | SE = 20.778 bit/s/Hz
[69653 ms] [UE 40252] UL: SNR = 56.00 dB | SE = 18.324 bit/s/Hz
[69653 ms] [UE 15599] UL: SNR = 52.50 dB | SE = 17.179 bit/s/Hz
[69676 ms] [UE 33952] UL: SNR = 57.50 dB | SE = 18.815 bit/s/Hz
[69676 ms] [UE 12169] UL: SNR = 63.50 dB | SE = 20.778 bit/s/Hz
[69676 ms] [UE 22873] UL: SNR = 63.50 dB | SE = 20.778 bit/s/Hz
[69676 ms] [UE 30556] UL: SNR = 7.50 dB | SE = 2.687 bit/s/Hz
[69676 ms] [UE 20945] UL: SNR = 63.50 dB | SE = 20.778 bit/s/Hz
[69754 ms] [UE 45898] UL: SNR = 63.50 dB | SE = 20.778 bit/s/Hz
[69754 ms] [UE 36997] UL: SNR = 63.50 dB | SE = 20.778 bit/s/Hz
[69754 ms] [UE 48787] UL: SNR = 63.50 dB | SE = 20.778 bit/s/Hz
[69754 ms] [UE 40252] UL: SNR = 56.00 dB | SE = 18.324 bit/s/Hz
[69754 ms] [UE 15599] UL: SNR = 52.50 dB | SE = 17.179 bit/s/Hz
[69786 ms] [UE 33952] UL: SNR = 57.50 dB | SE = 18.815 bit/s/Hz
[69786 ms] [UE 12169] UL: SNR = 63.50 dB | SE = 20.778 bit/s/Hz
[69786 ms] [UE 22873] UL: SNR = 63.50 dB | SE = 20.778 bit/s/Hz
[69786 ms] [UE 30556] UL: SNR = 7.50 dB | SE = 2.687 bit/s/Hz
[69786 ms] [UE 20945] UL: SNR = 63.50 dB | SE = 20.778 bit/s/Hz
[69863 ms] [UE 45898] UL: SNR = 63.50 dB | SE = 20.778 bit/s/Hz
[69863 ms] [UE 36997] UL: SNR = 63.50 dB | SE = 20.778 bit/s/Hz
[69863 ms] [UE 48787] UL: SNR = 63.50 dB | SE = 20.778 bit/s/Hz
[69863 ms] [UE 40252] UL: SNR = 56.00 dB | SE = 18.324 bit/s/Hz
[69863 ms] [UE 15599] UL: SNR = 52.50 dB | SE = 17.179 bit/s/Hz
[69896 ms] [UE 33952] UL: SNR = 57.50 dB | SE = 18.815 bit/s/Hz
[69896 ms] [UE 12169] UL: SNR = 63.50 dB | SE = 20.778 bit/s/Hz
[69896 ms] [UE 22873] UL: SNR = 63.50 dB | SE = 20.778 bit/s/Hz
[69896 ms] [UE 30556] UL: SNR = 7.50 dB | SE = 2.687 bit/s/Hz
[69896 ms] [UE 20945] UL: SNR = 63.50 dB | SE = 20.778 bit/s/Hz
[69973 ms] [UE 45898] UL: SNR = 63.50 dB | SE = 20.778 bit/s/Hz
[69973 ms] [UE 36997] UL: SNR = 63.50 dB | SE = 20.778 bit/s/Hz
[69973 ms] [UE 48787] UL: SNR = 63.50 dB | SE = 20.778 bit/s/Hz
[69973 ms] [UE 40252] UL: SNR = 56.00 dB | SE = 18.324 bit/s/Hz
[69973 ms] [UE 15599] UL: SNR = 52.50 dB | SE = 17.179 bit/s/Hz
[69997 ms] [UE 33952] UL: SNR = 57.50 dB | SE = 18.815 bit/s/Hz
[69997 ms] [UE 12169] UL: SNR = 63.50 dB | SE = 20.778 bit/s/Hz
[69997 ms] [UE 22873] UL: SNR = 63.50 dB | SE = 20.778 bit/s/Hz
[69997 ms] [UE 30556] UL: SNR = 7.50 dB | SE = 2.687 bit/s/Hz
[69997 ms] [UE 20945] UL: SNR = 63.50 dB | SE = 20.778 bit/s/Hz
[70083 ms] [UE 45898] UL: SNR = 63.50 dB | SE = 20.778 bit/s/Hz
[70083 ms] [UE 36997] UL: SNR = 63.50 dB | SE = 20.778 bit/s/Hz
[70083 ms] [UE 48787] UL: SNR = 63.50 dB | SE = 20.778 bit/s/Hz
[70083 ms] [UE 40252] UL: SNR = 56.00 dB | SE = 18.324 bit/s/Hz
[70083 ms] [UE 15599] UL: SNR = 52.50 dB | SE = 17.179 bit/s/Hz
[70105 ms] [UE 33952] UL: SNR = 57.50 dB | SE = 18.815 bit/s/Hz
[70105 ms] [UE 12169] UL: SNR = 63.50 dB | SE = 20.778 bit/s/Hz
[70105 ms] [UE 22873] UL: SNR = 63.50 dB | SE = 20.778 bit/s/Hz
[70105 ms] [UE 30556] UL: SNR = 7.50 dB | SE = 2.687 bit/s/Hz
[70105 ms] [UE 20945] UL: SNR = 63.50 dB | SE = 20.778 bit/s/Hz
[70183 ms] [UE 45898] UL: SNR = 63.50 dB | SE = 20.778 bit/s/Hz
[70183 ms] [UE 36997] UL: SNR = 63.50 dB | SE = 20.778 bit/s/Hz
[70183 ms] [UE 48787] UL: SNR = 63.50 dB | SE = 20.778 bit/s/Hz
[70183 ms] [UE 40252] UL: SNR = 56.00 dB | SE = 18.324 bit/s/Hz
[70183 ms] [UE 15599] UL: SNR = 52.50 dB | SE = 17.179 bit/s/Hz
[70205 ms] [UE 33952] UL: SNR = 57.50 dB | SE = 18.815 bit/s/Hz
[70205 ms] [UE 12169] UL: SNR = 63.50 dB | SE = 20.778 bit/s/Hz
[70205 ms] [UE 22873] UL: SNR = 63.50 dB | SE = 20.778 bit/s/Hz
[70205 ms] [UE 30556] UL: SNR = 7.50 dB | SE = 2.687 bit/s/Hz
[70205 ms] [UE 20945] UL: SNR = 63.50 dB | SE = 20.778 bit/s/Hz
[70293 ms] [UE 45898] UL: SNR = 63.50 dB | SE = 20.778 bit/s/Hz
[70293 ms] [UE 36997] UL: SNR = 63.50 dB | SE = 20.778 bit/s/Hz
[70293 ms] [UE 48787] UL: SNR = 63.50 dB | SE = 20.778 bit/s/Hz
[70293 ms] [UE 40252] UL: SNR = 56.00 dB | SE = 18.324 bit/s/Hz
[70293 ms] [UE 15599] UL: SNR = 52.50 dB | SE = 17.179 bit/s/Hz
[70305 ms] [UE 33952] UL: SNR = 57.50 dB | SE = 18.815 bit/s/Hz
[70305 ms] [UE 12169] UL: SNR = 63.50 dB | SE = 20.778 bit/s/Hz
[70305 ms] [UE 22873] UL: SNR = 63.50 dB | SE = 20.778 bit/s/Hz
[70305 ms] [UE 30556] UL: SNR = 7.50 dB | SE = 2.687 bit/s/Hz
[70305 ms] [UE 20945] UL: SNR = 63.50 dB | SE = 20.778 bit/s/Hz
[70403 ms] [UE 45898] UL: SNR = 63.50 dB | SE = 20.778 bit/s/Hz
[70403 ms] [UE 36997] UL: SNR = 63.50 dB | SE = 20.778 bit/s/Hz
[70403 ms] [UE 48787] UL: SNR = 63.50 dB | SE = 20.778 bit/s/Hz
[70403 ms] [UE 40252] UL: SNR = 56.00 dB | SE = 18.324 bit/s/Hz
[70403 ms] [UE 15599] UL: SNR = 52.50 dB | SE = 17.179 bit/s/Hz
[70415 ms] [UE 33952] UL: SNR = 57.50 dB | SE = 18.815 bit/s/Hz
[70415 ms] [UE 12169] UL: SNR = 63.50 dB | SE = 20.778 bit/s/Hz
[70415 ms] [UE 22873] UL: SNR = 63.50 dB | SE = 20.778 bit/s/Hz
[70415 ms] [UE 30556] UL: SNR = 7.50 dB | SE = 2.687 bit/s/Hz
[70415 ms] [UE 20945] UL: SNR = 63.50 dB | SE = 20.778 bit/s/Hz
[70503 ms] [UE 45898] UL: SNR = 63.50 dB | SE = 20.778 bit/s/Hz
[70503 ms] [UE 36997] UL: SNR = 63.50 dB | SE = 20.778 bit/s/Hz
[70503 ms] [UE 48787] UL: SNR = 63.50 dB | SE = 20.778 bit/s/Hz
[70503 ms] [UE 40252] UL: SNR = 56.00 dB | SE = 18.324 bit/s/Hz
[70503 ms] [UE 15599] UL: SNR = 52.50 dB | SE = 17.179 bit/s/Hz
[70516 ms] [UE 33952] UL: SNR = 57.50 dB | SE = 18.815 bit/s/Hz
[70516 ms] [UE 12169] UL: SNR = 63.50 dB | SE = 20.778 bit/s/Hz
[70516 ms] [UE 22873] UL: SNR = 63.50 dB | SE = 20.778 bit/s/Hz
[70516 ms] [UE 30556] UL: SNR = 53.50 dB | SE = 17.506 bit/s/Hz
[70516 ms] [UE 20945] UL: SNR = 63.50 dB | SE = 20.778 bit/s/Hz
[70603 ms] [UE 45898] UL: SNR = 63.50 dB | SE = 20.778 bit/s/Hz
[70603 ms] [UE 36997] UL: SNR = 63.50 dB | SE = 20.778 bit/s/Hz
[70603 ms] [UE 48787] UL: SNR = 63.50 dB | SE = 20.778 bit/s/Hz
[70603 ms] [UE 40252] UL: SNR = 56.00 dB | SE = 18.324 bit/s/Hz
[70603 ms] [UE 15599] UL: SNR = 52.50 dB | SE = 17.179 bit/s/Hz
[70625 ms] [UE 33952] UL: SNR = 57.50 dB | SE = 18.815 bit/s/Hz
[70625 ms] [UE 12169] UL: SNR = 63.50 dB | SE = 20.778 bit/s/Hz
[70625 ms] [UE 22873] UL: SNR = 63.50 dB | SE = 20.778 bit/s/Hz
[70625 ms] [UE 30556] UL: SNR = 53.50 dB | SE = 17.506 bit/s/Hz
[70625 ms] [UE 20945] UL: SNR = 63.50 dB | SE = 20.778 bit/s/Hz
[70703 ms] [UE 45898] UL: SNR = 63.50 dB | SE = 20.778 bit/s/Hz
[70703 ms] [UE 36997] UL: SNR = 63.50 dB | SE = 20.778 bit/s/Hz
[70703 ms] [UE 48787] UL: SNR = 63.50 dB | SE = 20.778 bit/s/Hz
[70703 ms] [UE 40252] UL: SNR = 56.00 dB | SE = 18.324 bit/s/Hz
[70703 ms] [UE 15599] UL: SNR = 52.50 dB | SE = 17.179 bit/s/Hz
[70726 ms] [UE 33952] UL: SNR = 57.50 dB | SE = 18.815 bit/s/Hz
[70726 ms] [UE 12169] UL: SNR = 63.50 dB | SE = 20.778 bit/s/Hz
[70726 ms] [UE 22873] UL: SNR = 63.50 dB | SE = 20.778 bit/s/Hz
[70726 ms] [UE 30556] UL: SNR = 53.50 dB | SE = 17.506 bit/s/Hz
[70726 ms] [UE 20945] UL: SNR = 63.50 dB | SE = 20.778 bit/s/Hz
[70804 ms] [UE 45898] UL: SNR = 63.50 dB | SE = 20.778 bit/s/Hz
[70804 ms] [UE 36997] UL: SNR = 63.50 dB | SE = 20.778 bit/s/Hz
[70804 ms] [UE 48787] UL: SNR = 63.50 dB | SE = 20.778 bit/s/Hz
[70804 ms] [UE 40252] UL: SNR = 56.00 dB | SE = 18.324 bit/s/Hz
[70804 ms] [UE 15599] UL: SNR = 52.50 dB | SE = 17.179 bit/s/Hz
[70835 ms] [UE 33952] UL: SNR = 57.50 dB | SE = 18.815 bit/s/Hz
[70835 ms] [UE 12169] UL: SNR = 63.50 dB | SE = 20.778 bit/s/Hz
[70835 ms] [UE 22873] UL: SNR = 63.50 dB | SE = 20.778 bit/s/Hz
[70835 ms] [UE 30556] UL: SNR = 54.00 dB | SE = 17.669 bit/s/Hz
[70835 ms] [UE 20945] UL: SNR = 63.50 dB | SE = 20.778 bit/s/Hz
[70913 ms] [UE 45898] UL: SNR = 63.50 dB | SE = 20.778 bit/s/Hz
[70913 ms] [UE 36997] UL: SNR = 63.50 dB | SE = 20.778 bit/s/Hz
[70913 ms] [UE 48787] UL: SNR = 63.50 dB | SE = 20.778 bit/s/Hz
[70913 ms] [UE 40252] UL: SNR = 56.00 dB | SE = 18.324 bit/s/Hz
[70913 ms] [UE 15599] UL: SNR = 52.50 dB | SE = 17.179 bit/s/Hz
[70936 ms] [UE 33952] UL: SNR = 57.50 dB | SE = 18.815 bit/s/Hz
[70936 ms] [UE 12169] UL: SNR = 63.50 dB | SE = 20.778 bit/s/Hz
[70936 ms] [UE 22873] UL: SNR = 63.50 dB | SE = 20.778 bit/s/Hz
[70936 ms] [UE 30556] UL: SNR = 54.00 dB | SE = 17.669 bit/s/Hz
[70936 ms] [UE 20945] UL: SNR = 63.50 dB | SE = 20.778 bit/s/Hz
[71023 ms] [UE 45898] UL: SNR = 63.50 dB | SE = 20.778 bit/s/Hz
[71023 ms] [UE 36997] UL: SNR = 63.50 dB | SE = 20.778 bit/s/Hz
[71023 ms] [UE 48787] UL: SNR = 63.50 dB | SE = 20.778 bit/s/Hz
[71023 ms] [UE 40252] UL: SNR = 56.00 dB | SE = 18.324 bit/s/Hz
[71023 ms] [UE 15599] UL: SNR = 52.50 dB | SE = 17.179 bit/s/Hz
[71045 ms] [UE 33952] UL: SNR = 57.50 dB | SE = 18.815 bit/s/Hz
[71045 ms] [UE 12169] UL: SNR = 63.50 dB | SE = 20.778 bit/s/Hz
[71045 ms] [UE 22873] UL: SNR = 63.50 dB | SE = 20.778 bit/s/Hz
[71045 ms] [UE 30556] UL: SNR = 63.50 dB | SE = 20.778 bit/s/Hz
[71045 ms] [UE 20945] UL: SNR = 63.50 dB | SE = 20.778 bit/s/Hz
[71123 ms] [UE 45898] UL: SNR = 63.50 dB | SE = 20.778 bit/s/Hz
[71123 ms] [UE 36997] UL: SNR = 63.50 dB | SE = 20.778 bit/s/Hz
[71123 ms] [UE 48787] UL: SNR = 63.50 dB | SE = 20.778 bit/s/Hz
[71123 ms] [UE 40252] UL: SNR = 56.00 dB | SE = 18.324 bit/s/Hz
[71123 ms] [UE 15599] UL: SNR = 52.50 dB | SE = 17.179 bit/s/Hz
[71145 ms] [UE 33952] UL: SNR = 57.50 dB | SE = 18.815 bit/s/Hz
[71145 ms] [UE 12169] UL: SNR = 63.50 dB | SE = 20.778 bit/s/Hz
[71145 ms] [UE 22873] UL: SNR = 63.50 dB | SE = 20.778 bit/s/Hz
[71145 ms] [UE 30556] UL: SNR = 63.50 dB | SE = 20.778 bit/s/Hz
[71145 ms] [UE 20945] UL: SNR = 63.50 dB | SE = 20.778 bit/s/Hz
[71224 ms] [UE 45898] UL: SNR = 63.50 dB | SE = 20.778 bit/s/Hz
[71224 ms] [UE 36997] UL: SNR = 63.50 dB | SE = 20.778 bit/s/Hz
[71224 ms] [UE 48787] UL: SNR = 63.50 dB | SE = 20.778 bit/s/Hz
[71224 ms] [UE 40252] UL: SNR = 56.00 dB | SE = 18.324 bit/s/Hz
[71224 ms] [UE 15599] UL: SNR = 52.50 dB | SE = 17.179 bit/s/Hz
[71247 ms] [UE 33952] UL: SNR = 57.50 dB | SE = 18.815 bit/s/Hz
[71247 ms] [UE 12169] UL: SNR = 63.50 dB | SE = 20.778 bit/s/Hz
[71247 ms] [UE 22873] UL: SNR = 63.50 dB | SE = 20.778 bit/s/Hz
[71247 ms] [UE 30556] UL: SNR = 54.00 dB | SE = 17.669 bit/s/Hz
[71247 ms] [UE 20945] UL: SNR = 63.50 dB | SE = 20.778 bit/s/Hz
[71333 ms] [UE 45898] UL: SNR = 63.50 dB | SE = 20.778 bit/s/Hz
[71333 ms] [UE 36997] UL: SNR = 63.50 dB | SE = 20.778 bit/s/Hz
[71333 ms] [UE 48787] UL: SNR = 63.50 dB | SE = 20.778 bit/s/Hz
[71333 ms] [UE 40252] UL: SNR = 56.00 dB | SE = 18.324 bit/s/Hz
[71333 ms] [UE 15599] UL: SNR = 52.50 dB | SE = 17.179 bit/s/Hz
[71356 ms] [UE 33952] UL: SNR = 57.50 dB | SE = 18.815 bit/s/Hz
[71356 ms] [UE 12169] UL: SNR = 63.50 dB | SE = 20.778 bit/s/Hz
[71356 ms] [UE 22873] UL: SNR = 63.50 dB | SE = 20.778 bit/s/Hz
[71356 ms] [UE 30556] UL: SNR = 54.00 dB | SE = 17.669 bit/s/Hz
[71356 ms] [UE 20945] UL: SNR = 63.50 dB | SE = 20.778 bit/s/Hz
[71443 ms] [UE 45898] UL: SNR = 63.50 dB | SE = 20.778 bit/s/Hz
[71443 ms] [UE 36997] UL: SNR = 63.50 dB | SE = 20.778 bit/s/Hz
[71443 ms] [UE 48787] UL: SNR = 63.50 dB | SE = 20.778 bit/s/Hz
[71443 ms] [UE 40252] UL: SNR = 56.00 dB | SE = 18.324 bit/s/Hz
[71443 ms] [UE 15599] UL: SNR = 52.50 dB | SE = 17.179 bit/s/Hz
[71465 ms] [UE 33952] UL: SNR = 57.50 dB | SE = 18.815 bit/s/Hz
[71465 ms] [UE 12169] UL: SNR = 63.50 dB | SE = 20.778 bit/s/Hz
[71465 ms] [UE 22873] UL: SNR = 63.50 dB | SE = 20.778 bit/s/Hz
[71465 ms] [UE 30556] UL: SNR = 63.50 dB | SE = 20.778 bit/s/Hz
[71465 ms] [UE 20945] UL: SNR = 63.50 dB | SE = 20.778 bit/s/Hz
[71553 ms] [UE 45898] UL: SNR = 63.50 dB | SE = 20.778 bit/s/Hz
[71553 ms] [UE 36997] UL: SNR = 63.50 dB | SE = 20.778 bit/s/Hz
[71553 ms] [UE 48787] UL: SNR = 63.50 dB | SE = 20.778 bit/s/Hz
[71553 ms] [UE 40252] UL: SNR = 56.00 dB | SE = 18.324 bit/s/Hz
[71553 ms] [UE 15599] UL: SNR = 52.50 dB | SE = 17.179 bit/s/Hz
[71566 ms] [UE 33952] UL: SNR = 63.50 dB | SE = 20.778 bit/s/Hz
[71566 ms] [UE 12169] UL: SNR = 63.50 dB | SE = 20.778 bit/s/Hz
[71566 ms] [UE 22873] UL: SNR = 63.50 dB | SE = 20.778 bit/s/Hz
[71566 ms] [UE 30556] UL: SNR = 63.50 dB | SE = 20.778 bit/s/Hz
[71566 ms] [UE 20945] UL: SNR = 63.50 dB | SE = 20.778 bit/s/Hz
[71654 ms] [UE 45898] UL: SNR = 63.50 dB | SE = 20.778 bit/s/Hz
[71654 ms] [UE 36997] UL: SNR = 63.50 dB | SE = 20.778 bit/s/Hz
[71654 ms] [UE 48787] UL: SNR = 63.50 dB | SE = 20.778 bit/s/Hz
[71654 ms] [UE 40252] UL: SNR = 56.00 dB | SE = 18.324 bit/s/Hz
[71654 ms] [UE 15599] UL: SNR = 52.50 dB | SE = 17.179 bit/s/Hz
[71666 ms] [UE 33952] UL: SNR = 63.50 dB | SE = 20.778 bit/s/Hz
[71666 ms] [UE 12169] UL: SNR = 63.50 dB | SE = 20.778 bit/s/Hz
[71666 ms] [UE 22873] UL: SNR = 63.50 dB | SE = 20.778 bit/s/Hz
[71666 ms] [UE 30556] UL: SNR = 63.50 dB | SE = 20.778 bit/s/Hz
[71666 ms] [UE 20945] UL: SNR = 63.50 dB | SE = 20.778 bit/s/Hz
[71764 ms] [UE 45898] UL: SNR = 63.50 dB | SE = 20.778 bit/s/Hz
[71764 ms] [UE 36997] UL: SNR = 63.50 dB | SE = 20.778 bit/s/Hz
[71764 ms] [UE 48787] UL: SNR = 63.50 dB | SE = 20.778 bit/s/Hz
[71764 ms] [UE 40252] UL: SNR = 56.00 dB | SE = 18.324 bit/s/Hz
[71764 ms] [UE 15599] UL: SNR = 52.50 dB | SE = 17.179 bit/s/Hz
[71776 ms] [UE 33952] UL: SNR = 63.50 dB | SE = 20.778 bit/s/Hz
[71776 ms] [UE 12169] UL: SNR = 63.50 dB | SE = 20.778 bit/s/Hz
[71776 ms] [UE 22873] UL: SNR = 63.50 dB | SE = 20.778 bit/s/Hz
[71776 ms] [UE 30556] UL: SNR = 63.50 dB | SE = 20.778 bit/s/Hz
[71776 ms] [UE 20945] UL: SNR = 63.50 dB | SE = 20.778 bit/s/Hz
[71874 ms] [UE 45898] UL: SNR = 63.50 dB | SE = 20.778 bit/s/Hz
[71874 ms] [UE 36997] UL: SNR = 63.50 dB | SE = 20.778 bit/s/Hz
[71874 ms] [UE 48787] UL: SNR = 63.50 dB | SE = 20.778 bit/s/Hz
[71874 ms] [UE 40252] UL: SNR = 56.00 dB | SE = 18.324 bit/s/Hz
[71874 ms] [UE 15599] UL: SNR = 52.50 dB | SE = 17.179 bit/s/Hz
[71876 ms] [UE 33952] UL: SNR = 63.50 dB | SE = 20.778 bit/s/Hz
[71876 ms] [UE 12169] UL: SNR = 63.50 dB | SE = 20.778 bit/s/Hz
[71876 ms] [UE 22873] UL: SNR = 63.50 dB | SE = 20.778 bit/s/Hz
[71876 ms] [UE 30556] UL: SNR = 63.50 dB | SE = 20.778 bit/s/Hz
[71876 ms] [UE 20945] UL: SNR = 63.50 dB | SE = 20.778 bit/s/Hz
[71983 ms] [UE 45898] UL: SNR = 63.50 dB | SE = 20.778 bit/s/Hz
[71983 ms] [UE 36997] UL: SNR = 63.50 dB | SE = 20.778 bit/s/Hz
[71983 ms] [UE 48787] UL: SNR = 63.50 dB | SE = 20.778 bit/s/Hz
[71983 ms] [UE 40252] UL: SNR = 56.00 dB | SE = 18.324 bit/s/Hz
[71983 ms] [UE 15599] UL: SNR = 52.50 dB | SE = 17.179 bit/s/Hz
[71986 ms] [UE 33952] UL: SNR = 63.50 dB | SE = 20.778 bit/s/Hz
[71986 ms] [UE 12169] UL: SNR = 63.50 dB | SE = 20.778 bit/s/Hz
[71986 ms] [UE 22873] UL: SNR = 63.50 dB | SE = 20.778 bit/s/Hz
[71986 ms] [UE 30556] UL: SNR = 63.50 dB | SE = 20.778 bit/s/Hz
[71986 ms] [UE 20945] UL: SNR = 63.50 dB | SE = 20.778 bit/s/Hz
[72093 ms] [UE 45898] UL: SNR = 63.50 dB | SE = 20.778 bit/s/Hz
[72093 ms] [UE 36997] UL: SNR = 63.50 dB | SE = 20.778 bit/s/Hz
[72093 ms] [UE 48787] UL: SNR = 63.50 dB | SE = 20.778 bit/s/Hz
[72093 ms] [UE 40252] UL: SNR = 56.00 dB | SE = 18.324 bit/s/Hz
[72093 ms] [UE 15599] UL: SNR = 52.50 dB | SE = 17.179 bit/s/Hz
[72095 ms] [UE 33952] UL: SNR = 63.50 dB | SE = 20.778 bit/s/Hz
[72095 ms] [UE 12169] UL: SNR = 63.50 dB | SE = 20.778 bit/s/Hz
[72095 ms] [UE 22873] UL: SNR = 63.50 dB | SE = 20.778 bit/s/Hz
[72095 ms] [UE 30556] UL: SNR = 63.50 dB | SE = 20.778 bit/s/Hz
[72095 ms] [UE 20945] UL: SNR = 63.50 dB | SE = 20.778 bit/s/Hz
[72193 ms] [UE 45898] UL: SNR = 63.50 dB | SE = 20.778 bit/s/Hz
[72193 ms] [UE 36997] UL: SNR = 63.50 dB | SE = 20.778 bit/s/Hz
[72193 ms] [UE 48787] UL: SNR = 63.50 dB | SE = 20.778 bit/s/Hz
[72193 ms] [UE 40252] UL: SNR = 56.00 dB | SE = 18.324 bit/s/Hz
[72193 ms] [UE 15599] UL: SNR = 52.50 dB | SE = 17.179 bit/s/Hz
[72195 ms] [UE 33952] UL: SNR = 63.50 dB | SE = 20.778 bit/s/Hz
[72195 ms] [UE 12169] UL: SNR = 63.50 dB | SE = 20.778 bit/s/Hz
[72195 ms] [UE 22873] UL: SNR = 63.50 dB | SE = 20.778 bit/s/Hz
[72195 ms] [UE 30556] UL: SNR = 63.50 dB | SE = 20.778 bit/s/Hz
[72195 ms] [UE 20945] UL: SNR = 63.50 dB | SE = 20.778 bit/s/Hz
[72296 ms] [UE 33952] UL: SNR = 63.50 dB | SE = 20.778 bit/s/Hz
[72296 ms] [UE 12169] UL: SNR = 63.50 dB | SE = 20.778 bit/s/Hz
[72296 ms] [UE 22873] UL: SNR = 63.50 dB | SE = 20.778 bit/s/Hz
[72296 ms] [UE 30556] UL: SNR = 63.50 dB | SE = 20.778 bit/s/Hz
[72296 ms] [UE 20945] UL: SNR = 63.50 dB | SE = 20.778 bit/s/Hz
[72303 ms] [UE 45898] UL: SNR = 63.50 dB | SE = 20.778 bit/s/Hz
[72303 ms] [UE 36997] UL: SNR = 63.50 dB | SE = 20.778 bit/s/Hz
[72303 ms] [UE 48787] UL: SNR = 63.50 dB | SE = 20.778 bit/s/Hz
[72303 ms] [UE 40252] UL: SNR = 56.00 dB | SE = 18.324 bit/s/Hz
[72303 ms] [UE 15599] UL: SNR = 52.50 dB | SE = 17.179 bit/s/Hz
[72403 ms] [UE 45898] UL: SNR = 63.50 dB | SE = 20.778 bit/s/Hz
[72403 ms] [UE 36997] UL: SNR = 63.50 dB | SE = 20.778 bit/s/Hz
[72403 ms] [UE 48787] UL: SNR = 63.50 dB | SE = 20.778 bit/s/Hz
[72403 ms] [UE 40252] UL: SNR = 56.00 dB | SE = 18.324 bit/s/Hz
[72403 ms] [UE 15599] UL: SNR = 52.50 dB | SE = 17.179 bit/s/Hz
[72405 ms] [UE 33952] UL: SNR = 63.50 dB | SE = 20.778 bit/s/Hz
[72405 ms] [UE 12169] UL: SNR = 63.50 dB | SE = 20.778 bit/s/Hz
[72405 ms] [UE 22873] UL: SNR = 63.50 dB | SE = 20.778 bit/s/Hz
[72405 ms] [UE 30556] UL: SNR = 63.50 dB | SE = 20.778 bit/s/Hz
[72405 ms] [UE 20945] UL: SNR = 63.50 dB | SE = 20.778 bit/s/Hz
[72503 ms] [UE 45898] UL: SNR = 63.50 dB | SE = 20.778 bit/s/Hz
[72503 ms] [UE 36997] UL: SNR = 63.50 dB | SE = 20.778 bit/s/Hz
[72503 ms] [UE 48787] UL: SNR = 63.50 dB | SE = 20.778 bit/s/Hz
[72503 ms] [UE 40252] UL: SNR = 56.00 dB | SE = 18.324 bit/s/Hz
[72503 ms] [UE 15599] UL: SNR = 52.50 dB | SE = 17.179 bit/s/Hz
[72506 ms] [UE 33952] UL: SNR = 63.50 dB | SE = 20.778 bit/s/Hz
[72506 ms] [UE 12169] UL: SNR = 63.50 dB | SE = 20.778 bit/s/Hz
[72506 ms] [UE 22873] UL: SNR = 63.50 dB | SE = 20.778 bit/s/Hz
[72506 ms] [UE 30556] UL: SNR = 63.50 dB | SE = 20.778 bit/s/Hz
[72506 ms] [UE 20945] UL: SNR = 63.50 dB | SE = 20.778 bit/s/Hz
[72606 ms] [UE 33952] UL: SNR = 63.50 dB | SE = 20.778 bit/s/Hz
[72606 ms] [UE 12169] UL: SNR = 63.50 dB | SE = 20.778 bit/s/Hz
[72606 ms] [UE 22873] UL: SNR = 63.50 dB | SE = 20.778 bit/s/Hz
[72606 ms] [UE 30556] UL: SNR = 63.50 dB | SE = 20.778 bit/s/Hz
[72606 ms] [UE 20945] UL: SNR = 63.50 dB | SE = 20.778 bit/s/Hz
[72614 ms] [UE 45898] UL: SNR = 63.50 dB | SE = 20.778 bit/s/Hz
[72614 ms] [UE 36997] UL: SNR = 63.50 dB | SE = 20.778 bit/s/Hz
[72614 ms] [UE 48787] UL: SNR = 63.50 dB | SE = 20.778 bit/s/Hz
[72614 ms] [UE 40252] UL: SNR = 56.00 dB | SE = 18.324 bit/s/Hz
[72614 ms] [UE 15599] UL: SNR = 52.50 dB | SE = 17.179 bit/s/Hz
[72706 ms] [UE 33952] UL: SNR = 63.50 dB | SE = 20.778 bit/s/Hz
[72706 ms] [UE 12169] UL: SNR = 63.50 dB | SE = 20.778 bit/s/Hz
[72706 ms] [UE 22873] UL: SNR = 63.50 dB | SE = 20.778 bit/s/Hz
[72706 ms] [UE 30556] UL: SNR = 63.50 dB | SE = 20.778 bit/s/Hz
[72706 ms] [UE 20945] UL: SNR = 63.50 dB | SE = 20.778 bit/s/Hz
[72723 ms] [UE 45898] UL: SNR = 63.50 dB | SE = 20.778 bit/s/Hz
[72723 ms] [UE 36997] UL: SNR = 63.50 dB | SE = 20.778 bit/s/Hz
[72723 ms] [UE 48787] UL: SNR = 63.50 dB | SE = 20.778 bit/s/Hz
[72723 ms] [UE 40252] UL: SNR = 56.00 dB | SE = 18.324 bit/s/Hz
[72723 ms] [UE 15599] UL: SNR = 52.50 dB | SE = 17.179 bit/s/Hz
[72815 ms] [UE 33952] UL: SNR = 63.50 dB | SE = 20.778 bit/s/Hz
[72815 ms] [UE 12169] UL: SNR = 63.50 dB | SE = 20.778 bit/s/Hz
[72815 ms] [UE 22873] UL: SNR = 63.50 dB | SE = 20.778 bit/s/Hz
[72815 ms] [UE 30556] UL: SNR = 63.50 dB | SE = 20.778 bit/s/Hz
[72815 ms] [UE 20945] UL: SNR = 63.50 dB | SE = 20.778 bit/s/Hz
[72833 ms] [UE 45898] UL: SNR = 63.50 dB | SE = 20.778 bit/s/Hz
[72833 ms] [UE 36997] UL: SNR = 63.50 dB | SE = 20.778 bit/s/Hz
[72833 ms] [UE 48787] UL: SNR = 63.50 dB | SE = 20.778 bit/s/Hz
[72833 ms] [UE 40252] UL: SNR = 56.00 dB | SE = 18.324 bit/s/Hz
[72833 ms] [UE 15599] UL: SNR = 52.50 dB | SE = 17.179 bit/s/Hz
[72915 ms] [UE 33952] UL: SNR = 63.50 dB | SE = 20.778 bit/s/Hz
[72915 ms] [UE 12169] UL: SNR = 63.50 dB | SE = 20.778 bit/s/Hz
[72915 ms] [UE 22873] UL: SNR = 63.50 dB | SE = 20.778 bit/s/Hz
[72915 ms] [UE 30556] UL: SNR = 63.50 dB | SE = 20.778 bit/s/Hz
[72915 ms] [UE 20945] UL: SNR = 63.50 dB | SE = 20.778 bit/s/Hz
[72933 ms] [UE 45898] UL: SNR = 63.50 dB | SE = 20.778 bit/s/Hz
[72933 ms] [UE 36997] UL: SNR = 63.50 dB | SE = 20.778 bit/s/Hz
[72933 ms] [UE 48787] UL: SNR = 63.50 dB | SE = 20.778 bit/s/Hz
[72933 ms] [UE 40252] UL: SNR = 56.00 dB | SE = 18.324 bit/s/Hz
[72933 ms] [UE 15599] UL: SNR = 52.50 dB | SE = 17.179 bit/s/Hz
[73016 ms] [UE 33952] UL: SNR = 63.50 dB | SE = 20.778 bit/s/Hz
[73016 ms] [UE 12169] UL: SNR = 63.50 dB | SE = 20.778 bit/s/Hz
[73016 ms] [UE 22873] UL: SNR = 63.50 dB | SE = 20.778 bit/s/Hz
[73016 ms] [UE 30556] UL: SNR = 63.50 dB | SE = 20.778 bit/s/Hz
[73016 ms] [UE 20945] UL: SNR = 63.50 dB | SE = 20.778 bit/s/Hz
[73044 ms] [UE 45898] UL: SNR = 63.50 dB | SE = 20.778 bit/s/Hz
[73044 ms] [UE 36997] UL: SNR = 63.50 dB | SE = 20.778 bit/s/Hz
[73044 ms] [UE 48787] UL: SNR = 63.50 dB | SE = 20.778 bit/s/Hz
[73044 ms] [UE 40252] UL: SNR = 56.00 dB | SE = 18.324 bit/s/Hz
[73044 ms] [UE 15599] UL: SNR = 52.50 dB | SE = 17.179 bit/s/Hz
[73119 ms] [UE 33952] UL: SNR = 63.50 dB | SE = 20.778 bit/s/Hz
[73119 ms] [UE 12169] UL: SNR = 63.50 dB | SE = 20.778 bit/s/Hz
[73119 ms] [UE 22873] UL: SNR = 63.50 dB | SE = 20.778 bit/s/Hz
[73119 ms] [UE 30556] UL: SNR = 63.50 dB | SE = 20.778 bit/s/Hz
[73119 ms] [UE 20945] UL: SNR = 63.50 dB | SE = 20.778 bit/s/Hz
[73156 ms] [UE 45898] UL: SNR = 63.50 dB | SE = 20.778 bit/s/Hz
[73156 ms] [UE 36997] UL: SNR = 63.50 dB | SE = 20.778 bit/s/Hz
[73156 ms] [UE 48787] UL: SNR = 63.50 dB | SE = 20.778 bit/s/Hz
[73156 ms] [UE 40252] UL: SNR = 56.00 dB | SE = 18.324 bit/s/Hz
[73156 ms] [UE 15599] UL: SNR = 52.50 dB | SE = 17.179 bit/s/Hz
[73227 ms] [UE 33952] UL: SNR = 63.50 dB | SE = 20.778 bit/s/Hz
[73227 ms] [UE 12169] UL: SNR = 63.50 dB | SE = 20.778 bit/s/Hz
[73227 ms] [UE 22873] UL: SNR = 63.50 dB | SE = 20.778 bit/s/Hz
[73227 ms] [UE 30556] UL: SNR = 63.50 dB | SE = 20.778 bit/s/Hz
[73227 ms] [UE 20945] UL: SNR = 63.50 dB | SE = 20.778 bit/s/Hz
[73263 ms] [UE 45898] UL: SNR = 63.50 dB | SE = 20.778 bit/s/Hz
[73263 ms] [UE 36997] UL: SNR = 63.50 dB | SE = 20.778 bit/s/Hz
[73263 ms] [UE 48787] UL: SNR = 63.50 dB | SE = 20.778 bit/s/Hz
[73263 ms] [UE 40252] UL: SNR = 56.00 dB | SE = 18.324 bit/s/Hz
[73263 ms] [UE 15599] UL: SNR = 52.50 dB | SE = 17.179 bit/s/Hz
[73336 ms] [UE 33952] UL: SNR = 63.50 dB | SE = 20.778 bit/s/Hz
[73336 ms] [UE 12169] UL: SNR = 63.50 dB | SE = 20.778 bit/s/Hz
[73336 ms] [UE 22873] UL: SNR = 63.50 dB | SE = 20.778 bit/s/Hz
[73336 ms] [UE 30556] UL: SNR = 63.50 dB | SE = 20.778 bit/s/Hz
[73336 ms] [UE 20945] UL: SNR = 63.50 dB | SE = 20.778 bit/s/Hz
[73373 ms] [UE 45898] UL: SNR = 63.50 dB | SE = 20.778 bit/s/Hz
[73373 ms] [UE 36997] UL: SNR = 63.50 dB | SE = 20.778 bit/s/Hz
[73373 ms] [UE 48787] UL: SNR = 63.50 dB | SE = 20.778 bit/s/Hz
[73373 ms] [UE 40252] UL: SNR = 56.00 dB | SE = 18.324 bit/s/Hz
[73373 ms] [UE 15599] UL: SNR = 52.50 dB | SE = 17.179 bit/s/Hz
[73436 ms] [UE 33952] UL: SNR = 63.50 dB | SE = 20.778 bit/s/Hz
[73436 ms] [UE 12169] UL: SNR = 63.50 dB | SE = 20.778 bit/s/Hz
[73436 ms] [UE 22873] UL: SNR = 63.50 dB | SE = 20.778 bit/s/Hz
[73436 ms] [UE 30556] UL: SNR = 63.50 dB | SE = 20.778 bit/s/Hz
[73436 ms] [UE 20945] UL: SNR = 63.50 dB | SE = 20.778 bit/s/Hz
[73483 ms] [UE 45898] UL: SNR = 63.50 dB | SE = 20.778 bit/s/Hz
[73483 ms] [UE 36997] UL: SNR = 63.50 dB | SE = 20.778 bit/s/Hz
[73483 ms] [UE 48787] UL: SNR = 63.50 dB | SE = 20.778 bit/s/Hz
[73483 ms] [UE 40252] UL: SNR = 56.00 dB | SE = 18.324 bit/s/Hz
[73483 ms] [UE 15599] UL: SNR = 52.50 dB | SE = 17.179 bit/s/Hz
[73546 ms] [UE 33952] UL: SNR = 63.50 dB | SE = 20.778 bit/s/Hz
[73546 ms] [UE 12169] UL: SNR = 63.50 dB | SE = 20.778 bit/s/Hz
[73546 ms] [UE 22873] UL: SNR = 63.50 dB | SE = 20.778 bit/s/Hz
[73546 ms] [UE 30556] UL: SNR = 63.50 dB | SE = 20.778 bit/s/Hz
[73546 ms] [UE 20945] UL: SNR = 63.50 dB | SE = 20.778 bit/s/Hz
[73584 ms] [UE 45898] UL: SNR = 63.50 dB | SE = 20.778 bit/s/Hz
[73584 ms] [UE 36997] UL: SNR = 63.50 dB | SE = 20.778 bit/s/Hz
[73584 ms] [UE 48787] UL: SNR = 63.50 dB | SE = 20.778 bit/s/Hz
[73584 ms] [UE 40252] UL: SNR = 56.00 dB | SE = 18.324 bit/s/Hz
[73584 ms] [UE 15599] UL: SNR = 52.50 dB | SE = 17.179 bit/s/Hz
[73646 ms] [UE 33952] UL: SNR = 63.50 dB | SE = 20.778 bit/s/Hz
[73646 ms] [UE 12169] UL: SNR = 63.50 dB | SE = 20.778 bit/s/Hz
[73646 ms] [UE 22873] UL: SNR = 63.50 dB | SE = 20.778 bit/s/Hz
[73646 ms] [UE 30556] UL: SNR = 63.50 dB | SE = 20.778 bit/s/Hz
[73646 ms] [UE 20945] UL: SNR = 63.50 dB | SE = 20.778 bit/s/Hz
[73693 ms] [UE 45898] UL: SNR = 63.50 dB | SE = 20.778 bit/s/Hz
[73693 ms] [UE 36997] UL: SNR = 63.50 dB | SE = 20.778 bit/s/Hz
[73693 ms] [UE 48787] UL: SNR = 63.50 dB | SE = 20.778 bit/s/Hz
[73693 ms] [UE 40252] UL: SNR = 56.00 dB | SE = 18.324 bit/s/Hz
[73693 ms] [UE 15599] UL: SNR = 52.50 dB | SE = 17.179 bit/s/Hz
[73758 ms] [UE 33952] UL: SNR = 63.50 dB | SE = 20.778 bit/s/Hz
[73758 ms] [UE 12169] UL: SNR = 63.50 dB | SE = 20.778 bit/s/Hz
[73758 ms] [UE 22873] UL: SNR = 63.50 dB | SE = 20.778 bit/s/Hz
[73758 ms] [UE 30556] UL: SNR = 63.50 dB | SE = 20.778 bit/s/Hz
[73758 ms] [UE 20945] UL: SNR = 63.50 dB | SE = 20.778 bit/s/Hz
[73794 ms] [UE 45898] UL: SNR = 63.50 dB | SE = 20.778 bit/s/Hz
[73794 ms] [UE 36997] UL: SNR = 63.50 dB | SE = 20.778 bit/s/Hz
[73794 ms] [UE 48787] UL: SNR = 63.50 dB | SE = 20.778 bit/s/Hz
[73794 ms] [UE 40252] UL: SNR = 56.00 dB | SE = 18.324 bit/s/Hz
[73794 ms] [UE 15599] UL: SNR = 52.50 dB | SE = 17.179 bit/s/Hz
[73866 ms] [UE 33952] UL: SNR = 63.50 dB | SE = 20.778 bit/s/Hz
[73866 ms] [UE 12169] UL: SNR = 63.50 dB | SE = 20.778 bit/s/Hz
[73866 ms] [UE 22873] UL: SNR = 63.50 dB | SE = 20.778 bit/s/Hz
[73866 ms] [UE 30556] UL: SNR = 63.50 dB | SE = 20.778 bit/s/Hz
[73866 ms] [UE 20945] UL: SNR = 63.50 dB | SE = 20.778 bit/s/Hz
[73903 ms] [UE 45898] UL: SNR = 63.50 dB | SE = 20.778 bit/s/Hz
[73903 ms] [UE 36997] UL: SNR = 63.50 dB | SE = 20.778 bit/s/Hz
[73903 ms] [UE 48787] UL: SNR = 63.50 dB | SE = 20.778 bit/s/Hz
[73903 ms] [UE 40252] UL: SNR = 56.00 dB | SE = 18.324 bit/s/Hz
[73903 ms] [UE 15599] UL: SNR = 52.50 dB | SE = 17.179 bit/s/Hz
[73976 ms] [UE 33952] UL: SNR = 63.50 dB | SE = 20.778 bit/s/Hz
[73976 ms] [UE 12169] UL: SNR = 63.50 dB | SE = 20.778 bit/s/Hz
[73976 ms] [UE 22873] UL: SNR = 63.50 dB | SE = 20.778 bit/s/Hz
[73976 ms] [UE 30556] UL: SNR = 63.50 dB | SE = 20.778 bit/s/Hz
[73976 ms] [UE 20945] UL: SNR = 63.50 dB | SE = 20.778 bit/s/Hz
[74004 ms] [UE 45898] UL: SNR = 63.50 dB | SE = 20.778 bit/s/Hz
[74004 ms] [UE 36997] UL: SNR = 63.50 dB | SE = 20.778 bit/s/Hz
[74004 ms] [UE 48787] UL: SNR = 63.50 dB | SE = 20.778 bit/s/Hz
[74004 ms] [UE 40252] UL: SNR = 56.00 dB | SE = 18.324 bit/s/Hz
[74004 ms] [UE 15599] UL: SNR = 52.50 dB | SE = 17.179 bit/s/Hz
[74086 ms] [UE 33952] UL: SNR = 63.50 dB | SE = 20.778 bit/s/Hz
[74086 ms] [UE 12169] UL: SNR = 63.50 dB | SE = 20.778 bit/s/Hz
[74086 ms] [UE 22873] UL: SNR = 63.50 dB | SE = 20.778 bit/s/Hz
[74086 ms] [UE 30556] UL: SNR = 7.50 dB | SE = 2.687 bit/s/Hz
[74086 ms] [UE 20945] UL: SNR = 63.50 dB | SE = 20.778 bit/s/Hz
[74113 ms] [UE 45898] UL: SNR = 63.50 dB | SE = 20.778 bit/s/Hz
[74113 ms] [UE 36997] UL: SNR = 63.50 dB | SE = 20.778 bit/s/Hz
[74113 ms] [UE 48787] UL: SNR = 63.50 dB | SE = 20.778 bit/s/Hz
[74113 ms] [UE 40252] UL: SNR = 56.00 dB | SE = 18.324 bit/s/Hz
[74113 ms] [UE 15599] UL: SNR = 52.50 dB | SE = 17.179 bit/s/Hz
[74196 ms] [UE 33952] UL: SNR = 63.50 dB | SE = 20.778 bit/s/Hz
[74196 ms] [UE 12169] UL: SNR = 63.50 dB | SE = 20.778 bit/s/Hz
[74196 ms] [UE 22873] UL: SNR = 63.50 dB | SE = 20.778 bit/s/Hz
[74196 ms] [UE 30556] UL: SNR = 7.50 dB | SE = 2.687 bit/s/Hz
[74196 ms] [UE 20945] UL: SNR = 63.50 dB | SE = 20.778 bit/s/Hz
[74214 ms] [UE 45898] UL: SNR = 63.50 dB | SE = 20.778 bit/s/Hz
[74214 ms] [UE 36997] UL: SNR = 63.50 dB | SE = 20.778 bit/s/Hz
[74214 ms] [UE 48787] UL: SNR = 63.50 dB | SE = 20.778 bit/s/Hz
[74214 ms] [UE 40252] UL: SNR = 56.00 dB | SE = 18.324 bit/s/Hz
[74214 ms] [UE 15599] UL: SNR = 52.50 dB | SE = 17.179 bit/s/Hz
[74306 ms] [UE 33952] UL: SNR = 63.50 dB | SE = 20.778 bit/s/Hz
[74306 ms] [UE 12169] UL: SNR = 63.50 dB | SE = 20.778 bit/s/Hz
[74306 ms] [UE 22873] UL: SNR = 8.50 dB | SE = 2.969 bit/s/Hz
[74306 ms] [UE 30556] UL: SNR = 51.50 dB | SE = 16.851 bit/s/Hz
[74306 ms] [UE 20945] UL: SNR = 63.50 dB | SE = 20.778 bit/s/Hz
[74323 ms] [UE 45898] UL: SNR = 63.50 dB | SE = 20.778 bit/s/Hz
[74323 ms] [UE 36997] UL: SNR = 63.50 dB | SE = 20.778 bit/s/Hz
[74323 ms] [UE 48787] UL: SNR = 63.50 dB | SE = 20.778 bit/s/Hz
[74323 ms] [UE 40252] UL: SNR = 56.00 dB | SE = 18.324 bit/s/Hz
[74323 ms] [UE 15599] UL: SNR = 52.50 dB | SE = 17.179 bit/s/Hz
[74415 ms] [UE 33952] UL: SNR = 63.50 dB | SE = 20.778 bit/s/Hz
[74415 ms] [UE 12169] UL: SNR = 63.50 dB | SE = 20.778 bit/s/Hz
[74415 ms] [UE 22873] UL: SNR = 8.50 dB | SE = 2.969 bit/s/Hz
[74415 ms] [UE 30556] UL: SNR = 51.50 dB | SE = 16.851 bit/s/Hz
[74415 ms] [UE 20945] UL: SNR = 63.50 dB | SE = 20.778 bit/s/Hz
[74423 ms] [UE 45898] UL: SNR = 63.50 dB | SE = 20.778 bit/s/Hz
[74423 ms] [UE 36997] UL: SNR = 63.50 dB | SE = 20.778 bit/s/Hz
[74423 ms] [UE 48787] UL: SNR = 63.50 dB | SE = 20.778 bit/s/Hz
[74423 ms] [UE 40252] UL: SNR = 56.00 dB | SE = 18.324 bit/s/Hz
[74423 ms] [UE 15599] UL: SNR = 52.50 dB | SE = 17.179 bit/s/Hz
[74516 ms] [UE 33952] UL: SNR = 63.50 dB | SE = 20.778 bit/s/Hz
[74516 ms] [UE 12169] UL: SNR = 63.50 dB | SE = 20.778 bit/s/Hz
[74516 ms] [UE 22873] UL: SNR = 8.50 dB | SE = 2.969 bit/s/Hz
[74516 ms] [UE 30556] UL: SNR = 51.50 dB | SE = 16.851 bit/s/Hz
[74516 ms] [UE 20945] UL: SNR = 63.50 dB | SE = 20.778 bit/s/Hz
[74533 ms] [UE 45898] UL: SNR = 63.50 dB | SE = 20.778 bit/s/Hz
[74533 ms] [UE 36997] UL: SNR = 63.50 dB | SE = 20.778 bit/s/Hz
[74533 ms] [UE 48787] UL: SNR = 63.50 dB | SE = 20.778 bit/s/Hz
[74533 ms] [UE 40252] UL: SNR = 56.00 dB | SE = 18.324 bit/s/Hz
[74533 ms] [UE 15599] UL: SNR = 52.50 dB | SE = 17.179 bit/s/Hz
[74625 ms] [UE 33952] UL: SNR = 63.50 dB | SE = 20.778 bit/s/Hz
[74625 ms] [UE 12169] UL: SNR = 63.50 dB | SE = 20.778 bit/s/Hz
[74625 ms] [UE 22873] UL: SNR = 8.50 dB | SE = 2.969 bit/s/Hz
[74625 ms] [UE 30556] UL: SNR = 51.50 dB | SE = 16.851 bit/s/Hz
[74625 ms] [UE 20945] UL: SNR = 63.50 dB | SE = 20.778 bit/s/Hz
[74633 ms] [UE 45898] UL: SNR = 63.50 dB | SE = 20.778 bit/s/Hz
[74633 ms] [UE 36997] UL: SNR = 63.50 dB | SE = 20.778 bit/s/Hz
[74633 ms] [UE 48787] UL: SNR = 63.50 dB | SE = 20.778 bit/s/Hz
[74633 ms] [UE 40252] UL: SNR = 56.00 dB | SE = 18.324 bit/s/Hz
[74633 ms] [UE 15599] UL: SNR = 52.50 dB | SE = 17.179 bit/s/Hz
[74727 ms] [UE 33952] UL: SNR = 63.50 dB | SE = 20.778 bit/s/Hz
[74727 ms] [UE 12169] UL: SNR = 63.50 dB | SE = 20.778 bit/s/Hz
[74727 ms] [UE 22873] UL: SNR = 8.50 dB | SE = 2.969 bit/s/Hz
[74727 ms] [UE 30556] UL: SNR = 53.50 dB | SE = 17.506 bit/s/Hz
[74727 ms] [UE 20945] UL: SNR = 63.50 dB | SE = 20.778 bit/s/Hz
[74733 ms] [UE 45898] UL: SNR = 63.50 dB | SE = 20.778 bit/s/Hz
[74733 ms] [UE 36997] UL: SNR = 63.50 dB | SE = 20.778 bit/s/Hz
[74733 ms] [UE 48787] UL: SNR = 63.50 dB | SE = 20.778 bit/s/Hz
[74733 ms] [UE 40252] UL: SNR = 56.00 dB | SE = 18.324 bit/s/Hz
[74733 ms] [UE 15599] UL: SNR = 52.50 dB | SE = 17.179 bit/s/Hz
[74833 ms] [UE 45898] UL: SNR = 63.50 dB | SE = 20.778 bit/s/Hz
[74833 ms] [UE 36997] UL: SNR = 63.50 dB | SE = 20.778 bit/s/Hz
[74833 ms] [UE 48787] UL: SNR = 63.50 dB | SE = 20.778 bit/s/Hz
[74833 ms] [UE 40252] UL: SNR = 56.00 dB | SE = 18.324 bit/s/Hz
[74833 ms] [UE 15599] UL: SNR = 52.50 dB | SE = 17.179 bit/s/Hz
[74836 ms] [UE 33952] UL: SNR = 63.50 dB | SE = 20.778 bit/s/Hz
[74836 ms] [UE 12169] UL: SNR = 63.50 dB | SE = 20.778 bit/s/Hz
[74836 ms] [UE 22873] UL: SNR = 8.50 dB | SE = 2.969 bit/s/Hz
[74836 ms] [UE 30556] UL: SNR = 53.50 dB | SE = 17.506 bit/s/Hz
[74836 ms] [UE 20945] UL: SNR = 63.50 dB | SE = 20.778 bit/s/Hz
[74934 ms] [UE 45898] UL: SNR = 63.50 dB | SE = 20.778 bit/s/Hz
[74934 ms] [UE 36997] UL: SNR = 63.50 dB | SE = 20.778 bit/s/Hz
[74934 ms] [UE 48787] UL: SNR = 63.50 dB | SE = 20.778 bit/s/Hz
[74934 ms] [UE 40252] UL: SNR = 56.00 dB | SE = 18.324 bit/s/Hz
[74934 ms] [UE 15599] UL: SNR = 52.50 dB | SE = 17.179 bit/s/Hz
[74936 ms] [UE 33952] UL: SNR = 63.50 dB | SE = 20.778 bit/s/Hz
[74936 ms] [UE 12169] UL: SNR = 63.50 dB | SE = 20.778 bit/s/Hz
[74936 ms] [UE 22873] UL: SNR = 8.50 dB | SE = 2.969 bit/s/Hz
[74936 ms] [UE 30556] UL: SNR = 53.50 dB | SE = 17.506 bit/s/Hz
[74936 ms] [UE 20945] UL: SNR = 63.50 dB | SE = 20.778 bit/s/Hz
[75034 ms] [UE 45898] UL: SNR = 63.50 dB | SE = 20.778 bit/s/Hz
[75034 ms] [UE 36997] UL: SNR = 63.50 dB | SE = 20.778 bit/s/Hz
[75034 ms] [UE 48787] UL: SNR = 63.50 dB | SE = 20.778 bit/s/Hz
[75034 ms] [UE 40252] UL: SNR = 56.00 dB | SE = 18.324 bit/s/Hz
[75034 ms] [UE 15599] UL: SNR = 52.50 dB | SE = 17.179 bit/s/Hz
[75036 ms] [UE 33952] UL: SNR = 63.50 dB | SE = 20.778 bit/s/Hz
[75036 ms] [UE 12169] UL: SNR = 63.50 dB | SE = 20.778 bit/s/Hz
[75036 ms] [UE 22873] UL: SNR = 8.50 dB | SE = 2.969 bit/s/Hz
[75036 ms] [UE 30556] UL: SNR = 54.00 dB | SE = 17.669 bit/s/Hz
[75036 ms] [UE 20945] UL: SNR = 63.50 dB | SE = 20.778 bit/s/Hz
[75143 ms] [UE 45898] UL: SNR = 63.50 dB | SE = 20.778 bit/s/Hz
[75143 ms] [UE 36997] UL: SNR = 63.50 dB | SE = 20.778 bit/s/Hz
[75143 ms] [UE 48787] UL: SNR = 63.50 dB | SE = 20.778 bit/s/Hz
[75143 ms] [UE 40252] UL: SNR = 56.00 dB | SE = 18.324 bit/s/Hz
[75143 ms] [UE 15599] UL: SNR = 52.50 dB | SE = 17.179 bit/s/Hz
[75146 ms] [UE 33952] UL: SNR = 63.50 dB | SE = 20.778 bit/s/Hz
[75146 ms] [UE 12169] UL: SNR = 63.50 dB | SE = 20.778 bit/s/Hz
[75146 ms] [UE 22873] UL: SNR = 8.50 dB | SE = 2.969 bit/s/Hz
[75146 ms] [UE 30556] UL: SNR = 54.00 dB | SE = 17.669 bit/s/Hz
[75146 ms] [UE 20945] UL: SNR = 63.50 dB | SE = 20.778 bit/s/Hz
[75247 ms] [UE 33952] UL: SNR = 63.50 dB | SE = 20.778 bit/s/Hz
[75247 ms] [UE 12169] UL: SNR = 63.50 dB | SE = 20.778 bit/s/Hz
[75247 ms] [UE 22873] UL: SNR = 8.50 dB | SE = 2.969 bit/s/Hz
[75247 ms] [UE 30556] UL: SNR = 63.50 dB | SE = 20.778 bit/s/Hz
[75247 ms] [UE 20945] UL: SNR = 63.50 dB | SE = 20.778 bit/s/Hz
[75253 ms] [UE 45898] UL: SNR = 63.50 dB | SE = 20.778 bit/s/Hz
[75253 ms] [UE 36997] UL: SNR = 63.50 dB | SE = 20.778 bit/s/Hz
[75253 ms] [UE 48787] UL: SNR = 63.50 dB | SE = 20.778 bit/s/Hz
[75253 ms] [UE 40252] UL: SNR = 56.00 dB | SE = 18.324 bit/s/Hz
[75253 ms] [UE 15599] UL: SNR = 52.50 dB | SE = 17.179 bit/s/Hz
[75355 ms] [UE 33952] UL: SNR = 63.50 dB | SE = 20.778 bit/s/Hz
[75355 ms] [UE 12169] UL: SNR = 63.50 dB | SE = 20.778 bit/s/Hz
[75355 ms] [UE 22873] UL: SNR = 8.50 dB | SE = 2.969 bit/s/Hz
[75355 ms] [UE 30556] UL: SNR = 63.50 dB | SE = 20.778 bit/s/Hz
[75355 ms] [UE 20945] UL: SNR = 63.50 dB | SE = 20.778 bit/s/Hz
[75363 ms] [UE 45898] UL: SNR = 63.50 dB | SE = 20.778 bit/s/Hz
[75363 ms] [UE 36997] UL: SNR = 63.50 dB | SE = 20.778 bit/s/Hz
[75363 ms] [UE 48787] UL: SNR = 63.50 dB | SE = 20.778 bit/s/Hz
[75363 ms] [UE 40252] UL: SNR = 56.00 dB | SE = 18.324 bit/s/Hz
[75363 ms] [UE 15599] UL: SNR = 52.50 dB | SE = 17.179 bit/s/Hz
[75456 ms] [UE 33952] UL: SNR = 63.50 dB | SE = 20.778 bit/s/Hz
[75456 ms] [UE 12169] UL: SNR = 63.50 dB | SE = 20.778 bit/s/Hz
[75456 ms] [UE 22873] UL: SNR = 8.50 dB | SE = 2.969 bit/s/Hz
[75456 ms] [UE 30556] UL: SNR = 63.50 dB | SE = 20.778 bit/s/Hz
[75456 ms] [UE 20945] UL: SNR = 63.50 dB | SE = 20.778 bit/s/Hz
[75464 ms] [UE 45898] UL: SNR = 63.50 dB | SE = 20.778 bit/s/Hz
[75464 ms] [UE 36997] UL: SNR = 63.50 dB | SE = 20.778 bit/s/Hz
[75464 ms] [UE 48787] UL: SNR = 63.50 dB | SE = 20.778 bit/s/Hz
[75464 ms] [UE 40252] UL: SNR = 56.00 dB | SE = 18.324 bit/s/Hz
[75464 ms] [UE 15599] UL: SNR = 52.50 dB | SE = 17.179 bit/s/Hz
[75564 ms] [UE 45898] UL: SNR = 63.50 dB | SE = 20.778 bit/s/Hz
[75564 ms] [UE 36997] UL: SNR = 63.50 dB | SE = 20.778 bit/s/Hz
[75564 ms] [UE 48787] UL: SNR = 63.50 dB | SE = 20.778 bit/s/Hz
[75564 ms] [UE 40252] UL: SNR = 56.00 dB | SE = 18.324 bit/s/Hz
[75564 ms] [UE 15599] UL: SNR = 52.50 dB | SE = 17.179 bit/s/Hz
[75566 ms] [UE 33952] UL: SNR = 63.50 dB | SE = 20.778 bit/s/Hz
[75566 ms] [UE 12169] UL: SNR = 63.50 dB | SE = 20.778 bit/s/Hz
[75566 ms] [UE 22873] UL: SNR = 8.50 dB | SE = 2.969 bit/s/Hz
[75566 ms] [UE 30556] UL: SNR = 54.00 dB | SE = 17.669 bit/s/Hz
[75566 ms] [UE 20945] UL: SNR = 63.50 dB | SE = 20.778 bit/s/Hz
[75673 ms] [UE 45898] UL: SNR = 63.50 dB | SE = 20.778 bit/s/Hz
[75673 ms] [UE 36997] UL: SNR = 63.50 dB | SE = 20.778 bit/s/Hz
[75673 ms] [UE 48787] UL: SNR = 63.50 dB | SE = 20.778 bit/s/Hz
[75673 ms] [UE 40252] UL: SNR = 56.00 dB | SE = 18.324 bit/s/Hz
[75673 ms] [UE 15599] UL: SNR = 52.50 dB | SE = 17.179 bit/s/Hz
[75676 ms] [UE 33952] UL: SNR = 63.50 dB | SE = 20.778 bit/s/Hz
[75676 ms] [UE 12169] UL: SNR = 63.50 dB | SE = 20.778 bit/s/Hz
[75676 ms] [UE 22873] UL: SNR = 8.50 dB | SE = 2.969 bit/s/Hz
[75676 ms] [UE 30556] UL: SNR = 54.00 dB | SE = 17.669 bit/s/Hz
[75676 ms] [UE 20945] UL: SNR = 63.50 dB | SE = 20.778 bit/s/Hz
[75784 ms] [UE 45898] UL: SNR = 63.50 dB | SE = 20.778 bit/s/Hz
[75784 ms] [UE 36997] UL: SNR = 63.50 dB | SE = 20.778 bit/s/Hz
[75784 ms] [UE 48787] UL: SNR = 63.50 dB | SE = 20.778 bit/s/Hz
[75784 ms] [UE 40252] UL: SNR = 56.00 dB | SE = 18.324 bit/s/Hz
[75784 ms] [UE 15599] UL: SNR = 52.50 dB | SE = 17.179 bit/s/Hz
[75786 ms] [UE 33952] UL: SNR = 63.50 dB | SE = 20.778 bit/s/Hz
[75786 ms] [UE 12169] UL: SNR = 63.50 dB | SE = 20.778 bit/s/Hz
[75786 ms] [UE 22873] UL: SNR = 8.50 dB | SE = 2.969 bit/s/Hz
[75786 ms] [UE 30556] UL: SNR = 63.50 dB | SE = 20.778 bit/s/Hz
[75786 ms] [UE 20945] UL: SNR = 63.50 dB | SE = 20.778 bit/s/Hz
[75886 ms] [UE 33952] UL: SNR = 63.50 dB | SE = 20.778 bit/s/Hz
[75886 ms] [UE 12169] UL: SNR = 63.50 dB | SE = 20.778 bit/s/Hz
[75886 ms] [UE 22873] UL: SNR = 8.50 dB | SE = 2.969 bit/s/Hz
[75886 ms] [UE 30556] UL: SNR = 63.50 dB | SE = 20.778 bit/s/Hz
[75886 ms] [UE 20945] UL: SNR = 63.50 dB | SE = 20.778 bit/s/Hz
[75894 ms] [UE 45898] UL: SNR = 63.50 dB | SE = 20.778 bit/s/Hz
[75894 ms] [UE 36997] UL: SNR = 63.50 dB | SE = 20.778 bit/s/Hz
[75894 ms] [UE 48787] UL: SNR = 63.50 dB | SE = 20.778 bit/s/Hz
[75894 ms] [UE 40252] UL: SNR = 56.00 dB | SE = 18.324 bit/s/Hz
[75894 ms] [UE 15599] UL: SNR = 52.50 dB | SE = 17.179 bit/s/Hz
[75995 ms] [UE 33952] UL: SNR = 63.50 dB | SE = 20.778 bit/s/Hz
[75995 ms] [UE 12169] UL: SNR = 63.50 dB | SE = 20.778 bit/s/Hz
[75995 ms] [UE 22873] UL: SNR = 8.50 dB | SE = 2.969 bit/s/Hz
[75995 ms] [UE 30556] UL: SNR = 63.50 dB | SE = 20.778 bit/s/Hz
[75995 ms] [UE 20945] UL: SNR = 63.50 dB | SE = 20.778 bit/s/Hz
[76003 ms] [UE 45898] UL: SNR = 63.50 dB | SE = 20.778 bit/s/Hz
[76003 ms] [UE 36997] UL: SNR = 63.50 dB | SE = 20.778 bit/s/Hz
[76003 ms] [UE 48787] UL: SNR = 63.50 dB | SE = 20.778 bit/s/Hz
[76003 ms] [UE 40252] UL: SNR = 56.00 dB | SE = 18.324 bit/s/Hz
[76003 ms] [UE 15599] UL: SNR = 52.50 dB | SE = 17.179 bit/s/Hz
[76096 ms] [UE 33952] UL: SNR = 63.50 dB | SE = 20.778 bit/s/Hz
[76096 ms] [UE 12169] UL: SNR = 63.50 dB | SE = 20.778 bit/s/Hz
[76096 ms] [UE 22873] UL: SNR = 8.50 dB | SE = 2.969 bit/s/Hz
[76096 ms] [UE 30556] UL: SNR = 63.50 dB | SE = 20.778 bit/s/Hz
[76096 ms] [UE 20945] UL: SNR = 63.50 dB | SE = 20.778 bit/s/Hz
[76104 ms] [UE 45898] UL: SNR = 63.50 dB | SE = 20.778 bit/s/Hz
[76104 ms] [UE 36997] UL: SNR = 63.50 dB | SE = 20.778 bit/s/Hz
[76104 ms] [UE 48787] UL: SNR = 63.50 dB | SE = 20.778 bit/s/Hz
[76104 ms] [UE 40252] UL: SNR = 56.00 dB | SE = 18.324 bit/s/Hz
[76104 ms] [UE 15599] UL: SNR = 52.50 dB | SE = 17.179 bit/s/Hz
[76206 ms] [UE 33952] UL: SNR = 63.50 dB | SE = 20.778 bit/s/Hz
[76206 ms] [UE 12169] UL: SNR = 63.50 dB | SE = 20.778 bit/s/Hz
[76206 ms] [UE 22873] UL: SNR = 8.50 dB | SE = 2.969 bit/s/Hz
[76206 ms] [UE 30556] UL: SNR = 63.50 dB | SE = 20.778 bit/s/Hz
[76206 ms] [UE 20945] UL: SNR = 63.50 dB | SE = 20.778 bit/s/Hz
[76213 ms] [UE 45898] UL: SNR = 63.50 dB | SE = 20.778 bit/s/Hz
[76213 ms] [UE 36997] UL: SNR = 63.50 dB | SE = 20.778 bit/s/Hz
[76213 ms] [UE 48787] UL: SNR = 63.50 dB | SE = 20.778 bit/s/Hz
[76213 ms] [UE 40252] UL: SNR = 56.00 dB | SE = 18.324 bit/s/Hz
[76213 ms] [UE 15599] UL: SNR = 52.50 dB | SE = 17.179 bit/s/Hz
[76315 ms] [UE 33952] UL: SNR = 63.50 dB | SE = 20.778 bit/s/Hz
[76315 ms] [UE 12169] UL: SNR = 63.50 dB | SE = 20.778 bit/s/Hz
[76315 ms] [UE 22873] UL: SNR = 8.50 dB | SE = 2.969 bit/s/Hz
[76315 ms] [UE 30556] UL: SNR = 63.50 dB | SE = 20.778 bit/s/Hz
[76315 ms] [UE 20945] UL: SNR = 63.50 dB | SE = 20.778 bit/s/Hz
[76323 ms] [UE 45898] UL: SNR = 63.50 dB | SE = 20.778 bit/s/Hz
[76323 ms] [UE 36997] UL: SNR = 63.50 dB | SE = 20.778 bit/s/Hz
[76323 ms] [UE 48787] UL: SNR = 63.50 dB | SE = 20.778 bit/s/Hz
[76323 ms] [UE 40252] UL: SNR = 56.00 dB | SE = 18.324 bit/s/Hz
[76323 ms] [UE 15599] UL: SNR = 52.50 dB | SE = 17.179 bit/s/Hz
[76416 ms] [UE 33952] UL: SNR = 63.50 dB | SE = 20.778 bit/s/Hz
[76416 ms] [UE 12169] UL: SNR = 63.50 dB | SE = 20.778 bit/s/Hz
[76416 ms] [UE 22873] UL: SNR = 8.50 dB | SE = 2.969 bit/s/Hz
[76416 ms] [UE 30556] UL: SNR = 63.50 dB | SE = 20.778 bit/s/Hz
[76416 ms] [UE 20945] UL: SNR = 63.50 dB | SE = 20.778 bit/s/Hz
[76423 ms] [UE 45898] UL: SNR = 63.50 dB | SE = 20.778 bit/s/Hz
[76423 ms] [UE 36997] UL: SNR = 63.50 dB | SE = 20.778 bit/s/Hz
[76423 ms] [UE 48787] UL: SNR = 63.50 dB | SE = 20.778 bit/s/Hz
[76423 ms] [UE 40252] UL: SNR = 56.00 dB | SE = 18.324 bit/s/Hz
[76423 ms] [UE 15599] UL: SNR = 52.50 dB | SE = 17.179 bit/s/Hz
[76526 ms] [UE 33952] UL: SNR = 63.50 dB | SE = 20.778 bit/s/Hz
[76526 ms] [UE 12169] UL: SNR = 63.50 dB | SE = 20.778 bit/s/Hz
[76526 ms] [UE 22873] UL: SNR = 8.50 dB | SE = 2.969 bit/s/Hz
[76526 ms] [UE 30556] UL: SNR = 63.50 dB | SE = 20.778 bit/s/Hz
[76526 ms] [UE 20945] UL: SNR = 63.50 dB | SE = 20.778 bit/s/Hz
[76533 ms] [UE 45898] UL: SNR = 63.50 dB | SE = 20.778 bit/s/Hz
[76533 ms] [UE 36997] UL: SNR = 63.50 dB | SE = 20.778 bit/s/Hz
[76533 ms] [UE 48787] UL: SNR = 63.50 dB | SE = 20.778 bit/s/Hz
[76533 ms] [UE 40252] UL: SNR = 56.00 dB | SE = 18.324 bit/s/Hz
[76533 ms] [UE 15599] UL: SNR = 52.50 dB | SE = 17.179 bit/s/Hz
[76633 ms] [UE 45898] UL: SNR = 63.50 dB | SE = 20.778 bit/s/Hz
[76633 ms] [UE 36997] UL: SNR = 63.50 dB | SE = 20.778 bit/s/Hz
[76633 ms] [UE 48787] UL: SNR = 63.50 dB | SE = 20.778 bit/s/Hz
[76633 ms] [UE 40252] UL: SNR = 56.00 dB | SE = 18.324 bit/s/Hz
[76633 ms] [UE 15599] UL: SNR = 52.50 dB | SE = 17.179 bit/s/Hz
[76636 ms] [UE 33952] UL: SNR = 63.50 dB | SE = 20.778 bit/s/Hz
[76636 ms] [UE 12169] UL: SNR = 63.50 dB | SE = 20.778 bit/s/Hz
[76636 ms] [UE 22873] UL: SNR = 8.50 dB | SE = 2.969 bit/s/Hz
[76636 ms] [UE 30556] UL: SNR = 63.50 dB | SE = 20.778 bit/s/Hz
[76636 ms] [UE 20945] UL: SNR = 63.50 dB | SE = 20.778 bit/s/Hz
[76734 ms] [UE 45898] UL: SNR = 63.50 dB | SE = 20.778 bit/s/Hz
[76734 ms] [UE 36997] UL: SNR = 63.50 dB | SE = 20.778 bit/s/Hz
[76734 ms] [UE 48787] UL: SNR = 63.50 dB | SE = 20.778 bit/s/Hz
[76734 ms] [UE 40252] UL: SNR = 56.00 dB | SE = 18.324 bit/s/Hz
[76734 ms] [UE 15599] UL: SNR = 52.50 dB | SE = 17.179 bit/s/Hz
[76736 ms] [UE 33952] UL: SNR = 63.50 dB | SE = 20.778 bit/s/Hz
[76736 ms] [UE 12169] UL: SNR = 63.50 dB | SE = 20.778 bit/s/Hz
[76736 ms] [UE 22873] UL: SNR = 8.50 dB | SE = 2.969 bit/s/Hz
[76736 ms] [UE 30556] UL: SNR = 63.50 dB | SE = 20.778 bit/s/Hz
[76736 ms] [UE 20945] UL: SNR = 63.50 dB | SE = 20.778 bit/s/Hz
[76835 ms] [UE 45898] UL: SNR = 63.50 dB | SE = 20.778 bit/s/Hz
[76835 ms] [UE 36997] UL: SNR = 63.50 dB | SE = 20.778 bit/s/Hz
[76835 ms] [UE 48787] UL: SNR = 63.50 dB | SE = 20.778 bit/s/Hz
[76835 ms] [UE 40252] UL: SNR = 56.00 dB | SE = 18.324 bit/s/Hz
[76835 ms] [UE 15599] UL: SNR = 52.50 dB | SE = 17.179 bit/s/Hz
[76846 ms] [UE 33952] UL: SNR = 63.50 dB | SE = 20.778 bit/s/Hz
[76846 ms] [UE 12169] UL: SNR = 63.50 dB | SE = 20.778 bit/s/Hz
[76846 ms] [UE 22873] UL: SNR = 8.50 dB | SE = 2.969 bit/s/Hz
[76846 ms] [UE 30556] UL: SNR = 63.50 dB | SE = 20.778 bit/s/Hz
[76846 ms] [UE 20945] UL: SNR = 63.50 dB | SE = 20.778 bit/s/Hz
[76943 ms] [UE 45898] UL: SNR = 63.50 dB | SE = 20.778 bit/s/Hz
[76943 ms] [UE 36997] UL: SNR = 63.50 dB | SE = 20.778 bit/s/Hz
[76943 ms] [UE 48787] UL: SNR = 63.50 dB | SE = 20.778 bit/s/Hz
[76943 ms] [UE 40252] UL: SNR = 56.00 dB | SE = 18.324 bit/s/Hz
[76943 ms] [UE 15599] UL: SNR = 52.50 dB | SE = 17.179 bit/s/Hz
[76956 ms] [UE 33952] UL: SNR = 63.50 dB | SE = 20.778 bit/s/Hz
[76956 ms] [UE 12169] UL: SNR = 63.50 dB | SE = 20.778 bit/s/Hz
[76956 ms] [UE 22873] UL: SNR = 8.50 dB | SE = 2.969 bit/s/Hz
[76956 ms] [UE 30556] UL: SNR = 63.50 dB | SE = 20.778 bit/s/Hz
[76956 ms] [UE 20945] UL: SNR = 63.50 dB | SE = 20.778 bit/s/Hz
[77044 ms] [UE 45898] UL: SNR = 63.50 dB | SE = 20.778 bit/s/Hz
[77044 ms] [UE 36997] UL: SNR = 63.50 dB | SE = 20.778 bit/s/Hz
[77044 ms] [UE 48787] UL: SNR = 63.50 dB | SE = 20.778 bit/s/Hz
[77044 ms] [UE 40252] UL: SNR = 56.00 dB | SE = 18.324 bit/s/Hz
[77044 ms] [UE 15599] UL: SNR = 52.50 dB | SE = 17.179 bit/s/Hz
[77066 ms] [UE 33952] UL: SNR = 63.50 dB | SE = 20.778 bit/s/Hz
[77066 ms] [UE 12169] UL: SNR = 63.50 dB | SE = 20.778 bit/s/Hz
[77066 ms] [UE 22873] UL: SNR = 8.50 dB | SE = 2.969 bit/s/Hz
[77066 ms] [UE 30556] UL: SNR = 63.50 dB | SE = 20.778 bit/s/Hz
[77066 ms] [UE 20945] UL: SNR = 63.50 dB | SE = 20.778 bit/s/Hz
[77153 ms] [UE 45898] UL: SNR = 63.50 dB | SE = 20.778 bit/s/Hz
[77153 ms] [UE 36997] UL: SNR = 63.50 dB | SE = 20.778 bit/s/Hz
[77153 ms] [UE 48787] UL: SNR = 63.50 dB | SE = 20.778 bit/s/Hz
[77153 ms] [UE 40252] UL: SNR = 56.00 dB | SE = 18.324 bit/s/Hz
[77153 ms] [UE 15599] UL: SNR = 52.50 dB | SE = 17.179 bit/s/Hz
[77176 ms] [UE 33952] UL: SNR = 63.50 dB | SE = 20.778 bit/s/Hz
[77176 ms] [UE 12169] UL: SNR = 63.50 dB | SE = 20.778 bit/s/Hz
[77176 ms] [UE 22873] UL: SNR = 8.50 dB | SE = 2.969 bit/s/Hz
[77176 ms] [UE 30556] UL: SNR = 63.50 dB | SE = 20.778 bit/s/Hz
[77176 ms] [UE 20945] UL: SNR = 63.50 dB | SE = 20.778 bit/s/Hz
[77253 ms] [UE 45898] UL: SNR = 63.50 dB | SE = 20.778 bit/s/Hz
[77253 ms] [UE 36997] UL: SNR = 63.50 dB | SE = 20.778 bit/s/Hz
[77253 ms] [UE 48787] UL: SNR = 63.50 dB | SE = 20.778 bit/s/Hz
[77253 ms] [UE 40252] UL: SNR = 56.00 dB | SE = 18.324 bit/s/Hz
[77253 ms] [UE 15599] UL: SNR = 52.50 dB | SE = 17.179 bit/s/Hz
[77276 ms] [UE 33952] UL: SNR = 63.50 dB | SE = 20.778 bit/s/Hz
[77276 ms] [UE 12169] UL: SNR = 63.50 dB | SE = 20.778 bit/s/Hz
[77276 ms] [UE 22873] UL: SNR = 8.50 dB | SE = 2.969 bit/s/Hz
[77276 ms] [UE 30556] UL: SNR = 63.50 dB | SE = 20.778 bit/s/Hz
[77276 ms] [UE 20945] UL: SNR = 63.50 dB | SE = 20.778 bit/s/Hz
[77364 ms] [UE 45898] UL: SNR = 63.50 dB | SE = 20.778 bit/s/Hz
[77364 ms] [UE 36997] UL: SNR = 63.50 dB | SE = 20.778 bit/s/Hz
[77364 ms] [UE 48787] UL: SNR = 63.50 dB | SE = 20.778 bit/s/Hz
[77364 ms] [UE 40252] UL: SNR = 56.00 dB | SE = 18.324 bit/s/Hz
[77364 ms] [UE 15599] UL: SNR = 52.50 dB | SE = 17.179 bit/s/Hz
[77386 ms] [UE 33952] UL: SNR = 63.50 dB | SE = 20.778 bit/s/Hz
[77386 ms] [UE 12169] UL: SNR = 63.50 dB | SE = 20.778 bit/s/Hz
[77386 ms] [UE 22873] UL: SNR = 8.50 dB | SE = 2.969 bit/s/Hz
[77386 ms] [UE 30556] UL: SNR = 63.50 dB | SE = 20.778 bit/s/Hz
[77386 ms] [UE 20945] UL: SNR = 63.50 dB | SE = 20.778 bit/s/Hz
[77474 ms] [UE 45898] UL: SNR = 63.50 dB | SE = 20.778 bit/s/Hz
[77474 ms] [UE 36997] UL: SNR = 63.50 dB | SE = 20.778 bit/s/Hz
[77474 ms] [UE 48787] UL: SNR = 63.50 dB | SE = 20.778 bit/s/Hz
[77474 ms] [UE 40252] UL: SNR = 56.00 dB | SE = 18.324 bit/s/Hz
[77474 ms] [UE 15599] UL: SNR = 52.50 dB | SE = 17.179 bit/s/Hz
[77486 ms] [UE 33952] UL: SNR = 63.50 dB | SE = 20.778 bit/s/Hz
[77486 ms] [UE 12169] UL: SNR = 63.50 dB | SE = 20.778 bit/s/Hz
[77486 ms] [UE 22873] UL: SNR = 8.50 dB | SE = 2.969 bit/s/Hz
[77486 ms] [UE 30556] UL: SNR = 63.50 dB | SE = 20.778 bit/s/Hz
[77486 ms] [UE 20945] UL: SNR = 63.50 dB | SE = 20.778 bit/s/Hz
[77583 ms] [UE 45898] UL: SNR = 63.50 dB | SE = 20.778 bit/s/Hz
[77583 ms] [UE 36997] UL: SNR = 63.50 dB | SE = 20.778 bit/s/Hz
[77583 ms] [UE 48787] UL: SNR = 63.50 dB | SE = 20.778 bit/s/Hz
[77583 ms] [UE 40252] UL: SNR = 56.00 dB | SE = 18.324 bit/s/Hz
[77583 ms] [UE 15599] UL: SNR = 52.50 dB | SE = 17.179 bit/s/Hz
[77596 ms] [UE 33952] UL: SNR = 63.50 dB | SE = 20.778 bit/s/Hz
[77596 ms] [UE 12169] UL: SNR = 63.50 dB | SE = 20.778 bit/s/Hz
[77596 ms] [UE 22873] UL: SNR = 8.50 dB | SE = 2.969 bit/s/Hz
[77596 ms] [UE 30556] UL: SNR = 63.50 dB | SE = 20.778 bit/s/Hz
[77596 ms] [UE 20945] UL: SNR = 63.50 dB | SE = 20.778 bit/s/Hz
[77683 ms] [UE 45898] UL: SNR = 63.50 dB | SE = 20.778 bit/s/Hz
[77683 ms] [UE 36997] UL: SNR = 63.50 dB | SE = 20.778 bit/s/Hz
[77683 ms] [UE 48787] UL: SNR = 63.50 dB | SE = 20.778 bit/s/Hz
[77683 ms] [UE 40252] UL: SNR = 56.00 dB | SE = 18.324 bit/s/Hz
[77683 ms] [UE 15599] UL: SNR = 52.50 dB | SE = 17.179 bit/s/Hz
[77706 ms] [UE 33952] UL: SNR = 63.50 dB | SE = 20.778 bit/s/Hz
[77706 ms] [UE 12169] UL: SNR = 63.50 dB | SE = 20.778 bit/s/Hz
[77706 ms] [UE 22873] UL: SNR = 8.50 dB | SE = 2.969 bit/s/Hz
[77706 ms] [UE 30556] UL: SNR = 63.50 dB | SE = 20.778 bit/s/Hz
[77706 ms] [UE 20945] UL: SNR = 63.50 dB | SE = 20.778 bit/s/Hz
[77793 ms] [UE 45898] UL: SNR = 63.50 dB | SE = 20.778 bit/s/Hz
[77793 ms] [UE 36997] UL: SNR = 63.50 dB | SE = 20.778 bit/s/Hz
[77793 ms] [UE 48787] UL: SNR = 63.50 dB | SE = 20.778 bit/s/Hz
[77793 ms] [UE 40252] UL: SNR = 56.00 dB | SE = 18.324 bit/s/Hz
[77793 ms] [UE 15599] UL: SNR = 52.50 dB | SE = 17.179 bit/s/Hz
[77816 ms] [UE 33952] UL: SNR = 63.50 dB | SE = 20.778 bit/s/Hz
[77816 ms] [UE 12169] UL: SNR = 63.50 dB | SE = 20.778 bit/s/Hz
[77816 ms] [UE 22873] UL: SNR = 8.50 dB | SE = 2.969 bit/s/Hz
[77816 ms] [UE 30556] UL: SNR = 63.50 dB | SE = 20.778 bit/s/Hz
[77816 ms] [UE 20945] UL: SNR = 63.50 dB | SE = 20.778 bit/s/Hz
[77903 ms] [UE 45898] UL: SNR = 63.50 dB | SE = 20.778 bit/s/Hz
[77903 ms] [UE 36997] UL: SNR = 63.50 dB | SE = 20.778 bit/s/Hz
[77903 ms] [UE 48787] UL: SNR = 63.50 dB | SE = 20.778 bit/s/Hz
[77903 ms] [UE 40252] UL: SNR = 56.00 dB | SE = 18.324 bit/s/Hz
[77903 ms] [UE 15599] UL: SNR = 52.50 dB | SE = 17.179 bit/s/Hz
[77926 ms] [UE 33952] UL: SNR = 63.50 dB | SE = 20.778 bit/s/Hz
[77926 ms] [UE 12169] UL: SNR = 63.50 dB | SE = 20.778 bit/s/Hz
[77926 ms] [UE 22873] UL: SNR = 8.50 dB | SE = 2.969 bit/s/Hz
[77926 ms] [UE 30556] UL: SNR = 7.50 dB | SE = 2.687 bit/s/Hz
[77926 ms] [UE 20945] UL: SNR = 63.50 dB | SE = 20.778 bit/s/Hz
[78003 ms] [UE 45898] UL: SNR = 63.50 dB | SE = 20.778 bit/s/Hz
[78003 ms] [UE 36997] UL: SNR = 63.50 dB | SE = 20.778 bit/s/Hz
[78003 ms] [UE 48787] UL: SNR = 63.50 dB | SE = 20.778 bit/s/Hz
[78003 ms] [UE 40252] UL: SNR = 56.00 dB | SE = 18.324 bit/s/Hz
[78003 ms] [UE 15599] UL: SNR = 52.50 dB | SE = 17.179 bit/s/Hz
[78026 ms] [UE 33952] UL: SNR = 63.50 dB | SE = 20.778 bit/s/Hz
[78026 ms] [UE 12169] UL: SNR = 63.50 dB | SE = 20.778 bit/s/Hz
[78026 ms] [UE 22873] UL: SNR = 8.50 dB | SE = 2.969 bit/s/Hz
[78026 ms] [UE 30556] UL: SNR = 7.50 dB | SE = 2.687 bit/s/Hz
[78026 ms] [UE 20945] UL: SNR = 63.50 dB | SE = 20.778 bit/s/Hz
[78113 ms] [UE 45898] UL: SNR = 63.50 dB | SE = 20.778 bit/s/Hz
[78113 ms] [UE 36997] UL: SNR = 63.50 dB | SE = 20.778 bit/s/Hz
[78113 ms] [UE 48787] UL: SNR = 63.50 dB | SE = 20.778 bit/s/Hz
[78113 ms] [UE 40252] UL: SNR = 56.00 dB | SE = 18.324 bit/s/Hz
[78113 ms] [UE 15599] UL: SNR = 52.50 dB | SE = 17.179 bit/s/Hz
[78126 ms] [UE 33952] UL: SNR = 63.50 dB | SE = 20.778 bit/s/Hz
[78126 ms] [UE 12169] UL: SNR = 63.50 dB | SE = 20.778 bit/s/Hz
[78126 ms] [UE 22873] UL: SNR = 8.50 dB | SE = 2.969 bit/s/Hz
[78126 ms] [UE 30556] UL: SNR = 7.50 dB | SE = 2.687 bit/s/Hz
[78126 ms] [UE 20945] UL: SNR = 63.50 dB | SE = 20.778 bit/s/Hz
[78213 ms] [UE 45898] UL: SNR = 63.50 dB | SE = 20.778 bit/s/Hz
[78213 ms] [UE 36997] UL: SNR = 63.50 dB | SE = 20.778 bit/s/Hz
[78213 ms] [UE 48787] UL: SNR = 63.50 dB | SE = 20.778 bit/s/Hz
[78213 ms] [UE 40252] UL: SNR = 56.00 dB | SE = 18.324 bit/s/Hz
[78213 ms] [UE 15599] UL: SNR = 52.50 dB | SE = 17.179 bit/s/Hz
[78235 ms] [UE 33952] UL: SNR = 63.50 dB | SE = 20.778 bit/s/Hz
[78235 ms] [UE 12169] UL: SNR = 63.50 dB | SE = 20.778 bit/s/Hz
[78235 ms] [UE 22873] UL: SNR = 8.50 dB | SE = 2.969 bit/s/Hz
[78235 ms] [UE 30556] UL: SNR = 7.50 dB | SE = 2.687 bit/s/Hz
[78235 ms] [UE 20945] UL: SNR = 63.50 dB | SE = 20.778 bit/s/Hz
[78323 ms] [UE 45898] UL: SNR = 63.50 dB | SE = 20.778 bit/s/Hz
[78323 ms] [UE 36997] UL: SNR = 63.50 dB | SE = 20.778 bit/s/Hz
[78323 ms] [UE 48787] UL: SNR = 63.50 dB | SE = 20.778 bit/s/Hz
[78323 ms] [UE 40252] UL: SNR = 56.00 dB | SE = 18.324 bit/s/Hz
[78323 ms] [UE 15599] UL: SNR = 52.50 dB | SE = 17.179 bit/s/Hz
[78336 ms] [UE 33952] UL: SNR = 63.50 dB | SE = 20.778 bit/s/Hz
[78336 ms] [UE 12169] UL: SNR = 63.50 dB | SE = 20.778 bit/s/Hz
[78336 ms] [UE 22873] UL: SNR = 8.50 dB | SE = 2.969 bit/s/Hz
[78336 ms] [UE 30556] UL: SNR = 7.50 dB | SE = 2.687 bit/s/Hz
[78336 ms] [UE 20945] UL: SNR = 63.50 dB | SE = 20.778 bit/s/Hz
[78423 ms] [UE 45898] UL: SNR = 63.50 dB | SE = 20.778 bit/s/Hz
[78423 ms] [UE 36997] UL: SNR = 63.50 dB | SE = 20.778 bit/s/Hz
[78423 ms] [UE 48787] UL: SNR = 63.50 dB | SE = 20.778 bit/s/Hz
[78423 ms] [UE 40252] UL: SNR = 56.00 dB | SE = 18.324 bit/s/Hz
[78423 ms] [UE 15599] UL: SNR = 52.50 dB | SE = 17.179 bit/s/Hz
[78446 ms] [UE 33952] UL: SNR = 63.50 dB | SE = 20.778 bit/s/Hz
[78446 ms] [UE 12169] UL: SNR = 63.50 dB | SE = 20.778 bit/s/Hz
[78446 ms] [UE 22873] UL: SNR = 8.50 dB | SE = 2.969 bit/s/Hz
[78446 ms] [UE 30556] UL: SNR = 7.50 dB | SE = 2.687 bit/s/Hz
[78446 ms] [UE 20945] UL: SNR = 63.50 dB | SE = 20.778 bit/s/Hz
[78523 ms] [UE 45898] UL: SNR = 63.50 dB | SE = 20.778 bit/s/Hz
[78523 ms] [UE 36997] UL: SNR = 63.50 dB | SE = 20.778 bit/s/Hz
[78523 ms] [UE 48787] UL: SNR = 63.50 dB | SE = 20.778 bit/s/Hz
[78523 ms] [UE 40252] UL: SNR = 56.00 dB | SE = 18.324 bit/s/Hz
[78523 ms] [UE 15599] UL: SNR = 52.50 dB | SE = 17.179 bit/s/Hz
[78546 ms] [UE 33952] UL: SNR = 63.50 dB | SE = 20.778 bit/s/Hz
[78546 ms] [UE 12169] UL: SNR = 63.50 dB | SE = 20.778 bit/s/Hz
[78546 ms] [UE 22873] UL: SNR = 8.50 dB | SE = 2.969 bit/s/Hz
[78546 ms] [UE 30556] UL: SNR = 7.50 dB | SE = 2.687 bit/s/Hz
[78546 ms] [UE 20945] UL: SNR = 63.50 dB | SE = 20.778 bit/s/Hz
[78633 ms] [UE 45898] UL: SNR = 63.50 dB | SE = 20.778 bit/s/Hz
[78633 ms] [UE 36997] UL: SNR = 63.50 dB | SE = 20.778 bit/s/Hz
[78633 ms] [UE 48787] UL: SNR = 63.50 dB | SE = 20.778 bit/s/Hz
[78633 ms] [UE 40252] UL: SNR = 56.00 dB | SE = 18.324 bit/s/Hz
[78633 ms] [UE 15599] UL: SNR = 52.50 dB | SE = 17.179 bit/s/Hz
[78656 ms] [UE 33952] UL: SNR = 63.50 dB | SE = 20.778 bit/s/Hz
[78656 ms] [UE 12169] UL: SNR = 63.50 dB | SE = 20.778 bit/s/Hz
[78656 ms] [UE 22873] UL: SNR = 8.50 dB | SE = 2.969 bit/s/Hz
[78656 ms] [UE 30556] UL: SNR = 53.50 dB | SE = 17.506 bit/s/Hz
[78656 ms] [UE 20945] UL: SNR = 63.50 dB | SE = 20.778 bit/s/Hz
[78733 ms] [UE 45898] UL: SNR = 63.50 dB | SE = 20.778 bit/s/Hz
[78733 ms] [UE 36997] UL: SNR = 63.50 dB | SE = 20.778 bit/s/Hz
[78733 ms] [UE 48787] UL: SNR = 63.50 dB | SE = 20.778 bit/s/Hz
[78733 ms] [UE 40252] UL: SNR = 56.00 dB | SE = 18.324 bit/s/Hz
[78733 ms] [UE 15599] UL: SNR = 52.50 dB | SE = 17.179 bit/s/Hz
[78766 ms] [UE 33952] UL: SNR = 63.50 dB | SE = 20.778 bit/s/Hz
[78766 ms] [UE 12169] UL: SNR = 63.50 dB | SE = 20.778 bit/s/Hz
[78766 ms] [UE 22873] UL: SNR = 8.50 dB | SE = 2.969 bit/s/Hz
[78766 ms] [UE 30556] UL: SNR = 53.50 dB | SE = 17.506 bit/s/Hz
[78766 ms] [UE 20945] UL: SNR = 63.50 dB | SE = 20.778 bit/s/Hz
[78833 ms] [UE 45898] UL: SNR = 63.50 dB | SE = 20.778 bit/s/Hz
[78833 ms] [UE 36997] UL: SNR = 63.50 dB | SE = 20.778 bit/s/Hz
[78833 ms] [UE 48787] UL: SNR = 63.50 dB | SE = 20.778 bit/s/Hz
[78833 ms] [UE 40252] UL: SNR = 56.00 dB | SE = 18.324 bit/s/Hz
[78833 ms] [UE 15599] UL: SNR = 52.50 dB | SE = 17.179 bit/s/Hz
[78866 ms] [UE 33952] UL: SNR = 63.50 dB | SE = 20.778 bit/s/Hz
[78866 ms] [UE 12169] UL: SNR = 63.50 dB | SE = 20.778 bit/s/Hz
[78866 ms] [UE 22873] UL: SNR = 8.50 dB | SE = 2.969 bit/s/Hz
[78866 ms] [UE 30556] UL: SNR = 54.00 dB | SE = 17.669 bit/s/Hz
[78866 ms] [UE 20945] UL: SNR = 63.50 dB | SE = 20.778 bit/s/Hz
[78943 ms] [UE 45898] UL: SNR = 63.50 dB | SE = 20.778 bit/s/Hz
[78943 ms] [UE 36997] UL: SNR = 63.50 dB | SE = 20.778 bit/s/Hz
[78943 ms] [UE 48787] UL: SNR = 63.50 dB | SE = 20.778 bit/s/Hz
[78943 ms] [UE 40252] UL: SNR = 56.00 dB | SE = 18.324 bit/s/Hz
[78943 ms] [UE 15599] UL: SNR = 52.50 dB | SE = 17.179 bit/s/Hz
[78967 ms] [UE 33952] UL: SNR = 63.50 dB | SE = 20.778 bit/s/Hz
[78967 ms] [UE 12169] UL: SNR = 63.50 dB | SE = 20.778 bit/s/Hz
[78967 ms] [UE 22873] UL: SNR = 8.50 dB | SE = 2.969 bit/s/Hz
[78967 ms] [UE 30556] UL: SNR = 54.00 dB | SE = 17.669 bit/s/Hz
[78967 ms] [UE 20945] UL: SNR = 63.50 dB | SE = 20.778 bit/s/Hz
[79044 ms] [UE 45898] UL: SNR = 63.50 dB | SE = 20.778 bit/s/Hz
[79044 ms] [UE 36997] UL: SNR = 63.50 dB | SE = 20.778 bit/s/Hz
[79044 ms] [UE 48787] UL: SNR = 63.50 dB | SE = 20.778 bit/s/Hz
[79044 ms] [UE 40252] UL: SNR = 56.00 dB | SE = 18.324 bit/s/Hz
[79044 ms] [UE 15599] UL: SNR = 52.50 dB | SE = 17.179 bit/s/Hz
[79076 ms] [UE 33952] UL: SNR = 63.50 dB | SE = 20.778 bit/s/Hz
[79076 ms] [UE 12169] UL: SNR = 63.50 dB | SE = 20.778 bit/s/Hz
[79076 ms] [UE 22873] UL: SNR = 8.50 dB | SE = 2.969 bit/s/Hz
[79076 ms] [UE 30556] UL: SNR = 54.00 dB | SE = 17.669 bit/s/Hz
[79076 ms] [UE 20945] UL: SNR = 63.50 dB | SE = 20.778 bit/s/Hz
[79144 ms] [UE 45898] UL: SNR = 63.50 dB | SE = 20.778 bit/s/Hz
[79144 ms] [UE 36997] UL: SNR = 63.50 dB | SE = 20.778 bit/s/Hz
[79144 ms] [UE 48787] UL: SNR = 63.50 dB | SE = 20.778 bit/s/Hz
[79144 ms] [UE 40252] UL: SNR = 56.00 dB | SE = 18.324 bit/s/Hz
[79144 ms] [UE 15599] UL: SNR = 52.50 dB | SE = 17.179 bit/s/Hz
[79186 ms] [UE 33952] UL: SNR = 63.50 dB | SE = 20.778 bit/s/Hz
[79186 ms] [UE 12169] UL: SNR = 63.50 dB | SE = 20.778 bit/s/Hz
[79186 ms] [UE 22873] UL: SNR = 63.50 dB | SE = 20.778 bit/s/Hz
[79186 ms] [UE 30556] UL: SNR = 63.50 dB | SE = 20.778 bit/s/Hz
[79186 ms] [UE 20945] UL: SNR = 63.50 dB | SE = 20.778 bit/s/Hz
[79253 ms] [UE 45898] UL: SNR = 63.50 dB | SE = 20.778 bit/s/Hz
[79253 ms] [UE 36997] UL: SNR = 63.50 dB | SE = 20.778 bit/s/Hz
[79253 ms] [UE 48787] UL: SNR = 63.50 dB | SE = 20.778 bit/s/Hz
[79253 ms] [UE 40252] UL: SNR = 56.00 dB | SE = 18.324 bit/s/Hz
[79253 ms] [UE 15599] UL: SNR = 52.50 dB | SE = 17.179 bit/s/Hz
[79286 ms] [UE 33952] UL: SNR = 63.50 dB | SE = 20.778 bit/s/Hz
[79286 ms] [UE 12169] UL: SNR = 63.50 dB | SE = 20.778 bit/s/Hz
[79286 ms] [UE 22873] UL: SNR = 63.50 dB | SE = 20.778 bit/s/Hz
[79286 ms] [UE 30556] UL: SNR = 63.50 dB | SE = 20.778 bit/s/Hz
[79286 ms] [UE 20945] UL: SNR = 63.50 dB | SE = 20.778 bit/s/Hz
[79354 ms] [UE 45898] UL: SNR = 63.50 dB | SE = 20.778 bit/s/Hz
[79354 ms] [UE 36997] UL: SNR = 63.50 dB | SE = 20.778 bit/s/Hz
[79354 ms] [UE 48787] UL: SNR = 63.50 dB | SE = 20.778 bit/s/Hz
[79354 ms] [UE 40252] UL: SNR = 56.00 dB | SE = 18.324 bit/s/Hz
[79354 ms] [UE 15599] UL: SNR = 52.50 dB | SE = 17.179 bit/s/Hz
[79387 ms] [UE 33952] UL: SNR = 63.50 dB | SE = 20.778 bit/s/Hz
[79387 ms] [UE 12169] UL: SNR = 63.50 dB | SE = 20.778 bit/s/Hz
[79387 ms] [UE 22873] UL: SNR = 63.50 dB | SE = 20.778 bit/s/Hz
[79387 ms] [UE 30556] UL: SNR = 54.00 dB | SE = 17.669 bit/s/Hz
[79387 ms] [UE 20945] UL: SNR = 63.50 dB | SE = 20.778 bit/s/Hz
[79463 ms] [UE 45898] UL: SNR = 63.50 dB | SE = 20.778 bit/s/Hz
[79463 ms] [UE 36997] UL: SNR = 63.50 dB | SE = 20.778 bit/s/Hz
[79463 ms] [UE 48787] UL: SNR = 63.50 dB | SE = 20.778 bit/s/Hz
[79463 ms] [UE 40252] UL: SNR = 56.00 dB | SE = 18.324 bit/s/Hz
[79463 ms] [UE 15599] UL: SNR = 52.50 dB | SE = 17.179 bit/s/Hz
[79495 ms] [UE 33952] UL: SNR = 63.50 dB | SE = 20.778 bit/s/Hz
[79495 ms] [UE 12169] UL: SNR = 63.50 dB | SE = 20.778 bit/s/Hz
[79495 ms] [UE 22873] UL: SNR = 63.50 dB | SE = 20.778 bit/s/Hz
[79495 ms] [UE 30556] UL: SNR = 54.00 dB | SE = 17.669 bit/s/Hz
[79495 ms] [UE 20945] UL: SNR = 63.50 dB | SE = 20.778 bit/s/Hz
[79574 ms] [UE 45898] UL: SNR = 63.50 dB | SE = 20.778 bit/s/Hz
[79574 ms] [UE 36997] UL: SNR = 63.50 dB | SE = 20.778 bit/s/Hz
[79574 ms] [UE 48787] UL: SNR = 63.50 dB | SE = 20.778 bit/s/Hz
[79574 ms] [UE 40252] UL: SNR = 56.00 dB | SE = 18.324 bit/s/Hz
[79574 ms] [UE 15599] UL: SNR = 52.50 dB | SE = 17.179 bit/s/Hz
[79597 ms] [UE 33952] UL: SNR = 63.50 dB | SE = 20.778 bit/s/Hz
[79597 ms] [UE 12169] UL: SNR = 63.50 dB | SE = 20.778 bit/s/Hz
[79597 ms] [UE 22873] UL: SNR = 63.50 dB | SE = 20.778 bit/s/Hz
[79597 ms] [UE 30556] UL: SNR = 54.00 dB | SE = 17.669 bit/s/Hz
[79597 ms] [UE 20945] UL: SNR = 63.50 dB | SE = 20.778 bit/s/Hz
[79684 ms] [UE 45898] UL: SNR = 63.50 dB | SE = 20.778 bit/s/Hz
[79684 ms] [UE 36997] UL: SNR = 63.50 dB | SE = 20.778 bit/s/Hz
[79684 ms] [UE 48787] UL: SNR = 63.50 dB | SE = 20.778 bit/s/Hz
[79684 ms] [UE 40252] UL: SNR = 56.00 dB | SE = 18.324 bit/s/Hz
[79684 ms] [UE 15599] UL: SNR = 52.50 dB | SE = 17.179 bit/s/Hz
[79707 ms] [UE 33952] UL: SNR = 63.50 dB | SE = 20.778 bit/s/Hz
[79707 ms] [UE 12169] UL: SNR = 63.50 dB | SE = 20.778 bit/s/Hz
[79707 ms] [UE 22873] UL: SNR = 63.50 dB | SE = 20.778 bit/s/Hz
[79707 ms] [UE 30556] UL: SNR = 63.50 dB | SE = 20.778 bit/s/Hz
[79707 ms] [UE 20945] UL: SNR = 63.50 dB | SE = 20.778 bit/s/Hz
[79794 ms] [UE 45898] UL: SNR = 63.50 dB | SE = 20.778 bit/s/Hz
[79794 ms] [UE 36997] UL: SNR = 63.50 dB | SE = 20.778 bit/s/Hz
[79794 ms] [UE 48787] UL: SNR = 63.50 dB | SE = 20.778 bit/s/Hz
[79794 ms] [UE 40252] UL: SNR = 56.00 dB | SE = 18.324 bit/s/Hz
[79794 ms] [UE 15599] UL: SNR = 52.50 dB | SE = 17.179 bit/s/Hz
[79816 ms] [UE 33952] UL: SNR = 63.50 dB | SE = 20.778 bit/s/Hz
[79816 ms] [UE 12169] UL: SNR = 63.50 dB | SE = 20.778 bit/s/Hz
[79816 ms] [UE 22873] UL: SNR = 63.50 dB | SE = 20.778 bit/s/Hz
[79816 ms] [UE 30556] UL: SNR = 63.50 dB | SE = 20.778 bit/s/Hz
[79816 ms] [UE 20945] UL: SNR = 63.50 dB | SE = 20.778 bit/s/Hz
[79903 ms] [UE 45898] UL: SNR = 63.50 dB | SE = 20.778 bit/s/Hz
[79903 ms] [UE 36997] UL: SNR = 63.50 dB | SE = 20.778 bit/s/Hz
[79903 ms] [UE 48787] UL: SNR = 63.50 dB | SE = 20.778 bit/s/Hz
[79903 ms] [UE 40252] UL: SNR = 56.00 dB | SE = 18.324 bit/s/Hz
[79903 ms] [UE 15599] UL: SNR = 52.50 dB | SE = 17.179 bit/s/Hz
[79916 ms] [UE 33952] UL: SNR = 63.50 dB | SE = 20.778 bit/s/Hz
[79916 ms] [UE 12169] UL: SNR = 63.50 dB | SE = 20.778 bit/s/Hz
[79916 ms] [UE 22873] UL: SNR = 63.50 dB | SE = 20.778 bit/s/Hz
[79916 ms] [UE 30556] UL: SNR = 63.50 dB | SE = 20.778 bit/s/Hz
[79916 ms] [UE 20945] UL: SNR = 63.50 dB | SE = 20.778 bit/s/Hz
[80013 ms] [UE 45898] UL: SNR = 63.50 dB | SE = 20.778 bit/s/Hz
[80013 ms] [UE 36997] UL: SNR = 63.50 dB | SE = 20.778 bit/s/Hz
[80013 ms] [UE 48787] UL: SNR = 63.50 dB | SE = 20.778 bit/s/Hz
[80013 ms] [UE 40252] UL: SNR = 56.00 dB | SE = 18.324 bit/s/Hz
[80013 ms] [UE 15599] UL: SNR = 52.50 dB | SE = 17.179 bit/s/Hz
[80027 ms] [UE 33952] UL: SNR = 63.50 dB | SE = 20.778 bit/s/Hz
[80027 ms] [UE 12169] UL: SNR = 63.50 dB | SE = 20.778 bit/s/Hz
[80027 ms] [UE 22873] UL: SNR = 63.50 dB | SE = 20.778 bit/s/Hz
[80027 ms] [UE 30556] UL: SNR = 63.50 dB | SE = 20.778 bit/s/Hz
[80027 ms] [UE 20945] UL: SNR = 63.50 dB | SE = 20.778 bit/s/Hz
[80124 ms] [UE 45898] UL: SNR = 63.50 dB | SE = 20.778 bit/s/Hz
[80124 ms] [UE 36997] UL: SNR = 63.50 dB | SE = 20.778 bit/s/Hz
[80124 ms] [UE 48787] UL: SNR = 63.50 dB | SE = 20.778 bit/s/Hz
[80124 ms] [UE 40252] UL: SNR = 56.00 dB | SE = 18.324 bit/s/Hz
[80124 ms] [UE 15599] UL: SNR = 52.50 dB | SE = 17.179 bit/s/Hz
[80136 ms] [UE 33952] UL: SNR = 63.50 dB | SE = 20.778 bit/s/Hz
[80136 ms] [UE 12169] UL: SNR = 63.50 dB | SE = 20.778 bit/s/Hz
[80136 ms] [UE 22873] UL: SNR = 63.50 dB | SE = 20.778 bit/s/Hz
[80136 ms] [UE 30556] UL: SNR = 63.50 dB | SE = 20.778 bit/s/Hz
[80136 ms] [UE 20945] UL: SNR = 63.50 dB | SE = 20.778 bit/s/Hz
[80233 ms] [UE 45898] UL: SNR = 63.50 dB | SE = 20.778 bit/s/Hz
[80233 ms] [UE 36997] UL: SNR = 63.50 dB | SE = 20.778 bit/s/Hz
[80233 ms] [UE 48787] UL: SNR = 63.50 dB | SE = 20.778 bit/s/Hz
[80233 ms] [UE 40252] UL: SNR = 56.00 dB | SE = 18.324 bit/s/Hz
[80233 ms] [UE 15599] UL: SNR = 52.50 dB | SE = 17.179 bit/s/Hz
[80246 ms] [UE 33952] UL: SNR = 63.50 dB | SE = 20.778 bit/s/Hz
[80246 ms] [UE 12169] UL: SNR = 63.50 dB | SE = 20.778 bit/s/Hz
[80246 ms] [UE 22873] UL: SNR = 63.50 dB | SE = 20.778 bit/s/Hz
[80246 ms] [UE 30556] UL: SNR = 63.50 dB | SE = 20.778 bit/s/Hz
[80246 ms] [UE 20945] UL: SNR = 63.50 dB | SE = 20.778 bit/s/Hz
[80334 ms] [UE 45898] UL: SNR = 63.50 dB | SE = 20.778 bit/s/Hz
[80334 ms] [UE 36997] UL: SNR = 63.50 dB | SE = 20.778 bit/s/Hz
[80334 ms] [UE 48787] UL: SNR = 63.50 dB | SE = 20.778 bit/s/Hz
[80334 ms] [UE 40252] UL: SNR = 56.00 dB | SE = 18.324 bit/s/Hz
[80334 ms] [UE 15599] UL: SNR = 52.50 dB | SE = 17.179 bit/s/Hz
[80346 ms] [UE 33952] UL: SNR = 63.50 dB | SE = 20.778 bit/s/Hz
[80346 ms] [UE 12169] UL: SNR = 63.50 dB | SE = 20.778 bit/s/Hz
[80346 ms] [UE 22873] UL: SNR = 63.50 dB | SE = 20.778 bit/s/Hz
[80346 ms] [UE 30556] UL: SNR = 63.50 dB | SE = 20.778 bit/s/Hz
[80346 ms] [UE 20945] UL: SNR = 63.50 dB | SE = 20.778 bit/s/Hz
[80443 ms] [UE 45898] UL: SNR = 63.50 dB | SE = 20.778 bit/s/Hz
[80443 ms] [UE 36997] UL: SNR = 63.50 dB | SE = 20.778 bit/s/Hz
[80443 ms] [UE 48787] UL: SNR = 63.50 dB | SE = 20.778 bit/s/Hz
[80443 ms] [UE 40252] UL: SNR = 56.00 dB | SE = 18.324 bit/s/Hz
[80443 ms] [UE 15599] UL: SNR = 52.50 dB | SE = 17.179 bit/s/Hz
[80455 ms] [UE 33952] UL: SNR = 63.50 dB | SE = 20.778 bit/s/Hz
[80455 ms] [UE 12169] UL: SNR = 63.50 dB | SE = 20.778 bit/s/Hz
[80455 ms] [UE 22873] UL: SNR = 63.50 dB | SE = 20.778 bit/s/Hz
[80455 ms] [UE 30556] UL: SNR = 63.50 dB | SE = 20.778 bit/s/Hz
[80455 ms] [UE 20945] UL: SNR = 63.50 dB | SE = 20.778 bit/s/Hz
[80544 ms] [UE 45898] UL: SNR = 63.50 dB | SE = 20.778 bit/s/Hz
[80544 ms] [UE 36997] UL: SNR = 63.50 dB | SE = 20.778 bit/s/Hz
[80544 ms] [UE 48787] UL: SNR = 63.50 dB | SE = 20.778 bit/s/Hz
[80544 ms] [UE 40252] UL: SNR = 56.00 dB | SE = 18.324 bit/s/Hz
[80544 ms] [UE 15599] UL: SNR = 52.50 dB | SE = 17.179 bit/s/Hz
[80556 ms] [UE 33952] UL: SNR = 63.50 dB | SE = 20.778 bit/s/Hz
[80556 ms] [UE 12169] UL: SNR = 63.50 dB | SE = 20.778 bit/s/Hz
[80556 ms] [UE 22873] UL: SNR = 63.50 dB | SE = 20.778 bit/s/Hz
[80556 ms] [UE 30556] UL: SNR = 63.50 dB | SE = 20.778 bit/s/Hz
[80556 ms] [UE 20945] UL: SNR = 63.50 dB | SE = 20.778 bit/s/Hz
[80653 ms] [UE 45898] UL: SNR = 63.50 dB | SE = 20.778 bit/s/Hz
[80653 ms] [UE 36997] UL: SNR = 63.50 dB | SE = 20.778 bit/s/Hz
[80653 ms] [UE 48787] UL: SNR = 63.50 dB | SE = 20.778 bit/s/Hz
[80653 ms] [UE 40252] UL: SNR = 56.00 dB | SE = 18.324 bit/s/Hz
[80653 ms] [UE 15599] UL: SNR = 52.50 dB | SE = 17.179 bit/s/Hz
[80656 ms] [UE 33952] UL: SNR = 63.50 dB | SE = 20.778 bit/s/Hz
[80656 ms] [UE 12169] UL: SNR = 63.50 dB | SE = 20.778 bit/s/Hz
[80656 ms] [UE 22873] UL: SNR = 63.50 dB | SE = 20.778 bit/s/Hz
[80656 ms] [UE 30556] UL: SNR = 63.50 dB | SE = 20.778 bit/s/Hz
[80656 ms] [UE 20945] UL: SNR = 63.50 dB | SE = 20.778 bit/s/Hz
[80764 ms] [UE 45898] UL: SNR = 63.50 dB | SE = 20.778 bit/s/Hz
[80764 ms] [UE 36997] UL: SNR = 63.50 dB | SE = 20.778 bit/s/Hz
[80764 ms] [UE 48787] UL: SNR = 63.50 dB | SE = 20.778 bit/s/Hz
[80764 ms] [UE 40252] UL: SNR = 56.00 dB | SE = 18.324 bit/s/Hz
[80764 ms] [UE 15599] UL: SNR = 52.50 dB | SE = 17.179 bit/s/Hz
[80766 ms] [UE 33952] UL: SNR = 63.50 dB | SE = 20.778 bit/s/Hz
[80766 ms] [UE 12169] UL: SNR = 63.50 dB | SE = 20.778 bit/s/Hz
[80766 ms] [UE 22873] UL: SNR = 63.50 dB | SE = 20.778 bit/s/Hz
[80766 ms] [UE 30556] UL: SNR = 63.50 dB | SE = 20.778 bit/s/Hz
[80766 ms] [UE 20945] UL: SNR = 63.50 dB | SE = 20.778 bit/s/Hz
[80864 ms] [UE 45898] UL: SNR = 63.50 dB | SE = 20.778 bit/s/Hz
[80864 ms] [UE 36997] UL: SNR = 63.50 dB | SE = 20.778 bit/s/Hz
[80864 ms] [UE 48787] UL: SNR = 63.50 dB | SE = 20.778 bit/s/Hz
[80864 ms] [UE 40252] UL: SNR = 56.00 dB | SE = 18.324 bit/s/Hz
[80864 ms] [UE 15599] UL: SNR = 52.50 dB | SE = 17.179 bit/s/Hz
[80876 ms] [UE 33952] UL: SNR = 63.50 dB | SE = 20.778 bit/s/Hz
[80876 ms] [UE 12169] UL: SNR = 63.50 dB | SE = 20.778 bit/s/Hz
[80876 ms] [UE 22873] UL: SNR = 63.50 dB | SE = 20.778 bit/s/Hz
[80876 ms] [UE 30556] UL: SNR = 63.50 dB | SE = 20.778 bit/s/Hz
[80876 ms] [UE 20945] UL: SNR = 63.50 dB | SE = 20.778 bit/s/Hz
[80973 ms] [UE 45898] UL: SNR = 63.50 dB | SE = 20.778 bit/s/Hz
[80973 ms] [UE 36997] UL: SNR = 63.50 dB | SE = 20.778 bit/s/Hz
[80973 ms] [UE 48787] UL: SNR = 63.50 dB | SE = 20.778 bit/s/Hz
[80973 ms] [UE 40252] UL: SNR = 56.00 dB | SE = 18.324 bit/s/Hz
[80973 ms] [UE 15599] UL: SNR = 52.50 dB | SE = 17.179 bit/s/Hz
[80986 ms] [UE 33952] UL: SNR = 63.50 dB | SE = 20.778 bit/s/Hz
[80986 ms] [UE 12169] UL: SNR = 63.50 dB | SE = 20.778 bit/s/Hz
[80986 ms] [UE 22873] UL: SNR = 63.50 dB | SE = 20.778 bit/s/Hz
[80986 ms] [UE 30556] UL: SNR = 63.50 dB | SE = 20.778 bit/s/Hz
[80986 ms] [UE 20945] UL: SNR = 63.50 dB | SE = 20.778 bit/s/Hz
[81073 ms] [UE 45898] UL: SNR = 63.50 dB | SE = 20.778 bit/s/Hz
[81073 ms] [UE 36997] UL: SNR = 63.50 dB | SE = 20.778 bit/s/Hz
[81073 ms] [UE 48787] UL: SNR = 63.50 dB | SE = 20.778 bit/s/Hz
[81073 ms] [UE 40252] UL: SNR = 56.00 dB | SE = 18.324 bit/s/Hz
[81073 ms] [UE 15599] UL: SNR = 52.50 dB | SE = 17.179 bit/s/Hz
[81086 ms] [UE 33952] UL: SNR = 63.50 dB | SE = 20.778 bit/s/Hz
[81086 ms] [UE 12169] UL: SNR = 63.50 dB | SE = 20.778 bit/s/Hz
[81086 ms] [UE 22873] UL: SNR = 63.50 dB | SE = 20.778 bit/s/Hz
[81086 ms] [UE 30556] UL: SNR = 63.50 dB | SE = 20.778 bit/s/Hz
[81086 ms] [UE 20945] UL: SNR = 63.50 dB | SE = 20.778 bit/s/Hz
[81173 ms] [UE 45898] UL: SNR = 63.50 dB | SE = 20.778 bit/s/Hz
[81173 ms] [UE 36997] UL: SNR = 63.50 dB | SE = 20.778 bit/s/Hz
[81173 ms] [UE 48787] UL: SNR = 63.50 dB | SE = 20.778 bit/s/Hz
[81173 ms] [UE 40252] UL: SNR = 56.00 dB | SE = 18.324 bit/s/Hz
[81173 ms] [UE 15599] UL: SNR = 52.50 dB | SE = 17.179 bit/s/Hz
[81196 ms] [UE 33952] UL: SNR = 63.50 dB | SE = 20.778 bit/s/Hz
[81196 ms] [UE 12169] UL: SNR = 63.50 dB | SE = 20.778 bit/s/Hz
[81196 ms] [UE 22873] UL: SNR = 63.50 dB | SE = 20.778 bit/s/Hz
[81196 ms] [UE 30556] UL: SNR = 63.50 dB | SE = 20.778 bit/s/Hz
[81196 ms] [UE 20945] UL: SNR = 63.50 dB | SE = 20.778 bit/s/Hz
[81273 ms] [UE 45898] UL: SNR = 63.50 dB | SE = 20.778 bit/s/Hz
[81273 ms] [UE 36997] UL: SNR = 63.50 dB | SE = 20.778 bit/s/Hz
[81273 ms] [UE 48787] UL: SNR = 63.50 dB | SE = 20.778 bit/s/Hz
[81273 ms] [UE 40252] UL: SNR = 56.00 dB | SE = 18.324 bit/s/Hz
[81273 ms] [UE 15599] UL: SNR = 52.50 dB | SE = 17.179 bit/s/Hz
[81296 ms] [UE 33952] UL: SNR = 63.50 dB | SE = 20.778 bit/s/Hz
[81296 ms] [UE 12169] UL: SNR = 63.50 dB | SE = 20.778 bit/s/Hz
[81296 ms] [UE 22873] UL: SNR = 63.50 dB | SE = 20.778 bit/s/Hz
[81296 ms] [UE 30556] UL: SNR = 63.50 dB | SE = 20.778 bit/s/Hz
[81296 ms] [UE 20945] UL: SNR = 63.50 dB | SE = 20.778 bit/s/Hz
[81384 ms] [UE 45898] UL: SNR = 63.50 dB | SE = 20.778 bit/s/Hz
[81384 ms] [UE 36997] UL: SNR = 63.50 dB | SE = 20.778 bit/s/Hz
[81384 ms] [UE 48787] UL: SNR = 63.50 dB | SE = 20.778 bit/s/Hz
[81384 ms] [UE 40252] UL: SNR = 56.00 dB | SE = 18.324 bit/s/Hz
[81384 ms] [UE 15599] UL: SNR = 52.50 dB | SE = 17.179 bit/s/Hz
[81396 ms] [UE 33952] UL: SNR = 63.50 dB | SE = 20.778 bit/s/Hz
[81396 ms] [UE 12169] UL: SNR = 63.50 dB | SE = 20.778 bit/s/Hz
[81396 ms] [UE 22873] UL: SNR = 63.50 dB | SE = 20.778 bit/s/Hz
[81396 ms] [UE 30556] UL: SNR = 63.50 dB | SE = 20.778 bit/s/Hz
[81396 ms] [UE 20945] UL: SNR = 63.50 dB | SE = 20.778 bit/s/Hz
[81484 ms] [UE 45898] UL: SNR = 63.50 dB | SE = 20.778 bit/s/Hz
[81484 ms] [UE 36997] UL: SNR = 63.50 dB | SE = 20.778 bit/s/Hz
[81484 ms] [UE 48787] UL: SNR = 63.50 dB | SE = 20.778 bit/s/Hz
[81484 ms] [UE 40252] UL: SNR = 56.00 dB | SE = 18.324 bit/s/Hz
[81484 ms] [UE 15599] UL: SNR = 52.50 dB | SE = 17.179 bit/s/Hz
[81508 ms] [UE 33952] UL: SNR = 63.50 dB | SE = 20.778 bit/s/Hz
[81508 ms] [UE 12169] UL: SNR = 63.50 dB | SE = 20.778 bit/s/Hz
[81508 ms] [UE 22873] UL: SNR = 63.50 dB | SE = 20.778 bit/s/Hz
[81508 ms] [UE 30556] UL: SNR = 63.50 dB | SE = 20.778 bit/s/Hz
[81508 ms] [UE 20945] UL: SNR = 63.50 dB | SE = 20.778 bit/s/Hz
[81593 ms] [UE 45898] UL: SNR = 63.50 dB | SE = 20.778 bit/s/Hz
[81593 ms] [UE 36997] UL: SNR = 63.50 dB | SE = 20.778 bit/s/Hz
[81593 ms] [UE 48787] UL: SNR = 63.50 dB | SE = 20.778 bit/s/Hz
[81593 ms] [UE 40252] UL: SNR = 56.00 dB | SE = 18.324 bit/s/Hz
[81593 ms] [UE 15599] UL: SNR = 52.50 dB | SE = 17.179 bit/s/Hz
[81616 ms] [UE 33952] UL: SNR = 63.50 dB | SE = 20.778 bit/s/Hz
[81616 ms] [UE 12169] UL: SNR = 63.50 dB | SE = 20.778 bit/s/Hz
[81616 ms] [UE 22873] UL: SNR = 63.50 dB | SE = 20.778 bit/s/Hz
[81616 ms] [UE 30556] UL: SNR = 63.50 dB | SE = 20.778 bit/s/Hz
[81616 ms] [UE 20945] UL: SNR = 63.50 dB | SE = 20.778 bit/s/Hz
[81704 ms] [UE 45898] UL: SNR = 63.50 dB | SE = 20.778 bit/s/Hz
[81704 ms] [UE 36997] UL: SNR = 63.50 dB | SE = 20.778 bit/s/Hz
[81704 ms] [UE 48787] UL: SNR = 63.50 dB | SE = 20.778 bit/s/Hz
[81704 ms] [UE 40252] UL: SNR = 56.00 dB | SE = 18.324 bit/s/Hz
[81704 ms] [UE 15599] UL: SNR = 52.50 dB | SE = 17.179 bit/s/Hz
[81717 ms] [UE 33952] UL: SNR = 63.50 dB | SE = 20.778 bit/s/Hz
[81717 ms] [UE 12169] UL: SNR = 63.50 dB | SE = 20.778 bit/s/Hz
[81717 ms] [UE 22873] UL: SNR = 63.50 dB | SE = 20.778 bit/s/Hz
[81717 ms] [UE 30556] UL: SNR = 63.50 dB | SE = 20.778 bit/s/Hz
[81717 ms] [UE 20945] UL: SNR = 63.50 dB | SE = 20.778 bit/s/Hz
[81813 ms] [UE 45898] UL: SNR = 63.50 dB | SE = 20.778 bit/s/Hz
[81813 ms] [UE 36997] UL: SNR = 63.50 dB | SE = 20.778 bit/s/Hz
[81813 ms] [UE 48787] UL: SNR = 63.50 dB | SE = 20.778 bit/s/Hz
[81813 ms] [UE 40252] UL: SNR = 56.00 dB | SE = 18.324 bit/s/Hz
[81813 ms] [UE 15599] UL: SNR = 52.50 dB | SE = 17.179 bit/s/Hz
[81826 ms] [UE 33952] UL: SNR = 63.50 dB | SE = 20.778 bit/s/Hz
[81826 ms] [UE 12169] UL: SNR = 63.50 dB | SE = 20.778 bit/s/Hz
[81826 ms] [UE 22873] UL: SNR = 63.50 dB | SE = 20.778 bit/s/Hz
[81826 ms] [UE 30556] UL: SNR = 7.50 dB | SE = 2.687 bit/s/Hz
[81826 ms] [UE 20945] UL: SNR = 63.50 dB | SE = 20.778 bit/s/Hz
[81914 ms] [UE 45898] UL: SNR = 63.50 dB | SE = 20.778 bit/s/Hz
[81914 ms] [UE 36997] UL: SNR = 63.50 dB | SE = 20.778 bit/s/Hz
[81914 ms] [UE 48787] UL: SNR = 63.50 dB | SE = 20.778 bit/s/Hz
[81914 ms] [UE 40252] UL: SNR = 56.00 dB | SE = 18.324 bit/s/Hz
[81914 ms] [UE 15599] UL: SNR = 52.50 dB | SE = 17.179 bit/s/Hz
[81926 ms] [UE 33952] UL: SNR = 63.50 dB | SE = 20.778 bit/s/Hz
[81926 ms] [UE 12169] UL: SNR = 63.50 dB | SE = 20.778 bit/s/Hz
[81926 ms] [UE 22873] UL: SNR = 63.50 dB | SE = 20.778 bit/s/Hz
[81926 ms] [UE 30556] UL: SNR = 7.50 dB | SE = 2.687 bit/s/Hz
[81926 ms] [UE 20945] UL: SNR = 63.50 dB | SE = 20.778 bit/s/Hz
[82025 ms] [UE 45898] UL: SNR = 63.50 dB | SE = 20.778 bit/s/Hz
[82025 ms] [UE 36997] UL: SNR = 63.50 dB | SE = 20.778 bit/s/Hz
[82025 ms] [UE 48787] UL: SNR = 63.50 dB | SE = 20.778 bit/s/Hz
[82025 ms] [UE 40252] UL: SNR = 56.00 dB | SE = 18.324 bit/s/Hz
[82025 ms] [UE 15599] UL: SNR = 52.50 dB | SE = 17.179 bit/s/Hz
[82035 ms] [UE 33952] UL: SNR = 7.50 dB | SE = 2.687 bit/s/Hz
[82035 ms] [UE 12169] UL: SNR = 63.50 dB | SE = 20.778 bit/s/Hz
[82035 ms] [UE 22873] UL: SNR = 63.50 dB | SE = 20.778 bit/s/Hz
[82035 ms] [UE 30556] UL: SNR = 51.50 dB | SE = 16.851 bit/s/Hz
[82035 ms] [UE 20945] UL: SNR = 63.50 dB | SE = 20.778 bit/s/Hz
[82133 ms] [UE 45898] UL: SNR = 63.50 dB | SE = 20.778 bit/s/Hz
[82133 ms] [UE 36997] UL: SNR = 63.50 dB | SE = 20.778 bit/s/Hz
[82133 ms] [UE 48787] UL: SNR = 63.50 dB | SE = 20.778 bit/s/Hz
[82133 ms] [UE 40252] UL: SNR = 56.00 dB | SE = 18.324 bit/s/Hz
[82133 ms] [UE 15599] UL: SNR = 52.50 dB | SE = 17.179 bit/s/Hz
[82136 ms] [UE 33952] UL: SNR = 7.50 dB | SE = 2.687 bit/s/Hz
[82136 ms] [UE 12169] UL: SNR = 63.50 dB | SE = 20.778 bit/s/Hz
[82136 ms] [UE 22873] UL: SNR = 63.50 dB | SE = 20.778 bit/s/Hz
[82136 ms] [UE 30556] UL: SNR = 51.50 dB | SE = 16.851 bit/s/Hz
[82136 ms] [UE 20945] UL: SNR = 63.50 dB | SE = 20.778 bit/s/Hz
[82233 ms] [UE 45898] UL: SNR = 63.50 dB | SE = 20.778 bit/s/Hz
[82233 ms] [UE 36997] UL: SNR = 63.50 dB | SE = 20.778 bit/s/Hz
[82233 ms] [UE 48787] UL: SNR = 63.50 dB | SE = 20.778 bit/s/Hz
[82233 ms] [UE 40252] UL: SNR = 56.00 dB | SE = 18.324 bit/s/Hz
[82233 ms] [UE 15599] UL: SNR = 52.50 dB | SE = 17.179 bit/s/Hz
[82236 ms] [UE 33952] UL: SNR = 7.50 dB | SE = 2.687 bit/s/Hz
[82236 ms] [UE 12169] UL: SNR = 63.50 dB | SE = 20.778 bit/s/Hz
[82236 ms] [UE 22873] UL: SNR = 63.50 dB | SE = 20.778 bit/s/Hz
[82236 ms] [UE 30556] UL: SNR = 51.50 dB | SE = 16.851 bit/s/Hz
[82236 ms] [UE 20945] UL: SNR = 63.50 dB | SE = 20.778 bit/s/Hz
[82343 ms] [UE 45898] UL: SNR = 63.50 dB | SE = 20.778 bit/s/Hz
[82343 ms] [UE 36997] UL: SNR = 63.50 dB | SE = 20.778 bit/s/Hz
[82343 ms] [UE 48787] UL: SNR = 63.50 dB | SE = 20.778 bit/s/Hz
[82343 ms] [UE 40252] UL: SNR = 56.00 dB | SE = 18.324 bit/s/Hz
[82343 ms] [UE 15599] UL: SNR = 52.50 dB | SE = 17.179 bit/s/Hz
[82346 ms] [UE 33952] UL: SNR = 7.50 dB | SE = 2.687 bit/s/Hz
[82346 ms] [UE 12169] UL: SNR = 63.50 dB | SE = 20.778 bit/s/Hz
[82346 ms] [UE 22873] UL: SNR = 63.50 dB | SE = 20.778 bit/s/Hz
[82346 ms] [UE 30556] UL: SNR = 51.50 dB | SE = 16.851 bit/s/Hz
[82346 ms] [UE 20945] UL: SNR = 63.50 dB | SE = 20.778 bit/s/Hz
[82444 ms] [UE 45898] UL: SNR = 63.50 dB | SE = 20.778 bit/s/Hz
[82444 ms] [UE 36997] UL: SNR = 63.50 dB | SE = 20.778 bit/s/Hz
[82444 ms] [UE 48787] UL: SNR = 63.50 dB | SE = 20.778 bit/s/Hz
[82444 ms] [UE 40252] UL: SNR = 56.00 dB | SE = 18.324 bit/s/Hz
[82444 ms] [UE 15599] UL: SNR = 52.50 dB | SE = 17.179 bit/s/Hz
[82455 ms] [UE 33952] UL: SNR = 7.50 dB | SE = 2.687 bit/s/Hz
[82455 ms] [UE 12169] UL: SNR = 63.50 dB | SE = 20.778 bit/s/Hz
[82455 ms] [UE 22873] UL: SNR = 63.50 dB | SE = 20.778 bit/s/Hz
[82455 ms] [UE 30556] UL: SNR = 51.50 dB | SE = 16.851 bit/s/Hz
[82455 ms] [UE 20945] UL: SNR = 63.50 dB | SE = 20.778 bit/s/Hz
[82545 ms] [UE 45898] UL: SNR = 63.50 dB | SE = 20.778 bit/s/Hz
[82545 ms] [UE 36997] UL: SNR = 63.50 dB | SE = 20.778 bit/s/Hz
[82545 ms] [UE 48787] UL: SNR = 63.50 dB | SE = 20.778 bit/s/Hz
[82545 ms] [UE 40252] UL: SNR = 56.00 dB | SE = 18.324 bit/s/Hz
[82545 ms] [UE 15599] UL: SNR = 52.50 dB | SE = 17.179 bit/s/Hz
[82556 ms] [UE 33952] UL: SNR = 7.50 dB | SE = 2.687 bit/s/Hz
[82556 ms] [UE 12169] UL: SNR = 50.50 dB | SE = 16.524 bit/s/Hz
[82556 ms] [UE 22873] UL: SNR = 63.50 dB | SE = 20.778 bit/s/Hz
[82556 ms] [UE 30556] UL: SNR = 52.50 dB | SE = 17.179 bit/s/Hz
[82556 ms] [UE 20945] UL: SNR = 54.00 dB | SE = 17.669 bit/s/Hz
[82654 ms] [UE 45898] UL: SNR = 63.50 dB | SE = 20.778 bit/s/Hz
[82654 ms] [UE 36997] UL: SNR = 63.50 dB | SE = 20.778 bit/s/Hz
[82654 ms] [UE 48787] UL: SNR = 63.50 dB | SE = 20.778 bit/s/Hz
[82654 ms] [UE 40252] UL: SNR = 56.00 dB | SE = 18.324 bit/s/Hz
[82654 ms] [UE 15599] UL: SNR = 52.50 dB | SE = 17.179 bit/s/Hz
[82666 ms] [UE 33952] UL: SNR = 7.50 dB | SE = 2.687 bit/s/Hz
[82666 ms] [UE 12169] UL: SNR = 50.50 dB | SE = 16.524 bit/s/Hz
[82666 ms] [UE 22873] UL: SNR = 63.50 dB | SE = 20.778 bit/s/Hz
[82666 ms] [UE 30556] UL: SNR = 52.50 dB | SE = 17.179 bit/s/Hz
[82666 ms] [UE 20945] UL: SNR = 54.00 dB | SE = 17.669 bit/s/Hz
[82754 ms] [UE 45898] UL: SNR = 63.50 dB | SE = 20.778 bit/s/Hz
[82754 ms] [UE 36997] UL: SNR = 63.50 dB | SE = 20.778 bit/s/Hz
[82754 ms] [UE 48787] UL: SNR = 63.50 dB | SE = 20.778 bit/s/Hz
[82754 ms] [UE 40252] UL: SNR = 56.00 dB | SE = 18.324 bit/s/Hz
[82754 ms] [UE 15599] UL: SNR = 52.50 dB | SE = 17.179 bit/s/Hz
[82767 ms] [UE 33952] UL: SNR = 7.50 dB | SE = 2.687 bit/s/Hz
[82767 ms] [UE 12169] UL: SNR = 50.50 dB | SE = 16.524 bit/s/Hz
[82767 ms] [UE 22873] UL: SNR = 63.50 dB | SE = 20.778 bit/s/Hz
[82767 ms] [UE 30556] UL: SNR = 54.00 dB | SE = 17.669 bit/s/Hz
[82767 ms] [UE 20945] UL: SNR = 54.00 dB | SE = 17.669 bit/s/Hz
[82863 ms] [UE 45898] UL: SNR = 63.50 dB | SE = 20.778 bit/s/Hz
[82863 ms] [UE 36997] UL: SNR = 63.50 dB | SE = 20.778 bit/s/Hz
[82863 ms] [UE 48787] UL: SNR = 63.50 dB | SE = 20.778 bit/s/Hz
[82863 ms] [UE 40252] UL: SNR = 56.00 dB | SE = 18.324 bit/s/Hz
[82863 ms] [UE 15599] UL: SNR = 52.50 dB | SE = 17.179 bit/s/Hz
[82876 ms] [UE 33952] UL: SNR = 7.50 dB | SE = 2.687 bit/s/Hz
[82876 ms] [UE 12169] UL: SNR = 50.50 dB | SE = 16.524 bit/s/Hz
[82876 ms] [UE 22873] UL: SNR = 63.50 dB | SE = 20.778 bit/s/Hz
[82876 ms] [UE 30556] UL: SNR = 54.00 dB | SE = 17.669 bit/s/Hz
[82876 ms] [UE 20945] UL: SNR = 54.00 dB | SE = 17.669 bit/s/Hz
[82963 ms] [UE 45898] UL: SNR = 63.50 dB | SE = 20.778 bit/s/Hz
[82963 ms] [UE 36997] UL: SNR = 63.50 dB | SE = 20.778 bit/s/Hz
[82963 ms] [UE 48787] UL: SNR = 63.50 dB | SE = 20.778 bit/s/Hz
[82963 ms] [UE 40252] UL: SNR = 56.00 dB | SE = 18.324 bit/s/Hz
[82963 ms] [UE 15599] UL: SNR = 52.50 dB | SE = 17.179 bit/s/Hz
[82986 ms] [UE 33952] UL: SNR = 7.50 dB | SE = 2.687 bit/s/Hz
[82986 ms] [UE 12169] UL: SNR = 63.50 dB | SE = 20.778 bit/s/Hz
[82986 ms] [UE 22873] UL: SNR = 63.50 dB | SE = 20.778 bit/s/Hz
[82986 ms] [UE 30556] UL: SNR = 63.50 dB | SE = 20.778 bit/s/Hz
[82986 ms] [UE 20945] UL: SNR = 63.50 dB | SE = 20.778 bit/s/Hz
[83063 ms] [UE 45898] UL: SNR = 63.50 dB | SE = 20.778 bit/s/Hz
[83063 ms] [UE 36997] UL: SNR = 63.50 dB | SE = 20.778 bit/s/Hz
[83063 ms] [UE 48787] UL: SNR = 63.50 dB | SE = 20.778 bit/s/Hz
[83063 ms] [UE 40252] UL: SNR = 56.00 dB | SE = 18.324 bit/s/Hz
[83063 ms] [UE 15599] UL: SNR = 52.50 dB | SE = 17.179 bit/s/Hz
[83086 ms] [UE 33952] UL: SNR = 7.50 dB | SE = 2.687 bit/s/Hz
[83086 ms] [UE 12169] UL: SNR = 63.50 dB | SE = 20.778 bit/s/Hz
[83086 ms] [UE 22873] UL: SNR = 63.50 dB | SE = 20.778 bit/s/Hz
[83086 ms] [UE 30556] UL: SNR = 63.50 dB | SE = 20.778 bit/s/Hz
[83086 ms] [UE 20945] UL: SNR = 63.50 dB | SE = 20.778 bit/s/Hz
[83173 ms] [UE 45898] UL: SNR = 63.50 dB | SE = 20.778 bit/s/Hz
[83173 ms] [UE 36997] UL: SNR = 63.50 dB | SE = 20.778 bit/s/Hz
[83173 ms] [UE 48787] UL: SNR = 63.50 dB | SE = 20.778 bit/s/Hz
[83173 ms] [UE 40252] UL: SNR = 56.00 dB | SE = 18.324 bit/s/Hz
[83173 ms] [UE 15599] UL: SNR = 52.50 dB | SE = 17.179 bit/s/Hz
[83196 ms] [UE 33952] UL: SNR = 7.50 dB | SE = 2.687 bit/s/Hz
[83196 ms] [UE 12169] UL: SNR = 63.50 dB | SE = 20.778 bit/s/Hz
[83196 ms] [UE 22873] UL: SNR = 63.50 dB | SE = 20.778 bit/s/Hz
[83196 ms] [UE 30556] UL: SNR = 63.50 dB | SE = 20.778 bit/s/Hz
[83196 ms] [UE 20945] UL: SNR = 63.50 dB | SE = 20.778 bit/s/Hz
[83274 ms] [UE 45898] UL: SNR = 63.50 dB | SE = 20.778 bit/s/Hz
[83274 ms] [UE 36997] UL: SNR = 63.50 dB | SE = 20.778 bit/s/Hz
[83274 ms] [UE 48787] UL: SNR = 63.50 dB | SE = 20.778 bit/s/Hz
[83274 ms] [UE 40252] UL: SNR = 56.00 dB | SE = 18.324 bit/s/Hz
[83274 ms] [UE 15599] UL: SNR = 52.50 dB | SE = 17.179 bit/s/Hz
[83307 ms] [UE 33952] UL: SNR = 7.50 dB | SE = 2.687 bit/s/Hz
[83307 ms] [UE 12169] UL: SNR = 63.50 dB | SE = 20.778 bit/s/Hz
[83307 ms] [UE 22873] UL: SNR = 63.50 dB | SE = 20.778 bit/s/Hz
[83307 ms] [UE 30556] UL: SNR = 54.00 dB | SE = 17.669 bit/s/Hz
[83307 ms] [UE 20945] UL: SNR = 63.50 dB | SE = 20.778 bit/s/Hz
[83383 ms] [UE 45898] UL: SNR = 63.50 dB | SE = 20.778 bit/s/Hz
[83383 ms] [UE 36997] UL: SNR = 63.50 dB | SE = 20.778 bit/s/Hz
[83383 ms] [UE 48787] UL: SNR = 63.50 dB | SE = 20.778 bit/s/Hz
[83383 ms] [UE 40252] UL: SNR = 56.00 dB | SE = 18.324 bit/s/Hz
[83383 ms] [UE 15599] UL: SNR = 52.50 dB | SE = 17.179 bit/s/Hz
[83416 ms] [UE 33952] UL: SNR = 7.50 dB | SE = 2.687 bit/s/Hz
[83416 ms] [UE 12169] UL: SNR = 63.50 dB | SE = 20.778 bit/s/Hz
[83416 ms] [UE 22873] UL: SNR = 63.50 dB | SE = 20.778 bit/s/Hz
[83416 ms] [UE 30556] UL: SNR = 54.00 dB | SE = 17.669 bit/s/Hz
[83416 ms] [UE 20945] UL: SNR = 63.50 dB | SE = 20.778 bit/s/Hz
[83483 ms] [UE 45898] UL: SNR = 63.50 dB | SE = 20.778 bit/s/Hz
[83483 ms] [UE 36997] UL: SNR = 63.50 dB | SE = 20.778 bit/s/Hz
[83483 ms] [UE 48787] UL: SNR = 63.50 dB | SE = 20.778 bit/s/Hz
[83483 ms] [UE 40252] UL: SNR = 56.00 dB | SE = 18.324 bit/s/Hz
[83483 ms] [UE 15599] UL: SNR = 52.50 dB | SE = 17.179 bit/s/Hz
[83516 ms] [UE 33952] UL: SNR = 7.50 dB | SE = 2.687 bit/s/Hz
[83516 ms] [UE 12169] UL: SNR = 63.50 dB | SE = 20.778 bit/s/Hz
[83516 ms] [UE 22873] UL: SNR = 63.50 dB | SE = 20.778 bit/s/Hz
[83516 ms] [UE 30556] UL: SNR = 63.50 dB | SE = 20.778 bit/s/Hz
[83516 ms] [UE 20945] UL: SNR = 63.50 dB | SE = 20.778 bit/s/Hz
[83593 ms] [UE 45898] UL: SNR = 63.50 dB | SE = 20.778 bit/s/Hz
[83593 ms] [UE 36997] UL: SNR = 63.50 dB | SE = 20.778 bit/s/Hz
[83593 ms] [UE 48787] UL: SNR = 63.50 dB | SE = 20.778 bit/s/Hz
[83593 ms] [UE 40252] UL: SNR = 56.00 dB | SE = 18.324 bit/s/Hz
[83593 ms] [UE 15599] UL: SNR = 52.50 dB | SE = 17.179 bit/s/Hz
[83626 ms] [UE 33952] UL: SNR = 7.50 dB | SE = 2.687 bit/s/Hz
[83626 ms] [UE 12169] UL: SNR = 63.50 dB | SE = 20.778 bit/s/Hz
[83626 ms] [UE 22873] UL: SNR = 63.50 dB | SE = 20.778 bit/s/Hz
[83626 ms] [UE 30556] UL: SNR = 63.50 dB | SE = 20.778 bit/s/Hz
[83626 ms] [UE 20945] UL: SNR = 63.50 dB | SE = 20.778 bit/s/Hz
[83693 ms] [UE 45898] UL: SNR = 63.50 dB | SE = 20.778 bit/s/Hz
[83693 ms] [UE 36997] UL: SNR = 63.50 dB | SE = 20.778 bit/s/Hz
[83693 ms] [UE 48787] UL: SNR = 63.50 dB | SE = 20.778 bit/s/Hz
[83693 ms] [UE 40252] UL: SNR = 56.00 dB | SE = 18.324 bit/s/Hz
[83693 ms] [UE 15599] UL: SNR = 52.50 dB | SE = 17.179 bit/s/Hz
[83729 ms] [UE 33952] UL: SNR = 7.50 dB | SE = 2.687 bit/s/Hz
[83729 ms] [UE 12169] UL: SNR = 63.50 dB | SE = 20.778 bit/s/Hz
[83729 ms] [UE 22873] UL: SNR = 63.50 dB | SE = 20.778 bit/s/Hz
[83729 ms] [UE 30556] UL: SNR = 63.50 dB | SE = 20.778 bit/s/Hz
[83729 ms] [UE 20945] UL: SNR = 63.50 dB | SE = 20.778 bit/s/Hz
[83804 ms] [UE 45898] UL: SNR = 63.50 dB | SE = 20.778 bit/s/Hz
[83804 ms] [UE 36997] UL: SNR = 63.50 dB | SE = 20.778 bit/s/Hz
[83804 ms] [UE 48787] UL: SNR = 63.50 dB | SE = 20.778 bit/s/Hz
[83804 ms] [UE 40252] UL: SNR = 56.00 dB | SE = 18.324 bit/s/Hz
[83804 ms] [UE 15599] UL: SNR = 52.50 dB | SE = 17.179 bit/s/Hz
[83835 ms] [UE 33952] UL: SNR = 7.50 dB | SE = 2.687 bit/s/Hz
[83835 ms] [UE 12169] UL: SNR = 63.50 dB | SE = 20.778 bit/s/Hz
[83835 ms] [UE 22873] UL: SNR = 63.50 dB | SE = 20.778 bit/s/Hz
[83835 ms] [UE 30556] UL: SNR = 63.50 dB | SE = 20.778 bit/s/Hz
[83835 ms] [UE 20945] UL: SNR = 63.50 dB | SE = 20.778 bit/s/Hz
[83913 ms] [UE 45898] UL: SNR = 63.50 dB | SE = 20.778 bit/s/Hz
[83913 ms] [UE 36997] UL: SNR = 63.50 dB | SE = 20.778 bit/s/Hz
[83913 ms] [UE 48787] UL: SNR = 63.50 dB | SE = 20.778 bit/s/Hz
[83913 ms] [UE 40252] UL: SNR = 56.00 dB | SE = 18.324 bit/s/Hz
[83913 ms] [UE 15599] UL: SNR = 52.50 dB | SE = 17.179 bit/s/Hz
[83936 ms] [UE 33952] UL: SNR = 7.50 dB | SE = 2.687 bit/s/Hz
[83936 ms] [UE 12169] UL: SNR = 63.50 dB | SE = 20.778 bit/s/Hz
[83936 ms] [UE 22873] UL: SNR = 63.50 dB | SE = 20.778 bit/s/Hz
[83936 ms] [UE 30556] UL: SNR = 63.50 dB | SE = 20.778 bit/s/Hz
[83936 ms] [UE 20945] UL: SNR = 63.50 dB | SE = 20.778 bit/s/Hz
[84023 ms] [UE 45898] UL: SNR = 63.50 dB | SE = 20.778 bit/s/Hz
[84023 ms] [UE 36997] UL: SNR = 63.50 dB | SE = 20.778 bit/s/Hz
[84023 ms] [UE 48787] UL: SNR = 63.50 dB | SE = 20.778 bit/s/Hz
[84023 ms] [UE 40252] UL: SNR = 56.00 dB | SE = 18.324 bit/s/Hz
[84023 ms] [UE 15599] UL: SNR = 52.50 dB | SE = 17.179 bit/s/Hz
[84048 ms] [UE 33952] UL: SNR = 7.50 dB | SE = 2.687 bit/s/Hz
[84048 ms] [UE 12169] UL: SNR = 63.50 dB | SE = 20.778 bit/s/Hz
[84048 ms] [UE 22873] UL: SNR = 63.50 dB | SE = 20.778 bit/s/Hz
[84048 ms] [UE 30556] UL: SNR = 63.50 dB | SE = 20.778 bit/s/Hz
[84048 ms] [UE 20945] UL: SNR = 63.50 dB | SE = 20.778 bit/s/Hz
[84123 ms] [UE 45898] UL: SNR = 63.50 dB | SE = 20.778 bit/s/Hz
[84123 ms] [UE 36997] UL: SNR = 63.50 dB | SE = 20.778 bit/s/Hz
[84123 ms] [UE 48787] UL: SNR = 63.50 dB | SE = 20.778 bit/s/Hz
[84123 ms] [UE 40252] UL: SNR = 56.00 dB | SE = 18.324 bit/s/Hz
[84123 ms] [UE 15599] UL: SNR = 52.50 dB | SE = 17.179 bit/s/Hz
[84156 ms] [UE 33952] UL: SNR = 7.50 dB | SE = 2.687 bit/s/Hz
[84156 ms] [UE 12169] UL: SNR = 63.50 dB | SE = 20.778 bit/s/Hz
[84156 ms] [UE 22873] UL: SNR = 63.50 dB | SE = 20.778 bit/s/Hz
[84156 ms] [UE 30556] UL: SNR = 63.50 dB | SE = 20.778 bit/s/Hz
[84156 ms] [UE 20945] UL: SNR = 63.50 dB | SE = 20.778 bit/s/Hz
[84224 ms] [UE 45898] UL: SNR = 63.50 dB | SE = 20.778 bit/s/Hz
[84224 ms] [UE 36997] UL: SNR = 63.50 dB | SE = 20.778 bit/s/Hz
[84224 ms] [UE 48787] UL: SNR = 63.50 dB | SE = 20.778 bit/s/Hz
[84224 ms] [UE 40252] UL: SNR = 56.00 dB | SE = 18.324 bit/s/Hz
[84224 ms] [UE 15599] UL: SNR = 52.50 dB | SE = 17.179 bit/s/Hz
[84267 ms] [UE 33952] UL: SNR = 7.50 dB | SE = 2.687 bit/s/Hz
[84267 ms] [UE 12169] UL: SNR = 63.50 dB | SE = 20.778 bit/s/Hz
[84267 ms] [UE 22873] UL: SNR = 63.50 dB | SE = 20.778 bit/s/Hz
[84267 ms] [UE 30556] UL: SNR = 63.50 dB | SE = 20.778 bit/s/Hz
[84267 ms] [UE 20945] UL: SNR = 63.50 dB | SE = 20.778 bit/s/Hz
[84333 ms] [UE 45898] UL: SNR = 63.50 dB | SE = 20.778 bit/s/Hz
[84333 ms] [UE 36997] UL: SNR = 63.50 dB | SE = 20.778 bit/s/Hz
[84333 ms] [UE 48787] UL: SNR = 63.50 dB | SE = 20.778 bit/s/Hz
[84333 ms] [UE 40252] UL: SNR = 56.00 dB | SE = 18.324 bit/s/Hz
[84333 ms] [UE 15599] UL: SNR = 52.50 dB | SE = 17.179 bit/s/Hz
[84378 ms] [UE 33952] UL: SNR = 7.50 dB | SE = 2.687 bit/s/Hz
[84378 ms] [UE 12169] UL: SNR = 63.50 dB | SE = 20.778 bit/s/Hz
[84378 ms] [UE 22873] UL: SNR = 63.50 dB | SE = 20.778 bit/s/Hz
[84378 ms] [UE 30556] UL: SNR = 63.50 dB | SE = 20.778 bit/s/Hz
[84378 ms] [UE 20945] UL: SNR = 63.50 dB | SE = 20.778 bit/s/Hz
[84443 ms] [UE 45898] UL: SNR = 63.50 dB | SE = 20.778 bit/s/Hz
[84443 ms] [UE 36997] UL: SNR = 63.50 dB | SE = 20.778 bit/s/Hz
[84443 ms] [UE 48787] UL: SNR = 63.50 dB | SE = 20.778 bit/s/Hz
[84443 ms] [UE 40252] UL: SNR = 56.00 dB | SE = 18.324 bit/s/Hz
[84443 ms] [UE 15599] UL: SNR = 52.50 dB | SE = 17.179 bit/s/Hz
[84486 ms] [UE 33952] UL: SNR = 7.50 dB | SE = 2.687 bit/s/Hz
[84486 ms] [UE 12169] UL: SNR = 63.50 dB | SE = 20.778 bit/s/Hz
[84486 ms] [UE 22873] UL: SNR = 63.50 dB | SE = 20.778 bit/s/Hz
[84486 ms] [UE 30556] UL: SNR = 63.50 dB | SE = 20.778 bit/s/Hz
[84486 ms] [UE 20945] UL: SNR = 63.50 dB | SE = 20.778 bit/s/Hz
[84553 ms] [UE 45898] UL: SNR = 63.50 dB | SE = 20.778 bit/s/Hz
[84553 ms] [UE 36997] UL: SNR = 63.50 dB | SE = 20.778 bit/s/Hz
[84553 ms] [UE 48787] UL: SNR = 63.50 dB | SE = 20.778 bit/s/Hz
[84553 ms] [UE 40252] UL: SNR = 56.00 dB | SE = 18.324 bit/s/Hz
[84553 ms] [UE 15599] UL: SNR = 52.50 dB | SE = 17.179 bit/s/Hz
[84596 ms] [UE 33952] UL: SNR = 7.50 dB | SE = 2.687 bit/s/Hz
[84596 ms] [UE 12169] UL: SNR = 63.50 dB | SE = 20.778 bit/s/Hz
[84596 ms] [UE 22873] UL: SNR = 63.50 dB | SE = 20.778 bit/s/Hz
[84596 ms] [UE 30556] UL: SNR = 63.50 dB | SE = 20.778 bit/s/Hz
[84596 ms] [UE 20945] UL: SNR = 63.50 dB | SE = 20.778 bit/s/Hz
[84653 ms] [UE 45898] UL: SNR = 63.50 dB | SE = 20.778 bit/s/Hz
[84653 ms] [UE 36997] UL: SNR = 63.50 dB | SE = 20.778 bit/s/Hz
[84653 ms] [UE 48787] UL: SNR = 63.50 dB | SE = 20.778 bit/s/Hz
[84653 ms] [UE 40252] UL: SNR = 56.00 dB | SE = 18.324 bit/s/Hz
[84653 ms] [UE 15599] UL: SNR = 52.50 dB | SE = 17.179 bit/s/Hz
[84706 ms] [UE 33952] UL: SNR = 7.50 dB | SE = 2.687 bit/s/Hz
[84706 ms] [UE 12169] UL: SNR = 63.50 dB | SE = 20.778 bit/s/Hz
[84706 ms] [UE 22873] UL: SNR = 63.50 dB | SE = 20.778 bit/s/Hz
[84706 ms] [UE 30556] UL: SNR = 63.50 dB | SE = 20.778 bit/s/Hz
[84706 ms] [UE 20945] UL: SNR = 63.50 dB | SE = 20.778 bit/s/Hz
[84763 ms] [UE 45898] UL: SNR = 63.50 dB | SE = 20.778 bit/s/Hz
[84763 ms] [UE 36997] UL: SNR = 63.50 dB | SE = 20.778 bit/s/Hz
[84763 ms] [UE 48787] UL: SNR = 63.50 dB | SE = 20.778 bit/s/Hz
[84763 ms] [UE 40252] UL: SNR = 56.00 dB | SE = 18.324 bit/s/Hz
[84763 ms] [UE 15599] UL: SNR = 52.50 dB | SE = 17.179 bit/s/Hz
[84806 ms] [UE 33952] UL: SNR = 7.50 dB | SE = 2.687 bit/s/Hz
[84806 ms] [UE 12169] UL: SNR = 63.50 dB | SE = 20.778 bit/s/Hz
[84806 ms] [UE 22873] UL: SNR = 63.50 dB | SE = 20.778 bit/s/Hz
[84806 ms] [UE 30556] UL: SNR = 63.50 dB | SE = 20.778 bit/s/Hz
[84806 ms] [UE 20945] UL: SNR = 63.50 dB | SE = 20.778 bit/s/Hz
[84865 ms] [UE 45898] UL: SNR = 63.50 dB | SE = 20.778 bit/s/Hz
[84865 ms] [UE 36997] UL: SNR = 63.50 dB | SE = 20.778 bit/s/Hz
[84865 ms] [UE 48787] UL: SNR = 63.50 dB | SE = 20.778 bit/s/Hz
[84865 ms] [UE 40252] UL: SNR = 56.00 dB | SE = 18.324 bit/s/Hz
[84865 ms] [UE 15599] UL: SNR = 52.50 dB | SE = 17.179 bit/s/Hz
[84918 ms] [UE 33952] UL: SNR = 7.50 dB | SE = 2.687 bit/s/Hz
[84918 ms] [UE 12169] UL: SNR = 63.50 dB | SE = 20.778 bit/s/Hz
[84918 ms] [UE 22873] UL: SNR = 63.50 dB | SE = 20.778 bit/s/Hz
[84918 ms] [UE 30556] UL: SNR = 63.50 dB | SE = 20.778 bit/s/Hz
[84918 ms] [UE 20945] UL: SNR = 63.50 dB | SE = 20.778 bit/s/Hz
[84973 ms] [UE 45898] UL: SNR = 63.50 dB | SE = 20.778 bit/s/Hz
[84973 ms] [UE 36997] UL: SNR = 63.50 dB | SE = 20.778 bit/s/Hz
[84973 ms] [UE 48787] UL: SNR = 63.50 dB | SE = 20.778 bit/s/Hz
[84973 ms] [UE 40252] UL: SNR = 56.00 dB | SE = 18.324 bit/s/Hz
[84973 ms] [UE 15599] UL: SNR = 52.50 dB | SE = 17.179 bit/s/Hz
[85026 ms] [UE 33952] UL: SNR = 7.50 dB | SE = 2.687 bit/s/Hz
[85026 ms] [UE 12169] UL: SNR = 63.50 dB | SE = 20.778 bit/s/Hz
[85026 ms] [UE 22873] UL: SNR = 63.50 dB | SE = 20.778 bit/s/Hz
[85026 ms] [UE 30556] UL: SNR = 63.50 dB | SE = 20.778 bit/s/Hz
[85026 ms] [UE 20945] UL: SNR = 63.50 dB | SE = 20.778 bit/s/Hz
[85073 ms] [UE 45898] UL: SNR = 63.50 dB | SE = 20.778 bit/s/Hz
[85073 ms] [UE 36997] UL: SNR = 63.50 dB | SE = 20.778 bit/s/Hz
[85073 ms] [UE 48787] UL: SNR = 63.50 dB | SE = 20.778 bit/s/Hz
[85073 ms] [UE 40252] UL: SNR = 56.00 dB | SE = 18.324 bit/s/Hz
[85073 ms] [UE 15599] UL: SNR = 52.50 dB | SE = 17.179 bit/s/Hz
[85127 ms] [UE 33952] UL: SNR = 7.50 dB | SE = 2.687 bit/s/Hz
[85127 ms] [UE 12169] UL: SNR = 63.50 dB | SE = 20.778 bit/s/Hz
[85127 ms] [UE 22873] UL: SNR = 63.50 dB | SE = 20.778 bit/s/Hz
[85127 ms] [UE 30556] UL: SNR = 63.50 dB | SE = 20.778 bit/s/Hz
[85127 ms] [UE 20945] UL: SNR = 63.50 dB | SE = 20.778 bit/s/Hz
[85174 ms] [UE 45898] UL: SNR = 63.50 dB | SE = 20.778 bit/s/Hz
[85174 ms] [UE 36997] UL: SNR = 63.50 dB | SE = 20.778 bit/s/Hz
[85174 ms] [UE 48787] UL: SNR = 63.50 dB | SE = 20.778 bit/s/Hz
[85174 ms] [UE 40252] UL: SNR = 56.00 dB | SE = 18.324 bit/s/Hz
[85174 ms] [UE 15599] UL: SNR = 52.50 dB | SE = 17.179 bit/s/Hz
[85236 ms] [UE 33952] UL: SNR = 7.50 dB | SE = 2.687 bit/s/Hz
[85236 ms] [UE 12169] UL: SNR = 63.50 dB | SE = 20.778 bit/s/Hz
[85236 ms] [UE 22873] UL: SNR = 63.50 dB | SE = 20.778 bit/s/Hz
[85236 ms] [UE 30556] UL: SNR = 63.50 dB | SE = 20.778 bit/s/Hz
[85236 ms] [UE 20945] UL: SNR = 63.50 dB | SE = 20.778 bit/s/Hz
[85283 ms] [UE 45898] UL: SNR = 63.50 dB | SE = 20.778 bit/s/Hz
[85283 ms] [UE 36997] UL: SNR = 63.50 dB | SE = 20.778 bit/s/Hz
[85283 ms] [UE 48787] UL: SNR = 63.50 dB | SE = 20.778 bit/s/Hz
[85283 ms] [UE 40252] UL: SNR = 56.00 dB | SE = 18.324 bit/s/Hz
[85283 ms] [UE 15599] UL: SNR = 52.50 dB | SE = 17.179 bit/s/Hz
[85336 ms] [UE 33952] UL: SNR = 7.50 dB | SE = 2.687 bit/s/Hz
[85336 ms] [UE 12169] UL: SNR = 63.50 dB | SE = 20.778 bit/s/Hz
[85336 ms] [UE 22873] UL: SNR = 63.50 dB | SE = 20.778 bit/s/Hz
[85336 ms] [UE 30556] UL: SNR = 63.50 dB | SE = 20.778 bit/s/Hz
[85336 ms] [UE 20945] UL: SNR = 63.50 dB | SE = 20.778 bit/s/Hz
[85383 ms] [UE 45898] UL: SNR = 63.50 dB | SE = 20.778 bit/s/Hz
[85383 ms] [UE 36997] UL: SNR = 63.50 dB | SE = 20.778 bit/s/Hz
[85383 ms] [UE 48787] UL: SNR = 63.50 dB | SE = 20.778 bit/s/Hz
[85383 ms] [UE 40252] UL: SNR = 56.00 dB | SE = 18.324 bit/s/Hz
[85383 ms] [UE 15599] UL: SNR = 52.50 dB | SE = 17.179 bit/s/Hz
[85446 ms] [UE 33952] UL: SNR = 7.50 dB | SE = 2.687 bit/s/Hz
[85446 ms] [UE 12169] UL: SNR = 63.50 dB | SE = 20.778 bit/s/Hz
[85446 ms] [UE 22873] UL: SNR = 63.50 dB | SE = 20.778 bit/s/Hz
[85446 ms] [UE 30556] UL: SNR = 63.50 dB | SE = 20.778 bit/s/Hz
[85446 ms] [UE 20945] UL: SNR = 63.50 dB | SE = 20.778 bit/s/Hz
[85493 ms] [UE 45898] UL: SNR = 63.50 dB | SE = 20.778 bit/s/Hz
[85493 ms] [UE 36997] UL: SNR = 63.50 dB | SE = 20.778 bit/s/Hz
[85493 ms] [UE 48787] UL: SNR = 63.50 dB | SE = 20.778 bit/s/Hz
[85493 ms] [UE 40252] UL: SNR = 56.00 dB | SE = 18.324 bit/s/Hz
[85493 ms] [UE 15599] UL: SNR = 52.50 dB | SE = 17.179 bit/s/Hz
[85556 ms] [UE 33952] UL: SNR = 7.50 dB | SE = 2.687 bit/s/Hz
[85556 ms] [UE 12169] UL: SNR = 63.50 dB | SE = 20.778 bit/s/Hz
[85556 ms] [UE 22873] UL: SNR = 63.50 dB | SE = 20.778 bit/s/Hz
[85556 ms] [UE 30556] UL: SNR = 63.50 dB | SE = 20.778 bit/s/Hz
[85556 ms] [UE 20945] UL: SNR = 63.50 dB | SE = 20.778 bit/s/Hz
[85593 ms] [UE 45898] UL: SNR = 63.50 dB | SE = 20.778 bit/s/Hz
[85593 ms] [UE 36997] UL: SNR = 63.50 dB | SE = 20.778 bit/s/Hz
[85593 ms] [UE 48787] UL: SNR = 63.50 dB | SE = 20.778 bit/s/Hz
[85593 ms] [UE 40252] UL: SNR = 56.00 dB | SE = 18.324 bit/s/Hz
[85593 ms] [UE 15599] UL: SNR = 52.50 dB | SE = 17.179 bit/s/Hz
[85659 ms] [UE 33952] UL: SNR = 7.50 dB | SE = 2.687 bit/s/Hz
[85659 ms] [UE 12169] UL: SNR = 63.50 dB | SE = 20.778 bit/s/Hz
[85659 ms] [UE 22873] UL: SNR = 63.50 dB | SE = 20.778 bit/s/Hz
[85659 ms] [UE 30556] UL: SNR = 7.50 dB | SE = 2.687 bit/s/Hz
[85659 ms] [UE 20945] UL: SNR = 63.50 dB | SE = 20.778 bit/s/Hz
[85703 ms] [UE 45898] UL: SNR = 63.50 dB | SE = 20.778 bit/s/Hz
[85703 ms] [UE 36997] UL: SNR = 63.50 dB | SE = 20.778 bit/s/Hz
[85703 ms] [UE 48787] UL: SNR = 63.50 dB | SE = 20.778 bit/s/Hz
[85703 ms] [UE 40252] UL: SNR = 56.00 dB | SE = 18.324 bit/s/Hz
[85703 ms] [UE 15599] UL: SNR = 52.50 dB | SE = 17.179 bit/s/Hz
[85765 ms] [UE 33952] UL: SNR = 7.50 dB | SE = 2.687 bit/s/Hz
[85765 ms] [UE 12169] UL: SNR = 63.50 dB | SE = 20.778 bit/s/Hz
[85765 ms] [UE 22873] UL: SNR = 63.50 dB | SE = 20.778 bit/s/Hz
[85765 ms] [UE 30556] UL: SNR = 7.50 dB | SE = 2.687 bit/s/Hz
[85765 ms] [UE 20945] UL: SNR = 63.50 dB | SE = 20.778 bit/s/Hz
[85813 ms] [UE 45898] UL: SNR = 63.50 dB | SE = 20.778 bit/s/Hz
[85813 ms] [UE 36997] UL: SNR = 63.50 dB | SE = 20.778 bit/s/Hz
[85813 ms] [UE 48787] UL: SNR = 63.50 dB | SE = 20.778 bit/s/Hz
[85813 ms] [UE 40252] UL: SNR = 56.00 dB | SE = 18.324 bit/s/Hz
[85813 ms] [UE 15599] UL: SNR = 52.50 dB | SE = 17.179 bit/s/Hz
[85877 ms] [UE 33952] UL: SNR = 7.50 dB | SE = 2.687 bit/s/Hz
[85877 ms] [UE 12169] UL: SNR = 63.50 dB | SE = 20.778 bit/s/Hz
[85877 ms] [UE 22873] UL: SNR = 63.50 dB | SE = 20.778 bit/s/Hz
[85877 ms] [UE 30556] UL: SNR = 7.50 dB | SE = 2.687 bit/s/Hz
[85877 ms] [UE 20945] UL: SNR = 63.50 dB | SE = 20.778 bit/s/Hz
[85913 ms] [UE 45898] UL: SNR = 63.50 dB | SE = 20.778 bit/s/Hz
[85913 ms] [UE 36997] UL: SNR = 63.50 dB | SE = 20.778 bit/s/Hz
[85913 ms] [UE 48787] UL: SNR = 63.50 dB | SE = 20.778 bit/s/Hz
[85913 ms] [UE 40252] UL: SNR = 56.00 dB | SE = 18.324 bit/s/Hz
[85913 ms] [UE 15599] UL: SNR = 52.50 dB | SE = 17.179 bit/s/Hz
[85986 ms] [UE 33952] UL: SNR = 7.50 dB | SE = 2.687 bit/s/Hz
[85986 ms] [UE 12169] UL: SNR = 63.50 dB | SE = 20.778 bit/s/Hz
[85986 ms] [UE 22873] UL: SNR = 63.50 dB | SE = 20.778 bit/s/Hz
[85986 ms] [UE 30556] UL: SNR = 7.50 dB | SE = 2.687 bit/s/Hz
[85986 ms] [UE 20945] UL: SNR = 63.50 dB | SE = 20.778 bit/s/Hz
[86023 ms] [UE 45898] UL: SNR = 63.50 dB | SE = 20.778 bit/s/Hz
[86023 ms] [UE 36997] UL: SNR = 63.50 dB | SE = 20.778 bit/s/Hz
[86023 ms] [UE 48787] UL: SNR = 63.50 dB | SE = 20.778 bit/s/Hz
[86023 ms] [UE 40252] UL: SNR = 56.00 dB | SE = 18.324 bit/s/Hz
[86023 ms] [UE 15599] UL: SNR = 52.50 dB | SE = 17.179 bit/s/Hz
[86086 ms] [UE 33952] UL: SNR = 7.50 dB | SE = 2.687 bit/s/Hz
[86086 ms] [UE 12169] UL: SNR = 63.50 dB | SE = 20.778 bit/s/Hz
[86086 ms] [UE 22873] UL: SNR = 63.50 dB | SE = 20.778 bit/s/Hz
[86086 ms] [UE 30556] UL: SNR = 7.50 dB | SE = 2.687 bit/s/Hz
[86086 ms] [UE 20945] UL: SNR = 63.50 dB | SE = 20.778 bit/s/Hz
[86123 ms] [UE 45898] UL: SNR = 63.50 dB | SE = 20.778 bit/s/Hz
[86123 ms] [UE 36997] UL: SNR = 63.50 dB | SE = 20.778 bit/s/Hz
[86123 ms] [UE 48787] UL: SNR = 63.50 dB | SE = 20.778 bit/s/Hz
[86123 ms] [UE 40252] UL: SNR = 56.00 dB | SE = 18.324 bit/s/Hz
[86123 ms] [UE 15599] UL: SNR = 52.50 dB | SE = 17.179 bit/s/Hz
[86196 ms] [UE 33952] UL: SNR = 7.50 dB | SE = 2.687 bit/s/Hz
[86196 ms] [UE 12169] UL: SNR = 63.50 dB | SE = 20.778 bit/s/Hz
[86196 ms] [UE 22873] UL: SNR = 63.50 dB | SE = 20.778 bit/s/Hz
[86196 ms] [UE 30556] UL: SNR = 7.50 dB | SE = 2.687 bit/s/Hz
[86196 ms] [UE 20945] UL: SNR = 63.50 dB | SE = 20.778 bit/s/Hz
[86223 ms] [UE 45898] UL: SNR = 63.50 dB | SE = 20.778 bit/s/Hz
[86223 ms] [UE 36997] UL: SNR = 63.50 dB | SE = 20.778 bit/s/Hz
[86223 ms] [UE 48787] UL: SNR = 63.50 dB | SE = 20.778 bit/s/Hz
[86223 ms] [UE 40252] UL: SNR = 56.00 dB | SE = 18.324 bit/s/Hz
[86223 ms] [UE 15599] UL: SNR = 52.50 dB | SE = 17.179 bit/s/Hz
[86297 ms] [UE 33952] UL: SNR = 7.50 dB | SE = 2.687 bit/s/Hz
[86297 ms] [UE 12169] UL: SNR = 63.50 dB | SE = 20.778 bit/s/Hz
[86297 ms] [UE 22873] UL: SNR = 63.50 dB | SE = 20.778 bit/s/Hz
[86297 ms] [UE 30556] UL: SNR = 7.50 dB | SE = 2.687 bit/s/Hz
[86297 ms] [UE 20945] UL: SNR = 63.50 dB | SE = 20.778 bit/s/Hz
[86333 ms] [UE 45898] UL: SNR = 63.50 dB | SE = 20.778 bit/s/Hz
[86333 ms] [UE 36997] UL: SNR = 63.50 dB | SE = 20.778 bit/s/Hz
[86333 ms] [UE 48787] UL: SNR = 63.50 dB | SE = 20.778 bit/s/Hz
[86333 ms] [UE 40252] UL: SNR = 56.00 dB | SE = 18.324 bit/s/Hz
[86333 ms] [UE 15599] UL: SNR = 52.50 dB | SE = 17.179 bit/s/Hz
[86406 ms] [UE 33952] UL: SNR = 7.50 dB | SE = 2.687 bit/s/Hz
[86406 ms] [UE 12169] UL: SNR = 63.50 dB | SE = 20.778 bit/s/Hz
[86406 ms] [UE 22873] UL: SNR = 63.50 dB | SE = 20.778 bit/s/Hz
[86406 ms] [UE 30556] UL: SNR = 53.50 dB | SE = 17.506 bit/s/Hz
[86406 ms] [UE 20945] UL: SNR = 63.50 dB | SE = 20.778 bit/s/Hz
[86443 ms] [UE 45898] UL: SNR = 63.50 dB | SE = 20.778 bit/s/Hz
[86443 ms] [UE 36997] UL: SNR = 63.50 dB | SE = 20.778 bit/s/Hz
[86443 ms] [UE 48787] UL: SNR = 63.50 dB | SE = 20.778 bit/s/Hz
[86443 ms] [UE 40252] UL: SNR = 56.00 dB | SE = 18.324 bit/s/Hz
[86443 ms] [UE 15599] UL: SNR = 52.50 dB | SE = 17.179 bit/s/Hz
[86516 ms] [UE 33952] UL: SNR = 7.50 dB | SE = 2.687 bit/s/Hz
[86516 ms] [UE 12169] UL: SNR = 63.50 dB | SE = 20.778 bit/s/Hz
[86516 ms] [UE 22873] UL: SNR = 63.50 dB | SE = 20.778 bit/s/Hz
[86516 ms] [UE 30556] UL: SNR = 53.50 dB | SE = 17.506 bit/s/Hz
[86516 ms] [UE 20945] UL: SNR = 63.50 dB | SE = 20.778 bit/s/Hz
[86543 ms] [UE 45898] UL: SNR = 63.50 dB | SE = 20.778 bit/s/Hz
[86543 ms] [UE 36997] UL: SNR = 63.50 dB | SE = 20.778 bit/s/Hz
[86543 ms] [UE 48787] UL: SNR = 63.50 dB | SE = 20.778 bit/s/Hz
[86543 ms] [UE 40252] UL: SNR = 56.00 dB | SE = 18.324 bit/s/Hz
[86543 ms] [UE 15599] UL: SNR = 52.50 dB | SE = 17.179 bit/s/Hz
[86626 ms] [UE 33952] UL: SNR = 7.50 dB | SE = 2.687 bit/s/Hz
[86626 ms] [UE 12169] UL: SNR = 63.50 dB | SE = 20.778 bit/s/Hz
[86626 ms] [UE 22873] UL: SNR = 63.50 dB | SE = 20.778 bit/s/Hz
[86626 ms] [UE 30556] UL: SNR = 54.00 dB | SE = 17.669 bit/s/Hz
[86626 ms] [UE 20945] UL: SNR = 63.50 dB | SE = 20.778 bit/s/Hz
[86653 ms] [UE 45898] UL: SNR = 63.50 dB | SE = 20.778 bit/s/Hz
[86653 ms] [UE 36997] UL: SNR = 63.50 dB | SE = 20.778 bit/s/Hz
[86653 ms] [UE 48787] UL: SNR = 63.50 dB | SE = 20.778 bit/s/Hz
[86653 ms] [UE 40252] UL: SNR = 56.00 dB | SE = 18.324 bit/s/Hz
[86653 ms] [UE 15599] UL: SNR = 52.50 dB | SE = 17.179 bit/s/Hz
[86726 ms] [UE 33952] UL: SNR = 7.50 dB | SE = 2.687 bit/s/Hz
[86726 ms] [UE 12169] UL: SNR = 63.50 dB | SE = 20.778 bit/s/Hz
[86726 ms] [UE 22873] UL: SNR = 63.50 dB | SE = 20.778 bit/s/Hz
[86726 ms] [UE 30556] UL: SNR = 54.00 dB | SE = 17.669 bit/s/Hz
[86726 ms] [UE 20945] UL: SNR = 63.50 dB | SE = 20.778 bit/s/Hz
[86754 ms] [UE 45898] UL: SNR = 63.50 dB | SE = 20.778 bit/s/Hz
[86754 ms] [UE 36997] UL: SNR = 63.50 dB | SE = 20.778 bit/s/Hz
[86754 ms] [UE 48787] UL: SNR = 63.50 dB | SE = 20.778 bit/s/Hz
[86754 ms] [UE 40252] UL: SNR = 56.00 dB | SE = 18.324 bit/s/Hz
[86754 ms] [UE 15599] UL: SNR = 52.50 dB | SE = 17.179 bit/s/Hz
[86835 ms] [UE 33952] UL: SNR = 7.50 dB | SE = 2.687 bit/s/Hz
[86835 ms] [UE 12169] UL: SNR = 63.50 dB | SE = 20.778 bit/s/Hz
[86835 ms] [UE 22873] UL: SNR = 63.50 dB | SE = 20.778 bit/s/Hz
[86835 ms] [UE 30556] UL: SNR = 63.50 dB | SE = 20.778 bit/s/Hz
[86835 ms] [UE 20945] UL: SNR = 63.50 dB | SE = 20.778 bit/s/Hz
[86854 ms] [UE 45898] UL: SNR = 63.50 dB | SE = 20.778 bit/s/Hz
[86854 ms] [UE 36997] UL: SNR = 63.50 dB | SE = 20.778 bit/s/Hz
[86854 ms] [UE 48787] UL: SNR = 63.50 dB | SE = 20.778 bit/s/Hz
[86854 ms] [UE 40252] UL: SNR = 56.00 dB | SE = 18.324 bit/s/Hz
[86854 ms] [UE 15599] UL: SNR = 52.50 dB | SE = 17.179 bit/s/Hz
[86936 ms] [UE 33952] UL: SNR = 63.50 dB | SE = 20.778 bit/s/Hz
[86936 ms] [UE 12169] UL: SNR = 63.50 dB | SE = 20.778 bit/s/Hz
[86936 ms] [UE 22873] UL: SNR = 63.50 dB | SE = 20.778 bit/s/Hz
[86936 ms] [UE 30556] UL: SNR = 63.50 dB | SE = 20.778 bit/s/Hz
[86936 ms] [UE 20945] UL: SNR = 63.50 dB | SE = 20.778 bit/s/Hz
[86963 ms] [UE 45898] UL: SNR = 63.50 dB | SE = 20.778 bit/s/Hz
[86963 ms] [UE 36997] UL: SNR = 63.50 dB | SE = 20.778 bit/s/Hz
[86963 ms] [UE 48787] UL: SNR = 63.50 dB | SE = 20.778 bit/s/Hz
[86963 ms] [UE 40252] UL: SNR = 56.00 dB | SE = 18.324 bit/s/Hz
[86963 ms] [UE 15599] UL: SNR = 52.50 dB | SE = 17.179 bit/s/Hz
[87046 ms] [UE 33952] UL: SNR = 63.50 dB | SE = 20.778 bit/s/Hz
[87046 ms] [UE 12169] UL: SNR = 63.50 dB | SE = 20.778 bit/s/Hz
[87046 ms] [UE 22873] UL: SNR = 63.50 dB | SE = 20.778 bit/s/Hz
[87046 ms] [UE 30556] UL: SNR = 63.50 dB | SE = 20.778 bit/s/Hz
[87046 ms] [UE 20945] UL: SNR = 63.50 dB | SE = 20.778 bit/s/Hz
[87063 ms] [UE 45898] UL: SNR = 63.50 dB | SE = 20.778 bit/s/Hz
[87063 ms] [UE 36997] UL: SNR = 63.50 dB | SE = 20.778 bit/s/Hz
[87063 ms] [UE 48787] UL: SNR = 63.50 dB | SE = 20.778 bit/s/Hz
[87063 ms] [UE 40252] UL: SNR = 56.00 dB | SE = 18.324 bit/s/Hz
[87063 ms] [UE 15599] UL: SNR = 52.50 dB | SE = 17.179 bit/s/Hz
[87156 ms] [UE 33952] UL: SNR = 63.50 dB | SE = 20.778 bit/s/Hz
[87156 ms] [UE 12169] UL: SNR = 63.50 dB | SE = 20.778 bit/s/Hz
[87156 ms] [UE 22873] UL: SNR = 63.50 dB | SE = 20.778 bit/s/Hz
[87156 ms] [UE 30556] UL: SNR = 54.00 dB | SE = 17.669 bit/s/Hz
[87156 ms] [UE 20945] UL: SNR = 63.50 dB | SE = 20.778 bit/s/Hz
[87173 ms] [UE 45898] UL: SNR = 63.50 dB | SE = 20.778 bit/s/Hz
[87173 ms] [UE 36997] UL: SNR = 63.50 dB | SE = 20.778 bit/s/Hz
[87173 ms] [UE 48787] UL: SNR = 63.50 dB | SE = 20.778 bit/s/Hz
[87173 ms] [UE 40252] UL: SNR = 56.00 dB | SE = 18.324 bit/s/Hz
[87173 ms] [UE 15599] UL: SNR = 52.50 dB | SE = 17.179 bit/s/Hz
[87266 ms] [UE 33952] UL: SNR = 63.50 dB | SE = 20.778 bit/s/Hz
[87266 ms] [UE 12169] UL: SNR = 63.50 dB | SE = 20.778 bit/s/Hz
[87266 ms] [UE 22873] UL: SNR = 63.50 dB | SE = 20.778 bit/s/Hz
[87266 ms] [UE 30556] UL: SNR = 54.00 dB | SE = 17.669 bit/s/Hz
[87266 ms] [UE 20945] UL: SNR = 63.50 dB | SE = 20.778 bit/s/Hz
[87283 ms] [UE 45898] UL: SNR = 63.50 dB | SE = 20.778 bit/s/Hz
[87283 ms] [UE 36997] UL: SNR = 63.50 dB | SE = 20.778 bit/s/Hz
[87283 ms] [UE 48787] UL: SNR = 63.50 dB | SE = 20.778 bit/s/Hz
[87283 ms] [UE 40252] UL: SNR = 56.00 dB | SE = 18.324 bit/s/Hz
[87283 ms] [UE 15599] UL: SNR = 52.50 dB | SE = 17.179 bit/s/Hz
[87366 ms] [UE 33952] UL: SNR = 63.50 dB | SE = 20.778 bit/s/Hz
[87366 ms] [UE 12169] UL: SNR = 63.50 dB | SE = 20.778 bit/s/Hz
[87366 ms] [UE 22873] UL: SNR = 63.50 dB | SE = 20.778 bit/s/Hz
[87366 ms] [UE 30556] UL: SNR = 63.50 dB | SE = 20.778 bit/s/Hz
[87366 ms] [UE 20945] UL: SNR = 63.50 dB | SE = 20.778 bit/s/Hz
[87384 ms] [UE 45898] UL: SNR = 63.50 dB | SE = 20.778 bit/s/Hz
[87384 ms] [UE 36997] UL: SNR = 63.50 dB | SE = 20.778 bit/s/Hz
[87384 ms] [UE 48787] UL: SNR = 63.50 dB | SE = 20.778 bit/s/Hz
[87384 ms] [UE 40252] UL: SNR = 56.00 dB | SE = 18.324 bit/s/Hz
[87384 ms] [UE 15599] UL: SNR = 52.50 dB | SE = 17.179 bit/s/Hz
[87476 ms] [UE 33952] UL: SNR = 63.50 dB | SE = 20.778 bit/s/Hz
[87476 ms] [UE 12169] UL: SNR = 63.50 dB | SE = 20.778 bit/s/Hz
[87476 ms] [UE 22873] UL: SNR = 63.50 dB | SE = 20.778 bit/s/Hz
[87476 ms] [UE 30556] UL: SNR = 63.50 dB | SE = 20.778 bit/s/Hz
[87476 ms] [UE 20945] UL: SNR = 63.50 dB | SE = 20.778 bit/s/Hz
[87484 ms] [UE 45898] UL: SNR = 63.50 dB | SE = 20.778 bit/s/Hz
[87484 ms] [UE 36997] UL: SNR = 63.50 dB | SE = 20.778 bit/s/Hz
[87484 ms] [UE 48787] UL: SNR = 63.50 dB | SE = 20.778 bit/s/Hz
[87484 ms] [UE 40252] UL: SNR = 56.00 dB | SE = 18.324 bit/s/Hz
[87484 ms] [UE 15599] UL: SNR = 52.50 dB | SE = 17.179 bit/s/Hz
[87576 ms] [UE 33952] UL: SNR = 63.50 dB | SE = 20.778 bit/s/Hz
[87576 ms] [UE 12169] UL: SNR = 63.50 dB | SE = 20.778 bit/s/Hz
[87576 ms] [UE 22873] UL: SNR = 63.50 dB | SE = 20.778 bit/s/Hz
[87576 ms] [UE 30556] UL: SNR = 63.50 dB | SE = 20.778 bit/s/Hz
[87576 ms] [UE 20945] UL: SNR = 63.50 dB | SE = 20.778 bit/s/Hz
[87593 ms] [UE 45898] UL: SNR = 63.50 dB | SE = 20.778 bit/s/Hz
[87593 ms] [UE 36997] UL: SNR = 63.50 dB | SE = 20.778 bit/s/Hz
[87593 ms] [UE 48787] UL: SNR = 63.50 dB | SE = 20.778 bit/s/Hz
[87593 ms] [UE 40252] UL: SNR = 56.00 dB | SE = 18.324 bit/s/Hz
[87593 ms] [UE 15599] UL: SNR = 52.50 dB | SE = 17.179 bit/s/Hz
[87686 ms] [UE 33952] UL: SNR = 63.50 dB | SE = 20.778 bit/s/Hz
[87686 ms] [UE 12169] UL: SNR = 63.50 dB | SE = 20.778 bit/s/Hz
[87686 ms] [UE 22873] UL: SNR = 63.50 dB | SE = 20.778 bit/s/Hz
[87686 ms] [UE 30556] UL: SNR = 63.50 dB | SE = 20.778 bit/s/Hz
[87686 ms] [UE 20945] UL: SNR = 63.50 dB | SE = 20.778 bit/s/Hz
[87694 ms] [UE 45898] UL: SNR = 63.50 dB | SE = 20.778 bit/s/Hz
[87694 ms] [UE 36997] UL: SNR = 63.50 dB | SE = 20.778 bit/s/Hz
[87694 ms] [UE 48787] UL: SNR = 63.50 dB | SE = 20.778 bit/s/Hz
[87694 ms] [UE 40252] UL: SNR = 56.00 dB | SE = 18.324 bit/s/Hz
[87694 ms] [UE 15599] UL: SNR = 52.50 dB | SE = 17.179 bit/s/Hz
[87786 ms] [UE 33952] UL: SNR = 63.50 dB | SE = 20.778 bit/s/Hz
[87786 ms] [UE 12169] UL: SNR = 63.50 dB | SE = 20.778 bit/s/Hz
[87786 ms] [UE 22873] UL: SNR = 63.50 dB | SE = 20.778 bit/s/Hz
[87786 ms] [UE 30556] UL: SNR = 63.50 dB | SE = 20.778 bit/s/Hz
[87786 ms] [UE 20945] UL: SNR = 63.50 dB | SE = 20.778 bit/s/Hz
[87803 ms] [UE 45898] UL: SNR = 63.50 dB | SE = 20.778 bit/s/Hz
[87803 ms] [UE 36997] UL: SNR = 63.50 dB | SE = 20.778 bit/s/Hz
[87803 ms] [UE 48787] UL: SNR = 63.50 dB | SE = 20.778 bit/s/Hz
[87803 ms] [UE 40252] UL: SNR = 56.00 dB | SE = 18.324 bit/s/Hz
[87803 ms] [UE 15599] UL: SNR = 52.50 dB | SE = 17.179 bit/s/Hz
[87887 ms] [UE 33952] UL: SNR = 63.50 dB | SE = 20.778 bit/s/Hz
[87887 ms] [UE 12169] UL: SNR = 63.50 dB | SE = 20.778 bit/s/Hz
[87887 ms] [UE 22873] UL: SNR = 63.50 dB | SE = 20.778 bit/s/Hz
[87887 ms] [UE 30556] UL: SNR = 63.50 dB | SE = 20.778 bit/s/Hz
[87887 ms] [UE 20945] UL: SNR = 63.50 dB | SE = 20.778 bit/s/Hz
[87904 ms] [UE 45898] UL: SNR = 63.50 dB | SE = 20.778 bit/s/Hz
[87904 ms] [UE 36997] UL: SNR = 63.50 dB | SE = 20.778 bit/s/Hz
[87904 ms] [UE 48787] UL: SNR = 63.50 dB | SE = 20.778 bit/s/Hz
[87904 ms] [UE 40252] UL: SNR = 56.00 dB | SE = 18.324 bit/s/Hz
[87904 ms] [UE 15599] UL: SNR = 52.50 dB | SE = 17.179 bit/s/Hz
[87996 ms] [UE 33952] UL: SNR = 63.50 dB | SE = 20.778 bit/s/Hz
[87996 ms] [UE 12169] UL: SNR = 63.50 dB | SE = 20.778 bit/s/Hz
[87996 ms] [UE 22873] UL: SNR = 63.50 dB | SE = 20.778 bit/s/Hz
[87996 ms] [UE 30556] UL: SNR = 63.50 dB | SE = 20.778 bit/s/Hz
[87996 ms] [UE 20945] UL: SNR = 63.50 dB | SE = 20.778 bit/s/Hz
[88014 ms] [UE 45898] UL: SNR = 63.50 dB | SE = 20.778 bit/s/Hz
[88014 ms] [UE 36997] UL: SNR = 63.50 dB | SE = 20.778 bit/s/Hz
[88014 ms] [UE 48787] UL: SNR = 63.50 dB | SE = 20.778 bit/s/Hz
[88014 ms] [UE 40252] UL: SNR = 56.00 dB | SE = 18.324 bit/s/Hz
[88014 ms] [UE 15599] UL: SNR = 52.50 dB | SE = 17.179 bit/s/Hz
[88106 ms] [UE 33952] UL: SNR = 63.50 dB | SE = 20.778 bit/s/Hz
[88106 ms] [UE 12169] UL: SNR = 63.50 dB | SE = 20.778 bit/s/Hz
[88106 ms] [UE 22873] UL: SNR = 63.50 dB | SE = 20.778 bit/s/Hz
[88106 ms] [UE 30556] UL: SNR = 63.50 dB | SE = 20.778 bit/s/Hz
[88106 ms] [UE 20945] UL: SNR = 63.50 dB | SE = 20.778 bit/s/Hz
[88124 ms] [UE 45898] UL: SNR = 63.50 dB | SE = 20.778 bit/s/Hz
[88124 ms] [UE 36997] UL: SNR = 63.50 dB | SE = 20.778 bit/s/Hz
[88124 ms] [UE 48787] UL: SNR = 63.50 dB | SE = 20.778 bit/s/Hz
[88124 ms] [UE 40252] UL: SNR = 56.00 dB | SE = 18.324 bit/s/Hz
[88124 ms] [UE 15599] UL: SNR = 52.50 dB | SE = 17.179 bit/s/Hz
[88218 ms] [UE 33952] UL: SNR = 63.50 dB | SE = 20.778 bit/s/Hz
[88218 ms] [UE 12169] UL: SNR = 63.50 dB | SE = 20.778 bit/s/Hz
[88218 ms] [UE 22873] UL: SNR = 63.50 dB | SE = 20.778 bit/s/Hz
[88218 ms] [UE 30556] UL: SNR = 63.50 dB | SE = 20.778 bit/s/Hz
[88218 ms] [UE 20945] UL: SNR = 63.50 dB | SE = 20.778 bit/s/Hz
[88233 ms] [UE 45898] UL: SNR = 63.50 dB | SE = 20.778 bit/s/Hz
[88233 ms] [UE 36997] UL: SNR = 63.50 dB | SE = 20.778 bit/s/Hz
[88233 ms] [UE 48787] UL: SNR = 63.50 dB | SE = 20.778 bit/s/Hz
[88233 ms] [UE 40252] UL: SNR = 56.00 dB | SE = 18.324 bit/s/Hz
[88233 ms] [UE 15599] UL: SNR = 52.50 dB | SE = 17.179 bit/s/Hz
[88326 ms] [UE 33952] UL: SNR = 63.50 dB | SE = 20.778 bit/s/Hz
[88326 ms] [UE 12169] UL: SNR = 63.50 dB | SE = 20.778 bit/s/Hz
[88326 ms] [UE 22873] UL: SNR = 63.50 dB | SE = 20.778 bit/s/Hz
[88326 ms] [UE 30556] UL: SNR = 63.50 dB | SE = 20.778 bit/s/Hz
[88326 ms] [UE 20945] UL: SNR = 63.50 dB | SE = 20.778 bit/s/Hz
[88334 ms] [UE 45898] UL: SNR = 63.50 dB | SE = 20.778 bit/s/Hz
[88334 ms] [UE 36997] UL: SNR = 63.50 dB | SE = 20.778 bit/s/Hz
[88334 ms] [UE 48787] UL: SNR = 63.50 dB | SE = 20.778 bit/s/Hz
[88334 ms] [UE 40252] UL: SNR = 56.00 dB | SE = 18.324 bit/s/Hz
[88334 ms] [UE 15599] UL: SNR = 52.50 dB | SE = 17.179 bit/s/Hz
[88436 ms] [UE 33952] UL: SNR = 63.50 dB | SE = 20.778 bit/s/Hz
[88436 ms] [UE 12169] UL: SNR = 63.50 dB | SE = 20.778 bit/s/Hz
[88436 ms] [UE 22873] UL: SNR = 63.50 dB | SE = 20.778 bit/s/Hz
[88436 ms] [UE 30556] UL: SNR = 63.50 dB | SE = 20.778 bit/s/Hz
[88436 ms] [UE 20945] UL: SNR = 63.50 dB | SE = 20.778 bit/s/Hz
[88443 ms] [UE 45898] UL: SNR = 63.50 dB | SE = 20.778 bit/s/Hz
[88443 ms] [UE 36997] UL: SNR = 63.50 dB | SE = 20.778 bit/s/Hz
[88443 ms] [UE 48787] UL: SNR = 63.50 dB | SE = 20.778 bit/s/Hz
[88443 ms] [UE 40252] UL: SNR = 56.00 dB | SE = 18.324 bit/s/Hz
[88443 ms] [UE 15599] UL: SNR = 52.50 dB | SE = 17.179 bit/s/Hz
[88546 ms] [UE 33952] UL: SNR = 63.50 dB | SE = 20.778 bit/s/Hz
[88546 ms] [UE 12169] UL: SNR = 63.50 dB | SE = 20.778 bit/s/Hz
[88546 ms] [UE 22873] UL: SNR = 63.50 dB | SE = 20.778 bit/s/Hz
[88546 ms] [UE 30556] UL: SNR = 63.50 dB | SE = 20.778 bit/s/Hz
[88546 ms] [UE 20945] UL: SNR = 63.50 dB | SE = 20.778 bit/s/Hz
[88553 ms] [UE 45898] UL: SNR = 63.50 dB | SE = 20.778 bit/s/Hz
[88553 ms] [UE 36997] UL: SNR = 63.50 dB | SE = 20.778 bit/s/Hz
[88553 ms] [UE 48787] UL: SNR = 63.50 dB | SE = 20.778 bit/s/Hz
[88553 ms] [UE 40252] UL: SNR = 56.00 dB | SE = 18.324 bit/s/Hz
[88553 ms] [UE 15599] UL: SNR = 52.50 dB | SE = 17.179 bit/s/Hz
[88646 ms] [UE 33952] UL: SNR = 63.50 dB | SE = 20.778 bit/s/Hz
[88646 ms] [UE 12169] UL: SNR = 63.50 dB | SE = 20.778 bit/s/Hz
[88646 ms] [UE 22873] UL: SNR = 63.50 dB | SE = 20.778 bit/s/Hz
[88646 ms] [UE 30556] UL: SNR = 63.50 dB | SE = 20.778 bit/s/Hz
[88646 ms] [UE 20945] UL: SNR = 63.50 dB | SE = 20.778 bit/s/Hz
[88663 ms] [UE 45898] UL: SNR = 63.50 dB | SE = 20.778 bit/s/Hz
[88663 ms] [UE 36997] UL: SNR = 63.50 dB | SE = 20.778 bit/s/Hz
[88663 ms] [UE 48787] UL: SNR = 63.50 dB | SE = 20.778 bit/s/Hz
[88663 ms] [UE 40252] UL: SNR = 56.00 dB | SE = 18.324 bit/s/Hz
[88663 ms] [UE 15599] UL: SNR = 52.50 dB | SE = 17.179 bit/s/Hz
[88746 ms] [UE 33952] UL: SNR = 63.50 dB | SE = 20.778 bit/s/Hz
[88746 ms] [UE 12169] UL: SNR = 63.50 dB | SE = 20.778 bit/s/Hz
[88746 ms] [UE 22873] UL: SNR = 63.50 dB | SE = 20.778 bit/s/Hz
[88746 ms] [UE 30556] UL: SNR = 63.50 dB | SE = 20.778 bit/s/Hz
[88746 ms] [UE 20945] UL: SNR = 63.50 dB | SE = 20.778 bit/s/Hz
[88773 ms] [UE 45898] UL: SNR = 63.50 dB | SE = 20.778 bit/s/Hz
[88773 ms] [UE 36997] UL: SNR = 63.50 dB | SE = 20.778 bit/s/Hz
[88773 ms] [UE 48787] UL: SNR = 63.50 dB | SE = 20.778 bit/s/Hz
[88773 ms] [UE 40252] UL: SNR = 56.00 dB | SE = 18.324 bit/s/Hz
[88773 ms] [UE 15599] UL: SNR = 52.50 dB | SE = 17.179 bit/s/Hz
[88846 ms] [UE 33952] UL: SNR = 63.50 dB | SE = 20.778 bit/s/Hz
[88846 ms] [UE 12169] UL: SNR = 63.50 dB | SE = 20.778 bit/s/Hz
[88846 ms] [UE 22873] UL: SNR = 63.50 dB | SE = 20.778 bit/s/Hz
[88846 ms] [UE 30556] UL: SNR = 63.50 dB | SE = 20.778 bit/s/Hz
[88846 ms] [UE 20945] UL: SNR = 63.50 dB | SE = 20.778 bit/s/Hz
[88873 ms] [UE 45898] UL: SNR = 63.50 dB | SE = 20.778 bit/s/Hz
[88873 ms] [UE 36997] UL: SNR = 63.50 dB | SE = 20.778 bit/s/Hz
[88873 ms] [UE 48787] UL: SNR = 63.50 dB | SE = 20.778 bit/s/Hz
[88873 ms] [UE 40252] UL: SNR = 56.00 dB | SE = 18.324 bit/s/Hz
[88873 ms] [UE 15599] UL: SNR = 52.50 dB | SE = 17.179 bit/s/Hz
[88946 ms] [UE 33952] UL: SNR = 63.50 dB | SE = 20.778 bit/s/Hz
[88946 ms] [UE 12169] UL: SNR = 63.50 dB | SE = 20.778 bit/s/Hz
[88946 ms] [UE 22873] UL: SNR = 63.50 dB | SE = 20.778 bit/s/Hz
[88946 ms] [UE 30556] UL: SNR = 63.50 dB | SE = 20.778 bit/s/Hz
[88946 ms] [UE 20945] UL: SNR = 63.50 dB | SE = 20.778 bit/s/Hz
[88984 ms] [UE 45898] UL: SNR = 63.50 dB | SE = 20.778 bit/s/Hz
[88984 ms] [UE 36997] UL: SNR = 63.50 dB | SE = 20.778 bit/s/Hz
[88984 ms] [UE 48787] UL: SNR = 63.50 dB | SE = 20.778 bit/s/Hz
[88984 ms] [UE 40252] UL: SNR = 56.00 dB | SE = 18.324 bit/s/Hz
[88984 ms] [UE 15599] UL: SNR = 52.50 dB | SE = 17.179 bit/s/Hz
[89057 ms] [UE 33952] UL: SNR = 63.50 dB | SE = 20.778 bit/s/Hz
[89057 ms] [UE 12169] UL: SNR = 63.50 dB | SE = 20.778 bit/s/Hz
[89057 ms] [UE 22873] UL: SNR = 63.50 dB | SE = 20.778 bit/s/Hz
[89057 ms] [UE 30556] UL: SNR = 63.50 dB | SE = 20.778 bit/s/Hz
[89057 ms] [UE 20945] UL: SNR = 63.50 dB | SE = 20.778 bit/s/Hz
[89093 ms] [UE 45898] UL: SNR = 63.50 dB | SE = 20.778 bit/s/Hz
[89093 ms] [UE 36997] UL: SNR = 63.50 dB | SE = 20.778 bit/s/Hz
[89093 ms] [UE 48787] UL: SNR = 63.50 dB | SE = 20.778 bit/s/Hz
[89093 ms] [UE 40252] UL: SNR = 56.00 dB | SE = 18.324 bit/s/Hz
[89093 ms] [UE 15599] UL: SNR = 52.50 dB | SE = 17.179 bit/s/Hz
[89166 ms] [UE 33952] UL: SNR = 63.50 dB | SE = 20.778 bit/s/Hz
[89166 ms] [UE 12169] UL: SNR = 63.50 dB | SE = 20.778 bit/s/Hz
[89166 ms] [UE 22873] UL: SNR = 63.50 dB | SE = 20.778 bit/s/Hz
[89166 ms] [UE 30556] UL: SNR = 63.50 dB | SE = 20.778 bit/s/Hz
[89166 ms] [UE 20945] UL: SNR = 63.50 dB | SE = 20.778 bit/s/Hz
[89193 ms] [UE 45898] UL: SNR = 63.50 dB | SE = 20.778 bit/s/Hz
[89193 ms] [UE 36997] UL: SNR = 63.50 dB | SE = 20.778 bit/s/Hz
[89193 ms] [UE 48787] UL: SNR = 63.50 dB | SE = 20.778 bit/s/Hz
[89193 ms] [UE 40252] UL: SNR = 56.00 dB | SE = 18.324 bit/s/Hz
[89193 ms] [UE 15599] UL: SNR = 52.50 dB | SE = 17.179 bit/s/Hz
[89276 ms] [UE 33952] UL: SNR = 63.50 dB | SE = 20.778 bit/s/Hz
[89276 ms] [UE 12169] UL: SNR = 63.50 dB | SE = 20.778 bit/s/Hz
[89276 ms] [UE 22873] UL: SNR = 63.50 dB | SE = 20.778 bit/s/Hz
[89276 ms] [UE 30556] UL: SNR = 63.50 dB | SE = 20.778 bit/s/Hz
[89276 ms] [UE 20945] UL: SNR = 63.50 dB | SE = 20.778 bit/s/Hz
[89294 ms] [UE 45898] UL: SNR = 63.50 dB | SE = 20.778 bit/s/Hz
[89294 ms] [UE 36997] UL: SNR = 63.50 dB | SE = 20.778 bit/s/Hz
[89294 ms] [UE 48787] UL: SNR = 63.50 dB | SE = 20.778 bit/s/Hz
[89294 ms] [UE 40252] UL: SNR = 56.00 dB | SE = 18.324 bit/s/Hz
[89294 ms] [UE 15599] UL: SNR = 52.50 dB | SE = 17.179 bit/s/Hz
[89386 ms] [UE 33952] UL: SNR = 63.50 dB | SE = 20.778 bit/s/Hz
[89386 ms] [UE 12169] UL: SNR = 63.50 dB | SE = 20.778 bit/s/Hz
[89386 ms] [UE 22873] UL: SNR = 63.50 dB | SE = 20.778 bit/s/Hz
[89386 ms] [UE 30556] UL: SNR = 7.50 dB | SE = 2.687 bit/s/Hz
[89386 ms] [UE 20945] UL: SNR = 63.50 dB | SE = 20.778 bit/s/Hz
[89403 ms] [UE 45898] UL: SNR = 63.50 dB | SE = 20.778 bit/s/Hz
[89403 ms] [UE 36997] UL: SNR = 63.50 dB | SE = 20.778 bit/s/Hz
[89403 ms] [UE 48787] UL: SNR = 63.50 dB | SE = 20.778 bit/s/Hz
[89403 ms] [UE 40252] UL: SNR = 56.00 dB | SE = 18.324 bit/s/Hz
[89403 ms] [UE 15599] UL: SNR = 52.50 dB | SE = 17.179 bit/s/Hz
[89497 ms] [UE 33952] UL: SNR = 63.50 dB | SE = 20.778 bit/s/Hz
[89497 ms] [UE 12169] UL: SNR = 63.50 dB | SE = 20.778 bit/s/Hz
[89497 ms] [UE 22873] UL: SNR = 63.50 dB | SE = 20.778 bit/s/Hz
[89497 ms] [UE 30556] UL: SNR = 7.50 dB | SE = 2.687 bit/s/Hz
[89497 ms] [UE 20945] UL: SNR = 63.50 dB | SE = 20.778 bit/s/Hz
[89514 ms] [UE 45898] UL: SNR = 63.50 dB | SE = 20.778 bit/s/Hz
[89514 ms] [UE 36997] UL: SNR = 63.50 dB | SE = 20.778 bit/s/Hz
[89514 ms] [UE 48787] UL: SNR = 63.50 dB | SE = 20.778 bit/s/Hz
[89514 ms] [UE 40252] UL: SNR = 56.00 dB | SE = 18.324 bit/s/Hz
[89514 ms] [UE 15599] UL: SNR = 52.50 dB | SE = 17.179 bit/s/Hz
[89606 ms] [UE 33952] UL: SNR = 63.50 dB | SE = 20.778 bit/s/Hz
[89606 ms] [UE 12169] UL: SNR = 63.50 dB | SE = 20.778 bit/s/Hz
[89606 ms] [UE 22873] UL: SNR = 63.50 dB | SE = 20.778 bit/s/Hz
[89606 ms] [UE 30556] UL: SNR = 7.50 dB | SE = 2.687 bit/s/Hz
[89606 ms] [UE 20945] UL: SNR = 63.50 dB | SE = 20.778 bit/s/Hz
[89614 ms] [UE 45898] UL: SNR = 63.50 dB | SE = 20.778 bit/s/Hz
[89614 ms] [UE 36997] UL: SNR = 63.50 dB | SE = 20.778 bit/s/Hz
[89614 ms] [UE 48787] UL: SNR = 63.50 dB | SE = 20.778 bit/s/Hz
[89614 ms] [UE 40252] UL: SNR = 56.00 dB | SE = 18.324 bit/s/Hz
[89614 ms] [UE 15599] UL: SNR = 52.50 dB | SE = 17.179 bit/s/Hz
[89706 ms] [UE 33952] UL: SNR = 63.50 dB | SE = 20.778 bit/s/Hz
[89706 ms] [UE 12169] UL: SNR = 63.50 dB | SE = 20.778 bit/s/Hz
[89706 ms] [UE 22873] UL: SNR = 63.50 dB | SE = 20.778 bit/s/Hz
[89706 ms] [UE 30556] UL: SNR = 7.50 dB | SE = 2.687 bit/s/Hz
[89706 ms] [UE 20945] UL: SNR = 63.50 dB | SE = 20.778 bit/s/Hz
[89724 ms] [UE 45898] UL: SNR = 63.50 dB | SE = 20.778 bit/s/Hz
[89724 ms] [UE 36997] UL: SNR = 63.50 dB | SE = 20.778 bit/s/Hz
[89724 ms] [UE 48787] UL: SNR = 63.50 dB | SE = 20.778 bit/s/Hz
[89724 ms] [UE 40252] UL: SNR = 56.00 dB | SE = 18.324 bit/s/Hz
[89724 ms] [UE 15599] UL: SNR = 52.50 dB | SE = 17.179 bit/s/Hz
[89816 ms] [UE 33952] UL: SNR = 63.50 dB | SE = 20.778 bit/s/Hz
[89816 ms] [UE 12169] UL: SNR = 63.50 dB | SE = 20.778 bit/s/Hz
[89816 ms] [UE 22873] UL: SNR = 63.50 dB | SE = 20.778 bit/s/Hz
[89816 ms] [UE 30556] UL: SNR = 7.50 dB | SE = 2.687 bit/s/Hz
[89816 ms] [UE 20945] UL: SNR = 63.50 dB | SE = 20.778 bit/s/Hz
[89824 ms] [UE 45898] UL: SNR = 63.50 dB | SE = 20.778 bit/s/Hz
[89824 ms] [UE 36997] UL: SNR = 63.50 dB | SE = 20.778 bit/s/Hz
[89824 ms] [UE 48787] UL: SNR = 63.50 dB | SE = 20.778 bit/s/Hz
[89824 ms] [UE 40252] UL: SNR = 56.00 dB | SE = 18.324 bit/s/Hz
[89824 ms] [UE 15599] UL: SNR = 52.50 dB | SE = 17.179 bit/s/Hz
[89916 ms] [UE 33952] UL: SNR = 63.50 dB | SE = 20.778 bit/s/Hz
[89916 ms] [UE 12169] UL: SNR = 63.50 dB | SE = 20.778 bit/s/Hz
[89916 ms] [UE 22873] UL: SNR = 63.50 dB | SE = 20.778 bit/s/Hz
[89916 ms] [UE 30556] UL: SNR = 7.50 dB | SE = 2.687 bit/s/Hz
[89916 ms] [UE 20945] UL: SNR = 63.50 dB | SE = 20.778 bit/s/Hz
[89934 ms] [UE 45898] UL: SNR = 63.50 dB | SE = 20.778 bit/s/Hz
[89934 ms] [UE 36997] UL: SNR = 63.50 dB | SE = 20.778 bit/s/Hz
[89934 ms] [UE 48787] UL: SNR = 63.50 dB | SE = 20.778 bit/s/Hz
[89934 ms] [UE 40252] UL: SNR = 56.00 dB | SE = 18.324 bit/s/Hz
[89934 ms] [UE 15599] UL: SNR = 52.50 dB | SE = 17.179 bit/s/Hz
[xApp]: E42 RIC_SUBSCRIPTION_DELETE_REQUEST tx RAN_FUNC_ID 142 RIC_REQ_ID 1 
[xApp]: E42 SUBSCRIPTION DELETE RESPONSE rx
[xApp]: E42 RIC_SUBSCRIPTION_DELETE_REQUEST tx RAN_FUNC_ID 142 RIC_REQ_ID 2 
[xApp]: E42 SUBSCRIPTION DELETE RESPONSE rx
[xApp]: Sucessfully stopped 
Test xApp run SUCCESSFULLY
