[UTIL]: Setting the config -c file to /usr/local/etc/flexric/flexric.conf
[UTIL]: Setting path -p for the shared libraries to /usr/local/lib/flexric/
[xAapp]: Initializing ... 
[xApp]: nearRT-RIC IP Address = 192.168.70.150, PORT = 36422
[E2 AGENT]: Opening plugin from path = /usr/local/lib/flexric/libkpm_sm.so 
[E2 AGENT]: Opening plugin from path = /usr/local/lib/flexric/libmac_sm.so 
[E2 AGENT]: Opening plugin from path = /usr/local/lib/flexric/libpdcp_sm.so 
[E2 AGENT]: Opening plugin from path = /usr/local/lib/flexric/libgtp_sm.so 
[E2 AGENT]: Opening plugin from path = /usr/local/lib/flexric/librc_sm.so 
[E2 AGENT]: Opening plugin from path = /usr/local/lib/flexric/libtc_sm.so 
[E2 AGENT]: Opening plugin from path = /usr/local/lib/flexric/librlc_sm.so 
[E2 AGENT]: Opening plugin from path = /usr/local/lib/flexric/libslice_sm.so 
[NEAR-RIC]: Loading SM ID = 2 with def = ORAN-E2SM-KPM 
[NEAR-RIC]: Loading SM ID = 142 with def = MAC_STATS_V0 
[NEAR-RIC]: Loading SM ID = 144 with def = PDCP_STATS_V0 
[NEAR-RIC]: Loading SM ID = 148 with def = GTP_STATS_V0 
[NEAR-RIC]: Loading SM ID = 3 with def = ORAN-E2SM-RC 
[NEAR-RIC]: Loading SM ID = 146 with def = TC_STATS_V0 
[NEAR-RIC]: Loading SM ID = 143 with def = RLC_STATS_V0 
[NEAR-RIC]: Loading SM ID = 145 with def = SLICE_STATS_V0 
[xApp]: DB filename = /tmp/flexric/xapp_db 
 [xApp]: E42 SETUP-REQUEST tx
[xApp]: E42 SETUP-RESPONSE rx 
[xApp]: xApp ID = 28 
[xApp]: Registered E2 Nodes = 4 
Connected E2 nodes = 4
[xAPP] Registered node 0 ran func id = 2 
[xAPP] Registered node 0 ran func id = 3 
[xAPP] Registered node 0 ran func id = 142 
[xAPP] Registered node 0 ran func id = 143 
[xAPP] Registered node 0 ran func id = 144 
[xAPP] Registered node 0 ran func id = 145 
[xAPP] Registered node 0 ran func id = 146 
[xAPP] Registered node 0 ran func id = 148 
[xAPP] CU or CUUP, don't do anything
[xAPP] Registered node 1 ran func id = 2 
[xAPP] Registered node 1 ran func id = 3 
[xAPP] Registered node 1 ran func id = 142 
[xAPP] Registered node 1 ran func id = 143 
[xAPP] Registered node 1 ran func id = 144 
[xAPP] Registered node 1 ran func id = 145 
[xAPP] Registered node 1 ran func id = 146 
[xAPP] Registered node 1 ran func id = 148 
[xAPP] Registered node 2 ran func id = 2 
[xAPP] Registered node 2 ran func id = 3 
[xAPP] Registered node 2 ran func id = 142 
[xAPP] Registered node 2 ran func id = 143 
[xAPP] Registered node 2 ran func id = 144 
[xAPP] Registered node 2 ran func id = 145 
[xAPP] Registered node 2 ran func id = 146 
[xAPP] Registered node 2 ran func id = 148 
[xApp] DU detected
[xApp]: E42 RIC SUBSCRIPTION REQUEST tx RAN_FUNC_ID 142 RIC_REQ_ID 1 
[xApp]: SUBSCRIPTION RESPONSE rx
[xApp]: Successfully subscribed to RAN_FUNC_ID 142 
[xAPP] Registered node 3 ran func id = 2 
[xAPP] Registered node 3 ran func id = 3 
[xAPP] Registered node 3 ran func id = 142 
[xAPP] Registered node 3 ran func id = 143 
[xAPP] Registered node 3 ran func id = 144 
[xAPP] Registered node 3 ran func id = 145 
[xAPP] Registered node 3 ran func id = 146 
[xAPP] Registered node 3 ran func id = 148 
[xApp] DU detected
[xApp]: E42 RIC SUBSCRIPTION REQUEST tx RAN_FUNC_ID 142 RIC_REQ_ID 2 
[xApp]: SUBSCRIPTION RESPONSE rx
[xApp]: Successfully subscribed to RAN_FUNC_ID 142 
[   12 ms] [UE 45898] UL: SNR = 63.50 dB | SE = 20.778 bit/s/Hz
[   12 ms] [UE 36997] UL: SNR = 63.50 dB | SE = 20.778 bit/s/Hz
[   12 ms] [UE 48787] UL: SNR = 63.50 dB | SE = 20.778 bit/s/Hz
[   12 ms] [UE 40252] UL: SNR = 56.00 dB | SE = 18.324 bit/s/Hz
[   12 ms] [UE 15599] UL: SNR = 52.50 dB | SE = 17.179 bit/s/Hz
[   14 ms] [UE 33952] UL: SNR = 6.50 dB | SE = 2.414 bit/s/Hz
[   14 ms] [UE 12169] UL: SNR = 63.50 dB | SE = 20.778 bit/s/Hz
[   14 ms] [UE 22873] UL: SNR = 63.50 dB | SE = 20.778 bit/s/Hz
[   14 ms] [UE 30556] UL: SNR = 63.50 dB | SE = 20.778 bit/s/Hz
[   14 ms] [UE 20945] UL: SNR = 63.50 dB | SE = 20.778 bit/s/Hz
[  112 ms] [UE 45898] UL: SNR = 63.50 dB | SE = 20.778 bit/s/Hz
[  112 ms] [UE 36997] UL: SNR = 63.50 dB | SE = 20.778 bit/s/Hz
[  112 ms] [UE 48787] UL: SNR = 63.50 dB | SE = 20.778 bit/s/Hz
[  112 ms] [UE 40252] UL: SNR = 56.00 dB | SE = 18.324 bit/s/Hz
[  112 ms] [UE 15599] UL: SNR = 52.50 dB | SE = 17.179 bit/s/Hz
[  115 ms] [UE 33952] UL: SNR = 6.50 dB | SE = 2.414 bit/s/Hz
[  115 ms] [UE 12169] UL: SNR = 63.50 dB | SE = 20.778 bit/s/Hz
[  115 ms] [UE 22873] UL: SNR = 63.50 dB | SE = 20.778 bit/s/Hz
[  115 ms] [UE 30556] UL: SNR = 53.50 dB | SE = 17.506 bit/s/Hz
[  115 ms] [UE 20945] UL: SNR = 52.50 dB | SE = 17.179 bit/s/Hz
[  213 ms] [UE 45898] UL: SNR = 63.50 dB | SE = 20.778 bit/s/Hz
[  213 ms] [UE 36997] UL: SNR = 63.50 dB | SE = 20.778 bit/s/Hz
[  213 ms] [UE 48787] UL: SNR = 63.50 dB | SE = 20.778 bit/s/Hz
[  213 ms] [UE 40252] UL: SNR = 56.00 dB | SE = 18.324 bit/s/Hz
[  213 ms] [UE 15599] UL: SNR = 52.50 dB | SE = 17.179 bit/s/Hz
[  215 ms] [UE 33952] UL: SNR = 6.50 dB | SE = 2.414 bit/s/Hz
[  215 ms] [UE 12169] UL: SNR = 63.50 dB | SE = 20.778 bit/s/Hz
[  215 ms] [UE 22873] UL: SNR = 63.50 dB | SE = 20.778 bit/s/Hz
[  215 ms] [UE 30556] UL: SNR = 53.50 dB | SE = 17.506 bit/s/Hz
[  215 ms] [UE 20945] UL: SNR = 52.50 dB | SE = 17.179 bit/s/Hz
[  316 ms] [UE 33952] UL: SNR = 6.50 dB | SE = 2.414 bit/s/Hz
[  316 ms] [UE 12169] UL: SNR = 63.50 dB | SE = 20.778 bit/s/Hz
[  316 ms] [UE 22873] UL: SNR = 63.50 dB | SE = 20.778 bit/s/Hz
[  316 ms] [UE 30556] UL: SNR = 53.50 dB | SE = 17.506 bit/s/Hz
[  316 ms] [UE 20945] UL: SNR = 52.50 dB | SE = 17.179 bit/s/Hz
[  322 ms] [UE 45898] UL: SNR = 63.50 dB | SE = 20.778 bit/s/Hz
[  322 ms] [UE 36997] UL: SNR = 63.50 dB | SE = 20.778 bit/s/Hz
[  322 ms] [UE 48787] UL: SNR = 63.50 dB | SE = 20.778 bit/s/Hz
[  322 ms] [UE 40252] UL: SNR = 56.00 dB | SE = 18.324 bit/s/Hz
[  322 ms] [UE 15599] UL: SNR = 52.50 dB | SE = 17.179 bit/s/Hz
[  422 ms] [UE 45898] UL: SNR = 63.50 dB | SE = 20.778 bit/s/Hz
[  422 ms] [UE 36997] UL: SNR = 63.50 dB | SE = 20.778 bit/s/Hz
[  422 ms] [UE 48787] UL: SNR = 63.50 dB | SE = 20.778 bit/s/Hz
[  422 ms] [UE 40252] UL: SNR = 56.00 dB | SE = 18.324 bit/s/Hz
[  422 ms] [UE 15599] UL: SNR = 52.50 dB | SE = 17.179 bit/s/Hz
[  424 ms] [UE 33952] UL: SNR = 6.50 dB | SE = 2.414 bit/s/Hz
[  424 ms] [UE 12169] UL: SNR = 63.50 dB | SE = 20.778 bit/s/Hz
[  424 ms] [UE 22873] UL: SNR = 63.50 dB | SE = 20.778 bit/s/Hz
[  424 ms] [UE 30556] UL: SNR = 53.50 dB | SE = 17.506 bit/s/Hz
[  424 ms] [UE 20945] UL: SNR = 52.50 dB | SE = 17.179 bit/s/Hz
[  533 ms] [UE 45898] UL: SNR = 63.50 dB | SE = 20.778 bit/s/Hz
[  533 ms] [UE 36997] UL: SNR = 63.50 dB | SE = 20.778 bit/s/Hz
[  533 ms] [UE 48787] UL: SNR = 63.50 dB | SE = 20.778 bit/s/Hz
[  533 ms] [UE 40252] UL: SNR = 56.00 dB | SE = 18.324 bit/s/Hz
[  533 ms] [UE 15599] UL: SNR = 52.50 dB | SE = 17.179 bit/s/Hz
[  537 ms] [UE 33952] UL: SNR = 6.50 dB | SE = 2.414 bit/s/Hz
[  537 ms] [UE 12169] UL: SNR = 63.50 dB | SE = 20.778 bit/s/Hz
[  537 ms] [UE 22873] UL: SNR = 63.50 dB | SE = 20.778 bit/s/Hz
[  537 ms] [UE 30556] UL: SNR = 53.50 dB | SE = 17.506 bit/s/Hz
[  537 ms] [UE 20945] UL: SNR = 52.50 dB | SE = 17.179 bit/s/Hz
[  642 ms] [UE 45898] UL: SNR = 63.50 dB | SE = 20.778 bit/s/Hz
[  642 ms] [UE 36997] UL: SNR = 63.50 dB | SE = 20.778 bit/s/Hz
[  642 ms] [UE 48787] UL: SNR = 63.50 dB | SE = 20.778 bit/s/Hz
[  642 ms] [UE 40252] UL: SNR = 56.00 dB | SE = 18.324 bit/s/Hz
[  642 ms] [UE 15599] UL: SNR = 52.50 dB | SE = 17.179 bit/s/Hz
[  645 ms] [UE 33952] UL: SNR = 6.50 dB | SE = 2.414 bit/s/Hz
[  645 ms] [UE 12169] UL: SNR = 63.50 dB | SE = 20.778 bit/s/Hz
[  645 ms] [UE 22873] UL: SNR = 63.50 dB | SE = 20.778 bit/s/Hz
[  645 ms] [UE 30556] UL: SNR = 53.50 dB | SE = 17.506 bit/s/Hz
[  645 ms] [UE 20945] UL: SNR = 52.50 dB | SE = 17.179 bit/s/Hz
[  753 ms] [UE 45898] UL: SNR = 63.50 dB | SE = 20.778 bit/s/Hz
[  753 ms] [UE 36997] UL: SNR = 63.50 dB | SE = 20.778 bit/s/Hz
[  753 ms] [UE 48787] UL: SNR = 63.50 dB | SE = 20.778 bit/s/Hz
[  753 ms] [UE 40252] UL: SNR = 56.00 dB | SE = 18.324 bit/s/Hz
[  753 ms] [UE 15599] UL: SNR = 52.50 dB | SE = 17.179 bit/s/Hz
[  754 ms] [UE 33952] UL: SNR = 6.50 dB | SE = 2.414 bit/s/Hz
[  754 ms] [UE 12169] UL: SNR = 63.50 dB | SE = 20.778 bit/s/Hz
[  754 ms] [UE 22873] UL: SNR = 63.50 dB | SE = 20.778 bit/s/Hz
[  754 ms] [UE 30556] UL: SNR = 53.50 dB | SE = 17.506 bit/s/Hz
[  754 ms] [UE 20945] UL: SNR = 52.50 dB | SE = 17.179 bit/s/Hz
[  854 ms] [UE 33952] UL: SNR = 6.50 dB | SE = 2.414 bit/s/Hz
[  854 ms] [UE 12169] UL: SNR = 63.50 dB | SE = 20.778 bit/s/Hz
[  854 ms] [UE 22873] UL: SNR = 63.50 dB | SE = 20.778 bit/s/Hz
[  854 ms] [UE 30556] UL: SNR = 63.50 dB | SE = 20.778 bit/s/Hz
[  854 ms] [UE 20945] UL: SNR = 52.50 dB | SE = 17.179 bit/s/Hz
[  863 ms] [UE 45898] UL: SNR = 63.50 dB | SE = 20.778 bit/s/Hz
[  863 ms] [UE 36997] UL: SNR = 63.50 dB | SE = 20.778 bit/s/Hz
[  863 ms] [UE 48787] UL: SNR = 63.50 dB | SE = 20.778 bit/s/Hz
[  863 ms] [UE 40252] UL: SNR = 56.00 dB | SE = 18.324 bit/s/Hz
[  863 ms] [UE 15599] UL: SNR = 52.50 dB | SE = 17.179 bit/s/Hz
[  955 ms] [UE 33952] UL: SNR = 6.50 dB | SE = 2.414 bit/s/Hz
[  955 ms] [UE 12169] UL: SNR = 63.50 dB | SE = 20.778 bit/s/Hz
[  955 ms] [UE 22873] UL: SNR = 63.50 dB | SE = 20.778 bit/s/Hz
[  955 ms] [UE 30556] UL: SNR = 63.50 dB | SE = 20.778 bit/s/Hz
[  955 ms] [UE 20945] UL: SNR = 52.50 dB | SE = 17.179 bit/s/Hz
[  972 ms] [UE 45898] UL: SNR = 63.50 dB | SE = 20.778 bit/s/Hz
[  972 ms] [UE 36997] UL: SNR = 63.50 dB | SE = 20.778 bit/s/Hz
[  972 ms] [UE 48787] UL: SNR = 63.50 dB | SE = 20.778 bit/s/Hz
[  972 ms] [UE 40252] UL: SNR = 56.00 dB | SE = 18.324 bit/s/Hz
[  972 ms] [UE 15599] UL: SNR = 52.50 dB | SE = 17.179 bit/s/Hz
[ 1064 ms] [UE 33952] UL: SNR = 6.50 dB | SE = 2.414 bit/s/Hz
[ 1064 ms] [UE 12169] UL: SNR = 63.50 dB | SE = 20.778 bit/s/Hz
[ 1064 ms] [UE 22873] UL: SNR = 63.50 dB | SE = 20.778 bit/s/Hz
[ 1064 ms] [UE 30556] UL: SNR = 63.50 dB | SE = 20.778 bit/s/Hz
[ 1064 ms] [UE 20945] UL: SNR = 52.50 dB | SE = 17.179 bit/s/Hz
[ 1072 ms] [UE 45898] UL: SNR = 63.50 dB | SE = 20.778 bit/s/Hz
[ 1072 ms] [UE 36997] UL: SNR = 63.50 dB | SE = 20.778 bit/s/Hz
[ 1072 ms] [UE 48787] UL: SNR = 63.50 dB | SE = 20.778 bit/s/Hz
[ 1072 ms] [UE 40252] UL: SNR = 56.00 dB | SE = 18.324 bit/s/Hz
[ 1072 ms] [UE 15599] UL: SNR = 52.50 dB | SE = 17.179 bit/s/Hz
[ 1165 ms] [UE 33952] UL: SNR = 6.50 dB | SE = 2.414 bit/s/Hz
[ 1165 ms] [UE 12169] UL: SNR = 63.50 dB | SE = 20.778 bit/s/Hz
[ 1165 ms] [UE 22873] UL: SNR = 63.50 dB | SE = 20.778 bit/s/Hz
[ 1165 ms] [UE 30556] UL: SNR = 63.50 dB | SE = 20.778 bit/s/Hz
[ 1165 ms] [UE 20945] UL: SNR = 52.50 dB | SE = 17.179 bit/s/Hz
[ 1173 ms] [UE 45898] UL: SNR = 63.50 dB | SE = 20.778 bit/s/Hz
[ 1173 ms] [UE 36997] UL: SNR = 63.50 dB | SE = 20.778 bit/s/Hz
[ 1173 ms] [UE 48787] UL: SNR = 63.50 dB | SE = 20.778 bit/s/Hz
[ 1173 ms] [UE 40252] UL: SNR = 56.00 dB | SE = 18.324 bit/s/Hz
[ 1173 ms] [UE 15599] UL: SNR = 52.50 dB | SE = 17.179 bit/s/Hz
[ 1273 ms] [UE 45898] UL: SNR = 63.50 dB | SE = 20.778 bit/s/Hz
[ 1273 ms] [UE 36997] UL: SNR = 63.50 dB | SE = 20.778 bit/s/Hz
[ 1273 ms] [UE 48787] UL: SNR = 63.50 dB | SE = 20.778 bit/s/Hz
[ 1273 ms] [UE 40252] UL: SNR = 56.00 dB | SE = 18.324 bit/s/Hz
[ 1273 ms] [UE 15599] UL: SNR = 52.50 dB | SE = 17.179 bit/s/Hz
[ 1276 ms] [UE 33952] UL: SNR = 6.50 dB | SE = 2.414 bit/s/Hz
[ 1276 ms] [UE 12169] UL: SNR = 63.50 dB | SE = 20.778 bit/s/Hz
[ 1276 ms] [UE 22873] UL: SNR = 63.50 dB | SE = 20.778 bit/s/Hz
[ 1276 ms] [UE 30556] UL: SNR = 63.50 dB | SE = 20.778 bit/s/Hz
[ 1276 ms] [UE 20945] UL: SNR = 52.50 dB | SE = 17.179 bit/s/Hz
[ 1373 ms] [UE 45898] UL: SNR = 63.50 dB | SE = 20.778 bit/s/Hz
[ 1373 ms] [UE 36997] UL: SNR = 63.50 dB | SE = 20.778 bit/s/Hz
[ 1373 ms] [UE 48787] UL: SNR = 63.50 dB | SE = 20.778 bit/s/Hz
[ 1373 ms] [UE 40252] UL: SNR = 56.00 dB | SE = 18.324 bit/s/Hz
[ 1373 ms] [UE 15599] UL: SNR = 52.50 dB | SE = 17.179 bit/s/Hz
[ 1384 ms] [UE 33952] UL: SNR = 6.50 dB | SE = 2.414 bit/s/Hz
[ 1384 ms] [UE 12169] UL: SNR = 63.50 dB | SE = 20.778 bit/s/Hz
[ 1384 ms] [UE 22873] UL: SNR = 63.50 dB | SE = 20.778 bit/s/Hz
[ 1384 ms] [UE 30556] UL: SNR = 63.50 dB | SE = 20.778 bit/s/Hz
[ 1384 ms] [UE 20945] UL: SNR = 52.50 dB | SE = 17.179 bit/s/Hz
[ 1483 ms] [UE 45898] UL: SNR = 63.50 dB | SE = 20.778 bit/s/Hz
[ 1483 ms] [UE 36997] UL: SNR = 63.50 dB | SE = 20.778 bit/s/Hz
[ 1483 ms] [UE 48787] UL: SNR = 63.50 dB | SE = 20.778 bit/s/Hz
[ 1483 ms] [UE 40252] UL: SNR = 56.00 dB | SE = 18.324 bit/s/Hz
[ 1483 ms] [UE 15599] UL: SNR = 52.50 dB | SE = 17.179 bit/s/Hz
[ 1485 ms] [UE 33952] UL: SNR = 6.50 dB | SE = 2.414 bit/s/Hz
[ 1485 ms] [UE 12169] UL: SNR = 63.50 dB | SE = 20.778 bit/s/Hz
[ 1485 ms] [UE 22873] UL: SNR = 63.50 dB | SE = 20.778 bit/s/Hz
[ 1485 ms] [UE 30556] UL: SNR = 63.50 dB | SE = 20.778 bit/s/Hz
[ 1485 ms] [UE 20945] UL: SNR = 52.50 dB | SE = 17.179 bit/s/Hz
[ 1593 ms] [UE 45898] UL: SNR = 63.50 dB | SE = 20.778 bit/s/Hz
[ 1593 ms] [UE 36997] UL: SNR = 63.50 dB | SE = 20.778 bit/s/Hz
[ 1593 ms] [UE 48787] UL: SNR = 63.50 dB | SE = 20.778 bit/s/Hz
[ 1593 ms] [UE 40252] UL: SNR = 56.00 dB | SE = 18.324 bit/s/Hz
[ 1593 ms] [UE 15599] UL: SNR = 52.50 dB | SE = 17.179 bit/s/Hz
[ 1595 ms] [UE 33952] UL: SNR = 6.50 dB | SE = 2.414 bit/s/Hz
[ 1595 ms] [UE 12169] UL: SNR = 63.50 dB | SE = 20.778 bit/s/Hz
[ 1595 ms] [UE 22873] UL: SNR = 63.50 dB | SE = 20.778 bit/s/Hz
[ 1595 ms] [UE 30556] UL: SNR = 63.50 dB | SE = 20.778 bit/s/Hz
[ 1595 ms] [UE 20945] UL: SNR = 52.50 dB | SE = 17.179 bit/s/Hz
[ 1702 ms] [UE 45898] UL: SNR = 63.50 dB | SE = 20.778 bit/s/Hz
[ 1702 ms] [UE 36997] UL: SNR = 63.50 dB | SE = 20.778 bit/s/Hz
[ 1702 ms] [UE 48787] UL: SNR = 63.50 dB | SE = 20.778 bit/s/Hz
[ 1702 ms] [UE 40252] UL: SNR = 56.00 dB | SE = 18.324 bit/s/Hz
[ 1702 ms] [UE 15599] UL: SNR = 52.50 dB | SE = 17.179 bit/s/Hz
[ 1705 ms] [UE 33952] UL: SNR = 6.50 dB | SE = 2.414 bit/s/Hz
[ 1705 ms] [UE 12169] UL: SNR = 63.50 dB | SE = 20.778 bit/s/Hz
[ 1705 ms] [UE 22873] UL: SNR = 63.50 dB | SE = 20.778 bit/s/Hz
[ 1705 ms] [UE 30556] UL: SNR = 63.50 dB | SE = 20.778 bit/s/Hz
[ 1705 ms] [UE 20945] UL: SNR = 52.50 dB | SE = 17.179 bit/s/Hz
[ 1803 ms] [UE 45898] UL: SNR = 63.50 dB | SE = 20.778 bit/s/Hz
[ 1803 ms] [UE 36997] UL: SNR = 63.50 dB | SE = 20.778 bit/s/Hz
[ 1803 ms] [UE 48787] UL: SNR = 63.50 dB | SE = 20.778 bit/s/Hz
[ 1803 ms] [UE 40252] UL: SNR = 56.00 dB | SE = 18.324 bit/s/Hz
[ 1803 ms] [UE 15599] UL: SNR = 52.50 dB | SE = 17.179 bit/s/Hz
[ 1815 ms] [UE 33952] UL: SNR = 6.50 dB | SE = 2.414 bit/s/Hz
[ 1815 ms] [UE 12169] UL: SNR = 63.50 dB | SE = 20.778 bit/s/Hz
[ 1815 ms] [UE 22873] UL: SNR = 63.50 dB | SE = 20.778 bit/s/Hz
[ 1815 ms] [UE 30556] UL: SNR = 63.50 dB | SE = 20.778 bit/s/Hz
[ 1815 ms] [UE 20945] UL: SNR = 52.50 dB | SE = 17.179 bit/s/Hz
[ 1903 ms] [UE 45898] UL: SNR = 63.50 dB | SE = 20.778 bit/s/Hz
[ 1903 ms] [UE 36997] UL: SNR = 63.50 dB | SE = 20.778 bit/s/Hz
[ 1903 ms] [UE 48787] UL: SNR = 63.50 dB | SE = 20.778 bit/s/Hz
[ 1903 ms] [UE 40252] UL: SNR = 56.00 dB | SE = 18.324 bit/s/Hz
[ 1903 ms] [UE 15599] UL: SNR = 52.50 dB | SE = 17.179 bit/s/Hz
[ 1915 ms] [UE 33952] UL: SNR = 6.50 dB | SE = 2.414 bit/s/Hz
[ 1915 ms] [UE 12169] UL: SNR = 63.50 dB | SE = 20.778 bit/s/Hz
[ 1915 ms] [UE 22873] UL: SNR = 63.50 dB | SE = 20.778 bit/s/Hz
[ 1915 ms] [UE 30556] UL: SNR = 63.50 dB | SE = 20.778 bit/s/Hz
[ 1915 ms] [UE 20945] UL: SNR = 52.50 dB | SE = 17.179 bit/s/Hz
[ 2012 ms] [UE 45898] UL: SNR = 63.50 dB | SE = 20.778 bit/s/Hz
[ 2012 ms] [UE 36997] UL: SNR = 63.50 dB | SE = 20.778 bit/s/Hz
[ 2012 ms] [UE 48787] UL: SNR = 63.50 dB | SE = 20.778 bit/s/Hz
[ 2012 ms] [UE 40252] UL: SNR = 56.00 dB | SE = 18.324 bit/s/Hz
[ 2012 ms] [UE 15599] UL: SNR = 52.50 dB | SE = 17.179 bit/s/Hz
[ 2015 ms] [UE 33952] UL: SNR = 6.50 dB | SE = 2.414 bit/s/Hz
[ 2015 ms] [UE 12169] UL: SNR = 63.50 dB | SE = 20.778 bit/s/Hz
[ 2015 ms] [UE 22873] UL: SNR = 63.50 dB | SE = 20.778 bit/s/Hz
[ 2015 ms] [UE 30556] UL: SNR = 63.50 dB | SE = 20.778 bit/s/Hz
[ 2015 ms] [UE 20945] UL: SNR = 52.50 dB | SE = 17.179 bit/s/Hz
[ 2113 ms] [UE 45898] UL: SNR = 63.50 dB | SE = 20.778 bit/s/Hz
[ 2113 ms] [UE 36997] UL: SNR = 63.50 dB | SE = 20.778 bit/s/Hz
[ 2113 ms] [UE 48787] UL: SNR = 63.50 dB | SE = 20.778 bit/s/Hz
[ 2113 ms] [UE 40252] UL: SNR = 56.00 dB | SE = 18.324 bit/s/Hz
[ 2113 ms] [UE 15599] UL: SNR = 52.50 dB | SE = 17.179 bit/s/Hz
[ 2116 ms] [UE 33952] UL: SNR = 6.50 dB | SE = 2.414 bit/s/Hz
[ 2116 ms] [UE 12169] UL: SNR = 63.50 dB | SE = 20.778 bit/s/Hz
[ 2116 ms] [UE 22873] UL: SNR = 63.50 dB | SE = 20.778 bit/s/Hz
[ 2116 ms] [UE 30556] UL: SNR = 63.50 dB | SE = 20.778 bit/s/Hz
[ 2116 ms] [UE 20945] UL: SNR = 52.50 dB | SE = 17.179 bit/s/Hz
[ 2223 ms] [UE 45898] UL: SNR = 63.50 dB | SE = 20.778 bit/s/Hz
[ 2223 ms] [UE 36997] UL: SNR = 63.50 dB | SE = 20.778 bit/s/Hz
[ 2223 ms] [UE 48787] UL: SNR = 63.50 dB | SE = 20.778 bit/s/Hz
[ 2223 ms] [UE 40252] UL: SNR = 56.00 dB | SE = 18.324 bit/s/Hz
[ 2223 ms] [UE 15599] UL: SNR = 52.50 dB | SE = 17.179 bit/s/Hz
[ 2225 ms] [UE 33952] UL: SNR = 6.50 dB | SE = 2.414 bit/s/Hz
[ 2225 ms] [UE 12169] UL: SNR = 63.50 dB | SE = 20.778 bit/s/Hz
[ 2225 ms] [UE 22873] UL: SNR = 63.50 dB | SE = 20.778 bit/s/Hz
[ 2225 ms] [UE 30556] UL: SNR = 63.50 dB | SE = 20.778 bit/s/Hz
[ 2225 ms] [UE 20945] UL: SNR = 52.50 dB | SE = 17.179 bit/s/Hz
[ 2325 ms] [UE 33952] UL: SNR = 6.50 dB | SE = 2.414 bit/s/Hz
[ 2325 ms] [UE 12169] UL: SNR = 63.50 dB | SE = 20.778 bit/s/Hz
[ 2325 ms] [UE 22873] UL: SNR = 63.50 dB | SE = 20.778 bit/s/Hz
[ 2325 ms] [UE 30556] UL: SNR = 63.50 dB | SE = 20.778 bit/s/Hz
[ 2325 ms] [UE 20945] UL: SNR = 52.50 dB | SE = 17.179 bit/s/Hz
[ 2333 ms] [UE 45898] UL: SNR = 63.50 dB | SE = 20.778 bit/s/Hz
[ 2333 ms] [UE 36997] UL: SNR = 63.50 dB | SE = 20.778 bit/s/Hz
[ 2333 ms] [UE 48787] UL: SNR = 63.50 dB | SE = 20.778 bit/s/Hz
[ 2333 ms] [UE 40252] UL: SNR = 56.00 dB | SE = 18.324 bit/s/Hz
[ 2333 ms] [UE 15599] UL: SNR = 52.50 dB | SE = 17.179 bit/s/Hz
[ 2435 ms] [UE 33952] UL: SNR = 6.50 dB | SE = 2.414 bit/s/Hz
[ 2435 ms] [UE 12169] UL: SNR = 63.50 dB | SE = 20.778 bit/s/Hz
[ 2435 ms] [UE 22873] UL: SNR = 63.50 dB | SE = 20.778 bit/s/Hz
[ 2435 ms] [UE 30556] UL: SNR = 63.50 dB | SE = 20.778 bit/s/Hz
[ 2435 ms] [UE 20945] UL: SNR = 52.50 dB | SE = 17.179 bit/s/Hz
[ 2442 ms] [UE 45898] UL: SNR = 63.50 dB | SE = 20.778 bit/s/Hz
[ 2442 ms] [UE 36997] UL: SNR = 63.50 dB | SE = 20.778 bit/s/Hz
[ 2442 ms] [UE 48787] UL: SNR = 63.50 dB | SE = 20.778 bit/s/Hz
[ 2442 ms] [UE 40252] UL: SNR = 56.00 dB | SE = 18.324 bit/s/Hz
[ 2442 ms] [UE 15599] UL: SNR = 52.50 dB | SE = 17.179 bit/s/Hz
[ 2535 ms] [UE 33952] UL: SNR = 6.50 dB | SE = 2.414 bit/s/Hz
[ 2535 ms] [UE 12169] UL: SNR = 63.50 dB | SE = 20.778 bit/s/Hz
[ 2535 ms] [UE 22873] UL: SNR = 63.50 dB | SE = 20.778 bit/s/Hz
[ 2535 ms] [UE 30556] UL: SNR = 63.50 dB | SE = 20.778 bit/s/Hz
[ 2535 ms] [UE 20945] UL: SNR = 52.50 dB | SE = 17.179 bit/s/Hz
[ 2542 ms] [UE 45898] UL: SNR = 63.50 dB | SE = 20.778 bit/s/Hz
[ 2542 ms] [UE 36997] UL: SNR = 63.50 dB | SE = 20.778 bit/s/Hz
[ 2542 ms] [UE 48787] UL: SNR = 63.50 dB | SE = 20.778 bit/s/Hz
[ 2542 ms] [UE 40252] UL: SNR = 56.00 dB | SE = 18.324 bit/s/Hz
[ 2542 ms] [UE 15599] UL: SNR = 52.50 dB | SE = 17.179 bit/s/Hz
[ 2643 ms] [UE 45898] UL: SNR = 63.50 dB | SE = 20.778 bit/s/Hz
[ 2643 ms] [UE 36997] UL: SNR = 63.50 dB | SE = 20.778 bit/s/Hz
[ 2643 ms] [UE 48787] UL: SNR = 63.50 dB | SE = 20.778 bit/s/Hz
[ 2643 ms] [UE 40252] UL: SNR = 56.00 dB | SE = 18.324 bit/s/Hz
[ 2643 ms] [UE 15599] UL: SNR = 52.50 dB | SE = 17.179 bit/s/Hz
[ 2644 ms] [UE 33952] UL: SNR = 6.50 dB | SE = 2.414 bit/s/Hz
[ 2644 ms] [UE 12169] UL: SNR = 63.50 dB | SE = 20.778 bit/s/Hz
[ 2644 ms] [UE 22873] UL: SNR = 63.50 dB | SE = 20.778 bit/s/Hz
[ 2644 ms] [UE 30556] UL: SNR = 63.50 dB | SE = 20.778 bit/s/Hz
[ 2644 ms] [UE 20945] UL: SNR = 52.50 dB | SE = 17.179 bit/s/Hz
[ 2745 ms] [UE 33952] UL: SNR = 6.50 dB | SE = 2.414 bit/s/Hz
[ 2745 ms] [UE 12169] UL: SNR = 63.50 dB | SE = 20.778 bit/s/Hz
[ 2745 ms] [UE 22873] UL: SNR = 63.50 dB | SE = 20.778 bit/s/Hz
[ 2745 ms] [UE 30556] UL: SNR = 63.50 dB | SE = 20.778 bit/s/Hz
[ 2745 ms] [UE 20945] UL: SNR = 52.50 dB | SE = 17.179 bit/s/Hz
[ 2753 ms] [UE 45898] UL: SNR = 63.50 dB | SE = 20.778 bit/s/Hz
[ 2753 ms] [UE 36997] UL: SNR = 63.50 dB | SE = 20.778 bit/s/Hz
[ 2753 ms] [UE 48787] UL: SNR = 63.50 dB | SE = 20.778 bit/s/Hz
[ 2753 ms] [UE 40252] UL: SNR = 56.00 dB | SE = 18.324 bit/s/Hz
[ 2753 ms] [UE 15599] UL: SNR = 52.50 dB | SE = 17.179 bit/s/Hz
[ 2854 ms] [UE 33952] UL: SNR = 6.50 dB | SE = 2.414 bit/s/Hz
[ 2854 ms] [UE 12169] UL: SNR = 63.50 dB | SE = 20.778 bit/s/Hz
[ 2854 ms] [UE 22873] UL: SNR = 63.50 dB | SE = 20.778 bit/s/Hz
[ 2854 ms] [UE 30556] UL: SNR = 63.50 dB | SE = 20.778 bit/s/Hz
[ 2854 ms] [UE 20945] UL: SNR = 52.50 dB | SE = 17.179 bit/s/Hz
[ 2862 ms] [UE 45898] UL: SNR = 63.50 dB | SE = 20.778 bit/s/Hz
[ 2862 ms] [UE 36997] UL: SNR = 63.50 dB | SE = 20.778 bit/s/Hz
[ 2862 ms] [UE 48787] UL: SNR = 63.50 dB | SE = 20.778 bit/s/Hz
[ 2862 ms] [UE 40252] UL: SNR = 56.00 dB | SE = 18.324 bit/s/Hz
[ 2862 ms] [UE 15599] UL: SNR = 52.50 dB | SE = 17.179 bit/s/Hz
[ 2955 ms] [UE 33952] UL: SNR = 6.50 dB | SE = 2.414 bit/s/Hz
[ 2955 ms] [UE 12169] UL: SNR = 63.50 dB | SE = 20.778 bit/s/Hz
[ 2955 ms] [UE 22873] UL: SNR = 63.50 dB | SE = 20.778 bit/s/Hz
[ 2955 ms] [UE 30556] UL: SNR = 63.50 dB | SE = 20.778 bit/s/Hz
[ 2955 ms] [UE 20945] UL: SNR = 52.50 dB | SE = 17.179 bit/s/Hz
[ 2963 ms] [UE 45898] UL: SNR = 63.50 dB | SE = 20.778 bit/s/Hz
[ 2963 ms] [UE 36997] UL: SNR = 63.50 dB | SE = 20.778 bit/s/Hz
[ 2963 ms] [UE 48787] UL: SNR = 63.50 dB | SE = 20.778 bit/s/Hz
[ 2963 ms] [UE 40252] UL: SNR = 56.00 dB | SE = 18.324 bit/s/Hz
[ 2963 ms] [UE 15599] UL: SNR = 52.50 dB | SE = 17.179 bit/s/Hz
[ 3055 ms] [UE 33952] UL: SNR = 6.50 dB | SE = 2.414 bit/s/Hz
[ 3055 ms] [UE 12169] UL: SNR = 63.50 dB | SE = 20.778 bit/s/Hz
[ 3055 ms] [UE 22873] UL: SNR = 63.50 dB | SE = 20.778 bit/s/Hz
[ 3055 ms] [UE 30556] UL: SNR = 63.50 dB | SE = 20.778 bit/s/Hz
[ 3055 ms] [UE 20945] UL: SNR = 52.50 dB | SE = 17.179 bit/s/Hz
[ 3072 ms] [UE 45898] UL: SNR = 63.50 dB | SE = 20.778 bit/s/Hz
[ 3072 ms] [UE 36997] UL: SNR = 63.50 dB | SE = 20.778 bit/s/Hz
[ 3072 ms] [UE 48787] UL: SNR = 63.50 dB | SE = 20.778 bit/s/Hz
[ 3072 ms] [UE 40252] UL: SNR = 56.00 dB | SE = 18.324 bit/s/Hz
[ 3072 ms] [UE 15599] UL: SNR = 52.50 dB | SE = 17.179 bit/s/Hz
[ 3155 ms] [UE 33952] UL: SNR = 6.50 dB | SE = 2.414 bit/s/Hz
[ 3155 ms] [UE 12169] UL: SNR = 63.50 dB | SE = 20.778 bit/s/Hz
[ 3155 ms] [UE 22873] UL: SNR = 63.50 dB | SE = 20.778 bit/s/Hz
[ 3155 ms] [UE 30556] UL: SNR = 63.50 dB | SE = 20.778 bit/s/Hz
[ 3155 ms] [UE 20945] UL: SNR = 52.50 dB | SE = 17.179 bit/s/Hz
[ 3172 ms] [UE 45898] UL: SNR = 63.50 dB | SE = 20.778 bit/s/Hz
[ 3172 ms] [UE 36997] UL: SNR = 63.50 dB | SE = 20.778 bit/s/Hz
[ 3172 ms] [UE 48787] UL: SNR = 63.50 dB | SE = 20.778 bit/s/Hz
[ 3172 ms] [UE 40252] UL: SNR = 56.00 dB | SE = 18.324 bit/s/Hz
[ 3172 ms] [UE 15599] UL: SNR = 52.50 dB | SE = 17.179 bit/s/Hz
[ 3255 ms] [UE 33952] UL: SNR = 6.50 dB | SE = 2.414 bit/s/Hz
[ 3255 ms] [UE 12169] UL: SNR = 63.50 dB | SE = 20.778 bit/s/Hz
[ 3255 ms] [UE 22873] UL: SNR = 63.50 dB | SE = 20.778 bit/s/Hz
[ 3255 ms] [UE 30556] UL: SNR = 63.50 dB | SE = 20.778 bit/s/Hz
[ 3255 ms] [UE 20945] UL: SNR = 52.50 dB | SE = 17.179 bit/s/Hz
[ 3273 ms] [UE 45898] UL: SNR = 63.50 dB | SE = 20.778 bit/s/Hz
[ 3273 ms] [UE 36997] UL: SNR = 63.50 dB | SE = 20.778 bit/s/Hz
[ 3273 ms] [UE 48787] UL: SNR = 63.50 dB | SE = 20.778 bit/s/Hz
[ 3273 ms] [UE 40252] UL: SNR = 56.00 dB | SE = 18.324 bit/s/Hz
[ 3273 ms] [UE 15599] UL: SNR = 52.50 dB | SE = 17.179 bit/s/Hz
[ 3364 ms] [UE 33952] UL: SNR = 6.50 dB | SE = 2.414 bit/s/Hz
[ 3364 ms] [UE 12169] UL: SNR = 63.50 dB | SE = 20.778 bit/s/Hz
[ 3364 ms] [UE 22873] UL: SNR = 63.50 dB | SE = 20.778 bit/s/Hz
[ 3364 ms] [UE 30556] UL: SNR = 63.50 dB | SE = 20.778 bit/s/Hz
[ 3364 ms] [UE 20945] UL: SNR = 52.50 dB | SE = 17.179 bit/s/Hz
[ 3382 ms] [UE 45898] UL: SNR = 63.50 dB | SE = 20.778 bit/s/Hz
[ 3382 ms] [UE 36997] UL: SNR = 63.50 dB | SE = 20.778 bit/s/Hz
[ 3382 ms] [UE 48787] UL: SNR = 63.50 dB | SE = 20.778 bit/s/Hz
[ 3382 ms] [UE 40252] UL: SNR = 56.00 dB | SE = 18.324 bit/s/Hz
[ 3382 ms] [UE 15599] UL: SNR = 52.50 dB | SE = 17.179 bit/s/Hz
[ 3464 ms] [UE 33952] UL: SNR = 6.50 dB | SE = 2.414 bit/s/Hz
[ 3464 ms] [UE 12169] UL: SNR = 63.50 dB | SE = 20.778 bit/s/Hz
[ 3464 ms] [UE 22873] UL: SNR = 63.50 dB | SE = 20.778 bit/s/Hz
[ 3464 ms] [UE 30556] UL: SNR = 63.50 dB | SE = 20.778 bit/s/Hz
[ 3464 ms] [UE 20945] UL: SNR = 52.50 dB | SE = 17.179 bit/s/Hz
[ 3482 ms] [UE 45898] UL: SNR = 63.50 dB | SE = 20.778 bit/s/Hz
[ 3482 ms] [UE 36997] UL: SNR = 63.50 dB | SE = 20.778 bit/s/Hz
[ 3482 ms] [UE 48787] UL: SNR = 63.50 dB | SE = 20.778 bit/s/Hz
[ 3482 ms] [UE 40252] UL: SNR = 56.00 dB | SE = 18.324 bit/s/Hz
[ 3482 ms] [UE 15599] UL: SNR = 52.50 dB | SE = 17.179 bit/s/Hz
[ 3575 ms] [UE 33952] UL: SNR = 6.50 dB | SE = 2.414 bit/s/Hz
[ 3575 ms] [UE 12169] UL: SNR = 63.50 dB | SE = 20.778 bit/s/Hz
[ 3575 ms] [UE 22873] UL: SNR = 63.50 dB | SE = 20.778 bit/s/Hz
[ 3575 ms] [UE 30556] UL: SNR = 63.50 dB | SE = 20.778 bit/s/Hz
[ 3575 ms] [UE 20945] UL: SNR = 52.50 dB | SE = 17.179 bit/s/Hz
[ 3583 ms] [UE 45898] UL: SNR = 63.50 dB | SE = 20.778 bit/s/Hz
[ 3583 ms] [UE 36997] UL: SNR = 63.50 dB | SE = 20.778 bit/s/Hz
[ 3583 ms] [UE 48787] UL: SNR = 63.50 dB | SE = 20.778 bit/s/Hz
[ 3583 ms] [UE 40252] UL: SNR = 56.00 dB | SE = 18.324 bit/s/Hz
[ 3583 ms] [UE 15599] UL: SNR = 52.50 dB | SE = 17.179 bit/s/Hz
[ 3685 ms] [UE 33952] UL: SNR = 6.50 dB | SE = 2.414 bit/s/Hz
[ 3685 ms] [UE 12169] UL: SNR = 63.50 dB | SE = 20.778 bit/s/Hz
[ 3685 ms] [UE 22873] UL: SNR = 63.50 dB | SE = 20.778 bit/s/Hz
[ 3685 ms] [UE 30556] UL: SNR = 63.50 dB | SE = 20.778 bit/s/Hz
[ 3685 ms] [UE 20945] UL: SNR = 52.50 dB | SE = 17.179 bit/s/Hz
[ 3692 ms] [UE 45898] UL: SNR = 63.50 dB | SE = 20.778 bit/s/Hz
[ 3692 ms] [UE 36997] UL: SNR = 63.50 dB | SE = 20.778 bit/s/Hz
[ 3692 ms] [UE 48787] UL: SNR = 63.50 dB | SE = 20.778 bit/s/Hz
[ 3692 ms] [UE 40252] UL: SNR = 56.00 dB | SE = 18.324 bit/s/Hz
[ 3692 ms] [UE 15599] UL: SNR = 52.50 dB | SE = 17.179 bit/s/Hz
[ 3785 ms] [UE 33952] UL: SNR = 6.50 dB | SE = 2.414 bit/s/Hz
[ 3785 ms] [UE 12169] UL: SNR = 63.50 dB | SE = 20.778 bit/s/Hz
[ 3785 ms] [UE 22873] UL: SNR = 63.50 dB | SE = 20.778 bit/s/Hz
[ 3785 ms] [UE 30556] UL: SNR = 54.00 dB | SE = 17.669 bit/s/Hz
[ 3785 ms] [UE 20945] UL: SNR = 52.50 dB | SE = 17.179 bit/s/Hz
[ 3793 ms] [UE 45898] UL: SNR = 63.50 dB | SE = 20.778 bit/s/Hz
[ 3793 ms] [UE 36997] UL: SNR = 63.50 dB | SE = 20.778 bit/s/Hz
[ 3793 ms] [UE 48787] UL: SNR = 63.50 dB | SE = 20.778 bit/s/Hz
[ 3793 ms] [UE 40252] UL: SNR = 56.00 dB | SE = 18.324 bit/s/Hz
[ 3793 ms] [UE 15599] UL: SNR = 52.50 dB | SE = 17.179 bit/s/Hz
[ 3894 ms] [UE 33952] UL: SNR = 6.50 dB | SE = 2.414 bit/s/Hz
[ 3894 ms] [UE 12169] UL: SNR = 63.50 dB | SE = 20.778 bit/s/Hz
[ 3894 ms] [UE 22873] UL: SNR = 63.50 dB | SE = 20.778 bit/s/Hz
[ 3894 ms] [UE 30556] UL: SNR = 54.00 dB | SE = 17.669 bit/s/Hz
[ 3894 ms] [UE 20945] UL: SNR = 52.50 dB | SE = 17.179 bit/s/Hz
[ 3902 ms] [UE 45898] UL: SNR = 63.50 dB | SE = 20.778 bit/s/Hz
[ 3902 ms] [UE 36997] UL: SNR = 63.50 dB | SE = 20.778 bit/s/Hz
[ 3902 ms] [UE 48787] UL: SNR = 63.50 dB | SE = 20.778 bit/s/Hz
[ 3902 ms] [UE 40252] UL: SNR = 56.00 dB | SE = 18.324 bit/s/Hz
[ 3902 ms] [UE 15599] UL: SNR = 52.50 dB | SE = 17.179 bit/s/Hz
[ 3994 ms] [UE 33952] UL: SNR = 6.50 dB | SE = 2.414 bit/s/Hz
[ 3994 ms] [UE 12169] UL: SNR = 63.50 dB | SE = 20.778 bit/s/Hz
[ 3994 ms] [UE 22873] UL: SNR = 63.50 dB | SE = 20.778 bit/s/Hz
[ 3994 ms] [UE 30556] UL: SNR = 54.00 dB | SE = 17.669 bit/s/Hz
[ 3994 ms] [UE 20945] UL: SNR = 52.50 dB | SE = 17.179 bit/s/Hz
[ 4002 ms] [UE 45898] UL: SNR = 63.50 dB | SE = 20.778 bit/s/Hz
[ 4002 ms] [UE 36997] UL: SNR = 63.50 dB | SE = 20.778 bit/s/Hz
[ 4002 ms] [UE 48787] UL: SNR = 63.50 dB | SE = 20.778 bit/s/Hz
[ 4002 ms] [UE 40252] UL: SNR = 56.00 dB | SE = 18.324 bit/s/Hz
[ 4002 ms] [UE 15599] UL: SNR = 52.50 dB | SE = 17.179 bit/s/Hz
[ 4095 ms] [UE 33952] UL: SNR = 6.50 dB | SE = 2.414 bit/s/Hz
[ 4095 ms] [UE 12169] UL: SNR = 63.50 dB | SE = 20.778 bit/s/Hz
[ 4095 ms] [UE 22873] UL: SNR = 63.50 dB | SE = 20.778 bit/s/Hz
[ 4095 ms] [UE 30556] UL: SNR = 54.00 dB | SE = 17.669 bit/s/Hz
[ 4095 ms] [UE 20945] UL: SNR = 52.50 dB | SE = 17.179 bit/s/Hz
[ 4113 ms] [UE 45898] UL: SNR = 63.50 dB | SE = 20.778 bit/s/Hz
[ 4113 ms] [UE 36997] UL: SNR = 63.50 dB | SE = 20.778 bit/s/Hz
[ 4113 ms] [UE 48787] UL: SNR = 63.50 dB | SE = 20.778 bit/s/Hz
[ 4113 ms] [UE 40252] UL: SNR = 56.00 dB | SE = 18.324 bit/s/Hz
[ 4113 ms] [UE 15599] UL: SNR = 52.50 dB | SE = 17.179 bit/s/Hz
[ 4204 ms] [UE 33952] UL: SNR = 6.50 dB | SE = 2.414 bit/s/Hz
[ 4204 ms] [UE 12169] UL: SNR = 63.50 dB | SE = 20.778 bit/s/Hz
[ 4204 ms] [UE 22873] UL: SNR = 63.50 dB | SE = 20.778 bit/s/Hz
[ 4204 ms] [UE 30556] UL: SNR = 54.00 dB | SE = 17.669 bit/s/Hz
[ 4204 ms] [UE 20945] UL: SNR = 52.50 dB | SE = 17.179 bit/s/Hz
[ 4213 ms] [UE 45898] UL: SNR = 63.50 dB | SE = 20.778 bit/s/Hz
[ 4213 ms] [UE 36997] UL: SNR = 63.50 dB | SE = 20.778 bit/s/Hz
[ 4213 ms] [UE 48787] UL: SNR = 63.50 dB | SE = 20.778 bit/s/Hz
[ 4213 ms] [UE 40252] UL: SNR = 56.00 dB | SE = 18.324 bit/s/Hz
[ 4213 ms] [UE 15599] UL: SNR = 52.50 dB | SE = 17.179 bit/s/Hz
[ 4305 ms] [UE 33952] UL: SNR = 7.00 dB | SE = 2.549 bit/s/Hz
[ 4305 ms] [UE 12169] UL: SNR = 63.50 dB | SE = 20.778 bit/s/Hz
[ 4305 ms] [UE 22873] UL: SNR = 58.50 dB | SE = 19.142 bit/s/Hz
[ 4305 ms] [UE 30556] UL: SNR = 52.00 dB | SE = 17.015 bit/s/Hz
[ 4305 ms] [UE 20945] UL: SNR = 52.50 dB | SE = 17.179 bit/s/Hz
[ 4322 ms] [UE 45898] UL: SNR = 63.50 dB | SE = 20.778 bit/s/Hz
[ 4322 ms] [UE 36997] UL: SNR = 63.50 dB | SE = 20.778 bit/s/Hz
[ 4322 ms] [UE 48787] UL: SNR = 63.50 dB | SE = 20.778 bit/s/Hz
[ 4322 ms] [UE 40252] UL: SNR = 56.00 dB | SE = 18.324 bit/s/Hz
[ 4322 ms] [UE 15599] UL: SNR = 52.50 dB | SE = 17.179 bit/s/Hz
[ 4414 ms] [UE 33952] UL: SNR = 7.00 dB | SE = 2.549 bit/s/Hz
[ 4414 ms] [UE 12169] UL: SNR = 63.50 dB | SE = 20.778 bit/s/Hz
[ 4414 ms] [UE 22873] UL: SNR = 58.50 dB | SE = 19.142 bit/s/Hz
[ 4414 ms] [UE 30556] UL: SNR = 52.00 dB | SE = 17.015 bit/s/Hz
[ 4414 ms] [UE 20945] UL: SNR = 52.50 dB | SE = 17.179 bit/s/Hz
[ 4432 ms] [UE 45898] UL: SNR = 63.50 dB | SE = 20.778 bit/s/Hz
[ 4432 ms] [UE 36997] UL: SNR = 63.50 dB | SE = 20.778 bit/s/Hz
[ 4432 ms] [UE 48787] UL: SNR = 63.50 dB | SE = 20.778 bit/s/Hz
[ 4432 ms] [UE 40252] UL: SNR = 56.00 dB | SE = 18.324 bit/s/Hz
[ 4432 ms] [UE 15599] UL: SNR = 52.50 dB | SE = 17.179 bit/s/Hz
[ 4515 ms] [UE 33952] UL: SNR = 6.50 dB | SE = 2.414 bit/s/Hz
[ 4515 ms] [UE 12169] UL: SNR = 63.50 dB | SE = 20.778 bit/s/Hz
[ 4515 ms] [UE 22873] UL: SNR = 58.50 dB | SE = 19.142 bit/s/Hz
[ 4515 ms] [UE 30556] UL: SNR = 52.00 dB | SE = 17.015 bit/s/Hz
[ 4515 ms] [UE 20945] UL: SNR = 52.50 dB | SE = 17.179 bit/s/Hz
[ 4533 ms] [UE 45898] UL: SNR = 63.50 dB | SE = 20.778 bit/s/Hz
[ 4533 ms] [UE 36997] UL: SNR = 63.50 dB | SE = 20.778 bit/s/Hz
[ 4533 ms] [UE 48787] UL: SNR = 63.50 dB | SE = 20.778 bit/s/Hz
[ 4533 ms] [UE 40252] UL: SNR = 56.00 dB | SE = 18.324 bit/s/Hz
[ 4533 ms] [UE 15599] UL: SNR = 52.50 dB | SE = 17.179 bit/s/Hz
[ 4615 ms] [UE 33952] UL: SNR = 6.50 dB | SE = 2.414 bit/s/Hz
[ 4615 ms] [UE 12169] UL: SNR = 63.50 dB | SE = 20.778 bit/s/Hz
[ 4615 ms] [UE 22873] UL: SNR = 58.50 dB | SE = 19.142 bit/s/Hz
[ 4615 ms] [UE 30556] UL: SNR = 52.00 dB | SE = 17.015 bit/s/Hz
[ 4615 ms] [UE 20945] UL: SNR = 52.50 dB | SE = 17.179 bit/s/Hz
[ 4642 ms] [UE 45898] UL: SNR = 63.50 dB | SE = 20.778 bit/s/Hz
[ 4642 ms] [UE 36997] UL: SNR = 63.50 dB | SE = 20.778 bit/s/Hz
[ 4642 ms] [UE 48787] UL: SNR = 63.50 dB | SE = 20.778 bit/s/Hz
[ 4642 ms] [UE 40252] UL: SNR = 56.00 dB | SE = 18.324 bit/s/Hz
[ 4642 ms] [UE 15599] UL: SNR = 52.50 dB | SE = 17.179 bit/s/Hz
[ 4725 ms] [UE 33952] UL: SNR = 6.50 dB | SE = 2.414 bit/s/Hz
[ 4725 ms] [UE 12169] UL: SNR = 63.50 dB | SE = 20.778 bit/s/Hz
[ 4725 ms] [UE 22873] UL: SNR = 58.50 dB | SE = 19.142 bit/s/Hz
[ 4725 ms] [UE 30556] UL: SNR = 52.00 dB | SE = 17.015 bit/s/Hz
[ 4725 ms] [UE 20945] UL: SNR = 52.50 dB | SE = 17.179 bit/s/Hz
[ 4743 ms] [UE 45898] UL: SNR = 63.50 dB | SE = 20.778 bit/s/Hz
[ 4743 ms] [UE 36997] UL: SNR = 63.50 dB | SE = 20.778 bit/s/Hz
[ 4743 ms] [UE 48787] UL: SNR = 63.50 dB | SE = 20.778 bit/s/Hz
[ 4743 ms] [UE 40252] UL: SNR = 56.00 dB | SE = 18.324 bit/s/Hz
[ 4743 ms] [UE 15599] UL: SNR = 52.50 dB | SE = 17.179 bit/s/Hz
[ 4825 ms] [UE 33952] UL: SNR = 6.50 dB | SE = 2.414 bit/s/Hz
[ 4825 ms] [UE 12169] UL: SNR = 63.50 dB | SE = 20.778 bit/s/Hz
[ 4825 ms] [UE 22873] UL: SNR = 58.50 dB | SE = 19.142 bit/s/Hz
[ 4825 ms] [UE 30556] UL: SNR = 52.00 dB | SE = 17.015 bit/s/Hz
[ 4825 ms] [UE 20945] UL: SNR = 63.50 dB | SE = 20.778 bit/s/Hz
[ 4853 ms] [UE 45898] UL: SNR = 63.50 dB | SE = 20.778 bit/s/Hz
[ 4853 ms] [UE 36997] UL: SNR = 63.50 dB | SE = 20.778 bit/s/Hz
[ 4853 ms] [UE 48787] UL: SNR = 63.50 dB | SE = 20.778 bit/s/Hz
[ 4853 ms] [UE 40252] UL: SNR = 56.00 dB | SE = 18.324 bit/s/Hz
[ 4853 ms] [UE 15599] UL: SNR = 52.50 dB | SE = 17.179 bit/s/Hz
[ 4937 ms] [UE 33952] UL: SNR = 6.50 dB | SE = 2.414 bit/s/Hz
[ 4937 ms] [UE 12169] UL: SNR = 63.50 dB | SE = 20.778 bit/s/Hz
[ 4937 ms] [UE 22873] UL: SNR = 58.50 dB | SE = 19.142 bit/s/Hz
[ 4937 ms] [UE 30556] UL: SNR = 52.00 dB | SE = 17.015 bit/s/Hz
[ 4937 ms] [UE 20945] UL: SNR = 63.50 dB | SE = 20.778 bit/s/Hz
[ 4963 ms] [UE 45898] UL: SNR = 63.50 dB | SE = 20.778 bit/s/Hz
[ 4963 ms] [UE 36997] UL: SNR = 63.50 dB | SE = 20.778 bit/s/Hz
[ 4963 ms] [UE 48787] UL: SNR = 63.50 dB | SE = 20.778 bit/s/Hz
[ 4963 ms] [UE 40252] UL: SNR = 56.00 dB | SE = 18.324 bit/s/Hz
[ 4963 ms] [UE 15599] UL: SNR = 52.50 dB | SE = 17.179 bit/s/Hz
[ 5045 ms] [UE 33952] UL: SNR = 6.50 dB | SE = 2.414 bit/s/Hz
[ 5045 ms] [UE 12169] UL: SNR = 63.50 dB | SE = 20.778 bit/s/Hz
[ 5045 ms] [UE 22873] UL: SNR = 58.50 dB | SE = 19.142 bit/s/Hz
[ 5045 ms] [UE 30556] UL: SNR = 63.50 dB | SE = 20.778 bit/s/Hz
[ 5045 ms] [UE 20945] UL: SNR = 63.50 dB | SE = 20.778 bit/s/Hz
[ 5072 ms] [UE 45898] UL: SNR = 63.50 dB | SE = 20.778 bit/s/Hz
[ 5072 ms] [UE 36997] UL: SNR = 63.50 dB | SE = 20.778 bit/s/Hz
[ 5072 ms] [UE 48787] UL: SNR = 63.50 dB | SE = 20.778 bit/s/Hz
[ 5072 ms] [UE 40252] UL: SNR = 56.00 dB | SE = 18.324 bit/s/Hz
[ 5072 ms] [UE 15599] UL: SNR = 52.50 dB | SE = 17.179 bit/s/Hz
[ 5154 ms] [UE 33952] UL: SNR = 6.50 dB | SE = 2.414 bit/s/Hz
[ 5154 ms] [UE 12169] UL: SNR = 63.50 dB | SE = 20.778 bit/s/Hz
[ 5154 ms] [UE 22873] UL: SNR = 58.50 dB | SE = 19.142 bit/s/Hz
[ 5154 ms] [UE 30556] UL: SNR = 63.50 dB | SE = 20.778 bit/s/Hz
[ 5154 ms] [UE 20945] UL: SNR = 63.50 dB | SE = 20.778 bit/s/Hz
[ 5182 ms] [UE 45898] UL: SNR = 63.50 dB | SE = 20.778 bit/s/Hz
[ 5182 ms] [UE 36997] UL: SNR = 63.50 dB | SE = 20.778 bit/s/Hz
[ 5182 ms] [UE 48787] UL: SNR = 63.50 dB | SE = 20.778 bit/s/Hz
[ 5182 ms] [UE 40252] UL: SNR = 56.00 dB | SE = 18.324 bit/s/Hz
[ 5182 ms] [UE 15599] UL: SNR = 52.50 dB | SE = 17.179 bit/s/Hz
[ 5255 ms] [UE 33952] UL: SNR = 6.50 dB | SE = 2.414 bit/s/Hz
[ 5255 ms] [UE 12169] UL: SNR = 63.50 dB | SE = 20.778 bit/s/Hz
[ 5255 ms] [UE 22873] UL: SNR = 58.50 dB | SE = 19.142 bit/s/Hz
[ 5255 ms] [UE 30556] UL: SNR = 63.50 dB | SE = 20.778 bit/s/Hz
[ 5255 ms] [UE 20945] UL: SNR = 63.50 dB | SE = 20.778 bit/s/Hz
[ 5283 ms] [UE 45898] UL: SNR = 63.50 dB | SE = 20.778 bit/s/Hz
[ 5283 ms] [UE 36997] UL: SNR = 63.50 dB | SE = 20.778 bit/s/Hz
[ 5283 ms] [UE 48787] UL: SNR = 63.50 dB | SE = 20.778 bit/s/Hz
[ 5283 ms] [UE 40252] UL: SNR = 56.00 dB | SE = 18.324 bit/s/Hz
[ 5283 ms] [UE 15599] UL: SNR = 52.50 dB | SE = 17.179 bit/s/Hz
[ 5365 ms] [UE 33952] UL: SNR = 6.50 dB | SE = 2.414 bit/s/Hz
[ 5365 ms] [UE 12169] UL: SNR = 63.50 dB | SE = 20.778 bit/s/Hz
[ 5365 ms] [UE 22873] UL: SNR = 58.50 dB | SE = 19.142 bit/s/Hz
[ 5365 ms] [UE 30556] UL: SNR = 63.50 dB | SE = 20.778 bit/s/Hz
[ 5365 ms] [UE 20945] UL: SNR = 63.50 dB | SE = 20.778 bit/s/Hz
[ 5392 ms] [UE 45898] UL: SNR = 63.50 dB | SE = 20.778 bit/s/Hz
[ 5392 ms] [UE 36997] UL: SNR = 63.50 dB | SE = 20.778 bit/s/Hz
[ 5392 ms] [UE 48787] UL: SNR = 63.50 dB | SE = 20.778 bit/s/Hz
[ 5392 ms] [UE 40252] UL: SNR = 56.00 dB | SE = 18.324 bit/s/Hz
[ 5392 ms] [UE 15599] UL: SNR = 52.50 dB | SE = 17.179 bit/s/Hz
[ 5465 ms] [UE 33952] UL: SNR = 6.50 dB | SE = 2.414 bit/s/Hz
[ 5465 ms] [UE 12169] UL: SNR = 63.50 dB | SE = 20.778 bit/s/Hz
[ 5465 ms] [UE 22873] UL: SNR = 58.50 dB | SE = 19.142 bit/s/Hz
[ 5465 ms] [UE 30556] UL: SNR = 63.50 dB | SE = 20.778 bit/s/Hz
[ 5465 ms] [UE 20945] UL: SNR = 63.50 dB | SE = 20.778 bit/s/Hz
[ 5492 ms] [UE 45898] UL: SNR = 63.50 dB | SE = 20.778 bit/s/Hz
[ 5492 ms] [UE 36997] UL: SNR = 63.50 dB | SE = 20.778 bit/s/Hz
[ 5492 ms] [UE 48787] UL: SNR = 63.50 dB | SE = 20.778 bit/s/Hz
[ 5492 ms] [UE 40252] UL: SNR = 56.00 dB | SE = 18.324 bit/s/Hz
[ 5492 ms] [UE 15599] UL: SNR = 52.50 dB | SE = 17.179 bit/s/Hz
[ 5575 ms] [UE 33952] UL: SNR = 6.50 dB | SE = 2.414 bit/s/Hz
[ 5575 ms] [UE 12169] UL: SNR = 63.50 dB | SE = 20.778 bit/s/Hz
[ 5575 ms] [UE 22873] UL: SNR = 58.50 dB | SE = 19.142 bit/s/Hz
[ 5575 ms] [UE 30556] UL: SNR = 63.50 dB | SE = 20.778 bit/s/Hz
[ 5575 ms] [UE 20945] UL: SNR = 63.50 dB | SE = 20.778 bit/s/Hz
[ 5593 ms] [UE 45898] UL: SNR = 63.50 dB | SE = 20.778 bit/s/Hz
[ 5593 ms] [UE 36997] UL: SNR = 63.50 dB | SE = 20.778 bit/s/Hz
[ 5593 ms] [UE 48787] UL: SNR = 63.50 dB | SE = 20.778 bit/s/Hz
[ 5593 ms] [UE 40252] UL: SNR = 56.00 dB | SE = 18.324 bit/s/Hz
[ 5593 ms] [UE 15599] UL: SNR = 52.50 dB | SE = 17.179 bit/s/Hz
[ 5685 ms] [UE 33952] UL: SNR = 6.50 dB | SE = 2.414 bit/s/Hz
[ 5685 ms] [UE 12169] UL: SNR = 63.50 dB | SE = 20.778 bit/s/Hz
[ 5685 ms] [UE 22873] UL: SNR = 58.50 dB | SE = 19.142 bit/s/Hz
[ 5685 ms] [UE 30556] UL: SNR = 63.50 dB | SE = 20.778 bit/s/Hz
[ 5685 ms] [UE 20945] UL: SNR = 63.50 dB | SE = 20.778 bit/s/Hz
[ 5703 ms] [UE 45898] UL: SNR = 63.50 dB | SE = 20.778 bit/s/Hz
[ 5703 ms] [UE 36997] UL: SNR = 63.50 dB | SE = 20.778 bit/s/Hz
[ 5703 ms] [UE 48787] UL: SNR = 63.50 dB | SE = 20.778 bit/s/Hz
[ 5703 ms] [UE 40252] UL: SNR = 56.00 dB | SE = 18.324 bit/s/Hz
[ 5703 ms] [UE 15599] UL: SNR = 52.50 dB | SE = 17.179 bit/s/Hz
[ 5795 ms] [UE 33952] UL: SNR = 6.50 dB | SE = 2.414 bit/s/Hz
[ 5795 ms] [UE 12169] UL: SNR = 63.50 dB | SE = 20.778 bit/s/Hz
[ 5795 ms] [UE 22873] UL: SNR = 58.50 dB | SE = 19.142 bit/s/Hz
[ 5795 ms] [UE 30556] UL: SNR = 63.50 dB | SE = 20.778 bit/s/Hz
[ 5795 ms] [UE 20945] UL: SNR = 63.50 dB | SE = 20.778 bit/s/Hz
[ 5812 ms] [UE 45898] UL: SNR = 63.50 dB | SE = 20.778 bit/s/Hz
[ 5812 ms] [UE 36997] UL: SNR = 63.50 dB | SE = 20.778 bit/s/Hz
[ 5812 ms] [UE 48787] UL: SNR = 63.50 dB | SE = 20.778 bit/s/Hz
[ 5812 ms] [UE 40252] UL: SNR = 56.00 dB | SE = 18.324 bit/s/Hz
[ 5812 ms] [UE 15599] UL: SNR = 52.50 dB | SE = 17.179 bit/s/Hz
[ 5905 ms] [UE 33952] UL: SNR = 6.50 dB | SE = 2.414 bit/s/Hz
[ 5905 ms] [UE 12169] UL: SNR = 63.50 dB | SE = 20.778 bit/s/Hz
[ 5905 ms] [UE 22873] UL: SNR = 58.50 dB | SE = 19.142 bit/s/Hz
[ 5905 ms] [UE 30556] UL: SNR = 63.50 dB | SE = 20.778 bit/s/Hz
[ 5905 ms] [UE 20945] UL: SNR = 63.50 dB | SE = 20.778 bit/s/Hz
[ 5913 ms] [UE 45898] UL: SNR = 63.50 dB | SE = 20.778 bit/s/Hz
[ 5913 ms] [UE 36997] UL: SNR = 63.50 dB | SE = 20.778 bit/s/Hz
[ 5913 ms] [UE 48787] UL: SNR = 63.50 dB | SE = 20.778 bit/s/Hz
[ 5913 ms] [UE 40252] UL: SNR = 56.00 dB | SE = 18.324 bit/s/Hz
[ 5913 ms] [UE 15599] UL: SNR = 52.50 dB | SE = 17.179 bit/s/Hz
[ 6013 ms] [UE 45898] UL: SNR = 63.50 dB | SE = 20.778 bit/s/Hz
[ 6013 ms] [UE 36997] UL: SNR = 63.50 dB | SE = 20.778 bit/s/Hz
[ 6013 ms] [UE 48787] UL: SNR = 63.50 dB | SE = 20.778 bit/s/Hz
[ 6013 ms] [UE 40252] UL: SNR = 56.00 dB | SE = 18.324 bit/s/Hz
[ 6013 ms] [UE 15599] UL: SNR = 52.50 dB | SE = 17.179 bit/s/Hz
[ 6014 ms] [UE 33952] UL: SNR = 6.50 dB | SE = 2.414 bit/s/Hz
[ 6014 ms] [UE 12169] UL: SNR = 63.50 dB | SE = 20.778 bit/s/Hz
[ 6014 ms] [UE 22873] UL: SNR = 58.50 dB | SE = 19.142 bit/s/Hz
[ 6014 ms] [UE 30556] UL: SNR = 63.50 dB | SE = 20.778 bit/s/Hz
[ 6014 ms] [UE 20945] UL: SNR = 63.50 dB | SE = 20.778 bit/s/Hz
[ 6115 ms] [UE 33952] UL: SNR = 6.50 dB | SE = 2.414 bit/s/Hz
[ 6115 ms] [UE 12169] UL: SNR = 63.50 dB | SE = 20.778 bit/s/Hz
[ 6115 ms] [UE 22873] UL: SNR = 58.50 dB | SE = 19.142 bit/s/Hz
[ 6115 ms] [UE 30556] UL: SNR = 63.50 dB | SE = 20.778 bit/s/Hz
[ 6115 ms] [UE 20945] UL: SNR = 63.50 dB | SE = 20.778 bit/s/Hz
[ 6122 ms] [UE 45898] UL: SNR = 63.50 dB | SE = 20.778 bit/s/Hz
[ 6122 ms] [UE 36997] UL: SNR = 63.50 dB | SE = 20.778 bit/s/Hz
[ 6122 ms] [UE 48787] UL: SNR = 63.50 dB | SE = 20.778 bit/s/Hz
[ 6122 ms] [UE 40252] UL: SNR = 56.00 dB | SE = 18.324 bit/s/Hz
[ 6122 ms] [UE 15599] UL: SNR = 52.50 dB | SE = 17.179 bit/s/Hz
[ 6223 ms] [UE 45898] UL: SNR = 63.50 dB | SE = 20.778 bit/s/Hz
[ 6223 ms] [UE 36997] UL: SNR = 63.50 dB | SE = 20.778 bit/s/Hz
[ 6223 ms] [UE 48787] UL: SNR = 63.50 dB | SE = 20.778 bit/s/Hz
[ 6223 ms] [UE 40252] UL: SNR = 56.00 dB | SE = 18.324 bit/s/Hz
[ 6223 ms] [UE 15599] UL: SNR = 52.50 dB | SE = 17.179 bit/s/Hz
[ 6224 ms] [UE 33952] UL: SNR = 6.50 dB | SE = 2.414 bit/s/Hz
[ 6224 ms] [UE 12169] UL: SNR = 63.50 dB | SE = 20.778 bit/s/Hz
[ 6224 ms] [UE 22873] UL: SNR = 58.50 dB | SE = 19.142 bit/s/Hz
[ 6224 ms] [UE 30556] UL: SNR = 63.50 dB | SE = 20.778 bit/s/Hz
[ 6224 ms] [UE 20945] UL: SNR = 63.50 dB | SE = 20.778 bit/s/Hz
[ 6325 ms] [UE 33952] UL: SNR = 6.50 dB | SE = 2.414 bit/s/Hz
[ 6325 ms] [UE 12169] UL: SNR = 63.50 dB | SE = 20.778 bit/s/Hz
[ 6325 ms] [UE 22873] UL: SNR = 58.50 dB | SE = 19.142 bit/s/Hz
[ 6325 ms] [UE 30556] UL: SNR = 63.50 dB | SE = 20.778 bit/s/Hz
[ 6325 ms] [UE 20945] UL: SNR = 63.50 dB | SE = 20.778 bit/s/Hz
[ 6332 ms] [UE 45898] UL: SNR = 63.50 dB | SE = 20.778 bit/s/Hz
[ 6332 ms] [UE 36997] UL: SNR = 63.50 dB | SE = 20.778 bit/s/Hz
[ 6332 ms] [UE 48787] UL: SNR = 63.50 dB | SE = 20.778 bit/s/Hz
[ 6332 ms] [UE 40252] UL: SNR = 56.00 dB | SE = 18.324 bit/s/Hz
[ 6332 ms] [UE 15599] UL: SNR = 52.50 dB | SE = 17.179 bit/s/Hz
[ 6433 ms] [UE 45898] UL: SNR = 63.50 dB | SE = 20.778 bit/s/Hz
[ 6433 ms] [UE 36997] UL: SNR = 63.50 dB | SE = 20.778 bit/s/Hz
[ 6433 ms] [UE 48787] UL: SNR = 63.50 dB | SE = 20.778 bit/s/Hz
[ 6433 ms] [UE 40252] UL: SNR = 56.00 dB | SE = 18.324 bit/s/Hz
[ 6433 ms] [UE 15599] UL: SNR = 52.50 dB | SE = 17.179 bit/s/Hz
[ 6436 ms] [UE 33952] UL: SNR = 6.50 dB | SE = 2.414 bit/s/Hz
[ 6436 ms] [UE 12169] UL: SNR = 63.50 dB | SE = 20.778 bit/s/Hz
[ 6436 ms] [UE 22873] UL: SNR = 58.50 dB | SE = 19.142 bit/s/Hz
[ 6436 ms] [UE 30556] UL: SNR = 63.50 dB | SE = 20.778 bit/s/Hz
[ 6436 ms] [UE 20945] UL: SNR = 63.50 dB | SE = 20.778 bit/s/Hz
[ 6537 ms] [UE 33952] UL: SNR = 6.50 dB | SE = 2.414 bit/s/Hz
[ 6537 ms] [UE 12169] UL: SNR = 63.50 dB | SE = 20.778 bit/s/Hz
[ 6537 ms] [UE 22873] UL: SNR = 58.50 dB | SE = 19.142 bit/s/Hz
[ 6537 ms] [UE 30556] UL: SNR = 63.50 dB | SE = 20.778 bit/s/Hz
[ 6537 ms] [UE 20945] UL: SNR = 63.50 dB | SE = 20.778 bit/s/Hz
[ 6542 ms] [UE 45898] UL: SNR = 63.50 dB | SE = 20.778 bit/s/Hz
[ 6542 ms] [UE 36997] UL: SNR = 63.50 dB | SE = 20.778 bit/s/Hz
[ 6542 ms] [UE 48787] UL: SNR = 63.50 dB | SE = 20.778 bit/s/Hz
[ 6542 ms] [UE 40252] UL: SNR = 56.00 dB | SE = 18.324 bit/s/Hz
[ 6542 ms] [UE 15599] UL: SNR = 52.50 dB | SE = 17.179 bit/s/Hz
[ 6643 ms] [UE 45898] UL: SNR = 63.50 dB | SE = 20.778 bit/s/Hz
[ 6643 ms] [UE 36997] UL: SNR = 63.50 dB | SE = 20.778 bit/s/Hz
[ 6643 ms] [UE 48787] UL: SNR = 63.50 dB | SE = 20.778 bit/s/Hz
[ 6643 ms] [UE 40252] UL: SNR = 56.00 dB | SE = 18.324 bit/s/Hz
[ 6643 ms] [UE 15599] UL: SNR = 52.50 dB | SE = 17.179 bit/s/Hz
[ 6644 ms] [UE 33952] UL: SNR = 6.50 dB | SE = 2.414 bit/s/Hz
[ 6644 ms] [UE 12169] UL: SNR = 63.50 dB | SE = 20.778 bit/s/Hz
[ 6644 ms] [UE 22873] UL: SNR = 58.50 dB | SE = 19.142 bit/s/Hz
[ 6644 ms] [UE 30556] UL: SNR = 63.50 dB | SE = 20.778 bit/s/Hz
[ 6644 ms] [UE 20945] UL: SNR = 63.50 dB | SE = 20.778 bit/s/Hz
[ 6745 ms] [UE 33952] UL: SNR = 6.50 dB | SE = 2.414 bit/s/Hz
[ 6745 ms] [UE 12169] UL: SNR = 63.50 dB | SE = 20.778 bit/s/Hz
[ 6745 ms] [UE 22873] UL: SNR = 58.50 dB | SE = 19.142 bit/s/Hz
[ 6745 ms] [UE 30556] UL: SNR = 63.50 dB | SE = 20.778 bit/s/Hz
[ 6745 ms] [UE 20945] UL: SNR = 63.50 dB | SE = 20.778 bit/s/Hz
[ 6752 ms] [UE 45898] UL: SNR = 63.50 dB | SE = 20.778 bit/s/Hz
[ 6752 ms] [UE 36997] UL: SNR = 63.50 dB | SE = 20.778 bit/s/Hz
[ 6752 ms] [UE 48787] UL: SNR = 63.50 dB | SE = 20.778 bit/s/Hz
[ 6752 ms] [UE 40252] UL: SNR = 56.00 dB | SE = 18.324 bit/s/Hz
[ 6752 ms] [UE 15599] UL: SNR = 52.50 dB | SE = 17.179 bit/s/Hz
[ 6855 ms] [UE 33952] UL: SNR = 6.50 dB | SE = 2.414 bit/s/Hz
[ 6855 ms] [UE 12169] UL: SNR = 63.50 dB | SE = 20.778 bit/s/Hz
[ 6855 ms] [UE 22873] UL: SNR = 58.50 dB | SE = 19.142 bit/s/Hz
[ 6855 ms] [UE 30556] UL: SNR = 63.50 dB | SE = 20.778 bit/s/Hz
[ 6855 ms] [UE 20945] UL: SNR = 63.50 dB | SE = 20.778 bit/s/Hz
[ 6863 ms] [UE 45898] UL: SNR = 63.50 dB | SE = 20.778 bit/s/Hz
[ 6863 ms] [UE 36997] UL: SNR = 63.50 dB | SE = 20.778 bit/s/Hz
[ 6863 ms] [UE 48787] UL: SNR = 63.50 dB | SE = 20.778 bit/s/Hz
[ 6863 ms] [UE 40252] UL: SNR = 56.00 dB | SE = 18.324 bit/s/Hz
[ 6863 ms] [UE 15599] UL: SNR = 52.50 dB | SE = 17.179 bit/s/Hz
[ 6963 ms] [UE 45898] UL: SNR = 63.50 dB | SE = 20.778 bit/s/Hz
[ 6963 ms] [UE 36997] UL: SNR = 63.50 dB | SE = 20.778 bit/s/Hz
[ 6963 ms] [UE 48787] UL: SNR = 63.50 dB | SE = 20.778 bit/s/Hz
[ 6963 ms] [UE 40252] UL: SNR = 56.00 dB | SE = 18.324 bit/s/Hz
[ 6963 ms] [UE 15599] UL: SNR = 52.50 dB | SE = 17.179 bit/s/Hz
[ 6965 ms] [UE 33952] UL: SNR = 6.50 dB | SE = 2.414 bit/s/Hz
[ 6965 ms] [UE 12169] UL: SNR = 63.50 dB | SE = 20.778 bit/s/Hz
[ 6965 ms] [UE 22873] UL: SNR = 58.50 dB | SE = 19.142 bit/s/Hz
[ 6965 ms] [UE 30556] UL: SNR = 63.50 dB | SE = 20.778 bit/s/Hz
[ 6965 ms] [UE 20945] UL: SNR = 63.50 dB | SE = 20.778 bit/s/Hz
[ 7072 ms] [UE 45898] UL: SNR = 63.50 dB | SE = 20.778 bit/s/Hz
[ 7072 ms] [UE 36997] UL: SNR = 63.50 dB | SE = 20.778 bit/s/Hz
[ 7072 ms] [UE 48787] UL: SNR = 63.50 dB | SE = 20.778 bit/s/Hz
[ 7072 ms] [UE 40252] UL: SNR = 56.00 dB | SE = 18.324 bit/s/Hz
[ 7072 ms] [UE 15599] UL: SNR = 52.50 dB | SE = 17.179 bit/s/Hz
[ 7075 ms] [UE 33952] UL: SNR = 6.50 dB | SE = 2.414 bit/s/Hz
[ 7075 ms] [UE 12169] UL: SNR = 63.50 dB | SE = 20.778 bit/s/Hz
[ 7075 ms] [UE 22873] UL: SNR = 58.50 dB | SE = 19.142 bit/s/Hz
[ 7075 ms] [UE 30556] UL: SNR = 63.50 dB | SE = 20.778 bit/s/Hz
[ 7075 ms] [UE 20945] UL: SNR = 63.50 dB | SE = 20.778 bit/s/Hz
[ 7172 ms] [UE 45898] UL: SNR = 63.50 dB | SE = 20.778 bit/s/Hz
[ 7172 ms] [UE 36997] UL: SNR = 63.50 dB | SE = 20.778 bit/s/Hz
[ 7172 ms] [UE 48787] UL: SNR = 63.50 dB | SE = 20.778 bit/s/Hz
[ 7172 ms] [UE 40252] UL: SNR = 56.00 dB | SE = 18.324 bit/s/Hz
[ 7172 ms] [UE 15599] UL: SNR = 52.50 dB | SE = 17.179 bit/s/Hz
[ 7176 ms] [UE 33952] UL: SNR = 6.50 dB | SE = 2.414 bit/s/Hz
[ 7176 ms] [UE 12169] UL: SNR = 63.50 dB | SE = 20.778 bit/s/Hz
[ 7176 ms] [UE 22873] UL: SNR = 58.50 dB | SE = 19.142 bit/s/Hz
[ 7176 ms] [UE 30556] UL: SNR = 63.50 dB | SE = 20.778 bit/s/Hz
[ 7176 ms] [UE 20945] UL: SNR = 63.50 dB | SE = 20.778 bit/s/Hz
[ 7282 ms] [UE 45898] UL: SNR = 63.50 dB | SE = 20.778 bit/s/Hz
[ 7282 ms] [UE 36997] UL: SNR = 63.50 dB | SE = 20.778 bit/s/Hz
[ 7282 ms] [UE 48787] UL: SNR = 63.50 dB | SE = 20.778 bit/s/Hz
[ 7282 ms] [UE 40252] UL: SNR = 56.00 dB | SE = 18.324 bit/s/Hz
[ 7282 ms] [UE 15599] UL: SNR = 52.50 dB | SE = 17.179 bit/s/Hz
[ 7285 ms] [UE 33952] UL: SNR = 6.50 dB | SE = 2.414 bit/s/Hz
[ 7285 ms] [UE 12169] UL: SNR = 63.50 dB | SE = 20.778 bit/s/Hz
[ 7285 ms] [UE 22873] UL: SNR = 58.50 dB | SE = 19.142 bit/s/Hz
[ 7285 ms] [UE 30556] UL: SNR = 63.50 dB | SE = 20.778 bit/s/Hz
[ 7285 ms] [UE 20945] UL: SNR = 63.50 dB | SE = 20.778 bit/s/Hz
[ 7382 ms] [UE 45898] UL: SNR = 63.50 dB | SE = 20.778 bit/s/Hz
[ 7382 ms] [UE 36997] UL: SNR = 63.50 dB | SE = 20.778 bit/s/Hz
[ 7382 ms] [UE 48787] UL: SNR = 63.50 dB | SE = 20.778 bit/s/Hz
[ 7382 ms] [UE 40252] UL: SNR = 56.00 dB | SE = 18.324 bit/s/Hz
[ 7382 ms] [UE 15599] UL: SNR = 52.50 dB | SE = 17.179 bit/s/Hz
[ 7385 ms] [UE 33952] UL: SNR = 6.50 dB | SE = 2.414 bit/s/Hz
[ 7385 ms] [UE 12169] UL: SNR = 63.50 dB | SE = 20.778 bit/s/Hz
[ 7385 ms] [UE 22873] UL: SNR = 58.50 dB | SE = 19.142 bit/s/Hz
[ 7385 ms] [UE 30556] UL: SNR = 63.50 dB | SE = 20.778 bit/s/Hz
[ 7385 ms] [UE 20945] UL: SNR = 63.50 dB | SE = 20.778 bit/s/Hz
[ 7485 ms] [UE 33952] UL: SNR = 6.50 dB | SE = 2.414 bit/s/Hz
[ 7485 ms] [UE 12169] UL: SNR = 63.50 dB | SE = 20.778 bit/s/Hz
[ 7485 ms] [UE 22873] UL: SNR = 58.50 dB | SE = 19.142 bit/s/Hz
[ 7485 ms] [UE 30556] UL: SNR = 63.50 dB | SE = 20.778 bit/s/Hz
[ 7485 ms] [UE 20945] UL: SNR = 63.50 dB | SE = 20.778 bit/s/Hz
[ 7492 ms] [UE 45898] UL: SNR = 63.50 dB | SE = 20.778 bit/s/Hz
[ 7492 ms] [UE 36997] UL: SNR = 63.50 dB | SE = 20.778 bit/s/Hz
[ 7492 ms] [UE 48787] UL: SNR = 63.50 dB | SE = 20.778 bit/s/Hz
[ 7492 ms] [UE 40252] UL: SNR = 56.00 dB | SE = 18.324 bit/s/Hz
[ 7492 ms] [UE 15599] UL: SNR = 52.50 dB | SE = 17.179 bit/s/Hz
[ 7585 ms] [UE 33952] UL: SNR = 6.50 dB | SE = 2.414 bit/s/Hz
[ 7585 ms] [UE 12169] UL: SNR = 63.50 dB | SE = 20.778 bit/s/Hz
[ 7585 ms] [UE 22873] UL: SNR = 58.50 dB | SE = 19.142 bit/s/Hz
[ 7585 ms] [UE 30556] UL: SNR = 63.50 dB | SE = 20.778 bit/s/Hz
[ 7585 ms] [UE 20945] UL: SNR = 63.50 dB | SE = 20.778 bit/s/Hz
[ 7593 ms] [UE 45898] UL: SNR = 63.50 dB | SE = 20.778 bit/s/Hz
[ 7593 ms] [UE 36997] UL: SNR = 63.50 dB | SE = 20.778 bit/s/Hz
[ 7593 ms] [UE 48787] UL: SNR = 63.50 dB | SE = 20.778 bit/s/Hz
[ 7593 ms] [UE 40252] UL: SNR = 56.00 dB | SE = 18.324 bit/s/Hz
[ 7593 ms] [UE 15599] UL: SNR = 52.50 dB | SE = 17.179 bit/s/Hz
[ 7694 ms] [UE 33952] UL: SNR = 6.50 dB | SE = 2.414 bit/s/Hz
[ 7694 ms] [UE 12169] UL: SNR = 63.50 dB | SE = 20.778 bit/s/Hz
[ 7694 ms] [UE 22873] UL: SNR = 58.50 dB | SE = 19.142 bit/s/Hz
[ 7694 ms] [UE 30556] UL: SNR = 63.50 dB | SE = 20.778 bit/s/Hz
[ 7694 ms] [UE 20945] UL: SNR = 63.50 dB | SE = 20.778 bit/s/Hz
[ 7702 ms] [UE 45898] UL: SNR = 63.50 dB | SE = 20.778 bit/s/Hz
[ 7702 ms] [UE 36997] UL: SNR = 63.50 dB | SE = 20.778 bit/s/Hz
[ 7702 ms] [UE 48787] UL: SNR = 63.50 dB | SE = 20.778 bit/s/Hz
[ 7702 ms] [UE 40252] UL: SNR = 56.00 dB | SE = 18.324 bit/s/Hz
[ 7702 ms] [UE 15599] UL: SNR = 52.50 dB | SE = 17.179 bit/s/Hz
[ 7804 ms] [UE 33952] UL: SNR = 6.50 dB | SE = 2.414 bit/s/Hz
[ 7804 ms] [UE 12169] UL: SNR = 63.50 dB | SE = 20.778 bit/s/Hz
[ 7804 ms] [UE 22873] UL: SNR = 58.50 dB | SE = 19.142 bit/s/Hz
[ 7804 ms] [UE 30556] UL: SNR = 63.50 dB | SE = 20.778 bit/s/Hz
[ 7804 ms] [UE 20945] UL: SNR = 63.50 dB | SE = 20.778 bit/s/Hz
[ 7812 ms] [UE 45898] UL: SNR = 63.50 dB | SE = 20.778 bit/s/Hz
[ 7812 ms] [UE 36997] UL: SNR = 63.50 dB | SE = 20.778 bit/s/Hz
[ 7812 ms] [UE 48787] UL: SNR = 63.50 dB | SE = 20.778 bit/s/Hz
[ 7812 ms] [UE 40252] UL: SNR = 56.00 dB | SE = 18.324 bit/s/Hz
[ 7812 ms] [UE 15599] UL: SNR = 52.50 dB | SE = 17.179 bit/s/Hz
[ 7905 ms] [UE 33952] UL: SNR = 6.50 dB | SE = 2.414 bit/s/Hz
[ 7905 ms] [UE 12169] UL: SNR = 63.50 dB | SE = 20.778 bit/s/Hz
[ 7905 ms] [UE 22873] UL: SNR = 58.50 dB | SE = 19.142 bit/s/Hz
[ 7905 ms] [UE 30556] UL: SNR = 63.50 dB | SE = 20.778 bit/s/Hz
[ 7905 ms] [UE 20945] UL: SNR = 63.50 dB | SE = 20.778 bit/s/Hz
[ 7913 ms] [UE 45898] UL: SNR = 63.50 dB | SE = 20.778 bit/s/Hz
[ 7913 ms] [UE 36997] UL: SNR = 63.50 dB | SE = 20.778 bit/s/Hz
[ 7913 ms] [UE 48787] UL: SNR = 63.50 dB | SE = 20.778 bit/s/Hz
[ 7913 ms] [UE 40252] UL: SNR = 56.00 dB | SE = 18.324 bit/s/Hz
[ 7913 ms] [UE 15599] UL: SNR = 52.50 dB | SE = 17.179 bit/s/Hz
[ 8014 ms] [UE 33952] UL: SNR = 6.50 dB | SE = 2.414 bit/s/Hz
[ 8014 ms] [UE 12169] UL: SNR = 63.50 dB | SE = 20.778 bit/s/Hz
[ 8014 ms] [UE 22873] UL: SNR = 58.50 dB | SE = 19.142 bit/s/Hz
[ 8014 ms] [UE 30556] UL: SNR = 63.50 dB | SE = 20.778 bit/s/Hz
[ 8014 ms] [UE 20945] UL: SNR = 63.50 dB | SE = 20.778 bit/s/Hz
[ 8022 ms] [UE 45898] UL: SNR = 63.50 dB | SE = 20.778 bit/s/Hz
[ 8022 ms] [UE 36997] UL: SNR = 63.50 dB | SE = 20.778 bit/s/Hz
[ 8022 ms] [UE 48787] UL: SNR = 63.50 dB | SE = 20.778 bit/s/Hz
[ 8022 ms] [UE 40252] UL: SNR = 56.00 dB | SE = 18.324 bit/s/Hz
[ 8022 ms] [UE 15599] UL: SNR = 52.50 dB | SE = 17.179 bit/s/Hz
[ 8115 ms] [UE 33952] UL: SNR = 6.50 dB | SE = 2.414 bit/s/Hz
[ 8115 ms] [UE 12169] UL: SNR = 63.50 dB | SE = 20.778 bit/s/Hz
[ 8115 ms] [UE 22873] UL: SNR = 58.50 dB | SE = 19.142 bit/s/Hz
[ 8115 ms] [UE 30556] UL: SNR = 63.50 dB | SE = 20.778 bit/s/Hz
[ 8115 ms] [UE 20945] UL: SNR = 63.50 dB | SE = 20.778 bit/s/Hz
[ 8123 ms] [UE 45898] UL: SNR = 63.50 dB | SE = 20.778 bit/s/Hz
[ 8123 ms] [UE 36997] UL: SNR = 63.50 dB | SE = 20.778 bit/s/Hz
[ 8123 ms] [UE 48787] UL: SNR = 63.50 dB | SE = 20.778 bit/s/Hz
[ 8123 ms] [UE 40252] UL: SNR = 56.00 dB | SE = 18.324 bit/s/Hz
[ 8123 ms] [UE 15599] UL: SNR = 52.50 dB | SE = 17.179 bit/s/Hz
[ 8223 ms] [UE 45898] UL: SNR = 63.50 dB | SE = 20.778 bit/s/Hz
[ 8223 ms] [UE 36997] UL: SNR = 63.50 dB | SE = 20.778 bit/s/Hz
[ 8223 ms] [UE 48787] UL: SNR = 63.50 dB | SE = 20.778 bit/s/Hz
[ 8223 ms] [UE 40252] UL: SNR = 56.00 dB | SE = 18.324 bit/s/Hz
[ 8223 ms] [UE 15599] UL: SNR = 52.50 dB | SE = 17.179 bit/s/Hz
[ 8224 ms] [UE 33952] UL: SNR = 6.50 dB | SE = 2.414 bit/s/Hz
[ 8224 ms] [UE 12169] UL: SNR = 63.50 dB | SE = 20.778 bit/s/Hz
[ 8224 ms] [UE 22873] UL: SNR = 58.50 dB | SE = 19.142 bit/s/Hz
[ 8224 ms] [UE 30556] UL: SNR = 53.50 dB | SE = 17.506 bit/s/Hz
[ 8224 ms] [UE 20945] UL: SNR = 52.00 dB | SE = 17.015 bit/s/Hz
[ 8325 ms] [UE 33952] UL: SNR = 6.50 dB | SE = 2.414 bit/s/Hz
[ 8325 ms] [UE 12169] UL: SNR = 63.50 dB | SE = 20.778 bit/s/Hz
[ 8325 ms] [UE 22873] UL: SNR = 58.50 dB | SE = 19.142 bit/s/Hz
[ 8325 ms] [UE 30556] UL: SNR = 53.50 dB | SE = 17.506 bit/s/Hz
[ 8325 ms] [UE 20945] UL: SNR = 52.00 dB | SE = 17.015 bit/s/Hz
[ 8332 ms] [UE 45898] UL: SNR = 63.50 dB | SE = 20.778 bit/s/Hz
[ 8332 ms] [UE 36997] UL: SNR = 63.50 dB | SE = 20.778 bit/s/Hz
[ 8332 ms] [UE 48787] UL: SNR = 63.50 dB | SE = 20.778 bit/s/Hz
[ 8332 ms] [UE 40252] UL: SNR = 56.00 dB | SE = 18.324 bit/s/Hz
[ 8332 ms] [UE 15599] UL: SNR = 52.50 dB | SE = 17.179 bit/s/Hz
[ 8433 ms] [UE 45898] UL: SNR = 63.50 dB | SE = 20.778 bit/s/Hz
[ 8433 ms] [UE 36997] UL: SNR = 63.50 dB | SE = 20.778 bit/s/Hz
[ 8433 ms] [UE 48787] UL: SNR = 63.50 dB | SE = 20.778 bit/s/Hz
[ 8433 ms] [UE 40252] UL: SNR = 56.00 dB | SE = 18.324 bit/s/Hz
[ 8433 ms] [UE 15599] UL: SNR = 52.50 dB | SE = 17.179 bit/s/Hz
[ 8434 ms] [UE 33952] UL: SNR = 6.50 dB | SE = 2.414 bit/s/Hz
[ 8434 ms] [UE 12169] UL: SNR = 63.50 dB | SE = 20.778 bit/s/Hz
[ 8434 ms] [UE 22873] UL: SNR = 58.50 dB | SE = 19.142 bit/s/Hz
[ 8434 ms] [UE 30556] UL: SNR = 53.50 dB | SE = 17.506 bit/s/Hz
[ 8434 ms] [UE 20945] UL: SNR = 63.50 dB | SE = 20.778 bit/s/Hz
[ 8542 ms] [UE 45898] UL: SNR = 63.50 dB | SE = 20.778 bit/s/Hz
[ 8542 ms] [UE 36997] UL: SNR = 63.50 dB | SE = 20.778 bit/s/Hz
[ 8542 ms] [UE 48787] UL: SNR = 63.50 dB | SE = 20.778 bit/s/Hz
[ 8542 ms] [UE 40252] UL: SNR = 56.00 dB | SE = 18.324 bit/s/Hz
[ 8542 ms] [UE 15599] UL: SNR = 52.50 dB | SE = 17.179 bit/s/Hz
[ 8544 ms] [UE 33952] UL: SNR = 6.50 dB | SE = 2.414 bit/s/Hz
[ 8544 ms] [UE 12169] UL: SNR = 63.50 dB | SE = 20.778 bit/s/Hz
[ 8544 ms] [UE 22873] UL: SNR = 58.50 dB | SE = 19.142 bit/s/Hz
[ 8544 ms] [UE 30556] UL: SNR = 53.50 dB | SE = 17.506 bit/s/Hz
[ 8544 ms] [UE 20945] UL: SNR = 63.50 dB | SE = 20.778 bit/s/Hz
[ 8643 ms] [UE 45898] UL: SNR = 63.50 dB | SE = 20.778 bit/s/Hz
[ 8643 ms] [UE 36997] UL: SNR = 63.50 dB | SE = 20.778 bit/s/Hz
[ 8643 ms] [UE 48787] UL: SNR = 63.50 dB | SE = 20.778 bit/s/Hz
[ 8643 ms] [UE 40252] UL: SNR = 56.00 dB | SE = 18.324 bit/s/Hz
[ 8643 ms] [UE 15599] UL: SNR = 52.50 dB | SE = 17.179 bit/s/Hz
[ 8645 ms] [UE 33952] UL: SNR = 6.50 dB | SE = 2.414 bit/s/Hz
[ 8645 ms] [UE 12169] UL: SNR = 63.50 dB | SE = 20.778 bit/s/Hz
[ 8645 ms] [UE 22873] UL: SNR = 63.50 dB | SE = 20.778 bit/s/Hz
[ 8645 ms] [UE 30556] UL: SNR = 53.50 dB | SE = 17.506 bit/s/Hz
[ 8645 ms] [UE 20945] UL: SNR = 63.50 dB | SE = 20.778 bit/s/Hz
[ 8745 ms] [UE 33952] UL: SNR = 6.50 dB | SE = 2.414 bit/s/Hz
[ 8745 ms] [UE 12169] UL: SNR = 63.50 dB | SE = 20.778 bit/s/Hz
[ 8745 ms] [UE 22873] UL: SNR = 63.50 dB | SE = 20.778 bit/s/Hz
[ 8745 ms] [UE 30556] UL: SNR = 53.50 dB | SE = 17.506 bit/s/Hz
[ 8745 ms] [UE 20945] UL: SNR = 63.50 dB | SE = 20.778 bit/s/Hz
[ 8752 ms] [UE 45898] UL: SNR = 63.50 dB | SE = 20.778 bit/s/Hz
[ 8752 ms] [UE 36997] UL: SNR = 63.50 dB | SE = 20.778 bit/s/Hz
[ 8752 ms] [UE 48787] UL: SNR = 63.50 dB | SE = 20.778 bit/s/Hz
[ 8752 ms] [UE 40252] UL: SNR = 56.00 dB | SE = 18.324 bit/s/Hz
[ 8752 ms] [UE 15599] UL: SNR = 52.50 dB | SE = 17.179 bit/s/Hz
[ 8846 ms] [UE 33952] UL: SNR = 6.50 dB | SE = 2.414 bit/s/Hz
[ 8846 ms] [UE 12169] UL: SNR = 63.50 dB | SE = 20.778 bit/s/Hz
[ 8846 ms] [UE 22873] UL: SNR = 63.50 dB | SE = 20.778 bit/s/Hz
[ 8846 ms] [UE 30556] UL: SNR = 53.50 dB | SE = 17.506 bit/s/Hz
[ 8846 ms] [UE 20945] UL: SNR = 63.50 dB | SE = 20.778 bit/s/Hz
[ 8853 ms] [UE 45898] UL: SNR = 63.50 dB | SE = 20.778 bit/s/Hz
[ 8853 ms] [UE 36997] UL: SNR = 63.50 dB | SE = 20.778 bit/s/Hz
[ 8853 ms] [UE 48787] UL: SNR = 63.50 dB | SE = 20.778 bit/s/Hz
[ 8853 ms] [UE 40252] UL: SNR = 56.00 dB | SE = 18.324 bit/s/Hz
[ 8853 ms] [UE 15599] UL: SNR = 52.50 dB | SE = 17.179 bit/s/Hz
[ 8955 ms] [UE 33952] UL: SNR = 6.50 dB | SE = 2.414 bit/s/Hz
[ 8955 ms] [UE 12169] UL: SNR = 63.50 dB | SE = 20.778 bit/s/Hz
[ 8955 ms] [UE 22873] UL: SNR = 63.50 dB | SE = 20.778 bit/s/Hz
[ 8955 ms] [UE 30556] UL: SNR = 63.50 dB | SE = 20.778 bit/s/Hz
[ 8955 ms] [UE 20945] UL: SNR = 63.50 dB | SE = 20.778 bit/s/Hz
[ 8963 ms] [UE 45898] UL: SNR = 63.50 dB | SE = 20.778 bit/s/Hz
[ 8963 ms] [UE 36997] UL: SNR = 63.50 dB | SE = 20.778 bit/s/Hz
[ 8963 ms] [UE 48787] UL: SNR = 63.50 dB | SE = 20.778 bit/s/Hz
[ 8963 ms] [UE 40252] UL: SNR = 56.00 dB | SE = 18.324 bit/s/Hz
[ 8963 ms] [UE 15599] UL: SNR = 52.50 dB | SE = 17.179 bit/s/Hz
[ 9065 ms] [UE 33952] UL: SNR = 6.50 dB | SE = 2.414 bit/s/Hz
[ 9065 ms] [UE 12169] UL: SNR = 63.50 dB | SE = 20.778 bit/s/Hz
[ 9065 ms] [UE 22873] UL: SNR = 63.50 dB | SE = 20.778 bit/s/Hz
[ 9065 ms] [UE 30556] UL: SNR = 63.50 dB | SE = 20.778 bit/s/Hz
[ 9065 ms] [UE 20945] UL: SNR = 63.50 dB | SE = 20.778 bit/s/Hz
[ 9073 ms] [UE 45898] UL: SNR = 63.50 dB | SE = 20.778 bit/s/Hz
[ 9073 ms] [UE 36997] UL: SNR = 63.50 dB | SE = 20.778 bit/s/Hz
[ 9073 ms] [UE 48787] UL: SNR = 63.50 dB | SE = 20.778 bit/s/Hz
[ 9073 ms] [UE 40252] UL: SNR = 56.00 dB | SE = 18.324 bit/s/Hz
[ 9073 ms] [UE 15599] UL: SNR = 52.50 dB | SE = 17.179 bit/s/Hz
[ 9173 ms] [UE 45898] UL: SNR = 63.50 dB | SE = 20.778 bit/s/Hz
[ 9173 ms] [UE 36997] UL: SNR = 63.50 dB | SE = 20.778 bit/s/Hz
[ 9173 ms] [UE 48787] UL: SNR = 63.50 dB | SE = 20.778 bit/s/Hz
[ 9173 ms] [UE 40252] UL: SNR = 56.00 dB | SE = 18.324 bit/s/Hz
[ 9173 ms] [UE 15599] UL: SNR = 52.50 dB | SE = 17.179 bit/s/Hz
[ 9176 ms] [UE 33952] UL: SNR = 6.50 dB | SE = 2.414 bit/s/Hz
[ 9176 ms] [UE 12169] UL: SNR = 63.50 dB | SE = 20.778 bit/s/Hz
[ 9176 ms] [UE 22873] UL: SNR = 63.50 dB | SE = 20.778 bit/s/Hz
[ 9176 ms] [UE 30556] UL: SNR = 63.50 dB | SE = 20.778 bit/s/Hz
[ 9176 ms] [UE 20945] UL: SNR = 63.50 dB | SE = 20.778 bit/s/Hz
[ 9283 ms] [UE 45898] UL: SNR = 63.50 dB | SE = 20.778 bit/s/Hz
[ 9283 ms] [UE 36997] UL: SNR = 63.50 dB | SE = 20.778 bit/s/Hz
[ 9283 ms] [UE 48787] UL: SNR = 63.50 dB | SE = 20.778 bit/s/Hz
[ 9283 ms] [UE 40252] UL: SNR = 56.00 dB | SE = 18.324 bit/s/Hz
[ 9283 ms] [UE 15599] UL: SNR = 52.50 dB | SE = 17.179 bit/s/Hz
[ 9285 ms] [UE 33952] UL: SNR = 6.50 dB | SE = 2.414 bit/s/Hz
[ 9285 ms] [UE 12169] UL: SNR = 63.50 dB | SE = 20.778 bit/s/Hz
[ 9285 ms] [UE 22873] UL: SNR = 63.50 dB | SE = 20.778 bit/s/Hz
[ 9285 ms] [UE 30556] UL: SNR = 63.50 dB | SE = 20.778 bit/s/Hz
[ 9285 ms] [UE 20945] UL: SNR = 63.50 dB | SE = 20.778 bit/s/Hz
[ 9383 ms] [UE 45898] UL: SNR = 63.50 dB | SE = 20.778 bit/s/Hz
[ 9383 ms] [UE 36997] UL: SNR = 63.50 dB | SE = 20.778 bit/s/Hz
[ 9383 ms] [UE 48787] UL: SNR = 63.50 dB | SE = 20.778 bit/s/Hz
[ 9383 ms] [UE 40252] UL: SNR = 56.00 dB | SE = 18.324 bit/s/Hz
[ 9383 ms] [UE 15599] UL: SNR = 52.50 dB | SE = 17.179 bit/s/Hz
[ 9385 ms] [UE 33952] UL: SNR = 6.50 dB | SE = 2.414 bit/s/Hz
[ 9385 ms] [UE 12169] UL: SNR = 63.50 dB | SE = 20.778 bit/s/Hz
[ 9385 ms] [UE 22873] UL: SNR = 63.50 dB | SE = 20.778 bit/s/Hz
[ 9385 ms] [UE 30556] UL: SNR = 63.50 dB | SE = 20.778 bit/s/Hz
[ 9385 ms] [UE 20945] UL: SNR = 63.50 dB | SE = 20.778 bit/s/Hz
[ 9492 ms] [UE 45898] UL: SNR = 63.50 dB | SE = 20.778 bit/s/Hz
[ 9492 ms] [UE 36997] UL: SNR = 63.50 dB | SE = 20.778 bit/s/Hz
[ 9492 ms] [UE 48787] UL: SNR = 63.50 dB | SE = 20.778 bit/s/Hz
[ 9492 ms] [UE 40252] UL: SNR = 56.00 dB | SE = 18.324 bit/s/Hz
[ 9492 ms] [UE 15599] UL: SNR = 52.50 dB | SE = 17.179 bit/s/Hz
[ 9495 ms] [UE 33952] UL: SNR = 6.50 dB | SE = 2.414 bit/s/Hz
[ 9495 ms] [UE 12169] UL: SNR = 63.50 dB | SE = 20.778 bit/s/Hz
[ 9495 ms] [UE 22873] UL: SNR = 63.50 dB | SE = 20.778 bit/s/Hz
[ 9495 ms] [UE 30556] UL: SNR = 63.50 dB | SE = 20.778 bit/s/Hz
[ 9495 ms] [UE 20945] UL: SNR = 63.50 dB | SE = 20.778 bit/s/Hz
[ 9593 ms] [UE 45898] UL: SNR = 63.50 dB | SE = 20.778 bit/s/Hz
[ 9593 ms] [UE 36997] UL: SNR = 63.50 dB | SE = 20.778 bit/s/Hz
[ 9593 ms] [UE 48787] UL: SNR = 63.50 dB | SE = 20.778 bit/s/Hz
[ 9593 ms] [UE 40252] UL: SNR = 56.00 dB | SE = 18.324 bit/s/Hz
[ 9593 ms] [UE 15599] UL: SNR = 52.50 dB | SE = 17.179 bit/s/Hz
[ 9605 ms] [UE 33952] UL: SNR = 6.50 dB | SE = 2.414 bit/s/Hz
[ 9605 ms] [UE 12169] UL: SNR = 63.50 dB | SE = 20.778 bit/s/Hz
[ 9605 ms] [UE 22873] UL: SNR = 63.50 dB | SE = 20.778 bit/s/Hz
[ 9605 ms] [UE 30556] UL: SNR = 63.50 dB | SE = 20.778 bit/s/Hz
[ 9605 ms] [UE 20945] UL: SNR = 63.50 dB | SE = 20.778 bit/s/Hz
[ 9702 ms] [UE 45898] UL: SNR = 63.50 dB | SE = 20.778 bit/s/Hz
[ 9702 ms] [UE 36997] UL: SNR = 63.50 dB | SE = 20.778 bit/s/Hz
[ 9702 ms] [UE 48787] UL: SNR = 63.50 dB | SE = 20.778 bit/s/Hz
[ 9702 ms] [UE 40252] UL: SNR = 56.00 dB | SE = 18.324 bit/s/Hz
[ 9702 ms] [UE 15599] UL: SNR = 52.50 dB | SE = 17.179 bit/s/Hz
[ 9715 ms] [UE 33952] UL: SNR = 6.50 dB | SE = 2.414 bit/s/Hz
[ 9715 ms] [UE 12169] UL: SNR = 63.50 dB | SE = 20.778 bit/s/Hz
[ 9715 ms] [UE 22873] UL: SNR = 63.50 dB | SE = 20.778 bit/s/Hz
[ 9715 ms] [UE 30556] UL: SNR = 63.50 dB | SE = 20.778 bit/s/Hz
[ 9715 ms] [UE 20945] UL: SNR = 63.50 dB | SE = 20.778 bit/s/Hz
[ 9802 ms] [UE 45898] UL: SNR = 63.50 dB | SE = 20.778 bit/s/Hz
[ 9802 ms] [UE 36997] UL: SNR = 63.50 dB | SE = 20.778 bit/s/Hz
[ 9802 ms] [UE 48787] UL: SNR = 63.50 dB | SE = 20.778 bit/s/Hz
[ 9802 ms] [UE 40252] UL: SNR = 56.00 dB | SE = 18.324 bit/s/Hz
[ 9802 ms] [UE 15599] UL: SNR = 52.50 dB | SE = 17.179 bit/s/Hz
[ 9826 ms] [UE 33952] UL: SNR = 6.50 dB | SE = 2.414 bit/s/Hz
[ 9826 ms] [UE 12169] UL: SNR = 63.50 dB | SE = 20.778 bit/s/Hz
[ 9826 ms] [UE 22873] UL: SNR = 63.50 dB | SE = 20.778 bit/s/Hz
[ 9826 ms] [UE 30556] UL: SNR = 63.50 dB | SE = 20.778 bit/s/Hz
[ 9826 ms] [UE 20945] UL: SNR = 63.50 dB | SE = 20.778 bit/s/Hz
[ 9903 ms] [UE 45898] UL: SNR = 63.50 dB | SE = 20.778 bit/s/Hz
[ 9903 ms] [UE 36997] UL: SNR = 63.50 dB | SE = 20.778 bit/s/Hz
[ 9903 ms] [UE 48787] UL: SNR = 63.50 dB | SE = 20.778 bit/s/Hz
[ 9903 ms] [UE 40252] UL: SNR = 56.00 dB | SE = 18.324 bit/s/Hz
[ 9903 ms] [UE 15599] UL: SNR = 52.50 dB | SE = 17.179 bit/s/Hz
[ 9935 ms] [UE 33952] UL: SNR = 6.50 dB | SE = 2.414 bit/s/Hz
[ 9935 ms] [UE 12169] UL: SNR = 63.50 dB | SE = 20.778 bit/s/Hz
[ 9935 ms] [UE 22873] UL: SNR = 63.50 dB | SE = 20.778 bit/s/Hz
[ 9935 ms] [UE 30556] UL: SNR = 63.50 dB | SE = 20.778 bit/s/Hz
[ 9935 ms] [UE 20945] UL: SNR = 63.50 dB | SE = 20.778 bit/s/Hz
[10013 ms] [UE 45898] UL: SNR = 63.50 dB | SE = 20.778 bit/s/Hz
[10013 ms] [UE 36997] UL: SNR = 63.50 dB | SE = 20.778 bit/s/Hz
[10013 ms] [UE 48787] UL: SNR = 63.50 dB | SE = 20.778 bit/s/Hz
[10013 ms] [UE 40252] UL: SNR = 56.00 dB | SE = 18.324 bit/s/Hz
[10013 ms] [UE 15599] UL: SNR = 52.50 dB | SE = 17.179 bit/s/Hz
[10035 ms] [UE 33952] UL: SNR = 6.50 dB | SE = 2.414 bit/s/Hz
[10035 ms] [UE 12169] UL: SNR = 63.50 dB | SE = 20.778 bit/s/Hz
[10035 ms] [UE 22873] UL: SNR = 63.50 dB | SE = 20.778 bit/s/Hz
[10035 ms] [UE 30556] UL: SNR = 63.50 dB | SE = 20.778 bit/s/Hz
[10035 ms] [UE 20945] UL: SNR = 63.50 dB | SE = 20.778 bit/s/Hz
[10123 ms] [UE 45898] UL: SNR = 63.50 dB | SE = 20.778 bit/s/Hz
[10123 ms] [UE 36997] UL: SNR = 63.50 dB | SE = 20.778 bit/s/Hz
[10123 ms] [UE 48787] UL: SNR = 63.50 dB | SE = 20.778 bit/s/Hz
[10123 ms] [UE 40252] UL: SNR = 56.00 dB | SE = 18.324 bit/s/Hz
[10123 ms] [UE 15599] UL: SNR = 52.50 dB | SE = 17.179 bit/s/Hz
[10145 ms] [UE 33952] UL: SNR = 6.50 dB | SE = 2.414 bit/s/Hz
[10145 ms] [UE 12169] UL: SNR = 63.50 dB | SE = 20.778 bit/s/Hz
[10145 ms] [UE 22873] UL: SNR = 63.50 dB | SE = 20.778 bit/s/Hz
[10145 ms] [UE 30556] UL: SNR = 63.50 dB | SE = 20.778 bit/s/Hz
[10145 ms] [UE 20945] UL: SNR = 63.50 dB | SE = 20.778 bit/s/Hz
[10232 ms] [UE 45898] UL: SNR = 63.50 dB | SE = 20.778 bit/s/Hz
[10232 ms] [UE 36997] UL: SNR = 63.50 dB | SE = 20.778 bit/s/Hz
[10232 ms] [UE 48787] UL: SNR = 63.50 dB | SE = 20.778 bit/s/Hz
[10232 ms] [UE 40252] UL: SNR = 56.00 dB | SE = 18.324 bit/s/Hz
[10232 ms] [UE 15599] UL: SNR = 52.50 dB | SE = 17.179 bit/s/Hz
[10254 ms] [UE 33952] UL: SNR = 6.50 dB | SE = 2.414 bit/s/Hz
[10254 ms] [UE 12169] UL: SNR = 63.50 dB | SE = 20.778 bit/s/Hz
[10254 ms] [UE 22873] UL: SNR = 63.50 dB | SE = 20.778 bit/s/Hz
[10254 ms] [UE 30556] UL: SNR = 63.50 dB | SE = 20.778 bit/s/Hz
[10254 ms] [UE 20945] UL: SNR = 63.50 dB | SE = 20.778 bit/s/Hz
[10332 ms] [UE 45898] UL: SNR = 63.50 dB | SE = 20.778 bit/s/Hz
[10332 ms] [UE 36997] UL: SNR = 63.50 dB | SE = 20.778 bit/s/Hz
[10332 ms] [UE 48787] UL: SNR = 63.50 dB | SE = 20.778 bit/s/Hz
[10332 ms] [UE 40252] UL: SNR = 56.00 dB | SE = 18.324 bit/s/Hz
[10332 ms] [UE 15599] UL: SNR = 52.50 dB | SE = 17.179 bit/s/Hz
[10355 ms] [UE 33952] UL: SNR = 6.50 dB | SE = 2.414 bit/s/Hz
[10355 ms] [UE 12169] UL: SNR = 63.50 dB | SE = 20.778 bit/s/Hz
[10355 ms] [UE 22873] UL: SNR = 63.50 dB | SE = 20.778 bit/s/Hz
[10355 ms] [UE 30556] UL: SNR = 63.50 dB | SE = 20.778 bit/s/Hz
[10355 ms] [UE 20945] UL: SNR = 63.50 dB | SE = 20.778 bit/s/Hz
[10443 ms] [UE 45898] UL: SNR = 63.50 dB | SE = 20.778 bit/s/Hz
[10443 ms] [UE 36997] UL: SNR = 63.50 dB | SE = 20.778 bit/s/Hz
[10443 ms] [UE 48787] UL: SNR = 63.50 dB | SE = 20.778 bit/s/Hz
[10443 ms] [UE 40252] UL: SNR = 56.00 dB | SE = 18.324 bit/s/Hz
[10443 ms] [UE 15599] UL: SNR = 52.50 dB | SE = 17.179 bit/s/Hz
[10465 ms] [UE 33952] UL: SNR = 6.50 dB | SE = 2.414 bit/s/Hz
[10465 ms] [UE 12169] UL: SNR = 63.50 dB | SE = 20.778 bit/s/Hz
[10465 ms] [UE 22873] UL: SNR = 63.50 dB | SE = 20.778 bit/s/Hz
[10465 ms] [UE 30556] UL: SNR = 63.50 dB | SE = 20.778 bit/s/Hz
[10465 ms] [UE 20945] UL: SNR = 63.50 dB | SE = 20.778 bit/s/Hz
[10552 ms] [UE 45898] UL: SNR = 63.50 dB | SE = 20.778 bit/s/Hz
[10552 ms] [UE 36997] UL: SNR = 63.50 dB | SE = 20.778 bit/s/Hz
[10552 ms] [UE 48787] UL: SNR = 63.50 dB | SE = 20.778 bit/s/Hz
[10552 ms] [UE 40252] UL: SNR = 56.00 dB | SE = 18.324 bit/s/Hz
[10552 ms] [UE 15599] UL: SNR = 52.50 dB | SE = 17.179 bit/s/Hz
[10565 ms] [UE 33952] UL: SNR = 6.50 dB | SE = 2.414 bit/s/Hz
[10565 ms] [UE 12169] UL: SNR = 63.50 dB | SE = 20.778 bit/s/Hz
[10565 ms] [UE 22873] UL: SNR = 63.50 dB | SE = 20.778 bit/s/Hz
[10565 ms] [UE 30556] UL: SNR = 63.50 dB | SE = 20.778 bit/s/Hz
[10565 ms] [UE 20945] UL: SNR = 63.50 dB | SE = 20.778 bit/s/Hz
[10652 ms] [UE 45898] UL: SNR = 63.50 dB | SE = 20.778 bit/s/Hz
[10652 ms] [UE 36997] UL: SNR = 63.50 dB | SE = 20.778 bit/s/Hz
[10652 ms] [UE 48787] UL: SNR = 63.50 dB | SE = 20.778 bit/s/Hz
[10652 ms] [UE 40252] UL: SNR = 56.00 dB | SE = 18.324 bit/s/Hz
[10652 ms] [UE 15599] UL: SNR = 52.50 dB | SE = 17.179 bit/s/Hz
[10675 ms] [UE 33952] UL: SNR = 6.50 dB | SE = 2.414 bit/s/Hz
[10675 ms] [UE 12169] UL: SNR = 63.50 dB | SE = 20.778 bit/s/Hz
[10675 ms] [UE 22873] UL: SNR = 63.50 dB | SE = 20.778 bit/s/Hz
[10675 ms] [UE 30556] UL: SNR = 63.50 dB | SE = 20.778 bit/s/Hz
[10675 ms] [UE 20945] UL: SNR = 63.50 dB | SE = 20.778 bit/s/Hz
[10753 ms] [UE 45898] UL: SNR = 63.50 dB | SE = 20.778 bit/s/Hz
[10753 ms] [UE 36997] UL: SNR = 63.50 dB | SE = 20.778 bit/s/Hz
[10753 ms] [UE 48787] UL: SNR = 63.50 dB | SE = 20.778 bit/s/Hz
[10753 ms] [UE 40252] UL: SNR = 56.00 dB | SE = 18.324 bit/s/Hz
[10753 ms] [UE 15599] UL: SNR = 52.50 dB | SE = 17.179 bit/s/Hz
[10785 ms] [UE 33952] UL: SNR = 6.50 dB | SE = 2.414 bit/s/Hz
[10785 ms] [UE 12169] UL: SNR = 63.50 dB | SE = 20.778 bit/s/Hz
[10785 ms] [UE 22873] UL: SNR = 63.50 dB | SE = 20.778 bit/s/Hz
[10785 ms] [UE 30556] UL: SNR = 63.50 dB | SE = 20.778 bit/s/Hz
[10785 ms] [UE 20945] UL: SNR = 63.50 dB | SE = 20.778 bit/s/Hz
[10853 ms] [UE 45898] UL: SNR = 63.50 dB | SE = 20.778 bit/s/Hz
[10853 ms] [UE 36997] UL: SNR = 63.50 dB | SE = 20.778 bit/s/Hz
[10853 ms] [UE 48787] UL: SNR = 63.50 dB | SE = 20.778 bit/s/Hz
[10853 ms] [UE 40252] UL: SNR = 56.00 dB | SE = 18.324 bit/s/Hz
[10853 ms] [UE 15599] UL: SNR = 52.50 dB | SE = 17.179 bit/s/Hz
[10895 ms] [UE 33952] UL: SNR = 6.50 dB | SE = 2.414 bit/s/Hz
[10895 ms] [UE 12169] UL: SNR = 63.50 dB | SE = 20.778 bit/s/Hz
[10895 ms] [UE 22873] UL: SNR = 63.50 dB | SE = 20.778 bit/s/Hz
[10895 ms] [UE 30556] UL: SNR = 63.50 dB | SE = 20.778 bit/s/Hz
[10895 ms] [UE 20945] UL: SNR = 63.50 dB | SE = 20.778 bit/s/Hz
[10962 ms] [UE 45898] UL: SNR = 63.50 dB | SE = 20.778 bit/s/Hz
[10962 ms] [UE 36997] UL: SNR = 63.50 dB | SE = 20.778 bit/s/Hz
[10962 ms] [UE 48787] UL: SNR = 63.50 dB | SE = 20.778 bit/s/Hz
[10962 ms] [UE 40252] UL: SNR = 56.00 dB | SE = 18.324 bit/s/Hz
[10962 ms] [UE 15599] UL: SNR = 52.50 dB | SE = 17.179 bit/s/Hz
[10995 ms] [UE 33952] UL: SNR = 6.50 dB | SE = 2.414 bit/s/Hz
[10995 ms] [UE 12169] UL: SNR = 63.50 dB | SE = 20.778 bit/s/Hz
[10995 ms] [UE 22873] UL: SNR = 63.50 dB | SE = 20.778 bit/s/Hz
[10995 ms] [UE 30556] UL: SNR = 63.50 dB | SE = 20.778 bit/s/Hz
[10995 ms] [UE 20945] UL: SNR = 63.50 dB | SE = 20.778 bit/s/Hz
[11063 ms] [UE 45898] UL: SNR = 63.50 dB | SE = 20.778 bit/s/Hz
[11063 ms] [UE 36997] UL: SNR = 63.50 dB | SE = 20.778 bit/s/Hz
[11063 ms] [UE 48787] UL: SNR = 63.50 dB | SE = 20.778 bit/s/Hz
[11063 ms] [UE 40252] UL: SNR = 56.00 dB | SE = 18.324 bit/s/Hz
[11063 ms] [UE 15599] UL: SNR = 52.50 dB | SE = 17.179 bit/s/Hz
[11095 ms] [UE 33952] UL: SNR = 6.50 dB | SE = 2.414 bit/s/Hz
[11095 ms] [UE 12169] UL: SNR = 63.50 dB | SE = 20.778 bit/s/Hz
[11095 ms] [UE 22873] UL: SNR = 63.50 dB | SE = 20.778 bit/s/Hz
[11095 ms] [UE 30556] UL: SNR = 63.50 dB | SE = 20.778 bit/s/Hz
[11095 ms] [UE 20945] UL: SNR = 63.50 dB | SE = 20.778 bit/s/Hz
[11163 ms] [UE 45898] UL: SNR = 63.50 dB | SE = 20.778 bit/s/Hz
[11163 ms] [UE 36997] UL: SNR = 63.50 dB | SE = 20.778 bit/s/Hz
[11163 ms] [UE 48787] UL: SNR = 63.50 dB | SE = 20.778 bit/s/Hz
[11163 ms] [UE 40252] UL: SNR = 56.00 dB | SE = 18.324 bit/s/Hz
[11163 ms] [UE 15599] UL: SNR = 52.50 dB | SE = 17.179 bit/s/Hz
[11204 ms] [UE 33952] UL: SNR = 6.50 dB | SE = 2.414 bit/s/Hz
[11204 ms] [UE 12169] UL: SNR = 63.50 dB | SE = 20.778 bit/s/Hz
[11204 ms] [UE 22873] UL: SNR = 63.50 dB | SE = 20.778 bit/s/Hz
[11204 ms] [UE 30556] UL: SNR = 63.50 dB | SE = 20.778 bit/s/Hz
[11204 ms] [UE 20945] UL: SNR = 63.50 dB | SE = 20.778 bit/s/Hz
[11272 ms] [UE 45898] UL: SNR = 63.50 dB | SE = 20.778 bit/s/Hz
[11272 ms] [UE 36997] UL: SNR = 63.50 dB | SE = 20.778 bit/s/Hz
[11272 ms] [UE 48787] UL: SNR = 63.50 dB | SE = 20.778 bit/s/Hz
[11272 ms] [UE 40252] UL: SNR = 56.00 dB | SE = 18.324 bit/s/Hz
[11272 ms] [UE 15599] UL: SNR = 52.50 dB | SE = 17.179 bit/s/Hz
[11305 ms] [UE 33952] UL: SNR = 6.50 dB | SE = 2.414 bit/s/Hz
[11305 ms] [UE 12169] UL: SNR = 63.50 dB | SE = 20.778 bit/s/Hz
[11305 ms] [UE 22873] UL: SNR = 63.50 dB | SE = 20.778 bit/s/Hz
[11305 ms] [UE 30556] UL: SNR = 63.50 dB | SE = 20.778 bit/s/Hz
[11305 ms] [UE 20945] UL: SNR = 63.50 dB | SE = 20.778 bit/s/Hz
[11372 ms] [UE 45898] UL: SNR = 63.50 dB | SE = 20.778 bit/s/Hz
[11372 ms] [UE 36997] UL: SNR = 63.50 dB | SE = 20.778 bit/s/Hz
[11372 ms] [UE 48787] UL: SNR = 63.50 dB | SE = 20.778 bit/s/Hz
[11372 ms] [UE 40252] UL: SNR = 56.00 dB | SE = 18.324 bit/s/Hz
[11372 ms] [UE 15599] UL: SNR = 52.50 dB | SE = 17.179 bit/s/Hz
[11415 ms] [UE 33952] UL: SNR = 6.50 dB | SE = 2.414 bit/s/Hz
[11415 ms] [UE 12169] UL: SNR = 63.50 dB | SE = 20.778 bit/s/Hz
[11415 ms] [UE 22873] UL: SNR = 63.50 dB | SE = 20.778 bit/s/Hz
[11415 ms] [UE 30556] UL: SNR = 63.50 dB | SE = 20.778 bit/s/Hz
[11415 ms] [UE 20945] UL: SNR = 63.50 dB | SE = 20.778 bit/s/Hz
[11482 ms] [UE 45898] UL: SNR = 63.50 dB | SE = 20.778 bit/s/Hz
[11482 ms] [UE 36997] UL: SNR = 63.50 dB | SE = 20.778 bit/s/Hz
[11482 ms] [UE 48787] UL: SNR = 63.50 dB | SE = 20.778 bit/s/Hz
[11482 ms] [UE 40252] UL: SNR = 56.00 dB | SE = 18.324 bit/s/Hz
[11482 ms] [UE 15599] UL: SNR = 52.50 dB | SE = 17.179 bit/s/Hz
[11515 ms] [UE 33952] UL: SNR = 6.50 dB | SE = 2.414 bit/s/Hz
[11515 ms] [UE 12169] UL: SNR = 63.50 dB | SE = 20.778 bit/s/Hz
[11515 ms] [UE 22873] UL: SNR = 63.50 dB | SE = 20.778 bit/s/Hz
[11515 ms] [UE 30556] UL: SNR = 63.50 dB | SE = 20.778 bit/s/Hz
[11515 ms] [UE 20945] UL: SNR = 63.50 dB | SE = 20.778 bit/s/Hz
[11583 ms] [UE 45898] UL: SNR = 63.50 dB | SE = 20.778 bit/s/Hz
[11583 ms] [UE 36997] UL: SNR = 63.50 dB | SE = 20.778 bit/s/Hz
[11583 ms] [UE 48787] UL: SNR = 63.50 dB | SE = 20.778 bit/s/Hz
[11583 ms] [UE 40252] UL: SNR = 56.00 dB | SE = 18.324 bit/s/Hz
[11583 ms] [UE 15599] UL: SNR = 52.50 dB | SE = 17.179 bit/s/Hz
[11625 ms] [UE 33952] UL: SNR = 6.50 dB | SE = 2.414 bit/s/Hz
[11625 ms] [UE 12169] UL: SNR = 63.50 dB | SE = 20.778 bit/s/Hz
[11625 ms] [UE 22873] UL: SNR = 63.50 dB | SE = 20.778 bit/s/Hz
[11625 ms] [UE 30556] UL: SNR = 63.50 dB | SE = 20.778 bit/s/Hz
[11625 ms] [UE 20945] UL: SNR = 63.50 dB | SE = 20.778 bit/s/Hz
[11692 ms] [UE 45898] UL: SNR = 63.50 dB | SE = 20.778 bit/s/Hz
[11692 ms] [UE 36997] UL: SNR = 63.50 dB | SE = 20.778 bit/s/Hz
[11692 ms] [UE 48787] UL: SNR = 63.50 dB | SE = 20.778 bit/s/Hz
[11692 ms] [UE 40252] UL: SNR = 56.00 dB | SE = 18.324 bit/s/Hz
[11692 ms] [UE 15599] UL: SNR = 52.50 dB | SE = 17.179 bit/s/Hz
[11735 ms] [UE 33952] UL: SNR = 6.50 dB | SE = 2.414 bit/s/Hz
[11735 ms] [UE 12169] UL: SNR = 63.50 dB | SE = 20.778 bit/s/Hz
[11735 ms] [UE 22873] UL: SNR = 63.50 dB | SE = 20.778 bit/s/Hz
[11735 ms] [UE 30556] UL: SNR = 63.50 dB | SE = 20.778 bit/s/Hz
[11735 ms] [UE 20945] UL: SNR = 63.50 dB | SE = 20.778 bit/s/Hz
[11793 ms] [UE 45898] UL: SNR = 63.50 dB | SE = 20.778 bit/s/Hz
[11793 ms] [UE 36997] UL: SNR = 63.50 dB | SE = 20.778 bit/s/Hz
[11793 ms] [UE 48787] UL: SNR = 63.50 dB | SE = 20.778 bit/s/Hz
[11793 ms] [UE 40252] UL: SNR = 56.00 dB | SE = 18.324 bit/s/Hz
[11793 ms] [UE 15599] UL: SNR = 52.50 dB | SE = 17.179 bit/s/Hz
[11835 ms] [UE 33952] UL: SNR = 6.50 dB | SE = 2.414 bit/s/Hz
[11835 ms] [UE 12169] UL: SNR = 63.50 dB | SE = 20.778 bit/s/Hz
[11835 ms] [UE 22873] UL: SNR = 63.50 dB | SE = 20.778 bit/s/Hz
[11835 ms] [UE 30556] UL: SNR = 63.50 dB | SE = 20.778 bit/s/Hz
[11835 ms] [UE 20945] UL: SNR = 63.50 dB | SE = 20.778 bit/s/Hz
[11903 ms] [UE 45898] UL: SNR = 63.50 dB | SE = 20.778 bit/s/Hz
[11903 ms] [UE 36997] UL: SNR = 63.50 dB | SE = 20.778 bit/s/Hz
[11903 ms] [UE 48787] UL: SNR = 63.50 dB | SE = 20.778 bit/s/Hz
[11903 ms] [UE 40252] UL: SNR = 56.00 dB | SE = 18.324 bit/s/Hz
[11903 ms] [UE 15599] UL: SNR = 52.50 dB | SE = 17.179 bit/s/Hz
[11945 ms] [UE 33952] UL: SNR = 6.50 dB | SE = 2.414 bit/s/Hz
[11945 ms] [UE 12169] UL: SNR = 63.50 dB | SE = 20.778 bit/s/Hz
[11945 ms] [UE 22873] UL: SNR = 63.50 dB | SE = 20.778 bit/s/Hz
[11945 ms] [UE 30556] UL: SNR = 63.50 dB | SE = 20.778 bit/s/Hz
[11945 ms] [UE 20945] UL: SNR = 63.50 dB | SE = 20.778 bit/s/Hz
[12012 ms] [UE 45898] UL: SNR = 63.50 dB | SE = 20.778 bit/s/Hz
[12012 ms] [UE 36997] UL: SNR = 63.50 dB | SE = 20.778 bit/s/Hz
[12012 ms] [UE 48787] UL: SNR = 63.50 dB | SE = 20.778 bit/s/Hz
[12012 ms] [UE 40252] UL: SNR = 56.00 dB | SE = 18.324 bit/s/Hz
[12012 ms] [UE 15599] UL: SNR = 52.50 dB | SE = 17.179 bit/s/Hz
[12045 ms] [UE 33952] UL: SNR = 6.50 dB | SE = 2.414 bit/s/Hz
[12045 ms] [UE 12169] UL: SNR = 63.50 dB | SE = 20.778 bit/s/Hz
[12045 ms] [UE 22873] UL: SNR = 63.50 dB | SE = 20.778 bit/s/Hz
[12045 ms] [UE 30556] UL: SNR = 63.50 dB | SE = 20.778 bit/s/Hz
[12045 ms] [UE 20945] UL: SNR = 63.50 dB | SE = 20.778 bit/s/Hz
[12113 ms] [UE 45898] UL: SNR = 63.50 dB | SE = 20.778 bit/s/Hz
[12113 ms] [UE 36997] UL: SNR = 63.50 dB | SE = 20.778 bit/s/Hz
[12113 ms] [UE 48787] UL: SNR = 63.50 dB | SE = 20.778 bit/s/Hz
[12113 ms] [UE 40252] UL: SNR = 56.00 dB | SE = 18.324 bit/s/Hz
[12113 ms] [UE 15599] UL: SNR = 52.50 dB | SE = 17.179 bit/s/Hz
[12146 ms] [UE 33952] UL: SNR = 6.50 dB | SE = 2.414 bit/s/Hz
[12146 ms] [UE 12169] UL: SNR = 63.50 dB | SE = 20.778 bit/s/Hz
[12146 ms] [UE 22873] UL: SNR = 63.50 dB | SE = 20.778 bit/s/Hz
[12146 ms] [UE 30556] UL: SNR = 53.50 dB | SE = 17.506 bit/s/Hz
[12146 ms] [UE 20945] UL: SNR = 52.50 dB | SE = 17.179 bit/s/Hz
[12213 ms] [UE 45898] UL: SNR = 63.50 dB | SE = 20.778 bit/s/Hz
[12213 ms] [UE 36997] UL: SNR = 63.50 dB | SE = 20.778 bit/s/Hz
[12213 ms] [UE 48787] UL: SNR = 63.50 dB | SE = 20.778 bit/s/Hz
[12213 ms] [UE 40252] UL: SNR = 56.00 dB | SE = 18.324 bit/s/Hz
[12213 ms] [UE 15599] UL: SNR = 52.50 dB | SE = 17.179 bit/s/Hz
[12255 ms] [UE 33952] UL: SNR = 6.50 dB | SE = 2.414 bit/s/Hz
[12255 ms] [UE 12169] UL: SNR = 63.50 dB | SE = 20.778 bit/s/Hz
[12255 ms] [UE 22873] UL: SNR = 63.50 dB | SE = 20.778 bit/s/Hz
[12255 ms] [UE 30556] UL: SNR = 53.50 dB | SE = 17.506 bit/s/Hz
[12255 ms] [UE 20945] UL: SNR = 52.50 dB | SE = 17.179 bit/s/Hz
[12322 ms] [UE 45898] UL: SNR = 63.50 dB | SE = 20.778 bit/s/Hz
[12322 ms] [UE 36997] UL: SNR = 63.50 dB | SE = 20.778 bit/s/Hz
[12322 ms] [UE 48787] UL: SNR = 63.50 dB | SE = 20.778 bit/s/Hz
[12322 ms] [UE 40252] UL: SNR = 56.00 dB | SE = 18.324 bit/s/Hz
[12322 ms] [UE 15599] UL: SNR = 52.50 dB | SE = 17.179 bit/s/Hz
[12365 ms] [UE 33952] UL: SNR = 6.50 dB | SE = 2.414 bit/s/Hz
[12365 ms] [UE 12169] UL: SNR = 63.50 dB | SE = 20.778 bit/s/Hz
[12365 ms] [UE 22873] UL: SNR = 63.50 dB | SE = 20.778 bit/s/Hz
[12365 ms] [UE 30556] UL: SNR = 53.50 dB | SE = 17.506 bit/s/Hz
[12365 ms] [UE 20945] UL: SNR = 52.50 dB | SE = 17.179 bit/s/Hz
[12432 ms] [UE 45898] UL: SNR = 63.50 dB | SE = 20.778 bit/s/Hz
[12432 ms] [UE 36997] UL: SNR = 63.50 dB | SE = 20.778 bit/s/Hz
[12432 ms] [UE 48787] UL: SNR = 63.50 dB | SE = 20.778 bit/s/Hz
[12432 ms] [UE 40252] UL: SNR = 56.00 dB | SE = 18.324 bit/s/Hz
[12432 ms] [UE 15599] UL: SNR = 52.50 dB | SE = 17.179 bit/s/Hz
[12474 ms] [UE 33952] UL: SNR = 6.50 dB | SE = 2.414 bit/s/Hz
[12474 ms] [UE 12169] UL: SNR = 63.50 dB | SE = 20.778 bit/s/Hz
[12474 ms] [UE 22873] UL: SNR = 63.50 dB | SE = 20.778 bit/s/Hz
[12474 ms] [UE 30556] UL: SNR = 53.50 dB | SE = 17.506 bit/s/Hz
[12474 ms] [UE 20945] UL: SNR = 52.50 dB | SE = 17.179 bit/s/Hz
[12542 ms] [UE 45898] UL: SNR = 63.50 dB | SE = 20.778 bit/s/Hz
[12542 ms] [UE 36997] UL: SNR = 63.50 dB | SE = 20.778 bit/s/Hz
[12542 ms] [UE 48787] UL: SNR = 63.50 dB | SE = 20.778 bit/s/Hz
[12542 ms] [UE 40252] UL: SNR = 56.00 dB | SE = 18.324 bit/s/Hz
[12542 ms] [UE 15599] UL: SNR = 52.50 dB | SE = 17.179 bit/s/Hz
[12575 ms] [UE 33952] UL: SNR = 6.50 dB | SE = 2.414 bit/s/Hz
[12575 ms] [UE 12169] UL: SNR = 63.50 dB | SE = 20.778 bit/s/Hz
[12575 ms] [UE 22873] UL: SNR = 63.50 dB | SE = 20.778 bit/s/Hz
[12575 ms] [UE 30556] UL: SNR = 53.50 dB | SE = 17.506 bit/s/Hz
[12575 ms] [UE 20945] UL: SNR = 52.50 dB | SE = 17.179 bit/s/Hz
[12643 ms] [UE 45898] UL: SNR = 63.50 dB | SE = 20.778 bit/s/Hz
[12643 ms] [UE 36997] UL: SNR = 63.50 dB | SE = 20.778 bit/s/Hz
[12643 ms] [UE 48787] UL: SNR = 63.50 dB | SE = 20.778 bit/s/Hz
[12643 ms] [UE 40252] UL: SNR = 56.00 dB | SE = 18.324 bit/s/Hz
[12643 ms] [UE 15599] UL: SNR = 52.50 dB | SE = 17.179 bit/s/Hz
[12685 ms] [UE 33952] UL: SNR = 6.50 dB | SE = 2.414 bit/s/Hz
[12685 ms] [UE 12169] UL: SNR = 63.50 dB | SE = 20.778 bit/s/Hz
[12685 ms] [UE 22873] UL: SNR = 63.50 dB | SE = 20.778 bit/s/Hz
[12685 ms] [UE 30556] UL: SNR = 53.50 dB | SE = 17.506 bit/s/Hz
[12685 ms] [UE 20945] UL: SNR = 52.50 dB | SE = 17.179 bit/s/Hz
[12753 ms] [UE 45898] UL: SNR = 63.50 dB | SE = 20.778 bit/s/Hz
[12753 ms] [UE 36997] UL: SNR = 63.50 dB | SE = 20.778 bit/s/Hz
[12753 ms] [UE 48787] UL: SNR = 63.50 dB | SE = 20.778 bit/s/Hz
[12753 ms] [UE 40252] UL: SNR = 56.00 dB | SE = 18.324 bit/s/Hz
[12753 ms] [UE 15599] UL: SNR = 52.50 dB | SE = 17.179 bit/s/Hz
[12785 ms] [UE 33952] UL: SNR = 6.50 dB | SE = 2.414 bit/s/Hz
[12785 ms] [UE 12169] UL: SNR = 63.50 dB | SE = 20.778 bit/s/Hz
[12785 ms] [UE 22873] UL: SNR = 63.50 dB | SE = 20.778 bit/s/Hz
[12785 ms] [UE 30556] UL: SNR = 53.50 dB | SE = 17.506 bit/s/Hz
[12785 ms] [UE 20945] UL: SNR = 52.50 dB | SE = 17.179 bit/s/Hz
[12853 ms] [UE 45898] UL: SNR = 63.50 dB | SE = 20.778 bit/s/Hz
[12853 ms] [UE 36997] UL: SNR = 63.50 dB | SE = 20.778 bit/s/Hz
[12853 ms] [UE 48787] UL: SNR = 63.50 dB | SE = 20.778 bit/s/Hz
[12853 ms] [UE 40252] UL: SNR = 56.00 dB | SE = 18.324 bit/s/Hz
[12853 ms] [UE 15599] UL: SNR = 52.50 dB | SE = 17.179 bit/s/Hz
[12887 ms] [UE 33952] UL: SNR = 6.50 dB | SE = 2.414 bit/s/Hz
[12887 ms] [UE 12169] UL: SNR = 63.50 dB | SE = 20.778 bit/s/Hz
[12887 ms] [UE 22873] UL: SNR = 63.50 dB | SE = 20.778 bit/s/Hz
[12887 ms] [UE 30556] UL: SNR = 63.50 dB | SE = 20.778 bit/s/Hz
[12887 ms] [UE 20945] UL: SNR = 52.50 dB | SE = 17.179 bit/s/Hz
[12953 ms] [UE 45898] UL: SNR = 63.50 dB | SE = 20.778 bit/s/Hz
[12953 ms] [UE 36997] UL: SNR = 63.50 dB | SE = 20.778 bit/s/Hz
[12953 ms] [UE 48787] UL: SNR = 63.50 dB | SE = 20.778 bit/s/Hz
[12953 ms] [UE 40252] UL: SNR = 56.00 dB | SE = 18.324 bit/s/Hz
[12953 ms] [UE 15599] UL: SNR = 52.50 dB | SE = 17.179 bit/s/Hz
[12995 ms] [UE 33952] UL: SNR = 6.50 dB | SE = 2.414 bit/s/Hz
[12995 ms] [UE 12169] UL: SNR = 63.50 dB | SE = 20.778 bit/s/Hz
[12995 ms] [UE 22873] UL: SNR = 63.50 dB | SE = 20.778 bit/s/Hz
[12995 ms] [UE 30556] UL: SNR = 63.50 dB | SE = 20.778 bit/s/Hz
[12995 ms] [UE 20945] UL: SNR = 52.50 dB | SE = 17.179 bit/s/Hz
[13062 ms] [UE 45898] UL: SNR = 63.50 dB | SE = 20.778 bit/s/Hz
[13062 ms] [UE 36997] UL: SNR = 63.50 dB | SE = 20.778 bit/s/Hz
[13062 ms] [UE 48787] UL: SNR = 63.50 dB | SE = 20.778 bit/s/Hz
[13062 ms] [UE 40252] UL: SNR = 56.00 dB | SE = 18.324 bit/s/Hz
[13062 ms] [UE 15599] UL: SNR = 52.50 dB | SE = 17.179 bit/s/Hz
[13105 ms] [UE 33952] UL: SNR = 6.50 dB | SE = 2.414 bit/s/Hz
[13105 ms] [UE 12169] UL: SNR = 63.50 dB | SE = 20.778 bit/s/Hz
[13105 ms] [UE 22873] UL: SNR = 63.50 dB | SE = 20.778 bit/s/Hz
[13105 ms] [UE 30556] UL: SNR = 63.50 dB | SE = 20.778 bit/s/Hz
[13105 ms] [UE 20945] UL: SNR = 52.50 dB | SE = 17.179 bit/s/Hz
[13163 ms] [UE 45898] UL: SNR = 63.50 dB | SE = 20.778 bit/s/Hz
[13163 ms] [UE 36997] UL: SNR = 63.50 dB | SE = 20.778 bit/s/Hz
[13163 ms] [UE 48787] UL: SNR = 63.50 dB | SE = 20.778 bit/s/Hz
[13163 ms] [UE 40252] UL: SNR = 56.00 dB | SE = 18.324 bit/s/Hz
[13163 ms] [UE 15599] UL: SNR = 52.50 dB | SE = 17.179 bit/s/Hz
[13216 ms] [UE 33952] UL: SNR = 6.50 dB | SE = 2.414 bit/s/Hz
[13216 ms] [UE 12169] UL: SNR = 63.50 dB | SE = 20.778 bit/s/Hz
[13216 ms] [UE 22873] UL: SNR = 63.50 dB | SE = 20.778 bit/s/Hz
[13216 ms] [UE 30556] UL: SNR = 63.50 dB | SE = 20.778 bit/s/Hz
[13216 ms] [UE 20945] UL: SNR = 52.50 dB | SE = 17.179 bit/s/Hz
[13263 ms] [UE 45898] UL: SNR = 63.50 dB | SE = 20.778 bit/s/Hz
[13263 ms] [UE 36997] UL: SNR = 63.50 dB | SE = 20.778 bit/s/Hz
[13263 ms] [UE 48787] UL: SNR = 63.50 dB | SE = 20.778 bit/s/Hz
[13263 ms] [UE 40252] UL: SNR = 56.00 dB | SE = 18.324 bit/s/Hz
[13263 ms] [UE 15599] UL: SNR = 52.50 dB | SE = 17.179 bit/s/Hz
[13325 ms] [UE 33952] UL: SNR = 6.50 dB | SE = 2.414 bit/s/Hz
[13325 ms] [UE 12169] UL: SNR = 63.50 dB | SE = 20.778 bit/s/Hz
[13325 ms] [UE 22873] UL: SNR = 63.50 dB | SE = 20.778 bit/s/Hz
[13325 ms] [UE 30556] UL: SNR = 63.50 dB | SE = 20.778 bit/s/Hz
[13325 ms] [UE 20945] UL: SNR = 52.50 dB | SE = 17.179 bit/s/Hz
[13363 ms] [UE 45898] UL: SNR = 63.50 dB | SE = 20.778 bit/s/Hz
[13363 ms] [UE 36997] UL: SNR = 63.50 dB | SE = 20.778 bit/s/Hz
[13363 ms] [UE 48787] UL: SNR = 63.50 dB | SE = 20.778 bit/s/Hz
[13363 ms] [UE 40252] UL: SNR = 56.00 dB | SE = 18.324 bit/s/Hz
[13363 ms] [UE 15599] UL: SNR = 52.50 dB | SE = 17.179 bit/s/Hz
[13435 ms] [UE 33952] UL: SNR = 6.50 dB | SE = 2.414 bit/s/Hz
[13435 ms] [UE 12169] UL: SNR = 63.50 dB | SE = 20.778 bit/s/Hz
[13435 ms] [UE 22873] UL: SNR = 63.50 dB | SE = 20.778 bit/s/Hz
[13435 ms] [UE 30556] UL: SNR = 63.50 dB | SE = 20.778 bit/s/Hz
[13435 ms] [UE 20945] UL: SNR = 52.50 dB | SE = 17.179 bit/s/Hz
[13472 ms] [UE 45898] UL: SNR = 63.50 dB | SE = 20.778 bit/s/Hz
[13472 ms] [UE 36997] UL: SNR = 63.50 dB | SE = 20.778 bit/s/Hz
[13472 ms] [UE 48787] UL: SNR = 63.50 dB | SE = 20.778 bit/s/Hz
[13472 ms] [UE 40252] UL: SNR = 56.00 dB | SE = 18.324 bit/s/Hz
[13472 ms] [UE 15599] UL: SNR = 52.50 dB | SE = 17.179 bit/s/Hz
[13545 ms] [UE 33952] UL: SNR = 6.50 dB | SE = 2.414 bit/s/Hz
[13545 ms] [UE 12169] UL: SNR = 63.50 dB | SE = 20.778 bit/s/Hz
[13545 ms] [UE 22873] UL: SNR = 63.50 dB | SE = 20.778 bit/s/Hz
[13545 ms] [UE 30556] UL: SNR = 63.50 dB | SE = 20.778 bit/s/Hz
[13545 ms] [UE 20945] UL: SNR = 52.50 dB | SE = 17.179 bit/s/Hz
[13573 ms] [UE 45898] UL: SNR = 63.50 dB | SE = 20.778 bit/s/Hz
[13573 ms] [UE 36997] UL: SNR = 63.50 dB | SE = 20.778 bit/s/Hz
[13573 ms] [UE 48787] UL: SNR = 63.50 dB | SE = 20.778 bit/s/Hz
[13573 ms] [UE 40252] UL: SNR = 56.00 dB | SE = 18.324 bit/s/Hz
[13573 ms] [UE 15599] UL: SNR = 52.50 dB | SE = 17.179 bit/s/Hz
[13655 ms] [UE 33952] UL: SNR = 6.50 dB | SE = 2.414 bit/s/Hz
[13655 ms] [UE 12169] UL: SNR = 63.50 dB | SE = 20.778 bit/s/Hz
[13655 ms] [UE 22873] UL: SNR = 63.50 dB | SE = 20.778 bit/s/Hz
[13655 ms] [UE 30556] UL: SNR = 63.50 dB | SE = 20.778 bit/s/Hz
[13655 ms] [UE 20945] UL: SNR = 52.50 dB | SE = 17.179 bit/s/Hz
[13682 ms] [UE 45898] UL: SNR = 63.50 dB | SE = 20.778 bit/s/Hz
[13682 ms] [UE 36997] UL: SNR = 63.50 dB | SE = 20.778 bit/s/Hz
[13682 ms] [UE 48787] UL: SNR = 63.50 dB | SE = 20.778 bit/s/Hz
[13682 ms] [UE 40252] UL: SNR = 56.00 dB | SE = 18.324 bit/s/Hz
[13682 ms] [UE 15599] UL: SNR = 52.50 dB | SE = 17.179 bit/s/Hz
[13765 ms] [UE 33952] UL: SNR = 6.50 dB | SE = 2.414 bit/s/Hz
[13765 ms] [UE 12169] UL: SNR = 63.50 dB | SE = 20.778 bit/s/Hz
[13765 ms] [UE 22873] UL: SNR = 63.50 dB | SE = 20.778 bit/s/Hz
[13765 ms] [UE 30556] UL: SNR = 63.50 dB | SE = 20.778 bit/s/Hz
[13765 ms] [UE 20945] UL: SNR = 52.50 dB | SE = 17.179 bit/s/Hz
[13783 ms] [UE 45898] UL: SNR = 63.50 dB | SE = 20.778 bit/s/Hz
[13783 ms] [UE 36997] UL: SNR = 63.50 dB | SE = 20.778 bit/s/Hz
[13783 ms] [UE 48787] UL: SNR = 63.50 dB | SE = 20.778 bit/s/Hz
[13783 ms] [UE 40252] UL: SNR = 56.00 dB | SE = 18.324 bit/s/Hz
[13783 ms] [UE 15599] UL: SNR = 52.50 dB | SE = 17.179 bit/s/Hz
[13875 ms] [UE 33952] UL: SNR = 6.50 dB | SE = 2.414 bit/s/Hz
[13875 ms] [UE 12169] UL: SNR = 63.50 dB | SE = 20.778 bit/s/Hz
[13875 ms] [UE 22873] UL: SNR = 63.50 dB | SE = 20.778 bit/s/Hz
[13875 ms] [UE 30556] UL: SNR = 63.50 dB | SE = 20.778 bit/s/Hz
[13875 ms] [UE 20945] UL: SNR = 52.50 dB | SE = 17.179 bit/s/Hz
[13883 ms] [UE 45898] UL: SNR = 63.50 dB | SE = 20.778 bit/s/Hz
[13883 ms] [UE 36997] UL: SNR = 63.50 dB | SE = 20.778 bit/s/Hz
[13883 ms] [UE 48787] UL: SNR = 63.50 dB | SE = 20.778 bit/s/Hz
[13883 ms] [UE 40252] UL: SNR = 56.00 dB | SE = 18.324 bit/s/Hz
[13883 ms] [UE 15599] UL: SNR = 52.50 dB | SE = 17.179 bit/s/Hz
[13984 ms] [UE 33952] UL: SNR = 6.50 dB | SE = 2.414 bit/s/Hz
[13984 ms] [UE 12169] UL: SNR = 63.50 dB | SE = 20.778 bit/s/Hz
[13984 ms] [UE 22873] UL: SNR = 63.50 dB | SE = 20.778 bit/s/Hz
[13984 ms] [UE 30556] UL: SNR = 63.50 dB | SE = 20.778 bit/s/Hz
[13984 ms] [UE 20945] UL: SNR = 52.50 dB | SE = 17.179 bit/s/Hz
[13992 ms] [UE 45898] UL: SNR = 63.50 dB | SE = 20.778 bit/s/Hz
[13992 ms] [UE 36997] UL: SNR = 63.50 dB | SE = 20.778 bit/s/Hz
[13992 ms] [UE 48787] UL: SNR = 63.50 dB | SE = 20.778 bit/s/Hz
[13992 ms] [UE 40252] UL: SNR = 56.00 dB | SE = 18.324 bit/s/Hz
[13992 ms] [UE 15599] UL: SNR = 52.50 dB | SE = 17.179 bit/s/Hz
[14085 ms] [UE 33952] UL: SNR = 6.50 dB | SE = 2.414 bit/s/Hz
[14085 ms] [UE 12169] UL: SNR = 63.50 dB | SE = 20.778 bit/s/Hz
[14085 ms] [UE 22873] UL: SNR = 63.50 dB | SE = 20.778 bit/s/Hz
[14085 ms] [UE 30556] UL: SNR = 63.50 dB | SE = 20.778 bit/s/Hz
[14085 ms] [UE 20945] UL: SNR = 52.50 dB | SE = 17.179 bit/s/Hz
[14092 ms] [UE 45898] UL: SNR = 63.50 dB | SE = 20.778 bit/s/Hz
[14092 ms] [UE 36997] UL: SNR = 63.50 dB | SE = 20.778 bit/s/Hz
[14092 ms] [UE 48787] UL: SNR = 63.50 dB | SE = 20.778 bit/s/Hz
[14092 ms] [UE 40252] UL: SNR = 56.00 dB | SE = 18.324 bit/s/Hz
[14092 ms] [UE 15599] UL: SNR = 52.50 dB | SE = 17.179 bit/s/Hz
[14185 ms] [UE 33952] UL: SNR = 6.50 dB | SE = 2.414 bit/s/Hz
[14185 ms] [UE 12169] UL: SNR = 63.50 dB | SE = 20.778 bit/s/Hz
[14185 ms] [UE 22873] UL: SNR = 63.50 dB | SE = 20.778 bit/s/Hz
[14185 ms] [UE 30556] UL: SNR = 63.50 dB | SE = 20.778 bit/s/Hz
[14185 ms] [UE 20945] UL: SNR = 52.50 dB | SE = 17.179 bit/s/Hz
[14193 ms] [UE 45898] UL: SNR = 63.50 dB | SE = 20.778 bit/s/Hz
[14193 ms] [UE 36997] UL: SNR = 63.50 dB | SE = 20.778 bit/s/Hz
[14193 ms] [UE 48787] UL: SNR = 63.50 dB | SE = 20.778 bit/s/Hz
[14193 ms] [UE 40252] UL: SNR = 56.00 dB | SE = 18.324 bit/s/Hz
[14193 ms] [UE 15599] UL: SNR = 52.50 dB | SE = 17.179 bit/s/Hz
[14285 ms] [UE 33952] UL: SNR = 6.50 dB | SE = 2.414 bit/s/Hz
[14285 ms] [UE 12169] UL: SNR = 63.50 dB | SE = 20.778 bit/s/Hz
[14285 ms] [UE 22873] UL: SNR = 63.50 dB | SE = 20.778 bit/s/Hz
[14285 ms] [UE 30556] UL: SNR = 63.50 dB | SE = 20.778 bit/s/Hz
[14285 ms] [UE 20945] UL: SNR = 52.50 dB | SE = 17.179 bit/s/Hz
[14293 ms] [UE 45898] UL: SNR = 63.50 dB | SE = 20.778 bit/s/Hz
[14293 ms] [UE 36997] UL: SNR = 63.50 dB | SE = 20.778 bit/s/Hz
[14293 ms] [UE 48787] UL: SNR = 63.50 dB | SE = 20.778 bit/s/Hz
[14293 ms] [UE 40252] UL: SNR = 56.00 dB | SE = 18.324 bit/s/Hz
[14293 ms] [UE 15599] UL: SNR = 52.50 dB | SE = 17.179 bit/s/Hz
[14394 ms] [UE 33952] UL: SNR = 6.50 dB | SE = 2.414 bit/s/Hz
[14394 ms] [UE 12169] UL: SNR = 63.50 dB | SE = 20.778 bit/s/Hz
[14394 ms] [UE 22873] UL: SNR = 63.50 dB | SE = 20.778 bit/s/Hz
[14394 ms] [UE 30556] UL: SNR = 63.50 dB | SE = 20.778 bit/s/Hz
[14394 ms] [UE 20945] UL: SNR = 52.50 dB | SE = 17.179 bit/s/Hz
[14402 ms] [UE 45898] UL: SNR = 63.50 dB | SE = 20.778 bit/s/Hz
[14402 ms] [UE 36997] UL: SNR = 63.50 dB | SE = 20.778 bit/s/Hz
[14402 ms] [UE 48787] UL: SNR = 63.50 dB | SE = 20.778 bit/s/Hz
[14402 ms] [UE 40252] UL: SNR = 56.00 dB | SE = 18.324 bit/s/Hz
[14402 ms] [UE 15599] UL: SNR = 52.50 dB | SE = 17.179 bit/s/Hz
[14495 ms] [UE 33952] UL: SNR = 6.50 dB | SE = 2.414 bit/s/Hz
[14495 ms] [UE 12169] UL: SNR = 63.50 dB | SE = 20.778 bit/s/Hz
[14495 ms] [UE 22873] UL: SNR = 63.50 dB | SE = 20.778 bit/s/Hz
[14495 ms] [UE 30556] UL: SNR = 63.50 dB | SE = 20.778 bit/s/Hz
[14495 ms] [UE 20945] UL: SNR = 52.50 dB | SE = 17.179 bit/s/Hz
[14513 ms] [UE 45898] UL: SNR = 63.50 dB | SE = 20.778 bit/s/Hz
[14513 ms] [UE 36997] UL: SNR = 63.50 dB | SE = 20.778 bit/s/Hz
[14513 ms] [UE 48787] UL: SNR = 63.50 dB | SE = 20.778 bit/s/Hz
[14513 ms] [UE 40252] UL: SNR = 56.00 dB | SE = 18.324 bit/s/Hz
[14513 ms] [UE 15599] UL: SNR = 52.50 dB | SE = 17.179 bit/s/Hz
[14595 ms] [UE 33952] UL: SNR = 6.50 dB | SE = 2.414 bit/s/Hz
[14595 ms] [UE 12169] UL: SNR = 63.50 dB | SE = 20.778 bit/s/Hz
[14595 ms] [UE 22873] UL: SNR = 63.50 dB | SE = 20.778 bit/s/Hz
[14595 ms] [UE 30556] UL: SNR = 63.50 dB | SE = 20.778 bit/s/Hz
[14595 ms] [UE 20945] UL: SNR = 52.50 dB | SE = 17.179 bit/s/Hz
[14613 ms] [UE 45898] UL: SNR = 63.50 dB | SE = 20.778 bit/s/Hz
[14613 ms] [UE 36997] UL: SNR = 63.50 dB | SE = 20.778 bit/s/Hz
[14613 ms] [UE 48787] UL: SNR = 63.50 dB | SE = 20.778 bit/s/Hz
[14613 ms] [UE 40252] UL: SNR = 56.00 dB | SE = 18.324 bit/s/Hz
[14613 ms] [UE 15599] UL: SNR = 52.50 dB | SE = 17.179 bit/s/Hz
[14705 ms] [UE 33952] UL: SNR = 6.50 dB | SE = 2.414 bit/s/Hz
[14705 ms] [UE 12169] UL: SNR = 63.50 dB | SE = 20.778 bit/s/Hz
[14705 ms] [UE 22873] UL: SNR = 63.50 dB | SE = 20.778 bit/s/Hz
[14705 ms] [UE 30556] UL: SNR = 63.50 dB | SE = 20.778 bit/s/Hz
[14705 ms] [UE 20945] UL: SNR = 52.50 dB | SE = 17.179 bit/s/Hz
[14723 ms] [UE 45898] UL: SNR = 63.50 dB | SE = 20.778 bit/s/Hz
[14723 ms] [UE 36997] UL: SNR = 63.50 dB | SE = 20.778 bit/s/Hz
[14723 ms] [UE 48787] UL: SNR = 63.50 dB | SE = 20.778 bit/s/Hz
[14723 ms] [UE 40252] UL: SNR = 56.00 dB | SE = 18.324 bit/s/Hz
[14723 ms] [UE 15599] UL: SNR = 52.50 dB | SE = 17.179 bit/s/Hz
[14806 ms] [UE 33952] UL: SNR = 6.50 dB | SE = 2.414 bit/s/Hz
[14806 ms] [UE 12169] UL: SNR = 63.50 dB | SE = 20.778 bit/s/Hz
[14806 ms] [UE 22873] UL: SNR = 63.50 dB | SE = 20.778 bit/s/Hz
[14806 ms] [UE 30556] UL: SNR = 63.50 dB | SE = 20.778 bit/s/Hz
[14806 ms] [UE 20945] UL: SNR = 52.50 dB | SE = 17.179 bit/s/Hz
[14833 ms] [UE 45898] UL: SNR = 63.50 dB | SE = 20.778 bit/s/Hz
[14833 ms] [UE 36997] UL: SNR = 63.50 dB | SE = 20.778 bit/s/Hz
[14833 ms] [UE 48787] UL: SNR = 63.50 dB | SE = 20.778 bit/s/Hz
[14833 ms] [UE 40252] UL: SNR = 56.00 dB | SE = 18.324 bit/s/Hz
[14833 ms] [UE 15599] UL: SNR = 52.50 dB | SE = 17.179 bit/s/Hz
[14914 ms] [UE 33952] UL: SNR = 6.50 dB | SE = 2.414 bit/s/Hz
[14914 ms] [UE 12169] UL: SNR = 63.50 dB | SE = 20.778 bit/s/Hz
[14914 ms] [UE 22873] UL: SNR = 63.50 dB | SE = 20.778 bit/s/Hz
[14914 ms] [UE 30556] UL: SNR = 63.50 dB | SE = 20.778 bit/s/Hz
[14914 ms] [UE 20945] UL: SNR = 52.50 dB | SE = 17.179 bit/s/Hz
[14943 ms] [UE 45898] UL: SNR = 63.50 dB | SE = 20.778 bit/s/Hz
[14943 ms] [UE 36997] UL: SNR = 63.50 dB | SE = 20.778 bit/s/Hz
[14943 ms] [UE 48787] UL: SNR = 63.50 dB | SE = 20.778 bit/s/Hz
[14943 ms] [UE 40252] UL: SNR = 56.00 dB | SE = 18.324 bit/s/Hz
[14943 ms] [UE 15599] UL: SNR = 52.50 dB | SE = 17.179 bit/s/Hz
[15016 ms] [UE 33952] UL: SNR = 6.50 dB | SE = 2.414 bit/s/Hz
[15016 ms] [UE 12169] UL: SNR = 63.50 dB | SE = 20.778 bit/s/Hz
[15016 ms] [UE 22873] UL: SNR = 63.50 dB | SE = 20.778 bit/s/Hz
[15016 ms] [UE 30556] UL: SNR = 63.50 dB | SE = 20.778 bit/s/Hz
[15016 ms] [UE 20945] UL: SNR = 52.50 dB | SE = 17.179 bit/s/Hz
[15054 ms] [UE 45898] UL: SNR = 63.50 dB | SE = 20.778 bit/s/Hz
[15054 ms] [UE 36997] UL: SNR = 63.50 dB | SE = 20.778 bit/s/Hz
[15054 ms] [UE 48787] UL: SNR = 63.50 dB | SE = 20.778 bit/s/Hz
[15054 ms] [UE 40252] UL: SNR = 56.00 dB | SE = 18.324 bit/s/Hz
[15054 ms] [UE 15599] UL: SNR = 52.50 dB | SE = 17.179 bit/s/Hz
[15125 ms] [UE 33952] UL: SNR = 6.50 dB | SE = 2.414 bit/s/Hz
[15125 ms] [UE 12169] UL: SNR = 63.50 dB | SE = 20.778 bit/s/Hz
[15125 ms] [UE 22873] UL: SNR = 63.50 dB | SE = 20.778 bit/s/Hz
[15125 ms] [UE 30556] UL: SNR = 63.50 dB | SE = 20.778 bit/s/Hz
[15125 ms] [UE 20945] UL: SNR = 52.50 dB | SE = 17.179 bit/s/Hz
[15163 ms] [UE 45898] UL: SNR = 63.50 dB | SE = 20.778 bit/s/Hz
[15163 ms] [UE 36997] UL: SNR = 63.50 dB | SE = 20.778 bit/s/Hz
[15163 ms] [UE 48787] UL: SNR = 63.50 dB | SE = 20.778 bit/s/Hz
[15163 ms] [UE 40252] UL: SNR = 56.00 dB | SE = 18.324 bit/s/Hz
[15163 ms] [UE 15599] UL: SNR = 52.50 dB | SE = 17.179 bit/s/Hz
[15227 ms] [UE 33952] UL: SNR = 6.50 dB | SE = 2.414 bit/s/Hz
[15227 ms] [UE 12169] UL: SNR = 63.50 dB | SE = 20.778 bit/s/Hz
[15227 ms] [UE 22873] UL: SNR = 63.50 dB | SE = 20.778 bit/s/Hz
[15227 ms] [UE 30556] UL: SNR = 63.50 dB | SE = 20.778 bit/s/Hz
[15227 ms] [UE 20945] UL: SNR = 52.50 dB | SE = 17.179 bit/s/Hz
[15273 ms] [UE 45898] UL: SNR = 63.50 dB | SE = 20.778 bit/s/Hz
[15273 ms] [UE 36997] UL: SNR = 63.50 dB | SE = 20.778 bit/s/Hz
[15273 ms] [UE 48787] UL: SNR = 63.50 dB | SE = 20.778 bit/s/Hz
[15273 ms] [UE 40252] UL: SNR = 56.00 dB | SE = 18.324 bit/s/Hz
[15273 ms] [UE 15599] UL: SNR = 52.50 dB | SE = 17.179 bit/s/Hz
[15334 ms] [UE 33952] UL: SNR = 6.50 dB | SE = 2.414 bit/s/Hz
[15334 ms] [UE 12169] UL: SNR = 63.50 dB | SE = 20.778 bit/s/Hz
[15334 ms] [UE 22873] UL: SNR = 63.50 dB | SE = 20.778 bit/s/Hz
[15334 ms] [UE 30556] UL: SNR = 63.50 dB | SE = 20.778 bit/s/Hz
[15334 ms] [UE 20945] UL: SNR = 52.50 dB | SE = 17.179 bit/s/Hz
[15382 ms] [UE 45898] UL: SNR = 63.50 dB | SE = 20.778 bit/s/Hz
[15382 ms] [UE 36997] UL: SNR = 63.50 dB | SE = 20.778 bit/s/Hz
[15382 ms] [UE 48787] UL: SNR = 63.50 dB | SE = 20.778 bit/s/Hz
[15382 ms] [UE 40252] UL: SNR = 56.00 dB | SE = 18.324 bit/s/Hz
[15382 ms] [UE 15599] UL: SNR = 52.50 dB | SE = 17.179 bit/s/Hz
[15435 ms] [UE 33952] UL: SNR = 6.50 dB | SE = 2.414 bit/s/Hz
[15435 ms] [UE 12169] UL: SNR = 63.50 dB | SE = 20.778 bit/s/Hz
[15435 ms] [UE 22873] UL: SNR = 63.50 dB | SE = 20.778 bit/s/Hz
[15435 ms] [UE 30556] UL: SNR = 63.50 dB | SE = 20.778 bit/s/Hz
[15435 ms] [UE 20945] UL: SNR = 52.50 dB | SE = 17.179 bit/s/Hz
[15483 ms] [UE 45898] UL: SNR = 63.50 dB | SE = 20.778 bit/s/Hz
[15483 ms] [UE 36997] UL: SNR = 63.50 dB | SE = 20.778 bit/s/Hz
[15483 ms] [UE 48787] UL: SNR = 63.50 dB | SE = 20.778 bit/s/Hz
[15483 ms] [UE 40252] UL: SNR = 56.00 dB | SE = 18.324 bit/s/Hz
[15483 ms] [UE 15599] UL: SNR = 52.50 dB | SE = 17.179 bit/s/Hz
[15535 ms] [UE 33952] UL: SNR = 6.50 dB | SE = 2.414 bit/s/Hz
[15535 ms] [UE 12169] UL: SNR = 63.50 dB | SE = 20.778 bit/s/Hz
[15535 ms] [UE 22873] UL: SNR = 63.50 dB | SE = 20.778 bit/s/Hz
[15535 ms] [UE 30556] UL: SNR = 63.50 dB | SE = 20.778 bit/s/Hz
[15535 ms] [UE 20945] UL: SNR = 52.50 dB | SE = 17.179 bit/s/Hz
[15583 ms] [UE 45898] UL: SNR = 63.50 dB | SE = 20.778 bit/s/Hz
[15583 ms] [UE 36997] UL: SNR = 63.50 dB | SE = 20.778 bit/s/Hz
[15583 ms] [UE 48787] UL: SNR = 63.50 dB | SE = 20.778 bit/s/Hz
[15583 ms] [UE 40252] UL: SNR = 56.00 dB | SE = 18.324 bit/s/Hz
[15583 ms] [UE 15599] UL: SNR = 52.50 dB | SE = 17.179 bit/s/Hz
[15645 ms] [UE 33952] UL: SNR = 6.50 dB | SE = 2.414 bit/s/Hz
[15645 ms] [UE 12169] UL: SNR = 63.50 dB | SE = 20.778 bit/s/Hz
[15645 ms] [UE 22873] UL: SNR = 63.50 dB | SE = 20.778 bit/s/Hz
[15645 ms] [UE 30556] UL: SNR = 63.50 dB | SE = 20.778 bit/s/Hz
[15645 ms] [UE 20945] UL: SNR = 52.50 dB | SE = 17.179 bit/s/Hz
[15693 ms] [UE 45898] UL: SNR = 63.50 dB | SE = 20.778 bit/s/Hz
[15693 ms] [UE 36997] UL: SNR = 63.50 dB | SE = 20.778 bit/s/Hz
[15693 ms] [UE 48787] UL: SNR = 63.50 dB | SE = 20.778 bit/s/Hz
[15693 ms] [UE 40252] UL: SNR = 56.00 dB | SE = 18.324 bit/s/Hz
[15693 ms] [UE 15599] UL: SNR = 52.50 dB | SE = 17.179 bit/s/Hz
[15745 ms] [UE 33952] UL: SNR = 6.50 dB | SE = 2.414 bit/s/Hz
[15745 ms] [UE 12169] UL: SNR = 63.50 dB | SE = 20.778 bit/s/Hz
[15745 ms] [UE 22873] UL: SNR = 63.50 dB | SE = 20.778 bit/s/Hz
[15745 ms] [UE 30556] UL: SNR = 63.50 dB | SE = 20.778 bit/s/Hz
[15745 ms] [UE 20945] UL: SNR = 52.50 dB | SE = 17.179 bit/s/Hz
[15802 ms] [UE 45898] UL: SNR = 63.50 dB | SE = 20.778 bit/s/Hz
[15802 ms] [UE 36997] UL: SNR = 63.50 dB | SE = 20.778 bit/s/Hz
[15802 ms] [UE 48787] UL: SNR = 63.50 dB | SE = 20.778 bit/s/Hz
[15802 ms] [UE 40252] UL: SNR = 56.00 dB | SE = 18.324 bit/s/Hz
[15802 ms] [UE 15599] UL: SNR = 52.50 dB | SE = 17.179 bit/s/Hz
[15855 ms] [UE 33952] UL: SNR = 6.50 dB | SE = 2.414 bit/s/Hz
[15855 ms] [UE 12169] UL: SNR = 63.50 dB | SE = 20.778 bit/s/Hz
[15855 ms] [UE 22873] UL: SNR = 63.50 dB | SE = 20.778 bit/s/Hz
[15855 ms] [UE 30556] UL: SNR = 63.50 dB | SE = 20.778 bit/s/Hz
[15855 ms] [UE 20945] UL: SNR = 52.50 dB | SE = 17.179 bit/s/Hz
[15902 ms] [UE 45898] UL: SNR = 63.50 dB | SE = 20.778 bit/s/Hz
[15902 ms] [UE 36997] UL: SNR = 63.50 dB | SE = 20.778 bit/s/Hz
[15902 ms] [UE 48787] UL: SNR = 63.50 dB | SE = 20.778 bit/s/Hz
[15902 ms] [UE 40252] UL: SNR = 56.00 dB | SE = 18.324 bit/s/Hz
[15902 ms] [UE 15599] UL: SNR = 52.50 dB | SE = 17.179 bit/s/Hz
[15965 ms] [UE 33952] UL: SNR = 6.50 dB | SE = 2.414 bit/s/Hz
[15965 ms] [UE 12169] UL: SNR = 63.50 dB | SE = 20.778 bit/s/Hz
[15965 ms] [UE 22873] UL: SNR = 63.50 dB | SE = 20.778 bit/s/Hz
[15965 ms] [UE 30556] UL: SNR = 63.50 dB | SE = 20.778 bit/s/Hz
[15965 ms] [UE 20945] UL: SNR = 52.50 dB | SE = 17.179 bit/s/Hz
[16013 ms] [UE 45898] UL: SNR = 63.50 dB | SE = 20.778 bit/s/Hz
[16013 ms] [UE 36997] UL: SNR = 63.50 dB | SE = 20.778 bit/s/Hz
[16013 ms] [UE 48787] UL: SNR = 63.50 dB | SE = 20.778 bit/s/Hz
[16013 ms] [UE 40252] UL: SNR = 56.00 dB | SE = 18.324 bit/s/Hz
[16013 ms] [UE 15599] UL: SNR = 52.50 dB | SE = 17.179 bit/s/Hz
[16065 ms] [UE 33952] UL: SNR = 6.50 dB | SE = 2.414 bit/s/Hz
[16065 ms] [UE 12169] UL: SNR = 63.50 dB | SE = 20.778 bit/s/Hz
[16065 ms] [UE 22873] UL: SNR = 63.50 dB | SE = 20.778 bit/s/Hz
[16065 ms] [UE 30556] UL: SNR = 63.50 dB | SE = 20.778 bit/s/Hz
[16065 ms] [UE 20945] UL: SNR = 52.50 dB | SE = 17.179 bit/s/Hz
[16113 ms] [UE 45898] UL: SNR = 63.50 dB | SE = 20.778 bit/s/Hz
[16113 ms] [UE 36997] UL: SNR = 63.50 dB | SE = 20.778 bit/s/Hz
[16113 ms] [UE 48787] UL: SNR = 63.50 dB | SE = 20.778 bit/s/Hz
[16113 ms] [UE 40252] UL: SNR = 56.00 dB | SE = 18.324 bit/s/Hz
[16113 ms] [UE 15599] UL: SNR = 52.50 dB | SE = 17.179 bit/s/Hz
[16165 ms] [UE 33952] UL: SNR = 6.50 dB | SE = 2.414 bit/s/Hz
[16165 ms] [UE 12169] UL: SNR = 63.50 dB | SE = 20.778 bit/s/Hz
[16165 ms] [UE 22873] UL: SNR = 63.50 dB | SE = 20.778 bit/s/Hz
[16165 ms] [UE 30556] UL: SNR = 53.50 dB | SE = 17.506 bit/s/Hz
[16165 ms] [UE 20945] UL: SNR = 52.50 dB | SE = 17.179 bit/s/Hz
[16222 ms] [UE 45898] UL: SNR = 63.50 dB | SE = 20.778 bit/s/Hz
[16222 ms] [UE 36997] UL: SNR = 63.50 dB | SE = 20.778 bit/s/Hz
[16222 ms] [UE 48787] UL: SNR = 63.50 dB | SE = 20.778 bit/s/Hz
[16222 ms] [UE 40252] UL: SNR = 56.00 dB | SE = 18.324 bit/s/Hz
[16222 ms] [UE 15599] UL: SNR = 52.50 dB | SE = 17.179 bit/s/Hz
[16276 ms] [UE 33952] UL: SNR = 6.50 dB | SE = 2.414 bit/s/Hz
[16276 ms] [UE 12169] UL: SNR = 63.50 dB | SE = 20.778 bit/s/Hz
[16276 ms] [UE 22873] UL: SNR = 63.50 dB | SE = 20.778 bit/s/Hz
[16276 ms] [UE 30556] UL: SNR = 53.50 dB | SE = 17.506 bit/s/Hz
[16276 ms] [UE 20945] UL: SNR = 52.50 dB | SE = 17.179 bit/s/Hz
[16323 ms] [UE 45898] UL: SNR = 63.50 dB | SE = 20.778 bit/s/Hz
[16323 ms] [UE 36997] UL: SNR = 63.50 dB | SE = 20.778 bit/s/Hz
[16323 ms] [UE 48787] UL: SNR = 63.50 dB | SE = 20.778 bit/s/Hz
[16323 ms] [UE 40252] UL: SNR = 56.00 dB | SE = 18.324 bit/s/Hz
[16323 ms] [UE 15599] UL: SNR = 52.50 dB | SE = 17.179 bit/s/Hz
[16385 ms] [UE 33952] UL: SNR = 6.50 dB | SE = 2.414 bit/s/Hz
[16385 ms] [UE 12169] UL: SNR = 63.50 dB | SE = 20.778 bit/s/Hz
[16385 ms] [UE 22873] UL: SNR = 63.50 dB | SE = 20.778 bit/s/Hz
[16385 ms] [UE 30556] UL: SNR = 53.50 dB | SE = 17.506 bit/s/Hz
[16385 ms] [UE 20945] UL: SNR = 52.50 dB | SE = 17.179 bit/s/Hz
[16432 ms] [UE 45898] UL: SNR = 63.50 dB | SE = 20.778 bit/s/Hz
[16432 ms] [UE 36997] UL: SNR = 63.50 dB | SE = 20.778 bit/s/Hz
[16432 ms] [UE 48787] UL: SNR = 63.50 dB | SE = 20.778 bit/s/Hz
[16432 ms] [UE 40252] UL: SNR = 56.00 dB | SE = 18.324 bit/s/Hz
[16432 ms] [UE 15599] UL: SNR = 52.50 dB | SE = 17.179 bit/s/Hz
[16485 ms] [UE 33952] UL: SNR = 6.50 dB | SE = 2.414 bit/s/Hz
[16485 ms] [UE 12169] UL: SNR = 63.50 dB | SE = 20.778 bit/s/Hz
[16485 ms] [UE 22873] UL: SNR = 63.50 dB | SE = 20.778 bit/s/Hz
[16485 ms] [UE 30556] UL: SNR = 53.50 dB | SE = 17.506 bit/s/Hz
[16485 ms] [UE 20945] UL: SNR = 52.50 dB | SE = 17.179 bit/s/Hz
[16532 ms] [UE 45898] UL: SNR = 63.50 dB | SE = 20.778 bit/s/Hz
[16532 ms] [UE 36997] UL: SNR = 63.50 dB | SE = 20.778 bit/s/Hz
[16532 ms] [UE 48787] UL: SNR = 63.50 dB | SE = 20.778 bit/s/Hz
[16532 ms] [UE 40252] UL: SNR = 56.00 dB | SE = 18.324 bit/s/Hz
[16532 ms] [UE 15599] UL: SNR = 52.50 dB | SE = 17.179 bit/s/Hz
[16595 ms] [UE 33952] UL: SNR = 6.50 dB | SE = 2.414 bit/s/Hz
[16595 ms] [UE 12169] UL: SNR = 63.50 dB | SE = 20.778 bit/s/Hz
[16595 ms] [UE 22873] UL: SNR = 63.50 dB | SE = 20.778 bit/s/Hz
[16595 ms] [UE 30556] UL: SNR = 53.50 dB | SE = 17.506 bit/s/Hz
[16595 ms] [UE 20945] UL: SNR = 52.50 dB | SE = 17.179 bit/s/Hz
[16643 ms] [UE 45898] UL: SNR = 63.50 dB | SE = 20.778 bit/s/Hz
[16643 ms] [UE 36997] UL: SNR = 63.50 dB | SE = 20.778 bit/s/Hz
[16643 ms] [UE 48787] UL: SNR = 63.50 dB | SE = 20.778 bit/s/Hz
[16643 ms] [UE 40252] UL: SNR = 56.00 dB | SE = 18.324 bit/s/Hz
[16643 ms] [UE 15599] UL: SNR = 52.50 dB | SE = 17.179 bit/s/Hz
[16705 ms] [UE 33952] UL: SNR = 6.50 dB | SE = 2.414 bit/s/Hz
[16705 ms] [UE 12169] UL: SNR = 63.50 dB | SE = 20.778 bit/s/Hz
[16705 ms] [UE 22873] UL: SNR = 63.50 dB | SE = 20.778 bit/s/Hz
[16705 ms] [UE 30556] UL: SNR = 53.50 dB | SE = 17.506 bit/s/Hz
[16705 ms] [UE 20945] UL: SNR = 52.50 dB | SE = 17.179 bit/s/Hz
[16753 ms] [UE 45898] UL: SNR = 63.50 dB | SE = 20.778 bit/s/Hz
[16753 ms] [UE 36997] UL: SNR = 63.50 dB | SE = 20.778 bit/s/Hz
[16753 ms] [UE 48787] UL: SNR = 63.50 dB | SE = 20.778 bit/s/Hz
[16753 ms] [UE 40252] UL: SNR = 56.00 dB | SE = 18.324 bit/s/Hz
[16753 ms] [UE 15599] UL: SNR = 52.50 dB | SE = 17.179 bit/s/Hz
[16805 ms] [UE 33952] UL: SNR = 6.50 dB | SE = 2.414 bit/s/Hz
[16805 ms] [UE 12169] UL: SNR = 63.50 dB | SE = 20.778 bit/s/Hz
[16805 ms] [UE 22873] UL: SNR = 63.50 dB | SE = 20.778 bit/s/Hz
[16805 ms] [UE 30556] UL: SNR = 63.50 dB | SE = 20.778 bit/s/Hz
[16805 ms] [UE 20945] UL: SNR = 52.50 dB | SE = 17.179 bit/s/Hz
[16853 ms] [UE 45898] UL: SNR = 63.50 dB | SE = 20.778 bit/s/Hz
[16853 ms] [UE 36997] UL: SNR = 63.50 dB | SE = 20.778 bit/s/Hz
[16853 ms] [UE 48787] UL: SNR = 63.50 dB | SE = 20.778 bit/s/Hz
[16853 ms] [UE 40252] UL: SNR = 56.00 dB | SE = 18.324 bit/s/Hz
[16853 ms] [UE 15599] UL: SNR = 52.50 dB | SE = 17.179 bit/s/Hz
[16915 ms] [UE 33952] UL: SNR = 6.50 dB | SE = 2.414 bit/s/Hz
[16915 ms] [UE 12169] UL: SNR = 63.50 dB | SE = 20.778 bit/s/Hz
[16915 ms] [UE 22873] UL: SNR = 63.50 dB | SE = 20.778 bit/s/Hz
[16915 ms] [UE 30556] UL: SNR = 63.50 dB | SE = 20.778 bit/s/Hz
[16915 ms] [UE 20945] UL: SNR = 52.50 dB | SE = 17.179 bit/s/Hz
[16953 ms] [UE 45898] UL: SNR = 63.50 dB | SE = 20.778 bit/s/Hz
[16953 ms] [UE 36997] UL: SNR = 63.50 dB | SE = 20.778 bit/s/Hz
[16953 ms] [UE 48787] UL: SNR = 63.50 dB | SE = 20.778 bit/s/Hz
[16953 ms] [UE 40252] UL: SNR = 56.00 dB | SE = 18.324 bit/s/Hz
[16953 ms] [UE 15599] UL: SNR = 52.50 dB | SE = 17.179 bit/s/Hz
[17015 ms] [UE 33952] UL: SNR = 6.50 dB | SE = 2.414 bit/s/Hz
[17015 ms] [UE 12169] UL: SNR = 63.50 dB | SE = 20.778 bit/s/Hz
[17015 ms] [UE 22873] UL: SNR = 63.50 dB | SE = 20.778 bit/s/Hz
[17015 ms] [UE 30556] UL: SNR = 63.50 dB | SE = 20.778 bit/s/Hz
[17015 ms] [UE 20945] UL: SNR = 52.50 dB | SE = 17.179 bit/s/Hz
[17062 ms] [UE 45898] UL: SNR = 63.50 dB | SE = 20.778 bit/s/Hz
[17062 ms] [UE 36997] UL: SNR = 63.50 dB | SE = 20.778 bit/s/Hz
[17062 ms] [UE 48787] UL: SNR = 63.50 dB | SE = 20.778 bit/s/Hz
[17062 ms] [UE 40252] UL: SNR = 56.00 dB | SE = 18.324 bit/s/Hz
[17062 ms] [UE 15599] UL: SNR = 52.50 dB | SE = 17.179 bit/s/Hz
[17125 ms] [UE 33952] UL: SNR = 6.50 dB | SE = 2.414 bit/s/Hz
[17125 ms] [UE 12169] UL: SNR = 63.50 dB | SE = 20.778 bit/s/Hz
[17125 ms] [UE 22873] UL: SNR = 63.50 dB | SE = 20.778 bit/s/Hz
[17125 ms] [UE 30556] UL: SNR = 63.50 dB | SE = 20.778 bit/s/Hz
[17125 ms] [UE 20945] UL: SNR = 52.50 dB | SE = 17.179 bit/s/Hz
[17163 ms] [UE 45898] UL: SNR = 63.50 dB | SE = 20.778 bit/s/Hz
[17163 ms] [UE 36997] UL: SNR = 63.50 dB | SE = 20.778 bit/s/Hz
[17163 ms] [UE 48787] UL: SNR = 63.50 dB | SE = 20.778 bit/s/Hz
[17163 ms] [UE 40252] UL: SNR = 56.00 dB | SE = 18.324 bit/s/Hz
[17163 ms] [UE 15599] UL: SNR = 52.50 dB | SE = 17.179 bit/s/Hz
[17225 ms] [UE 33952] UL: SNR = 6.50 dB | SE = 2.414 bit/s/Hz
[17225 ms] [UE 12169] UL: SNR = 63.50 dB | SE = 20.778 bit/s/Hz
[17225 ms] [UE 22873] UL: SNR = 63.50 dB | SE = 20.778 bit/s/Hz
[17225 ms] [UE 30556] UL: SNR = 63.50 dB | SE = 20.778 bit/s/Hz
[17225 ms] [UE 20945] UL: SNR = 52.50 dB | SE = 17.179 bit/s/Hz
[17273 ms] [UE 45898] UL: SNR = 63.50 dB | SE = 20.778 bit/s/Hz
[17273 ms] [UE 36997] UL: SNR = 63.50 dB | SE = 20.778 bit/s/Hz
[17273 ms] [UE 48787] UL: SNR = 63.50 dB | SE = 20.778 bit/s/Hz
[17273 ms] [UE 40252] UL: SNR = 56.00 dB | SE = 18.324 bit/s/Hz
[17273 ms] [UE 15599] UL: SNR = 52.50 dB | SE = 17.179 bit/s/Hz
[17335 ms] [UE 33952] UL: SNR = 6.50 dB | SE = 2.414 bit/s/Hz
[17335 ms] [UE 12169] UL: SNR = 63.50 dB | SE = 20.778 bit/s/Hz
[17335 ms] [UE 22873] UL: SNR = 63.50 dB | SE = 20.778 bit/s/Hz
[17335 ms] [UE 30556] UL: SNR = 63.50 dB | SE = 20.778 bit/s/Hz
[17335 ms] [UE 20945] UL: SNR = 52.50 dB | SE = 17.179 bit/s/Hz
[17383 ms] [UE 45898] UL: SNR = 63.50 dB | SE = 20.778 bit/s/Hz
[17383 ms] [UE 36997] UL: SNR = 63.50 dB | SE = 20.778 bit/s/Hz
[17383 ms] [UE 48787] UL: SNR = 63.50 dB | SE = 20.778 bit/s/Hz
[17383 ms] [UE 40252] UL: SNR = 56.00 dB | SE = 18.324 bit/s/Hz
[17383 ms] [UE 15599] UL: SNR = 52.50 dB | SE = 17.179 bit/s/Hz
[17445 ms] [UE 33952] UL: SNR = 6.50 dB | SE = 2.414 bit/s/Hz
[17445 ms] [UE 12169] UL: SNR = 63.50 dB | SE = 20.778 bit/s/Hz
[17445 ms] [UE 22873] UL: SNR = 63.50 dB | SE = 20.778 bit/s/Hz
[17445 ms] [UE 30556] UL: SNR = 63.50 dB | SE = 20.778 bit/s/Hz
[17445 ms] [UE 20945] UL: SNR = 52.50 dB | SE = 17.179 bit/s/Hz
[17492 ms] [UE 45898] UL: SNR = 63.50 dB | SE = 20.778 bit/s/Hz
[17492 ms] [UE 36997] UL: SNR = 63.50 dB | SE = 20.778 bit/s/Hz
[17492 ms] [UE 48787] UL: SNR = 63.50 dB | SE = 20.778 bit/s/Hz
[17492 ms] [UE 40252] UL: SNR = 56.00 dB | SE = 18.324 bit/s/Hz
[17492 ms] [UE 15599] UL: SNR = 52.50 dB | SE = 17.179 bit/s/Hz
[17554 ms] [UE 33952] UL: SNR = 6.50 dB | SE = 2.414 bit/s/Hz
[17554 ms] [UE 12169] UL: SNR = 63.50 dB | SE = 20.778 bit/s/Hz
[17554 ms] [UE 22873] UL: SNR = 63.50 dB | SE = 20.778 bit/s/Hz
[17554 ms] [UE 30556] UL: SNR = 63.50 dB | SE = 20.778 bit/s/Hz
[17554 ms] [UE 20945] UL: SNR = 52.50 dB | SE = 17.179 bit/s/Hz
[17592 ms] [UE 45898] UL: SNR = 63.50 dB | SE = 20.778 bit/s/Hz
[17592 ms] [UE 36997] UL: SNR = 63.50 dB | SE = 20.778 bit/s/Hz
[17592 ms] [UE 48787] UL: SNR = 63.50 dB | SE = 20.778 bit/s/Hz
[17592 ms] [UE 40252] UL: SNR = 56.00 dB | SE = 18.324 bit/s/Hz
[17592 ms] [UE 15599] UL: SNR = 52.50 dB | SE = 17.179 bit/s/Hz
[17655 ms] [UE 33952] UL: SNR = 6.50 dB | SE = 2.414 bit/s/Hz
[17655 ms] [UE 12169] UL: SNR = 63.50 dB | SE = 20.778 bit/s/Hz
[17655 ms] [UE 22873] UL: SNR = 63.50 dB | SE = 20.778 bit/s/Hz
[17655 ms] [UE 30556] UL: SNR = 63.50 dB | SE = 20.778 bit/s/Hz
[17655 ms] [UE 20945] UL: SNR = 52.50 dB | SE = 17.179 bit/s/Hz
[17694 ms] [UE 45898] UL: SNR = 63.50 dB | SE = 20.778 bit/s/Hz
[17694 ms] [UE 36997] UL: SNR = 63.50 dB | SE = 20.778 bit/s/Hz
[17694 ms] [UE 48787] UL: SNR = 63.50 dB | SE = 20.778 bit/s/Hz
[17694 ms] [UE 40252] UL: SNR = 56.00 dB | SE = 18.324 bit/s/Hz
[17694 ms] [UE 15599] UL: SNR = 52.50 dB | SE = 17.179 bit/s/Hz
[17765 ms] [UE 33952] UL: SNR = 6.50 dB | SE = 2.414 bit/s/Hz
[17765 ms] [UE 12169] UL: SNR = 63.50 dB | SE = 20.778 bit/s/Hz
[17765 ms] [UE 22873] UL: SNR = 63.50 dB | SE = 20.778 bit/s/Hz
[17765 ms] [UE 30556] UL: SNR = 63.50 dB | SE = 20.778 bit/s/Hz
[17765 ms] [UE 20945] UL: SNR = 52.50 dB | SE = 17.179 bit/s/Hz
[17803 ms] [UE 45898] UL: SNR = 63.50 dB | SE = 20.778 bit/s/Hz
[17803 ms] [UE 36997] UL: SNR = 63.50 dB | SE = 20.778 bit/s/Hz
[17803 ms] [UE 48787] UL: SNR = 63.50 dB | SE = 20.778 bit/s/Hz
[17803 ms] [UE 40252] UL: SNR = 56.00 dB | SE = 18.324 bit/s/Hz
[17803 ms] [UE 15599] UL: SNR = 52.50 dB | SE = 17.179 bit/s/Hz
[17874 ms] [UE 33952] UL: SNR = 6.50 dB | SE = 2.414 bit/s/Hz
[17874 ms] [UE 12169] UL: SNR = 63.50 dB | SE = 20.778 bit/s/Hz
[17874 ms] [UE 22873] UL: SNR = 63.50 dB | SE = 20.778 bit/s/Hz
[17874 ms] [UE 30556] UL: SNR = 63.50 dB | SE = 20.778 bit/s/Hz
[17874 ms] [UE 20945] UL: SNR = 52.50 dB | SE = 17.179 bit/s/Hz
[17904 ms] [UE 45898] UL: SNR = 63.50 dB | SE = 20.778 bit/s/Hz
[17904 ms] [UE 36997] UL: SNR = 63.50 dB | SE = 20.778 bit/s/Hz
[17904 ms] [UE 48787] UL: SNR = 63.50 dB | SE = 20.778 bit/s/Hz
[17904 ms] [UE 40252] UL: SNR = 56.00 dB | SE = 18.324 bit/s/Hz
[17904 ms] [UE 15599] UL: SNR = 52.50 dB | SE = 17.179 bit/s/Hz
[17975 ms] [UE 33952] UL: SNR = 6.50 dB | SE = 2.414 bit/s/Hz
[17975 ms] [UE 12169] UL: SNR = 63.50 dB | SE = 20.778 bit/s/Hz
[17975 ms] [UE 22873] UL: SNR = 63.50 dB | SE = 20.778 bit/s/Hz
[17975 ms] [UE 30556] UL: SNR = 63.50 dB | SE = 20.778 bit/s/Hz
[17975 ms] [UE 20945] UL: SNR = 52.50 dB | SE = 17.179 bit/s/Hz
[18013 ms] [UE 45898] UL: SNR = 63.50 dB | SE = 20.778 bit/s/Hz
[18013 ms] [UE 36997] UL: SNR = 63.50 dB | SE = 20.778 bit/s/Hz
[18013 ms] [UE 48787] UL: SNR = 63.50 dB | SE = 20.778 bit/s/Hz
[18013 ms] [UE 40252] UL: SNR = 56.00 dB | SE = 18.324 bit/s/Hz
[18013 ms] [UE 15599] UL: SNR = 52.50 dB | SE = 17.179 bit/s/Hz
[18085 ms] [UE 33952] UL: SNR = 6.50 dB | SE = 2.414 bit/s/Hz
[18085 ms] [UE 12169] UL: SNR = 63.50 dB | SE = 20.778 bit/s/Hz
[18085 ms] [UE 22873] UL: SNR = 63.50 dB | SE = 20.778 bit/s/Hz
[18085 ms] [UE 30556] UL: SNR = 63.50 dB | SE = 20.778 bit/s/Hz
[18085 ms] [UE 20945] UL: SNR = 52.50 dB | SE = 17.179 bit/s/Hz
[18114 ms] [UE 45898] UL: SNR = 63.50 dB | SE = 20.778 bit/s/Hz
[18114 ms] [UE 36997] UL: SNR = 63.50 dB | SE = 20.778 bit/s/Hz
[18114 ms] [UE 48787] UL: SNR = 63.50 dB | SE = 20.778 bit/s/Hz
[18114 ms] [UE 40252] UL: SNR = 56.00 dB | SE = 18.324 bit/s/Hz
[18114 ms] [UE 15599] UL: SNR = 52.50 dB | SE = 17.179 bit/s/Hz
[18195 ms] [UE 33952] UL: SNR = 6.50 dB | SE = 2.414 bit/s/Hz
[18195 ms] [UE 12169] UL: SNR = 63.50 dB | SE = 20.778 bit/s/Hz
[18195 ms] [UE 22873] UL: SNR = 63.50 dB | SE = 20.778 bit/s/Hz
[18195 ms] [UE 30556] UL: SNR = 63.50 dB | SE = 20.778 bit/s/Hz
[18195 ms] [UE 20945] UL: SNR = 52.50 dB | SE = 17.179 bit/s/Hz
[18223 ms] [UE 45898] UL: SNR = 63.50 dB | SE = 20.778 bit/s/Hz
[18223 ms] [UE 36997] UL: SNR = 63.50 dB | SE = 20.778 bit/s/Hz
[18223 ms] [UE 48787] UL: SNR = 63.50 dB | SE = 20.778 bit/s/Hz
[18223 ms] [UE 40252] UL: SNR = 56.00 dB | SE = 18.324 bit/s/Hz
[18223 ms] [UE 15599] UL: SNR = 52.50 dB | SE = 17.179 bit/s/Hz
[18306 ms] [UE 33952] UL: SNR = 6.50 dB | SE = 2.414 bit/s/Hz
[18306 ms] [UE 12169] UL: SNR = 63.50 dB | SE = 20.778 bit/s/Hz
[18306 ms] [UE 22873] UL: SNR = 63.50 dB | SE = 20.778 bit/s/Hz
[18306 ms] [UE 30556] UL: SNR = 63.50 dB | SE = 20.778 bit/s/Hz
[18306 ms] [UE 20945] UL: SNR = 52.50 dB | SE = 17.179 bit/s/Hz
[18323 ms] [UE 45898] UL: SNR = 63.50 dB | SE = 20.778 bit/s/Hz
[18323 ms] [UE 36997] UL: SNR = 63.50 dB | SE = 20.778 bit/s/Hz
[18323 ms] [UE 48787] UL: SNR = 63.50 dB | SE = 20.778 bit/s/Hz
[18323 ms] [UE 40252] UL: SNR = 56.00 dB | SE = 18.324 bit/s/Hz
[18323 ms] [UE 15599] UL: SNR = 52.50 dB | SE = 17.179 bit/s/Hz
[18416 ms] [UE 33952] UL: SNR = 6.50 dB | SE = 2.414 bit/s/Hz
[18416 ms] [UE 12169] UL: SNR = 63.50 dB | SE = 20.778 bit/s/Hz
[18416 ms] [UE 22873] UL: SNR = 63.50 dB | SE = 20.778 bit/s/Hz
[18416 ms] [UE 30556] UL: SNR = 63.50 dB | SE = 20.778 bit/s/Hz
[18416 ms] [UE 20945] UL: SNR = 52.50 dB | SE = 17.179 bit/s/Hz
[18433 ms] [UE 45898] UL: SNR = 63.50 dB | SE = 20.778 bit/s/Hz
[18433 ms] [UE 36997] UL: SNR = 63.50 dB | SE = 20.778 bit/s/Hz
[18433 ms] [UE 48787] UL: SNR = 63.50 dB | SE = 20.778 bit/s/Hz
[18433 ms] [UE 40252] UL: SNR = 56.00 dB | SE = 18.324 bit/s/Hz
[18433 ms] [UE 15599] UL: SNR = 52.50 dB | SE = 17.179 bit/s/Hz
[18525 ms] [UE 33952] UL: SNR = 6.50 dB | SE = 2.414 bit/s/Hz
[18525 ms] [UE 12169] UL: SNR = 63.50 dB | SE = 20.778 bit/s/Hz
[18525 ms] [UE 22873] UL: SNR = 63.50 dB | SE = 20.778 bit/s/Hz
[18525 ms] [UE 30556] UL: SNR = 63.50 dB | SE = 20.778 bit/s/Hz
[18525 ms] [UE 20945] UL: SNR = 52.50 dB | SE = 17.179 bit/s/Hz
[18543 ms] [UE 45898] UL: SNR = 63.50 dB | SE = 20.778 bit/s/Hz
[18543 ms] [UE 36997] UL: SNR = 63.50 dB | SE = 20.778 bit/s/Hz
[18543 ms] [UE 48787] UL: SNR = 63.50 dB | SE = 20.778 bit/s/Hz
[18543 ms] [UE 40252] UL: SNR = 56.00 dB | SE = 18.324 bit/s/Hz
[18543 ms] [UE 15599] UL: SNR = 52.50 dB | SE = 17.179 bit/s/Hz
[18635 ms] [UE 33952] UL: SNR = 6.50 dB | SE = 2.414 bit/s/Hz
[18635 ms] [UE 12169] UL: SNR = 63.50 dB | SE = 20.778 bit/s/Hz
[18635 ms] [UE 22873] UL: SNR = 63.50 dB | SE = 20.778 bit/s/Hz
[18635 ms] [UE 30556] UL: SNR = 63.50 dB | SE = 20.778 bit/s/Hz
[18635 ms] [UE 20945] UL: SNR = 52.50 dB | SE = 17.179 bit/s/Hz
[18643 ms] [UE 45898] UL: SNR = 63.50 dB | SE = 20.778 bit/s/Hz
[18643 ms] [UE 36997] UL: SNR = 63.50 dB | SE = 20.778 bit/s/Hz
[18643 ms] [UE 48787] UL: SNR = 63.50 dB | SE = 20.778 bit/s/Hz
[18643 ms] [UE 40252] UL: SNR = 56.00 dB | SE = 18.324 bit/s/Hz
[18643 ms] [UE 15599] UL: SNR = 52.50 dB | SE = 17.179 bit/s/Hz
[18745 ms] [UE 33952] UL: SNR = 6.50 dB | SE = 2.414 bit/s/Hz
[18745 ms] [UE 12169] UL: SNR = 63.50 dB | SE = 20.778 bit/s/Hz
[18745 ms] [UE 22873] UL: SNR = 63.50 dB | SE = 20.778 bit/s/Hz
[18745 ms] [UE 30556] UL: SNR = 63.50 dB | SE = 20.778 bit/s/Hz
[18745 ms] [UE 20945] UL: SNR = 52.50 dB | SE = 17.179 bit/s/Hz
[18753 ms] [UE 45898] UL: SNR = 63.50 dB | SE = 20.778 bit/s/Hz
[18753 ms] [UE 36997] UL: SNR = 63.50 dB | SE = 20.778 bit/s/Hz
[18753 ms] [UE 48787] UL: SNR = 63.50 dB | SE = 20.778 bit/s/Hz
[18753 ms] [UE 40252] UL: SNR = 56.00 dB | SE = 18.324 bit/s/Hz
[18753 ms] [UE 15599] UL: SNR = 52.50 dB | SE = 17.179 bit/s/Hz
[18856 ms] [UE 33952] UL: SNR = 6.50 dB | SE = 2.414 bit/s/Hz
[18856 ms] [UE 12169] UL: SNR = 63.50 dB | SE = 20.778 bit/s/Hz
[18856 ms] [UE 22873] UL: SNR = 63.50 dB | SE = 20.778 bit/s/Hz
[18856 ms] [UE 30556] UL: SNR = 63.50 dB | SE = 20.778 bit/s/Hz
[18856 ms] [UE 20945] UL: SNR = 52.50 dB | SE = 17.179 bit/s/Hz
[18863 ms] [UE 45898] UL: SNR = 63.50 dB | SE = 20.778 bit/s/Hz
[18863 ms] [UE 36997] UL: SNR = 63.50 dB | SE = 20.778 bit/s/Hz
[18863 ms] [UE 48787] UL: SNR = 63.50 dB | SE = 20.778 bit/s/Hz
[18863 ms] [UE 40252] UL: SNR = 56.00 dB | SE = 18.324 bit/s/Hz
[18863 ms] [UE 15599] UL: SNR = 52.50 dB | SE = 17.179 bit/s/Hz
[18963 ms] [UE 45898] UL: SNR = 63.50 dB | SE = 20.778 bit/s/Hz
[18963 ms] [UE 36997] UL: SNR = 63.50 dB | SE = 20.778 bit/s/Hz
[18963 ms] [UE 48787] UL: SNR = 63.50 dB | SE = 20.778 bit/s/Hz
[18963 ms] [UE 40252] UL: SNR = 56.00 dB | SE = 18.324 bit/s/Hz
[18963 ms] [UE 15599] UL: SNR = 52.50 dB | SE = 17.179 bit/s/Hz
[18965 ms] [UE 33952] UL: SNR = 6.50 dB | SE = 2.414 bit/s/Hz
[18965 ms] [UE 12169] UL: SNR = 63.50 dB | SE = 20.778 bit/s/Hz
[18965 ms] [UE 22873] UL: SNR = 63.50 dB | SE = 20.778 bit/s/Hz
[18965 ms] [UE 30556] UL: SNR = 63.50 dB | SE = 20.778 bit/s/Hz
[18965 ms] [UE 20945] UL: SNR = 52.50 dB | SE = 17.179 bit/s/Hz
[19072 ms] [UE 45898] UL: SNR = 63.50 dB | SE = 20.778 bit/s/Hz
[19072 ms] [UE 36997] UL: SNR = 63.50 dB | SE = 20.778 bit/s/Hz
[19072 ms] [UE 48787] UL: SNR = 63.50 dB | SE = 20.778 bit/s/Hz
[19072 ms] [UE 40252] UL: SNR = 56.00 dB | SE = 18.324 bit/s/Hz
[19072 ms] [UE 15599] UL: SNR = 52.50 dB | SE = 17.179 bit/s/Hz
[19074 ms] [UE 33952] UL: SNR = 6.50 dB | SE = 2.414 bit/s/Hz
[19074 ms] [UE 12169] UL: SNR = 63.50 dB | SE = 20.778 bit/s/Hz
[19074 ms] [UE 22873] UL: SNR = 63.50 dB | SE = 20.778 bit/s/Hz
[19074 ms] [UE 30556] UL: SNR = 63.50 dB | SE = 20.778 bit/s/Hz
[19074 ms] [UE 20945] UL: SNR = 52.50 dB | SE = 17.179 bit/s/Hz
[19173 ms] [UE 45898] UL: SNR = 63.50 dB | SE = 20.778 bit/s/Hz
[19173 ms] [UE 36997] UL: SNR = 63.50 dB | SE = 20.778 bit/s/Hz
[19173 ms] [UE 48787] UL: SNR = 63.50 dB | SE = 20.778 bit/s/Hz
[19173 ms] [UE 40252] UL: SNR = 56.00 dB | SE = 18.324 bit/s/Hz
[19173 ms] [UE 15599] UL: SNR = 52.50 dB | SE = 17.179 bit/s/Hz
[19176 ms] [UE 33952] UL: SNR = 6.50 dB | SE = 2.414 bit/s/Hz
[19176 ms] [UE 12169] UL: SNR = 63.50 dB | SE = 20.778 bit/s/Hz
[19176 ms] [UE 22873] UL: SNR = 63.50 dB | SE = 20.778 bit/s/Hz
[19176 ms] [UE 30556] UL: SNR = 63.50 dB | SE = 20.778 bit/s/Hz
[19176 ms] [UE 20945] UL: SNR = 52.50 dB | SE = 17.179 bit/s/Hz
[19283 ms] [UE 45898] UL: SNR = 63.50 dB | SE = 20.778 bit/s/Hz
[19283 ms] [UE 36997] UL: SNR = 63.50 dB | SE = 20.778 bit/s/Hz
[19283 ms] [UE 48787] UL: SNR = 63.50 dB | SE = 20.778 bit/s/Hz
[19283 ms] [UE 40252] UL: SNR = 56.00 dB | SE = 18.324 bit/s/Hz
[19283 ms] [UE 15599] UL: SNR = 52.50 dB | SE = 17.179 bit/s/Hz
[19285 ms] [UE 33952] UL: SNR = 6.50 dB | SE = 2.414 bit/s/Hz
[19285 ms] [UE 12169] UL: SNR = 63.50 dB | SE = 20.778 bit/s/Hz
[19285 ms] [UE 22873] UL: SNR = 63.50 dB | SE = 20.778 bit/s/Hz
[19285 ms] [UE 30556] UL: SNR = 63.50 dB | SE = 20.778 bit/s/Hz
[19285 ms] [UE 20945] UL: SNR = 52.50 dB | SE = 17.179 bit/s/Hz
[19383 ms] [UE 45898] UL: SNR = 63.50 dB | SE = 20.778 bit/s/Hz
[19383 ms] [UE 36997] UL: SNR = 63.50 dB | SE = 20.778 bit/s/Hz
[19383 ms] [UE 48787] UL: SNR = 63.50 dB | SE = 20.778 bit/s/Hz
[19383 ms] [UE 40252] UL: SNR = 56.00 dB | SE = 18.324 bit/s/Hz
[19383 ms] [UE 15599] UL: SNR = 52.50 dB | SE = 17.179 bit/s/Hz
[19385 ms] [UE 33952] UL: SNR = 6.50 dB | SE = 2.414 bit/s/Hz
[19385 ms] [UE 12169] UL: SNR = 63.50 dB | SE = 20.778 bit/s/Hz
[19385 ms] [UE 22873] UL: SNR = 63.50 dB | SE = 20.778 bit/s/Hz
[19385 ms] [UE 30556] UL: SNR = 63.50 dB | SE = 20.778 bit/s/Hz
[19385 ms] [UE 20945] UL: SNR = 52.50 dB | SE = 17.179 bit/s/Hz
[19493 ms] [UE 45898] UL: SNR = 63.50 dB | SE = 20.778 bit/s/Hz
[19493 ms] [UE 36997] UL: SNR = 63.50 dB | SE = 20.778 bit/s/Hz
[19493 ms] [UE 48787] UL: SNR = 63.50 dB | SE = 20.778 bit/s/Hz
[19493 ms] [UE 40252] UL: SNR = 56.00 dB | SE = 18.324 bit/s/Hz
[19493 ms] [UE 15599] UL: SNR = 52.50 dB | SE = 17.179 bit/s/Hz
[19495 ms] [UE 33952] UL: SNR = 6.50 dB | SE = 2.414 bit/s/Hz
[19495 ms] [UE 12169] UL: SNR = 63.50 dB | SE = 20.778 bit/s/Hz
[19495 ms] [UE 22873] UL: SNR = 63.50 dB | SE = 20.778 bit/s/Hz
[19495 ms] [UE 30556] UL: SNR = 63.50 dB | SE = 20.778 bit/s/Hz
[19495 ms] [UE 20945] UL: SNR = 52.50 dB | SE = 17.179 bit/s/Hz
[19594 ms] [UE 45898] UL: SNR = 63.50 dB | SE = 20.778 bit/s/Hz
[19594 ms] [UE 36997] UL: SNR = 63.50 dB | SE = 20.778 bit/s/Hz
[19594 ms] [UE 48787] UL: SNR = 63.50 dB | SE = 20.778 bit/s/Hz
[19594 ms] [UE 40252] UL: SNR = 56.00 dB | SE = 18.324 bit/s/Hz
[19594 ms] [UE 15599] UL: SNR = 52.50 dB | SE = 17.179 bit/s/Hz
[19595 ms] [UE 33952] UL: SNR = 6.50 dB | SE = 2.414 bit/s/Hz
[19595 ms] [UE 12169] UL: SNR = 63.50 dB | SE = 20.778 bit/s/Hz
[19595 ms] [UE 22873] UL: SNR = 63.50 dB | SE = 20.778 bit/s/Hz
[19595 ms] [UE 30556] UL: SNR = 63.50 dB | SE = 20.778 bit/s/Hz
[19595 ms] [UE 20945] UL: SNR = 52.50 dB | SE = 17.179 bit/s/Hz
[19703 ms] [UE 45898] UL: SNR = 63.50 dB | SE = 20.778 bit/s/Hz
[19703 ms] [UE 36997] UL: SNR = 63.50 dB | SE = 20.778 bit/s/Hz
[19703 ms] [UE 48787] UL: SNR = 63.50 dB | SE = 20.778 bit/s/Hz
[19703 ms] [UE 40252] UL: SNR = 56.00 dB | SE = 18.324 bit/s/Hz
[19703 ms] [UE 15599] UL: SNR = 52.50 dB | SE = 17.179 bit/s/Hz
[19705 ms] [UE 33952] UL: SNR = 6.50 dB | SE = 2.414 bit/s/Hz
[19705 ms] [UE 12169] UL: SNR = 63.50 dB | SE = 20.778 bit/s/Hz
[19705 ms] [UE 22873] UL: SNR = 63.50 dB | SE = 20.778 bit/s/Hz
[19705 ms] [UE 30556] UL: SNR = 63.50 dB | SE = 20.778 bit/s/Hz
[19705 ms] [UE 20945] UL: SNR = 52.50 dB | SE = 17.179 bit/s/Hz
[19803 ms] [UE 45898] UL: SNR = 63.50 dB | SE = 20.778 bit/s/Hz
[19803 ms] [UE 36997] UL: SNR = 63.50 dB | SE = 20.778 bit/s/Hz
[19803 ms] [UE 48787] UL: SNR = 63.50 dB | SE = 20.778 bit/s/Hz
[19803 ms] [UE 40252] UL: SNR = 56.00 dB | SE = 18.324 bit/s/Hz
[19803 ms] [UE 15599] UL: SNR = 52.50 dB | SE = 17.179 bit/s/Hz
[19806 ms] [UE 33952] UL: SNR = 6.50 dB | SE = 2.414 bit/s/Hz
[19806 ms] [UE 12169] UL: SNR = 63.50 dB | SE = 20.778 bit/s/Hz
[19806 ms] [UE 22873] UL: SNR = 63.50 dB | SE = 20.778 bit/s/Hz
[19806 ms] [UE 30556] UL: SNR = 63.50 dB | SE = 20.778 bit/s/Hz
[19806 ms] [UE 20945] UL: SNR = 52.50 dB | SE = 17.179 bit/s/Hz
[19913 ms] [UE 45898] UL: SNR = 63.50 dB | SE = 20.778 bit/s/Hz
[19913 ms] [UE 36997] UL: SNR = 63.50 dB | SE = 20.778 bit/s/Hz
[19913 ms] [UE 48787] UL: SNR = 63.50 dB | SE = 20.778 bit/s/Hz
[19913 ms] [UE 40252] UL: SNR = 56.00 dB | SE = 18.324 bit/s/Hz
[19913 ms] [UE 15599] UL: SNR = 52.50 dB | SE = 17.179 bit/s/Hz
[19915 ms] [UE 33952] UL: SNR = 6.50 dB | SE = 2.414 bit/s/Hz
[19915 ms] [UE 12169] UL: SNR = 63.50 dB | SE = 20.778 bit/s/Hz
[19915 ms] [UE 22873] UL: SNR = 63.50 dB | SE = 20.778 bit/s/Hz
[19915 ms] [UE 30556] UL: SNR = 53.50 dB | SE = 17.506 bit/s/Hz
[19915 ms] [UE 20945] UL: SNR = 52.00 dB | SE = 17.015 bit/s/Hz
[20023 ms] [UE 45898] UL: SNR = 63.50 dB | SE = 20.778 bit/s/Hz
[20023 ms] [UE 36997] UL: SNR = 63.50 dB | SE = 20.778 bit/s/Hz
[20023 ms] [UE 48787] UL: SNR = 63.50 dB | SE = 20.778 bit/s/Hz
[20023 ms] [UE 40252] UL: SNR = 56.00 dB | SE = 18.324 bit/s/Hz
[20023 ms] [UE 15599] UL: SNR = 52.50 dB | SE = 17.179 bit/s/Hz
[20025 ms] [UE 33952] UL: SNR = 6.50 dB | SE = 2.414 bit/s/Hz
[20025 ms] [UE 12169] UL: SNR = 63.50 dB | SE = 20.778 bit/s/Hz
[20025 ms] [UE 22873] UL: SNR = 63.50 dB | SE = 20.778 bit/s/Hz
[20025 ms] [UE 30556] UL: SNR = 53.50 dB | SE = 17.506 bit/s/Hz
[20025 ms] [UE 20945] UL: SNR = 52.00 dB | SE = 17.015 bit/s/Hz
[20123 ms] [UE 45898] UL: SNR = 63.50 dB | SE = 20.778 bit/s/Hz
[20123 ms] [UE 36997] UL: SNR = 63.50 dB | SE = 20.778 bit/s/Hz
[20123 ms] [UE 48787] UL: SNR = 63.50 dB | SE = 20.778 bit/s/Hz
[20123 ms] [UE 40252] UL: SNR = 56.00 dB | SE = 18.324 bit/s/Hz
[20123 ms] [UE 15599] UL: SNR = 52.50 dB | SE = 17.179 bit/s/Hz
[20125 ms] [UE 33952] UL: SNR = 6.50 dB | SE = 2.414 bit/s/Hz
[20125 ms] [UE 12169] UL: SNR = 63.50 dB | SE = 20.778 bit/s/Hz
[20125 ms] [UE 22873] UL: SNR = 63.50 dB | SE = 20.778 bit/s/Hz
[20125 ms] [UE 30556] UL: SNR = 53.50 dB | SE = 17.506 bit/s/Hz
[20125 ms] [UE 20945] UL: SNR = 52.00 dB | SE = 17.015 bit/s/Hz
[20232 ms] [UE 45898] UL: SNR = 63.50 dB | SE = 20.778 bit/s/Hz
[20232 ms] [UE 36997] UL: SNR = 63.50 dB | SE = 20.778 bit/s/Hz
[20232 ms] [UE 48787] UL: SNR = 63.50 dB | SE = 20.778 bit/s/Hz
[20232 ms] [UE 40252] UL: SNR = 56.00 dB | SE = 18.324 bit/s/Hz
[20232 ms] [UE 15599] UL: SNR = 52.50 dB | SE = 17.179 bit/s/Hz
[20234 ms] [UE 33952] UL: SNR = 6.50 dB | SE = 2.414 bit/s/Hz
[20234 ms] [UE 12169] UL: SNR = 63.50 dB | SE = 20.778 bit/s/Hz
[20234 ms] [UE 22873] UL: SNR = 63.50 dB | SE = 20.778 bit/s/Hz
[20234 ms] [UE 30556] UL: SNR = 53.50 dB | SE = 17.506 bit/s/Hz
[20234 ms] [UE 20945] UL: SNR = 63.50 dB | SE = 20.778 bit/s/Hz
[20333 ms] [UE 45898] UL: SNR = 63.50 dB | SE = 20.778 bit/s/Hz
[20333 ms] [UE 36997] UL: SNR = 63.50 dB | SE = 20.778 bit/s/Hz
[20333 ms] [UE 48787] UL: SNR = 63.50 dB | SE = 20.778 bit/s/Hz
[20333 ms] [UE 40252] UL: SNR = 56.00 dB | SE = 18.324 bit/s/Hz
[20333 ms] [UE 15599] UL: SNR = 52.50 dB | SE = 17.179 bit/s/Hz
[20335 ms] [UE 33952] UL: SNR = 6.50 dB | SE = 2.414 bit/s/Hz
[20335 ms] [UE 12169] UL: SNR = 63.50 dB | SE = 20.778 bit/s/Hz
[20335 ms] [UE 22873] UL: SNR = 63.50 dB | SE = 20.778 bit/s/Hz
[20335 ms] [UE 30556] UL: SNR = 53.50 dB | SE = 17.506 bit/s/Hz
[20335 ms] [UE 20945] UL: SNR = 63.50 dB | SE = 20.778 bit/s/Hz
[20435 ms] [UE 33952] UL: SNR = 6.50 dB | SE = 2.414 bit/s/Hz
[20435 ms] [UE 12169] UL: SNR = 63.50 dB | SE = 20.778 bit/s/Hz
[20435 ms] [UE 22873] UL: SNR = 63.50 dB | SE = 20.778 bit/s/Hz
[20435 ms] [UE 30556] UL: SNR = 53.50 dB | SE = 17.506 bit/s/Hz
[20435 ms] [UE 20945] UL: SNR = 63.50 dB | SE = 20.778 bit/s/Hz
[20443 ms] [UE 45898] UL: SNR = 63.50 dB | SE = 20.778 bit/s/Hz
[20443 ms] [UE 36997] UL: SNR = 63.50 dB | SE = 20.778 bit/s/Hz
[20443 ms] [UE 48787] UL: SNR = 63.50 dB | SE = 20.778 bit/s/Hz
[20443 ms] [UE 40252] UL: SNR = 56.00 dB | SE = 18.324 bit/s/Hz
[20443 ms] [UE 15599] UL: SNR = 52.50 dB | SE = 17.179 bit/s/Hz
[20535 ms] [UE 33952] UL: SNR = 6.50 dB | SE = 2.414 bit/s/Hz
[20535 ms] [UE 12169] UL: SNR = 63.50 dB | SE = 20.778 bit/s/Hz
[20535 ms] [UE 22873] UL: SNR = 63.50 dB | SE = 20.778 bit/s/Hz
[20535 ms] [UE 30556] UL: SNR = 53.50 dB | SE = 17.506 bit/s/Hz
[20535 ms] [UE 20945] UL: SNR = 63.50 dB | SE = 20.778 bit/s/Hz
[20553 ms] [UE 45898] UL: SNR = 63.50 dB | SE = 20.778 bit/s/Hz
[20553 ms] [UE 36997] UL: SNR = 63.50 dB | SE = 20.778 bit/s/Hz
[20553 ms] [UE 48787] UL: SNR = 63.50 dB | SE = 20.778 bit/s/Hz
[20553 ms] [UE 40252] UL: SNR = 56.00 dB | SE = 18.324 bit/s/Hz
[20553 ms] [UE 15599] UL: SNR = 52.50 dB | SE = 17.179 bit/s/Hz
[20644 ms] [UE 33952] UL: SNR = 6.50 dB | SE = 2.414 bit/s/Hz
[20644 ms] [UE 12169] UL: SNR = 63.50 dB | SE = 20.778 bit/s/Hz
[20644 ms] [UE 22873] UL: SNR = 63.50 dB | SE = 20.778 bit/s/Hz
[20644 ms] [UE 30556] UL: SNR = 63.50 dB | SE = 20.778 bit/s/Hz
[20644 ms] [UE 20945] UL: SNR = 63.50 dB | SE = 20.778 bit/s/Hz
[20663 ms] [UE 45898] UL: SNR = 63.50 dB | SE = 20.778 bit/s/Hz
[20663 ms] [UE 36997] UL: SNR = 63.50 dB | SE = 20.778 bit/s/Hz
[20663 ms] [UE 48787] UL: SNR = 63.50 dB | SE = 20.778 bit/s/Hz
[20663 ms] [UE 40252] UL: SNR = 56.00 dB | SE = 18.324 bit/s/Hz
[20663 ms] [UE 15599] UL: SNR = 52.50 dB | SE = 17.179 bit/s/Hz
[20745 ms] [UE 33952] UL: SNR = 6.50 dB | SE = 2.414 bit/s/Hz
[20745 ms] [UE 12169] UL: SNR = 63.50 dB | SE = 20.778 bit/s/Hz
[20745 ms] [UE 22873] UL: SNR = 63.50 dB | SE = 20.778 bit/s/Hz
[20745 ms] [UE 30556] UL: SNR = 63.50 dB | SE = 20.778 bit/s/Hz
[20745 ms] [UE 20945] UL: SNR = 63.50 dB | SE = 20.778 bit/s/Hz
[20763 ms] [UE 45898] UL: SNR = 63.50 dB | SE = 20.778 bit/s/Hz
[20763 ms] [UE 36997] UL: SNR = 63.50 dB | SE = 20.778 bit/s/Hz
[20763 ms] [UE 48787] UL: SNR = 63.50 dB | SE = 20.778 bit/s/Hz
[20763 ms] [UE 40252] UL: SNR = 56.00 dB | SE = 18.324 bit/s/Hz
[20763 ms] [UE 15599] UL: SNR = 52.50 dB | SE = 17.179 bit/s/Hz
[20845 ms] [UE 33952] UL: SNR = 6.50 dB | SE = 2.414 bit/s/Hz
[20845 ms] [UE 12169] UL: SNR = 63.50 dB | SE = 20.778 bit/s/Hz
[20845 ms] [UE 22873] UL: SNR = 63.50 dB | SE = 20.778 bit/s/Hz
[20845 ms] [UE 30556] UL: SNR = 63.50 dB | SE = 20.778 bit/s/Hz
[20845 ms] [UE 20945] UL: SNR = 63.50 dB | SE = 20.778 bit/s/Hz
[20873 ms] [UE 45898] UL: SNR = 63.50 dB | SE = 20.778 bit/s/Hz
[20873 ms] [UE 36997] UL: SNR = 63.50 dB | SE = 20.778 bit/s/Hz
[20873 ms] [UE 48787] UL: SNR = 63.50 dB | SE = 20.778 bit/s/Hz
[20873 ms] [UE 40252] UL: SNR = 56.00 dB | SE = 18.324 bit/s/Hz
[20873 ms] [UE 15599] UL: SNR = 52.50 dB | SE = 17.179 bit/s/Hz
[20955 ms] [UE 33952] UL: SNR = 6.50 dB | SE = 2.414 bit/s/Hz
[20955 ms] [UE 12169] UL: SNR = 63.50 dB | SE = 20.778 bit/s/Hz
[20955 ms] [UE 22873] UL: SNR = 63.50 dB | SE = 20.778 bit/s/Hz
[20955 ms] [UE 30556] UL: SNR = 63.50 dB | SE = 20.778 bit/s/Hz
[20955 ms] [UE 20945] UL: SNR = 63.50 dB | SE = 20.778 bit/s/Hz
[20984 ms] [UE 45898] UL: SNR = 63.50 dB | SE = 20.778 bit/s/Hz
[20984 ms] [UE 36997] UL: SNR = 63.50 dB | SE = 20.778 bit/s/Hz
[20984 ms] [UE 48787] UL: SNR = 63.50 dB | SE = 20.778 bit/s/Hz
[20984 ms] [UE 40252] UL: SNR = 56.00 dB | SE = 18.324 bit/s/Hz
[20984 ms] [UE 15599] UL: SNR = 52.50 dB | SE = 17.179 bit/s/Hz
[21057 ms] [UE 33952] UL: SNR = 6.50 dB | SE = 2.414 bit/s/Hz
[21057 ms] [UE 12169] UL: SNR = 63.50 dB | SE = 20.778 bit/s/Hz
[21057 ms] [UE 22873] UL: SNR = 63.50 dB | SE = 20.778 bit/s/Hz
[21057 ms] [UE 30556] UL: SNR = 63.50 dB | SE = 20.778 bit/s/Hz
[21057 ms] [UE 20945] UL: SNR = 63.50 dB | SE = 20.778 bit/s/Hz
[21093 ms] [UE 45898] UL: SNR = 63.50 dB | SE = 20.778 bit/s/Hz
[21093 ms] [UE 36997] UL: SNR = 63.50 dB | SE = 20.778 bit/s/Hz
[21093 ms] [UE 48787] UL: SNR = 63.50 dB | SE = 20.778 bit/s/Hz
[21093 ms] [UE 40252] UL: SNR = 56.00 dB | SE = 18.324 bit/s/Hz
[21093 ms] [UE 15599] UL: SNR = 52.50 dB | SE = 17.179 bit/s/Hz
[21165 ms] [UE 33952] UL: SNR = 6.50 dB | SE = 2.414 bit/s/Hz
[21165 ms] [UE 12169] UL: SNR = 63.50 dB | SE = 20.778 bit/s/Hz
[21165 ms] [UE 22873] UL: SNR = 63.50 dB | SE = 20.778 bit/s/Hz
[21165 ms] [UE 30556] UL: SNR = 63.50 dB | SE = 20.778 bit/s/Hz
[21165 ms] [UE 20945] UL: SNR = 63.50 dB | SE = 20.778 bit/s/Hz
[21202 ms] [UE 45898] UL: SNR = 63.50 dB | SE = 20.778 bit/s/Hz
[21202 ms] [UE 36997] UL: SNR = 63.50 dB | SE = 20.778 bit/s/Hz
[21202 ms] [UE 48787] UL: SNR = 63.50 dB | SE = 20.778 bit/s/Hz
[21202 ms] [UE 40252] UL: SNR = 56.00 dB | SE = 18.324 bit/s/Hz
[21202 ms] [UE 15599] UL: SNR = 52.50 dB | SE = 17.179 bit/s/Hz
[21266 ms] [UE 33952] UL: SNR = 6.50 dB | SE = 2.414 bit/s/Hz
[21266 ms] [UE 12169] UL: SNR = 63.50 dB | SE = 20.778 bit/s/Hz
[21266 ms] [UE 22873] UL: SNR = 63.50 dB | SE = 20.778 bit/s/Hz
[21266 ms] [UE 30556] UL: SNR = 63.50 dB | SE = 20.778 bit/s/Hz
[21266 ms] [UE 20945] UL: SNR = 63.50 dB | SE = 20.778 bit/s/Hz
[21303 ms] [UE 45898] UL: SNR = 63.50 dB | SE = 20.778 bit/s/Hz
[21303 ms] [UE 36997] UL: SNR = 63.50 dB | SE = 20.778 bit/s/Hz
[21303 ms] [UE 48787] UL: SNR = 63.50 dB | SE = 20.778 bit/s/Hz
[21303 ms] [UE 40252] UL: SNR = 56.00 dB | SE = 18.324 bit/s/Hz
[21303 ms] [UE 15599] UL: SNR = 52.50 dB | SE = 17.179 bit/s/Hz
[21366 ms] [UE 33952] UL: SNR = 6.50 dB | SE = 2.414 bit/s/Hz
[21366 ms] [UE 12169] UL: SNR = 63.50 dB | SE = 20.778 bit/s/Hz
[21366 ms] [UE 22873] UL: SNR = 63.50 dB | SE = 20.778 bit/s/Hz
[21366 ms] [UE 30556] UL: SNR = 63.50 dB | SE = 20.778 bit/s/Hz
[21366 ms] [UE 20945] UL: SNR = 63.50 dB | SE = 20.778 bit/s/Hz
[21403 ms] [UE 45898] UL: SNR = 63.50 dB | SE = 20.778 bit/s/Hz
[21403 ms] [UE 36997] UL: SNR = 63.50 dB | SE = 20.778 bit/s/Hz
[21403 ms] [UE 48787] UL: SNR = 63.50 dB | SE = 20.778 bit/s/Hz
[21403 ms] [UE 40252] UL: SNR = 56.00 dB | SE = 18.324 bit/s/Hz
[21403 ms] [UE 15599] UL: SNR = 52.50 dB | SE = 17.179 bit/s/Hz
[21475 ms] [UE 33952] UL: SNR = 6.50 dB | SE = 2.414 bit/s/Hz
[21475 ms] [UE 12169] UL: SNR = 63.50 dB | SE = 20.778 bit/s/Hz
[21475 ms] [UE 22873] UL: SNR = 63.50 dB | SE = 20.778 bit/s/Hz
[21475 ms] [UE 30556] UL: SNR = 63.50 dB | SE = 20.778 bit/s/Hz
[21475 ms] [UE 20945] UL: SNR = 63.50 dB | SE = 20.778 bit/s/Hz
[21503 ms] [UE 45898] UL: SNR = 63.50 dB | SE = 20.778 bit/s/Hz
[21503 ms] [UE 36997] UL: SNR = 63.50 dB | SE = 20.778 bit/s/Hz
[21503 ms] [UE 48787] UL: SNR = 63.50 dB | SE = 20.778 bit/s/Hz
[21503 ms] [UE 40252] UL: SNR = 56.00 dB | SE = 18.324 bit/s/Hz
[21503 ms] [UE 15599] UL: SNR = 52.50 dB | SE = 17.179 bit/s/Hz
[21576 ms] [UE 33952] UL: SNR = 6.50 dB | SE = 2.414 bit/s/Hz
[21576 ms] [UE 12169] UL: SNR = 63.50 dB | SE = 20.778 bit/s/Hz
[21576 ms] [UE 22873] UL: SNR = 63.50 dB | SE = 20.778 bit/s/Hz
[21576 ms] [UE 30556] UL: SNR = 63.50 dB | SE = 20.778 bit/s/Hz
[21576 ms] [UE 20945] UL: SNR = 63.50 dB | SE = 20.778 bit/s/Hz
[21613 ms] [UE 45898] UL: SNR = 63.50 dB | SE = 20.778 bit/s/Hz
[21613 ms] [UE 36997] UL: SNR = 63.50 dB | SE = 20.778 bit/s/Hz
[21613 ms] [UE 48787] UL: SNR = 63.50 dB | SE = 20.778 bit/s/Hz
[21613 ms] [UE 40252] UL: SNR = 56.00 dB | SE = 18.324 bit/s/Hz
[21613 ms] [UE 15599] UL: SNR = 52.50 dB | SE = 17.179 bit/s/Hz
[21685 ms] [UE 33952] UL: SNR = 6.50 dB | SE = 2.414 bit/s/Hz
[21685 ms] [UE 12169] UL: SNR = 63.50 dB | SE = 20.778 bit/s/Hz
[21685 ms] [UE 22873] UL: SNR = 63.50 dB | SE = 20.778 bit/s/Hz
[21685 ms] [UE 30556] UL: SNR = 63.50 dB | SE = 20.778 bit/s/Hz
[21685 ms] [UE 20945] UL: SNR = 63.50 dB | SE = 20.778 bit/s/Hz
[21723 ms] [UE 45898] UL: SNR = 63.50 dB | SE = 20.778 bit/s/Hz
[21723 ms] [UE 36997] UL: SNR = 63.50 dB | SE = 20.778 bit/s/Hz
[21723 ms] [UE 48787] UL: SNR = 63.50 dB | SE = 20.778 bit/s/Hz
[21723 ms] [UE 40252] UL: SNR = 56.00 dB | SE = 18.324 bit/s/Hz
[21723 ms] [UE 15599] UL: SNR = 52.50 dB | SE = 17.179 bit/s/Hz
[21785 ms] [UE 33952] UL: SNR = 6.50 dB | SE = 2.414 bit/s/Hz
[21785 ms] [UE 12169] UL: SNR = 63.50 dB | SE = 20.778 bit/s/Hz
[21785 ms] [UE 22873] UL: SNR = 63.50 dB | SE = 20.778 bit/s/Hz
[21785 ms] [UE 30556] UL: SNR = 63.50 dB | SE = 20.778 bit/s/Hz
[21785 ms] [UE 20945] UL: SNR = 63.50 dB | SE = 20.778 bit/s/Hz
[21833 ms] [UE 45898] UL: SNR = 63.50 dB | SE = 20.778 bit/s/Hz
[21833 ms] [UE 36997] UL: SNR = 63.50 dB | SE = 20.778 bit/s/Hz
[21833 ms] [UE 48787] UL: SNR = 63.50 dB | SE = 20.778 bit/s/Hz
[21833 ms] [UE 40252] UL: SNR = 56.00 dB | SE = 18.324 bit/s/Hz
[21833 ms] [UE 15599] UL: SNR = 52.50 dB | SE = 17.179 bit/s/Hz
[21895 ms] [UE 33952] UL: SNR = 6.50 dB | SE = 2.414 bit/s/Hz
[21895 ms] [UE 12169] UL: SNR = 63.50 dB | SE = 20.778 bit/s/Hz
[21895 ms] [UE 22873] UL: SNR = 63.50 dB | SE = 20.778 bit/s/Hz
[21895 ms] [UE 30556] UL: SNR = 63.50 dB | SE = 20.778 bit/s/Hz
[21895 ms] [UE 20945] UL: SNR = 63.50 dB | SE = 20.778 bit/s/Hz
[21943 ms] [UE 45898] UL: SNR = 63.50 dB | SE = 20.778 bit/s/Hz
[21943 ms] [UE 36997] UL: SNR = 63.50 dB | SE = 20.778 bit/s/Hz
[21943 ms] [UE 48787] UL: SNR = 63.50 dB | SE = 20.778 bit/s/Hz
[21943 ms] [UE 40252] UL: SNR = 56.00 dB | SE = 18.324 bit/s/Hz
[21943 ms] [UE 15599] UL: SNR = 52.50 dB | SE = 17.179 bit/s/Hz
[22005 ms] [UE 33952] UL: SNR = 6.50 dB | SE = 2.414 bit/s/Hz
[22005 ms] [UE 12169] UL: SNR = 63.50 dB | SE = 20.778 bit/s/Hz
[22005 ms] [UE 22873] UL: SNR = 63.50 dB | SE = 20.778 bit/s/Hz
[22005 ms] [UE 30556] UL: SNR = 63.50 dB | SE = 20.778 bit/s/Hz
[22005 ms] [UE 20945] UL: SNR = 63.50 dB | SE = 20.778 bit/s/Hz
[22053 ms] [UE 45898] UL: SNR = 63.50 dB | SE = 20.778 bit/s/Hz
[22053 ms] [UE 36997] UL: SNR = 63.50 dB | SE = 20.778 bit/s/Hz
[22053 ms] [UE 48787] UL: SNR = 63.50 dB | SE = 20.778 bit/s/Hz
[22053 ms] [UE 40252] UL: SNR = 56.00 dB | SE = 18.324 bit/s/Hz
[22053 ms] [UE 15599] UL: SNR = 52.50 dB | SE = 17.179 bit/s/Hz
[22106 ms] [UE 33952] UL: SNR = 6.50 dB | SE = 2.414 bit/s/Hz
[22106 ms] [UE 12169] UL: SNR = 63.50 dB | SE = 20.778 bit/s/Hz
[22106 ms] [UE 22873] UL: SNR = 63.50 dB | SE = 20.778 bit/s/Hz
[22106 ms] [UE 30556] UL: SNR = 63.50 dB | SE = 20.778 bit/s/Hz
[22106 ms] [UE 20945] UL: SNR = 63.50 dB | SE = 20.778 bit/s/Hz
[22162 ms] [UE 45898] UL: SNR = 63.50 dB | SE = 20.778 bit/s/Hz
[22162 ms] [UE 36997] UL: SNR = 63.50 dB | SE = 20.778 bit/s/Hz
[22162 ms] [UE 48787] UL: SNR = 63.50 dB | SE = 20.778 bit/s/Hz
[22162 ms] [UE 40252] UL: SNR = 56.00 dB | SE = 18.324 bit/s/Hz
[22162 ms] [UE 15599] UL: SNR = 52.50 dB | SE = 17.179 bit/s/Hz
[22215 ms] [UE 33952] UL: SNR = 6.50 dB | SE = 2.414 bit/s/Hz
[22215 ms] [UE 12169] UL: SNR = 63.50 dB | SE = 20.778 bit/s/Hz
[22215 ms] [UE 22873] UL: SNR = 63.50 dB | SE = 20.778 bit/s/Hz
[22215 ms] [UE 30556] UL: SNR = 63.50 dB | SE = 20.778 bit/s/Hz
[22215 ms] [UE 20945] UL: SNR = 63.50 dB | SE = 20.778 bit/s/Hz
[22263 ms] [UE 45898] UL: SNR = 63.50 dB | SE = 20.778 bit/s/Hz
[22263 ms] [UE 36997] UL: SNR = 63.50 dB | SE = 20.778 bit/s/Hz
[22263 ms] [UE 48787] UL: SNR = 63.50 dB | SE = 20.778 bit/s/Hz
[22263 ms] [UE 40252] UL: SNR = 56.00 dB | SE = 18.324 bit/s/Hz
[22263 ms] [UE 15599] UL: SNR = 52.50 dB | SE = 17.179 bit/s/Hz
[22325 ms] [UE 33952] UL: SNR = 6.50 dB | SE = 2.414 bit/s/Hz
[22325 ms] [UE 12169] UL: SNR = 63.50 dB | SE = 20.778 bit/s/Hz
[22325 ms] [UE 22873] UL: SNR = 63.50 dB | SE = 20.778 bit/s/Hz
[22325 ms] [UE 30556] UL: SNR = 63.50 dB | SE = 20.778 bit/s/Hz
[22325 ms] [UE 20945] UL: SNR = 63.50 dB | SE = 20.778 bit/s/Hz
[22373 ms] [UE 45898] UL: SNR = 63.50 dB | SE = 20.778 bit/s/Hz
[22373 ms] [UE 36997] UL: SNR = 63.50 dB | SE = 20.778 bit/s/Hz
[22373 ms] [UE 48787] UL: SNR = 63.50 dB | SE = 20.778 bit/s/Hz
[22373 ms] [UE 40252] UL: SNR = 56.00 dB | SE = 18.324 bit/s/Hz
[22373 ms] [UE 15599] UL: SNR = 52.50 dB | SE = 17.179 bit/s/Hz
[22425 ms] [UE 33952] UL: SNR = 6.50 dB | SE = 2.414 bit/s/Hz
[22425 ms] [UE 12169] UL: SNR = 63.50 dB | SE = 20.778 bit/s/Hz
[22425 ms] [UE 22873] UL: SNR = 63.50 dB | SE = 20.778 bit/s/Hz
[22425 ms] [UE 30556] UL: SNR = 63.50 dB | SE = 20.778 bit/s/Hz
[22425 ms] [UE 20945] UL: SNR = 63.50 dB | SE = 20.778 bit/s/Hz
[22473 ms] [UE 45898] UL: SNR = 63.50 dB | SE = 20.778 bit/s/Hz
[22473 ms] [UE 36997] UL: SNR = 63.50 dB | SE = 20.778 bit/s/Hz
[22473 ms] [UE 48787] UL: SNR = 63.50 dB | SE = 20.778 bit/s/Hz
[22473 ms] [UE 40252] UL: SNR = 56.00 dB | SE = 18.324 bit/s/Hz
[22473 ms] [UE 15599] UL: SNR = 52.50 dB | SE = 17.179 bit/s/Hz
[22525 ms] [UE 33952] UL: SNR = 6.50 dB | SE = 2.414 bit/s/Hz
[22525 ms] [UE 12169] UL: SNR = 63.50 dB | SE = 20.778 bit/s/Hz
[22525 ms] [UE 22873] UL: SNR = 63.50 dB | SE = 20.778 bit/s/Hz
[22525 ms] [UE 30556] UL: SNR = 63.50 dB | SE = 20.778 bit/s/Hz
[22525 ms] [UE 20945] UL: SNR = 63.50 dB | SE = 20.778 bit/s/Hz
[22573 ms] [UE 45898] UL: SNR = 63.50 dB | SE = 20.778 bit/s/Hz
[22573 ms] [UE 36997] UL: SNR = 63.50 dB | SE = 20.778 bit/s/Hz
[22573 ms] [UE 48787] UL: SNR = 63.50 dB | SE = 20.778 bit/s/Hz
[22573 ms] [UE 40252] UL: SNR = 56.00 dB | SE = 18.324 bit/s/Hz
[22573 ms] [UE 15599] UL: SNR = 52.50 dB | SE = 17.179 bit/s/Hz
[22636 ms] [UE 33952] UL: SNR = 6.50 dB | SE = 2.414 bit/s/Hz
[22636 ms] [UE 12169] UL: SNR = 63.50 dB | SE = 20.778 bit/s/Hz
[22636 ms] [UE 22873] UL: SNR = 63.50 dB | SE = 20.778 bit/s/Hz
[22636 ms] [UE 30556] UL: SNR = 63.50 dB | SE = 20.778 bit/s/Hz
[22636 ms] [UE 20945] UL: SNR = 63.50 dB | SE = 20.778 bit/s/Hz
[22683 ms] [UE 45898] UL: SNR = 63.50 dB | SE = 20.778 bit/s/Hz
[22683 ms] [UE 36997] UL: SNR = 63.50 dB | SE = 20.778 bit/s/Hz
[22683 ms] [UE 48787] UL: SNR = 63.50 dB | SE = 20.778 bit/s/Hz
[22683 ms] [UE 40252] UL: SNR = 56.00 dB | SE = 18.324 bit/s/Hz
[22683 ms] [UE 15599] UL: SNR = 52.50 dB | SE = 17.179 bit/s/Hz
[22745 ms] [UE 33952] UL: SNR = 6.50 dB | SE = 2.414 bit/s/Hz
[22745 ms] [UE 12169] UL: SNR = 63.50 dB | SE = 20.778 bit/s/Hz
[22745 ms] [UE 22873] UL: SNR = 63.50 dB | SE = 20.778 bit/s/Hz
[22745 ms] [UE 30556] UL: SNR = 63.50 dB | SE = 20.778 bit/s/Hz
[22745 ms] [UE 20945] UL: SNR = 63.50 dB | SE = 20.778 bit/s/Hz
[22783 ms] [UE 45898] UL: SNR = 63.50 dB | SE = 20.778 bit/s/Hz
[22783 ms] [UE 36997] UL: SNR = 63.50 dB | SE = 20.778 bit/s/Hz
[22783 ms] [UE 48787] UL: SNR = 63.50 dB | SE = 20.778 bit/s/Hz
[22783 ms] [UE 40252] UL: SNR = 56.00 dB | SE = 18.324 bit/s/Hz
[22783 ms] [UE 15599] UL: SNR = 52.50 dB | SE = 17.179 bit/s/Hz
[22845 ms] [UE 33952] UL: SNR = 6.50 dB | SE = 2.414 bit/s/Hz
[22845 ms] [UE 12169] UL: SNR = 63.50 dB | SE = 20.778 bit/s/Hz
[22845 ms] [UE 22873] UL: SNR = 63.50 dB | SE = 20.778 bit/s/Hz
[22845 ms] [UE 30556] UL: SNR = 63.50 dB | SE = 20.778 bit/s/Hz
[22845 ms] [UE 20945] UL: SNR = 63.50 dB | SE = 20.778 bit/s/Hz
[22883 ms] [UE 45898] UL: SNR = 63.50 dB | SE = 20.778 bit/s/Hz
[22883 ms] [UE 36997] UL: SNR = 63.50 dB | SE = 20.778 bit/s/Hz
[22883 ms] [UE 48787] UL: SNR = 63.50 dB | SE = 20.778 bit/s/Hz
[22883 ms] [UE 40252] UL: SNR = 56.00 dB | SE = 18.324 bit/s/Hz
[22883 ms] [UE 15599] UL: SNR = 52.50 dB | SE = 17.179 bit/s/Hz
[22955 ms] [UE 33952] UL: SNR = 6.50 dB | SE = 2.414 bit/s/Hz
[22955 ms] [UE 12169] UL: SNR = 63.50 dB | SE = 20.778 bit/s/Hz
[22955 ms] [UE 22873] UL: SNR = 63.50 dB | SE = 20.778 bit/s/Hz
[22955 ms] [UE 30556] UL: SNR = 63.50 dB | SE = 20.778 bit/s/Hz
[22955 ms] [UE 20945] UL: SNR = 63.50 dB | SE = 20.778 bit/s/Hz
[22993 ms] [UE 45898] UL: SNR = 63.50 dB | SE = 20.778 bit/s/Hz
[22993 ms] [UE 36997] UL: SNR = 63.50 dB | SE = 20.778 bit/s/Hz
[22993 ms] [UE 48787] UL: SNR = 63.50 dB | SE = 20.778 bit/s/Hz
[22993 ms] [UE 40252] UL: SNR = 56.00 dB | SE = 18.324 bit/s/Hz
[22993 ms] [UE 15599] UL: SNR = 52.50 dB | SE = 17.179 bit/s/Hz
[23055 ms] [UE 33952] UL: SNR = 6.50 dB | SE = 2.414 bit/s/Hz
[23055 ms] [UE 12169] UL: SNR = 63.50 dB | SE = 20.778 bit/s/Hz
[23055 ms] [UE 22873] UL: SNR = 63.50 dB | SE = 20.778 bit/s/Hz
[23055 ms] [UE 30556] UL: SNR = 63.50 dB | SE = 20.778 bit/s/Hz
[23055 ms] [UE 20945] UL: SNR = 63.50 dB | SE = 20.778 bit/s/Hz
[23093 ms] [UE 45898] UL: SNR = 63.50 dB | SE = 20.778 bit/s/Hz
[23093 ms] [UE 36997] UL: SNR = 63.50 dB | SE = 20.778 bit/s/Hz
[23093 ms] [UE 48787] UL: SNR = 63.50 dB | SE = 20.778 bit/s/Hz
[23093 ms] [UE 40252] UL: SNR = 56.00 dB | SE = 18.324 bit/s/Hz
[23093 ms] [UE 15599] UL: SNR = 52.50 dB | SE = 17.179 bit/s/Hz
[23155 ms] [UE 33952] UL: SNR = 6.50 dB | SE = 2.414 bit/s/Hz
[23155 ms] [UE 12169] UL: SNR = 63.50 dB | SE = 20.778 bit/s/Hz
[23155 ms] [UE 22873] UL: SNR = 63.50 dB | SE = 20.778 bit/s/Hz
[23155 ms] [UE 30556] UL: SNR = 63.50 dB | SE = 20.778 bit/s/Hz
[23155 ms] [UE 20945] UL: SNR = 63.50 dB | SE = 20.778 bit/s/Hz
[23203 ms] [UE 45898] UL: SNR = 63.50 dB | SE = 20.778 bit/s/Hz
[23203 ms] [UE 36997] UL: SNR = 63.50 dB | SE = 20.778 bit/s/Hz
[23203 ms] [UE 48787] UL: SNR = 63.50 dB | SE = 20.778 bit/s/Hz
[23203 ms] [UE 40252] UL: SNR = 56.00 dB | SE = 18.324 bit/s/Hz
[23203 ms] [UE 15599] UL: SNR = 52.50 dB | SE = 17.179 bit/s/Hz
[23265 ms] [UE 33952] UL: SNR = 6.50 dB | SE = 2.414 bit/s/Hz
[23265 ms] [UE 12169] UL: SNR = 63.50 dB | SE = 20.778 bit/s/Hz
[23265 ms] [UE 22873] UL: SNR = 63.50 dB | SE = 20.778 bit/s/Hz
[23265 ms] [UE 30556] UL: SNR = 63.50 dB | SE = 20.778 bit/s/Hz
[23265 ms] [UE 20945] UL: SNR = 63.50 dB | SE = 20.778 bit/s/Hz
[23303 ms] [UE 45898] UL: SNR = 63.50 dB | SE = 20.778 bit/s/Hz
[23303 ms] [UE 36997] UL: SNR = 63.50 dB | SE = 20.778 bit/s/Hz
[23303 ms] [UE 48787] UL: SNR = 63.50 dB | SE = 20.778 bit/s/Hz
[23303 ms] [UE 40252] UL: SNR = 56.00 dB | SE = 18.324 bit/s/Hz
[23303 ms] [UE 15599] UL: SNR = 52.50 dB | SE = 17.179 bit/s/Hz
[23377 ms] [UE 33952] UL: SNR = 6.50 dB | SE = 2.414 bit/s/Hz
[23377 ms] [UE 12169] UL: SNR = 63.50 dB | SE = 20.778 bit/s/Hz
[23377 ms] [UE 22873] UL: SNR = 63.50 dB | SE = 20.778 bit/s/Hz
[23377 ms] [UE 30556] UL: SNR = 63.50 dB | SE = 20.778 bit/s/Hz
[23377 ms] [UE 20945] UL: SNR = 63.50 dB | SE = 20.778 bit/s/Hz
[23413 ms] [UE 45898] UL: SNR = 63.50 dB | SE = 20.778 bit/s/Hz
[23413 ms] [UE 36997] UL: SNR = 63.50 dB | SE = 20.778 bit/s/Hz
[23413 ms] [UE 48787] UL: SNR = 63.50 dB | SE = 20.778 bit/s/Hz
[23413 ms] [UE 40252] UL: SNR = 56.00 dB | SE = 18.324 bit/s/Hz
[23413 ms] [UE 15599] UL: SNR = 52.50 dB | SE = 17.179 bit/s/Hz
[23485 ms] [UE 33952] UL: SNR = 6.50 dB | SE = 2.414 bit/s/Hz
[23485 ms] [UE 12169] UL: SNR = 63.50 dB | SE = 20.778 bit/s/Hz
[23485 ms] [UE 22873] UL: SNR = 63.50 dB | SE = 20.778 bit/s/Hz
[23485 ms] [UE 30556] UL: SNR = 63.50 dB | SE = 20.778 bit/s/Hz
[23485 ms] [UE 20945] UL: SNR = 63.50 dB | SE = 20.778 bit/s/Hz
[23513 ms] [UE 45898] UL: SNR = 63.50 dB | SE = 20.778 bit/s/Hz
[23513 ms] [UE 36997] UL: SNR = 63.50 dB | SE = 20.778 bit/s/Hz
[23513 ms] [UE 48787] UL: SNR = 63.50 dB | SE = 20.778 bit/s/Hz
[23513 ms] [UE 40252] UL: SNR = 56.00 dB | SE = 18.324 bit/s/Hz
[23513 ms] [UE 15599] UL: SNR = 52.50 dB | SE = 17.179 bit/s/Hz
[23585 ms] [UE 33952] UL: SNR = 6.50 dB | SE = 2.414 bit/s/Hz
[23585 ms] [UE 12169] UL: SNR = 63.50 dB | SE = 20.778 bit/s/Hz
[23585 ms] [UE 22873] UL: SNR = 63.50 dB | SE = 20.778 bit/s/Hz
[23585 ms] [UE 30556] UL: SNR = 63.50 dB | SE = 20.778 bit/s/Hz
[23585 ms] [UE 20945] UL: SNR = 63.50 dB | SE = 20.778 bit/s/Hz
[23623 ms] [UE 45898] UL: SNR = 63.50 dB | SE = 20.778 bit/s/Hz
[23623 ms] [UE 36997] UL: SNR = 63.50 dB | SE = 20.778 bit/s/Hz
[23623 ms] [UE 48787] UL: SNR = 63.50 dB | SE = 20.778 bit/s/Hz
[23623 ms] [UE 40252] UL: SNR = 56.00 dB | SE = 18.324 bit/s/Hz
[23623 ms] [UE 15599] UL: SNR = 52.50 dB | SE = 17.179 bit/s/Hz
[23695 ms] [UE 33952] UL: SNR = 6.50 dB | SE = 2.414 bit/s/Hz
[23695 ms] [UE 12169] UL: SNR = 63.50 dB | SE = 20.778 bit/s/Hz
[23695 ms] [UE 22873] UL: SNR = 63.50 dB | SE = 20.778 bit/s/Hz
[23695 ms] [UE 30556] UL: SNR = 63.50 dB | SE = 20.778 bit/s/Hz
[23695 ms] [UE 20945] UL: SNR = 63.50 dB | SE = 20.778 bit/s/Hz
[23733 ms] [UE 45898] UL: SNR = 63.50 dB | SE = 20.778 bit/s/Hz
[23733 ms] [UE 36997] UL: SNR = 63.50 dB | SE = 20.778 bit/s/Hz
[23733 ms] [UE 48787] UL: SNR = 63.50 dB | SE = 20.778 bit/s/Hz
[23733 ms] [UE 40252] UL: SNR = 56.00 dB | SE = 18.324 bit/s/Hz
[23733 ms] [UE 15599] UL: SNR = 52.50 dB | SE = 17.179 bit/s/Hz
[23795 ms] [UE 33952] UL: SNR = 6.50 dB | SE = 2.414 bit/s/Hz
[23795 ms] [UE 12169] UL: SNR = 63.50 dB | SE = 20.778 bit/s/Hz
[23795 ms] [UE 22873] UL: SNR = 63.50 dB | SE = 20.778 bit/s/Hz
[23795 ms] [UE 30556] UL: SNR = 63.50 dB | SE = 20.778 bit/s/Hz
[23795 ms] [UE 20945] UL: SNR = 63.50 dB | SE = 20.778 bit/s/Hz
[23834 ms] [UE 45898] UL: SNR = 63.50 dB | SE = 20.778 bit/s/Hz
[23834 ms] [UE 36997] UL: SNR = 63.50 dB | SE = 20.778 bit/s/Hz
[23834 ms] [UE 48787] UL: SNR = 63.50 dB | SE = 20.778 bit/s/Hz
[23834 ms] [UE 40252] UL: SNR = 56.00 dB | SE = 18.324 bit/s/Hz
[23834 ms] [UE 15599] UL: SNR = 52.50 dB | SE = 17.179 bit/s/Hz
[23905 ms] [UE 33952] UL: SNR = 6.50 dB | SE = 2.414 bit/s/Hz
[23905 ms] [UE 12169] UL: SNR = 63.50 dB | SE = 20.778 bit/s/Hz
[23905 ms] [UE 22873] UL: SNR = 63.50 dB | SE = 20.778 bit/s/Hz
[23905 ms] [UE 30556] UL: SNR = 53.50 dB | SE = 17.506 bit/s/Hz
[23905 ms] [UE 20945] UL: SNR = 52.50 dB | SE = 17.179 bit/s/Hz
[23943 ms] [UE 45898] UL: SNR = 63.50 dB | SE = 20.778 bit/s/Hz
[23943 ms] [UE 36997] UL: SNR = 63.50 dB | SE = 20.778 bit/s/Hz
[23943 ms] [UE 48787] UL: SNR = 63.50 dB | SE = 20.778 bit/s/Hz
[23943 ms] [UE 40252] UL: SNR = 56.00 dB | SE = 18.324 bit/s/Hz
[23943 ms] [UE 15599] UL: SNR = 52.50 dB | SE = 17.179 bit/s/Hz
[24014 ms] [UE 33952] UL: SNR = 6.50 dB | SE = 2.414 bit/s/Hz
[24014 ms] [UE 12169] UL: SNR = 63.50 dB | SE = 20.778 bit/s/Hz
[24014 ms] [UE 22873] UL: SNR = 63.50 dB | SE = 20.778 bit/s/Hz
[24014 ms] [UE 30556] UL: SNR = 53.50 dB | SE = 17.506 bit/s/Hz
[24014 ms] [UE 20945] UL: SNR = 52.50 dB | SE = 17.179 bit/s/Hz
[24043 ms] [UE 45898] UL: SNR = 63.50 dB | SE = 20.778 bit/s/Hz
[24043 ms] [UE 36997] UL: SNR = 63.50 dB | SE = 20.778 bit/s/Hz
[24043 ms] [UE 48787] UL: SNR = 63.50 dB | SE = 20.778 bit/s/Hz
[24043 ms] [UE 40252] UL: SNR = 56.00 dB | SE = 18.324 bit/s/Hz
[24043 ms] [UE 15599] UL: SNR = 52.50 dB | SE = 17.179 bit/s/Hz
[24125 ms] [UE 33952] UL: SNR = 6.50 dB | SE = 2.414 bit/s/Hz
[24125 ms] [UE 12169] UL: SNR = 63.50 dB | SE = 20.778 bit/s/Hz
[24125 ms] [UE 22873] UL: SNR = 63.50 dB | SE = 20.778 bit/s/Hz
[24125 ms] [UE 30556] UL: SNR = 53.50 dB | SE = 17.506 bit/s/Hz
[24125 ms] [UE 20945] UL: SNR = 52.50 dB | SE = 17.179 bit/s/Hz
[24143 ms] [UE 45898] UL: SNR = 63.50 dB | SE = 20.778 bit/s/Hz
[24143 ms] [UE 36997] UL: SNR = 63.50 dB | SE = 20.778 bit/s/Hz
[24143 ms] [UE 48787] UL: SNR = 63.50 dB | SE = 20.778 bit/s/Hz
[24143 ms] [UE 40252] UL: SNR = 56.00 dB | SE = 18.324 bit/s/Hz
[24143 ms] [UE 15599] UL: SNR = 52.50 dB | SE = 17.179 bit/s/Hz
[24235 ms] [UE 33952] UL: SNR = 6.50 dB | SE = 2.414 bit/s/Hz
[24235 ms] [UE 12169] UL: SNR = 63.50 dB | SE = 20.778 bit/s/Hz
[24235 ms] [UE 22873] UL: SNR = 63.50 dB | SE = 20.778 bit/s/Hz
[24235 ms] [UE 30556] UL: SNR = 53.50 dB | SE = 17.506 bit/s/Hz
[24235 ms] [UE 20945] UL: SNR = 52.50 dB | SE = 17.179 bit/s/Hz
[24253 ms] [UE 45898] UL: SNR = 63.50 dB | SE = 20.778 bit/s/Hz
[24253 ms] [UE 36997] UL: SNR = 63.50 dB | SE = 20.778 bit/s/Hz
[24253 ms] [UE 48787] UL: SNR = 63.50 dB | SE = 20.778 bit/s/Hz
[24253 ms] [UE 40252] UL: SNR = 56.00 dB | SE = 18.324 bit/s/Hz
[24253 ms] [UE 15599] UL: SNR = 52.50 dB | SE = 17.179 bit/s/Hz
[24335 ms] [UE 33952] UL: SNR = 6.50 dB | SE = 2.414 bit/s/Hz
[24335 ms] [UE 12169] UL: SNR = 63.50 dB | SE = 20.778 bit/s/Hz
[24335 ms] [UE 22873] UL: SNR = 63.50 dB | SE = 20.778 bit/s/Hz
[24335 ms] [UE 30556] UL: SNR = 53.50 dB | SE = 17.506 bit/s/Hz
[24335 ms] [UE 20945] UL: SNR = 52.50 dB | SE = 17.179 bit/s/Hz
[24363 ms] [UE 45898] UL: SNR = 63.50 dB | SE = 20.778 bit/s/Hz
[24363 ms] [UE 36997] UL: SNR = 63.50 dB | SE = 20.778 bit/s/Hz
[24363 ms] [UE 48787] UL: SNR = 63.50 dB | SE = 20.778 bit/s/Hz
[24363 ms] [UE 40252] UL: SNR = 56.00 dB | SE = 18.324 bit/s/Hz
[24363 ms] [UE 15599] UL: SNR = 52.50 dB | SE = 17.179 bit/s/Hz
[24446 ms] [UE 33952] UL: SNR = 6.50 dB | SE = 2.414 bit/s/Hz
[24446 ms] [UE 12169] UL: SNR = 63.50 dB | SE = 20.778 bit/s/Hz
[24446 ms] [UE 22873] UL: SNR = 63.50 dB | SE = 20.778 bit/s/Hz
[24446 ms] [UE 30556] UL: SNR = 53.50 dB | SE = 17.506 bit/s/Hz
[24446 ms] [UE 20945] UL: SNR = 52.50 dB | SE = 17.179 bit/s/Hz
[24473 ms] [UE 45898] UL: SNR = 63.50 dB | SE = 20.778 bit/s/Hz
[24473 ms] [UE 36997] UL: SNR = 63.50 dB | SE = 20.778 bit/s/Hz
[24473 ms] [UE 48787] UL: SNR = 63.50 dB | SE = 20.778 bit/s/Hz
[24473 ms] [UE 40252] UL: SNR = 56.00 dB | SE = 18.324 bit/s/Hz
[24473 ms] [UE 15599] UL: SNR = 52.50 dB | SE = 17.179 bit/s/Hz
[24556 ms] [UE 33952] UL: SNR = 6.50 dB | SE = 2.414 bit/s/Hz
[24556 ms] [UE 12169] UL: SNR = 63.50 dB | SE = 20.778 bit/s/Hz
[24556 ms] [UE 22873] UL: SNR = 63.50 dB | SE = 20.778 bit/s/Hz
[24556 ms] [UE 30556] UL: SNR = 53.50 dB | SE = 17.506 bit/s/Hz
[24556 ms] [UE 20945] UL: SNR = 52.50 dB | SE = 17.179 bit/s/Hz
[24583 ms] [UE 45898] UL: SNR = 63.50 dB | SE = 20.778 bit/s/Hz
[24583 ms] [UE 36997] UL: SNR = 63.50 dB | SE = 20.778 bit/s/Hz
[24583 ms] [UE 48787] UL: SNR = 63.50 dB | SE = 20.778 bit/s/Hz
[24583 ms] [UE 40252] UL: SNR = 56.00 dB | SE = 18.324 bit/s/Hz
[24583 ms] [UE 15599] UL: SNR = 52.50 dB | SE = 17.179 bit/s/Hz
[24665 ms] [UE 33952] UL: SNR = 6.50 dB | SE = 2.414 bit/s/Hz
[24665 ms] [UE 12169] UL: SNR = 63.50 dB | SE = 20.778 bit/s/Hz
[24665 ms] [UE 22873] UL: SNR = 63.50 dB | SE = 20.778 bit/s/Hz
[24665 ms] [UE 30556] UL: SNR = 63.50 dB | SE = 20.778 bit/s/Hz
[24665 ms] [UE 20945] UL: SNR = 52.50 dB | SE = 17.179 bit/s/Hz
[24683 ms] [UE 45898] UL: SNR = 63.50 dB | SE = 20.778 bit/s/Hz
[24683 ms] [UE 36997] UL: SNR = 63.50 dB | SE = 20.778 bit/s/Hz
[24683 ms] [UE 48787] UL: SNR = 63.50 dB | SE = 20.778 bit/s/Hz
[24683 ms] [UE 40252] UL: SNR = 56.00 dB | SE = 18.324 bit/s/Hz
[24683 ms] [UE 15599] UL: SNR = 52.50 dB | SE = 17.179 bit/s/Hz
[24766 ms] [UE 33952] UL: SNR = 6.50 dB | SE = 2.414 bit/s/Hz
[24766 ms] [UE 12169] UL: SNR = 63.50 dB | SE = 20.778 bit/s/Hz
[24766 ms] [UE 22873] UL: SNR = 63.50 dB | SE = 20.778 bit/s/Hz
[24766 ms] [UE 30556] UL: SNR = 63.50 dB | SE = 20.778 bit/s/Hz
[24766 ms] [UE 20945] UL: SNR = 52.50 dB | SE = 17.179 bit/s/Hz
[24793 ms] [UE 45898] UL: SNR = 63.50 dB | SE = 20.778 bit/s/Hz
[24793 ms] [UE 36997] UL: SNR = 63.50 dB | SE = 20.778 bit/s/Hz
[24793 ms] [UE 48787] UL: SNR = 63.50 dB | SE = 20.778 bit/s/Hz
[24793 ms] [UE 40252] UL: SNR = 56.00 dB | SE = 18.324 bit/s/Hz
[24793 ms] [UE 15599] UL: SNR = 52.50 dB | SE = 17.179 bit/s/Hz
[24877 ms] [UE 33952] UL: SNR = 6.50 dB | SE = 2.414 bit/s/Hz
[24877 ms] [UE 12169] UL: SNR = 63.50 dB | SE = 20.778 bit/s/Hz
[24877 ms] [UE 22873] UL: SNR = 63.50 dB | SE = 20.778 bit/s/Hz
[24877 ms] [UE 30556] UL: SNR = 63.50 dB | SE = 20.778 bit/s/Hz
[24877 ms] [UE 20945] UL: SNR = 52.50 dB | SE = 17.179 bit/s/Hz
[24903 ms] [UE 45898] UL: SNR = 63.50 dB | SE = 20.778 bit/s/Hz
[24903 ms] [UE 36997] UL: SNR = 63.50 dB | SE = 20.778 bit/s/Hz
[24903 ms] [UE 48787] UL: SNR = 63.50 dB | SE = 20.778 bit/s/Hz
[24903 ms] [UE 40252] UL: SNR = 56.00 dB | SE = 18.324 bit/s/Hz
[24903 ms] [UE 15599] UL: SNR = 52.50 dB | SE = 17.179 bit/s/Hz
[24985 ms] [UE 33952] UL: SNR = 6.50 dB | SE = 2.414 bit/s/Hz
[24985 ms] [UE 12169] UL: SNR = 63.50 dB | SE = 20.778 bit/s/Hz
[24985 ms] [UE 22873] UL: SNR = 63.50 dB | SE = 20.778 bit/s/Hz
[24985 ms] [UE 30556] UL: SNR = 63.50 dB | SE = 20.778 bit/s/Hz
[24985 ms] [UE 20945] UL: SNR = 52.50 dB | SE = 17.179 bit/s/Hz
[25003 ms] [UE 45898] UL: SNR = 63.50 dB | SE = 20.778 bit/s/Hz
[25003 ms] [UE 36997] UL: SNR = 63.50 dB | SE = 20.778 bit/s/Hz
[25003 ms] [UE 48787] UL: SNR = 63.50 dB | SE = 20.778 bit/s/Hz
[25003 ms] [UE 40252] UL: SNR = 56.00 dB | SE = 18.324 bit/s/Hz
[25003 ms] [UE 15599] UL: SNR = 52.50 dB | SE = 17.179 bit/s/Hz
[25085 ms] [UE 33952] UL: SNR = 6.50 dB | SE = 2.414 bit/s/Hz
[25085 ms] [UE 12169] UL: SNR = 63.50 dB | SE = 20.778 bit/s/Hz
[25085 ms] [UE 22873] UL: SNR = 63.50 dB | SE = 20.778 bit/s/Hz
[25085 ms] [UE 30556] UL: SNR = 63.50 dB | SE = 20.778 bit/s/Hz
[25085 ms] [UE 20945] UL: SNR = 52.50 dB | SE = 17.179 bit/s/Hz
[25114 ms] [UE 45898] UL: SNR = 63.50 dB | SE = 20.778 bit/s/Hz
[25114 ms] [UE 36997] UL: SNR = 63.50 dB | SE = 20.778 bit/s/Hz
[25114 ms] [UE 48787] UL: SNR = 63.50 dB | SE = 20.778 bit/s/Hz
[25114 ms] [UE 40252] UL: SNR = 56.00 dB | SE = 18.324 bit/s/Hz
[25114 ms] [UE 15599] UL: SNR = 52.50 dB | SE = 17.179 bit/s/Hz
[25195 ms] [UE 33952] UL: SNR = 6.50 dB | SE = 2.414 bit/s/Hz
[25195 ms] [UE 12169] UL: SNR = 63.50 dB | SE = 20.778 bit/s/Hz
[25195 ms] [UE 22873] UL: SNR = 63.50 dB | SE = 20.778 bit/s/Hz
[25195 ms] [UE 30556] UL: SNR = 63.50 dB | SE = 20.778 bit/s/Hz
[25195 ms] [UE 20945] UL: SNR = 52.50 dB | SE = 17.179 bit/s/Hz
[25222 ms] [UE 45898] UL: SNR = 63.50 dB | SE = 20.778 bit/s/Hz
[25222 ms] [UE 36997] UL: SNR = 63.50 dB | SE = 20.778 bit/s/Hz
[25222 ms] [UE 48787] UL: SNR = 63.50 dB | SE = 20.778 bit/s/Hz
[25222 ms] [UE 40252] UL: SNR = 56.00 dB | SE = 18.324 bit/s/Hz
[25222 ms] [UE 15599] UL: SNR = 52.50 dB | SE = 17.179 bit/s/Hz
[25295 ms] [UE 33952] UL: SNR = 6.50 dB | SE = 2.414 bit/s/Hz
[25295 ms] [UE 12169] UL: SNR = 63.50 dB | SE = 20.778 bit/s/Hz
[25295 ms] [UE 22873] UL: SNR = 63.50 dB | SE = 20.778 bit/s/Hz
[25295 ms] [UE 30556] UL: SNR = 63.50 dB | SE = 20.778 bit/s/Hz
[25295 ms] [UE 20945] UL: SNR = 52.50 dB | SE = 17.179 bit/s/Hz
[25324 ms] [UE 45898] UL: SNR = 63.50 dB | SE = 20.778 bit/s/Hz
[25324 ms] [UE 36997] UL: SNR = 63.50 dB | SE = 20.778 bit/s/Hz
[25324 ms] [UE 48787] UL: SNR = 63.50 dB | SE = 20.778 bit/s/Hz
[25324 ms] [UE 40252] UL: SNR = 56.00 dB | SE = 18.324 bit/s/Hz
[25324 ms] [UE 15599] UL: SNR = 52.50 dB | SE = 17.179 bit/s/Hz
[25405 ms] [UE 33952] UL: SNR = 6.50 dB | SE = 2.414 bit/s/Hz
[25405 ms] [UE 12169] UL: SNR = 63.50 dB | SE = 20.778 bit/s/Hz
[25405 ms] [UE 22873] UL: SNR = 63.50 dB | SE = 20.778 bit/s/Hz
[25405 ms] [UE 30556] UL: SNR = 63.50 dB | SE = 20.778 bit/s/Hz
[25405 ms] [UE 20945] UL: SNR = 52.50 dB | SE = 17.179 bit/s/Hz
[25433 ms] [UE 45898] UL: SNR = 63.50 dB | SE = 20.778 bit/s/Hz
[25433 ms] [UE 36997] UL: SNR = 63.50 dB | SE = 20.778 bit/s/Hz
[25433 ms] [UE 48787] UL: SNR = 63.50 dB | SE = 20.778 bit/s/Hz
[25433 ms] [UE 40252] UL: SNR = 56.00 dB | SE = 18.324 bit/s/Hz
[25433 ms] [UE 15599] UL: SNR = 52.50 dB | SE = 17.179 bit/s/Hz
[25515 ms] [UE 33952] UL: SNR = 6.50 dB | SE = 2.414 bit/s/Hz
[25515 ms] [UE 12169] UL: SNR = 63.50 dB | SE = 20.778 bit/s/Hz
[25515 ms] [UE 22873] UL: SNR = 63.50 dB | SE = 20.778 bit/s/Hz
[25515 ms] [UE 30556] UL: SNR = 63.50 dB | SE = 20.778 bit/s/Hz
[25515 ms] [UE 20945] UL: SNR = 52.50 dB | SE = 17.179 bit/s/Hz
[25533 ms] [UE 45898] UL: SNR = 63.50 dB | SE = 20.778 bit/s/Hz
[25533 ms] [UE 36997] UL: SNR = 63.50 dB | SE = 20.778 bit/s/Hz
[25533 ms] [UE 48787] UL: SNR = 63.50 dB | SE = 20.778 bit/s/Hz
[25533 ms] [UE 40252] UL: SNR = 56.00 dB | SE = 18.324 bit/s/Hz
[25533 ms] [UE 15599] UL: SNR = 52.50 dB | SE = 17.179 bit/s/Hz
[25627 ms] [UE 33952] UL: SNR = 6.50 dB | SE = 2.414 bit/s/Hz
[25627 ms] [UE 12169] UL: SNR = 63.50 dB | SE = 20.778 bit/s/Hz
[25627 ms] [UE 22873] UL: SNR = 63.50 dB | SE = 20.778 bit/s/Hz
[25627 ms] [UE 30556] UL: SNR = 63.50 dB | SE = 20.778 bit/s/Hz
[25627 ms] [UE 20945] UL: SNR = 52.50 dB | SE = 17.179 bit/s/Hz
[25643 ms] [UE 45898] UL: SNR = 63.50 dB | SE = 20.778 bit/s/Hz
[25643 ms] [UE 36997] UL: SNR = 63.50 dB | SE = 20.778 bit/s/Hz
[25643 ms] [UE 48787] UL: SNR = 63.50 dB | SE = 20.778 bit/s/Hz
[25643 ms] [UE 40252] UL: SNR = 56.00 dB | SE = 18.324 bit/s/Hz
[25643 ms] [UE 15599] UL: SNR = 52.50 dB | SE = 17.179 bit/s/Hz
[25735 ms] [UE 33952] UL: SNR = 6.50 dB | SE = 2.414 bit/s/Hz
[25735 ms] [UE 12169] UL: SNR = 63.50 dB | SE = 20.778 bit/s/Hz
[25735 ms] [UE 22873] UL: SNR = 63.50 dB | SE = 20.778 bit/s/Hz
[25735 ms] [UE 30556] UL: SNR = 63.50 dB | SE = 20.778 bit/s/Hz
[25735 ms] [UE 20945] UL: SNR = 52.50 dB | SE = 17.179 bit/s/Hz
[25753 ms] [UE 45898] UL: SNR = 63.50 dB | SE = 20.778 bit/s/Hz
[25753 ms] [UE 36997] UL: SNR = 63.50 dB | SE = 20.778 bit/s/Hz
[25753 ms] [UE 48787] UL: SNR = 63.50 dB | SE = 20.778 bit/s/Hz
[25753 ms] [UE 40252] UL: SNR = 56.00 dB | SE = 18.324 bit/s/Hz
[25753 ms] [UE 15599] UL: SNR = 52.50 dB | SE = 17.179 bit/s/Hz
[25846 ms] [UE 33952] UL: SNR = 6.50 dB | SE = 2.414 bit/s/Hz
[25846 ms] [UE 12169] UL: SNR = 63.50 dB | SE = 20.778 bit/s/Hz
[25846 ms] [UE 22873] UL: SNR = 63.50 dB | SE = 20.778 bit/s/Hz
[25846 ms] [UE 30556] UL: SNR = 63.50 dB | SE = 20.778 bit/s/Hz
[25846 ms] [UE 20945] UL: SNR = 52.50 dB | SE = 17.179 bit/s/Hz
[25863 ms] [UE 45898] UL: SNR = 63.50 dB | SE = 20.778 bit/s/Hz
[25863 ms] [UE 36997] UL: SNR = 63.50 dB | SE = 20.778 bit/s/Hz
[25863 ms] [UE 48787] UL: SNR = 63.50 dB | SE = 20.778 bit/s/Hz
[25863 ms] [UE 40252] UL: SNR = 56.00 dB | SE = 18.324 bit/s/Hz
[25863 ms] [UE 15599] UL: SNR = 52.50 dB | SE = 17.179 bit/s/Hz
[25955 ms] [UE 33952] UL: SNR = 6.50 dB | SE = 2.414 bit/s/Hz
[25955 ms] [UE 12169] UL: SNR = 63.50 dB | SE = 20.778 bit/s/Hz
[25955 ms] [UE 22873] UL: SNR = 63.50 dB | SE = 20.778 bit/s/Hz
[25955 ms] [UE 30556] UL: SNR = 63.50 dB | SE = 20.778 bit/s/Hz
[25955 ms] [UE 20945] UL: SNR = 52.50 dB | SE = 17.179 bit/s/Hz
[25973 ms] [UE 45898] UL: SNR = 63.50 dB | SE = 20.778 bit/s/Hz
[25973 ms] [UE 36997] UL: SNR = 63.50 dB | SE = 20.778 bit/s/Hz
[25973 ms] [UE 48787] UL: SNR = 63.50 dB | SE = 20.778 bit/s/Hz
[25973 ms] [UE 40252] UL: SNR = 56.00 dB | SE = 18.324 bit/s/Hz
[25973 ms] [UE 15599] UL: SNR = 52.50 dB | SE = 17.179 bit/s/Hz
[26065 ms] [UE 33952] UL: SNR = 6.50 dB | SE = 2.414 bit/s/Hz
[26065 ms] [UE 12169] UL: SNR = 63.50 dB | SE = 20.778 bit/s/Hz
[26065 ms] [UE 22873] UL: SNR = 63.50 dB | SE = 20.778 bit/s/Hz
[26065 ms] [UE 30556] UL: SNR = 63.50 dB | SE = 20.778 bit/s/Hz
[26065 ms] [UE 20945] UL: SNR = 52.50 dB | SE = 17.179 bit/s/Hz
[26082 ms] [UE 45898] UL: SNR = 63.50 dB | SE = 20.778 bit/s/Hz
[26082 ms] [UE 36997] UL: SNR = 63.50 dB | SE = 20.778 bit/s/Hz
[26082 ms] [UE 48787] UL: SNR = 63.50 dB | SE = 20.778 bit/s/Hz
[26082 ms] [UE 40252] UL: SNR = 56.00 dB | SE = 18.324 bit/s/Hz
[26082 ms] [UE 15599] UL: SNR = 52.50 dB | SE = 17.179 bit/s/Hz
[26166 ms] [UE 33952] UL: SNR = 6.50 dB | SE = 2.414 bit/s/Hz
[26166 ms] [UE 12169] UL: SNR = 63.50 dB | SE = 20.778 bit/s/Hz
[26166 ms] [UE 22873] UL: SNR = 63.50 dB | SE = 20.778 bit/s/Hz
[26166 ms] [UE 30556] UL: SNR = 63.50 dB | SE = 20.778 bit/s/Hz
[26166 ms] [UE 20945] UL: SNR = 52.50 dB | SE = 17.179 bit/s/Hz
[26183 ms] [UE 45898] UL: SNR = 63.50 dB | SE = 20.778 bit/s/Hz
[26183 ms] [UE 36997] UL: SNR = 63.50 dB | SE = 20.778 bit/s/Hz
[26183 ms] [UE 48787] UL: SNR = 63.50 dB | SE = 20.778 bit/s/Hz
[26183 ms] [UE 40252] UL: SNR = 56.00 dB | SE = 18.324 bit/s/Hz
[26183 ms] [UE 15599] UL: SNR = 52.50 dB | SE = 17.179 bit/s/Hz
[26275 ms] [UE 33952] UL: SNR = 6.50 dB | SE = 2.414 bit/s/Hz
[26275 ms] [UE 12169] UL: SNR = 63.50 dB | SE = 20.778 bit/s/Hz
[26275 ms] [UE 22873] UL: SNR = 63.50 dB | SE = 20.778 bit/s/Hz
[26275 ms] [UE 30556] UL: SNR = 63.50 dB | SE = 20.778 bit/s/Hz
[26275 ms] [UE 20945] UL: SNR = 52.50 dB | SE = 17.179 bit/s/Hz
[26293 ms] [UE 45898] UL: SNR = 63.50 dB | SE = 20.778 bit/s/Hz
[26293 ms] [UE 36997] UL: SNR = 63.50 dB | SE = 20.778 bit/s/Hz
[26293 ms] [UE 48787] UL: SNR = 63.50 dB | SE = 20.778 bit/s/Hz
[26293 ms] [UE 40252] UL: SNR = 56.00 dB | SE = 18.324 bit/s/Hz
[26293 ms] [UE 15599] UL: SNR = 52.50 dB | SE = 17.179 bit/s/Hz
[26385 ms] [UE 33952] UL: SNR = 6.50 dB | SE = 2.414 bit/s/Hz
[26385 ms] [UE 12169] UL: SNR = 63.50 dB | SE = 20.778 bit/s/Hz
[26385 ms] [UE 22873] UL: SNR = 63.50 dB | SE = 20.778 bit/s/Hz
[26385 ms] [UE 30556] UL: SNR = 63.50 dB | SE = 20.778 bit/s/Hz
[26385 ms] [UE 20945] UL: SNR = 52.50 dB | SE = 17.179 bit/s/Hz
[26393 ms] [UE 45898] UL: SNR = 63.50 dB | SE = 20.778 bit/s/Hz
[26393 ms] [UE 36997] UL: SNR = 63.50 dB | SE = 20.778 bit/s/Hz
[26393 ms] [UE 48787] UL: SNR = 63.50 dB | SE = 20.778 bit/s/Hz
[26393 ms] [UE 40252] UL: SNR = 56.00 dB | SE = 18.324 bit/s/Hz
[26393 ms] [UE 15599] UL: SNR = 52.50 dB | SE = 17.179 bit/s/Hz
[26495 ms] [UE 33952] UL: SNR = 6.50 dB | SE = 2.414 bit/s/Hz
[26495 ms] [UE 12169] UL: SNR = 63.50 dB | SE = 20.778 bit/s/Hz
[26495 ms] [UE 22873] UL: SNR = 63.50 dB | SE = 20.778 bit/s/Hz
[26495 ms] [UE 30556] UL: SNR = 63.50 dB | SE = 20.778 bit/s/Hz
[26495 ms] [UE 20945] UL: SNR = 52.50 dB | SE = 17.179 bit/s/Hz
[26503 ms] [UE 45898] UL: SNR = 63.50 dB | SE = 20.778 bit/s/Hz
[26503 ms] [UE 36997] UL: SNR = 63.50 dB | SE = 20.778 bit/s/Hz
[26503 ms] [UE 48787] UL: SNR = 63.50 dB | SE = 20.778 bit/s/Hz
[26503 ms] [UE 40252] UL: SNR = 56.00 dB | SE = 18.324 bit/s/Hz
[26503 ms] [UE 15599] UL: SNR = 52.50 dB | SE = 17.179 bit/s/Hz
[26595 ms] [UE 33952] UL: SNR = 6.50 dB | SE = 2.414 bit/s/Hz
[26595 ms] [UE 12169] UL: SNR = 63.50 dB | SE = 20.778 bit/s/Hz
[26595 ms] [UE 22873] UL: SNR = 63.50 dB | SE = 20.778 bit/s/Hz
[26595 ms] [UE 30556] UL: SNR = 63.50 dB | SE = 20.778 bit/s/Hz
[26595 ms] [UE 20945] UL: SNR = 52.50 dB | SE = 17.179 bit/s/Hz
[26603 ms] [UE 45898] UL: SNR = 63.50 dB | SE = 20.778 bit/s/Hz
[26603 ms] [UE 36997] UL: SNR = 63.50 dB | SE = 20.778 bit/s/Hz
[26603 ms] [UE 48787] UL: SNR = 63.50 dB | SE = 20.778 bit/s/Hz
[26603 ms] [UE 40252] UL: SNR = 56.00 dB | SE = 18.324 bit/s/Hz
[26603 ms] [UE 15599] UL: SNR = 52.50 dB | SE = 17.179 bit/s/Hz
[26695 ms] [UE 33952] UL: SNR = 6.50 dB | SE = 2.414 bit/s/Hz
[26695 ms] [UE 12169] UL: SNR = 63.50 dB | SE = 20.778 bit/s/Hz
[26695 ms] [UE 22873] UL: SNR = 63.50 dB | SE = 20.778 bit/s/Hz
[26695 ms] [UE 30556] UL: SNR = 63.50 dB | SE = 20.778 bit/s/Hz
[26695 ms] [UE 20945] UL: SNR = 52.50 dB | SE = 17.179 bit/s/Hz
[26703 ms] [UE 45898] UL: SNR = 63.50 dB | SE = 20.778 bit/s/Hz
[26703 ms] [UE 36997] UL: SNR = 63.50 dB | SE = 20.778 bit/s/Hz
[26703 ms] [UE 48787] UL: SNR = 63.50 dB | SE = 20.778 bit/s/Hz
[26703 ms] [UE 40252] UL: SNR = 56.00 dB | SE = 18.324 bit/s/Hz
[26703 ms] [UE 15599] UL: SNR = 52.50 dB | SE = 17.179 bit/s/Hz
[26796 ms] [UE 33952] UL: SNR = 6.50 dB | SE = 2.414 bit/s/Hz
[26796 ms] [UE 12169] UL: SNR = 63.50 dB | SE = 20.778 bit/s/Hz
[26796 ms] [UE 22873] UL: SNR = 63.50 dB | SE = 20.778 bit/s/Hz
[26796 ms] [UE 30556] UL: SNR = 63.50 dB | SE = 20.778 bit/s/Hz
[26796 ms] [UE 20945] UL: SNR = 52.50 dB | SE = 17.179 bit/s/Hz
[26803 ms] [UE 45898] UL: SNR = 63.50 dB | SE = 20.778 bit/s/Hz
[26803 ms] [UE 36997] UL: SNR = 63.50 dB | SE = 20.778 bit/s/Hz
[26803 ms] [UE 48787] UL: SNR = 63.50 dB | SE = 20.778 bit/s/Hz
[26803 ms] [UE 40252] UL: SNR = 56.00 dB | SE = 18.324 bit/s/Hz
[26803 ms] [UE 15599] UL: SNR = 52.50 dB | SE = 17.179 bit/s/Hz
[26907 ms] [UE 33952] UL: SNR = 6.50 dB | SE = 2.414 bit/s/Hz
[26907 ms] [UE 12169] UL: SNR = 63.50 dB | SE = 20.778 bit/s/Hz
[26907 ms] [UE 22873] UL: SNR = 63.50 dB | SE = 20.778 bit/s/Hz
[26907 ms] [UE 30556] UL: SNR = 63.50 dB | SE = 20.778 bit/s/Hz
[26907 ms] [UE 20945] UL: SNR = 52.50 dB | SE = 17.179 bit/s/Hz
[26913 ms] [UE 45898] UL: SNR = 63.50 dB | SE = 20.778 bit/s/Hz
[26913 ms] [UE 36997] UL: SNR = 63.50 dB | SE = 20.778 bit/s/Hz
[26913 ms] [UE 48787] UL: SNR = 63.50 dB | SE = 20.778 bit/s/Hz
[26913 ms] [UE 40252] UL: SNR = 56.00 dB | SE = 18.324 bit/s/Hz
[26913 ms] [UE 15599] UL: SNR = 52.50 dB | SE = 17.179 bit/s/Hz
[27013 ms] [UE 45898] UL: SNR = 63.50 dB | SE = 20.778 bit/s/Hz
[27013 ms] [UE 36997] UL: SNR = 63.50 dB | SE = 20.778 bit/s/Hz
[27013 ms] [UE 48787] UL: SNR = 63.50 dB | SE = 20.778 bit/s/Hz
[27013 ms] [UE 40252] UL: SNR = 56.00 dB | SE = 18.324 bit/s/Hz
[27013 ms] [UE 15599] UL: SNR = 52.50 dB | SE = 17.179 bit/s/Hz
[27015 ms] [UE 33952] UL: SNR = 6.50 dB | SE = 2.414 bit/s/Hz
[27015 ms] [UE 12169] UL: SNR = 63.50 dB | SE = 20.778 bit/s/Hz
[27015 ms] [UE 22873] UL: SNR = 63.50 dB | SE = 20.778 bit/s/Hz
[27015 ms] [UE 30556] UL: SNR = 63.50 dB | SE = 20.778 bit/s/Hz
[27015 ms] [UE 20945] UL: SNR = 52.50 dB | SE = 17.179 bit/s/Hz
[27117 ms] [UE 33952] UL: SNR = 6.50 dB | SE = 2.414 bit/s/Hz
[27117 ms] [UE 12169] UL: SNR = 63.50 dB | SE = 20.778 bit/s/Hz
[27117 ms] [UE 22873] UL: SNR = 63.50 dB | SE = 20.778 bit/s/Hz
[27117 ms] [UE 30556] UL: SNR = 63.50 dB | SE = 20.778 bit/s/Hz
[27117 ms] [UE 20945] UL: SNR = 52.50 dB | SE = 17.179 bit/s/Hz
[27123 ms] [UE 45898] UL: SNR = 63.50 dB | SE = 20.778 bit/s/Hz
[27123 ms] [UE 36997] UL: SNR = 63.50 dB | SE = 20.778 bit/s/Hz
[27123 ms] [UE 48787] UL: SNR = 63.50 dB | SE = 20.778 bit/s/Hz
[27123 ms] [UE 40252] UL: SNR = 56.00 dB | SE = 18.324 bit/s/Hz
[27123 ms] [UE 15599] UL: SNR = 52.50 dB | SE = 17.179 bit/s/Hz
[27225 ms] [UE 33952] UL: SNR = 6.50 dB | SE = 2.414 bit/s/Hz
[27225 ms] [UE 12169] UL: SNR = 63.50 dB | SE = 20.778 bit/s/Hz
[27225 ms] [UE 22873] UL: SNR = 63.50 dB | SE = 20.778 bit/s/Hz
[27225 ms] [UE 30556] UL: SNR = 63.50 dB | SE = 20.778 bit/s/Hz
[27225 ms] [UE 20945] UL: SNR = 52.50 dB | SE = 17.179 bit/s/Hz
[27233 ms] [UE 45898] UL: SNR = 63.50 dB | SE = 20.778 bit/s/Hz
[27233 ms] [UE 36997] UL: SNR = 63.50 dB | SE = 20.778 bit/s/Hz
[27233 ms] [UE 48787] UL: SNR = 63.50 dB | SE = 20.778 bit/s/Hz
[27233 ms] [UE 40252] UL: SNR = 56.00 dB | SE = 18.324 bit/s/Hz
[27233 ms] [UE 15599] UL: SNR = 52.50 dB | SE = 17.179 bit/s/Hz
[27326 ms] [UE 33952] UL: SNR = 6.50 dB | SE = 2.414 bit/s/Hz
[27326 ms] [UE 12169] UL: SNR = 63.50 dB | SE = 20.778 bit/s/Hz
[27326 ms] [UE 22873] UL: SNR = 63.50 dB | SE = 20.778 bit/s/Hz
[27326 ms] [UE 30556] UL: SNR = 63.50 dB | SE = 20.778 bit/s/Hz
[27326 ms] [UE 20945] UL: SNR = 52.50 dB | SE = 17.179 bit/s/Hz
[27343 ms] [UE 45898] UL: SNR = 63.50 dB | SE = 20.778 bit/s/Hz
[27343 ms] [UE 36997] UL: SNR = 63.50 dB | SE = 20.778 bit/s/Hz
[27343 ms] [UE 48787] UL: SNR = 63.50 dB | SE = 20.778 bit/s/Hz
[27343 ms] [UE 40252] UL: SNR = 56.00 dB | SE = 18.324 bit/s/Hz
[27343 ms] [UE 15599] UL: SNR = 52.50 dB | SE = 17.179 bit/s/Hz
[27435 ms] [UE 33952] UL: SNR = 6.50 dB | SE = 2.414 bit/s/Hz
[27435 ms] [UE 12169] UL: SNR = 63.50 dB | SE = 20.778 bit/s/Hz
[27435 ms] [UE 22873] UL: SNR = 63.50 dB | SE = 20.778 bit/s/Hz
[27435 ms] [UE 30556] UL: SNR = 63.50 dB | SE = 20.778 bit/s/Hz
[27435 ms] [UE 20945] UL: SNR = 52.50 dB | SE = 17.179 bit/s/Hz
[27453 ms] [UE 45898] UL: SNR = 63.50 dB | SE = 20.778 bit/s/Hz
[27453 ms] [UE 36997] UL: SNR = 63.50 dB | SE = 20.778 bit/s/Hz
[27453 ms] [UE 48787] UL: SNR = 63.50 dB | SE = 20.778 bit/s/Hz
[27453 ms] [UE 40252] UL: SNR = 56.00 dB | SE = 18.324 bit/s/Hz
[27453 ms] [UE 15599] UL: SNR = 52.50 dB | SE = 17.179 bit/s/Hz
[27545 ms] [UE 33952] UL: SNR = 6.50 dB | SE = 2.414 bit/s/Hz
[27545 ms] [UE 12169] UL: SNR = 63.50 dB | SE = 20.778 bit/s/Hz
[27545 ms] [UE 22873] UL: SNR = 63.50 dB | SE = 20.778 bit/s/Hz
[27545 ms] [UE 30556] UL: SNR = 63.50 dB | SE = 20.778 bit/s/Hz
[27545 ms] [UE 20945] UL: SNR = 52.50 dB | SE = 17.179 bit/s/Hz
[27563 ms] [UE 45898] UL: SNR = 63.50 dB | SE = 20.778 bit/s/Hz
[27563 ms] [UE 36997] UL: SNR = 63.50 dB | SE = 20.778 bit/s/Hz
[27563 ms] [UE 48787] UL: SNR = 63.50 dB | SE = 20.778 bit/s/Hz
[27563 ms] [UE 40252] UL: SNR = 56.00 dB | SE = 18.324 bit/s/Hz
[27563 ms] [UE 15599] UL: SNR = 52.50 dB | SE = 17.179 bit/s/Hz
[27655 ms] [UE 33952] UL: SNR = 6.50 dB | SE = 2.414 bit/s/Hz
[27655 ms] [UE 12169] UL: SNR = 63.50 dB | SE = 20.778 bit/s/Hz
[27655 ms] [UE 22873] UL: SNR = 63.50 dB | SE = 20.778 bit/s/Hz
[27655 ms] [UE 30556] UL: SNR = 63.50 dB | SE = 20.778 bit/s/Hz
[27655 ms] [UE 20945] UL: SNR = 52.50 dB | SE = 17.179 bit/s/Hz
[27663 ms] [UE 45898] UL: SNR = 63.50 dB | SE = 20.778 bit/s/Hz
[27663 ms] [UE 36997] UL: SNR = 63.50 dB | SE = 20.778 bit/s/Hz
[27663 ms] [UE 48787] UL: SNR = 63.50 dB | SE = 20.778 bit/s/Hz
[27663 ms] [UE 40252] UL: SNR = 56.00 dB | SE = 18.324 bit/s/Hz
[27663 ms] [UE 15599] UL: SNR = 52.50 dB | SE = 17.179 bit/s/Hz
[27755 ms] [UE 33952] UL: SNR = 6.50 dB | SE = 2.414 bit/s/Hz
[27755 ms] [UE 12169] UL: SNR = 63.50 dB | SE = 20.778 bit/s/Hz
[27755 ms] [UE 22873] UL: SNR = 63.50 dB | SE = 20.778 bit/s/Hz
[27755 ms] [UE 30556] UL: SNR = 63.50 dB | SE = 20.778 bit/s/Hz
[27755 ms] [UE 20945] UL: SNR = 52.50 dB | SE = 17.179 bit/s/Hz
[27773 ms] [UE 45898] UL: SNR = 63.50 dB | SE = 20.778 bit/s/Hz
[27773 ms] [UE 36997] UL: SNR = 63.50 dB | SE = 20.778 bit/s/Hz
[27773 ms] [UE 48787] UL: SNR = 63.50 dB | SE = 20.778 bit/s/Hz
[27773 ms] [UE 40252] UL: SNR = 56.00 dB | SE = 18.324 bit/s/Hz
[27773 ms] [UE 15599] UL: SNR = 52.50 dB | SE = 17.179 bit/s/Hz
[27855 ms] [UE 33952] UL: SNR = 6.50 dB | SE = 2.414 bit/s/Hz
[27855 ms] [UE 12169] UL: SNR = 63.50 dB | SE = 20.778 bit/s/Hz
[27855 ms] [UE 22873] UL: SNR = 63.50 dB | SE = 20.778 bit/s/Hz
[27855 ms] [UE 30556] UL: SNR = 63.50 dB | SE = 20.778 bit/s/Hz
[27855 ms] [UE 20945] UL: SNR = 52.50 dB | SE = 17.179 bit/s/Hz
[27873 ms] [UE 45898] UL: SNR = 63.50 dB | SE = 20.778 bit/s/Hz
[27873 ms] [UE 36997] UL: SNR = 63.50 dB | SE = 20.778 bit/s/Hz
[27873 ms] [UE 48787] UL: SNR = 63.50 dB | SE = 20.778 bit/s/Hz
[27873 ms] [UE 40252] UL: SNR = 56.00 dB | SE = 18.324 bit/s/Hz
[27873 ms] [UE 15599] UL: SNR = 52.50 dB | SE = 17.179 bit/s/Hz
[27955 ms] [UE 33952] UL: SNR = 6.50 dB | SE = 2.414 bit/s/Hz
[27955 ms] [UE 12169] UL: SNR = 63.50 dB | SE = 20.778 bit/s/Hz
[27955 ms] [UE 22873] UL: SNR = 63.50 dB | SE = 20.778 bit/s/Hz
[27955 ms] [UE 30556] UL: SNR = 53.50 dB | SE = 17.506 bit/s/Hz
[27955 ms] [UE 20945] UL: SNR = 52.50 dB | SE = 17.179 bit/s/Hz
[27983 ms] [UE 45898] UL: SNR = 63.50 dB | SE = 20.778 bit/s/Hz
[27983 ms] [UE 36997] UL: SNR = 63.50 dB | SE = 20.778 bit/s/Hz
[27983 ms] [UE 48787] UL: SNR = 63.50 dB | SE = 20.778 bit/s/Hz
[27983 ms] [UE 40252] UL: SNR = 56.00 dB | SE = 18.324 bit/s/Hz
[27983 ms] [UE 15599] UL: SNR = 52.50 dB | SE = 17.179 bit/s/Hz
[28065 ms] [UE 33952] UL: SNR = 6.50 dB | SE = 2.414 bit/s/Hz
[28065 ms] [UE 12169] UL: SNR = 63.50 dB | SE = 20.778 bit/s/Hz
[28065 ms] [UE 22873] UL: SNR = 63.50 dB | SE = 20.778 bit/s/Hz
[28065 ms] [UE 30556] UL: SNR = 53.50 dB | SE = 17.506 bit/s/Hz
[28065 ms] [UE 20945] UL: SNR = 52.50 dB | SE = 17.179 bit/s/Hz
[28083 ms] [UE 45898] UL: SNR = 63.50 dB | SE = 20.778 bit/s/Hz
[28083 ms] [UE 36997] UL: SNR = 63.50 dB | SE = 20.778 bit/s/Hz
[28083 ms] [UE 48787] UL: SNR = 63.50 dB | SE = 20.778 bit/s/Hz
[28083 ms] [UE 40252] UL: SNR = 56.00 dB | SE = 18.324 bit/s/Hz
[28083 ms] [UE 15599] UL: SNR = 52.50 dB | SE = 17.179 bit/s/Hz
[28165 ms] [UE 33952] UL: SNR = 6.50 dB | SE = 2.414 bit/s/Hz
[28165 ms] [UE 12169] UL: SNR = 63.50 dB | SE = 20.778 bit/s/Hz
[28165 ms] [UE 22873] UL: SNR = 63.50 dB | SE = 20.778 bit/s/Hz
[28165 ms] [UE 30556] UL: SNR = 53.50 dB | SE = 17.506 bit/s/Hz
[28165 ms] [UE 20945] UL: SNR = 52.50 dB | SE = 17.179 bit/s/Hz
[28183 ms] [UE 45898] UL: SNR = 63.50 dB | SE = 20.778 bit/s/Hz
[28183 ms] [UE 36997] UL: SNR = 63.50 dB | SE = 20.778 bit/s/Hz
[28183 ms] [UE 48787] UL: SNR = 63.50 dB | SE = 20.778 bit/s/Hz
[28183 ms] [UE 40252] UL: SNR = 56.00 dB | SE = 18.324 bit/s/Hz
[28183 ms] [UE 15599] UL: SNR = 52.50 dB | SE = 17.179 bit/s/Hz
[28275 ms] [UE 33952] UL: SNR = 6.50 dB | SE = 2.414 bit/s/Hz
[28275 ms] [UE 12169] UL: SNR = 63.50 dB | SE = 20.778 bit/s/Hz
[28275 ms] [UE 22873] UL: SNR = 63.50 dB | SE = 20.778 bit/s/Hz
[28275 ms] [UE 30556] UL: SNR = 53.50 dB | SE = 17.506 bit/s/Hz
[28275 ms] [UE 20945] UL: SNR = 52.50 dB | SE = 17.179 bit/s/Hz
[28293 ms] [UE 45898] UL: SNR = 63.50 dB | SE = 20.778 bit/s/Hz
[28293 ms] [UE 36997] UL: SNR = 63.50 dB | SE = 20.778 bit/s/Hz
[28293 ms] [UE 48787] UL: SNR = 63.50 dB | SE = 20.778 bit/s/Hz
[28293 ms] [UE 40252] UL: SNR = 56.00 dB | SE = 18.324 bit/s/Hz
[28293 ms] [UE 15599] UL: SNR = 52.50 dB | SE = 17.179 bit/s/Hz
[28385 ms] [UE 33952] UL: SNR = 6.50 dB | SE = 2.414 bit/s/Hz
[28385 ms] [UE 12169] UL: SNR = 63.50 dB | SE = 20.778 bit/s/Hz
[28385 ms] [UE 22873] UL: SNR = 63.50 dB | SE = 20.778 bit/s/Hz
[28385 ms] [UE 30556] UL: SNR = 53.50 dB | SE = 17.506 bit/s/Hz
[28385 ms] [UE 20945] UL: SNR = 52.50 dB | SE = 17.179 bit/s/Hz
[28393 ms] [UE 45898] UL: SNR = 63.50 dB | SE = 20.778 bit/s/Hz
[28393 ms] [UE 36997] UL: SNR = 63.50 dB | SE = 20.778 bit/s/Hz
[28393 ms] [UE 48787] UL: SNR = 63.50 dB | SE = 20.778 bit/s/Hz
[28393 ms] [UE 40252] UL: SNR = 56.00 dB | SE = 18.324 bit/s/Hz
[28393 ms] [UE 15599] UL: SNR = 52.50 dB | SE = 17.179 bit/s/Hz
[28495 ms] [UE 33952] UL: SNR = 6.50 dB | SE = 2.414 bit/s/Hz
[28495 ms] [UE 12169] UL: SNR = 63.50 dB | SE = 20.778 bit/s/Hz
[28495 ms] [UE 22873] UL: SNR = 63.50 dB | SE = 20.778 bit/s/Hz
[28495 ms] [UE 30556] UL: SNR = 53.50 dB | SE = 17.506 bit/s/Hz
[28495 ms] [UE 20945] UL: SNR = 52.50 dB | SE = 17.179 bit/s/Hz
[28503 ms] [UE 45898] UL: SNR = 63.50 dB | SE = 20.778 bit/s/Hz
[28503 ms] [UE 36997] UL: SNR = 63.50 dB | SE = 20.778 bit/s/Hz
[28503 ms] [UE 48787] UL: SNR = 63.50 dB | SE = 20.778 bit/s/Hz
[28503 ms] [UE 40252] UL: SNR = 56.00 dB | SE = 18.324 bit/s/Hz
[28503 ms] [UE 15599] UL: SNR = 52.50 dB | SE = 17.179 bit/s/Hz
[28607 ms] [UE 33952] UL: SNR = 6.50 dB | SE = 2.414 bit/s/Hz
[28607 ms] [UE 12169] UL: SNR = 63.50 dB | SE = 20.778 bit/s/Hz
[28607 ms] [UE 22873] UL: SNR = 63.50 dB | SE = 20.778 bit/s/Hz
[28607 ms] [UE 30556] UL: SNR = 63.50 dB | SE = 20.778 bit/s/Hz
[28607 ms] [UE 20945] UL: SNR = 52.50 dB | SE = 17.179 bit/s/Hz
[28613 ms] [UE 45898] UL: SNR = 63.50 dB | SE = 20.778 bit/s/Hz
[28613 ms] [UE 36997] UL: SNR = 63.50 dB | SE = 20.778 bit/s/Hz
[28613 ms] [UE 48787] UL: SNR = 63.50 dB | SE = 20.778 bit/s/Hz
[28613 ms] [UE 40252] UL: SNR = 56.00 dB | SE = 18.324 bit/s/Hz
[28613 ms] [UE 15599] UL: SNR = 52.50 dB | SE = 17.179 bit/s/Hz
[28715 ms] [UE 33952] UL: SNR = 6.50 dB | SE = 2.414 bit/s/Hz
[28715 ms] [UE 12169] UL: SNR = 63.50 dB | SE = 20.778 bit/s/Hz
[28715 ms] [UE 22873] UL: SNR = 63.50 dB | SE = 20.778 bit/s/Hz
[28715 ms] [UE 30556] UL: SNR = 63.50 dB | SE = 20.778 bit/s/Hz
[28715 ms] [UE 20945] UL: SNR = 52.50 dB | SE = 17.179 bit/s/Hz
[28723 ms] [UE 45898] UL: SNR = 63.50 dB | SE = 20.778 bit/s/Hz
[28723 ms] [UE 36997] UL: SNR = 63.50 dB | SE = 20.778 bit/s/Hz
[28723 ms] [UE 48787] UL: SNR = 63.50 dB | SE = 20.778 bit/s/Hz
[28723 ms] [UE 40252] UL: SNR = 56.00 dB | SE = 18.324 bit/s/Hz
[28723 ms] [UE 15599] UL: SNR = 52.50 dB | SE = 17.179 bit/s/Hz
[28816 ms] [UE 33952] UL: SNR = 6.50 dB | SE = 2.414 bit/s/Hz
[28816 ms] [UE 12169] UL: SNR = 63.50 dB | SE = 20.778 bit/s/Hz
[28816 ms] [UE 22873] UL: SNR = 63.50 dB | SE = 20.778 bit/s/Hz
[28816 ms] [UE 30556] UL: SNR = 63.50 dB | SE = 20.778 bit/s/Hz
[28816 ms] [UE 20945] UL: SNR = 52.50 dB | SE = 17.179 bit/s/Hz
[28833 ms] [UE 45898] UL: SNR = 63.50 dB | SE = 20.778 bit/s/Hz
[28833 ms] [UE 36997] UL: SNR = 63.50 dB | SE = 20.778 bit/s/Hz
[28833 ms] [UE 48787] UL: SNR = 63.50 dB | SE = 20.778 bit/s/Hz
[28833 ms] [UE 40252] UL: SNR = 56.00 dB | SE = 18.324 bit/s/Hz
[28833 ms] [UE 15599] UL: SNR = 52.50 dB | SE = 17.179 bit/s/Hz
[28925 ms] [UE 33952] UL: SNR = 6.50 dB | SE = 2.414 bit/s/Hz
[28925 ms] [UE 12169] UL: SNR = 63.50 dB | SE = 20.778 bit/s/Hz
[28925 ms] [UE 22873] UL: SNR = 63.50 dB | SE = 20.778 bit/s/Hz
[28925 ms] [UE 30556] UL: SNR = 63.50 dB | SE = 20.778 bit/s/Hz
[28925 ms] [UE 20945] UL: SNR = 52.50 dB | SE = 17.179 bit/s/Hz
[28943 ms] [UE 45898] UL: SNR = 63.50 dB | SE = 20.778 bit/s/Hz
[28943 ms] [UE 36997] UL: SNR = 63.50 dB | SE = 20.778 bit/s/Hz
[28943 ms] [UE 48787] UL: SNR = 63.50 dB | SE = 20.778 bit/s/Hz
[28943 ms] [UE 40252] UL: SNR = 56.00 dB | SE = 18.324 bit/s/Hz
[28943 ms] [UE 15599] UL: SNR = 52.50 dB | SE = 17.179 bit/s/Hz
[29026 ms] [UE 33952] UL: SNR = 6.50 dB | SE = 2.414 bit/s/Hz
[29026 ms] [UE 12169] UL: SNR = 63.50 dB | SE = 20.778 bit/s/Hz
[29026 ms] [UE 22873] UL: SNR = 63.50 dB | SE = 20.778 bit/s/Hz
[29026 ms] [UE 30556] UL: SNR = 63.50 dB | SE = 20.778 bit/s/Hz
[29026 ms] [UE 20945] UL: SNR = 52.50 dB | SE = 17.179 bit/s/Hz
[29043 ms] [UE 45898] UL: SNR = 63.50 dB | SE = 20.778 bit/s/Hz
[29043 ms] [UE 36997] UL: SNR = 63.50 dB | SE = 20.778 bit/s/Hz
[29043 ms] [UE 48787] UL: SNR = 63.50 dB | SE = 20.778 bit/s/Hz
[29043 ms] [UE 40252] UL: SNR = 56.00 dB | SE = 18.324 bit/s/Hz
[29043 ms] [UE 15599] UL: SNR = 52.50 dB | SE = 17.179 bit/s/Hz
[29135 ms] [UE 33952] UL: SNR = 6.50 dB | SE = 2.414 bit/s/Hz
[29135 ms] [UE 12169] UL: SNR = 63.50 dB | SE = 20.778 bit/s/Hz
[29135 ms] [UE 22873] UL: SNR = 63.50 dB | SE = 20.778 bit/s/Hz
[29135 ms] [UE 30556] UL: SNR = 63.50 dB | SE = 20.778 bit/s/Hz
[29135 ms] [UE 20945] UL: SNR = 52.50 dB | SE = 17.179 bit/s/Hz
[29153 ms] [UE 45898] UL: SNR = 63.50 dB | SE = 20.778 bit/s/Hz
[29153 ms] [UE 36997] UL: SNR = 63.50 dB | SE = 20.778 bit/s/Hz
[29153 ms] [UE 48787] UL: SNR = 63.50 dB | SE = 20.778 bit/s/Hz
[29153 ms] [UE 40252] UL: SNR = 56.00 dB | SE = 18.324 bit/s/Hz
[29153 ms] [UE 15599] UL: SNR = 52.50 dB | SE = 17.179 bit/s/Hz
[29245 ms] [UE 33952] UL: SNR = 6.50 dB | SE = 2.414 bit/s/Hz
[29245 ms] [UE 12169] UL: SNR = 63.50 dB | SE = 20.778 bit/s/Hz
[29245 ms] [UE 22873] UL: SNR = 63.50 dB | SE = 20.778 bit/s/Hz
[29245 ms] [UE 30556] UL: SNR = 63.50 dB | SE = 20.778 bit/s/Hz
[29245 ms] [UE 20945] UL: SNR = 52.50 dB | SE = 17.179 bit/s/Hz
[29263 ms] [UE 45898] UL: SNR = 63.50 dB | SE = 20.778 bit/s/Hz
[29263 ms] [UE 36997] UL: SNR = 63.50 dB | SE = 20.778 bit/s/Hz
[29263 ms] [UE 48787] UL: SNR = 63.50 dB | SE = 20.778 bit/s/Hz
[29263 ms] [UE 40252] UL: SNR = 56.00 dB | SE = 18.324 bit/s/Hz
[29263 ms] [UE 15599] UL: SNR = 52.50 dB | SE = 17.179 bit/s/Hz
[29345 ms] [UE 33952] UL: SNR = 6.50 dB | SE = 2.414 bit/s/Hz
[29345 ms] [UE 12169] UL: SNR = 63.50 dB | SE = 20.778 bit/s/Hz
[29345 ms] [UE 22873] UL: SNR = 63.50 dB | SE = 20.778 bit/s/Hz
[29345 ms] [UE 30556] UL: SNR = 63.50 dB | SE = 20.778 bit/s/Hz
[29345 ms] [UE 20945] UL: SNR = 52.50 dB | SE = 17.179 bit/s/Hz
[29363 ms] [UE 45898] UL: SNR = 63.50 dB | SE = 20.778 bit/s/Hz
[29363 ms] [UE 36997] UL: SNR = 63.50 dB | SE = 20.778 bit/s/Hz
[29363 ms] [UE 48787] UL: SNR = 63.50 dB | SE = 20.778 bit/s/Hz
[29363 ms] [UE 40252] UL: SNR = 56.00 dB | SE = 18.324 bit/s/Hz
[29363 ms] [UE 15599] UL: SNR = 52.50 dB | SE = 17.179 bit/s/Hz
[29455 ms] [UE 33952] UL: SNR = 6.50 dB | SE = 2.414 bit/s/Hz
[29455 ms] [UE 12169] UL: SNR = 63.50 dB | SE = 20.778 bit/s/Hz
[29455 ms] [UE 22873] UL: SNR = 63.50 dB | SE = 20.778 bit/s/Hz
[29455 ms] [UE 30556] UL: SNR = 63.50 dB | SE = 20.778 bit/s/Hz
[29455 ms] [UE 20945] UL: SNR = 52.50 dB | SE = 17.179 bit/s/Hz
[29472 ms] [UE 45898] UL: SNR = 63.50 dB | SE = 20.778 bit/s/Hz
[29472 ms] [UE 36997] UL: SNR = 63.50 dB | SE = 20.778 bit/s/Hz
[29472 ms] [UE 48787] UL: SNR = 63.50 dB | SE = 20.778 bit/s/Hz
[29472 ms] [UE 40252] UL: SNR = 56.00 dB | SE = 18.324 bit/s/Hz
[29472 ms] [UE 15599] UL: SNR = 52.50 dB | SE = 17.179 bit/s/Hz
[29555 ms] [UE 33952] UL: SNR = 6.50 dB | SE = 2.414 bit/s/Hz
[29555 ms] [UE 12169] UL: SNR = 63.50 dB | SE = 20.778 bit/s/Hz
[29555 ms] [UE 22873] UL: SNR = 63.50 dB | SE = 20.778 bit/s/Hz
[29555 ms] [UE 30556] UL: SNR = 63.50 dB | SE = 20.778 bit/s/Hz
[29555 ms] [UE 20945] UL: SNR = 52.50 dB | SE = 17.179 bit/s/Hz
[29573 ms] [UE 45898] UL: SNR = 63.50 dB | SE = 20.778 bit/s/Hz
[29573 ms] [UE 36997] UL: SNR = 63.50 dB | SE = 20.778 bit/s/Hz
[29573 ms] [UE 48787] UL: SNR = 63.50 dB | SE = 20.778 bit/s/Hz
[29573 ms] [UE 40252] UL: SNR = 56.00 dB | SE = 18.324 bit/s/Hz
[29573 ms] [UE 15599] UL: SNR = 52.50 dB | SE = 17.179 bit/s/Hz
[29655 ms] [UE 33952] UL: SNR = 6.50 dB | SE = 2.414 bit/s/Hz
[29655 ms] [UE 12169] UL: SNR = 63.50 dB | SE = 20.778 bit/s/Hz
[29655 ms] [UE 22873] UL: SNR = 63.50 dB | SE = 20.778 bit/s/Hz
[29655 ms] [UE 30556] UL: SNR = 63.50 dB | SE = 20.778 bit/s/Hz
[29655 ms] [UE 20945] UL: SNR = 52.50 dB | SE = 17.179 bit/s/Hz
[29683 ms] [UE 45898] UL: SNR = 63.50 dB | SE = 20.778 bit/s/Hz
[29683 ms] [UE 36997] UL: SNR = 63.50 dB | SE = 20.778 bit/s/Hz
[29683 ms] [UE 48787] UL: SNR = 63.50 dB | SE = 20.778 bit/s/Hz
[29683 ms] [UE 40252] UL: SNR = 56.00 dB | SE = 18.324 bit/s/Hz
[29683 ms] [UE 15599] UL: SNR = 52.50 dB | SE = 17.179 bit/s/Hz
[29757 ms] [UE 33952] UL: SNR = 6.50 dB | SE = 2.414 bit/s/Hz
[29757 ms] [UE 12169] UL: SNR = 63.50 dB | SE = 20.778 bit/s/Hz
[29757 ms] [UE 22873] UL: SNR = 63.50 dB | SE = 20.778 bit/s/Hz
[29757 ms] [UE 30556] UL: SNR = 63.50 dB | SE = 20.778 bit/s/Hz
[29757 ms] [UE 20945] UL: SNR = 52.50 dB | SE = 17.179 bit/s/Hz
[29793 ms] [UE 45898] UL: SNR = 63.50 dB | SE = 20.778 bit/s/Hz
[29793 ms] [UE 36997] UL: SNR = 63.50 dB | SE = 20.778 bit/s/Hz
[29793 ms] [UE 48787] UL: SNR = 63.50 dB | SE = 20.778 bit/s/Hz
[29793 ms] [UE 40252] UL: SNR = 56.00 dB | SE = 18.324 bit/s/Hz
[29793 ms] [UE 15599] UL: SNR = 52.50 dB | SE = 17.179 bit/s/Hz
[29865 ms] [UE 33952] UL: SNR = 6.50 dB | SE = 2.414 bit/s/Hz
[29865 ms] [UE 12169] UL: SNR = 63.50 dB | SE = 20.778 bit/s/Hz
[29865 ms] [UE 22873] UL: SNR = 63.50 dB | SE = 20.778 bit/s/Hz
[29865 ms] [UE 30556] UL: SNR = 63.50 dB | SE = 20.778 bit/s/Hz
[29865 ms] [UE 20945] UL: SNR = 52.50 dB | SE = 17.179 bit/s/Hz
[29903 ms] [UE 45898] UL: SNR = 63.50 dB | SE = 20.778 bit/s/Hz
[29903 ms] [UE 36997] UL: SNR = 63.50 dB | SE = 20.778 bit/s/Hz
[29903 ms] [UE 48787] UL: SNR = 63.50 dB | SE = 20.778 bit/s/Hz
[29903 ms] [UE 40252] UL: SNR = 56.00 dB | SE = 18.324 bit/s/Hz
[29903 ms] [UE 15599] UL: SNR = 52.50 dB | SE = 17.179 bit/s/Hz
[29966 ms] [UE 33952] UL: SNR = 6.50 dB | SE = 2.414 bit/s/Hz
[29966 ms] [UE 12169] UL: SNR = 63.50 dB | SE = 20.778 bit/s/Hz
[29966 ms] [UE 22873] UL: SNR = 63.50 dB | SE = 20.778 bit/s/Hz
[29966 ms] [UE 30556] UL: SNR = 63.50 dB | SE = 20.778 bit/s/Hz
[29966 ms] [UE 20945] UL: SNR = 52.50 dB | SE = 17.179 bit/s/Hz
[30003 ms] [UE 45898] UL: SNR = 63.50 dB | SE = 20.778 bit/s/Hz
[30003 ms] [UE 36997] UL: SNR = 63.50 dB | SE = 20.778 bit/s/Hz
[30003 ms] [UE 48787] UL: SNR = 63.50 dB | SE = 20.778 bit/s/Hz
[30003 ms] [UE 40252] UL: SNR = 56.00 dB | SE = 18.324 bit/s/Hz
[30003 ms] [UE 15599] UL: SNR = 52.50 dB | SE = 17.179 bit/s/Hz
[30075 ms] [UE 33952] UL: SNR = 6.50 dB | SE = 2.414 bit/s/Hz
[30075 ms] [UE 12169] UL: SNR = 63.50 dB | SE = 20.778 bit/s/Hz
[30075 ms] [UE 22873] UL: SNR = 63.50 dB | SE = 20.778 bit/s/Hz
[30075 ms] [UE 30556] UL: SNR = 63.50 dB | SE = 20.778 bit/s/Hz
[30075 ms] [UE 20945] UL: SNR = 52.50 dB | SE = 17.179 bit/s/Hz
[30103 ms] [UE 45898] UL: SNR = 63.50 dB | SE = 20.778 bit/s/Hz
[30103 ms] [UE 36997] UL: SNR = 63.50 dB | SE = 20.778 bit/s/Hz
[30103 ms] [UE 48787] UL: SNR = 63.50 dB | SE = 20.778 bit/s/Hz
[30103 ms] [UE 40252] UL: SNR = 56.00 dB | SE = 18.324 bit/s/Hz
[30103 ms] [UE 15599] UL: SNR = 52.50 dB | SE = 17.179 bit/s/Hz
[30185 ms] [UE 33952] UL: SNR = 6.50 dB | SE = 2.414 bit/s/Hz
[30185 ms] [UE 12169] UL: SNR = 63.50 dB | SE = 20.778 bit/s/Hz
[30185 ms] [UE 22873] UL: SNR = 63.50 dB | SE = 20.778 bit/s/Hz
[30185 ms] [UE 30556] UL: SNR = 63.50 dB | SE = 20.778 bit/s/Hz
[30185 ms] [UE 20945] UL: SNR = 52.50 dB | SE = 17.179 bit/s/Hz
[30212 ms] [UE 45898] UL: SNR = 63.50 dB | SE = 20.778 bit/s/Hz
[30212 ms] [UE 36997] UL: SNR = 63.50 dB | SE = 20.778 bit/s/Hz
[30212 ms] [UE 48787] UL: SNR = 63.50 dB | SE = 20.778 bit/s/Hz
[30212 ms] [UE 40252] UL: SNR = 56.00 dB | SE = 18.324 bit/s/Hz
[30212 ms] [UE 15599] UL: SNR = 52.50 dB | SE = 17.179 bit/s/Hz
[30285 ms] [UE 33952] UL: SNR = 6.50 dB | SE = 2.414 bit/s/Hz
[30285 ms] [UE 12169] UL: SNR = 63.50 dB | SE = 20.778 bit/s/Hz
[30285 ms] [UE 22873] UL: SNR = 63.50 dB | SE = 20.778 bit/s/Hz
[30285 ms] [UE 30556] UL: SNR = 63.50 dB | SE = 20.778 bit/s/Hz
[30285 ms] [UE 20945] UL: SNR = 52.50 dB | SE = 17.179 bit/s/Hz
[30313 ms] [UE 45898] UL: SNR = 63.50 dB | SE = 20.778 bit/s/Hz
[30313 ms] [UE 36997] UL: SNR = 63.50 dB | SE = 20.778 bit/s/Hz
[30313 ms] [UE 48787] UL: SNR = 63.50 dB | SE = 20.778 bit/s/Hz
[30313 ms] [UE 40252] UL: SNR = 56.00 dB | SE = 18.324 bit/s/Hz
[30313 ms] [UE 15599] UL: SNR = 52.50 dB | SE = 17.179 bit/s/Hz
[30396 ms] [UE 33952] UL: SNR = 6.50 dB | SE = 2.414 bit/s/Hz
[30396 ms] [UE 12169] UL: SNR = 63.50 dB | SE = 20.778 bit/s/Hz
[30396 ms] [UE 22873] UL: SNR = 63.50 dB | SE = 20.778 bit/s/Hz
[30396 ms] [UE 30556] UL: SNR = 63.50 dB | SE = 20.778 bit/s/Hz
[30396 ms] [UE 20945] UL: SNR = 52.50 dB | SE = 17.179 bit/s/Hz
[30423 ms] [UE 45898] UL: SNR = 63.50 dB | SE = 20.778 bit/s/Hz
[30423 ms] [UE 36997] UL: SNR = 63.50 dB | SE = 20.778 bit/s/Hz
[30423 ms] [UE 48787] UL: SNR = 63.50 dB | SE = 20.778 bit/s/Hz
[30423 ms] [UE 40252] UL: SNR = 56.00 dB | SE = 18.324 bit/s/Hz
[30423 ms] [UE 15599] UL: SNR = 52.50 dB | SE = 17.179 bit/s/Hz
[30505 ms] [UE 33952] UL: SNR = 6.50 dB | SE = 2.414 bit/s/Hz
[30505 ms] [UE 12169] UL: SNR = 63.50 dB | SE = 20.778 bit/s/Hz
[30505 ms] [UE 22873] UL: SNR = 63.50 dB | SE = 20.778 bit/s/Hz
[30505 ms] [UE 30556] UL: SNR = 63.50 dB | SE = 20.778 bit/s/Hz
[30505 ms] [UE 20945] UL: SNR = 52.50 dB | SE = 17.179 bit/s/Hz
[30523 ms] [UE 45898] UL: SNR = 63.50 dB | SE = 20.778 bit/s/Hz
[30523 ms] [UE 36997] UL: SNR = 63.50 dB | SE = 20.778 bit/s/Hz
[30523 ms] [UE 48787] UL: SNR = 63.50 dB | SE = 20.778 bit/s/Hz
[30523 ms] [UE 40252] UL: SNR = 56.00 dB | SE = 18.324 bit/s/Hz
[30523 ms] [UE 15599] UL: SNR = 52.50 dB | SE = 17.179 bit/s/Hz
[30605 ms] [UE 33952] UL: SNR = 6.50 dB | SE = 2.414 bit/s/Hz
[30605 ms] [UE 12169] UL: SNR = 63.50 dB | SE = 20.778 bit/s/Hz
[30605 ms] [UE 22873] UL: SNR = 63.50 dB | SE = 20.778 bit/s/Hz
[30605 ms] [UE 30556] UL: SNR = 63.50 dB | SE = 20.778 bit/s/Hz
[30605 ms] [UE 20945] UL: SNR = 52.50 dB | SE = 17.179 bit/s/Hz
[30633 ms] [UE 45898] UL: SNR = 63.50 dB | SE = 20.778 bit/s/Hz
[30633 ms] [UE 36997] UL: SNR = 63.50 dB | SE = 20.778 bit/s/Hz
[30633 ms] [UE 48787] UL: SNR = 63.50 dB | SE = 20.778 bit/s/Hz
[30633 ms] [UE 40252] UL: SNR = 56.00 dB | SE = 18.324 bit/s/Hz
[30633 ms] [UE 15599] UL: SNR = 52.50 dB | SE = 17.179 bit/s/Hz
[30715 ms] [UE 33952] UL: SNR = 6.50 dB | SE = 2.414 bit/s/Hz
[30715 ms] [UE 12169] UL: SNR = 63.50 dB | SE = 20.778 bit/s/Hz
[30715 ms] [UE 22873] UL: SNR = 63.50 dB | SE = 20.778 bit/s/Hz
[30715 ms] [UE 30556] UL: SNR = 63.50 dB | SE = 20.778 bit/s/Hz
[30715 ms] [UE 20945] UL: SNR = 52.50 dB | SE = 17.179 bit/s/Hz
[30733 ms] [UE 45898] UL: SNR = 63.50 dB | SE = 20.778 bit/s/Hz
[30733 ms] [UE 36997] UL: SNR = 63.50 dB | SE = 20.778 bit/s/Hz
[30733 ms] [UE 48787] UL: SNR = 63.50 dB | SE = 20.778 bit/s/Hz
[30733 ms] [UE 40252] UL: SNR = 56.00 dB | SE = 18.324 bit/s/Hz
[30733 ms] [UE 15599] UL: SNR = 52.50 dB | SE = 17.179 bit/s/Hz
[30816 ms] [UE 33952] UL: SNR = 6.50 dB | SE = 2.414 bit/s/Hz
[30816 ms] [UE 12169] UL: SNR = 63.50 dB | SE = 20.778 bit/s/Hz
[30816 ms] [UE 22873] UL: SNR = 63.50 dB | SE = 20.778 bit/s/Hz
[30816 ms] [UE 30556] UL: SNR = 63.50 dB | SE = 20.778 bit/s/Hz
[30816 ms] [UE 20945] UL: SNR = 52.50 dB | SE = 17.179 bit/s/Hz
[30843 ms] [UE 45898] UL: SNR = 63.50 dB | SE = 20.778 bit/s/Hz
[30843 ms] [UE 36997] UL: SNR = 63.50 dB | SE = 20.778 bit/s/Hz
[30843 ms] [UE 48787] UL: SNR = 63.50 dB | SE = 20.778 bit/s/Hz
[30843 ms] [UE 40252] UL: SNR = 56.00 dB | SE = 18.324 bit/s/Hz
[30843 ms] [UE 15599] UL: SNR = 52.50 dB | SE = 17.179 bit/s/Hz
[30926 ms] [UE 33952] UL: SNR = 6.50 dB | SE = 2.414 bit/s/Hz
[30926 ms] [UE 12169] UL: SNR = 63.50 dB | SE = 20.778 bit/s/Hz
[30926 ms] [UE 22873] UL: SNR = 63.50 dB | SE = 20.778 bit/s/Hz
[30926 ms] [UE 30556] UL: SNR = 63.50 dB | SE = 20.778 bit/s/Hz
[30926 ms] [UE 20945] UL: SNR = 52.50 dB | SE = 17.179 bit/s/Hz
[30943 ms] [UE 45898] UL: SNR = 63.50 dB | SE = 20.778 bit/s/Hz
[30943 ms] [UE 36997] UL: SNR = 63.50 dB | SE = 20.778 bit/s/Hz
[30943 ms] [UE 48787] UL: SNR = 63.50 dB | SE = 20.778 bit/s/Hz
[30943 ms] [UE 40252] UL: SNR = 56.00 dB | SE = 18.324 bit/s/Hz
[30943 ms] [UE 15599] UL: SNR = 52.50 dB | SE = 17.179 bit/s/Hz
[31035 ms] [UE 33952] UL: SNR = 6.50 dB | SE = 2.414 bit/s/Hz
[31035 ms] [UE 12169] UL: SNR = 63.50 dB | SE = 20.778 bit/s/Hz
[31035 ms] [UE 22873] UL: SNR = 63.50 dB | SE = 20.778 bit/s/Hz
[31035 ms] [UE 30556] UL: SNR = 63.50 dB | SE = 20.778 bit/s/Hz
[31035 ms] [UE 20945] UL: SNR = 52.50 dB | SE = 17.179 bit/s/Hz
[31053 ms] [UE 45898] UL: SNR = 63.50 dB | SE = 20.778 bit/s/Hz
[31053 ms] [UE 36997] UL: SNR = 63.50 dB | SE = 20.778 bit/s/Hz
[31053 ms] [UE 48787] UL: SNR = 63.50 dB | SE = 20.778 bit/s/Hz
[31053 ms] [UE 40252] UL: SNR = 56.00 dB | SE = 18.324 bit/s/Hz
[31053 ms] [UE 15599] UL: SNR = 52.50 dB | SE = 17.179 bit/s/Hz
[31136 ms] [UE 33952] UL: SNR = 6.50 dB | SE = 2.414 bit/s/Hz
[31136 ms] [UE 12169] UL: SNR = 63.50 dB | SE = 20.778 bit/s/Hz
[31136 ms] [UE 22873] UL: SNR = 63.50 dB | SE = 20.778 bit/s/Hz
[31136 ms] [UE 30556] UL: SNR = 63.50 dB | SE = 20.778 bit/s/Hz
[31136 ms] [UE 20945] UL: SNR = 52.50 dB | SE = 17.179 bit/s/Hz
[31153 ms] [UE 45898] UL: SNR = 63.50 dB | SE = 20.778 bit/s/Hz
[31153 ms] [UE 36997] UL: SNR = 63.50 dB | SE = 20.778 bit/s/Hz
[31153 ms] [UE 48787] UL: SNR = 63.50 dB | SE = 20.778 bit/s/Hz
[31153 ms] [UE 40252] UL: SNR = 56.00 dB | SE = 18.324 bit/s/Hz
[31153 ms] [UE 15599] UL: SNR = 52.50 dB | SE = 17.179 bit/s/Hz
[31245 ms] [UE 33952] UL: SNR = 6.50 dB | SE = 2.414 bit/s/Hz
[31245 ms] [UE 12169] UL: SNR = 63.50 dB | SE = 20.778 bit/s/Hz
[31245 ms] [UE 22873] UL: SNR = 63.50 dB | SE = 20.778 bit/s/Hz
[31245 ms] [UE 30556] UL: SNR = 63.50 dB | SE = 20.778 bit/s/Hz
[31245 ms] [UE 20945] UL: SNR = 52.50 dB | SE = 17.179 bit/s/Hz
[31263 ms] [UE 45898] UL: SNR = 63.50 dB | SE = 20.778 bit/s/Hz
[31263 ms] [UE 36997] UL: SNR = 63.50 dB | SE = 20.778 bit/s/Hz
[31263 ms] [UE 48787] UL: SNR = 63.50 dB | SE = 20.778 bit/s/Hz
[31263 ms] [UE 40252] UL: SNR = 56.00 dB | SE = 18.324 bit/s/Hz
[31263 ms] [UE 15599] UL: SNR = 52.50 dB | SE = 17.179 bit/s/Hz
[31355 ms] [UE 33952] UL: SNR = 6.50 dB | SE = 2.414 bit/s/Hz
[31355 ms] [UE 12169] UL: SNR = 63.50 dB | SE = 20.778 bit/s/Hz
[31355 ms] [UE 22873] UL: SNR = 63.50 dB | SE = 20.778 bit/s/Hz
[31355 ms] [UE 30556] UL: SNR = 63.50 dB | SE = 20.778 bit/s/Hz
[31355 ms] [UE 20945] UL: SNR = 52.50 dB | SE = 17.179 bit/s/Hz
[31373 ms] [UE 45898] UL: SNR = 63.50 dB | SE = 20.778 bit/s/Hz
[31373 ms] [UE 36997] UL: SNR = 63.50 dB | SE = 20.778 bit/s/Hz
[31373 ms] [UE 48787] UL: SNR = 63.50 dB | SE = 20.778 bit/s/Hz
[31373 ms] [UE 40252] UL: SNR = 56.00 dB | SE = 18.324 bit/s/Hz
[31373 ms] [UE 15599] UL: SNR = 52.50 dB | SE = 17.179 bit/s/Hz
[31456 ms] [UE 33952] UL: SNR = 6.50 dB | SE = 2.414 bit/s/Hz
[31456 ms] [UE 12169] UL: SNR = 63.50 dB | SE = 20.778 bit/s/Hz
[31456 ms] [UE 22873] UL: SNR = 63.50 dB | SE = 20.778 bit/s/Hz
[31456 ms] [UE 30556] UL: SNR = 63.50 dB | SE = 20.778 bit/s/Hz
[31456 ms] [UE 20945] UL: SNR = 52.50 dB | SE = 17.179 bit/s/Hz
[31473 ms] [UE 45898] UL: SNR = 63.50 dB | SE = 20.778 bit/s/Hz
[31473 ms] [UE 36997] UL: SNR = 63.50 dB | SE = 20.778 bit/s/Hz
[31473 ms] [UE 48787] UL: SNR = 63.50 dB | SE = 20.778 bit/s/Hz
[31473 ms] [UE 40252] UL: SNR = 56.00 dB | SE = 18.324 bit/s/Hz
[31473 ms] [UE 15599] UL: SNR = 52.50 dB | SE = 17.179 bit/s/Hz
[31565 ms] [UE 33952] UL: SNR = 6.50 dB | SE = 2.414 bit/s/Hz
[31565 ms] [UE 12169] UL: SNR = 63.50 dB | SE = 20.778 bit/s/Hz
[31565 ms] [UE 22873] UL: SNR = 63.50 dB | SE = 20.778 bit/s/Hz
[31565 ms] [UE 30556] UL: SNR = 63.50 dB | SE = 20.778 bit/s/Hz
[31565 ms] [UE 20945] UL: SNR = 52.50 dB | SE = 17.179 bit/s/Hz
[31574 ms] [UE 45898] UL: SNR = 63.50 dB | SE = 20.778 bit/s/Hz
[31574 ms] [UE 36997] UL: SNR = 63.50 dB | SE = 20.778 bit/s/Hz
[31574 ms] [UE 48787] UL: SNR = 63.50 dB | SE = 20.778 bit/s/Hz
[31574 ms] [UE 40252] UL: SNR = 56.00 dB | SE = 18.324 bit/s/Hz
[31574 ms] [UE 15599] UL: SNR = 52.50 dB | SE = 17.179 bit/s/Hz
[31665 ms] [UE 33952] UL: SNR = 6.50 dB | SE = 2.414 bit/s/Hz
[31665 ms] [UE 12169] UL: SNR = 63.50 dB | SE = 20.778 bit/s/Hz
[31665 ms] [UE 22873] UL: SNR = 63.50 dB | SE = 20.778 bit/s/Hz
[31665 ms] [UE 30556] UL: SNR = 63.50 dB | SE = 20.778 bit/s/Hz
[31665 ms] [UE 20945] UL: SNR = 52.50 dB | SE = 17.179 bit/s/Hz
[31683 ms] [UE 45898] UL: SNR = 63.50 dB | SE = 20.778 bit/s/Hz
[31683 ms] [UE 36997] UL: SNR = 63.50 dB | SE = 20.778 bit/s/Hz
[31683 ms] [UE 48787] UL: SNR = 63.50 dB | SE = 20.778 bit/s/Hz
[31683 ms] [UE 40252] UL: SNR = 56.00 dB | SE = 18.324 bit/s/Hz
[31683 ms] [UE 15599] UL: SNR = 52.50 dB | SE = 17.179 bit/s/Hz
[31775 ms] [UE 33952] UL: SNR = 6.50 dB | SE = 2.414 bit/s/Hz
[31775 ms] [UE 12169] UL: SNR = 63.50 dB | SE = 20.778 bit/s/Hz
[31775 ms] [UE 22873] UL: SNR = 63.50 dB | SE = 20.778 bit/s/Hz
[31775 ms] [UE 30556] UL: SNR = 53.50 dB | SE = 17.506 bit/s/Hz
[31775 ms] [UE 20945] UL: SNR = 52.00 dB | SE = 17.015 bit/s/Hz
[31794 ms] [UE 45898] UL: SNR = 63.50 dB | SE = 20.778 bit/s/Hz
[31794 ms] [UE 36997] UL: SNR = 63.50 dB | SE = 20.778 bit/s/Hz
[31794 ms] [UE 48787] UL: SNR = 63.50 dB | SE = 20.778 bit/s/Hz
[31794 ms] [UE 40252] UL: SNR = 56.00 dB | SE = 18.324 bit/s/Hz
[31794 ms] [UE 15599] UL: SNR = 52.50 dB | SE = 17.179 bit/s/Hz
[31885 ms] [UE 33952] UL: SNR = 6.50 dB | SE = 2.414 bit/s/Hz
[31885 ms] [UE 12169] UL: SNR = 63.50 dB | SE = 20.778 bit/s/Hz
[31885 ms] [UE 22873] UL: SNR = 63.50 dB | SE = 20.778 bit/s/Hz
[31885 ms] [UE 30556] UL: SNR = 53.50 dB | SE = 17.506 bit/s/Hz
[31885 ms] [UE 20945] UL: SNR = 52.00 dB | SE = 17.015 bit/s/Hz
[31903 ms] [UE 45898] UL: SNR = 63.50 dB | SE = 20.778 bit/s/Hz
[31903 ms] [UE 36997] UL: SNR = 63.50 dB | SE = 20.778 bit/s/Hz
[31903 ms] [UE 48787] UL: SNR = 63.50 dB | SE = 20.778 bit/s/Hz
[31903 ms] [UE 40252] UL: SNR = 56.00 dB | SE = 18.324 bit/s/Hz
[31903 ms] [UE 15599] UL: SNR = 52.50 dB | SE = 17.179 bit/s/Hz
[31985 ms] [UE 33952] UL: SNR = 6.50 dB | SE = 2.414 bit/s/Hz
[31985 ms] [UE 12169] UL: SNR = 63.50 dB | SE = 20.778 bit/s/Hz
[31985 ms] [UE 22873] UL: SNR = 63.50 dB | SE = 20.778 bit/s/Hz
[31985 ms] [UE 30556] UL: SNR = 53.50 dB | SE = 17.506 bit/s/Hz
[31985 ms] [UE 20945] UL: SNR = 63.50 dB | SE = 20.778 bit/s/Hz
[32003 ms] [UE 45898] UL: SNR = 63.50 dB | SE = 20.778 bit/s/Hz
[32003 ms] [UE 36997] UL: SNR = 63.50 dB | SE = 20.778 bit/s/Hz
[32003 ms] [UE 48787] UL: SNR = 63.50 dB | SE = 20.778 bit/s/Hz
[32003 ms] [UE 40252] UL: SNR = 56.00 dB | SE = 18.324 bit/s/Hz
[32003 ms] [UE 15599] UL: SNR = 52.50 dB | SE = 17.179 bit/s/Hz
[32095 ms] [UE 33952] UL: SNR = 6.50 dB | SE = 2.414 bit/s/Hz
[32095 ms] [UE 12169] UL: SNR = 63.50 dB | SE = 20.778 bit/s/Hz
[32095 ms] [UE 22873] UL: SNR = 63.50 dB | SE = 20.778 bit/s/Hz
[32095 ms] [UE 30556] UL: SNR = 53.50 dB | SE = 17.506 bit/s/Hz
[32095 ms] [UE 20945] UL: SNR = 63.50 dB | SE = 20.778 bit/s/Hz
[32113 ms] [UE 45898] UL: SNR = 63.50 dB | SE = 20.778 bit/s/Hz
[32113 ms] [UE 36997] UL: SNR = 63.50 dB | SE = 20.778 bit/s/Hz
[32113 ms] [UE 48787] UL: SNR = 63.50 dB | SE = 20.778 bit/s/Hz
[32113 ms] [UE 40252] UL: SNR = 56.00 dB | SE = 18.324 bit/s/Hz
[32113 ms] [UE 15599] UL: SNR = 52.50 dB | SE = 17.179 bit/s/Hz
[32196 ms] [UE 33952] UL: SNR = 6.50 dB | SE = 2.414 bit/s/Hz
[32196 ms] [UE 12169] UL: SNR = 63.50 dB | SE = 20.778 bit/s/Hz
[32196 ms] [UE 22873] UL: SNR = 63.50 dB | SE = 20.778 bit/s/Hz
[32196 ms] [UE 30556] UL: SNR = 53.50 dB | SE = 17.506 bit/s/Hz
[32196 ms] [UE 20945] UL: SNR = 63.50 dB | SE = 20.778 bit/s/Hz
[32223 ms] [UE 45898] UL: SNR = 63.50 dB | SE = 20.778 bit/s/Hz
[32223 ms] [UE 36997] UL: SNR = 63.50 dB | SE = 20.778 bit/s/Hz
[32223 ms] [UE 48787] UL: SNR = 63.50 dB | SE = 20.778 bit/s/Hz
[32223 ms] [UE 40252] UL: SNR = 56.00 dB | SE = 18.324 bit/s/Hz
[32223 ms] [UE 15599] UL: SNR = 52.50 dB | SE = 17.179 bit/s/Hz
[32305 ms] [UE 33952] UL: SNR = 6.50 dB | SE = 2.414 bit/s/Hz
[32305 ms] [UE 12169] UL: SNR = 63.50 dB | SE = 20.778 bit/s/Hz
[32305 ms] [UE 22873] UL: SNR = 63.50 dB | SE = 20.778 bit/s/Hz
[32305 ms] [UE 30556] UL: SNR = 53.50 dB | SE = 17.506 bit/s/Hz
[32305 ms] [UE 20945] UL: SNR = 63.50 dB | SE = 20.778 bit/s/Hz
[32333 ms] [UE 45898] UL: SNR = 63.50 dB | SE = 20.778 bit/s/Hz
[32333 ms] [UE 36997] UL: SNR = 63.50 dB | SE = 20.778 bit/s/Hz
[32333 ms] [UE 48787] UL: SNR = 63.50 dB | SE = 20.778 bit/s/Hz
[32333 ms] [UE 40252] UL: SNR = 56.00 dB | SE = 18.324 bit/s/Hz
[32333 ms] [UE 15599] UL: SNR = 52.50 dB | SE = 17.179 bit/s/Hz
[32405 ms] [UE 33952] UL: SNR = 6.50 dB | SE = 2.414 bit/s/Hz
[32405 ms] [UE 12169] UL: SNR = 63.50 dB | SE = 20.778 bit/s/Hz
[32405 ms] [UE 22873] UL: SNR = 63.50 dB | SE = 20.778 bit/s/Hz
[32405 ms] [UE 30556] UL: SNR = 53.50 dB | SE = 17.506 bit/s/Hz
[32405 ms] [UE 20945] UL: SNR = 63.50 dB | SE = 20.778 bit/s/Hz
[32433 ms] [UE 45898] UL: SNR = 63.50 dB | SE = 20.778 bit/s/Hz
[32433 ms] [UE 36997] UL: SNR = 63.50 dB | SE = 20.778 bit/s/Hz
[32433 ms] [UE 48787] UL: SNR = 63.50 dB | SE = 20.778 bit/s/Hz
[32433 ms] [UE 40252] UL: SNR = 56.00 dB | SE = 18.324 bit/s/Hz
[32433 ms] [UE 15599] UL: SNR = 52.50 dB | SE = 17.179 bit/s/Hz
[32506 ms] [UE 33952] UL: SNR = 6.50 dB | SE = 2.414 bit/s/Hz
[32506 ms] [UE 12169] UL: SNR = 63.50 dB | SE = 20.778 bit/s/Hz
[32506 ms] [UE 22873] UL: SNR = 63.50 dB | SE = 20.778 bit/s/Hz
[32506 ms] [UE 30556] UL: SNR = 63.50 dB | SE = 20.778 bit/s/Hz
[32506 ms] [UE 20945] UL: SNR = 63.50 dB | SE = 20.778 bit/s/Hz
[32543 ms] [UE 45898] UL: SNR = 63.50 dB | SE = 20.778 bit/s/Hz
[32543 ms] [UE 36997] UL: SNR = 63.50 dB | SE = 20.778 bit/s/Hz
[32543 ms] [UE 48787] UL: SNR = 63.50 dB | SE = 20.778 bit/s/Hz
[32543 ms] [UE 40252] UL: SNR = 56.00 dB | SE = 18.324 bit/s/Hz
[32543 ms] [UE 15599] UL: SNR = 52.50 dB | SE = 17.179 bit/s/Hz
[32615 ms] [UE 33952] UL: SNR = 6.50 dB | SE = 2.414 bit/s/Hz
[32615 ms] [UE 12169] UL: SNR = 63.50 dB | SE = 20.778 bit/s/Hz
[32615 ms] [UE 22873] UL: SNR = 63.50 dB | SE = 20.778 bit/s/Hz
[32615 ms] [UE 30556] UL: SNR = 63.50 dB | SE = 20.778 bit/s/Hz
[32615 ms] [UE 20945] UL: SNR = 63.50 dB | SE = 20.778 bit/s/Hz
[32643 ms] [UE 45898] UL: SNR = 63.50 dB | SE = 20.778 bit/s/Hz
[32643 ms] [UE 36997] UL: SNR = 63.50 dB | SE = 20.778 bit/s/Hz
[32643 ms] [UE 48787] UL: SNR = 63.50 dB | SE = 20.778 bit/s/Hz
[32643 ms] [UE 40252] UL: SNR = 56.00 dB | SE = 18.324 bit/s/Hz
[32643 ms] [UE 15599] UL: SNR = 52.50 dB | SE = 17.179 bit/s/Hz
[32725 ms] [UE 33952] UL: SNR = 6.50 dB | SE = 2.414 bit/s/Hz
[32725 ms] [UE 12169] UL: SNR = 63.50 dB | SE = 20.778 bit/s/Hz
[32725 ms] [UE 22873] UL: SNR = 63.50 dB | SE = 20.778 bit/s/Hz
[32725 ms] [UE 30556] UL: SNR = 63.50 dB | SE = 20.778 bit/s/Hz
[32725 ms] [UE 20945] UL: SNR = 63.50 dB | SE = 20.778 bit/s/Hz
[32753 ms] [UE 45898] UL: SNR = 63.50 dB | SE = 20.778 bit/s/Hz
[32753 ms] [UE 36997] UL: SNR = 63.50 dB | SE = 20.778 bit/s/Hz
[32753 ms] [UE 48787] UL: SNR = 63.50 dB | SE = 20.778 bit/s/Hz
[32753 ms] [UE 40252] UL: SNR = 56.00 dB | SE = 18.324 bit/s/Hz
[32753 ms] [UE 15599] UL: SNR = 52.50 dB | SE = 17.179 bit/s/Hz
[32835 ms] [UE 33952] UL: SNR = 6.50 dB | SE = 2.414 bit/s/Hz
[32835 ms] [UE 12169] UL: SNR = 63.50 dB | SE = 20.778 bit/s/Hz
[32835 ms] [UE 22873] UL: SNR = 63.50 dB | SE = 20.778 bit/s/Hz
[32835 ms] [UE 30556] UL: SNR = 63.50 dB | SE = 20.778 bit/s/Hz
[32835 ms] [UE 20945] UL: SNR = 63.50 dB | SE = 20.778 bit/s/Hz
[32853 ms] [UE 45898] UL: SNR = 63.50 dB | SE = 20.778 bit/s/Hz
[32853 ms] [UE 36997] UL: SNR = 63.50 dB | SE = 20.778 bit/s/Hz
[32853 ms] [UE 48787] UL: SNR = 63.50 dB | SE = 20.778 bit/s/Hz
[32853 ms] [UE 40252] UL: SNR = 56.00 dB | SE = 18.324 bit/s/Hz
[32853 ms] [UE 15599] UL: SNR = 52.50 dB | SE = 17.179 bit/s/Hz
[32945 ms] [UE 33952] UL: SNR = 6.50 dB | SE = 2.414 bit/s/Hz
[32945 ms] [UE 12169] UL: SNR = 63.50 dB | SE = 20.778 bit/s/Hz
[32945 ms] [UE 22873] UL: SNR = 63.50 dB | SE = 20.778 bit/s/Hz
[32945 ms] [UE 30556] UL: SNR = 63.50 dB | SE = 20.778 bit/s/Hz
[32945 ms] [UE 20945] UL: SNR = 63.50 dB | SE = 20.778 bit/s/Hz
[32963 ms] [UE 45898] UL: SNR = 63.50 dB | SE = 20.778 bit/s/Hz
[32963 ms] [UE 36997] UL: SNR = 63.50 dB | SE = 20.778 bit/s/Hz
[32963 ms] [UE 48787] UL: SNR = 63.50 dB | SE = 20.778 bit/s/Hz
[32963 ms] [UE 40252] UL: SNR = 56.00 dB | SE = 18.324 bit/s/Hz
[32963 ms] [UE 15599] UL: SNR = 52.50 dB | SE = 17.179 bit/s/Hz
[33055 ms] [UE 33952] UL: SNR = 6.50 dB | SE = 2.414 bit/s/Hz
[33055 ms] [UE 12169] UL: SNR = 63.50 dB | SE = 20.778 bit/s/Hz
[33055 ms] [UE 22873] UL: SNR = 63.50 dB | SE = 20.778 bit/s/Hz
[33055 ms] [UE 30556] UL: SNR = 63.50 dB | SE = 20.778 bit/s/Hz
[33055 ms] [UE 20945] UL: SNR = 63.50 dB | SE = 20.778 bit/s/Hz
[33073 ms] [UE 45898] UL: SNR = 63.50 dB | SE = 20.778 bit/s/Hz
[33073 ms] [UE 36997] UL: SNR = 63.50 dB | SE = 20.778 bit/s/Hz
[33073 ms] [UE 48787] UL: SNR = 63.50 dB | SE = 20.778 bit/s/Hz
[33073 ms] [UE 40252] UL: SNR = 56.00 dB | SE = 18.324 bit/s/Hz
[33073 ms] [UE 15599] UL: SNR = 52.50 dB | SE = 17.179 bit/s/Hz
[33155 ms] [UE 33952] UL: SNR = 6.50 dB | SE = 2.414 bit/s/Hz
[33155 ms] [UE 12169] UL: SNR = 63.50 dB | SE = 20.778 bit/s/Hz
[33155 ms] [UE 22873] UL: SNR = 63.50 dB | SE = 20.778 bit/s/Hz
[33155 ms] [UE 30556] UL: SNR = 63.50 dB | SE = 20.778 bit/s/Hz
[33155 ms] [UE 20945] UL: SNR = 63.50 dB | SE = 20.778 bit/s/Hz
[33174 ms] [UE 45898] UL: SNR = 63.50 dB | SE = 20.778 bit/s/Hz
[33174 ms] [UE 36997] UL: SNR = 63.50 dB | SE = 20.778 bit/s/Hz
[33174 ms] [UE 48787] UL: SNR = 63.50 dB | SE = 20.778 bit/s/Hz
[33174 ms] [UE 40252] UL: SNR = 56.00 dB | SE = 18.324 bit/s/Hz
[33174 ms] [UE 15599] UL: SNR = 52.50 dB | SE = 17.179 bit/s/Hz
[33265 ms] [UE 33952] UL: SNR = 6.50 dB | SE = 2.414 bit/s/Hz
[33265 ms] [UE 12169] UL: SNR = 63.50 dB | SE = 20.778 bit/s/Hz
[33265 ms] [UE 22873] UL: SNR = 63.50 dB | SE = 20.778 bit/s/Hz
[33265 ms] [UE 30556] UL: SNR = 63.50 dB | SE = 20.778 bit/s/Hz
[33265 ms] [UE 20945] UL: SNR = 63.50 dB | SE = 20.778 bit/s/Hz
[33283 ms] [UE 45898] UL: SNR = 63.50 dB | SE = 20.778 bit/s/Hz
[33283 ms] [UE 36997] UL: SNR = 63.50 dB | SE = 20.778 bit/s/Hz
[33283 ms] [UE 48787] UL: SNR = 63.50 dB | SE = 20.778 bit/s/Hz
[33283 ms] [UE 40252] UL: SNR = 56.00 dB | SE = 18.324 bit/s/Hz
[33283 ms] [UE 15599] UL: SNR = 52.50 dB | SE = 17.179 bit/s/Hz
[33375 ms] [UE 33952] UL: SNR = 6.50 dB | SE = 2.414 bit/s/Hz
[33375 ms] [UE 12169] UL: SNR = 63.50 dB | SE = 20.778 bit/s/Hz
[33375 ms] [UE 22873] UL: SNR = 63.50 dB | SE = 20.778 bit/s/Hz
[33375 ms] [UE 30556] UL: SNR = 63.50 dB | SE = 20.778 bit/s/Hz
[33375 ms] [UE 20945] UL: SNR = 63.50 dB | SE = 20.778 bit/s/Hz
[33383 ms] [UE 45898] UL: SNR = 63.50 dB | SE = 20.778 bit/s/Hz
[33383 ms] [UE 36997] UL: SNR = 63.50 dB | SE = 20.778 bit/s/Hz
[33383 ms] [UE 48787] UL: SNR = 63.50 dB | SE = 20.778 bit/s/Hz
[33383 ms] [UE 40252] UL: SNR = 56.00 dB | SE = 18.324 bit/s/Hz
[33383 ms] [UE 15599] UL: SNR = 52.50 dB | SE = 17.179 bit/s/Hz
[33475 ms] [UE 33952] UL: SNR = 6.50 dB | SE = 2.414 bit/s/Hz
[33475 ms] [UE 12169] UL: SNR = 63.50 dB | SE = 20.778 bit/s/Hz
[33475 ms] [UE 22873] UL: SNR = 63.50 dB | SE = 20.778 bit/s/Hz
[33475 ms] [UE 30556] UL: SNR = 63.50 dB | SE = 20.778 bit/s/Hz
[33475 ms] [UE 20945] UL: SNR = 63.50 dB | SE = 20.778 bit/s/Hz
[33494 ms] [UE 45898] UL: SNR = 63.50 dB | SE = 20.778 bit/s/Hz
[33494 ms] [UE 36997] UL: SNR = 63.50 dB | SE = 20.778 bit/s/Hz
[33494 ms] [UE 48787] UL: SNR = 63.50 dB | SE = 20.778 bit/s/Hz
[33494 ms] [UE 40252] UL: SNR = 56.00 dB | SE = 18.324 bit/s/Hz
[33494 ms] [UE 15599] UL: SNR = 52.50 dB | SE = 17.179 bit/s/Hz
[33585 ms] [UE 33952] UL: SNR = 6.50 dB | SE = 2.414 bit/s/Hz
[33585 ms] [UE 12169] UL: SNR = 63.50 dB | SE = 20.778 bit/s/Hz
[33585 ms] [UE 22873] UL: SNR = 63.50 dB | SE = 20.778 bit/s/Hz
[33585 ms] [UE 30556] UL: SNR = 63.50 dB | SE = 20.778 bit/s/Hz
[33585 ms] [UE 20945] UL: SNR = 63.50 dB | SE = 20.778 bit/s/Hz
[33603 ms] [UE 45898] UL: SNR = 63.50 dB | SE = 20.778 bit/s/Hz
[33603 ms] [UE 36997] UL: SNR = 63.50 dB | SE = 20.778 bit/s/Hz
[33603 ms] [UE 48787] UL: SNR = 63.50 dB | SE = 20.778 bit/s/Hz
[33603 ms] [UE 40252] UL: SNR = 56.00 dB | SE = 18.324 bit/s/Hz
[33603 ms] [UE 15599] UL: SNR = 52.50 dB | SE = 17.179 bit/s/Hz
[33685 ms] [UE 33952] UL: SNR = 6.50 dB | SE = 2.414 bit/s/Hz
[33685 ms] [UE 12169] UL: SNR = 63.50 dB | SE = 20.778 bit/s/Hz
[33685 ms] [UE 22873] UL: SNR = 63.50 dB | SE = 20.778 bit/s/Hz
[33685 ms] [UE 30556] UL: SNR = 63.50 dB | SE = 20.778 bit/s/Hz
[33685 ms] [UE 20945] UL: SNR = 63.50 dB | SE = 20.778 bit/s/Hz
[33713 ms] [UE 45898] UL: SNR = 63.50 dB | SE = 20.778 bit/s/Hz
[33713 ms] [UE 36997] UL: SNR = 63.50 dB | SE = 20.778 bit/s/Hz
[33713 ms] [UE 48787] UL: SNR = 63.50 dB | SE = 20.778 bit/s/Hz
[33713 ms] [UE 40252] UL: SNR = 56.00 dB | SE = 18.324 bit/s/Hz
[33713 ms] [UE 15599] UL: SNR = 52.50 dB | SE = 17.179 bit/s/Hz
[33785 ms] [UE 33952] UL: SNR = 6.50 dB | SE = 2.414 bit/s/Hz
[33785 ms] [UE 12169] UL: SNR = 63.50 dB | SE = 20.778 bit/s/Hz
[33785 ms] [UE 22873] UL: SNR = 63.50 dB | SE = 20.778 bit/s/Hz
[33785 ms] [UE 30556] UL: SNR = 63.50 dB | SE = 20.778 bit/s/Hz
[33785 ms] [UE 20945] UL: SNR = 63.50 dB | SE = 20.778 bit/s/Hz
[33823 ms] [UE 45898] UL: SNR = 63.50 dB | SE = 20.778 bit/s/Hz
[33823 ms] [UE 36997] UL: SNR = 63.50 dB | SE = 20.778 bit/s/Hz
[33823 ms] [UE 48787] UL: SNR = 63.50 dB | SE = 20.778 bit/s/Hz
[33823 ms] [UE 40252] UL: SNR = 56.00 dB | SE = 18.324 bit/s/Hz
[33823 ms] [UE 15599] UL: SNR = 52.50 dB | SE = 17.179 bit/s/Hz
[33885 ms] [UE 33952] UL: SNR = 6.50 dB | SE = 2.414 bit/s/Hz
[33885 ms] [UE 12169] UL: SNR = 63.50 dB | SE = 20.778 bit/s/Hz
[33885 ms] [UE 22873] UL: SNR = 63.50 dB | SE = 20.778 bit/s/Hz
[33885 ms] [UE 30556] UL: SNR = 63.50 dB | SE = 20.778 bit/s/Hz
[33885 ms] [UE 20945] UL: SNR = 63.50 dB | SE = 20.778 bit/s/Hz
[33923 ms] [UE 45898] UL: SNR = 63.50 dB | SE = 20.778 bit/s/Hz
[33923 ms] [UE 36997] UL: SNR = 63.50 dB | SE = 20.778 bit/s/Hz
[33923 ms] [UE 48787] UL: SNR = 63.50 dB | SE = 20.778 bit/s/Hz
[33923 ms] [UE 40252] UL: SNR = 56.00 dB | SE = 18.324 bit/s/Hz
[33923 ms] [UE 15599] UL: SNR = 52.50 dB | SE = 17.179 bit/s/Hz
[33995 ms] [UE 33952] UL: SNR = 6.50 dB | SE = 2.414 bit/s/Hz
[33995 ms] [UE 12169] UL: SNR = 63.50 dB | SE = 20.778 bit/s/Hz
[33995 ms] [UE 22873] UL: SNR = 63.50 dB | SE = 20.778 bit/s/Hz
[33995 ms] [UE 30556] UL: SNR = 63.50 dB | SE = 20.778 bit/s/Hz
[33995 ms] [UE 20945] UL: SNR = 63.50 dB | SE = 20.778 bit/s/Hz
[34023 ms] [UE 45898] UL: SNR = 63.50 dB | SE = 20.778 bit/s/Hz
[34023 ms] [UE 36997] UL: SNR = 63.50 dB | SE = 20.778 bit/s/Hz
[34023 ms] [UE 48787] UL: SNR = 63.50 dB | SE = 20.778 bit/s/Hz
[34023 ms] [UE 40252] UL: SNR = 56.00 dB | SE = 18.324 bit/s/Hz
[34023 ms] [UE 15599] UL: SNR = 52.50 dB | SE = 17.179 bit/s/Hz
[34105 ms] [UE 33952] UL: SNR = 6.50 dB | SE = 2.414 bit/s/Hz
[34105 ms] [UE 12169] UL: SNR = 63.50 dB | SE = 20.778 bit/s/Hz
[34105 ms] [UE 22873] UL: SNR = 63.50 dB | SE = 20.778 bit/s/Hz
[34105 ms] [UE 30556] UL: SNR = 63.50 dB | SE = 20.778 bit/s/Hz
[34105 ms] [UE 20945] UL: SNR = 63.50 dB | SE = 20.778 bit/s/Hz
[34133 ms] [UE 45898] UL: SNR = 63.50 dB | SE = 20.778 bit/s/Hz
[34133 ms] [UE 36997] UL: SNR = 63.50 dB | SE = 20.778 bit/s/Hz
[34133 ms] [UE 48787] UL: SNR = 63.50 dB | SE = 20.778 bit/s/Hz
[34133 ms] [UE 40252] UL: SNR = 56.00 dB | SE = 18.324 bit/s/Hz
[34133 ms] [UE 15599] UL: SNR = 52.50 dB | SE = 17.179 bit/s/Hz
[34205 ms] [UE 33952] UL: SNR = 63.50 dB | SE = 20.778 bit/s/Hz
[34205 ms] [UE 12169] UL: SNR = 63.50 dB | SE = 20.778 bit/s/Hz
[34205 ms] [UE 22873] UL: SNR = 63.50 dB | SE = 20.778 bit/s/Hz
[34205 ms] [UE 30556] UL: SNR = 63.50 dB | SE = 20.778 bit/s/Hz
[34205 ms] [UE 20945] UL: SNR = 63.50 dB | SE = 20.778 bit/s/Hz
[34233 ms] [UE 45898] UL: SNR = 63.50 dB | SE = 20.778 bit/s/Hz
[34233 ms] [UE 36997] UL: SNR = 63.50 dB | SE = 20.778 bit/s/Hz
[34233 ms] [UE 48787] UL: SNR = 63.50 dB | SE = 20.778 bit/s/Hz
[34233 ms] [UE 40252] UL: SNR = 56.00 dB | SE = 18.324 bit/s/Hz
[34233 ms] [UE 15599] UL: SNR = 52.50 dB | SE = 17.179 bit/s/Hz
[34305 ms] [UE 33952] UL: SNR = 63.50 dB | SE = 20.778 bit/s/Hz
[34305 ms] [UE 12169] UL: SNR = 63.50 dB | SE = 20.778 bit/s/Hz
[34305 ms] [UE 22873] UL: SNR = 63.50 dB | SE = 20.778 bit/s/Hz
[34305 ms] [UE 30556] UL: SNR = 63.50 dB | SE = 20.778 bit/s/Hz
[34305 ms] [UE 20945] UL: SNR = 63.50 dB | SE = 20.778 bit/s/Hz
[34342 ms] [UE 45898] UL: SNR = 63.50 dB | SE = 20.778 bit/s/Hz
[34342 ms] [UE 36997] UL: SNR = 63.50 dB | SE = 20.778 bit/s/Hz
[34342 ms] [UE 48787] UL: SNR = 63.50 dB | SE = 20.778 bit/s/Hz
[34342 ms] [UE 40252] UL: SNR = 56.00 dB | SE = 18.324 bit/s/Hz
[34342 ms] [UE 15599] UL: SNR = 52.50 dB | SE = 17.179 bit/s/Hz
[34415 ms] [UE 33952] UL: SNR = 63.50 dB | SE = 20.778 bit/s/Hz
[34415 ms] [UE 12169] UL: SNR = 63.50 dB | SE = 20.778 bit/s/Hz
[34415 ms] [UE 22873] UL: SNR = 63.50 dB | SE = 20.778 bit/s/Hz
[34415 ms] [UE 30556] UL: SNR = 63.50 dB | SE = 20.778 bit/s/Hz
[34415 ms] [UE 20945] UL: SNR = 63.50 dB | SE = 20.778 bit/s/Hz
[34443 ms] [UE 45898] UL: SNR = 63.50 dB | SE = 20.778 bit/s/Hz
[34443 ms] [UE 36997] UL: SNR = 63.50 dB | SE = 20.778 bit/s/Hz
[34443 ms] [UE 48787] UL: SNR = 63.50 dB | SE = 20.778 bit/s/Hz
[34443 ms] [UE 40252] UL: SNR = 56.00 dB | SE = 18.324 bit/s/Hz
[34443 ms] [UE 15599] UL: SNR = 52.50 dB | SE = 17.179 bit/s/Hz
[34525 ms] [UE 33952] UL: SNR = 63.50 dB | SE = 20.778 bit/s/Hz
[34525 ms] [UE 12169] UL: SNR = 63.50 dB | SE = 20.778 bit/s/Hz
[34525 ms] [UE 22873] UL: SNR = 63.50 dB | SE = 20.778 bit/s/Hz
[34525 ms] [UE 30556] UL: SNR = 63.50 dB | SE = 20.778 bit/s/Hz
[34525 ms] [UE 20945] UL: SNR = 63.50 dB | SE = 20.778 bit/s/Hz
[34543 ms] [UE 45898] UL: SNR = 63.50 dB | SE = 20.778 bit/s/Hz
[34543 ms] [UE 36997] UL: SNR = 63.50 dB | SE = 20.778 bit/s/Hz
[34543 ms] [UE 48787] UL: SNR = 63.50 dB | SE = 20.778 bit/s/Hz
[34543 ms] [UE 40252] UL: SNR = 56.00 dB | SE = 18.324 bit/s/Hz
[34543 ms] [UE 15599] UL: SNR = 52.50 dB | SE = 17.179 bit/s/Hz
[34625 ms] [UE 33952] UL: SNR = 63.50 dB | SE = 20.778 bit/s/Hz
[34625 ms] [UE 12169] UL: SNR = 63.50 dB | SE = 20.778 bit/s/Hz
[34625 ms] [UE 22873] UL: SNR = 63.50 dB | SE = 20.778 bit/s/Hz
[34625 ms] [UE 30556] UL: SNR = 63.50 dB | SE = 20.778 bit/s/Hz
[34625 ms] [UE 20945] UL: SNR = 63.50 dB | SE = 20.778 bit/s/Hz
[34653 ms] [UE 45898] UL: SNR = 63.50 dB | SE = 20.778 bit/s/Hz
[34653 ms] [UE 36997] UL: SNR = 63.50 dB | SE = 20.778 bit/s/Hz
[34653 ms] [UE 48787] UL: SNR = 63.50 dB | SE = 20.778 bit/s/Hz
[34653 ms] [UE 40252] UL: SNR = 56.00 dB | SE = 18.324 bit/s/Hz
[34653 ms] [UE 15599] UL: SNR = 52.50 dB | SE = 17.179 bit/s/Hz
[34725 ms] [UE 33952] UL: SNR = 63.50 dB | SE = 20.778 bit/s/Hz
[34725 ms] [UE 12169] UL: SNR = 63.50 dB | SE = 20.778 bit/s/Hz
[34725 ms] [UE 22873] UL: SNR = 63.50 dB | SE = 20.778 bit/s/Hz
[34725 ms] [UE 30556] UL: SNR = 63.50 dB | SE = 20.778 bit/s/Hz
[34725 ms] [UE 20945] UL: SNR = 63.50 dB | SE = 20.778 bit/s/Hz
[34763 ms] [UE 45898] UL: SNR = 63.50 dB | SE = 20.778 bit/s/Hz
[34763 ms] [UE 36997] UL: SNR = 63.50 dB | SE = 20.778 bit/s/Hz
[34763 ms] [UE 48787] UL: SNR = 63.50 dB | SE = 20.778 bit/s/Hz
[34763 ms] [UE 40252] UL: SNR = 56.00 dB | SE = 18.324 bit/s/Hz
[34763 ms] [UE 15599] UL: SNR = 52.50 dB | SE = 17.179 bit/s/Hz
[34835 ms] [UE 33952] UL: SNR = 63.50 dB | SE = 20.778 bit/s/Hz
[34835 ms] [UE 12169] UL: SNR = 63.50 dB | SE = 20.778 bit/s/Hz
[34835 ms] [UE 22873] UL: SNR = 63.50 dB | SE = 20.778 bit/s/Hz
[34835 ms] [UE 30556] UL: SNR = 63.50 dB | SE = 20.778 bit/s/Hz
[34835 ms] [UE 20945] UL: SNR = 63.50 dB | SE = 20.778 bit/s/Hz
[34873 ms] [UE 45898] UL: SNR = 63.50 dB | SE = 20.778 bit/s/Hz
[34873 ms] [UE 36997] UL: SNR = 63.50 dB | SE = 20.778 bit/s/Hz
[34873 ms] [UE 48787] UL: SNR = 63.50 dB | SE = 20.778 bit/s/Hz
[34873 ms] [UE 40252] UL: SNR = 56.00 dB | SE = 18.324 bit/s/Hz
[34873 ms] [UE 15599] UL: SNR = 52.50 dB | SE = 17.179 bit/s/Hz
[34937 ms] [UE 33952] UL: SNR = 63.50 dB | SE = 20.778 bit/s/Hz
[34937 ms] [UE 12169] UL: SNR = 63.50 dB | SE = 20.778 bit/s/Hz
[34937 ms] [UE 22873] UL: SNR = 63.50 dB | SE = 20.778 bit/s/Hz
[34937 ms] [UE 30556] UL: SNR = 63.50 dB | SE = 20.778 bit/s/Hz
[34937 ms] [UE 20945] UL: SNR = 63.50 dB | SE = 20.778 bit/s/Hz
[34973 ms] [UE 45898] UL: SNR = 63.50 dB | SE = 20.778 bit/s/Hz
[34973 ms] [UE 36997] UL: SNR = 63.50 dB | SE = 20.778 bit/s/Hz
[34973 ms] [UE 48787] UL: SNR = 63.50 dB | SE = 20.778 bit/s/Hz
[34973 ms] [UE 40252] UL: SNR = 56.00 dB | SE = 18.324 bit/s/Hz
[34973 ms] [UE 15599] UL: SNR = 52.50 dB | SE = 17.179 bit/s/Hz
[35045 ms] [UE 33952] UL: SNR = 63.50 dB | SE = 20.778 bit/s/Hz
[35045 ms] [UE 12169] UL: SNR = 63.50 dB | SE = 20.778 bit/s/Hz
[35045 ms] [UE 22873] UL: SNR = 63.50 dB | SE = 20.778 bit/s/Hz
[35045 ms] [UE 30556] UL: SNR = 63.50 dB | SE = 20.778 bit/s/Hz
[35045 ms] [UE 20945] UL: SNR = 63.50 dB | SE = 20.778 bit/s/Hz
[35083 ms] [UE 45898] UL: SNR = 63.50 dB | SE = 20.778 bit/s/Hz
[35083 ms] [UE 36997] UL: SNR = 63.50 dB | SE = 20.778 bit/s/Hz
[35083 ms] [UE 48787] UL: SNR = 63.50 dB | SE = 20.778 bit/s/Hz
[35083 ms] [UE 40252] UL: SNR = 56.00 dB | SE = 18.324 bit/s/Hz
[35083 ms] [UE 15599] UL: SNR = 52.50 dB | SE = 17.179 bit/s/Hz
[35145 ms] [UE 33952] UL: SNR = 63.50 dB | SE = 20.778 bit/s/Hz
[35145 ms] [UE 12169] UL: SNR = 63.50 dB | SE = 20.778 bit/s/Hz
[35145 ms] [UE 22873] UL: SNR = 63.50 dB | SE = 20.778 bit/s/Hz
[35145 ms] [UE 30556] UL: SNR = 63.50 dB | SE = 20.778 bit/s/Hz
[35145 ms] [UE 20945] UL: SNR = 63.50 dB | SE = 20.778 bit/s/Hz
[35194 ms] [UE 45898] UL: SNR = 63.50 dB | SE = 20.778 bit/s/Hz
[35194 ms] [UE 36997] UL: SNR = 63.50 dB | SE = 20.778 bit/s/Hz
[35194 ms] [UE 48787] UL: SNR = 63.50 dB | SE = 20.778 bit/s/Hz
[35194 ms] [UE 40252] UL: SNR = 56.00 dB | SE = 18.324 bit/s/Hz
[35194 ms] [UE 15599] UL: SNR = 52.50 dB | SE = 17.179 bit/s/Hz
[35255 ms] [UE 33952] UL: SNR = 63.50 dB | SE = 20.778 bit/s/Hz
[35255 ms] [UE 12169] UL: SNR = 63.50 dB | SE = 20.778 bit/s/Hz
[35255 ms] [UE 22873] UL: SNR = 63.50 dB | SE = 20.778 bit/s/Hz
[35255 ms] [UE 30556] UL: SNR = 63.50 dB | SE = 20.778 bit/s/Hz
[35255 ms] [UE 20945] UL: SNR = 63.50 dB | SE = 20.778 bit/s/Hz
[35303 ms] [UE 45898] UL: SNR = 63.50 dB | SE = 20.778 bit/s/Hz
[35303 ms] [UE 36997] UL: SNR = 63.50 dB | SE = 20.778 bit/s/Hz
[35303 ms] [UE 48787] UL: SNR = 63.50 dB | SE = 20.778 bit/s/Hz
[35303 ms] [UE 40252] UL: SNR = 56.00 dB | SE = 18.324 bit/s/Hz
[35303 ms] [UE 15599] UL: SNR = 52.50 dB | SE = 17.179 bit/s/Hz
[35356 ms] [UE 33952] UL: SNR = 63.50 dB | SE = 20.778 bit/s/Hz
[35356 ms] [UE 12169] UL: SNR = 63.50 dB | SE = 20.778 bit/s/Hz
[35356 ms] [UE 22873] UL: SNR = 63.50 dB | SE = 20.778 bit/s/Hz
[35356 ms] [UE 30556] UL: SNR = 63.50 dB | SE = 20.778 bit/s/Hz
[35356 ms] [UE 20945] UL: SNR = 63.50 dB | SE = 20.778 bit/s/Hz
[35413 ms] [UE 45898] UL: SNR = 63.50 dB | SE = 20.778 bit/s/Hz
[35413 ms] [UE 36997] UL: SNR = 63.50 dB | SE = 20.778 bit/s/Hz
[35413 ms] [UE 48787] UL: SNR = 63.50 dB | SE = 20.778 bit/s/Hz
[35413 ms] [UE 40252] UL: SNR = 56.00 dB | SE = 18.324 bit/s/Hz
[35413 ms] [UE 15599] UL: SNR = 52.50 dB | SE = 17.179 bit/s/Hz
[35465 ms] [UE 33952] UL: SNR = 63.50 dB | SE = 20.778 bit/s/Hz
[35465 ms] [UE 12169] UL: SNR = 63.50 dB | SE = 20.778 bit/s/Hz
[35465 ms] [UE 22873] UL: SNR = 63.50 dB | SE = 20.778 bit/s/Hz
[35465 ms] [UE 30556] UL: SNR = 63.50 dB | SE = 20.778 bit/s/Hz
[35465 ms] [UE 20945] UL: SNR = 63.50 dB | SE = 20.778 bit/s/Hz
[35513 ms] [UE 45898] UL: SNR = 63.50 dB | SE = 20.778 bit/s/Hz
[35513 ms] [UE 36997] UL: SNR = 63.50 dB | SE = 20.778 bit/s/Hz
[35513 ms] [UE 48787] UL: SNR = 63.50 dB | SE = 20.778 bit/s/Hz
[35513 ms] [UE 40252] UL: SNR = 56.00 dB | SE = 18.324 bit/s/Hz
[35513 ms] [UE 15599] UL: SNR = 52.50 dB | SE = 17.179 bit/s/Hz
[35566 ms] [UE 33952] UL: SNR = 63.50 dB | SE = 20.778 bit/s/Hz
[35566 ms] [UE 12169] UL: SNR = 63.50 dB | SE = 20.778 bit/s/Hz
[35566 ms] [UE 22873] UL: SNR = 63.50 dB | SE = 20.778 bit/s/Hz
[35566 ms] [UE 30556] UL: SNR = 63.50 dB | SE = 20.778 bit/s/Hz
[35566 ms] [UE 20945] UL: SNR = 63.50 dB | SE = 20.778 bit/s/Hz
[35613 ms] [UE 45898] UL: SNR = 63.50 dB | SE = 20.778 bit/s/Hz
[35613 ms] [UE 36997] UL: SNR = 63.50 dB | SE = 20.778 bit/s/Hz
[35613 ms] [UE 48787] UL: SNR = 63.50 dB | SE = 20.778 bit/s/Hz
[35613 ms] [UE 40252] UL: SNR = 56.00 dB | SE = 18.324 bit/s/Hz
[35613 ms] [UE 15599] UL: SNR = 52.50 dB | SE = 17.179 bit/s/Hz
[35676 ms] [UE 33952] UL: SNR = 63.50 dB | SE = 20.778 bit/s/Hz
[35676 ms] [UE 12169] UL: SNR = 63.50 dB | SE = 20.778 bit/s/Hz
[35676 ms] [UE 22873] UL: SNR = 63.50 dB | SE = 20.778 bit/s/Hz
[35676 ms] [UE 30556] UL: SNR = 53.50 dB | SE = 17.506 bit/s/Hz
[35676 ms] [UE 20945] UL: SNR = 52.50 dB | SE = 17.179 bit/s/Hz
[35723 ms] [UE 45898] UL: SNR = 63.50 dB | SE = 20.778 bit/s/Hz
[35723 ms] [UE 36997] UL: SNR = 63.50 dB | SE = 20.778 bit/s/Hz
[35723 ms] [UE 48787] UL: SNR = 63.50 dB | SE = 20.778 bit/s/Hz
[35723 ms] [UE 40252] UL: SNR = 56.00 dB | SE = 18.324 bit/s/Hz
[35723 ms] [UE 15599] UL: SNR = 52.50 dB | SE = 17.179 bit/s/Hz
[35785 ms] [UE 33952] UL: SNR = 63.50 dB | SE = 20.778 bit/s/Hz
[35785 ms] [UE 12169] UL: SNR = 63.50 dB | SE = 20.778 bit/s/Hz
[35785 ms] [UE 22873] UL: SNR = 63.50 dB | SE = 20.778 bit/s/Hz
[35785 ms] [UE 30556] UL: SNR = 53.50 dB | SE = 17.506 bit/s/Hz
[35785 ms] [UE 20945] UL: SNR = 52.50 dB | SE = 17.179 bit/s/Hz
[35833 ms] [UE 45898] UL: SNR = 63.50 dB | SE = 20.778 bit/s/Hz
[35833 ms] [UE 36997] UL: SNR = 63.50 dB | SE = 20.778 bit/s/Hz
[35833 ms] [UE 48787] UL: SNR = 63.50 dB | SE = 20.778 bit/s/Hz
[35833 ms] [UE 40252] UL: SNR = 56.00 dB | SE = 18.324 bit/s/Hz
[35833 ms] [UE 15599] UL: SNR = 52.50 dB | SE = 17.179 bit/s/Hz
[35895 ms] [UE 33952] UL: SNR = 6.50 dB | SE = 2.414 bit/s/Hz
[35895 ms] [UE 12169] UL: SNR = 63.50 dB | SE = 20.778 bit/s/Hz
[35895 ms] [UE 22873] UL: SNR = 63.50 dB | SE = 20.778 bit/s/Hz
[35895 ms] [UE 30556] UL: SNR = 53.50 dB | SE = 17.506 bit/s/Hz
[35895 ms] [UE 20945] UL: SNR = 52.50 dB | SE = 17.179 bit/s/Hz
[35934 ms] [UE 45898] UL: SNR = 63.50 dB | SE = 20.778 bit/s/Hz
[35934 ms] [UE 36997] UL: SNR = 63.50 dB | SE = 20.778 bit/s/Hz
[35934 ms] [UE 48787] UL: SNR = 63.50 dB | SE = 20.778 bit/s/Hz
[35934 ms] [UE 40252] UL: SNR = 56.00 dB | SE = 18.324 bit/s/Hz
[35934 ms] [UE 15599] UL: SNR = 52.50 dB | SE = 17.179 bit/s/Hz
[35995 ms] [UE 33952] UL: SNR = 6.50 dB | SE = 2.414 bit/s/Hz
[35995 ms] [UE 12169] UL: SNR = 63.50 dB | SE = 20.778 bit/s/Hz
[35995 ms] [UE 22873] UL: SNR = 63.50 dB | SE = 20.778 bit/s/Hz
[35995 ms] [UE 30556] UL: SNR = 53.50 dB | SE = 17.506 bit/s/Hz
[35995 ms] [UE 20945] UL: SNR = 52.50 dB | SE = 17.179 bit/s/Hz
[36043 ms] [UE 45898] UL: SNR = 63.50 dB | SE = 20.778 bit/s/Hz
[36043 ms] [UE 36997] UL: SNR = 63.50 dB | SE = 20.778 bit/s/Hz
[36043 ms] [UE 48787] UL: SNR = 63.50 dB | SE = 20.778 bit/s/Hz
[36043 ms] [UE 40252] UL: SNR = 56.00 dB | SE = 18.324 bit/s/Hz
[36043 ms] [UE 15599] UL: SNR = 52.50 dB | SE = 17.179 bit/s/Hz
[36105 ms] [UE 33952] UL: SNR = 6.50 dB | SE = 2.414 bit/s/Hz
[36105 ms] [UE 12169] UL: SNR = 63.50 dB | SE = 20.778 bit/s/Hz
[36105 ms] [UE 22873] UL: SNR = 63.50 dB | SE = 20.778 bit/s/Hz
[36105 ms] [UE 30556] UL: SNR = 53.50 dB | SE = 17.506 bit/s/Hz
[36105 ms] [UE 20945] UL: SNR = 52.50 dB | SE = 17.179 bit/s/Hz
[36144 ms] [UE 45898] UL: SNR = 63.50 dB | SE = 20.778 bit/s/Hz
[36144 ms] [UE 36997] UL: SNR = 63.50 dB | SE = 20.778 bit/s/Hz
[36144 ms] [UE 48787] UL: SNR = 63.50 dB | SE = 20.778 bit/s/Hz
[36144 ms] [UE 40252] UL: SNR = 56.00 dB | SE = 18.324 bit/s/Hz
[36144 ms] [UE 15599] UL: SNR = 52.50 dB | SE = 17.179 bit/s/Hz
[36205 ms] [UE 33952] UL: SNR = 6.50 dB | SE = 2.414 bit/s/Hz
[36205 ms] [UE 12169] UL: SNR = 63.50 dB | SE = 20.778 bit/s/Hz
[36205 ms] [UE 22873] UL: SNR = 63.50 dB | SE = 20.778 bit/s/Hz
[36205 ms] [UE 30556] UL: SNR = 53.50 dB | SE = 17.506 bit/s/Hz
[36205 ms] [UE 20945] UL: SNR = 52.50 dB | SE = 17.179 bit/s/Hz
[36252 ms] [UE 45898] UL: SNR = 63.50 dB | SE = 20.778 bit/s/Hz
[36252 ms] [UE 36997] UL: SNR = 63.50 dB | SE = 20.778 bit/s/Hz
[36252 ms] [UE 48787] UL: SNR = 63.50 dB | SE = 20.778 bit/s/Hz
[36252 ms] [UE 40252] UL: SNR = 56.00 dB | SE = 18.324 bit/s/Hz
[36252 ms] [UE 15599] UL: SNR = 52.50 dB | SE = 17.179 bit/s/Hz
[36305 ms] [UE 33952] UL: SNR = 6.50 dB | SE = 2.414 bit/s/Hz
[36305 ms] [UE 12169] UL: SNR = 63.50 dB | SE = 20.778 bit/s/Hz
[36305 ms] [UE 22873] UL: SNR = 63.50 dB | SE = 20.778 bit/s/Hz
[36305 ms] [UE 30556] UL: SNR = 53.50 dB | SE = 17.506 bit/s/Hz
[36305 ms] [UE 20945] UL: SNR = 52.50 dB | SE = 17.179 bit/s/Hz
[36354 ms] [UE 45898] UL: SNR = 63.50 dB | SE = 20.778 bit/s/Hz
[36354 ms] [UE 36997] UL: SNR = 63.50 dB | SE = 20.778 bit/s/Hz
[36354 ms] [UE 48787] UL: SNR = 63.50 dB | SE = 20.778 bit/s/Hz
[36354 ms] [UE 40252] UL: SNR = 56.00 dB | SE = 18.324 bit/s/Hz
[36354 ms] [UE 15599] UL: SNR = 52.50 dB | SE = 17.179 bit/s/Hz
[36415 ms] [UE 33952] UL: SNR = 6.50 dB | SE = 2.414 bit/s/Hz
[36415 ms] [UE 12169] UL: SNR = 63.50 dB | SE = 20.778 bit/s/Hz
[36415 ms] [UE 22873] UL: SNR = 63.50 dB | SE = 20.778 bit/s/Hz
[36415 ms] [UE 30556] UL: SNR = 63.50 dB | SE = 20.778 bit/s/Hz
[36415 ms] [UE 20945] UL: SNR = 52.50 dB | SE = 17.179 bit/s/Hz
[36463 ms] [UE 45898] UL: SNR = 63.50 dB | SE = 20.778 bit/s/Hz
[36463 ms] [UE 36997] UL: SNR = 63.50 dB | SE = 20.778 bit/s/Hz
[36463 ms] [UE 48787] UL: SNR = 63.50 dB | SE = 20.778 bit/s/Hz
[36463 ms] [UE 40252] UL: SNR = 56.00 dB | SE = 18.324 bit/s/Hz
[36463 ms] [UE 15599] UL: SNR = 52.50 dB | SE = 17.179 bit/s/Hz
[36515 ms] [UE 33952] UL: SNR = 6.50 dB | SE = 2.414 bit/s/Hz
[36515 ms] [UE 12169] UL: SNR = 63.50 dB | SE = 20.778 bit/s/Hz
[36515 ms] [UE 22873] UL: SNR = 63.50 dB | SE = 20.778 bit/s/Hz
[36515 ms] [UE 30556] UL: SNR = 63.50 dB | SE = 20.778 bit/s/Hz
[36515 ms] [UE 20945] UL: SNR = 52.50 dB | SE = 17.179 bit/s/Hz
[36563 ms] [UE 45898] UL: SNR = 63.50 dB | SE = 20.778 bit/s/Hz
[36563 ms] [UE 36997] UL: SNR = 63.50 dB | SE = 20.778 bit/s/Hz
[36563 ms] [UE 48787] UL: SNR = 63.50 dB | SE = 20.778 bit/s/Hz
[36563 ms] [UE 40252] UL: SNR = 56.00 dB | SE = 18.324 bit/s/Hz
[36563 ms] [UE 15599] UL: SNR = 52.50 dB | SE = 17.179 bit/s/Hz
[36618 ms] [UE 33952] UL: SNR = 6.50 dB | SE = 2.414 bit/s/Hz
[36618 ms] [UE 12169] UL: SNR = 63.50 dB | SE = 20.778 bit/s/Hz
[36618 ms] [UE 22873] UL: SNR = 63.50 dB | SE = 20.778 bit/s/Hz
[36618 ms] [UE 30556] UL: SNR = 63.50 dB | SE = 20.778 bit/s/Hz
[36618 ms] [UE 20945] UL: SNR = 52.50 dB | SE = 17.179 bit/s/Hz
[36663 ms] [UE 45898] UL: SNR = 63.50 dB | SE = 20.778 bit/s/Hz
[36663 ms] [UE 36997] UL: SNR = 63.50 dB | SE = 20.778 bit/s/Hz
[36663 ms] [UE 48787] UL: SNR = 63.50 dB | SE = 20.778 bit/s/Hz
[36663 ms] [UE 40252] UL: SNR = 56.00 dB | SE = 18.324 bit/s/Hz
[36663 ms] [UE 15599] UL: SNR = 52.50 dB | SE = 17.179 bit/s/Hz
[36725 ms] [UE 33952] UL: SNR = 6.50 dB | SE = 2.414 bit/s/Hz
[36725 ms] [UE 12169] UL: SNR = 63.50 dB | SE = 20.778 bit/s/Hz
[36725 ms] [UE 22873] UL: SNR = 63.50 dB | SE = 20.778 bit/s/Hz
[36725 ms] [UE 30556] UL: SNR = 63.50 dB | SE = 20.778 bit/s/Hz
[36725 ms] [UE 20945] UL: SNR = 52.50 dB | SE = 17.179 bit/s/Hz
[36773 ms] [UE 45898] UL: SNR = 63.50 dB | SE = 20.778 bit/s/Hz
[36773 ms] [UE 36997] UL: SNR = 63.50 dB | SE = 20.778 bit/s/Hz
[36773 ms] [UE 48787] UL: SNR = 63.50 dB | SE = 20.778 bit/s/Hz
[36773 ms] [UE 40252] UL: SNR = 56.00 dB | SE = 18.324 bit/s/Hz
[36773 ms] [UE 15599] UL: SNR = 52.50 dB | SE = 17.179 bit/s/Hz
[36835 ms] [UE 33952] UL: SNR = 6.50 dB | SE = 2.414 bit/s/Hz
[36835 ms] [UE 12169] UL: SNR = 63.50 dB | SE = 20.778 bit/s/Hz
[36835 ms] [UE 22873] UL: SNR = 63.50 dB | SE = 20.778 bit/s/Hz
[36835 ms] [UE 30556] UL: SNR = 63.50 dB | SE = 20.778 bit/s/Hz
[36835 ms] [UE 20945] UL: SNR = 52.50 dB | SE = 17.179 bit/s/Hz
[36873 ms] [UE 45898] UL: SNR = 63.50 dB | SE = 20.778 bit/s/Hz
[36873 ms] [UE 36997] UL: SNR = 63.50 dB | SE = 20.778 bit/s/Hz
[36873 ms] [UE 48787] UL: SNR = 63.50 dB | SE = 20.778 bit/s/Hz
[36873 ms] [UE 40252] UL: SNR = 56.00 dB | SE = 18.324 bit/s/Hz
[36873 ms] [UE 15599] UL: SNR = 52.50 dB | SE = 17.179 bit/s/Hz
[36935 ms] [UE 33952] UL: SNR = 6.50 dB | SE = 2.414 bit/s/Hz
[36935 ms] [UE 12169] UL: SNR = 63.50 dB | SE = 20.778 bit/s/Hz
[36935 ms] [UE 22873] UL: SNR = 63.50 dB | SE = 20.778 bit/s/Hz
[36935 ms] [UE 30556] UL: SNR = 63.50 dB | SE = 20.778 bit/s/Hz
[36935 ms] [UE 20945] UL: SNR = 52.50 dB | SE = 17.179 bit/s/Hz
[36983 ms] [UE 45898] UL: SNR = 63.50 dB | SE = 20.778 bit/s/Hz
[36983 ms] [UE 36997] UL: SNR = 63.50 dB | SE = 20.778 bit/s/Hz
[36983 ms] [UE 48787] UL: SNR = 63.50 dB | SE = 20.778 bit/s/Hz
[36983 ms] [UE 40252] UL: SNR = 56.00 dB | SE = 18.324 bit/s/Hz
[36983 ms] [UE 15599] UL: SNR = 52.50 dB | SE = 17.179 bit/s/Hz
[37037 ms] [UE 33952] UL: SNR = 6.50 dB | SE = 2.414 bit/s/Hz
[37037 ms] [UE 12169] UL: SNR = 63.50 dB | SE = 20.778 bit/s/Hz
[37037 ms] [UE 22873] UL: SNR = 63.50 dB | SE = 20.778 bit/s/Hz
[37037 ms] [UE 30556] UL: SNR = 63.50 dB | SE = 20.778 bit/s/Hz
[37037 ms] [UE 20945] UL: SNR = 52.50 dB | SE = 17.179 bit/s/Hz
[37093 ms] [UE 45898] UL: SNR = 63.50 dB | SE = 20.778 bit/s/Hz
[37093 ms] [UE 36997] UL: SNR = 63.50 dB | SE = 20.778 bit/s/Hz
[37093 ms] [UE 48787] UL: SNR = 63.50 dB | SE = 20.778 bit/s/Hz
[37093 ms] [UE 40252] UL: SNR = 56.00 dB | SE = 18.324 bit/s/Hz
[37093 ms] [UE 15599] UL: SNR = 52.50 dB | SE = 17.179 bit/s/Hz
[37145 ms] [UE 33952] UL: SNR = 6.50 dB | SE = 2.414 bit/s/Hz
[37145 ms] [UE 12169] UL: SNR = 63.50 dB | SE = 20.778 bit/s/Hz
[37145 ms] [UE 22873] UL: SNR = 63.50 dB | SE = 20.778 bit/s/Hz
[37145 ms] [UE 30556] UL: SNR = 63.50 dB | SE = 20.778 bit/s/Hz
[37145 ms] [UE 20945] UL: SNR = 52.50 dB | SE = 17.179 bit/s/Hz
[37203 ms] [UE 45898] UL: SNR = 63.50 dB | SE = 20.778 bit/s/Hz
[37203 ms] [UE 36997] UL: SNR = 63.50 dB | SE = 20.778 bit/s/Hz
[37203 ms] [UE 48787] UL: SNR = 63.50 dB | SE = 20.778 bit/s/Hz
[37203 ms] [UE 40252] UL: SNR = 56.00 dB | SE = 18.324 bit/s/Hz
[37203 ms] [UE 15599] UL: SNR = 52.50 dB | SE = 17.179 bit/s/Hz
[37255 ms] [UE 33952] UL: SNR = 6.50 dB | SE = 2.414 bit/s/Hz
[37255 ms] [UE 12169] UL: SNR = 63.50 dB | SE = 20.778 bit/s/Hz
[37255 ms] [UE 22873] UL: SNR = 63.50 dB | SE = 20.778 bit/s/Hz
[37255 ms] [UE 30556] UL: SNR = 63.50 dB | SE = 20.778 bit/s/Hz
[37255 ms] [UE 20945] UL: SNR = 52.50 dB | SE = 17.179 bit/s/Hz
[37313 ms] [UE 45898] UL: SNR = 63.50 dB | SE = 20.778 bit/s/Hz
[37313 ms] [UE 36997] UL: SNR = 63.50 dB | SE = 20.778 bit/s/Hz
[37313 ms] [UE 48787] UL: SNR = 63.50 dB | SE = 20.778 bit/s/Hz
[37313 ms] [UE 40252] UL: SNR = 56.00 dB | SE = 18.324 bit/s/Hz
[37313 ms] [UE 15599] UL: SNR = 52.50 dB | SE = 17.179 bit/s/Hz
[37355 ms] [UE 33952] UL: SNR = 6.50 dB | SE = 2.414 bit/s/Hz
[37355 ms] [UE 12169] UL: SNR = 63.50 dB | SE = 20.778 bit/s/Hz
[37355 ms] [UE 22873] UL: SNR = 63.50 dB | SE = 20.778 bit/s/Hz
[37355 ms] [UE 30556] UL: SNR = 63.50 dB | SE = 20.778 bit/s/Hz
[37355 ms] [UE 20945] UL: SNR = 52.50 dB | SE = 17.179 bit/s/Hz
[37423 ms] [UE 45898] UL: SNR = 63.50 dB | SE = 20.778 bit/s/Hz
[37423 ms] [UE 36997] UL: SNR = 63.50 dB | SE = 20.778 bit/s/Hz
[37423 ms] [UE 48787] UL: SNR = 63.50 dB | SE = 20.778 bit/s/Hz
[37423 ms] [UE 40252] UL: SNR = 56.00 dB | SE = 18.324 bit/s/Hz
[37423 ms] [UE 15599] UL: SNR = 52.50 dB | SE = 17.179 bit/s/Hz
[37465 ms] [UE 33952] UL: SNR = 6.50 dB | SE = 2.414 bit/s/Hz
[37465 ms] [UE 12169] UL: SNR = 63.50 dB | SE = 20.778 bit/s/Hz
[37465 ms] [UE 22873] UL: SNR = 63.50 dB | SE = 20.778 bit/s/Hz
[37465 ms] [UE 30556] UL: SNR = 63.50 dB | SE = 20.778 bit/s/Hz
[37465 ms] [UE 20945] UL: SNR = 52.50 dB | SE = 17.179 bit/s/Hz
[37523 ms] [UE 45898] UL: SNR = 63.50 dB | SE = 20.778 bit/s/Hz
[37523 ms] [UE 36997] UL: SNR = 63.50 dB | SE = 20.778 bit/s/Hz
[37523 ms] [UE 48787] UL: SNR = 63.50 dB | SE = 20.778 bit/s/Hz
[37523 ms] [UE 40252] UL: SNR = 56.00 dB | SE = 18.324 bit/s/Hz
[37523 ms] [UE 15599] UL: SNR = 52.50 dB | SE = 17.179 bit/s/Hz
[37565 ms] [UE 33952] UL: SNR = 6.50 dB | SE = 2.414 bit/s/Hz
[37565 ms] [UE 12169] UL: SNR = 63.50 dB | SE = 20.778 bit/s/Hz
[37565 ms] [UE 22873] UL: SNR = 63.50 dB | SE = 20.778 bit/s/Hz
[37565 ms] [UE 30556] UL: SNR = 63.50 dB | SE = 20.778 bit/s/Hz
[37565 ms] [UE 20945] UL: SNR = 52.50 dB | SE = 17.179 bit/s/Hz
[37623 ms] [UE 45898] UL: SNR = 63.50 dB | SE = 20.778 bit/s/Hz
[37623 ms] [UE 36997] UL: SNR = 63.50 dB | SE = 20.778 bit/s/Hz
[37623 ms] [UE 48787] UL: SNR = 63.50 dB | SE = 20.778 bit/s/Hz
[37623 ms] [UE 40252] UL: SNR = 56.00 dB | SE = 18.324 bit/s/Hz
[37623 ms] [UE 15599] UL: SNR = 52.50 dB | SE = 17.179 bit/s/Hz
[37675 ms] [UE 33952] UL: SNR = 6.50 dB | SE = 2.414 bit/s/Hz
[37675 ms] [UE 12169] UL: SNR = 63.50 dB | SE = 20.778 bit/s/Hz
[37675 ms] [UE 22873] UL: SNR = 63.50 dB | SE = 20.778 bit/s/Hz
[37675 ms] [UE 30556] UL: SNR = 63.50 dB | SE = 20.778 bit/s/Hz
[37675 ms] [UE 20945] UL: SNR = 52.50 dB | SE = 17.179 bit/s/Hz
[37733 ms] [UE 45898] UL: SNR = 63.50 dB | SE = 20.778 bit/s/Hz
[37733 ms] [UE 36997] UL: SNR = 63.50 dB | SE = 20.778 bit/s/Hz
[37733 ms] [UE 48787] UL: SNR = 63.50 dB | SE = 20.778 bit/s/Hz
[37733 ms] [UE 40252] UL: SNR = 56.00 dB | SE = 18.324 bit/s/Hz
[37733 ms] [UE 15599] UL: SNR = 52.50 dB | SE = 17.179 bit/s/Hz
[37785 ms] [UE 33952] UL: SNR = 6.50 dB | SE = 2.414 bit/s/Hz
[37785 ms] [UE 12169] UL: SNR = 63.50 dB | SE = 20.778 bit/s/Hz
[37785 ms] [UE 22873] UL: SNR = 63.50 dB | SE = 20.778 bit/s/Hz
[37785 ms] [UE 30556] UL: SNR = 63.50 dB | SE = 20.778 bit/s/Hz
[37785 ms] [UE 20945] UL: SNR = 52.50 dB | SE = 17.179 bit/s/Hz
[37833 ms] [UE 45898] UL: SNR = 63.50 dB | SE = 20.778 bit/s/Hz
[37833 ms] [UE 36997] UL: SNR = 63.50 dB | SE = 20.778 bit/s/Hz
[37833 ms] [UE 48787] UL: SNR = 63.50 dB | SE = 20.778 bit/s/Hz
[37833 ms] [UE 40252] UL: SNR = 56.00 dB | SE = 18.324 bit/s/Hz
[37833 ms] [UE 15599] UL: SNR = 52.50 dB | SE = 17.179 bit/s/Hz
[37896 ms] [UE 33952] UL: SNR = 6.50 dB | SE = 2.414 bit/s/Hz
[37896 ms] [UE 12169] UL: SNR = 63.50 dB | SE = 20.778 bit/s/Hz
[37896 ms] [UE 22873] UL: SNR = 63.50 dB | SE = 20.778 bit/s/Hz
[37896 ms] [UE 30556] UL: SNR = 63.50 dB | SE = 20.778 bit/s/Hz
[37896 ms] [UE 20945] UL: SNR = 52.50 dB | SE = 17.179 bit/s/Hz
[37943 ms] [UE 45898] UL: SNR = 63.50 dB | SE = 20.778 bit/s/Hz
[37943 ms] [UE 36997] UL: SNR = 63.50 dB | SE = 20.778 bit/s/Hz
[37943 ms] [UE 48787] UL: SNR = 63.50 dB | SE = 20.778 bit/s/Hz
[37943 ms] [UE 40252] UL: SNR = 56.00 dB | SE = 18.324 bit/s/Hz
[37943 ms] [UE 15599] UL: SNR = 52.50 dB | SE = 17.179 bit/s/Hz
[38006 ms] [UE 33952] UL: SNR = 6.50 dB | SE = 2.414 bit/s/Hz
[38006 ms] [UE 12169] UL: SNR = 63.50 dB | SE = 20.778 bit/s/Hz
[38006 ms] [UE 22873] UL: SNR = 63.50 dB | SE = 20.778 bit/s/Hz
[38006 ms] [UE 30556] UL: SNR = 63.50 dB | SE = 20.778 bit/s/Hz
[38006 ms] [UE 20945] UL: SNR = 52.50 dB | SE = 17.179 bit/s/Hz
[38043 ms] [UE 45898] UL: SNR = 63.50 dB | SE = 20.778 bit/s/Hz
[38043 ms] [UE 36997] UL: SNR = 63.50 dB | SE = 20.778 bit/s/Hz
[38043 ms] [UE 48787] UL: SNR = 63.50 dB | SE = 20.778 bit/s/Hz
[38043 ms] [UE 40252] UL: SNR = 56.00 dB | SE = 18.324 bit/s/Hz
[38043 ms] [UE 15599] UL: SNR = 52.50 dB | SE = 17.179 bit/s/Hz
[38115 ms] [UE 33952] UL: SNR = 63.50 dB | SE = 20.778 bit/s/Hz
[38115 ms] [UE 12169] UL: SNR = 63.50 dB | SE = 20.778 bit/s/Hz
[38115 ms] [UE 22873] UL: SNR = 63.50 dB | SE = 20.778 bit/s/Hz
[38115 ms] [UE 30556] UL: SNR = 63.50 dB | SE = 20.778 bit/s/Hz
[38115 ms] [UE 20945] UL: SNR = 52.50 dB | SE = 17.179 bit/s/Hz
[38153 ms] [UE 45898] UL: SNR = 63.50 dB | SE = 20.778 bit/s/Hz
[38153 ms] [UE 36997] UL: SNR = 63.50 dB | SE = 20.778 bit/s/Hz
[38153 ms] [UE 48787] UL: SNR = 63.50 dB | SE = 20.778 bit/s/Hz
[38153 ms] [UE 40252] UL: SNR = 56.00 dB | SE = 18.324 bit/s/Hz
[38153 ms] [UE 15599] UL: SNR = 52.50 dB | SE = 17.179 bit/s/Hz
[38225 ms] [UE 33952] UL: SNR = 63.50 dB | SE = 20.778 bit/s/Hz
[38225 ms] [UE 12169] UL: SNR = 63.50 dB | SE = 20.778 bit/s/Hz
[38225 ms] [UE 22873] UL: SNR = 63.50 dB | SE = 20.778 bit/s/Hz
[38225 ms] [UE 30556] UL: SNR = 63.50 dB | SE = 20.778 bit/s/Hz
[38225 ms] [UE 20945] UL: SNR = 52.50 dB | SE = 17.179 bit/s/Hz
[38253 ms] [UE 45898] UL: SNR = 63.50 dB | SE = 20.778 bit/s/Hz
[38253 ms] [UE 36997] UL: SNR = 63.50 dB | SE = 20.778 bit/s/Hz
[38253 ms] [UE 48787] UL: SNR = 63.50 dB | SE = 20.778 bit/s/Hz
[38253 ms] [UE 40252] UL: SNR = 56.00 dB | SE = 18.324 bit/s/Hz
[38253 ms] [UE 15599] UL: SNR = 52.50 dB | SE = 17.179 bit/s/Hz
[38336 ms] [UE 33952] UL: SNR = 63.50 dB | SE = 20.778 bit/s/Hz
[38336 ms] [UE 12169] UL: SNR = 63.50 dB | SE = 20.778 bit/s/Hz
[38336 ms] [UE 22873] UL: SNR = 63.50 dB | SE = 20.778 bit/s/Hz
[38336 ms] [UE 30556] UL: SNR = 63.50 dB | SE = 20.778 bit/s/Hz
[38336 ms] [UE 20945] UL: SNR = 52.50 dB | SE = 17.179 bit/s/Hz
[38353 ms] [UE 45898] UL: SNR = 63.50 dB | SE = 20.778 bit/s/Hz
[38353 ms] [UE 36997] UL: SNR = 63.50 dB | SE = 20.778 bit/s/Hz
[38353 ms] [UE 48787] UL: SNR = 63.50 dB | SE = 20.778 bit/s/Hz
[38353 ms] [UE 40252] UL: SNR = 56.00 dB | SE = 18.324 bit/s/Hz
[38353 ms] [UE 15599] UL: SNR = 52.50 dB | SE = 17.179 bit/s/Hz
[38445 ms] [UE 33952] UL: SNR = 63.50 dB | SE = 20.778 bit/s/Hz
[38445 ms] [UE 12169] UL: SNR = 63.50 dB | SE = 20.778 bit/s/Hz
[38445 ms] [UE 22873] UL: SNR = 63.50 dB | SE = 20.778 bit/s/Hz
[38445 ms] [UE 30556] UL: SNR = 63.50 dB | SE = 20.778 bit/s/Hz
[38445 ms] [UE 20945] UL: SNR = 52.50 dB | SE = 17.179 bit/s/Hz
[38463 ms] [UE 45898] UL: SNR = 63.50 dB | SE = 20.778 bit/s/Hz
[38463 ms] [UE 36997] UL: SNR = 63.50 dB | SE = 20.778 bit/s/Hz
[38463 ms] [UE 48787] UL: SNR = 63.50 dB | SE = 20.778 bit/s/Hz
[38463 ms] [UE 40252] UL: SNR = 56.00 dB | SE = 18.324 bit/s/Hz
[38463 ms] [UE 15599] UL: SNR = 52.50 dB | SE = 17.179 bit/s/Hz
[38555 ms] [UE 33952] UL: SNR = 63.50 dB | SE = 20.778 bit/s/Hz
[38555 ms] [UE 12169] UL: SNR = 63.50 dB | SE = 20.778 bit/s/Hz
[38555 ms] [UE 22873] UL: SNR = 63.50 dB | SE = 20.778 bit/s/Hz
[38555 ms] [UE 30556] UL: SNR = 63.50 dB | SE = 20.778 bit/s/Hz
[38555 ms] [UE 20945] UL: SNR = 52.50 dB | SE = 17.179 bit/s/Hz
[38573 ms] [UE 45898] UL: SNR = 63.50 dB | SE = 20.778 bit/s/Hz
[38573 ms] [UE 36997] UL: SNR = 63.50 dB | SE = 20.778 bit/s/Hz
[38573 ms] [UE 48787] UL: SNR = 63.50 dB | SE = 20.778 bit/s/Hz
[38573 ms] [UE 40252] UL: SNR = 56.00 dB | SE = 18.324 bit/s/Hz
[38573 ms] [UE 15599] UL: SNR = 52.50 dB | SE = 17.179 bit/s/Hz
[38665 ms] [UE 33952] UL: SNR = 63.50 dB | SE = 20.778 bit/s/Hz
[38665 ms] [UE 12169] UL: SNR = 63.50 dB | SE = 20.778 bit/s/Hz
[38665 ms] [UE 22873] UL: SNR = 63.50 dB | SE = 20.778 bit/s/Hz
[38665 ms] [UE 30556] UL: SNR = 63.50 dB | SE = 20.778 bit/s/Hz
[38665 ms] [UE 20945] UL: SNR = 52.50 dB | SE = 17.179 bit/s/Hz
[38683 ms] [UE 45898] UL: SNR = 63.50 dB | SE = 20.778 bit/s/Hz
[38683 ms] [UE 36997] UL: SNR = 63.50 dB | SE = 20.778 bit/s/Hz
[38683 ms] [UE 48787] UL: SNR = 63.50 dB | SE = 20.778 bit/s/Hz
[38683 ms] [UE 40252] UL: SNR = 56.00 dB | SE = 18.324 bit/s/Hz
[38683 ms] [UE 15599] UL: SNR = 52.50 dB | SE = 17.179 bit/s/Hz
[38765 ms] [UE 33952] UL: SNR = 63.50 dB | SE = 20.778 bit/s/Hz
[38765 ms] [UE 12169] UL: SNR = 63.50 dB | SE = 20.778 bit/s/Hz
[38765 ms] [UE 22873] UL: SNR = 63.50 dB | SE = 20.778 bit/s/Hz
[38765 ms] [UE 30556] UL: SNR = 63.50 dB | SE = 20.778 bit/s/Hz
[38765 ms] [UE 20945] UL: SNR = 52.50 dB | SE = 17.179 bit/s/Hz
[38783 ms] [UE 45898] UL: SNR = 63.50 dB | SE = 20.778 bit/s/Hz
[38783 ms] [UE 36997] UL: SNR = 63.50 dB | SE = 20.778 bit/s/Hz
[38783 ms] [UE 48787] UL: SNR = 63.50 dB | SE = 20.778 bit/s/Hz
[38783 ms] [UE 40252] UL: SNR = 56.00 dB | SE = 18.324 bit/s/Hz
[38783 ms] [UE 15599] UL: SNR = 52.50 dB | SE = 17.179 bit/s/Hz
[38867 ms] [UE 33952] UL: SNR = 63.50 dB | SE = 20.778 bit/s/Hz
[38867 ms] [UE 12169] UL: SNR = 63.50 dB | SE = 20.778 bit/s/Hz
[38867 ms] [UE 22873] UL: SNR = 63.50 dB | SE = 20.778 bit/s/Hz
[38867 ms] [UE 30556] UL: SNR = 63.50 dB | SE = 20.778 bit/s/Hz
[38867 ms] [UE 20945] UL: SNR = 52.50 dB | SE = 17.179 bit/s/Hz
[38883 ms] [UE 45898] UL: SNR = 63.50 dB | SE = 20.778 bit/s/Hz
[38883 ms] [UE 36997] UL: SNR = 63.50 dB | SE = 20.778 bit/s/Hz
[38883 ms] [UE 48787] UL: SNR = 63.50 dB | SE = 20.778 bit/s/Hz
[38883 ms] [UE 40252] UL: SNR = 56.00 dB | SE = 18.324 bit/s/Hz
[38883 ms] [UE 15599] UL: SNR = 52.50 dB | SE = 17.179 bit/s/Hz
[38975 ms] [UE 33952] UL: SNR = 63.50 dB | SE = 20.778 bit/s/Hz
[38975 ms] [UE 12169] UL: SNR = 63.50 dB | SE = 20.778 bit/s/Hz
[38975 ms] [UE 22873] UL: SNR = 63.50 dB | SE = 20.778 bit/s/Hz
[38975 ms] [UE 30556] UL: SNR = 63.50 dB | SE = 20.778 bit/s/Hz
[38975 ms] [UE 20945] UL: SNR = 52.50 dB | SE = 17.179 bit/s/Hz
[38983 ms] [UE 45898] UL: SNR = 63.50 dB | SE = 20.778 bit/s/Hz
[38983 ms] [UE 36997] UL: SNR = 63.50 dB | SE = 20.778 bit/s/Hz
[38983 ms] [UE 48787] UL: SNR = 63.50 dB | SE = 20.778 bit/s/Hz
[38983 ms] [UE 40252] UL: SNR = 56.00 dB | SE = 18.324 bit/s/Hz
[38983 ms] [UE 15599] UL: SNR = 52.50 dB | SE = 17.179 bit/s/Hz
[39075 ms] [UE 33952] UL: SNR = 63.50 dB | SE = 20.778 bit/s/Hz
[39075 ms] [UE 12169] UL: SNR = 63.50 dB | SE = 20.778 bit/s/Hz
[39075 ms] [UE 22873] UL: SNR = 63.50 dB | SE = 20.778 bit/s/Hz
[39075 ms] [UE 30556] UL: SNR = 63.50 dB | SE = 20.778 bit/s/Hz
[39075 ms] [UE 20945] UL: SNR = 52.50 dB | SE = 17.179 bit/s/Hz
[39093 ms] [UE 45898] UL: SNR = 63.50 dB | SE = 20.778 bit/s/Hz
[39093 ms] [UE 36997] UL: SNR = 63.50 dB | SE = 20.778 bit/s/Hz
[39093 ms] [UE 48787] UL: SNR = 63.50 dB | SE = 20.778 bit/s/Hz
[39093 ms] [UE 40252] UL: SNR = 56.00 dB | SE = 18.324 bit/s/Hz
[39093 ms] [UE 15599] UL: SNR = 52.50 dB | SE = 17.179 bit/s/Hz
[39175 ms] [UE 33952] UL: SNR = 63.50 dB | SE = 20.778 bit/s/Hz
[39175 ms] [UE 12169] UL: SNR = 63.50 dB | SE = 20.778 bit/s/Hz
[39175 ms] [UE 22873] UL: SNR = 63.50 dB | SE = 20.778 bit/s/Hz
[39175 ms] [UE 30556] UL: SNR = 63.50 dB | SE = 20.778 bit/s/Hz
[39175 ms] [UE 20945] UL: SNR = 52.50 dB | SE = 17.179 bit/s/Hz
[39203 ms] [UE 45898] UL: SNR = 63.50 dB | SE = 20.778 bit/s/Hz
[39203 ms] [UE 36997] UL: SNR = 63.50 dB | SE = 20.778 bit/s/Hz
[39203 ms] [UE 48787] UL: SNR = 63.50 dB | SE = 20.778 bit/s/Hz
[39203 ms] [UE 40252] UL: SNR = 56.00 dB | SE = 18.324 bit/s/Hz
[39203 ms] [UE 15599] UL: SNR = 52.50 dB | SE = 17.179 bit/s/Hz
[39287 ms] [UE 33952] UL: SNR = 63.50 dB | SE = 20.778 bit/s/Hz
[39287 ms] [UE 12169] UL: SNR = 63.50 dB | SE = 20.778 bit/s/Hz
[39287 ms] [UE 22873] UL: SNR = 63.50 dB | SE = 20.778 bit/s/Hz
[39287 ms] [UE 30556] UL: SNR = 63.50 dB | SE = 20.778 bit/s/Hz
[39287 ms] [UE 20945] UL: SNR = 52.50 dB | SE = 17.179 bit/s/Hz
[39304 ms] [UE 45898] UL: SNR = 63.50 dB | SE = 20.778 bit/s/Hz
[39304 ms] [UE 36997] UL: SNR = 63.50 dB | SE = 20.778 bit/s/Hz
[39304 ms] [UE 48787] UL: SNR = 63.50 dB | SE = 20.778 bit/s/Hz
[39304 ms] [UE 40252] UL: SNR = 56.00 dB | SE = 18.324 bit/s/Hz
[39304 ms] [UE 15599] UL: SNR = 52.50 dB | SE = 17.179 bit/s/Hz
[39395 ms] [UE 33952] UL: SNR = 63.50 dB | SE = 20.778 bit/s/Hz
[39395 ms] [UE 12169] UL: SNR = 63.50 dB | SE = 20.778 bit/s/Hz
[39395 ms] [UE 22873] UL: SNR = 63.50 dB | SE = 20.778 bit/s/Hz
[39395 ms] [UE 30556] UL: SNR = 63.50 dB | SE = 20.778 bit/s/Hz
[39395 ms] [UE 20945] UL: SNR = 52.50 dB | SE = 17.179 bit/s/Hz
[39413 ms] [UE 45898] UL: SNR = 63.50 dB | SE = 20.778 bit/s/Hz
[39413 ms] [UE 36997] UL: SNR = 63.50 dB | SE = 20.778 bit/s/Hz
[39413 ms] [UE 48787] UL: SNR = 63.50 dB | SE = 20.778 bit/s/Hz
[39413 ms] [UE 40252] UL: SNR = 56.00 dB | SE = 18.324 bit/s/Hz
[39413 ms] [UE 15599] UL: SNR = 52.50 dB | SE = 17.179 bit/s/Hz
[39495 ms] [UE 33952] UL: SNR = 63.50 dB | SE = 20.778 bit/s/Hz
[39495 ms] [UE 12169] UL: SNR = 63.50 dB | SE = 20.778 bit/s/Hz
[39495 ms] [UE 22873] UL: SNR = 63.50 dB | SE = 20.778 bit/s/Hz
[39495 ms] [UE 30556] UL: SNR = 53.50 dB | SE = 17.506 bit/s/Hz
[39495 ms] [UE 20945] UL: SNR = 52.50 dB | SE = 17.179 bit/s/Hz
[39523 ms] [UE 45898] UL: SNR = 63.50 dB | SE = 20.778 bit/s/Hz
[39523 ms] [UE 36997] UL: SNR = 63.50 dB | SE = 20.778 bit/s/Hz
[39523 ms] [UE 48787] UL: SNR = 63.50 dB | SE = 20.778 bit/s/Hz
[39523 ms] [UE 40252] UL: SNR = 56.00 dB | SE = 18.324 bit/s/Hz
[39523 ms] [UE 15599] UL: SNR = 52.50 dB | SE = 17.179 bit/s/Hz
[39595 ms] [UE 33952] UL: SNR = 63.50 dB | SE = 20.778 bit/s/Hz
[39595 ms] [UE 12169] UL: SNR = 63.50 dB | SE = 20.778 bit/s/Hz
[39595 ms] [UE 22873] UL: SNR = 63.50 dB | SE = 20.778 bit/s/Hz
[39595 ms] [UE 30556] UL: SNR = 53.50 dB | SE = 17.506 bit/s/Hz
[39595 ms] [UE 20945] UL: SNR = 52.50 dB | SE = 17.179 bit/s/Hz
[39633 ms] [UE 45898] UL: SNR = 63.50 dB | SE = 20.778 bit/s/Hz
[39633 ms] [UE 36997] UL: SNR = 63.50 dB | SE = 20.778 bit/s/Hz
[39633 ms] [UE 48787] UL: SNR = 63.50 dB | SE = 20.778 bit/s/Hz
[39633 ms] [UE 40252] UL: SNR = 56.00 dB | SE = 18.324 bit/s/Hz
[39633 ms] [UE 15599] UL: SNR = 52.50 dB | SE = 17.179 bit/s/Hz
[39695 ms] [UE 33952] UL: SNR = 63.50 dB | SE = 20.778 bit/s/Hz
[39695 ms] [UE 12169] UL: SNR = 63.50 dB | SE = 20.778 bit/s/Hz
[39695 ms] [UE 22873] UL: SNR = 63.50 dB | SE = 20.778 bit/s/Hz
[39695 ms] [UE 30556] UL: SNR = 53.50 dB | SE = 17.506 bit/s/Hz
[39695 ms] [UE 20945] UL: SNR = 52.50 dB | SE = 17.179 bit/s/Hz
[39733 ms] [UE 45898] UL: SNR = 63.50 dB | SE = 20.778 bit/s/Hz
[39733 ms] [UE 36997] UL: SNR = 63.50 dB | SE = 20.778 bit/s/Hz
[39733 ms] [UE 48787] UL: SNR = 63.50 dB | SE = 20.778 bit/s/Hz
[39733 ms] [UE 40252] UL: SNR = 56.00 dB | SE = 18.324 bit/s/Hz
[39733 ms] [UE 15599] UL: SNR = 52.50 dB | SE = 17.179 bit/s/Hz
[39805 ms] [UE 33952] UL: SNR = 6.50 dB | SE = 2.414 bit/s/Hz
[39805 ms] [UE 12169] UL: SNR = 63.50 dB | SE = 20.778 bit/s/Hz
[39805 ms] [UE 22873] UL: SNR = 63.50 dB | SE = 20.778 bit/s/Hz
[39805 ms] [UE 30556] UL: SNR = 53.50 dB | SE = 17.506 bit/s/Hz
[39805 ms] [UE 20945] UL: SNR = 52.50 dB | SE = 17.179 bit/s/Hz
[39833 ms] [UE 45898] UL: SNR = 63.50 dB | SE = 20.778 bit/s/Hz
[39833 ms] [UE 36997] UL: SNR = 63.50 dB | SE = 20.778 bit/s/Hz
[39833 ms] [UE 48787] UL: SNR = 63.50 dB | SE = 20.778 bit/s/Hz
[39833 ms] [UE 40252] UL: SNR = 56.00 dB | SE = 18.324 bit/s/Hz
[39833 ms] [UE 15599] UL: SNR = 52.50 dB | SE = 17.179 bit/s/Hz
[39916 ms] [UE 33952] UL: SNR = 6.50 dB | SE = 2.414 bit/s/Hz
[39916 ms] [UE 12169] UL: SNR = 63.50 dB | SE = 20.778 bit/s/Hz
[39916 ms] [UE 22873] UL: SNR = 63.50 dB | SE = 20.778 bit/s/Hz
[39916 ms] [UE 30556] UL: SNR = 53.50 dB | SE = 17.506 bit/s/Hz
[39916 ms] [UE 20945] UL: SNR = 52.50 dB | SE = 17.179 bit/s/Hz
[39943 ms] [UE 45898] UL: SNR = 63.50 dB | SE = 20.778 bit/s/Hz
[39943 ms] [UE 36997] UL: SNR = 63.50 dB | SE = 20.778 bit/s/Hz
[39943 ms] [UE 48787] UL: SNR = 63.50 dB | SE = 20.778 bit/s/Hz
[39943 ms] [UE 40252] UL: SNR = 56.00 dB | SE = 18.324 bit/s/Hz
[39943 ms] [UE 15599] UL: SNR = 52.50 dB | SE = 17.179 bit/s/Hz
[40025 ms] [UE 33952] UL: SNR = 6.50 dB | SE = 2.414 bit/s/Hz
[40025 ms] [UE 12169] UL: SNR = 63.50 dB | SE = 20.778 bit/s/Hz
[40025 ms] [UE 22873] UL: SNR = 63.50 dB | SE = 20.778 bit/s/Hz
[40025 ms] [UE 30556] UL: SNR = 53.50 dB | SE = 17.506 bit/s/Hz
[40025 ms] [UE 20945] UL: SNR = 52.50 dB | SE = 17.179 bit/s/Hz
[40043 ms] [UE 45898] UL: SNR = 63.50 dB | SE = 20.778 bit/s/Hz
[40043 ms] [UE 36997] UL: SNR = 63.50 dB | SE = 20.778 bit/s/Hz
[40043 ms] [UE 48787] UL: SNR = 63.50 dB | SE = 20.778 bit/s/Hz
[40043 ms] [UE 40252] UL: SNR = 56.00 dB | SE = 18.324 bit/s/Hz
[40043 ms] [UE 15599] UL: SNR = 52.50 dB | SE = 17.179 bit/s/Hz
[40135 ms] [UE 33952] UL: SNR = 6.50 dB | SE = 2.414 bit/s/Hz
[40135 ms] [UE 12169] UL: SNR = 63.50 dB | SE = 20.778 bit/s/Hz
[40135 ms] [UE 22873] UL: SNR = 63.50 dB | SE = 20.778 bit/s/Hz
[40135 ms] [UE 30556] UL: SNR = 53.50 dB | SE = 17.506 bit/s/Hz
[40135 ms] [UE 20945] UL: SNR = 52.50 dB | SE = 17.179 bit/s/Hz
[40143 ms] [UE 45898] UL: SNR = 63.50 dB | SE = 20.778 bit/s/Hz
[40143 ms] [UE 36997] UL: SNR = 63.50 dB | SE = 20.778 bit/s/Hz
[40143 ms] [UE 48787] UL: SNR = 63.50 dB | SE = 20.778 bit/s/Hz
[40143 ms] [UE 40252] UL: SNR = 56.00 dB | SE = 18.324 bit/s/Hz
[40143 ms] [UE 15599] UL: SNR = 52.50 dB | SE = 17.179 bit/s/Hz
[40236 ms] [UE 33952] UL: SNR = 6.50 dB | SE = 2.414 bit/s/Hz
[40236 ms] [UE 12169] UL: SNR = 63.50 dB | SE = 20.778 bit/s/Hz
[40236 ms] [UE 22873] UL: SNR = 63.50 dB | SE = 20.778 bit/s/Hz
[40236 ms] [UE 30556] UL: SNR = 63.50 dB | SE = 20.778 bit/s/Hz
[40236 ms] [UE 20945] UL: SNR = 52.50 dB | SE = 17.179 bit/s/Hz
[40243 ms] [UE 45898] UL: SNR = 63.50 dB | SE = 20.778 bit/s/Hz
[40243 ms] [UE 36997] UL: SNR = 63.50 dB | SE = 20.778 bit/s/Hz
[40243 ms] [UE 48787] UL: SNR = 63.50 dB | SE = 20.778 bit/s/Hz
[40243 ms] [UE 40252] UL: SNR = 56.00 dB | SE = 18.324 bit/s/Hz
[40243 ms] [UE 15599] UL: SNR = 52.50 dB | SE = 17.179 bit/s/Hz
[40345 ms] [UE 33952] UL: SNR = 6.50 dB | SE = 2.414 bit/s/Hz
[40345 ms] [UE 12169] UL: SNR = 63.50 dB | SE = 20.778 bit/s/Hz
[40345 ms] [UE 22873] UL: SNR = 63.50 dB | SE = 20.778 bit/s/Hz
[40345 ms] [UE 30556] UL: SNR = 63.50 dB | SE = 20.778 bit/s/Hz
[40345 ms] [UE 20945] UL: SNR = 52.50 dB | SE = 17.179 bit/s/Hz
[40353 ms] [UE 45898] UL: SNR = 63.50 dB | SE = 20.778 bit/s/Hz
[40353 ms] [UE 36997] UL: SNR = 63.50 dB | SE = 20.778 bit/s/Hz
[40353 ms] [UE 48787] UL: SNR = 63.50 dB | SE = 20.778 bit/s/Hz
[40353 ms] [UE 40252] UL: SNR = 56.00 dB | SE = 18.324 bit/s/Hz
[40353 ms] [UE 15599] UL: SNR = 52.50 dB | SE = 17.179 bit/s/Hz
[40445 ms] [UE 33952] UL: SNR = 6.50 dB | SE = 2.414 bit/s/Hz
[40445 ms] [UE 12169] UL: SNR = 63.50 dB | SE = 20.778 bit/s/Hz
[40445 ms] [UE 22873] UL: SNR = 63.50 dB | SE = 20.778 bit/s/Hz
[40445 ms] [UE 30556] UL: SNR = 63.50 dB | SE = 20.778 bit/s/Hz
[40445 ms] [UE 20945] UL: SNR = 52.50 dB | SE = 17.179 bit/s/Hz
[40463 ms] [UE 45898] UL: SNR = 63.50 dB | SE = 20.778 bit/s/Hz
[40463 ms] [UE 36997] UL: SNR = 63.50 dB | SE = 20.778 bit/s/Hz
[40463 ms] [UE 48787] UL: SNR = 63.50 dB | SE = 20.778 bit/s/Hz
[40463 ms] [UE 40252] UL: SNR = 56.00 dB | SE = 18.324 bit/s/Hz
[40463 ms] [UE 15599] UL: SNR = 52.50 dB | SE = 17.179 bit/s/Hz
[40555 ms] [UE 33952] UL: SNR = 6.50 dB | SE = 2.414 bit/s/Hz
[40555 ms] [UE 12169] UL: SNR = 63.50 dB | SE = 20.778 bit/s/Hz
[40555 ms] [UE 22873] UL: SNR = 63.50 dB | SE = 20.778 bit/s/Hz
[40555 ms] [UE 30556] UL: SNR = 63.50 dB | SE = 20.778 bit/s/Hz
[40555 ms] [UE 20945] UL: SNR = 52.50 dB | SE = 17.179 bit/s/Hz
[40563 ms] [UE 45898] UL: SNR = 63.50 dB | SE = 20.778 bit/s/Hz
[40563 ms] [UE 36997] UL: SNR = 63.50 dB | SE = 20.778 bit/s/Hz
[40563 ms] [UE 48787] UL: SNR = 63.50 dB | SE = 20.778 bit/s/Hz
[40563 ms] [UE 40252] UL: SNR = 56.00 dB | SE = 18.324 bit/s/Hz
[40563 ms] [UE 15599] UL: SNR = 52.50 dB | SE = 17.179 bit/s/Hz
[40665 ms] [UE 33952] UL: SNR = 6.50 dB | SE = 2.414 bit/s/Hz
[40665 ms] [UE 12169] UL: SNR = 63.50 dB | SE = 20.778 bit/s/Hz
[40665 ms] [UE 22873] UL: SNR = 63.50 dB | SE = 20.778 bit/s/Hz
[40665 ms] [UE 30556] UL: SNR = 63.50 dB | SE = 20.778 bit/s/Hz
[40665 ms] [UE 20945] UL: SNR = 52.50 dB | SE = 17.179 bit/s/Hz
[40673 ms] [UE 45898] UL: SNR = 63.50 dB | SE = 20.778 bit/s/Hz
[40673 ms] [UE 36997] UL: SNR = 63.50 dB | SE = 20.778 bit/s/Hz
[40673 ms] [UE 48787] UL: SNR = 63.50 dB | SE = 20.778 bit/s/Hz
[40673 ms] [UE 40252] UL: SNR = 56.00 dB | SE = 18.324 bit/s/Hz
[40673 ms] [UE 15599] UL: SNR = 52.50 dB | SE = 17.179 bit/s/Hz
[40775 ms] [UE 33952] UL: SNR = 6.50 dB | SE = 2.414 bit/s/Hz
[40775 ms] [UE 12169] UL: SNR = 63.50 dB | SE = 20.778 bit/s/Hz
[40775 ms] [UE 22873] UL: SNR = 63.50 dB | SE = 20.778 bit/s/Hz
[40775 ms] [UE 30556] UL: SNR = 63.50 dB | SE = 20.778 bit/s/Hz
[40775 ms] [UE 20945] UL: SNR = 52.50 dB | SE = 17.179 bit/s/Hz
[40783 ms] [UE 45898] UL: SNR = 63.50 dB | SE = 20.778 bit/s/Hz
[40783 ms] [UE 36997] UL: SNR = 63.50 dB | SE = 20.778 bit/s/Hz
[40783 ms] [UE 48787] UL: SNR = 63.50 dB | SE = 20.778 bit/s/Hz
[40783 ms] [UE 40252] UL: SNR = 56.00 dB | SE = 18.324 bit/s/Hz
[40783 ms] [UE 15599] UL: SNR = 52.50 dB | SE = 17.179 bit/s/Hz
[40876 ms] [UE 33952] UL: SNR = 6.50 dB | SE = 2.414 bit/s/Hz
[40876 ms] [UE 12169] UL: SNR = 63.50 dB | SE = 20.778 bit/s/Hz
[40876 ms] [UE 22873] UL: SNR = 63.50 dB | SE = 20.778 bit/s/Hz
[40876 ms] [UE 30556] UL: SNR = 63.50 dB | SE = 20.778 bit/s/Hz
[40876 ms] [UE 20945] UL: SNR = 52.50 dB | SE = 17.179 bit/s/Hz
[40893 ms] [UE 45898] UL: SNR = 63.50 dB | SE = 20.778 bit/s/Hz
[40893 ms] [UE 36997] UL: SNR = 63.50 dB | SE = 20.778 bit/s/Hz
[40893 ms] [UE 48787] UL: SNR = 63.50 dB | SE = 20.778 bit/s/Hz
[40893 ms] [UE 40252] UL: SNR = 56.00 dB | SE = 18.324 bit/s/Hz
[40893 ms] [UE 15599] UL: SNR = 52.50 dB | SE = 17.179 bit/s/Hz
[40985 ms] [UE 33952] UL: SNR = 6.50 dB | SE = 2.414 bit/s/Hz
[40985 ms] [UE 12169] UL: SNR = 63.50 dB | SE = 20.778 bit/s/Hz
[40985 ms] [UE 22873] UL: SNR = 63.50 dB | SE = 20.778 bit/s/Hz
[40985 ms] [UE 30556] UL: SNR = 63.50 dB | SE = 20.778 bit/s/Hz
[40985 ms] [UE 20945] UL: SNR = 52.50 dB | SE = 17.179 bit/s/Hz
[40993 ms] [UE 45898] UL: SNR = 63.50 dB | SE = 20.778 bit/s/Hz
[40993 ms] [UE 36997] UL: SNR = 63.50 dB | SE = 20.778 bit/s/Hz
[40993 ms] [UE 48787] UL: SNR = 63.50 dB | SE = 20.778 bit/s/Hz
[40993 ms] [UE 40252] UL: SNR = 56.00 dB | SE = 18.324 bit/s/Hz
[40993 ms] [UE 15599] UL: SNR = 52.50 dB | SE = 17.179 bit/s/Hz
[41093 ms] [UE 45898] UL: SNR = 63.50 dB | SE = 20.778 bit/s/Hz
[41093 ms] [UE 36997] UL: SNR = 63.50 dB | SE = 20.778 bit/s/Hz
[41093 ms] [UE 48787] UL: SNR = 63.50 dB | SE = 20.778 bit/s/Hz
[41093 ms] [UE 40252] UL: SNR = 56.00 dB | SE = 18.324 bit/s/Hz
[41093 ms] [UE 15599] UL: SNR = 52.50 dB | SE = 17.179 bit/s/Hz
[41095 ms] [UE 33952] UL: SNR = 6.50 dB | SE = 2.414 bit/s/Hz
[41095 ms] [UE 12169] UL: SNR = 63.50 dB | SE = 20.778 bit/s/Hz
[41095 ms] [UE 22873] UL: SNR = 63.50 dB | SE = 20.778 bit/s/Hz
[41095 ms] [UE 30556] UL: SNR = 63.50 dB | SE = 20.778 bit/s/Hz
[41095 ms] [UE 20945] UL: SNR = 52.50 dB | SE = 17.179 bit/s/Hz
[41193 ms] [UE 45898] UL: SNR = 63.50 dB | SE = 20.778 bit/s/Hz
[41193 ms] [UE 36997] UL: SNR = 63.50 dB | SE = 20.778 bit/s/Hz
[41193 ms] [UE 48787] UL: SNR = 63.50 dB | SE = 20.778 bit/s/Hz
[41193 ms] [UE 40252] UL: SNR = 56.00 dB | SE = 18.324 bit/s/Hz
[41193 ms] [UE 15599] UL: SNR = 52.50 dB | SE = 17.179 bit/s/Hz
[41195 ms] [UE 33952] UL: SNR = 6.50 dB | SE = 2.414 bit/s/Hz
[41195 ms] [UE 12169] UL: SNR = 63.50 dB | SE = 20.778 bit/s/Hz
[41195 ms] [UE 22873] UL: SNR = 63.50 dB | SE = 20.778 bit/s/Hz
[41195 ms] [UE 30556] UL: SNR = 63.50 dB | SE = 20.778 bit/s/Hz
[41195 ms] [UE 20945] UL: SNR = 52.50 dB | SE = 17.179 bit/s/Hz
[41295 ms] [UE 33952] UL: SNR = 6.50 dB | SE = 2.414 bit/s/Hz
[41295 ms] [UE 12169] UL: SNR = 63.50 dB | SE = 20.778 bit/s/Hz
[41295 ms] [UE 22873] UL: SNR = 63.50 dB | SE = 20.778 bit/s/Hz
[41295 ms] [UE 30556] UL: SNR = 63.50 dB | SE = 20.778 bit/s/Hz
[41295 ms] [UE 20945] UL: SNR = 52.50 dB | SE = 17.179 bit/s/Hz
[41303 ms] [UE 45898] UL: SNR = 63.50 dB | SE = 20.778 bit/s/Hz
[41303 ms] [UE 36997] UL: SNR = 63.50 dB | SE = 20.778 bit/s/Hz
[41303 ms] [UE 48787] UL: SNR = 63.50 dB | SE = 20.778 bit/s/Hz
[41303 ms] [UE 40252] UL: SNR = 56.00 dB | SE = 18.324 bit/s/Hz
[41303 ms] [UE 15599] UL: SNR = 52.50 dB | SE = 17.179 bit/s/Hz
[41405 ms] [UE 33952] UL: SNR = 6.50 dB | SE = 2.414 bit/s/Hz
[41405 ms] [UE 12169] UL: SNR = 63.50 dB | SE = 20.778 bit/s/Hz
[41405 ms] [UE 22873] UL: SNR = 63.50 dB | SE = 20.778 bit/s/Hz
[41405 ms] [UE 30556] UL: SNR = 63.50 dB | SE = 20.778 bit/s/Hz
[41405 ms] [UE 20945] UL: SNR = 52.50 dB | SE = 17.179 bit/s/Hz
[41413 ms] [UE 45898] UL: SNR = 63.50 dB | SE = 20.778 bit/s/Hz
[41413 ms] [UE 36997] UL: SNR = 63.50 dB | SE = 20.778 bit/s/Hz
[41413 ms] [UE 48787] UL: SNR = 63.50 dB | SE = 20.778 bit/s/Hz
[41413 ms] [UE 40252] UL: SNR = 56.00 dB | SE = 18.324 bit/s/Hz
[41413 ms] [UE 15599] UL: SNR = 52.50 dB | SE = 17.179 bit/s/Hz
[41505 ms] [UE 33952] UL: SNR = 6.50 dB | SE = 2.414 bit/s/Hz
[41505 ms] [UE 12169] UL: SNR = 63.50 dB | SE = 20.778 bit/s/Hz
[41505 ms] [UE 22873] UL: SNR = 63.50 dB | SE = 20.778 bit/s/Hz
[41505 ms] [UE 30556] UL: SNR = 63.50 dB | SE = 20.778 bit/s/Hz
[41505 ms] [UE 20945] UL: SNR = 52.50 dB | SE = 17.179 bit/s/Hz
[41513 ms] [UE 45898] UL: SNR = 63.50 dB | SE = 20.778 bit/s/Hz
[41513 ms] [UE 36997] UL: SNR = 63.50 dB | SE = 20.778 bit/s/Hz
[41513 ms] [UE 48787] UL: SNR = 63.50 dB | SE = 20.778 bit/s/Hz
[41513 ms] [UE 40252] UL: SNR = 56.00 dB | SE = 18.324 bit/s/Hz
[41513 ms] [UE 15599] UL: SNR = 52.50 dB | SE = 17.179 bit/s/Hz
[41606 ms] [UE 33952] UL: SNR = 6.50 dB | SE = 2.414 bit/s/Hz
[41606 ms] [UE 12169] UL: SNR = 63.50 dB | SE = 20.778 bit/s/Hz
[41606 ms] [UE 22873] UL: SNR = 63.50 dB | SE = 20.778 bit/s/Hz
[41606 ms] [UE 30556] UL: SNR = 63.50 dB | SE = 20.778 bit/s/Hz
[41606 ms] [UE 20945] UL: SNR = 52.50 dB | SE = 17.179 bit/s/Hz
[41623 ms] [UE 45898] UL: SNR = 63.50 dB | SE = 20.778 bit/s/Hz
[41623 ms] [UE 36997] UL: SNR = 63.50 dB | SE = 20.778 bit/s/Hz
[41623 ms] [UE 48787] UL: SNR = 63.50 dB | SE = 20.778 bit/s/Hz
[41623 ms] [UE 40252] UL: SNR = 56.00 dB | SE = 18.324 bit/s/Hz
[41623 ms] [UE 15599] UL: SNR = 52.50 dB | SE = 17.179 bit/s/Hz
[41715 ms] [UE 33952] UL: SNR = 6.50 dB | SE = 2.414 bit/s/Hz
[41715 ms] [UE 12169] UL: SNR = 63.50 dB | SE = 20.778 bit/s/Hz
[41715 ms] [UE 22873] UL: SNR = 63.50 dB | SE = 20.778 bit/s/Hz
[41715 ms] [UE 30556] UL: SNR = 63.50 dB | SE = 20.778 bit/s/Hz
[41715 ms] [UE 20945] UL: SNR = 52.50 dB | SE = 17.179 bit/s/Hz
[41723 ms] [UE 45898] UL: SNR = 63.50 dB | SE = 20.778 bit/s/Hz
[41723 ms] [UE 36997] UL: SNR = 63.50 dB | SE = 20.778 bit/s/Hz
[41723 ms] [UE 48787] UL: SNR = 63.50 dB | SE = 20.778 bit/s/Hz
[41723 ms] [UE 40252] UL: SNR = 56.00 dB | SE = 18.324 bit/s/Hz
[41723 ms] [UE 15599] UL: SNR = 52.50 dB | SE = 17.179 bit/s/Hz
[41815 ms] [UE 33952] UL: SNR = 6.50 dB | SE = 2.414 bit/s/Hz
[41815 ms] [UE 12169] UL: SNR = 63.50 dB | SE = 20.778 bit/s/Hz
[41815 ms] [UE 22873] UL: SNR = 63.50 dB | SE = 20.778 bit/s/Hz
[41815 ms] [UE 30556] UL: SNR = 63.50 dB | SE = 20.778 bit/s/Hz
[41815 ms] [UE 20945] UL: SNR = 52.50 dB | SE = 17.179 bit/s/Hz
[41833 ms] [UE 45898] UL: SNR = 63.50 dB | SE = 20.778 bit/s/Hz
[41833 ms] [UE 36997] UL: SNR = 63.50 dB | SE = 20.778 bit/s/Hz
[41833 ms] [UE 48787] UL: SNR = 63.50 dB | SE = 20.778 bit/s/Hz
[41833 ms] [UE 40252] UL: SNR = 56.00 dB | SE = 18.324 bit/s/Hz
[41833 ms] [UE 15599] UL: SNR = 52.50 dB | SE = 17.179 bit/s/Hz
[41915 ms] [UE 33952] UL: SNR = 6.50 dB | SE = 2.414 bit/s/Hz
[41915 ms] [UE 12169] UL: SNR = 63.50 dB | SE = 20.778 bit/s/Hz
[41915 ms] [UE 22873] UL: SNR = 63.50 dB | SE = 20.778 bit/s/Hz
[41915 ms] [UE 30556] UL: SNR = 63.50 dB | SE = 20.778 bit/s/Hz
[41915 ms] [UE 20945] UL: SNR = 52.50 dB | SE = 17.179 bit/s/Hz
[41943 ms] [UE 45898] UL: SNR = 63.50 dB | SE = 20.778 bit/s/Hz
[41943 ms] [UE 36997] UL: SNR = 63.50 dB | SE = 20.778 bit/s/Hz
[41943 ms] [UE 48787] UL: SNR = 63.50 dB | SE = 20.778 bit/s/Hz
[41943 ms] [UE 40252] UL: SNR = 56.00 dB | SE = 18.324 bit/s/Hz
[41943 ms] [UE 15599] UL: SNR = 52.50 dB | SE = 17.179 bit/s/Hz
[42025 ms] [UE 33952] UL: SNR = 6.50 dB | SE = 2.414 bit/s/Hz
[42025 ms] [UE 12169] UL: SNR = 63.50 dB | SE = 20.778 bit/s/Hz
[42025 ms] [UE 22873] UL: SNR = 63.50 dB | SE = 20.778 bit/s/Hz
[42025 ms] [UE 30556] UL: SNR = 63.50 dB | SE = 20.778 bit/s/Hz
[42025 ms] [UE 20945] UL: SNR = 52.50 dB | SE = 17.179 bit/s/Hz
[42043 ms] [UE 45898] UL: SNR = 63.50 dB | SE = 20.778 bit/s/Hz
[42043 ms] [UE 36997] UL: SNR = 63.50 dB | SE = 20.778 bit/s/Hz
[42043 ms] [UE 48787] UL: SNR = 63.50 dB | SE = 20.778 bit/s/Hz
[42043 ms] [UE 40252] UL: SNR = 56.00 dB | SE = 18.324 bit/s/Hz
[42043 ms] [UE 15599] UL: SNR = 52.50 dB | SE = 17.179 bit/s/Hz
[42135 ms] [UE 33952] UL: SNR = 6.50 dB | SE = 2.414 bit/s/Hz
[42135 ms] [UE 12169] UL: SNR = 63.50 dB | SE = 20.778 bit/s/Hz
[42135 ms] [UE 22873] UL: SNR = 63.50 dB | SE = 20.778 bit/s/Hz
[42135 ms] [UE 30556] UL: SNR = 63.50 dB | SE = 20.778 bit/s/Hz
[42135 ms] [UE 20945] UL: SNR = 52.50 dB | SE = 17.179 bit/s/Hz
[42143 ms] [UE 45898] UL: SNR = 63.50 dB | SE = 20.778 bit/s/Hz
[42143 ms] [UE 36997] UL: SNR = 63.50 dB | SE = 20.778 bit/s/Hz
[42143 ms] [UE 48787] UL: SNR = 63.50 dB | SE = 20.778 bit/s/Hz
[42143 ms] [UE 40252] UL: SNR = 56.00 dB | SE = 18.324 bit/s/Hz
[42143 ms] [UE 15599] UL: SNR = 52.50 dB | SE = 17.179 bit/s/Hz
[42236 ms] [UE 33952] UL: SNR = 6.50 dB | SE = 2.414 bit/s/Hz
[42236 ms] [UE 12169] UL: SNR = 63.50 dB | SE = 20.778 bit/s/Hz
[42236 ms] [UE 22873] UL: SNR = 63.50 dB | SE = 20.778 bit/s/Hz
[42236 ms] [UE 30556] UL: SNR = 63.50 dB | SE = 20.778 bit/s/Hz
[42236 ms] [UE 20945] UL: SNR = 52.50 dB | SE = 17.179 bit/s/Hz
[42243 ms] [UE 45898] UL: SNR = 63.50 dB | SE = 20.778 bit/s/Hz
[42243 ms] [UE 36997] UL: SNR = 63.50 dB | SE = 20.778 bit/s/Hz
[42243 ms] [UE 48787] UL: SNR = 63.50 dB | SE = 20.778 bit/s/Hz
[42243 ms] [UE 40252] UL: SNR = 56.00 dB | SE = 18.324 bit/s/Hz
[42243 ms] [UE 15599] UL: SNR = 52.50 dB | SE = 17.179 bit/s/Hz
[42345 ms] [UE 33952] UL: SNR = 6.50 dB | SE = 2.414 bit/s/Hz
[42345 ms] [UE 12169] UL: SNR = 63.50 dB | SE = 20.778 bit/s/Hz
[42345 ms] [UE 22873] UL: SNR = 63.50 dB | SE = 20.778 bit/s/Hz
[42345 ms] [UE 30556] UL: SNR = 63.50 dB | SE = 20.778 bit/s/Hz
[42345 ms] [UE 20945] UL: SNR = 52.50 dB | SE = 17.179 bit/s/Hz
[42353 ms] [UE 45898] UL: SNR = 63.50 dB | SE = 20.778 bit/s/Hz
[42353 ms] [UE 36997] UL: SNR = 63.50 dB | SE = 20.778 bit/s/Hz
[42353 ms] [UE 48787] UL: SNR = 63.50 dB | SE = 20.778 bit/s/Hz
[42353 ms] [UE 40252] UL: SNR = 56.00 dB | SE = 18.324 bit/s/Hz
[42353 ms] [UE 15599] UL: SNR = 52.50 dB | SE = 17.179 bit/s/Hz
[42455 ms] [UE 33952] UL: SNR = 6.50 dB | SE = 2.414 bit/s/Hz
[42455 ms] [UE 12169] UL: SNR = 63.50 dB | SE = 20.778 bit/s/Hz
[42455 ms] [UE 22873] UL: SNR = 63.50 dB | SE = 20.778 bit/s/Hz
[42455 ms] [UE 30556] UL: SNR = 63.50 dB | SE = 20.778 bit/s/Hz
[42455 ms] [UE 20945] UL: SNR = 52.50 dB | SE = 17.179 bit/s/Hz
[42463 ms] [UE 45898] UL: SNR = 63.50 dB | SE = 20.778 bit/s/Hz
[42463 ms] [UE 36997] UL: SNR = 63.50 dB | SE = 20.778 bit/s/Hz
[42463 ms] [UE 48787] UL: SNR = 63.50 dB | SE = 20.778 bit/s/Hz
[42463 ms] [UE 40252] UL: SNR = 56.00 dB | SE = 18.324 bit/s/Hz
[42463 ms] [UE 15599] UL: SNR = 52.50 dB | SE = 17.179 bit/s/Hz
[42555 ms] [UE 33952] UL: SNR = 6.50 dB | SE = 2.414 bit/s/Hz
[42555 ms] [UE 12169] UL: SNR = 63.50 dB | SE = 20.778 bit/s/Hz
[42555 ms] [UE 22873] UL: SNR = 63.50 dB | SE = 20.778 bit/s/Hz
[42555 ms] [UE 30556] UL: SNR = 63.50 dB | SE = 20.778 bit/s/Hz
[42555 ms] [UE 20945] UL: SNR = 52.50 dB | SE = 17.179 bit/s/Hz
[42563 ms] [UE 45898] UL: SNR = 63.50 dB | SE = 20.778 bit/s/Hz
[42563 ms] [UE 36997] UL: SNR = 63.50 dB | SE = 20.778 bit/s/Hz
[42563 ms] [UE 48787] UL: SNR = 63.50 dB | SE = 20.778 bit/s/Hz
[42563 ms] [UE 40252] UL: SNR = 56.00 dB | SE = 18.324 bit/s/Hz
[42563 ms] [UE 15599] UL: SNR = 52.50 dB | SE = 17.179 bit/s/Hz
[42655 ms] [UE 33952] UL: SNR = 6.50 dB | SE = 2.414 bit/s/Hz
[42655 ms] [UE 12169] UL: SNR = 63.50 dB | SE = 20.778 bit/s/Hz
[42655 ms] [UE 22873] UL: SNR = 63.50 dB | SE = 20.778 bit/s/Hz
[42655 ms] [UE 30556] UL: SNR = 63.50 dB | SE = 20.778 bit/s/Hz
[42655 ms] [UE 20945] UL: SNR = 52.50 dB | SE = 17.179 bit/s/Hz
[42673 ms] [UE 45898] UL: SNR = 63.50 dB | SE = 20.778 bit/s/Hz
[42673 ms] [UE 36997] UL: SNR = 63.50 dB | SE = 20.778 bit/s/Hz
[42673 ms] [UE 48787] UL: SNR = 63.50 dB | SE = 20.778 bit/s/Hz
[42673 ms] [UE 40252] UL: SNR = 56.00 dB | SE = 18.324 bit/s/Hz
[42673 ms] [UE 15599] UL: SNR = 52.50 dB | SE = 17.179 bit/s/Hz
[42765 ms] [UE 33952] UL: SNR = 6.50 dB | SE = 2.414 bit/s/Hz
[42765 ms] [UE 12169] UL: SNR = 63.50 dB | SE = 20.778 bit/s/Hz
[42765 ms] [UE 22873] UL: SNR = 63.50 dB | SE = 20.778 bit/s/Hz
[42765 ms] [UE 30556] UL: SNR = 63.50 dB | SE = 20.778 bit/s/Hz
[42765 ms] [UE 20945] UL: SNR = 52.50 dB | SE = 17.179 bit/s/Hz
[42773 ms] [UE 45898] UL: SNR = 63.50 dB | SE = 20.778 bit/s/Hz
[42773 ms] [UE 36997] UL: SNR = 63.50 dB | SE = 20.778 bit/s/Hz
[42773 ms] [UE 48787] UL: SNR = 63.50 dB | SE = 20.778 bit/s/Hz
[42773 ms] [UE 40252] UL: SNR = 56.00 dB | SE = 18.324 bit/s/Hz
[42773 ms] [UE 15599] UL: SNR = 52.50 dB | SE = 17.179 bit/s/Hz
[42875 ms] [UE 33952] UL: SNR = 6.50 dB | SE = 2.414 bit/s/Hz
[42875 ms] [UE 12169] UL: SNR = 63.50 dB | SE = 20.778 bit/s/Hz
[42875 ms] [UE 22873] UL: SNR = 63.50 dB | SE = 20.778 bit/s/Hz
[42875 ms] [UE 30556] UL: SNR = 63.50 dB | SE = 20.778 bit/s/Hz
[42875 ms] [UE 20945] UL: SNR = 52.50 dB | SE = 17.179 bit/s/Hz
[42883 ms] [UE 45898] UL: SNR = 63.50 dB | SE = 20.778 bit/s/Hz
[42883 ms] [UE 36997] UL: SNR = 63.50 dB | SE = 20.778 bit/s/Hz
[42883 ms] [UE 48787] UL: SNR = 63.50 dB | SE = 20.778 bit/s/Hz
[42883 ms] [UE 40252] UL: SNR = 56.00 dB | SE = 18.324 bit/s/Hz
[42883 ms] [UE 15599] UL: SNR = 52.50 dB | SE = 17.179 bit/s/Hz
[42976 ms] [UE 33952] UL: SNR = 6.50 dB | SE = 2.414 bit/s/Hz
[42976 ms] [UE 12169] UL: SNR = 63.50 dB | SE = 20.778 bit/s/Hz
[42976 ms] [UE 22873] UL: SNR = 63.50 dB | SE = 20.778 bit/s/Hz
[42976 ms] [UE 30556] UL: SNR = 63.50 dB | SE = 20.778 bit/s/Hz
[42976 ms] [UE 20945] UL: SNR = 52.50 dB | SE = 17.179 bit/s/Hz
[42983 ms] [UE 45898] UL: SNR = 63.50 dB | SE = 20.778 bit/s/Hz
[42983 ms] [UE 36997] UL: SNR = 63.50 dB | SE = 20.778 bit/s/Hz
[42983 ms] [UE 48787] UL: SNR = 63.50 dB | SE = 20.778 bit/s/Hz
[42983 ms] [UE 40252] UL: SNR = 56.00 dB | SE = 18.324 bit/s/Hz
[42983 ms] [UE 15599] UL: SNR = 52.50 dB | SE = 17.179 bit/s/Hz
[43086 ms] [UE 33952] UL: SNR = 6.50 dB | SE = 2.414 bit/s/Hz
[43086 ms] [UE 12169] UL: SNR = 63.50 dB | SE = 20.778 bit/s/Hz
[43086 ms] [UE 22873] UL: SNR = 63.50 dB | SE = 20.778 bit/s/Hz
[43086 ms] [UE 30556] UL: SNR = 63.50 dB | SE = 20.778 bit/s/Hz
[43086 ms] [UE 20945] UL: SNR = 52.50 dB | SE = 17.179 bit/s/Hz
[43093 ms] [UE 45898] UL: SNR = 63.50 dB | SE = 20.778 bit/s/Hz
[43093 ms] [UE 36997] UL: SNR = 63.50 dB | SE = 20.778 bit/s/Hz
[43093 ms] [UE 48787] UL: SNR = 63.50 dB | SE = 20.778 bit/s/Hz
[43093 ms] [UE 40252] UL: SNR = 56.00 dB | SE = 18.324 bit/s/Hz
[43093 ms] [UE 15599] UL: SNR = 52.50 dB | SE = 17.179 bit/s/Hz
[43194 ms] [UE 45898] UL: SNR = 63.50 dB | SE = 20.778 bit/s/Hz
[43194 ms] [UE 36997] UL: SNR = 63.50 dB | SE = 20.778 bit/s/Hz
[43194 ms] [UE 48787] UL: SNR = 63.50 dB | SE = 20.778 bit/s/Hz
[43194 ms] [UE 40252] UL: SNR = 56.00 dB | SE = 18.324 bit/s/Hz
[43194 ms] [UE 15599] UL: SNR = 52.50 dB | SE = 17.179 bit/s/Hz
[43195 ms] [UE 33952] UL: SNR = 6.50 dB | SE = 2.414 bit/s/Hz
[43195 ms] [UE 12169] UL: SNR = 63.50 dB | SE = 20.778 bit/s/Hz
[43195 ms] [UE 22873] UL: SNR = 63.50 dB | SE = 20.778 bit/s/Hz
[43195 ms] [UE 30556] UL: SNR = 63.50 dB | SE = 20.778 bit/s/Hz
[43195 ms] [UE 20945] UL: SNR = 52.50 dB | SE = 17.179 bit/s/Hz
[43304 ms] [UE 45898] UL: SNR = 63.50 dB | SE = 20.778 bit/s/Hz
[43304 ms] [UE 36997] UL: SNR = 63.50 dB | SE = 20.778 bit/s/Hz
[43304 ms] [UE 48787] UL: SNR = 63.50 dB | SE = 20.778 bit/s/Hz
[43304 ms] [UE 40252] UL: SNR = 56.00 dB | SE = 18.324 bit/s/Hz
[43304 ms] [UE 15599] UL: SNR = 52.50 dB | SE = 17.179 bit/s/Hz
[43305 ms] [UE 33952] UL: SNR = 6.50 dB | SE = 2.414 bit/s/Hz
[43305 ms] [UE 12169] UL: SNR = 63.50 dB | SE = 20.778 bit/s/Hz
[43305 ms] [UE 22873] UL: SNR = 63.50 dB | SE = 20.778 bit/s/Hz
[43305 ms] [UE 30556] UL: SNR = 53.50 dB | SE = 17.506 bit/s/Hz
[43305 ms] [UE 20945] UL: SNR = 52.00 dB | SE = 17.015 bit/s/Hz
[43413 ms] [UE 45898] UL: SNR = 63.50 dB | SE = 20.778 bit/s/Hz
[43413 ms] [UE 36997] UL: SNR = 63.50 dB | SE = 20.778 bit/s/Hz
[43413 ms] [UE 48787] UL: SNR = 63.50 dB | SE = 20.778 bit/s/Hz
[43413 ms] [UE 40252] UL: SNR = 56.00 dB | SE = 18.324 bit/s/Hz
[43413 ms] [UE 15599] UL: SNR = 52.50 dB | SE = 17.179 bit/s/Hz
[43415 ms] [UE 33952] UL: SNR = 6.50 dB | SE = 2.414 bit/s/Hz
[43415 ms] [UE 12169] UL: SNR = 63.50 dB | SE = 20.778 bit/s/Hz
[43415 ms] [UE 22873] UL: SNR = 63.50 dB | SE = 20.778 bit/s/Hz
[43415 ms] [UE 30556] UL: SNR = 53.50 dB | SE = 17.506 bit/s/Hz
[43415 ms] [UE 20945] UL: SNR = 52.00 dB | SE = 17.015 bit/s/Hz
[43513 ms] [UE 45898] UL: SNR = 63.50 dB | SE = 20.778 bit/s/Hz
[43513 ms] [UE 36997] UL: SNR = 63.50 dB | SE = 20.778 bit/s/Hz
[43513 ms] [UE 48787] UL: SNR = 63.50 dB | SE = 20.778 bit/s/Hz
[43513 ms] [UE 40252] UL: SNR = 56.00 dB | SE = 18.324 bit/s/Hz
[43513 ms] [UE 15599] UL: SNR = 52.50 dB | SE = 17.179 bit/s/Hz
[43515 ms] [UE 33952] UL: SNR = 6.50 dB | SE = 2.414 bit/s/Hz
[43515 ms] [UE 12169] UL: SNR = 63.50 dB | SE = 20.778 bit/s/Hz
[43515 ms] [UE 22873] UL: SNR = 63.50 dB | SE = 20.778 bit/s/Hz
[43515 ms] [UE 30556] UL: SNR = 53.50 dB | SE = 17.506 bit/s/Hz
[43515 ms] [UE 20945] UL: SNR = 52.00 dB | SE = 17.015 bit/s/Hz
[43615 ms] [UE 33952] UL: SNR = 6.50 dB | SE = 2.414 bit/s/Hz
[43615 ms] [UE 12169] UL: SNR = 63.50 dB | SE = 20.778 bit/s/Hz
[43615 ms] [UE 22873] UL: SNR = 63.50 dB | SE = 20.778 bit/s/Hz
[43615 ms] [UE 30556] UL: SNR = 53.50 dB | SE = 17.506 bit/s/Hz
[43615 ms] [UE 20945] UL: SNR = 63.50 dB | SE = 20.778 bit/s/Hz
[43623 ms] [UE 45898] UL: SNR = 63.50 dB | SE = 20.778 bit/s/Hz
[43623 ms] [UE 36997] UL: SNR = 63.50 dB | SE = 20.778 bit/s/Hz
[43623 ms] [UE 48787] UL: SNR = 63.50 dB | SE = 20.778 bit/s/Hz
[43623 ms] [UE 40252] UL: SNR = 56.00 dB | SE = 18.324 bit/s/Hz
[43623 ms] [UE 15599] UL: SNR = 52.50 dB | SE = 17.179 bit/s/Hz
[43724 ms] [UE 45898] UL: SNR = 63.50 dB | SE = 20.778 bit/s/Hz
[43724 ms] [UE 36997] UL: SNR = 63.50 dB | SE = 20.778 bit/s/Hz
[43724 ms] [UE 48787] UL: SNR = 63.50 dB | SE = 20.778 bit/s/Hz
[43724 ms] [UE 40252] UL: SNR = 56.00 dB | SE = 18.324 bit/s/Hz
[43724 ms] [UE 15599] UL: SNR = 52.50 dB | SE = 17.179 bit/s/Hz
[43725 ms] [UE 33952] UL: SNR = 6.50 dB | SE = 2.414 bit/s/Hz
[43725 ms] [UE 12169] UL: SNR = 63.50 dB | SE = 20.778 bit/s/Hz
[43725 ms] [UE 22873] UL: SNR = 63.50 dB | SE = 20.778 bit/s/Hz
[43725 ms] [UE 30556] UL: SNR = 53.50 dB | SE = 17.506 bit/s/Hz
[43725 ms] [UE 20945] UL: SNR = 63.50 dB | SE = 20.778 bit/s/Hz
[43825 ms] [UE 33952] UL: SNR = 6.50 dB | SE = 2.414 bit/s/Hz
[43825 ms] [UE 12169] UL: SNR = 63.50 dB | SE = 20.778 bit/s/Hz
[43825 ms] [UE 22873] UL: SNR = 63.50 dB | SE = 20.778 bit/s/Hz
[43825 ms] [UE 30556] UL: SNR = 53.50 dB | SE = 17.506 bit/s/Hz
[43825 ms] [UE 20945] UL: SNR = 63.50 dB | SE = 20.778 bit/s/Hz
[43833 ms] [UE 45898] UL: SNR = 63.50 dB | SE = 20.778 bit/s/Hz
[43833 ms] [UE 36997] UL: SNR = 63.50 dB | SE = 20.778 bit/s/Hz
[43833 ms] [UE 48787] UL: SNR = 63.50 dB | SE = 20.778 bit/s/Hz
[43833 ms] [UE 40252] UL: SNR = 56.00 dB | SE = 18.324 bit/s/Hz
[43833 ms] [UE 15599] UL: SNR = 52.50 dB | SE = 17.179 bit/s/Hz
[43925 ms] [UE 33952] UL: SNR = 6.50 dB | SE = 2.414 bit/s/Hz
[43925 ms] [UE 12169] UL: SNR = 63.50 dB | SE = 20.778 bit/s/Hz
[43925 ms] [UE 22873] UL: SNR = 63.50 dB | SE = 20.778 bit/s/Hz
[43925 ms] [UE 30556] UL: SNR = 53.50 dB | SE = 17.506 bit/s/Hz
[43925 ms] [UE 20945] UL: SNR = 63.50 dB | SE = 20.778 bit/s/Hz
[43943 ms] [UE 45898] UL: SNR = 63.50 dB | SE = 20.778 bit/s/Hz
[43943 ms] [UE 36997] UL: SNR = 63.50 dB | SE = 20.778 bit/s/Hz
[43943 ms] [UE 48787] UL: SNR = 63.50 dB | SE = 20.778 bit/s/Hz
[43943 ms] [UE 40252] UL: SNR = 56.00 dB | SE = 18.324 bit/s/Hz
[43943 ms] [UE 15599] UL: SNR = 52.50 dB | SE = 17.179 bit/s/Hz
[44026 ms] [UE 33952] UL: SNR = 6.50 dB | SE = 2.414 bit/s/Hz
[44026 ms] [UE 12169] UL: SNR = 63.50 dB | SE = 20.778 bit/s/Hz
[44026 ms] [UE 22873] UL: SNR = 63.50 dB | SE = 20.778 bit/s/Hz
[44026 ms] [UE 30556] UL: SNR = 53.50 dB | SE = 17.506 bit/s/Hz
[44026 ms] [UE 20945] UL: SNR = 63.50 dB | SE = 20.778 bit/s/Hz
[44043 ms] [UE 45898] UL: SNR = 63.50 dB | SE = 20.778 bit/s/Hz
[44043 ms] [UE 36997] UL: SNR = 63.50 dB | SE = 20.778 bit/s/Hz
[44043 ms] [UE 48787] UL: SNR = 63.50 dB | SE = 20.778 bit/s/Hz
[44043 ms] [UE 40252] UL: SNR = 56.00 dB | SE = 18.324 bit/s/Hz
[44043 ms] [UE 15599] UL: SNR = 52.50 dB | SE = 17.179 bit/s/Hz
[44136 ms] [UE 33952] UL: SNR = 6.50 dB | SE = 2.414 bit/s/Hz
[44136 ms] [UE 12169] UL: SNR = 63.50 dB | SE = 20.778 bit/s/Hz
[44136 ms] [UE 22873] UL: SNR = 63.50 dB | SE = 20.778 bit/s/Hz
[44136 ms] [UE 30556] UL: SNR = 63.50 dB | SE = 20.778 bit/s/Hz
[44136 ms] [UE 20945] UL: SNR = 63.50 dB | SE = 20.778 bit/s/Hz
[44153 ms] [UE 45898] UL: SNR = 63.50 dB | SE = 20.778 bit/s/Hz
[44153 ms] [UE 36997] UL: SNR = 63.50 dB | SE = 20.778 bit/s/Hz
[44153 ms] [UE 48787] UL: SNR = 63.50 dB | SE = 20.778 bit/s/Hz
[44153 ms] [UE 40252] UL: SNR = 56.00 dB | SE = 18.324 bit/s/Hz
[44153 ms] [UE 15599] UL: SNR = 52.50 dB | SE = 17.179 bit/s/Hz
[44246 ms] [UE 33952] UL: SNR = 6.50 dB | SE = 2.414 bit/s/Hz
[44246 ms] [UE 12169] UL: SNR = 63.50 dB | SE = 20.778 bit/s/Hz
[44246 ms] [UE 22873] UL: SNR = 63.50 dB | SE = 20.778 bit/s/Hz
[44246 ms] [UE 30556] UL: SNR = 63.50 dB | SE = 20.778 bit/s/Hz
[44246 ms] [UE 20945] UL: SNR = 63.50 dB | SE = 20.778 bit/s/Hz
[44253 ms] [UE 45898] UL: SNR = 63.50 dB | SE = 20.778 bit/s/Hz
[44253 ms] [UE 36997] UL: SNR = 63.50 dB | SE = 20.778 bit/s/Hz
[44253 ms] [UE 48787] UL: SNR = 63.50 dB | SE = 20.778 bit/s/Hz
[44253 ms] [UE 40252] UL: SNR = 56.00 dB | SE = 18.324 bit/s/Hz
[44253 ms] [UE 15599] UL: SNR = 52.50 dB | SE = 17.179 bit/s/Hz
[44353 ms] [UE 45898] UL: SNR = 63.50 dB | SE = 20.778 bit/s/Hz
[44353 ms] [UE 36997] UL: SNR = 63.50 dB | SE = 20.778 bit/s/Hz
[44353 ms] [UE 48787] UL: SNR = 63.50 dB | SE = 20.778 bit/s/Hz
[44353 ms] [UE 40252] UL: SNR = 56.00 dB | SE = 18.324 bit/s/Hz
[44353 ms] [UE 15599] UL: SNR = 52.50 dB | SE = 17.179 bit/s/Hz
[44355 ms] [UE 33952] UL: SNR = 6.50 dB | SE = 2.414 bit/s/Hz
[44355 ms] [UE 12169] UL: SNR = 63.50 dB | SE = 20.778 bit/s/Hz
[44355 ms] [UE 22873] UL: SNR = 63.50 dB | SE = 20.778 bit/s/Hz
[44355 ms] [UE 30556] UL: SNR = 63.50 dB | SE = 20.778 bit/s/Hz
[44355 ms] [UE 20945] UL: SNR = 63.50 dB | SE = 20.778 bit/s/Hz
[44453 ms] [UE 45898] UL: SNR = 63.50 dB | SE = 20.778 bit/s/Hz
[44453 ms] [UE 36997] UL: SNR = 63.50 dB | SE = 20.778 bit/s/Hz
[44453 ms] [UE 48787] UL: SNR = 63.50 dB | SE = 20.778 bit/s/Hz
[44453 ms] [UE 40252] UL: SNR = 56.00 dB | SE = 18.324 bit/s/Hz
[44453 ms] [UE 15599] UL: SNR = 52.50 dB | SE = 17.179 bit/s/Hz
[44465 ms] [UE 33952] UL: SNR = 6.50 dB | SE = 2.414 bit/s/Hz
[44465 ms] [UE 12169] UL: SNR = 63.50 dB | SE = 20.778 bit/s/Hz
[44465 ms] [UE 22873] UL: SNR = 63.50 dB | SE = 20.778 bit/s/Hz
[44465 ms] [UE 30556] UL: SNR = 63.50 dB | SE = 20.778 bit/s/Hz
[44465 ms] [UE 20945] UL: SNR = 63.50 dB | SE = 20.778 bit/s/Hz
[44563 ms] [UE 45898] UL: SNR = 63.50 dB | SE = 20.778 bit/s/Hz
[44563 ms] [UE 36997] UL: SNR = 63.50 dB | SE = 20.778 bit/s/Hz
[44563 ms] [UE 48787] UL: SNR = 63.50 dB | SE = 20.778 bit/s/Hz
[44563 ms] [UE 40252] UL: SNR = 56.00 dB | SE = 18.324 bit/s/Hz
[44563 ms] [UE 15599] UL: SNR = 52.50 dB | SE = 17.179 bit/s/Hz
[44565 ms] [UE 33952] UL: SNR = 6.50 dB | SE = 2.414 bit/s/Hz
[44565 ms] [UE 12169] UL: SNR = 63.50 dB | SE = 20.778 bit/s/Hz
[44565 ms] [UE 22873] UL: SNR = 63.50 dB | SE = 20.778 bit/s/Hz
[44565 ms] [UE 30556] UL: SNR = 63.50 dB | SE = 20.778 bit/s/Hz
[44565 ms] [UE 20945] UL: SNR = 63.50 dB | SE = 20.778 bit/s/Hz
[44666 ms] [UE 33952] UL: SNR = 6.50 dB | SE = 2.414 bit/s/Hz
[44666 ms] [UE 12169] UL: SNR = 63.50 dB | SE = 20.778 bit/s/Hz
[44666 ms] [UE 22873] UL: SNR = 63.50 dB | SE = 20.778 bit/s/Hz
[44666 ms] [UE 30556] UL: SNR = 63.50 dB | SE = 20.778 bit/s/Hz
[44666 ms] [UE 20945] UL: SNR = 63.50 dB | SE = 20.778 bit/s/Hz
[44673 ms] [UE 45898] UL: SNR = 63.50 dB | SE = 20.778 bit/s/Hz
[44673 ms] [UE 36997] UL: SNR = 63.50 dB | SE = 20.778 bit/s/Hz
[44673 ms] [UE 48787] UL: SNR = 63.50 dB | SE = 20.778 bit/s/Hz
[44673 ms] [UE 40252] UL: SNR = 56.00 dB | SE = 18.324 bit/s/Hz
[44673 ms] [UE 15599] UL: SNR = 52.50 dB | SE = 17.179 bit/s/Hz
[44766 ms] [UE 33952] UL: SNR = 6.50 dB | SE = 2.414 bit/s/Hz
[44766 ms] [UE 12169] UL: SNR = 63.50 dB | SE = 20.778 bit/s/Hz
[44766 ms] [UE 22873] UL: SNR = 63.50 dB | SE = 20.778 bit/s/Hz
[44766 ms] [UE 30556] UL: SNR = 63.50 dB | SE = 20.778 bit/s/Hz
[44766 ms] [UE 20945] UL: SNR = 63.50 dB | SE = 20.778 bit/s/Hz
[44773 ms] [UE 45898] UL: SNR = 63.50 dB | SE = 20.778 bit/s/Hz
[44773 ms] [UE 36997] UL: SNR = 63.50 dB | SE = 20.778 bit/s/Hz
[44773 ms] [UE 48787] UL: SNR = 63.50 dB | SE = 20.778 bit/s/Hz
[44773 ms] [UE 40252] UL: SNR = 56.00 dB | SE = 18.324 bit/s/Hz
[44773 ms] [UE 15599] UL: SNR = 52.50 dB | SE = 17.179 bit/s/Hz
[44873 ms] [UE 45898] UL: SNR = 63.50 dB | SE = 20.778 bit/s/Hz
[44873 ms] [UE 36997] UL: SNR = 63.50 dB | SE = 20.778 bit/s/Hz
[44873 ms] [UE 48787] UL: SNR = 63.50 dB | SE = 20.778 bit/s/Hz
[44873 ms] [UE 40252] UL: SNR = 56.00 dB | SE = 18.324 bit/s/Hz
[44873 ms] [UE 15599] UL: SNR = 52.50 dB | SE = 17.179 bit/s/Hz
[44875 ms] [UE 33952] UL: SNR = 6.50 dB | SE = 2.414 bit/s/Hz
[44875 ms] [UE 12169] UL: SNR = 63.50 dB | SE = 20.778 bit/s/Hz
[44875 ms] [UE 22873] UL: SNR = 63.50 dB | SE = 20.778 bit/s/Hz
[44875 ms] [UE 30556] UL: SNR = 63.50 dB | SE = 20.778 bit/s/Hz
[44875 ms] [UE 20945] UL: SNR = 63.50 dB | SE = 20.778 bit/s/Hz
[44983 ms] [UE 45898] UL: SNR = 63.50 dB | SE = 20.778 bit/s/Hz
[44983 ms] [UE 36997] UL: SNR = 63.50 dB | SE = 20.778 bit/s/Hz
[44983 ms] [UE 48787] UL: SNR = 63.50 dB | SE = 20.778 bit/s/Hz
[44983 ms] [UE 40252] UL: SNR = 56.00 dB | SE = 18.324 bit/s/Hz
[44983 ms] [UE 15599] UL: SNR = 52.50 dB | SE = 17.179 bit/s/Hz
[44985 ms] [UE 33952] UL: SNR = 6.50 dB | SE = 2.414 bit/s/Hz
[44985 ms] [UE 12169] UL: SNR = 63.50 dB | SE = 20.778 bit/s/Hz
[44985 ms] [UE 22873] UL: SNR = 63.50 dB | SE = 20.778 bit/s/Hz
[44985 ms] [UE 30556] UL: SNR = 63.50 dB | SE = 20.778 bit/s/Hz
[44985 ms] [UE 20945] UL: SNR = 63.50 dB | SE = 20.778 bit/s/Hz
[45085 ms] [UE 33952] UL: SNR = 6.50 dB | SE = 2.414 bit/s/Hz
[45085 ms] [UE 12169] UL: SNR = 63.50 dB | SE = 20.778 bit/s/Hz
[45085 ms] [UE 22873] UL: SNR = 63.50 dB | SE = 20.778 bit/s/Hz
[45085 ms] [UE 30556] UL: SNR = 63.50 dB | SE = 20.778 bit/s/Hz
[45085 ms] [UE 20945] UL: SNR = 63.50 dB | SE = 20.778 bit/s/Hz
[45093 ms] [UE 45898] UL: SNR = 63.50 dB | SE = 20.778 bit/s/Hz
[45093 ms] [UE 36997] UL: SNR = 63.50 dB | SE = 20.778 bit/s/Hz
[45093 ms] [UE 48787] UL: SNR = 63.50 dB | SE = 20.778 bit/s/Hz
[45093 ms] [UE 40252] UL: SNR = 56.00 dB | SE = 18.324 bit/s/Hz
[45093 ms] [UE 15599] UL: SNR = 52.50 dB | SE = 17.179 bit/s/Hz
[45195 ms] [UE 33952] UL: SNR = 6.50 dB | SE = 2.414 bit/s/Hz
[45195 ms] [UE 12169] UL: SNR = 63.50 dB | SE = 20.778 bit/s/Hz
[45195 ms] [UE 22873] UL: SNR = 63.50 dB | SE = 20.778 bit/s/Hz
[45195 ms] [UE 30556] UL: SNR = 63.50 dB | SE = 20.778 bit/s/Hz
[45195 ms] [UE 20945] UL: SNR = 63.50 dB | SE = 20.778 bit/s/Hz
[45203 ms] [UE 45898] UL: SNR = 63.50 dB | SE = 20.778 bit/s/Hz
[45203 ms] [UE 36997] UL: SNR = 63.50 dB | SE = 20.778 bit/s/Hz
[45203 ms] [UE 48787] UL: SNR = 63.50 dB | SE = 20.778 bit/s/Hz
[45203 ms] [UE 40252] UL: SNR = 56.00 dB | SE = 18.324 bit/s/Hz
[45203 ms] [UE 15599] UL: SNR = 52.50 dB | SE = 17.179 bit/s/Hz
[45297 ms] [UE 33952] UL: SNR = 6.50 dB | SE = 2.414 bit/s/Hz
[45297 ms] [UE 12169] UL: SNR = 63.50 dB | SE = 20.778 bit/s/Hz
[45297 ms] [UE 22873] UL: SNR = 63.50 dB | SE = 20.778 bit/s/Hz
[45297 ms] [UE 30556] UL: SNR = 63.50 dB | SE = 20.778 bit/s/Hz
[45297 ms] [UE 20945] UL: SNR = 63.50 dB | SE = 20.778 bit/s/Hz
[45303 ms] [UE 45898] UL: SNR = 63.50 dB | SE = 20.778 bit/s/Hz
[45303 ms] [UE 36997] UL: SNR = 63.50 dB | SE = 20.778 bit/s/Hz
[45303 ms] [UE 48787] UL: SNR = 63.50 dB | SE = 20.778 bit/s/Hz
[45303 ms] [UE 40252] UL: SNR = 56.00 dB | SE = 18.324 bit/s/Hz
[45303 ms] [UE 15599] UL: SNR = 52.50 dB | SE = 17.179 bit/s/Hz
[45403 ms] [UE 45898] UL: SNR = 63.50 dB | SE = 20.778 bit/s/Hz
[45403 ms] [UE 36997] UL: SNR = 63.50 dB | SE = 20.778 bit/s/Hz
[45403 ms] [UE 48787] UL: SNR = 63.50 dB | SE = 20.778 bit/s/Hz
[45403 ms] [UE 40252] UL: SNR = 56.00 dB | SE = 18.324 bit/s/Hz
[45403 ms] [UE 15599] UL: SNR = 52.50 dB | SE = 17.179 bit/s/Hz
[45406 ms] [UE 33952] UL: SNR = 63.50 dB | SE = 20.778 bit/s/Hz
[45406 ms] [UE 12169] UL: SNR = 63.50 dB | SE = 20.778 bit/s/Hz
[45406 ms] [UE 22873] UL: SNR = 63.50 dB | SE = 20.778 bit/s/Hz
[45406 ms] [UE 30556] UL: SNR = 63.50 dB | SE = 20.778 bit/s/Hz
[45406 ms] [UE 20945] UL: SNR = 63.50 dB | SE = 20.778 bit/s/Hz
[45513 ms] [UE 45898] UL: SNR = 63.50 dB | SE = 20.778 bit/s/Hz
[45513 ms] [UE 36997] UL: SNR = 63.50 dB | SE = 20.778 bit/s/Hz
[45513 ms] [UE 48787] UL: SNR = 63.50 dB | SE = 20.778 bit/s/Hz
[45513 ms] [UE 40252] UL: SNR = 56.00 dB | SE = 18.324 bit/s/Hz
[45513 ms] [UE 15599] UL: SNR = 52.50 dB | SE = 17.179 bit/s/Hz
[45516 ms] [UE 33952] UL: SNR = 63.50 dB | SE = 20.778 bit/s/Hz
[45516 ms] [UE 12169] UL: SNR = 63.50 dB | SE = 20.778 bit/s/Hz
[45516 ms] [UE 22873] UL: SNR = 63.50 dB | SE = 20.778 bit/s/Hz
[45516 ms] [UE 30556] UL: SNR = 63.50 dB | SE = 20.778 bit/s/Hz
[45516 ms] [UE 20945] UL: SNR = 63.50 dB | SE = 20.778 bit/s/Hz
[45613 ms] [UE 45898] UL: SNR = 63.50 dB | SE = 20.778 bit/s/Hz
[45613 ms] [UE 36997] UL: SNR = 63.50 dB | SE = 20.778 bit/s/Hz
[45613 ms] [UE 48787] UL: SNR = 63.50 dB | SE = 20.778 bit/s/Hz
[45613 ms] [UE 40252] UL: SNR = 56.00 dB | SE = 18.324 bit/s/Hz
[45613 ms] [UE 15599] UL: SNR = 52.50 dB | SE = 17.179 bit/s/Hz
[45625 ms] [UE 33952] UL: SNR = 63.50 dB | SE = 20.778 bit/s/Hz
[45625 ms] [UE 12169] UL: SNR = 63.50 dB | SE = 20.778 bit/s/Hz
[45625 ms] [UE 22873] UL: SNR = 63.50 dB | SE = 20.778 bit/s/Hz
[45625 ms] [UE 30556] UL: SNR = 63.50 dB | SE = 20.778 bit/s/Hz
[45625 ms] [UE 20945] UL: SNR = 63.50 dB | SE = 20.778 bit/s/Hz
[45723 ms] [UE 45898] UL: SNR = 63.50 dB | SE = 20.778 bit/s/Hz
[45723 ms] [UE 36997] UL: SNR = 63.50 dB | SE = 20.778 bit/s/Hz
[45723 ms] [UE 48787] UL: SNR = 63.50 dB | SE = 20.778 bit/s/Hz
[45723 ms] [UE 40252] UL: SNR = 56.00 dB | SE = 18.324 bit/s/Hz
[45723 ms] [UE 15599] UL: SNR = 52.50 dB | SE = 17.179 bit/s/Hz
[45735 ms] [UE 33952] UL: SNR = 63.50 dB | SE = 20.778 bit/s/Hz
[45735 ms] [UE 12169] UL: SNR = 63.50 dB | SE = 20.778 bit/s/Hz
[45735 ms] [UE 22873] UL: SNR = 63.50 dB | SE = 20.778 bit/s/Hz
[45735 ms] [UE 30556] UL: SNR = 63.50 dB | SE = 20.778 bit/s/Hz
[45735 ms] [UE 20945] UL: SNR = 63.50 dB | SE = 20.778 bit/s/Hz
[45823 ms] [UE 45898] UL: SNR = 63.50 dB | SE = 20.778 bit/s/Hz
[45823 ms] [UE 36997] UL: SNR = 63.50 dB | SE = 20.778 bit/s/Hz
[45823 ms] [UE 48787] UL: SNR = 63.50 dB | SE = 20.778 bit/s/Hz
[45823 ms] [UE 40252] UL: SNR = 56.00 dB | SE = 18.324 bit/s/Hz
[45823 ms] [UE 15599] UL: SNR = 52.50 dB | SE = 17.179 bit/s/Hz
[45846 ms] [UE 33952] UL: SNR = 63.50 dB | SE = 20.778 bit/s/Hz
[45846 ms] [UE 12169] UL: SNR = 63.50 dB | SE = 20.778 bit/s/Hz
[45846 ms] [UE 22873] UL: SNR = 63.50 dB | SE = 20.778 bit/s/Hz
[45846 ms] [UE 30556] UL: SNR = 63.50 dB | SE = 20.778 bit/s/Hz
[45846 ms] [UE 20945] UL: SNR = 63.50 dB | SE = 20.778 bit/s/Hz
[45923 ms] [UE 45898] UL: SNR = 63.50 dB | SE = 20.778 bit/s/Hz
[45923 ms] [UE 36997] UL: SNR = 63.50 dB | SE = 20.778 bit/s/Hz
[45923 ms] [UE 48787] UL: SNR = 63.50 dB | SE = 20.778 bit/s/Hz
[45923 ms] [UE 40252] UL: SNR = 56.00 dB | SE = 18.324 bit/s/Hz
[45923 ms] [UE 15599] UL: SNR = 52.50 dB | SE = 17.179 bit/s/Hz
[45955 ms] [UE 33952] UL: SNR = 63.50 dB | SE = 20.778 bit/s/Hz
[45955 ms] [UE 12169] UL: SNR = 63.50 dB | SE = 20.778 bit/s/Hz
[45955 ms] [UE 22873] UL: SNR = 63.50 dB | SE = 20.778 bit/s/Hz
[45955 ms] [UE 30556] UL: SNR = 63.50 dB | SE = 20.778 bit/s/Hz
[45955 ms] [UE 20945] UL: SNR = 63.50 dB | SE = 20.778 bit/s/Hz
[46033 ms] [UE 45898] UL: SNR = 63.50 dB | SE = 20.778 bit/s/Hz
[46033 ms] [UE 36997] UL: SNR = 63.50 dB | SE = 20.778 bit/s/Hz
[46033 ms] [UE 48787] UL: SNR = 63.50 dB | SE = 20.778 bit/s/Hz
[46033 ms] [UE 40252] UL: SNR = 56.00 dB | SE = 18.324 bit/s/Hz
[46033 ms] [UE 15599] UL: SNR = 52.50 dB | SE = 17.179 bit/s/Hz
[46055 ms] [UE 33952] UL: SNR = 63.50 dB | SE = 20.778 bit/s/Hz
[46055 ms] [UE 12169] UL: SNR = 63.50 dB | SE = 20.778 bit/s/Hz
[46055 ms] [UE 22873] UL: SNR = 63.50 dB | SE = 20.778 bit/s/Hz
[46055 ms] [UE 30556] UL: SNR = 63.50 dB | SE = 20.778 bit/s/Hz
[46055 ms] [UE 20945] UL: SNR = 63.50 dB | SE = 20.778 bit/s/Hz
[46143 ms] [UE 45898] UL: SNR = 63.50 dB | SE = 20.778 bit/s/Hz
[46143 ms] [UE 36997] UL: SNR = 63.50 dB | SE = 20.778 bit/s/Hz
[46143 ms] [UE 48787] UL: SNR = 63.50 dB | SE = 20.778 bit/s/Hz
[46143 ms] [UE 40252] UL: SNR = 56.00 dB | SE = 18.324 bit/s/Hz
[46143 ms] [UE 15599] UL: SNR = 52.50 dB | SE = 17.179 bit/s/Hz
[46155 ms] [UE 33952] UL: SNR = 63.50 dB | SE = 20.778 bit/s/Hz
[46155 ms] [UE 12169] UL: SNR = 63.50 dB | SE = 20.778 bit/s/Hz
[46155 ms] [UE 22873] UL: SNR = 63.50 dB | SE = 20.778 bit/s/Hz
[46155 ms] [UE 30556] UL: SNR = 63.50 dB | SE = 20.778 bit/s/Hz
[46155 ms] [UE 20945] UL: SNR = 63.50 dB | SE = 20.778 bit/s/Hz
[46243 ms] [UE 45898] UL: SNR = 63.50 dB | SE = 20.778 bit/s/Hz
[46243 ms] [UE 36997] UL: SNR = 63.50 dB | SE = 20.778 bit/s/Hz
[46243 ms] [UE 48787] UL: SNR = 63.50 dB | SE = 20.778 bit/s/Hz
[46243 ms] [UE 40252] UL: SNR = 56.00 dB | SE = 18.324 bit/s/Hz
[46243 ms] [UE 15599] UL: SNR = 52.50 dB | SE = 17.179 bit/s/Hz
[46265 ms] [UE 33952] UL: SNR = 63.50 dB | SE = 20.778 bit/s/Hz
[46265 ms] [UE 12169] UL: SNR = 63.50 dB | SE = 20.778 bit/s/Hz
[46265 ms] [UE 22873] UL: SNR = 63.50 dB | SE = 20.778 bit/s/Hz
[46265 ms] [UE 30556] UL: SNR = 63.50 dB | SE = 20.778 bit/s/Hz
[46265 ms] [UE 20945] UL: SNR = 63.50 dB | SE = 20.778 bit/s/Hz
[46353 ms] [UE 45898] UL: SNR = 63.50 dB | SE = 20.778 bit/s/Hz
[46353 ms] [UE 36997] UL: SNR = 63.50 dB | SE = 20.778 bit/s/Hz
[46353 ms] [UE 48787] UL: SNR = 63.50 dB | SE = 20.778 bit/s/Hz
[46353 ms] [UE 40252] UL: SNR = 56.00 dB | SE = 18.324 bit/s/Hz
[46353 ms] [UE 15599] UL: SNR = 52.50 dB | SE = 17.179 bit/s/Hz
[46366 ms] [UE 33952] UL: SNR = 63.50 dB | SE = 20.778 bit/s/Hz
[46366 ms] [UE 12169] UL: SNR = 63.50 dB | SE = 20.778 bit/s/Hz
[46366 ms] [UE 22873] UL: SNR = 63.50 dB | SE = 20.778 bit/s/Hz
[46366 ms] [UE 30556] UL: SNR = 63.50 dB | SE = 20.778 bit/s/Hz
[46366 ms] [UE 20945] UL: SNR = 63.50 dB | SE = 20.778 bit/s/Hz
[46453 ms] [UE 45898] UL: SNR = 63.50 dB | SE = 20.778 bit/s/Hz
[46453 ms] [UE 36997] UL: SNR = 63.50 dB | SE = 20.778 bit/s/Hz
[46453 ms] [UE 48787] UL: SNR = 63.50 dB | SE = 20.778 bit/s/Hz
[46453 ms] [UE 40252] UL: SNR = 56.00 dB | SE = 18.324 bit/s/Hz
[46453 ms] [UE 15599] UL: SNR = 52.50 dB | SE = 17.179 bit/s/Hz
[46475 ms] [UE 33952] UL: SNR = 63.50 dB | SE = 20.778 bit/s/Hz
[46475 ms] [UE 12169] UL: SNR = 63.50 dB | SE = 20.778 bit/s/Hz
[46475 ms] [UE 22873] UL: SNR = 63.50 dB | SE = 20.778 bit/s/Hz
[46475 ms] [UE 30556] UL: SNR = 63.50 dB | SE = 20.778 bit/s/Hz
[46475 ms] [UE 20945] UL: SNR = 63.50 dB | SE = 20.778 bit/s/Hz
[46553 ms] [UE 45898] UL: SNR = 63.50 dB | SE = 20.778 bit/s/Hz
[46553 ms] [UE 36997] UL: SNR = 63.50 dB | SE = 20.778 bit/s/Hz
[46553 ms] [UE 48787] UL: SNR = 63.50 dB | SE = 20.778 bit/s/Hz
[46553 ms] [UE 40252] UL: SNR = 56.00 dB | SE = 18.324 bit/s/Hz
[46553 ms] [UE 15599] UL: SNR = 52.50 dB | SE = 17.179 bit/s/Hz
[46585 ms] [UE 33952] UL: SNR = 63.50 dB | SE = 20.778 bit/s/Hz
[46585 ms] [UE 12169] UL: SNR = 63.50 dB | SE = 20.778 bit/s/Hz
[46585 ms] [UE 22873] UL: SNR = 63.50 dB | SE = 20.778 bit/s/Hz
[46585 ms] [UE 30556] UL: SNR = 63.50 dB | SE = 20.778 bit/s/Hz
[46585 ms] [UE 20945] UL: SNR = 63.50 dB | SE = 20.778 bit/s/Hz
[46653 ms] [UE 45898] UL: SNR = 63.50 dB | SE = 20.778 bit/s/Hz
[46653 ms] [UE 36997] UL: SNR = 63.50 dB | SE = 20.778 bit/s/Hz
[46653 ms] [UE 48787] UL: SNR = 63.50 dB | SE = 20.778 bit/s/Hz
[46653 ms] [UE 40252] UL: SNR = 56.00 dB | SE = 18.324 bit/s/Hz
[46653 ms] [UE 15599] UL: SNR = 52.50 dB | SE = 17.179 bit/s/Hz
[46696 ms] [UE 33952] UL: SNR = 63.50 dB | SE = 20.778 bit/s/Hz
[46696 ms] [UE 12169] UL: SNR = 63.50 dB | SE = 20.778 bit/s/Hz
[46696 ms] [UE 22873] UL: SNR = 63.50 dB | SE = 20.778 bit/s/Hz
[46696 ms] [UE 30556] UL: SNR = 63.50 dB | SE = 20.778 bit/s/Hz
[46696 ms] [UE 20945] UL: SNR = 63.50 dB | SE = 20.778 bit/s/Hz
[46763 ms] [UE 45898] UL: SNR = 63.50 dB | SE = 20.778 bit/s/Hz
[46763 ms] [UE 36997] UL: SNR = 63.50 dB | SE = 20.778 bit/s/Hz
[46763 ms] [UE 48787] UL: SNR = 63.50 dB | SE = 20.778 bit/s/Hz
[46763 ms] [UE 40252] UL: SNR = 56.00 dB | SE = 18.324 bit/s/Hz
[46763 ms] [UE 15599] UL: SNR = 52.50 dB | SE = 17.179 bit/s/Hz
[46807 ms] [UE 33952] UL: SNR = 63.50 dB | SE = 20.778 bit/s/Hz
[46807 ms] [UE 12169] UL: SNR = 63.50 dB | SE = 20.778 bit/s/Hz
[46807 ms] [UE 22873] UL: SNR = 63.50 dB | SE = 20.778 bit/s/Hz
[46807 ms] [UE 30556] UL: SNR = 63.50 dB | SE = 20.778 bit/s/Hz
[46807 ms] [UE 20945] UL: SNR = 63.50 dB | SE = 20.778 bit/s/Hz
[46863 ms] [UE 45898] UL: SNR = 63.50 dB | SE = 20.778 bit/s/Hz
[46863 ms] [UE 36997] UL: SNR = 63.50 dB | SE = 20.778 bit/s/Hz
[46863 ms] [UE 48787] UL: SNR = 63.50 dB | SE = 20.778 bit/s/Hz
[46863 ms] [UE 40252] UL: SNR = 56.00 dB | SE = 18.324 bit/s/Hz
[46863 ms] [UE 15599] UL: SNR = 52.50 dB | SE = 17.179 bit/s/Hz
[46915 ms] [UE 33952] UL: SNR = 63.50 dB | SE = 20.778 bit/s/Hz
[46915 ms] [UE 12169] UL: SNR = 63.50 dB | SE = 20.778 bit/s/Hz
[46915 ms] [UE 22873] UL: SNR = 63.50 dB | SE = 20.778 bit/s/Hz
[46915 ms] [UE 30556] UL: SNR = 63.50 dB | SE = 20.778 bit/s/Hz
[46915 ms] [UE 20945] UL: SNR = 63.50 dB | SE = 20.778 bit/s/Hz
[46973 ms] [UE 45898] UL: SNR = 63.50 dB | SE = 20.778 bit/s/Hz
[46973 ms] [UE 36997] UL: SNR = 63.50 dB | SE = 20.778 bit/s/Hz
[46973 ms] [UE 48787] UL: SNR = 63.50 dB | SE = 20.778 bit/s/Hz
[46973 ms] [UE 40252] UL: SNR = 56.00 dB | SE = 18.324 bit/s/Hz
[46973 ms] [UE 15599] UL: SNR = 52.50 dB | SE = 17.179 bit/s/Hz
[47025 ms] [UE 33952] UL: SNR = 63.50 dB | SE = 20.778 bit/s/Hz
[47025 ms] [UE 12169] UL: SNR = 63.50 dB | SE = 20.778 bit/s/Hz
[47025 ms] [UE 22873] UL: SNR = 63.50 dB | SE = 20.778 bit/s/Hz
[47025 ms] [UE 30556] UL: SNR = 63.50 dB | SE = 20.778 bit/s/Hz
[47025 ms] [UE 20945] UL: SNR = 63.50 dB | SE = 20.778 bit/s/Hz
[47073 ms] [UE 45898] UL: SNR = 63.50 dB | SE = 20.778 bit/s/Hz
[47073 ms] [UE 36997] UL: SNR = 63.50 dB | SE = 20.778 bit/s/Hz
[47073 ms] [UE 48787] UL: SNR = 63.50 dB | SE = 20.778 bit/s/Hz
[47073 ms] [UE 40252] UL: SNR = 56.00 dB | SE = 18.324 bit/s/Hz
[47073 ms] [UE 15599] UL: SNR = 52.50 dB | SE = 17.179 bit/s/Hz
[47135 ms] [UE 33952] UL: SNR = 63.50 dB | SE = 20.778 bit/s/Hz
[47135 ms] [UE 12169] UL: SNR = 63.50 dB | SE = 20.778 bit/s/Hz
[47135 ms] [UE 22873] UL: SNR = 63.50 dB | SE = 20.778 bit/s/Hz
[47135 ms] [UE 30556] UL: SNR = 63.50 dB | SE = 20.778 bit/s/Hz
[47135 ms] [UE 20945] UL: SNR = 63.50 dB | SE = 20.778 bit/s/Hz
[47183 ms] [UE 45898] UL: SNR = 63.50 dB | SE = 20.778 bit/s/Hz
[47183 ms] [UE 36997] UL: SNR = 63.50 dB | SE = 20.778 bit/s/Hz
[47183 ms] [UE 48787] UL: SNR = 63.50 dB | SE = 20.778 bit/s/Hz
[47183 ms] [UE 40252] UL: SNR = 56.00 dB | SE = 18.324 bit/s/Hz
[47183 ms] [UE 15599] UL: SNR = 52.50 dB | SE = 17.179 bit/s/Hz
[47236 ms] [UE 33952] UL: SNR = 63.50 dB | SE = 20.778 bit/s/Hz
[47236 ms] [UE 12169] UL: SNR = 63.50 dB | SE = 20.778 bit/s/Hz
[47236 ms] [UE 22873] UL: SNR = 63.50 dB | SE = 20.778 bit/s/Hz
[47236 ms] [UE 30556] UL: SNR = 63.50 dB | SE = 20.778 bit/s/Hz
[47236 ms] [UE 20945] UL: SNR = 63.50 dB | SE = 20.778 bit/s/Hz
[47283 ms] [UE 45898] UL: SNR = 63.50 dB | SE = 20.778 bit/s/Hz
[47283 ms] [UE 36997] UL: SNR = 63.50 dB | SE = 20.778 bit/s/Hz
[47283 ms] [UE 48787] UL: SNR = 63.50 dB | SE = 20.778 bit/s/Hz
[47283 ms] [UE 40252] UL: SNR = 56.00 dB | SE = 18.324 bit/s/Hz
[47283 ms] [UE 15599] UL: SNR = 52.50 dB | SE = 17.179 bit/s/Hz
[47345 ms] [UE 33952] UL: SNR = 63.50 dB | SE = 20.778 bit/s/Hz
[47345 ms] [UE 12169] UL: SNR = 63.50 dB | SE = 20.778 bit/s/Hz
[47345 ms] [UE 22873] UL: SNR = 63.50 dB | SE = 20.778 bit/s/Hz
[47345 ms] [UE 30556] UL: SNR = 53.50 dB | SE = 17.506 bit/s/Hz
[47345 ms] [UE 20945] UL: SNR = 52.50 dB | SE = 17.179 bit/s/Hz
[47393 ms] [UE 45898] UL: SNR = 63.50 dB | SE = 20.778 bit/s/Hz
[47393 ms] [UE 36997] UL: SNR = 63.50 dB | SE = 20.778 bit/s/Hz
[47393 ms] [UE 48787] UL: SNR = 63.50 dB | SE = 20.778 bit/s/Hz
[47393 ms] [UE 40252] UL: SNR = 56.00 dB | SE = 18.324 bit/s/Hz
[47393 ms] [UE 15599] UL: SNR = 52.50 dB | SE = 17.179 bit/s/Hz
[47455 ms] [UE 33952] UL: SNR = 63.50 dB | SE = 20.778 bit/s/Hz
[47455 ms] [UE 12169] UL: SNR = 63.50 dB | SE = 20.778 bit/s/Hz
[47455 ms] [UE 22873] UL: SNR = 63.50 dB | SE = 20.778 bit/s/Hz
[47455 ms] [UE 30556] UL: SNR = 53.50 dB | SE = 17.506 bit/s/Hz
[47455 ms] [UE 20945] UL: SNR = 52.50 dB | SE = 17.179 bit/s/Hz
[47493 ms] [UE 45898] UL: SNR = 63.50 dB | SE = 20.778 bit/s/Hz
[47493 ms] [UE 36997] UL: SNR = 63.50 dB | SE = 20.778 bit/s/Hz
[47493 ms] [UE 48787] UL: SNR = 63.50 dB | SE = 20.778 bit/s/Hz
[47493 ms] [UE 40252] UL: SNR = 56.00 dB | SE = 18.324 bit/s/Hz
[47493 ms] [UE 15599] UL: SNR = 52.50 dB | SE = 17.179 bit/s/Hz
[47555 ms] [UE 33952] UL: SNR = 6.50 dB | SE = 2.414 bit/s/Hz
[47555 ms] [UE 12169] UL: SNR = 63.50 dB | SE = 20.778 bit/s/Hz
[47555 ms] [UE 22873] UL: SNR = 63.50 dB | SE = 20.778 bit/s/Hz
[47555 ms] [UE 30556] UL: SNR = 53.50 dB | SE = 17.506 bit/s/Hz
[47555 ms] [UE 20945] UL: SNR = 52.50 dB | SE = 17.179 bit/s/Hz
[47603 ms] [UE 45898] UL: SNR = 63.50 dB | SE = 20.778 bit/s/Hz
[47603 ms] [UE 36997] UL: SNR = 63.50 dB | SE = 20.778 bit/s/Hz
[47603 ms] [UE 48787] UL: SNR = 63.50 dB | SE = 20.778 bit/s/Hz
[47603 ms] [UE 40252] UL: SNR = 56.00 dB | SE = 18.324 bit/s/Hz
[47603 ms] [UE 15599] UL: SNR = 52.50 dB | SE = 17.179 bit/s/Hz
[47655 ms] [UE 33952] UL: SNR = 6.50 dB | SE = 2.414 bit/s/Hz
[47655 ms] [UE 12169] UL: SNR = 63.50 dB | SE = 20.778 bit/s/Hz
[47655 ms] [UE 22873] UL: SNR = 63.50 dB | SE = 20.778 bit/s/Hz
[47655 ms] [UE 30556] UL: SNR = 53.50 dB | SE = 17.506 bit/s/Hz
[47655 ms] [UE 20945] UL: SNR = 52.50 dB | SE = 17.179 bit/s/Hz
[47713 ms] [UE 45898] UL: SNR = 63.50 dB | SE = 20.778 bit/s/Hz
[47713 ms] [UE 36997] UL: SNR = 63.50 dB | SE = 20.778 bit/s/Hz
[47713 ms] [UE 48787] UL: SNR = 63.50 dB | SE = 20.778 bit/s/Hz
[47713 ms] [UE 40252] UL: SNR = 56.00 dB | SE = 18.324 bit/s/Hz
[47713 ms] [UE 15599] UL: SNR = 52.50 dB | SE = 17.179 bit/s/Hz
[47755 ms] [UE 33952] UL: SNR = 6.50 dB | SE = 2.414 bit/s/Hz
[47755 ms] [UE 12169] UL: SNR = 63.50 dB | SE = 20.778 bit/s/Hz
[47755 ms] [UE 22873] UL: SNR = 63.50 dB | SE = 20.778 bit/s/Hz
[47755 ms] [UE 30556] UL: SNR = 53.50 dB | SE = 17.506 bit/s/Hz
[47755 ms] [UE 20945] UL: SNR = 52.50 dB | SE = 17.179 bit/s/Hz
[47823 ms] [UE 45898] UL: SNR = 63.50 dB | SE = 20.778 bit/s/Hz
[47823 ms] [UE 36997] UL: SNR = 63.50 dB | SE = 20.778 bit/s/Hz
[47823 ms] [UE 48787] UL: SNR = 63.50 dB | SE = 20.778 bit/s/Hz
[47823 ms] [UE 40252] UL: SNR = 56.00 dB | SE = 18.324 bit/s/Hz
[47823 ms] [UE 15599] UL: SNR = 52.50 dB | SE = 17.179 bit/s/Hz
[47855 ms] [UE 33952] UL: SNR = 6.50 dB | SE = 2.414 bit/s/Hz
[47855 ms] [UE 12169] UL: SNR = 46.50 dB | SE = 15.215 bit/s/Hz
[47855 ms] [UE 22873] UL: SNR = 58.00 dB | SE = 18.978 bit/s/Hz
[47855 ms] [UE 30556] UL: SNR = 53.50 dB | SE = 17.506 bit/s/Hz
[47855 ms] [UE 20945] UL: SNR = 52.50 dB | SE = 17.179 bit/s/Hz
[47933 ms] [UE 45898] UL: SNR = 63.50 dB | SE = 20.778 bit/s/Hz
[47933 ms] [UE 36997] UL: SNR = 63.50 dB | SE = 20.778 bit/s/Hz
[47933 ms] [UE 48787] UL: SNR = 63.50 dB | SE = 20.778 bit/s/Hz
[47933 ms] [UE 40252] UL: SNR = 56.00 dB | SE = 18.324 bit/s/Hz
[47933 ms] [UE 15599] UL: SNR = 52.50 dB | SE = 17.179 bit/s/Hz
[47956 ms] [UE 33952] UL: SNR = 6.50 dB | SE = 2.414 bit/s/Hz
[47956 ms] [UE 12169] UL: SNR = 46.50 dB | SE = 15.215 bit/s/Hz
[47956 ms] [UE 22873] UL: SNR = 58.00 dB | SE = 18.978 bit/s/Hz
[47956 ms] [UE 30556] UL: SNR = 53.50 dB | SE = 17.506 bit/s/Hz
[47956 ms] [UE 20945] UL: SNR = 52.50 dB | SE = 17.179 bit/s/Hz
[48033 ms] [UE 45898] UL: SNR = 63.50 dB | SE = 20.778 bit/s/Hz
[48033 ms] [UE 36997] UL: SNR = 63.50 dB | SE = 20.778 bit/s/Hz
[48033 ms] [UE 48787] UL: SNR = 63.50 dB | SE = 20.778 bit/s/Hz
[48033 ms] [UE 40252] UL: SNR = 56.00 dB | SE = 18.324 bit/s/Hz
[48033 ms] [UE 15599] UL: SNR = 52.50 dB | SE = 17.179 bit/s/Hz
[48065 ms] [UE 33952] UL: SNR = 6.50 dB | SE = 2.414 bit/s/Hz
[48065 ms] [UE 12169] UL: SNR = 46.50 dB | SE = 15.215 bit/s/Hz
[48065 ms] [UE 22873] UL: SNR = 58.00 dB | SE = 18.978 bit/s/Hz
[48065 ms] [UE 30556] UL: SNR = 63.50 dB | SE = 20.778 bit/s/Hz
[48065 ms] [UE 20945] UL: SNR = 52.50 dB | SE = 17.179 bit/s/Hz
[48143 ms] [UE 45898] UL: SNR = 63.50 dB | SE = 20.778 bit/s/Hz
[48143 ms] [UE 36997] UL: SNR = 63.50 dB | SE = 20.778 bit/s/Hz
[48143 ms] [UE 48787] UL: SNR = 63.50 dB | SE = 20.778 bit/s/Hz
[48143 ms] [UE 40252] UL: SNR = 56.00 dB | SE = 18.324 bit/s/Hz
[48143 ms] [UE 15599] UL: SNR = 52.50 dB | SE = 17.179 bit/s/Hz
[48175 ms] [UE 33952] UL: SNR = 6.50 dB | SE = 2.414 bit/s/Hz
[48175 ms] [UE 12169] UL: SNR = 46.50 dB | SE = 15.215 bit/s/Hz
[48175 ms] [UE 22873] UL: SNR = 58.00 dB | SE = 18.978 bit/s/Hz
[48175 ms] [UE 30556] UL: SNR = 63.50 dB | SE = 20.778 bit/s/Hz
[48175 ms] [UE 20945] UL: SNR = 52.50 dB | SE = 17.179 bit/s/Hz
[48243 ms] [UE 45898] UL: SNR = 63.50 dB | SE = 20.778 bit/s/Hz
[48243 ms] [UE 36997] UL: SNR = 63.50 dB | SE = 20.778 bit/s/Hz
[48243 ms] [UE 48787] UL: SNR = 63.50 dB | SE = 20.778 bit/s/Hz
[48243 ms] [UE 40252] UL: SNR = 56.00 dB | SE = 18.324 bit/s/Hz
[48243 ms] [UE 15599] UL: SNR = 52.50 dB | SE = 17.179 bit/s/Hz
[48285 ms] [UE 33952] UL: SNR = 6.50 dB | SE = 2.414 bit/s/Hz
[48285 ms] [UE 12169] UL: SNR = 63.50 dB | SE = 20.778 bit/s/Hz
[48285 ms] [UE 22873] UL: SNR = 58.00 dB | SE = 18.978 bit/s/Hz
[48285 ms] [UE 30556] UL: SNR = 63.50 dB | SE = 20.778 bit/s/Hz
[48285 ms] [UE 20945] UL: SNR = 52.50 dB | SE = 17.179 bit/s/Hz
[48343 ms] [UE 45898] UL: SNR = 63.50 dB | SE = 20.778 bit/s/Hz
[48343 ms] [UE 36997] UL: SNR = 63.50 dB | SE = 20.778 bit/s/Hz
[48343 ms] [UE 48787] UL: SNR = 63.50 dB | SE = 20.778 bit/s/Hz
[48343 ms] [UE 40252] UL: SNR = 56.00 dB | SE = 18.324 bit/s/Hz
[48343 ms] [UE 15599] UL: SNR = 52.50 dB | SE = 17.179 bit/s/Hz
[48395 ms] [UE 33952] UL: SNR = 6.50 dB | SE = 2.414 bit/s/Hz
[48395 ms] [UE 12169] UL: SNR = 63.50 dB | SE = 20.778 bit/s/Hz
[48395 ms] [UE 22873] UL: SNR = 58.00 dB | SE = 18.978 bit/s/Hz
[48395 ms] [UE 30556] UL: SNR = 63.50 dB | SE = 20.778 bit/s/Hz
[48395 ms] [UE 20945] UL: SNR = 52.50 dB | SE = 17.179 bit/s/Hz
[48453 ms] [UE 45898] UL: SNR = 63.50 dB | SE = 20.778 bit/s/Hz
[48453 ms] [UE 36997] UL: SNR = 63.50 dB | SE = 20.778 bit/s/Hz
[48453 ms] [UE 48787] UL: SNR = 63.50 dB | SE = 20.778 bit/s/Hz
[48453 ms] [UE 40252] UL: SNR = 56.00 dB | SE = 18.324 bit/s/Hz
[48453 ms] [UE 15599] UL: SNR = 52.50 dB | SE = 17.179 bit/s/Hz
[48495 ms] [UE 33952] UL: SNR = 6.50 dB | SE = 2.414 bit/s/Hz
[48495 ms] [UE 12169] UL: SNR = 63.50 dB | SE = 20.778 bit/s/Hz
[48495 ms] [UE 22873] UL: SNR = 58.00 dB | SE = 18.978 bit/s/Hz
[48495 ms] [UE 30556] UL: SNR = 63.50 dB | SE = 20.778 bit/s/Hz
[48495 ms] [UE 20945] UL: SNR = 52.50 dB | SE = 17.179 bit/s/Hz
[48553 ms] [UE 45898] UL: SNR = 63.50 dB | SE = 20.778 bit/s/Hz
[48553 ms] [UE 36997] UL: SNR = 63.50 dB | SE = 20.778 bit/s/Hz
[48553 ms] [UE 48787] UL: SNR = 63.50 dB | SE = 20.778 bit/s/Hz
[48553 ms] [UE 40252] UL: SNR = 56.00 dB | SE = 18.324 bit/s/Hz
[48553 ms] [UE 15599] UL: SNR = 52.50 dB | SE = 17.179 bit/s/Hz
[48605 ms] [UE 33952] UL: SNR = 6.50 dB | SE = 2.414 bit/s/Hz
[48605 ms] [UE 12169] UL: SNR = 63.50 dB | SE = 20.778 bit/s/Hz
[48605 ms] [UE 22873] UL: SNR = 58.00 dB | SE = 18.978 bit/s/Hz
[48605 ms] [UE 30556] UL: SNR = 63.50 dB | SE = 20.778 bit/s/Hz
[48605 ms] [UE 20945] UL: SNR = 52.50 dB | SE = 17.179 bit/s/Hz
[48663 ms] [UE 45898] UL: SNR = 63.50 dB | SE = 20.778 bit/s/Hz
[48663 ms] [UE 36997] UL: SNR = 63.50 dB | SE = 20.778 bit/s/Hz
[48663 ms] [UE 48787] UL: SNR = 63.50 dB | SE = 20.778 bit/s/Hz
[48663 ms] [UE 40252] UL: SNR = 56.00 dB | SE = 18.324 bit/s/Hz
[48663 ms] [UE 15599] UL: SNR = 52.50 dB | SE = 17.179 bit/s/Hz
[48715 ms] [UE 33952] UL: SNR = 6.50 dB | SE = 2.414 bit/s/Hz
[48715 ms] [UE 12169] UL: SNR = 63.50 dB | SE = 20.778 bit/s/Hz
[48715 ms] [UE 22873] UL: SNR = 58.00 dB | SE = 18.978 bit/s/Hz
[48715 ms] [UE 30556] UL: SNR = 63.50 dB | SE = 20.778 bit/s/Hz
[48715 ms] [UE 20945] UL: SNR = 52.50 dB | SE = 17.179 bit/s/Hz
[48763 ms] [UE 45898] UL: SNR = 63.50 dB | SE = 20.778 bit/s/Hz
[48763 ms] [UE 36997] UL: SNR = 63.50 dB | SE = 20.778 bit/s/Hz
[48763 ms] [UE 48787] UL: SNR = 63.50 dB | SE = 20.778 bit/s/Hz
[48763 ms] [UE 40252] UL: SNR = 56.00 dB | SE = 18.324 bit/s/Hz
[48763 ms] [UE 15599] UL: SNR = 52.50 dB | SE = 17.179 bit/s/Hz
[48825 ms] [UE 33952] UL: SNR = 6.50 dB | SE = 2.414 bit/s/Hz
[48825 ms] [UE 12169] UL: SNR = 63.50 dB | SE = 20.778 bit/s/Hz
[48825 ms] [UE 22873] UL: SNR = 58.00 dB | SE = 18.978 bit/s/Hz
[48825 ms] [UE 30556] UL: SNR = 63.50 dB | SE = 20.778 bit/s/Hz
[48825 ms] [UE 20945] UL: SNR = 52.50 dB | SE = 17.179 bit/s/Hz
[48873 ms] [UE 45898] UL: SNR = 63.50 dB | SE = 20.778 bit/s/Hz
[48873 ms] [UE 36997] UL: SNR = 63.50 dB | SE = 20.778 bit/s/Hz
[48873 ms] [UE 48787] UL: SNR = 63.50 dB | SE = 20.778 bit/s/Hz
[48873 ms] [UE 40252] UL: SNR = 56.00 dB | SE = 18.324 bit/s/Hz
[48873 ms] [UE 15599] UL: SNR = 52.50 dB | SE = 17.179 bit/s/Hz
[48936 ms] [UE 33952] UL: SNR = 6.50 dB | SE = 2.414 bit/s/Hz
[48936 ms] [UE 12169] UL: SNR = 63.50 dB | SE = 20.778 bit/s/Hz
[48936 ms] [UE 22873] UL: SNR = 58.00 dB | SE = 18.978 bit/s/Hz
[48936 ms] [UE 30556] UL: SNR = 63.50 dB | SE = 20.778 bit/s/Hz
[48936 ms] [UE 20945] UL: SNR = 52.50 dB | SE = 17.179 bit/s/Hz
[48973 ms] [UE 45898] UL: SNR = 63.50 dB | SE = 20.778 bit/s/Hz
[48973 ms] [UE 36997] UL: SNR = 63.50 dB | SE = 20.778 bit/s/Hz
[48973 ms] [UE 48787] UL: SNR = 63.50 dB | SE = 20.778 bit/s/Hz
[48973 ms] [UE 40252] UL: SNR = 56.00 dB | SE = 18.324 bit/s/Hz
[48973 ms] [UE 15599] UL: SNR = 52.50 dB | SE = 17.179 bit/s/Hz
[49037 ms] [UE 33952] UL: SNR = 6.50 dB | SE = 2.414 bit/s/Hz
[49037 ms] [UE 12169] UL: SNR = 63.50 dB | SE = 20.778 bit/s/Hz
[49037 ms] [UE 22873] UL: SNR = 58.00 dB | SE = 18.978 bit/s/Hz
[49037 ms] [UE 30556] UL: SNR = 63.50 dB | SE = 20.778 bit/s/Hz
[49037 ms] [UE 20945] UL: SNR = 52.50 dB | SE = 17.179 bit/s/Hz
[49083 ms] [UE 45898] UL: SNR = 63.50 dB | SE = 20.778 bit/s/Hz
[49083 ms] [UE 36997] UL: SNR = 63.50 dB | SE = 20.778 bit/s/Hz
[49083 ms] [UE 48787] UL: SNR = 63.50 dB | SE = 20.778 bit/s/Hz
[49083 ms] [UE 40252] UL: SNR = 56.00 dB | SE = 18.324 bit/s/Hz
[49083 ms] [UE 15599] UL: SNR = 52.50 dB | SE = 17.179 bit/s/Hz
[49145 ms] [UE 33952] UL: SNR = 6.50 dB | SE = 2.414 bit/s/Hz
[49145 ms] [UE 12169] UL: SNR = 63.50 dB | SE = 20.778 bit/s/Hz
[49145 ms] [UE 22873] UL: SNR = 58.00 dB | SE = 18.978 bit/s/Hz
[49145 ms] [UE 30556] UL: SNR = 63.50 dB | SE = 20.778 bit/s/Hz
[49145 ms] [UE 20945] UL: SNR = 52.50 dB | SE = 17.179 bit/s/Hz
[49183 ms] [UE 45898] UL: SNR = 63.50 dB | SE = 20.778 bit/s/Hz
[49183 ms] [UE 36997] UL: SNR = 63.50 dB | SE = 20.778 bit/s/Hz
[49183 ms] [UE 48787] UL: SNR = 63.50 dB | SE = 20.778 bit/s/Hz
[49183 ms] [UE 40252] UL: SNR = 56.00 dB | SE = 18.324 bit/s/Hz
[49183 ms] [UE 15599] UL: SNR = 52.50 dB | SE = 17.179 bit/s/Hz
[49255 ms] [UE 33952] UL: SNR = 6.50 dB | SE = 2.414 bit/s/Hz
[49255 ms] [UE 12169] UL: SNR = 63.50 dB | SE = 20.778 bit/s/Hz
[49255 ms] [UE 22873] UL: SNR = 58.00 dB | SE = 18.978 bit/s/Hz
[49255 ms] [UE 30556] UL: SNR = 63.50 dB | SE = 20.778 bit/s/Hz
[49255 ms] [UE 20945] UL: SNR = 52.50 dB | SE = 17.179 bit/s/Hz
[49294 ms] [UE 45898] UL: SNR = 63.50 dB | SE = 20.778 bit/s/Hz
[49294 ms] [UE 36997] UL: SNR = 63.50 dB | SE = 20.778 bit/s/Hz
[49294 ms] [UE 48787] UL: SNR = 63.50 dB | SE = 20.778 bit/s/Hz
[49294 ms] [UE 40252] UL: SNR = 56.00 dB | SE = 18.324 bit/s/Hz
[49294 ms] [UE 15599] UL: SNR = 52.50 dB | SE = 17.179 bit/s/Hz
[49356 ms] [UE 33952] UL: SNR = 6.50 dB | SE = 2.414 bit/s/Hz
[49356 ms] [UE 12169] UL: SNR = 63.50 dB | SE = 20.778 bit/s/Hz
[49356 ms] [UE 22873] UL: SNR = 58.00 dB | SE = 18.978 bit/s/Hz
[49356 ms] [UE 30556] UL: SNR = 63.50 dB | SE = 20.778 bit/s/Hz
[49356 ms] [UE 20945] UL: SNR = 52.50 dB | SE = 17.179 bit/s/Hz
[49403 ms] [UE 45898] UL: SNR = 63.50 dB | SE = 20.778 bit/s/Hz
[49403 ms] [UE 36997] UL: SNR = 63.50 dB | SE = 20.778 bit/s/Hz
[49403 ms] [UE 48787] UL: SNR = 63.50 dB | SE = 20.778 bit/s/Hz
[49403 ms] [UE 40252] UL: SNR = 56.00 dB | SE = 18.324 bit/s/Hz
[49403 ms] [UE 15599] UL: SNR = 52.50 dB | SE = 17.179 bit/s/Hz
[49465 ms] [UE 33952] UL: SNR = 6.50 dB | SE = 2.414 bit/s/Hz
[49465 ms] [UE 12169] UL: SNR = 63.50 dB | SE = 20.778 bit/s/Hz
[49465 ms] [UE 22873] UL: SNR = 58.00 dB | SE = 18.978 bit/s/Hz
[49465 ms] [UE 30556] UL: SNR = 63.50 dB | SE = 20.778 bit/s/Hz
[49465 ms] [UE 20945] UL: SNR = 52.50 dB | SE = 17.179 bit/s/Hz
[49513 ms] [UE 45898] UL: SNR = 63.50 dB | SE = 20.778 bit/s/Hz
[49513 ms] [UE 36997] UL: SNR = 63.50 dB | SE = 20.778 bit/s/Hz
[49513 ms] [UE 48787] UL: SNR = 63.50 dB | SE = 20.778 bit/s/Hz
[49513 ms] [UE 40252] UL: SNR = 56.00 dB | SE = 18.324 bit/s/Hz
[49513 ms] [UE 15599] UL: SNR = 52.50 dB | SE = 17.179 bit/s/Hz
[49565 ms] [UE 33952] UL: SNR = 6.50 dB | SE = 2.414 bit/s/Hz
[49565 ms] [UE 12169] UL: SNR = 63.50 dB | SE = 20.778 bit/s/Hz
[49565 ms] [UE 22873] UL: SNR = 58.00 dB | SE = 18.978 bit/s/Hz
[49565 ms] [UE 30556] UL: SNR = 63.50 dB | SE = 20.778 bit/s/Hz
[49565 ms] [UE 20945] UL: SNR = 52.50 dB | SE = 17.179 bit/s/Hz
[49623 ms] [UE 45898] UL: SNR = 63.50 dB | SE = 20.778 bit/s/Hz
[49623 ms] [UE 36997] UL: SNR = 63.50 dB | SE = 20.778 bit/s/Hz
[49623 ms] [UE 48787] UL: SNR = 63.50 dB | SE = 20.778 bit/s/Hz
[49623 ms] [UE 40252] UL: SNR = 56.00 dB | SE = 18.324 bit/s/Hz
[49623 ms] [UE 15599] UL: SNR = 52.50 dB | SE = 17.179 bit/s/Hz
[49675 ms] [UE 33952] UL: SNR = 6.50 dB | SE = 2.414 bit/s/Hz
[49675 ms] [UE 12169] UL: SNR = 63.50 dB | SE = 20.778 bit/s/Hz
[49675 ms] [UE 22873] UL: SNR = 58.00 dB | SE = 18.978 bit/s/Hz
[49675 ms] [UE 30556] UL: SNR = 63.50 dB | SE = 20.778 bit/s/Hz
[49675 ms] [UE 20945] UL: SNR = 52.50 dB | SE = 17.179 bit/s/Hz
[49733 ms] [UE 45898] UL: SNR = 63.50 dB | SE = 20.778 bit/s/Hz
[49733 ms] [UE 36997] UL: SNR = 63.50 dB | SE = 20.778 bit/s/Hz
[49733 ms] [UE 48787] UL: SNR = 63.50 dB | SE = 20.778 bit/s/Hz
[49733 ms] [UE 40252] UL: SNR = 56.00 dB | SE = 18.324 bit/s/Hz
[49733 ms] [UE 15599] UL: SNR = 52.50 dB | SE = 17.179 bit/s/Hz
[49776 ms] [UE 33952] UL: SNR = 6.50 dB | SE = 2.414 bit/s/Hz
[49776 ms] [UE 12169] UL: SNR = 63.50 dB | SE = 20.778 bit/s/Hz
[49776 ms] [UE 22873] UL: SNR = 58.00 dB | SE = 18.978 bit/s/Hz
[49776 ms] [UE 30556] UL: SNR = 63.50 dB | SE = 20.778 bit/s/Hz
[49776 ms] [UE 20945] UL: SNR = 52.50 dB | SE = 17.179 bit/s/Hz
[49843 ms] [UE 45898] UL: SNR = 63.50 dB | SE = 20.778 bit/s/Hz
[49843 ms] [UE 36997] UL: SNR = 63.50 dB | SE = 20.778 bit/s/Hz
[49843 ms] [UE 48787] UL: SNR = 63.50 dB | SE = 20.778 bit/s/Hz
[49843 ms] [UE 40252] UL: SNR = 56.00 dB | SE = 18.324 bit/s/Hz
[49843 ms] [UE 15599] UL: SNR = 52.50 dB | SE = 17.179 bit/s/Hz
[49885 ms] [UE 33952] UL: SNR = 6.50 dB | SE = 2.414 bit/s/Hz
[49885 ms] [UE 12169] UL: SNR = 63.50 dB | SE = 20.778 bit/s/Hz
[49885 ms] [UE 22873] UL: SNR = 58.00 dB | SE = 18.978 bit/s/Hz
[49885 ms] [UE 30556] UL: SNR = 63.50 dB | SE = 20.778 bit/s/Hz
[49885 ms] [UE 20945] UL: SNR = 52.50 dB | SE = 17.179 bit/s/Hz
[49943 ms] [UE 45898] UL: SNR = 63.50 dB | SE = 20.778 bit/s/Hz
[49943 ms] [UE 36997] UL: SNR = 63.50 dB | SE = 20.778 bit/s/Hz
[49943 ms] [UE 48787] UL: SNR = 63.50 dB | SE = 20.778 bit/s/Hz
[49943 ms] [UE 40252] UL: SNR = 56.00 dB | SE = 18.324 bit/s/Hz
[49943 ms] [UE 15599] UL: SNR = 52.50 dB | SE = 17.179 bit/s/Hz
[49985 ms] [UE 33952] UL: SNR = 6.50 dB | SE = 2.414 bit/s/Hz
[49985 ms] [UE 12169] UL: SNR = 63.50 dB | SE = 20.778 bit/s/Hz
[49985 ms] [UE 22873] UL: SNR = 58.00 dB | SE = 18.978 bit/s/Hz
[49985 ms] [UE 30556] UL: SNR = 63.50 dB | SE = 20.778 bit/s/Hz
[49985 ms] [UE 20945] UL: SNR = 52.50 dB | SE = 17.179 bit/s/Hz
[50043 ms] [UE 45898] UL: SNR = 63.50 dB | SE = 20.778 bit/s/Hz
[50043 ms] [UE 36997] UL: SNR = 63.50 dB | SE = 20.778 bit/s/Hz
[50043 ms] [UE 48787] UL: SNR = 63.50 dB | SE = 20.778 bit/s/Hz
[50043 ms] [UE 40252] UL: SNR = 56.00 dB | SE = 18.324 bit/s/Hz
[50043 ms] [UE 15599] UL: SNR = 52.50 dB | SE = 17.179 bit/s/Hz
[50095 ms] [UE 33952] UL: SNR = 6.50 dB | SE = 2.414 bit/s/Hz
[50095 ms] [UE 12169] UL: SNR = 63.50 dB | SE = 20.778 bit/s/Hz
[50095 ms] [UE 22873] UL: SNR = 58.00 dB | SE = 18.978 bit/s/Hz
[50095 ms] [UE 30556] UL: SNR = 63.50 dB | SE = 20.778 bit/s/Hz
[50095 ms] [UE 20945] UL: SNR = 52.50 dB | SE = 17.179 bit/s/Hz
[50144 ms] [UE 45898] UL: SNR = 63.50 dB | SE = 20.778 bit/s/Hz
[50144 ms] [UE 36997] UL: SNR = 63.50 dB | SE = 20.778 bit/s/Hz
[50144 ms] [UE 48787] UL: SNR = 63.50 dB | SE = 20.778 bit/s/Hz
[50144 ms] [UE 40252] UL: SNR = 56.00 dB | SE = 18.324 bit/s/Hz
[50144 ms] [UE 15599] UL: SNR = 52.50 dB | SE = 17.179 bit/s/Hz
[50205 ms] [UE 33952] UL: SNR = 6.50 dB | SE = 2.414 bit/s/Hz
[50205 ms] [UE 12169] UL: SNR = 63.50 dB | SE = 20.778 bit/s/Hz
[50205 ms] [UE 22873] UL: SNR = 58.00 dB | SE = 18.978 bit/s/Hz
[50205 ms] [UE 30556] UL: SNR = 63.50 dB | SE = 20.778 bit/s/Hz
[50205 ms] [UE 20945] UL: SNR = 52.50 dB | SE = 17.179 bit/s/Hz
[50253 ms] [UE 45898] UL: SNR = 63.50 dB | SE = 20.778 bit/s/Hz
[50253 ms] [UE 36997] UL: SNR = 63.50 dB | SE = 20.778 bit/s/Hz
[50253 ms] [UE 48787] UL: SNR = 63.50 dB | SE = 20.778 bit/s/Hz
[50253 ms] [UE 40252] UL: SNR = 56.00 dB | SE = 18.324 bit/s/Hz
[50253 ms] [UE 15599] UL: SNR = 52.50 dB | SE = 17.179 bit/s/Hz
[50315 ms] [UE 33952] UL: SNR = 6.50 dB | SE = 2.414 bit/s/Hz
[50315 ms] [UE 12169] UL: SNR = 63.50 dB | SE = 20.778 bit/s/Hz
[50315 ms] [UE 22873] UL: SNR = 58.00 dB | SE = 18.978 bit/s/Hz
[50315 ms] [UE 30556] UL: SNR = 63.50 dB | SE = 20.778 bit/s/Hz
[50315 ms] [UE 20945] UL: SNR = 52.50 dB | SE = 17.179 bit/s/Hz
[50353 ms] [UE 45898] UL: SNR = 63.50 dB | SE = 20.778 bit/s/Hz
[50353 ms] [UE 36997] UL: SNR = 63.50 dB | SE = 20.778 bit/s/Hz
[50353 ms] [UE 48787] UL: SNR = 63.50 dB | SE = 20.778 bit/s/Hz
[50353 ms] [UE 40252] UL: SNR = 56.00 dB | SE = 18.324 bit/s/Hz
[50353 ms] [UE 15599] UL: SNR = 52.50 dB | SE = 17.179 bit/s/Hz
[50416 ms] [UE 33952] UL: SNR = 6.50 dB | SE = 2.414 bit/s/Hz
[50416 ms] [UE 12169] UL: SNR = 63.50 dB | SE = 20.778 bit/s/Hz
[50416 ms] [UE 22873] UL: SNR = 58.00 dB | SE = 18.978 bit/s/Hz
[50416 ms] [UE 30556] UL: SNR = 63.50 dB | SE = 20.778 bit/s/Hz
[50416 ms] [UE 20945] UL: SNR = 52.50 dB | SE = 17.179 bit/s/Hz
[50463 ms] [UE 45898] UL: SNR = 63.50 dB | SE = 20.778 bit/s/Hz
[50463 ms] [UE 36997] UL: SNR = 63.50 dB | SE = 20.778 bit/s/Hz
[50463 ms] [UE 48787] UL: SNR = 63.50 dB | SE = 20.778 bit/s/Hz
[50463 ms] [UE 40252] UL: SNR = 56.00 dB | SE = 18.324 bit/s/Hz
[50463 ms] [UE 15599] UL: SNR = 52.50 dB | SE = 17.179 bit/s/Hz
[50526 ms] [UE 33952] UL: SNR = 6.50 dB | SE = 2.414 bit/s/Hz
[50526 ms] [UE 12169] UL: SNR = 63.50 dB | SE = 20.778 bit/s/Hz
[50526 ms] [UE 22873] UL: SNR = 58.00 dB | SE = 18.978 bit/s/Hz
[50526 ms] [UE 30556] UL: SNR = 63.50 dB | SE = 20.778 bit/s/Hz
[50526 ms] [UE 20945] UL: SNR = 52.50 dB | SE = 17.179 bit/s/Hz
[50573 ms] [UE 45898] UL: SNR = 63.50 dB | SE = 20.778 bit/s/Hz
[50573 ms] [UE 36997] UL: SNR = 63.50 dB | SE = 20.778 bit/s/Hz
[50573 ms] [UE 48787] UL: SNR = 63.50 dB | SE = 20.778 bit/s/Hz
[50573 ms] [UE 40252] UL: SNR = 56.00 dB | SE = 18.324 bit/s/Hz
[50573 ms] [UE 15599] UL: SNR = 52.50 dB | SE = 17.179 bit/s/Hz
[50627 ms] [UE 33952] UL: SNR = 6.50 dB | SE = 2.414 bit/s/Hz
[50627 ms] [UE 12169] UL: SNR = 63.50 dB | SE = 20.778 bit/s/Hz
[50627 ms] [UE 22873] UL: SNR = 58.00 dB | SE = 18.978 bit/s/Hz
[50627 ms] [UE 30556] UL: SNR = 63.50 dB | SE = 20.778 bit/s/Hz
[50627 ms] [UE 20945] UL: SNR = 52.50 dB | SE = 17.179 bit/s/Hz
[50683 ms] [UE 45898] UL: SNR = 63.50 dB | SE = 20.778 bit/s/Hz
[50683 ms] [UE 36997] UL: SNR = 63.50 dB | SE = 20.778 bit/s/Hz
[50683 ms] [UE 48787] UL: SNR = 63.50 dB | SE = 20.778 bit/s/Hz
[50683 ms] [UE 40252] UL: SNR = 56.00 dB | SE = 18.324 bit/s/Hz
[50683 ms] [UE 15599] UL: SNR = 52.50 dB | SE = 17.179 bit/s/Hz
[50735 ms] [UE 33952] UL: SNR = 6.50 dB | SE = 2.414 bit/s/Hz
[50735 ms] [UE 12169] UL: SNR = 63.50 dB | SE = 20.778 bit/s/Hz
[50735 ms] [UE 22873] UL: SNR = 58.00 dB | SE = 18.978 bit/s/Hz
[50735 ms] [UE 30556] UL: SNR = 63.50 dB | SE = 20.778 bit/s/Hz
[50735 ms] [UE 20945] UL: SNR = 52.50 dB | SE = 17.179 bit/s/Hz
[50793 ms] [UE 45898] UL: SNR = 63.50 dB | SE = 20.778 bit/s/Hz
[50793 ms] [UE 36997] UL: SNR = 63.50 dB | SE = 20.778 bit/s/Hz
[50793 ms] [UE 48787] UL: SNR = 63.50 dB | SE = 20.778 bit/s/Hz
[50793 ms] [UE 40252] UL: SNR = 56.00 dB | SE = 18.324 bit/s/Hz
[50793 ms] [UE 15599] UL: SNR = 52.50 dB | SE = 17.179 bit/s/Hz
[50845 ms] [UE 33952] UL: SNR = 6.50 dB | SE = 2.414 bit/s/Hz
[50845 ms] [UE 12169] UL: SNR = 63.50 dB | SE = 20.778 bit/s/Hz
[50845 ms] [UE 22873] UL: SNR = 58.00 dB | SE = 18.978 bit/s/Hz
[50845 ms] [UE 30556] UL: SNR = 63.50 dB | SE = 20.778 bit/s/Hz
[50845 ms] [UE 20945] UL: SNR = 52.50 dB | SE = 17.179 bit/s/Hz
[50893 ms] [UE 45898] UL: SNR = 63.50 dB | SE = 20.778 bit/s/Hz
[50893 ms] [UE 36997] UL: SNR = 63.50 dB | SE = 20.778 bit/s/Hz
[50893 ms] [UE 48787] UL: SNR = 63.50 dB | SE = 20.778 bit/s/Hz
[50893 ms] [UE 40252] UL: SNR = 56.00 dB | SE = 18.324 bit/s/Hz
[50893 ms] [UE 15599] UL: SNR = 52.50 dB | SE = 17.179 bit/s/Hz
[50955 ms] [UE 33952] UL: SNR = 6.50 dB | SE = 2.414 bit/s/Hz
[50955 ms] [UE 12169] UL: SNR = 63.50 dB | SE = 20.778 bit/s/Hz
[50955 ms] [UE 22873] UL: SNR = 58.00 dB | SE = 18.978 bit/s/Hz
[50955 ms] [UE 30556] UL: SNR = 63.50 dB | SE = 20.778 bit/s/Hz
[50955 ms] [UE 20945] UL: SNR = 52.50 dB | SE = 17.179 bit/s/Hz
[51003 ms] [UE 45898] UL: SNR = 63.50 dB | SE = 20.778 bit/s/Hz
[51003 ms] [UE 36997] UL: SNR = 63.50 dB | SE = 20.778 bit/s/Hz
[51003 ms] [UE 48787] UL: SNR = 63.50 dB | SE = 20.778 bit/s/Hz
[51003 ms] [UE 40252] UL: SNR = 56.00 dB | SE = 18.324 bit/s/Hz
[51003 ms] [UE 15599] UL: SNR = 52.50 dB | SE = 17.179 bit/s/Hz
[51056 ms] [UE 33952] UL: SNR = 6.50 dB | SE = 2.414 bit/s/Hz
[51056 ms] [UE 12169] UL: SNR = 63.50 dB | SE = 20.778 bit/s/Hz
[51056 ms] [UE 22873] UL: SNR = 58.00 dB | SE = 18.978 bit/s/Hz
[51056 ms] [UE 30556] UL: SNR = 63.50 dB | SE = 20.778 bit/s/Hz
[51056 ms] [UE 20945] UL: SNR = 52.50 dB | SE = 17.179 bit/s/Hz
[51103 ms] [UE 45898] UL: SNR = 63.50 dB | SE = 20.778 bit/s/Hz
[51103 ms] [UE 36997] UL: SNR = 63.50 dB | SE = 20.778 bit/s/Hz
[51103 ms] [UE 48787] UL: SNR = 63.50 dB | SE = 20.778 bit/s/Hz
[51103 ms] [UE 40252] UL: SNR = 56.00 dB | SE = 18.324 bit/s/Hz
[51103 ms] [UE 15599] UL: SNR = 52.50 dB | SE = 17.179 bit/s/Hz
[51165 ms] [UE 33952] UL: SNR = 6.50 dB | SE = 2.414 bit/s/Hz
[51165 ms] [UE 12169] UL: SNR = 63.50 dB | SE = 20.778 bit/s/Hz
[51165 ms] [UE 22873] UL: SNR = 58.00 dB | SE = 18.978 bit/s/Hz
[51165 ms] [UE 30556] UL: SNR = 53.50 dB | SE = 17.506 bit/s/Hz
[51165 ms] [UE 20945] UL: SNR = 52.50 dB | SE = 17.179 bit/s/Hz
[51213 ms] [UE 45898] UL: SNR = 63.50 dB | SE = 20.778 bit/s/Hz
[51213 ms] [UE 36997] UL: SNR = 63.50 dB | SE = 20.778 bit/s/Hz
[51213 ms] [UE 48787] UL: SNR = 63.50 dB | SE = 20.778 bit/s/Hz
[51213 ms] [UE 40252] UL: SNR = 56.00 dB | SE = 18.324 bit/s/Hz
[51213 ms] [UE 15599] UL: SNR = 52.50 dB | SE = 17.179 bit/s/Hz
[51266 ms] [UE 33952] UL: SNR = 6.50 dB | SE = 2.414 bit/s/Hz
[51266 ms] [UE 12169] UL: SNR = 63.50 dB | SE = 20.778 bit/s/Hz
[51266 ms] [UE 22873] UL: SNR = 58.00 dB | SE = 18.978 bit/s/Hz
[51266 ms] [UE 30556] UL: SNR = 53.50 dB | SE = 17.506 bit/s/Hz
[51266 ms] [UE 20945] UL: SNR = 52.50 dB | SE = 17.179 bit/s/Hz
[51313 ms] [UE 45898] UL: SNR = 63.50 dB | SE = 20.778 bit/s/Hz
[51313 ms] [UE 36997] UL: SNR = 63.50 dB | SE = 20.778 bit/s/Hz
[51313 ms] [UE 48787] UL: SNR = 63.50 dB | SE = 20.778 bit/s/Hz
[51313 ms] [UE 40252] UL: SNR = 56.00 dB | SE = 18.324 bit/s/Hz
[51313 ms] [UE 15599] UL: SNR = 52.50 dB | SE = 17.179 bit/s/Hz
[51376 ms] [UE 33952] UL: SNR = 6.50 dB | SE = 2.414 bit/s/Hz
[51376 ms] [UE 12169] UL: SNR = 63.50 dB | SE = 20.778 bit/s/Hz
[51376 ms] [UE 22873] UL: SNR = 58.00 dB | SE = 18.978 bit/s/Hz
[51376 ms] [UE 30556] UL: SNR = 53.50 dB | SE = 17.506 bit/s/Hz
[51376 ms] [UE 20945] UL: SNR = 52.50 dB | SE = 17.179 bit/s/Hz
[51423 ms] [UE 45898] UL: SNR = 63.50 dB | SE = 20.778 bit/s/Hz
[51423 ms] [UE 36997] UL: SNR = 63.50 dB | SE = 20.778 bit/s/Hz
[51423 ms] [UE 48787] UL: SNR = 63.50 dB | SE = 20.778 bit/s/Hz
[51423 ms] [UE 40252] UL: SNR = 56.00 dB | SE = 18.324 bit/s/Hz
[51423 ms] [UE 15599] UL: SNR = 52.50 dB | SE = 17.179 bit/s/Hz
[51487 ms] [UE 33952] UL: SNR = 6.50 dB | SE = 2.414 bit/s/Hz
[51487 ms] [UE 12169] UL: SNR = 63.50 dB | SE = 20.778 bit/s/Hz
[51487 ms] [UE 22873] UL: SNR = 58.00 dB | SE = 18.978 bit/s/Hz
[51487 ms] [UE 30556] UL: SNR = 53.50 dB | SE = 17.506 bit/s/Hz
[51487 ms] [UE 20945] UL: SNR = 52.50 dB | SE = 17.179 bit/s/Hz
[51533 ms] [UE 45898] UL: SNR = 63.50 dB | SE = 20.778 bit/s/Hz
[51533 ms] [UE 36997] UL: SNR = 63.50 dB | SE = 20.778 bit/s/Hz
[51533 ms] [UE 48787] UL: SNR = 63.50 dB | SE = 20.778 bit/s/Hz
[51533 ms] [UE 40252] UL: SNR = 56.00 dB | SE = 18.324 bit/s/Hz
[51533 ms] [UE 15599] UL: SNR = 52.50 dB | SE = 17.179 bit/s/Hz
[51595 ms] [UE 33952] UL: SNR = 6.50 dB | SE = 2.414 bit/s/Hz
[51595 ms] [UE 12169] UL: SNR = 63.50 dB | SE = 20.778 bit/s/Hz
[51595 ms] [UE 22873] UL: SNR = 63.50 dB | SE = 20.778 bit/s/Hz
[51595 ms] [UE 30556] UL: SNR = 53.50 dB | SE = 17.506 bit/s/Hz
[51595 ms] [UE 20945] UL: SNR = 52.50 dB | SE = 17.179 bit/s/Hz
[51643 ms] [UE 45898] UL: SNR = 63.50 dB | SE = 20.778 bit/s/Hz
[51643 ms] [UE 36997] UL: SNR = 63.50 dB | SE = 20.778 bit/s/Hz
[51643 ms] [UE 48787] UL: SNR = 63.50 dB | SE = 20.778 bit/s/Hz
[51643 ms] [UE 40252] UL: SNR = 56.00 dB | SE = 18.324 bit/s/Hz
[51643 ms] [UE 15599] UL: SNR = 52.50 dB | SE = 17.179 bit/s/Hz
[51695 ms] [UE 33952] UL: SNR = 6.50 dB | SE = 2.414 bit/s/Hz
[51695 ms] [UE 12169] UL: SNR = 63.50 dB | SE = 20.778 bit/s/Hz
[51695 ms] [UE 22873] UL: SNR = 63.50 dB | SE = 20.778 bit/s/Hz
[51695 ms] [UE 30556] UL: SNR = 53.50 dB | SE = 17.506 bit/s/Hz
[51695 ms] [UE 20945] UL: SNR = 52.50 dB | SE = 17.179 bit/s/Hz
[51753 ms] [UE 45898] UL: SNR = 63.50 dB | SE = 20.778 bit/s/Hz
[51753 ms] [UE 36997] UL: SNR = 63.50 dB | SE = 20.778 bit/s/Hz
[51753 ms] [UE 48787] UL: SNR = 63.50 dB | SE = 20.778 bit/s/Hz
[51753 ms] [UE 40252] UL: SNR = 56.00 dB | SE = 18.324 bit/s/Hz
[51753 ms] [UE 15599] UL: SNR = 52.50 dB | SE = 17.179 bit/s/Hz
[51805 ms] [UE 33952] UL: SNR = 6.50 dB | SE = 2.414 bit/s/Hz
[51805 ms] [UE 12169] UL: SNR = 63.50 dB | SE = 20.778 bit/s/Hz
[51805 ms] [UE 22873] UL: SNR = 63.50 dB | SE = 20.778 bit/s/Hz
[51805 ms] [UE 30556] UL: SNR = 53.50 dB | SE = 17.506 bit/s/Hz
[51805 ms] [UE 20945] UL: SNR = 52.50 dB | SE = 17.179 bit/s/Hz
[51863 ms] [UE 45898] UL: SNR = 63.50 dB | SE = 20.778 bit/s/Hz
[51863 ms] [UE 36997] UL: SNR = 63.50 dB | SE = 20.778 bit/s/Hz
[51863 ms] [UE 48787] UL: SNR = 63.50 dB | SE = 20.778 bit/s/Hz
[51863 ms] [UE 40252] UL: SNR = 56.00 dB | SE = 18.324 bit/s/Hz
[51863 ms] [UE 15599] UL: SNR = 52.50 dB | SE = 17.179 bit/s/Hz
[51905 ms] [UE 33952] UL: SNR = 6.50 dB | SE = 2.414 bit/s/Hz
[51905 ms] [UE 12169] UL: SNR = 63.50 dB | SE = 20.778 bit/s/Hz
[51905 ms] [UE 22873] UL: SNR = 63.50 dB | SE = 20.778 bit/s/Hz
[51905 ms] [UE 30556] UL: SNR = 63.50 dB | SE = 20.778 bit/s/Hz
[51905 ms] [UE 20945] UL: SNR = 52.50 dB | SE = 17.179 bit/s/Hz
[51973 ms] [UE 45898] UL: SNR = 63.50 dB | SE = 20.778 bit/s/Hz
[51973 ms] [UE 36997] UL: SNR = 63.50 dB | SE = 20.778 bit/s/Hz
[51973 ms] [UE 48787] UL: SNR = 63.50 dB | SE = 20.778 bit/s/Hz
[51973 ms] [UE 40252] UL: SNR = 56.00 dB | SE = 18.324 bit/s/Hz
[51973 ms] [UE 15599] UL: SNR = 52.50 dB | SE = 17.179 bit/s/Hz
[52005 ms] [UE 33952] UL: SNR = 6.50 dB | SE = 2.414 bit/s/Hz
[52005 ms] [UE 12169] UL: SNR = 63.50 dB | SE = 20.778 bit/s/Hz
[52005 ms] [UE 22873] UL: SNR = 63.50 dB | SE = 20.778 bit/s/Hz
[52005 ms] [UE 30556] UL: SNR = 63.50 dB | SE = 20.778 bit/s/Hz
[52005 ms] [UE 20945] UL: SNR = 52.50 dB | SE = 17.179 bit/s/Hz
[52073 ms] [UE 45898] UL: SNR = 63.50 dB | SE = 20.778 bit/s/Hz
[52073 ms] [UE 36997] UL: SNR = 63.50 dB | SE = 20.778 bit/s/Hz
[52073 ms] [UE 48787] UL: SNR = 63.50 dB | SE = 20.778 bit/s/Hz
[52073 ms] [UE 40252] UL: SNR = 56.00 dB | SE = 18.324 bit/s/Hz
[52073 ms] [UE 15599] UL: SNR = 52.50 dB | SE = 17.179 bit/s/Hz
[52106 ms] [UE 33952] UL: SNR = 6.50 dB | SE = 2.414 bit/s/Hz
[52106 ms] [UE 12169] UL: SNR = 63.50 dB | SE = 20.778 bit/s/Hz
[52106 ms] [UE 22873] UL: SNR = 63.50 dB | SE = 20.778 bit/s/Hz
[52106 ms] [UE 30556] UL: SNR = 63.50 dB | SE = 20.778 bit/s/Hz
[52106 ms] [UE 20945] UL: SNR = 52.50 dB | SE = 17.179 bit/s/Hz
[52183 ms] [UE 45898] UL: SNR = 63.50 dB | SE = 20.778 bit/s/Hz
[52183 ms] [UE 36997] UL: SNR = 63.50 dB | SE = 20.778 bit/s/Hz
[52183 ms] [UE 48787] UL: SNR = 63.50 dB | SE = 20.778 bit/s/Hz
[52183 ms] [UE 40252] UL: SNR = 56.00 dB | SE = 18.324 bit/s/Hz
[52183 ms] [UE 15599] UL: SNR = 52.50 dB | SE = 17.179 bit/s/Hz
[52215 ms] [UE 33952] UL: SNR = 6.50 dB | SE = 2.414 bit/s/Hz
[52215 ms] [UE 12169] UL: SNR = 63.50 dB | SE = 20.778 bit/s/Hz
[52215 ms] [UE 22873] UL: SNR = 63.50 dB | SE = 20.778 bit/s/Hz
[52215 ms] [UE 30556] UL: SNR = 63.50 dB | SE = 20.778 bit/s/Hz
[52215 ms] [UE 20945] UL: SNR = 52.50 dB | SE = 17.179 bit/s/Hz
[52293 ms] [UE 45898] UL: SNR = 63.50 dB | SE = 20.778 bit/s/Hz
[52293 ms] [UE 36997] UL: SNR = 63.50 dB | SE = 20.778 bit/s/Hz
[52293 ms] [UE 48787] UL: SNR = 63.50 dB | SE = 20.778 bit/s/Hz
[52293 ms] [UE 40252] UL: SNR = 56.00 dB | SE = 18.324 bit/s/Hz
[52293 ms] [UE 15599] UL: SNR = 52.50 dB | SE = 17.179 bit/s/Hz
[52327 ms] [UE 33952] UL: SNR = 6.50 dB | SE = 2.414 bit/s/Hz
[52327 ms] [UE 12169] UL: SNR = 63.50 dB | SE = 20.778 bit/s/Hz
[52327 ms] [UE 22873] UL: SNR = 63.50 dB | SE = 20.778 bit/s/Hz
[52327 ms] [UE 30556] UL: SNR = 63.50 dB | SE = 20.778 bit/s/Hz
[52327 ms] [UE 20945] UL: SNR = 52.50 dB | SE = 17.179 bit/s/Hz
[52393 ms] [UE 45898] UL: SNR = 63.50 dB | SE = 20.778 bit/s/Hz
[52393 ms] [UE 36997] UL: SNR = 63.50 dB | SE = 20.778 bit/s/Hz
[52393 ms] [UE 48787] UL: SNR = 63.50 dB | SE = 20.778 bit/s/Hz
[52393 ms] [UE 40252] UL: SNR = 56.00 dB | SE = 18.324 bit/s/Hz
[52393 ms] [UE 15599] UL: SNR = 52.50 dB | SE = 17.179 bit/s/Hz
[52436 ms] [UE 33952] UL: SNR = 6.50 dB | SE = 2.414 bit/s/Hz
[52436 ms] [UE 12169] UL: SNR = 63.50 dB | SE = 20.778 bit/s/Hz
[52436 ms] [UE 22873] UL: SNR = 63.50 dB | SE = 20.778 bit/s/Hz
[52436 ms] [UE 30556] UL: SNR = 63.50 dB | SE = 20.778 bit/s/Hz
[52436 ms] [UE 20945] UL: SNR = 52.50 dB | SE = 17.179 bit/s/Hz
[52493 ms] [UE 45898] UL: SNR = 63.50 dB | SE = 20.778 bit/s/Hz
[52493 ms] [UE 36997] UL: SNR = 63.50 dB | SE = 20.778 bit/s/Hz
[52493 ms] [UE 48787] UL: SNR = 63.50 dB | SE = 20.778 bit/s/Hz
[52493 ms] [UE 40252] UL: SNR = 56.00 dB | SE = 18.324 bit/s/Hz
[52493 ms] [UE 15599] UL: SNR = 52.50 dB | SE = 17.179 bit/s/Hz
[52545 ms] [UE 33952] UL: SNR = 6.50 dB | SE = 2.414 bit/s/Hz
[52545 ms] [UE 12169] UL: SNR = 63.50 dB | SE = 20.778 bit/s/Hz
[52545 ms] [UE 22873] UL: SNR = 63.50 dB | SE = 20.778 bit/s/Hz
[52545 ms] [UE 30556] UL: SNR = 63.50 dB | SE = 20.778 bit/s/Hz
[52545 ms] [UE 20945] UL: SNR = 52.50 dB | SE = 17.179 bit/s/Hz
[52594 ms] [UE 45898] UL: SNR = 63.50 dB | SE = 20.778 bit/s/Hz
[52594 ms] [UE 36997] UL: SNR = 63.50 dB | SE = 20.778 bit/s/Hz
[52594 ms] [UE 48787] UL: SNR = 63.50 dB | SE = 20.778 bit/s/Hz
[52594 ms] [UE 40252] UL: SNR = 56.00 dB | SE = 18.324 bit/s/Hz
[52594 ms] [UE 15599] UL: SNR = 52.50 dB | SE = 17.179 bit/s/Hz
[52645 ms] [UE 33952] UL: SNR = 6.50 dB | SE = 2.414 bit/s/Hz
[52645 ms] [UE 12169] UL: SNR = 63.50 dB | SE = 20.778 bit/s/Hz
[52645 ms] [UE 22873] UL: SNR = 63.50 dB | SE = 20.778 bit/s/Hz
[52645 ms] [UE 30556] UL: SNR = 63.50 dB | SE = 20.778 bit/s/Hz
[52645 ms] [UE 20945] UL: SNR = 52.50 dB | SE = 17.179 bit/s/Hz
[52703 ms] [UE 45898] UL: SNR = 63.50 dB | SE = 20.778 bit/s/Hz
[52703 ms] [UE 36997] UL: SNR = 63.50 dB | SE = 20.778 bit/s/Hz
[52703 ms] [UE 48787] UL: SNR = 63.50 dB | SE = 20.778 bit/s/Hz
[52703 ms] [UE 40252] UL: SNR = 56.00 dB | SE = 18.324 bit/s/Hz
[52703 ms] [UE 15599] UL: SNR = 52.50 dB | SE = 17.179 bit/s/Hz
[52745 ms] [UE 33952] UL: SNR = 63.50 dB | SE = 20.778 bit/s/Hz
[52745 ms] [UE 12169] UL: SNR = 63.50 dB | SE = 20.778 bit/s/Hz
[52745 ms] [UE 22873] UL: SNR = 63.50 dB | SE = 20.778 bit/s/Hz
[52745 ms] [UE 30556] UL: SNR = 63.50 dB | SE = 20.778 bit/s/Hz
[52745 ms] [UE 20945] UL: SNR = 52.50 dB | SE = 17.179 bit/s/Hz
[52803 ms] [UE 45898] UL: SNR = 63.50 dB | SE = 20.778 bit/s/Hz
[52803 ms] [UE 36997] UL: SNR = 63.50 dB | SE = 20.778 bit/s/Hz
[52803 ms] [UE 48787] UL: SNR = 63.50 dB | SE = 20.778 bit/s/Hz
[52803 ms] [UE 40252] UL: SNR = 56.00 dB | SE = 18.324 bit/s/Hz
[52803 ms] [UE 15599] UL: SNR = 52.50 dB | SE = 17.179 bit/s/Hz
[52857 ms] [UE 33952] UL: SNR = 63.50 dB | SE = 20.778 bit/s/Hz
[52857 ms] [UE 12169] UL: SNR = 63.50 dB | SE = 20.778 bit/s/Hz
[52857 ms] [UE 22873] UL: SNR = 63.50 dB | SE = 20.778 bit/s/Hz
[52857 ms] [UE 30556] UL: SNR = 63.50 dB | SE = 20.778 bit/s/Hz
[52857 ms] [UE 20945] UL: SNR = 52.50 dB | SE = 17.179 bit/s/Hz
[52913 ms] [UE 45898] UL: SNR = 63.50 dB | SE = 20.778 bit/s/Hz
[52913 ms] [UE 36997] UL: SNR = 63.50 dB | SE = 20.778 bit/s/Hz
[52913 ms] [UE 48787] UL: SNR = 63.50 dB | SE = 20.778 bit/s/Hz
[52913 ms] [UE 40252] UL: SNR = 56.00 dB | SE = 18.324 bit/s/Hz
[52913 ms] [UE 15599] UL: SNR = 52.50 dB | SE = 17.179 bit/s/Hz
[52966 ms] [UE 33952] UL: SNR = 63.50 dB | SE = 20.778 bit/s/Hz
[52966 ms] [UE 12169] UL: SNR = 63.50 dB | SE = 20.778 bit/s/Hz
[52966 ms] [UE 22873] UL: SNR = 63.50 dB | SE = 20.778 bit/s/Hz
[52966 ms] [UE 30556] UL: SNR = 63.50 dB | SE = 20.778 bit/s/Hz
[52966 ms] [UE 20945] UL: SNR = 52.50 dB | SE = 17.179 bit/s/Hz
[53023 ms] [UE 45898] UL: SNR = 63.50 dB | SE = 20.778 bit/s/Hz
[53023 ms] [UE 36997] UL: SNR = 63.50 dB | SE = 20.778 bit/s/Hz
[53023 ms] [UE 48787] UL: SNR = 63.50 dB | SE = 20.778 bit/s/Hz
[53023 ms] [UE 40252] UL: SNR = 56.00 dB | SE = 18.324 bit/s/Hz
[53023 ms] [UE 15599] UL: SNR = 52.50 dB | SE = 17.179 bit/s/Hz
[53075 ms] [UE 33952] UL: SNR = 63.50 dB | SE = 20.778 bit/s/Hz
[53075 ms] [UE 12169] UL: SNR = 63.50 dB | SE = 20.778 bit/s/Hz
[53075 ms] [UE 22873] UL: SNR = 63.50 dB | SE = 20.778 bit/s/Hz
[53075 ms] [UE 30556] UL: SNR = 63.50 dB | SE = 20.778 bit/s/Hz
[53075 ms] [UE 20945] UL: SNR = 52.50 dB | SE = 17.179 bit/s/Hz
[53123 ms] [UE 45898] UL: SNR = 63.50 dB | SE = 20.778 bit/s/Hz
[53123 ms] [UE 36997] UL: SNR = 63.50 dB | SE = 20.778 bit/s/Hz
[53123 ms] [UE 48787] UL: SNR = 63.50 dB | SE = 20.778 bit/s/Hz
[53123 ms] [UE 40252] UL: SNR = 56.00 dB | SE = 18.324 bit/s/Hz
[53123 ms] [UE 15599] UL: SNR = 52.50 dB | SE = 17.179 bit/s/Hz
[53185 ms] [UE 33952] UL: SNR = 63.50 dB | SE = 20.778 bit/s/Hz
[53185 ms] [UE 12169] UL: SNR = 63.50 dB | SE = 20.778 bit/s/Hz
[53185 ms] [UE 22873] UL: SNR = 63.50 dB | SE = 20.778 bit/s/Hz
[53185 ms] [UE 30556] UL: SNR = 63.50 dB | SE = 20.778 bit/s/Hz
[53185 ms] [UE 20945] UL: SNR = 52.50 dB | SE = 17.179 bit/s/Hz
[53233 ms] [UE 45898] UL: SNR = 63.50 dB | SE = 20.778 bit/s/Hz
[53233 ms] [UE 36997] UL: SNR = 63.50 dB | SE = 20.778 bit/s/Hz
[53233 ms] [UE 48787] UL: SNR = 63.50 dB | SE = 20.778 bit/s/Hz
[53233 ms] [UE 40252] UL: SNR = 56.00 dB | SE = 18.324 bit/s/Hz
[53233 ms] [UE 15599] UL: SNR = 52.50 dB | SE = 17.179 bit/s/Hz
[53295 ms] [UE 33952] UL: SNR = 63.50 dB | SE = 20.778 bit/s/Hz
[53295 ms] [UE 12169] UL: SNR = 63.50 dB | SE = 20.778 bit/s/Hz
[53295 ms] [UE 22873] UL: SNR = 63.50 dB | SE = 20.778 bit/s/Hz
[53295 ms] [UE 30556] UL: SNR = 63.50 dB | SE = 20.778 bit/s/Hz
[53295 ms] [UE 20945] UL: SNR = 52.50 dB | SE = 17.179 bit/s/Hz
[53333 ms] [UE 45898] UL: SNR = 63.50 dB | SE = 20.778 bit/s/Hz
[53333 ms] [UE 36997] UL: SNR = 63.50 dB | SE = 20.778 bit/s/Hz
[53333 ms] [UE 48787] UL: SNR = 63.50 dB | SE = 20.778 bit/s/Hz
[53333 ms] [UE 40252] UL: SNR = 56.00 dB | SE = 18.324 bit/s/Hz
[53333 ms] [UE 15599] UL: SNR = 52.50 dB | SE = 17.179 bit/s/Hz
[53397 ms] [UE 33952] UL: SNR = 63.50 dB | SE = 20.778 bit/s/Hz
[53397 ms] [UE 12169] UL: SNR = 63.50 dB | SE = 20.778 bit/s/Hz
[53397 ms] [UE 22873] UL: SNR = 63.50 dB | SE = 20.778 bit/s/Hz
[53397 ms] [UE 30556] UL: SNR = 63.50 dB | SE = 20.778 bit/s/Hz
[53397 ms] [UE 20945] UL: SNR = 52.50 dB | SE = 17.179 bit/s/Hz
[53433 ms] [UE 45898] UL: SNR = 63.50 dB | SE = 20.778 bit/s/Hz
[53433 ms] [UE 36997] UL: SNR = 63.50 dB | SE = 20.778 bit/s/Hz
[53433 ms] [UE 48787] UL: SNR = 63.50 dB | SE = 20.778 bit/s/Hz
[53433 ms] [UE 40252] UL: SNR = 56.00 dB | SE = 18.324 bit/s/Hz
[53433 ms] [UE 15599] UL: SNR = 52.50 dB | SE = 17.179 bit/s/Hz
[53506 ms] [UE 33952] UL: SNR = 63.50 dB | SE = 20.778 bit/s/Hz
[53506 ms] [UE 12169] UL: SNR = 63.50 dB | SE = 20.778 bit/s/Hz
[53506 ms] [UE 22873] UL: SNR = 63.50 dB | SE = 20.778 bit/s/Hz
[53506 ms] [UE 30556] UL: SNR = 63.50 dB | SE = 20.778 bit/s/Hz
[53506 ms] [UE 20945] UL: SNR = 52.50 dB | SE = 17.179 bit/s/Hz
[53543 ms] [UE 45898] UL: SNR = 63.50 dB | SE = 20.778 bit/s/Hz
[53543 ms] [UE 36997] UL: SNR = 63.50 dB | SE = 20.778 bit/s/Hz
[53543 ms] [UE 48787] UL: SNR = 63.50 dB | SE = 20.778 bit/s/Hz
[53543 ms] [UE 40252] UL: SNR = 56.00 dB | SE = 18.324 bit/s/Hz
[53543 ms] [UE 15599] UL: SNR = 52.50 dB | SE = 17.179 bit/s/Hz
[53615 ms] [UE 33952] UL: SNR = 63.50 dB | SE = 20.778 bit/s/Hz
[53615 ms] [UE 12169] UL: SNR = 63.50 dB | SE = 20.778 bit/s/Hz
[53615 ms] [UE 22873] UL: SNR = 63.50 dB | SE = 20.778 bit/s/Hz
[53615 ms] [UE 30556] UL: SNR = 63.50 dB | SE = 20.778 bit/s/Hz
[53615 ms] [UE 20945] UL: SNR = 52.50 dB | SE = 17.179 bit/s/Hz
[53653 ms] [UE 45898] UL: SNR = 63.50 dB | SE = 20.778 bit/s/Hz
[53653 ms] [UE 36997] UL: SNR = 63.50 dB | SE = 20.778 bit/s/Hz
[53653 ms] [UE 48787] UL: SNR = 63.50 dB | SE = 20.778 bit/s/Hz
[53653 ms] [UE 40252] UL: SNR = 56.00 dB | SE = 18.324 bit/s/Hz
[53653 ms] [UE 15599] UL: SNR = 52.50 dB | SE = 17.179 bit/s/Hz
[53715 ms] [UE 33952] UL: SNR = 63.50 dB | SE = 20.778 bit/s/Hz
[53715 ms] [UE 12169] UL: SNR = 63.50 dB | SE = 20.778 bit/s/Hz
[53715 ms] [UE 22873] UL: SNR = 63.50 dB | SE = 20.778 bit/s/Hz
[53715 ms] [UE 30556] UL: SNR = 63.50 dB | SE = 20.778 bit/s/Hz
[53715 ms] [UE 20945] UL: SNR = 52.50 dB | SE = 17.179 bit/s/Hz
[53763 ms] [UE 45898] UL: SNR = 63.50 dB | SE = 20.778 bit/s/Hz
[53763 ms] [UE 36997] UL: SNR = 63.50 dB | SE = 20.778 bit/s/Hz
[53763 ms] [UE 48787] UL: SNR = 63.50 dB | SE = 20.778 bit/s/Hz
[53763 ms] [UE 40252] UL: SNR = 56.00 dB | SE = 18.324 bit/s/Hz
[53763 ms] [UE 15599] UL: SNR = 52.50 dB | SE = 17.179 bit/s/Hz
[53825 ms] [UE 33952] UL: SNR = 63.50 dB | SE = 20.778 bit/s/Hz
[53825 ms] [UE 12169] UL: SNR = 63.50 dB | SE = 20.778 bit/s/Hz
[53825 ms] [UE 22873] UL: SNR = 63.50 dB | SE = 20.778 bit/s/Hz
[53825 ms] [UE 30556] UL: SNR = 63.50 dB | SE = 20.778 bit/s/Hz
[53825 ms] [UE 20945] UL: SNR = 52.50 dB | SE = 17.179 bit/s/Hz
[53863 ms] [UE 45898] UL: SNR = 63.50 dB | SE = 20.778 bit/s/Hz
[53863 ms] [UE 36997] UL: SNR = 63.50 dB | SE = 20.778 bit/s/Hz
[53863 ms] [UE 48787] UL: SNR = 63.50 dB | SE = 20.778 bit/s/Hz
[53863 ms] [UE 40252] UL: SNR = 56.00 dB | SE = 18.324 bit/s/Hz
[53863 ms] [UE 15599] UL: SNR = 52.50 dB | SE = 17.179 bit/s/Hz
[53936 ms] [UE 33952] UL: SNR = 63.50 dB | SE = 20.778 bit/s/Hz
[53936 ms] [UE 12169] UL: SNR = 63.50 dB | SE = 20.778 bit/s/Hz
[53936 ms] [UE 22873] UL: SNR = 63.50 dB | SE = 20.778 bit/s/Hz
[53936 ms] [UE 30556] UL: SNR = 63.50 dB | SE = 20.778 bit/s/Hz
[53936 ms] [UE 20945] UL: SNR = 52.50 dB | SE = 17.179 bit/s/Hz
[53963 ms] [UE 45898] UL: SNR = 63.50 dB | SE = 20.778 bit/s/Hz
[53963 ms] [UE 36997] UL: SNR = 63.50 dB | SE = 20.778 bit/s/Hz
[53963 ms] [UE 48787] UL: SNR = 63.50 dB | SE = 20.778 bit/s/Hz
[53963 ms] [UE 40252] UL: SNR = 56.00 dB | SE = 18.324 bit/s/Hz
[53963 ms] [UE 15599] UL: SNR = 52.50 dB | SE = 17.179 bit/s/Hz
[54045 ms] [UE 33952] UL: SNR = 63.50 dB | SE = 20.778 bit/s/Hz
[54045 ms] [UE 12169] UL: SNR = 63.50 dB | SE = 20.778 bit/s/Hz
[54045 ms] [UE 22873] UL: SNR = 63.50 dB | SE = 20.778 bit/s/Hz
[54045 ms] [UE 30556] UL: SNR = 63.50 dB | SE = 20.778 bit/s/Hz
[54045 ms] [UE 20945] UL: SNR = 52.50 dB | SE = 17.179 bit/s/Hz
[54073 ms] [UE 45898] UL: SNR = 63.50 dB | SE = 20.778 bit/s/Hz
[54073 ms] [UE 36997] UL: SNR = 63.50 dB | SE = 20.778 bit/s/Hz
[54073 ms] [UE 48787] UL: SNR = 63.50 dB | SE = 20.778 bit/s/Hz
[54073 ms] [UE 40252] UL: SNR = 56.00 dB | SE = 18.324 bit/s/Hz
[54073 ms] [UE 15599] UL: SNR = 52.50 dB | SE = 17.179 bit/s/Hz
[54155 ms] [UE 33952] UL: SNR = 63.50 dB | SE = 20.778 bit/s/Hz
[54155 ms] [UE 12169] UL: SNR = 63.50 dB | SE = 20.778 bit/s/Hz
[54155 ms] [UE 22873] UL: SNR = 63.50 dB | SE = 20.778 bit/s/Hz
[54155 ms] [UE 30556] UL: SNR = 63.50 dB | SE = 20.778 bit/s/Hz
[54155 ms] [UE 20945] UL: SNR = 52.50 dB | SE = 17.179 bit/s/Hz
[54173 ms] [UE 45898] UL: SNR = 63.50 dB | SE = 20.778 bit/s/Hz
[54173 ms] [UE 36997] UL: SNR = 63.50 dB | SE = 20.778 bit/s/Hz
[54173 ms] [UE 48787] UL: SNR = 63.50 dB | SE = 20.778 bit/s/Hz
[54173 ms] [UE 40252] UL: SNR = 56.00 dB | SE = 18.324 bit/s/Hz
[54173 ms] [UE 15599] UL: SNR = 52.50 dB | SE = 17.179 bit/s/Hz
[54265 ms] [UE 33952] UL: SNR = 63.50 dB | SE = 20.778 bit/s/Hz
[54265 ms] [UE 12169] UL: SNR = 63.50 dB | SE = 20.778 bit/s/Hz
[54265 ms] [UE 22873] UL: SNR = 63.50 dB | SE = 20.778 bit/s/Hz
[54265 ms] [UE 30556] UL: SNR = 63.50 dB | SE = 20.778 bit/s/Hz
[54265 ms] [UE 20945] UL: SNR = 52.50 dB | SE = 17.179 bit/s/Hz
[54283 ms] [UE 45898] UL: SNR = 63.50 dB | SE = 20.778 bit/s/Hz
[54283 ms] [UE 36997] UL: SNR = 63.50 dB | SE = 20.778 bit/s/Hz
[54283 ms] [UE 48787] UL: SNR = 63.50 dB | SE = 20.778 bit/s/Hz
[54283 ms] [UE 40252] UL: SNR = 56.00 dB | SE = 18.324 bit/s/Hz
[54283 ms] [UE 15599] UL: SNR = 52.50 dB | SE = 17.179 bit/s/Hz
[54365 ms] [UE 33952] UL: SNR = 63.50 dB | SE = 20.778 bit/s/Hz
[54365 ms] [UE 12169] UL: SNR = 63.50 dB | SE = 20.778 bit/s/Hz
[54365 ms] [UE 22873] UL: SNR = 63.50 dB | SE = 20.778 bit/s/Hz
[54365 ms] [UE 30556] UL: SNR = 63.50 dB | SE = 20.778 bit/s/Hz
[54365 ms] [UE 20945] UL: SNR = 52.50 dB | SE = 17.179 bit/s/Hz
[54383 ms] [UE 45898] UL: SNR = 63.50 dB | SE = 20.778 bit/s/Hz
[54383 ms] [UE 36997] UL: SNR = 63.50 dB | SE = 20.778 bit/s/Hz
[54383 ms] [UE 48787] UL: SNR = 63.50 dB | SE = 20.778 bit/s/Hz
[54383 ms] [UE 40252] UL: SNR = 56.00 dB | SE = 18.324 bit/s/Hz
[54383 ms] [UE 15599] UL: SNR = 52.50 dB | SE = 17.179 bit/s/Hz
[54468 ms] [UE 33952] UL: SNR = 63.50 dB | SE = 20.778 bit/s/Hz
[54468 ms] [UE 12169] UL: SNR = 63.50 dB | SE = 20.778 bit/s/Hz
[54468 ms] [UE 22873] UL: SNR = 63.50 dB | SE = 20.778 bit/s/Hz
[54468 ms] [UE 30556] UL: SNR = 63.50 dB | SE = 20.778 bit/s/Hz
[54468 ms] [UE 20945] UL: SNR = 52.50 dB | SE = 17.179 bit/s/Hz
[54493 ms] [UE 45898] UL: SNR = 63.50 dB | SE = 20.778 bit/s/Hz
[54493 ms] [UE 36997] UL: SNR = 63.50 dB | SE = 20.778 bit/s/Hz
[54493 ms] [UE 48787] UL: SNR = 63.50 dB | SE = 20.778 bit/s/Hz
[54493 ms] [UE 40252] UL: SNR = 56.00 dB | SE = 18.324 bit/s/Hz
[54493 ms] [UE 15599] UL: SNR = 52.50 dB | SE = 17.179 bit/s/Hz
[54575 ms] [UE 33952] UL: SNR = 63.50 dB | SE = 20.778 bit/s/Hz
[54575 ms] [UE 12169] UL: SNR = 63.50 dB | SE = 20.778 bit/s/Hz
[54575 ms] [UE 22873] UL: SNR = 63.50 dB | SE = 20.778 bit/s/Hz
[54575 ms] [UE 30556] UL: SNR = 63.50 dB | SE = 20.778 bit/s/Hz
[54575 ms] [UE 20945] UL: SNR = 52.50 dB | SE = 17.179 bit/s/Hz
[54603 ms] [UE 45898] UL: SNR = 63.50 dB | SE = 20.778 bit/s/Hz
[54603 ms] [UE 36997] UL: SNR = 63.50 dB | SE = 20.778 bit/s/Hz
[54603 ms] [UE 48787] UL: SNR = 63.50 dB | SE = 20.778 bit/s/Hz
[54603 ms] [UE 40252] UL: SNR = 56.00 dB | SE = 18.324 bit/s/Hz
[54603 ms] [UE 15599] UL: SNR = 52.50 dB | SE = 17.179 bit/s/Hz
[54675 ms] [UE 33952] UL: SNR = 63.50 dB | SE = 20.778 bit/s/Hz
[54675 ms] [UE 12169] UL: SNR = 63.50 dB | SE = 20.778 bit/s/Hz
[54675 ms] [UE 22873] UL: SNR = 63.50 dB | SE = 20.778 bit/s/Hz
[54675 ms] [UE 30556] UL: SNR = 63.50 dB | SE = 20.778 bit/s/Hz
[54675 ms] [UE 20945] UL: SNR = 52.50 dB | SE = 17.179 bit/s/Hz
[54713 ms] [UE 45898] UL: SNR = 63.50 dB | SE = 20.778 bit/s/Hz
[54713 ms] [UE 36997] UL: SNR = 63.50 dB | SE = 20.778 bit/s/Hz
[54713 ms] [UE 48787] UL: SNR = 63.50 dB | SE = 20.778 bit/s/Hz
[54713 ms] [UE 40252] UL: SNR = 56.00 dB | SE = 18.324 bit/s/Hz
[54713 ms] [UE 15599] UL: SNR = 52.50 dB | SE = 17.179 bit/s/Hz
[54785 ms] [UE 33952] UL: SNR = 63.50 dB | SE = 20.778 bit/s/Hz
[54785 ms] [UE 12169] UL: SNR = 63.50 dB | SE = 20.778 bit/s/Hz
[54785 ms] [UE 22873] UL: SNR = 63.50 dB | SE = 20.778 bit/s/Hz
[54785 ms] [UE 30556] UL: SNR = 63.50 dB | SE = 20.778 bit/s/Hz
[54785 ms] [UE 20945] UL: SNR = 52.50 dB | SE = 17.179 bit/s/Hz
[54814 ms] [UE 45898] UL: SNR = 63.50 dB | SE = 20.778 bit/s/Hz
[54814 ms] [UE 36997] UL: SNR = 63.50 dB | SE = 20.778 bit/s/Hz
[54814 ms] [UE 48787] UL: SNR = 63.50 dB | SE = 20.778 bit/s/Hz
[54814 ms] [UE 40252] UL: SNR = 56.00 dB | SE = 18.324 bit/s/Hz
[54814 ms] [UE 15599] UL: SNR = 52.50 dB | SE = 17.179 bit/s/Hz
[54886 ms] [UE 33952] UL: SNR = 63.50 dB | SE = 20.778 bit/s/Hz
[54886 ms] [UE 12169] UL: SNR = 63.50 dB | SE = 20.778 bit/s/Hz
[54886 ms] [UE 22873] UL: SNR = 63.50 dB | SE = 20.778 bit/s/Hz
[54886 ms] [UE 30556] UL: SNR = 63.50 dB | SE = 20.778 bit/s/Hz
[54886 ms] [UE 20945] UL: SNR = 52.50 dB | SE = 17.179 bit/s/Hz
[54924 ms] [UE 45898] UL: SNR = 63.50 dB | SE = 20.778 bit/s/Hz
[54924 ms] [UE 36997] UL: SNR = 63.50 dB | SE = 20.778 bit/s/Hz
[54924 ms] [UE 48787] UL: SNR = 63.50 dB | SE = 20.778 bit/s/Hz
[54924 ms] [UE 40252] UL: SNR = 56.00 dB | SE = 18.324 bit/s/Hz
[54924 ms] [UE 15599] UL: SNR = 52.50 dB | SE = 17.179 bit/s/Hz
[54995 ms] [UE 33952] UL: SNR = 63.50 dB | SE = 20.778 bit/s/Hz
[54995 ms] [UE 12169] UL: SNR = 63.50 dB | SE = 20.778 bit/s/Hz
[54995 ms] [UE 22873] UL: SNR = 63.50 dB | SE = 20.778 bit/s/Hz
[54995 ms] [UE 30556] UL: SNR = 63.50 dB | SE = 20.778 bit/s/Hz
[54995 ms] [UE 20945] UL: SNR = 52.50 dB | SE = 17.179 bit/s/Hz
[55033 ms] [UE 45898] UL: SNR = 63.50 dB | SE = 20.778 bit/s/Hz
[55033 ms] [UE 36997] UL: SNR = 63.50 dB | SE = 20.778 bit/s/Hz
[55033 ms] [UE 48787] UL: SNR = 63.50 dB | SE = 20.778 bit/s/Hz
[55033 ms] [UE 40252] UL: SNR = 56.00 dB | SE = 18.324 bit/s/Hz
[55033 ms] [UE 15599] UL: SNR = 52.50 dB | SE = 17.179 bit/s/Hz
[55097 ms] [UE 33952] UL: SNR = 63.50 dB | SE = 20.778 bit/s/Hz
[55097 ms] [UE 12169] UL: SNR = 63.50 dB | SE = 20.778 bit/s/Hz
[55097 ms] [UE 22873] UL: SNR = 63.50 dB | SE = 20.778 bit/s/Hz
[55097 ms] [UE 30556] UL: SNR = 63.50 dB | SE = 20.778 bit/s/Hz
[55097 ms] [UE 20945] UL: SNR = 52.50 dB | SE = 17.179 bit/s/Hz
[55143 ms] [UE 45898] UL: SNR = 63.50 dB | SE = 20.778 bit/s/Hz
[55143 ms] [UE 36997] UL: SNR = 63.50 dB | SE = 20.778 bit/s/Hz
[55143 ms] [UE 48787] UL: SNR = 63.50 dB | SE = 20.778 bit/s/Hz
[55143 ms] [UE 40252] UL: SNR = 56.00 dB | SE = 18.324 bit/s/Hz
[55143 ms] [UE 15599] UL: SNR = 52.50 dB | SE = 17.179 bit/s/Hz
[55206 ms] [UE 33952] UL: SNR = 63.50 dB | SE = 20.778 bit/s/Hz
[55206 ms] [UE 12169] UL: SNR = 63.50 dB | SE = 20.778 bit/s/Hz
[55206 ms] [UE 22873] UL: SNR = 63.50 dB | SE = 20.778 bit/s/Hz
[55206 ms] [UE 30556] UL: SNR = 63.50 dB | SE = 20.778 bit/s/Hz
[55206 ms] [UE 20945] UL: SNR = 52.50 dB | SE = 17.179 bit/s/Hz
[55253 ms] [UE 45898] UL: SNR = 63.50 dB | SE = 20.778 bit/s/Hz
[55253 ms] [UE 36997] UL: SNR = 63.50 dB | SE = 20.778 bit/s/Hz
[55253 ms] [UE 48787] UL: SNR = 63.50 dB | SE = 20.778 bit/s/Hz
[55253 ms] [UE 40252] UL: SNR = 56.00 dB | SE = 18.324 bit/s/Hz
[55253 ms] [UE 15599] UL: SNR = 52.50 dB | SE = 17.179 bit/s/Hz
[55315 ms] [UE 33952] UL: SNR = 63.50 dB | SE = 20.778 bit/s/Hz
[55315 ms] [UE 12169] UL: SNR = 63.50 dB | SE = 20.778 bit/s/Hz
[55315 ms] [UE 22873] UL: SNR = 63.50 dB | SE = 20.778 bit/s/Hz
[55315 ms] [UE 30556] UL: SNR = 63.50 dB | SE = 20.778 bit/s/Hz
[55315 ms] [UE 20945] UL: SNR = 52.50 dB | SE = 17.179 bit/s/Hz
[55354 ms] [UE 45898] UL: SNR = 63.50 dB | SE = 20.778 bit/s/Hz
[55354 ms] [UE 36997] UL: SNR = 63.50 dB | SE = 20.778 bit/s/Hz
[55354 ms] [UE 48787] UL: SNR = 63.50 dB | SE = 20.778 bit/s/Hz
[55354 ms] [UE 40252] UL: SNR = 56.00 dB | SE = 18.324 bit/s/Hz
[55354 ms] [UE 15599] UL: SNR = 52.50 dB | SE = 17.179 bit/s/Hz
[55426 ms] [UE 33952] UL: SNR = 63.50 dB | SE = 20.778 bit/s/Hz
[55426 ms] [UE 12169] UL: SNR = 63.50 dB | SE = 20.778 bit/s/Hz
[55426 ms] [UE 22873] UL: SNR = 63.50 dB | SE = 20.778 bit/s/Hz
[55426 ms] [UE 30556] UL: SNR = 53.50 dB | SE = 17.506 bit/s/Hz
[55426 ms] [UE 20945] UL: SNR = 52.00 dB | SE = 17.015 bit/s/Hz
[55463 ms] [UE 45898] UL: SNR = 63.50 dB | SE = 20.778 bit/s/Hz
[55463 ms] [UE 36997] UL: SNR = 63.50 dB | SE = 20.778 bit/s/Hz
[55463 ms] [UE 48787] UL: SNR = 63.50 dB | SE = 20.778 bit/s/Hz
[55463 ms] [UE 40252] UL: SNR = 56.00 dB | SE = 18.324 bit/s/Hz
[55463 ms] [UE 15599] UL: SNR = 52.50 dB | SE = 17.179 bit/s/Hz
[55537 ms] [UE 33952] UL: SNR = 63.50 dB | SE = 20.778 bit/s/Hz
[55537 ms] [UE 12169] UL: SNR = 63.50 dB | SE = 20.778 bit/s/Hz
[55537 ms] [UE 22873] UL: SNR = 63.50 dB | SE = 20.778 bit/s/Hz
[55537 ms] [UE 30556] UL: SNR = 53.50 dB | SE = 17.506 bit/s/Hz
[55537 ms] [UE 20945] UL: SNR = 52.00 dB | SE = 17.015 bit/s/Hz
[55563 ms] [UE 45898] UL: SNR = 63.50 dB | SE = 20.778 bit/s/Hz
[55563 ms] [UE 36997] UL: SNR = 63.50 dB | SE = 20.778 bit/s/Hz
[55563 ms] [UE 48787] UL: SNR = 63.50 dB | SE = 20.778 bit/s/Hz
[55563 ms] [UE 40252] UL: SNR = 56.00 dB | SE = 18.324 bit/s/Hz
[55563 ms] [UE 15599] UL: SNR = 52.50 dB | SE = 17.179 bit/s/Hz
[55646 ms] [UE 33952] UL: SNR = 6.50 dB | SE = 2.414 bit/s/Hz
[55646 ms] [UE 12169] UL: SNR = 63.50 dB | SE = 20.778 bit/s/Hz
[55646 ms] [UE 22873] UL: SNR = 63.50 dB | SE = 20.778 bit/s/Hz
[55646 ms] [UE 30556] UL: SNR = 53.50 dB | SE = 17.506 bit/s/Hz
[55646 ms] [UE 20945] UL: SNR = 63.50 dB | SE = 20.778 bit/s/Hz
[55673 ms] [UE 45898] UL: SNR = 63.50 dB | SE = 20.778 bit/s/Hz
[55673 ms] [UE 36997] UL: SNR = 63.50 dB | SE = 20.778 bit/s/Hz
[55673 ms] [UE 48787] UL: SNR = 63.50 dB | SE = 20.778 bit/s/Hz
[55673 ms] [UE 40252] UL: SNR = 56.00 dB | SE = 18.324 bit/s/Hz
[55673 ms] [UE 15599] UL: SNR = 52.50 dB | SE = 17.179 bit/s/Hz
[55755 ms] [UE 33952] UL: SNR = 6.50 dB | SE = 2.414 bit/s/Hz
[55755 ms] [UE 12169] UL: SNR = 63.50 dB | SE = 20.778 bit/s/Hz
[55755 ms] [UE 22873] UL: SNR = 63.50 dB | SE = 20.778 bit/s/Hz
[55755 ms] [UE 30556] UL: SNR = 53.50 dB | SE = 17.506 bit/s/Hz
[55755 ms] [UE 20945] UL: SNR = 63.50 dB | SE = 20.778 bit/s/Hz
[55773 ms] [UE 45898] UL: SNR = 63.50 dB | SE = 20.778 bit/s/Hz
[55773 ms] [UE 36997] UL: SNR = 63.50 dB | SE = 20.778 bit/s/Hz
[55773 ms] [UE 48787] UL: SNR = 63.50 dB | SE = 20.778 bit/s/Hz
[55773 ms] [UE 40252] UL: SNR = 56.00 dB | SE = 18.324 bit/s/Hz
[55773 ms] [UE 15599] UL: SNR = 52.50 dB | SE = 17.179 bit/s/Hz
[55855 ms] [UE 33952] UL: SNR = 6.50 dB | SE = 2.414 bit/s/Hz
[55855 ms] [UE 12169] UL: SNR = 63.50 dB | SE = 20.778 bit/s/Hz
[55855 ms] [UE 22873] UL: SNR = 63.50 dB | SE = 20.778 bit/s/Hz
[55855 ms] [UE 30556] UL: SNR = 53.50 dB | SE = 17.506 bit/s/Hz
[55855 ms] [UE 20945] UL: SNR = 63.50 dB | SE = 20.778 bit/s/Hz
[55873 ms] [UE 45898] UL: SNR = 63.50 dB | SE = 20.778 bit/s/Hz
[55873 ms] [UE 36997] UL: SNR = 63.50 dB | SE = 20.778 bit/s/Hz
[55873 ms] [UE 48787] UL: SNR = 63.50 dB | SE = 20.778 bit/s/Hz
[55873 ms] [UE 40252] UL: SNR = 56.00 dB | SE = 18.324 bit/s/Hz
[55873 ms] [UE 15599] UL: SNR = 52.50 dB | SE = 17.179 bit/s/Hz
[55955 ms] [UE 33952] UL: SNR = 6.50 dB | SE = 2.414 bit/s/Hz
[55955 ms] [UE 12169] UL: SNR = 63.50 dB | SE = 20.778 bit/s/Hz
[55955 ms] [UE 22873] UL: SNR = 63.50 dB | SE = 20.778 bit/s/Hz
[55955 ms] [UE 30556] UL: SNR = 53.50 dB | SE = 17.506 bit/s/Hz
[55955 ms] [UE 20945] UL: SNR = 63.50 dB | SE = 20.778 bit/s/Hz
[55974 ms] [UE 45898] UL: SNR = 63.50 dB | SE = 20.778 bit/s/Hz
[55974 ms] [UE 36997] UL: SNR = 63.50 dB | SE = 20.778 bit/s/Hz
[55974 ms] [UE 48787] UL: SNR = 63.50 dB | SE = 20.778 bit/s/Hz
[55974 ms] [UE 40252] UL: SNR = 56.00 dB | SE = 18.324 bit/s/Hz
[55974 ms] [UE 15599] UL: SNR = 52.50 dB | SE = 17.179 bit/s/Hz
[56056 ms] [UE 33952] UL: SNR = 6.50 dB | SE = 2.414 bit/s/Hz
[56056 ms] [UE 12169] UL: SNR = 63.50 dB | SE = 20.778 bit/s/Hz
[56056 ms] [UE 22873] UL: SNR = 63.50 dB | SE = 20.778 bit/s/Hz
[56056 ms] [UE 30556] UL: SNR = 53.50 dB | SE = 17.506 bit/s/Hz
[56056 ms] [UE 20945] UL: SNR = 63.50 dB | SE = 20.778 bit/s/Hz
[56083 ms] [UE 45898] UL: SNR = 63.50 dB | SE = 20.778 bit/s/Hz
[56083 ms] [UE 36997] UL: SNR = 63.50 dB | SE = 20.778 bit/s/Hz
[56083 ms] [UE 48787] UL: SNR = 63.50 dB | SE = 20.778 bit/s/Hz
[56083 ms] [UE 40252] UL: SNR = 56.00 dB | SE = 18.324 bit/s/Hz
[56083 ms] [UE 15599] UL: SNR = 52.50 dB | SE = 17.179 bit/s/Hz
[56165 ms] [UE 33952] UL: SNR = 6.50 dB | SE = 2.414 bit/s/Hz
[56165 ms] [UE 12169] UL: SNR = 63.50 dB | SE = 20.778 bit/s/Hz
[56165 ms] [UE 22873] UL: SNR = 63.50 dB | SE = 20.778 bit/s/Hz
[56165 ms] [UE 30556] UL: SNR = 63.50 dB | SE = 20.778 bit/s/Hz
[56165 ms] [UE 20945] UL: SNR = 63.50 dB | SE = 20.778 bit/s/Hz
[56193 ms] [UE 45898] UL: SNR = 63.50 dB | SE = 20.778 bit/s/Hz
[56193 ms] [UE 36997] UL: SNR = 63.50 dB | SE = 20.778 bit/s/Hz
[56193 ms] [UE 48787] UL: SNR = 63.50 dB | SE = 20.778 bit/s/Hz
[56193 ms] [UE 40252] UL: SNR = 56.00 dB | SE = 18.324 bit/s/Hz
[56193 ms] [UE 15599] UL: SNR = 52.50 dB | SE = 17.179 bit/s/Hz
[56275 ms] [UE 33952] UL: SNR = 6.50 dB | SE = 2.414 bit/s/Hz
[56275 ms] [UE 12169] UL: SNR = 63.50 dB | SE = 20.778 bit/s/Hz
[56275 ms] [UE 22873] UL: SNR = 63.50 dB | SE = 20.778 bit/s/Hz
[56275 ms] [UE 30556] UL: SNR = 63.50 dB | SE = 20.778 bit/s/Hz
[56275 ms] [UE 20945] UL: SNR = 63.50 dB | SE = 20.778 bit/s/Hz
[56293 ms] [UE 45898] UL: SNR = 63.50 dB | SE = 20.778 bit/s/Hz
[56293 ms] [UE 36997] UL: SNR = 63.50 dB | SE = 20.778 bit/s/Hz
[56293 ms] [UE 48787] UL: SNR = 63.50 dB | SE = 20.778 bit/s/Hz
[56293 ms] [UE 40252] UL: SNR = 56.00 dB | SE = 18.324 bit/s/Hz
[56293 ms] [UE 15599] UL: SNR = 52.50 dB | SE = 17.179 bit/s/Hz
[56375 ms] [UE 33952] UL: SNR = 6.50 dB | SE = 2.414 bit/s/Hz
[56375 ms] [UE 12169] UL: SNR = 63.50 dB | SE = 20.778 bit/s/Hz
[56375 ms] [UE 22873] UL: SNR = 63.50 dB | SE = 20.778 bit/s/Hz
[56375 ms] [UE 30556] UL: SNR = 63.50 dB | SE = 20.778 bit/s/Hz
[56375 ms] [UE 20945] UL: SNR = 63.50 dB | SE = 20.778 bit/s/Hz
[56393 ms] [UE 45898] UL: SNR = 63.50 dB | SE = 20.778 bit/s/Hz
[56393 ms] [UE 36997] UL: SNR = 63.50 dB | SE = 20.778 bit/s/Hz
[56393 ms] [UE 48787] UL: SNR = 63.50 dB | SE = 20.778 bit/s/Hz
[56393 ms] [UE 40252] UL: SNR = 56.00 dB | SE = 18.324 bit/s/Hz
[56393 ms] [UE 15599] UL: SNR = 52.50 dB | SE = 17.179 bit/s/Hz
[56485 ms] [UE 33952] UL: SNR = 6.50 dB | SE = 2.414 bit/s/Hz
[56485 ms] [UE 12169] UL: SNR = 63.50 dB | SE = 20.778 bit/s/Hz
[56485 ms] [UE 22873] UL: SNR = 63.50 dB | SE = 20.778 bit/s/Hz
[56485 ms] [UE 30556] UL: SNR = 63.50 dB | SE = 20.778 bit/s/Hz
[56485 ms] [UE 20945] UL: SNR = 63.50 dB | SE = 20.778 bit/s/Hz
[56503 ms] [UE 45898] UL: SNR = 63.50 dB | SE = 20.778 bit/s/Hz
[56503 ms] [UE 36997] UL: SNR = 63.50 dB | SE = 20.778 bit/s/Hz
[56503 ms] [UE 48787] UL: SNR = 63.50 dB | SE = 20.778 bit/s/Hz
[56503 ms] [UE 40252] UL: SNR = 56.00 dB | SE = 18.324 bit/s/Hz
[56503 ms] [UE 15599] UL: SNR = 52.50 dB | SE = 17.179 bit/s/Hz
[56585 ms] [UE 33952] UL: SNR = 6.50 dB | SE = 2.414 bit/s/Hz
[56585 ms] [UE 12169] UL: SNR = 63.50 dB | SE = 20.778 bit/s/Hz
[56585 ms] [UE 22873] UL: SNR = 63.50 dB | SE = 20.778 bit/s/Hz
[56585 ms] [UE 30556] UL: SNR = 63.50 dB | SE = 20.778 bit/s/Hz
[56585 ms] [UE 20945] UL: SNR = 63.50 dB | SE = 20.778 bit/s/Hz
[56604 ms] [UE 45898] UL: SNR = 63.50 dB | SE = 20.778 bit/s/Hz
[56604 ms] [UE 36997] UL: SNR = 63.50 dB | SE = 20.778 bit/s/Hz
[56604 ms] [UE 48787] UL: SNR = 63.50 dB | SE = 20.778 bit/s/Hz
[56604 ms] [UE 40252] UL: SNR = 56.00 dB | SE = 18.324 bit/s/Hz
[56604 ms] [UE 15599] UL: SNR = 52.50 dB | SE = 17.179 bit/s/Hz
[56686 ms] [UE 33952] UL: SNR = 6.50 dB | SE = 2.414 bit/s/Hz
[56686 ms] [UE 12169] UL: SNR = 63.50 dB | SE = 20.778 bit/s/Hz
[56686 ms] [UE 22873] UL: SNR = 63.50 dB | SE = 20.778 bit/s/Hz
[56686 ms] [UE 30556] UL: SNR = 63.50 dB | SE = 20.778 bit/s/Hz
[56686 ms] [UE 20945] UL: SNR = 63.50 dB | SE = 20.778 bit/s/Hz
[56713 ms] [UE 45898] UL: SNR = 63.50 dB | SE = 20.778 bit/s/Hz
[56713 ms] [UE 36997] UL: SNR = 63.50 dB | SE = 20.778 bit/s/Hz
[56713 ms] [UE 48787] UL: SNR = 63.50 dB | SE = 20.778 bit/s/Hz
[56713 ms] [UE 40252] UL: SNR = 56.00 dB | SE = 18.324 bit/s/Hz
[56713 ms] [UE 15599] UL: SNR = 52.50 dB | SE = 17.179 bit/s/Hz
[56795 ms] [UE 33952] UL: SNR = 6.50 dB | SE = 2.414 bit/s/Hz
[56795 ms] [UE 12169] UL: SNR = 63.50 dB | SE = 20.778 bit/s/Hz
[56795 ms] [UE 22873] UL: SNR = 63.50 dB | SE = 20.778 bit/s/Hz
[56795 ms] [UE 30556] UL: SNR = 63.50 dB | SE = 20.778 bit/s/Hz
[56795 ms] [UE 20945] UL: SNR = 63.50 dB | SE = 20.778 bit/s/Hz
[56813 ms] [UE 45898] UL: SNR = 63.50 dB | SE = 20.778 bit/s/Hz
[56813 ms] [UE 36997] UL: SNR = 63.50 dB | SE = 20.778 bit/s/Hz
[56813 ms] [UE 48787] UL: SNR = 63.50 dB | SE = 20.778 bit/s/Hz
[56813 ms] [UE 40252] UL: SNR = 56.00 dB | SE = 18.324 bit/s/Hz
[56813 ms] [UE 15599] UL: SNR = 52.50 dB | SE = 17.179 bit/s/Hz
[56905 ms] [UE 33952] UL: SNR = 6.50 dB | SE = 2.414 bit/s/Hz
[56905 ms] [UE 12169] UL: SNR = 63.50 dB | SE = 20.778 bit/s/Hz
[56905 ms] [UE 22873] UL: SNR = 63.50 dB | SE = 20.778 bit/s/Hz
[56905 ms] [UE 30556] UL: SNR = 63.50 dB | SE = 20.778 bit/s/Hz
[56905 ms] [UE 20945] UL: SNR = 63.50 dB | SE = 20.778 bit/s/Hz
[56923 ms] [UE 45898] UL: SNR = 63.50 dB | SE = 20.778 bit/s/Hz
[56923 ms] [UE 36997] UL: SNR = 63.50 dB | SE = 20.778 bit/s/Hz
[56923 ms] [UE 48787] UL: SNR = 63.50 dB | SE = 20.778 bit/s/Hz
[56923 ms] [UE 40252] UL: SNR = 56.00 dB | SE = 18.324 bit/s/Hz
[56923 ms] [UE 15599] UL: SNR = 52.50 dB | SE = 17.179 bit/s/Hz
[57005 ms] [UE 33952] UL: SNR = 6.50 dB | SE = 2.414 bit/s/Hz
[57005 ms] [UE 12169] UL: SNR = 63.50 dB | SE = 20.778 bit/s/Hz
[57005 ms] [UE 22873] UL: SNR = 63.50 dB | SE = 20.778 bit/s/Hz
[57005 ms] [UE 30556] UL: SNR = 63.50 dB | SE = 20.778 bit/s/Hz
[57005 ms] [UE 20945] UL: SNR = 63.50 dB | SE = 20.778 bit/s/Hz
[57023 ms] [UE 45898] UL: SNR = 63.50 dB | SE = 20.778 bit/s/Hz
[57023 ms] [UE 36997] UL: SNR = 63.50 dB | SE = 20.778 bit/s/Hz
[57023 ms] [UE 48787] UL: SNR = 63.50 dB | SE = 20.778 bit/s/Hz
[57023 ms] [UE 40252] UL: SNR = 56.00 dB | SE = 18.324 bit/s/Hz
[57023 ms] [UE 15599] UL: SNR = 52.50 dB | SE = 17.179 bit/s/Hz
[57108 ms] [UE 33952] UL: SNR = 6.50 dB | SE = 2.414 bit/s/Hz
[57108 ms] [UE 12169] UL: SNR = 63.50 dB | SE = 20.778 bit/s/Hz
[57108 ms] [UE 22873] UL: SNR = 63.50 dB | SE = 20.778 bit/s/Hz
[57108 ms] [UE 30556] UL: SNR = 63.50 dB | SE = 20.778 bit/s/Hz
[57108 ms] [UE 20945] UL: SNR = 63.50 dB | SE = 20.778 bit/s/Hz
[57124 ms] [UE 45898] UL: SNR = 63.50 dB | SE = 20.778 bit/s/Hz
[57124 ms] [UE 36997] UL: SNR = 63.50 dB | SE = 20.778 bit/s/Hz
[57124 ms] [UE 48787] UL: SNR = 63.50 dB | SE = 20.778 bit/s/Hz
[57124 ms] [UE 40252] UL: SNR = 56.00 dB | SE = 18.324 bit/s/Hz
[57124 ms] [UE 15599] UL: SNR = 52.50 dB | SE = 17.179 bit/s/Hz
[57215 ms] [UE 33952] UL: SNR = 6.50 dB | SE = 2.414 bit/s/Hz
[57215 ms] [UE 12169] UL: SNR = 63.50 dB | SE = 20.778 bit/s/Hz
[57215 ms] [UE 22873] UL: SNR = 63.50 dB | SE = 20.778 bit/s/Hz
[57215 ms] [UE 30556] UL: SNR = 63.50 dB | SE = 20.778 bit/s/Hz
[57215 ms] [UE 20945] UL: SNR = 63.50 dB | SE = 20.778 bit/s/Hz
[57233 ms] [UE 45898] UL: SNR = 63.50 dB | SE = 20.778 bit/s/Hz
[57233 ms] [UE 36997] UL: SNR = 63.50 dB | SE = 20.778 bit/s/Hz
[57233 ms] [UE 48787] UL: SNR = 63.50 dB | SE = 20.778 bit/s/Hz
[57233 ms] [UE 40252] UL: SNR = 56.00 dB | SE = 18.324 bit/s/Hz
[57233 ms] [UE 15599] UL: SNR = 52.50 dB | SE = 17.179 bit/s/Hz
[57316 ms] [UE 33952] UL: SNR = 6.50 dB | SE = 2.414 bit/s/Hz
[57316 ms] [UE 12169] UL: SNR = 63.50 dB | SE = 20.778 bit/s/Hz
[57316 ms] [UE 22873] UL: SNR = 63.50 dB | SE = 20.778 bit/s/Hz
[57316 ms] [UE 30556] UL: SNR = 63.50 dB | SE = 20.778 bit/s/Hz
[57316 ms] [UE 20945] UL: SNR = 63.50 dB | SE = 20.778 bit/s/Hz
[57343 ms] [UE 45898] UL: SNR = 63.50 dB | SE = 20.778 bit/s/Hz
[57343 ms] [UE 36997] UL: SNR = 63.50 dB | SE = 20.778 bit/s/Hz
[57343 ms] [UE 48787] UL: SNR = 63.50 dB | SE = 20.778 bit/s/Hz
[57343 ms] [UE 40252] UL: SNR = 56.00 dB | SE = 18.324 bit/s/Hz
[57343 ms] [UE 15599] UL: SNR = 52.50 dB | SE = 17.179 bit/s/Hz
[57425 ms] [UE 33952] UL: SNR = 6.50 dB | SE = 2.414 bit/s/Hz
[57425 ms] [UE 12169] UL: SNR = 63.50 dB | SE = 20.778 bit/s/Hz
[57425 ms] [UE 22873] UL: SNR = 63.50 dB | SE = 20.778 bit/s/Hz
[57425 ms] [UE 30556] UL: SNR = 63.50 dB | SE = 20.778 bit/s/Hz
[57425 ms] [UE 20945] UL: SNR = 63.50 dB | SE = 20.778 bit/s/Hz
[57453 ms] [UE 45898] UL: SNR = 63.50 dB | SE = 20.778 bit/s/Hz
[57453 ms] [UE 36997] UL: SNR = 63.50 dB | SE = 20.778 bit/s/Hz
[57453 ms] [UE 48787] UL: SNR = 63.50 dB | SE = 20.778 bit/s/Hz
[57453 ms] [UE 40252] UL: SNR = 56.00 dB | SE = 18.324 bit/s/Hz
[57453 ms] [UE 15599] UL: SNR = 52.50 dB | SE = 17.179 bit/s/Hz
[57526 ms] [UE 33952] UL: SNR = 6.50 dB | SE = 2.414 bit/s/Hz
[57526 ms] [UE 12169] UL: SNR = 63.50 dB | SE = 20.778 bit/s/Hz
[57526 ms] [UE 22873] UL: SNR = 63.50 dB | SE = 20.778 bit/s/Hz
[57526 ms] [UE 30556] UL: SNR = 63.50 dB | SE = 20.778 bit/s/Hz
[57526 ms] [UE 20945] UL: SNR = 63.50 dB | SE = 20.778 bit/s/Hz
[57553 ms] [UE 45898] UL: SNR = 63.50 dB | SE = 20.778 bit/s/Hz
[57553 ms] [UE 36997] UL: SNR = 63.50 dB | SE = 20.778 bit/s/Hz
[57553 ms] [UE 48787] UL: SNR = 63.50 dB | SE = 20.778 bit/s/Hz
[57553 ms] [UE 40252] UL: SNR = 56.00 dB | SE = 18.324 bit/s/Hz
[57553 ms] [UE 15599] UL: SNR = 52.50 dB | SE = 17.179 bit/s/Hz
[57635 ms] [UE 33952] UL: SNR = 6.50 dB | SE = 2.414 bit/s/Hz
[57635 ms] [UE 12169] UL: SNR = 63.50 dB | SE = 20.778 bit/s/Hz
[57635 ms] [UE 22873] UL: SNR = 63.50 dB | SE = 20.778 bit/s/Hz
[57635 ms] [UE 30556] UL: SNR = 63.50 dB | SE = 20.778 bit/s/Hz
[57635 ms] [UE 20945] UL: SNR = 63.50 dB | SE = 20.778 bit/s/Hz
[57653 ms] [UE 45898] UL: SNR = 63.50 dB | SE = 20.778 bit/s/Hz
[57653 ms] [UE 36997] UL: SNR = 63.50 dB | SE = 20.778 bit/s/Hz
[57653 ms] [UE 48787] UL: SNR = 63.50 dB | SE = 20.778 bit/s/Hz
[57653 ms] [UE 40252] UL: SNR = 56.00 dB | SE = 18.324 bit/s/Hz
[57653 ms] [UE 15599] UL: SNR = 52.50 dB | SE = 17.179 bit/s/Hz
[57735 ms] [UE 33952] UL: SNR = 6.50 dB | SE = 2.414 bit/s/Hz
[57735 ms] [UE 12169] UL: SNR = 63.50 dB | SE = 20.778 bit/s/Hz
[57735 ms] [UE 22873] UL: SNR = 63.50 dB | SE = 20.778 bit/s/Hz
[57735 ms] [UE 30556] UL: SNR = 63.50 dB | SE = 20.778 bit/s/Hz
[57735 ms] [UE 20945] UL: SNR = 63.50 dB | SE = 20.778 bit/s/Hz
[57763 ms] [UE 45898] UL: SNR = 63.50 dB | SE = 20.778 bit/s/Hz
[57763 ms] [UE 36997] UL: SNR = 63.50 dB | SE = 20.778 bit/s/Hz
[57763 ms] [UE 48787] UL: SNR = 63.50 dB | SE = 20.778 bit/s/Hz
[57763 ms] [UE 40252] UL: SNR = 56.00 dB | SE = 18.324 bit/s/Hz
[57763 ms] [UE 15599] UL: SNR = 52.50 dB | SE = 17.179 bit/s/Hz
[57835 ms] [UE 33952] UL: SNR = 6.50 dB | SE = 2.414 bit/s/Hz
[57835 ms] [UE 12169] UL: SNR = 63.50 dB | SE = 20.778 bit/s/Hz
[57835 ms] [UE 22873] UL: SNR = 63.50 dB | SE = 20.778 bit/s/Hz
[57835 ms] [UE 30556] UL: SNR = 63.50 dB | SE = 20.778 bit/s/Hz
[57835 ms] [UE 20945] UL: SNR = 63.50 dB | SE = 20.778 bit/s/Hz
[57874 ms] [UE 45898] UL: SNR = 63.50 dB | SE = 20.778 bit/s/Hz
[57874 ms] [UE 36997] UL: SNR = 63.50 dB | SE = 20.778 bit/s/Hz
[57874 ms] [UE 48787] UL: SNR = 63.50 dB | SE = 20.778 bit/s/Hz
[57874 ms] [UE 40252] UL: SNR = 56.00 dB | SE = 18.324 bit/s/Hz
[57874 ms] [UE 15599] UL: SNR = 52.50 dB | SE = 17.179 bit/s/Hz
[57945 ms] [UE 33952] UL: SNR = 6.50 dB | SE = 2.414 bit/s/Hz
[57945 ms] [UE 12169] UL: SNR = 63.50 dB | SE = 20.778 bit/s/Hz
[57945 ms] [UE 22873] UL: SNR = 63.50 dB | SE = 20.778 bit/s/Hz
[57945 ms] [UE 30556] UL: SNR = 63.50 dB | SE = 20.778 bit/s/Hz
[57945 ms] [UE 20945] UL: SNR = 63.50 dB | SE = 20.778 bit/s/Hz
[57984 ms] [UE 45898] UL: SNR = 63.50 dB | SE = 20.778 bit/s/Hz
[57984 ms] [UE 36997] UL: SNR = 63.50 dB | SE = 20.778 bit/s/Hz
[57984 ms] [UE 48787] UL: SNR = 63.50 dB | SE = 20.778 bit/s/Hz
[57984 ms] [UE 40252] UL: SNR = 56.00 dB | SE = 18.324 bit/s/Hz
[57984 ms] [UE 15599] UL: SNR = 52.50 dB | SE = 17.179 bit/s/Hz
[58046 ms] [UE 33952] UL: SNR = 6.50 dB | SE = 2.414 bit/s/Hz
[58046 ms] [UE 12169] UL: SNR = 63.50 dB | SE = 20.778 bit/s/Hz
[58046 ms] [UE 22873] UL: SNR = 63.50 dB | SE = 20.778 bit/s/Hz
[58046 ms] [UE 30556] UL: SNR = 63.50 dB | SE = 20.778 bit/s/Hz
[58046 ms] [UE 20945] UL: SNR = 63.50 dB | SE = 20.778 bit/s/Hz
[58093 ms] [UE 45898] UL: SNR = 63.50 dB | SE = 20.778 bit/s/Hz
[58093 ms] [UE 36997] UL: SNR = 63.50 dB | SE = 20.778 bit/s/Hz
[58093 ms] [UE 48787] UL: SNR = 63.50 dB | SE = 20.778 bit/s/Hz
[58093 ms] [UE 40252] UL: SNR = 56.00 dB | SE = 18.324 bit/s/Hz
[58093 ms] [UE 15599] UL: SNR = 52.50 dB | SE = 17.179 bit/s/Hz
[58156 ms] [UE 33952] UL: SNR = 6.50 dB | SE = 2.414 bit/s/Hz
[58156 ms] [UE 12169] UL: SNR = 63.50 dB | SE = 20.778 bit/s/Hz
[58156 ms] [UE 22873] UL: SNR = 63.50 dB | SE = 20.778 bit/s/Hz
[58156 ms] [UE 30556] UL: SNR = 63.50 dB | SE = 20.778 bit/s/Hz
[58156 ms] [UE 20945] UL: SNR = 63.50 dB | SE = 20.778 bit/s/Hz
[58203 ms] [UE 45898] UL: SNR = 63.50 dB | SE = 20.778 bit/s/Hz
[58203 ms] [UE 36997] UL: SNR = 63.50 dB | SE = 20.778 bit/s/Hz
[58203 ms] [UE 48787] UL: SNR = 63.50 dB | SE = 20.778 bit/s/Hz
[58203 ms] [UE 40252] UL: SNR = 56.00 dB | SE = 18.324 bit/s/Hz
[58203 ms] [UE 15599] UL: SNR = 52.50 dB | SE = 17.179 bit/s/Hz
[58265 ms] [UE 33952] UL: SNR = 6.50 dB | SE = 2.414 bit/s/Hz
[58265 ms] [UE 12169] UL: SNR = 63.50 dB | SE = 20.778 bit/s/Hz
[58265 ms] [UE 22873] UL: SNR = 63.50 dB | SE = 20.778 bit/s/Hz
[58265 ms] [UE 30556] UL: SNR = 63.50 dB | SE = 20.778 bit/s/Hz
[58265 ms] [UE 20945] UL: SNR = 63.50 dB | SE = 20.778 bit/s/Hz
[58303 ms] [UE 45898] UL: SNR = 63.50 dB | SE = 20.778 bit/s/Hz
[58303 ms] [UE 36997] UL: SNR = 63.50 dB | SE = 20.778 bit/s/Hz
[58303 ms] [UE 48787] UL: SNR = 63.50 dB | SE = 20.778 bit/s/Hz
[58303 ms] [UE 40252] UL: SNR = 56.00 dB | SE = 18.324 bit/s/Hz
[58303 ms] [UE 15599] UL: SNR = 52.50 dB | SE = 17.179 bit/s/Hz
[58365 ms] [UE 33952] UL: SNR = 6.50 dB | SE = 2.414 bit/s/Hz
[58365 ms] [UE 12169] UL: SNR = 63.50 dB | SE = 20.778 bit/s/Hz
[58365 ms] [UE 22873] UL: SNR = 63.50 dB | SE = 20.778 bit/s/Hz
[58365 ms] [UE 30556] UL: SNR = 63.50 dB | SE = 20.778 bit/s/Hz
[58365 ms] [UE 20945] UL: SNR = 63.50 dB | SE = 20.778 bit/s/Hz
[58414 ms] [UE 45898] UL: SNR = 63.50 dB | SE = 20.778 bit/s/Hz
[58414 ms] [UE 36997] UL: SNR = 63.50 dB | SE = 20.778 bit/s/Hz
[58414 ms] [UE 48787] UL: SNR = 63.50 dB | SE = 20.778 bit/s/Hz
[58414 ms] [UE 40252] UL: SNR = 56.00 dB | SE = 18.324 bit/s/Hz
[58414 ms] [UE 15599] UL: SNR = 52.50 dB | SE = 17.179 bit/s/Hz
[58475 ms] [UE 33952] UL: SNR = 6.50 dB | SE = 2.414 bit/s/Hz
[58475 ms] [UE 12169] UL: SNR = 63.50 dB | SE = 20.778 bit/s/Hz
[58475 ms] [UE 22873] UL: SNR = 63.50 dB | SE = 20.778 bit/s/Hz
[58475 ms] [UE 30556] UL: SNR = 63.50 dB | SE = 20.778 bit/s/Hz
[58475 ms] [UE 20945] UL: SNR = 63.50 dB | SE = 20.778 bit/s/Hz
[58523 ms] [UE 45898] UL: SNR = 63.50 dB | SE = 20.778 bit/s/Hz
[58523 ms] [UE 36997] UL: SNR = 63.50 dB | SE = 20.778 bit/s/Hz
[58523 ms] [UE 48787] UL: SNR = 63.50 dB | SE = 20.778 bit/s/Hz
[58523 ms] [UE 40252] UL: SNR = 56.00 dB | SE = 18.324 bit/s/Hz
[58523 ms] [UE 15599] UL: SNR = 52.50 dB | SE = 17.179 bit/s/Hz
[58576 ms] [UE 33952] UL: SNR = 6.50 dB | SE = 2.414 bit/s/Hz
[58576 ms] [UE 12169] UL: SNR = 63.50 dB | SE = 20.778 bit/s/Hz
[58576 ms] [UE 22873] UL: SNR = 63.50 dB | SE = 20.778 bit/s/Hz
[58576 ms] [UE 30556] UL: SNR = 63.50 dB | SE = 20.778 bit/s/Hz
[58576 ms] [UE 20945] UL: SNR = 63.50 dB | SE = 20.778 bit/s/Hz
[58623 ms] [UE 45898] UL: SNR = 63.50 dB | SE = 20.778 bit/s/Hz
[58623 ms] [UE 36997] UL: SNR = 63.50 dB | SE = 20.778 bit/s/Hz
[58623 ms] [UE 48787] UL: SNR = 63.50 dB | SE = 20.778 bit/s/Hz
[58623 ms] [UE 40252] UL: SNR = 56.00 dB | SE = 18.324 bit/s/Hz
[58623 ms] [UE 15599] UL: SNR = 52.50 dB | SE = 17.179 bit/s/Hz
[58686 ms] [UE 33952] UL: SNR = 6.50 dB | SE = 2.414 bit/s/Hz
[58686 ms] [UE 12169] UL: SNR = 63.50 dB | SE = 20.778 bit/s/Hz
[58686 ms] [UE 22873] UL: SNR = 63.50 dB | SE = 20.778 bit/s/Hz
[58686 ms] [UE 30556] UL: SNR = 63.50 dB | SE = 20.778 bit/s/Hz
[58686 ms] [UE 20945] UL: SNR = 63.50 dB | SE = 20.778 bit/s/Hz
[58733 ms] [UE 45898] UL: SNR = 63.50 dB | SE = 20.778 bit/s/Hz
[58733 ms] [UE 36997] UL: SNR = 63.50 dB | SE = 20.778 bit/s/Hz
[58733 ms] [UE 48787] UL: SNR = 63.50 dB | SE = 20.778 bit/s/Hz
[58733 ms] [UE 40252] UL: SNR = 56.00 dB | SE = 18.324 bit/s/Hz
[58733 ms] [UE 15599] UL: SNR = 52.50 dB | SE = 17.179 bit/s/Hz
[58795 ms] [UE 33952] UL: SNR = 6.50 dB | SE = 2.414 bit/s/Hz
[58795 ms] [UE 12169] UL: SNR = 63.50 dB | SE = 20.778 bit/s/Hz
[58795 ms] [UE 22873] UL: SNR = 63.50 dB | SE = 20.778 bit/s/Hz
[58795 ms] [UE 30556] UL: SNR = 63.50 dB | SE = 20.778 bit/s/Hz
[58795 ms] [UE 20945] UL: SNR = 63.50 dB | SE = 20.778 bit/s/Hz
[58833 ms] [UE 45898] UL: SNR = 63.50 dB | SE = 20.778 bit/s/Hz
[58833 ms] [UE 36997] UL: SNR = 63.50 dB | SE = 20.778 bit/s/Hz
[58833 ms] [UE 48787] UL: SNR = 63.50 dB | SE = 20.778 bit/s/Hz
[58833 ms] [UE 40252] UL: SNR = 56.00 dB | SE = 18.324 bit/s/Hz
[58833 ms] [UE 15599] UL: SNR = 52.50 dB | SE = 17.179 bit/s/Hz
[58895 ms] [UE 33952] UL: SNR = 6.50 dB | SE = 2.414 bit/s/Hz
[58895 ms] [UE 12169] UL: SNR = 63.50 dB | SE = 20.778 bit/s/Hz
[58895 ms] [UE 22873] UL: SNR = 63.50 dB | SE = 20.778 bit/s/Hz
[58895 ms] [UE 30556] UL: SNR = 63.50 dB | SE = 20.778 bit/s/Hz
[58895 ms] [UE 20945] UL: SNR = 63.50 dB | SE = 20.778 bit/s/Hz
[58934 ms] [UE 45898] UL: SNR = 63.50 dB | SE = 20.778 bit/s/Hz
[58934 ms] [UE 36997] UL: SNR = 63.50 dB | SE = 20.778 bit/s/Hz
[58934 ms] [UE 48787] UL: SNR = 63.50 dB | SE = 20.778 bit/s/Hz
[58934 ms] [UE 40252] UL: SNR = 56.00 dB | SE = 18.324 bit/s/Hz
[58934 ms] [UE 15599] UL: SNR = 52.50 dB | SE = 17.179 bit/s/Hz
[59005 ms] [UE 33952] UL: SNR = 6.50 dB | SE = 2.414 bit/s/Hz
[59005 ms] [UE 12169] UL: SNR = 63.50 dB | SE = 20.778 bit/s/Hz
[59005 ms] [UE 22873] UL: SNR = 63.50 dB | SE = 20.778 bit/s/Hz
[59005 ms] [UE 30556] UL: SNR = 63.50 dB | SE = 20.778 bit/s/Hz
[59005 ms] [UE 20945] UL: SNR = 63.50 dB | SE = 20.778 bit/s/Hz
[59043 ms] [UE 45898] UL: SNR = 63.50 dB | SE = 20.778 bit/s/Hz
[59043 ms] [UE 36997] UL: SNR = 63.50 dB | SE = 20.778 bit/s/Hz
[59043 ms] [UE 48787] UL: SNR = 63.50 dB | SE = 20.778 bit/s/Hz
[59043 ms] [UE 40252] UL: SNR = 56.00 dB | SE = 18.324 bit/s/Hz
[59043 ms] [UE 15599] UL: SNR = 52.50 dB | SE = 17.179 bit/s/Hz
[59117 ms] [UE 33952] UL: SNR = 6.50 dB | SE = 2.414 bit/s/Hz
[59117 ms] [UE 12169] UL: SNR = 63.50 dB | SE = 20.778 bit/s/Hz
[59117 ms] [UE 22873] UL: SNR = 63.50 dB | SE = 20.778 bit/s/Hz
[59117 ms] [UE 30556] UL: SNR = 63.50 dB | SE = 20.778 bit/s/Hz
[59117 ms] [UE 20945] UL: SNR = 63.50 dB | SE = 20.778 bit/s/Hz
[59144 ms] [UE 45898] UL: SNR = 63.50 dB | SE = 20.778 bit/s/Hz
[59144 ms] [UE 36997] UL: SNR = 63.50 dB | SE = 20.778 bit/s/Hz
[59144 ms] [UE 48787] UL: SNR = 63.50 dB | SE = 20.778 bit/s/Hz
[59144 ms] [UE 40252] UL: SNR = 56.00 dB | SE = 18.324 bit/s/Hz
[59144 ms] [UE 15599] UL: SNR = 52.50 dB | SE = 17.179 bit/s/Hz
[59225 ms] [UE 33952] UL: SNR = 6.50 dB | SE = 2.414 bit/s/Hz
[59225 ms] [UE 12169] UL: SNR = 63.50 dB | SE = 20.778 bit/s/Hz
[59225 ms] [UE 22873] UL: SNR = 63.50 dB | SE = 20.778 bit/s/Hz
[59225 ms] [UE 30556] UL: SNR = 63.50 dB | SE = 20.778 bit/s/Hz
[59225 ms] [UE 20945] UL: SNR = 63.50 dB | SE = 20.778 bit/s/Hz
[59244 ms] [UE 45898] UL: SNR = 63.50 dB | SE = 20.778 bit/s/Hz
[59244 ms] [UE 36997] UL: SNR = 63.50 dB | SE = 20.778 bit/s/Hz
[59244 ms] [UE 48787] UL: SNR = 63.50 dB | SE = 20.778 bit/s/Hz
[59244 ms] [UE 40252] UL: SNR = 56.00 dB | SE = 18.324 bit/s/Hz
[59244 ms] [UE 15599] UL: SNR = 52.50 dB | SE = 17.179 bit/s/Hz
[59325 ms] [UE 33952] UL: SNR = 6.50 dB | SE = 2.414 bit/s/Hz
[59325 ms] [UE 12169] UL: SNR = 63.50 dB | SE = 20.778 bit/s/Hz
[59325 ms] [UE 22873] UL: SNR = 63.50 dB | SE = 20.778 bit/s/Hz
[59325 ms] [UE 30556] UL: SNR = 53.50 dB | SE = 17.506 bit/s/Hz
[59325 ms] [UE 20945] UL: SNR = 52.50 dB | SE = 17.179 bit/s/Hz
[59353 ms] [UE 45898] UL: SNR = 63.50 dB | SE = 20.778 bit/s/Hz
[59353 ms] [UE 36997] UL: SNR = 63.50 dB | SE = 20.778 bit/s/Hz
[59353 ms] [UE 48787] UL: SNR = 63.50 dB | SE = 20.778 bit/s/Hz
[59353 ms] [UE 40252] UL: SNR = 56.00 dB | SE = 18.324 bit/s/Hz
[59353 ms] [UE 15599] UL: SNR = 52.50 dB | SE = 17.179 bit/s/Hz
[59425 ms] [UE 33952] UL: SNR = 6.50 dB | SE = 2.414 bit/s/Hz
[59425 ms] [UE 12169] UL: SNR = 63.50 dB | SE = 20.778 bit/s/Hz
[59425 ms] [UE 22873] UL: SNR = 63.50 dB | SE = 20.778 bit/s/Hz
[59425 ms] [UE 30556] UL: SNR = 53.50 dB | SE = 17.506 bit/s/Hz
[59425 ms] [UE 20945] UL: SNR = 52.50 dB | SE = 17.179 bit/s/Hz
[59463 ms] [UE 45898] UL: SNR = 63.50 dB | SE = 20.778 bit/s/Hz
[59463 ms] [UE 36997] UL: SNR = 63.50 dB | SE = 20.778 bit/s/Hz
[59463 ms] [UE 48787] UL: SNR = 63.50 dB | SE = 20.778 bit/s/Hz
[59463 ms] [UE 40252] UL: SNR = 56.00 dB | SE = 18.324 bit/s/Hz
[59463 ms] [UE 15599] UL: SNR = 52.50 dB | SE = 17.179 bit/s/Hz
[59528 ms] [UE 33952] UL: SNR = 6.50 dB | SE = 2.414 bit/s/Hz
[59528 ms] [UE 12169] UL: SNR = 63.50 dB | SE = 20.778 bit/s/Hz
[59528 ms] [UE 22873] UL: SNR = 63.50 dB | SE = 20.778 bit/s/Hz
[59528 ms] [UE 30556] UL: SNR = 53.50 dB | SE = 17.506 bit/s/Hz
[59528 ms] [UE 20945] UL: SNR = 52.50 dB | SE = 17.179 bit/s/Hz
[59574 ms] [UE 45898] UL: SNR = 63.50 dB | SE = 20.778 bit/s/Hz
[59574 ms] [UE 36997] UL: SNR = 63.50 dB | SE = 20.778 bit/s/Hz
[59574 ms] [UE 48787] UL: SNR = 63.50 dB | SE = 20.778 bit/s/Hz
[59574 ms] [UE 40252] UL: SNR = 56.00 dB | SE = 18.324 bit/s/Hz
[59574 ms] [UE 15599] UL: SNR = 52.50 dB | SE = 17.179 bit/s/Hz
[59637 ms] [UE 33952] UL: SNR = 6.50 dB | SE = 2.414 bit/s/Hz
[59637 ms] [UE 12169] UL: SNR = 63.50 dB | SE = 20.778 bit/s/Hz
[59637 ms] [UE 22873] UL: SNR = 63.50 dB | SE = 20.778 bit/s/Hz
[59637 ms] [UE 30556] UL: SNR = 53.50 dB | SE = 17.506 bit/s/Hz
[59637 ms] [UE 20945] UL: SNR = 52.50 dB | SE = 17.179 bit/s/Hz
[59683 ms] [UE 45898] UL: SNR = 63.50 dB | SE = 20.778 bit/s/Hz
[59683 ms] [UE 36997] UL: SNR = 63.50 dB | SE = 20.778 bit/s/Hz
[59683 ms] [UE 48787] UL: SNR = 63.50 dB | SE = 20.778 bit/s/Hz
[59683 ms] [UE 40252] UL: SNR = 56.00 dB | SE = 18.324 bit/s/Hz
[59683 ms] [UE 15599] UL: SNR = 52.50 dB | SE = 17.179 bit/s/Hz
[59746 ms] [UE 33952] UL: SNR = 6.50 dB | SE = 2.414 bit/s/Hz
[59746 ms] [UE 12169] UL: SNR = 63.50 dB | SE = 20.778 bit/s/Hz
[59746 ms] [UE 22873] UL: SNR = 63.50 dB | SE = 20.778 bit/s/Hz
[59746 ms] [UE 30556] UL: SNR = 53.50 dB | SE = 17.506 bit/s/Hz
[59746 ms] [UE 20945] UL: SNR = 52.50 dB | SE = 17.179 bit/s/Hz
[59793 ms] [UE 45898] UL: SNR = 63.50 dB | SE = 20.778 bit/s/Hz
[59793 ms] [UE 36997] UL: SNR = 63.50 dB | SE = 20.778 bit/s/Hz
[59793 ms] [UE 48787] UL: SNR = 63.50 dB | SE = 20.778 bit/s/Hz
[59793 ms] [UE 40252] UL: SNR = 56.00 dB | SE = 18.324 bit/s/Hz
[59793 ms] [UE 15599] UL: SNR = 52.50 dB | SE = 17.179 bit/s/Hz
[59855 ms] [UE 33952] UL: SNR = 6.50 dB | SE = 2.414 bit/s/Hz
[59855 ms] [UE 12169] UL: SNR = 63.50 dB | SE = 20.778 bit/s/Hz
[59855 ms] [UE 22873] UL: SNR = 63.50 dB | SE = 20.778 bit/s/Hz
[59855 ms] [UE 30556] UL: SNR = 53.50 dB | SE = 17.506 bit/s/Hz
[59855 ms] [UE 20945] UL: SNR = 52.50 dB | SE = 17.179 bit/s/Hz
[59904 ms] [UE 45898] UL: SNR = 63.50 dB | SE = 20.778 bit/s/Hz
[59904 ms] [UE 36997] UL: SNR = 63.50 dB | SE = 20.778 bit/s/Hz
[59904 ms] [UE 48787] UL: SNR = 63.50 dB | SE = 20.778 bit/s/Hz
[59904 ms] [UE 40252] UL: SNR = 56.00 dB | SE = 18.324 bit/s/Hz
[59904 ms] [UE 15599] UL: SNR = 52.50 dB | SE = 17.179 bit/s/Hz
[59965 ms] [UE 33952] UL: SNR = 6.50 dB | SE = 2.414 bit/s/Hz
[59965 ms] [UE 12169] UL: SNR = 63.50 dB | SE = 20.778 bit/s/Hz
[59965 ms] [UE 22873] UL: SNR = 63.50 dB | SE = 20.778 bit/s/Hz
[59965 ms] [UE 30556] UL: SNR = 53.50 dB | SE = 17.506 bit/s/Hz
[59965 ms] [UE 20945] UL: SNR = 52.50 dB | SE = 17.179 bit/s/Hz
[60013 ms] [UE 45898] UL: SNR = 63.50 dB | SE = 20.778 bit/s/Hz
[60013 ms] [UE 36997] UL: SNR = 63.50 dB | SE = 20.778 bit/s/Hz
[60013 ms] [UE 48787] UL: SNR = 63.50 dB | SE = 20.778 bit/s/Hz
[60013 ms] [UE 40252] UL: SNR = 56.00 dB | SE = 18.324 bit/s/Hz
[60013 ms] [UE 15599] UL: SNR = 52.50 dB | SE = 17.179 bit/s/Hz
[60065 ms] [UE 33952] UL: SNR = 6.50 dB | SE = 2.414 bit/s/Hz
[60065 ms] [UE 12169] UL: SNR = 63.50 dB | SE = 20.778 bit/s/Hz
[60065 ms] [UE 22873] UL: SNR = 63.50 dB | SE = 20.778 bit/s/Hz
[60065 ms] [UE 30556] UL: SNR = 63.50 dB | SE = 20.778 bit/s/Hz
[60065 ms] [UE 20945] UL: SNR = 52.50 dB | SE = 17.179 bit/s/Hz
[60114 ms] [UE 45898] UL: SNR = 63.50 dB | SE = 20.778 bit/s/Hz
[60114 ms] [UE 36997] UL: SNR = 63.50 dB | SE = 20.778 bit/s/Hz
[60114 ms] [UE 48787] UL: SNR = 63.50 dB | SE = 20.778 bit/s/Hz
[60114 ms] [UE 40252] UL: SNR = 56.00 dB | SE = 18.324 bit/s/Hz
[60114 ms] [UE 15599] UL: SNR = 52.50 dB | SE = 17.179 bit/s/Hz
[60175 ms] [UE 33952] UL: SNR = 6.50 dB | SE = 2.414 bit/s/Hz
[60175 ms] [UE 12169] UL: SNR = 63.50 dB | SE = 20.778 bit/s/Hz
[60175 ms] [UE 22873] UL: SNR = 63.50 dB | SE = 20.778 bit/s/Hz
[60175 ms] [UE 30556] UL: SNR = 63.50 dB | SE = 20.778 bit/s/Hz
[60175 ms] [UE 20945] UL: SNR = 52.50 dB | SE = 17.179 bit/s/Hz
[60223 ms] [UE 45898] UL: SNR = 63.50 dB | SE = 20.778 bit/s/Hz
[60223 ms] [UE 36997] UL: SNR = 63.50 dB | SE = 20.778 bit/s/Hz
[60223 ms] [UE 48787] UL: SNR = 63.50 dB | SE = 20.778 bit/s/Hz
[60223 ms] [UE 40252] UL: SNR = 56.00 dB | SE = 18.324 bit/s/Hz
[60223 ms] [UE 15599] UL: SNR = 52.50 dB | SE = 17.179 bit/s/Hz
[60275 ms] [UE 33952] UL: SNR = 6.50 dB | SE = 2.414 bit/s/Hz
[60275 ms] [UE 12169] UL: SNR = 63.50 dB | SE = 20.778 bit/s/Hz
[60275 ms] [UE 22873] UL: SNR = 63.50 dB | SE = 20.778 bit/s/Hz
[60275 ms] [UE 30556] UL: SNR = 63.50 dB | SE = 20.778 bit/s/Hz
[60275 ms] [UE 20945] UL: SNR = 52.50 dB | SE = 17.179 bit/s/Hz
[60333 ms] [UE 45898] UL: SNR = 63.50 dB | SE = 20.778 bit/s/Hz
[60333 ms] [UE 36997] UL: SNR = 63.50 dB | SE = 20.778 bit/s/Hz
[60333 ms] [UE 48787] UL: SNR = 63.50 dB | SE = 20.778 bit/s/Hz
[60333 ms] [UE 40252] UL: SNR = 56.00 dB | SE = 18.324 bit/s/Hz
[60333 ms] [UE 15599] UL: SNR = 52.50 dB | SE = 17.179 bit/s/Hz
[60376 ms] [UE 33952] UL: SNR = 6.50 dB | SE = 2.414 bit/s/Hz
[60376 ms] [UE 12169] UL: SNR = 63.50 dB | SE = 20.778 bit/s/Hz
[60376 ms] [UE 22873] UL: SNR = 63.50 dB | SE = 20.778 bit/s/Hz
[60376 ms] [UE 30556] UL: SNR = 63.50 dB | SE = 20.778 bit/s/Hz
[60376 ms] [UE 20945] UL: SNR = 52.50 dB | SE = 17.179 bit/s/Hz
[60443 ms] [UE 45898] UL: SNR = 63.50 dB | SE = 20.778 bit/s/Hz
[60443 ms] [UE 36997] UL: SNR = 63.50 dB | SE = 20.778 bit/s/Hz
[60443 ms] [UE 48787] UL: SNR = 63.50 dB | SE = 20.778 bit/s/Hz
[60443 ms] [UE 40252] UL: SNR = 56.00 dB | SE = 18.324 bit/s/Hz
[60443 ms] [UE 15599] UL: SNR = 52.50 dB | SE = 17.179 bit/s/Hz
[60477 ms] [UE 33952] UL: SNR = 6.50 dB | SE = 2.414 bit/s/Hz
[60477 ms] [UE 12169] UL: SNR = 63.50 dB | SE = 20.778 bit/s/Hz
[60477 ms] [UE 22873] UL: SNR = 63.50 dB | SE = 20.778 bit/s/Hz
[60477 ms] [UE 30556] UL: SNR = 63.50 dB | SE = 20.778 bit/s/Hz
[60477 ms] [UE 20945] UL: SNR = 52.50 dB | SE = 17.179 bit/s/Hz
[60553 ms] [UE 45898] UL: SNR = 63.50 dB | SE = 20.778 bit/s/Hz
[60553 ms] [UE 36997] UL: SNR = 63.50 dB | SE = 20.778 bit/s/Hz
[60553 ms] [UE 48787] UL: SNR = 63.50 dB | SE = 20.778 bit/s/Hz
[60553 ms] [UE 40252] UL: SNR = 56.00 dB | SE = 18.324 bit/s/Hz
[60553 ms] [UE 15599] UL: SNR = 52.50 dB | SE = 17.179 bit/s/Hz
[60585 ms] [UE 33952] UL: SNR = 6.50 dB | SE = 2.414 bit/s/Hz
[60585 ms] [UE 12169] UL: SNR = 63.50 dB | SE = 20.778 bit/s/Hz
[60585 ms] [UE 22873] UL: SNR = 63.50 dB | SE = 20.778 bit/s/Hz
[60585 ms] [UE 30556] UL: SNR = 63.50 dB | SE = 20.778 bit/s/Hz
[60585 ms] [UE 20945] UL: SNR = 52.50 dB | SE = 17.179 bit/s/Hz
[60654 ms] [UE 45898] UL: SNR = 63.50 dB | SE = 20.778 bit/s/Hz
[60654 ms] [UE 36997] UL: SNR = 63.50 dB | SE = 20.778 bit/s/Hz
[60654 ms] [UE 48787] UL: SNR = 63.50 dB | SE = 20.778 bit/s/Hz
[60654 ms] [UE 40252] UL: SNR = 56.00 dB | SE = 18.324 bit/s/Hz
[60654 ms] [UE 15599] UL: SNR = 52.50 dB | SE = 17.179 bit/s/Hz
[60685 ms] [UE 33952] UL: SNR = 6.50 dB | SE = 2.414 bit/s/Hz
[60685 ms] [UE 12169] UL: SNR = 63.50 dB | SE = 20.778 bit/s/Hz
[60685 ms] [UE 22873] UL: SNR = 63.50 dB | SE = 20.778 bit/s/Hz
[60685 ms] [UE 30556] UL: SNR = 63.50 dB | SE = 20.778 bit/s/Hz
[60685 ms] [UE 20945] UL: SNR = 52.50 dB | SE = 17.179 bit/s/Hz
[60763 ms] [UE 45898] UL: SNR = 63.50 dB | SE = 20.778 bit/s/Hz
[60763 ms] [UE 36997] UL: SNR = 63.50 dB | SE = 20.778 bit/s/Hz
[60763 ms] [UE 48787] UL: SNR = 63.50 dB | SE = 20.778 bit/s/Hz
[60763 ms] [UE 40252] UL: SNR = 56.00 dB | SE = 18.324 bit/s/Hz
[60763 ms] [UE 15599] UL: SNR = 52.50 dB | SE = 17.179 bit/s/Hz
[60785 ms] [UE 33952] UL: SNR = 6.50 dB | SE = 2.414 bit/s/Hz
[60785 ms] [UE 12169] UL: SNR = 63.50 dB | SE = 20.778 bit/s/Hz
[60785 ms] [UE 22873] UL: SNR = 63.50 dB | SE = 20.778 bit/s/Hz
[60785 ms] [UE 30556] UL: SNR = 63.50 dB | SE = 20.778 bit/s/Hz
[60785 ms] [UE 20945] UL: SNR = 52.50 dB | SE = 17.179 bit/s/Hz
[60873 ms] [UE 45898] UL: SNR = 63.50 dB | SE = 20.778 bit/s/Hz
[60873 ms] [UE 36997] UL: SNR = 63.50 dB | SE = 20.778 bit/s/Hz
[60873 ms] [UE 48787] UL: SNR = 63.50 dB | SE = 20.778 bit/s/Hz
[60873 ms] [UE 40252] UL: SNR = 56.00 dB | SE = 18.324 bit/s/Hz
[60873 ms] [UE 15599] UL: SNR = 52.50 dB | SE = 17.179 bit/s/Hz
[60895 ms] [UE 33952] UL: SNR = 6.50 dB | SE = 2.414 bit/s/Hz
[60895 ms] [UE 12169] UL: SNR = 63.50 dB | SE = 20.778 bit/s/Hz
[60895 ms] [UE 22873] UL: SNR = 63.50 dB | SE = 20.778 bit/s/Hz
[60895 ms] [UE 30556] UL: SNR = 63.50 dB | SE = 20.778 bit/s/Hz
[60895 ms] [UE 20945] UL: SNR = 52.50 dB | SE = 17.179 bit/s/Hz
[60973 ms] [UE 45898] UL: SNR = 63.50 dB | SE = 20.778 bit/s/Hz
[60973 ms] [UE 36997] UL: SNR = 63.50 dB | SE = 20.778 bit/s/Hz
[60973 ms] [UE 48787] UL: SNR = 63.50 dB | SE = 20.778 bit/s/Hz
[60973 ms] [UE 40252] UL: SNR = 56.00 dB | SE = 18.324 bit/s/Hz
[60973 ms] [UE 15599] UL: SNR = 52.50 dB | SE = 17.179 bit/s/Hz
[60998 ms] [UE 33952] UL: SNR = 6.50 dB | SE = 2.414 bit/s/Hz
[60998 ms] [UE 12169] UL: SNR = 63.50 dB | SE = 20.778 bit/s/Hz
[60998 ms] [UE 22873] UL: SNR = 63.50 dB | SE = 20.778 bit/s/Hz
[60998 ms] [UE 30556] UL: SNR = 63.50 dB | SE = 20.778 bit/s/Hz
[60998 ms] [UE 20945] UL: SNR = 52.50 dB | SE = 17.179 bit/s/Hz
[61083 ms] [UE 45898] UL: SNR = 63.50 dB | SE = 20.778 bit/s/Hz
[61083 ms] [UE 36997] UL: SNR = 63.50 dB | SE = 20.778 bit/s/Hz
[61083 ms] [UE 48787] UL: SNR = 63.50 dB | SE = 20.778 bit/s/Hz
[61083 ms] [UE 40252] UL: SNR = 56.00 dB | SE = 18.324 bit/s/Hz
[61083 ms] [UE 15599] UL: SNR = 52.50 dB | SE = 17.179 bit/s/Hz
[61105 ms] [UE 33952] UL: SNR = 6.50 dB | SE = 2.414 bit/s/Hz
[61105 ms] [UE 12169] UL: SNR = 63.50 dB | SE = 20.778 bit/s/Hz
[61105 ms] [UE 22873] UL: SNR = 63.50 dB | SE = 20.778 bit/s/Hz
[61105 ms] [UE 30556] UL: SNR = 63.50 dB | SE = 20.778 bit/s/Hz
[61105 ms] [UE 20945] UL: SNR = 52.50 dB | SE = 17.179 bit/s/Hz
[61193 ms] [UE 45898] UL: SNR = 63.50 dB | SE = 20.778 bit/s/Hz
[61193 ms] [UE 36997] UL: SNR = 63.50 dB | SE = 20.778 bit/s/Hz
[61193 ms] [UE 48787] UL: SNR = 63.50 dB | SE = 20.778 bit/s/Hz
[61193 ms] [UE 40252] UL: SNR = 56.00 dB | SE = 18.324 bit/s/Hz
[61193 ms] [UE 15599] UL: SNR = 52.50 dB | SE = 17.179 bit/s/Hz
[61206 ms] [UE 33952] UL: SNR = 6.50 dB | SE = 2.414 bit/s/Hz
[61206 ms] [UE 12169] UL: SNR = 63.50 dB | SE = 20.778 bit/s/Hz
[61206 ms] [UE 22873] UL: SNR = 63.50 dB | SE = 20.778 bit/s/Hz
[61206 ms] [UE 30556] UL: SNR = 63.50 dB | SE = 20.778 bit/s/Hz
[61206 ms] [UE 20945] UL: SNR = 52.50 dB | SE = 17.179 bit/s/Hz
[61293 ms] [UE 45898] UL: SNR = 63.50 dB | SE = 20.778 bit/s/Hz
[61293 ms] [UE 36997] UL: SNR = 63.50 dB | SE = 20.778 bit/s/Hz
[61293 ms] [UE 48787] UL: SNR = 63.50 dB | SE = 20.778 bit/s/Hz
[61293 ms] [UE 40252] UL: SNR = 56.00 dB | SE = 18.324 bit/s/Hz
[61293 ms] [UE 15599] UL: SNR = 52.50 dB | SE = 17.179 bit/s/Hz
[61315 ms] [UE 33952] UL: SNR = 6.50 dB | SE = 2.414 bit/s/Hz
[61315 ms] [UE 12169] UL: SNR = 63.50 dB | SE = 20.778 bit/s/Hz
[61315 ms] [UE 22873] UL: SNR = 63.50 dB | SE = 20.778 bit/s/Hz
[61315 ms] [UE 30556] UL: SNR = 63.50 dB | SE = 20.778 bit/s/Hz
[61315 ms] [UE 20945] UL: SNR = 52.50 dB | SE = 17.179 bit/s/Hz
[61394 ms] [UE 45898] UL: SNR = 63.50 dB | SE = 20.778 bit/s/Hz
[61394 ms] [UE 36997] UL: SNR = 63.50 dB | SE = 20.778 bit/s/Hz
[61394 ms] [UE 48787] UL: SNR = 63.50 dB | SE = 20.778 bit/s/Hz
[61394 ms] [UE 40252] UL: SNR = 56.00 dB | SE = 18.324 bit/s/Hz
[61394 ms] [UE 15599] UL: SNR = 52.50 dB | SE = 17.179 bit/s/Hz
[61415 ms] [UE 33952] UL: SNR = 6.50 dB | SE = 2.414 bit/s/Hz
[61415 ms] [UE 12169] UL: SNR = 63.50 dB | SE = 20.778 bit/s/Hz
[61415 ms] [UE 22873] UL: SNR = 63.50 dB | SE = 20.778 bit/s/Hz
[61415 ms] [UE 30556] UL: SNR = 63.50 dB | SE = 20.778 bit/s/Hz
[61415 ms] [UE 20945] UL: SNR = 52.50 dB | SE = 17.179 bit/s/Hz
[61503 ms] [UE 45898] UL: SNR = 63.50 dB | SE = 20.778 bit/s/Hz
[61503 ms] [UE 36997] UL: SNR = 63.50 dB | SE = 20.778 bit/s/Hz
[61503 ms] [UE 48787] UL: SNR = 63.50 dB | SE = 20.778 bit/s/Hz
[61503 ms] [UE 40252] UL: SNR = 56.00 dB | SE = 18.324 bit/s/Hz
[61503 ms] [UE 15599] UL: SNR = 52.50 dB | SE = 17.179 bit/s/Hz
[61516 ms] [UE 33952] UL: SNR = 6.50 dB | SE = 2.414 bit/s/Hz
[61516 ms] [UE 12169] UL: SNR = 63.50 dB | SE = 20.778 bit/s/Hz
[61516 ms] [UE 22873] UL: SNR = 63.50 dB | SE = 20.778 bit/s/Hz
[61516 ms] [UE 30556] UL: SNR = 63.50 dB | SE = 20.778 bit/s/Hz
[61516 ms] [UE 20945] UL: SNR = 52.50 dB | SE = 17.179 bit/s/Hz
[61603 ms] [UE 45898] UL: SNR = 63.50 dB | SE = 20.778 bit/s/Hz
[61603 ms] [UE 36997] UL: SNR = 63.50 dB | SE = 20.778 bit/s/Hz
[61603 ms] [UE 48787] UL: SNR = 63.50 dB | SE = 20.778 bit/s/Hz
[61603 ms] [UE 40252] UL: SNR = 56.00 dB | SE = 18.324 bit/s/Hz
[61603 ms] [UE 15599] UL: SNR = 52.50 dB | SE = 17.179 bit/s/Hz
[61625 ms] [UE 33952] UL: SNR = 6.50 dB | SE = 2.414 bit/s/Hz
[61625 ms] [UE 12169] UL: SNR = 63.50 dB | SE = 20.778 bit/s/Hz
[61625 ms] [UE 22873] UL: SNR = 63.50 dB | SE = 20.778 bit/s/Hz
[61625 ms] [UE 30556] UL: SNR = 63.50 dB | SE = 20.778 bit/s/Hz
[61625 ms] [UE 20945] UL: SNR = 52.50 dB | SE = 17.179 bit/s/Hz
[61713 ms] [UE 45898] UL: SNR = 63.50 dB | SE = 20.778 bit/s/Hz
[61713 ms] [UE 36997] UL: SNR = 63.50 dB | SE = 20.778 bit/s/Hz
[61713 ms] [UE 48787] UL: SNR = 63.50 dB | SE = 20.778 bit/s/Hz
[61713 ms] [UE 40252] UL: SNR = 56.00 dB | SE = 18.324 bit/s/Hz
[61713 ms] [UE 15599] UL: SNR = 52.50 dB | SE = 17.179 bit/s/Hz
[61726 ms] [UE 33952] UL: SNR = 6.50 dB | SE = 2.414 bit/s/Hz
[61726 ms] [UE 12169] UL: SNR = 63.50 dB | SE = 20.778 bit/s/Hz
[61726 ms] [UE 22873] UL: SNR = 63.50 dB | SE = 20.778 bit/s/Hz
[61726 ms] [UE 30556] UL: SNR = 63.50 dB | SE = 20.778 bit/s/Hz
[61726 ms] [UE 20945] UL: SNR = 52.50 dB | SE = 17.179 bit/s/Hz
[61824 ms] [UE 45898] UL: SNR = 63.50 dB | SE = 20.778 bit/s/Hz
[61824 ms] [UE 36997] UL: SNR = 63.50 dB | SE = 20.778 bit/s/Hz
[61824 ms] [UE 48787] UL: SNR = 63.50 dB | SE = 20.778 bit/s/Hz
[61824 ms] [UE 40252] UL: SNR = 56.00 dB | SE = 18.324 bit/s/Hz
[61824 ms] [UE 15599] UL: SNR = 52.50 dB | SE = 17.179 bit/s/Hz
[61835 ms] [UE 33952] UL: SNR = 6.50 dB | SE = 2.414 bit/s/Hz
[61835 ms] [UE 12169] UL: SNR = 63.50 dB | SE = 20.778 bit/s/Hz
[61835 ms] [UE 22873] UL: SNR = 63.50 dB | SE = 20.778 bit/s/Hz
[61835 ms] [UE 30556] UL: SNR = 63.50 dB | SE = 20.778 bit/s/Hz
[61835 ms] [UE 20945] UL: SNR = 52.50 dB | SE = 17.179 bit/s/Hz
[61934 ms] [UE 45898] UL: SNR = 63.50 dB | SE = 20.778 bit/s/Hz
[61934 ms] [UE 36997] UL: SNR = 63.50 dB | SE = 20.778 bit/s/Hz
[61934 ms] [UE 48787] UL: SNR = 63.50 dB | SE = 20.778 bit/s/Hz
[61934 ms] [UE 40252] UL: SNR = 56.00 dB | SE = 18.324 bit/s/Hz
[61934 ms] [UE 15599] UL: SNR = 52.50 dB | SE = 17.179 bit/s/Hz
[61936 ms] [UE 33952] UL: SNR = 6.50 dB | SE = 2.414 bit/s/Hz
[61936 ms] [UE 12169] UL: SNR = 63.50 dB | SE = 20.778 bit/s/Hz
[61936 ms] [UE 22873] UL: SNR = 63.50 dB | SE = 20.778 bit/s/Hz
[61936 ms] [UE 30556] UL: SNR = 63.50 dB | SE = 20.778 bit/s/Hz
[61936 ms] [UE 20945] UL: SNR = 52.50 dB | SE = 17.179 bit/s/Hz
[62043 ms] [UE 45898] UL: SNR = 63.50 dB | SE = 20.778 bit/s/Hz
[62043 ms] [UE 36997] UL: SNR = 63.50 dB | SE = 20.778 bit/s/Hz
[62043 ms] [UE 48787] UL: SNR = 63.50 dB | SE = 20.778 bit/s/Hz
[62043 ms] [UE 40252] UL: SNR = 56.00 dB | SE = 18.324 bit/s/Hz
[62043 ms] [UE 15599] UL: SNR = 52.50 dB | SE = 17.179 bit/s/Hz
[62045 ms] [UE 33952] UL: SNR = 6.50 dB | SE = 2.414 bit/s/Hz
[62045 ms] [UE 12169] UL: SNR = 63.50 dB | SE = 20.778 bit/s/Hz
[62045 ms] [UE 22873] UL: SNR = 63.50 dB | SE = 20.778 bit/s/Hz
[62045 ms] [UE 30556] UL: SNR = 63.50 dB | SE = 20.778 bit/s/Hz
[62045 ms] [UE 20945] UL: SNR = 52.50 dB | SE = 17.179 bit/s/Hz
[62144 ms] [UE 45898] UL: SNR = 63.50 dB | SE = 20.778 bit/s/Hz
[62144 ms] [UE 36997] UL: SNR = 63.50 dB | SE = 20.778 bit/s/Hz
[62144 ms] [UE 48787] UL: SNR = 63.50 dB | SE = 20.778 bit/s/Hz
[62144 ms] [UE 40252] UL: SNR = 56.00 dB | SE = 18.324 bit/s/Hz
[62144 ms] [UE 15599] UL: SNR = 52.50 dB | SE = 17.179 bit/s/Hz
[62147 ms] [UE 33952] UL: SNR = 6.50 dB | SE = 2.414 bit/s/Hz
[62147 ms] [UE 12169] UL: SNR = 63.50 dB | SE = 20.778 bit/s/Hz
[62147 ms] [UE 22873] UL: SNR = 63.50 dB | SE = 20.778 bit/s/Hz
[62147 ms] [UE 30556] UL: SNR = 63.50 dB | SE = 20.778 bit/s/Hz
[62147 ms] [UE 20945] UL: SNR = 52.50 dB | SE = 17.179 bit/s/Hz
[62254 ms] [UE 45898] UL: SNR = 63.50 dB | SE = 20.778 bit/s/Hz
[62254 ms] [UE 36997] UL: SNR = 63.50 dB | SE = 20.778 bit/s/Hz
[62254 ms] [UE 48787] UL: SNR = 63.50 dB | SE = 20.778 bit/s/Hz
[62254 ms] [UE 40252] UL: SNR = 56.00 dB | SE = 18.324 bit/s/Hz
[62254 ms] [UE 15599] UL: SNR = 52.50 dB | SE = 17.179 bit/s/Hz
[62255 ms] [UE 33952] UL: SNR = 6.50 dB | SE = 2.414 bit/s/Hz
[62255 ms] [UE 12169] UL: SNR = 63.50 dB | SE = 20.778 bit/s/Hz
[62255 ms] [UE 22873] UL: SNR = 63.50 dB | SE = 20.778 bit/s/Hz
[62255 ms] [UE 30556] UL: SNR = 63.50 dB | SE = 20.778 bit/s/Hz
[62255 ms] [UE 20945] UL: SNR = 52.50 dB | SE = 17.179 bit/s/Hz
[62355 ms] [UE 45898] UL: SNR = 63.50 dB | SE = 20.778 bit/s/Hz
[62355 ms] [UE 36997] UL: SNR = 63.50 dB | SE = 20.778 bit/s/Hz
[62355 ms] [UE 48787] UL: SNR = 63.50 dB | SE = 20.778 bit/s/Hz
[62355 ms] [UE 40252] UL: SNR = 56.00 dB | SE = 18.324 bit/s/Hz
[62355 ms] [UE 15599] UL: SNR = 52.50 dB | SE = 17.179 bit/s/Hz
[62356 ms] [UE 33952] UL: SNR = 6.50 dB | SE = 2.414 bit/s/Hz
[62356 ms] [UE 12169] UL: SNR = 63.50 dB | SE = 20.778 bit/s/Hz
[62356 ms] [UE 22873] UL: SNR = 63.50 dB | SE = 20.778 bit/s/Hz
[62356 ms] [UE 30556] UL: SNR = 63.50 dB | SE = 20.778 bit/s/Hz
[62356 ms] [UE 20945] UL: SNR = 52.50 dB | SE = 17.179 bit/s/Hz
[62463 ms] [UE 45898] UL: SNR = 63.50 dB | SE = 20.778 bit/s/Hz
[62463 ms] [UE 36997] UL: SNR = 63.50 dB | SE = 20.778 bit/s/Hz
[62463 ms] [UE 48787] UL: SNR = 63.50 dB | SE = 20.778 bit/s/Hz
[62463 ms] [UE 40252] UL: SNR = 56.00 dB | SE = 18.324 bit/s/Hz
[62463 ms] [UE 15599] UL: SNR = 52.50 dB | SE = 17.179 bit/s/Hz
[62465 ms] [UE 33952] UL: SNR = 6.50 dB | SE = 2.414 bit/s/Hz
[62465 ms] [UE 12169] UL: SNR = 63.50 dB | SE = 20.778 bit/s/Hz
[62465 ms] [UE 22873] UL: SNR = 63.50 dB | SE = 20.778 bit/s/Hz
[62465 ms] [UE 30556] UL: SNR = 63.50 dB | SE = 20.778 bit/s/Hz
[62465 ms] [UE 20945] UL: SNR = 52.50 dB | SE = 17.179 bit/s/Hz
[62574 ms] [UE 45898] UL: SNR = 63.50 dB | SE = 20.778 bit/s/Hz
[62574 ms] [UE 36997] UL: SNR = 63.50 dB | SE = 20.778 bit/s/Hz
[62574 ms] [UE 48787] UL: SNR = 63.50 dB | SE = 20.778 bit/s/Hz
[62574 ms] [UE 40252] UL: SNR = 56.00 dB | SE = 18.324 bit/s/Hz
[62574 ms] [UE 15599] UL: SNR = 52.50 dB | SE = 17.179 bit/s/Hz
[62577 ms] [UE 33952] UL: SNR = 6.50 dB | SE = 2.414 bit/s/Hz
[62577 ms] [UE 12169] UL: SNR = 63.50 dB | SE = 20.778 bit/s/Hz
[62577 ms] [UE 22873] UL: SNR = 63.50 dB | SE = 20.778 bit/s/Hz
[62577 ms] [UE 30556] UL: SNR = 63.50 dB | SE = 20.778 bit/s/Hz
[62577 ms] [UE 20945] UL: SNR = 52.50 dB | SE = 17.179 bit/s/Hz
[62683 ms] [UE 45898] UL: SNR = 63.50 dB | SE = 20.778 bit/s/Hz
[62683 ms] [UE 36997] UL: SNR = 63.50 dB | SE = 20.778 bit/s/Hz
[62683 ms] [UE 48787] UL: SNR = 63.50 dB | SE = 20.778 bit/s/Hz
[62683 ms] [UE 40252] UL: SNR = 56.00 dB | SE = 18.324 bit/s/Hz
[62683 ms] [UE 15599] UL: SNR = 52.50 dB | SE = 17.179 bit/s/Hz
[62686 ms] [UE 33952] UL: SNR = 6.50 dB | SE = 2.414 bit/s/Hz
[62686 ms] [UE 12169] UL: SNR = 63.50 dB | SE = 20.778 bit/s/Hz
[62686 ms] [UE 22873] UL: SNR = 63.50 dB | SE = 20.778 bit/s/Hz
[62686 ms] [UE 30556] UL: SNR = 63.50 dB | SE = 20.778 bit/s/Hz
[62686 ms] [UE 20945] UL: SNR = 52.50 dB | SE = 17.179 bit/s/Hz
[62784 ms] [UE 45898] UL: SNR = 63.50 dB | SE = 20.778 bit/s/Hz
[62784 ms] [UE 36997] UL: SNR = 63.50 dB | SE = 20.778 bit/s/Hz
[62784 ms] [UE 48787] UL: SNR = 63.50 dB | SE = 20.778 bit/s/Hz
[62784 ms] [UE 40252] UL: SNR = 56.00 dB | SE = 18.324 bit/s/Hz
[62784 ms] [UE 15599] UL: SNR = 52.50 dB | SE = 17.179 bit/s/Hz
[62795 ms] [UE 33952] UL: SNR = 6.50 dB | SE = 2.414 bit/s/Hz
[62795 ms] [UE 12169] UL: SNR = 63.50 dB | SE = 20.778 bit/s/Hz
[62795 ms] [UE 22873] UL: SNR = 63.50 dB | SE = 20.778 bit/s/Hz
[62795 ms] [UE 30556] UL: SNR = 63.50 dB | SE = 20.778 bit/s/Hz
[62795 ms] [UE 20945] UL: SNR = 52.50 dB | SE = 17.179 bit/s/Hz
[62894 ms] [UE 45898] UL: SNR = 63.50 dB | SE = 20.778 bit/s/Hz
[62894 ms] [UE 36997] UL: SNR = 63.50 dB | SE = 20.778 bit/s/Hz
[62894 ms] [UE 48787] UL: SNR = 63.50 dB | SE = 20.778 bit/s/Hz
[62894 ms] [UE 40252] UL: SNR = 56.00 dB | SE = 18.324 bit/s/Hz
[62894 ms] [UE 15599] UL: SNR = 52.50 dB | SE = 17.179 bit/s/Hz
[62896 ms] [UE 33952] UL: SNR = 6.50 dB | SE = 2.414 bit/s/Hz
[62896 ms] [UE 12169] UL: SNR = 63.50 dB | SE = 20.778 bit/s/Hz
[62896 ms] [UE 22873] UL: SNR = 63.50 dB | SE = 20.778 bit/s/Hz
[62896 ms] [UE 30556] UL: SNR = 63.50 dB | SE = 20.778 bit/s/Hz
[62896 ms] [UE 20945] UL: SNR = 52.50 dB | SE = 17.179 bit/s/Hz
[63004 ms] [UE 45898] UL: SNR = 63.50 dB | SE = 20.778 bit/s/Hz
[63004 ms] [UE 36997] UL: SNR = 63.50 dB | SE = 20.778 bit/s/Hz
[63004 ms] [UE 48787] UL: SNR = 63.50 dB | SE = 20.778 bit/s/Hz
[63004 ms] [UE 40252] UL: SNR = 56.00 dB | SE = 18.324 bit/s/Hz
[63004 ms] [UE 15599] UL: SNR = 52.50 dB | SE = 17.179 bit/s/Hz
[63005 ms] [UE 33952] UL: SNR = 6.50 dB | SE = 2.414 bit/s/Hz
[63005 ms] [UE 12169] UL: SNR = 63.50 dB | SE = 20.778 bit/s/Hz
[63005 ms] [UE 22873] UL: SNR = 63.50 dB | SE = 20.778 bit/s/Hz
[63005 ms] [UE 30556] UL: SNR = 63.50 dB | SE = 20.778 bit/s/Hz
[63005 ms] [UE 20945] UL: SNR = 52.50 dB | SE = 17.179 bit/s/Hz
[63106 ms] [UE 33952] UL: SNR = 6.50 dB | SE = 2.414 bit/s/Hz
[63106 ms] [UE 12169] UL: SNR = 63.50 dB | SE = 20.778 bit/s/Hz
[63106 ms] [UE 22873] UL: SNR = 63.50 dB | SE = 20.778 bit/s/Hz
[63106 ms] [UE 30556] UL: SNR = 63.50 dB | SE = 20.778 bit/s/Hz
[63106 ms] [UE 20945] UL: SNR = 52.50 dB | SE = 17.179 bit/s/Hz
[63114 ms] [UE 45898] UL: SNR = 63.50 dB | SE = 20.778 bit/s/Hz
[63114 ms] [UE 36997] UL: SNR = 63.50 dB | SE = 20.778 bit/s/Hz
[63114 ms] [UE 48787] UL: SNR = 63.50 dB | SE = 20.778 bit/s/Hz
[63114 ms] [UE 40252] UL: SNR = 56.00 dB | SE = 18.324 bit/s/Hz
[63114 ms] [UE 15599] UL: SNR = 52.50 dB | SE = 17.179 bit/s/Hz
[63216 ms] [UE 33952] UL: SNR = 6.50 dB | SE = 2.414 bit/s/Hz
[63216 ms] [UE 12169] UL: SNR = 63.50 dB | SE = 20.778 bit/s/Hz
[63216 ms] [UE 22873] UL: SNR = 63.50 dB | SE = 20.778 bit/s/Hz
[63216 ms] [UE 30556] UL: SNR = 53.50 dB | SE = 17.506 bit/s/Hz
[63216 ms] [UE 20945] UL: SNR = 52.50 dB | SE = 17.179 bit/s/Hz
[63223 ms] [UE 45898] UL: SNR = 63.50 dB | SE = 20.778 bit/s/Hz
[63223 ms] [UE 36997] UL: SNR = 63.50 dB | SE = 20.778 bit/s/Hz
[63223 ms] [UE 48787] UL: SNR = 63.50 dB | SE = 20.778 bit/s/Hz
[63223 ms] [UE 40252] UL: SNR = 56.00 dB | SE = 18.324 bit/s/Hz
[63223 ms] [UE 15599] UL: SNR = 52.50 dB | SE = 17.179 bit/s/Hz
[63325 ms] [UE 33952] UL: SNR = 6.50 dB | SE = 2.414 bit/s/Hz
[63325 ms] [UE 12169] UL: SNR = 63.50 dB | SE = 20.778 bit/s/Hz
[63325 ms] [UE 22873] UL: SNR = 63.50 dB | SE = 20.778 bit/s/Hz
[63325 ms] [UE 30556] UL: SNR = 53.50 dB | SE = 17.506 bit/s/Hz
[63325 ms] [UE 20945] UL: SNR = 52.50 dB | SE = 17.179 bit/s/Hz
[63333 ms] [UE 45898] UL: SNR = 63.50 dB | SE = 20.778 bit/s/Hz
[63333 ms] [UE 36997] UL: SNR = 63.50 dB | SE = 20.778 bit/s/Hz
[63333 ms] [UE 48787] UL: SNR = 63.50 dB | SE = 20.778 bit/s/Hz
[63333 ms] [UE 40252] UL: SNR = 56.00 dB | SE = 18.324 bit/s/Hz
[63333 ms] [UE 15599] UL: SNR = 52.50 dB | SE = 17.179 bit/s/Hz
[63427 ms] [UE 33952] UL: SNR = 6.50 dB | SE = 2.414 bit/s/Hz
[63427 ms] [UE 12169] UL: SNR = 63.50 dB | SE = 20.778 bit/s/Hz
[63427 ms] [UE 22873] UL: SNR = 63.50 dB | SE = 20.778 bit/s/Hz
[63427 ms] [UE 30556] UL: SNR = 53.50 dB | SE = 17.506 bit/s/Hz
[63427 ms] [UE 20945] UL: SNR = 52.50 dB | SE = 17.179 bit/s/Hz
[63433 ms] [UE 45898] UL: SNR = 63.50 dB | SE = 20.778 bit/s/Hz
[63433 ms] [UE 36997] UL: SNR = 63.50 dB | SE = 20.778 bit/s/Hz
[63433 ms] [UE 48787] UL: SNR = 63.50 dB | SE = 20.778 bit/s/Hz
[63433 ms] [UE 40252] UL: SNR = 56.00 dB | SE = 18.324 bit/s/Hz
[63433 ms] [UE 15599] UL: SNR = 52.50 dB | SE = 17.179 bit/s/Hz
[63534 ms] [UE 45898] UL: SNR = 63.50 dB | SE = 20.778 bit/s/Hz
[63534 ms] [UE 36997] UL: SNR = 63.50 dB | SE = 20.778 bit/s/Hz
[63534 ms] [UE 48787] UL: SNR = 63.50 dB | SE = 20.778 bit/s/Hz
[63534 ms] [UE 40252] UL: SNR = 56.00 dB | SE = 18.324 bit/s/Hz
[63534 ms] [UE 15599] UL: SNR = 52.50 dB | SE = 17.179 bit/s/Hz
[63535 ms] [UE 33952] UL: SNR = 6.50 dB | SE = 2.414 bit/s/Hz
[63535 ms] [UE 12169] UL: SNR = 63.50 dB | SE = 20.778 bit/s/Hz
[63535 ms] [UE 22873] UL: SNR = 63.50 dB | SE = 20.778 bit/s/Hz
[63535 ms] [UE 30556] UL: SNR = 53.50 dB | SE = 17.506 bit/s/Hz
[63535 ms] [UE 20945] UL: SNR = 52.50 dB | SE = 17.179 bit/s/Hz
[63634 ms] [UE 45898] UL: SNR = 63.50 dB | SE = 20.778 bit/s/Hz
[63634 ms] [UE 36997] UL: SNR = 63.50 dB | SE = 20.778 bit/s/Hz
[63634 ms] [UE 48787] UL: SNR = 63.50 dB | SE = 20.778 bit/s/Hz
[63634 ms] [UE 40252] UL: SNR = 56.00 dB | SE = 18.324 bit/s/Hz
[63634 ms] [UE 15599] UL: SNR = 52.50 dB | SE = 17.179 bit/s/Hz
[63635 ms] [UE 33952] UL: SNR = 6.50 dB | SE = 2.414 bit/s/Hz
[63635 ms] [UE 12169] UL: SNR = 63.50 dB | SE = 20.778 bit/s/Hz
[63635 ms] [UE 22873] UL: SNR = 63.50 dB | SE = 20.778 bit/s/Hz
[63635 ms] [UE 30556] UL: SNR = 53.50 dB | SE = 17.506 bit/s/Hz
[63635 ms] [UE 20945] UL: SNR = 52.50 dB | SE = 17.179 bit/s/Hz
[63736 ms] [UE 33952] UL: SNR = 6.50 dB | SE = 2.414 bit/s/Hz
[63736 ms] [UE 12169] UL: SNR = 63.50 dB | SE = 20.778 bit/s/Hz
[63736 ms] [UE 22873] UL: SNR = 63.50 dB | SE = 20.778 bit/s/Hz
[63736 ms] [UE 30556] UL: SNR = 53.50 dB | SE = 17.506 bit/s/Hz
[63736 ms] [UE 20945] UL: SNR = 52.50 dB | SE = 17.179 bit/s/Hz
[63744 ms] [UE 45898] UL: SNR = 63.50 dB | SE = 20.778 bit/s/Hz
[63744 ms] [UE 36997] UL: SNR = 63.50 dB | SE = 20.778 bit/s/Hz
[63744 ms] [UE 48787] UL: SNR = 63.50 dB | SE = 20.778 bit/s/Hz
[63744 ms] [UE 40252] UL: SNR = 56.00 dB | SE = 18.324 bit/s/Hz
[63744 ms] [UE 15599] UL: SNR = 52.50 dB | SE = 17.179 bit/s/Hz
[63844 ms] [UE 45898] UL: SNR = 63.50 dB | SE = 20.778 bit/s/Hz
[63844 ms] [UE 36997] UL: SNR = 63.50 dB | SE = 20.778 bit/s/Hz
[63844 ms] [UE 48787] UL: SNR = 63.50 dB | SE = 20.778 bit/s/Hz
[63844 ms] [UE 40252] UL: SNR = 56.00 dB | SE = 18.324 bit/s/Hz
[63844 ms] [UE 15599] UL: SNR = 52.50 dB | SE = 17.179 bit/s/Hz
[63845 ms] [UE 33952] UL: SNR = 6.50 dB | SE = 2.414 bit/s/Hz
[63845 ms] [UE 12169] UL: SNR = 63.50 dB | SE = 20.778 bit/s/Hz
[63845 ms] [UE 22873] UL: SNR = 63.50 dB | SE = 20.778 bit/s/Hz
[63845 ms] [UE 30556] UL: SNR = 53.50 dB | SE = 17.506 bit/s/Hz
[63845 ms] [UE 20945] UL: SNR = 52.50 dB | SE = 17.179 bit/s/Hz
[63944 ms] [UE 45898] UL: SNR = 63.50 dB | SE = 20.778 bit/s/Hz
[63944 ms] [UE 36997] UL: SNR = 63.50 dB | SE = 20.778 bit/s/Hz
[63944 ms] [UE 48787] UL: SNR = 63.50 dB | SE = 20.778 bit/s/Hz
[63944 ms] [UE 40252] UL: SNR = 56.00 dB | SE = 18.324 bit/s/Hz
[63944 ms] [UE 15599] UL: SNR = 52.50 dB | SE = 17.179 bit/s/Hz
[63945 ms] [UE 33952] UL: SNR = 6.50 dB | SE = 2.414 bit/s/Hz
[63945 ms] [UE 12169] UL: SNR = 63.50 dB | SE = 20.778 bit/s/Hz
[63945 ms] [UE 22873] UL: SNR = 63.50 dB | SE = 20.778 bit/s/Hz
[63945 ms] [UE 30556] UL: SNR = 63.50 dB | SE = 20.778 bit/s/Hz
[63945 ms] [UE 20945] UL: SNR = 52.50 dB | SE = 17.179 bit/s/Hz
[64053 ms] [UE 45898] UL: SNR = 63.50 dB | SE = 20.778 bit/s/Hz
[64053 ms] [UE 36997] UL: SNR = 63.50 dB | SE = 20.778 bit/s/Hz
[64053 ms] [UE 48787] UL: SNR = 63.50 dB | SE = 20.778 bit/s/Hz
[64053 ms] [UE 40252] UL: SNR = 56.00 dB | SE = 18.324 bit/s/Hz
[64053 ms] [UE 15599] UL: SNR = 52.50 dB | SE = 17.179 bit/s/Hz
[64057 ms] [UE 33952] UL: SNR = 6.50 dB | SE = 2.414 bit/s/Hz
[64057 ms] [UE 12169] UL: SNR = 63.50 dB | SE = 20.778 bit/s/Hz
[64057 ms] [UE 22873] UL: SNR = 63.50 dB | SE = 20.778 bit/s/Hz
[64057 ms] [UE 30556] UL: SNR = 63.50 dB | SE = 20.778 bit/s/Hz
[64057 ms] [UE 20945] UL: SNR = 52.50 dB | SE = 17.179 bit/s/Hz
[64163 ms] [UE 45898] UL: SNR = 63.50 dB | SE = 20.778 bit/s/Hz
[64163 ms] [UE 36997] UL: SNR = 63.50 dB | SE = 20.778 bit/s/Hz
[64163 ms] [UE 48787] UL: SNR = 63.50 dB | SE = 20.778 bit/s/Hz
[64163 ms] [UE 40252] UL: SNR = 56.00 dB | SE = 18.324 bit/s/Hz
[64163 ms] [UE 15599] UL: SNR = 52.50 dB | SE = 17.179 bit/s/Hz
[64165 ms] [UE 33952] UL: SNR = 6.50 dB | SE = 2.414 bit/s/Hz
[64165 ms] [UE 12169] UL: SNR = 63.50 dB | SE = 20.778 bit/s/Hz
[64165 ms] [UE 22873] UL: SNR = 63.50 dB | SE = 20.778 bit/s/Hz
[64165 ms] [UE 30556] UL: SNR = 63.50 dB | SE = 20.778 bit/s/Hz
[64165 ms] [UE 20945] UL: SNR = 52.50 dB | SE = 17.179 bit/s/Hz
[64263 ms] [UE 45898] UL: SNR = 63.50 dB | SE = 20.778 bit/s/Hz
[64263 ms] [UE 36997] UL: SNR = 63.50 dB | SE = 20.778 bit/s/Hz
[64263 ms] [UE 48787] UL: SNR = 63.50 dB | SE = 20.778 bit/s/Hz
[64263 ms] [UE 40252] UL: SNR = 56.00 dB | SE = 18.324 bit/s/Hz
[64263 ms] [UE 15599] UL: SNR = 52.50 dB | SE = 17.179 bit/s/Hz
[64266 ms] [UE 33952] UL: SNR = 6.50 dB | SE = 2.414 bit/s/Hz
[64266 ms] [UE 12169] UL: SNR = 63.50 dB | SE = 20.778 bit/s/Hz
[64266 ms] [UE 22873] UL: SNR = 63.50 dB | SE = 20.778 bit/s/Hz
[64266 ms] [UE 30556] UL: SNR = 63.50 dB | SE = 20.778 bit/s/Hz
[64266 ms] [UE 20945] UL: SNR = 52.50 dB | SE = 17.179 bit/s/Hz
[64363 ms] [UE 45898] UL: SNR = 63.50 dB | SE = 20.778 bit/s/Hz
[64363 ms] [UE 36997] UL: SNR = 63.50 dB | SE = 20.778 bit/s/Hz
[64363 ms] [UE 48787] UL: SNR = 63.50 dB | SE = 20.778 bit/s/Hz
[64363 ms] [UE 40252] UL: SNR = 56.00 dB | SE = 18.324 bit/s/Hz
[64363 ms] [UE 15599] UL: SNR = 52.50 dB | SE = 17.179 bit/s/Hz
[64375 ms] [UE 33952] UL: SNR = 6.50 dB | SE = 2.414 bit/s/Hz
[64375 ms] [UE 12169] UL: SNR = 63.50 dB | SE = 20.778 bit/s/Hz
[64375 ms] [UE 22873] UL: SNR = 63.50 dB | SE = 20.778 bit/s/Hz
[64375 ms] [UE 30556] UL: SNR = 63.50 dB | SE = 20.778 bit/s/Hz
[64375 ms] [UE 20945] UL: SNR = 52.50 dB | SE = 17.179 bit/s/Hz
[64473 ms] [UE 45898] UL: SNR = 63.50 dB | SE = 20.778 bit/s/Hz
[64473 ms] [UE 36997] UL: SNR = 63.50 dB | SE = 20.778 bit/s/Hz
[64473 ms] [UE 48787] UL: SNR = 63.50 dB | SE = 20.778 bit/s/Hz
[64473 ms] [UE 40252] UL: SNR = 56.00 dB | SE = 18.324 bit/s/Hz
[64473 ms] [UE 15599] UL: SNR = 52.50 dB | SE = 17.179 bit/s/Hz
[64485 ms] [UE 33952] UL: SNR = 6.50 dB | SE = 2.414 bit/s/Hz
[64485 ms] [UE 12169] UL: SNR = 63.50 dB | SE = 20.778 bit/s/Hz
[64485 ms] [UE 22873] UL: SNR = 63.50 dB | SE = 20.778 bit/s/Hz
[64485 ms] [UE 30556] UL: SNR = 63.50 dB | SE = 20.778 bit/s/Hz
[64485 ms] [UE 20945] UL: SNR = 52.50 dB | SE = 17.179 bit/s/Hz
[64573 ms] [UE 45898] UL: SNR = 63.50 dB | SE = 20.778 bit/s/Hz
[64573 ms] [UE 36997] UL: SNR = 63.50 dB | SE = 20.778 bit/s/Hz
[64573 ms] [UE 48787] UL: SNR = 63.50 dB | SE = 20.778 bit/s/Hz
[64573 ms] [UE 40252] UL: SNR = 56.00 dB | SE = 18.324 bit/s/Hz
[64573 ms] [UE 15599] UL: SNR = 52.50 dB | SE = 17.179 bit/s/Hz
[64586 ms] [UE 33952] UL: SNR = 6.50 dB | SE = 2.414 bit/s/Hz
[64586 ms] [UE 12169] UL: SNR = 63.50 dB | SE = 20.778 bit/s/Hz
[64586 ms] [UE 22873] UL: SNR = 63.50 dB | SE = 20.778 bit/s/Hz
[64586 ms] [UE 30556] UL: SNR = 63.50 dB | SE = 20.778 bit/s/Hz
[64586 ms] [UE 20945] UL: SNR = 52.50 dB | SE = 17.179 bit/s/Hz
[64683 ms] [UE 45898] UL: SNR = 63.50 dB | SE = 20.778 bit/s/Hz
[64683 ms] [UE 36997] UL: SNR = 63.50 dB | SE = 20.778 bit/s/Hz
[64683 ms] [UE 48787] UL: SNR = 63.50 dB | SE = 20.778 bit/s/Hz
[64683 ms] [UE 40252] UL: SNR = 56.00 dB | SE = 18.324 bit/s/Hz
[64683 ms] [UE 15599] UL: SNR = 52.50 dB | SE = 17.179 bit/s/Hz
[64696 ms] [UE 33952] UL: SNR = 6.50 dB | SE = 2.414 bit/s/Hz
[64696 ms] [UE 12169] UL: SNR = 63.50 dB | SE = 20.778 bit/s/Hz
[64696 ms] [UE 22873] UL: SNR = 63.50 dB | SE = 20.778 bit/s/Hz
[64696 ms] [UE 30556] UL: SNR = 63.50 dB | SE = 20.778 bit/s/Hz
[64696 ms] [UE 20945] UL: SNR = 52.50 dB | SE = 17.179 bit/s/Hz
[64783 ms] [UE 45898] UL: SNR = 63.50 dB | SE = 20.778 bit/s/Hz
[64783 ms] [UE 36997] UL: SNR = 63.50 dB | SE = 20.778 bit/s/Hz
[64783 ms] [UE 48787] UL: SNR = 63.50 dB | SE = 20.778 bit/s/Hz
[64783 ms] [UE 40252] UL: SNR = 56.00 dB | SE = 18.324 bit/s/Hz
[64783 ms] [UE 15599] UL: SNR = 52.50 dB | SE = 17.179 bit/s/Hz
[64796 ms] [UE 33952] UL: SNR = 6.50 dB | SE = 2.414 bit/s/Hz
[64796 ms] [UE 12169] UL: SNR = 63.50 dB | SE = 20.778 bit/s/Hz
[64796 ms] [UE 22873] UL: SNR = 63.50 dB | SE = 20.778 bit/s/Hz
[64796 ms] [UE 30556] UL: SNR = 63.50 dB | SE = 20.778 bit/s/Hz
[64796 ms] [UE 20945] UL: SNR = 52.50 dB | SE = 17.179 bit/s/Hz
[64893 ms] [UE 45898] UL: SNR = 63.50 dB | SE = 20.778 bit/s/Hz
[64893 ms] [UE 36997] UL: SNR = 63.50 dB | SE = 20.778 bit/s/Hz
[64893 ms] [UE 48787] UL: SNR = 63.50 dB | SE = 20.778 bit/s/Hz
[64893 ms] [UE 40252] UL: SNR = 56.00 dB | SE = 18.324 bit/s/Hz
[64893 ms] [UE 15599] UL: SNR = 52.50 dB | SE = 17.179 bit/s/Hz
[64905 ms] [UE 33952] UL: SNR = 6.50 dB | SE = 2.414 bit/s/Hz
[64905 ms] [UE 12169] UL: SNR = 63.50 dB | SE = 20.778 bit/s/Hz
[64905 ms] [UE 22873] UL: SNR = 63.50 dB | SE = 20.778 bit/s/Hz
[64905 ms] [UE 30556] UL: SNR = 63.50 dB | SE = 20.778 bit/s/Hz
[64905 ms] [UE 20945] UL: SNR = 52.50 dB | SE = 17.179 bit/s/Hz
[64993 ms] [UE 45898] UL: SNR = 63.50 dB | SE = 20.778 bit/s/Hz
[64993 ms] [UE 36997] UL: SNR = 63.50 dB | SE = 20.778 bit/s/Hz
[64993 ms] [UE 48787] UL: SNR = 63.50 dB | SE = 20.778 bit/s/Hz
[64993 ms] [UE 40252] UL: SNR = 56.00 dB | SE = 18.324 bit/s/Hz
[64993 ms] [UE 15599] UL: SNR = 52.50 dB | SE = 17.179 bit/s/Hz
[65006 ms] [UE 33952] UL: SNR = 6.50 dB | SE = 2.414 bit/s/Hz
[65006 ms] [UE 12169] UL: SNR = 63.50 dB | SE = 20.778 bit/s/Hz
[65006 ms] [UE 22873] UL: SNR = 63.50 dB | SE = 20.778 bit/s/Hz
[65006 ms] [UE 30556] UL: SNR = 63.50 dB | SE = 20.778 bit/s/Hz
[65006 ms] [UE 20945] UL: SNR = 52.50 dB | SE = 17.179 bit/s/Hz
[65094 ms] [UE 45898] UL: SNR = 63.50 dB | SE = 20.778 bit/s/Hz
[65094 ms] [UE 36997] UL: SNR = 63.50 dB | SE = 20.778 bit/s/Hz
[65094 ms] [UE 48787] UL: SNR = 63.50 dB | SE = 20.778 bit/s/Hz
[65094 ms] [UE 40252] UL: SNR = 56.00 dB | SE = 18.324 bit/s/Hz
[65094 ms] [UE 15599] UL: SNR = 52.50 dB | SE = 17.179 bit/s/Hz
[65106 ms] [UE 33952] UL: SNR = 6.50 dB | SE = 2.414 bit/s/Hz
[65106 ms] [UE 12169] UL: SNR = 63.50 dB | SE = 20.778 bit/s/Hz
[65106 ms] [UE 22873] UL: SNR = 63.50 dB | SE = 20.778 bit/s/Hz
[65106 ms] [UE 30556] UL: SNR = 63.50 dB | SE = 20.778 bit/s/Hz
[65106 ms] [UE 20945] UL: SNR = 52.50 dB | SE = 17.179 bit/s/Hz
[65204 ms] [UE 45898] UL: SNR = 63.50 dB | SE = 20.778 bit/s/Hz
[65204 ms] [UE 36997] UL: SNR = 63.50 dB | SE = 20.778 bit/s/Hz
[65204 ms] [UE 48787] UL: SNR = 63.50 dB | SE = 20.778 bit/s/Hz
[65204 ms] [UE 40252] UL: SNR = 56.00 dB | SE = 18.324 bit/s/Hz
[65204 ms] [UE 15599] UL: SNR = 52.50 dB | SE = 17.179 bit/s/Hz
[65215 ms] [UE 33952] UL: SNR = 6.50 dB | SE = 2.414 bit/s/Hz
[65215 ms] [UE 12169] UL: SNR = 63.50 dB | SE = 20.778 bit/s/Hz
[65215 ms] [UE 22873] UL: SNR = 63.50 dB | SE = 20.778 bit/s/Hz
[65215 ms] [UE 30556] UL: SNR = 63.50 dB | SE = 20.778 bit/s/Hz
[65215 ms] [UE 20945] UL: SNR = 52.50 dB | SE = 17.179 bit/s/Hz
[65314 ms] [UE 45898] UL: SNR = 63.50 dB | SE = 20.778 bit/s/Hz
[65314 ms] [UE 36997] UL: SNR = 63.50 dB | SE = 20.778 bit/s/Hz
[65314 ms] [UE 48787] UL: SNR = 63.50 dB | SE = 20.778 bit/s/Hz
[65314 ms] [UE 40252] UL: SNR = 56.00 dB | SE = 18.324 bit/s/Hz
[65314 ms] [UE 15599] UL: SNR = 52.50 dB | SE = 17.179 bit/s/Hz
[65316 ms] [UE 33952] UL: SNR = 6.50 dB | SE = 2.414 bit/s/Hz
[65316 ms] [UE 12169] UL: SNR = 63.50 dB | SE = 20.778 bit/s/Hz
[65316 ms] [UE 22873] UL: SNR = 63.50 dB | SE = 20.778 bit/s/Hz
[65316 ms] [UE 30556] UL: SNR = 63.50 dB | SE = 20.778 bit/s/Hz
[65316 ms] [UE 20945] UL: SNR = 63.50 dB | SE = 20.778 bit/s/Hz
[65423 ms] [UE 45898] UL: SNR = 63.50 dB | SE = 20.778 bit/s/Hz
[65423 ms] [UE 36997] UL: SNR = 63.50 dB | SE = 20.778 bit/s/Hz
[65423 ms] [UE 48787] UL: SNR = 63.50 dB | SE = 20.778 bit/s/Hz
[65423 ms] [UE 40252] UL: SNR = 56.00 dB | SE = 18.324 bit/s/Hz
[65423 ms] [UE 15599] UL: SNR = 52.50 dB | SE = 17.179 bit/s/Hz
[65425 ms] [UE 33952] UL: SNR = 6.50 dB | SE = 2.414 bit/s/Hz
[65425 ms] [UE 12169] UL: SNR = 63.50 dB | SE = 20.778 bit/s/Hz
[65425 ms] [UE 22873] UL: SNR = 63.50 dB | SE = 20.778 bit/s/Hz
[65425 ms] [UE 30556] UL: SNR = 63.50 dB | SE = 20.778 bit/s/Hz
[65425 ms] [UE 20945] UL: SNR = 63.50 dB | SE = 20.778 bit/s/Hz
[65524 ms] [UE 45898] UL: SNR = 63.50 dB | SE = 20.778 bit/s/Hz
[65524 ms] [UE 36997] UL: SNR = 63.50 dB | SE = 20.778 bit/s/Hz
[65524 ms] [UE 48787] UL: SNR = 63.50 dB | SE = 20.778 bit/s/Hz
[65524 ms] [UE 40252] UL: SNR = 56.00 dB | SE = 18.324 bit/s/Hz
[65524 ms] [UE 15599] UL: SNR = 52.50 dB | SE = 17.179 bit/s/Hz
[65535 ms] [UE 33952] UL: SNR = 6.50 dB | SE = 2.414 bit/s/Hz
[65535 ms] [UE 12169] UL: SNR = 63.50 dB | SE = 20.778 bit/s/Hz
[65535 ms] [UE 22873] UL: SNR = 63.50 dB | SE = 20.778 bit/s/Hz
[65535 ms] [UE 30556] UL: SNR = 63.50 dB | SE = 20.778 bit/s/Hz
[65535 ms] [UE 20945] UL: SNR = 63.50 dB | SE = 20.778 bit/s/Hz
[65633 ms] [UE 45898] UL: SNR = 63.50 dB | SE = 20.778 bit/s/Hz
[65633 ms] [UE 36997] UL: SNR = 63.50 dB | SE = 20.778 bit/s/Hz
[65633 ms] [UE 48787] UL: SNR = 63.50 dB | SE = 20.778 bit/s/Hz
[65633 ms] [UE 40252] UL: SNR = 56.00 dB | SE = 18.324 bit/s/Hz
[65633 ms] [UE 15599] UL: SNR = 52.50 dB | SE = 17.179 bit/s/Hz
[65635 ms] [UE 33952] UL: SNR = 63.50 dB | SE = 20.778 bit/s/Hz
[65635 ms] [UE 12169] UL: SNR = 63.50 dB | SE = 20.778 bit/s/Hz
[65635 ms] [UE 22873] UL: SNR = 63.50 dB | SE = 20.778 bit/s/Hz
[65635 ms] [UE 30556] UL: SNR = 63.50 dB | SE = 20.778 bit/s/Hz
[65635 ms] [UE 20945] UL: SNR = 63.50 dB | SE = 20.778 bit/s/Hz
[65744 ms] [UE 45898] UL: SNR = 63.50 dB | SE = 20.778 bit/s/Hz
[65744 ms] [UE 36997] UL: SNR = 63.50 dB | SE = 20.778 bit/s/Hz
[65744 ms] [UE 48787] UL: SNR = 63.50 dB | SE = 20.778 bit/s/Hz
[65744 ms] [UE 40252] UL: SNR = 56.00 dB | SE = 18.324 bit/s/Hz
[65744 ms] [UE 15599] UL: SNR = 52.50 dB | SE = 17.179 bit/s/Hz
[65745 ms] [UE 33952] UL: SNR = 63.50 dB | SE = 20.778 bit/s/Hz
[65745 ms] [UE 12169] UL: SNR = 63.50 dB | SE = 20.778 bit/s/Hz
[65745 ms] [UE 22873] UL: SNR = 63.50 dB | SE = 20.778 bit/s/Hz
[65745 ms] [UE 30556] UL: SNR = 63.50 dB | SE = 20.778 bit/s/Hz
[65745 ms] [UE 20945] UL: SNR = 63.50 dB | SE = 20.778 bit/s/Hz
[65853 ms] [UE 45898] UL: SNR = 63.50 dB | SE = 20.778 bit/s/Hz
[65853 ms] [UE 36997] UL: SNR = 63.50 dB | SE = 20.778 bit/s/Hz
[65853 ms] [UE 48787] UL: SNR = 63.50 dB | SE = 20.778 bit/s/Hz
[65853 ms] [UE 40252] UL: SNR = 56.00 dB | SE = 18.324 bit/s/Hz
[65853 ms] [UE 15599] UL: SNR = 52.50 dB | SE = 17.179 bit/s/Hz
[65855 ms] [UE 33952] UL: SNR = 63.50 dB | SE = 20.778 bit/s/Hz
[65855 ms] [UE 12169] UL: SNR = 63.50 dB | SE = 20.778 bit/s/Hz
[65855 ms] [UE 22873] UL: SNR = 63.50 dB | SE = 20.778 bit/s/Hz
[65855 ms] [UE 30556] UL: SNR = 63.50 dB | SE = 20.778 bit/s/Hz
[65855 ms] [UE 20945] UL: SNR = 63.50 dB | SE = 20.778 bit/s/Hz
[65954 ms] [UE 45898] UL: SNR = 63.50 dB | SE = 20.778 bit/s/Hz
[65954 ms] [UE 36997] UL: SNR = 63.50 dB | SE = 20.778 bit/s/Hz
[65954 ms] [UE 48787] UL: SNR = 63.50 dB | SE = 20.778 bit/s/Hz
[65954 ms] [UE 40252] UL: SNR = 56.00 dB | SE = 18.324 bit/s/Hz
[65954 ms] [UE 15599] UL: SNR = 52.50 dB | SE = 17.179 bit/s/Hz
[65955 ms] [UE 33952] UL: SNR = 63.50 dB | SE = 20.778 bit/s/Hz
[65955 ms] [UE 12169] UL: SNR = 63.50 dB | SE = 20.778 bit/s/Hz
[65955 ms] [UE 22873] UL: SNR = 63.50 dB | SE = 20.778 bit/s/Hz
[65955 ms] [UE 30556] UL: SNR = 63.50 dB | SE = 20.778 bit/s/Hz
[65955 ms] [UE 20945] UL: SNR = 63.50 dB | SE = 20.778 bit/s/Hz
[66063 ms] [UE 45898] UL: SNR = 63.50 dB | SE = 20.778 bit/s/Hz
[66063 ms] [UE 36997] UL: SNR = 63.50 dB | SE = 20.778 bit/s/Hz
[66063 ms] [UE 48787] UL: SNR = 63.50 dB | SE = 20.778 bit/s/Hz
[66063 ms] [UE 40252] UL: SNR = 56.00 dB | SE = 18.324 bit/s/Hz
[66063 ms] [UE 15599] UL: SNR = 52.50 dB | SE = 17.179 bit/s/Hz
[66066 ms] [UE 33952] UL: SNR = 63.50 dB | SE = 20.778 bit/s/Hz
[66066 ms] [UE 12169] UL: SNR = 63.50 dB | SE = 20.778 bit/s/Hz
[66066 ms] [UE 22873] UL: SNR = 63.50 dB | SE = 20.778 bit/s/Hz
[66066 ms] [UE 30556] UL: SNR = 63.50 dB | SE = 20.778 bit/s/Hz
[66066 ms] [UE 20945] UL: SNR = 63.50 dB | SE = 20.778 bit/s/Hz
[66163 ms] [UE 45898] UL: SNR = 63.50 dB | SE = 20.778 bit/s/Hz
[66163 ms] [UE 36997] UL: SNR = 63.50 dB | SE = 20.778 bit/s/Hz
[66163 ms] [UE 48787] UL: SNR = 63.50 dB | SE = 20.778 bit/s/Hz
[66163 ms] [UE 40252] UL: SNR = 56.00 dB | SE = 18.324 bit/s/Hz
[66163 ms] [UE 15599] UL: SNR = 52.50 dB | SE = 17.179 bit/s/Hz
[66175 ms] [UE 33952] UL: SNR = 63.50 dB | SE = 20.778 bit/s/Hz
[66175 ms] [UE 12169] UL: SNR = 63.50 dB | SE = 20.778 bit/s/Hz
[66175 ms] [UE 22873] UL: SNR = 63.50 dB | SE = 20.778 bit/s/Hz
[66175 ms] [UE 30556] UL: SNR = 63.50 dB | SE = 20.778 bit/s/Hz
[66175 ms] [UE 20945] UL: SNR = 63.50 dB | SE = 20.778 bit/s/Hz
[66273 ms] [UE 45898] UL: SNR = 63.50 dB | SE = 20.778 bit/s/Hz
[66273 ms] [UE 36997] UL: SNR = 63.50 dB | SE = 20.778 bit/s/Hz
[66273 ms] [UE 48787] UL: SNR = 63.50 dB | SE = 20.778 bit/s/Hz
[66273 ms] [UE 40252] UL: SNR = 56.00 dB | SE = 18.324 bit/s/Hz
[66273 ms] [UE 15599] UL: SNR = 52.50 dB | SE = 17.179 bit/s/Hz
[66286 ms] [UE 33952] UL: SNR = 63.50 dB | SE = 20.778 bit/s/Hz
[66286 ms] [UE 12169] UL: SNR = 63.50 dB | SE = 20.778 bit/s/Hz
[66286 ms] [UE 22873] UL: SNR = 63.50 dB | SE = 20.778 bit/s/Hz
[66286 ms] [UE 30556] UL: SNR = 63.50 dB | SE = 20.778 bit/s/Hz
[66286 ms] [UE 20945] UL: SNR = 63.50 dB | SE = 20.778 bit/s/Hz
[66383 ms] [UE 45898] UL: SNR = 63.50 dB | SE = 20.778 bit/s/Hz
[66383 ms] [UE 36997] UL: SNR = 63.50 dB | SE = 20.778 bit/s/Hz
[66383 ms] [UE 48787] UL: SNR = 63.50 dB | SE = 20.778 bit/s/Hz
[66383 ms] [UE 40252] UL: SNR = 56.00 dB | SE = 18.324 bit/s/Hz
[66383 ms] [UE 15599] UL: SNR = 52.50 dB | SE = 17.179 bit/s/Hz
[66395 ms] [UE 33952] UL: SNR = 63.50 dB | SE = 20.778 bit/s/Hz
[66395 ms] [UE 12169] UL: SNR = 63.50 dB | SE = 20.778 bit/s/Hz
[66395 ms] [UE 22873] UL: SNR = 63.50 dB | SE = 20.778 bit/s/Hz
[66395 ms] [UE 30556] UL: SNR = 63.50 dB | SE = 20.778 bit/s/Hz
[66395 ms] [UE 20945] UL: SNR = 63.50 dB | SE = 20.778 bit/s/Hz
[66484 ms] [UE 45898] UL: SNR = 63.50 dB | SE = 20.778 bit/s/Hz
[66484 ms] [UE 36997] UL: SNR = 63.50 dB | SE = 20.778 bit/s/Hz
[66484 ms] [UE 48787] UL: SNR = 63.50 dB | SE = 20.778 bit/s/Hz
[66484 ms] [UE 40252] UL: SNR = 56.00 dB | SE = 18.324 bit/s/Hz
[66484 ms] [UE 15599] UL: SNR = 52.50 dB | SE = 17.179 bit/s/Hz
[66505 ms] [UE 33952] UL: SNR = 63.50 dB | SE = 20.778 bit/s/Hz
[66505 ms] [UE 12169] UL: SNR = 63.50 dB | SE = 20.778 bit/s/Hz
[66505 ms] [UE 22873] UL: SNR = 63.50 dB | SE = 20.778 bit/s/Hz
[66505 ms] [UE 30556] UL: SNR = 63.50 dB | SE = 20.778 bit/s/Hz
[66505 ms] [UE 20945] UL: SNR = 63.50 dB | SE = 20.778 bit/s/Hz
[66594 ms] [UE 45898] UL: SNR = 63.50 dB | SE = 20.778 bit/s/Hz
[66594 ms] [UE 36997] UL: SNR = 63.50 dB | SE = 20.778 bit/s/Hz
[66594 ms] [UE 48787] UL: SNR = 63.50 dB | SE = 20.778 bit/s/Hz
[66594 ms] [UE 40252] UL: SNR = 56.00 dB | SE = 18.324 bit/s/Hz
[66594 ms] [UE 15599] UL: SNR = 52.50 dB | SE = 17.179 bit/s/Hz
[66605 ms] [UE 33952] UL: SNR = 63.50 dB | SE = 20.778 bit/s/Hz
[66605 ms] [UE 12169] UL: SNR = 63.50 dB | SE = 20.778 bit/s/Hz
[66605 ms] [UE 22873] UL: SNR = 63.50 dB | SE = 20.778 bit/s/Hz
[66605 ms] [UE 30556] UL: SNR = 63.50 dB | SE = 20.778 bit/s/Hz
[66605 ms] [UE 20945] UL: SNR = 63.50 dB | SE = 20.778 bit/s/Hz
[66694 ms] [UE 45898] UL: SNR = 63.50 dB | SE = 20.778 bit/s/Hz
[66694 ms] [UE 36997] UL: SNR = 63.50 dB | SE = 20.778 bit/s/Hz
[66694 ms] [UE 48787] UL: SNR = 63.50 dB | SE = 20.778 bit/s/Hz
[66694 ms] [UE 40252] UL: SNR = 56.00 dB | SE = 18.324 bit/s/Hz
[66694 ms] [UE 15599] UL: SNR = 52.50 dB | SE = 17.179 bit/s/Hz
[66707 ms] [UE 33952] UL: SNR = 63.50 dB | SE = 20.778 bit/s/Hz
[66707 ms] [UE 12169] UL: SNR = 63.50 dB | SE = 20.778 bit/s/Hz
[66707 ms] [UE 22873] UL: SNR = 63.50 dB | SE = 20.778 bit/s/Hz
[66707 ms] [UE 30556] UL: SNR = 63.50 dB | SE = 20.778 bit/s/Hz
[66707 ms] [UE 20945] UL: SNR = 63.50 dB | SE = 20.778 bit/s/Hz
[66804 ms] [UE 45898] UL: SNR = 63.50 dB | SE = 20.778 bit/s/Hz
[66804 ms] [UE 36997] UL: SNR = 63.50 dB | SE = 20.778 bit/s/Hz
[66804 ms] [UE 48787] UL: SNR = 63.50 dB | SE = 20.778 bit/s/Hz
[66804 ms] [UE 40252] UL: SNR = 56.00 dB | SE = 18.324 bit/s/Hz
[66804 ms] [UE 15599] UL: SNR = 52.50 dB | SE = 17.179 bit/s/Hz
[66815 ms] [UE 33952] UL: SNR = 63.50 dB | SE = 20.778 bit/s/Hz
[66815 ms] [UE 12169] UL: SNR = 63.50 dB | SE = 20.778 bit/s/Hz
[66815 ms] [UE 22873] UL: SNR = 63.50 dB | SE = 20.778 bit/s/Hz
[66815 ms] [UE 30556] UL: SNR = 63.50 dB | SE = 20.778 bit/s/Hz
[66815 ms] [UE 20945] UL: SNR = 63.50 dB | SE = 20.778 bit/s/Hz
[66913 ms] [UE 45898] UL: SNR = 63.50 dB | SE = 20.778 bit/s/Hz
[66913 ms] [UE 36997] UL: SNR = 63.50 dB | SE = 20.778 bit/s/Hz
[66913 ms] [UE 48787] UL: SNR = 63.50 dB | SE = 20.778 bit/s/Hz
[66913 ms] [UE 40252] UL: SNR = 56.00 dB | SE = 18.324 bit/s/Hz
[66913 ms] [UE 15599] UL: SNR = 52.50 dB | SE = 17.179 bit/s/Hz
[66916 ms] [UE 33952] UL: SNR = 63.50 dB | SE = 20.778 bit/s/Hz
[66916 ms] [UE 12169] UL: SNR = 63.50 dB | SE = 20.778 bit/s/Hz
[66916 ms] [UE 22873] UL: SNR = 63.50 dB | SE = 20.778 bit/s/Hz
[66916 ms] [UE 30556] UL: SNR = 63.50 dB | SE = 20.778 bit/s/Hz
[66916 ms] [UE 20945] UL: SNR = 63.50 dB | SE = 20.778 bit/s/Hz
[67024 ms] [UE 45898] UL: SNR = 63.50 dB | SE = 20.778 bit/s/Hz
[67024 ms] [UE 36997] UL: SNR = 63.50 dB | SE = 20.778 bit/s/Hz
[67024 ms] [UE 48787] UL: SNR = 63.50 dB | SE = 20.778 bit/s/Hz
[67024 ms] [UE 40252] UL: SNR = 56.00 dB | SE = 18.324 bit/s/Hz
[67024 ms] [UE 15599] UL: SNR = 52.50 dB | SE = 17.179 bit/s/Hz
[67025 ms] [UE 33952] UL: SNR = 63.50 dB | SE = 20.778 bit/s/Hz
[67025 ms] [UE 12169] UL: SNR = 63.50 dB | SE = 20.778 bit/s/Hz
[67025 ms] [UE 22873] UL: SNR = 8.50 dB | SE = 2.969 bit/s/Hz
[67025 ms] [UE 30556] UL: SNR = 63.50 dB | SE = 20.778 bit/s/Hz
[67025 ms] [UE 20945] UL: SNR = 53.50 dB | SE = 17.506 bit/s/Hz
[67126 ms] [UE 33952] UL: SNR = 63.50 dB | SE = 20.778 bit/s/Hz
[67126 ms] [UE 12169] UL: SNR = 63.50 dB | SE = 20.778 bit/s/Hz
[67126 ms] [UE 22873] UL: SNR = 8.50 dB | SE = 2.969 bit/s/Hz
[67126 ms] [UE 30556] UL: SNR = 63.50 dB | SE = 20.778 bit/s/Hz
[67126 ms] [UE 20945] UL: SNR = 53.50 dB | SE = 17.506 bit/s/Hz
[67134 ms] [UE 45898] UL: SNR = 63.50 dB | SE = 20.778 bit/s/Hz
[67134 ms] [UE 36997] UL: SNR = 63.50 dB | SE = 20.778 bit/s/Hz
[67134 ms] [UE 48787] UL: SNR = 63.50 dB | SE = 20.778 bit/s/Hz
[67134 ms] [UE 40252] UL: SNR = 56.00 dB | SE = 18.324 bit/s/Hz
[67134 ms] [UE 15599] UL: SNR = 52.50 dB | SE = 17.179 bit/s/Hz
[67235 ms] [UE 33952] UL: SNR = 6.50 dB | SE = 2.414 bit/s/Hz
[67235 ms] [UE 12169] UL: SNR = 63.50 dB | SE = 20.778 bit/s/Hz
[67235 ms] [UE 22873] UL: SNR = 8.50 dB | SE = 2.969 bit/s/Hz
[67235 ms] [UE 30556] UL: SNR = 63.50 dB | SE = 20.778 bit/s/Hz
[67235 ms] [UE 20945] UL: SNR = 63.50 dB | SE = 20.778 bit/s/Hz
[67244 ms] [UE 45898] UL: SNR = 63.50 dB | SE = 20.778 bit/s/Hz
[67244 ms] [UE 36997] UL: SNR = 63.50 dB | SE = 20.778 bit/s/Hz
[67244 ms] [UE 48787] UL: SNR = 63.50 dB | SE = 20.778 bit/s/Hz
[67244 ms] [UE 40252] UL: SNR = 56.00 dB | SE = 18.324 bit/s/Hz
[67244 ms] [UE 15599] UL: SNR = 52.50 dB | SE = 17.179 bit/s/Hz
[67345 ms] [UE 33952] UL: SNR = 6.50 dB | SE = 2.414 bit/s/Hz
[67345 ms] [UE 12169] UL: SNR = 63.50 dB | SE = 20.778 bit/s/Hz
[67345 ms] [UE 22873] UL: SNR = 8.50 dB | SE = 2.969 bit/s/Hz
[67345 ms] [UE 30556] UL: SNR = 63.50 dB | SE = 20.778 bit/s/Hz
[67345 ms] [UE 20945] UL: SNR = 63.50 dB | SE = 20.778 bit/s/Hz
[67353 ms] [UE 45898] UL: SNR = 63.50 dB | SE = 20.778 bit/s/Hz
[67353 ms] [UE 36997] UL: SNR = 63.50 dB | SE = 20.778 bit/s/Hz
[67353 ms] [UE 48787] UL: SNR = 63.50 dB | SE = 20.778 bit/s/Hz
[67353 ms] [UE 40252] UL: SNR = 56.00 dB | SE = 18.324 bit/s/Hz
[67353 ms] [UE 15599] UL: SNR = 52.50 dB | SE = 17.179 bit/s/Hz
[67446 ms] [UE 33952] UL: SNR = 6.50 dB | SE = 2.414 bit/s/Hz
[67446 ms] [UE 12169] UL: SNR = 63.50 dB | SE = 20.778 bit/s/Hz
[67446 ms] [UE 22873] UL: SNR = 8.50 dB | SE = 2.969 bit/s/Hz
[67446 ms] [UE 30556] UL: SNR = 63.50 dB | SE = 20.778 bit/s/Hz
[67446 ms] [UE 20945] UL: SNR = 63.50 dB | SE = 20.778 bit/s/Hz
[67453 ms] [UE 45898] UL: SNR = 63.50 dB | SE = 20.778 bit/s/Hz
[67453 ms] [UE 36997] UL: SNR = 63.50 dB | SE = 20.778 bit/s/Hz
[67453 ms] [UE 48787] UL: SNR = 63.50 dB | SE = 20.778 bit/s/Hz
[67453 ms] [UE 40252] UL: SNR = 56.00 dB | SE = 18.324 bit/s/Hz
[67453 ms] [UE 15599] UL: SNR = 52.50 dB | SE = 17.179 bit/s/Hz
[67555 ms] [UE 33952] UL: SNR = 6.50 dB | SE = 2.414 bit/s/Hz
[67555 ms] [UE 12169] UL: SNR = 63.50 dB | SE = 20.778 bit/s/Hz
[67555 ms] [UE 22873] UL: SNR = 8.50 dB | SE = 2.969 bit/s/Hz
[67555 ms] [UE 30556] UL: SNR = 63.50 dB | SE = 20.778 bit/s/Hz
[67555 ms] [UE 20945] UL: SNR = 63.50 dB | SE = 20.778 bit/s/Hz
[67563 ms] [UE 45898] UL: SNR = 63.50 dB | SE = 20.778 bit/s/Hz
[67563 ms] [UE 36997] UL: SNR = 63.50 dB | SE = 20.778 bit/s/Hz
[67563 ms] [UE 48787] UL: SNR = 63.50 dB | SE = 20.778 bit/s/Hz
[67563 ms] [UE 40252] UL: SNR = 56.00 dB | SE = 18.324 bit/s/Hz
[67563 ms] [UE 15599] UL: SNR = 52.50 dB | SE = 17.179 bit/s/Hz
[67655 ms] [UE 33952] UL: SNR = 6.50 dB | SE = 2.414 bit/s/Hz
[67655 ms] [UE 12169] UL: SNR = 63.50 dB | SE = 20.778 bit/s/Hz
[67655 ms] [UE 22873] UL: SNR = 8.50 dB | SE = 2.969 bit/s/Hz
[67655 ms] [UE 30556] UL: SNR = 63.50 dB | SE = 20.778 bit/s/Hz
[67655 ms] [UE 20945] UL: SNR = 63.50 dB | SE = 20.778 bit/s/Hz
[67664 ms] [UE 45898] UL: SNR = 63.50 dB | SE = 20.778 bit/s/Hz
[67664 ms] [UE 36997] UL: SNR = 63.50 dB | SE = 20.778 bit/s/Hz
[67664 ms] [UE 48787] UL: SNR = 63.50 dB | SE = 20.778 bit/s/Hz
[67664 ms] [UE 40252] UL: SNR = 56.00 dB | SE = 18.324 bit/s/Hz
[67664 ms] [UE 15599] UL: SNR = 52.50 dB | SE = 17.179 bit/s/Hz
[67756 ms] [UE 33952] UL: SNR = 6.50 dB | SE = 2.414 bit/s/Hz
[67756 ms] [UE 12169] UL: SNR = 63.50 dB | SE = 20.778 bit/s/Hz
[67756 ms] [UE 22873] UL: SNR = 8.50 dB | SE = 2.969 bit/s/Hz
[67756 ms] [UE 30556] UL: SNR = 63.50 dB | SE = 20.778 bit/s/Hz
[67756 ms] [UE 20945] UL: SNR = 63.50 dB | SE = 20.778 bit/s/Hz
[67773 ms] [UE 45898] UL: SNR = 63.50 dB | SE = 20.778 bit/s/Hz
[67773 ms] [UE 36997] UL: SNR = 63.50 dB | SE = 20.778 bit/s/Hz
[67773 ms] [UE 48787] UL: SNR = 63.50 dB | SE = 20.778 bit/s/Hz
[67773 ms] [UE 40252] UL: SNR = 56.00 dB | SE = 18.324 bit/s/Hz
[67773 ms] [UE 15599] UL: SNR = 52.50 dB | SE = 17.179 bit/s/Hz
[67865 ms] [UE 33952] UL: SNR = 6.50 dB | SE = 2.414 bit/s/Hz
[67865 ms] [UE 12169] UL: SNR = 63.50 dB | SE = 20.778 bit/s/Hz
[67865 ms] [UE 22873] UL: SNR = 8.50 dB | SE = 2.969 bit/s/Hz
[67865 ms] [UE 30556] UL: SNR = 63.50 dB | SE = 20.778 bit/s/Hz
[67865 ms] [UE 20945] UL: SNR = 63.50 dB | SE = 20.778 bit/s/Hz
[67873 ms] [UE 45898] UL: SNR = 63.50 dB | SE = 20.778 bit/s/Hz
[67873 ms] [UE 36997] UL: SNR = 63.50 dB | SE = 20.778 bit/s/Hz
[67873 ms] [UE 48787] UL: SNR = 63.50 dB | SE = 20.778 bit/s/Hz
[67873 ms] [UE 40252] UL: SNR = 56.00 dB | SE = 18.324 bit/s/Hz
[67873 ms] [UE 15599] UL: SNR = 52.50 dB | SE = 17.179 bit/s/Hz
[67965 ms] [UE 33952] UL: SNR = 6.50 dB | SE = 2.414 bit/s/Hz
[67965 ms] [UE 12169] UL: SNR = 63.50 dB | SE = 20.778 bit/s/Hz
[67965 ms] [UE 22873] UL: SNR = 8.50 dB | SE = 2.969 bit/s/Hz
[67965 ms] [UE 30556] UL: SNR = 63.50 dB | SE = 20.778 bit/s/Hz
[67965 ms] [UE 20945] UL: SNR = 63.50 dB | SE = 20.778 bit/s/Hz
[67974 ms] [UE 45898] UL: SNR = 63.50 dB | SE = 20.778 bit/s/Hz
[67974 ms] [UE 36997] UL: SNR = 63.50 dB | SE = 20.778 bit/s/Hz
[67974 ms] [UE 48787] UL: SNR = 63.50 dB | SE = 20.778 bit/s/Hz
[67974 ms] [UE 40252] UL: SNR = 56.00 dB | SE = 18.324 bit/s/Hz
[67974 ms] [UE 15599] UL: SNR = 52.50 dB | SE = 17.179 bit/s/Hz
[68075 ms] [UE 33952] UL: SNR = 6.50 dB | SE = 2.414 bit/s/Hz
[68075 ms] [UE 12169] UL: SNR = 63.50 dB | SE = 20.778 bit/s/Hz
[68075 ms] [UE 22873] UL: SNR = 8.50 dB | SE = 2.969 bit/s/Hz
[68075 ms] [UE 30556] UL: SNR = 63.50 dB | SE = 20.778 bit/s/Hz
[68075 ms] [UE 20945] UL: SNR = 63.50 dB | SE = 20.778 bit/s/Hz
[68083 ms] [UE 45898] UL: SNR = 63.50 dB | SE = 20.778 bit/s/Hz
[68083 ms] [UE 36997] UL: SNR = 63.50 dB | SE = 20.778 bit/s/Hz
[68083 ms] [UE 48787] UL: SNR = 63.50 dB | SE = 20.778 bit/s/Hz
[68083 ms] [UE 40252] UL: SNR = 56.00 dB | SE = 18.324 bit/s/Hz
[68083 ms] [UE 15599] UL: SNR = 52.50 dB | SE = 17.179 bit/s/Hz
[68176 ms] [UE 33952] UL: SNR = 6.50 dB | SE = 2.414 bit/s/Hz
[68176 ms] [UE 12169] UL: SNR = 63.50 dB | SE = 20.778 bit/s/Hz
[68176 ms] [UE 22873] UL: SNR = 8.50 dB | SE = 2.969 bit/s/Hz
[68176 ms] [UE 30556] UL: SNR = 63.50 dB | SE = 20.778 bit/s/Hz
[68176 ms] [UE 20945] UL: SNR = 63.50 dB | SE = 20.778 bit/s/Hz
[68183 ms] [UE 45898] UL: SNR = 63.50 dB | SE = 20.778 bit/s/Hz
[68183 ms] [UE 36997] UL: SNR = 63.50 dB | SE = 20.778 bit/s/Hz
[68183 ms] [UE 48787] UL: SNR = 63.50 dB | SE = 20.778 bit/s/Hz
[68183 ms] [UE 40252] UL: SNR = 56.00 dB | SE = 18.324 bit/s/Hz
[68183 ms] [UE 15599] UL: SNR = 52.50 dB | SE = 17.179 bit/s/Hz
[68277 ms] [UE 33952] UL: SNR = 6.50 dB | SE = 2.414 bit/s/Hz
[68277 ms] [UE 12169] UL: SNR = 63.50 dB | SE = 20.778 bit/s/Hz
[68277 ms] [UE 22873] UL: SNR = 8.50 dB | SE = 2.969 bit/s/Hz
[68277 ms] [UE 30556] UL: SNR = 63.50 dB | SE = 20.778 bit/s/Hz
[68277 ms] [UE 20945] UL: SNR = 63.50 dB | SE = 20.778 bit/s/Hz
[68293 ms] [UE 45898] UL: SNR = 63.50 dB | SE = 20.778 bit/s/Hz
[68293 ms] [UE 36997] UL: SNR = 63.50 dB | SE = 20.778 bit/s/Hz
[68293 ms] [UE 48787] UL: SNR = 63.50 dB | SE = 20.778 bit/s/Hz
[68293 ms] [UE 40252] UL: SNR = 56.00 dB | SE = 18.324 bit/s/Hz
[68293 ms] [UE 15599] UL: SNR = 52.50 dB | SE = 17.179 bit/s/Hz
[68385 ms] [UE 33952] UL: SNR = 6.50 dB | SE = 2.414 bit/s/Hz
[68385 ms] [UE 12169] UL: SNR = 63.50 dB | SE = 20.778 bit/s/Hz
[68385 ms] [UE 22873] UL: SNR = 8.50 dB | SE = 2.969 bit/s/Hz
[68385 ms] [UE 30556] UL: SNR = 63.50 dB | SE = 20.778 bit/s/Hz
[68385 ms] [UE 20945] UL: SNR = 63.50 dB | SE = 20.778 bit/s/Hz
[68393 ms] [UE 45898] UL: SNR = 63.50 dB | SE = 20.778 bit/s/Hz
[68393 ms] [UE 36997] UL: SNR = 63.50 dB | SE = 20.778 bit/s/Hz
[68393 ms] [UE 48787] UL: SNR = 63.50 dB | SE = 20.778 bit/s/Hz
[68393 ms] [UE 40252] UL: SNR = 56.00 dB | SE = 18.324 bit/s/Hz
[68393 ms] [UE 15599] UL: SNR = 52.50 dB | SE = 17.179 bit/s/Hz
[68485 ms] [UE 33952] UL: SNR = 6.50 dB | SE = 2.414 bit/s/Hz
[68485 ms] [UE 12169] UL: SNR = 63.50 dB | SE = 20.778 bit/s/Hz
[68485 ms] [UE 22873] UL: SNR = 8.50 dB | SE = 2.969 bit/s/Hz
[68485 ms] [UE 30556] UL: SNR = 63.50 dB | SE = 20.778 bit/s/Hz
[68485 ms] [UE 20945] UL: SNR = 63.50 dB | SE = 20.778 bit/s/Hz
[68494 ms] [UE 45898] UL: SNR = 63.50 dB | SE = 20.778 bit/s/Hz
[68494 ms] [UE 36997] UL: SNR = 63.50 dB | SE = 20.778 bit/s/Hz
[68494 ms] [UE 48787] UL: SNR = 63.50 dB | SE = 20.778 bit/s/Hz
[68494 ms] [UE 40252] UL: SNR = 56.00 dB | SE = 18.324 bit/s/Hz
[68494 ms] [UE 15599] UL: SNR = 52.50 dB | SE = 17.179 bit/s/Hz
[68585 ms] [UE 33952] UL: SNR = 6.50 dB | SE = 2.414 bit/s/Hz
[68585 ms] [UE 12169] UL: SNR = 63.50 dB | SE = 20.778 bit/s/Hz
[68585 ms] [UE 22873] UL: SNR = 8.50 dB | SE = 2.969 bit/s/Hz
[68585 ms] [UE 30556] UL: SNR = 63.50 dB | SE = 20.778 bit/s/Hz
[68585 ms] [UE 20945] UL: SNR = 63.50 dB | SE = 20.778 bit/s/Hz
[68603 ms] [UE 45898] UL: SNR = 63.50 dB | SE = 20.778 bit/s/Hz
[68603 ms] [UE 36997] UL: SNR = 63.50 dB | SE = 20.778 bit/s/Hz
[68603 ms] [UE 48787] UL: SNR = 63.50 dB | SE = 20.778 bit/s/Hz
[68603 ms] [UE 40252] UL: SNR = 56.00 dB | SE = 18.324 bit/s/Hz
[68603 ms] [UE 15599] UL: SNR = 52.50 dB | SE = 17.179 bit/s/Hz
[68686 ms] [UE 33952] UL: SNR = 6.50 dB | SE = 2.414 bit/s/Hz
[68686 ms] [UE 12169] UL: SNR = 63.50 dB | SE = 20.778 bit/s/Hz
[68686 ms] [UE 22873] UL: SNR = 8.50 dB | SE = 2.969 bit/s/Hz
[68686 ms] [UE 30556] UL: SNR = 63.50 dB | SE = 20.778 bit/s/Hz
[68686 ms] [UE 20945] UL: SNR = 63.50 dB | SE = 20.778 bit/s/Hz
[68704 ms] [UE 45898] UL: SNR = 63.50 dB | SE = 20.778 bit/s/Hz
[68704 ms] [UE 36997] UL: SNR = 63.50 dB | SE = 20.778 bit/s/Hz
[68704 ms] [UE 48787] UL: SNR = 63.50 dB | SE = 20.778 bit/s/Hz
[68704 ms] [UE 40252] UL: SNR = 56.00 dB | SE = 18.324 bit/s/Hz
[68704 ms] [UE 15599] UL: SNR = 52.50 dB | SE = 17.179 bit/s/Hz
[68795 ms] [UE 33952] UL: SNR = 6.50 dB | SE = 2.414 bit/s/Hz
[68795 ms] [UE 12169] UL: SNR = 63.50 dB | SE = 20.778 bit/s/Hz
[68795 ms] [UE 22873] UL: SNR = 8.50 dB | SE = 2.969 bit/s/Hz
[68795 ms] [UE 30556] UL: SNR = 63.50 dB | SE = 20.778 bit/s/Hz
[68795 ms] [UE 20945] UL: SNR = 63.50 dB | SE = 20.778 bit/s/Hz
[68813 ms] [UE 45898] UL: SNR = 63.50 dB | SE = 20.778 bit/s/Hz
[68813 ms] [UE 36997] UL: SNR = 63.50 dB | SE = 20.778 bit/s/Hz
[68813 ms] [UE 48787] UL: SNR = 63.50 dB | SE = 20.778 bit/s/Hz
[68813 ms] [UE 40252] UL: SNR = 56.00 dB | SE = 18.324 bit/s/Hz
[68813 ms] [UE 15599] UL: SNR = 52.50 dB | SE = 17.179 bit/s/Hz
[68905 ms] [UE 33952] UL: SNR = 6.50 dB | SE = 2.414 bit/s/Hz
[68905 ms] [UE 12169] UL: SNR = 63.50 dB | SE = 20.778 bit/s/Hz
[68905 ms] [UE 22873] UL: SNR = 8.50 dB | SE = 2.969 bit/s/Hz
[68905 ms] [UE 30556] UL: SNR = 63.50 dB | SE = 20.778 bit/s/Hz
[68905 ms] [UE 20945] UL: SNR = 63.50 dB | SE = 20.778 bit/s/Hz
[68914 ms] [UE 45898] UL: SNR = 63.50 dB | SE = 20.778 bit/s/Hz
[68914 ms] [UE 36997] UL: SNR = 63.50 dB | SE = 20.778 bit/s/Hz
[68914 ms] [UE 48787] UL: SNR = 63.50 dB | SE = 20.778 bit/s/Hz
[68914 ms] [UE 40252] UL: SNR = 56.00 dB | SE = 18.324 bit/s/Hz
[68914 ms] [UE 15599] UL: SNR = 52.50 dB | SE = 17.179 bit/s/Hz
[69015 ms] [UE 33952] UL: SNR = 6.50 dB | SE = 2.414 bit/s/Hz
[69015 ms] [UE 12169] UL: SNR = 63.50 dB | SE = 20.778 bit/s/Hz
[69015 ms] [UE 22873] UL: SNR = 8.50 dB | SE = 2.969 bit/s/Hz
[69015 ms] [UE 30556] UL: SNR = 63.50 dB | SE = 20.778 bit/s/Hz
[69015 ms] [UE 20945] UL: SNR = 63.50 dB | SE = 20.778 bit/s/Hz
[69023 ms] [UE 45898] UL: SNR = 63.50 dB | SE = 20.778 bit/s/Hz
[69023 ms] [UE 36997] UL: SNR = 63.50 dB | SE = 20.778 bit/s/Hz
[69023 ms] [UE 48787] UL: SNR = 63.50 dB | SE = 20.778 bit/s/Hz
[69023 ms] [UE 40252] UL: SNR = 56.00 dB | SE = 18.324 bit/s/Hz
[69023 ms] [UE 15599] UL: SNR = 52.50 dB | SE = 17.179 bit/s/Hz
[69116 ms] [UE 33952] UL: SNR = 6.50 dB | SE = 2.414 bit/s/Hz
[69116 ms] [UE 12169] UL: SNR = 63.50 dB | SE = 20.778 bit/s/Hz
[69116 ms] [UE 22873] UL: SNR = 8.50 dB | SE = 2.969 bit/s/Hz
[69116 ms] [UE 30556] UL: SNR = 63.50 dB | SE = 20.778 bit/s/Hz
[69116 ms] [UE 20945] UL: SNR = 63.50 dB | SE = 20.778 bit/s/Hz
[69123 ms] [UE 45898] UL: SNR = 63.50 dB | SE = 20.778 bit/s/Hz
[69123 ms] [UE 36997] UL: SNR = 63.50 dB | SE = 20.778 bit/s/Hz
[69123 ms] [UE 48787] UL: SNR = 63.50 dB | SE = 20.778 bit/s/Hz
[69123 ms] [UE 40252] UL: SNR = 56.00 dB | SE = 18.324 bit/s/Hz
[69123 ms] [UE 15599] UL: SNR = 52.50 dB | SE = 17.179 bit/s/Hz
[69225 ms] [UE 33952] UL: SNR = 6.50 dB | SE = 2.414 bit/s/Hz
[69225 ms] [UE 12169] UL: SNR = 63.50 dB | SE = 20.778 bit/s/Hz
[69225 ms] [UE 22873] UL: SNR = 8.50 dB | SE = 2.969 bit/s/Hz
[69225 ms] [UE 30556] UL: SNR = 63.50 dB | SE = 20.778 bit/s/Hz
[69225 ms] [UE 20945] UL: SNR = 63.50 dB | SE = 20.778 bit/s/Hz
[69233 ms] [UE 45898] UL: SNR = 63.50 dB | SE = 20.778 bit/s/Hz
[69233 ms] [UE 36997] UL: SNR = 63.50 dB | SE = 20.778 bit/s/Hz
[69233 ms] [UE 48787] UL: SNR = 63.50 dB | SE = 20.778 bit/s/Hz
[69233 ms] [UE 40252] UL: SNR = 56.00 dB | SE = 18.324 bit/s/Hz
[69233 ms] [UE 15599] UL: SNR = 52.50 dB | SE = 17.179 bit/s/Hz
[69326 ms] [UE 33952] UL: SNR = 6.50 dB | SE = 2.414 bit/s/Hz
[69326 ms] [UE 12169] UL: SNR = 63.50 dB | SE = 20.778 bit/s/Hz
[69326 ms] [UE 22873] UL: SNR = 8.50 dB | SE = 2.969 bit/s/Hz
[69326 ms] [UE 30556] UL: SNR = 63.50 dB | SE = 20.778 bit/s/Hz
[69326 ms] [UE 20945] UL: SNR = 63.50 dB | SE = 20.778 bit/s/Hz
[69334 ms] [UE 45898] UL: SNR = 63.50 dB | SE = 20.778 bit/s/Hz
[69334 ms] [UE 36997] UL: SNR = 63.50 dB | SE = 20.778 bit/s/Hz
[69334 ms] [UE 48787] UL: SNR = 63.50 dB | SE = 20.778 bit/s/Hz
[69334 ms] [UE 40252] UL: SNR = 56.00 dB | SE = 18.324 bit/s/Hz
[69334 ms] [UE 15599] UL: SNR = 52.50 dB | SE = 17.179 bit/s/Hz
[69435 ms] [UE 33952] UL: SNR = 6.50 dB | SE = 2.414 bit/s/Hz
[69435 ms] [UE 12169] UL: SNR = 63.50 dB | SE = 20.778 bit/s/Hz
[69435 ms] [UE 22873] UL: SNR = 8.50 dB | SE = 2.969 bit/s/Hz
[69435 ms] [UE 30556] UL: SNR = 63.50 dB | SE = 20.778 bit/s/Hz
[69435 ms] [UE 20945] UL: SNR = 63.50 dB | SE = 20.778 bit/s/Hz
[69443 ms] [UE 45898] UL: SNR = 63.50 dB | SE = 20.778 bit/s/Hz
[69443 ms] [UE 36997] UL: SNR = 63.50 dB | SE = 20.778 bit/s/Hz
[69443 ms] [UE 48787] UL: SNR = 63.50 dB | SE = 20.778 bit/s/Hz
[69443 ms] [UE 40252] UL: SNR = 56.00 dB | SE = 18.324 bit/s/Hz
[69443 ms] [UE 15599] UL: SNR = 52.50 dB | SE = 17.179 bit/s/Hz
[69545 ms] [UE 33952] UL: SNR = 6.50 dB | SE = 2.414 bit/s/Hz
[69545 ms] [UE 12169] UL: SNR = 63.50 dB | SE = 20.778 bit/s/Hz
[69545 ms] [UE 22873] UL: SNR = 8.50 dB | SE = 2.969 bit/s/Hz
[69545 ms] [UE 30556] UL: SNR = 63.50 dB | SE = 20.778 bit/s/Hz
[69545 ms] [UE 20945] UL: SNR = 63.50 dB | SE = 20.778 bit/s/Hz
[69553 ms] [UE 45898] UL: SNR = 63.50 dB | SE = 20.778 bit/s/Hz
[69553 ms] [UE 36997] UL: SNR = 63.50 dB | SE = 20.778 bit/s/Hz
[69553 ms] [UE 48787] UL: SNR = 63.50 dB | SE = 20.778 bit/s/Hz
[69553 ms] [UE 40252] UL: SNR = 56.00 dB | SE = 18.324 bit/s/Hz
[69553 ms] [UE 15599] UL: SNR = 52.50 dB | SE = 17.179 bit/s/Hz
[69655 ms] [UE 33952] UL: SNR = 6.50 dB | SE = 2.414 bit/s/Hz
[69655 ms] [UE 12169] UL: SNR = 63.50 dB | SE = 20.778 bit/s/Hz
[69655 ms] [UE 22873] UL: SNR = 8.50 dB | SE = 2.969 bit/s/Hz
[69655 ms] [UE 30556] UL: SNR = 63.50 dB | SE = 20.778 bit/s/Hz
[69655 ms] [UE 20945] UL: SNR = 63.50 dB | SE = 20.778 bit/s/Hz
[69663 ms] [UE 45898] UL: SNR = 63.50 dB | SE = 20.778 bit/s/Hz
[69663 ms] [UE 36997] UL: SNR = 63.50 dB | SE = 20.778 bit/s/Hz
[69663 ms] [UE 48787] UL: SNR = 63.50 dB | SE = 20.778 bit/s/Hz
[69663 ms] [UE 40252] UL: SNR = 56.00 dB | SE = 18.324 bit/s/Hz
[69663 ms] [UE 15599] UL: SNR = 52.50 dB | SE = 17.179 bit/s/Hz
[69758 ms] [UE 33952] UL: SNR = 6.50 dB | SE = 2.414 bit/s/Hz
[69758 ms] [UE 12169] UL: SNR = 63.50 dB | SE = 20.778 bit/s/Hz
[69758 ms] [UE 22873] UL: SNR = 8.50 dB | SE = 2.969 bit/s/Hz
[69758 ms] [UE 30556] UL: SNR = 63.50 dB | SE = 20.778 bit/s/Hz
[69758 ms] [UE 20945] UL: SNR = 63.50 dB | SE = 20.778 bit/s/Hz
[69773 ms] [UE 45898] UL: SNR = 63.50 dB | SE = 20.778 bit/s/Hz
[69773 ms] [UE 36997] UL: SNR = 63.50 dB | SE = 20.778 bit/s/Hz
[69773 ms] [UE 48787] UL: SNR = 63.50 dB | SE = 20.778 bit/s/Hz
[69773 ms] [UE 40252] UL: SNR = 56.00 dB | SE = 18.324 bit/s/Hz
[69773 ms] [UE 15599] UL: SNR = 52.50 dB | SE = 17.179 bit/s/Hz
[69865 ms] [UE 33952] UL: SNR = 6.50 dB | SE = 2.414 bit/s/Hz
[69865 ms] [UE 12169] UL: SNR = 63.50 dB | SE = 20.778 bit/s/Hz
[69865 ms] [UE 22873] UL: SNR = 8.50 dB | SE = 2.969 bit/s/Hz
[69865 ms] [UE 30556] UL: SNR = 63.50 dB | SE = 20.778 bit/s/Hz
[69865 ms] [UE 20945] UL: SNR = 63.50 dB | SE = 20.778 bit/s/Hz
[69874 ms] [UE 45898] UL: SNR = 63.50 dB | SE = 20.778 bit/s/Hz
[69874 ms] [UE 36997] UL: SNR = 63.50 dB | SE = 20.778 bit/s/Hz
[69874 ms] [UE 48787] UL: SNR = 63.50 dB | SE = 20.778 bit/s/Hz
[69874 ms] [UE 40252] UL: SNR = 56.00 dB | SE = 18.324 bit/s/Hz
[69874 ms] [UE 15599] UL: SNR = 52.50 dB | SE = 17.179 bit/s/Hz
[69966 ms] [UE 33952] UL: SNR = 6.50 dB | SE = 2.414 bit/s/Hz
[69966 ms] [UE 12169] UL: SNR = 63.50 dB | SE = 20.778 bit/s/Hz
[69966 ms] [UE 22873] UL: SNR = 8.50 dB | SE = 2.969 bit/s/Hz
[69966 ms] [UE 30556] UL: SNR = 63.50 dB | SE = 20.778 bit/s/Hz
[69966 ms] [UE 20945] UL: SNR = 63.50 dB | SE = 20.778 bit/s/Hz
[69984 ms] [UE 45898] UL: SNR = 63.50 dB | SE = 20.778 bit/s/Hz
[69984 ms] [UE 36997] UL: SNR = 63.50 dB | SE = 20.778 bit/s/Hz
[69984 ms] [UE 48787] UL: SNR = 63.50 dB | SE = 20.778 bit/s/Hz
[69984 ms] [UE 40252] UL: SNR = 56.00 dB | SE = 18.324 bit/s/Hz
[69984 ms] [UE 15599] UL: SNR = 52.50 dB | SE = 17.179 bit/s/Hz
[70075 ms] [UE 33952] UL: SNR = 6.50 dB | SE = 2.414 bit/s/Hz
[70075 ms] [UE 12169] UL: SNR = 63.50 dB | SE = 20.778 bit/s/Hz
[70075 ms] [UE 22873] UL: SNR = 8.50 dB | SE = 2.969 bit/s/Hz
[70075 ms] [UE 30556] UL: SNR = 63.50 dB | SE = 20.778 bit/s/Hz
[70075 ms] [UE 20945] UL: SNR = 63.50 dB | SE = 20.778 bit/s/Hz
[70093 ms] [UE 45898] UL: SNR = 63.50 dB | SE = 20.778 bit/s/Hz
[70093 ms] [UE 36997] UL: SNR = 63.50 dB | SE = 20.778 bit/s/Hz
[70093 ms] [UE 48787] UL: SNR = 63.50 dB | SE = 20.778 bit/s/Hz
[70093 ms] [UE 40252] UL: SNR = 56.00 dB | SE = 18.324 bit/s/Hz
[70093 ms] [UE 15599] UL: SNR = 52.50 dB | SE = 17.179 bit/s/Hz
[70178 ms] [UE 33952] UL: SNR = 6.50 dB | SE = 2.414 bit/s/Hz
[70178 ms] [UE 12169] UL: SNR = 63.50 dB | SE = 20.778 bit/s/Hz
[70178 ms] [UE 22873] UL: SNR = 8.50 dB | SE = 2.969 bit/s/Hz
[70178 ms] [UE 30556] UL: SNR = 63.50 dB | SE = 20.778 bit/s/Hz
[70178 ms] [UE 20945] UL: SNR = 63.50 dB | SE = 20.778 bit/s/Hz
[70194 ms] [UE 45898] UL: SNR = 63.50 dB | SE = 20.778 bit/s/Hz
[70194 ms] [UE 36997] UL: SNR = 63.50 dB | SE = 20.778 bit/s/Hz
[70194 ms] [UE 48787] UL: SNR = 63.50 dB | SE = 20.778 bit/s/Hz
[70194 ms] [UE 40252] UL: SNR = 56.00 dB | SE = 18.324 bit/s/Hz
[70194 ms] [UE 15599] UL: SNR = 52.50 dB | SE = 17.179 bit/s/Hz
[70285 ms] [UE 33952] UL: SNR = 6.50 dB | SE = 2.414 bit/s/Hz
[70285 ms] [UE 12169] UL: SNR = 63.50 dB | SE = 20.778 bit/s/Hz
[70285 ms] [UE 22873] UL: SNR = 8.50 dB | SE = 2.969 bit/s/Hz
[70285 ms] [UE 30556] UL: SNR = 63.50 dB | SE = 20.778 bit/s/Hz
[70285 ms] [UE 20945] UL: SNR = 63.50 dB | SE = 20.778 bit/s/Hz
[70303 ms] [UE 45898] UL: SNR = 63.50 dB | SE = 20.778 bit/s/Hz
[70303 ms] [UE 36997] UL: SNR = 63.50 dB | SE = 20.778 bit/s/Hz
[70303 ms] [UE 48787] UL: SNR = 63.50 dB | SE = 20.778 bit/s/Hz
[70303 ms] [UE 40252] UL: SNR = 56.00 dB | SE = 18.324 bit/s/Hz
[70303 ms] [UE 15599] UL: SNR = 52.50 dB | SE = 17.179 bit/s/Hz
[70386 ms] [UE 33952] UL: SNR = 6.50 dB | SE = 2.414 bit/s/Hz
[70386 ms] [UE 12169] UL: SNR = 63.50 dB | SE = 20.778 bit/s/Hz
[70386 ms] [UE 22873] UL: SNR = 8.50 dB | SE = 2.969 bit/s/Hz
[70386 ms] [UE 30556] UL: SNR = 63.50 dB | SE = 20.778 bit/s/Hz
[70386 ms] [UE 20945] UL: SNR = 63.50 dB | SE = 20.778 bit/s/Hz
[70403 ms] [UE 45898] UL: SNR = 63.50 dB | SE = 20.778 bit/s/Hz
[70403 ms] [UE 36997] UL: SNR = 63.50 dB | SE = 20.778 bit/s/Hz
[70403 ms] [UE 48787] UL: SNR = 63.50 dB | SE = 20.778 bit/s/Hz
[70403 ms] [UE 40252] UL: SNR = 56.00 dB | SE = 18.324 bit/s/Hz
[70403 ms] [UE 15599] UL: SNR = 52.50 dB | SE = 17.179 bit/s/Hz
[70488 ms] [UE 33952] UL: SNR = 6.50 dB | SE = 2.414 bit/s/Hz
[70488 ms] [UE 12169] UL: SNR = 63.50 dB | SE = 20.778 bit/s/Hz
[70488 ms] [UE 22873] UL: SNR = 8.50 dB | SE = 2.969 bit/s/Hz
[70488 ms] [UE 30556] UL: SNR = 63.50 dB | SE = 20.778 bit/s/Hz
[70488 ms] [UE 20945] UL: SNR = 63.50 dB | SE = 20.778 bit/s/Hz
[70513 ms] [UE 45898] UL: SNR = 63.50 dB | SE = 20.778 bit/s/Hz
[70513 ms] [UE 36997] UL: SNR = 63.50 dB | SE = 20.778 bit/s/Hz
[70513 ms] [UE 48787] UL: SNR = 63.50 dB | SE = 20.778 bit/s/Hz
[70513 ms] [UE 40252] UL: SNR = 56.00 dB | SE = 18.324 bit/s/Hz
[70513 ms] [UE 15599] UL: SNR = 52.50 dB | SE = 17.179 bit/s/Hz
[70596 ms] [UE 33952] UL: SNR = 6.50 dB | SE = 2.414 bit/s/Hz
[70596 ms] [UE 12169] UL: SNR = 63.50 dB | SE = 20.778 bit/s/Hz
[70596 ms] [UE 22873] UL: SNR = 8.50 dB | SE = 2.969 bit/s/Hz
[70596 ms] [UE 30556] UL: SNR = 63.50 dB | SE = 20.778 bit/s/Hz
[70596 ms] [UE 20945] UL: SNR = 63.50 dB | SE = 20.778 bit/s/Hz
[70613 ms] [UE 45898] UL: SNR = 63.50 dB | SE = 20.778 bit/s/Hz
[70613 ms] [UE 36997] UL: SNR = 63.50 dB | SE = 20.778 bit/s/Hz
[70613 ms] [UE 48787] UL: SNR = 63.50 dB | SE = 20.778 bit/s/Hz
[70613 ms] [UE 40252] UL: SNR = 56.00 dB | SE = 18.324 bit/s/Hz
[70613 ms] [UE 15599] UL: SNR = 52.50 dB | SE = 17.179 bit/s/Hz
[70705 ms] [UE 33952] UL: SNR = 6.50 dB | SE = 2.414 bit/s/Hz
[70705 ms] [UE 12169] UL: SNR = 63.50 dB | SE = 20.778 bit/s/Hz
[70705 ms] [UE 22873] UL: SNR = 8.50 dB | SE = 2.969 bit/s/Hz
[70705 ms] [UE 30556] UL: SNR = 63.50 dB | SE = 20.778 bit/s/Hz
[70705 ms] [UE 20945] UL: SNR = 63.50 dB | SE = 20.778 bit/s/Hz
[70713 ms] [UE 45898] UL: SNR = 63.50 dB | SE = 20.778 bit/s/Hz
[70713 ms] [UE 36997] UL: SNR = 63.50 dB | SE = 20.778 bit/s/Hz
[70713 ms] [UE 48787] UL: SNR = 63.50 dB | SE = 20.778 bit/s/Hz
[70713 ms] [UE 40252] UL: SNR = 56.00 dB | SE = 18.324 bit/s/Hz
[70713 ms] [UE 15599] UL: SNR = 52.50 dB | SE = 17.179 bit/s/Hz
[70815 ms] [UE 33952] UL: SNR = 6.50 dB | SE = 2.414 bit/s/Hz
[70815 ms] [UE 12169] UL: SNR = 63.50 dB | SE = 20.778 bit/s/Hz
[70815 ms] [UE 22873] UL: SNR = 8.50 dB | SE = 2.969 bit/s/Hz
[70815 ms] [UE 30556] UL: SNR = 63.50 dB | SE = 20.778 bit/s/Hz
[70815 ms] [UE 20945] UL: SNR = 63.50 dB | SE = 20.778 bit/s/Hz
[70823 ms] [UE 45898] UL: SNR = 63.50 dB | SE = 20.778 bit/s/Hz
[70823 ms] [UE 36997] UL: SNR = 63.50 dB | SE = 20.778 bit/s/Hz
[70823 ms] [UE 48787] UL: SNR = 63.50 dB | SE = 20.778 bit/s/Hz
[70823 ms] [UE 40252] UL: SNR = 56.00 dB | SE = 18.324 bit/s/Hz
[70823 ms] [UE 15599] UL: SNR = 52.50 dB | SE = 17.179 bit/s/Hz
[70915 ms] [UE 33952] UL: SNR = 6.50 dB | SE = 2.414 bit/s/Hz
[70915 ms] [UE 12169] UL: SNR = 63.50 dB | SE = 20.778 bit/s/Hz
[70915 ms] [UE 22873] UL: SNR = 8.50 dB | SE = 2.969 bit/s/Hz
[70915 ms] [UE 30556] UL: SNR = 63.50 dB | SE = 20.778 bit/s/Hz
[70915 ms] [UE 20945] UL: SNR = 63.50 dB | SE = 20.778 bit/s/Hz
[70923 ms] [UE 45898] UL: SNR = 63.50 dB | SE = 20.778 bit/s/Hz
[70923 ms] [UE 36997] UL: SNR = 63.50 dB | SE = 20.778 bit/s/Hz
[70923 ms] [UE 48787] UL: SNR = 63.50 dB | SE = 20.778 bit/s/Hz
[70923 ms] [UE 40252] UL: SNR = 56.00 dB | SE = 18.324 bit/s/Hz
[70923 ms] [UE 15599] UL: SNR = 52.50 dB | SE = 17.179 bit/s/Hz
[71016 ms] [UE 33952] UL: SNR = 6.50 dB | SE = 2.414 bit/s/Hz
[71016 ms] [UE 12169] UL: SNR = 63.50 dB | SE = 20.778 bit/s/Hz
[71016 ms] [UE 22873] UL: SNR = 8.50 dB | SE = 2.969 bit/s/Hz
[71016 ms] [UE 30556] UL: SNR = 53.50 dB | SE = 17.506 bit/s/Hz
[71016 ms] [UE 20945] UL: SNR = 52.00 dB | SE = 17.015 bit/s/Hz
[71024 ms] [UE 45898] UL: SNR = 63.50 dB | SE = 20.778 bit/s/Hz
[71024 ms] [UE 36997] UL: SNR = 63.50 dB | SE = 20.778 bit/s/Hz
[71024 ms] [UE 48787] UL: SNR = 63.50 dB | SE = 20.778 bit/s/Hz
[71024 ms] [UE 40252] UL: SNR = 56.00 dB | SE = 18.324 bit/s/Hz
[71024 ms] [UE 15599] UL: SNR = 52.50 dB | SE = 17.179 bit/s/Hz
[71125 ms] [UE 33952] UL: SNR = 6.50 dB | SE = 2.414 bit/s/Hz
[71125 ms] [UE 12169] UL: SNR = 63.50 dB | SE = 20.778 bit/s/Hz
[71125 ms] [UE 22873] UL: SNR = 8.50 dB | SE = 2.969 bit/s/Hz
[71125 ms] [UE 30556] UL: SNR = 53.50 dB | SE = 17.506 bit/s/Hz
[71125 ms] [UE 20945] UL: SNR = 52.00 dB | SE = 17.015 bit/s/Hz
[71133 ms] [UE 45898] UL: SNR = 63.50 dB | SE = 20.778 bit/s/Hz
[71133 ms] [UE 36997] UL: SNR = 63.50 dB | SE = 20.778 bit/s/Hz
[71133 ms] [UE 48787] UL: SNR = 63.50 dB | SE = 20.778 bit/s/Hz
[71133 ms] [UE 40252] UL: SNR = 56.00 dB | SE = 18.324 bit/s/Hz
[71133 ms] [UE 15599] UL: SNR = 52.50 dB | SE = 17.179 bit/s/Hz
[71225 ms] [UE 33952] UL: SNR = 6.50 dB | SE = 2.414 bit/s/Hz
[71225 ms] [UE 12169] UL: SNR = 63.50 dB | SE = 20.778 bit/s/Hz
[71225 ms] [UE 22873] UL: SNR = 8.50 dB | SE = 2.969 bit/s/Hz
[71225 ms] [UE 30556] UL: SNR = 53.50 dB | SE = 17.506 bit/s/Hz
[71225 ms] [UE 20945] UL: SNR = 52.00 dB | SE = 17.015 bit/s/Hz
[71233 ms] [UE 45898] UL: SNR = 63.50 dB | SE = 20.778 bit/s/Hz
[71233 ms] [UE 36997] UL: SNR = 63.50 dB | SE = 20.778 bit/s/Hz
[71233 ms] [UE 48787] UL: SNR = 63.50 dB | SE = 20.778 bit/s/Hz
[71233 ms] [UE 40252] UL: SNR = 56.00 dB | SE = 18.324 bit/s/Hz
[71233 ms] [UE 15599] UL: SNR = 52.50 dB | SE = 17.179 bit/s/Hz
[71325 ms] [UE 33952] UL: SNR = 6.50 dB | SE = 2.414 bit/s/Hz
[71325 ms] [UE 12169] UL: SNR = 63.50 dB | SE = 20.778 bit/s/Hz
[71325 ms] [UE 22873] UL: SNR = 8.50 dB | SE = 2.969 bit/s/Hz
[71325 ms] [UE 30556] UL: SNR = 53.50 dB | SE = 17.506 bit/s/Hz
[71325 ms] [UE 20945] UL: SNR = 52.00 dB | SE = 17.015 bit/s/Hz
[71343 ms] [UE 45898] UL: SNR = 63.50 dB | SE = 20.778 bit/s/Hz
[71343 ms] [UE 36997] UL: SNR = 63.50 dB | SE = 20.778 bit/s/Hz
[71343 ms] [UE 48787] UL: SNR = 63.50 dB | SE = 20.778 bit/s/Hz
[71343 ms] [UE 40252] UL: SNR = 56.00 dB | SE = 18.324 bit/s/Hz
[71343 ms] [UE 15599] UL: SNR = 52.50 dB | SE = 17.179 bit/s/Hz
[71425 ms] [UE 33952] UL: SNR = 6.50 dB | SE = 2.414 bit/s/Hz
[71425 ms] [UE 12169] UL: SNR = 63.50 dB | SE = 20.778 bit/s/Hz
[71425 ms] [UE 22873] UL: SNR = 8.50 dB | SE = 2.969 bit/s/Hz
[71425 ms] [UE 30556] UL: SNR = 53.50 dB | SE = 17.506 bit/s/Hz
[71425 ms] [UE 20945] UL: SNR = 52.00 dB | SE = 17.015 bit/s/Hz
[71443 ms] [UE 45898] UL: SNR = 63.50 dB | SE = 20.778 bit/s/Hz
[71443 ms] [UE 36997] UL: SNR = 63.50 dB | SE = 20.778 bit/s/Hz
[71443 ms] [UE 48787] UL: SNR = 63.50 dB | SE = 20.778 bit/s/Hz
[71443 ms] [UE 40252] UL: SNR = 56.00 dB | SE = 18.324 bit/s/Hz
[71443 ms] [UE 15599] UL: SNR = 52.50 dB | SE = 17.179 bit/s/Hz
[71525 ms] [UE 33952] UL: SNR = 6.50 dB | SE = 2.414 bit/s/Hz
[71525 ms] [UE 12169] UL: SNR = 63.50 dB | SE = 20.778 bit/s/Hz
[71525 ms] [UE 22873] UL: SNR = 63.50 dB | SE = 20.778 bit/s/Hz
[71525 ms] [UE 30556] UL: SNR = 53.50 dB | SE = 17.506 bit/s/Hz
[71525 ms] [UE 20945] UL: SNR = 52.00 dB | SE = 17.015 bit/s/Hz
[71553 ms] [UE 45898] UL: SNR = 63.50 dB | SE = 20.778 bit/s/Hz
[71553 ms] [UE 36997] UL: SNR = 63.50 dB | SE = 20.778 bit/s/Hz
[71553 ms] [UE 48787] UL: SNR = 63.50 dB | SE = 20.778 bit/s/Hz
[71553 ms] [UE 40252] UL: SNR = 56.00 dB | SE = 18.324 bit/s/Hz
[71553 ms] [UE 15599] UL: SNR = 52.50 dB | SE = 17.179 bit/s/Hz
[71635 ms] [UE 33952] UL: SNR = 6.50 dB | SE = 2.414 bit/s/Hz
[71635 ms] [UE 12169] UL: SNR = 63.50 dB | SE = 20.778 bit/s/Hz
[71635 ms] [UE 22873] UL: SNR = 63.50 dB | SE = 20.778 bit/s/Hz
[71635 ms] [UE 30556] UL: SNR = 53.50 dB | SE = 17.506 bit/s/Hz
[71635 ms] [UE 20945] UL: SNR = 52.00 dB | SE = 17.015 bit/s/Hz
[71653 ms] [UE 45898] UL: SNR = 63.50 dB | SE = 20.778 bit/s/Hz
[71653 ms] [UE 36997] UL: SNR = 63.50 dB | SE = 20.778 bit/s/Hz
[71653 ms] [UE 48787] UL: SNR = 63.50 dB | SE = 20.778 bit/s/Hz
[71653 ms] [UE 40252] UL: SNR = 56.00 dB | SE = 18.324 bit/s/Hz
[71653 ms] [UE 15599] UL: SNR = 52.50 dB | SE = 17.179 bit/s/Hz
[71735 ms] [UE 33952] UL: SNR = 6.50 dB | SE = 2.414 bit/s/Hz
[71735 ms] [UE 12169] UL: SNR = 63.50 dB | SE = 20.778 bit/s/Hz
[71735 ms] [UE 22873] UL: SNR = 63.50 dB | SE = 20.778 bit/s/Hz
[71735 ms] [UE 30556] UL: SNR = 53.50 dB | SE = 17.506 bit/s/Hz
[71735 ms] [UE 20945] UL: SNR = 52.00 dB | SE = 17.015 bit/s/Hz
[71763 ms] [UE 45898] UL: SNR = 63.50 dB | SE = 20.778 bit/s/Hz
[71763 ms] [UE 36997] UL: SNR = 63.50 dB | SE = 20.778 bit/s/Hz
[71763 ms] [UE 48787] UL: SNR = 63.50 dB | SE = 20.778 bit/s/Hz
[71763 ms] [UE 40252] UL: SNR = 56.00 dB | SE = 18.324 bit/s/Hz
[71763 ms] [UE 15599] UL: SNR = 52.50 dB | SE = 17.179 bit/s/Hz
[71836 ms] [UE 33952] UL: SNR = 6.50 dB | SE = 2.414 bit/s/Hz
[71836 ms] [UE 12169] UL: SNR = 63.50 dB | SE = 20.778 bit/s/Hz
[71836 ms] [UE 22873] UL: SNR = 63.50 dB | SE = 20.778 bit/s/Hz
[71836 ms] [UE 30556] UL: SNR = 63.50 dB | SE = 20.778 bit/s/Hz
[71836 ms] [UE 20945] UL: SNR = 52.00 dB | SE = 17.015 bit/s/Hz
[71873 ms] [UE 45898] UL: SNR = 63.50 dB | SE = 20.778 bit/s/Hz
[71873 ms] [UE 36997] UL: SNR = 63.50 dB | SE = 20.778 bit/s/Hz
[71873 ms] [UE 48787] UL: SNR = 63.50 dB | SE = 20.778 bit/s/Hz
[71873 ms] [UE 40252] UL: SNR = 56.00 dB | SE = 18.324 bit/s/Hz
[71873 ms] [UE 15599] UL: SNR = 52.50 dB | SE = 17.179 bit/s/Hz
[71946 ms] [UE 33952] UL: SNR = 6.50 dB | SE = 2.414 bit/s/Hz
[71946 ms] [UE 12169] UL: SNR = 63.50 dB | SE = 20.778 bit/s/Hz
[71946 ms] [UE 22873] UL: SNR = 63.50 dB | SE = 20.778 bit/s/Hz
[71946 ms] [UE 30556] UL: SNR = 63.50 dB | SE = 20.778 bit/s/Hz
[71946 ms] [UE 20945] UL: SNR = 52.00 dB | SE = 17.015 bit/s/Hz
[71973 ms] [UE 45898] UL: SNR = 63.50 dB | SE = 20.778 bit/s/Hz
[71973 ms] [UE 36997] UL: SNR = 63.50 dB | SE = 20.778 bit/s/Hz
[71973 ms] [UE 48787] UL: SNR = 63.50 dB | SE = 20.778 bit/s/Hz
[71973 ms] [UE 40252] UL: SNR = 56.00 dB | SE = 18.324 bit/s/Hz
[71973 ms] [UE 15599] UL: SNR = 52.50 dB | SE = 17.179 bit/s/Hz
[72055 ms] [UE 33952] UL: SNR = 6.50 dB | SE = 2.414 bit/s/Hz
[72055 ms] [UE 12169] UL: SNR = 63.50 dB | SE = 20.778 bit/s/Hz
[72055 ms] [UE 22873] UL: SNR = 63.50 dB | SE = 20.778 bit/s/Hz
[72055 ms] [UE 30556] UL: SNR = 63.50 dB | SE = 20.778 bit/s/Hz
[72055 ms] [UE 20945] UL: SNR = 52.00 dB | SE = 17.015 bit/s/Hz
[72083 ms] [UE 45898] UL: SNR = 63.50 dB | SE = 20.778 bit/s/Hz
[72083 ms] [UE 36997] UL: SNR = 63.50 dB | SE = 20.778 bit/s/Hz
[72083 ms] [UE 48787] UL: SNR = 63.50 dB | SE = 20.778 bit/s/Hz
[72083 ms] [UE 40252] UL: SNR = 56.00 dB | SE = 18.324 bit/s/Hz
[72083 ms] [UE 15599] UL: SNR = 52.50 dB | SE = 17.179 bit/s/Hz
[72165 ms] [UE 33952] UL: SNR = 6.50 dB | SE = 2.414 bit/s/Hz
[72165 ms] [UE 12169] UL: SNR = 63.50 dB | SE = 20.778 bit/s/Hz
[72165 ms] [UE 22873] UL: SNR = 63.50 dB | SE = 20.778 bit/s/Hz
[72165 ms] [UE 30556] UL: SNR = 63.50 dB | SE = 20.778 bit/s/Hz
[72165 ms] [UE 20945] UL: SNR = 52.00 dB | SE = 17.015 bit/s/Hz
[72193 ms] [UE 45898] UL: SNR = 63.50 dB | SE = 20.778 bit/s/Hz
[72193 ms] [UE 36997] UL: SNR = 63.50 dB | SE = 20.778 bit/s/Hz
[72193 ms] [UE 48787] UL: SNR = 63.50 dB | SE = 20.778 bit/s/Hz
[72193 ms] [UE 40252] UL: SNR = 56.00 dB | SE = 18.324 bit/s/Hz
[72193 ms] [UE 15599] UL: SNR = 52.50 dB | SE = 17.179 bit/s/Hz
[72265 ms] [UE 33952] UL: SNR = 6.50 dB | SE = 2.414 bit/s/Hz
[72265 ms] [UE 12169] UL: SNR = 63.50 dB | SE = 20.778 bit/s/Hz
[72265 ms] [UE 22873] UL: SNR = 63.50 dB | SE = 20.778 bit/s/Hz
[72265 ms] [UE 30556] UL: SNR = 63.50 dB | SE = 20.778 bit/s/Hz
[72265 ms] [UE 20945] UL: SNR = 52.00 dB | SE = 17.015 bit/s/Hz
[72294 ms] [UE 45898] UL: SNR = 63.50 dB | SE = 20.778 bit/s/Hz
[72294 ms] [UE 36997] UL: SNR = 63.50 dB | SE = 20.778 bit/s/Hz
[72294 ms] [UE 48787] UL: SNR = 63.50 dB | SE = 20.778 bit/s/Hz
[72294 ms] [UE 40252] UL: SNR = 56.00 dB | SE = 18.324 bit/s/Hz
[72294 ms] [UE 15599] UL: SNR = 52.50 dB | SE = 17.179 bit/s/Hz
[72375 ms] [UE 33952] UL: SNR = 6.50 dB | SE = 2.414 bit/s/Hz
[72375 ms] [UE 12169] UL: SNR = 63.50 dB | SE = 20.778 bit/s/Hz
[72375 ms] [UE 22873] UL: SNR = 63.50 dB | SE = 20.778 bit/s/Hz
[72375 ms] [UE 30556] UL: SNR = 63.50 dB | SE = 20.778 bit/s/Hz
[72375 ms] [UE 20945] UL: SNR = 52.00 dB | SE = 17.015 bit/s/Hz
[72403 ms] [UE 45898] UL: SNR = 63.50 dB | SE = 20.778 bit/s/Hz
[72403 ms] [UE 36997] UL: SNR = 63.50 dB | SE = 20.778 bit/s/Hz
[72403 ms] [UE 48787] UL: SNR = 63.50 dB | SE = 20.778 bit/s/Hz
[72403 ms] [UE 40252] UL: SNR = 56.00 dB | SE = 18.324 bit/s/Hz
[72403 ms] [UE 15599] UL: SNR = 52.50 dB | SE = 17.179 bit/s/Hz
[72475 ms] [UE 33952] UL: SNR = 6.50 dB | SE = 2.414 bit/s/Hz
[72475 ms] [UE 12169] UL: SNR = 63.50 dB | SE = 20.778 bit/s/Hz
[72475 ms] [UE 22873] UL: SNR = 63.50 dB | SE = 20.778 bit/s/Hz
[72475 ms] [UE 30556] UL: SNR = 63.50 dB | SE = 20.778 bit/s/Hz
[72475 ms] [UE 20945] UL: SNR = 52.00 dB | SE = 17.015 bit/s/Hz
[72513 ms] [UE 45898] UL: SNR = 63.50 dB | SE = 20.778 bit/s/Hz
[72513 ms] [UE 36997] UL: SNR = 63.50 dB | SE = 20.778 bit/s/Hz
[72513 ms] [UE 48787] UL: SNR = 63.50 dB | SE = 20.778 bit/s/Hz
[72513 ms] [UE 40252] UL: SNR = 56.00 dB | SE = 18.324 bit/s/Hz
[72513 ms] [UE 15599] UL: SNR = 52.50 dB | SE = 17.179 bit/s/Hz
[72585 ms] [UE 33952] UL: SNR = 6.50 dB | SE = 2.414 bit/s/Hz
[72585 ms] [UE 12169] UL: SNR = 63.50 dB | SE = 20.778 bit/s/Hz
[72585 ms] [UE 22873] UL: SNR = 63.50 dB | SE = 20.778 bit/s/Hz
[72585 ms] [UE 30556] UL: SNR = 63.50 dB | SE = 20.778 bit/s/Hz
[72585 ms] [UE 20945] UL: SNR = 52.00 dB | SE = 17.015 bit/s/Hz
[72613 ms] [UE 45898] UL: SNR = 63.50 dB | SE = 20.778 bit/s/Hz
[72613 ms] [UE 36997] UL: SNR = 63.50 dB | SE = 20.778 bit/s/Hz
[72613 ms] [UE 48787] UL: SNR = 63.50 dB | SE = 20.778 bit/s/Hz
[72613 ms] [UE 40252] UL: SNR = 56.00 dB | SE = 18.324 bit/s/Hz
[72613 ms] [UE 15599] UL: SNR = 52.50 dB | SE = 17.179 bit/s/Hz
[72685 ms] [UE 33952] UL: SNR = 6.50 dB | SE = 2.414 bit/s/Hz
[72685 ms] [UE 12169] UL: SNR = 63.50 dB | SE = 20.778 bit/s/Hz
[72685 ms] [UE 22873] UL: SNR = 63.50 dB | SE = 20.778 bit/s/Hz
[72685 ms] [UE 30556] UL: SNR = 63.50 dB | SE = 20.778 bit/s/Hz
[72685 ms] [UE 20945] UL: SNR = 52.00 dB | SE = 17.015 bit/s/Hz
[72723 ms] [UE 45898] UL: SNR = 63.50 dB | SE = 20.778 bit/s/Hz
[72723 ms] [UE 36997] UL: SNR = 63.50 dB | SE = 20.778 bit/s/Hz
[72723 ms] [UE 48787] UL: SNR = 63.50 dB | SE = 20.778 bit/s/Hz
[72723 ms] [UE 40252] UL: SNR = 56.00 dB | SE = 18.324 bit/s/Hz
[72723 ms] [UE 15599] UL: SNR = 52.50 dB | SE = 17.179 bit/s/Hz
[72785 ms] [UE 33952] UL: SNR = 6.50 dB | SE = 2.414 bit/s/Hz
[72785 ms] [UE 12169] UL: SNR = 63.50 dB | SE = 20.778 bit/s/Hz
[72785 ms] [UE 22873] UL: SNR = 63.50 dB | SE = 20.778 bit/s/Hz
[72785 ms] [UE 30556] UL: SNR = 63.50 dB | SE = 20.778 bit/s/Hz
[72785 ms] [UE 20945] UL: SNR = 52.00 dB | SE = 17.015 bit/s/Hz
[72824 ms] [UE 45898] UL: SNR = 63.50 dB | SE = 20.778 bit/s/Hz
[72824 ms] [UE 36997] UL: SNR = 63.50 dB | SE = 20.778 bit/s/Hz
[72824 ms] [UE 48787] UL: SNR = 63.50 dB | SE = 20.778 bit/s/Hz
[72824 ms] [UE 40252] UL: SNR = 56.00 dB | SE = 18.324 bit/s/Hz
[72824 ms] [UE 15599] UL: SNR = 52.50 dB | SE = 17.179 bit/s/Hz
[72889 ms] [UE 33952] UL: SNR = 6.50 dB | SE = 2.414 bit/s/Hz
[72889 ms] [UE 12169] UL: SNR = 63.50 dB | SE = 20.778 bit/s/Hz
[72889 ms] [UE 22873] UL: SNR = 63.50 dB | SE = 20.778 bit/s/Hz
[72889 ms] [UE 30556] UL: SNR = 63.50 dB | SE = 20.778 bit/s/Hz
[72889 ms] [UE 20945] UL: SNR = 52.00 dB | SE = 17.015 bit/s/Hz
[72933 ms] [UE 45898] UL: SNR = 63.50 dB | SE = 20.778 bit/s/Hz
[72933 ms] [UE 36997] UL: SNR = 63.50 dB | SE = 20.778 bit/s/Hz
[72933 ms] [UE 48787] UL: SNR = 63.50 dB | SE = 20.778 bit/s/Hz
[72933 ms] [UE 40252] UL: SNR = 56.00 dB | SE = 18.324 bit/s/Hz
[72933 ms] [UE 15599] UL: SNR = 52.50 dB | SE = 17.179 bit/s/Hz
[72995 ms] [UE 33952] UL: SNR = 6.50 dB | SE = 2.414 bit/s/Hz
[72995 ms] [UE 12169] UL: SNR = 63.50 dB | SE = 20.778 bit/s/Hz
[72995 ms] [UE 22873] UL: SNR = 63.50 dB | SE = 20.778 bit/s/Hz
[72995 ms] [UE 30556] UL: SNR = 63.50 dB | SE = 20.778 bit/s/Hz
[72995 ms] [UE 20945] UL: SNR = 52.00 dB | SE = 17.015 bit/s/Hz
[73034 ms] [UE 45898] UL: SNR = 63.50 dB | SE = 20.778 bit/s/Hz
[73034 ms] [UE 36997] UL: SNR = 63.50 dB | SE = 20.778 bit/s/Hz
[73034 ms] [UE 48787] UL: SNR = 63.50 dB | SE = 20.778 bit/s/Hz
[73034 ms] [UE 40252] UL: SNR = 56.00 dB | SE = 18.324 bit/s/Hz
[73034 ms] [UE 15599] UL: SNR = 52.50 dB | SE = 17.179 bit/s/Hz
[73106 ms] [UE 33952] UL: SNR = 6.50 dB | SE = 2.414 bit/s/Hz
[73106 ms] [UE 12169] UL: SNR = 63.50 dB | SE = 20.778 bit/s/Hz
[73106 ms] [UE 22873] UL: SNR = 63.50 dB | SE = 20.778 bit/s/Hz
[73106 ms] [UE 30556] UL: SNR = 63.50 dB | SE = 20.778 bit/s/Hz
[73106 ms] [UE 20945] UL: SNR = 52.00 dB | SE = 17.015 bit/s/Hz
[73144 ms] [UE 45898] UL: SNR = 63.50 dB | SE = 20.778 bit/s/Hz
[73144 ms] [UE 36997] UL: SNR = 63.50 dB | SE = 20.778 bit/s/Hz
[73144 ms] [UE 48787] UL: SNR = 63.50 dB | SE = 20.778 bit/s/Hz
[73144 ms] [UE 40252] UL: SNR = 56.00 dB | SE = 18.324 bit/s/Hz
[73144 ms] [UE 15599] UL: SNR = 52.50 dB | SE = 17.179 bit/s/Hz
[73215 ms] [UE 33952] UL: SNR = 6.50 dB | SE = 2.414 bit/s/Hz
[73215 ms] [UE 12169] UL: SNR = 63.50 dB | SE = 20.778 bit/s/Hz
[73215 ms] [UE 22873] UL: SNR = 63.50 dB | SE = 20.778 bit/s/Hz
[73215 ms] [UE 30556] UL: SNR = 63.50 dB | SE = 20.778 bit/s/Hz
[73215 ms] [UE 20945] UL: SNR = 52.00 dB | SE = 17.015 bit/s/Hz
[73244 ms] [UE 45898] UL: SNR = 63.50 dB | SE = 20.778 bit/s/Hz
[73244 ms] [UE 36997] UL: SNR = 63.50 dB | SE = 20.778 bit/s/Hz
[73244 ms] [UE 48787] UL: SNR = 63.50 dB | SE = 20.778 bit/s/Hz
[73244 ms] [UE 40252] UL: SNR = 56.00 dB | SE = 18.324 bit/s/Hz
[73244 ms] [UE 15599] UL: SNR = 52.50 dB | SE = 17.179 bit/s/Hz
[73315 ms] [UE 33952] UL: SNR = 6.50 dB | SE = 2.414 bit/s/Hz
[73315 ms] [UE 12169] UL: SNR = 63.50 dB | SE = 20.778 bit/s/Hz
[73315 ms] [UE 22873] UL: SNR = 63.50 dB | SE = 20.778 bit/s/Hz
[73315 ms] [UE 30556] UL: SNR = 63.50 dB | SE = 20.778 bit/s/Hz
[73315 ms] [UE 20945] UL: SNR = 52.00 dB | SE = 17.015 bit/s/Hz
[73353 ms] [UE 45898] UL: SNR = 63.50 dB | SE = 20.778 bit/s/Hz
[73353 ms] [UE 36997] UL: SNR = 63.50 dB | SE = 20.778 bit/s/Hz
[73353 ms] [UE 48787] UL: SNR = 63.50 dB | SE = 20.778 bit/s/Hz
[73353 ms] [UE 40252] UL: SNR = 56.00 dB | SE = 18.324 bit/s/Hz
[73353 ms] [UE 15599] UL: SNR = 52.50 dB | SE = 17.179 bit/s/Hz
[73425 ms] [UE 33952] UL: SNR = 6.50 dB | SE = 2.414 bit/s/Hz
[73425 ms] [UE 12169] UL: SNR = 63.50 dB | SE = 20.778 bit/s/Hz
[73425 ms] [UE 22873] UL: SNR = 63.50 dB | SE = 20.778 bit/s/Hz
[73425 ms] [UE 30556] UL: SNR = 63.50 dB | SE = 20.778 bit/s/Hz
[73425 ms] [UE 20945] UL: SNR = 52.00 dB | SE = 17.015 bit/s/Hz
[73463 ms] [UE 45898] UL: SNR = 63.50 dB | SE = 20.778 bit/s/Hz
[73463 ms] [UE 36997] UL: SNR = 63.50 dB | SE = 20.778 bit/s/Hz
[73463 ms] [UE 48787] UL: SNR = 63.50 dB | SE = 20.778 bit/s/Hz
[73463 ms] [UE 40252] UL: SNR = 56.00 dB | SE = 18.324 bit/s/Hz
[73463 ms] [UE 15599] UL: SNR = 52.50 dB | SE = 17.179 bit/s/Hz
[73525 ms] [UE 33952] UL: SNR = 6.50 dB | SE = 2.414 bit/s/Hz
[73525 ms] [UE 12169] UL: SNR = 63.50 dB | SE = 20.778 bit/s/Hz
[73525 ms] [UE 22873] UL: SNR = 63.50 dB | SE = 20.778 bit/s/Hz
[73525 ms] [UE 30556] UL: SNR = 63.50 dB | SE = 20.778 bit/s/Hz
[73525 ms] [UE 20945] UL: SNR = 52.00 dB | SE = 17.015 bit/s/Hz
[73563 ms] [UE 45898] UL: SNR = 63.50 dB | SE = 20.778 bit/s/Hz
[73563 ms] [UE 36997] UL: SNR = 63.50 dB | SE = 20.778 bit/s/Hz
[73563 ms] [UE 48787] UL: SNR = 63.50 dB | SE = 20.778 bit/s/Hz
[73563 ms] [UE 40252] UL: SNR = 56.00 dB | SE = 18.324 bit/s/Hz
[73563 ms] [UE 15599] UL: SNR = 52.50 dB | SE = 17.179 bit/s/Hz
[73626 ms] [UE 33952] UL: SNR = 6.50 dB | SE = 2.414 bit/s/Hz
[73626 ms] [UE 12169] UL: SNR = 63.50 dB | SE = 20.778 bit/s/Hz
[73626 ms] [UE 22873] UL: SNR = 63.50 dB | SE = 20.778 bit/s/Hz
[73626 ms] [UE 30556] UL: SNR = 63.50 dB | SE = 20.778 bit/s/Hz
[73626 ms] [UE 20945] UL: SNR = 52.00 dB | SE = 17.015 bit/s/Hz
[73673 ms] [UE 45898] UL: SNR = 63.50 dB | SE = 20.778 bit/s/Hz
[73673 ms] [UE 36997] UL: SNR = 63.50 dB | SE = 20.778 bit/s/Hz
[73673 ms] [UE 48787] UL: SNR = 63.50 dB | SE = 20.778 bit/s/Hz
[73673 ms] [UE 40252] UL: SNR = 56.00 dB | SE = 18.324 bit/s/Hz
[73673 ms] [UE 15599] UL: SNR = 52.50 dB | SE = 17.179 bit/s/Hz
[73735 ms] [UE 33952] UL: SNR = 6.50 dB | SE = 2.414 bit/s/Hz
[73735 ms] [UE 12169] UL: SNR = 63.50 dB | SE = 20.778 bit/s/Hz
[73735 ms] [UE 22873] UL: SNR = 63.50 dB | SE = 20.778 bit/s/Hz
[73735 ms] [UE 30556] UL: SNR = 63.50 dB | SE = 20.778 bit/s/Hz
[73735 ms] [UE 20945] UL: SNR = 52.00 dB | SE = 17.015 bit/s/Hz
[73773 ms] [UE 45898] UL: SNR = 63.50 dB | SE = 20.778 bit/s/Hz
[73773 ms] [UE 36997] UL: SNR = 63.50 dB | SE = 20.778 bit/s/Hz
[73773 ms] [UE 48787] UL: SNR = 63.50 dB | SE = 20.778 bit/s/Hz
[73773 ms] [UE 40252] UL: SNR = 56.00 dB | SE = 18.324 bit/s/Hz
[73773 ms] [UE 15599] UL: SNR = 52.50 dB | SE = 17.179 bit/s/Hz
[73847 ms] [UE 33952] UL: SNR = 6.50 dB | SE = 2.414 bit/s/Hz
[73847 ms] [UE 12169] UL: SNR = 63.50 dB | SE = 20.778 bit/s/Hz
[73847 ms] [UE 22873] UL: SNR = 63.50 dB | SE = 20.778 bit/s/Hz
[73847 ms] [UE 30556] UL: SNR = 63.50 dB | SE = 20.778 bit/s/Hz
[73847 ms] [UE 20945] UL: SNR = 52.00 dB | SE = 17.015 bit/s/Hz
[73873 ms] [UE 45898] UL: SNR = 63.50 dB | SE = 20.778 bit/s/Hz
[73873 ms] [UE 36997] UL: SNR = 63.50 dB | SE = 20.778 bit/s/Hz
[73873 ms] [UE 48787] UL: SNR = 63.50 dB | SE = 20.778 bit/s/Hz
[73873 ms] [UE 40252] UL: SNR = 56.00 dB | SE = 18.324 bit/s/Hz
[73873 ms] [UE 15599] UL: SNR = 52.50 dB | SE = 17.179 bit/s/Hz
[73955 ms] [UE 33952] UL: SNR = 6.50 dB | SE = 2.414 bit/s/Hz
[73955 ms] [UE 12169] UL: SNR = 63.50 dB | SE = 20.778 bit/s/Hz
[73955 ms] [UE 22873] UL: SNR = 63.50 dB | SE = 20.778 bit/s/Hz
[73955 ms] [UE 30556] UL: SNR = 63.50 dB | SE = 20.778 bit/s/Hz
[73955 ms] [UE 20945] UL: SNR = 52.00 dB | SE = 17.015 bit/s/Hz
[73974 ms] [UE 45898] UL: SNR = 63.50 dB | SE = 20.778 bit/s/Hz
[73974 ms] [UE 36997] UL: SNR = 63.50 dB | SE = 20.778 bit/s/Hz
[73974 ms] [UE 48787] UL: SNR = 63.50 dB | SE = 20.778 bit/s/Hz
[73974 ms] [UE 40252] UL: SNR = 56.00 dB | SE = 18.324 bit/s/Hz
[73974 ms] [UE 15599] UL: SNR = 52.50 dB | SE = 17.179 bit/s/Hz
[74066 ms] [UE 33952] UL: SNR = 6.50 dB | SE = 2.414 bit/s/Hz
[74066 ms] [UE 12169] UL: SNR = 63.50 dB | SE = 20.778 bit/s/Hz
[74066 ms] [UE 22873] UL: SNR = 63.50 dB | SE = 20.778 bit/s/Hz
[74066 ms] [UE 30556] UL: SNR = 63.50 dB | SE = 20.778 bit/s/Hz
[74066 ms] [UE 20945] UL: SNR = 52.00 dB | SE = 17.015 bit/s/Hz
[74083 ms] [UE 45898] UL: SNR = 63.50 dB | SE = 20.778 bit/s/Hz
[74083 ms] [UE 36997] UL: SNR = 63.50 dB | SE = 20.778 bit/s/Hz
[74083 ms] [UE 48787] UL: SNR = 63.50 dB | SE = 20.778 bit/s/Hz
[74083 ms] [UE 40252] UL: SNR = 56.00 dB | SE = 18.324 bit/s/Hz
[74083 ms] [UE 15599] UL: SNR = 52.50 dB | SE = 17.179 bit/s/Hz
[74175 ms] [UE 33952] UL: SNR = 6.50 dB | SE = 2.414 bit/s/Hz
[74175 ms] [UE 12169] UL: SNR = 63.50 dB | SE = 20.778 bit/s/Hz
[74175 ms] [UE 22873] UL: SNR = 63.50 dB | SE = 20.778 bit/s/Hz
[74175 ms] [UE 30556] UL: SNR = 63.50 dB | SE = 20.778 bit/s/Hz
[74175 ms] [UE 20945] UL: SNR = 52.00 dB | SE = 17.015 bit/s/Hz
[74183 ms] [UE 45898] UL: SNR = 63.50 dB | SE = 20.778 bit/s/Hz
[74183 ms] [UE 36997] UL: SNR = 63.50 dB | SE = 20.778 bit/s/Hz
[74183 ms] [UE 48787] UL: SNR = 63.50 dB | SE = 20.778 bit/s/Hz
[74183 ms] [UE 40252] UL: SNR = 56.00 dB | SE = 18.324 bit/s/Hz
[74183 ms] [UE 15599] UL: SNR = 52.50 dB | SE = 17.179 bit/s/Hz
[74276 ms] [UE 33952] UL: SNR = 6.50 dB | SE = 2.414 bit/s/Hz
[74276 ms] [UE 12169] UL: SNR = 63.50 dB | SE = 20.778 bit/s/Hz
[74276 ms] [UE 22873] UL: SNR = 63.50 dB | SE = 20.778 bit/s/Hz
[74276 ms] [UE 30556] UL: SNR = 63.50 dB | SE = 20.778 bit/s/Hz
[74276 ms] [UE 20945] UL: SNR = 52.00 dB | SE = 17.015 bit/s/Hz
[74284 ms] [UE 45898] UL: SNR = 63.50 dB | SE = 20.778 bit/s/Hz
[74284 ms] [UE 36997] UL: SNR = 63.50 dB | SE = 20.778 bit/s/Hz
[74284 ms] [UE 48787] UL: SNR = 63.50 dB | SE = 20.778 bit/s/Hz
[74284 ms] [UE 40252] UL: SNR = 56.00 dB | SE = 18.324 bit/s/Hz
[74284 ms] [UE 15599] UL: SNR = 52.50 dB | SE = 17.179 bit/s/Hz
[74385 ms] [UE 33952] UL: SNR = 6.50 dB | SE = 2.414 bit/s/Hz
[74385 ms] [UE 12169] UL: SNR = 63.50 dB | SE = 20.778 bit/s/Hz
[74385 ms] [UE 22873] UL: SNR = 63.50 dB | SE = 20.778 bit/s/Hz
[74385 ms] [UE 30556] UL: SNR = 63.50 dB | SE = 20.778 bit/s/Hz
[74385 ms] [UE 20945] UL: SNR = 52.00 dB | SE = 17.015 bit/s/Hz
[74393 ms] [UE 45898] UL: SNR = 63.50 dB | SE = 20.778 bit/s/Hz
[74393 ms] [UE 36997] UL: SNR = 63.50 dB | SE = 20.778 bit/s/Hz
[74393 ms] [UE 48787] UL: SNR = 63.50 dB | SE = 20.778 bit/s/Hz
[74393 ms] [UE 40252] UL: SNR = 56.00 dB | SE = 18.324 bit/s/Hz
[74393 ms] [UE 15599] UL: SNR = 52.50 dB | SE = 17.179 bit/s/Hz
[74485 ms] [UE 33952] UL: SNR = 6.50 dB | SE = 2.414 bit/s/Hz
[74485 ms] [UE 12169] UL: SNR = 63.50 dB | SE = 20.778 bit/s/Hz
[74485 ms] [UE 22873] UL: SNR = 63.50 dB | SE = 20.778 bit/s/Hz
[74485 ms] [UE 30556] UL: SNR = 63.50 dB | SE = 20.778 bit/s/Hz
[74485 ms] [UE 20945] UL: SNR = 52.00 dB | SE = 17.015 bit/s/Hz
[74493 ms] [UE 45898] UL: SNR = 63.50 dB | SE = 20.778 bit/s/Hz
[74493 ms] [UE 36997] UL: SNR = 63.50 dB | SE = 20.778 bit/s/Hz
[74493 ms] [UE 48787] UL: SNR = 63.50 dB | SE = 20.778 bit/s/Hz
[74493 ms] [UE 40252] UL: SNR = 56.00 dB | SE = 18.324 bit/s/Hz
[74493 ms] [UE 15599] UL: SNR = 52.50 dB | SE = 17.179 bit/s/Hz
[74594 ms] [UE 45898] UL: SNR = 63.50 dB | SE = 20.778 bit/s/Hz
[74594 ms] [UE 36997] UL: SNR = 63.50 dB | SE = 20.778 bit/s/Hz
[74594 ms] [UE 48787] UL: SNR = 63.50 dB | SE = 20.778 bit/s/Hz
[74594 ms] [UE 40252] UL: SNR = 56.00 dB | SE = 18.324 bit/s/Hz
[74594 ms] [UE 15599] UL: SNR = 52.50 dB | SE = 17.179 bit/s/Hz
[74595 ms] [UE 33952] UL: SNR = 6.50 dB | SE = 2.414 bit/s/Hz
[74595 ms] [UE 12169] UL: SNR = 63.50 dB | SE = 20.778 bit/s/Hz
[74595 ms] [UE 22873] UL: SNR = 63.50 dB | SE = 20.778 bit/s/Hz
[74595 ms] [UE 30556] UL: SNR = 63.50 dB | SE = 20.778 bit/s/Hz
[74595 ms] [UE 20945] UL: SNR = 52.00 dB | SE = 17.015 bit/s/Hz
[74703 ms] [UE 45898] UL: SNR = 63.50 dB | SE = 20.778 bit/s/Hz
[74703 ms] [UE 36997] UL: SNR = 63.50 dB | SE = 20.778 bit/s/Hz
[74703 ms] [UE 48787] UL: SNR = 63.50 dB | SE = 20.778 bit/s/Hz
[74703 ms] [UE 40252] UL: SNR = 56.00 dB | SE = 18.324 bit/s/Hz
[74703 ms] [UE 15599] UL: SNR = 52.50 dB | SE = 17.179 bit/s/Hz
[74705 ms] [UE 33952] UL: SNR = 6.50 dB | SE = 2.414 bit/s/Hz
[74705 ms] [UE 12169] UL: SNR = 63.50 dB | SE = 20.778 bit/s/Hz
[74705 ms] [UE 22873] UL: SNR = 63.50 dB | SE = 20.778 bit/s/Hz
[74705 ms] [UE 30556] UL: SNR = 63.50 dB | SE = 20.778 bit/s/Hz
[74705 ms] [UE 20945] UL: SNR = 52.00 dB | SE = 17.015 bit/s/Hz
[74805 ms] [UE 33952] UL: SNR = 6.50 dB | SE = 2.414 bit/s/Hz
[74805 ms] [UE 12169] UL: SNR = 63.50 dB | SE = 20.778 bit/s/Hz
[74805 ms] [UE 22873] UL: SNR = 63.50 dB | SE = 20.778 bit/s/Hz
[74805 ms] [UE 30556] UL: SNR = 63.50 dB | SE = 20.778 bit/s/Hz
[74805 ms] [UE 20945] UL: SNR = 52.00 dB | SE = 17.015 bit/s/Hz
[74813 ms] [UE 45898] UL: SNR = 63.50 dB | SE = 20.778 bit/s/Hz
[74813 ms] [UE 36997] UL: SNR = 63.50 dB | SE = 20.778 bit/s/Hz
[74813 ms] [UE 48787] UL: SNR = 63.50 dB | SE = 20.778 bit/s/Hz
[74813 ms] [UE 40252] UL: SNR = 56.00 dB | SE = 18.324 bit/s/Hz
[74813 ms] [UE 15599] UL: SNR = 52.50 dB | SE = 17.179 bit/s/Hz
[74913 ms] [UE 45898] UL: SNR = 63.50 dB | SE = 20.778 bit/s/Hz
[74913 ms] [UE 36997] UL: SNR = 63.50 dB | SE = 20.778 bit/s/Hz
[74913 ms] [UE 48787] UL: SNR = 63.50 dB | SE = 20.778 bit/s/Hz
[74913 ms] [UE 40252] UL: SNR = 56.00 dB | SE = 18.324 bit/s/Hz
[74913 ms] [UE 15599] UL: SNR = 52.50 dB | SE = 17.179 bit/s/Hz
[74915 ms] [UE 33952] UL: SNR = 6.50 dB | SE = 2.414 bit/s/Hz
[74915 ms] [UE 12169] UL: SNR = 63.50 dB | SE = 20.778 bit/s/Hz
[74915 ms] [UE 22873] UL: SNR = 63.50 dB | SE = 20.778 bit/s/Hz
[74915 ms] [UE 30556] UL: SNR = 63.50 dB | SE = 20.778 bit/s/Hz
[74915 ms] [UE 20945] UL: SNR = 52.00 dB | SE = 17.015 bit/s/Hz
[75015 ms] [UE 33952] UL: SNR = 6.50 dB | SE = 2.414 bit/s/Hz
[75015 ms] [UE 12169] UL: SNR = 63.50 dB | SE = 20.778 bit/s/Hz
[75015 ms] [UE 22873] UL: SNR = 63.50 dB | SE = 20.778 bit/s/Hz
[75015 ms] [UE 30556] UL: SNR = 63.50 dB | SE = 20.778 bit/s/Hz
[75015 ms] [UE 20945] UL: SNR = 52.00 dB | SE = 17.015 bit/s/Hz
[75023 ms] [UE 45898] UL: SNR = 63.50 dB | SE = 20.778 bit/s/Hz
[75023 ms] [UE 36997] UL: SNR = 63.50 dB | SE = 20.778 bit/s/Hz
[75023 ms] [UE 48787] UL: SNR = 63.50 dB | SE = 20.778 bit/s/Hz
[75023 ms] [UE 40252] UL: SNR = 56.00 dB | SE = 18.324 bit/s/Hz
[75023 ms] [UE 15599] UL: SNR = 52.50 dB | SE = 17.179 bit/s/Hz
[75125 ms] [UE 33952] UL: SNR = 6.50 dB | SE = 2.414 bit/s/Hz
[75125 ms] [UE 12169] UL: SNR = 63.50 dB | SE = 20.778 bit/s/Hz
[75125 ms] [UE 22873] UL: SNR = 63.50 dB | SE = 20.778 bit/s/Hz
[75125 ms] [UE 30556] UL: SNR = 53.50 dB | SE = 17.506 bit/s/Hz
[75125 ms] [UE 20945] UL: SNR = 52.00 dB | SE = 17.015 bit/s/Hz
[75134 ms] [UE 45898] UL: SNR = 63.50 dB | SE = 20.778 bit/s/Hz
[75134 ms] [UE 36997] UL: SNR = 63.50 dB | SE = 20.778 bit/s/Hz
[75134 ms] [UE 48787] UL: SNR = 63.50 dB | SE = 20.778 bit/s/Hz
[75134 ms] [UE 40252] UL: SNR = 56.00 dB | SE = 18.324 bit/s/Hz
[75134 ms] [UE 15599] UL: SNR = 52.50 dB | SE = 17.179 bit/s/Hz
[75225 ms] [UE 33952] UL: SNR = 6.50 dB | SE = 2.414 bit/s/Hz
[75225 ms] [UE 12169] UL: SNR = 63.50 dB | SE = 20.778 bit/s/Hz
[75225 ms] [UE 22873] UL: SNR = 63.50 dB | SE = 20.778 bit/s/Hz
[75225 ms] [UE 30556] UL: SNR = 53.50 dB | SE = 17.506 bit/s/Hz
[75225 ms] [UE 20945] UL: SNR = 52.00 dB | SE = 17.015 bit/s/Hz
[75243 ms] [UE 45898] UL: SNR = 63.50 dB | SE = 20.778 bit/s/Hz
[75243 ms] [UE 36997] UL: SNR = 63.50 dB | SE = 20.778 bit/s/Hz
[75243 ms] [UE 48787] UL: SNR = 63.50 dB | SE = 20.778 bit/s/Hz
[75243 ms] [UE 40252] UL: SNR = 56.00 dB | SE = 18.324 bit/s/Hz
[75243 ms] [UE 15599] UL: SNR = 52.50 dB | SE = 17.179 bit/s/Hz
[75326 ms] [UE 33952] UL: SNR = 6.50 dB | SE = 2.414 bit/s/Hz
[75326 ms] [UE 12169] UL: SNR = 63.50 dB | SE = 20.778 bit/s/Hz
[75326 ms] [UE 22873] UL: SNR = 63.50 dB | SE = 20.778 bit/s/Hz
[75326 ms] [UE 30556] UL: SNR = 53.50 dB | SE = 17.506 bit/s/Hz
[75326 ms] [UE 20945] UL: SNR = 52.00 dB | SE = 17.015 bit/s/Hz
[75344 ms] [UE 45898] UL: SNR = 63.50 dB | SE = 20.778 bit/s/Hz
[75344 ms] [UE 36997] UL: SNR = 63.50 dB | SE = 20.778 bit/s/Hz
[75344 ms] [UE 48787] UL: SNR = 63.50 dB | SE = 20.778 bit/s/Hz
[75344 ms] [UE 40252] UL: SNR = 56.00 dB | SE = 18.324 bit/s/Hz
[75344 ms] [UE 15599] UL: SNR = 52.50 dB | SE = 17.179 bit/s/Hz
[75435 ms] [UE 33952] UL: SNR = 6.50 dB | SE = 2.414 bit/s/Hz
[75435 ms] [UE 12169] UL: SNR = 63.50 dB | SE = 20.778 bit/s/Hz
[75435 ms] [UE 22873] UL: SNR = 63.50 dB | SE = 20.778 bit/s/Hz
[75435 ms] [UE 30556] UL: SNR = 53.50 dB | SE = 17.506 bit/s/Hz
[75435 ms] [UE 20945] UL: SNR = 52.00 dB | SE = 17.015 bit/s/Hz
[75454 ms] [UE 45898] UL: SNR = 63.50 dB | SE = 20.778 bit/s/Hz
[75454 ms] [UE 36997] UL: SNR = 63.50 dB | SE = 20.778 bit/s/Hz
[75454 ms] [UE 48787] UL: SNR = 63.50 dB | SE = 20.778 bit/s/Hz
[75454 ms] [UE 40252] UL: SNR = 56.00 dB | SE = 18.324 bit/s/Hz
[75454 ms] [UE 15599] UL: SNR = 52.50 dB | SE = 17.179 bit/s/Hz
[75536 ms] [UE 33952] UL: SNR = 6.50 dB | SE = 2.414 bit/s/Hz
[75536 ms] [UE 12169] UL: SNR = 63.50 dB | SE = 20.778 bit/s/Hz
[75536 ms] [UE 22873] UL: SNR = 63.50 dB | SE = 20.778 bit/s/Hz
[75536 ms] [UE 30556] UL: SNR = 53.50 dB | SE = 17.506 bit/s/Hz
[75536 ms] [UE 20945] UL: SNR = 52.00 dB | SE = 17.015 bit/s/Hz
[75554 ms] [UE 45898] UL: SNR = 63.50 dB | SE = 20.778 bit/s/Hz
[75554 ms] [UE 36997] UL: SNR = 63.50 dB | SE = 20.778 bit/s/Hz
[75554 ms] [UE 48787] UL: SNR = 63.50 dB | SE = 20.778 bit/s/Hz
[75554 ms] [UE 40252] UL: SNR = 56.00 dB | SE = 18.324 bit/s/Hz
[75554 ms] [UE 15599] UL: SNR = 52.50 dB | SE = 17.179 bit/s/Hz
[75645 ms] [UE 33952] UL: SNR = 6.50 dB | SE = 2.414 bit/s/Hz
[75645 ms] [UE 12169] UL: SNR = 63.50 dB | SE = 20.778 bit/s/Hz
[75645 ms] [UE 22873] UL: SNR = 63.50 dB | SE = 20.778 bit/s/Hz
[75645 ms] [UE 30556] UL: SNR = 53.50 dB | SE = 17.506 bit/s/Hz
[75645 ms] [UE 20945] UL: SNR = 52.00 dB | SE = 17.015 bit/s/Hz
[75663 ms] [UE 45898] UL: SNR = 63.50 dB | SE = 20.778 bit/s/Hz
[75663 ms] [UE 36997] UL: SNR = 63.50 dB | SE = 20.778 bit/s/Hz
[75663 ms] [UE 48787] UL: SNR = 63.50 dB | SE = 20.778 bit/s/Hz
[75663 ms] [UE 40252] UL: SNR = 56.00 dB | SE = 18.324 bit/s/Hz
[75663 ms] [UE 15599] UL: SNR = 52.50 dB | SE = 17.179 bit/s/Hz
[75745 ms] [UE 33952] UL: SNR = 6.50 dB | SE = 2.414 bit/s/Hz
[75745 ms] [UE 12169] UL: SNR = 63.50 dB | SE = 20.778 bit/s/Hz
[75745 ms] [UE 22873] UL: SNR = 63.50 dB | SE = 20.778 bit/s/Hz
[75745 ms] [UE 30556] UL: SNR = 53.50 dB | SE = 17.506 bit/s/Hz
[75745 ms] [UE 20945] UL: SNR = 52.00 dB | SE = 17.015 bit/s/Hz
[75773 ms] [UE 45898] UL: SNR = 63.50 dB | SE = 20.778 bit/s/Hz
[75773 ms] [UE 36997] UL: SNR = 63.50 dB | SE = 20.778 bit/s/Hz
[75773 ms] [UE 48787] UL: SNR = 63.50 dB | SE = 20.778 bit/s/Hz
[75773 ms] [UE 40252] UL: SNR = 56.00 dB | SE = 18.324 bit/s/Hz
[75773 ms] [UE 15599] UL: SNR = 52.50 dB | SE = 17.179 bit/s/Hz
[75856 ms] [UE 33952] UL: SNR = 6.50 dB | SE = 2.414 bit/s/Hz
[75856 ms] [UE 12169] UL: SNR = 63.50 dB | SE = 20.778 bit/s/Hz
[75856 ms] [UE 22873] UL: SNR = 63.50 dB | SE = 20.778 bit/s/Hz
[75856 ms] [UE 30556] UL: SNR = 63.50 dB | SE = 20.778 bit/s/Hz
[75856 ms] [UE 20945] UL: SNR = 52.00 dB | SE = 17.015 bit/s/Hz
[75873 ms] [UE 45898] UL: SNR = 63.50 dB | SE = 20.778 bit/s/Hz
[75873 ms] [UE 36997] UL: SNR = 63.50 dB | SE = 20.778 bit/s/Hz
[75873 ms] [UE 48787] UL: SNR = 63.50 dB | SE = 20.778 bit/s/Hz
[75873 ms] [UE 40252] UL: SNR = 56.00 dB | SE = 18.324 bit/s/Hz
[75873 ms] [UE 15599] UL: SNR = 52.50 dB | SE = 17.179 bit/s/Hz
[75965 ms] [UE 33952] UL: SNR = 6.50 dB | SE = 2.414 bit/s/Hz
[75965 ms] [UE 12169] UL: SNR = 63.50 dB | SE = 20.778 bit/s/Hz
[75965 ms] [UE 22873] UL: SNR = 63.50 dB | SE = 20.778 bit/s/Hz
[75965 ms] [UE 30556] UL: SNR = 63.50 dB | SE = 20.778 bit/s/Hz
[75965 ms] [UE 20945] UL: SNR = 52.00 dB | SE = 17.015 bit/s/Hz
[75974 ms] [UE 45898] UL: SNR = 63.50 dB | SE = 20.778 bit/s/Hz
[75974 ms] [UE 36997] UL: SNR = 63.50 dB | SE = 20.778 bit/s/Hz
[75974 ms] [UE 48787] UL: SNR = 63.50 dB | SE = 20.778 bit/s/Hz
[75974 ms] [UE 40252] UL: SNR = 56.00 dB | SE = 18.324 bit/s/Hz
[75974 ms] [UE 15599] UL: SNR = 52.50 dB | SE = 17.179 bit/s/Hz
[76065 ms] [UE 33952] UL: SNR = 6.50 dB | SE = 2.414 bit/s/Hz
[76065 ms] [UE 12169] UL: SNR = 63.50 dB | SE = 20.778 bit/s/Hz
[76065 ms] [UE 22873] UL: SNR = 63.50 dB | SE = 20.778 bit/s/Hz
[76065 ms] [UE 30556] UL: SNR = 63.50 dB | SE = 20.778 bit/s/Hz
[76065 ms] [UE 20945] UL: SNR = 52.00 dB | SE = 17.015 bit/s/Hz
[76083 ms] [UE 45898] UL: SNR = 63.50 dB | SE = 20.778 bit/s/Hz
[76083 ms] [UE 36997] UL: SNR = 63.50 dB | SE = 20.778 bit/s/Hz
[76083 ms] [UE 48787] UL: SNR = 63.50 dB | SE = 20.778 bit/s/Hz
[76083 ms] [UE 40252] UL: SNR = 56.00 dB | SE = 18.324 bit/s/Hz
[76083 ms] [UE 15599] UL: SNR = 52.50 dB | SE = 17.179 bit/s/Hz
[76166 ms] [UE 33952] UL: SNR = 6.50 dB | SE = 2.414 bit/s/Hz
[76166 ms] [UE 12169] UL: SNR = 63.50 dB | SE = 20.778 bit/s/Hz
[76166 ms] [UE 22873] UL: SNR = 63.50 dB | SE = 20.778 bit/s/Hz
[76166 ms] [UE 30556] UL: SNR = 63.50 dB | SE = 20.778 bit/s/Hz
[76166 ms] [UE 20945] UL: SNR = 52.00 dB | SE = 17.015 bit/s/Hz
[76193 ms] [UE 45898] UL: SNR = 63.50 dB | SE = 20.778 bit/s/Hz
[76193 ms] [UE 36997] UL: SNR = 63.50 dB | SE = 20.778 bit/s/Hz
[76193 ms] [UE 48787] UL: SNR = 63.50 dB | SE = 20.778 bit/s/Hz
[76193 ms] [UE 40252] UL: SNR = 56.00 dB | SE = 18.324 bit/s/Hz
[76193 ms] [UE 15599] UL: SNR = 52.50 dB | SE = 17.179 bit/s/Hz
[76276 ms] [UE 33952] UL: SNR = 6.50 dB | SE = 2.414 bit/s/Hz
[76276 ms] [UE 12169] UL: SNR = 63.50 dB | SE = 20.778 bit/s/Hz
[76276 ms] [UE 22873] UL: SNR = 63.50 dB | SE = 20.778 bit/s/Hz
[76276 ms] [UE 30556] UL: SNR = 63.50 dB | SE = 20.778 bit/s/Hz
[76276 ms] [UE 20945] UL: SNR = 52.00 dB | SE = 17.015 bit/s/Hz
[76294 ms] [UE 45898] UL: SNR = 63.50 dB | SE = 20.778 bit/s/Hz
[76294 ms] [UE 36997] UL: SNR = 63.50 dB | SE = 20.778 bit/s/Hz
[76294 ms] [UE 48787] UL: SNR = 63.50 dB | SE = 20.778 bit/s/Hz
[76294 ms] [UE 40252] UL: SNR = 56.00 dB | SE = 18.324 bit/s/Hz
[76294 ms] [UE 15599] UL: SNR = 52.50 dB | SE = 17.179 bit/s/Hz
[76376 ms] [UE 33952] UL: SNR = 6.50 dB | SE = 2.414 bit/s/Hz
[76376 ms] [UE 12169] UL: SNR = 63.50 dB | SE = 20.778 bit/s/Hz
[76376 ms] [UE 22873] UL: SNR = 63.50 dB | SE = 20.778 bit/s/Hz
[76376 ms] [UE 30556] UL: SNR = 63.50 dB | SE = 20.778 bit/s/Hz
[76376 ms] [UE 20945] UL: SNR = 52.00 dB | SE = 17.015 bit/s/Hz
[76403 ms] [UE 45898] UL: SNR = 63.50 dB | SE = 20.778 bit/s/Hz
[76403 ms] [UE 36997] UL: SNR = 63.50 dB | SE = 20.778 bit/s/Hz
[76403 ms] [UE 48787] UL: SNR = 63.50 dB | SE = 20.778 bit/s/Hz
[76403 ms] [UE 40252] UL: SNR = 56.00 dB | SE = 18.324 bit/s/Hz
[76403 ms] [UE 15599] UL: SNR = 52.50 dB | SE = 17.179 bit/s/Hz
[76487 ms] [UE 33952] UL: SNR = 6.50 dB | SE = 2.414 bit/s/Hz
[76487 ms] [UE 12169] UL: SNR = 63.50 dB | SE = 20.778 bit/s/Hz
[76487 ms] [UE 22873] UL: SNR = 63.50 dB | SE = 20.778 bit/s/Hz
[76487 ms] [UE 30556] UL: SNR = 63.50 dB | SE = 20.778 bit/s/Hz
[76487 ms] [UE 20945] UL: SNR = 52.00 dB | SE = 17.015 bit/s/Hz
[76503 ms] [UE 45898] UL: SNR = 63.50 dB | SE = 20.778 bit/s/Hz
[76503 ms] [UE 36997] UL: SNR = 63.50 dB | SE = 20.778 bit/s/Hz
[76503 ms] [UE 48787] UL: SNR = 63.50 dB | SE = 20.778 bit/s/Hz
[76503 ms] [UE 40252] UL: SNR = 56.00 dB | SE = 18.324 bit/s/Hz
[76503 ms] [UE 15599] UL: SNR = 52.50 dB | SE = 17.179 bit/s/Hz
[76596 ms] [UE 33952] UL: SNR = 6.50 dB | SE = 2.414 bit/s/Hz
[76596 ms] [UE 12169] UL: SNR = 63.50 dB | SE = 20.778 bit/s/Hz
[76596 ms] [UE 22873] UL: SNR = 63.50 dB | SE = 20.778 bit/s/Hz
[76596 ms] [UE 30556] UL: SNR = 63.50 dB | SE = 20.778 bit/s/Hz
[76596 ms] [UE 20945] UL: SNR = 52.00 dB | SE = 17.015 bit/s/Hz
[76603 ms] [UE 45898] UL: SNR = 63.50 dB | SE = 20.778 bit/s/Hz
[76603 ms] [UE 36997] UL: SNR = 63.50 dB | SE = 20.778 bit/s/Hz
[76603 ms] [UE 48787] UL: SNR = 63.50 dB | SE = 20.778 bit/s/Hz
[76603 ms] [UE 40252] UL: SNR = 56.00 dB | SE = 18.324 bit/s/Hz
[76603 ms] [UE 15599] UL: SNR = 52.50 dB | SE = 17.179 bit/s/Hz
[76706 ms] [UE 33952] UL: SNR = 6.50 dB | SE = 2.414 bit/s/Hz
[76706 ms] [UE 12169] UL: SNR = 63.50 dB | SE = 20.778 bit/s/Hz
[76706 ms] [UE 22873] UL: SNR = 63.50 dB | SE = 20.778 bit/s/Hz
[76706 ms] [UE 30556] UL: SNR = 63.50 dB | SE = 20.778 bit/s/Hz
[76706 ms] [UE 20945] UL: SNR = 52.00 dB | SE = 17.015 bit/s/Hz
[76713 ms] [UE 45898] UL: SNR = 63.50 dB | SE = 20.778 bit/s/Hz
[76713 ms] [UE 36997] UL: SNR = 63.50 dB | SE = 20.778 bit/s/Hz
[76713 ms] [UE 48787] UL: SNR = 63.50 dB | SE = 20.778 bit/s/Hz
[76713 ms] [UE 40252] UL: SNR = 56.00 dB | SE = 18.324 bit/s/Hz
[76713 ms] [UE 15599] UL: SNR = 52.50 dB | SE = 17.179 bit/s/Hz
[76816 ms] [UE 33952] UL: SNR = 6.50 dB | SE = 2.414 bit/s/Hz
[76816 ms] [UE 12169] UL: SNR = 63.50 dB | SE = 20.778 bit/s/Hz
[76816 ms] [UE 22873] UL: SNR = 63.50 dB | SE = 20.778 bit/s/Hz
[76816 ms] [UE 30556] UL: SNR = 63.50 dB | SE = 20.778 bit/s/Hz
[76816 ms] [UE 20945] UL: SNR = 52.00 dB | SE = 17.015 bit/s/Hz
[76824 ms] [UE 45898] UL: SNR = 63.50 dB | SE = 20.778 bit/s/Hz
[76824 ms] [UE 36997] UL: SNR = 63.50 dB | SE = 20.778 bit/s/Hz
[76824 ms] [UE 48787] UL: SNR = 63.50 dB | SE = 20.778 bit/s/Hz
[76824 ms] [UE 40252] UL: SNR = 56.00 dB | SE = 18.324 bit/s/Hz
[76824 ms] [UE 15599] UL: SNR = 52.50 dB | SE = 17.179 bit/s/Hz
[76924 ms] [UE 45898] UL: SNR = 63.50 dB | SE = 20.778 bit/s/Hz
[76924 ms] [UE 36997] UL: SNR = 63.50 dB | SE = 20.778 bit/s/Hz
[76924 ms] [UE 48787] UL: SNR = 63.50 dB | SE = 20.778 bit/s/Hz
[76924 ms] [UE 40252] UL: SNR = 56.00 dB | SE = 18.324 bit/s/Hz
[76924 ms] [UE 15599] UL: SNR = 52.50 dB | SE = 17.179 bit/s/Hz
[76925 ms] [UE 33952] UL: SNR = 6.50 dB | SE = 2.414 bit/s/Hz
[76925 ms] [UE 12169] UL: SNR = 63.50 dB | SE = 20.778 bit/s/Hz
[76925 ms] [UE 22873] UL: SNR = 63.50 dB | SE = 20.778 bit/s/Hz
[76925 ms] [UE 30556] UL: SNR = 63.50 dB | SE = 20.778 bit/s/Hz
[76925 ms] [UE 20945] UL: SNR = 52.00 dB | SE = 17.015 bit/s/Hz
[77033 ms] [UE 45898] UL: SNR = 63.50 dB | SE = 20.778 bit/s/Hz
[77033 ms] [UE 36997] UL: SNR = 63.50 dB | SE = 20.778 bit/s/Hz
[77033 ms] [UE 48787] UL: SNR = 63.50 dB | SE = 20.778 bit/s/Hz
[77033 ms] [UE 40252] UL: SNR = 56.00 dB | SE = 18.324 bit/s/Hz
[77033 ms] [UE 15599] UL: SNR = 52.50 dB | SE = 17.179 bit/s/Hz
[77036 ms] [UE 33952] UL: SNR = 6.50 dB | SE = 2.414 bit/s/Hz
[77036 ms] [UE 12169] UL: SNR = 63.50 dB | SE = 20.778 bit/s/Hz
[77036 ms] [UE 22873] UL: SNR = 63.50 dB | SE = 20.778 bit/s/Hz
[77036 ms] [UE 30556] UL: SNR = 63.50 dB | SE = 20.778 bit/s/Hz
[77036 ms] [UE 20945] UL: SNR = 52.00 dB | SE = 17.015 bit/s/Hz
[77144 ms] [UE 45898] UL: SNR = 63.50 dB | SE = 20.778 bit/s/Hz
[77144 ms] [UE 36997] UL: SNR = 63.50 dB | SE = 20.778 bit/s/Hz
[77144 ms] [UE 48787] UL: SNR = 63.50 dB | SE = 20.778 bit/s/Hz
[77144 ms] [UE 40252] UL: SNR = 56.00 dB | SE = 18.324 bit/s/Hz
[77144 ms] [UE 15599] UL: SNR = 52.50 dB | SE = 17.179 bit/s/Hz
[77146 ms] [UE 33952] UL: SNR = 6.50 dB | SE = 2.414 bit/s/Hz
[77146 ms] [UE 12169] UL: SNR = 63.50 dB | SE = 20.778 bit/s/Hz
[77146 ms] [UE 22873] UL: SNR = 63.50 dB | SE = 20.778 bit/s/Hz
[77146 ms] [UE 30556] UL: SNR = 63.50 dB | SE = 20.778 bit/s/Hz
[77146 ms] [UE 20945] UL: SNR = 52.00 dB | SE = 17.015 bit/s/Hz
[77254 ms] [UE 45898] UL: SNR = 63.50 dB | SE = 20.778 bit/s/Hz
[77254 ms] [UE 36997] UL: SNR = 63.50 dB | SE = 20.778 bit/s/Hz
[77254 ms] [UE 48787] UL: SNR = 63.50 dB | SE = 20.778 bit/s/Hz
[77254 ms] [UE 40252] UL: SNR = 56.00 dB | SE = 18.324 bit/s/Hz
[77254 ms] [UE 15599] UL: SNR = 52.50 dB | SE = 17.179 bit/s/Hz
[77256 ms] [UE 33952] UL: SNR = 6.50 dB | SE = 2.414 bit/s/Hz
[77256 ms] [UE 12169] UL: SNR = 63.50 dB | SE = 20.778 bit/s/Hz
[77256 ms] [UE 22873] UL: SNR = 63.50 dB | SE = 20.778 bit/s/Hz
[77256 ms] [UE 30556] UL: SNR = 63.50 dB | SE = 20.778 bit/s/Hz
[77256 ms] [UE 20945] UL: SNR = 52.00 dB | SE = 17.015 bit/s/Hz
[77364 ms] [UE 45898] UL: SNR = 63.50 dB | SE = 20.778 bit/s/Hz
[77364 ms] [UE 36997] UL: SNR = 63.50 dB | SE = 20.778 bit/s/Hz
[77364 ms] [UE 48787] UL: SNR = 63.50 dB | SE = 20.778 bit/s/Hz
[77364 ms] [UE 40252] UL: SNR = 56.00 dB | SE = 18.324 bit/s/Hz
[77364 ms] [UE 15599] UL: SNR = 52.50 dB | SE = 17.179 bit/s/Hz
[77366 ms] [UE 33952] UL: SNR = 6.50 dB | SE = 2.414 bit/s/Hz
[77366 ms] [UE 12169] UL: SNR = 63.50 dB | SE = 20.778 bit/s/Hz
[77366 ms] [UE 22873] UL: SNR = 63.50 dB | SE = 20.778 bit/s/Hz
[77366 ms] [UE 30556] UL: SNR = 63.50 dB | SE = 20.778 bit/s/Hz
[77366 ms] [UE 20945] UL: SNR = 52.00 dB | SE = 17.015 bit/s/Hz
[77474 ms] [UE 45898] UL: SNR = 63.50 dB | SE = 20.778 bit/s/Hz
[77474 ms] [UE 36997] UL: SNR = 63.50 dB | SE = 20.778 bit/s/Hz
[77474 ms] [UE 48787] UL: SNR = 63.50 dB | SE = 20.778 bit/s/Hz
[77474 ms] [UE 40252] UL: SNR = 56.00 dB | SE = 18.324 bit/s/Hz
[77474 ms] [UE 15599] UL: SNR = 52.50 dB | SE = 17.179 bit/s/Hz
[77475 ms] [UE 33952] UL: SNR = 6.50 dB | SE = 2.414 bit/s/Hz
[77475 ms] [UE 12169] UL: SNR = 63.50 dB | SE = 20.778 bit/s/Hz
[77475 ms] [UE 22873] UL: SNR = 63.50 dB | SE = 20.778 bit/s/Hz
[77475 ms] [UE 30556] UL: SNR = 63.50 dB | SE = 20.778 bit/s/Hz
[77475 ms] [UE 20945] UL: SNR = 52.00 dB | SE = 17.015 bit/s/Hz
[77575 ms] [UE 33952] UL: SNR = 6.50 dB | SE = 2.414 bit/s/Hz
[77575 ms] [UE 12169] UL: SNR = 63.50 dB | SE = 20.778 bit/s/Hz
[77575 ms] [UE 22873] UL: SNR = 63.50 dB | SE = 20.778 bit/s/Hz
[77575 ms] [UE 30556] UL: SNR = 63.50 dB | SE = 20.778 bit/s/Hz
[77575 ms] [UE 20945] UL: SNR = 52.00 dB | SE = 17.015 bit/s/Hz
[77584 ms] [UE 45898] UL: SNR = 63.50 dB | SE = 20.778 bit/s/Hz
[77584 ms] [UE 36997] UL: SNR = 63.50 dB | SE = 20.778 bit/s/Hz
[77584 ms] [UE 48787] UL: SNR = 63.50 dB | SE = 20.778 bit/s/Hz
[77584 ms] [UE 40252] UL: SNR = 56.00 dB | SE = 18.324 bit/s/Hz
[77584 ms] [UE 15599] UL: SNR = 52.50 dB | SE = 17.179 bit/s/Hz
[77685 ms] [UE 33952] UL: SNR = 6.50 dB | SE = 2.414 bit/s/Hz
[77685 ms] [UE 12169] UL: SNR = 63.50 dB | SE = 20.778 bit/s/Hz
[77685 ms] [UE 22873] UL: SNR = 63.50 dB | SE = 20.778 bit/s/Hz
[77685 ms] [UE 30556] UL: SNR = 63.50 dB | SE = 20.778 bit/s/Hz
[77685 ms] [UE 20945] UL: SNR = 52.00 dB | SE = 17.015 bit/s/Hz
[77693 ms] [UE 45898] UL: SNR = 63.50 dB | SE = 20.778 bit/s/Hz
[77693 ms] [UE 36997] UL: SNR = 63.50 dB | SE = 20.778 bit/s/Hz
[77693 ms] [UE 48787] UL: SNR = 63.50 dB | SE = 20.778 bit/s/Hz
[77693 ms] [UE 40252] UL: SNR = 56.00 dB | SE = 18.324 bit/s/Hz
[77693 ms] [UE 15599] UL: SNR = 52.50 dB | SE = 17.179 bit/s/Hz
[77795 ms] [UE 33952] UL: SNR = 6.50 dB | SE = 2.414 bit/s/Hz
[77795 ms] [UE 12169] UL: SNR = 63.50 dB | SE = 20.778 bit/s/Hz
[77795 ms] [UE 22873] UL: SNR = 63.50 dB | SE = 20.778 bit/s/Hz
[77795 ms] [UE 30556] UL: SNR = 63.50 dB | SE = 20.778 bit/s/Hz
[77795 ms] [UE 20945] UL: SNR = 52.00 dB | SE = 17.015 bit/s/Hz
[77803 ms] [UE 45898] UL: SNR = 63.50 dB | SE = 20.778 bit/s/Hz
[77803 ms] [UE 36997] UL: SNR = 63.50 dB | SE = 20.778 bit/s/Hz
[77803 ms] [UE 48787] UL: SNR = 63.50 dB | SE = 20.778 bit/s/Hz
[77803 ms] [UE 40252] UL: SNR = 56.00 dB | SE = 18.324 bit/s/Hz
[77803 ms] [UE 15599] UL: SNR = 52.50 dB | SE = 17.179 bit/s/Hz
[77895 ms] [UE 33952] UL: SNR = 6.50 dB | SE = 2.414 bit/s/Hz
[77895 ms] [UE 12169] UL: SNR = 63.50 dB | SE = 20.778 bit/s/Hz
[77895 ms] [UE 22873] UL: SNR = 63.50 dB | SE = 20.778 bit/s/Hz
[77895 ms] [UE 30556] UL: SNR = 63.50 dB | SE = 20.778 bit/s/Hz
[77895 ms] [UE 20945] UL: SNR = 52.00 dB | SE = 17.015 bit/s/Hz
[77903 ms] [UE 45898] UL: SNR = 63.50 dB | SE = 20.778 bit/s/Hz
[77903 ms] [UE 36997] UL: SNR = 63.50 dB | SE = 20.778 bit/s/Hz
[77903 ms] [UE 48787] UL: SNR = 63.50 dB | SE = 20.778 bit/s/Hz
[77903 ms] [UE 40252] UL: SNR = 56.00 dB | SE = 18.324 bit/s/Hz
[77903 ms] [UE 15599] UL: SNR = 52.50 dB | SE = 17.179 bit/s/Hz
[78005 ms] [UE 33952] UL: SNR = 6.50 dB | SE = 2.414 bit/s/Hz
[78005 ms] [UE 12169] UL: SNR = 63.50 dB | SE = 20.778 bit/s/Hz
[78005 ms] [UE 22873] UL: SNR = 63.50 dB | SE = 20.778 bit/s/Hz
[78005 ms] [UE 30556] UL: SNR = 63.50 dB | SE = 20.778 bit/s/Hz
[78005 ms] [UE 20945] UL: SNR = 52.00 dB | SE = 17.015 bit/s/Hz
[78013 ms] [UE 45898] UL: SNR = 63.50 dB | SE = 20.778 bit/s/Hz
[78013 ms] [UE 36997] UL: SNR = 63.50 dB | SE = 20.778 bit/s/Hz
[78013 ms] [UE 48787] UL: SNR = 63.50 dB | SE = 20.778 bit/s/Hz
[78013 ms] [UE 40252] UL: SNR = 56.00 dB | SE = 18.324 bit/s/Hz
[78013 ms] [UE 15599] UL: SNR = 52.50 dB | SE = 17.179 bit/s/Hz
[78106 ms] [UE 33952] UL: SNR = 6.50 dB | SE = 2.414 bit/s/Hz
[78106 ms] [UE 12169] UL: SNR = 63.50 dB | SE = 20.778 bit/s/Hz
[78106 ms] [UE 22873] UL: SNR = 63.50 dB | SE = 20.778 bit/s/Hz
[78106 ms] [UE 30556] UL: SNR = 63.50 dB | SE = 20.778 bit/s/Hz
[78106 ms] [UE 20945] UL: SNR = 52.00 dB | SE = 17.015 bit/s/Hz
[78114 ms] [UE 45898] UL: SNR = 63.50 dB | SE = 20.778 bit/s/Hz
[78114 ms] [UE 36997] UL: SNR = 63.50 dB | SE = 20.778 bit/s/Hz
[78114 ms] [UE 48787] UL: SNR = 63.50 dB | SE = 20.778 bit/s/Hz
[78114 ms] [UE 40252] UL: SNR = 56.00 dB | SE = 18.324 bit/s/Hz
[78114 ms] [UE 15599] UL: SNR = 52.50 dB | SE = 17.179 bit/s/Hz
[78207 ms] [UE 33952] UL: SNR = 6.50 dB | SE = 2.414 bit/s/Hz
[78207 ms] [UE 12169] UL: SNR = 63.50 dB | SE = 20.778 bit/s/Hz
[78207 ms] [UE 22873] UL: SNR = 63.50 dB | SE = 20.778 bit/s/Hz
[78207 ms] [UE 30556] UL: SNR = 63.50 dB | SE = 20.778 bit/s/Hz
[78207 ms] [UE 20945] UL: SNR = 52.00 dB | SE = 17.015 bit/s/Hz
[78224 ms] [UE 45898] UL: SNR = 63.50 dB | SE = 20.778 bit/s/Hz
[78224 ms] [UE 36997] UL: SNR = 63.50 dB | SE = 20.778 bit/s/Hz
[78224 ms] [UE 48787] UL: SNR = 63.50 dB | SE = 20.778 bit/s/Hz
[78224 ms] [UE 40252] UL: SNR = 56.00 dB | SE = 18.324 bit/s/Hz
[78224 ms] [UE 15599] UL: SNR = 52.50 dB | SE = 17.179 bit/s/Hz
[78316 ms] [UE 33952] UL: SNR = 6.50 dB | SE = 2.414 bit/s/Hz
[78316 ms] [UE 12169] UL: SNR = 63.50 dB | SE = 20.778 bit/s/Hz
[78316 ms] [UE 22873] UL: SNR = 63.50 dB | SE = 20.778 bit/s/Hz
[78316 ms] [UE 30556] UL: SNR = 63.50 dB | SE = 20.778 bit/s/Hz
[78316 ms] [UE 20945] UL: SNR = 52.00 dB | SE = 17.015 bit/s/Hz
[78334 ms] [UE 45898] UL: SNR = 63.50 dB | SE = 20.778 bit/s/Hz
[78334 ms] [UE 36997] UL: SNR = 63.50 dB | SE = 20.778 bit/s/Hz
[78334 ms] [UE 48787] UL: SNR = 63.50 dB | SE = 20.778 bit/s/Hz
[78334 ms] [UE 40252] UL: SNR = 56.00 dB | SE = 18.324 bit/s/Hz
[78334 ms] [UE 15599] UL: SNR = 52.50 dB | SE = 17.179 bit/s/Hz
[78426 ms] [UE 33952] UL: SNR = 6.50 dB | SE = 2.414 bit/s/Hz
[78426 ms] [UE 12169] UL: SNR = 63.50 dB | SE = 20.778 bit/s/Hz
[78426 ms] [UE 22873] UL: SNR = 63.50 dB | SE = 20.778 bit/s/Hz
[78426 ms] [UE 30556] UL: SNR = 63.50 dB | SE = 20.778 bit/s/Hz
[78426 ms] [UE 20945] UL: SNR = 52.00 dB | SE = 17.015 bit/s/Hz
[78444 ms] [UE 45898] UL: SNR = 63.50 dB | SE = 20.778 bit/s/Hz
[78444 ms] [UE 36997] UL: SNR = 63.50 dB | SE = 20.778 bit/s/Hz
[78444 ms] [UE 48787] UL: SNR = 63.50 dB | SE = 20.778 bit/s/Hz
[78444 ms] [UE 40252] UL: SNR = 56.00 dB | SE = 18.324 bit/s/Hz
[78444 ms] [UE 15599] UL: SNR = 52.50 dB | SE = 17.179 bit/s/Hz
[78535 ms] [UE 33952] UL: SNR = 6.50 dB | SE = 2.414 bit/s/Hz
[78535 ms] [UE 12169] UL: SNR = 63.50 dB | SE = 20.778 bit/s/Hz
[78535 ms] [UE 22873] UL: SNR = 63.50 dB | SE = 20.778 bit/s/Hz
[78535 ms] [UE 30556] UL: SNR = 63.50 dB | SE = 20.778 bit/s/Hz
[78535 ms] [UE 20945] UL: SNR = 52.00 dB | SE = 17.015 bit/s/Hz
[78554 ms] [UE 45898] UL: SNR = 63.50 dB | SE = 20.778 bit/s/Hz
[78554 ms] [UE 36997] UL: SNR = 63.50 dB | SE = 20.778 bit/s/Hz
[78554 ms] [UE 48787] UL: SNR = 63.50 dB | SE = 20.778 bit/s/Hz
[78554 ms] [UE 40252] UL: SNR = 56.00 dB | SE = 18.324 bit/s/Hz
[78554 ms] [UE 15599] UL: SNR = 52.50 dB | SE = 17.179 bit/s/Hz
[78636 ms] [UE 33952] UL: SNR = 6.50 dB | SE = 2.414 bit/s/Hz
[78636 ms] [UE 12169] UL: SNR = 63.50 dB | SE = 20.778 bit/s/Hz
[78636 ms] [UE 22873] UL: SNR = 63.50 dB | SE = 20.778 bit/s/Hz
[78636 ms] [UE 30556] UL: SNR = 63.50 dB | SE = 20.778 bit/s/Hz
[78636 ms] [UE 20945] UL: SNR = 52.00 dB | SE = 17.015 bit/s/Hz
[78664 ms] [UE 45898] UL: SNR = 63.50 dB | SE = 20.778 bit/s/Hz
[78664 ms] [UE 36997] UL: SNR = 63.50 dB | SE = 20.778 bit/s/Hz
[78664 ms] [UE 48787] UL: SNR = 63.50 dB | SE = 20.778 bit/s/Hz
[78664 ms] [UE 40252] UL: SNR = 56.00 dB | SE = 18.324 bit/s/Hz
[78664 ms] [UE 15599] UL: SNR = 52.50 dB | SE = 17.179 bit/s/Hz
[78746 ms] [UE 33952] UL: SNR = 6.50 dB | SE = 2.414 bit/s/Hz
[78746 ms] [UE 12169] UL: SNR = 63.50 dB | SE = 20.778 bit/s/Hz
[78746 ms] [UE 22873] UL: SNR = 63.50 dB | SE = 20.778 bit/s/Hz
[78746 ms] [UE 30556] UL: SNR = 63.50 dB | SE = 20.778 bit/s/Hz
[78746 ms] [UE 20945] UL: SNR = 52.00 dB | SE = 17.015 bit/s/Hz
[78773 ms] [UE 45898] UL: SNR = 63.50 dB | SE = 20.778 bit/s/Hz
[78773 ms] [UE 36997] UL: SNR = 63.50 dB | SE = 20.778 bit/s/Hz
[78773 ms] [UE 48787] UL: SNR = 63.50 dB | SE = 20.778 bit/s/Hz
[78773 ms] [UE 40252] UL: SNR = 56.00 dB | SE = 18.324 bit/s/Hz
[78773 ms] [UE 15599] UL: SNR = 52.50 dB | SE = 17.179 bit/s/Hz
[78856 ms] [UE 33952] UL: SNR = 6.50 dB | SE = 2.414 bit/s/Hz
[78856 ms] [UE 12169] UL: SNR = 63.50 dB | SE = 20.778 bit/s/Hz
[78856 ms] [UE 22873] UL: SNR = 63.50 dB | SE = 20.778 bit/s/Hz
[78856 ms] [UE 30556] UL: SNR = 63.50 dB | SE = 20.778 bit/s/Hz
[78856 ms] [UE 20945] UL: SNR = 52.00 dB | SE = 17.015 bit/s/Hz
[78874 ms] [UE 45898] UL: SNR = 63.50 dB | SE = 20.778 bit/s/Hz
[78874 ms] [UE 36997] UL: SNR = 63.50 dB | SE = 20.778 bit/s/Hz
[78874 ms] [UE 48787] UL: SNR = 63.50 dB | SE = 20.778 bit/s/Hz
[78874 ms] [UE 40252] UL: SNR = 56.00 dB | SE = 18.324 bit/s/Hz
[78874 ms] [UE 15599] UL: SNR = 52.50 dB | SE = 17.179 bit/s/Hz
[78956 ms] [UE 33952] UL: SNR = 6.50 dB | SE = 2.414 bit/s/Hz
[78956 ms] [UE 12169] UL: SNR = 63.50 dB | SE = 20.778 bit/s/Hz
[78956 ms] [UE 22873] UL: SNR = 63.50 dB | SE = 20.778 bit/s/Hz
[78956 ms] [UE 30556] UL: SNR = 53.50 dB | SE = 17.506 bit/s/Hz
[78956 ms] [UE 20945] UL: SNR = 52.00 dB | SE = 17.015 bit/s/Hz
[78983 ms] [UE 45898] UL: SNR = 63.50 dB | SE = 20.778 bit/s/Hz
[78983 ms] [UE 36997] UL: SNR = 63.50 dB | SE = 20.778 bit/s/Hz
[78983 ms] [UE 48787] UL: SNR = 63.50 dB | SE = 20.778 bit/s/Hz
[78983 ms] [UE 40252] UL: SNR = 56.00 dB | SE = 18.324 bit/s/Hz
[78983 ms] [UE 15599] UL: SNR = 52.50 dB | SE = 17.179 bit/s/Hz
[79066 ms] [UE 33952] UL: SNR = 6.50 dB | SE = 2.414 bit/s/Hz
[79066 ms] [UE 12169] UL: SNR = 63.50 dB | SE = 20.778 bit/s/Hz
[79066 ms] [UE 22873] UL: SNR = 63.50 dB | SE = 20.778 bit/s/Hz
[79066 ms] [UE 30556] UL: SNR = 53.50 dB | SE = 17.506 bit/s/Hz
[79066 ms] [UE 20945] UL: SNR = 52.00 dB | SE = 17.015 bit/s/Hz
[79084 ms] [UE 45898] UL: SNR = 63.50 dB | SE = 20.778 bit/s/Hz
[79084 ms] [UE 36997] UL: SNR = 63.50 dB | SE = 20.778 bit/s/Hz
[79084 ms] [UE 48787] UL: SNR = 63.50 dB | SE = 20.778 bit/s/Hz
[79084 ms] [UE 40252] UL: SNR = 56.00 dB | SE = 18.324 bit/s/Hz
[79084 ms] [UE 15599] UL: SNR = 52.50 dB | SE = 17.179 bit/s/Hz
[79166 ms] [UE 33952] UL: SNR = 6.50 dB | SE = 2.414 bit/s/Hz
[79166 ms] [UE 12169] UL: SNR = 63.50 dB | SE = 20.778 bit/s/Hz
[79166 ms] [UE 22873] UL: SNR = 63.50 dB | SE = 20.778 bit/s/Hz
[79166 ms] [UE 30556] UL: SNR = 53.50 dB | SE = 17.506 bit/s/Hz
[79166 ms] [UE 20945] UL: SNR = 63.50 dB | SE = 20.778 bit/s/Hz
[79194 ms] [UE 45898] UL: SNR = 63.50 dB | SE = 20.778 bit/s/Hz
[79194 ms] [UE 36997] UL: SNR = 63.50 dB | SE = 20.778 bit/s/Hz
[79194 ms] [UE 48787] UL: SNR = 63.50 dB | SE = 20.778 bit/s/Hz
[79194 ms] [UE 40252] UL: SNR = 56.00 dB | SE = 18.324 bit/s/Hz
[79194 ms] [UE 15599] UL: SNR = 52.50 dB | SE = 17.179 bit/s/Hz
[79276 ms] [UE 33952] UL: SNR = 6.50 dB | SE = 2.414 bit/s/Hz
[79276 ms] [UE 12169] UL: SNR = 63.50 dB | SE = 20.778 bit/s/Hz
[79276 ms] [UE 22873] UL: SNR = 63.50 dB | SE = 20.778 bit/s/Hz
[79276 ms] [UE 30556] UL: SNR = 53.50 dB | SE = 17.506 bit/s/Hz
[79276 ms] [UE 20945] UL: SNR = 63.50 dB | SE = 20.778 bit/s/Hz
[79303 ms] [UE 45898] UL: SNR = 63.50 dB | SE = 20.778 bit/s/Hz
[79303 ms] [UE 36997] UL: SNR = 63.50 dB | SE = 20.778 bit/s/Hz
[79303 ms] [UE 48787] UL: SNR = 63.50 dB | SE = 20.778 bit/s/Hz
[79303 ms] [UE 40252] UL: SNR = 56.00 dB | SE = 18.324 bit/s/Hz
[79303 ms] [UE 15599] UL: SNR = 52.50 dB | SE = 17.179 bit/s/Hz
[79376 ms] [UE 33952] UL: SNR = 6.50 dB | SE = 2.414 bit/s/Hz
[79376 ms] [UE 12169] UL: SNR = 63.50 dB | SE = 20.778 bit/s/Hz
[79376 ms] [UE 22873] UL: SNR = 63.50 dB | SE = 20.778 bit/s/Hz
[79376 ms] [UE 30556] UL: SNR = 53.50 dB | SE = 17.506 bit/s/Hz
[79376 ms] [UE 20945] UL: SNR = 63.50 dB | SE = 20.778 bit/s/Hz
[79404 ms] [UE 45898] UL: SNR = 63.50 dB | SE = 20.778 bit/s/Hz
[79404 ms] [UE 36997] UL: SNR = 63.50 dB | SE = 20.778 bit/s/Hz
[79404 ms] [UE 48787] UL: SNR = 63.50 dB | SE = 20.778 bit/s/Hz
[79404 ms] [UE 40252] UL: SNR = 56.00 dB | SE = 18.324 bit/s/Hz
[79404 ms] [UE 15599] UL: SNR = 52.50 dB | SE = 17.179 bit/s/Hz
[79486 ms] [UE 33952] UL: SNR = 6.50 dB | SE = 2.414 bit/s/Hz
[79486 ms] [UE 12169] UL: SNR = 63.50 dB | SE = 20.778 bit/s/Hz
[79486 ms] [UE 22873] UL: SNR = 63.50 dB | SE = 20.778 bit/s/Hz
[79486 ms] [UE 30556] UL: SNR = 53.50 dB | SE = 17.506 bit/s/Hz
[79486 ms] [UE 20945] UL: SNR = 63.50 dB | SE = 20.778 bit/s/Hz
[79513 ms] [UE 45898] UL: SNR = 63.50 dB | SE = 20.778 bit/s/Hz
[79513 ms] [UE 36997] UL: SNR = 63.50 dB | SE = 20.778 bit/s/Hz
[79513 ms] [UE 48787] UL: SNR = 63.50 dB | SE = 20.778 bit/s/Hz
[79513 ms] [UE 40252] UL: SNR = 56.00 dB | SE = 18.324 bit/s/Hz
[79513 ms] [UE 15599] UL: SNR = 52.50 dB | SE = 17.179 bit/s/Hz
[79586 ms] [UE 33952] UL: SNR = 6.50 dB | SE = 2.414 bit/s/Hz
[79586 ms] [UE 12169] UL: SNR = 63.50 dB | SE = 20.778 bit/s/Hz
[79586 ms] [UE 22873] UL: SNR = 63.50 dB | SE = 20.778 bit/s/Hz
[79586 ms] [UE 30556] UL: SNR = 53.50 dB | SE = 17.506 bit/s/Hz
[79586 ms] [UE 20945] UL: SNR = 63.50 dB | SE = 20.778 bit/s/Hz
[79613 ms] [UE 45898] UL: SNR = 63.50 dB | SE = 20.778 bit/s/Hz
[79613 ms] [UE 36997] UL: SNR = 63.50 dB | SE = 20.778 bit/s/Hz
[79613 ms] [UE 48787] UL: SNR = 63.50 dB | SE = 20.778 bit/s/Hz
[79613 ms] [UE 40252] UL: SNR = 56.00 dB | SE = 18.324 bit/s/Hz
[79613 ms] [UE 15599] UL: SNR = 52.50 dB | SE = 17.179 bit/s/Hz
[79695 ms] [UE 33952] UL: SNR = 6.50 dB | SE = 2.414 bit/s/Hz
[79695 ms] [UE 12169] UL: SNR = 63.50 dB | SE = 20.778 bit/s/Hz
[79695 ms] [UE 22873] UL: SNR = 63.50 dB | SE = 20.778 bit/s/Hz
[79695 ms] [UE 30556] UL: SNR = 63.50 dB | SE = 20.778 bit/s/Hz
[79695 ms] [UE 20945] UL: SNR = 63.50 dB | SE = 20.778 bit/s/Hz
[79723 ms] [UE 45898] UL: SNR = 63.50 dB | SE = 20.778 bit/s/Hz
[79723 ms] [UE 36997] UL: SNR = 63.50 dB | SE = 20.778 bit/s/Hz
[79723 ms] [UE 48787] UL: SNR = 63.50 dB | SE = 20.778 bit/s/Hz
[79723 ms] [UE 40252] UL: SNR = 56.00 dB | SE = 18.324 bit/s/Hz
[79723 ms] [UE 15599] UL: SNR = 52.50 dB | SE = 17.179 bit/s/Hz
[79796 ms] [UE 33952] UL: SNR = 6.50 dB | SE = 2.414 bit/s/Hz
[79796 ms] [UE 12169] UL: SNR = 63.50 dB | SE = 20.778 bit/s/Hz
[79796 ms] [UE 22873] UL: SNR = 63.50 dB | SE = 20.778 bit/s/Hz
[79796 ms] [UE 30556] UL: SNR = 63.50 dB | SE = 20.778 bit/s/Hz
[79796 ms] [UE 20945] UL: SNR = 63.50 dB | SE = 20.778 bit/s/Hz
[79823 ms] [UE 45898] UL: SNR = 63.50 dB | SE = 20.778 bit/s/Hz
[79823 ms] [UE 36997] UL: SNR = 63.50 dB | SE = 20.778 bit/s/Hz
[79823 ms] [UE 48787] UL: SNR = 63.50 dB | SE = 20.778 bit/s/Hz
[79823 ms] [UE 40252] UL: SNR = 56.00 dB | SE = 18.324 bit/s/Hz
[79823 ms] [UE 15599] UL: SNR = 52.50 dB | SE = 17.179 bit/s/Hz
[79907 ms] [UE 33952] UL: SNR = 6.50 dB | SE = 2.414 bit/s/Hz
[79907 ms] [UE 12169] UL: SNR = 63.50 dB | SE = 20.778 bit/s/Hz
[79907 ms] [UE 22873] UL: SNR = 63.50 dB | SE = 20.778 bit/s/Hz
[79907 ms] [UE 30556] UL: SNR = 63.50 dB | SE = 20.778 bit/s/Hz
[79907 ms] [UE 20945] UL: SNR = 63.50 dB | SE = 20.778 bit/s/Hz
[79933 ms] [UE 45898] UL: SNR = 63.50 dB | SE = 20.778 bit/s/Hz
[79933 ms] [UE 36997] UL: SNR = 63.50 dB | SE = 20.778 bit/s/Hz
[79933 ms] [UE 48787] UL: SNR = 63.50 dB | SE = 20.778 bit/s/Hz
[79933 ms] [UE 40252] UL: SNR = 56.00 dB | SE = 18.324 bit/s/Hz
[79933 ms] [UE 15599] UL: SNR = 52.50 dB | SE = 17.179 bit/s/Hz
[80016 ms] [UE 33952] UL: SNR = 6.50 dB | SE = 2.414 bit/s/Hz
[80016 ms] [UE 12169] UL: SNR = 63.50 dB | SE = 20.778 bit/s/Hz
[80016 ms] [UE 22873] UL: SNR = 63.50 dB | SE = 20.778 bit/s/Hz
[80016 ms] [UE 30556] UL: SNR = 63.50 dB | SE = 20.778 bit/s/Hz
[80016 ms] [UE 20945] UL: SNR = 63.50 dB | SE = 20.778 bit/s/Hz
[80033 ms] [UE 45898] UL: SNR = 63.50 dB | SE = 20.778 bit/s/Hz
[80033 ms] [UE 36997] UL: SNR = 63.50 dB | SE = 20.778 bit/s/Hz
[80033 ms] [UE 48787] UL: SNR = 63.50 dB | SE = 20.778 bit/s/Hz
[80033 ms] [UE 40252] UL: SNR = 56.00 dB | SE = 18.324 bit/s/Hz
[80033 ms] [UE 15599] UL: SNR = 52.50 dB | SE = 17.179 bit/s/Hz
[80125 ms] [UE 33952] UL: SNR = 6.50 dB | SE = 2.414 bit/s/Hz
[80125 ms] [UE 12169] UL: SNR = 63.50 dB | SE = 20.778 bit/s/Hz
[80125 ms] [UE 22873] UL: SNR = 63.50 dB | SE = 20.778 bit/s/Hz
[80125 ms] [UE 30556] UL: SNR = 63.50 dB | SE = 20.778 bit/s/Hz
[80125 ms] [UE 20945] UL: SNR = 63.50 dB | SE = 20.778 bit/s/Hz
[80134 ms] [UE 45898] UL: SNR = 63.50 dB | SE = 20.778 bit/s/Hz
[80134 ms] [UE 36997] UL: SNR = 63.50 dB | SE = 20.778 bit/s/Hz
[80134 ms] [UE 48787] UL: SNR = 63.50 dB | SE = 20.778 bit/s/Hz
[80134 ms] [UE 40252] UL: SNR = 56.00 dB | SE = 18.324 bit/s/Hz
[80134 ms] [UE 15599] UL: SNR = 52.50 dB | SE = 17.179 bit/s/Hz
[80226 ms] [UE 33952] UL: SNR = 6.50 dB | SE = 2.414 bit/s/Hz
[80226 ms] [UE 12169] UL: SNR = 63.50 dB | SE = 20.778 bit/s/Hz
[80226 ms] [UE 22873] UL: SNR = 63.50 dB | SE = 20.778 bit/s/Hz
[80226 ms] [UE 30556] UL: SNR = 63.50 dB | SE = 20.778 bit/s/Hz
[80226 ms] [UE 20945] UL: SNR = 63.50 dB | SE = 20.778 bit/s/Hz
[80243 ms] [UE 45898] UL: SNR = 63.50 dB | SE = 20.778 bit/s/Hz
[80243 ms] [UE 36997] UL: SNR = 63.50 dB | SE = 20.778 bit/s/Hz
[80243 ms] [UE 48787] UL: SNR = 63.50 dB | SE = 20.778 bit/s/Hz
[80243 ms] [UE 40252] UL: SNR = 56.00 dB | SE = 18.324 bit/s/Hz
[80243 ms] [UE 15599] UL: SNR = 52.50 dB | SE = 17.179 bit/s/Hz
[80327 ms] [UE 33952] UL: SNR = 6.50 dB | SE = 2.414 bit/s/Hz
[80327 ms] [UE 12169] UL: SNR = 63.50 dB | SE = 20.778 bit/s/Hz
[80327 ms] [UE 22873] UL: SNR = 63.50 dB | SE = 20.778 bit/s/Hz
[80327 ms] [UE 30556] UL: SNR = 63.50 dB | SE = 20.778 bit/s/Hz
[80327 ms] [UE 20945] UL: SNR = 63.50 dB | SE = 20.778 bit/s/Hz
[80343 ms] [UE 45898] UL: SNR = 63.50 dB | SE = 20.778 bit/s/Hz
[80343 ms] [UE 36997] UL: SNR = 63.50 dB | SE = 20.778 bit/s/Hz
[80343 ms] [UE 48787] UL: SNR = 63.50 dB | SE = 20.778 bit/s/Hz
[80343 ms] [UE 40252] UL: SNR = 56.00 dB | SE = 18.324 bit/s/Hz
[80343 ms] [UE 15599] UL: SNR = 52.50 dB | SE = 17.179 bit/s/Hz
[80436 ms] [UE 33952] UL: SNR = 6.50 dB | SE = 2.414 bit/s/Hz
[80436 ms] [UE 12169] UL: SNR = 63.50 dB | SE = 20.778 bit/s/Hz
[80436 ms] [UE 22873] UL: SNR = 63.50 dB | SE = 20.778 bit/s/Hz
[80436 ms] [UE 30556] UL: SNR = 63.50 dB | SE = 20.778 bit/s/Hz
[80436 ms] [UE 20945] UL: SNR = 63.50 dB | SE = 20.778 bit/s/Hz
[80444 ms] [UE 45898] UL: SNR = 63.50 dB | SE = 20.778 bit/s/Hz
[80444 ms] [UE 36997] UL: SNR = 63.50 dB | SE = 20.778 bit/s/Hz
[80444 ms] [UE 48787] UL: SNR = 63.50 dB | SE = 20.778 bit/s/Hz
[80444 ms] [UE 40252] UL: SNR = 56.00 dB | SE = 18.324 bit/s/Hz
[80444 ms] [UE 15599] UL: SNR = 52.50 dB | SE = 17.179 bit/s/Hz
[80538 ms] [UE 33952] UL: SNR = 6.50 dB | SE = 2.414 bit/s/Hz
[80538 ms] [UE 12169] UL: SNR = 63.50 dB | SE = 20.778 bit/s/Hz
[80538 ms] [UE 22873] UL: SNR = 63.50 dB | SE = 20.778 bit/s/Hz
[80538 ms] [UE 30556] UL: SNR = 63.50 dB | SE = 20.778 bit/s/Hz
[80538 ms] [UE 20945] UL: SNR = 63.50 dB | SE = 20.778 bit/s/Hz
[80554 ms] [UE 45898] UL: SNR = 63.50 dB | SE = 20.778 bit/s/Hz
[80554 ms] [UE 36997] UL: SNR = 63.50 dB | SE = 20.778 bit/s/Hz
[80554 ms] [UE 48787] UL: SNR = 63.50 dB | SE = 20.778 bit/s/Hz
[80554 ms] [UE 40252] UL: SNR = 56.00 dB | SE = 18.324 bit/s/Hz
[80554 ms] [UE 15599] UL: SNR = 52.50 dB | SE = 17.179 bit/s/Hz
[80645 ms] [UE 33952] UL: SNR = 6.50 dB | SE = 2.414 bit/s/Hz
[80645 ms] [UE 12169] UL: SNR = 63.50 dB | SE = 20.778 bit/s/Hz
[80645 ms] [UE 22873] UL: SNR = 63.50 dB | SE = 20.778 bit/s/Hz
[80645 ms] [UE 30556] UL: SNR = 63.50 dB | SE = 20.778 bit/s/Hz
[80645 ms] [UE 20945] UL: SNR = 63.50 dB | SE = 20.778 bit/s/Hz
[80664 ms] [UE 45898] UL: SNR = 63.50 dB | SE = 20.778 bit/s/Hz
[80664 ms] [UE 36997] UL: SNR = 63.50 dB | SE = 20.778 bit/s/Hz
[80664 ms] [UE 48787] UL: SNR = 63.50 dB | SE = 20.778 bit/s/Hz
[80664 ms] [UE 40252] UL: SNR = 56.00 dB | SE = 18.324 bit/s/Hz
[80664 ms] [UE 15599] UL: SNR = 52.50 dB | SE = 17.179 bit/s/Hz
[80756 ms] [UE 33952] UL: SNR = 6.50 dB | SE = 2.414 bit/s/Hz
[80756 ms] [UE 12169] UL: SNR = 63.50 dB | SE = 20.778 bit/s/Hz
[80756 ms] [UE 22873] UL: SNR = 63.50 dB | SE = 20.778 bit/s/Hz
[80756 ms] [UE 30556] UL: SNR = 63.50 dB | SE = 20.778 bit/s/Hz
[80756 ms] [UE 20945] UL: SNR = 63.50 dB | SE = 20.778 bit/s/Hz
[80773 ms] [UE 45898] UL: SNR = 63.50 dB | SE = 20.778 bit/s/Hz
[80773 ms] [UE 36997] UL: SNR = 63.50 dB | SE = 20.778 bit/s/Hz
[80773 ms] [UE 48787] UL: SNR = 63.50 dB | SE = 20.778 bit/s/Hz
[80773 ms] [UE 40252] UL: SNR = 56.00 dB | SE = 18.324 bit/s/Hz
[80773 ms] [UE 15599] UL: SNR = 52.50 dB | SE = 17.179 bit/s/Hz
[80856 ms] [UE 33952] UL: SNR = 6.50 dB | SE = 2.414 bit/s/Hz
[80856 ms] [UE 12169] UL: SNR = 63.50 dB | SE = 20.778 bit/s/Hz
[80856 ms] [UE 22873] UL: SNR = 63.50 dB | SE = 20.778 bit/s/Hz
[80856 ms] [UE 30556] UL: SNR = 63.50 dB | SE = 20.778 bit/s/Hz
[80856 ms] [UE 20945] UL: SNR = 63.50 dB | SE = 20.778 bit/s/Hz
[80884 ms] [UE 45898] UL: SNR = 63.50 dB | SE = 20.778 bit/s/Hz
[80884 ms] [UE 36997] UL: SNR = 63.50 dB | SE = 20.778 bit/s/Hz
[80884 ms] [UE 48787] UL: SNR = 63.50 dB | SE = 20.778 bit/s/Hz
[80884 ms] [UE 40252] UL: SNR = 56.00 dB | SE = 18.324 bit/s/Hz
[80884 ms] [UE 15599] UL: SNR = 52.50 dB | SE = 17.179 bit/s/Hz
[80965 ms] [UE 33952] UL: SNR = 6.50 dB | SE = 2.414 bit/s/Hz
[80965 ms] [UE 12169] UL: SNR = 63.50 dB | SE = 20.778 bit/s/Hz
[80965 ms] [UE 22873] UL: SNR = 63.50 dB | SE = 20.778 bit/s/Hz
[80965 ms] [UE 30556] UL: SNR = 63.50 dB | SE = 20.778 bit/s/Hz
[80965 ms] [UE 20945] UL: SNR = 63.50 dB | SE = 20.778 bit/s/Hz
[80984 ms] [UE 45898] UL: SNR = 63.50 dB | SE = 20.778 bit/s/Hz
[80984 ms] [UE 36997] UL: SNR = 63.50 dB | SE = 20.778 bit/s/Hz
[80984 ms] [UE 48787] UL: SNR = 63.50 dB | SE = 20.778 bit/s/Hz
[80984 ms] [UE 40252] UL: SNR = 56.00 dB | SE = 18.324 bit/s/Hz
[80984 ms] [UE 15599] UL: SNR = 52.50 dB | SE = 17.179 bit/s/Hz
[81065 ms] [UE 33952] UL: SNR = 6.50 dB | SE = 2.414 bit/s/Hz
[81065 ms] [UE 12169] UL: SNR = 63.50 dB | SE = 20.778 bit/s/Hz
[81065 ms] [UE 22873] UL: SNR = 63.50 dB | SE = 20.778 bit/s/Hz
[81065 ms] [UE 30556] UL: SNR = 63.50 dB | SE = 20.778 bit/s/Hz
[81065 ms] [UE 20945] UL: SNR = 63.50 dB | SE = 20.778 bit/s/Hz
[81084 ms] [UE 45898] UL: SNR = 63.50 dB | SE = 20.778 bit/s/Hz
[81084 ms] [UE 36997] UL: SNR = 63.50 dB | SE = 20.778 bit/s/Hz
[81084 ms] [UE 48787] UL: SNR = 63.50 dB | SE = 20.778 bit/s/Hz
[81084 ms] [UE 40252] UL: SNR = 56.00 dB | SE = 18.324 bit/s/Hz
[81084 ms] [UE 15599] UL: SNR = 52.50 dB | SE = 17.179 bit/s/Hz
[81166 ms] [UE 33952] UL: SNR = 6.50 dB | SE = 2.414 bit/s/Hz
[81166 ms] [UE 12169] UL: SNR = 63.50 dB | SE = 20.778 bit/s/Hz
[81166 ms] [UE 22873] UL: SNR = 63.50 dB | SE = 20.778 bit/s/Hz
[81166 ms] [UE 30556] UL: SNR = 63.50 dB | SE = 20.778 bit/s/Hz
[81166 ms] [UE 20945] UL: SNR = 63.50 dB | SE = 20.778 bit/s/Hz
[81194 ms] [UE 45898] UL: SNR = 63.50 dB | SE = 20.778 bit/s/Hz
[81194 ms] [UE 36997] UL: SNR = 63.50 dB | SE = 20.778 bit/s/Hz
[81194 ms] [UE 48787] UL: SNR = 63.50 dB | SE = 20.778 bit/s/Hz
[81194 ms] [UE 40252] UL: SNR = 56.00 dB | SE = 18.324 bit/s/Hz
[81194 ms] [UE 15599] UL: SNR = 52.50 dB | SE = 17.179 bit/s/Hz
[81276 ms] [UE 33952] UL: SNR = 6.50 dB | SE = 2.414 bit/s/Hz
[81276 ms] [UE 12169] UL: SNR = 63.50 dB | SE = 20.778 bit/s/Hz
[81276 ms] [UE 22873] UL: SNR = 63.50 dB | SE = 20.778 bit/s/Hz
[81276 ms] [UE 30556] UL: SNR = 63.50 dB | SE = 20.778 bit/s/Hz
[81276 ms] [UE 20945] UL: SNR = 63.50 dB | SE = 20.778 bit/s/Hz
[81303 ms] [UE 45898] UL: SNR = 63.50 dB | SE = 20.778 bit/s/Hz
[81303 ms] [UE 36997] UL: SNR = 63.50 dB | SE = 20.778 bit/s/Hz
[81303 ms] [UE 48787] UL: SNR = 63.50 dB | SE = 20.778 bit/s/Hz
[81303 ms] [UE 40252] UL: SNR = 56.00 dB | SE = 18.324 bit/s/Hz
[81303 ms] [UE 15599] UL: SNR = 52.50 dB | SE = 17.179 bit/s/Hz
[81385 ms] [UE 33952] UL: SNR = 6.50 dB | SE = 2.414 bit/s/Hz
[81385 ms] [UE 12169] UL: SNR = 63.50 dB | SE = 20.778 bit/s/Hz
[81385 ms] [UE 22873] UL: SNR = 63.50 dB | SE = 20.778 bit/s/Hz
[81385 ms] [UE 30556] UL: SNR = 63.50 dB | SE = 20.778 bit/s/Hz
[81385 ms] [UE 20945] UL: SNR = 63.50 dB | SE = 20.778 bit/s/Hz
[81413 ms] [UE 45898] UL: SNR = 63.50 dB | SE = 20.778 bit/s/Hz
[81413 ms] [UE 36997] UL: SNR = 63.50 dB | SE = 20.778 bit/s/Hz
[81413 ms] [UE 48787] UL: SNR = 63.50 dB | SE = 20.778 bit/s/Hz
[81413 ms] [UE 40252] UL: SNR = 56.00 dB | SE = 18.324 bit/s/Hz
[81413 ms] [UE 15599] UL: SNR = 52.50 dB | SE = 17.179 bit/s/Hz
[81486 ms] [UE 33952] UL: SNR = 6.50 dB | SE = 2.414 bit/s/Hz
[81486 ms] [UE 12169] UL: SNR = 63.50 dB | SE = 20.778 bit/s/Hz
[81486 ms] [UE 22873] UL: SNR = 63.50 dB | SE = 20.778 bit/s/Hz
[81486 ms] [UE 30556] UL: SNR = 63.50 dB | SE = 20.778 bit/s/Hz
[81486 ms] [UE 20945] UL: SNR = 63.50 dB | SE = 20.778 bit/s/Hz
[81523 ms] [UE 45898] UL: SNR = 63.50 dB | SE = 20.778 bit/s/Hz
[81523 ms] [UE 36997] UL: SNR = 63.50 dB | SE = 20.778 bit/s/Hz
[81523 ms] [UE 48787] UL: SNR = 63.50 dB | SE = 20.778 bit/s/Hz
[81523 ms] [UE 40252] UL: SNR = 56.00 dB | SE = 18.324 bit/s/Hz
[81523 ms] [UE 15599] UL: SNR = 52.50 dB | SE = 17.179 bit/s/Hz
[81595 ms] [UE 33952] UL: SNR = 6.50 dB | SE = 2.414 bit/s/Hz
[81595 ms] [UE 12169] UL: SNR = 63.50 dB | SE = 20.778 bit/s/Hz
[81595 ms] [UE 22873] UL: SNR = 63.50 dB | SE = 20.778 bit/s/Hz
[81595 ms] [UE 30556] UL: SNR = 63.50 dB | SE = 20.778 bit/s/Hz
[81595 ms] [UE 20945] UL: SNR = 63.50 dB | SE = 20.778 bit/s/Hz
[81633 ms] [UE 45898] UL: SNR = 63.50 dB | SE = 20.778 bit/s/Hz
[81633 ms] [UE 36997] UL: SNR = 63.50 dB | SE = 20.778 bit/s/Hz
[81633 ms] [UE 48787] UL: SNR = 63.50 dB | SE = 20.778 bit/s/Hz
[81633 ms] [UE 40252] UL: SNR = 56.00 dB | SE = 18.324 bit/s/Hz
[81633 ms] [UE 15599] UL: SNR = 52.50 dB | SE = 17.179 bit/s/Hz
[81705 ms] [UE 33952] UL: SNR = 6.50 dB | SE = 2.414 bit/s/Hz
[81705 ms] [UE 12169] UL: SNR = 63.50 dB | SE = 20.778 bit/s/Hz
[81705 ms] [UE 22873] UL: SNR = 63.50 dB | SE = 20.778 bit/s/Hz
[81705 ms] [UE 30556] UL: SNR = 63.50 dB | SE = 20.778 bit/s/Hz
[81705 ms] [UE 20945] UL: SNR = 63.50 dB | SE = 20.778 bit/s/Hz
[81734 ms] [UE 45898] UL: SNR = 63.50 dB | SE = 20.778 bit/s/Hz
[81734 ms] [UE 36997] UL: SNR = 63.50 dB | SE = 20.778 bit/s/Hz
[81734 ms] [UE 48787] UL: SNR = 63.50 dB | SE = 20.778 bit/s/Hz
[81734 ms] [UE 40252] UL: SNR = 56.00 dB | SE = 18.324 bit/s/Hz
[81734 ms] [UE 15599] UL: SNR = 52.50 dB | SE = 17.179 bit/s/Hz
[81805 ms] [UE 33952] UL: SNR = 6.50 dB | SE = 2.414 bit/s/Hz
[81805 ms] [UE 12169] UL: SNR = 63.50 dB | SE = 20.778 bit/s/Hz
[81805 ms] [UE 22873] UL: SNR = 63.50 dB | SE = 20.778 bit/s/Hz
[81805 ms] [UE 30556] UL: SNR = 63.50 dB | SE = 20.778 bit/s/Hz
[81805 ms] [UE 20945] UL: SNR = 63.50 dB | SE = 20.778 bit/s/Hz
[81844 ms] [UE 45898] UL: SNR = 63.50 dB | SE = 20.778 bit/s/Hz
[81844 ms] [UE 36997] UL: SNR = 63.50 dB | SE = 20.778 bit/s/Hz
[81844 ms] [UE 48787] UL: SNR = 63.50 dB | SE = 20.778 bit/s/Hz
[81844 ms] [UE 40252] UL: SNR = 56.00 dB | SE = 18.324 bit/s/Hz
[81844 ms] [UE 15599] UL: SNR = 52.50 dB | SE = 17.179 bit/s/Hz
[81906 ms] [UE 33952] UL: SNR = 6.50 dB | SE = 2.414 bit/s/Hz
[81906 ms] [UE 12169] UL: SNR = 63.50 dB | SE = 20.778 bit/s/Hz
[81906 ms] [UE 22873] UL: SNR = 63.50 dB | SE = 20.778 bit/s/Hz
[81906 ms] [UE 30556] UL: SNR = 63.50 dB | SE = 20.778 bit/s/Hz
[81906 ms] [UE 20945] UL: SNR = 63.50 dB | SE = 20.778 bit/s/Hz
[81954 ms] [UE 45898] UL: SNR = 63.50 dB | SE = 20.778 bit/s/Hz
[81954 ms] [UE 36997] UL: SNR = 63.50 dB | SE = 20.778 bit/s/Hz
[81954 ms] [UE 48787] UL: SNR = 63.50 dB | SE = 20.778 bit/s/Hz
[81954 ms] [UE 40252] UL: SNR = 56.00 dB | SE = 18.324 bit/s/Hz
[81954 ms] [UE 15599] UL: SNR = 52.50 dB | SE = 17.179 bit/s/Hz
[82016 ms] [UE 33952] UL: SNR = 6.50 dB | SE = 2.414 bit/s/Hz
[82016 ms] [UE 12169] UL: SNR = 63.50 dB | SE = 20.778 bit/s/Hz
[82016 ms] [UE 22873] UL: SNR = 63.50 dB | SE = 20.778 bit/s/Hz
[82016 ms] [UE 30556] UL: SNR = 63.50 dB | SE = 20.778 bit/s/Hz
[82016 ms] [UE 20945] UL: SNR = 63.50 dB | SE = 20.778 bit/s/Hz
[82063 ms] [UE 45898] UL: SNR = 63.50 dB | SE = 20.778 bit/s/Hz
[82063 ms] [UE 36997] UL: SNR = 63.50 dB | SE = 20.778 bit/s/Hz
[82063 ms] [UE 48787] UL: SNR = 63.50 dB | SE = 20.778 bit/s/Hz
[82063 ms] [UE 40252] UL: SNR = 56.00 dB | SE = 18.324 bit/s/Hz
[82063 ms] [UE 15599] UL: SNR = 52.50 dB | SE = 17.179 bit/s/Hz
[82116 ms] [UE 33952] UL: SNR = 6.50 dB | SE = 2.414 bit/s/Hz
[82116 ms] [UE 12169] UL: SNR = 63.50 dB | SE = 20.778 bit/s/Hz
[82116 ms] [UE 22873] UL: SNR = 63.50 dB | SE = 20.778 bit/s/Hz
[82116 ms] [UE 30556] UL: SNR = 63.50 dB | SE = 20.778 bit/s/Hz
[82116 ms] [UE 20945] UL: SNR = 63.50 dB | SE = 20.778 bit/s/Hz
[82163 ms] [UE 45898] UL: SNR = 63.50 dB | SE = 20.778 bit/s/Hz
[82163 ms] [UE 36997] UL: SNR = 63.50 dB | SE = 20.778 bit/s/Hz
[82163 ms] [UE 48787] UL: SNR = 63.50 dB | SE = 20.778 bit/s/Hz
[82163 ms] [UE 40252] UL: SNR = 56.00 dB | SE = 18.324 bit/s/Hz
[82163 ms] [UE 15599] UL: SNR = 52.50 dB | SE = 17.179 bit/s/Hz
[82226 ms] [UE 33952] UL: SNR = 6.50 dB | SE = 2.414 bit/s/Hz
[82226 ms] [UE 12169] UL: SNR = 63.50 dB | SE = 20.778 bit/s/Hz
[82226 ms] [UE 22873] UL: SNR = 63.50 dB | SE = 20.778 bit/s/Hz
[82226 ms] [UE 30556] UL: SNR = 63.50 dB | SE = 20.778 bit/s/Hz
[82226 ms] [UE 20945] UL: SNR = 63.50 dB | SE = 20.778 bit/s/Hz
[82274 ms] [UE 45898] UL: SNR = 63.50 dB | SE = 20.778 bit/s/Hz
[82274 ms] [UE 36997] UL: SNR = 63.50 dB | SE = 20.778 bit/s/Hz
[82274 ms] [UE 48787] UL: SNR = 63.50 dB | SE = 20.778 bit/s/Hz
[82274 ms] [UE 40252] UL: SNR = 56.00 dB | SE = 18.324 bit/s/Hz
[82274 ms] [UE 15599] UL: SNR = 52.50 dB | SE = 17.179 bit/s/Hz
[82336 ms] [UE 33952] UL: SNR = 6.50 dB | SE = 2.414 bit/s/Hz
[82336 ms] [UE 12169] UL: SNR = 63.50 dB | SE = 20.778 bit/s/Hz
[82336 ms] [UE 22873] UL: SNR = 63.50 dB | SE = 20.778 bit/s/Hz
[82336 ms] [UE 30556] UL: SNR = 63.50 dB | SE = 20.778 bit/s/Hz
[82336 ms] [UE 20945] UL: SNR = 63.50 dB | SE = 20.778 bit/s/Hz
[82383 ms] [UE 45898] UL: SNR = 63.50 dB | SE = 20.778 bit/s/Hz
[82383 ms] [UE 36997] UL: SNR = 63.50 dB | SE = 20.778 bit/s/Hz
[82383 ms] [UE 48787] UL: SNR = 63.50 dB | SE = 20.778 bit/s/Hz
[82383 ms] [UE 40252] UL: SNR = 56.00 dB | SE = 18.324 bit/s/Hz
[82383 ms] [UE 15599] UL: SNR = 52.50 dB | SE = 17.179 bit/s/Hz
[82436 ms] [UE 33952] UL: SNR = 6.50 dB | SE = 2.414 bit/s/Hz
[82436 ms] [UE 12169] UL: SNR = 63.50 dB | SE = 20.778 bit/s/Hz
[82436 ms] [UE 22873] UL: SNR = 63.50 dB | SE = 20.778 bit/s/Hz
[82436 ms] [UE 30556] UL: SNR = 63.50 dB | SE = 20.778 bit/s/Hz
[82436 ms] [UE 20945] UL: SNR = 63.50 dB | SE = 20.778 bit/s/Hz
[82493 ms] [UE 45898] UL: SNR = 63.50 dB | SE = 20.778 bit/s/Hz
[82493 ms] [UE 36997] UL: SNR = 63.50 dB | SE = 20.778 bit/s/Hz
[82493 ms] [UE 48787] UL: SNR = 63.50 dB | SE = 20.778 bit/s/Hz
[82493 ms] [UE 40252] UL: SNR = 56.00 dB | SE = 18.324 bit/s/Hz
[82493 ms] [UE 15599] UL: SNR = 52.50 dB | SE = 17.179 bit/s/Hz
[82536 ms] [UE 33952] UL: SNR = 6.50 dB | SE = 2.414 bit/s/Hz
[82536 ms] [UE 12169] UL: SNR = 63.50 dB | SE = 20.778 bit/s/Hz
[82536 ms] [UE 22873] UL: SNR = 63.50 dB | SE = 20.778 bit/s/Hz
[82536 ms] [UE 30556] UL: SNR = 63.50 dB | SE = 20.778 bit/s/Hz
[82536 ms] [UE 20945] UL: SNR = 63.50 dB | SE = 20.778 bit/s/Hz
[82594 ms] [UE 45898] UL: SNR = 63.50 dB | SE = 20.778 bit/s/Hz
[82594 ms] [UE 36997] UL: SNR = 63.50 dB | SE = 20.778 bit/s/Hz
[82594 ms] [UE 48787] UL: SNR = 63.50 dB | SE = 20.778 bit/s/Hz
[82594 ms] [UE 40252] UL: SNR = 56.00 dB | SE = 18.324 bit/s/Hz
[82594 ms] [UE 15599] UL: SNR = 52.50 dB | SE = 17.179 bit/s/Hz
[82646 ms] [UE 33952] UL: SNR = 6.50 dB | SE = 2.414 bit/s/Hz
[82646 ms] [UE 12169] UL: SNR = 63.50 dB | SE = 20.778 bit/s/Hz
[82646 ms] [UE 22873] UL: SNR = 63.50 dB | SE = 20.778 bit/s/Hz
[82646 ms] [UE 30556] UL: SNR = 63.50 dB | SE = 20.778 bit/s/Hz
[82646 ms] [UE 20945] UL: SNR = 63.50 dB | SE = 20.778 bit/s/Hz
[82694 ms] [UE 45898] UL: SNR = 63.50 dB | SE = 20.778 bit/s/Hz
[82694 ms] [UE 36997] UL: SNR = 63.50 dB | SE = 20.778 bit/s/Hz
[82694 ms] [UE 48787] UL: SNR = 63.50 dB | SE = 20.778 bit/s/Hz
[82694 ms] [UE 40252] UL: SNR = 56.00 dB | SE = 18.324 bit/s/Hz
[82694 ms] [UE 15599] UL: SNR = 52.50 dB | SE = 17.179 bit/s/Hz
[82746 ms] [UE 33952] UL: SNR = 6.50 dB | SE = 2.414 bit/s/Hz
[82746 ms] [UE 12169] UL: SNR = 63.50 dB | SE = 20.778 bit/s/Hz
[82746 ms] [UE 22873] UL: SNR = 63.50 dB | SE = 20.778 bit/s/Hz
[82746 ms] [UE 30556] UL: SNR = 63.50 dB | SE = 20.778 bit/s/Hz
[82746 ms] [UE 20945] UL: SNR = 63.50 dB | SE = 20.778 bit/s/Hz
[82795 ms] [UE 45898] UL: SNR = 63.50 dB | SE = 20.778 bit/s/Hz
[82795 ms] [UE 36997] UL: SNR = 63.50 dB | SE = 20.778 bit/s/Hz
[82795 ms] [UE 48787] UL: SNR = 63.50 dB | SE = 20.778 bit/s/Hz
[82795 ms] [UE 40252] UL: SNR = 56.00 dB | SE = 18.324 bit/s/Hz
[82795 ms] [UE 15599] UL: SNR = 52.50 dB | SE = 17.179 bit/s/Hz
[82856 ms] [UE 33952] UL: SNR = 6.50 dB | SE = 2.414 bit/s/Hz
[82856 ms] [UE 12169] UL: SNR = 55.50 dB | SE = 18.160 bit/s/Hz
[82856 ms] [UE 22873] UL: SNR = 59.50 dB | SE = 19.469 bit/s/Hz
[82856 ms] [UE 30556] UL: SNR = 56.00 dB | SE = 18.324 bit/s/Hz
[82856 ms] [UE 20945] UL: SNR = 52.50 dB | SE = 17.179 bit/s/Hz
[82904 ms] [UE 45898] UL: SNR = 63.50 dB | SE = 20.778 bit/s/Hz
[82904 ms] [UE 36997] UL: SNR = 63.50 dB | SE = 20.778 bit/s/Hz
[82904 ms] [UE 48787] UL: SNR = 63.50 dB | SE = 20.778 bit/s/Hz
[82904 ms] [UE 40252] UL: SNR = 56.00 dB | SE = 18.324 bit/s/Hz
[82904 ms] [UE 15599] UL: SNR = 52.50 dB | SE = 17.179 bit/s/Hz
[82965 ms] [UE 33952] UL: SNR = 6.50 dB | SE = 2.414 bit/s/Hz
[82965 ms] [UE 12169] UL: SNR = 55.50 dB | SE = 18.160 bit/s/Hz
[82965 ms] [UE 22873] UL: SNR = 59.50 dB | SE = 19.469 bit/s/Hz
[82965 ms] [UE 30556] UL: SNR = 56.00 dB | SE = 18.324 bit/s/Hz
[82965 ms] [UE 20945] UL: SNR = 52.50 dB | SE = 17.179 bit/s/Hz
[83014 ms] [UE 45898] UL: SNR = 63.50 dB | SE = 20.778 bit/s/Hz
[83014 ms] [UE 36997] UL: SNR = 63.50 dB | SE = 20.778 bit/s/Hz
[83014 ms] [UE 48787] UL: SNR = 63.50 dB | SE = 20.778 bit/s/Hz
[83014 ms] [UE 40252] UL: SNR = 56.00 dB | SE = 18.324 bit/s/Hz
[83014 ms] [UE 15599] UL: SNR = 52.50 dB | SE = 17.179 bit/s/Hz
[83066 ms] [UE 33952] UL: SNR = 6.50 dB | SE = 2.414 bit/s/Hz
[83066 ms] [UE 12169] UL: SNR = 55.50 dB | SE = 18.160 bit/s/Hz
[83066 ms] [UE 22873] UL: SNR = 59.50 dB | SE = 19.469 bit/s/Hz
[83066 ms] [UE 30556] UL: SNR = 56.00 dB | SE = 18.324 bit/s/Hz
[83066 ms] [UE 20945] UL: SNR = 52.50 dB | SE = 17.179 bit/s/Hz
[83123 ms] [UE 45898] UL: SNR = 63.50 dB | SE = 20.778 bit/s/Hz
[83123 ms] [UE 36997] UL: SNR = 63.50 dB | SE = 20.778 bit/s/Hz
[83123 ms] [UE 48787] UL: SNR = 63.50 dB | SE = 20.778 bit/s/Hz
[83123 ms] [UE 40252] UL: SNR = 56.00 dB | SE = 18.324 bit/s/Hz
[83123 ms] [UE 15599] UL: SNR = 52.50 dB | SE = 17.179 bit/s/Hz
[83176 ms] [UE 33952] UL: SNR = 6.50 dB | SE = 2.414 bit/s/Hz
[83176 ms] [UE 12169] UL: SNR = 55.50 dB | SE = 18.160 bit/s/Hz
[83176 ms] [UE 22873] UL: SNR = 59.50 dB | SE = 19.469 bit/s/Hz
[83176 ms] [UE 30556] UL: SNR = 56.00 dB | SE = 18.324 bit/s/Hz
[83176 ms] [UE 20945] UL: SNR = 52.50 dB | SE = 17.179 bit/s/Hz
[83224 ms] [UE 45898] UL: SNR = 63.50 dB | SE = 20.778 bit/s/Hz
[83224 ms] [UE 36997] UL: SNR = 63.50 dB | SE = 20.778 bit/s/Hz
[83224 ms] [UE 48787] UL: SNR = 63.50 dB | SE = 20.778 bit/s/Hz
[83224 ms] [UE 40252] UL: SNR = 56.00 dB | SE = 18.324 bit/s/Hz
[83224 ms] [UE 15599] UL: SNR = 52.50 dB | SE = 17.179 bit/s/Hz
[83286 ms] [UE 33952] UL: SNR = 6.50 dB | SE = 2.414 bit/s/Hz
[83286 ms] [UE 12169] UL: SNR = 55.50 dB | SE = 18.160 bit/s/Hz
[83286 ms] [UE 22873] UL: SNR = 59.50 dB | SE = 19.469 bit/s/Hz
[83286 ms] [UE 30556] UL: SNR = 56.00 dB | SE = 18.324 bit/s/Hz
[83286 ms] [UE 20945] UL: SNR = 52.50 dB | SE = 17.179 bit/s/Hz
[83333 ms] [UE 45898] UL: SNR = 63.50 dB | SE = 20.778 bit/s/Hz
[83333 ms] [UE 36997] UL: SNR = 63.50 dB | SE = 20.778 bit/s/Hz
[83333 ms] [UE 48787] UL: SNR = 63.50 dB | SE = 20.778 bit/s/Hz
[83333 ms] [UE 40252] UL: SNR = 56.00 dB | SE = 18.324 bit/s/Hz
[83333 ms] [UE 15599] UL: SNR = 52.50 dB | SE = 17.179 bit/s/Hz
[83396 ms] [UE 33952] UL: SNR = 6.50 dB | SE = 2.414 bit/s/Hz
[83396 ms] [UE 12169] UL: SNR = 55.50 dB | SE = 18.160 bit/s/Hz
[83396 ms] [UE 22873] UL: SNR = 59.50 dB | SE = 19.469 bit/s/Hz
[83396 ms] [UE 30556] UL: SNR = 56.00 dB | SE = 18.324 bit/s/Hz
[83396 ms] [UE 20945] UL: SNR = 52.50 dB | SE = 17.179 bit/s/Hz
[83434 ms] [UE 45898] UL: SNR = 63.50 dB | SE = 20.778 bit/s/Hz
[83434 ms] [UE 36997] UL: SNR = 63.50 dB | SE = 20.778 bit/s/Hz
[83434 ms] [UE 48787] UL: SNR = 63.50 dB | SE = 20.778 bit/s/Hz
[83434 ms] [UE 40252] UL: SNR = 56.00 dB | SE = 18.324 bit/s/Hz
[83434 ms] [UE 15599] UL: SNR = 52.50 dB | SE = 17.179 bit/s/Hz
[83505 ms] [UE 33952] UL: SNR = 6.50 dB | SE = 2.414 bit/s/Hz
[83505 ms] [UE 12169] UL: SNR = 55.50 dB | SE = 18.160 bit/s/Hz
[83505 ms] [UE 22873] UL: SNR = 59.50 dB | SE = 19.469 bit/s/Hz
[83505 ms] [UE 30556] UL: SNR = 56.00 dB | SE = 18.324 bit/s/Hz
[83505 ms] [UE 20945] UL: SNR = 52.50 dB | SE = 17.179 bit/s/Hz
[83544 ms] [UE 45898] UL: SNR = 63.50 dB | SE = 20.778 bit/s/Hz
[83544 ms] [UE 36997] UL: SNR = 63.50 dB | SE = 20.778 bit/s/Hz
[83544 ms] [UE 48787] UL: SNR = 63.50 dB | SE = 20.778 bit/s/Hz
[83544 ms] [UE 40252] UL: SNR = 56.00 dB | SE = 18.324 bit/s/Hz
[83544 ms] [UE 15599] UL: SNR = 52.50 dB | SE = 17.179 bit/s/Hz
[83615 ms] [UE 33952] UL: SNR = 6.50 dB | SE = 2.414 bit/s/Hz
[83615 ms] [UE 12169] UL: SNR = 55.50 dB | SE = 18.160 bit/s/Hz
[83615 ms] [UE 22873] UL: SNR = 59.50 dB | SE = 19.469 bit/s/Hz
[83615 ms] [UE 30556] UL: SNR = 63.50 dB | SE = 20.778 bit/s/Hz
[83615 ms] [UE 20945] UL: SNR = 52.50 dB | SE = 17.179 bit/s/Hz
[83653 ms] [UE 45898] UL: SNR = 63.50 dB | SE = 20.778 bit/s/Hz
[83653 ms] [UE 36997] UL: SNR = 63.50 dB | SE = 20.778 bit/s/Hz
[83653 ms] [UE 48787] UL: SNR = 63.50 dB | SE = 20.778 bit/s/Hz
[83653 ms] [UE 40252] UL: SNR = 56.00 dB | SE = 18.324 bit/s/Hz
[83653 ms] [UE 15599] UL: SNR = 52.50 dB | SE = 17.179 bit/s/Hz
[83716 ms] [UE 33952] UL: SNR = 6.50 dB | SE = 2.414 bit/s/Hz
[83716 ms] [UE 12169] UL: SNR = 55.50 dB | SE = 18.160 bit/s/Hz
[83716 ms] [UE 22873] UL: SNR = 59.50 dB | SE = 19.469 bit/s/Hz
[83716 ms] [UE 30556] UL: SNR = 63.50 dB | SE = 20.778 bit/s/Hz
[83716 ms] [UE 20945] UL: SNR = 52.50 dB | SE = 17.179 bit/s/Hz
[83754 ms] [UE 45898] UL: SNR = 63.50 dB | SE = 20.778 bit/s/Hz
[83754 ms] [UE 36997] UL: SNR = 63.50 dB | SE = 20.778 bit/s/Hz
[83754 ms] [UE 48787] UL: SNR = 63.50 dB | SE = 20.778 bit/s/Hz
[83754 ms] [UE 40252] UL: SNR = 56.00 dB | SE = 18.324 bit/s/Hz
[83754 ms] [UE 15599] UL: SNR = 52.50 dB | SE = 17.179 bit/s/Hz
[83826 ms] [UE 33952] UL: SNR = 6.50 dB | SE = 2.414 bit/s/Hz
[83826 ms] [UE 12169] UL: SNR = 55.50 dB | SE = 18.160 bit/s/Hz
[83826 ms] [UE 22873] UL: SNR = 59.50 dB | SE = 19.469 bit/s/Hz
[83826 ms] [UE 30556] UL: SNR = 63.50 dB | SE = 20.778 bit/s/Hz
[83826 ms] [UE 20945] UL: SNR = 52.50 dB | SE = 17.179 bit/s/Hz
[83863 ms] [UE 45898] UL: SNR = 63.50 dB | SE = 20.778 bit/s/Hz
[83863 ms] [UE 36997] UL: SNR = 63.50 dB | SE = 20.778 bit/s/Hz
[83863 ms] [UE 48787] UL: SNR = 63.50 dB | SE = 20.778 bit/s/Hz
[83863 ms] [UE 40252] UL: SNR = 56.00 dB | SE = 18.324 bit/s/Hz
[83863 ms] [UE 15599] UL: SNR = 52.50 dB | SE = 17.179 bit/s/Hz
[83935 ms] [UE 33952] UL: SNR = 6.50 dB | SE = 2.414 bit/s/Hz
[83935 ms] [UE 12169] UL: SNR = 55.50 dB | SE = 18.160 bit/s/Hz
[83935 ms] [UE 22873] UL: SNR = 59.50 dB | SE = 19.469 bit/s/Hz
[83935 ms] [UE 30556] UL: SNR = 63.50 dB | SE = 20.778 bit/s/Hz
[83935 ms] [UE 20945] UL: SNR = 52.50 dB | SE = 17.179 bit/s/Hz
[83964 ms] [UE 45898] UL: SNR = 63.50 dB | SE = 20.778 bit/s/Hz
[83964 ms] [UE 36997] UL: SNR = 63.50 dB | SE = 20.778 bit/s/Hz
[83964 ms] [UE 48787] UL: SNR = 63.50 dB | SE = 20.778 bit/s/Hz
[83964 ms] [UE 40252] UL: SNR = 56.00 dB | SE = 18.324 bit/s/Hz
[83964 ms] [UE 15599] UL: SNR = 52.50 dB | SE = 17.179 bit/s/Hz
[84036 ms] [UE 33952] UL: SNR = 6.50 dB | SE = 2.414 bit/s/Hz
[84036 ms] [UE 12169] UL: SNR = 55.50 dB | SE = 18.160 bit/s/Hz
[84036 ms] [UE 22873] UL: SNR = 59.50 dB | SE = 19.469 bit/s/Hz
[84036 ms] [UE 30556] UL: SNR = 63.50 dB | SE = 20.778 bit/s/Hz
[84036 ms] [UE 20945] UL: SNR = 52.50 dB | SE = 17.179 bit/s/Hz
[84074 ms] [UE 45898] UL: SNR = 63.50 dB | SE = 20.778 bit/s/Hz
[84074 ms] [UE 36997] UL: SNR = 63.50 dB | SE = 20.778 bit/s/Hz
[84074 ms] [UE 48787] UL: SNR = 63.50 dB | SE = 20.778 bit/s/Hz
[84074 ms] [UE 40252] UL: SNR = 56.00 dB | SE = 18.324 bit/s/Hz
[84074 ms] [UE 15599] UL: SNR = 52.50 dB | SE = 17.179 bit/s/Hz
[84137 ms] [UE 33952] UL: SNR = 6.50 dB | SE = 2.414 bit/s/Hz
[84137 ms] [UE 12169] UL: SNR = 55.50 dB | SE = 18.160 bit/s/Hz
[84137 ms] [UE 22873] UL: SNR = 59.50 dB | SE = 19.469 bit/s/Hz
[84137 ms] [UE 30556] UL: SNR = 63.50 dB | SE = 20.778 bit/s/Hz
[84137 ms] [UE 20945] UL: SNR = 52.50 dB | SE = 17.179 bit/s/Hz
[84183 ms] [UE 45898] UL: SNR = 63.50 dB | SE = 20.778 bit/s/Hz
[84183 ms] [UE 36997] UL: SNR = 63.50 dB | SE = 20.778 bit/s/Hz
[84183 ms] [UE 48787] UL: SNR = 63.50 dB | SE = 20.778 bit/s/Hz
[84183 ms] [UE 40252] UL: SNR = 56.00 dB | SE = 18.324 bit/s/Hz
[84183 ms] [UE 15599] UL: SNR = 52.50 dB | SE = 17.179 bit/s/Hz
[84245 ms] [UE 33952] UL: SNR = 6.50 dB | SE = 2.414 bit/s/Hz
[84245 ms] [UE 12169] UL: SNR = 55.50 dB | SE = 18.160 bit/s/Hz
[84245 ms] [UE 22873] UL: SNR = 59.50 dB | SE = 19.469 bit/s/Hz
[84245 ms] [UE 30556] UL: SNR = 63.50 dB | SE = 20.778 bit/s/Hz
[84245 ms] [UE 20945] UL: SNR = 52.50 dB | SE = 17.179 bit/s/Hz
[84293 ms] [UE 45898] UL: SNR = 63.50 dB | SE = 20.778 bit/s/Hz
[84293 ms] [UE 36997] UL: SNR = 63.50 dB | SE = 20.778 bit/s/Hz
[84293 ms] [UE 48787] UL: SNR = 63.50 dB | SE = 20.778 bit/s/Hz
[84293 ms] [UE 40252] UL: SNR = 56.00 dB | SE = 18.324 bit/s/Hz
[84293 ms] [UE 15599] UL: SNR = 52.50 dB | SE = 17.179 bit/s/Hz
[84345 ms] [UE 33952] UL: SNR = 6.50 dB | SE = 2.414 bit/s/Hz
[84345 ms] [UE 12169] UL: SNR = 55.50 dB | SE = 18.160 bit/s/Hz
[84345 ms] [UE 22873] UL: SNR = 59.50 dB | SE = 19.469 bit/s/Hz
[84345 ms] [UE 30556] UL: SNR = 63.50 dB | SE = 20.778 bit/s/Hz
[84345 ms] [UE 20945] UL: SNR = 52.50 dB | SE = 17.179 bit/s/Hz
[84403 ms] [UE 45898] UL: SNR = 63.50 dB | SE = 20.778 bit/s/Hz
[84403 ms] [UE 36997] UL: SNR = 63.50 dB | SE = 20.778 bit/s/Hz
[84403 ms] [UE 48787] UL: SNR = 63.50 dB | SE = 20.778 bit/s/Hz
[84403 ms] [UE 40252] UL: SNR = 56.00 dB | SE = 18.324 bit/s/Hz
[84403 ms] [UE 15599] UL: SNR = 52.50 dB | SE = 17.179 bit/s/Hz
[84456 ms] [UE 33952] UL: SNR = 6.50 dB | SE = 2.414 bit/s/Hz
[84456 ms] [UE 12169] UL: SNR = 55.50 dB | SE = 18.160 bit/s/Hz
[84456 ms] [UE 22873] UL: SNR = 59.50 dB | SE = 19.469 bit/s/Hz
[84456 ms] [UE 30556] UL: SNR = 63.50 dB | SE = 20.778 bit/s/Hz
[84456 ms] [UE 20945] UL: SNR = 52.50 dB | SE = 17.179 bit/s/Hz
[84503 ms] [UE 45898] UL: SNR = 63.50 dB | SE = 20.778 bit/s/Hz
[84503 ms] [UE 36997] UL: SNR = 63.50 dB | SE = 20.778 bit/s/Hz
[84503 ms] [UE 48787] UL: SNR = 63.50 dB | SE = 20.778 bit/s/Hz
[84503 ms] [UE 40252] UL: SNR = 56.00 dB | SE = 18.324 bit/s/Hz
[84503 ms] [UE 15599] UL: SNR = 52.50 dB | SE = 17.179 bit/s/Hz
[84566 ms] [UE 33952] UL: SNR = 6.50 dB | SE = 2.414 bit/s/Hz
[84566 ms] [UE 12169] UL: SNR = 55.50 dB | SE = 18.160 bit/s/Hz
[84566 ms] [UE 22873] UL: SNR = 59.50 dB | SE = 19.469 bit/s/Hz
[84566 ms] [UE 30556] UL: SNR = 63.50 dB | SE = 20.778 bit/s/Hz
[84566 ms] [UE 20945] UL: SNR = 52.50 dB | SE = 17.179 bit/s/Hz
[84613 ms] [UE 45898] UL: SNR = 63.50 dB | SE = 20.778 bit/s/Hz
[84613 ms] [UE 36997] UL: SNR = 63.50 dB | SE = 20.778 bit/s/Hz
[84613 ms] [UE 48787] UL: SNR = 63.50 dB | SE = 20.778 bit/s/Hz
[84613 ms] [UE 40252] UL: SNR = 56.00 dB | SE = 18.324 bit/s/Hz
[84613 ms] [UE 15599] UL: SNR = 52.50 dB | SE = 17.179 bit/s/Hz
[84669 ms] [UE 33952] UL: SNR = 6.50 dB | SE = 2.414 bit/s/Hz
[84669 ms] [UE 12169] UL: SNR = 55.50 dB | SE = 18.160 bit/s/Hz
[84669 ms] [UE 22873] UL: SNR = 59.50 dB | SE = 19.469 bit/s/Hz
[84669 ms] [UE 30556] UL: SNR = 63.50 dB | SE = 20.778 bit/s/Hz
[84669 ms] [UE 20945] UL: SNR = 52.50 dB | SE = 17.179 bit/s/Hz
[84714 ms] [UE 45898] UL: SNR = 63.50 dB | SE = 20.778 bit/s/Hz
[84714 ms] [UE 36997] UL: SNR = 63.50 dB | SE = 20.778 bit/s/Hz
[84714 ms] [UE 48787] UL: SNR = 63.50 dB | SE = 20.778 bit/s/Hz
[84714 ms] [UE 40252] UL: SNR = 56.00 dB | SE = 18.324 bit/s/Hz
[84714 ms] [UE 15599] UL: SNR = 52.50 dB | SE = 17.179 bit/s/Hz
[84775 ms] [UE 33952] UL: SNR = 6.50 dB | SE = 2.414 bit/s/Hz
[84775 ms] [UE 12169] UL: SNR = 55.50 dB | SE = 18.160 bit/s/Hz
[84775 ms] [UE 22873] UL: SNR = 59.50 dB | SE = 19.469 bit/s/Hz
[84775 ms] [UE 30556] UL: SNR = 63.50 dB | SE = 20.778 bit/s/Hz
[84775 ms] [UE 20945] UL: SNR = 52.50 dB | SE = 17.179 bit/s/Hz
[84814 ms] [UE 45898] UL: SNR = 63.50 dB | SE = 20.778 bit/s/Hz
[84814 ms] [UE 36997] UL: SNR = 63.50 dB | SE = 20.778 bit/s/Hz
[84814 ms] [UE 48787] UL: SNR = 63.50 dB | SE = 20.778 bit/s/Hz
[84814 ms] [UE 40252] UL: SNR = 56.00 dB | SE = 18.324 bit/s/Hz
[84814 ms] [UE 15599] UL: SNR = 52.50 dB | SE = 17.179 bit/s/Hz
[84876 ms] [UE 33952] UL: SNR = 6.50 dB | SE = 2.414 bit/s/Hz
[84876 ms] [UE 12169] UL: SNR = 55.50 dB | SE = 18.160 bit/s/Hz
[84876 ms] [UE 22873] UL: SNR = 59.50 dB | SE = 19.469 bit/s/Hz
[84876 ms] [UE 30556] UL: SNR = 63.50 dB | SE = 20.778 bit/s/Hz
[84876 ms] [UE 20945] UL: SNR = 52.50 dB | SE = 17.179 bit/s/Hz
[84923 ms] [UE 45898] UL: SNR = 63.50 dB | SE = 20.778 bit/s/Hz
[84923 ms] [UE 36997] UL: SNR = 63.50 dB | SE = 20.778 bit/s/Hz
[84923 ms] [UE 48787] UL: SNR = 63.50 dB | SE = 20.778 bit/s/Hz
[84923 ms] [UE 40252] UL: SNR = 56.00 dB | SE = 18.324 bit/s/Hz
[84923 ms] [UE 15599] UL: SNR = 52.50 dB | SE = 17.179 bit/s/Hz
[84977 ms] [UE 33952] UL: SNR = 6.50 dB | SE = 2.414 bit/s/Hz
[84977 ms] [UE 12169] UL: SNR = 55.50 dB | SE = 18.160 bit/s/Hz
[84977 ms] [UE 22873] UL: SNR = 59.50 dB | SE = 19.469 bit/s/Hz
[84977 ms] [UE 30556] UL: SNR = 63.50 dB | SE = 20.778 bit/s/Hz
[84977 ms] [UE 20945] UL: SNR = 52.50 dB | SE = 17.179 bit/s/Hz
[85023 ms] [UE 45898] UL: SNR = 63.50 dB | SE = 20.778 bit/s/Hz
[85023 ms] [UE 36997] UL: SNR = 63.50 dB | SE = 20.778 bit/s/Hz
[85023 ms] [UE 48787] UL: SNR = 63.50 dB | SE = 20.778 bit/s/Hz
[85023 ms] [UE 40252] UL: SNR = 56.00 dB | SE = 18.324 bit/s/Hz
[85023 ms] [UE 15599] UL: SNR = 52.50 dB | SE = 17.179 bit/s/Hz
[85085 ms] [UE 33952] UL: SNR = 6.50 dB | SE = 2.414 bit/s/Hz
[85085 ms] [UE 12169] UL: SNR = 55.50 dB | SE = 18.160 bit/s/Hz
[85085 ms] [UE 22873] UL: SNR = 59.50 dB | SE = 19.469 bit/s/Hz
[85085 ms] [UE 30556] UL: SNR = 63.50 dB | SE = 20.778 bit/s/Hz
[85085 ms] [UE 20945] UL: SNR = 52.50 dB | SE = 17.179 bit/s/Hz
[85133 ms] [UE 45898] UL: SNR = 63.50 dB | SE = 20.778 bit/s/Hz
[85133 ms] [UE 36997] UL: SNR = 63.50 dB | SE = 20.778 bit/s/Hz
[85133 ms] [UE 48787] UL: SNR = 63.50 dB | SE = 20.778 bit/s/Hz
[85133 ms] [UE 40252] UL: SNR = 56.00 dB | SE = 18.324 bit/s/Hz
[85133 ms] [UE 15599] UL: SNR = 52.50 dB | SE = 17.179 bit/s/Hz
[85186 ms] [UE 33952] UL: SNR = 6.50 dB | SE = 2.414 bit/s/Hz
[85186 ms] [UE 12169] UL: SNR = 55.50 dB | SE = 18.160 bit/s/Hz
[85186 ms] [UE 22873] UL: SNR = 59.50 dB | SE = 19.469 bit/s/Hz
[85186 ms] [UE 30556] UL: SNR = 63.50 dB | SE = 20.778 bit/s/Hz
[85186 ms] [UE 20945] UL: SNR = 52.50 dB | SE = 17.179 bit/s/Hz
[85243 ms] [UE 45898] UL: SNR = 63.50 dB | SE = 20.778 bit/s/Hz
[85243 ms] [UE 36997] UL: SNR = 63.50 dB | SE = 20.778 bit/s/Hz
[85243 ms] [UE 48787] UL: SNR = 63.50 dB | SE = 20.778 bit/s/Hz
[85243 ms] [UE 40252] UL: SNR = 56.00 dB | SE = 18.324 bit/s/Hz
[85243 ms] [UE 15599] UL: SNR = 52.50 dB | SE = 17.179 bit/s/Hz
[85295 ms] [UE 33952] UL: SNR = 6.50 dB | SE = 2.414 bit/s/Hz
[85295 ms] [UE 12169] UL: SNR = 55.50 dB | SE = 18.160 bit/s/Hz
[85295 ms] [UE 22873] UL: SNR = 59.50 dB | SE = 19.469 bit/s/Hz
[85295 ms] [UE 30556] UL: SNR = 63.50 dB | SE = 20.778 bit/s/Hz
[85295 ms] [UE 20945] UL: SNR = 52.50 dB | SE = 17.179 bit/s/Hz
[85344 ms] [UE 45898] UL: SNR = 63.50 dB | SE = 20.778 bit/s/Hz
[85344 ms] [UE 36997] UL: SNR = 63.50 dB | SE = 20.778 bit/s/Hz
[85344 ms] [UE 48787] UL: SNR = 63.50 dB | SE = 20.778 bit/s/Hz
[85344 ms] [UE 40252] UL: SNR = 56.00 dB | SE = 18.324 bit/s/Hz
[85344 ms] [UE 15599] UL: SNR = 52.50 dB | SE = 17.179 bit/s/Hz
[85405 ms] [UE 33952] UL: SNR = 6.50 dB | SE = 2.414 bit/s/Hz
[85405 ms] [UE 12169] UL: SNR = 55.50 dB | SE = 18.160 bit/s/Hz
[85405 ms] [UE 22873] UL: SNR = 59.50 dB | SE = 19.469 bit/s/Hz
[85405 ms] [UE 30556] UL: SNR = 63.50 dB | SE = 20.778 bit/s/Hz
[85405 ms] [UE 20945] UL: SNR = 52.50 dB | SE = 17.179 bit/s/Hz
[85454 ms] [UE 45898] UL: SNR = 63.50 dB | SE = 20.778 bit/s/Hz
[85454 ms] [UE 36997] UL: SNR = 63.50 dB | SE = 20.778 bit/s/Hz
[85454 ms] [UE 48787] UL: SNR = 63.50 dB | SE = 20.778 bit/s/Hz
[85454 ms] [UE 40252] UL: SNR = 56.00 dB | SE = 18.324 bit/s/Hz
[85454 ms] [UE 15599] UL: SNR = 52.50 dB | SE = 17.179 bit/s/Hz
[85516 ms] [UE 33952] UL: SNR = 6.50 dB | SE = 2.414 bit/s/Hz
[85516 ms] [UE 12169] UL: SNR = 55.50 dB | SE = 18.160 bit/s/Hz
[85516 ms] [UE 22873] UL: SNR = 59.50 dB | SE = 19.469 bit/s/Hz
[85516 ms] [UE 30556] UL: SNR = 63.50 dB | SE = 20.778 bit/s/Hz
[85516 ms] [UE 20945] UL: SNR = 52.50 dB | SE = 17.179 bit/s/Hz
[85564 ms] [UE 45898] UL: SNR = 63.50 dB | SE = 20.778 bit/s/Hz
[85564 ms] [UE 36997] UL: SNR = 63.50 dB | SE = 20.778 bit/s/Hz
[85564 ms] [UE 48787] UL: SNR = 63.50 dB | SE = 20.778 bit/s/Hz
[85564 ms] [UE 40252] UL: SNR = 56.00 dB | SE = 18.324 bit/s/Hz
[85564 ms] [UE 15599] UL: SNR = 52.50 dB | SE = 17.179 bit/s/Hz
[85626 ms] [UE 33952] UL: SNR = 6.50 dB | SE = 2.414 bit/s/Hz
[85626 ms] [UE 12169] UL: SNR = 55.50 dB | SE = 18.160 bit/s/Hz
[85626 ms] [UE 22873] UL: SNR = 59.50 dB | SE = 19.469 bit/s/Hz
[85626 ms] [UE 30556] UL: SNR = 63.50 dB | SE = 20.778 bit/s/Hz
[85626 ms] [UE 20945] UL: SNR = 52.50 dB | SE = 17.179 bit/s/Hz
[85665 ms] [UE 45898] UL: SNR = 63.50 dB | SE = 20.778 bit/s/Hz
[85665 ms] [UE 36997] UL: SNR = 63.50 dB | SE = 20.778 bit/s/Hz
[85665 ms] [UE 48787] UL: SNR = 63.50 dB | SE = 20.778 bit/s/Hz
[85665 ms] [UE 40252] UL: SNR = 56.00 dB | SE = 18.324 bit/s/Hz
[85665 ms] [UE 15599] UL: SNR = 52.50 dB | SE = 17.179 bit/s/Hz
[85726 ms] [UE 33952] UL: SNR = 6.50 dB | SE = 2.414 bit/s/Hz
[85726 ms] [UE 12169] UL: SNR = 55.50 dB | SE = 18.160 bit/s/Hz
[85726 ms] [UE 22873] UL: SNR = 59.50 dB | SE = 19.469 bit/s/Hz
[85726 ms] [UE 30556] UL: SNR = 63.50 dB | SE = 20.778 bit/s/Hz
[85726 ms] [UE 20945] UL: SNR = 52.50 dB | SE = 17.179 bit/s/Hz
[85774 ms] [UE 45898] UL: SNR = 63.50 dB | SE = 20.778 bit/s/Hz
[85774 ms] [UE 36997] UL: SNR = 63.50 dB | SE = 20.778 bit/s/Hz
[85774 ms] [UE 48787] UL: SNR = 63.50 dB | SE = 20.778 bit/s/Hz
[85774 ms] [UE 40252] UL: SNR = 56.00 dB | SE = 18.324 bit/s/Hz
[85774 ms] [UE 15599] UL: SNR = 52.50 dB | SE = 17.179 bit/s/Hz
[85835 ms] [UE 33952] UL: SNR = 6.50 dB | SE = 2.414 bit/s/Hz
[85835 ms] [UE 12169] UL: SNR = 55.50 dB | SE = 18.160 bit/s/Hz
[85835 ms] [UE 22873] UL: SNR = 59.50 dB | SE = 19.469 bit/s/Hz
[85835 ms] [UE 30556] UL: SNR = 63.50 dB | SE = 20.778 bit/s/Hz
[85835 ms] [UE 20945] UL: SNR = 52.50 dB | SE = 17.179 bit/s/Hz
[85883 ms] [UE 45898] UL: SNR = 63.50 dB | SE = 20.778 bit/s/Hz
[85883 ms] [UE 36997] UL: SNR = 63.50 dB | SE = 20.778 bit/s/Hz
[85883 ms] [UE 48787] UL: SNR = 63.50 dB | SE = 20.778 bit/s/Hz
[85883 ms] [UE 40252] UL: SNR = 56.00 dB | SE = 18.324 bit/s/Hz
[85883 ms] [UE 15599] UL: SNR = 52.50 dB | SE = 17.179 bit/s/Hz
[85937 ms] [UE 33952] UL: SNR = 6.50 dB | SE = 2.414 bit/s/Hz
[85937 ms] [UE 12169] UL: SNR = 55.50 dB | SE = 18.160 bit/s/Hz
[85937 ms] [UE 22873] UL: SNR = 59.50 dB | SE = 19.469 bit/s/Hz
[85937 ms] [UE 30556] UL: SNR = 63.50 dB | SE = 20.778 bit/s/Hz
[85937 ms] [UE 20945] UL: SNR = 52.50 dB | SE = 17.179 bit/s/Hz
[85984 ms] [UE 45898] UL: SNR = 63.50 dB | SE = 20.778 bit/s/Hz
[85984 ms] [UE 36997] UL: SNR = 63.50 dB | SE = 20.778 bit/s/Hz
[85984 ms] [UE 48787] UL: SNR = 63.50 dB | SE = 20.778 bit/s/Hz
[85984 ms] [UE 40252] UL: SNR = 56.00 dB | SE = 18.324 bit/s/Hz
[85984 ms] [UE 15599] UL: SNR = 52.50 dB | SE = 17.179 bit/s/Hz
[86046 ms] [UE 33952] UL: SNR = 6.50 dB | SE = 2.414 bit/s/Hz
[86046 ms] [UE 12169] UL: SNR = 55.50 dB | SE = 18.160 bit/s/Hz
[86046 ms] [UE 22873] UL: SNR = 59.50 dB | SE = 19.469 bit/s/Hz
[86046 ms] [UE 30556] UL: SNR = 63.50 dB | SE = 20.778 bit/s/Hz
[86046 ms] [UE 20945] UL: SNR = 52.50 dB | SE = 17.179 bit/s/Hz
[86085 ms] [UE 45898] UL: SNR = 63.50 dB | SE = 20.778 bit/s/Hz
[86085 ms] [UE 36997] UL: SNR = 63.50 dB | SE = 20.778 bit/s/Hz
[86085 ms] [UE 48787] UL: SNR = 63.50 dB | SE = 20.778 bit/s/Hz
[86085 ms] [UE 40252] UL: SNR = 56.00 dB | SE = 18.324 bit/s/Hz
[86085 ms] [UE 15599] UL: SNR = 52.50 dB | SE = 17.179 bit/s/Hz
[86146 ms] [UE 33952] UL: SNR = 6.50 dB | SE = 2.414 bit/s/Hz
[86146 ms] [UE 12169] UL: SNR = 55.50 dB | SE = 18.160 bit/s/Hz
[86146 ms] [UE 22873] UL: SNR = 59.50 dB | SE = 19.469 bit/s/Hz
[86146 ms] [UE 30556] UL: SNR = 63.50 dB | SE = 20.778 bit/s/Hz
[86146 ms] [UE 20945] UL: SNR = 52.50 dB | SE = 17.179 bit/s/Hz
[86194 ms] [UE 45898] UL: SNR = 63.50 dB | SE = 20.778 bit/s/Hz
[86194 ms] [UE 36997] UL: SNR = 63.50 dB | SE = 20.778 bit/s/Hz
[86194 ms] [UE 48787] UL: SNR = 63.50 dB | SE = 20.778 bit/s/Hz
[86194 ms] [UE 40252] UL: SNR = 56.00 dB | SE = 18.324 bit/s/Hz
[86194 ms] [UE 15599] UL: SNR = 52.50 dB | SE = 17.179 bit/s/Hz
[86256 ms] [UE 33952] UL: SNR = 6.50 dB | SE = 2.414 bit/s/Hz
[86256 ms] [UE 12169] UL: SNR = 55.50 dB | SE = 18.160 bit/s/Hz
[86256 ms] [UE 22873] UL: SNR = 59.50 dB | SE = 19.469 bit/s/Hz
[86256 ms] [UE 30556] UL: SNR = 63.50 dB | SE = 20.778 bit/s/Hz
[86256 ms] [UE 20945] UL: SNR = 52.50 dB | SE = 17.179 bit/s/Hz
[86295 ms] [UE 45898] UL: SNR = 63.50 dB | SE = 20.778 bit/s/Hz
[86295 ms] [UE 36997] UL: SNR = 63.50 dB | SE = 20.778 bit/s/Hz
[86295 ms] [UE 48787] UL: SNR = 63.50 dB | SE = 20.778 bit/s/Hz
[86295 ms] [UE 40252] UL: SNR = 56.00 dB | SE = 18.324 bit/s/Hz
[86295 ms] [UE 15599] UL: SNR = 52.50 dB | SE = 17.179 bit/s/Hz
[86366 ms] [UE 33952] UL: SNR = 6.50 dB | SE = 2.414 bit/s/Hz
[86366 ms] [UE 12169] UL: SNR = 55.50 dB | SE = 18.160 bit/s/Hz
[86366 ms] [UE 22873] UL: SNR = 59.50 dB | SE = 19.469 bit/s/Hz
[86366 ms] [UE 30556] UL: SNR = 63.50 dB | SE = 20.778 bit/s/Hz
[86366 ms] [UE 20945] UL: SNR = 52.50 dB | SE = 17.179 bit/s/Hz
[86404 ms] [UE 45898] UL: SNR = 63.50 dB | SE = 20.778 bit/s/Hz
[86404 ms] [UE 36997] UL: SNR = 63.50 dB | SE = 20.778 bit/s/Hz
[86404 ms] [UE 48787] UL: SNR = 63.50 dB | SE = 20.778 bit/s/Hz
[86404 ms] [UE 40252] UL: SNR = 56.00 dB | SE = 18.324 bit/s/Hz
[86404 ms] [UE 15599] UL: SNR = 52.50 dB | SE = 17.179 bit/s/Hz
[86468 ms] [UE 33952] UL: SNR = 6.50 dB | SE = 2.414 bit/s/Hz
[86468 ms] [UE 12169] UL: SNR = 55.50 dB | SE = 18.160 bit/s/Hz
[86468 ms] [UE 22873] UL: SNR = 59.50 dB | SE = 19.469 bit/s/Hz
[86468 ms] [UE 30556] UL: SNR = 63.50 dB | SE = 20.778 bit/s/Hz
[86468 ms] [UE 20945] UL: SNR = 52.50 dB | SE = 17.179 bit/s/Hz
[86514 ms] [UE 45898] UL: SNR = 63.50 dB | SE = 20.778 bit/s/Hz
[86514 ms] [UE 36997] UL: SNR = 63.50 dB | SE = 20.778 bit/s/Hz
[86514 ms] [UE 48787] UL: SNR = 63.50 dB | SE = 20.778 bit/s/Hz
[86514 ms] [UE 40252] UL: SNR = 56.00 dB | SE = 18.324 bit/s/Hz
[86514 ms] [UE 15599] UL: SNR = 52.50 dB | SE = 17.179 bit/s/Hz
[86576 ms] [UE 33952] UL: SNR = 6.50 dB | SE = 2.414 bit/s/Hz
[86576 ms] [UE 12169] UL: SNR = 55.50 dB | SE = 18.160 bit/s/Hz
[86576 ms] [UE 22873] UL: SNR = 59.50 dB | SE = 19.469 bit/s/Hz
[86576 ms] [UE 30556] UL: SNR = 63.50 dB | SE = 20.778 bit/s/Hz
[86576 ms] [UE 20945] UL: SNR = 52.50 dB | SE = 17.179 bit/s/Hz
[86614 ms] [UE 45898] UL: SNR = 63.50 dB | SE = 20.778 bit/s/Hz
[86614 ms] [UE 36997] UL: SNR = 63.50 dB | SE = 20.778 bit/s/Hz
[86614 ms] [UE 48787] UL: SNR = 63.50 dB | SE = 20.778 bit/s/Hz
[86614 ms] [UE 40252] UL: SNR = 56.00 dB | SE = 18.324 bit/s/Hz
[86614 ms] [UE 15599] UL: SNR = 52.50 dB | SE = 17.179 bit/s/Hz
[86676 ms] [UE 33952] UL: SNR = 6.50 dB | SE = 2.414 bit/s/Hz
[86676 ms] [UE 12169] UL: SNR = 55.50 dB | SE = 18.160 bit/s/Hz
[86676 ms] [UE 22873] UL: SNR = 59.50 dB | SE = 19.469 bit/s/Hz
[86676 ms] [UE 30556] UL: SNR = 63.50 dB | SE = 20.778 bit/s/Hz
[86676 ms] [UE 20945] UL: SNR = 52.50 dB | SE = 17.179 bit/s/Hz
[86725 ms] [UE 45898] UL: SNR = 63.50 dB | SE = 20.778 bit/s/Hz
[86725 ms] [UE 36997] UL: SNR = 63.50 dB | SE = 20.778 bit/s/Hz
[86725 ms] [UE 48787] UL: SNR = 63.50 dB | SE = 20.778 bit/s/Hz
[86725 ms] [UE 40252] UL: SNR = 56.00 dB | SE = 18.324 bit/s/Hz
[86725 ms] [UE 15599] UL: SNR = 52.50 dB | SE = 17.179 bit/s/Hz
[86785 ms] [UE 33952] UL: SNR = 6.50 dB | SE = 2.414 bit/s/Hz
[86785 ms] [UE 12169] UL: SNR = 55.50 dB | SE = 18.160 bit/s/Hz
[86785 ms] [UE 22873] UL: SNR = 59.50 dB | SE = 19.469 bit/s/Hz
[86785 ms] [UE 30556] UL: SNR = 51.50 dB | SE = 16.851 bit/s/Hz
[86785 ms] [UE 20945] UL: SNR = 49.00 dB | SE = 16.033 bit/s/Hz
[86834 ms] [UE 45898] UL: SNR = 63.50 dB | SE = 20.778 bit/s/Hz
[86834 ms] [UE 36997] UL: SNR = 63.50 dB | SE = 20.778 bit/s/Hz
[86834 ms] [UE 48787] UL: SNR = 63.50 dB | SE = 20.778 bit/s/Hz
[86834 ms] [UE 40252] UL: SNR = 56.00 dB | SE = 18.324 bit/s/Hz
[86834 ms] [UE 15599] UL: SNR = 52.50 dB | SE = 17.179 bit/s/Hz
[86886 ms] [UE 33952] UL: SNR = 6.50 dB | SE = 2.414 bit/s/Hz
[86886 ms] [UE 12169] UL: SNR = 55.50 dB | SE = 18.160 bit/s/Hz
[86886 ms] [UE 22873] UL: SNR = 59.50 dB | SE = 19.469 bit/s/Hz
[86886 ms] [UE 30556] UL: SNR = 51.50 dB | SE = 16.851 bit/s/Hz
[86886 ms] [UE 20945] UL: SNR = 49.00 dB | SE = 16.033 bit/s/Hz
[86945 ms] [UE 45898] UL: SNR = 63.50 dB | SE = 20.778 bit/s/Hz
[86945 ms] [UE 36997] UL: SNR = 63.50 dB | SE = 20.778 bit/s/Hz
[86945 ms] [UE 48787] UL: SNR = 63.50 dB | SE = 20.778 bit/s/Hz
[86945 ms] [UE 40252] UL: SNR = 56.00 dB | SE = 18.324 bit/s/Hz
[86945 ms] [UE 15599] UL: SNR = 52.50 dB | SE = 17.179 bit/s/Hz
[86986 ms] [UE 33952] UL: SNR = 6.50 dB | SE = 2.414 bit/s/Hz
[86986 ms] [UE 12169] UL: SNR = 55.50 dB | SE = 18.160 bit/s/Hz
[86986 ms] [UE 22873] UL: SNR = 59.50 dB | SE = 19.469 bit/s/Hz
[86986 ms] [UE 30556] UL: SNR = 51.50 dB | SE = 16.851 bit/s/Hz
[86986 ms] [UE 20945] UL: SNR = 49.00 dB | SE = 16.033 bit/s/Hz
[87054 ms] [UE 45898] UL: SNR = 63.50 dB | SE = 20.778 bit/s/Hz
[87054 ms] [UE 36997] UL: SNR = 63.50 dB | SE = 20.778 bit/s/Hz
[87054 ms] [UE 48787] UL: SNR = 63.50 dB | SE = 20.778 bit/s/Hz
[87054 ms] [UE 40252] UL: SNR = 56.00 dB | SE = 18.324 bit/s/Hz
[87054 ms] [UE 15599] UL: SNR = 52.50 dB | SE = 17.179 bit/s/Hz
[87095 ms] [UE 33952] UL: SNR = 6.50 dB | SE = 2.414 bit/s/Hz
[87095 ms] [UE 12169] UL: SNR = 55.50 dB | SE = 18.160 bit/s/Hz
[87095 ms] [UE 22873] UL: SNR = 59.50 dB | SE = 19.469 bit/s/Hz
[87095 ms] [UE 30556] UL: SNR = 51.50 dB | SE = 16.851 bit/s/Hz
[87095 ms] [UE 20945] UL: SNR = 49.00 dB | SE = 16.033 bit/s/Hz
[87154 ms] [UE 45898] UL: SNR = 63.50 dB | SE = 20.778 bit/s/Hz
[87154 ms] [UE 36997] UL: SNR = 63.50 dB | SE = 20.778 bit/s/Hz
[87154 ms] [UE 48787] UL: SNR = 63.50 dB | SE = 20.778 bit/s/Hz
[87154 ms] [UE 40252] UL: SNR = 56.00 dB | SE = 18.324 bit/s/Hz
[87154 ms] [UE 15599] UL: SNR = 52.50 dB | SE = 17.179 bit/s/Hz
[87198 ms] [UE 33952] UL: SNR = 6.50 dB | SE = 2.414 bit/s/Hz
[87198 ms] [UE 12169] UL: SNR = 55.50 dB | SE = 18.160 bit/s/Hz
[87198 ms] [UE 22873] UL: SNR = 59.50 dB | SE = 19.469 bit/s/Hz
[87198 ms] [UE 30556] UL: SNR = 51.50 dB | SE = 16.851 bit/s/Hz
[87198 ms] [UE 20945] UL: SNR = 49.00 dB | SE = 16.033 bit/s/Hz
[87264 ms] [UE 45898] UL: SNR = 63.50 dB | SE = 20.778 bit/s/Hz
[87264 ms] [UE 36997] UL: SNR = 63.50 dB | SE = 20.778 bit/s/Hz
[87264 ms] [UE 48787] UL: SNR = 63.50 dB | SE = 20.778 bit/s/Hz
[87264 ms] [UE 40252] UL: SNR = 56.00 dB | SE = 18.324 bit/s/Hz
[87264 ms] [UE 15599] UL: SNR = 52.50 dB | SE = 17.179 bit/s/Hz
[87305 ms] [UE 33952] UL: SNR = 6.50 dB | SE = 2.414 bit/s/Hz
[87305 ms] [UE 12169] UL: SNR = 63.50 dB | SE = 20.778 bit/s/Hz
[87305 ms] [UE 22873] UL: SNR = 63.50 dB | SE = 20.778 bit/s/Hz
[87305 ms] [UE 30556] UL: SNR = 51.50 dB | SE = 16.851 bit/s/Hz
[87305 ms] [UE 20945] UL: SNR = 49.00 dB | SE = 16.033 bit/s/Hz
[87374 ms] [UE 45898] UL: SNR = 63.50 dB | SE = 20.778 bit/s/Hz
[87374 ms] [UE 36997] UL: SNR = 63.50 dB | SE = 20.778 bit/s/Hz
[87374 ms] [UE 48787] UL: SNR = 63.50 dB | SE = 20.778 bit/s/Hz
[87374 ms] [UE 40252] UL: SNR = 56.00 dB | SE = 18.324 bit/s/Hz
[87374 ms] [UE 15599] UL: SNR = 52.50 dB | SE = 17.179 bit/s/Hz
[87416 ms] [UE 33952] UL: SNR = 6.50 dB | SE = 2.414 bit/s/Hz
[87416 ms] [UE 12169] UL: SNR = 63.50 dB | SE = 20.778 bit/s/Hz
[87416 ms] [UE 22873] UL: SNR = 63.50 dB | SE = 20.778 bit/s/Hz
[87416 ms] [UE 30556] UL: SNR = 51.50 dB | SE = 16.851 bit/s/Hz
[87416 ms] [UE 20945] UL: SNR = 49.00 dB | SE = 16.033 bit/s/Hz
[87484 ms] [UE 45898] UL: SNR = 63.50 dB | SE = 20.778 bit/s/Hz
[87484 ms] [UE 36997] UL: SNR = 63.50 dB | SE = 20.778 bit/s/Hz
[87484 ms] [UE 48787] UL: SNR = 63.50 dB | SE = 20.778 bit/s/Hz
[87484 ms] [UE 40252] UL: SNR = 56.00 dB | SE = 18.324 bit/s/Hz
[87484 ms] [UE 15599] UL: SNR = 52.50 dB | SE = 17.179 bit/s/Hz
[87526 ms] [UE 33952] UL: SNR = 6.50 dB | SE = 2.414 bit/s/Hz
[87526 ms] [UE 12169] UL: SNR = 63.50 dB | SE = 20.778 bit/s/Hz
[87526 ms] [UE 22873] UL: SNR = 63.50 dB | SE = 20.778 bit/s/Hz
[87526 ms] [UE 30556] UL: SNR = 63.50 dB | SE = 20.778 bit/s/Hz
[87526 ms] [UE 20945] UL: SNR = 49.00 dB | SE = 16.033 bit/s/Hz
[87593 ms] [UE 45898] UL: SNR = 63.50 dB | SE = 20.778 bit/s/Hz
[87593 ms] [UE 36997] UL: SNR = 63.50 dB | SE = 20.778 bit/s/Hz
[87593 ms] [UE 48787] UL: SNR = 63.50 dB | SE = 20.778 bit/s/Hz
[87593 ms] [UE 40252] UL: SNR = 56.00 dB | SE = 18.324 bit/s/Hz
[87593 ms] [UE 15599] UL: SNR = 52.50 dB | SE = 17.179 bit/s/Hz
[87629 ms] [UE 33952] UL: SNR = 6.50 dB | SE = 2.414 bit/s/Hz
[87629 ms] [UE 12169] UL: SNR = 63.50 dB | SE = 20.778 bit/s/Hz
[87629 ms] [UE 22873] UL: SNR = 63.50 dB | SE = 20.778 bit/s/Hz
[87629 ms] [UE 30556] UL: SNR = 63.50 dB | SE = 20.778 bit/s/Hz
[87629 ms] [UE 20945] UL: SNR = 49.00 dB | SE = 16.033 bit/s/Hz
[87693 ms] [UE 45898] UL: SNR = 63.50 dB | SE = 20.778 bit/s/Hz
[87693 ms] [UE 36997] UL: SNR = 63.50 dB | SE = 20.778 bit/s/Hz
[87693 ms] [UE 48787] UL: SNR = 63.50 dB | SE = 20.778 bit/s/Hz
[87693 ms] [UE 40252] UL: SNR = 56.00 dB | SE = 18.324 bit/s/Hz
[87693 ms] [UE 15599] UL: SNR = 52.50 dB | SE = 17.179 bit/s/Hz
[87736 ms] [UE 33952] UL: SNR = 6.50 dB | SE = 2.414 bit/s/Hz
[87736 ms] [UE 12169] UL: SNR = 63.50 dB | SE = 20.778 bit/s/Hz
[87736 ms] [UE 22873] UL: SNR = 63.50 dB | SE = 20.778 bit/s/Hz
[87736 ms] [UE 30556] UL: SNR = 63.50 dB | SE = 20.778 bit/s/Hz
[87736 ms] [UE 20945] UL: SNR = 49.00 dB | SE = 16.033 bit/s/Hz
[87794 ms] [UE 45898] UL: SNR = 63.50 dB | SE = 20.778 bit/s/Hz
[87794 ms] [UE 36997] UL: SNR = 63.50 dB | SE = 20.778 bit/s/Hz
[87794 ms] [UE 48787] UL: SNR = 63.50 dB | SE = 20.778 bit/s/Hz
[87794 ms] [UE 40252] UL: SNR = 56.00 dB | SE = 18.324 bit/s/Hz
[87794 ms] [UE 15599] UL: SNR = 52.50 dB | SE = 17.179 bit/s/Hz
[87846 ms] [UE 33952] UL: SNR = 6.50 dB | SE = 2.414 bit/s/Hz
[87846 ms] [UE 12169] UL: SNR = 63.50 dB | SE = 20.778 bit/s/Hz
[87846 ms] [UE 22873] UL: SNR = 63.50 dB | SE = 20.778 bit/s/Hz
[87846 ms] [UE 30556] UL: SNR = 63.50 dB | SE = 20.778 bit/s/Hz
[87846 ms] [UE 20945] UL: SNR = 49.00 dB | SE = 16.033 bit/s/Hz
[87903 ms] [UE 45898] UL: SNR = 63.50 dB | SE = 20.778 bit/s/Hz
[87903 ms] [UE 36997] UL: SNR = 63.50 dB | SE = 20.778 bit/s/Hz
[87903 ms] [UE 48787] UL: SNR = 63.50 dB | SE = 20.778 bit/s/Hz
[87903 ms] [UE 40252] UL: SNR = 56.00 dB | SE = 18.324 bit/s/Hz
[87903 ms] [UE 15599] UL: SNR = 52.50 dB | SE = 17.179 bit/s/Hz
[87956 ms] [UE 33952] UL: SNR = 6.50 dB | SE = 2.414 bit/s/Hz
[87956 ms] [UE 12169] UL: SNR = 63.50 dB | SE = 20.778 bit/s/Hz
[87956 ms] [UE 22873] UL: SNR = 63.50 dB | SE = 20.778 bit/s/Hz
[87956 ms] [UE 30556] UL: SNR = 63.50 dB | SE = 20.778 bit/s/Hz
[87956 ms] [UE 20945] UL: SNR = 49.00 dB | SE = 16.033 bit/s/Hz
[88003 ms] [UE 45898] UL: SNR = 63.50 dB | SE = 20.778 bit/s/Hz
[88003 ms] [UE 36997] UL: SNR = 63.50 dB | SE = 20.778 bit/s/Hz
[88003 ms] [UE 48787] UL: SNR = 63.50 dB | SE = 20.778 bit/s/Hz
[88003 ms] [UE 40252] UL: SNR = 56.00 dB | SE = 18.324 bit/s/Hz
[88003 ms] [UE 15599] UL: SNR = 52.50 dB | SE = 17.179 bit/s/Hz
[88066 ms] [UE 33952] UL: SNR = 6.50 dB | SE = 2.414 bit/s/Hz
[88066 ms] [UE 12169] UL: SNR = 63.50 dB | SE = 20.778 bit/s/Hz
[88066 ms] [UE 22873] UL: SNR = 63.50 dB | SE = 20.778 bit/s/Hz
[88066 ms] [UE 30556] UL: SNR = 63.50 dB | SE = 20.778 bit/s/Hz
[88066 ms] [UE 20945] UL: SNR = 49.00 dB | SE = 16.033 bit/s/Hz
[88104 ms] [UE 45898] UL: SNR = 63.50 dB | SE = 20.778 bit/s/Hz
[88104 ms] [UE 36997] UL: SNR = 63.50 dB | SE = 20.778 bit/s/Hz
[88104 ms] [UE 48787] UL: SNR = 63.50 dB | SE = 20.778 bit/s/Hz
[88104 ms] [UE 40252] UL: SNR = 56.00 dB | SE = 18.324 bit/s/Hz
[88104 ms] [UE 15599] UL: SNR = 52.50 dB | SE = 17.179 bit/s/Hz
[88166 ms] [UE 33952] UL: SNR = 6.50 dB | SE = 2.414 bit/s/Hz
[88166 ms] [UE 12169] UL: SNR = 63.50 dB | SE = 20.778 bit/s/Hz
[88166 ms] [UE 22873] UL: SNR = 63.50 dB | SE = 20.778 bit/s/Hz
[88166 ms] [UE 30556] UL: SNR = 63.50 dB | SE = 20.778 bit/s/Hz
[88166 ms] [UE 20945] UL: SNR = 49.00 dB | SE = 16.033 bit/s/Hz
[88213 ms] [UE 45898] UL: SNR = 63.50 dB | SE = 20.778 bit/s/Hz
[88213 ms] [UE 36997] UL: SNR = 63.50 dB | SE = 20.778 bit/s/Hz
[88213 ms] [UE 48787] UL: SNR = 63.50 dB | SE = 20.778 bit/s/Hz
[88213 ms] [UE 40252] UL: SNR = 56.00 dB | SE = 18.324 bit/s/Hz
[88213 ms] [UE 15599] UL: SNR = 52.50 dB | SE = 17.179 bit/s/Hz
[88275 ms] [UE 33952] UL: SNR = 6.50 dB | SE = 2.414 bit/s/Hz
[88275 ms] [UE 12169] UL: SNR = 63.50 dB | SE = 20.778 bit/s/Hz
[88275 ms] [UE 22873] UL: SNR = 63.50 dB | SE = 20.778 bit/s/Hz
[88275 ms] [UE 30556] UL: SNR = 63.50 dB | SE = 20.778 bit/s/Hz
[88275 ms] [UE 20945] UL: SNR = 49.00 dB | SE = 16.033 bit/s/Hz
[88314 ms] [UE 45898] UL: SNR = 63.50 dB | SE = 20.778 bit/s/Hz
[88314 ms] [UE 36997] UL: SNR = 63.50 dB | SE = 20.778 bit/s/Hz
[88314 ms] [UE 48787] UL: SNR = 63.50 dB | SE = 20.778 bit/s/Hz
[88314 ms] [UE 40252] UL: SNR = 56.00 dB | SE = 18.324 bit/s/Hz
[88314 ms] [UE 15599] UL: SNR = 52.50 dB | SE = 17.179 bit/s/Hz
[88376 ms] [UE 33952] UL: SNR = 6.50 dB | SE = 2.414 bit/s/Hz
[88376 ms] [UE 12169] UL: SNR = 63.50 dB | SE = 20.778 bit/s/Hz
[88376 ms] [UE 22873] UL: SNR = 63.50 dB | SE = 20.778 bit/s/Hz
[88376 ms] [UE 30556] UL: SNR = 63.50 dB | SE = 20.778 bit/s/Hz
[88376 ms] [UE 20945] UL: SNR = 49.00 dB | SE = 16.033 bit/s/Hz
[88424 ms] [UE 45898] UL: SNR = 63.50 dB | SE = 20.778 bit/s/Hz
[88424 ms] [UE 36997] UL: SNR = 63.50 dB | SE = 20.778 bit/s/Hz
[88424 ms] [UE 48787] UL: SNR = 63.50 dB | SE = 20.778 bit/s/Hz
[88424 ms] [UE 40252] UL: SNR = 56.00 dB | SE = 18.324 bit/s/Hz
[88424 ms] [UE 15599] UL: SNR = 52.50 dB | SE = 17.179 bit/s/Hz
[88486 ms] [UE 33952] UL: SNR = 6.50 dB | SE = 2.414 bit/s/Hz
[88486 ms] [UE 12169] UL: SNR = 63.50 dB | SE = 20.778 bit/s/Hz
[88486 ms] [UE 22873] UL: SNR = 63.50 dB | SE = 20.778 bit/s/Hz
[88486 ms] [UE 30556] UL: SNR = 63.50 dB | SE = 20.778 bit/s/Hz
[88486 ms] [UE 20945] UL: SNR = 49.00 dB | SE = 16.033 bit/s/Hz
[88533 ms] [UE 45898] UL: SNR = 63.50 dB | SE = 20.778 bit/s/Hz
[88533 ms] [UE 36997] UL: SNR = 63.50 dB | SE = 20.778 bit/s/Hz
[88533 ms] [UE 48787] UL: SNR = 63.50 dB | SE = 20.778 bit/s/Hz
[88533 ms] [UE 40252] UL: SNR = 56.00 dB | SE = 18.324 bit/s/Hz
[88533 ms] [UE 15599] UL: SNR = 52.50 dB | SE = 17.179 bit/s/Hz
[88586 ms] [UE 33952] UL: SNR = 6.50 dB | SE = 2.414 bit/s/Hz
[88586 ms] [UE 12169] UL: SNR = 63.50 dB | SE = 20.778 bit/s/Hz
[88586 ms] [UE 22873] UL: SNR = 63.50 dB | SE = 20.778 bit/s/Hz
[88586 ms] [UE 30556] UL: SNR = 63.50 dB | SE = 20.778 bit/s/Hz
[88586 ms] [UE 20945] UL: SNR = 49.00 dB | SE = 16.033 bit/s/Hz
[88634 ms] [UE 45898] UL: SNR = 63.50 dB | SE = 20.778 bit/s/Hz
[88634 ms] [UE 36997] UL: SNR = 63.50 dB | SE = 20.778 bit/s/Hz
[88634 ms] [UE 48787] UL: SNR = 63.50 dB | SE = 20.778 bit/s/Hz
[88634 ms] [UE 40252] UL: SNR = 56.00 dB | SE = 18.324 bit/s/Hz
[88634 ms] [UE 15599] UL: SNR = 52.50 dB | SE = 17.179 bit/s/Hz
[88696 ms] [UE 33952] UL: SNR = 6.50 dB | SE = 2.414 bit/s/Hz
[88696 ms] [UE 12169] UL: SNR = 63.50 dB | SE = 20.778 bit/s/Hz
[88696 ms] [UE 22873] UL: SNR = 63.50 dB | SE = 20.778 bit/s/Hz
[88696 ms] [UE 30556] UL: SNR = 63.50 dB | SE = 20.778 bit/s/Hz
[88696 ms] [UE 20945] UL: SNR = 49.00 dB | SE = 16.033 bit/s/Hz
[88734 ms] [UE 45898] UL: SNR = 63.50 dB | SE = 20.778 bit/s/Hz
[88734 ms] [UE 36997] UL: SNR = 63.50 dB | SE = 20.778 bit/s/Hz
[88734 ms] [UE 48787] UL: SNR = 63.50 dB | SE = 20.778 bit/s/Hz
[88734 ms] [UE 40252] UL: SNR = 56.00 dB | SE = 18.324 bit/s/Hz
[88734 ms] [UE 15599] UL: SNR = 52.50 dB | SE = 17.179 bit/s/Hz
[88806 ms] [UE 33952] UL: SNR = 6.50 dB | SE = 2.414 bit/s/Hz
[88806 ms] [UE 12169] UL: SNR = 63.50 dB | SE = 20.778 bit/s/Hz
[88806 ms] [UE 22873] UL: SNR = 63.50 dB | SE = 20.778 bit/s/Hz
[88806 ms] [UE 30556] UL: SNR = 63.50 dB | SE = 20.778 bit/s/Hz
[88806 ms] [UE 20945] UL: SNR = 49.00 dB | SE = 16.033 bit/s/Hz
[88844 ms] [UE 45898] UL: SNR = 63.50 dB | SE = 20.778 bit/s/Hz
[88844 ms] [UE 36997] UL: SNR = 63.50 dB | SE = 20.778 bit/s/Hz
[88844 ms] [UE 48787] UL: SNR = 63.50 dB | SE = 20.778 bit/s/Hz
[88844 ms] [UE 40252] UL: SNR = 56.00 dB | SE = 18.324 bit/s/Hz
[88844 ms] [UE 15599] UL: SNR = 52.50 dB | SE = 17.179 bit/s/Hz
[88916 ms] [UE 33952] UL: SNR = 6.50 dB | SE = 2.414 bit/s/Hz
[88916 ms] [UE 12169] UL: SNR = 63.50 dB | SE = 20.778 bit/s/Hz
[88916 ms] [UE 22873] UL: SNR = 63.50 dB | SE = 20.778 bit/s/Hz
[88916 ms] [UE 30556] UL: SNR = 63.50 dB | SE = 20.778 bit/s/Hz
[88916 ms] [UE 20945] UL: SNR = 49.00 dB | SE = 16.033 bit/s/Hz
[88953 ms] [UE 45898] UL: SNR = 63.50 dB | SE = 20.778 bit/s/Hz
[88953 ms] [UE 36997] UL: SNR = 63.50 dB | SE = 20.778 bit/s/Hz
[88953 ms] [UE 48787] UL: SNR = 63.50 dB | SE = 20.778 bit/s/Hz
[88953 ms] [UE 40252] UL: SNR = 56.00 dB | SE = 18.324 bit/s/Hz
[88953 ms] [UE 15599] UL: SNR = 52.50 dB | SE = 17.179 bit/s/Hz
[89026 ms] [UE 33952] UL: SNR = 6.50 dB | SE = 2.414 bit/s/Hz
[89026 ms] [UE 12169] UL: SNR = 63.50 dB | SE = 20.778 bit/s/Hz
[89026 ms] [UE 22873] UL: SNR = 63.50 dB | SE = 20.778 bit/s/Hz
[89026 ms] [UE 30556] UL: SNR = 63.50 dB | SE = 20.778 bit/s/Hz
[89026 ms] [UE 20945] UL: SNR = 49.00 dB | SE = 16.033 bit/s/Hz
[89054 ms] [UE 45898] UL: SNR = 63.50 dB | SE = 20.778 bit/s/Hz
[89054 ms] [UE 36997] UL: SNR = 63.50 dB | SE = 20.778 bit/s/Hz
[89054 ms] [UE 48787] UL: SNR = 63.50 dB | SE = 20.778 bit/s/Hz
[89054 ms] [UE 40252] UL: SNR = 56.00 dB | SE = 18.324 bit/s/Hz
[89054 ms] [UE 15599] UL: SNR = 52.50 dB | SE = 17.179 bit/s/Hz
[89136 ms] [UE 33952] UL: SNR = 6.50 dB | SE = 2.414 bit/s/Hz
[89136 ms] [UE 12169] UL: SNR = 63.50 dB | SE = 20.778 bit/s/Hz
[89136 ms] [UE 22873] UL: SNR = 63.50 dB | SE = 20.778 bit/s/Hz
[89136 ms] [UE 30556] UL: SNR = 63.50 dB | SE = 20.778 bit/s/Hz
[89136 ms] [UE 20945] UL: SNR = 49.00 dB | SE = 16.033 bit/s/Hz
[89154 ms] [UE 45898] UL: SNR = 63.50 dB | SE = 20.778 bit/s/Hz
[89154 ms] [UE 36997] UL: SNR = 63.50 dB | SE = 20.778 bit/s/Hz
[89154 ms] [UE 48787] UL: SNR = 63.50 dB | SE = 20.778 bit/s/Hz
[89154 ms] [UE 40252] UL: SNR = 56.00 dB | SE = 18.324 bit/s/Hz
[89154 ms] [UE 15599] UL: SNR = 52.50 dB | SE = 17.179 bit/s/Hz
[89236 ms] [UE 33952] UL: SNR = 6.50 dB | SE = 2.414 bit/s/Hz
[89236 ms] [UE 12169] UL: SNR = 63.50 dB | SE = 20.778 bit/s/Hz
[89236 ms] [UE 22873] UL: SNR = 63.50 dB | SE = 20.778 bit/s/Hz
[89236 ms] [UE 30556] UL: SNR = 63.50 dB | SE = 20.778 bit/s/Hz
[89236 ms] [UE 20945] UL: SNR = 49.00 dB | SE = 16.033 bit/s/Hz
[89263 ms] [UE 45898] UL: SNR = 63.50 dB | SE = 20.778 bit/s/Hz
[89263 ms] [UE 36997] UL: SNR = 63.50 dB | SE = 20.778 bit/s/Hz
[89263 ms] [UE 48787] UL: SNR = 63.50 dB | SE = 20.778 bit/s/Hz
[89263 ms] [UE 40252] UL: SNR = 56.00 dB | SE = 18.324 bit/s/Hz
[89263 ms] [UE 15599] UL: SNR = 52.50 dB | SE = 17.179 bit/s/Hz
[89336 ms] [UE 33952] UL: SNR = 6.50 dB | SE = 2.414 bit/s/Hz
[89336 ms] [UE 12169] UL: SNR = 63.50 dB | SE = 20.778 bit/s/Hz
[89336 ms] [UE 22873] UL: SNR = 63.50 dB | SE = 20.778 bit/s/Hz
[89336 ms] [UE 30556] UL: SNR = 63.50 dB | SE = 20.778 bit/s/Hz
[89336 ms] [UE 20945] UL: SNR = 49.00 dB | SE = 16.033 bit/s/Hz
[89364 ms] [UE 45898] UL: SNR = 63.50 dB | SE = 20.778 bit/s/Hz
[89364 ms] [UE 36997] UL: SNR = 63.50 dB | SE = 20.778 bit/s/Hz
[89364 ms] [UE 48787] UL: SNR = 63.50 dB | SE = 20.778 bit/s/Hz
[89364 ms] [UE 40252] UL: SNR = 56.00 dB | SE = 18.324 bit/s/Hz
[89364 ms] [UE 15599] UL: SNR = 52.50 dB | SE = 17.179 bit/s/Hz
[89446 ms] [UE 33952] UL: SNR = 6.50 dB | SE = 2.414 bit/s/Hz
[89446 ms] [UE 12169] UL: SNR = 63.50 dB | SE = 20.778 bit/s/Hz
[89446 ms] [UE 22873] UL: SNR = 63.50 dB | SE = 20.778 bit/s/Hz
[89446 ms] [UE 30556] UL: SNR = 63.50 dB | SE = 20.778 bit/s/Hz
[89446 ms] [UE 20945] UL: SNR = 49.00 dB | SE = 16.033 bit/s/Hz
[89464 ms] [UE 45898] UL: SNR = 63.50 dB | SE = 20.778 bit/s/Hz
[89464 ms] [UE 36997] UL: SNR = 63.50 dB | SE = 20.778 bit/s/Hz
[89464 ms] [UE 48787] UL: SNR = 63.50 dB | SE = 20.778 bit/s/Hz
[89464 ms] [UE 40252] UL: SNR = 56.00 dB | SE = 18.324 bit/s/Hz
[89464 ms] [UE 15599] UL: SNR = 52.50 dB | SE = 17.179 bit/s/Hz
[89546 ms] [UE 33952] UL: SNR = 6.50 dB | SE = 2.414 bit/s/Hz
[89546 ms] [UE 12169] UL: SNR = 63.50 dB | SE = 20.778 bit/s/Hz
[89546 ms] [UE 22873] UL: SNR = 63.50 dB | SE = 20.778 bit/s/Hz
[89546 ms] [UE 30556] UL: SNR = 63.50 dB | SE = 20.778 bit/s/Hz
[89546 ms] [UE 20945] UL: SNR = 49.00 dB | SE = 16.033 bit/s/Hz
[89575 ms] [UE 45898] UL: SNR = 63.50 dB | SE = 20.778 bit/s/Hz
[89575 ms] [UE 36997] UL: SNR = 63.50 dB | SE = 20.778 bit/s/Hz
[89575 ms] [UE 48787] UL: SNR = 63.50 dB | SE = 20.778 bit/s/Hz
[89575 ms] [UE 40252] UL: SNR = 56.00 dB | SE = 18.324 bit/s/Hz
[89575 ms] [UE 15599] UL: SNR = 52.50 dB | SE = 17.179 bit/s/Hz
[89648 ms] [UE 33952] UL: SNR = 6.50 dB | SE = 2.414 bit/s/Hz
[89648 ms] [UE 12169] UL: SNR = 63.50 dB | SE = 20.778 bit/s/Hz
[89648 ms] [UE 22873] UL: SNR = 63.50 dB | SE = 20.778 bit/s/Hz
[89648 ms] [UE 30556] UL: SNR = 63.50 dB | SE = 20.778 bit/s/Hz
[89648 ms] [UE 20945] UL: SNR = 49.00 dB | SE = 16.033 bit/s/Hz
[89683 ms] [UE 45898] UL: SNR = 63.50 dB | SE = 20.778 bit/s/Hz
[89683 ms] [UE 36997] UL: SNR = 63.50 dB | SE = 20.778 bit/s/Hz
[89683 ms] [UE 48787] UL: SNR = 63.50 dB | SE = 20.778 bit/s/Hz
[89683 ms] [UE 40252] UL: SNR = 56.00 dB | SE = 18.324 bit/s/Hz
[89683 ms] [UE 15599] UL: SNR = 52.50 dB | SE = 17.179 bit/s/Hz
[89756 ms] [UE 33952] UL: SNR = 6.50 dB | SE = 2.414 bit/s/Hz
[89756 ms] [UE 12169] UL: SNR = 63.50 dB | SE = 20.778 bit/s/Hz
[89756 ms] [UE 22873] UL: SNR = 63.50 dB | SE = 20.778 bit/s/Hz
[89756 ms] [UE 30556] UL: SNR = 63.50 dB | SE = 20.778 bit/s/Hz
[89756 ms] [UE 20945] UL: SNR = 49.00 dB | SE = 16.033 bit/s/Hz
[89784 ms] [UE 45898] UL: SNR = 63.50 dB | SE = 20.778 bit/s/Hz
[89784 ms] [UE 36997] UL: SNR = 63.50 dB | SE = 20.778 bit/s/Hz
[89784 ms] [UE 48787] UL: SNR = 63.50 dB | SE = 20.778 bit/s/Hz
[89784 ms] [UE 40252] UL: SNR = 56.00 dB | SE = 18.324 bit/s/Hz
[89784 ms] [UE 15599] UL: SNR = 52.50 dB | SE = 17.179 bit/s/Hz
[89867 ms] [UE 33952] UL: SNR = 6.50 dB | SE = 2.414 bit/s/Hz
[89867 ms] [UE 12169] UL: SNR = 63.50 dB | SE = 20.778 bit/s/Hz
[89867 ms] [UE 22873] UL: SNR = 63.50 dB | SE = 20.778 bit/s/Hz
[89867 ms] [UE 30556] UL: SNR = 63.50 dB | SE = 20.778 bit/s/Hz
[89867 ms] [UE 20945] UL: SNR = 49.00 dB | SE = 16.033 bit/s/Hz
[89893 ms] [UE 45898] UL: SNR = 63.50 dB | SE = 20.778 bit/s/Hz
[89893 ms] [UE 36997] UL: SNR = 63.50 dB | SE = 20.778 bit/s/Hz
[89893 ms] [UE 48787] UL: SNR = 63.50 dB | SE = 20.778 bit/s/Hz
[89893 ms] [UE 40252] UL: SNR = 56.00 dB | SE = 18.324 bit/s/Hz
[89893 ms] [UE 15599] UL: SNR = 52.50 dB | SE = 17.179 bit/s/Hz
[89976 ms] [UE 33952] UL: SNR = 6.50 dB | SE = 2.414 bit/s/Hz
[89976 ms] [UE 12169] UL: SNR = 63.50 dB | SE = 20.778 bit/s/Hz
[89976 ms] [UE 22873] UL: SNR = 63.50 dB | SE = 20.778 bit/s/Hz
[89976 ms] [UE 30556] UL: SNR = 63.50 dB | SE = 20.778 bit/s/Hz
[89976 ms] [UE 20945] UL: SNR = 49.00 dB | SE = 16.033 bit/s/Hz
[90003 ms] [UE 45898] UL: SNR = 63.50 dB | SE = 20.778 bit/s/Hz
[90003 ms] [UE 36997] UL: SNR = 63.50 dB | SE = 20.778 bit/s/Hz
[90003 ms] [UE 48787] UL: SNR = 63.50 dB | SE = 20.778 bit/s/Hz
[90003 ms] [UE 40252] UL: SNR = 56.00 dB | SE = 18.324 bit/s/Hz
[90003 ms] [UE 15599] UL: SNR = 52.50 dB | SE = 17.179 bit/s/Hz
[xApp]: E42 RIC_SUBSCRIPTION_DELETE_REQUEST tx RAN_FUNC_ID 142 RIC_REQ_ID 1 
[xApp]: E42 SUBSCRIPTION DELETE RESPONSE rx
[xApp]: E42 RIC_SUBSCRIPTION_DELETE_REQUEST tx RAN_FUNC_ID 142 RIC_REQ_ID 2 
[xApp]: E42 SUBSCRIPTION DELETE RESPONSE rx
[xApp]: Sucessfully stopped 
Test xApp run SUCCESSFULLY
