Time_ms,UE_ID,RB_ID,Throughput_Mbps
0,1043,-1,0.59837
0,13806,-1,0.00000
0,25133,-1,0.11687
0,36712,-1,0.00000
0,57972,-1,0.00000
2,33547,-1,0.21571
2,18165,-1,0.00000
2,21150,-1,0.00000
2,15893,-1,0.00000
110,1043,-1,0.00000
110,13806,-1,0.00000
110,25133,-1,0.00000
110,36712,-1,0.00000
110,57972,-1,0.00000
112,33547,-1,0.00000
112,18165,-1,0.00000
112,21150,-1,0.00000
112,15893,-1,0.00000
220,1043,-1,0.00000
220,13806,-1,0.10476
220,25133,-1,0.00000
220,36712,-1,0.59590
220,57972,-1,0.00000
222,33547,-1,0.00000
222,18165,-1,0.00000
222,21150,-1,0.00000
222,15893,-1,0.00000
330,1043,-1,0.00000
330,13806,-1,0.00000
330,25133,-1,0.00000
330,36712,-1,0.00000
330,57972,-1,0.35378
332,33547,-1,0.00000
332,18165,-1,0.00000
332,21150,-1,0.26022
332,15893,-1,0.21492
440,1043,-1,0.00000
440,13806,-1,0.10441
440,25133,-1,0.00000
440,36712,-1,0.00000
440,57972,-1,0.00000
442,33547,-1,0.00000
442,18165,-1,0.00000
442,21150,-1,0.00000
442,15893,-1,0.00000
550,1043,-1,0.55076
550,13806,-1,0.43881
550,25133,-1,0.00000
550,36712,-1,0.00000
550,57972,-1,0.00000
552,33547,-1,0.00000
552,18165,-1,0.00000
552,21150,-1,0.00000
552,15893,-1,0.00000
653,33547,-1,0.21488
653,18165,-1,0.12713
653,21150,-1,0.00000
653,15893,-1,0.00000
660,1043,-1,0.00000
660,13806,-1,0.00000
660,25133,-1,0.00000
660,36712,-1,0.00000
660,57972,-1,0.00000
760,1043,-1,0.00000
760,13806,-1,0.00000
760,25133,-1,0.02791
760,36712,-1,0.00000
760,57972,-1,0.00000
763,33547,-1,0.00000
763,18165,-1,0.00000
763,21150,-1,0.00000
763,15893,-1,0.00000
860,1043,-1,0.00000
860,13806,-1,0.00000
860,25133,-1,0.11738
860,36712,-1,0.00000
860,57972,-1,0.00000
863,33547,-1,0.00000
863,18165,-1,0.00000
863,21150,-1,0.00000
863,15893,-1,0.00000
970,1043,-1,0.00000
970,13806,-1,0.00000
970,25133,-1,0.00000
970,36712,-1,0.00000
970,57972,-1,0.00000
972,33547,-1,0.00000
972,18165,-1,0.00000
972,21150,-1,0.00000
972,15893,-1,0.17908
1070,1043,-1,0.00000
1070,13806,-1,0.00000
1070,25133,-1,0.00000
1070,36712,-1,0.00000
1070,57972,-1,0.00000
1072,33547,-1,0.00000
1072,18165,-1,0.00000
1072,21150,-1,0.00000
1072,15893,-1,0.00000
1182,33547,-1,0.00000
1182,18165,-1,0.00000
1182,21150,-1,0.06149
1182,15893,-1,0.00000
1185,1043,-1,0.57138
1185,13806,-1,0.00000
1185,25133,-1,0.00000
1185,36712,-1,0.65175
1185,57972,-1,0.00000
1286,33547,-1,0.18668
1286,18165,-1,0.12284
1286,21150,-1,0.00000
1286,15893,-1,0.00000
1289,1043,-1,0.00000
1289,13806,-1,0.00000
1289,25133,-1,0.00000
1289,36712,-1,0.00000
1289,57972,-1,0.00000
1390,1043,-1,0.00000
1390,13806,-1,0.11435
1390,25133,-1,0.00000
1390,36712,-1,0.00000
1390,57972,-1,0.00000
1393,33547,-1,0.00000
1393,18165,-1,0.00000
1393,21150,-1,0.00000
1393,15893,-1,0.00000
1499,1043,-1,0.00000
1499,13806,-1,0.43084
1499,25133,-1,0.00000
1499,36712,-1,0.00000
1499,57972,-1,0.00000
1502,33547,-1,0.00000
1502,18165,-1,0.00000
1502,21150,-1,0.35267
1502,15893,-1,0.00000
1600,1043,-1,0.00000
1600,13806,-1,0.00000
1600,25133,-1,0.00000
1600,36712,-1,0.00000
1600,57972,-1,0.00000
1612,33547,-1,0.00000
1612,18165,-1,0.00000
1612,21150,-1,0.00000
1612,15893,-1,0.00000
1710,1043,-1,0.00000
1710,13806,-1,0.00000
1710,25133,-1,0.14147
1710,36712,-1,0.00000
1710,57972,-1,0.00000
1713,33547,-1,0.00000
1713,18165,-1,0.00000
1713,21150,-1,0.00000
1713,15893,-1,0.00000
1819,1043,-1,0.00000
1819,13806,-1,0.00000
1819,25133,-1,0.00000
1819,36712,-1,0.60089
1819,57972,-1,0.00000
1822,33547,-1,0.16039
1822,18165,-1,0.11790
1822,21150,-1,0.00000
1822,15893,-1,0.03888
1919,1043,-1,0.00000
1919,13806,-1,0.00000
1919,25133,-1,0.00000
1919,36712,-1,0.00000
1919,57972,-1,0.00000
1922,33547,-1,0.00000
1922,18165,-1,0.00000
1922,21150,-1,0.00000
1922,15893,-1,0.00000
2020,1043,-1,0.14277
2020,13806,-1,0.53040
2020,25133,-1,0.00000
2020,36712,-1,0.00000
2020,57972,-1,0.39750
2023,33547,-1,0.00000
2023,18165,-1,0.00000
2023,21150,-1,0.00000
2023,15893,-1,0.00000
2129,1043,-1,0.00000
2129,13806,-1,0.00000
2129,25133,-1,0.00000
2129,36712,-1,0.00000
2129,57972,-1,0.00000
2132,33547,-1,0.00000
2132,18165,-1,0.00000
2132,21150,-1,0.00000
2132,15893,-1,0.03866
2230,1043,-1,0.00000
2230,13806,-1,0.00000
2230,25133,-1,0.00000
2230,36712,-1,0.00000
2230,57972,-1,0.00000
2242,33547,-1,0.00000
2242,18165,-1,0.00000
2242,21150,-1,0.28991
2242,15893,-1,0.00000
2340,1043,-1,0.72980
2340,13806,-1,0.00000
2340,25133,-1,0.11696
2340,36712,-1,0.00000
2340,57972,-1,0.00000
2342,33547,-1,0.00000
2342,18165,-1,0.00000
2342,21150,-1,0.00000
2342,15893,-1,0.00000
2440,1043,-1,0.00000
2440,13806,-1,0.00000
2440,25133,-1,0.00000
2440,36712,-1,0.00000
2440,57972,-1,0.00000
2452,33547,-1,0.00000
2452,18165,-1,0.00000
2452,21150,-1,0.00000
2452,15893,-1,0.03840
2550,1043,-1,0.00000
2550,13806,-1,0.00000
2550,25133,-1,0.00000
2550,36712,-1,0.13085
2550,57972,-1,0.00000
2552,33547,-1,0.00000
2552,18165,-1,0.12739
2552,21150,-1,0.00000
2552,15893,-1,0.19359
2650,1043,-1,0.00000
2650,13806,-1,0.46826
2650,25133,-1,0.00000
2650,36712,-1,0.65178
2650,57972,-1,0.00000
2653,33547,-1,0.00000
2653,18165,-1,0.00000
2653,21150,-1,0.00000
2653,15893,-1,0.00000
2754,1043,-1,0.00000
2754,13806,-1,0.00000
2754,25133,-1,0.00000
2754,36712,-1,0.00000
2754,57972,-1,0.00000
2762,33547,-1,0.03876
2762,18165,-1,0.00000
2762,21150,-1,0.00000
2762,15893,-1,0.00000
2860,1043,-1,0.61921
2860,13806,-1,0.00000
2860,25133,-1,0.00000
2860,36712,-1,0.00000
2860,57972,-1,0.09193
2862,33547,-1,0.19434
2862,18165,-1,0.00000
2862,21150,-1,0.31703
2862,15893,-1,0.00000
2960,1043,-1,0.00000
2960,13806,-1,0.00000
2960,25133,-1,0.00000
2960,36712,-1,0.00000
2960,57972,-1,0.43835
2972,33547,-1,0.00000
2972,18165,-1,0.00000
2972,21150,-1,0.00000
2972,15893,-1,0.00000
3062,1043,-1,0.00000
3062,13806,-1,0.00000
3062,25133,-1,0.00000
3062,36712,-1,0.00000
3062,57972,-1,0.00000
3073,33547,-1,0.00000
3073,18165,-1,0.00000
3073,21150,-1,0.00000
3073,15893,-1,0.00000
3170,1043,-1,0.00000
3170,13806,-1,0.00000
3170,25133,-1,0.14446
3170,36712,-1,0.60725
3170,57972,-1,0.00000
3182,33547,-1,0.00000
3182,18165,-1,0.00000
3182,21150,-1,0.00000
3182,15893,-1,0.15910
3280,1043,-1,0.00000
3280,13806,-1,0.00000
3280,25133,-1,0.00000
3280,36712,-1,0.00000
3280,57972,-1,0.00000
3292,33547,-1,0.00000
3292,18165,-1,0.00000
3292,21150,-1,0.00000
3292,15893,-1,0.00000
3380,1043,-1,0.00000
3380,13806,-1,0.00000
3380,25133,-1,0.00000
3380,36712,-1,0.00000
3380,57972,-1,0.00000
3392,33547,-1,0.00000
3392,18165,-1,0.14576
3392,21150,-1,0.00000
3392,15893,-1,0.00000
3481,1043,-1,0.65073
3481,13806,-1,0.64319
3481,25133,-1,0.00000
3481,36712,-1,0.00000
3481,57972,-1,0.00000
3493,33547,-1,0.17808
3493,18165,-1,0.00000
3493,21150,-1,0.00000
3493,15893,-1,0.00000
3590,1043,-1,0.00000
3590,13806,-1,0.00000
3590,25133,-1,0.00000
3590,36712,-1,0.00000
3590,57972,-1,0.00000
3601,33547,-1,0.00000
3601,18165,-1,0.00000
3601,21150,-1,0.00000
3601,15893,-1,0.00000
3690,1043,-1,0.00000
3690,13806,-1,0.00000
3690,25133,-1,0.00000
3690,36712,-1,0.00000
3690,57972,-1,0.00000
3702,33547,-1,0.00000
3702,18165,-1,0.00000
3702,21150,-1,0.06722
3702,15893,-1,0.17763
3803,1043,-1,0.00000
3803,13806,-1,0.00000
3803,25133,-1,0.00000
3803,36712,-1,0.51899
3803,57972,-1,0.47803
3803,33547,-1,0.00000
3803,18165,-1,0.00000
3803,21150,-1,0.28585
3803,15893,-1,0.00000
3910,1043,-1,0.00000
3910,13806,-1,0.00000
3910,25133,-1,0.00000
3910,36712,-1,0.00000
3910,57972,-1,0.00000
3914,33547,-1,0.00000
3914,18165,-1,0.00000
3914,21150,-1,0.00000
3914,15893,-1,0.00000
4020,1043,-1,0.00000
4020,13806,-1,0.00000
4020,25133,-1,0.14236
4020,36712,-1,0.00000
4020,57972,-1,0.00000
4023,33547,-1,0.00000
4023,18165,-1,0.00000
4023,21150,-1,0.00000
4023,15893,-1,0.00000
4130,1043,-1,0.00000
4130,13806,-1,0.48243
4130,25133,-1,0.00000
4130,36712,-1,0.00000
4130,57972,-1,0.00000
4136,33547,-1,0.00000
4136,18165,-1,0.00000
4136,21150,-1,0.00000
4136,15893,-1,0.00000
4231,1043,-1,0.00000
4231,13806,-1,0.00000
4231,25133,-1,0.00000
4231,36712,-1,0.00000
4231,57972,-1,0.00000
4243,33547,-1,0.00000
4243,18165,-1,0.00000
4243,21150,-1,0.00000
4243,15893,-1,0.00000
4340,1043,-1,0.73366
4340,13806,-1,0.00000
4340,25133,-1,0.00000
4340,36712,-1,0.00000
4340,57972,-1,0.40428
4353,33547,-1,0.17708
4353,18165,-1,0.00000
4353,21150,-1,0.25626
4353,15893,-1,0.00000
4450,1043,-1,0.00000
4450,13806,-1,0.00000
4450,25133,-1,0.00000
4450,36712,-1,0.00000
4450,57972,-1,0.00000
4462,33547,-1,0.00000
4462,18165,-1,0.00000
4462,21150,-1,0.00000
4462,15893,-1,0.00000
4550,1043,-1,0.00000
4550,13806,-1,0.00000
4550,25133,-1,0.00000
4550,36712,-1,0.00000
4550,57972,-1,0.00000
4563,33547,-1,0.00000
4563,18165,-1,0.00000
4563,21150,-1,0.00000
4563,15893,-1,0.00000
4651,1043,-1,0.00000
4651,13806,-1,0.00000
4651,25133,-1,0.12695
4651,36712,-1,0.79213
4651,57972,-1,0.00000
4672,33547,-1,0.00000
4672,18165,-1,0.11714
4672,21150,-1,0.00000
4672,15893,-1,0.00000
4760,1043,-1,0.00000
4760,13806,-1,0.00000
4760,25133,-1,0.00000
4760,36712,-1,0.00000
4760,57972,-1,0.00000
4773,33547,-1,0.00000
4773,18165,-1,0.00000
4773,21150,-1,0.00000
4773,15893,-1,0.00000
4860,1043,-1,0.00000
4860,13806,-1,0.00000
4860,25133,-1,0.00000
4860,36712,-1,0.00000
4860,57972,-1,0.00000
4882,33547,-1,0.00000
4882,18165,-1,0.00000
4882,21150,-1,0.00000
4882,15893,-1,0.00000
4963,1043,-1,0.56898
4963,13806,-1,0.63166
4963,25133,-1,0.00000
4963,36712,-1,0.00000
4963,57972,-1,0.00000
4982,33547,-1,0.04216
4982,18165,-1,0.00000
4982,21150,-1,0.00000
4982,15893,-1,0.00000
5069,1043,-1,0.00000
5069,13806,-1,0.00000
5069,25133,-1,0.00000
5069,36712,-1,0.00000
5069,57972,-1,0.00000
5082,33547,-1,0.00000
5082,18165,-1,0.00000
5082,21150,-1,0.31731
5082,15893,-1,0.00000
5170,1043,-1,0.00000
5170,13806,-1,0.00000
5170,25133,-1,0.00000
5170,36712,-1,0.00000
5170,57972,-1,0.00000
5193,33547,-1,0.00000
5193,18165,-1,0.00000
5193,21150,-1,0.00000
5193,15893,-1,0.00000
5271,1043,-1,0.00000
5271,13806,-1,0.00000
5271,25133,-1,0.00000
5271,36712,-1,0.59912
5271,57972,-1,0.49225
5302,33547,-1,0.17904
5302,18165,-1,0.00000
5302,21150,-1,0.00000
5302,15893,-1,0.21789
5379,1043,-1,0.00000
5379,13806,-1,0.00000
5379,25133,-1,0.00000
5379,36712,-1,0.00000
5379,57972,-1,0.00000
5412,33547,-1,0.00000
5412,18165,-1,0.00000
5412,21150,-1,0.00000
5412,15893,-1,0.00000
5480,1043,-1,0.00000
5480,13806,-1,0.00000
5480,25133,-1,0.02770
5480,36712,-1,0.00000
5480,57972,-1,0.00000
5522,33547,-1,0.00000
5522,18165,-1,0.00000
5522,21150,-1,0.00000
5522,15893,-1,0.00000
5580,1043,-1,0.60440
5580,13806,-1,0.00000
5580,25133,-1,0.11781
5580,36712,-1,0.00000
5580,57972,-1,0.00000
5622,33547,-1,0.00000
5622,18165,-1,0.11233
5622,21150,-1,0.00000
5622,15893,-1,0.00000
5690,1043,-1,0.00000
5690,13806,-1,0.00000
5690,25133,-1,0.00000
5690,36712,-1,0.00000
5690,57972,-1,0.00000
5732,33547,-1,0.00000
5732,18165,-1,0.00000
5732,21150,-1,0.00000
5732,15893,-1,0.00000
5790,1043,-1,0.00000
5790,13806,-1,0.59440
5790,25133,-1,0.00000
5790,36712,-1,0.00000
5790,57972,-1,0.00000
5842,33547,-1,0.00000
5842,18165,-1,0.00000
5842,21150,-1,0.00000
5842,15893,-1,0.00000
5900,1043,-1,0.00000
5900,13806,-1,0.00000
5900,25133,-1,0.00000
5900,36712,-1,0.00000
5900,57972,-1,0.40052
5942,33547,-1,0.19441
5942,18165,-1,0.00000
5942,21150,-1,0.38490
5942,15893,-1,0.00000
6009,1043,-1,0.00000
6009,13806,-1,0.00000
6009,25133,-1,0.00000
6009,36712,-1,0.00000
6009,57972,-1,0.00000
6052,33547,-1,0.00000
6052,18165,-1,0.00000
6052,21150,-1,0.00000
6052,15893,-1,0.00000
6110,1043,-1,0.57765
6110,13806,-1,0.00000
6110,25133,-1,0.00000
6110,36712,-1,0.79073
6110,57972,-1,0.00000
6152,33547,-1,0.00000
6152,18165,-1,0.00000
6152,21150,-1,0.00000
6152,15893,-1,0.00000
6212,1043,-1,0.00000
6212,13806,-1,0.00000
6212,25133,-1,0.00000
6212,36712,-1,0.00000
6212,57972,-1,0.00000
6262,33547,-1,0.00000
6262,18165,-1,0.02536
6262,21150,-1,0.00000
6262,15893,-1,0.17680
6320,1043,-1,0.00000
6320,13806,-1,0.00000
6320,25133,-1,0.02589
6320,36712,-1,0.00000
6320,57972,-1,0.00000
6372,33547,-1,0.00000
6372,18165,-1,0.00000
6372,21150,-1,0.00000
6372,15893,-1,0.00000
6420,1043,-1,0.00000
6420,13806,-1,0.53079
6420,25133,-1,0.12758
6420,36712,-1,0.00000
6420,57972,-1,0.00000
6482,33547,-1,0.00000
6482,18165,-1,0.00000
6482,21150,-1,0.00000
6482,15893,-1,0.00000
6530,1043,-1,0.00000
6530,13806,-1,0.00000
6530,25133,-1,0.00000
6530,36712,-1,0.00000
6530,57972,-1,0.00000
6583,33547,-1,0.00000
6583,18165,-1,0.15478
6583,21150,-1,0.31504
6583,15893,-1,0.00000
6641,1043,-1,0.00000
6641,13806,-1,0.00000
6641,25133,-1,0.00000
6641,36712,-1,0.59511
6641,57972,-1,0.48802
6692,33547,-1,0.00000
6692,18165,-1,0.00000
6692,21150,-1,0.00000
6692,15893,-1,0.00000
6753,1043,-1,0.00000
6753,13806,-1,0.00000
6753,25133,-1,0.00000
6753,36712,-1,0.00000
6753,57972,-1,0.00000
6792,33547,-1,0.04223
6792,18165,-1,0.00000
6792,21150,-1,0.00000
6792,15893,-1,0.00000
6860,1043,-1,0.13407
6860,13806,-1,0.00000
6860,25133,-1,0.00000
6860,36712,-1,0.00000
6860,57972,-1,0.00000
6902,33547,-1,0.17641
6902,18165,-1,0.00000
6902,21150,-1,0.00000
6902,15893,-1,0.00000
6969,1043,-1,0.59716
6969,13806,-1,0.00000
6969,25133,-1,0.11663
6969,36712,-1,0.00000
6969,57972,-1,0.00000
7012,33547,-1,0.00000
7012,18165,-1,0.00000
7012,21150,-1,0.00000
7012,15893,-1,0.00000
7072,1043,-1,0.00000
7072,13806,-1,0.00000
7072,25133,-1,0.00000
7072,36712,-1,0.00000
7072,57972,-1,0.00000
7112,33547,-1,0.00000
7112,18165,-1,0.00000
7112,21150,-1,0.00000
7112,15893,-1,0.00000
7181,1043,-1,0.00000
7181,13806,-1,0.59673
7181,25133,-1,0.00000
7181,36712,-1,0.00000
7181,57972,-1,0.35847
7222,33547,-1,0.00000
7222,18165,-1,0.11707
7222,21150,-1,0.00000
7222,15893,-1,0.17791
7290,1043,-1,0.00000
7290,13806,-1,0.00000
7290,25133,-1,0.00000
7290,36712,-1,0.00000
7290,57972,-1,0.00000
7333,33547,-1,0.00000
7333,18165,-1,0.00000
7333,21150,-1,0.00000
7333,15893,-1,0.00000
7391,1043,-1,0.00000
7391,13806,-1,0.00000
7391,25133,-1,0.00000
7391,36712,-1,0.00000
7391,57972,-1,0.00000
7434,33547,-1,0.00000
7434,18165,-1,0.00000
7434,21150,-1,0.00000
7434,15893,-1,0.00000
7491,1043,-1,0.00000
7491,13806,-1,0.00000
7491,25133,-1,0.00000
7491,36712,-1,0.14247
7491,57972,-1,0.00000
7542,33547,-1,0.00000
7542,18165,-1,0.00000
7542,21150,-1,0.35666
7542,15893,-1,0.00000
7600,1043,-1,0.60469
7600,13806,-1,0.00000
7600,25133,-1,0.00000
7600,36712,-1,0.60469
7600,57972,-1,0.00000
7652,33547,-1,0.00000
7652,18165,-1,0.00000
7652,21150,-1,0.00000
7652,15893,-1,0.00000
7701,1043,-1,0.00000
7701,13806,-1,0.00000
7701,25133,-1,0.00000
7701,36712,-1,0.00000
7701,57972,-1,0.00000
7752,33547,-1,0.00000
7752,18165,-1,0.00000
7752,21150,-1,0.00000
7752,15893,-1,0.00000
7811,1043,-1,0.00000
7811,13806,-1,0.00000
7811,25133,-1,0.14195
7811,36712,-1,0.00000
7811,57972,-1,0.00000
7853,33547,-1,0.19298
7853,18165,-1,0.12699
7853,21150,-1,0.00000
7853,15893,-1,0.04188
7920,1043,-1,0.00000
7920,13806,-1,0.00000
7920,25133,-1,0.00000
7920,36712,-1,0.00000
7920,57972,-1,0.40678
7962,33547,-1,0.00000
7962,18165,-1,0.00000
7962,21150,-1,0.00000
7962,15893,-1,0.00000
8030,1043,-1,0.00000
8030,13806,-1,0.00000
8030,25133,-1,0.00000
8030,36712,-1,0.00000
8030,57972,-1,0.00000
8062,33547,-1,0.00000
8062,18165,-1,0.00000
8062,21150,-1,0.00000
8062,15893,-1,0.00000
8130,1043,-1,0.00000
8130,13806,-1,0.64625
8130,25133,-1,0.00000
8130,36712,-1,0.65383
8130,57972,-1,0.00000
8172,33547,-1,0.00000
8172,18165,-1,0.00000
8172,21150,-1,0.00000
8172,15893,-1,0.21560
8240,1043,-1,0.00000
8240,13806,-1,0.00000
8240,25133,-1,0.00000
8240,36712,-1,0.00000
8240,57972,-1,0.00000
8272,33547,-1,0.00000
8272,18165,-1,0.00000
8272,21150,-1,0.28067
8272,15893,-1,0.00000
8341,1043,-1,0.78789
8341,13806,-1,0.00000
8341,25133,-1,0.00000
8341,36712,-1,0.00000
8341,57972,-1,0.00000
8372,33547,-1,0.00000
8372,18165,-1,0.00000
8372,21150,-1,0.00000
8372,15893,-1,0.00000
8450,1043,-1,0.00000
8450,13806,-1,0.00000
8450,25133,-1,0.00000
8450,36712,-1,0.00000
8450,57972,-1,0.35837
8482,33547,-1,0.00000
8482,18165,-1,0.00000
8482,21150,-1,0.00000
8482,15893,-1,0.00000
8550,1043,-1,0.00000
8550,13806,-1,0.00000
8550,25133,-1,0.00000
8550,36712,-1,0.00000
8550,57972,-1,0.00000
8582,33547,-1,0.17844
8582,18165,-1,0.00000
8582,21150,-1,0.00000
8582,15893,-1,0.00000
8650,1043,-1,0.00000
8650,13806,-1,0.53263
8650,25133,-1,0.15593
8650,36712,-1,0.00000
8650,57972,-1,0.00000
8682,33547,-1,0.00000
8682,18165,-1,0.00000
8682,21150,-1,0.00000
8682,15893,-1,0.00000
8760,1043,-1,0.00000
8760,13806,-1,0.00000
8760,25133,-1,0.00000
8760,36712,-1,0.00000
8760,57972,-1,0.00000
8792,33547,-1,0.00000
8792,18165,-1,0.13286
8792,21150,-1,0.00000
8792,15893,-1,0.00000
8863,1043,-1,0.00000
8863,13806,-1,0.00000
8863,25133,-1,0.00000
8863,36712,-1,0.00000
8863,57972,-1,0.00000
8892,33547,-1,0.00000
8892,18165,-1,0.00000
8892,21150,-1,0.28652
8892,15893,-1,0.00000
8972,1043,-1,0.59917
8972,13806,-1,0.00000
8972,25133,-1,0.00000
8972,36712,-1,0.73024
8972,57972,-1,0.00000
9002,33547,-1,0.00000
9002,18165,-1,0.00000
9002,21150,-1,0.00000
9002,15893,-1,0.00000
9080,1043,-1,0.00000
9080,13806,-1,0.00000
9080,25133,-1,0.00000
9080,36712,-1,0.00000
9080,57972,-1,0.00000
9112,33547,-1,0.00000
9112,18165,-1,0.00000
9112,21150,-1,0.00000
9112,15893,-1,0.03830
9180,1043,-1,0.00000
9180,13806,-1,0.00000
9180,25133,-1,0.00000
9180,36712,-1,0.00000
9180,57972,-1,0.09734
9222,33547,-1,0.00000
9222,18165,-1,0.00000
9222,21150,-1,0.00000
9222,15893,-1,0.00000
9290,1043,-1,0.00000
9290,13806,-1,0.00000
9290,25133,-1,0.11671
9290,36712,-1,0.00000
9290,57972,-1,0.40130
9322,33547,-1,0.00000
9322,18165,-1,0.00000
9322,21150,-1,0.00000
9322,15893,-1,0.00000
9390,1043,-1,0.00000
9390,13806,-1,0.00000
9390,25133,-1,0.00000
9390,36712,-1,0.00000
9390,57972,-1,0.00000
9433,33547,-1,0.00000
9433,18165,-1,0.10163
9433,21150,-1,0.00000
9433,15893,-1,0.21357
9503,1043,-1,0.00000
9503,13806,-1,0.10186
9503,25133,-1,0.00000
9503,36712,-1,0.00000
9503,57972,-1,0.00000
9542,33547,-1,0.00000
9542,18165,-1,0.00000
9542,21150,-1,0.00000
9542,15893,-1,0.00000
9610,1043,-1,0.00000
9610,13806,-1,0.00000
9610,25133,-1,0.00000
9610,36712,-1,0.54846
9610,57972,-1,0.00000
9652,33547,-1,0.00000
9652,18165,-1,0.00000
9652,21150,-1,0.06184
9652,15893,-1,0.00000
9712,1043,-1,0.00000
9712,13806,-1,0.00000
9712,25133,-1,0.00000
9712,36712,-1,0.00000
9712,57972,-1,0.00000
9753,33547,-1,0.19383
9753,18165,-1,0.00000
9753,21150,-1,0.31620
9753,15893,-1,0.00000
9820,1043,-1,0.69250
9820,13806,-1,0.00000
9820,25133,-1,0.00000
9820,36712,-1,0.00000
9820,57972,-1,0.00000
9862,33547,-1,0.00000
9862,18165,-1,0.00000
9862,21150,-1,0.00000
9862,15893,-1,0.00000
9920,1043,-1,0.00000
9920,13806,-1,0.00000
9920,25133,-1,0.00000
9920,36712,-1,0.00000
9920,57972,-1,0.39744
9962,33547,-1,0.00000
9962,18165,-1,0.00000
9962,21150,-1,0.00000
9962,15893,-1,0.00000
10030,1043,-1,0.00000
10030,13806,-1,0.00000
10030,25133,-1,0.00000
10030,36712,-1,0.00000
10030,57972,-1,0.00000
10062,33547,-1,0.00000
10062,18165,-1,0.00000
10062,21150,-1,0.00000
10062,15893,-1,0.19399
10140,1043,-1,0.00000
10140,13806,-1,0.00000
10140,25133,-1,0.02534
10140,36712,-1,0.00000
10140,57972,-1,0.00000
10172,33547,-1,0.00000
10172,18165,-1,0.00000
10172,21150,-1,0.00000
10172,15893,-1,0.00000
10250,1043,-1,0.00000
10250,13806,-1,0.00000
10250,25133,-1,0.10734
10250,36712,-1,0.55071
10250,57972,-1,0.00000
10272,33547,-1,0.00000
10272,18165,-1,0.15529
10272,21150,-1,0.00000
10272,15893,-1,0.00000
10351,1043,-1,0.00000
10351,13806,-1,0.00000
10351,25133,-1,0.00000
10351,36712,-1,0.00000
10351,57972,-1,0.00000
10382,33547,-1,0.00000
10382,18165,-1,0.00000
10382,21150,-1,0.28952
10382,15893,-1,0.00000
10459,1043,-1,0.13296
10459,13806,-1,0.00000
10459,25133,-1,0.00000
10459,36712,-1,0.00000
10459,57972,-1,0.00000
10482,33547,-1,0.00000
10482,18165,-1,0.00000
10482,21150,-1,0.00000
10482,15893,-1,0.00000
10560,1043,-1,0.00000
10560,13806,-1,0.53084
10560,25133,-1,0.00000
10560,36712,-1,0.00000
10560,57972,-1,0.39783
10582,33547,-1,0.04223
10582,18165,-1,0.00000
10582,21150,-1,0.00000
10582,15893,-1,0.00000
10660,1043,-1,0.00000
10660,13806,-1,0.00000
10660,25133,-1,0.00000
10660,36712,-1,0.00000
10660,57972,-1,0.00000
10692,33547,-1,0.15856
10692,18165,-1,0.00000
10692,21150,-1,0.00000
10692,15893,-1,0.00000
10771,1043,-1,0.00000
10771,13806,-1,0.00000
10771,25133,-1,0.00000
10771,36712,-1,0.00000
10771,57972,-1,0.00000
10792,33547,-1,0.00000
10792,18165,-1,0.00000
10792,21150,-1,0.00000
10792,15893,-1,0.00000
10871,1043,-1,0.79480
10871,13806,-1,0.00000
10871,25133,-1,0.00000
10871,36712,-1,0.58062
10871,57972,-1,0.00000
10903,33547,-1,0.00000
10903,18165,-1,0.11598
10903,21150,-1,0.00000
10903,15893,-1,0.21451
10980,1043,-1,0.00000
10980,13806,-1,0.00000
10980,25133,-1,0.00000
10980,36712,-1,0.00000
10980,57972,-1,0.00000
11012,33547,-1,0.00000
11012,18165,-1,0.00000
11012,21150,-1,0.00000
11012,15893,-1,0.00000
11080,1043,-1,0.00000
11080,13806,-1,0.00000
11080,25133,-1,0.02790
11080,36712,-1,0.00000
11080,57972,-1,0.00000
11123,33547,-1,0.00000
11123,18165,-1,0.00000
11123,21150,-1,0.06133
11123,15893,-1,0.00000
11180,1043,-1,0.00000
11180,13806,-1,0.53208
11180,25133,-1,0.12789
11180,36712,-1,0.00000
11180,57972,-1,0.00000
11232,33547,-1,0.00000
11232,18165,-1,0.00000
11232,21150,-1,0.29061
11232,15893,-1,0.00000
11290,1043,-1,0.00000
11290,13806,-1,0.00000
11290,25133,-1,0.00000
11290,36712,-1,0.00000
11290,57972,-1,0.00000
11332,33547,-1,0.00000
11332,18165,-1,0.00000
11332,21150,-1,0.00000
11332,15893,-1,0.00000
11393,1043,-1,0.00000
11393,13806,-1,0.00000
11393,25133,-1,0.00000
11393,36712,-1,0.00000
11393,57972,-1,0.09485
11443,33547,-1,0.21375
11443,18165,-1,0.11557
11443,21150,-1,0.00000
11443,15893,-1,0.00000
11500,1043,-1,0.61257
11500,13806,-1,0.00000
11500,25133,-1,0.00000
11500,36712,-1,0.00000
11500,57972,-1,0.41140
11554,33547,-1,0.00000
11554,18165,-1,0.00000
11554,21150,-1,0.00000
11554,15893,-1,0.00000
11600,1043,-1,0.00000
11600,13806,-1,0.00000
11600,25133,-1,0.00000
11600,36712,-1,0.00000
11600,57972,-1,0.00000
11663,33547,-1,0.00000
11663,18165,-1,0.00000
11663,21150,-1,0.00000
11663,15893,-1,0.03875
11701,1043,-1,0.00000
11701,13806,-1,0.00000
11701,25133,-1,0.00000
11701,36712,-1,0.14133
11701,57972,-1,0.00000
11772,33547,-1,0.00000
11772,18165,-1,0.00000
11772,21150,-1,0.25686
11772,15893,-1,0.17749
11810,1043,-1,0.00000
11810,13806,-1,0.48987
11810,25133,-1,0.00000
11810,36712,-1,0.60283
11810,57972,-1,0.00000
11873,33547,-1,0.00000
11873,18165,-1,0.00000
11873,21150,-1,0.00000
11873,15893,-1,0.00000
11913,1043,-1,0.00000
11913,13806,-1,0.00000
11913,25133,-1,0.00000
11913,36712,-1,0.00000
11913,57972,-1,0.00000
11982,33547,-1,0.00000
11982,18165,-1,0.00000
11982,21150,-1,0.00000
11982,15893,-1,0.00000
12020,1043,-1,0.00000
12020,13806,-1,0.00000
12020,25133,-1,0.14595
12020,36712,-1,0.00000
12020,57972,-1,0.00000
12092,33547,-1,0.17745
12092,18165,-1,0.00000
12092,21150,-1,0.00000
12092,15893,-1,0.00000
12130,1043,-1,0.00000
12130,13806,-1,0.00000
12130,25133,-1,0.00000
12130,36712,-1,0.00000
12130,57972,-1,0.35304
12192,33547,-1,0.00000
12192,18165,-1,0.00000
12192,21150,-1,0.00000
12192,15893,-1,0.00000
12230,1043,-1,0.00000
12230,13806,-1,0.00000
12230,25133,-1,0.00000
12230,36712,-1,0.00000
12230,57972,-1,0.00000
12303,33547,-1,0.00000
12303,18165,-1,0.14094
12303,21150,-1,0.00000
12303,15893,-1,0.00000
12331,1043,-1,0.79644
12331,13806,-1,0.00000
12331,25133,-1,0.00000
12331,36712,-1,0.65349
12331,57972,-1,0.00000
12412,33547,-1,0.00000
12412,18165,-1,0.00000
12412,21150,-1,0.00000
12412,15893,-1,0.17808
12440,1043,-1,0.00000
12440,13806,-1,0.00000
12440,25133,-1,0.00000
12440,36712,-1,0.00000
12440,57972,-1,0.00000
12513,33547,-1,0.00000
12513,18165,-1,0.00000
12513,21150,-1,0.00000
12513,15893,-1,0.00000
12542,1043,-1,0.00000
12542,13806,-1,0.00000
12542,25133,-1,0.00000
12542,36712,-1,0.00000
12542,57972,-1,0.00000
12622,33547,-1,0.00000
12622,18165,-1,0.00000
12622,21150,-1,0.35271
12622,15893,-1,0.00000
12651,1043,-1,0.00000
12651,13806,-1,0.59459
12651,25133,-1,0.11749
12651,36712,-1,0.00000
12651,57972,-1,0.00000
12732,33547,-1,0.00000
12732,18165,-1,0.00000
12732,21150,-1,0.00000
12732,15893,-1,0.00000
12759,1043,-1,0.00000
12759,13806,-1,0.00000
12759,25133,-1,0.00000
12759,36712,-1,0.00000
12759,57972,-1,0.00000
12832,33547,-1,0.04218
12832,18165,-1,0.00000
12832,21150,-1,0.00000
12832,15893,-1,0.00000
12861,1043,-1,0.00000
12861,13806,-1,0.00000
12861,25133,-1,0.00000
12861,36712,-1,0.00000
12861,57972,-1,0.00000
12932,33547,-1,0.19446
12932,18165,-1,0.11261
12932,21150,-1,0.00000
12932,15893,-1,0.00000
12970,1043,-1,0.60013
12970,13806,-1,0.00000
12970,25133,-1,0.00000
12970,36712,-1,0.00000
12970,57972,-1,0.49214
13032,33547,-1,0.00000
13032,18165,-1,0.00000
13032,21150,-1,0.00000
13032,15893,-1,0.00000
13080,1043,-1,0.00000
13080,13806,-1,0.00000
13080,25133,-1,0.00000
13080,36712,-1,0.00000
13080,57972,-1,0.00000
13142,33547,-1,0.00000
13142,18165,-1,0.00000
13142,21150,-1,0.00000
13142,15893,-1,0.03842
13190,1043,-1,0.00000
13190,13806,-1,0.00000
13190,25133,-1,0.00000
13190,36712,-1,0.00000
13190,57972,-1,0.00000
13253,33547,-1,0.00000
13253,18165,-1,0.00000
13253,21150,-1,0.25822
13253,15893,-1,0.00000
13300,1043,-1,0.00000
13300,13806,-1,0.42901
13300,25133,-1,0.00000
13300,36712,-1,0.72777
13300,57972,-1,0.00000
13362,33547,-1,0.00000
13362,18165,-1,0.00000
13362,21150,-1,0.00000
13362,15893,-1,0.00000
13410,1043,-1,0.00000
13410,13806,-1,0.00000
13410,25133,-1,0.00000
13410,36712,-1,0.00000
13410,57972,-1,0.00000
13463,33547,-1,0.00000
13463,18165,-1,0.11748
13463,21150,-1,0.00000
13463,15893,-1,0.00000
13512,1043,-1,0.00000
13512,13806,-1,0.00000
13512,25133,-1,0.02737
13512,36712,-1,0.00000
13512,57972,-1,0.43172
13563,33547,-1,0.00000
13563,18165,-1,0.00000
13563,21150,-1,0.00000
13563,15893,-1,0.00000
13620,1043,-1,0.00000
13620,13806,-1,0.00000
13620,25133,-1,0.11864
13620,36712,-1,0.00000
13620,57972,-1,0.00000
13672,33547,-1,0.00000
13672,18165,-1,0.00000
13672,21150,-1,0.00000
13672,15893,-1,0.00000
13721,1043,-1,0.00000
13721,13806,-1,0.00000
13721,25133,-1,0.00000
13721,36712,-1,0.00000
13721,57972,-1,0.00000
13773,33547,-1,0.00000
13773,18165,-1,0.00000
13773,21150,-1,0.00000
13773,15893,-1,0.17854
13822,1043,-1,0.79117
13822,13806,-1,0.00000
13822,25133,-1,0.00000
13822,36712,-1,0.64917
13822,57972,-1,0.00000
13882,33547,-1,0.00000
13882,18165,-1,0.00000
13882,21150,-1,0.00000
13882,15893,-1,0.00000
13930,1043,-1,0.00000
13930,13806,-1,0.00000
13930,25133,-1,0.00000
13930,36712,-1,0.00000
13930,57972,-1,0.00000
13992,33547,-1,0.00000
13992,18165,-1,0.00000
13992,21150,-1,0.00000
13992,15893,-1,0.00000
14035,1043,-1,0.00000
14035,13806,-1,0.10935
14035,25133,-1,0.00000
14035,36712,-1,0.00000
14035,57972,-1,0.00000
14093,33547,-1,0.00000
14093,18165,-1,0.00000
14093,21150,-1,0.31565
14093,15893,-1,0.00000
14140,1043,-1,0.00000
14140,13806,-1,0.51034
14140,25133,-1,0.00000
14140,36712,-1,0.00000
14140,57972,-1,0.42177
14202,33547,-1,0.00000
14202,18165,-1,0.00000
14202,21150,-1,0.00000
14202,15893,-1,0.00000
14242,1043,-1,0.00000
14242,13806,-1,0.00000
14242,25133,-1,0.00000
14242,36712,-1,0.00000
14242,57972,-1,0.00000
14313,33547,-1,0.21395
14313,18165,-1,0.00000
14313,21150,-1,0.00000
14313,15893,-1,0.00000
14350,1043,-1,0.00000
14350,13806,-1,0.00000
14350,25133,-1,0.02588
14350,36712,-1,0.00000
14350,57972,-1,0.00000
14422,33547,-1,0.00000
14422,18165,-1,0.11766
14422,21150,-1,0.00000
14422,15893,-1,0.00000
14450,1043,-1,0.58206
14450,13806,-1,0.00000
14450,25133,-1,0.12769
14450,36712,-1,0.00000
14450,57972,-1,0.00000
14532,33547,-1,0.00000
14532,18165,-1,0.00000
14532,21150,-1,0.00000
14532,15893,-1,0.00000
14560,1043,-1,0.00000
14560,13806,-1,0.00000
14560,25133,-1,0.00000
14560,36712,-1,0.00000
14560,57972,-1,0.00000
14632,33547,-1,0.00000
14632,18165,-1,0.00000
14632,21150,-1,0.06780
14632,15893,-1,0.00000
14660,1043,-1,0.00000
14660,13806,-1,0.00000
14660,25133,-1,0.00000
14660,36712,-1,0.14333
14660,57972,-1,0.00000
14742,33547,-1,0.00000
14742,18165,-1,0.00000
14742,21150,-1,0.00000
14742,15893,-1,0.00000
14760,1043,-1,0.00000
14760,13806,-1,0.48116
14760,25133,-1,0.00000
14760,36712,-1,0.60391
14760,57972,-1,0.00000
14842,33547,-1,0.00000
14842,18165,-1,0.00000
14842,21150,-1,0.06781
14842,15893,-1,0.00000
14871,1043,-1,0.00000
14871,13806,-1,0.00000
14871,25133,-1,0.00000
14871,36712,-1,0.00000
14871,57972,-1,0.00000
14942,33547,-1,0.00000
14942,18165,-1,0.12805
14942,21150,-1,0.31744
14942,15893,-1,0.00000
14980,1043,-1,0.00000
14980,13806,-1,0.00000
14980,25133,-1,0.00000
14980,36712,-1,0.00000
14980,57972,-1,0.08863
15042,33547,-1,0.00000
15042,18165,-1,0.00000
15042,21150,-1,0.00000
15042,15893,-1,0.00000
15080,1043,-1,0.00000
15080,13806,-1,0.00000
15080,25133,-1,0.11779
15080,36712,-1,0.00000
15080,57972,-1,0.00000
15152,33547,-1,0.03840
15152,18165,-1,0.00000
15152,21150,-1,0.00000
15152,15893,-1,0.17694
15190,1043,-1,0.00000
15190,13806,-1,0.00000
15190,25133,-1,0.00000
15190,36712,-1,0.00000
15190,57972,-1,0.00000
15262,33547,-1,0.00000
15262,18165,-1,0.00000
15262,21150,-1,0.00000
15262,15893,-1,0.00000
15300,1043,-1,0.12391
15300,13806,-1,0.00504
15300,25133,-1,0.00000
15300,36712,-1,0.00000
15300,57972,-1,0.00000
15362,33547,-1,0.00000
15362,18165,-1,0.00000
15362,21150,-1,0.00000
15362,15893,-1,0.00000
15400,1043,-1,0.60449
15400,13806,-1,0.00000
15400,25133,-1,0.00000
15400,36712,-1,0.65569
15400,57972,-1,0.00000
15472,33547,-1,0.21534
15472,18165,-1,0.11643
15472,21150,-1,0.00000
15472,15893,-1,0.00000
15500,1043,-1,0.00000
15500,13806,-1,0.00000
15500,25133,-1,0.00000
15500,36712,-1,0.00000
15500,57972,-1,0.00000
15572,33547,-1,0.00000
15572,18165,-1,0.00000
15572,21150,-1,0.00000
15572,15893,-1,0.00000
15610,1043,-1,0.00000
15610,13806,-1,0.00000
15610,25133,-1,0.00000
15610,36712,-1,0.00000
15610,57972,-1,0.00000
15674,33547,-1,0.00000
15674,18165,-1,0.00000
15674,21150,-1,0.06658
15674,15893,-1,0.00000
15712,1043,-1,0.57534
15712,13806,-1,0.00000
15712,25133,-1,0.02751
15712,36712,-1,0.00000
15712,57972,-1,0.00000
15782,33547,-1,0.00000
15782,18165,-1,0.00000
15782,21150,-1,0.29452
15782,15893,-1,0.18054
15820,1043,-1,0.00000
15820,13806,-1,0.00000
15820,25133,-1,0.00000
15820,36712,-1,0.00000
15820,57972,-1,0.00000
15883,33547,-1,0.00000
15883,18165,-1,0.00000
15883,21150,-1,0.00000
15883,15893,-1,0.00000
15920,1043,-1,0.00000
15920,13806,-1,0.00000
15920,25133,-1,0.00000
15920,36712,-1,0.00000
15920,57972,-1,0.00000
15992,33547,-1,0.00000
15992,18165,-1,0.00000
15992,21150,-1,0.00000
15992,15893,-1,0.00000
16020,1043,-1,0.00000
16020,13806,-1,0.64780
16020,25133,-1,0.12801
16020,36712,-1,0.00000
16020,57972,-1,0.00000
16092,33547,-1,0.00000
16092,18165,-1,0.12771
16092,21150,-1,0.00000
16092,15893,-1,0.00000
16131,1043,-1,0.00000
16131,13806,-1,0.00000
16131,25133,-1,0.00000
16131,36712,-1,0.00000
16131,57972,-1,0.00000
16202,33547,-1,0.00000
16202,18165,-1,0.00000
16202,21150,-1,0.00000
16202,15893,-1,0.00000
16240,1043,-1,0.00000
16240,13806,-1,0.00000
16240,25133,-1,0.00000
16240,36712,-1,0.00000
16240,57972,-1,0.00000
16313,33547,-1,0.19570
16313,18165,-1,0.00000
16313,21150,-1,0.28704
16313,15893,-1,0.00000
16340,1043,-1,0.00000
16340,13806,-1,0.00000
16340,25133,-1,0.00000
16340,36712,-1,0.79776
16340,57972,-1,0.39864
16414,33547,-1,0.00000
16414,18165,-1,0.00000
16414,21150,-1,0.00000
16414,15893,-1,0.00000
16443,1043,-1,0.00000
16443,13806,-1,0.00000
16443,25133,-1,0.00000
16443,36712,-1,0.00000
16443,57972,-1,0.00000
16523,33547,-1,0.00000
16523,18165,-1,0.00000
16523,21150,-1,0.00000
16523,15893,-1,0.03878
16550,1043,-1,0.00000
16550,13806,-1,0.00000
16550,25133,-1,0.00000
16550,36712,-1,0.00000
16550,57972,-1,0.00000
16633,33547,-1,0.00000
16633,18165,-1,0.00000
16633,21150,-1,0.00000
16633,15893,-1,0.00000
16660,1043,-1,0.59790
16660,13806,-1,0.59097
16660,25133,-1,0.00000
16660,36712,-1,0.00000
16660,57972,-1,0.00000
16742,33547,-1,0.00000
16742,18165,-1,0.00000
16742,21150,-1,0.00000
16742,15893,-1,0.00000
16761,1043,-1,0.00000
16761,13806,-1,0.00000
16761,25133,-1,0.00000
16761,36712,-1,0.00000
16761,57972,-1,0.00000
16852,33547,-1,0.17745
16852,18165,-1,0.14222
16852,21150,-1,0.00000
16852,15893,-1,0.00000
16870,1043,-1,0.00000
16870,13806,-1,0.00000
16870,25133,-1,0.00000
16870,36712,-1,0.00000
16870,57972,-1,0.00000
16953,33547,-1,0.00000
16953,18165,-1,0.00000
16953,21150,-1,0.00000
16953,15893,-1,0.00000
16970,1043,-1,0.00000
16970,13806,-1,0.00000
16970,25133,-1,0.15565
16970,36712,-1,0.00000
16970,57972,-1,0.00000
17053,33547,-1,0.00000
17053,18165,-1,0.00000
17053,21150,-1,0.00000
17053,15893,-1,0.00000
17080,1043,-1,0.00000
17080,13806,-1,0.00000
17080,25133,-1,0.00000
17080,36712,-1,0.53305
17080,57972,-1,0.00000
17163,33547,-1,0.00000
17163,18165,-1,0.00000
17163,21150,-1,0.34874
17163,15893,-1,0.17614
17180,1043,-1,0.00000
17180,13806,-1,0.00000
17180,25133,-1,0.00000
17180,36712,-1,0.00000
17180,57972,-1,0.00000
17272,33547,-1,0.00000
17272,18165,-1,0.00000
17272,21150,-1,0.00000
17272,15893,-1,0.00000
17290,1043,-1,0.00000
17290,13806,-1,0.00000
17290,25133,-1,0.00000
17290,36712,-1,0.00000
17290,57972,-1,0.48958
17372,33547,-1,0.00000
17372,18165,-1,0.00000
17372,21150,-1,0.00000
17372,15893,-1,0.00000
17401,1043,-1,0.59414
17401,13806,-1,0.00000
17401,25133,-1,0.00000
17401,36712,-1,0.00000
17401,57972,-1,0.00000
17473,33547,-1,0.00000
17473,18165,-1,0.11214
17473,21150,-1,0.00000
17473,15893,-1,0.00000
17511,1043,-1,0.00000
17511,13806,-1,0.00000
17511,25133,-1,0.00000
17511,36712,-1,0.00000
17511,57972,-1,0.00000
17583,33547,-1,0.00000
17583,18165,-1,0.00000
17583,21150,-1,0.00000
17583,15893,-1,0.00000
17620,1043,-1,0.00000
17620,13806,-1,0.59017
17620,25133,-1,0.00000
17620,36712,-1,0.59709
17620,57972,-1,0.00000
17693,33547,-1,0.20068
17693,18165,-1,0.00000
17693,21150,-1,0.00000
17693,15893,-1,0.00000
17730,1043,-1,0.00000
17730,13806,-1,0.00000
17730,25133,-1,0.00000
17730,36712,-1,0.00000
17730,57972,-1,0.00000
17802,33547,-1,0.00000
17802,18165,-1,0.00000
17802,21150,-1,0.26308
17802,15893,-1,0.00000
17830,1043,-1,0.00000
17830,13806,-1,0.00000
17830,25133,-1,0.00000
17830,36712,-1,0.00000
17830,57972,-1,0.00000
17902,33547,-1,0.00000
17902,18165,-1,0.00000
17902,21150,-1,0.00000
17902,15893,-1,0.00000
17931,1043,-1,0.00000
17931,13806,-1,0.00000
17931,25133,-1,0.15515
17931,36712,-1,0.00000
17931,57972,-1,0.43800
18012,33547,-1,0.00000
18012,18165,-1,0.10726
18012,21150,-1,0.00000
18012,15893,-1,0.20164
18040,1043,-1,0.00000
18040,13806,-1,0.00000
18040,25133,-1,0.00000
18040,36712,-1,0.00000
18040,57972,-1,0.00000
18122,33547,-1,0.00000
18122,18165,-1,0.00000
18122,21150,-1,0.00000
18122,15893,-1,0.00000
18142,1043,-1,0.14137
18142,13806,-1,0.00000
18142,25133,-1,0.00000
18142,36712,-1,0.00000
18142,57972,-1,0.00000
18222,33547,-1,0.00000
18222,18165,-1,0.00000
18222,21150,-1,0.00000
18222,15893,-1,0.00000
18250,1043,-1,0.60573
18250,13806,-1,0.43517
18250,25133,-1,0.00000
18250,36712,-1,0.00000
18250,57972,-1,0.00000
18332,33547,-1,0.00000
18332,18165,-1,0.00000
18332,21150,-1,0.00000
18332,15893,-1,0.00000
18350,1043,-1,0.00000
18350,13806,-1,0.00000
18350,25133,-1,0.00000
18350,36712,-1,0.00000
18350,57972,-1,0.00000
18443,33547,-1,0.00000
18443,18165,-1,0.00000
18443,21150,-1,0.00000
18443,15893,-1,0.00000
18462,1043,-1,0.00000
18462,13806,-1,0.00000
18462,25133,-1,0.00000
18462,36712,-1,0.71260
18462,57972,-1,0.00000
18552,33547,-1,0.17729
18552,18165,-1,0.00000
18552,21150,-1,0.00000
18552,15893,-1,0.00000
18570,1043,-1,0.00000
18570,13806,-1,0.00000
18570,25133,-1,0.11907
18570,36712,-1,0.00000
18570,57972,-1,0.00000
18662,33547,-1,0.00000
18662,18165,-1,0.00000
18662,21150,-1,0.00000
18662,15893,-1,0.15917
18673,1043,-1,0.00000
18673,13806,-1,0.00000
18673,25133,-1,0.00000
18673,36712,-1,0.00000
18673,57972,-1,0.00000
18764,33547,-1,0.00000
18764,18165,-1,0.00000
18764,21150,-1,0.00000
18764,15893,-1,0.00000
18780,1043,-1,0.61148
18780,13806,-1,0.00000
18780,25133,-1,0.00000
18780,36712,-1,0.00000
18780,57972,-1,0.50145
18872,33547,-1,0.00000
18872,18165,-1,0.14410
18872,21150,-1,0.00000
18872,15893,-1,0.00000
18880,1043,-1,0.00000
18880,13806,-1,0.00000
18880,25133,-1,0.00000
18880,36712,-1,0.00000
18880,57972,-1,0.00000
18980,1043,-1,0.00000
18980,13806,-1,0.00000
18980,25133,-1,0.00000
18980,36712,-1,0.00000
18980,57972,-1,0.00000
18982,33547,-1,0.00000
18982,18165,-1,0.00000
18982,21150,-1,0.00000
18982,15893,-1,0.00000
19091,1043,-1,0.00000
19091,13806,-1,0.58686
19091,25133,-1,0.00000
19091,36712,-1,0.59374
19091,57972,-1,0.00000
19092,33547,-1,0.03849
19092,18165,-1,0.00000
19092,21150,-1,0.00000
19092,15893,-1,0.00000
19192,33547,-1,0.00000
19192,18165,-1,0.00000
19192,21150,-1,0.00000
19192,15893,-1,0.19425
19200,1043,-1,0.00000
19200,13806,-1,0.00000
19200,25133,-1,0.00000
19200,36712,-1,0.00000
19200,57972,-1,0.00000
19293,33547,-1,0.00000
19293,18165,-1,0.00000
19293,21150,-1,0.00000
19293,15893,-1,0.00000
19311,1043,-1,0.00000
19311,13806,-1,0.00000
19311,25133,-1,0.02531
19311,36712,-1,0.00000
19311,57972,-1,0.00000
19402,33547,-1,0.03865
19402,18165,-1,0.00000
19402,21150,-1,0.00000
19402,15893,-1,0.00000
19421,1043,-1,0.00000
19421,13806,-1,0.00000
19421,25133,-1,0.11643
19421,36712,-1,0.00000
19421,57972,-1,0.35393
19502,33547,-1,0.00000
19502,18165,-1,0.12804
19502,21150,-1,0.31742
19502,15893,-1,0.00000
19531,1043,-1,0.00000
19531,13806,-1,0.00000
19531,25133,-1,0.00000
19531,36712,-1,0.00000
19531,57972,-1,0.00000
19602,33547,-1,0.00000
19602,18165,-1,0.00000
19602,21150,-1,0.00000
19602,15893,-1,0.00000
19641,1043,-1,0.67928
19641,13806,-1,0.00000
19641,25133,-1,0.00000
19641,36712,-1,0.00000
19641,57972,-1,0.00000
19712,33547,-1,0.03841
19712,18165,-1,0.00000
19712,21150,-1,0.00000
19712,15893,-1,0.00000
19750,1043,-1,0.00000
19750,13806,-1,0.44144
19750,25133,-1,0.00000
19750,36712,-1,0.00000
19750,57972,-1,0.00000
19813,33547,-1,0.17380
19813,18165,-1,0.00000
19813,21150,-1,0.00000
19813,15893,-1,0.00000
19850,1043,-1,0.00000
19850,13806,-1,0.00000
19850,25133,-1,0.00000
19850,36712,-1,0.00000
19850,57972,-1,0.00000
19922,33547,-1,0.00000
19922,18165,-1,0.00000
19922,21150,-1,0.00000
19922,15893,-1,0.00000
19952,1043,-1,0.00000
19952,13806,-1,0.00000
19952,25133,-1,0.00000
19952,36712,-1,0.14093
19952,57972,-1,0.00000
20022,33547,-1,0.00000
20022,18165,-1,0.00000
20022,21150,-1,0.00000
20022,15893,-1,0.04220
20060,1043,-1,0.00000
20060,13806,-1,0.00000
20060,25133,-1,0.00000
20060,36712,-1,0.00000
20060,57972,-1,0.00000
20123,33547,-1,0.00000
20123,18165,-1,0.12753
20123,21150,-1,0.00000
20123,15893,-1,0.00000
20161,1043,-1,0.00000
20161,13806,-1,0.00000
20161,25133,-1,0.00000
20161,36712,-1,0.00000
20161,57972,-1,0.00000
20233,33547,-1,0.00000
20233,18165,-1,0.00000
20233,21150,-1,0.00000
20233,15893,-1,0.00000
20262,1043,-1,0.00000
20262,13806,-1,0.00000
20262,25133,-1,0.14365
20262,36712,-1,0.00000
20262,57972,-1,0.00000
20342,33547,-1,0.17804
20342,18165,-1,0.00000
20342,21150,-1,0.00000
20342,15893,-1,0.00000
20370,1043,-1,0.60938
20370,13806,-1,0.00000
20370,25133,-1,0.00000
20370,36712,-1,0.00000
20370,57972,-1,0.00000
20442,33547,-1,0.00000
20442,18165,-1,0.00000
20442,21150,-1,0.31706
20442,15893,-1,0.00000
20470,1043,-1,0.00000
20470,13806,-1,0.00000
20470,25133,-1,0.00000
20470,36712,-1,0.00000
20470,57972,-1,0.00000
20542,33547,-1,0.00000
20542,18165,-1,0.00000
20542,21150,-1,0.00000
20542,15893,-1,0.00000
20570,1043,-1,0.00000
20570,13806,-1,0.58449
20570,25133,-1,0.00000
20570,36712,-1,0.60259
20570,57972,-1,0.00000
20652,33547,-1,0.00000
20652,18165,-1,0.00000
20652,21150,-1,0.00000
20652,15893,-1,0.17801
20680,1043,-1,0.00000
20680,13806,-1,0.00000
20680,25133,-1,0.00000
20680,36712,-1,0.00000
20680,57972,-1,0.00000
20752,33547,-1,0.00000
20752,18165,-1,0.00000
20752,21150,-1,0.00000
20752,15893,-1,0.00000
20781,1043,-1,0.00000
20781,13806,-1,0.00000
20781,25133,-1,0.00000
20781,36712,-1,0.00000
20781,57972,-1,0.00000
20852,33547,-1,0.00000
20852,18165,-1,0.00000
20852,21150,-1,0.00000
20852,15893,-1,0.00000
20890,1043,-1,0.59844
20890,13806,-1,0.00000
20890,25133,-1,0.02548
20890,36712,-1,0.00000
20890,57972,-1,0.00000
20952,33547,-1,0.17415
20952,18165,-1,0.15592
20952,21150,-1,0.00000
20952,15893,-1,0.00000
21000,1043,-1,0.00000
21000,13806,-1,0.00000
21000,25133,-1,0.00000
21000,36712,-1,0.00000
21000,57972,-1,0.00000
21063,33547,-1,0.00000
21063,18165,-1,0.00000
21063,21150,-1,0.00000
21063,15893,-1,0.00000
21100,1043,-1,0.00000
21100,13806,-1,0.00000
21100,25133,-1,0.00000
21100,36712,-1,0.00000
21100,57972,-1,0.00000
21172,33547,-1,0.00000
21172,18165,-1,0.00000
21172,21150,-1,0.06214
21172,15893,-1,0.00000
21210,1043,-1,0.00000
21210,13806,-1,0.48572
21210,25133,-1,0.14219
21210,36712,-1,0.00000
21210,57972,-1,0.00000
21282,33547,-1,0.00000
21282,18165,-1,0.00000
21282,21150,-1,0.28957
21282,15893,-1,0.00000
21320,1043,-1,0.00000
21320,13806,-1,0.00000
21320,25133,-1,0.00000
21320,36712,-1,0.00000
21320,57972,-1,0.00000
21382,33547,-1,0.00000
21382,18165,-1,0.00000
21382,21150,-1,0.00000
21382,15893,-1,0.00000
21420,1043,-1,0.00000
21420,13806,-1,0.00000
21420,25133,-1,0.00000
21420,36712,-1,0.00000
21420,57972,-1,0.00000
21492,33547,-1,0.17718
21492,18165,-1,0.11659
21492,21150,-1,0.00000
21492,15893,-1,0.03845
21520,1043,-1,0.00000
21520,13806,-1,0.00000
21520,25133,-1,0.00000
21520,36712,-1,0.14271
21520,57972,-1,0.39732
21602,33547,-1,0.00000
21602,18165,-1,0.00000
21602,21150,-1,0.00000
21602,15893,-1,0.00000
21630,1043,-1,0.00000
21630,13806,-1,0.00000
21630,25133,-1,0.00000
21630,36712,-1,0.59462
21630,57972,-1,0.00000
21702,33547,-1,0.00000
21702,18165,-1,0.00000
21702,21150,-1,0.00000
21702,15893,-1,0.00000
21742,1043,-1,0.00000
21742,13806,-1,0.00000
21742,25133,-1,0.00000
21742,36712,-1,0.00000
21742,57972,-1,0.00000
21803,33547,-1,0.00000
21803,18165,-1,0.00000
21803,21150,-1,0.31523
21803,15893,-1,0.04193
21850,1043,-1,0.74461
21850,13806,-1,0.43894
21850,25133,-1,0.00000
21850,36712,-1,0.00000
21850,57972,-1,0.00000
21912,33547,-1,0.00000
21912,18165,-1,0.00000
21912,21150,-1,0.00000
21912,15893,-1,0.00000
21950,1043,-1,0.00000
21950,13806,-1,0.00000
21950,25133,-1,0.00000
21950,36712,-1,0.00000
21950,57972,-1,0.00000
22024,33547,-1,0.00000
22024,18165,-1,0.00000
22024,21150,-1,0.00000
22024,15893,-1,0.00000
22060,1043,-1,0.00000
22060,13806,-1,0.00000
22060,25133,-1,0.02540
22060,36712,-1,0.00000
22060,57972,-1,0.00000
22132,33547,-1,0.16075
22132,18165,-1,0.00000
22132,21150,-1,0.00000
22132,15893,-1,0.00000
22161,1043,-1,0.00000
22161,13806,-1,0.00000
22161,25133,-1,0.12742
22161,36712,-1,0.00000
22161,57972,-1,0.43814
22233,33547,-1,0.00000
22233,18165,-1,0.00000
22233,21150,-1,0.00000
22233,15893,-1,0.00000
22271,1043,-1,0.00000
22271,13806,-1,0.00000
22271,25133,-1,0.00000
22271,36712,-1,0.00000
22271,57972,-1,0.00000
22334,33547,-1,0.00000
22334,18165,-1,0.02748
22334,21150,-1,0.00000
22334,15893,-1,0.00000
22381,1043,-1,0.00000
22381,13806,-1,0.00000
22381,25133,-1,0.00000
22381,36712,-1,0.73064
22381,57972,-1,0.00000
22442,33547,-1,0.00000
22442,18165,-1,0.10940
22442,21150,-1,0.26625
22442,15893,-1,0.00000
22490,1043,-1,0.59839
22490,13806,-1,0.00000
22490,25133,-1,0.00000
22490,36712,-1,0.00000
22490,57972,-1,0.00000
22542,33547,-1,0.00000
22542,18165,-1,0.00000
22542,21150,-1,0.00000
22542,15893,-1,0.00000
22600,1043,-1,0.00000
22600,13806,-1,0.00000
22600,25133,-1,0.00000
22600,36712,-1,0.00000
22600,57972,-1,0.00000
22643,33547,-1,0.00000
22643,18165,-1,0.00000
22643,21150,-1,0.00000
22643,15893,-1,0.00000
22701,1043,-1,0.00000
22701,13806,-1,0.64397
22701,25133,-1,0.00000
22701,36712,-1,0.00000
22701,57972,-1,0.43755
22753,33547,-1,0.16326
22753,18165,-1,0.00000
22753,21150,-1,0.00000
22753,15893,-1,0.00000
22810,1043,-1,0.00000
22810,13806,-1,0.00000
22810,25133,-1,0.00000
22810,36712,-1,0.00000
22810,57972,-1,0.00000
22862,33547,-1,0.00000
22862,18165,-1,0.00000
22862,21150,-1,0.00000
22862,15893,-1,0.00000
22911,1043,-1,0.00000
22911,13806,-1,0.00000
22911,25133,-1,0.02771
22911,36712,-1,0.00000
22911,57972,-1,0.00000
22963,33547,-1,0.00000
22963,18165,-1,0.00000
22963,21150,-1,0.00000
22963,15893,-1,0.19365
23020,1043,-1,0.00000
23020,13806,-1,0.00000
23020,25133,-1,0.10306
23020,36712,-1,0.59957
23020,57972,-1,0.00000
23072,33547,-1,0.00000
23072,18165,-1,0.00000
23072,21150,-1,0.00000
23072,15893,-1,0.00000
23121,1043,-1,0.00000
23121,13806,-1,0.00000
23121,25133,-1,0.00000
23121,36712,-1,0.00000
23121,57972,-1,0.00000
23172,33547,-1,0.00000
23172,18165,-1,0.00000
23172,21150,-1,0.00000
23172,15893,-1,0.00000
23230,1043,-1,0.13109
23230,13806,-1,0.00000
23230,25133,-1,0.00000
23230,36712,-1,0.00000
23230,57972,-1,0.00000
23272,33547,-1,0.00000
23272,18165,-1,0.11258
23272,21150,-1,0.00000
23272,15893,-1,0.19439
23330,1043,-1,0.65318
23330,13806,-1,0.00000
23330,25133,-1,0.00000
23330,36712,-1,0.00000
23330,57972,-1,0.43867
23382,33547,-1,0.00000
23382,18165,-1,0.00000
23382,21150,-1,0.00000
23382,15893,-1,0.00000
23432,1043,-1,0.00000
23432,13806,-1,0.00000
23432,25133,-1,0.00000
23432,36712,-1,0.00000
23432,57972,-1,0.00000
23483,33547,-1,0.00000
23483,18165,-1,0.02771
23483,21150,-1,0.00000
23483,15893,-1,0.00000
23544,1043,-1,0.00000
23544,13806,-1,0.57753
23544,25133,-1,0.00000
23544,36712,-1,0.00000
23544,57972,-1,0.00000
23592,33547,-1,0.00000
23592,18165,-1,0.00000
23592,21150,-1,0.00000
23592,15893,-1,0.00000
23650,1043,-1,0.00000
23650,13806,-1,0.00000
23650,25133,-1,0.12078
23650,36712,-1,0.00000
23650,57972,-1,0.00000
23702,33547,-1,0.00000
23702,18165,-1,0.00000
23702,21150,-1,0.00000
23702,15893,-1,0.00000
23751,1043,-1,0.00000
23751,13806,-1,0.00000
23751,25133,-1,0.00000
23751,36712,-1,0.00000
23751,57972,-1,0.00000
23803,33547,-1,0.19326
23803,18165,-1,0.02772
23803,21150,-1,0.00000
23803,15893,-1,0.00000
23852,1043,-1,0.00000
23852,13806,-1,0.00000
23852,25133,-1,0.00000
23852,36712,-1,0.78678
23852,57972,-1,0.43355
23913,33547,-1,0.00000
23913,18165,-1,0.00000
23913,21150,-1,0.00000
23913,15893,-1,0.00000
23960,1043,-1,0.00000
23960,13806,-1,0.00000
23960,25133,-1,0.00000
23960,36712,-1,0.00000
23960,57972,-1,0.00000
24023,33547,-1,0.00000
24023,18165,-1,0.00000
24023,21150,-1,0.00000
24023,15893,-1,0.00000
24061,1043,-1,0.00000
24061,13806,-1,0.00000
24061,25133,-1,0.00000
24061,36712,-1,0.00000
24061,57972,-1,0.00000
24132,33547,-1,0.00000
24132,18165,-1,0.11675
24132,21150,-1,0.26143
24132,15893,-1,0.00000
24163,1043,-1,0.78521
24163,13806,-1,0.46287
24163,25133,-1,0.00000
24163,36712,-1,0.00000
24163,57972,-1,0.00000
24242,33547,-1,0.00000
24242,18165,-1,0.00000
24242,21150,-1,0.00000
24242,15893,-1,0.00000
24270,1043,-1,0.00000
24270,13806,-1,0.00000
24270,25133,-1,0.00000
24270,36712,-1,0.00000
24270,57972,-1,0.00000
24354,33547,-1,0.03790
24354,18165,-1,0.00000
24354,21150,-1,0.00000
24354,15893,-1,0.17464
24370,1043,-1,0.00000
24370,13806,-1,0.00000
24370,25133,-1,0.00000
24370,36712,-1,0.00000
24370,57972,-1,0.00000
24462,33547,-1,0.00000
24462,18165,-1,0.00000
24462,21150,-1,0.00000
24462,15893,-1,0.00000
24471,1043,-1,0.00000
24471,13806,-1,0.00000
24471,25133,-1,0.14490
24471,36712,-1,0.00000
24471,57972,-1,0.00000
24572,33547,-1,0.00000
24572,18165,-1,0.00000
24572,21150,-1,0.00000
24572,15893,-1,0.00000
24580,1043,-1,0.00000
24580,13806,-1,0.00000
24580,25133,-1,0.00000
24580,36712,-1,0.00000
24580,57972,-1,0.00000
24681,1043,-1,0.00000
24681,13806,-1,0.00000
24681,25133,-1,0.00000
24681,36712,-1,0.00000
24681,57972,-1,0.00000
24682,33547,-1,0.21564
24682,18165,-1,0.00000
24682,21150,-1,0.00000
24682,15893,-1,0.00000
24791,1043,-1,0.54970
24791,13806,-1,0.00000
24791,25133,-1,0.00000
24791,36712,-1,0.00000
24791,57972,-1,0.08853
24792,33547,-1,0.00000
24792,18165,-1,0.00000
24792,21150,-1,0.00000
24792,15893,-1,0.00000
24901,1043,-1,0.00000
24901,13806,-1,0.00000
24901,25133,-1,0.00000
24901,36712,-1,0.00000
24901,57972,-1,0.00000
24903,33547,-1,0.00000
24903,18165,-1,0.02524
24903,21150,-1,0.28708
24903,15893,-1,0.00000
25010,1043,-1,0.00000
25010,13806,-1,0.10567
25010,25133,-1,0.00000
25010,36712,-1,0.55416
25010,57972,-1,0.00000
25013,33547,-1,0.00000
25013,18165,-1,0.11617
25013,21150,-1,0.00000
25013,15893,-1,0.00000
25111,1043,-1,0.00000
25111,13806,-1,0.52441
25111,25133,-1,0.00000
25111,36712,-1,0.00000
25111,57972,-1,0.00000
25114,33547,-1,0.00000
25114,18165,-1,0.00000
25114,21150,-1,0.00000
25114,15893,-1,0.00000
25221,1043,-1,0.00000
25221,13806,-1,0.00000
25221,25133,-1,0.00000
25221,36712,-1,0.00000
25221,57972,-1,0.00000
25222,33547,-1,0.21761
25222,18165,-1,0.00000
25222,21150,-1,0.00000
25222,15893,-1,0.17881
25330,1043,-1,0.00000
25330,13806,-1,0.00000
25330,25133,-1,0.02555
25330,36712,-1,0.00000
25330,57972,-1,0.00000
25332,33547,-1,0.00000
25332,18165,-1,0.00000
25332,21150,-1,0.00000
25332,15893,-1,0.00000
25440,1043,-1,0.00000
25440,13806,-1,0.00000
25440,25133,-1,0.10280
25440,36712,-1,0.00000
25440,57972,-1,0.00000
25442,33547,-1,0.00000
25442,18165,-1,0.00000
25442,21150,-1,0.00000
25442,15893,-1,0.00000
25540,1043,-1,0.00000
25540,13806,-1,0.00000
25540,25133,-1,0.00000
25540,36712,-1,0.00000
25540,57972,-1,0.00000
25543,33547,-1,0.00000
25543,18165,-1,0.00000
25543,21150,-1,0.31565
25543,15893,-1,0.00000
25651,1043,-1,0.72643
25651,13806,-1,0.00000
25651,25133,-1,0.00000
25651,36712,-1,0.59605
25651,57972,-1,0.00000
25652,33547,-1,0.00000
25652,18165,-1,0.00000
25652,21150,-1,0.00000
25652,15893,-1,0.00000
25752,33547,-1,0.00000
25752,18165,-1,0.15545
25752,21150,-1,0.00000
25752,15893,-1,0.00000
25760,1043,-1,0.00000
25760,13806,-1,0.00000
25760,25133,-1,0.00000
25760,36712,-1,0.00000
25760,57972,-1,0.00000
25862,33547,-1,0.00000
25862,18165,-1,0.00000
25862,21150,-1,0.00000
25862,15893,-1,0.00000
25870,1043,-1,0.00000
25870,13806,-1,0.10491
25870,25133,-1,0.00000
25870,36712,-1,0.00000
25870,57972,-1,0.00000
25962,33547,-1,0.00000
25962,18165,-1,0.00000
25962,21150,-1,0.00000
25962,15893,-1,0.00000
25980,1043,-1,0.00000
25980,13806,-1,0.00000
25980,25133,-1,0.11651
25980,36712,-1,0.00000
25980,57972,-1,0.36330
26072,33547,-1,0.21600
26072,18165,-1,0.00000
26072,21150,-1,0.28954
26072,15893,-1,0.00000
26081,1043,-1,0.00000
26081,13806,-1,0.00000
26081,25133,-1,0.00000
26081,36712,-1,0.00000
26081,57972,-1,0.00000
26183,33547,-1,0.00000
26183,18165,-1,0.00000
26183,21150,-1,0.00000
26183,15893,-1,0.00000
26192,1043,-1,0.59062
26192,13806,-1,0.58377
26192,25133,-1,0.00000
26192,36712,-1,0.00000
26192,57972,-1,0.00000
26292,33547,-1,0.00000
26292,18165,-1,0.00000
26292,21150,-1,0.00000
26292,15893,-1,0.00000
26303,1043,-1,0.00000
26303,13806,-1,0.00000
26303,25133,-1,0.00000
26303,36712,-1,0.00000
26303,57972,-1,0.00000
26393,33547,-1,0.00000
26393,18165,-1,0.00000
26393,21150,-1,0.00000
26393,15893,-1,0.19345
26412,1043,-1,0.00000
26412,13806,-1,0.00000
26412,25133,-1,0.00000
26412,36712,-1,0.00000
26412,57972,-1,0.00000
26494,33547,-1,0.00000
26494,18165,-1,0.00000
26494,21150,-1,0.00000
26494,15893,-1,0.00000
26520,1043,-1,0.00000
26520,13806,-1,0.00000
26520,25133,-1,0.10446
26520,36712,-1,0.60770
26520,57972,-1,0.00000
26602,33547,-1,0.00000
26602,18165,-1,0.14398
26602,21150,-1,0.00000
26602,15893,-1,0.00000
26620,1043,-1,0.00000
26620,13806,-1,0.00000
26620,25133,-1,0.00000
26620,36712,-1,0.00000
26620,57972,-1,0.00000
26703,33547,-1,0.00000
26703,18165,-1,0.00000
26703,21150,-1,0.28051
26703,15893,-1,0.00000
26724,1043,-1,0.00000
26724,13806,-1,0.51376
26724,25133,-1,0.00000
26724,36712,-1,0.00000
26724,57972,-1,0.09387
26812,33547,-1,0.00000
26812,18165,-1,0.00000
26812,21150,-1,0.00000
26812,15893,-1,0.00000
26830,1043,-1,0.00000
26830,13806,-1,0.00000
26830,25133,-1,0.00000
26830,36712,-1,0.00000
26830,57972,-1,0.41566
26922,33547,-1,0.20254
26922,18165,-1,0.00000
26922,21150,-1,0.00000
26922,15893,-1,0.00000
26931,1043,-1,0.00000
26931,13806,-1,0.00000
26931,25133,-1,0.00000
26931,36712,-1,0.00000
26931,57972,-1,0.00000
27022,33547,-1,0.00000
27022,18165,-1,0.00000
27022,21150,-1,0.00000
27022,15893,-1,0.00000
27041,1043,-1,0.59731
27041,13806,-1,0.00000
27041,25133,-1,0.11666
27041,36712,-1,0.13065
27041,57972,-1,0.00000
27122,33547,-1,0.00000
27122,18165,-1,0.11774
27122,21150,-1,0.00000
27122,15893,-1,0.04221
27151,1043,-1,0.00000
27151,13806,-1,0.00000
27151,25133,-1,0.00000
27151,36712,-1,0.00000
27151,57972,-1,0.00000
27233,33547,-1,0.00000
27233,18165,-1,0.00000
27233,21150,-1,0.00000
27233,15893,-1,0.16190
27260,1043,-1,0.00000
27260,13806,-1,0.00000
27260,25133,-1,0.00000
27260,36712,-1,0.13107
27260,57972,-1,0.00000
27343,33547,-1,0.00000
27343,18165,-1,0.00000
27343,21150,-1,0.00000
27343,15893,-1,0.00000
27361,1043,-1,0.00000
27361,13806,-1,0.52658
27361,25133,-1,0.00000
27361,36712,-1,0.64801
27361,57972,-1,0.00000
27452,33547,-1,0.00000
27452,18165,-1,0.00000
27452,21150,-1,0.00000
27452,15893,-1,0.00000
27471,1043,-1,0.00000
27471,13806,-1,0.00000
27471,25133,-1,0.00000
27471,36712,-1,0.00000
27471,57972,-1,0.00000
27563,33547,-1,0.00000
27563,18165,-1,0.00000
27563,21150,-1,0.00000
27563,15893,-1,0.00000
27580,1043,-1,0.59981
27580,13806,-1,0.00000
27580,25133,-1,0.00000
27580,36712,-1,0.00000
27580,57972,-1,0.08905
27673,33547,-1,0.00000
27673,18165,-1,0.00000
27673,21150,-1,0.00000
27673,15893,-1,0.00000
27690,1043,-1,0.00000
27690,13806,-1,0.00000
27690,25133,-1,0.00000
27690,36712,-1,0.00000
27690,57972,-1,0.35453
27783,33547,-1,0.17711
27783,18165,-1,0.10257
27783,21150,-1,0.00000
27783,15893,-1,0.00000
27800,1043,-1,0.00000
27800,13806,-1,0.00000
27800,25133,-1,0.00000
27800,36712,-1,0.00000
27800,57972,-1,0.00000
27893,33547,-1,0.00000
27893,18165,-1,0.00000
27893,21150,-1,0.00000
27893,15893,-1,0.00000
27901,1043,-1,0.00000
27901,13806,-1,0.52890
27901,25133,-1,0.15484
27901,36712,-1,0.00000
27901,57972,-1,0.00000
28002,33547,-1,0.00000
28002,18165,-1,0.00000
28002,21150,-1,0.00000
28002,15893,-1,0.00000
28010,1043,-1,0.00000
28010,13806,-1,0.00000
28010,25133,-1,0.00000
28010,36712,-1,0.00000
28010,57972,-1,0.00000
28111,1043,-1,0.00000
28111,13806,-1,0.00000
28111,25133,-1,0.00000
28111,36712,-1,0.14262
28111,57972,-1,0.00000
28112,33547,-1,0.00000
28112,18165,-1,0.00000
28112,21150,-1,0.06161
28112,15893,-1,0.17677
28220,1043,-1,0.00000
28220,13806,-1,0.00000
28220,25133,-1,0.00000
28220,36712,-1,0.60141
28220,57972,-1,0.40390
28222,33547,-1,0.00000
28222,18165,-1,0.00000
28222,21150,-1,0.00000
28222,15893,-1,0.00000
28320,1043,-1,0.00000
28320,13806,-1,0.00000
28320,25133,-1,0.00000
28320,36712,-1,0.00000
28320,57972,-1,0.00000
28333,33547,-1,0.03800
28333,18165,-1,0.00000
28333,21150,-1,0.00000
28333,15893,-1,0.00000
28420,1043,-1,0.14322
28420,13806,-1,0.00000
28420,25133,-1,0.00000
28420,36712,-1,0.00000
28420,57972,-1,0.00000
28442,33547,-1,0.00000
28442,18165,-1,0.11772
28442,21150,-1,0.00000
28442,15893,-1,0.00000
28520,1043,-1,0.65435
28520,13806,-1,0.00000
28520,25133,-1,0.12780
28520,36712,-1,0.00000
28520,57972,-1,0.00000
28543,33547,-1,0.00000
28543,18165,-1,0.00000
28543,21150,-1,0.00000
28543,15893,-1,0.00000
28630,1043,-1,0.00000
28630,13806,-1,0.00000
28630,25133,-1,0.00000
28630,36712,-1,0.00000
28630,57972,-1,0.00000
28652,33547,-1,0.03860
28652,18165,-1,0.00000
28652,21150,-1,0.26210
28652,15893,-1,0.17788
28740,1043,-1,0.00000
28740,13806,-1,0.10501
28740,25133,-1,0.00000
28740,36712,-1,0.00000
28740,57972,-1,0.40117
28762,33547,-1,0.00000
28762,18165,-1,0.00000
28762,21150,-1,0.00000
28762,15893,-1,0.00000
28840,1043,-1,0.00000
28840,13806,-1,0.47042
28840,25133,-1,0.00000
28840,36712,-1,0.00000
28840,57972,-1,0.00000
28872,33547,-1,0.03854
28872,18165,-1,0.00000
28872,21150,-1,0.00000
28872,15893,-1,0.00000
28941,1043,-1,0.00000
28941,13806,-1,0.00000
28941,25133,-1,0.00000
28941,36712,-1,0.00000
28941,57972,-1,0.00000
28973,33547,-1,0.19301
28973,18165,-1,0.00000
28973,21150,-1,0.00000
28973,15893,-1,0.00000
29043,1043,-1,0.00000
29043,13806,-1,0.00000
29043,25133,-1,0.00000
29043,36712,-1,0.73372
29043,57972,-1,0.00000
29083,33547,-1,0.00000
29083,18165,-1,0.00000
29083,21150,-1,0.00000
29083,15893,-1,0.00000
29150,1043,-1,0.56301
29150,13806,-1,0.00000
29150,25133,-1,0.00000
29150,36712,-1,0.00000
29150,57972,-1,0.00000
29192,33547,-1,0.00000
29192,18165,-1,0.14248
29192,21150,-1,0.00000
29192,15893,-1,0.17778
29250,1043,-1,0.00000
29250,13806,-1,0.00000
29250,25133,-1,0.00000
29250,36712,-1,0.00000
29250,57972,-1,0.00000
29302,33547,-1,0.00000
29302,18165,-1,0.00000
29302,21150,-1,0.00000
29302,15893,-1,0.00000
29360,1043,-1,0.00000
29360,13806,-1,0.43786
29360,25133,-1,0.13250
29360,36712,-1,0.00000
29360,57972,-1,0.00000
29403,33547,-1,0.00000
29403,18165,-1,0.00000
29403,21150,-1,0.00000
29403,15893,-1,0.00000
29470,1043,-1,0.00000
29470,13806,-1,0.00000
29470,25133,-1,0.00000
29470,36712,-1,0.00000
29470,57972,-1,0.00000
29504,33547,-1,0.00000
29504,18165,-1,0.00000
29504,21150,-1,0.38175
29504,15893,-1,0.00000
29574,1043,-1,0.00000
29574,13806,-1,0.00000
29574,25133,-1,0.00000
29574,36712,-1,0.00000
29574,57972,-1,0.09360
29612,33547,-1,0.00000
29612,18165,-1,0.00000
29612,21150,-1,0.00000
29612,15893,-1,0.00000
29680,1043,-1,0.00000
29680,13806,-1,0.00000
29680,25133,-1,0.00000
29680,36712,-1,0.57355
29680,57972,-1,0.41781
29722,33547,-1,0.21530
29722,18165,-1,0.00000
29722,21150,-1,0.00000
29722,15893,-1,0.00000
29780,1043,-1,0.00000
29780,13806,-1,0.00000
29780,25133,-1,0.00000
29780,36712,-1,0.00000
29780,57972,-1,0.00000
29832,33547,-1,0.00000
29832,18165,-1,0.11653
29832,21150,-1,0.00000
29832,15893,-1,0.00000
29882,1043,-1,0.78210
29882,13806,-1,0.00000
29882,25133,-1,0.00000
29882,36712,-1,0.00000
29882,57972,-1,0.00000
29933,33547,-1,0.00000
29933,18165,-1,0.00000
29933,21150,-1,0.00000
29933,15893,-1,0.00000
29991,1043,-1,0.00000
29991,13806,-1,0.00000
29991,25133,-1,0.10421
29991,36712,-1,0.00000
29991,57972,-1,0.00000
30042,33547,-1,0.00000
30042,18165,-1,0.00000
30042,21150,-1,0.00000
30042,15893,-1,0.19909
30091,1043,-1,0.00000
30091,13806,-1,0.00000
30091,25133,-1,0.00000
30091,36712,-1,0.00000
30091,57972,-1,0.00000
30143,33547,-1,0.00000
30143,18165,-1,0.00000
30143,21150,-1,0.00000
30143,15893,-1,0.00000
30200,1043,-1,0.00000
30200,13806,-1,0.59284
30200,25133,-1,0.00000
30200,36712,-1,0.59979
30200,57972,-1,0.00000
30253,33547,-1,0.00000
30253,18165,-1,0.00000
30253,21150,-1,0.06175
30253,15893,-1,0.00000
30301,1043,-1,0.00000
30301,13806,-1,0.00000
30301,25133,-1,0.00000
30301,36712,-1,0.00000
30301,57972,-1,0.00000
30363,33547,-1,0.17762
30363,18165,-1,0.00000
30363,21150,-1,0.28976
30363,15893,-1,0.00000
30411,1043,-1,0.00000
30411,13806,-1,0.00000
30411,25133,-1,0.00000
30411,36712,-1,0.00000
30411,57972,-1,0.00000
30473,33547,-1,0.00000
30473,18165,-1,0.00000
30473,21150,-1,0.00000
30473,15893,-1,0.00000
30511,1043,-1,0.65433
30511,13806,-1,0.00000
30511,25133,-1,0.00000
30511,36712,-1,0.00000
30511,57972,-1,0.53659
30582,33547,-1,0.00000
30582,18165,-1,0.02551
30582,21150,-1,0.00000
30582,15893,-1,0.00000
30620,1043,-1,0.00000
30620,13806,-1,0.00000
30620,25133,-1,0.00000
30620,36712,-1,0.00000
30620,57972,-1,0.00000
30683,33547,-1,0.00000
30683,18165,-1,0.12769
30683,21150,-1,0.00000
30683,15893,-1,0.00000
30730,1043,-1,0.00000
30730,13806,-1,0.00000
30730,25133,-1,0.02537
30730,36712,-1,0.00000
30730,57972,-1,0.00000
30783,33547,-1,0.00000
30783,18165,-1,0.00000
30783,21150,-1,0.00000
30783,15893,-1,0.00000
30834,1043,-1,0.00000
30834,13806,-1,0.00000
30834,25133,-1,0.12359
30834,36712,-1,0.63275
30834,57972,-1,0.00000
30884,33547,-1,0.00000
30884,18165,-1,0.00000
30884,21150,-1,0.31351
30884,15893,-1,0.23389
30940,1043,-1,0.00000
30940,13806,-1,0.00000
30940,25133,-1,0.00000
30940,36712,-1,0.00000
30940,57972,-1,0.00000
30992,33547,-1,0.00000
30992,18165,-1,0.00000
30992,21150,-1,0.00000
30992,15893,-1,0.00000
31040,1043,-1,0.00000
31040,13806,-1,0.11524
31040,25133,-1,0.00000
31040,36712,-1,0.00000
31040,57972,-1,0.00000
31103,33547,-1,0.03792
31103,18165,-1,0.00000
31103,21150,-1,0.00000
31103,15893,-1,0.00000
31151,1043,-1,0.00000
31151,13806,-1,0.48277
31151,25133,-1,0.00000
31151,36712,-1,0.00000
31151,57972,-1,0.35275
31212,33547,-1,0.17915
31212,18165,-1,0.10375
31212,21150,-1,0.00000
31212,15893,-1,0.00000
31260,1043,-1,0.00000
31260,13806,-1,0.00000
31260,25133,-1,0.00000
31260,36712,-1,0.00000
31260,57972,-1,0.00000
31313,33547,-1,0.00000
31313,18165,-1,0.00000
31313,21150,-1,0.00000
31313,15893,-1,0.00000
31361,1043,-1,0.79798
31361,13806,-1,0.00000
31361,25133,-1,0.00000
31361,36712,-1,0.00000
31361,57972,-1,0.00000
31414,33547,-1,0.00000
31414,18165,-1,0.00000
31414,21150,-1,0.00000
31414,15893,-1,0.00000
31470,1043,-1,0.00000
31470,13806,-1,0.00000
31470,25133,-1,0.11658
31470,36712,-1,0.00000
31470,57972,-1,0.00000
31522,33547,-1,0.00000
31522,18165,-1,0.00000
31522,21150,-1,0.00000
31522,15893,-1,0.16563
31571,1043,-1,0.00000
31571,13806,-1,0.00000
31571,25133,-1,0.00000
31571,36712,-1,0.00000
31571,57972,-1,0.00000
31623,33547,-1,0.00000
31623,18165,-1,0.00000
31623,21150,-1,0.00000
31623,15893,-1,0.00000
31672,1043,-1,0.00000
31672,13806,-1,0.00000
31672,25133,-1,0.00000
31672,36712,-1,0.79111
31672,57972,-1,0.43594
31734,33547,-1,0.00000
31734,18165,-1,0.00000
31734,21150,-1,0.31890
31734,15893,-1,0.00000
31780,1043,-1,0.00000
31780,13806,-1,0.00000
31780,25133,-1,0.00000
31780,36712,-1,0.00000
31780,57972,-1,0.00000
31842,33547,-1,0.00000
31842,18165,-1,0.10893
31842,21150,-1,0.00000
31842,15893,-1,0.00000
31880,1043,-1,0.00000
31880,13806,-1,0.11462
31880,25133,-1,0.00000
31880,36712,-1,0.00000
31880,57972,-1,0.00000
31944,33547,-1,0.00000
31944,18165,-1,0.00000
31944,21150,-1,0.00000
31944,15893,-1,0.00000
31990,1043,-1,0.59784
31990,13806,-1,0.48581
31990,25133,-1,0.00000
31990,36712,-1,0.00000
31990,57972,-1,0.00000
32053,33547,-1,0.00000
32053,18165,-1,0.00000
32053,21150,-1,0.00000
32053,15893,-1,0.00000
32100,1043,-1,0.00000
32100,13806,-1,0.00000
32100,25133,-1,0.00000
32100,36712,-1,0.00000
32100,57972,-1,0.00000
32163,33547,-1,0.00000
32163,18165,-1,0.00000
32163,21150,-1,0.00000
32163,15893,-1,0.00000
32200,1043,-1,0.00000
32200,13806,-1,0.00000
32200,25133,-1,0.15597
32200,36712,-1,0.00000
32200,57972,-1,0.00000
32272,33547,-1,0.00000
32272,18165,-1,0.00000
32272,21150,-1,0.00000
32272,15893,-1,0.17763
32301,1043,-1,0.00000
32301,13806,-1,0.00000
32301,25133,-1,0.00000
32301,36712,-1,0.57948
32301,57972,-1,0.00000
32382,33547,-1,0.00000
32382,18165,-1,0.00000
32382,21150,-1,0.25567
32382,15893,-1,0.00000
32402,1043,-1,0.00000
32402,13806,-1,0.00000
32402,25133,-1,0.00000
32402,36712,-1,0.00000
32402,57972,-1,0.00000
32483,33547,-1,0.00000
32483,18165,-1,0.00000
32483,21150,-1,0.00000
32483,15893,-1,0.00000
32510,1043,-1,0.00000
32510,13806,-1,0.00000
32510,25133,-1,0.00000
32510,36712,-1,0.00000
32510,57972,-1,0.49525
32592,33547,-1,0.03874
32592,18165,-1,0.00000
32592,21150,-1,0.00000
32592,15893,-1,0.00000
32620,1043,-1,0.00000
32620,13806,-1,0.48704
32620,25133,-1,0.00000
32620,36712,-1,0.00000
32620,57972,-1,0.00000
32692,33547,-1,0.17912
32692,18165,-1,0.12797
32692,21150,-1,0.00000
32692,15893,-1,0.00000
32731,1043,-1,0.12901
32731,13806,-1,0.00000
32731,25133,-1,0.00000
32731,36712,-1,0.00000
32731,57972,-1,0.00000
32803,33547,-1,0.00000
32803,18165,-1,0.00000
32803,21150,-1,0.00000
32803,15893,-1,0.00000
32840,1043,-1,0.60157
32840,13806,-1,0.00000
32840,25133,-1,0.00000
32840,36712,-1,0.60157
32840,57972,-1,0.00000
32913,33547,-1,0.00000
32913,18165,-1,0.00000
32913,21150,-1,0.00000
32913,15893,-1,0.03842
32940,1043,-1,0.00000
32940,13806,-1,0.00000
32940,25133,-1,0.00000
32940,36712,-1,0.00000
32940,57972,-1,0.00000
33013,33547,-1,0.00000
33013,18165,-1,0.00000
33013,21150,-1,0.31673
33013,15893,-1,0.00000
33040,1043,-1,0.00000
33040,13806,-1,0.00000
33040,25133,-1,0.02788
33040,36712,-1,0.00000
33040,57972,-1,0.00000
33122,33547,-1,0.00000
33122,18165,-1,0.00000
33122,21150,-1,0.00000
33122,15893,-1,0.00000
33150,1043,-1,0.00000
33150,13806,-1,0.00000
33150,25133,-1,0.11628
33150,36712,-1,0.00000
33150,57972,-1,0.39981
33233,33547,-1,0.00000
33233,18165,-1,0.02520
33233,21150,-1,0.00000
33233,15893,-1,0.17568
33251,1043,-1,0.00000
33251,13806,-1,0.00000
33251,25133,-1,0.00000
33251,36712,-1,0.00000
33251,57972,-1,0.00000
33342,33547,-1,0.00000
33342,18165,-1,0.11728
33342,21150,-1,0.00000
33342,15893,-1,0.00000
33351,1043,-1,0.65537
33351,13806,-1,0.58605
33351,25133,-1,0.00000
33351,36712,-1,0.00000
33351,57972,-1,0.00000
33453,33547,-1,0.00000
33453,18165,-1,0.00000
33453,21150,-1,0.00000
33453,15893,-1,0.00000
33461,1043,-1,0.00000
33461,13806,-1,0.00000
33461,25133,-1,0.00000
33461,36712,-1,0.00000
33461,57972,-1,0.00000
33561,1043,-1,0.00000
33561,13806,-1,0.00000
33561,25133,-1,0.00000
33561,36712,-1,0.00000
33561,57972,-1,0.00000
33563,33547,-1,0.03820
33563,18165,-1,0.00000
33563,21150,-1,0.00000
33563,15893,-1,0.00000
33663,1043,-1,0.00000
33663,13806,-1,0.00000
33663,25133,-1,0.00000
33663,36712,-1,0.72900
33663,57972,-1,0.00000
33674,33547,-1,0.15740
33674,18165,-1,0.00000
33674,21150,-1,0.00000
33674,15893,-1,0.00000
33765,1043,-1,0.00000
33765,13806,-1,0.00000
33765,25133,-1,0.11598
33765,36712,-1,0.00000
33765,57972,-1,0.00000
33782,33547,-1,0.00000
33782,18165,-1,0.00000
33782,21150,-1,0.00000
33782,15893,-1,0.00000
33872,1043,-1,0.00000
33872,13806,-1,0.00000
33872,25133,-1,0.00000
33872,36712,-1,0.00000
33872,57972,-1,0.00000
33883,33547,-1,0.00000
33883,18165,-1,0.00000
33883,21150,-1,0.06685
33883,15893,-1,0.00000
33973,1043,-1,0.00000
33973,13806,-1,0.47832
33973,25133,-1,0.00000
33973,36712,-1,0.00000
33973,57972,-1,0.09668
33994,33547,-1,0.00000
33994,18165,-1,0.00000
33994,21150,-1,0.28789
33994,15893,-1,0.17648
34080,1043,-1,0.00000
34080,13806,-1,0.00000
34080,25133,-1,0.00000
34080,36712,-1,0.00000
34080,57972,-1,0.00000
34104,33547,-1,0.00000
34104,18165,-1,0.00000
34104,21150,-1,0.00000
34104,15893,-1,0.00000
34181,1043,-1,0.00000
34181,13806,-1,0.00000
34181,25133,-1,0.00000
34181,36712,-1,0.00000
34181,57972,-1,0.00000
34208,33547,-1,0.00000
34208,18165,-1,0.02688
34208,21150,-1,0.00000
34208,15893,-1,0.00000
34291,1043,-1,0.67825
34291,13806,-1,0.00000
34291,25133,-1,0.00000
34291,36712,-1,0.59461
34291,57972,-1,0.00000
34314,33547,-1,0.00000
34314,18165,-1,0.12134
34314,21150,-1,0.00000
34314,15893,-1,0.00000
34400,1043,-1,0.00000
34400,13806,-1,0.00000
34400,25133,-1,0.00000
34400,36712,-1,0.00000
34400,57972,-1,0.00000
34422,33547,-1,0.00000
34422,18165,-1,0.00000
34422,21150,-1,0.00000
34422,15893,-1,0.00000
34501,1043,-1,0.00000
34501,13806,-1,0.00000
34501,25133,-1,0.02767
34501,36712,-1,0.00000
34501,57972,-1,0.00000
34524,33547,-1,0.00000
34524,18165,-1,0.00000
34524,21150,-1,0.00000
34524,15893,-1,0.00000
34610,1043,-1,0.00000
34610,13806,-1,0.00000
34610,25133,-1,0.10342
34610,36712,-1,0.00000
34610,57972,-1,0.00000
34633,33547,-1,0.21820
34633,18165,-1,0.00000
34633,21150,-1,0.00000
34633,15893,-1,0.00000
34711,1043,-1,0.00000
34711,13806,-1,0.00000
34711,25133,-1,0.00000
34711,36712,-1,0.00000
34711,57972,-1,0.00000
34742,33547,-1,0.00000
34742,18165,-1,0.00000
34742,21150,-1,0.28903
34742,15893,-1,0.00000
34821,1043,-1,0.00000
34821,13806,-1,0.58550
34821,25133,-1,0.00000
34821,36712,-1,0.00000
34821,57972,-1,0.00000
34852,33547,-1,0.00000
34852,18165,-1,0.00000
34852,21150,-1,0.00000
34852,15893,-1,0.00000
34931,1043,-1,0.59665
34931,13806,-1,0.00000
34931,25133,-1,0.00000
34931,36712,-1,0.00000
34931,57972,-1,0.00000
34954,33547,-1,0.00000
34954,18165,-1,0.11070
34954,21150,-1,0.00000
34954,15893,-1,0.04148
35031,1043,-1,0.00000
35031,13806,-1,0.00000
35031,25133,-1,0.00000
35031,36712,-1,0.00000
35031,57972,-1,0.00000
35062,33547,-1,0.00000
35062,18165,-1,0.00000
35062,21150,-1,0.00000
35062,15893,-1,0.00000
35140,1043,-1,0.00000
35140,13806,-1,0.00000
35140,25133,-1,0.00000
35140,36712,-1,0.13138
35140,57972,-1,0.36577
35163,33547,-1,0.00000
35163,18165,-1,0.00000
35163,21150,-1,0.00000
35163,15893,-1,0.00000
35251,1043,-1,0.00000
35251,13806,-1,0.00000
35251,25133,-1,0.00000
35251,36712,-1,0.59531
35251,57972,-1,0.00000
35272,33547,-1,0.00000
35272,18165,-1,0.00000
35272,21150,-1,0.00000
35272,15893,-1,0.00000
35351,1043,-1,0.00000
35351,13806,-1,0.00000
35351,25133,-1,0.00000
35351,36712,-1,0.00000
35351,57972,-1,0.00000
35372,33547,-1,0.19434
35372,18165,-1,0.00000
35372,21150,-1,0.00000
35372,15893,-1,0.00000
35460,1043,-1,0.00000
35460,13806,-1,0.11294
35460,25133,-1,0.00000
35460,36712,-1,0.00000
35460,57972,-1,0.00000
35482,33547,-1,0.00000
35482,18165,-1,0.00000
35482,21150,-1,0.00000
35482,15893,-1,0.00000
35560,1043,-1,0.69648
35560,13806,-1,0.00000
35560,25133,-1,0.00000
35560,36712,-1,0.00000
35560,57972,-1,0.00000
35582,33547,-1,0.00000
35582,18165,-1,0.00000
35582,21150,-1,0.06770
35582,15893,-1,0.00000
35670,1043,-1,0.00000
35670,13806,-1,0.00000
35670,25133,-1,0.00000
35670,36712,-1,0.00000
35670,57972,-1,0.00000
35693,33547,-1,0.00000
35693,18165,-1,0.00000
35693,21150,-1,0.28771
35693,15893,-1,0.17637
35780,1043,-1,0.00000
35780,13806,-1,0.00000
35780,25133,-1,0.12810
35780,36712,-1,0.00000
35780,57972,-1,0.00000
35802,33547,-1,0.00000
35802,18165,-1,0.00000
35802,21150,-1,0.00000
35802,15893,-1,0.00000
35891,1043,-1,0.00000
35891,13806,-1,0.00000
35891,25133,-1,0.00000
35891,36712,-1,0.00000
35891,57972,-1,0.00000
35912,33547,-1,0.00000
35912,18165,-1,0.02546
35912,21150,-1,0.00000
35912,15893,-1,0.00000
36000,1043,-1,0.00000
36000,13806,-1,0.00000
36000,25133,-1,0.00000
36000,36712,-1,0.00000
36000,57972,-1,0.00000
36012,33547,-1,0.00000
36012,18165,-1,0.12763
36012,21150,-1,0.00000
36012,15893,-1,0.00000
36100,1043,-1,0.15337
36100,13806,-1,0.57261
36100,25133,-1,0.00000
36100,36712,-1,0.00000
36100,57972,-1,0.43952
36122,33547,-1,0.00000
36122,18165,-1,0.00000
36122,21150,-1,0.00000
36122,15893,-1,0.00000
36201,1043,-1,0.00000
36201,13806,-1,0.00000
36201,25133,-1,0.00000
36201,36712,-1,0.00000
36201,57972,-1,0.00000
36222,33547,-1,0.04222
36222,18165,-1,0.00000
36222,21150,-1,0.00000
36222,15893,-1,0.00000
36302,1043,-1,0.00000
36302,13806,-1,0.00000
36302,25133,-1,0.00000
36302,36712,-1,0.14265
36302,57972,-1,0.00000
36322,33547,-1,0.19390
36322,18165,-1,0.00000
36322,21150,-1,0.28060
36322,15893,-1,0.00000
36411,1043,-1,0.63797
36411,13806,-1,0.52538
36411,25133,-1,0.00000
36411,36712,-1,0.00000
36411,57972,-1,0.00000
36432,33547,-1,0.00000
36432,18165,-1,0.00000
36432,21150,-1,0.00000
36432,15893,-1,0.00000
36511,1043,-1,0.00000
36511,13806,-1,0.00000
36511,25133,-1,0.00000
36511,36712,-1,0.00000
36511,57972,-1,0.00000
36532,33547,-1,0.00000
36532,18165,-1,0.00000
36532,21150,-1,0.00000
36532,15893,-1,0.04221
36621,1043,-1,0.00000
36621,13806,-1,0.00000
36621,25133,-1,0.11685
36621,36712,-1,0.13086
36621,57972,-1,0.00000
36633,33547,-1,0.00000
36633,18165,-1,0.11752
36633,21150,-1,0.00000
36633,15893,-1,0.17879
36730,1043,-1,0.00000
36730,13806,-1,0.00000
36730,25133,-1,0.00000
36730,36712,-1,0.59914
36730,57972,-1,0.00000
36742,33547,-1,0.00000
36742,18165,-1,0.00000
36742,21150,-1,0.00000
36742,15893,-1,0.00000
36833,1043,-1,0.00000
36833,13806,-1,0.00000
36833,25133,-1,0.00000
36833,36712,-1,0.00000
36833,57972,-1,0.00000
36842,33547,-1,0.00000
36842,18165,-1,0.00000
36842,21150,-1,0.00000
36842,15893,-1,0.00000
36940,1043,-1,0.58014
36940,13806,-1,0.00000
36940,25133,-1,0.00000
36940,36712,-1,0.00000
36940,57972,-1,0.49913
36943,33547,-1,0.00000
36943,18165,-1,0.00000
36943,21150,-1,0.28586
36943,15893,-1,0.00000
37040,1043,-1,0.00000
37040,13806,-1,0.00000
37040,25133,-1,0.00000
37040,36712,-1,0.00000
37040,57972,-1,0.00000
37053,33547,-1,0.00000
37053,18165,-1,0.00000
37053,21150,-1,0.00000
37053,15893,-1,0.00000
37150,1043,-1,0.00000
37150,13806,-1,0.00000
37150,25133,-1,0.02538
37150,36712,-1,0.00000
37150,57972,-1,0.00000
37162,33547,-1,0.00000
37162,18165,-1,0.00000
37162,21150,-1,0.00000
37162,15893,-1,0.00000
37260,1043,-1,0.00000
37260,13806,-1,0.00000
37260,25133,-1,0.11633
37260,36712,-1,0.59560
37260,57972,-1,0.00000
37272,33547,-1,0.00000
37272,18165,-1,0.00000
37272,21150,-1,0.00000
37272,15893,-1,0.00000
37362,1043,-1,0.00000
37362,13806,-1,0.00000
37362,25133,-1,0.00000
37362,36712,-1,0.00000
37362,57972,-1,0.00000
37372,33547,-1,0.00000
37372,18165,-1,0.00000
37372,21150,-1,0.00000
37372,15893,-1,0.00000
37471,1043,-1,0.14164
37471,13806,-1,0.52881
37471,25133,-1,0.00000
37471,36712,-1,0.00000
37471,57972,-1,0.40589
37473,33547,-1,0.00000
37473,18165,-1,0.00000
37473,21150,-1,0.00000
37473,15893,-1,0.04196
37580,1043,-1,0.00000
37580,13806,-1,0.00000
37580,25133,-1,0.00000
37580,36712,-1,0.00000
37580,57972,-1,0.00000
37583,33547,-1,0.00000
37583,18165,-1,0.00000
37583,21150,-1,0.00000
37583,15893,-1,0.00000
37680,1043,-1,0.00000
37680,13806,-1,0.00000
37680,25133,-1,0.00000
37680,36712,-1,0.00000
37680,57972,-1,0.00000
37692,33547,-1,0.00000
37692,18165,-1,0.00000
37692,21150,-1,0.00000
37692,15893,-1,0.00000
37780,1043,-1,0.84982
37780,13806,-1,0.00000
37780,25133,-1,0.00000
37780,36712,-1,0.65531
37780,57972,-1,0.00000
37793,33547,-1,0.04215
37793,18165,-1,0.00000
37793,21150,-1,0.00000
37793,15893,-1,0.00000
37890,1043,-1,0.00000
37890,13806,-1,0.00000
37890,25133,-1,0.00000
37890,36712,-1,0.00000
37890,57972,-1,0.00000
37902,33547,-1,0.16357
37902,18165,-1,0.11686
37902,21150,-1,0.00000
37902,15893,-1,0.00000
37992,1043,-1,0.00000
37992,13806,-1,0.00000
37992,25133,-1,0.02727
37992,36712,-1,0.00000
37992,57972,-1,0.00000
38002,33547,-1,0.00000
38002,18165,-1,0.00000
38002,21150,-1,0.00000
38002,15893,-1,0.00000
38101,1043,-1,0.00000
38101,13806,-1,0.00000
38101,25133,-1,0.11773
38101,36712,-1,0.00000
38101,57972,-1,0.35790
38112,33547,-1,0.00000
38112,18165,-1,0.00000
38112,21150,-1,0.06163
38112,15893,-1,0.00000
38210,1043,-1,0.00000
38210,13806,-1,0.00000
38210,25133,-1,0.00000
38210,36712,-1,0.00000
38210,57972,-1,0.00000
38213,33547,-1,0.00000
38213,18165,-1,0.00000
38213,21150,-1,0.31730
38213,15893,-1,0.19451
38311,1043,-1,0.00000
38311,13806,-1,0.12154
38311,25133,-1,0.00000
38311,36712,-1,0.00000
38311,57972,-1,0.00000
38323,33547,-1,0.00000
38323,18165,-1,0.00000
38323,21150,-1,0.00000
38323,15893,-1,0.00000
38420,1043,-1,0.00000
38420,13806,-1,0.47899
38420,25133,-1,0.00000
38420,36712,-1,0.00000
38420,57972,-1,0.00000
38433,33547,-1,0.00000
38433,18165,-1,0.00000
38433,21150,-1,0.00000
38433,15893,-1,0.00000
38521,1043,-1,0.00000
38521,13806,-1,0.00000
38521,25133,-1,0.00000
38521,36712,-1,0.00000
38521,57972,-1,0.00000
38545,33547,-1,0.00000
38545,18165,-1,0.00000
38545,21150,-1,0.28472
38545,15893,-1,0.00000
38622,1043,-1,0.15182
38622,13806,-1,0.00000
38622,25133,-1,0.00000
38622,36712,-1,0.00000
38622,57972,-1,0.00000
38653,33547,-1,0.00000
38653,18165,-1,0.00000
38653,21150,-1,0.00000
38653,15893,-1,0.00000
38730,1043,-1,0.59750
38730,13806,-1,0.00000
38730,25133,-1,0.10907
38730,36712,-1,0.00000
38730,57972,-1,0.00000
38762,33547,-1,0.17806
38762,18165,-1,0.02554
38762,21150,-1,0.00000
38762,15893,-1,0.00000
38831,1043,-1,0.00000
38831,13806,-1,0.00000
38831,25133,-1,0.00000
38831,36712,-1,0.00000
38831,57972,-1,0.00000
38872,33547,-1,0.00000
38872,18165,-1,0.10248
38872,21150,-1,0.00000
38872,15893,-1,0.00000
38940,1043,-1,0.00000
38940,13806,-1,0.00000
38940,25133,-1,0.00000
38940,36712,-1,0.55629
38940,57972,-1,0.08959
38972,33547,-1,0.00000
38972,18165,-1,0.00000
38972,21150,-1,0.00000
38972,15893,-1,0.00000
39040,1043,-1,0.00000
39040,13806,-1,0.00000
39040,25133,-1,0.00000
39040,36712,-1,0.00000
39040,57972,-1,0.43988
39073,33547,-1,0.00000
39073,18165,-1,0.00000
39073,21150,-1,0.00000
39073,15893,-1,0.00000
39150,1043,-1,0.00000
39150,13806,-1,0.00000
39150,25133,-1,0.00000
39150,36712,-1,0.00000
39150,57972,-1,0.00000
39173,33547,-1,0.00000
39173,18165,-1,0.00000
39173,21150,-1,0.00000
39173,15893,-1,0.00000
39260,1043,-1,0.56772
39260,13806,-1,0.63283
39260,25133,-1,0.00000
39260,36712,-1,0.00000
39260,57972,-1,0.00000
39283,33547,-1,0.00000
39283,18165,-1,0.00000
39283,21150,-1,0.00000
39283,15893,-1,0.00000
39370,1043,-1,0.00000
39370,13806,-1,0.00000
39370,25133,-1,0.00000
39370,36712,-1,0.00000
39370,57972,-1,0.00000
39392,33547,-1,0.00000
39392,18165,-1,0.00000
39392,21150,-1,0.35106
39392,15893,-1,0.00000
39470,1043,-1,0.00000
39470,13806,-1,0.00000
39470,25133,-1,0.00000
39470,36712,-1,0.00000
39470,57972,-1,0.00000
39496,33547,-1,0.18801
39496,18165,-1,0.00000
39496,21150,-1,0.00000
39496,15893,-1,0.00000
39572,1043,-1,0.00000
39572,13806,-1,0.00000
39572,25133,-1,0.15342
39572,36712,-1,0.64491
39572,57972,-1,0.00000
39603,33547,-1,0.00000
39603,18165,-1,0.00000
39603,21150,-1,0.00000
39603,15893,-1,0.00000
39680,1043,-1,0.00000
39680,13806,-1,0.00000
39680,25133,-1,0.00000
39680,36712,-1,0.00000
39680,57972,-1,0.00000
39712,33547,-1,0.00000
39712,18165,-1,0.00000
39712,21150,-1,0.00000
39712,15893,-1,0.21706
39781,1043,-1,0.00000
39781,13806,-1,0.00000
39781,25133,-1,0.00000
39781,36712,-1,0.00000
39781,57972,-1,0.00000
39813,33547,-1,0.00000
39813,18165,-1,0.12742
39813,21150,-1,0.00000
39813,15893,-1,0.00000
39892,1043,-1,0.00000
39892,13806,-1,0.51757
39892,25133,-1,0.00000
39892,36712,-1,0.00000
39892,57972,-1,0.48509
39913,33547,-1,0.00000
39913,18165,-1,0.00000
39913,21150,-1,0.00000
39913,15893,-1,0.00000
40000,1043,-1,0.00000
40000,13806,-1,0.00000
40000,25133,-1,0.00000
40000,36712,-1,0.00000
40000,57972,-1,0.00000
40023,33547,-1,0.00000
40023,18165,-1,0.00000
40023,21150,-1,0.00000
40023,15893,-1,0.00000
40111,1043,-1,0.00000
40111,13806,-1,0.00000
40111,25133,-1,0.00000
40111,36712,-1,0.00000
40111,57972,-1,0.00000
40124,33547,-1,0.00000
40124,18165,-1,0.00000
40124,21150,-1,0.27918
40124,15893,-1,0.00000
40222,1043,-1,0.76115
40222,13806,-1,0.00000
40222,25133,-1,0.11464
40222,36712,-1,0.00000
40222,57972,-1,0.00000
40232,33547,-1,0.00000
40232,18165,-1,0.00000
40232,21150,-1,0.00000
40232,15893,-1,0.00000
40330,1043,-1,0.00000
40330,13806,-1,0.00000
40330,25133,-1,0.00000
40330,36712,-1,0.00000
40330,57972,-1,0.00000
40332,33547,-1,0.19403
40332,18165,-1,0.02783
40332,21150,-1,0.00000
40332,15893,-1,0.00000
40441,1043,-1,0.00000
40441,13806,-1,0.00000
40441,25133,-1,0.00000
40441,36712,-1,0.72479
40441,57972,-1,0.00000
40443,33547,-1,0.00000
40443,18165,-1,0.11576
40443,21150,-1,0.00000
40443,15893,-1,0.00000
40543,33547,-1,0.00000
40543,18165,-1,0.00000
40543,21150,-1,0.00000
40543,15893,-1,0.00000
40551,1043,-1,0.00000
40551,13806,-1,0.00000
40551,25133,-1,0.00000
40551,36712,-1,0.00000
40551,57972,-1,0.35214
40653,1043,-1,0.00000
40653,13806,-1,0.00000
40653,25133,-1,0.00000
40653,36712,-1,0.00000
40653,57972,-1,0.00000
40658,33547,-1,0.00000
40658,18165,-1,0.00000
40658,21150,-1,0.00000
40658,15893,-1,0.00000
40761,1043,-1,0.00000
40761,13806,-1,0.64720
40761,25133,-1,0.00000
40761,36712,-1,0.00000
40761,57972,-1,0.00000
40763,33547,-1,0.00000
40763,18165,-1,0.00000
40763,21150,-1,0.30262
40763,15893,-1,0.18551
40863,33547,-1,0.00000
40863,18165,-1,0.00000
40863,21150,-1,0.00000
40863,15893,-1,0.00000
40871,1043,-1,0.63500
40871,13806,-1,0.00000
40871,25133,-1,0.00000
40871,36712,-1,0.00000
40871,57972,-1,0.00000
40971,1043,-1,0.00000
40971,13806,-1,0.00000
40971,25133,-1,0.00000
40971,36712,-1,0.00000
40971,57972,-1,0.00000
40976,33547,-1,0.17105
40976,18165,-1,0.00000
40976,21150,-1,0.00000
40976,15893,-1,0.00000
41080,1043,-1,0.00000
41080,13806,-1,0.00000
41080,25133,-1,0.14214
41080,36712,-1,0.00000
41080,57972,-1,0.00000
41083,33547,-1,0.00000
41083,18165,-1,0.00000
41083,21150,-1,0.00000
41083,15893,-1,0.00000
41190,1043,-1,0.00000
41190,13806,-1,0.00000
41190,25133,-1,0.00000
41190,36712,-1,0.00000
41190,57972,-1,0.40094
41192,33547,-1,0.00000
41192,18165,-1,0.00000
41192,21150,-1,0.00000
41192,15893,-1,0.00000
41291,1043,-1,0.00000
41291,13806,-1,0.00000
41291,25133,-1,0.00000
41291,36712,-1,0.00000
41291,57972,-1,0.00000
41293,33547,-1,0.00000
41293,18165,-1,0.02771
41293,21150,-1,0.00000
41293,15893,-1,0.00000
41401,1043,-1,0.14704
41401,13806,-1,0.00000
41401,25133,-1,0.00000
41401,36712,-1,0.59755
41401,57972,-1,0.00000
41403,33547,-1,0.00000
41403,18165,-1,0.11626
41403,21150,-1,0.25568
41403,15893,-1,0.00000
41502,1043,-1,0.00000
41502,13806,-1,0.00000
41502,25133,-1,0.00000
41502,36712,-1,0.00000
41502,57972,-1,0.00000
41503,33547,-1,0.00000
41503,18165,-1,0.00000
41503,21150,-1,0.00000
41503,15893,-1,0.00000
41610,1043,-1,0.00000
41610,13806,-1,0.00000
41610,25133,-1,0.00000
41610,36712,-1,0.00000
41610,57972,-1,0.00000
41612,33547,-1,0.00000
41612,18165,-1,0.00000
41612,21150,-1,0.00000
41612,15893,-1,0.03893
41711,1043,-1,0.00000
41711,13806,-1,0.12235
41711,25133,-1,0.11216
41711,36712,-1,0.00000
41711,57972,-1,0.00000
41723,33547,-1,0.16113
41723,18165,-1,0.00000
41723,21150,-1,0.00000
41723,15893,-1,0.16113
41821,1043,-1,0.00000
41821,13806,-1,0.00000
41821,25133,-1,0.00000
41821,36712,-1,0.00000
41821,57972,-1,0.00000
41824,33547,-1,0.00000
41824,18165,-1,0.00000
41824,21150,-1,0.00000
41824,15893,-1,0.00000
41930,1043,-1,0.00000
41930,13806,-1,0.00000
41930,25133,-1,0.00000
41930,36712,-1,0.00000
41930,57972,-1,0.00000
41932,33547,-1,0.00000
41932,18165,-1,0.00000
41932,21150,-1,0.00000
41932,15893,-1,0.00000
42031,1043,-1,0.75403
42031,13806,-1,0.00000
42031,25133,-1,0.00000
42031,36712,-1,0.65239
42031,57972,-1,0.09686
42033,33547,-1,0.00000
42033,18165,-1,0.11713
42033,21150,-1,0.00000
42033,15893,-1,0.00000
42140,1043,-1,0.00000
42140,13806,-1,0.00000
42140,25133,-1,0.00000
42140,36712,-1,0.00000
42140,57972,-1,0.00000
42143,33547,-1,0.00000
42143,18165,-1,0.00000
42143,21150,-1,0.00000
42143,15893,-1,0.00000
42240,1043,-1,0.00000
42240,13806,-1,0.00000
42240,25133,-1,0.00000
42240,36712,-1,0.00000
42240,57972,-1,0.09705
42253,33547,-1,0.00000
42253,18165,-1,0.00000
42253,21150,-1,0.00000
42253,15893,-1,0.00000
42341,1043,-1,0.00000
42341,13806,-1,0.56922
42341,25133,-1,0.00000
42341,36712,-1,0.00000
42341,57972,-1,0.43691
42363,33547,-1,0.00000
42363,18165,-1,0.00000
42363,21150,-1,0.00000
42363,15893,-1,0.17660
42441,1043,-1,0.00000
42441,13806,-1,0.00000
42441,25133,-1,0.00000
42441,36712,-1,0.00000
42441,57972,-1,0.00000
42473,33547,-1,0.00000
42473,18165,-1,0.00000
42473,21150,-1,0.00000
42473,15893,-1,0.00000
42541,1043,-1,0.00000
42541,13806,-1,0.00000
42541,25133,-1,0.02782
42541,36712,-1,0.00000
42541,57972,-1,0.00000
42573,33547,-1,0.00000
42573,18165,-1,0.00000
42573,21150,-1,0.00000
42573,15893,-1,0.00000
42650,1043,-1,0.69601
42650,13806,-1,0.00000
42650,25133,-1,0.11762
42650,36712,-1,0.00000
42650,57972,-1,0.00000
42674,33547,-1,0.17290
42674,18165,-1,0.00000
42674,21150,-1,0.00000
42674,15893,-1,0.00000
42750,1043,-1,0.00000
42750,13806,-1,0.00000
42750,25133,-1,0.00000
42750,36712,-1,0.00000
42750,57972,-1,0.00000
42774,33547,-1,0.00000
42774,18165,-1,0.00000
42774,21150,-1,0.00000
42774,15893,-1,0.00000
42861,1043,-1,0.00000
42861,13806,-1,0.00000
42861,25133,-1,0.00000
42861,36712,-1,0.12999
42861,57972,-1,0.00000
42882,33547,-1,0.00000
42882,18165,-1,0.00000
42882,21150,-1,0.00000
42882,15893,-1,0.00000
42970,1043,-1,0.00000
42970,13806,-1,0.00000
42970,25133,-1,0.00000
42970,36712,-1,0.59871
42970,57972,-1,0.35549
42983,33547,-1,0.00000
42983,18165,-1,0.12770
42983,21150,-1,0.06764
42983,15893,-1,0.00000
43080,1043,-1,0.00000
43080,13806,-1,0.00000
43080,25133,-1,0.00000
43080,36712,-1,0.00000
43080,57972,-1,0.00000
43083,33547,-1,0.00000
43083,18165,-1,0.00000
43083,21150,-1,0.00000
43083,15893,-1,0.00000
43182,1043,-1,0.00000
43182,13806,-1,0.63347
43182,25133,-1,0.11570
43182,36712,-1,0.00000
43182,57972,-1,0.00000
43192,33547,-1,0.00000
43192,18165,-1,0.00000
43192,21150,-1,0.00000
43192,15893,-1,0.00000
43290,1043,-1,0.00000
43290,13806,-1,0.00000
43290,25133,-1,0.00000
43290,36712,-1,0.00000
43290,57972,-1,0.00000
43293,33547,-1,0.04208
43293,18165,-1,0.00000
43293,21150,-1,0.00000
43293,15893,-1,0.19389
43391,1043,-1,0.00000
43391,13806,-1,0.00000
43391,25133,-1,0.00000
43391,36712,-1,0.00000
43391,57972,-1,0.00000
43405,33547,-1,0.00000
43405,18165,-1,0.00000
43405,21150,-1,0.00000
43405,15893,-1,0.00000
43491,1043,-1,0.83600
43491,13806,-1,0.00000
43491,25133,-1,0.00000
43491,36712,-1,0.00000
43491,57972,-1,0.00000
43512,33547,-1,0.00000
43512,18165,-1,0.02590
43512,21150,-1,0.00000
43512,15893,-1,0.00000
43601,1043,-1,0.00000
43601,13806,-1,0.00000
43601,25133,-1,0.00000
43601,36712,-1,0.00000
43601,57972,-1,0.00000
43612,33547,-1,0.19448
43612,18165,-1,0.00000
43612,21150,-1,0.28657
43612,15893,-1,0.00000
43704,1043,-1,0.00000
43704,13806,-1,0.00000
43704,25133,-1,0.00000
43704,36712,-1,0.00000
43704,57972,-1,0.09398
43723,33547,-1,0.00000
43723,18165,-1,0.00000
43723,21150,-1,0.00000
43723,15893,-1,0.00000
43810,1043,-1,0.00000
43810,13806,-1,0.00000
43810,25133,-1,0.00000
43810,36712,-1,0.00000
43810,57972,-1,0.37578
43823,33547,-1,0.00000
43823,18165,-1,0.02792
43823,21150,-1,0.00000
43823,15893,-1,0.00000
43911,1043,-1,0.00000
43911,13806,-1,0.00000
43911,25133,-1,0.00000
43911,36712,-1,0.00000
43911,57972,-1,0.00000
43925,33547,-1,0.00000
43925,18165,-1,0.12485
43925,21150,-1,0.00000
43925,15893,-1,0.16985
44011,1043,-1,0.00000
44011,13806,-1,0.00000
44011,25133,-1,0.02789
44011,36712,-1,0.00000
44011,57972,-1,0.00000
44032,33547,-1,0.00000
44032,18165,-1,0.00000
44032,21150,-1,0.00000
44032,15893,-1,0.00000
44121,1043,-1,0.59487
44121,13806,-1,0.00000
44121,25133,-1,0.00000
44121,36712,-1,0.54843
44121,57972,-1,0.00000
44132,33547,-1,0.00000
44132,18165,-1,0.00000
44132,21150,-1,0.00000
44132,15893,-1,0.00000
44233,1043,-1,0.00000
44233,13806,-1,0.00000
44233,25133,-1,0.00000
44233,36712,-1,0.00000
44233,57972,-1,0.00000
44243,33547,-1,0.17661
44243,18165,-1,0.00000
44243,21150,-1,0.00000
44243,15893,-1,0.00000
44340,1043,-1,0.00000
44340,13806,-1,0.53660
44340,25133,-1,0.02611
44340,36712,-1,0.00000
44340,57972,-1,0.41187
44354,33547,-1,0.00000
44354,18165,-1,0.00000
44354,21150,-1,0.00000
44354,15893,-1,0.00000
44441,1043,-1,0.00000
44441,13806,-1,0.00000
44441,25133,-1,0.00000
44441,36712,-1,0.00000
44441,57972,-1,0.00000
44462,33547,-1,0.00000
44462,18165,-1,0.00000
44462,21150,-1,0.05764
44462,15893,-1,0.00000
44541,1043,-1,0.00000
44541,13806,-1,0.00000
44541,25133,-1,0.02787
44541,36712,-1,0.00000
44541,57972,-1,0.00000
44563,33547,-1,0.00000
44563,18165,-1,0.12778
44563,21150,-1,0.00000
44563,15893,-1,0.19419
44642,1043,-1,0.00000
44642,13806,-1,0.00000
44642,25133,-1,0.12746
44642,36712,-1,0.65258
44642,57972,-1,0.00000
44666,33547,-1,0.00000
44666,18165,-1,0.00000
44666,21150,-1,0.00000
44666,15893,-1,0.00000
44742,1043,-1,0.00000
44742,13806,-1,0.00000
44742,25133,-1,0.00000
44742,36712,-1,0.00000
44742,57972,-1,0.00000
44773,33547,-1,0.00000
44773,18165,-1,0.00000
44773,21150,-1,0.36241
44773,15893,-1,0.00000
44842,1043,-1,0.16121
44842,13806,-1,0.00000
44842,25133,-1,0.00000
44842,36712,-1,0.00000
44842,57972,-1,0.00000
44883,33547,-1,0.00000
44883,18165,-1,0.00000
44883,21150,-1,0.00000
44883,15893,-1,0.00000
44950,1043,-1,0.00000
44950,13806,-1,0.00000
44950,25133,-1,0.00000
44950,36712,-1,0.00000
44950,57972,-1,0.40688
44992,33547,-1,0.00000
44992,18165,-1,0.00000
44992,21150,-1,0.00000
44992,15893,-1,0.00000
45050,1043,-1,0.00000
45050,13806,-1,0.00000
45050,25133,-1,0.00000
45050,36712,-1,0.00000
45050,57972,-1,0.00000
45093,33547,-1,0.23102
45093,18165,-1,0.11216
45093,21150,-1,0.00000
45093,15893,-1,0.00191
45162,1043,-1,0.00000
45162,13806,-1,0.00000
45162,25133,-1,0.00000
45162,36712,-1,0.00000
45162,57972,-1,0.00000
45203,33547,-1,0.00000
45203,18165,-1,0.00000
45203,21150,-1,0.00000
45203,15893,-1,0.00000
45271,1043,-1,0.00000
45271,13806,-1,0.46269
45271,25133,-1,0.11809
45271,36712,-1,0.00000
45271,57972,-1,0.00000
45312,33547,-1,0.00000
45312,18165,-1,0.00000
45312,21150,-1,0.05961
45312,15893,-1,0.00175
45380,1043,-1,0.00000
45380,13806,-1,0.00000
45380,25133,-1,0.00000
45380,36712,-1,0.00000
45380,57972,-1,0.00000
45413,33547,-1,0.00000
45413,18165,-1,0.00000
45413,21150,-1,0.31648
45413,15893,-1,0.00000
45481,1043,-1,0.75493
45481,13806,-1,0.00000
45481,25133,-1,0.00000
45481,36712,-1,0.14287
45481,57972,-1,0.00000
45514,33547,-1,0.00000
45514,18165,-1,0.00000
45514,21150,-1,0.00000
45514,15893,-1,0.00000
45590,1043,-1,0.00000
45590,13806,-1,0.00000
45590,25133,-1,0.00000
45590,36712,-1,0.59812
45590,57972,-1,0.00000
45623,33547,-1,0.00000
45623,18165,-1,0.00000
45623,21150,-1,0.00000
45623,15893,-1,0.03579
45691,1043,-1,0.00000
45691,13806,-1,0.00000
45691,25133,-1,0.00000
45691,36712,-1,0.00000
45691,57972,-1,0.00000
45733,33547,-1,0.00000
45733,18165,-1,0.11635
45733,21150,-1,0.00000
45733,15893,-1,0.17681
45800,1043,-1,0.00000
45800,13806,-1,0.11275
45800,25133,-1,0.11744
45800,36712,-1,0.00000
45800,57972,-1,0.40383
45833,33547,-1,0.00000
45833,18165,-1,0.00000
45833,21150,-1,0.00000
45833,15893,-1,0.00000
45900,1043,-1,0.00000
45900,13806,-1,0.00000
45900,25133,-1,0.00000
45900,36712,-1,0.00000
45900,57972,-1,0.00000
45944,33547,-1,0.03812
45944,18165,-1,0.00000
45944,21150,-1,0.00000
45944,15893,-1,0.00000
46011,1043,-1,0.00000
46011,13806,-1,0.00000
46011,25133,-1,0.00000
46011,36712,-1,0.00000
46011,57972,-1,0.00000
46053,33547,-1,0.17865
46053,18165,-1,0.00000
46053,21150,-1,0.00000
46053,15893,-1,0.17865
46120,1043,-1,0.00000
46120,13806,-1,0.63668
46120,25133,-1,0.00000
46120,36712,-1,0.59925
46120,57972,-1,0.00000
46164,33547,-1,0.00000
46164,18165,-1,0.00000
46164,21150,-1,0.00000
46164,15893,-1,0.00000
46221,1043,-1,0.00000
46221,13806,-1,0.00000
46221,25133,-1,0.00000
46221,36712,-1,0.00000
46221,57972,-1,0.00000
46275,33547,-1,0.00000
46275,18165,-1,0.00000
46275,21150,-1,0.30872
46275,15893,-1,0.00000
46333,1043,-1,0.14467
46333,13806,-1,0.00000
46333,25133,-1,0.00000
46333,36712,-1,0.00000
46333,57972,-1,0.00000
46382,33547,-1,0.00000
46382,18165,-1,0.00000
46382,21150,-1,0.00000
46382,15893,-1,0.00000
46441,1043,-1,0.60793
46441,13806,-1,0.00000
46441,25133,-1,0.00000
46441,36712,-1,0.00000
46441,57972,-1,0.40828
46493,33547,-1,0.00000
46493,18165,-1,0.02533
46493,21150,-1,0.00000
46493,15893,-1,0.00000
46551,1043,-1,0.00000
46551,13806,-1,0.00000
46551,25133,-1,0.00000
46551,36712,-1,0.00000
46551,57972,-1,0.00000
46593,33547,-1,0.17889
46593,18165,-1,0.11758
46593,21150,-1,0.00000
46593,15893,-1,0.00000
46660,1043,-1,0.00000
46660,13806,-1,0.00000
46660,25133,-1,0.02542
46660,36712,-1,0.00000
46660,57972,-1,0.00000
46705,33547,-1,0.00000
46705,18165,-1,0.00000
46705,21150,-1,0.00000
46705,15893,-1,0.00000
46762,1043,-1,0.00000
46762,13806,-1,0.56651
46762,25133,-1,0.12646
46762,36712,-1,0.00000
46762,57972,-1,0.00000
46813,33547,-1,0.00000
46813,18165,-1,0.00000
46813,21150,-1,0.00000
46813,15893,-1,0.00000
46870,1043,-1,0.00000
46870,13806,-1,0.00000
46870,25133,-1,0.00000
46870,36712,-1,0.00000
46870,57972,-1,0.00000
46913,33547,-1,0.00000
46913,18165,-1,0.00000
46913,21150,-1,0.28560
46913,15893,-1,0.04206
46980,1043,-1,0.00000
46980,13806,-1,0.00000
46980,25133,-1,0.00000
46980,36712,-1,0.13057
46980,57972,-1,0.40087
47013,33547,-1,0.00000
47013,18165,-1,0.00000
47013,21150,-1,0.00000
47013,15893,-1,0.00000
47090,1043,-1,0.00000
47090,13806,-1,0.00000
47090,25133,-1,0.00000
47090,36712,-1,0.59431
47090,57972,-1,0.00000
47123,33547,-1,0.00000
47123,18165,-1,0.00000
47123,21150,-1,0.00000
47123,15893,-1,0.20164
47200,1043,-1,0.00000
47200,13806,-1,0.00000
47200,25133,-1,0.00000
47200,36712,-1,0.00000
47200,57972,-1,0.00000
47233,33547,-1,0.00000
47233,18165,-1,0.00000
47233,21150,-1,0.00000
47233,15893,-1,0.00000
47302,1043,-1,0.90393
47302,13806,-1,0.00000
47302,25133,-1,0.00000
47302,36712,-1,0.00000
47302,57972,-1,0.00000
47333,33547,-1,0.00000
47333,18165,-1,0.00000
47333,21150,-1,0.00000
47333,15893,-1,0.00000
47410,1043,-1,0.00000
47410,13806,-1,0.00000
47410,25133,-1,0.11835
47410,36712,-1,0.00000
47410,57972,-1,0.00000
47433,33547,-1,0.19396
47433,18165,-1,0.00000
47433,21150,-1,0.00000
47433,15893,-1,0.00000
47510,1043,-1,0.00000
47510,13806,-1,0.00000
47510,25133,-1,0.00000
47510,36712,-1,0.00000
47510,57972,-1,0.00000
47534,33547,-1,0.00000
47534,18165,-1,0.00000
47534,21150,-1,0.00000
47534,15893,-1,0.00000
47614,1043,-1,0.00000
47614,13806,-1,0.11913
47614,25133,-1,0.00000
47614,36712,-1,0.00000
47614,57972,-1,0.00000
47644,33547,-1,0.00000
47644,18165,-1,0.00000
47644,21150,-1,0.06192
47644,15893,-1,0.00000
47721,1043,-1,0.00000
47721,13806,-1,0.53453
47721,25133,-1,0.00000
47721,36712,-1,0.00000
47721,57972,-1,0.36274
47753,33547,-1,0.00000
47753,18165,-1,0.11747
47753,21150,-1,0.29122
47753,15893,-1,0.00000
47831,1043,-1,0.00000
47831,13806,-1,0.00000
47831,25133,-1,0.00000
47831,36712,-1,0.00000
47831,57972,-1,0.00000
47853,33547,-1,0.00000
47853,18165,-1,0.00000
47853,21150,-1,0.00000
47853,15893,-1,0.00000
47940,1043,-1,0.00000
47940,13806,-1,0.00000
47940,25133,-1,0.00000
47940,36712,-1,0.68287
47940,57972,-1,0.00000
47954,33547,-1,0.04184
47954,18165,-1,0.00000
47954,21150,-1,0.00000
47954,15893,-1,0.00000
48050,1043,-1,0.61448
48050,13806,-1,0.00000
48050,25133,-1,0.00000
48050,36712,-1,0.00000
48050,57972,-1,0.00000
48062,33547,-1,0.00000
48062,18165,-1,0.00000
48062,21150,-1,0.00000
48062,15893,-1,0.17971
48153,1043,-1,0.00000
48153,13806,-1,0.00000
48153,25133,-1,0.00000
48153,36712,-1,0.00000
48153,57972,-1,0.00000
48163,33547,-1,0.00000
48163,18165,-1,0.00000
48163,21150,-1,0.00000
48163,15893,-1,0.00000
48260,1043,-1,0.00000
48260,13806,-1,0.00000
48260,25133,-1,0.13609
48260,36712,-1,0.00000
48260,57972,-1,0.00000
48263,33547,-1,0.04219
48263,18165,-1,0.00000
48263,21150,-1,0.31718
48263,15893,-1,0.00000
48370,1043,-1,0.00000
48370,13806,-1,0.00000
48370,25133,-1,0.00000
48370,36712,-1,0.00000
48370,57972,-1,0.00000
48372,33547,-1,0.17742
48372,18165,-1,0.00000
48372,21150,-1,0.00000
48372,15893,-1,0.00000
48470,1043,-1,0.00000
48470,13806,-1,0.00000
48470,25133,-1,0.00000
48470,36712,-1,0.00000
48470,57972,-1,0.00000
48472,33547,-1,0.00000
48472,18165,-1,0.00000
48472,21150,-1,0.00000
48472,15893,-1,0.00000
48571,1043,-1,0.00000
48571,13806,-1,0.64273
48571,25133,-1,0.00000
48571,36712,-1,0.65325
48571,57972,-1,0.00000
48583,33547,-1,0.00000
48583,18165,-1,0.11568
48583,21150,-1,0.00000
48583,15893,-1,0.03815
48681,1043,-1,0.00000
48681,13806,-1,0.00000
48681,25133,-1,0.00000
48681,36712,-1,0.00000
48681,57972,-1,0.00000
48693,33547,-1,0.00000
48693,18165,-1,0.00000
48693,21150,-1,0.00000
48693,15893,-1,0.15871
48782,1043,-1,0.00000
48782,13806,-1,0.00000
48782,25133,-1,0.00000
48782,36712,-1,0.00000
48782,57972,-1,0.00000
48802,33547,-1,0.00000
48802,18165,-1,0.00000
48802,21150,-1,0.00000
48802,15893,-1,0.00000
48890,1043,-1,0.75674
48890,13806,-1,0.00000
48890,25133,-1,0.00000
48890,36712,-1,0.00000
48890,57972,-1,0.00000
48903,33547,-1,0.00000
48903,18165,-1,0.00000
48903,21150,-1,0.00000
48903,15893,-1,0.00000
48990,1043,-1,0.00000
48990,13806,-1,0.00000
48990,25133,-1,0.00000
48990,36712,-1,0.00000
48990,57972,-1,0.00000
49005,33547,-1,0.00000
49005,18165,-1,0.00000
49005,21150,-1,0.31094
49005,15893,-1,0.00000
49092,1043,-1,0.00000
49092,13806,-1,0.00000
49092,25133,-1,0.00000
49092,36712,-1,0.00000
49092,57972,-1,0.00000
49112,33547,-1,0.00000
49112,18165,-1,0.00000
49112,21150,-1,0.00000
49112,15893,-1,0.00000
49201,1043,-1,0.00000
49201,13806,-1,0.52674
49201,25133,-1,0.14322
49201,36712,-1,0.00000
49201,57972,-1,0.00000
49223,33547,-1,0.21405
49223,18165,-1,0.11574
49223,21150,-1,0.00000
49223,15893,-1,0.00000
49311,1043,-1,0.00000
49311,13806,-1,0.00000
49311,25133,-1,0.00000
49311,36712,-1,0.00000
49311,57972,-1,0.00000
49332,33547,-1,0.00000
49332,18165,-1,0.00000
49332,21150,-1,0.00000
49332,15893,-1,0.00000
49420,1043,-1,0.00000
49420,13806,-1,0.00000
49420,25133,-1,0.00000
49420,36712,-1,0.13059
49420,57972,-1,0.00000
49434,33547,-1,0.00000
49434,18165,-1,0.00000
49434,21150,-1,0.00000
49434,15893,-1,0.04143
49531,1043,-1,0.00000
49531,13806,-1,0.00000
49531,25133,-1,0.00000
49531,36712,-1,0.59456
49531,57972,-1,0.36209
49542,33547,-1,0.00000
49542,18165,-1,0.00000
49542,21150,-1,0.00000
49542,15893,-1,0.18021
49631,1043,-1,0.00000
49631,13806,-1,0.00000
49631,25133,-1,0.00000
49631,36712,-1,0.00000
49631,57972,-1,0.00000
49642,33547,-1,0.00000
49642,18165,-1,0.00000
49642,21150,-1,0.00000
49642,15893,-1,0.00000
49731,1043,-1,0.91796
49731,13806,-1,0.00000
49731,25133,-1,0.00000
49731,36712,-1,0.00000
49731,57972,-1,0.00000
49744,33547,-1,0.00000
49744,18165,-1,0.00000
49744,21150,-1,0.06663
49744,15893,-1,0.00000
49840,1043,-1,0.00000
49840,13806,-1,0.00000
49840,25133,-1,0.11734
49840,36712,-1,0.00000
49840,57972,-1,0.00000
49852,33547,-1,0.00000
49852,18165,-1,0.11832
49852,21150,-1,0.26021
49852,15893,-1,0.00000
49941,1043,-1,0.00000
49941,13806,-1,0.00000
49941,25133,-1,0.00000
49941,36712,-1,0.00000
49941,57972,-1,0.00000
49965,33547,-1,0.00000
49965,18165,-1,0.00000
49965,21150,-1,0.00000
49965,15893,-1,0.00000
50041,1043,-1,0.00000
50041,13806,-1,0.69591
50041,25133,-1,0.00000
50041,36712,-1,0.00000
50041,57972,-1,0.00000
50073,33547,-1,0.03924
50073,18165,-1,0.00000
50073,21150,-1,0.00000
50073,15893,-1,0.00000
50151,1043,-1,0.00000
50151,13806,-1,0.00000
50151,25133,-1,0.00000
50151,36712,-1,0.53184
50151,57972,-1,0.00000
50173,33547,-1,0.19435
50173,18165,-1,0.00000
50173,21150,-1,0.00000
50173,15893,-1,0.19435
50261,1043,-1,0.00000
50261,13806,-1,0.00000
50261,25133,-1,0.00000
50261,36712,-1,0.00000
50261,57972,-1,0.00000
50273,33547,-1,0.00000
50273,18165,-1,0.00000
50273,21150,-1,0.00000
50273,15893,-1,0.00000
50361,1043,-1,0.00000
50361,13806,-1,0.00000
50361,25133,-1,0.00000
50361,36712,-1,0.00000
50361,57972,-1,0.09722
50383,33547,-1,0.00000
50383,18165,-1,0.00000
50383,21150,-1,0.00000
50383,15893,-1,0.00000
50470,1043,-1,0.00000
50470,13806,-1,0.00000
50470,25133,-1,0.00000
50470,36712,-1,0.00000
50470,57972,-1,0.40284
50493,33547,-1,0.00000
50493,18165,-1,0.00000
50493,21150,-1,0.28727
50493,15893,-1,0.00000
50571,1043,-1,0.00000
50571,13806,-1,0.00000
50571,25133,-1,0.00000
50571,36712,-1,0.00000
50571,57972,-1,0.00000
50603,33547,-1,0.00000
50603,18165,-1,0.00000
50603,21150,-1,0.00000
50603,15893,-1,0.00000
50680,1043,-1,0.00000
50680,13806,-1,0.52343
50680,25133,-1,0.14232
50680,36712,-1,0.00000
50680,57972,-1,0.00000
50713,33547,-1,0.00000
50713,18165,-1,0.00000
50713,21150,-1,0.00000
50713,15893,-1,0.00000
50781,1043,-1,0.00000
50781,13806,-1,0.00000
50781,25133,-1,0.00000
50781,36712,-1,0.00000
50781,57972,-1,0.00000
50814,33547,-1,0.00000
50814,18165,-1,0.12673
50814,21150,-1,0.00000
50814,15893,-1,0.00000
50881,1043,-1,0.00000
50881,13806,-1,0.00000
50881,25133,-1,0.00000
50881,36712,-1,0.14274
50881,57972,-1,0.00000
50922,33547,-1,0.00000
50922,18165,-1,0.00000
50922,21150,-1,0.00000
50922,15893,-1,0.00000
50992,1043,-1,0.68300
50992,13806,-1,0.00000
50992,25133,-1,0.00000
50992,36712,-1,0.59094
50992,57972,-1,0.00000
51023,33547,-1,0.00000
51023,18165,-1,0.00000
51023,21150,-1,0.00000
51023,15893,-1,0.00000
51093,1043,-1,0.00000
51093,13806,-1,0.00000
51093,25133,-1,0.00000
51093,36712,-1,0.00000
51093,57972,-1,0.00000
51123,33547,-1,0.19413
51123,18165,-1,0.00000
51123,21150,-1,0.00000
51123,15893,-1,0.17378
51200,1043,-1,0.00000
51200,13806,-1,0.00000
51200,25133,-1,0.00000
51200,36712,-1,0.00000
51200,57972,-1,0.09048
51233,33547,-1,0.00000
51233,18165,-1,0.00000
51233,21150,-1,0.00000
51233,15893,-1,0.00000
51300,1043,-1,0.00000
51300,13806,-1,0.50100
51300,25133,-1,0.00000
51300,36712,-1,0.00000
51300,57972,-1,0.00000
51342,33547,-1,0.00000
51342,18165,-1,0.00000
51342,21150,-1,0.06200
51342,15893,-1,0.00000
51401,1043,-1,0.00000
51401,13806,-1,0.00000
51401,25133,-1,0.00000
51401,36712,-1,0.00000
51401,57972,-1,0.00000
51443,33547,-1,0.00000
51443,18165,-1,0.11758
51443,21150,-1,0.28616
51443,15893,-1,0.00000
51503,1043,-1,0.00000
51503,13806,-1,0.00000
51503,25133,-1,0.02750
51503,36712,-1,0.64599
51503,57972,-1,0.00000
51554,33547,-1,0.00000
51554,18165,-1,0.00000
51554,21150,-1,0.00000
51554,15893,-1,0.00000
51611,1043,-1,0.00000
51611,13806,-1,0.00000
51611,25133,-1,0.11827
51611,36712,-1,0.00000
51611,57972,-1,0.00000
51664,33547,-1,0.00000
51664,18165,-1,0.00000
51664,21150,-1,0.00000
51664,15893,-1,0.03834
51724,1043,-1,0.00000
51724,13806,-1,0.00000
51724,25133,-1,0.00000
51724,36712,-1,0.00000
51724,57972,-1,0.00000
51773,33547,-1,0.16398
51773,18165,-1,0.00000
51773,21150,-1,0.00000
51773,15893,-1,0.16398
51831,1043,-1,0.85720
51831,13806,-1,0.00000
51831,25133,-1,0.00000
51831,36712,-1,0.00000
51831,57972,-1,0.41066
51883,33547,-1,0.00000
51883,18165,-1,0.00000
51883,21150,-1,0.00000
51883,15893,-1,0.00000
51931,1043,-1,0.00000
51931,13806,-1,0.00000
51931,25133,-1,0.00000
51931,36712,-1,0.00000
51931,57972,-1,0.00000
51992,33547,-1,0.00000
51992,18165,-1,0.00000
51992,21150,-1,0.00000
51992,15893,-1,0.00000
52040,1043,-1,0.00000
52040,13806,-1,0.63771
52040,25133,-1,0.00000
52040,36712,-1,0.00000
52040,57972,-1,0.00000
52102,33547,-1,0.00000
52102,18165,-1,0.00000
52102,21150,-1,0.00000
52102,15893,-1,0.00000
52141,1043,-1,0.00000
52141,13806,-1,0.00000
52141,25133,-1,0.00000
52141,36712,-1,0.65206
52141,57972,-1,0.00000
52204,33547,-1,0.00000
52204,18165,-1,0.00000
52204,21150,-1,0.00000
52204,15893,-1,0.00000
52252,1043,-1,0.00000
52252,13806,-1,0.00000
52252,25133,-1,0.00000
52252,36712,-1,0.00000
52252,57972,-1,0.00000
52313,33547,-1,0.00000
52313,18165,-1,0.10316
52313,21150,-1,0.00000
52313,15893,-1,0.00000
52361,1043,-1,0.00000
52361,13806,-1,0.00000
52361,25133,-1,0.14293
52361,36712,-1,0.00000
52361,57972,-1,0.35673
52422,33547,-1,0.00000
52422,18165,-1,0.00000
52422,21150,-1,0.00000
52422,15893,-1,0.00000
52462,1043,-1,0.00000
52462,13806,-1,0.00000
52462,25133,-1,0.00000
52462,36712,-1,0.00000
52462,57972,-1,0.00000
52522,33547,-1,0.00000
52522,18165,-1,0.02783
52522,21150,-1,0.00000
52522,15893,-1,0.00000
52563,1043,-1,0.16016
52563,13806,-1,0.00000
52563,25133,-1,0.00000
52563,36712,-1,0.00000
52563,57972,-1,0.00000
52623,33547,-1,0.19405
52623,18165,-1,0.00000
52623,21150,-1,0.00000
52623,15893,-1,0.00000
52670,1043,-1,0.62953
52670,13806,-1,0.48646
52670,25133,-1,0.00000
52670,36712,-1,0.00000
52670,57972,-1,0.00000
52732,33547,-1,0.00000
52732,18165,-1,0.00000
52732,21150,-1,0.00000
52732,15893,-1,0.00000
52771,1043,-1,0.00000
52771,13806,-1,0.00000
52771,25133,-1,0.00000
52771,36712,-1,0.00000
52771,57972,-1,0.00000
52833,33547,-1,0.00000
52833,18165,-1,0.00000
52833,21150,-1,0.00000
52833,15893,-1,0.04185
52883,1043,-1,0.00000
52883,13806,-1,0.00000
52883,25133,-1,0.00000
52883,36712,-1,0.12791
52883,57972,-1,0.00000
52942,33547,-1,0.00000
52942,18165,-1,0.00000
52942,21150,-1,0.00000
52942,15893,-1,0.17875
52990,1043,-1,0.00000
52990,13806,-1,0.00000
52990,25133,-1,0.10992
52990,36712,-1,0.56394
52990,57972,-1,0.00000
53043,33547,-1,0.00000
53043,18165,-1,0.00000
53043,21150,-1,0.00000
53043,15893,-1,0.00000
53091,1043,-1,0.00000
53091,13806,-1,0.00000
53091,25133,-1,0.00000
53091,36712,-1,0.00000
53091,57972,-1,0.00000
53153,33547,-1,0.00000
53153,18165,-1,0.02538
53153,21150,-1,0.26069
53153,15893,-1,0.00000
53202,1043,-1,0.00000
53202,13806,-1,0.00000
53202,25133,-1,0.15408
53202,36712,-1,0.00000
53202,57972,-1,0.00000
53262,33547,-1,0.00000
53262,18165,-1,0.11722
53262,21150,-1,0.00000
53262,15893,-1,0.00000
53311,1043,-1,0.00000
53311,13806,-1,0.00000
53311,25133,-1,0.00000
53311,36712,-1,0.00000
53311,57972,-1,0.40510
53362,33547,-1,0.00000
53362,18165,-1,0.00000
53362,21150,-1,0.00000
53362,15893,-1,0.00000
53421,1043,-1,0.00000
53421,13806,-1,0.00000
53421,25133,-1,0.00000
53421,36712,-1,0.00000
53421,57972,-1,0.00000
53462,33547,-1,0.23661
53462,18165,-1,0.00000
53462,21150,-1,0.00000
53462,15893,-1,0.17405
53521,1043,-1,0.75565
53521,13806,-1,0.00000
53521,25133,-1,0.03358
53521,36712,-1,0.00000
53521,57972,-1,0.00000
53572,33547,-1,0.00000
53572,18165,-1,0.00000
53572,21150,-1,0.00000
53572,15893,-1,0.00000
53631,1043,-1,0.00000
53631,13806,-1,0.00000
53631,25133,-1,0.12154
53631,36712,-1,0.00000
53631,57972,-1,0.00000
53673,33547,-1,0.00000
53673,18165,-1,0.00000
53673,21150,-1,0.00000
53673,15893,-1,0.00000
53743,1043,-1,0.00000
53743,13806,-1,0.00000
53743,25133,-1,0.00000
53743,36712,-1,0.00000
53743,57972,-1,0.00000
53782,33547,-1,0.00000
53782,18165,-1,0.11713
53782,21150,-1,0.00000
53782,15893,-1,0.00000
53850,1043,-1,0.00000
53850,13806,-1,0.64625
53850,25133,-1,0.00000
53850,36712,-1,0.00000
53850,57972,-1,0.00000
53882,33547,-1,0.00000
53882,18165,-1,0.00000
53882,21150,-1,0.00000
53882,15893,-1,0.00000
53952,1043,-1,0.00000
53952,13806,-1,0.00000
53952,25133,-1,0.00000
53952,36712,-1,0.00000
53952,57972,-1,0.00000
53983,33547,-1,0.00000
53983,18165,-1,0.00000
53983,21150,-1,0.06738
53983,15893,-1,0.00000
54061,1043,-1,0.00000
54061,13806,-1,0.00000
54061,25133,-1,0.00000
54061,36712,-1,0.00000
54061,57972,-1,0.49282
54084,33547,-1,0.19313
54084,18165,-1,0.00000
54084,21150,-1,0.00000
54084,15893,-1,0.19313
54171,1043,-1,0.00000
54171,13806,-1,0.00000
54171,25133,-1,0.13723
54171,36712,-1,0.00000
54171,57972,-1,0.00000
54192,33547,-1,0.00000
54192,18165,-1,0.00000
54192,21150,-1,0.00000
54192,15893,-1,0.00000
54281,1043,-1,0.00000
54281,13806,-1,0.00000
54281,25133,-1,0.00000
54281,36712,-1,0.00000
54281,57972,-1,0.00000
54302,33547,-1,0.00000
54302,18165,-1,0.00000
54302,21150,-1,0.06180
54302,15893,-1,0.00000
54391,1043,-1,0.14655
54391,13806,-1,0.00000
54391,25133,-1,0.00000
54391,36712,-1,0.59557
54391,57972,-1,0.00000
54403,33547,-1,0.00000
54403,18165,-1,0.00000
54403,21150,-1,0.31568
54403,15893,-1,0.00000
54503,1043,-1,0.00000
54503,13806,-1,0.00000
54503,25133,-1,0.00000
54503,36712,-1,0.00000
54503,57972,-1,0.00000
54513,33547,-1,0.00000
54513,18165,-1,0.00000
54513,21150,-1,0.00000
54513,15893,-1,0.00000
54610,1043,-1,0.00000
54610,13806,-1,0.11434
54610,25133,-1,0.00000
54610,36712,-1,0.00000
54610,57972,-1,0.00000
54622,33547,-1,0.00000
54622,18165,-1,0.02547
54622,21150,-1,0.00000
54622,15893,-1,0.00000
54710,1043,-1,0.00000
54710,13806,-1,0.00000
54710,25133,-1,0.00000
54710,36712,-1,0.00000
54710,57972,-1,0.38880
54723,33547,-1,0.17407
54723,18165,-1,0.12795
54723,21150,-1,0.00000
54723,15893,-1,0.00000
54811,1043,-1,0.00000
54811,13806,-1,0.00000
54811,25133,-1,0.00000
54811,36712,-1,0.00000
54811,57972,-1,0.00000
54823,33547,-1,0.00000
54823,18165,-1,0.00000
54823,21150,-1,0.00000
54823,15893,-1,0.00000
54920,1043,-1,0.69220
54920,13806,-1,0.00000
54920,25133,-1,0.03076
54920,36712,-1,0.00000
54920,57972,-1,0.00000
54933,33547,-1,0.00000
54933,18165,-1,0.00000
54933,21150,-1,0.00000
54933,15893,-1,0.00000
55030,1043,-1,0.00000
55030,13806,-1,0.00000
55030,25133,-1,0.13755
55030,36712,-1,0.00000
55030,57972,-1,0.00000
55043,33547,-1,0.00000
55043,18165,-1,0.00000
55043,21150,-1,0.00000
55043,15893,-1,0.21586
55130,1043,-1,0.00000
55130,13806,-1,0.00000
55130,25133,-1,0.00000
55130,36712,-1,0.00000
55130,57972,-1,0.00000
55152,33547,-1,0.00000
55152,18165,-1,0.00000
55152,21150,-1,0.00000
55152,15893,-1,0.00000
55231,1043,-1,0.00000
55231,13806,-1,0.56909
55231,25133,-1,0.00000
55231,36712,-1,0.79270
55231,57972,-1,0.00000
55253,33547,-1,0.00000
55253,18165,-1,0.00000
55253,21150,-1,0.00000
55253,15893,-1,0.00000
55333,1043,-1,0.00000
55333,13806,-1,0.00000
55333,25133,-1,0.00000
55333,36712,-1,0.00000
55333,57972,-1,0.00000
55363,33547,-1,0.00000
55363,18165,-1,0.11571
55363,21150,-1,0.34814
55363,15893,-1,0.00000
55440,1043,-1,0.00000
55440,13806,-1,0.00000
55440,25133,-1,0.00000
55440,36712,-1,0.00000
55440,57972,-1,0.00000
55473,33547,-1,0.00000
55473,18165,-1,0.00000
55473,21150,-1,0.00000
55473,15893,-1,0.00000
55551,1043,-1,0.00000
55551,13806,-1,0.00000
55551,25133,-1,0.13591
55551,36712,-1,0.00000
55551,57972,-1,0.48365
55582,33547,-1,0.03847
55582,18165,-1,0.00000
55582,21150,-1,0.00000
55582,15893,-1,0.00000
55653,1043,-1,0.00000
55653,13806,-1,0.00000
55653,25133,-1,0.00000
55653,36712,-1,0.00000
55653,57972,-1,0.00000
55683,33547,-1,0.19417
55683,18165,-1,0.00000
55683,21150,-1,0.00000
55683,15893,-1,0.00000
55761,1043,-1,0.14953
55761,13806,-1,0.53168
55761,25133,-1,0.00000
55761,36712,-1,0.00000
55761,57972,-1,0.00000
55784,33547,-1,0.00000
55784,18165,-1,0.00000
55784,21150,-1,0.00000
55784,15893,-1,0.00000
55871,1043,-1,0.59666
55871,13806,-1,0.00000
55871,25133,-1,0.00000
55871,36712,-1,0.00000
55871,57972,-1,0.00000
55892,33547,-1,0.00000
55892,18165,-1,0.00000
55892,21150,-1,0.00000
55892,15893,-1,0.03899
55981,1043,-1,0.00000
55981,13806,-1,0.00000
55981,25133,-1,0.00000
55981,36712,-1,0.00000
55981,57972,-1,0.00000
55993,33547,-1,0.00000
55993,18165,-1,0.00000
55993,21150,-1,0.28076
55993,15893,-1,0.19400
56090,1043,-1,0.00000
56090,13806,-1,0.00000
56090,25133,-1,0.00000
56090,36712,-1,0.73202
56090,57972,-1,0.40338
56093,33547,-1,0.00000
56093,18165,-1,0.00000
56093,21150,-1,0.00000
56093,15893,-1,0.00000
56191,1043,-1,0.00000
56191,13806,-1,0.00000
56191,25133,-1,0.00000
56191,36712,-1,0.00000
56191,57972,-1,0.00000
56193,33547,-1,0.00000
56193,18165,-1,0.02791
56193,21150,-1,0.00000
56193,15893,-1,0.00000
56292,1043,-1,0.00000
56292,13806,-1,0.00000
56292,25133,-1,0.03331
56292,36712,-1,0.00000
56292,57972,-1,0.00000
56293,33547,-1,0.17869
56293,18165,-1,0.11745
56293,21150,-1,0.00000
56293,15893,-1,0.00000
56401,1043,-1,0.69696
56401,13806,-1,0.52761
56401,25133,-1,0.00000
56401,36712,-1,0.00000
56401,57972,-1,0.00000
56404,33547,-1,0.00000
56404,18165,-1,0.00000
56404,21150,-1,0.00000
56404,15893,-1,0.00000
56501,1043,-1,0.00000
56501,13806,-1,0.00000
56501,25133,-1,0.00000
56501,36712,-1,0.00000
56501,57972,-1,0.00000
56512,33547,-1,0.00000
56512,18165,-1,0.00000
56512,21150,-1,0.00000
56512,15893,-1,0.00000
56613,33547,-1,0.00000
56613,18165,-1,0.00000
56613,21150,-1,0.28592
56613,15893,-1,0.00000
56614,1043,-1,0.00000
56614,13806,-1,0.00000
56614,25133,-1,0.02991
56614,36712,-1,0.58236
56614,57972,-1,0.00000
56721,1043,-1,0.00000
56721,13806,-1,0.00000
56721,25133,-1,0.14119
56721,36712,-1,0.00000
56721,57972,-1,0.00000
56723,33547,-1,0.00000
56723,18165,-1,0.00000
56723,21150,-1,0.00000
56723,15893,-1,0.00000
56823,33547,-1,0.00000
56823,18165,-1,0.00000
56823,21150,-1,0.00000
56823,15893,-1,0.22068
56831,1043,-1,0.00000
56831,13806,-1,0.00000
56831,25133,-1,0.00000
56831,36712,-1,0.00000
56831,57972,-1,0.00000
56933,33547,-1,0.00000
56933,18165,-1,0.00000
56933,21150,-1,0.00000
56933,15893,-1,0.00000
56940,1043,-1,0.60341
56940,13806,-1,0.00000
56940,25133,-1,0.00000
56940,36712,-1,0.00000
56940,57972,-1,0.49483
57042,33547,-1,0.00000
57042,18165,-1,0.00000
57042,21150,-1,0.00000
57042,15893,-1,0.00000
57051,1043,-1,0.00000
57051,13806,-1,0.00000
57051,25133,-1,0.00000
57051,36712,-1,0.00000
57051,57972,-1,0.00000
57143,33547,-1,0.17411
57143,18165,-1,0.00000
57143,21150,-1,0.00000
57143,15893,-1,0.00000
57161,1043,-1,0.00000
57161,13806,-1,0.11226
57161,25133,-1,0.00000
57161,36712,-1,0.55193
57161,57972,-1,0.00000
57243,33547,-1,0.00000
57243,18165,-1,0.00000
57243,21150,-1,0.00000
57243,15893,-1,0.00000
57271,1043,-1,0.00000
57271,13806,-1,0.00000
57271,25133,-1,0.00000
57271,36712,-1,0.00000
57271,57972,-1,0.00000
57353,33547,-1,0.00000
57353,18165,-1,0.00000
57353,21150,-1,0.00000
57353,15893,-1,0.00000
57374,1043,-1,0.00000
57374,13806,-1,0.00000
57374,25133,-1,0.03258
57374,36712,-1,0.00000
57374,57972,-1,0.00000
57454,33547,-1,0.00000
57454,18165,-1,0.12708
57454,21150,-1,0.06731
57454,15893,-1,0.00000
57480,1043,-1,0.00000
57480,13806,-1,0.00000
57480,25133,-1,0.12978
57480,36712,-1,0.00000
57480,57972,-1,0.00000
57562,33547,-1,0.00000
57562,18165,-1,0.00000
57562,21150,-1,0.29246
57562,15893,-1,0.00000
57590,1043,-1,0.00000
57590,13806,-1,0.00000
57590,25133,-1,0.00000
57590,36712,-1,0.00000
57590,57972,-1,0.00000
57663,33547,-1,0.00000
57663,18165,-1,0.00000
57663,21150,-1,0.00000
57663,15893,-1,0.00000
57693,1043,-1,0.15764
57693,13806,-1,0.51021
57693,25133,-1,0.00000
57693,36712,-1,0.00000
57693,57972,-1,0.00000
57763,33547,-1,0.04223
57763,18165,-1,0.00000
57763,21150,-1,0.00000
57763,15893,-1,0.19459
57801,1043,-1,0.70009
57801,13806,-1,0.00000
57801,25133,-1,0.00000
57801,36712,-1,0.00000
57801,57972,-1,0.00000
57873,33547,-1,0.00000
57873,18165,-1,0.00000
57873,21150,-1,0.00000
57873,15893,-1,0.00000
57911,1043,-1,0.00000
57911,13806,-1,0.00000
57911,25133,-1,0.00000
57911,36712,-1,0.00000
57911,57972,-1,0.00000
57983,33547,-1,0.00000
57983,18165,-1,0.00000
57983,21150,-1,0.00000
57983,15893,-1,0.00000
58020,1043,-1,0.00000
58020,13806,-1,0.00000
58020,25133,-1,0.00000
58020,36712,-1,0.66694
58020,57972,-1,0.00000
58093,33547,-1,0.03831
58093,18165,-1,0.00000
58093,21150,-1,0.00000
58093,15893,-1,0.00000
58131,1043,-1,0.00000
58131,13806,-1,0.00000
58131,25133,-1,0.00000
58131,36712,-1,0.00000
58131,57972,-1,0.00000
58203,33547,-1,0.17691
58203,18165,-1,0.00000
58203,21150,-1,0.28859
58203,15893,-1,0.00000
58240,1043,-1,0.00000
58240,13806,-1,0.00000
58240,25133,-1,0.03074
58240,36712,-1,0.00000
58240,57972,-1,0.00000
58313,33547,-1,0.00000
58313,18165,-1,0.00000
58313,21150,-1,0.00000
58313,15893,-1,0.00000
58341,1043,-1,0.00000
58341,13806,-1,0.00000
58341,25133,-1,0.15075
58341,36712,-1,0.00000
58341,57972,-1,0.00000
58422,33547,-1,0.00000
58422,18165,-1,0.11694
58422,21150,-1,0.00000
58422,15893,-1,0.03856
58451,1043,-1,0.00000
58451,13806,-1,0.00000
58451,25133,-1,0.00000
58451,36712,-1,0.00000
58451,57972,-1,0.00000
58524,33547,-1,0.00000
58524,18165,-1,0.00000
58524,21150,-1,0.00000
58524,15893,-1,0.17215
58560,1043,-1,0.14761
58560,13806,-1,0.00000
58560,25133,-1,0.00000
58560,36712,-1,0.00000
58560,57972,-1,0.36533
58633,33547,-1,0.00000
58633,18165,-1,0.00000
58633,21150,-1,0.00000
58633,15893,-1,0.00000
58660,1043,-1,0.00000
58660,13806,-1,0.00000
58660,25133,-1,0.00000
58660,36712,-1,0.65401
58660,57972,-1,0.00000
58743,33547,-1,0.00000
58743,18165,-1,0.00000
58743,21150,-1,0.00000
58743,15893,-1,0.00000
58762,1043,-1,0.00000
58762,13806,-1,0.00000
58762,25133,-1,0.00000
58762,36712,-1,0.00000
58762,57972,-1,0.00000
58853,33547,-1,0.00000
58853,18165,-1,0.00000
58853,21150,-1,0.28850
58853,15893,-1,0.00000
58871,1043,-1,0.00000
58871,13806,-1,0.52617
58871,25133,-1,0.03441
58871,36712,-1,0.00000
58871,57972,-1,0.00000
58962,33547,-1,0.00000
58962,18165,-1,0.00000
58962,21150,-1,0.00000
58962,15893,-1,0.00000
58981,1043,-1,0.00000
58981,13806,-1,0.00000
58981,25133,-1,0.15813
58981,36712,-1,0.00000
58981,57972,-1,0.00000
59066,33547,-1,0.04094
59066,18165,-1,0.12413
59066,21150,-1,0.00000
59066,15893,-1,0.18864
59093,1043,-1,0.00000
59093,13806,-1,0.00000
59093,25133,-1,0.00000
59093,36712,-1,0.00000
59093,57972,-1,0.00000
59173,33547,-1,0.00000
59173,18165,-1,0.00000
59173,21150,-1,0.00000
59173,15893,-1,0.00000
59201,1043,-1,0.76009
59201,13806,-1,0.00000
59201,25133,-1,0.16208
59201,36712,-1,0.00000
59201,57972,-1,0.00000
59283,33547,-1,0.00000
59283,18165,-1,0.00000
59283,21150,-1,0.00000
59283,15893,-1,0.00000
59302,1043,-1,0.00000
59302,13806,-1,0.00000
59302,25133,-1,0.00000
59302,36712,-1,0.00000
59302,57972,-1,0.00000
59383,33547,-1,0.23675
59383,18165,-1,0.00000
59383,21150,-1,0.00000
59383,15893,-1,0.00000
59411,1043,-1,0.00000
59411,13806,-1,0.00000
59411,25133,-1,0.00000
59411,36712,-1,0.13185
59411,57972,-1,0.00000
59492,33547,-1,0.00000
59492,18165,-1,0.00000
59492,21150,-1,0.00000
59492,15893,-1,0.00000
59521,1043,-1,0.00000
59521,13806,-1,0.00000
59521,25133,-1,0.00000
59521,36712,-1,0.00000
59521,57972,-1,0.40269
59593,33547,-1,0.00000
59593,18165,-1,0.00000
59593,21150,-1,0.00000
59593,15893,-1,0.00000
59631,1043,-1,0.00000
59631,13806,-1,0.00000
59631,25133,-1,0.00000
59631,36712,-1,0.00000
59631,57972,-1,0.00000
59706,33547,-1,0.00000
59706,18165,-1,0.09976
59706,21150,-1,0.34105
59706,15893,-1,0.00000
59731,1043,-1,0.00000
59731,13806,-1,0.00000
59731,25133,-1,0.17381
59731,36712,-1,0.65412
59731,57972,-1,0.00000
59812,33547,-1,0.00000
59812,18165,-1,0.00000
59812,21150,-1,0.00000
59812,15893,-1,0.00000
59841,1043,-1,0.00000
59841,13806,-1,0.00000
59841,25133,-1,0.00000
59841,36712,-1,0.00000
59841,57972,-1,0.00000
59912,33547,-1,0.00000
59912,18165,-1,0.00000
59912,21150,-1,0.00000
59912,15893,-1,0.04221
59941,1043,-1,0.00000
59941,13806,-1,0.00000
59941,25133,-1,0.00000
59941,36712,-1,0.00000
59941,57972,-1,0.00000
60012,33547,-1,0.19458
60012,18165,-1,0.00000
60012,21150,-1,0.00000
60012,15893,-1,0.19458
60051,1043,-1,0.69081
60051,13806,-1,0.63503
60051,25133,-1,0.00000
60051,36712,-1,0.00000
60051,57972,-1,0.00000
60122,33547,-1,0.00000
60122,18165,-1,0.00000
60122,21150,-1,0.00000
60122,15893,-1,0.00000
60161,1043,-1,0.00000
60161,13806,-1,0.00000
60161,25133,-1,0.00000
60161,36712,-1,0.00000
60161,57972,-1,0.00000
60223,33547,-1,0.00000
60223,18165,-1,0.00000
60223,21150,-1,0.00000
60223,15893,-1,0.00000
60271,1043,-1,0.00000
60271,13806,-1,0.00000
60271,25133,-1,0.13750
60271,36712,-1,0.13051
60271,57972,-1,0.40070
60332,33547,-1,0.00000
60332,18165,-1,0.11681
60332,21150,-1,0.00000
60332,15893,-1,0.00000
60380,1043,-1,0.00000
60380,13806,-1,0.00000
60380,25133,-1,0.00000
60380,36712,-1,0.00000
60380,57972,-1,0.00000
60433,33547,-1,0.00000
60433,18165,-1,0.00000
60433,21150,-1,0.00000
60433,15893,-1,0.00000
60481,1043,-1,0.00000
60481,13806,-1,0.00000
60481,25133,-1,0.00000
60481,36712,-1,0.00000
60481,57972,-1,0.00000
60534,33547,-1,0.00000
60534,18165,-1,0.00000
60534,21150,-1,0.00000
60534,15893,-1,0.00000
60590,1043,-1,0.00000
60590,13806,-1,0.52510
60590,25133,-1,0.00000
60590,36712,-1,0.73142
60590,57972,-1,0.00000
60642,33547,-1,0.00000
60642,18165,-1,0.00000
60642,21150,-1,0.35587
60642,15893,-1,0.17974
60691,1043,-1,0.00000
60691,13806,-1,0.00000
60691,25133,-1,0.00000
60691,36712,-1,0.00000
60691,57972,-1,0.00000
60743,33547,-1,0.00000
60743,18165,-1,0.00000
60743,21150,-1,0.00000
60743,15893,-1,0.00000
60791,1043,-1,0.00000
60791,13806,-1,0.00000
60791,25133,-1,0.00000
60791,36712,-1,0.00000
60791,57972,-1,0.00000
60843,33547,-1,0.00000
60843,18165,-1,0.00000
60843,21150,-1,0.00000
60843,15893,-1,0.00000
60901,1043,-1,0.68970
60901,13806,-1,0.00000
60901,25133,-1,0.15856
60901,36712,-1,0.00000
60901,57972,-1,0.08860
60953,33547,-1,0.19772
60953,18165,-1,0.00000
60953,21150,-1,0.00000
60953,15893,-1,0.00000
61015,1043,-1,0.00000
61015,13806,-1,0.00000
61015,25133,-1,0.00000
61015,36712,-1,0.00000
61015,57972,-1,0.00000
61053,33547,-1,0.00000
61053,18165,-1,0.00000
61053,21150,-1,0.00000
61053,15893,-1,0.00000
61122,1043,-1,0.00000
61122,13806,-1,0.00000
61122,25133,-1,0.00000
61122,36712,-1,0.00000
61122,57972,-1,0.09084
61154,33547,-1,0.00000
61154,18165,-1,0.00000
61154,21150,-1,0.00000
61154,15893,-1,0.00000
61232,1043,-1,0.00000
61232,13806,-1,0.00000
61232,25133,-1,0.00000
61232,36712,-1,0.00000
61232,57972,-1,0.40352
61254,33547,-1,0.00000
61254,18165,-1,0.14542
61254,21150,-1,0.00000
61254,15893,-1,0.00000
61333,1043,-1,0.00000
61333,13806,-1,0.00000
61333,25133,-1,0.00000
61333,36712,-1,0.00000
61333,57972,-1,0.00000
61364,33547,-1,0.00000
61364,18165,-1,0.00000
61364,21150,-1,0.26246
61364,15893,-1,0.00000
61441,1043,-1,0.00000
61441,13806,-1,0.00000
61441,25133,-1,0.00000
61441,36712,-1,0.13256
61441,57972,-1,0.00000
61477,33547,-1,0.00000
61477,18165,-1,0.00000
61477,21150,-1,0.00000
61477,15893,-1,0.00000
61551,1043,-1,0.59971
61551,13806,-1,0.00000
61551,25133,-1,0.00000
61551,36712,-1,0.59971
61551,57972,-1,0.00000
61583,33547,-1,0.16848
61583,18165,-1,0.00000
61583,21150,-1,0.00000
61583,15893,-1,0.03970
61660,1043,-1,0.00000
61660,13806,-1,0.00000
61660,25133,-1,0.00000
61660,36712,-1,0.00000
61660,57972,-1,0.00000
61692,33547,-1,0.00000
61692,18165,-1,0.00000
61692,21150,-1,0.00000
61692,15893,-1,0.16402
61761,1043,-1,0.00000
61761,13806,-1,0.00000
61761,25133,-1,0.19307
61761,36712,-1,0.00000
61761,57972,-1,0.39794
61793,33547,-1,0.00000
61793,18165,-1,0.00000
61793,21150,-1,0.00000
61793,15893,-1,0.00000
61871,1043,-1,0.00000
61871,13806,-1,0.00000
61871,25133,-1,0.00000
61871,36712,-1,0.00000
61871,57972,-1,0.00000
61903,33547,-1,0.00000
61903,18165,-1,0.00000
61903,21150,-1,0.00000
61903,15893,-1,0.00000
61983,1043,-1,0.00000
61983,13806,-1,0.00000
61983,25133,-1,0.00000
61983,36712,-1,0.12795
61983,57972,-1,0.00000
62013,33547,-1,0.00000
62013,18165,-1,0.00000
62013,21150,-1,0.00000
62013,15893,-1,0.00000
62090,1043,-1,0.62793
62090,13806,-1,0.00000
62090,25133,-1,0.00000
62090,36712,-1,0.00000
62090,57972,-1,0.00000
62114,33547,-1,0.00000
62114,18165,-1,0.00000
62114,21150,-1,0.00000
62114,15893,-1,0.00000
62191,1043,-1,0.00000
62191,13806,-1,0.00000
62191,25133,-1,0.00000
62191,36712,-1,0.00000
62191,57972,-1,0.00000
62223,33547,-1,0.15897
62223,18165,-1,0.00000
62223,21150,-1,0.28970
62223,15893,-1,0.00000
62302,1043,-1,0.00000
62302,13806,-1,0.00000
62302,25133,-1,0.00000
62302,36712,-1,0.00000
62302,57972,-1,0.08784
62332,33547,-1,0.00000
62332,18165,-1,0.00000
62332,21150,-1,0.00000
62332,15893,-1,0.00000
62411,1043,-1,0.00000
62411,13806,-1,0.52758
62411,25133,-1,0.14366
62411,36712,-1,0.00000
62411,57972,-1,0.00000
62433,33547,-1,0.00000
62433,18165,-1,0.00000
62433,21150,-1,0.00000
62433,15893,-1,0.00000
62511,1043,-1,0.00000
62511,13806,-1,0.00000
62511,25133,-1,0.00000
62511,36712,-1,0.00000
62511,57972,-1,0.00000
62543,33547,-1,0.00000
62543,18165,-1,0.11600
62543,21150,-1,0.00000
62543,15893,-1,0.03826
62611,1043,-1,0.00000
62611,13806,-1,0.00000
62611,25133,-1,0.00000
62611,36712,-1,0.60419
62611,57972,-1,0.09730
62653,33547,-1,0.00000
62653,18165,-1,0.00000
62653,21150,-1,0.00000
62653,15893,-1,0.00000
62711,1043,-1,0.00000
62711,13806,-1,0.50116
62711,25133,-1,0.00000
62711,36712,-1,0.00000
62711,57972,-1,0.00000
62763,33547,-1,0.00000
62763,18165,-1,0.00000
62763,21150,-1,0.06173
62763,15893,-1,0.17710
62822,1043,-1,0.00000
62822,13806,-1,0.00000
62822,25133,-1,0.00000
62822,36712,-1,0.00000
62822,57972,-1,0.00000
62873,33547,-1,0.17771
62873,18165,-1,0.00000
62873,21150,-1,0.00000
62873,15893,-1,0.00000
62923,1043,-1,0.00000
62923,13806,-1,0.00000
62923,25133,-1,0.00000
62923,36712,-1,0.00000
62923,57972,-1,0.53247
62982,33547,-1,0.00000
62982,18165,-1,0.00000
62982,21150,-1,0.00000
62982,15893,-1,0.00000
63032,1043,-1,0.00000
63032,13806,-1,0.00000
63032,25133,-1,0.00000
63032,36712,-1,0.00000
63032,57972,-1,0.00000
63083,33547,-1,0.00000
63083,18165,-1,0.00000
63083,21150,-1,0.38222
63083,15893,-1,0.00000
63141,1043,-1,0.00000
63141,13806,-1,0.00000
63141,25133,-1,0.03434
63141,36712,-1,0.00000
63141,57972,-1,0.00000
63192,33547,-1,0.00000
63192,18165,-1,0.00000
63192,21150,-1,0.00000
63192,15893,-1,0.00000
63243,1043,-1,0.00000
63243,13806,-1,0.56245
63243,25133,-1,0.17081
63243,36712,-1,0.00000
63243,57972,-1,0.00000
63293,33547,-1,0.00000
63293,18165,-1,0.00000
63293,21150,-1,0.00000
63293,15893,-1,0.00000
63351,1043,-1,0.00000
63351,13806,-1,0.00000
63351,25133,-1,0.00000
63351,36712,-1,0.00000
63351,57972,-1,0.00000
63402,33547,-1,0.00000
63402,18165,-1,0.11728
63402,21150,-1,0.00000
63402,15893,-1,0.19822
63453,1043,-1,0.00000
63453,13806,-1,0.00000
63453,25133,-1,0.00000
63453,36712,-1,0.14099
63453,57972,-1,0.00000
63503,33547,-1,0.00000
63503,18165,-1,0.00000
63503,21150,-1,0.00000
63503,15893,-1,0.00000
63560,1043,-1,0.70273
63560,13806,-1,0.00000
63560,25133,-1,0.00000
63560,36712,-1,0.00000
63560,57972,-1,0.40833
63603,33547,-1,0.00000
63603,18165,-1,0.00000
63603,21150,-1,0.00000
63603,15893,-1,0.00000
63661,1043,-1,0.00000
63661,13806,-1,0.00000
63661,25133,-1,0.00000
63661,36712,-1,0.00000
63661,57972,-1,0.00000
63713,33547,-1,0.03835
63713,18165,-1,0.00000
63713,21150,-1,0.00000
63713,15893,-1,0.00000
63761,1043,-1,0.00000
63761,13806,-1,0.00000
63761,25133,-1,0.00000
63761,36712,-1,0.79714
63761,57972,-1,0.00000
63823,33547,-1,0.17771
63823,18165,-1,0.00000
63823,21150,-1,0.00000
63823,15893,-1,0.00000
63870,1043,-1,0.00000
63870,13806,-1,0.45884
63870,25133,-1,0.00000
63870,36712,-1,0.00000
63870,57972,-1,0.00000
63923,33547,-1,0.00000
63923,18165,-1,0.00000
63923,21150,-1,0.00000
63923,15893,-1,0.00000
63970,1043,-1,0.00000
63970,13806,-1,0.00000
63970,25133,-1,0.00000
63970,36712,-1,0.00000
63970,57972,-1,0.00000
64033,33547,-1,0.00000
64033,18165,-1,0.11605
64033,21150,-1,0.34917
64033,15893,-1,0.00000
64081,1043,-1,0.00000
64081,13806,-1,0.00000
64081,25133,-1,0.19207
64081,36712,-1,0.00000
64081,57972,-1,0.39944
64142,33547,-1,0.00000
64142,18165,-1,0.00000
64142,21150,-1,0.00000
64142,15893,-1,0.00000
64181,1043,-1,0.00000
64181,13806,-1,0.00000
64181,25133,-1,0.00000
64181,36712,-1,0.00000
64181,57972,-1,0.00000
64244,33547,-1,0.00000
64244,18165,-1,0.00000
64244,21150,-1,0.00000
64244,15893,-1,0.00000
64281,1043,-1,0.00000
64281,13806,-1,0.00000
64281,25133,-1,0.00000
64281,36712,-1,0.00000
64281,57972,-1,0.00000
64353,33547,-1,0.00000
64353,18165,-1,0.00000
64353,21150,-1,0.00000
64353,15893,-1,0.21910
64381,1043,-1,0.91832
64381,13806,-1,0.00000
64381,25133,-1,0.00000
64381,36712,-1,0.65508
64381,57972,-1,0.00000
64462,33547,-1,0.00000
64462,18165,-1,0.00000
64462,21150,-1,0.00000
64462,15893,-1,0.00000
64481,1043,-1,0.00000
64481,13806,-1,0.00000
64481,25133,-1,0.00000
64481,36712,-1,0.00000
64481,57972,-1,0.00000
64564,33547,-1,0.00000
64564,18165,-1,0.00000
64564,21150,-1,0.00000
64564,15893,-1,0.00000
64590,1043,-1,0.00000
64590,13806,-1,0.00000
64590,25133,-1,0.03871
64590,36712,-1,0.00000
64590,57972,-1,0.00000
64672,33547,-1,0.19932
64672,18165,-1,0.00000
64672,21150,-1,0.29235
64672,15893,-1,0.00000
64692,1043,-1,0.00000
64692,13806,-1,0.56573
64692,25133,-1,0.19191
64692,36712,-1,0.00000
64692,57972,-1,0.00000
64772,33547,-1,0.00000
64772,18165,-1,0.00000
64772,21150,-1,0.00000
64772,15893,-1,0.00000
64801,1043,-1,0.00000
64801,13806,-1,0.00000
64801,25133,-1,0.00000
64801,36712,-1,0.00000
64801,57972,-1,0.00000
64873,33547,-1,0.00000
64873,18165,-1,0.00000
64873,21150,-1,0.00000
64873,15893,-1,0.00000
64910,1043,-1,0.00000
64910,13806,-1,0.00000
64910,25133,-1,0.03856
64910,36712,-1,0.00000
64910,57972,-1,0.40199
64974,33547,-1,0.00000
64974,18165,-1,0.15450
64974,21150,-1,0.00000
64974,15893,-1,0.19277
65011,1043,-1,0.00000
65011,13806,-1,0.00000
65011,25133,-1,0.17388
65011,36712,-1,0.00000
65011,57972,-1,0.00000
65083,33547,-1,0.00000
65083,18165,-1,0.00000
65083,21150,-1,0.00000
65083,15893,-1,0.00000
65111,1043,-1,0.00000
65111,13806,-1,0.00000
65111,25133,-1,0.00000
65111,36712,-1,0.00000
65111,57972,-1,0.00000
65183,33547,-1,0.00000
65183,18165,-1,0.00000
65183,21150,-1,0.00000
65183,15893,-1,0.00000
65214,1043,-1,0.15768
65214,13806,-1,0.56068
65214,25133,-1,0.00000
65214,36712,-1,0.64081
65214,57972,-1,0.00000
65293,33547,-1,0.00000
65293,18165,-1,0.00000
65293,21150,-1,0.00000
65293,15893,-1,0.00000
65322,1043,-1,0.00000
65322,13806,-1,0.00000
65322,25133,-1,0.00000
65322,36712,-1,0.00000
65322,57972,-1,0.00000
65403,33547,-1,0.17784
65403,18165,-1,0.00000
65403,21150,-1,0.00000
65403,15893,-1,0.00000
65431,1043,-1,0.14826
65431,13806,-1,0.00000
65431,25133,-1,0.00000
65431,36712,-1,0.00000
65431,57972,-1,0.00000
65544,33547,-1,0.00000
65544,18165,-1,0.00000
65544,21150,-1,0.00000
65544,15893,-1,0.00000
65547,1043,-1,0.65467
65547,13806,-1,0.00000
65547,25133,-1,0.00000
65547,36712,-1,0.00000
65547,57972,-1,0.38040
65652,1043,-1,0.00000
65652,13806,-1,0.00000
65652,25133,-1,0.00000
65652,36712,-1,0.00000
65652,57972,-1,0.00000
65654,33547,-1,0.00000
65654,18165,-1,0.11703
65654,21150,-1,0.35212
65654,15893,-1,0.00000
65754,33547,-1,0.00000
65754,18165,-1,0.00000
65754,21150,-1,0.00000
65754,15893,-1,0.00000
65755,1043,-1,0.00000
65755,13806,-1,0.00000
65755,25133,-1,0.04115
65755,36712,-1,0.00000
65755,57972,-1,0.00000
65861,1043,-1,0.00000
65861,13806,-1,0.00000
65861,25133,-1,0.18258
65861,36712,-1,0.61514
65861,57972,-1,0.00000
65868,33547,-1,0.00000
65868,18165,-1,0.00000
65868,21150,-1,0.00000
65868,15893,-1,0.03702
65971,1043,-1,0.00000
65971,13806,-1,0.00000
65971,25133,-1,0.00000
65971,36712,-1,0.00000
65971,57972,-1,0.00000
65973,33547,-1,0.00000
65973,18165,-1,0.00000
65973,21150,-1,0.00000
65973,15893,-1,0.18575
66081,1043,-1,0.00000
66081,13806,-1,0.11181
66081,25133,-1,0.00000
66081,36712,-1,0.00000
66081,57972,-1,0.00000
66084,33547,-1,0.00000
66084,18165,-1,0.00000
66084,21150,-1,0.00000
66084,15893,-1,0.00000
66183,1043,-1,0.64587
66183,13806,-1,0.56510
66183,25133,-1,0.00000
66183,36712,-1,0.00000
66183,57972,-1,0.00000
66193,33547,-1,0.20286
66193,18165,-1,0.00000
66193,21150,-1,0.00000
66193,15893,-1,0.00000
66291,1043,-1,0.00000
66291,13806,-1,0.00000
66291,25133,-1,0.00000
66291,36712,-1,0.00000
66291,57972,-1,0.00000
66303,33547,-1,0.00000
66303,18165,-1,0.00000
66303,21150,-1,0.26195
66303,15893,-1,0.00000
66391,1043,-1,0.00000
66391,13806,-1,0.00000
66391,25133,-1,0.00000
66391,36712,-1,0.00000
66391,57972,-1,0.49309
66404,33547,-1,0.00000
66404,18165,-1,0.00000
66404,21150,-1,0.00000
66404,15893,-1,0.00000
66501,1043,-1,0.00000
66501,13806,-1,0.00000
66501,25133,-1,0.16348
66501,36712,-1,0.00000
66501,57972,-1,0.00000
66504,33547,-1,0.00000
66504,18165,-1,0.14540
66504,21150,-1,0.00000
66504,15893,-1,0.00000
66610,1043,-1,0.00000
66610,13806,-1,0.00000
66610,25133,-1,0.00000
66610,36712,-1,0.00000
66610,57972,-1,0.00000
66613,33547,-1,0.00000
66613,18165,-1,0.00000
66613,21150,-1,0.00000
66613,15893,-1,0.16464
66711,1043,-1,0.00000
66711,13806,-1,0.00000
66711,25133,-1,0.00000
66711,36712,-1,0.74155
66711,57972,-1,0.00000
66713,33547,-1,0.00000
66713,18165,-1,0.00000
66713,21150,-1,0.00000
66713,15893,-1,0.00000
66820,1043,-1,0.00000
66820,13806,-1,0.00000
66820,25133,-1,0.00000
66820,36712,-1,0.00000
66820,57972,-1,0.00000
66822,33547,-1,0.00000
66822,18165,-1,0.00000
66822,21150,-1,0.00000
66822,15893,-1,0.00000
66921,1043,-1,0.00000
66921,13806,-1,0.12215
66921,25133,-1,0.00000
66921,36712,-1,0.00000
66921,57972,-1,0.00000
66922,33547,-1,0.00000
66922,18165,-1,0.00000
66922,21150,-1,0.00000
66922,15893,-1,0.00000
67022,1043,-1,0.00000
67022,13806,-1,0.00000
67022,25133,-1,0.00000
67022,36712,-1,0.00000
67022,57972,-1,0.43667
67024,33547,-1,0.00000
67024,18165,-1,0.00000
67024,21150,-1,0.00000
67024,15893,-1,0.00000
67131,1043,-1,0.00000
67131,13806,-1,0.00000
67131,25133,-1,0.00000
67131,36712,-1,0.00000
67131,57972,-1,0.00000
67133,33547,-1,0.17820
67133,18165,-1,0.00000
67133,21150,-1,0.00000
67133,15893,-1,0.00000
67232,1043,-1,0.67144
67232,13806,-1,0.00000
67232,25133,-1,0.04196
67232,36712,-1,0.58003
67232,57972,-1,0.00000
67243,33547,-1,0.00000
67243,18165,-1,0.10277
67243,21150,-1,0.00000
67243,15893,-1,0.00000
67332,1043,-1,0.00000
67332,13806,-1,0.00000
67332,25133,-1,0.00000
67332,36712,-1,0.00000
67332,57972,-1,0.00000
67343,33547,-1,0.00000
67343,18165,-1,0.00000
67343,21150,-1,0.00000
67343,15893,-1,0.00000
67441,1043,-1,0.00000
67441,13806,-1,0.00000
67441,25133,-1,0.03885
67441,36712,-1,0.00000
67441,57972,-1,0.00000
67453,33547,-1,0.00000
67453,18165,-1,0.00000
67453,21150,-1,0.00000
67453,15893,-1,0.03838
67551,1043,-1,0.00000
67551,13806,-1,0.47654
67551,25133,-1,0.17761
67551,36712,-1,0.00000
67551,57972,-1,0.00000
67563,33547,-1,0.00000
67563,18165,-1,0.00000
67563,21150,-1,0.00000
67563,15893,-1,0.00000
67653,1043,-1,0.00000
67653,13806,-1,0.00000
67653,25133,-1,0.00000
67653,36712,-1,0.00000
67653,57972,-1,0.00000
67674,33547,-1,0.00000
67674,18165,-1,0.00000
67674,21150,-1,0.00000
67674,15893,-1,0.00000
67753,1043,-1,0.00000
67753,13806,-1,0.00000
67753,25133,-1,0.00000
67753,36712,-1,0.65397
67753,57972,-1,0.53630
67783,33547,-1,0.03871
67783,18165,-1,0.00000
67783,21150,-1,0.00000
67783,15893,-1,0.17837
67860,1043,-1,0.00000
67860,13806,-1,0.00000
67860,25133,-1,0.00000
67860,36712,-1,0.00000
67860,57972,-1,0.00000
67893,33547,-1,0.00000
67893,18165,-1,0.11646
67893,21150,-1,0.00000
67893,15893,-1,0.00000
67961,1043,-1,0.00000
67961,13806,-1,0.00000
67961,25133,-1,0.00000
67961,36712,-1,0.00000
67961,57972,-1,0.00000
67994,33547,-1,0.00000
67994,18165,-1,0.00000
67994,21150,-1,0.00000
67994,15893,-1,0.00000
68061,1043,-1,0.91787
68061,13806,-1,0.57288
68061,25133,-1,0.00000
68061,36712,-1,0.00000
68061,57972,-1,0.00000
68103,33547,-1,0.03873
68103,18165,-1,0.00000
68103,21150,-1,0.00000
68103,15893,-1,0.00000
68162,1043,-1,0.00000
68162,13806,-1,0.00000
68162,25133,-1,0.00000
68162,36712,-1,0.00000
68162,57972,-1,0.00000
68203,33547,-1,0.00000
68203,18165,-1,0.00000
68203,21150,-1,0.31743
68203,15893,-1,0.00000
68272,1043,-1,0.00000
68272,13806,-1,0.00000
68272,25133,-1,0.21527
68272,36712,-1,0.00000
68272,57972,-1,0.00000
68303,33547,-1,0.00000
68303,18165,-1,0.00000
68303,21150,-1,0.00000
68303,15893,-1,0.00000
68381,1043,-1,0.00000
68381,13806,-1,0.00000
68381,25133,-1,0.00000
68381,36712,-1,0.00000
68381,57972,-1,0.35601
68404,33547,-1,0.04179
68404,18165,-1,0.00000
68404,21150,-1,0.00000
68404,15893,-1,0.00000
68491,1043,-1,0.00000
68491,13806,-1,0.00000
68491,25133,-1,0.00000
68491,36712,-1,0.00000
68491,57972,-1,0.00000
68513,33547,-1,0.15963
68513,18165,-1,0.00000
68513,21150,-1,0.00000
68513,15893,-1,0.17832
68600,1043,-1,0.00000
68600,13806,-1,0.00000
68600,25133,-1,0.00000
68600,36712,-1,0.73275
68600,57972,-1,0.00000
68623,33547,-1,0.00000
68623,18165,-1,0.00000
68623,21150,-1,0.00000
68623,15893,-1,0.00000
68700,1043,-1,0.00000
68700,13806,-1,0.00000
68700,25133,-1,0.00000
68700,36712,-1,0.00000
68700,57972,-1,0.00000
68723,33547,-1,0.00000
68723,18165,-1,0.00000
68723,21150,-1,0.00000
68723,15893,-1,0.00000
68801,1043,-1,0.00000
68801,13806,-1,0.00000
68801,25133,-1,0.00000
68801,36712,-1,0.00000
68801,57972,-1,0.00000
68824,33547,-1,0.00000
68824,18165,-1,0.15535
68824,21150,-1,0.00000
68824,15893,-1,0.00000
68911,1043,-1,0.83325
68911,13806,-1,0.00000
68911,25133,-1,0.17643
68911,36712,-1,0.00000
68911,57972,-1,0.00000
68933,33547,-1,0.00000
68933,18165,-1,0.00000
68933,21150,-1,0.00000
68933,15893,-1,0.00000
69012,1043,-1,0.00000
69012,13806,-1,0.00000
69012,25133,-1,0.00000
69012,36712,-1,0.00000
69012,57972,-1,0.00000
69033,33547,-1,0.00000
69033,18165,-1,0.00000
69033,21150,-1,0.00000
69033,15893,-1,0.00000
69125,1043,-1,0.00000
69125,13806,-1,0.00000
69125,25133,-1,0.00000
69125,36712,-1,0.00000
69125,57972,-1,0.08603
69143,33547,-1,0.17815
69143,18165,-1,0.00000
69143,21150,-1,0.29062
69143,15893,-1,0.03866
69232,1043,-1,0.00000
69232,13806,-1,0.53792
69232,25133,-1,0.00000
69232,36712,-1,0.00000
69232,57972,-1,0.41289
69243,33547,-1,0.00000
69243,18165,-1,0.00000
69243,21150,-1,0.00000
69243,15893,-1,0.00000
69341,1043,-1,0.00000
69341,13806,-1,0.00000
69341,25133,-1,0.00000
69341,36712,-1,0.00000
69341,57972,-1,0.00000
69345,33547,-1,0.00000
69345,18165,-1,0.00000
69345,21150,-1,0.00000
69345,15893,-1,0.00000
69451,1043,-1,0.00000
69451,13806,-1,0.00000
69451,25133,-1,0.00000
69451,36712,-1,0.72738
69451,57972,-1,0.00000
69454,33547,-1,0.00000
69454,18165,-1,0.00000
69454,21150,-1,0.00000
69454,15893,-1,0.03862
69560,1043,-1,0.00000
69560,13806,-1,0.00000
69560,25133,-1,0.00000
69560,36712,-1,0.00000
69560,57972,-1,0.00000
69563,33547,-1,0.00000
69563,18165,-1,0.00000
69563,21150,-1,0.00000
69563,15893,-1,0.17950
69661,1043,-1,0.00000
69661,13806,-1,0.00000
69661,25133,-1,0.04203
69661,36712,-1,0.00000
69661,57972,-1,0.00000
69665,33547,-1,0.00000
69665,18165,-1,0.00000
69665,21150,-1,0.00000
69665,15893,-1,0.00000
69773,1043,-1,0.00000
69773,13806,-1,0.00000
69773,25133,-1,0.17367
69773,36712,-1,0.00000
69773,57972,-1,0.39295
69773,33547,-1,0.16177
69773,18165,-1,0.14484
69773,21150,-1,0.00000
69773,15893,-1,0.00000
69880,1043,-1,0.00000
69880,13806,-1,0.00000
69880,25133,-1,0.00000
69880,36712,-1,0.00000
69880,57972,-1,0.00000
69883,33547,-1,0.00000
69883,18165,-1,0.00000
69883,21150,-1,0.00000
69883,15893,-1,0.00000
69981,1043,-1,0.65293
69981,13806,-1,0.12243
69981,25133,-1,0.00000
69981,36712,-1,0.72685
69981,57972,-1,0.00000
69986,33547,-1,0.00000
69986,18165,-1,0.00000
69986,21150,-1,0.00000
69986,15893,-1,0.00000
70081,1043,-1,0.00000
70081,13806,-1,0.00000
70081,25133,-1,0.00000
70081,36712,-1,0.00000
70081,57972,-1,0.00000
70092,33547,-1,0.00000
70092,18165,-1,0.00000
70092,21150,-1,0.36127
70092,15893,-1,0.18247
70182,1043,-1,0.00000
70182,13806,-1,0.12161
70182,25133,-1,0.00000
70182,36712,-1,0.00000
70182,57972,-1,0.00000
70193,33547,-1,0.00000
70193,18165,-1,0.00000
70193,21150,-1,0.00000
70193,15893,-1,0.00000
70290,1043,-1,0.00000
70290,13806,-1,0.00000
70290,25133,-1,0.00000
70290,36712,-1,0.00000
70290,57972,-1,0.40670
70304,33547,-1,0.00000
70304,18165,-1,0.00000
70304,21150,-1,0.00000
70304,15893,-1,0.00000
70391,1043,-1,0.00000
70391,13806,-1,0.00000
70391,25133,-1,0.00000
70391,36712,-1,0.00000
70391,57972,-1,0.00000
70404,33547,-1,0.00000
70404,18165,-1,0.12778
70404,21150,-1,0.00000
70404,15893,-1,0.00000
70500,1043,-1,0.59811
70500,13806,-1,0.00000
70500,25133,-1,0.00000
70500,36712,-1,0.00000
70500,57972,-1,0.00000
70513,33547,-1,0.00000
70513,18165,-1,0.00000
70513,21150,-1,0.00000
70513,15893,-1,0.00000
70601,1043,-1,0.00000
70601,13806,-1,0.00000
70601,25133,-1,0.00000
70601,36712,-1,0.00000
70601,57972,-1,0.00000
70623,33547,-1,0.00000
70623,18165,-1,0.00000
70623,21150,-1,0.00000
70623,15893,-1,0.00000
70711,1043,-1,0.00000
70711,13806,-1,0.00000
70711,25133,-1,0.00000
70711,36712,-1,0.13067
70711,57972,-1,0.00000
70724,33547,-1,0.23283
70724,18165,-1,0.00000
70724,21150,-1,0.31209
70724,15893,-1,0.00000
70821,1043,-1,0.00000
70821,13806,-1,0.00000
70821,25133,-1,0.00000
70821,36712,-1,0.55087
70821,57972,-1,0.36389
70833,33547,-1,0.00000
70833,18165,-1,0.00000
70833,21150,-1,0.00000
70833,15893,-1,0.00000
70932,1043,-1,0.00000
70932,13806,-1,0.00000
70932,25133,-1,0.00000
70932,36712,-1,0.00000
70932,57972,-1,0.00000
70933,33547,-1,0.00000
70933,18165,-1,0.00000
70933,21150,-1,0.00000
70933,15893,-1,0.00000
71041,1043,-1,0.61691
71041,13806,-1,0.00000
71041,25133,-1,0.03856
71041,36712,-1,0.00000
71041,57972,-1,0.00000
71042,33547,-1,0.00000
71042,18165,-1,0.10310
71042,21150,-1,0.00000
71042,15893,-1,0.21666
71143,33547,-1,0.00000
71143,18165,-1,0.00000
71143,21150,-1,0.00000
71143,15893,-1,0.00000
71144,1043,-1,0.00000
71144,13806,-1,0.00000
71144,25133,-1,0.00000
71144,36712,-1,0.00000
71144,57972,-1,0.00000
71251,1043,-1,0.00000
71251,13806,-1,0.00000
71251,25133,-1,0.00000
71251,36712,-1,0.00000
71251,57972,-1,0.09134
71253,33547,-1,0.00000
71253,18165,-1,0.00000
71253,21150,-1,0.00000
71253,15893,-1,0.00000
71351,1043,-1,0.00000
71351,13806,-1,0.57367
71351,25133,-1,0.00000
71351,36712,-1,0.00000
71351,57972,-1,0.39930
71355,33547,-1,0.00000
71355,18165,-1,0.00000
71355,21150,-1,0.00000
71355,15893,-1,0.00000
71451,1043,-1,0.00000
71451,13806,-1,0.00000
71451,25133,-1,0.00000
71451,36712,-1,0.00000
71451,57972,-1,0.00000
71463,33547,-1,0.16586
71463,18165,-1,0.00000
71463,21150,-1,0.00000
71463,15893,-1,0.00000
71551,1043,-1,0.00000
71551,13806,-1,0.12295
71551,25133,-1,0.00000
71551,36712,-1,0.00000
71551,57972,-1,0.00000
71563,33547,-1,0.00000
71563,18165,-1,0.00000
71563,21150,-1,0.00000
71563,15893,-1,0.00000
71651,1043,-1,0.00000
71651,13806,-1,0.50047
71651,25133,-1,0.19411
71651,36712,-1,0.00000
71651,57972,-1,0.00000
71673,33547,-1,0.00000
71673,18165,-1,0.00000
71673,21150,-1,0.06167
71673,15893,-1,0.00000
71763,1043,-1,0.00000
71763,13806,-1,0.00000
71763,25133,-1,0.00000
71763,36712,-1,0.00000
71763,57972,-1,0.00000
71774,33547,-1,0.00000
71774,18165,-1,0.11701
71774,21150,-1,0.28477
71774,15893,-1,0.00000
71872,1043,-1,0.14819
71872,13806,-1,0.00000
71872,25133,-1,0.00000
71872,36712,-1,0.00000
71872,57972,-1,0.00000
71883,33547,-1,0.00000
71883,18165,-1,0.00000
71883,21150,-1,0.00000
71883,15893,-1,0.00000
71980,1043,-1,0.69653
71980,13806,-1,0.00000
71980,25133,-1,0.00000
71980,36712,-1,0.55560
71980,57972,-1,0.00000
71993,33547,-1,0.00000
71993,18165,-1,0.00000
71993,21150,-1,0.00000
71993,15893,-1,0.00000
72081,1043,-1,0.00000
72081,13806,-1,0.00000
72081,25133,-1,0.00000
72081,36712,-1,0.00000
72081,57972,-1,0.00000
72093,33547,-1,0.00000
72093,18165,-1,0.00000
72093,21150,-1,0.00000
72093,15893,-1,0.19442
72192,1043,-1,0.00000
72192,13806,-1,0.51741
72192,25133,-1,0.00000
72192,36712,-1,0.00000
72192,57972,-1,0.00000
72193,33547,-1,0.00000
72193,18165,-1,0.00000
72193,21150,-1,0.00000
72193,15893,-1,0.00000
72302,1043,-1,0.00000
72302,13806,-1,0.00000
72302,25133,-1,0.00000
72302,36712,-1,0.00000
72302,57972,-1,0.00000
72303,33547,-1,0.00000
72303,18165,-1,0.00000
72303,21150,-1,0.00000
72303,15893,-1,0.00000
72403,33547,-1,0.19339
72403,18165,-1,0.00000
72403,21150,-1,0.27987
72403,15893,-1,0.00000
72411,1043,-1,0.00000
72411,13806,-1,0.00000
72411,25133,-1,0.00000
72411,36712,-1,0.00000
72411,57972,-1,0.00000
72511,1043,-1,0.00000
72511,13806,-1,0.00000
72511,25133,-1,0.00000
72511,36712,-1,0.65111
72511,57972,-1,0.53395
72513,33547,-1,0.00000
72513,18165,-1,0.00000
72513,21150,-1,0.00000
72513,15893,-1,0.00000
72620,1043,-1,0.00000
72620,13806,-1,0.00000
72620,25133,-1,0.00000
72620,36712,-1,0.00000
72620,57972,-1,0.00000
72623,33547,-1,0.00000
72623,18165,-1,0.14264
72623,21150,-1,0.00000
72623,15893,-1,0.00000
72723,1043,-1,0.00000
72723,13806,-1,0.00000
72723,25133,-1,0.23170
72723,36712,-1,0.00000
72723,57972,-1,0.00000
72723,33547,-1,0.00000
72723,18165,-1,0.00000
72723,21150,-1,0.00000
72723,15893,-1,0.19314
72824,33547,-1,0.00000
72824,18165,-1,0.00000
72824,21150,-1,0.00000
72824,15893,-1,0.00000
72831,1043,-1,0.60336
72831,13806,-1,0.00000
72831,25133,-1,0.00000
72831,36712,-1,0.00000
72831,57972,-1,0.00000
72933,1043,-1,0.00000
72933,13806,-1,0.00000
72933,25133,-1,0.00000
72933,36712,-1,0.00000
72933,57972,-1,0.00000
72933,33547,-1,0.03866
72933,18165,-1,0.00000
72933,21150,-1,0.00000
72933,15893,-1,0.00000
73035,33547,-1,0.00000
73035,18165,-1,0.00000
73035,21150,-1,0.31115
73035,15893,-1,0.00000
73040,1043,-1,0.00000
73040,13806,-1,0.11434
73040,25133,-1,0.00000
73040,36712,-1,0.00000
73040,57972,-1,0.00000
73141,1043,-1,0.00000
73141,13806,-1,0.57239
73141,25133,-1,0.00000
73141,36712,-1,0.00000
73141,57972,-1,0.43935
73146,33547,-1,0.00000
73146,18165,-1,0.00000
73146,21150,-1,0.00000
73146,15893,-1,0.00000
73241,1043,-1,0.00000
73241,13806,-1,0.00000
73241,25133,-1,0.00000
73241,36712,-1,0.00000
73241,57972,-1,0.00000
73254,33547,-1,0.03909
73254,18165,-1,0.00000
73254,21150,-1,0.00000
73254,15893,-1,0.00000
73342,1043,-1,0.75021
73342,13806,-1,0.00000
73342,25133,-1,0.00000
73342,36712,-1,0.14198
73342,57972,-1,0.00000
73354,33547,-1,0.00000
73354,18165,-1,0.12798
73354,21150,-1,0.00000
73354,15893,-1,0.19448
73450,1043,-1,0.00000
73450,13806,-1,0.00000
73450,25133,-1,0.00000
73450,36712,-1,0.60524
73450,57972,-1,0.00000
73463,33547,-1,0.00000
73463,18165,-1,0.00000
73463,21150,-1,0.00000
73463,15893,-1,0.00000
73551,1043,-1,0.00000
73551,13806,-1,0.00000
73551,25133,-1,0.00000
73551,36712,-1,0.00000
73551,57972,-1,0.00000
73563,33547,-1,0.04219
73563,18165,-1,0.00000
73563,21150,-1,0.00000
73563,15893,-1,0.00000
73662,1043,-1,0.00000
73662,13806,-1,0.11117
73662,25133,-1,0.00000
73662,36712,-1,0.00000
73662,57972,-1,0.39818
73672,33547,-1,0.15966
73672,18165,-1,0.00000
73672,21150,-1,0.00000
73672,15893,-1,0.00000
73773,1043,-1,0.00000
73773,13806,-1,0.00000
73773,25133,-1,0.00000
73773,36712,-1,0.00000
73773,57972,-1,0.00000
73773,33547,-1,0.00000
73773,18165,-1,0.00000
73773,21150,-1,0.00000
73773,15893,-1,0.00000
73873,1043,-1,0.00000
73873,13806,-1,0.12276
73873,25133,-1,0.00000
73873,36712,-1,0.00000
73873,57972,-1,0.00000
73874,33547,-1,0.00000
73874,18165,-1,0.12736
73874,21150,-1,0.38319
73874,15893,-1,0.00000
73982,1043,-1,0.69730
73982,13806,-1,0.46170
73982,25133,-1,0.00000
73982,36712,-1,0.00000
73982,57972,-1,0.00000
73983,33547,-1,0.00000
73983,18165,-1,0.00000
73983,21150,-1,0.00000
73983,15893,-1,0.00000
74083,33547,-1,0.00000
74083,18165,-1,0.00000
74083,21150,-1,0.00000
74083,15893,-1,0.00000
74092,1043,-1,0.00000
74092,13806,-1,0.00000
74092,25133,-1,0.00000
74092,36712,-1,0.00000
74092,57972,-1,0.00000
74192,33547,-1,0.17806
74192,18165,-1,0.00000
74192,21150,-1,0.00000
74192,15893,-1,0.03864
74202,1043,-1,0.00000
74202,13806,-1,0.00000
74202,25133,-1,0.00000
74202,36712,-1,0.13062
74202,57972,-1,0.00000
74293,33547,-1,0.00000
74293,18165,-1,0.00000
74293,21150,-1,0.00000
74293,15893,-1,0.00000
74310,1043,-1,0.00000
74310,13806,-1,0.00000
74310,25133,-1,0.17895
74310,36712,-1,0.60291
74310,57972,-1,0.00000
74393,33547,-1,0.00000
74393,18165,-1,0.00000
74393,21150,-1,0.00000
74393,15893,-1,0.00000
74412,1043,-1,0.00000
74412,13806,-1,0.00000
74412,25133,-1,0.00000
74412,36712,-1,0.00000
74412,57972,-1,0.00000
74503,33547,-1,0.00000
74503,18165,-1,0.00000
74503,21150,-1,0.00000
74503,15893,-1,0.03854
74521,1043,-1,0.00000
74521,13806,-1,0.52621
74521,25133,-1,0.00000
74521,36712,-1,0.00000
74521,57972,-1,0.49319
74613,33547,-1,0.00000
74613,18165,-1,0.00000
74613,21150,-1,0.28789
74613,15893,-1,0.17648
74630,1043,-1,0.00000
74630,13806,-1,0.00000
74630,25133,-1,0.00000
74630,36712,-1,0.00000
74630,57972,-1,0.00000
74713,33547,-1,0.00000
74713,18165,-1,0.00000
74713,21150,-1,0.00000
74713,15893,-1,0.00000
74731,1043,-1,0.00000
74731,13806,-1,0.00000
74731,25133,-1,0.00000
74731,36712,-1,0.00000
74731,57972,-1,0.00000
74824,33547,-1,0.00000
74824,18165,-1,0.02531
74824,21150,-1,0.00000
74824,15893,-1,0.00000
74834,1043,-1,0.89298
74834,13806,-1,0.00000
74834,25133,-1,0.00000
74834,36712,-1,0.00000
74834,57972,-1,0.00000
74933,33547,-1,0.00000
74933,18165,-1,0.10326
74933,21150,-1,0.00000
74933,15893,-1,0.00000
74940,1043,-1,0.00000
74940,13806,-1,0.00000
74940,25133,-1,0.00000
74940,36712,-1,0.61645
74940,57972,-1,0.00000
75033,33547,-1,0.00000
75033,18165,-1,0.00000
75033,21150,-1,0.00000
75033,15893,-1,0.00000
75041,1043,-1,0.00000
75041,13806,-1,0.00000
75041,25133,-1,0.00000
75041,36712,-1,0.00000
75041,57972,-1,0.00000
75141,1043,-1,0.00000
75141,13806,-1,0.00000
75141,25133,-1,0.00000
75141,36712,-1,0.00000
75141,57972,-1,0.38708
75143,33547,-1,0.21654
75143,18165,-1,0.00000
75143,21150,-1,0.00000
75143,15893,-1,0.17793
75250,1043,-1,0.00000
75250,13806,-1,0.00000
75250,25133,-1,0.00000
75250,36712,-1,0.00000
75250,57972,-1,0.00000
75253,33547,-1,0.00000
75253,18165,-1,0.00000
75253,21150,-1,0.00000
75253,15893,-1,0.00000
75351,1043,-1,0.00000
75351,13806,-1,0.00000
75351,25133,-1,0.00000
75351,36712,-1,0.00000
75351,57972,-1,0.00000
75353,33547,-1,0.00000
75353,18165,-1,0.00000
75353,21150,-1,0.06756
75353,15893,-1,0.00000
75452,1043,-1,0.00000
75452,13806,-1,0.00000
75452,25133,-1,0.00000
75452,36712,-1,0.00000
75452,57972,-1,0.00000
75463,33547,-1,0.00000
75463,18165,-1,0.11634
75463,21150,-1,0.28843
75463,15893,-1,0.00000
75560,1043,-1,0.00000
75560,13806,-1,0.00000
75560,25133,-1,0.00000
75560,36712,-1,0.00000
75560,57972,-1,0.00000
75573,33547,-1,0.00000
75573,18165,-1,0.00000
75573,21150,-1,0.00000
75573,15893,-1,0.00000
75661,1043,-1,0.00000
75661,13806,-1,0.00000
75661,25133,-1,0.04205
75661,36712,-1,0.00000
75661,57972,-1,0.00000
75683,33547,-1,0.03861
75683,18165,-1,0.00000
75683,21150,-1,0.00000
75683,15893,-1,0.00000
75761,1043,-1,0.00000
75761,13806,-1,0.00000
75761,25133,-1,0.00000
75761,36712,-1,0.60413
75761,57972,-1,0.00000
75793,33547,-1,0.17668
75793,18165,-1,0.00000
75793,21150,-1,0.00000
75793,15893,-1,0.17668
75870,1043,-1,0.00000
75870,13806,-1,0.00000
75870,25133,-1,0.00000
75870,36712,-1,0.00000
75870,57972,-1,0.00000
75893,33547,-1,0.00000
75893,18165,-1,0.00000
75893,21150,-1,0.00000
75893,15893,-1,0.00000
75972,1043,-1,0.00000
75972,13806,-1,0.00000
75972,25133,-1,0.04169
75972,36712,-1,0.00000
75972,57972,-1,0.00000
75993,33547,-1,0.00000
75993,18165,-1,0.00000
75993,21150,-1,0.06758
75993,15893,-1,0.00000
76080,1043,-1,0.62191
76080,13806,-1,0.52798
76080,25133,-1,0.00000
76080,36712,-1,0.00000
76080,57972,-1,0.00000
76094,33547,-1,0.00000
76094,18165,-1,0.12716
76094,21150,-1,0.27965
76094,15893,-1,0.00000
76181,1043,-1,0.00000
76181,13806,-1,0.00000
76181,25133,-1,0.00000
76181,36712,-1,0.00000
76181,57972,-1,0.00000
76203,33547,-1,0.00000
76203,18165,-1,0.00000
76203,21150,-1,0.00000
76203,15893,-1,0.00000
76282,1043,-1,0.00000
76282,13806,-1,0.00000
76282,25133,-1,0.17728
76282,36712,-1,0.14184
76282,57972,-1,0.00000
76304,33547,-1,0.00000
76304,18165,-1,0.00000
76304,21150,-1,0.00000
76304,15893,-1,0.04187
76391,1043,-1,0.00000
76391,13806,-1,0.00000
76391,25133,-1,0.00000
76391,36712,-1,0.53465
76391,57972,-1,0.00000
76413,33547,-1,0.16450
76413,18165,-1,0.00000
76413,21150,-1,0.00000
76413,15893,-1,0.16450
76500,1043,-1,0.00000
76500,13806,-1,0.00000
76500,25133,-1,0.00000
76500,36712,-1,0.00000
76500,57972,-1,0.00000
76523,33547,-1,0.00000
76523,18165,-1,0.00000
76523,21150,-1,0.00000
76523,15893,-1,0.00000
76601,1043,-1,0.00000
76601,13806,-1,0.12273
76601,25133,-1,0.00000
76601,36712,-1,0.00000
76601,57972,-1,0.00000
76633,33547,-1,0.00000
76633,18165,-1,0.00000
76633,21150,-1,0.00000
76633,15893,-1,0.00000
76701,1043,-1,0.00000
76701,13806,-1,0.57084
76701,25133,-1,0.00000
76701,36712,-1,0.00000
76701,57972,-1,0.00000
76734,33547,-1,0.00000
76734,18165,-1,0.11704
76734,21150,-1,0.28486
76734,15893,-1,0.00000
76810,1043,-1,0.00000
76810,13806,-1,0.00000
76810,25133,-1,0.00000
76810,36712,-1,0.00000
76810,57972,-1,0.00000
76843,33547,-1,0.00000
76843,18165,-1,0.00000
76843,21150,-1,0.00000
76843,15893,-1,0.00000
76911,1043,-1,0.91314
76911,13806,-1,0.00000
76911,25133,-1,0.00000
76911,36712,-1,0.65138
76911,57972,-1,0.00000
76953,33547,-1,0.00000
76953,18165,-1,0.00000
76953,21150,-1,0.00000
76953,15893,-1,0.00000
77011,1043,-1,0.00000
77011,13806,-1,0.00000
77011,25133,-1,0.00000
77011,36712,-1,0.00000
77011,57972,-1,0.00000
77053,33547,-1,0.00000
77053,18165,-1,0.00000
77053,21150,-1,0.00000
77053,15893,-1,0.00000
77113,1043,-1,0.00000
77113,13806,-1,0.00000
77113,25133,-1,0.00000
77113,36712,-1,0.00000
77113,57972,-1,0.00000
77153,33547,-1,0.00000
77153,18165,-1,0.00000
77153,21150,-1,0.00000
77153,15893,-1,0.00000
77221,1043,-1,0.00000
77221,13806,-1,0.00000
77221,25133,-1,0.00000
77221,36712,-1,0.00000
77221,57972,-1,0.37080
77253,33547,-1,0.00000
77253,18165,-1,0.00000
77253,21150,-1,0.00000
77253,15893,-1,0.04223
77331,1043,-1,0.00000
77331,13806,-1,0.00000
77331,25133,-1,0.00000
77331,36712,-1,0.00000
77331,57972,-1,0.00000
77364,33547,-1,0.00000
77364,18165,-1,0.11581
77364,21150,-1,0.25469
77364,15893,-1,0.00000
77433,1043,-1,0.00000
77433,13806,-1,0.00000
77433,25133,-1,0.00000
77433,36712,-1,0.00000
77433,57972,-1,0.00000
77473,33547,-1,0.00000
77473,18165,-1,0.00000
77473,21150,-1,0.00000
77473,15893,-1,0.00000
77541,1043,-1,0.00000
77541,13806,-1,0.64161
77541,25133,-1,0.00000
77541,36712,-1,0.00000
77541,57972,-1,0.00000
77584,33547,-1,0.17625
77584,18165,-1,0.00000
77584,21150,-1,0.00000
77584,15893,-1,0.21450
77650,1043,-1,0.00000
77650,13806,-1,0.00000
77650,25133,-1,0.00000
77650,36712,-1,0.53529
77650,57972,-1,0.00000
77694,33547,-1,0.00000
77694,18165,-1,0.00000
77694,21150,-1,0.00000
77694,15893,-1,0.00000
77751,1043,-1,0.00000
77751,13806,-1,0.00000
77751,25133,-1,0.04194
77751,36712,-1,0.00000
77751,57972,-1,0.00000
77794,33547,-1,0.00000
77794,18165,-1,0.00000
77794,21150,-1,0.00000
77794,15893,-1,0.00000
77851,1043,-1,0.75617
77851,13806,-1,0.00000
77851,25133,-1,0.19419
77851,36712,-1,0.00000
77851,57972,-1,0.00000
77903,33547,-1,0.00000
77903,18165,-1,0.00000
77903,21150,-1,0.29176
77903,15893,-1,0.00000
77961,1043,-1,0.00000
77961,13806,-1,0.00000
77961,25133,-1,0.00000
77961,36712,-1,0.00000
77961,57972,-1,0.00000
78003,33547,-1,0.00000
78003,18165,-1,0.00000
78003,21150,-1,0.00000
78003,15893,-1,0.00000
78061,1043,-1,0.00000
78061,13806,-1,0.00000
78061,25133,-1,0.00000
78061,36712,-1,0.00000
78061,57972,-1,0.53618
78113,33547,-1,0.00000
78113,18165,-1,0.00000
78113,21150,-1,0.00000
78113,15893,-1,0.00000
78170,1043,-1,0.00000
78170,13806,-1,0.00000
78170,25133,-1,0.00000
78170,36712,-1,0.60050
78170,57972,-1,0.00000
78213,33547,-1,0.00000
78213,18165,-1,0.15536
78213,21150,-1,0.00000
78213,15893,-1,0.19385
78271,1043,-1,0.00000
78271,13806,-1,0.00000
78271,25133,-1,0.00000
78271,36712,-1,0.00000
78271,57972,-1,0.00000
78323,33547,-1,0.00000
78323,18165,-1,0.00000
78323,21150,-1,0.00000
78323,15893,-1,0.00000
78371,1043,-1,0.75787
78371,13806,-1,0.69668
78371,25133,-1,0.00000
78371,36712,-1,0.00000
78371,57972,-1,0.00000
78425,33547,-1,0.00000
78425,18165,-1,0.00000
78425,21150,-1,0.00000
78425,15893,-1,0.00000
78481,1043,-1,0.00000
78481,13806,-1,0.00000
78481,25133,-1,0.00000
78481,36712,-1,0.00000
78481,57972,-1,0.00000
78533,33547,-1,0.16153
78533,18165,-1,0.00000
78533,21150,-1,0.00000
78533,15893,-1,0.00000
78591,1043,-1,0.00000
78591,13806,-1,0.00000
78591,25133,-1,0.00000
78591,36712,-1,0.00000
78591,57972,-1,0.08852
78643,33547,-1,0.00000
78643,18165,-1,0.00000
78643,21150,-1,0.00000
78643,15893,-1,0.00000
78701,1043,-1,0.00000
78701,13806,-1,0.00000
78701,25133,-1,0.00000
78701,36712,-1,0.53381
78701,57972,-1,0.40266
78743,33547,-1,0.00000
78743,18165,-1,0.00000
78743,21150,-1,0.06772
78743,15893,-1,0.00000
78801,1043,-1,0.00000
78801,13806,-1,0.00000
78801,25133,-1,0.00000
78801,36712,-1,0.00000
78801,57972,-1,0.00000
78843,33547,-1,0.00000
78843,18165,-1,0.12784
78843,21150,-1,0.31692
78843,15893,-1,0.00000
78911,1043,-1,0.00000
78911,13806,-1,0.00000
78911,25133,-1,0.00000
78911,36712,-1,0.00000
78911,57972,-1,0.00000
78944,33547,-1,0.00000
78944,18165,-1,0.00000
78944,21150,-1,0.00000
78944,15893,-1,0.00000
79020,1043,-1,0.00000
79020,13806,-1,0.00000
79020,25133,-1,0.00000
79020,36712,-1,0.00000
79020,57972,-1,0.00000
79053,33547,-1,0.00000
79053,18165,-1,0.00000
79053,21150,-1,0.00000
79053,15893,-1,0.21750
79121,1043,-1,0.00000
79121,13806,-1,0.00000
79121,25133,-1,0.00000
79121,36712,-1,0.00000
79121,57972,-1,0.00000
79153,33547,-1,0.19448
79153,18165,-1,0.00000
79153,21150,-1,0.00000
79153,15893,-1,0.00000
79231,1043,-1,0.00000
79231,13806,-1,0.11242
79231,25133,-1,0.00000
79231,36712,-1,0.00000
79231,57972,-1,0.40266
79253,33547,-1,0.00000
79253,18165,-1,0.00000
79253,21150,-1,0.00000
79253,15893,-1,0.00000
79331,1043,-1,0.00000
79331,13806,-1,0.00000
79331,25133,-1,0.00000
79331,36712,-1,0.00000
79331,57972,-1,0.00000
79363,33547,-1,0.00000
79363,18165,-1,0.00000
79363,21150,-1,0.00000
79363,15893,-1,0.00000
79433,1043,-1,0.00000
79433,13806,-1,0.00000
79433,25133,-1,0.00000
79433,36712,-1,0.00000
79433,57972,-1,0.00000
79463,33547,-1,0.00000
79463,18165,-1,0.00000
79463,21150,-1,0.31724
79463,15893,-1,0.00000
79542,1043,-1,0.69507
79542,13806,-1,0.00000
79542,25133,-1,0.21724
79542,36712,-1,0.00000
79542,57972,-1,0.00000
79564,33547,-1,0.00000
79564,18165,-1,0.00000
79564,21150,-1,0.00000
79564,15893,-1,0.00000
79651,1043,-1,0.00000
79651,13806,-1,0.00000
79651,25133,-1,0.00000
79651,36712,-1,0.00000
79651,57972,-1,0.00000
79673,33547,-1,0.00000
79673,18165,-1,0.14290
79673,21150,-1,0.00000
79673,15893,-1,0.00000
79761,1043,-1,0.00000
79761,13806,-1,0.00000
79761,25133,-1,0.00000
79761,36712,-1,0.13016
79761,57972,-1,0.00000
79783,33547,-1,0.00000
79783,18165,-1,0.00000
79783,21150,-1,0.00000
79783,15893,-1,0.15866
79871,1043,-1,0.00000
79871,13806,-1,0.52158
79871,25133,-1,0.00000
79871,36712,-1,0.53074
79871,57972,-1,0.00000
79893,33547,-1,0.00000
79893,18165,-1,0.00000
79893,21150,-1,0.00000
79893,15893,-1,0.00000
79971,1043,-1,0.00000
79971,13806,-1,0.00000
79971,25133,-1,0.00000
79971,36712,-1,0.00000
79971,57972,-1,0.00000
80003,33547,-1,0.21536
80003,18165,-1,0.00000
80003,21150,-1,0.00000
80003,15893,-1,0.00000
80081,1043,-1,0.00000
80081,13806,-1,0.00000
80081,25133,-1,0.00000
80081,36712,-1,0.00000
80081,57972,-1,0.08859
80113,33547,-1,0.00000
80113,18165,-1,0.00000
80113,21150,-1,0.00000
80113,15893,-1,0.00000
80183,1043,-1,0.00000
80183,13806,-1,0.00000
80183,25133,-1,0.00000
80183,36712,-1,0.00000
80183,57972,-1,0.39007
80214,33547,-1,0.00000
80214,18165,-1,0.00000
80214,21150,-1,0.00000
80214,15893,-1,0.00000
80291,1043,-1,0.00000
80291,13806,-1,0.00000
80291,25133,-1,0.00000
80291,36712,-1,0.00000
80291,57972,-1,0.00000
80314,33547,-1,0.00000
80314,18165,-1,0.12756
80314,21150,-1,0.38381
80314,15893,-1,0.00000
80394,1043,-1,0.00000
80394,13806,-1,0.00000
80394,25133,-1,0.00000
80394,36712,-1,0.00000
80394,57972,-1,0.00000
80423,33547,-1,0.00000
80423,18165,-1,0.00000
80423,21150,-1,0.00000
80423,15893,-1,0.00000
80501,1043,-1,0.77746
80501,13806,-1,0.48497
80501,25133,-1,0.00000
80501,36712,-1,0.00000
80501,57972,-1,0.00000
80524,33547,-1,0.00000
80524,18165,-1,0.00000
80524,21150,-1,0.00000
80524,15893,-1,0.00000
80612,1043,-1,0.00000
80612,13806,-1,0.00000
80612,25133,-1,0.00000
80612,36712,-1,0.00000
80612,57972,-1,0.00000
80633,33547,-1,0.00000
80633,18165,-1,0.00000
80633,21150,-1,0.00000
80633,15893,-1,0.21725
80721,1043,-1,0.00000
80721,13806,-1,0.00000
80721,25133,-1,0.00000
80721,36712,-1,0.00000
80721,57972,-1,0.00000
80733,33547,-1,0.00000
80733,18165,-1,0.00000
80733,21150,-1,0.00000
80733,15893,-1,0.00000
80831,1043,-1,0.00000
80831,13806,-1,0.00000
80831,25133,-1,0.00000
80831,36712,-1,0.54668
80831,57972,-1,0.00000
80833,33547,-1,0.00000
80833,18165,-1,0.00000
80833,21150,-1,0.00000
80833,15893,-1,0.00000
80933,33547,-1,0.23687
80933,18165,-1,0.00000
80933,21150,-1,0.28167
80933,15893,-1,0.00000
80941,1043,-1,0.00000
80941,13806,-1,0.00000
80941,25133,-1,0.00000
80941,36712,-1,0.00000
80941,57972,-1,0.00000
81044,33547,-1,0.00000
81044,18165,-1,0.00000
81044,21150,-1,0.00000
81044,15893,-1,0.00000
81050,1043,-1,0.00000
81050,13806,-1,0.46016
81050,25133,-1,0.00000
81050,36712,-1,0.00000
81050,57972,-1,0.49310
81151,1043,-1,0.00000
81151,13806,-1,0.00000
81151,25133,-1,0.00000
81151,36712,-1,0.00000
81151,57972,-1,0.00000
81153,33547,-1,0.00000
81153,18165,-1,0.00000
81153,21150,-1,0.00000
81153,15893,-1,0.00000
81251,1043,-1,0.00000
81251,13806,-1,0.00000
81251,25133,-1,0.00000
81251,36712,-1,0.00000
81251,57972,-1,0.00000
81253,33547,-1,0.00000
81253,18165,-1,0.14492
81253,21150,-1,0.00000
81253,15893,-1,0.17825
81351,1043,-1,0.75546
81351,13806,-1,0.00000
81351,25133,-1,0.23611
81351,36712,-1,0.00000
81351,57972,-1,0.00000
81363,33547,-1,0.00000
81363,18165,-1,0.00000
81363,21150,-1,0.00000
81363,15893,-1,0.00000
81460,1043,-1,0.00000
81460,13806,-1,0.00000
81460,25133,-1,0.00000
81460,36712,-1,0.00000
81460,57972,-1,0.00000
81463,33547,-1,0.00000
81463,18165,-1,0.00000
81463,21150,-1,0.00000
81463,15893,-1,0.00000
81566,33547,-1,0.00000
81566,18165,-1,0.00000
81566,21150,-1,0.27937
81566,15893,-1,0.00000
81566,1043,-1,0.00000
81566,13806,-1,0.00000
81566,25133,-1,0.00000
81566,36712,-1,0.13518
81566,57972,-1,0.00000
81673,1043,-1,0.00000
81673,13806,-1,0.00000
81673,25133,-1,0.00000
81673,36712,-1,0.61771
81673,57972,-1,0.41485
81673,33547,-1,0.00000
81673,18165,-1,0.00000
81673,21150,-1,0.00000
81673,15893,-1,0.00000
81774,33547,-1,0.00000
81774,18165,-1,0.00000
81774,21150,-1,0.00000
81774,15893,-1,0.00000
81781,1043,-1,0.00000
81781,13806,-1,0.00000
81781,25133,-1,0.00000
81781,36712,-1,0.00000
81781,57972,-1,0.00000
81881,1043,-1,0.00000
81881,13806,-1,0.12283
81881,25133,-1,0.00000
81881,36712,-1,0.00000
81881,57972,-1,0.00000
81883,33547,-1,0.00000
81883,18165,-1,0.00000
81883,21150,-1,0.00000
81883,15893,-1,0.00000
81991,1043,-1,0.69151
81991,13806,-1,0.52349
81991,25133,-1,0.00000
81991,36712,-1,0.00000
81991,57972,-1,0.00000
81993,33547,-1,0.00000
81993,18165,-1,0.00000
81993,21150,-1,0.00000
81993,15893,-1,0.00000
82091,1043,-1,0.00000
82091,13806,-1,0.00000
82091,25133,-1,0.00000
82091,36712,-1,0.00000
82091,57972,-1,0.00000
82094,33547,-1,0.00000
82094,18165,-1,0.00000
82094,21150,-1,0.00000
82094,15893,-1,0.04190
82194,1043,-1,0.00000
82194,13806,-1,0.00000
82194,25133,-1,0.00000
82194,36712,-1,0.13913
82194,57972,-1,0.42716
82194,33547,-1,0.00000
82194,18165,-1,0.00000
82194,21150,-1,0.00000
82194,15893,-1,0.19442
82301,1043,-1,0.00000
82301,13806,-1,0.00000
82301,25133,-1,0.16283
82301,36712,-1,0.00000
82301,57972,-1,0.00000
82303,33547,-1,0.00000
82303,18165,-1,0.00000
82303,21150,-1,0.00000
82303,15893,-1,0.00000
82404,33547,-1,0.21939
82404,18165,-1,0.00000
82404,21150,-1,0.00000
82404,15893,-1,0.00000
82404,1043,-1,0.00000
82404,13806,-1,0.00000
82404,25133,-1,0.00000
82404,36712,-1,0.00000
82404,57972,-1,0.00000
82511,1043,-1,0.00000
82511,13806,-1,0.53591
82511,25133,-1,0.00000
82511,36712,-1,0.13398
82511,57972,-1,0.00000
82513,33547,-1,0.00000
82513,18165,-1,0.11738
82513,21150,-1,0.00000
82513,15893,-1,0.00000
82611,1043,-1,0.00000
82611,13806,-1,0.00000
82611,25133,-1,0.00000
82611,36712,-1,0.65429
82611,57972,-1,0.00000
82613,33547,-1,0.00000
82613,18165,-1,0.00000
82613,21150,-1,0.00000
82613,15893,-1,0.00000
82712,1043,-1,0.00000
82712,13806,-1,0.00000
82712,25133,-1,0.00000
82712,36712,-1,0.00000
82712,57972,-1,0.00000
82715,33547,-1,0.00000
82715,18165,-1,0.00000
82715,21150,-1,0.06686
82715,15893,-1,0.00000
82822,1043,-1,0.83913
82822,13806,-1,0.00000
82822,25133,-1,0.00000
82822,36712,-1,0.00000
82822,57972,-1,0.40200
82823,33547,-1,0.00000
82823,18165,-1,0.00000
82823,21150,-1,0.29298
82823,15893,-1,0.00000
82923,33547,-1,0.00000
82923,18165,-1,0.00000
82923,21150,-1,0.00000
82923,15893,-1,0.00000
82931,1043,-1,0.00000
82931,13806,-1,0.00000
82931,25133,-1,0.00000
82931,36712,-1,0.00000
82931,57972,-1,0.00000
83033,1043,-1,0.00000
83033,13806,-1,0.00000
83033,25133,-1,0.00000
83033,36712,-1,0.00000
83033,57972,-1,0.00000
83033,33547,-1,0.00000
83033,18165,-1,0.00000
83033,21150,-1,0.00000
83033,15893,-1,0.21614
83133,33547,-1,0.00000
83133,18165,-1,0.00000
83133,21150,-1,0.31748
83133,15893,-1,0.00000
83142,1043,-1,0.00000
83142,13806,-1,0.52539
83142,25133,-1,0.21691
83142,36712,-1,0.00000
83142,57972,-1,0.00000
83243,33547,-1,0.00000
83243,18165,-1,0.00000
83243,21150,-1,0.00000
83243,15893,-1,0.00000
83250,1043,-1,0.00000
83250,13806,-1,0.00000
83250,25133,-1,0.00000
83250,36712,-1,0.00000
83250,57972,-1,0.00000
83351,1043,-1,0.00000
83351,13806,-1,0.00000
83351,25133,-1,0.00000
83351,36712,-1,0.14257
83351,57972,-1,0.00000
83353,33547,-1,0.17746
83353,18165,-1,0.02546
83353,21150,-1,0.00000
83353,15893,-1,0.00000
83461,1043,-1,0.59520
83461,13806,-1,0.00000
83461,25133,-1,0.00000
83461,36712,-1,0.59520
83461,57972,-1,0.00000
83463,33547,-1,0.00000
83463,18165,-1,0.10254
83463,21150,-1,0.00000
83463,15893,-1,0.00000
83564,33547,-1,0.00000
83564,18165,-1,0.00000
83564,21150,-1,0.00000
83564,15893,-1,0.00000
83564,1043,-1,0.00000
83564,13806,-1,0.00000
83564,25133,-1,0.00000
83564,36712,-1,0.00000
83564,57972,-1,0.00000
83671,1043,-1,0.00000
83671,13806,-1,0.00000
83671,25133,-1,0.00000
83671,36712,-1,0.00000
83671,57972,-1,0.50279
83673,33547,-1,0.00000
83673,18165,-1,0.00000
83673,21150,-1,0.00000
83673,15893,-1,0.00000
83772,1043,-1,0.00000
83772,13806,-1,0.00000
83772,25133,-1,0.19204
83772,36712,-1,0.00000
83772,57972,-1,0.00000
83783,33547,-1,0.00000
83783,18165,-1,0.00000
83783,21150,-1,0.00000
83783,15893,-1,0.17710
83881,1043,-1,0.00000
83881,13806,-1,0.00000
83881,25133,-1,0.00000
83881,36712,-1,0.00000
83881,57972,-1,0.00000
83884,33547,-1,0.00000
83884,18165,-1,0.00000
83884,21150,-1,0.00000
83884,15893,-1,0.00000
83981,1043,-1,0.00000
83981,13806,-1,0.12276
83981,25133,-1,0.00000
83981,36712,-1,0.65467
83981,57972,-1,0.00000
83993,33547,-1,0.00000
83993,18165,-1,0.00000
83993,21150,-1,0.00000
83993,15893,-1,0.00000
84091,1043,-1,0.00000
84091,13806,-1,0.00000
84091,25133,-1,0.00000
84091,36712,-1,0.00000
84091,57972,-1,0.00000
84093,33547,-1,0.00000
84093,18165,-1,0.12759
84093,21150,-1,0.38388
84093,15893,-1,0.00000
84202,1043,-1,0.82502
84202,13806,-1,0.00000
84202,25133,-1,0.00000
84202,36712,-1,0.00000
84202,57972,-1,0.00000
84203,33547,-1,0.00000
84203,18165,-1,0.00000
84203,21150,-1,0.00000
84203,15893,-1,0.00000
84302,1043,-1,0.00000
84302,13806,-1,0.00000
84302,25133,-1,0.00000
84302,36712,-1,0.00000
84302,57972,-1,0.44003
84313,33547,-1,0.03837
84313,18165,-1,0.00000
84313,21150,-1,0.00000
84313,15893,-1,0.00000
84411,1043,-1,0.00000
84411,13806,-1,0.00000
84411,25133,-1,0.00000
84411,36712,-1,0.00000
84411,57972,-1,0.00000
84424,33547,-1,0.17504
84424,18165,-1,0.00000
84424,21150,-1,0.00000
84424,15893,-1,0.00000
84511,1043,-1,0.00000
84511,13806,-1,0.56868
84511,25133,-1,0.04187
84511,36712,-1,0.00000
84511,57972,-1,0.00000
84535,33547,-1,0.00000
84535,18165,-1,0.00000
84535,21150,-1,0.00000
84535,15893,-1,0.00000
84621,1043,-1,0.00000
84621,13806,-1,0.00000
84621,25133,-1,0.00000
84621,36712,-1,0.53378
84621,57972,-1,0.00000
84643,33547,-1,0.00000
84643,18165,-1,0.00000
84643,21150,-1,0.00000
84643,15893,-1,0.03923
84721,1043,-1,0.00000
84721,13806,-1,0.00000
84721,25133,-1,0.00000
84721,36712,-1,0.00000
84721,57972,-1,0.00000
84743,33547,-1,0.00000
84743,18165,-1,0.00000
84743,21150,-1,0.28060
84743,15893,-1,0.19389
84821,1043,-1,0.67389
84821,13806,-1,0.00000
84821,25133,-1,0.22088
84821,36712,-1,0.00000
84821,57972,-1,0.00000
84843,33547,-1,0.00000
84843,18165,-1,0.00000
84843,21150,-1,0.00000
84843,15893,-1,0.00000
84931,1043,-1,0.00000
84931,13806,-1,0.00000
84931,25133,-1,0.00000
84931,36712,-1,0.00000
84931,57972,-1,0.00000
84952,33547,-1,0.00000
84952,18165,-1,0.02562
84952,21150,-1,0.00000
84952,15893,-1,0.00000
85031,1043,-1,0.00000
85031,13806,-1,0.00000
85031,25133,-1,0.00000
85031,36712,-1,0.00000
85031,57972,-1,0.00000
85053,33547,-1,0.19333
85053,18165,-1,0.12722
85053,21150,-1,0.00000
85053,15893,-1,0.00000
85131,1043,-1,0.00000
85131,13806,-1,0.00000
85131,25133,-1,0.00000
85131,36712,-1,0.00000
85131,57972,-1,0.09728
85163,33547,-1,0.00000
85163,18165,-1,0.00000
85163,21150,-1,0.00000
85163,15893,-1,0.00000
85243,1043,-1,0.00000
85243,13806,-1,0.00000
85243,25133,-1,0.00000
85243,36712,-1,0.00000
85243,57972,-1,0.00000
85263,33547,-1,0.00000
85263,18165,-1,0.00000
85263,21150,-1,0.00000
85263,15893,-1,0.00000
85351,1043,-1,0.00000
85351,13806,-1,0.11338
85351,25133,-1,0.00000
85351,36712,-1,0.00000
85351,57972,-1,0.00000
85373,33547,-1,0.00000
85373,18165,-1,0.00000
85373,21150,-1,0.28967
85373,15893,-1,0.00000
85461,1043,-1,0.00000
85461,13806,-1,0.47519
85461,25133,-1,0.17710
85461,36712,-1,0.00000
85461,57972,-1,0.00000
85473,33547,-1,0.00000
85473,18165,-1,0.00000
85473,21150,-1,0.00000
85473,15893,-1,0.00000
85562,1043,-1,0.00000
85562,13806,-1,0.00000
85562,25133,-1,0.00000
85562,36712,-1,0.00000
85562,57972,-1,0.00000
85574,33547,-1,0.00000
85574,18165,-1,0.00000
85574,21150,-1,0.00000
85574,15893,-1,0.00000
85663,1043,-1,0.16061
85663,13806,-1,0.00000
85663,25133,-1,0.00000
85663,36712,-1,0.00000
85663,57972,-1,0.00000
85683,33547,-1,0.00000
85683,18165,-1,0.11754
85683,21150,-1,0.00000
85683,15893,-1,0.21739
85771,1043,-1,0.60628
85771,13806,-1,0.00000
85771,25133,-1,0.00000
85771,36712,-1,0.55894
85771,57972,-1,0.00000
85793,33547,-1,0.00000
85793,18165,-1,0.00000
85793,21150,-1,0.00000
85793,15893,-1,0.00000
85871,1043,-1,0.00000
85871,13806,-1,0.00000
85871,25133,-1,0.00000
85871,36712,-1,0.00000
85871,57972,-1,0.00000
85904,33547,-1,0.00000
85904,18165,-1,0.00000
85904,21150,-1,0.00000
85904,15893,-1,0.00000
85983,1043,-1,0.00000
85983,13806,-1,0.10959
85983,25133,-1,0.17348
85983,36712,-1,0.00000
85983,57972,-1,0.00000
86013,33547,-1,0.19738
86013,18165,-1,0.00000
86013,21150,-1,0.00000
86013,15893,-1,0.00000
86091,1043,-1,0.00000
86091,13806,-1,0.00000
86091,25133,-1,0.00000
86091,36712,-1,0.00000
86091,57972,-1,0.00000
86123,33547,-1,0.00000
86123,18165,-1,0.00000
86123,21150,-1,0.00000
86123,15893,-1,0.00000
86203,1043,-1,0.67242
86203,13806,-1,0.10909
86203,25133,-1,0.00000
86203,36712,-1,0.00000
86203,57972,-1,0.00000
86224,33547,-1,0.00000
86224,18165,-1,0.00000
86224,21150,-1,0.00000
86224,15893,-1,0.00000
86311,1043,-1,0.00000
86311,13806,-1,0.53196
86311,25133,-1,0.00000
86311,36712,-1,0.00000
86311,57972,-1,0.00000
86333,33547,-1,0.00000
86333,18165,-1,0.00000
86333,21150,-1,0.32561
86333,15893,-1,0.16461
86421,1043,-1,0.00000
86421,13806,-1,0.00000
86421,25133,-1,0.00000
86421,36712,-1,0.00000
86421,57972,-1,0.00000
86433,33547,-1,0.00000
86433,18165,-1,0.00000
86433,21150,-1,0.00000
86433,15893,-1,0.00000
86521,1043,-1,0.00000
86521,13806,-1,0.00000
86521,25133,-1,0.00000
86521,36712,-1,0.14266
86521,57972,-1,0.39720
86533,33547,-1,0.00000
86533,18165,-1,0.00000
86533,21150,-1,0.00000
86533,15893,-1,0.00000
86631,1043,-1,0.00000
86631,13806,-1,0.00000
86631,25133,-1,0.00000
86631,36712,-1,0.59719
86631,57972,-1,0.00000
86643,33547,-1,0.16333
86643,18165,-1,0.13279
86643,21150,-1,0.00000
86643,15893,-1,0.00000
86734,1043,-1,0.00000
86734,13806,-1,0.00000
86734,25133,-1,0.00000
86734,36712,-1,0.00000
86734,57972,-1,0.00000
86743,33547,-1,0.00000
86743,18165,-1,0.00000
86743,21150,-1,0.00000
86743,15893,-1,0.00000
86844,33547,-1,0.00000
86844,18165,-1,0.00000
86844,21150,-1,0.00000
86844,15893,-1,0.00000
86844,1043,-1,0.68795
86844,13806,-1,0.45551
86844,25133,-1,0.03834
86844,36712,-1,0.00000
86844,57972,-1,0.00000
86951,1043,-1,0.00000
86951,13806,-1,0.00000
86951,25133,-1,0.00000
86951,36712,-1,0.00000
86951,57972,-1,0.00000
86953,33547,-1,0.00000
86953,18165,-1,0.00000
86953,21150,-1,0.00000
86953,15893,-1,0.00000
87053,33547,-1,0.00000
87053,18165,-1,0.00000
87053,21150,-1,0.00000
87053,15893,-1,0.00000
87064,1043,-1,0.00000
87064,13806,-1,0.00000
87064,25133,-1,0.00000
87064,36712,-1,0.00000
87064,57972,-1,0.08622
87156,33547,-1,0.00000
87156,18165,-1,0.00000
87156,21150,-1,0.00000
87156,15893,-1,0.04110
87171,1043,-1,0.00000
87171,13806,-1,0.00000
87171,25133,-1,0.18184
87171,36712,-1,0.00000
87171,57972,-1,0.41143
87263,33547,-1,0.00000
87263,18165,-1,0.12022
87263,21150,-1,0.00000
87263,15893,-1,0.16355
87272,1043,-1,0.00000
87272,13806,-1,0.00000
87272,25133,-1,0.00000
87272,36712,-1,0.00000
87272,57972,-1,0.00000
87363,33547,-1,0.00000
87363,18165,-1,0.00000
87363,21150,-1,0.00000
87363,15893,-1,0.00000
87373,1043,-1,0.00000
87373,13806,-1,0.00000
87373,25133,-1,0.00000
87373,36712,-1,0.78751
87373,57972,-1,0.00000
87473,33547,-1,0.00000
87473,18165,-1,0.00000
87473,21150,-1,0.00000
87473,15893,-1,0.00000
87481,1043,-1,0.00000
87481,13806,-1,0.53356
87481,25133,-1,0.00000
87481,36712,-1,0.00000
87481,57972,-1,0.00000
87581,1043,-1,0.00000
87581,13806,-1,0.00000
87581,25133,-1,0.00000
87581,36712,-1,0.00000
87581,57972,-1,0.00000
87583,33547,-1,0.21604
87583,18165,-1,0.00000
87583,21150,-1,0.00000
87583,15893,-1,0.00000
87683,33547,-1,0.00000
87683,18165,-1,0.00000
87683,21150,-1,0.00000
87683,15893,-1,0.00000
87693,1043,-1,0.14332
87693,13806,-1,0.00000
87693,25133,-1,0.00000
87693,36712,-1,0.00000
87693,57972,-1,0.00000
87793,33547,-1,0.00000
87793,18165,-1,0.00000
87793,21150,-1,0.00000
87793,15893,-1,0.00000
87801,1043,-1,0.00000
87801,13806,-1,0.00000
87801,25133,-1,0.00000
87801,36712,-1,0.00000
87801,57972,-1,0.40869
87893,33547,-1,0.00000
87893,18165,-1,0.00000
87893,21150,-1,0.00000
87893,15893,-1,0.19414
87911,1043,-1,0.00000
87911,13806,-1,0.00000
87911,25133,-1,0.00000
87911,36712,-1,0.00000
87911,57972,-1,0.00000
88003,33547,-1,0.00000
88003,18165,-1,0.00000
88003,21150,-1,0.00000
88003,15893,-1,0.00000
88011,1043,-1,0.00000
88011,13806,-1,0.49998
88011,25133,-1,0.00000
88011,36712,-1,0.79624
88011,57972,-1,0.00000
88114,33547,-1,0.00000
88114,18165,-1,0.02524
88114,21150,-1,0.00000
88114,15893,-1,0.00000
88121,1043,-1,0.00000
88121,13806,-1,0.00000
88121,25133,-1,0.00000
88121,36712,-1,0.00000
88121,57972,-1,0.00000
88223,1043,-1,0.00000
88223,13806,-1,0.00000
88223,25133,-1,0.00000
88223,36712,-1,0.00000
88223,57972,-1,0.09609
88224,33547,-1,0.00000
88224,18165,-1,0.11642
88224,21150,-1,0.28862
88224,15893,-1,0.00000
88332,1043,-1,0.69452
88332,13806,-1,0.00000
88332,25133,-1,0.00000
88332,36712,-1,0.00000
88332,57972,-1,0.40356
88333,33547,-1,0.00000
88333,18165,-1,0.00000
88333,21150,-1,0.00000
88333,15893,-1,0.00000
88441,1043,-1,0.00000
88441,13806,-1,0.00000
88441,25133,-1,0.00000
88441,36712,-1,0.00000
88441,57972,-1,0.00000
88443,33547,-1,0.19698
88443,18165,-1,0.00000
88443,21150,-1,0.00000
88443,15893,-1,0.00000
88541,1043,-1,0.00000
88541,13806,-1,0.12270
88541,25133,-1,0.17387
88541,36712,-1,0.00000
88541,57972,-1,0.00000
88543,33547,-1,0.00000
88543,18165,-1,0.00000
88543,21150,-1,0.00000
88543,15893,-1,0.00000
88642,1043,-1,0.00000
88642,13806,-1,0.00000
88642,25133,-1,0.00000
88642,36712,-1,0.64940
88642,57972,-1,0.00000
88644,33547,-1,0.00000
88644,18165,-1,0.00000
88644,21150,-1,0.00000
88644,15893,-1,0.00000
88751,1043,-1,0.00000
88751,13806,-1,0.00000
88751,25133,-1,0.00000
88751,36712,-1,0.00000
88751,57972,-1,0.00000
88753,33547,-1,0.00000
88753,18165,-1,0.00000
88753,21150,-1,0.00000
88753,15893,-1,0.21845
88852,1043,-1,0.00000
88852,13806,-1,0.12232
88852,25133,-1,0.00000
88852,36712,-1,0.00000
88852,57972,-1,0.00000
88854,33547,-1,0.00000
88854,18165,-1,0.12666
88854,21150,-1,0.00000
88854,15893,-1,0.00000
88952,1043,-1,0.75713
88952,13806,-1,0.00000
88952,25133,-1,0.00000
88952,36712,-1,0.00000
88952,57972,-1,0.00000
88963,33547,-1,0.00000
88963,18165,-1,0.00000
88963,21150,-1,0.00000
88963,15893,-1,0.00000
89061,1043,-1,0.00000
89061,13806,-1,0.00000
89061,25133,-1,0.00000
89061,36712,-1,0.00000
89061,57972,-1,0.00000
89064,33547,-1,0.04197
89064,18165,-1,0.00000
89064,21150,-1,0.31549
89064,15893,-1,0.00000
89164,33547,-1,0.00000
89164,18165,-1,0.00000
89164,21150,-1,0.00000
89164,15893,-1,0.00000
89165,1043,-1,0.00000
89165,13806,-1,0.00000
89165,25133,-1,0.00000
89165,36712,-1,0.00000
89165,57972,-1,0.51869
89271,1043,-1,0.00000
89271,13806,-1,0.00000
89271,25133,-1,0.00000
89271,36712,-1,0.55316
89271,57972,-1,0.00000
89273,33547,-1,0.00000
89273,18165,-1,0.00000
89273,21150,-1,0.00000
89273,15893,-1,0.00000
89371,1043,-1,0.00000
89371,13806,-1,0.00000
89371,25133,-1,0.03718
89371,36712,-1,0.00000
89371,57972,-1,0.00000
89384,33547,-1,0.21244
89384,18165,-1,0.11487
89384,21150,-1,0.00000
89384,15893,-1,0.00000
89481,1043,-1,0.61891
89481,13806,-1,0.00000
89481,25133,-1,0.14308
89481,36712,-1,0.00000
89481,57972,-1,0.00000
89493,33547,-1,0.00000
89493,18165,-1,0.00000
89493,21150,-1,0.00000
89493,15893,-1,0.00000
89581,1043,-1,0.00000
89581,13806,-1,0.00000
89581,25133,-1,0.00000
89581,36712,-1,0.00000
89581,57972,-1,0.00000
89593,33547,-1,0.00000
89593,18165,-1,0.00000
89593,21150,-1,0.00000
89593,15893,-1,0.00000
89681,1043,-1,0.00000
89681,13806,-1,0.00000
89681,25133,-1,0.00000
89681,36712,-1,0.14330
89681,57972,-1,0.00000
89694,33547,-1,0.00000
89694,18165,-1,0.00000
89694,21150,-1,0.27900
89694,15893,-1,0.23463
89791,1043,-1,0.00000
89791,13806,-1,0.00000
89791,25133,-1,0.00000
89791,36712,-1,0.55229
89791,57972,-1,0.00000
89803,33547,-1,0.00000
89803,18165,-1,0.00000
89803,21150,-1,0.00000
89803,15893,-1,0.00000
