Time_ms,UE_ID,RB_ID,Throughput_Mbps
0,1043,-1,0.00000
0,13806,-1,0.00000
0,25133,-1,0.00000
0,36712,-1,0.00000
0,57972,-1,0.00000
1,33547,-1,0.00000
1,18165,-1,0.00000
1,21150,-1,0.00000
1,15893,-1,0.00000
104,1043,-1,0.00000
104,13806,-1,0.00000
104,25133,-1,0.00000
104,36712,-1,0.00000
104,57972,-1,0.00000
110,33547,-1,0.00000
110,18165,-1,0.00000
110,21150,-1,0.00000
110,15893,-1,0.00000
208,1043,-1,0.00000
208,13806,-1,0.00000
208,25133,-1,0.12294
208,36712,-1,0.00000
208,57972,-1,0.22039
210,33547,-1,0.00000
210,18165,-1,0.12752
210,21150,-1,0.02589
210,15893,-1,0.00000
317,1043,-1,0.00000
317,13806,-1,0.00000
317,25133,-1,0.00000
317,36712,-1,0.00000
317,57972,-1,0.00000
320,33547,-1,0.00000
320,18165,-1,0.00000
320,21150,-1,0.00000
320,15893,-1,0.00000
418,1043,-1,0.02775
418,13806,-1,0.00000
418,25133,-1,0.00000
418,36712,-1,0.00000
418,57972,-1,0.00000
420,33547,-1,0.00000
420,18165,-1,0.00000
420,21150,-1,0.00000
420,15893,-1,0.00000
528,1043,-1,0.23320
528,13806,-1,0.00000
528,25133,-1,0.00000
528,36712,-1,0.00000
528,57972,-1,0.00000
529,33547,-1,0.10786
529,18165,-1,0.00000
529,21150,-1,0.02556
529,15893,-1,0.00000
629,1043,-1,0.00000
629,13806,-1,0.00000
629,25133,-1,0.00000
629,36712,-1,0.00000
629,57972,-1,0.00000
630,33547,-1,0.00000
630,18165,-1,0.00000
630,21150,-1,0.12756
630,15893,-1,0.00000
729,1043,-1,0.00000
729,13806,-1,0.00000
729,25133,-1,0.00000
729,36712,-1,0.15126
729,57972,-1,0.00000
740,33547,-1,0.00000
740,18165,-1,0.00000
740,21150,-1,0.00000
740,15893,-1,0.00000
838,1043,-1,0.00000
838,13806,-1,0.00000
838,25133,-1,0.10372
838,36712,-1,0.00000
838,57972,-1,0.00000
850,33547,-1,0.00000
850,18165,-1,0.00000
850,21150,-1,0.00000
850,15893,-1,0.21037
939,1043,-1,0.00000
939,13806,-1,0.00000
939,25133,-1,0.00000
939,36712,-1,0.00000
939,57972,-1,0.00000
961,33547,-1,0.00000
961,18165,-1,0.00000
961,21150,-1,0.00000
961,15893,-1,0.00000
1048,1043,-1,0.11834
1048,13806,-1,0.00000
1048,25133,-1,0.00000
1048,36712,-1,0.00000
1048,57972,-1,0.21886
1061,33547,-1,0.00000
1061,18165,-1,0.00000
1061,21150,-1,0.00000
1061,15893,-1,0.00000
1148,1043,-1,0.00000
1148,13806,-1,0.00000
1148,25133,-1,0.00000
1148,36712,-1,0.00000
1148,57972,-1,0.00000
1170,33547,-1,0.11783
1170,18165,-1,0.14352
1170,21150,-1,0.00000
1170,15893,-1,0.00000
1248,1043,-1,0.00000
1248,13806,-1,0.00000
1248,25133,-1,0.02395
1248,36712,-1,0.00000
1248,57972,-1,0.00000
1270,33547,-1,0.00000
1270,18165,-1,0.00000
1270,21150,-1,0.00000
1270,15893,-1,0.00000
1358,1043,-1,0.00000
1358,13806,-1,0.00000
1358,25133,-1,0.11694
1358,36712,-1,0.11694
1358,57972,-1,0.00000
1380,33547,-1,0.00000
1380,18165,-1,0.00000
1380,21150,-1,0.02367
1380,15893,-1,0.00000
1459,1043,-1,0.00000
1459,13806,-1,0.00000
1459,25133,-1,0.00000
1459,36712,-1,0.00000
1459,57972,-1,0.00000
1490,33547,-1,0.00000
1490,18165,-1,0.00000
1490,21150,-1,0.10698
1490,15893,-1,0.15818
1567,1043,-1,0.02574
1567,13806,-1,0.00000
1567,25133,-1,0.00000
1567,36712,-1,0.00000
1567,57972,-1,0.00000
1600,33547,-1,0.00000
1600,18165,-1,0.00000
1600,21150,-1,0.00000
1600,15893,-1,0.00000
1668,1043,-1,0.12773
1668,13806,-1,0.00000
1668,25133,-1,0.00000
1668,36712,-1,0.00000
1668,57972,-1,0.19411
1710,33547,-1,0.11691
1710,18165,-1,0.00000
1710,21150,-1,0.00000
1710,15893,-1,0.00000
1768,1043,-1,0.00000
1768,13806,-1,0.00000
1768,25133,-1,0.00000
1768,36712,-1,0.00000
1768,57972,-1,0.00000
1810,33547,-1,0.00000
1810,18165,-1,0.00000
1810,21150,-1,0.00000
1810,15893,-1,0.00000
1872,1043,-1,0.00000
1872,13806,-1,0.00000
1872,25133,-1,0.00000
1872,36712,-1,0.02502
1872,57972,-1,0.00000
1910,33547,-1,0.00000
1910,18165,-1,0.00000
1910,21150,-1,0.00000
1910,15893,-1,0.00000
1977,1043,-1,0.00000
1977,13806,-1,0.00000
1977,25133,-1,0.11129
1977,36712,-1,0.10645
1977,57972,-1,0.00000
2020,33547,-1,0.00000
2020,18165,-1,0.02193
2020,21150,-1,0.11662
2020,15893,-1,0.00000
2080,1043,-1,0.00000
2080,13806,-1,0.00000
2080,25133,-1,0.00000
2080,36712,-1,0.00000
2080,57972,-1,0.00000
2130,33547,-1,0.00000
2130,18165,-1,0.11680
2130,21150,-1,0.00000
2130,15893,-1,0.00000
2187,1043,-1,0.14520
2187,13806,-1,0.00000
2187,25133,-1,0.00000
2187,36712,-1,0.00000
2187,57972,-1,0.18117
2232,33547,-1,0.00000
2232,18165,-1,0.00000
2232,21150,-1,0.00000
2232,15893,-1,0.00000
2288,1043,-1,0.00000
2288,13806,-1,0.00000
2288,25133,-1,0.00000
2288,36712,-1,0.00000
2288,57972,-1,0.00000
2341,33547,-1,0.11782
2341,18165,-1,0.00000
2341,21150,-1,0.00000
2341,15893,-1,0.21790
2388,1043,-1,0.00000
2388,13806,-1,0.00000
2388,25133,-1,0.00000
2388,36712,-1,0.00000
2388,57972,-1,0.00000
2450,33547,-1,0.00000
2450,18165,-1,0.00000
2450,21150,-1,0.00000
2450,15893,-1,0.00000
2488,1043,-1,0.00000
2488,13806,-1,0.03899
2488,25133,-1,0.12791
2488,36712,-1,0.12791
2488,57972,-1,0.00000
2550,33547,-1,0.00000
2550,18165,-1,0.00000
2550,21150,-1,0.00000
2550,15893,-1,0.00000
2598,1043,-1,0.00000
2598,13806,-1,0.00000
2598,25133,-1,0.00000
2598,36712,-1,0.00000
2598,57972,-1,0.00000
2651,33547,-1,0.00000
2651,18165,-1,0.00000
2651,21150,-1,0.11173
2651,15893,-1,0.00000
2708,1043,-1,0.00000
2708,13806,-1,0.21517
2708,25133,-1,0.00000
2708,36712,-1,0.00000
2708,57972,-1,0.00000
2760,33547,-1,0.00000
2760,18165,-1,0.00000
2760,21150,-1,0.00000
2760,15893,-1,0.00000
2808,1043,-1,0.00000
2808,13806,-1,0.00000
2808,25133,-1,0.00000
2808,36712,-1,0.00000
2808,57972,-1,0.19352
2870,33547,-1,0.00000
2870,18165,-1,0.14181
2870,21150,-1,0.00000
2870,15893,-1,0.00000
2918,1043,-1,0.00000
2918,13806,-1,0.00000
2918,25133,-1,0.00000
2918,36712,-1,0.00000
2918,57972,-1,0.00000
2980,33547,-1,0.00000
2980,18165,-1,0.00000
2980,21150,-1,0.00000
2980,15893,-1,0.17741
3018,1043,-1,0.15371
3018,13806,-1,0.00000
3018,25133,-1,0.00000
3018,36712,-1,0.00000
3018,57972,-1,0.00000
3081,33547,-1,0.00000
3081,18165,-1,0.00000
3081,21150,-1,0.00000
3081,15893,-1,0.00000
3127,1043,-1,0.00000
3127,13806,-1,0.00000
3127,25133,-1,0.10280
3127,36712,-1,0.00000
3127,57972,-1,0.00000
3190,33547,-1,0.14115
3190,18165,-1,0.00000
3190,21150,-1,0.00000
3190,15893,-1,0.00000
3228,1043,-1,0.00000
3228,13806,-1,0.00000
3228,25133,-1,0.00000
3228,36712,-1,0.00000
3228,57972,-1,0.00000
3300,33547,-1,0.00000
3300,18165,-1,0.00000
3300,21150,-1,0.00000
3300,15893,-1,0.00000
3338,1043,-1,0.00000
3338,13806,-1,0.16376
3338,25133,-1,0.00000
3338,36712,-1,0.13314
3338,57972,-1,0.00000
3400,33547,-1,0.00000
3400,18165,-1,0.00000
3400,21150,-1,0.00000
3400,15893,-1,0.00000
3447,1043,-1,0.00000
3447,13806,-1,0.00000
3447,25133,-1,0.00000
3447,36712,-1,0.00000
3447,57972,-1,0.00000
3500,33547,-1,0.00000
3500,18165,-1,0.12794
3500,21150,-1,0.15583
3500,15893,-1,0.00000
3548,1043,-1,0.00000
3548,13806,-1,0.00000
3548,25133,-1,0.00000
3548,36712,-1,0.00000
3548,57972,-1,0.00000
3610,33547,-1,0.00000
3610,18165,-1,0.00000
3610,21150,-1,0.00000
3610,15893,-1,0.00000
3648,1043,-1,0.11780
3648,13806,-1,0.00000
3648,25133,-1,0.00000
3648,36712,-1,0.00000
3648,57972,-1,0.04223
3710,33547,-1,0.00000
3710,18165,-1,0.00000
3710,21150,-1,0.00000
3710,15893,-1,0.00000
3757,1043,-1,0.00000
3757,13806,-1,0.00000
3757,25133,-1,0.00000
3757,36712,-1,0.00000
3757,57972,-1,0.00000
3810,33547,-1,0.11242
3810,18165,-1,0.00000
3810,21150,-1,0.00000
3810,15893,-1,0.23306
3858,1043,-1,0.00000
3858,13806,-1,0.00000
3858,25133,-1,0.02784
3858,36712,-1,0.00000
3858,57972,-1,0.00000
3920,33547,-1,0.00000
3920,18165,-1,0.00000
3920,21150,-1,0.00000
3920,15893,-1,0.00000
3958,1043,-1,0.00000
3958,13806,-1,0.00000
3958,25133,-1,0.11732
3958,36712,-1,0.12752
3958,57972,-1,0.00000
4030,33547,-1,0.00000
4030,18165,-1,0.00000
4030,21150,-1,0.10692
4030,15893,-1,0.00000
4068,1043,-1,0.00000
4068,13806,-1,0.00000
4068,25133,-1,0.00000
4068,36712,-1,0.00000
4068,57972,-1,0.00000
4130,33547,-1,0.00000
4130,18165,-1,0.00000
4130,21150,-1,0.00000
4130,15893,-1,0.00000
4170,1043,-1,0.00000
4170,13806,-1,0.04127
4170,25133,-1,0.00000
4170,36712,-1,0.00000
4170,57972,-1,0.00000
4231,33547,-1,0.00000
4231,18165,-1,0.02759
4231,21150,-1,0.00000
4231,15893,-1,0.00000
4278,1043,-1,0.00000
4278,13806,-1,0.16246
4278,25133,-1,0.00000
4278,36712,-1,0.00000
4278,57972,-1,0.16716
4341,33547,-1,0.10802
4341,18165,-1,0.10802
4341,21150,-1,0.00000
4341,15893,-1,0.00000
4388,1043,-1,0.00000
4388,13806,-1,0.00000
4388,25133,-1,0.00000
4388,36712,-1,0.00000
4388,57972,-1,0.00000
4451,33547,-1,0.00000
4451,18165,-1,0.00000
4451,21150,-1,0.00000
4451,15893,-1,0.00000
4488,1043,-1,0.15590
4488,13806,-1,0.00000
4488,25133,-1,0.12800
4488,36712,-1,0.00000
4488,57972,-1,0.00000
4561,33547,-1,0.00000
4561,18165,-1,0.00000
4561,21150,-1,0.00000
4561,15893,-1,0.20239
4589,1043,-1,0.00000
4589,13806,-1,0.00000
4589,25133,-1,0.00000
4589,36712,-1,0.00000
4589,57972,-1,0.00000
4661,33547,-1,0.00000
4661,18165,-1,0.00000
4661,21150,-1,0.00000
4661,15893,-1,0.00000
4699,1043,-1,0.00000
4699,13806,-1,0.00000
4699,25133,-1,0.00000
4699,36712,-1,0.00000
4699,57972,-1,0.00000
4770,33547,-1,0.00000
4770,18165,-1,0.00000
4770,21150,-1,0.00000
4770,15893,-1,0.00000
4807,1043,-1,0.00000
4807,13806,-1,0.17976
4807,25133,-1,0.00000
4807,36712,-1,0.14407
4807,57972,-1,0.00000
4880,33547,-1,0.00000
4880,18165,-1,0.10295
4880,21150,-1,0.11698
4880,15893,-1,0.00000
4908,1043,-1,0.00000
4908,13806,-1,0.00000
4908,25133,-1,0.00000
4908,36712,-1,0.00000
4908,57972,-1,0.00000
4990,33547,-1,0.00000
4990,18165,-1,0.00000
4990,21150,-1,0.00000
4990,15893,-1,0.00000
5008,1043,-1,0.00000
5008,13806,-1,0.00000
5008,25133,-1,0.00000
5008,36712,-1,0.00000
5008,57972,-1,0.00000
5090,33547,-1,0.15559
5090,18165,-1,0.00000
5090,21150,-1,0.00000
5090,15893,-1,0.00000
5118,1043,-1,0.11623
5118,13806,-1,0.00000
5118,25133,-1,0.00000
5118,36712,-1,0.00000
5118,57972,-1,0.21496
5200,33547,-1,0.00000
5200,18165,-1,0.00000
5200,21150,-1,0.00000
5200,15893,-1,0.00000
5228,1043,-1,0.00000
5228,13806,-1,0.00000
5228,25133,-1,0.00000
5228,36712,-1,0.00000
5228,57972,-1,0.00000
5310,33547,-1,0.00000
5310,18165,-1,0.00000
5310,21150,-1,0.00000
5310,15893,-1,0.00000
5328,1043,-1,0.00000
5328,13806,-1,0.00000
5328,25133,-1,0.02784
5328,36712,-1,0.00000
5328,57972,-1,0.00000
5420,33547,-1,0.00000
5420,18165,-1,0.00000
5420,21150,-1,0.02549
5420,15893,-1,0.00000
5438,1043,-1,0.00000
5438,13806,-1,0.00000
5438,25133,-1,0.11606
5438,36712,-1,0.10215
5438,57972,-1,0.00000
5520,33547,-1,0.00000
5520,18165,-1,0.12788
5520,21150,-1,0.00000
5520,15893,-1,0.00000
5547,1043,-1,0.00000
5547,13806,-1,0.00000
5547,25133,-1,0.00000
5547,36712,-1,0.00000
5547,57972,-1,0.00000
5630,33547,-1,0.00000
5630,18165,-1,0.00000
5630,21150,-1,0.00000
5630,15893,-1,0.00000
5651,1043,-1,0.00000
5651,13806,-1,0.04070
5651,25133,-1,0.00000
5651,36712,-1,0.00000
5651,57972,-1,0.00000
5740,33547,-1,0.00000
5740,18165,-1,0.00000
5740,21150,-1,0.02540
5740,15893,-1,0.17704
5758,1043,-1,0.00000
5758,13806,-1,0.18203
5758,25133,-1,0.00000
5758,36712,-1,0.00000
5758,57972,-1,0.18203
5841,33547,-1,0.00000
5841,18165,-1,0.00000
5841,21150,-1,0.12784
5841,15893,-1,0.00000
5868,1043,-1,0.00000
5868,13806,-1,0.00000
5868,25133,-1,0.00000
5868,36712,-1,0.00000
5868,57972,-1,0.00000
5950,33547,-1,0.00000
5950,18165,-1,0.00000
5950,21150,-1,0.00000
5950,15893,-1,0.00000
5969,1043,-1,0.15488
5969,13806,-1,0.00000
5969,25133,-1,0.00000
5969,36712,-1,0.00000
5969,57972,-1,0.00000
6050,33547,-1,0.14038
6050,18165,-1,0.00000
6050,21150,-1,0.00000
6050,15893,-1,0.00000
6078,1043,-1,0.00000
6078,13806,-1,0.00000
6078,25133,-1,0.11737
6078,36712,-1,0.00000
6078,57972,-1,0.00000
6150,33547,-1,0.00000
6150,18165,-1,0.00000
6150,21150,-1,0.00000
6150,15893,-1,0.00000
6181,1043,-1,0.00000
6181,13806,-1,0.00000
6181,25133,-1,0.00000
6181,36712,-1,0.00000
6181,57972,-1,0.00000
6250,33547,-1,0.00000
6250,18165,-1,0.02782
6250,21150,-1,0.00000
6250,15893,-1,0.00000
6288,1043,-1,0.00000
6288,13806,-1,0.24521
6288,25133,-1,0.00000
6288,36712,-1,0.00000
6288,57972,-1,0.00000
6360,33547,-1,0.00000
6360,18165,-1,0.11688
6360,21150,-1,0.11688
6360,15893,-1,0.00000
6398,1043,-1,0.00000
6398,13806,-1,0.00000
6398,25133,-1,0.00000
6398,36712,-1,0.11646
6398,57972,-1,0.00000
6462,33547,-1,0.00000
6462,18165,-1,0.00000
6462,21150,-1,0.00000
6462,15893,-1,0.00000
6500,1043,-1,0.00000
6500,13806,-1,0.00000
6500,25133,-1,0.00000
6500,36712,-1,0.00000
6500,57972,-1,0.00000
6569,33547,-1,0.02598
6569,18165,-1,0.00000
6569,21150,-1,0.00000
6569,15893,-1,0.00000
6600,1043,-1,0.00000
6600,13806,-1,0.21485
6600,25133,-1,0.00000
6600,36712,-1,0.00000
6600,57972,-1,0.21629
6670,33547,-1,0.00000
6670,18165,-1,0.00000
6670,21150,-1,0.00000
6670,15893,-1,0.19393
6708,1043,-1,0.00000
6708,13806,-1,0.00000
6708,25133,-1,0.00000
6708,36712,-1,0.00000
6708,57972,-1,0.00000
6781,33547,-1,0.00000
6781,18165,-1,0.00000
6781,21150,-1,0.00000
6781,15893,-1,0.00000
6808,1043,-1,0.00000
6808,13806,-1,0.00000
6808,25133,-1,0.00000
6808,36712,-1,0.00000
6808,57972,-1,0.00000
6890,33547,-1,0.14310
6890,18165,-1,0.11749
6890,21150,-1,0.00000
6890,15893,-1,0.00000
6918,1043,-1,0.02540
6918,13806,-1,0.00000
6918,25133,-1,0.11653
6918,36712,-1,0.11653
6918,57972,-1,0.00000
7000,33547,-1,0.00000
7000,18165,-1,0.00000
7000,21150,-1,0.00000
7000,15893,-1,0.00000
7020,1043,-1,0.00000
7020,13806,-1,0.00000
7020,25133,-1,0.00000
7020,36712,-1,0.00000
7020,57972,-1,0.00000
7100,33547,-1,0.00000
7100,18165,-1,0.00000
7100,21150,-1,0.00000
7100,15893,-1,0.00000
7128,1043,-1,0.02595
7128,13806,-1,0.00000
7128,25133,-1,0.00000
7128,36712,-1,0.00000
7128,57972,-1,0.00000
7200,33547,-1,0.00000
7200,18165,-1,0.00000
7200,21150,-1,0.15595
7200,15893,-1,0.17418
7238,1043,-1,0.11662
7238,13806,-1,0.19579
7238,25133,-1,0.00000
7238,36712,-1,0.00000
7238,57972,-1,0.00000
7309,33547,-1,0.00000
7309,18165,-1,0.00000
7309,21150,-1,0.00000
7309,15893,-1,0.00000
7338,1043,-1,0.00000
7338,13806,-1,0.00000
7338,25133,-1,0.00000
7338,36712,-1,0.00000
7338,57972,-1,0.00000
7410,33547,-1,0.00000
7410,18165,-1,0.00000
7410,21150,-1,0.00000
7410,15893,-1,0.00000
7440,1043,-1,0.00000
7440,13806,-1,0.00000
7440,25133,-1,0.00000
7440,36712,-1,0.00188
7440,57972,-1,0.03954
7510,33547,-1,0.12798
7510,18165,-1,0.00000
7510,21150,-1,0.00000
7510,15893,-1,0.00000
7548,1043,-1,0.00000
7548,13806,-1,0.00000
7548,25133,-1,0.11930
7548,36712,-1,0.00000
7548,57972,-1,0.18129
7610,33547,-1,0.00000
7610,18165,-1,0.00000
7610,21150,-1,0.00000
7610,15893,-1,0.00000
7648,1043,-1,0.00000
7648,13806,-1,0.00000
7648,25133,-1,0.00000
7648,36712,-1,0.00000
7648,57972,-1,0.00000
7711,33547,-1,0.00000
7711,18165,-1,0.15302
7711,21150,-1,0.00000
7711,15893,-1,0.00000
7748,1043,-1,0.02654
7748,13806,-1,0.00000
7748,25133,-1,0.00000
7748,36712,-1,0.00191
7748,57972,-1,0.00000
7820,33547,-1,0.00000
7820,18165,-1,0.00000
7820,21150,-1,0.11691
7820,15893,-1,0.00000
7858,1043,-1,0.11684
7858,13806,-1,0.17296
7858,25133,-1,0.00000
7858,36712,-1,0.00000
7858,57972,-1,0.00000
7930,33547,-1,0.00000
7930,18165,-1,0.00000
7930,21150,-1,0.00000
7930,15893,-1,0.00000
7968,1043,-1,0.00000
7968,13806,-1,0.00000
7968,25133,-1,0.00000
7968,36712,-1,0.00000
7968,57972,-1,0.00000
8043,33547,-1,0.00000
8043,18165,-1,0.00000
8043,21150,-1,0.00000
8043,15893,-1,0.21037
8069,1043,-1,0.00000
8069,13806,-1,0.00000
8069,25133,-1,0.00000
8069,36712,-1,0.14388
8069,57972,-1,0.00000
8150,33547,-1,0.00000
8150,18165,-1,0.00000
8150,21150,-1,0.00000
8150,15893,-1,0.00000
8178,1043,-1,0.00000
8178,13806,-1,0.00000
8178,25133,-1,0.10843
8178,36712,-1,0.00000
8178,57972,-1,0.00000
8263,33547,-1,0.02319
8263,18165,-1,0.00000
8263,21150,-1,0.00000
8263,15893,-1,0.00000
8278,1043,-1,0.00000
8278,13806,-1,0.00000
8278,25133,-1,0.00000
8278,36712,-1,0.00000
8278,57972,-1,0.00000
8372,33547,-1,0.11686
8372,18165,-1,0.10285
8372,21150,-1,0.00000
8372,15893,-1,0.00000
8389,1043,-1,0.00000
8389,13806,-1,0.00000
8389,25133,-1,0.00000
8389,36712,-1,0.00000
8389,57972,-1,0.03826
8480,33547,-1,0.00000
8480,18165,-1,0.00000
8480,21150,-1,0.00000
8480,15893,-1,0.00000
8498,1043,-1,0.00000
8498,13806,-1,0.00000
8498,25133,-1,0.00000
8498,36712,-1,0.10785
8498,57972,-1,0.00000
8580,33547,-1,0.00000
8580,18165,-1,0.00000
8580,21150,-1,0.14534
8580,15893,-1,0.00000
8600,1043,-1,0.00000
8600,13806,-1,0.00000
8600,25133,-1,0.00000
8600,36712,-1,0.00000
8600,57972,-1,0.00000
8691,33547,-1,0.00000
8691,18165,-1,0.00000
8691,21150,-1,0.00000
8691,15893,-1,0.16241
8708,1043,-1,0.10898
8708,13806,-1,0.04262
8708,25133,-1,0.00000
8708,36712,-1,0.00000
8708,57972,-1,0.00000
8800,33547,-1,0.00000
8800,18165,-1,0.00000
8800,21150,-1,0.00000
8800,15893,-1,0.00000
8808,1043,-1,0.00000
8808,13806,-1,0.21454
8808,25133,-1,0.00000
8808,36712,-1,0.00000
8808,57972,-1,0.00000
8900,33547,-1,0.11775
8900,18165,-1,0.00000
8900,21150,-1,0.00000
8900,15893,-1,0.00000
8918,1043,-1,0.00000
8918,13806,-1,0.00000
8918,25133,-1,0.00000
8918,36712,-1,0.00000
8918,57972,-1,0.00000
9010,33547,-1,0.00000
9010,18165,-1,0.00000
9010,21150,-1,0.00000
9010,15893,-1,0.00000
9018,1043,-1,0.00000
9018,13806,-1,0.00000
9018,25133,-1,0.02785
9018,36712,-1,0.00000
9018,57972,-1,0.17886
9110,33547,-1,0.00000
9110,18165,-1,0.00000
9110,21150,-1,0.00000
9110,15893,-1,0.00000
9128,1043,-1,0.00000
9128,13806,-1,0.00000
9128,25133,-1,0.10270
9128,36712,-1,0.00000
9128,57972,-1,0.00000
9211,33547,-1,0.00000
9211,18165,-1,0.00000
9211,21150,-1,0.00000
9211,15893,-1,0.00000
9230,1043,-1,0.00000
9230,13806,-1,0.00000
9230,25133,-1,0.00000
9230,36712,-1,0.00000
9230,57972,-1,0.00000
9320,33547,-1,0.00000
9320,18165,-1,0.00000
9320,21150,-1,0.00000
9320,15893,-1,0.00000
9338,1043,-1,0.00000
9338,13806,-1,0.00000
9338,25133,-1,0.00000
9338,36712,-1,0.14389
9338,57972,-1,0.00000
9430,33547,-1,0.00000
9430,18165,-1,0.00000
9430,21150,-1,0.00000
9430,15893,-1,0.03560
9438,1043,-1,0.12755
9438,13806,-1,0.00000
9438,25133,-1,0.00000
9438,36712,-1,0.00000
9438,57972,-1,0.00000
9530,33547,-1,0.00000
9530,18165,-1,0.00000
9530,21150,-1,0.00000
9530,15893,-1,0.17347
9541,1043,-1,0.00000
9541,13806,-1,0.00000
9541,25133,-1,0.00000
9541,36712,-1,0.00000
9541,57972,-1,0.00000
9640,33547,-1,0.00000
9640,18165,-1,0.00000
9640,21150,-1,0.00000
9640,15893,-1,0.00000
9648,1043,-1,0.00000
9648,13806,-1,0.24424
9648,25133,-1,0.11980
9648,36712,-1,0.00000
9648,57972,-1,0.00000
9750,33547,-1,0.00000
9750,18165,-1,0.13317
9750,21150,-1,0.00000
9750,15893,-1,0.00000
9759,1043,-1,0.00000
9759,13806,-1,0.00000
9759,25133,-1,0.00000
9759,36712,-1,0.00000
9759,57972,-1,0.00000
9850,33547,-1,0.00000
9850,18165,-1,0.00000
9850,21150,-1,0.12764
9850,15893,-1,0.00000
9868,1043,-1,0.00000
9868,13806,-1,0.00000
9868,25133,-1,0.00000
9868,36712,-1,0.00000
9868,57972,-1,0.00000
9960,33547,-1,0.00000
9960,18165,-1,0.00000
9960,21150,-1,0.00000
9960,15893,-1,0.00000
9968,1043,-1,0.00000
9968,13806,-1,0.00000
9968,25133,-1,0.00000
9968,36712,-1,0.12752
9968,57972,-1,0.23585
10070,33547,-1,0.11672
10070,18165,-1,0.00000
10070,21150,-1,0.00000
10070,15893,-1,0.00000
10078,1043,-1,0.00000
10078,13806,-1,0.00000
10078,25133,-1,0.00000
10078,36712,-1,0.00000
10078,57972,-1,0.00000
10179,1043,-1,0.02756
10179,13806,-1,0.00000
10179,25133,-1,0.00000
10179,36712,-1,0.00000
10179,57972,-1,0.00000
10181,33547,-1,0.00000
10181,18165,-1,0.00000
10181,21150,-1,0.00000
10181,15893,-1,0.00000
10281,33547,-1,0.00000
10281,18165,-1,0.00000
10281,21150,-1,0.00000
10281,15893,-1,0.04606
10288,1043,-1,0.11719
10288,13806,-1,0.17349
10288,25133,-1,0.00000
10288,36712,-1,0.00000
10288,57972,-1,0.00000
10391,33547,-1,0.00000
10391,18165,-1,0.00000
10391,21150,-1,0.00000
10391,15893,-1,0.00000
10399,1043,-1,0.00000
10399,13806,-1,0.00000
10399,25133,-1,0.00000
10399,36712,-1,0.00000
10399,57972,-1,0.00000
10500,33547,-1,0.00000
10500,18165,-1,0.00000
10500,21150,-1,0.00000
10500,15893,-1,0.00000
10508,1043,-1,0.00000
10508,13806,-1,0.00000
10508,25133,-1,0.00000
10508,36712,-1,0.00000
10508,57972,-1,0.00000
10612,1043,-1,0.00000
10612,13806,-1,0.00000
10612,25133,-1,0.12386
10612,36712,-1,0.00000
10612,57972,-1,0.25253
10612,33547,-1,0.00000
10612,18165,-1,0.00000
10612,21150,-1,0.00000
10612,15893,-1,0.23438
10719,1043,-1,0.00000
10719,13806,-1,0.00000
10719,25133,-1,0.00000
10719,36712,-1,0.00000
10719,57972,-1,0.00000
10720,33547,-1,0.10403
10720,18165,-1,0.00000
10720,21150,-1,0.00000
10720,15893,-1,0.00000
10821,33547,-1,0.00000
10821,18165,-1,0.00000
10821,21150,-1,0.00000
10821,15893,-1,0.00000
10829,1043,-1,0.00000
10829,13806,-1,0.00000
10829,25133,-1,0.00000
10829,36712,-1,0.00000
10829,57972,-1,0.00000
10930,33547,-1,0.00000
10930,18165,-1,0.02547
10930,21150,-1,0.00000
10930,15893,-1,0.00000
10931,1043,-1,0.00000
10931,13806,-1,0.00000
10931,25133,-1,0.00000
10931,36712,-1,0.12561
10931,57972,-1,0.25608
11038,1043,-1,0.00000
11038,13806,-1,0.00000
11038,25133,-1,0.00000
11038,36712,-1,0.00000
11038,57972,-1,0.00000
11043,33547,-1,0.00000
11043,18165,-1,0.00000
11043,21150,-1,0.11386
11043,15893,-1,0.19116
11148,1043,-1,0.02532
11148,13806,-1,0.00000
11148,25133,-1,0.00000
11148,36712,-1,0.00000
11148,57972,-1,0.00000
11150,33547,-1,0.00000
11150,18165,-1,0.00000
11150,21150,-1,0.00000
11150,15893,-1,0.00000
11250,33547,-1,0.00000
11250,18165,-1,0.15567
11250,21150,-1,0.00000
11250,15893,-1,0.00000
11259,1043,-1,0.11540
11259,13806,-1,0.19375
11259,25133,-1,0.00000
11259,36712,-1,0.00000
11259,57972,-1,0.00000
11360,33547,-1,0.00000
11360,18165,-1,0.00000
11360,21150,-1,0.00000
11360,15893,-1,0.00000
11368,1043,-1,0.00000
11368,13806,-1,0.00000
11368,25133,-1,0.00000
11368,36712,-1,0.00000
11368,57972,-1,0.00000
11460,33547,-1,0.00000
11460,18165,-1,0.00000
11460,21150,-1,0.00000
11460,15893,-1,0.00000
11478,1043,-1,0.00000
11478,13806,-1,0.00000
11478,25133,-1,0.14198
11478,36712,-1,0.00000
11478,57972,-1,0.00000
11561,33547,-1,0.15579
11561,18165,-1,0.00000
11561,21150,-1,0.12791
11561,15893,-1,0.00000
11578,1043,-1,0.00000
11578,13806,-1,0.00000
11578,25133,-1,0.00000
11578,36712,-1,0.11207
11578,57972,-1,0.00000
11670,33547,-1,0.00000
11670,18165,-1,0.00000
11670,21150,-1,0.00000
11670,15893,-1,0.00000
11679,1043,-1,0.00000
11679,13806,-1,0.00000
11679,25133,-1,0.00000
11679,36712,-1,0.00000
11679,57972,-1,0.00000
11770,33547,-1,0.00000
11770,18165,-1,0.02783
11770,21150,-1,0.00000
11770,15893,-1,0.00000
11792,1043,-1,0.00000
11792,13806,-1,0.00000
11792,25133,-1,0.00000
11792,36712,-1,0.00000
11792,57972,-1,0.23199
11880,33547,-1,0.00000
11880,18165,-1,0.10282
11880,21150,-1,0.00000
11880,15893,-1,0.00000
11898,1043,-1,0.00000
11898,13806,-1,0.20280
11898,25133,-1,0.00000
11898,36712,-1,0.00000
11898,57972,-1,0.00000
11981,33547,-1,0.00000
11981,18165,-1,0.00000
11981,21150,-1,0.00000
11981,15893,-1,0.00000
11998,1043,-1,0.00000
11998,13806,-1,0.00000
11998,25133,-1,0.00000
11998,36712,-1,0.00000
11998,57972,-1,0.00000
12090,33547,-1,0.14192
12090,18165,-1,0.00000
12090,21150,-1,0.00176
12090,15893,-1,0.00000
12110,1043,-1,0.13929
12110,13806,-1,0.00000
12110,25133,-1,0.11436
12110,36712,-1,0.00000
12110,57972,-1,0.00000
12194,33547,-1,0.00000
12194,18165,-1,0.00000
12194,21150,-1,0.00000
12194,15893,-1,0.00000
12213,1043,-1,0.00000
12213,13806,-1,0.00000
12213,25133,-1,0.00000
12213,36712,-1,0.00000
12213,57972,-1,0.00000
12301,33547,-1,0.00000
12301,18165,-1,0.11934
12301,21150,-1,0.00179
12301,15893,-1,0.04174
12318,1043,-1,0.00000
12318,13806,-1,0.05144
12318,25133,-1,0.00000
12318,36712,-1,0.00000
12318,57972,-1,0.00000
12410,33547,-1,0.00000
12410,18165,-1,0.00000
12410,21150,-1,0.00000
12410,15893,-1,0.00000
12418,1043,-1,0.00000
12418,13806,-1,0.24486
12418,25133,-1,0.00000
12418,36712,-1,0.12761
12418,57972,-1,0.00000
12510,33547,-1,0.00000
12510,18165,-1,0.00000
12510,21150,-1,0.02778
12510,15893,-1,0.00000
12528,1043,-1,0.00000
12528,13806,-1,0.00000
12528,25133,-1,0.00000
12528,36712,-1,0.00000
12528,57972,-1,0.00000
12620,33547,-1,0.11690
12620,18165,-1,0.00000
12620,21150,-1,0.11690
12620,15893,-1,0.00000
12628,1043,-1,0.00000
12628,13806,-1,0.05366
12628,25133,-1,0.00000
12628,36712,-1,0.00000
12628,57972,-1,0.00000
12721,33547,-1,0.00000
12721,18165,-1,0.00000
12721,21150,-1,0.00000
12721,15893,-1,0.00000
12738,1043,-1,0.00000
12738,13806,-1,0.22397
12738,25133,-1,0.00000
12738,36712,-1,0.00000
12738,57972,-1,0.17279
12830,33547,-1,0.00000
12830,18165,-1,0.00000
12830,21150,-1,0.02564
12830,15893,-1,0.19747
12838,1043,-1,0.00000
12838,13806,-1,0.00000
12838,25133,-1,0.00000
12838,36712,-1,0.00000
12838,57972,-1,0.00000
12938,1043,-1,0.02788
12938,13806,-1,0.00000
12938,25133,-1,0.11766
12938,36712,-1,0.00000
12938,57972,-1,0.00000
12939,33547,-1,0.00000
12939,18165,-1,0.00000
12939,21150,-1,0.00000
12939,15893,-1,0.00000
13040,33547,-1,0.00000
13040,18165,-1,0.00000
13040,21150,-1,0.00000
13040,15893,-1,0.00000
13048,1043,-1,0.00000
13048,13806,-1,0.00000
13048,25133,-1,0.00000
13048,36712,-1,0.10756
13048,57972,-1,0.00000
13149,1043,-1,0.00000
13149,13806,-1,0.00000
13149,25133,-1,0.00000
13149,36712,-1,0.00000
13149,57972,-1,0.00000
13151,33547,-1,0.00000
13151,18165,-1,0.13173
13151,21150,-1,0.10650
13151,15893,-1,0.00000
13251,33547,-1,0.00000
13251,18165,-1,0.00000
13251,21150,-1,0.00000
13251,15893,-1,0.00000
13258,1043,-1,0.02553
13258,13806,-1,0.20604
13258,25133,-1,0.00000
13258,36712,-1,0.00000
13258,57972,-1,0.00000
13360,33547,-1,0.13354
13360,18165,-1,0.00000
13360,21150,-1,0.00000
13360,15893,-1,0.00000
13368,1043,-1,0.10734
13368,13806,-1,0.00000
13368,25133,-1,0.00000
13368,36712,-1,0.00000
13368,57972,-1,0.00000
13461,33547,-1,0.00000
13461,18165,-1,0.00000
13461,21150,-1,0.00000
13461,15893,-1,0.00000
13479,1043,-1,0.00000
13479,13806,-1,0.00000
13479,25133,-1,0.00000
13479,36712,-1,0.00000
13479,57972,-1,0.00000
13570,33547,-1,0.00000
13570,18165,-1,0.00000
13570,21150,-1,0.00000
13570,15893,-1,0.00000
13588,1043,-1,0.00000
13588,13806,-1,0.00000
13588,25133,-1,0.11823
13588,36712,-1,0.00000
13588,57972,-1,0.22222
13671,33547,-1,0.00000
13671,18165,-1,0.00000
13671,21150,-1,0.00000
13671,15893,-1,0.21235
13688,1043,-1,0.00000
13688,13806,-1,0.00000
13688,25133,-1,0.00000
13688,36712,-1,0.00000
13688,57972,-1,0.00000
13780,33547,-1,0.00000
13780,18165,-1,0.00000
13780,21150,-1,0.00000
13780,15893,-1,0.00000
13788,1043,-1,0.00000
13788,13806,-1,0.00000
13788,25133,-1,0.00000
13788,36712,-1,0.00000
13788,57972,-1,0.00000
13880,33547,-1,0.11212
13880,18165,-1,0.00000
13880,21150,-1,0.12740
13880,15893,-1,0.00000
13888,1043,-1,0.00000
13888,13806,-1,0.21960
13888,25133,-1,0.00000
13888,36712,-1,0.15549
13888,57972,-1,0.00000
13990,33547,-1,0.00000
13990,18165,-1,0.00000
13990,21150,-1,0.00000
13990,15893,-1,0.00000
13998,1043,-1,0.00000
13998,13806,-1,0.00000
13998,25133,-1,0.00000
13998,36712,-1,0.00000
13998,57972,-1,0.00000
14100,33547,-1,0.00000
14100,18165,-1,0.10712
14100,21150,-1,0.02538
14100,15893,-1,0.00000
14108,1043,-1,0.00000
14108,13806,-1,0.00000
14108,25133,-1,0.00000
14108,36712,-1,0.00000
14108,57972,-1,0.00000
14200,33547,-1,0.00000
14200,18165,-1,0.00000
14200,21150,-1,0.00000
14200,15893,-1,0.00000
14218,1043,-1,0.14274
14218,13806,-1,0.00000
14218,25133,-1,0.00000
14218,36712,-1,0.00000
14218,57972,-1,0.19676
14302,33547,-1,0.00000
14302,18165,-1,0.00000
14302,21150,-1,0.00000
14302,15893,-1,0.00000
14319,1043,-1,0.00000
14319,13806,-1,0.00000
14319,25133,-1,0.00000
14319,36712,-1,0.00000
14319,57972,-1,0.00000
14410,33547,-1,0.11839
14410,18165,-1,0.00000
14410,21150,-1,0.02581
14410,15893,-1,0.19878
14429,1043,-1,0.00000
14429,13806,-1,0.22480
14429,25133,-1,0.02554
14429,36712,-1,0.00000
14429,57972,-1,0.00000
14510,33547,-1,0.00000
14510,18165,-1,0.00000
14510,21150,-1,0.00000
14510,15893,-1,0.00000
14529,1043,-1,0.00000
14529,13806,-1,0.00000
14529,25133,-1,0.12793
14529,36712,-1,0.00000
14529,57972,-1,0.00000
14627,33547,-1,0.00000
14627,18165,-1,0.00000
14627,21150,-1,0.00000
14627,15893,-1,0.00000
14629,1043,-1,0.00000
14629,13806,-1,0.00000
14629,25133,-1,0.00000
14629,36712,-1,0.00000
14629,57972,-1,0.00000
14732,33547,-1,0.00000
14732,18165,-1,0.00000
14732,21150,-1,0.12211
14732,15893,-1,0.00000
14738,1043,-1,0.00000
14738,13806,-1,0.00000
14738,25133,-1,0.00000
14738,36712,-1,0.14264
14738,57972,-1,0.00000
14840,33547,-1,0.00000
14840,18165,-1,0.00000
14840,21150,-1,0.00000
14840,15893,-1,0.00000
14848,1043,-1,0.11687
14848,13806,-1,0.00000
14848,25133,-1,0.00000
14848,36712,-1,0.00000
14848,57972,-1,0.00000
14949,1043,-1,0.00000
14949,13806,-1,0.00000
14949,25133,-1,0.00000
14949,36712,-1,0.00000
14949,57972,-1,0.00000
14950,33547,-1,0.00000
14950,18165,-1,0.12797
14950,21150,-1,0.00000
14950,15893,-1,0.00000
15050,33547,-1,0.00000
15050,18165,-1,0.00000
15050,21150,-1,0.00000
15050,15893,-1,0.00000
15058,1043,-1,0.00000
15058,13806,-1,0.00000
15058,25133,-1,0.00000
15058,36712,-1,0.00000
15058,57972,-1,0.23887
15150,33547,-1,0.15594
15150,18165,-1,0.00000
15150,21150,-1,0.00000
15150,15893,-1,0.00000
15168,1043,-1,0.00000
15168,13806,-1,0.20109
15168,25133,-1,0.00000
15168,36712,-1,0.00000
15168,57972,-1,0.00000
15251,33547,-1,0.00000
15251,18165,-1,0.00000
15251,21150,-1,0.12723
15251,15893,-1,0.00000
15268,1043,-1,0.00000
15268,13806,-1,0.00000
15268,25133,-1,0.00000
15268,36712,-1,0.00000
15268,57972,-1,0.00000
15361,33547,-1,0.00000
15361,18165,-1,0.00000
15361,21150,-1,0.00000
15361,15893,-1,0.00000
15378,1043,-1,0.00000
15378,13806,-1,0.00000
15378,25133,-1,0.14147
15378,36712,-1,0.00000
15378,57972,-1,0.00000
15462,33547,-1,0.00000
15462,18165,-1,0.12655
15462,21150,-1,0.00000
15462,15893,-1,0.21248
15488,1043,-1,0.00000
15488,13806,-1,0.00000
15488,25133,-1,0.00000
15488,36712,-1,0.11696
15488,57972,-1,0.00000
15570,33547,-1,0.00000
15570,18165,-1,0.00000
15570,21150,-1,0.00000
15570,15893,-1,0.00000
15588,1043,-1,0.00000
15588,13806,-1,0.00000
15588,25133,-1,0.00000
15588,36712,-1,0.00000
15588,57972,-1,0.00000
15680,33547,-1,0.00000
15680,18165,-1,0.00000
15680,21150,-1,0.00000
15680,15893,-1,0.00000
15698,1043,-1,0.14181
15698,13806,-1,0.00000
15698,25133,-1,0.00000
15698,36712,-1,0.00000
15698,57972,-1,0.00000
15792,33547,-1,0.11413
15792,18165,-1,0.00000
15792,21150,-1,0.00000
15792,15893,-1,0.00000
15808,1043,-1,0.00000
15808,13806,-1,0.00000
15808,25133,-1,0.00000
15808,36712,-1,0.00000
15808,57972,-1,0.19550
15900,33547,-1,0.00000
15900,18165,-1,0.00000
15900,21150,-1,0.00000
15900,15893,-1,0.00000
15908,1043,-1,0.00000
15908,13806,-1,0.00000
15908,25133,-1,0.00000
15908,36712,-1,0.00000
15908,57972,-1,0.00000
16001,33547,-1,0.00000
16001,18165,-1,0.12734
16001,21150,-1,0.02776
16001,15893,-1,0.00000
16018,1043,-1,0.00000
16018,13806,-1,0.27398
16018,25133,-1,0.00000
16018,36712,-1,0.00000
16018,57972,-1,0.00000
16110,33547,-1,0.00000
16110,18165,-1,0.00000
16110,21150,-1,0.10325
16110,15893,-1,0.00000
16127,1043,-1,0.00000
16127,13806,-1,0.00000
16127,25133,-1,0.11679
16127,36712,-1,0.00000
16127,57972,-1,0.00000
16210,33547,-1,0.00000
16210,18165,-1,0.00000
16210,21150,-1,0.00000
16210,15893,-1,0.00000
16228,1043,-1,0.00000
16228,13806,-1,0.00000
16228,25133,-1,0.00000
16228,36712,-1,0.00000
16228,57972,-1,0.00000
16321,33547,-1,0.00000
16321,18165,-1,0.00000
16321,21150,-1,0.00000
16321,15893,-1,0.04143
16328,1043,-1,0.00000
16328,13806,-1,0.00000
16328,25133,-1,0.00000
16328,36712,-1,0.15547
16328,57972,-1,0.00000
16430,33547,-1,0.00000
16430,18165,-1,0.00000
16430,21150,-1,0.00000
16430,15893,-1,0.00000
16438,1043,-1,0.10297
16438,13806,-1,0.00000
16438,25133,-1,0.00000
16438,36712,-1,0.00000
16438,57972,-1,0.00000
16530,33547,-1,0.00000
16530,18165,-1,0.00000
16530,21150,-1,0.00000
16530,15893,-1,0.00000
16539,1043,-1,0.00000
16539,13806,-1,0.00000
16539,25133,-1,0.00000
16539,36712,-1,0.00000
16539,57972,-1,0.00000
16631,33547,-1,0.15421
16631,18165,-1,0.00000
16631,21150,-1,0.12661
16631,15893,-1,0.00000
16648,1043,-1,0.00000
16648,13806,-1,0.00000
16648,25133,-1,0.00000
16648,36712,-1,0.00000
16648,57972,-1,0.50073
16740,33547,-1,0.00000
16740,18165,-1,0.00000
16740,21150,-1,0.00000
16740,15893,-1,0.00000
16748,1043,-1,0.00000
16748,13806,-1,0.00000
16748,25133,-1,0.00000
16748,36712,-1,0.00000
16748,57972,-1,0.00000
16841,33547,-1,0.00000
16841,18165,-1,0.02770
16841,21150,-1,0.00000
16841,15893,-1,0.21337
16858,1043,-1,0.00000
16858,13806,-1,0.00000
16858,25133,-1,0.00000
16858,36712,-1,0.00000
16858,57972,-1,0.00000
16950,33547,-1,0.00000
16950,18165,-1,0.11711
16950,21150,-1,0.00000
16950,15893,-1,0.00000
16968,1043,-1,0.00000
16968,13806,-1,0.04918
16968,25133,-1,0.00000
16968,36712,-1,0.00000
16968,57972,-1,0.22481
17051,33547,-1,0.00000
17051,18165,-1,0.00000
17051,21150,-1,0.00000
17051,15893,-1,0.00000
17069,1043,-1,0.00000
17069,13806,-1,0.24373
17069,25133,-1,0.00000
17069,36712,-1,0.00000
17069,57972,-1,0.00000
17161,33547,-1,0.10316
17161,18165,-1,0.00000
17161,21150,-1,0.00000
17161,15893,-1,0.00000
17171,1043,-1,0.00000
17171,13806,-1,0.00000
17171,25133,-1,0.00000
17171,36712,-1,0.00000
17171,57972,-1,0.00000
17262,33547,-1,0.00000
17262,18165,-1,0.00000
17262,21150,-1,0.00000
17262,15893,-1,0.00000
17279,1043,-1,0.00000
17279,13806,-1,0.00000
17279,25133,-1,0.14533
17279,36712,-1,0.00000
17279,57972,-1,0.00000
17370,33547,-1,0.00000
17370,18165,-1,0.00000
17370,21150,-1,0.02569
17370,15893,-1,0.00000
17388,1043,-1,0.11717
17388,13806,-1,0.00000
17388,25133,-1,0.00000
17388,36712,-1,0.00000
17388,57972,-1,0.00000
17480,33547,-1,0.00000
17480,18165,-1,0.10713
17480,21150,-1,0.10713
17480,15893,-1,0.00000
17489,1043,-1,0.00000
17489,13806,-1,0.00000
17489,25133,-1,0.00000
17489,36712,-1,0.00000
17489,57972,-1,0.00000
17580,33547,-1,0.00000
17580,18165,-1,0.00000
17580,21150,-1,0.00000
17580,15893,-1,0.00000
17601,1043,-1,0.00000
17601,13806,-1,0.00000
17601,25133,-1,0.00000
17601,36712,-1,0.13985
17601,57972,-1,0.19752
17681,33547,-1,0.00000
17681,18165,-1,0.00000
17681,21150,-1,0.00000
17681,15893,-1,0.04590
17708,1043,-1,0.00000
17708,13806,-1,0.00000
17708,25133,-1,0.00000
17708,36712,-1,0.00000
17708,57972,-1,0.00000
17783,33547,-1,0.00000
17783,18165,-1,0.00000
17783,21150,-1,0.00000
17783,15893,-1,0.00000
17808,1043,-1,0.00000
17808,13806,-1,0.00000
17808,25133,-1,0.00000
17808,36712,-1,0.00000
17808,57972,-1,0.00000
17892,33547,-1,0.00000
17892,18165,-1,0.00000
17892,21150,-1,0.00000
17892,15893,-1,0.00000
17920,1043,-1,0.00000
17920,13806,-1,0.25050
17920,25133,-1,0.10576
17920,36712,-1,0.00000
17920,57972,-1,0.00000
18000,33547,-1,0.00000
18000,18165,-1,0.00000
18000,21150,-1,0.00000
18000,15893,-1,0.00000
18029,1043,-1,0.00000
18029,13806,-1,0.00000
18029,25133,-1,0.00000
18029,36712,-1,0.00000
18029,57972,-1,0.00000
18100,33547,-1,0.00000
18100,18165,-1,0.00000
18100,21150,-1,0.00000
18100,15893,-1,0.00000
18138,1043,-1,0.02568
18138,13806,-1,0.00000
18138,25133,-1,0.00000
18138,36712,-1,0.00000
18138,57972,-1,0.00000
18210,33547,-1,0.00000
18210,18165,-1,0.10248
18210,21150,-1,0.00000
18210,15893,-1,0.17696
18238,1043,-1,0.11761
18238,13806,-1,0.00000
18238,25133,-1,0.00000
18238,36712,-1,0.11761
18238,57972,-1,0.00000
18311,33547,-1,0.00000
18311,18165,-1,0.00000
18311,21150,-1,0.00000
18311,15893,-1,0.00000
18338,1043,-1,0.00000
18338,13806,-1,0.00000
18338,25133,-1,0.00000
18338,36712,-1,0.00000
18338,57972,-1,0.00000
18422,33547,-1,0.00000
18422,18165,-1,0.00000
18422,21150,-1,0.00000
18422,15893,-1,0.00000
18449,1043,-1,0.00000
18449,13806,-1,0.05457
18449,25133,-1,0.00000
18449,36712,-1,0.00000
18449,57972,-1,0.00000
18530,33547,-1,0.13419
18530,18165,-1,0.00000
18530,21150,-1,0.11791
18530,15893,-1,0.00000
18558,1043,-1,0.00000
18558,13806,-1,0.23441
18558,25133,-1,0.00000
18558,36712,-1,0.00000
18558,57972,-1,0.22497
18640,33547,-1,0.00000
18640,18165,-1,0.00000
18640,21150,-1,0.00000
18640,15893,-1,0.00000
18658,1043,-1,0.00000
18658,13806,-1,0.00000
18658,25133,-1,0.00000
18658,36712,-1,0.00000
18658,57972,-1,0.00000
18740,33547,-1,0.00000
18740,18165,-1,0.00000
18740,21150,-1,0.00000
18740,15893,-1,0.00000
18759,1043,-1,0.00000
18759,13806,-1,0.00000
18759,25133,-1,0.02759
18759,36712,-1,0.00000
18759,57972,-1,0.00000
18850,33547,-1,0.00000
18850,18165,-1,0.02555
18850,21150,-1,0.00000
18850,15893,-1,0.00000
18868,1043,-1,0.00000
18868,13806,-1,0.25818
18868,25133,-1,0.10332
18868,36712,-1,0.00000
18868,57972,-1,0.00000
18960,33547,-1,0.00000
18960,18165,-1,0.00000
18960,21150,-1,0.00000
18960,15893,-1,0.19484
18979,1043,-1,0.00000
18979,13806,-1,0.00000
18979,25133,-1,0.00000
18979,36712,-1,0.00000
18979,57972,-1,0.00000
19060,33547,-1,0.00000
19060,18165,-1,0.00000
19060,21150,-1,0.00000
19060,15893,-1,0.00000
19080,1043,-1,0.00000
19080,13806,-1,0.00000
19080,25133,-1,0.00000
19080,36712,-1,0.00000
19080,57972,-1,0.00000
19170,33547,-1,0.00000
19170,18165,-1,0.14231
19170,21150,-1,0.00000
19170,15893,-1,0.00000
19189,1043,-1,0.02576
19189,13806,-1,0.00000
19189,25133,-1,0.00000
19189,36712,-1,0.11817
19189,57972,-1,0.00000
19270,33547,-1,0.00000
19270,18165,-1,0.00000
19270,21150,-1,0.00000
19270,15893,-1,0.00000
19298,1043,-1,0.11726
19298,13806,-1,0.00000
19298,25133,-1,0.00000
19298,36712,-1,0.00000
19298,57972,-1,0.00000
19371,33547,-1,0.00000
19371,18165,-1,0.00000
19371,21150,-1,0.00000
19371,15893,-1,0.00000
19398,1043,-1,0.00000
19398,13806,-1,0.00000
19398,25133,-1,0.00000
19398,36712,-1,0.00000
19398,57972,-1,0.00000
19480,33547,-1,0.12822
19480,18165,-1,0.00000
19480,21150,-1,0.11677
19480,15893,-1,0.00000
19499,1043,-1,0.00000
19499,13806,-1,0.00000
19499,25133,-1,0.00000
19499,36712,-1,0.00000
19499,57972,-1,0.29893
19580,33547,-1,0.00000
19580,18165,-1,0.00000
19580,21150,-1,0.00000
19580,15893,-1,0.00000
19608,1043,-1,0.00000
19608,13806,-1,0.00000
19608,25133,-1,0.11718
19608,36712,-1,0.00000
19608,57972,-1,0.00000
19693,33547,-1,0.00000
19693,18165,-1,0.00000
19693,21150,-1,0.00000
19693,15893,-1,0.04101
19711,1043,-1,0.00000
19711,13806,-1,0.00000
19711,25133,-1,0.00000
19711,36712,-1,0.00000
19711,57972,-1,0.00000
19800,33547,-1,0.00000
19800,18165,-1,0.00000
19800,21150,-1,0.00000
19800,15893,-1,0.00000
19818,1043,-1,0.00000
19818,13806,-1,0.31991
19818,25133,-1,0.00000
19818,36712,-1,0.11986
19818,57972,-1,0.00000
19910,33547,-1,0.00000
19910,18165,-1,0.00000
19910,21150,-1,0.00000
19910,15893,-1,0.00000
19919,1043,-1,0.00000
19919,13806,-1,0.00000
19919,25133,-1,0.00000
19919,36712,-1,0.00000
19919,57972,-1,0.00000
20010,33547,-1,0.00000
20010,18165,-1,0.15527
20010,21150,-1,0.12748
20010,15893,-1,0.00000
20019,1043,-1,0.00000
20019,13806,-1,0.00000
20019,25133,-1,0.00000
20019,36712,-1,0.00000
20019,57972,-1,0.00000
20120,33547,-1,0.00000
20120,18165,-1,0.00000
20120,21150,-1,0.00000
20120,15893,-1,0.00000
20130,1043,-1,0.12698
20130,13806,-1,0.00000
20130,25133,-1,0.00000
20130,36712,-1,0.00000
20130,57972,-1,0.22190
20220,33547,-1,0.02783
20220,18165,-1,0.00000
20220,21150,-1,0.00000
20220,15893,-1,0.00000
20238,1043,-1,0.00000
20238,13806,-1,0.00000
20238,25133,-1,0.00000
20238,36712,-1,0.00000
20238,57972,-1,0.00000
20320,33547,-1,0.12792
20320,18165,-1,0.00000
20320,21150,-1,0.00000
20320,15893,-1,0.21477
20341,1043,-1,0.00000
20341,13806,-1,0.00000
20341,25133,-1,0.02710
20341,36712,-1,0.00000
20341,57972,-1,0.00000
20421,33547,-1,0.00000
20421,18165,-1,0.00000
20421,21150,-1,0.00000
20421,15893,-1,0.00000
20448,1043,-1,0.00000
20448,13806,-1,0.00000
20448,25133,-1,0.11977
20448,36712,-1,0.11977
20448,57972,-1,0.00000
20530,33547,-1,0.00000
20530,18165,-1,0.00000
20530,21150,-1,0.00000
20530,15893,-1,0.00000
20551,1043,-1,0.00000
20551,13806,-1,0.00000
20551,25133,-1,0.00000
20551,36712,-1,0.00000
20551,57972,-1,0.00000
20631,33547,-1,0.00000
20631,18165,-1,0.11211
20631,21150,-1,0.00000
20631,15893,-1,0.00000
20658,1043,-1,0.00000
20658,13806,-1,0.05607
20658,25133,-1,0.00000
20658,36712,-1,0.00000
20658,57972,-1,0.00000
20741,33547,-1,0.00000
20741,18165,-1,0.00000
20741,21150,-1,0.00000
20741,15893,-1,0.00000
20759,1043,-1,0.12725
20759,13806,-1,0.27986
20759,25133,-1,0.00000
20759,36712,-1,0.00000
20759,57972,-1,0.00000
20850,33547,-1,0.11730
20850,18165,-1,0.00000
20850,21150,-1,0.14287
20850,15893,-1,0.00000
20868,1043,-1,0.00000
20868,13806,-1,0.00000
20868,25133,-1,0.00000
20868,36712,-1,0.00000
20868,57972,-1,0.00000
20951,33547,-1,0.00000
20951,18165,-1,0.00000
20951,21150,-1,0.00000
20951,15893,-1,0.00000
20979,1043,-1,0.00000
20979,13806,-1,0.00000
20979,25133,-1,0.00000
20979,36712,-1,0.00000
20979,57972,-1,0.00000
21062,33547,-1,0.00000
21062,18165,-1,0.00000
21062,21150,-1,0.00000
21062,15893,-1,0.23694
21089,1043,-1,0.00000
21089,13806,-1,0.00000
21089,25133,-1,0.00000
21089,36712,-1,0.00000
21089,57972,-1,0.27285
21170,33547,-1,0.00000
21170,18165,-1,0.00000
21170,21150,-1,0.00000
21170,15893,-1,0.00000
21197,1043,-1,0.00000
21197,13806,-1,0.00000
21197,25133,-1,0.00000
21197,36712,-1,0.11757
21197,57972,-1,0.00000
21272,33547,-1,0.00000
21272,18165,-1,0.00000
21272,21150,-1,0.00000
21272,15893,-1,0.00000
21298,1043,-1,0.00000
21298,13806,-1,0.00000
21298,25133,-1,0.00000
21298,36712,-1,0.00000
21298,57972,-1,0.00000
21381,33547,-1,0.00000
21381,18165,-1,0.02578
21381,21150,-1,0.00000
21381,15893,-1,0.00000
21398,1043,-1,0.00000
21398,13806,-1,0.00000
21398,25133,-1,0.15546
21398,36712,-1,0.00000
21398,57972,-1,0.00000
21490,33547,-1,0.00000
21490,18165,-1,0.11727
21490,21150,-1,0.11727
21490,15893,-1,0.00000
21508,1043,-1,0.10278
21508,13806,-1,0.00000
21508,25133,-1,0.00000
21508,36712,-1,0.00000
21508,57972,-1,0.00000
21591,33547,-1,0.00000
21591,18165,-1,0.00000
21591,21150,-1,0.00000
21591,15893,-1,0.00000
21609,1043,-1,0.00000
21609,13806,-1,0.00000
21609,25133,-1,0.00000
21609,36712,-1,0.00000
21609,57972,-1,0.00000
21691,33547,-1,0.15583
21691,18165,-1,0.00000
21691,21150,-1,0.00000
21691,15893,-1,0.00000
21720,1043,-1,0.00000
21720,13806,-1,0.05401
21720,25133,-1,0.00000
21720,36712,-1,0.00000
21720,57972,-1,0.00000
21800,33547,-1,0.00000
21800,18165,-1,0.00000
21800,21150,-1,0.00000
21800,15893,-1,0.17367
21828,1043,-1,0.00000
21828,13806,-1,0.26027
21828,25133,-1,0.00000
21828,36712,-1,0.00000
21828,57972,-1,0.22708
21901,33547,-1,0.00000
21901,18165,-1,0.00000
21901,21150,-1,0.00000
21901,15893,-1,0.00000
21932,1043,-1,0.00000
21932,13806,-1,0.00000
21932,25133,-1,0.00000
21932,36712,-1,0.00000
21932,57972,-1,0.00000
22012,33547,-1,0.00000
22012,18165,-1,0.10602
22012,21150,-1,0.00000
22012,15893,-1,0.00000
22039,1043,-1,0.00000
22039,13806,-1,0.00000
22039,25133,-1,0.00000
22039,36712,-1,0.02599
22039,57972,-1,0.00000
22120,33547,-1,0.00000
22120,18165,-1,0.00000
22120,21150,-1,0.00000
22120,15893,-1,0.00000
22148,1043,-1,0.11766
22148,13806,-1,0.00000
22148,25133,-1,0.00000
22148,36712,-1,0.11766
22148,57972,-1,0.00000
22220,33547,-1,0.00000
22220,18165,-1,0.00000
22220,21150,-1,0.02792
22220,15893,-1,0.00000
22258,1043,-1,0.00000
22258,13806,-1,0.00000
22258,25133,-1,0.00000
22258,36712,-1,0.00000
22258,57972,-1,0.00000
22320,33547,-1,0.00000
22320,18165,-1,0.00000
22320,21150,-1,0.11758
22320,15893,-1,0.00000
22368,1043,-1,0.00000
22368,13806,-1,0.00000
22368,25133,-1,0.02547
22368,36712,-1,0.00000
22368,57972,-1,0.00000
22420,33547,-1,0.00000
22420,18165,-1,0.00000
22420,21150,-1,0.00000
22420,15893,-1,0.00000
22469,1043,-1,0.00000
22469,13806,-1,0.00000
22469,25133,-1,0.12582
22469,36712,-1,0.00000
22469,57972,-1,0.24143
22520,33547,-1,0.00000
22520,18165,-1,0.00000
22520,21150,-1,0.00000
22520,15893,-1,0.00000
22578,1043,-1,0.00000
22578,13806,-1,0.00000
22578,25133,-1,0.00000
22578,36712,-1,0.00000
22578,57972,-1,0.00000
22621,33547,-1,0.00000
22621,18165,-1,0.00000
22621,21150,-1,0.00000
22621,15893,-1,0.00000
22679,1043,-1,0.00000
22679,13806,-1,0.00000
22679,25133,-1,0.00000
22679,36712,-1,0.00000
22679,57972,-1,0.00000
22730,33547,-1,0.00000
22730,18165,-1,0.00000
22730,21150,-1,0.00000
22730,15893,-1,0.00000
22781,1043,-1,0.11061
22781,13806,-1,0.33545
22781,25133,-1,0.00000
22781,36712,-1,0.00000
22781,57972,-1,0.00000
22830,33547,-1,0.00000
22830,18165,-1,0.11249
22830,21150,-1,0.00000
22830,15893,-1,0.19425
22888,1043,-1,0.00000
22888,13806,-1,0.00000
22888,25133,-1,0.00000
22888,36712,-1,0.00000
22888,57972,-1,0.00000
22931,33547,-1,0.00000
22931,18165,-1,0.00000
22931,21150,-1,0.00000
22931,15893,-1,0.00000
22990,1043,-1,0.00000
22990,13806,-1,0.00000
22990,25133,-1,0.00000
22990,36712,-1,0.00000
22990,57972,-1,0.00000
23032,33547,-1,0.02766
23032,18165,-1,0.00000
23032,21150,-1,0.00000
23032,15893,-1,0.00000
23098,1043,-1,0.00000
23098,13806,-1,0.00000
23098,25133,-1,0.00000
23098,36712,-1,0.10897
23098,57972,-1,0.29243
23140,33547,-1,0.10869
23140,18165,-1,0.00000
23140,21150,-1,0.11813
23140,15893,-1,0.00000
23199,1043,-1,0.00000
23199,13806,-1,0.00000
23199,25133,-1,0.00000
23199,36712,-1,0.00000
23199,57972,-1,0.00000
23240,33547,-1,0.00000
23240,18165,-1,0.00000
23240,21150,-1,0.00000
23240,15893,-1,0.00000
23308,1043,-1,0.00000
23308,13806,-1,0.00000
23308,25133,-1,0.00000
23308,36712,-1,0.00000
23308,57972,-1,0.00000
23350,33547,-1,0.00000
23350,18165,-1,0.14193
23350,21150,-1,0.00000
23350,15893,-1,0.00000
23409,1043,-1,0.00000
23409,13806,-1,0.00000
23409,25133,-1,0.14404
23409,36712,-1,0.00000
23409,57972,-1,0.00000
23462,33547,-1,0.00000
23462,18165,-1,0.00000
23462,21150,-1,0.00000
23462,15893,-1,0.00000
23518,1043,-1,0.00000
23518,13806,-1,0.00000
23518,25133,-1,0.00000
23518,36712,-1,0.00000
23518,57972,-1,0.00000
23570,33547,-1,0.00000
23570,18165,-1,0.00000
23570,21150,-1,0.00000
23570,15893,-1,0.04255
23628,1043,-1,0.00000
23628,13806,-1,0.00000
23628,25133,-1,0.00000
23628,36712,-1,0.00000
23628,57972,-1,0.00000
23671,33547,-1,0.00000
23671,18165,-1,0.00000
23671,21150,-1,0.12778
23671,15893,-1,0.21453
23728,1043,-1,0.11777
23728,13806,-1,0.34162
23728,25133,-1,0.00000
23728,36712,-1,0.00000
23728,57972,-1,0.00000
23772,33547,-1,0.00000
23772,18165,-1,0.00000
23772,21150,-1,0.00000
23772,15893,-1,0.00000
23829,1043,-1,0.00000
23829,13806,-1,0.00000
23829,25133,-1,0.00000
23829,36712,-1,0.00000
23829,57972,-1,0.00000
23881,33547,-1,0.12859
23881,18165,-1,0.00000
23881,21150,-1,0.00000
23881,15893,-1,0.00000
23938,1043,-1,0.00000
23938,13806,-1,0.00000
23938,25133,-1,0.00000
23938,36712,-1,0.00000
23938,57972,-1,0.00000
23991,33547,-1,0.00000
23991,18165,-1,0.00000
23991,21150,-1,0.00000
23991,15893,-1,0.00000
24039,1043,-1,0.00000
24039,13806,-1,0.00000
24039,25133,-1,0.00000
24039,36712,-1,0.13969
24039,57972,-1,0.25435
24101,33547,-1,0.00000
24101,18165,-1,0.02538
24101,21150,-1,0.00000
24101,15893,-1,0.00000
24151,1043,-1,0.00000
24151,13806,-1,0.00000
24151,25133,-1,0.00000
24151,36712,-1,0.00000
24151,57972,-1,0.00000
24201,33547,-1,0.00000
24201,18165,-1,0.12704
24201,21150,-1,0.12704
24201,15893,-1,0.00000
24258,1043,-1,0.00000
24258,13806,-1,0.00000
24258,25133,-1,0.02590
24258,36712,-1,0.00000
24258,57972,-1,0.00000
24310,33547,-1,0.00000
24310,18165,-1,0.00000
24310,21150,-1,0.00000
24310,15893,-1,0.00000
24368,1043,-1,0.11707
24368,13806,-1,0.00000
24368,25133,-1,0.11707
24368,36712,-1,0.00000
24368,57972,-1,0.00000
24410,33547,-1,0.00000
24410,18165,-1,0.00000
24410,21150,-1,0.00000
24410,15893,-1,0.04587
24468,1043,-1,0.00000
24468,13806,-1,0.00000
24468,25133,-1,0.00000
24468,36712,-1,0.00000
24468,57972,-1,0.00000
24511,33547,-1,0.00000
24511,18165,-1,0.00000
24511,21150,-1,0.00000
24511,15893,-1,0.00000
24570,1043,-1,0.00000
24570,13806,-1,0.05881
24570,25133,-1,0.00000
24570,36712,-1,0.12520
24570,57972,-1,0.00000
24613,33547,-1,0.00000
24613,18165,-1,0.00000
24613,21150,-1,0.00000
24613,15893,-1,0.00000
24678,1043,-1,0.00000
24678,13806,-1,0.26204
24678,25133,-1,0.00000
24678,36712,-1,0.00000
24678,57972,-1,0.00000
24721,33547,-1,0.14537
24721,18165,-1,0.00000
24721,21150,-1,0.11935
24721,15893,-1,0.00000
24778,1043,-1,0.00000
24778,13806,-1,0.00000
24778,25133,-1,0.00000
24778,36712,-1,0.00000
24778,57972,-1,0.00000
24821,33547,-1,0.00000
24821,18165,-1,0.00000
24821,21150,-1,0.00000
24821,15893,-1,0.00000
24878,1043,-1,0.00000
24878,13806,-1,0.38445
24878,25133,-1,0.00000
24878,36712,-1,0.00000
24878,57972,-1,0.00000
24930,33547,-1,0.00000
24930,18165,-1,0.02543
24930,21150,-1,0.00000
24930,15893,-1,0.19588
24978,1043,-1,0.00000
24978,13806,-1,0.00000
24978,25133,-1,0.00000
24978,36712,-1,0.00000
24978,57972,-1,0.28156
25040,33547,-1,0.00000
25040,18165,-1,0.10270
25040,21150,-1,0.00000
25040,15893,-1,0.00000
25088,1043,-1,0.00000
25088,13806,-1,0.00000
25088,25133,-1,0.00000
25088,36712,-1,0.00000
25088,57972,-1,0.00000
25142,33547,-1,0.00000
25142,18165,-1,0.00000
25142,21150,-1,0.00000
25142,15893,-1,0.00000
25189,1043,-1,0.12709
25189,13806,-1,0.27951
25189,25133,-1,0.02770
25189,36712,-1,0.00000
25189,57972,-1,0.00000
25250,33547,-1,0.11834
25250,18165,-1,0.00000
25250,21150,-1,0.00000
25250,15893,-1,0.00000
25300,1043,-1,0.00000
25300,13806,-1,0.00000
25300,25133,-1,0.00000
25300,36712,-1,0.00000
25300,57972,-1,0.00000
25350,33547,-1,0.00000
25350,18165,-1,0.00000
25350,21150,-1,0.00000
25350,15893,-1,0.00000
25413,1043,-1,0.00000
25413,13806,-1,0.00000
25413,25133,-1,0.02473
25413,36712,-1,0.00000
25413,57972,-1,0.00000
25450,33547,-1,0.00000
25450,18165,-1,0.12796
25450,21150,-1,0.02789
25450,15893,-1,0.00000
25518,1043,-1,0.00000
25518,13806,-1,0.00000
25518,25133,-1,0.12144
25518,36712,-1,0.12144
25518,57972,-1,0.00000
25560,33547,-1,0.00000
25560,18165,-1,0.00000
25560,21150,-1,0.11653
25560,15893,-1,0.00000
25619,1043,-1,0.00000
25619,13806,-1,0.00000
25619,25133,-1,0.00000
25619,36712,-1,0.00000
25619,57972,-1,0.00000
25660,33547,-1,0.00000
25660,18165,-1,0.00000
25660,21150,-1,0.00000
25660,15893,-1,0.00000
25729,1043,-1,0.00000
25729,13806,-1,0.00000
25729,25133,-1,0.00000
25729,36712,-1,0.00000
25729,57972,-1,0.05503
25761,33547,-1,0.00000
25761,18165,-1,0.00000
25761,21150,-1,0.00000
25761,15893,-1,0.04577
25838,1043,-1,0.00000
25838,13806,-1,0.29010
25838,25133,-1,0.00000
25838,36712,-1,0.00000
25838,57972,-1,0.25735
25870,33547,-1,0.00000
25870,18165,-1,0.00000
25870,21150,-1,0.00000
25870,15893,-1,0.00000
25939,1043,-1,0.00000
25939,13806,-1,0.00000
25939,25133,-1,0.00000
25939,36712,-1,0.00000
25939,57972,-1,0.00000
25973,33547,-1,0.00000
25973,18165,-1,0.00000
25973,21150,-1,0.00000
25973,15893,-1,0.00000
26049,1043,-1,0.02553
26049,13806,-1,0.00000
26049,25133,-1,0.00000
26049,36712,-1,0.00000
26049,57972,-1,0.00000
26081,33547,-1,0.14529
26081,18165,-1,0.10498
26081,21150,-1,0.00000
26081,15893,-1,0.00000
26158,1043,-1,0.11735
26158,13806,-1,0.00000
26158,25133,-1,0.00000
26158,36712,-1,0.11735
26158,57972,-1,0.00000
26190,33547,-1,0.00000
26190,18165,-1,0.00000
26190,21150,-1,0.00000
26190,15893,-1,0.00000
26258,1043,-1,0.00000
26258,13806,-1,0.00000
26258,25133,-1,0.00000
26258,36712,-1,0.00000
26258,57972,-1,0.00000
26290,33547,-1,0.00000
26290,18165,-1,0.00000
26290,21150,-1,0.00000
26290,15893,-1,0.00000
26359,1043,-1,0.00000
26359,13806,-1,0.00000
26359,25133,-1,0.02765
26359,36712,-1,0.00000
26359,57972,-1,0.00000
26400,33547,-1,0.00000
26400,18165,-1,0.00000
26400,21150,-1,0.13261
26400,15893,-1,0.00000
26468,1043,-1,0.00000
26468,13806,-1,0.00000
26468,25133,-1,0.11738
26468,36712,-1,0.00000
26468,57972,-1,0.22523
26510,33547,-1,0.00000
26510,18165,-1,0.00000
26510,21150,-1,0.00000
26510,15893,-1,0.00000
26568,1043,-1,0.00000
26568,13806,-1,0.00000
26568,25133,-1,0.00000
26568,36712,-1,0.00000
26568,57972,-1,0.00000
26612,33547,-1,0.14252
26612,18165,-1,0.11522
26612,21150,-1,0.00000
26612,15893,-1,0.00000
26669,1043,-1,0.00000
26669,13806,-1,0.38174
26669,25133,-1,0.00000
26669,36712,-1,0.00000
26669,57972,-1,0.00000
26720,33547,-1,0.00000
26720,18165,-1,0.00000
26720,21150,-1,0.00000
26720,15893,-1,0.00000
26778,1043,-1,0.11765
26778,13806,-1,0.00000
26778,25133,-1,0.00000
26778,36712,-1,0.00000
26778,57972,-1,0.00000
26822,33547,-1,0.00000
26822,18165,-1,0.00000
26822,21150,-1,0.00000
26822,15893,-1,0.00000
26888,1043,-1,0.00000
26888,13806,-1,0.00000
26888,25133,-1,0.00000
26888,36712,-1,0.00000
26888,57972,-1,0.00000
26930,33547,-1,0.00000
26930,18165,-1,0.00000
26930,21150,-1,0.00000
26930,15893,-1,0.19858
26999,1043,-1,0.00000
26999,13806,-1,0.00000
26999,25133,-1,0.11627
26999,36712,-1,0.14162
26999,57972,-1,0.00000
27031,33547,-1,0.00000
27031,18165,-1,0.00000
27031,21150,-1,0.00000
27031,15893,-1,0.00000
27108,1043,-1,0.00000
27108,13806,-1,0.00000
27108,25133,-1,0.00000
27108,36712,-1,0.00000
27108,57972,-1,0.00000
27140,33547,-1,0.00000
27140,18165,-1,0.00000
27140,21150,-1,0.00000
27140,15893,-1,0.04223
27208,1043,-1,0.00000
27208,13806,-1,0.00000
27208,25133,-1,0.00000
27208,36712,-1,0.00000
27208,57972,-1,0.05998
27250,33547,-1,0.00000
27250,18165,-1,0.00000
27250,21150,-1,0.00000
27250,15893,-1,0.17297
27309,1043,-1,0.00000
27309,13806,-1,0.31615
27309,25133,-1,0.00000
27309,36712,-1,0.00000
27309,57972,-1,0.28047
27351,33547,-1,0.00000
27351,18165,-1,0.00000
27351,21150,-1,0.02759
27351,15893,-1,0.00000
27419,1043,-1,0.00000
27419,13806,-1,0.00000
27419,25133,-1,0.00000
27419,36712,-1,0.00000
27419,57972,-1,0.00000
27452,33547,-1,0.00000
27452,18165,-1,0.12759
27452,21150,-1,0.11739
27452,15893,-1,0.00000
27528,1043,-1,0.14308
27528,13806,-1,0.00000
27528,25133,-1,0.00000
27528,36712,-1,0.00000
27528,57972,-1,0.00000
27561,33547,-1,0.00000
27561,18165,-1,0.00000
27561,21150,-1,0.00000
27561,15893,-1,0.00000
27629,1043,-1,0.00000
27629,13806,-1,0.00000
27629,25133,-1,0.00000
27629,36712,-1,0.11233
27629,57972,-1,0.00000
27661,33547,-1,0.15561
27661,18165,-1,0.00000
27661,21150,-1,0.00000
27661,15893,-1,0.00000
27738,1043,-1,0.00000
27738,13806,-1,0.00000
27738,25133,-1,0.00000
27738,36712,-1,0.00000
27738,57972,-1,0.00000
27770,33547,-1,0.00000
27770,18165,-1,0.00000
27770,21150,-1,0.00000
27770,15893,-1,0.00000
27838,1043,-1,0.00000
27838,13806,-1,0.00000
27838,25133,-1,0.14563
27838,36712,-1,0.00000
27838,57972,-1,0.25584
27880,33547,-1,0.00000
27880,18165,-1,0.00000
27880,21150,-1,0.00000
27880,15893,-1,0.00000
27948,1043,-1,0.00000
27948,13806,-1,0.00000
27948,25133,-1,0.00000
27948,36712,-1,0.00000
27948,57972,-1,0.00000
27991,33547,-1,0.00000
27991,18165,-1,0.11536
27991,21150,-1,0.00000
27991,15893,-1,0.23519
28058,1043,-1,0.00000
28058,13806,-1,0.00000
28058,25133,-1,0.00000
28058,36712,-1,0.00000
28058,57972,-1,0.00000
28103,33547,-1,0.00000
28103,18165,-1,0.00000
28103,21150,-1,0.00000
28103,15893,-1,0.00000
28160,1043,-1,0.00000
28160,13806,-1,0.34901
28160,25133,-1,0.00000
28160,36712,-1,0.00000
28160,57972,-1,0.00000
28210,33547,-1,0.02594
28210,18165,-1,0.00000
28210,21150,-1,0.00000
28210,15893,-1,0.00000
28268,1043,-1,0.00000
28268,13806,-1,0.00000
28268,25133,-1,0.00000
28268,36712,-1,0.00000
28268,57972,-1,0.00000
28320,33547,-1,0.11641
28320,18165,-1,0.00000
28320,21150,-1,0.10245
28320,15893,-1,0.00000
28368,1043,-1,0.02776
28368,13806,-1,0.00000
28368,25133,-1,0.00000
28368,36712,-1,0.00000
28368,57972,-1,0.00000
28430,33547,-1,0.00000
28430,18165,-1,0.00000
28430,21150,-1,0.00000
28430,15893,-1,0.00000
28469,1043,-1,0.11657
28469,13806,-1,0.00000
28469,25133,-1,0.12670
28469,36712,-1,0.00000
28469,57972,-1,0.00000
28541,33547,-1,0.00000
28541,18165,-1,0.00000
28541,21150,-1,0.00000
28541,15893,-1,0.00000
28578,1043,-1,0.00000
28578,13806,-1,0.00000
28578,25133,-1,0.00000
28578,36712,-1,0.00000
28578,57972,-1,0.00000
28641,33547,-1,0.00000
28641,18165,-1,0.00000
28641,21150,-1,0.00000
28641,15893,-1,0.00000
28678,1043,-1,0.00000
28678,13806,-1,0.00000
28678,25133,-1,0.00000
28678,36712,-1,0.00000
28678,57972,-1,0.06011
28751,33547,-1,0.00000
28751,18165,-1,0.00000
28751,21150,-1,0.00000
28751,15893,-1,0.00000
28779,1043,-1,0.00000
28779,13806,-1,0.00000
28779,25133,-1,0.00000
28779,36712,-1,0.11609
28779,57972,-1,0.24212
28862,33547,-1,0.00000
28862,18165,-1,0.14111
28862,21150,-1,0.11586
28862,15893,-1,0.00000
28888,1043,-1,0.00000
28888,13806,-1,0.00000
28888,25133,-1,0.00000
28888,36712,-1,0.00000
28888,57972,-1,0.00000
28970,33547,-1,0.00000
28970,18165,-1,0.00000
28970,21150,-1,0.00000
28970,15893,-1,0.00000
28990,1043,-1,0.00000
28990,13806,-1,0.00000
28990,25133,-1,0.00000
28990,36712,-1,0.00000
28990,57972,-1,0.00000
29081,33547,-1,0.00000
29081,18165,-1,0.00000
29081,21150,-1,0.00000
29081,15893,-1,0.00000
29100,1043,-1,0.00000
29100,13806,-1,0.29021
29100,25133,-1,0.00000
29100,36712,-1,0.00000
29100,57972,-1,0.35222
29190,33547,-1,0.14293
29190,18165,-1,0.00000
29190,21150,-1,0.00000
29190,15893,-1,0.19702
29208,1043,-1,0.00000
29208,13806,-1,0.00000
29208,25133,-1,0.00000
29208,36712,-1,0.00000
29208,57972,-1,0.00000
29291,33547,-1,0.00000
29291,18165,-1,0.00000
29291,21150,-1,0.00000
29291,15893,-1,0.00000
29309,1043,-1,0.00000
29309,13806,-1,0.00000
29309,25133,-1,0.00000
29309,36712,-1,0.00000
29309,57972,-1,0.00000
29401,33547,-1,0.00000
29401,18165,-1,0.00000
29401,21150,-1,0.00000
29401,15893,-1,0.00000
29418,1043,-1,0.02564
29418,13806,-1,0.00000
29418,25133,-1,0.11761
29418,36712,-1,0.00000
29418,57972,-1,0.29156
29510,33547,-1,0.00000
29510,18165,-1,0.10357
29510,21150,-1,0.00000
29510,15893,-1,0.00000
29528,1043,-1,0.00000
29528,13806,-1,0.00000
29528,25133,-1,0.00000
29528,36712,-1,0.00000
29528,57972,-1,0.00000
29610,33547,-1,0.00000
29610,18165,-1,0.00000
29610,21150,-1,0.00000
29610,15893,-1,0.00000
29628,1043,-1,0.02785
29628,13806,-1,0.00000
29628,25133,-1,0.00000
29628,36712,-1,0.00000
29628,57972,-1,0.00000
29720,33547,-1,0.00000
29720,18165,-1,0.00000
29720,21150,-1,0.14222
29720,15893,-1,0.00000
29738,1043,-1,0.11665
29738,13806,-1,0.00000
29738,25133,-1,0.00000
29738,36712,-1,0.11665
29738,57972,-1,0.00000
29820,33547,-1,0.12749
29820,18165,-1,0.00000
29820,21150,-1,0.00000
29820,15893,-1,0.00000
29838,1043,-1,0.00000
29838,13806,-1,0.00000
29838,25133,-1,0.00000
29838,36712,-1,0.00000
29838,57972,-1,0.00000
29921,33547,-1,0.00000
29921,18165,-1,0.00000
29921,21150,-1,0.00000
29921,15893,-1,0.00000
29948,1043,-1,0.00000
29948,13806,-1,0.06193
29948,25133,-1,0.00000
29948,36712,-1,0.00000
29948,57972,-1,0.00000
30030,33547,-1,0.00000
30030,18165,-1,0.00000
30030,21150,-1,0.00000
30030,15893,-1,0.00000
30058,1043,-1,0.00000
30058,13806,-1,0.28834
30058,25133,-1,0.00000
30058,36712,-1,0.00000
30058,57972,-1,0.25580
30130,33547,-1,0.00000
30130,18165,-1,0.00000
30130,21150,-1,0.00000
30130,15893,-1,0.00000
30159,1043,-1,0.00000
30159,13806,-1,0.00000
30159,25133,-1,0.00000
30159,36712,-1,0.00000
30159,57972,-1,0.00000
30230,33547,-1,0.00000
30230,18165,-1,0.02792
30230,21150,-1,0.00000
30230,15893,-1,0.00000
30268,1043,-1,0.00000
30268,13806,-1,0.00000
30268,25133,-1,0.02562
30268,36712,-1,0.00000
30268,57972,-1,0.00000
30331,33547,-1,0.00000
30331,18165,-1,0.12799
30331,21150,-1,0.12799
30331,15893,-1,0.00000
30368,1043,-1,0.12761
30368,13806,-1,0.00000
30368,25133,-1,0.12761
30368,36712,-1,0.00000
30368,57972,-1,0.00000
30441,33547,-1,0.00000
30441,18165,-1,0.00000
30441,21150,-1,0.00000
30441,15893,-1,0.00000
30468,1043,-1,0.00000
30468,13806,-1,0.00000
30468,25133,-1,0.00000
30468,36712,-1,0.00000
30468,57972,-1,0.00000
30714,1043,-1,0.00000
30714,13806,-1,0.00000
30714,25133,-1,0.00000
30714,36712,-1,0.00000
30714,57972,-1,0.00000
30714,33547,-1,0.00000
30714,18165,-1,0.00000
30714,21150,-1,0.00000
30714,15893,-1,0.09551
30815,33547,-1,0.11171
30815,18165,-1,0.00000
30815,21150,-1,0.00000
30815,15893,-1,0.00000
30815,1043,-1,0.00000
30815,13806,-1,0.31217
30815,25133,-1,0.00000
30815,36712,-1,0.15337
30815,57972,-1,0.00000
30918,1043,-1,0.00000
30918,13806,-1,0.41317
30918,25133,-1,0.00000
30918,36712,-1,0.00000
30918,57972,-1,0.00000
30921,33547,-1,0.00000
30921,18165,-1,0.11155
30921,21150,-1,0.00000
30921,15893,-1,0.00000
31035,1043,-1,0.00000
31035,13806,-1,0.00000
31035,25133,-1,0.00000
31035,36712,-1,0.00000
31035,57972,-1,0.27231
31035,33547,-1,0.00000
31035,18165,-1,0.00000
31035,21150,-1,0.00000
31035,15893,-1,0.00000
31138,1043,-1,0.00000
31138,13806,-1,0.00000
31138,25133,-1,0.00000
31138,36712,-1,0.00000
31138,57972,-1,0.00000
31140,33547,-1,0.11238
31140,18165,-1,0.00000
31140,21150,-1,0.13901
31140,15893,-1,0.00000
31239,1043,-1,0.12755
31239,13806,-1,0.00000
31239,25133,-1,0.02780
31239,36712,-1,0.00000
31239,57972,-1,0.00000
31242,33547,-1,0.00000
31242,18165,-1,0.00000
31242,21150,-1,0.00000
31242,15893,-1,0.00000
31339,1043,-1,0.00000
31339,13806,-1,0.00000
31339,25133,-1,0.11268
31339,36712,-1,0.00000
31339,57972,-1,0.00000
31351,33547,-1,0.00000
31351,18165,-1,0.00000
31351,21150,-1,0.00000
31351,15893,-1,0.00000
31449,1043,-1,0.00000
31449,13806,-1,0.00000
31449,25133,-1,0.00000
31449,36712,-1,0.00000
31449,57972,-1,0.00000
31461,33547,-1,0.00000
31461,18165,-1,0.00000
31461,21150,-1,0.00000
31461,15893,-1,0.17684
31558,1043,-1,0.00000
31558,13806,-1,0.38977
31558,25133,-1,0.00000
31558,36712,-1,0.11747
31558,57972,-1,0.00000
31570,33547,-1,0.00000
31570,18165,-1,0.00000
31570,21150,-1,0.00000
31570,15893,-1,0.00000
31658,1043,-1,0.00000
31658,13806,-1,0.00000
31658,25133,-1,0.00000
31658,36712,-1,0.00000
31658,57972,-1,0.00000
31670,33547,-1,0.12732
31670,18165,-1,0.00000
31670,21150,-1,0.00000
31670,15893,-1,0.00000
31769,1043,-1,0.00000
31769,13806,-1,0.00000
31769,25133,-1,0.00000
31769,36712,-1,0.00000
31769,57972,-1,0.00000
31781,33547,-1,0.00000
31781,18165,-1,0.00000
31781,21150,-1,0.00000
31781,15893,-1,0.00000
31871,1043,-1,0.12490
31871,13806,-1,0.00000
31871,25133,-1,0.00000
31871,36712,-1,0.00000
31871,57972,-1,0.37578
31890,33547,-1,0.00000
31890,18165,-1,0.00000
31890,21150,-1,0.02562
31890,15893,-1,0.00000
31978,1043,-1,0.00000
31978,13806,-1,0.00000
31978,25133,-1,0.00000
31978,36712,-1,0.00000
31978,57972,-1,0.00000
31990,33547,-1,0.00000
31990,18165,-1,0.12791
31990,21150,-1,0.12791
31990,15893,-1,0.00000
32079,1043,-1,0.00000
32079,13806,-1,0.00000
32079,25133,-1,0.02780
32079,36712,-1,0.00000
32079,57972,-1,0.00000
32091,33547,-1,0.00000
32091,18165,-1,0.00000
32091,21150,-1,0.00000
32091,15893,-1,0.00000
32189,1043,-1,0.00000
32189,13806,-1,0.00000
32189,25133,-1,0.11604
32189,36712,-1,0.11604
32189,57972,-1,0.00000
32201,33547,-1,0.00000
32201,18165,-1,0.00000
32201,21150,-1,0.00000
32201,15893,-1,0.23783
32298,1043,-1,0.00000
32298,13806,-1,0.00000
32298,25133,-1,0.00000
32298,36712,-1,0.00000
32298,57972,-1,0.00000
32310,33547,-1,0.00000
32310,18165,-1,0.00000
32310,21150,-1,0.00000
32310,15893,-1,0.00000
32408,1043,-1,0.00000
32408,13806,-1,0.38641
32408,25133,-1,0.00000
32408,36712,-1,0.00000
32408,57972,-1,0.00000
32411,33547,-1,0.02781
32411,18165,-1,0.00000
32411,21150,-1,0.00000
32411,15893,-1,0.00000
32508,1043,-1,0.00000
32508,13806,-1,0.00000
32508,25133,-1,0.00000
32508,36712,-1,0.00000
32508,57972,-1,0.28147
32520,33547,-1,0.11720
32520,18165,-1,0.00000
32520,21150,-1,0.11720
32520,15893,-1,0.00000
32608,1043,-1,0.00000
32608,13806,-1,0.00000
32608,25133,-1,0.00000
32608,36712,-1,0.00000
32608,57972,-1,0.00000
32620,33547,-1,0.00000
32620,18165,-1,0.00000
32620,21150,-1,0.00000
32620,15893,-1,0.00000
32710,1043,-1,0.14390
32710,13806,-1,0.00000
32710,25133,-1,0.00000
32710,36712,-1,0.00000
32710,57972,-1,0.00000
32721,33547,-1,0.00000
32721,18165,-1,0.13990
32721,21150,-1,0.00000
32721,15893,-1,0.00000
32819,1043,-1,0.00000
32819,13806,-1,0.00000
32819,25133,-1,0.10823
32819,36712,-1,0.00000
32819,57972,-1,0.00000
32830,33547,-1,0.00000
32830,18165,-1,0.00000
32830,21150,-1,0.00000
32830,15893,-1,0.00000
32919,1043,-1,0.00000
32919,13806,-1,0.00000
32919,25133,-1,0.00000
32919,36712,-1,0.00000
32919,57972,-1,0.00000
32930,33547,-1,0.00000
32930,18165,-1,0.00000
32930,21150,-1,0.00000
32930,15893,-1,0.00000
33022,1043,-1,0.00000
33022,13806,-1,0.00000
33022,25133,-1,0.00000
33022,36712,-1,0.14147
33022,57972,-1,0.00000
33040,33547,-1,0.11679
33040,18165,-1,0.00000
33040,21150,-1,0.00000
33040,15893,-1,0.00000
33128,1043,-1,0.00000
33128,13806,-1,0.30436
33128,25133,-1,0.00000
33128,36712,-1,0.00000
33128,57972,-1,0.00000
33150,33547,-1,0.00000
33150,18165,-1,0.00000
33150,21150,-1,0.00000
33150,15893,-1,0.00000
33238,1043,-1,0.00000
33238,13806,-1,0.00000
33238,25133,-1,0.00000
33238,36712,-1,0.00000
33238,57972,-1,0.00000
33250,33547,-1,0.00000
33250,18165,-1,0.00000
33250,21150,-1,0.15597
33250,15893,-1,0.21500
33348,1043,-1,0.00000
33348,13806,-1,0.00000
33348,25133,-1,0.00000
33348,36712,-1,0.00000
33348,57972,-1,0.06167
33362,33547,-1,0.00000
33362,18165,-1,0.00000
33362,21150,-1,0.00000
33362,15893,-1,0.00000
33459,1043,-1,0.11549
33459,13806,-1,0.00000
33459,25133,-1,0.00000
33459,36712,-1,0.00000
33459,57972,-1,0.25860
33470,33547,-1,0.00000
33470,18165,-1,0.14430
33470,21150,-1,0.00000
33470,15893,-1,0.00000
33568,1043,-1,0.00000
33568,13806,-1,0.00000
33568,25133,-1,0.00000
33568,36712,-1,0.00000
33568,57972,-1,0.00000
33571,33547,-1,0.00000
33571,18165,-1,0.00000
33571,21150,-1,0.00000
33571,15893,-1,0.00000
33669,1043,-1,0.00000
33669,13806,-1,0.00000
33669,25133,-1,0.15567
33669,36712,-1,0.00000
33669,57972,-1,0.00000
33680,33547,-1,0.02551
33680,18165,-1,0.00000
33680,21150,-1,0.00000
33680,15893,-1,0.00000
33778,1043,-1,0.00000
33778,13806,-1,0.00000
33778,25133,-1,0.00000
33778,36712,-1,0.10280
33778,57972,-1,0.00000
33791,33547,-1,0.11616
33791,18165,-1,0.00000
33791,21150,-1,0.10223
33791,15893,-1,0.00000
33879,1043,-1,0.00000
33879,13806,-1,0.00000
33879,25133,-1,0.00000
33879,36712,-1,0.00000
33879,57972,-1,0.00000
33901,33547,-1,0.00000
33901,18165,-1,0.00000
33901,21150,-1,0.00000
33901,15893,-1,0.00000
33979,1043,-1,0.00000
33979,13806,-1,0.07640
33979,25133,-1,0.00000
33979,36712,-1,0.00000
33979,57972,-1,0.00000
34011,33547,-1,0.00000
34011,18165,-1,0.11643
34011,21150,-1,0.00000
34011,15893,-1,0.04189
34088,1043,-1,0.00000
34088,13806,-1,0.31914
34088,25133,-1,0.00000
34088,36712,-1,0.00000
34088,57972,-1,0.29105
34120,33547,-1,0.00000
34120,18165,-1,0.00000
34120,21150,-1,0.00000
34120,15893,-1,0.00000
34192,1043,-1,0.00000
34192,13806,-1,0.00000
34192,25133,-1,0.00000
34192,36712,-1,0.00000
34192,57972,-1,0.00000
34220,33547,-1,0.00000
34220,18165,-1,0.00000
34220,21150,-1,0.00000
34220,15893,-1,0.00000
34298,1043,-1,0.14737
34298,13806,-1,0.00000
34298,25133,-1,0.12099
34298,36712,-1,0.00000
34298,57972,-1,0.00000
34321,33547,-1,0.12735
34321,18165,-1,0.00000
34321,21150,-1,0.00000
34321,15893,-1,0.00000
34398,1043,-1,0.00000
34398,13806,-1,0.00000
34398,25133,-1,0.00000
34398,36712,-1,0.00000
34398,57972,-1,0.00000
34430,33547,-1,0.00000
34430,18165,-1,0.00000
34430,21150,-1,0.00000
34430,15893,-1,0.00000
34498,1043,-1,0.00000
34498,13806,-1,0.00000
34498,25133,-1,0.00000
34498,36712,-1,0.00000
34498,57972,-1,0.00000
34531,33547,-1,0.00000
34531,18165,-1,0.00000
34531,21150,-1,0.02785
34531,15893,-1,0.00000
34608,1043,-1,0.00000
34608,13806,-1,0.31684
34608,25133,-1,0.00000
34608,36712,-1,0.14197
34608,57972,-1,0.00000
34640,33547,-1,0.00000
34640,18165,-1,0.00000
34640,21150,-1,0.11715
34640,15893,-1,0.00000
34708,1043,-1,0.00000
34708,13806,-1,0.00000
34708,25133,-1,0.00000
34708,36712,-1,0.00000
34708,57972,-1,0.00000
34741,33547,-1,0.00000
34741,18165,-1,0.00000
34741,21150,-1,0.00000
34741,15893,-1,0.00000
34818,1043,-1,0.00000
34818,13806,-1,0.00000
34818,25133,-1,0.00000
34818,36712,-1,0.00000
34818,57972,-1,0.06165
34851,33547,-1,0.00000
34851,18165,-1,0.14122
34851,21150,-1,0.00000
34851,15893,-1,0.00000
34919,1043,-1,0.11219
34919,13806,-1,0.00000
34919,25133,-1,0.00000
34919,36712,-1,0.00000
34919,57972,-1,0.31604
34960,33547,-1,0.00000
34960,18165,-1,0.00000
34960,21150,-1,0.00000
34960,15893,-1,0.00000
35028,1043,-1,0.00000
35028,13806,-1,0.00000
35028,25133,-1,0.00000
35028,36712,-1,0.00000
35028,57972,-1,0.00000
35061,33547,-1,0.14394
35061,18165,-1,0.00000
35061,21150,-1,0.00000
35061,15893,-1,0.00000
35138,1043,-1,0.00000
35138,13806,-1,0.00000
35138,25133,-1,0.00000
35138,36712,-1,0.00000
35138,57972,-1,0.00000
35170,33547,-1,0.00000
35170,18165,-1,0.00000
35170,21150,-1,0.10820
35170,15893,-1,0.00000
35238,1043,-1,0.00000
35238,13806,-1,0.00000
35238,25133,-1,0.12788
35238,36712,-1,0.00000
35238,57972,-1,0.42431
35270,33547,-1,0.00000
35270,18165,-1,0.00000
35270,21150,-1,0.00000
35270,15893,-1,0.00000
35348,1043,-1,0.00000
35348,13806,-1,0.00000
35348,25133,-1,0.00000
35348,36712,-1,0.00000
35348,57972,-1,0.00000
35371,33547,-1,0.00000
35371,18165,-1,0.14504
35371,21150,-1,0.00000
35371,15893,-1,0.00000
35459,1043,-1,0.00000
35459,13806,-1,0.00000
35459,25133,-1,0.00000
35459,36712,-1,0.02518
35459,57972,-1,0.00000
35480,33547,-1,0.00000
35480,18165,-1,0.00000
35480,21150,-1,0.00000
35480,15893,-1,0.00000
35568,1043,-1,0.00000
35568,13806,-1,0.31943
35568,25133,-1,0.00000
35568,36712,-1,0.00000
35568,57972,-1,0.31943
35581,33547,-1,0.00000
35581,18165,-1,0.00000
35581,21150,-1,0.00000
35581,15893,-1,0.21469
35670,1043,-1,0.00000
35670,13806,-1,0.00000
35670,25133,-1,0.00000
35670,36712,-1,0.00000
35670,57972,-1,0.00000
35690,33547,-1,0.00000
35690,18165,-1,0.00000
35690,21150,-1,0.00000
35690,15893,-1,0.00000
35778,1043,-1,0.00000
35778,13806,-1,0.00000
35778,25133,-1,0.00000
35778,36712,-1,0.14463
35778,57972,-1,0.00000
35791,33547,-1,0.00000
35791,18165,-1,0.00000
35791,21150,-1,0.00000
35791,15893,-1,0.00000
35878,1043,-1,0.12785
35878,13806,-1,0.00000
35878,25133,-1,0.00000
35878,36712,-1,0.00000
35878,57972,-1,0.00000
35900,33547,-1,0.10279
35900,18165,-1,0.00000
35900,21150,-1,0.00000
35900,15893,-1,0.00000
35988,1043,-1,0.00000
35988,13806,-1,0.00000
35988,25133,-1,0.00000
35988,36712,-1,0.00000
35988,57972,-1,0.00000
36011,33547,-1,0.00000
36011,18165,-1,0.00000
36011,21150,-1,0.00000
36011,15893,-1,0.00000
36088,1043,-1,0.00000
36088,13806,-1,0.31165
36088,25133,-1,0.15562
36088,36712,-1,0.00000
36088,57972,-1,0.00000
36121,33547,-1,0.02537
36121,18165,-1,0.00000
36121,21150,-1,0.10706
36121,15893,-1,0.00000
36199,1043,-1,0.00000
36199,13806,-1,0.00000
36199,25133,-1,0.00000
36199,36712,-1,0.00000
36199,57972,-1,0.00000
36222,33547,-1,0.00000
36222,18165,-1,0.00000
36222,21150,-1,0.00000
36222,15893,-1,0.00000
36302,1043,-1,0.00000
36302,13806,-1,0.00000
36302,25133,-1,0.00000
36302,36712,-1,0.00000
36302,57972,-1,0.07425
36330,33547,-1,0.00000
36330,18165,-1,0.00000
36330,21150,-1,0.00000
36330,15893,-1,0.00000
36409,1043,-1,0.00000
36409,13806,-1,0.00000
36409,25133,-1,0.00000
36409,36712,-1,0.12032
36409,57972,-1,0.32707
36431,33547,-1,0.02773
36431,18165,-1,0.00000
36431,21150,-1,0.00000
36431,15893,-1,0.21358
36518,1043,-1,0.00000
36518,13806,-1,0.00000
36518,25133,-1,0.00000
36518,36712,-1,0.00000
36518,57972,-1,0.00000
36540,33547,-1,0.00000
36540,18165,-1,0.11690
36540,21150,-1,0.00000
36540,15893,-1,0.00000
36621,1043,-1,0.02719
36621,13806,-1,0.00000
36621,25133,-1,0.00000
36621,36712,-1,0.00000
36621,57972,-1,0.00000
36641,33547,-1,0.00000
36641,18165,-1,0.00000
36641,21150,-1,0.00000
36641,15893,-1,0.00000
36728,1043,-1,0.11915
36728,13806,-1,0.32389
36728,25133,-1,0.00000
36728,36712,-1,0.00000
36728,57972,-1,0.00000
36741,33547,-1,0.12794
36741,18165,-1,0.00000
36741,21150,-1,0.00000
36741,15893,-1,0.00000
36838,1043,-1,0.00000
36838,13806,-1,0.00000
36838,25133,-1,0.00000
36838,36712,-1,0.00000
36838,57972,-1,0.00000
36851,33547,-1,0.00000
36851,18165,-1,0.11595
36851,21150,-1,0.00000
36851,15893,-1,0.00000
36938,1043,-1,0.00000
36938,13806,-1,0.00000
36938,25133,-1,0.02784
36938,36712,-1,0.00000
36938,57972,-1,0.00000
36955,33547,-1,0.00000
36955,18165,-1,0.00000
36955,21150,-1,0.00000
36955,15893,-1,0.00000
37049,1043,-1,0.00000
37049,13806,-1,0.34268
37049,25133,-1,0.11582
37049,36712,-1,0.00000
37049,57972,-1,0.00000
37062,33547,-1,0.00000
37062,18165,-1,0.00000
37062,21150,-1,0.12000
37062,15893,-1,0.00000
37161,1043,-1,0.00000
37161,13806,-1,0.00000
37161,25133,-1,0.00000
37161,36712,-1,0.00000
37161,57972,-1,0.00000
37171,33547,-1,0.00000
37171,18165,-1,0.00000
37171,21150,-1,0.00000
37171,15893,-1,0.00000
37271,33547,-1,0.00000
37271,18165,-1,0.00000
37271,21150,-1,0.00000
37271,15893,-1,0.04591
37271,1043,-1,0.00000
37271,13806,-1,0.00000
37271,25133,-1,0.00000
37271,36712,-1,0.00000
37271,57972,-1,0.06983
37378,1043,-1,0.00000
37378,13806,-1,0.00000
37378,25133,-1,0.00000
37378,36712,-1,0.11973
37378,57972,-1,0.29203
37381,33547,-1,0.11660
37381,18165,-1,0.00000
37381,21150,-1,0.00000
37381,15893,-1,0.00000
37489,1043,-1,0.00000
37489,13806,-1,0.00000
37489,25133,-1,0.00000
37489,36712,-1,0.00000
37489,57972,-1,0.00000
37492,33547,-1,0.00000
37492,18165,-1,0.00000
37492,21150,-1,0.00000
37492,15893,-1,0.00000
37598,1043,-1,0.13313
37598,13806,-1,0.00000
37598,25133,-1,0.00000
37598,36712,-1,0.00000
37598,57972,-1,0.00000
37601,33547,-1,0.00000
37601,18165,-1,0.02577
37601,21150,-1,0.11821
37601,15893,-1,0.00000
37708,1043,-1,0.00000
37708,13806,-1,0.00000
37708,25133,-1,0.10771
37708,36712,-1,0.00000
37708,57972,-1,0.00000
37711,33547,-1,0.00000
37711,18165,-1,0.00000
37711,21150,-1,0.00000
37711,15893,-1,0.00000
37810,1043,-1,0.00000
37810,13806,-1,0.00000
37810,25133,-1,0.00000
37810,36712,-1,0.00000
37810,57972,-1,0.00000
37811,33547,-1,0.00000
37811,18165,-1,0.00000
37811,21150,-1,0.00000
37811,15893,-1,0.00000
37918,1043,-1,0.00000
37918,13806,-1,0.07590
37918,25133,-1,0.00000
37918,36712,-1,0.00000
37918,57972,-1,0.00000
37921,33547,-1,0.00000
37921,18165,-1,0.14190
37921,21150,-1,0.00000
37921,15893,-1,0.19560
38031,33547,-1,0.00000
38031,18165,-1,0.00000
38031,21150,-1,0.00000
38031,15893,-1,0.00000
38032,1043,-1,0.00000
38032,13806,-1,0.00000
38032,25133,-1,0.00000
38032,36712,-1,0.00000
38032,57972,-1,0.00000
38141,1043,-1,0.00000
38141,13806,-1,0.00000
38141,25133,-1,0.00000
38141,36712,-1,0.00000
38141,57972,-1,0.00000
38141,33547,-1,0.02555
38141,18165,-1,0.00000
38141,21150,-1,0.00000
38141,15893,-1,0.00000
38248,1043,-1,0.11964
38248,13806,-1,0.40174
38248,25133,-1,0.00000
38248,36712,-1,0.00000
38248,57972,-1,0.00000
38250,33547,-1,0.00000
38250,18165,-1,0.00000
38250,21150,-1,0.11686
38250,15893,-1,0.00000
38349,1043,-1,0.00000
38349,13806,-1,0.00000
38349,25133,-1,0.00000
38349,36712,-1,0.00000
38349,57972,-1,0.00000
38360,33547,-1,0.00000
38360,18165,-1,0.00000
38360,21150,-1,0.00000
38360,15893,-1,0.00000
38460,1043,-1,0.00000
38460,13806,-1,0.00000
38460,25133,-1,0.02514
38460,36712,-1,0.00000
38460,57972,-1,0.00000
38462,33547,-1,0.15397
38462,18165,-1,0.00000
38462,21150,-1,0.00000
38462,15893,-1,0.00000
38569,1043,-1,0.00000
38569,13806,-1,0.00000
38569,25133,-1,0.10351
38569,36712,-1,0.10822
38569,57972,-1,0.00000
38570,33547,-1,0.00000
38570,18165,-1,0.11801
38570,21150,-1,0.00000
38570,15893,-1,0.00000
38671,33547,-1,0.00000
38671,18165,-1,0.00000
38671,21150,-1,0.00000
38671,15893,-1,0.00000
38678,1043,-1,0.00000
38678,13806,-1,0.00000
38678,25133,-1,0.00000
38678,36712,-1,0.00000
38678,57972,-1,0.00000
38781,1043,-1,0.00000
38781,13806,-1,0.07975
38781,25133,-1,0.00000
38781,36712,-1,0.00000
38781,57972,-1,0.00000
38781,33547,-1,0.00000
38781,18165,-1,0.00000
38781,21150,-1,0.11648
38781,15893,-1,0.00000
38888,1043,-1,0.00000
38888,13806,-1,0.35337
38888,25133,-1,0.00000
38888,36712,-1,0.00000
38888,57972,-1,0.00000
38891,33547,-1,0.00000
38891,18165,-1,0.00000
38891,21150,-1,0.00000
38891,15893,-1,0.00000
38988,1043,-1,0.00000
38988,13806,-1,0.00000
38988,25133,-1,0.00000
38988,36712,-1,0.00000
38988,57972,-1,0.00000
38992,33547,-1,0.00000
38992,18165,-1,0.00000
38992,21150,-1,0.00000
38992,15893,-1,0.00000
39089,1043,-1,0.02773
39089,13806,-1,0.00000
39089,25133,-1,0.00000
39089,36712,-1,0.00000
39089,57972,-1,0.00000
39101,33547,-1,0.14266
39101,18165,-1,0.11713
39101,21150,-1,0.00000
39101,15893,-1,0.00000
39199,1043,-1,0.11713
39199,13806,-1,0.00000
39199,25133,-1,0.11713
39199,36712,-1,0.00000
39199,57972,-1,0.00000
39211,33547,-1,0.00000
39211,18165,-1,0.00000
39211,21150,-1,0.00000
39211,15893,-1,0.00000
39299,1043,-1,0.00000
39299,13806,-1,0.00000
39299,25133,-1,0.00000
39299,36712,-1,0.00000
39299,57972,-1,0.00000
39320,33547,-1,0.00000
39320,18165,-1,0.00000
39320,21150,-1,0.00000
39320,15893,-1,0.00000
39409,1043,-1,0.00000
39409,13806,-1,0.00000
39409,25133,-1,0.00000
39409,36712,-1,0.02553
39409,57972,-1,0.29505
39421,33547,-1,0.00000
39421,18165,-1,0.00000
39421,21150,-1,0.14011
39421,15893,-1,0.00000
39519,1043,-1,0.00000
39519,13806,-1,0.00000
39519,25133,-1,0.00000
39519,36712,-1,0.11641
39519,57972,-1,0.00000
39521,33547,-1,0.00000
39521,18165,-1,0.00000
39521,21150,-1,0.00000
39521,15893,-1,0.00000
39619,1043,-1,0.00000
39619,13806,-1,0.00000
39619,25133,-1,0.00000
39619,36712,-1,0.00000
39619,57972,-1,0.00000
39630,33547,-1,0.00000
39630,18165,-1,0.00000
39630,21150,-1,0.00000
39630,15893,-1,0.00000
39720,1043,-1,0.00000
39720,13806,-1,0.45633
39720,25133,-1,0.00000
39720,36712,-1,0.00000
39720,57972,-1,0.00000
39741,33547,-1,0.10681
39741,18165,-1,0.13211
39741,21150,-1,0.00000
39741,15893,-1,0.00000
39828,1043,-1,0.10443
39828,13806,-1,0.00000
39828,25133,-1,0.00000
39828,36712,-1,0.00000
39828,57972,-1,0.00000
39850,33547,-1,0.00000
39850,18165,-1,0.00000
39850,21150,-1,0.00000
39850,15893,-1,0.00000
39929,1043,-1,0.00000
39929,13806,-1,0.00000
39929,25133,-1,0.00000
39929,36712,-1,0.00000
39929,57972,-1,0.00000
39951,33547,-1,0.00000
39951,18165,-1,0.00000
39951,21150,-1,0.00000
39951,15893,-1,0.04182
40040,1043,-1,0.00000
40040,13806,-1,0.00000
40040,25133,-1,0.11533
40040,36712,-1,0.00000
40040,57972,-1,0.38267
40060,33547,-1,0.00000
40060,18165,-1,0.00000
40060,21150,-1,0.10809
40060,15893,-1,0.00000
40149,1043,-1,0.00000
40149,13806,-1,0.00000
40149,25133,-1,0.00000
40149,36712,-1,0.00000
40149,57972,-1,0.00000
40171,33547,-1,0.00000
40171,18165,-1,0.00000
40171,21150,-1,0.00000
40171,15893,-1,0.00000
40250,1043,-1,0.00000
40250,13806,-1,0.00000
40250,25133,-1,0.00000
40250,36712,-1,0.00000
40250,57972,-1,0.00000
40281,33547,-1,0.00000
40281,18165,-1,0.00000
40281,21150,-1,0.00000
40281,15893,-1,0.00000
40360,1043,-1,0.11695
40360,13806,-1,0.00000
40360,25133,-1,0.00000
40360,36712,-1,0.14244
40360,57972,-1,0.00000
40390,33547,-1,0.00000
40390,18165,-1,0.00000
40390,21150,-1,0.00000
40390,15893,-1,0.00000
40461,1043,-1,0.00000
40461,13806,-1,0.00000
40461,25133,-1,0.00000
40461,36712,-1,0.00000
40461,57972,-1,0.00000
40490,33547,-1,0.00000
40490,18165,-1,0.00000
40490,21150,-1,0.00000
40490,15893,-1,0.00000
40568,1043,-1,0.00000
40568,13806,-1,0.07649
40568,25133,-1,0.00000
40568,36712,-1,0.00000
40568,57972,-1,0.00000
40591,33547,-1,0.00000
40591,18165,-1,0.11247
40591,21150,-1,0.00000
40591,15893,-1,0.17888
40668,1043,-1,0.00000
40668,13806,-1,0.37691
40668,25133,-1,0.12739
40668,36712,-1,0.00000
40668,57972,-1,0.00000
40691,33547,-1,0.00000
40691,18165,-1,0.00000
40691,21150,-1,0.00000
40691,15893,-1,0.00000
40778,1043,-1,0.00000
40778,13806,-1,0.00000
40778,25133,-1,0.00000
40778,36712,-1,0.00000
40778,57972,-1,0.00000
40791,33547,-1,0.12802
40791,18165,-1,0.00000
40791,21150,-1,0.02791
40791,15893,-1,0.00000
40879,1043,-1,0.00000
40879,13806,-1,0.00000
40879,25133,-1,0.00000
40879,36712,-1,0.00000
40879,57972,-1,0.42368
40900,33547,-1,0.00000
40900,18165,-1,0.00000
40900,21150,-1,0.11686
40900,15893,-1,0.00000
40979,1043,-1,0.00000
40979,13806,-1,0.00000
40979,25133,-1,0.00000
40979,36712,-1,0.11243
40979,57972,-1,0.00000
41001,33547,-1,0.00000
41001,18165,-1,0.00000
41001,21150,-1,0.00000
41001,15893,-1,0.00000
41088,1043,-1,0.00000
41088,13806,-1,0.00000
41088,25133,-1,0.00000
41088,36712,-1,0.00000
41088,57972,-1,0.00000
41110,33547,-1,0.00000
41110,18165,-1,0.14240
41110,21150,-1,0.00000
41110,15893,-1,0.00000
41189,1043,-1,0.12746
41189,13806,-1,0.00000
41189,25133,-1,0.00000
41189,36712,-1,0.00000
41189,57972,-1,0.08153
41210,33547,-1,0.00000
41210,18165,-1,0.00000
41210,21150,-1,0.00000
41210,15893,-1,0.00000
41298,1043,-1,0.00000
41298,13806,-1,0.00000
41298,25133,-1,0.00000
41298,36712,-1,0.00000
41298,57972,-1,0.34577
41311,33547,-1,0.00000
41311,18165,-1,0.00000
41311,21150,-1,0.00000
41311,15893,-1,0.00000
41409,1043,-1,0.00000
41409,13806,-1,0.00000
41409,25133,-1,0.00000
41409,36712,-1,0.00000
41409,57972,-1,0.00000
41420,33547,-1,0.00000
41420,18165,-1,0.00000
41420,21150,-1,0.00000
41420,15893,-1,0.21685
41509,1043,-1,0.00000
41509,13806,-1,0.37669
41509,25133,-1,0.15507
41509,36712,-1,0.00000
41509,57972,-1,0.00000
41520,33547,-1,0.00000
41520,18165,-1,0.00000
41520,21150,-1,0.12784
41520,15893,-1,0.00000
41618,1043,-1,0.00000
41618,13806,-1,0.00000
41618,25133,-1,0.00000
41618,36712,-1,0.00000
41618,57972,-1,0.00000
41620,33547,-1,0.00000
41620,18165,-1,0.00000
41620,21150,-1,0.00000
41620,15893,-1,0.00000
41718,1043,-1,0.00000
41718,13806,-1,0.00000
41718,25133,-1,0.00000
41718,36712,-1,0.00000
41718,57972,-1,0.00000
41721,33547,-1,0.12695
41721,18165,-1,0.00000
41721,21150,-1,0.00000
41721,15893,-1,0.00000
41828,1043,-1,0.11628
41828,13806,-1,0.00000
41828,25133,-1,0.00000
41828,36712,-1,0.14163
41828,57972,-1,0.00000
41831,33547,-1,0.00000
41831,18165,-1,0.00000
41831,21150,-1,0.00000
41831,15893,-1,0.00000
41931,33547,-1,0.00000
41931,18165,-1,0.00000
41931,21150,-1,0.00000
41931,15893,-1,0.00000
41938,1043,-1,0.00000
41938,13806,-1,0.00000
41938,25133,-1,0.00000
41938,36712,-1,0.00000
41938,57972,-1,0.00000
42038,1043,-1,0.00000
42038,13806,-1,0.00000
42038,25133,-1,0.00000
42038,36712,-1,0.00000
42038,57972,-1,0.08160
42041,33547,-1,0.00000
42041,18165,-1,0.14219
42041,21150,-1,0.00000
42041,15893,-1,0.00000
42148,1043,-1,0.00000
42148,13806,-1,0.34502
42148,25133,-1,0.00000
42148,36712,-1,0.00000
42148,57972,-1,0.30788
42150,33547,-1,0.00000
42150,18165,-1,0.00000
42150,21150,-1,0.00000
42150,15893,-1,0.00000
42249,1043,-1,0.00000
42249,13806,-1,0.00000
42249,25133,-1,0.00000
42249,36712,-1,0.00000
42249,57972,-1,0.00000
42251,33547,-1,0.00000
42251,18165,-1,0.00000
42251,21150,-1,0.00000
42251,15893,-1,0.00000
42358,1043,-1,0.00000
42358,13806,-1,0.00000
42358,25133,-1,0.13316
42358,36712,-1,0.00000
42358,57972,-1,0.00000
42360,33547,-1,0.11763
42360,18165,-1,0.00000
42360,21150,-1,0.02564
42360,15893,-1,0.00000
42460,1043,-1,0.00000
42460,13806,-1,0.00000
42460,25133,-1,0.00000
42460,36712,-1,0.11561
42460,57972,-1,0.00000
42464,33547,-1,0.00000
42464,18165,-1,0.00000
42464,21150,-1,0.00000
42464,15893,-1,0.00000
42568,1043,-1,0.00000
42568,13806,-1,0.00000
42568,25133,-1,0.00000
42568,36712,-1,0.00000
42568,57972,-1,0.00000
42570,33547,-1,0.00000
42570,18165,-1,0.00000
42570,21150,-1,0.02634
42570,15893,-1,0.00000
42668,1043,-1,0.14564
42668,13806,-1,0.00000
42668,25133,-1,0.00000
42668,36712,-1,0.00000
42668,57972,-1,0.00000
42680,33547,-1,0.00000
42680,18165,-1,0.00000
42680,21150,-1,0.11642
42680,15893,-1,0.17692
42769,1043,-1,0.00000
42769,13806,-1,0.00000
42769,25133,-1,0.00000
42769,36712,-1,0.00000
42769,57972,-1,0.00000
42781,33547,-1,0.00000
42781,18165,-1,0.00000
42781,21150,-1,0.00000
42781,15893,-1,0.00000
42878,1043,-1,0.00000
42878,13806,-1,0.07504
42878,25133,-1,0.00000
42878,36712,-1,0.00000
42878,57972,-1,0.00000
42881,33547,-1,0.00000
42881,18165,-1,0.15507
42881,21150,-1,0.00000
42881,15893,-1,0.00000
42988,1043,-1,0.00000
42988,13806,-1,0.30744
42988,25133,-1,0.11644
42988,36712,-1,0.00000
42988,57972,-1,0.00000
42990,33547,-1,0.00000
42990,18165,-1,0.00000
42990,21150,-1,0.00000
42990,15893,-1,0.00000
43089,1043,-1,0.00000
43089,13806,-1,0.00000
43089,25133,-1,0.00000
43089,36712,-1,0.00000
43089,57972,-1,0.00000
43091,33547,-1,0.02767
43091,18165,-1,0.00000
43091,21150,-1,0.00000
43091,15893,-1,0.00000
43198,1043,-1,0.00000
43198,13806,-1,0.00000
43198,25133,-1,0.00000
43198,36712,-1,0.02554
43198,57972,-1,0.00000
43201,33547,-1,0.11730
43201,18165,-1,0.00000
43201,21150,-1,0.11730
43201,15893,-1,0.00000
43308,1043,-1,0.00000
43308,13806,-1,0.00000
43308,25133,-1,0.00000
43308,36712,-1,0.10245
43308,57972,-1,0.00000
43311,33547,-1,0.00000
43311,18165,-1,0.00000
43311,21150,-1,0.00000
43311,15893,-1,0.00000
43418,1043,-1,0.00000
43418,13806,-1,0.00000
43418,25133,-1,0.00000
43418,36712,-1,0.00000
43418,57972,-1,0.00000
43421,33547,-1,0.00000
43421,18165,-1,0.11572
43421,21150,-1,0.00000
43421,15893,-1,0.03816
43528,1043,-1,0.14135
43528,13806,-1,0.34337
43528,25133,-1,0.00000
43528,36712,-1,0.00000
43528,57972,-1,0.00000
43531,33547,-1,0.00000
43531,18165,-1,0.00000
43531,21150,-1,0.00000
43531,15893,-1,0.00000
43631,33547,-1,0.00000
43631,18165,-1,0.00000
43631,21150,-1,0.00000
43631,15893,-1,0.00000
43639,1043,-1,0.00000
43639,13806,-1,0.00000
43639,25133,-1,0.00000
43639,36712,-1,0.00000
43639,57972,-1,0.00000
43732,33547,-1,0.00000
43732,18165,-1,0.00000
43732,21150,-1,0.00000
43732,15893,-1,0.23655
43750,1043,-1,0.00000
43750,13806,-1,0.00000
43750,25133,-1,0.00000
43750,36712,-1,0.00000
43750,57972,-1,0.00000
43840,33547,-1,0.11785
43840,18165,-1,0.00000
43840,21150,-1,0.00000
43840,15893,-1,0.00000
43860,1043,-1,0.00000
43860,13806,-1,0.00000
43860,25133,-1,0.14073
43860,36712,-1,0.00000
43860,57972,-1,0.31407
43940,33547,-1,0.00000
43940,18165,-1,0.00000
43940,21150,-1,0.00000
43940,15893,-1,0.00000
43968,1043,-1,0.00000
43968,13806,-1,0.00000
43968,25133,-1,0.00000
43968,36712,-1,0.00000
43968,57972,-1,0.00000
44050,33547,-1,0.00000
44050,18165,-1,0.10243
44050,21150,-1,0.14176
44050,15893,-1,0.00000
44072,1043,-1,0.00000
44072,13806,-1,0.00000
44072,25133,-1,0.00000
44072,36712,-1,0.02700
44072,57972,-1,0.00000
44151,33547,-1,0.00000
44151,18165,-1,0.00000
44151,21150,-1,0.00000
44151,15893,-1,0.00000
44178,1043,-1,0.12012
44178,13806,-1,0.00000
44178,25133,-1,0.00000
44178,36712,-1,0.12012
44178,57972,-1,0.00000
44261,33547,-1,0.00000
44261,18165,-1,0.00000
44261,21150,-1,0.00000
44261,15893,-1,0.00000
44289,1043,-1,0.00000
44289,13806,-1,0.00000
44289,25133,-1,0.00000
44289,36712,-1,0.00000
44289,57972,-1,0.00000
44361,33547,-1,0.11754
44361,18165,-1,0.00000
44361,21150,-1,0.00000
44361,15893,-1,0.00000
44389,1043,-1,0.00000
44389,13806,-1,0.45840
44389,25133,-1,0.00000
44389,36712,-1,0.00000
44389,57972,-1,0.00000
44471,33547,-1,0.00000
44471,18165,-1,0.00000
44471,21150,-1,0.00000
44471,15893,-1,0.00000
44498,1043,-1,0.00000
44498,13806,-1,0.00000
44498,25133,-1,0.10367
44498,36712,-1,0.00000
44498,57972,-1,0.00000
44581,33547,-1,0.00000
44581,18165,-1,0.00000
44581,21150,-1,0.00000
44581,15893,-1,0.03828
44598,1043,-1,0.00000
44598,13806,-1,0.00000
44598,25133,-1,0.00000
44598,36712,-1,0.00000
44598,57972,-1,0.00000
44691,33547,-1,0.00000
44691,18165,-1,0.00000
44691,21150,-1,0.10732
44691,15893,-1,0.16327
44699,1043,-1,0.00000
44699,13806,-1,0.00000
44699,25133,-1,0.00000
44699,36712,-1,0.12770
44699,57972,-1,0.45951
44801,33547,-1,0.00000
44801,18165,-1,0.00000
44801,21150,-1,0.00000
44801,15893,-1,0.00000
44808,1043,-1,0.00000
44808,13806,-1,0.00000
44808,25133,-1,0.00000
44808,36712,-1,0.00000
44808,57972,-1,0.00000
44910,1043,-1,0.00000
44910,13806,-1,0.00000
44910,25133,-1,0.00000
44910,36712,-1,0.00000
44910,57972,-1,0.00000
44910,33547,-1,0.00000
44910,18165,-1,0.00000
44910,21150,-1,0.00000
44910,15893,-1,0.00000
45018,1043,-1,0.14430
45018,13806,-1,0.00000
45018,25133,-1,0.11847
45018,36712,-1,0.00000
45018,57972,-1,0.00000
45020,33547,-1,0.00000
45020,18165,-1,0.00000
45020,21150,-1,0.00000
45020,15893,-1,0.00000
45118,1043,-1,0.00000
45118,13806,-1,0.00000
45118,25133,-1,0.00000
45118,36712,-1,0.00000
45118,57972,-1,0.00000
45121,33547,-1,0.00000
45121,18165,-1,0.00000
45121,21150,-1,0.00000
45121,15893,-1,0.00000
45218,1043,-1,0.00000
45218,13806,-1,0.00000
45218,25133,-1,0.00000
45218,36712,-1,0.00000
45218,57972,-1,0.00000
45230,33547,-1,0.11696
45230,18165,-1,0.00000
45230,21150,-1,0.00000
45230,15893,-1,0.15912
45329,1043,-1,0.00000
45329,13806,-1,0.41793
45329,25133,-1,0.00000
45329,36712,-1,0.11614
45329,57972,-1,0.00000
45331,33547,-1,0.00000
45331,18165,-1,0.00000
45331,21150,-1,0.00000
45331,15893,-1,0.00000
45439,1043,-1,0.00000
45439,13806,-1,0.00000
45439,25133,-1,0.00000
45439,36712,-1,0.00000
45439,57972,-1,0.00000
45440,33547,-1,0.00000
45440,18165,-1,0.00000
45440,21150,-1,0.00000
45440,15893,-1,0.00000
45540,33547,-1,0.00000
45540,18165,-1,0.14544
45540,21150,-1,0.12780
45540,15893,-1,0.00000
45548,1043,-1,0.00000
45548,13806,-1,0.00000
45548,25133,-1,0.00000
45548,36712,-1,0.00000
45548,57972,-1,0.07462
45641,33547,-1,0.00000
45641,18165,-1,0.00000
45641,21150,-1,0.00000
45641,15893,-1,0.00000
45648,1043,-1,0.11257
45648,13806,-1,0.00000
45648,25133,-1,0.00000
45648,36712,-1,0.00000
45648,57972,-1,0.37846
45749,1043,-1,0.00000
45749,13806,-1,0.00000
45749,25133,-1,0.00000
45749,36712,-1,0.00000
45749,57972,-1,0.00000
45751,33547,-1,0.02543
45751,18165,-1,0.00000
45751,21150,-1,0.00000
45751,15893,-1,0.00000
45858,1043,-1,0.00000
45858,13806,-1,0.00000
45858,25133,-1,0.02556
45858,36712,-1,0.00000
45858,57972,-1,0.00000
45860,33547,-1,0.00000
45860,18165,-1,0.00000
45860,21150,-1,0.00000
45860,15893,-1,0.17821
45962,33547,-1,0.00000
45962,18165,-1,0.00000
45962,21150,-1,0.00000
45962,15893,-1,0.00000
45968,1043,-1,0.00000
45968,13806,-1,0.34321
45968,25133,-1,0.11600
45968,36712,-1,0.00000
45968,57972,-1,0.00000
46069,1043,-1,0.00000
46069,13806,-1,0.00000
46069,25133,-1,0.00000
46069,36712,-1,0.00000
46069,57972,-1,0.00000
46071,33547,-1,0.11735
46071,18165,-1,0.00000
46071,21150,-1,0.02558
46071,15893,-1,0.00000
46179,1043,-1,0.00000
46179,13806,-1,0.00000
46179,25133,-1,0.00000
46179,36712,-1,0.14253
46179,57972,-1,0.00000
46180,33547,-1,0.00000
46180,18165,-1,0.00000
46180,21150,-1,0.11665
46180,15893,-1,0.00000
46281,33547,-1,0.00000
46281,18165,-1,0.00000
46281,21150,-1,0.00000
46281,15893,-1,0.00000
46289,1043,-1,0.11601
46289,13806,-1,0.00000
46289,25133,-1,0.00000
46289,36712,-1,0.00000
46289,57972,-1,0.00000
46381,33547,-1,0.00000
46381,18165,-1,0.02790
46381,21150,-1,0.00000
46381,15893,-1,0.00000
46399,1043,-1,0.00000
46399,13806,-1,0.00000
46399,25133,-1,0.00000
46399,36712,-1,0.00000
46399,57972,-1,0.00000
46493,33547,-1,0.00000
46493,18165,-1,0.10030
46493,21150,-1,0.00000
46493,15893,-1,0.00000
46510,1043,-1,0.00000
46510,13806,-1,0.00000
46510,25133,-1,0.11597
46510,36712,-1,0.00000
46510,57972,-1,0.41729
46600,33547,-1,0.00000
46600,18165,-1,0.00000
46600,21150,-1,0.00000
46600,15893,-1,0.00000
46618,1043,-1,0.00000
46618,13806,-1,0.00000
46618,25133,-1,0.00000
46618,36712,-1,0.00000
46618,57972,-1,0.00000
46702,33547,-1,0.12627
46702,18165,-1,0.00000
46702,21150,-1,0.00000
46702,15893,-1,0.23353
46719,1043,-1,0.00000
46719,13806,-1,0.00000
46719,25133,-1,0.00000
46719,36712,-1,0.00000
46719,57972,-1,0.00000
46811,33547,-1,0.00000
46811,18165,-1,0.00000
46811,21150,-1,0.00000
46811,15893,-1,0.00000
46819,1043,-1,0.00000
46819,13806,-1,0.45955
46819,25133,-1,0.00000
46819,36712,-1,0.11239
46819,57972,-1,0.00000
46920,33547,-1,0.00000
46920,18165,-1,0.00000
46920,21150,-1,0.02545
46920,15893,-1,0.00000
46928,1043,-1,0.00000
46928,13806,-1,0.00000
46928,25133,-1,0.00000
46928,36712,-1,0.00000
46928,57972,-1,0.00000
47021,33547,-1,0.00000
47021,18165,-1,0.00000
47021,21150,-1,0.12775
47021,15893,-1,0.00000
47038,1043,-1,0.02536
47038,13806,-1,0.00000
47038,25133,-1,0.00000
47038,36712,-1,0.00000
47038,57972,-1,0.00000
47131,33547,-1,0.00000
47131,18165,-1,0.00000
47131,21150,-1,0.00000
47131,15893,-1,0.00000
47138,1043,-1,0.11777
47138,13806,-1,0.00000
47138,25133,-1,0.00000
47138,36712,-1,0.00000
47138,57972,-1,0.33797
47242,33547,-1,0.00000
47242,18165,-1,0.00000
47242,21150,-1,0.00000
47242,15893,-1,0.00000
47248,1043,-1,0.00000
47248,13806,-1,0.00000
47248,25133,-1,0.00000
47248,36712,-1,0.00000
47248,57972,-1,0.00000
47349,1043,-1,0.00000
47349,13806,-1,0.00000
47349,25133,-1,0.02765
47349,36712,-1,0.00000
47349,57972,-1,0.00000
47351,33547,-1,0.11747
47351,18165,-1,0.14307
47351,21150,-1,0.00000
47351,15893,-1,0.00000
47459,1043,-1,0.00000
47459,13806,-1,0.30768
47459,25133,-1,0.10722
47459,36712,-1,0.00000
47459,57972,-1,0.00000
47462,33547,-1,0.00000
47462,18165,-1,0.00000
47462,21150,-1,0.00000
47462,15893,-1,0.00000
47568,1043,-1,0.00000
47568,13806,-1,0.00000
47568,25133,-1,0.00000
47568,36712,-1,0.00000
47568,57972,-1,0.00000
47571,33547,-1,0.00000
47571,18165,-1,0.00000
47571,21150,-1,0.00000
47571,15893,-1,0.03890
47671,33547,-1,0.00000
47671,18165,-1,0.00000
47671,21150,-1,0.11256
47671,15893,-1,0.19436
47679,1043,-1,0.00000
47679,13806,-1,0.00000
47679,25133,-1,0.00000
47679,36712,-1,0.02533
47679,57972,-1,0.00000
47779,1043,-1,0.12796
47779,13806,-1,0.00000
47779,25133,-1,0.00000
47779,36712,-1,0.11773
47779,57972,-1,0.00000
47781,33547,-1,0.00000
47781,18165,-1,0.00000
47781,21150,-1,0.00000
47781,15893,-1,0.00000
47881,33547,-1,0.00000
47881,18165,-1,0.00000
47881,21150,-1,0.00000
47881,15893,-1,0.00000
47889,1043,-1,0.00000
47889,13806,-1,0.00000
47889,25133,-1,0.00000
47889,36712,-1,0.00000
47889,57972,-1,0.00000
47989,1043,-1,0.00000
47989,13806,-1,0.00000
47989,25133,-1,0.00000
47989,36712,-1,0.00000
47989,57972,-1,0.08180
47991,33547,-1,0.00000
47991,18165,-1,0.11650
47991,21150,-1,0.00000
47991,15893,-1,0.00000
48089,1043,-1,0.00000
48089,13806,-1,0.00000
48089,25133,-1,0.11265
48089,36712,-1,0.00000
48089,57972,-1,0.37873
48101,33547,-1,0.00000
48101,18165,-1,0.00000
48101,21150,-1,0.00000
48101,15893,-1,0.00000
48198,1043,-1,0.00000
48198,13806,-1,0.00000
48198,25133,-1,0.00000
48198,36712,-1,0.00000
48198,57972,-1,0.00000
48210,33547,-1,0.14264
48210,18165,-1,0.00000
48210,21150,-1,0.11711
48210,15893,-1,0.00000
48309,1043,-1,0.00174
48309,13806,-1,0.41426
48309,25133,-1,0.00000
48309,36712,-1,0.00000
48309,57972,-1,0.00000
48311,33547,-1,0.00000
48311,18165,-1,0.00000
48311,21150,-1,0.00000
48311,15893,-1,0.00000
48418,1043,-1,0.00000
48418,13806,-1,0.00000
48418,25133,-1,0.00000
48418,36712,-1,0.11677
48418,57972,-1,0.00000
48420,33547,-1,0.00000
48420,18165,-1,0.00000
48420,21150,-1,0.00000
48420,15893,-1,0.03864
48519,1043,-1,0.00000
48519,13806,-1,0.00000
48519,25133,-1,0.00000
48519,36712,-1,0.00000
48519,57972,-1,0.00000
48521,33547,-1,0.00000
48521,18165,-1,0.00000
48521,21150,-1,0.00000
48521,15893,-1,0.19368
48629,1043,-1,0.00000
48629,13806,-1,0.00000
48629,25133,-1,0.11688
48629,36712,-1,0.00000
48629,57972,-1,0.42058
48631,33547,-1,0.00000
48631,18165,-1,0.00000
48631,21150,-1,0.00000
48631,15893,-1,0.00000
48740,1043,-1,0.00000
48740,13806,-1,0.00000
48740,25133,-1,0.00000
48740,36712,-1,0.00000
48740,57972,-1,0.00000
48740,33547,-1,0.00000
48740,18165,-1,0.14256
48740,21150,-1,0.00000
48740,15893,-1,0.00000
48842,33547,-1,0.11053
48842,18165,-1,0.00000
48842,21150,-1,0.00000
48842,15893,-1,0.00000
48848,1043,-1,0.00000
48848,13806,-1,0.08040
48848,25133,-1,0.00000
48848,36712,-1,0.00000
48848,57972,-1,0.00000
48948,1043,-1,0.12783
48948,13806,-1,0.39857
48948,25133,-1,0.00000
48948,36712,-1,0.00000
48948,57972,-1,0.00000
48951,33547,-1,0.00000
48951,18165,-1,0.00000
48951,21150,-1,0.00000
48951,15893,-1,0.00000
49049,1043,-1,0.00000
49049,13806,-1,0.00000
49049,25133,-1,0.00000
49049,36712,-1,0.00000
49049,57972,-1,0.00000
49053,33547,-1,0.00000
49053,18165,-1,0.00000
49053,21150,-1,0.14303
49053,15893,-1,0.17592
49160,1043,-1,0.00000
49160,13806,-1,0.00000
49160,25133,-1,0.00000
49160,36712,-1,0.02537
49160,57972,-1,0.00000
49161,33547,-1,0.00000
49161,18165,-1,0.00000
49161,21150,-1,0.00000
49161,15893,-1,0.00000
49268,1043,-1,0.10363
49268,13806,-1,0.00000
49268,25133,-1,0.00000
49268,36712,-1,0.11775
49268,57972,-1,0.00000
49270,33547,-1,0.00000
49270,18165,-1,0.00000
49270,21150,-1,0.00000
49270,15893,-1,0.00000
49369,1043,-1,0.00000
49369,13806,-1,0.00000
49369,25133,-1,0.00000
49369,36712,-1,0.00000
49369,57972,-1,0.00000
49381,33547,-1,0.00000
49381,18165,-1,0.10658
49381,21150,-1,0.00000
49381,15893,-1,0.00000
49479,1043,-1,0.00000
49479,13806,-1,0.07967
49479,25133,-1,0.00000
49479,36712,-1,0.00000
49479,57972,-1,0.00000
49482,33547,-1,0.00000
49482,18165,-1,0.00000
49482,21150,-1,0.00000
49482,15893,-1,0.00000
49579,1043,-1,0.00000
49579,13806,-1,0.00000
49579,25133,-1,0.12754
49579,36712,-1,0.00000
49579,57972,-1,0.37737
49583,33547,-1,0.00000
49583,18165,-1,0.00000
49583,21150,-1,0.00000
49583,15893,-1,0.00000
49689,1043,-1,0.00000
49689,13806,-1,0.00000
49689,25133,-1,0.00000
49689,36712,-1,0.00000
49689,57972,-1,0.00000
49691,33547,-1,0.00000
49691,18165,-1,0.00000
49691,21150,-1,0.00000
49691,15893,-1,0.00000
49789,1043,-1,0.00000
49789,13806,-1,0.08703
49789,25133,-1,0.00000
49789,36712,-1,0.00000
49789,57972,-1,0.00000
49791,33547,-1,0.00000
49791,18165,-1,0.00000
49791,21150,-1,0.00000
49791,15893,-1,0.00000
49892,33547,-1,0.00000
49892,18165,-1,0.00000
49892,21150,-1,0.00000
49892,15893,-1,0.00000
49899,1043,-1,0.11654
49899,13806,-1,0.36337
49899,25133,-1,0.00000
49899,36712,-1,0.00000
49899,57972,-1,0.00000
50001,33547,-1,0.00000
50001,18165,-1,0.11766
50001,21150,-1,0.00000
50001,15893,-1,0.00000
50008,1043,-1,0.00000
50008,13806,-1,0.00000
50008,25133,-1,0.00000
50008,36712,-1,0.00000
50008,57972,-1,0.00000
50101,33547,-1,0.00000
50101,18165,-1,0.00000
50101,21150,-1,0.00000
50101,15893,-1,0.00000
50108,1043,-1,0.00000
50108,13806,-1,0.00000
50108,25133,-1,0.00000
50108,36712,-1,0.15576
50108,57972,-1,0.00000
50227,1043,-1,0.00000
50227,13806,-1,0.00000
50227,25133,-1,0.10814
50227,36712,-1,0.00000
50227,57972,-1,0.00000
50227,33547,-1,0.02214
50227,18165,-1,0.00000
50227,21150,-1,0.00000
50227,15893,-1,0.00000
50328,1043,-1,0.00000
50328,13806,-1,0.00000
50328,25133,-1,0.00000
50328,36712,-1,0.00000
50328,57972,-1,0.00000
50331,33547,-1,0.11379
50331,18165,-1,0.00000
50331,21150,-1,0.12368
50331,15893,-1,0.00000
50429,1043,-1,0.00000
50429,13806,-1,0.35624
50429,25133,-1,0.00000
50429,36712,-1,0.00000
50429,57972,-1,0.45790
50442,33547,-1,0.00000
50442,18165,-1,0.00000
50442,21150,-1,0.00000
50442,15893,-1,0.00000
50538,1043,-1,0.00000
50538,13806,-1,0.00000
50538,25133,-1,0.00000
50538,36712,-1,0.00000
50538,57972,-1,0.00000
50551,33547,-1,0.00000
50551,18165,-1,0.14217
50551,21150,-1,0.00000
50551,15893,-1,0.00000
50639,1043,-1,0.00000
50639,13806,-1,0.00000
50639,25133,-1,0.00000
50639,36712,-1,0.00000
50639,57972,-1,0.00000
50661,33547,-1,0.00000
50661,18165,-1,0.00000
50661,21150,-1,0.00000
50661,15893,-1,0.00000
50750,1043,-1,0.14051
50750,13806,-1,0.00000
50750,25133,-1,0.00000
50750,36712,-1,0.11536
50750,57972,-1,0.00000
50771,33547,-1,0.00000
50771,18165,-1,0.00000
50771,21150,-1,0.00000
50771,15893,-1,0.00000
50858,1043,-1,0.00000
50858,13806,-1,0.00000
50858,25133,-1,0.00000
50858,36712,-1,0.00000
50858,57972,-1,0.00000
50881,33547,-1,0.11666
50881,18165,-1,0.00000
50881,21150,-1,0.11666
50881,15893,-1,0.03418
50968,1043,-1,0.00000
50968,13806,-1,0.00000
50968,25133,-1,0.02536
50968,36712,-1,0.00000
50968,57972,-1,0.00000
50991,33547,-1,0.00000
50991,18165,-1,0.00000
50991,21150,-1,0.00000
50991,15893,-1,0.00000
51068,1043,-1,0.00000
51068,13806,-1,0.39919
51068,25133,-1,0.12803
51068,36712,-1,0.00000
51068,57972,-1,0.00000
51101,33547,-1,0.00000
51101,18165,-1,0.00000
51101,21150,-1,0.00000
51101,15893,-1,0.03423
51178,1043,-1,0.00000
51178,13806,-1,0.00000
51178,25133,-1,0.00000
51178,36712,-1,0.00000
51178,57972,-1,0.00000
51212,33547,-1,0.00000
51212,18165,-1,0.00000
51212,21150,-1,0.00000
51212,15893,-1,0.15647
51289,1043,-1,0.00000
51289,13806,-1,0.00000
51289,25133,-1,0.00000
51289,36712,-1,0.00000
51289,57972,-1,0.07407
51321,33547,-1,0.00000
51321,18165,-1,0.00000
51321,21150,-1,0.00000
51321,15893,-1,0.00000
51399,1043,-1,0.11678
51399,13806,-1,0.00000
51399,25133,-1,0.00000
51399,36712,-1,0.00000
51399,57972,-1,0.34551
51423,33547,-1,0.12544
51423,18165,-1,0.15279
51423,21150,-1,0.00000
51423,15893,-1,0.00000
51499,1043,-1,0.00000
51499,13806,-1,0.00000
51499,25133,-1,0.00000
51499,36712,-1,0.00000
51499,57972,-1,0.00000
51524,33547,-1,0.00000
51524,18165,-1,0.00000
51524,21150,-1,0.00000
51524,15893,-1,0.00000
51599,1043,-1,0.00000
51599,13806,-1,0.00000
51599,25133,-1,0.00000
51599,36712,-1,0.15549
51599,57972,-1,0.00000
51631,33547,-1,0.00000
51631,18165,-1,0.00000
51631,21150,-1,0.02604
51631,15893,-1,0.00000
51699,1043,-1,0.00000
51699,13806,-1,0.00000
51699,25133,-1,0.11216
51699,36712,-1,0.00000
51699,57972,-1,0.00000
51740,33547,-1,0.00000
51740,18165,-1,0.00000
51740,21150,-1,0.11672
51740,15893,-1,0.15879
51808,1043,-1,0.00000
51808,13806,-1,0.00000
51808,25133,-1,0.00000
51808,36712,-1,0.00000
51808,57972,-1,0.00000
51841,33547,-1,0.00000
51841,18165,-1,0.00000
51841,21150,-1,0.00000
51841,15893,-1,0.00000
51910,1043,-1,0.00000
51910,13806,-1,0.44835
51910,25133,-1,0.00000
51910,36712,-1,0.00000
51910,57972,-1,0.33243
51941,33547,-1,0.00000
51941,18165,-1,0.00000
51941,21150,-1,0.00000
51941,15893,-1,0.00000
52019,1043,-1,0.00000
52019,13806,-1,0.00000
52019,25133,-1,0.00000
52019,36712,-1,0.00000
52019,57972,-1,0.00000
52051,33547,-1,0.00000
52051,18165,-1,0.11687
52051,21150,-1,0.00000
52051,15893,-1,0.00000
52129,1043,-1,0.00000
52129,13806,-1,0.00000
52129,25133,-1,0.00000
52129,36712,-1,0.00000
52129,57972,-1,0.00000
52160,33547,-1,0.00000
52160,18165,-1,0.00000
52160,21150,-1,0.00000
52160,15893,-1,0.00000
52238,1043,-1,0.13279
52238,13806,-1,0.00000
52238,25133,-1,0.10735
52238,36712,-1,0.00000
52238,57972,-1,0.00000
52271,33547,-1,0.14113
52271,18165,-1,0.00000
52271,21150,-1,0.10197
52271,15893,-1,0.00000
52348,1043,-1,0.00000
52348,13806,-1,0.00000
52348,25133,-1,0.00000
52348,36712,-1,0.00000
52348,57972,-1,0.00000
52371,33547,-1,0.00000
52371,18165,-1,0.00000
52371,21150,-1,0.00000
52371,15893,-1,0.00000
52462,1043,-1,0.00000
52462,13806,-1,0.00000
52462,25133,-1,0.00000
52462,36712,-1,0.02459
52462,57972,-1,0.00000
52480,33547,-1,0.00000
52480,18165,-1,0.00000
52480,21150,-1,0.00000
52480,15893,-1,0.03446
52568,1043,-1,0.00000
52568,13806,-1,0.37557
52568,25133,-1,0.00000
52568,36712,-1,0.11082
52568,57972,-1,0.00000
52581,33547,-1,0.00000
52581,18165,-1,0.00000
52581,21150,-1,0.00000
52581,15893,-1,0.17353
52679,1043,-1,0.00000
52679,13806,-1,0.00000
52679,25133,-1,0.00000
52679,36712,-1,0.00000
52679,57972,-1,0.00000
52691,33547,-1,0.00000
52691,18165,-1,0.00000
52691,21150,-1,0.00000
52691,15893,-1,0.00000
52788,1043,-1,0.00000
52788,13806,-1,0.00000
52788,25133,-1,0.00000
52788,36712,-1,0.00000
52788,57972,-1,0.42161
52791,33547,-1,0.00000
52791,18165,-1,0.02784
52791,21150,-1,0.12770
52791,15893,-1,0.00000
52898,1043,-1,0.10271
52898,13806,-1,0.00000
52898,25133,-1,0.00000
52898,36712,-1,0.00000
52898,57972,-1,0.00000
52900,33547,-1,0.00000
52900,18165,-1,0.11725
52900,21150,-1,0.00000
52900,15893,-1,0.00000
52998,1043,-1,0.00000
52998,13806,-1,0.00000
52998,25133,-1,0.02784
52998,36712,-1,0.00000
52998,57972,-1,0.00000
53001,33547,-1,0.00000
53001,18165,-1,0.00000
53001,21150,-1,0.00000
53001,15893,-1,0.00000
53109,1043,-1,0.00000
53109,13806,-1,0.00000
53109,25133,-1,0.11625
53109,36712,-1,0.00000
53109,57972,-1,0.36249
53110,33547,-1,0.14252
53110,18165,-1,0.00000
53110,21150,-1,0.00000
53110,15893,-1,0.15919
53211,33547,-1,0.00000
53211,18165,-1,0.00000
53211,21150,-1,0.00000
53211,15893,-1,0.00000
53219,1043,-1,0.00000
53219,13806,-1,0.00000
53219,25133,-1,0.00000
53219,36712,-1,0.00000
53219,57972,-1,0.00000
53312,33547,-1,0.00000
53312,18165,-1,0.00000
53312,21150,-1,0.00000
53312,15893,-1,0.00000
53320,1043,-1,0.00000
53320,13806,-1,0.00000
53320,25133,-1,0.00000
53320,36712,-1,0.15435
53320,57972,-1,0.00000
53420,33547,-1,0.00000
53420,18165,-1,0.00000
53420,21150,-1,0.10443
53420,15893,-1,0.00000
53428,1043,-1,0.00000
53428,13806,-1,0.36791
53428,25133,-1,0.00000
53428,36712,-1,0.00000
53428,57972,-1,0.00000
53522,33547,-1,0.00000
53522,18165,-1,0.00000
53522,21150,-1,0.00000
53522,15893,-1,0.00000
53528,1043,-1,0.00000
53528,13806,-1,0.00000
53528,25133,-1,0.00000
53528,36712,-1,0.00000
53528,57972,-1,0.00000
53631,33547,-1,0.00000
53631,18165,-1,0.02562
53631,21150,-1,0.00000
53631,15893,-1,0.00000
53638,1043,-1,0.14221
53638,13806,-1,0.00000
53638,25133,-1,0.00000
53638,36712,-1,0.00000
53638,57972,-1,0.36405
53731,33547,-1,0.11736
53731,18165,-1,0.11736
53731,21150,-1,0.00000
53731,15893,-1,0.00000
53739,1043,-1,0.00000
53739,13806,-1,0.00000
53739,25133,-1,0.00000
53739,36712,-1,0.00000
53739,57972,-1,0.00000
53840,33547,-1,0.00000
53840,18165,-1,0.00000
53840,21150,-1,0.00000
53840,15893,-1,0.00000
53849,1043,-1,0.00000
53849,13806,-1,0.00000
53849,25133,-1,0.14195
53849,36712,-1,0.00000
53849,57972,-1,0.00000
53942,33547,-1,0.00000
53942,18165,-1,0.00000
53942,21150,-1,0.00000
53942,15893,-1,0.03697
53959,1043,-1,0.00000
53959,13806,-1,0.00000
53959,25133,-1,0.00000
53959,36712,-1,0.10205
53959,57972,-1,0.00000
54050,33547,-1,0.00000
54050,18165,-1,0.00000
54050,21150,-1,0.00000
54050,15893,-1,0.14359
54068,1043,-1,0.00000
54068,13806,-1,0.00000
54068,25133,-1,0.00000
54068,36712,-1,0.00000
54068,57972,-1,0.00000
54161,33547,-1,0.00000
54161,18165,-1,0.00000
54161,21150,-1,0.00000
54161,15893,-1,0.00000
54179,1043,-1,0.11567
54179,13806,-1,0.43933
54179,25133,-1,0.00000
54179,36712,-1,0.00000
54179,57972,-1,0.00000
54261,33547,-1,0.00000
54261,18165,-1,0.00000
54261,21150,-1,0.00000
54261,15893,-1,0.00000
54289,1043,-1,0.00000
54289,13806,-1,0.00000
54289,25133,-1,0.00000
54289,36712,-1,0.00000
54289,57972,-1,0.00000
54371,33547,-1,0.00000
54371,18165,-1,0.00000
54371,21150,-1,0.00000
54371,15893,-1,0.00000
54389,1043,-1,0.00000
54389,13806,-1,0.00000
54389,25133,-1,0.00000
54389,36712,-1,0.00000
54389,57972,-1,0.08665
54471,33547,-1,0.00000
54471,18165,-1,0.00000
54471,21150,-1,0.00000
54471,15893,-1,0.00000
54498,1043,-1,0.00000
54498,13806,-1,0.00000
54498,25133,-1,0.00000
54498,36712,-1,0.11736
54498,57972,-1,0.36592
54581,33547,-1,0.11691
54581,18165,-1,0.00000
54581,21150,-1,0.00000
54581,15893,-1,0.00000
54609,1043,-1,0.00000
54609,13806,-1,0.00000
54609,25133,-1,0.00000
54609,36712,-1,0.00000
54609,57972,-1,0.00000
54690,33547,-1,0.00000
54690,18165,-1,0.00000
54690,21150,-1,0.00000
54690,15893,-1,0.00000
54718,1043,-1,0.00000
54718,13806,-1,0.89384
54718,25133,-1,0.00000
54718,36712,-1,0.00000
54718,57972,-1,0.00000
54790,33547,-1,0.00000
54790,18165,-1,0.00000
54790,21150,-1,0.00000
54790,15893,-1,0.00000
54818,1043,-1,0.00000
54818,13806,-1,0.00000
54818,25133,-1,0.00000
54818,36712,-1,0.00000
54818,57972,-1,0.00000
54891,33547,-1,0.00000
54891,18165,-1,0.12776
54891,21150,-1,0.14540
54891,15893,-1,0.00000
54919,1043,-1,0.00000
54919,13806,-1,0.00000
54919,25133,-1,0.02772
54919,36712,-1,0.00000
54919,57972,-1,0.00000
54991,33547,-1,0.00000
54991,18165,-1,0.00000
54991,21150,-1,0.00000
54991,15893,-1,0.00000
55029,1043,-1,0.10292
55029,13806,-1,0.00000
55029,25133,-1,0.11695
55029,36712,-1,0.00000
55029,57972,-1,0.00000
55101,33547,-1,0.00000
55101,18165,-1,0.00000
55101,21150,-1,0.00000
55101,15893,-1,0.00000
55138,1043,-1,0.00000
55138,13806,-1,0.00000
55138,25133,-1,0.00000
55138,36712,-1,0.00000
55138,57972,-1,0.00000
55211,33547,-1,0.02539
55211,18165,-1,0.00000
55211,21150,-1,0.00000
55211,15893,-1,0.15843
55240,1043,-1,0.00000
55240,13806,-1,0.09554
55240,25133,-1,0.00000
55240,36712,-1,0.12569
55240,57972,-1,0.39191
55320,33547,-1,0.00000
55320,18165,-1,0.00000
55320,21150,-1,0.00000
55320,15893,-1,0.00000
55349,1043,-1,0.00000
55349,13806,-1,0.00000
55349,25133,-1,0.00000
55349,36712,-1,0.00000
55349,57972,-1,0.00000
55421,33547,-1,0.02783
55421,18165,-1,0.00000
55421,21150,-1,0.00000
55421,15893,-1,0.00000
55451,1043,-1,0.00000
55451,13806,-1,0.00000
55451,25133,-1,0.00000
55451,36712,-1,0.00000
55451,57972,-1,0.00000
55531,33547,-1,0.11556
55531,18165,-1,0.00000
55531,21150,-1,0.11556
55531,15893,-1,0.00000
55559,1043,-1,0.00000
55559,13806,-1,0.49787
55559,25133,-1,0.00000
55559,36712,-1,0.00000
55559,57972,-1,0.00000
55641,33547,-1,0.00000
55641,18165,-1,0.00000
55641,21150,-1,0.00000
55641,15893,-1,0.00000
55659,1043,-1,0.00000
55659,13806,-1,0.00000
55659,25133,-1,0.12743
55659,36712,-1,0.00000
55659,57972,-1,0.00000
55751,33547,-1,0.00000
55751,18165,-1,0.14254
55751,21150,-1,0.00000
55751,15893,-1,0.00000
55760,1043,-1,0.00000
55760,13806,-1,0.00000
55760,25133,-1,0.00000
55760,36712,-1,0.00000
55760,57972,-1,0.00000
55864,33547,-1,0.00000
55864,18165,-1,0.00000
55864,21150,-1,0.00000
55864,15893,-1,0.00000
55868,1043,-1,0.02571
55868,13806,-1,0.00000
55868,25133,-1,0.00000
55868,36712,-1,0.00000
55868,57972,-1,0.00000
55969,1043,-1,0.12693
55969,13806,-1,0.00000
55969,25133,-1,0.00000
55969,36712,-1,0.00000
55969,57972,-1,0.39576
55971,33547,-1,0.00000
55971,18165,-1,0.00000
55971,21150,-1,0.00000
55971,15893,-1,0.00000
56079,1043,-1,0.00000
56079,13806,-1,0.00000
56079,25133,-1,0.00000
56079,36712,-1,0.00000
56079,57972,-1,0.00000
56081,33547,-1,0.14276
56081,18165,-1,0.00000
56081,21150,-1,0.00000
56081,15893,-1,0.00000
56181,33547,-1,0.00000
56181,18165,-1,0.00000
56181,21150,-1,0.12802
56181,15893,-1,0.00000
56189,1043,-1,0.00000
56189,13806,-1,0.00000
56189,25133,-1,0.00000
56189,36712,-1,0.02542
56189,57972,-1,0.00000
56282,33547,-1,0.00000
56282,18165,-1,0.00000
56282,21150,-1,0.00000
56282,15893,-1,0.00000
56290,1043,-1,0.00000
56290,13806,-1,0.38445
56290,25133,-1,0.00000
56290,36712,-1,0.12647
56290,57972,-1,0.00000
56391,33547,-1,0.00000
56391,18165,-1,0.02560
56391,21150,-1,0.00000
56391,15893,-1,0.00000
56400,1043,-1,0.00000
56400,13806,-1,0.00000
56400,25133,-1,0.00000
56400,36712,-1,0.00000
56400,57972,-1,0.00000
56501,33547,-1,0.00000
56501,18165,-1,0.11699
56501,21150,-1,0.00000
56501,15893,-1,0.00000
56511,1043,-1,0.00000
56511,13806,-1,0.00000
56511,25133,-1,0.13155
56511,36712,-1,0.00000
56511,57972,-1,0.00000
56615,33547,-1,0.00000
56615,18165,-1,0.00000
56615,21150,-1,0.00000
56615,15893,-1,0.00000
56619,1043,-1,0.10888
56619,13806,-1,0.00000
56619,25133,-1,0.00000
56619,36712,-1,0.00000
56619,57972,-1,0.00000
56719,1043,-1,0.00000
56719,13806,-1,0.00000
56719,25133,-1,0.00000
56719,36712,-1,0.00000
56719,57972,-1,0.00000
56721,33547,-1,0.12151
56721,18165,-1,0.00000
56721,21150,-1,0.00000
56721,15893,-1,0.17532
56819,1043,-1,0.00000
56819,13806,-1,0.39771
56819,25133,-1,0.00000
56819,36712,-1,0.00000
56819,57972,-1,0.08676
56821,33547,-1,0.00000
56821,18165,-1,0.00000
56821,21150,-1,0.00000
56821,15893,-1,0.00000
56921,33547,-1,0.00000
56921,18165,-1,0.00000
56921,21150,-1,0.00000
56921,15893,-1,0.00000
56929,1043,-1,0.00000
56929,13806,-1,0.00000
56929,25133,-1,0.00000
56929,36712,-1,0.00000
56929,57972,-1,0.00000
57022,33547,-1,0.00000
57022,18165,-1,0.00000
57022,21150,-1,0.15491
57022,15893,-1,0.00000
57038,1043,-1,0.00000
57038,13806,-1,0.00000
57038,25133,-1,0.00000
57038,36712,-1,0.00000
57038,57972,-1,0.00000
57131,33547,-1,0.00000
57131,18165,-1,0.00000
57131,21150,-1,0.00000
57131,15893,-1,0.00000
57139,1043,-1,0.00000
57139,13806,-1,0.00000
57139,25133,-1,0.00000
57139,36712,-1,0.02787
57139,57972,-1,0.00000
57241,33547,-1,0.00000
57241,18165,-1,0.00000
57241,21150,-1,0.00000
57241,15893,-1,0.00000
57249,1043,-1,0.00000
57249,13806,-1,0.00000
57249,25133,-1,0.11571
57249,36712,-1,0.10646
57249,57972,-1,0.00000
57341,33547,-1,0.00000
57341,18165,-1,0.15532
57341,21150,-1,0.00000
57341,15893,-1,0.15046
57353,1043,-1,0.00000
57353,13806,-1,0.00000
57353,25133,-1,0.00000
57353,36712,-1,0.00000
57353,57972,-1,0.00000
57451,33547,-1,0.00000
57451,18165,-1,0.00000
57451,21150,-1,0.00000
57451,15893,-1,0.00000
57460,1043,-1,0.02614
57460,13806,-1,0.00000
57460,25133,-1,0.00000
57460,36712,-1,0.00000
57460,57972,-1,0.00000
57551,33547,-1,0.02789
57551,18165,-1,0.00000
57551,21150,-1,0.00000
57551,15893,-1,0.00000
57569,1043,-1,0.10343
57569,13806,-1,0.00000
57569,25133,-1,0.00000
57569,36712,-1,0.00000
57569,57972,-1,0.00000
57662,33547,-1,0.11522
57662,18165,-1,0.00000
57662,21150,-1,0.00000
57662,15893,-1,0.00000
57669,1043,-1,0.00000
57669,13806,-1,0.00000
57669,25133,-1,0.00000
57669,36712,-1,0.00000
57669,57972,-1,0.00000
57771,33547,-1,0.00000
57771,18165,-1,0.00000
57771,21150,-1,0.00000
57771,15893,-1,0.00000
57779,1043,-1,0.00000
57779,13806,-1,0.48849
57779,25133,-1,0.00000
57779,36712,-1,0.00000
57779,57972,-1,0.00000
57880,33547,-1,0.00000
57880,18165,-1,0.11678
57880,21150,-1,0.14224
57880,15893,-1,0.00000
57889,1043,-1,0.00000
57889,13806,-1,0.00000
57889,25133,-1,0.00000
57889,36712,-1,0.11565
57889,57972,-1,0.00000
57980,33547,-1,0.00000
57980,18165,-1,0.00000
57980,21150,-1,0.00000
57980,15893,-1,0.00000
58000,1043,-1,0.00000
58000,13806,-1,0.00000
58000,25133,-1,0.02537
58000,36712,-1,0.00000
58000,57972,-1,0.00000
58081,33547,-1,0.00000
58081,18165,-1,0.00000
58081,21150,-1,0.00000
58081,15893,-1,0.00000
58109,1043,-1,0.00000
58109,13806,-1,0.00000
58109,25133,-1,0.11654
58109,36712,-1,0.00000
58109,57972,-1,0.33571
58181,33547,-1,0.00000
58181,18165,-1,0.00000
58181,21150,-1,0.00000
58181,15893,-1,0.18450
58219,1043,-1,0.00000
58219,13806,-1,0.00000
58219,25133,-1,0.00000
58219,36712,-1,0.00000
58219,57972,-1,0.00000
58292,33547,-1,0.00000
58292,18165,-1,0.00000
58292,21150,-1,0.00000
58292,15893,-1,0.00000
58329,1043,-1,0.02542
58329,13806,-1,0.00000
58329,25133,-1,0.00000
58329,36712,-1,0.00000
58329,57972,-1,0.00000
58400,33547,-1,0.13441
58400,18165,-1,0.00000
58400,21150,-1,0.00000
58400,15893,-1,0.00000
58440,1043,-1,0.11580
58440,13806,-1,0.39817
58440,25133,-1,0.00000
58440,36712,-1,0.00000
58440,57972,-1,0.00000
58501,33547,-1,0.00000
58501,18165,-1,0.00000
58501,21150,-1,0.11759
58501,15893,-1,0.00000
58549,1043,-1,0.00000
58549,13806,-1,0.00000
58549,25133,-1,0.00000
58549,36712,-1,0.00000
58549,57972,-1,0.00000
58601,33547,-1,0.00000
58601,18165,-1,0.00000
58601,21150,-1,0.00000
58601,15893,-1,0.00000
58658,1043,-1,0.00000
58658,13806,-1,0.00000
58658,25133,-1,0.00000
58658,36712,-1,0.14207
58658,57972,-1,0.00000
58711,33547,-1,0.00000
58711,18165,-1,0.13277
58711,21150,-1,0.00000
58711,15893,-1,0.00000
58759,1043,-1,0.00000
58759,13806,-1,0.00000
58759,25133,-1,0.11259
58759,36712,-1,0.00000
58759,57972,-1,0.00000
58821,33547,-1,0.00000
58821,18165,-1,0.00000
58821,21150,-1,0.00000
58821,15893,-1,0.12555
58859,1043,-1,0.00000
58859,13806,-1,0.00000
58859,25133,-1,0.00000
58859,36712,-1,0.00000
58859,57972,-1,0.00000
58931,33547,-1,0.00000
58931,18165,-1,0.00000
58931,21150,-1,0.00000
58931,15893,-1,0.00000
58960,1043,-1,0.00000
58960,13806,-1,0.00000
58960,25133,-1,0.00000
58960,36712,-1,0.00000
58960,57972,-1,0.96765
59041,33547,-1,0.00000
59041,18165,-1,0.00000
59041,21150,-1,0.00000
59041,15893,-1,0.00000
59069,1043,-1,0.00000
59069,13806,-1,0.00000
59069,25133,-1,0.00000
59069,36712,-1,0.00000
59069,57972,-1,0.00000
59151,33547,-1,0.00000
59151,18165,-1,0.00000
59151,21150,-1,0.00000
59151,15893,-1,0.00000
59169,1043,-1,0.00000
59169,13806,-1,0.00000
59169,25133,-1,0.00000
59169,36712,-1,0.00000
59169,57972,-1,0.00000
59261,33547,-1,0.00000
59261,18165,-1,0.00000
59261,21150,-1,0.00000
59261,15893,-1,0.00000
59270,1043,-1,0.15418
59270,13806,-1,0.43527
59270,25133,-1,0.00000
59270,36712,-1,0.00000
59270,57972,-1,0.00000
59370,33547,-1,0.00000
59370,18165,-1,0.10305
59370,21150,-1,0.11709
59370,15893,-1,0.00000
59380,1043,-1,0.00000
59380,13806,-1,0.00000
59380,25133,-1,0.00000
59380,36712,-1,0.00000
59380,57972,-1,0.00000
59470,33547,-1,0.00000
59470,18165,-1,0.00000
59470,21150,-1,0.00000
59470,15893,-1,0.00000
59492,1043,-1,0.00000
59492,13806,-1,0.00000
59492,25133,-1,0.00000
59492,36712,-1,0.00000
59492,57972,-1,0.00000
59571,33547,-1,0.00000
59571,18165,-1,0.00000
59571,21150,-1,0.00000
59571,15893,-1,0.00000
59598,1043,-1,0.00000
59598,13806,-1,0.00000
59598,25133,-1,0.00000
59598,36712,-1,0.12067
59598,57972,-1,0.09173
59671,33547,-1,0.12766
59671,18165,-1,0.00000
59671,21150,-1,0.00000
59671,15893,-1,0.03357
59699,1043,-1,0.00000
59699,13806,-1,0.00000
59699,25133,-1,0.12763
59699,36712,-1,0.00000
59699,57972,-1,0.00000
59781,33547,-1,0.00000
59781,18165,-1,0.00000
59781,21150,-1,0.00000
59781,15893,-1,0.00000
59799,1043,-1,0.00000
59799,13806,-1,0.00000
59799,25133,-1,0.00000
59799,36712,-1,0.00000
59799,57972,-1,0.00000
59881,33547,-1,0.00000
59881,18165,-1,0.00000
59881,21150,-1,0.00000
59881,15893,-1,0.00000
59900,1043,-1,0.00000
59900,13806,-1,0.00000
59900,25133,-1,0.00000
59900,36712,-1,0.00000
59900,57972,-1,0.09722
59991,33547,-1,0.00000
59991,18165,-1,0.00000
59991,21150,-1,0.02540
59991,15893,-1,0.13747
60009,1043,-1,0.00000
60009,13806,-1,0.35522
60009,25133,-1,0.00000
60009,36712,-1,0.00000
60009,57972,-1,0.40178
60101,33547,-1,0.00000
60101,18165,-1,0.11702
60101,21150,-1,0.00000
60101,15893,-1,0.00000
60118,1043,-1,0.00000
60118,13806,-1,0.00000
60118,25133,-1,0.00000
60118,36712,-1,0.00000
60118,57972,-1,0.00000
60201,33547,-1,0.00000
60201,18165,-1,0.00000
60201,21150,-1,0.00000
60201,15893,-1,0.00000
60220,1043,-1,0.02755
60220,13806,-1,0.00000
60220,25133,-1,0.00000
60220,36712,-1,0.00000
60220,57972,-1,0.00000
60311,33547,-1,0.00000
60311,18165,-1,0.00000
60311,21150,-1,0.14213
60311,15893,-1,0.00000
60328,1043,-1,0.11796
60328,13806,-1,0.00000
60328,25133,-1,0.00000
60328,36712,-1,0.11796
60328,57972,-1,0.00000
60412,33547,-1,0.00000
60412,18165,-1,0.00000
60412,21150,-1,0.00000
60412,15893,-1,0.00000
60429,1043,-1,0.00000
60429,13806,-1,0.00000
60429,25133,-1,0.00000
60429,36712,-1,0.00000
60429,57972,-1,0.00000
60521,33547,-1,0.00000
60521,18165,-1,0.00000
60521,21150,-1,0.00000
60521,15893,-1,0.00000
60539,1043,-1,0.00000
60539,13806,-1,0.00000
60539,25133,-1,0.02533
60539,36712,-1,0.00000
60539,57972,-1,0.39948
60630,33547,-1,0.11688
60630,18165,-1,0.00000
60630,21150,-1,0.00000
60630,15893,-1,0.03074
60648,1043,-1,0.00000
60648,13806,-1,0.00000
60648,25133,-1,0.11726
60648,36712,-1,0.00000
60648,57972,-1,0.00000
60731,33547,-1,0.00000
60731,18165,-1,0.00000
60731,21150,-1,0.00000
60731,15893,-1,0.13245
60749,1043,-1,0.00000
60749,13806,-1,0.00000
60749,25133,-1,0.00000
60749,36712,-1,0.00000
60749,57972,-1,0.00000
60831,33547,-1,0.00000
60831,18165,-1,0.00000
60831,21150,-1,0.00000
60831,15893,-1,0.00000
60858,1043,-1,0.00175
60858,13806,-1,0.97112
60858,25133,-1,0.00000
60858,36712,-1,0.00000
60858,57972,-1,0.00000
60941,33547,-1,0.00000
60941,18165,-1,0.14206
60941,21150,-1,0.11664
60941,15893,-1,0.00000
60958,1043,-1,0.00000
60958,13806,-1,0.00000
60958,25133,-1,0.00000
60958,36712,-1,0.00000
60958,57972,-1,0.00000
61051,33547,-1,0.00000
61051,18165,-1,0.00000
61051,21150,-1,0.00000
61051,15893,-1,0.00000
61069,1043,-1,0.00174
61069,13806,-1,0.00000
61069,25133,-1,0.00000
61069,36712,-1,0.14015
61069,57972,-1,0.00000
61161,33547,-1,0.00000
61161,18165,-1,0.00000
61161,21150,-1,0.00000
61161,15893,-1,0.00000
61178,1043,-1,0.00000
61178,13806,-1,0.00000
61178,25133,-1,0.00000
61178,36712,-1,0.00000
61178,57972,-1,0.35638
61272,33547,-1,0.11622
61272,18165,-1,0.00000
61272,21150,-1,0.00000
61272,15893,-1,0.13713
61279,1043,-1,0.00000
61279,13806,-1,0.00000
61279,25133,-1,0.00000
61279,36712,-1,0.00000
61279,57972,-1,0.00000
61372,33547,-1,0.00000
61372,18165,-1,0.00000
61372,21150,-1,0.00000
61372,15893,-1,0.00000
61379,1043,-1,0.14564
61379,13806,-1,0.00000
61379,25133,-1,0.00000
61379,36712,-1,0.00000
61379,57972,-1,0.00000
61479,1043,-1,0.00000
61479,13806,-1,0.00000
61479,25133,-1,0.11773
61479,36712,-1,0.00000
61479,57972,-1,0.00000
61481,33547,-1,0.00000
61481,18165,-1,0.00000
61481,21150,-1,0.00000
61481,15893,-1,0.00000
61581,33547,-1,0.00000
61581,18165,-1,0.12748
61581,21150,-1,0.00000
61581,15893,-1,0.00000
61589,1043,-1,0.00000
61589,13806,-1,0.00000
61589,25133,-1,0.00000
61589,36712,-1,0.00000
61589,57972,-1,0.00000
61682,33547,-1,0.00000
61682,18165,-1,0.00000
61682,21150,-1,0.00000
61682,15893,-1,0.00000
61689,1043,-1,0.00000
61689,13806,-1,0.54348
61689,25133,-1,0.00000
61689,36712,-1,0.00000
61689,57972,-1,0.00000
61791,33547,-1,0.00000
61791,18165,-1,0.00000
61791,21150,-1,0.02573
61791,15893,-1,0.00000
61799,1043,-1,0.00000
61799,13806,-1,0.00000
61799,25133,-1,0.00000
61799,36712,-1,0.00000
61799,57972,-1,0.00000
61891,33547,-1,0.11238
61891,18165,-1,0.00000
61891,21150,-1,0.12769
61891,15893,-1,0.00000
61909,1043,-1,0.00000
61909,13806,-1,0.00000
61909,25133,-1,0.00000
61909,36712,-1,0.00000
61909,57972,-1,0.00000
61991,33547,-1,0.00000
61991,18165,-1,0.00000
61991,21150,-1,0.00000
61991,15893,-1,0.00000
62018,1043,-1,0.02547
62018,13806,-1,0.00000
62018,25133,-1,0.11683
62018,36712,-1,0.10749
62018,57972,-1,0.00000
62101,33547,-1,0.00000
62101,18165,-1,0.00000
62101,21150,-1,0.00000
62101,15893,-1,0.00000
62119,1043,-1,0.00000
62119,13806,-1,0.00000
62119,25133,-1,0.00000
62119,36712,-1,0.00000
62119,57972,-1,0.00000
62211,33547,-1,0.00000
62211,18165,-1,0.11557
62211,21150,-1,0.00000
62211,15893,-1,0.00000
62220,1043,-1,0.00000
62220,13806,-1,0.00000
62220,25133,-1,0.00000
62220,36712,-1,0.00000
62220,57972,-1,0.00000
62316,33547,-1,0.00000
62316,18165,-1,0.00000
62316,21150,-1,0.00000
62316,15893,-1,0.00000
62334,1043,-1,0.02455
62334,13806,-1,0.37836
62334,25133,-1,0.00000
62334,36712,-1,0.00000
62334,57972,-1,0.00000
62422,33547,-1,0.02646
62422,18165,-1,0.00000
62422,21150,-1,0.12137
62422,15893,-1,0.00000
62438,1043,-1,0.00000
62438,13806,-1,0.00000
62438,25133,-1,0.00000
62438,36712,-1,0.00000
62438,57972,-1,0.00000
62531,33547,-1,0.11744
62531,18165,-1,0.00000
62531,21150,-1,0.00000
62531,15893,-1,0.00000
62539,1043,-1,0.02771
62539,13806,-1,0.00000
62539,25133,-1,0.00000
62539,36712,-1,0.00000
62539,57972,-1,0.00000
62646,1043,-1,0.11956
62646,13806,-1,0.00000
62646,25133,-1,0.00000
62646,36712,-1,0.11956
62646,57972,-1,0.00000
62648,33547,-1,0.00000
62648,18165,-1,0.00000
62648,21150,-1,0.00000
62648,15893,-1,0.00000
62749,1043,-1,0.00000
62749,13806,-1,0.00000
62749,25133,-1,0.00000
62749,36712,-1,0.00000
62749,57972,-1,0.00000
62751,33547,-1,0.00000
62751,18165,-1,0.12336
62751,21150,-1,0.00000
62751,15893,-1,0.00000
62851,1043,-1,0.00000
62851,13806,-1,0.00000
62851,25133,-1,0.02741
62851,36712,-1,0.00000
62851,57972,-1,0.39213
62861,33547,-1,0.00000
62861,18165,-1,0.00000
62861,21150,-1,0.00000
62861,15893,-1,0.00000
62958,1043,-1,0.00000
62958,13806,-1,0.44706
62958,25133,-1,0.00000
62958,36712,-1,0.00000
62958,57972,-1,0.00000
62971,33547,-1,0.00000
62971,18165,-1,0.00000
62971,21150,-1,0.00000
62971,15893,-1,0.00000
63059,1043,-1,0.00000
63059,13806,-1,0.00000
63059,25133,-1,0.00000
63059,36712,-1,0.00000
63059,57972,-1,0.00000
63071,33547,-1,0.12751
63071,18165,-1,0.00000
63071,21150,-1,0.14002
63071,15893,-1,0.00000
63168,1043,-1,0.11682
63168,13806,-1,0.00000
63168,25133,-1,0.14229
63168,36712,-1,0.00000
63168,57972,-1,0.00000
63181,33547,-1,0.00000
63181,18165,-1,0.00000
63181,21150,-1,0.00000
63181,15893,-1,0.00000
63270,1043,-1,0.00000
63270,13806,-1,0.00000
63270,25133,-1,0.00000
63270,36712,-1,0.00000
63270,57972,-1,0.00000
63291,33547,-1,0.00000
63291,18165,-1,0.00000
63291,21150,-1,0.00000
63291,15893,-1,0.02552
63378,1043,-1,0.00000
63378,13806,-1,0.00000
63378,25133,-1,0.00000
63378,36712,-1,0.02568
63378,57972,-1,0.00000
63401,33547,-1,0.00000
63401,18165,-1,0.10726
63401,21150,-1,0.00000
63401,15893,-1,0.10726
63479,1043,-1,0.00000
63479,13806,-1,0.47848
63479,25133,-1,0.00000
63479,36712,-1,0.11197
63479,57972,-1,0.00000
63501,33547,-1,0.00000
63501,18165,-1,0.00000
63501,21150,-1,0.00000
63501,15893,-1,0.00000
63589,1043,-1,0.00000
63589,13806,-1,0.00000
63589,25133,-1,0.00000
63589,36712,-1,0.00000
63589,57972,-1,0.00000
63601,33547,-1,0.00000
63601,18165,-1,0.00000
63601,21150,-1,0.00000
63601,15893,-1,0.00000
63698,1043,-1,0.11663
63698,13806,-1,0.00000
63698,25133,-1,0.11663
63698,36712,-1,0.00000
63698,57972,-1,0.08866
63712,33547,-1,0.00000
63712,18165,-1,0.00000
63712,21150,-1,0.10623
63712,15893,-1,0.00000
63798,1043,-1,0.00000
63798,13806,-1,0.00000
63798,25133,-1,0.00000
63798,36712,-1,0.00000
63798,57972,-1,0.00000
63822,33547,-1,0.00000
63822,18165,-1,0.00000
63822,21150,-1,0.00000
63822,15893,-1,0.00000
63899,1043,-1,0.00000
63899,13806,-1,0.00000
63899,25133,-1,0.00000
63899,36712,-1,0.00000
63899,57972,-1,0.00000
63923,33547,-1,0.00000
63923,18165,-1,0.00000
63923,21150,-1,0.00000
63923,15893,-1,0.00000
64009,1043,-1,0.00000
64009,13806,-1,0.00000
64009,25133,-1,0.00000
64009,36712,-1,0.11713
64009,57972,-1,0.49177
64031,33547,-1,0.00000
64031,18165,-1,0.00000
64031,21150,-1,0.00000
64031,15893,-1,0.11818
64119,1043,-1,0.00000
64119,13806,-1,0.00000
64119,25133,-1,0.00000
64119,36712,-1,0.00000
64119,57972,-1,0.00000
64131,33547,-1,0.00000
64131,18165,-1,0.00000
64131,21150,-1,0.00000
64131,15893,-1,0.00000
64220,1043,-1,0.00000
64220,13806,-1,0.10436
64220,25133,-1,0.00000
64220,36712,-1,0.00000
64220,57972,-1,0.00000
64231,33547,-1,0.00000
64231,18165,-1,0.12801
64231,21150,-1,0.00000
64231,15893,-1,0.00000
64329,1043,-1,0.00000
64329,13806,-1,0.44194
64329,25133,-1,0.11751
64329,36712,-1,0.00000
64329,57972,-1,0.00000
64341,33547,-1,0.00000
64341,18165,-1,0.00000
64341,21150,-1,0.00000
64341,15893,-1,0.00000
64430,1043,-1,0.00000
64430,13806,-1,0.00000
64430,25133,-1,0.00000
64430,36712,-1,0.00000
64430,57972,-1,0.00000
64441,33547,-1,0.00000
64441,18165,-1,0.00000
64441,21150,-1,0.00000
64441,15893,-1,0.00000
64540,1043,-1,0.14260
64540,13806,-1,0.00000
64540,25133,-1,0.00000
64540,36712,-1,0.00000
64540,57972,-1,0.00000
64541,33547,-1,0.14536
64541,18165,-1,0.00000
64541,21150,-1,0.00000
64541,15893,-1,0.00000
64648,1043,-1,0.00000
64648,13806,-1,0.00000
64648,25133,-1,0.00000
64648,36712,-1,0.00000
64648,57972,-1,0.35831
64651,33547,-1,0.00000
64651,18165,-1,0.00000
64651,21150,-1,0.11703
64651,15893,-1,0.00000
64748,1043,-1,0.00000
64748,13806,-1,0.00000
64748,25133,-1,0.00000
64748,36712,-1,0.00000
64748,57972,-1,0.00000
64751,33547,-1,0.00000
64751,18165,-1,0.00000
64751,21150,-1,0.00000
64751,15893,-1,0.00000
64860,1043,-1,0.00000
64860,13806,-1,0.00000
64860,25133,-1,0.00000
64860,36712,-1,0.11465
64860,57972,-1,0.52521
64861,33547,-1,0.00000
64861,18165,-1,0.02529
64861,21150,-1,0.00000
64861,15893,-1,0.11602
64969,1043,-1,0.00000
64969,13806,-1,0.00000
64969,25133,-1,0.00000
64969,36712,-1,0.00000
64969,57972,-1,0.00000
64972,33547,-1,0.00000
64972,18165,-1,0.00000
64972,21150,-1,0.00000
64972,15893,-1,0.00000
65079,1043,-1,0.00000
65079,13806,-1,0.00000
65079,25133,-1,0.00000
65079,36712,-1,0.00000
65079,57972,-1,0.00000
65080,33547,-1,0.00000
65080,18165,-1,0.02582
65080,21150,-1,0.00000
65080,15893,-1,0.00000
65181,33547,-1,0.00000
65181,18165,-1,0.12786
65181,21150,-1,0.12786
65181,15893,-1,0.00000
65191,1043,-1,0.00000
65191,13806,-1,0.52459
65191,25133,-1,0.11452
65191,36712,-1,0.00000
65191,57972,-1,0.00000
65290,33547,-1,0.00000
65290,18165,-1,0.00000
65290,21150,-1,0.00000
65290,15893,-1,0.00000
65299,1043,-1,0.00000
65299,13806,-1,0.00000
65299,25133,-1,0.00000
65299,36712,-1,0.00000
65299,57972,-1,0.00000
65391,33547,-1,0.00000
65391,18165,-1,0.00000
65391,21150,-1,0.00000
65391,15893,-1,0.00000
65408,1043,-1,0.00000
65408,13806,-1,0.00000
65408,25133,-1,0.00000
65408,36712,-1,0.00000
65408,57972,-1,0.09573
65491,33547,-1,0.13976
65491,18165,-1,0.00000
65491,21150,-1,0.00000
65491,15893,-1,0.12728
65508,1043,-1,0.12796
65508,13806,-1,0.00000
65508,25133,-1,0.00000
65508,36712,-1,0.00000
65508,57972,-1,0.48121
65601,33547,-1,0.00000
65601,18165,-1,0.00000
65601,21150,-1,0.00000
65601,15893,-1,0.00000
65609,1043,-1,0.00000
65609,13806,-1,0.00000
65609,25133,-1,0.00000
65609,36712,-1,0.00000
65609,57972,-1,0.00000
65702,33547,-1,0.00000
65702,18165,-1,0.00000
65702,21150,-1,0.00000
65702,15893,-1,0.00000
65718,1043,-1,0.00000
65718,13806,-1,0.00000
65718,25133,-1,0.00000
65718,36712,-1,0.02562
65718,57972,-1,0.00000
65811,33547,-1,0.00000
65811,18165,-1,0.00000
65811,21150,-1,0.11771
65811,15893,-1,0.00000
65829,1043,-1,0.00000
65829,13806,-1,0.38825
65829,25133,-1,0.00000
65829,36712,-1,0.11556
65829,57972,-1,0.00000
65911,33547,-1,0.00000
65911,18165,-1,0.00000
65911,21150,-1,0.00000
65911,15893,-1,0.00000
65939,1043,-1,0.00000
65939,13806,-1,0.00000
65939,25133,-1,0.00000
65939,36712,-1,0.00000
65939,57972,-1,0.00000
66021,33547,-1,0.00000
66021,18165,-1,0.02547
66021,21150,-1,0.00000
66021,15893,-1,0.11685
66039,1043,-1,0.00000
66039,13806,-1,0.00000
66039,25133,-1,0.14566
66039,36712,-1,0.00000
66039,57972,-1,0.00000
66121,33547,-1,0.00000
66121,18165,-1,0.12728
66121,21150,-1,0.00000
66121,15893,-1,0.00000
66148,1043,-1,0.00000
66148,13806,-1,0.00000
66148,25133,-1,0.00000
66148,36712,-1,0.00000
66148,57972,-1,0.40134
66232,33547,-1,0.00000
66232,18165,-1,0.00000
66232,21150,-1,0.00000
66232,15893,-1,0.00000
66249,1043,-1,0.00000
66249,13806,-1,0.00000
66249,25133,-1,0.00000
66249,36712,-1,0.00000
66249,57972,-1,0.00000
66341,33547,-1,0.14322
66341,18165,-1,0.00000
66341,21150,-1,0.11759
66341,15893,-1,0.00000
66359,1043,-1,0.13266
66359,13806,-1,0.00000
66359,25133,-1,0.00000
66359,36712,-1,0.00000
66359,57972,-1,0.00000
66451,33547,-1,0.00000
66451,18165,-1,0.00000
66451,21150,-1,0.00000
66451,15893,-1,0.00000
66461,1043,-1,0.00000
66461,13806,-1,0.42973
66461,25133,-1,0.00000
66461,36712,-1,0.00000
66461,57972,-1,0.00000
66561,33547,-1,0.00000
66561,18165,-1,0.00000
66561,21150,-1,0.00000
66561,15893,-1,0.00000
66569,1043,-1,0.00000
66569,13806,-1,0.00000
66569,25133,-1,0.00000
66569,36712,-1,0.00000
66569,57972,-1,0.00000
66671,33547,-1,0.00000
66671,18165,-1,0.00000
66671,21150,-1,0.00000
66671,15893,-1,0.10274
66679,1043,-1,0.00000
66679,13806,-1,0.43992
66679,25133,-1,0.00000
66679,36712,-1,0.02550
66679,57972,-1,0.00000
66780,33547,-1,0.00000
66780,18165,-1,0.00000
66780,21150,-1,0.00000
66780,15893,-1,0.00000
66789,1043,-1,0.00000
66789,13806,-1,0.00000
66789,25133,-1,0.00000
66789,36712,-1,0.11616
66789,57972,-1,0.00000
66881,33547,-1,0.00000
66881,18165,-1,0.02779
66881,21150,-1,0.00000
66881,15893,-1,0.00000
66898,1043,-1,0.00000
66898,13806,-1,0.00000
66898,25133,-1,0.00000
66898,36712,-1,0.00000
66898,57972,-1,0.00000
66981,33547,-1,0.12776
66981,18165,-1,0.12776
66981,21150,-1,0.00000
66981,15893,-1,0.00000
66999,1043,-1,0.00000
66999,13806,-1,0.00000
66999,25133,-1,0.13944
66999,36712,-1,0.00000
66999,57972,-1,0.47755
67081,33547,-1,0.00000
67081,18165,-1,0.00000
67081,21150,-1,0.00000
67081,15893,-1,0.00000
67108,1043,-1,0.00000
67108,13806,-1,0.00000
67108,25133,-1,0.00000
67108,36712,-1,0.00000
67108,57972,-1,0.00000
67192,33547,-1,0.00000
67192,18165,-1,0.00000
67192,21150,-1,0.02523
67192,15893,-1,0.00000
67209,1043,-1,0.00000
67209,13806,-1,0.00000
67209,25133,-1,0.00000
67209,36712,-1,0.00000
67209,57972,-1,0.00000
67301,33547,-1,0.00000
67301,18165,-1,0.00000
67301,21150,-1,0.11683
67301,15893,-1,0.00000
67320,1043,-1,0.14037
67320,13806,-1,0.00000
67320,25133,-1,0.00000
67320,36712,-1,0.00000
67320,57972,-1,0.00000
67411,33547,-1,0.00000
67411,18165,-1,0.00000
67411,21150,-1,0.00000
67411,15893,-1,0.00000
67429,1043,-1,0.00000
67429,13806,-1,0.48804
67429,25133,-1,0.00000
67429,36712,-1,0.00000
67429,57972,-1,0.00000
67512,33547,-1,0.00000
67512,18165,-1,0.00000
67512,21150,-1,0.00000
67512,15893,-1,0.02749
67539,1043,-1,0.00000
67539,13806,-1,0.00000
67539,25133,-1,0.00000
67539,36712,-1,0.00000
67539,57972,-1,0.00000
67621,33547,-1,0.00000
67621,18165,-1,0.11826
67621,21150,-1,0.00000
67621,15893,-1,0.11826
67639,1043,-1,0.00000
67639,13806,-1,0.00000
67639,25133,-1,0.00000
67639,36712,-1,0.15579
67639,57972,-1,0.48103
67721,33547,-1,0.00000
67721,18165,-1,0.00000
67721,21150,-1,0.00000
67721,15893,-1,0.00000
67749,1043,-1,0.00000
67749,13806,-1,0.00000
67749,25133,-1,0.00000
67749,36712,-1,0.00000
67749,57972,-1,0.00000
67821,33547,-1,0.15505
67821,18165,-1,0.00000
67821,21150,-1,0.00000
67821,15893,-1,0.00000
67859,1043,-1,0.00000
67859,13806,-1,0.00000
67859,25133,-1,0.00000
67859,36712,-1,0.00000
67859,57972,-1,0.00000
67930,33547,-1,0.00000
67930,18165,-1,0.00000
67930,21150,-1,0.10321
67930,15893,-1,0.00000
67969,1043,-1,0.00000
67969,13806,-1,0.00000
67969,25133,-1,0.14160
67969,36712,-1,0.00000
67969,57972,-1,0.00000
68031,33547,-1,0.00000
68031,18165,-1,0.00000
68031,21150,-1,0.00000
68031,15893,-1,0.00000
68069,1043,-1,0.12757
68069,13806,-1,0.00000
68069,25133,-1,0.00000
68069,36712,-1,0.00000
68069,57972,-1,0.00000
68141,33547,-1,0.00000
68141,18165,-1,0.00000
68141,21150,-1,0.00000
68141,15893,-1,0.00000
68179,1043,-1,0.00000
68179,13806,-1,0.00000
68179,25133,-1,0.00000
68179,36712,-1,0.00000
68179,57972,-1,0.00000
68251,33547,-1,0.00000
68251,18165,-1,0.00000
68251,21150,-1,0.00000
68251,15893,-1,0.10715
68289,1043,-1,0.00000
68289,13806,-1,0.10468
68289,25133,-1,0.00000
68289,36712,-1,0.00000
68289,57972,-1,0.39075
68351,33547,-1,0.00000
68351,18165,-1,0.00000
68351,21150,-1,0.00000
68351,15893,-1,0.00000
68399,1043,-1,0.00000
68399,13806,-1,0.00000
68399,25133,-1,0.00000
68399,36712,-1,0.00000
68399,57972,-1,0.00000
68451,33547,-1,0.11782
68451,18165,-1,0.14573
68451,21150,-1,0.00000
68451,15893,-1,0.00000
68508,1043,-1,0.00000
68508,13806,-1,0.00000
68508,25133,-1,0.00000
68508,36712,-1,0.00000
68508,57972,-1,0.00000
68560,33547,-1,0.00000
68560,18165,-1,0.00000
68560,21150,-1,0.00000
68560,15893,-1,0.00000
68609,1043,-1,0.00000
68609,13806,-1,0.00000
68609,25133,-1,0.12768
68609,36712,-1,0.15552
68609,57972,-1,0.00000
68661,33547,-1,0.00000
68661,18165,-1,0.00000
68661,21150,-1,0.00000
68661,15893,-1,0.00000
68709,1043,-1,0.00000
68709,13806,-1,0.00000
68709,25133,-1,0.00000
68709,36712,-1,0.00000
68709,57972,-1,0.00000
68761,33547,-1,0.00000
68761,18165,-1,0.00000
68761,21150,-1,0.00000
68761,15893,-1,0.00000
68810,1043,-1,0.02754
68810,13806,-1,0.00000
68810,25133,-1,0.00000
68810,36712,-1,0.00000
68810,57972,-1,0.00000
68872,33547,-1,0.00000
68872,18165,-1,0.00000
68872,21150,-1,0.00000
68872,15893,-1,0.00000
68919,1043,-1,0.00000
68919,13806,-1,0.49162
68919,25133,-1,0.00000
68919,36712,-1,0.00000
68919,57972,-1,0.00000
68981,33547,-1,0.00000
68981,18165,-1,0.00000
68981,21150,-1,0.00000
68981,15893,-1,0.02561
69029,1043,-1,0.00000
69029,13806,-1,0.00000
69029,25133,-1,0.00000
69029,36712,-1,0.00000
69029,57972,-1,0.43831
69081,33547,-1,0.00000
69081,18165,-1,0.11256
69081,21150,-1,0.00000
69081,15893,-1,0.12790
69129,1043,-1,0.00000
69129,13806,-1,0.00000
69129,25133,-1,0.00000
69129,36712,-1,0.00000
69129,57972,-1,0.00000
69191,33547,-1,0.00000
69191,18165,-1,0.00000
69191,21150,-1,0.00000
69191,15893,-1,0.00000
69229,1043,-1,0.15585
69229,13806,-1,0.00000
69229,25133,-1,0.00000
69229,36712,-1,0.00000
69229,57972,-1,0.00000
69291,33547,-1,0.00000
69291,18165,-1,0.00000
69291,21150,-1,0.02789
69291,15893,-1,0.00000
69339,1043,-1,0.00000
69339,13806,-1,0.00000
69339,25133,-1,0.00000
69339,36712,-1,0.11634
69339,57972,-1,0.00000
69393,33547,-1,0.12551
69393,18165,-1,0.00000
69393,21150,-1,0.11548
69393,15893,-1,0.00000
69451,1043,-1,0.00000
69451,13806,-1,0.00000
69451,25133,-1,0.00000
69451,36712,-1,0.00000
69451,57972,-1,0.00000
69502,33547,-1,0.00000
69502,18165,-1,0.00000
69502,21150,-1,0.00000
69502,15893,-1,0.00000
69559,1043,-1,0.00000
69559,13806,-1,0.00000
69559,25133,-1,0.14532
69559,36712,-1,0.00000
69559,57972,-1,0.40086
69611,33547,-1,0.00000
69611,18165,-1,0.00000
69611,21150,-1,0.00000
69611,15893,-1,0.00000
69659,1043,-1,0.00000
69659,13806,-1,0.00000
69659,25133,-1,0.00000
69659,36712,-1,0.00000
69659,57972,-1,0.00000
69721,33547,-1,0.00000
69721,18165,-1,0.00000
69721,21150,-1,0.00000
69721,15893,-1,0.11623
69769,1043,-1,0.00000
69769,13806,-1,0.00000
69769,25133,-1,0.00000
69769,36712,-1,0.00000
69769,57972,-1,0.00000
69831,33547,-1,0.00000
69831,18165,-1,0.00000
69831,21150,-1,0.00000
69831,15893,-1,0.00000
69871,1043,-1,0.12558
69871,13806,-1,0.63553
69871,25133,-1,0.00000
69871,36712,-1,0.00000
69871,57972,-1,0.00000
69931,33547,-1,0.00000
69931,18165,-1,0.00000
69931,21150,-1,0.00000
69931,15893,-1,0.00000
69979,1043,-1,0.00000
69979,13806,-1,0.00000
69979,25133,-1,0.00000
69979,36712,-1,0.00000
69979,57972,-1,0.00000
70041,33547,-1,0.11698
70041,18165,-1,0.14248
70041,21150,-1,0.00000
70041,15893,-1,0.00000
70081,1043,-1,0.00000
70081,13806,-1,0.00000
70081,25133,-1,0.00000
70081,36712,-1,0.00000
70081,57972,-1,0.00000
70151,33547,-1,0.00000
70151,18165,-1,0.00000
70151,21150,-1,0.00000
70151,15893,-1,0.00000
70189,1043,-1,0.00000
70189,13806,-1,0.00000
70189,25133,-1,0.11864
70189,36712,-1,0.14450
70189,57972,-1,0.00000
70261,33547,-1,0.00000
70261,18165,-1,0.00000
70261,21150,-1,0.02526
70261,15893,-1,0.00000
70302,1043,-1,0.00000
70302,13806,-1,0.00000
70302,25133,-1,0.00000
70302,36712,-1,0.00000
70302,57972,-1,0.00000
70371,33547,-1,0.00000
70371,18165,-1,0.00000
70371,21150,-1,0.11644
70371,15893,-1,0.00000
70409,1043,-1,0.00000
70409,13806,-1,0.00000
70409,25133,-1,0.00000
70409,36712,-1,0.00000
70409,57972,-1,0.09770
70472,33547,-1,0.00000
70472,18165,-1,0.00000
70472,21150,-1,0.00000
70472,15893,-1,0.00000
70509,1043,-1,0.12796
70509,13806,-1,0.00000
70509,25133,-1,0.00000
70509,36712,-1,0.00000
70509,57972,-1,0.48124
70581,33547,-1,0.00000
70581,18165,-1,0.00000
70581,21150,-1,0.00000
70581,15893,-1,0.14304
70610,1043,-1,0.00000
70610,13806,-1,0.00000
70610,25133,-1,0.00000
70610,36712,-1,0.00000
70610,57972,-1,0.00000
70681,33547,-1,0.00000
70681,18165,-1,0.12751
70681,21150,-1,0.00000
70681,15893,-1,0.00000
70710,1043,-1,0.00000
70710,13806,-1,0.11503
70710,25133,-1,0.00000
70710,36712,-1,0.00000
70710,57972,-1,0.00000
70791,33547,-1,0.00000
70791,18165,-1,0.00000
70791,21150,-1,0.00000
70791,15893,-1,0.00000
70819,1043,-1,0.00000
70819,13806,-1,0.48946
70819,25133,-1,0.00000
70819,36712,-1,0.10354
70819,57972,-1,0.00000
70901,33547,-1,0.14225
70901,18165,-1,0.00000
70901,21150,-1,0.00000
70901,15893,-1,0.00000
70919,1043,-1,0.00000
70919,13806,-1,0.00000
70919,25133,-1,0.00000
70919,36712,-1,0.00000
70919,57972,-1,0.00000
71001,33547,-1,0.00000
71001,18165,-1,0.00000
71001,21150,-1,0.00000
71001,15893,-1,0.00000
71029,1043,-1,0.00000
71029,13806,-1,0.00000
71029,25133,-1,0.00000
71029,36712,-1,0.00000
71029,57972,-1,0.44053
71101,33547,-1,0.00000
71101,18165,-1,0.00000
71101,21150,-1,0.00000
71101,15893,-1,0.00000
71129,1043,-1,0.00000
71129,13806,-1,0.00000
71129,25133,-1,0.11769
71129,36712,-1,0.00000
71129,57972,-1,0.00000
71201,33547,-1,0.00000
71201,18165,-1,0.00000
71201,21150,-1,0.02792
71201,15893,-1,0.00000
71239,1043,-1,0.00000
71239,13806,-1,0.00000
71239,25133,-1,0.00000
71239,36712,-1,0.00000
71239,57972,-1,0.00000
71301,33547,-1,0.00000
71301,18165,-1,0.00000
71301,21150,-1,0.12774
71301,15893,-1,0.12774
71349,1043,-1,0.02547
71349,13806,-1,0.00000
71349,25133,-1,0.00000
71349,36712,-1,0.00000
71349,57972,-1,0.00000
71401,33547,-1,0.00000
71401,18165,-1,0.00000
71401,21150,-1,0.00000
71401,15893,-1,0.00000
71449,1043,-1,0.11749
71449,13806,-1,0.00000
71449,25133,-1,0.00000
71449,36712,-1,0.00000
71449,57972,-1,0.00000
71505,33547,-1,0.00000
71505,18165,-1,0.15103
71505,21150,-1,0.00000
71505,15893,-1,0.00000
71550,1043,-1,0.00000
71550,13806,-1,0.00000
71550,25133,-1,0.00000
71550,36712,-1,0.00000
71550,57972,-1,0.00000
71611,33547,-1,0.10622
71611,18165,-1,0.00000
71611,21150,-1,0.00000
71611,15893,-1,0.00000
71659,1043,-1,0.00000
71659,13806,-1,0.43925
71659,25133,-1,0.00000
71659,36712,-1,0.00000
71659,57972,-1,0.10513
71712,33547,-1,0.00000
71712,18165,-1,0.00000
71712,21150,-1,0.00000
71712,15893,-1,0.00000
71769,1043,-1,0.00000
71769,13806,-1,0.00000
71769,25133,-1,0.00000
71769,36712,-1,0.11693
71769,57972,-1,0.00000
71821,33547,-1,0.00000
71821,18165,-1,0.00000
71821,21150,-1,0.11714
71821,15893,-1,0.00000
71878,1043,-1,0.00000
71878,13806,-1,0.00000
71878,25133,-1,0.00000
71878,36712,-1,0.00000
71878,57972,-1,0.00000
71921,33547,-1,0.00000
71921,18165,-1,0.00000
71921,21150,-1,0.00000
71921,15893,-1,0.00000
71981,1043,-1,0.00000
71981,13806,-1,0.00000
71981,25133,-1,0.13743
71981,36712,-1,0.00000
71981,57972,-1,0.00000
72031,33547,-1,0.00000
72031,18165,-1,0.00000
72031,21150,-1,0.00000
72031,15893,-1,0.02552
72090,1043,-1,0.00000
72090,13806,-1,0.00000
72090,25133,-1,0.00000
72090,36712,-1,0.00000
72090,57972,-1,0.00000
72131,33547,-1,0.12775
72131,18165,-1,0.00000
72131,21150,-1,0.00000
72131,15893,-1,0.12775
72199,1043,-1,0.00000
72199,13806,-1,0.00000
72199,25133,-1,0.00000
72199,36712,-1,0.00000
72199,57972,-1,0.00000
72231,33547,-1,0.00000
72231,18165,-1,0.00000
72231,21150,-1,0.00000
72231,15893,-1,0.00000
72309,1043,-1,0.14152
72309,13806,-1,0.48342
72309,25133,-1,0.00000
72309,36712,-1,0.00000
72309,57972,-1,0.00000
72331,33547,-1,0.00000
72331,18165,-1,0.02791
72331,21150,-1,0.00000
72331,15893,-1,0.00000
72419,1043,-1,0.00000
72419,13806,-1,0.00000
72419,25133,-1,0.00000
72419,36712,-1,0.00000
72419,57972,-1,0.00000
72442,33547,-1,0.00000
72442,18165,-1,0.11610
72442,21150,-1,0.00000
72442,15893,-1,0.00000
72528,1043,-1,0.00000
72528,13806,-1,0.00000
72528,25133,-1,0.00000
72528,36712,-1,0.02543
72528,57972,-1,0.00000
72551,33547,-1,0.00000
72551,18165,-1,0.00000
72551,21150,-1,0.00000
72551,15893,-1,0.00000
72629,1043,-1,0.00000
72629,13806,-1,0.00000
72629,25133,-1,0.12752
72629,36712,-1,0.00000
72629,57972,-1,0.47958
72651,33547,-1,0.00000
72651,18165,-1,0.00000
72651,21150,-1,0.15562
72651,15893,-1,0.00000
72739,1043,-1,0.00000
72739,13806,-1,0.00000
72739,25133,-1,0.00000
72739,36712,-1,0.00000
72739,57972,-1,0.00000
72751,33547,-1,0.11270
72751,18165,-1,0.00000
72751,21150,-1,0.00000
72751,15893,-1,0.00000
72849,1043,-1,0.00000
72849,13806,-1,0.11165
72849,25133,-1,0.00000
72849,36712,-1,0.00000
72849,57972,-1,0.00000
72861,33547,-1,0.00000
72861,18165,-1,0.00000
72861,21150,-1,0.00000
72861,15893,-1,0.00000
72949,1043,-1,0.00000
72949,13806,-1,0.00000
72949,25133,-1,0.00000
72949,36712,-1,0.12758
72949,57972,-1,0.00000
72971,33547,-1,0.00000
72971,18165,-1,0.10719
72971,21150,-1,0.00000
72971,15893,-1,0.13259
73049,1043,-1,0.00000
73049,13806,-1,0.00000
73049,25133,-1,0.00000
73049,36712,-1,0.00000
73049,57972,-1,0.00000
73081,33547,-1,0.00000
73081,18165,-1,0.00000
73081,21150,-1,0.00000
73081,15893,-1,0.00000
73159,1043,-1,0.00000
73159,13806,-1,0.63752
73159,25133,-1,0.00000
73159,36712,-1,0.00000
73159,57972,-1,0.00000
73191,33547,-1,0.00000
73191,18165,-1,0.00000
73191,21150,-1,0.00000
73191,15893,-1,0.00000
73259,1043,-1,0.11258
73259,13806,-1,0.00000
73259,25133,-1,0.00000
73259,36712,-1,0.00000
73259,57972,-1,0.00000
73291,33547,-1,0.11759
73291,18165,-1,0.00000
73291,21150,-1,0.00000
73291,15893,-1,0.00000
73359,1043,-1,0.00000
73359,13806,-1,0.00000
73359,25133,-1,0.00000
73359,36712,-1,0.00000
73359,57972,-1,0.00000
73392,33547,-1,0.00000
73392,18165,-1,0.00000
73392,21150,-1,0.00000
73392,15893,-1,0.00000
73460,1043,-1,0.00000
73460,13806,-1,0.56755
73460,25133,-1,0.02762
73460,36712,-1,0.12669
73460,57972,-1,0.00000
73501,33547,-1,0.00000
73501,18165,-1,0.00000
73501,21150,-1,0.00000
73501,15893,-1,0.00000
73568,1043,-1,0.00000
73568,13806,-1,0.00000
73568,25133,-1,0.00000
73568,36712,-1,0.00000
73568,57972,-1,0.00000
73601,33547,-1,0.00000
73601,18165,-1,0.00000
73601,21150,-1,0.00000
73601,15893,-1,0.12764
73669,1043,-1,0.00000
73669,13806,-1,0.00000
73669,25133,-1,0.02769
73669,36712,-1,0.00000
73669,57972,-1,0.00000
73701,33547,-1,0.00000
73701,18165,-1,0.00000
73701,21150,-1,0.00000
73701,15893,-1,0.00000
73778,1043,-1,0.00000
73778,13806,-1,0.00000
73778,25133,-1,0.11730
73778,36712,-1,0.00000
73778,57972,-1,0.00000
73811,33547,-1,0.00000
73811,18165,-1,0.11717
73811,21150,-1,0.00000
73811,15893,-1,0.00000
73879,1043,-1,0.00000
73879,13806,-1,0.00000
73879,25133,-1,0.00000
73879,36712,-1,0.00000
73879,57972,-1,0.00000
73911,33547,-1,0.00000
73911,18165,-1,0.00000
73911,21150,-1,0.00000
73911,15893,-1,0.00000
73981,1043,-1,0.15200
73981,13806,-1,0.00000
73981,25133,-1,0.00000
73981,36712,-1,0.00000
73981,57972,-1,0.00000
74011,33547,-1,0.00000
74011,18165,-1,0.00000
74011,21150,-1,0.02771
74011,15893,-1,0.00000
74089,1043,-1,0.00000
74089,13806,-1,0.00000
74089,25133,-1,0.00000
74089,36712,-1,0.11871
74089,57972,-1,0.00000
74121,33547,-1,0.11704
74121,18165,-1,0.00000
74121,21150,-1,0.10768
74121,15893,-1,0.00000
74198,1043,-1,0.00000
74198,13806,-1,0.00000
74198,25133,-1,0.00000
74198,36712,-1,0.00000
74198,57972,-1,0.00000
74222,33547,-1,0.00000
74222,18165,-1,0.00000
74222,21150,-1,0.00000
74222,15893,-1,0.00000
74299,1043,-1,0.00000
74299,13806,-1,0.00000
74299,25133,-1,0.02783
74299,36712,-1,0.00000
74299,57972,-1,0.53115
74332,33547,-1,0.00000
74332,18165,-1,0.02528
74332,21150,-1,0.00000
74332,15893,-1,0.11598
74408,1043,-1,0.00000
74408,13806,-1,0.45869
74408,25133,-1,0.00000
74408,36712,-1,0.00000
74408,57972,-1,0.00000
74441,33547,-1,0.00000
74441,18165,-1,0.00000
74441,21150,-1,0.00000
74441,15893,-1,0.00000
74510,1043,-1,0.00000
74510,13806,-1,0.00000
74510,25133,-1,0.00000
74510,36712,-1,0.00000
74510,57972,-1,0.00000
74551,33547,-1,0.00000
74551,18165,-1,0.02538
74551,21150,-1,0.00000
74551,15893,-1,0.00000
74619,1043,-1,0.11703
74619,13806,-1,0.00000
74619,25133,-1,0.02551
74619,36712,-1,0.00000
74619,57972,-1,0.00000
74651,33547,-1,0.12807
74651,18165,-1,0.12807
74651,21150,-1,0.00000
74651,15893,-1,0.00000
74728,1043,-1,0.00000
74728,13806,-1,0.00000
74728,25133,-1,0.11723
74728,36712,-1,0.00000
74728,57972,-1,0.00000
74762,33547,-1,0.00000
74762,18165,-1,0.00000
74762,21150,-1,0.00000
74762,15893,-1,0.00000
74830,1043,-1,0.00000
74830,13806,-1,0.00000
74830,25133,-1,0.00000
74830,36712,-1,0.00000
74830,57972,-1,0.00000
74871,33547,-1,0.00000
74871,18165,-1,0.00000
74871,21150,-1,0.02563
74871,15893,-1,0.11758
74939,1043,-1,0.00000
74939,13806,-1,0.00000
74939,25133,-1,0.00000
74939,36712,-1,0.14232
74939,57972,-1,0.48616
74971,33547,-1,0.00000
74971,18165,-1,0.00000
74971,21150,-1,0.11264
74971,15893,-1,0.00000
75050,1043,-1,0.00000
75050,13806,-1,0.00000
75050,25133,-1,0.00000
75050,36712,-1,0.00000
75050,57972,-1,0.00000
75072,33547,-1,0.00000
75072,18165,-1,0.00000
75072,21150,-1,0.00000
75072,15893,-1,0.00000
75159,1043,-1,0.00000
75159,13806,-1,0.11256
75159,25133,-1,0.00000
75159,36712,-1,0.00000
75159,57972,-1,0.00000
75181,33547,-1,0.11731
75181,18165,-1,0.00000
75181,21150,-1,0.00000
75181,15893,-1,0.00000
75269,1043,-1,0.11678
75269,13806,-1,0.00000
75269,25133,-1,0.00000
75269,36712,-1,0.00000
75269,57972,-1,0.00000
75291,33547,-1,0.00000
75291,18165,-1,0.00000
75291,21150,-1,0.00000
75291,15893,-1,0.00000
75369,1043,-1,0.00000
75369,13806,-1,0.00000
75369,25133,-1,0.00000
75369,36712,-1,0.00000
75369,57972,-1,0.00000
75402,33547,-1,0.00000
75402,18165,-1,0.02518
75402,21150,-1,0.00000
75402,15893,-1,0.00000
75470,1043,-1,0.00000
75470,13806,-1,0.00000
75470,25133,-1,0.15538
75470,36712,-1,0.00000
75470,57972,-1,0.00000
75503,33547,-1,0.00000
75503,18165,-1,0.12672
75503,21150,-1,0.00000
75503,15893,-1,0.12672
75570,1043,-1,0.00000
75570,13806,-1,0.00000
75570,25133,-1,0.00000
75570,36712,-1,0.11218
75570,57972,-1,0.00000
75611,33547,-1,0.00000
75611,18165,-1,0.00000
75611,21150,-1,0.00000
75611,15893,-1,0.00000
75679,1043,-1,0.00000
75679,13806,-1,0.00000
75679,25133,-1,0.00000
75679,36712,-1,0.00000
75679,57972,-1,0.00000
75721,33547,-1,0.00000
75721,18165,-1,0.00000
75721,21150,-1,0.02542
75721,15893,-1,0.00000
75788,1043,-1,0.00000
75788,13806,-1,0.00000
75788,25133,-1,0.00000
75788,36712,-1,0.00000
75788,57972,-1,0.54615
75831,33547,-1,0.11686
75831,18165,-1,0.00000
75831,21150,-1,0.11686
75831,15893,-1,0.00000
75898,1043,-1,0.10718
75898,13806,-1,0.00000
75898,25133,-1,0.00000
75898,36712,-1,0.00000
75898,57972,-1,0.00000
75941,33547,-1,0.00000
75941,18165,-1,0.00000
75941,21150,-1,0.00000
75941,15893,-1,0.00000
75999,1043,-1,0.00000
75999,13806,-1,0.00000
75999,25133,-1,0.02787
75999,36712,-1,0.00000
75999,57972,-1,0.00000
76043,33547,-1,0.00000
76043,18165,-1,0.00000
76043,21150,-1,0.00000
76043,15893,-1,0.00000
76099,1043,-1,0.00000
76099,13806,-1,0.00000
76099,25133,-1,0.11758
76099,36712,-1,0.11758
76099,57972,-1,0.00000
76151,33547,-1,0.00000
76151,18165,-1,0.10386
76151,21150,-1,0.00000
76151,15893,-1,0.00000
76210,1043,-1,0.00000
76210,13806,-1,0.00000
76210,25133,-1,0.00000
76210,36712,-1,0.00000
76210,57972,-1,0.00000
76252,33547,-1,0.00000
76252,18165,-1,0.00000
76252,21150,-1,0.00000
76252,15893,-1,0.00000
76319,1043,-1,0.00000
76319,13806,-1,0.00000
76319,25133,-1,0.00000
76319,36712,-1,0.00000
76319,57972,-1,0.10560
76361,33547,-1,0.00000
76361,18165,-1,0.00000
76361,21150,-1,0.00000
76361,15893,-1,0.00000
76422,1043,-1,0.00000
76422,13806,-1,0.55611
76422,25133,-1,0.00000
76422,36712,-1,0.00000
76422,57972,-1,0.00000
76462,33547,-1,0.00000
76462,18165,-1,0.00000
76462,21150,-1,0.12749
76462,15893,-1,0.15528
76530,1043,-1,0.00000
76530,13806,-1,0.00000
76530,25133,-1,0.00000
76530,36712,-1,0.00000
76530,57972,-1,0.00000
76571,33547,-1,0.00000
76571,18165,-1,0.00000
76571,21150,-1,0.00000
76571,15893,-1,0.00000
76640,1043,-1,0.11689
76640,13806,-1,0.57023
76640,25133,-1,0.00000
76640,36712,-1,0.00000
76640,57972,-1,0.00000
76682,33547,-1,0.02515
76682,18165,-1,0.00000
76682,21150,-1,0.00000
76682,15893,-1,0.00000
76749,1043,-1,0.00000
76749,13806,-1,0.00000
76749,25133,-1,0.00000
76749,36712,-1,0.00000
76749,57972,-1,0.00000
76792,33547,-1,0.11673
76792,18165,-1,0.11673
76792,21150,-1,0.00000
76792,15893,-1,0.00000
76858,1043,-1,0.00000
76858,13806,-1,0.00000
76858,25133,-1,0.00000
76858,36712,-1,0.02559
76858,57972,-1,0.00000
76901,33547,-1,0.00000
76901,18165,-1,0.00000
76901,21150,-1,0.00000
76901,15893,-1,0.00000
76959,1043,-1,0.00000
76959,13806,-1,0.00000
76959,25133,-1,0.12686
76959,36712,-1,0.00000
76959,57972,-1,0.47710
77001,33547,-1,0.00000
77001,18165,-1,0.00000
77001,21150,-1,0.00000
77001,15893,-1,0.00000
77061,1043,-1,0.00000
77061,13806,-1,0.00000
77061,25133,-1,0.00000
77061,36712,-1,0.00000
77061,57972,-1,0.00000
77111,33547,-1,0.00000
77111,18165,-1,0.00000
77111,21150,-1,0.00000
77111,15893,-1,0.11679
77169,1043,-1,0.00000
77169,13806,-1,0.00000
77169,25133,-1,0.00000
77169,36712,-1,0.02602
77169,57972,-1,0.00000
77221,33547,-1,0.00000
77221,18165,-1,0.00000
77221,21150,-1,0.00000
77221,15893,-1,0.00000
77269,1043,-1,0.00000
77269,13806,-1,0.57248
77269,25133,-1,0.00000
77269,36712,-1,0.12780
77269,57972,-1,0.00000
77331,33547,-1,0.00000
77331,18165,-1,0.00000
77331,21150,-1,0.14139
77331,15893,-1,0.00000
77379,1043,-1,0.00000
77379,13806,-1,0.00000
77379,25133,-1,0.00000
77379,36712,-1,0.00000
77379,57972,-1,0.00000
77441,33547,-1,0.10256
77441,18165,-1,0.00000
77441,21150,-1,0.00000
77441,15893,-1,0.00000
77479,1043,-1,0.00000
77479,13806,-1,0.00000
77479,25133,-1,0.00000
77479,36712,-1,0.00000
77479,57972,-1,0.00000
77541,33547,-1,0.00000
77541,18165,-1,0.00000
77541,21150,-1,0.00000
77541,15893,-1,0.00000
77588,1043,-1,0.14281
77588,13806,-1,0.00000
77588,25133,-1,0.11725
77588,36712,-1,0.00000
77588,57972,-1,0.00000
77642,33547,-1,0.00000
77642,18165,-1,0.02774
77642,21150,-1,0.00000
77642,15893,-1,0.00000
77689,1043,-1,0.00000
77689,13806,-1,0.00000
77689,25133,-1,0.00000
77689,36712,-1,0.00000
77689,57972,-1,0.00000
77751,33547,-1,0.00000
77751,18165,-1,0.10827
77751,21150,-1,0.00000
77751,15893,-1,0.00000
77789,1043,-1,0.00000
77789,13806,-1,0.00000
77789,25133,-1,0.00000
77789,36712,-1,0.00000
77789,57972,-1,0.00000
77851,33547,-1,0.00000
77851,18165,-1,0.00000
77851,21150,-1,0.00000
77851,15893,-1,0.00000
77899,1043,-1,0.00000
77899,13806,-1,0.45678
77899,25133,-1,0.00000
77899,36712,-1,0.11658
77899,57972,-1,0.10493
77961,33547,-1,0.00000
77961,18165,-1,0.00000
77961,21150,-1,0.00000
77961,15893,-1,0.13261
78009,1043,-1,0.00000
78009,13806,-1,0.00000
78009,25133,-1,0.00000
78009,36712,-1,0.00000
78009,57972,-1,0.00000
78071,33547,-1,0.00000
78071,18165,-1,0.00000
78071,21150,-1,0.10689
78071,15893,-1,0.00000
78109,1043,-1,0.00000
78109,13806,-1,0.00000
78109,25133,-1,0.00000
78109,36712,-1,0.00000
78109,57972,-1,0.11528
78181,33547,-1,0.00000
78181,18165,-1,0.00000
78181,21150,-1,0.00000
78181,15893,-1,0.00000
78209,1043,-1,0.12791
78209,13806,-1,0.00000
78209,25133,-1,0.00000
78209,36712,-1,0.00000
78209,57972,-1,0.53217
78291,33547,-1,0.00000
78291,18165,-1,0.00000
78291,21150,-1,0.00000
78291,15893,-1,0.00000
78309,1043,-1,0.00000
78309,13806,-1,0.00000
78309,25133,-1,0.00000
78309,36712,-1,0.00000
78309,57972,-1,0.00000
78391,33547,-1,0.00000
78391,18165,-1,0.00000
78391,21150,-1,0.00000
78391,15893,-1,0.00000
78419,1043,-1,0.00000
78419,13806,-1,0.00000
78419,25133,-1,0.14164
78419,36712,-1,0.00000
78419,57972,-1,0.00000
78492,33547,-1,0.00000
78492,18165,-1,0.00000
78492,21150,-1,0.00000
78492,15893,-1,0.00000
78529,1043,-1,0.00000
78529,13806,-1,0.00000
78529,25133,-1,0.00000
78529,36712,-1,0.11687
78529,57972,-1,0.00000
78600,33547,-1,0.00000
78600,18165,-1,0.00000
78600,21150,-1,0.00000
78600,15893,-1,0.10361
78629,1043,-1,0.00000
78629,13806,-1,0.00000
78629,25133,-1,0.00000
78629,36712,-1,0.00000
78629,57972,-1,0.00000
78701,33547,-1,0.00000
78701,18165,-1,0.00000
78701,21150,-1,0.00000
78701,15893,-1,0.00000
78730,1043,-1,0.00000
78730,13806,-1,0.13114
78730,25133,-1,0.00000
78730,36712,-1,0.00000
78730,57972,-1,0.52464
78811,33547,-1,0.02549
78811,18165,-1,0.00000
78811,21150,-1,0.00000
78811,15893,-1,0.00000
78840,1043,-1,0.00000
78840,13806,-1,0.00000
78840,25133,-1,0.00000
78840,36712,-1,0.00000
78840,57972,-1,0.00000
78921,33547,-1,0.10675
78921,18165,-1,0.11603
78921,21150,-1,0.00000
78921,15893,-1,0.00000
78950,1043,-1,0.02534
78950,13806,-1,0.00000
78950,25133,-1,0.00000
78950,36712,-1,0.00000
78950,57972,-1,0.00000
79022,33547,-1,0.00000
79022,18165,-1,0.00000
79022,21150,-1,0.00000
79022,15893,-1,0.00000
79059,1043,-1,0.10354
79059,13806,-1,0.56475
79059,25133,-1,0.00000
79059,36712,-1,0.00000
79059,57972,-1,0.00000
79132,33547,-1,0.00000
79132,18165,-1,0.00000
79132,21150,-1,0.02544
79132,15893,-1,0.00000
79161,1043,-1,0.00000
79161,13806,-1,0.00000
79161,25133,-1,0.00000
79161,36712,-1,0.00000
79161,57972,-1,0.00000
79243,33547,-1,0.00000
79243,18165,-1,0.00000
79243,21150,-1,0.11505
79243,15893,-1,0.00000
79270,1043,-1,0.00000
79270,13806,-1,0.00000
79270,25133,-1,0.02576
79270,36712,-1,0.00000
79270,57972,-1,0.00000
79351,33547,-1,0.00000
79351,18165,-1,0.00000
79351,21150,-1,0.00000
79351,15893,-1,0.00000
79378,1043,-1,0.00000
79378,13806,-1,0.56561
79378,25133,-1,0.00000
79378,36712,-1,0.11783
79378,57972,-1,0.00000
79452,33547,-1,0.00000
79452,18165,-1,0.00000
79452,21150,-1,0.12716
79452,15893,-1,0.15488
79479,1043,-1,0.00000
79479,13806,-1,0.00000
79479,25133,-1,0.00000
79479,36712,-1,0.00000
79479,57972,-1,0.00000
79561,33547,-1,0.00000
79561,18165,-1,0.00000
79561,21150,-1,0.00000
79561,15893,-1,0.00000
79589,1043,-1,0.00000
79589,13806,-1,0.00000
79589,25133,-1,0.14227
79589,36712,-1,0.00000
79589,57972,-1,0.00000
79671,33547,-1,0.00000
79671,18165,-1,0.00000
79671,21150,-1,0.00000
79671,15893,-1,0.00000
79699,1043,-1,0.00000
79699,13806,-1,0.00000
79699,25133,-1,0.00000
79699,36712,-1,0.00000
79699,57972,-1,0.00000
79782,33547,-1,0.12674
79782,18165,-1,0.11542
79782,21150,-1,0.00000
79782,15893,-1,0.00000
79809,1043,-1,0.00000
79809,13806,-1,0.00000
79809,25133,-1,0.00000
79809,36712,-1,0.00000
79809,57972,-1,0.00000
79891,33547,-1,0.00000
79891,18165,-1,0.00000
79891,21150,-1,0.00000
79891,15893,-1,0.00000
79909,1043,-1,0.15578
79909,13806,-1,0.00000
79909,25133,-1,0.00000
79909,36712,-1,0.12790
79909,57972,-1,0.00000
80002,33547,-1,0.00000
80002,18165,-1,0.00000
80002,21150,-1,0.00000
80002,15893,-1,0.00000
80018,1043,-1,0.00000
80018,13806,-1,0.00000
80018,25133,-1,0.00000
80018,36712,-1,0.00000
80018,57972,-1,0.00000
80103,33547,-1,0.00000
80103,18165,-1,0.00000
80103,21150,-1,0.00000
80103,15893,-1,0.12608
80120,1043,-1,0.00000
80120,13806,-1,0.00000
80120,25133,-1,0.00000
80120,36712,-1,0.00000
80120,57972,-1,0.00000
80211,33547,-1,0.00000
80211,18165,-1,0.00000
80211,21150,-1,0.00000
80211,15893,-1,0.00000
80229,1043,-1,0.00000
80229,13806,-1,0.49657
80229,25133,-1,0.02553
80229,36712,-1,0.00000
80229,57972,-1,0.48736
80311,33547,-1,0.00000
80311,18165,-1,0.00000
80311,21150,-1,0.00000
80311,15893,-1,0.00000
80339,1043,-1,0.00000
80339,13806,-1,0.00000
80339,25133,-1,0.00000
80339,36712,-1,0.00000
80339,57972,-1,0.00000
80421,33547,-1,0.00000
80421,18165,-1,0.11650
80421,21150,-1,0.14190
80421,15893,-1,0.00000
80439,1043,-1,0.00000
80439,13806,-1,0.00000
80439,25133,-1,0.00000
80439,36712,-1,0.00000
80439,57972,-1,0.00000
80531,33547,-1,0.00000
80531,18165,-1,0.00000
80531,21150,-1,0.00000
80531,15893,-1,0.00000
80539,1043,-1,0.11770
80539,13806,-1,0.00000
80539,25133,-1,0.02789
80539,36712,-1,0.00000
80539,57972,-1,0.00000
80641,33547,-1,0.00000
80641,18165,-1,0.00000
80641,21150,-1,0.00000
80641,15893,-1,0.00000
80648,1043,-1,0.00000
80648,13806,-1,0.00000
80648,25133,-1,0.10758
80648,36712,-1,0.00000
80648,57972,-1,0.00000
80741,33547,-1,0.15455
80741,18165,-1,0.00000
80741,21150,-1,0.00000
80741,15893,-1,0.00000
80752,1043,-1,0.00000
80752,13806,-1,0.00000
80752,25133,-1,0.00000
80752,36712,-1,0.00000
80752,57972,-1,0.00000
80842,33547,-1,0.00000
80842,18165,-1,0.00000
80842,21150,-1,0.00000
80842,15893,-1,0.00000
80859,1043,-1,0.00000
80859,13806,-1,0.00000
80859,25133,-1,0.00000
80859,36712,-1,0.13554
80859,57972,-1,0.00000
80951,33547,-1,0.00000
80951,18165,-1,0.00000
80951,21150,-1,0.00000
80951,15893,-1,0.02554
80959,1043,-1,0.00000
80959,13806,-1,0.00000
80959,25133,-1,0.00000
80959,36712,-1,0.00000
80959,57972,-1,0.00000
81052,33547,-1,0.00000
81052,18165,-1,0.11183
81052,21150,-1,0.00000
81052,15893,-1,0.12707
81069,1043,-1,0.00000
81069,13806,-1,0.00000
81069,25133,-1,0.00000
81069,36712,-1,0.00000
81069,57972,-1,0.00000
81161,33547,-1,0.00000
81161,18165,-1,0.00000
81161,21150,-1,0.00000
81161,15893,-1,0.00000
81181,1043,-1,0.11436
81181,13806,-1,0.00000
81181,25133,-1,0.00000
81181,36712,-1,0.00000
81181,57972,-1,0.53302
81271,33547,-1,0.11633
81271,18165,-1,0.00000
81271,21150,-1,0.14168
81271,15893,-1,0.00000
81289,1043,-1,0.00000
81289,13806,-1,0.00000
81289,25133,-1,0.00000
81289,36712,-1,0.00000
81289,57972,-1,0.00000
81382,33547,-1,0.00000
81382,18165,-1,0.00000
81382,21150,-1,0.00000
81382,15893,-1,0.00000
81390,1043,-1,0.00000
81390,13806,-1,0.00000
81390,25133,-1,0.02765
81390,36712,-1,0.00000
81390,57972,-1,0.00000
81482,33547,-1,0.00000
81482,18165,-1,0.00000
81482,21150,-1,0.00000
81482,15893,-1,0.00000
81500,1043,-1,0.00000
81500,13806,-1,0.51153
81500,25133,-1,0.10229
81500,36712,-1,0.00000
81500,57972,-1,0.00000
81591,33547,-1,0.00000
81591,18165,-1,0.00000
81591,21150,-1,0.00000
81591,15893,-1,0.11760
81609,1043,-1,0.00000
81609,13806,-1,0.00000
81609,25133,-1,0.00000
81609,36712,-1,0.00000
81609,57972,-1,0.00000
81691,33547,-1,0.00000
81691,18165,-1,0.00000
81691,21150,-1,0.00000
81691,15893,-1,0.00000
81709,1043,-1,0.00000
81709,13806,-1,0.00000
81709,25133,-1,0.00000
81709,36712,-1,0.02777
81709,57972,-1,0.00000
81792,33547,-1,0.00000
81792,18165,-1,0.02772
81792,21150,-1,0.00000
81792,15893,-1,0.00000
81819,1043,-1,0.00000
81819,13806,-1,0.00000
81819,25133,-1,0.00000
81819,36712,-1,0.11683
81819,57972,-1,0.00000
81901,33547,-1,0.00000
81901,18165,-1,0.11766
81901,21150,-1,0.11766
81901,15893,-1,0.00000
81920,1043,-1,0.00000
81920,13806,-1,0.00000
81920,25133,-1,0.00000
81920,36712,-1,0.00000
81920,57972,-1,0.00000
82001,33547,-1,0.00000
82001,18165,-1,0.00000
82001,21150,-1,0.00000
82001,15893,-1,0.00000
82029,1043,-1,0.02549
82029,13806,-1,0.00000
82029,25133,-1,0.00000
82029,36712,-1,0.00000
82029,57972,-1,0.00000
82102,33547,-1,0.15476
82102,18165,-1,0.00000
82102,21150,-1,0.00000
82102,15893,-1,0.00000
82139,1043,-1,0.11660
82139,13806,-1,0.00000
82139,25133,-1,0.11660
82139,36712,-1,0.00000
82139,57972,-1,0.00000
82211,33547,-1,0.00000
82211,18165,-1,0.00000
82211,21150,-1,0.00000
82211,15893,-1,0.00000
82240,1043,-1,0.00000
82240,13806,-1,0.00000
82240,25133,-1,0.00000
82240,36712,-1,0.00000
82240,57972,-1,0.00000
82311,33547,-1,0.00000
82311,18165,-1,0.00000
82311,21150,-1,0.00000
82311,15893,-1,0.00000
82349,1043,-1,0.00000
82349,13806,-1,0.12281
82349,25133,-1,0.00000
82349,36712,-1,0.00000
82349,57972,-1,0.49130
82421,33547,-1,0.00000
82421,18165,-1,0.10724
82421,21150,-1,0.00000
82421,15893,-1,0.13265
82460,1043,-1,0.00000
82460,13806,-1,0.00000
82460,25133,-1,0.00000
82460,36712,-1,0.11566
82460,57972,-1,0.00000
82532,33547,-1,0.00000
82532,18165,-1,0.00000
82532,21150,-1,0.00000
82532,15893,-1,0.00000
82560,1043,-1,0.00000
82560,13806,-1,0.00000
82560,25133,-1,0.00000
82560,36712,-1,0.00000
82560,57972,-1,0.00000
82641,33547,-1,0.00000
82641,18165,-1,0.00000
82641,21150,-1,0.13337
82641,15893,-1,0.00000
82668,1043,-1,0.00000
82668,13806,-1,0.68871
82668,25133,-1,0.10379
82668,36712,-1,0.00000
82668,57972,-1,0.00000
82753,33547,-1,0.10532
82753,18165,-1,0.00000
82753,21150,-1,0.00000
82753,15893,-1,0.00000
82769,1043,-1,0.00000
82769,13806,-1,0.00000
82769,25133,-1,0.00000
82769,36712,-1,0.00000
82769,57972,-1,0.00000
82862,33547,-1,0.00000
82862,18165,-1,0.00000
82862,21150,-1,0.00000
82862,15893,-1,0.00000
82879,1043,-1,0.00000
82879,13806,-1,0.00000
82879,25133,-1,0.00000
82879,36712,-1,0.00000
82879,57972,-1,0.00000
82963,33547,-1,0.00000
82963,18165,-1,0.00000
82963,21150,-1,0.00000
82963,15893,-1,0.12696
82979,1043,-1,0.15596
82979,13806,-1,0.00000
82979,25133,-1,0.00000
82979,36712,-1,0.12805
82979,57972,-1,0.00000
83071,33547,-1,0.00000
83071,18165,-1,0.00000
83071,21150,-1,0.00000
83071,15893,-1,0.00000
83089,1043,-1,0.00000
83089,13806,-1,0.00000
83089,25133,-1,0.00000
83089,36712,-1,0.00000
83089,57972,-1,0.00000
83181,33547,-1,0.00000
83181,18165,-1,0.00000
83181,21150,-1,0.00000
83181,15893,-1,0.00000
83189,1043,-1,0.00000
83189,13806,-1,0.00000
83189,25133,-1,0.00000
83189,36712,-1,0.00000
83189,57972,-1,0.00000
83291,33547,-1,0.00000
83291,18165,-1,0.11658
83291,21150,-1,0.10260
83291,15893,-1,0.00000
83299,1043,-1,0.00000
83299,13806,-1,0.00000
83299,25133,-1,0.00000
83299,36712,-1,0.00000
83299,57972,-1,0.10554
83400,1043,-1,0.00000
83400,13806,-1,0.00000
83400,25133,-1,0.00000
83400,36712,-1,0.00000
83400,57972,-1,0.00000
83401,33547,-1,0.00000
83401,18165,-1,0.00000
83401,21150,-1,0.00000
83401,15893,-1,0.00000
83502,1043,-1,0.00000
83502,13806,-1,0.00000
83502,25133,-1,0.02754
83502,36712,-1,0.00000
83502,57972,-1,0.00000
83502,33547,-1,0.02776
83502,18165,-1,0.00000
83502,21150,-1,0.00000
83502,15893,-1,0.00000
83609,1043,-1,0.11984
83609,13806,-1,0.00000
83609,25133,-1,0.11984
83609,36712,-1,0.00000
83609,57972,-1,0.00000
83611,33547,-1,0.11741
83611,18165,-1,0.00000
83611,21150,-1,0.00000
83611,15893,-1,0.00000
83709,1043,-1,0.00000
83709,13806,-1,0.00000
83709,25133,-1,0.00000
83709,36712,-1,0.00000
83709,57972,-1,0.00000
83711,33547,-1,0.00000
83711,18165,-1,0.00000
83711,21150,-1,0.00000
83711,15893,-1,0.00000
83818,1043,-1,0.00000
83818,13806,-1,0.00000
83818,25133,-1,0.00000
83818,36712,-1,0.02553
83818,57972,-1,0.00000
83821,33547,-1,0.00000
83821,18165,-1,0.02539
83821,21150,-1,0.00000
83821,15893,-1,0.11647
83919,1043,-1,0.00000
83919,13806,-1,0.61227
83919,25133,-1,0.00000
83919,36712,-1,0.11226
83919,57972,-1,0.00000
83931,33547,-1,0.00000
83931,18165,-1,0.00000
83931,21150,-1,0.11667
83931,15893,-1,0.00000
84019,1043,-1,0.00000
84019,13806,-1,0.00000
84019,25133,-1,0.00000
84019,36712,-1,0.00000
84019,57972,-1,0.00000
84031,33547,-1,0.00000
84031,18165,-1,0.00000
84031,21150,-1,0.00000
84031,15893,-1,0.00000
84119,1043,-1,0.00000
84119,13806,-1,0.00000
84119,25133,-1,0.02779
84119,36712,-1,0.00000
84119,57972,-1,0.00000
84131,33547,-1,0.12803
84131,18165,-1,0.15594
84131,21150,-1,0.00000
84131,15893,-1,0.00000
84229,1043,-1,0.11716
84229,13806,-1,0.00000
84229,25133,-1,0.00000
84229,36712,-1,0.00000
84229,57972,-1,0.48745
84231,33547,-1,0.00000
84231,18165,-1,0.00000
84231,21150,-1,0.00000
84231,15893,-1,0.00000
84329,1043,-1,0.00000
84329,13806,-1,0.00000
84329,25133,-1,0.00000
84329,36712,-1,0.00000
84329,57972,-1,0.00000
84332,33547,-1,0.00000
84332,18165,-1,0.00000
84332,21150,-1,0.00000
84332,15893,-1,0.00000
84429,1043,-1,0.00000
84429,13806,-1,0.00000
84429,25133,-1,0.02792
84429,36712,-1,0.00000
84429,57972,-1,0.00000
84441,33547,-1,0.00000
84441,18165,-1,0.00000
84441,21150,-1,0.00000
84441,15893,-1,0.11729
84540,1043,-1,0.00000
84540,13806,-1,0.00000
84540,25133,-1,0.11510
84540,36712,-1,0.11510
84540,57972,-1,0.00000
84551,33547,-1,0.00000
84551,18165,-1,0.00000
84551,21150,-1,0.00000
84551,15893,-1,0.00000
84649,1043,-1,0.00000
84649,13806,-1,0.00000
84649,25133,-1,0.00000
84649,36712,-1,0.00000
84649,57972,-1,0.00000
84661,33547,-1,0.00000
84661,18165,-1,0.00000
84661,21150,-1,0.14229
84661,15893,-1,0.00000
84759,1043,-1,0.00000
84759,13806,-1,0.12111
84759,25133,-1,0.00000
84759,36712,-1,0.00000
84759,57972,-1,0.48450
84761,33547,-1,0.00000
84761,18165,-1,0.12802
84761,21150,-1,0.00000
84761,15893,-1,0.00000
84859,1043,-1,0.00000
84859,13806,-1,0.00000
84859,25133,-1,0.00000
84859,36712,-1,0.00000
84859,57972,-1,0.00000
84861,33547,-1,0.00000
84861,18165,-1,0.00000
84861,21150,-1,0.00000
84861,15893,-1,0.00000
84959,1043,-1,0.00000
84959,13806,-1,0.00000
84959,25133,-1,0.00000
84959,36712,-1,0.00000
84959,57972,-1,0.00000
84972,33547,-1,0.14065
84972,18165,-1,0.00000
84972,21150,-1,0.00000
84972,15893,-1,0.00000
85069,1043,-1,0.14150
85069,13806,-1,0.00000
85069,25133,-1,0.10225
85069,36712,-1,0.00000
85069,57972,-1,0.00000
85081,33547,-1,0.00000
85081,18165,-1,0.00000
85081,21150,-1,0.00000
85081,15893,-1,0.00000
85179,1043,-1,0.00000
85179,13806,-1,0.00000
85179,25133,-1,0.00000
85179,36712,-1,0.00000
85179,57972,-1,0.00000
85181,33547,-1,0.00000
85181,18165,-1,0.00000
85181,21150,-1,0.00000
85181,15893,-1,0.02787
85279,1043,-1,0.00000
85279,13806,-1,0.00000
85279,25133,-1,0.00000
85279,36712,-1,0.02785
85279,57972,-1,0.00000
85291,33547,-1,0.00000
85291,18165,-1,0.00000
85291,21150,-1,0.11675
85291,15893,-1,0.11675
85379,1043,-1,0.00000
85379,13806,-1,0.00000
85379,25133,-1,0.00000
85379,36712,-1,0.11758
85379,57972,-1,0.48061
85401,33547,-1,0.00000
85401,18165,-1,0.00000
85401,21150,-1,0.00000
85401,15893,-1,0.00000
85490,1043,-1,0.00000
85490,13806,-1,0.00000
85490,25133,-1,0.00000
85490,36712,-1,0.00000
85490,57972,-1,0.00000
85511,33547,-1,0.00000
85511,18165,-1,0.02532
85511,21150,-1,0.00000
85511,15893,-1,0.00000
85599,1043,-1,0.00000
85599,13806,-1,0.00000
85599,25133,-1,0.02566
85599,36712,-1,0.00000
85599,57972,-1,0.00000
85621,33547,-1,0.00000
85621,18165,-1,0.10280
85621,21150,-1,0.00000
85621,15893,-1,0.00000
85700,1043,-1,0.11610
85700,13806,-1,0.00000
85700,25133,-1,0.11610
85700,36712,-1,0.00000
85700,57972,-1,0.00000
85722,33547,-1,0.00000
85722,18165,-1,0.00000
85722,21150,-1,0.00000
85722,15893,-1,0.00000
85809,1043,-1,0.00000
85809,13806,-1,0.00000
85809,25133,-1,0.00000
85809,36712,-1,0.00000
85809,57972,-1,0.00000
85831,33547,-1,0.14307
85831,18165,-1,0.00000
85831,21150,-1,0.00000
85831,15893,-1,0.00000
85909,1043,-1,0.00000
85909,13806,-1,0.00000
85909,25133,-1,0.00000
85909,36712,-1,0.02787
85909,57972,-1,0.00000
85941,33547,-1,0.00000
85941,18165,-1,0.00000
85941,21150,-1,0.00000
85941,15893,-1,0.11675
86019,1043,-1,0.00000
86019,13806,-1,0.55899
86019,25133,-1,0.00000
86019,36712,-1,0.00000
86019,57972,-1,0.43795
86041,33547,-1,0.00000
86041,18165,-1,0.00000
86041,21150,-1,0.00000
86041,15893,-1,0.00000
86129,1043,-1,0.00000
86129,13806,-1,0.00000
86129,25133,-1,0.00000
86129,36712,-1,0.00000
86129,57972,-1,0.00000
86141,33547,-1,0.00000
86141,18165,-1,0.00000
86141,21150,-1,0.15568
86141,15893,-1,0.00000
86231,1043,-1,0.00000
86231,13806,-1,0.60530
86231,25133,-1,0.00000
86231,36712,-1,0.02749
86231,57972,-1,0.00000
86251,33547,-1,0.00000
86251,18165,-1,0.11714
86251,21150,-1,0.00000
86251,15893,-1,0.00000
86340,1043,-1,0.00000
86340,13806,-1,0.00000
86340,25133,-1,0.00000
86340,36712,-1,0.10349
86340,57972,-1,0.00000
86351,33547,-1,0.00000
86351,18165,-1,0.00000
86351,21150,-1,0.00000
86351,15893,-1,0.00000
86449,1043,-1,0.00000
86449,13806,-1,0.00000
86449,25133,-1,0.00000
86449,36712,-1,0.00000
86449,57972,-1,0.00000
86452,33547,-1,0.12650
86452,18165,-1,0.00000
86452,21150,-1,0.00000
86452,15893,-1,0.00000
86559,1043,-1,0.14169
86559,13806,-1,0.00000
86559,25133,-1,0.11633
86559,36712,-1,0.00000
86559,57972,-1,0.00000
86561,33547,-1,0.00000
86561,18165,-1,0.00000
86561,21150,-1,0.00000
86561,15893,-1,0.00000
86661,33547,-1,0.00000
86661,18165,-1,0.00000
86661,21150,-1,0.00000
86661,15893,-1,0.02787
86669,1043,-1,0.00000
86669,13806,-1,0.00000
86669,25133,-1,0.00000
86669,36712,-1,0.00000
86669,57972,-1,0.00000
86762,33547,-1,0.00000
86762,18165,-1,0.00000
86762,21150,-1,0.11120
86762,15893,-1,0.12636
86779,1043,-1,0.00000
86779,13806,-1,0.00000
86779,25133,-1,0.00000
86779,36712,-1,0.00000
86779,57972,-1,0.00000
86871,33547,-1,0.00000
86871,18165,-1,0.00000
86871,21150,-1,0.00000
86871,15893,-1,0.00000
86889,1043,-1,0.00000
86889,13806,-1,0.56133
86889,25133,-1,0.00000
86889,36712,-1,0.00000
86889,57972,-1,0.10525
86971,33547,-1,0.00000
86971,18165,-1,0.02780
86971,21150,-1,0.00000
86971,15893,-1,0.00000
86989,1043,-1,0.00000
86989,13806,-1,0.00000
86989,25133,-1,0.00000
86989,36712,-1,0.00000
86989,57972,-1,0.00000
87081,33547,-1,0.00000
87081,18165,-1,0.10719
87081,21150,-1,0.00000
87081,15893,-1,0.00000
87089,1043,-1,0.00000
87089,13806,-1,0.00000
87089,25133,-1,0.00000
87089,36712,-1,0.00000
87089,57972,-1,0.00000
87181,33547,-1,0.00000
87181,18165,-1,0.00000
87181,21150,-1,0.00000
87181,15893,-1,0.00000
87199,1043,-1,0.00000
87199,13806,-1,0.00000
87199,25133,-1,0.11709
87199,36712,-1,0.14262
87199,57972,-1,0.00000
87292,33547,-1,0.02521
87292,18165,-1,0.00000
87292,21150,-1,0.00000
87292,15893,-1,0.00000
87301,1043,-1,0.00000
87301,13806,-1,0.00000
87301,25133,-1,0.00000
87301,36712,-1,0.00000
87301,57972,-1,0.00000
87401,33547,-1,0.10831
87401,18165,-1,0.00000
87401,21150,-1,0.00000
87401,15893,-1,0.10831
87409,1043,-1,0.02589
87409,13806,-1,0.00000
87409,25133,-1,0.00000
87409,36712,-1,0.00000
87409,57972,-1,0.00000
87503,33547,-1,0.00000
87503,18165,-1,0.00000
87503,21150,-1,0.00000
87503,15893,-1,0.00000
87510,1043,-1,0.11195
87510,13806,-1,0.00000
87510,25133,-1,0.00000
87510,36712,-1,0.00000
87510,57972,-1,0.52926
87611,33547,-1,0.00000
87611,18165,-1,0.00000
87611,21150,-1,0.00000
87611,15893,-1,0.00000
87620,1043,-1,0.00000
87620,13806,-1,0.00000
87620,25133,-1,0.00000
87620,36712,-1,0.00000
87620,57972,-1,0.00000
87712,33547,-1,0.00000
87712,18165,-1,0.00000
87712,21150,-1,0.00000
87712,15893,-1,0.00000
87720,1043,-1,0.00000
87720,13806,-1,0.13264
87720,25133,-1,0.00000
87720,36712,-1,0.00000
87720,57972,-1,0.00000
87821,33547,-1,0.00000
87821,18165,-1,0.00000
87821,21150,-1,0.00000
87821,15893,-1,0.00000
87830,1043,-1,0.00000
87830,13806,-1,0.00000
87830,25133,-1,0.00000
87830,36712,-1,0.11697
87830,57972,-1,0.00000
87931,33547,-1,0.00000
87931,18165,-1,0.00000
87931,21150,-1,0.00000
87931,15893,-1,0.00000
87939,1043,-1,0.00000
87939,13806,-1,0.00000
87939,25133,-1,0.00000
87939,36712,-1,0.00000
87939,57972,-1,0.00000
88031,33547,-1,0.11210
88031,18165,-1,0.00000
88031,21150,-1,0.00000
88031,15893,-1,0.00000
88049,1043,-1,0.11664
88049,13806,-1,0.00000
88049,25133,-1,0.02543
88049,36712,-1,0.00000
88049,57972,-1,0.00000
88141,33547,-1,0.00000
88141,18165,-1,0.00000
88141,21150,-1,0.00000
88141,15893,-1,0.00000
88159,1043,-1,0.00000
88159,13806,-1,0.00000
88159,25133,-1,0.11660
88159,36712,-1,0.00000
88159,57972,-1,0.00000
88251,33547,-1,0.00000
88251,18165,-1,0.11695
88251,21150,-1,0.02549
88251,15893,-1,0.00000
88260,1043,-1,0.00000
88260,13806,-1,0.00000
88260,25133,-1,0.00000
88260,36712,-1,0.00000
88260,57972,-1,0.00000
88351,33547,-1,0.00000
88351,18165,-1,0.00000
88351,21150,-1,0.11783
88351,15893,-1,0.00000
88371,1043,-1,0.00000
88371,13806,-1,0.55225
88371,25133,-1,0.00000
88371,36712,-1,0.00000
88371,57972,-1,0.58221
88462,33547,-1,0.00000
88462,18165,-1,0.00000
88462,21150,-1,0.00000
88462,15893,-1,0.00000
88479,1043,-1,0.00000
88479,13806,-1,0.00000
88479,25133,-1,0.00000
88479,36712,-1,0.00000
88479,57972,-1,0.00000
88573,33547,-1,0.11482
88573,18165,-1,0.00000
88573,21150,-1,0.00000
88573,15893,-1,0.13985
88579,1043,-1,0.00000
88579,13806,-1,0.00000
88579,25133,-1,0.00000
88579,36712,-1,0.02785
88579,57972,-1,0.00000
88679,1043,-1,0.11271
88679,13806,-1,0.00000
88679,25133,-1,0.00000
88679,36712,-1,0.12807
88679,57972,-1,0.00000
88681,33547,-1,0.00000
88681,18165,-1,0.00000
88681,21150,-1,0.00000
88681,15893,-1,0.00000
88782,33547,-1,0.00000
88782,18165,-1,0.00000
88782,21150,-1,0.00000
88782,15893,-1,0.00000
88788,1043,-1,0.00000
88788,13806,-1,0.00000
88788,25133,-1,0.00000
88788,36712,-1,0.00000
88788,57972,-1,0.00000
88891,1043,-1,0.00000
88891,13806,-1,0.00000
88891,25133,-1,0.02725
88891,36712,-1,0.00000
88891,57972,-1,0.00000
88892,33547,-1,0.00000
88892,18165,-1,0.00000
88892,21150,-1,0.00000
88892,15893,-1,0.11637
88992,33547,-1,0.00000
88992,18165,-1,0.00000
88992,21150,-1,0.00000
88992,15893,-1,0.00000
88999,1043,-1,0.00000
88999,13806,-1,0.00000
88999,25133,-1,0.11836
88999,36712,-1,0.00000
88999,57972,-1,0.49242
89101,33547,-1,0.00000
89101,18165,-1,0.11782
89101,21150,-1,0.02568
89101,15893,-1,0.00000
89111,1043,-1,0.00000
89111,13806,-1,0.00000
89111,25133,-1,0.00000
89111,36712,-1,0.00000
89111,57972,-1,0.00000
89201,33547,-1,0.00000
89201,18165,-1,0.00000
89201,21150,-1,0.11263
89201,15893,-1,0.00000
89219,1043,-1,0.00000
89219,13806,-1,0.12251
89219,25133,-1,0.00000
89219,36712,-1,0.00000
89219,57972,-1,0.00000
89301,33547,-1,0.00000
89301,18165,-1,0.00000
89301,21150,-1,0.00000
89301,15893,-1,0.00000
89320,1043,-1,0.00000
89320,13806,-1,0.00000
89320,25133,-1,0.00000
89320,36712,-1,0.12710
89320,57972,-1,0.00000
89411,33547,-1,0.14239
89411,18165,-1,0.00000
89411,21150,-1,0.00000
89411,15893,-1,0.00000
89429,1043,-1,0.00000
89429,13806,-1,0.00000
89429,25133,-1,0.00000
89429,36712,-1,0.00000
89429,57972,-1,0.00000
89521,33547,-1,0.00000
89521,18165,-1,0.00000
89521,21150,-1,0.00000
89521,15893,-1,0.00000
89529,1043,-1,0.00000
89529,13806,-1,0.00000
89529,25133,-1,0.00000
89529,36712,-1,0.00000
89529,57972,-1,0.00000
89622,33547,-1,0.00000
89622,18165,-1,0.00000
89622,21150,-1,0.00000
89622,15893,-1,0.00000
89630,1043,-1,0.15472
89630,13806,-1,0.00000
89630,25133,-1,0.12703
89630,36712,-1,0.00000
89630,57972,-1,0.00000
89731,33547,-1,0.00000
89731,18165,-1,0.11803
89731,21150,-1,0.00000
89731,15893,-1,0.14376
89739,1043,-1,0.00000
89739,13806,-1,0.00000
89739,25133,-1,0.00000
89739,36712,-1,0.00000
89739,57972,-1,0.00000
89839,1043,-1,0.00000
89839,13806,-1,0.00000
89839,25133,-1,0.00000
89839,36712,-1,0.00000
89839,57972,-1,0.00000
89841,33547,-1,0.00000
89841,18165,-1,0.00000
89841,21150,-1,0.00000
89841,15893,-1,0.00000
