Time_ms,UE_ID,RB_ID,Throughput_Mbps
0,33547,-1,0.00000
0,18165,-1,0.00000
0,21150,-1,0.00000
0,15893,-1,0.00000
9,1043,-1,0.00000
9,13806,-1,0.00000
9,25133,-1,0.00000
9,36712,-1,0.00000
9,57972,-1,0.00000
109,33547,-1,0.19411
109,18165,-1,0.00000
109,21150,-1,0.00000
109,15893,-1,0.00000
121,1043,-1,0.75539
121,13806,-1,0.00000
121,25133,-1,0.00000
121,36712,-1,0.00000
121,57972,-1,0.38224
219,33547,-1,0.00000
219,18165,-1,0.00000
219,21150,-1,0.00000
219,15893,-1,0.00000
226,1043,-1,0.00000
226,13806,-1,0.00000
226,25133,-1,0.00000
226,36712,-1,0.00000
226,57972,-1,0.00000
320,33547,-1,0.00000
320,18165,-1,0.00000
320,21150,-1,0.00000
320,15893,-1,0.04200
336,1043,-1,0.00000
336,13806,-1,0.00000
336,25133,-1,0.00000
336,36712,-1,0.00000
336,57972,-1,0.00000
429,33547,-1,0.00000
429,18165,-1,0.00000
429,21150,-1,0.15922
429,15893,-1,0.00000
439,1043,-1,0.00000
439,13806,-1,0.46608
439,25133,-1,0.15095
439,36712,-1,0.00000
439,57972,-1,0.00000
529,33547,-1,0.00000
529,18165,-1,0.00000
529,21150,-1,0.00000
529,15893,-1,0.00000
547,1043,-1,0.00000
547,13806,-1,0.00000
547,25133,-1,0.00000
547,36712,-1,0.00000
547,57972,-1,0.00000
632,33547,-1,0.00000
632,18165,-1,0.00000
632,21150,-1,0.00000
632,15893,-1,0.00000
656,1043,-1,0.00000
656,13806,-1,0.00000
656,25133,-1,0.00000
656,36712,-1,0.13990
656,57972,-1,0.00000
739,33547,-1,0.00000
739,18165,-1,0.14092
739,21150,-1,0.00000
739,15893,-1,0.00000
766,1043,-1,0.63643
766,13806,-1,0.00000
766,25133,-1,0.00000
766,36712,-1,0.00000
766,57972,-1,0.43999
841,33547,-1,0.00000
841,18165,-1,0.00000
841,21150,-1,0.00000
841,15893,-1,0.00000
868,1043,-1,0.00000
868,13806,-1,0.00000
868,25133,-1,0.00000
868,36712,-1,0.00000
868,57972,-1,0.00000
949,33547,-1,0.14364
949,18165,-1,0.00000
949,21150,-1,0.00000
949,15893,-1,0.20366
976,1043,-1,0.00000
976,13806,-1,0.44345
976,25133,-1,0.00000
976,36712,-1,0.64142
976,57972,-1,0.00000
1059,33547,-1,0.00000
1059,18165,-1,0.00000
1059,21150,-1,0.00000
1059,15893,-1,0.00000
1077,1043,-1,0.00000
1077,13806,-1,0.00000
1077,25133,-1,0.00000
1077,36712,-1,0.00000
1077,57972,-1,0.00000
1160,33547,-1,0.00000
1160,18165,-1,0.00000
1160,21150,-1,0.00000
1160,15893,-1,0.00000
1186,1043,-1,0.00000
1186,13806,-1,0.00000
1186,25133,-1,0.00000
1186,36712,-1,0.00000
1186,57972,-1,0.00000
1269,33547,-1,0.00000
1269,18165,-1,0.14317
1269,21150,-1,0.17756
1269,15893,-1,0.00000
1287,1043,-1,0.00000
1287,13806,-1,0.00000
1287,25133,-1,0.15487
1287,36712,-1,0.00000
1287,57972,-1,0.42721
1379,33547,-1,0.00000
1379,18165,-1,0.00000
1379,21150,-1,0.00000
1379,15893,-1,0.00000
1388,1043,-1,0.00000
1388,13806,-1,0.00000
1388,25133,-1,0.00000
1388,36712,-1,0.00000
1388,57972,-1,0.00000
1479,33547,-1,0.00000
1479,18165,-1,0.00000
1479,21150,-1,0.00000
1479,15893,-1,0.04219
1497,1043,-1,0.63917
1497,13806,-1,0.00000
1497,25133,-1,0.00000
1497,36712,-1,0.14099
1497,57972,-1,0.00000
1589,33547,-1,0.00000
1589,18165,-1,0.00000
1589,21150,-1,0.00000
1589,15893,-1,0.00000
1597,1043,-1,0.00000
1597,13806,-1,0.48125
1597,25133,-1,0.00000
1597,36712,-1,0.00000
1597,57972,-1,0.00000
1690,33547,-1,0.00000
1690,18165,-1,0.00000
1690,21150,-1,0.00000
1690,15893,-1,0.00000
1707,1043,-1,0.00000
1707,13806,-1,0.00000
1707,25133,-1,0.00000
1707,36712,-1,0.00000
1707,57972,-1,0.00000
1801,33547,-1,0.00000
1801,18165,-1,0.00000
1801,21150,-1,0.00000
1801,15893,-1,0.03796
1820,1043,-1,0.00000
1820,13806,-1,0.00000
1820,25133,-1,0.11357
1820,36712,-1,0.75408
1820,57972,-1,0.00000
1910,33547,-1,0.00000
1910,18165,-1,0.00000
1910,21150,-1,0.13941
1910,15893,-1,0.00000
1931,1043,-1,0.00000
1931,13806,-1,0.00000
1931,25133,-1,0.00000
1931,36712,-1,0.00000
1931,57972,-1,0.00000
2011,33547,-1,0.00000
2011,18165,-1,0.00000
2011,21150,-1,0.00000
2011,15893,-1,0.00000
2037,1043,-1,0.00000
2037,13806,-1,0.00000
2037,25133,-1,0.00000
2037,36712,-1,0.00000
2037,57972,-1,0.09908
2111,33547,-1,0.00000
2111,18165,-1,0.03732
2111,21150,-1,0.00000
2111,15893,-1,0.00000
2147,1043,-1,0.63060
2147,13806,-1,0.00000
2147,25133,-1,0.00000
2147,36712,-1,0.00000
2147,57972,-1,0.43597
2219,33547,-1,0.00000
2219,18165,-1,0.00000
2219,21150,-1,0.00000
2219,15893,-1,0.00000
2257,1043,-1,0.00000
2257,13806,-1,0.00000
2257,25133,-1,0.00000
2257,36712,-1,0.00000
2257,57972,-1,0.00000
2320,33547,-1,0.00000
2320,18165,-1,0.00000
2320,21150,-1,0.00000
2320,15893,-1,0.00000
2367,1043,-1,0.00000
2367,13806,-1,0.53279
2367,25133,-1,0.00000
2367,36712,-1,0.00000
2367,57972,-1,0.00000
2429,33547,-1,0.00000
2429,18165,-1,0.03428
2429,21150,-1,0.00000
2429,15893,-1,0.17784
2467,1043,-1,0.00000
2467,13806,-1,0.00000
2467,25133,-1,0.11209
2467,36712,-1,0.00000
2467,57972,-1,0.00000
2530,33547,-1,0.00000
2530,18165,-1,0.17346
2530,21150,-1,0.00000
2530,15893,-1,0.00000
2577,1043,-1,0.00000
2577,13806,-1,0.00000
2577,25133,-1,0.00000
2577,36712,-1,0.00000
2577,57972,-1,0.00000
2630,33547,-1,0.00000
2630,18165,-1,0.00000
2630,21150,-1,0.00000
2630,15893,-1,0.00000
2686,1043,-1,0.59014
2686,13806,-1,0.00000
2686,25133,-1,0.00000
2686,36712,-1,0.14050
2686,57972,-1,0.00000
2739,33547,-1,0.14374
2739,18165,-1,0.00000
2739,21150,-1,0.03452
2739,15893,-1,0.00000
2796,1043,-1,0.00000
2796,13806,-1,0.00000
2796,25133,-1,0.00000
2796,36712,-1,0.00000
2796,57972,-1,0.00000
2839,33547,-1,0.00000
2839,18165,-1,0.00000
2839,21150,-1,0.17383
2839,15893,-1,0.00000
2896,1043,-1,0.00000
2896,13806,-1,0.00000
2896,25133,-1,0.00000
2896,36712,-1,0.00000
2896,57972,-1,0.00000
2939,33547,-1,0.00000
2939,18165,-1,0.00000
2939,21150,-1,0.00000
2939,15893,-1,0.00000
3006,1043,-1,0.00000
3006,13806,-1,0.40006
3006,25133,-1,0.00000
3006,36712,-1,0.00000
3006,57972,-1,0.09542
3049,33547,-1,0.00000
3049,18165,-1,0.13764
3049,21150,-1,0.00000
3049,15893,-1,0.00000
3107,1043,-1,0.00000
3107,13806,-1,0.00000
3107,25133,-1,0.00000
3107,36712,-1,0.00000
3107,57972,-1,0.00000
3149,33547,-1,0.00000
3149,18165,-1,0.00000
3149,21150,-1,0.00000
3149,15893,-1,0.00000
3207,1043,-1,0.00000
3207,13806,-1,0.00000
3207,25133,-1,0.02788
3207,36712,-1,0.00000
3207,57972,-1,0.00000
3250,33547,-1,0.00000
3250,18165,-1,0.00000
3250,21150,-1,0.00000
3250,15893,-1,0.00000
3316,1043,-1,0.00000
3316,13806,-1,0.00000
3316,25133,-1,0.11720
3316,36712,-1,0.59070
3316,57972,-1,0.00000
3360,33547,-1,0.00000
3360,18165,-1,0.00000
3360,21150,-1,0.15823
3360,15893,-1,0.21511
3416,1043,-1,0.00000
3416,13806,-1,0.00000
3416,25133,-1,0.00000
3416,36712,-1,0.00000
3416,57972,-1,0.00000
3469,33547,-1,0.00000
3469,18165,-1,0.00000
3469,21150,-1,0.00000
3469,15893,-1,0.00000
3516,1043,-1,0.15339
3516,13806,-1,0.00000
3516,25133,-1,0.00000
3516,36712,-1,0.00000
3516,57972,-1,0.00000
3580,33547,-1,0.00000
3580,18165,-1,0.00000
3580,21150,-1,0.00000
3580,15893,-1,0.00000
3617,1043,-1,0.61880
3617,13806,-1,0.00000
3617,25133,-1,0.00000
3617,36712,-1,0.00000
3617,57972,-1,0.00000
3689,33547,-1,0.03436
3689,18165,-1,0.15956
3689,21150,-1,0.00000
3689,15893,-1,0.00000
3726,1043,-1,0.00000
3726,13806,-1,0.00000
3726,25133,-1,0.00000
3726,36712,-1,0.00000
3726,57972,-1,0.00000
3789,33547,-1,0.00000
3789,18165,-1,0.00000
3789,21150,-1,0.00000
3789,15893,-1,0.00000
3827,1043,-1,0.00000
3827,13806,-1,0.10421
3827,25133,-1,0.00000
3827,36712,-1,0.00000
3827,57972,-1,0.00000
3890,33547,-1,0.21113
3890,18165,-1,0.00000
3890,21150,-1,0.00000
3890,15893,-1,0.00000
3936,1043,-1,0.00000
3936,13806,-1,0.44074
3936,25133,-1,0.11719
3936,36712,-1,0.00000
3936,57972,-1,0.00000
4000,33547,-1,0.00000
4000,18165,-1,0.00000
4000,21150,-1,0.15834
4000,15893,-1,0.00000
4046,1043,-1,0.00000
4046,13806,-1,0.00000
4046,25133,-1,0.00000
4046,36712,-1,0.00000
4046,57972,-1,0.00000
4100,33547,-1,0.00000
4100,18165,-1,0.00000
4100,21150,-1,0.00000
4100,15893,-1,0.00000
4157,1043,-1,0.62997
4157,13806,-1,0.00000
4157,25133,-1,0.00000
4157,36712,-1,0.13896
4157,57972,-1,0.39821
4209,33547,-1,0.00000
4209,18165,-1,0.00000
4209,21150,-1,0.00000
4209,15893,-1,0.19874
4266,1043,-1,0.00000
4266,13806,-1,0.00000
4266,25133,-1,0.00000
4266,36712,-1,0.00000
4266,57972,-1,0.00000
4319,33547,-1,0.00000
4319,18165,-1,0.00000
4319,21150,-1,0.00000
4319,15893,-1,0.00000
4368,1043,-1,0.00000
4368,13806,-1,0.00000
4368,25133,-1,0.00000
4368,36712,-1,0.15090
4368,57972,-1,0.00000
4420,33547,-1,0.00000
4420,18165,-1,0.00000
4420,21150,-1,0.00000
4420,15893,-1,0.00000
4478,1043,-1,0.00000
4478,13806,-1,0.43830
4478,25133,-1,0.00000
4478,36712,-1,0.00000
4478,57972,-1,0.00000
4530,33547,-1,0.15850
4530,18165,-1,0.19263
4530,21150,-1,0.00000
4530,15893,-1,0.00000
4587,1043,-1,0.00000
4587,13806,-1,0.00000
4587,25133,-1,0.00000
4587,36712,-1,0.00000
4587,57972,-1,0.00000
4630,33547,-1,0.00000
4630,18165,-1,0.00000
4630,21150,-1,0.00000
4630,15893,-1,0.00000
4687,1043,-1,0.00000
4687,13806,-1,0.00000
4687,25133,-1,0.02785
4687,36712,-1,0.00000
4687,57972,-1,0.00000
4739,33547,-1,0.00000
4739,18165,-1,0.00000
4739,21150,-1,0.03418
4739,15893,-1,0.00000
4788,1043,-1,0.00000
4788,13806,-1,0.00000
4788,25133,-1,0.11199
4788,36712,-1,0.00000
4788,57972,-1,0.00000
4840,33547,-1,0.00000
4840,18165,-1,0.00000
4840,21150,-1,0.00000
4840,15893,-1,0.19355
4896,1043,-1,0.00000
4896,13806,-1,0.00000
4896,25133,-1,0.00000
4896,36712,-1,0.00000
4896,57972,-1,0.00000
4940,33547,-1,0.00000
4940,18165,-1,0.00000
4940,21150,-1,0.00000
4940,15893,-1,0.00000
4997,1043,-1,0.84699
4997,13806,-1,0.00000
4997,25133,-1,0.00000
4997,36712,-1,0.69392
4997,57972,-1,0.00000
5049,33547,-1,0.00000
5049,18165,-1,0.00000
5049,21150,-1,0.19446
5049,15893,-1,0.00000
5106,1043,-1,0.00000
5106,13806,-1,0.00000
5106,25133,-1,0.00000
5106,36712,-1,0.00000
5106,57972,-1,0.00000
5154,33547,-1,0.00000
5154,18165,-1,0.16722
5154,21150,-1,0.00000
5154,15893,-1,0.00000
5207,1043,-1,0.00000
5207,13806,-1,0.10439
5207,25133,-1,0.00000
5207,36712,-1,0.00000
5207,57972,-1,0.00000
5259,33547,-1,0.00000
5259,18165,-1,0.00000
5259,21150,-1,0.00000
5259,15893,-1,0.00000
5307,1043,-1,0.00000
5307,13806,-1,0.48116
5307,25133,-1,0.00000
5307,36712,-1,0.00000
5307,57972,-1,0.48116
5369,33547,-1,0.19257
5369,18165,-1,0.00000
5369,21150,-1,0.00000
5369,15893,-1,0.00000
5407,1043,-1,0.00000
5407,13806,-1,0.00000
5407,25133,-1,0.00000
5407,36712,-1,0.00000
5407,57972,-1,0.00000
5470,33547,-1,0.00000
5470,18165,-1,0.00000
5470,21150,-1,0.00000
5470,15893,-1,0.00000
5517,1043,-1,0.00000
5517,13806,-1,0.00000
5517,25133,-1,0.14204
5517,36712,-1,0.00000
5517,57972,-1,0.00000
5580,33547,-1,0.00000
5580,18165,-1,0.00000
5580,21150,-1,0.00000
5580,15893,-1,0.03841
5627,1043,-1,0.63535
5627,13806,-1,0.00000
5627,25133,-1,0.00000
5627,36712,-1,0.00000
5627,57972,-1,0.00000
5680,33547,-1,0.00000
5680,18165,-1,0.00000
5680,21150,-1,0.15562
5680,15893,-1,0.17857
5736,1043,-1,0.00000
5736,13806,-1,0.00000
5736,25133,-1,0.00000
5736,36712,-1,0.00000
5736,57972,-1,0.00000
5789,33547,-1,0.00000
5789,18165,-1,0.00000
5789,21150,-1,0.00000
5789,15893,-1,0.00000
5837,1043,-1,0.00000
5837,13806,-1,0.42775
5837,25133,-1,0.00000
5837,36712,-1,0.69256
5837,57972,-1,0.00000
5890,33547,-1,0.00000
5890,18165,-1,0.19256
5890,21150,-1,0.00000
5890,15893,-1,0.00000
5938,1043,-1,0.00000
5938,13806,-1,0.00000
5938,25133,-1,0.00000
5938,36712,-1,0.00000
5938,57972,-1,0.00000
5991,33547,-1,0.15472
5991,18165,-1,0.00000
5991,21150,-1,0.00000
5991,15893,-1,0.00000
6047,1043,-1,0.00000
6047,13806,-1,0.00000
6047,25133,-1,0.00000
6047,36712,-1,0.00000
6047,57972,-1,0.53980
6100,33547,-1,0.00000
6100,18165,-1,0.00000
6100,21150,-1,0.00000
6100,15893,-1,0.00000
6156,1043,-1,0.00000
6156,13806,-1,0.00000
6156,25133,-1,0.11728
6156,36712,-1,0.00000
6156,57972,-1,0.00000
6210,33547,-1,0.00000
6210,18165,-1,0.00000
6210,21150,-1,0.00000
6210,15893,-1,0.17744
6256,1043,-1,0.00000
6256,13806,-1,0.00000
6256,25133,-1,0.00000
6256,36712,-1,0.00000
6256,57972,-1,0.00000
6320,33547,-1,0.00000
6320,18165,-1,0.00000
6320,21150,-1,0.00000
6320,15893,-1,0.00000
6357,1043,-1,0.69193
6357,13806,-1,0.00000
6357,25133,-1,0.00000
6357,36712,-1,0.15262
6357,57972,-1,0.00000
6420,33547,-1,0.00000
6420,18165,-1,0.00000
6420,21150,-1,0.00000
6420,15893,-1,0.00000
6457,1043,-1,0.00000
6457,13806,-1,0.48094
6457,25133,-1,0.00000
6457,36712,-1,0.00000
6457,57972,-1,0.00000
6530,33547,-1,0.00000
6530,18165,-1,0.13807
6530,21150,-1,0.15919
6530,15893,-1,0.00000
6566,1043,-1,0.00000
6566,13806,-1,0.00000
6566,25133,-1,0.00000
6566,36712,-1,0.00000
6566,57972,-1,0.00000
6630,33547,-1,0.00000
6630,18165,-1,0.00000
6630,21150,-1,0.00000
6630,15893,-1,0.00000
6666,1043,-1,0.00000
6666,13806,-1,0.00000
6666,25133,-1,0.00000
6666,36712,-1,0.84873
6666,57972,-1,0.48073
6739,33547,-1,0.00000
6739,18165,-1,0.00000
6739,21150,-1,0.00000
6739,15893,-1,0.00000
6777,1043,-1,0.00000
6777,13806,-1,0.00000
6777,25133,-1,0.00000
6777,36712,-1,0.00000
6777,57972,-1,0.00000
6840,33547,-1,0.20952
6840,18165,-1,0.00000
6840,21150,-1,0.00000
6840,15893,-1,0.00000
6887,1043,-1,0.00000
6887,13806,-1,0.00000
6887,25133,-1,0.02537
6887,36712,-1,0.00000
6887,57972,-1,0.00000
6949,33547,-1,0.00000
6949,18165,-1,0.00000
6949,21150,-1,0.00000
6949,15893,-1,0.00000
6997,1043,-1,0.63305
6997,13806,-1,0.00000
6997,25133,-1,0.10242
6997,36712,-1,0.00000
6997,57972,-1,0.00000
7049,33547,-1,0.00000
7049,18165,-1,0.00000
7049,21150,-1,0.03739
7049,15893,-1,0.00000
7106,1043,-1,0.00000
7106,13806,-1,0.00000
7106,25133,-1,0.00000
7106,36712,-1,0.00000
7106,57972,-1,0.00000
7149,33547,-1,0.00000
7149,18165,-1,0.17415
7149,21150,-1,0.00000
7149,15893,-1,0.19454
7216,1043,-1,0.00000
7216,13806,-1,0.49801
7216,25133,-1,0.00000
7216,36712,-1,0.58939
7216,57972,-1,0.00000
7250,33547,-1,0.00000
7250,18165,-1,0.00000
7250,21150,-1,0.00000
7250,15893,-1,0.00000
7317,1043,-1,0.00000
7317,13806,-1,0.00000
7317,25133,-1,0.00000
7317,36712,-1,0.00000
7317,57972,-1,0.00000
7360,33547,-1,0.00000
7360,18165,-1,0.00000
7360,21150,-1,0.03397
7360,15893,-1,0.00000
7417,1043,-1,0.00000
7417,13806,-1,0.00000
7417,25133,-1,0.00000
7417,36712,-1,0.00000
7417,57972,-1,0.00000
7461,33547,-1,0.17285
7461,18165,-1,0.00000
7461,21150,-1,0.17285
7461,15893,-1,0.00000
7526,1043,-1,0.59325
7526,13806,-1,0.00000
7526,25133,-1,0.00000
7526,36712,-1,0.00000
7526,57972,-1,0.09653
7570,33547,-1,0.00000
7570,18165,-1,0.00000
7570,21150,-1,0.00000
7570,15893,-1,0.00000
7627,1043,-1,0.00000
7627,13806,-1,0.00000
7627,25133,-1,0.00000
7627,36712,-1,0.00000
7627,57972,-1,0.00000
7670,33547,-1,0.00000
7670,18165,-1,0.00000
7670,21150,-1,0.00000
7670,15893,-1,0.00000
7737,1043,-1,0.00000
7737,13806,-1,0.00000
7737,25133,-1,0.00000
7737,36712,-1,0.00000
7737,57972,-1,0.00000
7770,33547,-1,0.00000
7770,18165,-1,0.00000
7770,21150,-1,0.00000
7770,15893,-1,0.17364
7846,1043,-1,0.00000
7846,13806,-1,0.44123
7846,25133,-1,0.13352
7846,36712,-1,0.00000
7846,57972,-1,0.00000
7880,33547,-1,0.00000
7880,18165,-1,0.00000
7880,21150,-1,0.00000
7880,15893,-1,0.00000
7947,1043,-1,0.00000
7947,13806,-1,0.00000
7947,25133,-1,0.00000
7947,36712,-1,0.00000
7947,57972,-1,0.00000
7980,33547,-1,0.00000
7980,18165,-1,0.03743
7980,21150,-1,0.00000
7980,15893,-1,0.00000
8056,1043,-1,0.00000
8056,13806,-1,0.00000
8056,25133,-1,0.00000
8056,36712,-1,0.71197
8056,57972,-1,0.00000
8090,33547,-1,0.00000
8090,18165,-1,0.15872
8090,21150,-1,0.15872
8090,15893,-1,0.00000
8157,1043,-1,0.00000
8157,13806,-1,0.00000
8157,25133,-1,0.00000
8157,36712,-1,0.00000
8157,57972,-1,0.00000
8200,33547,-1,0.00000
8200,18165,-1,0.00000
8200,21150,-1,0.00000
8200,15893,-1,0.00000
8257,1043,-1,0.00000
8257,13806,-1,0.00000
8257,25133,-1,0.00000
8257,36712,-1,0.00000
8257,57972,-1,0.00000
8310,33547,-1,0.03423
8310,18165,-1,0.00000
8310,21150,-1,0.00000
8310,15893,-1,0.00000
8366,1043,-1,0.77717
8366,13806,-1,0.00000
8366,25133,-1,0.11705
8366,36712,-1,0.00000
8366,57972,-1,0.00000
8419,33547,-1,0.00000
8419,18165,-1,0.00000
8419,21150,-1,0.00000
8419,15893,-1,0.17776
8476,1043,-1,0.00000
8476,13806,-1,0.00000
8476,25133,-1,0.00000
8476,36712,-1,0.00000
8476,57972,-1,0.00000
8520,33547,-1,0.00000
8520,18165,-1,0.00000
8520,21150,-1,0.00000
8520,15893,-1,0.00000
8578,1043,-1,0.00000
8578,13806,-1,0.10334
8578,25133,-1,0.00000
8578,36712,-1,0.00000
8578,57972,-1,0.00000
8620,33547,-1,0.21150
8620,18165,-1,0.00000
8620,21150,-1,0.00000
8620,15893,-1,0.00000
8687,1043,-1,0.00000
8687,13806,-1,0.44225
8687,25133,-1,0.00000
8687,36712,-1,0.00000
8687,57972,-1,0.40435
8729,33547,-1,0.00000
8729,18165,-1,0.15879
8729,21150,-1,0.00000
8729,15893,-1,0.00000
8788,1043,-1,0.00000
8788,13806,-1,0.00000
8788,25133,-1,0.00000
8788,36712,-1,0.00000
8788,57972,-1,0.00000
8830,33547,-1,0.00000
8830,18165,-1,0.00000
8830,21150,-1,0.00000
8830,15893,-1,0.00000
8897,1043,-1,0.14845
8897,13806,-1,0.00000
8897,25133,-1,0.00000
8897,36712,-1,0.00000
8897,57972,-1,0.00000
8940,33547,-1,0.00000
8940,18165,-1,0.00000
8940,21150,-1,0.19286
8940,15893,-1,0.00000
8997,1043,-1,0.00000
8997,13806,-1,0.00000
8997,25133,-1,0.00000
8997,36712,-1,0.00000
8997,57972,-1,0.00000
9049,33547,-1,0.00000
9049,18165,-1,0.00000
9049,21150,-1,0.00000
9049,15893,-1,0.00000
9108,1043,-1,0.00000
9108,13806,-1,0.00000
9108,25133,-1,0.00000
9108,36712,-1,0.00000
9108,57972,-1,0.00000
9150,33547,-1,0.00000
9150,18165,-1,0.00000
9150,21150,-1,0.00000
9150,15893,-1,0.00000
9217,1043,-1,0.00000
9217,13806,-1,0.00000
9217,25133,-1,0.14365
9217,36712,-1,0.00000
9217,57972,-1,0.00000
9259,33547,-1,0.15989
9259,18165,-1,0.00000
9259,21150,-1,0.00000
9259,15893,-1,0.17861
9317,1043,-1,0.00000
9317,13806,-1,0.00000
9317,25133,-1,0.00000
9317,36712,-1,0.00000
9317,57972,-1,0.42855
9370,33547,-1,0.00000
9370,18165,-1,0.00000
9370,21150,-1,0.00000
9370,15893,-1,0.00000
9418,1043,-1,0.00000
9418,13806,-1,0.00000
9418,25133,-1,0.00000
9418,36712,-1,0.00000
9418,57972,-1,0.00000
9480,33547,-1,0.00000
9480,18165,-1,0.03405
9480,21150,-1,0.00000
9480,15893,-1,0.00000
9527,1043,-1,0.69367
9527,13806,-1,0.09614
9527,25133,-1,0.00000
9527,36712,-1,0.00000
9527,57972,-1,0.00000
9580,33547,-1,0.00000
9580,18165,-1,0.17358
9580,21150,-1,0.00000
9580,15893,-1,0.00000
9636,1043,-1,0.00000
9636,13806,-1,0.00000
9636,25133,-1,0.00000
9636,36712,-1,0.63685
9636,57972,-1,0.00000
9690,33547,-1,0.00000
9690,18165,-1,0.00000
9690,21150,-1,0.00000
9690,15893,-1,0.00000
9737,1043,-1,0.00000
9737,13806,-1,0.00000
9737,25133,-1,0.00000
9737,36712,-1,0.00000
9737,57972,-1,0.00000
9800,33547,-1,0.00000
9800,18165,-1,0.00000
9800,21150,-1,0.00000
9800,15893,-1,0.03828
9846,1043,-1,0.00000
9846,13806,-1,0.53769
9846,25133,-1,0.11738
9846,36712,-1,0.00000
9846,57972,-1,0.00000
9911,33547,-1,0.15802
9911,18165,-1,0.00000
9911,21150,-1,0.15802
9911,15893,-1,0.00000
9947,1043,-1,0.00000
9947,13806,-1,0.00000
9947,25133,-1,0.00000
9947,36712,-1,0.00000
9947,57972,-1,0.00000
10021,33547,-1,0.00000
10021,18165,-1,0.00000
10021,21150,-1,0.00000
10021,15893,-1,0.00000
10057,1043,-1,0.00000
10057,13806,-1,0.00000
10057,25133,-1,0.00000
10057,36712,-1,0.00000
10057,57972,-1,0.53169
10129,33547,-1,0.00000
10129,18165,-1,0.00000
10129,21150,-1,0.00000
10129,15893,-1,0.03908
10167,1043,-1,0.00000
10167,13806,-1,0.00000
10167,25133,-1,0.00000
10167,36712,-1,0.00000
10167,57972,-1,0.00000
10230,33547,-1,0.00000
10230,18165,-1,0.15038
10230,21150,-1,0.00000
10230,15893,-1,0.19369
10278,1043,-1,0.00000
10278,13806,-1,0.00000
10278,25133,-1,0.00000
10278,36712,-1,0.00000
10278,57972,-1,0.00000
10340,33547,-1,0.00000
10340,18165,-1,0.00000
10340,21150,-1,0.00000
10340,15893,-1,0.00000
10387,1043,-1,0.00000
10387,13806,-1,0.39533
10387,25133,-1,0.00000
10387,36712,-1,0.64006
10387,57972,-1,0.00000
10449,33547,-1,0.00000
10449,18165,-1,0.00000
10449,21150,-1,0.14324
10449,15893,-1,0.00000
10487,1043,-1,0.00000
10487,13806,-1,0.00000
10487,25133,-1,0.00000
10487,36712,-1,0.00000
10487,57972,-1,0.00000
10549,33547,-1,0.00000
10549,18165,-1,0.00000
10549,21150,-1,0.00000
10549,15893,-1,0.00000
10597,1043,-1,0.69110
10597,13806,-1,0.00000
10597,25133,-1,0.02546
10597,36712,-1,0.00000
10597,57972,-1,0.00000
10650,33547,-1,0.00000
10650,18165,-1,0.00000
10650,21150,-1,0.00000
10650,15893,-1,0.00000
10706,1043,-1,0.00000
10706,13806,-1,0.00000
10706,25133,-1,0.00000
10706,36712,-1,0.00000
10706,57972,-1,0.44063
10759,33547,-1,0.17739
10759,18165,-1,0.14304
10759,21150,-1,0.00000
10759,15893,-1,0.00000
10806,1043,-1,0.00000
10806,13806,-1,0.00000
10806,25133,-1,0.00000
10806,36712,-1,0.00000
10806,57972,-1,0.00000
10860,33547,-1,0.00000
10860,18165,-1,0.00000
10860,21150,-1,0.00000
10860,15893,-1,0.00000
10907,1043,-1,0.00000
10907,13806,-1,0.47917
10907,25133,-1,0.12741
10907,36712,-1,0.15288
10907,57972,-1,0.00000
10970,33547,-1,0.00000
10970,18165,-1,0.00000
10970,21150,-1,0.00000
10970,15893,-1,0.00000
11009,1043,-1,0.00000
11009,13806,-1,0.00000
11009,25133,-1,0.00000
11009,36712,-1,0.00000
11009,57972,-1,0.00000
11080,33547,-1,0.00000
11080,18165,-1,0.00000
11080,21150,-1,0.00000
11080,15893,-1,0.03818
11110,1043,-1,0.00000
11110,13806,-1,0.00000
11110,25133,-1,0.00000
11110,36712,-1,0.00000
11110,57972,-1,0.00000
11190,33547,-1,0.00000
11190,18165,-1,0.00000
11190,21150,-1,0.00000
11190,15893,-1,0.00000
11216,1043,-1,0.00000
11216,13806,-1,0.00000
11216,25133,-1,0.00000
11216,36712,-1,0.00000
11216,57972,-1,0.45140
11290,33547,-1,0.00000
11290,18165,-1,0.00000
11290,21150,-1,0.00000
11290,15893,-1,0.00000
11317,1043,-1,0.00000
11317,13806,-1,0.00000
11317,25133,-1,0.00000
11317,36712,-1,0.00000
11317,57972,-1,0.00000
11390,33547,-1,0.15062
11390,18165,-1,0.00000
11390,21150,-1,0.00000
11390,15893,-1,0.00000
11417,1043,-1,0.75648
11417,13806,-1,0.00000
11417,25133,-1,0.02787
11417,36712,-1,0.00000
11417,57972,-1,0.00000
11500,33547,-1,0.00000
11500,18165,-1,0.00000
11500,21150,-1,0.00000
11500,15893,-1,0.00000
11517,1043,-1,0.00000
11517,13806,-1,0.42960
11517,25133,-1,0.00000
11517,36712,-1,0.00000
11517,57972,-1,0.00000
11600,33547,-1,0.00000
11600,18165,-1,0.03749
11600,21150,-1,0.00000
11600,15893,-1,0.00000
11618,1043,-1,0.00000
11618,13806,-1,0.00000
11618,25133,-1,0.00000
11618,36712,-1,0.00000
11618,57972,-1,0.00000
11700,33547,-1,0.00000
11700,18165,-1,0.00000
11700,21150,-1,0.00000
11700,15893,-1,0.19390
11727,1043,-1,0.00000
11727,13806,-1,0.00000
11727,25133,-1,0.10754
11727,36712,-1,0.14025
11727,57972,-1,0.00000
11810,33547,-1,0.00000
11810,18165,-1,0.00000
11810,21150,-1,0.00000
11810,15893,-1,0.00000
11837,1043,-1,0.00000
11837,13806,-1,0.00000
11837,25133,-1,0.00000
11837,36712,-1,0.00000
11837,57972,-1,0.40364
11920,33547,-1,0.00000
11920,18165,-1,0.03414
11920,21150,-1,0.00000
11920,15893,-1,0.00000
11937,1043,-1,0.00000
11937,13806,-1,0.00000
11937,25133,-1,0.00000
11937,36712,-1,0.00000
11937,57972,-1,0.00000
12030,33547,-1,0.00000
12030,18165,-1,0.15767
12030,21150,-1,0.00000
12030,15893,-1,0.00000
12047,1043,-1,0.14654
12047,13806,-1,0.39995
12047,25133,-1,0.10702
12047,36712,-1,0.00000
12047,57972,-1,0.00000
12140,33547,-1,0.00000
12140,18165,-1,0.00000
12140,21150,-1,0.00000
12140,15893,-1,0.00000
12156,1043,-1,0.00000
12156,13806,-1,0.00000
12156,25133,-1,0.00000
12156,36712,-1,0.00000
12156,57972,-1,0.00000
12241,33547,-1,0.03748
12241,18165,-1,0.00000
12241,21150,-1,0.00000
12241,15893,-1,0.00000
12259,1043,-1,0.00000
12259,13806,-1,0.00000
12259,25133,-1,0.00000
12259,36712,-1,0.00000
12259,57972,-1,0.00000
12343,33547,-1,0.17041
12343,18165,-1,0.00000
12343,21150,-1,0.15280
12343,15893,-1,0.00000
12367,1043,-1,0.77547
12367,13806,-1,0.00000
12367,25133,-1,0.00000
12367,36712,-1,0.00000
12367,57972,-1,0.00000
12451,33547,-1,0.00000
12451,18165,-1,0.00000
12451,21150,-1,0.00000
12451,15893,-1,0.00000
12478,1043,-1,0.00000
12478,13806,-1,0.00000
12478,25133,-1,0.00000
12478,36712,-1,0.62654
12478,57972,-1,0.00000
12560,33547,-1,0.00000
12560,18165,-1,0.16026
12560,21150,-1,0.00000
12560,15893,-1,0.03885
12586,1043,-1,0.00000
12586,13806,-1,0.00000
12586,25133,-1,0.00000
12586,36712,-1,0.00000
12586,57972,-1,0.00000
12669,33547,-1,0.00000
12669,18165,-1,0.00000
12669,21150,-1,0.00000
12669,15893,-1,0.00000
12696,1043,-1,0.00000
12696,13806,-1,0.43850
12696,25133,-1,0.00000
12696,36712,-1,0.56900
12696,57972,-1,0.09562
12780,33547,-1,0.00000
12780,18165,-1,0.00000
12780,21150,-1,0.00000
12780,15893,-1,0.00000
12797,1043,-1,0.00000
12797,13806,-1,0.00000
12797,25133,-1,0.00000
12797,36712,-1,0.00000
12797,57972,-1,0.00000
12880,33547,-1,0.17268
12880,18165,-1,0.00000
12880,21150,-1,0.00000
12880,15893,-1,0.23476
12897,1043,-1,0.00000
12897,13806,-1,0.00000
12897,25133,-1,0.00000
12897,36712,-1,0.00000
12897,57972,-1,0.00000
12990,33547,-1,0.00000
12990,18165,-1,0.00000
12990,21150,-1,0.00000
12990,15893,-1,0.00000
13006,1043,-1,0.00000
13006,13806,-1,0.00000
13006,25133,-1,0.11726
13006,36712,-1,0.00000
13006,57972,-1,0.53716
13101,33547,-1,0.00000
13101,18165,-1,0.00000
13101,21150,-1,0.03403
13101,15893,-1,0.00000
13106,1043,-1,0.00000
13106,13806,-1,0.00000
13106,25133,-1,0.00000
13106,36712,-1,0.00000
13106,57972,-1,0.00000
13209,1043,-1,0.00000
13209,13806,-1,0.00000
13209,25133,-1,0.00000
13209,36712,-1,0.00000
13209,57972,-1,0.00000
13210,33547,-1,0.00000
13210,18165,-1,0.00000
13210,21150,-1,0.15987
13210,15893,-1,0.00000
13317,1043,-1,0.14915
13317,13806,-1,0.00000
13317,25133,-1,0.00000
13317,36712,-1,0.64402
13317,57972,-1,0.00000
13320,33547,-1,0.00000
13320,18165,-1,0.00000
13320,21150,-1,0.00000
13320,15893,-1,0.00000
13428,1043,-1,0.00000
13428,13806,-1,0.00000
13428,25133,-1,0.00000
13428,36712,-1,0.00000
13428,57972,-1,0.00000
13431,33547,-1,0.00000
13431,18165,-1,0.19095
13431,21150,-1,0.00000
13431,15893,-1,0.00000
13539,1043,-1,0.00000
13539,13806,-1,0.52891
13539,25133,-1,0.00000
13539,36712,-1,0.00000
13539,57972,-1,0.00000
13540,33547,-1,0.00000
13540,18165,-1,0.00000
13540,21150,-1,0.00000
13540,15893,-1,0.17886
13647,1043,-1,0.00000
13647,13806,-1,0.00000
13647,25133,-1,0.11896
13647,36712,-1,0.00000
13647,57972,-1,0.00000
13651,33547,-1,0.00000
13651,18165,-1,0.00000
13651,21150,-1,0.00000
13651,15893,-1,0.00000
13751,33547,-1,0.21082
13751,18165,-1,0.00000
13751,21150,-1,0.15045
13751,15893,-1,0.00000
13757,1043,-1,0.00000
13757,13806,-1,0.00000
13757,25133,-1,0.00000
13757,36712,-1,0.00000
13757,57972,-1,0.00000
13859,33547,-1,0.00000
13859,18165,-1,0.00000
13859,21150,-1,0.00000
13859,15893,-1,0.00000
13866,1043,-1,0.69221
13866,13806,-1,0.00000
13866,25133,-1,0.00000
13866,36712,-1,0.00000
13866,57972,-1,0.48894
13960,33547,-1,0.00000
13960,18165,-1,0.00000
13960,21150,-1,0.00000
13960,15893,-1,0.00000
13966,1043,-1,0.00000
13966,13806,-1,0.00000
13966,25133,-1,0.00000
13966,36712,-1,0.00000
13966,57972,-1,0.00000
14069,33547,-1,0.00000
14069,18165,-1,0.15860
14069,21150,-1,0.00000
14069,15893,-1,0.00000
14077,1043,-1,0.00000
14077,13806,-1,0.00000
14077,25133,-1,0.00000
14077,36712,-1,0.13939
14077,57972,-1,0.00000
14170,33547,-1,0.00000
14170,18165,-1,0.00000
14170,21150,-1,0.00000
14170,15893,-1,0.00000
14177,1043,-1,0.00000
14177,13806,-1,0.48033
14177,25133,-1,0.00000
14177,36712,-1,0.69476
14177,57972,-1,0.00000
14279,33547,-1,0.00000
14279,18165,-1,0.00000
14279,21150,-1,0.16009
14279,15893,-1,0.21765
14290,1043,-1,0.00000
14290,13806,-1,0.00000
14290,25133,-1,0.00000
14290,36712,-1,0.00000
14290,57972,-1,0.00000
14380,33547,-1,0.00000
14380,18165,-1,0.00000
14380,21150,-1,0.00000
14380,15893,-1,0.00000
14397,1043,-1,0.00000
14397,13806,-1,0.00000
14397,25133,-1,0.14570
14397,36712,-1,0.00000
14397,57972,-1,0.44989
14489,33547,-1,0.00000
14489,18165,-1,0.00000
14489,21150,-1,0.00000
14489,15893,-1,0.00000
14497,1043,-1,0.00000
14497,13806,-1,0.00000
14497,25133,-1,0.00000
14497,36712,-1,0.00000
14497,57972,-1,0.00000
14589,33547,-1,0.21161
14589,18165,-1,0.00000
14589,21150,-1,0.00000
14589,15893,-1,0.00000
14607,1043,-1,0.83830
14607,13806,-1,0.00000
14607,25133,-1,0.00000
14607,36712,-1,0.00000
14607,57972,-1,0.00000
14689,33547,-1,0.00000
14689,18165,-1,0.00000
14689,21150,-1,0.00000
14689,15893,-1,0.00000
14717,1043,-1,0.00000
14717,13806,-1,0.00000
14717,25133,-1,0.00000
14717,36712,-1,0.63677
14717,57972,-1,0.00000
14790,33547,-1,0.00000
14790,18165,-1,0.00000
14790,21150,-1,0.00000
14790,15893,-1,0.00000
14817,1043,-1,0.00000
14817,13806,-1,0.00000
14817,25133,-1,0.00000
14817,36712,-1,0.00000
14817,57972,-1,0.00000
14890,33547,-1,0.00000
14890,18165,-1,0.21052
14890,21150,-1,0.00000
14890,15893,-1,0.17322
14927,1043,-1,0.00000
14927,13806,-1,0.48634
14927,25133,-1,0.00000
14927,36712,-1,0.00000
14927,57972,-1,0.43758
15000,33547,-1,0.00000
15000,18165,-1,0.00000
15000,21150,-1,0.00000
15000,15893,-1,0.00000
15029,1043,-1,0.00000
15029,13806,-1,0.00000
15029,25133,-1,0.00000
15029,36712,-1,0.00000
15029,57972,-1,0.00000
15100,33547,-1,0.00000
15100,18165,-1,0.00000
15100,21150,-1,0.00000
15100,15893,-1,0.00000
15136,1043,-1,0.70490
15136,13806,-1,0.00000
15136,25133,-1,0.14509
15136,36712,-1,0.00000
15136,57972,-1,0.00000
15210,33547,-1,0.14231
15210,18165,-1,0.00000
15210,21150,-1,0.17649
15210,15893,-1,0.00000
15237,1043,-1,0.00000
15237,13806,-1,0.00000
15237,25133,-1,0.00000
15237,36712,-1,0.00000
15237,57972,-1,0.00000
15313,33547,-1,0.00000
15313,18165,-1,0.00000
15313,21150,-1,0.00000
15313,15893,-1,0.00000
15337,1043,-1,0.00000
15337,13806,-1,0.00000
15337,25133,-1,0.00000
15337,36712,-1,0.00000
15337,57972,-1,0.00000
15420,33547,-1,0.00000
15420,18165,-1,0.00000
15420,21150,-1,0.00000
15420,15893,-1,0.00000
15438,1043,-1,0.00000
15438,13806,-1,0.47541
15438,25133,-1,0.00000
15438,36712,-1,0.00000
15438,57972,-1,0.47541
15530,33547,-1,0.00000
15530,18165,-1,0.14170
15530,21150,-1,0.00000
15530,15893,-1,0.00000
15546,1043,-1,0.00000
15546,13806,-1,0.00000
15546,25133,-1,0.00000
15546,36712,-1,0.00000
15546,57972,-1,0.00000
15630,33547,-1,0.00000
15630,18165,-1,0.00000
15630,21150,-1,0.00000
15630,15893,-1,0.00000
15650,1043,-1,0.00000
15650,13806,-1,0.00000
15650,25133,-1,0.00000
15650,36712,-1,0.82442
15650,57972,-1,0.00000
15740,33547,-1,0.00000
15740,18165,-1,0.00000
15740,21150,-1,0.00000
15740,15893,-1,0.20201
15758,1043,-1,0.00000
15758,13806,-1,0.00000
15758,25133,-1,0.11836
15758,36712,-1,0.00000
15758,57972,-1,0.00000
15840,33547,-1,0.00000
15840,18165,-1,0.00000
15840,21150,-1,0.00000
15840,15893,-1,0.00000
15866,1043,-1,0.00000
15866,13806,-1,0.00000
15866,25133,-1,0.00000
15866,36712,-1,0.00000
15866,57972,-1,0.00000
15940,33547,-1,0.00000
15940,18165,-1,0.00000
15940,21150,-1,0.00000
15940,15893,-1,0.00000
15967,1043,-1,0.00000
15967,13806,-1,0.42874
15967,25133,-1,0.00000
15967,36712,-1,0.15312
15967,57972,-1,0.00000
16050,33547,-1,0.15844
16050,18165,-1,0.00000
16050,21150,-1,0.00000
16050,15893,-1,0.00000
16076,1043,-1,0.00000
16076,13806,-1,0.00000
16076,25133,-1,0.00000
16076,36712,-1,0.00000
16076,57972,-1,0.00000
16159,33547,-1,0.00000
16159,18165,-1,0.00000
16159,21150,-1,0.00000
16159,15893,-1,0.00000
16177,1043,-1,0.00000
16177,13806,-1,0.00000
16177,25133,-1,0.00000
16177,36712,-1,0.00000
16177,57972,-1,0.10450
16260,33547,-1,0.00000
16260,18165,-1,0.00000
16260,21150,-1,0.00000
16260,15893,-1,0.00000
16277,1043,-1,0.00000
16277,13806,-1,0.00000
16277,25133,-1,0.11755
16277,36712,-1,0.00000
16277,57972,-1,0.00000
16370,33547,-1,0.00000
16370,18165,-1,0.19236
16370,21150,-1,0.00000
16370,15893,-1,0.00000
16387,1043,-1,0.00000
16387,13806,-1,0.00000
16387,25133,-1,0.00000
16387,36712,-1,0.00000
16387,57972,-1,0.00000
16480,33547,-1,0.00000
16480,18165,-1,0.00000
16480,21150,-1,0.00000
16480,15893,-1,0.00000
16499,1043,-1,0.00000
16499,13806,-1,0.00000
16499,25133,-1,0.00000
16499,36712,-1,0.00000
16499,57972,-1,0.00000
16580,33547,-1,0.03736
16580,18165,-1,0.00000
16580,21150,-1,0.00000
16580,15893,-1,0.00000
16606,1043,-1,0.00000
16606,13806,-1,0.40949
16606,25133,-1,0.00000
16606,36712,-1,0.60021
16606,57972,-1,0.00000
16689,33547,-1,0.00000
16689,18165,-1,0.00000
16689,21150,-1,0.00000
16689,15893,-1,0.17853
16706,1043,-1,0.00000
16706,13806,-1,0.00000
16706,25133,-1,0.00000
16706,36712,-1,0.00000
16706,57972,-1,0.00000
16791,33547,-1,0.00000
16791,18165,-1,0.00000
16791,21150,-1,0.00000
16791,15893,-1,0.00000
16807,1043,-1,0.00000
16807,13806,-1,0.00000
16807,25133,-1,0.02782
16807,36712,-1,0.00000
16807,57972,-1,0.43888
16891,33547,-1,0.03750
16891,18165,-1,0.00000
16891,21150,-1,0.17414
16891,15893,-1,0.00000
16916,1043,-1,0.69269
16916,13806,-1,0.00000
16916,25133,-1,0.00000
16916,36712,-1,0.00000
16916,57972,-1,0.00000
17000,33547,-1,0.15984
17000,18165,-1,0.00000
17000,21150,-1,0.00000
17000,15893,-1,0.00000
17018,1043,-1,0.00000
17018,13806,-1,0.00000
17018,25133,-1,0.00000
17018,36712,-1,0.00000
17018,57972,-1,0.00000
17109,33547,-1,0.00000
17109,18165,-1,0.00000
17109,21150,-1,0.00000
17109,15893,-1,0.00000
17126,1043,-1,0.00000
17126,13806,-1,0.39624
17126,25133,-1,0.11794
17126,36712,-1,0.14151
17126,57972,-1,0.00000
17220,33547,-1,0.00000
17220,18165,-1,0.03395
17220,21150,-1,0.00000
17220,15893,-1,0.00000
17237,1043,-1,0.00000
17237,13806,-1,0.00000
17237,25133,-1,0.00000
17237,36712,-1,0.00000
17237,57972,-1,0.00000
17330,33547,-1,0.00000
17330,18165,-1,0.13764
17330,21150,-1,0.00000
17330,15893,-1,0.00000
17338,1043,-1,0.15946
17338,13806,-1,0.00000
17338,25133,-1,0.00000
17338,36712,-1,0.00000
17338,57972,-1,0.00000
17440,33547,-1,0.00000
17440,18165,-1,0.00000
17440,21150,-1,0.00000
17440,15893,-1,0.00000
17447,1043,-1,0.00000
17447,13806,-1,0.00000
17447,25133,-1,0.00000
17447,36712,-1,0.00000
17447,57972,-1,0.44213
17540,33547,-1,0.17411
17540,18165,-1,0.00000
17540,21150,-1,0.00000
17540,15893,-1,0.00000
17557,1043,-1,0.00000
17557,13806,-1,0.00000
17557,25133,-1,0.00000
17557,36712,-1,0.00000
17557,57972,-1,0.00000
17640,33547,-1,0.00000
17640,18165,-1,0.00000
17640,21150,-1,0.00000
17640,15893,-1,0.00000
17667,1043,-1,0.14574
17667,13806,-1,0.43505
17667,25133,-1,0.00000
17667,36712,-1,0.00000
17667,57972,-1,0.00000
17749,33547,-1,0.00000
17749,18165,-1,0.03445
17749,21150,-1,0.00000
17749,15893,-1,0.00000
17768,1043,-1,0.00000
17768,13806,-1,0.00000
17768,25133,-1,0.00000
17768,36712,-1,0.00000
17768,57972,-1,0.00000
17849,33547,-1,0.00000
17849,18165,-1,0.00000
17849,21150,-1,0.17394
17849,15893,-1,0.19430
17868,1043,-1,0.00000
17868,13806,-1,0.00000
17868,25133,-1,0.02773
17868,36712,-1,0.00000
17868,57972,-1,0.00000
17950,33547,-1,0.00000
17950,18165,-1,0.00000
17950,21150,-1,0.00000
17950,15893,-1,0.00000
17969,1043,-1,0.00000
17969,13806,-1,0.00000
17969,25133,-1,0.12748
17969,36712,-1,0.69347
17969,57972,-1,0.00000
18060,33547,-1,0.00000
18060,18165,-1,0.00000
18060,21150,-1,0.00000
18060,15893,-1,0.00000
18077,1043,-1,0.00000
18077,13806,-1,0.00000
18077,25133,-1,0.00000
18077,36712,-1,0.00000
18077,57972,-1,0.00000
18170,33547,-1,0.00000
18170,18165,-1,0.00000
18170,21150,-1,0.00000
18170,15893,-1,0.00000
18186,1043,-1,0.69573
18186,13806,-1,0.00000
18186,25133,-1,0.00000
18186,36712,-1,0.00000
18186,57972,-1,0.09642
18280,33547,-1,0.00000
18280,18165,-1,0.00000
18280,21150,-1,0.00000
18280,15893,-1,0.00000
18287,1043,-1,0.00000
18287,13806,-1,0.00000
18287,25133,-1,0.00000
18287,36712,-1,0.00000
18287,57972,-1,0.42674
18380,33547,-1,0.00000
18380,18165,-1,0.21144
18380,21150,-1,0.00000
18380,15893,-1,0.00000
18398,1043,-1,0.00000
18398,13806,-1,0.00000
18398,25133,-1,0.00000
18398,36712,-1,0.00000
18398,57972,-1,0.00000
18491,33547,-1,0.13645
18491,18165,-1,0.00000
18491,21150,-1,0.00000
18491,15893,-1,0.00000
18507,1043,-1,0.00000
18507,13806,-1,0.53716
18507,25133,-1,0.11726
18507,36712,-1,0.00000
18507,57972,-1,0.00000
18600,33547,-1,0.00000
18600,18165,-1,0.00000
18600,21150,-1,0.00000
18600,15893,-1,0.03842
18617,1043,-1,0.00000
18617,13806,-1,0.00000
18617,25133,-1,0.00000
18617,36712,-1,0.00000
18617,57972,-1,0.00000
18710,33547,-1,0.00000
18710,18165,-1,0.00000
18710,21150,-1,0.15961
18710,15893,-1,0.00000
18727,1043,-1,0.00000
18727,13806,-1,0.00000
18727,25133,-1,0.00000
18727,36712,-1,0.14017
18727,57972,-1,0.43932
18810,33547,-1,0.00000
18810,18165,-1,0.00000
18810,21150,-1,0.00000
18810,15893,-1,0.00000
18827,1043,-1,0.00000
18827,13806,-1,0.00000
18827,25133,-1,0.00000
18827,36712,-1,0.69534
18827,57972,-1,0.00000
18920,33547,-1,0.00000
18920,18165,-1,0.00000
18920,21150,-1,0.00000
18920,15893,-1,0.00000
18937,1043,-1,0.00000
18937,13806,-1,0.00000
18937,25133,-1,0.00000
18937,36712,-1,0.00000
18937,57972,-1,0.00000
19030,33547,-1,0.00000
19030,18165,-1,0.15877
19030,21150,-1,0.00000
19030,15893,-1,0.03849
19050,1043,-1,0.80854
19050,13806,-1,0.42366
19050,25133,-1,0.00000
19050,36712,-1,0.00000
19050,57972,-1,0.00000
19139,33547,-1,0.00000
19139,18165,-1,0.00000
19139,21150,-1,0.00000
19139,15893,-1,0.00000
19160,1043,-1,0.00000
19160,13806,-1,0.00000
19160,25133,-1,0.00000
19160,36712,-1,0.00000
19160,57972,-1,0.00000
19240,33547,-1,0.03720
19240,18165,-1,0.00000
19240,21150,-1,0.00000
19240,15893,-1,0.00000
19269,1043,-1,0.00000
19269,13806,-1,0.00000
19269,25133,-1,0.02562
19269,36712,-1,0.00000
19269,57972,-1,0.00000
19350,33547,-1,0.15918
19350,18165,-1,0.00000
19350,21150,-1,0.00000
19350,15893,-1,0.00000
19378,1043,-1,0.00000
19378,13806,-1,0.00000
19378,25133,-1,0.10356
19378,36712,-1,0.00000
19378,57972,-1,0.44255
19450,33547,-1,0.00000
19450,18165,-1,0.00000
19450,21150,-1,0.00000
19450,15893,-1,0.00000
19487,1043,-1,0.00000
19487,13806,-1,0.00000
19487,25133,-1,0.00000
19487,36712,-1,0.00000
19487,57972,-1,0.00000
19550,33547,-1,0.00000
19550,18165,-1,0.00000
19550,21150,-1,0.03752
19550,15893,-1,0.19462
19587,1043,-1,0.75700
19587,13806,-1,0.00000
19587,25133,-1,0.00000
19587,36712,-1,0.84937
19587,57972,-1,0.00000
19651,33547,-1,0.00000
19651,18165,-1,0.00000
19651,21150,-1,0.14953
19651,15893,-1,0.00000
19696,1043,-1,0.00000
19696,13806,-1,0.00000
19696,25133,-1,0.00000
19696,36712,-1,0.00000
19696,57972,-1,0.00000
19760,33547,-1,0.00000
19760,18165,-1,0.00000
19760,21150,-1,0.00000
19760,15893,-1,0.00000
19797,1043,-1,0.00000
19797,13806,-1,0.00000
19797,25133,-1,0.00000
19797,36712,-1,0.00000
19797,57972,-1,0.00000
19860,33547,-1,0.00000
19860,18165,-1,0.19350
19860,21150,-1,0.00000
19860,15893,-1,0.00000
19898,1043,-1,0.00000
19898,13806,-1,0.58110
19898,25133,-1,0.12685
19898,36712,-1,0.00000
19898,57972,-1,0.00000
19970,33547,-1,0.14218
19970,18165,-1,0.00000
19970,21150,-1,0.00000
19970,15893,-1,0.00000
20006,1043,-1,0.00000
20006,13806,-1,0.00000
20006,25133,-1,0.00000
20006,36712,-1,0.00000
20006,57972,-1,0.00000
20071,33547,-1,0.00000
20071,18165,-1,0.00000
20071,21150,-1,0.00000
20071,15893,-1,0.00000
20107,1043,-1,0.00000
20107,13806,-1,0.00000
20107,25133,-1,0.00000
20107,36712,-1,0.00000
20107,57972,-1,0.00000
20181,33547,-1,0.00000
20181,18165,-1,0.00000
20181,21150,-1,0.14104
20181,15893,-1,0.00000
20217,1043,-1,0.00000
20217,13806,-1,0.00000
20217,25133,-1,0.00000
20217,36712,-1,0.63734
20217,57972,-1,0.53671
20290,33547,-1,0.00000
20290,18165,-1,0.00000
20290,21150,-1,0.00000
20290,15893,-1,0.00000
20317,1043,-1,0.00000
20317,13806,-1,0.00000
20317,25133,-1,0.00000
20317,36712,-1,0.00000
20317,57972,-1,0.00000
20392,33547,-1,0.00000
20392,18165,-1,0.00000
20392,21150,-1,0.00000
20392,15893,-1,0.00000
20429,1043,-1,0.00000
20429,13806,-1,0.00000
20429,25133,-1,0.00000
20429,36712,-1,0.00000
20429,57972,-1,0.00000
20500,33547,-1,0.00000
20500,18165,-1,0.00000
20500,21150,-1,0.00000
20500,15893,-1,0.03917
20538,1043,-1,0.84826
20538,13806,-1,0.39708
20538,25133,-1,0.00000
20538,36712,-1,0.00000
20538,57972,-1,0.00000
20610,33547,-1,0.00000
20610,18165,-1,0.00000
20610,21150,-1,0.00000
20610,15893,-1,0.17748
20646,1043,-1,0.00000
20646,13806,-1,0.00000
20646,25133,-1,0.00000
20646,36712,-1,0.00000
20646,57972,-1,0.00000
20710,33547,-1,0.00000
20710,18165,-1,0.00000
20710,21150,-1,0.00000
20710,15893,-1,0.00000
20747,1043,-1,0.00000
20747,13806,-1,0.00000
20747,25133,-1,0.02762
20747,36712,-1,0.00000
20747,57972,-1,0.00000
20811,33547,-1,0.17352
20811,18165,-1,0.00000
20811,21150,-1,0.00000
20811,15893,-1,0.00000
20857,1043,-1,0.00000
20857,13806,-1,0.00000
20857,25133,-1,0.10781
20857,36712,-1,0.00000
20857,57972,-1,0.40292
20920,33547,-1,0.00000
20920,18165,-1,0.00000
20920,21150,-1,0.13889
20920,15893,-1,0.00000
20960,1043,-1,0.00000
20960,13806,-1,0.00000
20960,25133,-1,0.00000
20960,36712,-1,0.00000
20960,57972,-1,0.00000
21020,33547,-1,0.00000
21020,18165,-1,0.00000
21020,21150,-1,0.00000
21020,15893,-1,0.00000
21069,1043,-1,0.00000
21069,13806,-1,0.40610
21069,25133,-1,0.00000
21069,36712,-1,0.59524
21069,57972,-1,0.00000
21129,33547,-1,0.00000
21129,18165,-1,0.00000
21129,21150,-1,0.00000
21129,15893,-1,0.00000
21177,1043,-1,0.00000
21177,13806,-1,0.00000
21177,25133,-1,0.00000
21177,36712,-1,0.00000
21177,57972,-1,0.00000
21230,33547,-1,0.00000
21230,18165,-1,0.00000
21230,21150,-1,0.00000
21230,15893,-1,0.00000
21277,1043,-1,0.16090
21277,13806,-1,0.00000
21277,25133,-1,0.00000
21277,36712,-1,0.00000
21277,57972,-1,0.00000
21330,33547,-1,0.00000
21330,18165,-1,0.00000
21330,21150,-1,0.00000
21330,15893,-1,0.00000
21387,1043,-1,0.61533
21387,13806,-1,0.00000
21387,25133,-1,0.00000
21387,36712,-1,0.00000
21387,57972,-1,0.43855
21441,33547,-1,0.03386
21441,18165,-1,0.00000
21441,21150,-1,0.00000
21441,15893,-1,0.00000
21497,1043,-1,0.00000
21497,13806,-1,0.00000
21497,25133,-1,0.00000
21497,36712,-1,0.00000
21497,57972,-1,0.00000
21551,33547,-1,0.00000
21551,18165,-1,0.00000
21551,21150,-1,0.15857
21551,15893,-1,0.00000
21608,1043,-1,0.00000
21608,13806,-1,0.00000
21608,25133,-1,0.11566
21608,36712,-1,0.13877
21608,57972,-1,0.00000
21652,33547,-1,0.00000
21652,18165,-1,0.00000
21652,21150,-1,0.00000
21652,15893,-1,0.00000
21717,1043,-1,0.00000
21717,13806,-1,0.39484
21717,25133,-1,0.00000
21717,36712,-1,0.00000
21717,57972,-1,0.00000
21760,33547,-1,0.03475
21760,18165,-1,0.14469
21760,21150,-1,0.00000
21760,15893,-1,0.00000
21817,1043,-1,0.00000
21817,13806,-1,0.00000
21817,25133,-1,0.00000
21817,36712,-1,0.00000
21817,57972,-1,0.00000
21860,33547,-1,0.00000
21860,18165,-1,0.00000
21860,21150,-1,0.00000
21860,15893,-1,0.00000
21927,1043,-1,0.00000
21927,13806,-1,0.00000
21927,25133,-1,0.00000
21927,36712,-1,0.77247
21927,57972,-1,0.00000
21960,33547,-1,0.00000
21960,18165,-1,0.00000
21960,21150,-1,0.00000
21960,15893,-1,0.00000
22027,1043,-1,0.00000
22027,13806,-1,0.00000
22027,25133,-1,0.00000
22027,36712,-1,0.00000
22027,57972,-1,0.00000
22070,33547,-1,0.03432
22070,18165,-1,0.00000
22070,21150,-1,0.00000
22070,15893,-1,0.17804
22138,1043,-1,0.00000
22138,13806,-1,0.00000
22138,25133,-1,0.00000
22138,36712,-1,0.00000
22138,57972,-1,0.09506
22170,33547,-1,0.15012
22170,18165,-1,0.00000
22170,21150,-1,0.00000
22170,15893,-1,0.00000
22247,1043,-1,0.00000
22247,13806,-1,0.00000
22247,25133,-1,0.11748
22247,36712,-1,0.00000
22247,57972,-1,0.00000
22271,33547,-1,0.00000
22271,18165,-1,0.00000
22271,21150,-1,0.00000
22271,15893,-1,0.00000
22347,1043,-1,0.00000
22347,13806,-1,0.00000
22347,25133,-1,0.00000
22347,36712,-1,0.00000
22347,57972,-1,0.00000
22380,33547,-1,0.00000
22380,18165,-1,0.00000
22380,21150,-1,0.19348
22380,15893,-1,0.00000
22458,1043,-1,0.00000
22458,13806,-1,0.09541
22458,25133,-1,0.00000
22458,36712,-1,0.00000
22458,57972,-1,0.00000
22491,33547,-1,0.00000
22491,18165,-1,0.00000
22491,21150,-1,0.00000
22491,15893,-1,0.00000
22567,1043,-1,0.68991
22567,13806,-1,0.43846
22567,25133,-1,0.00000
22567,36712,-1,0.00000
22567,57972,-1,0.00000
22601,33547,-1,0.00000
22601,18165,-1,0.00000
22601,21150,-1,0.00000
22601,15893,-1,0.00000
22678,1043,-1,0.00000
22678,13806,-1,0.00000
22678,25133,-1,0.00000
22678,36712,-1,0.00000
22678,57972,-1,0.00000
22710,33547,-1,0.00000
22710,18165,-1,0.03432
22710,21150,-1,0.00000
22710,15893,-1,0.00000
22787,1043,-1,0.00000
22787,13806,-1,0.00000
22787,25133,-1,0.00000
22787,36712,-1,0.00000
22787,57972,-1,0.44202
22820,33547,-1,0.15872
22820,18165,-1,0.15872
22820,21150,-1,0.00000
22820,15893,-1,0.00000
22896,1043,-1,0.00000
22896,13806,-1,0.00000
22896,25133,-1,0.00000
22896,36712,-1,0.57000
22896,57972,-1,0.00000
22930,33547,-1,0.00000
22930,18165,-1,0.00000
22930,21150,-1,0.00000
22930,15893,-1,0.00000
22998,1043,-1,0.00000
22998,13806,-1,0.00000
22998,25133,-1,0.00000
22998,36712,-1,0.00000
22998,57972,-1,0.00000
23030,33547,-1,0.00000
23030,18165,-1,0.00000
23030,21150,-1,0.00000
23030,15893,-1,0.23628
23108,1043,-1,0.00000
23108,13806,-1,0.44044
23108,25133,-1,0.14264
23108,36712,-1,0.00000
23108,57972,-1,0.00000
23140,33547,-1,0.00000
23140,18165,-1,0.00000
23140,21150,-1,0.15914
23140,15893,-1,0.00000
23218,1043,-1,0.00000
23218,13806,-1,0.00000
23218,25133,-1,0.00000
23218,36712,-1,0.00000
23218,57972,-1,0.00000
23242,33547,-1,0.00000
23242,18165,-1,0.00000
23242,21150,-1,0.00000
23242,15893,-1,0.00000
23327,1043,-1,0.00000
23327,13806,-1,0.00000
23327,25133,-1,0.00000
23327,36712,-1,0.14051
23327,57972,-1,0.00000
23350,33547,-1,0.00000
23350,18165,-1,0.00000
23350,21150,-1,0.00000
23350,15893,-1,0.00000
23437,1043,-1,0.69179
23437,13806,-1,0.00000
23437,25133,-1,0.00000
23437,36712,-1,0.00000
23437,57972,-1,0.43965
23459,33547,-1,0.00000
23459,18165,-1,0.13843
23459,21150,-1,0.00000
23459,15893,-1,0.00000
23537,1043,-1,0.00000
23537,13806,-1,0.00000
23537,25133,-1,0.00000
23537,36712,-1,0.00000
23537,57972,-1,0.00000
23560,33547,-1,0.00000
23560,18165,-1,0.00000
23560,21150,-1,0.00000
23560,15893,-1,0.00000
23638,1043,-1,0.00000
23638,13806,-1,0.00000
23638,25133,-1,0.12737
23638,36712,-1,0.84568
23638,57972,-1,0.00000
23660,33547,-1,0.21022
23660,18165,-1,0.00000
23660,21150,-1,0.00000
23660,15893,-1,0.19322
23746,1043,-1,0.00000
23746,13806,-1,0.00000
23746,25133,-1,0.00000
23746,36712,-1,0.00000
23746,57972,-1,0.00000
23770,33547,-1,0.00000
23770,18165,-1,0.00000
23770,21150,-1,0.00000
23770,15893,-1,0.00000
23846,1043,-1,0.00000
23846,13806,-1,0.10464
23846,25133,-1,0.00000
23846,36712,-1,0.00000
23846,57972,-1,0.00000
23880,33547,-1,0.00000
23880,18165,-1,0.00000
23880,21150,-1,0.03426
23880,15893,-1,0.00000
23946,1043,-1,0.65566
23946,13806,-1,0.48161
23946,25133,-1,0.00000
23946,36712,-1,0.00000
23946,57972,-1,0.00000
23980,33547,-1,0.00000
23980,18165,-1,0.17402
23980,21150,-1,0.00000
23980,15893,-1,0.00000
24057,1043,-1,0.00000
24057,13806,-1,0.00000
24057,25133,-1,0.00000
24057,36712,-1,0.00000
24057,57972,-1,0.00000
24089,33547,-1,0.00000
24089,18165,-1,0.00000
24089,21150,-1,0.00000
24089,15893,-1,0.00000
24157,1043,-1,0.00000
24157,13806,-1,0.00000
24157,25133,-1,0.00000
24157,36712,-1,0.00000
24157,57972,-1,0.58269
24190,33547,-1,0.00000
24190,18165,-1,0.00000
24190,21150,-1,0.03740
24190,15893,-1,0.00000
24267,1043,-1,0.00000
24267,13806,-1,0.00000
24267,25133,-1,0.11685
24267,36712,-1,0.00000
24267,57972,-1,0.00000
24291,33547,-1,0.00000
24291,18165,-1,0.00000
24291,21150,-1,0.17175
24291,15893,-1,0.00000
24377,1043,-1,0.00000
24377,13806,-1,0.00000
24377,25133,-1,0.00000
24377,36712,-1,0.00000
24377,57972,-1,0.00000
24400,33547,-1,0.00000
24400,18165,-1,0.00000
24400,21150,-1,0.00000
24400,15893,-1,0.00000
24488,1043,-1,0.00000
24488,13806,-1,0.43245
24488,25133,-1,0.00000
24488,36712,-1,0.62552
24488,57972,-1,0.00000
24500,33547,-1,0.03751
24500,18165,-1,0.00000
24500,21150,-1,0.00000
24500,15893,-1,0.19460
24596,1043,-1,0.00000
24596,13806,-1,0.00000
24596,25133,-1,0.00000
24596,36712,-1,0.00000
24596,57972,-1,0.00000
24600,33547,-1,0.15046
24600,18165,-1,0.00000
24600,21150,-1,0.00000
24600,15893,-1,0.00000
24697,1043,-1,0.00000
24697,13806,-1,0.00000
24697,25133,-1,0.00000
24697,36712,-1,0.00000
24697,57972,-1,0.00000
24710,33547,-1,0.00000
24710,18165,-1,0.00000
24710,21150,-1,0.00000
24710,15893,-1,0.00000
24808,1043,-1,0.83064
24808,13806,-1,0.00000
24808,25133,-1,0.00000
24808,36712,-1,0.00000
24808,57972,-1,0.43524
24819,33547,-1,0.00000
24819,18165,-1,0.17730
24819,21150,-1,0.14297
24819,15893,-1,0.00000
24908,1043,-1,0.00000
24908,13806,-1,0.00000
24908,25133,-1,0.00000
24908,36712,-1,0.00000
24908,57972,-1,0.00000
24920,33547,-1,0.00000
24920,18165,-1,0.00000
24920,21150,-1,0.00000
24920,15893,-1,0.00000
25017,1043,-1,0.00000
25017,13806,-1,0.00000
25017,25133,-1,0.00000
25017,36712,-1,0.14107
25017,57972,-1,0.00000
25030,33547,-1,0.00000
25030,18165,-1,0.00000
25030,21150,-1,0.00000
25030,15893,-1,0.00000
25127,1043,-1,0.00000
25127,13806,-1,0.39018
25127,25133,-1,0.11613
25127,36712,-1,0.00000
25127,57972,-1,0.00000
25140,33547,-1,0.14250
25140,18165,-1,0.00000
25140,21150,-1,0.00000
25140,15893,-1,0.03853
25237,1043,-1,0.00000
25237,13806,-1,0.00000
25237,25133,-1,0.00000
25237,36712,-1,0.00000
25237,57972,-1,0.00000
25240,33547,-1,0.00000
25240,18165,-1,0.00000
25240,21150,-1,0.00000
25240,15893,-1,0.00000
25347,1043,-1,0.61529
25347,13806,-1,0.00000
25347,25133,-1,0.00000
25347,36712,-1,0.72760
25347,57972,-1,0.00000
25350,33547,-1,0.00000
25350,18165,-1,0.00000
25350,21150,-1,0.00000
25350,15893,-1,0.00000
25447,1043,-1,0.00000
25447,13806,-1,0.00000
25447,25133,-1,0.00000
25447,36712,-1,0.00000
25447,57972,-1,0.00000
25450,33547,-1,0.00000
25450,18165,-1,0.00000
25450,21150,-1,0.00000
25450,15893,-1,0.00000
25548,1043,-1,0.00000
25548,13806,-1,0.00000
25548,25133,-1,0.00000
25548,36712,-1,0.00000
25548,57972,-1,0.00000
25550,33547,-1,0.00000
25550,18165,-1,0.00000
25550,21150,-1,0.00000
25550,15893,-1,0.00000
25650,33547,-1,0.00000
25650,18165,-1,0.00000
25650,21150,-1,0.00000
25650,15893,-1,0.00000
25657,1043,-1,0.00000
25657,13806,-1,0.00000
25657,25133,-1,0.10845
25657,36712,-1,0.00000
25657,57972,-1,0.09667
25751,33547,-1,0.00000
25751,18165,-1,0.15003
25751,21150,-1,0.00000
25751,15893,-1,0.17799
25758,1043,-1,0.00000
25758,13806,-1,0.00000
25758,25133,-1,0.00000
25758,36712,-1,0.00000
25758,57972,-1,0.00000
25860,33547,-1,0.00000
25860,18165,-1,0.00000
25860,21150,-1,0.00000
25860,15893,-1,0.00000
25866,1043,-1,0.00000
25866,13806,-1,0.50354
25866,25133,-1,0.00000
25866,36712,-1,0.00000
25866,57972,-1,0.00000
25960,33547,-1,0.00000
25960,18165,-1,0.03729
25960,21150,-1,0.00000
25960,15893,-1,0.00000
25967,1043,-1,0.00000
25967,13806,-1,0.00000
25967,25133,-1,0.00000
25967,36712,-1,0.69317
25967,57972,-1,0.00000
26061,33547,-1,0.00000
26061,18165,-1,0.00000
26061,21150,-1,0.00000
26061,15893,-1,0.00000
26068,1043,-1,0.00000
26068,13806,-1,0.00000
26068,25133,-1,0.00000
26068,36712,-1,0.00000
26068,57972,-1,0.00000
26169,33547,-1,0.00000
26169,18165,-1,0.00000
26169,21150,-1,0.00000
26169,15893,-1,0.00000
26177,1043,-1,0.74984
26177,13806,-1,0.00000
26177,25133,-1,0.00000
26177,36712,-1,0.00000
26177,57972,-1,0.00000
26270,33547,-1,0.17399
26270,18165,-1,0.17399
26270,21150,-1,0.00000
26270,15893,-1,0.00000
26277,1043,-1,0.00000
26277,13806,-1,0.00000
26277,25133,-1,0.00000
26277,36712,-1,0.00000
26277,57972,-1,0.00000
26370,33547,-1,0.00000
26370,18165,-1,0.00000
26370,21150,-1,0.00000
26370,15893,-1,0.00000
26377,1043,-1,0.00000
26377,13806,-1,0.00000
26377,25133,-1,0.02778
26377,36712,-1,0.00000
26377,57972,-1,0.00000
26470,33547,-1,0.03751
26470,18165,-1,0.00000
26470,21150,-1,0.00000
26470,15893,-1,0.00000
26486,1043,-1,0.00000
26486,13806,-1,0.44058
26486,25133,-1,0.11715
26486,36712,-1,0.00000
26486,57972,-1,0.00000
26580,33547,-1,0.00000
26580,18165,-1,0.00000
26580,21150,-1,0.14140
26580,15893,-1,0.00000
26587,1043,-1,0.00000
26587,13806,-1,0.00000
26587,25133,-1,0.00000
26587,36712,-1,0.00000
26587,57972,-1,0.00000
26689,1043,-1,0.00000
26689,13806,-1,0.00000
26689,25133,-1,0.00000
26689,36712,-1,0.15005
26689,57972,-1,0.43001
26691,33547,-1,0.00000
26691,18165,-1,0.00000
26691,21150,-1,0.00000
26691,15893,-1,0.00000
26798,1043,-1,0.69465
26798,13806,-1,0.00000
26798,25133,-1,0.00000
26798,36712,-1,0.00000
26798,57972,-1,0.00000
26800,33547,-1,0.15960
26800,18165,-1,0.00000
26800,21150,-1,0.00000
26800,15893,-1,0.19829
26907,1043,-1,0.00000
26907,13806,-1,0.00000
26907,25133,-1,0.00000
26907,36712,-1,0.00000
26907,57972,-1,0.00000
26910,33547,-1,0.00000
26910,18165,-1,0.00000
26910,21150,-1,0.00000
26910,15893,-1,0.00000
27007,1043,-1,0.00000
27007,13806,-1,0.00000
27007,25133,-1,0.18431
27007,36712,-1,0.00000
27007,57972,-1,0.00000
27020,33547,-1,0.00000
27020,18165,-1,0.00000
27020,21150,-1,0.00000
27020,15893,-1,0.00000
27107,1043,-1,0.00000
27107,13806,-1,0.00000
27107,25133,-1,0.15079
27107,36712,-1,0.00000
27107,57972,-1,0.00000
27130,33547,-1,0.00000
27130,18165,-1,0.19314
27130,21150,-1,0.00000
27130,15893,-1,0.00000
27217,1043,-1,0.00000
27217,13806,-1,0.00000
27217,25133,-1,0.00000
27217,36712,-1,0.00000
27217,57972,-1,0.00000
27230,33547,-1,0.00000
27230,18165,-1,0.00000
27230,21150,-1,0.00000
27230,15893,-1,0.00000
27318,1043,-1,0.00000
27318,13806,-1,0.10384
27318,25133,-1,0.00000
27318,36712,-1,0.64829
27318,57972,-1,0.00000
27331,33547,-1,0.00000
27331,18165,-1,0.00000
27331,21150,-1,0.00000
27331,15893,-1,0.00000
27428,1043,-1,0.00000
27428,13806,-1,0.39088
27428,25133,-1,0.00000
27428,36712,-1,0.00000
27428,57972,-1,0.00000
27439,33547,-1,0.16098
27439,18165,-1,0.00000
27439,21150,-1,0.16098
27439,15893,-1,0.03902
27539,1043,-1,0.00000
27539,13806,-1,0.00000
27539,25133,-1,0.00000
27539,36712,-1,0.00000
27539,57972,-1,0.00000
27542,33547,-1,0.00000
27542,18165,-1,0.00000
27542,21150,-1,0.00000
27542,15893,-1,0.00000
27640,1043,-1,0.00000
27640,13806,-1,0.00000
27640,25133,-1,0.03349
27640,36712,-1,0.00000
27640,57972,-1,0.00000
27650,33547,-1,0.00000
27650,18165,-1,0.00000
27650,21150,-1,0.00000
27650,15893,-1,0.00000
27747,1043,-1,0.70683
27747,13806,-1,0.00000
27747,25133,-1,0.00000
27747,36712,-1,0.00000
27747,57972,-1,0.44921
27750,33547,-1,0.00000
27750,18165,-1,0.00000
27750,21150,-1,0.00000
27750,15893,-1,0.04212
27848,1043,-1,0.00000
27848,13806,-1,0.00000
27848,25133,-1,0.00000
27848,36712,-1,0.00000
27848,57972,-1,0.00000
27852,33547,-1,0.00000
27852,18165,-1,0.00000
27852,21150,-1,0.00000
27852,15893,-1,0.00000
27957,1043,-1,0.00000
27957,13806,-1,0.00000
27957,25133,-1,0.17079
27957,36712,-1,0.00000
27957,57972,-1,0.00000
27964,33547,-1,0.15600
27964,18165,-1,0.03359
27964,21150,-1,0.00000
27964,15893,-1,0.00000
28057,1043,-1,0.00000
28057,13806,-1,0.47964
28057,25133,-1,0.00000
28057,36712,-1,0.00000
28057,57972,-1,0.00000
28071,33547,-1,0.00000
28071,18165,-1,0.00000
28071,21150,-1,0.14120
28071,15893,-1,0.00000
28157,1043,-1,0.00000
28157,13806,-1,0.00000
28157,25133,-1,0.00000
28157,36712,-1,0.00000
28157,57972,-1,0.00000
28171,33547,-1,0.00000
28171,18165,-1,0.00000
28171,21150,-1,0.00000
28171,15893,-1,0.00000
28269,1043,-1,0.00000
28269,13806,-1,0.00000
28269,25133,-1,0.00000
28269,36712,-1,0.71736
28269,57972,-1,0.43236
28280,33547,-1,0.00000
28280,18165,-1,0.19406
28280,21150,-1,0.00000
28280,15893,-1,0.17837
28369,1043,-1,0.00000
28369,13806,-1,0.00000
28369,25133,-1,0.00000
28369,36712,-1,0.00000
28369,57972,-1,0.00000
28380,33547,-1,0.00000
28380,18165,-1,0.00000
28380,21150,-1,0.00000
28380,15893,-1,0.00000
28478,1043,-1,0.14812
28478,13806,-1,0.00000
28478,25133,-1,0.00000
28478,36712,-1,0.00000
28478,57972,-1,0.00000
28481,33547,-1,0.00000
28481,18165,-1,0.00000
28481,21150,-1,0.00000
28481,15893,-1,0.00000
28581,33547,-1,0.00000
28581,18165,-1,0.00000
28581,21150,-1,0.17357
28581,15893,-1,0.00000
28586,1043,-1,0.69742
28586,13806,-1,0.00000
28586,25133,-1,0.12257
28586,36712,-1,0.00000
28586,57972,-1,0.00000
28687,1043,-1,0.00000
28687,13806,-1,0.00000
28687,25133,-1,0.00000
28687,36712,-1,0.00000
28687,57972,-1,0.00000
28690,33547,-1,0.00000
28690,18165,-1,0.00000
28690,21150,-1,0.00000
28690,15893,-1,0.00000
28787,1043,-1,0.00000
28787,13806,-1,0.58375
28787,25133,-1,0.00000
28787,36712,-1,0.00000
28787,57972,-1,0.00000
28791,33547,-1,0.00000
28791,18165,-1,0.00000
28791,21150,-1,0.00000
28791,15893,-1,0.00000
28897,1043,-1,0.00000
28897,13806,-1,0.00000
28897,25133,-1,0.00000
28897,36712,-1,0.59494
28897,57972,-1,0.00000
28899,33547,-1,0.19510
28899,18165,-1,0.16053
28899,21150,-1,0.00000
28899,15893,-1,0.00000
28997,1043,-1,0.00000
28997,13806,-1,0.00000
28997,25133,-1,0.00000
28997,36712,-1,0.00000
28997,57972,-1,0.00000
29000,33547,-1,0.00000
29000,18165,-1,0.00000
29000,21150,-1,0.00000
29000,15893,-1,0.00000
29097,1043,-1,0.75778
29097,13806,-1,0.00000
29097,25133,-1,0.00000
29097,36712,-1,0.00000
29097,57972,-1,0.58661
29100,33547,-1,0.00000
29100,18165,-1,0.00000
29100,21150,-1,0.00000
29100,15893,-1,0.00000
29198,1043,-1,0.00000
29198,13806,-1,0.00000
29198,25133,-1,0.00000
29198,36712,-1,0.00000
29198,57972,-1,0.00000
29200,33547,-1,0.00000
29200,18165,-1,0.00000
29200,21150,-1,0.00000
29200,15893,-1,0.17390
29309,1043,-1,0.00000
29309,13806,-1,0.00000
29309,25133,-1,0.00000
29309,36712,-1,0.00000
29309,57972,-1,0.00000
29310,33547,-1,0.00000
29310,18165,-1,0.00000
29310,21150,-1,0.00000
29310,15893,-1,0.00000
29417,1043,-1,0.00000
29417,13806,-1,0.44362
29417,25133,-1,0.17020
29417,36712,-1,0.00000
29417,57972,-1,0.00000
29420,33547,-1,0.00000
29420,18165,-1,0.00000
29420,21150,-1,0.17616
29420,15893,-1,0.00000
29527,1043,-1,0.00000
29527,13806,-1,0.00000
29527,25133,-1,0.00000
29527,36712,-1,0.00000
29527,57972,-1,0.00000
29530,33547,-1,0.14174
29530,18165,-1,0.00000
29530,21150,-1,0.00000
29530,15893,-1,0.00000
29628,1043,-1,0.00000
29628,13806,-1,0.00000
29628,25133,-1,0.00000
29628,36712,-1,0.00000
29628,57972,-1,0.00000
29640,33547,-1,0.00000
29640,18165,-1,0.00000
29640,21150,-1,0.00000
29640,15893,-1,0.00000
29737,1043,-1,0.00000
29737,13806,-1,0.00000
29737,25133,-1,0.00000
29737,36712,-1,0.73312
29737,57972,-1,0.39474
29751,33547,-1,0.00000
29751,18165,-1,0.17415
29751,21150,-1,0.00000
29751,15893,-1,0.16113
29837,1043,-1,0.00000
29837,13806,-1,0.00000
29837,25133,-1,0.00000
29837,36712,-1,0.00000
29837,57972,-1,0.00000
29861,33547,-1,0.00000
29861,18165,-1,0.00000
29861,21150,-1,0.00000
29861,15893,-1,0.00000
29938,1043,-1,0.00000
29938,13806,-1,0.00000
29938,25133,-1,0.00000
29938,36712,-1,0.00000
29938,57972,-1,0.00000
29970,33547,-1,0.00000
29970,18165,-1,0.00000
29970,21150,-1,0.00000
29970,15893,-1,0.00000
30038,1043,-1,0.83674
30038,13806,-1,0.00000
30038,25133,-1,0.13824
30038,36712,-1,0.00000
30038,57972,-1,0.00000
30080,33547,-1,0.00000
30080,18165,-1,0.00000
30080,21150,-1,0.00000
30080,15893,-1,0.00000
30147,1043,-1,0.00000
30147,13806,-1,0.00000
30147,25133,-1,0.00000
30147,36712,-1,0.00000
30147,57972,-1,0.00000
30190,33547,-1,0.00000
30190,18165,-1,0.00000
30190,21150,-1,0.00000
30190,15893,-1,0.00000
30249,1043,-1,0.00000
30249,13806,-1,0.00000
30249,25133,-1,0.00000
30249,36712,-1,0.00000
30249,57972,-1,0.00000
30290,33547,-1,0.00000
30290,18165,-1,0.15037
30290,21150,-1,0.00000
30290,15893,-1,0.19368
30357,1043,-1,0.00000
30357,13806,-1,0.50742
30357,25133,-1,0.00000
30357,36712,-1,0.00000
30357,57972,-1,0.00000
30400,33547,-1,0.00000
30400,18165,-1,0.00000
30400,21150,-1,0.00000
30400,15893,-1,0.00000
30467,1043,-1,0.00000
30467,13806,-1,0.00000
30467,25133,-1,0.00000
30467,36712,-1,0.00000
30467,57972,-1,0.00000
30500,33547,-1,0.00000
30500,18165,-1,0.00000
30500,21150,-1,0.03750
30500,15893,-1,0.00000
30568,1043,-1,0.00000
30568,13806,-1,0.00000
30568,25133,-1,0.00000
30568,36712,-1,0.00000
30568,57972,-1,0.00000
30611,33547,-1,0.00000
30611,18165,-1,0.00000
30611,21150,-1,0.00000
30611,15893,-1,0.00000
30678,1043,-1,0.69181
30678,13806,-1,0.00000
30678,25133,-1,0.00000
30678,36712,-1,0.68276
30678,57972,-1,0.00000
30720,33547,-1,0.00000
30720,18165,-1,0.00000
30720,21150,-1,0.00000
30720,15893,-1,0.00000
30781,1043,-1,0.00000
30781,13806,-1,0.00000
30781,25133,-1,0.00000
30781,36712,-1,0.00000
30781,57972,-1,0.00000
30821,33547,-1,0.00000
30821,18165,-1,0.00000
30821,21150,-1,0.20951
30821,15893,-1,0.00000
30889,1043,-1,0.00000
30889,13806,-1,0.00000
30889,25133,-1,0.00000
30889,36712,-1,0.00000
30889,57972,-1,0.00000
30930,33547,-1,0.00000
30930,18165,-1,0.00000
30930,21150,-1,0.00000
30930,15893,-1,0.17904
30997,1043,-1,0.00000
30997,13806,-1,0.00000
30997,25133,-1,0.15436
30997,36712,-1,0.00000
30997,57972,-1,0.00000
31031,33547,-1,0.00000
31031,18165,-1,0.00000
31031,21150,-1,0.00000
31031,15893,-1,0.00000
31097,1043,-1,0.00000
31097,13806,-1,0.00000
31097,25133,-1,0.00000
31097,36712,-1,0.00000
31097,57972,-1,0.00000
31140,33547,-1,0.16049
31140,18165,-1,0.03456
31140,21150,-1,0.00000
31140,15893,-1,0.00000
31207,1043,-1,0.00000
31207,13806,-1,0.09577
31207,25133,-1,0.00000
31207,36712,-1,0.00000
31207,57972,-1,0.00000
31240,33547,-1,0.00000
31240,18165,-1,0.17336
31240,21150,-1,0.00000
31240,15893,-1,0.00000
31317,1043,-1,0.00000
31317,13806,-1,0.43495
31317,25133,-1,0.00000
31317,36712,-1,0.59214
31317,57972,-1,0.00000
31351,33547,-1,0.00000
31351,18165,-1,0.00000
31351,21150,-1,0.00000
31351,15893,-1,0.00000
31427,1043,-1,0.00000
31427,13806,-1,0.00000
31427,25133,-1,0.00000
31427,36712,-1,0.00000
31427,57972,-1,0.00000
31461,33547,-1,0.00000
31461,18165,-1,0.00000
31461,21150,-1,0.15770
31461,15893,-1,0.00000
31527,1043,-1,0.91378
31527,13806,-1,0.00000
31527,25133,-1,0.00000
31527,36712,-1,0.00000
31527,57972,-1,0.43776
31570,33547,-1,0.00000
31570,18165,-1,0.00000
31570,21150,-1,0.00000
31570,15893,-1,0.00000
31636,1043,-1,0.00000
31636,13806,-1,0.00000
31636,25133,-1,0.00000
31636,36712,-1,0.00000
31636,57972,-1,0.00000
31670,33547,-1,0.00000
31670,18165,-1,0.00000
31670,21150,-1,0.00000
31670,15893,-1,0.00000
31737,1043,-1,0.00000
31737,13806,-1,0.00000
31737,25133,-1,0.03350
31737,36712,-1,0.00000
31737,57972,-1,0.00000
31782,33547,-1,0.00000
31782,18165,-1,0.00000
31782,21150,-1,0.00000
31782,15893,-1,0.03771
31846,1043,-1,0.00000
31846,13806,-1,0.43965
31846,25133,-1,0.13793
31846,36712,-1,0.00000
31846,57972,-1,0.00000
31890,33547,-1,0.00000
31890,18165,-1,0.16159
31890,21150,-1,0.00000
31890,15893,-1,0.00000
31947,1043,-1,0.00000
31947,13806,-1,0.00000
31947,25133,-1,0.00000
31947,36712,-1,0.00000
31947,57972,-1,0.00000
31990,33547,-1,0.00000
31990,18165,-1,0.00000
31990,21150,-1,0.00000
31990,15893,-1,0.00000
32057,1043,-1,0.00000
32057,13806,-1,0.00000
32057,25133,-1,0.00000
32057,36712,-1,0.72619
32057,57972,-1,0.00000
32100,33547,-1,0.01848
32100,18165,-1,0.00000
32100,21150,-1,0.03426
32100,15893,-1,0.00000
32167,1043,-1,0.00000
32167,13806,-1,0.00000
32167,25133,-1,0.00000
32167,36712,-1,0.00000
32167,57972,-1,0.39137
32207,33547,-1,0.16213
32207,18165,-1,0.00000
32207,21150,-1,0.00000
32207,15893,-1,0.00000
32267,1043,-1,0.00000
32267,13806,-1,0.00000
32267,25133,-1,0.00000
32267,36712,-1,0.00000
32267,57972,-1,0.00000
32311,33547,-1,0.00000
32311,18165,-1,0.00000
32311,21150,-1,0.00000
32311,15893,-1,0.00000
32378,1043,-1,0.82656
32378,13806,-1,0.00000
32378,25133,-1,0.13588
32378,36712,-1,0.00000
32378,57972,-1,0.00000
32420,33547,-1,0.00000
32420,18165,-1,0.00000
32420,21150,-1,0.19416
32420,15893,-1,0.17846
32488,1043,-1,0.00000
32488,13806,-1,0.00000
32488,25133,-1,0.00000
32488,36712,-1,0.00000
32488,57972,-1,0.00000
32520,33547,-1,0.00000
32520,18165,-1,0.00000
32520,21150,-1,0.00000
32520,15893,-1,0.00000
32598,1043,-1,0.00000
32598,13806,-1,0.09612
32598,25133,-1,0.00000
32598,36712,-1,0.00000
32598,57972,-1,0.00000
32622,33547,-1,0.00000
32622,18165,-1,0.00000
32622,21150,-1,0.00000
32622,15893,-1,0.00000
32707,1043,-1,0.00000
32707,13806,-1,0.43956
32707,25133,-1,0.00000
32707,36712,-1,0.59841
32707,57972,-1,0.00000
32730,33547,-1,0.00000
32730,18165,-1,0.19455
32730,21150,-1,0.00000
32730,15893,-1,0.00000
32821,1043,-1,0.00000
32821,13806,-1,0.00000
32821,25133,-1,0.00000
32821,36712,-1,0.00000
32821,57972,-1,0.00000
32831,33547,-1,0.00000
32831,18165,-1,0.00000
32831,21150,-1,0.00000
32831,15893,-1,0.00000
32927,1043,-1,0.00000
32927,13806,-1,0.00000
32927,25133,-1,0.19952
32927,36712,-1,0.00000
32927,57972,-1,0.00000
32940,33547,-1,0.00000
32940,18165,-1,0.00000
32940,21150,-1,0.00000
32940,15893,-1,0.00000
33029,1043,-1,0.00000
33029,13806,-1,0.00000
33029,25133,-1,0.00000
33029,36712,-1,0.00000
33029,57972,-1,0.47065
33050,33547,-1,0.19382
33050,18165,-1,0.00000
33050,21150,-1,0.15948
33050,15893,-1,0.00000
33138,1043,-1,0.00000
33138,13806,-1,0.00000
33138,25133,-1,0.00000
33138,36712,-1,0.00000
33138,57972,-1,0.00000
33151,33547,-1,0.00000
33151,18165,-1,0.00000
33151,21150,-1,0.00000
33151,15893,-1,0.00000
33248,1043,-1,0.59801
33248,13806,-1,0.00000
33248,25133,-1,0.19311
33248,36712,-1,0.00000
33248,57972,-1,0.00000
33261,33547,-1,0.00000
33261,18165,-1,0.00000
33261,21150,-1,0.00000
33261,15893,-1,0.00000
33356,1043,-1,0.00000
33356,13806,-1,0.00000
33356,25133,-1,0.00000
33356,36712,-1,0.00000
33356,57972,-1,0.00000
33370,33547,-1,0.00000
33370,18165,-1,0.15940
33370,21150,-1,0.00000
33370,15893,-1,0.05891
33457,1043,-1,0.00000
33457,13806,-1,0.10445
33457,25133,-1,0.00000
33457,36712,-1,0.00000
33457,57972,-1,0.00000
33480,33547,-1,0.00000
33480,18165,-1,0.00000
33480,21150,-1,0.00000
33480,15893,-1,0.00000
33557,1043,-1,0.00000
33557,13806,-1,0.48161
33557,25133,-1,0.00000
33557,36712,-1,0.65566
33557,57972,-1,0.00000
33580,33547,-1,0.00000
33580,18165,-1,0.00000
33580,21150,-1,0.00000
33580,15893,-1,0.04197
33659,1043,-1,0.00000
33659,13806,-1,0.00000
33659,25133,-1,0.00000
33659,36712,-1,0.00000
33659,57972,-1,0.00000
33681,33547,-1,0.17326
33681,18165,-1,0.00000
33681,21150,-1,0.00000
33681,15893,-1,0.19354
33768,1043,-1,0.00000
33768,13806,-1,0.00000
33768,25133,-1,0.00000
33768,36712,-1,0.00000
33768,57972,-1,0.09694
33791,33547,-1,0.00000
33791,18165,-1,0.00000
33791,21150,-1,0.00000
33791,15893,-1,0.00000
33877,1043,-1,0.69492
33877,13806,-1,0.00000
33877,25133,-1,0.00000
33877,36712,-1,0.00000
33877,57972,-1,0.44164
33892,33547,-1,0.00000
33892,18165,-1,0.00000
33892,21150,-1,0.03701
33892,15893,-1,0.00000
33977,1043,-1,0.00000
33977,13806,-1,0.00000
33977,25133,-1,0.00000
33977,36712,-1,0.00000
33977,57972,-1,0.00000
34000,33547,-1,0.00000
34000,18165,-1,0.00000
34000,21150,-1,0.14029
34000,15893,-1,0.00000
34087,1043,-1,0.00000
34087,13806,-1,0.00000
34087,25133,-1,0.19380
34087,36712,-1,0.60013
34087,57972,-1,0.00000
34110,33547,-1,0.00000
34110,18165,-1,0.00000
34110,21150,-1,0.00000
34110,15893,-1,0.00000
34196,1043,-1,0.00000
34196,13806,-1,0.00000
34196,25133,-1,0.00000
34196,36712,-1,0.00000
34196,57972,-1,0.00000
34230,33547,-1,0.00000
34230,18165,-1,0.16140
34230,21150,-1,0.00000
34230,15893,-1,0.00000
34297,1043,-1,0.00000
34297,13806,-1,0.00000
34297,25133,-1,0.00000
34297,36712,-1,0.00000
34297,57972,-1,0.00000
34342,33547,-1,0.00000
34342,18165,-1,0.00000
34342,21150,-1,0.00000
34342,15893,-1,0.16019
34407,1043,-1,0.00000
34407,13806,-1,0.53422
34407,25133,-1,0.00000
34407,36712,-1,0.00000
34407,57972,-1,0.39182
34464,33547,-1,0.00000
34464,18165,-1,0.00000
34464,21150,-1,0.00000
34464,15893,-1,0.00000
34507,1043,-1,0.00000
34507,13806,-1,0.00000
34507,25133,-1,0.00000
34507,36712,-1,0.00000
34507,57972,-1,0.00000
34570,33547,-1,0.18213
34570,18165,-1,0.00000
34570,21150,-1,0.14686
34570,15893,-1,0.00000
34617,1043,-1,0.14663
34617,13806,-1,0.00000
34617,25133,-1,0.00000
34617,36712,-1,0.00000
34617,57972,-1,0.00000
34670,33547,-1,0.00000
34670,18165,-1,0.00000
34670,21150,-1,0.00000
34670,15893,-1,0.00000
34727,1043,-1,0.00000
34727,13806,-1,0.00000
34727,25133,-1,0.14264
34727,36712,-1,0.00000
34727,57972,-1,0.00000
34781,33547,-1,0.00000
34781,18165,-1,0.00000
34781,21150,-1,0.00000
34781,15893,-1,0.00000
34827,1043,-1,0.00000
34827,13806,-1,0.00000
34827,25133,-1,0.00000
34827,36712,-1,0.00000
34827,57972,-1,0.00000
34890,33547,-1,0.00000
34890,18165,-1,0.00000
34890,21150,-1,0.00000
34890,15893,-1,0.00000
34927,1043,-1,0.00000
34927,13806,-1,0.00000
34927,25133,-1,0.00000
34927,36712,-1,0.74784
34927,57972,-1,0.00000
34991,33547,-1,0.00000
34991,18165,-1,0.00000
34991,21150,-1,0.00000
34991,15893,-1,0.00000
35030,1043,-1,0.00000
35030,13806,-1,0.00000
35030,25133,-1,0.00000
35030,36712,-1,0.00000
35030,57972,-1,0.00000
35100,33547,-1,0.00000
35100,18165,-1,0.15888
35100,21150,-1,0.00000
35100,15893,-1,0.00000
35137,1043,-1,0.00000
35137,13806,-1,0.00000
35137,25133,-1,0.00000
35137,36712,-1,0.00000
35137,57972,-1,0.00000
35210,33547,-1,0.00000
35210,18165,-1,0.00000
35210,21150,-1,0.13804
35210,15893,-1,0.00000
35247,1043,-1,0.61389
35247,13806,-1,0.53294
35247,25133,-1,0.00000
35247,36712,-1,0.00000
35247,57972,-1,0.00000
35310,33547,-1,0.00000
35310,18165,-1,0.00000
35310,21150,-1,0.00000
35310,15893,-1,0.00000
35347,1043,-1,0.00000
35347,13806,-1,0.00000
35347,25133,-1,0.00000
35347,36712,-1,0.00000
35347,57972,-1,0.00000
35411,33547,-1,0.17400
35411,18165,-1,0.03747
35411,21150,-1,0.00000
35411,15893,-1,0.17903
35449,1043,-1,0.00000
35449,13806,-1,0.00000
35449,25133,-1,0.03675
35449,36712,-1,0.00000
35449,57972,-1,0.00000
35520,33547,-1,0.00000
35520,18165,-1,0.00000
35520,21150,-1,0.00000
35520,15893,-1,0.00000
35557,1043,-1,0.00000
35557,13806,-1,0.00000
35557,25133,-1,0.00000
35557,36712,-1,0.53838
35557,57972,-1,0.00000
35630,33547,-1,0.00000
35630,18165,-1,0.03423
35630,21150,-1,0.00000
35630,15893,-1,0.00000
35667,1043,-1,0.00000
35667,13806,-1,0.00000
35667,25133,-1,0.00000
35667,36712,-1,0.00000
35667,57972,-1,0.00000
35740,33547,-1,0.00000
35740,18165,-1,0.00000
35740,21150,-1,0.15859
35740,15893,-1,0.00000
35778,1043,-1,0.00000
35778,13806,-1,0.00000
35778,25133,-1,0.03365
35778,36712,-1,0.00000
35778,57972,-1,0.00000
35840,33547,-1,0.00000
35840,18165,-1,0.00000
35840,21150,-1,0.00000
35840,15893,-1,0.00000
35887,1043,-1,0.00000
35887,13806,-1,0.44334
35887,25133,-1,0.16037
35887,36712,-1,0.00000
35887,57972,-1,0.00000
35950,33547,-1,0.03417
35950,18165,-1,0.00000
35950,21150,-1,0.00000
35950,15893,-1,0.00000
35988,1043,-1,0.00000
35988,13806,-1,0.00000
35988,25133,-1,0.00000
35988,36712,-1,0.00000
35988,57972,-1,0.00000
36050,33547,-1,0.17404
36050,18165,-1,0.17404
36050,21150,-1,0.00000
36050,15893,-1,0.00000
36098,1043,-1,0.83224
36098,13806,-1,0.00000
36098,25133,-1,0.00000
36098,36712,-1,0.00000
36098,57972,-1,0.39870
36160,33547,-1,0.00000
36160,18165,-1,0.00000
36160,21150,-1,0.00000
36160,15893,-1,0.00000
36206,1043,-1,0.00000
36206,13806,-1,0.00000
36206,25133,-1,0.00000
36206,36712,-1,0.00000
36206,57972,-1,0.00000
36270,33547,-1,0.00000
36270,18165,-1,0.00000
36270,21150,-1,0.00000
36270,15893,-1,0.03851
36309,1043,-1,0.00000
36309,13806,-1,0.00000
36309,25133,-1,0.00000
36309,36712,-1,0.14022
36309,57972,-1,0.00000
36370,33547,-1,0.00000
36370,18165,-1,0.00000
36370,21150,-1,0.00000
36370,15893,-1,0.17407
36417,1043,-1,0.00000
36417,13806,-1,0.00000
36417,25133,-1,0.16085
36417,36712,-1,0.60535
36417,57972,-1,0.00000
36484,33547,-1,0.00000
36484,18165,-1,0.00000
36484,21150,-1,0.00000
36484,15893,-1,0.00000
36517,1043,-1,0.00000
36517,13806,-1,0.00000
36517,25133,-1,0.00000
36517,36712,-1,0.00000
36517,57972,-1,0.00000
36590,33547,-1,0.16526
36590,18165,-1,0.00000
36590,21150,-1,0.20085
36590,15893,-1,0.00000
36627,1043,-1,0.60086
36627,13806,-1,0.53760
36627,25133,-1,0.00000
36627,36712,-1,0.00000
36627,57972,-1,0.00000
36700,33547,-1,0.00000
36700,18165,-1,0.00000
36700,21150,-1,0.00000
36700,15893,-1,0.00000
36727,1043,-1,0.00000
36727,13806,-1,0.00000
36727,25133,-1,0.00000
36727,36712,-1,0.00000
36727,57972,-1,0.00000
36810,33547,-1,0.00000
36810,18165,-1,0.00000
36810,21150,-1,0.00000
36810,15893,-1,0.00000
36829,1043,-1,0.00000
36829,13806,-1,0.00000
36829,25133,-1,0.00000
36829,36712,-1,0.00000
36829,57972,-1,0.10258
36911,33547,-1,0.00000
36911,18165,-1,0.21006
36911,21150,-1,0.00000
36911,15893,-1,0.19308
36937,1043,-1,0.00000
36937,13806,-1,0.00000
36937,25133,-1,0.00000
36937,36712,-1,0.60957
36937,57972,-1,0.44775
37020,33547,-1,0.00000
37020,18165,-1,0.00000
37020,21150,-1,0.00000
37020,15893,-1,0.00000
37037,1043,-1,0.00000
37037,13806,-1,0.00000
37037,25133,-1,0.00000
37037,36712,-1,0.00000
37037,57972,-1,0.00000
37121,33547,-1,0.00000
37121,18165,-1,0.00000
37121,21150,-1,0.00000
37121,15893,-1,0.00000
37147,1043,-1,0.00000
37147,13806,-1,0.00000
37147,25133,-1,0.03423
37147,36712,-1,0.00000
37147,57972,-1,0.00000
37231,33547,-1,0.00000
37231,18165,-1,0.00000
37231,21150,-1,0.15842
37231,15893,-1,0.00000
37257,1043,-1,0.00000
37257,13806,-1,0.43951
37257,25133,-1,0.15899
37257,36712,-1,0.00000
37257,57972,-1,0.00000
37340,33547,-1,0.00000
37340,18165,-1,0.00000
37340,21150,-1,0.00000
37340,15893,-1,0.00000
37358,1043,-1,0.00000
37358,13806,-1,0.00000
37358,25133,-1,0.00000
37358,36712,-1,0.00000
37358,57972,-1,0.00000
37451,33547,-1,0.03377
37451,18165,-1,0.00000
37451,21150,-1,0.00000
37451,15893,-1,0.00000
37467,1043,-1,0.84173
37467,13806,-1,0.00000
37467,25133,-1,0.00000
37467,36712,-1,0.00000
37467,57972,-1,0.44105
37559,33547,-1,0.16066
37559,18165,-1,0.00000
37559,21150,-1,0.00000
37559,15893,-1,0.16066
37577,1043,-1,0.00000
37577,13806,-1,0.00000
37577,25133,-1,0.00000
37577,36712,-1,0.00000
37577,57972,-1,0.00000
37660,33547,-1,0.00000
37660,18165,-1,0.00000
37660,21150,-1,0.00000
37660,15893,-1,0.00000
37677,1043,-1,0.00000
37677,13806,-1,0.00000
37677,25133,-1,0.00000
37677,36712,-1,0.14281
37677,57972,-1,0.00000
37770,33547,-1,0.00000
37770,18165,-1,0.00000
37770,21150,-1,0.00000
37770,15893,-1,0.00000
37778,1043,-1,0.00000
37778,13806,-1,0.42726
37778,25133,-1,0.00000
37778,36712,-1,0.65109
37778,57972,-1,0.00000
37870,33547,-1,0.00000
37870,18165,-1,0.17385
37870,21150,-1,0.00000
37870,15893,-1,0.00000
37887,1043,-1,0.00000
37887,13806,-1,0.00000
37887,25133,-1,0.00000
37887,36712,-1,0.00000
37887,57972,-1,0.00000
37971,33547,-1,0.00000
37971,18165,-1,0.00000
37971,21150,-1,0.00000
37971,15893,-1,0.00000
37997,1043,-1,0.68834
37997,13806,-1,0.00000
37997,25133,-1,0.19232
37997,36712,-1,0.00000
37997,57972,-1,0.00000
38080,33547,-1,0.00000
38080,18165,-1,0.00000
38080,21150,-1,0.19358
38080,15893,-1,0.00000
38107,1043,-1,0.00000
38107,13806,-1,0.00000
38107,25133,-1,0.00000
38107,36712,-1,0.00000
38107,57972,-1,0.00000
38182,33547,-1,0.00000
38182,18165,-1,0.00000
38182,21150,-1,0.00000
38182,15893,-1,0.19188
38207,1043,-1,0.00000
38207,13806,-1,0.00000
38207,25133,-1,0.00000
38207,36712,-1,0.00000
38207,57972,-1,0.10489
38291,33547,-1,0.00000
38291,18165,-1,0.00000
38291,21150,-1,0.00000
38291,15893,-1,0.00000
38318,1043,-1,0.00000
38318,13806,-1,0.00000
38318,25133,-1,0.00000
38318,36712,-1,0.59254
38318,57972,-1,0.43524
38401,33547,-1,0.19250
38401,18165,-1,0.15839
38401,21150,-1,0.00000
38401,15893,-1,0.00000
38428,1043,-1,0.00000
38428,13806,-1,0.00000
38428,25133,-1,0.00000
38428,36712,-1,0.00000
38428,57972,-1,0.00000
38510,33547,-1,0.00000
38510,18165,-1,0.00000
38510,21150,-1,0.00000
38510,15893,-1,0.00000
38537,1043,-1,0.00000
38537,13806,-1,0.00000
38537,25133,-1,0.03866
38537,36712,-1,0.00000
38537,57972,-1,0.00000
38610,33547,-1,0.00000
38610,18165,-1,0.00000
38610,21150,-1,0.00000
38610,15893,-1,0.00000
38637,1043,-1,0.00000
38637,13806,-1,0.48157
38637,25133,-1,0.19460
38637,36712,-1,0.00000
38637,57972,-1,0.00000
38711,33547,-1,0.00000
38711,18165,-1,0.00000
38711,21150,-1,0.17366
38711,15893,-1,0.00000
38737,1043,-1,0.00000
38737,13806,-1,0.00000
38737,25133,-1,0.00000
38737,36712,-1,0.00000
38737,57972,-1,0.00000
38820,33547,-1,0.00000
38820,18165,-1,0.00000
38820,21150,-1,0.00000
38820,15893,-1,0.00000
38847,1043,-1,0.69158
38847,13806,-1,0.00000
38847,25133,-1,0.03854
38847,36712,-1,0.00000
38847,57972,-1,0.00000
38921,33547,-1,0.00000
38921,18165,-1,0.00000
38921,21150,-1,0.00000
38921,15893,-1,0.00000
38957,1043,-1,0.00000
38957,13806,-1,0.00000
38957,25133,-1,0.15812
38957,36712,-1,0.00000
38957,57972,-1,0.00000
39030,33547,-1,0.00000
39030,18165,-1,0.14235
39030,21150,-1,0.00000
39030,15893,-1,0.20182
39058,1043,-1,0.00000
39058,13806,-1,0.00000
39058,25133,-1,0.00000
39058,36712,-1,0.00000
39058,57972,-1,0.00000
39131,33547,-1,0.00000
39131,18165,-1,0.00000
39131,21150,-1,0.00000
39131,15893,-1,0.00000
39159,1043,-1,0.00000
39159,13806,-1,0.00000
39159,25133,-1,0.00000
39159,36712,-1,0.59838
39159,57972,-1,0.53987
39239,33547,-1,0.00000
39239,18165,-1,0.00000
39239,21150,-1,0.00000
39239,15893,-1,0.00000
39267,1043,-1,0.00000
39267,13806,-1,0.00000
39267,25133,-1,0.00000
39267,36712,-1,0.00000
39267,57972,-1,0.00000
39340,33547,-1,0.15543
39340,18165,-1,0.00000
39340,21150,-1,0.15543
39340,15893,-1,0.00000
39378,1043,-1,0.00000
39378,13806,-1,0.09483
39378,25133,-1,0.00000
39378,36712,-1,0.00000
39378,57972,-1,0.00000
39440,33547,-1,0.00000
39440,18165,-1,0.00000
39440,21150,-1,0.00000
39440,15893,-1,0.00000
39487,1043,-1,0.00000
39487,13806,-1,0.40352
39487,25133,-1,0.16427
39487,36712,-1,0.00000
39487,57972,-1,0.00000
39550,33547,-1,0.00000
39550,18165,-1,0.00000
39550,21150,-1,0.00000
39550,15893,-1,0.00000
39587,1043,-1,0.00000
39587,13806,-1,0.00000
39587,25133,-1,0.00000
39587,36712,-1,0.00000
39587,57972,-1,0.00000
39651,33547,-1,0.00000
39651,18165,-1,0.00000
39651,21150,-1,0.00000
39651,15893,-1,0.19258
39697,1043,-1,0.14676
39697,13806,-1,0.00000
39697,25133,-1,0.00000
39697,36712,-1,0.00000
39697,57972,-1,0.00000
39760,33547,-1,0.00000
39760,18165,-1,0.00000
39760,21150,-1,0.00000
39760,15893,-1,0.00000
39806,1043,-1,0.69127
39806,13806,-1,0.00000
39806,25133,-1,0.00000
39806,36712,-1,0.00000
39806,57972,-1,0.00000
39860,33547,-1,0.00000
39860,18165,-1,0.00000
39860,21150,-1,0.00000
39860,15893,-1,0.00000
39910,1043,-1,0.00000
39910,13806,-1,0.00000
39910,25133,-1,0.00000
39910,36712,-1,0.00000
39910,57972,-1,0.00000
39971,33547,-1,0.13572
39971,18165,-1,0.00000
39971,21150,-1,0.00000
39971,15893,-1,0.00000
40017,1043,-1,0.00000
40017,13806,-1,0.40138
40017,25133,-1,0.00000
40017,36712,-1,0.00000
40017,57972,-1,0.54726
40079,33547,-1,0.00000
40079,18165,-1,0.00000
40079,21150,-1,0.00000
40079,15893,-1,0.00000
40128,1043,-1,0.00000
40128,13806,-1,0.00000
40128,25133,-1,0.00000
40128,36712,-1,0.00000
40128,57972,-1,0.00000
40181,33547,-1,0.00000
40181,18165,-1,0.00000
40181,21150,-1,0.00000
40181,15893,-1,0.00000
40237,1043,-1,0.00000
40237,13806,-1,0.00000
40237,25133,-1,0.03877
40237,36712,-1,0.00000
40237,57972,-1,0.00000
40291,33547,-1,0.00000
40291,18165,-1,0.00000
40291,21150,-1,0.15778
40291,15893,-1,0.00000
40337,1043,-1,0.00000
40337,13806,-1,0.00000
40337,25133,-1,0.19426
40337,36712,-1,0.60338
40337,57972,-1,0.00000
40400,33547,-1,0.00000
40400,18165,-1,0.00000
40400,21150,-1,0.00000
40400,15893,-1,0.00000
40447,1043,-1,0.00000
40447,13806,-1,0.00000
40447,25133,-1,0.00000
40447,36712,-1,0.00000
40447,57972,-1,0.00000
40500,33547,-1,0.03749
40500,18165,-1,0.00000
40500,21150,-1,0.00000
40500,15893,-1,0.19450
40549,1043,-1,0.15784
40549,13806,-1,0.00000
40549,25133,-1,0.00000
40549,36712,-1,0.00000
40549,57972,-1,0.00000
40600,33547,-1,0.00000
40600,18165,-1,0.00000
40600,21150,-1,0.00000
40600,15893,-1,0.00000
40657,1043,-1,0.70619
40657,13806,-1,0.44881
40657,25133,-1,0.00000
40657,36712,-1,0.00000
40657,57972,-1,0.00000
40710,33547,-1,0.00000
40710,18165,-1,0.00000
40710,21150,-1,0.00000
40710,15893,-1,0.00000
40759,1043,-1,0.00000
40759,13806,-1,0.00000
40759,25133,-1,0.00000
40759,36712,-1,0.00000
40759,57972,-1,0.00000
40811,33547,-1,0.03705
40811,18165,-1,0.15430
40811,21150,-1,0.17208
40811,15893,-1,0.00000
40868,1043,-1,0.00000
40868,13806,-1,0.00000
40868,25133,-1,0.00000
40868,36712,-1,0.00000
40868,57972,-1,0.09647
40921,33547,-1,0.00000
40921,18165,-1,0.00000
40921,21150,-1,0.00000
40921,15893,-1,0.00000
40977,1043,-1,0.00000
40977,13806,-1,0.00000
40977,25133,-1,0.00000
40977,36712,-1,0.60279
40977,57972,-1,0.00000
41022,33547,-1,0.00000
41022,18165,-1,0.00000
41022,21150,-1,0.00000
41022,15893,-1,0.00000
41077,1043,-1,0.00000
41077,13806,-1,0.00000
41077,25133,-1,0.04217
41077,36712,-1,0.00000
41077,57972,-1,0.00000
41130,33547,-1,0.17508
41130,18165,-1,0.00000
41130,21150,-1,0.00000
41130,15893,-1,0.00000
41187,1043,-1,0.00000
41187,13806,-1,0.43999
41187,25133,-1,0.15916
41187,36712,-1,0.00000
41187,57972,-1,0.00000
41240,33547,-1,0.00000
41240,18165,-1,0.00000
41240,21150,-1,0.00000
41240,15893,-1,0.00000
41287,1043,-1,0.00000
41287,13806,-1,0.00000
41287,25133,-1,0.00000
41287,36712,-1,0.00000
41287,57972,-1,0.00000
41340,33547,-1,0.00000
41340,18165,-1,0.00000
41340,21150,-1,0.00000
41340,15893,-1,0.00000
41398,1043,-1,0.14628
41398,13806,-1,0.00000
41398,25133,-1,0.00000
41398,36712,-1,0.00000
41398,57972,-1,0.43667
41450,33547,-1,0.00000
41450,18165,-1,0.00000
41450,21150,-1,0.15967
41450,15893,-1,0.21707
41507,1043,-1,0.69628
41507,13806,-1,0.00000
41507,25133,-1,0.00000
41507,36712,-1,0.00000
41507,57972,-1,0.00000
41550,33547,-1,0.00000
41550,18165,-1,0.00000
41550,21150,-1,0.00000
41550,15893,-1,0.00000
41607,1043,-1,0.00000
41607,13806,-1,0.00000
41607,25133,-1,0.00000
41607,36712,-1,0.14283
41607,57972,-1,0.00000
41652,33547,-1,0.00000
41652,18165,-1,0.00000
41652,21150,-1,0.00000
41652,15893,-1,0.00000
41717,1043,-1,0.00000
41717,13806,-1,0.43932
41717,25133,-1,0.00000
41717,36712,-1,0.00000
41717,57972,-1,0.00000
41760,33547,-1,0.16125
41760,18165,-1,0.19597
41760,21150,-1,0.00000
41760,15893,-1,0.00000
41819,1043,-1,0.00000
41819,13806,-1,0.00000
41819,25133,-1,0.00000
41819,36712,-1,0.00000
41819,57972,-1,0.00000
41860,33547,-1,0.00000
41860,18165,-1,0.00000
41860,21150,-1,0.00000
41860,15893,-1,0.00000
41927,1043,-1,0.00000
41927,13806,-1,0.00000
41927,25133,-1,0.21954
41927,36712,-1,0.00000
41927,57972,-1,0.44643
41961,33547,-1,0.00000
41961,18165,-1,0.00000
41961,21150,-1,0.00000
41961,15893,-1,0.00000
42030,1043,-1,0.00000
42030,13806,-1,0.00000
42030,25133,-1,0.00000
42030,36712,-1,0.00000
42030,57972,-1,0.00000
42070,33547,-1,0.00000
42070,18165,-1,0.00000
42070,21150,-1,0.00000
42070,15893,-1,0.21772
42141,1043,-1,0.14576
42141,13806,-1,0.00000
42141,25133,-1,0.00000
42141,36712,-1,0.00000
42141,57972,-1,0.00000
42171,33547,-1,0.00000
42171,18165,-1,0.00000
42171,21150,-1,0.17245
42171,15893,-1,0.00000
42247,1043,-1,0.61593
42247,13806,-1,0.00000
42247,25133,-1,0.00000
42247,36712,-1,0.61593
42247,57972,-1,0.00000
42271,33547,-1,0.00000
42271,18165,-1,0.00000
42271,21150,-1,0.00000
42271,15893,-1,0.00000
42357,1043,-1,0.00000
42357,13806,-1,0.00000
42357,25133,-1,0.00000
42357,36712,-1,0.00000
42357,57972,-1,0.00000
42379,33547,-1,0.03451
42379,18165,-1,0.16025
42379,21150,-1,0.00000
42379,15893,-1,0.00000
42467,1043,-1,0.00000
42467,13806,-1,0.53216
42467,25133,-1,0.00000
42467,36712,-1,0.00000
42467,57972,-1,0.43689
42480,33547,-1,0.15078
42480,18165,-1,0.00000
42480,21150,-1,0.00000
42480,15893,-1,0.00000
42568,1043,-1,0.00000
42568,13806,-1,0.00000
42568,25133,-1,0.00000
42568,36712,-1,0.00000
42568,57972,-1,0.00000
42581,33547,-1,0.00000
42581,18165,-1,0.00000
42581,21150,-1,0.00000
42581,15893,-1,0.00000
42677,1043,-1,0.00000
42677,13806,-1,0.00000
42677,25133,-1,0.03906
42677,36712,-1,0.00000
42677,57972,-1,0.00000
42682,33547,-1,0.00000
42682,18165,-1,0.00000
42682,21150,-1,0.00000
42682,15893,-1,0.00000
42777,1043,-1,0.00000
42777,13806,-1,0.00000
42777,25133,-1,0.19451
42777,36712,-1,0.00000
42777,57972,-1,0.00000
42790,33547,-1,0.00000
42790,18165,-1,0.00000
42790,21150,-1,0.16148
42790,15893,-1,0.18039
42878,1043,-1,0.00000
42878,13806,-1,0.00000
42878,25133,-1,0.00000
42878,36712,-1,0.00000
42878,57972,-1,0.00000
42900,33547,-1,0.00000
42900,18165,-1,0.00000
42900,21150,-1,0.00000
42900,15893,-1,0.00000
42987,1043,-1,0.00000
42987,13806,-1,0.44229
42987,25133,-1,0.00000
42987,36712,-1,0.73384
42987,57972,-1,0.00000
43011,33547,-1,0.00000
43011,18165,-1,0.00000
43011,21150,-1,0.00000
43011,15893,-1,0.00000
43087,1043,-1,0.00000
43087,13806,-1,0.00000
43087,25133,-1,0.00000
43087,36712,-1,0.00000
43087,57972,-1,0.00000
43120,33547,-1,0.15942
43120,18165,-1,0.15942
43120,21150,-1,0.00000
43120,15893,-1,0.00000
43197,1043,-1,0.00000
43197,13806,-1,0.00000
43197,25133,-1,0.00000
43197,36712,-1,0.00000
43197,57972,-1,0.09581
43222,33547,-1,0.00000
43222,18165,-1,0.00000
43222,21150,-1,0.00000
43222,15893,-1,0.00000
43298,1043,-1,0.75340
43298,13806,-1,0.00000
43298,25133,-1,0.00000
43298,36712,-1,0.00000
43298,57972,-1,0.42775
43331,33547,-1,0.00000
43331,18165,-1,0.00000
43331,21150,-1,0.00000
43331,15893,-1,0.03870
43401,1043,-1,0.00000
43401,13806,-1,0.00000
43401,25133,-1,0.00000
43401,36712,-1,0.00000
43401,57972,-1,0.00000
43442,33547,-1,0.00000
43442,18165,-1,0.00000
43442,21150,-1,0.15744
43442,15893,-1,0.00000
43507,1043,-1,0.00000
43507,13806,-1,0.00000
43507,25133,-1,0.03967
43507,36712,-1,0.00000
43507,57972,-1,0.00000
43550,33547,-1,0.00000
43550,18165,-1,0.00000
43550,21150,-1,0.00000
43550,15893,-1,0.00000
43607,1043,-1,0.00000
43607,13806,-1,0.00000
43607,25133,-1,0.17915
43607,36712,-1,0.60411
43607,57972,-1,0.00000
43660,33547,-1,0.03414
43660,18165,-1,0.15856
43660,21150,-1,0.00000
43660,15893,-1,0.00000
43707,1043,-1,0.00000
43707,13806,-1,0.00000
43707,25133,-1,0.00000
43707,36712,-1,0.00000
43707,57972,-1,0.00000
43770,33547,-1,0.00000
43770,18165,-1,0.00000
43770,21150,-1,0.00000
43770,15893,-1,0.15874
43807,1043,-1,0.00000
43807,13806,-1,0.54407
43807,25133,-1,0.00000
43807,36712,-1,0.00000
43807,57972,-1,0.00000
43870,33547,-1,0.00000
43870,18165,-1,0.00000
43870,21150,-1,0.00000
43870,15893,-1,0.00000
43917,1043,-1,0.00000
43917,13806,-1,0.00000
43917,25133,-1,0.00000
43917,36712,-1,0.00000
43917,57972,-1,0.00000
43981,33547,-1,0.14141
43981,18165,-1,0.00000
43981,21150,-1,0.00000
43981,15893,-1,0.00000
44031,1043,-1,0.14242
44031,13806,-1,0.00000
44031,25133,-1,0.00000
44031,36712,-1,0.00000
44031,57972,-1,0.00000
44090,33547,-1,0.00000
44090,18165,-1,0.00000
44090,21150,-1,0.00000
44090,15893,-1,0.00000
44137,1043,-1,0.63620
44137,13806,-1,0.00000
44137,25133,-1,0.00000
44137,36712,-1,0.00000
44137,57972,-1,0.00000
44201,33547,-1,0.00000
44201,18165,-1,0.00000
44201,21150,-1,0.03400
44201,15893,-1,0.00000
44247,1043,-1,0.00000
44247,13806,-1,0.00000
44247,25133,-1,0.00000
44247,36712,-1,0.00000
44247,57972,-1,0.00000
44302,33547,-1,0.00000
44302,18165,-1,0.00000
44302,21150,-1,0.15450
44302,15893,-1,0.00000
44349,1043,-1,0.00000
44349,13806,-1,0.00000
44349,25133,-1,0.00000
44349,36712,-1,0.14090
44349,57972,-1,0.00000
44410,33547,-1,0.00000
44410,18165,-1,0.00000
44410,21150,-1,0.00000
44410,15893,-1,0.00000
44457,1043,-1,0.00000
44457,13806,-1,0.00000
44457,25133,-1,0.00000
44457,36712,-1,0.54087
44457,57972,-1,0.00000
44521,33547,-1,0.00000
44521,18165,-1,0.00000
44521,21150,-1,0.00000
44521,15893,-1,0.00000
44557,1043,-1,0.00000
44557,13806,-1,0.00000
44557,25133,-1,0.00000
44557,36712,-1,0.00000
44557,57972,-1,0.00000
44632,33547,-1,0.00000
44632,18165,-1,0.00000
44632,21150,-1,0.00000
44632,15893,-1,0.00000
44658,1043,-1,0.00000
44658,13806,-1,0.58407
44658,25133,-1,0.19376
44658,36712,-1,0.00000
44658,57972,-1,0.00000
44740,33547,-1,0.00000
44740,18165,-1,0.00000
44740,21150,-1,0.00000
44740,15893,-1,0.00000
44767,1043,-1,0.00000
44767,13806,-1,0.00000
44767,25133,-1,0.00000
44767,36712,-1,0.00000
44767,57972,-1,0.00000
44840,33547,-1,0.00000
44840,18165,-1,0.00000
44840,21150,-1,0.00000
44840,15893,-1,0.17901
44868,1043,-1,0.16074
44868,13806,-1,0.00000
44868,25133,-1,0.00000
44868,36712,-1,0.00000
44868,57972,-1,0.00000
44952,33547,-1,0.00000
44952,18165,-1,0.00000
44952,21150,-1,0.00000
44952,15893,-1,0.00000
44977,1043,-1,0.69565
44977,13806,-1,0.00000
44977,25133,-1,0.00000
44977,36712,-1,0.00000
44977,57972,-1,0.40422
45060,33547,-1,0.00000
45060,18165,-1,0.03465
45060,21150,-1,0.00000
45060,15893,-1,0.00000
45078,1043,-1,0.00000
45078,13806,-1,0.00000
45078,25133,-1,0.00000
45078,36712,-1,0.00000
45078,57972,-1,0.00000
45170,33547,-1,0.00000
45170,18165,-1,0.00000
45170,21150,-1,0.00000
45170,15893,-1,0.00000
45182,1043,-1,0.00000
45182,13806,-1,0.00000
45182,25133,-1,0.00000
45182,36712,-1,0.13723
45182,57972,-1,0.00000
45280,33547,-1,0.00000
45280,18165,-1,0.00000
45280,21150,-1,0.00000
45280,15893,-1,0.00000
45287,1043,-1,0.00000
45287,13806,-1,0.45937
45287,25133,-1,0.00000
45287,36712,-1,0.62539
45287,57972,-1,0.00000
45380,33547,-1,0.00000
45380,18165,-1,0.00000
45380,21150,-1,0.21135
45380,15893,-1,0.00000
45396,1043,-1,0.00000
45396,13806,-1,0.00000
45396,25133,-1,0.00000
45396,36712,-1,0.00000
45396,57972,-1,0.00000
45490,33547,-1,0.00000
45490,18165,-1,0.00000
45490,21150,-1,0.00000
45490,15893,-1,0.00000
45498,1043,-1,0.74577
45498,13806,-1,0.00000
45498,25133,-1,0.00000
45498,36712,-1,0.00000
45498,57972,-1,0.42342
45590,33547,-1,0.00000
45590,18165,-1,0.00000
45590,21150,-1,0.00000
45590,15893,-1,0.00000
45607,1043,-1,0.00000
45607,13806,-1,0.00000
45607,25133,-1,0.00000
45607,36712,-1,0.00000
45607,57972,-1,0.00000
45691,33547,-1,0.15468
45691,18165,-1,0.00000
45691,21150,-1,0.00000
45691,15893,-1,0.04182
45717,1043,-1,0.00000
45717,13806,-1,0.00000
45717,25133,-1,0.00000
45717,36712,-1,0.00000
45717,57972,-1,0.00000
45800,33547,-1,0.00000
45800,18165,-1,0.15979
45800,21150,-1,0.00000
45800,15893,-1,0.00000
45827,1043,-1,0.00000
45827,13806,-1,0.00000
45827,25133,-1,0.00000
45827,36712,-1,0.59633
45827,57972,-1,0.00000
45901,33547,-1,0.00000
45901,18165,-1,0.00000
45901,21150,-1,0.00000
45901,15893,-1,0.04193
45927,1043,-1,0.00000
45927,13806,-1,0.00000
45927,25133,-1,0.00000
45927,36712,-1,0.00000
45927,57972,-1,0.00000
46010,33547,-1,0.00000
46010,18165,-1,0.00000
46010,21150,-1,0.15970
46010,15893,-1,0.15970
46027,1043,-1,0.00000
46027,13806,-1,0.48100
46027,25133,-1,0.04218
46027,36712,-1,0.00000
46027,57972,-1,0.48100
46120,33547,-1,0.00000
46120,18165,-1,0.00000
46120,21150,-1,0.00000
46120,15893,-1,0.00000
46137,1043,-1,0.00000
46137,13806,-1,0.00000
46137,25133,-1,0.00000
46137,36712,-1,0.00000
46137,57972,-1,0.00000
46223,33547,-1,0.00000
46223,18165,-1,0.00000
46223,21150,-1,0.00000
46223,15893,-1,0.00000
46237,1043,-1,0.00000
46237,13806,-1,0.00000
46237,25133,-1,0.00000
46237,36712,-1,0.00000
46237,57972,-1,0.00000
46330,33547,-1,0.16274
46330,18165,-1,0.00000
46330,21150,-1,0.00000
46330,15893,-1,0.00000
46337,1043,-1,0.75675
46337,13806,-1,0.00000
46337,25133,-1,0.23652
46337,36712,-1,0.00000
46337,57972,-1,0.00000
46430,33547,-1,0.00000
46430,18165,-1,0.00000
46430,21150,-1,0.00000
46430,15893,-1,0.00000
46438,1043,-1,0.00000
46438,13806,-1,0.00000
46438,25133,-1,0.00000
46438,36712,-1,0.00000
46438,57972,-1,0.00000
46531,33547,-1,0.00000
46531,18165,-1,0.00000
46531,21150,-1,0.17358
46531,15893,-1,0.04208
46547,1043,-1,0.00000
46547,13806,-1,0.00000
46547,25133,-1,0.00000
46547,36712,-1,0.72950
46547,57972,-1,0.00000
46631,33547,-1,0.00000
46631,18165,-1,0.00000
46631,21150,-1,0.00000
46631,15893,-1,0.19421
46657,1043,-1,0.00000
46657,13806,-1,0.39213
46657,25133,-1,0.00000
46657,36712,-1,0.00000
46657,57972,-1,0.00000
46732,33547,-1,0.00000
46732,18165,-1,0.00000
46732,21150,-1,0.00000
46732,15893,-1,0.00000
46767,1043,-1,0.00000
46767,13806,-1,0.00000
46767,25133,-1,0.00000
46767,36712,-1,0.00000
46767,57972,-1,0.00000
46840,33547,-1,0.00000
46840,18165,-1,0.19496
46840,21150,-1,0.00000
46840,15893,-1,0.00000
46877,1043,-1,0.69028
46877,13806,-1,0.00000
46877,25133,-1,0.00000
46877,36712,-1,0.00000
46877,57972,-1,0.53436
46950,33547,-1,0.00000
46950,18165,-1,0.00000
46950,21150,-1,0.00000
46950,15893,-1,0.00000
46977,1043,-1,0.00000
46977,13806,-1,0.00000
46977,25133,-1,0.00000
46977,36712,-1,0.00000
46977,57972,-1,0.00000
47051,33547,-1,0.00000
47051,18165,-1,0.00000
47051,21150,-1,0.00000
47051,15893,-1,0.00000
47087,1043,-1,0.00000
47087,13806,-1,0.09570
47087,25133,-1,0.00000
47087,36712,-1,0.59745
47087,57972,-1,0.00000
47152,33547,-1,0.20968
47152,18165,-1,0.00000
47152,21150,-1,0.14963
47152,15893,-1,0.00000
47187,1043,-1,0.00000
47187,13806,-1,0.48148
47187,25133,-1,0.00000
47187,36712,-1,0.00000
47187,57972,-1,0.00000
47260,33547,-1,0.00000
47260,18165,-1,0.00000
47260,21150,-1,0.00000
47260,15893,-1,0.00000
47297,1043,-1,0.00000
47297,13806,-1,0.00000
47297,25133,-1,0.00000
47297,36712,-1,0.00000
47297,57972,-1,0.00000
47371,33547,-1,0.00000
47371,18165,-1,0.00000
47371,21150,-1,0.00000
47371,15893,-1,0.00000
47398,1043,-1,0.00000
47398,13806,-1,0.00000
47398,25133,-1,0.00000
47398,36712,-1,0.00000
47398,57972,-1,0.00000
47480,33547,-1,0.00000
47480,18165,-1,0.00000
47480,21150,-1,0.00000
47480,15893,-1,0.17902
47507,1043,-1,0.00000
47507,13806,-1,0.00000
47507,25133,-1,0.00000
47507,36712,-1,0.00000
47507,57972,-1,0.44275
47580,33547,-1,0.00000
47580,18165,-1,0.00000
47580,21150,-1,0.00000
47580,15893,-1,0.00000
47617,1043,-1,0.00000
47617,13806,-1,0.00000
47617,25133,-1,0.00000
47617,36712,-1,0.00000
47617,57972,-1,0.00000
47680,33547,-1,0.00000
47680,18165,-1,0.03746
47680,21150,-1,0.00000
47680,15893,-1,0.00000
47717,1043,-1,0.00000
47717,13806,-1,0.00000
47717,25133,-1,0.00000
47717,36712,-1,0.58360
47717,57972,-1,0.00000
47781,33547,-1,0.00000
47781,18165,-1,0.17375
47781,21150,-1,0.17375
47781,15893,-1,0.00000
47817,1043,-1,0.00000
47817,13806,-1,0.00000
47817,25133,-1,0.00000
47817,36712,-1,0.00000
47817,57972,-1,0.00000
47891,33547,-1,0.00000
47891,18165,-1,0.00000
47891,21150,-1,0.00000
47891,15893,-1,0.00000
47917,1043,-1,0.00000
47917,13806,-1,0.00000
47917,25133,-1,0.00000
47917,36712,-1,0.00000
47917,57972,-1,0.00000
48000,33547,-1,0.00000
48000,18165,-1,0.00000
48000,21150,-1,0.00000
48000,15893,-1,0.03899
48028,1043,-1,0.00000
48028,13806,-1,0.39794
48028,25133,-1,0.03817
48028,36712,-1,0.00000
48028,57972,-1,0.39794
48100,33547,-1,0.17407
48100,18165,-1,0.00000
48100,21150,-1,0.00000
48100,15893,-1,0.19445
48137,1043,-1,0.00000
48137,13806,-1,0.00000
48137,25133,-1,0.00000
48137,36712,-1,0.00000
48137,57972,-1,0.00000
48202,33547,-1,0.00000
48202,18165,-1,0.00000
48202,21150,-1,0.00000
48202,15893,-1,0.00000
48247,1043,-1,0.00000
48247,13806,-1,0.00000
48247,25133,-1,0.03841
48247,36712,-1,0.54973
48247,57972,-1,0.00000
48311,33547,-1,0.00000
48311,18165,-1,0.03459
48311,21150,-1,0.00000
48311,15893,-1,0.00000
48357,1043,-1,0.00000
48357,13806,-1,0.39858
48357,25133,-1,0.00000
48357,36712,-1,0.00000
48357,57972,-1,0.00000
48421,33547,-1,0.13728
48421,18165,-1,0.00000
48421,21150,-1,0.15828
48421,15893,-1,0.00000
48467,1043,-1,0.00000
48467,13806,-1,0.00000
48467,25133,-1,0.00000
48467,36712,-1,0.00000
48467,57972,-1,0.09597
48530,33547,-1,0.00000
48530,18165,-1,0.00000
48530,21150,-1,0.00000
48530,15893,-1,0.00000
48568,1043,-1,0.75299
48568,13806,-1,0.00000
48568,25133,-1,0.00000
48568,36712,-1,0.00000
48568,57972,-1,0.43753
48631,33547,-1,0.00000
48631,18165,-1,0.00000
48631,21150,-1,0.00000
48631,15893,-1,0.00000
48681,1043,-1,0.00000
48681,13806,-1,0.00000
48681,25133,-1,0.00000
48681,36712,-1,0.00000
48681,57972,-1,0.00000
48740,33547,-1,0.00000
48740,18165,-1,0.17754
48740,21150,-1,0.00000
48740,15893,-1,0.16427
48787,1043,-1,0.00000
48787,13806,-1,0.00000
48787,25133,-1,0.18381
48787,36712,-1,0.13546
48787,57972,-1,0.00000
48841,33547,-1,0.00000
48841,18165,-1,0.00000
48841,21150,-1,0.00000
48841,15893,-1,0.00000
48897,1043,-1,0.59552
48897,13806,-1,0.00000
48897,25133,-1,0.00000
48897,36712,-1,0.00000
48897,57972,-1,0.00000
48950,33547,-1,0.00000
48950,18165,-1,0.00000
48950,21150,-1,0.00000
48950,15893,-1,0.00000
48997,1043,-1,0.00000
48997,13806,-1,0.00000
48997,25133,-1,0.00000
48997,36712,-1,0.00000
48997,57972,-1,0.00000
49050,33547,-1,0.19346
49050,18165,-1,0.00000
49050,21150,-1,0.15600
49050,15893,-1,0.00000
49097,1043,-1,0.00000
49097,13806,-1,0.58603
49097,25133,-1,0.00000
49097,36712,-1,0.65499
49097,57972,-1,0.00000
49160,33547,-1,0.00000
49160,18165,-1,0.00000
49160,21150,-1,0.00000
49160,15893,-1,0.00000
49207,1043,-1,0.00000
49207,13806,-1,0.00000
49207,25133,-1,0.00000
49207,36712,-1,0.00000
49207,57972,-1,0.00000
49270,33547,-1,0.00000
49270,18165,-1,0.00000
49270,21150,-1,0.00000
49270,15893,-1,0.00000
49317,1043,-1,0.00000
49317,13806,-1,0.00000
49317,25133,-1,0.00000
49317,36712,-1,0.00000
49317,57972,-1,0.43876
49380,33547,-1,0.00000
49380,18165,-1,0.00000
49380,21150,-1,0.00000
49380,15893,-1,0.00000
49428,1043,-1,0.00000
49428,13806,-1,0.00000
49428,25133,-1,0.00000
49428,36712,-1,0.00000
49428,57972,-1,0.00000
49480,33547,-1,0.00000
49480,18165,-1,0.00000
49480,21150,-1,0.00000
49480,15893,-1,0.00000
49538,1043,-1,0.00000
49538,13806,-1,0.00000
49538,25133,-1,0.00000
49538,36712,-1,0.00000
49538,57972,-1,0.00000
49603,33547,-1,0.00000
49603,18165,-1,0.00000
49603,21150,-1,0.00000
49603,15893,-1,0.00000
49638,1043,-1,0.00000
49638,13806,-1,0.00000
49638,25133,-1,0.00000
49638,36712,-1,0.65356
49638,57972,-1,0.00000
49710,33547,-1,0.00000
49710,18165,-1,0.00000
49710,21150,-1,0.16307
49710,15893,-1,0.20260
49747,1043,-1,0.00000
49747,13806,-1,0.00000
49747,25133,-1,0.00000
49747,36712,-1,0.00000
49747,57972,-1,0.00000
49811,33547,-1,0.00000
49811,18165,-1,0.00000
49811,21150,-1,0.00000
49811,15893,-1,0.00000
49847,1043,-1,0.00000
49847,13806,-1,0.00000
49847,25133,-1,0.04218
49847,36712,-1,0.00000
49847,57972,-1,0.00000
49921,33547,-1,0.00000
49921,18165,-1,0.00000
49921,21150,-1,0.00000
49921,15893,-1,0.00000
49957,1043,-1,0.68927
49957,13806,-1,0.39134
49957,25133,-1,0.00000
49957,36712,-1,0.00000
49957,57972,-1,0.00000
50031,33547,-1,0.00000
50031,18165,-1,0.03401
50031,21150,-1,0.00000
50031,15893,-1,0.00000
50067,1043,-1,0.00000
50067,13806,-1,0.00000
50067,25133,-1,0.00000
50067,36712,-1,0.00000
50067,57972,-1,0.00000
50140,33547,-1,0.15997
50140,18165,-1,0.00000
50140,21150,-1,0.00000
50140,15893,-1,0.00000
50177,1043,-1,0.00000
50177,13806,-1,0.00000
50177,25133,-1,0.21573
50177,36712,-1,0.00000
50177,57972,-1,0.43867
50241,33547,-1,0.00000
50241,18165,-1,0.00000
50241,21150,-1,0.00000
50241,15893,-1,0.00000
50277,1043,-1,0.00000
50277,13806,-1,0.00000
50277,25133,-1,0.00000
50277,36712,-1,0.00000
50277,57972,-1,0.00000
50351,33547,-1,0.00000
50351,18165,-1,0.00000
50351,21150,-1,0.00000
50351,15893,-1,0.00000
50387,1043,-1,0.00000
50387,13806,-1,0.00000
50387,25133,-1,0.00000
50387,36712,-1,0.00000
50387,57972,-1,0.00000
50461,33547,-1,0.00000
50461,18165,-1,0.00000
50461,21150,-1,0.00000
50461,15893,-1,0.00000
50497,1043,-1,0.00000
50497,13806,-1,0.43835
50497,25133,-1,0.00000
50497,36712,-1,0.72731
50497,57972,-1,0.00000
50571,33547,-1,0.00000
50571,18165,-1,0.00000
50571,21150,-1,0.00000
50571,15893,-1,0.00000
50598,1043,-1,0.00000
50598,13806,-1,0.00000
50598,25133,-1,0.00000
50598,36712,-1,0.00000
50598,57972,-1,0.00000
50680,33547,-1,0.15884
50680,18165,-1,0.14243
50680,21150,-1,0.03420
50680,15893,-1,0.00000
50707,1043,-1,0.00000
50707,13806,-1,0.00000
50707,25133,-1,0.00000
50707,36712,-1,0.00000
50707,57972,-1,0.09591
50790,33547,-1,0.00000
50790,18165,-1,0.00000
50790,21150,-1,0.00000
50790,15893,-1,0.00000
50817,1043,-1,0.68766
50817,13806,-1,0.00000
50817,25133,-1,0.00000
50817,36712,-1,0.00000
50817,57972,-1,0.43702
50890,33547,-1,0.00000
50890,18165,-1,0.00000
50890,21150,-1,0.03733
50890,15893,-1,0.00000
50927,1043,-1,0.00000
50927,13806,-1,0.00000
50927,25133,-1,0.00000
50927,36712,-1,0.00000
50927,57972,-1,0.00000
50991,33547,-1,0.00000
50991,18165,-1,0.00000
50991,21150,-1,0.14988
50991,15893,-1,0.19304
51028,1043,-1,0.00000
51028,13806,-1,0.00000
51028,25133,-1,0.00000
51028,36712,-1,0.65037
51028,57972,-1,0.00000
51101,33547,-1,0.00000
51101,18165,-1,0.00000
51101,21150,-1,0.00000
51101,15893,-1,0.00000
51137,1043,-1,0.00000
51137,13806,-1,0.39460
51137,25133,-1,0.00000
51137,36712,-1,0.00000
51137,57972,-1,0.00000
51201,33547,-1,0.00000
51201,18165,-1,0.00000
51201,21150,-1,0.00000
51201,15893,-1,0.00000
51247,1043,-1,0.00000
51247,13806,-1,0.00000
51247,25133,-1,0.00000
51247,36712,-1,0.00000
51247,57972,-1,0.00000
51311,33547,-1,0.15821
51311,18165,-1,0.00000
51311,21150,-1,0.00000
51311,15893,-1,0.00000
51347,1043,-1,0.75452
51347,13806,-1,0.00000
51347,25133,-1,0.00000
51347,36712,-1,0.00000
51347,57972,-1,0.00000
51420,33547,-1,0.00000
51420,18165,-1,0.00000
51420,21150,-1,0.00000
51420,15893,-1,0.00000
51457,1043,-1,0.00000
51457,13806,-1,0.00000
51457,25133,-1,0.00000
51457,36712,-1,0.00000
51457,57972,-1,0.00000
51521,33547,-1,0.00000
51521,18165,-1,0.17293
51521,21150,-1,0.03724
51521,15893,-1,0.00000
51558,1043,-1,0.00000
51558,13806,-1,0.10461
51558,25133,-1,0.00000
51558,36712,-1,0.00000
51558,57972,-1,0.47970
51621,33547,-1,0.00000
51621,18165,-1,0.00000
51621,21150,-1,0.17399
51621,15893,-1,0.00000
51666,1043,-1,0.00000
51666,13806,-1,0.00000
51666,25133,-1,0.00000
51666,36712,-1,0.60360
51666,57972,-1,0.00000
51721,33547,-1,0.00000
51721,18165,-1,0.00000
51721,21150,-1,0.00000
51721,15893,-1,0.00000
51768,1043,-1,0.00000
51768,13806,-1,0.00000
51768,25133,-1,0.00000
51768,36712,-1,0.00000
51768,57972,-1,0.00000
51834,33547,-1,0.00000
51834,18165,-1,0.00000
51834,21150,-1,0.00000
51834,15893,-1,0.03721
51877,1043,-1,0.00000
51877,13806,-1,0.44375
51877,25133,-1,0.21823
51877,36712,-1,0.00000
51877,57972,-1,0.00000
51940,33547,-1,0.00000
51940,18165,-1,0.00000
51940,21150,-1,0.00000
51940,15893,-1,0.18360
51987,1043,-1,0.00000
51987,13806,-1,0.00000
51987,25133,-1,0.00000
51987,36712,-1,0.00000
51987,57972,-1,0.00000
52042,33547,-1,0.00000
52042,18165,-1,0.00000
52042,21150,-1,0.00000
52042,15893,-1,0.00000
52087,1043,-1,0.16126
52087,13806,-1,0.00000
52087,25133,-1,0.00000
52087,36712,-1,0.00000
52087,57972,-1,0.00000
52150,33547,-1,0.19701
52150,18165,-1,0.14060
52150,21150,-1,0.00000
52150,15893,-1,0.00000
52189,1043,-1,0.64386
52189,13806,-1,0.00000
52189,25133,-1,0.00000
52189,36712,-1,0.00000
52189,57972,-1,0.47294
52250,33547,-1,0.00000
52250,18165,-1,0.00000
52250,21150,-1,0.00000
52250,15893,-1,0.00000
52297,1043,-1,0.00000
52297,13806,-1,0.00000
52297,25133,-1,0.00000
52297,36712,-1,0.00000
52297,57972,-1,0.00000
52361,33547,-1,0.00000
52361,18165,-1,0.00000
52361,21150,-1,0.03381
52361,15893,-1,0.00000
52398,1043,-1,0.00000
52398,13806,-1,0.00000
52398,25133,-1,0.00000
52398,36712,-1,0.14229
52398,57972,-1,0.00000
52470,33547,-1,0.00000
52470,18165,-1,0.00000
52470,21150,-1,0.15988
52470,15893,-1,0.00000
52507,1043,-1,0.00000
52507,13806,-1,0.40413
52507,25133,-1,0.00000
52507,36712,-1,0.55477
52507,57972,-1,0.00000
52581,33547,-1,0.00000
52581,18165,-1,0.00000
52581,21150,-1,0.00000
52581,15893,-1,0.00000
52607,1043,-1,0.00000
52607,13806,-1,0.00000
52607,25133,-1,0.00000
52607,36712,-1,0.00000
52607,57972,-1,0.00000
52690,33547,-1,0.00000
52690,18165,-1,0.15994
52690,21150,-1,0.00000
52690,15893,-1,0.03877
52710,1043,-1,0.00000
52710,13806,-1,0.00000
52710,25133,-1,0.00000
52710,36712,-1,0.00000
52710,57972,-1,0.10209
52790,33547,-1,0.00000
52790,18165,-1,0.00000
52790,21150,-1,0.00000
52790,15893,-1,0.19413
52817,1043,-1,0.00000
52817,13806,-1,0.00000
52817,25133,-1,0.00000
52817,36712,-1,0.00000
52817,57972,-1,0.00000
52891,33547,-1,0.00000
52891,18165,-1,0.00000
52891,21150,-1,0.00000
52891,15893,-1,0.00000
52927,1043,-1,0.00000
52927,13806,-1,0.00000
52927,25133,-1,0.00000
52927,36712,-1,0.00000
52927,57972,-1,0.00000
52991,33547,-1,0.21143
52991,18165,-1,0.00000
52991,21150,-1,0.17397
52991,15893,-1,0.00000
53038,1043,-1,0.00000
53038,13806,-1,0.39664
53038,25133,-1,0.00000
53038,36712,-1,0.00000
53038,57972,-1,0.00000
53100,33547,-1,0.00000
53100,18165,-1,0.00000
53100,21150,-1,0.00000
53100,15893,-1,0.00000
53147,1043,-1,0.00000
53147,13806,-1,0.00000
53147,25133,-1,0.00000
53147,36712,-1,0.00000
53147,57972,-1,0.00000
53200,33547,-1,0.00000
53200,18165,-1,0.00000
53200,21150,-1,0.00000
53200,15893,-1,0.00000
53247,1043,-1,0.00000
53247,13806,-1,0.00000
53247,25133,-1,0.04220
53247,36712,-1,0.00000
53247,57972,-1,0.00000
53301,33547,-1,0.00000
53301,18165,-1,0.14946
53301,21150,-1,0.00000
53301,15893,-1,0.00000
53357,1043,-1,0.61458
53357,13806,-1,0.00000
53357,25133,-1,0.15845
53357,36712,-1,0.00000
53357,57972,-1,0.00000
53410,33547,-1,0.00000
53410,18165,-1,0.00000
53410,21150,-1,0.00000
53410,15893,-1,0.00000
53470,1043,-1,0.00000
53470,13806,-1,0.00000
53470,25133,-1,0.00000
53470,36712,-1,0.00000
53470,57972,-1,0.00000
53511,33547,-1,0.00000
53511,18165,-1,0.00000
53511,21150,-1,0.00000
53511,15893,-1,0.04209
53578,1043,-1,0.00000
53578,13806,-1,0.00000
53578,25133,-1,0.03919
53578,36712,-1,0.60845
53578,57972,-1,0.00000
53611,33547,-1,0.15612
53611,18165,-1,0.00000
53611,21150,-1,0.00000
53611,15893,-1,0.00000
53687,1043,-1,0.00000
53687,13806,-1,0.00000
53687,25133,-1,0.00000
53687,36712,-1,0.00000
53687,57972,-1,0.00000
53720,33547,-1,0.00000
53720,18165,-1,0.00000
53720,21150,-1,0.00000
53720,15893,-1,0.00000
53797,1043,-1,0.00000
53797,13806,-1,0.00000
53797,25133,-1,0.00000
53797,36712,-1,0.00000
53797,57972,-1,0.00000
53830,33547,-1,0.00000
53830,18165,-1,0.00000
53830,21150,-1,0.17616
53830,15893,-1,0.00000
53907,1043,-1,0.69059
53907,13806,-1,0.53460
53907,25133,-1,0.00000
53907,36712,-1,0.00000
53907,57972,-1,0.00000
53931,33547,-1,0.00000
53931,18165,-1,0.00000
53931,21150,-1,0.00000
53931,15893,-1,0.00000
54007,1043,-1,0.00000
54007,13806,-1,0.00000
54007,25133,-1,0.00000
54007,36712,-1,0.00000
54007,57972,-1,0.00000
54041,33547,-1,0.00000
54041,18165,-1,0.00000
54041,21150,-1,0.00000
54041,15893,-1,0.16385
54110,1043,-1,0.00000
54110,13806,-1,0.00000
54110,25133,-1,0.00000
54110,36712,-1,0.00000
54110,57972,-1,0.00000
54141,33547,-1,0.00000
54141,18165,-1,0.00000
54141,21150,-1,0.00000
54141,15893,-1,0.00000
54217,1043,-1,0.00000
54217,13806,-1,0.00000
54217,25133,-1,0.00000
54217,36712,-1,0.00000
54217,57972,-1,0.41140
54250,33547,-1,0.00000
54250,18165,-1,0.00000
54250,21150,-1,0.00000
54250,15893,-1,0.00000
54327,1043,-1,0.00000
54327,13806,-1,0.00000
54327,25133,-1,0.00000
54327,36712,-1,0.00000
54327,57972,-1,0.00000
54360,33547,-1,0.15874
54360,18165,-1,0.00000
54360,21150,-1,0.13767
54360,15893,-1,0.00000
54437,1043,-1,0.00000
54437,13806,-1,0.43823
54437,25133,-1,0.00000
54437,36712,-1,0.66167
54437,57972,-1,0.00000
54471,33547,-1,0.00000
54471,18165,-1,0.00000
54471,21150,-1,0.00000
54471,15893,-1,0.00000
54539,1043,-1,0.00000
54539,13806,-1,0.00000
54539,25133,-1,0.00000
54539,36712,-1,0.00000
54539,57972,-1,0.00000
54581,33547,-1,0.00000
54581,18165,-1,0.03391
54581,21150,-1,0.00000
54581,15893,-1,0.00000
54647,1043,-1,0.00000
54647,13806,-1,0.00000
54647,25133,-1,0.21937
54647,36712,-1,0.00000
54647,57972,-1,0.44608
54690,33547,-1,0.00000
54690,18165,-1,0.00000
54690,21150,-1,0.00000
54690,15893,-1,0.00000
54757,1043,-1,0.00000
54757,13806,-1,0.00000
54757,25133,-1,0.00000
54757,36712,-1,0.00000
54757,57972,-1,0.00000
54790,33547,-1,0.00000
54790,18165,-1,0.00000
54790,21150,-1,0.00000
54790,15893,-1,0.00000
54867,1043,-1,0.14673
54867,13806,-1,0.00000
54867,25133,-1,0.00000
54867,36712,-1,0.00000
54867,57972,-1,0.00000
54900,33547,-1,0.19250
54900,18165,-1,0.00000
54900,21150,-1,0.15839
54900,15893,-1,0.00000
54977,1043,-1,0.00000
54977,13806,-1,0.43829
54977,25133,-1,0.00000
54977,36712,-1,0.00000
54977,57972,-1,0.00000
55010,33547,-1,0.00000
55010,18165,-1,0.00000
55010,21150,-1,0.00000
55010,15893,-1,0.00000
55079,1043,-1,0.00000
55079,13806,-1,0.00000
55079,25133,-1,0.00000
55079,36712,-1,0.00000
55079,57972,-1,0.00000
55112,33547,-1,0.00000
55112,18165,-1,0.00000
55112,21150,-1,0.00000
55112,15893,-1,0.00000
55187,1043,-1,0.00000
55187,13806,-1,0.00000
55187,25133,-1,0.00000
55187,36712,-1,0.74179
55187,57972,-1,0.00000
55220,33547,-1,0.00000
55220,18165,-1,0.16159
55220,21150,-1,0.00000
55220,15893,-1,0.18051
55288,1043,-1,0.00000
55288,13806,-1,0.00000
55288,25133,-1,0.00000
55288,36712,-1,0.00000
55288,57972,-1,0.47352
55330,33547,-1,0.00000
55330,18165,-1,0.00000
55330,21150,-1,0.00000
55330,15893,-1,0.00000
55398,1043,-1,0.00000
55398,13806,-1,0.00000
55398,25133,-1,0.00000
55398,36712,-1,0.00000
55398,57972,-1,0.00000
55431,33547,-1,0.00000
55431,18165,-1,0.00000
55431,21150,-1,0.00000
55431,15893,-1,0.00000
55508,1043,-1,0.69037
55508,13806,-1,0.00000
55508,25133,-1,0.03848
55508,36712,-1,0.00000
55508,57972,-1,0.00000
55540,33547,-1,0.00000
55540,18165,-1,0.00000
55540,21150,-1,0.13825
55540,15893,-1,0.00000
55617,1043,-1,0.00000
55617,13806,-1,0.39337
55617,25133,-1,0.00000
55617,36712,-1,0.00000
55617,57972,-1,0.00000
55640,33547,-1,0.00000
55640,18165,-1,0.00000
55640,21150,-1,0.00000
55640,15893,-1,0.00000
55717,1043,-1,0.00000
55717,13806,-1,0.00000
55717,25133,-1,0.00000
55717,36712,-1,0.00000
55717,57972,-1,0.00000
55751,33547,-1,0.19178
55751,18165,-1,0.00000
55751,21150,-1,0.00000
55751,15893,-1,0.17628
55828,1043,-1,0.00000
55828,13806,-1,0.00000
55828,25133,-1,0.03832
55828,36712,-1,0.59491
55828,57972,-1,0.43698
55851,33547,-1,0.00000
55851,18165,-1,0.00000
55851,21150,-1,0.00000
55851,15893,-1,0.00000
55928,1043,-1,0.00000
55928,13806,-1,0.00000
55928,25133,-1,0.00000
55928,36712,-1,0.00000
55928,57972,-1,0.00000
55960,33547,-1,0.00000
55960,18165,-1,0.00000
55960,21150,-1,0.00000
55960,15893,-1,0.00000
56030,1043,-1,0.00000
56030,13806,-1,0.00000
56030,25133,-1,0.04142
56030,36712,-1,0.00000
56030,57972,-1,0.00000
56061,33547,-1,0.00000
56061,18165,-1,0.17349
56061,21150,-1,0.00000
56061,15893,-1,0.00000
56137,1043,-1,0.70448
56137,13806,-1,0.00000
56137,25133,-1,0.18092
56137,36712,-1,0.00000
56137,57972,-1,0.00000
56162,33547,-1,0.00000
56162,18165,-1,0.00000
56162,21150,-1,0.00000
56162,15893,-1,0.00000
56238,1043,-1,0.00000
56238,13806,-1,0.00000
56238,25133,-1,0.00000
56238,36712,-1,0.00000
56238,57972,-1,0.00000
56271,33547,-1,0.15947
56271,18165,-1,0.00000
56271,21150,-1,0.19380
56271,15893,-1,0.00000
56340,1043,-1,0.00000
56340,13806,-1,0.10308
56340,25133,-1,0.00000
56340,36712,-1,0.00000
56340,57972,-1,0.00000
56381,33547,-1,0.00000
56381,18165,-1,0.00000
56381,21150,-1,0.00000
56381,15893,-1,0.00000
56447,1043,-1,0.00000
56447,13806,-1,0.44930
56447,25133,-1,0.00000
56447,36712,-1,0.61168
56447,57972,-1,0.00000
56490,33547,-1,0.00000
56490,18165,-1,0.00000
56490,21150,-1,0.00000
56490,15893,-1,0.03890
56548,1043,-1,0.00000
56548,13806,-1,0.00000
56548,25133,-1,0.00000
56548,36712,-1,0.00000
56548,57972,-1,0.00000
56590,33547,-1,0.00000
56590,18165,-1,0.15019
56590,21150,-1,0.00000
56590,15893,-1,0.00000
56648,1043,-1,0.00000
56648,13806,-1,0.00000
56648,25133,-1,0.00000
56648,36712,-1,0.00000
56648,57972,-1,0.58254
56700,33547,-1,0.00000
56700,18165,-1,0.00000
56700,21150,-1,0.00000
56700,15893,-1,0.00000
56757,1043,-1,0.00000
56757,13806,-1,0.00000
56757,25133,-1,0.16004
56757,36712,-1,0.00000
56757,57972,-1,0.00000
56800,33547,-1,0.00000
56800,18165,-1,0.00000
56800,21150,-1,0.00000
56800,15893,-1,0.00000
56858,1043,-1,0.00000
56858,13806,-1,0.00000
56858,25133,-1,0.00000
56858,36712,-1,0.00000
56858,57972,-1,0.00000
56911,33547,-1,0.00000
56911,18165,-1,0.00000
56911,21150,-1,0.15748
56911,15893,-1,0.21410
56958,1043,-1,0.83546
56958,13806,-1,0.43949
56958,25133,-1,0.00000
56958,36712,-1,0.00000
56958,57972,-1,0.00000
57020,33547,-1,0.00000
57020,18165,-1,0.00000
57020,21150,-1,0.00000
57020,15893,-1,0.00000
57067,1043,-1,0.00000
57067,13806,-1,0.00000
57067,25133,-1,0.00000
57067,36712,-1,0.00000
57067,57972,-1,0.00000
57131,33547,-1,0.19135
57131,18165,-1,0.00000
57131,21150,-1,0.00000
57131,15893,-1,0.00000
57171,1043,-1,0.00000
57171,13806,-1,0.00000
57171,25133,-1,0.00000
57171,36712,-1,0.72451
57171,57972,-1,0.00000
57240,33547,-1,0.00000
57240,18165,-1,0.15980
57240,21150,-1,0.00000
57240,15893,-1,0.00000
57277,1043,-1,0.00000
57277,13806,-1,0.00000
57277,25133,-1,0.00000
57277,36712,-1,0.00000
57277,57972,-1,0.00000
57341,33547,-1,0.00000
57341,18165,-1,0.00000
57341,21150,-1,0.00000
57341,15893,-1,0.00000
57377,1043,-1,0.00000
57377,13806,-1,0.00000
57377,25133,-1,0.00000
57377,36712,-1,0.00000
57377,57972,-1,0.00000
57450,33547,-1,0.00000
57450,18165,-1,0.00000
57450,21150,-1,0.00000
57450,15893,-1,0.00000
57480,1043,-1,0.74097
57480,13806,-1,0.00000
57480,25133,-1,0.21656
57480,36712,-1,0.00000
57480,57972,-1,0.00000
57560,33547,-1,0.00000
57560,18165,-1,0.00000
57560,21150,-1,0.00000
57560,15893,-1,0.17744
57587,1043,-1,0.00000
57587,13806,-1,0.00000
57587,25133,-1,0.00000
57587,36712,-1,0.00000
57587,57972,-1,0.00000
57661,33547,-1,0.00000
57661,18165,-1,0.00000
57661,21150,-1,0.00000
57661,15893,-1,0.00000
57700,1043,-1,0.00000
57700,13806,-1,0.09317
57700,25133,-1,0.00000
57700,36712,-1,0.00000
57700,57972,-1,0.00000
57770,33547,-1,0.13871
57770,18165,-1,0.00000
57770,21150,-1,0.19438
57770,15893,-1,0.00000
57808,1043,-1,0.00000
57808,13806,-1,0.39844
57808,25133,-1,0.00000
57808,36712,-1,0.00000
57808,57972,-1,0.00000
57870,33547,-1,0.00000
57870,18165,-1,0.00000
57870,21150,-1,0.00000
57870,15893,-1,0.00000
57917,1043,-1,0.00000
57917,13806,-1,0.00000
57917,25133,-1,0.00000
57917,36712,-1,0.00000
57917,57972,-1,0.00000
57971,33547,-1,0.00000
57971,18165,-1,0.03715
57971,21150,-1,0.00000
57971,15893,-1,0.00000
58018,1043,-1,0.00000
58018,13806,-1,0.00000
58018,25133,-1,0.19348
58018,36712,-1,0.79443
58018,57972,-1,0.00000
58073,33547,-1,0.00000
58073,18165,-1,0.15395
58073,21150,-1,0.00000
58073,15893,-1,0.00000
58127,1043,-1,0.00000
58127,13806,-1,0.00000
58127,25133,-1,0.00000
58127,36712,-1,0.00000
58127,57972,-1,0.00000
58174,33547,-1,0.00000
58174,18165,-1,0.00000
58174,21150,-1,0.00000
58174,15893,-1,0.00000
58227,1043,-1,0.00000
58227,13806,-1,0.00000
58227,25133,-1,0.00000
58227,36712,-1,0.00000
58227,57972,-1,0.00000
58280,33547,-1,0.00000
58280,18165,-1,0.00000
58280,21150,-1,0.14620
58280,15893,-1,0.20728
58337,1043,-1,0.14671
58337,13806,-1,0.43795
58337,25133,-1,0.00000
58337,36712,-1,0.00000
58337,57972,-1,0.40042
58381,33547,-1,0.00000
58381,18165,-1,0.00000
58381,21150,-1,0.00000
58381,15893,-1,0.00000
58447,1043,-1,0.00000
58447,13806,-1,0.00000
58447,25133,-1,0.00000
58447,36712,-1,0.00000
58447,57972,-1,0.00000
58481,33547,-1,0.00000
58481,18165,-1,0.00000
58481,21150,-1,0.00000
58481,15893,-1,0.00000
58557,1043,-1,0.83615
58557,13806,-1,0.00000
58557,25133,-1,0.00000
58557,36712,-1,0.00000
58557,57972,-1,0.00000
58590,33547,-1,0.00000
58590,18165,-1,0.00000
58590,21150,-1,0.00000
58590,15893,-1,0.00000
58657,1043,-1,0.00000
58657,13806,-1,0.00000
58657,25133,-1,0.00000
58657,36712,-1,0.00000
58657,57972,-1,0.00000
58703,33547,-1,0.00000
58703,18165,-1,0.00000
58703,21150,-1,0.00000
58703,15893,-1,0.00000
58759,1043,-1,0.00000
58759,13806,-1,0.00000
58759,25133,-1,0.00000
58759,36712,-1,0.00000
58759,57972,-1,0.00000
58810,33547,-1,0.00000
58810,18165,-1,0.16389
58810,21150,-1,0.00000
58810,15893,-1,0.16389
58867,1043,-1,0.00000
58867,13806,-1,0.44670
58867,25133,-1,0.03917
58867,36712,-1,0.00000
58867,57972,-1,0.00000
58910,33547,-1,0.00000
58910,18165,-1,0.00000
58910,21150,-1,0.00000
58910,15893,-1,0.00000
58977,1043,-1,0.00000
58977,13806,-1,0.00000
58977,25133,-1,0.15857
58977,36712,-1,0.00000
58977,57972,-1,0.00000
59010,33547,-1,0.00000
59010,18165,-1,0.00000
59010,21150,-1,0.00000
59010,15893,-1,0.00000
59079,1043,-1,0.00000
59079,13806,-1,0.00000
59079,25133,-1,0.00000
59079,36712,-1,0.00000
59079,57972,-1,0.00000
59121,33547,-1,0.03387
59121,18165,-1,0.00000
59121,21150,-1,0.15730
59121,15893,-1,0.00000
59183,1043,-1,0.00000
59183,13806,-1,0.00000
59183,25133,-1,0.00000
59183,36712,-1,0.62772
59183,57972,-1,0.56163
59231,33547,-1,0.00000
59231,18165,-1,0.00000
59231,21150,-1,0.00000
59231,15893,-1,0.00000
59287,1043,-1,0.00000
59287,13806,-1,0.00000
59287,25133,-1,0.00000
59287,36712,-1,0.00000
59287,57972,-1,0.00000
59331,33547,-1,0.00000
59331,18165,-1,0.03742
59331,21150,-1,0.00000
59331,15893,-1,0.00000
59387,1043,-1,0.91564
59387,13806,-1,0.00000
59387,25133,-1,0.00000
59387,36712,-1,0.00000
59387,57972,-1,0.00000
59440,33547,-1,0.00000
59440,18165,-1,0.00000
59440,21150,-1,0.00000
59440,15893,-1,0.17847
59497,1043,-1,0.00000
59497,13806,-1,0.44082
59497,25133,-1,0.00000
59497,36712,-1,0.00000
59497,57972,-1,0.00000
59540,33547,-1,0.00000
59540,18165,-1,0.00000
59540,21150,-1,0.00000
59540,15893,-1,0.00000
59597,1043,-1,0.00000
59597,13806,-1,0.00000
59597,25133,-1,0.00000
59597,36712,-1,0.00000
59597,57972,-1,0.00000
59641,33547,-1,0.17267
59641,18165,-1,0.03718
59641,21150,-1,0.00000
59641,15893,-1,0.00000
59697,1043,-1,0.00000
59697,13806,-1,0.00000
59697,25133,-1,0.23665
59697,36712,-1,0.00000
59697,57972,-1,0.00000
59750,33547,-1,0.00000
59750,18165,-1,0.00000
59750,21150,-1,0.15901
59750,15893,-1,0.00000
59797,1043,-1,0.00000
59797,13806,-1,0.00000
59797,25133,-1,0.00000
59797,36712,-1,0.00000
59797,57972,-1,0.48158
59861,33547,-1,0.00000
59861,18165,-1,0.03401
59861,21150,-1,0.00000
59861,15893,-1,0.00000
59898,1043,-1,0.00000
59898,13806,-1,0.00000
59898,25133,-1,0.00000
59898,36712,-1,0.00000
59898,57972,-1,0.00000
59970,33547,-1,0.00000
59970,18165,-1,0.15898
59970,21150,-1,0.00000
59970,15893,-1,0.15898
59998,1043,-1,0.75297
59998,13806,-1,0.00000
59998,25133,-1,0.00000
59998,36712,-1,0.14250
59998,57972,-1,0.00000
60081,33547,-1,0.00000
60081,18165,-1,0.00000
60081,21150,-1,0.00000
60081,15893,-1,0.00000
60107,1043,-1,0.00000
60107,13806,-1,0.00000
60107,25133,-1,0.00000
60107,36712,-1,0.53899
60107,57972,-1,0.00000
60181,33547,-1,0.00000
60181,18165,-1,0.00000
60181,21150,-1,0.21146
60181,15893,-1,0.00000
60208,1043,-1,0.00000
60208,13806,-1,0.00000
60208,25133,-1,0.00000
60208,36712,-1,0.00000
60208,57972,-1,0.00000
60291,33547,-1,0.00000
60291,18165,-1,0.15928
60291,21150,-1,0.00000
60291,15893,-1,0.00000
60317,1043,-1,0.00000
60317,13806,-1,0.53864
60317,25133,-1,0.00000
60317,36712,-1,0.00000
60317,57972,-1,0.44221
60401,33547,-1,0.00000
60401,18165,-1,0.00000
60401,21150,-1,0.00000
60401,15893,-1,0.00000
60417,1043,-1,0.00000
60417,13806,-1,0.00000
60417,25133,-1,0.00000
60417,36712,-1,0.00000
60417,57972,-1,0.00000
60510,33547,-1,0.19382
60510,18165,-1,0.00000
60510,21150,-1,0.00000
60510,15893,-1,0.17815
60517,1043,-1,0.00000
60517,13806,-1,0.00000
60517,25133,-1,0.04203
60517,36712,-1,0.00000
60517,57972,-1,0.00000
60611,33547,-1,0.00000
60611,18165,-1,0.00000
60611,21150,-1,0.00000
60611,15893,-1,0.00000
60617,1043,-1,0.00000
60617,13806,-1,0.00000
60617,25133,-1,0.19456
60617,36712,-1,0.65550
60617,57972,-1,0.00000
60711,33547,-1,0.00000
60711,18165,-1,0.00000
60711,21150,-1,0.03734
60711,15893,-1,0.00000
60718,1043,-1,0.00000
60718,13806,-1,0.00000
60718,25133,-1,0.00000
60718,36712,-1,0.00000
60718,57972,-1,0.00000
60821,33547,-1,0.00000
60821,18165,-1,0.15914
60821,21150,-1,0.15914
60821,15893,-1,0.00000
60827,1043,-1,0.14777
60827,13806,-1,0.00000
60827,25133,-1,0.00000
60827,36712,-1,0.00000
60827,57972,-1,0.00000
60927,1043,-1,0.00000
60927,13806,-1,0.47949
60927,25133,-1,0.00000
60927,36712,-1,0.00000
60927,57972,-1,0.00000
60930,33547,-1,0.00000
60930,18165,-1,0.00000
60930,21150,-1,0.00000
60930,15893,-1,0.00000
61030,1043,-1,0.00000
61030,13806,-1,0.00000
61030,25133,-1,0.00000
61030,36712,-1,0.00000
61030,57972,-1,0.00000
61032,33547,-1,0.00000
61032,18165,-1,0.00000
61032,21150,-1,0.00000
61032,15893,-1,0.19139
61137,1043,-1,0.00000
61137,13806,-1,0.00000
61137,25133,-1,0.00000
61137,36712,-1,0.54195
61137,57972,-1,0.54462
61140,33547,-1,0.13957
61140,18165,-1,0.00000
61140,21150,-1,0.00000
61140,15893,-1,0.00000
61240,33547,-1,0.00000
61240,18165,-1,0.00000
61240,21150,-1,0.00000
61240,15893,-1,0.00000
61247,1043,-1,0.00000
61247,13806,-1,0.00000
61247,25133,-1,0.00000
61247,36712,-1,0.00000
61247,57972,-1,0.00000
61341,33547,-1,0.00000
61341,18165,-1,0.17205
61341,21150,-1,0.00000
61341,15893,-1,0.00000
61348,1043,-1,0.00000
61348,13806,-1,0.00000
61348,25133,-1,0.00000
61348,36712,-1,0.00000
61348,57972,-1,0.00000
61451,33547,-1,0.00000
61451,18165,-1,0.00000
61451,21150,-1,0.00000
61451,15893,-1,0.00000
61451,1043,-1,0.00000
61451,13806,-1,0.52774
61451,25133,-1,0.00000
61451,36712,-1,0.00000
61451,57972,-1,0.00000
61557,1043,-1,0.00000
61557,13806,-1,0.00000
61557,25133,-1,0.00000
61557,36712,-1,0.57217
61557,57972,-1,0.00000
61560,33547,-1,0.00000
61560,18165,-1,0.00000
61560,21150,-1,0.19471
61560,15893,-1,0.00000
61657,1043,-1,0.00000
61657,13806,-1,0.00000
61657,25133,-1,0.00000
61657,36712,-1,0.00000
61657,57972,-1,0.00000
61660,33547,-1,0.17389
61660,18165,-1,0.00000
61660,21150,-1,0.00000
61660,15893,-1,0.00000
61758,1043,-1,0.00000
61758,13806,-1,0.00000
61758,25133,-1,0.00000
61758,36712,-1,0.00000
61758,57972,-1,0.10378
61760,33547,-1,0.00000
61760,18165,-1,0.00000
61760,21150,-1,0.00000
61760,15893,-1,0.00000
61867,1043,-1,0.00000
61867,13806,-1,0.40277
61867,25133,-1,0.00000
61867,36712,-1,0.00000
61867,57972,-1,0.00000
61870,33547,-1,0.00000
61870,18165,-1,0.00000
61870,21150,-1,0.00000
61870,15893,-1,0.21522
61977,1043,-1,0.00000
61977,13806,-1,0.00000
61977,25133,-1,0.00000
61977,36712,-1,0.00000
61977,57972,-1,0.00000
61980,33547,-1,0.00000
61980,18165,-1,0.00000
61980,21150,-1,0.00000
61980,15893,-1,0.00000
62077,1043,-1,0.75536
62077,13806,-1,0.00000
62077,25133,-1,0.03739
62077,36712,-1,0.60252
62077,57972,-1,0.00000
62081,33547,-1,0.00000
62081,18165,-1,0.03734
62081,21150,-1,0.00000
62081,15893,-1,0.00000
62181,33547,-1,0.00000
62181,18165,-1,0.17332
62181,21150,-1,0.15032
62181,15893,-1,0.00000
62182,1043,-1,0.00000
62182,13806,-1,0.00000
62182,25133,-1,0.00000
62182,36712,-1,0.00000
62182,57972,-1,0.00000
62284,33547,-1,0.00000
62284,18165,-1,0.00000
62284,21150,-1,0.00000
62284,15893,-1,0.00000
62292,1043,-1,0.14704
62292,13806,-1,0.00000
62292,25133,-1,0.00000
62292,36712,-1,0.00000
62292,57972,-1,0.00000
62390,33547,-1,0.03547
62390,18165,-1,0.00000
62390,21150,-1,0.00000
62390,15893,-1,0.00000
62397,1043,-1,0.62525
62397,13806,-1,0.00000
62397,25133,-1,0.00000
62397,36712,-1,0.00000
62397,57972,-1,0.00000
62491,33547,-1,0.15563
62491,18165,-1,0.00000
62491,21150,-1,0.00000
62491,15893,-1,0.17858
62497,1043,-1,0.00000
62497,13806,-1,0.00000
62497,25133,-1,0.00000
62497,36712,-1,0.00000
62497,57972,-1,0.00000
62598,1043,-1,0.00000
62598,13806,-1,0.47397
62598,25133,-1,0.20837
62598,36712,-1,0.00000
62598,57972,-1,0.00000
62600,33547,-1,0.00000
62600,18165,-1,0.00000
62600,21150,-1,0.00000
62600,15893,-1,0.00000
62700,33547,-1,0.00000
62700,18165,-1,0.00000
62700,21150,-1,0.00000
62700,15893,-1,0.00000
62707,1043,-1,0.00000
62707,13806,-1,0.00000
62707,25133,-1,0.00000
62707,36712,-1,0.00000
62707,57972,-1,0.00000
62801,33547,-1,0.00000
62801,18165,-1,0.00000
62801,21150,-1,0.15524
62801,15893,-1,0.00000
62817,1043,-1,0.14744
62817,13806,-1,0.00000
62817,25133,-1,0.00000
62817,36712,-1,0.00000
62817,57972,-1,0.00000
62910,33547,-1,0.00000
62910,18165,-1,0.00000
62910,21150,-1,0.00000
62910,15893,-1,0.00000
62917,1043,-1,0.00000
62917,13806,-1,0.00000
62917,25133,-1,0.00000
62917,36712,-1,0.65276
62917,57972,-1,0.43839
63018,1043,-1,0.00000
63018,13806,-1,0.00000
63018,25133,-1,0.00000
63018,36712,-1,0.00000
63018,57972,-1,0.00000
63021,33547,-1,0.00000
63021,18165,-1,0.00000
63021,21150,-1,0.00000
63021,15893,-1,0.00000
63127,1043,-1,0.84169
63127,13806,-1,0.00000
63127,25133,-1,0.00000
63127,36712,-1,0.00000
63127,57972,-1,0.00000
63130,33547,-1,0.00000
63130,18165,-1,0.00000
63130,21150,-1,0.00000
63130,15893,-1,0.00000
63230,33547,-1,0.00000
63230,18165,-1,0.00000
63230,21150,-1,0.00000
63230,15893,-1,0.04221
63238,1043,-1,0.00000
63238,13806,-1,0.00000
63238,25133,-1,0.15731
63238,36712,-1,0.00000
63238,57972,-1,0.00000
63331,33547,-1,0.00000
63331,18165,-1,0.00000
63331,21150,-1,0.00000
63331,15893,-1,0.17333
63349,1043,-1,0.00000
63349,13806,-1,0.00000
63349,25133,-1,0.00000
63349,36712,-1,0.00000
63349,57972,-1,0.00000
63443,33547,-1,0.00000
63443,18165,-1,0.00000
63443,21150,-1,0.00000
63443,15893,-1,0.00000
63457,1043,-1,0.00000
63457,13806,-1,0.49353
63457,25133,-1,0.00000
63457,36712,-1,0.60452
63457,57972,-1,0.00000
63552,33547,-1,0.00000
63552,18165,-1,0.03448
63552,21150,-1,0.00000
63552,15893,-1,0.00000
63568,1043,-1,0.00000
63568,13806,-1,0.00000
63568,25133,-1,0.00000
63568,36712,-1,0.00000
63568,57972,-1,0.00000
63660,33547,-1,0.00000
63660,18165,-1,0.00000
63660,21150,-1,0.00000
63660,15893,-1,0.00000
63678,1043,-1,0.00000
63678,13806,-1,0.00000
63678,25133,-1,0.00000
63678,36712,-1,0.00000
63678,57972,-1,0.09563
63761,33547,-1,0.00000
63761,18165,-1,0.00000
63761,21150,-1,0.00000
63761,15893,-1,0.00000
63787,1043,-1,0.69512
63787,13806,-1,0.00000
63787,25133,-1,0.00000
63787,36712,-1,0.00000
63787,57972,-1,0.44177
63871,33547,-1,0.00000
63871,18165,-1,0.00000
63871,21150,-1,0.19150
63871,15893,-1,0.17602
63897,1043,-1,0.00000
63897,13806,-1,0.00000
63897,25133,-1,0.00000
63897,36712,-1,0.00000
63897,57972,-1,0.00000
63984,33547,-1,0.00000
63984,18165,-1,0.00000
63984,21150,-1,0.00000
63984,15893,-1,0.00000
64007,1043,-1,0.00000
64007,13806,-1,0.00000
64007,25133,-1,0.03399
64007,36712,-1,0.00000
64007,57972,-1,0.00000
64090,33547,-1,0.14735
64090,18165,-1,0.00000
64090,21150,-1,0.00000
64090,15893,-1,0.00000
64117,1043,-1,0.00000
64117,13806,-1,0.43941
64117,25133,-1,0.15895
64117,36712,-1,0.00000
64117,57972,-1,0.00000
64191,33547,-1,0.00000
64191,18165,-1,0.17346
64191,21150,-1,0.00000
64191,15893,-1,0.00000
64227,1043,-1,0.00000
64227,13806,-1,0.00000
64227,25133,-1,0.00000
64227,36712,-1,0.00000
64227,57972,-1,0.00000
64300,33547,-1,0.00000
64300,18165,-1,0.00000
64300,21150,-1,0.00000
64300,15893,-1,0.00000
64327,1043,-1,0.00000
64327,13806,-1,0.00000
64327,25133,-1,0.00000
64327,36712,-1,0.79845
64327,57972,-1,0.48123
64410,33547,-1,0.00000
64410,18165,-1,0.00000
64410,21150,-1,0.13746
64410,15893,-1,0.00000
64429,1043,-1,0.00000
64429,13806,-1,0.00000
64429,25133,-1,0.00000
64429,36712,-1,0.00000
64429,57972,-1,0.00000
64511,33547,-1,0.00000
64511,18165,-1,0.00000
64511,21150,-1,0.00000
64511,15893,-1,0.00000
64540,1043,-1,0.82389
64540,13806,-1,0.00000
64540,25133,-1,0.00000
64540,36712,-1,0.00000
64540,57972,-1,0.00000
64611,33547,-1,0.00000
64611,18165,-1,0.00000
64611,21150,-1,0.00000
64611,15893,-1,0.00000
64648,1043,-1,0.00000
64648,13806,-1,0.40110
64648,25133,-1,0.00000
64648,36712,-1,0.00000
64648,57972,-1,0.00000
64723,33547,-1,0.00000
64723,18165,-1,0.00000
64723,21150,-1,0.00000
64723,15893,-1,0.21222
64748,1043,-1,0.00000
64748,13806,-1,0.00000
64748,25133,-1,0.00000
64748,36712,-1,0.00000
64748,57972,-1,0.00000
64830,33547,-1,0.00000
64830,18165,-1,0.00000
64830,21150,-1,0.00000
64830,15893,-1,0.00000
64857,1043,-1,0.00000
64857,13806,-1,0.00000
64857,25133,-1,0.19366
64857,36712,-1,0.59971
64857,57972,-1,0.00000
64930,33547,-1,0.03743
64930,18165,-1,0.00000
64930,21150,-1,0.17383
64930,15893,-1,0.00000
64967,1043,-1,0.00000
64967,13806,-1,0.00000
64967,25133,-1,0.00000
64967,36712,-1,0.00000
64967,57972,-1,0.00000
65033,33547,-1,0.16964
65033,18165,-1,0.00000
65033,21150,-1,0.00000
65033,15893,-1,0.00000
65067,1043,-1,0.00000
65067,13806,-1,0.00000
65067,25133,-1,0.00000
65067,36712,-1,0.00000
65067,57972,-1,0.58562
65141,33547,-1,0.00000
65141,18165,-1,0.00000
65141,21150,-1,0.00000
65141,15893,-1,0.00000
65177,1043,-1,0.00000
65177,13806,-1,0.00000
65177,25133,-1,0.00000
65177,36712,-1,0.00000
65177,57972,-1,0.00000
65250,33547,-1,0.00000
65250,18165,-1,0.15901
65250,21150,-1,0.21618
65250,15893,-1,0.00000
65278,1043,-1,0.00000
65278,13806,-1,0.00000
65278,25133,-1,0.00000
65278,36712,-1,0.00000
65278,57972,-1,0.00000
65361,33547,-1,0.00000
65361,18165,-1,0.00000
65361,21150,-1,0.00000
65361,15893,-1,0.00000
65388,1043,-1,0.00000
65388,13806,-1,0.53384
65388,25133,-1,0.00000
65388,36712,-1,0.59666
65388,57972,-1,0.00000
65470,33547,-1,0.00000
65470,18165,-1,0.00000
65470,21150,-1,0.00000
65470,15893,-1,0.03861
65498,1043,-1,0.00000
65498,13806,-1,0.00000
65498,25133,-1,0.00000
65498,36712,-1,0.00000
65498,57972,-1,0.00000
65570,33547,-1,0.00000
65570,18165,-1,0.00000
65570,21150,-1,0.19418
65570,15893,-1,0.17383
65607,1043,-1,0.00000
65607,13806,-1,0.00000
65607,25133,-1,0.03421
65607,36712,-1,0.00000
65607,57972,-1,0.00000
65673,33547,-1,0.00000
65673,18165,-1,0.00000
65673,21150,-1,0.00000
65673,15893,-1,0.00000
65707,1043,-1,0.75747
65707,13806,-1,0.00000
65707,25133,-1,0.15103
65707,36712,-1,0.00000
65707,57972,-1,0.00000
65781,33547,-1,0.19611
65781,18165,-1,0.16136
65781,21150,-1,0.00000
65781,15893,-1,0.00000
65808,1043,-1,0.00000
65808,13806,-1,0.00000
65808,25133,-1,0.00000
65808,36712,-1,0.00000
65808,57972,-1,0.00000
65882,33547,-1,0.00000
65882,18165,-1,0.00000
65882,21150,-1,0.00000
65882,15893,-1,0.00000
65917,1043,-1,0.00000
65917,13806,-1,0.00000
65917,25133,-1,0.00000
65917,36712,-1,0.00000
65917,57972,-1,0.00000
66012,33547,-1,0.00000
66012,18165,-1,0.00000
66012,21150,-1,0.00000
66012,15893,-1,0.00000
66020,1043,-1,0.00000
66020,13806,-1,0.42495
66020,25133,-1,0.00000
66020,36712,-1,0.00000
66020,57972,-1,0.42495
66112,33547,-1,0.00000
66112,18165,-1,0.00000
66112,21150,-1,0.23536
66112,15893,-1,0.19339
66127,1043,-1,0.00000
66127,13806,-1,0.00000
66127,25133,-1,0.00000
66127,36712,-1,0.00000
66127,57972,-1,0.00000
66221,33547,-1,0.00000
66221,18165,-1,0.00000
66221,21150,-1,0.00000
66221,15893,-1,0.00000
66228,1043,-1,0.00000
66228,13806,-1,0.00000
66228,25133,-1,0.00000
66228,36712,-1,0.74140
66228,57972,-1,0.00000
66331,33547,-1,0.19264
66331,18165,-1,0.15851
66331,21150,-1,0.00000
66331,15893,-1,0.00000
66337,1043,-1,0.00000
66337,13806,-1,0.00000
66337,25133,-1,0.14403
66337,36712,-1,0.00000
66337,57972,-1,0.00000
66437,1043,-1,0.00000
66437,13806,-1,0.00000
66437,25133,-1,0.00000
66437,36712,-1,0.00000
66437,57972,-1,0.00000
66440,33547,-1,0.00000
66440,18165,-1,0.00000
66440,21150,-1,0.00000
66440,15893,-1,0.00000
66540,1043,-1,0.65641
66540,13806,-1,0.00000
66540,25133,-1,0.00000
66540,36712,-1,0.00000
66540,57972,-1,0.10202
66542,33547,-1,0.00000
66542,18165,-1,0.00000
66542,21150,-1,0.00000
66542,15893,-1,0.04150
66647,1043,-1,0.00000
66647,13806,-1,0.00000
66647,25133,-1,0.00000
66647,36712,-1,0.00000
66647,57972,-1,0.44874
66651,33547,-1,0.00000
66651,18165,-1,0.00000
66651,21150,-1,0.17813
66651,15893,-1,0.00000
66748,1043,-1,0.00000
66748,13806,-1,0.00000
66748,25133,-1,0.00000
66748,36712,-1,0.00000
66748,57972,-1,0.00000
66760,33547,-1,0.00000
66760,18165,-1,0.00000
66760,21150,-1,0.00000
66760,15893,-1,0.00000
66859,1043,-1,0.00000
66859,13806,-1,0.52994
66859,25133,-1,0.00000
66859,36712,-1,0.00000
66859,57972,-1,0.00000
66870,33547,-1,0.00000
66870,18165,-1,0.00000
66870,21150,-1,0.00000
66870,15893,-1,0.20114
66967,1043,-1,0.00000
66967,13806,-1,0.00000
66967,25133,-1,0.00000
66967,36712,-1,0.00000
66967,57972,-1,0.00000
66981,33547,-1,0.00000
66981,18165,-1,0.14172
66981,21150,-1,0.00000
66981,15893,-1,0.00000
67078,1043,-1,0.00000
67078,13806,-1,0.00000
67078,25133,-1,0.00000
67078,36712,-1,0.00000
67078,57972,-1,0.00000
67081,33547,-1,0.00000
67081,18165,-1,0.00000
67081,21150,-1,0.00000
67081,15893,-1,0.00000
67181,33547,-1,0.19260
67181,18165,-1,0.00000
67181,21150,-1,0.00000
67181,15893,-1,0.00000
67189,1043,-1,0.83070
67189,13806,-1,0.00000
67189,25133,-1,0.00000
67189,36712,-1,0.00000
67189,57972,-1,0.43527
67290,33547,-1,0.00000
67290,18165,-1,0.00000
67290,21150,-1,0.00000
67290,15893,-1,0.00000
67297,1043,-1,0.00000
67297,13806,-1,0.00000
67297,25133,-1,0.00000
67297,36712,-1,0.00000
67297,57972,-1,0.00000
67392,33547,-1,0.00000
67392,18165,-1,0.00000
67392,21150,-1,0.00000
67392,15893,-1,0.00000
67408,1043,-1,0.00000
67408,13806,-1,0.14471
67408,25133,-1,0.00000
67408,36712,-1,0.52778
67408,57972,-1,0.00000
67500,33547,-1,0.00000
67500,18165,-1,0.00000
67500,21150,-1,0.00000
67500,15893,-1,0.17899
67517,1043,-1,0.00000
67517,13806,-1,0.44136
67517,25133,-1,0.00000
67517,36712,-1,0.00000
67517,57972,-1,0.00000
67611,33547,-1,0.00000
67611,18165,-1,0.00000
67611,21150,-1,0.00000
67611,15893,-1,0.00000
67619,1043,-1,0.00000
67619,13806,-1,0.00000
67619,25133,-1,0.00000
67619,36712,-1,0.00000
67619,57972,-1,0.00000
67721,33547,-1,0.00000
67721,18165,-1,0.00000
67721,21150,-1,0.00000
67721,15893,-1,0.00000
67727,1043,-1,0.00000
67727,13806,-1,0.00000
67727,25133,-1,0.00000
67727,36712,-1,0.00000
67727,57972,-1,0.09688
67822,33547,-1,0.15035
67822,18165,-1,0.17336
67822,21150,-1,0.00000
67822,15893,-1,0.00000
67837,1043,-1,0.00000
67837,13806,-1,0.00000
67837,25133,-1,0.00000
67837,36712,-1,0.00000
67837,57972,-1,0.00000
67922,33547,-1,0.00000
67922,18165,-1,0.00000
67922,21150,-1,0.00000
67922,15893,-1,0.00000
67938,1043,-1,0.00000
67938,13806,-1,0.00000
67938,25133,-1,0.00000
67938,36712,-1,0.00000
67938,57972,-1,0.00000
68030,33547,-1,0.00000
68030,18165,-1,0.00000
68030,21150,-1,0.03890
68030,15893,-1,0.00000
68048,1043,-1,0.00000
68048,13806,-1,0.00000
68048,25133,-1,0.13657
68048,36712,-1,0.52763
68048,57972,-1,0.00000
68130,33547,-1,0.00000
68130,18165,-1,0.00000
68130,21150,-1,0.17922
68130,15893,-1,0.00000
68150,1043,-1,0.00000
68150,13806,-1,0.00000
68150,25133,-1,0.00000
68150,36712,-1,0.00000
68150,57972,-1,0.00000
68241,33547,-1,0.00000
68241,18165,-1,0.00000
68241,21150,-1,0.00000
68241,15893,-1,0.00000
68258,1043,-1,0.00000
68258,13806,-1,0.09746
68258,25133,-1,0.00000
68258,36712,-1,0.00000
68258,57972,-1,0.00000
68341,33547,-1,0.00000
68341,18165,-1,0.03750
68341,21150,-1,0.00000
68341,15893,-1,0.19453
68368,1043,-1,0.68989
68368,13806,-1,0.00000
68368,25133,-1,0.00000
68368,36712,-1,0.00000
68368,57972,-1,0.43844
68450,33547,-1,0.15942
68450,18165,-1,0.00000
68450,21150,-1,0.00000
68450,15893,-1,0.00000
68469,1043,-1,0.00000
68469,13806,-1,0.00000
68469,25133,-1,0.00000
68469,36712,-1,0.00000
68469,57972,-1,0.00000
68551,33547,-1,0.00000
68551,18165,-1,0.00000
68551,21150,-1,0.00000
68551,15893,-1,0.00000
68577,1043,-1,0.00000
68577,13806,-1,0.00000
68577,25133,-1,0.00000
68577,36712,-1,0.13335
68577,57972,-1,0.00000
68661,33547,-1,0.00000
68661,18165,-1,0.19283
68661,21150,-1,0.00000
68661,15893,-1,0.00000
68678,1043,-1,0.00000
68678,13806,-1,0.47682
68678,25133,-1,0.14959
68678,36712,-1,0.00000
68678,57972,-1,0.00000
68770,33547,-1,0.00000
68770,18165,-1,0.00000
68770,21150,-1,0.00000
68770,15893,-1,0.00000
68788,1043,-1,0.00000
68788,13806,-1,0.00000
68788,25133,-1,0.00000
68788,36712,-1,0.00000
68788,57972,-1,0.00000
68881,33547,-1,0.00000
68881,18165,-1,0.00000
68881,21150,-1,0.03825
68881,15893,-1,0.00000
68888,1043,-1,0.00000
68888,13806,-1,0.00000
68888,25133,-1,0.00000
68888,36712,-1,0.79794
68888,57972,-1,0.00000
68981,33547,-1,0.00000
68981,18165,-1,0.00000
68981,21150,-1,0.17329
68981,15893,-1,0.19358
68997,1043,-1,0.00000
68997,13806,-1,0.44212
68997,25133,-1,0.00000
68997,36712,-1,0.00000
68997,57972,-1,0.00000
69091,33547,-1,0.00000
69091,18165,-1,0.00000
69091,21150,-1,0.00000
69091,15893,-1,0.00000
69097,1043,-1,0.00000
69097,13806,-1,0.00000
69097,25133,-1,0.00000
69097,36712,-1,0.00000
69097,57972,-1,0.00000
69197,1043,-1,0.00000
69197,13806,-1,0.00000
69197,25133,-1,0.00000
69197,36712,-1,0.00000
69197,57972,-1,0.10474
69201,33547,-1,0.19244
69201,18165,-1,0.00000
69201,21150,-1,0.00000
69201,15893,-1,0.00000
69300,1043,-1,0.74245
69300,13806,-1,0.00000
69300,25133,-1,0.00000
69300,36712,-1,0.00000
69300,57972,-1,0.42154
69310,33547,-1,0.00000
69310,18165,-1,0.00000
69310,21150,-1,0.00000
69310,15893,-1,0.00000
69408,1043,-1,0.00000
69408,13806,-1,0.00000
69408,25133,-1,0.00000
69408,36712,-1,0.00000
69408,57972,-1,0.00000
69411,33547,-1,0.00000
69411,18165,-1,0.00000
69411,21150,-1,0.00000
69411,15893,-1,0.00000
69518,1043,-1,0.00000
69518,13806,-1,0.00000
69518,25133,-1,0.16801
69518,36712,-1,0.00000
69518,57972,-1,0.00000
69521,33547,-1,0.00000
69521,18165,-1,0.19215
69521,21150,-1,0.00000
69521,15893,-1,0.17661
69621,33547,-1,0.00000
69621,18165,-1,0.00000
69621,21150,-1,0.00000
69621,15893,-1,0.00000
69627,1043,-1,0.00000
69627,13806,-1,0.00000
69627,25133,-1,0.00000
69627,36712,-1,0.59770
69627,57972,-1,0.00000
69731,33547,-1,0.15898
69731,18165,-1,0.00000
69731,21150,-1,0.21614
69731,15893,-1,0.00000
69737,1043,-1,0.00000
69737,13806,-1,0.00000
69737,25133,-1,0.00000
69737,36712,-1,0.00000
69737,57972,-1,0.00000
69838,1043,-1,0.00000
69838,13806,-1,0.58143
69838,25133,-1,0.00000
69838,36712,-1,0.00000
69838,57972,-1,0.00000
69841,33547,-1,0.00000
69841,18165,-1,0.00000
69841,21150,-1,0.00000
69841,15893,-1,0.00000
69947,1043,-1,0.69462
69947,13806,-1,0.00000
69947,25133,-1,0.00000
69947,36712,-1,0.00000
69947,57972,-1,0.00000
69950,33547,-1,0.00000
69950,18165,-1,0.00000
69950,21150,-1,0.00000
69950,15893,-1,0.00000
70057,1043,-1,0.00000
70057,13806,-1,0.00000
70057,25133,-1,0.00000
70057,36712,-1,0.00000
70057,57972,-1,0.00000
70061,33547,-1,0.00000
70061,18165,-1,0.00000
70061,21150,-1,0.00000
70061,15893,-1,0.15818
70167,1043,-1,0.00000
70167,13806,-1,0.00000
70167,25133,-1,0.13756
70167,36712,-1,0.00000
70167,57972,-1,0.53406
70170,33547,-1,0.00000
70170,18165,-1,0.00000
70170,21150,-1,0.00000
70170,15893,-1,0.00000
70267,1043,-1,0.00000
70267,13806,-1,0.00000
70267,25133,-1,0.00000
70267,36712,-1,0.00000
70267,57972,-1,0.00000
70280,33547,-1,0.00000
70280,18165,-1,0.03411
70280,21150,-1,0.00000
70280,15893,-1,0.00000
70377,1043,-1,0.00000
70377,13806,-1,0.00000
70377,25133,-1,0.00000
70377,36712,-1,0.72845
70377,57972,-1,0.00000
70381,33547,-1,0.00000
70381,18165,-1,0.17316
70381,21150,-1,0.19344
70381,15893,-1,0.00000
70477,1043,-1,0.00000
70477,13806,-1,0.43000
70477,25133,-1,0.00000
70477,36712,-1,0.00000
70477,57972,-1,0.00000
70490,33547,-1,0.00000
70490,18165,-1,0.00000
70490,21150,-1,0.00000
70490,15893,-1,0.00000
70579,1043,-1,0.00000
70579,13806,-1,0.00000
70579,25133,-1,0.00000
70579,36712,-1,0.00000
70579,57972,-1,0.00000
70591,33547,-1,0.20867
70591,18165,-1,0.00000
70591,21150,-1,0.00000
70591,15893,-1,0.00000
70687,1043,-1,0.77164
70687,13806,-1,0.00000
70687,25133,-1,0.00000
70687,36712,-1,0.00000
70687,57972,-1,0.40591
70701,33547,-1,0.00000
70701,18165,-1,0.00000
70701,21150,-1,0.00000
70701,15893,-1,0.00000
70788,1043,-1,0.00000
70788,13806,-1,0.00000
70788,25133,-1,0.00000
70788,36712,-1,0.00000
70788,57972,-1,0.00000
70802,33547,-1,0.00000
70802,18165,-1,0.00000
70802,21150,-1,0.00000
70802,15893,-1,0.00000
70888,1043,-1,0.00000
70888,13806,-1,0.00000
70888,25133,-1,0.00000
70888,36712,-1,0.00000
70888,57972,-1,0.00000
70911,33547,-1,0.00000
70911,18165,-1,0.00000
70911,21150,-1,0.00000
70911,15893,-1,0.21637
70997,1043,-1,0.00000
70997,13806,-1,0.40335
70997,25133,-1,0.03085
70997,36712,-1,0.00000
70997,57972,-1,0.00000
71021,33547,-1,0.00000
71021,18165,-1,0.15891
71021,21150,-1,0.00000
71021,15893,-1,0.00000
71100,1043,-1,0.00000
71100,13806,-1,0.00000
71100,25133,-1,0.00000
71100,36712,-1,0.00000
71100,57972,-1,0.00000
71130,33547,-1,0.00000
71130,18165,-1,0.00000
71130,21150,-1,0.00000
71130,15893,-1,0.00000
71207,1043,-1,0.00000
71207,13806,-1,0.00000
71207,25133,-1,0.03149
71207,36712,-1,0.00000
71207,57972,-1,0.00000
71231,33547,-1,0.15076
71231,18165,-1,0.00000
71231,21150,-1,0.23631
71231,15893,-1,0.00000
71308,1043,-1,0.00000
71308,13806,-1,0.00000
71308,25133,-1,0.13715
71308,36712,-1,0.00000
71308,57972,-1,0.47761
71340,33547,-1,0.00000
71340,18165,-1,0.00000
71340,21150,-1,0.00000
71340,15893,-1,0.00000
71417,1043,-1,0.00000
71417,13806,-1,0.00000
71417,25133,-1,0.00000
71417,36712,-1,0.00000
71417,57972,-1,0.00000
71441,33547,-1,0.00000
71441,18165,-1,0.00000
71441,21150,-1,0.00000
71441,15893,-1,0.00000
71527,1043,-1,0.74203
71527,13806,-1,0.00000
71527,25133,-1,0.00000
71527,36712,-1,0.54900
71527,57972,-1,0.00000
71550,33547,-1,0.00000
71550,18165,-1,0.00000
71550,21150,-1,0.00000
71550,15893,-1,0.16365
71627,1043,-1,0.00000
71627,13806,-1,0.00000
71627,25133,-1,0.00000
71627,36712,-1,0.00000
71627,57972,-1,0.00000
71660,33547,-1,0.00000
71660,18165,-1,0.00000
71660,21150,-1,0.00000
71660,15893,-1,0.00000
71728,1043,-1,0.00000
71728,13806,-1,0.00000
71728,25133,-1,0.00000
71728,36712,-1,0.00000
71728,57972,-1,0.00000
71763,33547,-1,0.00000
71763,18165,-1,0.00000
71763,21150,-1,0.00000
71763,15893,-1,0.00000
71837,1043,-1,0.00000
71837,13806,-1,0.53698
71837,25133,-1,0.13831
71837,36712,-1,0.00000
71837,57972,-1,0.00000
71871,33547,-1,0.00000
71871,18165,-1,0.17892
71871,21150,-1,0.16554
71871,15893,-1,0.00000
71938,1043,-1,0.00000
71938,13806,-1,0.00000
71938,25133,-1,0.00000
71938,36712,-1,0.00000
71938,57972,-1,0.00000
71982,33547,-1,0.00000
71982,18165,-1,0.00000
71982,21150,-1,0.00000
71982,15893,-1,0.00000
72047,1043,-1,0.00000
72047,13806,-1,0.00000
72047,25133,-1,0.00000
72047,36712,-1,0.00000
72047,57972,-1,0.00000
72092,33547,-1,0.00000
72092,18165,-1,0.00000
72092,21150,-1,0.00000
72092,15893,-1,0.00000
72150,1043,-1,0.73903
72150,13806,-1,0.00000
72150,25133,-1,0.00000
72150,36712,-1,0.00000
72150,57972,-1,0.57210
72200,33547,-1,0.00000
72200,18165,-1,0.00000
72200,21150,-1,0.00000
72200,15893,-1,0.00000
72257,1043,-1,0.00000
72257,13806,-1,0.00000
72257,25133,-1,0.00000
72257,36712,-1,0.00000
72257,57972,-1,0.00000
72311,33547,-1,0.00000
72311,18165,-1,0.00000
72311,21150,-1,0.00000
72311,15893,-1,0.00000
72358,1043,-1,0.00000
72358,13806,-1,0.00000
72358,25133,-1,0.00000
72358,36712,-1,0.00000
72358,57972,-1,0.00000
72422,33547,-1,0.00000
72422,18165,-1,0.00000
72422,21150,-1,0.00000
72422,15893,-1,0.00000
72459,1043,-1,0.00000
72459,13806,-1,0.64584
72459,25133,-1,0.00000
72459,36712,-1,0.65341
72459,57972,-1,0.00000
72530,33547,-1,0.00000
72530,18165,-1,0.13962
72530,21150,-1,0.00000
72530,15893,-1,0.21885
72567,1043,-1,0.00000
72567,13806,-1,0.00000
72567,25133,-1,0.00000
72567,36712,-1,0.00000
72567,57972,-1,0.00000
72631,33547,-1,0.00000
72631,18165,-1,0.00000
72631,21150,-1,0.00000
72631,15893,-1,0.00000
72668,1043,-1,0.00000
72668,13806,-1,0.00000
72668,25133,-1,0.03332
72668,36712,-1,0.00000
72668,57972,-1,0.00000
72742,33547,-1,0.00000
72742,18165,-1,0.00000
72742,21150,-1,0.00000
72742,15893,-1,0.00000
72777,1043,-1,0.00000
72777,13806,-1,0.48789
72777,25133,-1,0.12195
72777,36712,-1,0.00000
72777,57972,-1,0.00000
72852,33547,-1,0.03425
72852,18165,-1,0.00000
72852,21150,-1,0.00000
72852,15893,-1,0.00000
72888,1043,-1,0.00000
72888,13806,-1,0.00000
72888,25133,-1,0.00000
72888,36712,-1,0.00000
72888,57972,-1,0.00000
72960,33547,-1,0.00000
72960,18165,-1,0.00000
72960,21150,-1,0.17907
72960,15893,-1,0.00000
72997,1043,-1,0.00000
72997,13806,-1,0.00000
72997,25133,-1,0.00000
72997,36712,-1,0.00000
72997,57972,-1,0.09629
73061,33547,-1,0.00000
73061,18165,-1,0.00000
73061,21150,-1,0.00000
73061,15893,-1,0.00000
73098,1043,-1,0.00000
73098,13806,-1,0.00000
73098,25133,-1,0.00000
73098,36712,-1,0.00000
73098,57972,-1,0.47853
73172,33547,-1,0.00000
73172,18165,-1,0.00000
73172,21150,-1,0.00000
73172,15893,-1,0.00000
73198,1043,-1,0.00000
73198,13806,-1,0.00000
73198,25133,-1,0.00000
73198,36712,-1,0.00000
73198,57972,-1,0.00000
73281,33547,-1,0.00000
73281,18165,-1,0.15968
73281,21150,-1,0.00000
73281,15893,-1,0.00000
73309,1043,-1,0.00000
73309,13806,-1,0.00000
73309,25133,-1,0.13575
73309,36712,-1,0.12885
73309,57972,-1,0.00000
73383,33547,-1,0.00000
73383,18165,-1,0.00000
73383,21150,-1,0.00000
73383,15893,-1,0.00000
73417,1043,-1,0.00000
73417,13806,-1,0.00000
73417,25133,-1,0.00000
73417,36712,-1,0.00000
73417,57972,-1,0.00000
73491,33547,-1,0.00000
73491,18165,-1,0.00000
73491,21150,-1,0.00000
73491,15893,-1,0.03901
73518,1043,-1,0.00000
73518,13806,-1,0.00000
73518,25133,-1,0.00000
73518,36712,-1,0.00000
73518,57972,-1,0.00000
73604,33547,-1,0.13832
73604,18165,-1,0.00000
73604,21150,-1,0.00000
73604,15893,-1,0.17231
73628,1043,-1,0.69271
73628,13806,-1,0.48704
73628,25133,-1,0.00000
73628,36712,-1,0.00000
73628,57972,-1,0.00000
73714,33547,-1,0.00000
73714,18165,-1,0.00000
73714,21150,-1,0.00000
73714,15893,-1,0.00000
73739,1043,-1,0.00000
73739,13806,-1,0.00000
73739,25133,-1,0.00000
73739,36712,-1,0.00000
73739,57972,-1,0.00000
73821,33547,-1,0.00000
73821,18165,-1,0.00000
73821,21150,-1,0.22236
73821,15893,-1,0.00000
73840,1043,-1,0.00000
73840,13806,-1,0.00000
73840,25133,-1,0.00000
73840,36712,-1,0.00000
73840,57972,-1,0.10440
73930,33547,-1,0.00000
73930,18165,-1,0.00000
73930,21150,-1,0.00000
73930,15893,-1,0.00000
73947,1043,-1,0.00000
73947,13806,-1,0.00000
73947,25133,-1,0.00000
73947,36712,-1,0.60775
73947,57972,-1,0.39882
74031,33547,-1,0.00000
74031,18165,-1,0.00000
74031,21150,-1,0.00000
74031,15893,-1,0.00000
74050,1043,-1,0.00000
74050,13806,-1,0.00000
74050,25133,-1,0.00000
74050,36712,-1,0.00000
74050,57972,-1,0.00000
74141,33547,-1,0.00000
74141,18165,-1,0.19338
74141,21150,-1,0.00000
74141,15893,-1,0.00000
74157,1043,-1,0.00000
74157,13806,-1,0.10718
74157,25133,-1,0.14050
74157,36712,-1,0.00000
74157,57972,-1,0.00000
74251,33547,-1,0.00000
74251,18165,-1,0.00000
74251,21150,-1,0.00000
74251,15893,-1,0.17621
74267,1043,-1,0.69341
74267,13806,-1,0.00000
74267,25133,-1,0.00000
74267,36712,-1,0.00000
74267,57972,-1,0.00000
74361,33547,-1,0.00000
74361,18165,-1,0.00000
74361,21150,-1,0.03855
74361,15893,-1,0.00000
74367,1043,-1,0.00000
74367,13806,-1,0.00000
74367,25133,-1,0.00000
74367,36712,-1,0.00000
74367,57972,-1,0.00000
74461,33547,-1,0.17341
74461,18165,-1,0.00000
74461,21150,-1,0.19371
74461,15893,-1,0.00000
74478,1043,-1,0.00000
74478,13806,-1,0.00000
74478,25133,-1,0.00000
74478,36712,-1,0.59154
74478,57972,-1,0.09475
74571,33547,-1,0.00000
74571,18165,-1,0.00000
74571,21150,-1,0.00000
74571,15893,-1,0.00000
74587,1043,-1,0.00000
74587,13806,-1,0.00000
74587,25133,-1,0.00000
74587,36712,-1,0.00000
74587,57972,-1,0.00000
74673,33547,-1,0.00000
74673,18165,-1,0.00000
74673,21150,-1,0.00000
74673,15893,-1,0.00000
74688,1043,-1,0.00000
74688,13806,-1,0.00000
74688,25133,-1,0.00000
74688,36712,-1,0.00000
74688,57972,-1,0.10362
74781,33547,-1,0.00000
74781,18165,-1,0.16155
74781,21150,-1,0.00000
74781,15893,-1,0.00000
74797,1043,-1,0.00000
74797,13806,-1,0.00000
74797,25133,-1,0.13872
74797,36712,-1,0.00000
74797,57972,-1,0.44216
74891,33547,-1,0.00000
74891,18165,-1,0.00000
74891,21150,-1,0.00000
74891,15893,-1,0.03843
74899,1043,-1,0.00000
74899,13806,-1,0.00000
74899,25133,-1,0.00000
74899,36712,-1,0.00000
74899,57972,-1,0.00000
75000,33547,-1,0.13826
75000,18165,-1,0.00000
75000,21150,-1,0.00000
75000,15893,-1,0.17807
75007,1043,-1,0.75449
75007,13806,-1,0.49204
75007,25133,-1,0.00000
75007,36712,-1,0.00000
75007,57972,-1,0.00000
75100,33547,-1,0.00000
75100,18165,-1,0.00000
75100,21150,-1,0.00000
75100,15893,-1,0.00000
75108,1043,-1,0.00000
75108,13806,-1,0.00000
75108,25133,-1,0.00000
75108,36712,-1,0.00000
75108,57972,-1,0.00000
75209,1043,-1,0.00000
75209,13806,-1,0.00000
75209,25133,-1,0.00000
75209,36712,-1,0.14156
75209,57972,-1,0.00000
75210,33547,-1,0.00000
75210,18165,-1,0.00000
75210,21150,-1,0.03846
75210,15893,-1,0.00000
75317,1043,-1,0.00000
75317,13806,-1,0.00000
75317,25133,-1,0.00000
75317,36712,-1,0.00000
75317,57972,-1,0.00000
75321,33547,-1,0.00000
75321,18165,-1,0.00000
75321,21150,-1,0.17593
75321,15893,-1,0.00000
75418,1043,-1,0.00000
75418,13806,-1,0.00000
75418,25133,-1,0.00000
75418,36712,-1,0.00000
75418,57972,-1,0.00000
75422,33547,-1,0.00000
75422,18165,-1,0.00000
75422,21150,-1,0.00000
75422,15893,-1,0.00000
75520,1043,-1,0.00000
75520,13806,-1,0.00000
75520,25133,-1,0.03303
75520,36712,-1,0.00000
75520,57972,-1,0.00000
75530,33547,-1,0.16137
75530,18165,-1,0.03475
75530,21150,-1,0.00000
75530,15893,-1,0.00000
75627,1043,-1,0.62910
75627,13806,-1,0.00000
75627,25133,-1,0.12875
75627,36712,-1,0.00000
75627,57972,-1,0.00000
75630,33547,-1,0.00000
75630,18165,-1,0.17407
75630,21150,-1,0.00000
75630,15893,-1,0.00000
75731,33547,-1,0.00000
75731,18165,-1,0.00000
75731,21150,-1,0.00000
75731,15893,-1,0.00000
75738,1043,-1,0.00000
75738,13806,-1,0.00000
75738,25133,-1,0.00000
75738,36712,-1,0.00000
75738,57972,-1,0.00000
75838,1043,-1,0.00000
75838,13806,-1,0.11520
75838,25133,-1,0.00000
75838,36712,-1,0.60413
75838,57972,-1,0.44008
75840,33547,-1,0.00000
75840,18165,-1,0.00000
75840,21150,-1,0.17901
75840,15893,-1,0.21785
75940,33547,-1,0.00000
75940,18165,-1,0.00000
75940,21150,-1,0.00000
75940,15893,-1,0.00000
75947,1043,-1,0.00000
75947,13806,-1,0.00000
75947,25133,-1,0.00000
75947,36712,-1,0.00000
75947,57972,-1,0.00000
76041,33547,-1,0.00000
76041,18165,-1,0.00000
76041,21150,-1,0.00000
76041,15893,-1,0.00000
76048,1043,-1,0.00000
76048,13806,-1,0.00000
76048,25133,-1,0.00000
76048,36712,-1,0.00000
76048,57972,-1,0.00000
76141,33547,-1,0.15022
76141,18165,-1,0.00000
76141,21150,-1,0.00000
76141,15893,-1,0.00000
76158,1043,-1,0.00000
76158,13806,-1,0.59114
76158,25133,-1,0.12148
76158,36712,-1,0.00000
76158,57972,-1,0.00000
76242,33547,-1,0.00000
76242,18165,-1,0.00000
76242,21150,-1,0.00000
76242,15893,-1,0.00000
76268,1043,-1,0.00000
76268,13806,-1,0.00000
76268,25133,-1,0.00000
76268,36712,-1,0.00000
76268,57972,-1,0.00000
76350,33547,-1,0.00000
76350,18165,-1,0.03466
76350,21150,-1,0.00000
76350,15893,-1,0.00000
76377,1043,-1,0.14724
76377,13806,-1,0.00000
76377,25133,-1,0.00000
76377,36712,-1,0.00000
76377,57972,-1,0.00000
76450,33547,-1,0.00000
76450,18165,-1,0.15585
76450,21150,-1,0.00000
76450,15893,-1,0.17883
76487,1043,-1,0.69030
76487,13806,-1,0.00000
76487,25133,-1,0.00000
76487,36712,-1,0.59726
76487,57972,-1,0.00000
76560,33547,-1,0.00000
76560,18165,-1,0.00000
76560,21150,-1,0.00000
76560,15893,-1,0.00000
76588,1043,-1,0.00000
76588,13806,-1,0.00000
76588,25133,-1,0.00000
76588,36712,-1,0.00000
76588,57972,-1,0.00000
76670,33547,-1,0.00000
76670,18165,-1,0.00000
76670,21150,-1,0.20193
76670,15893,-1,0.00000
76697,1043,-1,0.00000
76697,13806,-1,0.00000
76697,25133,-1,0.00000
76697,36712,-1,0.00000
76697,57972,-1,0.53560
76771,33547,-1,0.15512
76771,18165,-1,0.00000
76771,21150,-1,0.00000
76771,15893,-1,0.00000
76797,1043,-1,0.00000
76797,13806,-1,0.53280
76797,25133,-1,0.00000
76797,36712,-1,0.00000
76797,57972,-1,0.00000
76872,33547,-1,0.00000
76872,18165,-1,0.00000
76872,21150,-1,0.00000
76872,15893,-1,0.00000
76898,1043,-1,0.00000
76898,13806,-1,0.00000
76898,25133,-1,0.00000
76898,36712,-1,0.00000
76898,57972,-1,0.00000
76981,33547,-1,0.00000
76981,18165,-1,0.00000
76981,21150,-1,0.00000
76981,15893,-1,0.00000
77007,1043,-1,0.69209
77007,13806,-1,0.00000
77007,25133,-1,0.16875
77007,36712,-1,0.00000
77007,57972,-1,0.00000
77091,33547,-1,0.00000
77091,18165,-1,0.00000
77091,21150,-1,0.00000
77091,15893,-1,0.00000
77108,1043,-1,0.00000
77108,13806,-1,0.00000
77108,25133,-1,0.00000
77108,36712,-1,0.00000
77108,57972,-1,0.00000
77200,33547,-1,0.00000
77200,18165,-1,0.00000
77200,21150,-1,0.00000
77200,15893,-1,0.00000
77217,1043,-1,0.00000
77217,13806,-1,0.00000
77217,25133,-1,0.00000
77217,36712,-1,0.73333
77217,57972,-1,0.39485
77301,33547,-1,0.00000
77301,18165,-1,0.00000
77301,21150,-1,0.17375
77301,15893,-1,0.23621
77327,1043,-1,0.00000
77327,13806,-1,0.00000
77327,25133,-1,0.00000
77327,36712,-1,0.00000
77327,57972,-1,0.00000
77411,33547,-1,0.00000
77411,18165,-1,0.00000
77411,21150,-1,0.00000
77411,15893,-1,0.00000
77427,1043,-1,0.00000
77427,13806,-1,0.00000
77427,25133,-1,0.00000
77427,36712,-1,0.00000
77427,57972,-1,0.00000
77521,33547,-1,0.03419
77521,18165,-1,0.00000
77521,21150,-1,0.00000
77521,15893,-1,0.00000
77527,1043,-1,0.00000
77527,13806,-1,0.64762
77527,25133,-1,0.15099
77527,36712,-1,0.00000
77527,57972,-1,0.00000
77628,1043,-1,0.00000
77628,13806,-1,0.00000
77628,25133,-1,0.00000
77628,36712,-1,0.00000
77628,57972,-1,0.00000
77631,33547,-1,0.15836
77631,18165,-1,0.00000
77631,21150,-1,0.00000
77631,15893,-1,0.00000
77732,1043,-1,0.15406
77732,13806,-1,0.00000
77732,25133,-1,0.00000
77732,36712,-1,0.00000
77732,57972,-1,0.00000
77740,33547,-1,0.00000
77740,18165,-1,0.00000
77740,21150,-1,0.00000
77740,15893,-1,0.00000
77838,1043,-1,0.00000
77838,13806,-1,0.00000
77838,25133,-1,0.00000
77838,36712,-1,0.62099
77838,57972,-1,0.45614
77840,33547,-1,0.00000
77840,18165,-1,0.00000
77840,21150,-1,0.00000
77840,15893,-1,0.00000
77941,33547,-1,0.00000
77941,18165,-1,0.00000
77941,21150,-1,0.00000
77941,15893,-1,0.19282
77948,1043,-1,0.00000
77948,13806,-1,0.00000
77948,25133,-1,0.00000
77948,36712,-1,0.00000
77948,57972,-1,0.00000
78048,1043,-1,0.91812
78048,13806,-1,0.00000
78048,25133,-1,0.00000
78048,36712,-1,0.00000
78048,57972,-1,0.00000
78051,33547,-1,0.00000
78051,18165,-1,0.00000
78051,21150,-1,0.00000
78051,15893,-1,0.00000
78151,33547,-1,0.00000
78151,18165,-1,0.17380
78151,21150,-1,0.04213
78151,15893,-1,0.00000
78158,1043,-1,0.00000
78158,13806,-1,0.48565
78158,25133,-1,0.00000
78158,36712,-1,0.00000
78158,57972,-1,0.00000
78251,33547,-1,0.00000
78251,18165,-1,0.00000
78251,21150,-1,0.19418
78251,15893,-1,0.00000
78268,1043,-1,0.00000
78268,13806,-1,0.00000
78268,25133,-1,0.00000
78268,36712,-1,0.00000
78268,57972,-1,0.00000
78353,33547,-1,0.00000
78353,18165,-1,0.00000
78353,21150,-1,0.00000
78353,15893,-1,0.00000
78368,1043,-1,0.00000
78368,13806,-1,0.00000
78368,25133,-1,0.16685
78368,36712,-1,0.00000
78368,57972,-1,0.48160
78461,33547,-1,0.19619
78461,18165,-1,0.00000
78461,21150,-1,0.00000
78461,15893,-1,0.00000
78477,1043,-1,0.00000
78477,13806,-1,0.00000
78477,25133,-1,0.00000
78477,36712,-1,0.00000
78477,57972,-1,0.00000
78561,33547,-1,0.00000
78561,18165,-1,0.00000
78561,21150,-1,0.00000
78561,15893,-1,0.00000
78587,1043,-1,0.00000
78587,13806,-1,0.00000
78587,25133,-1,0.00000
78587,36712,-1,0.13029
78587,57972,-1,0.00000
78670,33547,-1,0.00000
78670,18165,-1,0.00000
78670,21150,-1,0.00000
78670,15893,-1,0.00000
78688,1043,-1,0.75508
78688,13806,-1,0.00000
78688,25133,-1,0.00000
78688,36712,-1,0.00000
78688,57972,-1,0.00000
78771,33547,-1,0.00000
78771,18165,-1,0.00000
78771,21150,-1,0.19315
78771,15893,-1,0.23507
78798,1043,-1,0.00000
78798,13806,-1,0.00000
78798,25133,-1,0.00000
78798,36712,-1,0.00000
78798,57972,-1,0.00000
78881,33547,-1,0.00000
78881,18165,-1,0.00000
78881,21150,-1,0.00000
78881,15893,-1,0.00000
78908,1043,-1,0.00000
78908,13806,-1,0.58986
78908,25133,-1,0.00000
78908,36712,-1,0.00000
78908,57972,-1,0.00000
78990,33547,-1,0.00000
78990,18165,-1,0.03433
78990,21150,-1,0.00000
78990,15893,-1,0.00000
79017,1043,-1,0.00000
79017,13806,-1,0.00000
79017,25133,-1,0.13784
79017,36712,-1,0.00000
79017,57972,-1,0.00000
79091,33547,-1,0.17331
79091,18165,-1,0.00000
79091,21150,-1,0.00000
79091,15893,-1,0.00000
79118,1043,-1,0.00000
79118,13806,-1,0.00000
79118,25133,-1,0.00000
79118,36712,-1,0.00000
79118,57972,-1,0.00000
79192,33547,-1,0.00000
79192,18165,-1,0.00000
79192,21150,-1,0.00000
79192,15893,-1,0.00000
79227,1043,-1,0.00000
79227,13806,-1,0.00000
79227,25133,-1,0.00000
79227,36712,-1,0.59805
79227,57972,-1,0.53509
79301,33547,-1,0.00000
79301,18165,-1,0.19483
79301,21150,-1,0.00000
79301,15893,-1,0.00000
79328,1043,-1,0.00000
79328,13806,-1,0.00000
79328,25133,-1,0.00000
79328,36712,-1,0.00000
79328,57972,-1,0.00000
79401,33547,-1,0.00000
79401,18165,-1,0.00000
79401,21150,-1,0.00000
79401,15893,-1,0.19392
79438,1043,-1,0.14744
79438,13806,-1,0.00000
79438,25133,-1,0.00000
79438,36712,-1,0.00000
79438,57972,-1,0.00000
79510,33547,-1,0.00000
79510,18165,-1,0.00000
79510,21150,-1,0.00000
79510,15893,-1,0.00000
79547,1043,-1,0.69141
79547,13806,-1,0.42978
79547,25133,-1,0.00000
79547,36712,-1,0.00000
79547,57972,-1,0.00000
79611,33547,-1,0.00000
79611,18165,-1,0.00000
79611,21150,-1,0.04189
79611,15893,-1,0.00000
79647,1043,-1,0.00000
79647,13806,-1,0.00000
79647,25133,-1,0.00000
79647,36712,-1,0.00000
79647,57972,-1,0.00000
79711,33547,-1,0.00000
79711,18165,-1,0.00000
79711,21150,-1,0.19427
79711,15893,-1,0.00000
79748,1043,-1,0.00000
79748,13806,-1,0.00000
79748,25133,-1,0.03352
79748,36712,-1,0.00000
79748,57972,-1,0.43830
79820,33547,-1,0.00000
79820,18165,-1,0.00000
79820,21150,-1,0.00000
79820,15893,-1,0.00000
79857,1043,-1,0.00000
79857,13806,-1,0.00000
79857,25133,-1,0.12606
79857,36712,-1,0.00000
79857,57972,-1,0.00000
79920,33547,-1,0.00000
79920,18165,-1,0.00000
79920,21150,-1,0.00000
79920,15893,-1,0.00000
79967,1043,-1,0.00000
79967,13806,-1,0.00000
79967,25133,-1,0.00000
79967,36712,-1,0.13043
79967,57972,-1,0.00000
80030,33547,-1,0.19245
80030,18165,-1,0.15835
80030,21150,-1,0.00000
80030,15893,-1,0.00000
80068,1043,-1,0.00000
80068,13806,-1,0.00000
80068,25133,-1,0.00000
80068,36712,-1,0.60100
80068,57972,-1,0.00000
80140,33547,-1,0.00000
80140,18165,-1,0.00000
80140,21150,-1,0.00000
80140,15893,-1,0.00000
80178,1043,-1,0.00000
80178,13806,-1,0.00000
80178,25133,-1,0.00000
80178,36712,-1,0.00000
80178,57972,-1,0.00000
80242,33547,-1,0.00000
80242,18165,-1,0.00000
80242,21150,-1,0.00000
80242,15893,-1,0.04166
80288,1043,-1,0.00000
80288,13806,-1,0.54474
80288,25133,-1,0.00000
80288,36712,-1,0.00000
80288,57972,-1,0.43955
80350,33547,-1,0.00000
80350,18165,-1,0.00000
80350,21150,-1,0.17915
80350,15893,-1,0.17915
80397,1043,-1,0.00000
80397,13806,-1,0.00000
80397,25133,-1,0.00000
80397,36712,-1,0.00000
80397,57972,-1,0.00000
80450,33547,-1,0.00000
80450,18165,-1,0.00000
80450,21150,-1,0.00000
80450,15893,-1,0.00000
80497,1043,-1,0.00000
80497,13806,-1,0.00000
80497,25133,-1,0.03362
80497,36712,-1,0.00000
80497,57972,-1,0.00000
80550,33547,-1,0.00000
80550,18165,-1,0.00000
80550,21150,-1,0.00000
80550,15893,-1,0.00000
80598,1043,-1,0.67413
80598,13806,-1,0.00000
80598,25133,-1,0.00000
80598,36712,-1,0.58237
80598,57972,-1,0.00000
80661,33547,-1,0.15809
80661,18165,-1,0.00000
80661,21150,-1,0.00000
80661,15893,-1,0.00000
80707,1043,-1,0.00000
80707,13806,-1,0.00000
80707,25133,-1,0.00000
80707,36712,-1,0.00000
80707,57972,-1,0.00000
80765,33547,-1,0.00000
80765,18165,-1,0.00000
80765,21150,-1,0.00000
80765,15893,-1,0.00000
80817,1043,-1,0.00000
80817,13806,-1,0.00000
80817,25133,-1,0.16868
80817,36712,-1,0.00000
80817,57972,-1,0.00000
80871,33547,-1,0.00000
80871,18165,-1,0.19973
80871,21150,-1,0.00000
80871,15893,-1,0.16434
80917,1043,-1,0.00000
80917,13806,-1,0.53240
80917,25133,-1,0.00000
80917,36712,-1,0.00000
80917,57972,-1,0.00000
80983,33547,-1,0.00000
80983,18165,-1,0.00000
80983,21150,-1,0.00000
80983,15893,-1,0.00000
81018,1043,-1,0.00000
81018,13806,-1,0.00000
81018,25133,-1,0.00000
81018,36712,-1,0.00000
81018,57972,-1,0.00000
81091,33547,-1,0.00000
81091,18165,-1,0.00000
81091,21150,-1,0.03905
81091,15893,-1,0.00000
81127,1043,-1,0.00000
81127,13806,-1,0.00000
81127,25133,-1,0.00000
81127,36712,-1,0.00000
81127,57972,-1,0.09585
81200,33547,-1,0.00000
81200,18165,-1,0.00000
81200,21150,-1,0.16341
81200,15893,-1,0.00000
81237,1043,-1,0.00000
81237,13806,-1,0.00000
81237,25133,-1,0.00000
81237,36712,-1,0.00000
81237,57972,-1,0.43834
81301,33547,-1,0.00000
81301,18165,-1,0.00000
81301,21150,-1,0.00000
81301,15893,-1,0.00000
81338,1043,-1,0.00000
81338,13806,-1,0.00000
81338,25133,-1,0.00000
81338,36712,-1,0.00000
81338,57972,-1,0.00000
81410,33547,-1,0.17778
81410,18165,-1,0.00000
81410,21150,-1,0.00000
81410,15893,-1,0.00000
81447,1043,-1,0.14801
81447,13806,-1,0.00000
81447,25133,-1,0.13862
81447,36712,-1,0.00000
81447,57972,-1,0.00000
81511,33547,-1,0.00000
81511,18165,-1,0.15523
81511,21150,-1,0.00000
81511,15893,-1,0.00000
81547,1043,-1,0.00000
81547,13806,-1,0.00000
81547,25133,-1,0.00000
81547,36712,-1,0.00000
81547,57972,-1,0.00000
81611,33547,-1,0.00000
81611,18165,-1,0.00000
81611,21150,-1,0.00000
81611,15893,-1,0.00000
81648,1043,-1,0.00000
81648,13806,-1,0.00000
81648,25133,-1,0.00000
81648,36712,-1,0.00000
81648,57972,-1,0.00000
81721,33547,-1,0.00000
81721,18165,-1,0.00000
81721,21150,-1,0.00000
81721,15893,-1,0.03843
81757,1043,-1,0.00000
81757,13806,-1,0.53875
81757,25133,-1,0.00000
81757,36712,-1,0.60248
81757,57972,-1,0.00000
81831,33547,-1,0.00000
81831,18165,-1,0.00000
81831,21150,-1,0.00000
81831,15893,-1,0.16364
81859,1043,-1,0.00000
81859,13806,-1,0.00000
81859,25133,-1,0.00000
81859,36712,-1,0.00000
81859,57972,-1,0.00000
81933,33547,-1,0.00000
81933,18165,-1,0.00000
81933,21150,-1,0.00000
81933,15893,-1,0.00000
81962,1043,-1,0.00000
81962,13806,-1,0.00000
81962,25133,-1,0.00000
81962,36712,-1,0.00000
81962,57972,-1,0.00000
82041,33547,-1,0.00000
82041,18165,-1,0.00000
82041,21150,-1,0.00000
82041,15893,-1,0.00000
82068,1043,-1,0.71759
82068,13806,-1,0.00000
82068,25133,-1,0.00000
82068,36712,-1,0.00000
82068,57972,-1,0.55550
82151,33547,-1,0.13733
82151,18165,-1,0.00000
82151,21150,-1,0.00000
82151,15893,-1,0.00000
82168,1043,-1,0.00000
82168,13806,-1,0.00000
82168,25133,-1,0.00000
82168,36712,-1,0.00000
82168,57972,-1,0.00000
82264,33547,-1,0.00000
82264,18165,-1,0.00000
82264,21150,-1,0.00000
82264,15893,-1,0.00000
82280,1043,-1,0.00000
82280,13806,-1,0.00000
82280,25133,-1,0.16557
82280,36712,-1,0.00000
82280,57972,-1,0.00000
82372,33547,-1,0.00000
82372,18165,-1,0.03458
82372,21150,-1,0.00000
82372,15893,-1,0.00000
82388,1043,-1,0.00000
82388,13806,-1,0.49129
82388,25133,-1,0.00000
82388,36712,-1,0.00000
82388,57972,-1,0.00000
82481,33547,-1,0.00000
82481,18165,-1,0.15989
82481,21150,-1,0.17861
82481,15893,-1,0.00000
82498,1043,-1,0.00000
82498,13806,-1,0.00000
82498,25133,-1,0.00000
82498,36712,-1,0.00000
82498,57972,-1,0.00000
82591,33547,-1,0.00000
82591,18165,-1,0.00000
82591,21150,-1,0.00000
82591,15893,-1,0.00000
82609,1043,-1,0.00000
82609,13806,-1,0.00000
82609,25133,-1,0.00000
82609,36712,-1,0.71734
82609,57972,-1,0.43234
82701,33547,-1,0.00000
82701,18165,-1,0.00000
82701,21150,-1,0.00000
82701,15893,-1,0.03812
82717,1043,-1,0.00000
82717,13806,-1,0.00000
82717,25133,-1,0.00000
82717,36712,-1,0.00000
82717,57972,-1,0.00000
82811,33547,-1,0.15961
82811,18165,-1,0.00000
82811,21150,-1,0.00000
82811,15893,-1,0.17830
82819,1043,-1,0.15895
82819,13806,-1,0.00000
82819,25133,-1,0.00000
82819,36712,-1,0.00000
82819,57972,-1,0.00000
82921,33547,-1,0.00000
82921,18165,-1,0.00000
82921,21150,-1,0.00000
82921,15893,-1,0.00000
82928,1043,-1,0.69678
82928,13806,-1,0.00000
82928,25133,-1,0.12245
82928,36712,-1,0.00000
82928,57972,-1,0.00000
83030,1043,-1,0.00000
83030,13806,-1,0.00000
83030,25133,-1,0.00000
83030,36712,-1,0.00000
83030,57972,-1,0.00000
83030,33547,-1,0.00000
83030,18165,-1,0.00000
83030,21150,-1,0.00000
83030,15893,-1,0.00000
83131,33547,-1,0.00000
83131,18165,-1,0.17296
83131,21150,-1,0.00000
83131,15893,-1,0.00000
83137,1043,-1,0.00000
83137,13806,-1,0.60555
83137,25133,-1,0.00000
83137,36712,-1,0.00000
83137,57972,-1,0.00000
83231,33547,-1,0.00000
83231,18165,-1,0.00000
83231,21150,-1,0.00000
83231,15893,-1,0.00000
83237,1043,-1,0.00000
83237,13806,-1,0.00000
83237,25133,-1,0.00000
83237,36712,-1,0.65269
83237,57972,-1,0.00000
83341,33547,-1,0.00000
83341,18165,-1,0.00000
83341,21150,-1,0.03844
83341,15893,-1,0.00000
83351,1043,-1,0.00000
83351,13806,-1,0.00000
83351,25133,-1,0.00000
83351,36712,-1,0.00000
83351,57972,-1,0.00000
83441,33547,-1,0.00000
83441,18165,-1,0.00000
83441,21150,-1,0.17350
83441,15893,-1,0.19381
83457,1043,-1,0.00000
83457,13806,-1,0.00000
83457,25133,-1,0.14176
83457,36712,-1,0.00000
83457,57972,-1,0.55037
83551,33547,-1,0.00000
83551,18165,-1,0.00000
83551,21150,-1,0.00000
83551,15893,-1,0.00000
83558,1043,-1,0.00000
83558,13806,-1,0.00000
83558,25133,-1,0.00000
83558,36712,-1,0.00000
83558,57972,-1,0.00000
83661,33547,-1,0.19232
83661,18165,-1,0.00000
83661,21150,-1,0.00000
83661,15893,-1,0.00000
83668,1043,-1,0.00000
83668,13806,-1,0.00000
83668,25133,-1,0.00000
83668,36712,-1,0.00000
83668,57972,-1,0.00000
83761,33547,-1,0.00000
83761,18165,-1,0.00000
83761,21150,-1,0.00000
83761,15893,-1,0.00000
83778,1043,-1,0.83427
83778,13806,-1,0.48360
83778,25133,-1,0.00000
83778,36712,-1,0.00000
83778,57972,-1,0.00000
83863,33547,-1,0.00000
83863,18165,-1,0.00000
83863,21150,-1,0.00000
83863,15893,-1,0.00000
83888,1043,-1,0.00000
83888,13806,-1,0.00000
83888,25133,-1,0.00000
83888,36712,-1,0.00000
83888,57972,-1,0.00000
83971,33547,-1,0.00000
83971,18165,-1,0.19780
83971,21150,-1,0.00000
83971,15893,-1,0.00000
83998,1043,-1,0.00000
83998,13806,-1,0.00000
83998,25133,-1,0.00000
83998,36712,-1,0.72520
83998,57972,-1,0.00000
84075,33547,-1,0.00000
84075,18165,-1,0.00000
84075,21150,-1,0.00000
84075,15893,-1,0.18550
84107,1043,-1,0.00000
84107,13806,-1,0.00000
84107,25133,-1,0.00000
84107,36712,-1,0.00000
84107,57972,-1,0.39490
84182,33547,-1,0.00000
84182,18165,-1,0.00000
84182,21150,-1,0.00000
84182,15893,-1,0.00000
84218,1043,-1,0.00000
84218,13806,-1,0.00000
84218,25133,-1,0.00000
84218,36712,-1,0.00000
84218,57972,-1,0.00000
84290,33547,-1,0.00000
84290,18165,-1,0.00000
84290,21150,-1,0.22018
84290,15893,-1,0.00000
84327,1043,-1,0.61729
84327,13806,-1,0.00000
84327,25133,-1,0.15710
84327,36712,-1,0.00000
84327,57972,-1,0.00000
84391,33547,-1,0.17317
84391,18165,-1,0.00000
84391,21150,-1,0.00000
84391,15893,-1,0.00000
84428,1043,-1,0.00000
84428,13806,-1,0.00000
84428,25133,-1,0.00000
84428,36712,-1,0.00000
84428,57972,-1,0.00000
84491,33547,-1,0.00000
84491,18165,-1,0.00000
84491,21150,-1,0.00000
84491,15893,-1,0.00000
84528,1043,-1,0.00000
84528,13806,-1,0.00000
84528,25133,-1,0.00000
84528,36712,-1,0.00000
84528,57972,-1,0.00000
84601,33547,-1,0.00000
84601,18165,-1,0.00000
84601,21150,-1,0.00000
84601,15893,-1,0.00000
84638,1043,-1,0.00000
84638,13806,-1,0.54392
84638,25133,-1,0.00000
84638,36712,-1,0.00000
84638,57972,-1,0.00000
84711,33547,-1,0.00000
84711,18165,-1,0.13776
84711,21150,-1,0.00000
84711,15893,-1,0.00000
84748,1043,-1,0.00000
84748,13806,-1,0.00000
84748,25133,-1,0.00000
84748,36712,-1,0.00000
84748,57972,-1,0.00000
84811,33547,-1,0.00000
84811,18165,-1,0.00000
84811,21150,-1,0.00000
84811,15893,-1,0.00000
84858,1043,-1,0.00000
84858,13806,-1,0.00000
84858,25133,-1,0.00000
84858,36712,-1,0.68001
84858,57972,-1,0.00000
84922,33547,-1,0.00000
84922,18165,-1,0.00000
84922,21150,-1,0.00000
84922,15893,-1,0.21383
84967,1043,-1,0.00000
84967,13806,-1,0.00000
84967,25133,-1,0.00000
84967,36712,-1,0.00000
84967,57972,-1,0.00000
85022,33547,-1,0.00000
85022,18165,-1,0.00000
85022,21150,-1,0.19391
85022,15893,-1,0.00000
85078,1043,-1,0.00000
85078,13806,-1,0.00000
85078,25133,-1,0.03054
85078,36712,-1,0.00000
85078,57972,-1,0.00000
85131,33547,-1,0.00000
85131,18165,-1,0.00000
85131,21150,-1,0.00000
85131,15893,-1,0.00000
85178,1043,-1,0.00000
85178,13806,-1,0.00000
85178,25133,-1,0.13252
85178,36712,-1,0.00000
85178,57972,-1,0.00000
85231,33547,-1,0.03750
85231,18165,-1,0.00000
85231,21150,-1,0.00000
85231,15893,-1,0.00000
85287,1043,-1,0.00000
85287,13806,-1,0.00000
85287,25133,-1,0.00000
85287,36712,-1,0.00000
85287,57972,-1,0.00000
85332,33547,-1,0.17354
85332,18165,-1,0.00000
85332,21150,-1,0.00000
85332,15893,-1,0.00000
85398,1043,-1,0.68680
85398,13806,-1,0.10446
85398,25133,-1,0.00000
85398,36712,-1,0.00000
85398,57972,-1,0.00000
85441,33547,-1,0.00000
85441,18165,-1,0.00000
85441,21150,-1,0.00000
85441,15893,-1,0.00000
85507,1043,-1,0.00000
85507,13806,-1,0.48674
85507,25133,-1,0.00000
85507,36712,-1,0.00000
85507,57972,-1,0.00000
85542,33547,-1,0.00000
85542,18165,-1,0.03717
85542,21150,-1,0.00000
85542,15893,-1,0.00000
85608,1043,-1,0.00000
85608,13806,-1,0.00000
85608,25133,-1,0.00000
85608,36712,-1,0.00000
85608,57972,-1,0.00000
85651,33547,-1,0.00000
85651,18165,-1,0.15890
85651,21150,-1,0.00000
85651,15893,-1,0.17750
85718,1043,-1,0.00000
85718,13806,-1,0.00000
85718,25133,-1,0.00000
85718,36712,-1,0.72682
85718,57972,-1,0.40051
85763,33547,-1,0.00000
85763,18165,-1,0.00000
85763,21150,-1,0.00000
85763,15893,-1,0.00000
85818,1043,-1,0.00000
85818,13806,-1,0.00000
85818,25133,-1,0.00000
85818,36712,-1,0.00000
85818,57972,-1,0.00000
85871,33547,-1,0.00000
85871,18165,-1,0.00000
85871,21150,-1,0.22052
85871,15893,-1,0.00000
85927,1043,-1,0.00000
85927,13806,-1,0.00000
85927,25133,-1,0.16888
85927,36712,-1,0.00000
85927,57972,-1,0.00000
85981,33547,-1,0.13763
85981,18165,-1,0.00000
85981,21150,-1,0.00000
85981,15893,-1,0.00000
86029,1043,-1,0.00000
86029,13806,-1,0.52191
86029,25133,-1,0.00000
86029,36712,-1,0.00000
86029,57972,-1,0.00000
86082,33547,-1,0.00000
86082,18165,-1,0.00000
86082,21150,-1,0.00000
86082,15893,-1,0.00000
86138,1043,-1,0.00000
86138,13806,-1,0.00000
86138,25133,-1,0.00000
86138,36712,-1,0.00000
86138,57972,-1,0.00000
86191,33547,-1,0.00000
86191,18165,-1,0.14316
86191,21150,-1,0.00000
86191,15893,-1,0.00000
86248,1043,-1,0.00000
86248,13806,-1,0.00000
86248,25133,-1,0.00000
86248,36712,-1,0.66249
86248,57972,-1,0.00000
86301,33547,-1,0.00000
86301,18165,-1,0.00000
86301,21150,-1,0.00000
86301,15893,-1,0.00000
86349,1043,-1,0.00000
86349,13806,-1,0.00000
86349,25133,-1,0.00000
86349,36712,-1,0.00000
86349,57972,-1,0.00000
86401,33547,-1,0.00000
86401,18165,-1,0.00000
86401,21150,-1,0.00000
86401,15893,-1,0.04207
86457,1043,-1,0.00000
86457,13806,-1,0.00000
86457,25133,-1,0.00000
86457,36712,-1,0.00000
86457,57972,-1,0.53901
86501,33547,-1,0.00000
86501,18165,-1,0.00000
86501,21150,-1,0.17892
86501,15893,-1,0.17892
86558,1043,-1,0.00000
86558,13806,-1,0.00000
86558,25133,-1,0.15065
86558,36712,-1,0.00000
86558,57972,-1,0.00000
86611,33547,-1,0.00000
86611,18165,-1,0.00000
86611,21150,-1,0.00000
86611,15893,-1,0.00000
86658,1043,-1,0.00000
86658,13806,-1,0.00000
86658,25133,-1,0.00000
86658,36712,-1,0.00000
86658,57972,-1,0.00000
86711,33547,-1,0.00000
86711,18165,-1,0.00000
86711,21150,-1,0.00000
86711,15893,-1,0.00000
86760,1043,-1,0.74363
86760,13806,-1,0.63594
86760,25133,-1,0.00000
86760,36712,-1,0.00000
86760,57972,-1,0.00000
86820,33547,-1,0.00000
86820,18165,-1,0.00000
86820,21150,-1,0.00000
86820,15893,-1,0.00000
86867,1043,-1,0.00000
86867,13806,-1,0.00000
86867,25133,-1,0.00000
86867,36712,-1,0.00000
86867,57972,-1,0.00000
86920,33547,-1,0.00000
86920,18165,-1,0.00000
86920,21150,-1,0.00000
86920,15893,-1,0.00000
86978,1043,-1,0.00000
86978,13806,-1,0.00000
86978,25133,-1,0.00000
86978,36712,-1,0.72629
86978,57972,-1,0.00000
87023,33547,-1,0.00000
87023,18165,-1,0.00000
87023,21150,-1,0.00000
87023,15893,-1,0.00000
87087,1043,-1,0.00000
87087,13806,-1,0.00000
87087,25133,-1,0.00000
87087,36712,-1,0.00000
87087,57972,-1,0.43847
87131,33547,-1,0.00000
87131,18165,-1,0.16153
87131,21150,-1,0.00000
87131,15893,-1,0.16153
87188,1043,-1,0.00000
87188,13806,-1,0.00000
87188,25133,-1,0.00000
87188,36712,-1,0.00000
87188,57972,-1,0.00000
87232,33547,-1,0.00000
87232,18165,-1,0.00000
87232,21150,-1,0.00000
87232,15893,-1,0.00000
87298,1043,-1,0.00000
87298,13806,-1,0.42833
87298,25133,-1,0.16802
87298,36712,-1,0.00000
87298,57972,-1,0.00000
87340,33547,-1,0.03454
87340,18165,-1,0.00000
87340,21150,-1,0.00000
87340,15893,-1,0.00000
87407,1043,-1,0.00000
87407,13806,-1,0.00000
87407,25133,-1,0.00000
87407,36712,-1,0.00000
87407,57972,-1,0.00000
87441,33547,-1,0.00000
87441,18165,-1,0.00000
87441,21150,-1,0.19448
87441,15893,-1,0.00000
87507,1043,-1,0.00000
87507,13806,-1,0.00000
87507,25133,-1,0.00000
87507,36712,-1,0.00000
87507,57972,-1,0.00000
87541,33547,-1,0.00000
87541,18165,-1,0.00000
87541,21150,-1,0.00000
87541,15893,-1,0.00000
87607,1043,-1,0.16121
87607,13806,-1,0.00000
87607,25133,-1,0.00000
87607,36712,-1,0.65514
87607,57972,-1,0.48123
87641,33547,-1,0.00000
87641,18165,-1,0.03738
87641,21150,-1,0.00000
87641,15893,-1,0.19391
87719,1043,-1,0.00000
87719,13806,-1,0.00000
87719,25133,-1,0.00000
87719,36712,-1,0.00000
87719,57972,-1,0.00000
87751,33547,-1,0.00000
87751,18165,-1,0.00000
87751,21150,-1,0.00000
87751,15893,-1,0.00000
87830,1043,-1,0.14539
87830,13806,-1,0.00000
87830,25133,-1,0.00000
87830,36712,-1,0.00000
87830,57972,-1,0.00000
87861,33547,-1,0.00000
87861,18165,-1,0.00000
87861,21150,-1,0.00000
87861,15893,-1,0.00000
87938,1043,-1,0.00000
87938,13806,-1,0.49284
87938,25133,-1,0.00000
87938,36712,-1,0.00000
87938,57972,-1,0.00000
87970,33547,-1,0.14324
87970,18165,-1,0.03440
87970,21150,-1,0.17844
87970,15893,-1,0.00000
88048,1043,-1,0.00000
88048,13806,-1,0.00000
88048,25133,-1,0.00000
88048,36712,-1,0.00000
88048,57972,-1,0.00000
88071,33547,-1,0.00000
88071,18165,-1,0.00000
88071,21150,-1,0.00000
88071,15893,-1,0.00000
88150,1043,-1,0.00000
88150,13806,-1,0.00000
88150,25133,-1,0.03280
88150,36712,-1,0.00000
88150,57972,-1,0.00000
88171,33547,-1,0.00000
88171,18165,-1,0.03736
88171,21150,-1,0.00000
88171,15893,-1,0.00000
88257,1043,-1,0.00000
88257,13806,-1,0.00000
88257,25133,-1,0.14092
88257,36712,-1,0.61149
88257,57972,-1,0.00000
88282,33547,-1,0.00000
88282,18165,-1,0.15631
88282,21150,-1,0.00000
88282,15893,-1,0.00000
88358,1043,-1,0.00000
88358,13806,-1,0.00000
88358,25133,-1,0.00000
88358,36712,-1,0.00000
88358,57972,-1,0.00000
88390,33547,-1,0.00000
88390,18165,-1,0.00000
88390,21150,-1,0.00000
88390,15893,-1,0.00000
88467,1043,-1,0.68995
88467,13806,-1,0.00000
88467,25133,-1,0.00000
88467,36712,-1,0.00000
88467,57972,-1,0.09562
88490,33547,-1,0.00000
88490,18165,-1,0.00000
88490,21150,-1,0.00000
88490,15893,-1,0.00000
88577,1043,-1,0.00000
88577,13806,-1,0.00000
88577,25133,-1,0.00000
88577,36712,-1,0.00000
88577,57972,-1,0.39197
88591,33547,-1,0.00000
88591,18165,-1,0.00000
88591,21150,-1,0.19281
88591,15893,-1,0.23465
88677,1043,-1,0.00000
88677,13806,-1,0.00000
88677,25133,-1,0.00000
88677,36712,-1,0.00000
88677,57972,-1,0.00000
88701,33547,-1,0.00000
88701,18165,-1,0.00000
88701,21150,-1,0.00000
88701,15893,-1,0.00000
88778,1043,-1,0.00000
88778,13806,-1,0.59319
88778,25133,-1,0.13745
88778,36712,-1,0.00000
88778,57972,-1,0.00000
88811,33547,-1,0.03419
88811,18165,-1,0.00000
88811,21150,-1,0.00000
88811,15893,-1,0.00000
88888,1043,-1,0.00000
88888,13806,-1,0.00000
88888,25133,-1,0.00000
88888,36712,-1,0.00000
88888,57972,-1,0.00000
88921,33547,-1,0.00000
88921,18165,-1,0.15843
88921,21150,-1,0.00000
88921,15893,-1,0.00000
88998,1043,-1,0.00000
88998,13806,-1,0.00000
88998,25133,-1,0.00000
88998,36712,-1,0.13052
88998,57972,-1,0.00000
89021,33547,-1,0.00000
89021,18165,-1,0.00000
89021,21150,-1,0.00000
89021,15893,-1,0.00000
89099,1043,-1,0.00000
89099,13806,-1,0.00000
89099,25133,-1,0.00000
89099,36712,-1,0.00000
89099,57972,-1,0.00000
89131,33547,-1,0.03429
89131,18165,-1,0.00000
89131,21150,-1,0.00000
89131,15893,-1,0.00000
89207,1043,-1,0.00000
89207,13806,-1,0.00000
89207,25133,-1,0.00000
89207,36712,-1,0.00000
89207,57972,-1,0.00000
89241,33547,-1,0.15862
89241,18165,-1,0.00000
89241,21150,-1,0.00000
89241,15893,-1,0.17720
89318,1043,-1,0.00000
89318,13806,-1,0.58139
89318,25133,-1,0.00000
89318,36712,-1,0.00000
89318,57972,-1,0.00000
89341,33547,-1,0.00000
89341,18165,-1,0.00000
89341,21150,-1,0.00000
89341,15893,-1,0.00000
89428,1043,-1,0.00000
89428,13806,-1,0.00000
89428,25133,-1,0.00000
89428,36712,-1,0.00000
89428,57972,-1,0.00000
89441,33547,-1,0.00000
89441,18165,-1,0.00000
89441,21150,-1,0.23654
89441,15893,-1,0.00000
89538,1043,-1,0.00000
89538,13806,-1,0.11166
89538,25133,-1,0.00000
89538,36712,-1,0.00000
89538,57972,-1,0.00000
89550,33547,-1,0.00000
89550,18165,-1,0.00000
89550,21150,-1,0.00000
89550,15893,-1,0.00000
89648,1043,-1,0.00000
89648,13806,-1,0.45402
89648,25133,-1,0.00000
89648,36712,-1,0.54695
89648,57972,-1,0.00000
89651,33547,-1,0.00000
89651,18165,-1,0.00000
89651,21150,-1,0.00000
89651,15893,-1,0.00000
89753,33547,-1,0.00000
89753,18165,-1,0.03706
89753,21150,-1,0.00000
89753,15893,-1,0.00000
89757,1043,-1,0.00000
89757,13806,-1,0.00000
89757,25133,-1,0.00000
89757,36712,-1,0.00000
89757,57972,-1,0.00000
89858,1043,-1,0.75449
89858,13806,-1,0.00000
89858,25133,-1,0.03353
89858,36712,-1,0.00000
89858,57972,-1,0.00000
89861,33547,-1,0.16079
89861,18165,-1,0.16079
89861,21150,-1,0.00000
89861,15893,-1,0.00000
