Time_ms,UE_ID,RB_ID,Throughput_Mbps
0,1043,-1,0.00000
0,13806,-1,0.00000
0,25133,-1,0.03893
0,36712,-1,0.00000
0,57972,-1,0.00000
6,33547,-1,0.00000
6,18165,-1,0.13951
6,21150,-1,0.00000
6,15893,-1,0.00000
100,1043,-1,0.00000
100,13806,-1,0.57139
100,25133,-1,0.19384
100,36712,-1,0.00000
100,57972,-1,0.00000
113,33547,-1,0.00000
113,18165,-1,0.00000
113,21150,-1,0.00000
113,15893,-1,0.00000
202,1043,-1,0.00000
202,13806,-1,0.00000
202,25133,-1,0.00000
202,36712,-1,0.00000
202,57972,-1,0.00000
213,33547,-1,0.00000
213,18165,-1,0.00000
213,21150,-1,0.00000
213,15893,-1,0.00000
311,1043,-1,0.77618
311,13806,-1,0.00000
311,25133,-1,0.00000
311,36712,-1,0.00000
311,57972,-1,0.00000
323,33547,-1,0.21515
323,18165,-1,0.00000
323,21150,-1,0.25584
323,15893,-1,0.00000
420,1043,-1,0.00000
420,13806,-1,0.00000
420,25133,-1,0.15974
420,36712,-1,0.00000
420,57972,-1,0.00000
433,33547,-1,0.00000
433,18165,-1,0.00000
433,21150,-1,0.00000
433,15893,-1,0.00000
520,1043,-1,0.00000
520,13806,-1,0.00000
520,25133,-1,0.00000
520,36712,-1,0.00000
520,57972,-1,0.00000
533,33547,-1,0.00000
533,18165,-1,0.00000
533,21150,-1,0.00000
533,15893,-1,0.04216
621,1043,-1,0.00000
621,13806,-1,0.00000
621,25133,-1,0.00000
621,36712,-1,0.61280
621,57972,-1,0.09704
643,33547,-1,0.00000
643,18165,-1,0.10722
643,21150,-1,0.00000
643,15893,-1,0.16313
731,1043,-1,0.00000
731,13806,-1,0.52018
731,25133,-1,0.00000
731,36712,-1,0.00000
731,57972,-1,0.00000
752,33547,-1,0.00000
752,18165,-1,0.00000
752,21150,-1,0.00000
752,15893,-1,0.00000
840,1043,-1,0.00000
840,13806,-1,0.00000
840,25133,-1,0.00000
840,36712,-1,0.00000
840,57972,-1,0.00000
853,33547,-1,0.00000
853,18165,-1,0.00000
853,21150,-1,0.00000
853,15893,-1,0.00000
942,1043,-1,0.00000
942,13806,-1,0.00000
942,25133,-1,0.19098
942,36712,-1,0.00000
942,57972,-1,0.52763
963,33547,-1,0.00000
963,18165,-1,0.00000
963,21150,-1,0.26187
963,15893,-1,0.00000
1050,1043,-1,0.00000
1050,13806,-1,0.00000
1050,25133,-1,0.00000
1050,36712,-1,0.00000
1050,57972,-1,0.00000
1072,33547,-1,0.00000
1072,18165,-1,0.00000
1072,21150,-1,0.00000
1072,15893,-1,0.00000
1151,1043,-1,0.00000
1151,13806,-1,0.00000
1151,25133,-1,0.00000
1151,36712,-1,0.00000
1151,57972,-1,0.00000
1174,33547,-1,0.04162
1174,18165,-1,0.00000
1174,21150,-1,0.00000
1174,15893,-1,0.00000
1260,1043,-1,0.77732
1260,13806,-1,0.00000
1260,25133,-1,0.00000
1260,36712,-1,0.56197
1260,57972,-1,0.00000
1283,33547,-1,0.00000
1283,18165,-1,0.00000
1283,21150,-1,0.00000
1283,15893,-1,0.00000
1360,1043,-1,0.00000
1360,13806,-1,0.00000
1360,25133,-1,0.00000
1360,36712,-1,0.00000
1360,57972,-1,0.00000
1383,33547,-1,0.00000
1383,18165,-1,0.00000
1383,21150,-1,0.00000
1383,15893,-1,0.00000
1461,1043,-1,0.00000
1461,13806,-1,0.00000
1461,25133,-1,0.00000
1461,36712,-1,0.00000
1461,57972,-1,0.00000
1484,33547,-1,0.00000
1484,18165,-1,0.00000
1484,21150,-1,0.00000
1484,15893,-1,0.23541
1570,1043,-1,0.00000
1570,13806,-1,0.11241
1570,25133,-1,0.00000
1570,36712,-1,0.00000
1570,57972,-1,0.35595
1594,33547,-1,0.00000
1594,18165,-1,0.00000
1594,21150,-1,0.00000
1594,15893,-1,0.00000
1680,1043,-1,0.00000
1680,13806,-1,0.00000
1680,25133,-1,0.00000
1680,36712,-1,0.00000
1680,57972,-1,0.00000
1707,33547,-1,0.15925
1707,18165,-1,0.00000
1707,21150,-1,0.06026
1707,15893,-1,0.00000
1781,1043,-1,0.00000
1781,13806,-1,0.00000
1781,25133,-1,0.04200
1781,36712,-1,0.00000
1781,57972,-1,0.00000
1814,33547,-1,0.00000
1814,18165,-1,0.11934
1814,21150,-1,0.00000
1814,15893,-1,0.00000
1890,1043,-1,0.63666
1890,13806,-1,0.00000
1890,25133,-1,0.17786
1890,36712,-1,0.00000
1890,57972,-1,0.00000
1922,33547,-1,0.00000
1922,18165,-1,0.00000
1922,21150,-1,0.00000
1922,15893,-1,0.00000
1990,1043,-1,0.00000
1990,13806,-1,0.00000
1990,25133,-1,0.00000
1990,36712,-1,0.00000
1990,57972,-1,0.00000
2023,33547,-1,0.00000
2023,18165,-1,0.00000
2023,21150,-1,0.38261
2023,15893,-1,0.00000
2090,1043,-1,0.00000
2090,13806,-1,0.00000
2090,25133,-1,0.00000
2090,36712,-1,0.00000
2090,57972,-1,0.00000
2133,33547,-1,0.00000
2133,18165,-1,0.00000
2133,21150,-1,0.00000
2133,15893,-1,0.00000
2191,1043,-1,0.00000
2191,13806,-1,0.57141
2191,25133,-1,0.00000
2191,36712,-1,0.74493
2191,57972,-1,0.00000
2243,33547,-1,0.00000
2243,18165,-1,0.00000
2243,21150,-1,0.00000
2243,15893,-1,0.00000
2300,1043,-1,0.00000
2300,13806,-1,0.00000
2300,25133,-1,0.00000
2300,36712,-1,0.00000
2300,57972,-1,0.00000
2343,33547,-1,0.19454
2343,18165,-1,0.00000
2343,21150,-1,0.00000
2343,15893,-1,0.19454
2400,1043,-1,0.00000
2400,13806,-1,0.00000
2400,25133,-1,0.00000
2400,36712,-1,0.00000
2400,57972,-1,0.00000
2453,33547,-1,0.00000
2453,18165,-1,0.00000
2453,21150,-1,0.00000
2453,15893,-1,0.00000
2511,1043,-1,0.62870
2511,13806,-1,0.00000
2511,25133,-1,0.00000
2511,36712,-1,0.00000
2511,57972,-1,0.48526
2563,33547,-1,0.00000
2563,18165,-1,0.00000
2563,21150,-1,0.00000
2563,15893,-1,0.00000
2620,1043,-1,0.00000
2620,13806,-1,0.00000
2620,25133,-1,0.00000
2620,36712,-1,0.00000
2620,57972,-1,0.00000
2664,33547,-1,0.00000
2664,18165,-1,0.12687
2664,21150,-1,0.34621
2664,15893,-1,0.00000
2721,1043,-1,0.00000
2721,13806,-1,0.00000
2721,25133,-1,0.00000
2721,36712,-1,0.00000
2721,57972,-1,0.00000
2772,33547,-1,0.00000
2772,18165,-1,0.00000
2772,21150,-1,0.00000
2772,15893,-1,0.00000
2823,1043,-1,0.00000
2823,13806,-1,0.00000
2823,25133,-1,0.23108
2823,36712,-1,0.00000
2823,57972,-1,0.00000
2873,33547,-1,0.00000
2873,18165,-1,0.00000
2873,21150,-1,0.00000
2873,15893,-1,0.04192
2930,1043,-1,0.00000
2930,13806,-1,0.00000
2930,25133,-1,0.00000
2930,36712,-1,0.50792
2930,57972,-1,0.00000
2983,33547,-1,0.17780
2983,18165,-1,0.00000
2983,21150,-1,0.00000
2983,15893,-1,0.00000
3041,1043,-1,0.00000
3041,13806,-1,0.00000
3041,25133,-1,0.00000
3041,36712,-1,0.00000
3041,57972,-1,0.00000
3083,33547,-1,0.00000
3083,18165,-1,0.00000
3083,21150,-1,0.00000
3083,15893,-1,0.00000
3143,1043,-1,0.00000
3143,13806,-1,0.62963
3143,25133,-1,0.00000
3143,36712,-1,0.00000
3143,57972,-1,0.38972
3192,33547,-1,0.00000
3192,18165,-1,0.11688
3192,21150,-1,0.00000
3192,15893,-1,0.00000
3250,1043,-1,0.00000
3250,13806,-1,0.00000
3250,25133,-1,0.00000
3250,36712,-1,0.00000
3250,57972,-1,0.00000
3302,33547,-1,0.00000
3302,18165,-1,0.00000
3302,21150,-1,0.28830
3302,15893,-1,0.00000
3360,1043,-1,0.00000
3360,13806,-1,0.00000
3360,25133,-1,0.00000
3360,36712,-1,0.00000
3360,57972,-1,0.00000
3403,33547,-1,0.00000
3403,18165,-1,0.00000
3403,21150,-1,0.00000
3403,15893,-1,0.00000
3461,1043,-1,0.79417
3461,13806,-1,0.00000
3461,25133,-1,0.00000
3461,36712,-1,0.00000
3461,57972,-1,0.00000
3512,33547,-1,0.00000
3512,18165,-1,0.00000
3512,21150,-1,0.00000
3512,15893,-1,0.17895
3570,1043,-1,0.00000
3570,13806,-1,0.00000
3570,25133,-1,0.00000
3570,36712,-1,0.00000
3570,57972,-1,0.00000
3612,33547,-1,0.00000
3612,18165,-1,0.00000
3612,21150,-1,0.00000
3612,15893,-1,0.00000
3671,1043,-1,0.00000
3671,13806,-1,0.00000
3671,25133,-1,0.00000
3671,36712,-1,0.00000
3671,57972,-1,0.00000
3713,33547,-1,0.00000
3713,18165,-1,0.00000
3713,21150,-1,0.00000
3713,15893,-1,0.00000
3774,1043,-1,0.00000
3774,13806,-1,0.55448
3774,25133,-1,0.04082
3774,36712,-1,0.00000
3774,57972,-1,0.38594
3813,33547,-1,0.19390
3813,18165,-1,0.11229
3813,21150,-1,0.00000
3813,15893,-1,0.04208
3880,1043,-1,0.00000
3880,13806,-1,0.00000
3880,25133,-1,0.00000
3880,36712,-1,0.00000
3880,57972,-1,0.00000
3913,33547,-1,0.00000
3913,18165,-1,0.00000
3913,21150,-1,0.00000
3913,15893,-1,0.00000
3983,1043,-1,0.00000
3983,13806,-1,0.00000
3983,25133,-1,0.00000
3983,36712,-1,0.00000
3983,57972,-1,0.00000
4023,33547,-1,0.00000
4023,18165,-1,0.00000
4023,21150,-1,0.00000
4023,15893,-1,0.00000
4091,1043,-1,0.00000
4091,13806,-1,0.00000
4091,25133,-1,0.20131
4091,36712,-1,0.52419
4091,57972,-1,0.00000
4123,33547,-1,0.00000
4123,18165,-1,0.00000
4123,21150,-1,0.31529
4123,15893,-1,0.04194
4200,1043,-1,0.00000
4200,13806,-1,0.00000
4200,25133,-1,0.00000
4200,36712,-1,0.00000
4200,57972,-1,0.00000
4233,33547,-1,0.00000
4233,18165,-1,0.00000
4233,21150,-1,0.00000
4233,15893,-1,0.00000
4302,1043,-1,0.00000
4302,13806,-1,0.00000
4302,25133,-1,0.00000
4302,36712,-1,0.00000
4302,57972,-1,0.00000
4342,33547,-1,0.00000
4342,18165,-1,0.00000
4342,21150,-1,0.00000
4342,15893,-1,0.03864
4411,1043,-1,0.64204
4411,13806,-1,0.00000
4411,25133,-1,0.00000
4411,36712,-1,0.00000
4411,57972,-1,0.40584
4443,33547,-1,0.19429
4443,18165,-1,0.12785
4443,21150,-1,0.00000
4443,15893,-1,0.00000
4520,1043,-1,0.00000
4520,13806,-1,0.00000
4520,25133,-1,0.00000
4520,36712,-1,0.00000
4520,57972,-1,0.00000
4552,33547,-1,0.00000
4552,18165,-1,0.00000
4552,21150,-1,0.00000
4552,15893,-1,0.00000
4620,1043,-1,0.00000
4620,13806,-1,0.00000
4620,25133,-1,0.00000
4620,36712,-1,0.00000
4620,57972,-1,0.00000
4652,33547,-1,0.00000
4652,18165,-1,0.00000
4652,21150,-1,0.31745
4652,15893,-1,0.04223
4731,1043,-1,0.00000
4731,13806,-1,0.11131
4731,25133,-1,0.17619
4731,36712,-1,0.00000
4731,57972,-1,0.00000
4752,33547,-1,0.00000
4752,18165,-1,0.00000
4752,21150,-1,0.00000
4752,15893,-1,0.19446
4840,1043,-1,0.00000
4840,13806,-1,0.00000
4840,25133,-1,0.00000
4840,36712,-1,0.00000
4840,57972,-1,0.00000
4854,33547,-1,0.00000
4854,18165,-1,0.00000
4854,21150,-1,0.00000
4854,15893,-1,0.00000
4942,1043,-1,0.15117
4942,13806,-1,0.00000
4942,25133,-1,0.00000
4942,36712,-1,0.60477
4942,57972,-1,0.00000
4963,33547,-1,0.16041
4963,18165,-1,0.00000
4963,21150,-1,0.00000
4963,15893,-1,0.00000
5043,1043,-1,0.00000
5043,13806,-1,0.00000
5043,25133,-1,0.00000
5043,36712,-1,0.00000
5043,57972,-1,0.43779
5073,33547,-1,0.00000
5073,18165,-1,0.00000
5073,21150,-1,0.00000
5073,15893,-1,0.00000
5152,1043,-1,0.00000
5152,13806,-1,0.00000
5152,25133,-1,0.00000
5152,36712,-1,0.00000
5152,57972,-1,0.00000
5174,33547,-1,0.00000
5174,18165,-1,0.02758
5174,21150,-1,0.00000
5174,15893,-1,0.00000
5252,1043,-1,0.15272
5252,13806,-1,0.00000
5252,25133,-1,0.00000
5252,36712,-1,0.00000
5252,57972,-1,0.00000
5283,33547,-1,0.00000
5283,18165,-1,0.10804
5283,21150,-1,0.26295
5283,15893,-1,0.00000
5360,1043,-1,0.57996
5360,13806,-1,0.53238
5360,25133,-1,0.00000
5360,36712,-1,0.00000
5360,57972,-1,0.00000
5383,33547,-1,0.00000
5383,18165,-1,0.00000
5383,21150,-1,0.00000
5383,15893,-1,0.00000
5460,1043,-1,0.00000
5460,13806,-1,0.00000
5460,25133,-1,0.00000
5460,36712,-1,0.00000
5460,57972,-1,0.00000
5492,33547,-1,0.00000
5492,18165,-1,0.00000
5492,21150,-1,0.00000
5492,15893,-1,0.20336
5561,1043,-1,0.00000
5561,13806,-1,0.00000
5561,25133,-1,0.04196
5561,36712,-1,0.00000
5561,57972,-1,0.00000
5593,33547,-1,0.00000
5593,18165,-1,0.00000
5593,21150,-1,0.00000
5593,15893,-1,0.00000
5661,1043,-1,0.00000
5661,13806,-1,0.00000
5661,25133,-1,0.19386
5661,36712,-1,0.61233
5661,57972,-1,0.00000
5694,33547,-1,0.00000
5694,18165,-1,0.00000
5694,21150,-1,0.00000
5694,15893,-1,0.00000
5770,1043,-1,0.00000
5770,13806,-1,0.00000
5770,25133,-1,0.00000
5770,36712,-1,0.00000
5770,57972,-1,0.00000
5803,33547,-1,0.00000
5803,18165,-1,0.00000
5803,21150,-1,0.00000
5803,15893,-1,0.00000
5871,1043,-1,0.00000
5871,13806,-1,0.00000
5871,25133,-1,0.00000
5871,36712,-1,0.00000
5871,57972,-1,0.53333
5913,33547,-1,0.00000
5913,18165,-1,0.00000
5913,21150,-1,0.00000
5913,15893,-1,0.00000
5980,1043,-1,0.63810
5980,13806,-1,0.00000
5980,25133,-1,0.00000
5980,36712,-1,0.00000
5980,57972,-1,0.00000
6022,33547,-1,0.00000
6022,18165,-1,0.00000
6022,21150,-1,0.00000
6022,15893,-1,0.00000
6082,1043,-1,0.00000
6082,13806,-1,0.00000
6082,25133,-1,0.00000
6082,36712,-1,0.00000
6082,57972,-1,0.00000
6123,33547,-1,0.00000
6123,18165,-1,0.12690
6123,21150,-1,0.00000
6123,15893,-1,0.00000
6191,1043,-1,0.00000
6191,13806,-1,0.00000
6191,25133,-1,0.00000
6191,36712,-1,0.12227
6191,57972,-1,0.00000
6233,33547,-1,0.00000
6233,18165,-1,0.00000
6233,21150,-1,0.00000
6233,15893,-1,0.00000
6292,1043,-1,0.00000
6292,13806,-1,0.00000
6292,25133,-1,0.00000
6292,36712,-1,0.61332
6292,57972,-1,0.00000
6343,33547,-1,0.20104
6343,18165,-1,0.00000
6343,21150,-1,0.00000
6343,15893,-1,0.00000
6400,1043,-1,0.00000
6400,13806,-1,0.00000
6400,25133,-1,0.00000
6400,36712,-1,0.00000
6400,57972,-1,0.00000
6453,33547,-1,0.00000
6453,18165,-1,0.00000
6453,21150,-1,0.00000
6453,15893,-1,0.00000
6504,1043,-1,0.67219
6504,13806,-1,0.00000
6504,25133,-1,0.00000
6504,36712,-1,0.00000
6504,57972,-1,0.09393
6563,33547,-1,0.00000
6563,18165,-1,0.02540
6563,21150,-1,0.00000
6563,15893,-1,0.00000
6610,1043,-1,0.00000
6610,13806,-1,0.00000
6610,25133,-1,0.00000
6610,36712,-1,0.00000
6610,57972,-1,0.36587
6673,33547,-1,0.00000
6673,18165,-1,0.00000
6673,21150,-1,0.00000
6673,15893,-1,0.00000
6721,1043,-1,0.00000
6721,13806,-1,0.00000
6721,25133,-1,0.00000
6721,36712,-1,0.00000
6721,57972,-1,0.00000
6773,33547,-1,0.00000
6773,18165,-1,0.00000
6773,21150,-1,0.00000
6773,15893,-1,0.00000
6821,1043,-1,0.00000
6821,13806,-1,0.11497
6821,25133,-1,0.00000
6821,36712,-1,0.00000
6821,57972,-1,0.00000
6883,33547,-1,0.00000
6883,18165,-1,0.02549
6883,21150,-1,0.28985
6883,15893,-1,0.00000
6931,1043,-1,0.00000
6931,13806,-1,0.00000
6931,25133,-1,0.17618
6931,36712,-1,0.55649
6931,57972,-1,0.00000
6983,33547,-1,0.00000
6983,18165,-1,0.00000
6983,21150,-1,0.00000
6983,15893,-1,0.00000
7032,1043,-1,0.00000
7032,13806,-1,0.00000
7032,25133,-1,0.00000
7032,36712,-1,0.00000
7032,57972,-1,0.00000
7092,33547,-1,0.00000
7092,18165,-1,0.02555
7092,21150,-1,0.00000
7092,15893,-1,0.00000
7141,1043,-1,0.00000
7141,13806,-1,0.59695
7141,25133,-1,0.00000
7141,36712,-1,0.00000
7141,57972,-1,0.00000
7193,33547,-1,0.00000
7193,18165,-1,0.11213
7193,21150,-1,0.00000
7193,15893,-1,0.19362
7250,1043,-1,0.00000
7250,13806,-1,0.00000
7250,25133,-1,0.00000
7250,36712,-1,0.00000
7250,57972,-1,0.40280
7302,33547,-1,0.00000
7302,18165,-1,0.00000
7302,21150,-1,0.00000
7302,15893,-1,0.00000
7350,1043,-1,0.00000
7350,13806,-1,0.00000
7350,25133,-1,0.00000
7350,36712,-1,0.00000
7350,57972,-1,0.00000
7404,33547,-1,0.04171
7404,18165,-1,0.00000
7404,21150,-1,0.00000
7404,15893,-1,0.19218
7460,1043,-1,0.13974
7460,13806,-1,0.00000
7460,25133,-1,0.00000
7460,36712,-1,0.00000
7460,57972,-1,0.00000
7512,33547,-1,0.00000
7512,18165,-1,0.00000
7512,21150,-1,0.00000
7512,15893,-1,0.00000
7570,1043,-1,0.63441
7570,13806,-1,0.00000
7570,25133,-1,0.00000
7570,36712,-1,0.00000
7570,57972,-1,0.00000
7623,33547,-1,0.00000
7623,18165,-1,0.00000
7623,21150,-1,0.00000
7623,15893,-1,0.00000
7671,1043,-1,0.00000
7671,13806,-1,0.00000
7671,25133,-1,0.00000
7671,36712,-1,0.00000
7671,57972,-1,0.00000
7723,33547,-1,0.23633
7723,18165,-1,0.12778
7723,21150,-1,0.00000
7723,15893,-1,0.00000
7772,1043,-1,0.00000
7772,13806,-1,0.00000
7772,25133,-1,0.00000
7772,36712,-1,0.13153
7772,57972,-1,0.00000
7833,33547,-1,0.00000
7833,18165,-1,0.00000
7833,21150,-1,0.00000
7833,15893,-1,0.00000
7880,1043,-1,0.00000
7880,13806,-1,0.43715
7880,25133,-1,0.00000
7880,36712,-1,0.57046
7880,57972,-1,0.00000
7933,33547,-1,0.00000
7933,18165,-1,0.00000
7933,21150,-1,0.00000
7933,15893,-1,0.00000
7980,1043,-1,0.00000
7980,13806,-1,0.00000
7980,25133,-1,0.00000
7980,36712,-1,0.00000
7980,57972,-1,0.00000
8042,33547,-1,0.00000
8042,18165,-1,0.00000
8042,21150,-1,0.35220
8042,15893,-1,0.00000
8081,1043,-1,0.00000
8081,13806,-1,0.00000
8081,25133,-1,0.00000
8081,36712,-1,0.00000
8081,57972,-1,0.00000
8153,33547,-1,0.00000
8153,18165,-1,0.00000
8153,21150,-1,0.00000
8153,15893,-1,0.00000
8190,1043,-1,0.00000
8190,13806,-1,0.00000
8190,25133,-1,0.00000
8190,36712,-1,0.00000
8190,57972,-1,0.45343
8262,33547,-1,0.00000
8262,18165,-1,0.00000
8262,21150,-1,0.00000
8262,15893,-1,0.00000
8300,1043,-1,0.58823
8300,13806,-1,0.00000
8300,25133,-1,0.00000
8300,36712,-1,0.00000
8300,57972,-1,0.00000
8362,33547,-1,0.21593
8362,18165,-1,0.12776
8362,21150,-1,0.00000
8362,15893,-1,0.00000
8401,1043,-1,0.00000
8401,13806,-1,0.00000
8401,25133,-1,0.00000
8401,36712,-1,0.00000
8401,57972,-1,0.00000
8473,33547,-1,0.00000
8473,18165,-1,0.00000
8473,21150,-1,0.00000
8473,15893,-1,0.00000
8510,1043,-1,0.00000
8510,13806,-1,0.00000
8510,25133,-1,0.00000
8510,36712,-1,0.12155
8510,57972,-1,0.00000
8573,33547,-1,0.00000
8573,18165,-1,0.00000
8573,21150,-1,0.06767
8573,15893,-1,0.00000
8610,1043,-1,0.00000
8610,13806,-1,0.48105
8610,25133,-1,0.00000
8610,36712,-1,0.00000
8610,57972,-1,0.00000
8673,33547,-1,0.00000
8673,18165,-1,0.00000
8673,21150,-1,0.31718
8673,15893,-1,0.00000
8711,1043,-1,0.00000
8711,13806,-1,0.00000
8711,25133,-1,0.00000
8711,36712,-1,0.00000
8711,57972,-1,0.00000
8783,33547,-1,0.00000
8783,18165,-1,0.00000
8783,21150,-1,0.00000
8783,15893,-1,0.00000
8812,1043,-1,0.00000
8812,13806,-1,0.00000
8812,25133,-1,0.00000
8812,36712,-1,0.00000
8812,57972,-1,0.09607
8893,33547,-1,0.00000
8893,18165,-1,0.00000
8893,21150,-1,0.00000
8893,15893,-1,0.03851
8920,1043,-1,0.59578
8920,13806,-1,0.00000
8920,25133,-1,0.17964
8920,36712,-1,0.00000
8920,57972,-1,0.00000
9003,33547,-1,0.17754
9003,18165,-1,0.00000
9003,21150,-1,0.00000
9003,15893,-1,0.17754
9024,1043,-1,0.00000
9024,13806,-1,0.00000
9024,25133,-1,0.00000
9024,36712,-1,0.00000
9024,57972,-1,0.00000
9104,33547,-1,0.00000
9104,18165,-1,0.00000
9104,21150,-1,0.00000
9104,15893,-1,0.00000
9130,1043,-1,0.00000
9130,13806,-1,0.00000
9130,25133,-1,0.00000
9130,36712,-1,0.53064
9130,57972,-1,0.09165
9212,33547,-1,0.00000
9212,18165,-1,0.14359
9212,21150,-1,0.00000
9212,15893,-1,0.00000
9230,1043,-1,0.00000
9230,13806,-1,0.00000
9230,25133,-1,0.00000
9230,36712,-1,0.00000
9230,57972,-1,0.38870
9312,33547,-1,0.00000
9312,18165,-1,0.00000
9312,21150,-1,0.00000
9312,15893,-1,0.00000
9331,1043,-1,0.00000
9331,13806,-1,0.00000
9331,25133,-1,0.00000
9331,36712,-1,0.00000
9331,57972,-1,0.00000
9414,33547,-1,0.00000
9414,18165,-1,0.00000
9414,21150,-1,0.00000
9414,15893,-1,0.00000
9431,1043,-1,0.00000
9431,13806,-1,0.00000
9431,25133,-1,0.00000
9431,36712,-1,0.00000
9431,57972,-1,0.00000
9523,33547,-1,0.00000
9523,18165,-1,0.00000
9523,21150,-1,0.35451
9523,15893,-1,0.16029
9540,1043,-1,0.00000
9540,13806,-1,0.48881
9540,25133,-1,0.00000
9540,36712,-1,0.00000
9540,57972,-1,0.00000
9623,33547,-1,0.00000
9623,18165,-1,0.00000
9623,21150,-1,0.00000
9623,15893,-1,0.00000
9640,1043,-1,0.00000
9640,13806,-1,0.00000
9640,25133,-1,0.00000
9640,36712,-1,0.00000
9640,57972,-1,0.00000
9733,33547,-1,0.03839
9733,18165,-1,0.00000
9733,21150,-1,0.00000
9733,15893,-1,0.00000
9751,1043,-1,0.76923
9751,13806,-1,0.00000
9751,25133,-1,0.00000
9751,36712,-1,0.00000
9751,57972,-1,0.00000
9843,33547,-1,0.16299
9843,18165,-1,0.10713
9843,21150,-1,0.00000
9843,15893,-1,0.00000
9860,1043,-1,0.00000
9860,13806,-1,0.00000
9860,25133,-1,0.00000
9860,36712,-1,0.00000
9860,57972,-1,0.40344
9943,33547,-1,0.00000
9943,18165,-1,0.00000
9943,21150,-1,0.00000
9943,15893,-1,0.00000
9961,1043,-1,0.00000
9961,13806,-1,0.00000
9961,25133,-1,0.00000
9961,36712,-1,0.00000
9961,57972,-1,0.00000
10053,33547,-1,0.00000
10053,18165,-1,0.00000
10053,21150,-1,0.26115
10053,15893,-1,0.00000
10070,1043,-1,0.00000
10070,13806,-1,0.00000
10070,25133,-1,0.21611
10070,36712,-1,0.00000
10070,57972,-1,0.00000
10162,33547,-1,0.00000
10162,18165,-1,0.00000
10162,21150,-1,0.00000
10162,15893,-1,0.00000
10181,1043,-1,0.00000
10181,13806,-1,0.48212
10181,25133,-1,0.00000
10181,36712,-1,0.00000
10181,57972,-1,0.00000
10263,33547,-1,0.00000
10263,18165,-1,0.00000
10263,21150,-1,0.00000
10263,15893,-1,0.04189
10281,1043,-1,0.00000
10281,13806,-1,0.00000
10281,25133,-1,0.00000
10281,36712,-1,0.00000
10281,57972,-1,0.00000
10373,33547,-1,0.00000
10373,18165,-1,0.00000
10373,21150,-1,0.00000
10373,15893,-1,0.00000
10390,1043,-1,0.57084
10390,13806,-1,0.00000
10390,25133,-1,0.00000
10390,36712,-1,0.68314
10390,57972,-1,0.00000
10473,33547,-1,0.00000
10473,18165,-1,0.00000
10473,21150,-1,0.00000
10473,15893,-1,0.00000
10500,1043,-1,0.00000
10500,13806,-1,0.00000
10500,25133,-1,0.00000
10500,36712,-1,0.00000
10500,57972,-1,0.00000
10573,33547,-1,0.00000
10573,18165,-1,0.00000
10573,21150,-1,0.00000
10573,15893,-1,0.00000
10610,1043,-1,0.00000
10610,13806,-1,0.00000
10610,25133,-1,0.00000
10610,36712,-1,0.00000
10610,57972,-1,0.08830
10683,33547,-1,0.17802
10683,18165,-1,0.00000
10683,21150,-1,0.00000
10683,15893,-1,0.00000
10710,1043,-1,0.00000
10710,13806,-1,0.00000
10710,25133,-1,0.00000
10710,36712,-1,0.00000
10710,57972,-1,0.44014
10783,33547,-1,0.00000
10783,18165,-1,0.00000
10783,21150,-1,0.00000
10783,15893,-1,0.00000
10821,1043,-1,0.00000
10821,13806,-1,0.00000
10821,25133,-1,0.00000
10821,36712,-1,0.00000
10821,57972,-1,0.00000
10893,33547,-1,0.00000
10893,18165,-1,0.00000
10893,21150,-1,0.06159
10893,15893,-1,0.00000
10933,1043,-1,0.62419
10933,13806,-1,0.00000
10933,25133,-1,0.00000
10933,36712,-1,0.11933
10933,57972,-1,0.00000
11003,33547,-1,0.00000
11003,18165,-1,0.10727
11003,21150,-1,0.00000
11003,15893,-1,0.17719
11040,1043,-1,0.00000
11040,13806,-1,0.00000
11040,25133,-1,0.00000
11040,36712,-1,0.00000
11040,57972,-1,0.00000
11103,33547,-1,0.00000
11103,18165,-1,0.00000
11103,21150,-1,0.00000
11103,15893,-1,0.00000
11140,1043,-1,0.00000
11140,13806,-1,0.00000
11140,25133,-1,0.00000
11140,36712,-1,0.00000
11140,57972,-1,0.00000
11212,33547,-1,0.03866
11212,18165,-1,0.00000
11212,21150,-1,0.29061
11212,15893,-1,0.00000
11241,1043,-1,0.00000
11241,13806,-1,0.52898
11241,25133,-1,0.00000
11241,36712,-1,0.74253
11241,57972,-1,0.00000
11313,33547,-1,0.00000
11313,18165,-1,0.00000
11313,21150,-1,0.00000
11313,15893,-1,0.00000
11350,1043,-1,0.00000
11350,13806,-1,0.00000
11350,25133,-1,0.00000
11350,36712,-1,0.00000
11350,57972,-1,0.00000
11413,33547,-1,0.00000
11413,18165,-1,0.00000
11413,21150,-1,0.00000
11413,15893,-1,0.00000
11450,1043,-1,0.00000
11450,13806,-1,0.00000
11450,25133,-1,0.00000
11450,36712,-1,0.00000
11450,57972,-1,0.00000
11523,33547,-1,0.21693
11523,18165,-1,0.00000
11523,21150,-1,0.00000
11523,15893,-1,0.00000
11560,1043,-1,0.00000
11560,13806,-1,0.00000
11560,25133,-1,0.17674
11560,36712,-1,0.00000
11560,57972,-1,0.44197
11623,33547,-1,0.00000
11623,18165,-1,0.12786
11623,21150,-1,0.00000
11623,15893,-1,0.00000
11670,1043,-1,0.00000
11670,13806,-1,0.00000
11670,25133,-1,0.00000
11670,36712,-1,0.00000
11670,57972,-1,0.00000
11733,33547,-1,0.00000
11733,18165,-1,0.00000
11733,21150,-1,0.00000
11733,15893,-1,0.00000
11770,1043,-1,0.15351
11770,13806,-1,0.00000
11770,25133,-1,0.00000
11770,36712,-1,0.00000
11770,57972,-1,0.00000
11842,33547,-1,0.00000
11842,18165,-1,0.00000
11842,21150,-1,0.35222
11842,15893,-1,0.15926
11880,1043,-1,0.63548
11880,13806,-1,0.00000
11880,25133,-1,0.00000
11880,36712,-1,0.56076
11880,57972,-1,0.00000
11943,33547,-1,0.00000
11943,18165,-1,0.00000
11943,21150,-1,0.00000
11943,15893,-1,0.00000
11980,1043,-1,0.00000
11980,13806,-1,0.00000
11980,25133,-1,0.00000
11980,36712,-1,0.00000
11980,57972,-1,0.00000
12053,33547,-1,0.00000
12053,18165,-1,0.00000
12053,21150,-1,0.00000
12053,15893,-1,0.00000
12091,1043,-1,0.00000
12091,13806,-1,0.48115
12091,25133,-1,0.00000
12091,36712,-1,0.00000
12091,57972,-1,0.08791
12153,33547,-1,0.00000
12153,18165,-1,0.12773
12153,21150,-1,0.00000
12153,15893,-1,0.00000
12200,1043,-1,0.00000
12200,13806,-1,0.00000
12200,25133,-1,0.00000
12200,36712,-1,0.00000
12200,57972,-1,0.40331
12253,33547,-1,0.00000
12253,18165,-1,0.00000
12253,21150,-1,0.00000
12253,15893,-1,0.00000
12301,1043,-1,0.00000
12301,13806,-1,0.00000
12301,25133,-1,0.00000
12301,36712,-1,0.00000
12301,57972,-1,0.00000
12354,33547,-1,0.00000
12354,18165,-1,0.00000
12354,21150,-1,0.00000
12354,15893,-1,0.00000
12411,1043,-1,0.63365
12411,13806,-1,0.00000
12411,25133,-1,0.00000
12411,36712,-1,0.00000
12411,57972,-1,0.00000
12463,33547,-1,0.21603
12463,18165,-1,0.00000
12463,21150,-1,0.00000
12463,15893,-1,0.17751
12520,1043,-1,0.00000
12520,13806,-1,0.00000
12520,25133,-1,0.00000
12520,36712,-1,0.56168
12520,57972,-1,0.00000
12573,33547,-1,0.00000
12573,18165,-1,0.00000
12573,21150,-1,0.00000
12573,15893,-1,0.00000
12620,1043,-1,0.00000
12620,13806,-1,0.00000
12620,25133,-1,0.00000
12620,36712,-1,0.00000
12620,57972,-1,0.00000
12685,33547,-1,0.00000
12685,18165,-1,0.00000
12685,21150,-1,0.34276
12685,15893,-1,0.00000
12730,1043,-1,0.00000
12730,13806,-1,0.00000
12730,25133,-1,0.00000
12730,36712,-1,0.00000
12730,57972,-1,0.00000
12792,33547,-1,0.00000
12792,18165,-1,0.00000
12792,21150,-1,0.00000
12792,15893,-1,0.00000
12832,1043,-1,0.00000
12832,13806,-1,0.46398
12832,25133,-1,0.00000
12832,36712,-1,0.00000
12832,57972,-1,0.00000
12893,33547,-1,0.00000
12893,18165,-1,0.00000
12893,21150,-1,0.00000
12893,15893,-1,0.00000
12940,1043,-1,0.00000
12940,13806,-1,0.00000
12940,25133,-1,0.00000
12940,36712,-1,0.00000
12940,57972,-1,0.00000
13003,33547,-1,0.00000
13003,18165,-1,0.14202
13003,21150,-1,0.00000
13003,15893,-1,0.15862
13041,1043,-1,0.00000
13041,13806,-1,0.00000
13041,25133,-1,0.04205
13041,36712,-1,0.00000
13041,57972,-1,0.00000
13103,33547,-1,0.00000
13103,18165,-1,0.00000
13103,21150,-1,0.00000
13103,15893,-1,0.00000
13150,1043,-1,0.59035
13150,13806,-1,0.00000
13150,25133,-1,0.00000
13150,36712,-1,0.00000
13150,57972,-1,0.36523
13213,33547,-1,0.03839
13213,18165,-1,0.00000
13213,21150,-1,0.00000
13213,15893,-1,0.00000
13251,1043,-1,0.00000
13251,13806,-1,0.00000
13251,25133,-1,0.00000
13251,36712,-1,0.00000
13251,57972,-1,0.00000
13314,33547,-1,0.19307
13314,18165,-1,0.00000
13314,21150,-1,0.31496
13314,15893,-1,0.00000
13351,1043,-1,0.00000
13351,13806,-1,0.00000
13351,25133,-1,0.04203
13351,36712,-1,0.00000
13351,57972,-1,0.00000
13423,33547,-1,0.00000
13423,18165,-1,0.00000
13423,21150,-1,0.00000
13423,15893,-1,0.00000
13461,1043,-1,0.00000
13461,13806,-1,0.43932
13461,25133,-1,0.00000
13461,36712,-1,0.51411
13461,57972,-1,0.00000
13533,33547,-1,0.00000
13533,18165,-1,0.00000
13533,21150,-1,0.00000
13533,15893,-1,0.00000
13565,1043,-1,0.00000
13565,13806,-1,0.00000
13565,25133,-1,0.00000
13565,36712,-1,0.00000
13565,57972,-1,0.00000
13633,33547,-1,0.00000
13633,18165,-1,0.00000
13633,21150,-1,0.00000
13633,15893,-1,0.00000
13670,1043,-1,0.00000
13670,13806,-1,0.00000
13670,25133,-1,0.18404
13670,36712,-1,0.00000
13670,57972,-1,0.46967
13743,33547,-1,0.00000
13743,18165,-1,0.00000
13743,21150,-1,0.00000
13743,15893,-1,0.00000
13781,1043,-1,0.00000
13781,13806,-1,0.00000
13781,25133,-1,0.00000
13781,36712,-1,0.00000
13781,57972,-1,0.00000
13853,33547,-1,0.00000
13853,18165,-1,0.02541
13853,21150,-1,0.00000
13853,15893,-1,0.00000
13890,1043,-1,0.14036
13890,13806,-1,0.00000
13890,25133,-1,0.00000
13890,36712,-1,0.00000
13890,57972,-1,0.00000
13953,33547,-1,0.00000
13953,18165,-1,0.12805
13953,21150,-1,0.31744
13953,15893,-1,0.00000
13990,1043,-1,0.62395
13990,13806,-1,0.00000
13990,25133,-1,0.00000
13990,36712,-1,0.61373
13990,57972,-1,0.00000
14054,33547,-1,0.00000
14054,18165,-1,0.00000
14054,21150,-1,0.00000
14054,15893,-1,0.00000
14091,1043,-1,0.00000
14091,13806,-1,0.00000
14091,25133,-1,0.00000
14091,36712,-1,0.00000
14091,57972,-1,0.00000
14163,33547,-1,0.03880
14163,18165,-1,0.00000
14163,21150,-1,0.00000
14163,15893,-1,0.17878
14193,1043,-1,0.00000
14193,13806,-1,0.11360
14193,25133,-1,0.00000
14193,36712,-1,0.00000
14193,57972,-1,0.00000
14263,33547,-1,0.17400
14263,18165,-1,0.00000
14263,21150,-1,0.00000
14263,15893,-1,0.00000
14301,1043,-1,0.00000
14301,13806,-1,0.49402
14301,25133,-1,0.00000
14301,36712,-1,0.00000
14301,57972,-1,0.40828
14363,33547,-1,0.00000
14363,18165,-1,0.00000
14363,21150,-1,0.00000
14363,15893,-1,0.00000
14401,1043,-1,0.00000
14401,13806,-1,0.00000
14401,25133,-1,0.00000
14401,36712,-1,0.00000
14401,57972,-1,0.00000
14465,33547,-1,0.00000
14465,18165,-1,0.00000
14465,21150,-1,0.00000
14465,15893,-1,0.00000
14511,1043,-1,0.63544
14511,13806,-1,0.00000
14511,25133,-1,0.00000
14511,36712,-1,0.00000
14511,57972,-1,0.00000
14573,33547,-1,0.00000
14573,18165,-1,0.10898
14573,21150,-1,0.00000
14573,15893,-1,0.00000
14620,1043,-1,0.00000
14620,13806,-1,0.00000
14620,25133,-1,0.00000
14620,36712,-1,0.56060
14620,57972,-1,0.00000
14673,33547,-1,0.00000
14673,18165,-1,0.00000
14673,21150,-1,0.00000
14673,15893,-1,0.00000
14730,1043,-1,0.00000
14730,13806,-1,0.00000
14730,25133,-1,0.00000
14730,36712,-1,0.00000
14730,57972,-1,0.00000
14774,33547,-1,0.00000
14774,18165,-1,0.00000
14774,21150,-1,0.35032
14774,15893,-1,0.00000
14830,1043,-1,0.00000
14830,13806,-1,0.53161
14830,25133,-1,0.00000
14830,36712,-1,0.00000
14830,57972,-1,0.00000
14882,33547,-1,0.16558
14882,18165,-1,0.00000
14882,21150,-1,0.00000
14882,15893,-1,0.00000
14931,1043,-1,0.00000
14931,13806,-1,0.00000
14931,25133,-1,0.00000
14931,36712,-1,0.00000
14931,57972,-1,0.00000
14983,33547,-1,0.00000
14983,18165,-1,0.00000
14983,21150,-1,0.00000
14983,15893,-1,0.00000
15040,1043,-1,0.00000
15040,13806,-1,0.00000
15040,25133,-1,0.03872
15040,36712,-1,0.00000
15040,57972,-1,0.00000
15083,33547,-1,0.00000
15083,18165,-1,0.00000
15083,21150,-1,0.00000
15083,15893,-1,0.00000
15140,1043,-1,0.62359
15140,13806,-1,0.00000
15140,25133,-1,0.00000
15140,36712,-1,0.00000
15140,57972,-1,0.43938
15192,33547,-1,0.00000
15192,18165,-1,0.00000
15192,21150,-1,0.00000
15192,15893,-1,0.00000
15240,1043,-1,0.00000
15240,13806,-1,0.00000
15240,25133,-1,0.00000
15240,36712,-1,0.00000
15240,57972,-1,0.00000
15294,33547,-1,0.00000
15294,18165,-1,0.00000
15294,21150,-1,0.00000
15294,15893,-1,0.00000
15341,1043,-1,0.00000
15341,13806,-1,0.00000
15341,25133,-1,0.23672
15341,36712,-1,0.00000
15341,57972,-1,0.00000
15404,33547,-1,0.00000
15404,18165,-1,0.00000
15404,21150,-1,0.25648
15404,15893,-1,0.00000
15450,1043,-1,0.00000
15450,13806,-1,0.00000
15450,25133,-1,0.00000
15450,36712,-1,0.55964
15450,57972,-1,0.00000
15513,33547,-1,0.00000
15513,18165,-1,0.00000
15513,21150,-1,0.00000
15513,15893,-1,0.00000
15550,1043,-1,0.00000
15550,13806,-1,0.00000
15550,25133,-1,0.00000
15550,36712,-1,0.00000
15550,57972,-1,0.00000
15613,33547,-1,0.00000
15613,18165,-1,0.00000
15613,21150,-1,0.00000
15613,15893,-1,0.00000
15652,1043,-1,0.00000
15652,13806,-1,0.63746
15652,25133,-1,0.00000
15652,36712,-1,0.00000
15652,57972,-1,0.43313
15723,33547,-1,0.03844
15723,18165,-1,0.11657
15723,21150,-1,0.00000
15723,15893,-1,0.16317
15761,1043,-1,0.00000
15761,13806,-1,0.00000
15761,25133,-1,0.00000
15761,36712,-1,0.00000
15761,57972,-1,0.00000
15835,33547,-1,0.00000
15835,18165,-1,0.00000
15835,21150,-1,0.00000
15835,15893,-1,0.00000
15871,1043,-1,0.13941
15871,13806,-1,0.00000
15871,25133,-1,0.00000
15871,36712,-1,0.00000
15871,57972,-1,0.00000
15943,33547,-1,0.03912
15943,18165,-1,0.00000
15943,21150,-1,0.00000
15943,15893,-1,0.00000
15980,1043,-1,0.63846
15980,13806,-1,0.00000
15980,25133,-1,0.00000
15980,36712,-1,0.56339
15980,57972,-1,0.00000
16043,33547,-1,0.19392
16043,18165,-1,0.00000
16043,21150,-1,0.31635
16043,15893,-1,0.00000
16091,1043,-1,0.00000
16091,13806,-1,0.00000
16091,25133,-1,0.00000
16091,36712,-1,0.00000
16091,57972,-1,0.00000
16153,33547,-1,0.00000
16153,18165,-1,0.00000
16153,21150,-1,0.00000
16153,15893,-1,0.00000
16193,1043,-1,0.00000
16193,13806,-1,0.00000
16193,25133,-1,0.00000
16193,36712,-1,0.00000
16193,57972,-1,0.09580
16262,33547,-1,0.00000
16262,18165,-1,0.00000
16262,21150,-1,0.00000
16262,15893,-1,0.00000
16302,1043,-1,0.00000
16302,13806,-1,0.48850
16302,25133,-1,0.00000
16302,36712,-1,0.00000
16302,57972,-1,0.35694
16362,33547,-1,0.00000
16362,18165,-1,0.00000
16362,21150,-1,0.00000
16362,15893,-1,0.00000
16410,1043,-1,0.00000
16410,13806,-1,0.00000
16410,25133,-1,0.00000
16410,36712,-1,0.00000
16410,57972,-1,0.00000
16463,33547,-1,0.00000
16463,18165,-1,0.00000
16463,21150,-1,0.00000
16463,15893,-1,0.00000
16511,1043,-1,0.00000
16511,13806,-1,0.00000
16511,25133,-1,0.00000
16511,36712,-1,0.00000
16511,57972,-1,0.00000
16563,33547,-1,0.04199
16563,18165,-1,0.00000
16563,21150,-1,0.00000
16563,15893,-1,0.00000
16621,1043,-1,0.00000
16621,13806,-1,0.00000
16621,25133,-1,0.00000
16621,36712,-1,0.55971
16621,57972,-1,0.00000
16673,33547,-1,0.15906
16673,18165,-1,0.11692
16673,21150,-1,0.00000
16673,15893,-1,0.00000
16721,1043,-1,0.00000
16721,13806,-1,0.00000
16721,25133,-1,0.00000
16721,36712,-1,0.00000
16721,57972,-1,0.00000
16783,33547,-1,0.00000
16783,18165,-1,0.00000
16783,21150,-1,0.00000
16783,15893,-1,0.00000
16821,1043,-1,0.84872
16821,13806,-1,0.00000
16821,25133,-1,0.00000
16821,36712,-1,0.00000
16821,57972,-1,0.00000
16893,33547,-1,0.00000
16893,18165,-1,0.00000
16893,21150,-1,0.06184
16893,15893,-1,0.17741
16931,1043,-1,0.00000
16931,13806,-1,0.00000
16931,25133,-1,0.00000
16931,36712,-1,0.00000
16931,57972,-1,0.40121
16993,33547,-1,0.00000
16993,18165,-1,0.00000
16993,21150,-1,0.31747
16993,15893,-1,0.00000
17040,1043,-1,0.00000
17040,13806,-1,0.00000
17040,25133,-1,0.00000
17040,36712,-1,0.00000
17040,57972,-1,0.00000
17093,33547,-1,0.00000
17093,18165,-1,0.00000
17093,21150,-1,0.00000
17093,15893,-1,0.00000
17141,1043,-1,0.00000
17141,13806,-1,0.52969
17141,25133,-1,0.23546
17141,36712,-1,0.00000
17141,57972,-1,0.00000
17203,33547,-1,0.00000
17203,18165,-1,0.00000
17203,21150,-1,0.00000
17203,15893,-1,0.00000
17252,1043,-1,0.00000
17252,13806,-1,0.00000
17252,25133,-1,0.00000
17252,36712,-1,0.00000
17252,57972,-1,0.00000
17313,33547,-1,0.00000
17313,18165,-1,0.11687
17313,21150,-1,0.00000
17313,15893,-1,0.00000
17361,1043,-1,0.00000
17361,13806,-1,0.00000
17361,25133,-1,0.00000
17361,36712,-1,0.12221
17361,57972,-1,0.00000
17413,33547,-1,0.00000
17413,18165,-1,0.00000
17413,21150,-1,0.00000
17413,15893,-1,0.00000
17471,1043,-1,0.56896
17471,13806,-1,0.00000
17471,25133,-1,0.00000
17471,36712,-1,0.55964
17471,57972,-1,0.00000
17522,33547,-1,0.03876
17522,18165,-1,0.00000
17522,21150,-1,0.00000
17522,15893,-1,0.00000
17580,1043,-1,0.00000
17580,13806,-1,0.00000
17580,25133,-1,0.00000
17580,36712,-1,0.00000
17580,57972,-1,0.00000
17623,33547,-1,0.19393
17623,18165,-1,0.00000
17623,21150,-1,0.31636
17623,15893,-1,0.00000
17681,1043,-1,0.00000
17681,13806,-1,0.48011
17681,25133,-1,0.00000
17681,36712,-1,0.00000
17681,57972,-1,0.09704
17723,33547,-1,0.00000
17723,18165,-1,0.00000
17723,21150,-1,0.00000
17723,15893,-1,0.00000
17791,1043,-1,0.00000
17791,13806,-1,0.00000
17791,25133,-1,0.00000
17791,36712,-1,0.00000
17791,57972,-1,0.36288
17823,33547,-1,0.00000
17823,18165,-1,0.00000
17823,21150,-1,0.00000
17823,15893,-1,0.04222
17900,1043,-1,0.00000
17900,13806,-1,0.00000
17900,25133,-1,0.00000
17900,36712,-1,0.00000
17900,57972,-1,0.00000
17923,33547,-1,0.00000
17923,18165,-1,0.11243
17923,21150,-1,0.00000
17923,15893,-1,0.00000
18001,1043,-1,0.15317
18001,13806,-1,0.00000
18001,25133,-1,0.00000
18001,36712,-1,0.56179
18001,57972,-1,0.00000
18024,33547,-1,0.00000
18024,18165,-1,0.00000
18024,21150,-1,0.00000
18024,15893,-1,0.00000
18110,1043,-1,0.00000
18110,13806,-1,0.00000
18110,25133,-1,0.00000
18110,36712,-1,0.00000
18110,57972,-1,0.00000
18133,33547,-1,0.00000
18133,18165,-1,0.00000
18133,21150,-1,0.00000
18133,15893,-1,0.03882
18211,1043,-1,0.00000
18211,13806,-1,0.00000
18211,25133,-1,0.00000
18211,36712,-1,0.00000
18211,57972,-1,0.00000
18233,33547,-1,0.19453
18233,18165,-1,0.00000
18233,21150,-1,0.00000
18233,15893,-1,0.19453
18320,1043,-1,0.77831
18320,13806,-1,0.44085
18320,25133,-1,0.00000
18320,36712,-1,0.00000
18320,57972,-1,0.00000
18333,33547,-1,0.00000
18333,18165,-1,0.00000
18333,21150,-1,0.00000
18333,15893,-1,0.00000
18430,1043,-1,0.00000
18430,13806,-1,0.00000
18430,25133,-1,0.00000
18430,36712,-1,0.00000
18430,57972,-1,0.00000
18443,33547,-1,0.00000
18443,18165,-1,0.00000
18443,21150,-1,0.06186
18443,15893,-1,0.00000
18530,1043,-1,0.00000
18530,13806,-1,0.00000
18530,25133,-1,0.00000
18530,36712,-1,0.00000
18530,57972,-1,0.00000
18554,33547,-1,0.00000
18554,18165,-1,0.00000
18554,21150,-1,0.28661
18554,15893,-1,0.00000
18630,1043,-1,0.00000
18630,13806,-1,0.00000
18630,25133,-1,0.17927
18630,36712,-1,0.00000
18630,57972,-1,0.48671
18663,33547,-1,0.00000
18663,18165,-1,0.00000
18663,21150,-1,0.00000
18663,15893,-1,0.00000
18741,1043,-1,0.00000
18741,13806,-1,0.00000
18741,25133,-1,0.00000
18741,36712,-1,0.00000
18741,57972,-1,0.00000
18773,33547,-1,0.00000
18773,18165,-1,0.00000
18773,21150,-1,0.00000
18773,15893,-1,0.00000
18841,1043,-1,0.00000
18841,13806,-1,0.00000
18841,25133,-1,0.00000
18841,36712,-1,0.13272
18841,57972,-1,0.00000
18874,33547,-1,0.00000
18874,18165,-1,0.15393
18874,21150,-1,0.00000
18874,15893,-1,0.00000
18942,1043,-1,0.00000
18942,13806,-1,0.52793
18942,25133,-1,0.00000
18942,36712,-1,0.60909
18942,57972,-1,0.00000
18983,33547,-1,0.00000
18983,18165,-1,0.00000
18983,21150,-1,0.00000
18983,15893,-1,0.17837
19051,1043,-1,0.00000
19051,13806,-1,0.00000
19051,25133,-1,0.00000
19051,36712,-1,0.00000
19051,57972,-1,0.00000
19084,33547,-1,0.00000
19084,18165,-1,0.00000
19084,21150,-1,0.00000
19084,15893,-1,0.00000
19154,1043,-1,0.14811
19154,13806,-1,0.00000
19154,25133,-1,0.00000
19154,36712,-1,0.00000
19154,57972,-1,0.00000
19193,33547,-1,0.21642
19193,18165,-1,0.00000
19193,21150,-1,0.00000
19193,15893,-1,0.00000
19260,1043,-1,0.65735
19260,13806,-1,0.00000
19260,25133,-1,0.00000
19260,36712,-1,0.00000
19260,57972,-1,0.41551
19303,33547,-1,0.00000
19303,18165,-1,0.00000
19303,21150,-1,0.25639
19303,15893,-1,0.00000
19361,1043,-1,0.00000
19361,13806,-1,0.00000
19361,25133,-1,0.00000
19361,36712,-1,0.00000
19361,57972,-1,0.00000
19413,33547,-1,0.00000
19413,18165,-1,0.00000
19413,21150,-1,0.00000
19413,15893,-1,0.00000
19462,1043,-1,0.00000
19462,13806,-1,0.00000
19462,25133,-1,0.23366
19462,36712,-1,0.60645
19462,57972,-1,0.00000
19524,33547,-1,0.00000
19524,18165,-1,0.00000
19524,21150,-1,0.00000
19524,15893,-1,0.00000
19570,1043,-1,0.00000
19570,13806,-1,0.00000
19570,25133,-1,0.00000
19570,36712,-1,0.00000
19570,57972,-1,0.00000
19634,33547,-1,0.00000
19634,18165,-1,0.10718
19634,21150,-1,0.00000
19634,15893,-1,0.00000
19674,1043,-1,0.00000
19674,13806,-1,0.00000
19674,25133,-1,0.00000
19674,36712,-1,0.00000
19674,57972,-1,0.00000
19743,33547,-1,0.00000
19743,18165,-1,0.00000
19743,21150,-1,0.00000
19743,15893,-1,0.00000
19781,1043,-1,0.00000
19781,13806,-1,0.54859
19781,25133,-1,0.00000
19781,36712,-1,0.00000
19781,57972,-1,0.41200
19853,33547,-1,0.00000
19853,18165,-1,0.00000
19853,21150,-1,0.00000
19853,15893,-1,0.00000
19891,1043,-1,0.00000
19891,13806,-1,0.00000
19891,25133,-1,0.00000
19891,36712,-1,0.00000
19891,57972,-1,0.00000
19963,33547,-1,0.00000
19963,18165,-1,0.00000
19963,21150,-1,0.26058
19963,15893,-1,0.03838
20002,1043,-1,0.76857
20002,13806,-1,0.00000
20002,25133,-1,0.00000
20002,36712,-1,0.55564
20002,57972,-1,0.00000
20073,33547,-1,0.00000
20073,18165,-1,0.00000
20073,21150,-1,0.00000
20073,15893,-1,0.00000
20110,1043,-1,0.00000
20110,13806,-1,0.00000
20110,25133,-1,0.00000
20110,36712,-1,0.00000
20110,57972,-1,0.00000
20184,33547,-1,0.00000
20184,18165,-1,0.00000
20184,21150,-1,0.00000
20184,15893,-1,0.00000
20210,1043,-1,0.00000
20210,13806,-1,0.00000
20210,25133,-1,0.04200
20210,36712,-1,0.00000
20210,57972,-1,0.00000
20295,33547,-1,0.00000
20295,18165,-1,0.00000
20295,21150,-1,0.00000
20295,15893,-1,0.00000
20320,1043,-1,0.00000
20320,13806,-1,0.00000
20320,25133,-1,0.00000
20320,36712,-1,0.00000
20320,57972,-1,0.40170
20403,33547,-1,0.00000
20403,18165,-1,0.00000
20403,21150,-1,0.00000
20403,15893,-1,0.00000
20431,1043,-1,0.00000
20431,13806,-1,0.00000
20431,25133,-1,0.00000
20431,36712,-1,0.00000
20431,57972,-1,0.00000
20513,33547,-1,0.00000
20513,18165,-1,0.00000
20513,21150,-1,0.00000
20513,15893,-1,0.00000
20541,1043,-1,0.00000
20541,13806,-1,0.00000
20541,25133,-1,0.21623
20541,36712,-1,0.00000
20541,57972,-1,0.00000
20613,33547,-1,0.00000
20613,18165,-1,0.11265
20613,21150,-1,0.00000
20613,15893,-1,0.17917
20650,1043,-1,0.63681
20650,13806,-1,0.00000
20650,25133,-1,0.00000
20650,36712,-1,0.00000
20650,57972,-1,0.00000
20724,33547,-1,0.00000
20724,18165,-1,0.00000
20724,21150,-1,0.00000
20724,15893,-1,0.00000
20751,1043,-1,0.00000
20751,13806,-1,0.00000
20751,25133,-1,0.00000
20751,36712,-1,0.00000
20751,57972,-1,0.00000
20824,33547,-1,0.04220
20824,18165,-1,0.00000
20824,21150,-1,0.00000
20824,15893,-1,0.00000
20851,1043,-1,0.00000
20851,13806,-1,0.53064
20851,25133,-1,0.00000
20851,36712,-1,0.67332
20851,57972,-1,0.00000
20933,33547,-1,0.16424
20933,18165,-1,0.00000
20933,21150,-1,0.29089
20933,15893,-1,0.00000
20951,1043,-1,0.00000
20951,13806,-1,0.00000
20951,25133,-1,0.00000
20951,36712,-1,0.00000
20951,57972,-1,0.00000
21035,33547,-1,0.00000
21035,18165,-1,0.00000
21035,21150,-1,0.00000
21035,15893,-1,0.00000
21061,1043,-1,0.00000
21061,13806,-1,0.00000
21061,25133,-1,0.00000
21061,36712,-1,0.00000
21061,57972,-1,0.08887
21144,33547,-1,0.00000
21144,18165,-1,0.14337
21144,21150,-1,0.00000
21144,15893,-1,0.00000
21161,1043,-1,0.00000
21161,13806,-1,0.00000
21161,25133,-1,0.19394
21161,36712,-1,0.00000
21161,57972,-1,0.43882
21253,33547,-1,0.00000
21253,18165,-1,0.00000
21253,21150,-1,0.00000
21253,15893,-1,0.00000
21271,1043,-1,0.00000
21271,13806,-1,0.00000
21271,25133,-1,0.00000
21271,36712,-1,0.00000
21271,57972,-1,0.00000
21363,33547,-1,0.00000
21363,18165,-1,0.00000
21363,21150,-1,0.28910
21363,15893,-1,0.03846
21371,1043,-1,0.15337
21371,13806,-1,0.00000
21371,25133,-1,0.00000
21371,36712,-1,0.00000
21371,57972,-1,0.00000
21473,33547,-1,0.00000
21473,18165,-1,0.00000
21473,21150,-1,0.00000
21473,15893,-1,0.17737
21480,1043,-1,0.63840
21480,13806,-1,0.00000
21480,25133,-1,0.00000
21480,36712,-1,0.56333
21480,57972,-1,0.00000
21581,1043,-1,0.00000
21581,13806,-1,0.00000
21581,25133,-1,0.00000
21581,36712,-1,0.00000
21581,57972,-1,0.00000
21582,33547,-1,0.00000
21582,18165,-1,0.00000
21582,21150,-1,0.00000
21582,15893,-1,0.00000
21683,33547,-1,0.19410
21683,18165,-1,0.00000
21683,21150,-1,0.00000
21683,15893,-1,0.00000
21691,1043,-1,0.00000
21691,13806,-1,0.58442
21691,25133,-1,0.00000
21691,36712,-1,0.00000
21691,57972,-1,0.00000
21784,33547,-1,0.00000
21784,18165,-1,0.00000
21784,21150,-1,0.00000
21784,15893,-1,0.00000
21801,1043,-1,0.00000
21801,13806,-1,0.00000
21801,25133,-1,0.00000
21801,36712,-1,0.00000
21801,57972,-1,0.40332
21893,33547,-1,0.00000
21893,18165,-1,0.02552
21893,21150,-1,0.29021
21893,15893,-1,0.00000
21911,1043,-1,0.00000
21911,13806,-1,0.00000
21911,25133,-1,0.00000
21911,36712,-1,0.00000
21911,57972,-1,0.00000
22003,33547,-1,0.00000
22003,18165,-1,0.11658
22003,21150,-1,0.00000
22003,15893,-1,0.00000
22021,1043,-1,0.63289
22021,13806,-1,0.00000
22021,25133,-1,0.19665
22021,36712,-1,0.00000
22021,57972,-1,0.00000
22112,33547,-1,0.00000
22112,18165,-1,0.00000
22112,21150,-1,0.00000
22112,15893,-1,0.00000
22130,1043,-1,0.00000
22130,13806,-1,0.00000
22130,25133,-1,0.00000
22130,36712,-1,0.00000
22130,57972,-1,0.00000
22213,33547,-1,0.19260
22213,18165,-1,0.00000
22213,21150,-1,0.00000
22213,15893,-1,0.23440
22231,1043,-1,0.00000
22231,13806,-1,0.00000
22231,25133,-1,0.00000
22231,36712,-1,0.00000
22231,57972,-1,0.00000
22324,33547,-1,0.00000
22324,18165,-1,0.00000
22324,21150,-1,0.00000
22324,15893,-1,0.00000
22341,1043,-1,0.00000
22341,13806,-1,0.00000
22341,25133,-1,0.00000
22341,36712,-1,0.51195
22341,57972,-1,0.36271
22433,33547,-1,0.00000
22433,18165,-1,0.00000
22433,21150,-1,0.00000
22433,15893,-1,0.00000
22451,1043,-1,0.00000
22451,13806,-1,0.00000
22451,25133,-1,0.00000
22451,36712,-1,0.00000
22451,57972,-1,0.00000
22533,33547,-1,0.00000
22533,18165,-1,0.00000
22533,21150,-1,0.31715
22533,15893,-1,0.00000
22560,1043,-1,0.00000
22560,13806,-1,0.10512
22560,25133,-1,0.00000
22560,36712,-1,0.00000
22560,57972,-1,0.00000
22633,33547,-1,0.00000
22633,18165,-1,0.00000
22633,21150,-1,0.00000
22633,15893,-1,0.00000
22661,1043,-1,0.00000
22661,13806,-1,0.48078
22661,25133,-1,0.17895
22661,36712,-1,0.00000
22661,57972,-1,0.00000
22743,33547,-1,0.00000
22743,18165,-1,0.14285
22743,21150,-1,0.00000
22743,15893,-1,0.15955
22770,1043,-1,0.00000
22770,13806,-1,0.00000
22770,25133,-1,0.00000
22770,36712,-1,0.00000
22770,57972,-1,0.00000
22843,33547,-1,0.00000
22843,18165,-1,0.00000
22843,21150,-1,0.00000
22843,15893,-1,0.00000
22871,1043,-1,0.00000
22871,13806,-1,0.00000
22871,25133,-1,0.00000
22871,36712,-1,0.13276
22871,57972,-1,0.00000
22943,33547,-1,0.00000
22943,18165,-1,0.00000
22943,21150,-1,0.00000
22943,15893,-1,0.00000
22971,1043,-1,0.64484
22971,13806,-1,0.00000
22971,25133,-1,0.00000
22971,36712,-1,0.00000
22971,57972,-1,0.43994
23054,33547,-1,0.21516
23054,18165,-1,0.00000
23054,21150,-1,0.00000
23054,15893,-1,0.00000
23080,1043,-1,0.00000
23080,13806,-1,0.00000
23080,25133,-1,0.00000
23080,36712,-1,0.00000
23080,57972,-1,0.00000
23162,33547,-1,0.00000
23162,18165,-1,0.00000
23162,21150,-1,0.00000
23162,15893,-1,0.00000
23192,1043,-1,0.00000
23192,13806,-1,0.00000
23192,25133,-1,0.00000
23192,36712,-1,0.11899
23192,57972,-1,0.00000
23263,33547,-1,0.00000
23263,18165,-1,0.00000
23263,21150,-1,0.38337
23263,15893,-1,0.00000
23301,1043,-1,0.00000
23301,13806,-1,0.49228
23301,25133,-1,0.00000
23301,36712,-1,0.50159
23301,57972,-1,0.00000
23372,33547,-1,0.00000
23372,18165,-1,0.11694
23372,21150,-1,0.00000
23372,15893,-1,0.00000
23401,1043,-1,0.00000
23401,13806,-1,0.00000
23401,25133,-1,0.00000
23401,36712,-1,0.00000
23401,57972,-1,0.00000
23473,33547,-1,0.00000
23473,18165,-1,0.00000
23473,21150,-1,0.00000
23473,15893,-1,0.00000
23511,1043,-1,0.14013
23511,13806,-1,0.00000
23511,25133,-1,0.00000
23511,36712,-1,0.00000
23511,57972,-1,0.00000
23583,33547,-1,0.00000
23583,18165,-1,0.00000
23583,21150,-1,0.00000
23583,15893,-1,0.00000
23621,1043,-1,0.63241
23621,13806,-1,0.00000
23621,25133,-1,0.17667
23621,36712,-1,0.00000
23621,57972,-1,0.00000
23693,33547,-1,0.00000
23693,18165,-1,0.00000
23693,21150,-1,0.00000
23693,15893,-1,0.00000
23721,1043,-1,0.00000
23721,13806,-1,0.00000
23721,25133,-1,0.00000
23721,36712,-1,0.00000
23721,57972,-1,0.00000
23793,33547,-1,0.00000
23793,18165,-1,0.00000
23793,21150,-1,0.00000
23793,15893,-1,0.00000
23821,1043,-1,0.00000
23821,13806,-1,0.00000
23821,25133,-1,0.00000
23821,36712,-1,0.00000
23821,57972,-1,0.09718
23904,33547,-1,0.21336
23904,18165,-1,0.00000
23904,21150,-1,0.25371
23904,15893,-1,0.00000
23932,1043,-1,0.00000
23932,13806,-1,0.00000
23932,25133,-1,0.00000
23932,36712,-1,0.55747
23932,57972,-1,0.39933
24013,33547,-1,0.00000
24013,18165,-1,0.00000
24013,21150,-1,0.00000
24013,15893,-1,0.00000
24042,1043,-1,0.00000
24042,13806,-1,0.00000
24042,25133,-1,0.00000
24042,36712,-1,0.00000
24042,57972,-1,0.00000
24113,33547,-1,0.00000
24113,18165,-1,0.00000
24113,21150,-1,0.00000
24113,15893,-1,0.04212
24143,1043,-1,0.15970
24143,13806,-1,0.00000
24143,25133,-1,0.00000
24143,36712,-1,0.00000
24143,57972,-1,0.00000
24223,33547,-1,0.00000
24223,18165,-1,0.10722
24223,21150,-1,0.00000
24223,15893,-1,0.00000
24251,1043,-1,0.00000
24251,13806,-1,0.49657
24251,25133,-1,0.00000
24251,36712,-1,0.00000
24251,57972,-1,0.00000
24324,33547,-1,0.00000
24324,18165,-1,0.00000
24324,21150,-1,0.00000
24324,15893,-1,0.00000
24361,1043,-1,0.00000
24361,13806,-1,0.00000
24361,25133,-1,0.00000
24361,36712,-1,0.00000
24361,57972,-1,0.00000
24434,33547,-1,0.03833
24434,18165,-1,0.10694
24434,21150,-1,0.26027
24434,15893,-1,0.00000
24461,1043,-1,0.15999
24461,13806,-1,0.00000
24461,25133,-1,0.00000
24461,36712,-1,0.60959
24461,57972,-1,0.38606
24543,33547,-1,0.00000
24543,18165,-1,0.00000
24543,21150,-1,0.00000
24543,15893,-1,0.00000
24571,1043,-1,0.00000
24571,13806,-1,0.00000
24571,25133,-1,0.00000
24571,36712,-1,0.00000
24571,57972,-1,0.00000
24654,33547,-1,0.00000
24654,18165,-1,0.00000
24654,21150,-1,0.00000
24654,15893,-1,0.00000
24671,1043,-1,0.00000
24671,13806,-1,0.00000
24671,25133,-1,0.00000
24671,36712,-1,0.00000
24671,57972,-1,0.00000
24763,33547,-1,0.00000
24763,18165,-1,0.00000
24763,21150,-1,0.00000
24763,15893,-1,0.17816
24771,1043,-1,0.75778
24771,13806,-1,0.64804
24771,25133,-1,0.00000
24771,36712,-1,0.00000
24771,57972,-1,0.00000
24874,33547,-1,0.00000
24874,18165,-1,0.00000
24874,21150,-1,0.00000
24874,15893,-1,0.00000
24881,1043,-1,0.00000
24881,13806,-1,0.00000
24881,25133,-1,0.00000
24881,36712,-1,0.00000
24881,57972,-1,0.00000
24983,33547,-1,0.00000
24983,18165,-1,0.00000
24983,21150,-1,0.00000
24983,15893,-1,0.00000
24990,1043,-1,0.00000
24990,13806,-1,0.00000
24990,25133,-1,0.00000
24990,36712,-1,0.00000
24990,57972,-1,0.08889
25084,33547,-1,0.00000
25084,18165,-1,0.00000
25084,21150,-1,0.00000
25084,15893,-1,0.17290
25091,1043,-1,0.00000
25091,13806,-1,0.00000
25091,25133,-1,0.17350
25091,36712,-1,0.61218
25091,57972,-1,0.00000
25191,1043,-1,0.00000
25191,13806,-1,0.00000
25191,25133,-1,0.00000
25191,36712,-1,0.00000
25191,57972,-1,0.00000
25193,33547,-1,0.00000
25193,18165,-1,0.00000
25193,21150,-1,0.00000
25193,15893,-1,0.00000
25293,33547,-1,0.22131
25293,18165,-1,0.00000
25293,21150,-1,0.31722
25293,15893,-1,0.00000
25300,1043,-1,0.00000
25300,13806,-1,0.00000
25300,25133,-1,0.00000
25300,36712,-1,0.00000
25300,57972,-1,0.08966
25400,1043,-1,0.00000
25400,13806,-1,0.00000
25400,25133,-1,0.00000
25400,36712,-1,0.00000
25400,57972,-1,0.43893
25405,33547,-1,0.00000
25405,18165,-1,0.00000
25405,21150,-1,0.00000
25405,15893,-1,0.00000
25504,1043,-1,0.00000
25504,13806,-1,0.00000
25504,25133,-1,0.00000
25504,36712,-1,0.00000
25504,57972,-1,0.00000
25513,33547,-1,0.00000
25513,18165,-1,0.00000
25513,21150,-1,0.00000
25513,15893,-1,0.00000
25611,1043,-1,0.00000
25611,13806,-1,0.10855
25611,25133,-1,0.00000
25611,36712,-1,0.00000
25611,57972,-1,0.00000
25614,33547,-1,0.00000
25614,18165,-1,0.15513
25614,21150,-1,0.00000
25614,15893,-1,0.00000
25711,1043,-1,0.00000
25711,13806,-1,0.53078
25711,25133,-1,0.00000
25711,36712,-1,0.54082
25711,57972,-1,0.00000
25724,33547,-1,0.00000
25724,18165,-1,0.00000
25724,21150,-1,0.00000
25724,15893,-1,0.00000
25821,1043,-1,0.00000
25821,13806,-1,0.00000
25821,25133,-1,0.00000
25821,36712,-1,0.00000
25821,57972,-1,0.00000
25833,33547,-1,0.00000
25833,18165,-1,0.00000
25833,21150,-1,0.00000
25833,15893,-1,0.00000
25923,1043,-1,0.00000
25923,13806,-1,0.00000
25923,25133,-1,0.03693
25923,36712,-1,0.00000
25923,57972,-1,0.00000
25934,33547,-1,0.00000
25934,18165,-1,0.00000
25934,21150,-1,0.31437
25934,15893,-1,0.19271
26030,1043,-1,0.70519
26030,13806,-1,0.00000
26030,25133,-1,0.16212
26030,36712,-1,0.00000
26030,57972,-1,0.00000
26043,33547,-1,0.00000
26043,18165,-1,0.00000
26043,21150,-1,0.00000
26043,15893,-1,0.00000
26131,1043,-1,0.00000
26131,13806,-1,0.00000
26131,25133,-1,0.00000
26131,36712,-1,0.00000
26131,57972,-1,0.00000
26143,33547,-1,0.17369
26143,18165,-1,0.15551
26143,21150,-1,0.00000
26143,15893,-1,0.00000
26241,1043,-1,0.00000
26241,13806,-1,0.00000
26241,25133,-1,0.00000
26241,36712,-1,0.00000
26241,57972,-1,0.49051
26253,33547,-1,0.00000
26253,18165,-1,0.00000
26253,21150,-1,0.00000
26253,15893,-1,0.00000
26352,1043,-1,0.00000
26352,13806,-1,0.47831
26352,25133,-1,0.00000
26352,36712,-1,0.00000
26352,57972,-1,0.00000
26363,33547,-1,0.00000
26363,18165,-1,0.00000
26363,21150,-1,0.00000
26363,15893,-1,0.00000
26461,1043,-1,0.00000
26461,13806,-1,0.00000
26461,25133,-1,0.00000
26461,36712,-1,0.00000
26461,57972,-1,0.00000
26474,33547,-1,0.00000
26474,18165,-1,0.00000
26474,21150,-1,0.28627
26474,15893,-1,0.03808
26572,1043,-1,0.00000
26572,13806,-1,0.00000
26572,25133,-1,0.00000
26572,36712,-1,0.67257
26572,57972,-1,0.00000
26583,33547,-1,0.00000
26583,18165,-1,0.00000
26583,21150,-1,0.00000
26583,15893,-1,0.00000
26681,1043,-1,0.69792
26681,13806,-1,0.00000
26681,25133,-1,0.00000
26681,36712,-1,0.00000
26681,57972,-1,0.00000
26684,33547,-1,0.00000
26684,18165,-1,0.00000
26684,21150,-1,0.00000
26684,15893,-1,0.04183
26781,1043,-1,0.00000
26781,13806,-1,0.00000
26781,25133,-1,0.03727
26781,36712,-1,0.00000
26781,57972,-1,0.00000
26793,33547,-1,0.17894
26793,18165,-1,0.11775
26793,21150,-1,0.00000
26793,15893,-1,0.00000
26882,1043,-1,0.00000
26882,13806,-1,0.00000
26882,25133,-1,0.17374
26882,36712,-1,0.00000
26882,57972,-1,0.38824
26893,33547,-1,0.00000
26893,18165,-1,0.00000
26893,21150,-1,0.00000
26893,15893,-1,0.00000
26984,1043,-1,0.00000
26984,13806,-1,0.00000
26984,25133,-1,0.00000
26984,36712,-1,0.00000
26984,57972,-1,0.00000
27003,33547,-1,0.00000
27003,18165,-1,0.00000
27003,21150,-1,0.00000
27003,15893,-1,0.03846
27090,1043,-1,0.00000
27090,13806,-1,0.55929
27090,25133,-1,0.00000
27090,36712,-1,0.00000
27090,57972,-1,0.00000
27104,33547,-1,0.00000
27104,18165,-1,0.00000
27104,21150,-1,0.00000
27104,15893,-1,0.00000
27191,1043,-1,0.00000
27191,13806,-1,0.00000
27191,25133,-1,0.00000
27191,36712,-1,0.56118
27191,57972,-1,0.00000
27213,33547,-1,0.00000
27213,18165,-1,0.00000
27213,21150,-1,0.00000
27213,15893,-1,0.00000
27301,1043,-1,0.00000
27301,13806,-1,0.00000
27301,25133,-1,0.00000
27301,36712,-1,0.00000
27301,57972,-1,0.00000
27313,33547,-1,0.00000
27313,18165,-1,0.00000
27313,21150,-1,0.38397
27313,15893,-1,0.00000
27401,1043,-1,0.16098
27401,13806,-1,0.00000
27401,25133,-1,0.00000
27401,36712,-1,0.00000
27401,57972,-1,0.00000
27413,33547,-1,0.00000
27413,18165,-1,0.11272
27413,21150,-1,0.00000
27413,15893,-1,0.00000
27510,1043,-1,0.61684
27510,13806,-1,0.00000
27510,25133,-1,0.00000
27510,36712,-1,0.00000
27510,57972,-1,0.00000
27523,33547,-1,0.00000
27523,18165,-1,0.00000
27523,21150,-1,0.00000
27523,15893,-1,0.00000
27612,1043,-1,0.00000
27612,13806,-1,0.00000
27612,25133,-1,0.00000
27612,36712,-1,0.00000
27612,57972,-1,0.00000
27633,33547,-1,0.03828
27633,18165,-1,0.00000
27633,21150,-1,0.00000
27633,15893,-1,0.17641
27720,1043,-1,0.00000
27720,13806,-1,0.44310
27720,25133,-1,0.19480
27720,36712,-1,0.00000
27720,57972,-1,0.00000
27743,33547,-1,0.17774
27743,18165,-1,0.00000
27743,21150,-1,0.00000
27743,15893,-1,0.00000
27821,1043,-1,0.00000
27821,13806,-1,0.00000
27821,25133,-1,0.00000
27821,36712,-1,0.00000
27821,57972,-1,0.00000
27853,33547,-1,0.00000
27853,18165,-1,0.00000
27853,21150,-1,0.00000
27853,15893,-1,0.00000
27930,1043,-1,0.00000
27930,13806,-1,0.00000
27930,25133,-1,0.00000
27930,36712,-1,0.12192
27930,57972,-1,0.00000
27963,33547,-1,0.00000
27963,18165,-1,0.00000
27963,21150,-1,0.28949
27963,15893,-1,0.00000
28041,1043,-1,0.00000
28041,13806,-1,0.00000
28041,25133,-1,0.00000
28041,36712,-1,0.49055
28041,57972,-1,0.00000
28063,33547,-1,0.00000
28063,18165,-1,0.00000
28063,21150,-1,0.00000
28063,15893,-1,0.00000
28152,1043,-1,0.00000
28152,13806,-1,0.00000
28152,25133,-1,0.00000
28152,36712,-1,0.00000
28152,57972,-1,0.00000
28173,33547,-1,0.00000
28173,18165,-1,0.14224
28173,21150,-1,0.00000
28173,15893,-1,0.00000
28264,1043,-1,0.14408
28264,13806,-1,0.00000
28264,25133,-1,0.00000
28264,36712,-1,0.00000
28264,57972,-1,0.00000
28283,33547,-1,0.17669
28283,18165,-1,0.00000
28283,21150,-1,0.00000
28283,15893,-1,0.00000
28371,1043,-1,0.70835
28371,13806,-1,0.49803
28371,25133,-1,0.00000
28371,36712,-1,0.00000
28371,57972,-1,0.00000
28393,33547,-1,0.00000
28393,18165,-1,0.00000
28393,21150,-1,0.00000
28393,15893,-1,0.00000
28471,1043,-1,0.00000
28471,13806,-1,0.00000
28471,25133,-1,0.00000
28471,36712,-1,0.00000
28471,57972,-1,0.00000
28493,33547,-1,0.00000
28493,18165,-1,0.00000
28493,21150,-1,0.00000
28493,15893,-1,0.04206
28571,1043,-1,0.00000
28571,13806,-1,0.00000
28571,25133,-1,0.21050
28571,36712,-1,0.00000
28571,57972,-1,0.39699
28603,33547,-1,0.00000
28603,18165,-1,0.00000
28603,21150,-1,0.00000
28603,15893,-1,0.15885
28681,1043,-1,0.00000
28681,13806,-1,0.00000
28681,25133,-1,0.00000
28681,36712,-1,0.00000
28681,57972,-1,0.00000
28703,33547,-1,0.00000
28703,18165,-1,0.00000
28703,21150,-1,0.00000
28703,15893,-1,0.00000
28782,1043,-1,0.00000
28782,13806,-1,0.00000
28782,25133,-1,0.00000
28782,36712,-1,0.00000
28782,57972,-1,0.00000
28813,33547,-1,0.00000
28813,18165,-1,0.10757
28813,21150,-1,0.32372
28813,15893,-1,0.00000
28891,1043,-1,0.00000
28891,13806,-1,0.00000
28891,25133,-1,0.00000
28891,36712,-1,0.68631
28891,57972,-1,0.00000
28923,33547,-1,0.00000
28923,18165,-1,0.00000
28923,21150,-1,0.00000
28923,15893,-1,0.00000
28992,1043,-1,0.00000
28992,13806,-1,0.00000
28992,25133,-1,0.00000
28992,36712,-1,0.00000
28992,57972,-1,0.00000
29024,33547,-1,0.04190
29024,18165,-1,0.00000
29024,21150,-1,0.00000
29024,15893,-1,0.17782
29103,1043,-1,0.00000
29103,13806,-1,0.10376
29103,25133,-1,0.00000
29103,36712,-1,0.00000
29103,57972,-1,0.00000
29134,33547,-1,0.16295
29134,18165,-1,0.00000
29134,21150,-1,0.00000
29134,15893,-1,0.00000
29210,1043,-1,0.00000
29210,13806,-1,0.49472
29210,25133,-1,0.00000
29210,36712,-1,0.00000
29210,57972,-1,0.36148
29243,33547,-1,0.00000
29243,18165,-1,0.00000
29243,21150,-1,0.00000
29243,15893,-1,0.00000
29311,1043,-1,0.00000
29311,13806,-1,0.00000
29311,25133,-1,0.00000
29311,36712,-1,0.00000
29311,57972,-1,0.00000
29343,33547,-1,0.00000
29343,18165,-1,0.00000
29343,21150,-1,0.00000
29343,15893,-1,0.00000
29411,1043,-1,0.75610
29411,13806,-1,0.00000
29411,25133,-1,0.03743
29411,36712,-1,0.00000
29411,57972,-1,0.00000
29453,33547,-1,0.00000
29453,18165,-1,0.00000
29453,21150,-1,0.00000
29453,15893,-1,0.00000
29520,1043,-1,0.00000
29520,13806,-1,0.00000
29520,25133,-1,0.00000
29520,36712,-1,0.56230
29520,57972,-1,0.00000
29554,33547,-1,0.00000
29554,18165,-1,0.00000
29554,21150,-1,0.00000
29554,15893,-1,0.00000
29621,1043,-1,0.00000
29621,13806,-1,0.00000
29621,25133,-1,0.00000
29621,36712,-1,0.00000
29621,57972,-1,0.00000
29656,33547,-1,0.00000
29656,18165,-1,0.12564
29656,21150,-1,0.00000
29656,15893,-1,0.00000
29730,1043,-1,0.00000
29730,13806,-1,0.00000
29730,25133,-1,0.19296
29730,36712,-1,0.00000
29730,57972,-1,0.40129
29763,33547,-1,0.00000
29763,18165,-1,0.00000
29763,21150,-1,0.00000
29763,15893,-1,0.16228
29832,1043,-1,0.00000
29832,13806,-1,0.00000
29832,25133,-1,0.00000
29832,36712,-1,0.00000
29832,57972,-1,0.00000
29873,33547,-1,0.00000
29873,18165,-1,0.00000
29873,21150,-1,0.00000
29873,15893,-1,0.00000
29941,1043,-1,0.00000
29941,13806,-1,0.10618
29941,25133,-1,0.00000
29941,36712,-1,0.00000
29941,57972,-1,0.00000
29973,33547,-1,0.04208
29973,18165,-1,0.00000
29973,21150,-1,0.00000
29973,15893,-1,0.00000
30041,1043,-1,0.00000
30041,13806,-1,0.53105
30041,25133,-1,0.00000
30041,36712,-1,0.61269
30041,57972,-1,0.00000
30084,33547,-1,0.00000
30084,18165,-1,0.00000
30084,21150,-1,0.00000
30084,15893,-1,0.00000
30151,1043,-1,0.00000
30151,13806,-1,0.00000
30151,25133,-1,0.00000
30151,36712,-1,0.00000
30151,57972,-1,0.00000
30184,33547,-1,0.00000
30184,18165,-1,0.00000
30184,21150,-1,0.00000
30184,15893,-1,0.00000
30261,1043,-1,0.14725
30261,13806,-1,0.00000
30261,25133,-1,0.00000
30261,36712,-1,0.00000
30261,57972,-1,0.00000
30293,33547,-1,0.17836
30293,18165,-1,0.02558
30293,21150,-1,0.00000
30293,15893,-1,0.00000
30370,1043,-1,0.00000
30370,13806,-1,0.00000
30370,25133,-1,0.00000
30370,36712,-1,0.00000
30370,57972,-1,0.35612
30402,33547,-1,0.00000
30402,18165,-1,0.00000
30402,21150,-1,0.00000
30402,15893,-1,0.00000
30472,1043,-1,0.00000
30472,13806,-1,0.00000
30472,25133,-1,0.00000
30472,36712,-1,0.00000
30472,57972,-1,0.00000
30503,33547,-1,0.00000
30503,18165,-1,0.00000
30503,21150,-1,0.00000
30503,15893,-1,0.00000
30581,1043,-1,0.00000
30581,13806,-1,0.59529
30581,25133,-1,0.00000
30581,36712,-1,0.56465
30581,57972,-1,0.00000
30614,33547,-1,0.00000
30614,18165,-1,0.14132
30614,21150,-1,0.28764
30614,15893,-1,0.00000
30693,1043,-1,0.00000
30693,13806,-1,0.00000
30693,25133,-1,0.00000
30693,36712,-1,0.00000
30693,57972,-1,0.00000
30715,33547,-1,0.00000
30715,18165,-1,0.00000
30715,21150,-1,0.00000
30715,15893,-1,0.00000
30794,1043,-1,0.00000
30794,13806,-1,0.00000
30794,25133,-1,0.00000
30794,36712,-1,0.00000
30794,57972,-1,0.09627
30823,33547,-1,0.00000
30823,18165,-1,0.00000
30823,21150,-1,0.00000
30823,15893,-1,0.00000
30901,1043,-1,0.70938
30901,13806,-1,0.00000
30901,25133,-1,0.00000
30901,36712,-1,0.00000
30901,57972,-1,0.41220
30933,33547,-1,0.15822
30933,18165,-1,0.00000
30933,21150,-1,0.00000
30933,15893,-1,0.17674
31011,1043,-1,0.00000
31011,13806,-1,0.00000
31011,25133,-1,0.00000
31011,36712,-1,0.00000
31011,57972,-1,0.00000
31035,33547,-1,0.00000
31035,18165,-1,0.00000
31035,21150,-1,0.00000
31035,15893,-1,0.00000
31111,1043,-1,0.00000
31111,13806,-1,0.53104
31111,25133,-1,0.00000
31111,36712,-1,0.13274
31111,57972,-1,0.00000
31143,33547,-1,0.00000
31143,18165,-1,0.00000
31143,21150,-1,0.00000
31143,15893,-1,0.00000
31221,1043,-1,0.00000
31221,13806,-1,0.00000
31221,25133,-1,0.13751
31221,36712,-1,0.00000
31221,57972,-1,0.00000
31243,33547,-1,0.00000
31243,18165,-1,0.12789
31243,21150,-1,0.00000
31243,15893,-1,0.00000
31332,1043,-1,0.00000
31332,13806,-1,0.00000
31332,25133,-1,0.00000
31332,36712,-1,0.00000
31332,57972,-1,0.00000
31344,33547,-1,0.00000
31344,18165,-1,0.00000
31344,21150,-1,0.00000
31344,15893,-1,0.00000
31440,1043,-1,0.60511
31440,13806,-1,0.00000
31440,25133,-1,0.00000
31440,36712,-1,0.69022
31440,57972,-1,0.00000
31453,33547,-1,0.21729
31453,18165,-1,0.00000
31453,21150,-1,0.29126
31453,15893,-1,0.00000
31542,1043,-1,0.00000
31542,13806,-1,0.00000
31542,25133,-1,0.00000
31542,36712,-1,0.00000
31542,57972,-1,0.00000
31563,33547,-1,0.00000
31563,18165,-1,0.00000
31563,21150,-1,0.00000
31563,15893,-1,0.00000
31652,1043,-1,0.00000
31652,13806,-1,0.00000
31652,25133,-1,0.00000
31652,36712,-1,0.00000
31652,57972,-1,0.08855
31673,33547,-1,0.00000
31673,18165,-1,0.00000
31673,21150,-1,0.00000
31673,15893,-1,0.00000
31761,1043,-1,0.00000
31761,13806,-1,0.44280
31761,25133,-1,0.00000
31761,36712,-1,0.00000
31761,57972,-1,0.36713
31773,33547,-1,0.00000
31773,18165,-1,0.00000
31773,21150,-1,0.00000
31773,15893,-1,0.19463
31871,1043,-1,0.00000
31871,13806,-1,0.00000
31871,25133,-1,0.00000
31871,36712,-1,0.00000
31871,57972,-1,0.00000
31884,33547,-1,0.00000
31884,18165,-1,0.00000
31884,21150,-1,0.00000
31884,15893,-1,0.00000
31972,1043,-1,0.00000
31972,13806,-1,0.00000
31972,25133,-1,0.16929
31972,36712,-1,0.55480
31972,57972,-1,0.00000
31993,33547,-1,0.00000
31993,18165,-1,0.02564
31993,21150,-1,0.29162
31993,15893,-1,0.00000
32080,1043,-1,0.00000
32080,13806,-1,0.00000
32080,25133,-1,0.00000
32080,36712,-1,0.00000
32080,57972,-1,0.00000
32093,33547,-1,0.00000
32093,18165,-1,0.11249
32093,21150,-1,0.00000
32093,15893,-1,0.00000
32183,1043,-1,0.00000
32183,13806,-1,0.00000
32183,25133,-1,0.00000
32183,36712,-1,0.00000
32183,57972,-1,0.00000
32193,33547,-1,0.00000
32193,18165,-1,0.00000
32193,21150,-1,0.00000
32193,15893,-1,0.00000
32291,1043,-1,0.62995
32291,13806,-1,0.00000
32291,25133,-1,0.00000
32291,36712,-1,0.00000
32291,57972,-1,0.41050
32303,33547,-1,0.21563
32303,18165,-1,0.00000
32303,21150,-1,0.00000
32303,15893,-1,0.00000
32404,33547,-1,0.00000
32404,18165,-1,0.00000
32404,21150,-1,0.00000
32404,15893,-1,0.00000
32405,1043,-1,0.00000
32405,13806,-1,0.00000
32405,25133,-1,0.00000
32405,36712,-1,0.00000
32405,57972,-1,0.00000
32504,33547,-1,0.00000
32504,18165,-1,0.00000
32504,21150,-1,0.00000
32504,15893,-1,0.04223
32511,1043,-1,0.00000
32511,13806,-1,0.61083
32511,25133,-1,0.00000
32511,36712,-1,0.00000
32511,57972,-1,0.00000
32611,1043,-1,0.00000
32611,13806,-1,0.00000
32611,25133,-1,0.13278
32611,36712,-1,0.00000
32611,57972,-1,0.00000
32613,33547,-1,0.00000
32613,18165,-1,0.11705
32613,21150,-1,0.00000
32613,15893,-1,0.17788
32713,33547,-1,0.00000
32713,18165,-1,0.00000
32713,21150,-1,0.00000
32713,15893,-1,0.00000
32721,1043,-1,0.00000
32721,13806,-1,0.00000
32721,25133,-1,0.00000
32721,36712,-1,0.00000
32721,57972,-1,0.00000
32813,33547,-1,0.00000
32813,18165,-1,0.00000
32813,21150,-1,0.38426
32813,15893,-1,0.00000
32821,1043,-1,0.16131
32821,13806,-1,0.00000
32821,25133,-1,0.00000
32821,36712,-1,0.61462
32821,57972,-1,0.00000
32914,33547,-1,0.19403
32914,18165,-1,0.00000
32914,21150,-1,0.00000
32914,15893,-1,0.00000
32931,1043,-1,0.00000
32931,13806,-1,0.00000
32931,25133,-1,0.00000
32931,36712,-1,0.00000
32931,57972,-1,0.39842
33023,33547,-1,0.00000
33023,18165,-1,0.00000
33023,21150,-1,0.00000
33023,15893,-1,0.00000
33036,1043,-1,0.15452
33036,13806,-1,0.00000
33036,25133,-1,0.00000
33036,36712,-1,0.00000
33036,57972,-1,0.00000
33123,33547,-1,0.00000
33123,18165,-1,0.00000
33123,21150,-1,0.00000
33123,15893,-1,0.17323
33140,1043,-1,0.00000
33140,13806,-1,0.50946
33140,25133,-1,0.00000
33140,36712,-1,0.00000
33140,57972,-1,0.00000
33233,33547,-1,0.00000
33233,18165,-1,0.00000
33233,21150,-1,0.00000
33233,15893,-1,0.00000
33240,1043,-1,0.00000
33240,13806,-1,0.00000
33240,25133,-1,0.00000
33240,36712,-1,0.00000
33240,57972,-1,0.00000
33334,33547,-1,0.00000
33334,18165,-1,0.02772
33334,21150,-1,0.00000
33334,15893,-1,0.00000
33341,1043,-1,0.00000
33341,13806,-1,0.00000
33341,25133,-1,0.00000
33341,36712,-1,0.00000
33341,57972,-1,0.00000
33443,33547,-1,0.00000
33443,18165,-1,0.10793
33443,21150,-1,0.26267
33443,15893,-1,0.00000
33451,1043,-1,0.00000
33451,13806,-1,0.00000
33451,25133,-1,0.16854
33451,36712,-1,0.56069
33451,57972,-1,0.00000
33543,33547,-1,0.00000
33543,18165,-1,0.00000
33543,21150,-1,0.00000
33543,15893,-1,0.00000
33551,1043,-1,0.00000
33551,13806,-1,0.00000
33551,25133,-1,0.00000
33551,36712,-1,0.00000
33551,57972,-1,0.00000
33654,33547,-1,0.03827
33654,18165,-1,0.00000
33654,21150,-1,0.00000
33654,15893,-1,0.00000
33660,1043,-1,0.69185
33660,13806,-1,0.00000
33660,25133,-1,0.00000
33660,36712,-1,0.00000
33660,57972,-1,0.08887
33756,33547,-1,0.17565
33756,18165,-1,0.00000
33756,21150,-1,0.00000
33756,15893,-1,0.00000
33762,1043,-1,0.00000
33762,13806,-1,0.00000
33762,25133,-1,0.00000
33762,36712,-1,0.00000
33762,57972,-1,0.38205
33857,33547,-1,0.00000
33857,18165,-1,0.00000
33857,21150,-1,0.00000
33857,15893,-1,0.00000
33871,1043,-1,0.00000
33871,13806,-1,0.00000
33871,25133,-1,0.00000
33871,36712,-1,0.00000
33871,57972,-1,0.00000
33964,33547,-1,0.00000
33964,18165,-1,0.00000
33964,21150,-1,0.00000
33964,15893,-1,0.20761
33971,1043,-1,0.00000
33971,13806,-1,0.64454
33971,25133,-1,0.00000
33971,36712,-1,0.61137
33971,57972,-1,0.00000
34074,33547,-1,0.00000
34074,18165,-1,0.00000
34074,21150,-1,0.00000
34074,15893,-1,0.00000
34080,1043,-1,0.00000
34080,13806,-1,0.00000
34080,25133,-1,0.00000
34080,36712,-1,0.00000
34080,57972,-1,0.00000
34181,1043,-1,0.00000
34181,13806,-1,0.00000
34181,25133,-1,0.00000
34181,36712,-1,0.00000
34181,57972,-1,0.00000
34185,33547,-1,0.00000
34185,18165,-1,0.00000
34185,21150,-1,0.00000
34185,15893,-1,0.00000
34290,1043,-1,0.00000
34290,13806,-1,0.00000
34290,25133,-1,0.16916
34290,36712,-1,0.00000
34290,57972,-1,0.40312
34293,33547,-1,0.16088
34293,18165,-1,0.00000
34293,21150,-1,0.29318
34293,15893,-1,0.00000
34391,1043,-1,0.00000
34391,13806,-1,0.00000
34391,25133,-1,0.00000
34391,36712,-1,0.00000
34391,57972,-1,0.00000
34394,33547,-1,0.00000
34394,18165,-1,0.00000
34394,21150,-1,0.00000
34394,15893,-1,0.00000
34492,1043,-1,0.15947
34492,13806,-1,0.00000
34492,25133,-1,0.00000
34492,36712,-1,0.00000
34492,57972,-1,0.00000
34503,33547,-1,0.00000
34503,18165,-1,0.11708
34503,21150,-1,0.00000
34503,15893,-1,0.00000
34600,1043,-1,0.70018
34600,13806,-1,0.00000
34600,25133,-1,0.00000
34600,36712,-1,0.56796
34600,57972,-1,0.00000
34604,33547,-1,0.00000
34604,18165,-1,0.00000
34604,21150,-1,0.00000
34604,15893,-1,0.00000
34702,1043,-1,0.00000
34702,13806,-1,0.00000
34702,25133,-1,0.00000
34702,36712,-1,0.00000
34702,57972,-1,0.00000
34713,33547,-1,0.00000
34713,18165,-1,0.00000
34713,21150,-1,0.00000
34713,15893,-1,0.00000
34811,1043,-1,0.00000
34811,13806,-1,0.10540
34811,25133,-1,0.00000
34811,36712,-1,0.00000
34811,57972,-1,0.00000
34824,33547,-1,0.00000
34824,18165,-1,0.00000
34824,21150,-1,0.06125
34824,15893,-1,0.17572
34912,1043,-1,0.00000
34912,13806,-1,0.00000
34912,25133,-1,0.00000
34912,36712,-1,0.00000
34912,57972,-1,0.38442
34933,33547,-1,0.17860
34933,18165,-1,0.00000
34933,21150,-1,0.00000
34933,15893,-1,0.00000
35021,1043,-1,0.00000
35021,13806,-1,0.00000
35021,25133,-1,0.00000
35021,36712,-1,0.00000
35021,57972,-1,0.00000
35034,33547,-1,0.00000
35034,18165,-1,0.00000
35034,21150,-1,0.00000
35034,15893,-1,0.00000
35131,1043,-1,0.00000
35131,13806,-1,0.00000
35131,25133,-1,0.00000
35131,36712,-1,0.00000
35131,57972,-1,0.00000
35134,33547,-1,0.00000
35134,18165,-1,0.00000
35134,21150,-1,0.38528
35134,15893,-1,0.00000
35240,1043,-1,0.69048
35240,13806,-1,0.00000
35240,25133,-1,0.16836
35240,36712,-1,0.00000
35240,57972,-1,0.00000
35243,33547,-1,0.00000
35243,18165,-1,0.00000
35243,21150,-1,0.00000
35243,15893,-1,0.00000
35341,1043,-1,0.00000
35341,13806,-1,0.00000
35341,25133,-1,0.00000
35341,36712,-1,0.00000
35341,57972,-1,0.00000
35343,33547,-1,0.00000
35343,18165,-1,0.00000
35343,21150,-1,0.00000
35343,15893,-1,0.00000
35441,1043,-1,0.00000
35441,13806,-1,0.00000
35441,25133,-1,0.00000
35441,36712,-1,0.00000
35441,57972,-1,0.00000
35453,33547,-1,0.00000
35453,18165,-1,0.11704
35453,21150,-1,0.00000
35453,15893,-1,0.19783
35551,1043,-1,0.00000
35551,13806,-1,0.48832
35551,25133,-1,0.00000
35551,36712,-1,0.68545
35551,57972,-1,0.00000
35553,33547,-1,0.00000
35553,18165,-1,0.00000
35553,21150,-1,0.00000
35553,15893,-1,0.00000
35652,1043,-1,0.00000
35652,13806,-1,0.00000
35652,25133,-1,0.00000
35652,36712,-1,0.00000
35652,57972,-1,0.00000
35653,33547,-1,0.00000
35653,18165,-1,0.00000
35653,21150,-1,0.00000
35653,15893,-1,0.00000
35753,1043,-1,0.00000
35753,13806,-1,0.00000
35753,25133,-1,0.00000
35753,36712,-1,0.00000
35753,57972,-1,0.09671
35763,33547,-1,0.21647
35763,18165,-1,0.00000
35763,21150,-1,0.29017
35763,15893,-1,0.00000
35861,1043,-1,0.70137
35861,13806,-1,0.00000
35861,25133,-1,0.00000
35861,36712,-1,0.00000
35861,57972,-1,0.40754
35873,33547,-1,0.00000
35873,18165,-1,0.00000
35873,21150,-1,0.00000
35873,15893,-1,0.00000
35970,1043,-1,0.00000
35970,13806,-1,0.00000
35970,25133,-1,0.00000
35970,36712,-1,0.00000
35970,57972,-1,0.00000
35974,33547,-1,0.00000
35974,18165,-1,0.00000
35974,21150,-1,0.00000
35974,15893,-1,0.00000
36081,1043,-1,0.00000
36081,13806,-1,0.47988
36081,25133,-1,0.00000
36081,36712,-1,0.60891
36081,57972,-1,0.00000
36083,33547,-1,0.00000
36083,18165,-1,0.11729
36083,21150,-1,0.00000
36083,15893,-1,0.00000
36191,1043,-1,0.00000
36191,13806,-1,0.00000
36191,25133,-1,0.00000
36191,36712,-1,0.00000
36191,57972,-1,0.00000
36193,33547,-1,0.00000
36193,18165,-1,0.00000
36193,21150,-1,0.00000
36193,15893,-1,0.00000
36292,1043,-1,0.00000
36292,13806,-1,0.00000
36292,25133,-1,0.00000
36292,36712,-1,0.00000
36292,57972,-1,0.09640
36304,33547,-1,0.00000
36304,18165,-1,0.00000
36304,21150,-1,0.00000
36304,15893,-1,0.00000
36400,1043,-1,0.62132
36400,13806,-1,0.00000
36400,25133,-1,0.00000
36400,36712,-1,0.00000
36400,57972,-1,0.36715
36413,33547,-1,0.00000
36413,18165,-1,0.00000
36413,21150,-1,0.29045
36413,15893,-1,0.21669
36512,1043,-1,0.00000
36512,13806,-1,0.00000
36512,25133,-1,0.00000
36512,36712,-1,0.00000
36512,57972,-1,0.00000
36523,33547,-1,0.00000
36523,18165,-1,0.00000
36523,21150,-1,0.00000
36523,15893,-1,0.00000
36622,1043,-1,0.00000
36622,13806,-1,0.10462
36622,25133,-1,0.00000
36622,36712,-1,0.51155
36622,57972,-1,0.00000
36623,33547,-1,0.04217
36623,18165,-1,0.00000
36623,21150,-1,0.00000
36623,15893,-1,0.00000
36731,1043,-1,0.00000
36731,13806,-1,0.44529
36731,25133,-1,0.00000
36731,36712,-1,0.00000
36731,57972,-1,0.00000
36733,33547,-1,0.15937
36733,18165,-1,0.11715
36733,21150,-1,0.00000
36733,15893,-1,0.00000
36831,1043,-1,0.00000
36831,13806,-1,0.00000
36831,25133,-1,0.00000
36831,36712,-1,0.00000
36831,57972,-1,0.00000
36833,33547,-1,0.00000
36833,18165,-1,0.00000
36833,21150,-1,0.00000
36833,15893,-1,0.00000
36933,1043,-1,0.00000
36933,13806,-1,0.00000
36933,25133,-1,0.11565
36933,36712,-1,0.00000
36933,57972,-1,0.52777
36943,33547,-1,0.00000
36943,18165,-1,0.00000
36943,21150,-1,0.00000
36943,15893,-1,0.00000
37040,1043,-1,0.00000
37040,13806,-1,0.00000
37040,25133,-1,0.00000
37040,36712,-1,0.00000
37040,57972,-1,0.00000
37053,33547,-1,0.00000
37053,18165,-1,0.00000
37053,21150,-1,0.00000
37053,15893,-1,0.17728
37141,1043,-1,0.00000
37141,13806,-1,0.00000
37141,25133,-1,0.00000
37141,36712,-1,0.00000
37141,57972,-1,0.00000
37153,33547,-1,0.00000
37153,18165,-1,0.00000
37153,21150,-1,0.00000
37153,15893,-1,0.00000
37251,1043,-1,0.83422
37251,13806,-1,0.00000
37251,25133,-1,0.00000
37251,36712,-1,0.49272
37251,57972,-1,0.00000
37255,33547,-1,0.00000
37255,18165,-1,0.00000
37255,21150,-1,0.37938
37255,15893,-1,0.00000
37361,1043,-1,0.00000
37361,13806,-1,0.00000
37361,25133,-1,0.00000
37361,36712,-1,0.00000
37361,57972,-1,0.00000
37363,33547,-1,0.18001
37363,18165,-1,0.00000
37363,21150,-1,0.00000
37363,15893,-1,0.00000
37462,1043,-1,0.00000
37462,13806,-1,0.00000
37462,25133,-1,0.00000
37462,36712,-1,0.00000
37462,57972,-1,0.00000
37463,33547,-1,0.00000
37463,18165,-1,0.00000
37463,21150,-1,0.00000
37463,15893,-1,0.00000
37571,1043,-1,0.00000
37571,13806,-1,0.59483
37571,25133,-1,0.11754
37571,36712,-1,0.00000
37571,57972,-1,0.00000
37573,33547,-1,0.00000
37573,18165,-1,0.14187
37573,21150,-1,0.00000
37573,15893,-1,0.00000
37681,1043,-1,0.00000
37681,13806,-1,0.00000
37681,25133,-1,0.00000
37681,36712,-1,0.00000
37681,57972,-1,0.00000
37684,33547,-1,0.00000
37684,18165,-1,0.00000
37684,21150,-1,0.00000
37684,15893,-1,0.00000
37791,1043,-1,0.00000
37791,13806,-1,0.00000
37791,25133,-1,0.00000
37791,36712,-1,0.00000
37791,57972,-1,0.48814
37794,33547,-1,0.00000
37794,18165,-1,0.00000
37794,21150,-1,0.00000
37794,15893,-1,0.00000
37900,1043,-1,0.00000
37900,13806,-1,0.00000
37900,25133,-1,0.00000
37900,36712,-1,0.00000
37900,57972,-1,0.00000
37903,33547,-1,0.00000
37903,18165,-1,0.00000
37903,21150,-1,0.25727
37903,15893,-1,0.21635
38001,1043,-1,0.00000
38001,13806,-1,0.00000
38001,25133,-1,0.00000
38001,36712,-1,0.00000
38001,57972,-1,0.00000
38013,33547,-1,0.00000
38013,18165,-1,0.00000
38013,21150,-1,0.00000
38013,15893,-1,0.00000
38101,1043,-1,0.00000
38101,13806,-1,0.53200
38101,25133,-1,0.00000
38101,36712,-1,0.74676
38101,57972,-1,0.00000
38114,33547,-1,0.04204
38114,18165,-1,0.00000
38114,21150,-1,0.00000
38114,15893,-1,0.00000
38211,1043,-1,0.00000
38211,13806,-1,0.00000
38211,25133,-1,0.00000
38211,36712,-1,0.00000
38211,57972,-1,0.00000
38223,33547,-1,0.16373
38223,18165,-1,0.10762
38223,21150,-1,0.00000
38223,15893,-1,0.00000
38320,1043,-1,0.00000
38320,13806,-1,0.00000
38320,25133,-1,0.02546
38320,36712,-1,0.00000
38320,57972,-1,0.00000
38323,33547,-1,0.00000
38323,18165,-1,0.00000
38323,21150,-1,0.00000
38323,15893,-1,0.00000
38421,1043,-1,0.75229
38421,13806,-1,0.00000
38421,25133,-1,0.11188
38421,36712,-1,0.00000
38421,57972,-1,0.00000
38423,33547,-1,0.00000
38423,18165,-1,0.00000
38423,21150,-1,0.00000
38423,15893,-1,0.00000
38531,1043,-1,0.00000
38531,13806,-1,0.00000
38531,25133,-1,0.00000
38531,36712,-1,0.00000
38531,57972,-1,0.00000
38534,33547,-1,0.00000
38534,18165,-1,0.00000
38534,21150,-1,0.00000
38534,15893,-1,0.16260
38642,1043,-1,0.00000
38642,13806,-1,0.00000
38642,25133,-1,0.00000
38642,36712,-1,0.00000
38642,57972,-1,0.08833
38643,33547,-1,0.00000
38643,18165,-1,0.00000
38643,21150,-1,0.00000
38643,15893,-1,0.00000
38743,33547,-1,0.00000
38743,18165,-1,0.00000
38743,21150,-1,0.00000
38743,15893,-1,0.00000
38751,1043,-1,0.00000
38751,13806,-1,0.00000
38751,25133,-1,0.00000
38751,36712,-1,0.56282
38751,57972,-1,0.40316
38853,33547,-1,0.00000
38853,18165,-1,0.00000
38853,21150,-1,0.00000
38853,15893,-1,0.00000
38861,1043,-1,0.00000
38861,13806,-1,0.00000
38861,25133,-1,0.00000
38861,36712,-1,0.00000
38861,57972,-1,0.00000
38961,1043,-1,0.00000
38961,13806,-1,0.11484
38961,25133,-1,0.00000
38961,36712,-1,0.00000
38961,57972,-1,0.00000
38963,33547,-1,0.00000
38963,18165,-1,0.00000
38963,21150,-1,0.00000
38963,15893,-1,0.00000
39063,33547,-1,0.19409
39063,18165,-1,0.00000
39063,21150,-1,0.00000
39063,15893,-1,0.00000
39071,1043,-1,0.00000
39071,13806,-1,0.48628
39071,25133,-1,0.11688
39071,36712,-1,0.00000
39071,57972,-1,0.00000
39165,33547,-1,0.00000
39165,18165,-1,0.00000
39165,21150,-1,0.00000
39165,15893,-1,0.00000
39174,1043,-1,0.00000
39174,13806,-1,0.00000
39174,25133,-1,0.00000
39174,36712,-1,0.00000
39174,57972,-1,0.00000
39273,33547,-1,0.00000
39273,18165,-1,0.00000
39273,21150,-1,0.06283
39273,15893,-1,0.00000
39284,1043,-1,0.14704
39284,13806,-1,0.00000
39284,25133,-1,0.00000
39284,36712,-1,0.00000
39284,57972,-1,0.00000
39374,33547,-1,0.00000
39374,18165,-1,0.12696
39374,21150,-1,0.00000
39374,15893,-1,0.00000
39391,1043,-1,0.00000
39391,13806,-1,0.00000
39391,25133,-1,0.00000
39391,36712,-1,0.57295
39391,57972,-1,0.41042
39484,33547,-1,0.00000
39484,18165,-1,0.00000
39484,21150,-1,0.00000
39484,15893,-1,0.00000
39492,1043,-1,0.00000
39492,13806,-1,0.00000
39492,25133,-1,0.00000
39492,36712,-1,0.00000
39492,57972,-1,0.00000
39593,33547,-1,0.03851
39593,18165,-1,0.00000
39593,21150,-1,0.00000
39593,15893,-1,0.00000
39600,1043,-1,0.84976
39600,13806,-1,0.00000
39600,25133,-1,0.00000
39600,36712,-1,0.00000
39600,57972,-1,0.00000
39703,33547,-1,0.00000
39703,18165,-1,0.00000
39703,21150,-1,0.00000
39703,15893,-1,0.17711
39710,1043,-1,0.00000
39710,13806,-1,0.00000
39710,25133,-1,0.10234
39710,36712,-1,0.00000
39710,57972,-1,0.00000
39814,1043,-1,0.00000
39814,13806,-1,0.00000
39814,25133,-1,0.00000
39814,36712,-1,0.00000
39814,57972,-1,0.00000
39814,33547,-1,0.00000
39814,18165,-1,0.00000
39814,21150,-1,0.00000
39814,15893,-1,0.00000
39914,33547,-1,0.00000
39914,18165,-1,0.00000
39914,21150,-1,0.00000
39914,15893,-1,0.00000
39921,1043,-1,0.00000
39921,13806,-1,0.10788
39921,25133,-1,0.00000
39921,36712,-1,0.00000
39921,57972,-1,0.41212
40023,33547,-1,0.00000
40023,18165,-1,0.00000
40023,21150,-1,0.26282
40023,15893,-1,0.00000
40031,1043,-1,0.00000
40031,13806,-1,0.00000
40031,25133,-1,0.00000
40031,36712,-1,0.00000
40031,57972,-1,0.00000
40124,33547,-1,0.00000
40124,18165,-1,0.00000
40124,21150,-1,0.00000
40124,15893,-1,0.00000
40141,1043,-1,0.00000
40141,13806,-1,0.00000
40141,25133,-1,0.00000
40141,36712,-1,0.56352
40141,57972,-1,0.00000
40234,33547,-1,0.03826
40234,18165,-1,0.00000
40234,21150,-1,0.00000
40234,15893,-1,0.17630
40251,1043,-1,0.68854
40251,13806,-1,0.00000
40251,25133,-1,0.00000
40251,36712,-1,0.00000
40251,57972,-1,0.00000
40343,33547,-1,0.15936
40343,18165,-1,0.00000
40343,21150,-1,0.00000
40343,15893,-1,0.00000
40360,1043,-1,0.00000
40360,13806,-1,0.00000
40360,25133,-1,0.00000
40360,36712,-1,0.00000
40360,57972,-1,0.00000
40444,33547,-1,0.00000
40444,18165,-1,0.00000
40444,21150,-1,0.00000
40444,15893,-1,0.00000
40473,1043,-1,0.00000
40473,13806,-1,0.47376
40473,25133,-1,0.00000
40473,36712,-1,0.00000
40473,57972,-1,0.52163
40544,33547,-1,0.00000
40544,18165,-1,0.12763
40544,21150,-1,0.00000
40544,15893,-1,0.00000
40581,1043,-1,0.00000
40581,13806,-1,0.00000
40581,25133,-1,0.00000
40581,36712,-1,0.00000
40581,57972,-1,0.00000
40654,33547,-1,0.00000
40654,18165,-1,0.00000
40654,21150,-1,0.00000
40654,15893,-1,0.00000
40682,1043,-1,0.00000
40682,13806,-1,0.00000
40682,25133,-1,0.00000
40682,36712,-1,0.13094
40682,57972,-1,0.00000
40755,33547,-1,0.00000
40755,18165,-1,0.00000
40755,21150,-1,0.00000
40755,15893,-1,0.00000
40792,1043,-1,0.00000
40792,13806,-1,0.00000
40792,25133,-1,0.11647
40792,36712,-1,0.00000
40792,57972,-1,0.39133
40864,33547,-1,0.17893
40864,18165,-1,0.00000
40864,21150,-1,0.29189
40864,15893,-1,0.03883
40902,1043,-1,0.00000
40902,13806,-1,0.00000
40902,25133,-1,0.00000
40902,36712,-1,0.00000
40902,57972,-1,0.00000
40974,33547,-1,0.00000
40974,18165,-1,0.00000
40974,21150,-1,0.00000
40974,15893,-1,0.00000
41011,1043,-1,0.14724
41011,13806,-1,0.00000
41011,25133,-1,0.00000
41011,36712,-1,0.51435
41011,57972,-1,0.00000
41083,33547,-1,0.00000
41083,18165,-1,0.11719
41083,21150,-1,0.00000
41083,15893,-1,0.03865
41121,1043,-1,0.00000
41121,13806,-1,0.00000
41121,25133,-1,0.10762
41121,36712,-1,0.00000
41121,57972,-1,0.00000
41193,33547,-1,0.00000
41193,18165,-1,0.00000
41193,21150,-1,0.00000
41193,15893,-1,0.00000
41230,1043,-1,0.00000
41230,13806,-1,0.00000
41230,25133,-1,0.00000
41230,36712,-1,0.00000
41230,57972,-1,0.00000
41294,33547,-1,0.00000
41294,18165,-1,0.00000
41294,21150,-1,0.00000
41294,15893,-1,0.00000
41332,1043,-1,0.00000
41332,13806,-1,0.00000
41332,25133,-1,0.00000
41332,36712,-1,0.00000
41332,57972,-1,0.10368
41403,33547,-1,0.15983
41403,18165,-1,0.00000
41403,21150,-1,0.00000
41403,15893,-1,0.21730
41440,1043,-1,0.00000
41440,13806,-1,0.00000
41440,25133,-1,0.00000
41440,36712,-1,0.00000
41440,57972,-1,0.00000
41513,33547,-1,0.00000
41513,18165,-1,0.00000
41513,21150,-1,0.00000
41513,15893,-1,0.00000
41541,1043,-1,0.00000
41541,13806,-1,0.11508
41541,25133,-1,0.00000
41541,36712,-1,0.00000
41541,57972,-1,0.00000
41614,33547,-1,0.00000
41614,18165,-1,0.00000
41614,21150,-1,0.00000
41614,15893,-1,0.00000
41641,1043,-1,0.00000
41641,13806,-1,0.47957
41641,25133,-1,0.00000
41641,36712,-1,0.61211
41641,57972,-1,0.00000
41724,33547,-1,0.00000
41724,18165,-1,0.00000
41724,21150,-1,0.06191
41724,15893,-1,0.00000
41741,1043,-1,0.00000
41741,13806,-1,0.00000
41741,25133,-1,0.00000
41741,36712,-1,0.00000
41741,57972,-1,0.00000
41833,33547,-1,0.00000
41833,18165,-1,0.11691
41833,21150,-1,0.00000
41833,15893,-1,0.00000
41851,1043,-1,0.00000
41851,13806,-1,0.00000
41851,25133,-1,0.02544
41851,36712,-1,0.00000
41851,57972,-1,0.00000
41933,33547,-1,0.00000
41933,18165,-1,0.00000
41933,21150,-1,0.00000
41933,15893,-1,0.00000
41961,1043,-1,0.61251
41961,13806,-1,0.00000
41961,25133,-1,0.10216
41961,36712,-1,0.00000
41961,57972,-1,0.00000
42045,33547,-1,0.00000
42045,18165,-1,0.00000
42045,21150,-1,0.34577
42045,15893,-1,0.17464
42073,1043,-1,0.00000
42073,13806,-1,0.00000
42073,25133,-1,0.00000
42073,36712,-1,0.00000
42073,57972,-1,0.00000
42153,33547,-1,0.00000
42153,18165,-1,0.00000
42153,21150,-1,0.00000
42153,15893,-1,0.00000
42181,1043,-1,0.00000
42181,13806,-1,0.10642
42181,25133,-1,0.00000
42181,36712,-1,0.00000
42181,57972,-1,0.00000
42253,33547,-1,0.00000
42253,18165,-1,0.00000
42253,21150,-1,0.00000
42253,15893,-1,0.00000
42291,1043,-1,0.00000
42291,13806,-1,0.48507
42291,25133,-1,0.00000
42291,36712,-1,0.00000
42291,57972,-1,0.00000
42363,33547,-1,0.21563
42363,18165,-1,0.00000
42363,21150,-1,0.00000
42363,15893,-1,0.00000
42392,1043,-1,0.00000
42392,13806,-1,0.00000
42392,25133,-1,0.00000
42392,36712,-1,0.00000
42392,57972,-1,0.00000
42473,33547,-1,0.00000
42473,18165,-1,0.11672
42473,21150,-1,0.00000
42473,15893,-1,0.00000
42501,1043,-1,0.69672
42501,13806,-1,0.00000
42501,25133,-1,0.11774
42501,36712,-1,0.12244
42501,57972,-1,0.00000
42573,33547,-1,0.00000
42573,18165,-1,0.00000
42573,21150,-1,0.00000
42573,15893,-1,0.00000
42601,1043,-1,0.00000
42601,13806,-1,0.00000
42601,25133,-1,0.00000
42601,36712,-1,0.00000
42601,57972,-1,0.00000
42673,33547,-1,0.00000
42673,18165,-1,0.00000
42673,21150,-1,0.28138
42673,15893,-1,0.00000
42711,1043,-1,0.00000
42711,13806,-1,0.00000
42711,25133,-1,0.00000
42711,36712,-1,0.12051
42711,57972,-1,0.39843
42783,33547,-1,0.00000
42783,18165,-1,0.00000
42783,21150,-1,0.00000
42783,15893,-1,0.00000
42821,1043,-1,0.00000
42821,13806,-1,0.00000
42821,25133,-1,0.00000
42821,36712,-1,0.56195
42821,57972,-1,0.00000
42884,33547,-1,0.00000
42884,18165,-1,0.00000
42884,21150,-1,0.00000
42884,15893,-1,0.00000
42931,1043,-1,0.00000
42931,13806,-1,0.00000
42931,25133,-1,0.00000
42931,36712,-1,0.00000
42931,57972,-1,0.00000
42993,33547,-1,0.16475
42993,18165,-1,0.00000
42993,21150,-1,0.00000
42993,15893,-1,0.20357
43031,1043,-1,0.75682
43031,13806,-1,0.58555
43031,25133,-1,0.00000
43031,36712,-1,0.00000
43031,57972,-1,0.00000
43103,33547,-1,0.00000
43103,18165,-1,0.00000
43103,21150,-1,0.00000
43103,15893,-1,0.00000
43131,1043,-1,0.00000
43131,13806,-1,0.00000
43131,25133,-1,0.00000
43131,36712,-1,0.00000
43131,57972,-1,0.00000
43203,33547,-1,0.00000
43203,18165,-1,0.02778
43203,21150,-1,0.00000
43203,15893,-1,0.00000
43232,1043,-1,0.00000
43232,13806,-1,0.00000
43232,25133,-1,0.00000
43232,36712,-1,0.00000
43232,57972,-1,0.00000
43314,33547,-1,0.00000
43314,18165,-1,0.10678
43314,21150,-1,0.25989
43314,15893,-1,0.00000
43341,1043,-1,0.00000
43341,13806,-1,0.00000
43341,25133,-1,0.11724
43341,36712,-1,0.00000
43341,57972,-1,0.53706
43424,33547,-1,0.00000
43424,18165,-1,0.00000
43424,21150,-1,0.00000
43424,15893,-1,0.00000
43441,1043,-1,0.00000
43441,13806,-1,0.00000
43441,25133,-1,0.00000
43441,36712,-1,0.00000
43441,57972,-1,0.00000
43533,33547,-1,0.00000
43533,18165,-1,0.00000
43533,21150,-1,0.00000
43533,15893,-1,0.03859
43542,1043,-1,0.00000
43542,13806,-1,0.00000
43542,25133,-1,0.00000
43542,36712,-1,0.00000
43542,57972,-1,0.00000
43642,1043,-1,0.00000
43642,13806,-1,0.53189
43642,25133,-1,0.00000
43642,36712,-1,0.74661
43642,57972,-1,0.00000
43643,33547,-1,0.00000
43643,18165,-1,0.00000
43643,21150,-1,0.00000
43643,15893,-1,0.16268
43751,1043,-1,0.00000
43751,13806,-1,0.00000
43751,25133,-1,0.00000
43751,36712,-1,0.00000
43751,57972,-1,0.00000
43753,33547,-1,0.00000
43753,18165,-1,0.00000
43753,21150,-1,0.00000
43753,15893,-1,0.00000
43861,1043,-1,0.00000
43861,13806,-1,0.00000
43861,25133,-1,0.00000
43861,36712,-1,0.00000
43861,57972,-1,0.00000
43863,33547,-1,0.00000
43863,18165,-1,0.00000
43863,21150,-1,0.28906
43863,15893,-1,0.00000
43962,1043,-1,0.91195
43962,13806,-1,0.00000
43962,25133,-1,0.12706
43962,36712,-1,0.00000
43962,57972,-1,0.00000
43973,33547,-1,0.15809
43973,18165,-1,0.00000
43973,21150,-1,0.00000
43973,15893,-1,0.00000
44073,1043,-1,0.00000
44073,13806,-1,0.00000
44073,25133,-1,0.00000
44073,36712,-1,0.00000
44073,57972,-1,0.00000
44073,33547,-1,0.00000
44073,18165,-1,0.00000
44073,21150,-1,0.00000
44073,15893,-1,0.00000
44182,1043,-1,0.00000
44182,13806,-1,0.00000
44182,25133,-1,0.00000
44182,36712,-1,0.00000
44182,57972,-1,0.53859
44183,33547,-1,0.00000
44183,18165,-1,0.14213
44183,21150,-1,0.00000
44183,15893,-1,0.00000
44291,1043,-1,0.00000
44291,13806,-1,0.00000
44291,25133,-1,0.00000
44291,36712,-1,0.49851
44291,57972,-1,0.00000
44293,33547,-1,0.00000
44293,18165,-1,0.00000
44293,21150,-1,0.00000
44293,15893,-1,0.00000
44391,1043,-1,0.00000
44391,13806,-1,0.00000
44391,25133,-1,0.00000
44391,36712,-1,0.00000
44391,57972,-1,0.00000
44394,33547,-1,0.00000
44394,18165,-1,0.00000
44394,21150,-1,0.00000
44394,15893,-1,0.00000
44501,1043,-1,0.00000
44501,13806,-1,0.58885
44501,25133,-1,0.00000
44501,36712,-1,0.00000
44501,57972,-1,0.00000
44504,33547,-1,0.03822
44504,18165,-1,0.00000
44504,21150,-1,0.28733
44504,15893,-1,0.17613
44611,1043,-1,0.00000
44611,13806,-1,0.00000
44611,25133,-1,0.11681
44611,36712,-1,0.00000
44611,57972,-1,0.00000
44613,33547,-1,0.00000
44613,18165,-1,0.00000
44613,21150,-1,0.00000
44613,15893,-1,0.00000
44711,1043,-1,0.00000
44711,13806,-1,0.00000
44711,25133,-1,0.00000
44711,36712,-1,0.00000
44711,57972,-1,0.00000
44713,33547,-1,0.00000
44713,18165,-1,0.00000
44713,21150,-1,0.00000
44713,15893,-1,0.00000
44811,1043,-1,0.75729
44811,13806,-1,0.00000
44811,25133,-1,0.00000
44811,36712,-1,0.00000
44811,57972,-1,0.48128
44813,33547,-1,0.04200
44813,18165,-1,0.00000
44813,21150,-1,0.00000
44813,15893,-1,0.00000
44920,1043,-1,0.00000
44920,13806,-1,0.00000
44920,25133,-1,0.00000
44920,36712,-1,0.00000
44920,57972,-1,0.00000
44923,33547,-1,0.00000
44923,18165,-1,0.11667
44923,21150,-1,0.00000
44923,15893,-1,0.00000
45022,1043,-1,0.00000
45022,13806,-1,0.00000
45022,25133,-1,0.00000
45022,36712,-1,0.13073
45022,57972,-1,0.00000
45024,33547,-1,0.00000
45024,18165,-1,0.00000
45024,21150,-1,0.00000
45024,15893,-1,0.00000
45131,1043,-1,0.00000
45131,13806,-1,0.49126
45131,25133,-1,0.00000
45131,36712,-1,0.56678
45131,57972,-1,0.00000
45133,33547,-1,0.03873
45133,18165,-1,0.00000
45133,21150,-1,0.00000
45133,15893,-1,0.00000
45231,1043,-1,0.00000
45231,13806,-1,0.00000
45231,25133,-1,0.00000
45231,36712,-1,0.00000
45231,57972,-1,0.00000
45233,33547,-1,0.19452
45233,18165,-1,0.00000
45233,21150,-1,0.00000
45233,15893,-1,0.17413
45332,1043,-1,0.15972
45332,13806,-1,0.00000
45332,25133,-1,0.12678
45332,36712,-1,0.00000
45332,57972,-1,0.00000
45334,33547,-1,0.00000
45334,18165,-1,0.00000
45334,21150,-1,0.00000
45334,15893,-1,0.00000
45441,1043,-1,0.00000
45441,13806,-1,0.00000
45441,25133,-1,0.00000
45441,36712,-1,0.00000
45441,57972,-1,0.39539
45444,33547,-1,0.00000
45444,18165,-1,0.00000
45444,21150,-1,0.06155
45444,15893,-1,0.00000
45550,1043,-1,0.00000
45550,13806,-1,0.00000
45550,25133,-1,0.00000
45550,36712,-1,0.00000
45550,57972,-1,0.00000
45554,33547,-1,0.00000
45554,18165,-1,0.00000
45554,21150,-1,0.28960
45554,15893,-1,0.00000
45652,1043,-1,0.15865
45652,13806,-1,0.00000
45652,25133,-1,0.00000
45652,36712,-1,0.55422
45652,57972,-1,0.00000
45663,33547,-1,0.00000
45663,18165,-1,0.00000
45663,21150,-1,0.00000
45663,15893,-1,0.00000
45761,1043,-1,0.00000
45761,13806,-1,0.00000
45761,25133,-1,0.00000
45761,36712,-1,0.00000
45761,57972,-1,0.00000
45774,33547,-1,0.17576
45774,18165,-1,0.14087
45774,21150,-1,0.00000
45774,15893,-1,0.00000
45871,1043,-1,0.00000
45871,13806,-1,0.00000
45871,25133,-1,0.00000
45871,36712,-1,0.00000
45871,57972,-1,0.00000
45883,33547,-1,0.00000
45883,18165,-1,0.00000
45883,21150,-1,0.00000
45883,15893,-1,0.00000
45971,1043,-1,0.00000
45971,13806,-1,0.11466
45971,25133,-1,0.11720
45971,36712,-1,0.00000
45971,57972,-1,0.00000
45984,33547,-1,0.00000
45984,18165,-1,0.00000
45984,21150,-1,0.00000
45984,15893,-1,0.00000
46082,1043,-1,0.00000
46082,13806,-1,0.00000
46082,25133,-1,0.00000
46082,36712,-1,0.00000
46082,57972,-1,0.00000
46094,33547,-1,0.00000
46094,18165,-1,0.00000
46094,21150,-1,0.00000
46094,15893,-1,0.21457
46193,1043,-1,0.60911
46193,13806,-1,0.10390
46193,25133,-1,0.00000
46193,36712,-1,0.00000
46193,57972,-1,0.00000
46203,33547,-1,0.00000
46203,18165,-1,0.00000
46203,21150,-1,0.00000
46203,15893,-1,0.00000
46294,1043,-1,0.00000
46294,13806,-1,0.52778
46294,25133,-1,0.00000
46294,36712,-1,0.00000
46294,57972,-1,0.00000
46304,33547,-1,0.00000
46304,18165,-1,0.00000
46304,21150,-1,0.06715
46304,15893,-1,0.00000
46400,1043,-1,0.00000
46400,13806,-1,0.00000
46400,25133,-1,0.00000
46400,36712,-1,0.00000
46400,57972,-1,0.00000
46413,33547,-1,0.00000
46413,18165,-1,0.10359
46413,21150,-1,0.29181
46413,15893,-1,0.00000
46502,1043,-1,0.00000
46502,13806,-1,0.00000
46502,25133,-1,0.00000
46502,36712,-1,0.13159
46502,57972,-1,0.00000
46514,33547,-1,0.00000
46514,18165,-1,0.00000
46514,21150,-1,0.00000
46514,15893,-1,0.00000
46611,1043,-1,0.00000
46611,13806,-1,0.00000
46611,25133,-1,0.00000
46611,36712,-1,0.49887
46611,57972,-1,0.00000
46623,33547,-1,0.21693
46623,18165,-1,0.00000
46623,21150,-1,0.00000
46623,15893,-1,0.00000
46712,1043,-1,0.00000
46712,13806,-1,0.00000
46712,25133,-1,0.00000
46712,36712,-1,0.00000
46712,57972,-1,0.00000
46724,33547,-1,0.00000
46724,18165,-1,0.00000
46724,21150,-1,0.00000
46724,15893,-1,0.19281
46821,1043,-1,0.00000
46821,13806,-1,0.48552
46821,25133,-1,0.14213
46821,36712,-1,0.00000
46821,57972,-1,0.00000
46833,33547,-1,0.00000
46833,18165,-1,0.00000
46833,21150,-1,0.00000
46833,15893,-1,0.00000
46931,1043,-1,0.00000
46931,13806,-1,0.00000
46931,25133,-1,0.00000
46931,36712,-1,0.00000
46931,57972,-1,0.00000
46933,33547,-1,0.00000
46933,18165,-1,0.12770
46933,21150,-1,0.00000
46933,15893,-1,0.00000
47032,1043,-1,0.00000
47032,13806,-1,0.00000
47032,25133,-1,0.00000
47032,36712,-1,0.00000
47032,57972,-1,0.00000
47036,33547,-1,0.00000
47036,18165,-1,0.00000
47036,21150,-1,0.00000
47036,15893,-1,0.00000
47141,1043,-1,0.14823
47141,13806,-1,0.00000
47141,25133,-1,0.00000
47141,36712,-1,0.56479
47141,57972,-1,0.40457
47143,33547,-1,0.00000
47143,18165,-1,0.00000
47143,21150,-1,0.06353
47143,15893,-1,0.00000
47250,1043,-1,0.00000
47250,13806,-1,0.00000
47250,25133,-1,0.00000
47250,36712,-1,0.00000
47250,57972,-1,0.00000
47253,33547,-1,0.17691
47253,18165,-1,0.00000
47253,21150,-1,0.28859
47253,15893,-1,0.00000
47351,1043,-1,0.16111
47351,13806,-1,0.00000
47351,25133,-1,0.00000
47351,36712,-1,0.00000
47351,57972,-1,0.00000
47353,33547,-1,0.00000
47353,18165,-1,0.00000
47353,21150,-1,0.00000
47353,15893,-1,0.00000
47451,1043,-1,0.75620
47451,13806,-1,0.00000
47451,25133,-1,0.12779
47451,36712,-1,0.00000
47451,57972,-1,0.00000
47463,33547,-1,0.00000
47463,18165,-1,0.00000
47463,21150,-1,0.00000
47463,15893,-1,0.03844
47551,1043,-1,0.00000
47551,13806,-1,0.00000
47551,25133,-1,0.00000
47551,36712,-1,0.00000
47551,57972,-1,0.00000
47565,33547,-1,0.00000
47565,18165,-1,0.00000
47565,21150,-1,0.00000
47565,15893,-1,0.19150
47651,1043,-1,0.00000
47651,13806,-1,0.11505
47651,25133,-1,0.00000
47651,36712,-1,0.61355
47651,57972,-1,0.00000
47675,33547,-1,0.00000
47675,18165,-1,0.00000
47675,21150,-1,0.00000
47675,15893,-1,0.00000
47761,1043,-1,0.00000
47761,13806,-1,0.43077
47761,25133,-1,0.00000
47761,36712,-1,0.00000
47761,57972,-1,0.00000
47783,33547,-1,0.00000
47783,18165,-1,0.13436
47783,21150,-1,0.00000
47783,15893,-1,0.00000
47861,1043,-1,0.00000
47861,13806,-1,0.00000
47861,25133,-1,0.00000
47861,36712,-1,0.00000
47861,57972,-1,0.00000
47885,33547,-1,0.00000
47885,18165,-1,0.00000
47885,21150,-1,0.28114
47885,15893,-1,0.00000
47971,1043,-1,0.00000
47971,13806,-1,0.00000
47971,25133,-1,0.00000
47971,36712,-1,0.00000
47971,57972,-1,0.53639
47993,33547,-1,0.00000
47993,18165,-1,0.00000
47993,21150,-1,0.00000
47993,15893,-1,0.00000
48081,1043,-1,0.00000
48081,13806,-1,0.00000
48081,25133,-1,0.00000
48081,36712,-1,0.00000
48081,57972,-1,0.00000
48094,33547,-1,0.22099
48094,18165,-1,0.00000
48094,21150,-1,0.00000
48094,15893,-1,0.00000
48192,1043,-1,0.00000
48192,13806,-1,0.00000
48192,25133,-1,0.14077
48192,36712,-1,0.00000
48192,57972,-1,0.00000
48203,33547,-1,0.00000
48203,18165,-1,0.00000
48203,21150,-1,0.00000
48203,15893,-1,0.00000
48301,1043,-1,0.00000
48301,13806,-1,0.48657
48301,25133,-1,0.00000
48301,36712,-1,0.00000
48301,57972,-1,0.00000
48314,33547,-1,0.00000
48314,18165,-1,0.00000
48314,21150,-1,0.00000
48314,15893,-1,0.03816
48411,1043,-1,0.00000
48411,13806,-1,0.00000
48411,25133,-1,0.00000
48411,36712,-1,0.00000
48411,57972,-1,0.00000
48423,33547,-1,0.00000
48423,18165,-1,0.00000
48423,21150,-1,0.00000
48423,15893,-1,0.16451
48511,1043,-1,0.75778
48511,13806,-1,0.00000
48511,25133,-1,0.00000
48511,36712,-1,0.13318
48511,57972,-1,0.00000
48524,33547,-1,0.00000
48524,18165,-1,0.00000
48524,21150,-1,0.00000
48524,15893,-1,0.00000
48612,1043,-1,0.00000
48612,13806,-1,0.00000
48612,25133,-1,0.00000
48612,36712,-1,0.60765
48612,57972,-1,0.00000
48633,33547,-1,0.00000
48633,18165,-1,0.00000
48633,21150,-1,0.00000
48633,15893,-1,0.00000
48722,1043,-1,0.00000
48722,13806,-1,0.00000
48722,25133,-1,0.00000
48722,36712,-1,0.00000
48722,57972,-1,0.00000
48733,33547,-1,0.00000
48733,18165,-1,0.00000
48733,21150,-1,0.31667
48733,15893,-1,0.00000
48831,1043,-1,0.00000
48831,13806,-1,0.00000
48831,25133,-1,0.10421
48831,36712,-1,0.00000
48831,57972,-1,0.54241
48844,33547,-1,0.00000
48844,18165,-1,0.00000
48844,21150,-1,0.00000
48844,15893,-1,0.00000
48931,1043,-1,0.00000
48931,13806,-1,0.00000
48931,25133,-1,0.00000
48931,36712,-1,0.00000
48931,57972,-1,0.00000
48954,33547,-1,0.03856
48954,18165,-1,0.00000
48954,21150,-1,0.00000
48954,15893,-1,0.00000
49041,1043,-1,0.00000
49041,13806,-1,0.00000
49041,25133,-1,0.00000
49041,36712,-1,0.00000
49041,57972,-1,0.00000
49063,33547,-1,0.17753
49063,18165,-1,0.11682
49063,21150,-1,0.00000
49063,15893,-1,0.00000
49141,1043,-1,0.00000
49141,13806,-1,0.11525
49141,25133,-1,0.00000
49141,36712,-1,0.00000
49141,57972,-1,0.00000
49179,33547,-1,0.00000
49179,18165,-1,0.00000
49179,21150,-1,0.00000
49179,15893,-1,0.00000
49241,1043,-1,0.00000
49241,13806,-1,0.53092
49241,25133,-1,0.00000
49241,36712,-1,0.61254
49241,57972,-1,0.00000
49283,33547,-1,0.00000
49283,18165,-1,0.00000
49283,21150,-1,0.06534
49283,15893,-1,0.18747
49352,1043,-1,0.00000
49352,13806,-1,0.00000
49352,25133,-1,0.00000
49352,36712,-1,0.00000
49352,57972,-1,0.00000
49385,33547,-1,0.00000
49385,18165,-1,0.00000
49385,21150,-1,0.00000
49385,15893,-1,0.00000
49461,1043,-1,0.14807
49461,13806,-1,0.00000
49461,25133,-1,0.00000
49461,36712,-1,0.00000
49461,57972,-1,0.44201
49494,33547,-1,0.00000
49494,18165,-1,0.00000
49494,21150,-1,0.00000
49494,15893,-1,0.00000
49561,1043,-1,0.75774
49561,13806,-1,0.00000
49561,25133,-1,0.00000
49561,36712,-1,0.00000
49561,57972,-1,0.00000
49604,33547,-1,0.00000
49604,18165,-1,0.00000
49604,21150,-1,0.35048
49604,15893,-1,0.00000
49661,1043,-1,0.00000
49661,13806,-1,0.00000
49661,25133,-1,0.00000
49661,36712,-1,0.00000
49661,57972,-1,0.00000
49714,33547,-1,0.17708
49714,18165,-1,0.00000
49714,21150,-1,0.00000
49714,15893,-1,0.00000
49771,1043,-1,0.00000
49771,13806,-1,0.48690
49771,25133,-1,0.14254
49771,36712,-1,0.00000
49771,57972,-1,0.00000
49824,33547,-1,0.00000
49824,18165,-1,0.00000
49824,21150,-1,0.00000
49824,15893,-1,0.00000
49873,1043,-1,0.00000
49873,13806,-1,0.00000
49873,25133,-1,0.00000
49873,36712,-1,0.00000
49873,57972,-1,0.00000
49933,33547,-1,0.00000
49933,18165,-1,0.02551
49933,21150,-1,0.00000
49933,15893,-1,0.15919
49981,1043,-1,0.00000
49981,13806,-1,0.00000
49981,25133,-1,0.00000
49981,36712,-1,0.12397
49981,57972,-1,0.00000
50033,33547,-1,0.00000
50033,18165,-1,0.00000
50033,21150,-1,0.00000
50033,15893,-1,0.00000
50081,1043,-1,0.00000
50081,13806,-1,0.00000
50081,25133,-1,0.00000
50081,36712,-1,0.61094
50081,57972,-1,0.42762
50143,33547,-1,0.00000
50143,18165,-1,0.00000
50143,21150,-1,0.00000
50143,15893,-1,0.00000
50191,1043,-1,0.00000
50191,13806,-1,0.00000
50191,25133,-1,0.00000
50191,36712,-1,0.00000
50191,57972,-1,0.00000
50243,33547,-1,0.00000
50243,18165,-1,0.15527
50243,21150,-1,0.31603
50243,15893,-1,0.00000
50301,1043,-1,0.76445
50301,13806,-1,0.00000
50301,25133,-1,0.00000
50301,36712,-1,0.00000
50301,57972,-1,0.00000
50344,33547,-1,0.00000
50344,18165,-1,0.00000
50344,21150,-1,0.00000
50344,15893,-1,0.00000
50401,1043,-1,0.00000
50401,13806,-1,0.00000
50401,25133,-1,0.11779
50401,36712,-1,0.00000
50401,57972,-1,0.00000
50444,33547,-1,0.00000
50444,18165,-1,0.00000
50444,21150,-1,0.00000
50444,15893,-1,0.00000
50501,1043,-1,0.00000
50501,13806,-1,0.00000
50501,25133,-1,0.00000
50501,36712,-1,0.00000
50501,57972,-1,0.00000
50554,33547,-1,0.17772
50554,18165,-1,0.00000
50554,21150,-1,0.00000
50554,15893,-1,0.21629
50611,1043,-1,0.00000
50611,13806,-1,0.54410
50611,25133,-1,0.00000
50611,36712,-1,0.00000
50611,57972,-1,0.00000
50663,33547,-1,0.00000
50663,18165,-1,0.00000
50663,21150,-1,0.00000
50663,15893,-1,0.00000
50711,1043,-1,0.00000
50711,13806,-1,0.00000
50711,25133,-1,0.00000
50711,36712,-1,0.00000
50711,57972,-1,0.00000
50763,33547,-1,0.00000
50763,18165,-1,0.00000
50763,21150,-1,0.00000
50763,15893,-1,0.00000
50812,1043,-1,0.00000
50812,13806,-1,0.00000
50812,25133,-1,0.00000
50812,36712,-1,0.13238
50812,57972,-1,0.00000
50863,33547,-1,0.00000
50863,18165,-1,0.12760
50863,21150,-1,0.00000
50863,15893,-1,0.00000
50921,1043,-1,0.00000
50921,13806,-1,0.00000
50921,25133,-1,0.00000
50921,36712,-1,0.51468
50921,57972,-1,0.00000
50973,33547,-1,0.00000
50973,18165,-1,0.00000
50973,21150,-1,0.00000
50973,15893,-1,0.00000
51034,1043,-1,0.00000
51034,13806,-1,0.00000
51034,25133,-1,0.00000
51034,36712,-1,0.00000
51034,57972,-1,0.00000
51074,33547,-1,0.00000
51074,18165,-1,0.00000
51074,21150,-1,0.00000
51074,15893,-1,0.00000
51141,1043,-1,0.00000
51141,13806,-1,0.00000
51141,25133,-1,0.02607
51141,36712,-1,0.00000
51141,57972,-1,0.00000
51184,33547,-1,0.15845
51184,18165,-1,0.00000
51184,21150,-1,0.35044
51184,15893,-1,0.00000
51241,1043,-1,0.00000
51241,13806,-1,0.00000
51241,25133,-1,0.11264
51241,36712,-1,0.00000
51241,57972,-1,0.00000
51284,33547,-1,0.00000
51284,18165,-1,0.00000
51284,21150,-1,0.00000
51284,15893,-1,0.00000
51341,1043,-1,0.00000
51341,13806,-1,0.00000
51341,25133,-1,0.00000
51341,36712,-1,0.00000
51341,57972,-1,0.00000
51394,33547,-1,0.00000
51394,18165,-1,0.00000
51394,21150,-1,0.00000
51394,15893,-1,0.17680
51451,1043,-1,0.69231
51451,13806,-1,0.10530
51451,25133,-1,0.00000
51451,36712,-1,0.00000
51451,57972,-1,0.00000
51503,33547,-1,0.00000
51503,18165,-1,0.11709
51503,21150,-1,0.00000
51503,15893,-1,0.00000
51551,1043,-1,0.00000
51551,13806,-1,0.53281
51551,25133,-1,0.00000
51551,36712,-1,0.00000
51551,57972,-1,0.00000
51603,33547,-1,0.00000
51603,18165,-1,0.00000
51603,21150,-1,0.00000
51603,15893,-1,0.00000
51651,1043,-1,0.00000
51651,13806,-1,0.00000
51651,25133,-1,0.00000
51651,36712,-1,0.00000
51651,57972,-1,0.00000
51714,33547,-1,0.17632
51714,18165,-1,0.00000
51714,21150,-1,0.28763
51714,15893,-1,0.00000
51753,1043,-1,0.00000
51753,13806,-1,0.00000
51753,25133,-1,0.00000
51753,36712,-1,0.13053
51753,57972,-1,0.00000
51823,33547,-1,0.00000
51823,18165,-1,0.00000
51823,21150,-1,0.00000
51823,15893,-1,0.00000
51862,1043,-1,0.00000
51862,13806,-1,0.00000
51862,25133,-1,0.00000
51862,36712,-1,0.56518
51862,57972,-1,0.40485
51924,33547,-1,0.00000
51924,18165,-1,0.00000
51924,21150,-1,0.00000
51924,15893,-1,0.00000
51972,1043,-1,0.00000
51972,13806,-1,0.00000
51972,25133,-1,0.02520
51972,36712,-1,0.00000
51972,57972,-1,0.00000
52024,33547,-1,0.00000
52024,18165,-1,0.00000
52024,21150,-1,0.00000
52024,15893,-1,0.00000
52081,1043,-1,0.00000
52081,13806,-1,0.49269
52081,25133,-1,0.11842
52081,36712,-1,0.00000
52081,57972,-1,0.00000
52133,33547,-1,0.00000
52133,18165,-1,0.00000
52133,21150,-1,0.00000
52133,15893,-1,0.17878
52182,1043,-1,0.00000
52182,13806,-1,0.00000
52182,25133,-1,0.00000
52182,36712,-1,0.00000
52182,57972,-1,0.00000
52233,33547,-1,0.00000
52233,18165,-1,0.00000
52233,21150,-1,0.00000
52233,15893,-1,0.00000
52291,1043,-1,0.14803
52291,13806,-1,0.00000
52291,25133,-1,0.00000
52291,36712,-1,0.56403
52291,57972,-1,0.39478
52334,33547,-1,0.00000
52334,18165,-1,0.15533
52334,21150,-1,0.28046
52334,15893,-1,0.00000
52401,1043,-1,0.00000
52401,13806,-1,0.00000
52401,25133,-1,0.00000
52401,36712,-1,0.00000
52401,57972,-1,0.00000
52444,33547,-1,0.00000
52444,18165,-1,0.00000
52444,21150,-1,0.00000
52444,15893,-1,0.00000
52501,1043,-1,0.00000
52501,13806,-1,0.00000
52501,25133,-1,0.00000
52501,36712,-1,0.00000
52501,57972,-1,0.00000
52553,33547,-1,0.00000
52553,18165,-1,0.00000
52553,21150,-1,0.00000
52553,15893,-1,0.00000
52611,1043,-1,0.68806
52611,13806,-1,0.00000
52611,25133,-1,0.11627
52611,36712,-1,0.00000
52611,57972,-1,0.00000
52653,33547,-1,0.22142
52653,18165,-1,0.00000
52653,21150,-1,0.00000
52653,15893,-1,0.00000
52721,1043,-1,0.00000
52721,13806,-1,0.00000
52721,25133,-1,0.00000
52721,36712,-1,0.00000
52721,57972,-1,0.00000
52764,33547,-1,0.00000
52764,18165,-1,0.00000
52764,21150,-1,0.00000
52764,15893,-1,0.00000
52823,1043,-1,0.00000
52823,13806,-1,0.63292
52823,25133,-1,0.00000
52823,36712,-1,0.60034
52823,57972,-1,0.00000
52873,33547,-1,0.00000
52873,18165,-1,0.00000
52873,21150,-1,0.00000
52873,15893,-1,0.00000
52931,1043,-1,0.00000
52931,13806,-1,0.00000
52931,25133,-1,0.00000
52931,36712,-1,0.00000
52931,57972,-1,0.00000
52974,33547,-1,0.00000
52974,18165,-1,0.11714
52974,21150,-1,0.00000
52974,15893,-1,0.22020
53041,1043,-1,0.14746
53041,13806,-1,0.00000
53041,25133,-1,0.00000
53041,36712,-1,0.59929
53041,57972,-1,0.00000
53083,33547,-1,0.00000
53083,18165,-1,0.00000
53083,21150,-1,0.00000
53083,15893,-1,0.00000
53142,1043,-1,0.00000
53142,13806,-1,0.00000
53142,25133,-1,0.00000
53142,36712,-1,0.00000
53142,57972,-1,0.47744
53193,33547,-1,0.00000
53193,18165,-1,0.00000
53193,21150,-1,0.00000
53193,15893,-1,0.00000
53250,1043,-1,0.00000
53250,13806,-1,0.00000
53250,25133,-1,0.00000
53250,36712,-1,0.00000
53250,57972,-1,0.00000
53304,33547,-1,0.00000
53304,18165,-1,0.00000
53304,21150,-1,0.00000
53304,15893,-1,0.00000
53351,1043,-1,0.00000
53351,13806,-1,0.00000
53351,25133,-1,0.15572
53351,36712,-1,0.00000
53351,57972,-1,0.00000
53404,33547,-1,0.00000
53404,18165,-1,0.00000
53404,21150,-1,0.00000
53404,15893,-1,0.00000
53451,1043,-1,0.00000
53451,13806,-1,0.00000
53451,25133,-1,0.00000
53451,36712,-1,0.00000
53451,57972,-1,0.00000
53514,33547,-1,0.17816
53514,18165,-1,0.00000
53514,21150,-1,0.00000
53514,15893,-1,0.00000
53552,1043,-1,0.00000
53552,13806,-1,0.00000
53552,25133,-1,0.00000
53552,36712,-1,0.00000
53552,57972,-1,0.00000
53616,33547,-1,0.00000
53616,18165,-1,0.00000
53616,21150,-1,0.00000
53616,15893,-1,0.17038
53662,1043,-1,0.00000
53662,13806,-1,0.48345
53662,25133,-1,0.00000
53662,36712,-1,0.72506
53662,57972,-1,0.00000
53725,33547,-1,0.00000
53725,18165,-1,0.00000
53725,21150,-1,0.00000
53725,15893,-1,0.00000
53771,1043,-1,0.00000
53771,13806,-1,0.00000
53771,25133,-1,0.00000
53771,36712,-1,0.00000
53771,57972,-1,0.00000
53834,33547,-1,0.00000
53834,18165,-1,0.00000
53834,21150,-1,0.06226
53834,15893,-1,0.00000
53881,1043,-1,0.00000
53881,13806,-1,0.00000
53881,25133,-1,0.00000
53881,36712,-1,0.00000
53881,57972,-1,0.00000
53934,33547,-1,0.00000
53934,18165,-1,0.12799
53934,21150,-1,0.00000
53934,15893,-1,0.00000
53991,1043,-1,0.59587
53991,13806,-1,0.00000
53991,25133,-1,0.00000
53991,36712,-1,0.00000
53991,57972,-1,0.58315
54043,33547,-1,0.00000
54043,18165,-1,0.00000
54043,21150,-1,0.00000
54043,15893,-1,0.00000
54101,1043,-1,0.00000
54101,13806,-1,0.00000
54101,25133,-1,0.00000
54101,36712,-1,0.00000
54101,57972,-1,0.00000
54143,33547,-1,0.04213
54143,18165,-1,0.00000
54143,21150,-1,0.00000
54143,15893,-1,0.00000
54202,1043,-1,0.00000
54202,13806,-1,0.00000
54202,25133,-1,0.02770
54202,36712,-1,0.00000
54202,57972,-1,0.00000
54243,33547,-1,0.00000
54243,18165,-1,0.00000
54243,21150,-1,0.00000
54243,15893,-1,0.19447
54311,1043,-1,0.00000
54311,13806,-1,0.00000
54311,25133,-1,0.11777
54311,36712,-1,0.00000
54311,57972,-1,0.00000
54344,33547,-1,0.00000
54344,18165,-1,0.00000
54344,21150,-1,0.00000
54344,15893,-1,0.00000
54412,1043,-1,0.00000
54412,13806,-1,0.00000
54412,25133,-1,0.00000
54412,36712,-1,0.00000
54412,57972,-1,0.00000
54444,33547,-1,0.00000
54444,18165,-1,0.02790
54444,21150,-1,0.00000
54444,15893,-1,0.00000
54521,1043,-1,0.00000
54521,13806,-1,0.59232
54521,25133,-1,0.00000
54521,36712,-1,0.00000
54521,57972,-1,0.00000
54544,33547,-1,0.19398
54544,18165,-1,0.00000
54544,21150,-1,0.31644
54544,15893,-1,0.00000
54631,1043,-1,0.00000
54631,13806,-1,0.00000
54631,25133,-1,0.00000
54631,36712,-1,0.00000
54631,57972,-1,0.39238
54653,33547,-1,0.00000
54653,18165,-1,0.00000
54653,21150,-1,0.00000
54653,15893,-1,0.00000
54731,1043,-1,0.00000
54731,13806,-1,0.00000
54731,25133,-1,0.00000
54731,36712,-1,0.00000
54731,57972,-1,0.00000
54753,33547,-1,0.00000
54753,18165,-1,0.02783
54753,21150,-1,0.00000
54753,15893,-1,0.00000
54831,1043,-1,0.83657
54831,13806,-1,0.00000
54831,25133,-1,0.11775
54831,36712,-1,0.00000
54831,57972,-1,0.00000
54854,33547,-1,0.00000
54854,18165,-1,0.11250
54854,21150,-1,0.00000
54854,15893,-1,0.00000
54942,1043,-1,0.00000
54942,13806,-1,0.00000
54942,25133,-1,0.00000
54942,36712,-1,0.00000
54942,57972,-1,0.00000
54963,33547,-1,0.00000
54963,18165,-1,0.00000
54963,21150,-1,0.00000
54963,15893,-1,0.00000
55042,1043,-1,0.00000
55042,13806,-1,0.00000
55042,25133,-1,0.00000
55042,36712,-1,0.00000
55042,57972,-1,0.10474
55063,33547,-1,0.00000
55063,18165,-1,0.00000
55063,21150,-1,0.00000
55063,15893,-1,0.04213
55151,1043,-1,0.00000
55151,13806,-1,0.44030
55151,25133,-1,0.00000
55151,36712,-1,0.00000
55151,57972,-1,0.00000
55163,33547,-1,0.19449
55163,18165,-1,0.00000
55163,21150,-1,0.00000
55163,15893,-1,0.19449
55261,1043,-1,0.00000
55261,13806,-1,0.00000
55261,25133,-1,0.00000
55261,36712,-1,0.00000
55261,57972,-1,0.00000
55263,33547,-1,0.00000
55263,18165,-1,0.00000
55263,21150,-1,0.00000
55263,15893,-1,0.00000
55365,1043,-1,0.15457
55365,13806,-1,0.00000
55365,25133,-1,0.00000
55365,36712,-1,0.00000
55365,57972,-1,0.00000
55365,33547,-1,0.00000
55365,18165,-1,0.00000
55365,21150,-1,0.00000
55365,15893,-1,0.00000
55471,1043,-1,0.00000
55471,13806,-1,0.00000
55471,25133,-1,0.11125
55471,36712,-1,0.61907
55471,57972,-1,0.00000
55474,33547,-1,0.00000
55474,18165,-1,0.14392
55474,21150,-1,0.00000
55474,15893,-1,0.00000
55572,1043,-1,0.00000
55572,13806,-1,0.00000
55572,25133,-1,0.00000
55572,36712,-1,0.00000
55572,57972,-1,0.00000
55584,33547,-1,0.00000
55584,18165,-1,0.00000
55584,21150,-1,0.00000
55584,15893,-1,0.00000
55673,1043,-1,0.15956
55673,13806,-1,0.00000
55673,25133,-1,0.00000
55673,36712,-1,0.00000
55673,57972,-1,0.00000
55693,33547,-1,0.00000
55693,18165,-1,0.00000
55693,21150,-1,0.06183
55693,15893,-1,0.00000
55781,1043,-1,0.00000
55781,13806,-1,0.00000
55781,25133,-1,0.00000
55781,36712,-1,0.53752
55781,57972,-1,0.00000
55803,33547,-1,0.00000
55803,18165,-1,0.00000
55803,21150,-1,0.28897
55803,15893,-1,0.17714
55884,1043,-1,0.00000
55884,13806,-1,0.00000
55884,25133,-1,0.00000
55884,36712,-1,0.00000
55884,57972,-1,0.00000
55914,33547,-1,0.00000
55914,18165,-1,0.00000
55914,21150,-1,0.00000
55914,15893,-1,0.00000
55992,1043,-1,0.84525
55992,13806,-1,0.48997
55992,25133,-1,0.00000
55992,36712,-1,0.00000
55992,57972,-1,0.00000
56024,33547,-1,0.19654
56024,18165,-1,0.00000
56024,21150,-1,0.00000
56024,15893,-1,0.00000
56101,1043,-1,0.00000
56101,13806,-1,0.00000
56101,25133,-1,0.00000
56101,36712,-1,0.00000
56101,57972,-1,0.00000
56133,33547,-1,0.00000
56133,18165,-1,0.00000
56133,21150,-1,0.00000
56133,15893,-1,0.00000
56204,1043,-1,0.00000
56204,13806,-1,0.00000
56204,25133,-1,0.02714
56204,36712,-1,0.00000
56204,57972,-1,0.00000
56243,33547,-1,0.00000
56243,18165,-1,0.00000
56243,21150,-1,0.00000
56243,15893,-1,0.00000
56311,1043,-1,0.00000
56311,13806,-1,0.00000
56311,25133,-1,0.00000
56311,36712,-1,0.61442
56311,57972,-1,0.41264
56344,33547,-1,0.00000
56344,18165,-1,0.15546
56344,21150,-1,0.00000
56344,15893,-1,0.00000
56411,1043,-1,0.00000
56411,13806,-1,0.00000
56411,25133,-1,0.00000
56411,36712,-1,0.00000
56411,57972,-1,0.00000
56444,33547,-1,0.00000
56444,18165,-1,0.00000
56444,21150,-1,0.31705
56444,15893,-1,0.00000
56511,1043,-1,0.00000
56511,13806,-1,0.53217
56511,25133,-1,0.02788
56511,36712,-1,0.00000
56511,57972,-1,0.00000
56545,33547,-1,0.00000
56545,18165,-1,0.00000
56545,21150,-1,0.00000
56545,15893,-1,0.00000
56621,1043,-1,0.00000
56621,13806,-1,0.00000
56621,25133,-1,0.11608
56621,36712,-1,0.00000
56621,57972,-1,0.00000
56653,33547,-1,0.17948
56653,18165,-1,0.00000
56653,21150,-1,0.00000
56653,15893,-1,0.03895
56722,1043,-1,0.00000
56722,13806,-1,0.00000
56722,25133,-1,0.00000
56722,36712,-1,0.00000
56722,57972,-1,0.00000
56755,33547,-1,0.00000
56755,18165,-1,0.00000
56755,21150,-1,0.00000
56755,15893,-1,0.00000
56831,1043,-1,0.83743
56831,13806,-1,0.00000
56831,25133,-1,0.00000
56831,36712,-1,0.00000
56831,57972,-1,0.00000
56864,33547,-1,0.00000
56864,18165,-1,0.00000
56864,21150,-1,0.00000
56864,15893,-1,0.00000
56933,1043,-1,0.00000
56933,13806,-1,0.00000
56933,25133,-1,0.00000
56933,36712,-1,0.57393
56933,57972,-1,0.00000
56974,33547,-1,0.00000
56974,18165,-1,0.11590
56974,21150,-1,0.00000
56974,15893,-1,0.21436
57040,1043,-1,0.00000
57040,13806,-1,0.00000
57040,25133,-1,0.00000
57040,36712,-1,0.00000
57040,57972,-1,0.00000
57085,33547,-1,0.00000
57085,18165,-1,0.00000
57085,21150,-1,0.00000
57085,15893,-1,0.00000
57151,1043,-1,0.00000
57151,13806,-1,0.00000
57151,25133,-1,0.11556
57151,36712,-1,0.00000
57151,57972,-1,0.09477
57194,33547,-1,0.00000
57194,18165,-1,0.00000
57194,21150,-1,0.35219
57194,15893,-1,0.00000
57261,1043,-1,0.00000
57261,13806,-1,0.00000
57261,25133,-1,0.00000
57261,36712,-1,0.00000
57261,57972,-1,0.00000
57303,33547,-1,0.00000
57303,18165,-1,0.00000
57303,21150,-1,0.00000
57303,15893,-1,0.00000
57362,1043,-1,0.00000
57362,13806,-1,0.00000
57362,25133,-1,0.00000
57362,36712,-1,0.00000
57362,57972,-1,0.00000
57415,33547,-1,0.00000
57415,18165,-1,0.00000
57415,21150,-1,0.00000
57415,15893,-1,0.00000
57471,1043,-1,0.69354
57471,13806,-1,0.00000
57471,25133,-1,0.00000
57471,36712,-1,0.00000
57471,57972,-1,0.53688
57523,33547,-1,0.20435
57523,18165,-1,0.00000
57523,21150,-1,0.00000
57523,15893,-1,0.16538
57581,1043,-1,0.00000
57581,13806,-1,0.00000
57581,25133,-1,0.00000
57581,36712,-1,0.00000
57581,57972,-1,0.00000
57624,33547,-1,0.00000
57624,18165,-1,0.00000
57624,21150,-1,0.00000
57624,15893,-1,0.00000
57681,1043,-1,0.00000
57681,13806,-1,0.00000
57681,25133,-1,0.00000
57681,36712,-1,0.14339
57681,57972,-1,0.00000
57734,33547,-1,0.00000
57734,18165,-1,0.00000
57734,21150,-1,0.00000
57734,15893,-1,0.00000
57782,1043,-1,0.00000
57782,13806,-1,0.52963
57782,25133,-1,0.00000
57782,36712,-1,0.65176
57782,57972,-1,0.00000
57834,33547,-1,0.00000
57834,18165,-1,0.14546
57834,21150,-1,0.28620
57834,15893,-1,0.00000
57893,1043,-1,0.00000
57893,13806,-1,0.00000
57893,25133,-1,0.00000
57893,36712,-1,0.00000
57893,57972,-1,0.00000
57944,33547,-1,0.00000
57944,18165,-1,0.00000
57944,21150,-1,0.00000
57944,15893,-1,0.00000
58001,1043,-1,0.00000
58001,13806,-1,0.00000
58001,25133,-1,0.02593
58001,36712,-1,0.00000
58001,57972,-1,0.44727
58055,33547,-1,0.00000
58055,18165,-1,0.00000
58055,21150,-1,0.00000
58055,15893,-1,0.00000
58101,1043,-1,0.00000
58101,13806,-1,0.00000
58101,25133,-1,0.11237
58101,36712,-1,0.00000
58101,57972,-1,0.00000
58163,33547,-1,0.00000
58163,18165,-1,0.00000
58163,21150,-1,0.00000
58163,15893,-1,0.00000
58202,1043,-1,0.00000
58202,13806,-1,0.00000
58202,25133,-1,0.00000
58202,36712,-1,0.00000
58202,57972,-1,0.00000
58263,33547,-1,0.00000
58263,18165,-1,0.00000
58263,21150,-1,0.00000
58263,15893,-1,0.00000
58311,1043,-1,0.83626
58311,13806,-1,0.00000
58311,25133,-1,0.00000
58311,36712,-1,0.59654
58311,57972,-1,0.00000
58374,33547,-1,0.00000
58374,18165,-1,0.10242
58374,21150,-1,0.00000
58374,15893,-1,0.21524
58421,1043,-1,0.00000
58421,13806,-1,0.00000
58421,25133,-1,0.00000
58421,36712,-1,0.00000
58421,57972,-1,0.00000
58474,33547,-1,0.00000
58474,18165,-1,0.00000
58474,21150,-1,0.00000
58474,15893,-1,0.00000
58521,1043,-1,0.00000
58521,13806,-1,0.11510
58521,25133,-1,0.00000
58521,36712,-1,0.00000
58521,57972,-1,0.00000
58575,33547,-1,0.00000
58575,18165,-1,0.00000
58575,21150,-1,0.00000
58575,15893,-1,0.00000
58622,1043,-1,0.00000
58622,13806,-1,0.00000
58622,25133,-1,0.12678
58622,36712,-1,0.00000
58622,57972,-1,0.47679
58683,33547,-1,0.17962
58683,18165,-1,0.00000
58683,21150,-1,0.06260
58683,15893,-1,0.00000
58733,1043,-1,0.00000
58733,13806,-1,0.00000
58733,25133,-1,0.00000
58733,36712,-1,0.00000
58733,57972,-1,0.00000
58793,33547,-1,0.00000
58793,18165,-1,0.00000
58793,21150,-1,0.00000
58793,15893,-1,0.00000
58841,1043,-1,0.00000
58841,13806,-1,0.10610
58841,25133,-1,0.00000
58841,36712,-1,0.00000
58841,57972,-1,0.00000
58893,33547,-1,0.00000
58893,18165,-1,0.00000
58893,21150,-1,0.00000
58893,15893,-1,0.00000
58953,1043,-1,0.67792
58953,13806,-1,0.47664
58953,25133,-1,0.00000
58953,36712,-1,0.00000
58953,57972,-1,0.00000
59003,33547,-1,0.00000
59003,18165,-1,0.00000
59003,21150,-1,0.35160
59003,15893,-1,0.00000
59061,1043,-1,0.00000
59061,13806,-1,0.00000
59061,25133,-1,0.00000
59061,36712,-1,0.00000
59061,57972,-1,0.00000
59103,33547,-1,0.00000
59103,18165,-1,0.12749
59103,21150,-1,0.00000
59103,15893,-1,0.00000
59161,1043,-1,0.00000
59161,13806,-1,0.00000
59161,25133,-1,0.00000
59161,36712,-1,0.14324
59161,57972,-1,0.00000
59213,33547,-1,0.00000
59213,18165,-1,0.00000
59213,21150,-1,0.00000
59213,15893,-1,0.00000
59270,1043,-1,0.00000
59270,13806,-1,0.00000
59270,25133,-1,0.10310
59270,36712,-1,0.59980
59270,57972,-1,0.00000
59314,33547,-1,0.00000
59314,18165,-1,0.00000
59314,21150,-1,0.00000
59314,15893,-1,0.23544
59371,1043,-1,0.00000
59371,13806,-1,0.00000
59371,25133,-1,0.00000
59371,36712,-1,0.00000
59371,57972,-1,0.00000
61428,33547,-1,0.00000
61428,18165,-1,0.00000
61428,21150,-1,0.00000
61428,15893,-1,0.00000
61430,1043,-1,0.00000
61430,13806,-1,0.00000
61430,25133,-1,0.00000
61430,36712,-1,0.00000
61430,57972,-1,0.00510
61529,33547,-1,0.19308
61529,18165,-1,0.15475
61529,21150,-1,0.34672
61529,15893,-1,0.19308
61533,1043,-1,0.81482
61533,13806,-1,0.46881
61533,25133,-1,0.00000
61533,36712,-1,0.58840
61533,57972,-1,0.42863
61630,33547,-1,0.00000
61630,18165,-1,0.00000
61630,21150,-1,0.31261
61630,15893,-1,0.00000
61635,1043,-1,0.00000
61635,13806,-1,0.63285
61635,25133,-1,0.14232
61635,36712,-1,0.57005
61635,57972,-1,0.47030
61732,33547,-1,0.23312
61732,18165,-1,0.12605
61732,21150,-1,0.27721
61732,15893,-1,0.19155
61736,1043,-1,0.91504
61736,13806,-1,0.00000
61736,25133,-1,0.12749
61736,36712,-1,0.00000
61736,57972,-1,0.00000
61832,33547,-1,0.19447
61832,18165,-1,0.00000
61832,21150,-1,0.00000
61832,15893,-1,0.00000
61837,1043,-1,0.74656
61837,13806,-1,0.52490
61837,25133,-1,0.00000
61837,36712,-1,0.78723
61837,57972,-1,0.57793
61934,33547,-1,0.00000
61934,18165,-1,0.15385
61934,21150,-1,0.38005
61934,15893,-1,0.19196
61938,1043,-1,0.00000
61938,13806,-1,0.64181
61938,25133,-1,0.15447
61938,36712,-1,0.64933
61938,57972,-1,0.42610
62034,33547,-1,0.23496
62034,18165,-1,0.00000
62034,21150,-1,0.00000
62034,15893,-1,0.17283
62041,1043,-1,0.89438
62041,13806,-1,0.00000
62041,25133,-1,0.00000
62041,36712,-1,0.00000
62041,57972,-1,0.00000
62143,33547,-1,0.00000
62143,18165,-1,0.02565
62143,21150,-1,0.00000
62143,15893,-1,0.00000
62151,1043,-1,0.00000
62151,13806,-1,0.00000
62151,25133,-1,0.00000
62151,36712,-1,0.00000
62151,57972,-1,0.43857
62243,33547,-1,0.00000
62243,18165,-1,0.11748
62243,21150,-1,0.28593
62243,15893,-1,0.00000
62251,1043,-1,0.00000
62251,13806,-1,0.00000
62251,25133,-1,0.00000
62251,36712,-1,0.00000
62251,57972,-1,0.00000
62344,33547,-1,0.00000
62344,18165,-1,0.00000
62344,21150,-1,0.00000
62344,15893,-1,0.00000
62351,1043,-1,0.00000
62351,13806,-1,0.00000
62351,25133,-1,0.15528
62351,36712,-1,0.65272
62351,57972,-1,0.00000
62444,33547,-1,0.00000
62444,18165,-1,0.00000
62444,21150,-1,0.00000
62444,15893,-1,0.00000
62461,1043,-1,0.00000
62461,13806,-1,0.00000
62461,25133,-1,0.00000
62461,36712,-1,0.00000
62461,57972,-1,0.00000
62555,33547,-1,0.16107
62555,18165,-1,0.00000
62555,21150,-1,0.00000
62555,15893,-1,0.00000
62571,1043,-1,0.00000
62571,13806,-1,0.10494
62571,25133,-1,0.00000
62571,36712,-1,0.00000
62571,57972,-1,0.00000
62664,33547,-1,0.00000
62664,18165,-1,0.00000
62664,21150,-1,0.00000
62664,15893,-1,0.00000
62671,1043,-1,0.00000
62671,13806,-1,0.53079
62671,25133,-1,0.00000
62671,36712,-1,0.00000
62671,57972,-1,0.42863
62765,33547,-1,0.00000
62765,18165,-1,0.00000
62765,21150,-1,0.00000
62765,15893,-1,0.23416
62782,1043,-1,0.00000
62782,13806,-1,0.00000
62782,25133,-1,0.00000
62782,36712,-1,0.00000
62782,57972,-1,0.00000
62873,33547,-1,0.00000
62873,18165,-1,0.00000
62873,21150,-1,0.00000
62873,15893,-1,0.00000
62891,1043,-1,0.14792
62891,13806,-1,0.00000
62891,25133,-1,0.11741
62891,36712,-1,0.00000
62891,57972,-1,0.00000
62974,33547,-1,0.00000
62974,18165,-1,0.00000
62974,21150,-1,0.31422
62974,15893,-1,0.00000
63001,1043,-1,0.00000
63001,13806,-1,0.00000
63001,25133,-1,0.00000
63001,36712,-1,0.00000
63001,57972,-1,0.00000
63084,33547,-1,0.00000
63084,18165,-1,0.00000
63084,21150,-1,0.00000
63084,15893,-1,0.00000
63101,1043,-1,0.00000
63101,13806,-1,0.00000
63101,25133,-1,0.00000
63101,36712,-1,0.00000
63101,57972,-1,0.00000
63194,33547,-1,0.00000
63194,18165,-1,0.00000
63194,21150,-1,0.00000
63194,15893,-1,0.00000
63212,1043,-1,0.00000
63212,13806,-1,0.47999
63212,25133,-1,0.00000
63212,36712,-1,0.71987
63212,57972,-1,0.00000
63303,33547,-1,0.21615
63303,18165,-1,0.10753
63303,21150,-1,0.00000
63303,15893,-1,0.00000
63321,1043,-1,0.00000
63321,13806,-1,0.00000
63321,25133,-1,0.00000
63321,36712,-1,0.00000
63321,57972,-1,0.00000
63403,33547,-1,0.00000
63403,18165,-1,0.00000
63403,21150,-1,0.00000
63403,15893,-1,0.00000
63421,1043,-1,0.00000
63421,13806,-1,0.00000
63421,25133,-1,0.00000
63421,36712,-1,0.00000
63421,57972,-1,0.10480
63503,33547,-1,0.00000
63503,18165,-1,0.00000
63503,21150,-1,0.00000
63503,15893,-1,0.00000
63531,1043,-1,0.68743
63531,13806,-1,0.00000
63531,25133,-1,0.00000
63531,36712,-1,0.00000
63531,57972,-1,0.43688
63603,33547,-1,0.00000
63603,18165,-1,0.00000
63603,21150,-1,0.06781
63603,15893,-1,0.19456
63631,1043,-1,0.00000
63631,13806,-1,0.00000
63631,25133,-1,0.00000
63631,36712,-1,0.00000
63631,57972,-1,0.00000
63704,33547,-1,0.00000
63704,18165,-1,0.00000
63704,21150,-1,0.00000
63704,15893,-1,0.00000
63732,1043,-1,0.00000
63732,13806,-1,0.00000
63732,25133,-1,0.15528
63732,36712,-1,0.00000
63732,57972,-1,0.00000
63805,33547,-1,0.00000
63805,18165,-1,0.00000
63805,21150,-1,0.00000
63805,15893,-1,0.00000
63842,1043,-1,0.00000
63842,13806,-1,0.00000
63842,25133,-1,0.00000
63842,36712,-1,0.53250
63842,57972,-1,0.00000
63914,33547,-1,0.00000
63914,18165,-1,0.11701
63914,21150,-1,0.35207
63914,15893,-1,0.00000
63953,1043,-1,0.00000
63953,13806,-1,0.00000
63953,25133,-1,0.00000
63953,36712,-1,0.00000
63953,57972,-1,0.00000
64014,33547,-1,0.00000
64014,18165,-1,0.00000
64014,21150,-1,0.00000
64014,15893,-1,0.00000
64062,1043,-1,0.00000
64062,13806,-1,0.54932
64062,25133,-1,0.00000
64062,36712,-1,0.00000
64062,57972,-1,0.00000
64123,33547,-1,0.03876
64123,18165,-1,0.00000
64123,21150,-1,0.00000
64123,15893,-1,0.17860
64171,1043,-1,0.00000
64171,13806,-1,0.00000
64171,25133,-1,0.00000
64171,36712,-1,0.00000
64171,57972,-1,0.40364
64224,33547,-1,0.17332
64224,18165,-1,0.00000
64224,21150,-1,0.00000
64224,15893,-1,0.00000
64271,1043,-1,0.00000
64271,13806,-1,0.00000
64271,25133,-1,0.00000
64271,36712,-1,0.00000
64271,57972,-1,0.00000
64334,33547,-1,0.00000
64334,18165,-1,0.00000
64334,21150,-1,0.00000
64334,15893,-1,0.00000
64381,1043,-1,0.14703
64381,13806,-1,0.00000
64381,25133,-1,0.00000
64381,36712,-1,0.00000
64381,57972,-1,0.00000
64444,33547,-1,0.00000
64444,18165,-1,0.11713
64444,21150,-1,0.00000
64444,15893,-1,0.00000
64482,1043,-1,0.00000
64482,13806,-1,0.00000
64482,25133,-1,0.00000
64482,36712,-1,0.00000
64482,57972,-1,0.00000
64544,33547,-1,0.00000
64544,18165,-1,0.00000
64544,21150,-1,0.00000
64544,15893,-1,0.00000
64591,1043,-1,0.00000
64591,13806,-1,0.00000
64591,25133,-1,0.02558
64591,36712,-1,0.00000
64591,57972,-1,0.00000
64645,33547,-1,0.00000
64645,18165,-1,0.00000
64645,21150,-1,0.06711
64645,15893,-1,0.00000
64692,1043,-1,0.00000
64692,13806,-1,0.00000
64692,25133,-1,0.12795
64692,36712,-1,0.64486
64692,57972,-1,0.00000
64753,33547,-1,0.00000
64753,18165,-1,0.00000
64753,21150,-1,0.29475
64753,15893,-1,0.18068
64802,1043,-1,0.00000
64802,13806,-1,0.00000
64802,25133,-1,0.00000
64802,36712,-1,0.00000
64802,57972,-1,0.00000
64854,33547,-1,0.00000
64854,18165,-1,0.00000
64854,21150,-1,0.00000
64854,15893,-1,0.00000
64912,1043,-1,0.61493
64912,13806,-1,0.00000
64912,25133,-1,0.00000
64912,36712,-1,0.00000
64912,57972,-1,0.09557
64954,33547,-1,0.23672
64954,18165,-1,0.00000
64954,21150,-1,0.00000
64954,15893,-1,0.00000
65021,1043,-1,0.00000
65021,13806,-1,0.43262
65021,25133,-1,0.00000
65021,36712,-1,0.00000
65021,57972,-1,0.00000
65063,33547,-1,0.00000
65063,18165,-1,0.00000
65063,21150,-1,0.00000
65063,15893,-1,0.00000
65121,1043,-1,0.00000
65121,13806,-1,0.00000
65121,25133,-1,0.00000
65121,36712,-1,0.00000
65121,57972,-1,0.00000
65165,33547,-1,0.00000
65165,18165,-1,0.00000
65165,21150,-1,0.00000
65165,15893,-1,0.00000
65231,1043,-1,0.00000
65231,13806,-1,0.00000
65231,25133,-1,0.00000
65231,36712,-1,0.54987
65231,57972,-1,0.53365
65274,33547,-1,0.00000
65274,18165,-1,0.14369
65274,21150,-1,0.25945
65274,15893,-1,0.00000
65331,1043,-1,0.00000
65331,13806,-1,0.00000
65331,25133,-1,0.00000
65331,36712,-1,0.00000
65331,57972,-1,0.00000
65384,33547,-1,0.00000
65384,18165,-1,0.00000
65384,21150,-1,0.00000
65384,15893,-1,0.00000
65442,1043,-1,0.00000
65442,13806,-1,0.00000
65442,25133,-1,0.00000
65442,36712,-1,0.00000
65442,57972,-1,0.00000
65495,33547,-1,0.00000
65495,18165,-1,0.00000
65495,21150,-1,0.00000
65495,15893,-1,0.03805
65551,1043,-1,0.00000
65551,13806,-1,0.48625
65551,25133,-1,0.14235
65551,36712,-1,0.00000
65551,57972,-1,0.00000
65603,33547,-1,0.18054
65603,18165,-1,0.00000
65603,21150,-1,0.00000
65603,15893,-1,0.18054
65663,1043,-1,0.00000
65663,13806,-1,0.00000
65663,25133,-1,0.00000
65663,36712,-1,0.00000
65663,57972,-1,0.00000
65703,33547,-1,0.00000
65703,18165,-1,0.00000
65703,21150,-1,0.00000
65703,15893,-1,0.00000
65771,1043,-1,0.00000
65771,13806,-1,0.00000
65771,25133,-1,0.00000
65771,36712,-1,0.00000
65771,57972,-1,0.00000
65804,33547,-1,0.00000
65804,18165,-1,0.00000
65804,21150,-1,0.00000
65804,15893,-1,0.00000
65883,1043,-1,0.14383
65883,13806,-1,0.00000
65883,25133,-1,0.00000
65883,36712,-1,0.00000
65883,57972,-1,0.42935
65913,33547,-1,0.00000
65913,18165,-1,0.00000
65913,21150,-1,0.29050
65913,15893,-1,0.00000
65991,1043,-1,0.00000
65991,13806,-1,0.00000
65991,25133,-1,0.00000
65991,36712,-1,0.00000
65991,57972,-1,0.00000
66014,33547,-1,0.00000
66014,18165,-1,0.02775
66014,21150,-1,0.00000
66014,15893,-1,0.00000
66091,1043,-1,0.00000
66091,13806,-1,0.00000
66091,25133,-1,0.00000
66091,36712,-1,0.00000
66091,57972,-1,0.00000
66124,33547,-1,0.00000
66124,18165,-1,0.11631
66124,21150,-1,0.00000
66124,15893,-1,0.17676
66202,1043,-1,0.00000
66202,13806,-1,0.42564
66202,25133,-1,0.00000
66202,36712,-1,0.00000
66202,57972,-1,0.00000
66224,33547,-1,0.00000
66224,18165,-1,0.00000
66224,21150,-1,0.00000
66224,15893,-1,0.00000
66311,1043,-1,0.00000
66311,13806,-1,0.00000
66311,25133,-1,0.00000
66311,36712,-1,0.00000
66311,57972,-1,0.00000
66334,33547,-1,0.21633
66334,18165,-1,0.00000
66334,21150,-1,0.00000
66334,15893,-1,0.00000
66413,1043,-1,0.00000
66413,13806,-1,0.00000
66413,25133,-1,0.00000
66413,36712,-1,0.00000
66413,57972,-1,0.00000
66434,33547,-1,0.00000
66434,18165,-1,0.00000
66434,21150,-1,0.00000
66434,15893,-1,0.00000
66521,1043,-1,0.69852
66521,13806,-1,0.00000
66521,25133,-1,0.14377
66521,36712,-1,0.00000
66521,57972,-1,0.00000
66537,33547,-1,0.00000
66537,18165,-1,0.00000
66537,21150,-1,0.00000
66537,15893,-1,0.00000
66631,1043,-1,0.00000
66631,13806,-1,0.00000
66631,25133,-1,0.00000
66631,36712,-1,0.00000
66631,57972,-1,0.00000
66644,33547,-1,0.00000
66644,18165,-1,0.11054
66644,21150,-1,0.33268
66644,15893,-1,0.00000
66742,1043,-1,0.00000
66742,13806,-1,0.00000
66742,25133,-1,0.00000
66742,36712,-1,0.00000
66742,57972,-1,0.00000
66745,33547,-1,0.00000
66745,18165,-1,0.00000
66745,21150,-1,0.00000
66745,15893,-1,0.00000
66852,1043,-1,0.00000
66852,13806,-1,0.00000
66852,25133,-1,0.00000
66852,36712,-1,0.77361
66852,57972,-1,0.43819
66854,33547,-1,0.00000
66854,18165,-1,0.00000
66854,21150,-1,0.00000
66854,15893,-1,0.00000
66952,1043,-1,0.00000
66952,13806,-1,0.00000
66952,25133,-1,0.00000
66952,36712,-1,0.00000
66952,57972,-1,0.00000
66954,33547,-1,0.00000
66954,18165,-1,0.00000
66954,21150,-1,0.00000
66954,15893,-1,0.22142
67061,1043,-1,0.00000
67061,13806,-1,0.00000
67061,25133,-1,0.00000
67061,36712,-1,0.00000
67061,57972,-1,0.00000
67064,33547,-1,0.00000
67064,18165,-1,0.00000
67064,21150,-1,0.00000
67064,15893,-1,0.00000
67171,1043,-1,0.00000
67171,13806,-1,0.58646
67171,25133,-1,0.11589
67171,36712,-1,0.00000
67171,57972,-1,0.00000
67175,33547,-1,0.00000
67175,18165,-1,0.00000
67175,21150,-1,0.00000
67175,15893,-1,0.00000
67281,1043,-1,0.00000
67281,13806,-1,0.00000
67281,25133,-1,0.00000
67281,36712,-1,0.00000
67281,57972,-1,0.00000
67284,33547,-1,0.00000
67284,18165,-1,0.00000
67284,21150,-1,0.00000
67284,15893,-1,0.00000
67384,1043,-1,0.00000
67384,13806,-1,0.00000
67384,25133,-1,0.00000
67384,36712,-1,0.00000
67384,57972,-1,0.00000
67384,33547,-1,0.00000
67384,18165,-1,0.00000
67384,21150,-1,0.00000
67384,15893,-1,0.00000
67491,1043,-1,0.70374
67491,13806,-1,0.00000
67491,25133,-1,0.00000
67491,36712,-1,0.00000
67491,57972,-1,0.49709
67494,33547,-1,0.00000
67494,18165,-1,0.10231
67494,21150,-1,0.00000
67494,15893,-1,0.00000
67591,1043,-1,0.00000
67591,13806,-1,0.00000
67591,25133,-1,0.00000
67591,36712,-1,0.00000
67591,57972,-1,0.00000
67595,33547,-1,0.00000
67595,18165,-1,0.00000
67595,21150,-1,0.00000
67595,15893,-1,0.00000
67691,1043,-1,0.00000
67691,13806,-1,0.00000
67691,25133,-1,0.00000
67691,36712,-1,0.00000
67691,57972,-1,0.00000
67706,33547,-1,0.19964
67706,18165,-1,0.00000
67706,21150,-1,0.00000
67706,15893,-1,0.00000
67792,1043,-1,0.00000
67792,13806,-1,0.53065
67792,25133,-1,0.00000
67792,36712,-1,0.15304
67792,57972,-1,0.00000
67813,33547,-1,0.00000
67813,18165,-1,0.00000
67813,21150,-1,0.00000
67813,15893,-1,0.00000
67901,1043,-1,0.00000
67901,13806,-1,0.00000
67901,25133,-1,0.00000
67901,36712,-1,0.63818
67901,57972,-1,0.00000
67914,33547,-1,0.00000
67914,18165,-1,0.00000
67914,21150,-1,0.00000
67914,15893,-1,0.00000
68003,1043,-1,0.00000
68003,13806,-1,0.00000
68003,25133,-1,0.00000
68003,36712,-1,0.00000
68003,57972,-1,0.00000
68023,33547,-1,0.00000
68023,18165,-1,0.02556
68023,21150,-1,0.00000
68023,15893,-1,0.17817
68111,1043,-1,0.00000
68111,13806,-1,0.00000
68111,25133,-1,0.14457
68111,36712,-1,0.00000
68111,57972,-1,0.44638
68123,33547,-1,0.00000
68123,18165,-1,0.00000
68123,21150,-1,0.00000
68123,15893,-1,0.00000
68212,1043,-1,0.00000
68212,13806,-1,0.00000
68212,25133,-1,0.00000
68212,36712,-1,0.00000
68212,57972,-1,0.00000
68224,33547,-1,0.00000
68224,18165,-1,0.02767
68224,21150,-1,0.00000
68224,15893,-1,0.00000
68321,1043,-1,0.00000
68321,13806,-1,0.00000
68321,25133,-1,0.00000
68321,36712,-1,0.00000
68321,57972,-1,0.00000
68334,33547,-1,0.00000
68334,18165,-1,0.11694
68334,21150,-1,0.28991
68334,15893,-1,0.00000
68431,1043,-1,0.83347
68431,13806,-1,0.48314
68431,25133,-1,0.00000
68431,36712,-1,0.00000
68431,57972,-1,0.00000
68434,33547,-1,0.00000
68434,18165,-1,0.00000
68434,21150,-1,0.00000
68434,15893,-1,0.00000
68535,1043,-1,0.00000
68535,13806,-1,0.00000
68535,25133,-1,0.00000
68535,36712,-1,0.00000
68535,57972,-1,0.00000
68535,33547,-1,0.00000
68535,18165,-1,0.00000
68535,21150,-1,0.00000
68535,15893,-1,0.21477
68641,1043,-1,0.00000
68641,13806,-1,0.00000
68641,25133,-1,0.00000
68641,36712,-1,0.14492
68641,57972,-1,0.00000
68644,33547,-1,0.00000
68644,18165,-1,0.00000
68644,21150,-1,0.00000
68644,15893,-1,0.00000
68751,1043,-1,0.00000
68751,13806,-1,0.00000
68751,25133,-1,0.00000
68751,36712,-1,0.56857
68751,57972,-1,0.43816
68753,33547,-1,0.21674
68753,18165,-1,0.00000
68753,21150,-1,0.00000
68753,15893,-1,0.00000
68851,1043,-1,0.00000
68851,13806,-1,0.00000
68851,25133,-1,0.00000
68851,36712,-1,0.00000
68851,57972,-1,0.00000
68854,33547,-1,0.00000
68854,18165,-1,0.12777
68854,21150,-1,0.00000
68854,15893,-1,0.00000
68954,33547,-1,0.00000
68954,18165,-1,0.00000
68954,21150,-1,0.00000
68954,15893,-1,0.00000
68961,1043,-1,0.00000
68961,13806,-1,0.00000
68961,25133,-1,0.02544
68961,36712,-1,0.00000
68961,57972,-1,0.00000
69061,1043,-1,0.67525
69061,13806,-1,0.00000
69061,25133,-1,0.11774
69061,36712,-1,0.00000
69061,57972,-1,0.00000
69066,33547,-1,0.00000
69066,18165,-1,0.00000
69066,21150,-1,0.28445
69066,15893,-1,0.03784
69171,1043,-1,0.00000
69171,13806,-1,0.00000
69171,25133,-1,0.00000
69171,36712,-1,0.00000
69171,57972,-1,0.00000
69174,33547,-1,0.00000
69174,18165,-1,0.00000
69174,21150,-1,0.00000
69174,15893,-1,0.17998
69272,1043,-1,0.00000
69272,13806,-1,0.59259
69272,25133,-1,0.00000
69272,36712,-1,0.00000
69272,57972,-1,0.00000
69275,33547,-1,0.04166
69275,18165,-1,0.00000
69275,21150,-1,0.00000
69275,15893,-1,0.00000
69381,1043,-1,0.00000
69381,13806,-1,0.00000
69381,25133,-1,0.00000
69381,36712,-1,0.00000
69381,57972,-1,0.00000
69384,33547,-1,0.17947
69384,18165,-1,0.00000
69384,21150,-1,0.00000
69384,15893,-1,0.00000
69482,1043,-1,0.00000
69482,13806,-1,0.00000
69482,25133,-1,0.00000
69482,36712,-1,0.00000
69482,57972,-1,0.00000
69493,33547,-1,0.00000
69493,18165,-1,0.00000
69493,21150,-1,0.00000
69493,15893,-1,0.00000
69591,1043,-1,0.00000
69591,13806,-1,0.00000
69591,25133,-1,0.00000
69591,36712,-1,0.00000
69591,57972,-1,0.09602
69594,33547,-1,0.00000
69594,18165,-1,0.15454
69594,21150,-1,0.00000
69594,15893,-1,0.00000
69691,1043,-1,0.00000
69691,13806,-1,0.00000
69691,25133,-1,0.12771
69691,36712,-1,0.00000
69691,57972,-1,0.43914
69704,33547,-1,0.00000
69704,18165,-1,0.00000
69704,21150,-1,0.25681
69704,15893,-1,0.00000
69792,1043,-1,0.00000
69792,13806,-1,0.00000
69792,25133,-1,0.00000
69792,36712,-1,0.00000
69792,57972,-1,0.00000
69805,33547,-1,0.00000
69805,18165,-1,0.00000
69805,21150,-1,0.00000
69805,15893,-1,0.00000
69904,1043,-1,0.14466
69904,13806,-1,0.00000
69904,25133,-1,0.00000
69904,36712,-1,0.57870
69904,57972,-1,0.00000
69914,33547,-1,0.00000
69914,18165,-1,0.00000
69914,21150,-1,0.00000
69914,15893,-1,0.21685
70011,1043,-1,0.61136
70011,13806,-1,0.00000
70011,25133,-1,0.00000
70011,36712,-1,0.00000
70011,57972,-1,0.00000
70023,33547,-1,0.00000
70023,18165,-1,0.00000
70023,21150,-1,0.00000
70023,15893,-1,0.00000
70112,1043,-1,0.00000
70112,13806,-1,0.00000
70112,25133,-1,0.00000
70112,36712,-1,0.00000
70112,57972,-1,0.00000
70124,33547,-1,0.00000
70124,18165,-1,0.00000
70124,21150,-1,0.00000
70124,15893,-1,0.00000
70221,1043,-1,0.00000
70221,13806,-1,0.10504
70221,25133,-1,0.00000
70221,36712,-1,0.00000
70221,57972,-1,0.00000
70234,33547,-1,0.21656
70234,18165,-1,0.11709
70234,21150,-1,0.00000
70234,15893,-1,0.00000
70331,1043,-1,0.00000
70331,13806,-1,0.48624
70331,25133,-1,0.00000
70331,36712,-1,0.00000
70331,57972,-1,0.43952
70344,33547,-1,0.00000
70344,18165,-1,0.00000
70344,21150,-1,0.00000
70344,15893,-1,0.00000
70441,1043,-1,0.00000
70441,13806,-1,0.00000
70441,25133,-1,0.00000
70441,36712,-1,0.00000
70441,57972,-1,0.00000
70454,33547,-1,0.00000
70454,18165,-1,0.00000
70454,21150,-1,0.06203
70454,15893,-1,0.00000
70552,1043,-1,0.00000
70552,13806,-1,0.00000
70552,25133,-1,0.02522
70552,36712,-1,0.00000
70552,57972,-1,0.00000
70563,33547,-1,0.00000
70563,18165,-1,0.00000
70563,21150,-1,0.28976
70563,15893,-1,0.00000
70652,1043,-1,0.75759
70652,13806,-1,0.00000
70652,25133,-1,0.12802
70652,36712,-1,0.00000
70652,57972,-1,0.00000
70664,33547,-1,0.00000
70664,18165,-1,0.00000
70664,21150,-1,0.00000
70664,15893,-1,0.00000
70752,1043,-1,0.00000
70752,13806,-1,0.00000
70752,25133,-1,0.00000
70752,36712,-1,0.00000
70752,57972,-1,0.00000
70774,33547,-1,0.00000
70774,18165,-1,0.00000
70774,21150,-1,0.00000
70774,15893,-1,0.21501
70861,1043,-1,0.00000
70861,13806,-1,0.00000
70861,25133,-1,0.00000
70861,36712,-1,0.14041
70861,57972,-1,0.00000
70883,33547,-1,0.15935
70883,18165,-1,0.00000
70883,21150,-1,0.00000
70883,15893,-1,0.00000
70962,1043,-1,0.00000
70962,13806,-1,0.52890
70962,25133,-1,0.00000
70962,36712,-1,0.69152
70962,57972,-1,0.00000
70984,33547,-1,0.00000
70984,18165,-1,0.00000
70984,21150,-1,0.00000
70984,15893,-1,0.00000
71071,1043,-1,0.00000
71071,13806,-1,0.00000
71071,25133,-1,0.00000
71071,36712,-1,0.00000
71071,57972,-1,0.00000
71093,33547,-1,0.00000
71093,18165,-1,0.13284
71093,21150,-1,0.26137
71093,15893,-1,0.00000
71171,1043,-1,0.00000
71171,13806,-1,0.00000
71171,25133,-1,0.00000
71171,36712,-1,0.00000
71171,57972,-1,0.00000
71194,33547,-1,0.00000
71194,18165,-1,0.00000
71194,21150,-1,0.00000
71194,15893,-1,0.00000
71272,1043,-1,0.64914
71272,13806,-1,0.00000
71272,25133,-1,0.00000
71272,36712,-1,0.00000
71272,57972,-1,0.58080
71304,33547,-1,0.00000
71304,18165,-1,0.00000
71304,21150,-1,0.00000
71304,15893,-1,0.00000
71381,1043,-1,0.00000
71381,13806,-1,0.00000
71381,25133,-1,0.00000
71381,36712,-1,0.00000
71381,57972,-1,0.00000
71414,33547,-1,0.00000
71414,18165,-1,0.00000
71414,21150,-1,0.00000
71414,15893,-1,0.16388
71491,1043,-1,0.00000
71491,13806,-1,0.00000
71491,25133,-1,0.02535
71491,36712,-1,0.00000
71491,57972,-1,0.00000
71524,33547,-1,0.00000
71524,18165,-1,0.00000
71524,21150,-1,0.00000
71524,15893,-1,0.00000
71592,1043,-1,0.00000
71592,13806,-1,0.00000
71592,25133,-1,0.12760
71592,36712,-1,0.69413
71592,57972,-1,0.00000
71624,33547,-1,0.00000
71624,18165,-1,0.00000
71624,21150,-1,0.00000
71624,15893,-1,0.00000
71701,1043,-1,0.00000
71701,13806,-1,0.00000
71701,25133,-1,0.00000
71701,36712,-1,0.00000
71701,57972,-1,0.00000
71733,33547,-1,0.00000
71733,18165,-1,0.00000
71733,21150,-1,0.00000
71733,15893,-1,0.00000
71801,1043,-1,0.00000
71801,13806,-1,0.11504
71801,25133,-1,0.00000
71801,36712,-1,0.00000
71801,57972,-1,0.48067
71834,33547,-1,0.00000
71834,18165,-1,0.00000
71834,21150,-1,0.00000
71834,15893,-1,0.00000
71902,1043,-1,0.00000
71902,13806,-1,0.52698
71902,25133,-1,0.00000
71902,36712,-1,0.00000
71902,57972,-1,0.00000
71944,33547,-1,0.00000
71944,18165,-1,0.00000
71944,21150,-1,0.25499
71944,15893,-1,0.00000
72011,1043,-1,0.00000
72011,13806,-1,0.00000
72011,25133,-1,0.00000
72011,36712,-1,0.00000
72011,57972,-1,0.00000
72055,33547,-1,0.00000
72055,18165,-1,0.00000
72055,21150,-1,0.00000
72055,15893,-1,0.00000
72111,1043,-1,0.16136
72111,13806,-1,0.00000
72111,25133,-1,0.00000
72111,36712,-1,0.00000
72111,57972,-1,0.00000
72164,33547,-1,0.20457
72164,18165,-1,0.00000
72164,21150,-1,0.00000
72164,15893,-1,0.00000
72212,1043,-1,0.00000
72212,13806,-1,0.00000
72212,25133,-1,0.12748
72212,36712,-1,0.00000
72212,57972,-1,0.00000
72273,33547,-1,0.00000
72273,18165,-1,0.11689
72273,21150,-1,0.00000
72273,15893,-1,0.00000
72322,1043,-1,0.00000
72322,13806,-1,0.00000
72322,25133,-1,0.00000
72322,36712,-1,0.00000
72322,57972,-1,0.00000
72374,33547,-1,0.00000
72374,18165,-1,0.00000
72374,21150,-1,0.00000
72374,15893,-1,0.00000
72424,1043,-1,0.00000
72424,13806,-1,0.00000
72424,25133,-1,0.00000
72424,36712,-1,0.15004
72424,57972,-1,0.00000
72484,33547,-1,0.00000
72484,18165,-1,0.00000
72484,21150,-1,0.28868
72484,15893,-1,0.21537
72531,1043,-1,0.00000
72531,13806,-1,0.00000
72531,25133,-1,0.00000
72531,36712,-1,0.00000
72531,57972,-1,0.40219
72593,33547,-1,0.00000
72593,18165,-1,0.00000
72593,21150,-1,0.00000
72593,15893,-1,0.00000
72631,1043,-1,0.00000
72631,13806,-1,0.00000
72631,25133,-1,0.00000
72631,36712,-1,0.00000
72631,57972,-1,0.00000
72695,33547,-1,0.00000
72695,18165,-1,0.00000
72695,21150,-1,0.00000
72695,15893,-1,0.00000
72733,1043,-1,0.74296
72733,13806,-1,0.11300
72733,25133,-1,0.00000
72733,36712,-1,0.00000
72733,57972,-1,0.00000
72804,33547,-1,0.00000
72804,18165,-1,0.00000
72804,21150,-1,0.00000
72804,15893,-1,0.17730
72841,1043,-1,0.00000
72841,13806,-1,0.49337
72841,25133,-1,0.00000
72841,36712,-1,0.00000
72841,57972,-1,0.00000
72913,33547,-1,0.00000
72913,18165,-1,0.00000
72913,21150,-1,0.00000
72913,15893,-1,0.00000
72941,1043,-1,0.00000
72941,13806,-1,0.00000
72941,25133,-1,0.00000
72941,36712,-1,0.00000
72941,57972,-1,0.00000
73014,33547,-1,0.17371
73014,18165,-1,0.12769
73014,21150,-1,0.06763
73014,15893,-1,0.00000
73051,1043,-1,0.00000
73051,13806,-1,0.00000
73051,25133,-1,0.14238
73051,36712,-1,0.63590
73051,57972,-1,0.00000
73123,33547,-1,0.00000
73123,18165,-1,0.00000
73123,21150,-1,0.00000
73123,15893,-1,0.00000
73151,1043,-1,0.00000
73151,13806,-1,0.00000
73151,25133,-1,0.00000
73151,36712,-1,0.00000
73151,57972,-1,0.00000
73224,33547,-1,0.00000
73224,18165,-1,0.00000
73224,21150,-1,0.00000
73224,15893,-1,0.00000
73251,1043,-1,0.00000
73251,13806,-1,0.00000
73251,25133,-1,0.00000
73251,36712,-1,0.00000
73251,57972,-1,0.00000
73334,33547,-1,0.00000
73334,18165,-1,0.00000
73334,21150,-1,0.35107
73334,15893,-1,0.00000
73354,1043,-1,0.00000
73354,13806,-1,0.51863
73354,25133,-1,0.00000
73354,36712,-1,0.00000
73354,57972,-1,0.57103
73444,33547,-1,0.00000
73444,18165,-1,0.00000
73444,21150,-1,0.00000
73444,15893,-1,0.00000
73461,1043,-1,0.00000
73461,13806,-1,0.00000
73461,25133,-1,0.00000
73461,36712,-1,0.00000
73461,57972,-1,0.00000
73544,33547,-1,0.00000
73544,18165,-1,0.12717
73544,21150,-1,0.00000
73544,15893,-1,0.04194
73561,1043,-1,0.16114
73561,13806,-1,0.00000
73561,25133,-1,0.00000
73561,36712,-1,0.00000
73561,57972,-1,0.00000
73644,33547,-1,0.19431
73644,18165,-1,0.00000
73644,21150,-1,0.00000
73644,15893,-1,0.00000
73662,1043,-1,0.75341
73662,13806,-1,0.00000
73662,25133,-1,0.11205
73662,36712,-1,0.00000
73662,57972,-1,0.00000
73753,33547,-1,0.00000
73753,18165,-1,0.00000
73753,21150,-1,0.00000
73753,15893,-1,0.00000
73764,1043,-1,0.00000
73764,13806,-1,0.00000
73764,25133,-1,0.00000
73764,36712,-1,0.00000
73764,57972,-1,0.00000
73854,33547,-1,0.00000
73854,18165,-1,0.00000
73854,21150,-1,0.31441
73854,15893,-1,0.23456
73872,1043,-1,0.00000
73872,13806,-1,0.00000
73872,25133,-1,0.00000
73872,36712,-1,0.00000
73872,57972,-1,0.00000
73955,33547,-1,0.00000
73955,18165,-1,0.00000
73955,21150,-1,0.00000
73955,15893,-1,0.00000
73973,1043,-1,0.00000
73973,13806,-1,0.00000
73973,25133,-1,0.00000
73973,36712,-1,0.00000
73973,57972,-1,0.43350
74055,33547,-1,0.00000
74055,18165,-1,0.00000
74055,21150,-1,0.00000
74055,15893,-1,0.00000
74081,1043,-1,0.00000
74081,13806,-1,0.00000
74081,25133,-1,0.00000
74081,36712,-1,0.00000
74081,57972,-1,0.00000
74164,33547,-1,0.00000
74164,18165,-1,0.10314
74164,21150,-1,0.00000
74164,15893,-1,0.00000
74181,1043,-1,0.00000
74181,13806,-1,0.00000
74181,25133,-1,0.00000
74181,36712,-1,0.00000
74181,57972,-1,0.00000
74273,33547,-1,0.00000
74273,18165,-1,0.00000
74273,21150,-1,0.00000
74273,15893,-1,0.00000
74282,1043,-1,0.67483
74282,13806,-1,0.59607
74282,25133,-1,0.00000
74282,36712,-1,0.00000
74282,57972,-1,0.00000
74373,33547,-1,0.04221
74373,18165,-1,0.00000
74373,21150,-1,0.00000
74373,15893,-1,0.00000
74394,1043,-1,0.00000
74394,13806,-1,0.00000
74394,25133,-1,0.00000
74394,36712,-1,0.00000
74394,57972,-1,0.00000
74474,33547,-1,0.19444
74474,18165,-1,0.00000
74474,21150,-1,0.00000
74474,15893,-1,0.19444
74501,1043,-1,0.00000
74501,13806,-1,0.00000
74501,25133,-1,0.00000
74501,36712,-1,0.14417
74501,57972,-1,0.00000
74574,33547,-1,0.00000
74574,18165,-1,0.00000
74574,21150,-1,0.00000
74574,15893,-1,0.00000
74601,1043,-1,0.00000
74601,13806,-1,0.00000
74601,25133,-1,0.12728
74601,36712,-1,0.64149
74601,57972,-1,0.00000
74684,33547,-1,0.00000
74684,18165,-1,0.00000
74684,21150,-1,0.06203
74684,15893,-1,0.00000
74711,1043,-1,0.00000
74711,13806,-1,0.00000
74711,25133,-1,0.00000
74711,36712,-1,0.00000
74711,57972,-1,0.00000
74784,33547,-1,0.00000
74784,18165,-1,0.00000
74784,21150,-1,0.31606
74784,15893,-1,0.00000
74814,1043,-1,0.00000
74814,13806,-1,0.00000
74814,25133,-1,0.00000
74814,36712,-1,0.00000
74814,57972,-1,0.10174
74894,33547,-1,0.00000
74894,18165,-1,0.00000
74894,21150,-1,0.00000
74894,15893,-1,0.00000
74922,1043,-1,0.00000
74922,13806,-1,0.43729
74922,25133,-1,0.00000
74922,36712,-1,0.00000
74922,57972,-1,0.44709
74994,33547,-1,0.00000
74994,18165,-1,0.15581
74994,21150,-1,0.00000
74994,15893,-1,0.00000
75031,1043,-1,0.00000
75031,13806,-1,0.00000
75031,25133,-1,0.00000
75031,36712,-1,0.00000
75031,57972,-1,0.00000
75103,33547,-1,0.17862
75103,18165,-1,0.00000
75103,21150,-1,0.00000
75103,15893,-1,0.00000
75132,1043,-1,0.15977
75132,13806,-1,0.00000
75132,25133,-1,0.12681
75132,36712,-1,0.00000
75132,57972,-1,0.00000
75204,33547,-1,0.00000
75204,18165,-1,0.00000
75204,21150,-1,0.00000
75204,15893,-1,0.00000
75233,1043,-1,0.00000
75233,13806,-1,0.00000
75233,25133,-1,0.00000
75233,36712,-1,0.00000
75233,57972,-1,0.00000
75313,33547,-1,0.00000
75313,18165,-1,0.00000
75313,21150,-1,0.28935
75313,15893,-1,0.19727
75342,1043,-1,0.00000
75342,13806,-1,0.00000
75342,25133,-1,0.00000
75342,36712,-1,0.00000
75342,57972,-1,0.00000
75423,33547,-1,0.00000
75423,18165,-1,0.00000
75423,21150,-1,0.00000
75423,15893,-1,0.00000
75443,1043,-1,0.00000
75443,13806,-1,0.00000
75443,25133,-1,0.00000
75443,36712,-1,0.00000
75443,57972,-1,0.10424
75524,33547,-1,0.00000
75524,18165,-1,0.02787
75524,21150,-1,0.00000
75524,15893,-1,0.00000
75551,1043,-1,0.00000
75551,13806,-1,0.49350
75551,25133,-1,0.00000
75551,36712,-1,0.00000
75551,57972,-1,0.00000
75625,33547,-1,0.17693
75625,18165,-1,0.11629
75625,21150,-1,0.00000
75625,15893,-1,0.00000
75652,1043,-1,0.00000
75652,13806,-1,0.00000
75652,25133,-1,0.00000
75652,36712,-1,0.00000
75652,57972,-1,0.00000
75734,33547,-1,0.00000
75734,18165,-1,0.00000
75734,21150,-1,0.00000
75734,15893,-1,0.00000
75762,1043,-1,0.69003
75762,13806,-1,0.00000
75762,25133,-1,0.00000
75762,36712,-1,0.00000
75762,57972,-1,0.09563
75843,33547,-1,0.00000
75843,18165,-1,0.00000
75843,21150,-1,0.00000
75843,15893,-1,0.03876
75862,1043,-1,0.00000
75862,13806,-1,0.00000
75862,25133,-1,0.00000
75862,36712,-1,0.00000
75862,57972,-1,0.48032
75944,33547,-1,0.00000
75944,18165,-1,0.00000
75944,21150,-1,0.28519
75944,15893,-1,0.17828
75973,1043,-1,0.00000
75973,13806,-1,0.00000
75973,25133,-1,0.00000
75973,36712,-1,0.00000
75973,57972,-1,0.00000
76054,33547,-1,0.00000
76054,18165,-1,0.00000
76054,21150,-1,0.00000
76054,15893,-1,0.00000
76082,1043,-1,0.00000
76082,13806,-1,0.00000
76082,25133,-1,0.02576
76082,36712,-1,0.64278
76082,57972,-1,0.00000
76165,33547,-1,0.00000
76165,18165,-1,0.00000
76165,21150,-1,0.00000
76165,15893,-1,0.00000
76192,1043,-1,0.00000
76192,13806,-1,0.00000
76192,25133,-1,0.10255
76192,36712,-1,0.00000
76192,57972,-1,0.00000
76274,33547,-1,0.00000
76274,18165,-1,0.00000
76274,21150,-1,0.00000
76274,15893,-1,0.00000
76301,1043,-1,0.00000
76301,13806,-1,0.00000
76301,25133,-1,0.00000
76301,36712,-1,0.00000
76301,57972,-1,0.00000
76383,33547,-1,0.00000
76383,18165,-1,0.00000
76383,21150,-1,0.00000
76383,15893,-1,0.00000
76415,1043,-1,0.00000
76415,13806,-1,0.10098
76415,25133,-1,0.00000
76415,36712,-1,0.00000
76415,57972,-1,0.42192
76484,33547,-1,0.00000
76484,18165,-1,0.00000
76484,21150,-1,0.31714
76484,15893,-1,0.00000
76521,1043,-1,0.00000
76521,13806,-1,0.50319
76521,25133,-1,0.00000
76521,36712,-1,0.00000
76521,57972,-1,0.00000
76584,33547,-1,0.00000
76584,18165,-1,0.00000
76584,21150,-1,0.00000
76584,15893,-1,0.00000
76622,1043,-1,0.00000
76622,13806,-1,0.00000
76622,25133,-1,0.00000
76622,36712,-1,0.00000
76622,57972,-1,0.00000
76684,33547,-1,0.00000
76684,18165,-1,0.02781
76684,21150,-1,0.00000
76684,15893,-1,0.00000
76723,1043,-1,0.15968
76723,13806,-1,0.00000
76723,25133,-1,0.12675
76723,36712,-1,0.00000
76723,57972,-1,0.00000
76785,33547,-1,0.17772
76785,18165,-1,0.12697
76785,21150,-1,0.00000
76785,15893,-1,0.00000
76831,1043,-1,0.00000
76831,13806,-1,0.00000
76831,25133,-1,0.00000
76831,36712,-1,0.00000
76831,57972,-1,0.00000
76893,33547,-1,0.00000
76893,18165,-1,0.00000
76893,21150,-1,0.00000
76893,15893,-1,0.00000
76931,1043,-1,0.00000
76931,13806,-1,0.00000
76931,25133,-1,0.00000
76931,36712,-1,0.00000
76931,57972,-1,0.00000
76994,33547,-1,0.00000
76994,18165,-1,0.00000
76994,21150,-1,0.00000
76994,15893,-1,0.23640
77044,1043,-1,0.00000
77044,13806,-1,0.00000
77044,25133,-1,0.00000
77044,36712,-1,0.13703
77044,57972,-1,0.00000
77095,33547,-1,0.00000
77095,18165,-1,0.00000
77095,21150,-1,0.31325
77095,15893,-1,0.00000
77151,1043,-1,0.00000
77151,13806,-1,0.00000
77151,25133,-1,0.00000
77151,36712,-1,0.64555
77151,57972,-1,0.44630
77204,33547,-1,0.00000
77204,18165,-1,0.00000
77204,21150,-1,0.00000
77204,15893,-1,0.00000
77254,1043,-1,0.00000
77254,13806,-1,0.00000
77254,25133,-1,0.00000
77254,36712,-1,0.00000
77254,57972,-1,0.00000
77304,33547,-1,0.00000
77304,18165,-1,0.00000
77304,21150,-1,0.00000
77304,15893,-1,0.19303
77361,1043,-1,0.00000
77361,13806,-1,0.10749
77361,25133,-1,0.00000
77361,36712,-1,0.00000
77361,57972,-1,0.00000
77414,33547,-1,0.00000
77414,18165,-1,0.00000
77414,21150,-1,0.00000
77414,15893,-1,0.00000
77471,1043,-1,0.69071
77471,13806,-1,0.42934
77471,25133,-1,0.00000
77471,36712,-1,0.00000
77471,57972,-1,0.00000
77514,33547,-1,0.04223
77514,18165,-1,0.00000
77514,21150,-1,0.00000
77514,15893,-1,0.00000
77571,1043,-1,0.00000
77571,13806,-1,0.00000
77571,25133,-1,0.00000
77571,36712,-1,0.00000
77571,57972,-1,0.00000
77624,33547,-1,0.17691
77624,18165,-1,0.00000
77624,21150,-1,0.25602
77624,15893,-1,0.00000
77671,1043,-1,0.00000
77671,13806,-1,0.00000
77671,25133,-1,0.02789
77671,36712,-1,0.00000
77671,57972,-1,0.00000
77724,33547,-1,0.00000
77724,18165,-1,0.00000
77724,21150,-1,0.00000
77724,15893,-1,0.00000
77782,1043,-1,0.00000
77782,13806,-1,0.00000
77782,25133,-1,0.11572
77782,36712,-1,0.62947
77782,57972,-1,0.00000
77834,33547,-1,0.00000
77834,18165,-1,0.14285
77834,21150,-1,0.00000
77834,15893,-1,0.00000
77893,1043,-1,0.00000
77893,13806,-1,0.00000
77893,25133,-1,0.00000
77893,36712,-1,0.00000
77893,57972,-1,0.00000
77934,33547,-1,0.00000
77934,18165,-1,0.00000
77934,21150,-1,0.00000
77934,15893,-1,0.00000
78005,1043,-1,0.00000
78005,13806,-1,0.00000
78005,25133,-1,0.00000
78005,36712,-1,0.00000
78005,57972,-1,0.52233
78035,33547,-1,0.00000
78035,18165,-1,0.00000
78035,21150,-1,0.00000
78035,15893,-1,0.04162
78112,1043,-1,0.00000
78112,13806,-1,0.49780
78112,25133,-1,0.00000
78112,36712,-1,0.00000
78112,57972,-1,0.00000
78144,33547,-1,0.17919
78144,18165,-1,0.00000
78144,21150,-1,0.00000
78144,15893,-1,0.17919
78222,1043,-1,0.00000
78222,13806,-1,0.00000
78222,25133,-1,0.00000
78222,36712,-1,0.00000
78222,57972,-1,0.00000
78245,33547,-1,0.00000
78245,18165,-1,0.00000
78245,21150,-1,0.00000
78245,15893,-1,0.00000
78322,1043,-1,0.91792
78322,13806,-1,0.00000
78322,25133,-1,0.12789
78322,36712,-1,0.00000
78322,57972,-1,0.00000
78354,33547,-1,0.00000
78354,18165,-1,0.00000
78354,21150,-1,0.35253
78354,15893,-1,0.00000
78431,1043,-1,0.00000
78431,13806,-1,0.00000
78431,25133,-1,0.00000
78431,36712,-1,0.00000
78431,57972,-1,0.00000
78463,33547,-1,0.00000
78463,18165,-1,0.11725
78463,21150,-1,0.00000
78463,15893,-1,0.00000
78532,1043,-1,0.00000
78532,13806,-1,0.00000
78532,25133,-1,0.00000
78532,36712,-1,0.00000
78532,57972,-1,0.00000
78574,33547,-1,0.00000
78574,18165,-1,0.00000
78574,21150,-1,0.00000
78574,15893,-1,0.00000
78641,1043,-1,0.00000
78641,13806,-1,0.00000
78641,25133,-1,0.00000
78641,36712,-1,0.77441
78641,57972,-1,0.39187
78684,33547,-1,0.00000
78684,18165,-1,0.00000
78684,21150,-1,0.00000
78684,15893,-1,0.15861
78752,1043,-1,0.00000
78752,13806,-1,0.00000
78752,25133,-1,0.00000
78752,36712,-1,0.00000
78752,57972,-1,0.00000
78795,33547,-1,0.00000
