[UTIL]: Setting the config -c file to /usr/local/etc/flexric/flexric.conf
[UTIL]: Setting path -p for the shared libraries to /usr/local/lib/flexric/
[xAapp]: Initializing ... 
[xApp]: nearRT-RIC IP Address = 192.168.70.150, PORT = 36422
[E2 AGENT]: Opening plugin from path = /usr/local/lib/flexric/libkpm_sm.so 
[E2 AGENT]: Opening plugin from path = /usr/local/lib/flexric/libmac_sm.so 
[E2 AGENT]: Opening plugin from path = /usr/local/lib/flexric/libpdcp_sm.so 
[E2 AGENT]: Opening plugin from path = /usr/local/lib/flexric/libgtp_sm.so 
[E2 AGENT]: Opening plugin from path = /usr/local/lib/flexric/librc_sm.so 
[E2 AGENT]: Opening plugin from path = /usr/local/lib/flexric/libtc_sm.so 
[E2 AGENT]: Opening plugin from path = /usr/local/lib/flexric/librlc_sm.so 
[E2 AGENT]: Opening plugin from path = /usr/local/lib/flexric/libslice_sm.so 
[NEAR-RIC]: Loading SM ID = 2 with def = ORAN-E2SM-KPM 
[NEAR-RIC]: Loading SM ID = 142 with def = MAC_STATS_V0 
[NEAR-RIC]: Loading SM ID = 144 with def = PDCP_STATS_V0 
[NEAR-RIC]: Loading SM ID = 148 with def = GTP_STATS_V0 
[NEAR-RIC]: Loading SM ID = 3 with def = ORAN-E2SM-RC 
[NEAR-RIC]: Loading SM ID = 146 with def = TC_STATS_V0 
[NEAR-RIC]: Loading SM ID = 143 with def = RLC_STATS_V0 
[NEAR-RIC]: Loading SM ID = 145 with def = SLICE_STATS_V0 
[xApp]: DB filename = /tmp/flexric/xapp_db 
 [xApp]: E42 SETUP-REQUEST tx
[xApp]: E42 SETUP-RESPONSE rx 
[xApp]: xApp ID = 35 
[xApp]: Registered E2 Nodes = 4 
Connected E2 nodes = 4
[xAPP] Registered node 0 ran func id = 2
[xAPP] Registered node 0 ran func id = 3
[xAPP] Registered node 0 ran func id = 142
[xAPP] Registered node 0 ran func id = 143
[xAPP] Registered node 0 ran func id = 144
[xAPP] Registered node 0 ran func id = 145
[xAPP] Registered node 0 ran func id = 146
[xAPP] Registered node 0 ran func id = 148
[xApp]: E42 RIC SUBSCRIPTION REQUEST tx RAN_FUNC_ID 144 RIC_REQ_ID 1 
[xApp]: SUBSCRIPTION RESPONSE rx
[xApp]: Successfully subscribed to RAN_FUNC_ID 144 
[xAPP] Registered node 1 ran func id = 2
[xAPP] Registered node 1 ran func id = 3
[xAPP] Registered node 1 ran func id = 142
[xAPP] Registered node 1 ran func id = 143
[xAPP] Registered node 1 ran func id = 144
[xAPP] Registered node 1 ran func id = 145
[xAPP] Registered node 1 ran func id = 146
[xAPP] Registered node 1 ran func id = 148
[xAPP] Registered node 2 ran func id = 2
[xAPP] Registered node 2 ran func id = 3
[xAPP] Registered node 2 ran func id = 142
[xAPP] Registered node 2 ran func id = 143
[xAPP] Registered node 2 ran func id = 144
[xAPP] Registered node 2 ran func id = 145
[xAPP] Registered node 2 ran func id = 146
[xAPP] Registered node 2 ran func id = 148
[xApp]: E42 RIC SUBSCRIPTION REQUEST tx RAN_FUNC_ID 142 RIC_REQ_ID 2 
3 ms | now=1755746047038049 us | PDCP ind_msg latency=70977048 us
[xApp]: SUBSCRIPTION RESPONSE rx
[xApp]: Successfully subscribed to RAN_FUNC_ID 142 
[xAPP] Registered node 3 ran func id = 2
[xAPP] Registered node 3 ran func id = 3
[xAPP] Registered node 3 ran func id = 142
[xAPP] Registered node 3 ran func id = 143
[xAPP] Registered node 3 ran func id = 144
[xAPP] Registered node 3 ran func id = 145
[xAPP] Registered node 3 ran func id = 146
[xAPP] Registered node 3 ran func id = 148
[xApp]: E42 RIC SUBSCRIPTION REQUEST tx RAN_FUNC_ID 142 RIC_REQ_ID 3 
[xApp]: SUBSCRIPTION RESPONSE rx
[xApp]: Successfully subscribed to RAN_FUNC_ID 142 
125 ms [UE 12658] UL Throughput = 0.74779 Mbps
125 ms [UE 23066] UL Throughput = 0.00000 Mbps
125 ms [UE 42750] UL Throughput = 0.65394 Mbps
127 ms [UE 17403] UL Throughput = 0.00000 Mbps
127 ms [UE 10755] UL Throughput = 0.00000 Mbps
235 ms [UE 12658] UL Throughput = 0.90646 Mbps
235 ms [UE 23066] UL Throughput = 0.59801 Mbps
235 ms [UE 42750] UL Throughput = 0.00000 Mbps
237 ms [UE 17403] UL Throughput = 0.72656 Mbps
237 ms [UE 10755] UL Throughput = 0.74525 Mbps
335 ms [UE 12658] UL Throughput = 0.00000 Mbps
335 ms [UE 23066] UL Throughput = 0.00000 Mbps
335 ms [UE 42750] UL Throughput = 0.00000 Mbps
348 ms [UE 17403] UL Throughput = 0.59368 Mbps
348 ms [UE 10755] UL Throughput = 0.80676 Mbps
445 ms [UE 12658] UL Throughput = 0.00000 Mbps
445 ms [UE 23066] UL Throughput = 0.00000 Mbps
445 ms [UE 42750] UL Throughput = 0.90725 Mbps
458 ms [UE 17403] UL Throughput = 0.13007 Mbps
458 ms [UE 10755] UL Throughput = 0.00000 Mbps
545 ms [UE 12658] UL Throughput = 0.17318 Mbps
545 ms [UE 23066] UL Throughput = 0.00000 Mbps
545 ms [UE 42750] UL Throughput = 0.00000 Mbps
567 ms [UE 17403] UL Throughput = 0.55445 Mbps
567 ms [UE 10755] UL Throughput = 0.00000 Mbps
655 ms [UE 12658] UL Throughput = 0.74953 Mbps
655 ms [UE 23066] UL Throughput = 0.00000 Mbps
655 ms [UE 42750] UL Throughput = 0.74953 Mbps
677 ms [UE 17403] UL Throughput = 0.59651 Mbps
677 ms [UE 10755] UL Throughput = 0.90420 Mbps
755 ms [UE 12658] UL Throughput = 0.17312 Mbps
755 ms [UE 23066] UL Throughput = 0.65154 Mbps
755 ms [UE 42750] UL Throughput = 0.00000 Mbps
777 ms [UE 17403] UL Throughput = 0.14304 Mbps
777 ms [UE 10755] UL Throughput = 0.00000 Mbps
865 ms [UE 12658] UL Throughput = 0.65445 Mbps
865 ms [UE 23066] UL Throughput = 0.00000 Mbps
865 ms [UE 42750] UL Throughput = 0.00000 Mbps
887 ms [UE 17403] UL Throughput = 0.59758 Mbps
887 ms [UE 10755] UL Throughput = 0.67230 Mbps
965 ms [UE 12658] UL Throughput = 0.00000 Mbps
965 ms [UE 23066] UL Throughput = 0.00000 Mbps
965 ms [UE 42750] UL Throughput = 0.17336 Mbps
997 ms [UE 17403] UL Throughput = 0.52917 Mbps
997 ms [UE 10755] UL Throughput = 0.90093 Mbps
1041 ms | now=1755746048076164 us | PDCP ind_msg latency=70977199 us
1079 ms [UE 12658] UL Throughput = 0.15297 Mbps
1079 ms [UE 23066] UL Throughput = 0.00000 Mbps
1079 ms [UE 42750] UL Throughput = 0.00000 Mbps
1107 ms [UE 17403] UL Throughput = 0.00000 Mbps
1107 ms [UE 10755] UL Throughput = 0.00000 Mbps
1185 ms [UE 12658] UL Throughput = 0.69726 Mbps
1185 ms [UE 23066] UL Throughput = 0.61976 Mbps
1185 ms [UE 42750] UL Throughput = 0.00000 Mbps
1207 ms [UE 17403] UL Throughput = 0.14311 Mbps
1207 ms [UE 10755] UL Throughput = 0.81787 Mbps
1295 ms [UE 12658] UL Throughput = 0.15902 Mbps
1295 ms [UE 23066] UL Throughput = 0.55176 Mbps
1295 ms [UE 42750] UL Throughput = 0.67332 Mbps
1317 ms [UE 17403] UL Throughput = 0.59698 Mbps
1317 ms [UE 10755] UL Throughput = 0.15862 Mbps
1395 ms [UE 12658] UL Throughput = 0.00000 Mbps
1395 ms [UE 23066] UL Throughput = 0.00000 Mbps
1395 ms [UE 42750] UL Throughput = 0.00000 Mbps
1418 ms [UE 17403] UL Throughput = 0.00000 Mbps
1418 ms [UE 10755] UL Throughput = 0.81373 Mbps
1508 ms [UE 12658] UL Throughput = 0.72737 Mbps
1508 ms [UE 23066] UL Throughput = 0.00000 Mbps
1508 ms [UE 42750] UL Throughput = 0.79069 Mbps
1527 ms [UE 17403] UL Throughput = 0.60034 Mbps
1527 ms [UE 10755] UL Throughput = 0.91000 Mbps
1616 ms [UE 12658] UL Throughput = 0.75366 Mbps
1616 ms [UE 23066] UL Throughput = 0.13187 Mbps
1616 ms [UE 42750] UL Throughput = 0.75366 Mbps
1627 ms [UE 17403] UL Throughput = 0.00000 Mbps
1627 ms [UE 10755] UL Throughput = 0.00000 Mbps
1725 ms [UE 12658] UL Throughput = 0.00000 Mbps
1725 ms [UE 23066] UL Throughput = 0.73636 Mbps
1725 ms [UE 42750] UL Throughput = 0.00000 Mbps
1727 ms [UE 17403] UL Throughput = 0.79776 Mbps
1727 ms [UE 10755] UL Throughput = 0.71559 Mbps
1825 ms [UE 12658] UL Throughput = 0.81946 Mbps
1825 ms [UE 23066] UL Throughput = 0.00000 Mbps
1825 ms [UE 42750] UL Throughput = 0.00000 Mbps
1838 ms [UE 17403] UL Throughput = 0.72615 Mbps
1838 ms [UE 10755] UL Throughput = 0.74483 Mbps
1935 ms [UE 12658] UL Throughput = 0.00000 Mbps
1935 ms [UE 23066] UL Throughput = 0.59713 Mbps
1935 ms [UE 42750] UL Throughput = 0.90513 Mbps
1947 ms [UE 17403] UL Throughput = 0.00000 Mbps
1947 ms [UE 10755] UL Throughput = 0.00000 Mbps
2035 ms [UE 12658] UL Throughput = 0.17307 Mbps
2035 ms [UE 23066] UL Throughput = 0.00000 Mbps
2035 ms [UE 42750] UL Throughput = 0.00000 Mbps
2047 ms [UE 17403] UL Throughput = 0.65469 Mbps
2047 ms [UE 10755] UL Throughput = 0.99238 Mbps
2078 ms | now=1755746049112259 us | PDCP ind_msg latency=70979046 us
2145 ms [UE 12658] UL Throughput = 0.74926 Mbps
2145 ms [UE 23066] UL Throughput = 0.53363 Mbps
2145 ms [UE 42750] UL Throughput = 0.00000 Mbps
2157 ms [UE 17403] UL Throughput = 0.72733 Mbps
2157 ms [UE 10755] UL Throughput = 0.74604 Mbps
2246 ms [UE 12658] UL Throughput = 0.00000 Mbps
2246 ms [UE 23066] UL Throughput = 0.00000 Mbps
2246 ms [UE 42750] UL Throughput = 0.17165 Mbps
2257 ms [UE 17403] UL Throughput = 0.00000 Mbps
2257 ms [UE 10755] UL Throughput = 0.00000 Mbps
2355 ms [UE 12658] UL Throughput = 0.00000 Mbps
2355 ms [UE 23066] UL Throughput = 0.60400 Mbps
2355 ms [UE 42750] UL Throughput = 0.75505 Mbps
2367 ms [UE 17403] UL Throughput = 0.59592 Mbps
2367 ms [UE 10755] UL Throughput = 0.80980 Mbps
2455 ms [UE 12658] UL Throughput = 0.99356 Mbps
2455 ms [UE 23066] UL Throughput = 0.00000 Mbps
2455 ms [UE 42750] UL Throughput = 0.81940 Mbps
2477 ms [UE 17403] UL Throughput = 0.13034 Mbps
2477 ms [UE 10755] UL Throughput = 0.74489 Mbps
2565 ms [UE 12658] UL Throughput = 0.00000 Mbps
2565 ms [UE 23066] UL Throughput = 0.00000 Mbps
2565 ms [UE 42750] UL Throughput = 0.00000 Mbps
2577 ms [UE 17403] UL Throughput = 0.65570 Mbps
2577 ms [UE 10755] UL Throughput = 0.00000 Mbps
2665 ms [UE 12658] UL Throughput = 0.81697 Mbps
2665 ms [UE 23066] UL Throughput = 0.79648 Mbps
2665 ms [UE 42750] UL Throughput = 0.00000 Mbps
2687 ms [UE 17403] UL Throughput = 0.59652 Mbps
2687 ms [UE 10755] UL Throughput = 0.90420 Mbps
2775 ms [UE 12658] UL Throughput = 0.00000 Mbps
2775 ms [UE 23066] UL Throughput = 0.00000 Mbps
2775 ms [UE 42750] UL Throughput = 0.00000 Mbps
2797 ms [UE 17403] UL Throughput = 0.13046 Mbps
2797 ms [UE 10755] UL Throughput = 0.74558 Mbps
2876 ms [UE 12658] UL Throughput = 0.00000 Mbps
2876 ms [UE 23066] UL Throughput = 0.58035 Mbps
2876 ms [UE 42750] UL Throughput = 0.98806 Mbps
2897 ms [UE 17403] UL Throughput = 0.65566 Mbps
2897 ms [UE 10755] UL Throughput = 0.00000 Mbps
2985 ms [UE 12658] UL Throughput = 0.00000 Mbps
2985 ms [UE 23066] UL Throughput = 0.00000 Mbps
2985 ms [UE 42750] UL Throughput = 0.00000 Mbps
2998 ms [UE 17403] UL Throughput = 0.65183 Mbps
2998 ms [UE 10755] UL Throughput = 0.88578 Mbps
3095 ms [UE 12658] UL Throughput = 0.90878 Mbps
3095 ms [UE 23066] UL Throughput = 0.00000 Mbps
3095 ms [UE 42750] UL Throughput = 0.74948 Mbps
3107 ms [UE 17403] UL Throughput = 0.13106 Mbps
3107 ms [UE 10755] UL Throughput = 0.00000 Mbps
3122 ms | now=1755746050157030 us | PDCP ind_msg latency=70977076 us
3195 ms [UE 12658] UL Throughput = 0.00000 Mbps
3195 ms [UE 23066] UL Throughput = 0.14306 Mbps
3195 ms [UE 42750] UL Throughput = 0.00000 Mbps
3217 ms [UE 17403] UL Throughput = 0.54993 Mbps
3217 ms [UE 10755] UL Throughput = 0.00000 Mbps
3305 ms [UE 12658] UL Throughput = 0.74266 Mbps
3305 ms [UE 23066] UL Throughput = 0.59409 Mbps
3305 ms [UE 42750] UL Throughput = 0.00000 Mbps
3327 ms [UE 17403] UL Throughput = 0.59834 Mbps
3327 ms [UE 10755] UL Throughput = 0.90697 Mbps
3406 ms [UE 12658] UL Throughput = 0.00000 Mbps
3406 ms [UE 23066] UL Throughput = 0.65402 Mbps
3406 ms [UE 42750] UL Throughput = 0.99136 Mbps
3429 ms [UE 17403] UL Throughput = 0.14054 Mbps
3429 ms [UE 10755] UL Throughput = 0.00000 Mbps
3516 ms [UE 12658] UL Throughput = 0.00000 Mbps
3516 ms [UE 23066] UL Throughput = 0.00000 Mbps
3516 ms [UE 42750] UL Throughput = 0.00000 Mbps
3538 ms [UE 17403] UL Throughput = 0.60393 Mbps
3538 ms [UE 10755] UL Throughput = 0.67944 Mbps
3625 ms [UE 12658] UL Throughput = 0.91433 Mbps
3625 ms [UE 23066] UL Throughput = 0.00000 Mbps
3625 ms [UE 42750] UL Throughput = 0.65942 Mbps
3647 ms [UE 17403] UL Throughput = 0.53273 Mbps
3647 ms [UE 10755] UL Throughput = 0.90698 Mbps
3735 ms [UE 12658] UL Throughput = 0.00000 Mbps
3735 ms [UE 23066] UL Throughput = 0.00000 Mbps
3735 ms [UE 42750] UL Throughput = 0.00000 Mbps
3751 ms [UE 17403] UL Throughput = 0.13828 Mbps
3751 ms [UE 10755] UL Throughput = 0.79029 Mbps
3836 ms [UE 12658] UL Throughput = 0.73004 Mbps
3836 ms [UE 23066] UL Throughput = 0.74017 Mbps
3836 ms [UE 42750] UL Throughput = 0.00000 Mbps
3858 ms [UE 17403] UL Throughput = 0.61333 Mbps
3858 ms [UE 10755] UL Throughput = 0.00000 Mbps
3945 ms [UE 12658] UL Throughput = 0.00000 Mbps
3945 ms [UE 23066] UL Throughput = 0.00000 Mbps
3945 ms [UE 42750] UL Throughput = 0.00000 Mbps
3967 ms [UE 17403] UL Throughput = 0.59949 Mbps
3967 ms [UE 10755] UL Throughput = 0.15929 Mbps
4045 ms [UE 12658] UL Throughput = 0.00000 Mbps
4045 ms [UE 23066] UL Throughput = 0.00000 Mbps
4045 ms [UE 42750] UL Throughput = 0.73562 Mbps
4078 ms [UE 17403] UL Throughput = 0.00000 Mbps
4078 ms [UE 10755] UL Throughput = 0.74293 Mbps
4155 ms [UE 12658] UL Throughput = 0.00000 Mbps
4155 ms [UE 23066] UL Throughput = 0.00000 Mbps
4155 ms [UE 42750] UL Throughput = 0.00000 Mbps
4157 ms | now=1755746051191864 us | PDCP ind_msg latency=70976888 us
4189 ms [UE 17403] UL Throughput = 0.71794 Mbps
4189 ms [UE 10755] UL Throughput = 0.73641 Mbps
4265 ms [UE 12658] UL Throughput = 0.90608 Mbps
4265 ms [UE 23066] UL Throughput = 0.00000 Mbps
4265 ms [UE 42750] UL Throughput = 0.74725 Mbps
4297 ms [UE 17403] UL Throughput = 0.60541 Mbps
4297 ms [UE 10755] UL Throughput = 0.82270 Mbps
4377 ms [UE 12658] UL Throughput = 0.63795 Mbps
4377 ms [UE 23066] UL Throughput = 0.58356 Mbps
4377 ms [UE 42750] UL Throughput = 0.15506 Mbps
4398 ms [UE 17403] UL Throughput = 0.14291 Mbps
4398 ms [UE 10755] UL Throughput = 0.81675 Mbps
4485 ms [UE 12658] UL Throughput = 0.00000 Mbps
4485 ms [UE 23066] UL Throughput = 0.00000 Mbps
4485 ms [UE 42750] UL Throughput = 0.00000 Mbps
4508 ms [UE 17403] UL Throughput = 0.59555 Mbps
4508 ms [UE 10755] UL Throughput = 0.00000 Mbps
4585 ms [UE 12658] UL Throughput = 0.00000 Mbps
4585 ms [UE 23066] UL Throughput = 0.65404 Mbps
4585 ms [UE 42750] UL Throughput = 0.99139 Mbps
4617 ms [UE 17403] UL Throughput = 0.59773 Mbps
4617 ms [UE 10755] UL Throughput = 0.90603 Mbps
4695 ms [UE 12658] UL Throughput = 0.90518 Mbps
4695 ms [UE 23066] UL Throughput = 0.59717 Mbps
4695 ms [UE 42750] UL Throughput = 0.00000 Mbps
4720 ms [UE 17403] UL Throughput = 0.00000 Mbps
4720 ms [UE 10755] UL Throughput = 0.00000 Mbps
4796 ms [UE 12658] UL Throughput = 0.00000 Mbps
4796 ms [UE 23066] UL Throughput = 0.00000 Mbps
4796 ms [UE 42750] UL Throughput = 0.00000 Mbps
4827 ms [UE 17403] UL Throughput = 0.74783 Mbps
4827 ms [UE 10755] UL Throughput = 0.76707 Mbps
4898 ms [UE 12658] UL Throughput = 0.80405 Mbps
4898 ms [UE 23066] UL Throughput = 0.00000 Mbps
4898 ms [UE 42750] UL Throughput = 0.97495 Mbps
4927 ms [UE 17403] UL Throughput = 0.65522 Mbps
4927 ms [UE 10755] UL Throughput = 0.89038 Mbps
5005 ms [UE 12658] UL Throughput = 0.00000 Mbps
5005 ms [UE 23066] UL Throughput = 0.00000 Mbps
5005 ms [UE 42750] UL Throughput = 0.00000 Mbps
5038 ms [UE 17403] UL Throughput = 0.12996 Mbps
5038 ms [UE 10755] UL Throughput = 0.00000 Mbps
5116 ms [UE 12658] UL Throughput = 0.00000 Mbps
5116 ms [UE 23066] UL Throughput = 0.72552 Mbps
5116 ms [UE 42750] UL Throughput = 0.65079 Mbps
5148 ms [UE 17403] UL Throughput = 0.59697 Mbps
5148 ms [UE 10755] UL Throughput = 0.74627 Mbps
5183 ms | now=1755746052218080 us | PDCP ind_msg latency=70977151 us
5225 ms [UE 12658] UL Throughput = 0.00000 Mbps
5225 ms [UE 23066] UL Throughput = 0.00000 Mbps
5225 ms [UE 42750] UL Throughput = 0.00000 Mbps
5257 ms [UE 17403] UL Throughput = 0.59862 Mbps
5257 ms [UE 10755] UL Throughput = 0.90739 Mbps
5335 ms [UE 12658] UL Throughput = 0.90411 Mbps
5335 ms [UE 23066] UL Throughput = 0.00000 Mbps
5335 ms [UE 42750] UL Throughput = 0.74563 Mbps
5357 ms [UE 17403] UL Throughput = 0.00000 Mbps
5357 ms [UE 10755] UL Throughput = 0.00000 Mbps
5445 ms [UE 12658] UL Throughput = 0.00000 Mbps
5445 ms [UE 23066] UL Throughput = 0.73058 Mbps
5445 ms [UE 42750] UL Throughput = 0.00000 Mbps
5457 ms [UE 17403] UL Throughput = 0.79842 Mbps
5457 ms [UE 10755] UL Throughput = 0.81896 Mbps
5555 ms [UE 12658] UL Throughput = 0.74534 Mbps
5555 ms [UE 23066] UL Throughput = 0.00000 Mbps
5555 ms [UE 42750] UL Throughput = 0.00000 Mbps
5557 ms [UE 17403] UL Throughput = 0.65549 Mbps
5557 ms [UE 10755] UL Throughput = 0.17417 Mbps
5658 ms [UE 12658] UL Throughput = 0.00000 Mbps
5658 ms [UE 23066] UL Throughput = 0.63323 Mbps
5658 ms [UE 42750] UL Throughput = 0.16825 Mbps
5667 ms [UE 17403] UL Throughput = 0.00000 Mbps
5667 ms [UE 10755] UL Throughput = 0.65291 Mbps
5765 ms [UE 12658] UL Throughput = 0.00000 Mbps
5765 ms [UE 23066] UL Throughput = 0.00000 Mbps
5765 ms [UE 42750] UL Throughput = 0.77005 Mbps
5777 ms [UE 17403] UL Throughput = 0.67907 Mbps
5777 ms [UE 10755] UL Throughput = 0.00000 Mbps
5866 ms [UE 12658] UL Throughput = 0.97927 Mbps
5866 ms [UE 23066] UL Throughput = 0.57519 Mbps
5866 ms [UE 42750] UL Throughput = 0.00000 Mbps
5887 ms [UE 17403] UL Throughput = 0.59551 Mbps
5887 ms [UE 10755] UL Throughput = 0.15823 Mbps
5975 ms [UE 12658] UL Throughput = 0.00000 Mbps
5975 ms [UE 23066] UL Throughput = 0.00000 Mbps
5975 ms [UE 42750] UL Throughput = 0.16000 Mbps
5998 ms [UE 17403] UL Throughput = 0.00000 Mbps
5998 ms [UE 10755] UL Throughput = 0.74297 Mbps
6085 ms [UE 12658] UL Throughput = 0.74866 Mbps
6085 ms [UE 23066] UL Throughput = 0.00000 Mbps
6085 ms [UE 42750] UL Throughput = 0.74866 Mbps
6108 ms [UE 17403] UL Throughput = 0.72719 Mbps
6108 ms [UE 10755] UL Throughput = 0.67128 Mbps
6195 ms [UE 12658] UL Throughput = 0.00000 Mbps
6195 ms [UE 23066] UL Throughput = 0.12972 Mbps
6195 ms [UE 42750] UL Throughput = 0.00000 Mbps
6218 ms | now=1755746053252335 us | PDCP ind_msg latency=70977347 us
6218 ms [UE 17403] UL Throughput = 0.52892 Mbps
6218 ms [UE 10755] UL Throughput = 0.90049 Mbps
6305 ms [UE 12658] UL Throughput = 0.00000 Mbps
6305 ms [UE 23066] UL Throughput = 0.59736 Mbps
6305 ms [UE 42750] UL Throughput = 0.74676 Mbps
6327 ms [UE 17403] UL Throughput = 0.13120 Mbps
6327 ms [UE 10755] UL Throughput = 0.00000 Mbps
6405 ms [UE 12658] UL Throughput = 0.99183 Mbps
6405 ms [UE 23066] UL Throughput = 0.65433 Mbps
6405 ms [UE 42750] UL Throughput = 0.00000 Mbps
6437 ms [UE 17403] UL Throughput = 0.59734 Mbps
6437 ms [UE 10755] UL Throughput = 0.74673 Mbps
6505 ms [UE 12658] UL Throughput = 0.00000 Mbps
6505 ms [UE 23066] UL Throughput = 0.00000 Mbps
6505 ms [UE 42750] UL Throughput = 0.00000 Mbps
6537 ms [UE 17403] UL Throughput = 0.65460 Mbps
6537 ms [UE 10755] UL Throughput = 0.99224 Mbps
6605 ms [UE 12658] UL Throughput = 0.71658 Mbps
6605 ms [UE 23066] UL Throughput = 0.00000 Mbps
6605 ms [UE 42750] UL Throughput = 0.99358 Mbps
6647 ms [UE 17403] UL Throughput = 0.13039 Mbps
6647 ms [UE 10755] UL Throughput = 0.00000 Mbps
6715 ms [UE 12658] UL Throughput = 0.00000 Mbps
6715 ms [UE 23066] UL Throughput = 0.00000 Mbps
6715 ms [UE 42750] UL Throughput = 0.00000 Mbps
6757 ms [UE 17403] UL Throughput = 0.59573 Mbps
6757 ms [UE 10755] UL Throughput = 0.74472 Mbps
6815 ms [UE 12658] UL Throughput = 0.00000 Mbps
6815 ms [UE 23066] UL Throughput = 0.74469 Mbps
6815 ms [UE 42750] UL Throughput = 0.00000 Mbps
6858 ms [UE 17403] UL Throughput = 0.65353 Mbps
6858 ms [UE 10755] UL Throughput = 0.88809 Mbps
6925 ms [UE 12658] UL Throughput = 0.83185 Mbps
6925 ms [UE 23066] UL Throughput = 0.00000 Mbps
6925 ms [UE 42750] UL Throughput = 0.00000 Mbps
6967 ms [UE 17403] UL Throughput = 0.00000 Mbps
6967 ms [UE 10755] UL Throughput = 0.00000 Mbps
7025 ms [UE 12658] UL Throughput = 0.00000 Mbps
7025 ms [UE 23066] UL Throughput = 0.00000 Mbps
7025 ms [UE 42750] UL Throughput = 0.00000 Mbps
7067 ms [UE 17403] UL Throughput = 0.79860 Mbps
7067 ms [UE 10755] UL Throughput = 0.81915 Mbps
7126 ms [UE 12658] UL Throughput = 0.17276 Mbps
7126 ms [UE 23066] UL Throughput = 0.65021 Mbps
7126 ms [UE 42750] UL Throughput = 0.73151 Mbps
7168 ms [UE 17403] UL Throughput = 0.65263 Mbps
7168 ms [UE 10755] UL Throughput = 0.17341 Mbps
7235 ms [UE 12658] UL Throughput = 0.00000 Mbps
7235 ms [UE 23066] UL Throughput = 0.00000 Mbps
7235 ms [UE 42750] UL Throughput = 0.00000 Mbps
7251 ms | now=1755746054286066 us | PDCP ind_msg latency=70977153 us
7278 ms [UE 17403] UL Throughput = 0.00000 Mbps
7278 ms [UE 10755] UL Throughput = 0.74328 Mbps
7336 ms [UE 12658] UL Throughput = 0.17166 Mbps
7336 ms [UE 23066] UL Throughput = 0.64605 Mbps
7336 ms [UE 42750] UL Throughput = 0.70626 Mbps
7388 ms [UE 17403] UL Throughput = 0.72370 Mbps
7388 ms [UE 10755] UL Throughput = 0.74232 Mbps
7445 ms [UE 12658] UL Throughput = 0.91127 Mbps
7445 ms [UE 23066] UL Throughput = 0.00000 Mbps
7445 ms [UE 42750] UL Throughput = 0.00000 Mbps
7497 ms [UE 17403] UL Throughput = 0.60106 Mbps
7497 ms [UE 10755] UL Throughput = 0.15971 Mbps
7557 ms [UE 12658] UL Throughput = 0.00000 Mbps
7557 ms [UE 23066] UL Throughput = 0.00000 Mbps
7557 ms [UE 42750] UL Throughput = 0.73254 Mbps
7608 ms [UE 17403] UL Throughput = 0.00000 Mbps
7608 ms [UE 10755] UL Throughput = 0.65059 Mbps
7666 ms [UE 12658] UL Throughput = 0.91391 Mbps
7666 ms [UE 23066] UL Throughput = 0.60293 Mbps
7666 ms [UE 42750] UL Throughput = 0.00000 Mbps
7717 ms [UE 17403] UL Throughput = 0.72754 Mbps
7717 ms [UE 10755] UL Throughput = 0.74626 Mbps
7776 ms [UE 12658] UL Throughput = 0.00000 Mbps
7776 ms [UE 23066] UL Throughput = 0.00000 Mbps
7776 ms [UE 42750] UL Throughput = 0.00000 Mbps
7820 ms [UE 17403] UL Throughput = 0.64196 Mbps
7820 ms [UE 10755] UL Throughput = 0.17057 Mbps
7885 ms [UE 12658] UL Throughput = 0.74984 Mbps
7885 ms [UE 23066] UL Throughput = 0.00000 Mbps
7885 ms [UE 42750] UL Throughput = 0.90922 Mbps
7928 ms [UE 17403] UL Throughput = 0.00000 Mbps
7928 ms [UE 10755] UL Throughput = 0.75854 Mbps
7997 ms [UE 12658] UL Throughput = 0.00000 Mbps
7997 ms [UE 23066] UL Throughput = 0.12809 Mbps
7997 ms [UE 42750] UL Throughput = 0.00000 Mbps
8037 ms [UE 17403] UL Throughput = 0.72792 Mbps
8037 ms [UE 10755] UL Throughput = 0.74665 Mbps
8105 ms [UE 12658] UL Throughput = 0.00000 Mbps
8105 ms [UE 23066] UL Throughput = 0.60914 Mbps
8105 ms [UE 42750] UL Throughput = 0.66591 Mbps
8138 ms [UE 17403] UL Throughput = 0.00000 Mbps
8138 ms [UE 10755] UL Throughput = 0.17333 Mbps
8205 ms [UE 12658] UL Throughput = 0.99390 Mbps
8205 ms [UE 23066] UL Throughput = 0.65569 Mbps
8205 ms [UE 42750] UL Throughput = 0.00000 Mbps
8248 ms [UE 17403] UL Throughput = 0.59605 Mbps
8248 ms [UE 10755] UL Throughput = 0.65160 Mbps
8287 ms | now=1755746055321302 us | PDCP ind_msg latency=70977384 us
8305 ms [UE 12658] UL Throughput = 0.00000 Mbps
8305 ms [UE 23066] UL Throughput = 0.00000 Mbps
8305 ms [UE 42750] UL Throughput = 0.17393 Mbps
8358 ms [UE 17403] UL Throughput = 0.68193 Mbps
8358 ms [UE 10755] UL Throughput = 0.00000 Mbps
8415 ms [UE 12658] UL Throughput = 0.74961 Mbps
8415 ms [UE 23066] UL Throughput = 0.00000 Mbps
8415 ms [UE 42750] UL Throughput = 0.74961 Mbps
8468 ms [UE 17403] UL Throughput = 0.00000 Mbps
8468 ms [UE 10755] UL Throughput = 0.15763 Mbps
8515 ms [UE 12658] UL Throughput = 0.00000 Mbps
8515 ms [UE 23066] UL Throughput = 0.79390 Mbps
8515 ms [UE 42750] UL Throughput = 0.81433 Mbps
8577 ms [UE 17403] UL Throughput = 0.60014 Mbps
8577 ms [UE 10755] UL Throughput = 0.75024 Mbps
8625 ms [UE 12658] UL Throughput = 0.15960 Mbps
8625 ms [UE 23066] UL Throughput = 0.00000 Mbps
8625 ms [UE 42750] UL Throughput = 0.00000 Mbps
8687 ms [UE 17403] UL Throughput = 0.72784 Mbps
8687 ms [UE 10755] UL Throughput = 0.67189 Mbps
8725 ms [UE 12658] UL Throughput = 0.81502 Mbps
8725 ms [UE 23066] UL Throughput = 0.58046 Mbps
8725 ms [UE 42750] UL Throughput = 0.00000 Mbps
8797 ms [UE 17403] UL Throughput = 0.00000 Mbps
8797 ms [UE 10755] UL Throughput = 0.15828 Mbps
8825 ms [UE 12658] UL Throughput = 0.00000 Mbps
8825 ms [UE 23066] UL Throughput = 0.00000 Mbps
8825 ms [UE 42750] UL Throughput = 0.99180 Mbps
8897 ms [UE 17403] UL Throughput = 0.65468 Mbps
8897 ms [UE 10755] UL Throughput = 0.71570 Mbps
8925 ms [UE 12658] UL Throughput = 0.00000 Mbps
8925 ms [UE 23066] UL Throughput = 0.00000 Mbps
8925 ms [UE 42750] UL Throughput = 0.00000 Mbps
8998 ms [UE 17403] UL Throughput = 0.65469 Mbps
8998 ms [UE 10755] UL Throughput = 0.99238 Mbps
9025 ms [UE 12658] UL Throughput = 0.99293 Mbps
9025 ms [UE 23066] UL Throughput = 0.00000 Mbps
9025 ms [UE 42750] UL Throughput = 0.81888 Mbps
9107 ms [UE 17403] UL Throughput = 0.13085 Mbps
9107 ms [UE 10755] UL Throughput = 0.00000 Mbps
9126 ms [UE 12658] UL Throughput = 0.17409 Mbps
9126 ms [UE 23066] UL Throughput = 0.00000 Mbps
9126 ms [UE 42750] UL Throughput = 0.00000 Mbps
9208 ms [UE 17403] UL Throughput = 0.65342 Mbps
9208 ms [UE 10755] UL Throughput = 0.81684 Mbps
9235 ms [UE 12658] UL Throughput = 0.74629 Mbps
9235 ms [UE 23066] UL Throughput = 0.59699 Mbps
9235 ms [UE 42750] UL Throughput = 0.00000 Mbps
9317 ms [UE 17403] UL Throughput = 0.59786 Mbps
9317 ms [UE 10755] UL Throughput = 0.90623 Mbps
9336 ms [UE 12658] UL Throughput = 0.00000 Mbps
9336 ms [UE 23066] UL Throughput = 0.58171 Mbps
9336 ms [UE 42750] UL Throughput = 0.99037 Mbps
9342 ms | now=1755746056376591 us | PDCP ind_msg latency=70977614 us
9418 ms [UE 17403] UL Throughput = 0.00000 Mbps
9418 ms [UE 10755] UL Throughput = 0.00000 Mbps
9445 ms [UE 12658] UL Throughput = 0.00000 Mbps
9445 ms [UE 23066] UL Throughput = 0.00000 Mbps
9445 ms [UE 42750] UL Throughput = 0.00000 Mbps
9527 ms [UE 17403] UL Throughput = 0.66450 Mbps
9527 ms [UE 10755] UL Throughput = 0.74899 Mbps
9555 ms [UE 12658] UL Throughput = 0.83032 Mbps
9555 ms [UE 23066] UL Throughput = 0.00000 Mbps
9555 ms [UE 42750] UL Throughput = 0.00000 Mbps
9629 ms [UE 17403] UL Throughput = 0.14011 Mbps
9629 ms [UE 10755] UL Throughput = 0.00000 Mbps
9656 ms [UE 12658] UL Throughput = 0.00000 Mbps
9656 ms [UE 23066] UL Throughput = 0.74301 Mbps
9656 ms [UE 42750] UL Throughput = 0.00000 Mbps
9738 ms [UE 17403] UL Throughput = 0.60680 Mbps
9738 ms [UE 10755] UL Throughput = 0.75856 Mbps
9765 ms [UE 12658] UL Throughput = 0.74740 Mbps
9765 ms [UE 23066] UL Throughput = 0.00000 Mbps
9765 ms [UE 42750] UL Throughput = 0.00000 Mbps
9838 ms [UE 17403] UL Throughput = 0.65550 Mbps
9838 ms [UE 10755] UL Throughput = 0.99360 Mbps
9875 ms [UE 12658] UL Throughput = 0.00000 Mbps
9875 ms [UE 23066] UL Throughput = 0.72762 Mbps
9875 ms [UE 42750] UL Throughput = 0.67168 Mbps
9947 ms [UE 17403] UL Throughput = 0.13062 Mbps
9947 ms [UE 10755] UL Throughput = 0.00000 Mbps
9975 ms [UE 12658] UL Throughput = 0.00000 Mbps
9975 ms [UE 23066] UL Throughput = 0.00000 Mbps
9975 ms [UE 42750] UL Throughput = 0.00000 Mbps
10059 ms [UE 17403] UL Throughput = 0.58566 Mbps
10059 ms [UE 10755] UL Throughput = 0.73212 Mbps
10076 ms [UE 12658] UL Throughput = 0.88770 Mbps
10076 ms [UE 23066] UL Throughput = 0.00000 Mbps
10076 ms [UE 42750] UL Throughput = 0.81662 Mbps
10168 ms [UE 17403] UL Throughput = 0.60421 Mbps
10168 ms [UE 10755] UL Throughput = 0.82107 Mbps
10185 ms [UE 12658] UL Throughput = 0.00000 Mbps
10185 ms [UE 23066] UL Throughput = 0.72955 Mbps
10185 ms [UE 42750] UL Throughput = 0.74832 Mbps
10268 ms [UE 17403] UL Throughput = 0.14279 Mbps
10268 ms [UE 10755] UL Throughput = 0.00000 Mbps
10285 ms [UE 12658] UL Throughput = 0.17405 Mbps
10285 ms [UE 23066] UL Throughput = 0.00000 Mbps
10285 ms [UE 42750] UL Throughput = 0.00000 Mbps
10378 ms [UE 17403] UL Throughput = 0.59888 Mbps
10378 ms [UE 10755] UL Throughput = 0.74865 Mbps
10395 ms [UE 12658] UL Throughput = 0.74582 Mbps
10395 ms [UE 23066] UL Throughput = 0.59661 Mbps
10395 ms [UE 42750] UL Throughput = 0.00000 Mbps
10402 ms | now=1755746057437170 us | PDCP ind_msg latency=70977046 us
10487 ms [UE 17403] UL Throughput = 0.59952 Mbps
10487 ms [UE 10755] UL Throughput = 0.90875 Mbps
10495 ms [UE 12658] UL Throughput = 0.81856 Mbps
10495 ms [UE 23066] UL Throughput = 0.00000 Mbps
10495 ms [UE 42750] UL Throughput = 0.99254 Mbps
10587 ms [UE 17403] UL Throughput = 0.14330 Mbps
10587 ms [UE 10755] UL Throughput = 0.00000 Mbps
10605 ms [UE 12658] UL Throughput = 0.00000 Mbps
10605 ms [UE 23066] UL Throughput = 0.00000 Mbps
10605 ms [UE 42750] UL Throughput = 0.00000 Mbps
10687 ms [UE 17403] UL Throughput = 0.65507 Mbps
10687 ms [UE 10755] UL Throughput = 0.81890 Mbps
10715 ms [UE 12658] UL Throughput = 0.00000 Mbps
10715 ms [UE 23066] UL Throughput = 0.13078 Mbps
10715 ms [UE 42750] UL Throughput = 0.65362 Mbps
10788 ms [UE 17403] UL Throughput = 0.65425 Mbps
10788 ms [UE 10755] UL Throughput = 0.88907 Mbps
10815 ms [UE 12658] UL Throughput = 0.99347 Mbps
10815 ms [UE 23066] UL Throughput = 0.00000 Mbps
10815 ms [UE 42750] UL Throughput = 0.00000 Mbps
10888 ms [UE 17403] UL Throughput = 0.00000 Mbps
10888 ms [UE 10755] UL Throughput = 0.00000 Mbps
10916 ms [UE 12658] UL Throughput = 0.00000 Mbps
10916 ms [UE 23066] UL Throughput = 0.64852 Mbps
10916 ms [UE 42750] UL Throughput = 0.00000 Mbps
10997 ms [UE 17403] UL Throughput = 0.68701 Mbps
10997 ms [UE 10755] UL Throughput = 0.00000 Mbps
11025 ms [UE 12658] UL Throughput = 0.00000 Mbps
11025 ms [UE 23066] UL Throughput = 0.60169 Mbps
11025 ms [UE 42750] UL Throughput = 0.91204 Mbps
11107 ms [UE 17403] UL Throughput = 0.59580 Mbps
11107 ms [UE 10755] UL Throughput = 0.15831 Mbps
11126 ms [UE 12658] UL Throughput = 0.17302 Mbps
11126 ms [UE 23066] UL Throughput = 0.00000 Mbps
11126 ms [UE 42750] UL Throughput = 0.00000 Mbps
11207 ms [UE 17403] UL Throughput = 0.00000 Mbps
11207 ms [UE 10755] UL Throughput = 0.81901 Mbps
11227 ms [UE 12658] UL Throughput = 0.80906 Mbps
11227 ms [UE 23066] UL Throughput = 0.00000 Mbps
11227 ms [UE 42750] UL Throughput = 0.80906 Mbps
11307 ms [UE 17403] UL Throughput = 0.79914 Mbps
11307 ms [UE 10755] UL Throughput = 0.73770 Mbps
11335 ms [UE 12658] UL Throughput = 0.82665 Mbps
11335 ms [UE 23066] UL Throughput = 0.60832 Mbps
11335 ms [UE 42750] UL Throughput = 0.00000 Mbps
11417 ms [UE 17403] UL Throughput = 0.00000 Mbps
11417 ms [UE 10755] UL Throughput = 0.15860 Mbps
11436 ms [UE 12658] UL Throughput = 0.00000 Mbps
11436 ms [UE 23066] UL Throughput = 0.00000 Mbps
11436 ms [UE 42750] UL Throughput = 0.00000 Mbps
11439 ms | now=1755746058473284 us | PDCP ind_msg latency=70977373 us
11518 ms [UE 17403] UL Throughput = 0.65167 Mbps
11518 ms [UE 10755] UL Throughput = 0.71241 Mbps
11545 ms [UE 12658] UL Throughput = 0.00000 Mbps
11545 ms [UE 23066] UL Throughput = 0.59847 Mbps
11545 ms [UE 42750] UL Throughput = 0.90717 Mbps
11627 ms [UE 17403] UL Throughput = 0.59969 Mbps
11627 ms [UE 10755] UL Throughput = 0.90902 Mbps
11655 ms [UE 12658] UL Throughput = 0.90555 Mbps
11655 ms [UE 23066] UL Throughput = 0.00000 Mbps
11655 ms [UE 42750] UL Throughput = 0.00000 Mbps
11728 ms [UE 17403] UL Throughput = 0.00000 Mbps
11728 ms [UE 10755] UL Throughput = 0.00000 Mbps
11757 ms [UE 12658] UL Throughput = 0.00000 Mbps
11757 ms [UE 23066] UL Throughput = 0.00000 Mbps
11757 ms [UE 42750] UL Throughput = 0.80420 Mbps
11838 ms [UE 17403] UL Throughput = 0.72677 Mbps
11838 ms [UE 10755] UL Throughput = 0.74547 Mbps
11865 ms [UE 12658] UL Throughput = 0.75523 Mbps
11865 ms [UE 23066] UL Throughput = 0.13215 Mbps
11865 ms [UE 42750] UL Throughput = 0.00000 Mbps
11948 ms [UE 17403] UL Throughput = 0.59305 Mbps
11948 ms [UE 10755] UL Throughput = 0.89895 Mbps
11966 ms [UE 12658] UL Throughput = 0.00000 Mbps
11966 ms [UE 23066] UL Throughput = 0.00000 Mbps
11966 ms [UE 42750] UL Throughput = 0.99343 Mbps
12057 ms [UE 17403] UL Throughput = 0.13162 Mbps
12057 ms [UE 10755] UL Throughput = 0.00000 Mbps
12075 ms [UE 12658] UL Throughput = 0.00000 Mbps
12075 ms [UE 23066] UL Throughput = 0.53233 Mbps
12075 ms [UE 42750] UL Throughput = 0.00000 Mbps
12167 ms [UE 17403] UL Throughput = 0.59751 Mbps
12167 ms [UE 10755] UL Throughput = 0.65320 Mbps
12175 ms [UE 12658] UL Throughput = 0.90997 Mbps
12175 ms [UE 23066] UL Throughput = 0.00000 Mbps
12175 ms [UE 42750] UL Throughput = 0.00000 Mbps
12268 ms [UE 17403] UL Throughput = 0.64885 Mbps
12268 ms [UE 10755] UL Throughput = 0.98353 Mbps
12276 ms [UE 12658] UL Throughput = 0.00000 Mbps
12276 ms [UE 23066] UL Throughput = 0.00000 Mbps
12276 ms [UE 42750] UL Throughput = 0.00000 Mbps
12369 ms [UE 17403] UL Throughput = 0.00000 Mbps
12369 ms [UE 10755] UL Throughput = 0.00000 Mbps
12385 ms [UE 12658] UL Throughput = 0.83544 Mbps
12385 ms [UE 23066] UL Throughput = 0.60071 Mbps
12385 ms [UE 42750] UL Throughput = 0.00000 Mbps
12477 ms | now=1755746059511287 us | PDCP ind_msg latency=70977334 us
12477 ms [UE 17403] UL Throughput = 0.73736 Mbps
12477 ms [UE 10755] UL Throughput = 0.75633 Mbps
12485 ms [UE 12658] UL Throughput = 0.00000 Mbps
12485 ms [UE 23066] UL Throughput = 0.14332 Mbps
12485 ms [UE 42750] UL Throughput = 0.00000 Mbps
12578 ms [UE 17403] UL Throughput = 0.00000 Mbps
12578 ms [UE 10755] UL Throughput = 0.17345 Mbps
12596 ms [UE 12658] UL Throughput = 0.00000 Mbps
12596 ms [UE 23066] UL Throughput = 0.00000 Mbps
12596 ms [UE 42750] UL Throughput = 0.66868 Mbps
12679 ms [UE 17403] UL Throughput = 0.64339 Mbps
12679 ms [UE 10755] UL Throughput = 0.80430 Mbps
12696 ms [UE 12658] UL Throughput = 0.99370 Mbps
12696 ms [UE 23066] UL Throughput = 0.00000 Mbps
12696 ms [UE 42750] UL Throughput = 0.71667 Mbps
12789 ms [UE 17403] UL Throughput = 0.66363 Mbps
12789 ms [UE 10755] UL Throughput = 0.74801 Mbps
12805 ms [UE 12658] UL Throughput = 0.00000 Mbps
12805 ms [UE 23066] UL Throughput = 0.00000 Mbps
12805 ms [UE 42750] UL Throughput = 0.00000 Mbps
12898 ms [UE 17403] UL Throughput = 0.13213 Mbps
12898 ms [UE 10755] UL Throughput = 0.00000 Mbps
12906 ms [UE 12658] UL Throughput = 0.00000 Mbps
12906 ms [UE 23066] UL Throughput = 0.64925 Mbps
12906 ms [UE 42750] UL Throughput = 0.17251 Mbps
13008 ms [UE 17403] UL Throughput = 0.59680 Mbps
13008 ms [UE 10755] UL Throughput = 0.74605 Mbps
13015 ms [UE 12658] UL Throughput = 0.74994 Mbps
13015 ms [UE 23066] UL Throughput = 0.00000 Mbps
13015 ms [UE 42750] UL Throughput = 0.00000 Mbps
13118 ms [UE 12658] UL Throughput = 0.00000 Mbps
13118 ms [UE 23066] UL Throughput = 0.64021 Mbps
13118 ms [UE 42750] UL Throughput = 0.97043 Mbps
13118 ms [UE 17403] UL Throughput = 0.59410 Mbps
13118 ms [UE 10755] UL Throughput = 0.90054 Mbps
13228 ms [UE 17403] UL Throughput = 0.13084 Mbps
13228 ms [UE 10755] UL Throughput = 0.00000 Mbps
13228 ms [UE 12658] UL Throughput = 0.15823 Mbps
13228 ms [UE 23066] UL Throughput = 0.00000 Mbps
13228 ms [UE 42750] UL Throughput = 0.00000 Mbps
13335 ms [UE 12658] UL Throughput = 0.76411 Mbps
13335 ms [UE 23066] UL Throughput = 0.00000 Mbps
13335 ms [UE 42750] UL Throughput = 0.76411 Mbps
13337 ms [UE 17403] UL Throughput = 0.59885 Mbps
13337 ms [UE 10755] UL Throughput = 0.74862 Mbps
13438 ms [UE 17403] UL Throughput = 0.65235 Mbps
13438 ms [UE 10755] UL Throughput = 0.88649 Mbps
13445 ms [UE 12658] UL Throughput = 0.00000 Mbps
13445 ms [UE 23066] UL Throughput = 0.72780 Mbps
13445 ms [UE 42750] UL Throughput = 0.00000 Mbps
13511 ms | now=1755746060546000 us | PDCP ind_msg latency=70977100 us
13547 ms [UE 17403] UL Throughput = 0.00000 Mbps
13547 ms [UE 10755] UL Throughput = 0.00000 Mbps
13555 ms [UE 12658] UL Throughput = 0.65115 Mbps
13555 ms [UE 23066] UL Throughput = 0.00000 Mbps
13555 ms [UE 42750] UL Throughput = 0.00000 Mbps
13647 ms [UE 17403] UL Throughput = 0.74729 Mbps
13647 ms [UE 10755] UL Throughput = 0.00000 Mbps
13665 ms [UE 12658] UL Throughput = 0.00000 Mbps
13665 ms [UE 23066] UL Throughput = 0.59448 Mbps
13665 ms [UE 42750] UL Throughput = 0.90111 Mbps
13748 ms [UE 17403] UL Throughput = 0.00000 Mbps
13748 ms [UE 10755] UL Throughput = 0.17403 Mbps
13775 ms [UE 12658] UL Throughput = 0.90504 Mbps
13775 ms [UE 23066] UL Throughput = 0.00000 Mbps
13775 ms [UE 42750] UL Throughput = 0.00000 Mbps
13858 ms [UE 17403] UL Throughput = 0.59458 Mbps
13858 ms [UE 10755] UL Throughput = 0.74328 Mbps
13886 ms [UE 12658] UL Throughput = 0.00000 Mbps
13886 ms [UE 23066] UL Throughput = 0.00000 Mbps
13886 ms [UE 42750] UL Throughput = 0.74344 Mbps
13968 ms [UE 17403] UL Throughput = 0.72830 Mbps
13968 ms [UE 10755] UL Throughput = 0.67231 Mbps
13995 ms [UE 12658] UL Throughput = 0.74608 Mbps
13995 ms [UE 23066] UL Throughput = 0.72737 Mbps
13995 ms [UE 42750] UL Throughput = 0.00000 Mbps
14078 ms [UE 17403] UL Throughput = 0.59618 Mbps
14078 ms [UE 10755] UL Throughput = 0.15841 Mbps
14106 ms [UE 12658] UL Throughput = 0.00000 Mbps
14106 ms [UE 23066] UL Throughput = 0.00000 Mbps
14106 ms [UE 42750] UL Throughput = 0.00000 Mbps
14188 ms [UE 17403] UL Throughput = 0.00000 Mbps
14188 ms [UE 10755] UL Throughput = 0.64812 Mbps
14206 ms [UE 12658] UL Throughput = 0.00000 Mbps
14206 ms [UE 23066] UL Throughput = 0.58325 Mbps
14206 ms [UE 42750] UL Throughput = 0.99300 Mbps
14298 ms [UE 17403] UL Throughput = 0.59992 Mbps
14298 ms [UE 10755] UL Throughput = 0.90936 Mbps
14316 ms [UE 12658] UL Throughput = 0.90381 Mbps
14316 ms [UE 23066] UL Throughput = 0.59626 Mbps
14316 ms [UE 42750] UL Throughput = 0.00000 Mbps
14398 ms [UE 17403] UL Throughput = 0.14332 Mbps
14398 ms [UE 10755] UL Throughput = 0.81905 Mbps
14425 ms [UE 12658] UL Throughput = 0.00000 Mbps
14425 ms [UE 23066] UL Throughput = 0.00000 Mbps
14425 ms [UE 42750] UL Throughput = 0.00000 Mbps
14498 ms [UE 17403] UL Throughput = 0.00000 Mbps
14498 ms [UE 10755] UL Throughput = 0.00000 Mbps
14525 ms [UE 12658] UL Throughput = 0.81628 Mbps
14525 ms [UE 23066] UL Throughput = 0.00000 Mbps
14525 ms [UE 42750] UL Throughput = 0.98978 Mbps
14547 ms | now=1755746061582129 us | PDCP ind_msg latency=70977155 us
14598 ms [UE 17403] UL Throughput = 0.65224 Mbps
14598 ms [UE 10755] UL Throughput = 0.98867 Mbps
14627 ms [UE 12658] UL Throughput = 0.00000 Mbps
14627 ms [UE 23066] UL Throughput = 0.78895 Mbps
14627 ms [UE 42750] UL Throughput = 0.00000 Mbps
14708 ms [UE 17403] UL Throughput = 0.00000 Mbps
14708 ms [UE 10755] UL Throughput = 0.00000 Mbps
14735 ms [UE 12658] UL Throughput = 0.00000 Mbps
14735 ms [UE 23066] UL Throughput = 0.00000 Mbps
14735 ms [UE 42750] UL Throughput = 0.75587 Mbps
14818 ms [UE 17403] UL Throughput = 0.59497 Mbps
14818 ms [UE 10755] UL Throughput = 0.80851 Mbps
14835 ms [UE 12658] UL Throughput = 0.99239 Mbps
14835 ms [UE 23066] UL Throughput = 0.00000 Mbps
14835 ms [UE 42750] UL Throughput = 0.00000 Mbps
14928 ms [UE 17403] UL Throughput = 0.72862 Mbps
14928 ms [UE 10755] UL Throughput = 0.74736 Mbps
14945 ms [UE 12658] UL Throughput = 0.00000 Mbps
14945 ms [UE 23066] UL Throughput = 0.53023 Mbps
14945 ms [UE 42750] UL Throughput = 0.00000 Mbps
15038 ms [UE 17403] UL Throughput = 0.00000 Mbps
15038 ms [UE 10755] UL Throughput = 0.00000 Mbps
15045 ms [UE 12658] UL Throughput = 0.73707 Mbps
15045 ms [UE 23066] UL Throughput = 0.00000 Mbps
15045 ms [UE 42750] UL Throughput = 0.91114 Mbps
15138 ms [UE 17403] UL Throughput = 0.79521 Mbps
15138 ms [UE 10755] UL Throughput = 0.81567 Mbps
15155 ms [UE 12658] UL Throughput = 0.00000 Mbps
15155 ms [UE 23066] UL Throughput = 0.13047 Mbps
15155 ms [UE 42750] UL Throughput = 0.00000 Mbps
15248 ms [UE 17403] UL Throughput = 0.00000 Mbps
15248 ms [UE 10755] UL Throughput = 0.15855 Mbps
15256 ms [UE 12658] UL Throughput = 0.00000 Mbps
15256 ms [UE 23066] UL Throughput = 0.60326 Mbps
15256 ms [UE 42750] UL Throughput = 0.81800 Mbps
15350 ms [UE 17403] UL Throughput = 0.64377 Mbps
15350 ms [UE 10755] UL Throughput = 0.80477 Mbps
15365 ms [UE 12658] UL Throughput = 0.90634 Mbps
15365 ms [UE 23066] UL Throughput = 0.00000 Mbps
15365 ms [UE 42750] UL Throughput = 0.00000 Mbps
15457 ms [UE 17403] UL Throughput = 0.67681 Mbps
15457 ms [UE 10755] UL Throughput = 0.76287 Mbps
15475 ms [UE 12658] UL Throughput = 0.00000 Mbps
15475 ms [UE 23066] UL Throughput = 0.59752 Mbps
15475 ms [UE 42750] UL Throughput = 0.00000 Mbps
15557 ms [UE 17403] UL Throughput = 0.14317 Mbps
15557 ms [UE 10755] UL Throughput = 0.00000 Mbps
15576 ms [UE 12658] UL Throughput = 0.71354 Mbps
15576 ms [UE 23066] UL Throughput = 0.00000 Mbps
15576 ms [UE 42750] UL Throughput = 0.98937 Mbps
15578 ms | now=1755746062612233 us | PDCP ind_msg latency=70977297 us
15668 ms [UE 17403] UL Throughput = 0.59302 Mbps
15668 ms [UE 10755] UL Throughput = 0.74133 Mbps
15686 ms [UE 12658] UL Throughput = 0.00000 Mbps
15686 ms [UE 23066] UL Throughput = 0.00000 Mbps
15686 ms [UE 42750] UL Throughput = 0.00000 Mbps
15777 ms [UE 17403] UL Throughput = 0.60029 Mbps
15777 ms [UE 10755] UL Throughput = 0.90991 Mbps
15786 ms [UE 12658] UL Throughput = 0.00000 Mbps
15786 ms [UE 23066] UL Throughput = 0.79878 Mbps
15786 ms [UE 42750] UL Throughput = 0.81933 Mbps
15877 ms [UE 17403] UL Throughput = 0.00000 Mbps
15877 ms [UE 10755] UL Throughput = 0.00000 Mbps
15895 ms [UE 12658] UL Throughput = 0.91339 Mbps
15895 ms [UE 23066] UL Throughput = 0.00000 Mbps
15895 ms [UE 42750] UL Throughput = 0.00000 Mbps
15978 ms [UE 17403] UL Throughput = 0.79577 Mbps
15978 ms [UE 10755] UL Throughput = 0.81624 Mbps
15995 ms [UE 12658] UL Throughput = 0.00000 Mbps
15995 ms [UE 23066] UL Throughput = 0.65334 Mbps
15995 ms [UE 42750] UL Throughput = 0.00000 Mbps
16088 ms [UE 17403] UL Throughput = 0.59498 Mbps
16088 ms [UE 10755] UL Throughput = 0.80853 Mbps
16096 ms [UE 12658] UL Throughput = 0.81542 Mbps
16096 ms [UE 23066] UL Throughput = 0.00000 Mbps
16096 ms [UE 42750] UL Throughput = 0.98874 Mbps
16197 ms [UE 12658] UL Throughput = 0.00000 Mbps
16197 ms [UE 23066] UL Throughput = 0.14187 Mbps
16197 ms [UE 42750] UL Throughput = 0.00000 Mbps
16198 ms [UE 17403] UL Throughput = 0.13045 Mbps
16198 ms [UE 10755] UL Throughput = 0.00000 Mbps
16298 ms [UE 17403] UL Throughput = 0.60391 Mbps
16298 ms [UE 10755] UL Throughput = 0.00000 Mbps
16305 ms [UE 12658] UL Throughput = 0.00000 Mbps
16305 ms [UE 23066] UL Throughput = 0.60584 Mbps
16305 ms [UE 42750] UL Throughput = 0.66231 Mbps
16406 ms [UE 12658] UL Throughput = 0.99162 Mbps
16406 ms [UE 23066] UL Throughput = 0.65419 Mbps
16406 ms [UE 42750] UL Throughput = 0.00000 Mbps
16408 ms [UE 17403] UL Throughput = 0.59760 Mbps
16408 ms [UE 10755] UL Throughput = 0.15879 Mbps
16506 ms [UE 12658] UL Throughput = 0.00000 Mbps
16506 ms [UE 23066] UL Throughput = 0.00000 Mbps
16506 ms [UE 42750] UL Throughput = 0.00000 Mbps
16508 ms [UE 17403] UL Throughput = 0.00000 Mbps
16508 ms [UE 10755] UL Throughput = 0.81880 Mbps
16610 ms | now=1755746063645000 us | PDCP ind_msg latency=70977051 us
16616 ms [UE 12658] UL Throughput = 0.75030 Mbps
16616 ms [UE 23066] UL Throughput = 0.00000 Mbps
16616 ms [UE 42750] UL Throughput = 0.90978 Mbps
16618 ms [UE 17403] UL Throughput = 0.72906 Mbps
16618 ms [UE 10755] UL Throughput = 0.67301 Mbps
16718 ms [UE 17403] UL Throughput = 0.65526 Mbps
16718 ms [UE 10755] UL Throughput = 0.89044 Mbps
16725 ms [UE 12658] UL Throughput = 0.00000 Mbps
16725 ms [UE 23066] UL Throughput = 0.13130 Mbps
16725 ms [UE 42750] UL Throughput = 0.00000 Mbps
16826 ms [UE 12658] UL Throughput = 0.00000 Mbps
16826 ms [UE 23066] UL Throughput = 0.65107 Mbps
16826 ms [UE 42750] UL Throughput = 0.81389 Mbps
16828 ms [UE 17403] UL Throughput = 0.00000 Mbps
16828 ms [UE 10755] UL Throughput = 0.00000 Mbps
16928 ms [UE 17403] UL Throughput = 0.65303 Mbps
16928 ms [UE 10755] UL Throughput = 0.98986 Mbps
16936 ms [UE 12658] UL Throughput = 0.89962 Mbps
16936 ms [UE 23066] UL Throughput = 0.52841 Mbps
16936 ms [UE 42750] UL Throughput = 0.00000 Mbps
17030 ms [UE 17403] UL Throughput = 0.14023 Mbps
17030 ms [UE 10755] UL Throughput = 0.80142 Mbps
17047 ms [UE 12658] UL Throughput = 0.00000 Mbps
17047 ms [UE 23066] UL Throughput = 0.00000 Mbps
17047 ms [UE 42750] UL Throughput = 0.00000 Mbps
17139 ms [UE 17403] UL Throughput = 0.60338 Mbps
17139 ms [UE 10755] UL Throughput = 0.00000 Mbps
17155 ms [UE 12658] UL Throughput = 0.00000 Mbps
17155 ms [UE 23066] UL Throughput = 0.60488 Mbps
17155 ms [UE 42750] UL Throughput = 0.91687 Mbps
17248 ms [UE 17403] UL Throughput = 0.60455 Mbps
17248 ms [UE 10755] UL Throughput = 0.91637 Mbps
17265 ms [UE 12658] UL Throughput = 0.90401 Mbps
17265 ms [UE 23066] UL Throughput = 0.00000 Mbps
17265 ms [UE 42750] UL Throughput = 0.00000 Mbps
17358 ms [UE 17403] UL Throughput = 0.72239 Mbps
17358 ms [UE 10755] UL Throughput = 0.64799 Mbps
17376 ms [UE 12658] UL Throughput = 0.00000 Mbps
17376 ms [UE 23066] UL Throughput = 0.00000 Mbps
17376 ms [UE 42750] UL Throughput = 0.74038 Mbps
17468 ms [UE 17403] UL Throughput = 0.00000 Mbps
17468 ms [UE 10755] UL Throughput = 0.00000 Mbps
17486 ms [UE 12658] UL Throughput = 0.74280 Mbps
17486 ms [UE 23066] UL Throughput = 0.72417 Mbps
17486 ms [UE 42750] UL Throughput = 0.00000 Mbps
17578 ms [UE 17403] UL Throughput = 0.59647 Mbps
17578 ms [UE 10755] UL Throughput = 0.90413 Mbps
17596 ms [UE 12658] UL Throughput = 0.00000 Mbps
17596 ms [UE 23066] UL Throughput = 0.00000 Mbps
17596 ms [UE 42750] UL Throughput = 0.00000 Mbps
17649 ms | now=1755746064683906 us | PDCP ind_msg latency=70976985 us
17678 ms [UE 17403] UL Throughput = 0.14331 Mbps
17678 ms [UE 10755] UL Throughput = 0.00000 Mbps
17706 ms [UE 12658] UL Throughput = 0.00000 Mbps
17706 ms [UE 23066] UL Throughput = 0.52926 Mbps
17706 ms [UE 42750] UL Throughput = 0.90108 Mbps
17778 ms [UE 17403] UL Throughput = 0.65291 Mbps
17778 ms [UE 10755] UL Throughput = 0.81620 Mbps
17815 ms [UE 12658] UL Throughput = 0.00000 Mbps
17815 ms [UE 23066] UL Throughput = 0.00000 Mbps
17815 ms [UE 42750] UL Throughput = 0.00000 Mbps
17879 ms [UE 17403] UL Throughput = 0.65021 Mbps
17879 ms [UE 10755] UL Throughput = 0.98558 Mbps
17925 ms [UE 12658] UL Throughput = 0.83123 Mbps
17925 ms [UE 23066] UL Throughput = 0.00000 Mbps
17925 ms [UE 42750] UL Throughput = 0.00000 Mbps
17988 ms [UE 17403] UL Throughput = 0.13194 Mbps
17988 ms [UE 10755] UL Throughput = 0.00000 Mbps
18025 ms [UE 12658] UL Throughput = 0.00000 Mbps
18025 ms [UE 23066] UL Throughput = 0.14297 Mbps
18025 ms [UE 42750] UL Throughput = 0.00000 Mbps
18099 ms [UE 17403] UL Throughput = 0.59182 Mbps
18099 ms [UE 10755] UL Throughput = 0.64698 Mbps
18135 ms [UE 12658] UL Throughput = 0.74434 Mbps
18135 ms [UE 23066] UL Throughput = 0.54894 Mbps
18135 ms [UE 42750] UL Throughput = 0.00000 Mbps
18208 ms [UE 17403] UL Throughput = 0.59984 Mbps
18208 ms [UE 10755] UL Throughput = 0.90924 Mbps
18245 ms [UE 12658] UL Throughput = 0.00000 Mbps
18245 ms [UE 23066] UL Throughput = 0.13022 Mbps
18245 ms [UE 42750] UL Throughput = 0.66978 Mbps
18317 ms [UE 17403] UL Throughput = 0.13091 Mbps
18317 ms [UE 10755] UL Throughput = 0.00000 Mbps
18355 ms [UE 12658] UL Throughput = 0.00000 Mbps
18355 ms [UE 23066] UL Throughput = 0.59790 Mbps
18355 ms [UE 42750] UL Throughput = 0.00000 Mbps
18418 ms [UE 17403] UL Throughput = 0.65326 Mbps
18418 ms [UE 10755] UL Throughput = 0.81664 Mbps
18456 ms [UE 12658] UL Throughput = 0.98647 Mbps
18456 ms [UE 23066] UL Throughput = 0.00000 Mbps
18456 ms [UE 42750] UL Throughput = 0.00000 Mbps
18527 ms [UE 17403] UL Throughput = 0.60039 Mbps
18527 ms [UE 10755] UL Throughput = 0.91006 Mbps
18565 ms [UE 12658] UL Throughput = 0.00000 Mbps
18565 ms [UE 23066] UL Throughput = 0.00000 Mbps
18565 ms [UE 42750] UL Throughput = 0.65696 Mbps
18627 ms [UE 17403] UL Throughput = 0.00000 Mbps
18627 ms [UE 10755] UL Throughput = 0.00000 Mbps
18666 ms [UE 12658] UL Throughput = 0.00000 Mbps
18666 ms [UE 23066] UL Throughput = 0.14228 Mbps
18666 ms [UE 42750] UL Throughput = 0.00000 Mbps
18693 ms | now=1755746065728030 us | PDCP ind_msg latency=70977879 us
18728 ms [UE 17403] UL Throughput = 0.79398 Mbps
18728 ms [UE 10755] UL Throughput = 0.71219 Mbps
18775 ms [UE 12658] UL Throughput = 0.00000 Mbps
18775 ms [UE 23066] UL Throughput = 0.60201 Mbps
18775 ms [UE 42750] UL Throughput = 0.75256 Mbps
18838 ms [UE 17403] UL Throughput = 0.54982 Mbps
18838 ms [UE 10755] UL Throughput = 0.00000 Mbps
18875 ms [UE 12658] UL Throughput = 0.98755 Mbps
18875 ms [UE 23066] UL Throughput = 0.65151 Mbps
18875 ms [UE 42750] UL Throughput = 0.00000 Mbps
18947 ms [UE 17403] UL Throughput = 0.00000 Mbps
18947 ms [UE 10755] UL Throughput = 0.67384 Mbps
18976 ms [UE 12658] UL Throughput = 0.00000 Mbps
18976 ms [UE 23066] UL Throughput = 0.00000 Mbps
18976 ms [UE 42750] UL Throughput = 0.00000 Mbps
19048 ms [UE 17403] UL Throughput = 0.79429 Mbps
19048 ms [UE 10755] UL Throughput = 0.81472 Mbps
19085 ms [UE 12658] UL Throughput = 0.74807 Mbps
19085 ms [UE 23066] UL Throughput = 0.00000 Mbps
19085 ms [UE 42750] UL Throughput = 0.90707 Mbps
19158 ms [UE 17403] UL Throughput = 0.00000 Mbps
19158 ms [UE 10755] UL Throughput = 0.15912 Mbps
19186 ms [UE 12658] UL Throughput = 0.00000 Mbps
19186 ms [UE 23066] UL Throughput = 0.79689 Mbps
19186 ms [UE 42750] UL Throughput = 0.00000 Mbps
19267 ms [UE 17403] UL Throughput = 0.59836 Mbps
19267 ms [UE 10755] UL Throughput = 0.74800 Mbps
19295 ms [UE 12658] UL Throughput = 0.00000 Mbps
19295 ms [UE 23066] UL Throughput = 0.00000 Mbps
19295 ms [UE 42750] UL Throughput = 0.65537 Mbps
19367 ms [UE 17403] UL Throughput = 0.72555 Mbps
19367 ms [UE 10755] UL Throughput = 0.81781 Mbps
19395 ms [UE 12658] UL Throughput = 0.99328 Mbps
19395 ms [UE 23066] UL Throughput = 0.00000 Mbps
19395 ms [UE 42750] UL Throughput = 0.81917 Mbps
19468 ms [UE 17403] UL Throughput = 0.00000 Mbps
19468 ms [UE 10755] UL Throughput = 0.00000 Mbps
19495 ms [UE 12658] UL Throughput = 0.00000 Mbps
19495 ms [UE 23066] UL Throughput = 0.00000 Mbps
19495 ms [UE 42750] UL Throughput = 0.00000 Mbps
19577 ms [UE 17403] UL Throughput = 0.72902 Mbps
19577 ms [UE 10755] UL Throughput = 0.74778 Mbps
19606 ms [UE 12658] UL Throughput = 0.74194 Mbps
19606 ms [UE 23066] UL Throughput = 0.72334 Mbps
19606 ms [UE 42750] UL Throughput = 0.00000 Mbps
19678 ms [UE 17403] UL Throughput = 0.65490 Mbps
19678 ms [UE 10755] UL Throughput = 0.99269 Mbps
19718 ms [UE 12658] UL Throughput = 0.00000 Mbps
19718 ms [UE 23066] UL Throughput = 0.00000 Mbps
19718 ms [UE 42750] UL Throughput = 0.88493 Mbps
19739 ms | now=1755746066774058 us | PDCP ind_msg latency=70977149 us
19787 ms [UE 17403] UL Throughput = 0.13052 Mbps
19787 ms [UE 10755] UL Throughput = 0.74594 Mbps
19819 ms [UE 12658] UL Throughput = 0.00000 Mbps
19819 ms [UE 23066] UL Throughput = 0.65245 Mbps
19819 ms [UE 42750] UL Throughput = 0.00000 Mbps
19888 ms [UE 17403] UL Throughput = 0.65461 Mbps
19888 ms [UE 10755] UL Throughput = 0.00000 Mbps
19925 ms [UE 12658] UL Throughput = 0.93213 Mbps
19925 ms [UE 23066] UL Throughput = 0.00000 Mbps
19925 ms [UE 42750] UL Throughput = 0.67226 Mbps
19988 ms [UE 17403] UL Throughput = 0.65365 Mbps
19988 ms [UE 10755] UL Throughput = 0.88825 Mbps
20026 ms [UE 12658] UL Throughput = 0.00000 Mbps
20026 ms [UE 23066] UL Throughput = 0.14184 Mbps
20026 ms [UE 42750] UL Throughput = 0.00000 Mbps
20098 ms [UE 17403] UL Throughput = 0.00000 Mbps
20098 ms [UE 10755] UL Throughput = 0.00000 Mbps
20136 ms [UE 12658] UL Throughput = 0.74924 Mbps
20136 ms [UE 23066] UL Throughput = 0.59935 Mbps
20136 ms [UE 42750] UL Throughput = 0.00000 Mbps
20208 ms [UE 17403] UL Throughput = 0.72948 Mbps
20208 ms [UE 10755] UL Throughput = 0.74825 Mbps
20245 ms [UE 12658] UL Throughput = 0.00000 Mbps
20245 ms [UE 23066] UL Throughput = 0.00000 Mbps
20245 ms [UE 42750] UL Throughput = 0.15911 Mbps
20308 ms [UE 17403] UL Throughput = 0.65426 Mbps
20308 ms [UE 10755] UL Throughput = 0.17384 Mbps
20346 ms [UE 12658] UL Throughput = 0.00000 Mbps
20346 ms [UE 23066] UL Throughput = 0.65377 Mbps
20346 ms [UE 42750] UL Throughput = 0.81727 Mbps
20419 ms [UE 17403] UL Throughput = 0.12945 Mbps
20419 ms [UE 10755] UL Throughput = 0.73981 Mbps
20457 ms [UE 12658] UL Throughput = 0.88837 Mbps
20457 ms [UE 23066] UL Throughput = 0.00000 Mbps
20457 ms [UE 42750] UL Throughput = 0.73265 Mbps
20528 ms [UE 17403] UL Throughput = 0.60253 Mbps
20528 ms [UE 10755] UL Throughput = 0.75322 Mbps
20565 ms [UE 12658] UL Throughput = 0.00000 Mbps
20565 ms [UE 23066] UL Throughput = 0.00000 Mbps
20565 ms [UE 42750] UL Throughput = 0.00000 Mbps
20637 ms [UE 17403] UL Throughput = 0.59842 Mbps
20637 ms [UE 10755] UL Throughput = 0.81320 Mbps
20675 ms [UE 12658] UL Throughput = 0.64840 Mbps
20675 ms [UE 23066] UL Throughput = 0.72286 Mbps
20675 ms [UE 42750] UL Throughput = 0.00000 Mbps
20737 ms [UE 17403] UL Throughput = 0.00000 Mbps
20737 ms [UE 10755] UL Throughput = 0.00000 Mbps
20779 ms [UE 12658] UL Throughput = 0.00000 Mbps
20779 ms [UE 23066] UL Throughput = 0.58416 Mbps
20779 ms [UE 42750] UL Throughput = 0.88123 Mbps
20796 ms | now=1755746067830231 us | PDCP ind_msg latency=70978286 us
20848 ms [UE 17403] UL Throughput = 0.72519 Mbps
20848 ms [UE 10755] UL Throughput = 0.74384 Mbps
20885 ms [UE 12658] UL Throughput = 0.86009 Mbps
20885 ms [UE 23066] UL Throughput = 0.00000 Mbps
20885 ms [UE 42750] UL Throughput = 0.00000 Mbps
20957 ms [UE 17403] UL Throughput = 0.59674 Mbps
20957 ms [UE 10755] UL Throughput = 0.90454 Mbps
20985 ms [UE 12658] UL Throughput = 0.00000 Mbps
20985 ms [UE 23066] UL Throughput = 0.00000 Mbps
20985 ms [UE 42750] UL Throughput = 0.81680 Mbps
21058 ms [UE 17403] UL Throughput = 0.00000 Mbps
21058 ms [UE 10755] UL Throughput = 0.00000 Mbps
21096 ms [UE 12658] UL Throughput = 0.73877 Mbps
21096 ms [UE 23066] UL Throughput = 0.72024 Mbps
21096 ms [UE 42750] UL Throughput = 0.00000 Mbps
21167 ms [UE 17403] UL Throughput = 0.73078 Mbps
21167 ms [UE 10755] UL Throughput = 0.74958 Mbps
21207 ms [UE 12658] UL Throughput = 0.00000 Mbps
21207 ms [UE 23066] UL Throughput = 0.00000 Mbps
21207 ms [UE 42750] UL Throughput = 0.00000 Mbps
21268 ms [UE 17403] UL Throughput = 0.65360 Mbps
21268 ms [UE 10755] UL Throughput = 0.17367 Mbps
21315 ms [UE 12658] UL Throughput = 0.00000 Mbps
21315 ms [UE 23066] UL Throughput = 0.53970 Mbps
21315 ms [UE 42750] UL Throughput = 0.91885 Mbps
21370 ms [UE 17403] UL Throughput = 0.00000 Mbps
21370 ms [UE 10755] UL Throughput = 0.70142 Mbps
21415 ms [UE 12658] UL Throughput = 0.99240 Mbps
21415 ms [UE 23066] UL Throughput = 0.65471 Mbps
21415 ms [UE 42750] UL Throughput = 0.00000 Mbps
21477 ms [UE 17403] UL Throughput = 0.69534 Mbps
21477 ms [UE 10755] UL Throughput = 0.00000 Mbps
21525 ms [UE 12658] UL Throughput = 0.00000 Mbps
21525 ms [UE 23066] UL Throughput = 0.00000 Mbps
21525 ms [UE 42750] UL Throughput = 0.15873 Mbps
21578 ms [UE 17403] UL Throughput = 0.65206 Mbps
21578 ms [UE 10755] UL Throughput = 0.17326 Mbps
21635 ms [UE 12658] UL Throughput = 0.74347 Mbps
21635 ms [UE 23066] UL Throughput = 0.00000 Mbps
21635 ms [UE 42750] UL Throughput = 0.74347 Mbps
21688 ms [UE 17403] UL Throughput = 0.00000 Mbps
21688 ms [UE 10755] UL Throughput = 0.74474 Mbps
21745 ms [UE 12658] UL Throughput = 0.00000 Mbps
21745 ms [UE 23066] UL Throughput = 0.72970 Mbps
21745 ms [UE 42750] UL Throughput = 0.74847 Mbps
21797 ms [UE 17403] UL Throughput = 0.77811 Mbps
21797 ms [UE 10755] UL Throughput = 0.67504 Mbps
21832 ms | now=1755746068866494 us | PDCP ind_msg latency=70977542 us
21845 ms [UE 12658] UL Throughput = 0.00000 Mbps
21845 ms [UE 23066] UL Throughput = 0.00000 Mbps
21845 ms [UE 42750] UL Throughput = 0.00000 Mbps
21899 ms [UE 17403] UL Throughput = 0.15183 Mbps
21899 ms [UE 10755] UL Throughput = 0.00000 Mbps
21945 ms [UE 12658] UL Throughput = 0.99257 Mbps
21945 ms [UE 23066] UL Throughput = 0.58300 Mbps
21945 ms [UE 42750] UL Throughput = 0.00000 Mbps
22007 ms [UE 17403] UL Throughput = 0.64013 Mbps
22007 ms [UE 10755] UL Throughput = 0.65865 Mbps
22046 ms [UE 12658] UL Throughput = 0.00000 Mbps
22046 ms [UE 23066] UL Throughput = 0.00000 Mbps
22046 ms [UE 42750] UL Throughput = 0.17213 Mbps
22108 ms [UE 17403] UL Throughput = 0.84698 Mbps
22108 ms [UE 10755] UL Throughput = 0.81646 Mbps
22156 ms [UE 12658] UL Throughput = 0.75064 Mbps
22156 ms [UE 23066] UL Throughput = 0.00000 Mbps
22156 ms [UE 42750] UL Throughput = 0.75064 Mbps
22218 ms [UE 17403] UL Throughput = 0.13988 Mbps
22218 ms [UE 10755] UL Throughput = 0.00000 Mbps
22257 ms [UE 12658] UL Throughput = 0.00000 Mbps
22257 ms [UE 23066] UL Throughput = 0.00000 Mbps
22257 ms [UE 42750] UL Throughput = 0.00000 Mbps
22327 ms [UE 17403] UL Throughput = 0.63497 Mbps
22327 ms [UE 10755] UL Throughput = 0.74710 Mbps
22365 ms [UE 12658] UL Throughput = 0.00000 Mbps
22365 ms [UE 23066] UL Throughput = 0.74317 Mbps
22365 ms [UE 42750] UL Throughput = 0.76229 Mbps
22427 ms [UE 17403] UL Throughput = 0.85019 Mbps
22427 ms [UE 10755] UL Throughput = 0.00000 Mbps
22467 ms [UE 12658] UL Throughput = 0.97790 Mbps
22467 ms [UE 23066] UL Throughput = 0.64514 Mbps
22467 ms [UE 42750] UL Throughput = 0.00000 Mbps
22528 ms [UE 17403] UL Throughput = 0.00000 Mbps
22528 ms [UE 10755] UL Throughput = 0.81522 Mbps
22577 ms [UE 12658] UL Throughput = 0.00000 Mbps
22577 ms [UE 23066] UL Throughput = 0.00000 Mbps
22577 ms [UE 42750] UL Throughput = 0.15802 Mbps
22638 ms [UE 17403] UL Throughput = 0.71024 Mbps
22638 ms [UE 10755] UL Throughput = 0.74767 Mbps
22688 ms [UE 12658] UL Throughput = 0.64737 Mbps
22688 ms [UE 23066] UL Throughput = 0.00000 Mbps
22688 ms [UE 42750] UL Throughput = 0.74028 Mbps
22738 ms [UE 17403] UL Throughput = 0.15341 Mbps
22738 ms [UE 10755] UL Throughput = 0.81832 Mbps
22795 ms [UE 12658] UL Throughput = 0.00000 Mbps
22795 ms [UE 23066] UL Throughput = 0.13335 Mbps
22795 ms [UE 42750] UL Throughput = 0.76209 Mbps
22847 ms [UE 17403] UL Throughput = 0.63553 Mbps
22847 ms [UE 10755] UL Throughput = 0.00000 Mbps
22875 ms | now=1755746069909647 us | PDCP ind_msg latency=70977633 us
22906 ms [UE 12658] UL Throughput = 0.15648 Mbps
22906 ms [UE 23066] UL Throughput = 0.00000 Mbps
22906 ms [UE 42750] UL Throughput = 0.00000 Mbps
22947 ms [UE 17403] UL Throughput = 0.69672 Mbps
22947 ms [UE 10755] UL Throughput = 0.99400 Mbps
23016 ms [UE 12658] UL Throughput = 0.75124 Mbps
23016 ms [UE 23066] UL Throughput = 0.60095 Mbps
23016 ms [UE 42750] UL Throughput = 0.00000 Mbps
23048 ms [UE 17403] UL Throughput = 0.00000 Mbps
23048 ms [UE 10755] UL Throughput = 0.00000 Mbps
23126 ms [UE 12658] UL Throughput = 0.00000 Mbps
23126 ms [UE 23066] UL Throughput = 0.59241 Mbps
23126 ms [UE 42750] UL Throughput = 0.89798 Mbps
23157 ms [UE 17403] UL Throughput = 0.77658 Mbps
23157 ms [UE 10755] UL Throughput = 0.74860 Mbps
23235 ms [UE 12658] UL Throughput = 0.16007 Mbps
23235 ms [UE 23066] UL Throughput = 0.00000 Mbps
23235 ms [UE 42750] UL Throughput = 0.00000 Mbps
23258 ms [UE 17403] UL Throughput = 0.69303 Mbps
23258 ms [UE 10755] UL Throughput = 0.88640 Mbps
23337 ms [UE 12658] UL Throughput = 0.80815 Mbps
23337 ms [UE 23066] UL Throughput = 0.00000 Mbps
23337 ms [UE 42750] UL Throughput = 0.70672 Mbps
23368 ms [UE 17403] UL Throughput = 0.00000 Mbps
23368 ms [UE 10755] UL Throughput = 0.00000 Mbps
23445 ms [UE 12658] UL Throughput = 0.67966 Mbps
23445 ms [UE 23066] UL Throughput = 0.68909 Mbps
23445 ms [UE 42750] UL Throughput = 0.00000 Mbps
23469 ms [UE 17403] UL Throughput = 0.68650 Mbps
23469 ms [UE 10755] UL Throughput = 0.97943 Mbps
23545 ms [UE 12658] UL Throughput = 0.00000 Mbps
23545 ms [UE 23066] UL Throughput = 0.00000 Mbps
23545 ms [UE 42750] UL Throughput = 0.00000 Mbps
23578 ms [UE 17403] UL Throughput = 0.14111 Mbps
23578 ms [UE 10755] UL Throughput = 0.75273 Mbps
23655 ms [UE 12658] UL Throughput = 0.74912 Mbps
23655 ms [UE 23066] UL Throughput = 0.00000 Mbps
23655 ms [UE 42750] UL Throughput = 0.67418 Mbps
23688 ms [UE 17403] UL Throughput = 0.63582 Mbps
23688 ms [UE 10755] UL Throughput = 0.00000 Mbps
23755 ms [UE 12658] UL Throughput = 0.00000 Mbps
23755 ms [UE 23066] UL Throughput = 0.79562 Mbps
23755 ms [UE 42750] UL Throughput = 0.81609 Mbps
23797 ms [UE 17403] UL Throughput = 0.63510 Mbps
23797 ms [UE 10755] UL Throughput = 0.90609 Mbps
23867 ms [UE 12658] UL Throughput = 0.00000 Mbps
23867 ms [UE 23066] UL Throughput = 0.00000 Mbps
23867 ms [UE 42750] UL Throughput = 0.00000 Mbps
23898 ms [UE 17403] UL Throughput = 0.15330 Mbps
23898 ms [UE 10755] UL Throughput = 0.00000 Mbps
23909 ms | now=1755746070943426 us | PDCP ind_msg latency=70977300 us
23975 ms [UE 12658] UL Throughput = 0.75543 Mbps
23975 ms [UE 23066] UL Throughput = 0.53803 Mbps
23975 ms [UE 42750] UL Throughput = 0.16057 Mbps
24009 ms [UE 17403] UL Throughput = 0.56306 Mbps
24009 ms [UE 10755] UL Throughput = 0.73847 Mbps
24075 ms [UE 12658] UL Throughput = 0.81942 Mbps
24075 ms [UE 23066] UL Throughput = 0.00000 Mbps
24075 ms [UE 42750] UL Throughput = 0.99358 Mbps
24118 ms [UE 17403] UL Throughput = 0.73210 Mbps
24118 ms [UE 10755] UL Throughput = 0.00000 Mbps
24176 ms [UE 12658] UL Throughput = 0.00000 Mbps
24176 ms [UE 23066] UL Throughput = 0.00000 Mbps
24176 ms [UE 42750] UL Throughput = 0.00000 Mbps
24218 ms [UE 17403] UL Throughput = 0.00000 Mbps
24218 ms [UE 10755] UL Throughput = 0.17334 Mbps
24285 ms [UE 12658] UL Throughput = 0.74854 Mbps
24285 ms [UE 23066] UL Throughput = 0.13098 Mbps
24285 ms [UE 42750] UL Throughput = 0.00000 Mbps
24327 ms [UE 17403] UL Throughput = 0.63805 Mbps
24327 ms [UE 10755] UL Throughput = 0.75073 Mbps
24385 ms [UE 12658] UL Throughput = 0.00000 Mbps
24385 ms [UE 23066] UL Throughput = 0.00000 Mbps
24385 ms [UE 42750] UL Throughput = 0.17355 Mbps
24428 ms [UE 17403] UL Throughput = 0.84811 Mbps
24428 ms [UE 10755] UL Throughput = 0.73577 Mbps
24486 ms [UE 12658] UL Throughput = 0.00000 Mbps
24486 ms [UE 23066] UL Throughput = 0.65273 Mbps
24486 ms [UE 42750] UL Throughput = 0.81597 Mbps
24538 ms [UE 17403] UL Throughput = 0.00000 Mbps
24538 ms [UE 10755] UL Throughput = 0.15857 Mbps
24596 ms [UE 12658] UL Throughput = 0.81249 Mbps
24596 ms [UE 23066] UL Throughput = 0.59790 Mbps
24596 ms [UE 42750] UL Throughput = 0.00000 Mbps
24647 ms [UE 17403] UL Throughput = 0.56857 Mbps
24647 ms [UE 10755] UL Throughput = 0.74570 Mbps
24699 ms [UE 12658] UL Throughput = 0.00000 Mbps
24699 ms [UE 23066] UL Throughput = 0.00000 Mbps
24699 ms [UE 42750] UL Throughput = 0.00000 Mbps
24749 ms [UE 17403] UL Throughput = 0.83906 Mbps
24749 ms [UE 10755] UL Throughput = 0.80883 Mbps
24806 ms [UE 12658] UL Throughput = 0.76637 Mbps
24806 ms [UE 23066] UL Throughput = 0.00000 Mbps
24806 ms [UE 42750] UL Throughput = 0.92926 Mbps
24858 ms [UE 17403] UL Throughput = 0.00000 Mbps
24858 ms [UE 10755] UL Throughput = 0.16032 Mbps
24918 ms [UE 12658] UL Throughput = 0.00000 Mbps
24918 ms [UE 23066] UL Throughput = 0.12903 Mbps
24918 ms [UE 42750] UL Throughput = 0.00000 Mbps
24943 ms | now=1755746071977783 us | PDCP ind_msg latency=70977679 us
24958 ms [UE 17403] UL Throughput = 0.69557 Mbps
24958 ms [UE 10755] UL Throughput = 0.81841 Mbps
25019 ms [UE 12658] UL Throughput = 0.00000 Mbps
25019 ms [UE 23066] UL Throughput = 0.64692 Mbps
25019 ms [UE 42750] UL Throughput = 0.80871 Mbps
25068 ms [UE 17403] UL Throughput = 1.52462 Mbps
25068 ms [UE 10755] UL Throughput = 0.00000 Mbps
25126 ms [UE 12658] UL Throughput = 0.16287 Mbps
25126 ms [UE 23066] UL Throughput = 0.00000 Mbps
25126 ms [UE 42750] UL Throughput = 0.00000 Mbps
25178 ms [UE 17403] UL Throughput = 0.00000 Mbps
25178 ms [UE 10755] UL Throughput = 0.15847 Mbps
25235 ms [UE 12658] UL Throughput = 0.75100 Mbps
25235 ms [UE 23066] UL Throughput = 0.00000 Mbps
25235 ms [UE 42750] UL Throughput = 0.75100 Mbps
25288 ms [UE 17403] UL Throughput = 0.59635 Mbps
25288 ms [UE 10755] UL Throughput = 0.74549 Mbps
25335 ms [UE 12658] UL Throughput = 0.71634 Mbps
25335 ms [UE 23066] UL Throughput = 0.79859 Mbps
25335 ms [UE 42750] UL Throughput = 0.00000 Mbps
25398 ms [UE 17403] UL Throughput = 0.68653 Mbps
25398 ms [UE 10755] UL Throughput = 0.15783 Mbps
25435 ms [UE 12658] UL Throughput = 0.00000 Mbps
25435 ms [UE 23066] UL Throughput = 0.00000 Mbps
25435 ms [UE 42750] UL Throughput = 0.00000 Mbps
25508 ms [UE 17403] UL Throughput = 0.00000 Mbps
25508 ms [UE 10755] UL Throughput = 0.74411 Mbps
25535 ms [UE 12658] UL Throughput = 0.00000 Mbps
25535 ms [UE 23066] UL Throughput = 0.00000 Mbps
25535 ms [UE 42750] UL Throughput = 0.17410 Mbps
25619 ms [UE 17403] UL Throughput = 0.83227 Mbps
25619 ms [UE 10755] UL Throughput = 0.74217 Mbps
25636 ms [UE 12658] UL Throughput = 0.00000 Mbps
25636 ms [UE 23066] UL Throughput = 0.65077 Mbps
25636 ms [UE 42750] UL Throughput = 0.81352 Mbps
25719 ms [UE 17403] UL Throughput = 0.75717 Mbps
25719 ms [UE 10755] UL Throughput = 0.99302 Mbps
25750 ms [UE 12658] UL Throughput = 0.15233 Mbps
25750 ms [UE 23066] UL Throughput = 0.00000 Mbps
25750 ms [UE 42750] UL Throughput = 0.00000 Mbps
25827 ms [UE 17403] UL Throughput = 0.00000 Mbps
25827 ms [UE 10755] UL Throughput = 0.00000 Mbps
25856 ms [UE 12658] UL Throughput = 0.77525 Mbps
25856 ms [UE 23066] UL Throughput = 0.00000 Mbps
25856 ms [UE 42750] UL Throughput = 0.77525 Mbps
25928 ms [UE 17403] UL Throughput = 0.81566 Mbps
25928 ms [UE 10755] UL Throughput = 0.81830 Mbps
25966 ms [UE 12658] UL Throughput = 0.74934 Mbps
25966 ms [UE 23066] UL Throughput = 0.73054 Mbps
25966 ms [UE 42750] UL Throughput = 0.00000 Mbps
25980 ms | now=1755746073014224 us | PDCP ind_msg latency=70977307 us
26028 ms [UE 17403] UL Throughput = 0.16079 Mbps
26028 ms [UE 10755] UL Throughput = 0.81688 Mbps
26066 ms [UE 12658] UL Throughput = 0.00000 Mbps
26066 ms [UE 23066] UL Throughput = 0.00000 Mbps
26066 ms [UE 42750] UL Throughput = 0.00000 Mbps
26128 ms [UE 17403] UL Throughput = 0.75730 Mbps
26128 ms [UE 10755] UL Throughput = 0.00000 Mbps
26176 ms [UE 12658] UL Throughput = 0.00000 Mbps
26176 ms [UE 23066] UL Throughput = 0.59657 Mbps
26176 ms [UE 42750] UL Throughput = 0.81068 Mbps
26237 ms [UE 17403] UL Throughput = 0.69217 Mbps
26237 ms [UE 10755] UL Throughput = 0.90777 Mbps
26286 ms [UE 12658] UL Throughput = 0.83035 Mbps
26286 ms [UE 23066] UL Throughput = 0.00000 Mbps
26286 ms [UE 42750] UL Throughput = 0.00000 Mbps
26348 ms [UE 17403] UL Throughput = 0.00000 Mbps
26348 ms [UE 10755] UL Throughput = 0.00000 Mbps
26396 ms [UE 12658] UL Throughput = 0.00000 Mbps
26396 ms [UE 23066] UL Throughput = 0.00000 Mbps
26396 ms [UE 42750] UL Throughput = 0.00000 Mbps
26457 ms [UE 17403] UL Throughput = 0.69572 Mbps
26457 ms [UE 10755] UL Throughput = 0.91243 Mbps
26496 ms [UE 12658] UL Throughput = 0.00000 Mbps
26496 ms [UE 23066] UL Throughput = 0.74740 Mbps
26496 ms [UE 42750] UL Throughput = 0.00000 Mbps
26557 ms [UE 17403] UL Throughput = 0.16131 Mbps
26557 ms [UE 10755] UL Throughput = 0.81953 Mbps
26605 ms [UE 12658] UL Throughput = 0.75042 Mbps
26605 ms [UE 23066] UL Throughput = 0.00000 Mbps
26605 ms [UE 42750] UL Throughput = 0.00000 Mbps
26659 ms [UE 17403] UL Throughput = 0.64333 Mbps
26659 ms [UE 10755] UL Throughput = 0.00000 Mbps
26705 ms [UE 12658] UL Throughput = 0.00000 Mbps
26705 ms [UE 23066] UL Throughput = 0.79753 Mbps
26705 ms [UE 42750] UL Throughput = 0.73622 Mbps
26768 ms [UE 17403] UL Throughput = 0.77342 Mbps
26768 ms [UE 10755] UL Throughput = 0.00000 Mbps
26815 ms [UE 12658] UL Throughput = 0.00000 Mbps
26815 ms [UE 23066] UL Throughput = 0.00000 Mbps
26815 ms [UE 42750] UL Throughput = 0.00000 Mbps
26868 ms [UE 17403] UL Throughput = 0.00000 Mbps
26868 ms [UE 10755] UL Throughput = 0.00000 Mbps
26925 ms [UE 12658] UL Throughput = 0.81215 Mbps
26925 ms [UE 23066] UL Throughput = 0.00000 Mbps
26925 ms [UE 42750] UL Throughput = 0.74712 Mbps
26978 ms [UE 17403] UL Throughput = 0.68902 Mbps
26978 ms [UE 10755] UL Throughput = 0.90364 Mbps
27007 ms | now=1755746074041893 us | PDCP ind_msg latency=70977710 us
27025 ms [UE 12658] UL Throughput = 0.00000 Mbps
27025 ms [UE 23066] UL Throughput = 0.00000 Mbps
27025 ms [UE 42750] UL Throughput = 0.00000 Mbps
27078 ms [UE 17403] UL Throughput = 0.16027 Mbps
27078 ms [UE 10755] UL Throughput = 0.00000 Mbps
27125 ms [UE 12658] UL Throughput = 0.81888 Mbps
27125 ms [UE 23066] UL Throughput = 0.79834 Mbps
27125 ms [UE 42750] UL Throughput = 0.00000 Mbps
27188 ms [UE 17403] UL Throughput = 0.69345 Mbps
27188 ms [UE 10755] UL Throughput = 0.67500 Mbps
27236 ms [UE 12658] UL Throughput = 0.00000 Mbps
27236 ms [UE 23066] UL Throughput = 0.00000 Mbps
27236 ms [UE 42750] UL Throughput = 0.15706 Mbps
27288 ms [UE 17403] UL Throughput = 0.65195 Mbps
27288 ms [UE 10755] UL Throughput = 0.98822 Mbps
27345 ms [UE 12658] UL Throughput = 0.00000 Mbps
27345 ms [UE 23066] UL Throughput = 0.60073 Mbps
27345 ms [UE 42750] UL Throughput = 0.75097 Mbps
27398 ms [UE 17403] UL Throughput = 0.00000 Mbps
27398 ms [UE 10755] UL Throughput = 0.00000 Mbps
27456 ms [UE 12658] UL Throughput = 0.90221 Mbps
27456 ms [UE 23066] UL Throughput = 0.00000 Mbps
27456 ms [UE 42750] UL Throughput = 0.74406 Mbps
27508 ms [UE 17403] UL Throughput = 0.68807 Mbps
27508 ms [UE 10755] UL Throughput = 0.90240 Mbps
27568 ms [UE 12658] UL Throughput = 0.00000 Mbps
27568 ms [UE 23066] UL Throughput = 0.00000 Mbps
27568 ms [UE 42750] UL Throughput = 0.00000 Mbps
27618 ms [UE 17403] UL Throughput = 0.14724 Mbps
27618 ms [UE 10755] UL Throughput = 0.74801 Mbps
27675 ms [UE 12658] UL Throughput = 0.66726 Mbps
27675 ms [UE 23066] UL Throughput = 0.74388 Mbps
27675 ms [UE 42750] UL Throughput = 0.00000 Mbps
27728 ms [UE 17403] UL Throughput = 0.68821 Mbps
27728 ms [UE 10755] UL Throughput = 0.00000 Mbps
27776 ms [UE 12658] UL Throughput = 0.00000 Mbps
27776 ms [UE 23066] UL Throughput = 0.00000 Mbps
27776 ms [UE 42750] UL Throughput = 0.17352 Mbps
27838 ms [UE 17403] UL Throughput = 0.68658 Mbps
27838 ms [UE 10755] UL Throughput = 0.90044 Mbps
27885 ms [UE 12658] UL Throughput = 0.00000 Mbps
27885 ms [UE 23066] UL Throughput = 0.59850 Mbps
27885 ms [UE 42750] UL Throughput = 0.74817 Mbps
27947 ms [UE 17403] UL Throughput = 0.14760 Mbps
27947 ms [UE 10755] UL Throughput = 0.00000 Mbps
27985 ms [UE 12658] UL Throughput = 0.00000 Mbps
27985 ms [UE 23066] UL Throughput = 0.00000 Mbps
27985 ms [UE 42750] UL Throughput = 0.00000 Mbps
28046 ms | now=1755746075081017 us | PDCP ind_msg latency=70977103 us
28058 ms [UE 17403] UL Throughput = 0.59366 Mbps
28058 ms [UE 10755] UL Throughput = 0.74213 Mbps
28086 ms [UE 12658] UL Throughput = 0.98541 Mbps
28086 ms [UE 23066] UL Throughput = 0.00000 Mbps
28086 ms [UE 42750] UL Throughput = 0.81267 Mbps
28168 ms [UE 17403] UL Throughput = 0.83814 Mbps
28168 ms [UE 10755] UL Throughput = 0.74740 Mbps
28195 ms [UE 12658] UL Throughput = 0.00000 Mbps
28195 ms [UE 23066] UL Throughput = 0.00000 Mbps
28195 ms [UE 42750] UL Throughput = 0.00000 Mbps
28269 ms [UE 17403] UL Throughput = 0.00000 Mbps
28269 ms [UE 10755] UL Throughput = 0.00000 Mbps
28307 ms [UE 12658] UL Throughput = 0.73340 Mbps
28307 ms [UE 23066] UL Throughput = 0.71500 Mbps
28307 ms [UE 42750] UL Throughput = 0.00000 Mbps
28378 ms [UE 17403] UL Throughput = 0.69872 Mbps
28378 ms [UE 10755] UL Throughput = 0.91637 Mbps
28416 ms [UE 12658] UL Throughput = 0.00000 Mbps
28416 ms [UE 23066] UL Throughput = 0.00000 Mbps
28416 ms [UE 42750] UL Throughput = 0.91731 Mbps
28479 ms [UE 17403] UL Throughput = 0.16645 Mbps
28479 ms [UE 10755] UL Throughput = 0.00000 Mbps
28516 ms [UE 12658] UL Throughput = 0.00000 Mbps
28516 ms [UE 23066] UL Throughput = 0.58349 Mbps
28516 ms [UE 42750] UL Throughput = 0.00000 Mbps
28588 ms [UE 17403] UL Throughput = 1.43307 Mbps
28588 ms [UE 10755] UL Throughput = 0.00000 Mbps
28625 ms [UE 12658] UL Throughput = 0.15883 Mbps
28625 ms [UE 23066] UL Throughput = 0.00000 Mbps
28625 ms [UE 42750] UL Throughput = 0.00000 Mbps
28697 ms [UE 17403] UL Throughput = 0.63534 Mbps
28697 ms [UE 10755] UL Throughput = 0.90643 Mbps
28725 ms [UE 12658] UL Throughput = 0.81879 Mbps
28725 ms [UE 23066] UL Throughput = 0.00000 Mbps
28725 ms [UE 42750] UL Throughput = 0.81879 Mbps
28798 ms [UE 17403] UL Throughput = 0.00000 Mbps
28798 ms [UE 10755] UL Throughput = 0.00000 Mbps
28835 ms [UE 12658] UL Throughput = 0.00000 Mbps
28835 ms [UE 23066] UL Throughput = 0.72805 Mbps
28835 ms [UE 42750] UL Throughput = 0.00000 Mbps
28907 ms [UE 17403] UL Throughput = 0.71350 Mbps
28907 ms [UE 10755] UL Throughput = 0.91047 Mbps
28935 ms [UE 12658] UL Throughput = 0.81974 Mbps
28935 ms [UE 23066] UL Throughput = 0.00000 Mbps
28935 ms [UE 42750] UL Throughput = 0.00000 Mbps
29017 ms [UE 17403] UL Throughput = 0.15369 Mbps
29017 ms [UE 10755] UL Throughput = 0.00000 Mbps
29035 ms [UE 12658] UL Throughput = 0.00000 Mbps
29035 ms [UE 23066] UL Throughput = 0.00000 Mbps
29035 ms [UE 42750] UL Throughput = 0.99260 Mbps
29085 ms | now=1755746076119709 us | PDCP ind_msg latency=70977741 us
29118 ms [UE 17403] UL Throughput = 0.77699 Mbps
29118 ms [UE 10755] UL Throughput = 0.81769 Mbps
29146 ms [UE 12658] UL Throughput = 0.00000 Mbps
29146 ms [UE 23066] UL Throughput = 0.59402 Mbps
29146 ms [UE 42750] UL Throughput = 0.00000 Mbps
29219 ms [UE 17403] UL Throughput = 0.76966 Mbps
29219 ms [UE 10755] UL Throughput = 0.17216 Mbps
29255 ms [UE 12658] UL Throughput = 0.90686 Mbps
29255 ms [UE 23066] UL Throughput = 0.00000 Mbps
29255 ms [UE 42750] UL Throughput = 0.65403 Mbps
29330 ms [UE 17403] UL Throughput = 0.00000 Mbps
29330 ms [UE 10755] UL Throughput = 0.73806 Mbps
29357 ms [UE 12658] UL Throughput = 0.00000 Mbps
29357 ms [UE 23066] UL Throughput = 0.00000 Mbps
29357 ms [UE 42750] UL Throughput = 0.00000 Mbps
29437 ms [UE 17403] UL Throughput = 0.80543 Mbps
29437 ms [UE 10755] UL Throughput = 0.76271 Mbps
29465 ms [UE 12658] UL Throughput = 0.67962 Mbps
29465 ms [UE 23066] UL Throughput = 0.68905 Mbps
29465 ms [UE 42750] UL Throughput = 0.00000 Mbps
29538 ms [UE 17403] UL Throughput = 0.00000 Mbps
29538 ms [UE 10755] UL Throughput = 0.17357 Mbps
29566 ms [UE 12658] UL Throughput = 0.00000 Mbps
29566 ms [UE 23066] UL Throughput = 0.00000 Mbps
29566 ms [UE 42750] UL Throughput = 0.00000 Mbps
29648 ms [UE 17403] UL Throughput = 0.65357 Mbps
29648 ms [UE 10755] UL Throughput = 0.67261 Mbps
29675 ms [UE 12658] UL Throughput = 0.00000 Mbps
29675 ms [UE 23066] UL Throughput = 0.59812 Mbps
29675 ms [UE 42750] UL Throughput = 0.67291 Mbps
29748 ms [UE 17403] UL Throughput = 0.16845 Mbps
29748 ms [UE 10755] UL Throughput = 0.81728 Mbps
29785 ms [UE 12658] UL Throughput = 0.00000 Mbps
29785 ms [UE 23066] UL Throughput = 0.00000 Mbps
29785 ms [UE 42750] UL Throughput = 0.00000 Mbps
29848 ms [UE 17403] UL Throughput = 0.00000 Mbps
29848 ms [UE 10755] UL Throughput = 0.00000 Mbps
29885 ms [UE 12658] UL Throughput = 0.99195 Mbps
29885 ms [UE 23066] UL Throughput = 0.00000 Mbps
29885 ms [UE 42750] UL Throughput = 0.81807 Mbps
29957 ms [UE 17403] UL Throughput = 0.71410 Mbps
29957 ms [UE 10755] UL Throughput = 0.91124 Mbps
29996 ms [UE 12658] UL Throughput = 0.64939 Mbps
29996 ms [UE 23066] UL Throughput = 0.59402 Mbps
29996 ms [UE 42750] UL Throughput = 0.15784 Mbps
30068 ms [UE 17403] UL Throughput = 0.00000 Mbps
30068 ms [UE 10755] UL Throughput = 0.15814 Mbps
30107 ms [UE 12658] UL Throughput = 0.00000 Mbps
30107 ms [UE 23066] UL Throughput = 0.00000 Mbps
30107 ms [UE 42750] UL Throughput = 0.00000 Mbps
30118 ms | now=1755746077152689 us | PDCP ind_msg latency=70977719 us
30168 ms [UE 17403] UL Throughput = 0.77395 Mbps
30168 ms [UE 10755] UL Throughput = 0.71227 Mbps
30215 ms [UE 12658] UL Throughput = 0.00000 Mbps
30215 ms [UE 23066] UL Throughput = 0.00000 Mbps
30215 ms [UE 42750] UL Throughput = 0.91864 Mbps
30278 ms [UE 17403] UL Throughput = 0.15466 Mbps
30278 ms [UE 10755] UL Throughput = 0.75036 Mbps
30316 ms [UE 12658] UL Throughput = 0.17365 Mbps
30316 ms [UE 23066] UL Throughput = 0.00000 Mbps
30316 ms [UE 42750] UL Throughput = 0.00000 Mbps
30378 ms [UE 17403] UL Throughput = 0.00000 Mbps
30378 ms [UE 10755] UL Throughput = 0.00000 Mbps
30425 ms [UE 12658] UL Throughput = 0.74602 Mbps
30425 ms [UE 23066] UL Throughput = 0.59677 Mbps
30425 ms [UE 42750] UL Throughput = 0.00000 Mbps
30488 ms [UE 17403] UL Throughput = 0.71273 Mbps
30488 ms [UE 10755] UL Throughput = 0.90948 Mbps
30535 ms [UE 12658] UL Throughput = 0.00000 Mbps
30535 ms [UE 23066] UL Throughput = 0.59725 Mbps
30535 ms [UE 42750] UL Throughput = 0.15869 Mbps
30597 ms [UE 17403] UL Throughput = 0.00000 Mbps
30597 ms [UE 10755] UL Throughput = 0.15858 Mbps
30638 ms [UE 12658] UL Throughput = 0.00000 Mbps
30638 ms [UE 23066] UL Throughput = 0.00000 Mbps
30638 ms [UE 42750] UL Throughput = 0.79729 Mbps
30698 ms [UE 17403] UL Throughput = 0.77583 Mbps
30698 ms [UE 10755] UL Throughput = 0.81647 Mbps
30745 ms [UE 12658] UL Throughput = 0.00000 Mbps
30745 ms [UE 23066] UL Throughput = 0.00000 Mbps
30745 ms [UE 42750] UL Throughput = 0.00000 Mbps
30807 ms [UE 17403] UL Throughput = 0.86502 Mbps
30807 ms [UE 10755] UL Throughput = 0.65418 Mbps
30845 ms [UE 12658] UL Throughput = 0.99209 Mbps
30845 ms [UE 23066] UL Throughput = 0.00000 Mbps
30845 ms [UE 42750] UL Throughput = 0.71550 Mbps
30908 ms [UE 17403] UL Throughput = 0.00000 Mbps
30908 ms [UE 10755] UL Throughput = 0.00000 Mbps
30946 ms [UE 12658] UL Throughput = 0.00000 Mbps
30946 ms [UE 23066] UL Throughput = 0.00000 Mbps
30946 ms [UE 42750] UL Throughput = 0.00000 Mbps
31018 ms [UE 17403] UL Throughput = 0.15371 Mbps
31018 ms [UE 10755] UL Throughput = 0.74576 Mbps
31056 ms [UE 12658] UL Throughput = 0.75104 Mbps
31056 ms [UE 23066] UL Throughput = 0.73220 Mbps
31056 ms [UE 42750] UL Throughput = 0.00000 Mbps
31127 ms [UE 17403] UL Throughput = 0.00000 Mbps
31127 ms [UE 10755] UL Throughput = 0.15907 Mbps
31148 ms | now=1755746078182460 us | PDCP ind_msg latency=70977481 us
31166 ms [UE 12658] UL Throughput = 0.00000 Mbps
31166 ms [UE 23066] UL Throughput = 0.00000 Mbps
31166 ms [UE 42750] UL Throughput = 0.15832 Mbps
31227 ms [UE 17403] UL Throughput = 0.00000 Mbps
31227 ms [UE 10755] UL Throughput = 0.81947 Mbps
31275 ms [UE 12658] UL Throughput = 0.74719 Mbps
31275 ms [UE 23066] UL Throughput = 0.00000 Mbps
31275 ms [UE 42750] UL Throughput = 0.74719 Mbps
31328 ms [UE 17403] UL Throughput = 0.77267 Mbps
31328 ms [UE 10755] UL Throughput = 0.98597 Mbps
31375 ms [UE 12658] UL Throughput = 0.00000 Mbps
31375 ms [UE 23066] UL Throughput = 0.79920 Mbps
31375 ms [UE 42750] UL Throughput = 0.81976 Mbps
31438 ms [UE 17403] UL Throughput = 0.00000 Mbps
31438 ms [UE 10755] UL Throughput = 0.00000 Mbps
31477 ms [UE 12658] UL Throughput = 0.00000 Mbps
31477 ms [UE 23066] UL Throughput = 0.00000 Mbps
31477 ms [UE 42750] UL Throughput = 0.00000 Mbps
31548 ms [UE 17403] UL Throughput = 0.70836 Mbps
31548 ms [UE 10755] UL Throughput = 0.81035 Mbps
31585 ms [UE 12658] UL Throughput = 0.91706 Mbps
31585 ms [UE 23066] UL Throughput = 0.53865 Mbps
31585 ms [UE 42750] UL Throughput = 0.00000 Mbps
31648 ms [UE 17403] UL Throughput = 0.77357 Mbps
31648 ms [UE 10755] UL Throughput = 0.00000 Mbps
31695 ms [UE 12658] UL Throughput = 0.00000 Mbps
31695 ms [UE 23066] UL Throughput = 0.00000 Mbps
31695 ms [UE 42750] UL Throughput = 0.15845 Mbps
31757 ms [UE 17403] UL Throughput = 0.00000 Mbps
31757 ms [UE 10755] UL Throughput = 0.75113 Mbps
31797 ms [UE 12658] UL Throughput = 0.80922 Mbps
31797 ms [UE 23066] UL Throughput = 0.00000 Mbps
31797 ms [UE 42750] UL Throughput = 0.80922 Mbps
31868 ms [UE 17403] UL Throughput = 0.15307 Mbps
31868 ms [UE 10755] UL Throughput = 0.74268 Mbps
31905 ms [UE 12658] UL Throughput = 0.00000 Mbps
31905 ms [UE 23066] UL Throughput = 0.73823 Mbps
31905 ms [UE 42750] UL Throughput = 0.75722 Mbps
31977 ms [UE 17403] UL Throughput = 0.15421 Mbps
31977 ms [UE 10755] UL Throughput = 0.00000 Mbps
32005 ms [UE 12658] UL Throughput = 0.00000 Mbps
32005 ms [UE 23066] UL Throughput = 0.00000 Mbps
32005 ms [UE 42750] UL Throughput = 0.00000 Mbps
32080 ms [UE 17403] UL Throughput = 0.76031 Mbps
32080 ms [UE 10755] UL Throughput = 0.80013 Mbps
32115 ms [UE 12658] UL Throughput = 0.90440 Mbps
32115 ms [UE 23066] UL Throughput = 0.59665 Mbps
32115 ms [UE 42750] UL Throughput = 0.00000 Mbps
32176 ms | now=1755746079211165 us | PDCP ind_msg latency=70977249 us
32188 ms [UE 17403] UL Throughput = 0.72027 Mbps
32188 ms [UE 10755] UL Throughput = 0.82397 Mbps
32216 ms [UE 12658] UL Throughput = 0.00000 Mbps
32216 ms [UE 23066] UL Throughput = 0.00000 Mbps
32216 ms [UE 42750] UL Throughput = 0.00000 Mbps
32298 ms [UE 17403] UL Throughput = 0.00000 Mbps
32298 ms [UE 10755] UL Throughput = 0.00000 Mbps
32326 ms [UE 12658] UL Throughput = 0.00000 Mbps
32326 ms [UE 23066] UL Throughput = 0.53241 Mbps
32326 ms [UE 42750] UL Throughput = 0.90645 Mbps
32407 ms [UE 17403] UL Throughput = 0.65753 Mbps
32407 ms [UE 10755] UL Throughput = 0.67668 Mbps
32436 ms [UE 12658] UL Throughput = 0.82481 Mbps
32436 ms [UE 23066] UL Throughput = 0.00000 Mbps
32436 ms [UE 42750] UL Throughput = 0.00000 Mbps
32507 ms [UE 17403] UL Throughput = 0.16866 Mbps
32507 ms [UE 10755] UL Throughput = 0.00000 Mbps
32547 ms [UE 12658] UL Throughput = 0.00000 Mbps
32547 ms [UE 23066] UL Throughput = 0.00000 Mbps
32547 ms [UE 42750] UL Throughput = 0.00000 Mbps
32608 ms [UE 17403] UL Throughput = 0.77839 Mbps
32608 ms [UE 10755] UL Throughput = 0.81916 Mbps
32658 ms [UE 12658] UL Throughput = 0.73630 Mbps
32658 ms [UE 23066] UL Throughput = 0.54301 Mbps
32658 ms [UE 42750] UL Throughput = 0.00000 Mbps
32708 ms [UE 17403] UL Throughput = 0.00000 Mbps
32708 ms [UE 10755] UL Throughput = 0.17369 Mbps
32766 ms [UE 12658] UL Throughput = 0.00000 Mbps
32766 ms [UE 23066] UL Throughput = 0.00000 Mbps
32766 ms [UE 42750] UL Throughput = 0.00000 Mbps
32808 ms [UE 17403] UL Throughput = 0.77594 Mbps
32808 ms [UE 10755] UL Throughput = 0.81658 Mbps
32878 ms [UE 12658] UL Throughput = 0.72698 Mbps
32878 ms [UE 23066] UL Throughput = 0.12721 Mbps
32878 ms [UE 42750] UL Throughput = 0.65426 Mbps
32918 ms [UE 17403] UL Throughput = 0.78929 Mbps
32918 ms [UE 10755] UL Throughput = 0.74742 Mbps
32985 ms [UE 12658] UL Throughput = 0.00000 Mbps
32985 ms [UE 23066] UL Throughput = 0.68223 Mbps
32985 ms [UE 42750] UL Throughput = 0.76898 Mbps
33028 ms [UE 17403] UL Throughput = 0.00000 Mbps
33028 ms [UE 10755] UL Throughput = 0.15859 Mbps
33087 ms [UE 12658] UL Throughput = 0.00000 Mbps
33087 ms [UE 23066] UL Throughput = 0.00000 Mbps
33087 ms [UE 42750] UL Throughput = 0.00000 Mbps
33128 ms [UE 17403] UL Throughput = 0.00000 Mbps
33128 ms [UE 10755] UL Throughput = 0.81524 Mbps
33195 ms [UE 12658] UL Throughput = 0.91535 Mbps
33195 ms [UE 23066] UL Throughput = 0.60388 Mbps
33195 ms [UE 42750] UL Throughput = 0.00000 Mbps
33222 ms | now=1755746080256470 us | PDCP ind_msg latency=70977559 us
33238 ms [UE 17403] UL Throughput = 0.86321 Mbps
33238 ms [UE 10755] UL Throughput = 0.74650 Mbps
33299 ms [UE 12658] UL Throughput = 0.00000 Mbps
33299 ms [UE 23066] UL Throughput = 0.00000 Mbps
33299 ms [UE 42750] UL Throughput = 0.95890 Mbps
33348 ms [UE 17403] UL Throughput = 0.00000 Mbps
33348 ms [UE 10755] UL Throughput = 0.00000 Mbps
33406 ms [UE 12658] UL Throughput = 0.00000 Mbps
33406 ms [UE 23066] UL Throughput = 0.61376 Mbps
33406 ms [UE 42750] UL Throughput = 0.00000 Mbps
33448 ms [UE 17403] UL Throughput = 0.77242 Mbps
33448 ms [UE 10755] UL Throughput = 0.98565 Mbps
33516 ms [UE 12658] UL Throughput = 0.90478 Mbps
33516 ms [UE 23066] UL Throughput = 0.00000 Mbps
33516 ms [UE 42750] UL Throughput = 0.74618 Mbps
33548 ms [UE 17403] UL Throughput = 0.00000 Mbps
33548 ms [UE 10755] UL Throughput = 0.00000 Mbps
33626 ms [UE 12658] UL Throughput = 0.64998 Mbps
33626 ms [UE 23066] UL Throughput = 0.72462 Mbps
33626 ms [UE 42750] UL Throughput = 0.00000 Mbps
33658 ms [UE 17403] UL Throughput = 0.79300 Mbps
33658 ms [UE 10755] UL Throughput = 0.75094 Mbps
33735 ms [UE 12658] UL Throughput = 0.00000 Mbps
33735 ms [UE 23066] UL Throughput = 0.00000 Mbps
33735 ms [UE 42750] UL Throughput = 0.00000 Mbps
33758 ms [UE 17403] UL Throughput = 0.16834 Mbps
33758 ms [UE 10755] UL Throughput = 0.00000 Mbps
33846 ms [UE 12658] UL Throughput = 0.00000 Mbps
33846 ms [UE 23066] UL Throughput = 0.59255 Mbps
33846 ms [UE 42750] UL Throughput = 0.89818 Mbps
33868 ms [UE 17403] UL Throughput = 0.70644 Mbps
33868 ms [UE 10755] UL Throughput = 0.74345 Mbps
33955 ms [UE 12658] UL Throughput = 0.90999 Mbps
33955 ms [UE 23066] UL Throughput = 0.00000 Mbps
33955 ms [UE 42750] UL Throughput = 0.75048 Mbps
33978 ms [UE 17403] UL Throughput = 0.00000 Mbps
33978 ms [UE 10755] UL Throughput = 0.90379 Mbps
34055 ms [UE 12658] UL Throughput = 0.00000 Mbps
34055 ms [UE 23066] UL Throughput = 0.00000 Mbps
34055 ms [UE 42750] UL Throughput = 0.00000 Mbps
34087 ms [UE 17403] UL Throughput = 0.00000 Mbps
34087 ms [UE 10755] UL Throughput = 0.00000 Mbps
34165 ms [UE 12658] UL Throughput = 0.74566 Mbps
34165 ms [UE 23066] UL Throughput = 0.72696 Mbps
34165 ms [UE 42750] UL Throughput = 0.00000 Mbps
34188 ms [UE 17403] UL Throughput = 0.94434 Mbps
34188 ms [UE 10755] UL Throughput = 0.81666 Mbps
34246 ms | now=1755746081280512 us | PDCP ind_msg latency=70977487 us
34265 ms [UE 12658] UL Throughput = 0.00000 Mbps
34265 ms [UE 23066] UL Throughput = 0.00000 Mbps
34265 ms [UE 42750] UL Throughput = 0.99209 Mbps
34289 ms [UE 17403] UL Throughput = 0.00000 Mbps
34289 ms [UE 10755] UL Throughput = 0.17134 Mbps
34366 ms [UE 12658] UL Throughput = 0.00000 Mbps
34366 ms [UE 23066] UL Throughput = 0.58250 Mbps
34366 ms [UE 42750] UL Throughput = 0.00000 Mbps
34398 ms [UE 17403] UL Throughput = 0.71799 Mbps
34398 ms [UE 10755] UL Throughput = 0.66077 Mbps
34466 ms [UE 12658] UL Throughput = 0.99400 Mbps
34466 ms [UE 23066] UL Throughput = 0.00000 Mbps
34466 ms [UE 42750] UL Throughput = 0.00000 Mbps
34508 ms [UE 17403] UL Throughput = 0.70806 Mbps
34508 ms [UE 10755] UL Throughput = 0.15838 Mbps
34576 ms [UE 12658] UL Throughput = 0.00000 Mbps
34576 ms [UE 23066] UL Throughput = 0.00000 Mbps
34576 ms [UE 42750] UL Throughput = 0.74518 Mbps
34608 ms [UE 17403] UL Throughput = 0.00000 Mbps
34608 ms [UE 10755] UL Throughput = 0.81875 Mbps
34686 ms [UE 12658] UL Throughput = 0.74642 Mbps
34686 ms [UE 23066] UL Throughput = 0.72770 Mbps
34686 ms [UE 42750] UL Throughput = 0.00000 Mbps
34718 ms [UE 17403] UL Throughput = 0.85879 Mbps
34718 ms [UE 10755] UL Throughput = 0.74268 Mbps
34787 ms [UE 12658] UL Throughput = 0.00000 Mbps
34787 ms [UE 23066] UL Throughput = 0.00000 Mbps
34787 ms [UE 42750] UL Throughput = 0.98135 Mbps
34828 ms [UE 17403] UL Throughput = 0.00000 Mbps
34828 ms [UE 10755] UL Throughput = 0.15879 Mbps
34895 ms [UE 12658] UL Throughput = 0.00000 Mbps
34895 ms [UE 23066] UL Throughput = 0.00000 Mbps
34895 ms [UE 42750] UL Throughput = 0.00000 Mbps
34938 ms [UE 17403] UL Throughput = 0.00000 Mbps
34938 ms [UE 10755] UL Throughput = 0.74800 Mbps
34995 ms [UE 12658] UL Throughput = 0.99323 Mbps
34995 ms [UE 23066] UL Throughput = 0.00000 Mbps
34995 ms [UE 42750] UL Throughput = 0.71632 Mbps
35038 ms [UE 17403] UL Throughput = 0.16880 Mbps
35038 ms [UE 10755] UL Throughput = 0.81899 Mbps
35105 ms [UE 12658] UL Throughput = 0.15865 Mbps
35105 ms [UE 23066] UL Throughput = 0.00000 Mbps
35105 ms [UE 42750] UL Throughput = 0.00000 Mbps
35148 ms [UE 17403] UL Throughput = 0.63326 Mbps
35148 ms [UE 10755] UL Throughput = 0.00000 Mbps
35215 ms [UE 12658] UL Throughput = 0.67123 Mbps
35215 ms [UE 23066] UL Throughput = 0.00000 Mbps
35215 ms [UE 42750] UL Throughput = 0.67123 Mbps
35258 ms [UE 17403] UL Throughput = 0.00000 Mbps
35258 ms [UE 10755] UL Throughput = 0.66911 Mbps
35270 ms | now=1755746082304622 us | PDCP ind_msg latency=70977701 us
35316 ms [UE 12658] UL Throughput = 0.73509 Mbps
35316 ms [UE 23066] UL Throughput = 0.65339 Mbps
35316 ms [UE 42750] UL Throughput = 0.00000 Mbps
35368 ms [UE 17403] UL Throughput = 0.70990 Mbps
35368 ms [UE 10755] UL Throughput = 0.15879 Mbps
35425 ms [UE 12658] UL Throughput = 0.00000 Mbps
35425 ms [UE 23066] UL Throughput = 0.00000 Mbps
35425 ms [UE 42750] UL Throughput = 0.00000 Mbps
35478 ms [UE 17403] UL Throughput = 0.70534 Mbps
35478 ms [UE 10755] UL Throughput = 0.00000 Mbps
35525 ms [UE 12658] UL Throughput = 0.00000 Mbps
35525 ms [UE 23066] UL Throughput = 0.79798 Mbps
35525 ms [UE 42750] UL Throughput = 0.81851 Mbps
35588 ms [UE 17403] UL Throughput = 0.71023 Mbps
35588 ms [UE 10755] UL Throughput = 0.83153 Mbps
35626 ms [UE 12658] UL Throughput = 0.00000 Mbps
35626 ms [UE 23066] UL Throughput = 0.00000 Mbps
35626 ms [UE 42750] UL Throughput = 0.17368 Mbps
35688 ms [UE 17403] UL Throughput = 0.16895 Mbps
35688 ms [UE 10755] UL Throughput = 0.00000 Mbps
35735 ms [UE 12658] UL Throughput = 0.65506 Mbps
35735 ms [UE 23066] UL Throughput = 0.59921 Mbps
35735 ms [UE 42750] UL Throughput = 0.00000 Mbps
35798 ms [UE 17403] UL Throughput = 0.00000 Mbps
35798 ms [UE 10755] UL Throughput = 0.65197 Mbps
35835 ms [UE 12658] UL Throughput = 0.00000 Mbps
35835 ms [UE 23066] UL Throughput = 0.65410 Mbps
35835 ms [UE 42750] UL Throughput = 0.99148 Mbps
35908 ms [UE 17403] UL Throughput = 0.70958 Mbps
35908 ms [UE 10755] UL Throughput = 0.90547 Mbps
35936 ms [UE 12658] UL Throughput = 0.00000 Mbps
35936 ms [UE 23066] UL Throughput = 0.00000 Mbps
35936 ms [UE 42750] UL Throughput = 0.00000 Mbps
36008 ms [UE 17403] UL Throughput = 0.00000 Mbps
36008 ms [UE 10755] UL Throughput = 0.00000 Mbps
36046 ms [UE 12658] UL Throughput = 0.89876 Mbps
36046 ms [UE 23066] UL Throughput = 0.00000 Mbps
36046 ms [UE 42750] UL Throughput = 0.00000 Mbps
36118 ms [UE 17403] UL Throughput = 0.70819 Mbps
36118 ms [UE 10755] UL Throughput = 0.90369 Mbps
36147 ms [UE 12658] UL Throughput = 0.00000 Mbps
36147 ms [UE 23066] UL Throughput = 0.00000 Mbps
36147 ms [UE 42750] UL Throughput = 0.81653 Mbps
36218 ms [UE 17403] UL Throughput = 0.00000 Mbps
36218 ms [UE 10755] UL Throughput = 0.00000 Mbps
36255 ms [UE 12658] UL Throughput = 0.75603 Mbps
36255 ms [UE 23066] UL Throughput = 0.73707 Mbps
36255 ms [UE 42750] UL Throughput = 0.00000 Mbps
36313 ms | now=1755746083347290 us | PDCP ind_msg latency=70977373 us
36328 ms [UE 17403] UL Throughput = 0.86551 Mbps
36328 ms [UE 10755] UL Throughput = 0.74850 Mbps
36356 ms [UE 12658] UL Throughput = 0.00000 Mbps
36356 ms [UE 23066] UL Throughput = 0.00000 Mbps
36356 ms [UE 42750] UL Throughput = 0.17311 Mbps
36438 ms [UE 17403] UL Throughput = 0.78416 Mbps
36438 ms [UE 10755] UL Throughput = 0.74256 Mbps
36459 ms [UE 12658] UL Throughput = 0.00000 Mbps
36459 ms [UE 23066] UL Throughput = 0.56734 Mbps
36459 ms [UE 42750] UL Throughput = 0.79659 Mbps
36548 ms [UE 17403] UL Throughput = 0.00000 Mbps
36548 ms [UE 10755] UL Throughput = 0.00000 Mbps
36566 ms [UE 12658] UL Throughput = 0.92682 Mbps
36566 ms [UE 23066] UL Throughput = 0.61144 Mbps
36566 ms [UE 42750] UL Throughput = 0.00000 Mbps
36648 ms [UE 17403] UL Throughput = 0.94697 Mbps
36648 ms [UE 10755] UL Throughput = 0.81894 Mbps
36675 ms [UE 12658] UL Throughput = 0.00000 Mbps
36675 ms [UE 23066] UL Throughput = 0.00000 Mbps
36675 ms [UE 42750] UL Throughput = 0.00000 Mbps
36749 ms [UE 17403] UL Throughput = 0.00000 Mbps
36749 ms [UE 10755] UL Throughput = 0.00000 Mbps
36786 ms [UE 12658] UL Throughput = 0.73934 Mbps
36786 ms [UE 23066] UL Throughput = 0.00000 Mbps
36786 ms [UE 42750] UL Throughput = 0.89648 Mbps
36858 ms [UE 17403] UL Throughput = 0.71913 Mbps
36858 ms [UE 10755] UL Throughput = 0.91765 Mbps
36896 ms [UE 12658] UL Throughput = 0.00000 Mbps
36896 ms [UE 23066] UL Throughput = 0.72807 Mbps
36896 ms [UE 42750] UL Throughput = 0.00000 Mbps
36958 ms [UE 17403] UL Throughput = 0.16801 Mbps
36958 ms [UE 10755] UL Throughput = 0.81517 Mbps
37005 ms [UE 12658] UL Throughput = 0.00000 Mbps
37005 ms [UE 23066] UL Throughput = 0.00000 Mbps
37005 ms [UE 42750] UL Throughput = 0.74986 Mbps
37068 ms [UE 17403] UL Throughput = 0.71118 Mbps
37068 ms [UE 10755] UL Throughput = 0.00000 Mbps
37115 ms [UE 12658] UL Throughput = 0.90278 Mbps
37115 ms [UE 23066] UL Throughput = 0.53026 Mbps
37115 ms [UE 42750] UL Throughput = 0.00000 Mbps
37178 ms [UE 17403] UL Throughput = 0.70892 Mbps
37178 ms [UE 10755] UL Throughput = 0.81099 Mbps
37225 ms [UE 12658] UL Throughput = 0.00000 Mbps
37225 ms [UE 23066] UL Throughput = 0.00000 Mbps
37225 ms [UE 42750] UL Throughput = 0.90388 Mbps
37288 ms [UE 17403] UL Throughput = 0.00000 Mbps
37288 ms [UE 10755] UL Throughput = 0.00000 Mbps
37336 ms [UE 12658] UL Throughput = 0.73769 Mbps
37336 ms [UE 23066] UL Throughput = 0.00000 Mbps
37336 ms [UE 42750] UL Throughput = 0.00000 Mbps
37344 ms | now=1755746084378195 us | PDCP ind_msg latency=70977296 us
37398 ms [UE 17403] UL Throughput = 0.00000 Mbps
37398 ms [UE 10755] UL Throughput = 0.90429 Mbps
37446 ms [UE 12658] UL Throughput = 0.00000 Mbps
37446 ms [UE 23066] UL Throughput = 0.72888 Mbps
37446 ms [UE 42750] UL Throughput = 0.74764 Mbps
37508 ms [UE 17403] UL Throughput = 0.15377 Mbps
37508 ms [UE 10755] UL Throughput = 0.74606 Mbps
37555 ms [UE 12658] UL Throughput = 0.15931 Mbps
37555 ms [UE 23066] UL Throughput = 0.00000 Mbps
37555 ms [UE 42750] UL Throughput = 0.00000 Mbps
37608 ms [UE 17403] UL Throughput = 0.77448 Mbps
37608 ms [UE 10755] UL Throughput = 0.00000 Mbps
37656 ms [UE 12658] UL Throughput = 0.81861 Mbps
37656 ms [UE 23066] UL Throughput = 0.65484 Mbps
37656 ms [UE 42750] UL Throughput = 0.00000 Mbps
37717 ms [UE 17403] UL Throughput = 0.71373 Mbps
37717 ms [UE 10755] UL Throughput = 0.91076 Mbps
37756 ms [UE 12658] UL Throughput = 0.71444 Mbps
37756 ms [UE 23066] UL Throughput = 0.00000 Mbps
37756 ms [UE 42750] UL Throughput = 0.99061 Mbps
37828 ms [UE 17403] UL Throughput = 0.00000 Mbps
37828 ms [UE 10755] UL Throughput = 0.00000 Mbps
37865 ms [UE 12658] UL Throughput = 0.00000 Mbps
37865 ms [UE 23066] UL Throughput = 0.00000 Mbps
37865 ms [UE 42750] UL Throughput = 0.00000 Mbps
37938 ms [UE 17403] UL Throughput = 0.78491 Mbps
37938 ms [UE 10755] UL Throughput = 0.74327 Mbps
37975 ms [UE 12658] UL Throughput = 0.00000 Mbps
37975 ms [UE 23066] UL Throughput = 0.68005 Mbps
37975 ms [UE 42750] UL Throughput = 0.00000 Mbps
38047 ms [UE 17403] UL Throughput = 0.15411 Mbps
38047 ms [UE 10755] UL Throughput = 0.00000 Mbps
38075 ms [UE 12658] UL Throughput = 0.90972 Mbps
38075 ms [UE 23066] UL Throughput = 0.00000 Mbps
38075 ms [UE 42750] UL Throughput = 0.00000 Mbps
38148 ms [UE 17403] UL Throughput = 0.00000 Mbps
38148 ms [UE 10755] UL Throughput = 0.00000 Mbps
38186 ms [UE 12658] UL Throughput = 0.00000 Mbps
38186 ms [UE 23066] UL Throughput = 0.59480 Mbps
38186 ms [UE 42750] UL Throughput = 0.00000 Mbps
38258 ms [UE 17403] UL Throughput = 0.70682 Mbps
38258 ms [UE 10755] UL Throughput = 0.90194 Mbps
38295 ms [UE 12658] UL Throughput = 0.90579 Mbps
38295 ms [UE 23066] UL Throughput = 0.00000 Mbps
38295 ms [UE 42750] UL Throughput = 0.67229 Mbps
38368 ms [UE 17403] UL Throughput = 0.00000 Mbps
38368 ms [UE 10755] UL Throughput = 0.00000 Mbps
38370 ms | now=1755746085404589 us | PDCP ind_msg latency=70977629 us
38406 ms [UE 12658] UL Throughput = 0.00000 Mbps
38406 ms [UE 23066] UL Throughput = 0.00000 Mbps
38406 ms [UE 42750] UL Throughput = 0.00000 Mbps
38468 ms [UE 17403] UL Throughput = 0.71660 Mbps
38468 ms [UE 10755] UL Throughput = 0.73747 Mbps
38515 ms [UE 12658] UL Throughput = 0.00000 Mbps
38515 ms [UE 23066] UL Throughput = 0.13106 Mbps
38515 ms [UE 42750] UL Throughput = 0.65503 Mbps
38569 ms [UE 17403] UL Throughput = 0.16689 Mbps
38569 ms [UE 10755] UL Throughput = 0.80972 Mbps
38616 ms [UE 12658] UL Throughput = 0.17350 Mbps
38616 ms [UE 23066] UL Throughput = 0.00000 Mbps
38616 ms [UE 42750] UL Throughput = 0.00000 Mbps
38678 ms [UE 17403] UL Throughput = 0.63862 Mbps
38678 ms [UE 10755] UL Throughput = 0.00000 Mbps
38725 ms [UE 12658] UL Throughput = 0.74789 Mbps
38725 ms [UE 23066] UL Throughput = 0.00000 Mbps
38725 ms [UE 42750] UL Throughput = 0.74789 Mbps
38788 ms [UE 17403] UL Throughput = 0.70977 Mbps
38788 ms [UE 10755] UL Throughput = 0.90571 Mbps
38826 ms [UE 12658] UL Throughput = 0.17320 Mbps
38826 ms [UE 23066] UL Throughput = 0.00000 Mbps
38826 ms [UE 42750] UL Throughput = 0.00000 Mbps
38888 ms [UE 17403] UL Throughput = 0.16853 Mbps
38888 ms [UE 10755] UL Throughput = 0.00000 Mbps
38935 ms [UE 12658] UL Throughput = 0.00000 Mbps
38935 ms [UE 23066] UL Throughput = 0.59899 Mbps
38935 ms [UE 42750] UL Throughput = 0.74879 Mbps
38998 ms [UE 17403] UL Throughput = 0.70641 Mbps
38998 ms [UE 10755] UL Throughput = 0.74340 Mbps
39035 ms [UE 12658] UL Throughput = 0.81833 Mbps
39035 ms [UE 23066] UL Throughput = 0.79780 Mbps
39035 ms [UE 42750] UL Throughput = 0.00000 Mbps
39108 ms [UE 17403] UL Throughput = 0.71017 Mbps
39108 ms [UE 10755] UL Throughput = 0.90621 Mbps
39147 ms [UE 12658] UL Throughput = 0.00000 Mbps
39147 ms [UE 23066] UL Throughput = 0.00000 Mbps
39147 ms [UE 42750] UL Throughput = 0.00000 Mbps
39218 ms [UE 17403] UL Throughput = 0.00000 Mbps
39218 ms [UE 10755] UL Throughput = 0.00000 Mbps
39256 ms [UE 12658] UL Throughput = 0.75479 Mbps
39256 ms [UE 23066] UL Throughput = 0.00000 Mbps
39256 ms [UE 42750] UL Throughput = 0.82050 Mbps
39318 ms [UE 17403] UL Throughput = 0.86526 Mbps
39318 ms [UE 10755] UL Throughput = 0.81937 Mbps
39366 ms [UE 12658] UL Throughput = 0.00000 Mbps
39366 ms [UE 23066] UL Throughput = 0.72533 Mbps
39366 ms [UE 42750] UL Throughput = 0.74399 Mbps
39394 ms | now=1755746086428997 us | PDCP ind_msg latency=70978044 us
39418 ms [UE 17403] UL Throughput = 0.00000 Mbps
39418 ms [UE 10755] UL Throughput = 0.00000 Mbps
39476 ms [UE 12658] UL Throughput = 0.00000 Mbps
39476 ms [UE 23066] UL Throughput = 0.00000 Mbps
39476 ms [UE 42750] UL Throughput = 0.00000 Mbps
39528 ms [UE 17403] UL Throughput = 0.86377 Mbps
39528 ms [UE 10755] UL Throughput = 0.74699 Mbps
39586 ms [UE 12658] UL Throughput = 0.90900 Mbps
39586 ms [UE 23066] UL Throughput = 0.59968 Mbps
39586 ms [UE 42750] UL Throughput = 0.00000 Mbps
39638 ms [UE 17403] UL Throughput = 0.00000 Mbps
39638 ms [UE 10755] UL Throughput = 0.90363 Mbps
39695 ms [UE 12658] UL Throughput = 0.00000 Mbps
39695 ms [UE 23066] UL Throughput = 0.00000 Mbps
39695 ms [UE 42750] UL Throughput = 0.00000 Mbps
39738 ms [UE 17403] UL Throughput = 0.00000 Mbps
39738 ms [UE 10755] UL Throughput = 0.00000 Mbps
39796 ms [UE 12658] UL Throughput = 0.81447 Mbps
39796 ms [UE 23066] UL Throughput = 0.00000 Mbps
39796 ms [UE 42750] UL Throughput = 0.98759 Mbps
39838 ms [UE 17403] UL Throughput = 0.77805 Mbps
39838 ms [UE 10755] UL Throughput = 0.99284 Mbps
39908 ms [UE 12658] UL Throughput = 0.00000 Mbps
39908 ms [UE 23066] UL Throughput = 0.12797 Mbps
39908 ms [UE 42750] UL Throughput = 0.00000 Mbps
39938 ms [UE 17403] UL Throughput = 0.00000 Mbps
39938 ms [UE 10755] UL Throughput = 0.00000 Mbps
40015 ms [UE 12658] UL Throughput = 0.00000 Mbps
40015 ms [UE 23066] UL Throughput = 0.00000 Mbps
40015 ms [UE 42750] UL Throughput = 0.66716 Mbps
40048 ms [UE 17403] UL Throughput = 0.71099 Mbps
40048 ms [UE 10755] UL Throughput = 0.81336 Mbps
40116 ms [UE 12658] UL Throughput = 0.99321 Mbps
40116 ms [UE 23066] UL Throughput = 0.65524 Mbps
40116 ms [UE 42750] UL Throughput = 0.00000 Mbps
40148 ms [UE 17403] UL Throughput = 0.94706 Mbps
40148 ms [UE 10755] UL Throughput = 0.00000 Mbps
40226 ms [UE 12658] UL Throughput = 0.00000 Mbps
40226 ms [UE 23066] UL Throughput = 0.00000 Mbps
40226 ms [UE 42750] UL Throughput = 0.15836 Mbps
40259 ms [UE 17403] UL Throughput = 0.00000 Mbps
40259 ms [UE 10755] UL Throughput = 0.73438 Mbps
40336 ms [UE 12658] UL Throughput = 0.00000 Mbps
40336 ms [UE 23066] UL Throughput = 0.59302 Mbps
40336 ms [UE 42750] UL Throughput = 0.74133 Mbps
40368 ms [UE 17403] UL Throughput = 0.15600 Mbps
40368 ms [UE 10755] UL Throughput = 0.75690 Mbps
40426 ms | now=1755746087460453 us | PDCP ind_msg latency=70977519 us
40445 ms [UE 12658] UL Throughput = 0.91219 Mbps
40445 ms [UE 23066] UL Throughput = 0.00000 Mbps
40445 ms [UE 42750] UL Throughput = 0.75229 Mbps
40469 ms [UE 17403] UL Throughput = 0.00000 Mbps
40469 ms [UE 10755] UL Throughput = 0.00000 Mbps
40545 ms [UE 12658] UL Throughput = 0.00000 Mbps
40545 ms [UE 23066] UL Throughput = 0.14320 Mbps
40545 ms [UE 42750] UL Throughput = 0.00000 Mbps
40579 ms [UE 17403] UL Throughput = 0.00000 Mbps
40579 ms [UE 10755] UL Throughput = 0.90175 Mbps
40648 ms [UE 12658] UL Throughput = 0.69618 Mbps
40648 ms [UE 23066] UL Throughput = 0.63682 Mbps
40648 ms [UE 42750] UL Throughput = 0.00000 Mbps
40688 ms [UE 17403] UL Throughput = 0.71628 Mbps
40688 ms [UE 10755] UL Throughput = 0.16022 Mbps
40756 ms [UE 12658] UL Throughput = 0.68169 Mbps
40756 ms [UE 23066] UL Throughput = 0.00000 Mbps
40756 ms [UE 42750] UL Throughput = 0.84269 Mbps
40788 ms [UE 17403] UL Throughput = 0.00000 Mbps
40788 ms [UE 10755] UL Throughput = 0.71414 Mbps
40865 ms [UE 12658] UL Throughput = 0.00000 Mbps
40865 ms [UE 23066] UL Throughput = 0.13187 Mbps
40865 ms [UE 42750] UL Throughput = 0.00000 Mbps
40898 ms [UE 17403] UL Throughput = 0.00000 Mbps
40898 ms [UE 10755] UL Throughput = 0.66739 Mbps
40977 ms [UE 12658] UL Throughput = 0.00000 Mbps
40977 ms [UE 23066] UL Throughput = 0.54090 Mbps
40977 ms [UE 42750] UL Throughput = 0.73343 Mbps
41011 ms [UE 17403] UL Throughput = 0.00000 Mbps
41011 ms [UE 10755] UL Throughput = 0.00000 Mbps
41086 ms [UE 12658] UL Throughput = 0.90912 Mbps
41086 ms [UE 23066] UL Throughput = 0.59976 Mbps
41086 ms [UE 42750] UL Throughput = 0.00000 Mbps
41118 ms [UE 17403] UL Throughput = 0.73133 Mbps
41118 ms [UE 10755] UL Throughput = 0.16359 Mbps
41195 ms [UE 12658] UL Throughput = 0.00000 Mbps
41195 ms [UE 23066] UL Throughput = 0.00000 Mbps
41195 ms [UE 42750] UL Throughput = 0.00000 Mbps
41228 ms [UE 17403] UL Throughput = 0.00000 Mbps
41228 ms [UE 10755] UL Throughput = 0.82969 Mbps
41296 ms [UE 12658] UL Throughput = 0.71564 Mbps
41296 ms [UE 23066] UL Throughput = 0.00000 Mbps
41296 ms [UE 42750] UL Throughput = 0.99228 Mbps
41338 ms [UE 17403] UL Throughput = 0.70642 Mbps
41338 ms [UE 10755] UL Throughput = 0.00000 Mbps
41405 ms [UE 12658] UL Throughput = 0.00000 Mbps
41405 ms [UE 23066] UL Throughput = 0.72832 Mbps
41405 ms [UE 42750] UL Throughput = 0.74706 Mbps
41439 ms [UE 17403] UL Throughput = 0.77557 Mbps
41439 ms [UE 10755] UL Throughput = 0.88724 Mbps
41452 ms | now=1755746088486645 us | PDCP ind_msg latency=70977647 us
41518 ms [UE 12658] UL Throughput = 0.00000 Mbps
41518 ms [UE 23066] UL Throughput = 0.00000 Mbps
41518 ms [UE 42750] UL Throughput = 0.00000 Mbps
41548 ms [UE 17403] UL Throughput = 0.00000 Mbps
41548 ms [UE 10755] UL Throughput = 0.00000 Mbps
41626 ms [UE 12658] UL Throughput = 0.92216 Mbps
41626 ms [UE 23066] UL Throughput = 0.60837 Mbps
41626 ms [UE 42750] UL Throughput = 0.00000 Mbps
41658 ms [UE 17403] UL Throughput = 0.86533 Mbps
41658 ms [UE 10755] UL Throughput = 0.74834 Mbps
41726 ms [UE 12658] UL Throughput = 0.00000 Mbps
41726 ms [UE 23066] UL Throughput = 0.00000 Mbps
41726 ms [UE 42750] UL Throughput = 0.17406 Mbps
41758 ms [UE 17403] UL Throughput = 0.16827 Mbps
41758 ms [UE 10755] UL Throughput = 0.00000 Mbps
41835 ms [UE 12658] UL Throughput = 0.74663 Mbps
41835 ms [UE 23066] UL Throughput = 0.00000 Mbps
41835 ms [UE 42750] UL Throughput = 0.74663 Mbps
41868 ms [UE 17403] UL Throughput = 0.71085 Mbps
41868 ms [UE 10755] UL Throughput = 0.74809 Mbps
41936 ms [UE 12658] UL Throughput = 0.00000 Mbps
41936 ms [UE 23066] UL Throughput = 0.14295 Mbps
41936 ms [UE 42750] UL Throughput = 0.00000 Mbps
41968 ms [UE 17403] UL Throughput = 0.94302 Mbps
41968 ms [UE 10755] UL Throughput = 0.81552 Mbps
42037 ms [UE 12658] UL Throughput = 0.00000 Mbps
42037 ms [UE 23066] UL Throughput = 0.65008 Mbps
42037 ms [UE 42750] UL Throughput = 0.71068 Mbps
42078 ms [UE 17403] UL Throughput = 0.00000 Mbps
42078 ms [UE 10755] UL Throughput = 0.00000 Mbps
42137 ms [UE 12658] UL Throughput = 0.17367 Mbps
42137 ms [UE 23066] UL Throughput = 0.00000 Mbps
42137 ms [UE 42750] UL Throughput = 0.00000 Mbps
42188 ms [UE 17403] UL Throughput = 0.71061 Mbps
42188 ms [UE 10755] UL Throughput = 0.81293 Mbps
42250 ms [UE 12658] UL Throughput = 0.72606 Mbps
42250 ms [UE 23066] UL Throughput = 0.58080 Mbps
42250 ms [UE 42750] UL Throughput = 0.00000 Mbps
42289 ms [UE 17403] UL Throughput = 0.00000 Mbps
42289 ms [UE 10755] UL Throughput = 0.00000 Mbps
42357 ms [UE 12658] UL Throughput = 0.76909 Mbps
42357 ms [UE 23066] UL Throughput = 0.00000 Mbps
42357 ms [UE 42750] UL Throughput = 0.93256 Mbps
42398 ms [UE 17403] UL Throughput = 0.71477 Mbps
42398 ms [UE 10755] UL Throughput = 0.91209 Mbps
42465 ms [UE 12658] UL Throughput = 0.00000 Mbps
42465 ms [UE 23066] UL Throughput = 0.00000 Mbps
42465 ms [UE 42750] UL Throughput = 0.00000 Mbps
42477 ms | now=1755746089512100 us | PDCP ind_msg latency=70978144 us
42498 ms [UE 17403] UL Throughput = 0.94619 Mbps
42498 ms [UE 10755] UL Throughput = 0.81826 Mbps
42565 ms [UE 12658] UL Throughput = 0.00000 Mbps
42565 ms [UE 23066] UL Throughput = 0.79791 Mbps
42565 ms [UE 42750] UL Throughput = 0.81843 Mbps
42599 ms [UE 17403] UL Throughput = 0.00000 Mbps
42599 ms [UE 10755] UL Throughput = 0.00000 Mbps
42666 ms [UE 12658] UL Throughput = 0.00000 Mbps
42666 ms [UE 23066] UL Throughput = 0.00000 Mbps
42666 ms [UE 42750] UL Throughput = 0.00000 Mbps
42708 ms [UE 17403] UL Throughput = 0.71146 Mbps
42708 ms [UE 10755] UL Throughput = 0.90786 Mbps
42775 ms [UE 12658] UL Throughput = 0.90608 Mbps
42775 ms [UE 23066] UL Throughput = 0.53220 Mbps
42775 ms [UE 42750] UL Throughput = 0.00000 Mbps
42818 ms [UE 17403] UL Throughput = 0.00000 Mbps
42818 ms [UE 10755] UL Throughput = 0.00000 Mbps
42876 ms [UE 12658] UL Throughput = 0.00000 Mbps
42876 ms [UE 23066] UL Throughput = 0.65303 Mbps
42876 ms [UE 42750] UL Throughput = 0.98986 Mbps
42919 ms [UE 17403] UL Throughput = 0.85689 Mbps
42919 ms [UE 10755] UL Throughput = 0.81143 Mbps
42986 ms [UE 12658] UL Throughput = 0.00000 Mbps
42986 ms [UE 23066] UL Throughput = 0.00000 Mbps
42986 ms [UE 42750] UL Throughput = 0.00000 Mbps
43028 ms [UE 17403] UL Throughput = 0.15501 Mbps
43028 ms [UE 10755] UL Throughput = 0.75210 Mbps
43096 ms [UE 12658] UL Throughput = 0.90376 Mbps
43096 ms [UE 23066] UL Throughput = 0.00000 Mbps
43096 ms [UE 42750] UL Throughput = 0.74534 Mbps
43128 ms [UE 17403] UL Throughput = 0.77846 Mbps
43128 ms [UE 10755] UL Throughput = 0.00000 Mbps
43197 ms [UE 12658] UL Throughput = 0.00000 Mbps
43197 ms [UE 23066] UL Throughput = 0.14173 Mbps
43197 ms [UE 42750] UL Throughput = 0.00000 Mbps
43228 ms [UE 17403] UL Throughput = 0.77597 Mbps
43228 ms [UE 10755] UL Throughput = 0.99019 Mbps
43306 ms [UE 12658] UL Throughput = 0.75305 Mbps
43306 ms [UE 23066] UL Throughput = 0.60239 Mbps
43306 ms [UE 42750] UL Throughput = 0.00000 Mbps
43339 ms [UE 17403] UL Throughput = 0.00000 Mbps
43339 ms [UE 10755] UL Throughput = 0.00000 Mbps
43407 ms [UE 12658] UL Throughput = 0.00000 Mbps
43407 ms [UE 23066] UL Throughput = 0.57489 Mbps
43407 ms [UE 42750] UL Throughput = 0.97876 Mbps
43448 ms [UE 17403] UL Throughput = 0.86420 Mbps
43448 ms [UE 10755] UL Throughput = 0.74736 Mbps
43505 ms | now=1755746090539309 us | PDCP ind_msg latency=70977393 us
43508 ms [UE 12658] UL Throughput = 0.00000 Mbps
43508 ms [UE 23066] UL Throughput = 0.00000 Mbps
43508 ms [UE 42750] UL Throughput = 0.00000 Mbps
43558 ms [UE 17403] UL Throughput = 0.71006 Mbps
43558 ms [UE 10755] UL Throughput = 0.15883 Mbps
43616 ms [UE 12658] UL Throughput = 0.84639 Mbps
43616 ms [UE 23066] UL Throughput = 0.56107 Mbps
43616 ms [UE 42750] UL Throughput = 0.00000 Mbps
43668 ms [UE 17403] UL Throughput = 0.00000 Mbps
43668 ms [UE 10755] UL Throughput = 0.65151 Mbps
43725 ms [UE 12658] UL Throughput = 0.00000 Mbps
43725 ms [UE 23066] UL Throughput = 0.00000 Mbps
43725 ms [UE 42750] UL Throughput = 0.00000 Mbps
43769 ms [UE 17403] UL Throughput = 0.70952 Mbps
43769 ms [UE 10755] UL Throughput = 0.73019 Mbps
43836 ms [UE 12658] UL Throughput = 0.74246 Mbps
43836 ms [UE 23066] UL Throughput = 0.00000 Mbps
43836 ms [UE 42750] UL Throughput = 0.66819 Mbps
43878 ms [UE 17403] UL Throughput = 0.00000 Mbps
43878 ms [UE 10755] UL Throughput = 0.00000 Mbps
43946 ms [UE 12658] UL Throughput = 0.00000 Mbps
43946 ms [UE 23066] UL Throughput = 0.13066 Mbps
43946 ms [UE 42750] UL Throughput = 0.74673 Mbps
43978 ms [UE 17403] UL Throughput = 0.94393 Mbps
43978 ms [UE 10755] UL Throughput = 0.81631 Mbps
44046 ms [UE 12658] UL Throughput = 0.00000 Mbps
44046 ms [UE 23066] UL Throughput = 0.00000 Mbps
44046 ms [UE 42750] UL Throughput = 0.00000 Mbps
44088 ms [UE 17403] UL Throughput = 0.00000 Mbps
44088 ms [UE 10755] UL Throughput = 0.15869 Mbps
44155 ms [UE 12658] UL Throughput = 0.75040 Mbps
44155 ms [UE 23066] UL Throughput = 0.53444 Mbps
44155 ms [UE 42750] UL Throughput = 0.15950 Mbps
44198 ms [UE 17403] UL Throughput = 0.70833 Mbps
44198 ms [UE 10755] UL Throughput = 0.74543 Mbps
44255 ms [UE 12658] UL Throughput = 0.00000 Mbps
44255 ms [UE 23066] UL Throughput = 0.00000 Mbps
44255 ms [UE 42750] UL Throughput = 0.17420 Mbps
44308 ms [UE 17403] UL Throughput = 0.78990 Mbps
44308 ms [UE 10755] UL Throughput = 0.74800 Mbps
44356 ms [UE 12658] UL Throughput = 0.81868 Mbps
44356 ms [UE 23066] UL Throughput = 0.65490 Mbps
44356 ms [UE 42750] UL Throughput = 0.00000 Mbps
44408 ms [UE 17403] UL Throughput = 0.00000 Mbps
44408 ms [UE 10755] UL Throughput = 0.00000 Mbps
44467 ms [UE 12658] UL Throughput = 0.73566 Mbps
44467 ms [UE 23066] UL Throughput = 0.00000 Mbps
44467 ms [UE 42750] UL Throughput = 0.89202 Mbps
44518 ms [UE 17403] UL Throughput = 0.15394 Mbps
44518 ms [UE 10755] UL Throughput = 0.74689 Mbps
44557 ms | now=1755746091591930 us | PDCP ind_msg latency=70977730 us
44575 ms [UE 12658] UL Throughput = 0.00000 Mbps
44575 ms [UE 23066] UL Throughput = 0.00000 Mbps
44575 ms [UE 42750] UL Throughput = 0.00000 Mbps
44618 ms [UE 17403] UL Throughput = 0.00000 Mbps
44618 ms [UE 10755] UL Throughput = 0.17354 Mbps
44690 ms [UE 12658] UL Throughput = 0.00000 Mbps
44690 ms [UE 23066] UL Throughput = 0.57475 Mbps
44690 ms [UE 42750] UL Throughput = 0.87120 Mbps
44728 ms [UE 17403] UL Throughput = 0.70770 Mbps
44728 ms [UE 10755] UL Throughput = 0.74477 Mbps
44795 ms [UE 12658] UL Throughput = 0.93993 Mbps
44795 ms [UE 23066] UL Throughput = 0.55208 Mbps
44795 ms [UE 42750] UL Throughput = 0.00000 Mbps
44838 ms [UE 17403] UL Throughput = 0.70718 Mbps
44838 ms [UE 10755] UL Throughput = 0.90241 Mbps
44910 ms [UE 12658] UL Throughput = 0.00000 Mbps
44910 ms [UE 23066] UL Throughput = 0.00000 Mbps
44910 ms [UE 42750] UL Throughput = 0.87037 Mbps
44948 ms [UE 17403] UL Throughput = 0.00000 Mbps
44948 ms [UE 10755] UL Throughput = 0.00000 Mbps
45016 ms [UE 12658] UL Throughput = 0.77178 Mbps
45016 ms [UE 23066] UL Throughput = 0.00000 Mbps
45016 ms [UE 42750] UL Throughput = 0.00000 Mbps
45048 ms [UE 17403] UL Throughput = 0.94125 Mbps
45048 ms [UE 10755] UL Throughput = 0.71183 Mbps
45126 ms [UE 12658] UL Throughput = 0.00000 Mbps
45126 ms [UE 23066] UL Throughput = 0.72487 Mbps
45126 ms [UE 42750] UL Throughput = 0.74352 Mbps
45158 ms [UE 17403] UL Throughput = 0.70793 Mbps
45158 ms [UE 10755] UL Throughput = 0.15835 Mbps
45235 ms [UE 12658] UL Throughput = 0.00000 Mbps
45235 ms [UE 23066] UL Throughput = 0.00000 Mbps
45235 ms [UE 42750] UL Throughput = 0.00000 Mbps
45268 ms [UE 17403] UL Throughput = 0.00000 Mbps
45268 ms [UE 10755] UL Throughput = 0.74608 Mbps
45337 ms [UE 12658] UL Throughput = 0.98117 Mbps
45337 ms [UE 23066] UL Throughput = 0.64729 Mbps
45337 ms [UE 42750] UL Throughput = 0.00000 Mbps
45378 ms [UE 17403] UL Throughput = 0.86359 Mbps
45378 ms [UE 10755] UL Throughput = 0.74683 Mbps
45445 ms [UE 12658] UL Throughput = 0.00000 Mbps
45445 ms [UE 23066] UL Throughput = 0.00000 Mbps
45445 ms [UE 42750] UL Throughput = 0.91414 Mbps
45488 ms [UE 17403] UL Throughput = 0.00000 Mbps
45488 ms [UE 10755] UL Throughput = 0.15879 Mbps
45546 ms [UE 12658] UL Throughput = 0.71415 Mbps
45546 ms [UE 23066] UL Throughput = 0.00000 Mbps
45546 ms [UE 42750] UL Throughput = 0.00000 Mbps
45588 ms [UE 17403] UL Throughput = 0.77634 Mbps
45588 ms [UE 10755] UL Throughput = 0.81701 Mbps
45600 ms | now=1755746092634638 us | PDCP ind_msg latency=70977711 us
45647 ms [UE 12658] UL Throughput = 0.00000 Mbps
45647 ms [UE 23066] UL Throughput = 0.78651 Mbps
45647 ms [UE 42750] UL Throughput = 0.80675 Mbps
45689 ms [UE 17403] UL Throughput = 0.16787 Mbps
45689 ms [UE 10755] UL Throughput = 0.81449 Mbps
45757 ms [UE 12658] UL Throughput = 0.15890 Mbps
45757 ms [UE 23066] UL Throughput = 0.00000 Mbps
45757 ms [UE 42750] UL Throughput = 0.00000 Mbps
45797 ms [UE 17403] UL Throughput = 0.63987 Mbps
45797 ms [UE 10755] UL Throughput = 0.00000 Mbps
45866 ms [UE 12658] UL Throughput = 0.74963 Mbps
45866 ms [UE 23066] UL Throughput = 0.59966 Mbps
45866 ms [UE 42750] UL Throughput = 0.00000 Mbps
45898 ms [UE 17403] UL Throughput = 0.94184 Mbps
45898 ms [UE 10755] UL Throughput = 0.81450 Mbps
45975 ms [UE 12658] UL Throughput = 0.75057 Mbps
45975 ms [UE 23066] UL Throughput = 0.00000 Mbps
45975 ms [UE 42750] UL Throughput = 0.91011 Mbps
45998 ms [UE 17403] UL Throughput = 0.00000 Mbps
45998 ms [UE 10755] UL Throughput = 0.00000 Mbps
46086 ms [UE 12658] UL Throughput = 0.00000 Mbps
46086 ms [UE 23066] UL Throughput = 0.72650 Mbps
46086 ms [UE 42750] UL Throughput = 0.00000 Mbps
46108 ms [UE 17403] UL Throughput = 0.00000 Mbps
46108 ms [UE 10755] UL Throughput = 0.90911 Mbps
46196 ms [UE 12658] UL Throughput = 0.00000 Mbps
46196 ms [UE 23066] UL Throughput = 0.00000 Mbps
46196 ms [UE 42750] UL Throughput = 0.64917 Mbps
46208 ms [UE 17403] UL Throughput = 0.16888 Mbps
46208 ms [UE 10755] UL Throughput = 0.00000 Mbps
46306 ms [UE 12658] UL Throughput = 0.82858 Mbps
46306 ms [UE 23066] UL Throughput = 0.54926 Mbps
46306 ms [UE 42750] UL Throughput = 0.00000 Mbps
46308 ms [UE 17403] UL Throughput = 0.00000 Mbps
46308 ms [UE 10755] UL Throughput = 0.81942 Mbps
46408 ms [UE 17403] UL Throughput = 0.77652 Mbps
46408 ms [UE 10755] UL Throughput = 0.17369 Mbps
46415 ms [UE 12658] UL Throughput = 0.00000 Mbps
46415 ms [UE 23066] UL Throughput = 0.00000 Mbps
46415 ms [UE 42750] UL Throughput = 0.00000 Mbps
46516 ms [UE 12658] UL Throughput = 0.81737 Mbps
46516 ms [UE 23066] UL Throughput = 0.00000 Mbps
46516 ms [UE 42750] UL Throughput = 0.90934 Mbps
46519 ms [UE 17403] UL Throughput = 0.00000 Mbps
46519 ms [UE 10755] UL Throughput = 0.64548 Mbps
46616 ms [UE 12658] UL Throughput = 0.00000 Mbps
46616 ms [UE 23066] UL Throughput = 0.79918 Mbps
46616 ms [UE 42750] UL Throughput = 0.81974 Mbps
46628 ms [UE 17403] UL Throughput = 0.00000 Mbps
46628 ms [UE 10755] UL Throughput = 0.67812 Mbps
46647 ms | now=1755746093681464 us | PDCP ind_msg latency=70977549 us
46716 ms [UE 12658] UL Throughput = 0.00000 Mbps
46716 ms [UE 23066] UL Throughput = 0.00000 Mbps
46716 ms [UE 42750] UL Throughput = 0.00000 Mbps
46728 ms [UE 17403] UL Throughput = 0.00000 Mbps
46728 ms [UE 10755] UL Throughput = 0.00000 Mbps
46816 ms [UE 12658] UL Throughput = 0.99045 Mbps
46816 ms [UE 23066] UL Throughput = 0.58176 Mbps
46816 ms [UE 42750] UL Throughput = 0.00000 Mbps
46838 ms [UE 17403] UL Throughput = 1.42006 Mbps
46838 ms [UE 10755] UL Throughput = 0.15882 Mbps
46926 ms [UE 12658] UL Throughput = 0.00000 Mbps
46926 ms [UE 23066] UL Throughput = 0.00000 Mbps
46926 ms [UE 42750] UL Throughput = 0.90508 Mbps
46948 ms [UE 17403] UL Throughput = 0.00000 Mbps
46948 ms [UE 10755] UL Throughput = 0.15869 Mbps
47036 ms [UE 12658] UL Throughput = 0.00000 Mbps
47036 ms [UE 23066] UL Throughput = 0.00000 Mbps
47036 ms [UE 42750] UL Throughput = 0.00000 Mbps
47049 ms [UE 17403] UL Throughput = 0.76838 Mbps
47049 ms [UE 10755] UL Throughput = 0.72774 Mbps
47146 ms [UE 12658] UL Throughput = 0.90441 Mbps
47146 ms [UE 23066] UL Throughput = 0.00000 Mbps
47146 ms [UE 42750] UL Throughput = 0.74587 Mbps
47158 ms [UE 17403] UL Throughput = 0.79080 Mbps
47158 ms [UE 10755] UL Throughput = 0.74885 Mbps
47246 ms [UE 12658] UL Throughput = 0.17303 Mbps
47246 ms [UE 23066] UL Throughput = 0.00000 Mbps
47246 ms [UE 42750] UL Throughput = 0.00000 Mbps
47268 ms [UE 17403] UL Throughput = 0.00000 Mbps
47268 ms [UE 10755] UL Throughput = 0.00000 Mbps
47347 ms [UE 12658] UL Throughput = 0.81515 Mbps
47347 ms [UE 23066] UL Throughput = 0.65208 Mbps
47347 ms [UE 42750] UL Throughput = 0.00000 Mbps
47369 ms [UE 17403] UL Throughput = 0.93675 Mbps
47369 ms [UE 10755] UL Throughput = 0.81010 Mbps
47458 ms [UE 12658] UL Throughput = 0.00000 Mbps
47458 ms [UE 23066] UL Throughput = 0.52524 Mbps
47458 ms [UE 42750] UL Throughput = 0.89424 Mbps
47478 ms [UE 17403] UL Throughput = 0.00000 Mbps
47478 ms [UE 10755] UL Throughput = 0.15973 Mbps
47566 ms [UE 12658] UL Throughput = 0.16180 Mbps
47566 ms [UE 23066] UL Throughput = 0.00000 Mbps
47566 ms [UE 42750] UL Throughput = 0.00000 Mbps
47588 ms [UE 17403] UL Throughput = 0.00000 Mbps
47588 ms [UE 10755] UL Throughput = 0.74677 Mbps
47667 ms [UE 12658] UL Throughput = 0.80676 Mbps
47667 ms [UE 23066] UL Throughput = 0.64536 Mbps
47667 ms [UE 42750] UL Throughput = 0.00000 Mbps
47682 ms | now=1755746094716908 us | PDCP ind_msg latency=70977672 us
47688 ms [UE 17403] UL Throughput = 0.16868 Mbps
47688 ms [UE 10755] UL Throughput = 0.81841 Mbps
47775 ms [UE 12658] UL Throughput = 0.75850 Mbps
47775 ms [UE 23066] UL Throughput = 0.00000 Mbps
47775 ms [UE 42750] UL Throughput = 0.91972 Mbps
47788 ms [UE 17403] UL Throughput = 0.00000 Mbps
47788 ms [UE 10755] UL Throughput = 0.00000 Mbps
47876 ms [UE 12658] UL Throughput = 0.00000 Mbps
47876 ms [UE 23066] UL Throughput = 0.00000 Mbps
47876 ms [UE 42750] UL Throughput = 0.00000 Mbps
47898 ms [UE 17403] UL Throughput = 0.71074 Mbps
47898 ms [UE 10755] UL Throughput = 0.81308 Mbps
47976 ms [UE 12658] UL Throughput = 0.00000 Mbps
47976 ms [UE 23066] UL Throughput = 0.79511 Mbps
47976 ms [UE 42750] UL Throughput = 0.81557 Mbps
48010 ms [UE 17403] UL Throughput = 0.00000 Mbps
48010 ms [UE 10755] UL Throughput = 0.15551 Mbps
48087 ms [UE 12658] UL Throughput = 0.89405 Mbps
48087 ms [UE 23066] UL Throughput = 0.52514 Mbps
48087 ms [UE 42750] UL Throughput = 0.00000 Mbps
48118 ms [UE 17403] UL Throughput = 0.72232 Mbps
48118 ms [UE 10755] UL Throughput = 0.76016 Mbps
48195 ms [UE 12658] UL Throughput = 0.00000 Mbps
48195 ms [UE 23066] UL Throughput = 0.00000 Mbps
48195 ms [UE 42750] UL Throughput = 0.00000 Mbps
48218 ms [UE 17403] UL Throughput = 0.94712 Mbps
48218 ms [UE 10755] UL Throughput = 0.81907 Mbps
48295 ms [UE 12658] UL Throughput = 0.81834 Mbps
48295 ms [UE 23066] UL Throughput = 0.00000 Mbps
48295 ms [UE 42750] UL Throughput = 0.99228 Mbps
48319 ms [UE 17403] UL Throughput = 0.00000 Mbps
48319 ms [UE 10755] UL Throughput = 0.00000 Mbps
48396 ms [UE 12658] UL Throughput = 0.00000 Mbps
48396 ms [UE 23066] UL Throughput = 0.79803 Mbps
48396 ms [UE 42750] UL Throughput = 0.00000 Mbps
48428 ms [UE 17403] UL Throughput = 0.00000 Mbps
48428 ms [UE 10755] UL Throughput = 0.90981 Mbps
48506 ms [UE 12658] UL Throughput = 0.00000 Mbps
48506 ms [UE 23066] UL Throughput = 0.00000 Mbps
48506 ms [UE 42750] UL Throughput = 0.74063 Mbps
48530 ms [UE 17403] UL Throughput = 0.16573 Mbps
48530 ms [UE 10755] UL Throughput = 0.00000 Mbps
48615 ms [UE 12658] UL Throughput = 0.91122 Mbps
48615 ms [UE 23066] UL Throughput = 0.60115 Mbps
48615 ms [UE 42750] UL Throughput = 0.00000 Mbps
48638 ms [UE 17403] UL Throughput = 0.64650 Mbps
48638 ms [UE 10755] UL Throughput = 0.76067 Mbps
48716 ms [UE 12658] UL Throughput = 0.00000 Mbps
48716 ms [UE 23066] UL Throughput = 0.57937 Mbps
48716 ms [UE 42750] UL Throughput = 0.98639 Mbps
48723 ms | now=1755746095758110 us | PDCP ind_msg latency=70978118 us
48738 ms [UE 17403] UL Throughput = 0.77680 Mbps
48738 ms [UE 10755] UL Throughput = 0.17376 Mbps
48826 ms [UE 12658] UL Throughput = 0.00000 Mbps
48826 ms [UE 23066] UL Throughput = 0.00000 Mbps
48826 ms [UE 42750] UL Throughput = 0.00000 Mbps
48838 ms [UE 17403] UL Throughput = 0.00000 Mbps
48838 ms [UE 10755] UL Throughput = 0.81653 Mbps
48936 ms [UE 12658] UL Throughput = 0.83225 Mbps
48936 ms [UE 23066] UL Throughput = 0.00000 Mbps
48936 ms [UE 42750] UL Throughput = 0.00000 Mbps
48939 ms [UE 17403] UL Throughput = 0.77397 Mbps
48939 ms [UE 10755] UL Throughput = 0.81451 Mbps
49036 ms [UE 12658] UL Throughput = 0.00000 Mbps
49036 ms [UE 23066] UL Throughput = 0.14305 Mbps
49036 ms [UE 42750] UL Throughput = 0.00000 Mbps
49048 ms [UE 17403] UL Throughput = 0.00000 Mbps
49048 ms [UE 10755] UL Throughput = 0.00000 Mbps
49146 ms [UE 12658] UL Throughput = 0.74240 Mbps
49146 ms [UE 23066] UL Throughput = 0.54751 Mbps
49146 ms [UE 42750] UL Throughput = 0.00000 Mbps
49158 ms [UE 17403] UL Throughput = 0.15435 Mbps
49158 ms [UE 10755] UL Throughput = 0.74886 Mbps
49255 ms [UE 12658] UL Throughput = 0.75325 Mbps
49255 ms [UE 23066] UL Throughput = 0.13180 Mbps
49255 ms [UE 42750] UL Throughput = 0.67790 Mbps
49258 ms [UE 17403] UL Throughput = 0.16860 Mbps
49258 ms [UE 10755] UL Throughput = 0.00000 Mbps
49357 ms [UE 12658] UL Throughput = 0.00000 Mbps
49357 ms [UE 23066] UL Throughput = 0.00000 Mbps
49357 ms [UE 42750] UL Throughput = 0.00000 Mbps
49358 ms [UE 17403] UL Throughput = 0.69552 Mbps
49358 ms [UE 10755] UL Throughput = 0.81835 Mbps
49459 ms [UE 17403] UL Throughput = 0.00000 Mbps
49459 ms [UE 10755] UL Throughput = 0.00000 Mbps
49466 ms [UE 12658] UL Throughput = 0.00000 Mbps
49466 ms [UE 23066] UL Throughput = 0.66705 Mbps
49466 ms [UE 42750] UL Throughput = 0.75187 Mbps
49568 ms [UE 17403] UL Throughput = 0.00000 Mbps
49568 ms [UE 10755] UL Throughput = 0.67418 Mbps
49576 ms [UE 12658] UL Throughput = 0.15852 Mbps
49576 ms [UE 23066] UL Throughput = 0.59661 Mbps
49576 ms [UE 42750] UL Throughput = 0.00000 Mbps
49668 ms [UE 17403] UL Throughput = 1.55762 Mbps
49668 ms [UE 10755] UL Throughput = 0.17421 Mbps
49686 ms [UE 12658] UL Throughput = 0.00000 Mbps
49686 ms [UE 23066] UL Throughput = 0.00000 Mbps
49686 ms [UE 42750] UL Throughput = 0.74374 Mbps
49768 ms | now=1755746096802704 us | PDCP ind_msg latency=70977782 us
49768 ms [UE 17403] UL Throughput = 0.00000 Mbps
49768 ms [UE 10755] UL Throughput = 0.00000 Mbps
49796 ms [UE 12658] UL Throughput = 0.90340 Mbps
49796 ms [UE 23066] UL Throughput = 0.59599 Mbps
49796 ms [UE 42750] UL Throughput = 0.00000 Mbps
49878 ms [UE 17403] UL Throughput = 0.71137 Mbps
49878 ms [UE 10755] UL Throughput = 0.83287 Mbps
49896 ms [UE 12658] UL Throughput = 0.81659 Mbps
49896 ms [UE 23066] UL Throughput = 0.00000 Mbps
49896 ms [UE 42750] UL Throughput = 0.99016 Mbps
49978 ms [UE 17403] UL Throughput = 0.16765 Mbps
49978 ms [UE 10755] UL Throughput = 0.81339 Mbps
49996 ms [UE 12658] UL Throughput = 0.00000 Mbps
49996 ms [UE 23066] UL Throughput = 0.00000 Mbps
49996 ms [UE 42750] UL Throughput = 0.00000 Mbps
50088 ms [UE 17403] UL Throughput = 0.63741 Mbps
50088 ms [UE 10755] UL Throughput = 0.00000 Mbps
50098 ms [UE 12658] UL Throughput = 0.00000 Mbps
50098 ms [UE 23066] UL Throughput = 0.64606 Mbps
50098 ms [UE 42750] UL Throughput = 0.70627 Mbps
50198 ms [UE 17403] UL Throughput = 0.70686 Mbps
50198 ms [UE 10755] UL Throughput = 0.90200 Mbps
50205 ms [UE 12658] UL Throughput = 0.92468 Mbps
50205 ms [UE 23066] UL Throughput = 0.00000 Mbps
50205 ms [UE 42750] UL Throughput = 0.00000 Mbps
50298 ms [UE 17403] UL Throughput = 0.00000 Mbps
50298 ms [UE 10755] UL Throughput = 0.00000 Mbps
50308 ms [UE 12658] UL Throughput = 0.00000 Mbps
50308 ms [UE 23066] UL Throughput = 0.64043 Mbps
50308 ms [UE 42750] UL Throughput = 0.00000 Mbps
50398 ms [UE 17403] UL Throughput = 0.77880 Mbps
50398 ms [UE 10755] UL Throughput = 0.81960 Mbps
50416 ms [UE 12658] UL Throughput = 0.76041 Mbps
50416 ms [UE 23066] UL Throughput = 0.13306 Mbps
50416 ms [UE 42750] UL Throughput = 0.76041 Mbps
50508 ms [UE 17403] UL Throughput = 0.00000 Mbps
50508 ms [UE 10755] UL Throughput = 0.15844 Mbps
50527 ms [UE 12658] UL Throughput = 0.00000 Mbps
50527 ms [UE 23066] UL Throughput = 0.00000 Mbps
50527 ms [UE 42750] UL Throughput = 0.15646 Mbps
50618 ms [UE 17403] UL Throughput = 0.70989 Mbps
50618 ms [UE 10755] UL Throughput = 0.74707 Mbps
50636 ms [UE 12658] UL Throughput = 0.00000 Mbps
50636 ms [UE 23066] UL Throughput = 0.60050 Mbps
50636 ms [UE 42750] UL Throughput = 0.75068 Mbps
50718 ms [UE 17403] UL Throughput = 0.16884 Mbps
50718 ms [UE 10755] UL Throughput = 0.81919 Mbps
50736 ms [UE 12658] UL Throughput = 0.99153 Mbps
50736 ms [UE 23066] UL Throughput = 0.58239 Mbps
50736 ms [UE 42750] UL Throughput = 0.00000 Mbps
50814 ms | now=1755746097848722 us | PDCP ind_msg latency=70977617 us
50819 ms [UE 17403] UL Throughput = 0.69027 Mbps
50819 ms [UE 10755] UL Throughput = 0.00000 Mbps
50846 ms [UE 12658] UL Throughput = 0.00000 Mbps
50846 ms [UE 23066] UL Throughput = 0.00000 Mbps
50846 ms [UE 42750] UL Throughput = 0.00000 Mbps
50919 ms [UE 17403] UL Throughput = 0.77709 Mbps
50919 ms [UE 10755] UL Throughput = 0.99161 Mbps
50947 ms [UE 12658] UL Throughput = 0.81686 Mbps
50947 ms [UE 23066] UL Throughput = 0.00000 Mbps
50947 ms [UE 42750] UL Throughput = 0.99048 Mbps
51028 ms [UE 17403] UL Throughput = 0.00000 Mbps
51028 ms [UE 10755] UL Throughput = 0.00000 Mbps
51056 ms [UE 12658] UL Throughput = 0.00000 Mbps
51056 ms [UE 23066] UL Throughput = 0.00000 Mbps
51056 ms [UE 42750] UL Throughput = 0.00000 Mbps
51128 ms [UE 17403] UL Throughput = 0.94783 Mbps
51128 ms [UE 10755] UL Throughput = 0.81969 Mbps
51156 ms [UE 12658] UL Throughput = 0.00000 Mbps
51156 ms [UE 23066] UL Throughput = 0.79562 Mbps
51156 ms [UE 42750] UL Throughput = 0.81609 Mbps
51229 ms [UE 17403] UL Throughput = 0.00000 Mbps
51229 ms [UE 10755] UL Throughput = 0.17144 Mbps
51265 ms [UE 12658] UL Throughput = 0.91036 Mbps
51265 ms [UE 23066] UL Throughput = 0.00000 Mbps
51265 ms [UE 42750] UL Throughput = 0.00000 Mbps
51338 ms [UE 17403] UL Throughput = 0.71736 Mbps
51338 ms [UE 10755] UL Throughput = 0.75493 Mbps
51411 ms [UE 12658] UL Throughput = 0.00000 Mbps
51411 ms [UE 23066] UL Throughput = 0.44951 Mbps
51411 ms [UE 42750] UL Throughput = 0.00000 Mbps
51448 ms [UE 17403] UL Throughput = 0.78734 Mbps
51448 ms [UE 10755] UL Throughput = 0.74558 Mbps
51515 ms [UE 12658] UL Throughput = 0.68867 Mbps
51515 ms [UE 23066] UL Throughput = 0.00000 Mbps
51515 ms [UE 42750] UL Throughput = 0.95489 Mbps
51559 ms [UE 17403] UL Throughput = 0.00000 Mbps
51559 ms [UE 10755] UL Throughput = 0.00000 Mbps
51617 ms [UE 12658] UL Throughput = 0.00000 Mbps
51617 ms [UE 23066] UL Throughput = 0.73203 Mbps
51617 ms [UE 42750] UL Throughput = 0.00000 Mbps
51668 ms [UE 17403] UL Throughput = 0.86814 Mbps
51668 ms [UE 10755] UL Throughput = 0.75076 Mbps
51726 ms [UE 12658] UL Throughput = 0.00000 Mbps
51726 ms [UE 23066] UL Throughput = 0.00000 Mbps
51726 ms [UE 42750] UL Throughput = 0.00000 Mbps
51768 ms [UE 17403] UL Throughput = 0.00000 Mbps
51768 ms [UE 10755] UL Throughput = 0.17406 Mbps
51826 ms [UE 12658] UL Throughput = 0.90989 Mbps
51826 ms [UE 23066] UL Throughput = 0.65424 Mbps
51826 ms [UE 42750] UL Throughput = 0.00000 Mbps
51844 ms | now=1755746098879069 us | PDCP ind_msg latency=70978154 us
51868 ms [UE 17403] UL Throughput = 0.77658 Mbps
51868 ms [UE 10755] UL Throughput = 0.81725 Mbps
51936 ms [UE 12658] UL Throughput = 0.00000 Mbps
51936 ms [UE 23066] UL Throughput = 0.00000 Mbps
51936 ms [UE 42750] UL Throughput = 0.00000 Mbps
51969 ms [UE 17403] UL Throughput = 0.93587 Mbps
51969 ms [UE 10755] UL Throughput = 0.80934 Mbps
52048 ms [UE 12658] UL Throughput = 0.89085 Mbps
52048 ms [UE 23066] UL Throughput = 0.00000 Mbps
52048 ms [UE 42750] UL Throughput = 0.66120 Mbps
52079 ms [UE 17403] UL Throughput = 0.00000 Mbps
52079 ms [UE 10755] UL Throughput = 0.00000 Mbps
52156 ms [UE 12658] UL Throughput = 0.00000 Mbps
52156 ms [UE 23066] UL Throughput = 0.73938 Mbps
52156 ms [UE 42750] UL Throughput = 0.66322 Mbps
52188 ms [UE 17403] UL Throughput = 0.00000 Mbps
52188 ms [UE 10755] UL Throughput = 0.81816 Mbps
52258 ms [UE 12658] UL Throughput = 0.17031 Mbps
52258 ms [UE 23066] UL Throughput = 0.00000 Mbps
52258 ms [UE 42750] UL Throughput = 0.00000 Mbps
52298 ms [UE 17403] UL Throughput = 0.00000 Mbps
52298 ms [UE 10755] UL Throughput = 0.00000 Mbps
52368 ms [UE 12658] UL Throughput = 0.74360 Mbps
52368 ms [UE 23066] UL Throughput = 0.00000 Mbps
52368 ms [UE 42750] UL Throughput = 0.74360 Mbps
52408 ms [UE 17403] UL Throughput = 0.64977 Mbps
52408 ms [UE 10755] UL Throughput = 0.66869 Mbps
52477 ms [UE 12658] UL Throughput = 0.75424 Mbps
52477 ms [UE 23066] UL Throughput = 0.13198 Mbps
52477 ms [UE 42750] UL Throughput = 0.00000 Mbps
52508 ms [UE 17403] UL Throughput = 0.77891 Mbps
52508 ms [UE 10755] UL Throughput = 0.99393 Mbps
52586 ms [UE 12658] UL Throughput = 0.00000 Mbps
52586 ms [UE 23066] UL Throughput = 0.00000 Mbps
52586 ms [UE 42750] UL Throughput = 0.91158 Mbps
52618 ms [UE 17403] UL Throughput = 0.00000 Mbps
52618 ms [UE 10755] UL Throughput = 0.00000 Mbps
52689 ms [UE 12658] UL Throughput = 0.00000 Mbps
52689 ms [UE 23066] UL Throughput = 0.63886 Mbps
52689 ms [UE 42750] UL Throughput = 0.00000 Mbps
52728 ms [UE 17403] UL Throughput = 0.00000 Mbps
52728 ms [UE 10755] UL Throughput = 0.90602 Mbps
52796 ms [UE 12658] UL Throughput = 0.16275 Mbps
52796 ms [UE 23066] UL Throughput = 0.61253 Mbps
52796 ms [UE 42750] UL Throughput = 0.00000 Mbps
52828 ms [UE 17403] UL Throughput = 0.00000 Mbps
52828 ms [UE 10755] UL Throughput = 0.00000 Mbps
52879 ms | now=1755746099913593 us | PDCP ind_msg latency=70977677 us
52906 ms [UE 12658] UL Throughput = 0.65212 Mbps
52906 ms [UE 23066] UL Throughput = 0.00000 Mbps
52906 ms [UE 42750] UL Throughput = 0.00000 Mbps
52929 ms [UE 17403] UL Throughput = 0.93840 Mbps
52929 ms [UE 10755] UL Throughput = 0.70968 Mbps
53007 ms [UE 12658] UL Throughput = 0.81170 Mbps
53007 ms [UE 23066] UL Throughput = 0.00000 Mbps
53007 ms [UE 42750] UL Throughput = 0.98423 Mbps
53038 ms [UE 17403] UL Throughput = 0.71304 Mbps
53038 ms [UE 10755] UL Throughput = 0.90988 Mbps
53117 ms [UE 12658] UL Throughput = 0.00000 Mbps
53117 ms [UE 23066] UL Throughput = 0.00000 Mbps
53117 ms [UE 42750] UL Throughput = 0.00000 Mbps
53138 ms [UE 17403] UL Throughput = 0.00000 Mbps
53138 ms [UE 10755] UL Throughput = 0.00000 Mbps
53226 ms [UE 12658] UL Throughput = 0.00000 Mbps
53226 ms [UE 23066] UL Throughput = 0.73072 Mbps
53226 ms [UE 42750] UL Throughput = 0.74952 Mbps
53248 ms [UE 17403] UL Throughput = 0.15379 Mbps
53248 ms [UE 10755] UL Throughput = 0.74618 Mbps
53336 ms [UE 12658] UL Throughput = 0.90694 Mbps
53336 ms [UE 23066] UL Throughput = 0.00000 Mbps
53336 ms [UE 42750] UL Throughput = 0.00000 Mbps
53358 ms [UE 17403] UL Throughput = 0.86549 Mbps
53358 ms [UE 10755] UL Throughput = 0.00000 Mbps
53436 ms [UE 12658] UL Throughput = 0.00000 Mbps
53436 ms [UE 23066] UL Throughput = 0.00000 Mbps
53436 ms [UE 42750] UL Throughput = 0.00000 Mbps
53459 ms [UE 17403] UL Throughput = 0.00000 Mbps
53459 ms [UE 10755] UL Throughput = 0.81048 Mbps
53536 ms [UE 12658] UL Throughput = 0.71578 Mbps
53536 ms [UE 23066] UL Throughput = 0.00000 Mbps
53536 ms [UE 42750] UL Throughput = 0.99248 Mbps
53568 ms [UE 17403] UL Throughput = 0.71397 Mbps
53568 ms [UE 10755] UL Throughput = 0.81677 Mbps
53645 ms [UE 12658] UL Throughput = 0.00000 Mbps
53645 ms [UE 23066] UL Throughput = 0.00000 Mbps
53645 ms [UE 42750] UL Throughput = 0.00000 Mbps
53668 ms [UE 17403] UL Throughput = 0.00000 Mbps
53668 ms [UE 10755] UL Throughput = 0.00000 Mbps
53746 ms [UE 12658] UL Throughput = 0.00000 Mbps
53746 ms [UE 23066] UL Throughput = 0.64991 Mbps
53746 ms [UE 42750] UL Throughput = 0.98513 Mbps
53768 ms [UE 17403] UL Throughput = 0.94526 Mbps
53768 ms [UE 10755] UL Throughput = 0.81746 Mbps
53855 ms [UE 12658] UL Throughput = 0.91011 Mbps
53855 ms [UE 23066] UL Throughput = 0.60042 Mbps
53855 ms [UE 42750] UL Throughput = 0.00000 Mbps
53878 ms [UE 17403] UL Throughput = 0.00000 Mbps
53878 ms [UE 10755] UL Throughput = 0.00000 Mbps
53929 ms | now=1755746100963818 us | PDCP ind_msg latency=70977886 us
53955 ms [UE 12658] UL Throughput = 0.00000 Mbps
53955 ms [UE 23066] UL Throughput = 0.00000 Mbps
53955 ms [UE 42750] UL Throughput = 0.00000 Mbps
53988 ms [UE 17403] UL Throughput = 0.70919 Mbps
53988 ms [UE 10755] UL Throughput = 0.90497 Mbps
54056 ms [UE 12658] UL Throughput = 0.81666 Mbps
54056 ms [UE 23066] UL Throughput = 0.00000 Mbps
54056 ms [UE 42750] UL Throughput = 0.99024 Mbps
54098 ms [UE 17403] UL Throughput = 0.70872 Mbps
54098 ms [UE 10755] UL Throughput = 0.74584 Mbps
54156 ms [UE 12658] UL Throughput = 0.00000 Mbps
54156 ms [UE 23066] UL Throughput = 0.00000 Mbps
54156 ms [UE 42750] UL Throughput = 0.00000 Mbps
54198 ms [UE 17403] UL Throughput = 0.00000 Mbps
54198 ms [UE 10755] UL Throughput = 0.00000 Mbps
54265 ms [UE 12658] UL Throughput = 0.00000 Mbps
54265 ms [UE 23066] UL Throughput = 0.73332 Mbps
54265 ms [UE 42750] UL Throughput = 0.65778 Mbps
54308 ms [UE 17403] UL Throughput = 0.00000 Mbps
54308 ms [UE 10755] UL Throughput = 0.81231 Mbps
54366 ms [UE 12658] UL Throughput = 0.90419 Mbps
54366 ms [UE 23066] UL Throughput = 0.59938 Mbps
54366 ms [UE 42750] UL Throughput = 0.00000 Mbps
54418 ms [UE 17403] UL Throughput = 0.15370 Mbps
54418 ms [UE 10755] UL Throughput = 0.74574 Mbps
54475 ms [UE 12658] UL Throughput = 0.00000 Mbps
54475 ms [UE 23066] UL Throughput = 0.00000 Mbps
54475 ms [UE 42750] UL Throughput = 0.00000 Mbps
54518 ms [UE 17403] UL Throughput = 0.77644 Mbps
54518 ms [UE 10755] UL Throughput = 0.00000 Mbps
54576 ms [UE 12658] UL Throughput = 0.81396 Mbps
54576 ms [UE 23066] UL Throughput = 0.00000 Mbps
54576 ms [UE 42750] UL Throughput = 0.73254 Mbps
54618 ms [UE 17403] UL Throughput = 0.00000 Mbps
54618 ms [UE 10755] UL Throughput = 0.17368 Mbps
54676 ms [UE 12658] UL Throughput = 0.00000 Mbps
54676 ms [UE 23066] UL Throughput = 0.14302 Mbps
54676 ms [UE 42750] UL Throughput = 0.00000 Mbps
54722 ms [UE 17403] UL Throughput = 0.75107 Mbps
54722 ms [UE 10755] UL Throughput = 0.79041 Mbps
54785 ms [UE 12658] UL Throughput = 0.00000 Mbps
54785 ms [UE 23066] UL Throughput = 0.60067 Mbps
54785 ms [UE 42750] UL Throughput = 0.75090 Mbps
54828 ms [UE 17403] UL Throughput = 0.89246 Mbps
54828 ms [UE 10755] UL Throughput = 0.77180 Mbps
54886 ms [UE 12658] UL Throughput = 0.81576 Mbps
54886 ms [UE 23066] UL Throughput = 0.58099 Mbps
54886 ms [UE 42750] UL Throughput = 0.17339 Mbps
54938 ms [UE 17403] UL Throughput = 0.00000 Mbps
54938 ms [UE 10755] UL Throughput = 0.00000 Mbps
54959 ms | now=1755746101993859 us | PDCP ind_msg latency=70977923 us
54988 ms [UE 12658] UL Throughput = 0.00000 Mbps
54988 ms [UE 23066] UL Throughput = 0.00000 Mbps
54988 ms [UE 42750] UL Throughput = 0.17094 Mbps
55048 ms [UE 17403] UL Throughput = 0.70619 Mbps
55048 ms [UE 10755] UL Throughput = 0.80787 Mbps
55096 ms [UE 12658] UL Throughput = 0.75879 Mbps
55096 ms [UE 23066] UL Throughput = 0.00000 Mbps
55096 ms [UE 42750] UL Throughput = 0.75879 Mbps
55149 ms [UE 17403] UL Throughput = 0.00000 Mbps
55149 ms [UE 10755] UL Throughput = 0.00000 Mbps
55206 ms [UE 12658] UL Throughput = 0.74642 Mbps
55206 ms [UE 23066] UL Throughput = 0.13061 Mbps
55206 ms [UE 42750] UL Throughput = 0.00000 Mbps
55258 ms [UE 17403] UL Throughput = 0.65456 Mbps
55258 ms [UE 10755] UL Throughput = 0.67362 Mbps
55306 ms [UE 12658] UL Throughput = 0.00000 Mbps
55306 ms [UE 23066] UL Throughput = 0.00000 Mbps
55306 ms [UE 42750] UL Throughput = 0.17361 Mbps
55358 ms [UE 17403] UL Throughput = 0.77849 Mbps
55358 ms [UE 10755] UL Throughput = 0.81927 Mbps
55416 ms [UE 12658] UL Throughput = 0.00000 Mbps
55416 ms [UE 23066] UL Throughput = 0.59416 Mbps
55416 ms [UE 42750] UL Throughput = 0.74275 Mbps
55460 ms [UE 17403] UL Throughput = 0.00000 Mbps
55460 ms [UE 10755] UL Throughput = 0.00000 Mbps
55517 ms [UE 12658] UL Throughput = 0.88278 Mbps
55517 ms [UE 23066] UL Throughput = 0.64962 Mbps
55517 ms [UE 42750] UL Throughput = 0.00000 Mbps
55569 ms [UE 17403] UL Throughput = 0.71617 Mbps
55569 ms [UE 10755] UL Throughput = 0.91388 Mbps
55626 ms [UE 12658] UL Throughput = 0.00000 Mbps
55626 ms [UE 23066] UL Throughput = 0.00000 Mbps
55626 ms [UE 42750] UL Throughput = 0.16074 Mbps
55679 ms [UE 17403] UL Throughput = 0.15341 Mbps
55679 ms [UE 10755] UL Throughput = 0.74430 Mbps
55726 ms [UE 12658] UL Throughput = 0.81756 Mbps
55726 ms [UE 23066] UL Throughput = 0.00000 Mbps
55726 ms [UE 42750] UL Throughput = 0.81756 Mbps
55788 ms [UE 17403] UL Throughput = 0.00000 Mbps
55788 ms [UE 10755] UL Throughput = 0.00000 Mbps
55836 ms [UE 12658] UL Throughput = 0.00000 Mbps
55836 ms [UE 23066] UL Throughput = 0.59805 Mbps
55836 ms [UE 42750] UL Throughput = 0.00000 Mbps
55889 ms [UE 17403] UL Throughput = 0.76771 Mbps
55889 ms [UE 10755] UL Throughput = 0.97964 Mbps
55947 ms [UE 12658] UL Throughput = 0.00000 Mbps
55947 ms [UE 23066] UL Throughput = 0.00000 Mbps
55947 ms [UE 42750] UL Throughput = 0.73945 Mbps
55988 ms | now=1755746103022964 us | PDCP ind_msg latency=70978055 us
55991 ms [UE 17403] UL Throughput = 0.00000 Mbps
55991 ms [UE 10755] UL Throughput = 0.00000 Mbps
56056 ms [UE 12658] UL Throughput = 0.91099 Mbps
56056 ms [UE 23066] UL Throughput = 0.60100 Mbps
56056 ms [UE 42750] UL Throughput = 0.00000 Mbps
56099 ms [UE 17403] UL Throughput = 0.64501 Mbps
56099 ms [UE 10755] UL Throughput = 0.92023 Mbps
56168 ms [UE 12658] UL Throughput = 0.00000 Mbps
56168 ms [UE 23066] UL Throughput = 0.00000 Mbps
56168 ms [UE 42750] UL Throughput = 0.00000 Mbps
56208 ms [UE 17403] UL Throughput = 0.15382 Mbps
56208 ms [UE 10755] UL Throughput = 0.00000 Mbps
56276 ms [UE 12658] UL Throughput = 0.66426 Mbps
56276 ms [UE 23066] UL Throughput = 0.13291 Mbps
56276 ms [UE 42750] UL Throughput = 0.75959 Mbps
56318 ms [UE 17403] UL Throughput = 0.00000 Mbps
56318 ms [UE 10755] UL Throughput = 0.74878 Mbps
56386 ms [UE 12658] UL Throughput = 0.00000 Mbps
56386 ms [UE 23066] UL Throughput = 0.59590 Mbps
56386 ms [UE 42750] UL Throughput = 0.90326 Mbps
56419 ms [UE 17403] UL Throughput = 0.85022 Mbps
56419 ms [UE 10755] UL Throughput = 0.80148 Mbps
56496 ms [UE 12658] UL Throughput = 0.00000 Mbps
56496 ms [UE 23066] UL Throughput = 0.00000 Mbps
56496 ms [UE 42750] UL Throughput = 0.00000 Mbps
56528 ms [UE 17403] UL Throughput = 0.00000 Mbps
56528 ms [UE 10755] UL Throughput = 0.00000 Mbps
56606 ms [UE 12658] UL Throughput = 0.90169 Mbps
56606 ms [UE 23066] UL Throughput = 0.00000 Mbps
56606 ms [UE 42750] UL Throughput = 0.74363 Mbps
56628 ms [UE 17403] UL Throughput = 0.77873 Mbps
56628 ms [UE 10755] UL Throughput = 0.99371 Mbps
56716 ms [UE 12658] UL Throughput = 0.74528 Mbps
56716 ms [UE 23066] UL Throughput = 0.72659 Mbps
56716 ms [UE 42750] UL Throughput = 0.00000 Mbps
56728 ms [UE 17403] UL Throughput = 0.00000 Mbps
56728 ms [UE 10755] UL Throughput = 0.00000 Mbps
56826 ms [UE 12658] UL Throughput = 0.00000 Mbps
56826 ms [UE 23066] UL Throughput = 0.00000 Mbps
56826 ms [UE 42750] UL Throughput = 0.00000 Mbps
56838 ms [UE 17403] UL Throughput = 0.86384 Mbps
56838 ms [UE 10755] UL Throughput = 0.74705 Mbps
56926 ms [UE 12658] UL Throughput = 0.00000 Mbps
56926 ms [UE 23066] UL Throughput = 0.00000 Mbps
56926 ms [UE 42750] UL Throughput = 0.88794 Mbps
56938 ms [UE 17403] UL Throughput = 0.16839 Mbps
56938 ms [UE 10755] UL Throughput = 0.00000 Mbps
57028 ms | now=1755746104062556 us | PDCP ind_msg latency=70977612 us
57028 ms [UE 12658] UL Throughput = 0.17093 Mbps
57028 ms [UE 23066] UL Throughput = 0.00000 Mbps
57028 ms [UE 42750] UL Throughput = 0.00000 Mbps
57048 ms [UE 17403] UL Throughput = 0.70791 Mbps
57048 ms [UE 10755] UL Throughput = 0.74499 Mbps
57136 ms [UE 12658] UL Throughput = 0.68527 Mbps
57136 ms [UE 23066] UL Throughput = 0.56155 Mbps
57136 ms [UE 42750] UL Throughput = 0.00000 Mbps
57158 ms [UE 17403] UL Throughput = 0.79022 Mbps
57158 ms [UE 10755] UL Throughput = 0.74830 Mbps
57236 ms [UE 12658] UL Throughput = 0.00000 Mbps
57236 ms [UE 23066] UL Throughput = 0.00000 Mbps
57236 ms [UE 42750] UL Throughput = 0.00000 Mbps
57258 ms [UE 17403] UL Throughput = 0.00000 Mbps
57258 ms [UE 10755] UL Throughput = 0.00000 Mbps
57346 ms [UE 12658] UL Throughput = 0.00000 Mbps
57346 ms [UE 23066] UL Throughput = 0.59424 Mbps
57346 ms [UE 42750] UL Throughput = 0.66855 Mbps
57358 ms [UE 17403] UL Throughput = 0.00000 Mbps
57358 ms [UE 10755] UL Throughput = 0.99335 Mbps
57456 ms [UE 12658] UL Throughput = 0.90370 Mbps
57456 ms [UE 23066] UL Throughput = 0.00000 Mbps
57456 ms [UE 42750] UL Throughput = 0.74529 Mbps
57468 ms [UE 17403] UL Throughput = 0.00000 Mbps
57468 ms [UE 10755] UL Throughput = 0.00000 Mbps
57557 ms [UE 12658] UL Throughput = 0.00000 Mbps
57557 ms [UE 23066] UL Throughput = 0.00000 Mbps
57557 ms [UE 42750] UL Throughput = 0.00000 Mbps
57568 ms [UE 17403] UL Throughput = 0.77850 Mbps
57568 ms [UE 10755] UL Throughput = 0.81928 Mbps
57666 ms [UE 12658] UL Throughput = 0.65651 Mbps
57666 ms [UE 23066] UL Throughput = 0.60053 Mbps
57666 ms [UE 42750] UL Throughput = 0.15957 Mbps
57669 ms [UE 17403] UL Throughput = 0.76932 Mbps
57669 ms [UE 10755] UL Throughput = 0.17208 Mbps
57766 ms [UE 12658] UL Throughput = 0.00000 Mbps
57766 ms [UE 23066] UL Throughput = 0.00000 Mbps
57766 ms [UE 42750] UL Throughput = 0.99315 Mbps
57778 ms [UE 17403] UL Throughput = 0.00000 Mbps
57778 ms [UE 10755] UL Throughput = 0.75384 Mbps
57876 ms [UE 12658] UL Throughput = 0.74406 Mbps
57876 ms [UE 23066] UL Throughput = 0.00000 Mbps
57876 ms [UE 42750] UL Throughput = 0.00000 Mbps
57878 ms [UE 17403] UL Throughput = 0.86501 Mbps
57878 ms [UE 10755] UL Throughput = 0.81913 Mbps
57985 ms [UE 12658] UL Throughput = 0.00000 Mbps
57985 ms [UE 23066] UL Throughput = 0.73036 Mbps
57985 ms [UE 42750] UL Throughput = 0.74915 Mbps
57988 ms [UE 17403] UL Throughput = 0.80456 Mbps
57988 ms [UE 10755] UL Throughput = 0.00000 Mbps
58071 ms | now=1755746105105797 us | PDCP ind_msg latency=70977723 us
58086 ms [UE 12658] UL Throughput = 0.98757 Mbps
58086 ms [UE 23066] UL Throughput = 0.65152 Mbps
58086 ms [UE 42750] UL Throughput = 0.00000 Mbps
58089 ms [UE 17403] UL Throughput = 0.00000 Mbps
58089 ms [UE 10755] UL Throughput = 0.00000 Mbps
58188 ms [UE 12658] UL Throughput = 0.00000 Mbps
58188 ms [UE 23066] UL Throughput = 0.00000 Mbps
58188 ms [UE 42750] UL Throughput = 0.00000 Mbps
58198 ms [UE 17403] UL Throughput = 0.71144 Mbps
58198 ms [UE 10755] UL Throughput = 0.90785 Mbps
58296 ms [UE 12658] UL Throughput = 0.00000 Mbps
58296 ms [UE 23066] UL Throughput = 0.54052 Mbps
58296 ms [UE 42750] UL Throughput = 0.92025 Mbps
58308 ms [UE 17403] UL Throughput = 0.15382 Mbps
58308 ms [UE 10755] UL Throughput = 0.67163 Mbps
58405 ms [UE 12658] UL Throughput = 0.90560 Mbps
58405 ms [UE 23066] UL Throughput = 0.00000 Mbps
58405 ms [UE 42750] UL Throughput = 0.74686 Mbps
58409 ms [UE 17403] UL Throughput = 0.77386 Mbps
58409 ms [UE 10755] UL Throughput = 0.00000 Mbps
58505 ms [UE 12658] UL Throughput = 0.00000 Mbps
58505 ms [UE 23066] UL Throughput = 0.00000 Mbps
58505 ms [UE 42750] UL Throughput = 0.00000 Mbps
58518 ms [UE 17403] UL Throughput = 0.63655 Mbps
58518 ms [UE 10755] UL Throughput = 0.90815 Mbps
58606 ms [UE 12658] UL Throughput = 0.81835 Mbps
58606 ms [UE 23066] UL Throughput = 0.79783 Mbps
58606 ms [UE 42750] UL Throughput = 0.00000 Mbps
58628 ms [UE 17403] UL Throughput = 0.86560 Mbps
58628 ms [UE 10755] UL Throughput = 0.74857 Mbps
58717 ms [UE 12658] UL Throughput = 0.00000 Mbps
58717 ms [UE 23066] UL Throughput = 0.00000 Mbps
58717 ms [UE 42750] UL Throughput = 0.15643 Mbps
58728 ms [UE 17403] UL Throughput = 0.00000 Mbps
58728 ms [UE 10755] UL Throughput = 0.00000 Mbps
58818 ms [UE 12658] UL Throughput = 0.00000 Mbps
58818 ms [UE 23066] UL Throughput = 0.64740 Mbps
58818 ms [UE 42750] UL Throughput = 0.80931 Mbps
58838 ms [UE 17403] UL Throughput = 0.00000 Mbps
58838 ms [UE 10755] UL Throughput = 0.90497 Mbps
58926 ms [UE 12658] UL Throughput = 0.92645 Mbps
58926 ms [UE 23066] UL Throughput = 0.00000 Mbps
58926 ms [UE 42750] UL Throughput = 0.66816 Mbps
58938 ms [UE 17403] UL Throughput = 0.16886 Mbps
58938 ms [UE 10755] UL Throughput = 0.81928 Mbps
59028 ms [UE 12658] UL Throughput = 0.00000 Mbps
59028 ms [UE 23066] UL Throughput = 0.14080 Mbps
59028 ms [UE 42750] UL Throughput = 0.00000 Mbps
59048 ms [UE 17403] UL Throughput = 0.00000 Mbps
59048 ms [UE 10755] UL Throughput = 0.00000 Mbps
59122 ms | now=1755746106156830 us | PDCP ind_msg latency=70977867 us
59136 ms [UE 12658] UL Throughput = 0.75717 Mbps
59136 ms [UE 23066] UL Throughput = 0.60569 Mbps
59136 ms [UE 42750] UL Throughput = 0.00000 Mbps
59148 ms [UE 17403] UL Throughput = 0.77801 Mbps
59148 ms [UE 10755] UL Throughput = 0.89003 Mbps
59246 ms [UE 12658] UL Throughput = 0.00000 Mbps
59246 ms [UE 23066] UL Throughput = 0.00000 Mbps
59246 ms [UE 42750] UL Throughput = 0.90482 Mbps
59258 ms [UE 17403] UL Throughput = 0.00000 Mbps
59258 ms [UE 10755] UL Throughput = 0.15880 Mbps
59357 ms [UE 12658] UL Throughput = 0.15650 Mbps
59357 ms [UE 23066] UL Throughput = 0.00000 Mbps
59357 ms [UE 42750] UL Throughput = 0.00000 Mbps
59358 ms [UE 17403] UL Throughput = 0.77764 Mbps
59358 ms [UE 10755] UL Throughput = 0.81837 Mbps
59459 ms [UE 17403] UL Throughput = 0.16842 Mbps
59459 ms [UE 10755] UL Throughput = 0.81714 Mbps
59466 ms [UE 12658] UL Throughput = 0.75264 Mbps
59466 ms [UE 23066] UL Throughput = 0.00000 Mbps
59466 ms [UE 42750] UL Throughput = 0.75264 Mbps
59566 ms [UE 12658] UL Throughput = 0.88697 Mbps
59566 ms [UE 23066] UL Throughput = 0.65271 Mbps
59566 ms [UE 42750] UL Throughput = 0.00000 Mbps
59568 ms [UE 17403] UL Throughput = 0.70862 Mbps
59568 ms [UE 10755] UL Throughput = 0.00000 Mbps
59676 ms [UE 12658] UL Throughput = 0.00000 Mbps
59676 ms [UE 23066] UL Throughput = 0.00000 Mbps
59676 ms [UE 42750] UL Throughput = 0.00000 Mbps
59678 ms [UE 17403] UL Throughput = 0.71140 Mbps
59678 ms [UE 10755] UL Throughput = 0.90779 Mbps
59776 ms [UE 12658] UL Throughput = 0.00000 Mbps
59776 ms [UE 23066] UL Throughput = 0.60207 Mbps
59776 ms [UE 42750] UL Throughput = 0.17352 Mbps
59779 ms [UE 17403] UL Throughput = 0.16778 Mbps
59779 ms [UE 10755] UL Throughput = 0.00000 Mbps
59888 ms [UE 12658] UL Throughput = 0.15615 Mbps
59888 ms [UE 23066] UL Throughput = 0.00000 Mbps
59888 ms [UE 42750] UL Throughput = 0.00000 Mbps
59888 ms [UE 17403] UL Throughput = 0.63474 Mbps
59888 ms [UE 10755] UL Throughput = 0.74683 Mbps
59995 ms [UE 12658] UL Throughput = 0.68684 Mbps
59995 ms [UE 23066] UL Throughput = 0.61050 Mbps
59995 ms [UE 42750] UL Throughput = 0.00000 Mbps
59998 ms [UE 17403] UL Throughput = 0.86380 Mbps
59998 ms [UE 10755] UL Throughput = 0.74701 Mbps
60097 ms [UE 12658] UL Throughput = 0.17221 Mbps
60097 ms [UE 23066] UL Throughput = 0.64811 Mbps
60097 ms [UE 42750] UL Throughput = 0.72915 Mbps
60098 ms [UE 17403] UL Throughput = 0.00000 Mbps
60098 ms [UE 10755] UL Throughput = 0.17415 Mbps
60163 ms | now=1755746107197913 us | PDCP ind_msg latency=70977896 us
60206 ms [UE 12658] UL Throughput = 0.15943 Mbps
60206 ms [UE 23066] UL Throughput = 0.00000 Mbps
60206 ms [UE 42750] UL Throughput = 0.00000 Mbps
60208 ms [UE 17403] UL Throughput = 0.70945 Mbps
60208 ms [UE 10755] UL Throughput = 0.74661 Mbps
60308 ms [UE 17403] UL Throughput = 0.16883 Mbps
60308 ms [UE 10755] UL Throughput = 0.81912 Mbps
60316 ms [UE 12658] UL Throughput = 0.65290 Mbps
60316 ms [UE 23066] UL Throughput = 0.00000 Mbps
60316 ms [UE 42750] UL Throughput = 0.74660 Mbps
60417 ms [UE 12658] UL Throughput = 0.80995 Mbps
60417 ms [UE 23066] UL Throughput = 0.14172 Mbps
60417 ms [UE 42750] UL Throughput = 0.80995 Mbps
60418 ms [UE 17403] UL Throughput = 0.71105 Mbps
60418 ms [UE 10755] UL Throughput = 0.15905 Mbps
60518 ms [UE 17403] UL Throughput = 0.00000 Mbps
60518 ms [UE 10755] UL Throughput = 0.71287 Mbps
60527 ms [UE 12658] UL Throughput = 0.00000 Mbps
60527 ms [UE 23066] UL Throughput = 0.12975 Mbps
60527 ms [UE 42750] UL Throughput = 0.00000 Mbps
60618 ms [UE 17403] UL Throughput = 0.00000 Mbps
60618 ms [UE 10755] UL Throughput = 0.73563 Mbps
60636 ms [UE 12658] UL Throughput = 0.00000 Mbps
60636 ms [UE 23066] UL Throughput = 0.60214 Mbps
60636 ms [UE 42750] UL Throughput = 0.75273 Mbps
60728 ms [UE 17403] UL Throughput = 0.00000 Mbps
60728 ms [UE 10755] UL Throughput = 0.00000 Mbps
60736 ms [UE 12658] UL Throughput = 0.99385 Mbps
60736 ms [UE 23066] UL Throughput = 0.00000 Mbps
60736 ms [UE 42750] UL Throughput = 0.00000 Mbps
60837 ms [UE 12658] UL Throughput = 0.00000 Mbps
60837 ms [UE 23066] UL Throughput = 0.65382 Mbps
60837 ms [UE 42750] UL Throughput = 0.00000 Mbps
60838 ms [UE 17403] UL Throughput = 0.70824 Mbps
60838 ms [UE 10755] UL Throughput = 0.15842 Mbps
60946 ms [UE 12658] UL Throughput = 0.65612 Mbps
60946 ms [UE 23066] UL Throughput = 0.00000 Mbps
60946 ms [UE 42750] UL Throughput = 0.90975 Mbps
60948 ms [UE 17403] UL Throughput = 0.70851 Mbps
60948 ms [UE 10755] UL Throughput = 0.82952 Mbps
61048 ms [UE 17403] UL Throughput = 0.00000 Mbps
61048 ms [UE 10755] UL Throughput = 0.00000 Mbps
61056 ms [UE 12658] UL Throughput = 0.00000 Mbps
61056 ms [UE 23066] UL Throughput = 0.13067 Mbps
61056 ms [UE 42750] UL Throughput = 0.00000 Mbps
61158 ms [UE 17403] UL Throughput = 0.70827 Mbps
61158 ms [UE 10755] UL Throughput = 0.81025 Mbps
61166 ms [UE 12658] UL Throughput = 0.74604 Mbps
61166 ms [UE 23066] UL Throughput = 0.00000 Mbps
61166 ms [UE 42750] UL Throughput = 0.00000 Mbps
61196 ms | now=1755746108230790 us | PDCP ind_msg latency=70977890 us
61258 ms [UE 17403] UL Throughput = 0.94445 Mbps
61258 ms [UE 10755] UL Throughput = 0.81676 Mbps
61267 ms [UE 12658] UL Throughput = 0.00000 Mbps
61267 ms [UE 23066] UL Throughput = 0.64421 Mbps
61267 ms [UE 42750] UL Throughput = 0.97649 Mbps
61368 ms [UE 17403] UL Throughput = 0.00000 Mbps
61368 ms [UE 10755] UL Throughput = 0.00000 Mbps
61376 ms [UE 12658] UL Throughput = 0.00000 Mbps
61376 ms [UE 23066] UL Throughput = 0.00000 Mbps
61376 ms [UE 42750] UL Throughput = 0.00000 Mbps
61478 ms [UE 17403] UL Throughput = 0.86164 Mbps
61478 ms [UE 10755] UL Throughput = 0.74514 Mbps
61486 ms [UE 12658] UL Throughput = 0.90519 Mbps
61486 ms [UE 23066] UL Throughput = 0.59717 Mbps
61486 ms [UE 42750] UL Throughput = 0.00000 Mbps
61587 ms [UE 12658] UL Throughput = 0.00000 Mbps
61587 ms [UE 23066] UL Throughput = 0.00000 Mbps
61587 ms [UE 42750] UL Throughput = 0.98702 Mbps
61588 ms [UE 17403] UL Throughput = 0.70753 Mbps
61588 ms [UE 10755] UL Throughput = 0.90286 Mbps
61687 ms [UE 12658] UL Throughput = 0.71588 Mbps
61687 ms [UE 23066] UL Throughput = 0.00000 Mbps
61687 ms [UE 42750] UL Throughput = 0.00000 Mbps
61688 ms [UE 17403] UL Throughput = 0.16869 Mbps
61688 ms [UE 10755] UL Throughput = 0.00000 Mbps
61795 ms [UE 12658] UL Throughput = 0.00000 Mbps
61795 ms [UE 23066] UL Throughput = 0.73605 Mbps
61795 ms [UE 42750] UL Throughput = 0.75499 Mbps
61798 ms [UE 17403] UL Throughput = 0.63336 Mbps
61798 ms [UE 10755] UL Throughput = 0.74521 Mbps
61896 ms [UE 12658] UL Throughput = 0.00000 Mbps
61896 ms [UE 23066] UL Throughput = 0.00000 Mbps
61896 ms [UE 42750] UL Throughput = 0.00000 Mbps
61908 ms [UE 17403] UL Throughput = 0.70889 Mbps
61908 ms [UE 10755] UL Throughput = 0.90458 Mbps
61997 ms [UE 12658] UL Throughput = 0.98274 Mbps
61997 ms [UE 23066] UL Throughput = 0.64833 Mbps
61997 ms [UE 42750] UL Throughput = 0.00000 Mbps
62019 ms [UE 17403] UL Throughput = 0.15186 Mbps
62019 ms [UE 10755] UL Throughput = 0.00000 Mbps
62107 ms [UE 12658] UL Throughput = 0.74755 Mbps
62107 ms [UE 23066] UL Throughput = 0.00000 Mbps
62107 ms [UE 42750] UL Throughput = 0.90645 Mbps
62128 ms [UE 17403] UL Throughput = 0.00000 Mbps
62128 ms [UE 10755] UL Throughput = 0.75460 Mbps
62216 ms [UE 12658] UL Throughput = 0.00000 Mbps
62216 ms [UE 23066] UL Throughput = 0.00000 Mbps
62216 ms [UE 42750] UL Throughput = 0.00000 Mbps
62230 ms | now=1755746109264288 us | PDCP ind_msg latency=70978190 us
62230 ms [UE 17403] UL Throughput = 0.00000 Mbps
62230 ms [UE 10755] UL Throughput = 0.97916 Mbps
62317 ms [UE 12658] UL Throughput = 0.00000 Mbps
62317 ms [UE 23066] UL Throughput = 0.78669 Mbps
62317 ms [UE 42750] UL Throughput = 0.70566 Mbps
62339 ms [UE 17403] UL Throughput = 0.00000 Mbps
62339 ms [UE 10755] UL Throughput = 0.15957 Mbps
62425 ms [UE 12658] UL Throughput = 0.16105 Mbps
62425 ms [UE 23066] UL Throughput = 0.00000 Mbps
62425 ms [UE 42750] UL Throughput = 0.00000 Mbps
62448 ms [UE 17403] UL Throughput = 0.71136 Mbps
62448 ms [UE 10755] UL Throughput = 0.65467 Mbps
62526 ms [UE 12658] UL Throughput = 0.73416 Mbps
62526 ms [UE 23066] UL Throughput = 0.00000 Mbps
62526 ms [UE 42750] UL Throughput = 0.00000 Mbps
62559 ms [UE 17403] UL Throughput = 0.70397 Mbps
62559 ms [UE 10755] UL Throughput = 0.89830 Mbps
62626 ms [UE 12658] UL Throughput = 0.00000 Mbps
62626 ms [UE 23066] UL Throughput = 0.74797 Mbps
62626 ms [UE 42750] UL Throughput = 0.00000 Mbps
62668 ms [UE 17403] UL Throughput = 0.00000 Mbps
62668 ms [UE 10755] UL Throughput = 0.00000 Mbps
62736 ms [UE 12658] UL Throughput = 0.74286 Mbps
62736 ms [UE 23066] UL Throughput = 0.00000 Mbps
62736 ms [UE 42750] UL Throughput = 0.00000 Mbps
62768 ms [UE 17403] UL Throughput = 0.77758 Mbps
62768 ms [UE 10755] UL Throughput = 0.81830 Mbps
62845 ms [UE 12658] UL Throughput = 0.00000 Mbps
62845 ms [UE 23066] UL Throughput = 0.13134 Mbps
62845 ms [UE 42750] UL Throughput = 0.67554 Mbps
62869 ms [UE 17403] UL Throughput = 0.94428 Mbps
62869 ms [UE 10755] UL Throughput = 0.81661 Mbps
62946 ms [UE 12658] UL Throughput = 0.00000 Mbps
62946 ms [UE 23066] UL Throughput = 0.65414 Mbps
62946 ms [UE 42750] UL Throughput = 0.00000 Mbps
62978 ms [UE 17403] UL Throughput = 0.00000 Mbps
62978 ms [UE 10755] UL Throughput = 0.00000 Mbps
63046 ms [UE 12658] UL Throughput = 0.88614 Mbps
63046 ms [UE 23066] UL Throughput = 0.00000 Mbps
63046 ms [UE 42750] UL Throughput = 0.81518 Mbps
63088 ms [UE 17403] UL Throughput = 0.78677 Mbps
63088 ms [UE 10755] UL Throughput = 0.74504 Mbps
63157 ms [UE 12658] UL Throughput = 0.00000 Mbps
63157 ms [UE 23066] UL Throughput = 0.12915 Mbps
63157 ms [UE 42750] UL Throughput = 0.00000 Mbps
63189 ms [UE 17403] UL Throughput = 0.71211 Mbps
63189 ms [UE 10755] UL Throughput = 0.00000 Mbps
63266 ms [UE 12658] UL Throughput = 0.00000 Mbps
63266 ms [UE 23066] UL Throughput = 0.00000 Mbps
63266 ms [UE 42750] UL Throughput = 0.75505 Mbps
63271 ms | now=1755746110305905 us | PDCP ind_msg latency=70977994 us
63298 ms [UE 17403] UL Throughput = 0.00000 Mbps
63298 ms [UE 10755] UL Throughput = 0.67649 Mbps
63367 ms [UE 12658] UL Throughput = 0.97947 Mbps
63367 ms [UE 23066] UL Throughput = 0.00000 Mbps
63367 ms [UE 42750] UL Throughput = 0.00000 Mbps
63398 ms [UE 17403] UL Throughput = 0.94708 Mbps
63398 ms [UE 10755] UL Throughput = 0.81903 Mbps
63476 ms [UE 12658] UL Throughput = 0.00000 Mbps
63476 ms [UE 23066] UL Throughput = 0.00000 Mbps
63476 ms [UE 42750] UL Throughput = 0.00000 Mbps
63498 ms [UE 17403] UL Throughput = 0.00000 Mbps
63498 ms [UE 10755] UL Throughput = 0.17398 Mbps
63586 ms [UE 12658] UL Throughput = 0.00000 Mbps
63586 ms [UE 23066] UL Throughput = 0.59604 Mbps
63586 ms [UE 42750] UL Throughput = 0.90348 Mbps
63608 ms [UE 17403] UL Throughput = 0.70818 Mbps
63608 ms [UE 10755] UL Throughput = 0.74528 Mbps
63686 ms [UE 12658] UL Throughput = 0.88969 Mbps
63686 ms [UE 23066] UL Throughput = 0.65471 Mbps
63686 ms [UE 42750] UL Throughput = 0.00000 Mbps
63718 ms [UE 17403] UL Throughput = 0.78687 Mbps
63718 ms [UE 10755] UL Throughput = 0.74513 Mbps
63786 ms [UE 12658] UL Throughput = 0.00000 Mbps
63786 ms [UE 23066] UL Throughput = 0.00000 Mbps
63786 ms [UE 42750] UL Throughput = 0.00000 Mbps
63828 ms [UE 17403] UL Throughput = 0.00000 Mbps
63828 ms [UE 10755] UL Throughput = 0.00000 Mbps
63896 ms [UE 12658] UL Throughput = 0.75108 Mbps
63896 ms [UE 23066] UL Throughput = 0.00000 Mbps
63896 ms [UE 42750] UL Throughput = 0.91072 Mbps
63929 ms [UE 17403] UL Throughput = 0.94164 Mbps
63929 ms [UE 10755] UL Throughput = 0.81433 Mbps
63996 ms [UE 12658] UL Throughput = 0.17277 Mbps
63996 ms [UE 23066] UL Throughput = 0.00000 Mbps
63996 ms [UE 42750] UL Throughput = 0.00000 Mbps
64038 ms [UE 17403] UL Throughput = 0.71333 Mbps
64038 ms [UE 10755] UL Throughput = 0.91025 Mbps
64107 ms [UE 12658] UL Throughput = 0.00000 Mbps
64107 ms [UE 23066] UL Throughput = 0.59332 Mbps
64107 ms [UE 42750] UL Throughput = 0.74171 Mbps
64138 ms [UE 17403] UL Throughput = 0.00000 Mbps
64138 ms [UE 10755] UL Throughput = 0.00000 Mbps
64209 ms [UE 12658] UL Throughput = 0.97356 Mbps
64209 ms [UE 23066] UL Throughput = 0.00000 Mbps
64209 ms [UE 42750] UL Throughput = 0.80291 Mbps
64238 ms [UE 17403] UL Throughput = 0.94571 Mbps
64238 ms [UE 10755] UL Throughput = 0.81785 Mbps
64306 ms | now=1755746111340872 us | PDCP ind_msg latency=70977864 us
64316 ms [UE 12658] UL Throughput = 0.00000 Mbps
64316 ms [UE 23066] UL Throughput = 0.00000 Mbps
64316 ms [UE 42750] UL Throughput = 0.00000 Mbps
64338 ms [UE 17403] UL Throughput = 0.00000 Mbps
64338 ms [UE 10755] UL Throughput = 0.17404 Mbps
64416 ms [UE 12658] UL Throughput = 0.71170 Mbps
64416 ms [UE 23066] UL Throughput = 0.79342 Mbps
64416 ms [UE 42750] UL Throughput = 0.00000 Mbps
64438 ms [UE 17403] UL Throughput = 0.77862 Mbps
64438 ms [UE 10755] UL Throughput = 0.71656 Mbps
64525 ms [UE 12658] UL Throughput = 0.00000 Mbps
64525 ms [UE 23066] UL Throughput = 0.00000 Mbps
64525 ms [UE 42750] UL Throughput = 0.91198 Mbps
64549 ms [UE 17403] UL Throughput = 0.70471 Mbps
64549 ms [UE 10755] UL Throughput = 0.89925 Mbps
64626 ms [UE 12658] UL Throughput = 0.81586 Mbps
64626 ms [UE 23066] UL Throughput = 0.00000 Mbps
64626 ms [UE 42750] UL Throughput = 0.00000 Mbps
64658 ms [UE 17403] UL Throughput = 0.15443 Mbps
64658 ms [UE 10755] UL Throughput = 0.00000 Mbps
64736 ms [UE 12658] UL Throughput = 0.00000 Mbps
64736 ms [UE 23066] UL Throughput = 0.72518 Mbps
64736 ms [UE 42750] UL Throughput = 0.74384 Mbps
64768 ms [UE 17403] UL Throughput = 0.00000 Mbps
64768 ms [UE 10755] UL Throughput = 0.74625 Mbps
64837 ms [UE 12658] UL Throughput = 0.00000 Mbps
64837 ms [UE 23066] UL Throughput = 0.00000 Mbps
64837 ms [UE 42750] UL Throughput = 0.00000 Mbps
64878 ms [UE 17403] UL Throughput = 0.70978 Mbps
64878 ms [UE 10755] UL Throughput = 0.90573 Mbps
64938 ms [UE 12658] UL Throughput = 0.99069 Mbps
64938 ms [UE 23066] UL Throughput = 0.00000 Mbps
64938 ms [UE 42750] UL Throughput = 0.00000 Mbps
64978 ms [UE 17403] UL Throughput = 0.00000 Mbps
64978 ms [UE 10755] UL Throughput = 0.17358 Mbps
65047 ms [UE 12658] UL Throughput = 0.00000 Mbps
65047 ms [UE 23066] UL Throughput = 0.00000 Mbps
65047 ms [UE 42750] UL Throughput = 0.91318 Mbps
65079 ms [UE 17403] UL Throughput = 0.77625 Mbps
65079 ms [UE 10755] UL Throughput = 0.71439 Mbps
65155 ms [UE 12658] UL Throughput = 0.00000 Mbps
65155 ms [UE 23066] UL Throughput = 0.53658 Mbps
65155 ms [UE 42750] UL Throughput = 0.00000 Mbps
65190 ms [UE 17403] UL Throughput = 0.85042 Mbps
65190 ms [UE 10755] UL Throughput = 0.00000 Mbps
65256 ms [UE 12658] UL Throughput = 0.91022 Mbps
65256 ms [UE 23066] UL Throughput = 0.00000 Mbps
65256 ms [UE 42750] UL Throughput = 0.00000 Mbps
65298 ms [UE 17403] UL Throughput = 0.15651 Mbps
65298 ms [UE 10755] UL Throughput = 0.75937 Mbps
65342 ms | now=1755746112376954 us | PDCP ind_msg latency=70977993 us
65359 ms [UE 12658] UL Throughput = 0.16927 Mbps
65359 ms [UE 23066] UL Throughput = 0.00000 Mbps
65359 ms [UE 42750] UL Throughput = 0.00000 Mbps
65408 ms [UE 17403] UL Throughput = 0.00000 Mbps
65408 ms [UE 10755] UL Throughput = 0.74677 Mbps
65465 ms [UE 12658] UL Throughput = 0.69009 Mbps
65465 ms [UE 23066] UL Throughput = 0.61339 Mbps
65465 ms [UE 42750] UL Throughput = 0.00000 Mbps
65509 ms [UE 17403] UL Throughput = 0.77210 Mbps
65509 ms [UE 10755] UL Throughput = 0.98525 Mbps
65566 ms [UE 12658] UL Throughput = 0.00000 Mbps
65566 ms [UE 23066] UL Throughput = 0.14201 Mbps
65566 ms [UE 42750] UL Throughput = 0.73041 Mbps
65610 ms [UE 17403] UL Throughput = 0.00000 Mbps
65610 ms [UE 10755] UL Throughput = 0.00000 Mbps
65677 ms [UE 12658] UL Throughput = 0.00000 Mbps
65677 ms [UE 23066] UL Throughput = 0.59328 Mbps
65677 ms [UE 42750] UL Throughput = 0.00000 Mbps
65723 ms [UE 17403] UL Throughput = 0.68457 Mbps
65723 ms [UE 10755] UL Throughput = 0.78314 Mbps
65777 ms [UE 12658] UL Throughput = 0.99292 Mbps
65777 ms [UE 23066] UL Throughput = 0.00000 Mbps
65777 ms [UE 42750] UL Throughput = 0.71610 Mbps
65828 ms [UE 17403] UL Throughput = 0.84797 Mbps
65828 ms [UE 10755] UL Throughput = 0.00000 Mbps
65886 ms [UE 12658] UL Throughput = 0.00000 Mbps
65886 ms [UE 23066] UL Throughput = 0.13214 Mbps
65886 ms [UE 42750] UL Throughput = 0.00000 Mbps
65928 ms [UE 17403] UL Throughput = 0.00000 Mbps
65928 ms [UE 10755] UL Throughput = 0.00000 Mbps
65986 ms [UE 12658] UL Throughput = 0.81942 Mbps
65986 ms [UE 23066] UL Throughput = 0.65548 Mbps
65986 ms [UE 42750] UL Throughput = 0.00000 Mbps
66038 ms [UE 17403] UL Throughput = 0.70804 Mbps
66038 ms [UE 10755] UL Throughput = 0.90350 Mbps
66096 ms [UE 12658] UL Throughput = 0.00000 Mbps
66096 ms [UE 23066] UL Throughput = 0.59644 Mbps
66096 ms [UE 42750] UL Throughput = 0.90409 Mbps
66138 ms [UE 17403] UL Throughput = 0.16893 Mbps
66138 ms [UE 10755] UL Throughput = 0.73762 Mbps
66196 ms [UE 12658] UL Throughput = 0.00000 Mbps
66196 ms [UE 23066] UL Throughput = 0.00000 Mbps
66196 ms [UE 42750] UL Throughput = 0.00000 Mbps
66240 ms [UE 17403] UL Throughput = 0.76744 Mbps
66240 ms [UE 10755] UL Throughput = 0.00000 Mbps
66306 ms [UE 12658] UL Throughput = 0.90736 Mbps
66306 ms [UE 23066] UL Throughput = 0.00000 Mbps
66306 ms [UE 42750] UL Throughput = 0.74830 Mbps
66348 ms [UE 17403] UL Throughput = 0.64176 Mbps
66348 ms [UE 10755] UL Throughput = 0.91559 Mbps
66380 ms | now=1755746113414959 us | PDCP ind_msg latency=70978015 us
66417 ms [UE 12658] UL Throughput = 0.64545 Mbps
66417 ms [UE 23066] UL Throughput = 0.71957 Mbps
66417 ms [UE 42750] UL Throughput = 0.00000 Mbps
66458 ms [UE 17403] UL Throughput = 0.15350 Mbps
66458 ms [UE 10755] UL Throughput = 0.00000 Mbps
66526 ms [UE 12658] UL Throughput = 0.00000 Mbps
66526 ms [UE 23066] UL Throughput = 0.00000 Mbps
66526 ms [UE 42750] UL Throughput = 0.00000 Mbps
66569 ms [UE 17403] UL Throughput = 0.70368 Mbps
66569 ms [UE 10755] UL Throughput = 0.74054 Mbps
66637 ms [UE 12658] UL Throughput = 0.00000 Mbps
66637 ms [UE 23066] UL Throughput = 0.58920 Mbps
66637 ms [UE 42750] UL Throughput = 0.89311 Mbps
66678 ms [UE 17403] UL Throughput = 0.71502 Mbps
66678 ms [UE 10755] UL Throughput = 0.91241 Mbps
66740 ms [UE 12658] UL Throughput = 0.16906 Mbps
66740 ms [UE 23066] UL Throughput = 0.00000 Mbps
66740 ms [UE 42750] UL Throughput = 0.00000 Mbps
66778 ms [UE 17403] UL Throughput = 0.94361 Mbps
66778 ms [UE 10755] UL Throughput = 0.81603 Mbps
66846 ms [UE 12658] UL Throughput = 0.77638 Mbps
66846 ms [UE 23066] UL Throughput = 0.00000 Mbps
66846 ms [UE 42750] UL Throughput = 0.77638 Mbps
66880 ms [UE 17403] UL Throughput = 0.00000 Mbps
66880 ms [UE 10755] UL Throughput = 0.00000 Mbps
66946 ms [UE 12658] UL Throughput = 0.81947 Mbps
66946 ms [UE 23066] UL Throughput = 0.79892 Mbps
66946 ms [UE 42750] UL Throughput = 0.00000 Mbps
66988 ms [UE 17403] UL Throughput = 0.71999 Mbps
66988 ms [UE 10755] UL Throughput = 0.82365 Mbps
67046 ms [UE 12658] UL Throughput = 0.00000 Mbps
67046 ms [UE 23066] UL Throughput = 0.00000 Mbps
67046 ms [UE 42750] UL Throughput = 0.00000 Mbps
67088 ms [UE 17403] UL Throughput = 0.00000 Mbps
67088 ms [UE 10755] UL Throughput = 0.17383 Mbps
67146 ms [UE 12658] UL Throughput = 0.00000 Mbps
67146 ms [UE 23066] UL Throughput = 0.57900 Mbps
67146 ms [UE 42750] UL Throughput = 0.98576 Mbps
67190 ms [UE 17403] UL Throughput = 0.00000 Mbps
67190 ms [UE 10755] UL Throughput = 0.80702 Mbps
67257 ms [UE 12658] UL Throughput = 0.15700 Mbps
67257 ms [UE 23066] UL Throughput = 0.00000 Mbps
67257 ms [UE 42750] UL Throughput = 0.00000 Mbps
67291 ms [UE 17403] UL Throughput = 0.93700 Mbps
67291 ms [UE 10755] UL Throughput = 0.81032 Mbps
67365 ms [UE 12658] UL Throughput = 0.75886 Mbps
67365 ms [UE 23066] UL Throughput = 0.00000 Mbps
67365 ms [UE 42750] UL Throughput = 0.75886 Mbps
67398 ms [UE 17403] UL Throughput = 0.00000 Mbps
67398 ms [UE 10755] UL Throughput = 0.00000 Mbps
67415 ms | now=1755746114450009 us | PDCP ind_msg latency=70978101 us
67466 ms [UE 12658] UL Throughput = 0.81601 Mbps
67466 ms [UE 23066] UL Throughput = 0.79554 Mbps
67466 ms [UE 42750] UL Throughput = 0.00000 Mbps
67508 ms [UE 17403] UL Throughput = 0.71061 Mbps
67508 ms [UE 10755] UL Throughput = 0.90678 Mbps
67567 ms [UE 12658] UL Throughput = 0.00000 Mbps
67567 ms [UE 23066] UL Throughput = 0.00000 Mbps
67567 ms [UE 42750] UL Throughput = 0.00000 Mbps
67608 ms [UE 17403] UL Throughput = 0.86268 Mbps
67608 ms [UE 10755] UL Throughput = 0.81692 Mbps
67676 ms [UE 12658] UL Throughput = 0.00000 Mbps
67676 ms [UE 23066] UL Throughput = 0.00000 Mbps
67676 ms [UE 42750] UL Throughput = 0.91578 Mbps
67719 ms [UE 17403] UL Throughput = 0.00000 Mbps
67719 ms [UE 10755] UL Throughput = 0.00000 Mbps
67778 ms [UE 12658] UL Throughput = 0.17068 Mbps
67778 ms [UE 23066] UL Throughput = 0.00000 Mbps
67778 ms [UE 42750] UL Throughput = 0.00000 Mbps
67828 ms [UE 17403] UL Throughput = 0.86555 Mbps
67828 ms [UE 10755] UL Throughput = 0.74852 Mbps
67886 ms [UE 12658] UL Throughput = 0.75806 Mbps
67886 ms [UE 23066] UL Throughput = 0.00000 Mbps
67886 ms [UE 42750] UL Throughput = 0.66292 Mbps
67928 ms [UE 17403] UL Throughput = 0.77855 Mbps
67928 ms [UE 10755] UL Throughput = 0.17415 Mbps
67996 ms [UE 12658] UL Throughput = 0.83302 Mbps
67996 ms [UE 23066] UL Throughput = 0.00000 Mbps
67996 ms [UE 42750] UL Throughput = 0.67387 Mbps
68038 ms [UE 17403] UL Throughput = 0.00000 Mbps
68038 ms [UE 10755] UL Throughput = 0.74459 Mbps
68096 ms [UE 12658] UL Throughput = 0.00000 Mbps
68096 ms [UE 23066] UL Throughput = 0.00000 Mbps
68096 ms [UE 42750] UL Throughput = 0.00000 Mbps
68148 ms [UE 17403] UL Throughput = 0.86156 Mbps
68148 ms [UE 10755] UL Throughput = 0.74507 Mbps
68206 ms [UE 12658] UL Throughput = 0.67275 Mbps
68206 ms [UE 23066] UL Throughput = 0.59797 Mbps
68206 ms [UE 42750] UL Throughput = 0.00000 Mbps
68248 ms [UE 17403] UL Throughput = 0.00000 Mbps
68248 ms [UE 10755] UL Throughput = 0.17377 Mbps
68306 ms [UE 12658] UL Throughput = 0.00000 Mbps
68306 ms [UE 23066] UL Throughput = 0.79340 Mbps
68306 ms [UE 42750] UL Throughput = 0.81381 Mbps
68349 ms [UE 17403] UL Throughput = 0.77509 Mbps
68349 ms [UE 10755] UL Throughput = 0.71332 Mbps
68416 ms [UE 12658] UL Throughput = 0.00000 Mbps
68416 ms [UE 23066] UL Throughput = 0.00000 Mbps
68416 ms [UE 42750] UL Throughput = 0.00000 Mbps
68441 ms | now=1755746115475889 us | PDCP ind_msg latency=70977936 us
68458 ms [UE 17403] UL Throughput = 0.65695 Mbps
68458 ms [UE 10755] UL Throughput = 0.67608 Mbps
68516 ms [UE 12658] UL Throughput = 0.71649 Mbps
68516 ms [UE 23066] UL Throughput = 0.00000 Mbps
68516 ms [UE 42750] UL Throughput = 0.17415 Mbps
68568 ms [UE 17403] UL Throughput = 0.00000 Mbps
68568 ms [UE 10755] UL Throughput = 0.00000 Mbps
68626 ms [UE 12658] UL Throughput = 0.00000 Mbps
68626 ms [UE 23066] UL Throughput = 0.00000 Mbps
68626 ms [UE 42750] UL Throughput = 0.00000 Mbps
68678 ms [UE 17403] UL Throughput = 0.86223 Mbps
68678 ms [UE 10755] UL Throughput = 0.74566 Mbps
68726 ms [UE 12658] UL Throughput = 0.00000 Mbps
68726 ms [UE 23066] UL Throughput = 0.65531 Mbps
68726 ms [UE 42750] UL Throughput = 0.99331 Mbps
68778 ms [UE 17403] UL Throughput = 0.77894 Mbps
68778 ms [UE 10755] UL Throughput = 0.99398 Mbps
68836 ms [UE 12658] UL Throughput = 0.15821 Mbps
68836 ms [UE 23066] UL Throughput = 0.59542 Mbps
68836 ms [UE 42750] UL Throughput = 0.00000 Mbps
68878 ms [UE 17403] UL Throughput = 0.00000 Mbps
68878 ms [UE 10755] UL Throughput = 0.00000 Mbps
68940 ms [UE 12658] UL Throughput = 0.79284 Mbps
68940 ms [UE 23066] UL Throughput = 0.00000 Mbps
68940 ms [UE 42750] UL Throughput = 0.00000 Mbps
68988 ms [UE 17403] UL Throughput = 0.78710 Mbps
68988 ms [UE 10755] UL Throughput = 0.74534 Mbps
69047 ms [UE 12658] UL Throughput = 0.75956 Mbps
69047 ms [UE 23066] UL Throughput = 0.00000 Mbps
69047 ms [UE 42750] UL Throughput = 0.92100 Mbps
69098 ms [UE 17403] UL Throughput = 0.15350 Mbps
69098 ms [UE 10755] UL Throughput = 0.74474 Mbps
69157 ms [UE 12658] UL Throughput = 0.00000 Mbps
69157 ms [UE 23066] UL Throughput = 0.00000 Mbps
69157 ms [UE 42750] UL Throughput = 0.00000 Mbps
69198 ms [UE 17403] UL Throughput = 0.00000 Mbps
69198 ms [UE 10755] UL Throughput = 0.00000 Mbps
69259 ms [UE 12658] UL Throughput = 0.00000 Mbps
69259 ms [UE 23066] UL Throughput = 0.78305 Mbps
69259 ms [UE 42750] UL Throughput = 0.70239 Mbps
69308 ms [UE 17403] UL Throughput = 0.00000 Mbps
69308 ms [UE 10755] UL Throughput = 0.90436 Mbps
69366 ms [UE 12658] UL Throughput = 0.00000 Mbps
69366 ms [UE 23066] UL Throughput = 0.00000 Mbps
69366 ms [UE 42750] UL Throughput = 0.00000 Mbps
69409 ms [UE 17403] UL Throughput = 0.00000 Mbps
69409 ms [UE 10755] UL Throughput = 0.17188 Mbps
69472 ms | now=1755746116506838 us | PDCP ind_msg latency=70977910 us
69476 ms [UE 12658] UL Throughput = 0.90028 Mbps
69476 ms [UE 23066] UL Throughput = 0.59393 Mbps
69476 ms [UE 42750] UL Throughput = 0.00000 Mbps
69518 ms [UE 17403] UL Throughput = 0.71517 Mbps
69518 ms [UE 10755] UL Throughput = 0.75263 Mbps
69576 ms [UE 12658] UL Throughput = 0.00000 Mbps
69576 ms [UE 23066] UL Throughput = 0.00000 Mbps
69576 ms [UE 42750] UL Throughput = 0.00000 Mbps
69628 ms [UE 17403] UL Throughput = 0.70956 Mbps
69628 ms [UE 10755] UL Throughput = 0.81173 Mbps
69686 ms [UE 12658] UL Throughput = 0.74832 Mbps
69686 ms [UE 23066] UL Throughput = 0.00000 Mbps
69686 ms [UE 42750] UL Throughput = 0.90737 Mbps
69728 ms [UE 17403] UL Throughput = 0.00000 Mbps
69728 ms [UE 10755] UL Throughput = 0.00000 Mbps
69786 ms [UE 12658] UL Throughput = 0.00000 Mbps
69786 ms [UE 23066] UL Throughput = 0.14331 Mbps
69786 ms [UE 42750] UL Throughput = 0.00000 Mbps
69829 ms [UE 17403] UL Throughput = 0.94272 Mbps
69829 ms [UE 10755] UL Throughput = 0.81526 Mbps
69898 ms [UE 12658] UL Throughput = 0.00000 Mbps
69898 ms [UE 23066] UL Throughput = 0.58693 Mbps
69898 ms [UE 42750] UL Throughput = 0.73371 Mbps
69938 ms [UE 17403] UL Throughput = 0.15505 Mbps
69938 ms [UE 10755] UL Throughput = 0.75229 Mbps
70006 ms [UE 12658] UL Throughput = 0.91637 Mbps
70006 ms [UE 23066] UL Throughput = 0.53824 Mbps
70006 ms [UE 42750] UL Throughput = 0.00000 Mbps
70038 ms [UE 17403] UL Throughput = 0.00000 Mbps
70038 ms [UE 10755] UL Throughput = 0.00000 Mbps
70106 ms [UE 12658] UL Throughput = 0.00000 Mbps
70106 ms [UE 23066] UL Throughput = 0.00000 Mbps
70106 ms [UE 42750] UL Throughput = 0.00000 Mbps
70149 ms [UE 17403] UL Throughput = 0.00000 Mbps
70149 ms [UE 10755] UL Throughput = 0.89761 Mbps
70206 ms [UE 12658] UL Throughput = 0.81962 Mbps
70206 ms [UE 23066] UL Throughput = 0.00000 Mbps
70206 ms [UE 42750] UL Throughput = 0.99383 Mbps
70258 ms [UE 17403] UL Throughput = 0.00000 Mbps
70258 ms [UE 10755] UL Throughput = 0.15959 Mbps
70307 ms [UE 12658] UL Throughput = 0.00000 Mbps
70307 ms [UE 23066] UL Throughput = 0.00000 Mbps
70307 ms [UE 42750] UL Throughput = 0.00000 Mbps
70359 ms [UE 17403] UL Throughput = 0.77631 Mbps
70359 ms [UE 10755] UL Throughput = 0.71444 Mbps
70416 ms [UE 12658] UL Throughput = 0.00000 Mbps
70416 ms [UE 23066] UL Throughput = 0.73149 Mbps
70416 ms [UE 42750] UL Throughput = 0.75030 Mbps
70468 ms [UE 17403] UL Throughput = 0.71102 Mbps
70468 ms [UE 10755] UL Throughput = 0.90731 Mbps
70516 ms [UE 12658] UL Throughput = 0.17408 Mbps
70516 ms [UE 23066] UL Throughput = 0.00000 Mbps
70516 ms [UE 42750] UL Throughput = 0.00000 Mbps
70524 ms | now=1755746117558714 us | PDCP ind_msg latency=70977804 us
70568 ms [UE 17403] UL Throughput = 0.00000 Mbps
70568 ms [UE 10755] UL Throughput = 0.00000 Mbps
70625 ms [UE 12658] UL Throughput = 0.74867 Mbps
70625 ms [UE 23066] UL Throughput = 0.59889 Mbps
70625 ms [UE 42750] UL Throughput = 0.00000 Mbps
70668 ms [UE 17403] UL Throughput = 0.94715 Mbps
70668 ms [UE 10755] UL Throughput = 0.81910 Mbps
70726 ms [UE 12658] UL Throughput = 0.71013 Mbps
70726 ms [UE 23066] UL Throughput = 0.00000 Mbps
70726 ms [UE 42750] UL Throughput = 0.98465 Mbps
70768 ms [UE 17403] UL Throughput = 0.94746 Mbps
70768 ms [UE 10755] UL Throughput = 0.00000 Mbps
70827 ms [UE 12658] UL Throughput = 0.00000 Mbps
70827 ms [UE 23066] UL Throughput = 0.00000 Mbps
70827 ms [UE 42750] UL Throughput = 0.00000 Mbps
70878 ms [UE 17403] UL Throughput = 0.00000 Mbps
70878 ms [UE 10755] UL Throughput = 0.74544 Mbps
70936 ms [UE 12658] UL Throughput = 0.00000 Mbps
70936 ms [UE 23066] UL Throughput = 0.68350 Mbps
70936 ms [UE 42750] UL Throughput = 0.00000 Mbps
70988 ms [UE 17403] UL Throughput = 0.78814 Mbps
70988 ms [UE 10755] UL Throughput = 0.74634 Mbps
71046 ms [UE 12658] UL Throughput = 0.83185 Mbps
71046 ms [UE 23066] UL Throughput = 0.00000 Mbps
71046 ms [UE 42750] UL Throughput = 0.00000 Mbps
71098 ms [UE 17403] UL Throughput = 0.00000 Mbps
71098 ms [UE 10755] UL Throughput = 0.00000 Mbps
71146 ms [UE 12658] UL Throughput = 0.00000 Mbps
71146 ms [UE 23066] UL Throughput = 0.65537 Mbps
71146 ms [UE 42750] UL Throughput = 0.00000 Mbps
71198 ms [UE 17403] UL Throughput = 0.00000 Mbps
71198 ms [UE 10755] UL Throughput = 0.73663 Mbps
71255 ms [UE 12658] UL Throughput = 0.90946 Mbps
71255 ms [UE 23066] UL Throughput = 0.00000 Mbps
71255 ms [UE 42750] UL Throughput = 0.67501 Mbps
71308 ms [UE 17403] UL Throughput = 0.86469 Mbps
71308 ms [UE 10755] UL Throughput = 0.74779 Mbps
71356 ms [UE 12658] UL Throughput = 0.00000 Mbps
71356 ms [UE 23066] UL Throughput = 0.00000 Mbps
71356 ms [UE 42750] UL Throughput = 0.00000 Mbps
71408 ms [UE 17403] UL Throughput = 0.71525 Mbps
71408 ms [UE 10755] UL Throughput = 0.17384 Mbps
71465 ms [UE 12658] UL Throughput = 0.00000 Mbps
71465 ms [UE 23066] UL Throughput = 0.66517 Mbps
71465 ms [UE 42750] UL Throughput = 0.74976 Mbps
71508 ms [UE 17403] UL Throughput = 0.00000 Mbps
71508 ms [UE 10755] UL Throughput = 0.81952 Mbps
71556 ms | now=1755746118590702 us | PDCP ind_msg latency=70977776 us
71566 ms [UE 12658] UL Throughput = 0.17411 Mbps
71566 ms [UE 23066] UL Throughput = 0.00000 Mbps
71566 ms [UE 42750] UL Throughput = 0.00000 Mbps
71608 ms [UE 17403] UL Throughput = 0.00000 Mbps
71608 ms [UE 10755] UL Throughput = 0.00000 Mbps
71676 ms [UE 12658] UL Throughput = 0.74424 Mbps
71676 ms [UE 23066] UL Throughput = 0.00000 Mbps
71676 ms [UE 42750] UL Throughput = 0.00000 Mbps
71718 ms [UE 17403] UL Throughput = 0.78792 Mbps
71718 ms [UE 10755] UL Throughput = 0.74612 Mbps
71776 ms [UE 12658] UL Throughput = 0.00000 Mbps
71776 ms [UE 23066] UL Throughput = 0.65478 Mbps
71776 ms [UE 42750] UL Throughput = 0.99252 Mbps
71828 ms [UE 17403] UL Throughput = 0.86552 Mbps
71828 ms [UE 10755] UL Throughput = 0.74850 Mbps
71876 ms [UE 12658] UL Throughput = 0.00000 Mbps
71876 ms [UE 23066] UL Throughput = 0.00000 Mbps
71876 ms [UE 42750] UL Throughput = 0.00000 Mbps
71928 ms [UE 17403] UL Throughput = 0.77391 Mbps
71928 ms [UE 10755] UL Throughput = 0.98755 Mbps
71976 ms [UE 12658] UL Throughput = 0.99046 Mbps
71976 ms [UE 23066] UL Throughput = 0.65343 Mbps
71976 ms [UE 42750] UL Throughput = 0.00000 Mbps
72038 ms [UE 17403] UL Throughput = 0.00000 Mbps
72038 ms [UE 10755] UL Throughput = 0.00000 Mbps
72076 ms [UE 12658] UL Throughput = 0.00000 Mbps
72076 ms [UE 23066] UL Throughput = 0.00000 Mbps
72076 ms [UE 42750] UL Throughput = 0.17387 Mbps
72148 ms [UE 17403] UL Throughput = 0.86368 Mbps
72148 ms [UE 10755] UL Throughput = 0.74691 Mbps
72186 ms [UE 12658] UL Throughput = 0.65624 Mbps
72186 ms [UE 23066] UL Throughput = 0.00000 Mbps
72186 ms [UE 42750] UL Throughput = 0.75041 Mbps
72248 ms [UE 17403] UL Throughput = 0.77720 Mbps
72248 ms [UE 10755] UL Throughput = 0.17385 Mbps
72286 ms [UE 12658] UL Throughput = 0.00000 Mbps
72286 ms [UE 23066] UL Throughput = 0.65094 Mbps
72286 ms [UE 42750] UL Throughput = 0.98669 Mbps
72358 ms [UE 17403] UL Throughput = 0.00000 Mbps
72358 ms [UE 10755] UL Throughput = 0.65355 Mbps
72396 ms [UE 12658] UL Throughput = 0.15930 Mbps
72396 ms [UE 23066] UL Throughput = 0.00000 Mbps
72396 ms [UE 42750] UL Throughput = 0.00000 Mbps
72468 ms [UE 17403] UL Throughput = 0.00000 Mbps
72468 ms [UE 10755] UL Throughput = 0.90574 Mbps
72507 ms [UE 12658] UL Throughput = 0.73681 Mbps
72507 ms [UE 23066] UL Throughput = 0.00000 Mbps
72507 ms [UE 42750] UL Throughput = 0.73681 Mbps
72569 ms [UE 17403] UL Throughput = 0.16785 Mbps
72569 ms [UE 10755] UL Throughput = 0.81436 Mbps
72584 ms | now=1755746119619148 us | PDCP ind_msg latency=70978244 us
72616 ms [UE 12658] UL Throughput = 0.75368 Mbps
72616 ms [UE 23066] UL Throughput = 0.73477 Mbps
72616 ms [UE 42750] UL Throughput = 0.00000 Mbps
72678 ms [UE 17403] UL Throughput = 0.70960 Mbps
72678 ms [UE 10755] UL Throughput = 0.00000 Mbps
72726 ms [UE 12658] UL Throughput = 0.00000 Mbps
72726 ms [UE 23066] UL Throughput = 0.00000 Mbps
72726 ms [UE 42750] UL Throughput = 0.00000 Mbps
72788 ms [UE 17403] UL Throughput = 0.70903 Mbps
72788 ms [UE 10755] UL Throughput = 0.90477 Mbps
72835 ms [UE 12658] UL Throughput = 0.00000 Mbps
72835 ms [UE 23066] UL Throughput = 0.53252 Mbps
72835 ms [UE 42750] UL Throughput = 0.90662 Mbps
72898 ms [UE 17403] UL Throughput = 0.00000 Mbps
72898 ms [UE 10755] UL Throughput = 0.00000 Mbps
72936 ms [UE 12658] UL Throughput = 0.17334 Mbps
72936 ms [UE 23066] UL Throughput = 0.00000 Mbps
72936 ms [UE 42750] UL Throughput = 0.00000 Mbps
72998 ms [UE 17403] UL Throughput = 0.16859 Mbps
72998 ms [UE 10755] UL Throughput = 0.81794 Mbps
73036 ms [UE 12658] UL Throughput = 0.81606 Mbps
73036 ms [UE 23066] UL Throughput = 0.65280 Mbps
73036 ms [UE 42750] UL Throughput = 0.00000 Mbps
73098 ms [UE 17403] UL Throughput = 0.94678 Mbps
73098 ms [UE 10755] UL Throughput = 0.81878 Mbps
73146 ms [UE 12658] UL Throughput = 0.74758 Mbps
73146 ms [UE 23066] UL Throughput = 0.00000 Mbps
73146 ms [UE 42750] UL Throughput = 0.90648 Mbps
73208 ms [UE 17403] UL Throughput = 0.00000 Mbps
73208 ms [UE 10755] UL Throughput = 0.00000 Mbps
73256 ms [UE 12658] UL Throughput = 0.00000 Mbps
73256 ms [UE 23066] UL Throughput = 0.00000 Mbps
73256 ms [UE 42750] UL Throughput = 0.00000 Mbps
73308 ms [UE 17403] UL Throughput = 0.69410 Mbps
73308 ms [UE 10755] UL Throughput = 0.99027 Mbps
73370 ms [UE 12658] UL Throughput = 0.00000 Mbps
73370 ms [UE 23066] UL Throughput = 0.70636 Mbps
73370 ms [UE 42750] UL Throughput = 0.72453 Mbps
73418 ms [UE 17403] UL Throughput = 0.85994 Mbps
73418 ms [UE 10755] UL Throughput = 0.74367 Mbps
73476 ms [UE 12658] UL Throughput = 0.00000 Mbps
73476 ms [UE 23066] UL Throughput = 0.00000 Mbps
73476 ms [UE 42750] UL Throughput = 0.00000 Mbps
73529 ms [UE 17403] UL Throughput = 0.00000 Mbps
73529 ms [UE 10755] UL Throughput = 0.00000 Mbps
73586 ms [UE 12658] UL Throughput = 0.90263 Mbps
73586 ms [UE 23066] UL Throughput = 0.53017 Mbps
73586 ms [UE 42750] UL Throughput = 0.00000 Mbps
73609 ms | now=1755746120643881 us | PDCP ind_msg latency=70977910 us
73639 ms [UE 17403] UL Throughput = 0.78011 Mbps
73639 ms [UE 10755] UL Throughput = 0.73539 Mbps
73696 ms [UE 12658] UL Throughput = 0.00000 Mbps
73696 ms [UE 23066] UL Throughput = 0.00000 Mbps
73696 ms [UE 42750] UL Throughput = 0.83034 Mbps
73749 ms [UE 17403] UL Throughput = 0.64965 Mbps
73749 ms [UE 10755] UL Throughput = 0.00000 Mbps
73808 ms [UE 12658] UL Throughput = 0.65773 Mbps
73808 ms [UE 23066] UL Throughput = 0.00000 Mbps
73808 ms [UE 42750] UL Throughput = 0.00000 Mbps
73858 ms [UE 17403] UL Throughput = 0.00000 Mbps
73858 ms [UE 10755] UL Throughput = 0.67561 Mbps
73916 ms [UE 12658] UL Throughput = 0.00000 Mbps
73916 ms [UE 23066] UL Throughput = 0.69593 Mbps
73916 ms [UE 42750] UL Throughput = 0.76270 Mbps
73968 ms [UE 17403] UL Throughput = 0.85968 Mbps
73968 ms [UE 10755] UL Throughput = 0.74345 Mbps
74018 ms [UE 12658] UL Throughput = 0.00000 Mbps
74018 ms [UE 23066] UL Throughput = 0.00000 Mbps
74018 ms [UE 42750] UL Throughput = 0.00000 Mbps
74069 ms [UE 17403] UL Throughput = 0.77644 Mbps
74069 ms [UE 10755] UL Throughput = 0.17368 Mbps
74125 ms [UE 12658] UL Throughput = 0.92444 Mbps
74125 ms [UE 23066] UL Throughput = 0.60987 Mbps
74125 ms [UE 42750] UL Throughput = 0.00000 Mbps
74180 ms [UE 17403] UL Throughput = 0.00000 Mbps
74180 ms [UE 10755] UL Throughput = 0.73930 Mbps
74226 ms [UE 12658] UL Throughput = 0.00000 Mbps
74226 ms [UE 23066] UL Throughput = 0.00000 Mbps
74226 ms [UE 42750] UL Throughput = 0.99146 Mbps
74288 ms [UE 17403] UL Throughput = 0.79897 Mbps
74288 ms [UE 10755] UL Throughput = 0.75659 Mbps
74336 ms [UE 12658] UL Throughput = 0.65257 Mbps
74336 ms [UE 23066] UL Throughput = 0.00000 Mbps
74336 ms [UE 42750] UL Throughput = 0.00000 Mbps
74391 ms [UE 17403] UL Throughput = 0.16422 Mbps
74391 ms [UE 10755] UL Throughput = 0.79677 Mbps
74436 ms [UE 12658] UL Throughput = 0.00000 Mbps
74436 ms [UE 23066] UL Throughput = 0.14266 Mbps
74436 ms [UE 42750] UL Throughput = 0.81532 Mbps
74499 ms [UE 17403] UL Throughput = 0.72331 Mbps
74499 ms [UE 10755] UL Throughput = 0.00000 Mbps
74546 ms [UE 12658] UL Throughput = 0.15892 Mbps
74546 ms [UE 23066] UL Throughput = 0.00000 Mbps
74546 ms [UE 42750] UL Throughput = 0.00000 Mbps
74599 ms [UE 17403] UL Throughput = 0.77769 Mbps
74599 ms [UE 10755] UL Throughput = 0.99238 Mbps
74634 ms | now=1755746121668215 us | PDCP ind_msg latency=70978225 us
74646 ms [UE 12658] UL Throughput = 0.81891 Mbps
74646 ms [UE 23066] UL Throughput = 0.65508 Mbps
74646 ms [UE 42750] UL Throughput = 0.00000 Mbps
74708 ms [UE 17403] UL Throughput = 0.15389 Mbps
74708 ms [UE 10755] UL Throughput = 0.74663 Mbps
74751 ms [UE 12658] UL Throughput = 0.00000 Mbps
74751 ms [UE 23066] UL Throughput = 0.00000 Mbps
74751 ms [UE 42750] UL Throughput = 0.16525 Mbps
74820 ms [UE 17403] UL Throughput = 0.69987 Mbps
74820 ms [UE 10755] UL Throughput = 0.00000 Mbps
74857 ms [UE 12658] UL Throughput = 0.00000 Mbps
74857 ms [UE 23066] UL Throughput = 0.61948 Mbps
74857 ms [UE 42750] UL Throughput = 0.77441 Mbps
74928 ms [UE 17403] UL Throughput = 0.00000 Mbps
74928 ms [UE 10755] UL Throughput = 0.82339 Mbps
74967 ms [UE 12658] UL Throughput = 0.90209 Mbps
74967 ms [UE 23066] UL Throughput = 0.00000 Mbps
74967 ms [UE 42750] UL Throughput = 0.65059 Mbps
75038 ms [UE 17403] UL Throughput = 0.00000 Mbps
75038 ms [UE 10755] UL Throughput = 0.90394 Mbps
75078 ms [UE 12658] UL Throughput = 0.00000 Mbps
75078 ms [UE 23066] UL Throughput = 0.00000 Mbps
75078 ms [UE 42750] UL Throughput = 0.00000 Mbps
75139 ms [UE 17403] UL Throughput = 0.00000 Mbps
75139 ms [UE 10755] UL Throughput = 0.00000 Mbps
75187 ms [UE 12658] UL Throughput = 0.75596 Mbps
75187 ms [UE 23066] UL Throughput = 0.73700 Mbps
75187 ms [UE 42750] UL Throughput = 0.00000 Mbps
75248 ms [UE 17403] UL Throughput = 0.71432 Mbps
75248 ms [UE 10755] UL Throughput = 0.91152 Mbps
75296 ms [UE 12658] UL Throughput = 0.00000 Mbps
75296 ms [UE 23066] UL Throughput = 0.00000 Mbps
75296 ms [UE 42750] UL Throughput = 0.00000 Mbps
75350 ms [UE 17403] UL Throughput = 0.76586 Mbps
75350 ms [UE 10755] UL Throughput = 0.17131 Mbps
75396 ms [UE 12658] UL Throughput = 0.81912 Mbps
75396 ms [UE 23066] UL Throughput = 0.00000 Mbps
75396 ms [UE 42750] UL Throughput = 0.99323 Mbps
75458 ms [UE 17403] UL Throughput = 0.00000 Mbps
75458 ms [UE 10755] UL Throughput = 0.75787 Mbps
75506 ms [UE 12658] UL Throughput = 0.00000 Mbps
75506 ms [UE 23066] UL Throughput = 0.13056 Mbps
75506 ms [UE 42750] UL Throughput = 0.00000 Mbps
75568 ms [UE 17403] UL Throughput = 0.86017 Mbps
75568 ms [UE 10755] UL Throughput = 0.65051 Mbps
75616 ms [UE 12658] UL Throughput = 0.00000 Mbps
75616 ms [UE 23066] UL Throughput = 0.59680 Mbps
75616 ms [UE 42750] UL Throughput = 0.74606 Mbps
75668 ms | now=1755746122702262 us | PDCP ind_msg latency=70978310 us
75669 ms [UE 17403] UL Throughput = 0.16846 Mbps
75669 ms [UE 10755] UL Throughput = 0.00000 Mbps
75716 ms [UE 12658] UL Throughput = 0.98829 Mbps
75716 ms [UE 23066] UL Throughput = 0.00000 Mbps
75716 ms [UE 42750] UL Throughput = 0.00000 Mbps
75779 ms [UE 17403] UL Throughput = 0.70836 Mbps
75779 ms [UE 10755] UL Throughput = 0.74547 Mbps
75828 ms [UE 12658] UL Throughput = 0.00000 Mbps
75828 ms [UE 23066] UL Throughput = 0.52401 Mbps
75828 ms [UE 42750] UL Throughput = 0.00000 Mbps
75888 ms [UE 17403] UL Throughput = 0.15460 Mbps
75888 ms [UE 10755] UL Throughput = 0.75008 Mbps
75937 ms [UE 12658] UL Throughput = 0.00000 Mbps
75937 ms [UE 23066] UL Throughput = 0.59797 Mbps
75937 ms [UE 42750] UL Throughput = 0.90641 Mbps
75988 ms [UE 17403] UL Throughput = 0.00000 Mbps
75988 ms [UE 10755] UL Throughput = 0.17316 Mbps
76047 ms [UE 12658] UL Throughput = 0.00000 Mbps
76047 ms [UE 23066] UL Throughput = 0.00000 Mbps
76047 ms [UE 42750] UL Throughput = 0.00000 Mbps
76089 ms [UE 17403] UL Throughput = 0.77562 Mbps
76089 ms [UE 10755] UL Throughput = 0.81625 Mbps
76147 ms [UE 12658] UL Throughput = 0.99282 Mbps
76147 ms [UE 23066] UL Throughput = 0.00000 Mbps
76147 ms [UE 42750] UL Throughput = 0.81879 Mbps
76199 ms [UE 17403] UL Throughput = 0.71059 Mbps
76199 ms [UE 10755] UL Throughput = 0.81291 Mbps
76247 ms [UE 12658] UL Throughput = 0.00000 Mbps
76247 ms [UE 23066] UL Throughput = 0.00000 Mbps
76247 ms [UE 42750] UL Throughput = 0.00000 Mbps
76299 ms [UE 17403] UL Throughput = 0.00000 Mbps
76299 ms [UE 10755] UL Throughput = 0.00000 Mbps
76356 ms [UE 12658] UL Throughput = 0.75357 Mbps
76356 ms [UE 23066] UL Throughput = 0.73467 Mbps
76356 ms [UE 42750] UL Throughput = 0.00000 Mbps
76408 ms [UE 17403] UL Throughput = 0.81522 Mbps
76408 ms [UE 10755] UL Throughput = 0.00000 Mbps
76466 ms [UE 12658] UL Throughput = 0.00000 Mbps
76466 ms [UE 23066] UL Throughput = 0.00000 Mbps
76466 ms [UE 42750] UL Throughput = 0.15866 Mbps
76510 ms [UE 17403] UL Throughput = 0.00000 Mbps
76510 ms [UE 10755] UL Throughput = 0.97757 Mbps
76566 ms [UE 12658] UL Throughput = 0.00000 Mbps
76566 ms [UE 23066] UL Throughput = 0.58352 Mbps
76566 ms [UE 42750] UL Throughput = 0.81932 Mbps
76619 ms [UE 17403] UL Throughput = 0.00000 Mbps
76619 ms [UE 10755] UL Throughput = 0.00000 Mbps
76666 ms [UE 12658] UL Throughput = 0.90736 Mbps
76666 ms [UE 23066] UL Throughput = 0.00000 Mbps
76666 ms [UE 42750] UL Throughput = 0.00000 Mbps
76710 ms | now=1755746123744907 us | PDCP ind_msg latency=70977972 us
76728 ms [UE 17403] UL Throughput = 0.15500 Mbps
76728 ms [UE 10755] UL Throughput = 0.67681 Mbps
76776 ms [UE 12658] UL Throughput = 0.00000 Mbps
76776 ms [UE 23066] UL Throughput = 0.00000 Mbps
76776 ms [UE 42750] UL Throughput = 0.00000 Mbps
76828 ms [UE 17403] UL Throughput = 0.77678 Mbps
76828 ms [UE 10755] UL Throughput = 0.17375 Mbps
76886 ms [UE 12658] UL Throughput = 0.74282 Mbps
76886 ms [UE 23066] UL Throughput = 0.12998 Mbps
76886 ms [UE 42750] UL Throughput = 0.00000 Mbps
76929 ms [UE 17403] UL Throughput = 0.00000 Mbps
76929 ms [UE 10755] UL Throughput = 0.71304 Mbps
76996 ms [UE 12658] UL Throughput = 0.00000 Mbps
76996 ms [UE 23066] UL Throughput = 0.13121 Mbps
76996 ms [UE 42750] UL Throughput = 0.00000 Mbps
77038 ms [UE 17403] UL Throughput = 0.71111 Mbps
77038 ms [UE 10755] UL Throughput = 0.90742 Mbps
77106 ms [UE 12658] UL Throughput = 0.00000 Mbps
77106 ms [UE 23066] UL Throughput = 0.59637 Mbps
77106 ms [UE 42750] UL Throughput = 0.67094 Mbps
77148 ms [UE 17403] UL Throughput = 0.15380 Mbps
77148 ms [UE 10755] UL Throughput = 0.74621 Mbps
77206 ms [UE 12658] UL Throughput = 0.88674 Mbps
77206 ms [UE 23066] UL Throughput = 0.60159 Mbps
77206 ms [UE 42750] UL Throughput = 0.00000 Mbps
77249 ms [UE 17403] UL Throughput = 0.76934 Mbps
77249 ms [UE 10755] UL Throughput = 0.00000 Mbps
77307 ms [UE 12658] UL Throughput = 0.00000 Mbps
77307 ms [UE 23066] UL Throughput = 0.00000 Mbps
77307 ms [UE 42750] UL Throughput = 0.00000 Mbps
77349 ms [UE 17403] UL Throughput = 0.77839 Mbps
77349 ms [UE 10755] UL Throughput = 0.99327 Mbps
77410 ms [UE 12658] UL Throughput = 0.79421 Mbps
77410 ms [UE 23066] UL Throughput = 0.00000 Mbps
77410 ms [UE 42750] UL Throughput = 0.96302 Mbps
77458 ms [UE 17403] UL Throughput = 0.15508 Mbps
77458 ms [UE 10755] UL Throughput = 0.00000 Mbps
77516 ms [UE 12658] UL Throughput = 0.00000 Mbps
77516 ms [UE 23066] UL Throughput = 0.00000 Mbps
77516 ms [UE 42750] UL Throughput = 0.00000 Mbps
77568 ms [UE 17403] UL Throughput = 0.63399 Mbps
77568 ms [UE 10755] UL Throughput = 0.74596 Mbps
77620 ms [UE 12658] UL Throughput = 0.00000 Mbps
77620 ms [UE 23066] UL Throughput = 0.62822 Mbps
77620 ms [UE 42750] UL Throughput = 0.95225 Mbps
77670 ms [UE 17403] UL Throughput = 0.00000 Mbps
77670 ms [UE 10755] UL Throughput = 0.97388 Mbps
77726 ms [UE 12658] UL Throughput = 0.16365 Mbps
77726 ms [UE 23066] UL Throughput = 0.00000 Mbps
77726 ms [UE 42750] UL Throughput = 0.00000 Mbps
77757 ms | now=1755746124791703 us | PDCP ind_msg latency=70978741 us
77778 ms [UE 17403] UL Throughput = 0.00000 Mbps
77778 ms [UE 10755] UL Throughput = 0.00000 Mbps
77839 ms [UE 12658] UL Throughput = 0.73164 Mbps
77839 ms [UE 23066] UL Throughput = 0.00000 Mbps
77839 ms [UE 42750] UL Throughput = 0.73164 Mbps
77888 ms [UE 17403] UL Throughput = 0.86398 Mbps
77888 ms [UE 10755] UL Throughput = 0.74717 Mbps
77946 ms [UE 12658] UL Throughput = 0.66977 Mbps
77946 ms [UE 23066] UL Throughput = 0.74669 Mbps
77946 ms [UE 42750] UL Throughput = 0.00000 Mbps
77988 ms [UE 17403] UL Throughput = 0.77841 Mbps
77988 ms [UE 10755] UL Throughput = 0.17412 Mbps
78046 ms [UE 12658] UL Throughput = 0.00000 Mbps
78046 ms [UE 23066] UL Throughput = 0.00000 Mbps
78046 ms [UE 42750] UL Throughput = 0.00000 Mbps
78098 ms [UE 17403] UL Throughput = 0.00000 Mbps
78098 ms [UE 10755] UL Throughput = 0.74455 Mbps
78146 ms [UE 12658] UL Throughput = 0.00000 Mbps
78146 ms [UE 23066] UL Throughput = 0.65366 Mbps
78146 ms [UE 42750] UL Throughput = 0.99082 Mbps
78208 ms [UE 17403] UL Throughput = 0.78712 Mbps
78208 ms [UE 10755] UL Throughput = 0.74537 Mbps
78249 ms [UE 12658] UL Throughput = 0.16948 Mbps
78249 ms [UE 23066] UL Throughput = 0.00000 Mbps
78249 ms [UE 42750] UL Throughput = 0.00000 Mbps
78318 ms [UE 17403] UL Throughput = 0.00000 Mbps
78318 ms [UE 10755] UL Throughput = 0.00000 Mbps
78356 ms [UE 12658] UL Throughput = 0.76432 Mbps
78356 ms [UE 23066] UL Throughput = 0.00000 Mbps
78356 ms [UE 42750] UL Throughput = 0.76432 Mbps
78428 ms [UE 17403] UL Throughput = 0.70773 Mbps
78428 ms [UE 10755] UL Throughput = 0.74480 Mbps
78466 ms [UE 12658] UL Throughput = 0.00000 Mbps
78466 ms [UE 23066] UL Throughput = 0.72681 Mbps
78466 ms [UE 42750] UL Throughput = 0.00000 Mbps
78539 ms [UE 17403] UL Throughput = 0.70574 Mbps
78539 ms [UE 10755] UL Throughput = 0.90057 Mbps
78566 ms [UE 12658] UL Throughput = 0.81919 Mbps
78566 ms [UE 23066] UL Throughput = 0.00000 Mbps
78566 ms [UE 42750] UL Throughput = 0.00000 Mbps
78649 ms [UE 17403] UL Throughput = 0.15293 Mbps
78649 ms [UE 10755] UL Throughput = 0.74200 Mbps
78676 ms [UE 12658] UL Throughput = 0.00000 Mbps
78676 ms [UE 23066] UL Throughput = 0.59761 Mbps
78676 ms [UE 42750] UL Throughput = 0.81210 Mbps
78759 ms [UE 17403] UL Throughput = 0.70916 Mbps
78759 ms [UE 10755] UL Throughput = 0.00000 Mbps
78787 ms [UE 12658] UL Throughput = 0.00000 Mbps
78787 ms [UE 23066] UL Throughput = 0.00000 Mbps
78787 ms [UE 42750] UL Throughput = 0.00000 Mbps
78801 ms | now=1755746125835734 us | PDCP ind_msg latency=70977825 us
78868 ms [UE 17403] UL Throughput = 0.71359 Mbps
78868 ms [UE 10755] UL Throughput = 0.81634 Mbps
78896 ms [UE 12658] UL Throughput = 0.91097 Mbps
78896 ms [UE 23066] UL Throughput = 0.00000 Mbps
78896 ms [UE 42750] UL Throughput = 0.75128 Mbps
78978 ms [UE 17403] UL Throughput = 0.65125 Mbps
78978 ms [UE 10755] UL Throughput = 0.67022 Mbps
78997 ms [UE 12658] UL Throughput = 0.00000 Mbps
78997 ms [UE 23066] UL Throughput = 0.14214 Mbps
78997 ms [UE 42750] UL Throughput = 0.00000 Mbps
79079 ms [UE 17403] UL Throughput = 0.00000 Mbps
79079 ms [UE 10755] UL Throughput = 0.00000 Mbps
79107 ms [UE 12658] UL Throughput = 0.74738 Mbps
79107 ms [UE 23066] UL Throughput = 0.59786 Mbps
79107 ms [UE 42750] UL Throughput = 0.00000 Mbps
79188 ms [UE 17403] UL Throughput = 0.86712 Mbps
79188 ms [UE 10755] UL Throughput = 0.74989 Mbps
79216 ms [UE 12658] UL Throughput = 0.00000 Mbps
79216 ms [UE 23066] UL Throughput = 0.60189 Mbps
79216 ms [UE 42750] UL Throughput = 0.91234 Mbps
79289 ms [UE 17403] UL Throughput = 0.00000 Mbps
79289 ms [UE 10755] UL Throughput = 0.00000 Mbps
79327 ms [UE 12658] UL Throughput = 0.00000 Mbps
79327 ms [UE 23066] UL Throughput = 0.00000 Mbps
79327 ms [UE 42750] UL Throughput = 0.00000 Mbps
79398 ms [UE 17403] UL Throughput = 0.70916 Mbps
79398 ms [UE 10755] UL Throughput = 0.90493 Mbps
79436 ms [UE 12658] UL Throughput = 0.91199 Mbps
79436 ms [UE 23066] UL Throughput = 0.00000 Mbps
79436 ms [UE 42750] UL Throughput = 0.65774 Mbps
79508 ms [UE 17403] UL Throughput = 0.78922 Mbps
79508 ms [UE 10755] UL Throughput = 0.74736 Mbps
79537 ms [UE 12658] UL Throughput = 0.73180 Mbps
79537 ms [UE 23066] UL Throughput = 0.14228 Mbps
79537 ms [UE 42750] UL Throughput = 0.00000 Mbps
79609 ms [UE 17403] UL Throughput = 0.00000 Mbps
79609 ms [UE 10755] UL Throughput = 0.00000 Mbps
79638 ms [UE 12658] UL Throughput = 0.00000 Mbps
79638 ms [UE 23066] UL Throughput = 0.00000 Mbps
79638 ms [UE 42750] UL Throughput = 0.00000 Mbps
79709 ms [UE 17403] UL Throughput = 0.94776 Mbps
79709 ms [UE 10755] UL Throughput = 0.81962 Mbps
79746 ms [UE 12658] UL Throughput = 0.00000 Mbps
79746 ms [UE 23066] UL Throughput = 0.60791 Mbps
79746 ms [UE 42750] UL Throughput = 0.68392 Mbps
79819 ms [UE 17403] UL Throughput = 0.00000 Mbps
79819 ms [UE 10755] UL Throughput = 0.90006 Mbps
79841 ms | now=1755746126875818 us | PDCP ind_msg latency=70977911 us
79846 ms [UE 12658] UL Throughput = 0.00000 Mbps
79846 ms [UE 23066] UL Throughput = 0.00000 Mbps
79846 ms [UE 42750] UL Throughput = 0.00000 Mbps
79930 ms [UE 17403] UL Throughput = 0.15282 Mbps
79930 ms [UE 10755] UL Throughput = 0.00000 Mbps
79946 ms [UE 12658] UL Throughput = 0.99317 Mbps
79946 ms [UE 23066] UL Throughput = 0.60405 Mbps
79946 ms [UE 42750] UL Throughput = 0.00000 Mbps
80038 ms [UE 17403] UL Throughput = 0.71677 Mbps
80038 ms [UE 10755] UL Throughput = 0.75432 Mbps
80046 ms [UE 12658] UL Throughput = 0.00000 Mbps
80046 ms [UE 23066] UL Throughput = 0.00000 Mbps
80046 ms [UE 42750] UL Throughput = 0.99378 Mbps
80138 ms [UE 17403] UL Throughput = 0.77844 Mbps
80138 ms [UE 10755] UL Throughput = 0.89052 Mbps
80158 ms [UE 12658] UL Throughput = 0.64052 Mbps
80158 ms [UE 23066] UL Throughput = 0.00000 Mbps
80158 ms [UE 42750] UL Throughput = 0.00000 Mbps
80239 ms [UE 17403] UL Throughput = 0.00000 Mbps
80239 ms [UE 10755] UL Throughput = 0.00000 Mbps
80259 ms [UE 12658] UL Throughput = 0.00000 Mbps
80259 ms [UE 23066] UL Throughput = 0.79416 Mbps
80259 ms [UE 42750] UL Throughput = 0.81460 Mbps
80349 ms [UE 17403] UL Throughput = 0.00000 Mbps
80349 ms [UE 10755] UL Throughput = 0.90803 Mbps
80366 ms [UE 12658] UL Throughput = 0.16221 Mbps
80366 ms [UE 23066] UL Throughput = 0.00000 Mbps
80366 ms [UE 42750] UL Throughput = 0.00000 Mbps
80459 ms [UE 17403] UL Throughput = 0.15339 Mbps
80459 ms [UE 10755] UL Throughput = 0.74419 Mbps
80477 ms [UE 12658] UL Throughput = 0.74214 Mbps
80477 ms [UE 23066] UL Throughput = 0.00000 Mbps
80477 ms [UE 42750] UL Throughput = 0.74214 Mbps
80568 ms [UE 17403] UL Throughput = 0.71303 Mbps
80568 ms [UE 10755] UL Throughput = 0.00000 Mbps
80586 ms [UE 12658] UL Throughput = 0.75283 Mbps
80586 ms [UE 23066] UL Throughput = 0.73395 Mbps
80586 ms [UE 42750] UL Throughput = 0.00000 Mbps
80679 ms [UE 17403] UL Throughput = 0.70642 Mbps
80679 ms [UE 10755] UL Throughput = 0.90143 Mbps
80686 ms [UE 12658] UL Throughput = 0.00000 Mbps
80686 ms [UE 23066] UL Throughput = 0.00000 Mbps
80686 ms [UE 42750] UL Throughput = 0.00000 Mbps
80780 ms [UE 17403] UL Throughput = 0.16581 Mbps
80780 ms [UE 10755] UL Throughput = 0.80450 Mbps
80788 ms [UE 12658] UL Throughput = 0.00000 Mbps
80788 ms [UE 23066] UL Throughput = 0.64355 Mbps
80788 ms [UE 42750] UL Throughput = 0.87452 Mbps
80880 ms | now=1755746127914831 us | PDCP ind_msg latency=70977895 us
80888 ms [UE 17403] UL Throughput = 0.64556 Mbps
80888 ms [UE 10755] UL Throughput = 0.00000 Mbps
80892 ms [UE 12658] UL Throughput = 0.95472 Mbps
80892 ms [UE 23066] UL Throughput = 0.00000 Mbps
80892 ms [UE 42750] UL Throughput = 0.00000 Mbps
80989 ms [UE 17403] UL Throughput = 0.94662 Mbps
80989 ms [UE 10755] UL Throughput = 0.81864 Mbps
80997 ms [UE 12658] UL Throughput = 0.00000 Mbps
80997 ms [UE 23066] UL Throughput = 0.00000 Mbps
80997 ms [UE 42750] UL Throughput = 0.78109 Mbps
81099 ms [UE 17403] UL Throughput = 0.00000 Mbps
81099 ms [UE 10755] UL Throughput = 0.15836 Mbps
81106 ms [UE 12658] UL Throughput = 0.75195 Mbps
81106 ms [UE 23066] UL Throughput = 0.73309 Mbps
81106 ms [UE 42750] UL Throughput = 0.00000 Mbps
81207 ms [UE 12658] UL Throughput = 0.00000 Mbps
81207 ms [UE 23066] UL Throughput = 0.00000 Mbps
81207 ms [UE 42750] UL Throughput = 0.17196 Mbps
81208 ms [UE 17403] UL Throughput = 0.70901 Mbps
81208 ms [UE 10755] UL Throughput = 0.74615 Mbps
81316 ms [UE 12658] UL Throughput = 0.00000 Mbps
81316 ms [UE 23066] UL Throughput = 0.00000 Mbps
81316 ms [UE 42750] UL Throughput = 0.75290 Mbps
81318 ms [UE 17403] UL Throughput = 0.15355 Mbps
81318 ms [UE 10755] UL Throughput = 0.74501 Mbps
81418 ms [UE 12658] UL Throughput = 0.97684 Mbps
81418 ms [UE 23066] UL Throughput = 0.00000 Mbps
81418 ms [UE 42750] UL Throughput = 0.70450 Mbps
81428 ms [UE 17403] UL Throughput = 0.70960 Mbps
81428 ms [UE 10755] UL Throughput = 0.15873 Mbps
81526 ms [UE 12658] UL Throughput = 0.16135 Mbps
81526 ms [UE 23066] UL Throughput = 0.00000 Mbps
81526 ms [UE 42750] UL Throughput = 0.00000 Mbps
81538 ms [UE 17403] UL Throughput = 0.00000 Mbps
81538 ms [UE 10755] UL Throughput = 0.65290 Mbps
81626 ms [UE 12658] UL Throughput = 0.00000 Mbps
81626 ms [UE 23066] UL Throughput = 0.65571 Mbps
81626 ms [UE 42750] UL Throughput = 0.81969 Mbps
81638 ms [UE 17403] UL Throughput = 0.00000 Mbps
81638 ms [UE 10755] UL Throughput = 0.73640 Mbps
81737 ms [UE 12658] UL Throughput = 0.89923 Mbps
81737 ms [UE 23066] UL Throughput = 0.59324 Mbps
81737 ms [UE 42750] UL Throughput = 0.00000 Mbps
81750 ms [UE 17403] UL Throughput = 0.69846 Mbps
81750 ms [UE 10755] UL Throughput = 0.15623 Mbps
81847 ms [UE 12658] UL Throughput = 0.00000 Mbps
81847 ms [UE 23066] UL Throughput = 0.00000 Mbps
81847 ms [UE 42750] UL Throughput = 0.15829 Mbps
81858 ms [UE 17403] UL Throughput = 0.00000 Mbps
81858 ms [UE 10755] UL Throughput = 0.00000 Mbps
81918 ms | now=1755746128952245 us | PDCP ind_msg latency=70978290 us
81956 ms [UE 12658] UL Throughput = 0.00000 Mbps
81956 ms [UE 23066] UL Throughput = 0.59971 Mbps
81956 ms [UE 42750] UL Throughput = 0.74969 Mbps
81959 ms [UE 17403] UL Throughput = 0.77502 Mbps
81959 ms [UE 10755] UL Throughput = 0.90738 Mbps
82056 ms [UE 12658] UL Throughput = 0.98979 Mbps
82056 ms [UE 23066] UL Throughput = 0.58137 Mbps
82056 ms [UE 42750] UL Throughput = 0.00000 Mbps
82068 ms [UE 17403] UL Throughput = 0.00000 Mbps
82068 ms [UE 10755] UL Throughput = 0.00000 Mbps
82166 ms [UE 12658] UL Throughput = 0.00000 Mbps
82166 ms [UE 23066] UL Throughput = 0.00000 Mbps
82166 ms [UE 42750] UL Throughput = 0.00000 Mbps
82179 ms [UE 17403] UL Throughput = 0.70624 Mbps
82179 ms [UE 10755] UL Throughput = 0.80793 Mbps
82276 ms [UE 12658] UL Throughput = 0.67229 Mbps
82276 ms [UE 23066] UL Throughput = 0.00000 Mbps
82276 ms [UE 42750] UL Throughput = 0.83106 Mbps
82288 ms [UE 17403] UL Throughput = 0.00000 Mbps
82288 ms [UE 10755] UL Throughput = 0.74604 Mbps
82376 ms [UE 12658] UL Throughput = 0.00000 Mbps
82376 ms [UE 23066] UL Throughput = 0.60446 Mbps
82376 ms [UE 42750] UL Throughput = 0.81963 Mbps
82389 ms [UE 17403] UL Throughput = 0.00000 Mbps
82389 ms [UE 10755] UL Throughput = 0.00000 Mbps
82486 ms [UE 12658] UL Throughput = 0.00000 Mbps
82486 ms [UE 23066] UL Throughput = 0.00000 Mbps
82486 ms [UE 42750] UL Throughput = 0.00000 Mbps
82498 ms [UE 17403] UL Throughput = 0.86507 Mbps
82498 ms [UE 10755] UL Throughput = 0.74811 Mbps
82596 ms [UE 12658] UL Throughput = 0.90340 Mbps
82596 ms [UE 23066] UL Throughput = 0.59599 Mbps
82596 ms [UE 42750] UL Throughput = 0.00000 Mbps
82598 ms [UE 17403] UL Throughput = 0.94762 Mbps
82598 ms [UE 10755] UL Throughput = 0.81950 Mbps
82697 ms [UE 12658] UL Throughput = 0.00000 Mbps
82697 ms [UE 23066] UL Throughput = 0.14119 Mbps
82697 ms [UE 42750] UL Throughput = 0.00000 Mbps
82709 ms [UE 17403] UL Throughput = 0.00000 Mbps
82709 ms [UE 10755] UL Throughput = 0.00000 Mbps
82806 ms [UE 12658] UL Throughput = 0.65963 Mbps
82806 ms [UE 23066] UL Throughput = 0.00000 Mbps
82806 ms [UE 42750] UL Throughput = 0.75429 Mbps
82818 ms [UE 17403] UL Throughput = 0.63641 Mbps
82818 ms [UE 10755] UL Throughput = 0.90796 Mbps
82906 ms [UE 12658] UL Throughput = 0.00000 Mbps
82906 ms [UE 23066] UL Throughput = 0.79667 Mbps
82906 ms [UE 42750] UL Throughput = 0.81716 Mbps
82928 ms [UE 17403] UL Throughput = 0.00000 Mbps
82928 ms [UE 10755] UL Throughput = 0.90573 Mbps
82952 ms | now=1755746129986234 us | PDCP ind_msg latency=70978330 us
83017 ms [UE 12658] UL Throughput = 0.89585 Mbps
83017 ms [UE 23066] UL Throughput = 0.00000 Mbps
83017 ms [UE 42750] UL Throughput = 0.00000 Mbps
83029 ms [UE 17403] UL Throughput = 0.00000 Mbps
83029 ms [UE 10755] UL Throughput = 0.00000 Mbps
83126 ms [UE 12658] UL Throughput = 0.00000 Mbps
83126 ms [UE 23066] UL Throughput = 0.00000 Mbps
83126 ms [UE 42750] UL Throughput = 0.75064 Mbps
83138 ms [UE 17403] UL Throughput = 0.86409 Mbps
83138 ms [UE 10755] UL Throughput = 0.74727 Mbps
83238 ms [UE 17403] UL Throughput = 0.77719 Mbps
83238 ms [UE 10755] UL Throughput = 0.99174 Mbps
83240 ms [UE 12658] UL Throughput = 0.72200 Mbps
83240 ms [UE 23066] UL Throughput = 0.70389 Mbps
83240 ms [UE 42750] UL Throughput = 0.00000 Mbps
83346 ms [UE 12658] UL Throughput = 0.00000 Mbps
83346 ms [UE 23066] UL Throughput = 0.00000 Mbps
83346 ms [UE 42750] UL Throughput = 0.16453 Mbps
83348 ms [UE 17403] UL Throughput = 0.00000 Mbps
83348 ms [UE 10755] UL Throughput = 0.00000 Mbps
83446 ms [UE 12658] UL Throughput = 0.00000 Mbps
83446 ms [UE 23066] UL Throughput = 0.58095 Mbps
83446 ms [UE 42750] UL Throughput = 0.81571 Mbps
83458 ms [UE 17403] UL Throughput = 0.78903 Mbps
83458 ms [UE 10755] UL Throughput = 0.74717 Mbps
83556 ms [UE 12658] UL Throughput = 0.90377 Mbps
83556 ms [UE 23066] UL Throughput = 0.59623 Mbps
83556 ms [UE 42750] UL Throughput = 0.00000 Mbps
83558 ms [UE 17403] UL Throughput = 0.16844 Mbps
83558 ms [UE 10755] UL Throughput = 0.81725 Mbps
83657 ms [UE 12658] UL Throughput = 0.00000 Mbps
83657 ms [UE 23066] UL Throughput = 0.00000 Mbps
83657 ms [UE 42750] UL Throughput = 0.00000 Mbps
83659 ms [UE 17403] UL Throughput = 0.77395 Mbps
83659 ms [UE 10755] UL Throughput = 0.00000 Mbps
83768 ms [UE 12658] UL Throughput = 0.73672 Mbps
83768 ms [UE 23066] UL Throughput = 0.00000 Mbps
83768 ms [UE 42750] UL Throughput = 0.89331 Mbps
83769 ms [UE 17403] UL Throughput = 0.70687 Mbps
83769 ms [UE 10755] UL Throughput = 0.90201 Mbps
83876 ms [UE 12658] UL Throughput = 0.00000 Mbps
83876 ms [UE 23066] UL Throughput = 0.00000 Mbps
83876 ms [UE 42750] UL Throughput = 0.00000 Mbps
83878 ms [UE 17403] UL Throughput = 0.15481 Mbps
83878 ms [UE 10755] UL Throughput = 0.75109 Mbps
83976 ms [UE 12658] UL Throughput = 0.00000 Mbps
83976 ms [UE 23066] UL Throughput = 0.79901 Mbps
83976 ms [UE 42750] UL Throughput = 0.81956 Mbps
83989 ms [UE 17403] UL Throughput = 0.70448 Mbps
83989 ms [UE 10755] UL Throughput = 0.00000 Mbps
83997 ms | now=1755746131031729 us | PDCP ind_msg latency=70977806 us
84078 ms [UE 12658] UL Throughput = 0.97290 Mbps
84078 ms [UE 23066] UL Throughput = 0.00000 Mbps
84078 ms [UE 42750] UL Throughput = 0.00000 Mbps
84099 ms [UE 17403] UL Throughput = 0.70989 Mbps
84099 ms [UE 10755] UL Throughput = 0.81210 Mbps
84186 ms [UE 12658] UL Throughput = 0.00000 Mbps
84186 ms [UE 23066] UL Throughput = 0.54244 Mbps
84186 ms [UE 42750] UL Throughput = 0.00000 Mbps
84209 ms [UE 17403] UL Throughput = 0.00000 Mbps
84209 ms [UE 10755] UL Throughput = 0.00000 Mbps
84286 ms [UE 12658] UL Throughput = 0.81512 Mbps
84286 ms [UE 23066] UL Throughput = 0.00000 Mbps
84286 ms [UE 42750] UL Throughput = 0.98838 Mbps
84319 ms [UE 17403] UL Throughput = 0.65167 Mbps
84319 ms [UE 10755] UL Throughput = 0.67065 Mbps
84388 ms [UE 12658] UL Throughput = 0.00000 Mbps
84388 ms [UE 23066] UL Throughput = 0.00000 Mbps
84388 ms [UE 42750] UL Throughput = 0.00000 Mbps
84428 ms [UE 17403] UL Throughput = 0.86858 Mbps
84428 ms [UE 10755] UL Throughput = 0.75114 Mbps
84496 ms [UE 12658] UL Throughput = 0.00000 Mbps
84496 ms [UE 23066] UL Throughput = 0.74331 Mbps
84496 ms [UE 42750] UL Throughput = 0.76243 Mbps
84538 ms [UE 17403] UL Throughput = 0.70802 Mbps
84538 ms [UE 10755] UL Throughput = 0.15837 Mbps
84596 ms [UE 12658] UL Throughput = 0.98815 Mbps
84596 ms [UE 23066] UL Throughput = 0.00000 Mbps
84596 ms [UE 42750] UL Throughput = 0.00000 Mbps
84651 ms [UE 17403] UL Throughput = 0.00000 Mbps
84651 ms [UE 10755] UL Throughput = 0.72615 Mbps
84697 ms [UE 12658] UL Throughput = 0.00000 Mbps
84697 ms [UE 23066] UL Throughput = 0.65238 Mbps
84697 ms [UE 42750] UL Throughput = 0.00000 Mbps
84760 ms [UE 17403] UL Throughput = 0.79945 Mbps
84760 ms [UE 10755] UL Throughput = 0.75704 Mbps
84797 ms [UE 12658] UL Throughput = 0.71534 Mbps
84797 ms [UE 23066] UL Throughput = 0.00000 Mbps
84797 ms [UE 42750] UL Throughput = 0.99187 Mbps
84869 ms [UE 17403] UL Throughput = 0.86794 Mbps
84869 ms [UE 10755] UL Throughput = 0.75059 Mbps
84907 ms [UE 12658] UL Throughput = 0.00000 Mbps
84907 ms [UE 23066] UL Throughput = 0.00000 Mbps
84907 ms [UE 42750] UL Throughput = 0.00000 Mbps
84979 ms [UE 17403] UL Throughput = 0.00000 Mbps
84979 ms [UE 10755] UL Throughput = 0.00000 Mbps
85017 ms [UE 12658] UL Throughput = 0.00000 Mbps
85017 ms [UE 23066] UL Throughput = 0.68384 Mbps
85017 ms [UE 42750] UL Throughput = 0.00000 Mbps
85027 ms | now=1755746132062038 us | PDCP ind_msg latency=70978104 us
85089 ms [UE 17403] UL Throughput = 0.70692 Mbps
85089 ms [UE 10755] UL Throughput = 0.90207 Mbps
85126 ms [UE 12658] UL Throughput = 0.83231 Mbps
85126 ms [UE 23066] UL Throughput = 0.00000 Mbps
85126 ms [UE 42750] UL Throughput = 0.00000 Mbps
85199 ms [UE 17403] UL Throughput = 0.86243 Mbps
85199 ms [UE 10755] UL Throughput = 0.74583 Mbps
85236 ms [UE 12658] UL Throughput = 0.00000 Mbps
85236 ms [UE 23066] UL Throughput = 0.59613 Mbps
85236 ms [UE 42750] UL Throughput = 0.00000 Mbps
85308 ms [UE 17403] UL Throughput = 0.00000 Mbps
85308 ms [UE 10755] UL Throughput = 0.15925 Mbps
85337 ms [UE 12658] UL Throughput = 0.17287 Mbps
85337 ms [UE 23066] UL Throughput = 0.00000 Mbps
85337 ms [UE 42750] UL Throughput = 0.00000 Mbps
85419 ms [UE 17403] UL Throughput = 0.00000 Mbps
85419 ms [UE 10755] UL Throughput = 0.64855 Mbps
85446 ms [UE 12658] UL Throughput = 0.74853 Mbps
85446 ms [UE 23066] UL Throughput = 0.00000 Mbps
85446 ms [UE 42750] UL Throughput = 0.67365 Mbps
85519 ms [UE 17403] UL Throughput = 0.77514 Mbps
85519 ms [UE 10755] UL Throughput = 0.98912 Mbps
85556 ms [UE 12658] UL Throughput = 0.00000 Mbps
85556 ms [UE 23066] UL Throughput = 0.66297 Mbps
85556 ms [UE 42750] UL Throughput = 0.74727 Mbps
85629 ms [UE 17403] UL Throughput = 0.00000 Mbps
85629 ms [UE 10755] UL Throughput = 0.15856 Mbps
85666 ms [UE 12658] UL Throughput = 0.00000 Mbps
85666 ms [UE 23066] UL Throughput = 0.00000 Mbps
85666 ms [UE 42750] UL Throughput = 0.00000 Mbps
85738 ms [UE 17403] UL Throughput = 0.71499 Mbps
85738 ms [UE 10755] UL Throughput = 0.75244 Mbps
85776 ms [UE 12658] UL Throughput = 0.90774 Mbps
85776 ms [UE 23066] UL Throughput = 0.59885 Mbps
85776 ms [UE 42750] UL Throughput = 0.00000 Mbps
85838 ms [UE 17403] UL Throughput = 0.94377 Mbps
85838 ms [UE 10755] UL Throughput = 0.81617 Mbps
85877 ms [UE 12658] UL Throughput = 0.00000 Mbps
85877 ms [UE 23066] UL Throughput = 0.00000 Mbps
85877 ms [UE 42750] UL Throughput = 0.00000 Mbps
85949 ms [UE 17403] UL Throughput = 0.00000 Mbps
85949 ms [UE 10755] UL Throughput = 0.00000 Mbps
85986 ms [UE 12658] UL Throughput = 0.75155 Mbps
85986 ms [UE 23066] UL Throughput = 0.00000 Mbps
85986 ms [UE 42750] UL Throughput = 0.91129 Mbps
86059 ms [UE 17403] UL Throughput = 0.78567 Mbps
86059 ms [UE 10755] UL Throughput = 0.74399 Mbps
86064 ms | now=1755746133098880 us | PDCP ind_msg latency=70977978 us
86086 ms [UE 12658] UL Throughput = 0.00000 Mbps
86086 ms [UE 23066] UL Throughput = 0.79644 Mbps
86086 ms [UE 42750] UL Throughput = 0.81693 Mbps
86168 ms [UE 17403] UL Throughput = 0.86737 Mbps
86168 ms [UE 10755] UL Throughput = 0.75010 Mbps
86196 ms [UE 12658] UL Throughput = 0.00000 Mbps
86196 ms [UE 23066] UL Throughput = 0.00000 Mbps
86196 ms [UE 42750] UL Throughput = 0.00000 Mbps
86268 ms [UE 17403] UL Throughput = 0.00000 Mbps
86268 ms [UE 10755] UL Throughput = 0.17385 Mbps
86296 ms [UE 12658] UL Throughput = 0.98838 Mbps
86296 ms [UE 23066] UL Throughput = 0.58054 Mbps
86296 ms [UE 42750] UL Throughput = 0.00000 Mbps
86369 ms [UE 17403] UL Throughput = 0.77271 Mbps
86369 ms [UE 10755] UL Throughput = 0.81318 Mbps
86406 ms [UE 12658] UL Throughput = 0.00000 Mbps
86406 ms [UE 23066] UL Throughput = 0.00000 Mbps
86406 ms [UE 42750] UL Throughput = 0.90681 Mbps
86478 ms [UE 17403] UL Throughput = 0.86768 Mbps
86478 ms [UE 10755] UL Throughput = 0.75037 Mbps
86506 ms [UE 12658] UL Throughput = 0.00000 Mbps
86506 ms [UE 23066] UL Throughput = 0.65345 Mbps
86506 ms [UE 42750] UL Throughput = 0.00000 Mbps
86579 ms [UE 17403] UL Throughput = 0.00000 Mbps
86579 ms [UE 10755] UL Throughput = 0.00000 Mbps
86616 ms [UE 12658] UL Throughput = 0.90490 Mbps
86616 ms [UE 23066] UL Throughput = 0.00000 Mbps
86616 ms [UE 42750] UL Throughput = 0.74628 Mbps
86688 ms [UE 17403] UL Throughput = 0.71000 Mbps
86688 ms [UE 10755] UL Throughput = 0.81224 Mbps
86716 ms [UE 12658] UL Throughput = 0.81787 Mbps
86716 ms [UE 23066] UL Throughput = 0.79736 Mbps
86716 ms [UE 42750] UL Throughput = 0.00000 Mbps
86798 ms [UE 17403] UL Throughput = 0.65116 Mbps
86798 ms [UE 10755] UL Throughput = 0.67012 Mbps
86826 ms [UE 12658] UL Throughput = 0.00000 Mbps
86826 ms [UE 23066] UL Throughput = 0.00000 Mbps
86826 ms [UE 42750] UL Throughput = 0.00000 Mbps
86899 ms [UE 17403] UL Throughput = 0.00000 Mbps
86899 ms [UE 10755] UL Throughput = 0.00000 Mbps
86926 ms [UE 12658] UL Throughput = 0.00000 Mbps
86926 ms [UE 23066] UL Throughput = 0.57984 Mbps
86926 ms [UE 42750] UL Throughput = 0.98719 Mbps
87008 ms [UE 17403] UL Throughput = 0.86544 Mbps
87008 ms [UE 10755] UL Throughput = 0.74843 Mbps
87036 ms [UE 12658] UL Throughput = 0.00000 Mbps
87036 ms [UE 23066] UL Throughput = 0.00000 Mbps
87036 ms [UE 42750] UL Throughput = 0.00000 Mbps
87098 ms | now=1755746134132191 us | PDCP ind_msg latency=70978266 us
87118 ms [UE 17403] UL Throughput = 0.70698 Mbps
87118 ms [UE 10755] UL Throughput = 0.15814 Mbps
87147 ms [UE 12658] UL Throughput = 0.89829 Mbps
87147 ms [UE 23066] UL Throughput = 0.00000 Mbps
87147 ms [UE 42750] UL Throughput = 0.74083 Mbps
87218 ms [UE 17403] UL Throughput = 0.00000 Mbps
87218 ms [UE 10755] UL Throughput = 0.81890 Mbps
87256 ms [UE 12658] UL Throughput = 0.75328 Mbps
87256 ms [UE 23066] UL Throughput = 0.73438 Mbps
87256 ms [UE 42750] UL Throughput = 0.00000 Mbps
87328 ms [UE 17403] UL Throughput = 0.15415 Mbps
87328 ms [UE 10755] UL Throughput = 0.00000 Mbps
87358 ms [UE 12658] UL Throughput = 0.00000 Mbps
87358 ms [UE 23066] UL Throughput = 0.00000 Mbps
87358 ms [UE 42750] UL Throughput = 0.97031 Mbps
87428 ms [UE 17403] UL Throughput = 0.69468 Mbps
87428 ms [UE 10755] UL Throughput = 0.81736 Mbps
87466 ms [UE 12658] UL Throughput = 0.00000 Mbps
87466 ms [UE 23066] UL Throughput = 0.60847 Mbps
87466 ms [UE 42750] UL Throughput = 0.00000 Mbps
87528 ms [UE 17403] UL Throughput = 0.00000 Mbps
87528 ms [UE 10755] UL Throughput = 0.99267 Mbps
87576 ms [UE 12658] UL Throughput = 0.90717 Mbps
87576 ms [UE 23066] UL Throughput = 0.00000 Mbps
87576 ms [UE 42750] UL Throughput = 0.65426 Mbps
87629 ms [UE 17403] UL Throughput = 0.16885 Mbps
87629 ms [UE 10755] UL Throughput = 0.81920 Mbps
87676 ms [UE 12658] UL Throughput = 0.00000 Mbps
87676 ms [UE 23066] UL Throughput = 0.14342 Mbps
87676 ms [UE 42750] UL Throughput = 0.00000 Mbps
87738 ms [UE 17403] UL Throughput = 0.71019 Mbps
87738 ms [UE 10755] UL Throughput = 0.00000 Mbps
87776 ms [UE 12658] UL Throughput = 0.73434 Mbps
87776 ms [UE 23066] UL Throughput = 0.00000 Mbps
87776 ms [UE 42750] UL Throughput = 0.00000 Mbps
87839 ms [UE 17403] UL Throughput = 0.76965 Mbps
87839 ms [UE 10755] UL Throughput = 0.98213 Mbps
87886 ms [UE 12658] UL Throughput = 0.00000 Mbps
87886 ms [UE 23066] UL Throughput = 0.59753 Mbps
87886 ms [UE 42750] UL Throughput = 0.67224 Mbps
87948 ms [UE 17403] UL Throughput = 0.15491 Mbps
87948 ms [UE 10755] UL Throughput = 0.00000 Mbps
87986 ms [UE 12658] UL Throughput = 0.17389 Mbps
87986 ms [UE 23066] UL Throughput = 0.00000 Mbps
87986 ms [UE 42750] UL Throughput = 0.00000 Mbps
88049 ms [UE 17403] UL Throughput = 0.69298 Mbps
88049 ms [UE 10755] UL Throughput = 0.81536 Mbps
88087 ms [UE 12658] UL Throughput = 0.81530 Mbps
88087 ms [UE 23066] UL Throughput = 0.60127 Mbps
88087 ms [UE 42750] UL Throughput = 0.00000 Mbps
88124 ms | now=1755746135159111 us | PDCP ind_msg latency=70978221 us
88159 ms [UE 17403] UL Throughput = 0.15417 Mbps
88159 ms [UE 10755] UL Throughput = 0.74801 Mbps
88197 ms [UE 12658] UL Throughput = 0.65171 Mbps
88197 ms [UE 23066] UL Throughput = 0.00000 Mbps
88197 ms [UE 42750] UL Throughput = 0.90364 Mbps
88259 ms [UE 17403] UL Throughput = 0.77682 Mbps
88259 ms [UE 10755] UL Throughput = 0.00000 Mbps
88306 ms [UE 12658] UL Throughput = 0.00000 Mbps
88306 ms [UE 23066] UL Throughput = 0.13065 Mbps
88306 ms [UE 42750] UL Throughput = 0.00000 Mbps
88368 ms [UE 17403] UL Throughput = 0.71434 Mbps
88368 ms [UE 10755] UL Throughput = 0.91154 Mbps
88417 ms [UE 12658] UL Throughput = 0.00000 Mbps
88417 ms [UE 23066] UL Throughput = 0.59218 Mbps
88417 ms [UE 42750] UL Throughput = 0.74028 Mbps
88469 ms [UE 17403] UL Throughput = 0.16787 Mbps
88469 ms [UE 10755] UL Throughput = 0.81447 Mbps
88526 ms [UE 12658] UL Throughput = 0.91552 Mbps
88526 ms [UE 23066] UL Throughput = 0.00000 Mbps
88526 ms [UE 42750] UL Throughput = 0.75504 Mbps
88569 ms [UE 17403] UL Throughput = 0.77895 Mbps
88569 ms [UE 10755] UL Throughput = 0.00000 Mbps
88627 ms [UE 12658] UL Throughput = 0.00000 Mbps
88627 ms [UE 23066] UL Throughput = 0.00000 Mbps
88627 ms [UE 42750] UL Throughput = 0.00000 Mbps
88679 ms [UE 17403] UL Throughput = 0.70676 Mbps
88679 ms [UE 10755] UL Throughput = 0.80853 Mbps
88738 ms [UE 12658] UL Throughput = 0.73495 Mbps
88738 ms [UE 23066] UL Throughput = 0.71652 Mbps
88738 ms [UE 42750] UL Throughput = 0.00000 Mbps
88789 ms [UE 17403] UL Throughput = 0.00000 Mbps
88789 ms [UE 10755] UL Throughput = 0.00000 Mbps
88846 ms [UE 12658] UL Throughput = 0.00000 Mbps
88846 ms [UE 23066] UL Throughput = 0.54230 Mbps
88846 ms [UE 42750] UL Throughput = 0.92328 Mbps
88890 ms [UE 17403] UL Throughput = 0.77002 Mbps
88890 ms [UE 10755] UL Throughput = 0.98259 Mbps
88946 ms [UE 12658] UL Throughput = 0.00000 Mbps
88946 ms [UE 23066] UL Throughput = 0.00000 Mbps
88946 ms [UE 42750] UL Throughput = 0.00000 Mbps
88999 ms [UE 17403] UL Throughput = 0.87057 Mbps
88999 ms [UE 10755] UL Throughput = 0.75287 Mbps
89057 ms [UE 12658] UL Throughput = 0.89526 Mbps
89057 ms [UE 23066] UL Throughput = 0.00000 Mbps
89057 ms [UE 42750] UL Throughput = 0.73833 Mbps
89099 ms [UE 17403] UL Throughput = 0.00000 Mbps
89099 ms [UE 10755] UL Throughput = 0.00000 Mbps
89151 ms | now=1755746136185307 us | PDCP ind_msg latency=70978186 us
89166 ms [UE 12658] UL Throughput = 0.00000 Mbps
89166 ms [UE 23066] UL Throughput = 0.13241 Mbps
89166 ms [UE 42750] UL Throughput = 0.00000 Mbps
89209 ms [UE 17403] UL Throughput = 0.71117 Mbps
89209 ms [UE 10755] UL Throughput = 0.90750 Mbps
89268 ms [UE 12658] UL Throughput = 0.79913 Mbps
89268 ms [UE 23066] UL Throughput = 0.63926 Mbps
89268 ms [UE 42750] UL Throughput = 0.00000 Mbps
89318 ms [UE 17403] UL Throughput = 0.78793 Mbps
89318 ms [UE 10755] UL Throughput = 0.74613 Mbps
89377 ms [UE 12658] UL Throughput = 0.00000 Mbps
89377 ms [UE 23066] UL Throughput = 0.60347 Mbps
89377 ms [UE 42750] UL Throughput = 0.16035 Mbps
89419 ms [UE 17403] UL Throughput = 0.00000 Mbps
89419 ms [UE 10755] UL Throughput = 0.00000 Mbps
89490 ms [UE 12658] UL Throughput = 0.00000 Mbps
89490 ms [UE 23066] UL Throughput = 0.00000 Mbps
89490 ms [UE 42750] UL Throughput = 0.72621 Mbps
89528 ms [UE 17403] UL Throughput = 0.81018 Mbps
89528 ms [UE 10755] UL Throughput = 0.00000 Mbps
89596 ms [UE 12658] UL Throughput = 0.93462 Mbps
89596 ms [UE 23066] UL Throughput = 0.54896 Mbps
89596 ms [UE 42750] UL Throughput = 0.00000 Mbps
89628 ms [UE 17403] UL Throughput = 0.77559 Mbps
89628 ms [UE 10755] UL Throughput = 0.17349 Mbps
89696 ms [UE 12658] UL Throughput = 0.00000 Mbps
89696 ms [UE 23066] UL Throughput = 0.00000 Mbps
89696 ms [UE 42750] UL Throughput = 0.00000 Mbps
89739 ms [UE 17403] UL Throughput = 0.00000 Mbps
89739 ms [UE 10755] UL Throughput = 0.74312 Mbps
89806 ms [UE 12658] UL Throughput = 0.74798 Mbps
89806 ms [UE 23066] UL Throughput = 0.00000 Mbps
89806 ms [UE 42750] UL Throughput = 0.90696 Mbps
89839 ms [UE 17403] UL Throughput = 0.94605 Mbps
89839 ms [UE 10755] UL Throughput = 0.73630 Mbps
89916 ms [UE 12658] UL Throughput = 0.00000 Mbps
89916 ms [UE 23066] UL Throughput = 0.72415 Mbps
89916 ms [UE 42750] UL Throughput = 0.74278 Mbps
89948 ms [UE 17403] UL Throughput = 0.00000 Mbps
89948 ms [UE 10755] UL Throughput = 0.90761 Mbps
[xApp]: E42 RIC_SUBSCRIPTION_DELETE_REQUEST tx RAN_FUNC_ID 144 RIC_REQ_ID 1 
[xApp]: E42 SUBSCRIPTION DELETE RESPONSE rx
[xApp]: E42 RIC_SUBSCRIPTION_DELETE_REQUEST tx RAN_FUNC_ID 142 RIC_REQ_ID 2 
[xApp]: E42 SUBSCRIPTION DELETE RESPONSE rx
[xApp]: E42 RIC_SUBSCRIPTION_DELETE_REQUEST tx RAN_FUNC_ID 142 RIC_REQ_ID 3 
[xApp]: E42 SUBSCRIPTION DELETE RESPONSE rx
[xApp]: Sucessfully stopped 
MAC/PDCP xApp run SUCCESSFULLY
