[UTIL]: Setting the config -c file to /usr/local/etc/flexric/flexric.conf
[UTIL]: Setting path -p for the shared libraries to /usr/local/lib/flexric/
[xAapp]: Initializing ... 
[xApp]: nearRT-RIC IP Address = 192.168.70.150, PORT = 36422
[E2 AGENT]: Opening plugin from path = /usr/local/lib/flexric/libkpm_sm.so 
[E2 AGENT]: Opening plugin from path = /usr/local/lib/flexric/libmac_sm.so 
[E2 AGENT]: Opening plugin from path = /usr/local/lib/flexric/libpdcp_sm.so 
[E2 AGENT]: Opening plugin from path = /usr/local/lib/flexric/libgtp_sm.so 
[E2 AGENT]: Opening plugin from path = /usr/local/lib/flexric/librc_sm.so 
[E2 AGENT]: Opening plugin from path = /usr/local/lib/flexric/libtc_sm.so 
[E2 AGENT]: Opening plugin from path = /usr/local/lib/flexric/librlc_sm.so 
[E2 AGENT]: Opening plugin from path = /usr/local/lib/flexric/libslice_sm.so 
[NEAR-RIC]: Loading SM ID = 2 with def = ORAN-E2SM-KPM 
[NEAR-RIC]: Loading SM ID = 142 with def = MAC_STATS_V0 
[NEAR-RIC]: Loading SM ID = 144 with def = PDCP_STATS_V0 
[NEAR-RIC]: Loading SM ID = 148 with def = GTP_STATS_V0 
[NEAR-RIC]: Loading SM ID = 3 with def = ORAN-E2SM-RC 
[NEAR-RIC]: Loading SM ID = 146 with def = TC_STATS_V0 
[NEAR-RIC]: Loading SM ID = 143 with def = RLC_STATS_V0 
[NEAR-RIC]: Loading SM ID = 145 with def = SLICE_STATS_V0 
[xApp]: DB filename = /tmp/flexric/xapp_db 
 [xApp]: E42 SETUP-REQUEST tx
[xApp]: E42 SETUP-RESPONSE rx 
[xApp]: xApp ID = 29 
[xApp]: Registered E2 Nodes = 4 
Connected E2 nodes = 4
[xAPP] Registered node 0 ran func id = 2
[xAPP] Registered node 0 ran func id = 3
[xAPP] Registered node 0 ran func id = 142
[xAPP] Registered node 0 ran func id = 143
[xAPP] Registered node 0 ran func id = 144
[xAPP] Registered node 0 ran func id = 145
[xAPP] Registered node 0 ran func id = 146
[xAPP] Registered node 0 ran func id = 148
[xApp]: E42 RIC SUBSCRIPTION REQUEST tx RAN_FUNC_ID 144 RIC_REQ_ID 1 
[xApp]: SUBSCRIPTION RESPONSE rx
[xApp]: Successfully subscribed to RAN_FUNC_ID 144 
[xAPP] Registered node 1 ran func id = 2
[xAPP] Registered node 1 ran func id = 3
[xAPP] Registered node 1 ran func id = 142
[xAPP] Registered node 1 ran func id = 143
[xAPP] Registered node 1 ran func id = 144
[xAPP] Registered node 1 ran func id = 145
[xAPP] Registered node 1 ran func id = 146
[xAPP] Registered node 1 ran func id = 148
[xAPP] Registered node 2 ran func id = 2
[xAPP] Registered node 2 ran func id = 3
[xAPP] Registered node 2 ran func id = 142
[xAPP] Registered node 2 ran func id = 143
[xAPP] Registered node 2 ran func id = 144
[xAPP] Registered node 2 ran func id = 145
[xAPP] Registered node 2 ran func id = 146
[xAPP] Registered node 2 ran func id = 148
[xApp]: E42 RIC SUBSCRIPTION REQUEST tx RAN_FUNC_ID 142 RIC_REQ_ID 2 
4 ms | now=1755745412531346 us | PDCP ind_msg latency=70969728 us
[xApp]: SUBSCRIPTION RESPONSE rx
[xApp]: Successfully subscribed to RAN_FUNC_ID 142 
[xAPP] Registered node 3 ran func id = 2
[xAPP] Registered node 3 ran func id = 3
[xAPP] Registered node 3 ran func id = 142
[xAPP] Registered node 3 ran func id = 143
[xAPP] Registered node 3 ran func id = 144
[xAPP] Registered node 3 ran func id = 145
[xAPP] Registered node 3 ran func id = 146
[xAPP] Registered node 3 ran func id = 148
[xApp]: E42 RIC SUBSCRIPTION REQUEST tx RAN_FUNC_ID 142 RIC_REQ_ID 3 
[xApp]: SUBSCRIPTION RESPONSE rx
[xApp]: Successfully subscribed to RAN_FUNC_ID 142 
126 ms [UE 12658] UL Throughput = 0.74530 Mbps
126 ms [UE 23066] UL Throughput = 0.00000 Mbps
126 ms [UE 42750] UL Throughput = 0.74530 Mbps
129 ms [UE 17403] UL Throughput = 0.00000 Mbps
129 ms [UE 10755] UL Throughput = 0.00000 Mbps
229 ms [UE 17403] UL Throughput = 0.84998 Mbps
229 ms [UE 10755] UL Throughput = 0.81935 Mbps
236 ms [UE 12658] UL Throughput = 0.00000 Mbps
236 ms [UE 23066] UL Throughput = 0.59557 Mbps
236 ms [UE 42750] UL Throughput = 0.15825 Mbps
339 ms [UE 17403] UL Throughput = 0.00000 Mbps
339 ms [UE 10755] UL Throughput = 0.15903 Mbps
345 ms [UE 12658] UL Throughput = 0.00000 Mbps
345 ms [UE 23066] UL Throughput = 0.00000 Mbps
345 ms [UE 42750] UL Throughput = 0.74948 Mbps
445 ms [UE 12658] UL Throughput = 0.99167 Mbps
445 ms [UE 23066] UL Throughput = 0.58247 Mbps
445 ms [UE 42750] UL Throughput = 0.00000 Mbps
449 ms [UE 17403] UL Throughput = 0.62832 Mbps
449 ms [UE 10755] UL Throughput = 0.73928 Mbps
546 ms [UE 12658] UL Throughput = 0.00000 Mbps
546 ms [UE 23066] UL Throughput = 0.00000 Mbps
546 ms [UE 42750] UL Throughput = 0.00000 Mbps
559 ms [UE 17403] UL Throughput = 0.14053 Mbps
559 ms [UE 10755] UL Throughput = 0.74961 Mbps
656 ms [UE 12658] UL Throughput = 0.00000 Mbps
656 ms [UE 23066] UL Throughput = 0.59989 Mbps
656 ms [UE 42750] UL Throughput = 0.90931 Mbps
668 ms [UE 17403] UL Throughput = 0.63657 Mbps
668 ms [UE 10755] UL Throughput = 0.00000 Mbps
766 ms [UE 12658] UL Throughput = 0.90159 Mbps
766 ms [UE 23066] UL Throughput = 0.00000 Mbps
766 ms [UE 42750] UL Throughput = 0.00000 Mbps
769 ms [UE 17403] UL Throughput = 0.69490 Mbps
769 ms [UE 10755] UL Throughput = 0.88879 Mbps
869 ms [UE 17403] UL Throughput = 0.64159 Mbps
869 ms [UE 10755] UL Throughput = 0.17318 Mbps
876 ms [UE 12658] UL Throughput = 0.00000 Mbps
876 ms [UE 23066] UL Throughput = 0.00000 Mbps
876 ms [UE 42750] UL Throughput = 0.74440 Mbps
978 ms [UE 17403] UL Throughput = 0.00000 Mbps
978 ms [UE 10755] UL Throughput = 0.67603 Mbps
986 ms [UE 12658] UL Throughput = 0.74830 Mbps
986 ms [UE 23066] UL Throughput = 0.72954 Mbps
986 ms [UE 42750] UL Throughput = 0.00000 Mbps
1034 ms | now=1755745413561494 us | PDCP ind_msg latency=70968920 us
1078 ms [UE 17403] UL Throughput = 0.69583 Mbps
1078 ms [UE 10755] UL Throughput = 0.81871 Mbps
1095 ms [UE 12658] UL Throughput = 0.00000 Mbps
1095 ms [UE 23066] UL Throughput = 0.00000 Mbps
1095 ms [UE 42750] UL Throughput = 0.00000 Mbps
1179 ms [UE 17403] UL Throughput = 0.00000 Mbps
1179 ms [UE 10755] UL Throughput = 0.00000 Mbps
1195 ms [UE 12658] UL Throughput = 0.00000 Mbps
1195 ms [UE 23066] UL Throughput = 0.58284 Mbps
1195 ms [UE 42750] UL Throughput = 0.99230 Mbps
1288 ms [UE 17403] UL Throughput = 0.63836 Mbps
1288 ms [UE 10755] UL Throughput = 0.91074 Mbps
1297 ms [UE 12658] UL Throughput = 0.17084 Mbps
1297 ms [UE 23066] UL Throughput = 0.00000 Mbps
1297 ms [UE 42750] UL Throughput = 0.00000 Mbps
1388 ms [UE 17403] UL Throughput = 0.15346 Mbps
1388 ms [UE 10755] UL Throughput = 0.00000 Mbps
1405 ms [UE 12658] UL Throughput = 0.75793 Mbps
1405 ms [UE 23066] UL Throughput = 0.60630 Mbps
1405 ms [UE 42750] UL Throughput = 0.00000 Mbps
1489 ms [UE 17403] UL Throughput = 0.62215 Mbps
1489 ms [UE 10755] UL Throughput = 0.81597 Mbps
1506 ms [UE 12658] UL Throughput = 0.81825 Mbps
1506 ms [UE 23066] UL Throughput = 0.00000 Mbps
1506 ms [UE 42750] UL Throughput = 0.99216 Mbps
1598 ms [UE 17403] UL Throughput = 0.14049 Mbps
1598 ms [UE 10755] UL Throughput = 0.74939 Mbps
1616 ms [UE 12658] UL Throughput = 0.00000 Mbps
1616 ms [UE 23066] UL Throughput = 0.13031 Mbps
1616 ms [UE 42750] UL Throughput = 0.00000 Mbps
1700 ms [UE 17403] UL Throughput = 0.68771 Mbps
1700 ms [UE 10755] UL Throughput = 0.00000 Mbps
1727 ms [UE 12658] UL Throughput = 0.00000 Mbps
1727 ms [UE 23066] UL Throughput = 0.58857 Mbps
1727 ms [UE 42750] UL Throughput = 0.73577 Mbps
1809 ms [UE 17403] UL Throughput = 0.63913 Mbps
1809 ms [UE 10755] UL Throughput = 0.91184 Mbps
1836 ms [UE 12658] UL Throughput = 0.91665 Mbps
1836 ms [UE 23066] UL Throughput = 0.53841 Mbps
1836 ms [UE 42750] UL Throughput = 0.00000 Mbps
1909 ms [UE 17403] UL Throughput = 0.00000 Mbps
1909 ms [UE 10755] UL Throughput = 0.00000 Mbps
1936 ms [UE 12658] UL Throughput = 0.00000 Mbps
1936 ms [UE 23066] UL Throughput = 0.00000 Mbps
1936 ms [UE 42750] UL Throughput = 0.17313 Mbps
2009 ms [UE 17403] UL Throughput = 0.84819 Mbps
2009 ms [UE 10755] UL Throughput = 0.81763 Mbps
2045 ms [UE 12658] UL Throughput = 0.67758 Mbps
2045 ms [UE 23066] UL Throughput = 0.00000 Mbps
2045 ms [UE 42750] UL Throughput = 0.67758 Mbps
2069 ms | now=1755745414595879 us | PDCP ind_msg latency=70969259 us
2119 ms [UE 17403] UL Throughput = 0.00000 Mbps
2119 ms [UE 10755] UL Throughput = 0.15846 Mbps
2145 ms [UE 12658] UL Throughput = 0.00000 Mbps
2145 ms [UE 23066] UL Throughput = 0.60405 Mbps
2145 ms [UE 42750] UL Throughput = 0.81906 Mbps
2228 ms [UE 17403] UL Throughput = 0.63583 Mbps
2228 ms [UE 10755] UL Throughput = 0.65423 Mbps
2247 ms [UE 12658] UL Throughput = 0.00000 Mbps
2247 ms [UE 23066] UL Throughput = 0.00000 Mbps
2247 ms [UE 42750] UL Throughput = 0.00000 Mbps
2338 ms [UE 17403] UL Throughput = 0.63359 Mbps
2338 ms [UE 10755] UL Throughput = 0.90394 Mbps
2355 ms [UE 12658] UL Throughput = 0.91683 Mbps
2355 ms [UE 23066] UL Throughput = 0.60485 Mbps
2355 ms [UE 42750] UL Throughput = 0.00000 Mbps
2440 ms [UE 17403] UL Throughput = 0.00000 Mbps
2440 ms [UE 10755] UL Throughput = 0.00000 Mbps
2456 ms [UE 12658] UL Throughput = 0.00000 Mbps
2456 ms [UE 23066] UL Throughput = 0.14298 Mbps
2456 ms [UE 42750] UL Throughput = 0.00000 Mbps
2549 ms [UE 17403] UL Throughput = 0.78074 Mbps
2549 ms [UE 10755] UL Throughput = 0.75261 Mbps
2556 ms [UE 12658] UL Throughput = 0.71651 Mbps
2556 ms [UE 23066] UL Throughput = 0.00000 Mbps
2556 ms [UE 42750] UL Throughput = 0.81934 Mbps
2657 ms [UE 12658] UL Throughput = 0.00000 Mbps
2657 ms [UE 23066] UL Throughput = 0.78988 Mbps
2657 ms [UE 42750] UL Throughput = 0.81020 Mbps
2658 ms [UE 17403] UL Throughput = 0.63477 Mbps
2658 ms [UE 10755] UL Throughput = 0.15875 Mbps
2765 ms [UE 12658] UL Throughput = 0.00000 Mbps
2765 ms [UE 23066] UL Throughput = 0.00000 Mbps
2765 ms [UE 42750] UL Throughput = 0.00000 Mbps
2771 ms [UE 17403] UL Throughput = 0.00000 Mbps
2771 ms [UE 10755] UL Throughput = 0.73105 Mbps
2876 ms [UE 12658] UL Throughput = 0.90164 Mbps
2876 ms [UE 23066] UL Throughput = 0.00000 Mbps
2876 ms [UE 42750] UL Throughput = 0.74359 Mbps
2878 ms [UE 17403] UL Throughput = 0.72275 Mbps
2878 ms [UE 10755] UL Throughput = 0.76084 Mbps
2979 ms [UE 17403] UL Throughput = 0.00000 Mbps
2979 ms [UE 10755] UL Throughput = 0.00000 Mbps
2985 ms [UE 12658] UL Throughput = 0.74614 Mbps
2985 ms [UE 23066] UL Throughput = 0.72742 Mbps
2985 ms [UE 42750] UL Throughput = 0.00000 Mbps
3088 ms [UE 17403] UL Throughput = 0.77437 Mbps
3088 ms [UE 10755] UL Throughput = 0.74647 Mbps
3095 ms [UE 12658] UL Throughput = 0.00000 Mbps
3095 ms [UE 23066] UL Throughput = 0.00000 Mbps
3095 ms [UE 42750] UL Throughput = 0.15856 Mbps
3110 ms | now=1755745415636909 us | PDCP ind_msg latency=70969325 us
3189 ms [UE 17403] UL Throughput = 0.00000 Mbps
3189 ms [UE 10755] UL Throughput = 0.17272 Mbps
3195 ms [UE 12658] UL Throughput = 0.00000 Mbps
3195 ms [UE 23066] UL Throughput = 0.58287 Mbps
3195 ms [UE 42750] UL Throughput = 0.81839 Mbps
3296 ms [UE 12658] UL Throughput = 0.17340 Mbps
3296 ms [UE 23066] UL Throughput = 0.00000 Mbps
3296 ms [UE 42750] UL Throughput = 0.00000 Mbps
3298 ms [UE 17403] UL Throughput = 0.63903 Mbps
3298 ms [UE 10755] UL Throughput = 0.75188 Mbps
3399 ms [UE 17403] UL Throughput = 0.84786 Mbps
3399 ms [UE 10755] UL Throughput = 0.81732 Mbps
3405 ms [UE 12658] UL Throughput = 0.74863 Mbps
3405 ms [UE 23066] UL Throughput = 0.59886 Mbps
3405 ms [UE 42750] UL Throughput = 0.00000 Mbps
3508 ms [UE 17403] UL Throughput = 0.00000 Mbps
3508 ms [UE 10755] UL Throughput = 0.00000 Mbps
3517 ms [UE 12658] UL Throughput = 0.73824 Mbps
3517 ms [UE 23066] UL Throughput = 0.00000 Mbps
3517 ms [UE 42750] UL Throughput = 0.89516 Mbps
3609 ms [UE 17403] UL Throughput = 0.69365 Mbps
3609 ms [UE 10755] UL Throughput = 0.88719 Mbps
3625 ms [UE 12658] UL Throughput = 0.00000 Mbps
3625 ms [UE 23066] UL Throughput = 0.13213 Mbps
3625 ms [UE 42750] UL Throughput = 0.00000 Mbps
3719 ms [UE 17403] UL Throughput = 0.00000 Mbps
3719 ms [UE 10755] UL Throughput = 0.00000 Mbps
3726 ms [UE 12658] UL Throughput = 0.00000 Mbps
3726 ms [UE 23066] UL Throughput = 0.65236 Mbps
3726 ms [UE 42750] UL Throughput = 0.81551 Mbps
3826 ms [UE 12658] UL Throughput = 0.98534 Mbps
3826 ms [UE 23066] UL Throughput = 0.00000 Mbps
3826 ms [UE 42750] UL Throughput = 0.00000 Mbps
3830 ms [UE 17403] UL Throughput = 0.58010 Mbps
3830 ms [UE 10755] UL Throughput = 0.66299 Mbps
3936 ms [UE 12658] UL Throughput = 0.00000 Mbps
3936 ms [UE 23066] UL Throughput = 0.53527 Mbps
3936 ms [UE 42750] UL Throughput = 0.00000 Mbps
3939 ms [UE 17403] UL Throughput = 0.78658 Mbps
3939 ms [UE 10755] UL Throughput = 0.75824 Mbps
4038 ms [UE 12658] UL Throughput = 0.00000 Mbps
4038 ms [UE 23066] UL Throughput = 0.00000 Mbps
4038 ms [UE 42750] UL Throughput = 0.96724 Mbps
4039 ms [UE 17403] UL Throughput = 0.00000 Mbps
4039 ms [UE 10755] UL Throughput = 0.00000 Mbps
4146 ms [UE 12658] UL Throughput = 0.76457 Mbps
4146 ms [UE 23066] UL Throughput = 0.00000 Mbps
4146 ms [UE 42750] UL Throughput = 0.00000 Mbps
4150 ms [UE 17403] UL Throughput = 0.63176 Mbps
4150 ms [UE 10755] UL Throughput = 0.90133 Mbps
4152 ms | now=1755745416679644 us | PDCP ind_msg latency=70970066 us
4250 ms [UE 17403] UL Throughput = 0.15250 Mbps
4250 ms [UE 10755] UL Throughput = 0.00000 Mbps
4256 ms [UE 12658] UL Throughput = 0.00000 Mbps
4256 ms [UE 23066] UL Throughput = 0.72047 Mbps
4256 ms [UE 42750] UL Throughput = 0.73900 Mbps
4359 ms [UE 17403] UL Throughput = 0.57866 Mbps
4359 ms [UE 10755] UL Throughput = 0.75893 Mbps
4365 ms [UE 12658] UL Throughput = 0.91286 Mbps
4365 ms [UE 23066] UL Throughput = 0.60223 Mbps
4365 ms [UE 42750] UL Throughput = 0.00000 Mbps
4467 ms [UE 12658] UL Throughput = 0.00000 Mbps
4467 ms [UE 23066] UL Throughput = 0.00000 Mbps
4467 ms [UE 42750] UL Throughput = 0.00000 Mbps
4469 ms [UE 17403] UL Throughput = 0.13959 Mbps
4469 ms [UE 10755] UL Throughput = 0.74459 Mbps
4569 ms [UE 17403] UL Throughput = 0.69432 Mbps
4569 ms [UE 10755] UL Throughput = 0.00000 Mbps
4576 ms [UE 12658] UL Throughput = 0.65799 Mbps
4576 ms [UE 23066] UL Throughput = 0.00000 Mbps
4576 ms [UE 42750] UL Throughput = 0.91235 Mbps
4669 ms [UE 17403] UL Throughput = 0.69357 Mbps
4669 ms [UE 10755] UL Throughput = 0.17345 Mbps
4685 ms [UE 12658] UL Throughput = 0.00000 Mbps
4685 ms [UE 23066] UL Throughput = 0.68497 Mbps
4685 ms [UE 42750] UL Throughput = 0.00000 Mbps
4779 ms [UE 17403] UL Throughput = 0.00000 Mbps
4779 ms [UE 10755] UL Throughput = 0.75026 Mbps
4788 ms [UE 12658] UL Throughput = 0.00000 Mbps
4788 ms [UE 23066] UL Throughput = 0.00000 Mbps
4788 ms [UE 42750] UL Throughput = 0.00000 Mbps
4879 ms [UE 17403] UL Throughput = 0.84541 Mbps
4879 ms [UE 10755] UL Throughput = 0.81495 Mbps
4896 ms [UE 12658] UL Throughput = 0.84913 Mbps
4896 ms [UE 23066] UL Throughput = 0.61055 Mbps
4896 ms [UE 42750] UL Throughput = 0.00000 Mbps
4989 ms [UE 17403] UL Throughput = 0.00000 Mbps
4989 ms [UE 10755] UL Throughput = 0.15912 Mbps
5006 ms [UE 12658] UL Throughput = 0.00000 Mbps
5006 ms [UE 23066] UL Throughput = 0.00000 Mbps
5006 ms [UE 42750] UL Throughput = 0.00000 Mbps
5099 ms [UE 17403] UL Throughput = 0.00000 Mbps
5099 ms [UE 10755] UL Throughput = 0.65315 Mbps
5116 ms [UE 12658] UL Throughput = 0.90415 Mbps
5116 ms [UE 23066] UL Throughput = 0.00000 Mbps
5116 ms [UE 42750] UL Throughput = 0.67108 Mbps
5187 ms | now=1755745417714713 us | PDCP ind_msg latency=70969104 us
5199 ms [UE 17403] UL Throughput = 0.69547 Mbps
5199 ms [UE 10755] UL Throughput = 0.99221 Mbps
5225 ms [UE 12658] UL Throughput = 0.00000 Mbps
5225 ms [UE 23066] UL Throughput = 0.73104 Mbps
5225 ms [UE 42750] UL Throughput = 0.00000 Mbps
5309 ms [UE 17403] UL Throughput = 0.00000 Mbps
5309 ms [UE 10755] UL Throughput = 0.00000 Mbps
5325 ms [UE 12658] UL Throughput = 0.00000 Mbps
5325 ms [UE 23066] UL Throughput = 0.00000 Mbps
5325 ms [UE 42750] UL Throughput = 0.71375 Mbps
5409 ms [UE 17403] UL Throughput = 0.69263 Mbps
5409 ms [UE 10755] UL Throughput = 0.98817 Mbps
5426 ms [UE 12658] UL Throughput = 0.99199 Mbps
5426 ms [UE 23066] UL Throughput = 0.00000 Mbps
5426 ms [UE 42750] UL Throughput = 0.81810 Mbps
5519 ms [UE 17403] UL Throughput = 0.77823 Mbps
5519 ms [UE 10755] UL Throughput = 0.00000 Mbps
5536 ms [UE 12658] UL Throughput = 0.00000 Mbps
5536 ms [UE 23066] UL Throughput = 0.00000 Mbps
5536 ms [UE 42750] UL Throughput = 0.00000 Mbps
5619 ms [UE 17403] UL Throughput = 0.00000 Mbps
5619 ms [UE 10755] UL Throughput = 0.81597 Mbps
5637 ms [UE 12658] UL Throughput = 0.00000 Mbps
5637 ms [UE 23066] UL Throughput = 0.00000 Mbps
5637 ms [UE 42750] UL Throughput = 0.00000 Mbps
5729 ms [UE 17403] UL Throughput = 0.71006 Mbps
5729 ms [UE 10755] UL Throughput = 0.74749 Mbps
5745 ms [UE 12658] UL Throughput = 0.00000 Mbps
5745 ms [UE 23066] UL Throughput = 0.74243 Mbps
5745 ms [UE 42750] UL Throughput = 0.76153 Mbps
5829 ms [UE 17403] UL Throughput = 0.00000 Mbps
5829 ms [UE 10755] UL Throughput = 0.00000 Mbps
5845 ms [UE 12658] UL Throughput = 0.17367 Mbps
5845 ms [UE 23066] UL Throughput = 0.00000 Mbps
5845 ms [UE 42750] UL Throughput = 0.00000 Mbps
5938 ms [UE 17403] UL Throughput = 0.77544 Mbps
5938 ms [UE 10755] UL Throughput = 0.74750 Mbps
5956 ms [UE 12658] UL Throughput = 0.74218 Mbps
5956 ms [UE 23066] UL Throughput = 0.59370 Mbps
5956 ms [UE 42750] UL Throughput = 0.00000 Mbps
6039 ms [UE 17403] UL Throughput = 0.00000 Mbps
6039 ms [UE 10755] UL Throughput = 0.17329 Mbps
6065 ms [UE 12658] UL Throughput = 0.65424 Mbps
6065 ms [UE 23066] UL Throughput = 0.00000 Mbps
6065 ms [UE 42750] UL Throughput = 0.90715 Mbps
6139 ms [UE 17403] UL Throughput = 0.69520 Mbps
6139 ms [UE 10755] UL Throughput = 0.81798 Mbps
6175 ms [UE 12658] UL Throughput = 0.00000 Mbps
6175 ms [UE 23066] UL Throughput = 0.72726 Mbps
6175 ms [UE 42750] UL Throughput = 0.00000 Mbps
6228 ms | now=1755745418754852 us | PDCP ind_msg latency=70969155 us
6248 ms [UE 17403] UL Throughput = 0.77818 Mbps
6248 ms [UE 10755] UL Throughput = 0.75014 Mbps
6276 ms [UE 12658] UL Throughput = 0.81726 Mbps
6276 ms [UE 23066] UL Throughput = 0.00000 Mbps
6276 ms [UE 42750] UL Throughput = 0.00000 Mbps
6350 ms [UE 17403] UL Throughput = 0.00000 Mbps
6350 ms [UE 10755] UL Throughput = 0.00000 Mbps
6385 ms [UE 12658] UL Throughput = 0.00000 Mbps
6385 ms [UE 23066] UL Throughput = 0.00000 Mbps
6385 ms [UE 42750] UL Throughput = 0.90604 Mbps
6459 ms [UE 17403] UL Throughput = 0.63650 Mbps
6459 ms [UE 10755] UL Throughput = 0.81410 Mbps
6486 ms [UE 12658] UL Throughput = 0.17337 Mbps
6486 ms [UE 23066] UL Throughput = 0.00000 Mbps
6486 ms [UE 42750] UL Throughput = 0.00000 Mbps
6560 ms [UE 17403] UL Throughput = 0.00000 Mbps
6560 ms [UE 10755] UL Throughput = 0.00000 Mbps
6596 ms [UE 12658] UL Throughput = 0.74076 Mbps
6596 ms [UE 23066] UL Throughput = 0.00000 Mbps
6596 ms [UE 42750] UL Throughput = 0.74076 Mbps
6670 ms [UE 17403] UL Throughput = 0.58598 Mbps
6670 ms [UE 10755] UL Throughput = 0.66972 Mbps
6705 ms [UE 12658] UL Throughput = 0.16015 Mbps
6705 ms [UE 23066] UL Throughput = 0.60272 Mbps
6705 ms [UE 42750] UL Throughput = 0.65890 Mbps
6773 ms [UE 17403] UL Throughput = 0.14867 Mbps
6773 ms [UE 10755] UL Throughput = 0.79303 Mbps
6806 ms [UE 12658] UL Throughput = 0.00000 Mbps
6806 ms [UE 23066] UL Throughput = 0.14255 Mbps
6806 ms [UE 42750] UL Throughput = 0.00000 Mbps
6879 ms [UE 17403] UL Throughput = 0.65909 Mbps
6879 ms [UE 10755] UL Throughput = 0.00000 Mbps
6915 ms [UE 12658] UL Throughput = 0.75163 Mbps
6915 ms [UE 23066] UL Throughput = 0.60126 Mbps
6915 ms [UE 42750] UL Throughput = 0.00000 Mbps
6988 ms [UE 17403] UL Throughput = 0.63675 Mbps
6988 ms [UE 10755] UL Throughput = 0.90844 Mbps
7016 ms [UE 12658] UL Throughput = 0.81460 Mbps
7016 ms [UE 23066] UL Throughput = 0.00000 Mbps
7016 ms [UE 42750] UL Throughput = 0.98775 Mbps
7088 ms [UE 17403] UL Throughput = 0.15360 Mbps
7088 ms [UE 10755] UL Throughput = 0.00000 Mbps
7129 ms [UE 12658] UL Throughput = 0.00000 Mbps
7129 ms [UE 23066] UL Throughput = 0.00000 Mbps
7129 ms [UE 42750] UL Throughput = 0.00000 Mbps
7189 ms [UE 17403] UL Throughput = 0.62462 Mbps
7189 ms [UE 10755] UL Throughput = 0.81921 Mbps
7235 ms [UE 12658] UL Throughput = 0.00000 Mbps
7235 ms [UE 23066] UL Throughput = 0.75072 Mbps
7235 ms [UE 42750] UL Throughput = 0.77003 Mbps
7270 ms | now=1755745419797744 us | PDCP ind_msg latency=70969127 us
7289 ms [UE 17403] UL Throughput = 0.15347 Mbps
7289 ms [UE 10755] UL Throughput = 0.81861 Mbps
7335 ms [UE 12658] UL Throughput = 0.98988 Mbps
7335 ms [UE 23066] UL Throughput = 0.00000 Mbps
7335 ms [UE 42750] UL Throughput = 0.00000 Mbps
7399 ms [UE 17403] UL Throughput = 0.63098 Mbps
7399 ms [UE 10755] UL Throughput = 0.00000 Mbps
7436 ms [UE 12658] UL Throughput = 0.00000 Mbps
7436 ms [UE 23066] UL Throughput = 0.58011 Mbps
7436 ms [UE 42750] UL Throughput = 0.00000 Mbps
7509 ms [UE 17403] UL Throughput = 0.63205 Mbps
7509 ms [UE 10755] UL Throughput = 0.90174 Mbps
7546 ms [UE 12658] UL Throughput = 0.00000 Mbps
7546 ms [UE 23066] UL Throughput = 0.55234 Mbps
7546 ms [UE 42750] UL Throughput = 0.83323 Mbps
7610 ms [UE 17403] UL Throughput = 0.00000 Mbps
7610 ms [UE 10755] UL Throughput = 0.00000 Mbps
7646 ms [UE 12658] UL Throughput = 0.90533 Mbps
7646 ms [UE 23066] UL Throughput = 0.00000 Mbps
7646 ms [UE 42750] UL Throughput = 0.00000 Mbps
7719 ms [UE 17403] UL Throughput = 0.78424 Mbps
7719 ms [UE 10755] UL Throughput = 0.75599 Mbps
7756 ms [UE 12658] UL Throughput = 0.00000 Mbps
7756 ms [UE 23066] UL Throughput = 0.00000 Mbps
7756 ms [UE 42750] UL Throughput = 0.75054 Mbps
7830 ms [UE 17403] UL Throughput = 0.00000 Mbps
7830 ms [UE 10755] UL Throughput = 0.15735 Mbps
7856 ms [UE 12658] UL Throughput = 0.81885 Mbps
7856 ms [UE 23066] UL Throughput = 0.79831 Mbps
7856 ms [UE 42750] UL Throughput = 0.00000 Mbps
7939 ms [UE 17403] UL Throughput = 0.63464 Mbps
7939 ms [UE 10755] UL Throughput = 0.65300 Mbps
7956 ms [UE 12658] UL Throughput = 0.00000 Mbps
7956 ms [UE 23066] UL Throughput = 0.00000 Mbps
7956 ms [UE 42750] UL Throughput = 0.00000 Mbps
8048 ms [UE 17403] UL Throughput = 0.63847 Mbps
8048 ms [UE 10755] UL Throughput = 0.91089 Mbps
8066 ms [UE 12658] UL Throughput = 0.00000 Mbps
8066 ms [UE 23066] UL Throughput = 0.53172 Mbps
8066 ms [UE 42750] UL Throughput = 0.90526 Mbps
8149 ms [UE 17403] UL Throughput = 0.00000 Mbps
8149 ms [UE 10755] UL Throughput = 0.00000 Mbps
8175 ms [UE 12658] UL Throughput = 0.90619 Mbps
8175 ms [UE 23066] UL Throughput = 0.00000 Mbps
8175 ms [UE 42750] UL Throughput = 0.00000 Mbps
8260 ms [UE 17403] UL Throughput = 0.76777 Mbps
8260 ms [UE 10755] UL Throughput = 0.74011 Mbps
8276 ms [UE 12658] UL Throughput = 0.00000 Mbps
8276 ms [UE 23066] UL Throughput = 0.00000 Mbps
8276 ms [UE 42750] UL Throughput = 0.00000 Mbps
8319 ms | now=1755745420846264 us | PDCP ind_msg latency=70969654 us
8369 ms [UE 17403] UL Throughput = 0.00000 Mbps
8369 ms [UE 10755] UL Throughput = 0.15988 Mbps
8376 ms [UE 12658] UL Throughput = 0.81865 Mbps
8376 ms [UE 23066] UL Throughput = 0.00000 Mbps
8376 ms [UE 42750] UL Throughput = 0.99265 Mbps
8472 ms [UE 17403] UL Throughput = 0.67630 Mbps
8472 ms [UE 10755] UL Throughput = 0.79573 Mbps
8489 ms [UE 12658] UL Throughput = 0.00000 Mbps
8489 ms [UE 23066] UL Throughput = 0.00000 Mbps
8489 ms [UE 42750] UL Throughput = 0.15316 Mbps
8579 ms [UE 17403] UL Throughput = 0.72484 Mbps
8579 ms [UE 10755] UL Throughput = 0.76304 Mbps
8596 ms [UE 12658] UL Throughput = 0.77283 Mbps
8596 ms [UE 23066] UL Throughput = 0.61822 Mbps
8596 ms [UE 42750] UL Throughput = 0.00000 Mbps
8679 ms [UE 17403] UL Throughput = 0.00000 Mbps
8679 ms [UE 10755] UL Throughput = 0.00000 Mbps
8705 ms [UE 12658] UL Throughput = 0.00000 Mbps
8705 ms [UE 23066] UL Throughput = 0.53268 Mbps
8705 ms [UE 42750] UL Throughput = 0.90690 Mbps
8789 ms [UE 17403] UL Throughput = 0.77342 Mbps
8789 ms [UE 10755] UL Throughput = 0.74555 Mbps
8806 ms [UE 12658] UL Throughput = 0.00000 Mbps
8806 ms [UE 23066] UL Throughput = 0.00000 Mbps
8806 ms [UE 42750] UL Throughput = 0.00000 Mbps
8898 ms [UE 17403] UL Throughput = 0.00000 Mbps
8898 ms [UE 10755] UL Throughput = 0.15928 Mbps
8916 ms [UE 12658] UL Throughput = 0.90492 Mbps
8916 ms [UE 23066] UL Throughput = 0.00000 Mbps
8916 ms [UE 42750] UL Throughput = 0.74629 Mbps
8998 ms [UE 17403] UL Throughput = 0.69591 Mbps
8998 ms [UE 10755] UL Throughput = 0.81881 Mbps
9025 ms [UE 12658] UL Throughput = 0.74687 Mbps
9025 ms [UE 23066] UL Throughput = 0.72813 Mbps
9025 ms [UE 42750] UL Throughput = 0.00000 Mbps
9109 ms [UE 17403] UL Throughput = 0.77093 Mbps
9109 ms [UE 10755] UL Throughput = 0.74315 Mbps
9126 ms [UE 12658] UL Throughput = 0.00000 Mbps
9126 ms [UE 23066] UL Throughput = 0.00000 Mbps
9126 ms [UE 42750] UL Throughput = 0.00000 Mbps
9219 ms [UE 17403] UL Throughput = 0.00000 Mbps
9219 ms [UE 10755] UL Throughput = 0.00000 Mbps
9228 ms [UE 12658] UL Throughput = 0.00000 Mbps
9228 ms [UE 23066] UL Throughput = 0.64417 Mbps
9228 ms [UE 42750] UL Throughput = 0.97643 Mbps
9319 ms [UE 17403] UL Throughput = 0.69653 Mbps
9319 ms [UE 10755] UL Throughput = 0.89088 Mbps
9335 ms [UE 12658] UL Throughput = 0.92371 Mbps
9335 ms [UE 23066] UL Throughput = 0.00000 Mbps
9335 ms [UE 42750] UL Throughput = 0.00000 Mbps
9370 ms | now=1755745421897022 us | PDCP ind_msg latency=70969425 us
9419 ms [UE 17403] UL Throughput = 0.00000 Mbps
9419 ms [UE 10755] UL Throughput = 0.00000 Mbps
9435 ms [UE 12658] UL Throughput = 0.00000 Mbps
9435 ms [UE 23066] UL Throughput = 0.00000 Mbps
9435 ms [UE 42750] UL Throughput = 0.71514 Mbps
9529 ms [UE 17403] UL Throughput = 0.58562 Mbps
9529 ms [UE 10755] UL Throughput = 0.66930 Mbps
9536 ms [UE 12658] UL Throughput = 0.00000 Mbps
9536 ms [UE 23066] UL Throughput = 0.79855 Mbps
9536 ms [UE 42750] UL Throughput = 0.81910 Mbps
9636 ms [UE 12658] UL Throughput = 0.99125 Mbps
9636 ms [UE 23066] UL Throughput = 0.00000 Mbps
9636 ms [UE 42750] UL Throughput = 0.00000 Mbps
9639 ms [UE 17403] UL Throughput = 0.77078 Mbps
9639 ms [UE 10755] UL Throughput = 0.74301 Mbps
9745 ms [UE 12658] UL Throughput = 0.00000 Mbps
9745 ms [UE 23066] UL Throughput = 0.59865 Mbps
9745 ms [UE 42750] UL Throughput = 0.00000 Mbps
9749 ms [UE 17403] UL Throughput = 0.00000 Mbps
9749 ms [UE 10755] UL Throughput = 0.00000 Mbps
9849 ms [UE 17403] UL Throughput = 0.69574 Mbps
9849 ms [UE 10755] UL Throughput = 0.99260 Mbps
9856 ms [UE 12658] UL Throughput = 0.74322 Mbps
9856 ms [UE 23066] UL Throughput = 0.00000 Mbps
9856 ms [UE 42750] UL Throughput = 0.90119 Mbps
9957 ms [UE 12658] UL Throughput = 0.00000 Mbps
9957 ms [UE 23066] UL Throughput = 0.14220 Mbps
9957 ms [UE 42750] UL Throughput = 0.00000 Mbps
9959 ms [UE 17403] UL Throughput = 0.13893 Mbps
9959 ms [UE 10755] UL Throughput = 0.74107 Mbps
10066 ms [UE 12658] UL Throughput = 0.00000 Mbps
10066 ms [UE 23066] UL Throughput = 0.60144 Mbps
10066 ms [UE 42750] UL Throughput = 0.65750 Mbps
10069 ms [UE 17403] UL Throughput = 0.57095 Mbps
10069 ms [UE 10755] UL Throughput = 0.00000 Mbps
10175 ms [UE 12658] UL Throughput = 0.83231 Mbps
10175 ms [UE 23066] UL Throughput = 0.55174 Mbps
10175 ms [UE 42750] UL Throughput = 0.00000 Mbps
10180 ms [UE 17403] UL Throughput = 0.76808 Mbps
10180 ms [UE 10755] UL Throughput = 0.74040 Mbps
10275 ms [UE 12658] UL Throughput = 0.00000 Mbps
10275 ms [UE 23066] UL Throughput = 0.00000 Mbps
10275 ms [UE 42750] UL Throughput = 0.00000 Mbps
10289 ms [UE 17403] UL Throughput = 0.00000 Mbps
10289 ms [UE 10755] UL Throughput = 0.00000 Mbps
10375 ms [UE 12658] UL Throughput = 0.81788 Mbps
10375 ms [UE 23066] UL Throughput = 0.00000 Mbps
10375 ms [UE 42750] UL Throughput = 0.73607 Mbps
10389 ms [UE 17403] UL Throughput = 0.69351 Mbps
10389 ms [UE 10755] UL Throughput = 0.98942 Mbps
10407 ms | now=1755745422934701 us | PDCP ind_msg latency=70969138 us
10477 ms [UE 12658] UL Throughput = 0.00000 Mbps
10477 ms [UE 23066] UL Throughput = 0.00000 Mbps
10477 ms [UE 42750] UL Throughput = 0.00000 Mbps
10499 ms [UE 17403] UL Throughput = 0.13925 Mbps
10499 ms [UE 10755] UL Throughput = 0.74279 Mbps
10585 ms [UE 12658] UL Throughput = 0.00000 Mbps
10585 ms [UE 23066] UL Throughput = 0.74137 Mbps
10585 ms [UE 42750] UL Throughput = 0.76045 Mbps
10609 ms [UE 17403] UL Throughput = 0.63583 Mbps
10609 ms [UE 10755] UL Throughput = 0.00000 Mbps
10685 ms [UE 12658] UL Throughput = 0.00000 Mbps
10685 ms [UE 23066] UL Throughput = 0.00000 Mbps
10685 ms [UE 42750] UL Throughput = 0.17371 Mbps
10719 ms [UE 17403] UL Throughput = 0.63489 Mbps
10719 ms [UE 10755] UL Throughput = 0.81204 Mbps
10786 ms [UE 12658] UL Throughput = 0.81767 Mbps
10786 ms [UE 23066] UL Throughput = 0.58235 Mbps
10786 ms [UE 42750] UL Throughput = 0.00000 Mbps
10819 ms [UE 17403] UL Throughput = 0.00000 Mbps
10819 ms [UE 10755] UL Throughput = 0.17311 Mbps
10896 ms [UE 12658] UL Throughput = 0.15862 Mbps
10896 ms [UE 23066] UL Throughput = 0.59698 Mbps
10896 ms [UE 42750] UL Throughput = 0.74627 Mbps
10929 ms [UE 17403] UL Throughput = 0.63747 Mbps
10929 ms [UE 10755] UL Throughput = 0.75005 Mbps
11006 ms [UE 12658] UL Throughput = 0.00000 Mbps
11006 ms [UE 23066] UL Throughput = 0.00000 Mbps
11006 ms [UE 42750] UL Throughput = 0.00000 Mbps
11029 ms [UE 17403] UL Throughput = 0.84871 Mbps
11029 ms [UE 10755] UL Throughput = 0.81813 Mbps
11106 ms [UE 12658] UL Throughput = 0.99144 Mbps
11106 ms [UE 23066] UL Throughput = 0.00000 Mbps
11106 ms [UE 42750] UL Throughput = 0.81765 Mbps
11139 ms [UE 17403] UL Throughput = 0.00000 Mbps
11139 ms [UE 10755] UL Throughput = 0.00000 Mbps
11216 ms [UE 12658] UL Throughput = 0.00000 Mbps
11216 ms [UE 23066] UL Throughput = 0.00000 Mbps
11216 ms [UE 42750] UL Throughput = 0.00000 Mbps
11239 ms [UE 17403] UL Throughput = 0.00000 Mbps
11239 ms [UE 10755] UL Throughput = 0.98874 Mbps
11316 ms [UE 12658] UL Throughput = 0.81405 Mbps
11316 ms [UE 23066] UL Throughput = 0.79363 Mbps
11316 ms [UE 42750] UL Throughput = 0.00000 Mbps
11349 ms [UE 17403] UL Throughput = 0.70920 Mbps
11349 ms [UE 10755] UL Throughput = 0.74657 Mbps
11427 ms [UE 12658] UL Throughput = 0.00000 Mbps
11427 ms [UE 23066] UL Throughput = 0.00000 Mbps
11427 ms [UE 42750] UL Throughput = 0.00000 Mbps
11440 ms | now=1755745423966943 us | PDCP ind_msg latency=70969317 us
11459 ms [UE 17403] UL Throughput = 0.00000 Mbps
11459 ms [UE 10755] UL Throughput = 0.15906 Mbps
11528 ms [UE 12658] UL Throughput = 0.00000 Mbps
11528 ms [UE 23066] UL Throughput = 0.57689 Mbps
11528 ms [UE 42750] UL Throughput = 0.98217 Mbps
11560 ms [UE 17403] UL Throughput = 0.69012 Mbps
11560 ms [UE 10755] UL Throughput = 0.81200 Mbps
11636 ms [UE 12658] UL Throughput = 0.00000 Mbps
11636 ms [UE 23066] UL Throughput = 0.00000 Mbps
11636 ms [UE 42750] UL Throughput = 0.00000 Mbps
11670 ms [UE 17403] UL Throughput = 0.76774 Mbps
11670 ms [UE 10755] UL Throughput = 0.74008 Mbps
11736 ms [UE 12658] UL Throughput = 0.99296 Mbps
11736 ms [UE 23066] UL Throughput = 0.65507 Mbps
11736 ms [UE 42750] UL Throughput = 0.00000 Mbps
11778 ms [UE 17403] UL Throughput = 0.00000 Mbps
11778 ms [UE 10755] UL Throughput = 0.00000 Mbps
11846 ms [UE 12658] UL Throughput = 0.00000 Mbps
11846 ms [UE 23066] UL Throughput = 0.00000 Mbps
11846 ms [UE 42750] UL Throughput = 0.00000 Mbps
11879 ms [UE 17403] UL Throughput = 0.84854 Mbps
11879 ms [UE 10755] UL Throughput = 0.81797 Mbps
11955 ms [UE 12658] UL Throughput = 0.75090 Mbps
11955 ms [UE 23066] UL Throughput = 0.00000 Mbps
11955 ms [UE 42750] UL Throughput = 0.91051 Mbps
11979 ms [UE 17403] UL Throughput = 0.69599 Mbps
11979 ms [UE 10755] UL Throughput = 0.89019 Mbps
12056 ms [UE 12658] UL Throughput = 0.00000 Mbps
12056 ms [UE 23066] UL Throughput = 0.14278 Mbps
12056 ms [UE 42750] UL Throughput = 0.00000 Mbps
12079 ms [UE 17403] UL Throughput = 0.00000 Mbps
12079 ms [UE 10755] UL Throughput = 0.00000 Mbps
12166 ms [UE 12658] UL Throughput = 0.00000 Mbps
12166 ms [UE 23066] UL Throughput = 0.59693 Mbps
12166 ms [UE 42750] UL Throughput = 0.74621 Mbps
12189 ms [UE 17403] UL Throughput = 0.59117 Mbps
12189 ms [UE 10755] UL Throughput = 0.67565 Mbps
12275 ms [UE 12658] UL Throughput = 0.90677 Mbps
12275 ms [UE 23066] UL Throughput = 0.53260 Mbps
12275 ms [UE 42750] UL Throughput = 0.00000 Mbps
12291 ms [UE 17403] UL Throughput = 0.83328 Mbps
12291 ms [UE 10755] UL Throughput = 0.80326 Mbps
12376 ms [UE 12658] UL Throughput = 0.00000 Mbps
12376 ms [UE 23066] UL Throughput = 0.00000 Mbps
12376 ms [UE 42750] UL Throughput = 0.00000 Mbps
12399 ms [UE 17403] UL Throughput = 0.00000 Mbps
12399 ms [UE 10755] UL Throughput = 0.16119 Mbps
12476 ms [UE 12658] UL Throughput = 0.81915 Mbps
12476 ms [UE 23066] UL Throughput = 0.00000 Mbps
12476 ms [UE 42750] UL Throughput = 0.99326 Mbps
12487 ms | now=1755745425013889 us | PDCP ind_msg latency=70969295 us
12509 ms [UE 17403] UL Throughput = 0.63266 Mbps
12509 ms [UE 10755] UL Throughput = 0.74438 Mbps
12576 ms [UE 12658] UL Throughput = 0.00000 Mbps
12576 ms [UE 23066] UL Throughput = 0.14335 Mbps
12576 ms [UE 42750] UL Throughput = 0.00000 Mbps
12618 ms [UE 17403] UL Throughput = 0.71081 Mbps
12618 ms [UE 10755] UL Throughput = 0.74827 Mbps
12685 ms [UE 12658] UL Throughput = 0.00000 Mbps
12685 ms [UE 23066] UL Throughput = 0.00000 Mbps
12685 ms [UE 42750] UL Throughput = 0.74768 Mbps
12719 ms [UE 17403] UL Throughput = 0.15339 Mbps
12719 ms [UE 10755] UL Throughput = 0.00000 Mbps
12786 ms [UE 12658] UL Throughput = 0.99159 Mbps
12786 ms [UE 23066] UL Throughput = 0.65417 Mbps
12786 ms [UE 42750] UL Throughput = 0.00000 Mbps
12819 ms [UE 17403] UL Throughput = 0.69399 Mbps
12819 ms [UE 10755] UL Throughput = 0.81655 Mbps
12886 ms [UE 12658] UL Throughput = 0.00000 Mbps
12886 ms [UE 23066] UL Throughput = 0.00000 Mbps
12886 ms [UE 42750] UL Throughput = 0.00000 Mbps
12929 ms [UE 17403] UL Throughput = 0.63526 Mbps
12929 ms [UE 10755] UL Throughput = 0.90632 Mbps
12987 ms [UE 12658] UL Throughput = 0.00000 Mbps
12987 ms [UE 23066] UL Throughput = 0.64868 Mbps
12987 ms [UE 42750] UL Throughput = 0.88149 Mbps
13029 ms [UE 17403] UL Throughput = 0.00000 Mbps
13029 ms [UE 10755] UL Throughput = 0.00000 Mbps
13095 ms [UE 12658] UL Throughput = 0.00000 Mbps
13095 ms [UE 23066] UL Throughput = 0.00000 Mbps
13095 ms [UE 42750] UL Throughput = 0.00000 Mbps
13139 ms [UE 17403] UL Throughput = 0.76986 Mbps
13139 ms [UE 10755] UL Throughput = 0.74212 Mbps
13195 ms [UE 12658] UL Throughput = 0.91047 Mbps
13195 ms [UE 23066] UL Throughput = 0.00000 Mbps
13195 ms [UE 42750] UL Throughput = 0.00000 Mbps
13249 ms [UE 17403] UL Throughput = 0.63798 Mbps
13249 ms [UE 10755] UL Throughput = 0.81598 Mbps
13296 ms [UE 12658] UL Throughput = 0.00000 Mbps
13296 ms [UE 23066] UL Throughput = 0.00000 Mbps
13296 ms [UE 42750] UL Throughput = 0.00000 Mbps
13359 ms [UE 17403] UL Throughput = 0.63167 Mbps
13359 ms [UE 10755] UL Throughput = 0.15797 Mbps
13396 ms [UE 12658] UL Throughput = 0.99036 Mbps
13396 ms [UE 23066] UL Throughput = 0.60234 Mbps
13396 ms [UE 42750] UL Throughput = 0.00000 Mbps
13459 ms [UE 17403] UL Throughput = 0.00000 Mbps
13459 ms [UE 10755] UL Throughput = 0.81842 Mbps
13499 ms [UE 12658] UL Throughput = 0.00000 Mbps
13499 ms [UE 23066] UL Throughput = 0.13994 Mbps
13499 ms [UE 42750] UL Throughput = 0.00000 Mbps
13546 ms | now=1755745426073798 us | PDCP ind_msg latency=70969218 us
13568 ms [UE 17403] UL Throughput = 0.77838 Mbps
13568 ms [UE 10755] UL Throughput = 0.75034 Mbps
13606 ms [UE 12658] UL Throughput = 0.00000 Mbps
13606 ms [UE 23066] UL Throughput = 0.61189 Mbps
13606 ms [UE 42750] UL Throughput = 0.68841 Mbps
13668 ms [UE 17403] UL Throughput = 0.00000 Mbps
13668 ms [UE 10755] UL Throughput = 0.17424 Mbps
13717 ms [UE 12658] UL Throughput = 0.80299 Mbps
13717 ms [UE 23066] UL Throughput = 0.00000 Mbps
13717 ms [UE 42750] UL Throughput = 0.73869 Mbps
13769 ms [UE 17403] UL Throughput = 0.69588 Mbps
13769 ms [UE 10755] UL Throughput = 0.81877 Mbps
13826 ms [UE 12658] UL Throughput = 0.00000 Mbps
13826 ms [UE 23066] UL Throughput = 0.00000 Mbps
13826 ms [UE 42750] UL Throughput = 0.00000 Mbps
13869 ms [UE 17403] UL Throughput = 0.77537 Mbps
13869 ms [UE 10755] UL Throughput = 0.81623 Mbps
13936 ms [UE 12658] UL Throughput = 0.74869 Mbps
13936 ms [UE 23066] UL Throughput = 0.13100 Mbps
13936 ms [UE 42750] UL Throughput = 0.74869 Mbps
13979 ms [UE 17403] UL Throughput = 0.00000 Mbps
13979 ms [UE 10755] UL Throughput = 0.00000 Mbps
14046 ms [UE 12658] UL Throughput = 0.00000 Mbps
14046 ms [UE 23066] UL Throughput = 0.72199 Mbps
14046 ms [UE 42750] UL Throughput = 0.00000 Mbps
14079 ms [UE 17403] UL Throughput = 0.84622 Mbps
14079 ms [UE 10755] UL Throughput = 0.81573 Mbps
14156 ms [UE 12658] UL Throughput = 0.75096 Mbps
14156 ms [UE 23066] UL Throughput = 0.00000 Mbps
14156 ms [UE 42750] UL Throughput = 0.00000 Mbps
14188 ms [UE 17403] UL Throughput = 0.63746 Mbps
14188 ms [UE 10755] UL Throughput = 0.90945 Mbps
14257 ms [UE 12658] UL Throughput = 0.00000 Mbps
14257 ms [UE 23066] UL Throughput = 0.00000 Mbps
14257 ms [UE 42750] UL Throughput = 0.17180 Mbps
14289 ms [UE 17403] UL Throughput = 0.00000 Mbps
14289 ms [UE 10755] UL Throughput = 0.00000 Mbps
14366 ms [UE 12658] UL Throughput = 0.00000 Mbps
14366 ms [UE 23066] UL Throughput = 0.60314 Mbps
14366 ms [UE 42750] UL Throughput = 0.75398 Mbps
14389 ms [UE 17403] UL Throughput = 0.85024 Mbps
14389 ms [UE 10755] UL Throughput = 0.81960 Mbps
14467 ms [UE 12658] UL Throughput = 0.98246 Mbps
14467 ms [UE 23066] UL Throughput = 0.00000 Mbps
14467 ms [UE 42750] UL Throughput = 0.00000 Mbps
14489 ms [UE 17403] UL Throughput = 0.69636 Mbps
14489 ms [UE 10755] UL Throughput = 0.17415 Mbps
14576 ms [UE 12658] UL Throughput = 0.00000 Mbps
14576 ms [UE 23066] UL Throughput = 0.00000 Mbps
14576 ms [UE 42750] UL Throughput = 0.65898 Mbps
14583 ms | now=1755745427110130 us | PDCP ind_msg latency=70969417 us
14599 ms [UE 17403] UL Throughput = 0.00000 Mbps
14599 ms [UE 10755] UL Throughput = 0.64995 Mbps
14676 ms [UE 12658] UL Throughput = 0.00000 Mbps
14676 ms [UE 23066] UL Throughput = 0.79788 Mbps
14676 ms [UE 42750] UL Throughput = 0.00000 Mbps
14709 ms [UE 17403] UL Throughput = 0.58882 Mbps
14709 ms [UE 10755] UL Throughput = 0.67296 Mbps
14777 ms [UE 12658] UL Throughput = 0.00000 Mbps
14777 ms [UE 23066] UL Throughput = 0.00000 Mbps
14777 ms [UE 42750] UL Throughput = 0.81375 Mbps
14809 ms [UE 17403] UL Throughput = 0.85026 Mbps
14809 ms [UE 10755] UL Throughput = 0.81963 Mbps
14886 ms [UE 12658] UL Throughput = 0.90997 Mbps
14886 ms [UE 23066] UL Throughput = 0.60033 Mbps
14886 ms [UE 42750] UL Throughput = 0.00000 Mbps
14909 ms [UE 17403] UL Throughput = 0.00000 Mbps
14909 ms [UE 10755] UL Throughput = 0.00000 Mbps
14987 ms [UE 12658] UL Throughput = 0.00000 Mbps
14987 ms [UE 23066] UL Throughput = 0.00000 Mbps
14987 ms [UE 42750] UL Throughput = 0.00000 Mbps
15019 ms [UE 17403] UL Throughput = 0.63460 Mbps
15019 ms [UE 10755] UL Throughput = 0.90538 Mbps
15096 ms [UE 12658] UL Throughput = 0.75121 Mbps
15096 ms [UE 23066] UL Throughput = 0.00000 Mbps
15096 ms [UE 42750] UL Throughput = 0.91087 Mbps
15119 ms [UE 17403] UL Throughput = 0.15339 Mbps
15119 ms [UE 10755] UL Throughput = 0.00000 Mbps
15206 ms [UE 12658] UL Throughput = 0.00000 Mbps
15206 ms [UE 23066] UL Throughput = 0.13046 Mbps
15206 ms [UE 42750] UL Throughput = 0.00000 Mbps
15229 ms [UE 17403] UL Throughput = 0.56955 Mbps
15229 ms [UE 10755] UL Throughput = 0.74699 Mbps
15306 ms [UE 12658] UL Throughput = 0.00000 Mbps
15306 ms [UE 23066] UL Throughput = 0.65431 Mbps
15306 ms [UE 42750] UL Throughput = 0.71529 Mbps
15329 ms [UE 17403] UL Throughput = 0.84921 Mbps
15329 ms [UE 10755] UL Throughput = 0.81861 Mbps
15417 ms [UE 12658] UL Throughput = 0.89415 Mbps
15417 ms [UE 23066] UL Throughput = 0.00000 Mbps
15417 ms [UE 42750] UL Throughput = 0.00000 Mbps
15429 ms [UE 17403] UL Throughput = 0.00000 Mbps
15429 ms [UE 10755] UL Throughput = 0.17399 Mbps
15526 ms [UE 12658] UL Throughput = 0.00000 Mbps
15526 ms [UE 23066] UL Throughput = 0.60295 Mbps
15526 ms [UE 42750] UL Throughput = 0.00000 Mbps
15529 ms [UE 17403] UL Throughput = 0.69652 Mbps
15529 ms [UE 10755] UL Throughput = 0.81952 Mbps
15626 ms | now=1755745428152958 us | PDCP ind_msg latency=70969383 us
15636 ms [UE 12658] UL Throughput = 0.00000 Mbps
15636 ms [UE 23066] UL Throughput = 0.59688 Mbps
15636 ms [UE 42750] UL Throughput = 0.90475 Mbps
15639 ms [UE 17403] UL Throughput = 0.77360 Mbps
15639 ms [UE 10755] UL Throughput = 0.74572 Mbps
15736 ms [UE 12658] UL Throughput = 0.00000 Mbps
15736 ms [UE 23066] UL Throughput = 0.00000 Mbps
15736 ms [UE 42750] UL Throughput = 0.00000 Mbps
15748 ms [UE 17403] UL Throughput = 0.00000 Mbps
15748 ms [UE 10755] UL Throughput = 0.15898 Mbps
15846 ms [UE 12658] UL Throughput = 0.90658 Mbps
15846 ms [UE 23066] UL Throughput = 0.00000 Mbps
15846 ms [UE 42750] UL Throughput = 0.74766 Mbps
15849 ms [UE 17403] UL Throughput = 0.69291 Mbps
15849 ms [UE 10755] UL Throughput = 0.71296 Mbps
15946 ms [UE 12658] UL Throughput = 0.00000 Mbps
15946 ms [UE 23066] UL Throughput = 0.14261 Mbps
15946 ms [UE 42750] UL Throughput = 0.00000 Mbps
15949 ms [UE 17403] UL Throughput = 0.69334 Mbps
15949 ms [UE 10755] UL Throughput = 0.17340 Mbps
16055 ms [UE 12658] UL Throughput = 0.65663 Mbps
16055 ms [UE 23066] UL Throughput = 0.60064 Mbps
16055 ms [UE 42750] UL Throughput = 0.00000 Mbps
16059 ms [UE 17403] UL Throughput = 0.00000 Mbps
16059 ms [UE 10755] UL Throughput = 0.74809 Mbps
16155 ms [UE 12658] UL Throughput = 0.00000 Mbps
16155 ms [UE 23066] UL Throughput = 0.00000 Mbps
16155 ms [UE 42750] UL Throughput = 0.91078 Mbps
16169 ms [UE 17403] UL Throughput = 0.77584 Mbps
16169 ms [UE 10755] UL Throughput = 0.74789 Mbps
16257 ms [UE 12658] UL Throughput = 0.72337 Mbps
16257 ms [UE 23066] UL Throughput = 0.00000 Mbps
16257 ms [UE 42750] UL Throughput = 0.00000 Mbps
16269 ms [UE 17403] UL Throughput = 0.69607 Mbps
16269 ms [UE 10755] UL Throughput = 0.99307 Mbps
16366 ms [UE 12658] UL Throughput = 0.00000 Mbps
16366 ms [UE 23066] UL Throughput = 0.69128 Mbps
16366 ms [UE 42750] UL Throughput = 0.75760 Mbps
16379 ms [UE 17403] UL Throughput = 0.00000 Mbps
16379 ms [UE 10755] UL Throughput = 0.00000 Mbps
16477 ms [UE 12658] UL Throughput = 0.00000 Mbps
16477 ms [UE 23066] UL Throughput = 0.00000 Mbps
16477 ms [UE 42750] UL Throughput = 0.00000 Mbps
16479 ms [UE 17403] UL Throughput = 0.77352 Mbps
16479 ms [UE 10755] UL Throughput = 0.81429 Mbps
16586 ms [UE 12658] UL Throughput = 0.91337 Mbps
16586 ms [UE 23066] UL Throughput = 0.00000 Mbps
16586 ms [UE 42750] UL Throughput = 0.00000 Mbps
16589 ms [UE 17403] UL Throughput = 0.77802 Mbps
16589 ms [UE 10755] UL Throughput = 0.74999 Mbps
16663 ms | now=1755745429190746 us | PDCP ind_msg latency=70969173 us
16686 ms [UE 12658] UL Throughput = 0.00000 Mbps
16686 ms [UE 23066] UL Throughput = 0.00000 Mbps
16686 ms [UE 42750] UL Throughput = 0.00000 Mbps
16689 ms [UE 17403] UL Throughput = 0.00000 Mbps
16689 ms [UE 10755] UL Throughput = 0.00000 Mbps
16789 ms [UE 17403] UL Throughput = 0.69198 Mbps
16789 ms [UE 10755] UL Throughput = 0.98724 Mbps
16796 ms [UE 12658] UL Throughput = 0.65013 Mbps
16796 ms [UE 23066] UL Throughput = 0.00000 Mbps
16796 ms [UE 42750] UL Throughput = 0.90144 Mbps
16897 ms [UE 12658] UL Throughput = 0.00000 Mbps
16897 ms [UE 23066] UL Throughput = 0.00000 Mbps
16897 ms [UE 42750] UL Throughput = 0.00000 Mbps
16899 ms [UE 17403] UL Throughput = 0.77741 Mbps
16899 ms [UE 10755] UL Throughput = 0.74940 Mbps
16999 ms [UE 17403] UL Throughput = 0.00000 Mbps
16999 ms [UE 10755] UL Throughput = 0.00000 Mbps
17006 ms [UE 12658] UL Throughput = 0.75380 Mbps
17006 ms [UE 23066] UL Throughput = 0.60299 Mbps
17006 ms [UE 42750] UL Throughput = 0.16022 Mbps
17109 ms [UE 17403] UL Throughput = 0.63517 Mbps
17109 ms [UE 10755] UL Throughput = 0.81240 Mbps
17116 ms [UE 12658] UL Throughput = 0.00000 Mbps
17116 ms [UE 23066] UL Throughput = 0.12925 Mbps
17116 ms [UE 42750] UL Throughput = 0.00000 Mbps
17209 ms [UE 17403] UL Throughput = 0.64532 Mbps
17209 ms [UE 10755] UL Throughput = 0.00000 Mbps
17226 ms [UE 12658] UL Throughput = 0.00000 Mbps
17226 ms [UE 23066] UL Throughput = 0.60029 Mbps
17226 ms [UE 42750] UL Throughput = 0.75041 Mbps
17309 ms [UE 17403] UL Throughput = 0.00000 Mbps
17309 ms [UE 10755] UL Throughput = 0.73641 Mbps
17338 ms [UE 12658] UL Throughput = 0.15548 Mbps
17338 ms [UE 23066] UL Throughput = 0.00000 Mbps
17338 ms [UE 42750] UL Throughput = 0.73150 Mbps
17419 ms [UE 17403] UL Throughput = 0.77513 Mbps
17419 ms [UE 10755] UL Throughput = 0.74720 Mbps
17446 ms [UE 12658] UL Throughput = 0.75947 Mbps
17446 ms [UE 23066] UL Throughput = 0.00000 Mbps
17446 ms [UE 42750] UL Throughput = 0.00000 Mbps
17519 ms [UE 17403] UL Throughput = 0.00000 Mbps
17519 ms [UE 10755] UL Throughput = 0.17301 Mbps
17555 ms [UE 12658] UL Throughput = 0.00000 Mbps
17555 ms [UE 23066] UL Throughput = 0.72145 Mbps
17555 ms [UE 42750] UL Throughput = 0.00773 Mbps
17629 ms [UE 17403] UL Throughput = 0.63744 Mbps
17629 ms [UE 10755] UL Throughput = 0.75001 Mbps
17656 ms [UE 12658] UL Throughput = 0.71546 Mbps
17656 ms [UE 23066] UL Throughput = 0.00000 Mbps
17656 ms [UE 42750] UL Throughput = 0.00000 Mbps
17693 ms | now=1755745430220359 us | PDCP ind_msg latency=70969621 us
17729 ms [UE 17403] UL Throughput = 0.77843 Mbps
17729 ms [UE 10755] UL Throughput = 0.81946 Mbps
17766 ms [UE 12658] UL Throughput = 0.00000 Mbps
17766 ms [UE 23066] UL Throughput = 0.00000 Mbps
17766 ms [UE 42750] UL Throughput = 0.89770 Mbps
17830 ms [UE 17403] UL Throughput = 0.15210 Mbps
17830 ms [UE 10755] UL Throughput = 0.00000 Mbps
17876 ms [UE 12658] UL Throughput = 0.00000 Mbps
17876 ms [UE 23066] UL Throughput = 0.00000 Mbps
17876 ms [UE 42750] UL Throughput = 0.00000 Mbps
17939 ms [UE 17403] UL Throughput = 0.63830 Mbps
17939 ms [UE 10755] UL Throughput = 0.75103 Mbps
17989 ms [UE 12658] UL Throughput = 0.88018 Mbps
17989 ms [UE 23066] UL Throughput = 0.00000 Mbps
17989 ms [UE 42750] UL Throughput = 0.72589 Mbps
18049 ms [UE 17403] UL Throughput = 0.63451 Mbps
18049 ms [UE 10755] UL Throughput = 0.90525 Mbps
18098 ms [UE 12658] UL Throughput = 0.00000 Mbps
18098 ms [UE 23066] UL Throughput = 0.00000 Mbps
18098 ms [UE 42750] UL Throughput = 0.00000 Mbps
18159 ms [UE 17403] UL Throughput = 0.13983 Mbps
18159 ms [UE 10755] UL Throughput = 0.74591 Mbps
18205 ms [UE 12658] UL Throughput = 0.16191 Mbps
18205 ms [UE 23066] UL Throughput = 0.60935 Mbps
18205 ms [UE 42750] UL Throughput = 0.76175 Mbps
18259 ms [UE 17403] UL Throughput = 0.69545 Mbps
18259 ms [UE 10755] UL Throughput = 0.00000 Mbps
18316 ms [UE 12658] UL Throughput = 0.15836 Mbps
18316 ms [UE 23066] UL Throughput = 0.59600 Mbps
18316 ms [UE 42750] UL Throughput = 0.00000 Mbps
18370 ms [UE 17403] UL Throughput = 0.62743 Mbps
18370 ms [UE 10755] UL Throughput = 0.80249 Mbps
18416 ms [UE 12658] UL Throughput = 0.71628 Mbps
18416 ms [UE 23066] UL Throughput = 0.00000 Mbps
18416 ms [UE 42750] UL Throughput = 0.00000 Mbps
18483 ms [UE 17403] UL Throughput = 0.61855 Mbps
18483 ms [UE 10755] UL Throughput = 0.15469 Mbps
18528 ms [UE 12658] UL Throughput = 0.00000 Mbps
18528 ms [UE 23066] UL Throughput = 0.00000 Mbps
18528 ms [UE 42750] UL Throughput = 0.15442 Mbps
18591 ms [UE 17403] UL Throughput = 0.00000 Mbps
18591 ms [UE 10755] UL Throughput = 0.75806 Mbps
18638 ms [UE 12658] UL Throughput = 0.75086 Mbps
18638 ms [UE 23066] UL Throughput = 0.60064 Mbps
18638 ms [UE 42750] UL Throughput = 0.00000 Mbps
18699 ms [UE 17403] UL Throughput = 0.78560 Mbps
18699 ms [UE 10755] UL Throughput = 0.75730 Mbps
18739 ms | now=1755745431265946 us | PDCP ind_msg latency=70969593 us
18739 ms [UE 12658] UL Throughput = 0.00000 Mbps
18739 ms [UE 23066] UL Throughput = 0.64909 Mbps
18739 ms [UE 42750] UL Throughput = 0.98390 Mbps
18810 ms [UE 17403] UL Throughput = 0.62456 Mbps
18810 ms [UE 10755] UL Throughput = 0.89106 Mbps
18846 ms [UE 12658] UL Throughput = 0.00000 Mbps
18846 ms [UE 23066] UL Throughput = 0.00000 Mbps
18846 ms [UE 42750] UL Throughput = 0.00000 Mbps
18919 ms [UE 17403] UL Throughput = 0.14199 Mbps
18919 ms [UE 10755] UL Throughput = 0.00000 Mbps
18955 ms [UE 12658] UL Throughput = 0.91199 Mbps
18955 ms [UE 23066] UL Throughput = 0.00000 Mbps
18955 ms [UE 42750] UL Throughput = 0.00000 Mbps
19029 ms [UE 17403] UL Throughput = 0.56840 Mbps
19029 ms [UE 10755] UL Throughput = 0.74547 Mbps
19056 ms [UE 12658] UL Throughput = 0.00000 Mbps
19056 ms [UE 23066] UL Throughput = 0.00000 Mbps
19056 ms [UE 42750] UL Throughput = 0.81807 Mbps
19129 ms [UE 17403] UL Throughput = 0.84917 Mbps
19129 ms [UE 10755] UL Throughput = 0.81857 Mbps
19166 ms [UE 12658] UL Throughput = 0.65134 Mbps
19166 ms [UE 23066] UL Throughput = 0.72613 Mbps
19166 ms [UE 42750] UL Throughput = 0.00000 Mbps
19240 ms [UE 17403] UL Throughput = 0.00000 Mbps
19240 ms [UE 10755] UL Throughput = 0.15625 Mbps
19275 ms [UE 12658] UL Throughput = 0.00000 Mbps
19275 ms [UE 23066] UL Throughput = 0.00000 Mbps
19275 ms [UE 42750] UL Throughput = 0.00000 Mbps
19349 ms [UE 17403] UL Throughput = 0.64312 Mbps
19349 ms [UE 10755] UL Throughput = 0.75669 Mbps
19376 ms [UE 12658] UL Throughput = 0.00000 Mbps
19376 ms [UE 23066] UL Throughput = 0.60162 Mbps
19376 ms [UE 42750] UL Throughput = 0.90757 Mbps
19449 ms [UE 17403] UL Throughput = 0.84839 Mbps
19449 ms [UE 10755] UL Throughput = 0.81782 Mbps
19476 ms [UE 12658] UL Throughput = 0.00000 Mbps
19476 ms [UE 23066] UL Throughput = 0.00000 Mbps
19476 ms [UE 42750] UL Throughput = 0.00000 Mbps
19549 ms [UE 17403] UL Throughput = 0.00000 Mbps
19549 ms [UE 10755] UL Throughput = 0.17374 Mbps
19586 ms [UE 12658] UL Throughput = 0.82594 Mbps
19586 ms [UE 23066] UL Throughput = 0.00000 Mbps
19586 ms [UE 42750] UL Throughput = 0.74241 Mbps
19659 ms [UE 17403] UL Throughput = 0.63663 Mbps
19659 ms [UE 10755] UL Throughput = 0.65506 Mbps
19687 ms [UE 12658] UL Throughput = 0.00000 Mbps
19687 ms [UE 23066] UL Throughput = 0.00000 Mbps
19687 ms [UE 42750] UL Throughput = 0.00000 Mbps
19759 ms [UE 17403] UL Throughput = 0.64201 Mbps
19759 ms [UE 10755] UL Throughput = 0.90704 Mbps
19778 ms | now=1755745432305106 us | PDCP ind_msg latency=70969500 us
19796 ms [UE 12658] UL Throughput = 0.75486 Mbps
19796 ms [UE 23066] UL Throughput = 0.73593 Mbps
19796 ms [UE 42750] UL Throughput = 0.00000 Mbps
19869 ms [UE 17403] UL Throughput = 0.00000 Mbps
19869 ms [UE 10755] UL Throughput = 0.00000 Mbps
19896 ms [UE 12658] UL Throughput = 0.00000 Mbps
19896 ms [UE 23066] UL Throughput = 0.00000 Mbps
19896 ms [UE 42750] UL Throughput = 0.00000 Mbps
19981 ms [UE 17403] UL Throughput = 0.76083 Mbps
19981 ms [UE 10755] UL Throughput = 0.73342 Mbps
20006 ms [UE 12658] UL Throughput = 0.00000 Mbps
20006 ms [UE 23066] UL Throughput = 0.53433 Mbps
20006 ms [UE 42750] UL Throughput = 0.90971 Mbps
20089 ms [UE 17403] UL Throughput = 0.64434 Mbps
20089 ms [UE 10755] UL Throughput = 0.91926 Mbps
20116 ms [UE 12658] UL Throughput = 0.15848 Mbps
20116 ms [UE 23066] UL Throughput = 0.00000 Mbps
20116 ms [UE 42750] UL Throughput = 0.00000 Mbps
20189 ms [UE 17403] UL Throughput = 0.15315 Mbps
20189 ms [UE 10755] UL Throughput = 0.00000 Mbps
20216 ms [UE 12658] UL Throughput = 0.81901 Mbps
20216 ms [UE 23066] UL Throughput = 0.00000 Mbps
20216 ms [UE 42750] UL Throughput = 0.81901 Mbps
20299 ms [UE 17403] UL Throughput = 0.57060 Mbps
20299 ms [UE 10755] UL Throughput = 0.74837 Mbps
20326 ms [UE 12658] UL Throughput = 0.00000 Mbps
20326 ms [UE 23066] UL Throughput = 0.72547 Mbps
20326 ms [UE 42750] UL Throughput = 0.00000 Mbps
20409 ms [UE 17403] UL Throughput = 0.77517 Mbps
20409 ms [UE 10755] UL Throughput = 0.74724 Mbps
20436 ms [UE 12658] UL Throughput = 0.74195 Mbps
20436 ms [UE 23066] UL Throughput = 0.00000 Mbps
20436 ms [UE 42750] UL Throughput = 0.00000 Mbps
20509 ms [UE 17403] UL Throughput = 0.00000 Mbps
20509 ms [UE 10755] UL Throughput = 0.00000 Mbps
20546 ms [UE 12658] UL Throughput = 0.00000 Mbps
20546 ms [UE 23066] UL Throughput = 0.59989 Mbps
20546 ms [UE 42750] UL Throughput = 0.90931 Mbps
20619 ms [UE 17403] UL Throughput = 0.63542 Mbps
20619 ms [UE 10755] UL Throughput = 0.90655 Mbps
20658 ms [UE 12658] UL Throughput = 0.00000 Mbps
20658 ms [UE 23066] UL Throughput = 0.00000 Mbps
20658 ms [UE 42750] UL Throughput = 0.00000 Mbps
20729 ms [UE 17403] UL Throughput = 1.52580 Mbps
20729 ms [UE 10755] UL Throughput = 0.00000 Mbps
20766 ms [UE 12658] UL Throughput = 0.91711 Mbps
20766 ms [UE 23066] UL Throughput = 0.00000 Mbps
20766 ms [UE 42750] UL Throughput = 0.66143 Mbps
20804 ms | now=1755745433331690 us | PDCP ind_msg latency=70970053 us
20829 ms [UE 17403] UL Throughput = 0.00000 Mbps
20829 ms [UE 10755] UL Throughput = 0.17347 Mbps
20868 ms [UE 12658] UL Throughput = 0.00000 Mbps
20868 ms [UE 23066] UL Throughput = 0.78849 Mbps
20868 ms [UE 42750] UL Throughput = 0.00000 Mbps
20940 ms [UE 17403] UL Throughput = 0.59401 Mbps
20940 ms [UE 10755] UL Throughput = 0.74257 Mbps
20977 ms [UE 12658] UL Throughput = 0.75185 Mbps
20977 ms [UE 23066] UL Throughput = 0.00000 Mbps
20977 ms [UE 42750] UL Throughput = 0.00000 Mbps
21049 ms [UE 17403] UL Throughput = 0.84542 Mbps
21049 ms [UE 10755] UL Throughput = 0.75390 Mbps
21086 ms [UE 12658] UL Throughput = 0.00000 Mbps
21086 ms [UE 23066] UL Throughput = 0.60081 Mbps
21086 ms [UE 42750] UL Throughput = 0.91071 Mbps
21149 ms [UE 17403] UL Throughput = 0.00000 Mbps
21149 ms [UE 10755] UL Throughput = 0.00000 Mbps
21196 ms [UE 12658] UL Throughput = 0.15870 Mbps
21196 ms [UE 23066] UL Throughput = 0.00000 Mbps
21196 ms [UE 42750] UL Throughput = 0.00000 Mbps
21260 ms [UE 17403] UL Throughput = 0.00000 Mbps
21260 ms [UE 10755] UL Throughput = 0.89500 Mbps
21306 ms [UE 12658] UL Throughput = 0.74520 Mbps
21306 ms [UE 23066] UL Throughput = 0.00000 Mbps
21306 ms [UE 42750] UL Throughput = 0.74520 Mbps
21370 ms [UE 17403] UL Throughput = 0.69199 Mbps
21370 ms [UE 10755] UL Throughput = 0.90754 Mbps
21406 ms [UE 12658] UL Throughput = 0.00000 Mbps
21406 ms [UE 23066] UL Throughput = 0.79877 Mbps
21406 ms [UE 42750] UL Throughput = 0.00000 Mbps
21479 ms [UE 17403] UL Throughput = 0.69265 Mbps
21479 ms [UE 10755] UL Throughput = 0.15923 Mbps
21506 ms [UE 12658] UL Throughput = 0.71643 Mbps
21506 ms [UE 23066] UL Throughput = 0.00000 Mbps
21506 ms [UE 42750] UL Throughput = 0.00000 Mbps
21589 ms [UE 17403] UL Throughput = 0.00000 Mbps
21589 ms [UE 10755] UL Throughput = 0.65325 Mbps
21616 ms [UE 12658] UL Throughput = 0.00000 Mbps
21616 ms [UE 23066] UL Throughput = 0.59654 Mbps
21616 ms [UE 42750] UL Throughput = 0.90424 Mbps
21699 ms [UE 17403] UL Throughput = 0.14680 Mbps
21699 ms [UE 10755] UL Throughput = 0.74579 Mbps
21725 ms [UE 12658] UL Throughput = 0.00000 Mbps
21725 ms [UE 23066] UL Throughput = 0.00000 Mbps
21725 ms [UE 42750] UL Throughput = 0.00000 Mbps
21809 ms [UE 17403] UL Throughput = 0.00000 Mbps
21809 ms [UE 10755] UL Throughput = 0.90470 Mbps
21825 ms [UE 12658] UL Throughput = 0.99281 Mbps
21825 ms [UE 23066] UL Throughput = 0.00000 Mbps
21825 ms [UE 42750] UL Throughput = 0.00000 Mbps
21833 ms | now=1755745434360019 us | PDCP ind_msg latency=70969353 us
21909 ms [UE 17403] UL Throughput = 0.00000 Mbps
21909 ms [UE 10755] UL Throughput = 0.00000 Mbps
21936 ms [UE 12658] UL Throughput = 0.00000 Mbps
21936 ms [UE 23066] UL Throughput = 0.00000 Mbps
21936 ms [UE 42750] UL Throughput = 0.74421 Mbps
22009 ms [UE 17403] UL Throughput = 0.75703 Mbps
22009 ms [UE 10755] UL Throughput = 0.99284 Mbps
22046 ms [UE 12658] UL Throughput = 0.74446 Mbps
22046 ms [UE 23066] UL Throughput = 0.72579 Mbps
22046 ms [UE 42750] UL Throughput = 0.00000 Mbps
22119 ms [UE 17403] UL Throughput = 0.68925 Mbps
22119 ms [UE 10755] UL Throughput = 0.15845 Mbps
22146 ms [UE 12658] UL Throughput = 0.00000 Mbps
22146 ms [UE 23066] UL Throughput = 0.00000 Mbps
22146 ms [UE 42750] UL Throughput = 0.00000 Mbps
22229 ms [UE 17403] UL Throughput = 0.00000 Mbps
22229 ms [UE 10755] UL Throughput = 0.65154 Mbps
22246 ms [UE 12658] UL Throughput = 0.00000 Mbps
22246 ms [UE 23066] UL Throughput = 0.58319 Mbps
22246 ms [UE 42750] UL Throughput = 0.99290 Mbps
22339 ms [UE 17403] UL Throughput = 0.14639 Mbps
22339 ms [UE 10755] UL Throughput = 0.66930 Mbps
22356 ms [UE 12658] UL Throughput = 0.83203 Mbps
22356 ms [UE 23066] UL Throughput = 0.00000 Mbps
22356 ms [UE 42750] UL Throughput = 0.00000 Mbps
22442 ms [UE 17403] UL Throughput = 0.15722 Mbps
22442 ms [UE 10755] UL Throughput = 0.79872 Mbps
22456 ms [UE 12658] UL Throughput = 0.00000 Mbps
22456 ms [UE 23066] UL Throughput = 0.00000 Mbps
22456 ms [UE 42750] UL Throughput = 0.00000 Mbps
22549 ms [UE 17403] UL Throughput = 0.70686 Mbps
22549 ms [UE 10755] UL Throughput = 0.00000 Mbps
22557 ms [UE 12658] UL Throughput = 0.81319 Mbps
22557 ms [UE 23066] UL Throughput = 0.74200 Mbps
22557 ms [UE 42750] UL Throughput = 0.00000 Mbps
22649 ms [UE 17403] UL Throughput = 0.67584 Mbps
22649 ms [UE 10755] UL Throughput = 0.99400 Mbps
22666 ms [UE 12658] UL Throughput = 0.00000 Mbps
22666 ms [UE 23066] UL Throughput = 0.00000 Mbps
22666 ms [UE 42750] UL Throughput = 0.00000 Mbps
22759 ms [UE 17403] UL Throughput = 0.68789 Mbps
22759 ms [UE 10755] UL Throughput = 0.00000 Mbps
22776 ms [UE 12658] UL Throughput = 0.00000 Mbps
22776 ms [UE 23066] UL Throughput = 0.72610 Mbps
22776 ms [UE 42750] UL Throughput = 0.67028 Mbps
22861 ms | now=1755745435388000 us | PDCP ind_msg latency=70969433 us
22870 ms [UE 17403] UL Throughput = 0.00000 Mbps
22870 ms [UE 10755] UL Throughput = 0.64695 Mbps
22876 ms [UE 12658] UL Throughput = 0.17331 Mbps
22876 ms [UE 23066] UL Throughput = 0.00000 Mbps
22876 ms [UE 42750] UL Throughput = 0.81541 Mbps
22979 ms [UE 17403] UL Throughput = 0.69438 Mbps
22979 ms [UE 10755] UL Throughput = 0.91067 Mbps
22986 ms [UE 12658] UL Throughput = 0.65540 Mbps
22986 ms [UE 23066] UL Throughput = 0.00000 Mbps
22986 ms [UE 42750] UL Throughput = 0.00000 Mbps
23081 ms [UE 17403] UL Throughput = 0.15855 Mbps
23081 ms [UE 10755] UL Throughput = 0.00000 Mbps
23086 ms [UE 12658] UL Throughput = 0.81825 Mbps
23086 ms [UE 23066] UL Throughput = 0.00000 Mbps
23086 ms [UE 42750] UL Throughput = 0.00000 Mbps
23187 ms [UE 12658] UL Throughput = 0.00000 Mbps
23187 ms [UE 23066] UL Throughput = 0.00000 Mbps
23187 ms [UE 42750] UL Throughput = 0.00000 Mbps
23191 ms [UE 17403] UL Throughput = 0.69049 Mbps
23191 ms [UE 10755] UL Throughput = 0.74683 Mbps
23296 ms [UE 12658] UL Throughput = 0.00000 Mbps
23296 ms [UE 23066] UL Throughput = 0.60161 Mbps
23296 ms [UE 42750] UL Throughput = 0.91192 Mbps
23299 ms [UE 17403] UL Throughput = 0.69988 Mbps
23299 ms [UE 10755] UL Throughput = 0.91788 Mbps
23396 ms [UE 12658] UL Throughput = 0.00000 Mbps
23396 ms [UE 23066] UL Throughput = 0.79760 Mbps
23396 ms [UE 42750] UL Throughput = 0.00000 Mbps
23410 ms [UE 17403] UL Throughput = 0.14560 Mbps
23410 ms [UE 10755] UL Throughput = 0.73970 Mbps
23496 ms [UE 12658] UL Throughput = 0.81521 Mbps
23496 ms [UE 23066] UL Throughput = 0.00000 Mbps
23496 ms [UE 42750] UL Throughput = 0.00000 Mbps
23519 ms [UE 17403] UL Throughput = 0.00000 Mbps
23519 ms [UE 10755] UL Throughput = 0.00000 Mbps
23605 ms [UE 12658] UL Throughput = 0.00000 Mbps
23605 ms [UE 23066] UL Throughput = 0.00000 Mbps
23605 ms [UE 42750] UL Throughput = 0.15986 Mbps
23619 ms [UE 17403] UL Throughput = 0.75483 Mbps
23619 ms [UE 10755] UL Throughput = 0.98995 Mbps
23706 ms [UE 12658] UL Throughput = 0.71439 Mbps
23706 ms [UE 23066] UL Throughput = 0.00000 Mbps
23706 ms [UE 42750] UL Throughput = 0.81692 Mbps
23729 ms [UE 17403] UL Throughput = 0.59543 Mbps
23729 ms [UE 10755] UL Throughput = 0.15821 Mbps
23808 ms [UE 12658] UL Throughput = 0.80404 Mbps
23808 ms [UE 23066] UL Throughput = 0.00000 Mbps
23808 ms [UE 42750] UL Throughput = 0.97494 Mbps
23839 ms [UE 17403] UL Throughput = 0.00000 Mbps
23839 ms [UE 10755] UL Throughput = 0.74807 Mbps
23912 ms | now=1755745436439165 us | PDCP ind_msg latency=70969529 us
23916 ms [UE 12658] UL Throughput = 0.00000 Mbps
23916 ms [UE 23066] UL Throughput = 0.00000 Mbps
23916 ms [UE 42750] UL Throughput = 0.00000 Mbps
23949 ms [UE 17403] UL Throughput = 0.83569 Mbps
23949 ms [UE 10755] UL Throughput = 0.74522 Mbps
24016 ms [UE 12658] UL Throughput = 0.00000 Mbps
24016 ms [UE 23066] UL Throughput = 0.79536 Mbps
24016 ms [UE 42750] UL Throughput = 0.81582 Mbps
24059 ms [UE 17403] UL Throughput = 0.76001 Mbps
24059 ms [UE 10755] UL Throughput = 0.08398 Mbps
24126 ms [UE 12658] UL Throughput = 0.90733 Mbps
24126 ms [UE 23066] UL Throughput = 0.00000 Mbps
24126 ms [UE 42750] UL Throughput = 0.00000 Mbps
24159 ms [UE 17403] UL Throughput = 0.00000 Mbps
24159 ms [UE 10755] UL Throughput = 0.71235 Mbps
24226 ms [UE 12658] UL Throughput = 0.00000 Mbps
24226 ms [UE 23066] UL Throughput = 0.65369 Mbps
24226 ms [UE 42750] UL Throughput = 0.00000 Mbps
24269 ms [UE 17403] UL Throughput = 0.14684 Mbps
24269 ms [UE 10755] UL Throughput = 0.74598 Mbps
24328 ms [UE 12658] UL Throughput = 0.00000 Mbps
24328 ms [UE 23066] UL Throughput = 0.00000 Mbps
24328 ms [UE 42750] UL Throughput = 0.97526 Mbps
24379 ms [UE 17403] UL Throughput = 0.00000 Mbps
24379 ms [UE 10755] UL Throughput = 0.15910 Mbps
24436 ms [UE 12658] UL Throughput = 0.66395 Mbps
24436 ms [UE 23066] UL Throughput = 0.00000 Mbps
24436 ms [UE 42750] UL Throughput = 0.00000 Mbps
24479 ms [UE 17403] UL Throughput = 0.00000 Mbps
24479 ms [UE 10755] UL Throughput = 0.81924 Mbps
24546 ms [UE 12658] UL Throughput = 0.00000 Mbps
24546 ms [UE 23066] UL Throughput = 0.72696 Mbps
24546 ms [UE 42750] UL Throughput = 0.74566 Mbps
24579 ms [UE 17403] UL Throughput = 0.75615 Mbps
24579 ms [UE 10755] UL Throughput = 0.99168 Mbps
24646 ms [UE 12658] UL Throughput = 0.17387 Mbps
24646 ms [UE 23066] UL Throughput = 0.00000 Mbps
24646 ms [UE 42750] UL Throughput = 0.00000 Mbps
24682 ms [UE 17403] UL Throughput = 0.00000 Mbps
24682 ms [UE 10755] UL Throughput = 0.00000 Mbps
24756 ms [UE 12658] UL Throughput = 0.74615 Mbps
24756 ms [UE 23066] UL Throughput = 0.59687 Mbps
24756 ms [UE 42750] UL Throughput = 0.00000 Mbps
24789 ms [UE 17403] UL Throughput = 0.70987 Mbps
24789 ms [UE 10755] UL Throughput = 0.83462 Mbps
24866 ms [UE 12658] UL Throughput = 0.00000 Mbps
24866 ms [UE 23066] UL Throughput = 0.00000 Mbps
24866 ms [UE 42750] UL Throughput = 0.00000 Mbps
24900 ms [UE 17403] UL Throughput = 0.75677 Mbps
24900 ms [UE 10755] UL Throughput = 0.66688 Mbps
24954 ms | now=1755745437481267 us | PDCP ind_msg latency=70969603 us
24976 ms [UE 12658] UL Throughput = 0.74444 Mbps
24976 ms [UE 23066] UL Throughput = 0.00000 Mbps
24976 ms [UE 42750] UL Throughput = 0.90268 Mbps
25009 ms [UE 17403] UL Throughput = 0.14783 Mbps
25009 ms [UE 10755] UL Throughput = 0.00000 Mbps
25078 ms [UE 12658] UL Throughput = 0.00000 Mbps
25078 ms [UE 23066] UL Throughput = 0.00000 Mbps
25078 ms [UE 42750] UL Throughput = 0.00000 Mbps
25109 ms [UE 17403] UL Throughput = 0.75742 Mbps
25109 ms [UE 10755] UL Throughput = 0.81922 Mbps
25187 ms [UE 12658] UL Throughput = 0.00000 Mbps
25187 ms [UE 23066] UL Throughput = 0.73257 Mbps
25187 ms [UE 42750] UL Throughput = 0.65712 Mbps
25209 ms [UE 17403] UL Throughput = 0.75720 Mbps
25209 ms [UE 10755] UL Throughput = 0.99306 Mbps
25296 ms [UE 12658] UL Throughput = 0.16021 Mbps
25296 ms [UE 23066] UL Throughput = 0.00000 Mbps
25296 ms [UE 42750] UL Throughput = 0.00000 Mbps
25309 ms [UE 17403] UL Throughput = 0.00000 Mbps
25309 ms [UE 10755] UL Throughput = 0.00000 Mbps
25396 ms [UE 12658] UL Throughput = 0.73663 Mbps
25396 ms [UE 23066] UL Throughput = 0.60363 Mbps
25396 ms [UE 42750] UL Throughput = 0.00000 Mbps
25409 ms [UE 17403] UL Throughput = 0.81687 Mbps
25409 ms [UE 10755] UL Throughput = 0.81951 Mbps
25496 ms [UE 12658] UL Throughput = 0.00000 Mbps
25496 ms [UE 23066] UL Throughput = 0.00000 Mbps
25496 ms [UE 42750] UL Throughput = 0.00000 Mbps
25519 ms [UE 17403] UL Throughput = 0.00000 Mbps
25519 ms [UE 10755] UL Throughput = 0.15878 Mbps
25605 ms [UE 12658] UL Throughput = 0.74840 Mbps
25605 ms [UE 23066] UL Throughput = 0.00000 Mbps
25605 ms [UE 42750] UL Throughput = 0.67354 Mbps
25629 ms [UE 17403] UL Throughput = 0.00000 Mbps
25629 ms [UE 10755] UL Throughput = 0.74581 Mbps
25706 ms [UE 12658] UL Throughput = 0.00000 Mbps
25706 ms [UE 23066] UL Throughput = 0.79730 Mbps
25706 ms [UE 42750] UL Throughput = 0.00000 Mbps
25729 ms [UE 17403] UL Throughput = 0.91226 Mbps
25729 ms [UE 10755] UL Throughput = 0.81350 Mbps
25806 ms [UE 12658] UL Throughput = 0.00000 Mbps
25806 ms [UE 23066] UL Throughput = 0.00000 Mbps
25806 ms [UE 42750] UL Throughput = 0.81887 Mbps
25830 ms [UE 17403] UL Throughput = 0.00000 Mbps
25830 ms [UE 10755] UL Throughput = 0.00000 Mbps
25906 ms [UE 12658] UL Throughput = 0.81469 Mbps
25906 ms [UE 23066] UL Throughput = 0.58023 Mbps
25906 ms [UE 42750] UL Throughput = 0.17316 Mbps
25939 ms [UE 17403] UL Throughput = 0.69509 Mbps
25939 ms [UE 10755] UL Throughput = 0.91160 Mbps
25981 ms | now=1755745438508174 us | PDCP ind_msg latency=70969593 us
26016 ms [UE 12658] UL Throughput = 0.00000 Mbps
26016 ms [UE 23066] UL Throughput = 0.00000 Mbps
26016 ms [UE 42750] UL Throughput = 0.00000 Mbps
26039 ms [UE 17403] UL Throughput = 0.00000 Mbps
26039 ms [UE 10755] UL Throughput = 0.00000 Mbps
26126 ms [UE 12658] UL Throughput = 0.74945 Mbps
26126 ms [UE 23066] UL Throughput = 0.00000 Mbps
26126 ms [UE 42750] UL Throughput = 0.15929 Mbps
26149 ms [UE 17403] UL Throughput = 0.74680 Mbps
26149 ms [UE 10755] UL Throughput = 0.74921 Mbps
26238 ms [UE 12658] UL Throughput = 0.00000 Mbps
26238 ms [UE 23066] UL Throughput = 0.00000 Mbps
26238 ms [UE 42750] UL Throughput = 0.88343 Mbps
26249 ms [UE 17403] UL Throughput = 0.16135 Mbps
26249 ms [UE 10755] UL Throughput = 0.81969 Mbps
26347 ms [UE 12658] UL Throughput = 0.75536 Mbps
26347 ms [UE 23066] UL Throughput = 0.00000 Mbps
26347 ms [UE 42750] UL Throughput = 0.16055 Mbps
26349 ms [UE 17403] UL Throughput = 0.75775 Mbps
26349 ms [UE 10755] UL Throughput = 0.00000 Mbps
26449 ms [UE 17403] UL Throughput = 0.00000 Mbps
26449 ms [UE 10755] UL Throughput = 0.99127 Mbps
26458 ms [UE 12658] UL Throughput = 0.00000 Mbps
26458 ms [UE 23066] UL Throughput = 0.59006 Mbps
26458 ms [UE 42750] UL Throughput = 0.73763 Mbps
26559 ms [UE 17403] UL Throughput = 0.00000 Mbps
26559 ms [UE 10755] UL Throughput = 0.00000 Mbps
26567 ms [UE 12658] UL Throughput = 0.82098 Mbps
26567 ms [UE 23066] UL Throughput = 0.60415 Mbps
26567 ms [UE 42750] UL Throughput = 0.00000 Mbps
26669 ms [UE 17403] UL Throughput = 0.68973 Mbps
26669 ms [UE 10755] UL Throughput = 0.90457 Mbps
26676 ms [UE 12658] UL Throughput = 0.00000 Mbps
26676 ms [UE 23066] UL Throughput = 0.00000 Mbps
26676 ms [UE 42750] UL Throughput = 0.00000 Mbps
26772 ms [UE 17403] UL Throughput = 0.00000 Mbps
26772 ms [UE 10755] UL Throughput = 0.16891 Mbps
26776 ms [UE 12658] UL Throughput = 0.81924 Mbps
26776 ms [UE 23066] UL Throughput = 0.00000 Mbps
26776 ms [UE 42750] UL Throughput = 0.99336 Mbps
26879 ms [UE 17403] UL Throughput = 0.70801 Mbps
26879 ms [UE 10755] UL Throughput = 0.66967 Mbps
26886 ms [UE 12658] UL Throughput = 0.00000 Mbps
26886 ms [UE 23066] UL Throughput = 0.72893 Mbps
26886 ms [UE 42750] UL Throughput = 0.00000 Mbps
26979 ms [UE 17403] UL Throughput = 0.75663 Mbps
26979 ms [UE 10755] UL Throughput = 0.00000 Mbps
26986 ms [UE 12658] UL Throughput = 0.00000 Mbps
26986 ms [UE 23066] UL Throughput = 0.00000 Mbps
26986 ms [UE 42750] UL Throughput = 0.81884 Mbps
27031 ms | now=1755745439558262 us | PDCP ind_msg latency=70969691 us
27087 ms [UE 12658] UL Throughput = 0.98402 Mbps
27087 ms [UE 23066] UL Throughput = 0.64918 Mbps
27087 ms [UE 42750] UL Throughput = 0.00000 Mbps
27089 ms [UE 17403] UL Throughput = 0.00000 Mbps
27089 ms [UE 10755] UL Throughput = 0.74631 Mbps
27196 ms [UE 12658] UL Throughput = 0.00000 Mbps
27196 ms [UE 23066] UL Throughput = 0.00000 Mbps
27196 ms [UE 42750] UL Throughput = 0.00000 Mbps
27199 ms [UE 17403] UL Throughput = 0.83341 Mbps
27199 ms [UE 10755] UL Throughput = 0.74319 Mbps
27305 ms [UE 12658] UL Throughput = 0.00000 Mbps
27305 ms [UE 23066] UL Throughput = 0.53554 Mbps
27305 ms [UE 42750] UL Throughput = 0.91178 Mbps
27309 ms [UE 17403] UL Throughput = 0.00000 Mbps
27309 ms [UE 10755] UL Throughput = 0.00000 Mbps
27406 ms [UE 12658] UL Throughput = 0.99174 Mbps
27406 ms [UE 23066] UL Throughput = 0.00000 Mbps
27406 ms [UE 42750] UL Throughput = 0.00000 Mbps
27410 ms [UE 17403] UL Throughput = 0.90559 Mbps
27410 ms [UE 10755] UL Throughput = 0.80755 Mbps
27516 ms [UE 12658] UL Throughput = 0.00000 Mbps
27516 ms [UE 23066] UL Throughput = 0.00000 Mbps
27516 ms [UE 42750] UL Throughput = 0.74350 Mbps
27520 ms [UE 17403] UL Throughput = 0.00000 Mbps
27520 ms [UE 10755] UL Throughput = 0.15925 Mbps
27616 ms [UE 12658] UL Throughput = 0.98871 Mbps
27616 ms [UE 23066] UL Throughput = 0.00672 Mbps
27616 ms [UE 42750] UL Throughput = 0.81975 Mbps
27629 ms [UE 17403] UL Throughput = 0.60106 Mbps
27629 ms [UE 10755] UL Throughput = 0.75138 Mbps
27726 ms [UE 12658] UL Throughput = 0.00000 Mbps
27726 ms [UE 23066] UL Throughput = 0.00000 Mbps
27726 ms [UE 42750] UL Throughput = 0.00000 Mbps
27730 ms [UE 17403] UL Throughput = 0.66959 Mbps
27730 ms [UE 10755] UL Throughput = 0.73093 Mbps
27828 ms [UE 12658] UL Throughput = 0.97842 Mbps
27828 ms [UE 23066] UL Throughput = 0.00000 Mbps
27828 ms [UE 42750] UL Throughput = 0.80691 Mbps
27839 ms [UE 17403] UL Throughput = 0.00000 Mbps
27839 ms [UE 10755] UL Throughput = 0.00000 Mbps
27937 ms [UE 12658] UL Throughput = 0.00000 Mbps
27937 ms [UE 23066] UL Throughput = 0.13099 Mbps
27937 ms [UE 42750] UL Throughput = 0.00000 Mbps
27940 ms [UE 17403] UL Throughput = 0.16120 Mbps
27940 ms [UE 10755] UL Throughput = 0.81895 Mbps
28046 ms [UE 12658] UL Throughput = 0.00000 Mbps
28046 ms [UE 23066] UL Throughput = 1.14432 Mbps
28046 ms [UE 42750] UL Throughput = 0.00000 Mbps
28049 ms [UE 17403] UL Throughput = 0.00000 Mbps
28049 ms [UE 10755] UL Throughput = 0.15936 Mbps
28064 ms | now=1755745440591269 us | PDCP ind_msg latency=70969490 us
28149 ms [UE 17403] UL Throughput = 0.00000 Mbps
28149 ms [UE 10755] UL Throughput = 0.81878 Mbps
28156 ms [UE 12658] UL Throughput = 0.00000 Mbps
28156 ms [UE 23066] UL Throughput = 0.12965 Mbps
28156 ms [UE 42750] UL Throughput = 0.00000 Mbps
28258 ms [UE 12658] UL Throughput = 0.72369 Mbps
28258 ms [UE 23066] UL Throughput = 0.00000 Mbps
28258 ms [UE 42750] UL Throughput = 0.00000 Mbps
28260 ms [UE 17403] UL Throughput = 0.68583 Mbps
28260 ms [UE 10755] UL Throughput = 0.80636 Mbps
28367 ms [UE 12658] UL Throughput = 0.00000 Mbps
28367 ms [UE 23066] UL Throughput = 0.60531 Mbps
28367 ms [UE 42750] UL Throughput = 0.68101 Mbps
28369 ms [UE 17403] UL Throughput = 0.00000 Mbps
28369 ms [UE 10755] UL Throughput = 0.00000 Mbps
28476 ms [UE 12658] UL Throughput = 0.15947 Mbps
28476 ms [UE 23066] UL Throughput = 0.00000 Mbps
28476 ms [UE 42750] UL Throughput = 0.00000 Mbps
28479 ms [UE 17403] UL Throughput = 0.68793 Mbps
28479 ms [UE 10755] UL Throughput = 0.90221 Mbps
28586 ms [UE 12658] UL Throughput = 0.74699 Mbps
28586 ms [UE 23066] UL Throughput = 0.55089 Mbps
28586 ms [UE 42750] UL Throughput = 0.00000 Mbps
28591 ms [UE 17403] UL Throughput = 0.00000 Mbps
28591 ms [UE 10755] UL Throughput = 0.00000 Mbps
28696 ms [UE 12658] UL Throughput = 0.65004 Mbps
28696 ms [UE 23066] UL Throughput = 0.00000 Mbps
28696 ms [UE 42750] UL Throughput = 0.90132 Mbps
28699 ms [UE 17403] UL Throughput = 0.85230 Mbps
28699 ms [UE 10755] UL Throughput = 0.76003 Mbps
28796 ms [UE 12658] UL Throughput = 0.00000 Mbps
28796 ms [UE 23066] UL Throughput = 0.00000 Mbps
28796 ms [UE 42750] UL Throughput = 0.00000 Mbps
28809 ms [UE 17403] UL Throughput = 0.83985 Mbps
28809 ms [UE 10755] UL Throughput = 0.74893 Mbps
28899 ms [UE 12658] UL Throughput = 0.00000 Mbps
28899 ms [UE 23066] UL Throughput = 0.77850 Mbps
28899 ms [UE 42750] UL Throughput = 0.79853 Mbps
28909 ms [UE 17403] UL Throughput = 0.00000 Mbps
28909 ms [UE 10755] UL Throughput = 0.00000 Mbps
29006 ms [UE 12658] UL Throughput = 0.92840 Mbps
29006 ms [UE 23066] UL Throughput = 0.00000 Mbps
29006 ms [UE 42750] UL Throughput = 0.00000 Mbps
29019 ms [UE 17403] UL Throughput = 0.68828 Mbps
29019 ms [UE 10755] UL Throughput = 0.80924 Mbps
29106 ms [UE 12658] UL Throughput = 0.00000 Mbps
29106 ms [UE 23066] UL Throughput = 0.00000 Mbps
29106 ms [UE 42750] UL Throughput = 0.81508 Mbps
29109 ms | now=1755745441636203 us | PDCP ind_msg latency=70969640 us
29121 ms [UE 17403] UL Throughput = 0.00000 Mbps
29121 ms [UE 10755] UL Throughput = 0.00000 Mbps
29216 ms [UE 12658] UL Throughput = 0.74766 Mbps
29216 ms [UE 23066] UL Throughput = 0.72891 Mbps
29216 ms [UE 42750] UL Throughput = 0.00000 Mbps
29229 ms [UE 17403] UL Throughput = 0.69896 Mbps
29229 ms [UE 10755] UL Throughput = 0.91668 Mbps
29317 ms [UE 12658] UL Throughput = 0.00000 Mbps
29317 ms [UE 23066] UL Throughput = 0.00000 Mbps
29317 ms [UE 42750] UL Throughput = 0.17314 Mbps
29339 ms [UE 17403] UL Throughput = 0.14680 Mbps
29339 ms [UE 10755] UL Throughput = 0.74579 Mbps
29426 ms [UE 12658] UL Throughput = 0.00000 Mbps
29426 ms [UE 23066] UL Throughput = 0.53423 Mbps
29426 ms [UE 42750] UL Throughput = 0.75011 Mbps
29449 ms [UE 17403] UL Throughput = 0.68870 Mbps
29449 ms [UE 10755] UL Throughput = 0.00000 Mbps
29536 ms [UE 12658] UL Throughput = 0.90033 Mbps
29536 ms [UE 23066] UL Throughput = 0.59396 Mbps
29536 ms [UE 42750] UL Throughput = 0.00000 Mbps
29559 ms [UE 17403] UL Throughput = 0.68940 Mbps
29559 ms [UE 10755] UL Throughput = 0.90414 Mbps
29636 ms [UE 12658] UL Throughput = 0.00000 Mbps
29636 ms [UE 23066] UL Throughput = 0.00000 Mbps
29636 ms [UE 42750] UL Throughput = 0.00000 Mbps
29659 ms [UE 17403] UL Throughput = 0.00000 Mbps
29659 ms [UE 10755] UL Throughput = 0.00000 Mbps
29737 ms [UE 12658] UL Throughput = 0.81721 Mbps
29737 ms [UE 23066] UL Throughput = 0.00000 Mbps
29737 ms [UE 42750] UL Throughput = 0.99091 Mbps
29769 ms [UE 17403] UL Throughput = 0.59409 Mbps
29769 ms [UE 10755] UL Throughput = 0.74266 Mbps
29848 ms [UE 12658] UL Throughput = 0.00000 Mbps
29848 ms [UE 23066] UL Throughput = 0.71769 Mbps
29848 ms [UE 42750] UL Throughput = 0.73615 Mbps
29870 ms [UE 17403] UL Throughput = 0.00000 Mbps
29870 ms [UE 10755] UL Throughput = 0.00000 Mbps
29956 ms [UE 12658] UL Throughput = 0.00000 Mbps
29956 ms [UE 23066] UL Throughput = 0.00000 Mbps
29956 ms [UE 42750] UL Throughput = 0.00000 Mbps
29979 ms [UE 17403] UL Throughput = 0.69358 Mbps
29979 ms [UE 10755] UL Throughput = 0.90962 Mbps
30066 ms [UE 12658] UL Throughput = 0.90575 Mbps
30066 ms [UE 23066] UL Throughput = 0.53201 Mbps
30066 ms [UE 42750] UL Throughput = 0.00000 Mbps
30089 ms [UE 17403] UL Throughput = 0.14653 Mbps
30089 ms [UE 10755] UL Throughput = 0.74441 Mbps
30136 ms | now=1755745442663169 us | PDCP ind_msg latency=70969558 us
30166 ms [UE 12658] UL Throughput = 0.00000 Mbps
30166 ms [UE 23066] UL Throughput = 0.00000 Mbps
30166 ms [UE 42750] UL Throughput = 0.99389 Mbps
30199 ms [UE 17403] UL Throughput = 0.00000 Mbps
30199 ms [UE 10755] UL Throughput = 0.00000 Mbps
30266 ms [UE 12658] UL Throughput = 0.81759 Mbps
30266 ms [UE 23066] UL Throughput = 0.00000 Mbps
30266 ms [UE 42750] UL Throughput = 0.00000 Mbps
30309 ms [UE 17403] UL Throughput = 0.69112 Mbps
30309 ms [UE 10755] UL Throughput = 0.90640 Mbps
30366 ms [UE 12658] UL Throughput = 0.00000 Mbps
30366 ms [UE 23066] UL Throughput = 0.79527 Mbps
30366 ms [UE 42750] UL Throughput = 0.00000 Mbps
30414 ms [UE 17403] UL Throughput = 0.00000 Mbps
30414 ms [UE 10755] UL Throughput = 0.00000 Mbps
30476 ms [UE 12658] UL Throughput = 0.00000 Mbps
30476 ms [UE 23066] UL Throughput = 0.00000 Mbps
30476 ms [UE 42750] UL Throughput = 0.75127 Mbps
30519 ms [UE 17403] UL Throughput = 0.72526 Mbps
30519 ms [UE 10755] UL Throughput = 0.85272 Mbps
30576 ms [UE 12658] UL Throughput = 0.98523 Mbps
30576 ms [UE 23066] UL Throughput = 0.64998 Mbps
30576 ms [UE 42750] UL Throughput = 0.00000 Mbps
30619 ms [UE 17403] UL Throughput = 0.16106 Mbps
30619 ms [UE 10755] UL Throughput = 0.00000 Mbps
30686 ms [UE 12658] UL Throughput = 0.00000 Mbps
30686 ms [UE 23066] UL Throughput = 0.00000 Mbps
30686 ms [UE 42750] UL Throughput = 0.15908 Mbps
30729 ms [UE 17403] UL Throughput = 0.61364 Mbps
30729 ms [UE 10755] UL Throughput = 0.00000 Mbps
30796 ms [UE 12658] UL Throughput = 0.65122 Mbps
30796 ms [UE 23066] UL Throughput = 0.00000 Mbps
30796 ms [UE 42750] UL Throughput = 0.74468 Mbps
30830 ms [UE 17403] UL Throughput = 0.75632 Mbps
30830 ms [UE 10755] UL Throughput = 0.17387 Mbps
30896 ms [UE 12658] UL Throughput = 0.00000 Mbps
30896 ms [UE 23066] UL Throughput = 0.74619 Mbps
30896 ms [UE 42750] UL Throughput = 0.00000 Mbps
30939 ms [UE 17403] UL Throughput = 0.00000 Mbps
30939 ms [UE 10755] UL Throughput = 0.74886 Mbps
31006 ms [UE 12658] UL Throughput = 0.15860 Mbps
31006 ms [UE 23066] UL Throughput = 0.00000 Mbps
31006 ms [UE 42750] UL Throughput = 0.00000 Mbps
31049 ms [UE 17403] UL Throughput = 0.83577 Mbps
31049 ms [UE 10755] UL Throughput = 0.67074 Mbps
31116 ms [UE 12658] UL Throughput = 0.67379 Mbps
31116 ms [UE 23066] UL Throughput = 0.59890 Mbps
31116 ms [UE 42750] UL Throughput = 0.00000 Mbps
31149 ms [UE 17403] UL Throughput = 0.00000 Mbps
31149 ms [UE 10755] UL Throughput = 0.00000 Mbps
31170 ms | now=1755745443697304 us | PDCP ind_msg latency=70969679 us
31216 ms [UE 12658] UL Throughput = 0.17405 Mbps
31216 ms [UE 23066] UL Throughput = 0.65504 Mbps
31216 ms [UE 42750] UL Throughput = 0.73695 Mbps
31260 ms [UE 17403] UL Throughput = 0.59470 Mbps
31260 ms [UE 10755] UL Throughput = 0.90145 Mbps
31317 ms [UE 12658] UL Throughput = 0.17291 Mbps
31317 ms [UE 23066] UL Throughput = 0.00000 Mbps
31317 ms [UE 42750] UL Throughput = 0.00000 Mbps
31369 ms [UE 17403] UL Throughput = 0.14776 Mbps
31369 ms [UE 10755] UL Throughput = 0.00000 Mbps
31426 ms [UE 12658] UL Throughput = 0.65230 Mbps
31426 ms [UE 23066] UL Throughput = 0.00000 Mbps
31426 ms [UE 42750] UL Throughput = 0.74591 Mbps
31469 ms [UE 17403] UL Throughput = 0.75727 Mbps
31469 ms [UE 10755] UL Throughput = 0.81906 Mbps
31537 ms [UE 12658] UL Throughput = 0.74281 Mbps
31537 ms [UE 23066] UL Throughput = 0.72418 Mbps
31537 ms [UE 42750] UL Throughput = 0.00000 Mbps
31580 ms [UE 17403] UL Throughput = 0.00000 Mbps
31580 ms [UE 10755] UL Throughput = 0.89706 Mbps
31646 ms [UE 12658] UL Throughput = 0.00000 Mbps
31646 ms [UE 23066] UL Throughput = 0.00000 Mbps
31646 ms [UE 42750] UL Throughput = 0.91021 Mbps
31689 ms [UE 17403] UL Throughput = 0.00000 Mbps
31689 ms [UE 10755] UL Throughput = 0.00000 Mbps
31746 ms [UE 12658] UL Throughput = 0.00000 Mbps
31746 ms [UE 23066] UL Throughput = 0.00000 Mbps
31746 ms [UE 42750] UL Throughput = 0.00000 Mbps
31789 ms [UE 17403] UL Throughput = 0.91899 Mbps
31789 ms [UE 10755] UL Throughput = 0.81950 Mbps
31856 ms [UE 12658] UL Throughput = 0.90823 Mbps
31856 ms [UE 23066] UL Throughput = 0.00000 Mbps
31856 ms [UE 42750] UL Throughput = 0.74902 Mbps
31899 ms [UE 17403] UL Throughput = 0.00000 Mbps
31899 ms [UE 10755] UL Throughput = 0.15812 Mbps
31967 ms [UE 12658] UL Throughput = 0.00000 Mbps
31967 ms [UE 23066] UL Throughput = 0.00000 Mbps
31967 ms [UE 42750] UL Throughput = 0.00000 Mbps
31999 ms [UE 17403] UL Throughput = 0.75750 Mbps
31999 ms [UE 10755] UL Throughput = 0.71649 Mbps
32076 ms [UE 12658] UL Throughput = 0.15999 Mbps
32076 ms [UE 23066] UL Throughput = 0.60213 Mbps
32076 ms [UE 42750] UL Throughput = 0.65825 Mbps
32109 ms [UE 17403] UL Throughput = 0.69318 Mbps
32109 ms [UE 10755] UL Throughput = 0.15936 Mbps
32176 ms [UE 12658] UL Throughput = 0.99328 Mbps
32176 ms [UE 23066] UL Throughput = 0.65529 Mbps
32176 ms [UE 42750] UL Throughput = 0.00000 Mbps
32205 ms | now=1755745444731984 us | PDCP ind_msg latency=70969351 us
32209 ms [UE 17403] UL Throughput = 0.00000 Mbps
32209 ms [UE 10755] UL Throughput = 0.81586 Mbps
32286 ms [UE 12658] UL Throughput = 0.00000 Mbps
32286 ms [UE 23066] UL Throughput = 0.00000 Mbps
32286 ms [UE 42750] UL Throughput = 0.00000 Mbps
32310 ms [UE 17403] UL Throughput = 0.91538 Mbps
32310 ms [UE 10755] UL Throughput = 0.81628 Mbps
32396 ms [UE 12658] UL Throughput = 0.74444 Mbps
32396 ms [UE 23066] UL Throughput = 0.00000 Mbps
32396 ms [UE 42750] UL Throughput = 0.90268 Mbps
32411 ms [UE 17403] UL Throughput = 0.00000 Mbps
32411 ms [UE 10755] UL Throughput = 0.00000 Mbps
32506 ms [UE 12658] UL Throughput = 0.00000 Mbps
32506 ms [UE 23066] UL Throughput = 0.72412 Mbps
32506 ms [UE 42750] UL Throughput = 0.00000 Mbps
32519 ms [UE 17403] UL Throughput = 0.70204 Mbps
32519 ms [UE 10755] UL Throughput = 0.92072 Mbps
32616 ms [UE 12658] UL Throughput = 0.00000 Mbps
32616 ms [UE 23066] UL Throughput = 0.00000 Mbps
32616 ms [UE 42750] UL Throughput = 0.74585 Mbps
32619 ms [UE 17403] UL Throughput = 0.16082 Mbps
32619 ms [UE 10755] UL Throughput = 0.00000 Mbps
32726 ms [UE 12658] UL Throughput = 0.90714 Mbps
32726 ms [UE 23066] UL Throughput = 0.53282 Mbps
32726 ms [UE 42750] UL Throughput = 0.00000 Mbps
32729 ms [UE 17403] UL Throughput = 0.59713 Mbps
32729 ms [UE 10755] UL Throughput = 0.74647 Mbps
32828 ms [UE 12658] UL Throughput = 0.00000 Mbps
32828 ms [UE 23066] UL Throughput = 0.00000 Mbps
32828 ms [UE 42750] UL Throughput = 0.97296 Mbps
32839 ms [UE 17403] UL Throughput = 0.68899 Mbps
32839 ms [UE 10755] UL Throughput = 0.15839 Mbps
32936 ms [UE 12658] UL Throughput = 0.75943 Mbps
32936 ms [UE 23066] UL Throughput = 0.00000 Mbps
32936 ms [UE 42750] UL Throughput = 0.00000 Mbps
32949 ms [UE 17403] UL Throughput = 0.00000 Mbps
32949 ms [UE 10755] UL Throughput = 0.74568 Mbps
33046 ms [UE 12658] UL Throughput = 0.00000 Mbps
33046 ms [UE 23066] UL Throughput = 0.72733 Mbps
33046 ms [UE 42750] UL Throughput = 0.74604 Mbps
33059 ms [UE 17403] UL Throughput = 0.83754 Mbps
33059 ms [UE 10755] UL Throughput = 0.74687 Mbps
33146 ms [UE 12658] UL Throughput = 0.98918 Mbps
33146 ms [UE 23066] UL Throughput = 0.00000 Mbps
33146 ms [UE 42750] UL Throughput = 0.00000 Mbps
33159 ms [UE 17403] UL Throughput = 0.00000 Mbps
33159 ms [UE 10755] UL Throughput = 0.00000 Mbps
33234 ms | now=1755745445761035 us | PDCP ind_msg latency=70969464 us
33256 ms [UE 12658] UL Throughput = 0.00000 Mbps
33256 ms [UE 23066] UL Throughput = 0.59444 Mbps
33256 ms [UE 42750] UL Throughput = 0.00000 Mbps
33259 ms [UE 17403] UL Throughput = 0.00000 Mbps
33259 ms [UE 10755] UL Throughput = 0.99287 Mbps
33366 ms [UE 12658] UL Throughput = 0.65411 Mbps
33366 ms [UE 23066] UL Throughput = 0.00000 Mbps
33366 ms [UE 42750] UL Throughput = 0.90697 Mbps
33369 ms [UE 17403] UL Throughput = 0.14784 Mbps
33369 ms [UE 10755] UL Throughput = 0.00000 Mbps
33469 ms [UE 17403] UL Throughput = 0.65545 Mbps
33469 ms [UE 10755] UL Throughput = 0.81937 Mbps
33476 ms [UE 12658] UL Throughput = 0.00000 Mbps
33476 ms [UE 23066] UL Throughput = 0.68023 Mbps
33476 ms [UE 42750] UL Throughput = 0.00000 Mbps
33569 ms [UE 17403] UL Throughput = 0.00000 Mbps
33569 ms [UE 10755] UL Throughput = 0.00000 Mbps
33586 ms [UE 12658] UL Throughput = 0.00000 Mbps
33586 ms [UE 23066] UL Throughput = 0.00000 Mbps
33586 ms [UE 42750] UL Throughput = 0.00000 Mbps
33669 ms [UE 17403] UL Throughput = 0.00000 Mbps
33669 ms [UE 10755] UL Throughput = 0.73580 Mbps
33686 ms [UE 12658] UL Throughput = 0.91120 Mbps
33686 ms [UE 23066] UL Throughput = 0.65518 Mbps
33686 ms [UE 42750] UL Throughput = 0.00000 Mbps
33770 ms [UE 17403] UL Throughput = 0.75648 Mbps
33770 ms [UE 10755] UL Throughput = 0.17391 Mbps
33786 ms [UE 12658] UL Throughput = 0.00000 Mbps
33786 ms [UE 23066] UL Throughput = 0.00000 Mbps
33786 ms [UE 42750] UL Throughput = 0.00000 Mbps
33879 ms [UE 17403] UL Throughput = 0.69254 Mbps
33879 ms [UE 10755] UL Throughput = 0.00000 Mbps
33886 ms [UE 12658] UL Throughput = 0.17419 Mbps
33886 ms [UE 23066] UL Throughput = 0.65556 Mbps
33886 ms [UE 42750] UL Throughput = 0.73754 Mbps
33979 ms [UE 17403] UL Throughput = 0.00000 Mbps
33979 ms [UE 10755] UL Throughput = 0.90961 Mbps
33997 ms [UE 12658] UL Throughput = 0.15728 Mbps
33997 ms [UE 23066] UL Throughput = 0.00000 Mbps
33997 ms [UE 42750] UL Throughput = 0.00000 Mbps
34082 ms [UE 17403] UL Throughput = 0.00000 Mbps
34082 ms [UE 10755] UL Throughput = 0.00000 Mbps
34097 ms [UE 12658] UL Throughput = 0.81786 Mbps
34097 ms [UE 23066] UL Throughput = 0.00000 Mbps
34097 ms [UE 42750] UL Throughput = 0.71522 Mbps
34184 ms [UE 17403] UL Throughput = 0.79993 Mbps
34184 ms [UE 10755] UL Throughput = 0.80251 Mbps
34207 ms [UE 12658] UL Throughput = 0.00000 Mbps
34207 ms [UE 23066] UL Throughput = 0.13062 Mbps
34207 ms [UE 42750] UL Throughput = 0.00000 Mbps
34263 ms | now=1755745446790801 us | PDCP ind_msg latency=70971164 us
34289 ms [UE 17403] UL Throughput = 0.00000 Mbps
34289 ms [UE 10755] UL Throughput = 0.16551 Mbps
34316 ms [UE 12658] UL Throughput = 0.00000 Mbps
34316 ms [UE 23066] UL Throughput = 0.00000 Mbps
34316 ms [UE 42750] UL Throughput = 0.74978 Mbps
34390 ms [UE 17403] UL Throughput = 0.75086 Mbps
34390 ms [UE 10755] UL Throughput = 0.81213 Mbps
34427 ms [UE 12658] UL Throughput = 0.89666 Mbps
34427 ms [UE 23066] UL Throughput = 0.00000 Mbps
34427 ms [UE 42750] UL Throughput = 0.00000 Mbps
34499 ms [UE 17403] UL Throughput = 0.14759 Mbps
34499 ms [UE 10755] UL Throughput = 0.00000 Mbps
34536 ms [UE 12658] UL Throughput = 0.00000 Mbps
34536 ms [UE 23066] UL Throughput = 0.60153 Mbps
34536 ms [UE 42750] UL Throughput = 0.00000 Mbps
34610 ms [UE 17403] UL Throughput = 0.68601 Mbps
34610 ms [UE 10755] UL Throughput = 0.74199 Mbps
34636 ms [UE 12658] UL Throughput = 0.00000 Mbps
34636 ms [UE 23066] UL Throughput = 0.65433 Mbps
34636 ms [UE 42750] UL Throughput = 0.99183 Mbps
34720 ms [UE 17403] UL Throughput = 0.83425 Mbps
34720 ms [UE 10755] UL Throughput = 0.74393 Mbps
34746 ms [UE 12658] UL Throughput = 0.00000 Mbps
34746 ms [UE 23066] UL Throughput = 0.00000 Mbps
34746 ms [UE 42750] UL Throughput = 0.00000 Mbps
34830 ms [UE 17403] UL Throughput = 0.00000 Mbps
34830 ms [UE 10755] UL Throughput = 0.15825 Mbps
34857 ms [UE 12658] UL Throughput = 0.89736 Mbps
34857 ms [UE 23066] UL Throughput = 0.00000 Mbps
34857 ms [UE 42750] UL Throughput = 0.64718 Mbps
34941 ms [UE 17403] UL Throughput = 0.59043 Mbps
34941 ms [UE 10755] UL Throughput = 0.73810 Mbps
34966 ms [UE 12658] UL Throughput = 0.90933 Mbps
34966 ms [UE 23066] UL Throughput = 0.59990 Mbps
34966 ms [UE 42750] UL Throughput = 0.00000 Mbps
35049 ms [UE 17403] UL Throughput = 0.85013 Mbps
35049 ms [UE 10755] UL Throughput = 0.75810 Mbps
35076 ms [UE 12658] UL Throughput = 0.00000 Mbps
35076 ms [UE 23066] UL Throughput = 0.00000 Mbps
35076 ms [UE 42750] UL Throughput = 0.00000 Mbps
35159 ms [UE 17403] UL Throughput = 0.00000 Mbps
35159 ms [UE 10755] UL Throughput = 0.00000 Mbps
35176 ms [UE 12658] UL Throughput = 0.81842 Mbps
35176 ms [UE 23066] UL Throughput = 0.00000 Mbps
35176 ms [UE 42750] UL Throughput = 0.99237 Mbps
35260 ms [UE 17403] UL Throughput = 0.00000 Mbps
35260 ms [UE 10755] UL Throughput = 0.98877 Mbps
35286 ms [UE 12658] UL Throughput = 0.00000 Mbps
35286 ms [UE 23066] UL Throughput = 0.72526 Mbps
35286 ms [UE 42750] UL Throughput = 0.00000 Mbps
35289 ms | now=1755745447816280 us | PDCP ind_msg latency=70969650 us
35369 ms [UE 17403] UL Throughput = 0.14727 Mbps
35369 ms [UE 10755] UL Throughput = 0.00000 Mbps
35396 ms [UE 12658] UL Throughput = 0.00000 Mbps
35396 ms [UE 23066] UL Throughput = 0.00000 Mbps
35396 ms [UE 42750] UL Throughput = 0.74830 Mbps
35469 ms [UE 17403] UL Throughput = 0.75777 Mbps
35469 ms [UE 10755] UL Throughput = 0.81960 Mbps
35496 ms [UE 12658] UL Throughput = 0.98952 Mbps
35496 ms [UE 23066] UL Throughput = 0.58121 Mbps
35496 ms [UE 42750] UL Throughput = 0.00000 Mbps
35580 ms [UE 17403] UL Throughput = 0.68088 Mbps
35580 ms [UE 10755] UL Throughput = 0.15653 Mbps
35606 ms [UE 12658] UL Throughput = 0.00000 Mbps
35606 ms [UE 23066] UL Throughput = 0.59892 Mbps
35606 ms [UE 42750] UL Throughput = 0.90785 Mbps
35689 ms [UE 17403] UL Throughput = 0.00000 Mbps
35689 ms [UE 10755] UL Throughput = 0.66055 Mbps
35716 ms [UE 12658] UL Throughput = 0.00000 Mbps
35716 ms [UE 23066] UL Throughput = 0.00000 Mbps
35716 ms [UE 42750] UL Throughput = 0.00000 Mbps
35790 ms [UE 17403] UL Throughput = 0.75362 Mbps
35790 ms [UE 10755] UL Throughput = 0.98837 Mbps
35817 ms [UE 12658] UL Throughput = 0.98589 Mbps
35817 ms [UE 23066] UL Throughput = 0.00000 Mbps
35817 ms [UE 42750] UL Throughput = 0.81307 Mbps
35900 ms [UE 17403] UL Throughput = 0.00000 Mbps
35900 ms [UE 10755] UL Throughput = 0.00000 Mbps
35927 ms [UE 12658] UL Throughput = 0.00000 Mbps
35927 ms [UE 23066] UL Throughput = 0.13012 Mbps
35927 ms [UE 42750] UL Throughput = 0.00000 Mbps
36009 ms [UE 17403] UL Throughput = 0.14815 Mbps
36009 ms [UE 10755] UL Throughput = 0.75266 Mbps
36036 ms [UE 12658] UL Throughput = 0.75147 Mbps
36036 ms [UE 23066] UL Throughput = 0.60113 Mbps
36036 ms [UE 42750] UL Throughput = 0.00000 Mbps
36109 ms [UE 17403] UL Throughput = 0.00000 Mbps
36109 ms [UE 10755] UL Throughput = 0.00000 Mbps
36136 ms [UE 12658] UL Throughput = 0.00000 Mbps
36136 ms [UE 23066] UL Throughput = 0.00000 Mbps
36136 ms [UE 42750] UL Throughput = 0.99199 Mbps
36209 ms [UE 17403] UL Throughput = 0.75723 Mbps
36209 ms [UE 10755] UL Throughput = 0.99310 Mbps
36236 ms [UE 12658] UL Throughput = 0.00000 Mbps
36236 ms [UE 23066] UL Throughput = 0.58343 Mbps
36236 ms [UE 42750] UL Throughput = 0.00000 Mbps
36310 ms [UE 17403] UL Throughput = 0.75402 Mbps
36310 ms [UE 10755] UL Throughput = 0.17334 Mbps
36334 ms | now=1755745448861300 us | PDCP ind_msg latency=70969626 us
36346 ms [UE 12658] UL Throughput = 0.83200 Mbps
36346 ms [UE 23066] UL Throughput = 0.00000 Mbps
36346 ms [UE 42750] UL Throughput = 0.00000 Mbps
36419 ms [UE 17403] UL Throughput = 0.00000 Mbps
36419 ms [UE 10755] UL Throughput = 0.65429 Mbps
36456 ms [UE 12658] UL Throughput = 0.00000 Mbps
36456 ms [UE 23066] UL Throughput = 0.00000 Mbps
36456 ms [UE 42750] UL Throughput = 0.00000 Mbps
36529 ms [UE 17403] UL Throughput = 0.76228 Mbps
36529 ms [UE 10755] UL Throughput = 0.00000 Mbps
36556 ms [UE 12658] UL Throughput = 0.81603 Mbps
36556 ms [UE 23066] UL Throughput = 0.60181 Mbps
36556 ms [UE 42750] UL Throughput = 0.00000 Mbps
36629 ms [UE 17403] UL Throughput = 0.00000 Mbps
36629 ms [UE 10755] UL Throughput = 0.00000 Mbps
36668 ms [UE 12658] UL Throughput = 0.00000 Mbps
36668 ms [UE 23066] UL Throughput = 0.12866 Mbps
36668 ms [UE 42750] UL Throughput = 0.00000 Mbps
36739 ms [UE 17403] UL Throughput = 0.69242 Mbps
36739 ms [UE 10755] UL Throughput = 0.90810 Mbps
36776 ms [UE 12658] UL Throughput = 0.00000 Mbps
36776 ms [UE 23066] UL Throughput = 0.00000 Mbps
36776 ms [UE 42750] UL Throughput = 0.68217 Mbps
36839 ms [UE 17403] UL Throughput = 0.16058 Mbps
36839 ms [UE 10755] UL Throughput = 0.00000 Mbps
36876 ms [UE 12658] UL Throughput = 0.81754 Mbps
36876 ms [UE 23066] UL Throughput = 0.14305 Mbps
36876 ms [UE 42750] UL Throughput = 0.00000 Mbps
36949 ms [UE 17403] UL Throughput = 0.00000 Mbps
36949 ms [UE 10755] UL Throughput = 0.67107 Mbps
36976 ms [UE 12658] UL Throughput = 0.00000 Mbps
36976 ms [UE 23066] UL Throughput = 0.00000 Mbps
36976 ms [UE 42750] UL Throughput = 0.71486 Mbps
37059 ms [UE 17403] UL Throughput = 0.59829 Mbps
37059 ms [UE 10755] UL Throughput = 0.90689 Mbps
37086 ms [UE 12658] UL Throughput = 0.15869 Mbps
37086 ms [UE 23066] UL Throughput = 0.59722 Mbps
37086 ms [UE 42750] UL Throughput = 0.74658 Mbps
37161 ms [UE 17403] UL Throughput = 0.00000 Mbps
37161 ms [UE 10755] UL Throughput = 0.00000 Mbps
37186 ms [UE 12658] UL Throughput = 0.00000 Mbps
37186 ms [UE 23066] UL Throughput = 0.00000 Mbps
37186 ms [UE 42750] UL Throughput = 0.00000 Mbps
37269 ms [UE 17403] UL Throughput = 0.70054 Mbps
37269 ms [UE 10755] UL Throughput = 0.91875 Mbps
37286 ms [UE 12658] UL Throughput = 0.00000 Mbps
37286 ms [UE 23066] UL Throughput = 0.79138 Mbps
37286 ms [UE 42750] UL Throughput = 0.81961 Mbps
37370 ms [UE 17403] UL Throughput = 0.00000 Mbps
37370 ms [UE 10755] UL Throughput = 0.00000 Mbps
37387 ms | now=1755745449913869 us | PDCP ind_msg latency=70970245 us
37396 ms [UE 12658] UL Throughput = 0.90831 Mbps
37396 ms [UE 23066] UL Throughput = 0.00000 Mbps
37396 ms [UE 42750] UL Throughput = 0.00000 Mbps
37479 ms [UE 17403] UL Throughput = 0.84491 Mbps
37479 ms [UE 10755] UL Throughput = 0.75344 Mbps
37507 ms [UE 12658] UL Throughput = 0.73832 Mbps
37507 ms [UE 23066] UL Throughput = 0.00000 Mbps
37507 ms [UE 42750] UL Throughput = 0.00000 Mbps
37579 ms [UE 17403] UL Throughput = 0.75734 Mbps
37579 ms [UE 10755] UL Throughput = 0.17411 Mbps
37616 ms [UE 12658] UL Throughput = 0.00778 Mbps
37616 ms [UE 23066] UL Throughput = 0.00000 Mbps
37616 ms [UE 42750] UL Throughput = 0.00000 Mbps
37689 ms [UE 17403] UL Throughput = 0.00000 Mbps
37689 ms [UE 10755] UL Throughput = 0.74429 Mbps
37726 ms [UE 12658] UL Throughput = 0.00000 Mbps
37726 ms [UE 23066] UL Throughput = 0.59773 Mbps
37726 ms [UE 42750] UL Throughput = 0.65344 Mbps
37799 ms [UE 17403] UL Throughput = 0.74103 Mbps
37799 ms [UE 10755] UL Throughput = 0.74343 Mbps
37826 ms [UE 12658] UL Throughput = 0.98989 Mbps
37826 ms [UE 23066] UL Throughput = 0.65305 Mbps
37826 ms [UE 42750] UL Throughput = 0.00000 Mbps
37909 ms [UE 17403] UL Throughput = 0.00000 Mbps
37909 ms [UE 10755] UL Throughput = 0.00000 Mbps
37926 ms [UE 12658] UL Throughput = 0.00000 Mbps
37926 ms [UE 23066] UL Throughput = 0.00000 Mbps
37926 ms [UE 42750] UL Throughput = 0.00000 Mbps
38019 ms [UE 17403] UL Throughput = 0.83744 Mbps
38019 ms [UE 10755] UL Throughput = 0.74678 Mbps
38036 ms [UE 12658] UL Throughput = 0.74612 Mbps
38036 ms [UE 23066] UL Throughput = 0.00000 Mbps
38036 ms [UE 42750] UL Throughput = 0.89991 Mbps
38129 ms [UE 17403] UL Throughput = 0.68860 Mbps
38129 ms [UE 10755] UL Throughput = 0.15830 Mbps
38136 ms [UE 12658] UL Throughput = 0.00000 Mbps
38136 ms [UE 23066] UL Throughput = 0.00000 Mbps
38136 ms [UE 42750] UL Throughput = 0.00000 Mbps
38229 ms [UE 17403] UL Throughput = 0.00000 Mbps
38229 ms [UE 10755] UL Throughput = 0.81868 Mbps
38236 ms [UE 12658] UL Throughput = 0.00000 Mbps
38236 ms [UE 23066] UL Throughput = 0.79782 Mbps
38236 ms [UE 42750] UL Throughput = 0.81834 Mbps
38339 ms [UE 17403] UL Throughput = 0.84005 Mbps
38339 ms [UE 10755] UL Throughput = 0.74910 Mbps
38346 ms [UE 12658] UL Throughput = 0.00000 Mbps
38346 ms [UE 23066] UL Throughput = 0.00000 Mbps
38346 ms [UE 42750] UL Throughput = 0.00000 Mbps
38424 ms | now=1755745450951532 us | PDCP ind_msg latency=70969901 us
38440 ms [UE 17403] UL Throughput = 0.00000 Mbps
38440 ms [UE 10755] UL Throughput = 0.00000 Mbps
38446 ms [UE 12658] UL Throughput = 0.99374 Mbps
38446 ms [UE 23066] UL Throughput = 0.58369 Mbps
38446 ms [UE 42750] UL Throughput = 0.00000 Mbps
38549 ms [UE 17403] UL Throughput = 0.00000 Mbps
38549 ms [UE 10755] UL Throughput = 0.82216 Mbps
38557 ms [UE 12658] UL Throughput = 0.00000 Mbps
38557 ms [UE 23066] UL Throughput = 0.00000 Mbps
38557 ms [UE 42750] UL Throughput = 0.00000 Mbps
38649 ms [UE 17403] UL Throughput = 0.00000 Mbps
38649 ms [UE 10755] UL Throughput = 0.00000 Mbps
38666 ms [UE 12658] UL Throughput = 0.75659 Mbps
38666 ms [UE 23066] UL Throughput = 0.00000 Mbps
38666 ms [UE 42750] UL Throughput = 0.91740 Mbps
38759 ms [UE 17403] UL Throughput = 0.68964 Mbps
38759 ms [UE 10755] UL Throughput = 0.90445 Mbps
38767 ms [UE 12658] UL Throughput = 0.00000 Mbps
38767 ms [UE 23066] UL Throughput = 0.79287 Mbps
38767 ms [UE 42750] UL Throughput = 0.00000 Mbps
38859 ms [UE 17403] UL Throughput = 0.75781 Mbps
38859 ms [UE 10755] UL Throughput = 0.17422 Mbps
38867 ms [UE 12658] UL Throughput = 0.00000 Mbps
38867 ms [UE 23066] UL Throughput = 0.00000 Mbps
38867 ms [UE 42750] UL Throughput = 0.81677 Mbps
38967 ms [UE 12658] UL Throughput = 0.99355 Mbps
38967 ms [UE 23066] UL Throughput = 0.65547 Mbps
38967 ms [UE 42750] UL Throughput = 0.00000 Mbps
38969 ms [UE 17403] UL Throughput = 0.00000 Mbps
38969 ms [UE 10755] UL Throughput = 0.74588 Mbps
39076 ms [UE 12658] UL Throughput = 0.00000 Mbps
39076 ms [UE 23066] UL Throughput = 0.00000 Mbps
39076 ms [UE 42750] UL Throughput = 0.15983 Mbps
39079 ms [UE 17403] UL Throughput = 0.83645 Mbps
39079 ms [UE 10755] UL Throughput = 0.74589 Mbps
39187 ms [UE 12658] UL Throughput = 0.64595 Mbps
39187 ms [UE 23066] UL Throughput = 0.00000 Mbps
39187 ms [UE 42750] UL Throughput = 0.73865 Mbps
39190 ms [UE 17403] UL Throughput = 0.00000 Mbps
39190 ms [UE 10755] UL Throughput = 0.00000 Mbps
39296 ms [UE 12658] UL Throughput = 0.00000 Mbps
39296 ms [UE 23066] UL Throughput = 0.13182 Mbps
39296 ms [UE 42750] UL Throughput = 0.00000 Mbps
39299 ms [UE 17403] UL Throughput = 0.75000 Mbps
39299 ms [UE 10755] UL Throughput = 0.75243 Mbps
39396 ms [UE 12658] UL Throughput = 0.00000 Mbps
39396 ms [UE 23066] UL Throughput = 0.00000 Mbps
39396 ms [UE 42750] UL Throughput = 0.00000 Mbps
39400 ms [UE 17403] UL Throughput = 0.66998 Mbps
39400 ms [UE 10755] UL Throughput = 0.00000 Mbps
39478 ms | now=1755745452005695 us | PDCP ind_msg latency=70970072 us
39499 ms [UE 12658] UL Throughput = 0.88539 Mbps
39499 ms [UE 23066] UL Throughput = 0.00000 Mbps
39499 ms [UE 42750] UL Throughput = 0.00000 Mbps
39510 ms [UE 17403] UL Throughput = 0.00000 Mbps
39510 ms [UE 10755] UL Throughput = 0.67076 Mbps
39606 ms [UE 12658] UL Throughput = 0.16258 Mbps
39606 ms [UE 23066] UL Throughput = 0.56409 Mbps
39606 ms [UE 42750] UL Throughput = 0.00000 Mbps
39610 ms [UE 17403] UL Throughput = 0.91396 Mbps
39610 ms [UE 10755] UL Throughput = 0.81502 Mbps
39706 ms [UE 12658] UL Throughput = 0.00000 Mbps
39706 ms [UE 23066] UL Throughput = 0.00000 Mbps
39706 ms [UE 42750] UL Throughput = 0.73657 Mbps
39720 ms [UE 17403] UL Throughput = 0.00000 Mbps
39720 ms [UE 10755] UL Throughput = 0.00000 Mbps
39816 ms [UE 12658] UL Throughput = 0.81185 Mbps
39816 ms [UE 23066] UL Throughput = 0.59743 Mbps
39816 ms [UE 42750] UL Throughput = 0.00000 Mbps
39820 ms [UE 17403] UL Throughput = 0.00000 Mbps
39820 ms [UE 10755] UL Throughput = 0.99235 Mbps
39917 ms [UE 12658] UL Throughput = 0.00000 Mbps
39917 ms [UE 23066] UL Throughput = 0.00000 Mbps
39917 ms [UE 42750] UL Throughput = 0.00000 Mbps
39929 ms [UE 17403] UL Throughput = 0.00000 Mbps
39929 ms [UE 10755] UL Throughput = 0.00000 Mbps
40026 ms [UE 12658] UL Throughput = 0.75532 Mbps
40026 ms [UE 23066] UL Throughput = 0.00000 Mbps
40026 ms [UE 42750] UL Throughput = 0.91586 Mbps
40029 ms [UE 17403] UL Throughput = 0.81326 Mbps
40029 ms [UE 10755] UL Throughput = 0.81588 Mbps
40130 ms [UE 17403] UL Throughput = 0.75353 Mbps
40130 ms [UE 10755] UL Throughput = 0.17323 Mbps
40136 ms [UE 12658] UL Throughput = 0.00000 Mbps
40136 ms [UE 23066] UL Throughput = 0.00000 Mbps
40136 ms [UE 42750] UL Throughput = 0.15791 Mbps
40239 ms [UE 17403] UL Throughput = 0.00000 Mbps
40239 ms [UE 10755] UL Throughput = 0.75147 Mbps
40246 ms [UE 12658] UL Throughput = 0.00000 Mbps
40246 ms [UE 23066] UL Throughput = 0.59940 Mbps
40246 ms [UE 42750] UL Throughput = 0.74930 Mbps
40339 ms [UE 17403] UL Throughput = 0.91888 Mbps
40339 ms [UE 10755] UL Throughput = 0.81941 Mbps
40346 ms [UE 12658] UL Throughput = 0.99232 Mbps
40346 ms [UE 23066] UL Throughput = 0.00000 Mbps
40346 ms [UE 42750] UL Throughput = 0.00000 Mbps
40439 ms [UE 17403] UL Throughput = 0.00000 Mbps
40439 ms [UE 10755] UL Throughput = 0.00000 Mbps
40446 ms [UE 12658] UL Throughput = 0.00000 Mbps
40446 ms [UE 23066] UL Throughput = 0.00000 Mbps
40446 ms [UE 42750] UL Throughput = 0.81606 Mbps
40523 ms | now=1755745453050083 us | PDCP ind_msg latency=70970466 us
40549 ms [UE 12658] UL Throughput = 0.70111 Mbps
40549 ms [UE 23066] UL Throughput = 0.78161 Mbps
40549 ms [UE 42750] UL Throughput = 0.00000 Mbps
40549 ms [UE 17403] UL Throughput = 0.69020 Mbps
40549 ms [UE 10755] UL Throughput = 0.90519 Mbps
40657 ms [UE 12658] UL Throughput = 0.00000 Mbps
40657 ms [UE 23066] UL Throughput = 0.00000 Mbps
40657 ms [UE 42750] UL Throughput = 0.16033 Mbps
40659 ms [UE 17403] UL Throughput = 0.14646 Mbps
40659 ms [UE 10755] UL Throughput = 0.00000 Mbps
40766 ms [UE 12658] UL Throughput = 0.00000 Mbps
40766 ms [UE 23066] UL Throughput = 0.60304 Mbps
40766 ms [UE 42750] UL Throughput = 0.75385 Mbps
40769 ms [UE 17403] UL Throughput = 0.59797 Mbps
40769 ms [UE 10755] UL Throughput = 0.74752 Mbps
40872 ms [UE 17403] UL Throughput = 0.15605 Mbps
40872 ms [UE 10755] UL Throughput = 0.79280 Mbps
40876 ms [UE 12658] UL Throughput = 0.00000 Mbps
40876 ms [UE 23066] UL Throughput = 0.00000 Mbps
40876 ms [UE 42750] UL Throughput = 0.00000 Mbps
40976 ms [UE 12658] UL Throughput = 0.00845 Mbps
40976 ms [UE 23066] UL Throughput = 0.65312 Mbps
40976 ms [UE 42750] UL Throughput = 0.81646 Mbps
40979 ms [UE 17403] UL Throughput = 0.70826 Mbps
40979 ms [UE 10755] UL Throughput = 0.00000 Mbps
41080 ms [UE 17403] UL Throughput = 0.75004 Mbps
41080 ms [UE 10755] UL Throughput = 0.98367 Mbps
41087 ms [UE 12658] UL Throughput = 0.00000 Mbps
41087 ms [UE 23066] UL Throughput = 0.12998 Mbps
41087 ms [UE 42750] UL Throughput = 0.00000 Mbps
41187 ms [UE 12658] UL Throughput = 0.00000 Mbps
41187 ms [UE 23066] UL Throughput = 0.65437 Mbps
41187 ms [UE 42750] UL Throughput = 0.81803 Mbps
41189 ms [UE 17403] UL Throughput = 0.00000 Mbps
41189 ms [UE 10755] UL Throughput = 0.00000 Mbps
41290 ms [UE 17403] UL Throughput = 0.00000 Mbps
41290 ms [UE 10755] UL Throughput = 0.98718 Mbps
41296 ms [UE 12658] UL Throughput = 1.41289 Mbps
41296 ms [UE 23066] UL Throughput = 0.00000 Mbps
41296 ms [UE 42750] UL Throughput = 0.15535 Mbps
41396 ms [UE 12658] UL Throughput = 0.00000 Mbps
41396 ms [UE 23066] UL Throughput = 0.00000 Mbps
41396 ms [UE 42750] UL Throughput = 0.00000 Mbps
41399 ms [UE 17403] UL Throughput = 0.14753 Mbps
41399 ms [UE 10755] UL Throughput = 0.74947 Mbps
41497 ms [UE 12658] UL Throughput = 0.98077 Mbps
41497 ms [UE 23066] UL Throughput = 0.64703 Mbps
41497 ms [UE 42750] UL Throughput = 0.00000 Mbps
41499 ms [UE 17403] UL Throughput = 0.65525 Mbps
41499 ms [UE 10755] UL Throughput = 0.00000 Mbps
41548 ms | now=1755745454075523 us | PDCP ind_msg latency=70969862 us
41606 ms [UE 12658] UL Throughput = 0.00000 Mbps
41606 ms [UE 23066] UL Throughput = 0.00000 Mbps
41606 ms [UE 42750] UL Throughput = 0.00000 Mbps
41609 ms [UE 17403] UL Throughput = 0.69121 Mbps
41609 ms [UE 10755] UL Throughput = 0.90651 Mbps
41709 ms [UE 17403] UL Throughput = 0.00000 Mbps
41709 ms [UE 10755] UL Throughput = 0.00000 Mbps
41716 ms [UE 12658] UL Throughput = 0.75008 Mbps
41716 ms [UE 23066] UL Throughput = 0.00000 Mbps
41716 ms [UE 42750] UL Throughput = 0.90951 Mbps
41816 ms [UE 12658] UL Throughput = 0.00000 Mbps
41816 ms [UE 23066] UL Throughput = 0.14315 Mbps
41816 ms [UE 42750] UL Throughput = 0.00000 Mbps
41819 ms [UE 17403] UL Throughput = 0.84014 Mbps
41819 ms [UE 10755] UL Throughput = 0.74919 Mbps
41916 ms [UE 12658] UL Throughput = 0.81586 Mbps
41916 ms [UE 23066] UL Throughput = 0.65264 Mbps
41916 ms [UE 42750] UL Throughput = 0.00000 Mbps
41929 ms [UE 17403] UL Throughput = 0.68883 Mbps
41929 ms [UE 10755] UL Throughput = 0.15836 Mbps
42026 ms [UE 12658] UL Throughput = 0.00000 Mbps
42026 ms [UE 23066] UL Throughput = 0.00000 Mbps
42026 ms [UE 42750] UL Throughput = 0.15923 Mbps
42029 ms [UE 17403] UL Throughput = 0.00000 Mbps
42029 ms [UE 10755] UL Throughput = 0.81897 Mbps
42128 ms [UE 12658] UL Throughput = 0.00000 Mbps
42128 ms [UE 23066] UL Throughput = 0.57426 Mbps
42128 ms [UE 42750] UL Throughput = 0.80631 Mbps
42139 ms [UE 17403] UL Throughput = 0.74368 Mbps
42139 ms [UE 10755] UL Throughput = 0.74608 Mbps
42230 ms [UE 12658] UL Throughput = 0.89281 Mbps
42230 ms [UE 23066] UL Throughput = 0.00000 Mbps
42230 ms [UE 42750] UL Throughput = 0.00000 Mbps
42249 ms [UE 17403] UL Throughput = 0.00000 Mbps
42249 ms [UE 10755] UL Throughput = 0.00000 Mbps
42336 ms [UE 12658] UL Throughput = 0.00000 Mbps
42336 ms [UE 23066] UL Throughput = 0.00000 Mbps
42336 ms [UE 42750] UL Throughput = 0.00000 Mbps
42360 ms [UE 17403] UL Throughput = 0.75823 Mbps
42360 ms [UE 10755] UL Throughput = 0.00000 Mbps
42446 ms [UE 12658] UL Throughput = 0.74033 Mbps
42446 ms [UE 23066] UL Throughput = 0.67552 Mbps
42446 ms [UE 42750] UL Throughput = 0.00000 Mbps
42469 ms [UE 17403] UL Throughput = 0.69321 Mbps
42469 ms [UE 10755] UL Throughput = 0.15936 Mbps
42556 ms [UE 12658] UL Throughput = 0.00000 Mbps
42556 ms [UE 23066] UL Throughput = 0.00000 Mbps
42556 ms [UE 42750] UL Throughput = 0.00000 Mbps
42569 ms [UE 17403] UL Throughput = 0.00000 Mbps
42569 ms [UE 10755] UL Throughput = 0.81722 Mbps
42584 ms | now=1755745455111244 us | PDCP ind_msg latency=70970675 us
42656 ms [UE 12658] UL Throughput = 0.00000 Mbps
42656 ms [UE 23066] UL Throughput = 0.79784 Mbps
42656 ms [UE 42750] UL Throughput = 0.73651 Mbps
42679 ms [UE 17403] UL Throughput = 0.14651 Mbps
42679 ms [UE 10755] UL Throughput = 0.66986 Mbps
42767 ms [UE 12658] UL Throughput = 0.15754 Mbps
42767 ms [UE 23066] UL Throughput = 0.00000 Mbps
42767 ms [UE 42750] UL Throughput = 0.00000 Mbps
42789 ms [UE 17403] UL Throughput = 0.00000 Mbps
42789 ms [UE 10755] UL Throughput = 0.15835 Mbps
42867 ms [UE 12658] UL Throughput = 0.71334 Mbps
42867 ms [UE 23066] UL Throughput = 0.00000 Mbps
42867 ms [UE 42750] UL Throughput = 0.81571 Mbps
42889 ms [UE 17403] UL Throughput = 0.65508 Mbps
42889 ms [UE 10755] UL Throughput = 0.81891 Mbps
42976 ms [UE 12658] UL Throughput = 0.00000 Mbps
42976 ms [UE 23066] UL Throughput = 0.00000 Mbps
42976 ms [UE 42750] UL Throughput = 0.00000 Mbps
42989 ms [UE 17403] UL Throughput = 0.75787 Mbps
42989 ms [UE 10755] UL Throughput = 0.17423 Mbps
43076 ms [UE 12658] UL Throughput = 0.81882 Mbps
43076 ms [UE 23066] UL Throughput = 0.14328 Mbps
43076 ms [UE 42750] UL Throughput = 0.81882 Mbps
43090 ms [UE 17403] UL Throughput = 0.00000 Mbps
43090 ms [UE 10755] UL Throughput = 0.81879 Mbps
43186 ms [UE 12658] UL Throughput = 0.00000 Mbps
43186 ms [UE 23066] UL Throughput = 0.72954 Mbps
43186 ms [UE 42750] UL Throughput = 0.00000 Mbps
43200 ms [UE 17403] UL Throughput = 0.14671 Mbps
43200 ms [UE 10755] UL Throughput = 0.74532 Mbps
43287 ms [UE 12658] UL Throughput = 0.00000 Mbps
43287 ms [UE 23066] UL Throughput = 0.00000 Mbps
43287 ms [UE 42750] UL Throughput = 0.81396 Mbps
43309 ms [UE 17403] UL Throughput = 0.00000 Mbps
43309 ms [UE 10755] UL Throughput = 0.00000 Mbps
43388 ms [UE 12658] UL Throughput = 0.98334 Mbps
43388 ms [UE 23066] UL Throughput = 0.64873 Mbps
43388 ms [UE 42750] UL Throughput = 0.00000 Mbps
43419 ms [UE 17403] UL Throughput = 0.69148 Mbps
43419 ms [UE 10755] UL Throughput = 0.90687 Mbps
43496 ms [UE 12658] UL Throughput = 0.00000 Mbps
43496 ms [UE 23066] UL Throughput = 0.00000 Mbps
43496 ms [UE 42750] UL Throughput = 0.16092 Mbps
43519 ms [UE 17403] UL Throughput = 0.00000 Mbps
43519 ms [UE 10755] UL Throughput = 0.17422 Mbps
43596 ms [UE 12658] UL Throughput = 0.71497 Mbps
43596 ms [UE 23066] UL Throughput = 0.00000 Mbps
43596 ms [UE 42750] UL Throughput = 0.81758 Mbps
43629 ms [UE 17403] UL Throughput = 0.68728 Mbps
43629 ms [UE 10755] UL Throughput = 0.65007 Mbps
43638 ms | now=1755745456165142 us | PDCP ind_msg latency=70969575 us
43697 ms [UE 12658] UL Throughput = 0.81506 Mbps
43697 ms [UE 23066] UL Throughput = 0.79462 Mbps
43697 ms [UE 42750] UL Throughput = 0.00000 Mbps
43739 ms [UE 17403] UL Throughput = 0.83620 Mbps
43739 ms [UE 10755] UL Throughput = 0.74567 Mbps
43809 ms [UE 12658] UL Throughput = 0.00000 Mbps
43809 ms [UE 23066] UL Throughput = 0.00000 Mbps
43809 ms [UE 42750] UL Throughput = 0.15588 Mbps
43839 ms [UE 17403] UL Throughput = 0.00000 Mbps
43839 ms [UE 10755] UL Throughput = 0.00000 Mbps
43916 ms [UE 12658] UL Throughput = 0.00000 Mbps
43916 ms [UE 23066] UL Throughput = 0.61015 Mbps
43916 ms [UE 42750] UL Throughput = 0.76274 Mbps
43940 ms [UE 17403] UL Throughput = 0.75607 Mbps
43940 ms [UE 10755] UL Throughput = 0.99157 Mbps
44016 ms [UE 12658] UL Throughput = 0.17344 Mbps
44016 ms [UE 23066] UL Throughput = 0.00000 Mbps
44016 ms [UE 42750] UL Throughput = 0.00000 Mbps
44049 ms [UE 17403] UL Throughput = 0.00000 Mbps
44049 ms [UE 10755] UL Throughput = 0.00000 Mbps
44126 ms [UE 12658] UL Throughput = 0.74700 Mbps
44126 ms [UE 23066] UL Throughput = 0.00000 Mbps
44126 ms [UE 42750] UL Throughput = 0.74700 Mbps
44149 ms [UE 17403] UL Throughput = 0.91821 Mbps
44149 ms [UE 10755] UL Throughput = 0.81881 Mbps
44236 ms [UE 12658] UL Throughput = 0.65419 Mbps
44236 ms [UE 23066] UL Throughput = 0.72931 Mbps
44236 ms [UE 42750] UL Throughput = 0.00000 Mbps
44249 ms [UE 17403] UL Throughput = 0.00000 Mbps
44249 ms [UE 10755] UL Throughput = 0.17411 Mbps
44336 ms [UE 12658] UL Throughput = 0.00000 Mbps
44336 ms [UE 23066] UL Throughput = 0.00000 Mbps
44336 ms [UE 42750] UL Throughput = 0.17382 Mbps
44349 ms [UE 17403] UL Throughput = 0.75687 Mbps
44349 ms [UE 10755] UL Throughput = 0.71588 Mbps
44446 ms [UE 12658] UL Throughput = 0.00000 Mbps
44446 ms [UE 23066] UL Throughput = 0.59840 Mbps
44446 ms [UE 42750] UL Throughput = 0.74806 Mbps
44451 ms [UE 17403] UL Throughput = 0.15876 Mbps
44451 ms [UE 10755] UL Throughput = 0.00000 Mbps
44546 ms [UE 12658] UL Throughput = 0.98658 Mbps
44546 ms [UE 23066] UL Throughput = 0.00000 Mbps
44546 ms [UE 42750] UL Throughput = 0.00000 Mbps
44559 ms [UE 17403] UL Throughput = 0.69953 Mbps
44559 ms [UE 10755] UL Throughput = 0.75661 Mbps
44658 ms [UE 12658] UL Throughput = 0.00000 Mbps
44658 ms [UE 23066] UL Throughput = 0.00000 Mbps
44658 ms [UE 42750] UL Throughput = 0.73503 Mbps
44669 ms [UE 17403] UL Throughput = 0.68901 Mbps
44669 ms [UE 10755] UL Throughput = 0.90363 Mbps
44708 ms | now=1755745457235523 us | PDCP ind_msg latency=70970719 us
44766 ms [UE 12658] UL Throughput = 0.75876 Mbps
44766 ms [UE 23066] UL Throughput = 0.73973 Mbps
44766 ms [UE 42750] UL Throughput = 0.00000 Mbps
44769 ms [UE 17403] UL Throughput = 0.00000 Mbps
44769 ms [UE 10755] UL Throughput = 0.00000 Mbps
44866 ms [UE 12658] UL Throughput = 0.00000 Mbps
44866 ms [UE 23066] UL Throughput = 0.00000 Mbps
44866 ms [UE 42750] UL Throughput = 0.00000 Mbps
44879 ms [UE 17403] UL Throughput = 0.69029 Mbps
44879 ms [UE 10755] UL Throughput = 0.90531 Mbps
44976 ms [UE 12658] UL Throughput = 0.00000 Mbps
44976 ms [UE 23066] UL Throughput = 0.53110 Mbps
44976 ms [UE 42750] UL Throughput = 0.90421 Mbps
44980 ms [UE 17403] UL Throughput = 0.00000 Mbps
44980 ms [UE 10755] UL Throughput = 0.00000 Mbps
45077 ms [UE 12658] UL Throughput = 0.00000 Mbps
45077 ms [UE 23066] UL Throughput = 0.00000 Mbps
45077 ms [UE 42750] UL Throughput = 0.00000 Mbps
45080 ms [UE 17403] UL Throughput = 0.65461 Mbps
45080 ms [UE 10755] UL Throughput = 0.81833 Mbps
45186 ms [UE 12658] UL Throughput = 0.83540 Mbps
45186 ms [UE 23066] UL Throughput = 0.55378 Mbps
45186 ms [UE 42750] UL Throughput = 0.00000 Mbps
45190 ms [UE 17403] UL Throughput = 0.14641 Mbps
45190 ms [UE 10755] UL Throughput = 0.00000 Mbps
45296 ms [UE 12658] UL Throughput = 0.00000 Mbps
45296 ms [UE 23066] UL Throughput = 0.00000 Mbps
45296 ms [UE 42750] UL Throughput = 0.00000 Mbps
45299 ms [UE 17403] UL Throughput = 0.61908 Mbps
45299 ms [UE 10755] UL Throughput = 0.00000 Mbps
45396 ms [UE 12658] UL Throughput = 0.81831 Mbps
45396 ms [UE 23066] UL Throughput = 0.00000 Mbps
45396 ms [UE 42750] UL Throughput = 0.73646 Mbps
45399 ms [UE 17403] UL Throughput = 0.91865 Mbps
45399 ms [UE 10755] UL Throughput = 0.81919 Mbps
45497 ms [UE 12658] UL Throughput = 0.00000 Mbps
45497 ms [UE 23066] UL Throughput = 0.79597 Mbps
45497 ms [UE 42750] UL Throughput = 0.00000 Mbps
45509 ms [UE 17403] UL Throughput = 0.00000 Mbps
45509 ms [UE 10755] UL Throughput = 0.00000 Mbps
45606 ms [UE 12658] UL Throughput = 0.00000 Mbps
45606 ms [UE 23066] UL Throughput = 0.00000 Mbps
45606 ms [UE 42750] UL Throughput = 0.75445 Mbps
45609 ms [UE 17403] UL Throughput = 0.91910 Mbps
45609 ms [UE 10755] UL Throughput = 0.73761 Mbps
45706 ms [UE 12658] UL Throughput = 0.81471 Mbps
45706 ms [UE 23066] UL Throughput = 0.00000 Mbps
45706 ms [UE 42750] UL Throughput = 0.17317 Mbps
45719 ms [UE 17403] UL Throughput = 0.00000 Mbps
45719 ms [UE 10755] UL Throughput = 0.90625 Mbps
45746 ms | now=1755745458273530 us | PDCP ind_msg latency=70969922 us
45807 ms [UE 12658] UL Throughput = 0.00000 Mbps
45807 ms [UE 23066] UL Throughput = 0.57635 Mbps
45807 ms [UE 42750] UL Throughput = 0.00000 Mbps
45819 ms [UE 17403] UL Throughput = 0.65289 Mbps
45819 ms [UE 10755] UL Throughput = 0.00000 Mbps
45918 ms [UE 12658] UL Throughput = 0.74337 Mbps
45918 ms [UE 23066] UL Throughput = 0.00000 Mbps
45918 ms [UE 42750] UL Throughput = 0.90137 Mbps
45919 ms [UE 17403] UL Throughput = 0.75743 Mbps
45919 ms [UE 10755] UL Throughput = 0.99335 Mbps
46019 ms [UE 17403] UL Throughput = 0.00000 Mbps
46019 ms [UE 10755] UL Throughput = 0.00000 Mbps
46026 ms [UE 12658] UL Throughput = 0.00000 Mbps
46026 ms [UE 23066] UL Throughput = 0.00000 Mbps
46026 ms [UE 42750] UL Throughput = 0.00000 Mbps
46119 ms [UE 17403] UL Throughput = 0.75606 Mbps
46119 ms [UE 10755] UL Throughput = 0.99156 Mbps
46126 ms [UE 12658] UL Throughput = 0.00000 Mbps
46126 ms [UE 23066] UL Throughput = 0.65242 Mbps
46126 ms [UE 42750] UL Throughput = 0.81558 Mbps
46220 ms [UE 17403] UL Throughput = 0.00000 Mbps
46220 ms [UE 10755] UL Throughput = 0.00000 Mbps
46227 ms [UE 12658] UL Throughput = 0.17325 Mbps
46227 ms [UE 23066] UL Throughput = 0.00000 Mbps
46227 ms [UE 42750] UL Throughput = 0.00000 Mbps
46327 ms [UE 12658] UL Throughput = 0.81751 Mbps
46327 ms [UE 23066] UL Throughput = 0.65396 Mbps
46327 ms [UE 42750] UL Throughput = 0.00000 Mbps
46329 ms [UE 17403] UL Throughput = 0.00000 Mbps
46329 ms [UE 10755] UL Throughput = 0.91234 Mbps
46430 ms [UE 17403] UL Throughput = 0.00000 Mbps
46430 ms [UE 10755] UL Throughput = 0.00000 Mbps
46437 ms [UE 12658] UL Throughput = 0.65208 Mbps
46437 ms [UE 23066] UL Throughput = 0.13047 Mbps
46437 ms [UE 42750] UL Throughput = 0.74566 Mbps
46539 ms [UE 17403] UL Throughput = 0.74564 Mbps
46539 ms [UE 10755] UL Throughput = 0.74804 Mbps
46546 ms [UE 12658] UL Throughput = 0.00000 Mbps
46546 ms [UE 23066] UL Throughput = 0.00000 Mbps
46546 ms [UE 42750] UL Throughput = 0.00000 Mbps
46646 ms [UE 12658] UL Throughput = 0.00000 Mbps
46646 ms [UE 23066] UL Throughput = 0.79753 Mbps
46646 ms [UE 42750] UL Throughput = 0.81804 Mbps
46650 ms [UE 17403] UL Throughput = 0.68869 Mbps
46650 ms [UE 10755] UL Throughput = 0.15833 Mbps
46747 ms [UE 12658] UL Throughput = 0.17335 Mbps
46747 ms [UE 23066] UL Throughput = 0.00000 Mbps
46747 ms [UE 42750] UL Throughput = 0.00000 Mbps
46750 ms [UE 17403] UL Throughput = 0.00000 Mbps
46750 ms [UE 10755] UL Throughput = 0.81672 Mbps
46796 ms | now=1755745459323525 us | PDCP ind_msg latency=70969916 us
46856 ms [UE 12658] UL Throughput = 0.75040 Mbps
46856 ms [UE 23066] UL Throughput = 0.60028 Mbps
46856 ms [UE 42750] UL Throughput = 0.00000 Mbps
46859 ms [UE 17403] UL Throughput = 0.83890 Mbps
46859 ms [UE 10755] UL Throughput = 0.74809 Mbps
46957 ms [UE 12658] UL Throughput = 0.00000 Mbps
46957 ms [UE 23066] UL Throughput = 0.00000 Mbps
46957 ms [UE 42750] UL Throughput = 0.98731 Mbps
46960 ms [UE 17403] UL Throughput = 0.00000 Mbps
46960 ms [UE 10755] UL Throughput = 0.00000 Mbps
47066 ms [UE 12658] UL Throughput = 0.74989 Mbps
47066 ms [UE 23066] UL Throughput = 0.00000 Mbps
47066 ms [UE 42750] UL Throughput = 0.00000 Mbps
47069 ms [UE 17403] UL Throughput = 0.00000 Mbps
47069 ms [UE 10755] UL Throughput = 0.90968 Mbps
47176 ms [UE 12658] UL Throughput = 0.00000 Mbps
47176 ms [UE 23066] UL Throughput = 0.72544 Mbps
47176 ms [UE 42750] UL Throughput = 0.65072 Mbps
47180 ms [UE 17403] UL Throughput = 0.00000 Mbps
47180 ms [UE 10755] UL Throughput = 0.00000 Mbps
47280 ms [UE 17403] UL Throughput = 0.81570 Mbps
47280 ms [UE 10755] UL Throughput = 0.81834 Mbps
47286 ms [UE 12658] UL Throughput = 0.00000 Mbps
47286 ms [UE 23066] UL Throughput = 0.00000 Mbps
47286 ms [UE 42750] UL Throughput = 0.00000 Mbps
47389 ms [UE 17403] UL Throughput = 0.69518 Mbps
47389 ms [UE 10755] UL Throughput = 0.15982 Mbps
47396 ms [UE 12658] UL Throughput = 0.90732 Mbps
47396 ms [UE 23066] UL Throughput = 0.59857 Mbps
47396 ms [UE 42750] UL Throughput = 0.00000 Mbps
47490 ms [UE 17403] UL Throughput = 0.00000 Mbps
47490 ms [UE 10755] UL Throughput = 0.81270 Mbps
47496 ms [UE 12658] UL Throughput = 0.00000 Mbps
47496 ms [UE 23066] UL Throughput = 0.00000 Mbps
47496 ms [UE 42750] UL Throughput = 0.99155 Mbps
47596 ms [UE 12658] UL Throughput = 0.81732 Mbps
47596 ms [UE 23066] UL Throughput = 0.00000 Mbps
47596 ms [UE 42750] UL Throughput = 0.00000 Mbps
47599 ms [UE 17403] UL Throughput = 0.84128 Mbps
47599 ms [UE 10755] UL Throughput = 0.75020 Mbps
47700 ms [UE 17403] UL Throughput = 0.00000 Mbps
47700 ms [UE 10755] UL Throughput = 0.00000 Mbps
47706 ms [UE 12658] UL Throughput = 0.00000 Mbps
47706 ms [UE 23066] UL Throughput = 0.72855 Mbps
47706 ms [UE 42750] UL Throughput = 0.74729 Mbps
47800 ms [UE 17403] UL Throughput = 0.91909 Mbps
47800 ms [UE 10755] UL Throughput = 0.81959 Mbps
47807 ms [UE 12658] UL Throughput = 0.00000 Mbps
47807 ms [UE 23066] UL Throughput = 0.00000 Mbps
47807 ms [UE 42750] UL Throughput = 0.00000 Mbps
47842 ms | now=1755745460369745 us | PDCP ind_msg latency=70970156 us
47907 ms [UE 12658] UL Throughput = 0.99378 Mbps
47907 ms [UE 23066] UL Throughput = 0.58371 Mbps
47907 ms [UE 42750] UL Throughput = 0.00000 Mbps
47909 ms [UE 17403] UL Throughput = 0.00000 Mbps
47909 ms [UE 10755] UL Throughput = 0.00000 Mbps
48009 ms [UE 17403] UL Throughput = 0.75398 Mbps
48009 ms [UE 10755] UL Throughput = 0.88648 Mbps
48017 ms [UE 12658] UL Throughput = 0.66600 Mbps
48017 ms [UE 23066] UL Throughput = 0.00000 Mbps
48017 ms [UE 42750] UL Throughput = 0.82329 Mbps
48110 ms [UE 17403] UL Throughput = 0.00000 Mbps
48110 ms [UE 10755] UL Throughput = 0.00000 Mbps
48126 ms [UE 12658] UL Throughput = 0.00000 Mbps
48126 ms [UE 23066] UL Throughput = 0.00000 Mbps
48126 ms [UE 42750] UL Throughput = 0.00000 Mbps
48219 ms [UE 17403] UL Throughput = 0.61758 Mbps
48219 ms [UE 10755] UL Throughput = 0.67416 Mbps
48226 ms [UE 12658] UL Throughput = 0.00000 Mbps
48226 ms [UE 23066] UL Throughput = 0.74747 Mbps
48226 ms [UE 42750] UL Throughput = 0.81918 Mbps
48319 ms [UE 17403] UL Throughput = 0.16119 Mbps
48319 ms [UE 10755] UL Throughput = 0.81888 Mbps
48326 ms [UE 12658] UL Throughput = 0.00000 Mbps
48326 ms [UE 23066] UL Throughput = 0.00000 Mbps
48326 ms [UE 42750] UL Throughput = 0.00000 Mbps
48421 ms [UE 17403] UL Throughput = 0.00000 Mbps
48421 ms [UE 10755] UL Throughput = 0.00000 Mbps
48436 ms [UE 12658] UL Throughput = 0.90688 Mbps
48436 ms [UE 23066] UL Throughput = 0.59828 Mbps
48436 ms [UE 42750] UL Throughput = 0.00000 Mbps
48529 ms [UE 17403] UL Throughput = 0.70178 Mbps
48529 ms [UE 10755] UL Throughput = 0.92038 Mbps
48536 ms [UE 12658] UL Throughput = 0.00000 Mbps
48536 ms [UE 23066] UL Throughput = 0.00000 Mbps
48536 ms [UE 42750] UL Throughput = 0.00000 Mbps
48629 ms [UE 17403] UL Throughput = 0.00000 Mbps
48629 ms [UE 10755] UL Throughput = 0.00000 Mbps
48636 ms [UE 12658] UL Throughput = 0.00000 Mbps
48636 ms [UE 23066] UL Throughput = 0.00000 Mbps
48636 ms [UE 42750] UL Throughput = 0.99152 Mbps
48739 ms [UE 17403] UL Throughput = 0.69034 Mbps
48739 ms [UE 10755] UL Throughput = 0.81166 Mbps
48747 ms [UE 12658] UL Throughput = 0.65063 Mbps
48747 ms [UE 23066] UL Throughput = 0.00000 Mbps
48747 ms [UE 42750] UL Throughput = 0.00000 Mbps
48839 ms [UE 17403] UL Throughput = 0.00000 Mbps
48839 ms [UE 10755] UL Throughput = 0.00000 Mbps
48856 ms [UE 12658] UL Throughput = 0.00000 Mbps
48856 ms [UE 23066] UL Throughput = 0.73046 Mbps
48856 ms [UE 42750] UL Throughput = 0.74926 Mbps
48906 ms | now=1755745461433703 us | PDCP ind_msg latency=70971056 us
48939 ms [UE 17403] UL Throughput = 0.16121 Mbps
48939 ms [UE 10755] UL Throughput = 0.81900 Mbps
48958 ms [UE 12658] UL Throughput = 0.17147 Mbps
48958 ms [UE 23066] UL Throughput = 0.00000 Mbps
48958 ms [UE 42750] UL Throughput = 0.00000 Mbps
49039 ms [UE 17403] UL Throughput = 0.00000 Mbps
49039 ms [UE 10755] UL Throughput = 0.17405 Mbps
49066 ms [UE 12658] UL Throughput = 0.75442 Mbps
49066 ms [UE 23066] UL Throughput = 0.00000 Mbps
49066 ms [UE 42750] UL Throughput = 0.00000 Mbps
49140 ms [UE 17403] UL Throughput = 0.75587 Mbps
49140 ms [UE 10755] UL Throughput = 0.81754 Mbps
49177 ms [UE 12658] UL Throughput = 0.00000 Mbps
49177 ms [UE 23066] UL Throughput = 0.00000 Mbps
49177 ms [UE 42750] UL Throughput = 0.15784 Mbps
49250 ms [UE 17403] UL Throughput = 0.68923 Mbps
49250 ms [UE 10755] UL Throughput = 0.90392 Mbps
49286 ms [UE 12658] UL Throughput = 0.74929 Mbps
49286 ms [UE 23066] UL Throughput = 0.00000 Mbps
49286 ms [UE 42750] UL Throughput = 0.74929 Mbps
49359 ms [UE 17403] UL Throughput = 0.00000 Mbps
49359 ms [UE 10755] UL Throughput = 0.00000 Mbps
49387 ms [UE 12658] UL Throughput = 0.00000 Mbps
49387 ms [UE 23066] UL Throughput = 0.65190 Mbps
49387 ms [UE 42750] UL Throughput = 0.17321 Mbps
49459 ms [UE 17403] UL Throughput = 0.91712 Mbps
49459 ms [UE 10755] UL Throughput = 0.71519 Mbps
49496 ms [UE 12658] UL Throughput = 0.00000 Mbps
49496 ms [UE 23066] UL Throughput = 0.00000 Mbps
49496 ms [UE 42750] UL Throughput = 0.65669 Mbps
49560 ms [UE 17403] UL Throughput = 0.00000 Mbps
49560 ms [UE 10755] UL Throughput = 0.00000 Mbps
49606 ms [UE 12658] UL Throughput = 0.89848 Mbps
49606 ms [UE 23066] UL Throughput = 0.59275 Mbps
49606 ms [UE 42750] UL Throughput = 0.00000 Mbps
49669 ms [UE 17403] UL Throughput = 0.69097 Mbps
49669 ms [UE 10755] UL Throughput = 0.90619 Mbps
49716 ms [UE 12658] UL Throughput = 0.00000 Mbps
49716 ms [UE 23066] UL Throughput = 0.00000 Mbps
49716 ms [UE 42750] UL Throughput = 0.15887 Mbps
49779 ms [UE 17403] UL Throughput = 0.00000 Mbps
49779 ms [UE 10755] UL Throughput = 0.74550 Mbps
49816 ms [UE 12658] UL Throughput = 0.00000 Mbps
49816 ms [UE 23066] UL Throughput = 0.00000 Mbps
49816 ms [UE 42750] UL Throughput = 0.81826 Mbps
49880 ms [UE 17403] UL Throughput = 0.00000 Mbps
49880 ms [UE 10755] UL Throughput = 0.00000 Mbps
49926 ms [UE 12658] UL Throughput = 0.15881 Mbps
49926 ms [UE 23066] UL Throughput = 0.00000 Mbps
49926 ms [UE 42750] UL Throughput = 0.00000 Mbps
49945 ms | now=1755745462472520 us | PDCP ind_msg latency=70969792 us
49989 ms [UE 17403] UL Throughput = 0.69301 Mbps
49989 ms [UE 10755] UL Throughput = 0.90887 Mbps
50026 ms [UE 12658] UL Throughput = 0.81685 Mbps
50026 ms [UE 23066] UL Throughput = 0.00000 Mbps
50026 ms [UE 42750] UL Throughput = 0.81685 Mbps
50089 ms [UE 17403] UL Throughput = 0.00000 Mbps
50089 ms [UE 10755] UL Throughput = 0.00000 Mbps
50136 ms [UE 12658] UL Throughput = 0.81186 Mbps
50136 ms [UE 23066] UL Throughput = 0.59743 Mbps
50136 ms [UE 42750] UL Throughput = 0.00000 Mbps
50190 ms [UE 17403] UL Throughput = 0.91504 Mbps
50190 ms [UE 10755] UL Throughput = 0.71358 Mbps
50247 ms [UE 12658] UL Throughput = 0.00000 Mbps
50247 ms [UE 23066] UL Throughput = 0.00000 Mbps
50247 ms [UE 42750] UL Throughput = 0.00000 Mbps
50300 ms [UE 17403] UL Throughput = 0.00000 Mbps
50300 ms [UE 10755] UL Throughput = 0.15839 Mbps
50349 ms [UE 12658] UL Throughput = 0.79991 Mbps
50349 ms [UE 23066] UL Throughput = 0.77236 Mbps
50349 ms [UE 42750] UL Throughput = 0.00000 Mbps
50409 ms [UE 17403] UL Throughput = 0.69112 Mbps
50409 ms [UE 10755] UL Throughput = 0.74751 Mbps
50456 ms [UE 12658] UL Throughput = 0.00000 Mbps
50456 ms [UE 23066] UL Throughput = 0.00000 Mbps
50456 ms [UE 42750] UL Throughput = 0.00000 Mbps
50509 ms [UE 17403] UL Throughput = 0.75605 Mbps
50509 ms [UE 10755] UL Throughput = 0.17381 Mbps
50556 ms [UE 12658] UL Throughput = 0.81846 Mbps
50556 ms [UE 23066] UL Throughput = 0.13554 Mbps
50556 ms [UE 42750] UL Throughput = 0.00000 Mbps
50620 ms [UE 17403] UL Throughput = 0.00000 Mbps
50620 ms [UE 10755] UL Throughput = 0.74405 Mbps
50666 ms [UE 12658] UL Throughput = 0.74848 Mbps
50666 ms [UE 23066] UL Throughput = 0.12396 Mbps
50666 ms [UE 42750] UL Throughput = 0.00774 Mbps
50729 ms [UE 17403] UL Throughput = 0.84122 Mbps
50729 ms [UE 10755] UL Throughput = 0.75015 Mbps
50766 ms [UE 12658] UL Throughput = 0.00000 Mbps
50766 ms [UE 23066] UL Throughput = 0.65467 Mbps
50766 ms [UE 42750] UL Throughput = 0.00000 Mbps
50829 ms [UE 17403] UL Throughput = 0.00000 Mbps
50829 ms [UE 10755] UL Throughput = 0.00000 Mbps
50879 ms [UE 12658] UL Throughput = 0.63133 Mbps
50879 ms [UE 23066] UL Throughput = 0.57750 Mbps
50879 ms [UE 42750] UL Throughput = 0.00747 Mbps
50939 ms [UE 17403] UL Throughput = 0.69011 Mbps
50939 ms [UE 10755] UL Throughput = 0.81139 Mbps
50976 ms | now=1755745463503575 us | PDCP ind_msg latency=70969953 us
50986 ms [UE 12658] UL Throughput = 0.00000 Mbps
50986 ms [UE 23066] UL Throughput = 0.00000 Mbps
50986 ms [UE 42750] UL Throughput = 0.00000 Mbps
51049 ms [UE 17403] UL Throughput = 0.61298 Mbps
51049 ms [UE 10755] UL Throughput = 0.00000 Mbps
51086 ms [UE 12658] UL Throughput = 0.00000 Mbps
51086 ms [UE 23066] UL Throughput = 0.00000 Mbps
51086 ms [UE 42750] UL Throughput = 0.91082 Mbps
51159 ms [UE 17403] UL Throughput = 0.00000 Mbps
51159 ms [UE 10755] UL Throughput = 0.67130 Mbps
51187 ms [UE 12658] UL Throughput = 0.16693 Mbps
51187 ms [UE 23066] UL Throughput = 0.00000 Mbps
51187 ms [UE 42750] UL Throughput = 0.72890 Mbps
51260 ms [UE 17403] UL Throughput = 0.16071 Mbps
51260 ms [UE 10755] UL Throughput = 0.81646 Mbps
51296 ms [UE 12658] UL Throughput = 0.00000 Mbps
51296 ms [UE 23066] UL Throughput = 0.00000 Mbps
51296 ms [UE 42750] UL Throughput = 0.75649 Mbps
51369 ms [UE 17403] UL Throughput = 0.00000 Mbps
51369 ms [UE 10755] UL Throughput = 0.00000 Mbps
51396 ms [UE 12658] UL Throughput = 0.81905 Mbps
51396 ms [UE 23066] UL Throughput = 0.14332 Mbps
51396 ms [UE 42750] UL Throughput = 0.73712 Mbps
51469 ms [UE 17403] UL Throughput = 0.75333 Mbps
51469 ms [UE 10755] UL Throughput = 0.98798 Mbps
51496 ms [UE 12658] UL Throughput = 0.00000 Mbps
51496 ms [UE 23066] UL Throughput = 0.14289 Mbps
51496 ms [UE 42750] UL Throughput = 0.00000 Mbps
51580 ms [UE 17403] UL Throughput = 0.00000 Mbps
51580 ms [UE 10755] UL Throughput = 0.15767 Mbps
51596 ms [UE 12658] UL Throughput = 0.00000 Mbps
51596 ms [UE 23066] UL Throughput = 0.65527 Mbps
51596 ms [UE 42750] UL Throughput = 0.71634 Mbps
51689 ms [UE 17403] UL Throughput = 0.69600 Mbps
51689 ms [UE 10755] UL Throughput = 0.65831 Mbps
51706 ms [UE 12658] UL Throughput = 0.90453 Mbps
51706 ms [UE 23066] UL Throughput = 0.00000 Mbps
51706 ms [UE 42750] UL Throughput = 0.00000 Mbps
51789 ms [UE 17403] UL Throughput = 0.16104 Mbps
51789 ms [UE 10755] UL Throughput = 0.81812 Mbps
51816 ms [UE 12658] UL Throughput = 0.00000 Mbps
51816 ms [UE 23066] UL Throughput = 0.59490 Mbps
51816 ms [UE 42750] UL Throughput = 0.00000 Mbps
51890 ms [UE 17403] UL Throughput = 0.00000 Mbps
51890 ms [UE 10755] UL Throughput = 0.00000 Mbps
51917 ms [UE 12658] UL Throughput = 0.00000 Mbps
51917 ms [UE 23066] UL Throughput = 0.65522 Mbps
51917 ms [UE 42750] UL Throughput = 0.99319 Mbps
52000 ms [UE 17403] UL Throughput = 0.00000 Mbps
52000 ms [UE 10755] UL Throughput = 0.90912 Mbps
52008 ms | now=1755745464535797 us | PDCP ind_msg latency=70970010 us
52017 ms [UE 12658] UL Throughput = 0.00000 Mbps
52017 ms [UE 23066] UL Throughput = 0.00000 Mbps
52017 ms [UE 42750] UL Throughput = 0.00000 Mbps
52102 ms [UE 17403] UL Throughput = 0.00000 Mbps
52102 ms [UE 10755] UL Throughput = 0.00000 Mbps
52126 ms [UE 12658] UL Throughput = 0.91104 Mbps
52126 ms [UE 23066] UL Throughput = 0.00000 Mbps
52126 ms [UE 42750] UL Throughput = 0.75134 Mbps
52209 ms [UE 17403] UL Throughput = 0.70305 Mbps
52209 ms [UE 10755] UL Throughput = 0.92204 Mbps
52237 ms [UE 12658] UL Throughput = 0.00000 Mbps
52237 ms [UE 23066] UL Throughput = 0.12976 Mbps
52237 ms [UE 42750] UL Throughput = 0.00000 Mbps
52319 ms [UE 17403] UL Throughput = 0.00000 Mbps
52319 ms [UE 10755] UL Throughput = 0.15866 Mbps
52346 ms [UE 12658] UL Throughput = 0.65636 Mbps
52346 ms [UE 23066] UL Throughput = 0.00000 Mbps
52346 ms [UE 42750] UL Throughput = 0.00000 Mbps
52419 ms [UE 17403] UL Throughput = 0.75768 Mbps
52419 ms [UE 10755] UL Throughput = 0.71665 Mbps
52457 ms [UE 12658] UL Throughput = 0.73836 Mbps
52457 ms [UE 23066] UL Throughput = 0.00000 Mbps
52457 ms [UE 42750] UL Throughput = 0.89530 Mbps
52529 ms [UE 17403] UL Throughput = 0.83812 Mbps
52529 ms [UE 10755] UL Throughput = 0.00000 Mbps
52566 ms [UE 12658] UL Throughput = 0.00000 Mbps
52566 ms [UE 23066] UL Throughput = 0.00000 Mbps
52566 ms [UE 42750] UL Throughput = 0.15933 Mbps
52629 ms [UE 17403] UL Throughput = 0.00000 Mbps
52629 ms [UE 10755] UL Throughput = 0.81951 Mbps
52676 ms [UE 12658] UL Throughput = 0.00000 Mbps
52676 ms [UE 23066] UL Throughput = 0.59817 Mbps
52676 ms [UE 42750] UL Throughput = 0.74777 Mbps
52730 ms [UE 17403] UL Throughput = 0.90609 Mbps
52730 ms [UE 10755] UL Throughput = 0.80800 Mbps
52777 ms [UE 12658] UL Throughput = 0.98870 Mbps
52777 ms [UE 23066] UL Throughput = 0.65226 Mbps
52777 ms [UE 42750] UL Throughput = 0.00000 Mbps
52839 ms [UE 17403] UL Throughput = 0.00000 Mbps
52839 ms [UE 10755] UL Throughput = 0.00000 Mbps
52886 ms [UE 12658] UL Throughput = 0.00000 Mbps
52886 ms [UE 23066] UL Throughput = 0.00000 Mbps
52886 ms [UE 42750] UL Throughput = 0.00000 Mbps
52939 ms [UE 17403] UL Throughput = 0.75776 Mbps
52939 ms [UE 10755] UL Throughput = 0.99379 Mbps
52996 ms [UE 12658] UL Throughput = 0.00000 Mbps
52996 ms [UE 23066] UL Throughput = 0.53118 Mbps
52996 ms [UE 42750] UL Throughput = 0.90435 Mbps
53040 ms [UE 17403] UL Throughput = 0.00000 Mbps
53040 ms [UE 10755] UL Throughput = 0.00000 Mbps
53059 ms | now=1755745465586304 us | PDCP ind_msg latency=70969693 us
53106 ms [UE 12658] UL Throughput = 0.90636 Mbps
53106 ms [UE 23066] UL Throughput = 0.59794 Mbps
53106 ms [UE 42750] UL Throughput = 0.00000 Mbps
53149 ms [UE 17403] UL Throughput = 0.59951 Mbps
53149 ms [UE 10755] UL Throughput = 0.74944 Mbps
53216 ms [UE 12658] UL Throughput = 0.00000 Mbps
53216 ms [UE 23066] UL Throughput = 0.00000 Mbps
53216 ms [UE 42750] UL Throughput = 0.15781 Mbps
53260 ms [UE 17403] UL Throughput = 0.68702 Mbps
53260 ms [UE 10755] UL Throughput = 0.15794 Mbps
53327 ms [UE 12658] UL Throughput = 0.74328 Mbps
53327 ms [UE 23066] UL Throughput = 0.00000 Mbps
53327 ms [UE 42750] UL Throughput = 0.74328 Mbps
53370 ms [UE 17403] UL Throughput = 0.00000 Mbps
53370 ms [UE 10755] UL Throughput = 0.74207 Mbps
53428 ms [UE 12658] UL Throughput = 0.00000 Mbps
53428 ms [UE 23066] UL Throughput = 0.78819 Mbps
53428 ms [UE 42750] UL Throughput = 0.80847 Mbps
53479 ms [UE 17403] UL Throughput = 0.84151 Mbps
53479 ms [UE 10755] UL Throughput = 0.75041 Mbps
53537 ms [UE 12658] UL Throughput = 0.00000 Mbps
53537 ms [UE 23066] UL Throughput = 0.00000 Mbps
53537 ms [UE 42750] UL Throughput = 0.00000 Mbps
53580 ms [UE 17403] UL Throughput = 0.00000 Mbps
53580 ms [UE 10755] UL Throughput = 0.00000 Mbps
53637 ms [UE 12658] UL Throughput = 0.99231 Mbps
53637 ms [UE 23066] UL Throughput = 0.58285 Mbps
53637 ms [UE 42750] UL Throughput = 0.00000 Mbps
53689 ms [UE 17403] UL Throughput = 0.69286 Mbps
53689 ms [UE 10755] UL Throughput = 0.90868 Mbps
53747 ms [UE 12658] UL Throughput = 0.00000 Mbps
53747 ms [UE 23066] UL Throughput = 0.00000 Mbps
53747 ms [UE 42750] UL Throughput = 0.15907 Mbps
53789 ms [UE 17403] UL Throughput = 0.16132 Mbps
53789 ms [UE 10755] UL Throughput = 0.00000 Mbps
53847 ms [UE 12658] UL Throughput = 0.73611 Mbps
53847 ms [UE 23066] UL Throughput = 0.00000 Mbps
53847 ms [UE 42750] UL Throughput = 0.73611 Mbps
53889 ms [UE 17403] UL Throughput = 1.41365 Mbps
53889 ms [UE 10755] UL Throughput = 0.00000 Mbps
53956 ms [UE 12658] UL Throughput = 0.00000 Mbps
53956 ms [UE 23066] UL Throughput = 0.68274 Mbps
53956 ms [UE 42750] UL Throughput = 0.74824 Mbps
53989 ms [UE 17403] UL Throughput = 0.00000 Mbps
53989 ms [UE 10755] UL Throughput = 0.00000 Mbps
54056 ms [UE 12658] UL Throughput = 0.00000 Mbps
54056 ms [UE 23066] UL Throughput = 0.00000 Mbps
54056 ms [UE 42750] UL Throughput = 0.00000 Mbps
54089 ms [UE 17403] UL Throughput = 0.00000 Mbps
54089 ms [UE 10755] UL Throughput = 0.73601 Mbps
54101 ms | now=1755745466628685 us | PDCP ind_msg latency=70970065 us
54166 ms [UE 12658] UL Throughput = 0.90597 Mbps
54166 ms [UE 23066] UL Throughput = 0.59768 Mbps
54166 ms [UE 42750] UL Throughput = 0.00000 Mbps
54199 ms [UE 17403] UL Throughput = 0.14733 Mbps
54199 ms [UE 10755] UL Throughput = 0.74849 Mbps
54276 ms [UE 12658] UL Throughput = 0.00000 Mbps
54276 ms [UE 23066] UL Throughput = 0.00000 Mbps
54276 ms [UE 42750] UL Throughput = 0.00000 Mbps
54299 ms [UE 17403] UL Throughput = 0.00000 Mbps
54299 ms [UE 10755] UL Throughput = 0.00000 Mbps
54386 ms [UE 12658] UL Throughput = 0.65239 Mbps
54386 ms [UE 23066] UL Throughput = 0.00000 Mbps
54386 ms [UE 42750] UL Throughput = 0.90457 Mbps
54409 ms [UE 17403] UL Throughput = 0.69078 Mbps
54409 ms [UE 10755] UL Throughput = 0.83121 Mbps
54496 ms [UE 12658] UL Throughput = 0.00000 Mbps
54496 ms [UE 23066] UL Throughput = 0.72565 Mbps
54496 ms [UE 42750] UL Throughput = 0.74432 Mbps
54509 ms [UE 17403] UL Throughput = 0.75740 Mbps
54509 ms [UE 10755] UL Throughput = 0.17412 Mbps
54606 ms [UE 12658] UL Throughput = 0.00000 Mbps
54606 ms [UE 23066] UL Throughput = 0.00000 Mbps
54606 ms [UE 42750] UL Throughput = 0.00000 Mbps
54610 ms [UE 17403] UL Throughput = 0.00000 Mbps
54610 ms [UE 10755] UL Throughput = 0.71084 Mbps
54716 ms [UE 12658] UL Throughput = 0.90791 Mbps
54716 ms [UE 23066] UL Throughput = 0.59897 Mbps
54716 ms [UE 42750] UL Throughput = 0.00000 Mbps
54719 ms [UE 17403] UL Throughput = 0.69221 Mbps
54719 ms [UE 10755] UL Throughput = 0.90782 Mbps
54816 ms [UE 12658] UL Throughput = 0.81871 Mbps
54816 ms [UE 23066] UL Throughput = 0.00000 Mbps
54816 ms [UE 42750] UL Throughput = 0.99273 Mbps
54829 ms [UE 17403] UL Throughput = 0.00000 Mbps
54829 ms [UE 10755] UL Throughput = 0.00000 Mbps
54916 ms [UE 12658] UL Throughput = 0.00000 Mbps
54916 ms [UE 23066] UL Throughput = 0.00000 Mbps
54916 ms [UE 42750] UL Throughput = 0.00000 Mbps
54940 ms [UE 17403] UL Throughput = 0.83116 Mbps
54940 ms [UE 10755] UL Throughput = 0.74118 Mbps
55018 ms [UE 12658] UL Throughput = 0.00000 Mbps
55018 ms [UE 23066] UL Throughput = 0.78238 Mbps
55018 ms [UE 42750] UL Throughput = 0.70179 Mbps
55049 ms [UE 17403] UL Throughput = 0.00000 Mbps
55049 ms [UE 10755] UL Throughput = 0.15949 Mbps
55126 ms [UE 12658] UL Throughput = 0.00000 Mbps
55126 ms [UE 23066] UL Throughput = 0.00000 Mbps
55126 ms [UE 42750] UL Throughput = 0.00000 Mbps
55136 ms | now=1755745467663444 us | PDCP ind_msg latency=70969838 us
55150 ms [UE 17403] UL Throughput = 0.00000 Mbps
55150 ms [UE 10755] UL Throughput = 0.81595 Mbps
55227 ms [UE 12658] UL Throughput = 0.98550 Mbps
55227 ms [UE 23066] UL Throughput = 0.65016 Mbps
55227 ms [UE 42750] UL Throughput = 0.00000 Mbps
55260 ms [UE 17403] UL Throughput = 0.74131 Mbps
55260 ms [UE 10755] UL Throughput = 0.74370 Mbps
55336 ms [UE 12658] UL Throughput = 0.00000 Mbps
55336 ms [UE 23066] UL Throughput = 0.00000 Mbps
55336 ms [UE 42750] UL Throughput = 0.91043 Mbps
55369 ms [UE 17403] UL Throughput = 0.00000 Mbps
55369 ms [UE 10755] UL Throughput = 0.00000 Mbps
55446 ms [UE 12658] UL Throughput = 0.74466 Mbps
55446 ms [UE 23066] UL Throughput = 0.00000 Mbps
55446 ms [UE 42750] UL Throughput = 0.00000 Mbps
55480 ms [UE 17403] UL Throughput = 0.68739 Mbps
55480 ms [UE 10755] UL Throughput = 0.90150 Mbps
55556 ms [UE 12658] UL Throughput = 0.00000 Mbps
55556 ms [UE 23066] UL Throughput = 0.72571 Mbps
55556 ms [UE 42750] UL Throughput = 0.74438 Mbps
55590 ms [UE 17403] UL Throughput = 0.14660 Mbps
55590 ms [UE 10755] UL Throughput = 0.74480 Mbps
55657 ms [UE 12658] UL Throughput = 0.00000 Mbps
55657 ms [UE 23066] UL Throughput = 0.00000 Mbps
55657 ms [UE 42750] UL Throughput = 0.00000 Mbps
55700 ms [UE 17403] UL Throughput = 0.68890 Mbps
55700 ms [UE 10755] UL Throughput = 0.00000 Mbps
55767 ms [UE 12658] UL Throughput = 0.90722 Mbps
55767 ms [UE 23066] UL Throughput = 0.53287 Mbps
55767 ms [UE 42750] UL Throughput = 0.00000 Mbps
55810 ms [UE 17403] UL Throughput = 0.68624 Mbps
55810 ms [UE 10755] UL Throughput = 0.90000 Mbps
55868 ms [UE 12658] UL Throughput = 0.00000 Mbps
55868 ms [UE 23066] UL Throughput = 0.00000 Mbps
55868 ms [UE 42750] UL Throughput = 0.98057 Mbps
55919 ms [UE 17403] UL Throughput = 0.14788 Mbps
55919 ms [UE 10755] UL Throughput = 0.00000 Mbps
55976 ms [UE 12658] UL Throughput = 0.75900 Mbps
55976 ms [UE 23066] UL Throughput = 0.00000 Mbps
55976 ms [UE 42750] UL Throughput = 0.00000 Mbps
56020 ms [UE 17403] UL Throughput = 0.65353 Mbps
56020 ms [UE 10755] UL Throughput = 0.81697 Mbps
56086 ms [UE 12658] UL Throughput = 0.00000 Mbps
56086 ms [UE 23066] UL Throughput = 0.72727 Mbps
56086 ms [UE 42750] UL Throughput = 0.00000 Mbps
56132 ms [UE 17403] UL Throughput = 0.81900 Mbps
56132 ms [UE 10755] UL Throughput = 0.73034 Mbps
56181 ms | now=1755745468707852 us | PDCP ind_msg latency=70970279 us
56186 ms [UE 12658] UL Throughput = 0.00000 Mbps
56186 ms [UE 23066] UL Throughput = 0.00000 Mbps
56186 ms [UE 42750] UL Throughput = 0.81850 Mbps
56239 ms [UE 17403] UL Throughput = 0.00000 Mbps
56239 ms [UE 10755] UL Throughput = 0.00000 Mbps
56287 ms [UE 12658] UL Throughput = 0.98793 Mbps
56287 ms [UE 23066] UL Throughput = 0.65176 Mbps
56287 ms [UE 42750] UL Throughput = 0.00000 Mbps
56349 ms [UE 17403] UL Throughput = 0.68868 Mbps
56349 ms [UE 10755] UL Throughput = 0.90319 Mbps
56388 ms [UE 12658] UL Throughput = 0.00000 Mbps
56388 ms [UE 23066] UL Throughput = 0.00000 Mbps
56388 ms [UE 42750] UL Throughput = 0.00000 Mbps
56459 ms [UE 17403] UL Throughput = 0.68936 Mbps
56459 ms [UE 10755] UL Throughput = 0.15848 Mbps
56496 ms [UE 12658] UL Throughput = 0.66487 Mbps
56496 ms [UE 23066] UL Throughput = 0.00000 Mbps
56496 ms [UE 42750] UL Throughput = 0.92188 Mbps
56560 ms [UE 17403] UL Throughput = 0.00000 Mbps
56560 ms [UE 10755] UL Throughput = 0.81803 Mbps
56597 ms [UE 12658] UL Throughput = 0.00000 Mbps
56597 ms [UE 23066] UL Throughput = 0.74327 Mbps
56597 ms [UE 42750] UL Throughput = 0.00000 Mbps
56660 ms [UE 17403] UL Throughput = 0.81563 Mbps
56660 ms [UE 10755] UL Throughput = 0.81826 Mbps
56706 ms [UE 12658] UL Throughput = 0.00000 Mbps
56706 ms [UE 23066] UL Throughput = 0.00000 Mbps
56706 ms [UE 42750] UL Throughput = 0.00000 Mbps
56769 ms [UE 17403] UL Throughput = 0.00000 Mbps
56769 ms [UE 10755] UL Throughput = 0.00000 Mbps
56806 ms [UE 12658] UL Throughput = 0.91136 Mbps
56806 ms [UE 23066] UL Throughput = 0.00000 Mbps
56806 ms [UE 42750] UL Throughput = 0.00000 Mbps
56870 ms [UE 17403] UL Throughput = 0.83199 Mbps
56870 ms [UE 10755] UL Throughput = 0.00000 Mbps
56909 ms [UE 12658] UL Throughput = 0.00000 Mbps
56909 ms [UE 23066] UL Throughput = 0.00000 Mbps
56909 ms [UE 42750] UL Throughput = 0.00000 Mbps
56979 ms [UE 17403] UL Throughput = 0.00000 Mbps
56979 ms [UE 10755] UL Throughput = 0.00000 Mbps
57016 ms [UE 12658] UL Throughput = 0.16219 Mbps
57016 ms [UE 23066] UL Throughput = 0.61040 Mbps
57016 ms [UE 42750] UL Throughput = 0.68672 Mbps
57090 ms [UE 17403] UL Throughput = 0.68814 Mbps
57090 ms [UE 10755] UL Throughput = 0.90248 Mbps
57127 ms [UE 12658] UL Throughput = 0.00000 Mbps
57127 ms [UE 23066] UL Throughput = 0.00000 Mbps
57127 ms [UE 42750] UL Throughput = 0.00000 Mbps
57200 ms [UE 17403] UL Throughput = 0.14616 Mbps
57200 ms [UE 10755] UL Throughput = 0.00000 Mbps
57217 ms | now=1755745469744491 us | PDCP ind_msg latency=70969810 us
57237 ms [UE 12658] UL Throughput = 0.81127 Mbps
57237 ms [UE 23066] UL Throughput = 0.59700 Mbps
57237 ms [UE 42750] UL Throughput = 0.00000 Mbps
57309 ms [UE 17403] UL Throughput = 0.69565 Mbps
57309 ms [UE 10755] UL Throughput = 0.67715 Mbps
57346 ms [UE 12658] UL Throughput = 0.00000 Mbps
57346 ms [UE 23066] UL Throughput = 0.00000 Mbps
57346 ms [UE 42750] UL Throughput = 0.91027 Mbps
57409 ms [UE 17403] UL Throughput = 0.65292 Mbps
57409 ms [UE 10755] UL Throughput = 0.98969 Mbps
57446 ms [UE 12658] UL Throughput = 0.81571 Mbps
57446 ms [UE 23066] UL Throughput = 0.00000 Mbps
57446 ms [UE 42750] UL Throughput = 0.00000 Mbps
57520 ms [UE 17403] UL Throughput = 0.00000 Mbps
57520 ms [UE 10755] UL Throughput = 0.00000 Mbps
57549 ms [UE 12658] UL Throughput = 0.00000 Mbps
57549 ms [UE 23066] UL Throughput = 0.00000 Mbps
57549 ms [UE 42750] UL Throughput = 0.97218 Mbps
57629 ms [UE 17403] UL Throughput = 0.00000 Mbps
57629 ms [UE 10755] UL Throughput = 0.90832 Mbps
57656 ms [UE 12658] UL Throughput = 0.00000 Mbps
57656 ms [UE 23066] UL Throughput = 0.61055 Mbps
57656 ms [UE 42750] UL Throughput = 0.00000 Mbps
57730 ms [UE 17403] UL Throughput = 0.15935 Mbps
57730 ms [UE 10755] UL Throughput = 0.00000 Mbps
57757 ms [UE 12658] UL Throughput = 0.97918 Mbps
57757 ms [UE 23066] UL Throughput = 0.00000 Mbps
57757 ms [UE 42750] UL Throughput = 0.00000 Mbps
57841 ms [UE 17403] UL Throughput = 0.68442 Mbps
57841 ms [UE 10755] UL Throughput = 0.74026 Mbps
57866 ms [UE 12658] UL Throughput = 0.00000 Mbps
57866 ms [UE 23066] UL Throughput = 0.00000 Mbps
57866 ms [UE 42750] UL Throughput = 0.75523 Mbps
57949 ms [UE 17403] UL Throughput = 0.69933 Mbps
57949 ms [UE 10755] UL Throughput = 0.91716 Mbps
57976 ms [UE 12658] UL Throughput = 0.65271 Mbps
57976 ms [UE 23066] UL Throughput = 0.59706 Mbps
57976 ms [UE 42750] UL Throughput = 0.00000 Mbps
58060 ms [UE 17403] UL Throughput = 0.00000 Mbps
58060 ms [UE 10755] UL Throughput = 0.00000 Mbps
58076 ms [UE 12658] UL Throughput = 0.00000 Mbps
58076 ms [UE 23066] UL Throughput = 0.00000 Mbps
58076 ms [UE 42750] UL Throughput = 0.17311 Mbps
58169 ms [UE 17403] UL Throughput = 0.74495 Mbps
58169 ms [UE 10755] UL Throughput = 0.74736 Mbps
58186 ms [UE 12658] UL Throughput = 0.00000 Mbps
58186 ms [UE 23066] UL Throughput = 0.59787 Mbps
58186 ms [UE 42750] UL Throughput = 0.74740 Mbps
58245 ms | now=1755745470772428 us | PDCP ind_msg latency=70970842 us
58270 ms [UE 17403] UL Throughput = 0.16100 Mbps
58270 ms [UE 10755] UL Throughput = 0.00000 Mbps
58286 ms [UE 12658] UL Throughput = 0.81915 Mbps
58286 ms [UE 23066] UL Throughput = 0.14333 Mbps
58286 ms [UE 42750] UL Throughput = 0.00000 Mbps
58379 ms [UE 17403] UL Throughput = 0.69201 Mbps
58379 ms [UE 10755] UL Throughput = 0.74847 Mbps
58396 ms [UE 12658] UL Throughput = 0.00000 Mbps
58396 ms [UE 23066] UL Throughput = 0.00000 Mbps
58396 ms [UE 42750] UL Throughput = 0.74568 Mbps
58480 ms [UE 17403] UL Throughput = 0.00000 Mbps
58480 ms [UE 10755] UL Throughput = 0.98722 Mbps
58496 ms [UE 12658] UL Throughput = 0.81876 Mbps
58496 ms [UE 23066] UL Throughput = 0.14327 Mbps
58496 ms [UE 42750] UL Throughput = 0.00000 Mbps
58589 ms [UE 17403] UL Throughput = 0.69258 Mbps
58589 ms [UE 10755] UL Throughput = 0.00000 Mbps
58606 ms [UE 12658] UL Throughput = 0.00000 Mbps
58606 ms [UE 23066] UL Throughput = 0.59871 Mbps
58606 ms [UE 42750] UL Throughput = 0.00000 Mbps
58699 ms [UE 17403] UL Throughput = 0.68722 Mbps
58699 ms [UE 10755] UL Throughput = 0.90128 Mbps
58706 ms [UE 12658] UL Throughput = 0.00000 Mbps
58706 ms [UE 23066] UL Throughput = 0.00000 Mbps
58706 ms [UE 42750] UL Throughput = 0.99275 Mbps
58806 ms [UE 12658] UL Throughput = 0.71484 Mbps
58806 ms [UE 23066] UL Throughput = 0.00000 Mbps
58806 ms [UE 42750] UL Throughput = 0.00000 Mbps
58812 ms [UE 17403] UL Throughput = 0.14277 Mbps
58812 ms [UE 10755] UL Throughput = 0.00000 Mbps
58906 ms [UE 12658] UL Throughput = 0.00000 Mbps
58906 ms [UE 23066] UL Throughput = 0.14324 Mbps
58906 ms [UE 42750] UL Throughput = 0.00000 Mbps
58919 ms [UE 17403] UL Throughput = 0.61315 Mbps
58919 ms [UE 10755] UL Throughput = 0.76649 Mbps
59006 ms [UE 12658] UL Throughput = 0.81885 Mbps
59006 ms [UE 23066] UL Throughput = 0.00000 Mbps
59006 ms [UE 42750] UL Throughput = 0.00000 Mbps
59021 ms [UE 17403] UL Throughput = 0.15903 Mbps
59021 ms [UE 10755] UL Throughput = 0.80792 Mbps
59116 ms [UE 12658] UL Throughput = 0.00000 Mbps
59116 ms [UE 23066] UL Throughput = 0.59868 Mbps
59116 ms [UE 42750] UL Throughput = 0.90747 Mbps
59130 ms [UE 17403] UL Throughput = 0.00000 Mbps
59130 ms [UE 10755] UL Throughput = 0.00000 Mbps
59218 ms [UE 12658] UL Throughput = 0.00000 Mbps
59218 ms [UE 23066] UL Throughput = 0.00000 Mbps
59218 ms [UE 42750] UL Throughput = 0.00000 Mbps
59239 ms [UE 17403] UL Throughput = 0.69137 Mbps
59239 ms [UE 10755] UL Throughput = 0.90672 Mbps
59281 ms | now=1755745471808453 us | PDCP ind_msg latency=70969874 us
59320 ms [UE 12658] UL Throughput = 0.17124 Mbps
59320 ms [UE 23066] UL Throughput = 0.00000 Mbps
59320 ms [UE 42750] UL Throughput = 0.00000 Mbps
59340 ms [UE 17403] UL Throughput = 0.00000 Mbps
59340 ms [UE 10755] UL Throughput = 0.17328 Mbps
59426 ms [UE 12658] UL Throughput = 0.76933 Mbps
59426 ms [UE 23066] UL Throughput = 0.61542 Mbps
59426 ms [UE 42750] UL Throughput = 0.00000 Mbps
59449 ms [UE 17403] UL Throughput = 0.69201 Mbps
59449 ms [UE 10755] UL Throughput = 0.74847 Mbps
59527 ms [UE 12658] UL Throughput = 0.70825 Mbps
59527 ms [UE 23066] UL Throughput = 0.00000 Mbps
59527 ms [UE 42750] UL Throughput = 0.98204 Mbps
59559 ms [UE 17403] UL Throughput = 0.74356 Mbps
59559 ms [UE 10755] UL Throughput = 0.74596 Mbps
59636 ms [UE 12658] UL Throughput = 0.00000 Mbps
59636 ms [UE 23066] UL Throughput = 0.00000 Mbps
59636 ms [UE 42750] UL Throughput = 0.00000 Mbps
59660 ms [UE 17403] UL Throughput = 0.00000 Mbps
59660 ms [UE 10755] UL Throughput = 0.00000 Mbps
59737 ms [UE 12658] UL Throughput = 0.00000 Mbps
59737 ms [UE 23066] UL Throughput = 0.73869 Mbps
59737 ms [UE 42750] UL Throughput = 0.72858 Mbps
59769 ms [UE 17403] UL Throughput = 0.76295 Mbps
59769 ms [UE 10755] UL Throughput = 0.00000 Mbps
59847 ms [UE 12658] UL Throughput = 0.15891 Mbps
59847 ms [UE 23066] UL Throughput = 0.00000 Mbps
59847 ms [UE 42750] UL Throughput = 0.00000 Mbps
59879 ms [UE 17403] UL Throughput = 0.68867 Mbps
59879 ms [UE 10755] UL Throughput = 0.15832 Mbps
59956 ms [UE 12658] UL Throughput = 0.67552 Mbps
59956 ms [UE 23066] UL Throughput = 0.00000 Mbps
59956 ms [UE 42750] UL Throughput = 0.75061 Mbps
59989 ms [UE 17403] UL Throughput = 0.00000 Mbps
59989 ms [UE 10755] UL Throughput = 0.74833 Mbps
60057 ms [UE 12658] UL Throughput = 0.81536 Mbps
60057 ms [UE 23066] UL Throughput = 0.79491 Mbps
60057 ms [UE 42750] UL Throughput = 0.00000 Mbps
60091 ms [UE 17403] UL Throughput = 0.15823 Mbps
60091 ms [UE 10755] UL Throughput = 0.72344 Mbps
60167 ms [UE 12658] UL Throughput = 0.00000 Mbps
60167 ms [UE 23066] UL Throughput = 0.00000 Mbps
60167 ms [UE 42750] UL Throughput = 0.15831 Mbps
60199 ms [UE 17403] UL Throughput = 0.00000 Mbps
60199 ms [UE 10755] UL Throughput = 0.00000 Mbps
60276 ms [UE 12658] UL Throughput = 0.00000 Mbps
60276 ms [UE 23066] UL Throughput = 0.53294 Mbps
60276 ms [UE 42750] UL Throughput = 0.74829 Mbps
60299 ms [UE 17403] UL Throughput = 0.65447 Mbps
60299 ms [UE 10755] UL Throughput = 0.99205 Mbps
60327 ms | now=1755745472854608 us | PDCP ind_msg latency=70969985 us
60377 ms [UE 12658] UL Throughput = 0.98605 Mbps
60377 ms [UE 23066] UL Throughput = 0.00000 Mbps
60377 ms [UE 42750] UL Throughput = 0.00000 Mbps
60409 ms [UE 17403] UL Throughput = 0.69029 Mbps
60409 ms [UE 10755] UL Throughput = 0.15869 Mbps
60486 ms [UE 12658] UL Throughput = 0.00000 Mbps
60486 ms [UE 23066] UL Throughput = 0.60018 Mbps
60486 ms [UE 42750] UL Throughput = 0.00000 Mbps
60509 ms [UE 17403] UL Throughput = 0.00000 Mbps
60509 ms [UE 10755] UL Throughput = 0.81915 Mbps
60587 ms [UE 12658] UL Throughput = 0.81546 Mbps
60587 ms [UE 23066] UL Throughput = 0.00000 Mbps
60587 ms [UE 42750] UL Throughput = 0.98879 Mbps
60610 ms [UE 17403] UL Throughput = 0.91711 Mbps
60610 ms [UE 10755] UL Throughput = 0.81782 Mbps
60688 ms [UE 12658] UL Throughput = 0.00000 Mbps
60688 ms [UE 23066] UL Throughput = 0.00000 Mbps
60688 ms [UE 42750] UL Throughput = 0.00000 Mbps
60719 ms [UE 17403] UL Throughput = 0.00000 Mbps
60719 ms [UE 10755] UL Throughput = 0.00000 Mbps
60796 ms [UE 12658] UL Throughput = 0.00000 Mbps
60796 ms [UE 23066] UL Throughput = 0.74012 Mbps
60796 ms [UE 42750] UL Throughput = 0.75916 Mbps
60819 ms [UE 17403] UL Throughput = 0.75474 Mbps
60819 ms [UE 10755] UL Throughput = 0.98982 Mbps
60896 ms [UE 12658] UL Throughput = 0.17401 Mbps
60896 ms [UE 23066] UL Throughput = 0.00000 Mbps
60896 ms [UE 42750] UL Throughput = 0.00000 Mbps
60930 ms [UE 17403] UL Throughput = 0.14645 Mbps
60930 ms [UE 10755] UL Throughput = 0.00000 Mbps
60996 ms [UE 12658] UL Throughput = 0.81820 Mbps
60996 ms [UE 23066] UL Throughput = 0.58273 Mbps
60996 ms [UE 42750] UL Throughput = 0.00000 Mbps
61040 ms [UE 17403] UL Throughput = 0.59609 Mbps
61040 ms [UE 10755] UL Throughput = 0.74516 Mbps
61106 ms [UE 12658] UL Throughput = 0.74812 Mbps
61106 ms [UE 23066] UL Throughput = 0.00000 Mbps
61106 ms [UE 42750] UL Throughput = 0.90713 Mbps
61140 ms [UE 17403] UL Throughput = 0.91772 Mbps
61140 ms [UE 10755] UL Throughput = 0.81837 Mbps
61206 ms [UE 12658] UL Throughput = 0.00000 Mbps
61206 ms [UE 23066] UL Throughput = 0.79692 Mbps
61206 ms [UE 42750] UL Throughput = 0.81742 Mbps
61251 ms [UE 17403] UL Throughput = 0.00000 Mbps
61251 ms [UE 10755] UL Throughput = 0.00000 Mbps
61309 ms [UE 12658] UL Throughput = 0.00000 Mbps
61309 ms [UE 23066] UL Throughput = 0.00000 Mbps
61309 ms [UE 42750] UL Throughput = 0.00000 Mbps
61359 ms [UE 17403] UL Throughput = 0.70299 Mbps
61359 ms [UE 10755] UL Throughput = 0.92196 Mbps
61360 ms | now=1755745473887344 us | PDCP ind_msg latency=70969744 us
61416 ms [UE 12658] UL Throughput = 0.92968 Mbps
61416 ms [UE 23066] UL Throughput = 0.61332 Mbps
61416 ms [UE 42750] UL Throughput = 0.00000 Mbps
61459 ms [UE 17403] UL Throughput = 0.00000 Mbps
61459 ms [UE 10755] UL Throughput = 0.00000 Mbps
61517 ms [UE 12658] UL Throughput = 0.00000 Mbps
61517 ms [UE 23066] UL Throughput = 0.00000 Mbps
61517 ms [UE 42750] UL Throughput = 0.98438 Mbps
61570 ms [UE 17403] UL Throughput = 0.83115 Mbps
61570 ms [UE 10755] UL Throughput = 0.74117 Mbps
61626 ms [UE 12658] UL Throughput = 0.65738 Mbps
61626 ms [UE 23066] UL Throughput = 0.00000 Mbps
61626 ms [UE 42750] UL Throughput = 0.00000 Mbps
61679 ms [UE 17403] UL Throughput = 0.00000 Mbps
61679 ms [UE 10755] UL Throughput = 0.81538 Mbps
61736 ms [UE 12658] UL Throughput = 0.00000 Mbps
61736 ms [UE 23066] UL Throughput = 0.59656 Mbps
61736 ms [UE 42750] UL Throughput = 0.74576 Mbps
61780 ms [UE 17403] UL Throughput = 0.00000 Mbps
61780 ms [UE 10755] UL Throughput = 0.00000 Mbps
61846 ms [UE 12658] UL Throughput = 0.15858 Mbps
61846 ms [UE 23066] UL Throughput = 0.00000 Mbps
61846 ms [UE 42750] UL Throughput = 0.00000 Mbps
61880 ms [UE 17403] UL Throughput = 0.75660 Mbps
61880 ms [UE 10755] UL Throughput = 0.99226 Mbps
61958 ms [UE 12658] UL Throughput = 0.73126 Mbps
61958 ms [UE 23066] UL Throughput = 0.58497 Mbps
61958 ms [UE 42750] UL Throughput = 0.00000 Mbps
61990 ms [UE 17403] UL Throughput = 0.00000 Mbps
61990 ms [UE 10755] UL Throughput = 0.00000 Mbps
62066 ms [UE 12658] UL Throughput = 0.75987 Mbps
62066 ms [UE 23066] UL Throughput = 0.13296 Mbps
62066 ms [UE 42750] UL Throughput = 0.75987 Mbps
62099 ms [UE 17403] UL Throughput = 0.69391 Mbps
62099 ms [UE 10755] UL Throughput = 0.91006 Mbps
62168 ms [UE 12658] UL Throughput = 0.00000 Mbps
62168 ms [UE 23066] UL Throughput = 0.14026 Mbps
62168 ms [UE 42750] UL Throughput = 0.80157 Mbps
62200 ms [UE 17403] UL Throughput = 0.91311 Mbps
62200 ms [UE 10755] UL Throughput = 0.00000 Mbps
62276 ms [UE 12658] UL Throughput = 0.00000 Mbps
62276 ms [UE 23066] UL Throughput = 0.54011 Mbps
62276 ms [UE 42750] UL Throughput = 0.00000 Mbps
62300 ms [UE 17403] UL Throughput = 0.00000 Mbps
62300 ms [UE 10755] UL Throughput = 0.81940 Mbps
62385 ms | now=1755745474912497 us | PDCP ind_msg latency=70969923 us
62386 ms [UE 12658] UL Throughput = 0.83238 Mbps
62386 ms [UE 23066] UL Throughput = 0.55178 Mbps
62386 ms [UE 42750] UL Throughput = 0.00000 Mbps
62409 ms [UE 17403] UL Throughput = 0.74442 Mbps
62409 ms [UE 10755] UL Throughput = 0.74683 Mbps
62486 ms [UE 12658] UL Throughput = 0.00000 Mbps
62486 ms [UE 23066] UL Throughput = 0.00000 Mbps
62486 ms [UE 42750] UL Throughput = 0.73635 Mbps
62510 ms [UE 17403] UL Throughput = 0.00000 Mbps
62510 ms [UE 10755] UL Throughput = 0.00000 Mbps
62596 ms [UE 12658] UL Throughput = 0.74710 Mbps
62596 ms [UE 23066] UL Throughput = 0.00000 Mbps
62596 ms [UE 42750] UL Throughput = 0.00000 Mbps
62620 ms [UE 17403] UL Throughput = 0.61431 Mbps
62620 ms [UE 10755] UL Throughput = 0.67059 Mbps
62696 ms [UE 12658] UL Throughput = 0.00000 Mbps
62696 ms [UE 23066] UL Throughput = 0.79622 Mbps
62696 ms [UE 42750] UL Throughput = 0.81671 Mbps
62729 ms [UE 17403] UL Throughput = 0.00000 Mbps
62729 ms [UE 10755] UL Throughput = 0.74993 Mbps
62796 ms [UE 12658] UL Throughput = 0.00000 Mbps
62796 ms [UE 23066] UL Throughput = 0.00000 Mbps
62796 ms [UE 42750] UL Throughput = 0.17399 Mbps
62829 ms [UE 17403] UL Throughput = 0.00000 Mbps
62829 ms [UE 10755] UL Throughput = 0.00000 Mbps
62897 ms [UE 12658] UL Throughput = 0.81702 Mbps
62897 ms [UE 23066] UL Throughput = 0.58189 Mbps
62897 ms [UE 42750] UL Throughput = 0.00000 Mbps
62930 ms [UE 17403] UL Throughput = 0.75562 Mbps
62930 ms [UE 10755] UL Throughput = 0.99098 Mbps
63006 ms [UE 12658] UL Throughput = 0.75113 Mbps
63006 ms [UE 23066] UL Throughput = 0.00000 Mbps
63006 ms [UE 42750] UL Throughput = 0.91078 Mbps
63031 ms [UE 17403] UL Throughput = 0.00000 Mbps
63031 ms [UE 10755] UL Throughput = 0.00000 Mbps
63107 ms [UE 12658] UL Throughput = 0.00000 Mbps
63107 ms [UE 23066] UL Throughput = 0.00000 Mbps
63107 ms [UE 42750] UL Throughput = 0.00000 Mbps
63139 ms [UE 17403] UL Throughput = 0.85245 Mbps
63139 ms [UE 10755] UL Throughput = 0.66476 Mbps
63216 ms [UE 12658] UL Throughput = 0.00000 Mbps
63216 ms [UE 23066] UL Throughput = 0.73472 Mbps
63216 ms [UE 42750] UL Throughput = 0.75362 Mbps
63239 ms [UE 17403] UL Throughput = 0.00000 Mbps
63239 ms [UE 10755] UL Throughput = 0.17397 Mbps
63316 ms [UE 12658] UL Throughput = 0.99222 Mbps
63316 ms [UE 23066] UL Throughput = 0.65459 Mbps
63316 ms [UE 42750] UL Throughput = 0.00000 Mbps
63349 ms [UE 17403] UL Throughput = 0.69013 Mbps
63349 ms [UE 10755] UL Throughput = 0.74644 Mbps
63416 ms [UE 12658] UL Throughput = 0.00000 Mbps
63416 ms [UE 23066] UL Throughput = 0.00000 Mbps
63416 ms [UE 42750] UL Throughput = 0.00000 Mbps
63424 ms | now=1755745475951554 us | PDCP ind_msg latency=70969992 us
63449 ms [UE 17403] UL Throughput = 0.75755 Mbps
63449 ms [UE 10755] UL Throughput = 0.99351 Mbps
63526 ms [UE 12658] UL Throughput = 0.65284 Mbps
63526 ms [UE 23066] UL Throughput = 0.00000 Mbps
63526 ms [UE 42750] UL Throughput = 0.90520 Mbps
63550 ms [UE 17403] UL Throughput = 0.00000 Mbps
63550 ms [UE 10755] UL Throughput = 0.00000 Mbps
63636 ms [UE 12658] UL Throughput = 0.00000 Mbps
63636 ms [UE 23066] UL Throughput = 0.00000 Mbps
63636 ms [UE 42750] UL Throughput = 0.00000 Mbps
63659 ms [UE 17403] UL Throughput = 0.84132 Mbps
63659 ms [UE 10755] UL Throughput = 0.75024 Mbps
63747 ms [UE 12658] UL Throughput = 0.00000 Mbps
63747 ms [UE 23066] UL Throughput = 0.00000 Mbps
63747 ms [UE 42750] UL Throughput = 0.74062 Mbps
63759 ms [UE 17403] UL Throughput = 0.00000 Mbps
63759 ms [UE 10755] UL Throughput = 0.00000 Mbps
63856 ms [UE 12658] UL Throughput = 0.90843 Mbps
63856 ms [UE 23066] UL Throughput = 0.00000 Mbps
63856 ms [UE 42750] UL Throughput = 0.00000 Mbps
63860 ms [UE 17403] UL Throughput = 0.75669 Mbps
63860 ms [UE 10755] UL Throughput = 0.88968 Mbps
63966 ms [UE 12658] UL Throughput = 0.00000 Mbps
63966 ms [UE 23066] UL Throughput = 0.59743 Mbps
63966 ms [UE 42750] UL Throughput = 0.00000 Mbps
63969 ms [UE 17403] UL Throughput = 0.00000 Mbps
63969 ms [UE 10755] UL Throughput = 0.15859 Mbps
64076 ms [UE 12658] UL Throughput = 0.00000 Mbps
64076 ms [UE 23066] UL Throughput = 0.72534 Mbps
64076 ms [UE 42750] UL Throughput = 0.74400 Mbps
64079 ms [UE 17403] UL Throughput = 0.00000 Mbps
64079 ms [UE 10755] UL Throughput = 0.74627 Mbps
64177 ms [UE 12658] UL Throughput = 0.98907 Mbps
64177 ms [UE 23066] UL Throughput = 0.00000 Mbps
64177 ms [UE 42750] UL Throughput = 0.71333 Mbps
64179 ms [UE 17403] UL Throughput = 0.91759 Mbps
64179 ms [UE 10755] UL Throughput = 0.81825 Mbps
64286 ms [UE 12658] UL Throughput = 0.00000 Mbps
64286 ms [UE 23066] UL Throughput = 0.00000 Mbps
64286 ms [UE 42750] UL Throughput = 0.00000 Mbps
64289 ms [UE 17403] UL Throughput = 0.00000 Mbps
64289 ms [UE 10755] UL Throughput = 0.15862 Mbps
64387 ms [UE 12658] UL Throughput = 0.98905 Mbps
64387 ms [UE 23066] UL Throughput = 0.65250 Mbps
64387 ms [UE 42750] UL Throughput = 0.00000 Mbps
64390 ms [UE 17403] UL Throughput = 0.75019 Mbps
64390 ms [UE 10755] UL Throughput = 0.81139 Mbps
64454 ms | now=1755745476981282 us | PDCP ind_msg latency=70970360 us
64487 ms [UE 12658] UL Throughput = 0.00000 Mbps
64487 ms [UE 23066] UL Throughput = 0.00000 Mbps
64487 ms [UE 42750] UL Throughput = 0.17396 Mbps
64500 ms [UE 17403] UL Throughput = 0.14720 Mbps
64500 ms [UE 10755] UL Throughput = 0.74780 Mbps
64597 ms [UE 12658] UL Throughput = 0.00000 Mbps
64597 ms [UE 23066] UL Throughput = 0.59524 Mbps
64597 ms [UE 42750] UL Throughput = 0.74411 Mbps
64609 ms [UE 17403] UL Throughput = 0.59895 Mbps
64609 ms [UE 10755] UL Throughput = 0.00000 Mbps
64706 ms [UE 12658] UL Throughput = 0.91338 Mbps
64706 ms [UE 23066] UL Throughput = 0.00000 Mbps
64706 ms [UE 42750] UL Throughput = 0.75327 Mbps
64710 ms [UE 17403] UL Throughput = 0.75401 Mbps
64710 ms [UE 10755] UL Throughput = 0.17334 Mbps
64808 ms [UE 12658] UL Throughput = 0.00000 Mbps
64808 ms [UE 23066] UL Throughput = 0.00000 Mbps
64808 ms [UE 42750] UL Throughput = 0.00000 Mbps
64819 ms [UE 17403] UL Throughput = 0.00000 Mbps
64819 ms [UE 10755] UL Throughput = 0.74848 Mbps
64916 ms [UE 12658] UL Throughput = 0.65995 Mbps
64916 ms [UE 23066] UL Throughput = 0.73573 Mbps
64916 ms [UE 42750] UL Throughput = 0.00000 Mbps
64929 ms [UE 17403] UL Throughput = 0.83812 Mbps
64929 ms [UE 10755] UL Throughput = 0.74739 Mbps
65026 ms [UE 12658] UL Throughput = 0.67203 Mbps
65026 ms [UE 23066] UL Throughput = 0.00000 Mbps
65026 ms [UE 42750] UL Throughput = 0.83074 Mbps
65033 ms [UE 17403] UL Throughput = 0.00000 Mbps
65033 ms [UE 10755] UL Throughput = 0.16826 Mbps
65127 ms [UE 12658] UL Throughput = 0.00000 Mbps
65127 ms [UE 23066] UL Throughput = 0.00000 Mbps
65127 ms [UE 42750] UL Throughput = 0.00000 Mbps
65142 ms [UE 17403] UL Throughput = 0.00000 Mbps
65142 ms [UE 10755] UL Throughput = 0.75133 Mbps
65236 ms [UE 12658] UL Throughput = 0.00000 Mbps
65236 ms [UE 23066] UL Throughput = 0.13140 Mbps
65236 ms [UE 42750] UL Throughput = 0.75098 Mbps
65250 ms [UE 17403] UL Throughput = 0.75720 Mbps
65250 ms [UE 10755] UL Throughput = 0.75965 Mbps
65337 ms [UE 12658] UL Throughput = 0.00000 Mbps
65337 ms [UE 23066] UL Throughput = 0.00000 Mbps
65337 ms [UE 42750] UL Throughput = 0.00000 Mbps
65360 ms [UE 17403] UL Throughput = 0.00000 Mbps
65360 ms [UE 10755] UL Throughput = 0.00000 Mbps
65437 ms [UE 12658] UL Throughput = 0.99266 Mbps
65437 ms [UE 23066] UL Throughput = 0.65488 Mbps
65437 ms [UE 42750] UL Throughput = 0.00000 Mbps
65469 ms [UE 17403] UL Throughput = 0.00000 Mbps
65469 ms [UE 10755] UL Throughput = 0.67446 Mbps
65488 ms | now=1755745478015036 us | PDCP ind_msg latency=70970382 us
65547 ms [UE 12658] UL Throughput = 0.00000 Mbps
65547 ms [UE 23066] UL Throughput = 0.00000 Mbps
65547 ms [UE 42750] UL Throughput = 0.15808 Mbps
65570 ms [UE 17403] UL Throughput = 0.00000 Mbps
65570 ms [UE 10755] UL Throughput = 0.17386 Mbps
65656 ms [UE 12658] UL Throughput = 0.00000 Mbps
65656 ms [UE 23066] UL Throughput = 0.55681 Mbps
65656 ms [UE 42750] UL Throughput = 0.66026 Mbps
65679 ms [UE 17403] UL Throughput = 0.69318 Mbps
65679 ms [UE 10755] UL Throughput = 0.00000 Mbps
65756 ms [UE 12658] UL Throughput = 0.98714 Mbps
65756 ms [UE 23066] UL Throughput = 0.00000 Mbps
65756 ms [UE 42750] UL Throughput = 0.81410 Mbps
65790 ms [UE 17403] UL Throughput = 0.68380 Mbps
65790 ms [UE 10755] UL Throughput = 0.82282 Mbps
65867 ms [UE 12658] UL Throughput = 0.00000 Mbps
65867 ms [UE 23066] UL Throughput = 0.00000 Mbps
65867 ms [UE 42750] UL Throughput = 0.00000 Mbps
65899 ms [UE 17403] UL Throughput = 0.00000 Mbps
65899 ms [UE 10755] UL Throughput = 0.00000 Mbps
65976 ms [UE 12658] UL Throughput = 0.74903 Mbps
65976 ms [UE 23066] UL Throughput = 0.73024 Mbps
65976 ms [UE 42750] UL Throughput = 0.00000 Mbps
66009 ms [UE 17403] UL Throughput = 0.68993 Mbps
66009 ms [UE 10755] UL Throughput = 0.81118 Mbps
66077 ms [UE 12658] UL Throughput = 0.00000 Mbps
66077 ms [UE 23066] UL Throughput = 0.00000 Mbps
66077 ms [UE 42750] UL Throughput = 0.98160 Mbps
66109 ms [UE 17403] UL Throughput = 0.16129 Mbps
66109 ms [UE 10755] UL Throughput = 0.00000 Mbps
66186 ms [UE 12658] UL Throughput = 0.00000 Mbps
66186 ms [UE 23066] UL Throughput = 0.60262 Mbps
66186 ms [UE 42750] UL Throughput = 0.00000 Mbps
66209 ms [UE 17403] UL Throughput = 0.75587 Mbps
66209 ms [UE 10755] UL Throughput = 0.81754 Mbps
66287 ms [UE 12658] UL Throughput = 0.98159 Mbps
66287 ms [UE 23066] UL Throughput = 0.00000 Mbps
66287 ms [UE 42750] UL Throughput = 0.70793 Mbps
66319 ms [UE 17403] UL Throughput = 0.00000 Mbps
66319 ms [UE 10755] UL Throughput = 0.00000 Mbps
66397 ms [UE 12658] UL Throughput = 0.00000 Mbps
66397 ms [UE 23066] UL Throughput = 0.00000 Mbps
66397 ms [UE 42750] UL Throughput = 0.00000 Mbps
66429 ms [UE 17403] UL Throughput = 0.83673 Mbps
66429 ms [UE 10755] UL Throughput = 0.74615 Mbps
66506 ms [UE 12658] UL Throughput = 0.74787 Mbps
66506 ms [UE 23066] UL Throughput = 0.72912 Mbps
66506 ms [UE 42750] UL Throughput = 0.00000 Mbps
66520 ms | now=1755745479047715 us | PDCP ind_msg latency=70970141 us
66530 ms [UE 17403] UL Throughput = 0.00000 Mbps
66530 ms [UE 10755] UL Throughput = 0.98921 Mbps
66607 ms [UE 12658] UL Throughput = 0.00000 Mbps
66607 ms [UE 23066] UL Throughput = 0.00000 Mbps
66607 ms [UE 42750] UL Throughput = 0.17311 Mbps
66630 ms [UE 17403] UL Throughput = 0.00000 Mbps
66630 ms [UE 10755] UL Throughput = 0.00000 Mbps
66716 ms [UE 12658] UL Throughput = 0.00000 Mbps
66716 ms [UE 23066] UL Throughput = 0.60064 Mbps
66716 ms [UE 42750] UL Throughput = 0.75086 Mbps
66740 ms [UE 17403] UL Throughput = 0.00000 Mbps
66740 ms [UE 10755] UL Throughput = 0.81607 Mbps
66817 ms [UE 12658] UL Throughput = 0.98330 Mbps
66817 ms [UE 23066] UL Throughput = 0.00000 Mbps
66817 ms [UE 42750] UL Throughput = 0.81094 Mbps
66840 ms [UE 17403] UL Throughput = 0.00000 Mbps
66840 ms [UE 10755] UL Throughput = 0.17385 Mbps
66926 ms [UE 12658] UL Throughput = 0.00000 Mbps
66926 ms [UE 23066] UL Throughput = 0.00000 Mbps
66926 ms [UE 42750] UL Throughput = 0.00000 Mbps
66949 ms [UE 17403] UL Throughput = 0.69251 Mbps
66949 ms [UE 10755] UL Throughput = 0.74902 Mbps
67027 ms [UE 12658] UL Throughput = 0.71558 Mbps
67027 ms [UE 23066] UL Throughput = 0.79775 Mbps
67027 ms [UE 42750] UL Throughput = 0.00000 Mbps
67050 ms [UE 17403] UL Throughput = 0.00000 Mbps
67050 ms [UE 10755] UL Throughput = 0.17216 Mbps
67138 ms [UE 12658] UL Throughput = 0.00000 Mbps
67138 ms [UE 23066] UL Throughput = 0.00000 Mbps
67138 ms [UE 42750] UL Throughput = 0.15609 Mbps
67160 ms [UE 17403] UL Throughput = 0.68943 Mbps
67160 ms [UE 10755] UL Throughput = 0.74568 Mbps
67246 ms [UE 12658] UL Throughput = 0.00000 Mbps
67246 ms [UE 23066] UL Throughput = 0.60600 Mbps
67246 ms [UE 42750] UL Throughput = 0.75756 Mbps
67261 ms [UE 17403] UL Throughput = 0.91542 Mbps
67261 ms [UE 10755] UL Throughput = 0.81632 Mbps
67347 ms [UE 12658] UL Throughput = 0.98549 Mbps
67347 ms [UE 23066] UL Throughput = 0.00000 Mbps
67347 ms [UE 42750] UL Throughput = 0.81274 Mbps
67372 ms [UE 17403] UL Throughput = 0.00000 Mbps
67372 ms [UE 10755] UL Throughput = 0.00000 Mbps
67456 ms [UE 12658] UL Throughput = 0.00000 Mbps
67456 ms [UE 23066] UL Throughput = 0.00000 Mbps
67456 ms [UE 42750] UL Throughput = 0.00000 Mbps
67479 ms [UE 17403] UL Throughput = 0.75779 Mbps
67479 ms [UE 10755] UL Throughput = 0.76023 Mbps
67547 ms | now=1755745480073934 us | PDCP ind_msg latency=70970349 us
67557 ms [UE 12658] UL Throughput = 0.81482 Mbps
67557 ms [UE 23066] UL Throughput = 0.14258 Mbps
67557 ms [UE 42750] UL Throughput = 0.00000 Mbps
67580 ms [UE 17403] UL Throughput = 0.16058 Mbps
67580 ms [UE 10755] UL Throughput = 0.81581 Mbps
67666 ms [UE 12658] UL Throughput = 0.00000 Mbps
67666 ms [UE 23066] UL Throughput = 0.00000 Mbps
67666 ms [UE 42750] UL Throughput = 0.90811 Mbps
67689 ms [UE 17403] UL Throughput = 0.69180 Mbps
67689 ms [UE 10755] UL Throughput = 0.00000 Mbps
67767 ms [UE 12658] UL Throughput = 0.00000 Mbps
67767 ms [UE 23066] UL Throughput = 0.58052 Mbps
67767 ms [UE 42750] UL Throughput = 0.00000 Mbps
67790 ms [UE 17403] UL Throughput = 0.75660 Mbps
67790 ms [UE 10755] UL Throughput = 0.99226 Mbps
67877 ms [UE 12658] UL Throughput = 0.82998 Mbps
67877 ms [UE 23066] UL Throughput = 0.00000 Mbps
67877 ms [UE 42750] UL Throughput = 0.00000 Mbps
67890 ms [UE 17403] UL Throughput = 0.00000 Mbps
67890 ms [UE 10755] UL Throughput = 0.00000 Mbps
67986 ms [UE 12658] UL Throughput = 0.15914 Mbps
67986 ms [UE 23066] UL Throughput = 0.00000 Mbps
67986 ms [UE 42750] UL Throughput = 0.00000 Mbps
67999 ms [UE 17403] UL Throughput = 0.83966 Mbps
67999 ms [UE 10755] UL Throughput = 0.74876 Mbps
68099 ms [UE 12658] UL Throughput = 0.65514 Mbps
68099 ms [UE 23066] UL Throughput = 0.58232 Mbps
68099 ms [UE 42750] UL Throughput = 0.00000 Mbps
68109 ms [UE 17403] UL Throughput = 0.00000 Mbps
68109 ms [UE 10755] UL Throughput = 0.15855 Mbps
68207 ms [UE 12658] UL Throughput = 0.00000 Mbps
68207 ms [UE 23066] UL Throughput = 0.73688 Mbps
68207 ms [UE 42750] UL Throughput = 0.68023 Mbps
68209 ms [UE 17403] UL Throughput = 0.75742 Mbps
68209 ms [UE 10755] UL Throughput = 0.71641 Mbps
68310 ms [UE 17403] UL Throughput = 0.66856 Mbps
68310 ms [UE 10755] UL Throughput = 0.00000 Mbps
68316 ms [UE 12658] UL Throughput = 0.00000 Mbps
68316 ms [UE 23066] UL Throughput = 0.00000 Mbps
68316 ms [UE 42750] UL Throughput = 0.00000 Mbps
68416 ms [UE 12658] UL Throughput = 0.89015 Mbps
68416 ms [UE 23066] UL Throughput = 0.00000 Mbps
68416 ms [UE 42750] UL Throughput = 0.81887 Mbps
68420 ms [UE 17403] UL Throughput = 0.00000 Mbps
68420 ms [UE 10755] UL Throughput = 0.67406 Mbps
68517 ms [UE 12658] UL Throughput = 0.00000 Mbps
68517 ms [UE 23066] UL Throughput = 0.79335 Mbps
68517 ms [UE 42750] UL Throughput = 0.00000 Mbps
68529 ms [UE 17403] UL Throughput = 0.83905 Mbps
68529 ms [UE 10755] UL Throughput = 0.74822 Mbps
68576 ms | now=1755745481102861 us | PDCP ind_msg latency=70970260 us
68617 ms [UE 12658] UL Throughput = 0.00000 Mbps
68617 ms [UE 23066] UL Throughput = 0.00000 Mbps
68617 ms [UE 42750] UL Throughput = 0.81920 Mbps
68640 ms [UE 17403] UL Throughput = 0.00000 Mbps
68640 ms [UE 10755] UL Throughput = 0.15808 Mbps
68726 ms [UE 12658] UL Throughput = 0.16029 Mbps
68726 ms [UE 23066] UL Throughput = 0.00000 Mbps
68726 ms [UE 42750] UL Throughput = 0.00000 Mbps
68740 ms [UE 17403] UL Throughput = 0.75674 Mbps
68740 ms [UE 10755] UL Throughput = 0.81848 Mbps
68827 ms [UE 12658] UL Throughput = 0.81297 Mbps
68827 ms [UE 23066] UL Throughput = 0.65033 Mbps
68827 ms [UE 42750] UL Throughput = 0.00000 Mbps
68850 ms [UE 17403] UL Throughput = 0.74268 Mbps
68850 ms [UE 10755] UL Throughput = 0.74508 Mbps
68936 ms [UE 12658] UL Throughput = 0.00000 Mbps
68936 ms [UE 23066] UL Throughput = 0.00000 Mbps
68936 ms [UE 42750] UL Throughput = 0.90817 Mbps
68960 ms [UE 17403] UL Throughput = 0.00000 Mbps
68960 ms [UE 10755] UL Throughput = 0.00000 Mbps
69036 ms [UE 12658] UL Throughput = 0.81865 Mbps
69036 ms [UE 23066] UL Throughput = 0.00000 Mbps
69036 ms [UE 42750] UL Throughput = 0.00000 Mbps
69070 ms [UE 17403] UL Throughput = 0.69300 Mbps
69070 ms [UE 10755] UL Throughput = 0.90886 Mbps
69147 ms [UE 12658] UL Throughput = 0.00000 Mbps
69147 ms [UE 23066] UL Throughput = 0.59505 Mbps
69147 ms [UE 42750] UL Throughput = 0.65051 Mbps
69180 ms [UE 17403] UL Throughput = 0.14590 Mbps
69180 ms [UE 10755] UL Throughput = 0.00000 Mbps
69257 ms [UE 12658] UL Throughput = 0.00000 Mbps
69257 ms [UE 23066] UL Throughput = 0.00000 Mbps
69257 ms [UE 42750] UL Throughput = 0.00000 Mbps
69289 ms [UE 17403] UL Throughput = 0.69404 Mbps
69289 ms [UE 10755] UL Throughput = 0.75067 Mbps
69366 ms [UE 12658] UL Throughput = 0.90986 Mbps
69366 ms [UE 23066] UL Throughput = 0.60025 Mbps
69366 ms [UE 42750] UL Throughput = 0.00000 Mbps
69399 ms [UE 17403] UL Throughput = 0.68938 Mbps
69399 ms [UE 10755] UL Throughput = 0.90410 Mbps
69476 ms [UE 12658] UL Throughput = 0.00000 Mbps
69476 ms [UE 23066] UL Throughput = 0.13009 Mbps
69476 ms [UE 42750] UL Throughput = 0.74349 Mbps
69509 ms [UE 17403] UL Throughput = 0.00000 Mbps
69509 ms [UE 10755] UL Throughput = 0.00000 Mbps
69576 ms [UE 12658] UL Throughput = 0.81925 Mbps
69576 ms [UE 23066] UL Throughput = 0.00000 Mbps
69576 ms [UE 42750] UL Throughput = 0.00000 Mbps
69601 ms | now=1755745482128590 us | PDCP ind_msg latency=70970035 us
69611 ms [UE 17403] UL Throughput = 0.80516 Mbps
69611 ms [UE 10755] UL Throughput = 0.80776 Mbps
69687 ms [UE 12658] UL Throughput = 0.00000 Mbps
69687 ms [UE 23066] UL Throughput = 0.72401 Mbps
69687 ms [UE 42750] UL Throughput = 0.74264 Mbps
69720 ms [UE 17403] UL Throughput = 0.00000 Mbps
69720 ms [UE 10755] UL Throughput = 0.16046 Mbps
69798 ms [UE 12658] UL Throughput = 0.00000 Mbps
69798 ms [UE 23066] UL Throughput = 0.00000 Mbps
69798 ms [UE 42750] UL Throughput = 0.00000 Mbps
69831 ms [UE 17403] UL Throughput = 0.00000 Mbps
69831 ms [UE 10755] UL Throughput = 0.73252 Mbps
69906 ms [UE 12658] UL Throughput = 0.92109 Mbps
69906 ms [UE 23066] UL Throughput = 0.00000 Mbps
69906 ms [UE 42750] UL Throughput = 0.66429 Mbps
69939 ms [UE 17403] UL Throughput = 0.85232 Mbps
69939 ms [UE 10755] UL Throughput = 0.76005 Mbps
70007 ms [UE 12658] UL Throughput = 0.00000 Mbps
70007 ms [UE 23066] UL Throughput = 0.14259 Mbps
70007 ms [UE 42750] UL Throughput = 0.00000 Mbps
70040 ms [UE 17403] UL Throughput = 0.00000 Mbps
70040 ms [UE 10755] UL Throughput = 0.17270 Mbps
70118 ms [UE 12658] UL Throughput = 0.73743 Mbps
70118 ms [UE 23066] UL Throughput = 0.58990 Mbps
70118 ms [UE 42750] UL Throughput = 0.00000 Mbps
70150 ms [UE 17403] UL Throughput = 0.69193 Mbps
70150 ms [UE 10755] UL Throughput = 0.74839 Mbps
70226 ms [UE 12658] UL Throughput = 0.00000 Mbps
70226 ms [UE 23066] UL Throughput = 0.60698 Mbps
70226 ms [UE 42750] UL Throughput = 0.92006 Mbps
70259 ms [UE 17403] UL Throughput = 0.74514 Mbps
70259 ms [UE 10755] UL Throughput = 0.74755 Mbps
70329 ms [UE 12658] UL Throughput = 0.00000 Mbps
70329 ms [UE 23066] UL Throughput = 0.00000 Mbps
70329 ms [UE 42750] UL Throughput = 0.00000 Mbps
70360 ms [UE 17403] UL Throughput = 0.00000 Mbps
70360 ms [UE 10755] UL Throughput = 0.00000 Mbps
70437 ms [UE 12658] UL Throughput = 0.91491 Mbps
70437 ms [UE 23066] UL Throughput = 0.00000 Mbps
70437 ms [UE 42750] UL Throughput = 0.75453 Mbps
70469 ms [UE 17403] UL Throughput = 0.83958 Mbps
70469 ms [UE 10755] UL Throughput = 0.74869 Mbps
70546 ms [UE 12658] UL Throughput = 0.00000 Mbps
70546 ms [UE 23066] UL Throughput = 0.73498 Mbps
70546 ms [UE 42750] UL Throughput = 0.00000 Mbps
70569 ms [UE 17403] UL Throughput = 0.00000 Mbps
70569 ms [UE 10755] UL Throughput = 0.17417 Mbps
70632 ms | now=1755745483159507 us | PDCP ind_msg latency=70969942 us
70648 ms [UE 12658] UL Throughput = 0.70482 Mbps
70648 ms [UE 23066] UL Throughput = 0.00000 Mbps
70648 ms [UE 42750] UL Throughput = 0.00000 Mbps
70670 ms [UE 17403] UL Throughput = 0.75489 Mbps
70670 ms [UE 10755] UL Throughput = 0.81648 Mbps
70756 ms [UE 12658] UL Throughput = 0.00000 Mbps
70756 ms [UE 23066] UL Throughput = 0.00000 Mbps
70756 ms [UE 42750] UL Throughput = 0.84282 Mbps
70779 ms [UE 17403] UL Throughput = 0.00000 Mbps
70779 ms [UE 10755] UL Throughput = 0.15901 Mbps
70858 ms [UE 12658] UL Throughput = 0.00000 Mbps
70858 ms [UE 23066] UL Throughput = 0.00000 Mbps
70858 ms [UE 42750] UL Throughput = 0.00000 Mbps
70879 ms [UE 17403] UL Throughput = 0.75749 Mbps
70879 ms [UE 10755] UL Throughput = 0.81929 Mbps
70966 ms [UE 12658] UL Throughput = 0.83914 Mbps
70966 ms [UE 23066] UL Throughput = 0.00000 Mbps
70966 ms [UE 42750] UL Throughput = 0.75427 Mbps
70990 ms [UE 17403] UL Throughput = 0.14654 Mbps
70990 ms [UE 10755] UL Throughput = 0.74446 Mbps
71067 ms [UE 12658] UL Throughput = 0.00000 Mbps
71067 ms [UE 23066] UL Throughput = 0.00000 Mbps
71067 ms [UE 42750] UL Throughput = 0.00000 Mbps
71090 ms [UE 17403] UL Throughput = 0.65419 Mbps
71090 ms [UE 10755] UL Throughput = 0.00000 Mbps
71177 ms [UE 12658] UL Throughput = 0.89813 Mbps
71177 ms [UE 23066] UL Throughput = 0.54625 Mbps
71177 ms [UE 42750] UL Throughput = 0.00000 Mbps
71199 ms [UE 17403] UL Throughput = 0.76287 Mbps
71199 ms [UE 10755] UL Throughput = 0.00000 Mbps
71277 ms [UE 12658] UL Throughput = 0.00000 Mbps
71277 ms [UE 23066] UL Throughput = 0.65407 Mbps
71277 ms [UE 42750] UL Throughput = 0.17379 Mbps
71300 ms [UE 17403] UL Throughput = 0.00000 Mbps
71300 ms [UE 10755] UL Throughput = 0.00000 Mbps
71387 ms [UE 12658] UL Throughput = 0.00000 Mbps
71387 ms [UE 23066] UL Throughput = 0.00000 Mbps
71387 ms [UE 42750] UL Throughput = 0.65378 Mbps
71410 ms [UE 17403] UL Throughput = 0.68961 Mbps
71410 ms [UE 10755] UL Throughput = 0.90442 Mbps
71496 ms [UE 12658] UL Throughput = 0.91063 Mbps
71496 ms [UE 23066] UL Throughput = 0.00000 Mbps
71496 ms [UE 42750] UL Throughput = 0.75101 Mbps
71519 ms [UE 17403] UL Throughput = 0.14697 Mbps
71519 ms [UE 10755] UL Throughput = 0.67195 Mbps
71596 ms [UE 12658] UL Throughput = 0.00000 Mbps
71596 ms [UE 23066] UL Throughput = 0.00000 Mbps
71596 ms [UE 42750] UL Throughput = 0.00000 Mbps
71619 ms [UE 17403] UL Throughput = 0.75740 Mbps
71619 ms [UE 10755] UL Throughput = 0.00000 Mbps
71674 ms | now=1755745484201656 us | PDCP ind_msg latency=70970780 us
71697 ms [UE 12658] UL Throughput = 0.81781 Mbps
71697 ms [UE 23066] UL Throughput = 0.79729 Mbps
71697 ms [UE 42750] UL Throughput = 0.00000 Mbps
71729 ms [UE 17403] UL Throughput = 0.59660 Mbps
71729 ms [UE 10755] UL Throughput = 0.90432 Mbps
71806 ms [UE 12658] UL Throughput = 0.00000 Mbps
71806 ms [UE 23066] UL Throughput = 0.00000 Mbps
71806 ms [UE 42750] UL Throughput = 0.15920 Mbps
71830 ms [UE 17403] UL Throughput = 0.00000 Mbps
71830 ms [UE 10755] UL Throughput = 0.00000 Mbps
71906 ms [UE 12658] UL Throughput = 0.00000 Mbps
71906 ms [UE 23066] UL Throughput = 0.00000 Mbps
71906 ms [UE 42750] UL Throughput = 0.81680 Mbps
71930 ms [UE 17403] UL Throughput = 0.75632 Mbps
71930 ms [UE 10755] UL Throughput = 0.99190 Mbps
72008 ms [UE 12658] UL Throughput = 0.97583 Mbps
72008 ms [UE 23066] UL Throughput = 0.57317 Mbps
72008 ms [UE 42750] UL Throughput = 0.00000 Mbps
72031 ms [UE 17403] UL Throughput = 0.16066 Mbps
72031 ms [UE 10755] UL Throughput = 0.00000 Mbps
72117 ms [UE 12658] UL Throughput = 0.00000 Mbps
72117 ms [UE 23066] UL Throughput = 0.00000 Mbps
72117 ms [UE 42750] UL Throughput = 0.00000 Mbps
72140 ms [UE 17403] UL Throughput = 0.00000 Mbps
72140 ms [UE 10755] UL Throughput = 0.74721 Mbps
72226 ms [UE 12658] UL Throughput = 0.00000 Mbps
72226 ms [UE 23066] UL Throughput = 0.59815 Mbps
72226 ms [UE 42750] UL Throughput = 0.90668 Mbps
72241 ms [UE 17403] UL Throughput = 0.00000 Mbps
72241 ms [UE 10755] UL Throughput = 0.98678 Mbps
72336 ms [UE 12658] UL Throughput = 0.15860 Mbps
72336 ms [UE 23066] UL Throughput = 0.00000 Mbps
72336 ms [UE 42750] UL Throughput = 0.00000 Mbps
72349 ms [UE 17403] UL Throughput = 0.00000 Mbps
72349 ms [UE 10755] UL Throughput = 0.00000 Mbps
72437 ms [UE 12658] UL Throughput = 0.81768 Mbps
72437 ms [UE 23066] UL Throughput = 0.00000 Mbps
72437 ms [UE 42750] UL Throughput = 0.81768 Mbps
72449 ms [UE 17403] UL Throughput = 0.75728 Mbps
72449 ms [UE 10755] UL Throughput = 0.89037 Mbps
72549 ms [UE 12658] UL Throughput = 0.00000 Mbps
72549 ms [UE 23066] UL Throughput = 0.12817 Mbps
72549 ms [UE 42750] UL Throughput = 0.00000 Mbps
72550 ms [UE 17403] UL Throughput = 0.00000 Mbps
72550 ms [UE 10755] UL Throughput = 0.17353 Mbps
72657 ms [UE 12658] UL Throughput = 0.75831 Mbps
72657 ms [UE 23066] UL Throughput = 0.60660 Mbps
72657 ms [UE 42750] UL Throughput = 0.00000 Mbps
72659 ms [UE 17403] UL Throughput = 0.69053 Mbps
72659 ms [UE 10755] UL Throughput = 0.74687 Mbps
72707 ms | now=1755745485234536 us | PDCP ind_msg latency=70969950 us
72757 ms [UE 12658] UL Throughput = 0.00000 Mbps
72757 ms [UE 23066] UL Throughput = 0.58158 Mbps
72757 ms [UE 42750] UL Throughput = 0.99016 Mbps
72760 ms [UE 17403] UL Throughput = 0.91028 Mbps
72760 ms [UE 10755] UL Throughput = 0.81173 Mbps
72857 ms [UE 12658] UL Throughput = 0.00000 Mbps
72857 ms [UE 23066] UL Throughput = 0.00000 Mbps
72857 ms [UE 42750] UL Throughput = 0.00000 Mbps
72861 ms [UE 17403] UL Throughput = 0.00000 Mbps
72861 ms [UE 10755] UL Throughput = 0.00000 Mbps
72967 ms [UE 12658] UL Throughput = 0.90996 Mbps
72967 ms [UE 23066] UL Throughput = 0.00000 Mbps
72967 ms [UE 42750] UL Throughput = 0.75045 Mbps
72969 ms [UE 17403] UL Throughput = 0.84558 Mbps
72969 ms [UE 10755] UL Throughput = 0.75404 Mbps
73070 ms [UE 17403] UL Throughput = 0.00000 Mbps
73070 ms [UE 10755] UL Throughput = 0.17389 Mbps
73077 ms [UE 12658] UL Throughput = 0.74042 Mbps
73077 ms [UE 23066] UL Throughput = 0.59229 Mbps
73077 ms [UE 42750] UL Throughput = 0.00000 Mbps
73180 ms [UE 17403] UL Throughput = 0.68642 Mbps
73180 ms [UE 10755] UL Throughput = 0.64925 Mbps
73186 ms [UE 12658] UL Throughput = 0.00000 Mbps
73186 ms [UE 23066] UL Throughput = 0.00000 Mbps
73186 ms [UE 42750] UL Throughput = 0.00000 Mbps
73287 ms [UE 12658] UL Throughput = 0.00000 Mbps
73287 ms [UE 23066] UL Throughput = 0.65242 Mbps
73287 ms [UE 42750] UL Throughput = 0.98894 Mbps
73290 ms [UE 17403] UL Throughput = 0.69169 Mbps
73290 ms [UE 10755] UL Throughput = 0.90714 Mbps
73390 ms [UE 17403] UL Throughput = 0.00000 Mbps
73390 ms [UE 10755] UL Throughput = 0.00000 Mbps
73397 ms [UE 12658] UL Throughput = 0.00000 Mbps
73397 ms [UE 23066] UL Throughput = 0.13025 Mbps
73397 ms [UE 42750] UL Throughput = 0.00000 Mbps
73500 ms [UE 17403] UL Throughput = 0.14640 Mbps
73500 ms [UE 10755] UL Throughput = 0.74374 Mbps
73507 ms [UE 12658] UL Throughput = 0.74657 Mbps
73507 ms [UE 23066] UL Throughput = 0.00000 Mbps
73507 ms [UE 42750] UL Throughput = 0.65287 Mbps
73609 ms [UE 17403] UL Throughput = 0.00000 Mbps
73609 ms [UE 10755] UL Throughput = 0.15885 Mbps
73617 ms [UE 12658] UL Throughput = 0.67237 Mbps
73617 ms [UE 23066] UL Throughput = 0.68170 Mbps
73617 ms [UE 42750] UL Throughput = 0.00000 Mbps
73710 ms [UE 17403] UL Throughput = 0.00000 Mbps
73710 ms [UE 10755] UL Throughput = 0.81665 Mbps
73726 ms [UE 12658] UL Throughput = 0.00000 Mbps
73726 ms [UE 23066] UL Throughput = 0.00000 Mbps
73726 ms [UE 42750] UL Throughput = 0.00000 Mbps
73747 ms | now=1755745486274172 us | PDCP ind_msg latency=70970561 us
73810 ms [UE 17403] UL Throughput = 0.75446 Mbps
73810 ms [UE 10755] UL Throughput = 0.17344 Mbps
73826 ms [UE 12658] UL Throughput = 0.81570 Mbps
73826 ms [UE 23066] UL Throughput = 0.00000 Mbps
73826 ms [UE 42750] UL Throughput = 0.73410 Mbps
73919 ms [UE 17403] UL Throughput = 0.00000 Mbps
73919 ms [UE 10755] UL Throughput = 0.65773 Mbps
73937 ms [UE 12658] UL Throughput = 0.00000 Mbps
73937 ms [UE 23066] UL Throughput = 0.00000 Mbps
73937 ms [UE 42750] UL Throughput = 0.00000 Mbps
74020 ms [UE 17403] UL Throughput = 0.00000 Mbps
74020 ms [UE 10755] UL Throughput = 0.73596 Mbps
74046 ms [UE 12658] UL Throughput = 0.00000 Mbps
74046 ms [UE 23066] UL Throughput = 0.73148 Mbps
74046 ms [UE 42750] UL Throughput = 0.75030 Mbps
74129 ms [UE 17403] UL Throughput = 0.00000 Mbps
74129 ms [UE 10755] UL Throughput = 0.15872 Mbps
74146 ms [UE 12658] UL Throughput = 0.00000 Mbps
74146 ms [UE 23066] UL Throughput = 0.00000 Mbps
74146 ms [UE 42750] UL Throughput = 0.00000 Mbps
74229 ms [UE 17403] UL Throughput = 0.75774 Mbps
74229 ms [UE 10755] UL Throughput = 0.00000 Mbps
74258 ms [UE 12658] UL Throughput = 0.73447 Mbps
74258 ms [UE 23066] UL Throughput = 0.52309 Mbps
74258 ms [UE 42750] UL Throughput = 0.15611 Mbps
74330 ms [UE 17403] UL Throughput = 0.00000 Mbps
74330 ms [UE 10755] UL Throughput = 0.90999 Mbps
74359 ms [UE 12658] UL Throughput = 0.00000 Mbps
74359 ms [UE 23066] UL Throughput = 0.00000 Mbps
74359 ms [UE 42750] UL Throughput = 0.98415 Mbps
74430 ms [UE 17403] UL Throughput = 0.75115 Mbps
74430 ms [UE 10755] UL Throughput = 0.00000 Mbps
74468 ms [UE 12658] UL Throughput = 0.75352 Mbps
74468 ms [UE 23066] UL Throughput = 0.00000 Mbps
74468 ms [UE 42750] UL Throughput = 0.00000 Mbps
74540 ms [UE 17403] UL Throughput = 0.69436 Mbps
74540 ms [UE 10755] UL Throughput = 0.81640 Mbps
74576 ms [UE 12658] UL Throughput = 0.00000 Mbps
74576 ms [UE 23066] UL Throughput = 0.73595 Mbps
74576 ms [UE 42750] UL Throughput = 0.75488 Mbps
74650 ms [UE 17403] UL Throughput = 0.00000 Mbps
74650 ms [UE 10755] UL Throughput = 0.00000 Mbps
74677 ms [UE 12658] UL Throughput = 0.00000 Mbps
74677 ms [UE 23066] UL Throughput = 0.00000 Mbps
74677 ms [UE 42750] UL Throughput = 0.00000 Mbps
74759 ms [UE 17403] UL Throughput = 0.83765 Mbps
74759 ms [UE 10755] UL Throughput = 0.74697 Mbps
74771 ms | now=1755745487298560 us | PDCP ind_msg latency=70969929 us
74786 ms [UE 12658] UL Throughput = 0.90726 Mbps
74786 ms [UE 23066] UL Throughput = 0.59853 Mbps
74786 ms [UE 42750] UL Throughput = 0.00000 Mbps
74860 ms [UE 17403] UL Throughput = 0.16079 Mbps
74860 ms [UE 10755] UL Throughput = 0.81686 Mbps
74887 ms [UE 12658] UL Throughput = 0.00000 Mbps
74887 ms [UE 23066] UL Throughput = 0.00000 Mbps
74887 ms [UE 42750] UL Throughput = 0.17314 Mbps
74970 ms [UE 17403] UL Throughput = 0.68870 Mbps
74970 ms [UE 10755] UL Throughput = 0.00000 Mbps
74996 ms [UE 12658] UL Throughput = 0.65349 Mbps
74996 ms [UE 23066] UL Throughput = 0.00000 Mbps
74996 ms [UE 42750] UL Throughput = 0.74727 Mbps
75071 ms [UE 17403] UL Throughput = 0.00000 Mbps
75071 ms [UE 10755] UL Throughput = 0.98447 Mbps
75098 ms [UE 12658] UL Throughput = 0.00000 Mbps
75098 ms [UE 23066] UL Throughput = 0.14198 Mbps
75098 ms [UE 42750] UL Throughput = 0.00000 Mbps
75180 ms [UE 17403] UL Throughput = 0.00000 Mbps
75180 ms [UE 10755] UL Throughput = 0.00000 Mbps
75206 ms [UE 12658] UL Throughput = 0.00000 Mbps
75206 ms [UE 23066] UL Throughput = 0.60178 Mbps
75206 ms [UE 42750] UL Throughput = 0.75228 Mbps
75280 ms [UE 17403] UL Throughput = 0.65522 Mbps
75280 ms [UE 10755] UL Throughput = 0.81908 Mbps
75307 ms [UE 12658] UL Throughput = 0.98571 Mbps
75307 ms [UE 23066] UL Throughput = 0.65029 Mbps
75307 ms [UE 42750] UL Throughput = 0.00000 Mbps
75389 ms [UE 17403] UL Throughput = 0.00000 Mbps
75389 ms [UE 10755] UL Throughput = 0.15884 Mbps
75417 ms [UE 12658] UL Throughput = 0.00000 Mbps
75417 ms [UE 23066] UL Throughput = 0.00000 Mbps
75417 ms [UE 42750] UL Throughput = 0.00000 Mbps
75490 ms [UE 17403] UL Throughput = 0.75548 Mbps
75490 ms [UE 10755] UL Throughput = 0.81712 Mbps
75527 ms [UE 12658] UL Throughput = 0.74502 Mbps
75527 ms [UE 23066] UL Throughput = 0.00000 Mbps
75527 ms [UE 42750] UL Throughput = 0.90337 Mbps
75599 ms [UE 17403] UL Throughput = 0.83812 Mbps
75599 ms [UE 10755] UL Throughput = 0.74738 Mbps
75636 ms [UE 12658] UL Throughput = 0.00000 Mbps
75636 ms [UE 23066] UL Throughput = 0.00000 Mbps
75636 ms [UE 42750] UL Throughput = 0.00000 Mbps
75699 ms [UE 17403] UL Throughput = 0.00000 Mbps
75699 ms [UE 10755] UL Throughput = 0.00000 Mbps
75746 ms [UE 12658] UL Throughput = 0.00000 Mbps
75746 ms [UE 23066] UL Throughput = 0.72729 Mbps
75746 ms [UE 42750] UL Throughput = 0.65238 Mbps
75797 ms | now=1755745488324492 us | PDCP ind_msg latency=70969932 us
75810 ms [UE 17403] UL Throughput = 0.68855 Mbps
75810 ms [UE 10755] UL Throughput = 0.90302 Mbps
75847 ms [UE 12658] UL Throughput = 0.98867 Mbps
75847 ms [UE 23066] UL Throughput = 0.65224 Mbps
75847 ms [UE 42750] UL Throughput = 0.00000 Mbps
75911 ms [UE 17403] UL Throughput = 0.00000 Mbps
75911 ms [UE 10755] UL Throughput = 0.00000 Mbps
75957 ms [UE 12658] UL Throughput = 0.00000 Mbps
75957 ms [UE 23066] UL Throughput = 0.00000 Mbps
75957 ms [UE 42750] UL Throughput = 0.00000 Mbps
76020 ms [UE 17403] UL Throughput = 0.74735 Mbps
76020 ms [UE 10755] UL Throughput = 0.74977 Mbps
76057 ms [UE 12658] UL Throughput = 0.81819 Mbps
76057 ms [UE 23066] UL Throughput = 0.00000 Mbps
76057 ms [UE 42750] UL Throughput = 0.99210 Mbps
76130 ms [UE 17403] UL Throughput = 0.14695 Mbps
76130 ms [UE 10755] UL Throughput = 0.00000 Mbps
76169 ms [UE 12658] UL Throughput = 0.00000 Mbps
76169 ms [UE 23066] UL Throughput = 0.71297 Mbps
76169 ms [UE 42750] UL Throughput = 0.00000 Mbps
76239 ms [UE 17403] UL Throughput = 0.69185 Mbps
76239 ms [UE 10755] UL Throughput = 0.74830 Mbps
76276 ms [UE 12658] UL Throughput = 0.00000 Mbps
76276 ms [UE 23066] UL Throughput = 0.00000 Mbps
76276 ms [UE 42750] UL Throughput = 0.76257 Mbps
76339 ms [UE 17403] UL Throughput = 0.00000 Mbps
76339 ms [UE 10755] UL Throughput = 0.17418 Mbps
76376 ms [UE 12658] UL Throughput = 0.99281 Mbps
76376 ms [UE 23066] UL Throughput = 0.00000 Mbps
76376 ms [UE 42750] UL Throughput = 0.00000 Mbps
76440 ms [UE 17403] UL Throughput = 0.00000 Mbps
76440 ms [UE 10755] UL Throughput = 0.81731 Mbps
76477 ms [UE 12658] UL Throughput = 0.00000 Mbps
76477 ms [UE 23066] UL Throughput = 0.57991 Mbps
76477 ms [UE 42750] UL Throughput = 0.00000 Mbps
76540 ms [UE 17403] UL Throughput = 0.16044 Mbps
76540 ms [UE 10755] UL Throughput = 0.81507 Mbps
76586 ms [UE 12658] UL Throughput = 0.67640 Mbps
76586 ms [UE 23066] UL Throughput = 0.00000 Mbps
76586 ms [UE 42750] UL Throughput = 0.83615 Mbps
76649 ms [UE 17403] UL Throughput = 0.00000 Mbps
76649 ms [UE 10755] UL Throughput = 0.15955 Mbps
76687 ms [UE 12658] UL Throughput = 0.00000 Mbps
76687 ms [UE 23066] UL Throughput = 0.00000 Mbps
76687 ms [UE 42750] UL Throughput = 0.00000 Mbps
76760 ms [UE 17403] UL Throughput = 0.68779 Mbps
76760 ms [UE 10755] UL Throughput = 0.65054 Mbps
76796 ms [UE 12658] UL Throughput = 0.00000 Mbps
76796 ms [UE 23066] UL Throughput = 0.68404 Mbps
76796 ms [UE 42750] UL Throughput = 0.74966 Mbps
76832 ms | now=1755745489358823 us | PDCP ind_msg latency=70970241 us
76860 ms [UE 17403] UL Throughput = 0.00000 Mbps
76860 ms [UE 10755] UL Throughput = 0.17382 Mbps
76896 ms [UE 12658] UL Throughput = 0.17405 Mbps
76896 ms [UE 23066] UL Throughput = 0.00000 Mbps
76896 ms [UE 42750] UL Throughput = 0.00000 Mbps
76960 ms [UE 17403] UL Throughput = 0.00000 Mbps
76960 ms [UE 10755] UL Throughput = 0.73665 Mbps
76996 ms [UE 12658] UL Throughput = 0.81722 Mbps
76996 ms [UE 23066] UL Throughput = 0.65373 Mbps
76996 ms [UE 42750] UL Throughput = 0.00000 Mbps
77060 ms [UE 17403] UL Throughput = 1.50791 Mbps
77060 ms [UE 10755] UL Throughput = 0.17333 Mbps
77106 ms [UE 12658] UL Throughput = 0.00000 Mbps
77106 ms [UE 23066] UL Throughput = 0.00000 Mbps
77106 ms [UE 42750] UL Throughput = 0.90611 Mbps
77170 ms [UE 17403] UL Throughput = 0.14784 Mbps
77170 ms [UE 10755] UL Throughput = 0.00000 Mbps
77206 ms [UE 12658] UL Throughput = 0.71620 Mbps
77206 ms [UE 23066] UL Throughput = 0.00000 Mbps
77206 ms [UE 42750] UL Throughput = 0.00000 Mbps
77270 ms [UE 17403] UL Throughput = 0.75317 Mbps
77270 ms [UE 10755] UL Throughput = 0.73314 Mbps
77310 ms [UE 12658] UL Throughput = 0.00000 Mbps
77310 ms [UE 23066] UL Throughput = 0.13873 Mbps
77310 ms [UE 42750] UL Throughput = 0.00000 Mbps
77371 ms [UE 17403] UL Throughput = 0.00000 Mbps
77371 ms [UE 10755] UL Throughput = 0.17352 Mbps
77416 ms [UE 12658] UL Throughput = 0.00000 Mbps
77416 ms [UE 23066] UL Throughput = 0.61459 Mbps
77416 ms [UE 42750] UL Throughput = 0.76829 Mbps
77479 ms [UE 17403] UL Throughput = 0.60342 Mbps
77479 ms [UE 10755] UL Throughput = 0.75434 Mbps
77519 ms [UE 12658] UL Throughput = 0.96456 Mbps
77519 ms [UE 23066] UL Throughput = 0.63634 Mbps
77519 ms [UE 42750] UL Throughput = 0.00000 Mbps
77581 ms [UE 17403] UL Throughput = 0.00000 Mbps
77581 ms [UE 10755] UL Throughput = 0.97854 Mbps
77628 ms [UE 12658] UL Throughput = 0.00000 Mbps
77628 ms [UE 23066] UL Throughput = 0.00000 Mbps
77628 ms [UE 42750] UL Throughput = 0.16009 Mbps
77690 ms [UE 17403] UL Throughput = 0.00000 Mbps
77690 ms [UE 10755] UL Throughput = 0.00000 Mbps
77737 ms [UE 12658] UL Throughput = 0.75516 Mbps
77737 ms [UE 23066] UL Throughput = 0.00000 Mbps
77737 ms [UE 42750] UL Throughput = 0.75516 Mbps
77800 ms [UE 17403] UL Throughput = 0.83652 Mbps
77800 ms [UE 10755] UL Throughput = 0.74596 Mbps
77839 ms [UE 12658] UL Throughput = 0.00000 Mbps
77839 ms [UE 23066] UL Throughput = 0.78555 Mbps
77839 ms [UE 42750] UL Throughput = 0.70463 Mbps
77878 ms | now=1755745490405680 us | PDCP ind_msg latency=70970102 us
77911 ms [UE 17403] UL Throughput = 0.00000 Mbps
77911 ms [UE 10755] UL Throughput = 0.15669 Mbps
77946 ms [UE 12658] UL Throughput = 0.00000 Mbps
77946 ms [UE 23066] UL Throughput = 0.00000 Mbps
77946 ms [UE 42750] UL Throughput = 0.00000 Mbps
78022 ms [UE 17403] UL Throughput = 0.68098 Mbps
78022 ms [UE 10755] UL Throughput = 0.73654 Mbps
78057 ms [UE 12658] UL Throughput = 0.89843 Mbps
78057 ms [UE 23066] UL Throughput = 0.59271 Mbps
78057 ms [UE 42750] UL Throughput = 0.00000 Mbps
78130 ms [UE 17403] UL Throughput = 0.15009 Mbps
78130 ms [UE 10755] UL Throughput = 0.76251 Mbps
78166 ms [UE 12658] UL Throughput = 0.74727 Mbps
78166 ms [UE 23066] UL Throughput = 0.00000 Mbps
78166 ms [UE 42750] UL Throughput = 0.90611 Mbps
78230 ms [UE 17403] UL Throughput = 0.00000 Mbps
78230 ms [UE 10755] UL Throughput = 0.00000 Mbps
78267 ms [UE 12658] UL Throughput = 0.00000 Mbps
78267 ms [UE 23066] UL Throughput = 0.00000 Mbps
78267 ms [UE 42750] UL Throughput = 0.00000 Mbps
78330 ms [UE 17403] UL Throughput = 0.75543 Mbps
78330 ms [UE 10755] UL Throughput = 0.99074 Mbps
78376 ms [UE 12658] UL Throughput = 0.00000 Mbps
78376 ms [UE 23066] UL Throughput = 0.72787 Mbps
78376 ms [UE 42750] UL Throughput = 0.00000 Mbps
78439 ms [UE 17403] UL Throughput = 0.00000 Mbps
78439 ms [UE 10755] UL Throughput = 0.15932 Mbps
78477 ms [UE 12658] UL Throughput = 0.00000 Mbps
78477 ms [UE 23066] UL Throughput = 0.00000 Mbps
78477 ms [UE 42750] UL Throughput = 0.81570 Mbps
78540 ms [UE 17403] UL Throughput = 0.65316 Mbps
78540 ms [UE 10755] UL Throughput = 0.81651 Mbps
78591 ms [UE 12658] UL Throughput = 0.86931 Mbps
78591 ms [UE 23066] UL Throughput = 0.51060 Mbps
78591 ms [UE 42750] UL Throughput = 0.00000 Mbps
78643 ms [UE 17403] UL Throughput = 0.15691 Mbps
78643 ms [UE 10755] UL Throughput = 0.00000 Mbps
78696 ms [UE 12658] UL Throughput = 0.00000 Mbps
78696 ms [UE 23066] UL Throughput = 0.00000 Mbps
78696 ms [UE 42750] UL Throughput = 0.00000 Mbps
78750 ms [UE 17403] UL Throughput = 0.00000 Mbps
78750 ms [UE 10755] UL Throughput = 0.76467 Mbps
78796 ms [UE 12658] UL Throughput = 0.00000 Mbps
78796 ms [UE 23066] UL Throughput = 0.65425 Mbps
78796 ms [UE 42750] UL Throughput = 0.99171 Mbps
78850 ms [UE 17403] UL Throughput = 0.83301 Mbps
78850 ms [UE 10755] UL Throughput = 0.80746 Mbps
78896 ms [UE 12658] UL Throughput = 0.17404 Mbps
78896 ms [UE 23066] UL Throughput = 0.00000 Mbps
78896 ms [UE 42750] UL Throughput = 0.00000 Mbps
78925 ms | now=1755745491451832 us | PDCP ind_msg latency=70970223 us
78952 ms [UE 17403] UL Throughput = 0.00000 Mbps
78952 ms [UE 10755] UL Throughput = 0.00000 Mbps
79007 ms [UE 12658] UL Throughput = 0.74110 Mbps
79007 ms [UE 23066] UL Throughput = 0.00000 Mbps
79007 ms [UE 42750] UL Throughput = 0.74110 Mbps
79060 ms [UE 17403] UL Throughput = 0.70442 Mbps
79060 ms [UE 10755] UL Throughput = 0.92383 Mbps
79107 ms [UE 12658] UL Throughput = 0.00000 Mbps
79107 ms [UE 23066] UL Throughput = 0.79862 Mbps
79107 ms [UE 42750] UL Throughput = 0.00000 Mbps
79160 ms [UE 17403] UL Throughput = 0.00000 Mbps
79160 ms [UE 10755] UL Throughput = 0.00000 Mbps
79208 ms [UE 12658] UL Throughput = 0.81068 Mbps
79208 ms [UE 23066] UL Throughput = 0.00000 Mbps
79208 ms [UE 42750] UL Throughput = 0.00000 Mbps
79261 ms [UE 17403] UL Throughput = 0.15920 Mbps
79261 ms [UE 10755] UL Throughput = 0.80877 Mbps
79316 ms [UE 12658] UL Throughput = 0.00000 Mbps
79316 ms [UE 23066] UL Throughput = 0.53978 Mbps
79316 ms [UE 42750] UL Throughput = 0.91899 Mbps
79370 ms [UE 17403] UL Throughput = 0.14881 Mbps
79370 ms [UE 10755] UL Throughput = 0.00000 Mbps
79420 ms [UE 12658] UL Throughput = 0.00000 Mbps
79420 ms [UE 23066] UL Throughput = 0.00000 Mbps
79420 ms [UE 42750] UL Throughput = 0.00000 Mbps
79470 ms [UE 17403] UL Throughput = 0.00000 Mbps
79470 ms [UE 10755] UL Throughput = 0.81895 Mbps
79526 ms [UE 12658] UL Throughput = 0.86421 Mbps
79526 ms [UE 23066] UL Throughput = 0.57288 Mbps
79526 ms [UE 42750] UL Throughput = 0.00000 Mbps
79570 ms [UE 17403] UL Throughput = 0.75670 Mbps
79570 ms [UE 10755] UL Throughput = 0.88969 Mbps
79626 ms [UE 12658] UL Throughput = 0.00000 Mbps
79626 ms [UE 23066] UL Throughput = 0.00000 Mbps
79626 ms [UE 42750] UL Throughput = 0.73733 Mbps
79672 ms [UE 17403] UL Throughput = 0.00000 Mbps
79672 ms [UE 10755] UL Throughput = 0.00000 Mbps
79727 ms [UE 12658] UL Throughput = 0.80966 Mbps
79727 ms [UE 23066] UL Throughput = 0.00000 Mbps
79727 ms [UE 42750] UL Throughput = 0.00000 Mbps
79780 ms [UE 17403] UL Throughput = 0.00000 Mbps
79780 ms [UE 10755] UL Throughput = 0.68630 Mbps
79837 ms [UE 12658] UL Throughput = 0.00000 Mbps
79837 ms [UE 23066] UL Throughput = 0.73079 Mbps
79837 ms [UE 42750] UL Throughput = 0.74959 Mbps
79891 ms [UE 17403] UL Throughput = 0.00000 Mbps
79891 ms [UE 10755] UL Throughput = 0.00000 Mbps
79946 ms [UE 12658] UL Throughput = 0.00000 Mbps
79946 ms [UE 23066] UL Throughput = 0.00000 Mbps
79946 ms [UE 42750] UL Throughput = 0.00000 Mbps
79968 ms | now=1755745492495099 us | PDCP ind_msg latency=70970523 us
80000 ms [UE 17403] UL Throughput = 1.39372 Mbps
80000 ms [UE 10755] UL Throughput = 0.16020 Mbps
80046 ms [UE 12658] UL Throughput = 0.81759 Mbps
80046 ms [UE 23066] UL Throughput = 0.58229 Mbps
80046 ms [UE 42750] UL Throughput = 0.17378 Mbps
80110 ms [UE 17403] UL Throughput = 0.68956 Mbps
80110 ms [UE 10755] UL Throughput = 0.82974 Mbps
80146 ms [UE 12658] UL Throughput = 0.00000 Mbps
80146 ms [UE 23066] UL Throughput = 0.00000 Mbps
80146 ms [UE 42750] UL Throughput = 0.00000 Mbps
80210 ms [UE 17403] UL Throughput = 0.00000 Mbps
80210 ms [UE 10755] UL Throughput = 0.00000 Mbps
80257 ms [UE 12658] UL Throughput = 0.74213 Mbps
80257 ms [UE 23066] UL Throughput = 0.00000 Mbps
80257 ms [UE 42750] UL Throughput = 0.89987 Mbps
80319 ms [UE 17403] UL Throughput = 0.74700 Mbps
80319 ms [UE 10755] UL Throughput = 0.74941 Mbps
80360 ms [UE 12658] UL Throughput = 0.00000 Mbps
80360 ms [UE 23066] UL Throughput = 0.00000 Mbps
80360 ms [UE 42750] UL Throughput = 0.00000 Mbps
80420 ms [UE 17403] UL Throughput = 0.15955 Mbps
80420 ms [UE 10755] UL Throughput = 0.00000 Mbps
80469 ms [UE 12658] UL Throughput = 0.74846 Mbps
80469 ms [UE 23066] UL Throughput = 0.72969 Mbps
80469 ms [UE 42750] UL Throughput = 0.00000 Mbps
80532 ms [UE 17403] UL Throughput = 0.67882 Mbps
80532 ms [UE 10755] UL Throughput = 0.73421 Mbps
80578 ms [UE 12658] UL Throughput = 0.00000 Mbps
80578 ms [UE 23066] UL Throughput = 0.00000 Mbps
80578 ms [UE 42750] UL Throughput = 0.91869 Mbps
80640 ms [UE 17403] UL Throughput = 0.70513 Mbps
80640 ms [UE 10755] UL Throughput = 0.92476 Mbps
80686 ms [UE 12658] UL Throughput = 0.00000 Mbps
80686 ms [UE 23066] UL Throughput = 0.60329 Mbps
80686 ms [UE 42750] UL Throughput = 0.00000 Mbps
80743 ms [UE 17403] UL Throughput = 0.00000 Mbps
80743 ms [UE 10755] UL Throughput = 0.00000 Mbps
80786 ms [UE 12658] UL Throughput = 0.99256 Mbps
80786 ms [UE 23066] UL Throughput = 0.00000 Mbps
80786 ms [UE 42750] UL Throughput = 0.71584 Mbps
80849 ms [UE 17403] UL Throughput = 0.86732 Mbps
80849 ms [UE 10755] UL Throughput = 0.77342 Mbps
80887 ms [UE 12658] UL Throughput = 0.00000 Mbps
80887 ms [UE 23066] UL Throughput = 0.00000 Mbps
80887 ms [UE 42750] UL Throughput = 0.00000 Mbps
80951 ms [UE 17403] UL Throughput = 0.00000 Mbps
80951 ms [UE 10755] UL Throughput = 0.17139 Mbps
80996 ms [UE 12658] UL Throughput = 0.74867 Mbps
80996 ms [UE 23066] UL Throughput = 0.72990 Mbps
80996 ms [UE 42750] UL Throughput = 0.00000 Mbps
81002 ms | now=1755745493528843 us | PDCP ind_msg latency=70970190 us
81061 ms [UE 17403] UL Throughput = 0.68652 Mbps
81061 ms [UE 10755] UL Throughput = 0.64935 Mbps
81096 ms [UE 12658] UL Throughput = 0.00000 Mbps
81096 ms [UE 23066] UL Throughput = 0.00000 Mbps
81096 ms [UE 42750] UL Throughput = 0.17421 Mbps
81170 ms [UE 17403] UL Throughput = 0.00000 Mbps
81170 ms [UE 10755] UL Throughput = 0.91840 Mbps
81196 ms [UE 12658] UL Throughput = 0.00000 Mbps
81196 ms [UE 23066] UL Throughput = 0.65523 Mbps
81196 ms [UE 42750] UL Throughput = 0.81910 Mbps
81271 ms [UE 17403] UL Throughput = 0.00000 Mbps
81271 ms [UE 10755] UL Throughput = 0.00000 Mbps
81299 ms [UE 12658] UL Throughput = 0.96687 Mbps
81299 ms [UE 23066] UL Throughput = 0.00000 Mbps
81299 ms [UE 42750] UL Throughput = 0.79739 Mbps
81380 ms [UE 17403] UL Throughput = 0.84714 Mbps
81380 ms [UE 10755] UL Throughput = 0.75543 Mbps
81406 ms [UE 12658] UL Throughput = 0.00000 Mbps
81406 ms [UE 23066] UL Throughput = 0.00000 Mbps
81406 ms [UE 42750] UL Throughput = 0.00000 Mbps
81481 ms [UE 17403] UL Throughput = 0.00000 Mbps
81481 ms [UE 10755] UL Throughput = 0.17235 Mbps
81506 ms [UE 12658] UL Throughput = 0.71674 Mbps
81506 ms [UE 23066] UL Throughput = 0.14341 Mbps
81506 ms [UE 42750] UL Throughput = 0.00000 Mbps
81591 ms [UE 17403] UL Throughput = 0.69063 Mbps
81591 ms [UE 10755] UL Throughput = 0.74698 Mbps
81606 ms [UE 12658] UL Throughput = 0.00000 Mbps
81606 ms [UE 23066] UL Throughput = 0.00000 Mbps
81606 ms [UE 42750] UL Throughput = 0.99217 Mbps
81701 ms [UE 17403] UL Throughput = 0.00000 Mbps
81701 ms [UE 10755] UL Throughput = 0.74585 Mbps
81716 ms [UE 12658] UL Throughput = 0.00000 Mbps
81716 ms [UE 23066] UL Throughput = 0.00000 Mbps
81716 ms [UE 42750] UL Throughput = 0.00000 Mbps
81809 ms [UE 17403] UL Throughput = 0.60331 Mbps
81809 ms [UE 10755] UL Throughput = 0.00000 Mbps
81819 ms [UE 12658] UL Throughput = 0.17060 Mbps
81819 ms [UE 23066] UL Throughput = 0.64206 Mbps
81819 ms [UE 42750] UL Throughput = 0.00000 Mbps
81910 ms [UE 17403] UL Throughput = 0.00000 Mbps
81910 ms [UE 10755] UL Throughput = 0.98693 Mbps
81926 ms [UE 12658] UL Throughput = 0.75999 Mbps
81926 ms [UE 23066] UL Throughput = 0.00000 Mbps
81926 ms [UE 42750] UL Throughput = 0.00000 Mbps
82010 ms [UE 17403] UL Throughput = 0.00000 Mbps
82010 ms [UE 10755] UL Throughput = 0.00000 Mbps
82027 ms [UE 12658] UL Throughput = 0.00000 Mbps
82027 ms [UE 23066] UL Throughput = 0.65112 Mbps
82027 ms [UE 42750] UL Throughput = 0.98696 Mbps
82040 ms | now=1755745494567273 us | PDCP ind_msg latency=70970655 us
82120 ms [UE 17403] UL Throughput = 0.83856 Mbps
82120 ms [UE 10755] UL Throughput = 0.74778 Mbps
82137 ms [UE 12658] UL Throughput = 0.15921 Mbps
82137 ms [UE 23066] UL Throughput = 0.00000 Mbps
82137 ms [UE 42750] UL Throughput = 0.00000 Mbps
82220 ms [UE 17403] UL Throughput = 0.75575 Mbps
82220 ms [UE 10755] UL Throughput = 0.17374 Mbps
82246 ms [UE 12658] UL Throughput = 0.74685 Mbps
82246 ms [UE 23066] UL Throughput = 0.00000 Mbps
82246 ms [UE 42750] UL Throughput = 0.65312 Mbps
82330 ms [UE 17403] UL Throughput = 0.00000 Mbps
82330 ms [UE 10755] UL Throughput = 0.74797 Mbps
82347 ms [UE 12658] UL Throughput = 0.17356 Mbps
82347 ms [UE 23066] UL Throughput = 0.60219 Mbps
82347 ms [UE 42750] UL Throughput = 0.73487 Mbps
82430 ms [UE 17403] UL Throughput = 0.81627 Mbps
82430 ms [UE 10755] UL Throughput = 0.81891 Mbps
82447 ms [UE 12658] UL Throughput = 0.00000 Mbps
82447 ms [UE 23066] UL Throughput = 0.00000 Mbps
82447 ms [UE 42750] UL Throughput = 0.00000 Mbps
82531 ms [UE 17403] UL Throughput = 0.00000 Mbps
82531 ms [UE 10755] UL Throughput = 0.00000 Mbps
82557 ms [UE 12658] UL Throughput = 0.83178 Mbps
82557 ms [UE 23066] UL Throughput = 0.00000 Mbps
82557 ms [UE 42750] UL Throughput = 0.74766 Mbps
82640 ms [UE 17403] UL Throughput = 0.61932 Mbps
82640 ms [UE 10755] UL Throughput = 0.67606 Mbps
82666 ms [UE 12658] UL Throughput = 0.74785 Mbps
82666 ms [UE 23066] UL Throughput = 0.72910 Mbps
82666 ms [UE 42750] UL Throughput = 0.00000 Mbps
82750 ms [UE 17403] UL Throughput = 0.14675 Mbps
82750 ms [UE 10755] UL Throughput = 0.00000 Mbps
82766 ms [UE 12658] UL Throughput = 0.00000 Mbps
82766 ms [UE 23066] UL Throughput = 0.00000 Mbps
82766 ms [UE 42750] UL Throughput = 0.00000 Mbps
82860 ms [UE 17403] UL Throughput = 0.68976 Mbps
82860 ms [UE 10755] UL Throughput = 0.74604 Mbps
82867 ms [UE 12658] UL Throughput = 0.00000 Mbps
82867 ms [UE 23066] UL Throughput = 0.58378 Mbps
82867 ms [UE 42750] UL Throughput = 0.99390 Mbps
82969 ms [UE 12658] UL Throughput = 0.96993 Mbps
82969 ms [UE 23066] UL Throughput = 0.00000 Mbps
82969 ms [UE 42750] UL Throughput = 0.00000 Mbps
82969 ms [UE 17403] UL Throughput = 0.69008 Mbps
82969 ms [UE 10755] UL Throughput = 0.90504 Mbps
83070 ms [UE 17403] UL Throughput = 0.00000 Mbps
83070 ms [UE 10755] UL Throughput = 0.00000 Mbps
83077 ms [UE 12658] UL Throughput = 0.00000 Mbps
83077 ms [UE 23066] UL Throughput = 0.60884 Mbps
83077 ms [UE 42750] UL Throughput = 0.00000 Mbps
83079 ms | now=1755745495606770 us | PDCP ind_msg latency=70970202 us
83180 ms [UE 17403] UL Throughput = 0.74774 Mbps
83180 ms [UE 10755] UL Throughput = 0.75015 Mbps
83187 ms [UE 12658] UL Throughput = 0.74561 Mbps
83187 ms [UE 23066] UL Throughput = 0.00000 Mbps
83187 ms [UE 42750] UL Throughput = 0.90409 Mbps
83288 ms [UE 12658] UL Throughput = 0.00000 Mbps
83288 ms [UE 23066] UL Throughput = 0.79203 Mbps
83288 ms [UE 42750] UL Throughput = 0.00000 Mbps
83290 ms [UE 17403] UL Throughput = 0.14672 Mbps
83290 ms [UE 10755] UL Throughput = 0.00000 Mbps
83390 ms [UE 17403] UL Throughput = 0.75554 Mbps
83390 ms [UE 10755] UL Throughput = 0.81719 Mbps
83396 ms [UE 12658] UL Throughput = 0.00000 Mbps
83396 ms [UE 23066] UL Throughput = 0.00000 Mbps
83396 ms [UE 42750] UL Throughput = 0.75310 Mbps
83498 ms [UE 12658] UL Throughput = 0.97571 Mbps
83498 ms [UE 23066] UL Throughput = 0.57309 Mbps
83498 ms [UE 42750] UL Throughput = 0.00000 Mbps
83501 ms [UE 17403] UL Throughput = 0.00000 Mbps
83501 ms [UE 10755] UL Throughput = 0.89905 Mbps
83606 ms [UE 12658] UL Throughput = 0.00000 Mbps
83606 ms [UE 23066] UL Throughput = 0.00000 Mbps
83606 ms [UE 42750] UL Throughput = 0.91966 Mbps
83610 ms [UE 17403] UL Throughput = 0.00000 Mbps
83610 ms [UE 10755] UL Throughput = 0.00000 Mbps
83717 ms [UE 12658] UL Throughput = 0.74213 Mbps
83717 ms [UE 23066] UL Throughput = 0.00000 Mbps
83717 ms [UE 42750] UL Throughput = 0.00000 Mbps
83720 ms [UE 17403] UL Throughput = 0.00000 Mbps
83720 ms [UE 10755] UL Throughput = 0.90728 Mbps
83827 ms [UE 12658] UL Throughput = 0.00000 Mbps
83827 ms [UE 23066] UL Throughput = 0.72335 Mbps
83827 ms [UE 42750] UL Throughput = 0.74196 Mbps
83830 ms [UE 17403] UL Throughput = 0.68633 Mbps
83830 ms [UE 10755] UL Throughput = 0.15778 Mbps
83937 ms [UE 12658] UL Throughput = 0.90897 Mbps
83937 ms [UE 23066] UL Throughput = 0.00000 Mbps
83937 ms [UE 42750] UL Throughput = 0.00000 Mbps
83940 ms [UE 17403] UL Throughput = 0.00000 Mbps
83940 ms [UE 10755] UL Throughput = 0.65440 Mbps
84042 ms [UE 17403] UL Throughput = 0.74273 Mbps
84042 ms [UE 10755] UL Throughput = 0.97408 Mbps
84047 ms [UE 12658] UL Throughput = 0.00000 Mbps
84047 ms [UE 23066] UL Throughput = 0.59642 Mbps
84047 ms [UE 42750] UL Throughput = 0.00000 Mbps
84116 ms | now=1755745496643078 us | PDCP ind_msg latency=70970484 us
84149 ms [UE 12658] UL Throughput = 0.00000 Mbps
84149 ms [UE 23066] UL Throughput = 0.00000 Mbps
84149 ms [UE 42750] UL Throughput = 0.16976 Mbps
84151 ms [UE 17403] UL Throughput = 0.14751 Mbps
84151 ms [UE 10755] UL Throughput = 0.00000 Mbps
84257 ms [UE 12658] UL Throughput = 0.66533 Mbps
84257 ms [UE 23066] UL Throughput = 0.00000 Mbps
84257 ms [UE 42750] UL Throughput = 0.76081 Mbps
84260 ms [UE 17403] UL Throughput = 0.00000 Mbps
84260 ms [UE 10755] UL Throughput = 0.74890 Mbps
84366 ms [UE 12658] UL Throughput = 0.00000 Mbps
84366 ms [UE 23066] UL Throughput = 0.72988 Mbps
84366 ms [UE 42750] UL Throughput = 0.74865 Mbps
84370 ms [UE 17403] UL Throughput = 0.14721 Mbps
84370 ms [UE 10755] UL Throughput = 0.74786 Mbps
84477 ms [UE 12658] UL Throughput = 0.90274 Mbps
84477 ms [UE 23066] UL Throughput = 0.59556 Mbps
84477 ms [UE 42750] UL Throughput = 0.00000 Mbps
84481 ms [UE 17403] UL Throughput = 0.68293 Mbps
84481 ms [UE 10755] UL Throughput = 0.00000 Mbps
84588 ms [UE 12658] UL Throughput = 0.00000 Mbps
84588 ms [UE 23066] UL Throughput = 0.00000 Mbps
84588 ms [UE 42750] UL Throughput = 0.00000 Mbps
84590 ms [UE 17403] UL Throughput = 0.69735 Mbps
84590 ms [UE 10755] UL Throughput = 0.81991 Mbps
84697 ms [UE 12658] UL Throughput = 0.75011 Mbps
84697 ms [UE 23066] UL Throughput = 0.00000 Mbps
84697 ms [UE 42750] UL Throughput = 0.90955 Mbps
84700 ms [UE 17403] UL Throughput = 0.00000 Mbps
84700 ms [UE 10755] UL Throughput = 0.00000 Mbps
84800 ms [UE 17403] UL Throughput = 0.00000 Mbps
84800 ms [UE 10755] UL Throughput = 0.99374 Mbps
84807 ms [UE 12658] UL Throughput = 0.00000 Mbps
84807 ms [UE 23066] UL Throughput = 0.00000 Mbps
84807 ms [UE 42750] UL Throughput = 0.00000 Mbps
84910 ms [UE 17403] UL Throughput = 0.83609 Mbps
84910 ms [UE 10755] UL Throughput = 0.74558 Mbps
84916 ms [UE 12658] UL Throughput = 0.00000 Mbps
84916 ms [UE 23066] UL Throughput = 0.72754 Mbps
84916 ms [UE 42750] UL Throughput = 0.65260 Mbps
85011 ms [UE 17403] UL Throughput = 0.00000 Mbps
85011 ms [UE 10755] UL Throughput = 0.00000 Mbps
85016 ms [UE 12658] UL Throughput = 0.17421 Mbps
85016 ms [UE 23066] UL Throughput = 0.00000 Mbps
85016 ms [UE 42750] UL Throughput = 0.00000 Mbps
85119 ms [UE 17403] UL Throughput = 0.70189 Mbps
85119 ms [UE 10755] UL Throughput = 0.92052 Mbps
85126 ms [UE 12658] UL Throughput = 0.67206 Mbps
85126 ms [UE 23066] UL Throughput = 0.55072 Mbps
85126 ms [UE 42750] UL Throughput = 0.00000 Mbps
85156 ms | now=1755745497683794 us | PDCP ind_msg latency=70970212 us
85220 ms [UE 17403] UL Throughput = 0.00000 Mbps
85220 ms [UE 10755] UL Throughput = 0.17360 Mbps
85226 ms [UE 12658] UL Throughput = 0.81958 Mbps
85226 ms [UE 23066] UL Throughput = 0.00000 Mbps
85226 ms [UE 42750] UL Throughput = 0.73760 Mbps
85327 ms [UE 12658] UL Throughput = 0.00000 Mbps
85327 ms [UE 23066] UL Throughput = 0.14183 Mbps
85327 ms [UE 42750] UL Throughput = 0.00000 Mbps
85330 ms [UE 17403] UL Throughput = 0.00000 Mbps
85330 ms [UE 10755] UL Throughput = 1.39651 Mbps
85431 ms [UE 17403] UL Throughput = 0.78737 Mbps
85431 ms [UE 10755] UL Throughput = 0.00000 Mbps
85436 ms [UE 12658] UL Throughput = 0.00000 Mbps
85436 ms [UE 23066] UL Throughput = 0.60109 Mbps
85436 ms [UE 42750] UL Throughput = 0.75142 Mbps
85537 ms [UE 12658] UL Throughput = 0.81572 Mbps
85537 ms [UE 23066] UL Throughput = 0.58096 Mbps
85537 ms [UE 42750] UL Throughput = 0.17338 Mbps
85540 ms [UE 17403] UL Throughput = 0.00000 Mbps
85540 ms [UE 10755] UL Throughput = 0.68016 Mbps
85638 ms [UE 12658] UL Throughput = 0.00000 Mbps
85638 ms [UE 23066] UL Throughput = 0.00000 Mbps
85638 ms [UE 42750] UL Throughput = 0.00000 Mbps
85640 ms [UE 17403] UL Throughput = 0.69516 Mbps
85640 ms [UE 10755] UL Throughput = 0.99178 Mbps
85740 ms [UE 17403] UL Throughput = 0.00000 Mbps
85740 ms [UE 10755] UL Throughput = 0.00000 Mbps
85746 ms [UE 12658] UL Throughput = 0.75968 Mbps
85746 ms [UE 23066] UL Throughput = 0.00000 Mbps
85746 ms [UE 42750] UL Throughput = 0.92116 Mbps
85848 ms [UE 12658] UL Throughput = 0.80692 Mbps
85848 ms [UE 23066] UL Throughput = 0.78668 Mbps
85848 ms [UE 42750] UL Throughput = 0.00000 Mbps
85850 ms [UE 17403] UL Throughput = 0.77637 Mbps
85850 ms [UE 10755] UL Throughput = 0.74840 Mbps
85956 ms [UE 12658] UL Throughput = 0.00000 Mbps
85956 ms [UE 23066] UL Throughput = 0.00000 Mbps
85956 ms [UE 42750] UL Throughput = 0.00000 Mbps
85960 ms [UE 17403] UL Throughput = 0.13944 Mbps
85960 ms [UE 10755] UL Throughput = 0.74382 Mbps
86067 ms [UE 12658] UL Throughput = 0.00000 Mbps
86067 ms [UE 23066] UL Throughput = 0.59545 Mbps
86067 ms [UE 42750] UL Throughput = 0.90258 Mbps
86070 ms [UE 17403] UL Throughput = 0.56959 Mbps
86070 ms [UE 10755] UL Throughput = 0.00000 Mbps
86167 ms [UE 12658] UL Throughput = 0.99014 Mbps
86167 ms [UE 23066] UL Throughput = 0.00000 Mbps
86167 ms [UE 42750] UL Throughput = 0.71410 Mbps
86170 ms [UE 17403] UL Throughput = 0.69480 Mbps
86170 ms [UE 10755] UL Throughput = 0.99125 Mbps
86202 ms | now=1755745498728923 us | PDCP ind_msg latency=70970363 us
86276 ms [UE 12658] UL Throughput = 0.00000 Mbps
86276 ms [UE 23066] UL Throughput = 0.00000 Mbps
86276 ms [UE 42750] UL Throughput = 0.00000 Mbps
86282 ms [UE 17403] UL Throughput = 0.00000 Mbps
86282 ms [UE 10755] UL Throughput = 0.00000 Mbps
86377 ms [UE 12658] UL Throughput = 0.81577 Mbps
86377 ms [UE 23066] UL Throughput = 0.14274 Mbps
86377 ms [UE 42750] UL Throughput = 0.00000 Mbps
86390 ms [UE 17403] UL Throughput = 0.78785 Mbps
86390 ms [UE 10755] UL Throughput = 0.75946 Mbps
86487 ms [UE 12658] UL Throughput = 0.00000 Mbps
86487 ms [UE 23066] UL Throughput = 0.00000 Mbps
86487 ms [UE 42750] UL Throughput = 0.15894 Mbps
86490 ms [UE 17403] UL Throughput = 0.69490 Mbps
86490 ms [UE 10755] UL Throughput = 0.17378 Mbps
86588 ms [UE 12658] UL Throughput = 0.00000 Mbps
86588 ms [UE 23066] UL Throughput = 0.64363 Mbps
86588 ms [UE 42750] UL Throughput = 0.80460 Mbps
86590 ms [UE 17403] UL Throughput = 0.00000 Mbps
86590 ms [UE 10755] UL Throughput = 0.81961 Mbps
86696 ms [UE 12658] UL Throughput = 0.92107 Mbps
86696 ms [UE 23066] UL Throughput = 0.60765 Mbps
86696 ms [UE 42750] UL Throughput = 0.00000 Mbps
86700 ms [UE 17403] UL Throughput = 0.70944 Mbps
86700 ms [UE 10755] UL Throughput = 0.74683 Mbps
86796 ms [UE 12658] UL Throughput = 0.00000 Mbps
86796 ms [UE 23066] UL Throughput = 0.00000 Mbps
86796 ms [UE 42750] UL Throughput = 0.00000 Mbps
86800 ms [UE 17403] UL Throughput = 0.00000 Mbps
86800 ms [UE 10755] UL Throughput = 0.00000 Mbps
86897 ms [UE 12658] UL Throughput = 0.71479 Mbps
86897 ms [UE 23066] UL Throughput = 0.00000 Mbps
86897 ms [UE 42750] UL Throughput = 0.99110 Mbps
86900 ms [UE 17403] UL Throughput = 0.84965 Mbps
86900 ms [UE 10755] UL Throughput = 0.81904 Mbps
86997 ms [UE 12658] UL Throughput = 0.00000 Mbps
86997 ms [UE 23066] UL Throughput = 0.14318 Mbps
86997 ms [UE 42750] UL Throughput = 0.00000 Mbps
87000 ms [UE 17403] UL Throughput = 0.00000 Mbps
87000 ms [UE 10755] UL Throughput = 0.00000 Mbps
87107 ms [UE 12658] UL Throughput = 0.00000 Mbps
87107 ms [UE 23066] UL Throughput = 0.00000 Mbps
87107 ms [UE 42750] UL Throughput = 0.74581 Mbps
87110 ms [UE 17403] UL Throughput = 0.63793 Mbps
87110 ms [UE 10755] UL Throughput = 0.91013 Mbps
87210 ms [UE 17403] UL Throughput = 0.84947 Mbps
87210 ms [UE 10755] UL Throughput = 0.81887 Mbps
87216 ms [UE 12658] UL Throughput = 0.90659 Mbps
87216 ms [UE 23066] UL Throughput = 0.00000 Mbps
87216 ms [UE 42750] UL Throughput = 0.74767 Mbps
87229 ms | now=1755745499755944 us | PDCP ind_msg latency=70970355 us
87310 ms [UE 17403] UL Throughput = 0.00000 Mbps
87310 ms [UE 10755] UL Throughput = 0.00000 Mbps
87316 ms [UE 12658] UL Throughput = 0.17424 Mbps
87316 ms [UE 23066] UL Throughput = 0.65575 Mbps
87316 ms [UE 42750] UL Throughput = 0.00000 Mbps
87419 ms [UE 17403] UL Throughput = 0.63837 Mbps
87419 ms [UE 10755] UL Throughput = 0.81649 Mbps
87426 ms [UE 12658] UL Throughput = 0.74467 Mbps
87426 ms [UE 23066] UL Throughput = 0.00000 Mbps
87426 ms [UE 42750] UL Throughput = 0.00000 Mbps
87520 ms [UE 17403] UL Throughput = 0.00000 Mbps
87520 ms [UE 10755] UL Throughput = 0.17374 Mbps
87528 ms [UE 12658] UL Throughput = 0.00000 Mbps
87528 ms [UE 23066] UL Throughput = 0.64597 Mbps
87528 ms [UE 42750] UL Throughput = 0.87782 Mbps
87631 ms [UE 17403] UL Throughput = 0.62807 Mbps
87631 ms [UE 10755] UL Throughput = 0.73898 Mbps
87638 ms [UE 12658] UL Throughput = 0.00000 Mbps
87638 ms [UE 23066] UL Throughput = 0.00000 Mbps
87638 ms [UE 42750] UL Throughput = 0.00000 Mbps
87740 ms [UE 17403] UL Throughput = 0.77925 Mbps
87740 ms [UE 10755] UL Throughput = 0.75118 Mbps
87746 ms [UE 12658] UL Throughput = 0.16162 Mbps
87746 ms [UE 23066] UL Throughput = 0.56076 Mbps
87746 ms [UE 42750] UL Throughput = 0.00000 Mbps
87847 ms [UE 12658] UL Throughput = 0.90682 Mbps
87847 ms [UE 23066] UL Throughput = 0.00000 Mbps
87847 ms [UE 42750] UL Throughput = 0.00000 Mbps
87850 ms [UE 17403] UL Throughput = 0.00000 Mbps
87850 ms [UE 10755] UL Throughput = 0.00000 Mbps
87957 ms [UE 12658] UL Throughput = 0.00000 Mbps
87957 ms [UE 23066] UL Throughput = 0.59546 Mbps
87957 ms [UE 42750] UL Throughput = 0.00000 Mbps
87960 ms [UE 17403] UL Throughput = 0.63677 Mbps
87960 ms [UE 10755] UL Throughput = 0.90848 Mbps
88057 ms [UE 12658] UL Throughput = 0.99031 Mbps
88057 ms [UE 23066] UL Throughput = 0.00000 Mbps
88057 ms [UE 42750] UL Throughput = 0.73502 Mbps
88061 ms [UE 17403] UL Throughput = 0.15240 Mbps
88061 ms [UE 10755] UL Throughput = 0.00000 Mbps
88167 ms [UE 12658] UL Throughput = 0.00000 Mbps
88167 ms [UE 23066] UL Throughput = 0.00000 Mbps
88167 ms [UE 42750] UL Throughput = 0.15938 Mbps
88170 ms [UE 17403] UL Throughput = 0.57279 Mbps
88170 ms [UE 10755] UL Throughput = 0.75123 Mbps
88268 ms | now=1755745500795122 us | PDCP ind_msg latency=70970489 us
88270 ms [UE 17403] UL Throughput = 0.15365 Mbps
88270 ms [UE 10755] UL Throughput = 0.00000 Mbps
88279 ms [UE 12658] UL Throughput = 0.00000 Mbps
88279 ms [UE 23066] UL Throughput = 0.58423 Mbps
88279 ms [UE 42750] UL Throughput = 0.63868 Mbps
88371 ms [UE 17403] UL Throughput = 0.64083 Mbps
88371 ms [UE 10755] UL Throughput = 0.00000 Mbps
88386 ms [UE 12658] UL Throughput = 0.92468 Mbps
88386 ms [UE 23066] UL Throughput = 0.61003 Mbps
88386 ms [UE 42750] UL Throughput = 0.00000 Mbps
88480 ms [UE 17403] UL Throughput = 0.63645 Mbps
88480 ms [UE 10755] UL Throughput = 0.90801 Mbps
88487 ms [UE 12658] UL Throughput = 0.00000 Mbps
88487 ms [UE 23066] UL Throughput = 0.00000 Mbps
88487 ms [UE 42750] UL Throughput = 0.17393 Mbps
88590 ms [UE 17403] UL Throughput = 0.13974 Mbps
88590 ms [UE 10755] UL Throughput = 0.00000 Mbps
88596 ms [UE 12658] UL Throughput = 0.74608 Mbps
88596 ms [UE 23066] UL Throughput = 0.00000 Mbps
88596 ms [UE 42750] UL Throughput = 0.74608 Mbps
88690 ms [UE 17403] UL Throughput = 0.69291 Mbps
88690 ms [UE 10755] UL Throughput = 0.73372 Mbps
88697 ms [UE 12658] UL Throughput = 0.00000 Mbps
88697 ms [UE 23066] UL Throughput = 0.79697 Mbps
88697 ms [UE 42750] UL Throughput = 0.81747 Mbps
88791 ms [UE 17403] UL Throughput = 0.00000 Mbps
88791 ms [UE 10755] UL Throughput = 0.99371 Mbps
88797 ms [UE 12658] UL Throughput = 0.00000 Mbps
88797 ms [UE 23066] UL Throughput = 0.00000 Mbps
88797 ms [UE 42750] UL Throughput = 0.00000 Mbps
88891 ms [UE 17403] UL Throughput = 0.62405 Mbps
88891 ms [UE 10755] UL Throughput = 0.00000 Mbps
88906 ms [UE 12658] UL Throughput = 0.90603 Mbps
88906 ms [UE 23066] UL Throughput = 0.53217 Mbps
88906 ms [UE 42750] UL Throughput = 0.00000 Mbps
89001 ms [UE 17403] UL Throughput = 0.77293 Mbps
89001 ms [UE 10755] UL Throughput = 0.74508 Mbps
89007 ms [UE 12658] UL Throughput = 0.00000 Mbps
89007 ms [UE 23066] UL Throughput = 0.00000 Mbps
89007 ms [UE 42750] UL Throughput = 0.17305 Mbps
89110 ms [UE 17403] UL Throughput = 0.00000 Mbps
89110 ms [UE 10755] UL Throughput = 0.00000 Mbps
89116 ms [UE 12658] UL Throughput = 0.75144 Mbps
89116 ms [UE 23066] UL Throughput = 0.00000 Mbps
89116 ms [UE 42750] UL Throughput = 0.75144 Mbps
89210 ms [UE 17403] UL Throughput = 0.69461 Mbps
89210 ms [UE 10755] UL Throughput = 0.99099 Mbps
89216 ms [UE 12658] UL Throughput = 0.00000 Mbps
89216 ms [UE 23066] UL Throughput = 0.14319 Mbps
89216 ms [UE 42750] UL Throughput = 0.81834 Mbps
89312 ms | now=1755745501839672 us | PDCP ind_msg latency=70970118 us
89317 ms [UE 12658] UL Throughput = 0.00000 Mbps
89317 ms [UE 23066] UL Throughput = 0.00000 Mbps
89317 ms [UE 42750] UL Throughput = 0.00000 Mbps
89320 ms [UE 17403] UL Throughput = 0.14012 Mbps
89320 ms [UE 10755] UL Throughput = 0.00000 Mbps
89420 ms [UE 17403] UL Throughput = 0.69369 Mbps
89420 ms [UE 10755] UL Throughput = 0.81619 Mbps
89427 ms [UE 12658] UL Throughput = 0.89848 Mbps
89427 ms [UE 23066] UL Throughput = 0.00000 Mbps
89427 ms [UE 42750] UL Throughput = 0.00000 Mbps
89530 ms [UE 17403] UL Throughput = 0.63297 Mbps
89530 ms [UE 10755] UL Throughput = 0.15830 Mbps
89536 ms [UE 12658] UL Throughput = 0.00000 Mbps
89536 ms [UE 23066] UL Throughput = 0.00000 Mbps
89536 ms [UE 42750] UL Throughput = 0.00000 Mbps
89630 ms [UE 17403] UL Throughput = 0.00000 Mbps
89630 ms [UE 10755] UL Throughput = 0.71664 Mbps
89637 ms [UE 12658] UL Throughput = 0.00000 Mbps
89637 ms [UE 23066] UL Throughput = 0.65213 Mbps
89637 ms [UE 42750] UL Throughput = 0.88618 Mbps
89741 ms [UE 17403] UL Throughput = 0.63061 Mbps
89741 ms [UE 10755] UL Throughput = 0.89969 Mbps
89746 ms [UE 12658] UL Throughput = 0.00000 Mbps
89746 ms [UE 23066] UL Throughput = 0.00000 Mbps
89746 ms [UE 42750] UL Throughput = 0.00000 Mbps
89846 ms [UE 12658] UL Throughput = 0.99329 Mbps
89846 ms [UE 23066] UL Throughput = 0.65529 Mbps
89846 ms [UE 42750] UL Throughput = 0.00000 Mbps
89850 ms [UE 17403] UL Throughput = 0.00000 Mbps
89850 ms [UE 10755] UL Throughput = 0.00000 Mbps
89947 ms [UE 12658] UL Throughput = 0.00000 Mbps
89947 ms [UE 23066] UL Throughput = 0.00000 Mbps
89947 ms [UE 42750] UL Throughput = 0.17373 Mbps
89960 ms [UE 17403] UL Throughput = 0.77850 Mbps
89960 ms [UE 10755] UL Throughput = 0.75045 Mbps
[xApp]: E42 RIC_SUBSCRIPTION_DELETE_REQUEST tx RAN_FUNC_ID 144 RIC_REQ_ID 1 
[xApp]: E42 SUBSCRIPTION DELETE RESPONSE rx
[xApp]: E42 RIC_SUBSCRIPTION_DELETE_REQUEST tx RAN_FUNC_ID 142 RIC_REQ_ID 2 
ric_req_id not found in the registry 
ric_req_id = 1 not in the registry. Spuriosly can happen.
[xApp]: E42 SUBSCRIPTION DELETE RESPONSE rx
[xApp]: E42 RIC_SUBSCRIPTION_DELETE_REQUEST tx RAN_FUNC_ID 142 RIC_REQ_ID 3 
[xApp]: E42 SUBSCRIPTION DELETE RESPONSE rx
[xApp]: Sucessfully stopped 
MAC/PDCP xApp run SUCCESSFULLY
