[UTIL]: Setting the config -c file to /usr/local/etc/flexric/flexric.conf
[UTIL]: Setting path -p for the shared libraries to /usr/local/lib/flexric/
[xAapp]: Initializing ... 
[xApp]: nearRT-RIC IP Address = 192.168.70.150, PORT = 36422
[E2 AGENT]: Opening plugin from path = /usr/local/lib/flexric/libkpm_sm.so 
[E2 AGENT]: Opening plugin from path = /usr/local/lib/flexric/libmac_sm.so 
[E2 AGENT]: Opening plugin from path = /usr/local/lib/flexric/libpdcp_sm.so 
[E2 AGENT]: Opening plugin from path = /usr/local/lib/flexric/libgtp_sm.so 
[E2 AGENT]: Opening plugin from path = /usr/local/lib/flexric/librc_sm.so 
[E2 AGENT]: Opening plugin from path = /usr/local/lib/flexric/libtc_sm.so 
[E2 AGENT]: Opening plugin from path = /usr/local/lib/flexric/librlc_sm.so 
[E2 AGENT]: Opening plugin from path = /usr/local/lib/flexric/libslice_sm.so 
[NEAR-RIC]: Loading SM ID = 2 with def = ORAN-E2SM-KPM 
[NEAR-RIC]: Loading SM ID = 142 with def = MAC_STATS_V0 
[NEAR-RIC]: Loading SM ID = 144 with def = PDCP_STATS_V0 
[NEAR-RIC]: Loading SM ID = 148 with def = GTP_STATS_V0 
[NEAR-RIC]: Loading SM ID = 3 with def = ORAN-E2SM-RC 
[NEAR-RIC]: Loading SM ID = 146 with def = TC_STATS_V0 
[NEAR-RIC]: Loading SM ID = 143 with def = RLC_STATS_V0 
[NEAR-RIC]: Loading SM ID = 145 with def = SLICE_STATS_V0 
[xApp]: DB filename = /tmp/flexric/xapp_db 
 [xApp]: E42 SETUP-REQUEST tx
[xApp]: E42 SETUP-RESPONSE rx 
[xApp]: xApp ID = 3 
[xApp]: Registered E2 Nodes = 4 
Connected E2 nodes = 4
[xAPP] Registered node 0 ran func id = 2
[xAPP] Registered node 0 ran func id = 3
[xAPP] Registered node 0 ran func id = 142
[xAPP] Registered node 0 ran func id = 143
[xAPP] Registered node 0 ran func id = 144
[xAPP] Registered node 0 ran func id = 145
[xAPP] Registered node 0 ran func id = 146
[xAPP] Registered node 0 ran func id = 148
[xApp]: E42 RIC SUBSCRIPTION REQUEST tx RAN_FUNC_ID 144 RIC_REQ_ID 1 
[xApp]: SUBSCRIPTION RESPONSE rx
[xApp]: Successfully subscribed to RAN_FUNC_ID 144 
[xAPP] Registered node 1 ran func id = 2
[xAPP] Registered node 1 ran func id = 3
[xAPP] Registered node 1 ran func id = 142
[xAPP] Registered node 1 ran func id = 143
[xAPP] Registered node 1 ran func id = 144
[xAPP] Registered node 1 ran func id = 145
[xAPP] Registered node 1 ran func id = 146
[xAPP] Registered node 1 ran func id = 148
[xAPP] Registered node 2 ran func id = 2
[xAPP] Registered node 2 ran func id = 3
[xAPP] Registered node 2 ran func id = 142
[xAPP] Registered node 2 ran func id = 143
[xAPP] Registered node 2 ran func id = 144
[xAPP] Registered node 2 ran func id = 145
[xAPP] Registered node 2 ran func id = 146
[xAPP] Registered node 2 ran func id = 148
[xApp]: E42 RIC SUBSCRIPTION REQUEST tx RAN_FUNC_ID 142 RIC_REQ_ID 2 
4 ms | now=1755823041837289 us | PDCP ind_msg latency=71953947 us
[xApp]: SUBSCRIPTION RESPONSE rx
[xApp]: Successfully subscribed to RAN_FUNC_ID 142 
[xAPP] Registered node 3 ran func id = 2
[xAPP] Registered node 3 ran func id = 3
[xAPP] Registered node 3 ran func id = 142
[xAPP] Registered node 3 ran func id = 143
[xAPP] Registered node 3 ran func id = 144
[xAPP] Registered node 3 ran func id = 145
[xAPP] Registered node 3 ran func id = 146
[xAPP] Registered node 3 ran func id = 148
[xApp]: E42 RIC SUBSCRIPTION REQUEST tx RAN_FUNC_ID 142 RIC_REQ_ID 3 
[xApp]: SUBSCRIPTION RESPONSE rx
[xApp]: Successfully subscribed to RAN_FUNC_ID 142 
115 ms [UE 10443] UL Throughput = 0.00000 Mbps
115 ms [UE 44997] UL Throughput = 0.00000 Mbps
115 ms [UE 57997] UL Throughput = 0.00000 Mbps
115 ms [UE 37145] UL Throughput = 0.00000 Mbps
129 ms [UE 46152] UL Throughput = 0.43889 Mbps
129 ms [UE 40696] UL Throughput = 0.31723 Mbps
129 ms [UE 55444] UL Throughput = 0.00000 Mbps
225 ms [UE 10443] UL Throughput = 0.00000 Mbps
225 ms [UE 44997] UL Throughput = 0.00000 Mbps
225 ms [UE 57997] UL Throughput = 0.00000 Mbps
225 ms [UE 37145] UL Throughput = 0.00000 Mbps
238 ms [UE 46152] UL Throughput = 0.00000 Mbps
238 ms [UE 40696] UL Throughput = 0.00000 Mbps
238 ms [UE 55444] UL Throughput = 0.00000 Mbps
325 ms [UE 10443] UL Throughput = 0.00000 Mbps
325 ms [UE 44997] UL Throughput = 0.00000 Mbps
325 ms [UE 57997] UL Throughput = 0.00000 Mbps
325 ms [UE 37145] UL Throughput = 0.00000 Mbps
339 ms [UE 46152] UL Throughput = 0.00000 Mbps
339 ms [UE 40696] UL Throughput = 0.00000 Mbps
339 ms [UE 55444] UL Throughput = 0.00000 Mbps
435 ms [UE 10443] UL Throughput = 0.00000 Mbps
435 ms [UE 44997] UL Throughput = 0.00000 Mbps
435 ms [UE 57997] UL Throughput = 0.00000 Mbps
435 ms [UE 37145] UL Throughput = 0.00000 Mbps
448 ms [UE 46152] UL Throughput = 0.00000 Mbps
448 ms [UE 40696] UL Throughput = 0.31956 Mbps
448 ms [UE 55444] UL Throughput = 0.00000 Mbps
536 ms [UE 10443] UL Throughput = 0.00000 Mbps
536 ms [UE 44997] UL Throughput = 0.00000 Mbps
536 ms [UE 57997] UL Throughput = 0.00000 Mbps
536 ms [UE 37145] UL Throughput = 0.00000 Mbps
548 ms [UE 46152] UL Throughput = 0.00000 Mbps
548 ms [UE 40696] UL Throughput = 0.00000 Mbps
548 ms [UE 55444] UL Throughput = 0.00000 Mbps
646 ms [UE 10443] UL Throughput = 0.00000 Mbps
646 ms [UE 44997] UL Throughput = 0.00000 Mbps
646 ms [UE 57997] UL Throughput = 0.00000 Mbps
646 ms [UE 37145] UL Throughput = 0.00000 Mbps
660 ms [UE 46152] UL Throughput = 0.09414 Mbps
660 ms [UE 40696] UL Throughput = 0.00000 Mbps
660 ms [UE 55444] UL Throughput = 0.00000 Mbps
746 ms [UE 10443] UL Throughput = 0.00000 Mbps
746 ms [UE 44997] UL Throughput = 0.00000 Mbps
746 ms [UE 57997] UL Throughput = 0.00000 Mbps
746 ms [UE 37145] UL Throughput = 0.00000 Mbps
760 ms [UE 46152] UL Throughput = 0.47973 Mbps
760 ms [UE 40696] UL Throughput = 0.00000 Mbps
760 ms [UE 55444] UL Throughput = 0.00000 Mbps
856 ms [UE 10443] UL Throughput = 0.00000 Mbps
856 ms [UE 44997] UL Throughput = 0.00000 Mbps
856 ms [UE 57997] UL Throughput = 0.00000 Mbps
856 ms [UE 37145] UL Throughput = 0.00000 Mbps
868 ms [UE 46152] UL Throughput = 0.00000 Mbps
868 ms [UE 40696] UL Throughput = 0.00000 Mbps
868 ms [UE 55444] UL Throughput = 0.00000 Mbps
966 ms [UE 10443] UL Throughput = 0.00000 Mbps
966 ms [UE 44997] UL Throughput = 0.00000 Mbps
966 ms [UE 57997] UL Throughput = 0.00000 Mbps
966 ms [UE 37145] UL Throughput = 0.00000 Mbps
968 ms [UE 46152] UL Throughput = 0.00000 Mbps
968 ms [UE 40696] UL Throughput = 0.39746 Mbps
968 ms [UE 55444] UL Throughput = 0.00000 Mbps
1030 ms | now=1755823042863836 us | PDCP ind_msg latency=71953486 us
1068 ms [UE 46152] UL Throughput = 0.48107 Mbps
1068 ms [UE 40696] UL Throughput = 0.00000 Mbps
1068 ms [UE 55444] UL Throughput = 0.00000 Mbps
1075 ms [UE 10443] UL Throughput = 0.00000 Mbps
1075 ms [UE 44997] UL Throughput = 0.00000 Mbps
1075 ms [UE 57997] UL Throughput = 0.00000 Mbps
1075 ms [UE 37145] UL Throughput = 0.00000 Mbps
1169 ms [UE 46152] UL Throughput = 0.00000 Mbps
1169 ms [UE 40696] UL Throughput = 0.00000 Mbps
1169 ms [UE 55444] UL Throughput = 0.00000 Mbps
1176 ms [UE 10443] UL Throughput = 0.00000 Mbps
1176 ms [UE 44997] UL Throughput = 0.00000 Mbps
1176 ms [UE 57997] UL Throughput = 0.00000 Mbps
1176 ms [UE 37145] UL Throughput = 0.00000 Mbps
1279 ms [UE 46152] UL Throughput = 0.00000 Mbps
1279 ms [UE 40696] UL Throughput = 0.00000 Mbps
1279 ms [UE 55444] UL Throughput = 0.00000 Mbps
1288 ms [UE 10443] UL Throughput = 0.00000 Mbps
1288 ms [UE 44997] UL Throughput = 0.00000 Mbps
1288 ms [UE 57997] UL Throughput = 0.00000 Mbps
1288 ms [UE 37145] UL Throughput = 0.00000 Mbps
1388 ms [UE 46152] UL Throughput = 0.00000 Mbps
1388 ms [UE 40696] UL Throughput = 0.29517 Mbps
1388 ms [UE 55444] UL Throughput = 0.00000 Mbps
1395 ms [UE 10443] UL Throughput = 0.00000 Mbps
1395 ms [UE 44997] UL Throughput = 0.00000 Mbps
1395 ms [UE 57997] UL Throughput = 0.00000 Mbps
1395 ms [UE 37145] UL Throughput = 0.00000 Mbps
1490 ms [UE 46152] UL Throughput = 0.00000 Mbps
1490 ms [UE 40696] UL Throughput = 0.00000 Mbps
1490 ms [UE 55444] UL Throughput = 0.00000 Mbps
1498 ms [UE 10443] UL Throughput = 0.00000 Mbps
1498 ms [UE 44997] UL Throughput = 0.00000 Mbps
1498 ms [UE 57997] UL Throughput = 0.00000 Mbps
1498 ms [UE 37145] UL Throughput = 0.00000 Mbps
1598 ms [UE 46152] UL Throughput = 0.09741 Mbps
1598 ms [UE 40696] UL Throughput = 0.00000 Mbps
1598 ms [UE 55444] UL Throughput = 0.00000 Mbps
1605 ms [UE 10443] UL Throughput = 0.00000 Mbps
1605 ms [UE 44997] UL Throughput = 0.00000 Mbps
1605 ms [UE 57997] UL Throughput = 0.00000 Mbps
1605 ms [UE 37145] UL Throughput = 0.00000 Mbps
1698 ms [UE 46152] UL Throughput = 0.48090 Mbps
1698 ms [UE 40696] UL Throughput = 0.00000 Mbps
1698 ms [UE 55444] UL Throughput = 0.00000 Mbps
1715 ms [UE 10443] UL Throughput = 0.00000 Mbps
1715 ms [UE 44997] UL Throughput = 0.00000 Mbps
1715 ms [UE 57997] UL Throughput = 0.00000 Mbps
1715 ms [UE 37145] UL Throughput = 0.00000 Mbps
1808 ms [UE 46152] UL Throughput = 0.00000 Mbps
1808 ms [UE 40696] UL Throughput = 0.00000 Mbps
1808 ms [UE 55444] UL Throughput = 0.00000 Mbps
1815 ms [UE 10443] UL Throughput = 0.00000 Mbps
1815 ms [UE 44997] UL Throughput = 0.00000 Mbps
1815 ms [UE 57997] UL Throughput = 0.00000 Mbps
1815 ms [UE 37145] UL Throughput = 0.00000 Mbps
1916 ms [UE 10443] UL Throughput = 0.00000 Mbps
1916 ms [UE 44997] UL Throughput = 0.00000 Mbps
1916 ms [UE 57997] UL Throughput = 0.00000 Mbps
1916 ms [UE 37145] UL Throughput = 0.00000 Mbps
1918 ms [UE 46152] UL Throughput = 0.00000 Mbps
1918 ms [UE 40696] UL Throughput = 0.38738 Mbps
1918 ms [UE 55444] UL Throughput = 0.00000 Mbps
2025 ms [UE 10443] UL Throughput = 0.00000 Mbps
2025 ms [UE 44997] UL Throughput = 0.00000 Mbps
2025 ms [UE 57997] UL Throughput = 0.00000 Mbps
2025 ms [UE 37145] UL Throughput = 0.00000 Mbps
2028 ms [UE 46152] UL Throughput = 0.39236 Mbps
2028 ms [UE 40696] UL Throughput = 0.00000 Mbps
2028 ms [UE 55444] UL Throughput = 0.00000 Mbps
2069 ms | now=1755823043902793 us | PDCP ind_msg latency=71953507 us
2128 ms [UE 46152] UL Throughput = 0.00000 Mbps
2128 ms [UE 40696] UL Throughput = 0.00000 Mbps
2128 ms [UE 55444] UL Throughput = 0.00000 Mbps
2135 ms [UE 10443] UL Throughput = 0.00000 Mbps
2135 ms [UE 44997] UL Throughput = 0.00000 Mbps
2135 ms [UE 57997] UL Throughput = 0.00000 Mbps
2135 ms [UE 37145] UL Throughput = 0.00000 Mbps
2236 ms [UE 10443] UL Throughput = 0.00000 Mbps
2236 ms [UE 44997] UL Throughput = 0.00000 Mbps
2236 ms [UE 57997] UL Throughput = 0.00000 Mbps
2236 ms [UE 37145] UL Throughput = 0.00000 Mbps
2239 ms [UE 46152] UL Throughput = 0.00000 Mbps
2239 ms [UE 40696] UL Throughput = 0.00000 Mbps
2239 ms [UE 55444] UL Throughput = 0.00000 Mbps
2345 ms [UE 10443] UL Throughput = 0.00000 Mbps
2345 ms [UE 44997] UL Throughput = 0.00000 Mbps
2345 ms [UE 57997] UL Throughput = 0.00000 Mbps
2345 ms [UE 37145] UL Throughput = 0.00000 Mbps
2348 ms [UE 46152] UL Throughput = 0.00000 Mbps
2348 ms [UE 40696] UL Throughput = 0.31889 Mbps
2348 ms [UE 55444] UL Throughput = 0.00000 Mbps
2446 ms [UE 10443] UL Throughput = 0.00000 Mbps
2446 ms [UE 44997] UL Throughput = 0.00000 Mbps
2446 ms [UE 57997] UL Throughput = 0.00000 Mbps
2446 ms [UE 37145] UL Throughput = 0.00000 Mbps
2449 ms [UE 46152] UL Throughput = 0.00000 Mbps
2449 ms [UE 40696] UL Throughput = 0.00000 Mbps
2449 ms [UE 55444] UL Throughput = 0.00000 Mbps
2555 ms [UE 10443] UL Throughput = 0.00000 Mbps
2555 ms [UE 44997] UL Throughput = 0.00000 Mbps
2555 ms [UE 57997] UL Throughput = 0.00000 Mbps
2555 ms [UE 37145] UL Throughput = 0.00000 Mbps
2558 ms [UE 46152] UL Throughput = 0.53760 Mbps
2558 ms [UE 40696] UL Throughput = 0.00000 Mbps
2558 ms [UE 55444] UL Throughput = 0.00000 Mbps
2655 ms [UE 10443] UL Throughput = 0.00000 Mbps
2655 ms [UE 44997] UL Throughput = 0.00000 Mbps
2655 ms [UE 57997] UL Throughput = 0.00000 Mbps
2655 ms [UE 37145] UL Throughput = 0.00000 Mbps
2658 ms [UE 46152] UL Throughput = 0.00000 Mbps
2658 ms [UE 40696] UL Throughput = 0.00000 Mbps
2658 ms [UE 55444] UL Throughput = 0.00000 Mbps
2756 ms [UE 10443] UL Throughput = 0.00000 Mbps
2756 ms [UE 44997] UL Throughput = 0.00000 Mbps
2756 ms [UE 57997] UL Throughput = 0.00000 Mbps
2756 ms [UE 37145] UL Throughput = 0.00000 Mbps
2759 ms [UE 46152] UL Throughput = 0.00000 Mbps
2759 ms [UE 40696] UL Throughput = 0.07616 Mbps
2759 ms [UE 55444] UL Throughput = 0.00000 Mbps
2865 ms [UE 10443] UL Throughput = 0.00000 Mbps
2865 ms [UE 44997] UL Throughput = 0.00000 Mbps
2865 ms [UE 57997] UL Throughput = 0.00000 Mbps
2865 ms [UE 37145] UL Throughput = 0.00000 Mbps
2868 ms [UE 46152] UL Throughput = 0.44191 Mbps
2868 ms [UE 40696] UL Throughput = 0.31941 Mbps
2868 ms [UE 55444] UL Throughput = 0.00000 Mbps
2969 ms [UE 46152] UL Throughput = 0.00000 Mbps
2969 ms [UE 40696] UL Throughput = 0.00000 Mbps
2969 ms [UE 55444] UL Throughput = 0.00000 Mbps
2975 ms [UE 10443] UL Throughput = 0.00000 Mbps
2975 ms [UE 44997] UL Throughput = 0.00000 Mbps
2975 ms [UE 57997] UL Throughput = 0.00000 Mbps
2975 ms [UE 37145] UL Throughput = 0.00000 Mbps
3078 ms [UE 46152] UL Throughput = 0.00000 Mbps
3078 ms [UE 40696] UL Throughput = 0.00000 Mbps
3078 ms [UE 55444] UL Throughput = 0.00000 Mbps
3085 ms [UE 10443] UL Throughput = 0.00000 Mbps
3085 ms [UE 44997] UL Throughput = 0.00000 Mbps
3085 ms [UE 57997] UL Throughput = 0.00000 Mbps
3085 ms [UE 37145] UL Throughput = 0.00000 Mbps
3105 ms | now=1755823044938278 us | PDCP ind_msg latency=71953795 us
3188 ms [UE 46152] UL Throughput = 0.00000 Mbps
3188 ms [UE 40696] UL Throughput = 0.28543 Mbps
3188 ms [UE 55444] UL Throughput = 0.00000 Mbps
3196 ms [UE 10443] UL Throughput = 0.00000 Mbps
3196 ms [UE 44997] UL Throughput = 0.00000 Mbps
3196 ms [UE 57997] UL Throughput = 0.00000 Mbps
3196 ms [UE 37145] UL Throughput = 0.00000 Mbps
3298 ms [UE 46152] UL Throughput = 0.00000 Mbps
3298 ms [UE 40696] UL Throughput = 0.00000 Mbps
3298 ms [UE 55444] UL Throughput = 0.00000 Mbps
3306 ms [UE 10443] UL Throughput = 0.00000 Mbps
3306 ms [UE 44997] UL Throughput = 0.00000 Mbps
3306 ms [UE 57997] UL Throughput = 0.00000 Mbps
3306 ms [UE 37145] UL Throughput = 0.00000 Mbps
3398 ms [UE 46152] UL Throughput = 0.58646 Mbps
3398 ms [UE 40696] UL Throughput = 0.00000 Mbps
3398 ms [UE 55444] UL Throughput = 0.00000 Mbps
3415 ms [UE 10443] UL Throughput = 0.00000 Mbps
3415 ms [UE 44997] UL Throughput = 0.00000 Mbps
3415 ms [UE 57997] UL Throughput = 0.00000 Mbps
3415 ms [UE 37145] UL Throughput = 0.00000 Mbps
3498 ms [UE 46152] UL Throughput = 0.00000 Mbps
3498 ms [UE 40696] UL Throughput = 0.00000 Mbps
3498 ms [UE 55444] UL Throughput = 0.00000 Mbps
3525 ms [UE 10443] UL Throughput = 0.00000 Mbps
3525 ms [UE 44997] UL Throughput = 0.00000 Mbps
3525 ms [UE 57997] UL Throughput = 0.00000 Mbps
3525 ms [UE 37145] UL Throughput = 0.00000 Mbps
3598 ms [UE 46152] UL Throughput = 0.00000 Mbps
3598 ms [UE 40696] UL Throughput = 0.00000 Mbps
3598 ms [UE 55444] UL Throughput = 0.00000 Mbps
3626 ms [UE 10443] UL Throughput = 0.00000 Mbps
3626 ms [UE 44997] UL Throughput = 0.00000 Mbps
3626 ms [UE 57997] UL Throughput = 0.00000 Mbps
3626 ms [UE 37145] UL Throughput = 0.00000 Mbps
3709 ms [UE 46152] UL Throughput = 0.00000 Mbps
3709 ms [UE 40696] UL Throughput = 0.06912 Mbps
3709 ms [UE 55444] UL Throughput = 0.00000 Mbps
3735 ms [UE 10443] UL Throughput = 0.00000 Mbps
3735 ms [UE 44997] UL Throughput = 0.00000 Mbps
3735 ms [UE 57997] UL Throughput = 0.00000 Mbps
3735 ms [UE 37145] UL Throughput = 0.00000 Mbps
3819 ms [UE 46152] UL Throughput = 0.43886 Mbps
3819 ms [UE 40696] UL Throughput = 0.31721 Mbps
3819 ms [UE 55444] UL Throughput = 0.00000 Mbps
3836 ms [UE 10443] UL Throughput = 0.00000 Mbps
3836 ms [UE 44997] UL Throughput = 0.00000 Mbps
3836 ms [UE 57997] UL Throughput = 0.00000 Mbps
3836 ms [UE 37145] UL Throughput = 0.00000 Mbps
3928 ms [UE 46152] UL Throughput = 0.00000 Mbps
3928 ms [UE 40696] UL Throughput = 0.00000 Mbps
3928 ms [UE 55444] UL Throughput = 0.00000 Mbps
3946 ms [UE 10443] UL Throughput = 0.00000 Mbps
3946 ms [UE 44997] UL Throughput = 0.00174 Mbps
3946 ms [UE 57997] UL Throughput = 0.00770 Mbps
3946 ms [UE 37145] UL Throughput = 0.00770 Mbps
4029 ms [UE 46152] UL Throughput = 0.00000 Mbps
4029 ms [UE 40696] UL Throughput = 0.00000 Mbps
4029 ms [UE 55444] UL Throughput = 0.00000 Mbps
4056 ms [UE 10443] UL Throughput = 0.00000 Mbps
4056 ms [UE 44997] UL Throughput = 0.00000 Mbps
4056 ms [UE 57997] UL Throughput = 0.00000 Mbps
4056 ms [UE 37145] UL Throughput = 0.00000 Mbps
4136 ms | now=1755823045969597 us | PDCP ind_msg latency=71953303 us
4138 ms [UE 46152] UL Throughput = 0.00000 Mbps
4138 ms [UE 40696] UL Throughput = 0.31989 Mbps
4138 ms [UE 55444] UL Throughput = 0.00000 Mbps
4166 ms [UE 10443] UL Throughput = 0.00000 Mbps
4166 ms [UE 44997] UL Throughput = 0.00000 Mbps
4166 ms [UE 57997] UL Throughput = 0.00000 Mbps
4166 ms [UE 37145] UL Throughput = 0.00000 Mbps
4238 ms [UE 46152] UL Throughput = 0.00000 Mbps
4238 ms [UE 40696] UL Throughput = 0.00000 Mbps
4238 ms [UE 55444] UL Throughput = 0.00000 Mbps
4276 ms [UE 10443] UL Throughput = 0.00175 Mbps
4276 ms [UE 44997] UL Throughput = 0.00000 Mbps
4276 ms [UE 57997] UL Throughput = 0.00771 Mbps
4276 ms [UE 37145] UL Throughput = 0.00771 Mbps
4348 ms [UE 46152] UL Throughput = 0.53343 Mbps
4348 ms [UE 40696] UL Throughput = 0.00000 Mbps
4348 ms [UE 55444] UL Throughput = 0.00000 Mbps
4385 ms [UE 10443] UL Throughput = 0.00000 Mbps
4385 ms [UE 44997] UL Throughput = 0.00000 Mbps
4385 ms [UE 57997] UL Throughput = 0.00000 Mbps
4385 ms [UE 37145] UL Throughput = 0.00000 Mbps
4458 ms [UE 46152] UL Throughput = 0.00000 Mbps
4458 ms [UE 40696] UL Throughput = 0.00000 Mbps
4458 ms [UE 55444] UL Throughput = 0.00000 Mbps
4495 ms [UE 10443] UL Throughput = 0.00000 Mbps
4495 ms [UE 44997] UL Throughput = 0.00000 Mbps
4495 ms [UE 57997] UL Throughput = 0.00771 Mbps
4495 ms [UE 37145] UL Throughput = 0.00000 Mbps
4568 ms [UE 46152] UL Throughput = 0.00000 Mbps
4568 ms [UE 40696] UL Throughput = 0.00000 Mbps
4568 ms [UE 55444] UL Throughput = 0.00000 Mbps
4605 ms [UE 10443] UL Throughput = 0.00000 Mbps
4605 ms [UE 44997] UL Throughput = 0.00000 Mbps
4605 ms [UE 57997] UL Throughput = 0.00000 Mbps
4605 ms [UE 37145] UL Throughput = 0.00000 Mbps
4678 ms [UE 46152] UL Throughput = 0.43819 Mbps
4678 ms [UE 40696] UL Throughput = 0.38659 Mbps
4678 ms [UE 55444] UL Throughput = 0.00000 Mbps
4705 ms [UE 10443] UL Throughput = 0.00000 Mbps
4705 ms [UE 44997] UL Throughput = 0.00000 Mbps
4705 ms [UE 57997] UL Throughput = 0.00000 Mbps
4705 ms [UE 37145] UL Throughput = 0.00000 Mbps
4778 ms [UE 46152] UL Throughput = 0.00000 Mbps
4778 ms [UE 40696] UL Throughput = 0.00000 Mbps
4778 ms [UE 55444] UL Throughput = 0.00000 Mbps
4806 ms [UE 10443] UL Throughput = 0.00000 Mbps
4806 ms [UE 44997] UL Throughput = 0.00000 Mbps
4806 ms [UE 57997] UL Throughput = 0.00000 Mbps
4806 ms [UE 37145] UL Throughput = 0.00000 Mbps
4888 ms [UE 46152] UL Throughput = 0.00000 Mbps
4888 ms [UE 40696] UL Throughput = 0.00000 Mbps
4888 ms [UE 55444] UL Throughput = 0.00000 Mbps
4916 ms [UE 10443] UL Throughput = 0.00000 Mbps
4916 ms [UE 44997] UL Throughput = 0.00000 Mbps
4916 ms [UE 57997] UL Throughput = 0.00000 Mbps
4916 ms [UE 37145] UL Throughput = 0.00000 Mbps
4998 ms [UE 46152] UL Throughput = 0.00000 Mbps
4998 ms [UE 40696] UL Throughput = 0.00000 Mbps
4998 ms [UE 55444] UL Throughput = 0.00000 Mbps
5026 ms [UE 10443] UL Throughput = 0.00000 Mbps
5026 ms [UE 44997] UL Throughput = 0.00000 Mbps
5026 ms [UE 57997] UL Throughput = 0.00000 Mbps
5026 ms [UE 37145] UL Throughput = 0.00000 Mbps
5098 ms [UE 46152] UL Throughput = 0.00000 Mbps
5098 ms [UE 40696] UL Throughput = 0.34689 Mbps
5098 ms [UE 55444] UL Throughput = 0.00000 Mbps
5135 ms [UE 10443] UL Throughput = 0.00000 Mbps
5135 ms [UE 44997] UL Throughput = 0.00000 Mbps
5135 ms [UE 57997] UL Throughput = 0.00000 Mbps
5135 ms [UE 37145] UL Throughput = 0.00000 Mbps
5169 ms | now=1755823047002761 us | PDCP ind_msg latency=71953410 us
5208 ms [UE 46152] UL Throughput = 0.00000 Mbps
5208 ms [UE 40696] UL Throughput = 0.00000 Mbps
5208 ms [UE 55444] UL Throughput = 0.00000 Mbps
5245 ms [UE 10443] UL Throughput = 0.00000 Mbps
5245 ms [UE 44997] UL Throughput = 0.00000 Mbps
5245 ms [UE 57997] UL Throughput = 0.00000 Mbps
5245 ms [UE 37145] UL Throughput = 0.00000 Mbps
5308 ms [UE 46152] UL Throughput = 0.11496 Mbps
5308 ms [UE 40696] UL Throughput = 0.00000 Mbps
5308 ms [UE 55444] UL Throughput = 0.00000 Mbps
5355 ms [UE 10443] UL Throughput = 0.00000 Mbps
5355 ms [UE 44997] UL Throughput = 0.00000 Mbps
5355 ms [UE 57997] UL Throughput = 0.00000 Mbps
5355 ms [UE 37145] UL Throughput = 0.00000 Mbps
5419 ms [UE 46152] UL Throughput = 0.96287 Mbps
5419 ms [UE 40696] UL Throughput = 0.00000 Mbps
5419 ms [UE 55444] UL Throughput = 0.00000 Mbps
5455 ms [UE 10443] UL Throughput = 0.00000 Mbps
5455 ms [UE 44997] UL Throughput = 0.00000 Mbps
5455 ms [UE 57997] UL Throughput = 0.00000 Mbps
5455 ms [UE 37145] UL Throughput = 0.00000 Mbps
5519 ms [UE 46152] UL Throughput = 0.00000 Mbps
5519 ms [UE 40696] UL Throughput = 0.00000 Mbps
5519 ms [UE 55444] UL Throughput = 0.00000 Mbps
5566 ms [UE 10443] UL Throughput = 0.00000 Mbps
5566 ms [UE 44997] UL Throughput = 0.00000 Mbps
5566 ms [UE 57997] UL Throughput = 0.00000 Mbps
5566 ms [UE 37145] UL Throughput = 0.00000 Mbps
5628 ms [UE 46152] UL Throughput = 0.00000 Mbps
5628 ms [UE 40696] UL Throughput = 0.00000 Mbps
5628 ms [UE 55444] UL Throughput = 0.00000 Mbps
5675 ms [UE 10443] UL Throughput = 0.00000 Mbps
5675 ms [UE 44997] UL Throughput = 0.00000 Mbps
5675 ms [UE 57997] UL Throughput = 0.00000 Mbps
5675 ms [UE 37145] UL Throughput = 0.00000 Mbps
5728 ms [UE 46152] UL Throughput = 0.00000 Mbps
5728 ms [UE 40696] UL Throughput = 0.31236 Mbps
5728 ms [UE 55444] UL Throughput = 0.00000 Mbps
5775 ms [UE 10443] UL Throughput = 0.00000 Mbps
5775 ms [UE 44997] UL Throughput = 0.00000 Mbps
5775 ms [UE 57997] UL Throughput = 0.00000 Mbps
5775 ms [UE 37145] UL Throughput = 0.00000 Mbps
5838 ms [UE 46152] UL Throughput = 0.00000 Mbps
5838 ms [UE 40696] UL Throughput = 0.00000 Mbps
5838 ms [UE 55444] UL Throughput = 0.00000 Mbps
5876 ms [UE 10443] UL Throughput = 0.00000 Mbps
5876 ms [UE 44997] UL Throughput = 0.00000 Mbps
5876 ms [UE 57997] UL Throughput = 0.00000 Mbps
5876 ms [UE 37145] UL Throughput = 0.00000 Mbps
5938 ms [UE 46152] UL Throughput = 0.11515 Mbps
5938 ms [UE 40696] UL Throughput = 0.00000 Mbps
5938 ms [UE 55444] UL Throughput = 0.00000 Mbps
5985 ms [UE 10443] UL Throughput = 0.00000 Mbps
5985 ms [UE 44997] UL Throughput = 0.00000 Mbps
5985 ms [UE 57997] UL Throughput = 0.00000 Mbps
5985 ms [UE 37145] UL Throughput = 0.00000 Mbps
6038 ms [UE 46152] UL Throughput = 0.00000 Mbps
6038 ms [UE 40696] UL Throughput = 0.00000 Mbps
6038 ms [UE 55444] UL Throughput = 0.00000 Mbps
6086 ms [UE 10443] UL Throughput = 0.00000 Mbps
6086 ms [UE 44997] UL Throughput = 0.00000 Mbps
6086 ms [UE 57997] UL Throughput = 0.00000 Mbps
6086 ms [UE 37145] UL Throughput = 0.00000 Mbps
6138 ms [UE 46152] UL Throughput = 0.00000 Mbps
6138 ms [UE 40696] UL Throughput = 0.00000 Mbps
6138 ms [UE 55444] UL Throughput = 0.00000 Mbps
6195 ms [UE 10443] UL Throughput = 0.00000 Mbps
6195 ms [UE 44997] UL Throughput = 0.00000 Mbps
6195 ms [UE 57997] UL Throughput = 0.00000 Mbps
6195 ms [UE 37145] UL Throughput = 0.00000 Mbps
6225 ms | now=1755823048059170 us | PDCP ind_msg latency=71953833 us
6239 ms [UE 46152] UL Throughput = 0.00000 Mbps
6239 ms [UE 40696] UL Throughput = 0.00000 Mbps
6239 ms [UE 55444] UL Throughput = 0.00000 Mbps
6305 ms [UE 10443] UL Throughput = 0.00000 Mbps
6305 ms [UE 44997] UL Throughput = 0.00000 Mbps
6305 ms [UE 57997] UL Throughput = 0.00000 Mbps
6305 ms [UE 37145] UL Throughput = 0.00000 Mbps
6348 ms [UE 46152] UL Throughput = 0.00000 Mbps
6348 ms [UE 40696] UL Throughput = 0.29433 Mbps
6348 ms [UE 55444] UL Throughput = 0.00000 Mbps
6405 ms [UE 10443] UL Throughput = 0.00000 Mbps
6405 ms [UE 44997] UL Throughput = 0.00000 Mbps
6405 ms [UE 57997] UL Throughput = 0.00000 Mbps
6405 ms [UE 37145] UL Throughput = 0.00000 Mbps
6458 ms [UE 46152] UL Throughput = 0.00000 Mbps
6458 ms [UE 40696] UL Throughput = 0.00000 Mbps
6458 ms [UE 55444] UL Throughput = 0.00000 Mbps
6507 ms [UE 10443] UL Throughput = 0.00000 Mbps
6507 ms [UE 44997] UL Throughput = 0.00000 Mbps
6507 ms [UE 57997] UL Throughput = 0.00000 Mbps
6507 ms [UE 37145] UL Throughput = 0.00000 Mbps
6568 ms [UE 46152] UL Throughput = 0.00000 Mbps
6568 ms [UE 40696] UL Throughput = 0.00000 Mbps
6568 ms [UE 55444] UL Throughput = 0.00000 Mbps
6616 ms [UE 10443] UL Throughput = 0.00000 Mbps
6616 ms [UE 44997] UL Throughput = 0.00000 Mbps
6616 ms [UE 57997] UL Throughput = 0.00000 Mbps
6616 ms [UE 37145] UL Throughput = 0.00000 Mbps
6668 ms [UE 46152] UL Throughput = 0.48073 Mbps
6668 ms [UE 40696] UL Throughput = 0.00000 Mbps
6668 ms [UE 55444] UL Throughput = 0.00000 Mbps
6725 ms [UE 10443] UL Throughput = 0.00000 Mbps
6725 ms [UE 44997] UL Throughput = 0.00000 Mbps
6725 ms [UE 57997] UL Throughput = 0.00000 Mbps
6725 ms [UE 37145] UL Throughput = 0.00000 Mbps
6769 ms [UE 46152] UL Throughput = 0.00000 Mbps
6769 ms [UE 40696] UL Throughput = 0.00000 Mbps
6769 ms [UE 55444] UL Throughput = 0.00000 Mbps
6825 ms [UE 10443] UL Throughput = 0.00000 Mbps
6825 ms [UE 44997] UL Throughput = 0.00000 Mbps
6825 ms [UE 57997] UL Throughput = 0.00000 Mbps
6825 ms [UE 37145] UL Throughput = 0.00000 Mbps
6878 ms [UE 46152] UL Throughput = 0.44195 Mbps
6878 ms [UE 40696] UL Throughput = 0.07047 Mbps
6878 ms [UE 55444] UL Throughput = 0.00000 Mbps
6925 ms [UE 10443] UL Throughput = 0.00000 Mbps
6925 ms [UE 44997] UL Throughput = 0.00000 Mbps
6925 ms [UE 57997] UL Throughput = 0.00000 Mbps
6925 ms [UE 37145] UL Throughput = 0.00000 Mbps
6980 ms [UE 46152] UL Throughput = 0.00000 Mbps
6980 ms [UE 40696] UL Throughput = 0.30672 Mbps
6980 ms [UE 55444] UL Throughput = 0.00000 Mbps
7035 ms [UE 10443] UL Throughput = 0.00000 Mbps
7035 ms [UE 44997] UL Throughput = 0.00000 Mbps
7035 ms [UE 57997] UL Throughput = 0.00000 Mbps
7035 ms [UE 37145] UL Throughput = 0.00000 Mbps
7088 ms [UE 46152] UL Throughput = 0.00000 Mbps
7088 ms [UE 40696] UL Throughput = 0.00000 Mbps
7088 ms [UE 55444] UL Throughput = 0.00000 Mbps
7135 ms [UE 10443] UL Throughput = 0.00000 Mbps
7135 ms [UE 44997] UL Throughput = 0.00000 Mbps
7135 ms [UE 57997] UL Throughput = 0.00000 Mbps
7135 ms [UE 37145] UL Throughput = 0.00000 Mbps
7189 ms [UE 46152] UL Throughput = 0.00000 Mbps
7189 ms [UE 40696] UL Throughput = 0.34609 Mbps
7189 ms [UE 55444] UL Throughput = 0.00000 Mbps
7247 ms [UE 10443] UL Throughput = 0.00000 Mbps
7247 ms [UE 44997] UL Throughput = 0.00000 Mbps
7247 ms [UE 57997] UL Throughput = 0.00000 Mbps
7247 ms [UE 37145] UL Throughput = 0.00000 Mbps
7280 ms | now=1755823049113840 us | PDCP ind_msg latency=71953546 us
7299 ms [UE 46152] UL Throughput = 0.00000 Mbps
7299 ms [UE 40696] UL Throughput = 0.00000 Mbps
7299 ms [UE 55444] UL Throughput = 0.00000 Mbps
7355 ms [UE 10443] UL Throughput = 0.00000 Mbps
7355 ms [UE 44997] UL Throughput = 0.00000 Mbps
7355 ms [UE 57997] UL Throughput = 0.00000 Mbps
7355 ms [UE 37145] UL Throughput = 0.00000 Mbps
7408 ms [UE 46152] UL Throughput = 0.00000 Mbps
7408 ms [UE 40696] UL Throughput = 0.00000 Mbps
7408 ms [UE 55444] UL Throughput = 0.00000 Mbps
7465 ms [UE 10443] UL Throughput = 0.00000 Mbps
7465 ms [UE 44997] UL Throughput = 0.00000 Mbps
7465 ms [UE 57997] UL Throughput = 0.00000 Mbps
7465 ms [UE 37145] UL Throughput = 0.00000 Mbps
7508 ms [UE 46152] UL Throughput = 0.11442 Mbps
7508 ms [UE 40696] UL Throughput = 0.34556 Mbps
7508 ms [UE 55444] UL Throughput = 0.00000 Mbps
7565 ms [UE 10443] UL Throughput = 0.00000 Mbps
7565 ms [UE 44997] UL Throughput = 0.00000 Mbps
7565 ms [UE 57997] UL Throughput = 0.00000 Mbps
7565 ms [UE 37145] UL Throughput = 0.00000 Mbps
7618 ms [UE 46152] UL Throughput = 0.00000 Mbps
7618 ms [UE 40696] UL Throughput = 0.00000 Mbps
7618 ms [UE 55444] UL Throughput = 0.00000 Mbps
7676 ms [UE 10443] UL Throughput = 0.00000 Mbps
7676 ms [UE 44997] UL Throughput = 0.00000 Mbps
7676 ms [UE 57997] UL Throughput = 0.00000 Mbps
7676 ms [UE 37145] UL Throughput = 0.00000 Mbps
7718 ms [UE 46152] UL Throughput = 0.11522 Mbps
7718 ms [UE 40696] UL Throughput = 0.00000 Mbps
7718 ms [UE 55444] UL Throughput = 0.00000 Mbps
7786 ms [UE 10443] UL Throughput = 0.00000 Mbps
7786 ms [UE 44997] UL Throughput = 0.00000 Mbps
7786 ms [UE 57997] UL Throughput = 0.00000 Mbps
7786 ms [UE 37145] UL Throughput = 0.00000 Mbps
7829 ms [UE 46152] UL Throughput = 0.48382 Mbps
7829 ms [UE 40696] UL Throughput = 0.00000 Mbps
7829 ms [UE 55444] UL Throughput = 0.00000 Mbps
7895 ms [UE 10443] UL Throughput = 0.00000 Mbps
7895 ms [UE 44997] UL Throughput = 0.00000 Mbps
7895 ms [UE 57997] UL Throughput = 0.00000 Mbps
7895 ms [UE 37145] UL Throughput = 0.00000 Mbps
7938 ms [UE 46152] UL Throughput = 0.00000 Mbps
7938 ms [UE 40696] UL Throughput = 0.00000 Mbps
7938 ms [UE 55444] UL Throughput = 0.00000 Mbps
7996 ms [UE 10443] UL Throughput = 0.00000 Mbps
7996 ms [UE 44997] UL Throughput = 0.00000 Mbps
7996 ms [UE 57997] UL Throughput = 0.00000 Mbps
7996 ms [UE 37145] UL Throughput = 0.00000 Mbps
8066 ms [UE 46152] UL Throughput = 0.00000 Mbps
8066 ms [UE 40696] UL Throughput = 0.06003 Mbps
8066 ms [UE 55444] UL Throughput = 0.00000 Mbps
8105 ms [UE 10443] UL Throughput = 0.00000 Mbps
8105 ms [UE 44997] UL Throughput = 0.00000 Mbps
8105 ms [UE 57997] UL Throughput = 0.00000 Mbps
8105 ms [UE 37145] UL Throughput = 0.00000 Mbps
8168 ms [UE 46152] UL Throughput = 0.45988 Mbps
8168 ms [UE 40696] UL Throughput = 0.33985 Mbps
8168 ms [UE 55444] UL Throughput = 0.00000 Mbps
8215 ms [UE 10443] UL Throughput = 0.00000 Mbps
8215 ms [UE 44997] UL Throughput = 0.00000 Mbps
8215 ms [UE 57997] UL Throughput = 0.00000 Mbps
8215 ms [UE 37145] UL Throughput = 0.00000 Mbps
8278 ms [UE 46152] UL Throughput = 0.00000 Mbps
8278 ms [UE 40696] UL Throughput = 0.00000 Mbps
8278 ms [UE 55444] UL Throughput = 0.00000 Mbps
8325 ms [UE 10443] UL Throughput = 0.00000 Mbps
8325 ms [UE 44997] UL Throughput = 0.00000 Mbps
8325 ms [UE 57997] UL Throughput = 0.00000 Mbps
8325 ms [UE 37145] UL Throughput = 0.00000 Mbps
8330 ms | now=1755823050163992 us | PDCP ind_msg latency=71953594 us
8379 ms [UE 46152] UL Throughput = 0.00000 Mbps
8379 ms [UE 40696] UL Throughput = 0.00000 Mbps
8379 ms [UE 55444] UL Throughput = 0.00000 Mbps
8425 ms [UE 10443] UL Throughput = 0.00000 Mbps
8425 ms [UE 44997] UL Throughput = 0.00192 Mbps
8425 ms [UE 57997] UL Throughput = 0.00847 Mbps
8425 ms [UE 37145] UL Throughput = 0.00847 Mbps
8488 ms [UE 46152] UL Throughput = 0.00000 Mbps
8488 ms [UE 40696] UL Throughput = 0.00000 Mbps
8488 ms [UE 55444] UL Throughput = 0.00000 Mbps
8535 ms [UE 10443] UL Throughput = 0.00000 Mbps
8535 ms [UE 44997] UL Throughput = 0.00000 Mbps
8535 ms [UE 57997] UL Throughput = 0.00000 Mbps
8535 ms [UE 37145] UL Throughput = 0.00000 Mbps
8598 ms [UE 46152] UL Throughput = 0.00000 Mbps
8598 ms [UE 40696] UL Throughput = 0.00000 Mbps
8598 ms [UE 55444] UL Throughput = 0.00000 Mbps
8635 ms [UE 10443] UL Throughput = 0.00192 Mbps
8635 ms [UE 44997] UL Throughput = 0.00000 Mbps
8635 ms [UE 57997] UL Throughput = 0.00847 Mbps
8635 ms [UE 37145] UL Throughput = 0.00847 Mbps
8699 ms [UE 46152] UL Throughput = 0.00000 Mbps
8699 ms [UE 40696] UL Throughput = 0.41971 Mbps
8699 ms [UE 55444] UL Throughput = 0.00000 Mbps
8745 ms [UE 10443] UL Throughput = 0.00000 Mbps
8745 ms [UE 44997] UL Throughput = 0.00000 Mbps
8745 ms [UE 57997] UL Throughput = 0.00000 Mbps
8745 ms [UE 37145] UL Throughput = 0.00000 Mbps
8808 ms [UE 46152] UL Throughput = 0.00000 Mbps
8808 ms [UE 40696] UL Throughput = 0.00000 Mbps
8808 ms [UE 55444] UL Throughput = 0.00000 Mbps
8846 ms [UE 10443] UL Throughput = 0.00000 Mbps
8846 ms [UE 44997] UL Throughput = 0.00000 Mbps
8846 ms [UE 57997] UL Throughput = 0.00000 Mbps
8846 ms [UE 37145] UL Throughput = 0.00000 Mbps
8919 ms [UE 46152] UL Throughput = 0.00000 Mbps
8919 ms [UE 40696] UL Throughput = 0.00000 Mbps
8919 ms [UE 55444] UL Throughput = 0.00000 Mbps
8956 ms [UE 10443] UL Throughput = 0.00000 Mbps
8956 ms [UE 44997] UL Throughput = 0.00000 Mbps
8956 ms [UE 57997] UL Throughput = 0.00000 Mbps
8956 ms [UE 37145] UL Throughput = 0.00000 Mbps
9028 ms [UE 46152] UL Throughput = 0.48704 Mbps
9028 ms [UE 40696] UL Throughput = 0.38840 Mbps
9028 ms [UE 55444] UL Throughput = 0.00000 Mbps
9065 ms [UE 10443] UL Throughput = 0.00000 Mbps
9065 ms [UE 44997] UL Throughput = 0.00000 Mbps
9065 ms [UE 57997] UL Throughput = 0.00775 Mbps
9065 ms [UE 37145] UL Throughput = 0.00000 Mbps
9130 ms [UE 46152] UL Throughput = 0.00000 Mbps
9130 ms [UE 40696] UL Throughput = 0.00000 Mbps
9130 ms [UE 55444] UL Throughput = 0.00000 Mbps
9166 ms [UE 10443] UL Throughput = 0.00000 Mbps
9166 ms [UE 44997] UL Throughput = 0.00000 Mbps
9166 ms [UE 57997] UL Throughput = 0.00000 Mbps
9166 ms [UE 37145] UL Throughput = 0.00000 Mbps
9238 ms [UE 46152] UL Throughput = 0.00000 Mbps
9238 ms [UE 40696] UL Throughput = 0.00000 Mbps
9238 ms [UE 55444] UL Throughput = 0.00000 Mbps
9276 ms [UE 10443] UL Throughput = 0.00000 Mbps
9276 ms [UE 44997] UL Throughput = 0.00000 Mbps
9276 ms [UE 57997] UL Throughput = 0.00000 Mbps
9276 ms [UE 37145] UL Throughput = 0.00000 Mbps
9338 ms [UE 46152] UL Throughput = 0.00000 Mbps
9338 ms [UE 40696] UL Throughput = 0.00000 Mbps
9338 ms [UE 55444] UL Throughput = 0.00000 Mbps
9386 ms [UE 10443] UL Throughput = 0.00000 Mbps
9386 ms [UE 44997] UL Throughput = 0.00000 Mbps
9386 ms [UE 57997] UL Throughput = 0.00000 Mbps
9386 ms [UE 37145] UL Throughput = 0.00000 Mbps
9400 ms | now=1755823051233259 us | PDCP ind_msg latency=71953798 us
9438 ms [UE 46152] UL Throughput = 0.00000 Mbps
9438 ms [UE 40696] UL Throughput = 0.00000 Mbps
9438 ms [UE 55444] UL Throughput = 0.00000 Mbps
9487 ms [UE 10443] UL Throughput = 0.00000 Mbps
9487 ms [UE 44997] UL Throughput = 0.00000 Mbps
9487 ms [UE 57997] UL Throughput = 0.00000 Mbps
9487 ms [UE 37145] UL Throughput = 0.00000 Mbps
9538 ms [UE 46152] UL Throughput = 0.00000 Mbps
9538 ms [UE 40696] UL Throughput = 0.42448 Mbps
9538 ms [UE 55444] UL Throughput = 0.00000 Mbps
9596 ms [UE 10443] UL Throughput = 0.00000 Mbps
9596 ms [UE 44997] UL Throughput = 0.00000 Mbps
9596 ms [UE 57997] UL Throughput = 0.00000 Mbps
9596 ms [UE 37145] UL Throughput = 0.00000 Mbps
9648 ms [UE 46152] UL Throughput = 0.00000 Mbps
9648 ms [UE 40696] UL Throughput = 0.00000 Mbps
9648 ms [UE 55444] UL Throughput = 0.00000 Mbps
9697 ms [UE 10443] UL Throughput = 0.00000 Mbps
9697 ms [UE 44997] UL Throughput = 0.00000 Mbps
9697 ms [UE 57997] UL Throughput = 0.00000 Mbps
9697 ms [UE 37145] UL Throughput = 0.00000 Mbps
9758 ms [UE 46152] UL Throughput = 0.00000 Mbps
9758 ms [UE 40696] UL Throughput = 0.06991 Mbps
9758 ms [UE 55444] UL Throughput = 0.00000 Mbps
9805 ms [UE 10443] UL Throughput = 0.00000 Mbps
9805 ms [UE 44997] UL Throughput = 0.00000 Mbps
9805 ms [UE 57997] UL Throughput = 0.00000 Mbps
9805 ms [UE 37145] UL Throughput = 0.00000 Mbps
9860 ms [UE 46152] UL Throughput = 0.52158 Mbps
9860 ms [UE 40696] UL Throughput = 0.34078 Mbps
9860 ms [UE 55444] UL Throughput = 0.00000 Mbps
9916 ms [UE 10443] UL Throughput = 0.00000 Mbps
9916 ms [UE 44997] UL Throughput = 0.00000 Mbps
9916 ms [UE 57997] UL Throughput = 0.00000 Mbps
9916 ms [UE 37145] UL Throughput = 0.00000 Mbps
9969 ms [UE 46152] UL Throughput = 0.00000 Mbps
9969 ms [UE 40696] UL Throughput = 0.00000 Mbps
9969 ms [UE 55444] UL Throughput = 0.00000 Mbps
10025 ms [UE 10443] UL Throughput = 0.00000 Mbps
10025 ms [UE 44997] UL Throughput = 0.00000 Mbps
10025 ms [UE 57997] UL Throughput = 0.00000 Mbps
10025 ms [UE 37145] UL Throughput = 0.00000 Mbps
10069 ms [UE 46152] UL Throughput = 0.00000 Mbps
10069 ms [UE 40696] UL Throughput = 0.00000 Mbps
10069 ms [UE 55444] UL Throughput = 0.00000 Mbps
10125 ms [UE 10443] UL Throughput = 0.00000 Mbps
10125 ms [UE 44997] UL Throughput = 0.00000 Mbps
10125 ms [UE 57997] UL Throughput = 0.00000 Mbps
10125 ms [UE 37145] UL Throughput = 0.00000 Mbps
10179 ms [UE 46152] UL Throughput = 0.00000 Mbps
10179 ms [UE 40696] UL Throughput = 0.00000 Mbps
10179 ms [UE 55444] UL Throughput = 0.00000 Mbps
10226 ms [UE 10443] UL Throughput = 0.00000 Mbps
10226 ms [UE 44997] UL Throughput = 0.00191 Mbps
10226 ms [UE 57997] UL Throughput = 0.00843 Mbps
10226 ms [UE 37145] UL Throughput = 0.00843 Mbps
10288 ms [UE 46152] UL Throughput = 0.00000 Mbps
10288 ms [UE 40696] UL Throughput = 0.00000 Mbps
10288 ms [UE 55444] UL Throughput = 0.00000 Mbps
10335 ms [UE 10443] UL Throughput = 0.00000 Mbps
10335 ms [UE 44997] UL Throughput = 0.00000 Mbps
10335 ms [UE 57997] UL Throughput = 0.00000 Mbps
10335 ms [UE 37145] UL Throughput = 0.00000 Mbps
10398 ms [UE 46152] UL Throughput = 0.48441 Mbps
10398 ms [UE 40696] UL Throughput = 0.35380 Mbps
10398 ms [UE 55444] UL Throughput = 0.00000 Mbps
10446 ms [UE 10443] UL Throughput = 0.00000 Mbps
10446 ms [UE 44997] UL Throughput = 0.00000 Mbps
10446 ms [UE 57997] UL Throughput = 0.00000 Mbps
10446 ms [UE 37145] UL Throughput = 0.00000 Mbps
10459 ms | now=1755823052292736 us | PDCP ind_msg latency=71954051 us
10508 ms [UE 46152] UL Throughput = 0.00000 Mbps
10508 ms [UE 40696] UL Throughput = 0.00000 Mbps
10508 ms [UE 55444] UL Throughput = 0.00000 Mbps
10556 ms [UE 10443] UL Throughput = 0.00000 Mbps
10556 ms [UE 44997] UL Throughput = 0.00000 Mbps
10556 ms [UE 57997] UL Throughput = 0.00000 Mbps
10556 ms [UE 37145] UL Throughput = 0.00000 Mbps
10610 ms [UE 46152] UL Throughput = 0.00000 Mbps
10610 ms [UE 40696] UL Throughput = 0.00000 Mbps
10610 ms [UE 55444] UL Throughput = 0.00000 Mbps
10667 ms [UE 10443] UL Throughput = 0.00000 Mbps
10667 ms [UE 44997] UL Throughput = 0.00000 Mbps
10667 ms [UE 57997] UL Throughput = 0.00000 Mbps
10667 ms [UE 37145] UL Throughput = 0.00000 Mbps
10718 ms [UE 46152] UL Throughput = 0.49126 Mbps
10718 ms [UE 40696] UL Throughput = 0.00000 Mbps
10718 ms [UE 55444] UL Throughput = 0.00000 Mbps
10776 ms [UE 10443] UL Throughput = 0.00000 Mbps
10776 ms [UE 44997] UL Throughput = 0.00000 Mbps
10776 ms [UE 57997] UL Throughput = 0.00000 Mbps
10776 ms [UE 37145] UL Throughput = 0.00000 Mbps
10829 ms [UE 46152] UL Throughput = 0.00000 Mbps
10829 ms [UE 40696] UL Throughput = 0.00000 Mbps
10829 ms [UE 55444] UL Throughput = 0.00000 Mbps
10876 ms [UE 10443] UL Throughput = 0.00000 Mbps
10876 ms [UE 44997] UL Throughput = 0.00000 Mbps
10876 ms [UE 57997] UL Throughput = 0.00000 Mbps
10876 ms [UE 37145] UL Throughput = 0.00000 Mbps
10939 ms [UE 46152] UL Throughput = 0.00000 Mbps
10939 ms [UE 40696] UL Throughput = 0.07008 Mbps
10939 ms [UE 55444] UL Throughput = 0.00000 Mbps
10985 ms [UE 10443] UL Throughput = 0.00000 Mbps
10985 ms [UE 44997] UL Throughput = 0.00000 Mbps
10985 ms [UE 57997] UL Throughput = 0.00000 Mbps
10985 ms [UE 37145] UL Throughput = 0.00000 Mbps
11048 ms [UE 46152] UL Throughput = 0.00000 Mbps
11048 ms [UE 40696] UL Throughput = 0.00000 Mbps
11048 ms [UE 55444] UL Throughput = 0.00000 Mbps
11086 ms [UE 10443] UL Throughput = 0.00000 Mbps
11086 ms [UE 44997] UL Throughput = 0.00000 Mbps
11086 ms [UE 57997] UL Throughput = 0.00000 Mbps
11086 ms [UE 37145] UL Throughput = 0.00000 Mbps
11158 ms [UE 46152] UL Throughput = 0.10457 Mbps
11158 ms [UE 40696] UL Throughput = 0.00000 Mbps
11158 ms [UE 55444] UL Throughput = 0.00000 Mbps
11196 ms [UE 10443] UL Throughput = 0.00000 Mbps
11196 ms [UE 44997] UL Throughput = 0.00000 Mbps
11196 ms [UE 57997] UL Throughput = 0.00000 Mbps
11196 ms [UE 37145] UL Throughput = 0.00000 Mbps
11258 ms [UE 46152] UL Throughput = 0.00000 Mbps
11258 ms [UE 40696] UL Throughput = 0.34717 Mbps
11258 ms [UE 55444] UL Throughput = 0.00000 Mbps
11307 ms [UE 10443] UL Throughput = 0.00000 Mbps
11307 ms [UE 44997] UL Throughput = 0.00000 Mbps
11307 ms [UE 57997] UL Throughput = 0.00000 Mbps
11307 ms [UE 37145] UL Throughput = 0.00000 Mbps
11359 ms [UE 46152] UL Throughput = 0.00000 Mbps
11359 ms [UE 40696] UL Throughput = 0.00000 Mbps
11359 ms [UE 55444] UL Throughput = 0.00000 Mbps
11416 ms [UE 10443] UL Throughput = 0.00000 Mbps
11416 ms [UE 44997] UL Throughput = 0.00000 Mbps
11416 ms [UE 57997] UL Throughput = 0.00000 Mbps
11416 ms [UE 37145] UL Throughput = 0.00000 Mbps
11459 ms [UE 46152] UL Throughput = 0.11482 Mbps
11459 ms [UE 40696] UL Throughput = 0.00000 Mbps
11459 ms [UE 55444] UL Throughput = 0.00000 Mbps
11516 ms [UE 10443] UL Throughput = 0.00000 Mbps
11516 ms [UE 44997] UL Throughput = 0.00000 Mbps
11516 ms [UE 57997] UL Throughput = 0.00000 Mbps
11516 ms [UE 37145] UL Throughput = 0.00000 Mbps
11534 ms | now=1755823053367862 us | PDCP ind_msg latency=71953443 us
11568 ms [UE 46152] UL Throughput = 0.00000 Mbps
11568 ms [UE 40696] UL Throughput = 0.29490 Mbps
11568 ms [UE 55444] UL Throughput = 0.00000 Mbps
11625 ms [UE 10443] UL Throughput = 0.00000 Mbps
11625 ms [UE 44997] UL Throughput = 0.00000 Mbps
11625 ms [UE 57997] UL Throughput = 0.00000 Mbps
11625 ms [UE 37145] UL Throughput = 0.00000 Mbps
11678 ms [UE 46152] UL Throughput = 0.00000 Mbps
11678 ms [UE 40696] UL Throughput = 0.00000 Mbps
11678 ms [UE 55444] UL Throughput = 0.00000 Mbps
11735 ms [UE 10443] UL Throughput = 0.00000 Mbps
11735 ms [UE 44997] UL Throughput = 0.00000 Mbps
11735 ms [UE 57997] UL Throughput = 0.00000 Mbps
11735 ms [UE 37145] UL Throughput = 0.00000 Mbps
11790 ms [UE 46152] UL Throughput = 0.00000 Mbps
11790 ms [UE 40696] UL Throughput = 0.00000 Mbps
11790 ms [UE 55444] UL Throughput = 0.00000 Mbps
11836 ms [UE 10443] UL Throughput = 0.00000 Mbps
11836 ms [UE 44997] UL Throughput = 0.00000 Mbps
11836 ms [UE 57997] UL Throughput = 0.00000 Mbps
11836 ms [UE 37145] UL Throughput = 0.00000 Mbps
11898 ms [UE 46152] UL Throughput = 0.00000 Mbps
11898 ms [UE 40696] UL Throughput = 0.00000 Mbps
11898 ms [UE 55444] UL Throughput = 0.00000 Mbps
11946 ms [UE 10443] UL Throughput = 0.00000 Mbps
11946 ms [UE 44997] UL Throughput = 0.00000 Mbps
11946 ms [UE 57997] UL Throughput = 0.00000 Mbps
11946 ms [UE 37145] UL Throughput = 0.00000 Mbps
12009 ms [UE 46152] UL Throughput = 0.00000 Mbps
12009 ms [UE 40696] UL Throughput = 0.06962 Mbps
12009 ms [UE 55444] UL Throughput = 0.00000 Mbps
12055 ms [UE 10443] UL Throughput = 0.00000 Mbps
12055 ms [UE 44997] UL Throughput = 0.00000 Mbps
12055 ms [UE 57997] UL Throughput = 0.00000 Mbps
12055 ms [UE 37145] UL Throughput = 0.00000 Mbps
12109 ms [UE 46152] UL Throughput = 0.46750 Mbps
12109 ms [UE 40696] UL Throughput = 0.03938 Mbps
12109 ms [UE 55444] UL Throughput = 0.00000 Mbps
12165 ms [UE 10443] UL Throughput = 0.00000 Mbps
12165 ms [UE 44997] UL Throughput = 0.00000 Mbps
12165 ms [UE 57997] UL Throughput = 0.00000 Mbps
12165 ms [UE 37145] UL Throughput = 0.00000 Mbps
12218 ms [UE 46152] UL Throughput = 0.00000 Mbps
12218 ms [UE 40696] UL Throughput = 0.00000 Mbps
12218 ms [UE 55444] UL Throughput = 0.00000 Mbps
12265 ms [UE 10443] UL Throughput = 0.00000 Mbps
12265 ms [UE 44997] UL Throughput = 0.00000 Mbps
12265 ms [UE 57997] UL Throughput = 0.00000 Mbps
12265 ms [UE 37145] UL Throughput = 0.00000 Mbps
12318 ms [UE 46152] UL Throughput = 0.53083 Mbps
12318 ms [UE 40696] UL Throughput = 0.07650 Mbps
12318 ms [UE 55444] UL Throughput = 0.00000 Mbps
12366 ms [UE 10443] UL Throughput = 0.00000 Mbps
12366 ms [UE 44997] UL Throughput = 0.00000 Mbps
12366 ms [UE 57997] UL Throughput = 0.00000 Mbps
12366 ms [UE 37145] UL Throughput = 0.00000 Mbps
12428 ms [UE 46152] UL Throughput = 0.00000 Mbps
12428 ms [UE 40696] UL Throughput = 0.00000 Mbps
12428 ms [UE 55444] UL Throughput = 0.00000 Mbps
12475 ms [UE 10443] UL Throughput = 0.00000 Mbps
12475 ms [UE 44997] UL Throughput = 0.00000 Mbps
12475 ms [UE 57997] UL Throughput = 0.00000 Mbps
12475 ms [UE 37145] UL Throughput = 0.00000 Mbps
12538 ms [UE 46152] UL Throughput = 0.00000 Mbps
12538 ms [UE 40696] UL Throughput = 0.00000 Mbps
12538 ms [UE 55444] UL Throughput = 0.00000 Mbps
12576 ms [UE 10443] UL Throughput = 0.00000 Mbps
12576 ms [UE 44997] UL Throughput = 0.00000 Mbps
12576 ms [UE 57997] UL Throughput = 0.00000 Mbps
12576 ms [UE 37145] UL Throughput = 0.00000 Mbps
12611 ms | now=1755823054444978 us | PDCP ind_msg latency=71953643 us
12638 ms [UE 46152] UL Throughput = 0.00000 Mbps
12638 ms [UE 40696] UL Throughput = 0.73653 Mbps
12638 ms [UE 55444] UL Throughput = 0.00000 Mbps
12685 ms [UE 10443] UL Throughput = 0.00000 Mbps
12685 ms [UE 44997] UL Throughput = 0.00000 Mbps
12685 ms [UE 57997] UL Throughput = 0.00000 Mbps
12685 ms [UE 37145] UL Throughput = 0.00000 Mbps
12748 ms [UE 46152] UL Throughput = 0.00000 Mbps
12748 ms [UE 40696] UL Throughput = 0.00000 Mbps
12748 ms [UE 55444] UL Throughput = 0.00000 Mbps
12786 ms [UE 10443] UL Throughput = 0.00000 Mbps
12786 ms [UE 44997] UL Throughput = 0.00000 Mbps
12786 ms [UE 57997] UL Throughput = 0.00000 Mbps
12786 ms [UE 37145] UL Throughput = 0.00000 Mbps
12859 ms [UE 46152] UL Throughput = 0.00000 Mbps
12859 ms [UE 40696] UL Throughput = 0.00000 Mbps
12859 ms [UE 55444] UL Throughput = 0.00000 Mbps
12896 ms [UE 10443] UL Throughput = 0.00000 Mbps
12896 ms [UE 44997] UL Throughput = 0.00000 Mbps
12896 ms [UE 57997] UL Throughput = 0.00000 Mbps
12896 ms [UE 37145] UL Throughput = 0.00000 Mbps
12968 ms [UE 46152] UL Throughput = 0.48986 Mbps
12968 ms [UE 40696] UL Throughput = 0.00000 Mbps
12968 ms [UE 55444] UL Throughput = 0.00000 Mbps
13005 ms [UE 10443] UL Throughput = 0.00000 Mbps
13005 ms [UE 44997] UL Throughput = 0.00000 Mbps
13005 ms [UE 57997] UL Throughput = 0.00000 Mbps
13005 ms [UE 37145] UL Throughput = 0.00000 Mbps
13068 ms [UE 46152] UL Throughput = 0.00000 Mbps
13068 ms [UE 40696] UL Throughput = 0.00000 Mbps
13068 ms [UE 55444] UL Throughput = 0.00000 Mbps
13106 ms [UE 10443] UL Throughput = 0.00000 Mbps
13106 ms [UE 44997] UL Throughput = 0.00000 Mbps
13106 ms [UE 57997] UL Throughput = 0.00000 Mbps
13106 ms [UE 37145] UL Throughput = 0.00000 Mbps
13168 ms [UE 46152] UL Throughput = 0.53139 Mbps
13168 ms [UE 40696] UL Throughput = 0.42377 Mbps
13168 ms [UE 55444] UL Throughput = 0.00000 Mbps
13216 ms [UE 10443] UL Throughput = 0.00000 Mbps
13216 ms [UE 44997] UL Throughput = 0.00175 Mbps
13216 ms [UE 57997] UL Throughput = 0.00771 Mbps
13216 ms [UE 37145] UL Throughput = 0.00771 Mbps
13278 ms [UE 46152] UL Throughput = 0.00000 Mbps
13278 ms [UE 40696] UL Throughput = 0.00000 Mbps
13278 ms [UE 55444] UL Throughput = 0.00000 Mbps
13325 ms [UE 10443] UL Throughput = 0.00000 Mbps
13325 ms [UE 44997] UL Throughput = 0.00000 Mbps
13325 ms [UE 57997] UL Throughput = 0.00000 Mbps
13325 ms [UE 37145] UL Throughput = 0.00000 Mbps
13388 ms [UE 46152] UL Throughput = 0.00000 Mbps
13388 ms [UE 40696] UL Throughput = 0.00000 Mbps
13388 ms [UE 55444] UL Throughput = 0.00000 Mbps
13426 ms [UE 10443] UL Throughput = 0.00191 Mbps
13426 ms [UE 44997] UL Throughput = 0.00000 Mbps
13426 ms [UE 57997] UL Throughput = 0.00843 Mbps
13426 ms [UE 37145] UL Throughput = 0.00843 Mbps
13498 ms [UE 46152] UL Throughput = 0.00000 Mbps
13498 ms [UE 40696] UL Throughput = 0.31691 Mbps
13498 ms [UE 55444] UL Throughput = 0.00000 Mbps
13536 ms [UE 10443] UL Throughput = 0.00000 Mbps
13536 ms [UE 44997] UL Throughput = 0.00000 Mbps
13536 ms [UE 57997] UL Throughput = 0.00000 Mbps
13536 ms [UE 37145] UL Throughput = 0.00000 Mbps
13599 ms [UE 46152] UL Throughput = 0.00000 Mbps
13599 ms [UE 40696] UL Throughput = 0.00000 Mbps
13599 ms [UE 55444] UL Throughput = 0.00000 Mbps
13646 ms [UE 10443] UL Throughput = 0.00000 Mbps
13646 ms [UE 44997] UL Throughput = 0.00000 Mbps
13646 ms [UE 57997] UL Throughput = 0.00000 Mbps
13646 ms [UE 37145] UL Throughput = 0.00000 Mbps
13682 ms | now=1755823055515212 us | PDCP ind_msg latency=71953908 us
13708 ms [UE 46152] UL Throughput = 0.10496 Mbps
13708 ms [UE 40696] UL Throughput = 0.00000 Mbps
13708 ms [UE 55444] UL Throughput = 0.00000 Mbps
13756 ms [UE 10443] UL Throughput = 0.00000 Mbps
13756 ms [UE 44997] UL Throughput = 0.00000 Mbps
13756 ms [UE 57997] UL Throughput = 0.00766 Mbps
13756 ms [UE 37145] UL Throughput = 0.00000 Mbps
13809 ms [UE 46152] UL Throughput = 0.53143 Mbps
13809 ms [UE 40696] UL Throughput = 0.00000 Mbps
13809 ms [UE 55444] UL Throughput = 0.00000 Mbps
13865 ms [UE 10443] UL Throughput = 0.00000 Mbps
13865 ms [UE 44997] UL Throughput = 0.00000 Mbps
13865 ms [UE 57997] UL Throughput = 0.00000 Mbps
13865 ms [UE 37145] UL Throughput = 0.00000 Mbps
13918 ms [UE 46152] UL Throughput = 0.00000 Mbps
13918 ms [UE 40696] UL Throughput = 0.00000 Mbps
13918 ms [UE 55444] UL Throughput = 0.00000 Mbps
13965 ms [UE 10443] UL Throughput = 0.00000 Mbps
13965 ms [UE 44997] UL Throughput = 0.00000 Mbps
13965 ms [UE 57997] UL Throughput = 0.00000 Mbps
13965 ms [UE 37145] UL Throughput = 0.00000 Mbps
14028 ms [UE 46152] UL Throughput = 0.00000 Mbps
14028 ms [UE 40696] UL Throughput = 0.38852 Mbps
14028 ms [UE 55444] UL Throughput = 0.00000 Mbps
14076 ms [UE 10443] UL Throughput = 0.00000 Mbps
14076 ms [UE 44997] UL Throughput = 0.00000 Mbps
14076 ms [UE 57997] UL Throughput = 0.00000 Mbps
14076 ms [UE 37145] UL Throughput = 0.00000 Mbps
14128 ms [UE 46152] UL Throughput = 0.00000 Mbps
14128 ms [UE 40696] UL Throughput = 0.00000 Mbps
14128 ms [UE 55444] UL Throughput = 0.00000 Mbps
14186 ms [UE 10443] UL Throughput = 0.00000 Mbps
14186 ms [UE 44997] UL Throughput = 0.00000 Mbps
14186 ms [UE 57997] UL Throughput = 0.00000 Mbps
14186 ms [UE 37145] UL Throughput = 0.00000 Mbps
14238 ms [UE 46152] UL Throughput = 0.00000 Mbps
14238 ms [UE 40696] UL Throughput = 0.00000 Mbps
14238 ms [UE 55444] UL Throughput = 0.00000 Mbps
14295 ms [UE 10443] UL Throughput = 0.00000 Mbps
14295 ms [UE 44997] UL Throughput = 0.00000 Mbps
14295 ms [UE 57997] UL Throughput = 0.00000 Mbps
14295 ms [UE 37145] UL Throughput = 0.00000 Mbps
14338 ms [UE 46152] UL Throughput = 0.64806 Mbps
14338 ms [UE 40696] UL Throughput = 0.34811 Mbps
14338 ms [UE 55444] UL Throughput = 0.00000 Mbps
14406 ms [UE 10443] UL Throughput = 0.00000 Mbps
14406 ms [UE 44997] UL Throughput = 0.00000 Mbps
14406 ms [UE 57997] UL Throughput = 0.00000 Mbps
14406 ms [UE 37145] UL Throughput = 0.00000 Mbps
14438 ms [UE 46152] UL Throughput = 0.00000 Mbps
14438 ms [UE 40696] UL Throughput = 0.00000 Mbps
14438 ms [UE 55444] UL Throughput = 0.00000 Mbps
14506 ms [UE 10443] UL Throughput = 0.00000 Mbps
14506 ms [UE 44997] UL Throughput = 0.00000 Mbps
14506 ms [UE 57997] UL Throughput = 0.00000 Mbps
14506 ms [UE 37145] UL Throughput = 0.00000 Mbps
14538 ms [UE 46152] UL Throughput = 0.00000 Mbps
14538 ms [UE 40696] UL Throughput = 0.00000 Mbps
14538 ms [UE 55444] UL Throughput = 0.00000 Mbps
14606 ms [UE 10443] UL Throughput = 0.00000 Mbps
14606 ms [UE 44997] UL Throughput = 0.00000 Mbps
14606 ms [UE 57997] UL Throughput = 0.00000 Mbps
14606 ms [UE 37145] UL Throughput = 0.00000 Mbps
14639 ms [UE 46152] UL Throughput = 0.00000 Mbps
14639 ms [UE 40696] UL Throughput = 0.00000 Mbps
14639 ms [UE 55444] UL Throughput = 0.00000 Mbps
14707 ms [UE 10443] UL Throughput = 0.00000 Mbps
14707 ms [UE 44997] UL Throughput = 0.00000 Mbps
14707 ms [UE 57997] UL Throughput = 0.00000 Mbps
14707 ms [UE 37145] UL Throughput = 0.00000 Mbps
14734 ms | now=1755823056568021 us | PDCP ind_msg latency=71953657 us
14748 ms [UE 46152] UL Throughput = 0.00000 Mbps
14748 ms [UE 40696] UL Throughput = 0.00000 Mbps
14748 ms [UE 55444] UL Throughput = 0.00000 Mbps
14816 ms [UE 10443] UL Throughput = 0.00000 Mbps
14816 ms [UE 44997] UL Throughput = 0.00000 Mbps
14816 ms [UE 57997] UL Throughput = 0.00000 Mbps
14816 ms [UE 37145] UL Throughput = 0.00000 Mbps
14848 ms [UE 46152] UL Throughput = 0.00000 Mbps
14848 ms [UE 40696] UL Throughput = 0.00000 Mbps
14848 ms [UE 55444] UL Throughput = 0.00000 Mbps
14925 ms [UE 10443] UL Throughput = 0.00176 Mbps
14925 ms [UE 44997] UL Throughput = 0.00176 Mbps
14925 ms [UE 57997] UL Throughput = 0.00776 Mbps
14925 ms [UE 37145] UL Throughput = 0.00000 Mbps
14959 ms [UE 46152] UL Throughput = 0.00000 Mbps
14959 ms [UE 40696] UL Throughput = 0.38409 Mbps
14959 ms [UE 55444] UL Throughput = 0.00000 Mbps
15036 ms [UE 10443] UL Throughput = 0.00000 Mbps
15036 ms [UE 44997] UL Throughput = 0.00000 Mbps
15036 ms [UE 57997] UL Throughput = 0.00000 Mbps
15036 ms [UE 37145] UL Throughput = 0.00000 Mbps
15068 ms [UE 46152] UL Throughput = 0.00000 Mbps
15068 ms [UE 40696] UL Throughput = 0.00000 Mbps
15068 ms [UE 55444] UL Throughput = 0.00000 Mbps
15146 ms [UE 10443] UL Throughput = 0.00000 Mbps
15146 ms [UE 44997] UL Throughput = 0.00000 Mbps
15146 ms [UE 57997] UL Throughput = 0.00000 Mbps
15146 ms [UE 37145] UL Throughput = 0.00000 Mbps
15178 ms [UE 46152] UL Throughput = 0.00000 Mbps
15178 ms [UE 40696] UL Throughput = 0.06987 Mbps
15178 ms [UE 55444] UL Throughput = 0.00000 Mbps
15246 ms [UE 10443] UL Throughput = 0.00000 Mbps
15246 ms [UE 44997] UL Throughput = 0.00000 Mbps
15246 ms [UE 57997] UL Throughput = 0.00000 Mbps
15246 ms [UE 37145] UL Throughput = 0.00000 Mbps
15278 ms [UE 46152] UL Throughput = 0.53209 Mbps
15278 ms [UE 40696] UL Throughput = 0.00000 Mbps
15278 ms [UE 55444] UL Throughput = 0.00000 Mbps
15356 ms [UE 10443] UL Throughput = 0.00000 Mbps
15356 ms [UE 44997] UL Throughput = 0.00000 Mbps
15356 ms [UE 57997] UL Throughput = 0.00000 Mbps
15356 ms [UE 37145] UL Throughput = 0.00000 Mbps
15378 ms [UE 46152] UL Throughput = 0.00000 Mbps
15378 ms [UE 40696] UL Throughput = 0.00000 Mbps
15378 ms [UE 55444] UL Throughput = 0.00000 Mbps
15466 ms [UE 10443] UL Throughput = 0.00000 Mbps
15466 ms [UE 44997] UL Throughput = 0.00000 Mbps
15466 ms [UE 57997] UL Throughput = 0.00000 Mbps
15466 ms [UE 37145] UL Throughput = 0.00000 Mbps
15478 ms [UE 46152] UL Throughput = 0.00000 Mbps
15478 ms [UE 40696] UL Throughput = 0.07680 Mbps
15478 ms [UE 55444] UL Throughput = 0.00000 Mbps
15566 ms [UE 10443] UL Throughput = 0.00000 Mbps
15566 ms [UE 44997] UL Throughput = 0.00000 Mbps
15566 ms [UE 57997] UL Throughput = 0.00000 Mbps
15566 ms [UE 37145] UL Throughput = 0.00000 Mbps
15578 ms [UE 46152] UL Throughput = 0.00000 Mbps
15578 ms [UE 40696] UL Throughput = 0.32263 Mbps
15578 ms [UE 55444] UL Throughput = 0.00000 Mbps
15667 ms [UE 10443] UL Throughput = 0.00000 Mbps
15667 ms [UE 44997] UL Throughput = 0.00000 Mbps
15667 ms [UE 57997] UL Throughput = 0.00000 Mbps
15667 ms [UE 37145] UL Throughput = 0.00000 Mbps
15688 ms [UE 46152] UL Throughput = 0.00000 Mbps
15688 ms [UE 40696] UL Throughput = 0.00000 Mbps
15688 ms [UE 55444] UL Throughput = 0.00000 Mbps
15776 ms [UE 10443] UL Throughput = 0.00000 Mbps
15776 ms [UE 44997] UL Throughput = 0.00000 Mbps
15776 ms [UE 57997] UL Throughput = 0.00000 Mbps
15776 ms [UE 37145] UL Throughput = 0.00000 Mbps
15790 ms [UE 46152] UL Throughput = 0.00000 Mbps
15790 ms [UE 40696] UL Throughput = 0.00000 Mbps
15790 ms [UE 55444] UL Throughput = 0.00000 Mbps
15791 ms | now=1755823057625047 us | PDCP ind_msg latency=71953740 us
15886 ms [UE 10443] UL Throughput = 0.00000 Mbps
15886 ms [UE 44997] UL Throughput = 0.00000 Mbps
15886 ms [UE 57997] UL Throughput = 0.00000 Mbps
15886 ms [UE 37145] UL Throughput = 0.00000 Mbps
15898 ms [UE 46152] UL Throughput = 0.00000 Mbps
15898 ms [UE 40696] UL Throughput = 0.32024 Mbps
15898 ms [UE 55444] UL Throughput = 0.00000 Mbps
15996 ms [UE 10443] UL Throughput = 0.00000 Mbps
15996 ms [UE 44997] UL Throughput = 0.00000 Mbps
15996 ms [UE 57997] UL Throughput = 0.00000 Mbps
15996 ms [UE 37145] UL Throughput = 0.00000 Mbps
16000 ms [UE 46152] UL Throughput = 0.00000 Mbps
16000 ms [UE 40696] UL Throughput = 0.00000 Mbps
16000 ms [UE 55444] UL Throughput = 0.00000 Mbps
16096 ms [UE 10443] UL Throughput = 0.00000 Mbps
16096 ms [UE 44997] UL Throughput = 0.00000 Mbps
16096 ms [UE 57997] UL Throughput = 0.00000 Mbps
16096 ms [UE 37145] UL Throughput = 0.00847 Mbps
16109 ms [UE 46152] UL Throughput = 0.43945 Mbps
16109 ms [UE 40696] UL Throughput = 0.28501 Mbps
16109 ms [UE 55444] UL Throughput = 0.00000 Mbps
16205 ms [UE 10443] UL Throughput = 0.00000 Mbps
16205 ms [UE 44997] UL Throughput = 0.00000 Mbps
16205 ms [UE 57997] UL Throughput = 0.00000 Mbps
16205 ms [UE 37145] UL Throughput = 0.00000 Mbps
16218 ms [UE 46152] UL Throughput = 0.00000 Mbps
16218 ms [UE 40696] UL Throughput = 0.00000 Mbps
16218 ms [UE 55444] UL Throughput = 0.00000 Mbps
16315 ms [UE 10443] UL Throughput = 0.00000 Mbps
16315 ms [UE 44997] UL Throughput = 0.00000 Mbps
16315 ms [UE 57997] UL Throughput = 0.00000 Mbps
16315 ms [UE 37145] UL Throughput = 0.00000 Mbps
16318 ms [UE 46152] UL Throughput = 0.00000 Mbps
16318 ms [UE 40696] UL Throughput = 0.00000 Mbps
16318 ms [UE 55444] UL Throughput = 0.00000 Mbps
16416 ms [UE 10443] UL Throughput = 0.00000 Mbps
16416 ms [UE 44997] UL Throughput = 0.00000 Mbps
16416 ms [UE 57997] UL Throughput = 0.00000 Mbps
16416 ms [UE 37145] UL Throughput = 0.00000 Mbps
16428 ms [UE 46152] UL Throughput = 0.10489 Mbps
16428 ms [UE 40696] UL Throughput = 0.00000 Mbps
16428 ms [UE 55444] UL Throughput = 0.00000 Mbps
16516 ms [UE 10443] UL Throughput = 0.00000 Mbps
16516 ms [UE 44997] UL Throughput = 0.00000 Mbps
16516 ms [UE 57997] UL Throughput = 0.00000 Mbps
16516 ms [UE 37145] UL Throughput = 0.00000 Mbps
16528 ms [UE 46152] UL Throughput = 0.00000 Mbps
16528 ms [UE 40696] UL Throughput = 0.00000 Mbps
16528 ms [UE 55444] UL Throughput = 0.00000 Mbps
16625 ms [UE 10443] UL Throughput = 0.00000 Mbps
16625 ms [UE 44997] UL Throughput = 0.00000 Mbps
16625 ms [UE 57997] UL Throughput = 0.00000 Mbps
16625 ms [UE 37145] UL Throughput = 0.00000 Mbps
16638 ms [UE 46152] UL Throughput = 0.00000 Mbps
16638 ms [UE 40696] UL Throughput = 0.00000 Mbps
16638 ms [UE 55444] UL Throughput = 0.00000 Mbps
16726 ms [UE 10443] UL Throughput = 0.00000 Mbps
16726 ms [UE 44997] UL Throughput = 0.00000 Mbps
16726 ms [UE 57997] UL Throughput = 0.00000 Mbps
16726 ms [UE 37145] UL Throughput = 0.00000 Mbps
16749 ms [UE 46152] UL Throughput = 0.00000 Mbps
16749 ms [UE 40696] UL Throughput = 0.06931 Mbps
16749 ms [UE 55444] UL Throughput = 0.00000 Mbps
16835 ms [UE 10443] UL Throughput = 0.00000 Mbps
16835 ms [UE 44997] UL Throughput = 0.00000 Mbps
16835 ms [UE 57997] UL Throughput = 0.00000 Mbps
16835 ms [UE 37145] UL Throughput = 0.00000 Mbps
16851 ms | now=1755823058685015 us | PDCP ind_msg latency=71953708 us
16858 ms [UE 46152] UL Throughput = 0.00000 Mbps
16858 ms [UE 40696] UL Throughput = 0.32036 Mbps
16858 ms [UE 55444] UL Throughput = 0.00000 Mbps
16936 ms [UE 10443] UL Throughput = 0.00000 Mbps
16936 ms [UE 44997] UL Throughput = 0.00000 Mbps
16936 ms [UE 57997] UL Throughput = 0.00000 Mbps
16936 ms [UE 37145] UL Throughput = 0.00000 Mbps
16958 ms [UE 46152] UL Throughput = 0.00000 Mbps
16958 ms [UE 40696] UL Throughput = 0.00000 Mbps
16958 ms [UE 55444] UL Throughput = 0.00000 Mbps
17045 ms [UE 10443] UL Throughput = 0.00000 Mbps
17045 ms [UE 44997] UL Throughput = 0.00000 Mbps
17045 ms [UE 57997] UL Throughput = 0.00000 Mbps
17045 ms [UE 37145] UL Throughput = 0.00000 Mbps
17059 ms [UE 46152] UL Throughput = 0.52936 Mbps
17059 ms [UE 40696] UL Throughput = 0.34586 Mbps
17059 ms [UE 55444] UL Throughput = 0.00000 Mbps
17146 ms [UE 10443] UL Throughput = 0.00000 Mbps
17146 ms [UE 44997] UL Throughput = 0.00000 Mbps
17146 ms [UE 57997] UL Throughput = 0.00000 Mbps
17146 ms [UE 37145] UL Throughput = 0.00000 Mbps
17168 ms [UE 46152] UL Throughput = 0.00000 Mbps
17168 ms [UE 40696] UL Throughput = 0.00000 Mbps
17168 ms [UE 55444] UL Throughput = 0.00000 Mbps
17246 ms [UE 10443] UL Throughput = 0.00000 Mbps
17246 ms [UE 44997] UL Throughput = 0.00000 Mbps
17246 ms [UE 57997] UL Throughput = 0.00000 Mbps
17246 ms [UE 37145] UL Throughput = 0.00000 Mbps
17270 ms [UE 46152] UL Throughput = 0.00000 Mbps
17270 ms [UE 40696] UL Throughput = 0.00000 Mbps
17270 ms [UE 55444] UL Throughput = 0.00000 Mbps
17346 ms [UE 10443] UL Throughput = 0.00000 Mbps
17346 ms [UE 44997] UL Throughput = 0.00000 Mbps
17346 ms [UE 57997] UL Throughput = 0.00000 Mbps
17346 ms [UE 37145] UL Throughput = 0.00000 Mbps
17379 ms [UE 46152] UL Throughput = 0.00000 Mbps
17379 ms [UE 40696] UL Throughput = 0.00000 Mbps
17379 ms [UE 55444] UL Throughput = 0.00000 Mbps
17446 ms [UE 10443] UL Throughput = 0.00000 Mbps
17446 ms [UE 44997] UL Throughput = 0.00000 Mbps
17446 ms [UE 57997] UL Throughput = 0.00000 Mbps
17446 ms [UE 37145] UL Throughput = 0.00000 Mbps
17489 ms [UE 46152] UL Throughput = 0.00000 Mbps
17489 ms [UE 40696] UL Throughput = 0.00000 Mbps
17489 ms [UE 55444] UL Throughput = 0.00000 Mbps
17548 ms [UE 10443] UL Throughput = 0.00000 Mbps
17548 ms [UE 44997] UL Throughput = 0.00000 Mbps
17548 ms [UE 57997] UL Throughput = 0.00000 Mbps
17548 ms [UE 37145] UL Throughput = 0.00000 Mbps
17602 ms [UE 46152] UL Throughput = 0.00000 Mbps
17602 ms [UE 40696] UL Throughput = 0.00000 Mbps
17602 ms [UE 55444] UL Throughput = 0.00000 Mbps
17656 ms [UE 10443] UL Throughput = 0.00000 Mbps
17656 ms [UE 44997] UL Throughput = 0.00000 Mbps
17656 ms [UE 57997] UL Throughput = 0.00000 Mbps
17656 ms [UE 37145] UL Throughput = 0.00000 Mbps
17708 ms [UE 46152] UL Throughput = 0.49918 Mbps
17708 ms [UE 40696] UL Throughput = 0.39808 Mbps
17708 ms [UE 55444] UL Throughput = 0.00000 Mbps
17765 ms [UE 10443] UL Throughput = 0.00000 Mbps
17765 ms [UE 44997] UL Throughput = 0.00000 Mbps
17765 ms [UE 57997] UL Throughput = 0.00000 Mbps
17765 ms [UE 37145] UL Throughput = 0.00000 Mbps
17810 ms [UE 46152] UL Throughput = 0.00000 Mbps
17810 ms [UE 40696] UL Throughput = 0.00000 Mbps
17810 ms [UE 55444] UL Throughput = 0.00000 Mbps
17865 ms [UE 10443] UL Throughput = 0.00000 Mbps
17865 ms [UE 44997] UL Throughput = 0.00191 Mbps
17865 ms [UE 57997] UL Throughput = 0.00845 Mbps
17865 ms [UE 37145] UL Throughput = 0.00845 Mbps
17879 ms | now=1755823059712212 us | PDCP ind_msg latency=71953827 us
17919 ms [UE 46152] UL Throughput = 0.00000 Mbps
17919 ms [UE 40696] UL Throughput = 0.00000 Mbps
17919 ms [UE 55444] UL Throughput = 0.00000 Mbps
17966 ms [UE 10443] UL Throughput = 0.00000 Mbps
17966 ms [UE 44997] UL Throughput = 0.00000 Mbps
17966 ms [UE 57997] UL Throughput = 0.00000 Mbps
17966 ms [UE 37145] UL Throughput = 0.00000 Mbps
18028 ms [UE 46152] UL Throughput = 0.48799 Mbps
18028 ms [UE 40696] UL Throughput = 0.00000 Mbps
18028 ms [UE 55444] UL Throughput = 0.00000 Mbps
18066 ms [UE 10443] UL Throughput = 0.00000 Mbps
18066 ms [UE 44997] UL Throughput = 0.00000 Mbps
18066 ms [UE 57997] UL Throughput = 0.00000 Mbps
18066 ms [UE 37145] UL Throughput = 0.00000 Mbps
18139 ms [UE 46152] UL Throughput = 0.00000 Mbps
18139 ms [UE 40696] UL Throughput = 0.00000 Mbps
18139 ms [UE 55444] UL Throughput = 0.00000 Mbps
18175 ms [UE 10443] UL Throughput = 0.00175 Mbps
18175 ms [UE 44997] UL Throughput = 0.00000 Mbps
18175 ms [UE 57997] UL Throughput = 0.00775 Mbps
18175 ms [UE 37145] UL Throughput = 0.00775 Mbps
18251 ms [UE 46152] UL Throughput = 0.00000 Mbps
18251 ms [UE 40696] UL Throughput = 0.37907 Mbps
18251 ms [UE 55444] UL Throughput = 0.00000 Mbps
18286 ms [UE 10443] UL Throughput = 0.00000 Mbps
18286 ms [UE 44997] UL Throughput = 0.00000 Mbps
18286 ms [UE 57997] UL Throughput = 0.00000 Mbps
18286 ms [UE 37145] UL Throughput = 0.00000 Mbps
18359 ms [UE 46152] UL Throughput = 0.00000 Mbps
18359 ms [UE 40696] UL Throughput = 0.00000 Mbps
18359 ms [UE 55444] UL Throughput = 0.00000 Mbps
18396 ms [UE 10443] UL Throughput = 0.00000 Mbps
18396 ms [UE 44997] UL Throughput = 0.00000 Mbps
18396 ms [UE 57997] UL Throughput = 0.00000 Mbps
18396 ms [UE 37145] UL Throughput = 0.00000 Mbps
18460 ms [UE 46152] UL Throughput = 0.00000 Mbps
18460 ms [UE 40696] UL Throughput = 0.00000 Mbps
18460 ms [UE 55444] UL Throughput = 0.00000 Mbps
18505 ms [UE 10443] UL Throughput = 0.00000 Mbps
18505 ms [UE 44997] UL Throughput = 0.00000 Mbps
18505 ms [UE 57997] UL Throughput = 0.00775 Mbps
18505 ms [UE 37145] UL Throughput = 0.00000 Mbps
18569 ms [UE 46152] UL Throughput = 0.00000 Mbps
18569 ms [UE 40696] UL Throughput = 0.28597 Mbps
18569 ms [UE 55444] UL Throughput = 0.00000 Mbps
18606 ms [UE 10443] UL Throughput = 0.00000 Mbps
18606 ms [UE 44997] UL Throughput = 0.00000 Mbps
18606 ms [UE 57997] UL Throughput = 0.00000 Mbps
18606 ms [UE 37145] UL Throughput = 0.00000 Mbps
18679 ms [UE 46152] UL Throughput = 0.00000 Mbps
18679 ms [UE 40696] UL Throughput = 0.00000 Mbps
18679 ms [UE 55444] UL Throughput = 0.00000 Mbps
18706 ms [UE 10443] UL Throughput = 0.00000 Mbps
18706 ms [UE 44997] UL Throughput = 0.00000 Mbps
18706 ms [UE 57997] UL Throughput = 0.00000 Mbps
18706 ms [UE 37145] UL Throughput = 0.00000 Mbps
18788 ms [UE 46152] UL Throughput = 0.00000 Mbps
18788 ms [UE 40696] UL Throughput = 0.00000 Mbps
18788 ms [UE 55444] UL Throughput = 0.00000 Mbps
18816 ms [UE 10443] UL Throughput = 0.00000 Mbps
18816 ms [UE 44997] UL Throughput = 0.00000 Mbps
18816 ms [UE 57997] UL Throughput = 0.00000 Mbps
18816 ms [UE 37145] UL Throughput = 0.00000 Mbps
18888 ms [UE 46152] UL Throughput = 0.00000 Mbps
18888 ms [UE 40696] UL Throughput = 0.34801 Mbps
18888 ms [UE 55444] UL Throughput = 0.00000 Mbps
18907 ms | now=1755823060741151 us | PDCP ind_msg latency=71953797 us
18925 ms [UE 10443] UL Throughput = 0.00000 Mbps
18925 ms [UE 44997] UL Throughput = 0.00000 Mbps
18925 ms [UE 57997] UL Throughput = 0.00000 Mbps
18925 ms [UE 37145] UL Throughput = 0.00000 Mbps
18989 ms [UE 46152] UL Throughput = 0.00000 Mbps
18989 ms [UE 40696] UL Throughput = 0.00000 Mbps
18989 ms [UE 55444] UL Throughput = 0.00000 Mbps
19026 ms [UE 10443] UL Throughput = 0.00000 Mbps
19026 ms [UE 44997] UL Throughput = 0.00000 Mbps
19026 ms [UE 57997] UL Throughput = 0.00000 Mbps
19026 ms [UE 37145] UL Throughput = 0.00000 Mbps
19089 ms [UE 46152] UL Throughput = 0.64802 Mbps
19089 ms [UE 40696] UL Throughput = 0.00000 Mbps
19089 ms [UE 55444] UL Throughput = 0.00000 Mbps
19135 ms [UE 10443] UL Throughput = 0.00000 Mbps
19135 ms [UE 44997] UL Throughput = 0.00000 Mbps
19135 ms [UE 57997] UL Throughput = 0.00000 Mbps
19135 ms [UE 37145] UL Throughput = 0.00000 Mbps
19198 ms [UE 46152] UL Throughput = 0.00000 Mbps
19198 ms [UE 40696] UL Throughput = 0.00000 Mbps
19198 ms [UE 55444] UL Throughput = 0.00000 Mbps
19236 ms [UE 10443] UL Throughput = 0.00000 Mbps
19236 ms [UE 44997] UL Throughput = 0.00000 Mbps
19236 ms [UE 57997] UL Throughput = 0.00000 Mbps
19236 ms [UE 37145] UL Throughput = 0.00000 Mbps
19299 ms [UE 46152] UL Throughput = 0.00000 Mbps
19299 ms [UE 40696] UL Throughput = 0.00000 Mbps
19299 ms [UE 55444] UL Throughput = 0.00000 Mbps
19336 ms [UE 10443] UL Throughput = 0.00000 Mbps
19336 ms [UE 44997] UL Throughput = 0.00000 Mbps
19336 ms [UE 57997] UL Throughput = 0.00000 Mbps
19336 ms [UE 37145] UL Throughput = 0.00000 Mbps
19408 ms [UE 46152] UL Throughput = 0.00000 Mbps
19408 ms [UE 40696] UL Throughput = 0.38975 Mbps
19408 ms [UE 55444] UL Throughput = 0.00000 Mbps
19446 ms [UE 10443] UL Throughput = 0.00000 Mbps
19446 ms [UE 44997] UL Throughput = 0.00000 Mbps
19446 ms [UE 57997] UL Throughput = 0.00000 Mbps
19446 ms [UE 37145] UL Throughput = 0.00000 Mbps
19509 ms [UE 46152] UL Throughput = 0.00000 Mbps
19509 ms [UE 40696] UL Throughput = 0.00000 Mbps
19509 ms [UE 55444] UL Throughput = 0.00000 Mbps
19556 ms [UE 10443] UL Throughput = 0.00000 Mbps
19556 ms [UE 44997] UL Throughput = 0.00000 Mbps
19556 ms [UE 57997] UL Throughput = 0.00000 Mbps
19556 ms [UE 37145] UL Throughput = 0.00000 Mbps
19609 ms [UE 46152] UL Throughput = 0.00000 Mbps
19609 ms [UE 40696] UL Throughput = 0.00000 Mbps
19609 ms [UE 55444] UL Throughput = 0.00000 Mbps
19656 ms [UE 10443] UL Throughput = 0.00000 Mbps
19656 ms [UE 44997] UL Throughput = 0.00000 Mbps
19656 ms [UE 57997] UL Throughput = 0.00000 Mbps
19656 ms [UE 37145] UL Throughput = 0.00000 Mbps
19719 ms [UE 46152] UL Throughput = 0.00000 Mbps
19719 ms [UE 40696] UL Throughput = 0.28509 Mbps
19719 ms [UE 55444] UL Throughput = 0.00000 Mbps
19766 ms [UE 10443] UL Throughput = 0.00000 Mbps
19766 ms [UE 44997] UL Throughput = 0.00000 Mbps
19766 ms [UE 57997] UL Throughput = 0.00000 Mbps
19766 ms [UE 37145] UL Throughput = 0.00000 Mbps
19828 ms [UE 46152] UL Throughput = 0.00000 Mbps
19828 ms [UE 40696] UL Throughput = 0.00000 Mbps
19828 ms [UE 55444] UL Throughput = 0.00000 Mbps
19866 ms [UE 10443] UL Throughput = 0.00000 Mbps
19866 ms [UE 44997] UL Throughput = 0.00000 Mbps
19866 ms [UE 57997] UL Throughput = 0.00000 Mbps
19866 ms [UE 37145] UL Throughput = 0.00000 Mbps
19931 ms | now=1755823061765028 us | PDCP ind_msg latency=71953699 us
19939 ms [UE 46152] UL Throughput = 0.00000 Mbps
19939 ms [UE 40696] UL Throughput = 0.00000 Mbps
19939 ms [UE 55444] UL Throughput = 0.00000 Mbps
19976 ms [UE 10443] UL Throughput = 0.00000 Mbps
19976 ms [UE 44997] UL Throughput = 0.00000 Mbps
19976 ms [UE 57997] UL Throughput = 0.00000 Mbps
19976 ms [UE 37145] UL Throughput = 0.00000 Mbps
20048 ms [UE 46152] UL Throughput = 0.48742 Mbps
20048 ms [UE 40696] UL Throughput = 0.00000 Mbps
20048 ms [UE 55444] UL Throughput = 0.00000 Mbps
20086 ms [UE 10443] UL Throughput = 0.00000 Mbps
20086 ms [UE 44997] UL Throughput = 0.00000 Mbps
20086 ms [UE 57997] UL Throughput = 0.00000 Mbps
20086 ms [UE 37145] UL Throughput = 0.00000 Mbps
20149 ms [UE 46152] UL Throughput = 0.00000 Mbps
20149 ms [UE 40696] UL Throughput = 0.00000 Mbps
20149 ms [UE 55444] UL Throughput = 0.00000 Mbps
20196 ms [UE 10443] UL Throughput = 0.00000 Mbps
20196 ms [UE 44997] UL Throughput = 0.00000 Mbps
20196 ms [UE 57997] UL Throughput = 0.00000 Mbps
20196 ms [UE 37145] UL Throughput = 0.00000 Mbps
20259 ms [UE 46152] UL Throughput = 0.43787 Mbps
20259 ms [UE 40696] UL Throughput = 0.36311 Mbps
20259 ms [UE 55444] UL Throughput = 0.00000 Mbps
20296 ms [UE 10443] UL Throughput = 0.00000 Mbps
20296 ms [UE 44997] UL Throughput = 0.00000 Mbps
20296 ms [UE 57997] UL Throughput = 0.00000 Mbps
20296 ms [UE 37145] UL Throughput = 0.00000 Mbps
20359 ms [UE 46152] UL Throughput = 0.00000 Mbps
20359 ms [UE 40696] UL Throughput = 0.00000 Mbps
20359 ms [UE 55444] UL Throughput = 0.00000 Mbps
20407 ms [UE 10443] UL Throughput = 0.00000 Mbps
20407 ms [UE 44997] UL Throughput = 0.00000 Mbps
20407 ms [UE 57997] UL Throughput = 0.00000 Mbps
20407 ms [UE 37145] UL Throughput = 0.00000 Mbps
20459 ms [UE 46152] UL Throughput = 0.00000 Mbps
20459 ms [UE 40696] UL Throughput = 0.07636 Mbps
20459 ms [UE 55444] UL Throughput = 0.00000 Mbps
20516 ms [UE 10443] UL Throughput = 0.00000 Mbps
20516 ms [UE 44997] UL Throughput = 0.00000 Mbps
20516 ms [UE 57997] UL Throughput = 0.00000 Mbps
20516 ms [UE 37145] UL Throughput = 0.00000 Mbps
20570 ms [UE 46152] UL Throughput = 0.47894 Mbps
20570 ms [UE 40696] UL Throughput = 0.00000 Mbps
20570 ms [UE 55444] UL Throughput = 0.00000 Mbps
20616 ms [UE 10443] UL Throughput = 0.00000 Mbps
20616 ms [UE 44997] UL Throughput = 0.00000 Mbps
20616 ms [UE 57997] UL Throughput = 0.00000 Mbps
20616 ms [UE 37145] UL Throughput = 0.00000 Mbps
20678 ms [UE 46152] UL Throughput = 0.00000 Mbps
20678 ms [UE 40696] UL Throughput = 0.00000 Mbps
20678 ms [UE 55444] UL Throughput = 0.00000 Mbps
20726 ms [UE 10443] UL Throughput = 0.00000 Mbps
20726 ms [UE 44997] UL Throughput = 0.00000 Mbps
20726 ms [UE 57997] UL Throughput = 0.00000 Mbps
20726 ms [UE 37145] UL Throughput = 0.00000 Mbps
20778 ms [UE 46152] UL Throughput = 0.00000 Mbps
20778 ms [UE 40696] UL Throughput = 0.07671 Mbps
20778 ms [UE 55444] UL Throughput = 0.00000 Mbps
20836 ms [UE 10443] UL Throughput = 0.00000 Mbps
20836 ms [UE 44997] UL Throughput = 0.00000 Mbps
20836 ms [UE 57997] UL Throughput = 0.00000 Mbps
20836 ms [UE 37145] UL Throughput = 0.00000 Mbps
20888 ms [UE 46152] UL Throughput = 0.00000 Mbps
20888 ms [UE 40696] UL Throughput = 0.28432 Mbps
20888 ms [UE 55444] UL Throughput = 0.00000 Mbps
20947 ms [UE 10443] UL Throughput = 0.00000 Mbps
20947 ms [UE 44997] UL Throughput = 0.00000 Mbps
20947 ms [UE 57997] UL Throughput = 0.00000 Mbps
20947 ms [UE 37145] UL Throughput = 0.00000 Mbps
20958 ms | now=1755823062791223 us | PDCP ind_msg latency=71954704 us
20988 ms [UE 46152] UL Throughput = 0.00000 Mbps
20988 ms [UE 40696] UL Throughput = 0.00000 Mbps
20988 ms [UE 55444] UL Throughput = 0.00000 Mbps
21056 ms [UE 10443] UL Throughput = 0.00000 Mbps
21056 ms [UE 44997] UL Throughput = 0.00000 Mbps
21056 ms [UE 57997] UL Throughput = 0.00000 Mbps
21056 ms [UE 37145] UL Throughput = 0.00000 Mbps
21089 ms [UE 46152] UL Throughput = 0.11471 Mbps
21089 ms [UE 40696] UL Throughput = 0.00000 Mbps
21089 ms [UE 55444] UL Throughput = 0.00000 Mbps
21156 ms [UE 10443] UL Throughput = 0.00000 Mbps
21156 ms [UE 44997] UL Throughput = 0.00000 Mbps
21156 ms [UE 57997] UL Throughput = 0.00000 Mbps
21156 ms [UE 37145] UL Throughput = 0.00000 Mbps
21198 ms [UE 46152] UL Throughput = 0.48745 Mbps
21198 ms [UE 40696] UL Throughput = 0.00000 Mbps
21198 ms [UE 55444] UL Throughput = 0.00000 Mbps
21256 ms [UE 10443] UL Throughput = 0.00000 Mbps
21256 ms [UE 44997] UL Throughput = 0.00000 Mbps
21256 ms [UE 57997] UL Throughput = 0.00000 Mbps
21256 ms [UE 37145] UL Throughput = 0.00000 Mbps
21298 ms [UE 46152] UL Throughput = 0.00000 Mbps
21298 ms [UE 40696] UL Throughput = 0.00000 Mbps
21298 ms [UE 55444] UL Throughput = 0.00000 Mbps
21366 ms [UE 10443] UL Throughput = 0.00000 Mbps
21366 ms [UE 44997] UL Throughput = 0.00000 Mbps
21366 ms [UE 57997] UL Throughput = 0.00000 Mbps
21366 ms [UE 37145] UL Throughput = 0.00000 Mbps
21399 ms [UE 46152] UL Throughput = 0.00000 Mbps
21399 ms [UE 40696] UL Throughput = 0.42445 Mbps
21399 ms [UE 55444] UL Throughput = 0.00000 Mbps
21475 ms [UE 10443] UL Throughput = 0.00000 Mbps
21475 ms [UE 44997] UL Throughput = 0.00000 Mbps
21475 ms [UE 57997] UL Throughput = 0.00000 Mbps
21475 ms [UE 37145] UL Throughput = 0.00000 Mbps
21508 ms [UE 46152] UL Throughput = 0.00000 Mbps
21508 ms [UE 40696] UL Throughput = 0.00000 Mbps
21508 ms [UE 55444] UL Throughput = 0.00000 Mbps
21576 ms [UE 10443] UL Throughput = 0.00000 Mbps
21576 ms [UE 44997] UL Throughput = 0.00000 Mbps
21576 ms [UE 57997] UL Throughput = 0.00000 Mbps
21576 ms [UE 37145] UL Throughput = 0.00000 Mbps
21609 ms [UE 46152] UL Throughput = 0.11409 Mbps
21609 ms [UE 40696] UL Throughput = 0.00000 Mbps
21609 ms [UE 55444] UL Throughput = 0.00000 Mbps
21676 ms [UE 10443] UL Throughput = 0.00000 Mbps
21676 ms [UE 44997] UL Throughput = 0.00000 Mbps
21676 ms [UE 57997] UL Throughput = 0.00000 Mbps
21676 ms [UE 37145] UL Throughput = 0.00000 Mbps
21709 ms [UE 46152] UL Throughput = 0.00000 Mbps
21709 ms [UE 40696] UL Throughput = 0.34627 Mbps
21709 ms [UE 55444] UL Throughput = 0.00000 Mbps
21776 ms [UE 10443] UL Throughput = 0.00000 Mbps
21776 ms [UE 44997] UL Throughput = 0.00000 Mbps
21776 ms [UE 57997] UL Throughput = 0.00000 Mbps
21776 ms [UE 37145] UL Throughput = 0.00000 Mbps
21819 ms [UE 46152] UL Throughput = 0.00000 Mbps
21819 ms [UE 40696] UL Throughput = 0.00000 Mbps
21819 ms [UE 55444] UL Throughput = 0.00000 Mbps
21877 ms [UE 10443] UL Throughput = 0.00000 Mbps
21877 ms [UE 44997] UL Throughput = 0.00000 Mbps
21877 ms [UE 57997] UL Throughput = 0.00000 Mbps
21877 ms [UE 37145] UL Throughput = 0.00000 Mbps
21928 ms [UE 46152] UL Throughput = 0.00000 Mbps
21928 ms [UE 40696] UL Throughput = 0.00000 Mbps
21928 ms [UE 55444] UL Throughput = 0.00000 Mbps
21984 ms | now=1755823063817513 us | PDCP ind_msg latency=71953999 us
21985 ms [UE 10443] UL Throughput = 0.00000 Mbps
21985 ms [UE 44997] UL Throughput = 0.00000 Mbps
21985 ms [UE 57997] UL Throughput = 0.00000 Mbps
21985 ms [UE 37145] UL Throughput = 0.00000 Mbps
22039 ms [UE 46152] UL Throughput = 0.42232 Mbps
22039 ms [UE 40696] UL Throughput = 0.00000 Mbps
22039 ms [UE 55444] UL Throughput = 0.00000 Mbps
22085 ms [UE 10443] UL Throughput = 0.00000 Mbps
22085 ms [UE 44997] UL Throughput = 0.00000 Mbps
22085 ms [UE 57997] UL Throughput = 0.00000 Mbps
22085 ms [UE 37145] UL Throughput = 0.00000 Mbps
22149 ms [UE 46152] UL Throughput = 0.00000 Mbps
22149 ms [UE 40696] UL Throughput = 0.00000 Mbps
22149 ms [UE 55444] UL Throughput = 0.00000 Mbps
22186 ms [UE 10443] UL Throughput = 0.00000 Mbps
22186 ms [UE 44997] UL Throughput = 0.00000 Mbps
22186 ms [UE 57997] UL Throughput = 0.00000 Mbps
22186 ms [UE 37145] UL Throughput = 0.00000 Mbps
22249 ms [UE 46152] UL Throughput = 0.52868 Mbps
22249 ms [UE 40696] UL Throughput = 0.42161 Mbps
22249 ms [UE 55444] UL Throughput = 0.00000 Mbps
22296 ms [UE 10443] UL Throughput = 0.00000 Mbps
22296 ms [UE 44997] UL Throughput = 0.00000 Mbps
22296 ms [UE 57997] UL Throughput = 0.00000 Mbps
22296 ms [UE 37145] UL Throughput = 0.00000 Mbps
22358 ms [UE 46152] UL Throughput = 0.00000 Mbps
22358 ms [UE 40696] UL Throughput = 0.00000 Mbps
22358 ms [UE 55444] UL Throughput = 0.00000 Mbps
22396 ms [UE 10443] UL Throughput = 0.00000 Mbps
22396 ms [UE 44997] UL Throughput = 0.00000 Mbps
22396 ms [UE 57997] UL Throughput = 0.00000 Mbps
22396 ms [UE 37145] UL Throughput = 0.00000 Mbps
22459 ms [UE 46152] UL Throughput = 0.00000 Mbps
22459 ms [UE 40696] UL Throughput = 0.00000 Mbps
22459 ms [UE 55444] UL Throughput = 0.00000 Mbps
22506 ms [UE 10443] UL Throughput = 0.00000 Mbps
22506 ms [UE 44997] UL Throughput = 0.00175 Mbps
22506 ms [UE 57997] UL Throughput = 0.00773 Mbps
22506 ms [UE 37145] UL Throughput = 0.00736 Mbps
22569 ms [UE 46152] UL Throughput = 0.00000 Mbps
22569 ms [UE 40696] UL Throughput = 0.31664 Mbps
22569 ms [UE 55444] UL Throughput = 0.00000 Mbps
22615 ms [UE 10443] UL Throughput = 0.00000 Mbps
22615 ms [UE 44997] UL Throughput = 0.00000 Mbps
22615 ms [UE 57997] UL Throughput = 0.00000 Mbps
22615 ms [UE 37145] UL Throughput = 0.00000 Mbps
22678 ms [UE 46152] UL Throughput = 0.00000 Mbps
22678 ms [UE 40696] UL Throughput = 0.00000 Mbps
22678 ms [UE 55444] UL Throughput = 0.00000 Mbps
22716 ms [UE 10443] UL Throughput = 0.00000 Mbps
22716 ms [UE 44997] UL Throughput = 0.00000 Mbps
22716 ms [UE 57997] UL Throughput = 0.00000 Mbps
22716 ms [UE 37145] UL Throughput = 0.00000 Mbps
22779 ms [UE 46152] UL Throughput = 0.11441 Mbps
22779 ms [UE 40696] UL Throughput = 0.00000 Mbps
22779 ms [UE 55444] UL Throughput = 0.00000 Mbps
22816 ms [UE 10443] UL Throughput = 0.00191 Mbps
22816 ms [UE 44997] UL Throughput = 0.00000 Mbps
22816 ms [UE 57997] UL Throughput = 0.00845 Mbps
22816 ms [UE 37145] UL Throughput = 0.00805 Mbps
22888 ms [UE 46152] UL Throughput = 0.00000 Mbps
22888 ms [UE 40696] UL Throughput = 0.00000 Mbps
22888 ms [UE 55444] UL Throughput = 0.00000 Mbps
22926 ms [UE 10443] UL Throughput = 0.00000 Mbps
22926 ms [UE 44997] UL Throughput = 0.00000 Mbps
22926 ms [UE 57997] UL Throughput = 0.00000 Mbps
22926 ms [UE 37145] UL Throughput = 0.00000 Mbps
22988 ms [UE 46152] UL Throughput = 0.00000 Mbps
22988 ms [UE 40696] UL Throughput = 0.00000 Mbps
22988 ms [UE 55444] UL Throughput = 0.00000 Mbps
23012 ms | now=1755823064845228 us | PDCP ind_msg latency=71953918 us
23036 ms [UE 10443] UL Throughput = 0.00000 Mbps
23036 ms [UE 44997] UL Throughput = 0.00000 Mbps
23036 ms [UE 57997] UL Throughput = 0.00768 Mbps
23036 ms [UE 37145] UL Throughput = 0.00000 Mbps
23098 ms [UE 46152] UL Throughput = 0.00000 Mbps
23098 ms [UE 40696] UL Throughput = 0.38709 Mbps
23098 ms [UE 55444] UL Throughput = 0.00000 Mbps
23146 ms [UE 10443] UL Throughput = 0.00000 Mbps
23146 ms [UE 44997] UL Throughput = 0.00000 Mbps
23146 ms [UE 57997] UL Throughput = 0.00000 Mbps
23146 ms [UE 37145] UL Throughput = 0.00000 Mbps
23208 ms [UE 46152] UL Throughput = 0.00000 Mbps
23208 ms [UE 40696] UL Throughput = 0.00000 Mbps
23208 ms [UE 55444] UL Throughput = 0.00000 Mbps
23257 ms [UE 10443] UL Throughput = 0.00000 Mbps
23257 ms [UE 44997] UL Throughput = 0.00000 Mbps
23257 ms [UE 57997] UL Throughput = 0.00000 Mbps
23257 ms [UE 37145] UL Throughput = 0.00000 Mbps
23320 ms [UE 46152] UL Throughput = 0.00000 Mbps
23320 ms [UE 40696] UL Throughput = 0.06886 Mbps
23320 ms [UE 55444] UL Throughput = 0.00000 Mbps
23365 ms [UE 10443] UL Throughput = 0.00000 Mbps
23365 ms [UE 44997] UL Throughput = 0.00000 Mbps
23365 ms [UE 57997] UL Throughput = 0.00000 Mbps
23365 ms [UE 37145] UL Throughput = 0.00000 Mbps
23428 ms [UE 46152] UL Throughput = 0.49097 Mbps
23428 ms [UE 40696] UL Throughput = 0.00000 Mbps
23428 ms [UE 55444] UL Throughput = 0.00000 Mbps
23465 ms [UE 10443] UL Throughput = 0.00000 Mbps
23465 ms [UE 44997] UL Throughput = 0.00000 Mbps
23465 ms [UE 57997] UL Throughput = 0.00000 Mbps
23465 ms [UE 37145] UL Throughput = 0.00000 Mbps
23538 ms [UE 46152] UL Throughput = 0.00000 Mbps
23538 ms [UE 40696] UL Throughput = 0.00000 Mbps
23538 ms [UE 55444] UL Throughput = 0.00000 Mbps
23566 ms [UE 10443] UL Throughput = 0.00000 Mbps
23566 ms [UE 44997] UL Throughput = 0.00000 Mbps
23566 ms [UE 57997] UL Throughput = 0.00000 Mbps
23566 ms [UE 37145] UL Throughput = 0.00000 Mbps
23639 ms [UE 46152] UL Throughput = 0.53138 Mbps
23639 ms [UE 40696] UL Throughput = 0.42376 Mbps
23639 ms [UE 55444] UL Throughput = 0.00000 Mbps
23675 ms [UE 10443] UL Throughput = 0.00000 Mbps
23675 ms [UE 44997] UL Throughput = 0.00000 Mbps
23675 ms [UE 57997] UL Throughput = 0.00000 Mbps
23675 ms [UE 37145] UL Throughput = 0.00000 Mbps
23748 ms [UE 46152] UL Throughput = 0.00000 Mbps
23748 ms [UE 40696] UL Throughput = 0.00000 Mbps
23748 ms [UE 55444] UL Throughput = 0.00000 Mbps
23776 ms [UE 10443] UL Throughput = 0.00000 Mbps
23776 ms [UE 44997] UL Throughput = 0.00000 Mbps
23776 ms [UE 57997] UL Throughput = 0.00000 Mbps
23776 ms [UE 37145] UL Throughput = 0.00000 Mbps
23858 ms [UE 46152] UL Throughput = 0.00000 Mbps
23858 ms [UE 40696] UL Throughput = 0.00000 Mbps
23858 ms [UE 55444] UL Throughput = 0.00000 Mbps
23876 ms [UE 10443] UL Throughput = 0.00000 Mbps
23876 ms [UE 44997] UL Throughput = 0.00000 Mbps
23876 ms [UE 57997] UL Throughput = 0.00000 Mbps
23876 ms [UE 37145] UL Throughput = 0.00000 Mbps
23968 ms [UE 46152] UL Throughput = 0.00000 Mbps
23968 ms [UE 40696] UL Throughput = 0.31707 Mbps
23968 ms [UE 55444] UL Throughput = 0.00000 Mbps
23985 ms [UE 10443] UL Throughput = 0.00000 Mbps
23985 ms [UE 44997] UL Throughput = 0.00000 Mbps
23985 ms [UE 57997] UL Throughput = 0.00000 Mbps
23985 ms [UE 37145] UL Throughput = 0.00000 Mbps
24049 ms | now=1755823065882780 us | PDCP ind_msg latency=71954474 us
24078 ms [UE 46152] UL Throughput = 0.00000 Mbps
24078 ms [UE 40696] UL Throughput = 0.00000 Mbps
24078 ms [UE 55444] UL Throughput = 0.00000 Mbps
24086 ms [UE 10443] UL Throughput = 0.00000 Mbps
24086 ms [UE 44997] UL Throughput = 0.00000 Mbps
24086 ms [UE 57997] UL Throughput = 0.00000 Mbps
24086 ms [UE 37145] UL Throughput = 0.00000 Mbps
24179 ms [UE 46152] UL Throughput = 0.11458 Mbps
24179 ms [UE 40696] UL Throughput = 0.00000 Mbps
24179 ms [UE 55444] UL Throughput = 0.00000 Mbps
24196 ms [UE 10443] UL Throughput = 0.00000 Mbps
24196 ms [UE 44997] UL Throughput = 0.00000 Mbps
24196 ms [UE 57997] UL Throughput = 0.00000 Mbps
24196 ms [UE 37145] UL Throughput = 0.00000 Mbps
24288 ms [UE 46152] UL Throughput = 0.00000 Mbps
24288 ms [UE 40696] UL Throughput = 0.28544 Mbps
24288 ms [UE 55444] UL Throughput = 0.00000 Mbps
24296 ms [UE 10443] UL Throughput = 0.00000 Mbps
24296 ms [UE 44997] UL Throughput = 0.00000 Mbps
24296 ms [UE 57997] UL Throughput = 0.00000 Mbps
24296 ms [UE 37145] UL Throughput = 0.00000 Mbps
24388 ms [UE 46152] UL Throughput = 0.00000 Mbps
24388 ms [UE 40696] UL Throughput = 0.00000 Mbps
24388 ms [UE 55444] UL Throughput = 0.00000 Mbps
24397 ms [UE 10443] UL Throughput = 0.00000 Mbps
24397 ms [UE 44997] UL Throughput = 0.00000 Mbps
24397 ms [UE 57997] UL Throughput = 0.00000 Mbps
24397 ms [UE 37145] UL Throughput = 0.00000 Mbps
24489 ms [UE 46152] UL Throughput = 0.00000 Mbps
24489 ms [UE 40696] UL Throughput = 0.00000 Mbps
24489 ms [UE 55444] UL Throughput = 0.00000 Mbps
24507 ms [UE 10443] UL Throughput = 0.00000 Mbps
24507 ms [UE 44997] UL Throughput = 0.00000 Mbps
24507 ms [UE 57997] UL Throughput = 0.00000 Mbps
24507 ms [UE 37145] UL Throughput = 0.00000 Mbps
24599 ms [UE 46152] UL Throughput = 0.00000 Mbps
24599 ms [UE 40696] UL Throughput = 0.00000 Mbps
24599 ms [UE 55444] UL Throughput = 0.00000 Mbps
24616 ms [UE 10443] UL Throughput = 0.00000 Mbps
24616 ms [UE 44997] UL Throughput = 0.00000 Mbps
24616 ms [UE 57997] UL Throughput = 0.00000 Mbps
24616 ms [UE 37145] UL Throughput = 0.00000 Mbps
24708 ms [UE 46152] UL Throughput = 0.00000 Mbps
24708 ms [UE 40696] UL Throughput = 0.00000 Mbps
24708 ms [UE 55444] UL Throughput = 0.00000 Mbps
24716 ms [UE 10443] UL Throughput = 0.00000 Mbps
24716 ms [UE 44997] UL Throughput = 0.00000 Mbps
24716 ms [UE 57997] UL Throughput = 0.00000 Mbps
24716 ms [UE 37145] UL Throughput = 0.00000 Mbps
24808 ms [UE 46152] UL Throughput = 0.00000 Mbps
24808 ms [UE 40696] UL Throughput = 0.39940 Mbps
24808 ms [UE 55444] UL Throughput = 0.00000 Mbps
24826 ms [UE 10443] UL Throughput = 0.00000 Mbps
24826 ms [UE 44997] UL Throughput = 0.00000 Mbps
24826 ms [UE 57997] UL Throughput = 0.00000 Mbps
24826 ms [UE 37145] UL Throughput = 0.00000 Mbps
24909 ms [UE 46152] UL Throughput = 0.00000 Mbps
24909 ms [UE 40696] UL Throughput = 0.00000 Mbps
24909 ms [UE 55444] UL Throughput = 0.00000 Mbps
24935 ms [UE 10443] UL Throughput = 0.00000 Mbps
24935 ms [UE 44997] UL Throughput = 0.00000 Mbps
24935 ms [UE 57997] UL Throughput = 0.00000 Mbps
24935 ms [UE 37145] UL Throughput = 0.00000 Mbps
25009 ms [UE 46152] UL Throughput = 0.00000 Mbps
25009 ms [UE 40696] UL Throughput = 0.00000 Mbps
25009 ms [UE 55444] UL Throughput = 0.00000 Mbps
25036 ms [UE 10443] UL Throughput = 0.00000 Mbps
25036 ms [UE 44997] UL Throughput = 0.00000 Mbps
25036 ms [UE 57997] UL Throughput = 0.00000 Mbps
25036 ms [UE 37145] UL Throughput = 0.00000 Mbps
25101 ms | now=1755823066934645 us | PDCP ind_msg latency=71954202 us
25119 ms [UE 46152] UL Throughput = 0.48241 Mbps
25119 ms [UE 40696] UL Throughput = 0.06953 Mbps
25119 ms [UE 55444] UL Throughput = 0.00000 Mbps
25146 ms [UE 10443] UL Throughput = 0.00000 Mbps
25146 ms [UE 44997] UL Throughput = 0.00000 Mbps
25146 ms [UE 57997] UL Throughput = 0.00000 Mbps
25146 ms [UE 37145] UL Throughput = 0.00000 Mbps
25228 ms [UE 46152] UL Throughput = 0.49019 Mbps
25228 ms [UE 40696] UL Throughput = 0.00000 Mbps
25228 ms [UE 55444] UL Throughput = 0.00000 Mbps
25255 ms [UE 10443] UL Throughput = 0.00000 Mbps
25255 ms [UE 44997] UL Throughput = 0.00000 Mbps
25255 ms [UE 57997] UL Throughput = 0.00000 Mbps
25255 ms [UE 37145] UL Throughput = 0.00000 Mbps
25329 ms [UE 46152] UL Throughput = 0.00000 Mbps
25329 ms [UE 40696] UL Throughput = 0.00000 Mbps
25329 ms [UE 55444] UL Throughput = 0.00000 Mbps
25356 ms [UE 10443] UL Throughput = 0.00000 Mbps
25356 ms [UE 44997] UL Throughput = 0.00000 Mbps
25356 ms [UE 57997] UL Throughput = 0.00000 Mbps
25356 ms [UE 37145] UL Throughput = 0.00000 Mbps
25438 ms [UE 46152] UL Throughput = 0.00000 Mbps
25438 ms [UE 40696] UL Throughput = 0.31837 Mbps
25438 ms [UE 55444] UL Throughput = 0.00000 Mbps
25466 ms [UE 10443] UL Throughput = 0.00000 Mbps
25466 ms [UE 44997] UL Throughput = 0.00000 Mbps
25466 ms [UE 57997] UL Throughput = 0.00000 Mbps
25466 ms [UE 37145] UL Throughput = 0.00000 Mbps
25538 ms [UE 46152] UL Throughput = 0.00000 Mbps
25538 ms [UE 40696] UL Throughput = 0.00000 Mbps
25538 ms [UE 55444] UL Throughput = 0.00000 Mbps
25576 ms [UE 10443] UL Throughput = 0.00000 Mbps
25576 ms [UE 44997] UL Throughput = 0.00000 Mbps
25576 ms [UE 57997] UL Throughput = 0.00000 Mbps
25576 ms [UE 37145] UL Throughput = 0.00000 Mbps
25649 ms [UE 46152] UL Throughput = 0.00000 Mbps
25649 ms [UE 40696] UL Throughput = 0.06976 Mbps
25649 ms [UE 55444] UL Throughput = 0.00000 Mbps
25686 ms [UE 10443] UL Throughput = 0.00000 Mbps
25686 ms [UE 44997] UL Throughput = 0.00000 Mbps
25686 ms [UE 57997] UL Throughput = 0.00000 Mbps
25686 ms [UE 37145] UL Throughput = 0.00000 Mbps
25758 ms [UE 46152] UL Throughput = 0.00000 Mbps
25758 ms [UE 40696] UL Throughput = 0.31719 Mbps
25758 ms [UE 55444] UL Throughput = 0.00000 Mbps
25795 ms [UE 10443] UL Throughput = 0.00000 Mbps
25795 ms [UE 44997] UL Throughput = 0.00000 Mbps
25795 ms [UE 57997] UL Throughput = 0.00000 Mbps
25795 ms [UE 37145] UL Throughput = 0.00000 Mbps
25869 ms [UE 46152] UL Throughput = 0.00000 Mbps
25869 ms [UE 40696] UL Throughput = 0.00000 Mbps
25869 ms [UE 55444] UL Throughput = 0.00000 Mbps
25895 ms [UE 10443] UL Throughput = 0.00000 Mbps
25895 ms [UE 44997] UL Throughput = 0.00000 Mbps
25895 ms [UE 57997] UL Throughput = 0.00000 Mbps
25895 ms [UE 37145] UL Throughput = 0.00000 Mbps
25979 ms [UE 46152] UL Throughput = 0.10516 Mbps
25979 ms [UE 40696] UL Throughput = 0.00000 Mbps
25979 ms [UE 55444] UL Throughput = 0.00000 Mbps
25996 ms [UE 10443] UL Throughput = 0.00000 Mbps
25996 ms [UE 44997] UL Throughput = 0.00000 Mbps
25996 ms [UE 57997] UL Throughput = 0.00000 Mbps
25996 ms [UE 37145] UL Throughput = 0.00000 Mbps
26089 ms [UE 46152] UL Throughput = 0.48492 Mbps
26089 ms [UE 40696] UL Throughput = 0.00000 Mbps
26089 ms [UE 55444] UL Throughput = 0.00000 Mbps
26106 ms [UE 10443] UL Throughput = 0.00000 Mbps
26106 ms [UE 44997] UL Throughput = 0.00000 Mbps
26106 ms [UE 57997] UL Throughput = 0.00000 Mbps
26106 ms [UE 37145] UL Throughput = 0.00000 Mbps
26153 ms | now=1755823067987181 us | PDCP ind_msg latency=71953878 us
26199 ms [UE 46152] UL Throughput = 0.00000 Mbps
26199 ms [UE 40696] UL Throughput = 0.00000 Mbps
26199 ms [UE 55444] UL Throughput = 0.00000 Mbps
26216 ms [UE 10443] UL Throughput = 0.00000 Mbps
26216 ms [UE 44997] UL Throughput = 0.00000 Mbps
26216 ms [UE 57997] UL Throughput = 0.00000 Mbps
26216 ms [UE 37145] UL Throughput = 0.00000 Mbps
26308 ms [UE 46152] UL Throughput = 0.00000 Mbps
26308 ms [UE 40696] UL Throughput = 0.38852 Mbps
26308 ms [UE 55444] UL Throughput = 0.00000 Mbps
26326 ms [UE 10443] UL Throughput = 0.00000 Mbps
26326 ms [UE 44997] UL Throughput = 0.00000 Mbps
26326 ms [UE 57997] UL Throughput = 0.00000 Mbps
26326 ms [UE 37145] UL Throughput = 0.00000 Mbps
26408 ms [UE 46152] UL Throughput = 0.53178 Mbps
26408 ms [UE 40696] UL Throughput = 0.00000 Mbps
26408 ms [UE 55444] UL Throughput = 0.00000 Mbps
26436 ms [UE 10443] UL Throughput = 0.00000 Mbps
26436 ms [UE 44997] UL Throughput = 0.00000 Mbps
26436 ms [UE 57997] UL Throughput = 0.00000 Mbps
26436 ms [UE 37145] UL Throughput = 0.00000 Mbps
26508 ms [UE 46152] UL Throughput = 0.00000 Mbps
26508 ms [UE 40696] UL Throughput = 0.00000 Mbps
26508 ms [UE 55444] UL Throughput = 0.00000 Mbps
26536 ms [UE 10443] UL Throughput = 0.00000 Mbps
26536 ms [UE 44997] UL Throughput = 0.00000 Mbps
26536 ms [UE 57997] UL Throughput = 0.00000 Mbps
26536 ms [UE 37145] UL Throughput = 0.00000 Mbps
26618 ms [UE 46152] UL Throughput = 0.00000 Mbps
26618 ms [UE 40696] UL Throughput = 0.28450 Mbps
26618 ms [UE 55444] UL Throughput = 0.00000 Mbps
26646 ms [UE 10443] UL Throughput = 0.00000 Mbps
26646 ms [UE 44997] UL Throughput = 0.00000 Mbps
26646 ms [UE 57997] UL Throughput = 0.00000 Mbps
26646 ms [UE 37145] UL Throughput = 0.00000 Mbps
26718 ms [UE 46152] UL Throughput = 0.00000 Mbps
26718 ms [UE 40696] UL Throughput = 0.00000 Mbps
26718 ms [UE 55444] UL Throughput = 0.00000 Mbps
26755 ms [UE 10443] UL Throughput = 0.00000 Mbps
26755 ms [UE 44997] UL Throughput = 0.00000 Mbps
26755 ms [UE 57997] UL Throughput = 0.00000 Mbps
26755 ms [UE 37145] UL Throughput = 0.00000 Mbps
26818 ms [UE 46152] UL Throughput = 0.00000 Mbps
26818 ms [UE 40696] UL Throughput = 0.00000 Mbps
26818 ms [UE 55444] UL Throughput = 0.00000 Mbps
26855 ms [UE 10443] UL Throughput = 0.00000 Mbps
26855 ms [UE 44997] UL Throughput = 0.00000 Mbps
26855 ms [UE 57997] UL Throughput = 0.00000 Mbps
26855 ms [UE 37145] UL Throughput = 0.00000 Mbps
26929 ms [UE 46152] UL Throughput = 0.58622 Mbps
26929 ms [UE 40696] UL Throughput = 0.00000 Mbps
26929 ms [UE 55444] UL Throughput = 0.00000 Mbps
26956 ms [UE 10443] UL Throughput = 0.00000 Mbps
26956 ms [UE 44997] UL Throughput = 0.00000 Mbps
26956 ms [UE 57997] UL Throughput = 0.00000 Mbps
26956 ms [UE 37145] UL Throughput = 0.00000 Mbps
27038 ms [UE 46152] UL Throughput = 0.00000 Mbps
27038 ms [UE 40696] UL Throughput = 0.00000 Mbps
27038 ms [UE 55444] UL Throughput = 0.00000 Mbps
27056 ms [UE 10443] UL Throughput = 0.00000 Mbps
27056 ms [UE 44997] UL Throughput = 0.00191 Mbps
27056 ms [UE 57997] UL Throughput = 0.00845 Mbps
27056 ms [UE 37145] UL Throughput = 0.00805 Mbps
27149 ms [UE 46152] UL Throughput = 0.00000 Mbps
27149 ms [UE 40696] UL Throughput = 0.06968 Mbps
27149 ms [UE 55444] UL Throughput = 0.00000 Mbps
27166 ms [UE 10443] UL Throughput = 0.00000 Mbps
27166 ms [UE 44997] UL Throughput = 0.00000 Mbps
27166 ms [UE 57997] UL Throughput = 0.00000 Mbps
27166 ms [UE 37145] UL Throughput = 0.00000 Mbps
27201 ms | now=1755823069034623 us | PDCP ind_msg latency=71954318 us
27249 ms [UE 46152] UL Throughput = 0.53160 Mbps
27249 ms [UE 40696] UL Throughput = 0.34732 Mbps
27249 ms [UE 55444] UL Throughput = 0.00000 Mbps
27276 ms [UE 10443] UL Throughput = 0.00000 Mbps
27276 ms [UE 44997] UL Throughput = 0.00000 Mbps
27276 ms [UE 57997] UL Throughput = 0.00000 Mbps
27276 ms [UE 37145] UL Throughput = 0.00000 Mbps
27359 ms [UE 46152] UL Throughput = 0.00000 Mbps
27359 ms [UE 40696] UL Throughput = 0.00000 Mbps
27359 ms [UE 55444] UL Throughput = 0.00000 Mbps
27376 ms [UE 10443] UL Throughput = 0.00192 Mbps
27376 ms [UE 44997] UL Throughput = 0.00000 Mbps
27376 ms [UE 57997] UL Throughput = 0.00847 Mbps
27376 ms [UE 37145] UL Throughput = 0.00807 Mbps
27468 ms [UE 46152] UL Throughput = 0.00000 Mbps
27468 ms [UE 40696] UL Throughput = 0.31771 Mbps
27468 ms [UE 55444] UL Throughput = 0.00000 Mbps
27485 ms [UE 10443] UL Throughput = 0.00000 Mbps
27485 ms [UE 44997] UL Throughput = 0.00000 Mbps
27485 ms [UE 57997] UL Throughput = 0.00000 Mbps
27485 ms [UE 37145] UL Throughput = 0.00000 Mbps
27578 ms [UE 46152] UL Throughput = 0.00000 Mbps
27578 ms [UE 40696] UL Throughput = 0.00000 Mbps
27578 ms [UE 55444] UL Throughput = 0.00000 Mbps
27586 ms [UE 10443] UL Throughput = 0.00000 Mbps
27586 ms [UE 44997] UL Throughput = 0.00000 Mbps
27586 ms [UE 57997] UL Throughput = 0.00000 Mbps
27586 ms [UE 37145] UL Throughput = 0.00000 Mbps
27686 ms [UE 10443] UL Throughput = 0.00000 Mbps
27686 ms [UE 44997] UL Throughput = 0.00000 Mbps
27686 ms [UE 57997] UL Throughput = 0.00848 Mbps
27686 ms [UE 37145] UL Throughput = 0.00000 Mbps
27689 ms [UE 46152] UL Throughput = 0.10437 Mbps
27689 ms [UE 40696] UL Throughput = 0.00000 Mbps
27689 ms [UE 55444] UL Throughput = 0.00000 Mbps
27795 ms [UE 10443] UL Throughput = 0.00000 Mbps
27795 ms [UE 44997] UL Throughput = 0.00000 Mbps
27795 ms [UE 57997] UL Throughput = 0.00000 Mbps
27795 ms [UE 37145] UL Throughput = 0.00000 Mbps
27799 ms [UE 46152] UL Throughput = 0.48578 Mbps
27799 ms [UE 40696] UL Throughput = 0.00000 Mbps
27799 ms [UE 55444] UL Throughput = 0.00000 Mbps
27896 ms [UE 10443] UL Throughput = 0.00000 Mbps
27896 ms [UE 44997] UL Throughput = 0.00000 Mbps
27896 ms [UE 57997] UL Throughput = 0.00000 Mbps
27896 ms [UE 37145] UL Throughput = 0.00000 Mbps
27909 ms [UE 46152] UL Throughput = 0.00000 Mbps
27909 ms [UE 40696] UL Throughput = 0.00000 Mbps
27909 ms [UE 55444] UL Throughput = 0.00000 Mbps
28006 ms [UE 10443] UL Throughput = 0.00000 Mbps
28006 ms [UE 44997] UL Throughput = 0.00000 Mbps
28006 ms [UE 57997] UL Throughput = 0.00000 Mbps
28006 ms [UE 37145] UL Throughput = 0.00000 Mbps
28018 ms [UE 46152] UL Throughput = 0.00000 Mbps
28018 ms [UE 40696] UL Throughput = 0.07025 Mbps
28018 ms [UE 55444] UL Throughput = 0.00000 Mbps
28116 ms [UE 10443] UL Throughput = 0.00000 Mbps
28116 ms [UE 44997] UL Throughput = 0.00000 Mbps
28116 ms [UE 57997] UL Throughput = 0.00000 Mbps
28116 ms [UE 37145] UL Throughput = 0.00000 Mbps
28119 ms [UE 46152] UL Throughput = 0.00000 Mbps
28119 ms [UE 40696] UL Throughput = 0.34571 Mbps
28119 ms [UE 55444] UL Throughput = 0.00000 Mbps
28226 ms [UE 10443] UL Throughput = 0.00000 Mbps
28226 ms [UE 44997] UL Throughput = 0.00000 Mbps
28226 ms [UE 57997] UL Throughput = 0.00000 Mbps
28226 ms [UE 37145] UL Throughput = 0.00000 Mbps
28228 ms [UE 46152] UL Throughput = 0.00000 Mbps
28228 ms [UE 40696] UL Throughput = 0.00000 Mbps
28228 ms [UE 55444] UL Throughput = 0.00000 Mbps
28256 ms | now=1755823070089843 us | PDCP ind_msg latency=71954506 us
28328 ms [UE 46152] UL Throughput = 0.00000 Mbps
28328 ms [UE 40696] UL Throughput = 0.00000 Mbps
28328 ms [UE 55444] UL Throughput = 0.00000 Mbps
28336 ms [UE 10443] UL Throughput = 0.00000 Mbps
28336 ms [UE 44997] UL Throughput = 0.00000 Mbps
28336 ms [UE 57997] UL Throughput = 0.00000 Mbps
28336 ms [UE 37145] UL Throughput = 0.00000 Mbps
28438 ms [UE 46152] UL Throughput = 0.00000 Mbps
28438 ms [UE 40696] UL Throughput = 0.31709 Mbps
28438 ms [UE 55444] UL Throughput = 0.00000 Mbps
28446 ms [UE 10443] UL Throughput = 0.00000 Mbps
28446 ms [UE 44997] UL Throughput = 0.00000 Mbps
28446 ms [UE 57997] UL Throughput = 0.00000 Mbps
28446 ms [UE 37145] UL Throughput = 0.00000 Mbps
28541 ms [UE 46152] UL Throughput = 0.00000 Mbps
28541 ms [UE 40696] UL Throughput = 0.00000 Mbps
28541 ms [UE 55444] UL Throughput = 0.00000 Mbps
28555 ms [UE 10443] UL Throughput = 0.00000 Mbps
28555 ms [UE 44997] UL Throughput = 0.00000 Mbps
28555 ms [UE 57997] UL Throughput = 0.00000 Mbps
28555 ms [UE 37145] UL Throughput = 0.00000 Mbps
28648 ms [UE 46152] UL Throughput = 0.49616 Mbps
28648 ms [UE 40696] UL Throughput = 0.00000 Mbps
28648 ms [UE 55444] UL Throughput = 0.00000 Mbps
28666 ms [UE 10443] UL Throughput = 0.00000 Mbps
28666 ms [UE 44997] UL Throughput = 0.00000 Mbps
28666 ms [UE 57997] UL Throughput = 0.00000 Mbps
28666 ms [UE 37145] UL Throughput = 0.00000 Mbps
28748 ms [UE 46152] UL Throughput = 0.00000 Mbps
28748 ms [UE 40696] UL Throughput = 0.00000 Mbps
28748 ms [UE 55444] UL Throughput = 0.00000 Mbps
28776 ms [UE 10443] UL Throughput = 0.00000 Mbps
28776 ms [UE 44997] UL Throughput = 0.00000 Mbps
28776 ms [UE 57997] UL Throughput = 0.00000 Mbps
28776 ms [UE 37145] UL Throughput = 0.00000 Mbps
28848 ms [UE 46152] UL Throughput = 0.00000 Mbps
28848 ms [UE 40696] UL Throughput = 0.00000 Mbps
28848 ms [UE 55444] UL Throughput = 0.00000 Mbps
28886 ms [UE 10443] UL Throughput = 0.00000 Mbps
28886 ms [UE 44997] UL Throughput = 0.00000 Mbps
28886 ms [UE 57997] UL Throughput = 0.00000 Mbps
28886 ms [UE 37145] UL Throughput = 0.00000 Mbps
28949 ms [UE 46152] UL Throughput = 0.00000 Mbps
28949 ms [UE 40696] UL Throughput = 0.42216 Mbps
28949 ms [UE 55444] UL Throughput = 0.00000 Mbps
28996 ms [UE 10443] UL Throughput = 0.00000 Mbps
28996 ms [UE 44997] UL Throughput = 0.00000 Mbps
28996 ms [UE 57997] UL Throughput = 0.00000 Mbps
28996 ms [UE 37145] UL Throughput = 0.00000 Mbps
29058 ms [UE 46152] UL Throughput = 0.00000 Mbps
29058 ms [UE 40696] UL Throughput = 0.00000 Mbps
29058 ms [UE 55444] UL Throughput = 0.00000 Mbps
29096 ms [UE 10443] UL Throughput = 0.00000 Mbps
29096 ms [UE 44997] UL Throughput = 0.00000 Mbps
29096 ms [UE 57997] UL Throughput = 0.00000 Mbps
29096 ms [UE 37145] UL Throughput = 0.00000 Mbps
29159 ms [UE 46152] UL Throughput = 0.00000 Mbps
29159 ms [UE 40696] UL Throughput = 0.00000 Mbps
29159 ms [UE 55444] UL Throughput = 0.00000 Mbps
29197 ms [UE 10443] UL Throughput = 0.00000 Mbps
29197 ms [UE 44997] UL Throughput = 0.00000 Mbps
29197 ms [UE 57997] UL Throughput = 0.00000 Mbps
29197 ms [UE 37145] UL Throughput = 0.00000 Mbps
29268 ms [UE 46152] UL Throughput = 0.44012 Mbps
29268 ms [UE 40696] UL Throughput = 0.36498 Mbps
29268 ms [UE 55444] UL Throughput = 0.00000 Mbps
29306 ms [UE 10443] UL Throughput = 0.00000 Mbps
29306 ms [UE 44997] UL Throughput = 0.00000 Mbps
29306 ms [UE 57997] UL Throughput = 0.00000 Mbps
29306 ms [UE 37145] UL Throughput = 0.00000 Mbps
29317 ms | now=1755823071150689 us | PDCP ind_msg latency=71954171 us
29369 ms [UE 46152] UL Throughput = 0.00000 Mbps
29369 ms [UE 40696] UL Throughput = 0.00000 Mbps
29369 ms [UE 55444] UL Throughput = 0.00000 Mbps
29416 ms [UE 10443] UL Throughput = 0.00000 Mbps
29416 ms [UE 44997] UL Throughput = 0.00000 Mbps
29416 ms [UE 57997] UL Throughput = 0.00000 Mbps
29416 ms [UE 37145] UL Throughput = 0.00000 Mbps
29469 ms [UE 46152] UL Throughput = 0.00000 Mbps
29469 ms [UE 40696] UL Throughput = 0.00000 Mbps
29469 ms [UE 55444] UL Throughput = 0.00000 Mbps
29526 ms [UE 10443] UL Throughput = 0.00000 Mbps
29526 ms [UE 44997] UL Throughput = 0.00000 Mbps
29526 ms [UE 57997] UL Throughput = 0.00000 Mbps
29526 ms [UE 37145] UL Throughput = 0.00000 Mbps
29578 ms [UE 46152] UL Throughput = 0.00000 Mbps
29578 ms [UE 40696] UL Throughput = 0.29668 Mbps
29578 ms [UE 55444] UL Throughput = 0.00000 Mbps
29636 ms [UE 10443] UL Throughput = 0.00000 Mbps
29636 ms [UE 44997] UL Throughput = 0.00000 Mbps
29636 ms [UE 57997] UL Throughput = 0.00000 Mbps
29636 ms [UE 37145] UL Throughput = 0.00000 Mbps
29679 ms [UE 46152] UL Throughput = 0.00000 Mbps
29679 ms [UE 40696] UL Throughput = 0.00000 Mbps
29679 ms [UE 55444] UL Throughput = 0.00000 Mbps
29736 ms [UE 10443] UL Throughput = 0.00000 Mbps
29736 ms [UE 44997] UL Throughput = 0.00000 Mbps
29736 ms [UE 57997] UL Throughput = 0.00000 Mbps
29736 ms [UE 37145] UL Throughput = 0.00000 Mbps
29788 ms [UE 46152] UL Throughput = 0.09599 Mbps
29788 ms [UE 40696] UL Throughput = 0.00000 Mbps
29788 ms [UE 55444] UL Throughput = 0.00000 Mbps
29845 ms [UE 10443] UL Throughput = 0.00000 Mbps
29845 ms [UE 44997] UL Throughput = 0.00000 Mbps
29845 ms [UE 57997] UL Throughput = 0.00000 Mbps
29845 ms [UE 37145] UL Throughput = 0.00000 Mbps
29889 ms [UE 46152] UL Throughput = 0.47996 Mbps
29889 ms [UE 40696] UL Throughput = 0.00000 Mbps
29889 ms [UE 55444] UL Throughput = 0.00000 Mbps
29956 ms [UE 10443] UL Throughput = 0.00000 Mbps
29956 ms [UE 44997] UL Throughput = 0.00000 Mbps
29956 ms [UE 57997] UL Throughput = 0.00000 Mbps
29956 ms [UE 37145] UL Throughput = 0.00000 Mbps
29998 ms [UE 46152] UL Throughput = 0.00000 Mbps
29998 ms [UE 40696] UL Throughput = 0.00000 Mbps
29998 ms [UE 55444] UL Throughput = 0.00000 Mbps
30066 ms [UE 10443] UL Throughput = 0.00000 Mbps
30066 ms [UE 44997] UL Throughput = 0.00000 Mbps
30066 ms [UE 57997] UL Throughput = 0.00000 Mbps
30066 ms [UE 37145] UL Throughput = 0.00000 Mbps
30108 ms [UE 46152] UL Throughput = 0.00000 Mbps
30108 ms [UE 40696] UL Throughput = 0.38614 Mbps
30108 ms [UE 55444] UL Throughput = 0.00000 Mbps
30166 ms [UE 10443] UL Throughput = 0.00000 Mbps
30166 ms [UE 44997] UL Throughput = 0.00000 Mbps
30166 ms [UE 57997] UL Throughput = 0.00000 Mbps
30166 ms [UE 37145] UL Throughput = 0.00000 Mbps
30210 ms [UE 46152] UL Throughput = 0.00000 Mbps
30210 ms [UE 40696] UL Throughput = 0.00000 Mbps
30210 ms [UE 55444] UL Throughput = 0.00000 Mbps
30267 ms [UE 10443] UL Throughput = 0.00000 Mbps
30267 ms [UE 44997] UL Throughput = 0.00000 Mbps
30267 ms [UE 57997] UL Throughput = 0.00000 Mbps
30267 ms [UE 37145] UL Throughput = 0.00000 Mbps
30319 ms [UE 46152] UL Throughput = 0.09707 Mbps
30319 ms [UE 40696] UL Throughput = 0.00000 Mbps
30319 ms [UE 55444] UL Throughput = 0.00000 Mbps
30366 ms | now=1755823072199525 us | PDCP ind_msg latency=71954079 us
30376 ms [UE 10443] UL Throughput = 0.00000 Mbps
30376 ms [UE 44997] UL Throughput = 0.00000 Mbps
30376 ms [UE 57997] UL Throughput = 0.00000 Mbps
30376 ms [UE 37145] UL Throughput = 0.00000 Mbps
30429 ms [UE 46152] UL Throughput = 0.43852 Mbps
30429 ms [UE 40696] UL Throughput = 0.31696 Mbps
30429 ms [UE 55444] UL Throughput = 0.00000 Mbps
30486 ms [UE 10443] UL Throughput = 0.00000 Mbps
30486 ms [UE 44997] UL Throughput = 0.00000 Mbps
30486 ms [UE 57997] UL Throughput = 0.00000 Mbps
30486 ms [UE 37145] UL Throughput = 0.00000 Mbps
30529 ms [UE 46152] UL Throughput = 0.00000 Mbps
30529 ms [UE 40696] UL Throughput = 0.00000 Mbps
30529 ms [UE 55444] UL Throughput = 0.00000 Mbps
30586 ms [UE 10443] UL Throughput = 0.00000 Mbps
30586 ms [UE 44997] UL Throughput = 0.00000 Mbps
30586 ms [UE 57997] UL Throughput = 0.00000 Mbps
30586 ms [UE 37145] UL Throughput = 0.00000 Mbps
30639 ms [UE 46152] UL Throughput = 0.43667 Mbps
30639 ms [UE 40696] UL Throughput = 0.00000 Mbps
30639 ms [UE 55444] UL Throughput = 0.00000 Mbps
30686 ms [UE 10443] UL Throughput = 0.00000 Mbps
30686 ms [UE 44997] UL Throughput = 0.00000 Mbps
30686 ms [UE 57997] UL Throughput = 0.00000 Mbps
30686 ms [UE 37145] UL Throughput = 0.00000 Mbps
30748 ms [UE 46152] UL Throughput = 0.00000 Mbps
30748 ms [UE 40696] UL Throughput = 0.00000 Mbps
30748 ms [UE 55444] UL Throughput = 0.00000 Mbps
30788 ms [UE 10443] UL Throughput = 0.00000 Mbps
30788 ms [UE 44997] UL Throughput = 0.00000 Mbps
30788 ms [UE 57997] UL Throughput = 0.00000 Mbps
30788 ms [UE 37145] UL Throughput = 0.00000 Mbps
30859 ms [UE 46152] UL Throughput = 0.00000 Mbps
30859 ms [UE 40696] UL Throughput = 0.06965 Mbps
30859 ms [UE 55444] UL Throughput = 0.00000 Mbps
30896 ms [UE 10443] UL Throughput = 0.00000 Mbps
30896 ms [UE 44997] UL Throughput = 0.00000 Mbps
30896 ms [UE 57997] UL Throughput = 0.00000 Mbps
30896 ms [UE 37145] UL Throughput = 0.00000 Mbps
30968 ms [UE 46152] UL Throughput = 0.00000 Mbps
30968 ms [UE 40696] UL Throughput = 0.31756 Mbps
30968 ms [UE 55444] UL Throughput = 0.00000 Mbps
31006 ms [UE 10443] UL Throughput = 0.00000 Mbps
31006 ms [UE 44997] UL Throughput = 0.00000 Mbps
31006 ms [UE 57997] UL Throughput = 0.00000 Mbps
31006 ms [UE 37145] UL Throughput = 0.00000 Mbps
31069 ms [UE 46152] UL Throughput = 0.00000 Mbps
31069 ms [UE 40696] UL Throughput = 0.00000 Mbps
31069 ms [UE 55444] UL Throughput = 0.00000 Mbps
31107 ms [UE 10443] UL Throughput = 0.00000 Mbps
31107 ms [UE 44997] UL Throughput = 0.00000 Mbps
31107 ms [UE 57997] UL Throughput = 0.00000 Mbps
31107 ms [UE 37145] UL Throughput = 0.00000 Mbps
31169 ms [UE 46152] UL Throughput = 0.10469 Mbps
31169 ms [UE 40696] UL Throughput = 0.00000 Mbps
31169 ms [UE 55444] UL Throughput = 0.00000 Mbps
31216 ms [UE 10443] UL Throughput = 0.00000 Mbps
31216 ms [UE 44997] UL Throughput = 0.00000 Mbps
31216 ms [UE 57997] UL Throughput = 0.00000 Mbps
31216 ms [UE 37145] UL Throughput = 0.00000 Mbps
31279 ms [UE 46152] UL Throughput = 0.43605 Mbps
31279 ms [UE 40696] UL Throughput = 0.28281 Mbps
31279 ms [UE 55444] UL Throughput = 0.00000 Mbps
31325 ms [UE 10443] UL Throughput = 0.00000 Mbps
31325 ms [UE 44997] UL Throughput = 0.00000 Mbps
31325 ms [UE 57997] UL Throughput = 0.00000 Mbps
31325 ms [UE 37145] UL Throughput = 0.00000 Mbps
31389 ms [UE 46152] UL Throughput = 0.00000 Mbps
31389 ms [UE 40696] UL Throughput = 0.00000 Mbps
31389 ms [UE 55444] UL Throughput = 0.00000 Mbps
31408 ms | now=1755823073241455 us | PDCP ind_msg latency=71954025 us
31426 ms [UE 10443] UL Throughput = 0.00000 Mbps
31426 ms [UE 44997] UL Throughput = 0.00000 Mbps
31426 ms [UE 57997] UL Throughput = 0.00000 Mbps
31426 ms [UE 37145] UL Throughput = 0.00000 Mbps
31489 ms [UE 46152] UL Throughput = 0.00000 Mbps
31489 ms [UE 40696] UL Throughput = 0.00000 Mbps
31489 ms [UE 55444] UL Throughput = 0.00000 Mbps
31536 ms [UE 10443] UL Throughput = 0.00000 Mbps
31536 ms [UE 44997] UL Throughput = 0.00000 Mbps
31536 ms [UE 57997] UL Throughput = 0.00000 Mbps
31536 ms [UE 37145] UL Throughput = 0.00000 Mbps
31598 ms [UE 46152] UL Throughput = 0.43891 Mbps
31598 ms [UE 40696] UL Throughput = 0.00000 Mbps
31598 ms [UE 55444] UL Throughput = 0.00000 Mbps
31637 ms [UE 10443] UL Throughput = 0.00000 Mbps
31637 ms [UE 44997] UL Throughput = 0.00000 Mbps
31637 ms [UE 57997] UL Throughput = 0.00000 Mbps
31637 ms [UE 37145] UL Throughput = 0.00000 Mbps
31708 ms [UE 46152] UL Throughput = 0.00000 Mbps
31708 ms [UE 40696] UL Throughput = 0.00000 Mbps
31708 ms [UE 55444] UL Throughput = 0.00000 Mbps
31746 ms [UE 10443] UL Throughput = 0.00000 Mbps
31746 ms [UE 44997] UL Throughput = 0.00175 Mbps
31746 ms [UE 57997] UL Throughput = 0.00775 Mbps
31746 ms [UE 37145] UL Throughput = 0.00775 Mbps
31809 ms [UE 46152] UL Throughput = 0.00000 Mbps
31809 ms [UE 40696] UL Throughput = 0.42314 Mbps
31809 ms [UE 55444] UL Throughput = 0.00000 Mbps
31856 ms [UE 10443] UL Throughput = 0.00000 Mbps
31856 ms [UE 44997] UL Throughput = 0.00000 Mbps
31856 ms [UE 57997] UL Throughput = 0.00000 Mbps
31856 ms [UE 37145] UL Throughput = 0.00000 Mbps
31918 ms [UE 46152] UL Throughput = 0.00000 Mbps
31918 ms [UE 40696] UL Throughput = 0.00000 Mbps
31918 ms [UE 55444] UL Throughput = 0.00000 Mbps
31956 ms [UE 10443] UL Throughput = 0.00000 Mbps
31956 ms [UE 44997] UL Throughput = 0.00000 Mbps
31956 ms [UE 57997] UL Throughput = 0.00000 Mbps
31956 ms [UE 37145] UL Throughput = 0.00000 Mbps
32018 ms [UE 46152] UL Throughput = 0.10446 Mbps
32018 ms [UE 40696] UL Throughput = 0.00000 Mbps
32018 ms [UE 55444] UL Throughput = 0.00000 Mbps
32067 ms [UE 10443] UL Throughput = 0.00174 Mbps
32067 ms [UE 44997] UL Throughput = 0.00000 Mbps
32067 ms [UE 57997] UL Throughput = 0.00768 Mbps
32067 ms [UE 37145] UL Throughput = 0.00768 Mbps
32119 ms [UE 46152] UL Throughput = 0.47932 Mbps
32119 ms [UE 40696] UL Throughput = 0.34646 Mbps
32119 ms [UE 55444] UL Throughput = 0.00000 Mbps
32175 ms [UE 10443] UL Throughput = 0.00000 Mbps
32175 ms [UE 44997] UL Throughput = 0.00000 Mbps
32175 ms [UE 57997] UL Throughput = 0.00000 Mbps
32175 ms [UE 37145] UL Throughput = 0.00000 Mbps
32229 ms [UE 46152] UL Throughput = 0.00000 Mbps
32229 ms [UE 40696] UL Throughput = 0.00000 Mbps
32229 ms [UE 55444] UL Throughput = 0.00000 Mbps
32276 ms [UE 10443] UL Throughput = 0.00000 Mbps
32276 ms [UE 44997] UL Throughput = 0.00000 Mbps
32276 ms [UE 57997] UL Throughput = 0.00841 Mbps
32276 ms [UE 37145] UL Throughput = 0.00000 Mbps
32329 ms [UE 46152] UL Throughput = 0.00000 Mbps
32329 ms [UE 40696] UL Throughput = 0.00000 Mbps
32329 ms [UE 55444] UL Throughput = 0.00000 Mbps
32386 ms [UE 10443] UL Throughput = 0.00000 Mbps
32386 ms [UE 44997] UL Throughput = 0.00000 Mbps
32386 ms [UE 57997] UL Throughput = 0.00000 Mbps
32386 ms [UE 37145] UL Throughput = 0.00000 Mbps
32438 ms [UE 46152] UL Throughput = 0.00000 Mbps
32438 ms [UE 40696] UL Throughput = 0.00000 Mbps
32438 ms [UE 55444] UL Throughput = 0.00000 Mbps
32451 ms | now=1755823074285169 us | PDCP ind_msg latency=71953846 us
32487 ms [UE 10443] UL Throughput = 0.00000 Mbps
32487 ms [UE 44997] UL Throughput = 0.00000 Mbps
32487 ms [UE 57997] UL Throughput = 0.00000 Mbps
32487 ms [UE 37145] UL Throughput = 0.00000 Mbps
32539 ms [UE 46152] UL Throughput = 0.42467 Mbps
32539 ms [UE 40696] UL Throughput = 0.00000 Mbps
32539 ms [UE 55444] UL Throughput = 0.00000 Mbps
32597 ms [UE 10443] UL Throughput = 0.00000 Mbps
32597 ms [UE 44997] UL Throughput = 0.00000 Mbps
32597 ms [UE 57997] UL Throughput = 0.00000 Mbps
32597 ms [UE 37145] UL Throughput = 0.00000 Mbps
32639 ms [UE 46152] UL Throughput = 0.00000 Mbps
32639 ms [UE 40696] UL Throughput = 0.00000 Mbps
32639 ms [UE 55444] UL Throughput = 0.00000 Mbps
32706 ms [UE 10443] UL Throughput = 0.00000 Mbps
32706 ms [UE 44997] UL Throughput = 0.00000 Mbps
32706 ms [UE 57997] UL Throughput = 0.00000 Mbps
32706 ms [UE 37145] UL Throughput = 0.00000 Mbps
32749 ms [UE 46152] UL Throughput = 0.00000 Mbps
32749 ms [UE 40696] UL Throughput = 0.38852 Mbps
32749 ms [UE 55444] UL Throughput = 0.00000 Mbps
32806 ms [UE 10443] UL Throughput = 0.00000 Mbps
32806 ms [UE 44997] UL Throughput = 0.00000 Mbps
32806 ms [UE 57997] UL Throughput = 0.00000 Mbps
32806 ms [UE 37145] UL Throughput = 0.00000 Mbps
32859 ms [UE 46152] UL Throughput = 0.00000 Mbps
32859 ms [UE 40696] UL Throughput = 0.00000 Mbps
32859 ms [UE 55444] UL Throughput = 0.00000 Mbps
32906 ms [UE 10443] UL Throughput = 0.00000 Mbps
32906 ms [UE 44997] UL Throughput = 0.00000 Mbps
32906 ms [UE 57997] UL Throughput = 0.00000 Mbps
32906 ms [UE 37145] UL Throughput = 0.00000 Mbps
32968 ms [UE 46152] UL Throughput = 0.09587 Mbps
32968 ms [UE 40696] UL Throughput = 0.00000 Mbps
32968 ms [UE 55444] UL Throughput = 0.00000 Mbps
33006 ms [UE 10443] UL Throughput = 0.00000 Mbps
33006 ms [UE 44997] UL Throughput = 0.00000 Mbps
33006 ms [UE 57997] UL Throughput = 0.00000 Mbps
33006 ms [UE 37145] UL Throughput = 0.00000 Mbps
33068 ms [UE 46152] UL Throughput = 0.48129 Mbps
33068 ms [UE 40696] UL Throughput = 0.34788 Mbps
33068 ms [UE 55444] UL Throughput = 0.00000 Mbps
33116 ms [UE 10443] UL Throughput = 0.00000 Mbps
33116 ms [UE 44997] UL Throughput = 0.00000 Mbps
33116 ms [UE 57997] UL Throughput = 0.00000 Mbps
33116 ms [UE 37145] UL Throughput = 0.00000 Mbps
33169 ms [UE 46152] UL Throughput = 0.00000 Mbps
33169 ms [UE 40696] UL Throughput = 0.00000 Mbps
33169 ms [UE 55444] UL Throughput = 0.00000 Mbps
33216 ms [UE 10443] UL Throughput = 0.00000 Mbps
33216 ms [UE 44997] UL Throughput = 0.00000 Mbps
33216 ms [UE 57997] UL Throughput = 0.00000 Mbps
33216 ms [UE 37145] UL Throughput = 0.00000 Mbps
33278 ms [UE 46152] UL Throughput = 0.00000 Mbps
33278 ms [UE 40696] UL Throughput = 0.00000 Mbps
33278 ms [UE 55444] UL Throughput = 0.00000 Mbps
33327 ms [UE 10443] UL Throughput = 0.00000 Mbps
33327 ms [UE 44997] UL Throughput = 0.00000 Mbps
33327 ms [UE 57997] UL Throughput = 0.00000 Mbps
33327 ms [UE 37145] UL Throughput = 0.00000 Mbps
33388 ms [UE 46152] UL Throughput = 0.43916 Mbps
33388 ms [UE 40696] UL Throughput = 0.00000 Mbps
33388 ms [UE 55444] UL Throughput = 0.00000 Mbps
33436 ms [UE 10443] UL Throughput = 0.00000 Mbps
33436 ms [UE 44997] UL Throughput = 0.00000 Mbps
33436 ms [UE 57997] UL Throughput = 0.00000 Mbps
33436 ms [UE 37145] UL Throughput = 0.00000 Mbps
33489 ms [UE 46152] UL Throughput = 0.00000 Mbps
33489 ms [UE 40696] UL Throughput = 0.00000 Mbps
33489 ms [UE 55444] UL Throughput = 0.00000 Mbps
33500 ms | now=1755823075333658 us | PDCP ind_msg latency=71954358 us
33546 ms [UE 10443] UL Throughput = 0.00000 Mbps
33546 ms [UE 44997] UL Throughput = 0.00000 Mbps
33546 ms [UE 57997] UL Throughput = 0.00000 Mbps
33546 ms [UE 37145] UL Throughput = 0.00000 Mbps
33600 ms [UE 46152] UL Throughput = 0.00000 Mbps
33600 ms [UE 40696] UL Throughput = 0.38278 Mbps
33600 ms [UE 55444] UL Throughput = 0.00000 Mbps
33656 ms [UE 10443] UL Throughput = 0.00000 Mbps
33656 ms [UE 44997] UL Throughput = 0.00000 Mbps
33656 ms [UE 57997] UL Throughput = 0.00000 Mbps
33656 ms [UE 37145] UL Throughput = 0.00000 Mbps
33709 ms [UE 46152] UL Throughput = 0.00000 Mbps
33709 ms [UE 40696] UL Throughput = 0.00000 Mbps
33709 ms [UE 55444] UL Throughput = 0.00000 Mbps
33757 ms [UE 10443] UL Throughput = 0.00000 Mbps
33757 ms [UE 44997] UL Throughput = 0.00000 Mbps
33757 ms [UE 57997] UL Throughput = 0.00000 Mbps
33757 ms [UE 37145] UL Throughput = 0.00000 Mbps
33818 ms [UE 46152] UL Throughput = 0.09592 Mbps
33818 ms [UE 40696] UL Throughput = 0.00000 Mbps
33818 ms [UE 55444] UL Throughput = 0.00000 Mbps
33865 ms [UE 10443] UL Throughput = 0.00000 Mbps
33865 ms [UE 44997] UL Throughput = 0.00000 Mbps
33865 ms [UE 57997] UL Throughput = 0.00000 Mbps
33865 ms [UE 37145] UL Throughput = 0.00000 Mbps
33919 ms [UE 46152] UL Throughput = 0.43875 Mbps
33919 ms [UE 40696] UL Throughput = 0.34685 Mbps
33919 ms [UE 55444] UL Throughput = 0.00000 Mbps
33966 ms [UE 10443] UL Throughput = 0.00000 Mbps
33966 ms [UE 44997] UL Throughput = 0.00000 Mbps
33966 ms [UE 57997] UL Throughput = 0.00000 Mbps
33966 ms [UE 37145] UL Throughput = 0.00000 Mbps
34019 ms [UE 46152] UL Throughput = 0.00000 Mbps
34019 ms [UE 40696] UL Throughput = 0.00000 Mbps
34019 ms [UE 55444] UL Throughput = 0.00000 Mbps
34066 ms [UE 10443] UL Throughput = 0.00000 Mbps
34066 ms [UE 44997] UL Throughput = 0.00000 Mbps
34066 ms [UE 57997] UL Throughput = 0.00000 Mbps
34066 ms [UE 37145] UL Throughput = 0.00000 Mbps
34129 ms [UE 46152] UL Throughput = 0.00000 Mbps
34129 ms [UE 40696] UL Throughput = 0.00000 Mbps
34129 ms [UE 55444] UL Throughput = 0.00000 Mbps
34176 ms [UE 10443] UL Throughput = 0.00000 Mbps
34176 ms [UE 44997] UL Throughput = 0.00000 Mbps
34176 ms [UE 57997] UL Throughput = 0.00000 Mbps
34176 ms [UE 37145] UL Throughput = 0.00000 Mbps
34239 ms [UE 46152] UL Throughput = 0.40029 Mbps
34239 ms [UE 40696] UL Throughput = 0.00000 Mbps
34239 ms [UE 55444] UL Throughput = 0.00000 Mbps
34276 ms [UE 10443] UL Throughput = 0.00000 Mbps
34276 ms [UE 44997] UL Throughput = 0.00000 Mbps
34276 ms [UE 57997] UL Throughput = 0.00000 Mbps
34276 ms [UE 37145] UL Throughput = 0.00000 Mbps
34339 ms [UE 46152] UL Throughput = 0.00000 Mbps
34339 ms [UE 40696] UL Throughput = 0.00000 Mbps
34339 ms [UE 55444] UL Throughput = 0.00000 Mbps
34376 ms [UE 10443] UL Throughput = 0.00000 Mbps
34376 ms [UE 44997] UL Throughput = 0.00000 Mbps
34376 ms [UE 57997] UL Throughput = 0.00000 Mbps
34376 ms [UE 37145] UL Throughput = 0.00000 Mbps
34448 ms [UE 46152] UL Throughput = 0.00000 Mbps
34448 ms [UE 40696] UL Throughput = 0.07015 Mbps
34448 ms [UE 55444] UL Throughput = 0.00000 Mbps
34486 ms [UE 10443] UL Throughput = 0.00000 Mbps
34486 ms [UE 44997] UL Throughput = 0.00000 Mbps
34486 ms [UE 57997] UL Throughput = 0.00000 Mbps
34486 ms [UE 37145] UL Throughput = 0.00000 Mbps
34550 ms [UE 46152] UL Throughput = 0.00000 Mbps
34550 ms [UE 40696] UL Throughput = 0.34298 Mbps
34550 ms [UE 55444] UL Throughput = 0.00000 Mbps
34551 ms | now=1755823076384720 us | PDCP ind_msg latency=71955415 us
34597 ms [UE 10443] UL Throughput = 0.00000 Mbps
34597 ms [UE 44997] UL Throughput = 0.00000 Mbps
34597 ms [UE 57997] UL Throughput = 0.00000 Mbps
34597 ms [UE 37145] UL Throughput = 0.00000 Mbps
34659 ms [UE 46152] UL Throughput = 0.00000 Mbps
34659 ms [UE 40696] UL Throughput = 0.00000 Mbps
34659 ms [UE 55444] UL Throughput = 0.00000 Mbps
34706 ms [UE 10443] UL Throughput = 0.00000 Mbps
34706 ms [UE 44997] UL Throughput = 0.00000 Mbps
34706 ms [UE 57997] UL Throughput = 0.00000 Mbps
34706 ms [UE 37145] UL Throughput = 0.00000 Mbps
34768 ms [UE 46152] UL Throughput = 0.48792 Mbps
34768 ms [UE 40696] UL Throughput = 0.00000 Mbps
34768 ms [UE 55444] UL Throughput = 0.00000 Mbps
34806 ms [UE 10443] UL Throughput = 0.00000 Mbps
34806 ms [UE 44997] UL Throughput = 0.00000 Mbps
34806 ms [UE 57997] UL Throughput = 0.00000 Mbps
34806 ms [UE 37145] UL Throughput = 0.00000 Mbps
34868 ms [UE 46152] UL Throughput = 0.00000 Mbps
34868 ms [UE 40696] UL Throughput = 0.00000 Mbps
34868 ms [UE 55444] UL Throughput = 0.00000 Mbps
34917 ms [UE 10443] UL Throughput = 0.00000 Mbps
34917 ms [UE 44997] UL Throughput = 0.00000 Mbps
34917 ms [UE 57997] UL Throughput = 0.00000 Mbps
34917 ms [UE 37145] UL Throughput = 0.00000 Mbps
34969 ms [UE 46152] UL Throughput = 0.00000 Mbps
34969 ms [UE 40696] UL Throughput = 0.07612 Mbps
34969 ms [UE 55444] UL Throughput = 0.00000 Mbps
35026 ms [UE 10443] UL Throughput = 0.00000 Mbps
35026 ms [UE 44997] UL Throughput = 0.00000 Mbps
35026 ms [UE 57997] UL Throughput = 0.00000 Mbps
35026 ms [UE 37145] UL Throughput = 0.00000 Mbps
35078 ms [UE 46152] UL Throughput = 0.44124 Mbps
35078 ms [UE 40696] UL Throughput = 0.31893 Mbps
35078 ms [UE 55444] UL Throughput = 0.00000 Mbps
35136 ms [UE 10443] UL Throughput = 0.00000 Mbps
35136 ms [UE 44997] UL Throughput = 0.00000 Mbps
35136 ms [UE 57997] UL Throughput = 0.00000 Mbps
35136 ms [UE 37145] UL Throughput = 0.00000 Mbps
35179 ms [UE 46152] UL Throughput = 0.00000 Mbps
35179 ms [UE 40696] UL Throughput = 0.00000 Mbps
35179 ms [UE 55444] UL Throughput = 0.00000 Mbps
35236 ms [UE 10443] UL Throughput = 0.00000 Mbps
35236 ms [UE 44997] UL Throughput = 0.00000 Mbps
35236 ms [UE 57997] UL Throughput = 0.00000 Mbps
35236 ms [UE 37145] UL Throughput = 0.00000 Mbps
35289 ms [UE 46152] UL Throughput = 0.00000 Mbps
35289 ms [UE 40696] UL Throughput = 0.00000 Mbps
35289 ms [UE 55444] UL Throughput = 0.00000 Mbps
35336 ms [UE 10443] UL Throughput = 0.00000 Mbps
35336 ms [UE 44997] UL Throughput = 0.00000 Mbps
35336 ms [UE 57997] UL Throughput = 0.00000 Mbps
35336 ms [UE 37145] UL Throughput = 0.00000 Mbps
35389 ms [UE 46152] UL Throughput = 0.48148 Mbps
35389 ms [UE 40696] UL Throughput = 0.00000 Mbps
35389 ms [UE 55444] UL Throughput = 0.00000 Mbps
35445 ms [UE 10443] UL Throughput = 0.00000 Mbps
35445 ms [UE 44997] UL Throughput = 0.00000 Mbps
35445 ms [UE 57997] UL Throughput = 0.00000 Mbps
35445 ms [UE 37145] UL Throughput = 0.00000 Mbps
35499 ms [UE 46152] UL Throughput = 0.00000 Mbps
35499 ms [UE 40696] UL Throughput = 0.00000 Mbps
35499 ms [UE 55444] UL Throughput = 0.00000 Mbps
35546 ms [UE 10443] UL Throughput = 0.00000 Mbps
35546 ms [UE 44997] UL Throughput = 0.00000 Mbps
35546 ms [UE 57997] UL Throughput = 0.00000 Mbps
35546 ms [UE 37145] UL Throughput = 0.00000 Mbps
35599 ms [UE 46152] UL Throughput = 0.00000 Mbps
35599 ms [UE 40696] UL Throughput = 0.42161 Mbps
35599 ms [UE 55444] UL Throughput = 0.00000 Mbps
35641 ms | now=1755823077474194 us | PDCP ind_msg latency=71954612 us
35646 ms [UE 10443] UL Throughput = 0.00000 Mbps
35646 ms [UE 44997] UL Throughput = 0.00000 Mbps
35646 ms [UE 57997] UL Throughput = 0.00000 Mbps
35646 ms [UE 37145] UL Throughput = 0.00000 Mbps
35708 ms [UE 46152] UL Throughput = 0.00000 Mbps
35708 ms [UE 40696] UL Throughput = 0.00000 Mbps
35708 ms [UE 55444] UL Throughput = 0.00000 Mbps
35756 ms [UE 10443] UL Throughput = 0.00000 Mbps
35756 ms [UE 44997] UL Throughput = 0.00000 Mbps
35756 ms [UE 57997] UL Throughput = 0.00000 Mbps
35756 ms [UE 37145] UL Throughput = 0.00000 Mbps
35818 ms [UE 46152] UL Throughput = 0.00000 Mbps
35818 ms [UE 40696] UL Throughput = 0.00000 Mbps
35818 ms [UE 55444] UL Throughput = 0.00000 Mbps
35856 ms [UE 10443] UL Throughput = 0.00000 Mbps
35856 ms [UE 44997] UL Throughput = 0.00000 Mbps
35856 ms [UE 57997] UL Throughput = 0.00000 Mbps
35856 ms [UE 37145] UL Throughput = 0.00000 Mbps
35920 ms [UE 46152] UL Throughput = 0.57811 Mbps
35920 ms [UE 40696] UL Throughput = 0.30782 Mbps
35920 ms [UE 55444] UL Throughput = 0.00000 Mbps
35957 ms [UE 10443] UL Throughput = 0.00000 Mbps
35957 ms [UE 44997] UL Throughput = 0.00000 Mbps
35957 ms [UE 57997] UL Throughput = 0.00000 Mbps
35957 ms [UE 37145] UL Throughput = 0.00000 Mbps
36028 ms [UE 46152] UL Throughput = 0.00000 Mbps
36028 ms [UE 40696] UL Throughput = 0.00000 Mbps
36028 ms [UE 55444] UL Throughput = 0.00000 Mbps
36067 ms [UE 10443] UL Throughput = 0.00000 Mbps
36067 ms [UE 44997] UL Throughput = 0.00000 Mbps
36067 ms [UE 57997] UL Throughput = 0.00000 Mbps
36067 ms [UE 37145] UL Throughput = 0.00000 Mbps
36128 ms [UE 46152] UL Throughput = 0.00000 Mbps
36128 ms [UE 40696] UL Throughput = 0.00000 Mbps
36128 ms [UE 55444] UL Throughput = 0.00000 Mbps
36176 ms [UE 10443] UL Throughput = 0.00000 Mbps
36176 ms [UE 44997] UL Throughput = 0.00000 Mbps
36176 ms [UE 57997] UL Throughput = 0.00000 Mbps
36176 ms [UE 37145] UL Throughput = 0.00000 Mbps
36229 ms [UE 46152] UL Throughput = 0.47829 Mbps
36229 ms [UE 40696] UL Throughput = 0.00000 Mbps
36229 ms [UE 55444] UL Throughput = 0.00000 Mbps
36285 ms [UE 10443] UL Throughput = 0.00000 Mbps
36285 ms [UE 44997] UL Throughput = 0.00175 Mbps
36285 ms [UE 57997] UL Throughput = 0.00772 Mbps
36285 ms [UE 37145] UL Throughput = 0.00772 Mbps
36338 ms [UE 46152] UL Throughput = 0.00000 Mbps
36338 ms [UE 40696] UL Throughput = 0.00000 Mbps
36338 ms [UE 55444] UL Throughput = 0.00000 Mbps
36386 ms [UE 10443] UL Throughput = 0.00000 Mbps
36386 ms [UE 44997] UL Throughput = 0.00000 Mbps
36386 ms [UE 57997] UL Throughput = 0.00000 Mbps
36386 ms [UE 37145] UL Throughput = 0.00000 Mbps
36438 ms [UE 46152] UL Throughput = 0.00000 Mbps
36438 ms [UE 40696] UL Throughput = 0.42424 Mbps
36438 ms [UE 55444] UL Throughput = 0.00000 Mbps
36487 ms [UE 10443] UL Throughput = 0.00000 Mbps
36487 ms [UE 44997] UL Throughput = 0.00000 Mbps
36487 ms [UE 57997] UL Throughput = 0.00000 Mbps
36487 ms [UE 37145] UL Throughput = 0.00000 Mbps
36539 ms [UE 46152] UL Throughput = 0.00000 Mbps
36539 ms [UE 40696] UL Throughput = 0.00000 Mbps
36539 ms [UE 55444] UL Throughput = 0.00000 Mbps
36598 ms [UE 10443] UL Throughput = 0.00173 Mbps
36598 ms [UE 44997] UL Throughput = 0.00000 Mbps
36598 ms [UE 57997] UL Throughput = 0.00764 Mbps
36598 ms [UE 37145] UL Throughput = 0.00764 Mbps
36639 ms [UE 46152] UL Throughput = 0.00000 Mbps
36639 ms [UE 40696] UL Throughput = 0.00000 Mbps
36639 ms [UE 55444] UL Throughput = 0.00000 Mbps
36706 ms [UE 10443] UL Throughput = 0.00000 Mbps
36706 ms [UE 44997] UL Throughput = 0.00000 Mbps
36706 ms [UE 57997] UL Throughput = 0.00000 Mbps
36706 ms [UE 37145] UL Throughput = 0.00000 Mbps
36720 ms | now=1755823078553528 us | PDCP ind_msg latency=71954210 us
36750 ms [UE 46152] UL Throughput = 0.52867 Mbps
36750 ms [UE 40696] UL Throughput = 0.31371 Mbps
36750 ms [UE 55444] UL Throughput = 0.00000 Mbps
36807 ms [UE 10443] UL Throughput = 0.00000 Mbps
36807 ms [UE 44997] UL Throughput = 0.00000 Mbps
36807 ms [UE 57997] UL Throughput = 0.00000 Mbps
36807 ms [UE 37145] UL Throughput = 0.00000 Mbps
36859 ms [UE 46152] UL Throughput = 0.00000 Mbps
36859 ms [UE 40696] UL Throughput = 0.00000 Mbps
36859 ms [UE 55444] UL Throughput = 0.00000 Mbps
36916 ms [UE 10443] UL Throughput = 0.00000 Mbps
36916 ms [UE 44997] UL Throughput = 0.00000 Mbps
36916 ms [UE 57997] UL Throughput = 0.00775 Mbps
36916 ms [UE 37145] UL Throughput = 0.00000 Mbps
36968 ms [UE 46152] UL Throughput = 0.00000 Mbps
36968 ms [UE 40696] UL Throughput = 0.00000 Mbps
36968 ms [UE 55444] UL Throughput = 0.00000 Mbps
37026 ms [UE 10443] UL Throughput = 0.00000 Mbps
37026 ms [UE 44997] UL Throughput = 0.00000 Mbps
37026 ms [UE 57997] UL Throughput = 0.00000 Mbps
37026 ms [UE 37145] UL Throughput = 0.00000 Mbps
37079 ms [UE 46152] UL Throughput = 0.38935 Mbps
37079 ms [UE 40696] UL Throughput = 0.00000 Mbps
37079 ms [UE 55444] UL Throughput = 0.00000 Mbps
37126 ms [UE 10443] UL Throughput = 0.00000 Mbps
37126 ms [UE 44997] UL Throughput = 0.00000 Mbps
37126 ms [UE 57997] UL Throughput = 0.00000 Mbps
37126 ms [UE 37145] UL Throughput = 0.00000 Mbps
37188 ms [UE 46152] UL Throughput = 0.00000 Mbps
37188 ms [UE 40696] UL Throughput = 0.00000 Mbps
37188 ms [UE 55444] UL Throughput = 0.00000 Mbps
37226 ms [UE 10443] UL Throughput = 0.00000 Mbps
37226 ms [UE 44997] UL Throughput = 0.00000 Mbps
37226 ms [UE 57997] UL Throughput = 0.00000 Mbps
37226 ms [UE 37145] UL Throughput = 0.00000 Mbps
37298 ms [UE 46152] UL Throughput = 0.43867 Mbps
37298 ms [UE 40696] UL Throughput = 0.38701 Mbps
37298 ms [UE 55444] UL Throughput = 0.00000 Mbps
37336 ms [UE 10443] UL Throughput = 0.00000 Mbps
37336 ms [UE 44997] UL Throughput = 0.00000 Mbps
37336 ms [UE 57997] UL Throughput = 0.00000 Mbps
37336 ms [UE 37145] UL Throughput = 0.00000 Mbps
37399 ms [UE 46152] UL Throughput = 0.00000 Mbps
37399 ms [UE 40696] UL Throughput = 0.00000 Mbps
37399 ms [UE 55444] UL Throughput = 0.00000 Mbps
37437 ms [UE 10443] UL Throughput = 0.00000 Mbps
37437 ms [UE 44997] UL Throughput = 0.00000 Mbps
37437 ms [UE 57997] UL Throughput = 0.00000 Mbps
37437 ms [UE 37145] UL Throughput = 0.00000 Mbps
37510 ms [UE 46152] UL Throughput = 0.00000 Mbps
37510 ms [UE 40696] UL Throughput = 0.06933 Mbps
37510 ms [UE 55444] UL Throughput = 0.00000 Mbps
37546 ms [UE 10443] UL Throughput = 0.00000 Mbps
37546 ms [UE 44997] UL Throughput = 0.00000 Mbps
37546 ms [UE 57997] UL Throughput = 0.00000 Mbps
37546 ms [UE 37145] UL Throughput = 0.00000 Mbps
37619 ms [UE 46152] UL Throughput = 0.00000 Mbps
37619 ms [UE 40696] UL Throughput = 0.31916 Mbps
37619 ms [UE 55444] UL Throughput = 0.00000 Mbps
37655 ms [UE 10443] UL Throughput = 0.00000 Mbps
37655 ms [UE 44997] UL Throughput = 0.00000 Mbps
37655 ms [UE 57997] UL Throughput = 0.00000 Mbps
37655 ms [UE 37145] UL Throughput = 0.00000 Mbps
37719 ms [UE 46152] UL Throughput = 0.00000 Mbps
37719 ms [UE 40696] UL Throughput = 0.00000 Mbps
37719 ms [UE 55444] UL Throughput = 0.00000 Mbps
37756 ms [UE 10443] UL Throughput = 0.00000 Mbps
37756 ms [UE 44997] UL Throughput = 0.00000 Mbps
37756 ms [UE 57997] UL Throughput = 0.00000 Mbps
37756 ms [UE 37145] UL Throughput = 0.00000 Mbps
37776 ms | now=1755823079609885 us | PDCP ind_msg latency=71954301 us
37820 ms [UE 46152] UL Throughput = 0.10416 Mbps
37820 ms [UE 40696] UL Throughput = 0.00000 Mbps
37820 ms [UE 55444] UL Throughput = 0.00000 Mbps
37856 ms [UE 10443] UL Throughput = 0.00000 Mbps
37856 ms [UE 44997] UL Throughput = 0.00000 Mbps
37856 ms [UE 57997] UL Throughput = 0.00000 Mbps
37856 ms [UE 37145] UL Throughput = 0.00000 Mbps
37929 ms [UE 46152] UL Throughput = 0.44132 Mbps
37929 ms [UE 40696] UL Throughput = 0.00000 Mbps
37929 ms [UE 55444] UL Throughput = 0.00000 Mbps
37958 ms [UE 10443] UL Throughput = 0.00000 Mbps
37958 ms [UE 44997] UL Throughput = 0.00000 Mbps
37958 ms [UE 57997] UL Throughput = 0.00000 Mbps
37958 ms [UE 37145] UL Throughput = 0.00000 Mbps
38030 ms [UE 46152] UL Throughput = 0.00000 Mbps
38030 ms [UE 40696] UL Throughput = 0.00000 Mbps
38030 ms [UE 55444] UL Throughput = 0.00000 Mbps
38067 ms [UE 10443] UL Throughput = 0.00175 Mbps
38067 ms [UE 44997] UL Throughput = 0.00000 Mbps
38067 ms [UE 57997] UL Throughput = 0.00774 Mbps
38067 ms [UE 37145] UL Throughput = 0.00000 Mbps
38138 ms [UE 46152] UL Throughput = 0.00000 Mbps
38138 ms [UE 40696] UL Throughput = 0.39172 Mbps
38138 ms [UE 55444] UL Throughput = 0.00000 Mbps
38176 ms [UE 10443] UL Throughput = 0.00000 Mbps
38176 ms [UE 44997] UL Throughput = 0.00000 Mbps
38176 ms [UE 57997] UL Throughput = 0.00000 Mbps
38176 ms [UE 37145] UL Throughput = 0.00000 Mbps
38239 ms [UE 46152] UL Throughput = 0.00000 Mbps
38239 ms [UE 40696] UL Throughput = 0.00000 Mbps
38239 ms [UE 55444] UL Throughput = 0.00000 Mbps
38276 ms [UE 10443] UL Throughput = 0.00000 Mbps
38276 ms [UE 44997] UL Throughput = 0.00000 Mbps
38276 ms [UE 57997] UL Throughput = 0.00000 Mbps
38276 ms [UE 37145] UL Throughput = 0.00000 Mbps
38340 ms [UE 46152] UL Throughput = 0.00000 Mbps
38340 ms [UE 40696] UL Throughput = 0.00000 Mbps
38340 ms [UE 55444] UL Throughput = 0.00000 Mbps
38386 ms [UE 10443] UL Throughput = 0.00000 Mbps
38386 ms [UE 44997] UL Throughput = 0.00000 Mbps
38386 ms [UE 57997] UL Throughput = 0.00000 Mbps
38386 ms [UE 37145] UL Throughput = 0.00000 Mbps
38440 ms [UE 46152] UL Throughput = 0.54196 Mbps
38440 ms [UE 40696] UL Throughput = 0.00000 Mbps
38440 ms [UE 55444] UL Throughput = 0.00000 Mbps
38496 ms [UE 10443] UL Throughput = 0.00000 Mbps
38496 ms [UE 44997] UL Throughput = 0.00000 Mbps
38496 ms [UE 57997] UL Throughput = 0.00000 Mbps
38496 ms [UE 37145] UL Throughput = 0.00000 Mbps
38551 ms [UE 46152] UL Throughput = 0.00000 Mbps
38551 ms [UE 40696] UL Throughput = 0.00000 Mbps
38551 ms [UE 55444] UL Throughput = 0.00000 Mbps
38596 ms [UE 10443] UL Throughput = 0.00192 Mbps
38596 ms [UE 44997] UL Throughput = 0.00000 Mbps
38596 ms [UE 57997] UL Throughput = 0.00000 Mbps
38596 ms [UE 37145] UL Throughput = 0.00000 Mbps
38659 ms [UE 46152] UL Throughput = 0.00000 Mbps
38659 ms [UE 40696] UL Throughput = 0.00000 Mbps
38659 ms [UE 55444] UL Throughput = 0.00000 Mbps
38696 ms [UE 10443] UL Throughput = 0.00000 Mbps
38696 ms [UE 44997] UL Throughput = 0.00000 Mbps
38696 ms [UE 57997] UL Throughput = 0.00000 Mbps
38696 ms [UE 37145] UL Throughput = 0.00000 Mbps
38768 ms [UE 46152] UL Throughput = 0.40099 Mbps
38768 ms [UE 40696] UL Throughput = 0.36370 Mbps
38768 ms [UE 55444] UL Throughput = 0.00000 Mbps
38796 ms [UE 10443] UL Throughput = 0.00000 Mbps
38796 ms [UE 44997] UL Throughput = 0.00000 Mbps
38796 ms [UE 57997] UL Throughput = 0.00000 Mbps
38796 ms [UE 37145] UL Throughput = 0.00000 Mbps
38831 ms | now=1755823080665170 us | PDCP ind_msg latency=71953865 us
38878 ms [UE 46152] UL Throughput = 0.00000 Mbps
38878 ms [UE 40696] UL Throughput = 0.00000 Mbps
38878 ms [UE 55444] UL Throughput = 0.00000 Mbps
38897 ms [UE 10443] UL Throughput = 0.00000 Mbps
38897 ms [UE 44997] UL Throughput = 0.00000 Mbps
38897 ms [UE 57997] UL Throughput = 0.00000 Mbps
38897 ms [UE 37145] UL Throughput = 0.00000 Mbps
38979 ms [UE 46152] UL Throughput = 0.00000 Mbps
38979 ms [UE 40696] UL Throughput = 0.00000 Mbps
38979 ms [UE 55444] UL Throughput = 0.00000 Mbps
39006 ms [UE 10443] UL Throughput = 0.00000 Mbps
39006 ms [UE 44997] UL Throughput = 0.00000 Mbps
39006 ms [UE 57997] UL Throughput = 0.00000 Mbps
39006 ms [UE 37145] UL Throughput = 0.00000 Mbps
39089 ms [UE 46152] UL Throughput = 0.00000 Mbps
39089 ms [UE 40696] UL Throughput = 0.31746 Mbps
39089 ms [UE 55444] UL Throughput = 0.00000 Mbps
39106 ms [UE 10443] UL Throughput = 0.00000 Mbps
39106 ms [UE 44997] UL Throughput = 0.00000 Mbps
39106 ms [UE 57997] UL Throughput = 0.00000 Mbps
39106 ms [UE 37145] UL Throughput = 0.00000 Mbps
39189 ms [UE 46152] UL Throughput = 0.00000 Mbps
39189 ms [UE 40696] UL Throughput = 0.00000 Mbps
39189 ms [UE 55444] UL Throughput = 0.00000 Mbps
39216 ms [UE 10443] UL Throughput = 0.00000 Mbps
39216 ms [UE 44997] UL Throughput = 0.00000 Mbps
39216 ms [UE 57997] UL Throughput = 0.00000 Mbps
39216 ms [UE 37145] UL Throughput = 0.00000 Mbps
39291 ms [UE 46152] UL Throughput = 0.57666 Mbps
39291 ms [UE 40696] UL Throughput = 0.00000 Mbps
39291 ms [UE 55444] UL Throughput = 0.00000 Mbps
39317 ms [UE 10443] UL Throughput = 0.00000 Mbps
39317 ms [UE 44997] UL Throughput = 0.00000 Mbps
39317 ms [UE 57997] UL Throughput = 0.00000 Mbps
39317 ms [UE 37145] UL Throughput = 0.00000 Mbps
39399 ms [UE 46152] UL Throughput = 0.00000 Mbps
39399 ms [UE 40696] UL Throughput = 0.28958 Mbps
39399 ms [UE 55444] UL Throughput = 0.00000 Mbps
39427 ms [UE 10443] UL Throughput = 0.00000 Mbps
39427 ms [UE 44997] UL Throughput = 0.00000 Mbps
39427 ms [UE 57997] UL Throughput = 0.00000 Mbps
39427 ms [UE 37145] UL Throughput = 0.00000 Mbps
39509 ms [UE 46152] UL Throughput = 0.00000 Mbps
39509 ms [UE 40696] UL Throughput = 0.00000 Mbps
39509 ms [UE 55444] UL Throughput = 0.00000 Mbps
39536 ms [UE 10443] UL Throughput = 0.00000 Mbps
39536 ms [UE 44997] UL Throughput = 0.00000 Mbps
39536 ms [UE 57997] UL Throughput = 0.00000 Mbps
39536 ms [UE 37145] UL Throughput = 0.00000 Mbps
39620 ms [UE 46152] UL Throughput = 0.43508 Mbps
39620 ms [UE 40696] UL Throughput = 0.00000 Mbps
39620 ms [UE 55444] UL Throughput = 0.00000 Mbps
39646 ms [UE 10443] UL Throughput = 0.00000 Mbps
39646 ms [UE 44997] UL Throughput = 0.00000 Mbps
39646 ms [UE 57997] UL Throughput = 0.00000 Mbps
39646 ms [UE 37145] UL Throughput = 0.00000 Mbps
39728 ms [UE 46152] UL Throughput = 0.00000 Mbps
39728 ms [UE 40696] UL Throughput = 0.00000 Mbps
39728 ms [UE 55444] UL Throughput = 0.00000 Mbps
39755 ms [UE 10443] UL Throughput = 0.00000 Mbps
39755 ms [UE 44997] UL Throughput = 0.00000 Mbps
39755 ms [UE 57997] UL Throughput = 0.00000 Mbps
39755 ms [UE 37145] UL Throughput = 0.00000 Mbps
39829 ms [UE 46152] UL Throughput = 0.00000 Mbps
39829 ms [UE 40696] UL Throughput = 0.00000 Mbps
39829 ms [UE 55444] UL Throughput = 0.00000 Mbps
39856 ms [UE 10443] UL Throughput = 0.00000 Mbps
39856 ms [UE 44997] UL Throughput = 0.00000 Mbps
39856 ms [UE 57997] UL Throughput = 0.00000 Mbps
39856 ms [UE 37145] UL Throughput = 0.00000 Mbps
39890 ms | now=1755823081723407 us | PDCP ind_msg latency=71954020 us
39939 ms [UE 46152] UL Throughput = 0.00000 Mbps
39939 ms [UE 40696] UL Throughput = 0.38609 Mbps
39939 ms [UE 55444] UL Throughput = 0.00000 Mbps
39966 ms [UE 10443] UL Throughput = 0.00000 Mbps
39966 ms [UE 44997] UL Throughput = 0.00000 Mbps
39966 ms [UE 57997] UL Throughput = 0.00000 Mbps
39966 ms [UE 37145] UL Throughput = 0.00000 Mbps
40048 ms [UE 46152] UL Throughput = 0.00000 Mbps
40048 ms [UE 40696] UL Throughput = 0.00000 Mbps
40048 ms [UE 55444] UL Throughput = 0.00000 Mbps
40067 ms [UE 10443] UL Throughput = 0.00000 Mbps
40067 ms [UE 44997] UL Throughput = 0.00000 Mbps
40067 ms [UE 57997] UL Throughput = 0.00000 Mbps
40067 ms [UE 37145] UL Throughput = 0.00000 Mbps
40149 ms [UE 46152] UL Throughput = 0.10456 Mbps
40149 ms [UE 40696] UL Throughput = 0.00000 Mbps
40149 ms [UE 55444] UL Throughput = 0.00000 Mbps
40176 ms [UE 10443] UL Throughput = 0.00000 Mbps
40176 ms [UE 44997] UL Throughput = 0.00000 Mbps
40176 ms [UE 57997] UL Throughput = 0.00000 Mbps
40176 ms [UE 37145] UL Throughput = 0.00000 Mbps
40249 ms [UE 46152] UL Throughput = 0.48030 Mbps
40249 ms [UE 40696] UL Throughput = 0.34716 Mbps
40249 ms [UE 55444] UL Throughput = 0.00000 Mbps
40285 ms [UE 10443] UL Throughput = 0.00000 Mbps
40285 ms [UE 44997] UL Throughput = 0.00000 Mbps
40285 ms [UE 57997] UL Throughput = 0.00000 Mbps
40285 ms [UE 37145] UL Throughput = 0.00000 Mbps
40359 ms [UE 46152] UL Throughput = 0.00000 Mbps
40359 ms [UE 40696] UL Throughput = 0.00000 Mbps
40359 ms [UE 55444] UL Throughput = 0.00000 Mbps
40397 ms [UE 10443] UL Throughput = 0.00000 Mbps
40397 ms [UE 44997] UL Throughput = 0.00000 Mbps
40397 ms [UE 57997] UL Throughput = 0.00000 Mbps
40397 ms [UE 37145] UL Throughput = 0.00000 Mbps
40469 ms [UE 46152] UL Throughput = 0.00000 Mbps
40469 ms [UE 40696] UL Throughput = 0.00000 Mbps
40469 ms [UE 55444] UL Throughput = 0.00000 Mbps
40506 ms [UE 10443] UL Throughput = 0.00000 Mbps
40506 ms [UE 44997] UL Throughput = 0.00000 Mbps
40506 ms [UE 57997] UL Throughput = 0.00000 Mbps
40506 ms [UE 37145] UL Throughput = 0.00000 Mbps
40579 ms [UE 46152] UL Throughput = 0.39218 Mbps
40579 ms [UE 40696] UL Throughput = 0.00000 Mbps
40579 ms [UE 55444] UL Throughput = 0.00000 Mbps
40616 ms [UE 10443] UL Throughput = 0.00000 Mbps
40616 ms [UE 44997] UL Throughput = 0.00000 Mbps
40616 ms [UE 57997] UL Throughput = 0.00000 Mbps
40616 ms [UE 37145] UL Throughput = 0.00000 Mbps
40679 ms [UE 46152] UL Throughput = 0.00000 Mbps
40679 ms [UE 40696] UL Throughput = 0.00000 Mbps
40679 ms [UE 55444] UL Throughput = 0.00000 Mbps
40716 ms [UE 10443] UL Throughput = 0.00000 Mbps
40716 ms [UE 44997] UL Throughput = 0.00000 Mbps
40716 ms [UE 57997] UL Throughput = 0.00000 Mbps
40716 ms [UE 37145] UL Throughput = 0.00000 Mbps
40789 ms [UE 46152] UL Throughput = 0.43714 Mbps
40789 ms [UE 40696] UL Throughput = 0.38566 Mbps
40789 ms [UE 55444] UL Throughput = 0.00000 Mbps
40816 ms [UE 10443] UL Throughput = 0.00000 Mbps
40816 ms [UE 44997] UL Throughput = 0.00000 Mbps
40816 ms [UE 57997] UL Throughput = 0.00000 Mbps
40816 ms [UE 37145] UL Throughput = 0.00000 Mbps
40890 ms [UE 46152] UL Throughput = 0.00000 Mbps
40890 ms [UE 40696] UL Throughput = 0.00000 Mbps
40890 ms [UE 55444] UL Throughput = 0.00000 Mbps
40926 ms [UE 10443] UL Throughput = 0.00000 Mbps
40926 ms [UE 44997] UL Throughput = 0.00175 Mbps
40926 ms [UE 57997] UL Throughput = 0.00773 Mbps
40926 ms [UE 37145] UL Throughput = 0.00773 Mbps
40953 ms | now=1755823082786530 us | PDCP ind_msg latency=71955226 us
40999 ms [UE 46152] UL Throughput = 0.00000 Mbps
40999 ms [UE 40696] UL Throughput = 0.07025 Mbps
40999 ms [UE 55444] UL Throughput = 0.00000 Mbps
41036 ms [UE 10443] UL Throughput = 0.00000 Mbps
41036 ms [UE 44997] UL Throughput = 0.00000 Mbps
41036 ms [UE 57997] UL Throughput = 0.00000 Mbps
41036 ms [UE 37145] UL Throughput = 0.00000 Mbps
41102 ms [UE 46152] UL Throughput = 0.46807 Mbps
41102 ms [UE 40696] UL Throughput = 0.00000 Mbps
41102 ms [UE 55444] UL Throughput = 0.00000 Mbps
41136 ms [UE 10443] UL Throughput = 0.00000 Mbps
41136 ms [UE 44997] UL Throughput = 0.00000 Mbps
41136 ms [UE 57997] UL Throughput = 0.00000 Mbps
41136 ms [UE 37145] UL Throughput = 0.00000 Mbps
41209 ms [UE 46152] UL Throughput = 0.00000 Mbps
41209 ms [UE 40696] UL Throughput = 0.00000 Mbps
41209 ms [UE 55444] UL Throughput = 0.00000 Mbps
41247 ms [UE 10443] UL Throughput = 0.00174 Mbps
41247 ms [UE 44997] UL Throughput = 0.00000 Mbps
41247 ms [UE 57997] UL Throughput = 0.00767 Mbps
41247 ms [UE 37145] UL Throughput = 0.00767 Mbps
41320 ms [UE 46152] UL Throughput = 0.00000 Mbps
41320 ms [UE 40696] UL Throughput = 0.00000 Mbps
41320 ms [UE 55444] UL Throughput = 0.00000 Mbps
41356 ms [UE 10443] UL Throughput = 0.00000 Mbps
41356 ms [UE 44997] UL Throughput = 0.00000 Mbps
41356 ms [UE 57997] UL Throughput = 0.00000 Mbps
41356 ms [UE 37145] UL Throughput = 0.00000 Mbps
41428 ms [UE 46152] UL Throughput = 0.00000 Mbps
41428 ms [UE 40696] UL Throughput = 0.32298 Mbps
41428 ms [UE 55444] UL Throughput = 0.00000 Mbps
41466 ms [UE 10443] UL Throughput = 0.00000 Mbps
41466 ms [UE 44997] UL Throughput = 0.00000 Mbps
41466 ms [UE 57997] UL Throughput = 0.00000 Mbps
41466 ms [UE 37145] UL Throughput = 0.00000 Mbps
41529 ms [UE 46152] UL Throughput = 0.00000 Mbps
41529 ms [UE 40696] UL Throughput = 0.00000 Mbps
41529 ms [UE 55444] UL Throughput = 0.00000 Mbps
41566 ms [UE 10443] UL Throughput = 0.00000 Mbps
41566 ms [UE 44997] UL Throughput = 0.00000 Mbps
41566 ms [UE 57997] UL Throughput = 0.00847 Mbps
41566 ms [UE 37145] UL Throughput = 0.00000 Mbps
41639 ms [UE 46152] UL Throughput = 0.53506 Mbps
41639 ms [UE 40696] UL Throughput = 0.00000 Mbps
41639 ms [UE 55444] UL Throughput = 0.00000 Mbps
41666 ms [UE 10443] UL Throughput = 0.00000 Mbps
41666 ms [UE 44997] UL Throughput = 0.00000 Mbps
41666 ms [UE 57997] UL Throughput = 0.00000 Mbps
41666 ms [UE 37145] UL Throughput = 0.00000 Mbps
41749 ms [UE 46152] UL Throughput = 0.00000 Mbps
41749 ms [UE 40696] UL Throughput = 0.28384 Mbps
41749 ms [UE 55444] UL Throughput = 0.00000 Mbps
41777 ms [UE 10443] UL Throughput = 0.00000 Mbps
41777 ms [UE 44997] UL Throughput = 0.00000 Mbps
41777 ms [UE 57997] UL Throughput = 0.00000 Mbps
41777 ms [UE 37145] UL Throughput = 0.00000 Mbps
41851 ms [UE 46152] UL Throughput = 0.00000 Mbps
41851 ms [UE 40696] UL Throughput = 0.00000 Mbps
41851 ms [UE 55444] UL Throughput = 0.00000 Mbps
41886 ms [UE 10443] UL Throughput = 0.00000 Mbps
41886 ms [UE 44997] UL Throughput = 0.00000 Mbps
41886 ms [UE 57997] UL Throughput = 0.00000 Mbps
41886 ms [UE 37145] UL Throughput = 0.00000 Mbps
41959 ms [UE 46152] UL Throughput = 0.00000 Mbps
41959 ms [UE 40696] UL Throughput = 0.32408 Mbps
41959 ms [UE 55444] UL Throughput = 0.00000 Mbps
41986 ms | now=1755823083819301 us | PDCP ind_msg latency=71954010 us
41996 ms [UE 10443] UL Throughput = 0.00000 Mbps
41996 ms [UE 44997] UL Throughput = 0.00000 Mbps
41996 ms [UE 57997] UL Throughput = 0.00000 Mbps
41996 ms [UE 37145] UL Throughput = 0.00000 Mbps
42069 ms [UE 46152] UL Throughput = 0.00000 Mbps
42069 ms [UE 40696] UL Throughput = 0.00000 Mbps
42069 ms [UE 55444] UL Throughput = 0.00000 Mbps
42096 ms [UE 10443] UL Throughput = 0.00000 Mbps
42096 ms [UE 44997] UL Throughput = 0.00000 Mbps
42096 ms [UE 57997] UL Throughput = 0.00000 Mbps
42096 ms [UE 37145] UL Throughput = 0.00000 Mbps
42169 ms [UE 46152] UL Throughput = 0.58320 Mbps
42169 ms [UE 40696] UL Throughput = 0.00000 Mbps
42169 ms [UE 55444] UL Throughput = 0.00000 Mbps
42197 ms [UE 10443] UL Throughput = 0.00000 Mbps
42197 ms [UE 44997] UL Throughput = 0.00000 Mbps
42197 ms [UE 57997] UL Throughput = 0.00000 Mbps
42197 ms [UE 37145] UL Throughput = 0.00000 Mbps
42278 ms [UE 46152] UL Throughput = 0.00000 Mbps
42278 ms [UE 40696] UL Throughput = 0.00000 Mbps
42278 ms [UE 55444] UL Throughput = 0.00000 Mbps
42306 ms [UE 10443] UL Throughput = 0.00000 Mbps
42306 ms [UE 44997] UL Throughput = 0.00000 Mbps
42306 ms [UE 57997] UL Throughput = 0.00000 Mbps
42306 ms [UE 37145] UL Throughput = 0.00000 Mbps
42380 ms [UE 46152] UL Throughput = 0.00000 Mbps
42380 ms [UE 40696] UL Throughput = 0.00000 Mbps
42380 ms [UE 55444] UL Throughput = 0.00000 Mbps
42406 ms [UE 10443] UL Throughput = 0.00000 Mbps
42406 ms [UE 44997] UL Throughput = 0.00000 Mbps
42406 ms [UE 57997] UL Throughput = 0.00000 Mbps
42406 ms [UE 37145] UL Throughput = 0.00000 Mbps
42488 ms [UE 46152] UL Throughput = 0.44278 Mbps
42488 ms [UE 40696] UL Throughput = 0.39064 Mbps
42488 ms [UE 55444] UL Throughput = 0.00000 Mbps
42507 ms [UE 10443] UL Throughput = 0.00000 Mbps
42507 ms [UE 44997] UL Throughput = 0.00000 Mbps
42507 ms [UE 57997] UL Throughput = 0.00000 Mbps
42507 ms [UE 37145] UL Throughput = 0.00000 Mbps
42590 ms [UE 46152] UL Throughput = 0.00000 Mbps
42590 ms [UE 40696] UL Throughput = 0.00000 Mbps
42590 ms [UE 55444] UL Throughput = 0.00000 Mbps
42616 ms [UE 10443] UL Throughput = 0.00000 Mbps
42616 ms [UE 44997] UL Throughput = 0.00000 Mbps
42616 ms [UE 57997] UL Throughput = 0.00000 Mbps
42616 ms [UE 37145] UL Throughput = 0.00000 Mbps
42698 ms [UE 46152] UL Throughput = 0.00000 Mbps
42698 ms [UE 40696] UL Throughput = 0.00000 Mbps
42698 ms [UE 55444] UL Throughput = 0.00000 Mbps
42725 ms [UE 10443] UL Throughput = 0.00000 Mbps
42725 ms [UE 44997] UL Throughput = 0.00000 Mbps
42725 ms [UE 57997] UL Throughput = 0.00000 Mbps
42725 ms [UE 37145] UL Throughput = 0.00000 Mbps
42799 ms [UE 46152] UL Throughput = 0.00000 Mbps
42799 ms [UE 40696] UL Throughput = 0.31096 Mbps
42799 ms [UE 55444] UL Throughput = 0.00000 Mbps
42831 ms [UE 10443] UL Throughput = 0.00000 Mbps
42831 ms [UE 44997] UL Throughput = 0.00000 Mbps
42831 ms [UE 57997] UL Throughput = 0.00000 Mbps
42831 ms [UE 37145] UL Throughput = 0.00000 Mbps
42909 ms [UE 46152] UL Throughput = 0.00000 Mbps
42909 ms [UE 40696] UL Throughput = 0.00000 Mbps
42909 ms [UE 55444] UL Throughput = 0.00000 Mbps
42935 ms [UE 10443] UL Throughput = 0.00000 Mbps
42935 ms [UE 44997] UL Throughput = 0.00000 Mbps
42935 ms [UE 57997] UL Throughput = 0.00000 Mbps
42935 ms [UE 37145] UL Throughput = 0.00000 Mbps
43009 ms [UE 46152] UL Throughput = 0.54424 Mbps
43009 ms [UE 40696] UL Throughput = 0.00000 Mbps
43009 ms [UE 55444] UL Throughput = 0.00000 Mbps
43014 ms | now=1755823084847283 us | PDCP ind_msg latency=71953935 us
43036 ms [UE 10443] UL Throughput = 0.00000 Mbps
43036 ms [UE 44997] UL Throughput = 0.00000 Mbps
43036 ms [UE 57997] UL Throughput = 0.00000 Mbps
43036 ms [UE 37145] UL Throughput = 0.00000 Mbps
43120 ms [UE 46152] UL Throughput = 0.00000 Mbps
43120 ms [UE 40696] UL Throughput = 0.00000 Mbps
43120 ms [UE 55444] UL Throughput = 0.00000 Mbps
43146 ms [UE 10443] UL Throughput = 0.00000 Mbps
43146 ms [UE 44997] UL Throughput = 0.00000 Mbps
43146 ms [UE 57997] UL Throughput = 0.00000 Mbps
43146 ms [UE 37145] UL Throughput = 0.00000 Mbps
43229 ms [UE 46152] UL Throughput = 0.00000 Mbps
43229 ms [UE 40696] UL Throughput = 0.00000 Mbps
43229 ms [UE 55444] UL Throughput = 0.00000 Mbps
43257 ms [UE 10443] UL Throughput = 0.00000 Mbps
43257 ms [UE 44997] UL Throughput = 0.00000 Mbps
43257 ms [UE 57997] UL Throughput = 0.00000 Mbps
43257 ms [UE 37145] UL Throughput = 0.00000 Mbps
43330 ms [UE 46152] UL Throughput = 0.44002 Mbps
43330 ms [UE 40696] UL Throughput = 0.07673 Mbps
43330 ms [UE 55444] UL Throughput = 0.00000 Mbps
43366 ms [UE 10443] UL Throughput = 0.00000 Mbps
43366 ms [UE 44997] UL Throughput = 0.00000 Mbps
43366 ms [UE 57997] UL Throughput = 0.00000 Mbps
43366 ms [UE 37145] UL Throughput = 0.00000 Mbps
43440 ms [UE 46152] UL Throughput = 0.00000 Mbps
43440 ms [UE 40696] UL Throughput = 0.00000 Mbps
43440 ms [UE 55444] UL Throughput = 0.00000 Mbps
43476 ms [UE 10443] UL Throughput = 0.00000 Mbps
43476 ms [UE 44997] UL Throughput = 0.00000 Mbps
43476 ms [UE 57997] UL Throughput = 0.00000 Mbps
43476 ms [UE 37145] UL Throughput = 0.00000 Mbps
43541 ms [UE 46152] UL Throughput = 0.00000 Mbps
43541 ms [UE 40696] UL Throughput = 0.00000 Mbps
43541 ms [UE 55444] UL Throughput = 0.00000 Mbps
43586 ms [UE 10443] UL Throughput = 0.00000 Mbps
43586 ms [UE 44997] UL Throughput = 0.00000 Mbps
43586 ms [UE 57997] UL Throughput = 0.00000 Mbps
43586 ms [UE 37145] UL Throughput = 0.00000 Mbps
43649 ms [UE 46152] UL Throughput = 0.00000 Mbps
43649 ms [UE 40696] UL Throughput = 0.32074 Mbps
43649 ms [UE 55444] UL Throughput = 0.00000 Mbps
43686 ms [UE 10443] UL Throughput = 0.00000 Mbps
43686 ms [UE 44997] UL Throughput = 0.00000 Mbps
43686 ms [UE 57997] UL Throughput = 0.00000 Mbps
43686 ms [UE 37145] UL Throughput = 0.00000 Mbps
43749 ms [UE 46152] UL Throughput = 0.00000 Mbps
43749 ms [UE 40696] UL Throughput = 0.00000 Mbps
43749 ms [UE 55444] UL Throughput = 0.00000 Mbps
43787 ms [UE 10443] UL Throughput = 0.00000 Mbps
43787 ms [UE 44997] UL Throughput = 0.00000 Mbps
43787 ms [UE 57997] UL Throughput = 0.00000 Mbps
43787 ms [UE 37145] UL Throughput = 0.00000 Mbps
43858 ms [UE 46152] UL Throughput = 0.09647 Mbps
43858 ms [UE 40696] UL Throughput = 0.00000 Mbps
43858 ms [UE 55444] UL Throughput = 0.00000 Mbps
43896 ms [UE 10443] UL Throughput = 0.00000 Mbps
43896 ms [UE 44997] UL Throughput = 0.00000 Mbps
43896 ms [UE 57997] UL Throughput = 0.00000 Mbps
43896 ms [UE 37145] UL Throughput = 0.00000 Mbps
43960 ms [UE 46152] UL Throughput = 0.42484 Mbps
43960 ms [UE 40696] UL Throughput = 0.31853 Mbps
43960 ms [UE 55444] UL Throughput = 0.00000 Mbps
43997 ms [UE 10443] UL Throughput = 0.00000 Mbps
43997 ms [UE 44997] UL Throughput = 0.00000 Mbps
43997 ms [UE 57997] UL Throughput = 0.00000 Mbps
43997 ms [UE 37145] UL Throughput = 0.00000 Mbps
44038 ms | now=1755823085871458 us | PDCP ind_msg latency=71954124 us
44069 ms [UE 46152] UL Throughput = 0.00000 Mbps
44069 ms [UE 40696] UL Throughput = 0.00000 Mbps
44069 ms [UE 55444] UL Throughput = 0.00000 Mbps
44106 ms [UE 10443] UL Throughput = 0.00000 Mbps
44106 ms [UE 44997] UL Throughput = 0.00000 Mbps
44106 ms [UE 57997] UL Throughput = 0.00000 Mbps
44106 ms [UE 37145] UL Throughput = 0.00000 Mbps
44179 ms [UE 46152] UL Throughput = 0.00000 Mbps
44179 ms [UE 40696] UL Throughput = 0.00000 Mbps
44179 ms [UE 55444] UL Throughput = 0.00000 Mbps
44206 ms [UE 10443] UL Throughput = 0.00000 Mbps
44206 ms [UE 44997] UL Throughput = 0.00000 Mbps
44206 ms [UE 57997] UL Throughput = 0.00000 Mbps
44206 ms [UE 37145] UL Throughput = 0.00000 Mbps
44279 ms [UE 46152] UL Throughput = 0.48018 Mbps
44279 ms [UE 40696] UL Throughput = 0.00000 Mbps
44279 ms [UE 55444] UL Throughput = 0.00000 Mbps
44307 ms [UE 10443] UL Throughput = 0.00000 Mbps
44307 ms [UE 44997] UL Throughput = 0.00000 Mbps
44307 ms [UE 57997] UL Throughput = 0.00000 Mbps
44307 ms [UE 37145] UL Throughput = 0.00000 Mbps
44388 ms [UE 46152] UL Throughput = 0.00000 Mbps
44388 ms [UE 40696] UL Throughput = 0.00000 Mbps
44388 ms [UE 55444] UL Throughput = 0.00000 Mbps
44416 ms [UE 10443] UL Throughput = 0.00000 Mbps
44416 ms [UE 44997] UL Throughput = 0.00000 Mbps
44416 ms [UE 57997] UL Throughput = 0.00000 Mbps
44416 ms [UE 37145] UL Throughput = 0.00000 Mbps
44489 ms [UE 46152] UL Throughput = 0.00000 Mbps
44489 ms [UE 40696] UL Throughput = 0.00000 Mbps
44489 ms [UE 55444] UL Throughput = 0.00000 Mbps
44527 ms [UE 10443] UL Throughput = 0.00000 Mbps
44527 ms [UE 44997] UL Throughput = 0.00000 Mbps
44527 ms [UE 57997] UL Throughput = 0.00000 Mbps
44527 ms [UE 37145] UL Throughput = 0.00000 Mbps
44590 ms [UE 46152] UL Throughput = 0.00000 Mbps
44590 ms [UE 40696] UL Throughput = 0.34677 Mbps
44590 ms [UE 55444] UL Throughput = 0.00000 Mbps
44636 ms [UE 10443] UL Throughput = 0.00000 Mbps
44636 ms [UE 44997] UL Throughput = 0.00000 Mbps
44636 ms [UE 57997] UL Throughput = 0.00000 Mbps
44636 ms [UE 37145] UL Throughput = 0.00000 Mbps
44690 ms [UE 46152] UL Throughput = 0.00000 Mbps
44690 ms [UE 40696] UL Throughput = 0.00000 Mbps
44690 ms [UE 55444] UL Throughput = 0.00000 Mbps
44736 ms [UE 10443] UL Throughput = 0.00000 Mbps
44736 ms [UE 44997] UL Throughput = 0.00000 Mbps
44736 ms [UE 57997] UL Throughput = 0.00000 Mbps
44736 ms [UE 37145] UL Throughput = 0.00000 Mbps
44799 ms [UE 46152] UL Throughput = 0.53972 Mbps
44799 ms [UE 40696] UL Throughput = 0.00000 Mbps
44799 ms [UE 55444] UL Throughput = 0.00000 Mbps
44836 ms [UE 10443] UL Throughput = 0.00000 Mbps
44836 ms [UE 44997] UL Throughput = 0.00000 Mbps
44836 ms [UE 57997] UL Throughput = 0.00000 Mbps
44836 ms [UE 37145] UL Throughput = 0.00000 Mbps
44909 ms [UE 46152] UL Throughput = 0.00000 Mbps
44909 ms [UE 40696] UL Throughput = 0.31768 Mbps
44909 ms [UE 55444] UL Throughput = 0.00000 Mbps
44946 ms [UE 10443] UL Throughput = 0.00000 Mbps
44946 ms [UE 44997] UL Throughput = 0.00000 Mbps
44946 ms [UE 57997] UL Throughput = 0.00000 Mbps
44946 ms [UE 37145] UL Throughput = 0.00000 Mbps
45009 ms [UE 46152] UL Throughput = 0.00000 Mbps
45009 ms [UE 40696] UL Throughput = 0.00000 Mbps
45009 ms [UE 55444] UL Throughput = 0.00000 Mbps
45046 ms [UE 10443] UL Throughput = 0.00000 Mbps
45046 ms [UE 44997] UL Throughput = 0.00000 Mbps
45046 ms [UE 57997] UL Throughput = 0.00000 Mbps
45046 ms [UE 37145] UL Throughput = 0.00000 Mbps
45062 ms | now=1755823086895506 us | PDCP ind_msg latency=71954149 us
45110 ms [UE 46152] UL Throughput = 0.42744 Mbps
45110 ms [UE 40696] UL Throughput = 0.00000 Mbps
45110 ms [UE 55444] UL Throughput = 0.00000 Mbps
45156 ms [UE 10443] UL Throughput = 0.00000 Mbps
45156 ms [UE 44997] UL Throughput = 0.00000 Mbps
45156 ms [UE 57997] UL Throughput = 0.00000 Mbps
45156 ms [UE 37145] UL Throughput = 0.00000 Mbps
45219 ms [UE 46152] UL Throughput = 0.00000 Mbps
45219 ms [UE 40696] UL Throughput = 0.00000 Mbps
45219 ms [UE 55444] UL Throughput = 0.00000 Mbps
45258 ms [UE 10443] UL Throughput = 0.00000 Mbps
45258 ms [UE 44997] UL Throughput = 0.00000 Mbps
45258 ms [UE 57997] UL Throughput = 0.00000 Mbps
45258 ms [UE 37145] UL Throughput = 0.00000 Mbps
45319 ms [UE 46152] UL Throughput = 0.00000 Mbps
45319 ms [UE 40696] UL Throughput = 0.00000 Mbps
45319 ms [UE 55444] UL Throughput = 0.00000 Mbps
45366 ms [UE 10443] UL Throughput = 0.00000 Mbps
45366 ms [UE 44997] UL Throughput = 0.00000 Mbps
45366 ms [UE 57997] UL Throughput = 0.00000 Mbps
45366 ms [UE 37145] UL Throughput = 0.00000 Mbps
45429 ms [UE 46152] UL Throughput = 0.00000 Mbps
45429 ms [UE 40696] UL Throughput = 0.38488 Mbps
45429 ms [UE 55444] UL Throughput = 0.00000 Mbps
45466 ms [UE 10443] UL Throughput = 0.00000 Mbps
45466 ms [UE 44997] UL Throughput = 0.00000 Mbps
45466 ms [UE 57997] UL Throughput = 0.00000 Mbps
45466 ms [UE 37145] UL Throughput = 0.00000 Mbps
45529 ms [UE 46152] UL Throughput = 0.48093 Mbps
45529 ms [UE 40696] UL Throughput = 0.00000 Mbps
45529 ms [UE 55444] UL Throughput = 0.00000 Mbps
45577 ms [UE 10443] UL Throughput = 0.00000 Mbps
45577 ms [UE 44997] UL Throughput = 0.00000 Mbps
45577 ms [UE 57997] UL Throughput = 0.00000 Mbps
45577 ms [UE 37145] UL Throughput = 0.00000 Mbps
45639 ms [UE 46152] UL Throughput = 0.00000 Mbps
45639 ms [UE 40696] UL Throughput = 0.00000 Mbps
45639 ms [UE 55444] UL Throughput = 0.00000 Mbps
45678 ms [UE 10443] UL Throughput = 0.00000 Mbps
45678 ms [UE 44997] UL Throughput = 0.00189 Mbps
45678 ms [UE 57997] UL Throughput = 0.00834 Mbps
45678 ms [UE 37145] UL Throughput = 0.00834 Mbps
45750 ms [UE 46152] UL Throughput = 0.00000 Mbps
45750 ms [UE 40696] UL Throughput = 0.00000 Mbps
45750 ms [UE 55444] UL Throughput = 0.00000 Mbps
45786 ms [UE 10443] UL Throughput = 0.00000 Mbps
45786 ms [UE 44997] UL Throughput = 0.00000 Mbps
45786 ms [UE 57997] UL Throughput = 0.00000 Mbps
45786 ms [UE 37145] UL Throughput = 0.00000 Mbps
45859 ms [UE 46152] UL Throughput = 0.00000 Mbps
45859 ms [UE 40696] UL Throughput = 0.32000 Mbps
45859 ms [UE 55444] UL Throughput = 0.00000 Mbps
45887 ms [UE 10443] UL Throughput = 0.00000 Mbps
45887 ms [UE 44997] UL Throughput = 0.00000 Mbps
45887 ms [UE 57997] UL Throughput = 0.00000 Mbps
45887 ms [UE 37145] UL Throughput = 0.00000 Mbps
45969 ms [UE 46152] UL Throughput = 0.00000 Mbps
45969 ms [UE 40696] UL Throughput = 0.00000 Mbps
45969 ms [UE 55444] UL Throughput = 0.00000 Mbps
45997 ms [UE 10443] UL Throughput = 0.00174 Mbps
45997 ms [UE 44997] UL Throughput = 0.00000 Mbps
45997 ms [UE 57997] UL Throughput = 0.00770 Mbps
45997 ms [UE 37145] UL Throughput = 0.00770 Mbps
46069 ms [UE 46152] UL Throughput = 0.58439 Mbps
46069 ms [UE 40696] UL Throughput = 0.00000 Mbps
46069 ms [UE 55444] UL Throughput = 0.00000 Mbps
46092 ms | now=1755823087925342 us | PDCP ind_msg latency=71955014 us
46107 ms [UE 10443] UL Throughput = 0.00000 Mbps
46107 ms [UE 44997] UL Throughput = 0.00000 Mbps
46107 ms [UE 57997] UL Throughput = 0.00000 Mbps
46107 ms [UE 37145] UL Throughput = 0.00000 Mbps
46179 ms [UE 46152] UL Throughput = 0.00000 Mbps
46179 ms [UE 40696] UL Throughput = 0.00000 Mbps
46179 ms [UE 55444] UL Throughput = 0.00000 Mbps
46216 ms [UE 10443] UL Throughput = 0.00000 Mbps
46216 ms [UE 44997] UL Throughput = 0.00000 Mbps
46216 ms [UE 57997] UL Throughput = 0.00000 Mbps
46216 ms [UE 37145] UL Throughput = 0.00000 Mbps
46289 ms [UE 46152] UL Throughput = 0.00000 Mbps
46289 ms [UE 40696] UL Throughput = 0.00000 Mbps
46289 ms [UE 55444] UL Throughput = 0.00000 Mbps
46317 ms [UE 10443] UL Throughput = 0.00000 Mbps
46317 ms [UE 44997] UL Throughput = 0.00000 Mbps
46317 ms [UE 57997] UL Throughput = 0.00000 Mbps
46317 ms [UE 37145] UL Throughput = 0.00000 Mbps
46389 ms [UE 46152] UL Throughput = 0.42988 Mbps
46389 ms [UE 40696] UL Throughput = 0.42452 Mbps
46389 ms [UE 55444] UL Throughput = 0.00000 Mbps
46426 ms [UE 10443] UL Throughput = 0.00000 Mbps
46426 ms [UE 44997] UL Throughput = 0.00000 Mbps
46426 ms [UE 57997] UL Throughput = 0.00776 Mbps
46426 ms [UE 37145] UL Throughput = 0.00000 Mbps
46498 ms [UE 46152] UL Throughput = 0.00000 Mbps
46498 ms [UE 40696] UL Throughput = 0.00000 Mbps
46498 ms [UE 55444] UL Throughput = 0.00000 Mbps
46536 ms [UE 10443] UL Throughput = 0.00000 Mbps
46536 ms [UE 44997] UL Throughput = 0.00000 Mbps
46536 ms [UE 57997] UL Throughput = 0.00000 Mbps
46536 ms [UE 37145] UL Throughput = 0.00000 Mbps
46598 ms [UE 46152] UL Throughput = 0.00000 Mbps
46598 ms [UE 40696] UL Throughput = 0.00000 Mbps
46598 ms [UE 55444] UL Throughput = 0.00000 Mbps
46637 ms [UE 10443] UL Throughput = 0.00000 Mbps
46637 ms [UE 44997] UL Throughput = 0.00000 Mbps
46637 ms [UE 57997] UL Throughput = 0.00000 Mbps
46637 ms [UE 37145] UL Throughput = 0.00000 Mbps
46699 ms [UE 46152] UL Throughput = 0.48028 Mbps
46699 ms [UE 40696] UL Throughput = 0.00000 Mbps
46699 ms [UE 55444] UL Throughput = 0.00000 Mbps
46746 ms [UE 10443] UL Throughput = 0.00000 Mbps
46746 ms [UE 44997] UL Throughput = 0.00000 Mbps
46746 ms [UE 57997] UL Throughput = 0.00000 Mbps
46746 ms [UE 37145] UL Throughput = 0.00000 Mbps
46809 ms [UE 46152] UL Throughput = 0.00000 Mbps
46809 ms [UE 40696] UL Throughput = 0.00000 Mbps
46809 ms [UE 55444] UL Throughput = 0.00000 Mbps
46847 ms [UE 10443] UL Throughput = 0.00000 Mbps
46847 ms [UE 44997] UL Throughput = 0.00000 Mbps
46847 ms [UE 57997] UL Throughput = 0.00000 Mbps
46847 ms [UE 37145] UL Throughput = 0.00000 Mbps
46919 ms [UE 46152] UL Throughput = 0.00000 Mbps
46919 ms [UE 40696] UL Throughput = 0.06942 Mbps
46919 ms [UE 55444] UL Throughput = 0.00000 Mbps
46949 ms [UE 10443] UL Throughput = 0.00000 Mbps
46949 ms [UE 44997] UL Throughput = 0.00000 Mbps
46949 ms [UE 57997] UL Throughput = 0.00000 Mbps
46949 ms [UE 37145] UL Throughput = 0.00000 Mbps
47029 ms [UE 46152] UL Throughput = 0.00000 Mbps
47029 ms [UE 40696] UL Throughput = 0.31756 Mbps
47029 ms [UE 55444] UL Throughput = 0.00000 Mbps
47055 ms [UE 10443] UL Throughput = 0.00000 Mbps
47055 ms [UE 44997] UL Throughput = 0.00000 Mbps
47055 ms [UE 57997] UL Throughput = 0.00000 Mbps
47055 ms [UE 37145] UL Throughput = 0.00000 Mbps
47122 ms | now=1755823088955287 us | PDCP ind_msg latency=71953990 us
47129 ms [UE 46152] UL Throughput = 0.00000 Mbps
47129 ms [UE 40696] UL Throughput = 0.00000 Mbps
47129 ms [UE 55444] UL Throughput = 0.00000 Mbps
47156 ms [UE 10443] UL Throughput = 0.00000 Mbps
47156 ms [UE 44997] UL Throughput = 0.00000 Mbps
47156 ms [UE 57997] UL Throughput = 0.00000 Mbps
47156 ms [UE 37145] UL Throughput = 0.00000 Mbps
47239 ms [UE 46152] UL Throughput = 0.53453 Mbps
47239 ms [UE 40696] UL Throughput = 0.00000 Mbps
47239 ms [UE 55444] UL Throughput = 0.00000 Mbps
47267 ms [UE 10443] UL Throughput = 0.00000 Mbps
47267 ms [UE 44997] UL Throughput = 0.00000 Mbps
47267 ms [UE 57997] UL Throughput = 0.00000 Mbps
47267 ms [UE 37145] UL Throughput = 0.00000 Mbps
47348 ms [UE 46152] UL Throughput = 0.00000 Mbps
47348 ms [UE 40696] UL Throughput = 0.00000 Mbps
47348 ms [UE 55444] UL Throughput = 0.00000 Mbps
47376 ms [UE 10443] UL Throughput = 0.00000 Mbps
47376 ms [UE 44997] UL Throughput = 0.00000 Mbps
47376 ms [UE 57997] UL Throughput = 0.00000 Mbps
47376 ms [UE 37145] UL Throughput = 0.00000 Mbps
47449 ms [UE 46152] UL Throughput = 0.00000 Mbps
47449 ms [UE 40696] UL Throughput = 0.07602 Mbps
47449 ms [UE 55444] UL Throughput = 0.00000 Mbps
47486 ms [UE 10443] UL Throughput = 0.00000 Mbps
47486 ms [UE 44997] UL Throughput = 0.00000 Mbps
47486 ms [UE 57997] UL Throughput = 0.00000 Mbps
47486 ms [UE 37145] UL Throughput = 0.00000 Mbps
47559 ms [UE 46152] UL Throughput = 0.39362 Mbps
47559 ms [UE 40696] UL Throughput = 0.31847 Mbps
47559 ms [UE 55444] UL Throughput = 0.00000 Mbps
47587 ms [UE 10443] UL Throughput = 0.00000 Mbps
47587 ms [UE 44997] UL Throughput = 0.00000 Mbps
47587 ms [UE 57997] UL Throughput = 0.00000 Mbps
47587 ms [UE 37145] UL Throughput = 0.00000 Mbps
47659 ms [UE 46152] UL Throughput = 0.00000 Mbps
47659 ms [UE 40696] UL Throughput = 0.00000 Mbps
47659 ms [UE 55444] UL Throughput = 0.00000 Mbps
47700 ms [UE 10443] UL Throughput = 0.00000 Mbps
47700 ms [UE 44997] UL Throughput = 0.00000 Mbps
47700 ms [UE 57997] UL Throughput = 0.00000 Mbps
47700 ms [UE 37145] UL Throughput = 0.00000 Mbps
47769 ms [UE 46152] UL Throughput = 0.00000 Mbps
47769 ms [UE 40696] UL Throughput = 0.00000 Mbps
47769 ms [UE 55444] UL Throughput = 0.00000 Mbps
47806 ms [UE 10443] UL Throughput = 0.00000 Mbps
47806 ms [UE 44997] UL Throughput = 0.00000 Mbps
47806 ms [UE 57997] UL Throughput = 0.00000 Mbps
47806 ms [UE 37145] UL Throughput = 0.00000 Mbps
47870 ms [UE 46152] UL Throughput = 0.00000 Mbps
47870 ms [UE 40696] UL Throughput = 0.32081 Mbps
47870 ms [UE 55444] UL Throughput = 0.00000 Mbps
47916 ms [UE 10443] UL Throughput = 0.00000 Mbps
47916 ms [UE 44997] UL Throughput = 0.00000 Mbps
47916 ms [UE 57997] UL Throughput = 0.00000 Mbps
47916 ms [UE 37145] UL Throughput = 0.00000 Mbps
47979 ms [UE 46152] UL Throughput = 0.00000 Mbps
47979 ms [UE 40696] UL Throughput = 0.00000 Mbps
47979 ms [UE 55444] UL Throughput = 0.00000 Mbps
48016 ms [UE 10443] UL Throughput = 0.00000 Mbps
48016 ms [UE 44997] UL Throughput = 0.00000 Mbps
48016 ms [UE 57997] UL Throughput = 0.00000 Mbps
48016 ms [UE 37145] UL Throughput = 0.00000 Mbps
48089 ms [UE 46152] UL Throughput = 0.49422 Mbps
48089 ms [UE 40696] UL Throughput = 0.29234 Mbps
48089 ms [UE 55444] UL Throughput = 0.00000 Mbps
48126 ms [UE 10443] UL Throughput = 0.00000 Mbps
48126 ms [UE 44997] UL Throughput = 0.00000 Mbps
48126 ms [UE 57997] UL Throughput = 0.00000 Mbps
48126 ms [UE 37145] UL Throughput = 0.00000 Mbps
48151 ms | now=1755823089984619 us | PDCP ind_msg latency=71954268 us
48198 ms [UE 46152] UL Throughput = 0.00000 Mbps
48198 ms [UE 40696] UL Throughput = 0.00000 Mbps
48198 ms [UE 55444] UL Throughput = 0.00000 Mbps
48226 ms [UE 10443] UL Throughput = 0.00000 Mbps
48226 ms [UE 44997] UL Throughput = 0.00000 Mbps
48226 ms [UE 57997] UL Throughput = 0.00000 Mbps
48226 ms [UE 37145] UL Throughput = 0.00000 Mbps
48298 ms [UE 46152] UL Throughput = 0.00000 Mbps
48298 ms [UE 40696] UL Throughput = 0.00000 Mbps
48298 ms [UE 55444] UL Throughput = 0.00000 Mbps
48336 ms [UE 10443] UL Throughput = 0.00000 Mbps
48336 ms [UE 44997] UL Throughput = 0.00000 Mbps
48336 ms [UE 57997] UL Throughput = 0.00000 Mbps
48336 ms [UE 37145] UL Throughput = 0.00000 Mbps
48399 ms [UE 46152] UL Throughput = 0.47941 Mbps
48399 ms [UE 40696] UL Throughput = 0.00000 Mbps
48399 ms [UE 55444] UL Throughput = 0.00000 Mbps
48436 ms [UE 10443] UL Throughput = 0.00000 Mbps
48436 ms [UE 44997] UL Throughput = 0.00000 Mbps
48436 ms [UE 57997] UL Throughput = 0.00000 Mbps
48436 ms [UE 37145] UL Throughput = 0.00000 Mbps
48509 ms [UE 46152] UL Throughput = 0.00000 Mbps
48509 ms [UE 40696] UL Throughput = 0.00000 Mbps
48509 ms [UE 55444] UL Throughput = 0.00000 Mbps
48536 ms [UE 10443] UL Throughput = 0.00000 Mbps
48536 ms [UE 44997] UL Throughput = 0.00000 Mbps
48536 ms [UE 57997] UL Throughput = 0.00000 Mbps
48536 ms [UE 37145] UL Throughput = 0.00000 Mbps
48618 ms [UE 46152] UL Throughput = 0.00000 Mbps
48618 ms [UE 40696] UL Throughput = 0.38736 Mbps
48618 ms [UE 55444] UL Throughput = 0.00000 Mbps
48647 ms [UE 10443] UL Throughput = 0.00000 Mbps
48647 ms [UE 44997] UL Throughput = 0.00000 Mbps
48647 ms [UE 57997] UL Throughput = 0.00000 Mbps
48647 ms [UE 37145] UL Throughput = 0.00000 Mbps
48729 ms [UE 46152] UL Throughput = 0.00000 Mbps
48729 ms [UE 40696] UL Throughput = 0.00000 Mbps
48729 ms [UE 55444] UL Throughput = 0.00000 Mbps
48756 ms [UE 10443] UL Throughput = 0.00000 Mbps
48756 ms [UE 44997] UL Throughput = 0.00000 Mbps
48756 ms [UE 57997] UL Throughput = 0.00000 Mbps
48756 ms [UE 37145] UL Throughput = 0.00000 Mbps
48833 ms [UE 46152] UL Throughput = 0.00000 Mbps
48833 ms [UE 40696] UL Throughput = 0.00000 Mbps
48833 ms [UE 55444] UL Throughput = 0.00000 Mbps
48856 ms [UE 10443] UL Throughput = 0.00000 Mbps
48856 ms [UE 44997] UL Throughput = 0.00000 Mbps
48856 ms [UE 57997] UL Throughput = 0.00000 Mbps
48856 ms [UE 37145] UL Throughput = 0.00000 Mbps
48939 ms [UE 46152] UL Throughput = 0.55264 Mbps
48939 ms [UE 40696] UL Throughput = 0.32794 Mbps
48939 ms [UE 55444] UL Throughput = 0.00000 Mbps
48957 ms [UE 10443] UL Throughput = 0.00000 Mbps
48957 ms [UE 44997] UL Throughput = 0.00000 Mbps
48957 ms [UE 57997] UL Throughput = 0.00000 Mbps
48957 ms [UE 37145] UL Throughput = 0.00000 Mbps
49039 ms [UE 46152] UL Throughput = 0.00000 Mbps
49039 ms [UE 40696] UL Throughput = 0.00000 Mbps
49039 ms [UE 55444] UL Throughput = 0.00000 Mbps
49066 ms [UE 10443] UL Throughput = 0.00000 Mbps
49066 ms [UE 44997] UL Throughput = 0.00000 Mbps
49066 ms [UE 57997] UL Throughput = 0.00000 Mbps
49066 ms [UE 37145] UL Throughput = 0.00000 Mbps
49149 ms [UE 46152] UL Throughput = 0.00000 Mbps
49149 ms [UE 40696] UL Throughput = 0.00000 Mbps
49149 ms [UE 55444] UL Throughput = 0.00000 Mbps
49166 ms [UE 10443] UL Throughput = 0.00000 Mbps
49166 ms [UE 44997] UL Throughput = 0.00000 Mbps
49166 ms [UE 57997] UL Throughput = 0.00000 Mbps
49166 ms [UE 37145] UL Throughput = 0.00000 Mbps
49190 ms | now=1755823091023537 us | PDCP ind_msg latency=71955021 us
49259 ms [UE 46152] UL Throughput = 0.43808 Mbps
49259 ms [UE 40696] UL Throughput = 0.00000 Mbps
49259 ms [UE 55444] UL Throughput = 0.00000 Mbps
49266 ms [UE 10443] UL Throughput = 0.00000 Mbps
49266 ms [UE 44997] UL Throughput = 0.00000 Mbps
49266 ms [UE 57997] UL Throughput = 0.00000 Mbps
49266 ms [UE 37145] UL Throughput = 0.00000 Mbps
49359 ms [UE 46152] UL Throughput = 0.00000 Mbps
49359 ms [UE 40696] UL Throughput = 0.00000 Mbps
49359 ms [UE 55444] UL Throughput = 0.00000 Mbps
49376 ms [UE 10443] UL Throughput = 0.00000 Mbps
49376 ms [UE 44997] UL Throughput = 0.00000 Mbps
49376 ms [UE 57997] UL Throughput = 0.00000 Mbps
49376 ms [UE 37145] UL Throughput = 0.00000 Mbps
49460 ms [UE 46152] UL Throughput = 0.00000 Mbps
49460 ms [UE 40696] UL Throughput = 0.07650 Mbps
49460 ms [UE 55444] UL Throughput = 0.00000 Mbps
49476 ms [UE 10443] UL Throughput = 0.00000 Mbps
49476 ms [UE 44997] UL Throughput = 0.00000 Mbps
49476 ms [UE 57997] UL Throughput = 0.00000 Mbps
49476 ms [UE 37145] UL Throughput = 0.00000 Mbps
49569 ms [UE 46152] UL Throughput = 0.00000 Mbps
49569 ms [UE 40696] UL Throughput = 0.31865 Mbps
49569 ms [UE 55444] UL Throughput = 0.00000 Mbps
49586 ms [UE 10443] UL Throughput = 0.00000 Mbps
49586 ms [UE 44997] UL Throughput = 0.00000 Mbps
49586 ms [UE 57997] UL Throughput = 0.00000 Mbps
49586 ms [UE 37145] UL Throughput = 0.00000 Mbps
49679 ms [UE 46152] UL Throughput = 0.00000 Mbps
49679 ms [UE 40696] UL Throughput = 0.00000 Mbps
49679 ms [UE 55444] UL Throughput = 0.00000 Mbps
49686 ms [UE 10443] UL Throughput = 0.00000 Mbps
49686 ms [UE 44997] UL Throughput = 0.00000 Mbps
49686 ms [UE 57997] UL Throughput = 0.00000 Mbps
49686 ms [UE 37145] UL Throughput = 0.00000 Mbps
49779 ms [UE 46152] UL Throughput = 0.10411 Mbps
49779 ms [UE 40696] UL Throughput = 0.00000 Mbps
49779 ms [UE 55444] UL Throughput = 0.00000 Mbps
49796 ms [UE 10443] UL Throughput = 0.00000 Mbps
49796 ms [UE 44997] UL Throughput = 0.00000 Mbps
49796 ms [UE 57997] UL Throughput = 0.00000 Mbps
49796 ms [UE 37145] UL Throughput = 0.00000 Mbps
49889 ms [UE 46152] UL Throughput = 0.43969 Mbps
49889 ms [UE 40696] UL Throughput = 0.00000 Mbps
49889 ms [UE 55444] UL Throughput = 0.00000 Mbps
49896 ms [UE 10443] UL Throughput = 0.00000 Mbps
49896 ms [UE 44997] UL Throughput = 0.00000 Mbps
49896 ms [UE 57997] UL Throughput = 0.00000 Mbps
49896 ms [UE 37145] UL Throughput = 0.00000 Mbps
49998 ms [UE 46152] UL Throughput = 0.00000 Mbps
49998 ms [UE 40696] UL Throughput = 0.00000 Mbps
49998 ms [UE 55444] UL Throughput = 0.00000 Mbps
50006 ms [UE 10443] UL Throughput = 0.00000 Mbps
50006 ms [UE 44997] UL Throughput = 0.00000 Mbps
50006 ms [UE 57997] UL Throughput = 0.00000 Mbps
50006 ms [UE 37145] UL Throughput = 0.00000 Mbps
50099 ms [UE 46152] UL Throughput = 0.48073 Mbps
50099 ms [UE 40696] UL Throughput = 0.00000 Mbps
50099 ms [UE 55444] UL Throughput = 0.00000 Mbps
50106 ms [UE 10443] UL Throughput = 0.00000 Mbps
50106 ms [UE 44997] UL Throughput = 0.00000 Mbps
50106 ms [UE 57997] UL Throughput = 0.00000 Mbps
50106 ms [UE 37145] UL Throughput = 0.00000 Mbps
50199 ms [UE 46152] UL Throughput = 0.00000 Mbps
50199 ms [UE 40696] UL Throughput = 0.00000 Mbps
50199 ms [UE 55444] UL Throughput = 0.00000 Mbps
50210 ms [UE 10443] UL Throughput = 0.00000 Mbps
50210 ms [UE 44997] UL Throughput = 0.00000 Mbps
50210 ms [UE 57997] UL Throughput = 0.00000 Mbps
50210 ms [UE 37145] UL Throughput = 0.00000 Mbps
50293 ms | now=1755823092126285 us | PDCP ind_msg latency=71953934 us
50309 ms [UE 46152] UL Throughput = 0.00000 Mbps
50309 ms [UE 40696] UL Throughput = 0.28373 Mbps
50309 ms [UE 55444] UL Throughput = 0.00000 Mbps
50317 ms [UE 10443] UL Throughput = 0.00000 Mbps
50317 ms [UE 44997] UL Throughput = 0.00000 Mbps
50317 ms [UE 57997] UL Throughput = 0.00000 Mbps
50317 ms [UE 37145] UL Throughput = 0.00000 Mbps
50419 ms [UE 46152] UL Throughput = 0.00000 Mbps
50419 ms [UE 40696] UL Throughput = 0.00000 Mbps
50419 ms [UE 55444] UL Throughput = 0.00000 Mbps
50426 ms [UE 10443] UL Throughput = 0.00000 Mbps
50426 ms [UE 44997] UL Throughput = 0.00000 Mbps
50426 ms [UE 57997] UL Throughput = 0.00000 Mbps
50426 ms [UE 37145] UL Throughput = 0.00000 Mbps
50529 ms [UE 46152] UL Throughput = 0.00000 Mbps
50529 ms [UE 40696] UL Throughput = 0.00000 Mbps
50529 ms [UE 55444] UL Throughput = 0.00000 Mbps
50536 ms [UE 10443] UL Throughput = 0.00000 Mbps
50536 ms [UE 44997] UL Throughput = 0.00000 Mbps
50536 ms [UE 57997] UL Throughput = 0.00000 Mbps
50536 ms [UE 37145] UL Throughput = 0.00000 Mbps
50639 ms [UE 46152] UL Throughput = 0.09556 Mbps
50639 ms [UE 40696] UL Throughput = 0.31673 Mbps
50639 ms [UE 55444] UL Throughput = 0.00000 Mbps
50646 ms [UE 10443] UL Throughput = 0.00000 Mbps
50646 ms [UE 44997] UL Throughput = 0.00175 Mbps
50646 ms [UE 57997] UL Throughput = 0.00772 Mbps
50646 ms [UE 37145] UL Throughput = 0.00772 Mbps
50739 ms [UE 46152] UL Throughput = 0.48075 Mbps
50739 ms [UE 40696] UL Throughput = 0.00000 Mbps
50739 ms [UE 55444] UL Throughput = 0.00000 Mbps
50756 ms [UE 10443] UL Throughput = 0.00000 Mbps
50756 ms [UE 44997] UL Throughput = 0.00000 Mbps
50756 ms [UE 57997] UL Throughput = 0.00000 Mbps
50756 ms [UE 37145] UL Throughput = 0.00000 Mbps
50839 ms [UE 46152] UL Throughput = 0.00000 Mbps
50839 ms [UE 40696] UL Throughput = 0.00000 Mbps
50839 ms [UE 55444] UL Throughput = 0.00000 Mbps
50857 ms [UE 10443] UL Throughput = 0.00000 Mbps
50857 ms [UE 44997] UL Throughput = 0.00000 Mbps
50857 ms [UE 57997] UL Throughput = 0.00000 Mbps
50857 ms [UE 37145] UL Throughput = 0.00000 Mbps
50953 ms [UE 46152] UL Throughput = 0.00000 Mbps
50953 ms [UE 40696] UL Throughput = 0.27339 Mbps
50953 ms [UE 55444] UL Throughput = 0.00000 Mbps
50966 ms [UE 10443] UL Throughput = 0.00176 Mbps
50966 ms [UE 44997] UL Throughput = 0.00000 Mbps
50966 ms [UE 57997] UL Throughput = 0.00775 Mbps
50966 ms [UE 37145] UL Throughput = 0.00775 Mbps
51059 ms [UE 46152] UL Throughput = 0.00000 Mbps
51059 ms [UE 40696] UL Throughput = 0.00000 Mbps
51059 ms [UE 55444] UL Throughput = 0.00000 Mbps
51077 ms [UE 10443] UL Throughput = 0.00000 Mbps
51077 ms [UE 44997] UL Throughput = 0.00000 Mbps
51077 ms [UE 57997] UL Throughput = 0.00000 Mbps
51077 ms [UE 37145] UL Throughput = 0.00000 Mbps
51159 ms [UE 46152] UL Throughput = 0.10484 Mbps
51159 ms [UE 40696] UL Throughput = 0.00000 Mbps
51159 ms [UE 55444] UL Throughput = 0.00000 Mbps
51179 ms [UE 10443] UL Throughput = 0.00000 Mbps
51179 ms [UE 44997] UL Throughput = 0.00000 Mbps
51179 ms [UE 57997] UL Throughput = 0.00000 Mbps
51179 ms [UE 37145] UL Throughput = 0.00000 Mbps
51260 ms [UE 46152] UL Throughput = 0.47808 Mbps
51260 ms [UE 40696] UL Throughput = 0.34556 Mbps
51260 ms [UE 55444] UL Throughput = 0.00000 Mbps
51286 ms [UE 10443] UL Throughput = 0.00000 Mbps
51286 ms [UE 44997] UL Throughput = 0.00000 Mbps
51286 ms [UE 57997] UL Throughput = 0.00791 Mbps
51286 ms [UE 37145] UL Throughput = 0.00000 Mbps
51369 ms [UE 46152] UL Throughput = 0.00000 Mbps
51369 ms [UE 40696] UL Throughput = 0.00000 Mbps
51369 ms [UE 55444] UL Throughput = 0.00000 Mbps
51385 ms | now=1755823093218597 us | PDCP ind_msg latency=71954237 us
51397 ms [UE 10443] UL Throughput = 0.00000 Mbps
51397 ms [UE 44997] UL Throughput = 0.00000 Mbps
51397 ms [UE 57997] UL Throughput = 0.00000 Mbps
51397 ms [UE 37145] UL Throughput = 0.00000 Mbps
51480 ms [UE 46152] UL Throughput = 0.00000 Mbps
51480 ms [UE 40696] UL Throughput = 0.00000 Mbps
51480 ms [UE 55444] UL Throughput = 0.00000 Mbps
51507 ms [UE 10443] UL Throughput = 0.00000 Mbps
51507 ms [UE 44997] UL Throughput = 0.00000 Mbps
51507 ms [UE 57997] UL Throughput = 0.00000 Mbps
51507 ms [UE 37145] UL Throughput = 0.00000 Mbps
51589 ms [UE 46152] UL Throughput = 0.44122 Mbps
51589 ms [UE 40696] UL Throughput = 0.00000 Mbps
51589 ms [UE 55444] UL Throughput = 0.00000 Mbps
51616 ms [UE 10443] UL Throughput = 0.00000 Mbps
51616 ms [UE 44997] UL Throughput = 0.00000 Mbps
51616 ms [UE 57997] UL Throughput = 0.00000 Mbps
51616 ms [UE 37145] UL Throughput = 0.00000 Mbps
51689 ms [UE 46152] UL Throughput = 0.00000 Mbps
51689 ms [UE 40696] UL Throughput = 0.00000 Mbps
51689 ms [UE 55444] UL Throughput = 0.00000 Mbps
51717 ms [UE 10443] UL Throughput = 0.00000 Mbps
51717 ms [UE 44997] UL Throughput = 0.00000 Mbps
51717 ms [UE 57997] UL Throughput = 0.00000 Mbps
51717 ms [UE 37145] UL Throughput = 0.00000 Mbps
51790 ms [UE 46152] UL Throughput = 0.00000 Mbps
51790 ms [UE 40696] UL Throughput = 0.42090 Mbps
51790 ms [UE 55444] UL Throughput = 0.00000 Mbps
51817 ms [UE 10443] UL Throughput = 0.00000 Mbps
51817 ms [UE 44997] UL Throughput = 0.00000 Mbps
51817 ms [UE 57997] UL Throughput = 0.00000 Mbps
51817 ms [UE 37145] UL Throughput = 0.00000 Mbps
51899 ms [UE 46152] UL Throughput = 0.00000 Mbps
51899 ms [UE 40696] UL Throughput = 0.00000 Mbps
51899 ms [UE 55444] UL Throughput = 0.00000 Mbps
51926 ms [UE 10443] UL Throughput = 0.00000 Mbps
51926 ms [UE 44997] UL Throughput = 0.00000 Mbps
51926 ms [UE 57997] UL Throughput = 0.00000 Mbps
51926 ms [UE 37145] UL Throughput = 0.00000 Mbps
51999 ms [UE 46152] UL Throughput = 0.00000 Mbps
51999 ms [UE 40696] UL Throughput = 0.00000 Mbps
51999 ms [UE 55444] UL Throughput = 0.00000 Mbps
52027 ms [UE 10443] UL Throughput = 0.00000 Mbps
52027 ms [UE 44997] UL Throughput = 0.00000 Mbps
52027 ms [UE 57997] UL Throughput = 0.00000 Mbps
52027 ms [UE 37145] UL Throughput = 0.00000 Mbps
52110 ms [UE 46152] UL Throughput = 0.52970 Mbps
52110 ms [UE 40696] UL Throughput = 0.28204 Mbps
52110 ms [UE 55444] UL Throughput = 0.00000 Mbps
52137 ms [UE 10443] UL Throughput = 0.00000 Mbps
52137 ms [UE 44997] UL Throughput = 0.00000 Mbps
52137 ms [UE 57997] UL Throughput = 0.00000 Mbps
52137 ms [UE 37145] UL Throughput = 0.00000 Mbps
52219 ms [UE 46152] UL Throughput = 0.00000 Mbps
52219 ms [UE 40696] UL Throughput = 0.00000 Mbps
52219 ms [UE 55444] UL Throughput = 0.00000 Mbps
52246 ms [UE 10443] UL Throughput = 0.00000 Mbps
52246 ms [UE 44997] UL Throughput = 0.00000 Mbps
52246 ms [UE 57997] UL Throughput = 0.00000 Mbps
52246 ms [UE 37145] UL Throughput = 0.00000 Mbps
52329 ms [UE 46152] UL Throughput = 0.00000 Mbps
52329 ms [UE 40696] UL Throughput = 0.00000 Mbps
52329 ms [UE 55444] UL Throughput = 0.00000 Mbps
52347 ms [UE 10443] UL Throughput = 0.00000 Mbps
52347 ms [UE 44997] UL Throughput = 0.00000 Mbps
52347 ms [UE 57997] UL Throughput = 0.00000 Mbps
52347 ms [UE 37145] UL Throughput = 0.00000 Mbps
52412 ms | now=1755823094245800 us | PDCP ind_msg latency=71954450 us
52429 ms [UE 46152] UL Throughput = 0.47857 Mbps
52429 ms [UE 40696] UL Throughput = 0.00000 Mbps
52429 ms [UE 55444] UL Throughput = 0.00000 Mbps
52448 ms [UE 10443] UL Throughput = 0.00000 Mbps
52448 ms [UE 44997] UL Throughput = 0.00000 Mbps
52448 ms [UE 57997] UL Throughput = 0.00000 Mbps
52448 ms [UE 37145] UL Throughput = 0.00000 Mbps
52538 ms [UE 46152] UL Throughput = 0.00000 Mbps
52538 ms [UE 40696] UL Throughput = 0.00000 Mbps
52538 ms [UE 55444] UL Throughput = 0.00000 Mbps
52557 ms [UE 10443] UL Throughput = 0.00000 Mbps
52557 ms [UE 44997] UL Throughput = 0.00000 Mbps
52557 ms [UE 57997] UL Throughput = 0.00000 Mbps
52557 ms [UE 37145] UL Throughput = 0.00000 Mbps
52639 ms [UE 46152] UL Throughput = 0.00000 Mbps
52639 ms [UE 40696] UL Throughput = 0.39697 Mbps
52639 ms [UE 55444] UL Throughput = 0.00000 Mbps
52667 ms [UE 10443] UL Throughput = 0.00000 Mbps
52667 ms [UE 44997] UL Throughput = 0.00000 Mbps
52667 ms [UE 57997] UL Throughput = 0.00000 Mbps
52667 ms [UE 37145] UL Throughput = 0.00000 Mbps
52739 ms [UE 46152] UL Throughput = 0.00000 Mbps
52739 ms [UE 40696] UL Throughput = 0.00000 Mbps
52739 ms [UE 55444] UL Throughput = 0.00000 Mbps
52767 ms [UE 10443] UL Throughput = 0.00000 Mbps
52767 ms [UE 44997] UL Throughput = 0.00000 Mbps
52767 ms [UE 57997] UL Throughput = 0.00000 Mbps
52767 ms [UE 37145] UL Throughput = 0.00000 Mbps
52849 ms [UE 46152] UL Throughput = 0.00000 Mbps
52849 ms [UE 40696] UL Throughput = 0.00000 Mbps
52849 ms [UE 55444] UL Throughput = 0.00000 Mbps
52877 ms [UE 10443] UL Throughput = 0.00000 Mbps
52877 ms [UE 44997] UL Throughput = 0.00000 Mbps
52877 ms [UE 57997] UL Throughput = 0.00000 Mbps
52877 ms [UE 37145] UL Throughput = 0.00000 Mbps
52949 ms [UE 46152] UL Throughput = 0.58230 Mbps
52949 ms [UE 40696] UL Throughput = 0.34554 Mbps
52949 ms [UE 55444] UL Throughput = 0.00000 Mbps
52986 ms [UE 10443] UL Throughput = 0.00000 Mbps
52986 ms [UE 44997] UL Throughput = 0.00000 Mbps
52986 ms [UE 57997] UL Throughput = 0.00000 Mbps
52986 ms [UE 37145] UL Throughput = 0.00000 Mbps
53050 ms [UE 46152] UL Throughput = 0.00000 Mbps
53050 ms [UE 40696] UL Throughput = 0.00000 Mbps
53050 ms [UE 55444] UL Throughput = 0.00000 Mbps
53086 ms [UE 10443] UL Throughput = 0.00000 Mbps
53086 ms [UE 44997] UL Throughput = 0.00000 Mbps
53086 ms [UE 57997] UL Throughput = 0.00000 Mbps
53086 ms [UE 37145] UL Throughput = 0.00000 Mbps
53150 ms [UE 46152] UL Throughput = 0.00000 Mbps
53150 ms [UE 40696] UL Throughput = 0.00000 Mbps
53150 ms [UE 55444] UL Throughput = 0.00000 Mbps
53196 ms [UE 10443] UL Throughput = 0.00000 Mbps
53196 ms [UE 44997] UL Throughput = 0.00000 Mbps
53196 ms [UE 57997] UL Throughput = 0.00000 Mbps
53196 ms [UE 37145] UL Throughput = 0.00000 Mbps
53250 ms [UE 46152] UL Throughput = 0.10500 Mbps
53250 ms [UE 40696] UL Throughput = 0.00000 Mbps
53250 ms [UE 55444] UL Throughput = 0.00000 Mbps
53306 ms [UE 10443] UL Throughput = 0.00000 Mbps
53306 ms [UE 44997] UL Throughput = 0.00000 Mbps
53306 ms [UE 57997] UL Throughput = 0.00000 Mbps
53306 ms [UE 37145] UL Throughput = 0.00000 Mbps
53361 ms [UE 46152] UL Throughput = 0.38860 Mbps
53361 ms [UE 40696] UL Throughput = 0.00000 Mbps
53361 ms [UE 55444] UL Throughput = 0.00000 Mbps
53417 ms [UE 10443] UL Throughput = 0.00000 Mbps
53417 ms [UE 44997] UL Throughput = 0.00000 Mbps
53417 ms [UE 57997] UL Throughput = 0.00000 Mbps
53417 ms [UE 37145] UL Throughput = 0.00000 Mbps
53467 ms | now=1755823095300731 us | PDCP ind_msg latency=71954283 us
53470 ms [UE 46152] UL Throughput = 0.00000 Mbps
53470 ms [UE 40696] UL Throughput = 0.00000 Mbps
53470 ms [UE 55444] UL Throughput = 0.00000 Mbps
53526 ms [UE 10443] UL Throughput = 0.00000 Mbps
53526 ms [UE 44997] UL Throughput = 0.00000 Mbps
53526 ms [UE 57997] UL Throughput = 0.00000 Mbps
53526 ms [UE 37145] UL Throughput = 0.00000 Mbps
53579 ms [UE 46152] UL Throughput = 0.00000 Mbps
53579 ms [UE 40696] UL Throughput = 0.31878 Mbps
53579 ms [UE 55444] UL Throughput = 0.00000 Mbps
53636 ms [UE 10443] UL Throughput = 0.00000 Mbps
53636 ms [UE 44997] UL Throughput = 0.00000 Mbps
53636 ms [UE 57997] UL Throughput = 0.00000 Mbps
53636 ms [UE 37145] UL Throughput = 0.00000 Mbps
53690 ms [UE 46152] UL Throughput = 0.00000 Mbps
53690 ms [UE 40696] UL Throughput = 0.00000 Mbps
53690 ms [UE 55444] UL Throughput = 0.00000 Mbps
53737 ms [UE 10443] UL Throughput = 0.00000 Mbps
53737 ms [UE 44997] UL Throughput = 0.00000 Mbps
53737 ms [UE 57997] UL Throughput = 0.00000 Mbps
53737 ms [UE 37145] UL Throughput = 0.00000 Mbps
53799 ms [UE 46152] UL Throughput = 0.09652 Mbps
53799 ms [UE 40696] UL Throughput = 0.00000 Mbps
53799 ms [UE 55444] UL Throughput = 0.00000 Mbps
53846 ms [UE 10443] UL Throughput = 0.00000 Mbps
53846 ms [UE 44997] UL Throughput = 0.00000 Mbps
53846 ms [UE 57997] UL Throughput = 0.00000 Mbps
53846 ms [UE 37145] UL Throughput = 0.00000 Mbps
53899 ms [UE 46152] UL Throughput = 0.47890 Mbps
53899 ms [UE 40696] UL Throughput = 0.34615 Mbps
53899 ms [UE 55444] UL Throughput = 0.00000 Mbps
53946 ms [UE 10443] UL Throughput = 0.00000 Mbps
53946 ms [UE 44997] UL Throughput = 0.00000 Mbps
53946 ms [UE 57997] UL Throughput = 0.00000 Mbps
53946 ms [UE 37145] UL Throughput = 0.00000 Mbps
54009 ms [UE 46152] UL Throughput = 0.00000 Mbps
54009 ms [UE 40696] UL Throughput = 0.00000 Mbps
54009 ms [UE 55444] UL Throughput = 0.00000 Mbps
54056 ms [UE 10443] UL Throughput = 0.00000 Mbps
54056 ms [UE 44997] UL Throughput = 0.00000 Mbps
54056 ms [UE 57997] UL Throughput = 0.00000 Mbps
54056 ms [UE 37145] UL Throughput = 0.00000 Mbps
54109 ms [UE 46152] UL Throughput = 0.00000 Mbps
54109 ms [UE 40696] UL Throughput = 0.00000 Mbps
54109 ms [UE 55444] UL Throughput = 0.00000 Mbps
54157 ms [UE 10443] UL Throughput = 0.00000 Mbps
54157 ms [UE 44997] UL Throughput = 0.00000 Mbps
54157 ms [UE 57997] UL Throughput = 0.00000 Mbps
54157 ms [UE 37145] UL Throughput = 0.00000 Mbps
54209 ms [UE 46152] UL Throughput = 0.48090 Mbps
54209 ms [UE 40696] UL Throughput = 0.00000 Mbps
54209 ms [UE 55444] UL Throughput = 0.00000 Mbps
54266 ms [UE 10443] UL Throughput = 0.00000 Mbps
54266 ms [UE 44997] UL Throughput = 0.00000 Mbps
54266 ms [UE 57997] UL Throughput = 0.00000 Mbps
54266 ms [UE 37145] UL Throughput = 0.00000 Mbps
54319 ms [UE 46152] UL Throughput = 0.00000 Mbps
54319 ms [UE 40696] UL Throughput = 0.00000 Mbps
54319 ms [UE 55444] UL Throughput = 0.00000 Mbps
54377 ms [UE 10443] UL Throughput = 0.00000 Mbps
54377 ms [UE 44997] UL Throughput = 0.00000 Mbps
54377 ms [UE 57997] UL Throughput = 0.00000 Mbps
54377 ms [UE 37145] UL Throughput = 0.00000 Mbps
54419 ms [UE 46152] UL Throughput = 0.00000 Mbps
54419 ms [UE 40696] UL Throughput = 0.42385 Mbps
54419 ms [UE 55444] UL Throughput = 0.00000 Mbps
54477 ms [UE 10443] UL Throughput = 0.00000 Mbps
54477 ms [UE 44997] UL Throughput = 0.00000 Mbps
54477 ms [UE 57997] UL Throughput = 0.00000 Mbps
54477 ms [UE 37145] UL Throughput = 0.00000 Mbps
54492 ms | now=1755823096325762 us | PDCP ind_msg latency=71955341 us
54519 ms [UE 46152] UL Throughput = 0.00000 Mbps
54519 ms [UE 40696] UL Throughput = 0.00000 Mbps
54519 ms [UE 55444] UL Throughput = 0.00000 Mbps
54586 ms [UE 10443] UL Throughput = 0.00000 Mbps
54586 ms [UE 44997] UL Throughput = 0.00000 Mbps
54586 ms [UE 57997] UL Throughput = 0.00000 Mbps
54586 ms [UE 37145] UL Throughput = 0.00000 Mbps
54619 ms [UE 46152] UL Throughput = 0.00000 Mbps
54619 ms [UE 40696] UL Throughput = 0.00000 Mbps
54619 ms [UE 55444] UL Throughput = 0.00000 Mbps
54696 ms [UE 10443] UL Throughput = 0.00000 Mbps
54696 ms [UE 44997] UL Throughput = 0.00000 Mbps
54696 ms [UE 57997] UL Throughput = 0.00000 Mbps
54696 ms [UE 37145] UL Throughput = 0.00000 Mbps
54729 ms [UE 46152] UL Throughput = 0.53506 Mbps
54729 ms [UE 40696] UL Throughput = 0.00000 Mbps
54729 ms [UE 55444] UL Throughput = 0.00000 Mbps
54806 ms [UE 10443] UL Throughput = 0.00000 Mbps
54806 ms [UE 44997] UL Throughput = 0.00000 Mbps
54806 ms [UE 57997] UL Throughput = 0.00000 Mbps
54806 ms [UE 37145] UL Throughput = 0.00000 Mbps
54839 ms [UE 46152] UL Throughput = 0.00000 Mbps
54839 ms [UE 40696] UL Throughput = 0.00000 Mbps
54839 ms [UE 55444] UL Throughput = 0.00000 Mbps
54906 ms [UE 10443] UL Throughput = 0.00000 Mbps
54906 ms [UE 44997] UL Throughput = 0.00000 Mbps
54906 ms [UE 57997] UL Throughput = 0.00000 Mbps
54906 ms [UE 37145] UL Throughput = 0.00000 Mbps
54940 ms [UE 46152] UL Throughput = 0.00000 Mbps
54940 ms [UE 40696] UL Throughput = 0.42036 Mbps
54940 ms [UE 55444] UL Throughput = 0.00000 Mbps
55016 ms [UE 10443] UL Throughput = 0.00000 Mbps
55016 ms [UE 44997] UL Throughput = 0.00000 Mbps
55016 ms [UE 57997] UL Throughput = 0.00000 Mbps
55016 ms [UE 37145] UL Throughput = 0.00000 Mbps
55049 ms [UE 46152] UL Throughput = 0.44057 Mbps
55049 ms [UE 40696] UL Throughput = 0.00000 Mbps
55049 ms [UE 55444] UL Throughput = 0.00000 Mbps
55116 ms [UE 10443] UL Throughput = 0.00000 Mbps
55116 ms [UE 44997] UL Throughput = 0.00000 Mbps
55116 ms [UE 57997] UL Throughput = 0.00000 Mbps
55116 ms [UE 37145] UL Throughput = 0.00000 Mbps
55149 ms [UE 46152] UL Throughput = 0.00000 Mbps
55149 ms [UE 40696] UL Throughput = 0.00000 Mbps
55149 ms [UE 55444] UL Throughput = 0.00000 Mbps
55216 ms [UE 10443] UL Throughput = 0.00000 Mbps
55216 ms [UE 44997] UL Throughput = 0.00000 Mbps
55216 ms [UE 57997] UL Throughput = 0.00000 Mbps
55216 ms [UE 37145] UL Throughput = 0.00000 Mbps
55250 ms [UE 46152] UL Throughput = 0.00000 Mbps
55250 ms [UE 40696] UL Throughput = 0.00000 Mbps
55250 ms [UE 55444] UL Throughput = 0.00000 Mbps
55326 ms [UE 10443] UL Throughput = 0.00000 Mbps
55326 ms [UE 44997] UL Throughput = 0.00000 Mbps
55326 ms [UE 57997] UL Throughput = 0.00000 Mbps
55326 ms [UE 37145] UL Throughput = 0.00000 Mbps
55358 ms [UE 46152] UL Throughput = 0.00000 Mbps
55358 ms [UE 40696] UL Throughput = 0.32090 Mbps
55358 ms [UE 55444] UL Throughput = 0.00000 Mbps
55436 ms [UE 10443] UL Throughput = 0.00000 Mbps
55436 ms [UE 44997] UL Throughput = 0.00174 Mbps
55436 ms [UE 57997] UL Throughput = 0.00770 Mbps
55436 ms [UE 37145] UL Throughput = 0.00770 Mbps
55459 ms [UE 46152] UL Throughput = 0.00000 Mbps
55459 ms [UE 40696] UL Throughput = 0.00000 Mbps
55459 ms [UE 55444] UL Throughput = 0.00000 Mbps
55518 ms | now=1755823097352049 us | PDCP ind_msg latency=71954704 us
55546 ms [UE 10443] UL Throughput = 0.00000 Mbps
55546 ms [UE 44997] UL Throughput = 0.00000 Mbps
55546 ms [UE 57997] UL Throughput = 0.00000 Mbps
55546 ms [UE 37145] UL Throughput = 0.00000 Mbps
55568 ms [UE 46152] UL Throughput = 0.53637 Mbps
55568 ms [UE 40696] UL Throughput = 0.00000 Mbps
55568 ms [UE 55444] UL Throughput = 0.00000 Mbps
55646 ms [UE 10443] UL Throughput = 0.00000 Mbps
55646 ms [UE 44997] UL Throughput = 0.00000 Mbps
55646 ms [UE 57997] UL Throughput = 0.00000 Mbps
55646 ms [UE 37145] UL Throughput = 0.00000 Mbps
55669 ms [UE 46152] UL Throughput = 0.00000 Mbps
55669 ms [UE 40696] UL Throughput = 0.00000 Mbps
55669 ms [UE 55444] UL Throughput = 0.00000 Mbps
55757 ms [UE 10443] UL Throughput = 0.00174 Mbps
55757 ms [UE 44997] UL Throughput = 0.00000 Mbps
55757 ms [UE 57997] UL Throughput = 0.00770 Mbps
55757 ms [UE 37145] UL Throughput = 0.00770 Mbps
55770 ms [UE 46152] UL Throughput = 0.00000 Mbps
55770 ms [UE 40696] UL Throughput = 0.00000 Mbps
55770 ms [UE 55444] UL Throughput = 0.00000 Mbps
55857 ms [UE 10443] UL Throughput = 0.00000 Mbps
55857 ms [UE 44997] UL Throughput = 0.00000 Mbps
55857 ms [UE 57997] UL Throughput = 0.00000 Mbps
55857 ms [UE 37145] UL Throughput = 0.00000 Mbps
55879 ms [UE 46152] UL Throughput = 0.44099 Mbps
55879 ms [UE 40696] UL Throughput = 0.38906 Mbps
55879 ms [UE 55444] UL Throughput = 0.00000 Mbps
55966 ms [UE 10443] UL Throughput = 0.00000 Mbps
55966 ms [UE 44997] UL Throughput = 0.00000 Mbps
55966 ms [UE 57997] UL Throughput = 0.00778 Mbps
55966 ms [UE 37145] UL Throughput = 0.00000 Mbps
55989 ms [UE 46152] UL Throughput = 0.00000 Mbps
55989 ms [UE 40696] UL Throughput = 0.00000 Mbps
55989 ms [UE 55444] UL Throughput = 0.00000 Mbps
56066 ms [UE 10443] UL Throughput = 0.00000 Mbps
56066 ms [UE 44997] UL Throughput = 0.00000 Mbps
56066 ms [UE 57997] UL Throughput = 0.00000 Mbps
56066 ms [UE 37145] UL Throughput = 0.00000 Mbps
56089 ms [UE 46152] UL Throughput = 0.00000 Mbps
56089 ms [UE 40696] UL Throughput = 0.00000 Mbps
56089 ms [UE 55444] UL Throughput = 0.00000 Mbps
56176 ms [UE 10443] UL Throughput = 0.00000 Mbps
56176 ms [UE 44997] UL Throughput = 0.00000 Mbps
56176 ms [UE 57997] UL Throughput = 0.00000 Mbps
56176 ms [UE 37145] UL Throughput = 0.00000 Mbps
56200 ms [UE 46152] UL Throughput = 0.00000 Mbps
56200 ms [UE 40696] UL Throughput = 0.31228 Mbps
56200 ms [UE 55444] UL Throughput = 0.00000 Mbps
56286 ms [UE 10443] UL Throughput = 0.00000 Mbps
56286 ms [UE 44997] UL Throughput = 0.00000 Mbps
56286 ms [UE 57997] UL Throughput = 0.00000 Mbps
56286 ms [UE 37145] UL Throughput = 0.00000 Mbps
56309 ms [UE 46152] UL Throughput = 0.00000 Mbps
56309 ms [UE 40696] UL Throughput = 0.00000 Mbps
56309 ms [UE 55444] UL Throughput = 0.00000 Mbps
56397 ms [UE 10443] UL Throughput = 0.00000 Mbps
56397 ms [UE 44997] UL Throughput = 0.00000 Mbps
56397 ms [UE 57997] UL Throughput = 0.00000 Mbps
56397 ms [UE 37145] UL Throughput = 0.00000 Mbps
56419 ms [UE 46152] UL Throughput = 0.09587 Mbps
56419 ms [UE 40696] UL Throughput = 0.00000 Mbps
56419 ms [UE 55444] UL Throughput = 0.00000 Mbps
56506 ms [UE 10443] UL Throughput = 0.00000 Mbps
56506 ms [UE 44997] UL Throughput = 0.00000 Mbps
56506 ms [UE 57997] UL Throughput = 0.00000 Mbps
56506 ms [UE 37145] UL Throughput = 0.00000 Mbps
56519 ms [UE 46152] UL Throughput = 0.47927 Mbps
56519 ms [UE 40696] UL Throughput = 0.00000 Mbps
56519 ms [UE 55444] UL Throughput = 0.00000 Mbps
56559 ms | now=1755823098392706 us | PDCP ind_msg latency=71954372 us
56616 ms [UE 10443] UL Throughput = 0.00000 Mbps
56616 ms [UE 44997] UL Throughput = 0.00000 Mbps
56616 ms [UE 57997] UL Throughput = 0.00000 Mbps
56616 ms [UE 37145] UL Throughput = 0.00000 Mbps
56619 ms [UE 46152] UL Throughput = 0.00000 Mbps
56619 ms [UE 40696] UL Throughput = 0.00000 Mbps
56619 ms [UE 55444] UL Throughput = 0.00000 Mbps
56726 ms [UE 10443] UL Throughput = 0.00000 Mbps
56726 ms [UE 44997] UL Throughput = 0.00000 Mbps
56726 ms [UE 57997] UL Throughput = 0.00000 Mbps
56726 ms [UE 37145] UL Throughput = 0.00000 Mbps
56729 ms [UE 46152] UL Throughput = 0.00000 Mbps
56729 ms [UE 40696] UL Throughput = 0.38762 Mbps
56729 ms [UE 55444] UL Throughput = 0.00000 Mbps
56826 ms [UE 10443] UL Throughput = 0.00000 Mbps
56826 ms [UE 44997] UL Throughput = 0.00000 Mbps
56826 ms [UE 57997] UL Throughput = 0.00000 Mbps
56826 ms [UE 37145] UL Throughput = 0.00000 Mbps
56839 ms [UE 46152] UL Throughput = 0.39132 Mbps
56839 ms [UE 40696] UL Throughput = 0.00000 Mbps
56839 ms [UE 55444] UL Throughput = 0.00000 Mbps
56927 ms [UE 10443] UL Throughput = 0.00000 Mbps
56927 ms [UE 44997] UL Throughput = 0.00000 Mbps
56927 ms [UE 57997] UL Throughput = 0.00000 Mbps
56927 ms [UE 37145] UL Throughput = 0.00000 Mbps
56939 ms [UE 46152] UL Throughput = 0.00000 Mbps
56939 ms [UE 40696] UL Throughput = 0.00000 Mbps
56939 ms [UE 55444] UL Throughput = 0.00000 Mbps
57036 ms [UE 10443] UL Throughput = 0.00000 Mbps
57036 ms [UE 44997] UL Throughput = 0.00000 Mbps
57036 ms [UE 57997] UL Throughput = 0.00000 Mbps
57036 ms [UE 37145] UL Throughput = 0.00000 Mbps
57049 ms [UE 46152] UL Throughput = 0.00000 Mbps
57049 ms [UE 40696] UL Throughput = 0.00000 Mbps
57049 ms [UE 55444] UL Throughput = 0.00000 Mbps
57147 ms [UE 10443] UL Throughput = 0.00000 Mbps
57147 ms [UE 44997] UL Throughput = 0.00000 Mbps
57147 ms [UE 57997] UL Throughput = 0.00000 Mbps
57147 ms [UE 37145] UL Throughput = 0.00000 Mbps
57150 ms [UE 46152] UL Throughput = 0.00000 Mbps
57150 ms [UE 40696] UL Throughput = 0.34589 Mbps
57150 ms [UE 55444] UL Throughput = 0.00000 Mbps
57256 ms [UE 10443] UL Throughput = 0.00000 Mbps
57256 ms [UE 44997] UL Throughput = 0.00000 Mbps
57256 ms [UE 57997] UL Throughput = 0.00000 Mbps
57256 ms [UE 37145] UL Throughput = 0.00000 Mbps
57259 ms [UE 46152] UL Throughput = 0.09633 Mbps
57259 ms [UE 40696] UL Throughput = 0.00000 Mbps
57259 ms [UE 55444] UL Throughput = 0.00000 Mbps
57366 ms [UE 10443] UL Throughput = 0.00000 Mbps
57366 ms [UE 44997] UL Throughput = 0.00000 Mbps
57366 ms [UE 57997] UL Throughput = 0.00000 Mbps
57366 ms [UE 37145] UL Throughput = 0.00000 Mbps
57369 ms [UE 46152] UL Throughput = 0.40124 Mbps
57369 ms [UE 40696] UL Throughput = 0.00000 Mbps
57369 ms [UE 55444] UL Throughput = 0.00000 Mbps
57476 ms [UE 10443] UL Throughput = 0.00000 Mbps
57476 ms [UE 44997] UL Throughput = 0.00000 Mbps
57476 ms [UE 57997] UL Throughput = 0.00000 Mbps
57476 ms [UE 37145] UL Throughput = 0.00000 Mbps
57479 ms [UE 46152] UL Throughput = 0.00000 Mbps
57479 ms [UE 40696] UL Throughput = 0.00000 Mbps
57479 ms [UE 55444] UL Throughput = 0.00000 Mbps
57576 ms [UE 10443] UL Throughput = 0.00000 Mbps
57576 ms [UE 44997] UL Throughput = 0.00000 Mbps
57576 ms [UE 57997] UL Throughput = 0.00000 Mbps
57576 ms [UE 37145] UL Throughput = 0.00000 Mbps
57589 ms [UE 46152] UL Throughput = 0.00000 Mbps
57589 ms [UE 40696] UL Throughput = 0.38950 Mbps
57589 ms [UE 55444] UL Throughput = 0.00000 Mbps
57606 ms | now=1755823099439907 us | PDCP ind_msg latency=71954525 us
57677 ms [UE 10443] UL Throughput = 0.00000 Mbps
57677 ms [UE 44997] UL Throughput = 0.00000 Mbps
57677 ms [UE 57997] UL Throughput = 0.00000 Mbps
57677 ms [UE 37145] UL Throughput = 0.00000 Mbps
57690 ms [UE 46152] UL Throughput = 0.47558 Mbps
57690 ms [UE 40696] UL Throughput = 0.00000 Mbps
57690 ms [UE 55444] UL Throughput = 0.00000 Mbps
57786 ms [UE 10443] UL Throughput = 0.00000 Mbps
57786 ms [UE 44997] UL Throughput = 0.00000 Mbps
57786 ms [UE 57997] UL Throughput = 0.00000 Mbps
57786 ms [UE 37145] UL Throughput = 0.00000 Mbps
57799 ms [UE 46152] UL Throughput = 0.00000 Mbps
57799 ms [UE 40696] UL Throughput = 0.00000 Mbps
57799 ms [UE 55444] UL Throughput = 0.00000 Mbps
57887 ms [UE 10443] UL Throughput = 0.00000 Mbps
57887 ms [UE 44997] UL Throughput = 0.00000 Mbps
57887 ms [UE 57997] UL Throughput = 0.00000 Mbps
57887 ms [UE 37145] UL Throughput = 0.00000 Mbps
57899 ms [UE 46152] UL Throughput = 0.00000 Mbps
57899 ms [UE 40696] UL Throughput = 0.00000 Mbps
57899 ms [UE 55444] UL Throughput = 0.00000 Mbps
57996 ms [UE 10443] UL Throughput = 0.00000 Mbps
57996 ms [UE 44997] UL Throughput = 0.00000 Mbps
57996 ms [UE 57997] UL Throughput = 0.00000 Mbps
57996 ms [UE 37145] UL Throughput = 0.00000 Mbps
58008 ms [UE 46152] UL Throughput = 0.00000 Mbps
58008 ms [UE 40696] UL Throughput = 0.28628 Mbps
58008 ms [UE 55444] UL Throughput = 0.00000 Mbps
58097 ms [UE 10443] UL Throughput = 0.00000 Mbps
58097 ms [UE 44997] UL Throughput = 0.00000 Mbps
58097 ms [UE 57997] UL Throughput = 0.00000 Mbps
58097 ms [UE 37145] UL Throughput = 0.00000 Mbps
58109 ms [UE 46152] UL Throughput = 0.10432 Mbps
58109 ms [UE 40696] UL Throughput = 0.00000 Mbps
58109 ms [UE 55444] UL Throughput = 0.00000 Mbps
58206 ms [UE 10443] UL Throughput = 0.00000 Mbps
58206 ms [UE 44997] UL Throughput = 0.00000 Mbps
58206 ms [UE 57997] UL Throughput = 0.00000 Mbps
58206 ms [UE 37145] UL Throughput = 0.00000 Mbps
58221 ms [UE 46152] UL Throughput = 0.42907 Mbps
58221 ms [UE 40696] UL Throughput = 0.00000 Mbps
58221 ms [UE 55444] UL Throughput = 0.00000 Mbps
58316 ms [UE 10443] UL Throughput = 0.00000 Mbps
58316 ms [UE 44997] UL Throughput = 0.00000 Mbps
58316 ms [UE 57997] UL Throughput = 0.00000 Mbps
58316 ms [UE 37145] UL Throughput = 0.00000 Mbps
58329 ms [UE 46152] UL Throughput = 0.00000 Mbps
58329 ms [UE 40696] UL Throughput = 0.00000 Mbps
58329 ms [UE 55444] UL Throughput = 0.00000 Mbps
58416 ms [UE 10443] UL Throughput = 0.00000 Mbps
58416 ms [UE 44997] UL Throughput = 0.00000 Mbps
58416 ms [UE 57997] UL Throughput = 0.00000 Mbps
58416 ms [UE 37145] UL Throughput = 0.00000 Mbps
58438 ms [UE 46152] UL Throughput = 0.00000 Mbps
58438 ms [UE 40696] UL Throughput = 0.38897 Mbps
58438 ms [UE 55444] UL Throughput = 0.00000 Mbps
58526 ms [UE 10443] UL Throughput = 0.00000 Mbps
58526 ms [UE 44997] UL Throughput = 0.00000 Mbps
58526 ms [UE 57997] UL Throughput = 0.00000 Mbps
58526 ms [UE 37145] UL Throughput = 0.00000 Mbps
58539 ms [UE 46152] UL Throughput = 0.48064 Mbps
58539 ms [UE 40696] UL Throughput = 0.00000 Mbps
58539 ms [UE 55444] UL Throughput = 0.00000 Mbps
58626 ms [UE 10443] UL Throughput = 0.00000 Mbps
58626 ms [UE 44997] UL Throughput = 0.00000 Mbps
58626 ms [UE 57997] UL Throughput = 0.00000 Mbps
58626 ms [UE 37145] UL Throughput = 0.00000 Mbps
58649 ms | now=1755823100482881 us | PDCP ind_msg latency=71955520 us
58649 ms [UE 46152] UL Throughput = 0.00000 Mbps
58649 ms [UE 40696] UL Throughput = 0.00000 Mbps
58649 ms [UE 55444] UL Throughput = 0.00000 Mbps
58736 ms [UE 10443] UL Throughput = 0.00000 Mbps
58736 ms [UE 44997] UL Throughput = 0.00000 Mbps
58736 ms [UE 57997] UL Throughput = 0.00000 Mbps
58736 ms [UE 37145] UL Throughput = 0.00000 Mbps
58759 ms [UE 46152] UL Throughput = 0.43773 Mbps
58759 ms [UE 40696] UL Throughput = 0.06979 Mbps
58759 ms [UE 55444] UL Throughput = 0.00000 Mbps
58846 ms [UE 10443] UL Throughput = 0.00000 Mbps
58846 ms [UE 44997] UL Throughput = 0.00000 Mbps
58846 ms [UE 57997] UL Throughput = 0.00000 Mbps
58846 ms [UE 37145] UL Throughput = 0.00000 Mbps
58869 ms [UE 46152] UL Throughput = 0.00000 Mbps
58869 ms [UE 40696] UL Throughput = 0.00000 Mbps
58869 ms [UE 55444] UL Throughput = 0.00000 Mbps
58946 ms [UE 10443] UL Throughput = 0.00000 Mbps
58946 ms [UE 44997] UL Throughput = 0.00000 Mbps
58946 ms [UE 57997] UL Throughput = 0.00000 Mbps
58946 ms [UE 37145] UL Throughput = 0.00000 Mbps
58979 ms [UE 46152] UL Throughput = 0.00000 Mbps
58979 ms [UE 40696] UL Throughput = 0.06987 Mbps
58979 ms [UE 55444] UL Throughput = 0.00000 Mbps
59046 ms [UE 10443] UL Throughput = 0.00000 Mbps
59046 ms [UE 44997] UL Throughput = 0.00000 Mbps
59046 ms [UE 57997] UL Throughput = 0.00000 Mbps
59046 ms [UE 37145] UL Throughput = 0.00000 Mbps
59079 ms [UE 46152] UL Throughput = 0.00000 Mbps
59079 ms [UE 40696] UL Throughput = 0.31207 Mbps
59079 ms [UE 55444] UL Throughput = 0.00000 Mbps
59157 ms [UE 10443] UL Throughput = 0.00000 Mbps
59157 ms [UE 44997] UL Throughput = 0.00000 Mbps
59157 ms [UE 57997] UL Throughput = 0.00000 Mbps
59157 ms [UE 37145] UL Throughput = 0.00000 Mbps
59180 ms [UE 46152] UL Throughput = 0.00000 Mbps
59180 ms [UE 40696] UL Throughput = 0.00000 Mbps
59180 ms [UE 55444] UL Throughput = 0.00000 Mbps
59266 ms [UE 10443] UL Throughput = 0.00000 Mbps
59266 ms [UE 44997] UL Throughput = 0.00000 Mbps
59266 ms [UE 57997] UL Throughput = 0.00000 Mbps
59266 ms [UE 37145] UL Throughput = 0.00000 Mbps
59281 ms [UE 46152] UL Throughput = 0.10425 Mbps
59281 ms [UE 40696] UL Throughput = 0.00000 Mbps
59281 ms [UE 55444] UL Throughput = 0.00000 Mbps
59366 ms [UE 10443] UL Throughput = 0.00000 Mbps
59366 ms [UE 44997] UL Throughput = 0.00000 Mbps
59366 ms [UE 57997] UL Throughput = 0.00000 Mbps
59366 ms [UE 37145] UL Throughput = 0.00000 Mbps
59389 ms [UE 46152] UL Throughput = 0.44588 Mbps
59389 ms [UE 40696] UL Throughput = 0.32228 Mbps
59389 ms [UE 55444] UL Throughput = 0.00000 Mbps
59466 ms [UE 10443] UL Throughput = 0.00000 Mbps
59466 ms [UE 44997] UL Throughput = 0.00000 Mbps
59466 ms [UE 57997] UL Throughput = 0.00000 Mbps
59466 ms [UE 37145] UL Throughput = 0.00000 Mbps
59489 ms [UE 46152] UL Throughput = 0.00000 Mbps
59489 ms [UE 40696] UL Throughput = 0.00000 Mbps
59489 ms [UE 55444] UL Throughput = 0.00000 Mbps
59567 ms [UE 10443] UL Throughput = 0.00000 Mbps
59567 ms [UE 44997] UL Throughput = 0.00000 Mbps
59567 ms [UE 57997] UL Throughput = 0.00000 Mbps
59567 ms [UE 37145] UL Throughput = 0.00000 Mbps
59599 ms [UE 46152] UL Throughput = 0.00000 Mbps
59599 ms [UE 40696] UL Throughput = 0.00000 Mbps
59599 ms [UE 55444] UL Throughput = 0.00000 Mbps
59676 ms [UE 10443] UL Throughput = 0.00000 Mbps
59676 ms [UE 44997] UL Throughput = 0.00000 Mbps
59676 ms [UE 57997] UL Throughput = 0.00000 Mbps
59676 ms [UE 37145] UL Throughput = 0.00000 Mbps
59705 ms | now=1755823101538656 us | PDCP ind_msg latency=71955333 us
59709 ms [UE 46152] UL Throughput = 0.43780 Mbps
59709 ms [UE 40696] UL Throughput = 0.00000 Mbps
59709 ms [UE 55444] UL Throughput = 0.00000 Mbps
59786 ms [UE 10443] UL Throughput = 0.00000 Mbps
59786 ms [UE 44997] UL Throughput = 0.00000 Mbps
59786 ms [UE 57997] UL Throughput = 0.00000 Mbps
59786 ms [UE 37145] UL Throughput = 0.00000 Mbps
59809 ms [UE 46152] UL Throughput = 0.00000 Mbps
59809 ms [UE 40696] UL Throughput = 0.00000 Mbps
59809 ms [UE 55444] UL Throughput = 0.00000 Mbps
59886 ms [UE 10443] UL Throughput = 0.00000 Mbps
59886 ms [UE 44997] UL Throughput = 0.00191 Mbps
59886 ms [UE 57997] UL Throughput = 0.00846 Mbps
59886 ms [UE 37145] UL Throughput = 0.00846 Mbps
59910 ms [UE 46152] UL Throughput = 0.00000 Mbps
59910 ms [UE 40696] UL Throughput = 0.07604 Mbps
59910 ms [UE 55444] UL Throughput = 0.00000 Mbps
59996 ms [UE 10443] UL Throughput = 0.00000 Mbps
59996 ms [UE 44997] UL Throughput = 0.00000 Mbps
59996 ms [UE 57997] UL Throughput = 0.00000 Mbps
59996 ms [UE 37145] UL Throughput = 0.00000 Mbps
60018 ms [UE 46152] UL Throughput = 0.00000 Mbps
60018 ms [UE 40696] UL Throughput = 0.32101 Mbps
60018 ms [UE 55444] UL Throughput = 0.00000 Mbps
60096 ms [UE 10443] UL Throughput = 0.00000 Mbps
60096 ms [UE 44997] UL Throughput = 0.00000 Mbps
60096 ms [UE 57997] UL Throughput = 0.00000 Mbps
60096 ms [UE 37145] UL Throughput = 0.00000 Mbps
60119 ms [UE 46152] UL Throughput = 0.00000 Mbps
60119 ms [UE 40696] UL Throughput = 0.00000 Mbps
60119 ms [UE 55444] UL Throughput = 0.00000 Mbps
60206 ms [UE 10443] UL Throughput = 0.00175 Mbps
60206 ms [UE 44997] UL Throughput = 0.00000 Mbps
60206 ms [UE 57997] UL Throughput = 0.00774 Mbps
60206 ms [UE 37145] UL Throughput = 0.00774 Mbps
60229 ms [UE 46152] UL Throughput = 0.09534 Mbps
60229 ms [UE 40696] UL Throughput = 0.00000 Mbps
60229 ms [UE 55444] UL Throughput = 0.00000 Mbps
60316 ms [UE 10443] UL Throughput = 0.00000 Mbps
60316 ms [UE 44997] UL Throughput = 0.00000 Mbps
60316 ms [UE 57997] UL Throughput = 0.00000 Mbps
60316 ms [UE 37145] UL Throughput = 0.00000 Mbps
60339 ms [UE 46152] UL Throughput = 0.44108 Mbps
60339 ms [UE 40696] UL Throughput = 0.28607 Mbps
60339 ms [UE 55444] UL Throughput = 0.00000 Mbps
60416 ms [UE 10443] UL Throughput = 0.00000 Mbps
60416 ms [UE 44997] UL Throughput = 0.00000 Mbps
60416 ms [UE 57997] UL Throughput = 0.00847 Mbps
60416 ms [UE 37145] UL Throughput = 0.00000 Mbps
60439 ms [UE 46152] UL Throughput = 0.00000 Mbps
60439 ms [UE 40696] UL Throughput = 0.00000 Mbps
60439 ms [UE 55444] UL Throughput = 0.00000 Mbps
60526 ms [UE 10443] UL Throughput = 0.00000 Mbps
60526 ms [UE 44997] UL Throughput = 0.00000 Mbps
60526 ms [UE 57997] UL Throughput = 0.00000 Mbps
60526 ms [UE 37145] UL Throughput = 0.00000 Mbps
60539 ms [UE 46152] UL Throughput = 0.00000 Mbps
60539 ms [UE 40696] UL Throughput = 0.00000 Mbps
60539 ms [UE 55444] UL Throughput = 0.00000 Mbps
60636 ms [UE 10443] UL Throughput = 0.00000 Mbps
60636 ms [UE 44997] UL Throughput = 0.00000 Mbps
60636 ms [UE 57997] UL Throughput = 0.00000 Mbps
60636 ms [UE 37145] UL Throughput = 0.00000 Mbps
60640 ms [UE 46152] UL Throughput = 0.48106 Mbps
60640 ms [UE 40696] UL Throughput = 0.00000 Mbps
60640 ms [UE 55444] UL Throughput = 0.00000 Mbps
60737 ms [UE 10443] UL Throughput = 0.00000 Mbps
60737 ms [UE 44997] UL Throughput = 0.00000 Mbps
60737 ms [UE 57997] UL Throughput = 0.00000 Mbps
60737 ms [UE 37145] UL Throughput = 0.00000 Mbps
60750 ms [UE 46152] UL Throughput = 0.00000 Mbps
60750 ms [UE 40696] UL Throughput = 0.00000 Mbps
60750 ms [UE 55444] UL Throughput = 0.00000 Mbps
60751 ms | now=1755823102585062 us | PDCP ind_msg latency=71954532 us
60846 ms [UE 10443] UL Throughput = 0.00000 Mbps
60846 ms [UE 44997] UL Throughput = 0.00000 Mbps
60846 ms [UE 57997] UL Throughput = 0.00000 Mbps
60846 ms [UE 37145] UL Throughput = 0.00000 Mbps
60858 ms [UE 46152] UL Throughput = 0.00000 Mbps
60858 ms [UE 40696] UL Throughput = 0.39019 Mbps
60858 ms [UE 55444] UL Throughput = 0.00000 Mbps
60956 ms [UE 10443] UL Throughput = 0.00000 Mbps
60956 ms [UE 44997] UL Throughput = 0.00000 Mbps
60956 ms [UE 57997] UL Throughput = 0.00000 Mbps
60956 ms [UE 37145] UL Throughput = 0.00000 Mbps
60959 ms [UE 46152] UL Throughput = 0.00000 Mbps
60959 ms [UE 40696] UL Throughput = 0.00000 Mbps
60959 ms [UE 55444] UL Throughput = 0.00000 Mbps
61056 ms [UE 10443] UL Throughput = 0.00000 Mbps
61056 ms [UE 44997] UL Throughput = 0.00000 Mbps
61056 ms [UE 57997] UL Throughput = 0.00000 Mbps
61056 ms [UE 37145] UL Throughput = 0.00000 Mbps
61060 ms [UE 46152] UL Throughput = 0.10340 Mbps
61060 ms [UE 40696] UL Throughput = 0.00000 Mbps
61060 ms [UE 55444] UL Throughput = 0.00000 Mbps
61167 ms [UE 10443] UL Throughput = 0.00000 Mbps
61167 ms [UE 44997] UL Throughput = 0.00000 Mbps
61167 ms [UE 57997] UL Throughput = 0.00000 Mbps
61167 ms [UE 37145] UL Throughput = 0.00000 Mbps
61169 ms [UE 46152] UL Throughput = 0.44231 Mbps
61169 ms [UE 40696] UL Throughput = 0.00000 Mbps
61169 ms [UE 55444] UL Throughput = 0.00000 Mbps
61270 ms [UE 46152] UL Throughput = 0.00000 Mbps
61270 ms [UE 40696] UL Throughput = 0.00000 Mbps
61270 ms [UE 55444] UL Throughput = 0.00000 Mbps
61277 ms [UE 10443] UL Throughput = 0.00000 Mbps
61277 ms [UE 44997] UL Throughput = 0.00000 Mbps
61277 ms [UE 57997] UL Throughput = 0.00000 Mbps
61277 ms [UE 37145] UL Throughput = 0.00000 Mbps
61379 ms [UE 46152] UL Throughput = 0.00000 Mbps
61379 ms [UE 40696] UL Throughput = 0.38950 Mbps
61379 ms [UE 55444] UL Throughput = 0.00000 Mbps
61386 ms [UE 10443] UL Throughput = 0.00000 Mbps
61386 ms [UE 44997] UL Throughput = 0.00000 Mbps
61386 ms [UE 57997] UL Throughput = 0.00000 Mbps
61386 ms [UE 37145] UL Throughput = 0.00000 Mbps
61486 ms [UE 10443] UL Throughput = 0.00000 Mbps
61486 ms [UE 44997] UL Throughput = 0.00000 Mbps
61486 ms [UE 57997] UL Throughput = 0.00000 Mbps
61486 ms [UE 37145] UL Throughput = 0.00000 Mbps
61489 ms [UE 46152] UL Throughput = 0.39058 Mbps
61489 ms [UE 40696] UL Throughput = 0.00000 Mbps
61489 ms [UE 55444] UL Throughput = 0.00000 Mbps
61589 ms [UE 46152] UL Throughput = 0.00000 Mbps
61589 ms [UE 40696] UL Throughput = 0.00000 Mbps
61589 ms [UE 55444] UL Throughput = 0.00000 Mbps
61597 ms [UE 10443] UL Throughput = 0.00000 Mbps
61597 ms [UE 44997] UL Throughput = 0.00000 Mbps
61597 ms [UE 57997] UL Throughput = 0.00000 Mbps
61597 ms [UE 37145] UL Throughput = 0.00000 Mbps
61690 ms [UE 46152] UL Throughput = 0.00000 Mbps
61690 ms [UE 40696] UL Throughput = 0.00000 Mbps
61690 ms [UE 55444] UL Throughput = 0.00000 Mbps
61706 ms [UE 10443] UL Throughput = 0.00000 Mbps
61706 ms [UE 44997] UL Throughput = 0.00000 Mbps
61706 ms [UE 57997] UL Throughput = 0.00000 Mbps
61706 ms [UE 37145] UL Throughput = 0.00000 Mbps
61800 ms [UE 46152] UL Throughput = 0.00000 Mbps
61800 ms [UE 40696] UL Throughput = 0.29290 Mbps
61800 ms [UE 55444] UL Throughput = 0.00000 Mbps
61807 ms [UE 10443] UL Throughput = 0.00000 Mbps
61807 ms [UE 44997] UL Throughput = 0.00000 Mbps
61807 ms [UE 57997] UL Throughput = 0.00000 Mbps
61807 ms [UE 37145] UL Throughput = 0.00000 Mbps
61812 ms | now=1755823103645552 us | PDCP ind_msg latency=71954229 us
61909 ms [UE 46152] UL Throughput = 0.00000 Mbps
61909 ms [UE 40696] UL Throughput = 0.00000 Mbps
61909 ms [UE 55444] UL Throughput = 0.00000 Mbps
61916 ms [UE 10443] UL Throughput = 0.00000 Mbps
61916 ms [UE 44997] UL Throughput = 0.00000 Mbps
61916 ms [UE 57997] UL Throughput = 0.00000 Mbps
61916 ms [UE 37145] UL Throughput = 0.00000 Mbps
62009 ms [UE 46152] UL Throughput = 0.54422 Mbps
62009 ms [UE 40696] UL Throughput = 0.32192 Mbps
62009 ms [UE 55444] UL Throughput = 0.00000 Mbps
62016 ms [UE 10443] UL Throughput = 0.00000 Mbps
62016 ms [UE 44997] UL Throughput = 0.00000 Mbps
62016 ms [UE 57997] UL Throughput = 0.00000 Mbps
62016 ms [UE 37145] UL Throughput = 0.00000 Mbps
62119 ms [UE 46152] UL Throughput = 0.00000 Mbps
62119 ms [UE 40696] UL Throughput = 0.00000 Mbps
62119 ms [UE 55444] UL Throughput = 0.00000 Mbps
62126 ms [UE 10443] UL Throughput = 0.00000 Mbps
62126 ms [UE 44997] UL Throughput = 0.00000 Mbps
62126 ms [UE 57997] UL Throughput = 0.00000 Mbps
62126 ms [UE 37145] UL Throughput = 0.00000 Mbps
62219 ms [UE 46152] UL Throughput = 0.00000 Mbps
62219 ms [UE 40696] UL Throughput = 0.00000 Mbps
62219 ms [UE 55444] UL Throughput = 0.00000 Mbps
62226 ms [UE 10443] UL Throughput = 0.00000 Mbps
62226 ms [UE 44997] UL Throughput = 0.00000 Mbps
62226 ms [UE 57997] UL Throughput = 0.00000 Mbps
62226 ms [UE 37145] UL Throughput = 0.00000 Mbps
62329 ms [UE 46152] UL Throughput = 0.43837 Mbps
62329 ms [UE 40696] UL Throughput = 0.00000 Mbps
62329 ms [UE 55444] UL Throughput = 0.00000 Mbps
62336 ms [UE 10443] UL Throughput = 0.00000 Mbps
62336 ms [UE 44997] UL Throughput = 0.00000 Mbps
62336 ms [UE 57997] UL Throughput = 0.00000 Mbps
62336 ms [UE 37145] UL Throughput = 0.00000 Mbps
62437 ms [UE 10443] UL Throughput = 0.00000 Mbps
62437 ms [UE 44997] UL Throughput = 0.00000 Mbps
62437 ms [UE 57997] UL Throughput = 0.00000 Mbps
62437 ms [UE 37145] UL Throughput = 0.00000 Mbps
62441 ms [UE 46152] UL Throughput = 0.00000 Mbps
62441 ms [UE 40696] UL Throughput = 0.00000 Mbps
62441 ms [UE 55444] UL Throughput = 0.00000 Mbps
62546 ms [UE 10443] UL Throughput = 0.00000 Mbps
62546 ms [UE 44997] UL Throughput = 0.00000 Mbps
62546 ms [UE 57997] UL Throughput = 0.00000 Mbps
62546 ms [UE 37145] UL Throughput = 0.00000 Mbps
62549 ms [UE 46152] UL Throughput = 0.00000 Mbps
62549 ms [UE 40696] UL Throughput = 0.39181 Mbps
62549 ms [UE 55444] UL Throughput = 0.00000 Mbps
62649 ms [UE 46152] UL Throughput = 0.00000 Mbps
62649 ms [UE 40696] UL Throughput = 0.00000 Mbps
62649 ms [UE 55444] UL Throughput = 0.00000 Mbps
62656 ms [UE 10443] UL Throughput = 0.00000 Mbps
62656 ms [UE 44997] UL Throughput = 0.00000 Mbps
62656 ms [UE 57997] UL Throughput = 0.00000 Mbps
62656 ms [UE 37145] UL Throughput = 0.00000 Mbps
62750 ms [UE 46152] UL Throughput = 0.10464 Mbps
62750 ms [UE 40696] UL Throughput = 0.00000 Mbps
62750 ms [UE 55444] UL Throughput = 0.00000 Mbps
62757 ms [UE 10443] UL Throughput = 0.00000 Mbps
62757 ms [UE 44997] UL Throughput = 0.00000 Mbps
62757 ms [UE 57997] UL Throughput = 0.00000 Mbps
62757 ms [UE 37145] UL Throughput = 0.00000 Mbps
62859 ms [UE 46152] UL Throughput = 0.43914 Mbps
62859 ms [UE 40696] UL Throughput = 0.31741 Mbps
62859 ms [UE 55444] UL Throughput = 0.00000 Mbps
62866 ms [UE 10443] UL Throughput = 0.00000 Mbps
62866 ms [UE 44997] UL Throughput = 0.00000 Mbps
62866 ms [UE 57997] UL Throughput = 0.00000 Mbps
62866 ms [UE 37145] UL Throughput = 0.00000 Mbps
62867 ms | now=1755823104700721 us | PDCP ind_msg latency=71954351 us
62960 ms [UE 46152] UL Throughput = 0.00000 Mbps
62960 ms [UE 40696] UL Throughput = 0.00000 Mbps
62960 ms [UE 55444] UL Throughput = 0.00000 Mbps
62966 ms [UE 10443] UL Throughput = 0.00000 Mbps
62966 ms [UE 44997] UL Throughput = 0.00000 Mbps
62966 ms [UE 57997] UL Throughput = 0.00000 Mbps
62966 ms [UE 37145] UL Throughput = 0.00000 Mbps
63069 ms [UE 46152] UL Throughput = 0.00000 Mbps
63069 ms [UE 40696] UL Throughput = 0.00000 Mbps
63069 ms [UE 55444] UL Throughput = 0.00000 Mbps
63077 ms [UE 10443] UL Throughput = 0.00000 Mbps
63077 ms [UE 44997] UL Throughput = 0.00000 Mbps
63077 ms [UE 57997] UL Throughput = 0.00000 Mbps
63077 ms [UE 37145] UL Throughput = 0.00000 Mbps
63179 ms [UE 46152] UL Throughput = 0.43871 Mbps
63179 ms [UE 40696] UL Throughput = 0.00000 Mbps
63179 ms [UE 55444] UL Throughput = 0.00000 Mbps
63186 ms [UE 10443] UL Throughput = 0.00000 Mbps
63186 ms [UE 44997] UL Throughput = 0.00000 Mbps
63186 ms [UE 57997] UL Throughput = 0.00000 Mbps
63186 ms [UE 37145] UL Throughput = 0.00000 Mbps
63287 ms [UE 10443] UL Throughput = 0.00000 Mbps
63287 ms [UE 44997] UL Throughput = 0.00000 Mbps
63287 ms [UE 57997] UL Throughput = 0.00000 Mbps
63287 ms [UE 37145] UL Throughput = 0.00000 Mbps
63290 ms [UE 46152] UL Throughput = 0.00000 Mbps
63290 ms [UE 40696] UL Throughput = 0.00000 Mbps
63290 ms [UE 55444] UL Throughput = 0.00000 Mbps
63396 ms [UE 10443] UL Throughput = 0.00000 Mbps
63396 ms [UE 44997] UL Throughput = 0.00000 Mbps
63396 ms [UE 57997] UL Throughput = 0.00000 Mbps
63396 ms [UE 37145] UL Throughput = 0.00000 Mbps
63399 ms [UE 46152] UL Throughput = 0.00000 Mbps
63399 ms [UE 40696] UL Throughput = 0.38693 Mbps
63399 ms [UE 55444] UL Throughput = 0.00000 Mbps
63496 ms [UE 10443] UL Throughput = 0.00000 Mbps
63496 ms [UE 44997] UL Throughput = 0.00000 Mbps
63496 ms [UE 57997] UL Throughput = 0.00000 Mbps
63496 ms [UE 37145] UL Throughput = 0.00000 Mbps
63509 ms [UE 46152] UL Throughput = 0.00000 Mbps
63509 ms [UE 40696] UL Throughput = 0.00000 Mbps
63509 ms [UE 55444] UL Throughput = 0.00000 Mbps
63596 ms [UE 10443] UL Throughput = 0.00000 Mbps
63596 ms [UE 44997] UL Throughput = 0.00000 Mbps
63596 ms [UE 57997] UL Throughput = 0.00000 Mbps
63596 ms [UE 37145] UL Throughput = 0.00000 Mbps
63609 ms [UE 46152] UL Throughput = 0.10438 Mbps
63609 ms [UE 40696] UL Throughput = 0.00000 Mbps
63609 ms [UE 55444] UL Throughput = 0.00000 Mbps
63706 ms [UE 10443] UL Throughput = 0.00000 Mbps
63706 ms [UE 44997] UL Throughput = 0.00000 Mbps
63706 ms [UE 57997] UL Throughput = 0.00000 Mbps
63706 ms [UE 37145] UL Throughput = 0.00000 Mbps
63709 ms [UE 46152] UL Throughput = 0.48113 Mbps
63709 ms [UE 40696] UL Throughput = 0.31204 Mbps
63709 ms [UE 55444] UL Throughput = 0.00000 Mbps
63806 ms [UE 10443] UL Throughput = 0.00000 Mbps
63806 ms [UE 44997] UL Throughput = 0.00000 Mbps
63806 ms [UE 57997] UL Throughput = 0.00000 Mbps
63806 ms [UE 37145] UL Throughput = 0.00000 Mbps
63810 ms [UE 46152] UL Throughput = 0.00000 Mbps
63810 ms [UE 40696] UL Throughput = 0.00000 Mbps
63810 ms [UE 55444] UL Throughput = 0.00000 Mbps
63905 ms | now=1755823105738783 us | PDCP ind_msg latency=71954444 us
63916 ms [UE 10443] UL Throughput = 0.00000 Mbps
63916 ms [UE 44997] UL Throughput = 0.00000 Mbps
63916 ms [UE 57997] UL Throughput = 0.00000 Mbps
63916 ms [UE 37145] UL Throughput = 0.00000 Mbps
63919 ms [UE 46152] UL Throughput = 0.53476 Mbps
63919 ms [UE 40696] UL Throughput = 0.00000 Mbps
63919 ms [UE 55444] UL Throughput = 0.00000 Mbps
64016 ms [UE 10443] UL Throughput = 0.00000 Mbps
64016 ms [UE 44997] UL Throughput = 0.00000 Mbps
64016 ms [UE 57997] UL Throughput = 0.00000 Mbps
64016 ms [UE 37145] UL Throughput = 0.00000 Mbps
64030 ms [UE 46152] UL Throughput = 0.00000 Mbps
64030 ms [UE 40696] UL Throughput = 0.00000 Mbps
64030 ms [UE 55444] UL Throughput = 0.00000 Mbps
64117 ms [UE 10443] UL Throughput = 0.00000 Mbps
64117 ms [UE 44997] UL Throughput = 0.00000 Mbps
64117 ms [UE 57997] UL Throughput = 0.00000 Mbps
64117 ms [UE 37145] UL Throughput = 0.00000 Mbps
64139 ms [UE 46152] UL Throughput = 0.00000 Mbps
64139 ms [UE 40696] UL Throughput = 0.00000 Mbps
64139 ms [UE 55444] UL Throughput = 0.00000 Mbps
64226 ms [UE 10443] UL Throughput = 0.00000 Mbps
64226 ms [UE 44997] UL Throughput = 0.00000 Mbps
64226 ms [UE 57997] UL Throughput = 0.00000 Mbps
64226 ms [UE 37145] UL Throughput = 0.00000 Mbps
64239 ms [UE 46152] UL Throughput = 0.00000 Mbps
64239 ms [UE 40696] UL Throughput = 0.42467 Mbps
64239 ms [UE 55444] UL Throughput = 0.00000 Mbps
64326 ms [UE 10443] UL Throughput = 0.00000 Mbps
64326 ms [UE 44997] UL Throughput = 0.00000 Mbps
64326 ms [UE 57997] UL Throughput = 0.00000 Mbps
64326 ms [UE 37145] UL Throughput = 0.00000 Mbps
64339 ms [UE 46152] UL Throughput = 0.00000 Mbps
64339 ms [UE 40696] UL Throughput = 0.00000 Mbps
64339 ms [UE 55444] UL Throughput = 0.00000 Mbps
64426 ms [UE 10443] UL Throughput = 0.00000 Mbps
64426 ms [UE 44997] UL Throughput = 0.00191 Mbps
64426 ms [UE 57997] UL Throughput = 0.00845 Mbps
64426 ms [UE 37145] UL Throughput = 0.00845 Mbps
64449 ms [UE 46152] UL Throughput = 0.00000 Mbps
64449 ms [UE 40696] UL Throughput = 0.00000 Mbps
64449 ms [UE 55444] UL Throughput = 0.00000 Mbps
64536 ms [UE 10443] UL Throughput = 0.00000 Mbps
64536 ms [UE 44997] UL Throughput = 0.00000 Mbps
64536 ms [UE 57997] UL Throughput = 0.00000 Mbps
64536 ms [UE 37145] UL Throughput = 0.00000 Mbps
64560 ms [UE 46152] UL Throughput = 0.52754 Mbps
64560 ms [UE 40696] UL Throughput = 0.00000 Mbps
64560 ms [UE 55444] UL Throughput = 0.00000 Mbps
64636 ms [UE 10443] UL Throughput = 0.00000 Mbps
64636 ms [UE 44997] UL Throughput = 0.00000 Mbps
64636 ms [UE 57997] UL Throughput = 0.00000 Mbps
64636 ms [UE 37145] UL Throughput = 0.00000 Mbps
64669 ms [UE 46152] UL Throughput = 0.00000 Mbps
64669 ms [UE 40696] UL Throughput = 0.00000 Mbps
64669 ms [UE 55444] UL Throughput = 0.00000 Mbps
64737 ms [UE 10443] UL Throughput = 0.00192 Mbps
64737 ms [UE 44997] UL Throughput = 0.00000 Mbps
64737 ms [UE 57997] UL Throughput = 0.00847 Mbps
64737 ms [UE 37145] UL Throughput = 0.00847 Mbps
64769 ms [UE 46152] UL Throughput = 0.00000 Mbps
64769 ms [UE 40696] UL Throughput = 0.00000 Mbps
64769 ms [UE 55444] UL Throughput = 0.00000 Mbps
64837 ms [UE 10443] UL Throughput = 0.00000 Mbps
64837 ms [UE 44997] UL Throughput = 0.00000 Mbps
64837 ms [UE 57997] UL Throughput = 0.00000 Mbps
64837 ms [UE 37145] UL Throughput = 0.00000 Mbps
64879 ms [UE 46152] UL Throughput = 0.00000 Mbps
64879 ms [UE 40696] UL Throughput = 0.38568 Mbps
64879 ms [UE 55444] UL Throughput = 0.00000 Mbps
64946 ms [UE 10443] UL Throughput = 0.00000 Mbps
64946 ms [UE 44997] UL Throughput = 0.00000 Mbps
64946 ms [UE 57997] UL Throughput = 0.00000 Mbps
64946 ms [UE 37145] UL Throughput = 0.00000 Mbps
64977 ms | now=1755823106810692 us | PDCP ind_msg latency=71954349 us
64989 ms [UE 46152] UL Throughput = 0.00000 Mbps
64989 ms [UE 40696] UL Throughput = 0.00000 Mbps
64989 ms [UE 55444] UL Throughput = 0.00000 Mbps
65056 ms [UE 10443] UL Throughput = 0.00000 Mbps
65056 ms [UE 44997] UL Throughput = 0.00000 Mbps
65056 ms [UE 57997] UL Throughput = 0.00771 Mbps
65056 ms [UE 37145] UL Throughput = 0.00000 Mbps
65090 ms [UE 46152] UL Throughput = 0.58543 Mbps
65090 ms [UE 40696] UL Throughput = 0.00000 Mbps
65090 ms [UE 55444] UL Throughput = 0.00000 Mbps
65156 ms [UE 10443] UL Throughput = 0.00000 Mbps
65156 ms [UE 44997] UL Throughput = 0.00000 Mbps
65156 ms [UE 57997] UL Throughput = 0.00000 Mbps
65156 ms [UE 37145] UL Throughput = 0.00000 Mbps
65190 ms [UE 46152] UL Throughput = 0.00000 Mbps
65190 ms [UE 40696] UL Throughput = 0.34724 Mbps
65190 ms [UE 55444] UL Throughput = 0.00000 Mbps
65256 ms [UE 10443] UL Throughput = 0.00000 Mbps
65256 ms [UE 44997] UL Throughput = 0.00000 Mbps
65256 ms [UE 57997] UL Throughput = 0.00000 Mbps
65256 ms [UE 37145] UL Throughput = 0.00000 Mbps
65299 ms [UE 46152] UL Throughput = 0.00000 Mbps
65299 ms [UE 40696] UL Throughput = 0.00000 Mbps
65299 ms [UE 55444] UL Throughput = 0.00000 Mbps
65367 ms [UE 10443] UL Throughput = 0.00000 Mbps
65367 ms [UE 44997] UL Throughput = 0.00000 Mbps
65367 ms [UE 57997] UL Throughput = 0.00000 Mbps
65367 ms [UE 37145] UL Throughput = 0.00000 Mbps
65409 ms [UE 46152] UL Throughput = 0.00000 Mbps
65409 ms [UE 40696] UL Throughput = 0.00000 Mbps
65409 ms [UE 55444] UL Throughput = 0.00000 Mbps
65476 ms [UE 10443] UL Throughput = 0.00000 Mbps
65476 ms [UE 44997] UL Throughput = 0.00000 Mbps
65476 ms [UE 57997] UL Throughput = 0.00000 Mbps
65476 ms [UE 37145] UL Throughput = 0.00000 Mbps
65510 ms [UE 46152] UL Throughput = 0.00000 Mbps
65510 ms [UE 40696] UL Throughput = 0.00000 Mbps
65510 ms [UE 55444] UL Throughput = 0.00000 Mbps
65587 ms [UE 10443] UL Throughput = 0.00000 Mbps
65587 ms [UE 44997] UL Throughput = 0.00000 Mbps
65587 ms [UE 57997] UL Throughput = 0.00000 Mbps
65587 ms [UE 37145] UL Throughput = 0.00000 Mbps
65619 ms [UE 46152] UL Throughput = 0.00000 Mbps
65619 ms [UE 40696] UL Throughput = 0.00000 Mbps
65619 ms [UE 55444] UL Throughput = 0.00000 Mbps
65687 ms [UE 10443] UL Throughput = 0.00000 Mbps
65687 ms [UE 44997] UL Throughput = 0.00000 Mbps
65687 ms [UE 57997] UL Throughput = 0.00000 Mbps
65687 ms [UE 37145] UL Throughput = 0.00000 Mbps
65729 ms [UE 46152] UL Throughput = 0.00000 Mbps
65729 ms [UE 40696] UL Throughput = 0.38548 Mbps
65729 ms [UE 55444] UL Throughput = 0.00000 Mbps
65796 ms [UE 10443] UL Throughput = 0.00000 Mbps
65796 ms [UE 44997] UL Throughput = 0.00000 Mbps
65796 ms [UE 57997] UL Throughput = 0.00000 Mbps
65796 ms [UE 37145] UL Throughput = 0.00000 Mbps
65839 ms [UE 46152] UL Throughput = 0.00000 Mbps
65839 ms [UE 40696] UL Throughput = 0.00000 Mbps
65839 ms [UE 55444] UL Throughput = 0.00000 Mbps
65896 ms [UE 10443] UL Throughput = 0.00000 Mbps
65896 ms [UE 44997] UL Throughput = 0.00000 Mbps
65896 ms [UE 57997] UL Throughput = 0.00000 Mbps
65896 ms [UE 37145] UL Throughput = 0.00000 Mbps
65940 ms [UE 46152] UL Throughput = 0.00000 Mbps
65940 ms [UE 40696] UL Throughput = 0.07634 Mbps
65940 ms [UE 55444] UL Throughput = 0.00000 Mbps
65996 ms [UE 10443] UL Throughput = 0.00000 Mbps
65996 ms [UE 44997] UL Throughput = 0.00000 Mbps
65996 ms [UE 57997] UL Throughput = 0.00000 Mbps
65996 ms [UE 37145] UL Throughput = 0.00000 Mbps
66032 ms | now=1755823107865782 us | PDCP ind_msg latency=71954427 us
66049 ms [UE 46152] UL Throughput = 0.44240 Mbps
66049 ms [UE 40696] UL Throughput = 0.00000 Mbps
66049 ms [UE 55444] UL Throughput = 0.00000 Mbps
66096 ms [UE 10443] UL Throughput = 0.00000 Mbps
66096 ms [UE 44997] UL Throughput = 0.00000 Mbps
66096 ms [UE 57997] UL Throughput = 0.00000 Mbps
66096 ms [UE 37145] UL Throughput = 0.00000 Mbps
66149 ms [UE 46152] UL Throughput = 0.00000 Mbps
66149 ms [UE 40696] UL Throughput = 0.00000 Mbps
66149 ms [UE 55444] UL Throughput = 0.00000 Mbps
66206 ms [UE 10443] UL Throughput = 0.00000 Mbps
66206 ms [UE 44997] UL Throughput = 0.00000 Mbps
66206 ms [UE 57997] UL Throughput = 0.00000 Mbps
66206 ms [UE 37145] UL Throughput = 0.00000 Mbps
66250 ms [UE 46152] UL Throughput = 0.00000 Mbps
66250 ms [UE 40696] UL Throughput = 0.08120 Mbps
66250 ms [UE 55444] UL Throughput = 0.00000 Mbps
66317 ms [UE 10443] UL Throughput = 0.00000 Mbps
66317 ms [UE 44997] UL Throughput = 0.00000 Mbps
66317 ms [UE 57997] UL Throughput = 0.00000 Mbps
66317 ms [UE 37145] UL Throughput = 0.00000 Mbps
66359 ms [UE 46152] UL Throughput = 0.00000 Mbps
66359 ms [UE 40696] UL Throughput = 0.32043 Mbps
66359 ms [UE 55444] UL Throughput = 0.00000 Mbps
66427 ms [UE 10443] UL Throughput = 0.00000 Mbps
66427 ms [UE 44997] UL Throughput = 0.00000 Mbps
66427 ms [UE 57997] UL Throughput = 0.00000 Mbps
66427 ms [UE 37145] UL Throughput = 0.00000 Mbps
66460 ms [UE 46152] UL Throughput = 0.00000 Mbps
66460 ms [UE 40696] UL Throughput = 0.00000 Mbps
66460 ms [UE 55444] UL Throughput = 0.00000 Mbps
66536 ms [UE 10443] UL Throughput = 0.00000 Mbps
66536 ms [UE 44997] UL Throughput = 0.00000 Mbps
66536 ms [UE 57997] UL Throughput = 0.00000 Mbps
66536 ms [UE 37145] UL Throughput = 0.00000 Mbps
66569 ms [UE 46152] UL Throughput = 0.49946 Mbps
66569 ms [UE 40696] UL Throughput = 0.28606 Mbps
66569 ms [UE 55444] UL Throughput = 0.00000 Mbps
66646 ms [UE 10443] UL Throughput = 0.00000 Mbps
66646 ms [UE 44997] UL Throughput = 0.00000 Mbps
66646 ms [UE 57997] UL Throughput = 0.00000 Mbps
66646 ms [UE 37145] UL Throughput = 0.00000 Mbps
66669 ms [UE 46152] UL Throughput = 0.00000 Mbps
66669 ms [UE 40696] UL Throughput = 0.00000 Mbps
66669 ms [UE 55444] UL Throughput = 0.00000 Mbps
66747 ms [UE 10443] UL Throughput = 0.00000 Mbps
66747 ms [UE 44997] UL Throughput = 0.00000 Mbps
66747 ms [UE 57997] UL Throughput = 0.00000 Mbps
66747 ms [UE 37145] UL Throughput = 0.00000 Mbps
66778 ms [UE 46152] UL Throughput = 0.00000 Mbps
66778 ms [UE 40696] UL Throughput = 0.00000 Mbps
66778 ms [UE 55444] UL Throughput = 0.00000 Mbps
66847 ms [UE 10443] UL Throughput = 0.00000 Mbps
66847 ms [UE 44997] UL Throughput = 0.00000 Mbps
66847 ms [UE 57997] UL Throughput = 0.00000 Mbps
66847 ms [UE 37145] UL Throughput = 0.00000 Mbps
66878 ms [UE 46152] UL Throughput = 0.48142 Mbps
66878 ms [UE 40696] UL Throughput = 0.00000 Mbps
66878 ms [UE 55444] UL Throughput = 0.00000 Mbps
66957 ms [UE 10443] UL Throughput = 0.00000 Mbps
66957 ms [UE 44997] UL Throughput = 0.00000 Mbps
66957 ms [UE 57997] UL Throughput = 0.00000 Mbps
66957 ms [UE 37145] UL Throughput = 0.00000 Mbps
66979 ms [UE 46152] UL Throughput = 0.00000 Mbps
66979 ms [UE 40696] UL Throughput = 0.00000 Mbps
66979 ms [UE 55444] UL Throughput = 0.00000 Mbps
67067 ms [UE 10443] UL Throughput = 0.00000 Mbps
67067 ms [UE 44997] UL Throughput = 0.00000 Mbps
67067 ms [UE 57997] UL Throughput = 0.00000 Mbps
67067 ms [UE 37145] UL Throughput = 0.00000 Mbps
67079 ms [UE 46152] UL Throughput = 0.00000 Mbps
67079 ms [UE 40696] UL Throughput = 0.00000 Mbps
67079 ms [UE 55444] UL Throughput = 0.00000 Mbps
67094 ms | now=1755823108927546 us | PDCP ind_msg latency=71954960 us
67176 ms [UE 10443] UL Throughput = 0.00000 Mbps
67176 ms [UE 44997] UL Throughput = 0.00000 Mbps
67176 ms [UE 57997] UL Throughput = 0.00000 Mbps
67176 ms [UE 37145] UL Throughput = 0.00000 Mbps
67179 ms [UE 46152] UL Throughput = 0.00000 Mbps
67179 ms [UE 40696] UL Throughput = 0.37888 Mbps
67179 ms [UE 55444] UL Throughput = 0.00000 Mbps
67276 ms [UE 10443] UL Throughput = 0.00000 Mbps
67276 ms [UE 44997] UL Throughput = 0.00000 Mbps
67276 ms [UE 57997] UL Throughput = 0.00000 Mbps
67276 ms [UE 37145] UL Throughput = 0.00000 Mbps
67280 ms [UE 46152] UL Throughput = 0.00000 Mbps
67280 ms [UE 40696] UL Throughput = 0.00000 Mbps
67280 ms [UE 55444] UL Throughput = 0.00000 Mbps
67376 ms [UE 10443] UL Throughput = 0.00000 Mbps
67376 ms [UE 44997] UL Throughput = 0.00000 Mbps
67376 ms [UE 57997] UL Throughput = 0.00000 Mbps
67376 ms [UE 37145] UL Throughput = 0.00000 Mbps
67389 ms [UE 46152] UL Throughput = 0.53893 Mbps
67389 ms [UE 40696] UL Throughput = 0.34809 Mbps
67389 ms [UE 55444] UL Throughput = 0.00000 Mbps
67486 ms [UE 10443] UL Throughput = 0.00000 Mbps
67486 ms [UE 44997] UL Throughput = 0.00000 Mbps
67486 ms [UE 57997] UL Throughput = 0.00000 Mbps
67486 ms [UE 37145] UL Throughput = 0.00000 Mbps
67489 ms [UE 46152] UL Throughput = 0.00000 Mbps
67489 ms [UE 40696] UL Throughput = 0.00000 Mbps
67489 ms [UE 55444] UL Throughput = 0.00000 Mbps
67596 ms [UE 10443] UL Throughput = 0.00000 Mbps
67596 ms [UE 44997] UL Throughput = 0.00000 Mbps
67596 ms [UE 57997] UL Throughput = 0.00000 Mbps
67596 ms [UE 37145] UL Throughput = 0.00000 Mbps
67599 ms [UE 46152] UL Throughput = 0.00000 Mbps
67599 ms [UE 40696] UL Throughput = 0.00000 Mbps
67599 ms [UE 55444] UL Throughput = 0.00000 Mbps
67696 ms [UE 10443] UL Throughput = 0.00000 Mbps
67696 ms [UE 44997] UL Throughput = 0.00000 Mbps
67696 ms [UE 57997] UL Throughput = 0.00000 Mbps
67696 ms [UE 37145] UL Throughput = 0.00000 Mbps
67709 ms [UE 46152] UL Throughput = 0.43676 Mbps
67709 ms [UE 40696] UL Throughput = 0.07428 Mbps
67709 ms [UE 55444] UL Throughput = 0.00000 Mbps
67806 ms [UE 10443] UL Throughput = 0.00000 Mbps
67806 ms [UE 44997] UL Throughput = 0.00000 Mbps
67806 ms [UE 57997] UL Throughput = 0.00000 Mbps
67806 ms [UE 37145] UL Throughput = 0.00000 Mbps
67818 ms [UE 46152] UL Throughput = 0.00000 Mbps
67818 ms [UE 40696] UL Throughput = 0.00000 Mbps
67818 ms [UE 55444] UL Throughput = 0.00000 Mbps
67906 ms [UE 10443] UL Throughput = 0.00000 Mbps
67906 ms [UE 44997] UL Throughput = 0.00000 Mbps
67906 ms [UE 57997] UL Throughput = 0.00000 Mbps
67906 ms [UE 37145] UL Throughput = 0.00000 Mbps
67919 ms [UE 46152] UL Throughput = 0.00000 Mbps
67919 ms [UE 40696] UL Throughput = 0.08183 Mbps
67919 ms [UE 55444] UL Throughput = 0.00000 Mbps
68016 ms [UE 10443] UL Throughput = 0.00000 Mbps
68016 ms [UE 44997] UL Throughput = 0.00000 Mbps
68016 ms [UE 57997] UL Throughput = 0.00000 Mbps
68016 ms [UE 37145] UL Throughput = 0.00000 Mbps
68020 ms [UE 46152] UL Throughput = 0.00000 Mbps
68020 ms [UE 40696] UL Throughput = 0.37507 Mbps
68020 ms [UE 55444] UL Throughput = 0.00000 Mbps
68123 ms | now=1755823109956619 us | PDCP ind_msg latency=71954219 us
68126 ms [UE 10443] UL Throughput = 0.00000 Mbps
68126 ms [UE 44997] UL Throughput = 0.00000 Mbps
68126 ms [UE 57997] UL Throughput = 0.00000 Mbps
68126 ms [UE 37145] UL Throughput = 0.00000 Mbps
68128 ms [UE 46152] UL Throughput = 0.00000 Mbps
68128 ms [UE 40696] UL Throughput = 0.00000 Mbps
68128 ms [UE 55444] UL Throughput = 0.00000 Mbps
68226 ms [UE 10443] UL Throughput = 0.00000 Mbps
68226 ms [UE 44997] UL Throughput = 0.00000 Mbps
68226 ms [UE 57997] UL Throughput = 0.00000 Mbps
68226 ms [UE 37145] UL Throughput = 0.00000 Mbps
68228 ms [UE 46152] UL Throughput = 0.10498 Mbps
68228 ms [UE 40696] UL Throughput = 0.00000 Mbps
68228 ms [UE 55444] UL Throughput = 0.00000 Mbps
68326 ms [UE 10443] UL Throughput = 0.00000 Mbps
68326 ms [UE 44997] UL Throughput = 0.00000 Mbps
68326 ms [UE 57997] UL Throughput = 0.00000 Mbps
68326 ms [UE 37145] UL Throughput = 0.00000 Mbps
68329 ms [UE 46152] UL Throughput = 0.47955 Mbps
68329 ms [UE 40696] UL Throughput = 0.00000 Mbps
68329 ms [UE 55444] UL Throughput = 0.00000 Mbps
68426 ms [UE 10443] UL Throughput = 0.00000 Mbps
68426 ms [UE 44997] UL Throughput = 0.00000 Mbps
68426 ms [UE 57997] UL Throughput = 0.00000 Mbps
68426 ms [UE 37145] UL Throughput = 0.00000 Mbps
68439 ms [UE 46152] UL Throughput = 0.00000 Mbps
68439 ms [UE 40696] UL Throughput = 0.00000 Mbps
68439 ms [UE 55444] UL Throughput = 0.00000 Mbps
68528 ms [UE 10443] UL Throughput = 0.00000 Mbps
68528 ms [UE 44997] UL Throughput = 0.00000 Mbps
68528 ms [UE 57997] UL Throughput = 0.00000 Mbps
68528 ms [UE 37145] UL Throughput = 0.00000 Mbps
68549 ms [UE 46152] UL Throughput = 0.00000 Mbps
68549 ms [UE 40696] UL Throughput = 0.41929 Mbps
68549 ms [UE 55444] UL Throughput = 0.00000 Mbps
68636 ms [UE 10443] UL Throughput = 0.00000 Mbps
68636 ms [UE 44997] UL Throughput = 0.00178 Mbps
68636 ms [UE 57997] UL Throughput = 0.00784 Mbps
68636 ms [UE 37145] UL Throughput = 0.00784 Mbps
68649 ms [UE 46152] UL Throughput = 0.47870 Mbps
68649 ms [UE 40696] UL Throughput = 0.00000 Mbps
68649 ms [UE 55444] UL Throughput = 0.00000 Mbps
68736 ms [UE 10443] UL Throughput = 0.00000 Mbps
68736 ms [UE 44997] UL Throughput = 0.00000 Mbps
68736 ms [UE 57997] UL Throughput = 0.00000 Mbps
68736 ms [UE 37145] UL Throughput = 0.00000 Mbps
68761 ms [UE 46152] UL Throughput = 0.00000 Mbps
68761 ms [UE 40696] UL Throughput = 0.00000 Mbps
68761 ms [UE 55444] UL Throughput = 0.00000 Mbps
68837 ms [UE 10443] UL Throughput = 0.00000 Mbps
68837 ms [UE 44997] UL Throughput = 0.00000 Mbps
68837 ms [UE 57997] UL Throughput = 0.00000 Mbps
68837 ms [UE 37145] UL Throughput = 0.00000 Mbps
68869 ms [UE 46152] UL Throughput = 0.00000 Mbps
68869 ms [UE 40696] UL Throughput = 0.00000 Mbps
68869 ms [UE 55444] UL Throughput = 0.00000 Mbps
68937 ms [UE 10443] UL Throughput = 0.00000 Mbps
68937 ms [UE 44997] UL Throughput = 0.00000 Mbps
68937 ms [UE 57997] UL Throughput = 0.00000 Mbps
68937 ms [UE 37145] UL Throughput = 0.00000 Mbps
68979 ms [UE 46152] UL Throughput = 0.00000 Mbps
68979 ms [UE 40696] UL Throughput = 0.00000 Mbps
68979 ms [UE 55444] UL Throughput = 0.00000 Mbps
69047 ms [UE 10443] UL Throughput = 0.00000 Mbps
69047 ms [UE 44997] UL Throughput = 0.00000 Mbps
69047 ms [UE 57997] UL Throughput = 0.00000 Mbps
69047 ms [UE 37145] UL Throughput = 0.00000 Mbps
69079 ms [UE 46152] UL Throughput = 0.00000 Mbps
69079 ms [UE 40696] UL Throughput = 0.00000 Mbps
69079 ms [UE 55444] UL Throughput = 0.00000 Mbps
69157 ms [UE 10443] UL Throughput = 0.00000 Mbps
69157 ms [UE 44997] UL Throughput = 0.00174 Mbps
69157 ms [UE 57997] UL Throughput = 0.00767 Mbps
69157 ms [UE 37145] UL Throughput = 0.00767 Mbps
69157 ms | now=1755823110991013 us | PDCP ind_msg latency=71954635 us
69189 ms [UE 46152] UL Throughput = 0.53481 Mbps
69189 ms [UE 40696] UL Throughput = 0.00000 Mbps
69189 ms [UE 55444] UL Throughput = 0.00000 Mbps
69266 ms [UE 10443] UL Throughput = 0.00000 Mbps
69266 ms [UE 44997] UL Throughput = 0.00000 Mbps
69266 ms [UE 57997] UL Throughput = 0.00000 Mbps
69266 ms [UE 37145] UL Throughput = 0.00000 Mbps
69298 ms [UE 46152] UL Throughput = 0.00000 Mbps
69298 ms [UE 40696] UL Throughput = 0.00000 Mbps
69298 ms [UE 55444] UL Throughput = 0.00000 Mbps
69366 ms [UE 10443] UL Throughput = 0.00000 Mbps
69366 ms [UE 44997] UL Throughput = 0.00000 Mbps
69366 ms [UE 57997] UL Throughput = 0.00000 Mbps
69366 ms [UE 37145] UL Throughput = 0.00000 Mbps
69399 ms [UE 46152] UL Throughput = 0.00000 Mbps
69399 ms [UE 40696] UL Throughput = 0.00000 Mbps
69399 ms [UE 55444] UL Throughput = 0.00000 Mbps
69478 ms [UE 10443] UL Throughput = 0.00172 Mbps
69478 ms [UE 44997] UL Throughput = 0.00000 Mbps
69478 ms [UE 57997] UL Throughput = 0.00758 Mbps
69478 ms [UE 37145] UL Throughput = 0.00758 Mbps
69499 ms [UE 46152] UL Throughput = 0.53479 Mbps
69499 ms [UE 40696] UL Throughput = 0.37855 Mbps
69499 ms [UE 55444] UL Throughput = 0.00000 Mbps
69586 ms [UE 10443] UL Throughput = 0.00000 Mbps
69586 ms [UE 44997] UL Throughput = 0.00000 Mbps
69586 ms [UE 57997] UL Throughput = 0.00000 Mbps
69586 ms [UE 37145] UL Throughput = 0.00000 Mbps
69609 ms [UE 46152] UL Throughput = 0.00000 Mbps
69609 ms [UE 40696] UL Throughput = 0.00000 Mbps
69609 ms [UE 55444] UL Throughput = 0.00000 Mbps
69686 ms [UE 10443] UL Throughput = 0.00000 Mbps
69686 ms [UE 44997] UL Throughput = 0.00000 Mbps
69686 ms [UE 57997] UL Throughput = 0.00000 Mbps
69686 ms [UE 37145] UL Throughput = 0.00000 Mbps
69721 ms [UE 46152] UL Throughput = 0.00000 Mbps
69721 ms [UE 40696] UL Throughput = 0.00000 Mbps
69721 ms [UE 55444] UL Throughput = 0.00000 Mbps
69787 ms [UE 10443] UL Throughput = 0.00000 Mbps
69787 ms [UE 44997] UL Throughput = 0.00000 Mbps
69787 ms [UE 57997] UL Throughput = 0.00843 Mbps
69787 ms [UE 37145] UL Throughput = 0.00000 Mbps
69830 ms [UE 46152] UL Throughput = 0.00000 Mbps
69830 ms [UE 40696] UL Throughput = 0.34526 Mbps
69830 ms [UE 55444] UL Throughput = 0.00000 Mbps
69896 ms [UE 10443] UL Throughput = 0.00000 Mbps
69896 ms [UE 44997] UL Throughput = 0.00000 Mbps
69896 ms [UE 57997] UL Throughput = 0.00000 Mbps
69896 ms [UE 37145] UL Throughput = 0.00000 Mbps
69939 ms [UE 46152] UL Throughput = 0.00000 Mbps
69939 ms [UE 40696] UL Throughput = 0.00000 Mbps
69939 ms [UE 55444] UL Throughput = 0.00000 Mbps
69997 ms [UE 10443] UL Throughput = 0.00000 Mbps
69997 ms [UE 44997] UL Throughput = 0.00000 Mbps
69997 ms [UE 57997] UL Throughput = 0.00000 Mbps
69997 ms [UE 37145] UL Throughput = 0.00000 Mbps
70049 ms [UE 46152] UL Throughput = 0.09579 Mbps
70049 ms [UE 40696] UL Throughput = 0.00000 Mbps
70049 ms [UE 55444] UL Throughput = 0.00000 Mbps
70106 ms [UE 10443] UL Throughput = 0.00000 Mbps
70106 ms [UE 44997] UL Throughput = 0.00000 Mbps
70106 ms [UE 57997] UL Throughput = 0.00000 Mbps
70106 ms [UE 37145] UL Throughput = 0.00000 Mbps
70149 ms [UE 46152] UL Throughput = 0.48140 Mbps
70149 ms [UE 40696] UL Throughput = 0.00000 Mbps
70149 ms [UE 55444] UL Throughput = 0.00000 Mbps
70191 ms | now=1755823112024489 us | PDCP ind_msg latency=71956192 us
70218 ms [UE 10443] UL Throughput = 0.00000 Mbps
70218 ms [UE 44997] UL Throughput = 0.00000 Mbps
70218 ms [UE 57997] UL Throughput = 0.00000 Mbps
70218 ms [UE 37145] UL Throughput = 0.00000 Mbps
70249 ms [UE 46152] UL Throughput = 0.00000 Mbps
70249 ms [UE 40696] UL Throughput = 0.00000 Mbps
70249 ms [UE 55444] UL Throughput = 0.00000 Mbps
70326 ms [UE 10443] UL Throughput = 0.00000 Mbps
70326 ms [UE 44997] UL Throughput = 0.00000 Mbps
70326 ms [UE 57997] UL Throughput = 0.00000 Mbps
70326 ms [UE 37145] UL Throughput = 0.00000 Mbps
70359 ms [UE 46152] UL Throughput = 0.43864 Mbps
70359 ms [UE 40696] UL Throughput = 0.41970 Mbps
70359 ms [UE 55444] UL Throughput = 0.00000 Mbps
70436 ms [UE 10443] UL Throughput = 0.00000 Mbps
70436 ms [UE 44997] UL Throughput = 0.00000 Mbps
70436 ms [UE 57997] UL Throughput = 0.00000 Mbps
70436 ms [UE 37145] UL Throughput = 0.00000 Mbps
70497 ms [UE 46152] UL Throughput = 0.00000 Mbps
70497 ms [UE 40696] UL Throughput = 0.00000 Mbps
70497 ms [UE 55444] UL Throughput = 0.00000 Mbps
70537 ms [UE 10443] UL Throughput = 0.00000 Mbps
70537 ms [UE 44997] UL Throughput = 0.00000 Mbps
70537 ms [UE 57997] UL Throughput = 0.00000 Mbps
70537 ms [UE 37145] UL Throughput = 0.00000 Mbps
70600 ms [UE 46152] UL Throughput = 0.00000 Mbps
70600 ms [UE 40696] UL Throughput = 0.00000 Mbps
70600 ms [UE 55444] UL Throughput = 0.00000 Mbps
70648 ms [UE 10443] UL Throughput = 0.00000 Mbps
70648 ms [UE 44997] UL Throughput = 0.00000 Mbps
70648 ms [UE 57997] UL Throughput = 0.00000 Mbps
70648 ms [UE 37145] UL Throughput = 0.00000 Mbps
70709 ms [UE 46152] UL Throughput = 0.00000 Mbps
70709 ms [UE 40696] UL Throughput = 0.30914 Mbps
70709 ms [UE 55444] UL Throughput = 0.00000 Mbps
70756 ms [UE 10443] UL Throughput = 0.00000 Mbps
70756 ms [UE 44997] UL Throughput = 0.00000 Mbps
70756 ms [UE 57997] UL Throughput = 0.00000 Mbps
70756 ms [UE 37145] UL Throughput = 0.00000 Mbps
70810 ms [UE 46152] UL Throughput = 0.00000 Mbps
70810 ms [UE 40696] UL Throughput = 0.00000 Mbps
70810 ms [UE 55444] UL Throughput = 0.00000 Mbps
70867 ms [UE 10443] UL Throughput = 0.00000 Mbps
70867 ms [UE 44997] UL Throughput = 0.00000 Mbps
70867 ms [UE 57997] UL Throughput = 0.00000 Mbps
70867 ms [UE 37145] UL Throughput = 0.00000 Mbps
70919 ms [UE 46152] UL Throughput = 0.09666 Mbps
70919 ms [UE 40696] UL Throughput = 0.00000 Mbps
70919 ms [UE 55444] UL Throughput = 0.00000 Mbps
70976 ms [UE 10443] UL Throughput = 0.00000 Mbps
70976 ms [UE 44997] UL Throughput = 0.00000 Mbps
70976 ms [UE 57997] UL Throughput = 0.00000 Mbps
70976 ms [UE 37145] UL Throughput = 0.00000 Mbps
71029 ms [UE 46152] UL Throughput = 0.00000 Mbps
71029 ms [UE 40696] UL Throughput = 0.00000 Mbps
71029 ms [UE 55444] UL Throughput = 0.00000 Mbps
71086 ms [UE 10443] UL Throughput = 0.00000 Mbps
71086 ms [UE 44997] UL Throughput = 0.00000 Mbps
71086 ms [UE 57997] UL Throughput = 0.00000 Mbps
71086 ms [UE 37145] UL Throughput = 0.00000 Mbps
71129 ms [UE 46152] UL Throughput = 0.00000 Mbps
71129 ms [UE 40696] UL Throughput = 0.42686 Mbps
71129 ms [UE 55444] UL Throughput = 0.00000 Mbps
71187 ms [UE 10443] UL Throughput = 0.00000 Mbps
71187 ms [UE 44997] UL Throughput = 0.00000 Mbps
71187 ms [UE 57997] UL Throughput = 0.00000 Mbps
71187 ms [UE 37145] UL Throughput = 0.00000 Mbps
71223 ms | now=1755823113057065 us | PDCP ind_msg latency=71954742 us
71239 ms [UE 46152] UL Throughput = 0.40131 Mbps
71239 ms [UE 40696] UL Throughput = 0.00000 Mbps
71239 ms [UE 55444] UL Throughput = 0.00000 Mbps
71287 ms [UE 10443] UL Throughput = 0.00000 Mbps
71287 ms [UE 44997] UL Throughput = 0.00000 Mbps
71287 ms [UE 57997] UL Throughput = 0.00000 Mbps
71287 ms [UE 37145] UL Throughput = 0.00000 Mbps
71339 ms [UE 46152] UL Throughput = 0.00000 Mbps
71339 ms [UE 40696] UL Throughput = 0.00000 Mbps
71339 ms [UE 55444] UL Throughput = 0.00000 Mbps
71397 ms [UE 10443] UL Throughput = 0.00000 Mbps
71397 ms [UE 44997] UL Throughput = 0.00000 Mbps
71397 ms [UE 57997] UL Throughput = 0.00000 Mbps
71397 ms [UE 37145] UL Throughput = 0.00000 Mbps
71450 ms [UE 46152] UL Throughput = 0.39925 Mbps
71450 ms [UE 40696] UL Throughput = 0.00000 Mbps
71450 ms [UE 55444] UL Throughput = 0.00000 Mbps
71506 ms [UE 10443] UL Throughput = 0.00000 Mbps
71506 ms [UE 44997] UL Throughput = 0.00000 Mbps
71506 ms [UE 57997] UL Throughput = 0.00000 Mbps
71506 ms [UE 37145] UL Throughput = 0.00000 Mbps
71560 ms [UE 46152] UL Throughput = 0.00000 Mbps
71560 ms [UE 40696] UL Throughput = 0.00000 Mbps
71560 ms [UE 55444] UL Throughput = 0.00000 Mbps
71606 ms [UE 10443] UL Throughput = 0.00000 Mbps
71606 ms [UE 44997] UL Throughput = 0.00000 Mbps
71606 ms [UE 57997] UL Throughput = 0.00000 Mbps
71606 ms [UE 37145] UL Throughput = 0.00000 Mbps
71669 ms [UE 46152] UL Throughput = 0.00000 Mbps
71669 ms [UE 40696] UL Throughput = 0.00000 Mbps
71669 ms [UE 55444] UL Throughput = 0.00000 Mbps
71707 ms [UE 10443] UL Throughput = 0.00000 Mbps
71707 ms [UE 44997] UL Throughput = 0.00000 Mbps
71707 ms [UE 57997] UL Throughput = 0.00000 Mbps
71707 ms [UE 37145] UL Throughput = 0.00000 Mbps
71782 ms [UE 46152] UL Throughput = 0.00000 Mbps
71782 ms [UE 40696] UL Throughput = 0.40837 Mbps
71782 ms [UE 55444] UL Throughput = 0.00000 Mbps
71816 ms [UE 10443] UL Throughput = 0.00000 Mbps
71816 ms [UE 44997] UL Throughput = 0.00000 Mbps
71816 ms [UE 57997] UL Throughput = 0.00000 Mbps
71816 ms [UE 37145] UL Throughput = 0.00000 Mbps
71889 ms [UE 46152] UL Throughput = 0.00000 Mbps
71889 ms [UE 40696] UL Throughput = 0.00000 Mbps
71889 ms [UE 55444] UL Throughput = 0.00000 Mbps
71917 ms [UE 10443] UL Throughput = 0.00000 Mbps
71917 ms [UE 44997] UL Throughput = 0.00000 Mbps
71917 ms [UE 57997] UL Throughput = 0.00000 Mbps
71917 ms [UE 37145] UL Throughput = 0.00000 Mbps
72000 ms [UE 46152] UL Throughput = 0.09448 Mbps
72000 ms [UE 40696] UL Throughput = 0.00000 Mbps
72000 ms [UE 55444] UL Throughput = 0.00000 Mbps
72026 ms [UE 10443] UL Throughput = 0.00000 Mbps
72026 ms [UE 44997] UL Throughput = 0.00000 Mbps
72026 ms [UE 57997] UL Throughput = 0.00000 Mbps
72026 ms [UE 37145] UL Throughput = 0.00000 Mbps
72109 ms [UE 46152] UL Throughput = 0.44302 Mbps
72109 ms [UE 40696] UL Throughput = 0.34854 Mbps
72109 ms [UE 55444] UL Throughput = 0.00000 Mbps
72127 ms [UE 10443] UL Throughput = 0.00000 Mbps
72127 ms [UE 44997] UL Throughput = 0.00000 Mbps
72127 ms [UE 57997] UL Throughput = 0.00000 Mbps
72127 ms [UE 37145] UL Throughput = 0.00000 Mbps
72210 ms [UE 46152] UL Throughput = 0.00000 Mbps
72210 ms [UE 40696] UL Throughput = 0.00000 Mbps
72210 ms [UE 55444] UL Throughput = 0.00000 Mbps
72237 ms [UE 10443] UL Throughput = 0.00000 Mbps
72237 ms [UE 44997] UL Throughput = 0.00000 Mbps
72237 ms [UE 57997] UL Throughput = 0.00000 Mbps
72237 ms [UE 37145] UL Throughput = 0.00000 Mbps
72288 ms | now=1755823114121731 us | PDCP ind_msg latency=71954389 us
72319 ms [UE 46152] UL Throughput = 0.00000 Mbps
72319 ms [UE 40696] UL Throughput = 0.00000 Mbps
72319 ms [UE 55444] UL Throughput = 0.00000 Mbps
72346 ms [UE 10443] UL Throughput = 0.00000 Mbps
72346 ms [UE 44997] UL Throughput = 0.00000 Mbps
72346 ms [UE 57997] UL Throughput = 0.00000 Mbps
72346 ms [UE 37145] UL Throughput = 0.00000 Mbps
72429 ms [UE 46152] UL Throughput = 0.43586 Mbps
72429 ms [UE 40696] UL Throughput = 0.00000 Mbps
72429 ms [UE 55444] UL Throughput = 0.00000 Mbps
72446 ms [UE 10443] UL Throughput = 0.00000 Mbps
72446 ms [UE 44997] UL Throughput = 0.00000 Mbps
72446 ms [UE 57997] UL Throughput = 0.00000 Mbps
72446 ms [UE 37145] UL Throughput = 0.00000 Mbps
72539 ms [UE 46152] UL Throughput = 0.00000 Mbps
72539 ms [UE 40696] UL Throughput = 0.00000 Mbps
72539 ms [UE 55444] UL Throughput = 0.00000 Mbps
72547 ms [UE 10443] UL Throughput = 0.00000 Mbps
72547 ms [UE 44997] UL Throughput = 0.00000 Mbps
72547 ms [UE 57997] UL Throughput = 0.00000 Mbps
72547 ms [UE 37145] UL Throughput = 0.00000 Mbps
72649 ms [UE 46152] UL Throughput = 0.00000 Mbps
72649 ms [UE 40696] UL Throughput = 0.07432 Mbps
72649 ms [UE 55444] UL Throughput = 0.00000 Mbps
72656 ms [UE 10443] UL Throughput = 0.00000 Mbps
72656 ms [UE 44997] UL Throughput = 0.00000 Mbps
72656 ms [UE 57997] UL Throughput = 0.00000 Mbps
72656 ms [UE 37145] UL Throughput = 0.00000 Mbps
72759 ms [UE 46152] UL Throughput = 0.00000 Mbps
72759 ms [UE 40696] UL Throughput = 0.00000 Mbps
72759 ms [UE 55444] UL Throughput = 0.00000 Mbps
72766 ms [UE 10443] UL Throughput = 0.00000 Mbps
72766 ms [UE 44997] UL Throughput = 0.00000 Mbps
72766 ms [UE 57997] UL Throughput = 0.00000 Mbps
72766 ms [UE 37145] UL Throughput = 0.00000 Mbps
72859 ms [UE 46152] UL Throughput = 0.10498 Mbps
72859 ms [UE 40696] UL Throughput = 0.00000 Mbps
72859 ms [UE 55444] UL Throughput = 0.00000 Mbps
72877 ms [UE 10443] UL Throughput = 0.00000 Mbps
72877 ms [UE 44997] UL Throughput = 0.00000 Mbps
72877 ms [UE 57997] UL Throughput = 0.00000 Mbps
72877 ms [UE 37145] UL Throughput = 0.00000 Mbps
72959 ms [UE 46152] UL Throughput = 0.48045 Mbps
72959 ms [UE 40696] UL Throughput = 0.33730 Mbps
72959 ms [UE 55444] UL Throughput = 0.00000 Mbps
72987 ms [UE 10443] UL Throughput = 0.00000 Mbps
72987 ms [UE 44997] UL Throughput = 0.00000 Mbps
72987 ms [UE 57997] UL Throughput = 0.00000 Mbps
72987 ms [UE 37145] UL Throughput = 0.00000 Mbps
73069 ms [UE 46152] UL Throughput = 0.00000 Mbps
73069 ms [UE 40696] UL Throughput = 0.00000 Mbps
73069 ms [UE 55444] UL Throughput = 0.00000 Mbps
73096 ms [UE 10443] UL Throughput = 0.00000 Mbps
73096 ms [UE 44997] UL Throughput = 0.00000 Mbps
73096 ms [UE 57997] UL Throughput = 0.00000 Mbps
73096 ms [UE 37145] UL Throughput = 0.00000 Mbps
73170 ms [UE 46152] UL Throughput = 0.00000 Mbps
73170 ms [UE 40696] UL Throughput = 0.37578 Mbps
73170 ms [UE 55444] UL Throughput = 0.00000 Mbps
73197 ms [UE 10443] UL Throughput = 0.00000 Mbps
73197 ms [UE 44997] UL Throughput = 0.00000 Mbps
73197 ms [UE 57997] UL Throughput = 0.00000 Mbps
73197 ms [UE 37145] UL Throughput = 0.00000 Mbps
73271 ms [UE 46152] UL Throughput = 0.00000 Mbps
73271 ms [UE 40696] UL Throughput = 0.00000 Mbps
73271 ms [UE 55444] UL Throughput = 0.00000 Mbps
73306 ms [UE 10443] UL Throughput = 0.00175 Mbps
73306 ms [UE 44997] UL Throughput = 0.00175 Mbps
73306 ms [UE 57997] UL Throughput = 0.00775 Mbps
73306 ms [UE 37145] UL Throughput = 0.00000 Mbps
73336 ms | now=1755823115169708 us | PDCP ind_msg latency=71955145 us
73380 ms [UE 46152] UL Throughput = 0.00000 Mbps
73380 ms [UE 40696] UL Throughput = 0.00000 Mbps
73380 ms [UE 55444] UL Throughput = 0.00000 Mbps
73407 ms [UE 10443] UL Throughput = 0.00000 Mbps
73407 ms [UE 44997] UL Throughput = 0.00000 Mbps
73407 ms [UE 57997] UL Throughput = 0.00000 Mbps
73407 ms [UE 37145] UL Throughput = 0.00000 Mbps
73489 ms [UE 46152] UL Throughput = 0.53633 Mbps
73489 ms [UE 40696] UL Throughput = 0.00000 Mbps
73489 ms [UE 55444] UL Throughput = 0.00000 Mbps
73511 ms [UE 10443] UL Throughput = 0.00000 Mbps
73511 ms [UE 44997] UL Throughput = 0.00000 Mbps
73511 ms [UE 57997] UL Throughput = 0.00000 Mbps
73511 ms [UE 37145] UL Throughput = 0.00000 Mbps
73599 ms [UE 46152] UL Throughput = 0.00000 Mbps
73599 ms [UE 40696] UL Throughput = 0.00000 Mbps
73599 ms [UE 55444] UL Throughput = 0.00000 Mbps
73617 ms [UE 10443] UL Throughput = 0.00000 Mbps
73617 ms [UE 44997] UL Throughput = 0.00000 Mbps
73617 ms [UE 57997] UL Throughput = 0.00000 Mbps
73617 ms [UE 37145] UL Throughput = 0.00000 Mbps
73709 ms [UE 46152] UL Throughput = 0.00000 Mbps
73709 ms [UE 40696] UL Throughput = 0.07470 Mbps
73709 ms [UE 55444] UL Throughput = 0.00000 Mbps
73717 ms [UE 10443] UL Throughput = 0.00000 Mbps
73717 ms [UE 44997] UL Throughput = 0.00000 Mbps
73717 ms [UE 57997] UL Throughput = 0.00000 Mbps
73717 ms [UE 37145] UL Throughput = 0.00000 Mbps
73809 ms [UE 46152] UL Throughput = 0.48063 Mbps
73809 ms [UE 40696] UL Throughput = 0.37814 Mbps
73809 ms [UE 55444] UL Throughput = 0.00000 Mbps
73826 ms [UE 10443] UL Throughput = 0.00000 Mbps
73826 ms [UE 44997] UL Throughput = 0.00175 Mbps
73826 ms [UE 57997] UL Throughput = 0.00774 Mbps
73826 ms [UE 37145] UL Throughput = 0.00774 Mbps
73910 ms [UE 46152] UL Throughput = 0.00000 Mbps
73910 ms [UE 40696] UL Throughput = 0.00000 Mbps
73910 ms [UE 55444] UL Throughput = 0.00000 Mbps
73937 ms [UE 10443] UL Throughput = 0.00000 Mbps
73937 ms [UE 44997] UL Throughput = 0.00000 Mbps
73937 ms [UE 57997] UL Throughput = 0.00000 Mbps
73937 ms [UE 37145] UL Throughput = 0.00000 Mbps
74019 ms [UE 46152] UL Throughput = 0.39368 Mbps
74019 ms [UE 40696] UL Throughput = 0.00000 Mbps
74019 ms [UE 55444] UL Throughput = 0.00000 Mbps
74046 ms [UE 10443] UL Throughput = 0.00000 Mbps
74046 ms [UE 44997] UL Throughput = 0.00000 Mbps
74046 ms [UE 57997] UL Throughput = 0.00000 Mbps
74046 ms [UE 37145] UL Throughput = 0.00000 Mbps
74129 ms [UE 46152] UL Throughput = 0.00000 Mbps
74129 ms [UE 40696] UL Throughput = 0.00000 Mbps
74129 ms [UE 55444] UL Throughput = 0.00000 Mbps
74157 ms [UE 10443] UL Throughput = 0.00174 Mbps
74157 ms [UE 44997] UL Throughput = 0.00000 Mbps
74157 ms [UE 57997] UL Throughput = 0.00770 Mbps
74157 ms [UE 37145] UL Throughput = 0.00770 Mbps
74229 ms [UE 46152] UL Throughput = 0.00000 Mbps
74229 ms [UE 40696] UL Throughput = 0.00000 Mbps
74229 ms [UE 55444] UL Throughput = 0.00000 Mbps
74266 ms [UE 10443] UL Throughput = 0.00000 Mbps
74266 ms [UE 44997] UL Throughput = 0.00000 Mbps
74266 ms [UE 57997] UL Throughput = 0.00000 Mbps
74266 ms [UE 37145] UL Throughput = 0.00000 Mbps
74339 ms [UE 46152] UL Throughput = 0.00000 Mbps
74339 ms [UE 40696] UL Throughput = 0.07492 Mbps
74339 ms [UE 55444] UL Throughput = 0.00000 Mbps
74368 ms | now=1755823116201590 us | PDCP ind_msg latency=71954244 us
74377 ms [UE 10443] UL Throughput = 0.00000 Mbps
74377 ms [UE 44997] UL Throughput = 0.00000 Mbps
74377 ms [UE 57997] UL Throughput = 0.00000 Mbps
74377 ms [UE 37145] UL Throughput = 0.00000 Mbps
74439 ms [UE 46152] UL Throughput = 0.00000 Mbps
74439 ms [UE 40696] UL Throughput = 0.00000 Mbps
74439 ms [UE 55444] UL Throughput = 0.00000 Mbps
74486 ms [UE 10443] UL Throughput = 0.00000 Mbps
74486 ms [UE 44997] UL Throughput = 0.00000 Mbps
74486 ms [UE 57997] UL Throughput = 0.00000 Mbps
74486 ms [UE 37145] UL Throughput = 0.00000 Mbps
74549 ms [UE 46152] UL Throughput = 0.09494 Mbps
74549 ms [UE 40696] UL Throughput = 0.00000 Mbps
74549 ms [UE 55444] UL Throughput = 0.00000 Mbps
74597 ms [UE 10443] UL Throughput = 0.00000 Mbps
74597 ms [UE 44997] UL Throughput = 0.00000 Mbps
74597 ms [UE 57997] UL Throughput = 0.00000 Mbps
74597 ms [UE 37145] UL Throughput = 0.00000 Mbps
74659 ms [UE 46152] UL Throughput = 0.43807 Mbps
74659 ms [UE 40696] UL Throughput = 0.00000 Mbps
74659 ms [UE 55444] UL Throughput = 0.00000 Mbps
74707 ms [UE 10443] UL Throughput = 0.00000 Mbps
74707 ms [UE 44997] UL Throughput = 0.00000 Mbps
74707 ms [UE 57997] UL Throughput = 0.00000 Mbps
74707 ms [UE 37145] UL Throughput = 0.00000 Mbps
74769 ms [UE 46152] UL Throughput = 0.00000 Mbps
74769 ms [UE 40696] UL Throughput = 0.00000 Mbps
74769 ms [UE 55444] UL Throughput = 0.00000 Mbps
74807 ms [UE 10443] UL Throughput = 0.00000 Mbps
74807 ms [UE 44997] UL Throughput = 0.00000 Mbps
74807 ms [UE 57997] UL Throughput = 0.00000 Mbps
74807 ms [UE 37145] UL Throughput = 0.00000 Mbps
74879 ms [UE 46152] UL Throughput = 0.00000 Mbps
74879 ms [UE 40696] UL Throughput = 0.34500 Mbps
74879 ms [UE 55444] UL Throughput = 0.00000 Mbps
74916 ms [UE 10443] UL Throughput = 0.00000 Mbps
74916 ms [UE 44997] UL Throughput = 0.00000 Mbps
74916 ms [UE 57997] UL Throughput = 0.00000 Mbps
74916 ms [UE 37145] UL Throughput = 0.00000 Mbps
74989 ms [UE 46152] UL Throughput = 0.00000 Mbps
74989 ms [UE 40696] UL Throughput = 0.00000 Mbps
74989 ms [UE 55444] UL Throughput = 0.00000 Mbps
75016 ms [UE 10443] UL Throughput = 0.00000 Mbps
75016 ms [UE 44997] UL Throughput = 0.00000 Mbps
75016 ms [UE 57997] UL Throughput = 0.00000 Mbps
75016 ms [UE 37145] UL Throughput = 0.00000 Mbps
75099 ms [UE 46152] UL Throughput = 0.09534 Mbps
75099 ms [UE 40696] UL Throughput = 0.00000 Mbps
75099 ms [UE 55444] UL Throughput = 0.00000 Mbps
75126 ms [UE 10443] UL Throughput = 0.00000 Mbps
75126 ms [UE 44997] UL Throughput = 0.00000 Mbps
75126 ms [UE 57997] UL Throughput = 0.00000 Mbps
75126 ms [UE 37145] UL Throughput = 0.00000 Mbps
75199 ms [UE 46152] UL Throughput = 0.43009 Mbps
75199 ms [UE 40696] UL Throughput = 0.37876 Mbps
75199 ms [UE 55444] UL Throughput = 0.00000 Mbps
75227 ms [UE 10443] UL Throughput = 0.00000 Mbps
75227 ms [UE 44997] UL Throughput = 0.00000 Mbps
75227 ms [UE 57997] UL Throughput = 0.00000 Mbps
75227 ms [UE 37145] UL Throughput = 0.00000 Mbps
75299 ms [UE 46152] UL Throughput = 0.00000 Mbps
75299 ms [UE 40696] UL Throughput = 0.00000 Mbps
75299 ms [UE 55444] UL Throughput = 0.00000 Mbps
75337 ms [UE 10443] UL Throughput = 0.00000 Mbps
75337 ms [UE 44997] UL Throughput = 0.00000 Mbps
75337 ms [UE 57997] UL Throughput = 0.00000 Mbps
75337 ms [UE 37145] UL Throughput = 0.00000 Mbps
75402 ms | now=1755823117236015 us | PDCP ind_msg latency=71954703 us
75411 ms [UE 46152] UL Throughput = 0.00000 Mbps
75411 ms [UE 40696] UL Throughput = 0.00000 Mbps
75411 ms [UE 55444] UL Throughput = 0.00000 Mbps
75447 ms [UE 10443] UL Throughput = 0.00000 Mbps
75447 ms [UE 44997] UL Throughput = 0.00000 Mbps
75447 ms [UE 57997] UL Throughput = 0.00000 Mbps
75447 ms [UE 37145] UL Throughput = 0.00000 Mbps
75519 ms [UE 46152] UL Throughput = 0.44767 Mbps
75519 ms [UE 40696] UL Throughput = 0.00000 Mbps
75519 ms [UE 55444] UL Throughput = 0.00000 Mbps
75556 ms [UE 10443] UL Throughput = 0.00000 Mbps
75556 ms [UE 44997] UL Throughput = 0.00000 Mbps
75556 ms [UE 57997] UL Throughput = 0.00000 Mbps
75556 ms [UE 37145] UL Throughput = 0.00000 Mbps
75629 ms [UE 46152] UL Throughput = 0.00000 Mbps
75629 ms [UE 40696] UL Throughput = 0.00000 Mbps
75629 ms [UE 55444] UL Throughput = 0.00000 Mbps
75666 ms [UE 10443] UL Throughput = 0.00000 Mbps
75666 ms [UE 44997] UL Throughput = 0.00000 Mbps
75666 ms [UE 57997] UL Throughput = 0.00000 Mbps
75666 ms [UE 37145] UL Throughput = 0.00000 Mbps
75729 ms [UE 46152] UL Throughput = 0.43991 Mbps
75729 ms [UE 40696] UL Throughput = 0.00000 Mbps
75729 ms [UE 55444] UL Throughput = 0.00000 Mbps
75766 ms [UE 10443] UL Throughput = 0.00000 Mbps
75766 ms [UE 44997] UL Throughput = 0.00000 Mbps
75766 ms [UE 57997] UL Throughput = 0.00000 Mbps
75766 ms [UE 37145] UL Throughput = 0.00000 Mbps
75838 ms [UE 46152] UL Throughput = 0.00000 Mbps
75838 ms [UE 40696] UL Throughput = 0.00000 Mbps
75838 ms [UE 55444] UL Throughput = 0.00000 Mbps
75866 ms [UE 10443] UL Throughput = 0.00000 Mbps
75866 ms [UE 44997] UL Throughput = 0.00000 Mbps
75866 ms [UE 57997] UL Throughput = 0.00000 Mbps
75866 ms [UE 37145] UL Throughput = 0.00000 Mbps
75940 ms [UE 46152] UL Throughput = 0.00000 Mbps
75940 ms [UE 40696] UL Throughput = 0.00000 Mbps
75940 ms [UE 55444] UL Throughput = 0.00000 Mbps
75976 ms [UE 10443] UL Throughput = 0.00000 Mbps
75976 ms [UE 44997] UL Throughput = 0.00000 Mbps
75976 ms [UE 57997] UL Throughput = 0.00000 Mbps
75976 ms [UE 37145] UL Throughput = 0.00000 Mbps
76049 ms [UE 46152] UL Throughput = 0.44199 Mbps
76049 ms [UE 40696] UL Throughput = 0.07517 Mbps
76049 ms [UE 55444] UL Throughput = 0.00000 Mbps
76076 ms [UE 10443] UL Throughput = 0.00000 Mbps
76076 ms [UE 44997] UL Throughput = 0.00000 Mbps
76076 ms [UE 57997] UL Throughput = 0.00000 Mbps
76076 ms [UE 37145] UL Throughput = 0.00000 Mbps
76149 ms [UE 46152] UL Throughput = 0.00000 Mbps
76149 ms [UE 40696] UL Throughput = 0.00000 Mbps
76149 ms [UE 55444] UL Throughput = 0.00000 Mbps
76187 ms [UE 10443] UL Throughput = 0.00000 Mbps
76187 ms [UE 44997] UL Throughput = 0.00000 Mbps
76187 ms [UE 57997] UL Throughput = 0.00000 Mbps
76187 ms [UE 37145] UL Throughput = 0.00000 Mbps
76259 ms [UE 46152] UL Throughput = 0.00000 Mbps
76259 ms [UE 40696] UL Throughput = 0.00000 Mbps
76259 ms [UE 55444] UL Throughput = 0.00000 Mbps
76298 ms [UE 10443] UL Throughput = 0.00000 Mbps
76298 ms [UE 44997] UL Throughput = 0.00000 Mbps
76298 ms [UE 57997] UL Throughput = 0.00000 Mbps
76298 ms [UE 37145] UL Throughput = 0.00000 Mbps
76369 ms [UE 46152] UL Throughput = 0.00000 Mbps
76369 ms [UE 40696] UL Throughput = 0.31018 Mbps
76369 ms [UE 55444] UL Throughput = 0.00000 Mbps
76406 ms [UE 10443] UL Throughput = 0.00000 Mbps
76406 ms [UE 44997] UL Throughput = 0.00000 Mbps
76406 ms [UE 57997] UL Throughput = 0.00000 Mbps
76406 ms [UE 37145] UL Throughput = 0.00000 Mbps
76455 ms | now=1755823118288861 us | PDCP ind_msg latency=71954560 us
76469 ms [UE 46152] UL Throughput = 0.00000 Mbps
76469 ms [UE 40696] UL Throughput = 0.00000 Mbps
76469 ms [UE 55444] UL Throughput = 0.00000 Mbps
76507 ms [UE 10443] UL Throughput = 0.00000 Mbps
76507 ms [UE 44997] UL Throughput = 0.00000 Mbps
76507 ms [UE 57997] UL Throughput = 0.00000 Mbps
76507 ms [UE 37145] UL Throughput = 0.00000 Mbps
76579 ms [UE 46152] UL Throughput = 0.09545 Mbps
76579 ms [UE 40696] UL Throughput = 0.34435 Mbps
76579 ms [UE 55444] UL Throughput = 0.00000 Mbps
76616 ms [UE 10443] UL Throughput = 0.00000 Mbps
76616 ms [UE 44997] UL Throughput = 0.00000 Mbps
76616 ms [UE 57997] UL Throughput = 0.00000 Mbps
76616 ms [UE 37145] UL Throughput = 0.00000 Mbps
76680 ms [UE 46152] UL Throughput = 0.47481 Mbps
76680 ms [UE 40696] UL Throughput = 0.00000 Mbps
76680 ms [UE 55444] UL Throughput = 0.00000 Mbps
76727 ms [UE 10443] UL Throughput = 0.00000 Mbps
76727 ms [UE 44997] UL Throughput = 0.00000 Mbps
76727 ms [UE 57997] UL Throughput = 0.00000 Mbps
76727 ms [UE 37145] UL Throughput = 0.00000 Mbps
76789 ms [UE 46152] UL Throughput = 0.00000 Mbps
76789 ms [UE 40696] UL Throughput = 0.00000 Mbps
76789 ms [UE 55444] UL Throughput = 0.00000 Mbps
76836 ms [UE 10443] UL Throughput = 0.00000 Mbps
76836 ms [UE 44997] UL Throughput = 0.00000 Mbps
76836 ms [UE 57997] UL Throughput = 0.00000 Mbps
76836 ms [UE 37145] UL Throughput = 0.00000 Mbps
76889 ms [UE 46152] UL Throughput = 0.00000 Mbps
76889 ms [UE 40696] UL Throughput = 0.00000 Mbps
76889 ms [UE 55444] UL Throughput = 0.00000 Mbps
76937 ms [UE 10443] UL Throughput = 0.00000 Mbps
76937 ms [UE 44997] UL Throughput = 0.00000 Mbps
76937 ms [UE 57997] UL Throughput = 0.00000 Mbps
76937 ms [UE 37145] UL Throughput = 0.00000 Mbps
76989 ms [UE 46152] UL Throughput = 0.48106 Mbps
76989 ms [UE 40696] UL Throughput = 0.00000 Mbps
76989 ms [UE 55444] UL Throughput = 0.00000 Mbps
77046 ms [UE 10443] UL Throughput = 0.00000 Mbps
77046 ms [UE 44997] UL Throughput = 0.00000 Mbps
77046 ms [UE 57997] UL Throughput = 0.00000 Mbps
77046 ms [UE 37145] UL Throughput = 0.00000 Mbps
77099 ms [UE 46152] UL Throughput = 0.00000 Mbps
77099 ms [UE 40696] UL Throughput = 0.00000 Mbps
77099 ms [UE 55444] UL Throughput = 0.00000 Mbps
77147 ms [UE 10443] UL Throughput = 0.00000 Mbps
77147 ms [UE 44997] UL Throughput = 0.00000 Mbps
77147 ms [UE 57997] UL Throughput = 0.00000 Mbps
77147 ms [UE 37145] UL Throughput = 0.00000 Mbps
77209 ms [UE 46152] UL Throughput = 0.00000 Mbps
77209 ms [UE 40696] UL Throughput = 0.00000 Mbps
77209 ms [UE 55444] UL Throughput = 0.00000 Mbps
77257 ms [UE 10443] UL Throughput = 0.00000 Mbps
77257 ms [UE 44997] UL Throughput = 0.00000 Mbps
77257 ms [UE 57997] UL Throughput = 0.00000 Mbps
77257 ms [UE 37145] UL Throughput = 0.00000 Mbps
77310 ms [UE 46152] UL Throughput = 0.00000 Mbps
77310 ms [UE 40696] UL Throughput = 0.00000 Mbps
77310 ms [UE 55444] UL Throughput = 0.00000 Mbps
77366 ms [UE 10443] UL Throughput = 0.00000 Mbps
77366 ms [UE 44997] UL Throughput = 0.00000 Mbps
77366 ms [UE 57997] UL Throughput = 0.00000 Mbps
77366 ms [UE 37145] UL Throughput = 0.00000 Mbps
77419 ms [UE 46152] UL Throughput = 0.00000 Mbps
77419 ms [UE 40696] UL Throughput = 0.00000 Mbps
77419 ms [UE 55444] UL Throughput = 0.00000 Mbps
77466 ms [UE 10443] UL Throughput = 0.00000 Mbps
77466 ms [UE 44997] UL Throughput = 0.00000 Mbps
77466 ms [UE 57997] UL Throughput = 0.00000 Mbps
77466 ms [UE 37145] UL Throughput = 0.00000 Mbps
77529 ms [UE 46152] UL Throughput = 0.53550 Mbps
77529 ms [UE 40696] UL Throughput = 0.00000 Mbps
77529 ms [UE 55444] UL Throughput = 0.00000 Mbps
77566 ms | now=1755823119400102 us | PDCP ind_msg latency=71954759 us
77567 ms [UE 10443] UL Throughput = 0.00000 Mbps
77567 ms [UE 44997] UL Throughput = 0.00000 Mbps
77567 ms [UE 57997] UL Throughput = 0.00000 Mbps
77567 ms [UE 37145] UL Throughput = 0.00000 Mbps
77629 ms [UE 46152] UL Throughput = 0.00000 Mbps
77629 ms [UE 40696] UL Throughput = 0.00000 Mbps
77629 ms [UE 55444] UL Throughput = 0.00000 Mbps
77676 ms [UE 10443] UL Throughput = 0.00000 Mbps
77676 ms [UE 44997] UL Throughput = 0.00000 Mbps
77676 ms [UE 57997] UL Throughput = 0.00000 Mbps
77676 ms [UE 37145] UL Throughput = 0.00000 Mbps
77729 ms [UE 46152] UL Throughput = 0.00000 Mbps
77729 ms [UE 40696] UL Throughput = 0.00000 Mbps
77729 ms [UE 55444] UL Throughput = 0.00000 Mbps
77776 ms [UE 10443] UL Throughput = 0.00000 Mbps
77776 ms [UE 44997] UL Throughput = 0.00000 Mbps
77776 ms [UE 57997] UL Throughput = 0.00000 Mbps
77776 ms [UE 37145] UL Throughput = 0.00000 Mbps
77830 ms [UE 46152] UL Throughput = 0.00000 Mbps
77830 ms [UE 40696] UL Throughput = 0.37815 Mbps
77830 ms [UE 55444] UL Throughput = 0.00000 Mbps
77877 ms [UE 10443] UL Throughput = 0.00000 Mbps
77877 ms [UE 44997] UL Throughput = 0.00000 Mbps
77877 ms [UE 57997] UL Throughput = 0.00000 Mbps
77877 ms [UE 37145] UL Throughput = 0.00000 Mbps
77939 ms [UE 46152] UL Throughput = 0.00000 Mbps
77939 ms [UE 40696] UL Throughput = 0.00000 Mbps
77939 ms [UE 55444] UL Throughput = 0.00000 Mbps
77987 ms [UE 10443] UL Throughput = 0.00000 Mbps
77987 ms [UE 44997] UL Throughput = 0.00000 Mbps
77987 ms [UE 57997] UL Throughput = 0.00000 Mbps
77987 ms [UE 37145] UL Throughput = 0.00000 Mbps
78049 ms [UE 46152] UL Throughput = 0.00000 Mbps
78049 ms [UE 40696] UL Throughput = 0.00000 Mbps
78049 ms [UE 55444] UL Throughput = 0.00000 Mbps
78090 ms [UE 10443] UL Throughput = 0.00000 Mbps
78090 ms [UE 44997] UL Throughput = 0.00000 Mbps
78090 ms [UE 57997] UL Throughput = 0.00000 Mbps
78090 ms [UE 37145] UL Throughput = 0.00000 Mbps
78150 ms [UE 46152] UL Throughput = 0.15890 Mbps
78150 ms [UE 40696] UL Throughput = 0.33566 Mbps
78150 ms [UE 55444] UL Throughput = 0.00000 Mbps
78197 ms [UE 10443] UL Throughput = 0.00000 Mbps
78197 ms [UE 44997] UL Throughput = 0.00000 Mbps
78197 ms [UE 57997] UL Throughput = 0.00000 Mbps
78197 ms [UE 37145] UL Throughput = 0.00000 Mbps
78259 ms [UE 46152] UL Throughput = 0.44321 Mbps
78259 ms [UE 40696] UL Throughput = 0.00000 Mbps
78259 ms [UE 55444] UL Throughput = 0.00000 Mbps
78307 ms [UE 10443] UL Throughput = 0.00000 Mbps
78307 ms [UE 44997] UL Throughput = 0.00000 Mbps
78307 ms [UE 57997] UL Throughput = 0.00000 Mbps
78307 ms [UE 37145] UL Throughput = 0.00000 Mbps
78360 ms [UE 46152] UL Throughput = 0.00000 Mbps
78360 ms [UE 40696] UL Throughput = 0.00000 Mbps
78360 ms [UE 55444] UL Throughput = 0.00000 Mbps
78408 ms [UE 10443] UL Throughput = 0.00000 Mbps
78408 ms [UE 44997] UL Throughput = 0.00191 Mbps
78408 ms [UE 57997] UL Throughput = 0.00845 Mbps
78408 ms [UE 37145] UL Throughput = 0.00845 Mbps
78469 ms [UE 46152] UL Throughput = 0.44167 Mbps
78469 ms [UE 40696] UL Throughput = 0.00000 Mbps
78469 ms [UE 55444] UL Throughput = 0.00000 Mbps
78516 ms [UE 10443] UL Throughput = 0.00000 Mbps
78516 ms [UE 44997] UL Throughput = 0.00000 Mbps
78516 ms [UE 57997] UL Throughput = 0.00000 Mbps
78516 ms [UE 37145] UL Throughput = 0.00000 Mbps
78579 ms [UE 46152] UL Throughput = 0.00000 Mbps
78579 ms [UE 40696] UL Throughput = 0.00000 Mbps
78579 ms [UE 55444] UL Throughput = 0.00000 Mbps
78617 ms | now=1755823120450771 us | PDCP ind_msg latency=71955413 us
78620 ms [UE 10443] UL Throughput = 0.00000 Mbps
78620 ms [UE 44997] UL Throughput = 0.00000 Mbps
78620 ms [UE 57997] UL Throughput = 0.00000 Mbps
78620 ms [UE 37145] UL Throughput = 0.00000 Mbps
78680 ms [UE 46152] UL Throughput = 0.00000 Mbps
78680 ms [UE 40696] UL Throughput = 0.00000 Mbps
78680 ms [UE 55444] UL Throughput = 0.00000 Mbps
78727 ms [UE 10443] UL Throughput = 0.00180 Mbps
78727 ms [UE 44997] UL Throughput = 0.00000 Mbps
78727 ms [UE 57997] UL Throughput = 0.00795 Mbps
78727 ms [UE 37145] UL Throughput = 0.00795 Mbps
78789 ms [UE 46152] UL Throughput = 0.00000 Mbps
78789 ms [UE 40696] UL Throughput = 0.30993 Mbps
78789 ms [UE 55444] UL Throughput = 0.00000 Mbps
78836 ms [UE 10443] UL Throughput = 0.00000 Mbps
78836 ms [UE 44997] UL Throughput = 0.00000 Mbps
78836 ms [UE 57997] UL Throughput = 0.00000 Mbps
78836 ms [UE 37145] UL Throughput = 0.00000 Mbps
78890 ms [UE 46152] UL Throughput = 0.00000 Mbps
78890 ms [UE 40696] UL Throughput = 0.00000 Mbps
78890 ms [UE 55444] UL Throughput = 0.00000 Mbps
78937 ms [UE 10443] UL Throughput = 0.00000 Mbps
78937 ms [UE 44997] UL Throughput = 0.00000 Mbps
78937 ms [UE 57997] UL Throughput = 0.00000 Mbps
78937 ms [UE 37145] UL Throughput = 0.00000 Mbps
78999 ms [UE 46152] UL Throughput = 0.53398 Mbps
78999 ms [UE 40696] UL Throughput = 0.00000 Mbps
78999 ms [UE 55444] UL Throughput = 0.00000 Mbps
79046 ms [UE 10443] UL Throughput = 0.00000 Mbps
79046 ms [UE 44997] UL Throughput = 0.00000 Mbps
79046 ms [UE 57997] UL Throughput = 0.00774 Mbps
79046 ms [UE 37145] UL Throughput = 0.00000 Mbps
79110 ms [UE 46152] UL Throughput = 0.00000 Mbps
79110 ms [UE 40696] UL Throughput = 0.00000 Mbps
79110 ms [UE 55444] UL Throughput = 0.00000 Mbps
79156 ms [UE 10443] UL Throughput = 0.00000 Mbps
79156 ms [UE 44997] UL Throughput = 0.00000 Mbps
79156 ms [UE 57997] UL Throughput = 0.00000 Mbps
79156 ms [UE 37145] UL Throughput = 0.00000 Mbps
79220 ms [UE 46152] UL Throughput = 0.00000 Mbps
79220 ms [UE 40696] UL Throughput = 0.00000 Mbps
79220 ms [UE 55444] UL Throughput = 0.00000 Mbps
79257 ms [UE 10443] UL Throughput = 0.00000 Mbps
79257 ms [UE 44997] UL Throughput = 0.00000 Mbps
79257 ms [UE 57997] UL Throughput = 0.00000 Mbps
79257 ms [UE 37145] UL Throughput = 0.00000 Mbps
79330 ms [UE 46152] UL Throughput = 0.43761 Mbps
79330 ms [UE 40696] UL Throughput = 0.41872 Mbps
79330 ms [UE 55444] UL Throughput = 0.00000 Mbps
79358 ms [UE 10443] UL Throughput = 0.00000 Mbps
79358 ms [UE 44997] UL Throughput = 0.00000 Mbps
79358 ms [UE 57997] UL Throughput = 0.00000 Mbps
79358 ms [UE 37145] UL Throughput = 0.00000 Mbps
79439 ms [UE 46152] UL Throughput = 0.00000 Mbps
79439 ms [UE 40696] UL Throughput = 0.00000 Mbps
79439 ms [UE 55444] UL Throughput = 0.00000 Mbps
79467 ms [UE 10443] UL Throughput = 0.00000 Mbps
79467 ms [UE 44997] UL Throughput = 0.00000 Mbps
79467 ms [UE 57997] UL Throughput = 0.00000 Mbps
79467 ms [UE 37145] UL Throughput = 0.00000 Mbps
79550 ms [UE 46152] UL Throughput = 0.00000 Mbps
79550 ms [UE 40696] UL Throughput = 0.00000 Mbps
79550 ms [UE 55444] UL Throughput = 0.00000 Mbps
79576 ms [UE 10443] UL Throughput = 0.00000 Mbps
79576 ms [UE 44997] UL Throughput = 0.00000 Mbps
79576 ms [UE 57997] UL Throughput = 0.00000 Mbps
79576 ms [UE 37145] UL Throughput = 0.00000 Mbps
79644 ms | now=1755823121477517 us | PDCP ind_msg latency=71955091 us
79650 ms [UE 46152] UL Throughput = 0.00000 Mbps
79650 ms [UE 40696] UL Throughput = 0.37597 Mbps
79650 ms [UE 55444] UL Throughput = 0.00000 Mbps
79686 ms [UE 10443] UL Throughput = 0.00000 Mbps
79686 ms [UE 44997] UL Throughput = 0.00000 Mbps
79686 ms [UE 57997] UL Throughput = 0.00000 Mbps
79686 ms [UE 37145] UL Throughput = 0.00000 Mbps
79760 ms [UE 46152] UL Throughput = 0.00000 Mbps
79760 ms [UE 40696] UL Throughput = 0.00000 Mbps
79760 ms [UE 55444] UL Throughput = 0.00000 Mbps
79797 ms [UE 10443] UL Throughput = 0.00000 Mbps
79797 ms [UE 44997] UL Throughput = 0.00000 Mbps
79797 ms [UE 57997] UL Throughput = 0.00000 Mbps
79797 ms [UE 37145] UL Throughput = 0.00000 Mbps
79871 ms [UE 46152] UL Throughput = 0.09505 Mbps
79871 ms [UE 40696] UL Throughput = 0.00000 Mbps
79871 ms [UE 55444] UL Throughput = 0.00000 Mbps
79897 ms [UE 10443] UL Throughput = 0.00000 Mbps
79897 ms [UE 44997] UL Throughput = 0.00000 Mbps
79897 ms [UE 57997] UL Throughput = 0.00000 Mbps
79897 ms [UE 37145] UL Throughput = 0.00000 Mbps
79979 ms [UE 46152] UL Throughput = 0.44371 Mbps
79979 ms [UE 40696] UL Throughput = 0.00000 Mbps
79979 ms [UE 55444] UL Throughput = 0.00000 Mbps
80006 ms [UE 10443] UL Throughput = 0.00000 Mbps
80006 ms [UE 44997] UL Throughput = 0.00000 Mbps
80006 ms [UE 57997] UL Throughput = 0.00000 Mbps
80006 ms [UE 37145] UL Throughput = 0.00000 Mbps
80089 ms [UE 46152] UL Throughput = 0.00000 Mbps
80089 ms [UE 40696] UL Throughput = 0.00000 Mbps
80089 ms [UE 55444] UL Throughput = 0.00000 Mbps
80116 ms [UE 10443] UL Throughput = 0.00000 Mbps
80116 ms [UE 44997] UL Throughput = 0.00000 Mbps
80116 ms [UE 57997] UL Throughput = 0.00000 Mbps
80116 ms [UE 37145] UL Throughput = 0.00000 Mbps
80199 ms [UE 46152] UL Throughput = 0.00000 Mbps
80199 ms [UE 40696] UL Throughput = 0.07458 Mbps
80199 ms [UE 55444] UL Throughput = 0.00000 Mbps
80226 ms [UE 10443] UL Throughput = 0.00000 Mbps
80226 ms [UE 44997] UL Throughput = 0.00000 Mbps
80226 ms [UE 57997] UL Throughput = 0.00000 Mbps
80226 ms [UE 37145] UL Throughput = 0.00000 Mbps
80309 ms [UE 46152] UL Throughput = 0.00000 Mbps
80309 ms [UE 40696] UL Throughput = 0.00000 Mbps
80309 ms [UE 55444] UL Throughput = 0.00000 Mbps
80328 ms [UE 10443] UL Throughput = 0.00000 Mbps
80328 ms [UE 44997] UL Throughput = 0.00000 Mbps
80328 ms [UE 57997] UL Throughput = 0.00000 Mbps
80328 ms [UE 37145] UL Throughput = 0.00000 Mbps
80410 ms [UE 46152] UL Throughput = 0.00000 Mbps
80410 ms [UE 40696] UL Throughput = 0.00000 Mbps
80410 ms [UE 55444] UL Throughput = 0.00000 Mbps
80436 ms [UE 10443] UL Throughput = 0.00000 Mbps
80436 ms [UE 44997] UL Throughput = 0.00000 Mbps
80436 ms [UE 57997] UL Throughput = 0.00000 Mbps
80436 ms [UE 37145] UL Throughput = 0.00000 Mbps
80519 ms [UE 46152] UL Throughput = 0.49977 Mbps
80519 ms [UE 40696] UL Throughput = 0.31901 Mbps
80519 ms [UE 55444] UL Throughput = 0.00000 Mbps
80546 ms [UE 10443] UL Throughput = 0.00000 Mbps
80546 ms [UE 44997] UL Throughput = 0.00000 Mbps
80546 ms [UE 57997] UL Throughput = 0.00000 Mbps
80546 ms [UE 37145] UL Throughput = 0.00000 Mbps
80620 ms [UE 46152] UL Throughput = 0.00000 Mbps
80620 ms [UE 40696] UL Throughput = 0.00000 Mbps
80620 ms [UE 55444] UL Throughput = 0.00000 Mbps
80646 ms [UE 10443] UL Throughput = 0.00000 Mbps
80646 ms [UE 44997] UL Throughput = 0.00000 Mbps
80646 ms [UE 57997] UL Throughput = 0.00000 Mbps
80646 ms [UE 37145] UL Throughput = 0.00000 Mbps
80668 ms | now=1755823122501854 us | PDCP ind_msg latency=71954474 us
80729 ms [UE 46152] UL Throughput = 0.09617 Mbps
80729 ms [UE 40696] UL Throughput = 0.00000 Mbps
80729 ms [UE 55444] UL Throughput = 0.00000 Mbps
80757 ms [UE 10443] UL Throughput = 0.00000 Mbps
80757 ms [UE 44997] UL Throughput = 0.00000 Mbps
80757 ms [UE 57997] UL Throughput = 0.00000 Mbps
80757 ms [UE 37145] UL Throughput = 0.00000 Mbps
80829 ms [UE 46152] UL Throughput = 0.48047 Mbps
80829 ms [UE 40696] UL Throughput = 0.34728 Mbps
80829 ms [UE 55444] UL Throughput = 0.00000 Mbps
80866 ms [UE 10443] UL Throughput = 0.00000 Mbps
80866 ms [UE 44997] UL Throughput = 0.00000 Mbps
80866 ms [UE 57997] UL Throughput = 0.00000 Mbps
80866 ms [UE 37145] UL Throughput = 0.00000 Mbps
80939 ms [UE 46152] UL Throughput = 0.00000 Mbps
80939 ms [UE 40696] UL Throughput = 0.00000 Mbps
80939 ms [UE 55444] UL Throughput = 0.00000 Mbps
80970 ms [UE 10443] UL Throughput = 0.00000 Mbps
80970 ms [UE 44997] UL Throughput = 0.00000 Mbps
80970 ms [UE 57997] UL Throughput = 0.00000 Mbps
80970 ms [UE 37145] UL Throughput = 0.00000 Mbps
81049 ms [UE 46152] UL Throughput = 0.00000 Mbps
81049 ms [UE 40696] UL Throughput = 0.00000 Mbps
81049 ms [UE 55444] UL Throughput = 0.00000 Mbps
81078 ms [UE 10443] UL Throughput = 0.00000 Mbps
81078 ms [UE 44997] UL Throughput = 0.00000 Mbps
81078 ms [UE 57997] UL Throughput = 0.00000 Mbps
81078 ms [UE 37145] UL Throughput = 0.00000 Mbps
81159 ms [UE 46152] UL Throughput = 0.39131 Mbps
81159 ms [UE 40696] UL Throughput = 0.00000 Mbps
81159 ms [UE 55444] UL Throughput = 0.00000 Mbps
81187 ms [UE 10443] UL Throughput = 0.00000 Mbps
81187 ms [UE 44997] UL Throughput = 0.00000 Mbps
81187 ms [UE 57997] UL Throughput = 0.00000 Mbps
81187 ms [UE 37145] UL Throughput = 0.00000 Mbps
81259 ms [UE 46152] UL Throughput = 0.00000 Mbps
81259 ms [UE 40696] UL Throughput = 0.00000 Mbps
81259 ms [UE 55444] UL Throughput = 0.00000 Mbps
81297 ms [UE 10443] UL Throughput = 0.00000 Mbps
81297 ms [UE 44997] UL Throughput = 0.00000 Mbps
81297 ms [UE 57997] UL Throughput = 0.00000 Mbps
81297 ms [UE 37145] UL Throughput = 0.00000 Mbps
81359 ms [UE 46152] UL Throughput = 0.00000 Mbps
81359 ms [UE 40696] UL Throughput = 0.37894 Mbps
81359 ms [UE 55444] UL Throughput = 0.00000 Mbps
81406 ms [UE 10443] UL Throughput = 0.00000 Mbps
81406 ms [UE 44997] UL Throughput = 0.00000 Mbps
81406 ms [UE 57997] UL Throughput = 0.00000 Mbps
81406 ms [UE 37145] UL Throughput = 0.00000 Mbps
81469 ms [UE 46152] UL Throughput = 0.00000 Mbps
81469 ms [UE 40696] UL Throughput = 0.00000 Mbps
81469 ms [UE 55444] UL Throughput = 0.00000 Mbps
81506 ms [UE 10443] UL Throughput = 0.00000 Mbps
81506 ms [UE 44997] UL Throughput = 0.00000 Mbps
81506 ms [UE 57997] UL Throughput = 0.00000 Mbps
81506 ms [UE 37145] UL Throughput = 0.00000 Mbps
81579 ms [UE 46152] UL Throughput = 0.09575 Mbps
81579 ms [UE 40696] UL Throughput = 0.00000 Mbps
81579 ms [UE 55444] UL Throughput = 0.00000 Mbps
81606 ms [UE 10443] UL Throughput = 0.00000 Mbps
81606 ms [UE 44997] UL Throughput = 0.00000 Mbps
81606 ms [UE 57997] UL Throughput = 0.00000 Mbps
81606 ms [UE 37145] UL Throughput = 0.00000 Mbps
81680 ms [UE 46152] UL Throughput = 0.47927 Mbps
81680 ms [UE 40696] UL Throughput = 0.00000 Mbps
81680 ms [UE 55444] UL Throughput = 0.00000 Mbps
81707 ms [UE 10443] UL Throughput = 0.00000 Mbps
81707 ms [UE 44997] UL Throughput = 0.00000 Mbps
81707 ms [UE 57997] UL Throughput = 0.00000 Mbps
81707 ms [UE 37145] UL Throughput = 0.00000 Mbps
81710 ms | now=1755823123543337 us | PDCP ind_msg latency=71954986 us
81781 ms [UE 46152] UL Throughput = 0.00000 Mbps
81781 ms [UE 40696] UL Throughput = 0.00000 Mbps
81781 ms [UE 55444] UL Throughput = 0.00000 Mbps
81816 ms [UE 10443] UL Throughput = 0.00000 Mbps
81816 ms [UE 44997] UL Throughput = 0.00000 Mbps
81816 ms [UE 57997] UL Throughput = 0.00000 Mbps
81816 ms [UE 37145] UL Throughput = 0.00000 Mbps
81889 ms [UE 46152] UL Throughput = 0.00000 Mbps
81889 ms [UE 40696] UL Throughput = 0.00000 Mbps
81889 ms [UE 55444] UL Throughput = 0.00000 Mbps
81916 ms [UE 10443] UL Throughput = 0.00000 Mbps
81916 ms [UE 44997] UL Throughput = 0.00000 Mbps
81916 ms [UE 57997] UL Throughput = 0.00000 Mbps
81916 ms [UE 37145] UL Throughput = 0.00000 Mbps
81999 ms [UE 46152] UL Throughput = 0.43761 Mbps
81999 ms [UE 40696] UL Throughput = 0.00000 Mbps
81999 ms [UE 55444] UL Throughput = 0.00000 Mbps
82017 ms [UE 10443] UL Throughput = 0.00000 Mbps
82017 ms [UE 44997] UL Throughput = 0.00000 Mbps
82017 ms [UE 57997] UL Throughput = 0.00000 Mbps
82017 ms [UE 37145] UL Throughput = 0.00000 Mbps
82100 ms [UE 46152] UL Throughput = 0.00000 Mbps
82100 ms [UE 40696] UL Throughput = 0.00000 Mbps
82100 ms [UE 55444] UL Throughput = 0.00000 Mbps
82126 ms [UE 10443] UL Throughput = 0.00000 Mbps
82126 ms [UE 44997] UL Throughput = 0.00000 Mbps
82126 ms [UE 57997] UL Throughput = 0.00000 Mbps
82126 ms [UE 37145] UL Throughput = 0.00000 Mbps
82209 ms [UE 46152] UL Throughput = 0.00000 Mbps
82209 ms [UE 40696] UL Throughput = 0.00000 Mbps
82209 ms [UE 55444] UL Throughput = 0.00000 Mbps
82227 ms [UE 10443] UL Throughput = 0.00000 Mbps
82227 ms [UE 44997] UL Throughput = 0.00000 Mbps
82227 ms [UE 57997] UL Throughput = 0.00000 Mbps
82227 ms [UE 37145] UL Throughput = 0.00000 Mbps
82309 ms [UE 46152] UL Throughput = 0.00000 Mbps
82309 ms [UE 40696] UL Throughput = 0.37771 Mbps
82309 ms [UE 55444] UL Throughput = 0.00000 Mbps
82337 ms [UE 10443] UL Throughput = 0.00000 Mbps
82337 ms [UE 44997] UL Throughput = 0.00000 Mbps
82337 ms [UE 57997] UL Throughput = 0.00000 Mbps
82337 ms [UE 37145] UL Throughput = 0.00000 Mbps
82420 ms [UE 46152] UL Throughput = 0.00000 Mbps
82420 ms [UE 40696] UL Throughput = 0.00000 Mbps
82420 ms [UE 55444] UL Throughput = 0.00000 Mbps
82447 ms [UE 10443] UL Throughput = 0.00000 Mbps
82447 ms [UE 44997] UL Throughput = 0.00000 Mbps
82447 ms [UE 57997] UL Throughput = 0.00000 Mbps
82447 ms [UE 37145] UL Throughput = 0.00000 Mbps
82529 ms [UE 46152] UL Throughput = 0.09611 Mbps
82529 ms [UE 40696] UL Throughput = 0.00000 Mbps
82529 ms [UE 55444] UL Throughput = 0.00000 Mbps
82556 ms [UE 10443] UL Throughput = 0.00000 Mbps
82556 ms [UE 44997] UL Throughput = 0.00000 Mbps
82556 ms [UE 57997] UL Throughput = 0.00000 Mbps
82556 ms [UE 37145] UL Throughput = 0.00000 Mbps
82629 ms [UE 46152] UL Throughput = 0.47860 Mbps
82629 ms [UE 40696] UL Throughput = 0.37654 Mbps
82629 ms [UE 55444] UL Throughput = 0.00000 Mbps
82666 ms [UE 10443] UL Throughput = 0.00000 Mbps
82666 ms [UE 44997] UL Throughput = 0.00000 Mbps
82666 ms [UE 57997] UL Throughput = 0.00000 Mbps
82666 ms [UE 37145] UL Throughput = 0.00000 Mbps
82730 ms [UE 46152] UL Throughput = 0.00000 Mbps
82730 ms [UE 40696] UL Throughput = 0.00000 Mbps
82730 ms [UE 55444] UL Throughput = 0.00000 Mbps
82767 ms [UE 10443] UL Throughput = 0.00000 Mbps
82767 ms [UE 44997] UL Throughput = 0.00000 Mbps
82767 ms [UE 57997] UL Throughput = 0.00000 Mbps
82767 ms [UE 37145] UL Throughput = 0.00000 Mbps
82807 ms | now=1755823124641109 us | PDCP ind_msg latency=71954736 us
82839 ms [UE 46152] UL Throughput = 0.43971 Mbps
82839 ms [UE 40696] UL Throughput = 0.00000 Mbps
82839 ms [UE 55444] UL Throughput = 0.00000 Mbps
82876 ms [UE 10443] UL Throughput = 0.00000 Mbps
82876 ms [UE 44997] UL Throughput = 0.00000 Mbps
82876 ms [UE 57997] UL Throughput = 0.00000 Mbps
82876 ms [UE 37145] UL Throughput = 0.00000 Mbps
82950 ms [UE 46152] UL Throughput = 0.00000 Mbps
82950 ms [UE 40696] UL Throughput = 0.00000 Mbps
82950 ms [UE 55444] UL Throughput = 0.00000 Mbps
82987 ms [UE 10443] UL Throughput = 0.00000 Mbps
82987 ms [UE 44997] UL Throughput = 0.00000 Mbps
82987 ms [UE 57997] UL Throughput = 0.00000 Mbps
82987 ms [UE 37145] UL Throughput = 0.00000 Mbps
83059 ms [UE 46152] UL Throughput = 0.00000 Mbps
83059 ms [UE 40696] UL Throughput = 0.07487 Mbps
83059 ms [UE 55444] UL Throughput = 0.00000 Mbps
83097 ms [UE 10443] UL Throughput = 0.00000 Mbps
83097 ms [UE 44997] UL Throughput = 0.00174 Mbps
83097 ms [UE 57997] UL Throughput = 0.00769 Mbps
83097 ms [UE 37145] UL Throughput = 0.00769 Mbps
83170 ms [UE 46152] UL Throughput = 0.00000 Mbps
83170 ms [UE 40696] UL Throughput = 0.34424 Mbps
83170 ms [UE 55444] UL Throughput = 0.00000 Mbps
83206 ms [UE 10443] UL Throughput = 0.00000 Mbps
83206 ms [UE 44997] UL Throughput = 0.00000 Mbps
83206 ms [UE 57997] UL Throughput = 0.00000 Mbps
83206 ms [UE 37145] UL Throughput = 0.00000 Mbps
83270 ms [UE 46152] UL Throughput = 0.00000 Mbps
83270 ms [UE 40696] UL Throughput = 0.00000 Mbps
83270 ms [UE 55444] UL Throughput = 0.00000 Mbps
83307 ms [UE 10443] UL Throughput = 0.00000 Mbps
83307 ms [UE 44997] UL Throughput = 0.00000 Mbps
83307 ms [UE 57997] UL Throughput = 0.00000 Mbps
83307 ms [UE 37145] UL Throughput = 0.00000 Mbps
83379 ms [UE 46152] UL Throughput = 0.53552 Mbps
83379 ms [UE 40696] UL Throughput = 0.30865 Mbps
83379 ms [UE 55444] UL Throughput = 0.00000 Mbps
83416 ms [UE 10443] UL Throughput = 0.00175 Mbps
83416 ms [UE 44997] UL Throughput = 0.00000 Mbps
83416 ms [UE 57997] UL Throughput = 0.00773 Mbps
83416 ms [UE 37145] UL Throughput = 0.00773 Mbps
83489 ms [UE 46152] UL Throughput = 0.00000 Mbps
83489 ms [UE 40696] UL Throughput = 0.00000 Mbps
83489 ms [UE 55444] UL Throughput = 0.00000 Mbps
83526 ms [UE 10443] UL Throughput = 0.00000 Mbps
83526 ms [UE 44997] UL Throughput = 0.00000 Mbps
83526 ms [UE 57997] UL Throughput = 0.00000 Mbps
83526 ms [UE 37145] UL Throughput = 0.00000 Mbps
83590 ms [UE 46152] UL Throughput = 0.00000 Mbps
83590 ms [UE 40696] UL Throughput = 0.00000 Mbps
83590 ms [UE 55444] UL Throughput = 0.00000 Mbps
83627 ms [UE 10443] UL Throughput = 0.00000 Mbps
83627 ms [UE 44997] UL Throughput = 0.00000 Mbps
83627 ms [UE 57997] UL Throughput = 0.00845 Mbps
83627 ms [UE 37145] UL Throughput = 0.00000 Mbps
83699 ms [UE 46152] UL Throughput = 0.53613 Mbps
83699 ms [UE 40696] UL Throughput = 0.00000 Mbps
83699 ms [UE 55444] UL Throughput = 0.00000 Mbps
83727 ms [UE 10443] UL Throughput = 0.00000 Mbps
83727 ms [UE 44997] UL Throughput = 0.00000 Mbps
83727 ms [UE 57997] UL Throughput = 0.00000 Mbps
83727 ms [UE 37145] UL Throughput = 0.00000 Mbps
83799 ms [UE 46152] UL Throughput = 0.00000 Mbps
83799 ms [UE 40696] UL Throughput = 0.00000 Mbps
83799 ms [UE 55444] UL Throughput = 0.00000 Mbps
83836 ms [UE 10443] UL Throughput = 0.00000 Mbps
83836 ms [UE 44997] UL Throughput = 0.00000 Mbps
83836 ms [UE 57997] UL Throughput = 0.00000 Mbps
83836 ms [UE 37145] UL Throughput = 0.00000 Mbps
83840 ms | now=1755823125673936 us | PDCP ind_msg latency=71954604 us
83899 ms [UE 46152] UL Throughput = 0.00000 Mbps
83899 ms [UE 40696] UL Throughput = 0.00000 Mbps
83899 ms [UE 55444] UL Throughput = 0.00000 Mbps
83937 ms [UE 10443] UL Throughput = 0.00000 Mbps
83937 ms [UE 44997] UL Throughput = 0.00000 Mbps
83937 ms [UE 57997] UL Throughput = 0.00000 Mbps
83937 ms [UE 37145] UL Throughput = 0.00000 Mbps
84001 ms [UE 46152] UL Throughput = 0.00000 Mbps
84001 ms [UE 40696] UL Throughput = 0.45488 Mbps
84001 ms [UE 55444] UL Throughput = 0.00000 Mbps
84046 ms [UE 10443] UL Throughput = 0.00000 Mbps
84046 ms [UE 44997] UL Throughput = 0.00000 Mbps
84046 ms [UE 57997] UL Throughput = 0.00000 Mbps
84046 ms [UE 37145] UL Throughput = 0.00000 Mbps
84109 ms [UE 46152] UL Throughput = 0.00000 Mbps
84109 ms [UE 40696] UL Throughput = 0.00000 Mbps
84109 ms [UE 55444] UL Throughput = 0.00000 Mbps
84146 ms [UE 10443] UL Throughput = 0.00000 Mbps
84146 ms [UE 44997] UL Throughput = 0.00000 Mbps
84146 ms [UE 57997] UL Throughput = 0.00000 Mbps
84146 ms [UE 37145] UL Throughput = 0.00000 Mbps
84219 ms [UE 46152] UL Throughput = 0.09542 Mbps
84219 ms [UE 40696] UL Throughput = 0.00000 Mbps
84219 ms [UE 55444] UL Throughput = 0.00000 Mbps
84247 ms [UE 10443] UL Throughput = 0.00000 Mbps
84247 ms [UE 44997] UL Throughput = 0.00000 Mbps
84247 ms [UE 57997] UL Throughput = 0.00000 Mbps
84247 ms [UE 37145] UL Throughput = 0.00000 Mbps
84329 ms [UE 46152] UL Throughput = 0.43922 Mbps
84329 ms [UE 40696] UL Throughput = 0.00000 Mbps
84329 ms [UE 55444] UL Throughput = 0.00000 Mbps
84356 ms [UE 10443] UL Throughput = 0.00000 Mbps
84356 ms [UE 44997] UL Throughput = 0.00000 Mbps
84356 ms [UE 57997] UL Throughput = 0.00000 Mbps
84356 ms [UE 37145] UL Throughput = 0.00000 Mbps
84429 ms [UE 46152] UL Throughput = 0.00000 Mbps
84429 ms [UE 40696] UL Throughput = 0.00000 Mbps
84429 ms [UE 55444] UL Throughput = 0.00000 Mbps
84457 ms [UE 10443] UL Throughput = 0.00000 Mbps
84457 ms [UE 44997] UL Throughput = 0.00000 Mbps
84457 ms [UE 57997] UL Throughput = 0.00000 Mbps
84457 ms [UE 37145] UL Throughput = 0.00000 Mbps
84530 ms [UE 46152] UL Throughput = 0.00000 Mbps
84530 ms [UE 40696] UL Throughput = 0.00380 Mbps
84530 ms [UE 55444] UL Throughput = 0.00000 Mbps
84566 ms [UE 10443] UL Throughput = 0.00000 Mbps
84566 ms [UE 44997] UL Throughput = 0.00000 Mbps
84566 ms [UE 57997] UL Throughput = 0.00000 Mbps
84566 ms [UE 37145] UL Throughput = 0.00000 Mbps
84639 ms [UE 46152] UL Throughput = 0.39535 Mbps
84639 ms [UE 40696] UL Throughput = 0.00000 Mbps
84639 ms [UE 55444] UL Throughput = 0.00000 Mbps
84676 ms [UE 10443] UL Throughput = 0.00000 Mbps
84676 ms [UE 44997] UL Throughput = 0.00000 Mbps
84676 ms [UE 57997] UL Throughput = 0.00000 Mbps
84676 ms [UE 37145] UL Throughput = 0.00000 Mbps
84740 ms [UE 46152] UL Throughput = 0.00000 Mbps
84740 ms [UE 40696] UL Throughput = 0.00000 Mbps
84740 ms [UE 55444] UL Throughput = 0.00000 Mbps
84778 ms [UE 10443] UL Throughput = 0.00000 Mbps
84778 ms [UE 44997] UL Throughput = 0.00000 Mbps
84778 ms [UE 57997] UL Throughput = 0.00000 Mbps
84778 ms [UE 37145] UL Throughput = 0.00000 Mbps
84850 ms [UE 46152] UL Throughput = 0.00000 Mbps
84850 ms [UE 40696] UL Throughput = 0.34355 Mbps
84850 ms [UE 55444] UL Throughput = 0.00000 Mbps
84888 ms [UE 10443] UL Throughput = 0.00000 Mbps
84888 ms [UE 44997] UL Throughput = 0.00000 Mbps
84888 ms [UE 57997] UL Throughput = 0.00000 Mbps
84888 ms [UE 37145] UL Throughput = 0.00000 Mbps
84930 ms | now=1755823126763939 us | PDCP ind_msg latency=71954586 us
84960 ms [UE 46152] UL Throughput = 0.00000 Mbps
84960 ms [UE 40696] UL Throughput = 0.00000 Mbps
84960 ms [UE 55444] UL Throughput = 0.00000 Mbps
84996 ms [UE 10443] UL Throughput = 0.00000 Mbps
84996 ms [UE 44997] UL Throughput = 0.00000 Mbps
84996 ms [UE 57997] UL Throughput = 0.00000 Mbps
84996 ms [UE 37145] UL Throughput = 0.00000 Mbps
85069 ms [UE 46152] UL Throughput = 0.09601 Mbps
85069 ms [UE 40696] UL Throughput = 0.00000 Mbps
85069 ms [UE 55444] UL Throughput = 0.00000 Mbps
85107 ms [UE 10443] UL Throughput = 0.00000 Mbps
85107 ms [UE 44997] UL Throughput = 0.00000 Mbps
85107 ms [UE 57997] UL Throughput = 0.00000 Mbps
85107 ms [UE 37145] UL Throughput = 0.00000 Mbps
85179 ms [UE 46152] UL Throughput = 0.40122 Mbps
85179 ms [UE 40696] UL Throughput = 0.31719 Mbps
85179 ms [UE 55444] UL Throughput = 0.00000 Mbps
85216 ms [UE 10443] UL Throughput = 0.00000 Mbps
85216 ms [UE 44997] UL Throughput = 0.00000 Mbps
85216 ms [UE 57997] UL Throughput = 0.00000 Mbps
85216 ms [UE 37145] UL Throughput = 0.00000 Mbps
85280 ms [UE 46152] UL Throughput = 0.00000 Mbps
85280 ms [UE 40696] UL Throughput = 0.00000 Mbps
85280 ms [UE 55444] UL Throughput = 0.00000 Mbps
85316 ms [UE 10443] UL Throughput = 0.00000 Mbps
85316 ms [UE 44997] UL Throughput = 0.00000 Mbps
85316 ms [UE 57997] UL Throughput = 0.00000 Mbps
85316 ms [UE 37145] UL Throughput = 0.00000 Mbps
85380 ms [UE 46152] UL Throughput = 0.00000 Mbps
85380 ms [UE 40696] UL Throughput = 0.00000 Mbps
85380 ms [UE 55444] UL Throughput = 0.00000 Mbps
85417 ms [UE 10443] UL Throughput = 0.00000 Mbps
85417 ms [UE 44997] UL Throughput = 0.00000 Mbps
85417 ms [UE 57997] UL Throughput = 0.00000 Mbps
85417 ms [UE 37145] UL Throughput = 0.00000 Mbps
85489 ms [UE 46152] UL Throughput = 0.43902 Mbps
85489 ms [UE 40696] UL Throughput = 0.00000 Mbps
85489 ms [UE 55444] UL Throughput = 0.00000 Mbps
85527 ms [UE 10443] UL Throughput = 0.00000 Mbps
85527 ms [UE 44997] UL Throughput = 0.00000 Mbps
85527 ms [UE 57997] UL Throughput = 0.00000 Mbps
85527 ms [UE 37145] UL Throughput = 0.00000 Mbps
85599 ms [UE 46152] UL Throughput = 0.00000 Mbps
85599 ms [UE 40696] UL Throughput = 0.07473 Mbps
85599 ms [UE 55444] UL Throughput = 0.00000 Mbps
85637 ms [UE 10443] UL Throughput = 0.00000 Mbps
85637 ms [UE 44997] UL Throughput = 0.00000 Mbps
85637 ms [UE 57997] UL Throughput = 0.00000 Mbps
85637 ms [UE 37145] UL Throughput = 0.00000 Mbps
85699 ms [UE 46152] UL Throughput = 0.00000 Mbps
85699 ms [UE 40696] UL Throughput = 0.37719 Mbps
85699 ms [UE 55444] UL Throughput = 0.00000 Mbps
85737 ms [UE 10443] UL Throughput = 0.00000 Mbps
85737 ms [UE 44997] UL Throughput = 0.00000 Mbps
85737 ms [UE 57997] UL Throughput = 0.00000 Mbps
85737 ms [UE 37145] UL Throughput = 0.00000 Mbps
85809 ms [UE 46152] UL Throughput = 0.00000 Mbps
85809 ms [UE 40696] UL Throughput = 0.00000 Mbps
85809 ms [UE 55444] UL Throughput = 0.00000 Mbps
85846 ms [UE 10443] UL Throughput = 0.00000 Mbps
85846 ms [UE 44997] UL Throughput = 0.00000 Mbps
85846 ms [UE 57997] UL Throughput = 0.00000 Mbps
85846 ms [UE 37145] UL Throughput = 0.00000 Mbps
85919 ms [UE 46152] UL Throughput = 0.53580 Mbps
85919 ms [UE 40696] UL Throughput = 0.00000 Mbps
85919 ms [UE 55444] UL Throughput = 0.00000 Mbps
85947 ms [UE 10443] UL Throughput = 0.00000 Mbps
85947 ms [UE 44997] UL Throughput = 0.00000 Mbps
85947 ms [UE 57997] UL Throughput = 0.00000 Mbps
85947 ms [UE 37145] UL Throughput = 0.00000 Mbps
85992 ms | now=1755823127826150 us | PDCP ind_msg latency=71954783 us
86019 ms [UE 46152] UL Throughput = 0.00000 Mbps
86019 ms [UE 40696] UL Throughput = 0.37792 Mbps
86019 ms [UE 55444] UL Throughput = 0.00000 Mbps
86056 ms [UE 10443] UL Throughput = 0.00000 Mbps
86056 ms [UE 44997] UL Throughput = 0.00000 Mbps
86056 ms [UE 57997] UL Throughput = 0.00000 Mbps
86056 ms [UE 37145] UL Throughput = 0.00000 Mbps
86119 ms [UE 46152] UL Throughput = 0.00000 Mbps
86119 ms [UE 40696] UL Throughput = 0.00000 Mbps
86119 ms [UE 55444] UL Throughput = 0.00000 Mbps
86157 ms [UE 10443] UL Throughput = 0.00000 Mbps
86157 ms [UE 44997] UL Throughput = 0.00000 Mbps
86157 ms [UE 57997] UL Throughput = 0.00000 Mbps
86157 ms [UE 37145] UL Throughput = 0.00000 Mbps
86229 ms [UE 46152] UL Throughput = 0.00000 Mbps
86229 ms [UE 40696] UL Throughput = 0.00000 Mbps
86229 ms [UE 55444] UL Throughput = 0.00000 Mbps
86266 ms [UE 10443] UL Throughput = 0.00000 Mbps
86266 ms [UE 44997] UL Throughput = 0.00000 Mbps
86266 ms [UE 57997] UL Throughput = 0.00000 Mbps
86266 ms [UE 37145] UL Throughput = 0.00000 Mbps
86330 ms [UE 46152] UL Throughput = 0.47813 Mbps
86330 ms [UE 40696] UL Throughput = 0.00000 Mbps
86330 ms [UE 55444] UL Throughput = 0.00000 Mbps
86376 ms [UE 10443] UL Throughput = 0.00000 Mbps
86376 ms [UE 44997] UL Throughput = 0.00000 Mbps
86376 ms [UE 57997] UL Throughput = 0.00000 Mbps
86376 ms [UE 37145] UL Throughput = 0.00000 Mbps
86439 ms [UE 46152] UL Throughput = 0.00000 Mbps
86439 ms [UE 40696] UL Throughput = 0.00000 Mbps
86439 ms [UE 55444] UL Throughput = 0.00000 Mbps
86476 ms [UE 10443] UL Throughput = 0.00000 Mbps
86476 ms [UE 44997] UL Throughput = 0.00000 Mbps
86476 ms [UE 57997] UL Throughput = 0.00000 Mbps
86476 ms [UE 37145] UL Throughput = 0.00000 Mbps
86540 ms [UE 46152] UL Throughput = 0.00000 Mbps
86540 ms [UE 40696] UL Throughput = 0.08151 Mbps
86540 ms [UE 55444] UL Throughput = 0.00000 Mbps
86576 ms [UE 10443] UL Throughput = 0.00000 Mbps
86576 ms [UE 44997] UL Throughput = 0.00000 Mbps
86576 ms [UE 57997] UL Throughput = 0.00000 Mbps
86576 ms [UE 37145] UL Throughput = 0.00000 Mbps
86649 ms [UE 46152] UL Throughput = 0.00000 Mbps
86649 ms [UE 40696] UL Throughput = 0.00000 Mbps
86649 ms [UE 55444] UL Throughput = 0.00000 Mbps
86686 ms [UE 10443] UL Throughput = 0.00000 Mbps
86686 ms [UE 44997] UL Throughput = 0.00000 Mbps
86686 ms [UE 57997] UL Throughput = 0.00000 Mbps
86686 ms [UE 37145] UL Throughput = 0.00000 Mbps
86750 ms [UE 46152] UL Throughput = 0.00000 Mbps
86750 ms [UE 40696] UL Throughput = 0.00000 Mbps
86750 ms [UE 55444] UL Throughput = 0.00000 Mbps
86787 ms [UE 10443] UL Throughput = 0.00000 Mbps
86787 ms [UE 44997] UL Throughput = 0.00000 Mbps
86787 ms [UE 57997] UL Throughput = 0.00000 Mbps
86787 ms [UE 37145] UL Throughput = 0.00000 Mbps
86859 ms [UE 46152] UL Throughput = 0.53671 Mbps
86859 ms [UE 40696] UL Throughput = 0.00000 Mbps
86859 ms [UE 55444] UL Throughput = 0.00000 Mbps
86896 ms [UE 10443] UL Throughput = 0.00000 Mbps
86896 ms [UE 44997] UL Throughput = 0.00000 Mbps
86896 ms [UE 57997] UL Throughput = 0.00000 Mbps
86896 ms [UE 37145] UL Throughput = 0.00000 Mbps
86969 ms [UE 46152] UL Throughput = 0.00000 Mbps
86969 ms [UE 40696] UL Throughput = 0.00000 Mbps
86969 ms [UE 55444] UL Throughput = 0.00000 Mbps
86996 ms [UE 10443] UL Throughput = 0.00000 Mbps
86996 ms [UE 44997] UL Throughput = 0.00000 Mbps
86996 ms [UE 57997] UL Throughput = 0.00000 Mbps
86996 ms [UE 37145] UL Throughput = 0.00000 Mbps
87068 ms | now=1755823128901196 us | PDCP ind_msg latency=71954855 us
87069 ms [UE 46152] UL Throughput = 0.10504 Mbps
87069 ms [UE 40696] UL Throughput = 0.00000 Mbps
87069 ms [UE 55444] UL Throughput = 0.00000 Mbps
87096 ms [UE 10443] UL Throughput = 0.00000 Mbps
87096 ms [UE 44997] UL Throughput = 0.00000 Mbps
87096 ms [UE 57997] UL Throughput = 0.00000 Mbps
87096 ms [UE 37145] UL Throughput = 0.00000 Mbps
87170 ms [UE 46152] UL Throughput = 0.00000 Mbps
87170 ms [UE 40696] UL Throughput = 0.37781 Mbps
87170 ms [UE 55444] UL Throughput = 0.00000 Mbps
87206 ms [UE 10443] UL Throughput = 0.00000 Mbps
87206 ms [UE 44997] UL Throughput = 0.00000 Mbps
87206 ms [UE 57997] UL Throughput = 0.00000 Mbps
87206 ms [UE 37145] UL Throughput = 0.00000 Mbps
87270 ms [UE 46152] UL Throughput = 0.00000 Mbps
87270 ms [UE 40696] UL Throughput = 0.00000 Mbps
87270 ms [UE 55444] UL Throughput = 0.00000 Mbps
87307 ms [UE 10443] UL Throughput = 0.00000 Mbps
87307 ms [UE 44997] UL Throughput = 0.00000 Mbps
87307 ms [UE 57997] UL Throughput = 0.00000 Mbps
87307 ms [UE 37145] UL Throughput = 0.00000 Mbps
87380 ms [UE 46152] UL Throughput = 0.09557 Mbps
87380 ms [UE 40696] UL Throughput = 0.00000 Mbps
87380 ms [UE 55444] UL Throughput = 0.00000 Mbps
87417 ms [UE 10443] UL Throughput = 0.00000 Mbps
87417 ms [UE 44997] UL Throughput = 0.00000 Mbps
87417 ms [UE 57997] UL Throughput = 0.00000 Mbps
87417 ms [UE 37145] UL Throughput = 0.00000 Mbps
87489 ms [UE 46152] UL Throughput = 0.05040 Mbps
87489 ms [UE 40696] UL Throughput = 0.30964 Mbps
87489 ms [UE 55444] UL Throughput = 0.00000 Mbps
87526 ms [UE 10443] UL Throughput = 0.00000 Mbps
87526 ms [UE 44997] UL Throughput = 0.00000 Mbps
87526 ms [UE 57997] UL Throughput = 0.00000 Mbps
87526 ms [UE 37145] UL Throughput = 0.00000 Mbps
87600 ms [UE 46152] UL Throughput = 0.00000 Mbps
87600 ms [UE 40696] UL Throughput = 0.00000 Mbps
87600 ms [UE 55444] UL Throughput = 0.00000 Mbps
87627 ms [UE 10443] UL Throughput = 0.00000 Mbps
87627 ms [UE 44997] UL Throughput = 0.00190 Mbps
87627 ms [UE 57997] UL Throughput = 0.00840 Mbps
87627 ms [UE 37145] UL Throughput = 0.00840 Mbps
87700 ms [UE 46152] UL Throughput = 0.10501 Mbps
87700 ms [UE 40696] UL Throughput = 0.00000 Mbps
87700 ms [UE 55444] UL Throughput = 0.00000 Mbps
87737 ms [UE 10443] UL Throughput = 0.00000 Mbps
87737 ms [UE 44997] UL Throughput = 0.00000 Mbps
87737 ms [UE 57997] UL Throughput = 0.00000 Mbps
87737 ms [UE 37145] UL Throughput = 0.00000 Mbps
87809 ms [UE 46152] UL Throughput = 0.44065 Mbps
87809 ms [UE 40696] UL Throughput = 0.00000 Mbps
87809 ms [UE 55444] UL Throughput = 0.00000 Mbps
87837 ms [UE 10443] UL Throughput = 0.00000 Mbps
87837 ms [UE 44997] UL Throughput = 0.00000 Mbps
87837 ms [UE 57997] UL Throughput = 0.00000 Mbps
87837 ms [UE 37145] UL Throughput = 0.00000 Mbps
87919 ms [UE 46152] UL Throughput = 0.00000 Mbps
87919 ms [UE 40696] UL Throughput = 0.00000 Mbps
87919 ms [UE 55444] UL Throughput = 0.00000 Mbps
87937 ms [UE 10443] UL Throughput = 0.00191 Mbps
87937 ms [UE 44997] UL Throughput = 0.00000 Mbps
87937 ms [UE 57997] UL Throughput = 0.00844 Mbps
87937 ms [UE 37145] UL Throughput = 0.00844 Mbps
88019 ms [UE 46152] UL Throughput = 0.58547 Mbps
88019 ms [UE 40696] UL Throughput = 0.00000 Mbps
88019 ms [UE 55444] UL Throughput = 0.00000 Mbps
88047 ms [UE 10443] UL Throughput = 0.00000 Mbps
88047 ms [UE 44997] UL Throughput = 0.00000 Mbps
88047 ms [UE 57997] UL Throughput = 0.00000 Mbps
88047 ms [UE 37145] UL Throughput = 0.00000 Mbps
88120 ms [UE 46152] UL Throughput = 0.00000 Mbps
88120 ms [UE 40696] UL Throughput = 0.33695 Mbps
88120 ms [UE 55444] UL Throughput = 0.00000 Mbps
88145 ms | now=1755823129978199 us | PDCP ind_msg latency=71954903 us
88156 ms [UE 10443] UL Throughput = 0.00000 Mbps
88156 ms [UE 44997] UL Throughput = 0.00000 Mbps
88156 ms [UE 57997] UL Throughput = 0.00780 Mbps
88156 ms [UE 37145] UL Throughput = 0.00000 Mbps
88229 ms [UE 46152] UL Throughput = 0.00000 Mbps
88229 ms [UE 40696] UL Throughput = 0.00000 Mbps
88229 ms [UE 55444] UL Throughput = 0.00000 Mbps
88257 ms [UE 10443] UL Throughput = 0.00000 Mbps
88257 ms [UE 44997] UL Throughput = 0.00000 Mbps
88257 ms [UE 57997] UL Throughput = 0.00000 Mbps
88257 ms [UE 37145] UL Throughput = 0.00000 Mbps
88329 ms [UE 46152] UL Throughput = 0.00000 Mbps
88329 ms [UE 40696] UL Throughput = 0.00000 Mbps
88329 ms [UE 55444] UL Throughput = 0.00000 Mbps
88357 ms [UE 10443] UL Throughput = 0.00000 Mbps
88357 ms [UE 44997] UL Throughput = 0.00000 Mbps
88357 ms [UE 57997] UL Throughput = 0.00000 Mbps
88357 ms [UE 37145] UL Throughput = 0.00000 Mbps
88439 ms [UE 46152] UL Throughput = 0.43904 Mbps
88439 ms [UE 40696] UL Throughput = 0.00000 Mbps
88439 ms [UE 55444] UL Throughput = 0.00000 Mbps
88460 ms [UE 10443] UL Throughput = 0.00000 Mbps
88460 ms [UE 44997] UL Throughput = 0.00000 Mbps
88460 ms [UE 57997] UL Throughput = 0.00000 Mbps
88460 ms [UE 37145] UL Throughput = 0.00000 Mbps
88540 ms [UE 46152] UL Throughput = 0.00000 Mbps
88540 ms [UE 40696] UL Throughput = 0.00000 Mbps
88540 ms [UE 55444] UL Throughput = 0.00000 Mbps
88567 ms [UE 10443] UL Throughput = 0.00000 Mbps
88567 ms [UE 44997] UL Throughput = 0.00000 Mbps
88567 ms [UE 57997] UL Throughput = 0.00000 Mbps
88567 ms [UE 37145] UL Throughput = 0.00000 Mbps
88649 ms [UE 46152] UL Throughput = 0.00000 Mbps
88649 ms [UE 40696] UL Throughput = 0.42124 Mbps
88649 ms [UE 55444] UL Throughput = 0.00000 Mbps
88677 ms [UE 10443] UL Throughput = 0.00000 Mbps
88677 ms [UE 44997] UL Throughput = 0.00000 Mbps
88677 ms [UE 57997] UL Throughput = 0.00000 Mbps
88677 ms [UE 37145] UL Throughput = 0.00000 Mbps
88749 ms [UE 46152] UL Throughput = 0.00000 Mbps
88749 ms [UE 40696] UL Throughput = 0.00000 Mbps
88749 ms [UE 55444] UL Throughput = 0.00000 Mbps
88786 ms [UE 10443] UL Throughput = 0.00000 Mbps
88786 ms [UE 44997] UL Throughput = 0.00000 Mbps
88786 ms [UE 57997] UL Throughput = 0.00000 Mbps
88786 ms [UE 37145] UL Throughput = 0.00000 Mbps
88849 ms [UE 46152] UL Throughput = 0.00000 Mbps
88849 ms [UE 40696] UL Throughput = 0.00000 Mbps
88849 ms [UE 55444] UL Throughput = 0.00000 Mbps
88887 ms [UE 10443] UL Throughput = 0.00000 Mbps
88887 ms [UE 44997] UL Throughput = 0.00000 Mbps
88887 ms [UE 57997] UL Throughput = 0.00000 Mbps
88887 ms [UE 37145] UL Throughput = 0.00000 Mbps
88952 ms [UE 46152] UL Throughput = 0.10233 Mbps
88952 ms [UE 40696] UL Throughput = 0.00000 Mbps
88952 ms [UE 55444] UL Throughput = 0.00000 Mbps
88997 ms [UE 10443] UL Throughput = 0.00000 Mbps
88997 ms [UE 44997] UL Throughput = 0.00000 Mbps
88997 ms [UE 57997] UL Throughput = 0.00000 Mbps
88997 ms [UE 37145] UL Throughput = 0.00000 Mbps
89059 ms [UE 46152] UL Throughput = 0.44832 Mbps
89059 ms [UE 40696] UL Throughput = 0.35272 Mbps
89059 ms [UE 55444] UL Throughput = 0.00000 Mbps
89106 ms [UE 10443] UL Throughput = 0.00000 Mbps
89106 ms [UE 44997] UL Throughput = 0.00000 Mbps
89106 ms [UE 57997] UL Throughput = 0.00000 Mbps
89106 ms [UE 37145] UL Throughput = 0.00000 Mbps
89170 ms [UE 46152] UL Throughput = 0.00000 Mbps
89170 ms [UE 40696] UL Throughput = 0.00000 Mbps
89170 ms [UE 55444] UL Throughput = 0.00000 Mbps
89206 ms | now=1755823131040124 us | PDCP ind_msg latency=71955771 us
89206 ms [UE 10443] UL Throughput = 0.00000 Mbps
89206 ms [UE 44997] UL Throughput = 0.00000 Mbps
89206 ms [UE 57997] UL Throughput = 0.00000 Mbps
89206 ms [UE 37145] UL Throughput = 0.00000 Mbps
89270 ms [UE 46152] UL Throughput = 0.00000 Mbps
89270 ms [UE 40696] UL Throughput = 0.00000 Mbps
89270 ms [UE 55444] UL Throughput = 0.00000 Mbps
89307 ms [UE 10443] UL Throughput = 0.00000 Mbps
89307 ms [UE 44997] UL Throughput = 0.00000 Mbps
89307 ms [UE 57997] UL Throughput = 0.00000 Mbps
89307 ms [UE 37145] UL Throughput = 0.00000 Mbps
89379 ms [UE 46152] UL Throughput = 0.39689 Mbps
89379 ms [UE 40696] UL Throughput = 0.00000 Mbps
89379 ms [UE 55444] UL Throughput = 0.00000 Mbps
89417 ms [UE 10443] UL Throughput = 0.00000 Mbps
89417 ms [UE 44997] UL Throughput = 0.00000 Mbps
89417 ms [UE 57997] UL Throughput = 0.00000 Mbps
89417 ms [UE 37145] UL Throughput = 0.00000 Mbps
89480 ms [UE 46152] UL Throughput = 0.00000 Mbps
89480 ms [UE 40696] UL Throughput = 0.00000 Mbps
89480 ms [UE 55444] UL Throughput = 0.00000 Mbps
89526 ms [UE 10443] UL Throughput = 0.00000 Mbps
89526 ms [UE 44997] UL Throughput = 0.00000 Mbps
89526 ms [UE 57997] UL Throughput = 0.00000 Mbps
89526 ms [UE 37145] UL Throughput = 0.00000 Mbps
89589 ms [UE 46152] UL Throughput = 0.00000 Mbps
89589 ms [UE 40696] UL Throughput = 0.39482 Mbps
89589 ms [UE 55444] UL Throughput = 0.00000 Mbps
89636 ms [UE 10443] UL Throughput = 0.00000 Mbps
89636 ms [UE 44997] UL Throughput = 0.00000 Mbps
89636 ms [UE 57997] UL Throughput = 0.00000 Mbps
89636 ms [UE 37145] UL Throughput = 0.00000 Mbps
89689 ms [UE 46152] UL Throughput = 0.00000 Mbps
89689 ms [UE 40696] UL Throughput = 0.00000 Mbps
89689 ms [UE 55444] UL Throughput = 0.00000 Mbps
89736 ms [UE 10443] UL Throughput = 0.00000 Mbps
89736 ms [UE 44997] UL Throughput = 0.00000 Mbps
89736 ms [UE 57997] UL Throughput = 0.00000 Mbps
89736 ms [UE 37145] UL Throughput = 0.00000 Mbps
89790 ms [UE 46152] UL Throughput = 0.10490 Mbps
89790 ms [UE 40696] UL Throughput = 0.00000 Mbps
89790 ms [UE 55444] UL Throughput = 0.00000 Mbps
89837 ms [UE 10443] UL Throughput = 0.00000 Mbps
89837 ms [UE 44997] UL Throughput = 0.00000 Mbps
89837 ms [UE 57997] UL Throughput = 0.00000 Mbps
89837 ms [UE 37145] UL Throughput = 0.00000 Mbps
89890 ms [UE 46152] UL Throughput = 0.43930 Mbps
89890 ms [UE 40696] UL Throughput = 0.34729 Mbps
89890 ms [UE 55444] UL Throughput = 0.00000 Mbps
89947 ms [UE 10443] UL Throughput = 0.00000 Mbps
89947 ms [UE 44997] UL Throughput = 0.00000 Mbps
89947 ms [UE 57997] UL Throughput = 0.00000 Mbps
89947 ms [UE 37145] UL Throughput = 0.00000 Mbps
89999 ms [UE 46152] UL Throughput = 0.00000 Mbps
89999 ms [UE 40696] UL Throughput = 0.00000 Mbps
89999 ms [UE 55444] UL Throughput = 0.00000 Mbps
[xApp]: E42 RIC_SUBSCRIPTION_DELETE_REQUEST tx RAN_FUNC_ID 144 RIC_REQ_ID 1 
[xApp]: E42 SUBSCRIPTION DELETE RESPONSE rx
[xApp]: E42 RIC_SUBSCRIPTION_DELETE_REQUEST tx RAN_FUNC_ID 142 RIC_REQ_ID 2 
[xApp]: E42 SUBSCRIPTION DELETE RESPONSE rx
[xApp]: E42 RIC_SUBSCRIPTION_DELETE_REQUEST tx RAN_FUNC_ID 142 RIC_REQ_ID 3 
[xApp]: E42 SUBSCRIPTION DELETE RESPONSE rx
[xApp]: Sucessfully stopped 
MAC/PDCP xApp run SUCCESSFULLY
