[UTIL]: Setting the config -c file to /usr/local/etc/flexric/flexric.conf
[UTIL]: Setting path -p for the shared libraries to /usr/local/lib/flexric/
[xAapp]: Initializing ... 
[xApp]: nearRT-RIC IP Address = 192.168.70.150, PORT = 36422
[E2 AGENT]: Opening plugin from path = /usr/local/lib/flexric/libkpm_sm.so 
[E2 AGENT]: Opening plugin from path = /usr/local/lib/flexric/libmac_sm.so 
[E2 AGENT]: Opening plugin from path = /usr/local/lib/flexric/libpdcp_sm.so 
[E2 AGENT]: Opening plugin from path = /usr/local/lib/flexric/libgtp_sm.so 
[E2 AGENT]: Opening plugin from path = /usr/local/lib/flexric/librc_sm.so 
[E2 AGENT]: Opening plugin from path = /usr/local/lib/flexric/libtc_sm.so 
[E2 AGENT]: Opening plugin from path = /usr/local/lib/flexric/librlc_sm.so 
[E2 AGENT]: Opening plugin from path = /usr/local/lib/flexric/libslice_sm.so 
[NEAR-RIC]: Loading SM ID = 2 with def = ORAN-E2SM-KPM 
[NEAR-RIC]: Loading SM ID = 142 with def = MAC_STATS_V0 
[NEAR-RIC]: Loading SM ID = 144 with def = PDCP_STATS_V0 
[NEAR-RIC]: Loading SM ID = 148 with def = GTP_STATS_V0 
[NEAR-RIC]: Loading SM ID = 3 with def = ORAN-E2SM-RC 
[NEAR-RIC]: Loading SM ID = 146 with def = TC_STATS_V0 
[NEAR-RIC]: Loading SM ID = 143 with def = RLC_STATS_V0 
[NEAR-RIC]: Loading SM ID = 145 with def = SLICE_STATS_V0 
[xApp]: DB filename = /tmp/flexric/xapp_db 
 [xApp]: E42 SETUP-REQUEST tx
[xApp]: E42 SETUP-RESPONSE rx 
[xApp]: xApp ID = 11
[xApp]: Registered E2 Nodes = 4 
Connected E2 nodes = 4
[xAPP] Registered node 0 ran func id = 2
[xAPP] Registered node 0 ran func id = 3
[xAPP] Registered node 0 ran func id = 142
[xAPP] Registered node 0 ran func id = 143
[xAPP] Registered node 0 ran func id = 144
[xAPP] Registered node 0 ran func id = 145
[xAPP] Registered node 0 ran func id = 146
[xAPP] Registered node 0 ran func id = 148
[xApp]: E42 RIC SUBSCRIPTION REQUEST tx RAN_FUNC_ID 144 RIC_REQ_ID 1 
[xApp]: SUBSCRIPTION RESPONSE rx
[xApp]: Successfully subscribed to RAN_FUNC_ID 144 
[xAPP] Registered node 1 ran func id = 2
[xAPP] Registered node 1 ran func id = 3
[xAPP] Registered node 1 ran func id = 142
[xAPP] Registered node 1 ran func id = 143
[xAPP] Registered node 1 ran func id = 144
[xAPP] Registered node 1 ran func id = 145
[xAPP] Registered node 1 ran func id = 146
[xAPP] Registered node 1 ran func id = 148
[xAPP] Registered node 2 ran func id = 2
[xAPP] Registered node 2 ran func id = 3
[xAPP] Registered node 2 ran func id = 142
[xAPP] Registered node 2 ran func id = 143
[xAPP] Registered node 2 ran func id = 144
[xAPP] Registered node 2 ran func id = 145
[xAPP] Registered node 2 ran func id = 146
[xAPP] Registered node 2 ran func id = 148
[xApp]: E42 RIC SUBSCRIPTION REQUEST tx RAN_FUNC_ID 142 RIC_REQ_ID 2 
7 ms | now=1755815452085481 us | PDCP ind_msg latency=71856988 us
[xApp]: SUBSCRIPTION RESPONSE rx
[xApp]: Successfully subscribed to RAN_FUNC_ID 142 
[xAPP] Registered node 3 ran func id = 2
[xAPP] Registered node 3 ran func id = 3
[xAPP] Registered node 3 ran func id = 142
[xAPP] Registered node 3 ran func id = 143
[xAPP] Registered node 3 ran func id = 144
[xAPP] Registered node 3 ran func id = 145
[xAPP] Registered node 3 ran func id = 146
[xAPP] Registered node 3 ran func id = 148
[xApp]: E42 RIC SUBSCRIPTION REQUEST tx RAN_FUNC_ID 142 RIC_REQ_ID 3 
[xApp]: SUBSCRIPTION RESPONSE rx
[xApp]: Successfully subscribed to RAN_FUNC_ID 142 
125 ms [UE 11372] UL Throughput = 0.0 Mbps
125 ms [UE 19074] UL Throughput = 0.34823 Mbps
211 ms [UE 11372] UL Throughput = 0.23507 Mbps
211 ms [UE 19074] UL Throughput = 0.0 Mbps
217 ms [UE 11372] UL Throughput = 0.02315 Mbps
217 ms [UE 19074] UL Throughput = 0.0 Mbps
320 ms [UE 11372] UL Throughput = 0.02623 Mbps
437 ms [UE 11372] UL Throughput = 0.0 Mbps
437 ms [UE 19074] UL Throughput = 0.31524 Mbps
439 ms [UE 42234] UL Throughput = 0.08126 Mbps
525 ms [UE 12586] UL Throughput = 0.21458 Mbps
525 ms [UE 41045] UL Throughput = 0.30754 Mbps
590 ms [UE 12586] UL Throughput = 0.0 Mbps
590 ms [UE 41045] UL Throughput = 0.17401 Mbps
675 ms [UE 35620] UL Throughput = 0.0 Mbps
675 ms [UE 73211] UL Throughput = 0.0 Mbps
807 ms [UE 11372] UL Throughput = 0.22361 Mbps
807 ms [UE 19074] UL Throughput = 0.17627 Mbps
901 ms [UE 35620] UL Throughput = 0.08037 Mbps
901 ms [UE 73211] UL Throughput = 0.0 Mbps
907 ms [UE 39999] UL Throughput = 0.0 Mbps
907 ms [UE 50104] UL Throughput = 0.0 Mbps
1027 ms [UE 39999] UL Throughput = 0.32348 Mbps
1027 ms [UE 50104] UL Throughput = 0.0809 Mbps
1116 ms [UE 30040] UL Throughput = 0.0 Mbps
1116 ms [UE 42234] UL Throughput = 0.15654 Mbps
1233 ms [UE 39999] UL Throughput = 0.26313 Mbps
1237 ms [UE 35620] UL Throughput = 0.19976 Mbps
1358 ms [UE 11372] UL Throughput = 0.0 Mbps
1358 ms [UE 19074] UL Throughput = 0.0 Mbps
1361 ms [UE 35620] UL Throughput = 0.0 Mbps
1361 ms [UE 73211] UL Throughput = 0.0 Mbps
1364 ms [UE 12586] UL Throughput = 0.0 Mbps
1364 ms [UE 30040] UL Throughput = 0.2359 Mbps
1364 ms [UE 41045] UL Throughput = 0.0 Mbps
1364 ms [UE 42234] UL Throughput = 0.16629 Mbps
1369 ms [UE 19074] UL Throughput = 0.0 Mbps
1373 ms [UE 39999] UL Throughput = 0.11714 Mbps
1373 ms [UE 50104] UL Throughput = 0.06735 Mbps
1475 ms [UE 11372] UL Throughput = 0.34147 Mbps
1475 ms [UE 19074] UL Throughput = 0.0 Mbps
1480 ms [UE 41045] UL Throughput = 0.28459 Mbps
1596 ms [UE 30040] UL Throughput = 0.16109 Mbps
1596 ms [UE 39999] UL Throughput = 0.0 Mbps
1596 ms [UE 42234] UL Throughput = 0.0 Mbps
1596 ms [UE 50104] UL Throughput = 0.0 Mbps
1702 ms [UE 11372] UL Throughput = 0.21487 Mbps
1702 ms [UE 39999] UL Throughput = 0.0 Mbps
1702 ms [UE 50104] UL Throughput = 0.0 Mbps
1785 ms [UE 11372] UL Throughput = 0.0 Mbps
1785 ms [UE 19074] UL Throughput = 0.0 Mbps
1786 ms [UE 11372] UL Throughput = 0.0 Mbps
1786 ms [UE 19074] UL Throughput = 0.0 Mbps
1882 ms [UE 30040] UL Throughput = 0.29468 Mbps
1882 ms [UE 42234] UL Throughput = 0.0 Mbps
1990 ms [UE 35620] UL Throughput = 0.20444 Mbps
1990 ms [UE 73211] UL Throughput = 0.05226 Mbps
2072 ms [UE 11372] UL Throughput = 0.33623 Mbps
2072 ms [UE 19074] UL Throughput = 0.0 Mbps
2072 ms [UE 30040] UL Throughput = 0.16133 Mbps
2072 ms [UE 42234] UL Throughput = 0.0 Mbps
2074 ms [UE 19074] UL Throughput = 0.0 Mbps
2075 ms [UE 12586] UL Throughput = 0.0 Mbps
2075 ms [UE 41045] UL Throughput = 0.0 Mbps
2160 ms [UE 35620] UL Throughput = 0.06624 Mbps
2160 ms [UE 73211] UL Throughput = 0.0 Mbps
2266 ms [UE 73211] UL Throughput = 0.0 Mbps
2271 ms [UE 35620] UL Throughput = 0.34406 Mbps
2271 ms [UE 73211] UL Throughput = 0.16163 Mbps
2368 ms [UE 30040] UL Throughput = 0.11382 Mbps
2368 ms [UE 42234] UL Throughput = 0.34134 Mbps
2475 ms [UE 12586] UL Throughput = 0.0 Mbps
2475 ms [UE 39999] UL Throughput = 0.15655 Mbps
2475 ms [UE 41045] UL Throughput = 0.0 Mbps
2475 ms [UE 50104] UL Throughput = 0.27978 Mbps
2582 ms [UE 41045] UL Throughput = 0.24088 Mbps
2691 ms [UE 11372] UL Throughput = 0.0 Mbps
2691 ms [UE 19074] UL Throughput = 0.0 Mbps
2795 ms [UE 11372] UL Throughput = 0.13873 Mbps
2795 ms [UE 19074] UL Throughput = 0.21631 Mbps
2795 ms [UE 39999] UL Throughput = 0.0 Mbps
2795 ms [UE 50104] UL Throughput = 0.1599 Mbps
2873 ms [UE 35620] UL Throughput = 0.0 Mbps
2873 ms [UE 73211] UL Throughput = 0.29671 Mbps
2941 ms [UE 39999] UL Throughput = 0.05055 Mbps
2941 ms [UE 50104] UL Throughput = 0.28289 Mbps
3061 ms [UE 39999] UL Throughput = 0.15868 Mbps
3061 ms [UE 50104] UL Throughput = 0.0 Mbps
3146 ms [UE 11372] UL Throughput = 0.0 Mbps
3146 ms [UE 19074] UL Throughput = 0.0 Mbps
3239 ms [UE 12586] UL Throughput = 0.21756 Mbps
3239 ms [UE 30040] UL Throughput = 0.0 Mbps
3239 ms [UE 42234] UL Throughput = 0.0 Mbps
3349 ms [UE 41045] UL Throughput = 0.0 Mbps
3445 ms [UE 35620] UL Throughput = 0.31128 Mbps
3445 ms [UE 73211] UL Throughput = 0.0 Mbps
3546 ms [UE 35620] UL Throughput = 0.0 Mbps
3546 ms [UE 73211] UL Throughput = 0.13916 Mbps
3651 ms [UE 11372] UL Throughput = 0.1313 Mbps
3651 ms [UE 19074] UL Throughput = 0.0 Mbps
3750 ms [UE 35620] UL Throughput = 0.27681 Mbps
3753 ms [UE 12586] UL Throughput = 0.0 Mbps
3753 ms [UE 30040] UL Throughput = 0.10874 Mbps
3753 ms [UE 41045] UL Throughput = 0.0 Mbps
3753 ms [UE 42234] UL Throughput = 0.0 Mbps
3860 ms [UE 39999] UL Throughput = 0.0 Mbps
3860 ms [UE 50104] UL Throughput = 0.0 Mbps
3957 ms [UE 30040] UL Throughput = 0.0 Mbps
3957 ms [UE 35620] UL Throughput = 0.0 Mbps
3957 ms [UE 42234] UL Throughput = 0.0 Mbps
3957 ms [UE 73211] UL Throughput = 0.0 Mbps
4059 ms [UE 11372] UL Throughput = 0.0 Mbps
4060 ms [UE 11372] UL Throughput = 0.0 Mbps
4060 ms [UE 19074] UL Throughput = 0.33786 Mbps
4064 ms [UE 39999] UL Throughput = 0.0 Mbps
4064 ms [UE 50104] UL Throughput = 0.0 Mbps
4165 ms [UE 12586] UL Throughput = 0.04165 Mbps
4165 ms [UE 41045] UL Throughput = 0.0 Mbps
4265 ms [UE 30040] UL Throughput = 0.0 Mbps
4265 ms [UE 42234] UL Throughput = 0.16028 Mbps
4268 ms [UE 12586] UL Throughput = 0.30178 Mbps
4268 ms [UE 39999] UL Throughput = 0.0 Mbps
4268 ms [UE 41045] UL Throughput = 0.0 Mbps
4268 ms [UE 50104] UL Throughput = 0.0 Mbps
4374 ms [UE 30040] UL Throughput = 0.17335 Mbps
4374 ms [UE 35620] UL Throughput = 0.13695 Mbps
4374 ms [UE 42234] UL Throughput = 0.0 Mbps
4374 ms [UE 73211] UL Throughput = 0.0 Mbps
4375 ms [UE 41045] UL Throughput = 0.0 Mbps
4485 ms [UE 12586] UL Throughput = 0.33701 Mbps
4485 ms [UE 35620] UL Throughput = 0.0 Mbps
4485 ms [UE 41045] UL Throughput = 0.23614 Mbps
4485 ms [UE 73211] UL Throughput = 0.0 Mbps
4591 ms [UE 11372] UL Throughput = 0.0 Mbps
4591 ms [UE 12586] UL Throughput = 0.106 Mbps
4591 ms [UE 19074] UL Throughput = 0.16248 Mbps
4591 ms [UE 41045] UL Throughput = 0.32781 Mbps
4669 ms [UE 11372] UL Throughput = 0.2332 Mbps
4669 ms [UE 19074] UL Throughput = 0.34342 Mbps
4671 ms [UE 30040] UL Throughput = 0.03653 Mbps
4671 ms [UE 42234] UL Throughput = 0.0 Mbps
4676 ms [UE 11372] UL Throughput = 0.2703 Mbps
4676 ms [UE 19074] UL Throughput = 0.08309 Mbps
4676 ms [UE 35620] UL Throughput = 0.03473 Mbps
4676 ms [UE 73211] UL Throughput = 0.0 Mbps
4766 ms [UE 35620] UL Throughput = 0.0 Mbps
4766 ms [UE 73211] UL Throughput = 0.34736 Mbps
4772 ms [UE 39999] UL Throughput = 0.16984 Mbps
4866 ms [UE 35620] UL Throughput = 0.0 Mbps
4866 ms [UE 73211] UL Throughput = 0.20122 Mbps
4868 ms [UE 30040] UL Throughput = 0.0 Mbps
4868 ms [UE 42234] UL Throughput = 0.35213 Mbps
4982 ms [UE 39999] UL Throughput = 0.16109 Mbps
4982 ms [UE 50104] UL Throughput = 0.31694 Mbps
5072 ms [UE 11372] UL Throughput = 0.16997 Mbps
5072 ms [UE 19074] UL Throughput = 0.0 Mbps
5185 ms [UE 12586] UL Throughput = 0.30811 Mbps
5185 ms [UE 41045] UL Throughput = 0.22244 Mbps
5289 ms [UE 19074] UL Throughput = 0.0 Mbps
5365 ms [UE 11372] UL Throughput = 0.0 Mbps
5365 ms [UE 19074] UL Throughput = 0.19812 Mbps
5366 ms [UE 12586] UL Throughput = 0.0 Mbps
5366 ms [UE 39999] UL Throughput = 0.13563 Mbps
5366 ms [UE 50104] UL Throughput = 0.0 Mbps
5462 ms [UE 35620] UL Throughput = 0.0 Mbps
5462 ms [UE 73211] UL Throughput = 0.33294 Mbps
5529 ms [UE 39999] UL Throughput = 0.11164 Mbps
5529 ms [UE 50104] UL Throughput = 0.26901 Mbps
5636 ms [UE 42234] UL Throughput = 0.26676 Mbps
5714 ms [UE 30040] UL Throughput = 0.14987 Mbps
5815 ms [UE 12586] UL Throughput = 0.07564 Mbps
5815 ms [UE 41045] UL Throughput = 0.0 Mbps
5906 ms [UE 11372] UL Throughput = 0.0 Mbps
5906 ms [UE 19074] UL Throughput = 0.0 Mbps
5910 ms [UE 39999] UL Throughput = 0.0 Mbps
5910 ms [UE 50104] UL Throughput = 0.0 Mbps
6003 ms [UE 12586] UL Throughput = 0.25276 Mbps
6003 ms [UE 39999] UL Throughput = 0.0805 Mbps
6003 ms [UE 41045] UL Throughput = 0.28128 Mbps
6003 ms [UE 50104] UL Throughput = 0.0 Mbps
6007 ms [UE 39999] UL Throughput = 0.06798 Mbps
6007 ms [UE 50104] UL Throughput = 0.0 Mbps
6139 ms [UE 73211] UL Throughput = 0.22858 Mbps
6257 ms [UE 35620] UL Throughput = 0.0 Mbps
6260 ms [UE 19074] UL Throughput = 0.22857 Mbps
6260 ms [UE 35620] UL Throughput = 0.0 Mbps
6260 ms [UE 73211] UL Throughput = 0.0 Mbps
6382 ms [UE 41045] UL Throughput = 0.0 Mbps
6474 ms [UE 30040] UL Throughput = 0.13355 Mbps
6474 ms [UE 42234] UL Throughput = 0.0 Mbps
6539 ms [UE 11372] UL Throughput = 0.0 Mbps
6539 ms [UE 19074] UL Throughput = 0.0 Mbps
6621 ms [UE 12586] UL Throughput = 0.25547 Mbps
6621 ms [UE 41045] UL Throughput = 0.1634 Mbps
6716 ms [UE 12586] UL Throughput = 0.02034 Mbps
6801 ms [UE 12586] UL Throughput = 0.22363 Mbps
6801 ms [UE 41045] UL Throughput = 0.0 Mbps
6923 ms [UE 12586] UL Throughput = 0.1259 Mbps
6923 ms [UE 19074] UL Throughput = 0.0 Mbps
6923 ms [UE 41045] UL Throughput = 0.18797 Mbps
7039 ms [UE 35620] UL Throughput = 0.0 Mbps
7039 ms [UE 73211] UL Throughput = 0.13971 Mbps
7113 ms [UE 11372] UL Throughput = 0.10602 Mbps
7113 ms [UE 19074] UL Throughput = 0.0 Mbps
7113 ms [UE 39999] UL Throughput = 0.20955 Mbps
7113 ms [UE 50104] UL Throughput = 0.37549 Mbps
7115 ms [UE 12586] UL Throughput = 0.27325 Mbps
7115 ms [UE 39999] UL Throughput = 0.14426 Mbps
7115 ms [UE 41045] UL Throughput = 0.0 Mbps
7115 ms [UE 50104] UL Throughput = 0.10403 Mbps
7217 ms [UE 39999] UL Throughput = 0.0 Mbps
7217 ms [UE 50104] UL Throughput = 0.0 Mbps
7324 ms [UE 11372] UL Throughput = 0.28361 Mbps
7324 ms [UE 35620] UL Throughput = 0.0 Mbps
7324 ms [UE 73211] UL Throughput = 0.0 Mbps
7424 ms [UE 12586] UL Throughput = 0.0 Mbps
7531 ms [UE 35620] UL Throughput = 0.31777 Mbps
7531 ms [UE 73211] UL Throughput = 0.0 Mbps
7633 ms [UE 73211] UL Throughput = 0.33356 Mbps
7638 ms [UE 39999] UL Throughput = 0.30125 Mbps
7638 ms [UE 50104] UL Throughput = 0.32666 Mbps
7730 ms [UE 50104] UL Throughput = 0.0 Mbps
7851 ms [UE 39999] UL Throughput = 0.0 Mbps
7936 ms [UE 30040] UL Throughput = 0.08722 Mbps
7936 ms [UE 42234] UL Throughput = 0.23643 Mbps
8064 ms [UE 30040] UL Throughput = 0.34272 Mbps
8064 ms [UE 42234] UL Throughput = 0.0 Mbps
8067 ms [UE 30040] UL Throughput = 0.19012 Mbps
8067 ms [UE 42234] UL Throughput = 0.0 Mbps
8072 ms [UE 12586] UL Throughput = 0.10548 Mbps
8072 ms [UE 30040] UL Throughput = 0.0 Mbps
8072 ms [UE 41045] UL Throughput = 0.0 Mbps
8170 ms [UE 30040] UL Throughput = 0.30846 Mbps
8170 ms [UE 42234] UL Throughput = 0.18694 Mbps
8273 ms [UE 35620] UL Throughput = 0.22013 Mbps
8279 ms [UE 30040] UL Throughput = 0.0 Mbps
8279 ms [UE 42234] UL Throughput = 0.0 Mbps
8389 ms [UE 12586] UL Throughput = 0.20944 Mbps
8389 ms [UE 41045] UL Throughput = 0.0 Mbps
8506 ms [UE 12586] UL Throughput = 0.0 Mbps
8506 ms [UE 35620] UL Throughput = 0.0 Mbps
8506 ms [UE 41045] UL Throughput = 0.0 Mbps
8506 ms [UE 73211] UL Throughput = 0.0 Mbps
8613 ms [UE 30040] UL Throughput = 0.0273 Mbps
8613 ms [UE 42234] UL Throughput = 0.0 Mbps
8696 ms [UE 11372] UL Throughput = 0.22052 Mbps
8696 ms [UE 19074] UL Throughput = 0.0 Mbps
8792 ms [UE 12586] UL Throughput = 0.0 Mbps
8792 ms [UE 39999] UL Throughput = 0.17274 Mbps
8792 ms [UE 41045] UL Throughput = 0.0 Mbps
8792 ms [UE 50104] UL Throughput = 0.0 Mbps
8880 ms [UE 35620] UL Throughput = 0.0 Mbps
8882 ms [UE 42234] UL Throughput = 0.3343 Mbps
8974 ms [UE 12586] UL Throughput = 0.16765 Mbps
8974 ms [UE 39999] UL Throughput = 0.0 Mbps
8974 ms [UE 41045] UL Throughput = 0.0 Mbps
8974 ms [UE 50104] UL Throughput = 0.0 Mbps
9084 ms [UE 12586] UL Throughput = 0.1151 Mbps
9084 ms [UE 35620] UL Throughput = 0.24735 Mbps
9084 ms [UE 73211] UL Throughput = 0.0 Mbps
9179 ms [UE 39999] UL Throughput = 0.31128 Mbps
9179 ms [UE 50104] UL Throughput = 0.3798 Mbps
9299 ms [UE 30040] UL Throughput = 0.02902 Mbps
9299 ms [UE 42234] UL Throughput = 0.34283 Mbps
9416 ms [UE 11372] UL Throughput = 0.05276 Mbps
9416 ms [UE 19074] UL Throughput = 0.0 Mbps
9507 ms [UE 11372] UL Throughput = 0.32159 Mbps
9507 ms [UE 19074] UL Throughput = 0.0 Mbps
9618 ms [UE 35620] UL Throughput = 0.0 Mbps
9618 ms [UE 42234] UL Throughput = 0.16649 Mbps
9618 ms [UE 73211] UL Throughput = 0.0 Mbps
9619 ms [UE 11372] UL Throughput = 0.0 Mbps
9619 ms [UE 42234] UL Throughput = 0.18831 Mbps
9714 ms [UE 12586] UL Throughput = 0.0 Mbps
9714 ms [UE 41045] UL Throughput = 0.34326 Mbps
9816 ms [UE 30040] UL Throughput = 0.0 Mbps
9816 ms [UE 42234] UL Throughput = 0.0 Mbps
9936 ms [UE 19074] UL Throughput = 0.2794 Mbps
9936 ms [UE 39999] UL Throughput = 0.30721 Mbps
9936 ms [UE 50104] UL Throughput = 0.0 Mbps
10044 ms [UE 11372] UL Throughput = 0.0 Mbps
10044 ms [UE 19074] UL Throughput = 0.12182 Mbps
10044 ms [UE 35620] UL Throughput = 0.0 Mbps
10044 ms [UE 73211] UL Throughput = 0.0 Mbps
10148 ms [UE 11372] UL Throughput = 0.0 Mbps
10148 ms [UE 19074] UL Throughput = 0.0 Mbps
10148 ms [UE 35620] UL Throughput = 0.31884 Mbps
10148 ms [UE 73211] UL Throughput = 0.0 Mbps
10153 ms [UE 12586] UL Throughput = 0.0 Mbps
10153 ms [UE 39999] UL Throughput = 0.0 Mbps
10153 ms [UE 41045] UL Throughput = 0.05905 Mbps
10153 ms [UE 50104] UL Throughput = 0.0 Mbps
10266 ms [UE 35620] UL Throughput = 0.0 Mbps
10266 ms [UE 73211] UL Throughput = 0.0 Mbps
10377 ms [UE 12586] UL Throughput = 0.0 Mbps
10377 ms [UE 35620] UL Throughput = 0.0 Mbps
10377 ms [UE 41045] UL Throughput = 0.06267 Mbps
10377 ms [UE 73211] UL Throughput = 0.18354 Mbps
10465 ms [UE 11372] UL Throughput = 0.0 Mbps
10569 ms [UE 30040] UL Throughput = 0.0 Mbps
10569 ms [UE 39999] UL Throughput = 0.0 Mbps
10569 ms [UE 42234] UL Throughput = 0.0 Mbps
10569 ms [UE 50104] UL Throughput = 0.29127 Mbps
10575 ms [UE 12586] UL Throughput = 0.0 Mbps
10575 ms [UE 41045] UL Throughput = 0.0 Mbps
10682 ms [UE 30040] UL Throughput = 0.0 Mbps
10682 ms [UE 39999] UL Throughput = 0.08413 Mbps
10682 ms [UE 42234] UL Throughput = 0.23681 Mbps
10682 ms [UE 50104] UL Throughput = 0.0 Mbps
10791 ms [UE 30040] UL Throughput = 0.0 Mbps
10791 ms [UE 42234] UL Throughput = 0.0 Mbps
10888 ms [UE 11372] UL Throughput = 0.38332 Mbps
10888 ms [UE 12586] UL Throughput = 0.33083 Mbps
10888 ms [UE 19074] UL Throughput = 0.0 Mbps
10888 ms [UE 41045] UL Throughput = 0.04929 Mbps
10984 ms [UE 11372] UL Throughput = 0.0 Mbps
10984 ms [UE 19074] UL Throughput = 0.0 Mbps
10985 ms [UE 12586] UL Throughput = 0.06488 Mbps
10985 ms [UE 41045] UL Throughput = 0.1375 Mbps
11066 ms [UE 12586] UL Throughput = 0.11167 Mbps
11066 ms [UE 35620] UL Throughput = 0.0 Mbps
11066 ms [UE 41045] UL Throughput = 0.0 Mbps
11066 ms [UE 73211] UL Throughput = 0.0 Mbps
11071 ms [UE 35620] UL Throughput = 0.30641 Mbps
11071 ms [UE 73211] UL Throughput = 0.0 Mbps
11183 ms [UE 12586] UL Throughput = 0.11175 Mbps
11183 ms [UE 41045] UL Throughput = 0.0 Mbps
11281 ms [UE 30040] UL Throughput = 0.04054 Mbps
11281 ms [UE 42234] UL Throughput = 0.0 Mbps
11377 ms [UE 12586] UL Throughput = 0.16069 Mbps
11377 ms [UE 39999] UL Throughput = 0.20444 Mbps
11377 ms [UE 41045] UL Throughput = 0.0 Mbps
11377 ms [UE 50104] UL Throughput = 0.0 Mbps
11465 ms [UE 11372] UL Throughput = 0.05694 Mbps
11465 ms [UE 19074] UL Throughput = 0.07412 Mbps
11465 ms [UE 35620] UL Throughput = 0.18021 Mbps
11465 ms [UE 73211] UL Throughput = 0.0 Mbps
11551 ms [UE 11372] UL Throughput = 0.0 Mbps
11551 ms [UE 19074] UL Throughput = 0.05153 Mbps
11650 ms [UE 39999] UL Throughput = 0.0 Mbps
11650 ms [UE 50104] UL Throughput = 0.34925 Mbps
11741 ms [UE 11372] UL Throughput = 0.2435 Mbps
11741 ms [UE 19074] UL Throughput = 0.0 Mbps
11851 ms [UE 12586] UL Throughput = 0.26092 Mbps
11961 ms [UE 50104] UL Throughput = 0.08435 Mbps
12047 ms [UE 35620] UL Throughput = 0.0 Mbps
12047 ms [UE 73211] UL Throughput = 0.0 Mbps
12157 ms [UE 35620] UL Throughput = 0.0 Mbps
12157 ms [UE 39999] UL Throughput = 0.0 Mbps
12157 ms [UE 50104] UL Throughput = 0.30614 Mbps
12157 ms [UE 73211] UL Throughput = 0.0 Mbps
12229 ms [UE 12586] UL Throughput = 0.22906 Mbps
12229 ms [UE 41045] UL Throughput = 0.3299 Mbps
12339 ms [UE 41045] UL Throughput = 0.26302 Mbps
12454 ms [UE 30040] UL Throughput = 0.2531 Mbps
12454 ms [UE 35620] UL Throughput = 0.0 Mbps
12454 ms [UE 42234] UL Throughput = 0.0 Mbps
12454 ms [UE 73211] UL Throughput = 0.25572 Mbps
12529 ms [UE 11372] UL Throughput = 0.1334 Mbps
12529 ms [UE 19074] UL Throughput = 0.31648 Mbps
12529 ms [UE 39999] UL Throughput = 0.0 Mbps
12529 ms [UE 50104] UL Throughput = 0.0 Mbps
12621 ms [UE 12586] UL Throughput = 0.0 Mbps
12621 ms [UE 39999] UL Throughput = 0.16911 Mbps
12621 ms [UE 41045] UL Throughput = 0.08741 Mbps
12621 ms [UE 50104] UL Throughput = 0.0 Mbps
12726 ms [UE 11372] UL Throughput = 0.0 Mbps
12726 ms [UE 19074] UL Throughput = 0.0 Mbps
12818 ms [UE 11372] UL Throughput = 0.0 Mbps
12821 ms [UE 12586] UL Throughput = 0.0 Mbps
12821 ms [UE 30040] UL Throughput = 0.0 Mbps
12821 ms [UE 41045] UL Throughput = 0.0 Mbps
12821 ms [UE 42234] UL Throughput = 0.0 Mbps
12904 ms [UE 35620] UL Throughput = 0.11232 Mbps
12904 ms [UE 39999] UL Throughput = 0.22379 Mbps
12904 ms [UE 50104] UL Throughput = 0.32866 Mbps
12904 ms [UE 73211] UL Throughput = 0.0 Mbps
12999 ms [UE 35620] UL Throughput = 0.1274 Mbps
12999 ms [UE 73211] UL Throughput = 0.0 Mbps
13002 ms [UE 11372] UL Throughput = 0.15614 Mbps
13002 ms [UE 12586] UL Throughput = 0.21541 Mbps
13002 ms [UE 41045] UL Throughput = 0.1093 Mbps
13097 ms [UE 11372] UL Throughput = 0.0 Mbps
13097 ms [UE 19074] UL Throughput = 0.30352 Mbps
13097 ms [UE 39999] UL Throughput = 0.0 Mbps
13097 ms [UE 50104] UL Throughput = 0.14102 Mbps
13198 ms [UE 39999] UL Throughput = 0.0 Mbps
13198 ms [UE 42234] UL Throughput = 0.2106 Mbps
13198 ms [UE 50104] UL Throughput = 0.0 Mbps
13202 ms [UE 30040] UL Throughput = 0.0 Mbps
13202 ms [UE 42234] UL Throughput = 0.03557 Mbps
13305 ms [UE 11372] UL Throughput = 0.0 Mbps
13305 ms [UE 19074] UL Throughput = 0.13085 Mbps
13305 ms [UE 42234] UL Throughput = 0.0 Mbps
13401 ms [UE 12586] UL Throughput = 0.0 Mbps
13401 ms [UE 35620] UL Throughput = 0.04911 Mbps
13401 ms [UE 41045] UL Throughput = 0.30078 Mbps
13401 ms [UE 73211] UL Throughput = 0.0 Mbps
13510 ms [UE 11372] UL Throughput = 0.0 Mbps
13510 ms [UE 19074] UL Throughput = 0.0 Mbps
13609 ms [UE 39999] UL Throughput = 0.0 Mbps
13609 ms [UE 41045] UL Throughput = 0.12958 Mbps
13609 ms [UE 50104] UL Throughput = 0.30881 Mbps
13704 ms [UE 12586] UL Throughput = 0.0 Mbps
13704 ms [UE 39999] UL Throughput = 0.0 Mbps
13704 ms [UE 41045] UL Throughput = 0.13791 Mbps
13704 ms [UE 50104] UL Throughput = 0.0 Mbps
13797 ms [UE 30040] UL Throughput = 0.0 Mbps
13797 ms [UE 42234] UL Throughput = 0.21923 Mbps
13797 ms [UE 50104] UL Throughput = 0.0 Mbps
13902 ms [UE 11372] UL Throughput = 0.0 Mbps
13902 ms [UE 19074] UL Throughput = 0.29446 Mbps
13999 ms [UE 11372] UL Throughput = 0.0 Mbps
13999 ms [UE 19074] UL Throughput = 0.03062 Mbps
14089 ms [UE 11372] UL Throughput = 0.0 Mbps
14089 ms [UE 30040] UL Throughput = 0.11391 Mbps
14089 ms [UE 42234] UL Throughput = 0.32483 Mbps
14198 ms [UE 39999] UL Throughput = 0.17534 Mbps
14198 ms [UE 50104] UL Throughput = 0.0 Mbps
14272 ms [UE 12586] UL Throughput = 0.22171 Mbps
14272 ms [UE 39999] UL Throughput = 0.0 Mbps
14272 ms [UE 41045] UL Throughput = 0.0 Mbps
14272 ms [UE 50104] UL Throughput = 0.0 Mbps
14341 ms [UE 11372] UL Throughput = 0.0 Mbps
14341 ms [UE 19074] UL Throughput = 0.0 Mbps
14341 ms [UE 35620] UL Throughput = 0.0 Mbps
14432 ms [UE 42234] UL Throughput = 0.09659 Mbps
14433 ms [UE 11372] UL Throughput = 0.0 Mbps
14433 ms [UE 19074] UL Throughput = 0.0 Mbps
14545 ms [UE 39999] UL Throughput = 0.22813 Mbps
14545 ms [UE 50104] UL Throughput = 0.07365 Mbps
14665 ms [UE 11372] UL Throughput = 0.0 Mbps
14665 ms [UE 19074] UL Throughput = 0.0 Mbps
14665 ms [UE 39999] UL Throughput = 0.06488 Mbps
14665 ms [UE 50104] UL Throughput = 0.0 Mbps
14766 ms [UE 12586] UL Throughput = 0.0 Mbps
14766 ms [UE 39999] UL Throughput = 0.0 Mbps
14766 ms [UE 41045] UL Throughput = 0.0 Mbps
14766 ms [UE 50104] UL Throughput = 0.11804 Mbps
14848 ms [UE 12586] UL Throughput = 0.0 Mbps
14848 ms [UE 35620] UL Throughput = 0.20416 Mbps
14848 ms [UE 41045] UL Throughput = 0.0 Mbps
14848 ms [UE 73211] UL Throughput = 0.15408 Mbps
14941 ms [UE 39999] UL Throughput = 0.0 Mbps
14941 ms [UE 50104] UL Throughput = 0.16399 Mbps
14946 ms [UE 12586] UL Throughput = 0.09317 Mbps
14949 ms [UE 12586] UL Throughput = 0.0 Mbps
14949 ms [UE 19074] UL Throughput = 0.30613 Mbps
14949 ms [UE 41045] UL Throughput = 0.0 Mbps
15040 ms [UE 11372] UL Throughput = 0.31505 Mbps
15040 ms [UE 12586] UL Throughput = 0.40129 Mbps
15040 ms [UE 19074] UL Throughput = 0.0 Mbps
15040 ms [UE 41045] UL Throughput = 0.32167 Mbps
15136 ms [UE 73211] UL Throughput = 0.0 Mbps
15140 ms [UE 30040] UL Throughput = 0.0 Mbps
15140 ms [UE 42234] UL Throughput = 0.0 Mbps
15141 ms [UE 39999] UL Throughput = 0.03967 Mbps
15141 ms [UE 50104] UL Throughput = 0.20568 Mbps
15142 ms [UE 30040] UL Throughput = 0.02684 Mbps
15142 ms [UE 42234] UL Throughput = 0.0 Mbps
15148 ms [UE 30040] UL Throughput = 0.0 Mbps
15148 ms [UE 42234] UL Throughput = 0.0 Mbps
15259 ms [UE 11372] UL Throughput = 0.09145 Mbps
15259 ms [UE 19074] UL Throughput = 0.30889 Mbps
15259 ms [UE 39999] UL Throughput = 0.0 Mbps
15259 ms [UE 50104] UL Throughput = 0.0 Mbps
15372 ms [UE 41045] UL Throughput = 0.0 Mbps
15462 ms [UE 30040] UL Throughput = 0.0 Mbps
15462 ms [UE 42234] UL Throughput = 0.0 Mbps
15578 ms [UE 12586] UL Throughput = 0.07255 Mbps
15578 ms [UE 41045] UL Throughput = 0.0 Mbps
15682 ms [UE 30040] UL Throughput = 0.0 Mbps
15682 ms [UE 42234] UL Throughput = 0.0 Mbps
15773 ms [UE 39999] UL Throughput = 0.0 Mbps
15773 ms [UE 50104] UL Throughput = 0.20338 Mbps
15855 ms [UE 11372] UL Throughput = 0.03091 Mbps
15855 ms [UE 19074] UL Throughput = 0.0 Mbps
15855 ms [UE 39999] UL Throughput = 0.0 Mbps
15855 ms [UE 50104] UL Throughput = 0.0 Mbps
15860 ms [UE 35620] UL Throughput = 0.0 Mbps
15860 ms [UE 73211] UL Throughput = 0.2346 Mbps
15971 ms [UE 12586] UL Throughput = 0.0 Mbps
15971 ms [UE 41045] UL Throughput = 0.0 Mbps
16081 ms [UE 12586] UL Throughput = 0.0 Mbps
16186 ms [UE 73211] UL Throughput = 0.0 Mbps
16299 ms [UE 11372] UL Throughput = 0.0 Mbps
16299 ms [UE 19074] UL Throughput = 0.0 Mbps
16299 ms [UE 35620] UL Throughput = 0.22324 Mbps
16299 ms [UE 73211] UL Throughput = 0.08513 Mbps
16395 ms [UE 11372] UL Throughput = 0.0 Mbps
16395 ms [UE 19074] UL Throughput = 0.0 Mbps
16395 ms [UE 39999] UL Throughput = 0.0 Mbps
16395 ms [UE 50104] UL Throughput = 0.0 Mbps
16495 ms [UE 35620] UL Throughput = 0.26199 Mbps
16495 ms [UE 73211] UL Throughput = 0.0 Mbps
16611 ms [UE 11372] UL Throughput = 0.0 Mbps
16611 ms [UE 19074] UL Throughput = 0.0 Mbps
16611 ms [UE 30040] UL Throughput = 0.08607 Mbps
16722 ms [UE 11372] UL Throughput = 0.0 Mbps
16722 ms [UE 19074] UL Throughput = 0.0 Mbps
16839 ms [UE 30040] UL Throughput = 0.0 Mbps
16839 ms [UE 42234] UL Throughput = 0.24886 Mbps
16937 ms [UE 35620] UL Throughput = 0.0 Mbps
16937 ms [UE 73211] UL Throughput = 0.0 Mbps
17050 ms [UE 11372] UL Throughput = 0.10943 Mbps
17050 ms [UE 19074] UL Throughput = 0.0 Mbps
17050 ms [UE 35620] UL Throughput = 0.0 Mbps
17164 ms [UE 35620] UL Throughput = 0.16908 Mbps
17164 ms [UE 73211] UL Throughput = 0.0 Mbps
17272 ms [UE 30040] UL Throughput = 0.02935 Mbps
17381 ms [UE 30040] UL Throughput = 0.0 Mbps
17381 ms [UE 42234] UL Throughput = 0.31747 Mbps
17496 ms [UE 12586] UL Throughput = 0.3994 Mbps
17496 ms [UE 41045] UL Throughput = 0.0 Mbps
17602 ms [UE 30040] UL Throughput = 0.0 Mbps
17602 ms [UE 35620] UL Throughput = 0.28801 Mbps
17602 ms [UE 42234] UL Throughput = 0.06185 Mbps
17602 ms [UE 73211] UL Throughput = 0.14225 Mbps
17693 ms [UE 30040] UL Throughput = 0.32201 Mbps
17693 ms [UE 42234] UL Throughput = 0.23304 Mbps
17779 ms [UE 11372] UL Throughput = 0.0 Mbps
17779 ms [UE 19074] UL Throughput = 0.0798 Mbps
17892 ms [UE 39999] UL Throughput = 0.20605 Mbps
17892 ms [UE 50104] UL Throughput = 0.20921 Mbps
18015 ms [UE 12586] UL Throughput = 0.15551 Mbps
18015 ms [UE 41045] UL Throughput = 0.11896 Mbps
18111 ms [UE 39999] UL Throughput = 0.10777 Mbps
18111 ms [UE 50104] UL Throughput = 0.0 Mbps
18226 ms [UE 30040] UL Throughput = 0.0 Mbps
18226 ms [UE 42234] UL Throughput = 0.04978 Mbps
18327 ms [UE 30040] UL Throughput = 0.0 Mbps
18327 ms [UE 42234] UL Throughput = 0.0 Mbps
18410 ms [UE 12586] UL Throughput = 0.12365 Mbps
18410 ms [UE 41045] UL Throughput = 0.0 Mbps
18509 ms [UE 11372] UL Throughput = 0.02808 Mbps
18509 ms [UE 19074] UL Throughput = 0.09382 Mbps
18621 ms [UE 12586] UL Throughput = 0.33224 Mbps
18621 ms [UE 41045] UL Throughput = 0.0 Mbps
18703 ms [UE 30040] UL Throughput = 0.0 Mbps
18703 ms [UE 42234] UL Throughput = 0.0 Mbps
18707 ms [UE 30040] UL Throughput = 0.0 Mbps
18707 ms [UE 42234] UL Throughput = 0.0 Mbps
18806 ms [UE 12586] UL Throughput = 0.0 Mbps
18806 ms [UE 35620] UL Throughput = 0.31783 Mbps
18806 ms [UE 41045] UL Throughput = 0.0 Mbps
18806 ms [UE 73211] UL Throughput = 0.17289 Mbps
18900 ms [UE 35620] UL Throughput = 0.0 Mbps
18900 ms [UE 73211] UL Throughput = 0.0 Mbps
18997 ms [UE 11372] UL Throughput = 0.30876 Mbps
18997 ms [UE 19074] UL Throughput = 0.15459 Mbps
18997 ms [UE 35620] UL Throughput = 0.0 Mbps
18997 ms [UE 73211] UL Throughput = 0.0 Mbps
19000 ms [UE 39999] UL Throughput = 0.0 Mbps
19000 ms [UE 50104] UL Throughput = 0.0 Mbps
19108 ms [UE 30040] UL Throughput = 0.28562 Mbps
19108 ms [UE 42234] UL Throughput = 0.0 Mbps
19218 ms [UE 11372] UL Throughput = 0.17793 Mbps
19218 ms [UE 19074] UL Throughput = 0.15895 Mbps
19218 ms [UE 35620] UL Throughput = 0.11074 Mbps
19218 ms [UE 73211] UL Throughput = 0.0 Mbps
19313 ms [UE 12586] UL Throughput = 0.0 Mbps
19432 ms [UE 30040] UL Throughput = 0.0 Mbps
19432 ms [UE 42234] UL Throughput = 0.09831 Mbps
19437 ms [UE 12586] UL Throughput = 0.0 Mbps
19437 ms [UE 41045] UL Throughput = 0.0365 Mbps
19523 ms [UE 30040] UL Throughput = 0.36772 Mbps
19523 ms [UE 35620] UL Throughput = 0.11796 Mbps
19523 ms [UE 42234] UL Throughput = 0.23396 Mbps
19523 ms [UE 73211] UL Throughput = 0.15483 Mbps
19640 ms [UE 35620] UL Throughput = 0.17701 Mbps
19640 ms [UE 73211] UL Throughput = 0.0 Mbps
19737 ms [UE 11372] UL Throughput = 0.0 Mbps
19737 ms [UE 19074] UL Throughput = 0.0 Mbps
19737 ms [UE 39999] UL Throughput = 0.16572 Mbps
19737 ms [UE 50104] UL Throughput = 0.13111 Mbps
19845 ms [UE 12586] UL Throughput = 0.14542 Mbps
19845 ms [UE 41045] UL Throughput = 0.0381 Mbps
19952 ms [UE 30040] UL Throughput = 0.0 Mbps
19952 ms [UE 39999] UL Throughput = 0.20799 Mbps
19952 ms [UE 42234] UL Throughput = 0.1301 Mbps
19952 ms [UE 50104] UL Throughput = 0.0 Mbps
20048 ms [UE 35620] UL Throughput = 0.0 Mbps
20048 ms [UE 50104] UL Throughput = 0.0 Mbps
20048 ms [UE 73211] UL Throughput = 0.15963 Mbps
20050 ms [UE 19074] UL Throughput = 0.10285 Mbps
20050 ms [UE 30040] UL Throughput = 0.0 Mbps
20050 ms [UE 42234] UL Throughput = 0.2308 Mbps
20121 ms [UE 39999] UL Throughput = 0.0 Mbps
20121 ms [UE 50104] UL Throughput = 0.0 Mbps
20220 ms [UE 39999] UL Throughput = 0.0 Mbps
20220 ms [UE 50104] UL Throughput = 0.28416 Mbps
20318 ms [UE 35620] UL Throughput = 0.0 Mbps
20318 ms [UE 73211] UL Throughput = 0.0 Mbps
20320 ms [UE 35620] UL Throughput = 0.0 Mbps
20320 ms [UE 39999] UL Throughput = 0.12628 Mbps
20320 ms [UE 50104] UL Throughput = 0.0 Mbps
20320 ms [UE 73211] UL Throughput = 0.26686 Mbps
20433 ms [UE 35620] UL Throughput = 0.21068 Mbps
20551 ms [UE 12586] UL Throughput = 0.0 Mbps
20551 ms [UE 35620] UL Throughput = 0.0 Mbps
20551 ms [UE 41045] UL Throughput = 0.0 Mbps
20551 ms [UE 73211] UL Throughput = 0.0 Mbps
20554 ms [UE 12586] UL Throughput = 0.37728 Mbps
20554 ms [UE 41045] UL Throughput = 0.13981 Mbps
20649 ms [UE 30040] UL Throughput = 0.27214 Mbps
20649 ms [UE 39999] UL Throughput = 0.0 Mbps
20649 ms [UE 42234] UL Throughput = 0.07778 Mbps
20649 ms [UE 50104] UL Throughput = 0.38097 Mbps
20744 ms [UE 12586] UL Throughput = 0.18773 Mbps
20744 ms [UE 41045] UL Throughput = 0.26268 Mbps
20857 ms [UE 19074] UL Throughput = 0.11221 Mbps
20955 ms [UE 35620] UL Throughput = 0.0 Mbps
20955 ms [UE 73211] UL Throughput = 0.0 Mbps
21041 ms [UE 11372] UL Throughput = 0.25729 Mbps
21041 ms [UE 19074] UL Throughput = 0.0 Mbps
21041 ms [UE 39999] UL Throughput = 0.0 Mbps
21041 ms [UE 50104] UL Throughput = 0.0 Mbps
21143 ms [UE 35620] UL Throughput = 0.0 Mbps
21143 ms [UE 73211] UL Throughput = 0.19972 Mbps
21247 ms [UE 12586] UL Throughput = 0.0 Mbps
21247 ms [UE 41045] UL Throughput = 0.0 Mbps
21346 ms [UE 11372] UL Throughput = 0.0 Mbps
21346 ms [UE 19074] UL Throughput = 0.0 Mbps
21436 ms [UE 11372] UL Throughput = 0.15993 Mbps
21436 ms [UE 12586] UL Throughput = 0.26058 Mbps
21436 ms [UE 19074] UL Throughput = 0.3348 Mbps
21436 ms [UE 41045] UL Throughput = 0.10206 Mbps
21530 ms [UE 39999] UL Throughput = 0.11119 Mbps
21659 ms [UE 11372] UL Throughput = 0.0 Mbps
21659 ms [UE 19074] UL Throughput = 0.1758 Mbps
21763 ms [UE 35620] UL Throughput = 0.19472 Mbps
21763 ms [UE 73211] UL Throughput = 0.0 Mbps
21868 ms [UE 11372] UL Throughput = 0.10014 Mbps
21868 ms [UE 19074] UL Throughput = 0.0 Mbps
21868 ms [UE 42234] UL Throughput = 0.20906 Mbps
21870 ms [UE 19074] UL Throughput = 0.0 Mbps
21980 ms [UE 35620] UL Throughput = 0.0 Mbps
21980 ms [UE 73211] UL Throughput = 0.0 Mbps
21982 ms [UE 73211] UL Throughput = 0.21345 Mbps
22075 ms [UE 42234] UL Throughput = 0.0 Mbps
22169 ms [UE 39999] UL Throughput = 0.0 Mbps
22169 ms [UE 50104] UL Throughput = 0.33514 Mbps
22264 ms [UE 11372] UL Throughput = 0.18015 Mbps
22264 ms [UE 19074] UL Throughput = 0.07309 Mbps
22360 ms [UE 30040] UL Throughput = 0.0 Mbps
22434 ms [UE 39999] UL Throughput = 0.0 Mbps
22434 ms [UE 50104] UL Throughput = 0.0 Mbps
22534 ms [UE 39999] UL Throughput = 0.0 Mbps
22534 ms [UE 50104] UL Throughput = 0.0 Mbps
22540 ms [UE 11372] UL Throughput = 0.32197 Mbps
22540 ms [UE 19074] UL Throughput = 0.13984 Mbps
22546 ms [UE 11372] UL Throughput = 0.18008 Mbps
22546 ms [UE 19074] UL Throughput = 0.0 Mbps
22621 ms [UE 30040] UL Throughput = 0.0 Mbps
22623 ms [UE 11372] UL Throughput = 0.0 Mbps
22623 ms [UE 19074] UL Throughput = 0.0 Mbps
22623 ms [UE 35620] UL Throughput = 0.0 Mbps
22623 ms [UE 73211] UL Throughput = 0.0 Mbps
22705 ms [UE 30040] UL Throughput = 0.0 Mbps
22705 ms [UE 35620] UL Throughput = 0.0 Mbps
22705 ms [UE 42234] UL Throughput = 0.28816 Mbps
22705 ms [UE 73211] UL Throughput = 0.0 Mbps
22795 ms [UE 73211] UL Throughput = 0.16553 Mbps
22904 ms [UE 35620] UL Throughput = 0.21286 Mbps
22904 ms [UE 42234] UL Throughput = 0.0 Mbps
22904 ms [UE 73211] UL Throughput = 0.1785 Mbps
22906 ms [UE 39999] UL Throughput = 0.12935 Mbps
22999 ms [UE 39999] UL Throughput = 0.22662 Mbps
22999 ms [UE 50104] UL Throughput = 0.07799 Mbps
23089 ms [UE 11372] UL Throughput = 0.26302 Mbps
23089 ms [UE 19074] UL Throughput = 0.22437 Mbps
23203 ms [UE 35620] UL Throughput = 0.0 Mbps
23203 ms [UE 73211] UL Throughput = 0.0 Mbps
23205 ms [UE 35620] UL Throughput = 0.0 Mbps
23205 ms [UE 39999] UL Throughput = 0.0 Mbps
23205 ms [UE 50104] UL Throughput = 0.0 Mbps
23205 ms [UE 73211] UL Throughput = 0.0 Mbps
23303 ms [UE 35620] UL Throughput = 0.31943 Mbps
23303 ms [UE 73211] UL Throughput = 0.0 Mbps
23420 ms [UE 12586] UL Throughput = 0.0 Mbps
23420 ms [UE 35620] UL Throughput = 0.10083 Mbps
23420 ms [UE 41045] UL Throughput = 0.0 Mbps
23420 ms [UE 73211] UL Throughput = 0.0 Mbps
23515 ms [UE 39999] UL Throughput = 0.34869 Mbps
23515 ms [UE 50104] UL Throughput = 0.0 Mbps
23580 ms [UE 35620] UL Throughput = 0.31459 Mbps
23580 ms [UE 73211] UL Throughput = 0.18965 Mbps
23699 ms [UE 12586] UL Throughput = 0.0 Mbps
23699 ms [UE 35620] UL Throughput = 0.31521 Mbps
23699 ms [UE 41045] UL Throughput = 0.20186 Mbps
23699 ms [UE 73211] UL Throughput = 0.04749 Mbps
23815 ms [UE 30040] UL Throughput = 0.14985 Mbps
23815 ms [UE 42234] UL Throughput = 0.33247 Mbps
23937 ms [UE 12586] UL Throughput = 0.0 Mbps
23937 ms [UE 41045] UL Throughput = 0.18927 Mbps
24026 ms [UE 11372] UL Throughput = 0.0 Mbps
24026 ms [UE 12586] UL Throughput = 0.20423 Mbps
24026 ms [UE 19074] UL Throughput = 0.17149 Mbps
24161 ms [UE 11372] UL Throughput = 0.0 Mbps
24161 ms [UE 19074] UL Throughput = 0.0 Mbps
24243 ms [UE 39999] UL Throughput = 0.0 Mbps
24243 ms [UE 50104] UL Throughput = 0.29666 Mbps
24351 ms [UE 35620] UL Throughput = 0.0 Mbps
24463 ms [UE 11372] UL Throughput = 0.23325 Mbps
24463 ms [UE 19074] UL Throughput = 0.34822 Mbps
24463 ms [UE 35620] UL Throughput = 0.0882 Mbps
24463 ms [UE 73211] UL Throughput = 0.0 Mbps
24581 ms [UE 12586] UL Throughput = 0.0 Mbps
24581 ms [UE 41045] UL Throughput = 0.0 Mbps
24692 ms [UE 12586] UL Throughput = 0.0 Mbps
24692 ms [UE 39999] UL Throughput = 0.0 Mbps
24692 ms [UE 41045] UL Throughput = 0.15388 Mbps
24692 ms [UE 50104] UL Throughput = 0.0 Mbps
24816 ms [UE 11372] UL Throughput = 0.05412 Mbps
24816 ms [UE 19074] UL Throughput = 0.0 Mbps
24816 ms [UE 30040] UL Throughput = 0.0 Mbps
24816 ms [UE 42234] UL Throughput = 0.13901 Mbps
24884 ms [UE 11372] UL Throughput = 0.0 Mbps
24884 ms [UE 19074] UL Throughput = 0.0 Mbps
24884 ms [UE 50104] UL Throughput = 0.0 Mbps
24934 ms [UE 39999] UL Throughput = 0.15596 Mbps
24934 ms [UE 50104] UL Throughput = 0.08019 Mbps
24939 ms [UE 50104] UL Throughput = 0.23238 Mbps
25023 ms [UE 30040] UL Throughput = 0.0 Mbps
25106 ms [UE 35620] UL Throughput = 0.21975 Mbps
25106 ms [UE 73211] UL Throughput = 0.0 Mbps
25208 ms [UE 39999] UL Throughput = 0.0 Mbps
25208 ms [UE 50104] UL Throughput = 0.0 Mbps
25294 ms [UE 12586] UL Throughput = 0.29277 Mbps
25294 ms [UE 73211] UL Throughput = 0.0 Mbps
25379 ms [UE 11372] UL Throughput = 0.19906 Mbps
25379 ms [UE 19074] UL Throughput = 0.15478 Mbps
25379 ms [UE 30040] UL Throughput = 0.3077 Mbps
25379 ms [UE 42234] UL Throughput = 0.19603 Mbps
25468 ms [UE 12586] UL Throughput = 0.03881 Mbps
25468 ms [UE 41045] UL Throughput = 0.09311 Mbps
25571 ms [UE 12586] UL Throughput = 0.12535 Mbps
25571 ms [UE 41045] UL Throughput = 0.0 Mbps
25671 ms [UE 30040] UL Throughput = 0.0 Mbps
25671 ms [UE 35620] UL Throughput = 0.0 Mbps
25671 ms [UE 42234] UL Throughput = 0.0 Mbps
25671 ms [UE 73211] UL Throughput = 0.0 Mbps
25753 ms [UE 39999] UL Throughput = 0.12136 Mbps
25753 ms [UE 50104] UL Throughput = 0.0 Mbps
25887 ms [UE 35620] UL Throughput = 0.20582 Mbps
25887 ms [UE 73211] UL Throughput = 0.0 Mbps
25977 ms [UE 12586] UL Throughput = 0.13488 Mbps
25977 ms [UE 35620] UL Throughput = 0.0 Mbps
25977 ms [UE 41045] UL Throughput = 0.19555 Mbps
25977 ms [UE 73211] UL Throughput = 0.0 Mbps
26101 ms [UE 35620] UL Throughput = 0.0 Mbps
26102 ms [UE 50104] UL Throughput = 0.04303 Mbps
26186 ms [UE 39999] UL Throughput = 0.0 Mbps
26186 ms [UE 50104] UL Throughput = 0.0 Mbps
26277 ms [UE 35620] UL Throughput = 0.0 Mbps
26277 ms [UE 73211] UL Throughput = 0.0 Mbps
26360 ms [UE 11372] UL Throughput = 0.16206 Mbps
26360 ms [UE 19074] UL Throughput = 0.0 Mbps
26360 ms [UE 30040] UL Throughput = 0.0 Mbps
26360 ms [UE 42234] UL Throughput = 0.1634 Mbps
26452 ms [UE 12586] UL Throughput = 0.25945 Mbps
26452 ms [UE 30040] UL Throughput = 0.30746 Mbps
26452 ms [UE 42234] UL Throughput = 0.0 Mbps
26560 ms [UE 39999] UL Throughput = 0.0 Mbps
26560 ms [UE 50104] UL Throughput = 0.0 Mbps
26561 ms [UE 39999] UL Throughput = 0.0 Mbps
26561 ms [UE 50104] UL Throughput = 0.13829 Mbps
26633 ms [UE 42234] UL Throughput = 0.0 Mbps
26737 ms [UE 35620] UL Throughput = 0.0 Mbps
26737 ms [UE 73211] UL Throughput = 0.08468 Mbps
26740 ms [UE 35620] UL Throughput = 0.0 Mbps
26740 ms [UE 41045] UL Throughput = 0.28042 Mbps
26740 ms [UE 73211] UL Throughput = 0.0 Mbps
26833 ms [UE 42234] UL Throughput = 0.0 Mbps
26914 ms [UE 30040] UL Throughput = 0.0 Mbps
26914 ms [UE 42234] UL Throughput = 0.0 Mbps
26915 ms [UE 39999] UL Throughput = 0.0 Mbps
26915 ms [UE 50104] UL Throughput = 0.0 Mbps
26997 ms [UE 11372] UL Throughput = 0.13976 Mbps
26997 ms [UE 19074] UL Throughput = 0.10994 Mbps
27129 ms [UE 11372] UL Throughput = 0.0 Mbps
27129 ms [UE 19074] UL Throughput = 0.27861 Mbps
27133 ms [UE 19074] UL Throughput = 0.0 Mbps
27211 ms [UE 39999] UL Throughput = 0.0 Mbps
27307 ms [UE 50104] UL Throughput = 0.0 Mbps
27406 ms [UE 30040] UL Throughput = 0.43342 Mbps
27406 ms [UE 42234] UL Throughput = 0.0 Mbps
27499 ms [UE 41045] UL Throughput = 0.0 Mbps
27501 ms [UE 35620] UL Throughput = 0.0 Mbps
27501 ms [UE 39999] UL Throughput = 0.20276 Mbps
27501 ms [UE 73211] UL Throughput = 0.09995 Mbps
27593 ms [UE 11372] UL Throughput = 0.25462 Mbps
27593 ms [UE 19074] UL Throughput = 0.0 Mbps
27674 ms [UE 41045] UL Throughput = 0.0 Mbps
27746 ms [UE 11372] UL Throughput = 0.17809 Mbps
27746 ms [UE 19074] UL Throughput = 0.16312 Mbps
27746 ms [UE 41045] UL Throughput = 0.28822 Mbps
27830 ms [UE 41045] UL Throughput = 0.0 Mbps
27930 ms [UE 35620] UL Throughput = 0.0 Mbps
27930 ms [UE 73211] UL Throughput = 0.30171 Mbps
28001 ms [UE 12586] UL Throughput = 0.0 Mbps
28001 ms [UE 35620] UL Throughput = 0.27327 Mbps
28001 ms [UE 41045] UL Throughput = 0.30686 Mbps
28004 ms [UE 35620] UL Throughput = 0.0 Mbps
28004 ms [UE 73211] UL Throughput = 0.0 Mbps
28098 ms [UE 35620] UL Throughput = 0.0 Mbps
28098 ms [UE 73211] UL Throughput = 0.09177 Mbps
28208 ms [UE 35620] UL Throughput = 0.0 Mbps
28208 ms [UE 50104] UL Throughput = 0.25385 Mbps
28208 ms [UE 73211] UL Throughput = 0.0 Mbps
28214 ms [UE 12586] UL Throughput = 0.0 Mbps
28214 ms [UE 39999] UL Throughput = 0.21794 Mbps
28214 ms [UE 41045] UL Throughput = 0.0 Mbps
28214 ms [UE 50104] UL Throughput = 0.0 Mbps
28300 ms [UE 42234] UL Throughput = 0.19801 Mbps
28302 ms [UE 35620] UL Throughput = 0.0 Mbps
28302 ms [UE 73211] UL Throughput = 0.0 Mbps
28306 ms [UE 35620] UL Throughput = 0.15214 Mbps
28306 ms [UE 73211] UL Throughput = 0.05282 Mbps
28408 ms [UE 12586] UL Throughput = 0.05956 Mbps
28408 ms [UE 30040] UL Throughput = 0.0 Mbps
28408 ms [UE 41045] UL Throughput = 0.0 Mbps
28408 ms [UE 42234] UL Throughput = 0.10036 Mbps
28515 ms [UE 35620] UL Throughput = 0.0 Mbps
28515 ms [UE 73211] UL Throughput = 0.0 Mbps
28517 ms [UE 35620] UL Throughput = 0.0 Mbps
28517 ms [UE 73211] UL Throughput = 0.19269 Mbps
28591 ms [UE 50104] UL Throughput = 0.0 Mbps
28594 ms [UE 41045] UL Throughput = 0.0 Mbps
28690 ms [UE 11372] UL Throughput = 0.10042 Mbps
28690 ms [UE 19074] UL Throughput = 0.0 Mbps
28798 ms [UE 12586] UL Throughput = 0.0 Mbps
28798 ms [UE 41045] UL Throughput = 0.0 Mbps
28903 ms [UE 11372] UL Throughput = 0.16378 Mbps
28903 ms [UE 19074] UL Throughput = 0.19235 Mbps
28997 ms [UE 39999] UL Throughput = 0.0 Mbps
29105 ms [UE 11372] UL Throughput = 0.32662 Mbps
29105 ms [UE 30040] UL Throughput = 0.23642 Mbps
29105 ms [UE 42234] UL Throughput = 0.31087 Mbps
29109 ms [UE 35620] UL Throughput = 0.0 Mbps
29109 ms [UE 73211] UL Throughput = 0.0 Mbps
29110 ms [UE 11372] UL Throughput = 0.0 Mbps
29110 ms [UE 19074] UL Throughput = 0.0 Mbps
29110 ms [UE 30040] UL Throughput = 0.26665 Mbps
29113 ms [UE 12586] UL Throughput = 0.0 Mbps
29113 ms [UE 39999] UL Throughput = 0.0 Mbps
29113 ms [UE 41045] UL Throughput = 0.23327 Mbps
29113 ms [UE 50104] UL Throughput = 0.0 Mbps
29115 ms [UE 12586] UL Throughput = 0.0 Mbps
29115 ms [UE 30040] UL Throughput = 0.0 Mbps
29115 ms [UE 41045] UL Throughput = 0.0 Mbps
29115 ms [UE 42234] UL Throughput = 0.33937 Mbps
29223 ms [UE 11372] UL Throughput = 0.0 Mbps
29223 ms [UE 19074] UL Throughput = 0.26551 Mbps
29223 ms [UE 39999] UL Throughput = 0.0 Mbps
29223 ms [UE 50104] UL Throughput = 0.0 Mbps
29227 ms [UE 35620] UL Throughput = 0.0 Mbps
29227 ms [UE 73211] UL Throughput = 0.0 Mbps
29229 ms [UE 11372] UL Throughput = 0.10004 Mbps
29229 ms [UE 12586] UL Throughput = 0.18288 Mbps
29229 ms [UE 19074] UL Throughput = 0.18437 Mbps
29229 ms [UE 41045] UL Throughput = 0.0 Mbps
29312 ms [UE 11372] UL Throughput = 0.0 Mbps
29312 ms [UE 19074] UL Throughput = 0.0 Mbps
29312 ms [UE 35620] UL Throughput = 0.049 Mbps
29312 ms [UE 73211] UL Throughput = 0.0 Mbps
29406 ms [UE 35620] UL Throughput = 0.0 Mbps
29406 ms [UE 73211] UL Throughput = 0.07999 Mbps
29507 ms [UE 35620] UL Throughput = 0.20256 Mbps
29507 ms [UE 73211] UL Throughput = 0.0 Mbps
29605 ms [UE 35620] UL Throughput = 0.1702 Mbps
29605 ms [UE 73211] UL Throughput = 0.0 Mbps
29686 ms [UE 11372] UL Throughput = 0.29696 Mbps
29686 ms [UE 19074] UL Throughput = 0.12131 Mbps
29686 ms [UE 35620] UL Throughput = 0.0 Mbps
29686 ms [UE 73211] UL Throughput = 0.0 Mbps
29808 ms [UE 35620] UL Throughput = 0.0 Mbps
29808 ms [UE 73211] UL Throughput = 0.0 Mbps
29894 ms [UE 11372] UL Throughput = 0.31363 Mbps
29894 ms [UE 19074] UL Throughput = 0.17443 Mbps
30006 ms [UE 12586] UL Throughput = 0.0 Mbps
30006 ms [UE 41045] UL Throughput = 0.11462 Mbps
30119 ms [UE 12586] UL Throughput = 0.0 Mbps
30119 ms [UE 41045] UL Throughput = 0.0 Mbps
30220 ms [UE 30040] UL Throughput = 0.0 Mbps
30220 ms [UE 42234] UL Throughput = 0.0 Mbps
30327 ms [UE 12586] UL Throughput = 0.0 Mbps
30327 ms [UE 41045] UL Throughput = 0.0 Mbps
30333 ms [UE 11372] UL Throughput = 0.0 Mbps
30333 ms [UE 19074] UL Throughput = 0.31777 Mbps
30338 ms [UE 11372] UL Throughput = 0.0 Mbps
30424 ms [UE 35620] UL Throughput = 0.17036 Mbps
30424 ms [UE 73211] UL Throughput = 0.0 Mbps
30427 ms [UE 11372] UL Throughput = 0.0 Mbps
30433 ms [UE 11372] UL Throughput = 0.16484 Mbps
30433 ms [UE 19074] UL Throughput = 0.0 Mbps
30520 ms [UE 39999] UL Throughput = 0.0 Mbps
30520 ms [UE 50104] UL Throughput = 0.0 Mbps
30597 ms [UE 12586] UL Throughput = 0.0 Mbps
30597 ms [UE 41045] UL Throughput = 0.21986 Mbps
30685 ms [UE 11372] UL Throughput = 0.0 Mbps
30685 ms [UE 19074] UL Throughput = 0.0 Mbps
30685 ms [UE 35620] UL Throughput = 0.0 Mbps
30818 ms [UE 11372] UL Throughput = 0.02552 Mbps
30818 ms [UE 12586] UL Throughput = 0.0 Mbps
30818 ms [UE 19074] UL Throughput = 0.0 Mbps
30818 ms [UE 41045] UL Throughput = 0.0 Mbps
30906 ms [UE 12586] UL Throughput = 0.0 Mbps
30906 ms [UE 41045] UL Throughput = 0.0 Mbps
31023 ms [UE 11372] UL Throughput = 0.28916 Mbps
31023 ms [UE 19074] UL Throughput = 0.08738 Mbps
31029 ms [UE 30040] UL Throughput = 0.0 Mbps
31029 ms [UE 42234] UL Throughput = 0.0 Mbps
31126 ms [UE 30040] UL Throughput = 0.24293 Mbps
31126 ms [UE 39999] UL Throughput = 0.0 Mbps
31126 ms [UE 42234] UL Throughput = 0.31207 Mbps
31126 ms [UE 50104] UL Throughput = 0.0 Mbps
31254 ms [UE 11372] UL Throughput = 0.0 Mbps
31254 ms [UE 19074] UL Throughput = 0.30096 Mbps
31359 ms [UE 12586] UL Throughput = 0.0 Mbps
31359 ms [UE 39999] UL Throughput = 0.0 Mbps
31359 ms [UE 50104] UL Throughput = 0.04262 Mbps
31468 ms [UE 11372] UL Throughput = 0.2881 Mbps
31468 ms [UE 19074] UL Throughput = 0.0 Mbps
31468 ms [UE 30040] UL Throughput = 0.22857 Mbps
31569 ms [UE 39999] UL Throughput = 0.2904 Mbps
31679 ms [UE 35620] UL Throughput = 0.02263 Mbps
31679 ms [UE 39999] UL Throughput = 0.2449 Mbps
31679 ms [UE 50104] UL Throughput = 0.0 Mbps
31679 ms [UE 73211] UL Throughput = 0.26794 Mbps
31779 ms [UE 19074] UL Throughput = 0.27228 Mbps
31779 ms [UE 39999] UL Throughput = 0.0 Mbps
31779 ms [UE 50104] UL Throughput = 0.02093 Mbps
31873 ms [UE 12586] UL Throughput = 0.0 Mbps
31873 ms [UE 41045] UL Throughput = 0.0672 Mbps
31934 ms [UE 30040] UL Throughput = 0.0 Mbps
31934 ms [UE 42234] UL Throughput = 0.23729 Mbps
32042 ms [UE 12586] UL Throughput = 0.0 Mbps
32042 ms [UE 30040] UL Throughput = 0.0 Mbps
32042 ms [UE 41045] UL Throughput = 0.0 Mbps
32042 ms [UE 42234] UL Throughput = 0.05361 Mbps
32043 ms [UE 12586] UL Throughput = 0.0 Mbps
32043 ms [UE 35620] UL Throughput = 0.04829 Mbps
32043 ms [UE 41045] UL Throughput = 0.14474 Mbps
32043 ms [UE 73211] UL Throughput = 0.33298 Mbps
32044 ms [UE 35620] UL Throughput = 0.0 Mbps
32044 ms [UE 73211] UL Throughput = 0.17327 Mbps
32125 ms [UE 12586] UL Throughput = 0.11398 Mbps
32125 ms [UE 39999] UL Throughput = 0.19327 Mbps
32125 ms [UE 41045] UL Throughput = 0.0 Mbps
32125 ms [UE 50104] UL Throughput = 0.0 Mbps
32211 ms [UE 12586] UL Throughput = 0.0 Mbps
32211 ms [UE 41045] UL Throughput = 0.0 Mbps
32216 ms [UE 30040] UL Throughput = 0.11395 Mbps
32216 ms [UE 42234] UL Throughput = 0.0 Mbps
32314 ms [UE 11372] UL Throughput = 0.0 Mbps
32314 ms [UE 19074] UL Throughput = 0.24584 Mbps
32319 ms [UE 11372] UL Throughput = 0.09702 Mbps
32319 ms [UE 19074] UL Throughput = 0.26689 Mbps
32424 ms [UE 35620] UL Throughput = 0.0 Mbps
32424 ms [UE 39999] UL Throughput = 0.15154 Mbps
32424 ms [UE 50104] UL Throughput = 0.22676 Mbps
32424 ms [UE 73211] UL Throughput = 0.26879 Mbps
32547 ms [UE 11372] UL Throughput = 0.11506 Mbps
32547 ms [UE 19074] UL Throughput = 0.25316 Mbps
32547 ms [UE 35620] UL Throughput = 0.0973 Mbps
32547 ms [UE 73211] UL Throughput = 0.0 Mbps
32644 ms [UE 39999] UL Throughput = 0.0 Mbps
32644 ms [UE 50104] UL Throughput = 0.17186 Mbps
32766 ms [UE 11372] UL Throughput = 0.0 Mbps
32766 ms [UE 19074] UL Throughput = 0.0 Mbps
32889 ms [UE 11372] UL Throughput = 0.26812 Mbps
32889 ms [UE 19074] UL Throughput = 0.33932 Mbps
32970 ms [UE 11372] UL Throughput = 0.1134 Mbps
32970 ms [UE 19074] UL Throughput = 0.25079 Mbps
33072 ms [UE 39999] UL Throughput = 0.20566 Mbps
33072 ms [UE 50104] UL Throughput = 0.0 Mbps
33160 ms [UE 12586] UL Throughput = 0.03019 Mbps
33282 ms [UE 35620] UL Throughput = 0.27132 Mbps
33282 ms [UE 73211] UL Throughput = 0.0 Mbps
33396 ms [UE 35620] UL Throughput = 0.0 Mbps
33396 ms [UE 39999] UL Throughput = 0.03616 Mbps
33396 ms [UE 50104] UL Throughput = 0.0 Mbps
33396 ms [UE 73211] UL Throughput = 0.31142 Mbps
33520 ms [UE 30040] UL Throughput = 0.13067 Mbps
33520 ms [UE 39999] UL Throughput = 0.19014 Mbps
33520 ms [UE 42234] UL Throughput = 0.22826 Mbps
33520 ms [UE 50104] UL Throughput = 0.0 Mbps
33638 ms [UE 11372] UL Throughput = 0.0 Mbps
33638 ms [UE 19074] UL Throughput = 0.25075 Mbps
33641 ms [UE 30040] UL Throughput = 0.0 Mbps
33641 ms [UE 35620] UL Throughput = 0.0 Mbps
33641 ms [UE 42234] UL Throughput = 0.35345 Mbps
33641 ms [UE 73211] UL Throughput = 0.22005 Mbps
33734 ms [UE 12586] UL Throughput = 0.06155 Mbps
33734 ms [UE 41045] UL Throughput = 0.18514 Mbps
33839 ms [UE 39999] UL Throughput = 0.0 Mbps
33839 ms [UE 41045] UL Throughput = 0.2733 Mbps
33839 ms [UE 50104] UL Throughput = 0.0 Mbps
33921 ms [UE 19074] UL Throughput = 0.0 Mbps
34026 ms [UE 30040] UL Throughput = 0.34987 Mbps
34026 ms [UE 42234] UL Throughput = 0.0 Mbps
34154 ms [UE 39999] UL Throughput = 0.31902 Mbps
34154 ms [UE 50104] UL Throughput = 0.0 Mbps
34253 ms [UE 39999] UL Throughput = 0.26291 Mbps
34253 ms [UE 50104] UL Throughput = 0.0 Mbps
34340 ms [UE 39999] UL Throughput = 0.18865 Mbps
34340 ms [UE 50104] UL Throughput = 0.0 Mbps
34438 ms [UE 11372] UL Throughput = 0.0 Mbps
34438 ms [UE 12586] UL Throughput = 0.0 Mbps
34438 ms [UE 19074] UL Throughput = 0.0 Mbps
34438 ms [UE 41045] UL Throughput = 0.08849 Mbps
34549 ms [UE 12586] UL Throughput = 0.0 Mbps
34549 ms [UE 35620] UL Throughput = 0.0 Mbps
34549 ms [UE 41045] UL Throughput = 0.15794 Mbps
34549 ms [UE 73211] UL Throughput = 0.15246 Mbps
34551 ms [UE 39999] UL Throughput = 0.0 Mbps
34551 ms [UE 50104] UL Throughput = 0.0 Mbps
34653 ms [UE 11372] UL Throughput = 0.0 Mbps
34653 ms [UE 19074] UL Throughput = 0.0 Mbps
34653 ms [UE 39999] UL Throughput = 0.0 Mbps
34653 ms [UE 50104] UL Throughput = 0.10143 Mbps
34730 ms [UE 39999] UL Throughput = 0.0 Mbps
34730 ms [UE 50104] UL Throughput = 0.0 Mbps
34824 ms [UE 11372] UL Throughput = 0.16848 Mbps
34824 ms [UE 19074] UL Throughput = 0.32242 Mbps
34827 ms [UE 30040] UL Throughput = 0.0 Mbps
34827 ms [UE 35620] UL Throughput = 0.0 Mbps
34827 ms [UE 42234] UL Throughput = 0.34843 Mbps
34827 ms [UE 73211] UL Throughput = 0.0 Mbps
34925 ms [UE 39999] UL Throughput = 0.0 Mbps
34925 ms [UE 50104] UL Throughput = 0.16952 Mbps
34927 ms [UE 12586] UL Throughput = 0.0 Mbps
34927 ms [UE 41045] UL Throughput = 0.13869 Mbps
35018 ms [UE 39999] UL Throughput = 0.0 Mbps
35018 ms [UE 50104] UL Throughput = 0.0 Mbps
35104 ms [UE 11372] UL Throughput = 0.0219 Mbps
35104 ms [UE 19074] UL Throughput = 0.0 Mbps
35214 ms [UE 30040] UL Throughput = 0.0 Mbps
35214 ms [UE 39999] UL Throughput = 0.05795 Mbps
35214 ms [UE 42234] UL Throughput = 0.0 Mbps
35214 ms [UE 50104] UL Throughput = 0.0 Mbps
35295 ms [UE 30040] UL Throughput = 0.0 Mbps
35295 ms [UE 42234] UL Throughput = 0.18584 Mbps
35403 ms [UE 19074] UL Throughput = 0.10668 Mbps
35490 ms [UE 41045] UL Throughput = 0.0589 Mbps
35582 ms [UE 35620] UL Throughput = 0.0 Mbps
35582 ms [UE 73211] UL Throughput = 0.24903 Mbps
35585 ms [UE 11372] UL Throughput = 0.1939 Mbps
35585 ms [UE 19074] UL Throughput = 0.0 Mbps
35585 ms [UE 35620] UL Throughput = 0.0 Mbps
35585 ms [UE 73211] UL Throughput = 0.0 Mbps
35650 ms [UE 12586] UL Throughput = 0.23583 Mbps
35650 ms [UE 41045] UL Throughput = 0.0 Mbps
35729 ms [UE 50104] UL Throughput = 0.0 Mbps
35843 ms [UE 35620] UL Throughput = 0.0 Mbps
35843 ms [UE 73211] UL Throughput = 0.0 Mbps
35939 ms [UE 12586] UL Throughput = 0.0 Mbps
35939 ms [UE 39999] UL Throughput = 0.14055 Mbps
35939 ms [UE 41045] UL Throughput = 0.0 Mbps
35939 ms [UE 50104] UL Throughput = 0.10982 Mbps
36037 ms [UE 12586] UL Throughput = 0.0 Mbps
36037 ms [UE 41045] UL Throughput = 0.0 Mbps
36117 ms [UE 11372] UL Throughput = 0.0 Mbps
36117 ms [UE 19074] UL Throughput = 0.30364 Mbps
36211 ms [UE 39999] UL Throughput = 0.0 Mbps
36211 ms [UE 50104] UL Throughput = 0.29227 Mbps
36313 ms [UE 30040] UL Throughput = 0.0 Mbps
36313 ms [UE 42234] UL Throughput = 0.31245 Mbps
36435 ms [UE 12586] UL Throughput = 0.0 Mbps
36541 ms [UE 35620] UL Throughput = 0.07228 Mbps
36626 ms [UE 12586] UL Throughput = 0.0 Mbps
36626 ms [UE 30040] UL Throughput = 0.0 Mbps
36626 ms [UE 41045] UL Throughput = 0.0 Mbps
36626 ms [UE 42234] UL Throughput = 0.0 Mbps
36725 ms [UE 12586] UL Throughput = 0.0 Mbps
36725 ms [UE 41045] UL Throughput = 0.0 Mbps
36828 ms [UE 39999] UL Throughput = 0.0 Mbps
36828 ms [UE 42234] UL Throughput = 0.0 Mbps
36828 ms [UE 50104] UL Throughput = 0.19215 Mbps
36933 ms [UE 39999] UL Throughput = 0.0 Mbps
36933 ms [UE 50104] UL Throughput = 0.042 Mbps
37040 ms [UE 35620] UL Throughput = 0.08603 Mbps
37040 ms [UE 73211] UL Throughput = 0.25027 Mbps
37139 ms [UE 35620] UL Throughput = 0.0 Mbps
37139 ms [UE 73211] UL Throughput = 0.0 Mbps
37251 ms [UE 39999] UL Throughput = 0.2961 Mbps
37251 ms [UE 50104] UL Throughput = 0.08895 Mbps
37327 ms [UE 12586] UL Throughput = 0.0 Mbps
37327 ms [UE 41045] UL Throughput = 0.10505 Mbps
37328 ms [UE 39999] UL Throughput = 0.0 Mbps
37328 ms [UE 50104] UL Throughput = 0.0 Mbps
37329 ms [UE 35620] UL Throughput = 0.0 Mbps
37329 ms [UE 73211] UL Throughput = 0.0 Mbps
37439 ms [UE 39999] UL Throughput = 0.0 Mbps
37439 ms [UE 50104] UL Throughput = 0.14848 Mbps
37441 ms [UE 39999] UL Throughput = 0.09823 Mbps
37441 ms [UE 50104] UL Throughput = 0.0 Mbps
37574 ms [UE 30040] UL Throughput = 0.0 Mbps
37574 ms [UE 42234] UL Throughput = 0.27592 Mbps
37575 ms [UE 11372] UL Throughput = 0.15339 Mbps
37575 ms [UE 12586] UL Throughput = 0.0 Mbps
37575 ms [UE 19074] UL Throughput = 0.22026 Mbps
37575 ms [UE 41045] UL Throughput = 0.13502 Mbps
37649 ms [UE 19074] UL Throughput = 0.0 Mbps
37713 ms [UE 30040] UL Throughput = 0.0 Mbps
37713 ms [UE 42234] UL Throughput = 0.15782 Mbps
37810 ms [UE 39999] UL Throughput = 0.0 Mbps
37810 ms [UE 50104] UL Throughput = 0.23892 Mbps
37815 ms [UE 11372] UL Throughput = 0.0 Mbps
37815 ms [UE 30040] UL Throughput = 0.0 Mbps
37815 ms [UE 42234] UL Throughput = 0.0 Mbps
37905 ms [UE 11372] UL Throughput = 0.0 Mbps
37905 ms [UE 12586] UL Throughput = 0.0 Mbps
37905 ms [UE 19074] UL Throughput = 0.28519 Mbps
37982 ms [UE 39999] UL Throughput = 0.0 Mbps
37982 ms [UE 50104] UL Throughput = 0.34093 Mbps
37983 ms [UE 12586] UL Throughput = 0.0 Mbps
37983 ms [UE 41045] UL Throughput = 0.0 Mbps
38100 ms [UE 39999] UL Throughput = 0.0 Mbps
38100 ms [UE 50104] UL Throughput = 0.0 Mbps
38105 ms [UE 30040] UL Throughput = 0.3246 Mbps
38105 ms [UE 42234] UL Throughput = 0.0 Mbps
38109 ms [UE 19074] UL Throughput = 0.22943 Mbps
38115 ms [UE 30040] UL Throughput = 0.0 Mbps
38115 ms [UE 42234] UL Throughput = 0.0 Mbps
38198 ms [UE 11372] UL Throughput = 0.0 Mbps
38198 ms [UE 19074] UL Throughput = 0.0 Mbps
38200 ms [UE 35620] UL Throughput = 0.0 Mbps
38200 ms [UE 73211] UL Throughput = 0.03092 Mbps
38303 ms [UE 11372] UL Throughput = 0.11278 Mbps
38303 ms [UE 19074] UL Throughput = 0.29009 Mbps
38303 ms [UE 50104] UL Throughput = 0.31616 Mbps
38395 ms [UE 73211] UL Throughput = 0.0 Mbps
38476 ms [UE 11372] UL Throughput = 0.25578 Mbps
38476 ms [UE 35620] UL Throughput = 0.0 Mbps
38476 ms [UE 73211] UL Throughput = 0.04697 Mbps
38574 ms [UE 30040] UL Throughput = 0.0 Mbps
38574 ms [UE 42234] UL Throughput = 0.0 Mbps
38653 ms [UE 39999] UL Throughput = 0.0 Mbps
38653 ms [UE 50104] UL Throughput = 0.21047 Mbps
38739 ms [UE 30040] UL Throughput = 0.0 Mbps
38739 ms [UE 42234] UL Throughput = 0.0 Mbps
38845 ms [UE 12586] UL Throughput = 0.33591 Mbps
38845 ms [UE 30040] UL Throughput = 0.2468 Mbps
38845 ms [UE 42234] UL Throughput = 0.0 Mbps
38849 ms [UE 12586] UL Throughput = 0.06549 Mbps
38849 ms [UE 41045] UL Throughput = 0.2953 Mbps
38968 ms [UE 35620] UL Throughput = 0.26933 Mbps
38968 ms [UE 73211] UL Throughput = 0.22748 Mbps
38970 ms [UE 11372] UL Throughput = 0.0 Mbps
38970 ms [UE 19074] UL Throughput = 0.0 Mbps
38970 ms [UE 35620] UL Throughput = 0.0 Mbps
38970 ms [UE 73211] UL Throughput = 0.12654 Mbps
38972 ms [UE 30040] UL Throughput = 0.0 Mbps
38972 ms [UE 35620] UL Throughput = 0.0 Mbps
38972 ms [UE 42234] UL Throughput = 0.0 Mbps
39062 ms [UE 30040] UL Throughput = 0.0 Mbps
39062 ms [UE 42234] UL Throughput = 0.26771 Mbps
39186 ms [UE 12586] UL Throughput = 0.26059 Mbps
39186 ms [UE 41045] UL Throughput = 0.1435 Mbps
39285 ms [UE 30040] UL Throughput = 0.0 Mbps
39285 ms [UE 42234] UL Throughput = 0.0958 Mbps
39373 ms [UE 35620] UL Throughput = 0.10098 Mbps
39373 ms [UE 73211] UL Throughput = 0.21671 Mbps
39446 ms [UE 12586] UL Throughput = 0.33063 Mbps
39446 ms [UE 41045] UL Throughput = 0.38709 Mbps
39568 ms [UE 35620] UL Throughput = 0.0 Mbps
39568 ms [UE 73211] UL Throughput = 0.0 Mbps
39570 ms [UE 39999] UL Throughput = 0.0 Mbps
39570 ms [UE 50104] UL Throughput = 0.0 Mbps
39659 ms [UE 35620] UL Throughput = 0.0 Mbps
39659 ms [UE 73211] UL Throughput = 0.0 Mbps
39760 ms [UE 12586] UL Throughput = 0.0 Mbps
39760 ms [UE 41045] UL Throughput = 0.19505 Mbps
39858 ms [UE 35620] UL Throughput = 0.15208 Mbps
39858 ms [UE 73211] UL Throughput = 0.0 Mbps
39961 ms [UE 30040] UL Throughput = 0.0 Mbps
39961 ms [UE 39999] UL Throughput = 0.07086 Mbps
39961 ms [UE 50104] UL Throughput = 0.0 Mbps
40041 ms [UE 11372] UL Throughput = 0.0 Mbps
40041 ms [UE 19074] UL Throughput = 0.34335 Mbps
40133 ms [UE 30040] UL Throughput = 0.2187 Mbps
40253 ms [UE 12586] UL Throughput = 0.0 Mbps
40373 ms [UE 12586] UL Throughput = 0.0 Mbps
40373 ms [UE 30040] UL Throughput = 0.0 Mbps
40373 ms [UE 41045] UL Throughput = 0.0 Mbps
40373 ms [UE 42234] UL Throughput = 0.0 Mbps
40492 ms [UE 39999] UL Throughput = 0.23748 Mbps
40492 ms [UE 50104] UL Throughput = 0.0 Mbps
40598 ms [UE 35620] UL Throughput = 0.0 Mbps
40598 ms [UE 73211] UL Throughput = 0.0 Mbps
40717 ms [UE 41045] UL Throughput = 0.11115 Mbps
40834 ms [UE 39999] UL Throughput = 0.13289 Mbps
40834 ms [UE 50104] UL Throughput = 0.33501 Mbps
40904 ms [UE 39999] UL Throughput = 0.07839 Mbps
40904 ms [UE 50104] UL Throughput = 0.03464 Mbps
41015 ms [UE 11372] UL Throughput = 0.0 Mbps
41015 ms [UE 19074] UL Throughput = 0.02338 Mbps
41119 ms [UE 30040] UL Throughput = 0.23152 Mbps
41119 ms [UE 42234] UL Throughput = 0.27256 Mbps
41192 ms [UE 73211] UL Throughput = 0.0 Mbps
41294 ms [UE 11372] UL Throughput = 0.04002 Mbps
41294 ms [UE 19074] UL Throughput = 0.0 Mbps
41382 ms [UE 11372] UL Throughput = 0.03705 Mbps
41383 ms [UE 39999] UL Throughput = 0.0 Mbps
41491 ms [UE 39999] UL Throughput = 0.12848 Mbps
41491 ms [UE 50104] UL Throughput = 0.33471 Mbps
41572 ms [UE 11372] UL Throughput = 0.0 Mbps
41572 ms [UE 35620] UL Throughput = 0.0 Mbps
41572 ms [UE 73211] UL Throughput = 0.12522 Mbps
41675 ms [UE 19074] UL Throughput = 0.24044 Mbps
41779 ms [UE 19074] UL Throughput = 0.0 Mbps
41779 ms [UE 30040] UL Throughput = 0.0697 Mbps
41779 ms [UE 42234] UL Throughput = 0.11095 Mbps
41864 ms [UE 11372] UL Throughput = 0.12128 Mbps
41864 ms [UE 19074] UL Throughput = 0.0 Mbps
41868 ms [UE 39999] UL Throughput = 0.25472 Mbps
41868 ms [UE 50104] UL Throughput = 0.0 Mbps
41966 ms [UE 35620] UL Throughput = 0.0 Mbps
41966 ms [UE 73211] UL Throughput = 0.0 Mbps
42070 ms [UE 30040] UL Throughput = 0.0 Mbps
42070 ms [UE 42234] UL Throughput = 0.0 Mbps
42170 ms [UE 35620] UL Throughput = 0.12201 Mbps
42170 ms [UE 73211] UL Throughput = 0.306 Mbps
42289 ms [UE 39999] UL Throughput = 0.0 Mbps
42289 ms [UE 50104] UL Throughput = 0.0 Mbps
42292 ms [UE 11372] UL Throughput = 0.27646 Mbps
42292 ms [UE 12586] UL Throughput = 0.0 Mbps
42292 ms [UE 19074] UL Throughput = 0.0 Mbps
42292 ms [UE 41045] UL Throughput = 0.05776 Mbps
42394 ms [UE 30040] UL Throughput = 0.0 Mbps
42394 ms [UE 42234] UL Throughput = 0.0 Mbps
42483 ms [UE 30040] UL Throughput = 0.16376 Mbps
42483 ms [UE 50104] UL Throughput = 0.23437 Mbps
42591 ms [UE 30040] UL Throughput = 0.0 Mbps
42591 ms [UE 42234] UL Throughput = 0.0 Mbps
42694 ms [UE 11372] UL Throughput = 0.0 Mbps
42694 ms [UE 12586] UL Throughput = 0.0 Mbps
42694 ms [UE 19074] UL Throughput = 0.07838 Mbps
42700 ms [UE 35620] UL Throughput = 0.09201 Mbps
42700 ms [UE 39999] UL Throughput = 0.14672 Mbps
42700 ms [UE 50104] UL Throughput = 0.1816 Mbps
42700 ms [UE 73211] UL Throughput = 0.16664 Mbps
42795 ms [UE 39999] UL Throughput = 0.0 Mbps
42795 ms [UE 50104] UL Throughput = 0.0 Mbps
42873 ms [UE 41045] UL Throughput = 0.34427 Mbps
42968 ms [UE 35620] UL Throughput = 0.06173 Mbps
42968 ms [UE 73211] UL Throughput = 0.0 Mbps
43059 ms [UE 39999] UL Throughput = 0.17803 Mbps
43059 ms [UE 50104] UL Throughput = 0.0 Mbps
43163 ms [UE 30040] UL Throughput = 0.36828 Mbps
43251 ms [UE 30040] UL Throughput = 0.0 Mbps
43251 ms [UE 42234] UL Throughput = 0.32301 Mbps
43256 ms [UE 39999] UL Throughput = 0.31707 Mbps
43256 ms [UE 50104] UL Throughput = 0.0 Mbps
43369 ms [UE 42234] UL Throughput = 0.0 Mbps
43504 ms [UE 35620] UL Throughput = 0.0 Mbps
43504 ms [UE 73211] UL Throughput = 0.0 Mbps
43508 ms [UE 12586] UL Throughput = 0.02667 Mbps
43508 ms [UE 41045] UL Throughput = 0.28264 Mbps
43581 ms [UE 11372] UL Throughput = 0.0 Mbps
43581 ms [UE 19074] UL Throughput = 0.0 Mbps
43680 ms [UE 12586] UL Throughput = 0.0 Mbps
43680 ms [UE 41045] UL Throughput = 0.0 Mbps
43680 ms [UE 42234] UL Throughput = 0.33284 Mbps
43684 ms [UE 30040] UL Throughput = 0.0 Mbps
43684 ms [UE 42234] UL Throughput = 0.16813 Mbps
43686 ms [UE 35620] UL Throughput = 0.0 Mbps
43686 ms [UE 73211] UL Throughput = 0.0 Mbps
43691 ms [UE 39999] UL Throughput = 0.0 Mbps
43691 ms [UE 41045] UL Throughput = 0.0 Mbps
43691 ms [UE 50104] UL Throughput = 0.1901 Mbps
43786 ms [UE 11372] UL Throughput = 0.2884 Mbps
43786 ms [UE 19074] UL Throughput = 0.0 Mbps
43790 ms [UE 12586] UL Throughput = 0.0 Mbps
43790 ms [UE 41045] UL Throughput = 0.0 Mbps
43889 ms [UE 39999] UL Throughput = 0.0 Mbps
43889 ms [UE 50104] UL Throughput = 0.02453 Mbps
43889 ms [UE 73211] UL Throughput = 0.04103 Mbps
43985 ms [UE 12586] UL Throughput = 0.0 Mbps
43985 ms [UE 41045] UL Throughput = 0.112 Mbps
43991 ms [UE 11372] UL Throughput = 0.0 Mbps
43991 ms [UE 19074] UL Throughput = 0.06485 Mbps
44112 ms [UE 12586] UL Throughput = 0.0 Mbps
44112 ms [UE 41045] UL Throughput = 0.16887 Mbps
44192 ms [UE 12586] UL Throughput = 0.0 Mbps
44192 ms [UE 35620] UL Throughput = 0.04685 Mbps
44192 ms [UE 41045] UL Throughput = 0.20122 Mbps
44192 ms [UE 73211] UL Throughput = 0.26711 Mbps
44292 ms [UE 39999] UL Throughput = 0.0 Mbps
44292 ms [UE 50104] UL Throughput = 0.0 Mbps
44371 ms [UE 11372] UL Throughput = 0.22586 Mbps
44371 ms [UE 19074] UL Throughput = 0.25037 Mbps
44479 ms [UE 35620] UL Throughput = 0.24362 Mbps
44479 ms [UE 73211] UL Throughput = 0.0 Mbps
44602 ms [UE 39999] UL Throughput = 0.21938 Mbps
44602 ms [UE 50104] UL Throughput = 0.0 Mbps
44604 ms [UE 11372] UL Throughput = 0.11604 Mbps
44604 ms [UE 19074] UL Throughput = 0.0 Mbps
44604 ms [UE 35620] UL Throughput = 0.02517 Mbps
44604 ms [UE 73211] UL Throughput = 0.0 Mbps
44730 ms [UE 11372] UL Throughput = 0.0 Mbps
44848 ms [UE 39999] UL Throughput = 0.0 Mbps
44949 ms [UE 12586] UL Throughput = 0.0 Mbps
44949 ms [UE 41045] UL Throughput = 0.0 Mbps
45052 ms [UE 11372] UL Throughput = 0.0 Mbps
45052 ms [UE 19074] UL Throughput = 0.03352 Mbps
45121 ms [UE 35620] UL Throughput = 0.06492 Mbps
45121 ms [UE 73211] UL Throughput = 0.0 Mbps
45215 ms [UE 30040] UL Throughput = 0.31004 Mbps
45215 ms [UE 42234] UL Throughput = 0.0 Mbps
45349 ms [UE 11372] UL Throughput = 0.0 Mbps
45349 ms [UE 19074] UL Throughput = 0.0 Mbps
45349 ms [UE 39999] UL Throughput = 0.23156 Mbps
45349 ms [UE 50104] UL Throughput = 0.0 Mbps
45353 ms [UE 11372] UL Throughput = 0.09022 Mbps
45353 ms [UE 19074] UL Throughput = 0.06697 Mbps
45359 ms [UE 35620] UL Throughput = 0.27398 Mbps
45359 ms [UE 73211] UL Throughput = 0.2058 Mbps
45449 ms [UE 39999] UL Throughput = 0.0 Mbps
45449 ms [UE 50104] UL Throughput = 0.0 Mbps
45560 ms [UE 30040] UL Throughput = 0.15487 Mbps
45560 ms [UE 42234] UL Throughput = 0.0 Mbps
45655 ms [UE 12586] UL Throughput = 0.29232 Mbps
45655 ms [UE 41045] UL Throughput = 0.31253 Mbps
45738 ms [UE 35620] UL Throughput = 0.0 Mbps
45738 ms [UE 73211] UL Throughput = 0.0 Mbps
45818 ms [UE 30040] UL Throughput = 0.0 Mbps
45818 ms [UE 42234] UL Throughput = 0.0 Mbps
45820 ms [UE 11372] UL Throughput = 0.37641 Mbps
45820 ms [UE 19074] UL Throughput = 0.0 Mbps
45821 ms [UE 11372] UL Throughput = 0.0 Mbps
45821 ms [UE 19074] UL Throughput = 0.30376 Mbps
45822 ms [UE 30040] UL Throughput = 0.29871 Mbps
45922 ms [UE 12586] UL Throughput = 0.0 Mbps
45922 ms [UE 41045] UL Throughput = 0.38991 Mbps
46008 ms [UE 30040] UL Throughput = 0.0 Mbps
46008 ms [UE 42234] UL Throughput = 0.0 Mbps
46107 ms [UE 30040] UL Throughput = 0.0 Mbps
46107 ms [UE 42234] UL Throughput = 0.2759 Mbps
46174 ms [UE 35620] UL Throughput = 0.33438 Mbps
46255 ms [UE 11372] UL Throughput = 0.0 Mbps
46255 ms [UE 19074] UL Throughput = 0.0 Mbps
46255 ms [UE 30040] UL Throughput = 0.30055 Mbps
46255 ms [UE 42234] UL Throughput = 0.0 Mbps
46329 ms [UE 11372] UL Throughput = 0.0 Mbps
46329 ms [UE 19074] UL Throughput = 0.22133 Mbps
46329 ms [UE 35620] UL Throughput = 0.0 Mbps
46329 ms [UE 73211] UL Throughput = 0.0 Mbps
46434 ms [UE 11372] UL Throughput = 0.0 Mbps
46434 ms [UE 19074] UL Throughput = 0.18782 Mbps
46434 ms [UE 35620] UL Throughput = 0.0 Mbps
46434 ms [UE 73211] UL Throughput = 0.0 Mbps
46560 ms [UE 12586] UL Throughput = 0.0 Mbps
46560 ms [UE 39999] UL Throughput = 0.0 Mbps
46560 ms [UE 50104] UL Throughput = 0.0 Mbps
46624 ms [UE 35620] UL Throughput = 0.0 Mbps
46624 ms [UE 73211] UL Throughput = 0.0 Mbps
46628 ms [UE 11372] UL Throughput = 0.0 Mbps
46628 ms [UE 19074] UL Throughput = 0.0 Mbps
46711 ms [UE 12586] UL Throughput = 0.0 Mbps
46711 ms [UE 41045] UL Throughput = 0.15319 Mbps
46823 ms [UE 12586] UL Throughput = 0.0 Mbps
46823 ms [UE 41045] UL Throughput = 0.08499 Mbps
46927 ms [UE 35620] UL Throughput = 0.0 Mbps
46927 ms [UE 39999] UL Throughput = 0.0 Mbps
46927 ms [UE 50104] UL Throughput = 0.0 Mbps
46927 ms [UE 73211] UL Throughput = 0.32508 Mbps
46932 ms [UE 30040] UL Throughput = 0.0 Mbps
46932 ms [UE 42234] UL Throughput = 0.0 Mbps
47040 ms [UE 35620] UL Throughput = 0.0237 Mbps
47040 ms [UE 73211] UL Throughput = 0.3208 Mbps
47145 ms [UE 35620] UL Throughput = 0.34135 Mbps
47145 ms [UE 73211] UL Throughput = 0.3377 Mbps
47242 ms [UE 11372] UL Throughput = 0.02519 Mbps
47242 ms [UE 19074] UL Throughput = 0.23678 Mbps
47326 ms [UE 39999] UL Throughput = 0.0 Mbps
47326 ms [UE 50104] UL Throughput = 0.0 Mbps
47428 ms [UE 35620] UL Throughput = 0.0 Mbps
47428 ms [UE 42234] UL Throughput = 0.29421 Mbps
47428 ms [UE 73211] UL Throughput = 0.0 Mbps
47538 ms [UE 19074] UL Throughput = 0.0 Mbps
47538 ms [UE 35620] UL Throughput = 0.032 Mbps
47538 ms [UE 73211] UL Throughput = 0.19357 Mbps
47633 ms [UE 35620] UL Throughput = 0.0 Mbps
47633 ms [UE 73211] UL Throughput = 0.24277 Mbps
47755 ms [UE 42234] UL Throughput = 0.0 Mbps
47875 ms [UE 30040] UL Throughput = 0.29826 Mbps
47875 ms [UE 42234] UL Throughput = 0.0 Mbps
47967 ms [UE 30040] UL Throughput = 0.0 Mbps
48081 ms [UE 39999] UL Throughput = 0.10475 Mbps
48081 ms [UE 50104] UL Throughput = 0.15469 Mbps
48177 ms [UE 11372] UL Throughput = 0.0 Mbps
48177 ms [UE 12586] UL Throughput = 0.0 Mbps
48177 ms [UE 19074] UL Throughput = 0.27449 Mbps
48177 ms [UE 41045] UL Throughput = 0.0 Mbps
48180 ms [UE 35620] UL Throughput = 0.0 Mbps
48180 ms [UE 73211] UL Throughput = 0.0 Mbps
48260 ms [UE 39999] UL Throughput = 0.14092 Mbps
48260 ms [UE 50104] UL Throughput = 0.0 Mbps
48353 ms [UE 39999] UL Throughput = 0.07366 Mbps
48353 ms [UE 50104] UL Throughput = 0.0 Mbps
48463 ms [UE 12586] UL Throughput = 0.0 Mbps
48463 ms [UE 41045] UL Throughput = 0.0 Mbps
48557 ms [UE 35620] UL Throughput = 0.29876 Mbps
48557 ms [UE 39999] UL Throughput = 0.13444 Mbps
48557 ms [UE 50104] UL Throughput = 0.41431 Mbps
48557 ms [UE 73211] UL Throughput = 0.24525 Mbps
48670 ms [UE 35620] UL Throughput = 0.0 Mbps
48670 ms [UE 73211] UL Throughput = 0.0 Mbps
48792 ms [UE 12586] UL Throughput = 0.0 Mbps
48792 ms [UE 41045] UL Throughput = 0.0 Mbps
48868 ms [UE 35620] UL Throughput = 0.0 Mbps
48868 ms [UE 73211] UL Throughput = 0.0 Mbps
48874 ms [UE 11372] UL Throughput = 0.2339 Mbps
48874 ms [UE 19074] UL Throughput = 0.0 Mbps
48978 ms [UE 35620] UL Throughput = 0.0 Mbps
48978 ms [UE 73211] UL Throughput = 0.21768 Mbps
49048 ms [UE 35620] UL Throughput = 0.0 Mbps
49048 ms [UE 39999] UL Throughput = 0.30361 Mbps
49048 ms [UE 50104] UL Throughput = 0.27822 Mbps
49048 ms [UE 73211] UL Throughput = 0.0 Mbps
49131 ms [UE 11372] UL Throughput = 0.34373 Mbps
49131 ms [UE 19074] UL Throughput = 0.0 Mbps
49239 ms [UE 30040] UL Throughput = 0.0 Mbps
49239 ms [UE 42234] UL Throughput = 0.0 Mbps
49243 ms [UE 12586] UL Throughput = 0.28145 Mbps
49243 ms [UE 41045] UL Throughput = 0.0 Mbps
49341 ms [UE 39999] UL Throughput = 0.06326 Mbps
49341 ms [UE 42234] UL Throughput = 0.0 Mbps
49341 ms [UE 50104] UL Throughput = 0.0 Mbps
49345 ms [UE 30040] UL Throughput = 0.13736 Mbps
49454 ms [UE 11372] UL Throughput = 0.0 Mbps
49454 ms [UE 12586] UL Throughput = 0.17658 Mbps
49454 ms [UE 19074] UL Throughput = 0.0 Mbps
49454 ms [UE 41045] UL Throughput = 0.19191 Mbps
49559 ms [UE 11372] UL Throughput = 0.0 Mbps
49559 ms [UE 19074] UL Throughput = 0.0 Mbps
49559 ms [UE 39999] UL Throughput = 0.11088 Mbps
49559 ms [UE 50104] UL Throughput = 0.29073 Mbps
49564 ms [UE 12586] UL Throughput = 0.0 Mbps
49564 ms [UE 41045] UL Throughput = 0.0 Mbps
49676 ms [UE 11372] UL Throughput = 0.0 Mbps
49676 ms [UE 19074] UL Throughput = 0.0 Mbps
49780 ms [UE 12586] UL Throughput = 0.0 Mbps
49780 ms [UE 41045] UL Throughput = 0.18892 Mbps
49906 ms [UE 30040] UL Throughput = 0.0 Mbps
49906 ms [UE 42234] UL Throughput = 0.0 Mbps
49907 ms [UE 39999] UL Throughput = 0.0 Mbps
49907 ms [UE 50104] UL Throughput = 0.0 Mbps
49913 ms [UE 11372] UL Throughput = 0.0 Mbps
49913 ms [UE 19074] UL Throughput = 0.28544 Mbps
50008 ms [UE 12586] UL Throughput = 0.23271 Mbps
50008 ms [UE 41045] UL Throughput = 0.1768 Mbps
50091 ms [UE 11372] UL Throughput = 0.27818 Mbps
50091 ms [UE 19074] UL Throughput = 0.18029 Mbps
50184 ms [UE 30040] UL Throughput = 0.13047 Mbps
50184 ms [UE 42234] UL Throughput = 0.17449 Mbps
50280 ms [UE 30040] UL Throughput = 0.32807 Mbps
50280 ms [UE 35620] UL Throughput = 0.0 Mbps
50280 ms [UE 42234] UL Throughput = 0.0 Mbps
50280 ms [UE 73211] UL Throughput = 0.0 Mbps
50285 ms [UE 12586] UL Throughput = 0.0 Mbps
50285 ms [UE 39999] UL Throughput = 0.29267 Mbps
50285 ms [UE 41045] UL Throughput = 0.0 Mbps
50285 ms [UE 50104] UL Throughput = 0.0 Mbps
50398 ms [UE 73211] UL Throughput = 0.35912 Mbps
50527 ms [UE 39999] UL Throughput = 0.0 Mbps
50527 ms [UE 50104] UL Throughput = 0.13186 Mbps
50635 ms [UE 41045] UL Throughput = 0.07756 Mbps
50728 ms [UE 39999] UL Throughput = 0.07329 Mbps
50840 ms [UE 39999] UL Throughput = 0.0 Mbps
50843 ms [UE 12586] UL Throughput = 0.04565 Mbps
50843 ms [UE 41045] UL Throughput = 0.0 Mbps
50941 ms [UE 12586] UL Throughput = 0.0 Mbps
50941 ms [UE 41045] UL Throughput = 0.0 Mbps
51052 ms [UE 39999] UL Throughput = 0.0 Mbps
51052 ms [UE 50104] UL Throughput = 0.34683 Mbps
51161 ms [UE 39999] UL Throughput = 0.0 Mbps
51161 ms [UE 50104] UL Throughput = 0.0 Mbps
51291 ms [UE 39999] UL Throughput = 0.0 Mbps
51291 ms [UE 50104] UL Throughput = 0.20946 Mbps
51380 ms [UE 50104] UL Throughput = 0.322 Mbps
51386 ms [UE 30040] UL Throughput = 0.0 Mbps
51386 ms [UE 42234] UL Throughput = 0.05542 Mbps
51505 ms [UE 11372] UL Throughput = 0.08533 Mbps
51505 ms [UE 19074] UL Throughput = 0.1783 Mbps
51621 ms [UE 35620] UL Throughput = 0.11352 Mbps
51621 ms [UE 73211] UL Throughput = 0.03004 Mbps
51718 ms [UE 39999] UL Throughput = 0.07271 Mbps
51817 ms [UE 11372] UL Throughput = 0.27565 Mbps
51817 ms [UE 19074] UL Throughput = 0.34738 Mbps
51817 ms [UE 39999] UL Throughput = 0.0 Mbps
51893 ms [UE 12586] UL Throughput = 0.16338 Mbps
51893 ms [UE 39999] UL Throughput = 0.14639 Mbps
51893 ms [UE 41045] UL Throughput = 0.03394 Mbps
51893 ms [UE 50104] UL Throughput = 0.05159 Mbps
51991 ms [UE 11372] UL Throughput = 0.17884 Mbps
51991 ms [UE 19074] UL Throughput = 0.34301 Mbps
51997 ms [UE 35620] UL Throughput = 0.0 Mbps
51997 ms [UE 73211] UL Throughput = 0.0 Mbps
52076 ms [UE 11372] UL Throughput = 0.0 Mbps
52076 ms [UE 12586] UL Throughput = 0.09257 Mbps
52076 ms [UE 19074] UL Throughput = 0.0 Mbps
52165 ms [UE 12586] UL Throughput = 0.0 Mbps
52165 ms [UE 41045] UL Throughput = 0.0 Mbps
52270 ms [UE 39999] UL Throughput = 0.0 Mbps
52270 ms [UE 50104] UL Throughput = 0.15832 Mbps
52374 ms [UE 30040] UL Throughput = 0.0 Mbps
52374 ms [UE 35620] UL Throughput = 0.24279 Mbps
52374 ms [UE 42234] UL Throughput = 0.05518 Mbps
52374 ms [UE 73211] UL Throughput = 0.02219 Mbps
52475 ms [UE 11372] UL Throughput = 0.0 Mbps
52475 ms [UE 12586] UL Throughput = 0.0 Mbps
52475 ms [UE 19074] UL Throughput = 0.0 Mbps
52475 ms [UE 41045] UL Throughput = 0.05476 Mbps
52476 ms [UE 35620] UL Throughput = 0.0 Mbps
52476 ms [UE 73211] UL Throughput = 0.0 Mbps
52482 ms [UE 35620] UL Throughput = 0.08476 Mbps
52482 ms [UE 73211] UL Throughput = 0.0 Mbps
52585 ms [UE 30040] UL Throughput = 0.0 Mbps
52585 ms [UE 42234] UL Throughput = 0.0 Mbps
52590 ms [UE 30040] UL Throughput = 0.33187 Mbps
52590 ms [UE 42234] UL Throughput = 0.0 Mbps
52711 ms [UE 30040] UL Throughput = 0.0 Mbps
52711 ms [UE 42234] UL Throughput = 0.26023 Mbps
52792 ms [UE 35620] UL Throughput = 0.0 Mbps
52792 ms [UE 39999] UL Throughput = 0.0 Mbps
52792 ms [UE 50104] UL Throughput = 0.0 Mbps
52792 ms [UE 73211] UL Throughput = 0.30674 Mbps
52917 ms [UE 12586] UL Throughput = 0.16337 Mbps
52917 ms [UE 41045] UL Throughput = 0.0 Mbps
53010 ms [UE 12586] UL Throughput = 0.0 Mbps
53010 ms [UE 41045] UL Throughput = 0.12675 Mbps
53125 ms [UE 12586] UL Throughput = 0.0 Mbps
53125 ms [UE 35620] UL Throughput = 0.21518 Mbps
53125 ms [UE 41045] UL Throughput = 0.12171 Mbps
53125 ms [UE 73211] UL Throughput = 0.0 Mbps
53236 ms [UE 35620] UL Throughput = 0.18568 Mbps
53236 ms [UE 73211] UL Throughput = 0.0 Mbps
53327 ms [UE 12586] UL Throughput = 0.26058 Mbps
53327 ms [UE 41045] UL Throughput = 0.06614 Mbps
53424 ms [UE 30040] UL Throughput = 0.20274 Mbps
53424 ms [UE 42234] UL Throughput = 0.04193 Mbps
53541 ms [UE 12586] UL Throughput = 0.04943 Mbps
53541 ms [UE 41045] UL Throughput = 0.0 Mbps
53624 ms [UE 19074] UL Throughput = 0.0 Mbps
53704 ms [UE 41045] UL Throughput = 0.08077 Mbps
53816 ms [UE 30040] UL Throughput = 0.3275 Mbps
53816 ms [UE 42234] UL Throughput = 0.0 Mbps
53916 ms [UE 11372] UL Throughput = 0.0 Mbps
53916 ms [UE 19074] UL Throughput = 0.0 Mbps
54002 ms [UE 11372] UL Throughput = 0.0 Mbps
54002 ms [UE 19074] UL Throughput = 0.32198 Mbps
54087 ms [UE 35620] UL Throughput = 0.0 Mbps
54087 ms [UE 73211] UL Throughput = 0.0 Mbps
54202 ms [UE 12586] UL Throughput = 0.0 Mbps
54202 ms [UE 30040] UL Throughput = 0.0 Mbps
54202 ms [UE 42234] UL Throughput = 0.0 Mbps
54274 ms [UE 11372] UL Throughput = 0.23074 Mbps
54274 ms [UE 30040] UL Throughput = 0.2545 Mbps
54280 ms [UE 11372] UL Throughput = 0.21287 Mbps
54280 ms [UE 19074] UL Throughput = 0.0 Mbps
54411 ms [UE 30040] UL Throughput = 0.0 Mbps
54411 ms [UE 42234] UL Throughput = 0.0 Mbps
54412 ms [UE 50104] UL Throughput = 0.0 Mbps
54511 ms [UE 35620] UL Throughput = 0.24245 Mbps
54603 ms [UE 39999] UL Throughput = 0.0 Mbps
54696 ms [UE 11372] UL Throughput = 0.05195 Mbps
54696 ms [UE 19074] UL Throughput = 0.18919 Mbps
54696 ms [UE 39999] UL Throughput = 0.0 Mbps
54826 ms [UE 12586] UL Throughput = 0.0 Mbps
54826 ms [UE 39999] UL Throughput = 0.0 Mbps
54826 ms [UE 41045] UL Throughput = 0.14911 Mbps
54826 ms [UE 50104] UL Throughput = 0.0 Mbps
54936 ms [UE 39999] UL Throughput = 0.0 Mbps
54936 ms [UE 50104] UL Throughput = 0.30614 Mbps
54938 ms [UE 12586] UL Throughput = 0.02655 Mbps
54938 ms [UE 41045] UL Throughput = 0.0 Mbps
55058 ms [UE 35620] UL Throughput = 0.0 Mbps
55058 ms [UE 73211] UL Throughput = 0.0 Mbps
55175 ms [UE 35620] UL Throughput = 0.11198 Mbps
55175 ms [UE 73211] UL Throughput = 0.25587 Mbps
55181 ms [UE 12586] UL Throughput = 0.0 Mbps
55181 ms [UE 41045] UL Throughput = 0.0 Mbps
55281 ms [UE 12586] UL Throughput = 0.0 Mbps
55281 ms [UE 41045] UL Throughput = 0.05335 Mbps
55396 ms [UE 12586] UL Throughput = 0.0 Mbps
55396 ms [UE 41045] UL Throughput = 0.16247 Mbps
55489 ms [UE 30040] UL Throughput = 0.33711 Mbps
55489 ms [UE 42234] UL Throughput = 0.21081 Mbps
55491 ms [UE 19074] UL Throughput = 0.0 Mbps
55587 ms [UE 11372] UL Throughput = 0.0 Mbps
55587 ms [UE 19074] UL Throughput = 0.0 Mbps
55587 ms [UE 30040] UL Throughput = 0.0 Mbps
55587 ms [UE 42234] UL Throughput = 0.0 Mbps
55697 ms [UE 35620] UL Throughput = 0.0 Mbps
55697 ms [UE 42234] UL Throughput = 0.17318 Mbps
55697 ms [UE 73211] UL Throughput = 0.37469 Mbps
55700 ms [UE 35620] UL Throughput = 0.0 Mbps
55810 ms [UE 30040] UL Throughput = 0.0 Mbps
55810 ms [UE 42234] UL Throughput = 0.25768 Mbps
55914 ms [UE 30040] UL Throughput = 0.07729 Mbps
55914 ms [UE 39999] UL Throughput = 0.15671 Mbps
55914 ms [UE 42234] UL Throughput = 0.12569 Mbps
55914 ms [UE 50104] UL Throughput = 0.0 Mbps
55919 ms [UE 30040] UL Throughput = 0.3426 Mbps
55919 ms [UE 39999] UL Throughput = 0.06871 Mbps
55919 ms [UE 42234] UL Throughput = 0.03803 Mbps
55919 ms [UE 50104] UL Throughput = 0.28635 Mbps
56031 ms [UE 12586] UL Throughput = 0.0 Mbps
56031 ms [UE 41045] UL Throughput = 0.0 Mbps
56116 ms [UE 35620] UL Throughput = 0.08228 Mbps
56116 ms [UE 73211] UL Throughput = 0.21044 Mbps
56192 ms [UE 30040] UL Throughput = 0.0 Mbps
56282 ms [UE 11372] UL Throughput = 0.0 Mbps
56282 ms [UE 19074] UL Throughput = 0.0 Mbps
56288 ms [UE 35620] UL Throughput = 0.0 Mbps
56376 ms [UE 42234] UL Throughput = 0.0 Mbps
56452 ms [UE 30040] UL Throughput = 0.0 Mbps
56452 ms [UE 42234] UL Throughput = 0.31907 Mbps
56456 ms [UE 30040] UL Throughput = 0.0 Mbps
56462 ms [UE 39999] UL Throughput = 0.19303 Mbps
56462 ms [UE 50104] UL Throughput = 0.0 Mbps
56540 ms [UE 35620] UL Throughput = 0.23847 Mbps
56540 ms [UE 73211] UL Throughput = 0.0 Mbps
56642 ms [UE 11372] UL Throughput = 0.0 Mbps
56642 ms [UE 19074] UL Throughput = 0.0 Mbps
56747 ms [UE 12586] UL Throughput = 0.15246 Mbps
56747 ms [UE 41045] UL Throughput = 0.0 Mbps
56866 ms [UE 11372] UL Throughput = 0.28603 Mbps
56866 ms [UE 19074] UL Throughput = 0.0 Mbps
56986 ms [UE 30040] UL Throughput = 0.34808 Mbps
56986 ms [UE 42234] UL Throughput = 0.33121 Mbps
57093 ms [UE 30040] UL Throughput = 0.19305 Mbps
57093 ms [UE 42234] UL Throughput = 0.0264 Mbps
57182 ms [UE 11372] UL Throughput = 0.0 Mbps
57182 ms [UE 19074] UL Throughput = 0.0 Mbps
57188 ms [UE 35620] UL Throughput = 0.0 Mbps
57188 ms [UE 73211] UL Throughput = 0.39503 Mbps
57189 ms [UE 11372] UL Throughput = 0.0 Mbps
57189 ms [UE 19074] UL Throughput = 0.0 Mbps
57286 ms [UE 11372] UL Throughput = 0.34686 Mbps
57286 ms [UE 19074] UL Throughput = 0.0 Mbps
57427 ms [UE 12586] UL Throughput = 0.04443 Mbps
57427 ms [UE 41045] UL Throughput = 0.16301 Mbps
57511 ms [UE 39999] UL Throughput = 0.0 Mbps
57511 ms [UE 50104] UL Throughput = 0.0 Mbps
57598 ms [UE 39999] UL Throughput = 0.0 Mbps
57598 ms [UE 50104] UL Throughput = 0.0 Mbps
57693 ms [UE 11372] UL Throughput = 0.05928 Mbps
57693 ms [UE 19074] UL Throughput = 0.15636 Mbps
57693 ms [UE 30040] UL Throughput = 0.0 Mbps
57776 ms [UE 11372] UL Throughput = 0.0 Mbps
57776 ms [UE 12586] UL Throughput = 0.12187 Mbps
57776 ms [UE 19074] UL Throughput = 0.0 Mbps
57776 ms [UE 41045] UL Throughput = 0.0 Mbps
57892 ms [UE 11372] UL Throughput = 0.0 Mbps
57892 ms [UE 19074] UL Throughput = 0.26363 Mbps
57984 ms [UE 30040] UL Throughput = 0.22308 Mbps
57984 ms [UE 42234] UL Throughput = 0.25613 Mbps
58084 ms [UE 12586] UL Throughput = 0.0 Mbps
58084 ms [UE 19074] UL Throughput = 0.0 Mbps
58084 ms [UE 41045] UL Throughput = 0.0 Mbps
58189 ms [UE 12586] UL Throughput = 0.0 Mbps
58304 ms [UE 30040] UL Throughput = 0.07903 Mbps
58304 ms [UE 35620] UL Throughput = 0.0 Mbps
58304 ms [UE 42234] UL Throughput = 0.0 Mbps
58397 ms [UE 30040] UL Throughput = 0.0 Mbps
58397 ms [UE 42234] UL Throughput = 0.0 Mbps
58401 ms [UE 11372] UL Throughput = 0.14004 Mbps
58401 ms [UE 39999] UL Throughput = 0.0 Mbps
58401 ms [UE 50104] UL Throughput = 0.1657 Mbps
58406 ms [UE 12586] UL Throughput = 0.0 Mbps
58406 ms [UE 41045] UL Throughput = 0.0 Mbps
58407 ms [UE 30040] UL Throughput = 0.15169 Mbps
58407 ms [UE 42234] UL Throughput = 0.0 Mbps
58494 ms [UE 30040] UL Throughput = 0.37021 Mbps
58494 ms [UE 42234] UL Throughput = 0.04367 Mbps
58498 ms [UE 39999] UL Throughput = 0.0 Mbps
58584 ms [UE 12586] UL Throughput = 0.0 Mbps
58584 ms [UE 41045] UL Throughput = 0.0 Mbps
58688 ms [UE 11372] UL Throughput = 0.10502 Mbps
58688 ms [UE 19074] UL Throughput = 0.0 Mbps
58688 ms [UE 42234] UL Throughput = 0.19971 Mbps
58769 ms [UE 11372] UL Throughput = 0.0 Mbps
58857 ms [UE 11372] UL Throughput = 0.0 Mbps
58857 ms [UE 19074] UL Throughput = 0.0 Mbps
58857 ms [UE 30040] UL Throughput = 0.29894 Mbps
58857 ms [UE 42234] UL Throughput = 0.0 Mbps
58960 ms [UE 39999] UL Throughput = 0.0 Mbps
59027 ms [UE 11372] UL Throughput = 0.17108 Mbps
59027 ms [UE 19074] UL Throughput = 0.0 Mbps
59031 ms [UE 11372] UL Throughput = 0.28153 Mbps
59031 ms [UE 42234] UL Throughput = 0.30265 Mbps
59137 ms [UE 35620] UL Throughput = 0.0 Mbps
59137 ms [UE 39999] UL Throughput = 0.0 Mbps
59137 ms [UE 50104] UL Throughput = 0.07029 Mbps
59137 ms [UE 73211] UL Throughput = 0.16211 Mbps
59229 ms [UE 35620] UL Throughput = 0.0 Mbps
59229 ms [UE 73211] UL Throughput = 0.0 Mbps
59349 ms [UE 30040] UL Throughput = 0.07326 Mbps
59349 ms [UE 42234] UL Throughput = 0.13595 Mbps
59352 ms [UE 30040] UL Throughput = 0.0 Mbps
59352 ms [UE 42234] UL Throughput = 0.2084 Mbps
59355 ms [UE 12586] UL Throughput = 0.0 Mbps
59355 ms [UE 41045] UL Throughput = 0.0 Mbps
59357 ms [UE 39999] UL Throughput = 0.31991 Mbps
59357 ms [UE 50104] UL Throughput = 0.0 Mbps
59442 ms [UE 30040] UL Throughput = 0.0 Mbps
59442 ms [UE 42234] UL Throughput = 0.0 Mbps
59509 ms [UE 35620] UL Throughput = 0.07545 Mbps
59509 ms [UE 73211] UL Throughput = 0.21123 Mbps
59596 ms [UE 12586] UL Throughput = 0.16123 Mbps
59596 ms [UE 39999] UL Throughput = 0.0 Mbps
59596 ms [UE 41045] UL Throughput = 0.0 Mbps
59596 ms [UE 50104] UL Throughput = 0.17924 Mbps
59683 ms [UE 35620] UL Throughput = 0.11305 Mbps
59683 ms [UE 73211] UL Throughput = 0.0 Mbps
59764 ms [UE 30040] UL Throughput = 0.27242 Mbps
59764 ms [UE 42234] UL Throughput = 0.03925 Mbps
59768 ms [UE 11372] UL Throughput = 0.22123 Mbps
59768 ms [UE 19074] UL Throughput = 0.24055 Mbps
59768 ms [UE 39999] UL Throughput = 0.0 Mbps
59768 ms [UE 50104] UL Throughput = 0.34046 Mbps
59838 ms [UE 12586] UL Throughput = 0.31061 Mbps
59838 ms [UE 41045] UL Throughput = 0.0 Mbps
59916 ms [UE 11372] UL Throughput = 0.0 Mbps
59916 ms [UE 19074] UL Throughput = 0.31277 Mbps
59920 ms [UE 12586] UL Throughput = 0.0 Mbps
60026 ms [UE 50104] UL Throughput = 0.0 Mbps
60028 ms [UE 12586] UL Throughput = 0.19035 Mbps
60028 ms [UE 41045] UL Throughput = 0.19427 Mbps
60139 ms [UE 39999] UL Throughput = 0.10081 Mbps
60139 ms [UE 50104] UL Throughput = 0.0 Mbps
60237 ms [UE 30040] UL Throughput = 0.0 Mbps
60237 ms [UE 35620] UL Throughput = 0.0 Mbps
60237 ms [UE 42234] UL Throughput = 0.11691 Mbps
60352 ms [UE 11372] UL Throughput = 0.20859 Mbps
60352 ms [UE 19074] UL Throughput = 0.12147 Mbps
60352 ms [UE 41045] UL Throughput = 0.0 Mbps
60419 ms [UE 12586] UL Throughput = 0.10858 Mbps
60419 ms [UE 41045] UL Throughput = 0.21667 Mbps
60507 ms [UE 19074] UL Throughput = 0.34668 Mbps
60507 ms [UE 42234] UL Throughput = 0.1761 Mbps
60629 ms [UE 12586] UL Throughput = 0.0 Mbps
60629 ms [UE 39999] UL Throughput = 0.0 Mbps
60629 ms [UE 41045] UL Throughput = 0.25739 Mbps
60743 ms [UE 30040] UL Throughput = 0.0 Mbps
60743 ms [UE 42234] UL Throughput = 0.0 Mbps
60815 ms [UE 30040] UL Throughput = 0.0 Mbps
60815 ms [UE 42234] UL Throughput = 0.20744 Mbps
60821 ms [UE 11372] UL Throughput = 0.0 Mbps
60821 ms [UE 19074] UL Throughput = 0.0 Mbps
60932 ms [UE 11372] UL Throughput = 0.0 Mbps
60932 ms [UE 19074] UL Throughput = 0.0 Mbps
61020 ms [UE 39999] UL Throughput = 0.26444 Mbps
61020 ms [UE 50104] UL Throughput = 0.31205 Mbps
61107 ms [UE 12586] UL Throughput = 0.0 Mbps
61107 ms [UE 41045] UL Throughput = 0.0 Mbps
61233 ms [UE 39999] UL Throughput = 0.0 Mbps
61233 ms [UE 42234] UL Throughput = 0.17791 Mbps
61233 ms [UE 50104] UL Throughput = 0.28977 Mbps
61345 ms [UE 42234] UL Throughput = 0.0 Mbps
61346 ms [UE 11372] UL Throughput = 0.30662 Mbps
61346 ms [UE 19074] UL Throughput = 0.30733 Mbps
61346 ms [UE 30040] UL Throughput = 0.30597 Mbps
61346 ms [UE 42234] UL Throughput = 0.0869 Mbps
61441 ms [UE 30040] UL Throughput = 0.32484 Mbps
61441 ms [UE 42234] UL Throughput = 0.2722 Mbps
61540 ms [UE 73211] UL Throughput = 0.0 Mbps
61650 ms [UE 11372] UL Throughput = 0.0 Mbps
61650 ms [UE 19074] UL Throughput = 0.07613 Mbps
61748 ms [UE 11372] UL Throughput = 0.0 Mbps
61748 ms [UE 19074] UL Throughput = 0.0 Mbps
61748 ms [UE 50104] UL Throughput = 0.0 Mbps
61868 ms [UE 11372] UL Throughput = 0.0 Mbps
61868 ms [UE 19074] UL Throughput = 0.14832 Mbps
61992 ms [UE 11372] UL Throughput = 0.156 Mbps
61992 ms [UE 19074] UL Throughput = 0.0 Mbps
61992 ms [UE 30040] UL Throughput = 0.0 Mbps
61992 ms [UE 42234] UL Throughput = 0.2539 Mbps
62071 ms [UE 12586] UL Throughput = 0.12842 Mbps
62071 ms [UE 41045] UL Throughput = 0.0 Mbps
62176 ms [UE 12586] UL Throughput = 0.21616 Mbps
62176 ms [UE 35620] UL Throughput = 0.20142 Mbps
62176 ms [UE 41045] UL Throughput = 0.0 Mbps
62176 ms [UE 73211] UL Throughput = 0.0 Mbps
62270 ms [UE 11372] UL Throughput = 0.0 Mbps
62270 ms [UE 19074] UL Throughput = 0.0 Mbps
62270 ms [UE 35620] UL Throughput = 0.0 Mbps
62387 ms [UE 39999] UL Throughput = 0.34832 Mbps
62478 ms [UE 50104] UL Throughput = 0.0 Mbps
62577 ms [UE 39999] UL Throughput = 0.0264 Mbps
62577 ms [UE 50104] UL Throughput = 0.0 Mbps
62668 ms [UE 30040] UL Throughput = 0.34463 Mbps
62668 ms [UE 42234] UL Throughput = 0.14077 Mbps
62750 ms [UE 41045] UL Throughput = 0.30433 Mbps
62808 ms [UE 35620] UL Throughput = 0.0 Mbps
62808 ms [UE 73211] UL Throughput = 0.0 Mbps
62810 ms [UE 11372] UL Throughput = 0.30791 Mbps
62810 ms [UE 19074] UL Throughput = 0.03276 Mbps
62905 ms [UE 12586] UL Throughput = 0.12664 Mbps
62905 ms [UE 41045] UL Throughput = 0.0 Mbps
62911 ms [UE 35620] UL Throughput = 0.0 Mbps
63025 ms [UE 30040] UL Throughput = 0.14449 Mbps
63025 ms [UE 42234] UL Throughput = 0.03224 Mbps
63026 ms [UE 11372] UL Throughput = 0.0 Mbps
63026 ms [UE 19074] UL Throughput = 0.0 Mbps
63151 ms [UE 30040] UL Throughput = 0.0 Mbps
63151 ms [UE 42234] UL Throughput = 0.0 Mbps
63282 ms [UE 35620] UL Throughput = 0.0 Mbps
63282 ms [UE 73211] UL Throughput = 0.05952 Mbps
63377 ms [UE 39999] UL Throughput = 0.0 Mbps
63377 ms [UE 50104] UL Throughput = 0.0 Mbps
63379 ms [UE 11372] UL Throughput = 0.22574 Mbps
63379 ms [UE 19074] UL Throughput = 0.0 Mbps
63379 ms [UE 50104] UL Throughput = 0.05532 Mbps
63381 ms [UE 11372] UL Throughput = 0.39104 Mbps
63381 ms [UE 19074] UL Throughput = 0.03215 Mbps
63483 ms [UE 12586] UL Throughput = 0.0 Mbps
63483 ms [UE 41045] UL Throughput = 0.10023 Mbps
63576 ms [UE 39999] UL Throughput = 0.0 Mbps
63576 ms [UE 50104] UL Throughput = 0.0 Mbps
63661 ms [UE 12586] UL Throughput = 0.0 Mbps
63661 ms [UE 41045] UL Throughput = 0.0 Mbps
63731 ms [UE 11372] UL Throughput = 0.0 Mbps
63731 ms [UE 19074] UL Throughput = 0.2105 Mbps
63731 ms [UE 39999] UL Throughput = 0.08125 Mbps
63731 ms [UE 50104] UL Throughput = 0.16224 Mbps
63853 ms [UE 35620] UL Throughput = 0.0 Mbps
63853 ms [UE 73211] UL Throughput = 0.0 Mbps
63939 ms [UE 30040] UL Throughput = 0.28602 Mbps
63939 ms [UE 42234] UL Throughput = 0.10542 Mbps
64033 ms [UE 50104] UL Throughput = 0.0 Mbps
64118 ms [UE 19074] UL Throughput = 0.13257 Mbps
64223 ms [UE 11372] UL Throughput = 0.0 Mbps
64223 ms [UE 19074] UL Throughput = 0.33465 Mbps
64223 ms [UE 35620] UL Throughput = 0.20927 Mbps
64223 ms [UE 73211] UL Throughput = 0.0 Mbps
64337 ms [UE 35620] UL Throughput = 0.27079 Mbps
64337 ms [UE 39999] UL Throughput = 0.0 Mbps
64337 ms [UE 73211] UL Throughput = 0.27672 Mbps
64421 ms [UE 35620] UL Throughput = 0.0 Mbps
64421 ms [UE 73211] UL Throughput = 0.0 Mbps
64561 ms [UE 39999] UL Throughput = 0.0 Mbps
64561 ms [UE 50104] UL Throughput = 0.0298 Mbps
64665 ms [UE 30040] UL Throughput = 0.1679 Mbps
64665 ms [UE 42234] UL Throughput = 0.12492 Mbps
64667 ms [UE 12586] UL Throughput = 0.09066 Mbps
64667 ms [UE 41045] UL Throughput = 0.28989 Mbps
64765 ms [UE 11372] UL Throughput = 0.09938 Mbps
64765 ms [UE 19074] UL Throughput = 0.0 Mbps
64861 ms [UE 11372] UL Throughput = 0.0 Mbps
64861 ms [UE 19074] UL Throughput = 0.23019 Mbps
64979 ms [UE 42234] UL Throughput = 0.0 Mbps
65065 ms [UE 30040] UL Throughput = 0.08609 Mbps
65065 ms [UE 39999] UL Throughput = 0.04888 Mbps
65065 ms [UE 42234] UL Throughput = 0.0 Mbps
65065 ms [UE 50104] UL Throughput = 0.19814 Mbps
65169 ms [UE 30040] UL Throughput = 0.0 Mbps
65169 ms [UE 35620] UL Throughput = 0.0 Mbps
65169 ms [UE 73211] UL Throughput = 0.0 Mbps
65262 ms [UE 12586] UL Throughput = 0.0 Mbps
65262 ms [UE 35620] UL Throughput = 0.09305 Mbps
65262 ms [UE 73211] UL Throughput = 0.0 Mbps
65354 ms [UE 35620] UL Throughput = 0.25913 Mbps
65354 ms [UE 73211] UL Throughput = 0.0824 Mbps
65451 ms [UE 12586] UL Throughput = 0.0 Mbps
65451 ms [UE 41045] UL Throughput = 0.0 Mbps
65451 ms [UE 73211] UL Throughput = 0.29356 Mbps
65528 ms [UE 19074] UL Throughput = 0.1386 Mbps
65528 ms [UE 30040] UL Throughput = 0.29494 Mbps
65626 ms [UE 12586] UL Throughput = 0.0 Mbps
65626 ms [UE 39999] UL Throughput = 0.0 Mbps
65626 ms [UE 41045] UL Throughput = 0.0 Mbps
65626 ms [UE 50104] UL Throughput = 0.27868 Mbps
65631 ms [UE 12586] UL Throughput = 0.0 Mbps
65631 ms [UE 41045] UL Throughput = 0.0 Mbps
65761 ms [UE 11372] UL Throughput = 0.36343 Mbps
65761 ms [UE 19074] UL Throughput = 0.0 Mbps
65861 ms [UE 35620] UL Throughput = 0.29232 Mbps
65861 ms [UE 50104] UL Throughput = 0.26941 Mbps
65861 ms [UE 73211] UL Throughput = 0.134 Mbps
65951 ms [UE 39999] UL Throughput = 0.0 Mbps
65951 ms [UE 50104] UL Throughput = 0.02849 Mbps
66069 ms [UE 30040] UL Throughput = 0.0 Mbps
66069 ms [UE 35620] UL Throughput = 0.24316 Mbps
66069 ms [UE 42234] UL Throughput = 0.0 Mbps
66069 ms [UE 73211] UL Throughput = 0.3299 Mbps
66158 ms [UE 30040] UL Throughput = 0.05059 Mbps
66158 ms [UE 42234] UL Throughput = 0.0 Mbps
66159 ms [UE 39999] UL Throughput = 0.0 Mbps
66159 ms [UE 50104] UL Throughput = 0.0 Mbps
66274 ms [UE 11372] UL Throughput = 0.0 Mbps
66274 ms [UE 19074] UL Throughput = 0.0 Mbps
66384 ms [UE 11372] UL Throughput = 0.0 Mbps
66384 ms [UE 19074] UL Throughput = 0.0 Mbps
66479 ms [UE 11372] UL Throughput = 0.0 Mbps
66480 ms [UE 12586] UL Throughput = 0.09113 Mbps
66480 ms [UE 35620] UL Throughput = 0.0 Mbps
66480 ms [UE 41045] UL Throughput = 0.26654 Mbps
66480 ms [UE 73211] UL Throughput = 0.0 Mbps
66580 ms [UE 73211] UL Throughput = 0.24862 Mbps
66682 ms [UE 30040] UL Throughput = 0.0 Mbps
66682 ms [UE 42234] UL Throughput = 0.27307 Mbps
66682 ms [UE 73211] UL Throughput = 0.0 Mbps
66800 ms [UE 35620] UL Throughput = 0.05993 Mbps
66891 ms [UE 35620] UL Throughput = 0.23297 Mbps
66891 ms [UE 73211] UL Throughput = 0.0 Mbps
66980 ms [UE 12586] UL Throughput = 0.2221 Mbps
66980 ms [UE 41045] UL Throughput = 0.0 Mbps
67070 ms [UE 30040] UL Throughput = 0.0 Mbps
67070 ms [UE 35620] UL Throughput = 0.0 Mbps
67070 ms [UE 42234] UL Throughput = 0.29938 Mbps
67070 ms [UE 73211] UL Throughput = 0.0 Mbps
67178 ms [UE 12586] UL Throughput = 0.08759 Mbps
67178 ms [UE 41045] UL Throughput = 0.0244 Mbps
67280 ms [UE 35620] UL Throughput = 0.0 Mbps
67280 ms [UE 73211] UL Throughput = 0.31281 Mbps
67372 ms [UE 12586] UL Throughput = 0.0 Mbps
67372 ms [UE 30040] UL Throughput = 0.0 Mbps
67468 ms [UE 39999] UL Throughput = 0.3077 Mbps
67468 ms [UE 50104] UL Throughput = 0.19083 Mbps
67562 ms [UE 12586] UL Throughput = 0.19325 Mbps
67562 ms [UE 35620] UL Throughput = 0.18677 Mbps
67562 ms [UE 41045] UL Throughput = 0.0 Mbps
67562 ms [UE 73211] UL Throughput = 0.0 Mbps
67565 ms [UE 35620] UL Throughput = 0.28092 Mbps
67565 ms [UE 41045] UL Throughput = 0.22902 Mbps
67565 ms [UE 73211] UL Throughput = 0.3039 Mbps
67668 ms [UE 12586] UL Throughput = 0.0 Mbps
67668 ms [UE 41045] UL Throughput = 0.0 Mbps
67755 ms [UE 11372] UL Throughput = 0.07883 Mbps
67755 ms [UE 19074] UL Throughput = 0.13197 Mbps
67755 ms [UE 35620] UL Throughput = 0.0 Mbps
67856 ms [UE 30040] UL Throughput = 0.0 Mbps
67856 ms [UE 42234] UL Throughput = 0.0 Mbps
67965 ms [UE 39999] UL Throughput = 0.02807 Mbps
67965 ms [UE 50104] UL Throughput = 0.11378 Mbps
68076 ms [UE 12586] UL Throughput = 0.0 Mbps
68076 ms [UE 19074] UL Throughput = 0.3305 Mbps
68076 ms [UE 41045] UL Throughput = 0.3181 Mbps
68149 ms [UE 11372] UL Throughput = 0.0 Mbps
68149 ms [UE 19074] UL Throughput = 0.16548 Mbps
68149 ms [UE 39999] UL Throughput = 0.0 Mbps
68149 ms [UE 50104] UL Throughput = 0.0 Mbps
68244 ms [UE 11372] UL Throughput = 0.0 Mbps
68244 ms [UE 19074] UL Throughput = 0.0 Mbps
68244 ms [UE 35620] UL Throughput = 0.0 Mbps
68244 ms [UE 73211] UL Throughput = 0.0 Mbps
68344 ms [UE 50104] UL Throughput = 0.0 Mbps
68445 ms [UE 12586] UL Throughput = 0.0 Mbps
68527 ms [UE 11372] UL Throughput = 0.0 Mbps
68527 ms [UE 19074] UL Throughput = 0.02712 Mbps
68533 ms [UE 39999] UL Throughput = 0.0 Mbps
68533 ms [UE 50104] UL Throughput = 0.0 Mbps
68533 ms [UE 73211] UL Throughput = 0.0 Mbps
68633 ms [UE 11372] UL Throughput = 0.30039 Mbps
68633 ms [UE 19074] UL Throughput = 0.0 Mbps
68633 ms [UE 30040] UL Throughput = 0.20737 Mbps
68633 ms [UE 42234] UL Throughput = 0.0 Mbps
68742 ms [UE 39999] UL Throughput = 0.31685 Mbps
68742 ms [UE 50104] UL Throughput = 0.0 Mbps
68852 ms [UE 12586] UL Throughput = 0.0 Mbps
68852 ms [UE 41045] UL Throughput = 0.0 Mbps
68981 ms [UE 39999] UL Throughput = 0.23071 Mbps
68981 ms [UE 50104] UL Throughput = 0.12943 Mbps
69073 ms [UE 35620] UL Throughput = 0.0 Mbps
69073 ms [UE 73211] UL Throughput = 0.0 Mbps
69196 ms [UE 39999] UL Throughput = 0.31247 Mbps
69196 ms [UE 50104] UL Throughput = 0.0 Mbps
69199 ms [UE 35620] UL Throughput = 0.11645 Mbps
69199 ms [UE 73211] UL Throughput = 0.0 Mbps
69303 ms [UE 12586] UL Throughput = 0.13551 Mbps
69303 ms [UE 41045] UL Throughput = 0.26791 Mbps
69309 ms [UE 30040] UL Throughput = 0.0 Mbps
69309 ms [UE 39999] UL Throughput = 0.24988 Mbps
69309 ms [UE 50104] UL Throughput = 0.19048 Mbps
69406 ms [UE 11372] UL Throughput = 0.29144 Mbps
69406 ms [UE 19074] UL Throughput = 0.2631 Mbps
69407 ms [UE 35620] UL Throughput = 0.2527 Mbps
69407 ms [UE 73211] UL Throughput = 0.0 Mbps
69504 ms [UE 11372] UL Throughput = 0.0 Mbps
69504 ms [UE 19074] UL Throughput = 0.0 Mbps
69609 ms [UE 73211] UL Throughput = 0.0 Mbps
69728 ms [UE 35620] UL Throughput = 0.0 Mbps
69728 ms [UE 73211] UL Throughput = 0.2397 Mbps
69733 ms [UE 12586] UL Throughput = 0.0 Mbps
69844 ms [UE 11372] UL Throughput = 0.0 Mbps
69844 ms [UE 19074] UL Throughput = 0.0 Mbps
69844 ms [UE 39999] UL Throughput = 0.0 Mbps
69844 ms [UE 50104] UL Throughput = 0.0 Mbps
69967 ms [UE 35620] UL Throughput = 0.0 Mbps
69967 ms [UE 73211] UL Throughput = 0.0 Mbps
69968 ms [UE 30040] UL Throughput = 0.20646 Mbps
69968 ms [UE 42234] UL Throughput = 0.0 Mbps
70078 ms [UE 35620] UL Throughput = 0.0 Mbps
70078 ms [UE 73211] UL Throughput = 0.0 Mbps
70083 ms [UE 30040] UL Throughput = 0.0 Mbps
70083 ms [UE 35620] UL Throughput = 0.17417 Mbps
70083 ms [UE 42234] UL Throughput = 0.0 Mbps
70083 ms [UE 73211] UL Throughput = 0.0 Mbps
70181 ms [UE 11372] UL Throughput = 0.09485 Mbps
70181 ms [UE 19074] UL Throughput = 0.0 Mbps
70181 ms [UE 30040] UL Throughput = 0.33184 Mbps
70181 ms [UE 42234] UL Throughput = 0.0 Mbps
70298 ms [UE 39999] UL Throughput = 0.0 Mbps
70298 ms [UE 50104] UL Throughput = 0.0 Mbps
70407 ms [UE 12586] UL Throughput = 0.0 Mbps
70407 ms [UE 41045] UL Throughput = 0.0 Mbps
70503 ms [UE 30040] UL Throughput = 0.0 Mbps
70503 ms [UE 42234] UL Throughput = 0.0 Mbps
70584 ms [UE 11372] UL Throughput = 0.0 Mbps
70680 ms [UE 30040] UL Throughput = 0.0 Mbps
70680 ms [UE 35620] UL Throughput = 0.0 Mbps
70680 ms [UE 42234] UL Throughput = 0.0 Mbps
70680 ms [UE 73211] UL Throughput = 0.0 Mbps
70766 ms [UE 12586] UL Throughput = 0.0 Mbps
70766 ms [UE 35620] UL Throughput = 0.0 Mbps
70766 ms [UE 41045] UL Throughput = 0.0 Mbps
70767 ms [UE 12586] UL Throughput = 0.0 Mbps
70767 ms [UE 41045] UL Throughput = 0.0 Mbps
70879 ms [UE 39999] UL Throughput = 0.18313 Mbps
70879 ms [UE 50104] UL Throughput = 0.0 Mbps
70955 ms [UE 12586] UL Throughput = 0.15276 Mbps
70955 ms [UE 41045] UL Throughput = 0.0 Mbps
70959 ms [UE 11372] UL Throughput = 0.0 Mbps
70959 ms [UE 12586] UL Throughput = 0.0 Mbps
70959 ms [UE 19074] UL Throughput = 0.0 Mbps
70959 ms [UE 41045] UL Throughput = 0.0 Mbps
71072 ms [UE 35620] UL Throughput = 0.0 Mbps
71072 ms [UE 73211] UL Throughput = 0.0 Mbps
71182 ms [UE 35620] UL Throughput = 0.27301 Mbps
71182 ms [UE 39999] UL Throughput = 0.2283 Mbps
71182 ms [UE 50104] UL Throughput = 0.29292 Mbps
71182 ms [UE 73211] UL Throughput = 0.0 Mbps
71265 ms [UE 11372] UL Throughput = 0.27045 Mbps
71358 ms [UE 12586] UL Throughput = 0.0 Mbps
71358 ms [UE 41045] UL Throughput = 0.32633 Mbps
71441 ms [UE 12586] UL Throughput = 0.21823 Mbps
71441 ms [UE 30040] UL Throughput = 0.05908 Mbps
71441 ms [UE 41045] UL Throughput = 0.0 Mbps
71441 ms [UE 42234] UL Throughput = 0.03285 Mbps
71525 ms [UE 11372] UL Throughput = 0.14077 Mbps
71525 ms [UE 19074] UL Throughput = 0.0 Mbps
71529 ms [UE 30040] UL Throughput = 0.0 Mbps
71529 ms [UE 35620] UL Throughput = 0.0 Mbps
71529 ms [UE 42234] UL Throughput = 0.0 Mbps
71529 ms [UE 73211] UL Throughput = 0.0 Mbps
71640 ms [UE 30040] UL Throughput = 0.0 Mbps
71640 ms [UE 42234] UL Throughput = 0.17926 Mbps
71735 ms [UE 11372] UL Throughput = 0.15788 Mbps
71735 ms [UE 19074] UL Throughput = 0.0 Mbps
71817 ms [UE 39999] UL Throughput = 0.14092 Mbps
71911 ms [UE 11372] UL Throughput = 0.0 Mbps
71911 ms [UE 12586] UL Throughput = 0.0 Mbps
71911 ms [UE 19074] UL Throughput = 0.02573 Mbps
71911 ms [UE 41045] UL Throughput = 0.0 Mbps
72010 ms [UE 11372] UL Throughput = 0.0 Mbps
72010 ms [UE 19074] UL Throughput = 0.16202 Mbps
72011 ms [UE 12586] UL Throughput = 0.32635 Mbps
72011 ms [UE 41045] UL Throughput = 0.10754 Mbps
72107 ms [UE 35620] UL Throughput = 0.06388 Mbps
72107 ms [UE 73211] UL Throughput = 0.0 Mbps
72183 ms [UE 35620] UL Throughput = 0.0 Mbps
72183 ms [UE 73211] UL Throughput = 0.0 Mbps
72281 ms [UE 39999] UL Throughput = 0.0 Mbps
72281 ms [UE 50104] UL Throughput = 0.04476 Mbps
72373 ms [UE 11372] UL Throughput = 0.14916 Mbps
72373 ms [UE 19074] UL Throughput = 0.0 Mbps
72477 ms [UE 12586] UL Throughput = 0.33306 Mbps
72477 ms [UE 39999] UL Throughput = 0.0 Mbps
72477 ms [UE 50104] UL Throughput = 0.0 Mbps
72483 ms [UE 30040] UL Throughput = 0.23277 Mbps
72483 ms [UE 35620] UL Throughput = 0.0 Mbps
72483 ms [UE 42234] UL Throughput = 0.02337 Mbps
72483 ms [UE 73211] UL Throughput = 0.0 Mbps
72585 ms [UE 30040] UL Throughput = 0.37484 Mbps
72585 ms [UE 42234] UL Throughput = 0.0 Mbps
72672 ms [UE 12586] UL Throughput = 0.348 Mbps
72672 ms [UE 41045] UL Throughput = 0.16435 Mbps
72678 ms [UE 35620] UL Throughput = 0.0 Mbps
72678 ms [UE 73211] UL Throughput = 0.26182 Mbps
72789 ms [UE 35620] UL Throughput = 0.0 Mbps
72789 ms [UE 73211] UL Throughput = 0.0 Mbps
72892 ms [UE 30040] UL Throughput = 0.0 Mbps
72892 ms [UE 39999] UL Throughput = 0.0 Mbps
72892 ms [UE 42234] UL Throughput = 0.0 Mbps
72892 ms [UE 50104] UL Throughput = 0.27203 Mbps
72898 ms [UE 30040] UL Throughput = 0.0 Mbps
72904 ms [UE 11372] UL Throughput = 0.03823 Mbps
72904 ms [UE 19074] UL Throughput = 0.0 Mbps
73048 ms [UE 30040] UL Throughput = 0.2335 Mbps
73048 ms [UE 42234] UL Throughput = 0.0 Mbps
73196 ms [UE 11372] UL Throughput = 0.0 Mbps
73196 ms [UE 19074] UL Throughput = 0.22789 Mbps
73196 ms [UE 39999] UL Throughput = 0.24981 Mbps
73305 ms [UE 19074] UL Throughput = 0.05977 Mbps
73396 ms [UE 39999] UL Throughput = 0.26347 Mbps
73396 ms [UE 50104] UL Throughput = 0.18364 Mbps
73485 ms [UE 11372] UL Throughput = 0.0 Mbps
73485 ms [UE 19074] UL Throughput = 0.0 Mbps
73603 ms [UE 11372] UL Throughput = 0.13119 Mbps
73603 ms [UE 19074] UL Throughput = 0.29491 Mbps
73700 ms [UE 11372] UL Throughput = 0.02253 Mbps
73700 ms [UE 19074] UL Throughput = 0.0 Mbps
73706 ms [UE 11372] UL Throughput = 0.11133 Mbps
73706 ms [UE 30040] UL Throughput = 0.0 Mbps
73706 ms [UE 42234] UL Throughput = 0.0 Mbps
73836 ms [UE 39999] UL Throughput = 0.0 Mbps
73836 ms [UE 50104] UL Throughput = 0.0 Mbps
73940 ms [UE 11372] UL Throughput = 0.20672 Mbps
73940 ms [UE 19074] UL Throughput = 0.0 Mbps
73988 ms [UE 30040] UL Throughput = 0.0 Mbps
73988 ms [UE 42234] UL Throughput = 0.12872 Mbps
73991 ms [UE 35620] UL Throughput = 0.07968 Mbps
73991 ms [UE 73211] UL Throughput = 0.0 Mbps
73992 ms [UE 30040] UL Throughput = 0.0 Mbps
73992 ms [UE 42234] UL Throughput = 0.0 Mbps
74069 ms [UE 19074] UL Throughput = 0.0 Mbps
74069 ms [UE 30040] UL Throughput = 0.0 Mbps
74069 ms [UE 42234] UL Throughput = 0.15992 Mbps
74072 ms [UE 11372] UL Throughput = 0.13946 Mbps
74072 ms [UE 12586] UL Throughput = 0.0 Mbps
74072 ms [UE 19074] UL Throughput = 0.34468 Mbps
74072 ms [UE 41045] UL Throughput = 0.0 Mbps
74074 ms [UE 11372] UL Throughput = 0.0 Mbps
74074 ms [UE 19074] UL Throughput = 0.0 Mbps
74172 ms [UE 12586] UL Throughput = 0.22671 Mbps
74172 ms [UE 41045] UL Throughput = 0.25784 Mbps
74267 ms [UE 39999] UL Throughput = 0.0 Mbps
74267 ms [UE 50104] UL Throughput = 0.0 Mbps
74374 ms [UE 12586] UL Throughput = 0.0 Mbps
74374 ms [UE 41045] UL Throughput = 0.32449 Mbps
74490 ms [UE 30040] UL Throughput = 0.34485 Mbps
74490 ms [UE 39999] UL Throughput = 0.0 Mbps
74490 ms [UE 42234] UL Throughput = 0.0 Mbps
74490 ms [UE 50104] UL Throughput = 0.33869 Mbps
74496 ms [UE 11372] UL Throughput = 0.0886 Mbps
74496 ms [UE 19074] UL Throughput = 0.0 Mbps
74499 ms [UE 30040] UL Throughput = 0.0 Mbps
74499 ms [UE 42234] UL Throughput = 0.0 Mbps
74589 ms [UE 11372] UL Throughput = 0.0 Mbps
74589 ms [UE 19074] UL Throughput = 0.03142 Mbps
74686 ms [UE 12586] UL Throughput = 0.0 Mbps
74686 ms [UE 41045] UL Throughput = 0.0 Mbps
74784 ms [UE 11372] UL Throughput = 0.29625 Mbps
74784 ms [UE 12586] UL Throughput = 0.20639 Mbps
74784 ms [UE 19074] UL Throughput = 0.29771 Mbps
74784 ms [UE 41045] UL Throughput = 0.31428 Mbps
74864 ms [UE 11372] UL Throughput = 0.0 Mbps
74864 ms [UE 19074] UL Throughput = 0.0 Mbps
74870 ms [UE 11372] UL Throughput = 0.03833 Mbps
74870 ms [UE 19074] UL Throughput = 0.0 Mbps
74968 ms [UE 30040] UL Throughput = 0.2044 Mbps
74968 ms [UE 42234] UL Throughput = 0.13476 Mbps
74971 ms [UE 30040] UL Throughput = 0.0 Mbps
74971 ms [UE 42234] UL Throughput = 0.23252 Mbps
75072 ms [UE 12586] UL Throughput = 0.0 Mbps
75072 ms [UE 41045] UL Throughput = 0.0 Mbps
75187 ms [UE 35620] UL Throughput = 0.30288 Mbps
75187 ms [UE 73211] UL Throughput = 0.25245 Mbps
75298 ms [UE 11372] UL Throughput = 0.0246 Mbps
75298 ms [UE 19074] UL Throughput = 0.0 Mbps
75298 ms [UE 39999] UL Throughput = 0.34921 Mbps
75298 ms [UE 50104] UL Throughput = 0.0 Mbps
75403 ms [UE 35620] UL Throughput = 0.223 Mbps
75403 ms [UE 73211] UL Throughput = 0.0 Mbps
75503 ms [UE 12586] UL Throughput = 0.0 Mbps
75503 ms [UE 41045] UL Throughput = 0.29644 Mbps
75509 ms [UE 39999] UL Throughput = 0.0 Mbps
75509 ms [UE 50104] UL Throughput = 0.05359 Mbps
75618 ms [UE 35620] UL Throughput = 0.0 Mbps
75618 ms [UE 73211] UL Throughput = 0.0 Mbps
75724 ms [UE 12586] UL Throughput = 0.14772 Mbps
75724 ms [UE 41045] UL Throughput = 0.0 Mbps
75833 ms [UE 11372] UL Throughput = 0.1756 Mbps
75833 ms [UE 19074] UL Throughput = 0.13875 Mbps
75833 ms [UE 73211] UL Throughput = 0.0 Mbps
75934 ms [UE 11372] UL Throughput = 0.03834 Mbps
75934 ms [UE 19074] UL Throughput = 0.08403 Mbps
75934 ms [UE 39999] UL Throughput = 0.19876 Mbps
75934 ms [UE 50104] UL Throughput = 0.22079 Mbps
76034 ms [UE 11372] UL Throughput = 0.30214 Mbps
76036 ms [UE 30040] UL Throughput = 0.0 Mbps
76036 ms [UE 42234] UL Throughput = 0.14045 Mbps
76122 ms [UE 35620] UL Throughput = 0.0 Mbps
76128 ms [UE 12586] UL Throughput = 0.12093 Mbps
76128 ms [UE 41045] UL Throughput = 0.0839 Mbps
76234 ms [UE 30040] UL Throughput = 0.07398 Mbps
76234 ms [UE 42234] UL Throughput = 0.0 Mbps
76338 ms [UE 35620] UL Throughput = 0.0 Mbps
76338 ms [UE 73211] UL Throughput = 0.12935 Mbps
76452 ms [UE 30040] UL Throughput = 0.13601 Mbps
76452 ms [UE 42234] UL Throughput = 0.32851 Mbps
76533 ms [UE 12586] UL Throughput = 0.0 Mbps
76533 ms [UE 35620] UL Throughput = 0.2464 Mbps
76533 ms [UE 41045] UL Throughput = 0.0 Mbps
76533 ms [UE 73211] UL Throughput = 0.27202 Mbps
76632 ms [UE 11372] UL Throughput = 0.0 Mbps
76632 ms [UE 19074] UL Throughput = 0.0 Mbps
76632 ms [UE 50104] UL Throughput = 0.34879 Mbps
76735 ms [UE 35620] UL Throughput = 0.0 Mbps
76735 ms [UE 39999] UL Throughput = 0.0 Mbps
76844 ms [UE 12586] UL Throughput = 0.0 Mbps
76844 ms [UE 35620] UL Throughput = 0.0 Mbps
76844 ms [UE 41045] UL Throughput = 0.26189 Mbps
76844 ms [UE 73211] UL Throughput = 0.0 Mbps
76956 ms [UE 11372] UL Throughput = 0.0 Mbps
76956 ms [UE 19074] UL Throughput = 0.15864 Mbps
76956 ms [UE 42234] UL Throughput = 0.27744 Mbps
76961 ms [UE 35620] UL Throughput = 0.33499 Mbps
76961 ms [UE 73211] UL Throughput = 0.0 Mbps
76962 ms [UE 41045] UL Throughput = 0.0 Mbps
77059 ms [UE 39999] UL Throughput = 0.14722 Mbps
77059 ms [UE 50104] UL Throughput = 0.41411 Mbps
77185 ms [UE 39999] UL Throughput = 0.02214 Mbps
77185 ms [UE 50104] UL Throughput = 0.22057 Mbps
77285 ms [UE 12586] UL Throughput = 0.0 Mbps
77285 ms [UE 39999] UL Throughput = 0.0 Mbps
77285 ms [UE 41045] UL Throughput = 0.13256 Mbps
77285 ms [UE 50104] UL Throughput = 0.27262 Mbps
77358 ms [UE 39999] UL Throughput = 0.20858 Mbps
77438 ms [UE 35620] UL Throughput = 0.27243 Mbps
77438 ms [UE 73211] UL Throughput = 0.0 Mbps
77488 ms [UE 12586] UL Throughput = 0.07058 Mbps
77488 ms [UE 41045] UL Throughput = 0.0 Mbps
77612 ms [UE 35620] UL Throughput = 0.06667 Mbps
77612 ms [UE 73211] UL Throughput = 0.15249 Mbps
77710 ms [UE 11372] UL Throughput = 0.0 Mbps
77710 ms [UE 19074] UL Throughput = 0.27735 Mbps
77791 ms [UE 11372] UL Throughput = 0.0 Mbps
77791 ms [UE 19074] UL Throughput = 0.0 Mbps
77897 ms [UE 35620] UL Throughput = 0.0 Mbps
77897 ms [UE 73211] UL Throughput = 0.0 Mbps
78018 ms [UE 11372] UL Throughput = 0.0 Mbps
78018 ms [UE 12586] UL Throughput = 0.13805 Mbps
78018 ms [UE 19074] UL Throughput = 0.14429 Mbps
78018 ms [UE 41045] UL Throughput = 0.0 Mbps
78105 ms [UE 39999] UL Throughput = 0.0 Mbps
78105 ms [UE 50104] UL Throughput = 0.0 Mbps
78215 ms [UE 12586] UL Throughput = 0.0 Mbps
78215 ms [UE 41045] UL Throughput = 0.04912 Mbps
78337 ms [UE 11372] UL Throughput = 0.0 Mbps
78337 ms [UE 12586] UL Throughput = 0.04728 Mbps
78337 ms [UE 19074] UL Throughput = 0.0 Mbps
78337 ms [UE 41045] UL Throughput = 0.02205 Mbps
78422 ms [UE 35620] UL Throughput = 0.0 Mbps
78422 ms [UE 39999] UL Throughput = 0.33377 Mbps
78422 ms [UE 73211] UL Throughput = 0.0 Mbps
78552 ms [UE 19074] UL Throughput = 0.0 Mbps
78652 ms [UE 30040] UL Throughput = 0.0 Mbps
78652 ms [UE 42234] UL Throughput = 0.27235 Mbps
78748 ms [UE 11372] UL Throughput = 0.10996 Mbps
78748 ms [UE 19074] UL Throughput = 0.0 Mbps
78750 ms [UE 35620] UL Throughput = 0.0 Mbps
78750 ms [UE 39999] UL Throughput = 0.0 Mbps
78750 ms [UE 50104] UL Throughput = 0.0 Mbps
78750 ms [UE 73211] UL Throughput = 0.0 Mbps
78842 ms [UE 11372] UL Throughput = 0.21838 Mbps
78842 ms [UE 19074] UL Throughput = 0.0 Mbps
78924 ms [UE 30040] UL Throughput = 0.0 Mbps
78924 ms [UE 42234] UL Throughput = 0.06758 Mbps
79018 ms [UE 11372] UL Throughput = 0.0 Mbps
79018 ms [UE 19074] UL Throughput = 0.0 Mbps
79018 ms [UE 50104] UL Throughput = 0.26501 Mbps
79133 ms [UE 35620] UL Throughput = 0.21311 Mbps
79133 ms [UE 73211] UL Throughput = 0.0 Mbps
79272 ms [UE 35620] UL Throughput = 0.07008 Mbps
79272 ms [UE 73211] UL Throughput = 0.31517 Mbps
79367 ms [UE 35620] UL Throughput = 0.27782 Mbps
79475 ms [UE 30040] UL Throughput = 0.0 Mbps
79475 ms [UE 35620] UL Throughput = 0.0 Mbps
79475 ms [UE 42234] UL Throughput = 0.0 Mbps
79475 ms [UE 73211] UL Throughput = 0.0 Mbps
79562 ms [UE 12586] UL Throughput = 0.0 Mbps
79562 ms [UE 41045] UL Throughput = 0.30561 Mbps
79647 ms [UE 12586] UL Throughput = 0.0 Mbps
79647 ms [UE 41045] UL Throughput = 0.0 Mbps
79647 ms [UE 42234] UL Throughput = 0.39232 Mbps
79751 ms [UE 30040] UL Throughput = 0.0 Mbps
79751 ms [UE 42234] UL Throughput = 0.0 Mbps
79847 ms [UE 35620] UL Throughput = 0.25847 Mbps
79847 ms [UE 41045] UL Throughput = 0.0 Mbps
79847 ms [UE 73211] UL Throughput = 0.0 Mbps
79939 ms [UE 11372] UL Throughput = 0.0 Mbps
79939 ms [UE 19074] UL Throughput = 0.1644 Mbps
79939 ms [UE 41045] UL Throughput = 0.0 Mbps
80036 ms [UE 35620] UL Throughput = 0.30699 Mbps
80036 ms [UE 73211] UL Throughput = 0.0 Mbps
80140 ms [UE 35620] UL Throughput = 0.0 Mbps
80140 ms [UE 73211] UL Throughput = 0.0 Mbps
80144 ms [UE 39999] UL Throughput = 0.0 Mbps
80144 ms [UE 50104] UL Throughput = 0.21847 Mbps
80147 ms [UE 12586] UL Throughput = 0.16187 Mbps
80147 ms [UE 41045] UL Throughput = 0.0 Mbps
80241 ms [UE 41045] UL Throughput = 0.0 Mbps
80356 ms [UE 30040] UL Throughput = 0.0 Mbps
80356 ms [UE 42234] UL Throughput = 0.0 Mbps
80456 ms [UE 11372] UL Throughput = 0.24281 Mbps
80456 ms [UE 19074] UL Throughput = 0.10859 Mbps
80456 ms [UE 42234] UL Throughput = 0.28322 Mbps
80548 ms [UE 39999] UL Throughput = 0.23893 Mbps
80548 ms [UE 50104] UL Throughput = 0.02012 Mbps
80644 ms [UE 35620] UL Throughput = 0.30602 Mbps
80644 ms [UE 73211] UL Throughput = 0.02106 Mbps
80746 ms [UE 30040] UL Throughput = 0.0 Mbps
80746 ms [UE 42234] UL Throughput = 0.03809 Mbps
80749 ms [UE 30040] UL Throughput = 0.02573 Mbps
80749 ms [UE 42234] UL Throughput = 0.32774 Mbps
80849 ms [UE 35620] UL Throughput = 0.0 Mbps
80849 ms [UE 39999] UL Throughput = 0.20956 Mbps
80849 ms [UE 50104] UL Throughput = 0.39593 Mbps
80849 ms [UE 73211] UL Throughput = 0.0 Mbps
80972 ms [UE 35620] UL Throughput = 0.06236 Mbps
80972 ms [UE 73211] UL Throughput = 0.0 Mbps
81079 ms [UE 19074] UL Throughput = 0.0 Mbps
81079 ms [UE 35620] UL Throughput = 0.0 Mbps
81079 ms [UE 73211] UL Throughput = 0.0 Mbps
81192 ms [UE 35620] UL Throughput = 0.0 Mbps
81192 ms [UE 39999] UL Throughput = 0.15897 Mbps
81192 ms [UE 50104] UL Throughput = 0.0 Mbps
81192 ms [UE 73211] UL Throughput = 0.0 Mbps
81299 ms [UE 19074] UL Throughput = 0.0 Mbps
81299 ms [UE 39999] UL Throughput = 0.09083 Mbps
81399 ms [UE 19074] UL Throughput = 0.20487 Mbps
81399 ms [UE 42234] UL Throughput = 0.27722 Mbps
81481 ms [UE 11372] UL Throughput = 0.0 Mbps
81481 ms [UE 19074] UL Throughput = 0.0 Mbps
81608 ms [UE 35620] UL Throughput = 0.30856 Mbps
81608 ms [UE 39999] UL Throughput = 0.27 Mbps
81608 ms [UE 50104] UL Throughput = 0.0 Mbps
81608 ms [UE 73211] UL Throughput = 0.0 Mbps
81688 ms [UE 12586] UL Throughput = 0.09613 Mbps
81688 ms [UE 41045] UL Throughput = 0.0 Mbps
81691 ms [UE 30040] UL Throughput = 0.0 Mbps
81691 ms [UE 42234] UL Throughput = 0.03195 Mbps
81771 ms [UE 35620] UL Throughput = 0.33703 Mbps
81771 ms [UE 73211] UL Throughput = 0.3168 Mbps
81886 ms [UE 12586] UL Throughput = 0.0 Mbps
81886 ms [UE 35620] UL Throughput = 0.0 Mbps
81886 ms [UE 41045] UL Throughput = 0.0 Mbps
81886 ms [UE 73211] UL Throughput = 0.04659 Mbps
81991 ms [UE 11372] UL Throughput = 0.151 Mbps
81991 ms [UE 19074] UL Throughput = 0.0 Mbps
82082 ms [UE 19074] UL Throughput = 0.0 Mbps
82156 ms [UE 30040] UL Throughput = 0.12988 Mbps
82156 ms [UE 42234] UL Throughput = 0.31714 Mbps
82241 ms [UE 35620] UL Throughput = 0.28592 Mbps
82241 ms [UE 73211] UL Throughput = 0.03845 Mbps
82320 ms [UE 39999] UL Throughput = 0.0 Mbps
82320 ms [UE 50104] UL Throughput = 0.31916 Mbps
82429 ms [UE 39999] UL Throughput = 0.0 Mbps
82429 ms [UE 50104] UL Throughput = 0.0 Mbps
82435 ms [UE 35620] UL Throughput = 0.16877 Mbps
82435 ms [UE 73211] UL Throughput = 0.0 Mbps
82440 ms [UE 11372] UL Throughput = 0.03391 Mbps
82440 ms [UE 19074] UL Throughput = 0.0 Mbps
82562 ms [UE 30040] UL Throughput = 0.0 Mbps
82562 ms [UE 35620] UL Throughput = 0.06173 Mbps
82562 ms [UE 42234] UL Throughput = 0.30837 Mbps
82562 ms [UE 73211] UL Throughput = 0.23154 Mbps
82647 ms [UE 12586] UL Throughput = 0.0 Mbps
82647 ms [UE 30040] UL Throughput = 0.0 Mbps
82647 ms [UE 41045] UL Throughput = 0.0 Mbps
82647 ms [UE 42234] UL Throughput = 0.0 Mbps
82772 ms [UE 30040] UL Throughput = 0.0 Mbps
82772 ms [UE 42234] UL Throughput = 0.17939 Mbps
82842 ms [UE 35620] UL Throughput = 0.0 Mbps
82929 ms [UE 12586] UL Throughput = 0.0 Mbps
82929 ms [UE 39999] UL Throughput = 0.0 Mbps
82929 ms [UE 41045] UL Throughput = 0.0 Mbps
82929 ms [UE 50104] UL Throughput = 0.10882 Mbps
83044 ms [UE 30040] UL Throughput = 0.02406 Mbps
83044 ms [UE 39999] UL Throughput = 0.09808 Mbps
83044 ms [UE 42234] UL Throughput = 0.2242 Mbps
83044 ms [UE 50104] UL Throughput = 0.2811 Mbps
83047 ms [UE 35620] UL Throughput = 0.0 Mbps
83052 ms [UE 30040] UL Throughput = 0.0 Mbps
83052 ms [UE 35620] UL Throughput = 0.21148 Mbps
83052 ms [UE 42234] UL Throughput = 0.0 Mbps
83052 ms [UE 73211] UL Throughput = 0.0 Mbps
83058 ms [UE 35620] UL Throughput = 0.19498 Mbps
83058 ms [UE 73211] UL Throughput = 0.13407 Mbps
83171 ms [UE 39999] UL Throughput = 0.07559 Mbps
83171 ms [UE 50104] UL Throughput = 0.0 Mbps
83171 ms [UE 73211] UL Throughput = 0.0 Mbps
83273 ms [UE 19074] UL Throughput = 0.0 Mbps
83273 ms [UE 50104] UL Throughput = 0.0 Mbps
83354 ms [UE 11372] UL Throughput = 0.28402 Mbps
83354 ms [UE 19074] UL Throughput = 0.10735 Mbps
83354 ms [UE 35620] UL Throughput = 0.08746 Mbps
83354 ms [UE 73211] UL Throughput = 0.20416 Mbps
83359 ms [UE 41045] UL Throughput = 0.30118 Mbps
83363 ms [UE 30040] UL Throughput = 0.14519 Mbps
83363 ms [UE 39999] UL Throughput = 0.0 Mbps
83363 ms [UE 50104] UL Throughput = 0.23027 Mbps
83365 ms [UE 19074] UL Throughput = 0.0 Mbps
83369 ms [UE 12586] UL Throughput = 0.0 Mbps
83369 ms [UE 41045] UL Throughput = 0.22098 Mbps
83435 ms [UE 50104] UL Throughput = 0.20907 Mbps
83534 ms [UE 30040] UL Throughput = 0.0 Mbps
83534 ms [UE 42234] UL Throughput = 0.20826 Mbps
83612 ms [UE 12586] UL Throughput = 0.0 Mbps
83612 ms [UE 35620] UL Throughput = 0.36191 Mbps
83612 ms [UE 41045] UL Throughput = 0.0 Mbps
83612 ms [UE 73211] UL Throughput = 0.05777 Mbps
83715 ms [UE 11372] UL Throughput = 0.0 Mbps
83715 ms [UE 19074] UL Throughput = 0.0 Mbps
83817 ms [UE 39999] UL Throughput = 0.0 Mbps
83817 ms [UE 50104] UL Throughput = 0.13385 Mbps
83920 ms [UE 19074] UL Throughput = 0.09904 Mbps
83920 ms [UE 41045] UL Throughput = 0.0 Mbps
84017 ms [UE 35620] UL Throughput = 0.08789 Mbps
84017 ms [UE 73211] UL Throughput = 0.0 Mbps
84129 ms [UE 11372] UL Throughput = 0.23969 Mbps
84129 ms [UE 19074] UL Throughput = 0.10229 Mbps
84129 ms [UE 30040] UL Throughput = 0.18523 Mbps
84129 ms [UE 42234] UL Throughput = 0.0 Mbps
84209 ms [UE 11372] UL Throughput = 0.28426 Mbps
84209 ms [UE 19074] UL Throughput = 0.11444 Mbps
84317 ms [UE 12586] UL Throughput = 0.24885 Mbps
84317 ms [UE 41045] UL Throughput = 0.0 Mbps
84318 ms [UE 30040] UL Throughput = 0.24634 Mbps
84318 ms [UE 42234] UL Throughput = 0.0 Mbps
84429 ms [UE 30040] UL Throughput = 0.12944 Mbps
84429 ms [UE 42234] UL Throughput = 0.0 Mbps
84525 ms [UE 12586] UL Throughput = 0.26486 Mbps
84525 ms [UE 39999] UL Throughput = 0.05156 Mbps
84525 ms [UE 41045] UL Throughput = 0.11639 Mbps
84525 ms [UE 50104] UL Throughput = 0.0 Mbps
84613 ms [UE 30040] UL Throughput = 0.0 Mbps
84613 ms [UE 42234] UL Throughput = 0.0 Mbps
84673 ms [UE 35620] UL Throughput = 0.0 Mbps
84673 ms [UE 73211] UL Throughput = 0.0 Mbps
84769 ms [UE 35620] UL Throughput = 0.33859 Mbps
84769 ms [UE 39999] UL Throughput = 0.0 Mbps
84769 ms [UE 50104] UL Throughput = 0.24242 Mbps
84769 ms [UE 73211] UL Throughput = 0.0 Mbps
84850 ms [UE 11372] UL Throughput = 0.0 Mbps
84850 ms [UE 19074] UL Throughput = 0.0 Mbps
84954 ms [UE 35620] UL Throughput = 0.0 Mbps
84954 ms [UE 73211] UL Throughput = 0.27025 Mbps
85057 ms [UE 11372] UL Throughput = 0.0 Mbps
85057 ms [UE 19074] UL Throughput = 0.0 Mbps
85057 ms [UE 35620] UL Throughput = 0.0 Mbps
85057 ms [UE 73211] UL Throughput = 0.28962 Mbps
85140 ms [UE 39999] UL Throughput = 0.15112 Mbps
85140 ms [UE 50104] UL Throughput = 0.2711 Mbps
85235 ms [UE 35620] UL Throughput = 0.0 Mbps
85235 ms [UE 73211] UL Throughput = 0.21031 Mbps
85369 ms [UE 35620] UL Throughput = 0.04397 Mbps
85369 ms [UE 39999] UL Throughput = 0.0 Mbps
85369 ms [UE 50104] UL Throughput = 0.0 Mbps
85369 ms [UE 73211] UL Throughput = 0.09481 Mbps
85483 ms [UE 35620] UL Throughput = 0.05813 Mbps
85483 ms [UE 73211] UL Throughput = 0.0 Mbps
85618 ms [UE 35620] UL Throughput = 0.0 Mbps
85618 ms [UE 73211] UL Throughput = 0.2801 Mbps
85622 ms [UE 30040] UL Throughput = 0.0 Mbps
85622 ms [UE 39999] UL Throughput = 0.32475 Mbps
85622 ms [UE 42234] UL Throughput = 0.0 Mbps
85622 ms [UE 50104] UL Throughput = 0.1517 Mbps
85720 ms [UE 35620] UL Throughput = 0.04649 Mbps
85720 ms [UE 39999] UL Throughput = 0.28323 Mbps
85720 ms [UE 50104] UL Throughput = 0.0 Mbps
85720 ms [UE 73211] UL Throughput = 0.24194 Mbps
85810 ms [UE 30040] UL Throughput = 0.0 Mbps
85810 ms [UE 42234] UL Throughput = 0.07001 Mbps
85913 ms [UE 11372] UL Throughput = 0.29588 Mbps
85913 ms [UE 19074] UL Throughput = 0.0 Mbps
86003 ms [UE 11372] UL Throughput = 0.0 Mbps
86003 ms [UE 19074] UL Throughput = 0.30056 Mbps
86003 ms [UE 35620] UL Throughput = 0.16876 Mbps
86003 ms [UE 73211] UL Throughput = 0.0 Mbps
86120 ms [UE 11372] UL Throughput = 0.0 Mbps
86120 ms [UE 19074] UL Throughput = 0.0 Mbps
86121 ms [UE 50104] UL Throughput = 0.0 Mbps
86251 ms [UE 73211] UL Throughput = 0.0 Mbps
86255 ms [UE 73211] UL Throughput = 0.10567 Mbps
86259 ms [UE 11372] UL Throughput = 0.15509 Mbps
86259 ms [UE 39999] UL Throughput = 0.0 Mbps
86259 ms [UE 50104] UL Throughput = 0.35193 Mbps
86371 ms [UE 11372] UL Throughput = 0.13488 Mbps
86371 ms [UE 19074] UL Throughput = 0.0 Mbps
86373 ms [UE 12586] UL Throughput = 0.0 Mbps
86471 ms [UE 12586] UL Throughput = 0.0 Mbps
86471 ms [UE 39999] UL Throughput = 0.0 Mbps
86471 ms [UE 41045] UL Throughput = 0.0 Mbps
86471 ms [UE 50104] UL Throughput = 0.0 Mbps
86571 ms [UE 30040] UL Throughput = 0.0 Mbps
86571 ms [UE 42234] UL Throughput = 0.0 Mbps
86672 ms [UE 73211] UL Throughput = 0.25843 Mbps
86742 ms [UE 39999] UL Throughput = 0.30073 Mbps
86742 ms [UE 50104] UL Throughput = 0.33045 Mbps
86745 ms [UE 39999] UL Throughput = 0.0 Mbps
86745 ms [UE 50104] UL Throughput = 0.0 Mbps
86837 ms [UE 35620] UL Throughput = 0.33432 Mbps
86837 ms [UE 73211] UL Throughput = 0.0 Mbps
86935 ms [UE 39999] UL Throughput = 0.0 Mbps
86935 ms [UE 41045] UL Throughput = 0.21963 Mbps
86935 ms [UE 50104] UL Throughput = 0.0 Mbps
87032 ms [UE 11372] UL Throughput = 0.0 Mbps
87032 ms [UE 19074] UL Throughput = 0.23775 Mbps
87127 ms [UE 30040] UL Throughput = 0.0 Mbps
87127 ms [UE 42234] UL Throughput = 0.0 Mbps
87210 ms [UE 11372] UL Throughput = 0.04282 Mbps
87210 ms [UE 12586] UL Throughput = 0.0 Mbps
87210 ms [UE 19074] UL Throughput = 0.0 Mbps
87210 ms [UE 41045] UL Throughput = 0.0 Mbps
87308 ms [UE 30040] UL Throughput = 0.10565 Mbps
87308 ms [UE 39999] UL Throughput = 0.0 Mbps
87308 ms [UE 42234] UL Throughput = 0.23151 Mbps
87308 ms [UE 50104] UL Throughput = 0.21402 Mbps
87426 ms [UE 39999] UL Throughput = 0.0 Mbps
87426 ms [UE 50104] UL Throughput = 0.0 Mbps
87432 ms [UE 11372] UL Throughput = 0.27842 Mbps
87432 ms [UE 19074] UL Throughput = 0.15143 Mbps
87432 ms [UE 35620] UL Throughput = 0.0 Mbps
87432 ms [UE 73211] UL Throughput = 0.17971 Mbps
87436 ms [UE 35620] UL Throughput = 0.0 Mbps
87436 ms [UE 73211] UL Throughput = 0.0 Mbps
87543 ms [UE 12586] UL Throughput = 0.23008 Mbps
87543 ms [UE 30040] UL Throughput = 0.05947 Mbps
87543 ms [UE 41045] UL Throughput = 0.17471 Mbps
87543 ms [UE 42234] UL Throughput = 0.08933 Mbps
87625 ms [UE 11372] UL Throughput = 0.0 Mbps
87627 ms [UE 12586] UL Throughput = 0.0 Mbps
87627 ms [UE 35620] UL Throughput = 0.0 Mbps
87627 ms [UE 41045] UL Throughput = 0.09952 Mbps
87729 ms [UE 35620] UL Throughput = 0.0 Mbps
87729 ms [UE 73211] UL Throughput = 0.08154 Mbps
87733 ms [UE 39999] UL Throughput = 0.28517 Mbps
87733 ms [UE 50104] UL Throughput = 0.0 Mbps
87848 ms [UE 12586] UL Throughput = 0.0 Mbps
87848 ms [UE 41045] UL Throughput = 0.0 Mbps
87947 ms [UE 12586] UL Throughput = 0.11146 Mbps
87947 ms [UE 35620] UL Throughput = 0.0 Mbps
87947 ms [UE 41045] UL Throughput = 0.0 Mbps
87947 ms [UE 73211] UL Throughput = 0.0 Mbps
87949 ms [UE 39999] UL Throughput = 0.0 Mbps
87949 ms [UE 50104] UL Throughput = 0.08711 Mbps
88044 ms [UE 12586] UL Throughput = 0.2746 Mbps
88044 ms [UE 41045] UL Throughput = 0.07101 Mbps
88160 ms [UE 12586] UL Throughput = 0.1493 Mbps
88160 ms [UE 39999] UL Throughput = 0.0 Mbps
88160 ms [UE 41045] UL Throughput = 0.06996 Mbps
88160 ms [UE 50104] UL Throughput = 0.0 Mbps
88268 ms [UE 30040] UL Throughput = 0.33597 Mbps
88268 ms [UE 39999] UL Throughput = 0.1487 Mbps
88268 ms [UE 42234] UL Throughput = 0.39256 Mbps
88268 ms [UE 50104] UL Throughput = 0.0 Mbps
88369 ms [UE 35620] UL Throughput = 0.0 Mbps
88369 ms [UE 73211] UL Throughput = 0.0 Mbps
88473 ms [UE 11372] UL Throughput = 0.2998 Mbps
88473 ms [UE 19074] UL Throughput = 0.0 Mbps
88542 ms [UE 12586] UL Throughput = 0.12869 Mbps
88542 ms [UE 35620] UL Throughput = 0.0 Mbps
88542 ms [UE 73211] UL Throughput = 0.12473 Mbps
88640 ms [UE 11372] UL Throughput = 0.35605 Mbps
88640 ms [UE 19074] UL Throughput = 0.0 Mbps
88640 ms [UE 30040] UL Throughput = 0.20323 Mbps
88640 ms [UE 42234] UL Throughput = 0.16563 Mbps
88751 ms [UE 35620] UL Throughput = 0.21731 Mbps
88751 ms [UE 73211] UL Throughput = 0.0 Mbps
88840 ms [UE 30040] UL Throughput = 0.0 Mbps
88840 ms [UE 42234] UL Throughput = 0.16868 Mbps
88932 ms [UE 11372] UL Throughput = 0.0 Mbps
88932 ms [UE 12586] UL Throughput = 0.0 Mbps
88932 ms [UE 19074] UL Throughput = 0.133 Mbps
88932 ms [UE 41045] UL Throughput = 0.0 Mbps
89037 ms [UE 11372] UL Throughput = 0.29281 Mbps
89037 ms [UE 19074] UL Throughput = 0.17012 Mbps
89037 ms [UE 39999] UL Throughput = 0.0 Mbps
89037 ms [UE 50104] UL Throughput = 0.0 Mbps
89142 ms [UE 11372] UL Throughput = 0.0 Mbps
89142 ms [UE 19074] UL Throughput = 0.0 Mbps
89142 ms [UE 30040] UL Throughput = 0.13471 Mbps
89142 ms [UE 42234] UL Throughput = 0.403 Mbps
89215 ms [UE 30040] UL Throughput = 0.32377 Mbps
89215 ms [UE 42234] UL Throughput = 0.0 Mbps
89215 ms [UE 73211] UL Throughput = 0.24657 Mbps
89301 ms [UE 11372] UL Throughput = 0.0 Mbps
89301 ms [UE 19074] UL Throughput = 0.0 Mbps
89392 ms [UE 35620] UL Throughput = 0.0 Mbps
89392 ms [UE 73211] UL Throughput = 0.0 Mbps
89483 ms [UE 39999] UL Throughput = 0.0 Mbps
89483 ms [UE 50104] UL Throughput = 0.14838 Mbps
89485 ms [UE 12586] UL Throughput = 0.17923 Mbps
89485 ms [UE 30040] UL Throughput = 0.0 Mbps
89485 ms [UE 41045] UL Throughput = 0.0 Mbps
89485 ms [UE 42234] UL Throughput = 0.0 Mbps
89580 ms [UE 12586] UL Throughput = 0.0 Mbps
89580 ms [UE 41045] UL Throughput = 0.0 Mbps
89672 ms [UE 39999] UL Throughput = 0.0 Mbps
89672 ms [UE 50104] UL Throughput = 0.0 Mbps
89781 ms [UE 39999] UL Throughput = 0.0 Mbps
89781 ms [UE 50104] UL Throughput = 0.0 Mbps
89887 ms [UE 35620] UL Throughput = 0.0 Mbps
89887 ms [UE 73211] UL Throughput = 0.0 Mbps
89890 ms [UE 11372] UL Throughput = 0.0 Mbps
89891 ms [UE 11372] UL Throughput = 0.21455 Mbps
89891 ms [UE 19074] UL Throughput = 0.0 Mbps
