[UTIL]: Setting the config -c file to /usr/local/etc/flexric/flexric.conf
[UTIL]: Setting path -p for the shared libraries to /usr/local/lib/flexric/
[xAapp]: Initializing ... 
[xApp]: nearRT-RIC IP Address = 192.168.70.150, PORT = 36422
[E2 AGENT]: Opening plugin from path = /usr/local/lib/flexric/libkpm_sm.so 
[E2 AGENT]: Opening plugin from path = /usr/local/lib/flexric/libmac_sm.so 
[E2 AGENT]: Opening plugin from path = /usr/local/lib/flexric/libpdcp_sm.so 
[E2 AGENT]: Opening plugin from path = /usr/local/lib/flexric/libgtp_sm.so 
[E2 AGENT]: Opening plugin from path = /usr/local/lib/flexric/librc_sm.so 
[E2 AGENT]: Opening plugin from path = /usr/local/lib/flexric/libtc_sm.so 
[E2 AGENT]: Opening plugin from path = /usr/local/lib/flexric/librlc_sm.so 
[E2 AGENT]: Opening plugin from path = /usr/local/lib/flexric/libslice_sm.so 
[NEAR-RIC]: Loading SM ID = 2 with def = ORAN-E2SM-KPM 
[NEAR-RIC]: Loading SM ID = 142 with def = MAC_STATS_V0 
[NEAR-RIC]: Loading SM ID = 144 with def = PDCP_STATS_V0 
[NEAR-RIC]: Loading SM ID = 148 with def = GTP_STATS_V0 
[NEAR-RIC]: Loading SM ID = 3 with def = ORAN-E2SM-RC 
[NEAR-RIC]: Loading SM ID = 146 with def = TC_STATS_V0 
[NEAR-RIC]: Loading SM ID = 143 with def = RLC_STATS_V0 
[NEAR-RIC]: Loading SM ID = 145 with def = SLICE_STATS_V0 
[xApp]: DB filename = /tmp/flexric/xapp_db 
 [xApp]: E42 SETUP-REQUEST tx
[xApp]: E42 SETUP-RESPONSE rx 
[xApp]: xApp ID = 8 
[xApp]: Registered E2 Nodes = 4 
Connected E2 nodes = 4
[xAPP] Registered node 0 ran func id = 2 
[xAPP] Registered node 0 ran func id = 3 
[xAPP] Registered node 0 ran func id = 142 
[xAPP] Registered node 0 ran func id = 143 
[xAPP] Registered node 0 ran func id = 144 
[xAPP] Registered node 0 ran func id = 145 
[xAPP] Registered node 0 ran func id = 146 
[xAPP] Registered node 0 ran func id = 148 
[xAPP] CU or CUUP, don't do anything
[xAPP] Registered node 1 ran func id = 2 
[xAPP] Registered node 1 ran func id = 3 
[xAPP] Registered node 1 ran func id = 142 
[xAPP] Registered node 1 ran func id = 143 
[xAPP] Registered node 1 ran func id = 144 
[xAPP] Registered node 1 ran func id = 145 
[xAPP] Registered node 1 ran func id = 146 
[xAPP] Registered node 1 ran func id = 148 
[xAPP] Registered node 2 ran func id = 2 
[xAPP] Registered node 2 ran func id = 3 
[xAPP] Registered node 2 ran func id = 142 
[xAPP] Registered node 2 ran func id = 143 
[xAPP] Registered node 2 ran func id = 144 
[xAPP] Registered node 2 ran func id = 145 
[xAPP] Registered node 2 ran func id = 146 
[xAPP] Registered node 2 ran func id = 148 
[xApp] DU detected
[xApp]: E42 RIC SUBSCRIPTION REQUEST tx RAN_FUNC_ID 142 RIC_REQ_ID 1 
[xApp]: SUBSCRIPTION RESPONSE rx
[xApp]: Successfully subscribed to RAN_FUNC_ID 142 
[xAPP] Registered node 3 ran func id = 2 
[xAPP] Registered node 3 ran func id = 3 
[xAPP] Registered node 3 ran func id = 142 
[xAPP] Registered node 3 ran func id = 143 
[xAPP] Registered node 3 ran func id = 144 
[xAPP] Registered node 3 ran func id = 145 
[xAPP] Registered node 3 ran func id = 146 
[xAPP] Registered node 3 ran func id = 148 
[xApp] DU detected
[xApp]: E42 RIC SUBSCRIPTION REQUEST tx RAN_FUNC_ID 142 RIC_REQ_ID 2 
[xApp]: SUBSCRIPTION RESPONSE rx
[xApp]: Successfully subscribed to RAN_FUNC_ID 142 
[   15 ms] [UE 54141] UL: SNR = 63.50 dB | SE = 20.778 bit/s/Hz
[   15 ms] [UE 14002] UL: SNR = 49.50 dB | SE = 16.197 bit/s/Hz
[   15 ms] [UE 55839] UL: SNR = 53.50 dB | SE = 17.506 bit/s/Hz
[   15 ms] [UE 47098] UL: SNR = 47.50 dB | SE = 15.542 bit/s/Hz
[   15 ms] [UE 46443] UL: SNR = 61.00 dB | SE = 19.960 bit/s/Hz
[   15 ms] [UE 40142] UL: SNR = 58.00 dB | SE = 18.978 bit/s/Hz
[   15 ms] [UE 1171] UL: SNR = 55.00 dB | SE = 17.997 bit/s/Hz
[   15 ms] [UE 59499] UL: SNR = 53.50 dB | SE = 17.506 bit/s/Hz
[   15 ms] [UE 8279] UL: SNR = 53.50 dB | SE = 17.506 bit/s/Hz
[   15 ms] [UE 12524] UL: SNR = 56.50 dB | SE = 18.487 bit/s/Hz
[   17 ms] [UE 14608] UL: SNR = 63.00 dB | SE = 20.614 bit/s/Hz
[   17 ms] [UE 54487] UL: SNR = 51.50 dB | SE = 16.851 bit/s/Hz
[   17 ms] [UE 2959] UL: SNR = 34.00 dB | SE = 11.126 bit/s/Hz
[   17 ms] [UE 14350] UL: SNR = 63.50 dB | SE = 20.778 bit/s/Hz
[   17 ms] [UE 9290] UL: SNR = 7.00 dB | SE = 2.549 bit/s/Hz
[   17 ms] [UE 60232] UL: SNR = 35.50 dB | SE = 11.616 bit/s/Hz
[   17 ms] [UE 37624] UL: SNR = 52.50 dB | SE = 17.179 bit/s/Hz
[   17 ms] [UE 18432] UL: SNR = 63.50 dB | SE = 20.778 bit/s/Hz
[   17 ms] [UE 55143] UL: SNR = 63.00 dB | SE = 20.614 bit/s/Hz
[   17 ms] [UE 55862] UL: SNR = 46.50 dB | SE = 15.215 bit/s/Hz
[   17 ms] [UE 62817] UL: SNR = 51.00 dB | SE = 16.688 bit/s/Hz
[   17 ms] [UE 5257] UL: SNR = 47.00 dB | SE = 15.379 bit/s/Hz
[ 1017 ms] [UE 14608] UL: SNR = 63.50 dB | SE = 20.778 bit/s/Hz
[ 1017 ms] [UE 54487] UL: SNR = 51.50 dB | SE = 16.851 bit/s/Hz
[ 1017 ms] [UE 2959] UL: SNR = 34.00 dB | SE = 11.126 bit/s/Hz
[ 1017 ms] [UE 14350] UL: SNR = 55.00 dB | SE = 17.997 bit/s/Hz
[ 1017 ms] [UE 9290] UL: SNR = 7.00 dB | SE = 2.549 bit/s/Hz
[ 1017 ms] [UE 60232] UL: SNR = 35.50 dB | SE = 11.616 bit/s/Hz
[ 1017 ms] [UE 37624] UL: SNR = 52.50 dB | SE = 17.179 bit/s/Hz
[ 1017 ms] [UE 18432] UL: SNR = 57.00 dB | SE = 18.651 bit/s/Hz
[ 1017 ms] [UE 55143] UL: SNR = 63.50 dB | SE = 20.778 bit/s/Hz
[ 1017 ms] [UE 55862] UL: SNR = 58.00 dB | SE = 18.978 bit/s/Hz
[ 1017 ms] [UE 62817] UL: SNR = 60.50 dB | SE = 19.796 bit/s/Hz
[ 1017 ms] [UE 5257] UL: SNR = 58.00 dB | SE = 18.978 bit/s/Hz
[ 1024 ms] [UE 54141] UL: SNR = 63.50 dB | SE = 20.778 bit/s/Hz
[ 1024 ms] [UE 14002] UL: SNR = 49.50 dB | SE = 16.197 bit/s/Hz
[ 1024 ms] [UE 55839] UL: SNR = 53.50 dB | SE = 17.506 bit/s/Hz
[ 1024 ms] [UE 47098] UL: SNR = 47.50 dB | SE = 15.542 bit/s/Hz
[ 1024 ms] [UE 46443] UL: SNR = 61.00 dB | SE = 19.960 bit/s/Hz
[ 1024 ms] [UE 40142] UL: SNR = 58.00 dB | SE = 18.978 bit/s/Hz
[ 1024 ms] [UE 1171] UL: SNR = 55.00 dB | SE = 17.997 bit/s/Hz
[ 1024 ms] [UE 59499] UL: SNR = 63.50 dB | SE = 20.778 bit/s/Hz
[ 1024 ms] [UE 8279] UL: SNR = 53.50 dB | SE = 17.506 bit/s/Hz
[ 1024 ms] [UE 12524] UL: SNR = 56.50 dB | SE = 18.487 bit/s/Hz
[ 2027 ms] [UE 14608] UL: SNR = 63.50 dB | SE = 20.778 bit/s/Hz
[ 2027 ms] [UE 54487] UL: SNR = 51.50 dB | SE = 16.851 bit/s/Hz
[ 2027 ms] [UE 2959] UL: SNR = 34.00 dB | SE = 11.126 bit/s/Hz
[ 2027 ms] [UE 14350] UL: SNR = 55.00 dB | SE = 17.997 bit/s/Hz
[ 2027 ms] [UE 9290] UL: SNR = 7.00 dB | SE = 2.549 bit/s/Hz
[ 2027 ms] [UE 60232] UL: SNR = 35.50 dB | SE = 11.616 bit/s/Hz
[ 2027 ms] [UE 37624] UL: SNR = 52.50 dB | SE = 17.179 bit/s/Hz
[ 2027 ms] [UE 18432] UL: SNR = 57.00 dB | SE = 18.651 bit/s/Hz
[ 2027 ms] [UE 55143] UL: SNR = 63.50 dB | SE = 20.778 bit/s/Hz
[ 2027 ms] [UE 55862] UL: SNR = 58.00 dB | SE = 18.978 bit/s/Hz
[ 2027 ms] [UE 62817] UL: SNR = 60.50 dB | SE = 19.796 bit/s/Hz
[ 2027 ms] [UE 5257] UL: SNR = 58.00 dB | SE = 18.978 bit/s/Hz
[ 2036 ms] [UE 54141] UL: SNR = 63.50 dB | SE = 20.778 bit/s/Hz
[ 2036 ms] [UE 14002] UL: SNR = 49.50 dB | SE = 16.197 bit/s/Hz
[ 2036 ms] [UE 55839] UL: SNR = 53.50 dB | SE = 17.506 bit/s/Hz
[ 2036 ms] [UE 47098] UL: SNR = 47.50 dB | SE = 15.542 bit/s/Hz
[ 2036 ms] [UE 46443] UL: SNR = 61.00 dB | SE = 19.960 bit/s/Hz
[ 2036 ms] [UE 40142] UL: SNR = 58.00 dB | SE = 18.978 bit/s/Hz
[ 2036 ms] [UE 1171] UL: SNR = 55.00 dB | SE = 17.997 bit/s/Hz
[ 2036 ms] [UE 59499] UL: SNR = 63.50 dB | SE = 20.778 bit/s/Hz
[ 2036 ms] [UE 8279] UL: SNR = 53.50 dB | SE = 17.506 bit/s/Hz
[ 2036 ms] [UE 12524] UL: SNR = 56.50 dB | SE = 18.487 bit/s/Hz
[ 3037 ms] [UE 14608] UL: SNR = 63.50 dB | SE = 20.778 bit/s/Hz
[ 3037 ms] [UE 54487] UL: SNR = 63.50 dB | SE = 20.778 bit/s/Hz
[ 3037 ms] [UE 2959] UL: SNR = 34.00 dB | SE = 11.126 bit/s/Hz
[ 3037 ms] [UE 14350] UL: SNR = 63.50 dB | SE = 20.778 bit/s/Hz
[ 3037 ms] [UE 9290] UL: SNR = 7.00 dB | SE = 2.549 bit/s/Hz
[ 3037 ms] [UE 60232] UL: SNR = 35.50 dB | SE = 11.616 bit/s/Hz
[ 3037 ms] [UE 37624] UL: SNR = 63.50 dB | SE = 20.778 bit/s/Hz
[ 3037 ms] [UE 18432] UL: SNR = 57.00 dB | SE = 18.651 bit/s/Hz
[ 3037 ms] [UE 55143] UL: SNR = 63.50 dB | SE = 20.778 bit/s/Hz
[ 3037 ms] [UE 55862] UL: SNR = 63.50 dB | SE = 20.778 bit/s/Hz
[ 3037 ms] [UE 62817] UL: SNR = 60.50 dB | SE = 19.796 bit/s/Hz
[ 3037 ms] [UE 5257] UL: SNR = 63.50 dB | SE = 20.778 bit/s/Hz
[ 3044 ms] [UE 54141] UL: SNR = 63.50 dB | SE = 20.778 bit/s/Hz
[ 3044 ms] [UE 14002] UL: SNR = 49.50 dB | SE = 16.197 bit/s/Hz
[ 3044 ms] [UE 55839] UL: SNR = 53.50 dB | SE = 17.506 bit/s/Hz
[ 3044 ms] [UE 47098] UL: SNR = 47.50 dB | SE = 15.542 bit/s/Hz
[ 3044 ms] [UE 46443] UL: SNR = 61.00 dB | SE = 19.960 bit/s/Hz
[ 3044 ms] [UE 40142] UL: SNR = 58.00 dB | SE = 18.978 bit/s/Hz
[ 3044 ms] [UE 1171] UL: SNR = 55.00 dB | SE = 17.997 bit/s/Hz
[ 3044 ms] [UE 59499] UL: SNR = 63.50 dB | SE = 20.778 bit/s/Hz
[ 3044 ms] [UE 8279] UL: SNR = 53.50 dB | SE = 17.506 bit/s/Hz
[ 3044 ms] [UE 12524] UL: SNR = 56.50 dB | SE = 18.487 bit/s/Hz
[ 4037 ms] [UE 14608] UL: SNR = 58.50 dB | SE = 19.142 bit/s/Hz
[ 4037 ms] [UE 54487] UL: SNR = 63.50 dB | SE = 20.778 bit/s/Hz
[ 4037 ms] [UE 2959] UL: SNR = 34.00 dB | SE = 11.126 bit/s/Hz
[ 4037 ms] [UE 14350] UL: SNR = 58.50 dB | SE = 19.142 bit/s/Hz
[ 4037 ms] [UE 9290] UL: SNR = 7.00 dB | SE = 2.549 bit/s/Hz
[ 4037 ms] [UE 60232] UL: SNR = 35.50 dB | SE = 11.616 bit/s/Hz
[ 4037 ms] [UE 37624] UL: SNR = 61.00 dB | SE = 19.960 bit/s/Hz
[ 4037 ms] [UE 18432] UL: SNR = 63.50 dB | SE = 20.778 bit/s/Hz
[ 4037 ms] [UE 55143] UL: SNR = 63.50 dB | SE = 20.778 bit/s/Hz
[ 4037 ms] [UE 55862] UL: SNR = 63.50 dB | SE = 20.778 bit/s/Hz
[ 4037 ms] [UE 62817] UL: SNR = 63.50 dB | SE = 20.778 bit/s/Hz
[ 4037 ms] [UE 5257] UL: SNR = 63.50 dB | SE = 20.778 bit/s/Hz
[ 4044 ms] [UE 54141] UL: SNR = 63.50 dB | SE = 20.778 bit/s/Hz
[ 4044 ms] [UE 14002] UL: SNR = 49.50 dB | SE = 16.197 bit/s/Hz
[ 4044 ms] [UE 55839] UL: SNR = 53.50 dB | SE = 17.506 bit/s/Hz
[ 4044 ms] [UE 47098] UL: SNR = 47.50 dB | SE = 15.542 bit/s/Hz
[ 4044 ms] [UE 46443] UL: SNR = 61.00 dB | SE = 19.960 bit/s/Hz
[ 4044 ms] [UE 40142] UL: SNR = 58.00 dB | SE = 18.978 bit/s/Hz
[ 4044 ms] [UE 1171] UL: SNR = 55.00 dB | SE = 17.997 bit/s/Hz
[ 4044 ms] [UE 59499] UL: SNR = 63.50 dB | SE = 20.778 bit/s/Hz
[ 4044 ms] [UE 8279] UL: SNR = 53.50 dB | SE = 17.506 bit/s/Hz
[ 4044 ms] [UE 12524] UL: SNR = 56.50 dB | SE = 18.487 bit/s/Hz
[ 5037 ms] [UE 14608] UL: SNR = 58.50 dB | SE = 19.142 bit/s/Hz
[ 5037 ms] [UE 54487] UL: SNR = 63.50 dB | SE = 20.778 bit/s/Hz
[ 5037 ms] [UE 2959] UL: SNR = 34.00 dB | SE = 11.126 bit/s/Hz
[ 5037 ms] [UE 14350] UL: SNR = 58.50 dB | SE = 19.142 bit/s/Hz
[ 5037 ms] [UE 9290] UL: SNR = 7.00 dB | SE = 2.549 bit/s/Hz
[ 5037 ms] [UE 60232] UL: SNR = 35.50 dB | SE = 11.616 bit/s/Hz
[ 5037 ms] [UE 37624] UL: SNR = 63.50 dB | SE = 20.778 bit/s/Hz
[ 5037 ms] [UE 18432] UL: SNR = 63.50 dB | SE = 20.778 bit/s/Hz
[ 5037 ms] [UE 55143] UL: SNR = 63.50 dB | SE = 20.778 bit/s/Hz
[ 5037 ms] [UE 55862] UL: SNR = 63.50 dB | SE = 20.778 bit/s/Hz
[ 5037 ms] [UE 62817] UL: SNR = 63.50 dB | SE = 20.778 bit/s/Hz
[ 5037 ms] [UE 5257] UL: SNR = 63.50 dB | SE = 20.778 bit/s/Hz
[ 5056 ms] [UE 54141] UL: SNR = 63.50 dB | SE = 20.778 bit/s/Hz
[ 5056 ms] [UE 14002] UL: SNR = 49.50 dB | SE = 16.197 bit/s/Hz
[ 5056 ms] [UE 55839] UL: SNR = 53.50 dB | SE = 17.506 bit/s/Hz
[ 5056 ms] [UE 47098] UL: SNR = 47.50 dB | SE = 15.542 bit/s/Hz
[ 5056 ms] [UE 46443] UL: SNR = 61.00 dB | SE = 19.960 bit/s/Hz
[ 5056 ms] [UE 40142] UL: SNR = 58.00 dB | SE = 18.978 bit/s/Hz
[ 5056 ms] [UE 1171] UL: SNR = 55.00 dB | SE = 17.997 bit/s/Hz
[ 5056 ms] [UE 59499] UL: SNR = 63.50 dB | SE = 20.778 bit/s/Hz
[ 5056 ms] [UE 8279] UL: SNR = 53.50 dB | SE = 17.506 bit/s/Hz
[ 5056 ms] [UE 12524] UL: SNR = 56.50 dB | SE = 18.487 bit/s/Hz
[ 6047 ms] [UE 14608] UL: SNR = 58.50 dB | SE = 19.142 bit/s/Hz
[ 6047 ms] [UE 54487] UL: SNR = 63.50 dB | SE = 20.778 bit/s/Hz
[ 6047 ms] [UE 2959] UL: SNR = 34.00 dB | SE = 11.126 bit/s/Hz
[ 6047 ms] [UE 14350] UL: SNR = 58.50 dB | SE = 19.142 bit/s/Hz
[ 6047 ms] [UE 9290] UL: SNR = 7.00 dB | SE = 2.549 bit/s/Hz
[ 6047 ms] [UE 60232] UL: SNR = 35.50 dB | SE = 11.616 bit/s/Hz
[ 6047 ms] [UE 37624] UL: SNR = 63.50 dB | SE = 20.778 bit/s/Hz
[ 6047 ms] [UE 18432] UL: SNR = 63.50 dB | SE = 20.778 bit/s/Hz
[ 6047 ms] [UE 55143] UL: SNR = 63.50 dB | SE = 20.778 bit/s/Hz
[ 6047 ms] [UE 55862] UL: SNR = 63.50 dB | SE = 20.778 bit/s/Hz
[ 6047 ms] [UE 62817] UL: SNR = 63.50 dB | SE = 20.778 bit/s/Hz
[ 6047 ms] [UE 5257] UL: SNR = 63.50 dB | SE = 20.778 bit/s/Hz
[ 6064 ms] [UE 54141] UL: SNR = 63.50 dB | SE = 20.778 bit/s/Hz
[ 6064 ms] [UE 14002] UL: SNR = 59.00 dB | SE = 19.305 bit/s/Hz
[ 6064 ms] [UE 55839] UL: SNR = 60.00 dB | SE = 19.633 bit/s/Hz
[ 6064 ms] [UE 47098] UL: SNR = 47.50 dB | SE = 15.542 bit/s/Hz
[ 6064 ms] [UE 46443] UL: SNR = 61.00 dB | SE = 19.960 bit/s/Hz
[ 6064 ms] [UE 40142] UL: SNR = 58.00 dB | SE = 18.978 bit/s/Hz
[ 6064 ms] [UE 1171] UL: SNR = 55.00 dB | SE = 17.997 bit/s/Hz
[ 6064 ms] [UE 59499] UL: SNR = 63.50 dB | SE = 20.778 bit/s/Hz
[ 6064 ms] [UE 8279] UL: SNR = 53.50 dB | SE = 17.506 bit/s/Hz
[ 6064 ms] [UE 12524] UL: SNR = 56.50 dB | SE = 18.487 bit/s/Hz
[ 7047 ms] [UE 14608] UL: SNR = 58.50 dB | SE = 19.142 bit/s/Hz
[ 7047 ms] [UE 54487] UL: SNR = 55.50 dB | SE = 18.160 bit/s/Hz
[ 7047 ms] [UE 2959] UL: SNR = 34.00 dB | SE = 11.126 bit/s/Hz
[ 7047 ms] [UE 14350] UL: SNR = 54.50 dB | SE = 17.833 bit/s/Hz
[ 7047 ms] [UE 9290] UL: SNR = 7.00 dB | SE = 2.549 bit/s/Hz
[ 7047 ms] [UE 60232] UL: SNR = 35.50 dB | SE = 11.616 bit/s/Hz
[ 7047 ms] [UE 37624] UL: SNR = 54.00 dB | SE = 17.669 bit/s/Hz
[ 7047 ms] [UE 18432] UL: SNR = 63.50 dB | SE = 20.778 bit/s/Hz
[ 7047 ms] [UE 55143] UL: SNR = 61.50 dB | SE = 20.123 bit/s/Hz
[ 7047 ms] [UE 55862] UL: SNR = 43.00 dB | SE = 14.070 bit/s/Hz
[ 7047 ms] [UE 62817] UL: SNR = 63.50 dB | SE = 20.778 bit/s/Hz
[ 7047 ms] [UE 5257] UL: SNR = 47.00 dB | SE = 15.379 bit/s/Hz
[ 7066 ms] [UE 54141] UL: SNR = 63.50 dB | SE = 20.778 bit/s/Hz
[ 7066 ms] [UE 14002] UL: SNR = 59.00 dB | SE = 19.305 bit/s/Hz
[ 7066 ms] [UE 55839] UL: SNR = 60.00 dB | SE = 19.633 bit/s/Hz
[ 7066 ms] [UE 47098] UL: SNR = 47.50 dB | SE = 15.542 bit/s/Hz
[ 7066 ms] [UE 46443] UL: SNR = 61.00 dB | SE = 19.960 bit/s/Hz
[ 7066 ms] [UE 40142] UL: SNR = 58.00 dB | SE = 18.978 bit/s/Hz
[ 7066 ms] [UE 1171] UL: SNR = 55.00 dB | SE = 17.997 bit/s/Hz
[ 7066 ms] [UE 59499] UL: SNR = 53.50 dB | SE = 17.506 bit/s/Hz
[ 7066 ms] [UE 8279] UL: SNR = 53.50 dB | SE = 17.506 bit/s/Hz
[ 7066 ms] [UE 12524] UL: SNR = 56.50 dB | SE = 18.487 bit/s/Hz
[ 8057 ms] [UE 14608] UL: SNR = 61.50 dB | SE = 20.123 bit/s/Hz
[ 8057 ms] [UE 54487] UL: SNR = 49.50 dB | SE = 16.197 bit/s/Hz
[ 8057 ms] [UE 2959] UL: SNR = 34.00 dB | SE = 11.126 bit/s/Hz
[ 8057 ms] [UE 14350] UL: SNR = 63.50 dB | SE = 20.778 bit/s/Hz
[ 8057 ms] [UE 9290] UL: SNR = 7.00 dB | SE = 2.549 bit/s/Hz
[ 8057 ms] [UE 60232] UL: SNR = 35.50 dB | SE = 11.616 bit/s/Hz
[ 8057 ms] [UE 37624] UL: SNR = 53.00 dB | SE = 17.342 bit/s/Hz
[ 8057 ms] [UE 18432] UL: SNR = 63.50 dB | SE = 20.778 bit/s/Hz
[ 8057 ms] [UE 55143] UL: SNR = 63.50 dB | SE = 20.778 bit/s/Hz
[ 8057 ms] [UE 55862] UL: SNR = 46.00 dB | SE = 15.052 bit/s/Hz
[ 8057 ms] [UE 62817] UL: SNR = 51.00 dB | SE = 16.688 bit/s/Hz
[ 8057 ms] [UE 5257] UL: SNR = 47.00 dB | SE = 15.379 bit/s/Hz
[ 8074 ms] [UE 54141] UL: SNR = 63.50 dB | SE = 20.778 bit/s/Hz
[ 8074 ms] [UE 14002] UL: SNR = 53.00 dB | SE = 17.342 bit/s/Hz
[ 8074 ms] [UE 55839] UL: SNR = 56.00 dB | SE = 18.324 bit/s/Hz
[ 8074 ms] [UE 47098] UL: SNR = 51.00 dB | SE = 16.688 bit/s/Hz
[ 8074 ms] [UE 46443] UL: SNR = 61.00 dB | SE = 19.960 bit/s/Hz
[ 8074 ms] [UE 40142] UL: SNR = 58.00 dB | SE = 18.978 bit/s/Hz
[ 8074 ms] [UE 1171] UL: SNR = 55.00 dB | SE = 17.997 bit/s/Hz
[ 8074 ms] [UE 59499] UL: SNR = 53.50 dB | SE = 17.506 bit/s/Hz
[ 8074 ms] [UE 8279] UL: SNR = 53.50 dB | SE = 17.506 bit/s/Hz
[ 8074 ms] [UE 12524] UL: SNR = 56.50 dB | SE = 18.487 bit/s/Hz
[ 9067 ms] [UE 14608] UL: SNR = 62.00 dB | SE = 20.287 bit/s/Hz
[ 9067 ms] [UE 54487] UL: SNR = 50.50 dB | SE = 16.524 bit/s/Hz
[ 9067 ms] [UE 2959] UL: SNR = 34.00 dB | SE = 11.126 bit/s/Hz
[ 9067 ms] [UE 14350] UL: SNR = 53.00 dB | SE = 17.342 bit/s/Hz
[ 9067 ms] [UE 9290] UL: SNR = 7.00 dB | SE = 2.549 bit/s/Hz
[ 9067 ms] [UE 60232] UL: SNR = 35.50 dB | SE = 11.616 bit/s/Hz
[ 9067 ms] [UE 37624] UL: SNR = 53.00 dB | SE = 17.342 bit/s/Hz
[ 9067 ms] [UE 18432] UL: SNR = 57.50 dB | SE = 18.815 bit/s/Hz
[ 9067 ms] [UE 55143] UL: SNR = 63.00 dB | SE = 20.614 bit/s/Hz
[ 9067 ms] [UE 55862] UL: SNR = 58.00 dB | SE = 18.978 bit/s/Hz
[ 9067 ms] [UE 62817] UL: SNR = 60.50 dB | SE = 19.796 bit/s/Hz
[ 9067 ms] [UE 5257] UL: SNR = 58.00 dB | SE = 18.978 bit/s/Hz
[ 9075 ms] [UE 54141] UL: SNR = 63.50 dB | SE = 20.778 bit/s/Hz
[ 9075 ms] [UE 14002] UL: SNR = 53.00 dB | SE = 17.342 bit/s/Hz
[ 9075 ms] [UE 55839] UL: SNR = 56.00 dB | SE = 18.324 bit/s/Hz
[ 9075 ms] [UE 47098] UL: SNR = 51.00 dB | SE = 16.688 bit/s/Hz
[ 9075 ms] [UE 46443] UL: SNR = 61.00 dB | SE = 19.960 bit/s/Hz
[ 9075 ms] [UE 40142] UL: SNR = 58.00 dB | SE = 18.978 bit/s/Hz
[ 9075 ms] [UE 1171] UL: SNR = 55.00 dB | SE = 17.997 bit/s/Hz
[ 9075 ms] [UE 59499] UL: SNR = 53.50 dB | SE = 17.506 bit/s/Hz
[ 9075 ms] [UE 8279] UL: SNR = 53.50 dB | SE = 17.506 bit/s/Hz
[ 9075 ms] [UE 12524] UL: SNR = 56.50 dB | SE = 18.487 bit/s/Hz
[10067 ms] [UE 14608] UL: SNR = 62.00 dB | SE = 20.287 bit/s/Hz
[10067 ms] [UE 54487] UL: SNR = 50.50 dB | SE = 16.524 bit/s/Hz
[10067 ms] [UE 2959] UL: SNR = 34.00 dB | SE = 11.126 bit/s/Hz
[10067 ms] [UE 14350] UL: SNR = 53.00 dB | SE = 17.342 bit/s/Hz
[10067 ms] [UE 9290] UL: SNR = 7.00 dB | SE = 2.549 bit/s/Hz
[10067 ms] [UE 60232] UL: SNR = 35.50 dB | SE = 11.616 bit/s/Hz
[10067 ms] [UE 37624] UL: SNR = 53.00 dB | SE = 17.342 bit/s/Hz
[10067 ms] [UE 18432] UL: SNR = 57.50 dB | SE = 18.815 bit/s/Hz
[10067 ms] [UE 55143] UL: SNR = 63.50 dB | SE = 20.778 bit/s/Hz
[10067 ms] [UE 55862] UL: SNR = 58.00 dB | SE = 18.978 bit/s/Hz
[10067 ms] [UE 62817] UL: SNR = 60.50 dB | SE = 19.796 bit/s/Hz
[10067 ms] [UE 5257] UL: SNR = 58.00 dB | SE = 18.978 bit/s/Hz
[10084 ms] [UE 54141] UL: SNR = 63.50 dB | SE = 20.778 bit/s/Hz
[10084 ms] [UE 14002] UL: SNR = 53.00 dB | SE = 17.342 bit/s/Hz
[10084 ms] [UE 55839] UL: SNR = 56.00 dB | SE = 18.324 bit/s/Hz
[10084 ms] [UE 47098] UL: SNR = 51.00 dB | SE = 16.688 bit/s/Hz
[10084 ms] [UE 46443] UL: SNR = 61.00 dB | SE = 19.960 bit/s/Hz
[10084 ms] [UE 40142] UL: SNR = 58.00 dB | SE = 18.978 bit/s/Hz
[10084 ms] [UE 1171] UL: SNR = 55.00 dB | SE = 17.997 bit/s/Hz
[10084 ms] [UE 59499] UL: SNR = 53.50 dB | SE = 17.506 bit/s/Hz
[10084 ms] [UE 8279] UL: SNR = 53.50 dB | SE = 17.506 bit/s/Hz
[10084 ms] [UE 12524] UL: SNR = 56.50 dB | SE = 18.487 bit/s/Hz
[11067 ms] [UE 14608] UL: SNR = 62.00 dB | SE = 20.287 bit/s/Hz
[11067 ms] [UE 54487] UL: SNR = 50.50 dB | SE = 16.524 bit/s/Hz
[11067 ms] [UE 2959] UL: SNR = 34.00 dB | SE = 11.126 bit/s/Hz
[11067 ms] [UE 14350] UL: SNR = 53.00 dB | SE = 17.342 bit/s/Hz
[11067 ms] [UE 9290] UL: SNR = 7.00 dB | SE = 2.549 bit/s/Hz
[11067 ms] [UE 60232] UL: SNR = 35.50 dB | SE = 11.616 bit/s/Hz
[11067 ms] [UE 37624] UL: SNR = 53.00 dB | SE = 17.342 bit/s/Hz
[11067 ms] [UE 18432] UL: SNR = 57.50 dB | SE = 18.815 bit/s/Hz
[11067 ms] [UE 55143] UL: SNR = 63.50 dB | SE = 20.778 bit/s/Hz
[11067 ms] [UE 55862] UL: SNR = 58.00 dB | SE = 18.978 bit/s/Hz
[11067 ms] [UE 62817] UL: SNR = 60.50 dB | SE = 19.796 bit/s/Hz
[11067 ms] [UE 5257] UL: SNR = 58.00 dB | SE = 18.978 bit/s/Hz
[11086 ms] [UE 54141] UL: SNR = 63.50 dB | SE = 20.778 bit/s/Hz
[11086 ms] [UE 14002] UL: SNR = 53.00 dB | SE = 17.342 bit/s/Hz
[11086 ms] [UE 55839] UL: SNR = 56.00 dB | SE = 18.324 bit/s/Hz
[11086 ms] [UE 47098] UL: SNR = 51.00 dB | SE = 16.688 bit/s/Hz
[11086 ms] [UE 46443] UL: SNR = 61.00 dB | SE = 19.960 bit/s/Hz
[11086 ms] [UE 40142] UL: SNR = 58.00 dB | SE = 18.978 bit/s/Hz
[11086 ms] [UE 1171] UL: SNR = 55.00 dB | SE = 17.997 bit/s/Hz
[11086 ms] [UE 59499] UL: SNR = 53.50 dB | SE = 17.506 bit/s/Hz
[11086 ms] [UE 8279] UL: SNR = 53.50 dB | SE = 17.506 bit/s/Hz
[11086 ms] [UE 12524] UL: SNR = 56.50 dB | SE = 18.487 bit/s/Hz
[12077 ms] [UE 14608] UL: SNR = 62.00 dB | SE = 20.287 bit/s/Hz
[12077 ms] [UE 54487] UL: SNR = 50.50 dB | SE = 16.524 bit/s/Hz
[12077 ms] [UE 2959] UL: SNR = 34.00 dB | SE = 11.126 bit/s/Hz
[12077 ms] [UE 14350] UL: SNR = 53.00 dB | SE = 17.342 bit/s/Hz
[12077 ms] [UE 9290] UL: SNR = 7.00 dB | SE = 2.549 bit/s/Hz
[12077 ms] [UE 60232] UL: SNR = 35.50 dB | SE = 11.616 bit/s/Hz
[12077 ms] [UE 37624] UL: SNR = 53.00 dB | SE = 17.342 bit/s/Hz
[12077 ms] [UE 18432] UL: SNR = 57.50 dB | SE = 18.815 bit/s/Hz
[12077 ms] [UE 55143] UL: SNR = 63.50 dB | SE = 20.778 bit/s/Hz
[12077 ms] [UE 55862] UL: SNR = 58.00 dB | SE = 18.978 bit/s/Hz
[12077 ms] [UE 62817] UL: SNR = 60.50 dB | SE = 19.796 bit/s/Hz
[12077 ms] [UE 5257] UL: SNR = 58.00 dB | SE = 18.978 bit/s/Hz
[12094 ms] [UE 54141] UL: SNR = 63.50 dB | SE = 20.778 bit/s/Hz
[12094 ms] [UE 14002] UL: SNR = 53.00 dB | SE = 17.342 bit/s/Hz
[12094 ms] [UE 55839] UL: SNR = 56.00 dB | SE = 18.324 bit/s/Hz
[12094 ms] [UE 47098] UL: SNR = 51.00 dB | SE = 16.688 bit/s/Hz
[12094 ms] [UE 46443] UL: SNR = 61.00 dB | SE = 19.960 bit/s/Hz
[12094 ms] [UE 40142] UL: SNR = 58.00 dB | SE = 18.978 bit/s/Hz
[12094 ms] [UE 1171] UL: SNR = 55.00 dB | SE = 17.997 bit/s/Hz
[12094 ms] [UE 59499] UL: SNR = 53.50 dB | SE = 17.506 bit/s/Hz
[12094 ms] [UE 8279] UL: SNR = 53.50 dB | SE = 17.506 bit/s/Hz
[12094 ms] [UE 12524] UL: SNR = 56.50 dB | SE = 18.487 bit/s/Hz
[13078 ms] [UE 14608] UL: SNR = 62.00 dB | SE = 20.287 bit/s/Hz
[13078 ms] [UE 54487] UL: SNR = 50.50 dB | SE = 16.524 bit/s/Hz
[13078 ms] [UE 2959] UL: SNR = 34.00 dB | SE = 11.126 bit/s/Hz
[13078 ms] [UE 14350] UL: SNR = 53.00 dB | SE = 17.342 bit/s/Hz
[13078 ms] [UE 9290] UL: SNR = 7.00 dB | SE = 2.549 bit/s/Hz
[13078 ms] [UE 60232] UL: SNR = 35.50 dB | SE = 11.616 bit/s/Hz
[13078 ms] [UE 37624] UL: SNR = 53.00 dB | SE = 17.342 bit/s/Hz
[13078 ms] [UE 18432] UL: SNR = 57.50 dB | SE = 18.815 bit/s/Hz
[13078 ms] [UE 55143] UL: SNR = 63.50 dB | SE = 20.778 bit/s/Hz
[13078 ms] [UE 55862] UL: SNR = 58.00 dB | SE = 18.978 bit/s/Hz
[13078 ms] [UE 62817] UL: SNR = 60.50 dB | SE = 19.796 bit/s/Hz
[13078 ms] [UE 5257] UL: SNR = 58.00 dB | SE = 18.978 bit/s/Hz
[13094 ms] [UE 54141] UL: SNR = 63.50 dB | SE = 20.778 bit/s/Hz
[13094 ms] [UE 14002] UL: SNR = 53.00 dB | SE = 17.342 bit/s/Hz
[13094 ms] [UE 55839] UL: SNR = 56.00 dB | SE = 18.324 bit/s/Hz
[13094 ms] [UE 47098] UL: SNR = 51.00 dB | SE = 16.688 bit/s/Hz
[13094 ms] [UE 46443] UL: SNR = 61.00 dB | SE = 19.960 bit/s/Hz
[13094 ms] [UE 40142] UL: SNR = 58.00 dB | SE = 18.978 bit/s/Hz
[13094 ms] [UE 1171] UL: SNR = 55.00 dB | SE = 17.997 bit/s/Hz
[13094 ms] [UE 59499] UL: SNR = 53.50 dB | SE = 17.506 bit/s/Hz
[13094 ms] [UE 8279] UL: SNR = 53.50 dB | SE = 17.506 bit/s/Hz
[13094 ms] [UE 12524] UL: SNR = 56.50 dB | SE = 18.487 bit/s/Hz
[14079 ms] [UE 14608] UL: SNR = 62.00 dB | SE = 20.287 bit/s/Hz
[14079 ms] [UE 54487] UL: SNR = 50.50 dB | SE = 16.524 bit/s/Hz
[14079 ms] [UE 2959] UL: SNR = 34.00 dB | SE = 11.126 bit/s/Hz
[14079 ms] [UE 14350] UL: SNR = 53.00 dB | SE = 17.342 bit/s/Hz
[14079 ms] [UE 9290] UL: SNR = 7.00 dB | SE = 2.549 bit/s/Hz
[14079 ms] [UE 60232] UL: SNR = 35.50 dB | SE = 11.616 bit/s/Hz
[14079 ms] [UE 37624] UL: SNR = 53.00 dB | SE = 17.342 bit/s/Hz
[14079 ms] [UE 18432] UL: SNR = 57.50 dB | SE = 18.815 bit/s/Hz
[14079 ms] [UE 55143] UL: SNR = 63.50 dB | SE = 20.778 bit/s/Hz
[14079 ms] [UE 55862] UL: SNR = 58.00 dB | SE = 18.978 bit/s/Hz
[14079 ms] [UE 62817] UL: SNR = 60.50 dB | SE = 19.796 bit/s/Hz
[14079 ms] [UE 5257] UL: SNR = 58.00 dB | SE = 18.978 bit/s/Hz
[14095 ms] [UE 54141] UL: SNR = 63.50 dB | SE = 20.778 bit/s/Hz
[14095 ms] [UE 14002] UL: SNR = 53.00 dB | SE = 17.342 bit/s/Hz
[14095 ms] [UE 55839] UL: SNR = 56.00 dB | SE = 18.324 bit/s/Hz
[14095 ms] [UE 47098] UL: SNR = 51.00 dB | SE = 16.688 bit/s/Hz
[14095 ms] [UE 46443] UL: SNR = 61.00 dB | SE = 19.960 bit/s/Hz
[14095 ms] [UE 40142] UL: SNR = 58.00 dB | SE = 18.978 bit/s/Hz
[14095 ms] [UE 1171] UL: SNR = 55.00 dB | SE = 17.997 bit/s/Hz
[14095 ms] [UE 59499] UL: SNR = 53.50 dB | SE = 17.506 bit/s/Hz
[14095 ms] [UE 8279] UL: SNR = 53.50 dB | SE = 17.506 bit/s/Hz
[14095 ms] [UE 12524] UL: SNR = 56.50 dB | SE = 18.487 bit/s/Hz
[15087 ms] [UE 14608] UL: SNR = 62.00 dB | SE = 20.287 bit/s/Hz
[15087 ms] [UE 54487] UL: SNR = 50.50 dB | SE = 16.524 bit/s/Hz
[15087 ms] [UE 2959] UL: SNR = 34.00 dB | SE = 11.126 bit/s/Hz
[15087 ms] [UE 14350] UL: SNR = 53.00 dB | SE = 17.342 bit/s/Hz
[15087 ms] [UE 9290] UL: SNR = 7.00 dB | SE = 2.549 bit/s/Hz
[15087 ms] [UE 60232] UL: SNR = 35.50 dB | SE = 11.616 bit/s/Hz
[15087 ms] [UE 37624] UL: SNR = 53.00 dB | SE = 17.342 bit/s/Hz
[15087 ms] [UE 18432] UL: SNR = 57.50 dB | SE = 18.815 bit/s/Hz
[15087 ms] [UE 55143] UL: SNR = 63.50 dB | SE = 20.778 bit/s/Hz
[15087 ms] [UE 55862] UL: SNR = 58.00 dB | SE = 18.978 bit/s/Hz
[15087 ms] [UE 62817] UL: SNR = 60.50 dB | SE = 19.796 bit/s/Hz
[15087 ms] [UE 5257] UL: SNR = 58.00 dB | SE = 18.978 bit/s/Hz
[15095 ms] [UE 54141] UL: SNR = 63.50 dB | SE = 20.778 bit/s/Hz
[15095 ms] [UE 14002] UL: SNR = 59.00 dB | SE = 19.305 bit/s/Hz
[15095 ms] [UE 55839] UL: SNR = 60.00 dB | SE = 19.633 bit/s/Hz
[15095 ms] [UE 47098] UL: SNR = 51.00 dB | SE = 16.688 bit/s/Hz
[15095 ms] [UE 46443] UL: SNR = 61.00 dB | SE = 19.960 bit/s/Hz
[15095 ms] [UE 40142] UL: SNR = 58.00 dB | SE = 18.978 bit/s/Hz
[15095 ms] [UE 1171] UL: SNR = 55.00 dB | SE = 17.997 bit/s/Hz
[15095 ms] [UE 59499] UL: SNR = 53.50 dB | SE = 17.506 bit/s/Hz
[15095 ms] [UE 8279] UL: SNR = 53.50 dB | SE = 17.506 bit/s/Hz
[15095 ms] [UE 12524] UL: SNR = 56.50 dB | SE = 18.487 bit/s/Hz
[16098 ms] [UE 14608] UL: SNR = 63.50 dB | SE = 20.778 bit/s/Hz
[16098 ms] [UE 54487] UL: SNR = 55.50 dB | SE = 18.160 bit/s/Hz
[16098 ms] [UE 2959] UL: SNR = 34.00 dB | SE = 11.126 bit/s/Hz
[16098 ms] [UE 14350] UL: SNR = 63.50 dB | SE = 20.778 bit/s/Hz
[16098 ms] [UE 9290] UL: SNR = 7.00 dB | SE = 2.549 bit/s/Hz
[16098 ms] [UE 60232] UL: SNR = 35.50 dB | SE = 11.616 bit/s/Hz
[16098 ms] [UE 37624] UL: SNR = 54.00 dB | SE = 17.669 bit/s/Hz
[16098 ms] [UE 18432] UL: SNR = 63.50 dB | SE = 20.778 bit/s/Hz
[16098 ms] [UE 55143] UL: SNR = 63.50 dB | SE = 20.778 bit/s/Hz
[16098 ms] [UE 55862] UL: SNR = 43.00 dB | SE = 14.070 bit/s/Hz
[16098 ms] [UE 62817] UL: SNR = 60.50 dB | SE = 19.796 bit/s/Hz
[16098 ms] [UE 5257] UL: SNR = 47.00 dB | SE = 15.379 bit/s/Hz
[16104 ms] [UE 54141] UL: SNR = 63.50 dB | SE = 20.778 bit/s/Hz
[16104 ms] [UE 14002] UL: SNR = 59.00 dB | SE = 19.305 bit/s/Hz
[16104 ms] [UE 55839] UL: SNR = 60.00 dB | SE = 19.633 bit/s/Hz
[16104 ms] [UE 47098] UL: SNR = 55.50 dB | SE = 18.160 bit/s/Hz
[16104 ms] [UE 46443] UL: SNR = 61.00 dB | SE = 19.960 bit/s/Hz
[16104 ms] [UE 40142] UL: SNR = 58.00 dB | SE = 18.978 bit/s/Hz
[16104 ms] [UE 1171] UL: SNR = 55.00 dB | SE = 17.997 bit/s/Hz
[16104 ms] [UE 59499] UL: SNR = 53.50 dB | SE = 17.506 bit/s/Hz
[16104 ms] [UE 8279] UL: SNR = 53.50 dB | SE = 17.506 bit/s/Hz
[16104 ms] [UE 12524] UL: SNR = 56.50 dB | SE = 18.487 bit/s/Hz
[17105 ms] [UE 54141] UL: SNR = 63.50 dB | SE = 20.778 bit/s/Hz
[17105 ms] [UE 14002] UL: SNR = 53.50 dB | SE = 17.506 bit/s/Hz
[17105 ms] [UE 55839] UL: SNR = 56.50 dB | SE = 18.487 bit/s/Hz
[17105 ms] [UE 47098] UL: SNR = 51.50 dB | SE = 16.851 bit/s/Hz
[17105 ms] [UE 46443] UL: SNR = 61.00 dB | SE = 19.960 bit/s/Hz
[17105 ms] [UE 40142] UL: SNR = 58.00 dB | SE = 18.978 bit/s/Hz
[17105 ms] [UE 1171] UL: SNR = 55.00 dB | SE = 17.997 bit/s/Hz
[17105 ms] [UE 59499] UL: SNR = 53.50 dB | SE = 17.506 bit/s/Hz
[17105 ms] [UE 8279] UL: SNR = 53.50 dB | SE = 17.506 bit/s/Hz
[17105 ms] [UE 12524] UL: SNR = 56.50 dB | SE = 18.487 bit/s/Hz
[17107 ms] [UE 14608] UL: SNR = 62.50 dB | SE = 20.451 bit/s/Hz
[17107 ms] [UE 54487] UL: SNR = 51.50 dB | SE = 16.851 bit/s/Hz
[17107 ms] [UE 2959] UL: SNR = 34.00 dB | SE = 11.126 bit/s/Hz
[17107 ms] [UE 14350] UL: SNR = 63.50 dB | SE = 20.778 bit/s/Hz
[17107 ms] [UE 9290] UL: SNR = 7.00 dB | SE = 2.549 bit/s/Hz
[17107 ms] [UE 60232] UL: SNR = 35.50 dB | SE = 11.616 bit/s/Hz
[17107 ms] [UE 37624] UL: SNR = 52.50 dB | SE = 17.179 bit/s/Hz
[17107 ms] [UE 18432] UL: SNR = 63.50 dB | SE = 20.778 bit/s/Hz
[17107 ms] [UE 55143] UL: SNR = 62.00 dB | SE = 20.287 bit/s/Hz
[17107 ms] [UE 55862] UL: SNR = 42.50 dB | SE = 13.907 bit/s/Hz
[17107 ms] [UE 62817] UL: SNR = 47.00 dB | SE = 15.379 bit/s/Hz
[17107 ms] [UE 5257] UL: SNR = 47.00 dB | SE = 15.379 bit/s/Hz
[18115 ms] [UE 54141] UL: SNR = 63.50 dB | SE = 20.778 bit/s/Hz
[18115 ms] [UE 14002] UL: SNR = 53.50 dB | SE = 17.506 bit/s/Hz
[18115 ms] [UE 55839] UL: SNR = 56.50 dB | SE = 18.487 bit/s/Hz
[18115 ms] [UE 47098] UL: SNR = 51.50 dB | SE = 16.851 bit/s/Hz
[18115 ms] [UE 46443] UL: SNR = 61.00 dB | SE = 19.960 bit/s/Hz
[18115 ms] [UE 40142] UL: SNR = 58.00 dB | SE = 18.978 bit/s/Hz
[18115 ms] [UE 1171] UL: SNR = 55.00 dB | SE = 17.997 bit/s/Hz
[18115 ms] [UE 59499] UL: SNR = 53.50 dB | SE = 17.506 bit/s/Hz
[18115 ms] [UE 8279] UL: SNR = 53.50 dB | SE = 17.506 bit/s/Hz
[18115 ms] [UE 12524] UL: SNR = 56.50 dB | SE = 18.487 bit/s/Hz
[18118 ms] [UE 14608] UL: SNR = 63.50 dB | SE = 20.778 bit/s/Hz
[18118 ms] [UE 54487] UL: SNR = 54.50 dB | SE = 17.833 bit/s/Hz
[18118 ms] [UE 2959] UL: SNR = 34.00 dB | SE = 11.126 bit/s/Hz
[18118 ms] [UE 14350] UL: SNR = 56.00 dB | SE = 18.324 bit/s/Hz
[18118 ms] [UE 9290] UL: SNR = 7.00 dB | SE = 2.549 bit/s/Hz
[18118 ms] [UE 60232] UL: SNR = 35.50 dB | SE = 11.616 bit/s/Hz
[18118 ms] [UE 37624] UL: SNR = 63.50 dB | SE = 20.778 bit/s/Hz
[18118 ms] [UE 18432] UL: SNR = 63.50 dB | SE = 20.778 bit/s/Hz
[18118 ms] [UE 55143] UL: SNR = 63.50 dB | SE = 20.778 bit/s/Hz
[18118 ms] [UE 55862] UL: SNR = 45.50 dB | SE = 14.888 bit/s/Hz
[18118 ms] [UE 62817] UL: SNR = 52.00 dB | SE = 17.015 bit/s/Hz
[18118 ms] [UE 5257] UL: SNR = 54.00 dB | SE = 17.669 bit/s/Hz
[19124 ms] [UE 54141] UL: SNR = 63.50 dB | SE = 20.778 bit/s/Hz
[19124 ms] [UE 14002] UL: SNR = 53.50 dB | SE = 17.506 bit/s/Hz
[19124 ms] [UE 55839] UL: SNR = 56.50 dB | SE = 18.487 bit/s/Hz
[19124 ms] [UE 47098] UL: SNR = 51.50 dB | SE = 16.851 bit/s/Hz
[19124 ms] [UE 46443] UL: SNR = 61.00 dB | SE = 19.960 bit/s/Hz
[19124 ms] [UE 40142] UL: SNR = 58.00 dB | SE = 18.978 bit/s/Hz
[19124 ms] [UE 1171] UL: SNR = 55.00 dB | SE = 17.997 bit/s/Hz
[19124 ms] [UE 59499] UL: SNR = 53.50 dB | SE = 17.506 bit/s/Hz
[19124 ms] [UE 8279] UL: SNR = 53.50 dB | SE = 17.506 bit/s/Hz
[19124 ms] [UE 12524] UL: SNR = 56.50 dB | SE = 18.487 bit/s/Hz
[19127 ms] [UE 14608] UL: SNR = 63.50 dB | SE = 20.778 bit/s/Hz
[19127 ms] [UE 54487] UL: SNR = 63.50 dB | SE = 20.778 bit/s/Hz
[19127 ms] [UE 2959] UL: SNR = 34.00 dB | SE = 11.126 bit/s/Hz
[19127 ms] [UE 14350] UL: SNR = 56.00 dB | SE = 18.324 bit/s/Hz
[19127 ms] [UE 9290] UL: SNR = 7.00 dB | SE = 2.549 bit/s/Hz
[19127 ms] [UE 60232] UL: SNR = 35.50 dB | SE = 11.616 bit/s/Hz
[19127 ms] [UE 37624] UL: SNR = 63.50 dB | SE = 20.778 bit/s/Hz
[19127 ms] [UE 18432] UL: SNR = 63.50 dB | SE = 20.778 bit/s/Hz
[19127 ms] [UE 55143] UL: SNR = 63.50 dB | SE = 20.778 bit/s/Hz
[19127 ms] [UE 55862] UL: SNR = 45.50 dB | SE = 14.888 bit/s/Hz
[19127 ms] [UE 62817] UL: SNR = 52.00 dB | SE = 17.015 bit/s/Hz
[19127 ms] [UE 5257] UL: SNR = 54.00 dB | SE = 17.669 bit/s/Hz
[20135 ms] [UE 54141] UL: SNR = 63.50 dB | SE = 20.778 bit/s/Hz
[20135 ms] [UE 14002] UL: SNR = 53.50 dB | SE = 17.506 bit/s/Hz
[20135 ms] [UE 55839] UL: SNR = 56.50 dB | SE = 18.487 bit/s/Hz
[20135 ms] [UE 47098] UL: SNR = 51.50 dB | SE = 16.851 bit/s/Hz
[20135 ms] [UE 46443] UL: SNR = 61.00 dB | SE = 19.960 bit/s/Hz
[20135 ms] [UE 40142] UL: SNR = 58.00 dB | SE = 18.978 bit/s/Hz
[20135 ms] [UE 1171] UL: SNR = 55.00 dB | SE = 17.997 bit/s/Hz
[20135 ms] [UE 59499] UL: SNR = 53.50 dB | SE = 17.506 bit/s/Hz
[20135 ms] [UE 8279] UL: SNR = 53.50 dB | SE = 17.506 bit/s/Hz
[20135 ms] [UE 12524] UL: SNR = 56.50 dB | SE = 18.487 bit/s/Hz
[20140 ms] [UE 14608] UL: SNR = 63.50 dB | SE = 20.778 bit/s/Hz
[20140 ms] [UE 54487] UL: SNR = 63.50 dB | SE = 20.778 bit/s/Hz
[20140 ms] [UE 2959] UL: SNR = 34.00 dB | SE = 11.126 bit/s/Hz
[20140 ms] [UE 14350] UL: SNR = 56.00 dB | SE = 18.324 bit/s/Hz
[20140 ms] [UE 9290] UL: SNR = 7.00 dB | SE = 2.549 bit/s/Hz
[20140 ms] [UE 60232] UL: SNR = 35.50 dB | SE = 11.616 bit/s/Hz
[20140 ms] [UE 37624] UL: SNR = 63.50 dB | SE = 20.778 bit/s/Hz
[20140 ms] [UE 18432] UL: SNR = 63.50 dB | SE = 20.778 bit/s/Hz
[20140 ms] [UE 55143] UL: SNR = 63.50 dB | SE = 20.778 bit/s/Hz
[20140 ms] [UE 55862] UL: SNR = 45.50 dB | SE = 14.888 bit/s/Hz
[20140 ms] [UE 62817] UL: SNR = 52.00 dB | SE = 17.015 bit/s/Hz
[20140 ms] [UE 5257] UL: SNR = 54.00 dB | SE = 17.669 bit/s/Hz
[21144 ms] [UE 54141] UL: SNR = 63.50 dB | SE = 20.778 bit/s/Hz
[21144 ms] [UE 14002] UL: SNR = 53.50 dB | SE = 17.506 bit/s/Hz
[21144 ms] [UE 55839] UL: SNR = 56.50 dB | SE = 18.487 bit/s/Hz
[21144 ms] [UE 47098] UL: SNR = 51.50 dB | SE = 16.851 bit/s/Hz
[21144 ms] [UE 46443] UL: SNR = 61.00 dB | SE = 19.960 bit/s/Hz
[21144 ms] [UE 40142] UL: SNR = 58.00 dB | SE = 18.978 bit/s/Hz
[21144 ms] [UE 1171] UL: SNR = 55.00 dB | SE = 17.997 bit/s/Hz
[21144 ms] [UE 59499] UL: SNR = 53.50 dB | SE = 17.506 bit/s/Hz
[21144 ms] [UE 8279] UL: SNR = 53.50 dB | SE = 17.506 bit/s/Hz
[21144 ms] [UE 12524] UL: SNR = 56.50 dB | SE = 18.487 bit/s/Hz
[21148 ms] [UE 14608] UL: SNR = 63.50 dB | SE = 20.778 bit/s/Hz
[21148 ms] [UE 54487] UL: SNR = 63.50 dB | SE = 20.778 bit/s/Hz
[21148 ms] [UE 2959] UL: SNR = 34.00 dB | SE = 11.126 bit/s/Hz
[21148 ms] [UE 14350] UL: SNR = 56.00 dB | SE = 18.324 bit/s/Hz
[21148 ms] [UE 9290] UL: SNR = 7.00 dB | SE = 2.549 bit/s/Hz
[21148 ms] [UE 60232] UL: SNR = 35.50 dB | SE = 11.616 bit/s/Hz
[21148 ms] [UE 37624] UL: SNR = 63.50 dB | SE = 20.778 bit/s/Hz
[21148 ms] [UE 18432] UL: SNR = 63.50 dB | SE = 20.778 bit/s/Hz
[21148 ms] [UE 55143] UL: SNR = 63.50 dB | SE = 20.778 bit/s/Hz
[21148 ms] [UE 55862] UL: SNR = 45.50 dB | SE = 14.888 bit/s/Hz
[21148 ms] [UE 62817] UL: SNR = 52.00 dB | SE = 17.015 bit/s/Hz
[21148 ms] [UE 5257] UL: SNR = 54.00 dB | SE = 17.669 bit/s/Hz
[22155 ms] [UE 54141] UL: SNR = 63.50 dB | SE = 20.778 bit/s/Hz
[22155 ms] [UE 14002] UL: SNR = 53.50 dB | SE = 17.506 bit/s/Hz
[22155 ms] [UE 55839] UL: SNR = 56.50 dB | SE = 18.487 bit/s/Hz
[22155 ms] [UE 47098] UL: SNR = 51.50 dB | SE = 16.851 bit/s/Hz
[22155 ms] [UE 46443] UL: SNR = 61.00 dB | SE = 19.960 bit/s/Hz
[22155 ms] [UE 40142] UL: SNR = 58.00 dB | SE = 18.978 bit/s/Hz
[22155 ms] [UE 1171] UL: SNR = 55.00 dB | SE = 17.997 bit/s/Hz
[22155 ms] [UE 59499] UL: SNR = 53.50 dB | SE = 17.506 bit/s/Hz
[22155 ms] [UE 8279] UL: SNR = 53.50 dB | SE = 17.506 bit/s/Hz
[22155 ms] [UE 12524] UL: SNR = 56.50 dB | SE = 18.487 bit/s/Hz
[22157 ms] [UE 14608] UL: SNR = 63.50 dB | SE = 20.778 bit/s/Hz
[22157 ms] [UE 54487] UL: SNR = 63.50 dB | SE = 20.778 bit/s/Hz
[22157 ms] [UE 2959] UL: SNR = 34.00 dB | SE = 11.126 bit/s/Hz
[22157 ms] [UE 14350] UL: SNR = 56.00 dB | SE = 18.324 bit/s/Hz
[22157 ms] [UE 9290] UL: SNR = 7.00 dB | SE = 2.549 bit/s/Hz
[22157 ms] [UE 60232] UL: SNR = 35.50 dB | SE = 11.616 bit/s/Hz
[22157 ms] [UE 37624] UL: SNR = 63.50 dB | SE = 20.778 bit/s/Hz
[22157 ms] [UE 18432] UL: SNR = 63.50 dB | SE = 20.778 bit/s/Hz
[22157 ms] [UE 55143] UL: SNR = 63.50 dB | SE = 20.778 bit/s/Hz
[22157 ms] [UE 55862] UL: SNR = 45.50 dB | SE = 14.888 bit/s/Hz
[22157 ms] [UE 62817] UL: SNR = 52.00 dB | SE = 17.015 bit/s/Hz
[22157 ms] [UE 5257] UL: SNR = 54.00 dB | SE = 17.669 bit/s/Hz
[23164 ms] [UE 54141] UL: SNR = 63.50 dB | SE = 20.778 bit/s/Hz
[23164 ms] [UE 14002] UL: SNR = 63.50 dB | SE = 20.778 bit/s/Hz
[23164 ms] [UE 55839] UL: SNR = 59.50 dB | SE = 19.469 bit/s/Hz
[23164 ms] [UE 47098] UL: SNR = 51.50 dB | SE = 16.851 bit/s/Hz
[23164 ms] [UE 46443] UL: SNR = 61.00 dB | SE = 19.960 bit/s/Hz
[23164 ms] [UE 40142] UL: SNR = 58.00 dB | SE = 18.978 bit/s/Hz
[23164 ms] [UE 1171] UL: SNR = 55.00 dB | SE = 17.997 bit/s/Hz
[23164 ms] [UE 59499] UL: SNR = 53.50 dB | SE = 17.506 bit/s/Hz
[23164 ms] [UE 8279] UL: SNR = 53.50 dB | SE = 17.506 bit/s/Hz
[23164 ms] [UE 12524] UL: SNR = 56.50 dB | SE = 18.487 bit/s/Hz
[23167 ms] [UE 14608] UL: SNR = 63.50 dB | SE = 20.778 bit/s/Hz
[23167 ms] [UE 54487] UL: SNR = 63.50 dB | SE = 20.778 bit/s/Hz
[23167 ms] [UE 2959] UL: SNR = 34.00 dB | SE = 11.126 bit/s/Hz
[23167 ms] [UE 14350] UL: SNR = 56.00 dB | SE = 18.324 bit/s/Hz
[23167 ms] [UE 9290] UL: SNR = 7.00 dB | SE = 2.549 bit/s/Hz
[23167 ms] [UE 60232] UL: SNR = 35.50 dB | SE = 11.616 bit/s/Hz
[23167 ms] [UE 37624] UL: SNR = 63.50 dB | SE = 20.778 bit/s/Hz
[23167 ms] [UE 18432] UL: SNR = 63.50 dB | SE = 20.778 bit/s/Hz
[23167 ms] [UE 55143] UL: SNR = 63.50 dB | SE = 20.778 bit/s/Hz
[23167 ms] [UE 55862] UL: SNR = 45.50 dB | SE = 14.888 bit/s/Hz
[23167 ms] [UE 62817] UL: SNR = 52.00 dB | SE = 17.015 bit/s/Hz
[23167 ms] [UE 5257] UL: SNR = 54.00 dB | SE = 17.669 bit/s/Hz
[24165 ms] [UE 54141] UL: SNR = 63.50 dB | SE = 20.778 bit/s/Hz
[24165 ms] [UE 14002] UL: SNR = 63.50 dB | SE = 20.778 bit/s/Hz
[24165 ms] [UE 55839] UL: SNR = 59.50 dB | SE = 19.469 bit/s/Hz
[24165 ms] [UE 47098] UL: SNR = 51.50 dB | SE = 16.851 bit/s/Hz
[24165 ms] [UE 46443] UL: SNR = 61.00 dB | SE = 19.960 bit/s/Hz
[24165 ms] [UE 40142] UL: SNR = 58.00 dB | SE = 18.978 bit/s/Hz
[24165 ms] [UE 1171] UL: SNR = 55.00 dB | SE = 17.997 bit/s/Hz
[24165 ms] [UE 59499] UL: SNR = 53.50 dB | SE = 17.506 bit/s/Hz
[24165 ms] [UE 8279] UL: SNR = 53.50 dB | SE = 17.506 bit/s/Hz
[24165 ms] [UE 12524] UL: SNR = 56.50 dB | SE = 18.487 bit/s/Hz
[24177 ms] [UE 14608] UL: SNR = 63.50 dB | SE = 20.778 bit/s/Hz
[24177 ms] [UE 54487] UL: SNR = 55.50 dB | SE = 18.160 bit/s/Hz
[24177 ms] [UE 2959] UL: SNR = 34.00 dB | SE = 11.126 bit/s/Hz
[24177 ms] [UE 14350] UL: SNR = 63.50 dB | SE = 20.778 bit/s/Hz
[24177 ms] [UE 9290] UL: SNR = 7.00 dB | SE = 2.549 bit/s/Hz
[24177 ms] [UE 60232] UL: SNR = 35.50 dB | SE = 11.616 bit/s/Hz
[24177 ms] [UE 37624] UL: SNR = 54.00 dB | SE = 17.669 bit/s/Hz
[24177 ms] [UE 18432] UL: SNR = 63.50 dB | SE = 20.778 bit/s/Hz
[24177 ms] [UE 55143] UL: SNR = 63.50 dB | SE = 20.778 bit/s/Hz
[24177 ms] [UE 55862] UL: SNR = 43.00 dB | SE = 14.070 bit/s/Hz
[24177 ms] [UE 62817] UL: SNR = 52.00 dB | SE = 17.015 bit/s/Hz
[24177 ms] [UE 5257] UL: SNR = 47.00 dB | SE = 15.379 bit/s/Hz
[25165 ms] [UE 54141] UL: SNR = 63.50 dB | SE = 20.778 bit/s/Hz
[25165 ms] [UE 14002] UL: SNR = 63.50 dB | SE = 20.778 bit/s/Hz
[25165 ms] [UE 55839] UL: SNR = 59.50 dB | SE = 19.469 bit/s/Hz
[25165 ms] [UE 47098] UL: SNR = 55.50 dB | SE = 18.160 bit/s/Hz
[25165 ms] [UE 46443] UL: SNR = 61.00 dB | SE = 19.960 bit/s/Hz
[25165 ms] [UE 40142] UL: SNR = 58.00 dB | SE = 18.978 bit/s/Hz
[25165 ms] [UE 1171] UL: SNR = 55.00 dB | SE = 17.997 bit/s/Hz
[25165 ms] [UE 59499] UL: SNR = 53.50 dB | SE = 17.506 bit/s/Hz
[25165 ms] [UE 8279] UL: SNR = 53.50 dB | SE = 17.506 bit/s/Hz
[25165 ms] [UE 12524] UL: SNR = 56.50 dB | SE = 18.487 bit/s/Hz
[25188 ms] [UE 14608] UL: SNR = 63.00 dB | SE = 20.614 bit/s/Hz
[25188 ms] [UE 54487] UL: SNR = 51.50 dB | SE = 16.851 bit/s/Hz
[25188 ms] [UE 2959] UL: SNR = 34.00 dB | SE = 11.126 bit/s/Hz
[25188 ms] [UE 14350] UL: SNR = 63.50 dB | SE = 20.778 bit/s/Hz
[25188 ms] [UE 9290] UL: SNR = 7.00 dB | SE = 2.549 bit/s/Hz
[25188 ms] [UE 60232] UL: SNR = 35.50 dB | SE = 11.616 bit/s/Hz
[25188 ms] [UE 37624] UL: SNR = 52.50 dB | SE = 17.179 bit/s/Hz
[25188 ms] [UE 18432] UL: SNR = 63.50 dB | SE = 20.778 bit/s/Hz
[25188 ms] [UE 55143] UL: SNR = 62.00 dB | SE = 20.287 bit/s/Hz
[25188 ms] [UE 55862] UL: SNR = 42.50 dB | SE = 13.907 bit/s/Hz
[25188 ms] [UE 62817] UL: SNR = 47.00 dB | SE = 15.379 bit/s/Hz
[25188 ms] [UE 5257] UL: SNR = 47.00 dB | SE = 15.379 bit/s/Hz
[26174 ms] [UE 54141] UL: SNR = 63.50 dB | SE = 20.778 bit/s/Hz
[26174 ms] [UE 14002] UL: SNR = 53.50 dB | SE = 17.506 bit/s/Hz
[26174 ms] [UE 55839] UL: SNR = 56.50 dB | SE = 18.487 bit/s/Hz
[26174 ms] [UE 47098] UL: SNR = 51.50 dB | SE = 16.851 bit/s/Hz
[26174 ms] [UE 46443] UL: SNR = 61.00 dB | SE = 19.960 bit/s/Hz
[26174 ms] [UE 40142] UL: SNR = 58.00 dB | SE = 18.978 bit/s/Hz
[26174 ms] [UE 1171] UL: SNR = 55.00 dB | SE = 17.997 bit/s/Hz
[26174 ms] [UE 59499] UL: SNR = 53.50 dB | SE = 17.506 bit/s/Hz
[26174 ms] [UE 8279] UL: SNR = 53.50 dB | SE = 17.506 bit/s/Hz
[26174 ms] [UE 12524] UL: SNR = 56.50 dB | SE = 18.487 bit/s/Hz
[26197 ms] [UE 14608] UL: SNR = 63.50 dB | SE = 20.778 bit/s/Hz
[26197 ms] [UE 54487] UL: SNR = 54.50 dB | SE = 17.833 bit/s/Hz
[26197 ms] [UE 2959] UL: SNR = 34.00 dB | SE = 11.126 bit/s/Hz
[26197 ms] [UE 14350] UL: SNR = 56.00 dB | SE = 18.324 bit/s/Hz
[26197 ms] [UE 9290] UL: SNR = 7.00 dB | SE = 2.549 bit/s/Hz
[26197 ms] [UE 60232] UL: SNR = 35.50 dB | SE = 11.616 bit/s/Hz
[26197 ms] [UE 37624] UL: SNR = 63.50 dB | SE = 20.778 bit/s/Hz
[26197 ms] [UE 18432] UL: SNR = 63.50 dB | SE = 20.778 bit/s/Hz
[26197 ms] [UE 55143] UL: SNR = 63.50 dB | SE = 20.778 bit/s/Hz
[26197 ms] [UE 55862] UL: SNR = 47.00 dB | SE = 15.379 bit/s/Hz
[26197 ms] [UE 62817] UL: SNR = 51.00 dB | SE = 16.688 bit/s/Hz
[26197 ms] [UE 5257] UL: SNR = 53.50 dB | SE = 17.506 bit/s/Hz
[27185 ms] [UE 54141] UL: SNR = 63.50 dB | SE = 20.778 bit/s/Hz
[27185 ms] [UE 14002] UL: SNR = 53.50 dB | SE = 17.506 bit/s/Hz
[27185 ms] [UE 55839] UL: SNR = 56.50 dB | SE = 18.487 bit/s/Hz
[27185 ms] [UE 47098] UL: SNR = 51.50 dB | SE = 16.851 bit/s/Hz
[27185 ms] [UE 46443] UL: SNR = 61.00 dB | SE = 19.960 bit/s/Hz
[27185 ms] [UE 40142] UL: SNR = 58.00 dB | SE = 18.978 bit/s/Hz
[27185 ms] [UE 1171] UL: SNR = 55.00 dB | SE = 17.997 bit/s/Hz
[27185 ms] [UE 59499] UL: SNR = 53.50 dB | SE = 17.506 bit/s/Hz
[27185 ms] [UE 8279] UL: SNR = 53.50 dB | SE = 17.506 bit/s/Hz
[27185 ms] [UE 12524] UL: SNR = 56.50 dB | SE = 18.487 bit/s/Hz
[27198 ms] [UE 14608] UL: SNR = 63.50 dB | SE = 20.778 bit/s/Hz
[27198 ms] [UE 54487] UL: SNR = 63.50 dB | SE = 20.778 bit/s/Hz
[27198 ms] [UE 2959] UL: SNR = 34.00 dB | SE = 11.126 bit/s/Hz
[27198 ms] [UE 14350] UL: SNR = 56.00 dB | SE = 18.324 bit/s/Hz
[27198 ms] [UE 9290] UL: SNR = 7.00 dB | SE = 2.549 bit/s/Hz
[27198 ms] [UE 60232] UL: SNR = 35.50 dB | SE = 11.616 bit/s/Hz
[27198 ms] [UE 37624] UL: SNR = 63.50 dB | SE = 20.778 bit/s/Hz
[27198 ms] [UE 18432] UL: SNR = 63.50 dB | SE = 20.778 bit/s/Hz
[27198 ms] [UE 55143] UL: SNR = 63.50 dB | SE = 20.778 bit/s/Hz
[27198 ms] [UE 55862] UL: SNR = 47.00 dB | SE = 15.379 bit/s/Hz
[27198 ms] [UE 62817] UL: SNR = 51.00 dB | SE = 16.688 bit/s/Hz
[27198 ms] [UE 5257] UL: SNR = 53.50 dB | SE = 17.506 bit/s/Hz
[28195 ms] [UE 54141] UL: SNR = 63.50 dB | SE = 20.778 bit/s/Hz
[28195 ms] [UE 14002] UL: SNR = 53.50 dB | SE = 17.506 bit/s/Hz
[28195 ms] [UE 55839] UL: SNR = 56.50 dB | SE = 18.487 bit/s/Hz
[28195 ms] [UE 47098] UL: SNR = 51.50 dB | SE = 16.851 bit/s/Hz
[28195 ms] [UE 46443] UL: SNR = 61.00 dB | SE = 19.960 bit/s/Hz
[28195 ms] [UE 40142] UL: SNR = 58.00 dB | SE = 18.978 bit/s/Hz
[28195 ms] [UE 1171] UL: SNR = 55.00 dB | SE = 17.997 bit/s/Hz
[28195 ms] [UE 59499] UL: SNR = 53.50 dB | SE = 17.506 bit/s/Hz
[28195 ms] [UE 8279] UL: SNR = 53.50 dB | SE = 17.506 bit/s/Hz
[28195 ms] [UE 12524] UL: SNR = 56.50 dB | SE = 18.487 bit/s/Hz
[28207 ms] [UE 14608] UL: SNR = 63.50 dB | SE = 20.778 bit/s/Hz
[28207 ms] [UE 54487] UL: SNR = 63.50 dB | SE = 20.778 bit/s/Hz
[28207 ms] [UE 2959] UL: SNR = 34.00 dB | SE = 11.126 bit/s/Hz
[28207 ms] [UE 14350] UL: SNR = 56.00 dB | SE = 18.324 bit/s/Hz
[28207 ms] [UE 9290] UL: SNR = 7.00 dB | SE = 2.549 bit/s/Hz
[28207 ms] [UE 60232] UL: SNR = 35.50 dB | SE = 11.616 bit/s/Hz
[28207 ms] [UE 37624] UL: SNR = 63.50 dB | SE = 20.778 bit/s/Hz
[28207 ms] [UE 18432] UL: SNR = 63.50 dB | SE = 20.778 bit/s/Hz
[28207 ms] [UE 55143] UL: SNR = 63.50 dB | SE = 20.778 bit/s/Hz
[28207 ms] [UE 55862] UL: SNR = 47.00 dB | SE = 15.379 bit/s/Hz
[28207 ms] [UE 62817] UL: SNR = 51.00 dB | SE = 16.688 bit/s/Hz
[28207 ms] [UE 5257] UL: SNR = 53.50 dB | SE = 17.506 bit/s/Hz
[29205 ms] [UE 54141] UL: SNR = 63.50 dB | SE = 20.778 bit/s/Hz
[29205 ms] [UE 14002] UL: SNR = 53.50 dB | SE = 17.506 bit/s/Hz
[29205 ms] [UE 55839] UL: SNR = 56.50 dB | SE = 18.487 bit/s/Hz
[29205 ms] [UE 47098] UL: SNR = 51.50 dB | SE = 16.851 bit/s/Hz
[29205 ms] [UE 46443] UL: SNR = 61.00 dB | SE = 19.960 bit/s/Hz
[29205 ms] [UE 40142] UL: SNR = 58.00 dB | SE = 18.978 bit/s/Hz
[29205 ms] [UE 1171] UL: SNR = 55.00 dB | SE = 17.997 bit/s/Hz
[29205 ms] [UE 59499] UL: SNR = 53.50 dB | SE = 17.506 bit/s/Hz
[29205 ms] [UE 8279] UL: SNR = 53.50 dB | SE = 17.506 bit/s/Hz
[29205 ms] [UE 12524] UL: SNR = 56.50 dB | SE = 18.487 bit/s/Hz
[29208 ms] [UE 14608] UL: SNR = 63.50 dB | SE = 20.778 bit/s/Hz
[29208 ms] [UE 54487] UL: SNR = 63.50 dB | SE = 20.778 bit/s/Hz
[29208 ms] [UE 2959] UL: SNR = 34.00 dB | SE = 11.126 bit/s/Hz
[29208 ms] [UE 14350] UL: SNR = 56.00 dB | SE = 18.324 bit/s/Hz
[29208 ms] [UE 9290] UL: SNR = 7.00 dB | SE = 2.549 bit/s/Hz
[29208 ms] [UE 60232] UL: SNR = 35.50 dB | SE = 11.616 bit/s/Hz
[29208 ms] [UE 37624] UL: SNR = 63.50 dB | SE = 20.778 bit/s/Hz
[29208 ms] [UE 18432] UL: SNR = 63.50 dB | SE = 20.778 bit/s/Hz
[29208 ms] [UE 55143] UL: SNR = 63.50 dB | SE = 20.778 bit/s/Hz
[29208 ms] [UE 55862] UL: SNR = 47.00 dB | SE = 15.379 bit/s/Hz
[29208 ms] [UE 62817] UL: SNR = 51.00 dB | SE = 16.688 bit/s/Hz
[29208 ms] [UE 5257] UL: SNR = 53.50 dB | SE = 17.506 bit/s/Hz
[30214 ms] [UE 54141] UL: SNR = 63.50 dB | SE = 20.778 bit/s/Hz
[30214 ms] [UE 14002] UL: SNR = 53.50 dB | SE = 17.506 bit/s/Hz
[30214 ms] [UE 55839] UL: SNR = 56.50 dB | SE = 18.487 bit/s/Hz
[30214 ms] [UE 47098] UL: SNR = 51.50 dB | SE = 16.851 bit/s/Hz
[30214 ms] [UE 46443] UL: SNR = 61.00 dB | SE = 19.960 bit/s/Hz
[30214 ms] [UE 40142] UL: SNR = 58.00 dB | SE = 18.978 bit/s/Hz
[30214 ms] [UE 1171] UL: SNR = 55.00 dB | SE = 17.997 bit/s/Hz
[30214 ms] [UE 59499] UL: SNR = 53.50 dB | SE = 17.506 bit/s/Hz
[30214 ms] [UE 8279] UL: SNR = 53.50 dB | SE = 17.506 bit/s/Hz
[30214 ms] [UE 12524] UL: SNR = 56.50 dB | SE = 18.487 bit/s/Hz
[30217 ms] [UE 14608] UL: SNR = 63.50 dB | SE = 20.778 bit/s/Hz
[30217 ms] [UE 54487] UL: SNR = 63.50 dB | SE = 20.778 bit/s/Hz
[30217 ms] [UE 2959] UL: SNR = 34.00 dB | SE = 11.126 bit/s/Hz
[30217 ms] [UE 14350] UL: SNR = 56.00 dB | SE = 18.324 bit/s/Hz
[30217 ms] [UE 9290] UL: SNR = 7.00 dB | SE = 2.549 bit/s/Hz
[30217 ms] [UE 60232] UL: SNR = 35.50 dB | SE = 11.616 bit/s/Hz
[30217 ms] [UE 37624] UL: SNR = 63.50 dB | SE = 20.778 bit/s/Hz
[30217 ms] [UE 18432] UL: SNR = 63.50 dB | SE = 20.778 bit/s/Hz
[30217 ms] [UE 55143] UL: SNR = 63.50 dB | SE = 20.778 bit/s/Hz
[30217 ms] [UE 55862] UL: SNR = 47.00 dB | SE = 15.379 bit/s/Hz
[30217 ms] [UE 62817] UL: SNR = 51.00 dB | SE = 16.688 bit/s/Hz
[30217 ms] [UE 5257] UL: SNR = 53.50 dB | SE = 17.506 bit/s/Hz
[31217 ms] [UE 54141] UL: SNR = 63.50 dB | SE = 20.778 bit/s/Hz
[31217 ms] [UE 14002] UL: SNR = 53.50 dB | SE = 17.506 bit/s/Hz
[31217 ms] [UE 55839] UL: SNR = 56.50 dB | SE = 18.487 bit/s/Hz
[31217 ms] [UE 47098] UL: SNR = 51.50 dB | SE = 16.851 bit/s/Hz
[31217 ms] [UE 46443] UL: SNR = 61.00 dB | SE = 19.960 bit/s/Hz
[31217 ms] [UE 40142] UL: SNR = 58.00 dB | SE = 18.978 bit/s/Hz
[31217 ms] [UE 1171] UL: SNR = 55.00 dB | SE = 17.997 bit/s/Hz
[31217 ms] [UE 59499] UL: SNR = 53.50 dB | SE = 17.506 bit/s/Hz
[31217 ms] [UE 8279] UL: SNR = 53.50 dB | SE = 17.506 bit/s/Hz
[31217 ms] [UE 12524] UL: SNR = 56.50 dB | SE = 18.487 bit/s/Hz
[31218 ms] [UE 14608] UL: SNR = 63.50 dB | SE = 20.778 bit/s/Hz
[31218 ms] [UE 54487] UL: SNR = 63.50 dB | SE = 20.778 bit/s/Hz
[31218 ms] [UE 2959] UL: SNR = 34.00 dB | SE = 11.126 bit/s/Hz
[31218 ms] [UE 14350] UL: SNR = 56.00 dB | SE = 18.324 bit/s/Hz
[31218 ms] [UE 9290] UL: SNR = 7.00 dB | SE = 2.549 bit/s/Hz
[31218 ms] [UE 60232] UL: SNR = 35.50 dB | SE = 11.616 bit/s/Hz
[31218 ms] [UE 37624] UL: SNR = 63.50 dB | SE = 20.778 bit/s/Hz
[31218 ms] [UE 18432] UL: SNR = 63.50 dB | SE = 20.778 bit/s/Hz
[31218 ms] [UE 55143] UL: SNR = 63.50 dB | SE = 20.778 bit/s/Hz
[31218 ms] [UE 55862] UL: SNR = 47.00 dB | SE = 15.379 bit/s/Hz
[31218 ms] [UE 62817] UL: SNR = 51.00 dB | SE = 16.688 bit/s/Hz
[31218 ms] [UE 5257] UL: SNR = 53.50 dB | SE = 17.506 bit/s/Hz
[32228 ms] [UE 54141] UL: SNR = 63.50 dB | SE = 20.778 bit/s/Hz
[32228 ms] [UE 14002] UL: SNR = 59.00 dB | SE = 19.305 bit/s/Hz
[32228 ms] [UE 55839] UL: SNR = 60.00 dB | SE = 19.633 bit/s/Hz
[32228 ms] [UE 47098] UL: SNR = 51.50 dB | SE = 16.851 bit/s/Hz
[32228 ms] [UE 46443] UL: SNR = 61.00 dB | SE = 19.960 bit/s/Hz
[32228 ms] [UE 40142] UL: SNR = 58.00 dB | SE = 18.978 bit/s/Hz
[32228 ms] [UE 1171] UL: SNR = 55.00 dB | SE = 17.997 bit/s/Hz
[32228 ms] [UE 59499] UL: SNR = 53.50 dB | SE = 17.506 bit/s/Hz
[32228 ms] [UE 8279] UL: SNR = 53.50 dB | SE = 17.506 bit/s/Hz
[32228 ms] [UE 12524] UL: SNR = 56.50 dB | SE = 18.487 bit/s/Hz
[32228 ms] [UE 14608] UL: SNR = 63.50 dB | SE = 20.778 bit/s/Hz
[32228 ms] [UE 54487] UL: SNR = 55.50 dB | SE = 18.160 bit/s/Hz
[32228 ms] [UE 2959] UL: SNR = 34.00 dB | SE = 11.126 bit/s/Hz
[32228 ms] [UE 14350] UL: SNR = 63.50 dB | SE = 20.778 bit/s/Hz
[32228 ms] [UE 9290] UL: SNR = 7.00 dB | SE = 2.549 bit/s/Hz
[32228 ms] [UE 60232] UL: SNR = 35.50 dB | SE = 11.616 bit/s/Hz
[32228 ms] [UE 37624] UL: SNR = 54.00 dB | SE = 17.669 bit/s/Hz
[32228 ms] [UE 18432] UL: SNR = 63.50 dB | SE = 20.778 bit/s/Hz
[32228 ms] [UE 55143] UL: SNR = 63.50 dB | SE = 20.778 bit/s/Hz
[32228 ms] [UE 55862] UL: SNR = 43.00 dB | SE = 14.070 bit/s/Hz
[32228 ms] [UE 62817] UL: SNR = 51.00 dB | SE = 16.688 bit/s/Hz
[32228 ms] [UE 5257] UL: SNR = 47.00 dB | SE = 15.379 bit/s/Hz
[33234 ms] [UE 54141] UL: SNR = 63.50 dB | SE = 20.778 bit/s/Hz
[33234 ms] [UE 14002] UL: SNR = 59.00 dB | SE = 19.305 bit/s/Hz
[33234 ms] [UE 55839] UL: SNR = 60.00 dB | SE = 19.633 bit/s/Hz
[33234 ms] [UE 47098] UL: SNR = 51.50 dB | SE = 16.851 bit/s/Hz
[33234 ms] [UE 46443] UL: SNR = 61.00 dB | SE = 19.960 bit/s/Hz
[33234 ms] [UE 40142] UL: SNR = 58.00 dB | SE = 18.978 bit/s/Hz
[33234 ms] [UE 1171] UL: SNR = 55.00 dB | SE = 17.997 bit/s/Hz
[33234 ms] [UE 59499] UL: SNR = 53.50 dB | SE = 17.506 bit/s/Hz
[33234 ms] [UE 8279] UL: SNR = 53.50 dB | SE = 17.506 bit/s/Hz
[33234 ms] [UE 12524] UL: SNR = 56.50 dB | SE = 18.487 bit/s/Hz
[33237 ms] [UE 14608] UL: SNR = 61.50 dB | SE = 20.123 bit/s/Hz
[33237 ms] [UE 54487] UL: SNR = 49.50 dB | SE = 16.197 bit/s/Hz
[33237 ms] [UE 2959] UL: SNR = 34.00 dB | SE = 11.126 bit/s/Hz
[33237 ms] [UE 14350] UL: SNR = 63.50 dB | SE = 20.778 bit/s/Hz
[33237 ms] [UE 9290] UL: SNR = 7.00 dB | SE = 2.549 bit/s/Hz
[33237 ms] [UE 60232] UL: SNR = 35.50 dB | SE = 11.616 bit/s/Hz
[33237 ms] [UE 37624] UL: SNR = 53.00 dB | SE = 17.342 bit/s/Hz
[33237 ms] [UE 18432] UL: SNR = 63.50 dB | SE = 20.778 bit/s/Hz
[33237 ms] [UE 55143] UL: SNR = 62.00 dB | SE = 20.287 bit/s/Hz
[33237 ms] [UE 55862] UL: SNR = 42.50 dB | SE = 13.907 bit/s/Hz
[33237 ms] [UE 62817] UL: SNR = 47.00 dB | SE = 15.379 bit/s/Hz
[33237 ms] [UE 5257] UL: SNR = 47.00 dB | SE = 15.379 bit/s/Hz
[34236 ms] [UE 54141] UL: SNR = 63.50 dB | SE = 20.778 bit/s/Hz
[34236 ms] [UE 14002] UL: SNR = 59.00 dB | SE = 19.305 bit/s/Hz
[34236 ms] [UE 55839] UL: SNR = 60.00 dB | SE = 19.633 bit/s/Hz
[34236 ms] [UE 47098] UL: SNR = 55.50 dB | SE = 18.160 bit/s/Hz
[34236 ms] [UE 46443] UL: SNR = 61.00 dB | SE = 19.960 bit/s/Hz
[34236 ms] [UE 40142] UL: SNR = 58.00 dB | SE = 18.978 bit/s/Hz
[34236 ms] [UE 1171] UL: SNR = 55.00 dB | SE = 17.997 bit/s/Hz
[34236 ms] [UE 59499] UL: SNR = 53.50 dB | SE = 17.506 bit/s/Hz
[34236 ms] [UE 8279] UL: SNR = 53.50 dB | SE = 17.506 bit/s/Hz
[34236 ms] [UE 12524] UL: SNR = 56.50 dB | SE = 18.487 bit/s/Hz
[34248 ms] [UE 14608] UL: SNR = 63.50 dB | SE = 20.778 bit/s/Hz
[34248 ms] [UE 54487] UL: SNR = 54.50 dB | SE = 17.833 bit/s/Hz
[34248 ms] [UE 2959] UL: SNR = 34.00 dB | SE = 11.126 bit/s/Hz
[34248 ms] [UE 14350] UL: SNR = 56.00 dB | SE = 18.324 bit/s/Hz
[34248 ms] [UE 9290] UL: SNR = 7.00 dB | SE = 2.549 bit/s/Hz
[34248 ms] [UE 60232] UL: SNR = 35.50 dB | SE = 11.616 bit/s/Hz
[34248 ms] [UE 37624] UL: SNR = 63.50 dB | SE = 20.778 bit/s/Hz
[34248 ms] [UE 18432] UL: SNR = 63.50 dB | SE = 20.778 bit/s/Hz
[34248 ms] [UE 55143] UL: SNR = 62.00 dB | SE = 20.287 bit/s/Hz
[34248 ms] [UE 55862] UL: SNR = 58.00 dB | SE = 18.978 bit/s/Hz
[34248 ms] [UE 62817] UL: SNR = 60.50 dB | SE = 19.796 bit/s/Hz
[34248 ms] [UE 5257] UL: SNR = 58.00 dB | SE = 18.978 bit/s/Hz
[35244 ms] [UE 54141] UL: SNR = 63.50 dB | SE = 20.778 bit/s/Hz
[35244 ms] [UE 14002] UL: SNR = 53.00 dB | SE = 17.342 bit/s/Hz
[35244 ms] [UE 55839] UL: SNR = 56.00 dB | SE = 18.324 bit/s/Hz
[35244 ms] [UE 47098] UL: SNR = 51.00 dB | SE = 16.688 bit/s/Hz
[35244 ms] [UE 46443] UL: SNR = 61.00 dB | SE = 19.960 bit/s/Hz
[35244 ms] [UE 40142] UL: SNR = 58.00 dB | SE = 18.978 bit/s/Hz
[35244 ms] [UE 1171] UL: SNR = 55.00 dB | SE = 17.997 bit/s/Hz
[35244 ms] [UE 59499] UL: SNR = 53.50 dB | SE = 17.506 bit/s/Hz
[35244 ms] [UE 8279] UL: SNR = 53.50 dB | SE = 17.506 bit/s/Hz
[35244 ms] [UE 12524] UL: SNR = 56.50 dB | SE = 18.487 bit/s/Hz
[35258 ms] [UE 14608] UL: SNR = 63.50 dB | SE = 20.778 bit/s/Hz
[35258 ms] [UE 54487] UL: SNR = 54.50 dB | SE = 17.833 bit/s/Hz
[35258 ms] [UE 2959] UL: SNR = 34.00 dB | SE = 11.126 bit/s/Hz
[35258 ms] [UE 14350] UL: SNR = 56.00 dB | SE = 18.324 bit/s/Hz
[35258 ms] [UE 9290] UL: SNR = 7.00 dB | SE = 2.549 bit/s/Hz
[35258 ms] [UE 60232] UL: SNR = 35.50 dB | SE = 11.616 bit/s/Hz
[35258 ms] [UE 37624] UL: SNR = 63.50 dB | SE = 20.778 bit/s/Hz
[35258 ms] [UE 18432] UL: SNR = 63.50 dB | SE = 20.778 bit/s/Hz
[35258 ms] [UE 55143] UL: SNR = 63.50 dB | SE = 20.778 bit/s/Hz
[35258 ms] [UE 55862] UL: SNR = 45.50 dB | SE = 14.888 bit/s/Hz
[35258 ms] [UE 62817] UL: SNR = 52.00 dB | SE = 17.015 bit/s/Hz
[35258 ms] [UE 5257] UL: SNR = 53.50 dB | SE = 17.506 bit/s/Hz
[36245 ms] [UE 54141] UL: SNR = 63.50 dB | SE = 20.778 bit/s/Hz
[36245 ms] [UE 14002] UL: SNR = 53.00 dB | SE = 17.342 bit/s/Hz
[36245 ms] [UE 55839] UL: SNR = 56.00 dB | SE = 18.324 bit/s/Hz
[36245 ms] [UE 47098] UL: SNR = 51.00 dB | SE = 16.688 bit/s/Hz
[36245 ms] [UE 46443] UL: SNR = 61.00 dB | SE = 19.960 bit/s/Hz
[36245 ms] [UE 40142] UL: SNR = 58.00 dB | SE = 18.978 bit/s/Hz
[36245 ms] [UE 1171] UL: SNR = 55.00 dB | SE = 17.997 bit/s/Hz
[36245 ms] [UE 59499] UL: SNR = 53.50 dB | SE = 17.506 bit/s/Hz
[36245 ms] [UE 8279] UL: SNR = 53.50 dB | SE = 17.506 bit/s/Hz
[36245 ms] [UE 12524] UL: SNR = 56.50 dB | SE = 18.487 bit/s/Hz
[36267 ms] [UE 14608] UL: SNR = 63.50 dB | SE = 20.778 bit/s/Hz
[36267 ms] [UE 54487] UL: SNR = 63.50 dB | SE = 20.778 bit/s/Hz
[36267 ms] [UE 2959] UL: SNR = 34.00 dB | SE = 11.126 bit/s/Hz
[36267 ms] [UE 14350] UL: SNR = 56.00 dB | SE = 18.324 bit/s/Hz
[36267 ms] [UE 9290] UL: SNR = 7.00 dB | SE = 2.549 bit/s/Hz
[36267 ms] [UE 60232] UL: SNR = 35.50 dB | SE = 11.616 bit/s/Hz
[36267 ms] [UE 37624] UL: SNR = 63.50 dB | SE = 20.778 bit/s/Hz
[36267 ms] [UE 18432] UL: SNR = 63.50 dB | SE = 20.778 bit/s/Hz
[36267 ms] [UE 55143] UL: SNR = 63.50 dB | SE = 20.778 bit/s/Hz
[36267 ms] [UE 55862] UL: SNR = 45.50 dB | SE = 14.888 bit/s/Hz
[36267 ms] [UE 62817] UL: SNR = 52.00 dB | SE = 17.015 bit/s/Hz
[36267 ms] [UE 5257] UL: SNR = 53.50 dB | SE = 17.506 bit/s/Hz
[37254 ms] [UE 54141] UL: SNR = 63.50 dB | SE = 20.778 bit/s/Hz
[37254 ms] [UE 14002] UL: SNR = 53.00 dB | SE = 17.342 bit/s/Hz
[37254 ms] [UE 55839] UL: SNR = 56.00 dB | SE = 18.324 bit/s/Hz
[37254 ms] [UE 47098] UL: SNR = 51.00 dB | SE = 16.688 bit/s/Hz
[37254 ms] [UE 46443] UL: SNR = 61.00 dB | SE = 19.960 bit/s/Hz
[37254 ms] [UE 40142] UL: SNR = 58.00 dB | SE = 18.978 bit/s/Hz
[37254 ms] [UE 1171] UL: SNR = 55.00 dB | SE = 17.997 bit/s/Hz
[37254 ms] [UE 59499] UL: SNR = 53.50 dB | SE = 17.506 bit/s/Hz
[37254 ms] [UE 8279] UL: SNR = 53.50 dB | SE = 17.506 bit/s/Hz
[37254 ms] [UE 12524] UL: SNR = 56.50 dB | SE = 18.487 bit/s/Hz
[37278 ms] [UE 14608] UL: SNR = 63.50 dB | SE = 20.778 bit/s/Hz
[37278 ms] [UE 54487] UL: SNR = 63.50 dB | SE = 20.778 bit/s/Hz
[37278 ms] [UE 2959] UL: SNR = 34.00 dB | SE = 11.126 bit/s/Hz
[37278 ms] [UE 14350] UL: SNR = 56.00 dB | SE = 18.324 bit/s/Hz
[37278 ms] [UE 9290] UL: SNR = 7.00 dB | SE = 2.549 bit/s/Hz
[37278 ms] [UE 60232] UL: SNR = 35.50 dB | SE = 11.616 bit/s/Hz
[37278 ms] [UE 37624] UL: SNR = 63.50 dB | SE = 20.778 bit/s/Hz
[37278 ms] [UE 18432] UL: SNR = 63.50 dB | SE = 20.778 bit/s/Hz
[37278 ms] [UE 55143] UL: SNR = 63.50 dB | SE = 20.778 bit/s/Hz
[37278 ms] [UE 55862] UL: SNR = 45.50 dB | SE = 14.888 bit/s/Hz
[37278 ms] [UE 62817] UL: SNR = 52.00 dB | SE = 17.015 bit/s/Hz
[37278 ms] [UE 5257] UL: SNR = 53.50 dB | SE = 17.506 bit/s/Hz
[38255 ms] [UE 54141] UL: SNR = 63.50 dB | SE = 20.778 bit/s/Hz
[38255 ms] [UE 14002] UL: SNR = 53.00 dB | SE = 17.342 bit/s/Hz
[38255 ms] [UE 55839] UL: SNR = 56.00 dB | SE = 18.324 bit/s/Hz
[38255 ms] [UE 47098] UL: SNR = 51.00 dB | SE = 16.688 bit/s/Hz
[38255 ms] [UE 46443] UL: SNR = 61.00 dB | SE = 19.960 bit/s/Hz
[38255 ms] [UE 40142] UL: SNR = 58.00 dB | SE = 18.978 bit/s/Hz
[38255 ms] [UE 1171] UL: SNR = 55.00 dB | SE = 17.997 bit/s/Hz
[38255 ms] [UE 59499] UL: SNR = 53.50 dB | SE = 17.506 bit/s/Hz
[38255 ms] [UE 8279] UL: SNR = 53.50 dB | SE = 17.506 bit/s/Hz
[38255 ms] [UE 12524] UL: SNR = 56.50 dB | SE = 18.487 bit/s/Hz
[38287 ms] [UE 14608] UL: SNR = 63.50 dB | SE = 20.778 bit/s/Hz
[38287 ms] [UE 54487] UL: SNR = 63.50 dB | SE = 20.778 bit/s/Hz
[38287 ms] [UE 2959] UL: SNR = 34.00 dB | SE = 11.126 bit/s/Hz
[38287 ms] [UE 14350] UL: SNR = 56.00 dB | SE = 18.324 bit/s/Hz
[38287 ms] [UE 9290] UL: SNR = 7.00 dB | SE = 2.549 bit/s/Hz
[38287 ms] [UE 60232] UL: SNR = 35.50 dB | SE = 11.616 bit/s/Hz
[38287 ms] [UE 37624] UL: SNR = 63.50 dB | SE = 20.778 bit/s/Hz
[38287 ms] [UE 18432] UL: SNR = 63.50 dB | SE = 20.778 bit/s/Hz
[38287 ms] [UE 55143] UL: SNR = 63.50 dB | SE = 20.778 bit/s/Hz
[38287 ms] [UE 55862] UL: SNR = 45.50 dB | SE = 14.888 bit/s/Hz
[38287 ms] [UE 62817] UL: SNR = 52.00 dB | SE = 17.015 bit/s/Hz
[38287 ms] [UE 5257] UL: SNR = 53.50 dB | SE = 17.506 bit/s/Hz
[39265 ms] [UE 54141] UL: SNR = 63.50 dB | SE = 20.778 bit/s/Hz
[39265 ms] [UE 14002] UL: SNR = 53.00 dB | SE = 17.342 bit/s/Hz
[39265 ms] [UE 55839] UL: SNR = 56.00 dB | SE = 18.324 bit/s/Hz
[39265 ms] [UE 47098] UL: SNR = 51.00 dB | SE = 16.688 bit/s/Hz
[39265 ms] [UE 46443] UL: SNR = 61.00 dB | SE = 19.960 bit/s/Hz
[39265 ms] [UE 40142] UL: SNR = 58.00 dB | SE = 18.978 bit/s/Hz
[39265 ms] [UE 1171] UL: SNR = 55.00 dB | SE = 17.997 bit/s/Hz
[39265 ms] [UE 59499] UL: SNR = 53.50 dB | SE = 17.506 bit/s/Hz
[39265 ms] [UE 8279] UL: SNR = 53.50 dB | SE = 17.506 bit/s/Hz
[39265 ms] [UE 12524] UL: SNR = 56.50 dB | SE = 18.487 bit/s/Hz
[39288 ms] [UE 14608] UL: SNR = 63.50 dB | SE = 20.778 bit/s/Hz
[39288 ms] [UE 54487] UL: SNR = 63.50 dB | SE = 20.778 bit/s/Hz
[39288 ms] [UE 2959] UL: SNR = 34.00 dB | SE = 11.126 bit/s/Hz
[39288 ms] [UE 14350] UL: SNR = 56.00 dB | SE = 18.324 bit/s/Hz
[39288 ms] [UE 9290] UL: SNR = 7.00 dB | SE = 2.549 bit/s/Hz
[39288 ms] [UE 60232] UL: SNR = 35.50 dB | SE = 11.616 bit/s/Hz
[39288 ms] [UE 37624] UL: SNR = 63.50 dB | SE = 20.778 bit/s/Hz
[39288 ms] [UE 18432] UL: SNR = 63.50 dB | SE = 20.778 bit/s/Hz
[39288 ms] [UE 55143] UL: SNR = 63.50 dB | SE = 20.778 bit/s/Hz
[39288 ms] [UE 55862] UL: SNR = 45.50 dB | SE = 14.888 bit/s/Hz
[39288 ms] [UE 62817] UL: SNR = 52.00 dB | SE = 17.015 bit/s/Hz
[39288 ms] [UE 5257] UL: SNR = 53.50 dB | SE = 17.506 bit/s/Hz
[40274 ms] [UE 54141] UL: SNR = 63.50 dB | SE = 20.778 bit/s/Hz
[40274 ms] [UE 14002] UL: SNR = 53.00 dB | SE = 17.342 bit/s/Hz
[40274 ms] [UE 55839] UL: SNR = 56.00 dB | SE = 18.324 bit/s/Hz
[40274 ms] [UE 47098] UL: SNR = 51.00 dB | SE = 16.688 bit/s/Hz
[40274 ms] [UE 46443] UL: SNR = 61.00 dB | SE = 19.960 bit/s/Hz
[40274 ms] [UE 40142] UL: SNR = 58.00 dB | SE = 18.978 bit/s/Hz
[40274 ms] [UE 1171] UL: SNR = 55.00 dB | SE = 17.997 bit/s/Hz
[40274 ms] [UE 59499] UL: SNR = 53.50 dB | SE = 17.506 bit/s/Hz
[40274 ms] [UE 8279] UL: SNR = 53.50 dB | SE = 17.506 bit/s/Hz
[40274 ms] [UE 12524] UL: SNR = 56.50 dB | SE = 18.487 bit/s/Hz
[40297 ms] [UE 14608] UL: SNR = 63.50 dB | SE = 20.778 bit/s/Hz
[40297 ms] [UE 54487] UL: SNR = 55.00 dB | SE = 17.997 bit/s/Hz
[40297 ms] [UE 2959] UL: SNR = 34.00 dB | SE = 11.126 bit/s/Hz
[40297 ms] [UE 14350] UL: SNR = 53.50 dB | SE = 17.506 bit/s/Hz
[40297 ms] [UE 9290] UL: SNR = 7.00 dB | SE = 2.549 bit/s/Hz
[40297 ms] [UE 60232] UL: SNR = 35.50 dB | SE = 11.616 bit/s/Hz
[40297 ms] [UE 37624] UL: SNR = 53.00 dB | SE = 17.342 bit/s/Hz
[40297 ms] [UE 18432] UL: SNR = 63.50 dB | SE = 20.778 bit/s/Hz
[40297 ms] [UE 55143] UL: SNR = 62.00 dB | SE = 20.287 bit/s/Hz
[40297 ms] [UE 55862] UL: SNR = 43.00 dB | SE = 14.070 bit/s/Hz
[40297 ms] [UE 62817] UL: SNR = 48.00 dB | SE = 15.706 bit/s/Hz
[40297 ms] [UE 5257] UL: SNR = 50.50 dB | SE = 16.524 bit/s/Hz
[41286 ms] [UE 54141] UL: SNR = 63.50 dB | SE = 20.778 bit/s/Hz
[41286 ms] [UE 14002] UL: SNR = 53.00 dB | SE = 17.342 bit/s/Hz
[41286 ms] [UE 55839] UL: SNR = 53.50 dB | SE = 17.506 bit/s/Hz
[41286 ms] [UE 47098] UL: SNR = 51.00 dB | SE = 16.688 bit/s/Hz
[41286 ms] [UE 46443] UL: SNR = 61.00 dB | SE = 19.960 bit/s/Hz
[41286 ms] [UE 40142] UL: SNR = 58.00 dB | SE = 18.978 bit/s/Hz
[41286 ms] [UE 1171] UL: SNR = 55.00 dB | SE = 17.997 bit/s/Hz
[41286 ms] [UE 59499] UL: SNR = 53.50 dB | SE = 17.506 bit/s/Hz
[41286 ms] [UE 8279] UL: SNR = 53.50 dB | SE = 17.506 bit/s/Hz
[41286 ms] [UE 12524] UL: SNR = 56.50 dB | SE = 18.487 bit/s/Hz
[41298 ms] [UE 14608] UL: SNR = 60.50 dB | SE = 19.796 bit/s/Hz
[41298 ms] [UE 54487] UL: SNR = 50.00 dB | SE = 16.361 bit/s/Hz
[41298 ms] [UE 2959] UL: SNR = 34.00 dB | SE = 11.126 bit/s/Hz
[41298 ms] [UE 14350] UL: SNR = 63.50 dB | SE = 20.778 bit/s/Hz
[41298 ms] [UE 9290] UL: SNR = 7.00 dB | SE = 2.549 bit/s/Hz
[41298 ms] [UE 60232] UL: SNR = 35.50 dB | SE = 11.616 bit/s/Hz
[41298 ms] [UE 37624] UL: SNR = 51.50 dB | SE = 16.851 bit/s/Hz
[41298 ms] [UE 18432] UL: SNR = 63.50 dB | SE = 20.778 bit/s/Hz
[41298 ms] [UE 55143] UL: SNR = 62.00 dB | SE = 20.287 bit/s/Hz
[41298 ms] [UE 55862] UL: SNR = 42.50 dB | SE = 13.907 bit/s/Hz
[41298 ms] [UE 62817] UL: SNR = 47.00 dB | SE = 15.379 bit/s/Hz
[41298 ms] [UE 5257] UL: SNR = 48.00 dB | SE = 15.706 bit/s/Hz
[42294 ms] [UE 54141] UL: SNR = 63.50 dB | SE = 20.778 bit/s/Hz
[42294 ms] [UE 14002] UL: SNR = 53.00 dB | SE = 17.342 bit/s/Hz
[42294 ms] [UE 55839] UL: SNR = 53.50 dB | SE = 17.506 bit/s/Hz
[42294 ms] [UE 47098] UL: SNR = 55.50 dB | SE = 18.160 bit/s/Hz
[42294 ms] [UE 46443] UL: SNR = 61.00 dB | SE = 19.960 bit/s/Hz
[42294 ms] [UE 40142] UL: SNR = 58.00 dB | SE = 18.978 bit/s/Hz
[42294 ms] [UE 1171] UL: SNR = 55.00 dB | SE = 17.997 bit/s/Hz
[42294 ms] [UE 59499] UL: SNR = 53.50 dB | SE = 17.506 bit/s/Hz
[42294 ms] [UE 8279] UL: SNR = 53.50 dB | SE = 17.506 bit/s/Hz
[42294 ms] [UE 12524] UL: SNR = 56.50 dB | SE = 18.487 bit/s/Hz
[42307 ms] [UE 14608] UL: SNR = 63.50 dB | SE = 20.778 bit/s/Hz
[42307 ms] [UE 54487] UL: SNR = 62.00 dB | SE = 20.287 bit/s/Hz
[42307 ms] [UE 2959] UL: SNR = 34.00 dB | SE = 11.126 bit/s/Hz
[42307 ms] [UE 14350] UL: SNR = 63.50 dB | SE = 20.778 bit/s/Hz
[42307 ms] [UE 9290] UL: SNR = 7.00 dB | SE = 2.549 bit/s/Hz
[42307 ms] [UE 60232] UL: SNR = 35.50 dB | SE = 11.616 bit/s/Hz
[42307 ms] [UE 37624] UL: SNR = 51.50 dB | SE = 16.851 bit/s/Hz
[42307 ms] [UE 18432] UL: SNR = 63.50 dB | SE = 20.778 bit/s/Hz
[42307 ms] [UE 55143] UL: SNR = 63.50 dB | SE = 20.778 bit/s/Hz
[42307 ms] [UE 55862] UL: SNR = 52.00 dB | SE = 17.015 bit/s/Hz
[42307 ms] [UE 62817] UL: SNR = 59.50 dB | SE = 19.469 bit/s/Hz
[42307 ms] [UE 5257] UL: SNR = 48.00 dB | SE = 15.706 bit/s/Hz
[43295 ms] [UE 54141] UL: SNR = 63.50 dB | SE = 20.778 bit/s/Hz
[43295 ms] [UE 14002] UL: SNR = 53.50 dB | SE = 17.506 bit/s/Hz
[43295 ms] [UE 55839] UL: SNR = 56.50 dB | SE = 18.487 bit/s/Hz
[43295 ms] [UE 47098] UL: SNR = 51.50 dB | SE = 16.851 bit/s/Hz
[43295 ms] [UE 46443] UL: SNR = 61.00 dB | SE = 19.960 bit/s/Hz
[43295 ms] [UE 40142] UL: SNR = 58.00 dB | SE = 18.978 bit/s/Hz
[43295 ms] [UE 1171] UL: SNR = 55.00 dB | SE = 17.997 bit/s/Hz
[43295 ms] [UE 59499] UL: SNR = 53.50 dB | SE = 17.506 bit/s/Hz
[43295 ms] [UE 8279] UL: SNR = 53.50 dB | SE = 17.506 bit/s/Hz
[43295 ms] [UE 12524] UL: SNR = 56.50 dB | SE = 18.487 bit/s/Hz
[43317 ms] [UE 14608] UL: SNR = 63.50 dB | SE = 20.778 bit/s/Hz
[43317 ms] [UE 54487] UL: SNR = 54.50 dB | SE = 17.833 bit/s/Hz
[43317 ms] [UE 2959] UL: SNR = 34.00 dB | SE = 11.126 bit/s/Hz
[43317 ms] [UE 14350] UL: SNR = 56.00 dB | SE = 18.324 bit/s/Hz
[43317 ms] [UE 9290] UL: SNR = 7.00 dB | SE = 2.549 bit/s/Hz
[43317 ms] [UE 60232] UL: SNR = 35.50 dB | SE = 11.616 bit/s/Hz
[43317 ms] [UE 37624] UL: SNR = 63.50 dB | SE = 20.778 bit/s/Hz
[43317 ms] [UE 18432] UL: SNR = 63.50 dB | SE = 20.778 bit/s/Hz
[43317 ms] [UE 55143] UL: SNR = 63.50 dB | SE = 20.778 bit/s/Hz
[43317 ms] [UE 55862] UL: SNR = 45.50 dB | SE = 14.888 bit/s/Hz
[43317 ms] [UE 62817] UL: SNR = 52.00 dB | SE = 17.015 bit/s/Hz
[43317 ms] [UE 5257] UL: SNR = 54.00 dB | SE = 17.669 bit/s/Hz
[44295 ms] [UE 54141] UL: SNR = 63.50 dB | SE = 20.778 bit/s/Hz
[44295 ms] [UE 14002] UL: SNR = 53.50 dB | SE = 17.506 bit/s/Hz
[44295 ms] [UE 55839] UL: SNR = 56.50 dB | SE = 18.487 bit/s/Hz
[44295 ms] [UE 47098] UL: SNR = 51.50 dB | SE = 16.851 bit/s/Hz
[44295 ms] [UE 46443] UL: SNR = 61.00 dB | SE = 19.960 bit/s/Hz
[44295 ms] [UE 40142] UL: SNR = 58.00 dB | SE = 18.978 bit/s/Hz
[44295 ms] [UE 1171] UL: SNR = 55.00 dB | SE = 17.997 bit/s/Hz
[44295 ms] [UE 59499] UL: SNR = 53.50 dB | SE = 17.506 bit/s/Hz
[44295 ms] [UE 8279] UL: SNR = 53.50 dB | SE = 17.506 bit/s/Hz
[44295 ms] [UE 12524] UL: SNR = 56.50 dB | SE = 18.487 bit/s/Hz
[44318 ms] [UE 14608] UL: SNR = 63.50 dB | SE = 20.778 bit/s/Hz
[44318 ms] [UE 54487] UL: SNR = 63.50 dB | SE = 20.778 bit/s/Hz
[44318 ms] [UE 2959] UL: SNR = 34.00 dB | SE = 11.126 bit/s/Hz
[44318 ms] [UE 14350] UL: SNR = 56.00 dB | SE = 18.324 bit/s/Hz
[44318 ms] [UE 9290] UL: SNR = 7.00 dB | SE = 2.549 bit/s/Hz
[44318 ms] [UE 60232] UL: SNR = 35.50 dB | SE = 11.616 bit/s/Hz
[44318 ms] [UE 37624] UL: SNR = 63.50 dB | SE = 20.778 bit/s/Hz
[44318 ms] [UE 18432] UL: SNR = 63.50 dB | SE = 20.778 bit/s/Hz
[44318 ms] [UE 55143] UL: SNR = 63.50 dB | SE = 20.778 bit/s/Hz
[44318 ms] [UE 55862] UL: SNR = 45.50 dB | SE = 14.888 bit/s/Hz
[44318 ms] [UE 62817] UL: SNR = 52.00 dB | SE = 17.015 bit/s/Hz
[44318 ms] [UE 5257] UL: SNR = 54.00 dB | SE = 17.669 bit/s/Hz
[45297 ms] [UE 54141] UL: SNR = 63.50 dB | SE = 20.778 bit/s/Hz
[45297 ms] [UE 14002] UL: SNR = 53.50 dB | SE = 17.506 bit/s/Hz
[45297 ms] [UE 55839] UL: SNR = 56.50 dB | SE = 18.487 bit/s/Hz
[45297 ms] [UE 47098] UL: SNR = 51.50 dB | SE = 16.851 bit/s/Hz
[45297 ms] [UE 46443] UL: SNR = 61.00 dB | SE = 19.960 bit/s/Hz
[45297 ms] [UE 40142] UL: SNR = 58.00 dB | SE = 18.978 bit/s/Hz
[45297 ms] [UE 1171] UL: SNR = 55.00 dB | SE = 17.997 bit/s/Hz
[45297 ms] [UE 59499] UL: SNR = 53.50 dB | SE = 17.506 bit/s/Hz
[45297 ms] [UE 8279] UL: SNR = 53.50 dB | SE = 17.506 bit/s/Hz
[45297 ms] [UE 12524] UL: SNR = 56.50 dB | SE = 18.487 bit/s/Hz
[45328 ms] [UE 14608] UL: SNR = 63.50 dB | SE = 20.778 bit/s/Hz
[45328 ms] [UE 54487] UL: SNR = 63.50 dB | SE = 20.778 bit/s/Hz
[45328 ms] [UE 2959] UL: SNR = 34.00 dB | SE = 11.126 bit/s/Hz
[45328 ms] [UE 14350] UL: SNR = 56.00 dB | SE = 18.324 bit/s/Hz
[45328 ms] [UE 9290] UL: SNR = 7.00 dB | SE = 2.549 bit/s/Hz
[45328 ms] [UE 60232] UL: SNR = 35.50 dB | SE = 11.616 bit/s/Hz
[45328 ms] [UE 37624] UL: SNR = 63.50 dB | SE = 20.778 bit/s/Hz
[45328 ms] [UE 18432] UL: SNR = 63.50 dB | SE = 20.778 bit/s/Hz
[45328 ms] [UE 55143] UL: SNR = 63.50 dB | SE = 20.778 bit/s/Hz
[45328 ms] [UE 55862] UL: SNR = 45.50 dB | SE = 14.888 bit/s/Hz
[45328 ms] [UE 62817] UL: SNR = 52.00 dB | SE = 17.015 bit/s/Hz
[45328 ms] [UE 5257] UL: SNR = 54.00 dB | SE = 17.669 bit/s/Hz
[46305 ms] [UE 54141] UL: SNR = 63.50 dB | SE = 20.778 bit/s/Hz
[46305 ms] [UE 14002] UL: SNR = 53.50 dB | SE = 17.506 bit/s/Hz
[46305 ms] [UE 55839] UL: SNR = 56.50 dB | SE = 18.487 bit/s/Hz
[46305 ms] [UE 47098] UL: SNR = 51.50 dB | SE = 16.851 bit/s/Hz
[46305 ms] [UE 46443] UL: SNR = 61.00 dB | SE = 19.960 bit/s/Hz
[46305 ms] [UE 40142] UL: SNR = 58.00 dB | SE = 18.978 bit/s/Hz
[46305 ms] [UE 1171] UL: SNR = 55.00 dB | SE = 17.997 bit/s/Hz
[46305 ms] [UE 59499] UL: SNR = 53.50 dB | SE = 17.506 bit/s/Hz
[46305 ms] [UE 8279] UL: SNR = 53.50 dB | SE = 17.506 bit/s/Hz
[46305 ms] [UE 12524] UL: SNR = 56.50 dB | SE = 18.487 bit/s/Hz
[46338 ms] [UE 14608] UL: SNR = 63.50 dB | SE = 20.778 bit/s/Hz
[46338 ms] [UE 54487] UL: SNR = 63.50 dB | SE = 20.778 bit/s/Hz
[46338 ms] [UE 2959] UL: SNR = 34.00 dB | SE = 11.126 bit/s/Hz
[46338 ms] [UE 14350] UL: SNR = 56.00 dB | SE = 18.324 bit/s/Hz
[46338 ms] [UE 9290] UL: SNR = 7.00 dB | SE = 2.549 bit/s/Hz
[46338 ms] [UE 60232] UL: SNR = 35.50 dB | SE = 11.616 bit/s/Hz
[46338 ms] [UE 37624] UL: SNR = 63.50 dB | SE = 20.778 bit/s/Hz
[46338 ms] [UE 18432] UL: SNR = 63.50 dB | SE = 20.778 bit/s/Hz
[46338 ms] [UE 55143] UL: SNR = 63.50 dB | SE = 20.778 bit/s/Hz
[46338 ms] [UE 55862] UL: SNR = 45.50 dB | SE = 14.888 bit/s/Hz
[46338 ms] [UE 62817] UL: SNR = 52.00 dB | SE = 17.015 bit/s/Hz
[46338 ms] [UE 5257] UL: SNR = 54.00 dB | SE = 17.669 bit/s/Hz
[47305 ms] [UE 54141] UL: SNR = 63.50 dB | SE = 20.778 bit/s/Hz
[47305 ms] [UE 14002] UL: SNR = 53.50 dB | SE = 17.506 bit/s/Hz
[47305 ms] [UE 55839] UL: SNR = 56.50 dB | SE = 18.487 bit/s/Hz
[47305 ms] [UE 47098] UL: SNR = 51.50 dB | SE = 16.851 bit/s/Hz
[47305 ms] [UE 46443] UL: SNR = 61.00 dB | SE = 19.960 bit/s/Hz
[47305 ms] [UE 40142] UL: SNR = 58.00 dB | SE = 18.978 bit/s/Hz
[47305 ms] [UE 1171] UL: SNR = 55.00 dB | SE = 17.997 bit/s/Hz
[47305 ms] [UE 59499] UL: SNR = 53.50 dB | SE = 17.506 bit/s/Hz
[47305 ms] [UE 8279] UL: SNR = 53.50 dB | SE = 17.506 bit/s/Hz
[47305 ms] [UE 12524] UL: SNR = 56.50 dB | SE = 18.487 bit/s/Hz
[47347 ms] [UE 14608] UL: SNR = 63.50 dB | SE = 20.778 bit/s/Hz
[47347 ms] [UE 54487] UL: SNR = 63.50 dB | SE = 20.778 bit/s/Hz
[47347 ms] [UE 2959] UL: SNR = 34.00 dB | SE = 11.126 bit/s/Hz
[47347 ms] [UE 14350] UL: SNR = 56.00 dB | SE = 18.324 bit/s/Hz
[47347 ms] [UE 9290] UL: SNR = 7.00 dB | SE = 2.549 bit/s/Hz
[47347 ms] [UE 60232] UL: SNR = 35.50 dB | SE = 11.616 bit/s/Hz
[47347 ms] [UE 37624] UL: SNR = 63.50 dB | SE = 20.778 bit/s/Hz
[47347 ms] [UE 18432] UL: SNR = 63.50 dB | SE = 20.778 bit/s/Hz
[47347 ms] [UE 55143] UL: SNR = 63.50 dB | SE = 20.778 bit/s/Hz
[47347 ms] [UE 55862] UL: SNR = 45.50 dB | SE = 14.888 bit/s/Hz
[47347 ms] [UE 62817] UL: SNR = 52.00 dB | SE = 17.015 bit/s/Hz
[47347 ms] [UE 5257] UL: SNR = 54.00 dB | SE = 17.669 bit/s/Hz
[48316 ms] [UE 54141] UL: SNR = 63.50 dB | SE = 20.778 bit/s/Hz
[48316 ms] [UE 14002] UL: SNR = 53.50 dB | SE = 17.506 bit/s/Hz
[48316 ms] [UE 55839] UL: SNR = 56.50 dB | SE = 18.487 bit/s/Hz
[48316 ms] [UE 47098] UL: SNR = 51.50 dB | SE = 16.851 bit/s/Hz
[48316 ms] [UE 46443] UL: SNR = 61.00 dB | SE = 19.960 bit/s/Hz
[48316 ms] [UE 40142] UL: SNR = 58.00 dB | SE = 18.978 bit/s/Hz
[48316 ms] [UE 1171] UL: SNR = 55.00 dB | SE = 17.997 bit/s/Hz
[48316 ms] [UE 59499] UL: SNR = 53.50 dB | SE = 17.506 bit/s/Hz
[48316 ms] [UE 8279] UL: SNR = 53.50 dB | SE = 17.506 bit/s/Hz
[48316 ms] [UE 12524] UL: SNR = 56.50 dB | SE = 18.487 bit/s/Hz
[48348 ms] [UE 14608] UL: SNR = 63.50 dB | SE = 20.778 bit/s/Hz
[48348 ms] [UE 54487] UL: SNR = 55.50 dB | SE = 18.160 bit/s/Hz
[48348 ms] [UE 2959] UL: SNR = 34.00 dB | SE = 11.126 bit/s/Hz
[48348 ms] [UE 14350] UL: SNR = 54.50 dB | SE = 17.833 bit/s/Hz
[48348 ms] [UE 9290] UL: SNR = 7.00 dB | SE = 2.549 bit/s/Hz
[48348 ms] [UE 60232] UL: SNR = 35.50 dB | SE = 11.616 bit/s/Hz
[48348 ms] [UE 37624] UL: SNR = 54.00 dB | SE = 17.669 bit/s/Hz
[48348 ms] [UE 18432] UL: SNR = 63.50 dB | SE = 20.778 bit/s/Hz
[48348 ms] [UE 55143] UL: SNR = 62.00 dB | SE = 20.287 bit/s/Hz
[48348 ms] [UE 55862] UL: SNR = 43.00 dB | SE = 14.070 bit/s/Hz
[48348 ms] [UE 62817] UL: SNR = 52.00 dB | SE = 17.015 bit/s/Hz
[48348 ms] [UE 5257] UL: SNR = 47.00 dB | SE = 15.379 bit/s/Hz
[49324 ms] [UE 54141] UL: SNR = 63.50 dB | SE = 20.778 bit/s/Hz
[49324 ms] [UE 14002] UL: SNR = 59.00 dB | SE = 19.305 bit/s/Hz
[49324 ms] [UE 55839] UL: SNR = 60.00 dB | SE = 19.633 bit/s/Hz
[49324 ms] [UE 47098] UL: SNR = 51.50 dB | SE = 16.851 bit/s/Hz
[49324 ms] [UE 46443] UL: SNR = 61.00 dB | SE = 19.960 bit/s/Hz
[49324 ms] [UE 40142] UL: SNR = 58.00 dB | SE = 18.978 bit/s/Hz
[49324 ms] [UE 1171] UL: SNR = 55.00 dB | SE = 17.997 bit/s/Hz
[49324 ms] [UE 59499] UL: SNR = 53.50 dB | SE = 17.506 bit/s/Hz
[49324 ms] [UE 8279] UL: SNR = 53.50 dB | SE = 17.506 bit/s/Hz
[49324 ms] [UE 12524] UL: SNR = 56.50 dB | SE = 18.487 bit/s/Hz
[49357 ms] [UE 14608] UL: SNR = 63.00 dB | SE = 20.614 bit/s/Hz
[49357 ms] [UE 54487] UL: SNR = 51.50 dB | SE = 16.851 bit/s/Hz
[49357 ms] [UE 2959] UL: SNR = 34.00 dB | SE = 11.126 bit/s/Hz
[49357 ms] [UE 14350] UL: SNR = 63.50 dB | SE = 20.778 bit/s/Hz
[49357 ms] [UE 9290] UL: SNR = 7.00 dB | SE = 2.549 bit/s/Hz
[49357 ms] [UE 60232] UL: SNR = 35.50 dB | SE = 11.616 bit/s/Hz
[49357 ms] [UE 37624] UL: SNR = 52.50 dB | SE = 17.179 bit/s/Hz
[49357 ms] [UE 18432] UL: SNR = 63.50 dB | SE = 20.778 bit/s/Hz
[49357 ms] [UE 55143] UL: SNR = 62.00 dB | SE = 20.287 bit/s/Hz
[49357 ms] [UE 55862] UL: SNR = 42.50 dB | SE = 13.907 bit/s/Hz
[49357 ms] [UE 62817] UL: SNR = 47.00 dB | SE = 15.379 bit/s/Hz
[49357 ms] [UE 5257] UL: SNR = 47.00 dB | SE = 15.379 bit/s/Hz
[50325 ms] [UE 54141] UL: SNR = 63.50 dB | SE = 20.778 bit/s/Hz
[50325 ms] [UE 14002] UL: SNR = 59.00 dB | SE = 19.305 bit/s/Hz
[50325 ms] [UE 55839] UL: SNR = 60.00 dB | SE = 19.633 bit/s/Hz
[50325 ms] [UE 47098] UL: SNR = 51.50 dB | SE = 16.851 bit/s/Hz
[50325 ms] [UE 46443] UL: SNR = 61.00 dB | SE = 19.960 bit/s/Hz
[50325 ms] [UE 40142] UL: SNR = 58.00 dB | SE = 18.978 bit/s/Hz
[50325 ms] [UE 1171] UL: SNR = 55.00 dB | SE = 17.997 bit/s/Hz
[50325 ms] [UE 59499] UL: SNR = 53.50 dB | SE = 17.506 bit/s/Hz
[50325 ms] [UE 8279] UL: SNR = 53.50 dB | SE = 17.506 bit/s/Hz
[50325 ms] [UE 12524] UL: SNR = 56.50 dB | SE = 18.487 bit/s/Hz
[50368 ms] [UE 14608] UL: SNR = 63.50 dB | SE = 20.778 bit/s/Hz
[50368 ms] [UE 54487] UL: SNR = 62.00 dB | SE = 20.287 bit/s/Hz
[50368 ms] [UE 2959] UL: SNR = 34.00 dB | SE = 11.126 bit/s/Hz
[50368 ms] [UE 14350] UL: SNR = 63.50 dB | SE = 20.778 bit/s/Hz
[50368 ms] [UE 9290] UL: SNR = 7.00 dB | SE = 2.549 bit/s/Hz
[50368 ms] [UE 60232] UL: SNR = 35.50 dB | SE = 11.616 bit/s/Hz
[50368 ms] [UE 37624] UL: SNR = 52.50 dB | SE = 17.179 bit/s/Hz
[50368 ms] [UE 18432] UL: SNR = 63.50 dB | SE = 20.778 bit/s/Hz
[50368 ms] [UE 55143] UL: SNR = 63.50 dB | SE = 20.778 bit/s/Hz
[50368 ms] [UE 55862] UL: SNR = 52.00 dB | SE = 17.015 bit/s/Hz
[50368 ms] [UE 62817] UL: SNR = 59.50 dB | SE = 19.469 bit/s/Hz
[50368 ms] [UE 5257] UL: SNR = 60.50 dB | SE = 19.796 bit/s/Hz
[51325 ms] [UE 54141] UL: SNR = 63.50 dB | SE = 20.778 bit/s/Hz
[51325 ms] [UE 14002] UL: SNR = 53.50 dB | SE = 17.506 bit/s/Hz
[51325 ms] [UE 55839] UL: SNR = 56.50 dB | SE = 18.487 bit/s/Hz
[51325 ms] [UE 47098] UL: SNR = 51.50 dB | SE = 16.851 bit/s/Hz
[51325 ms] [UE 46443] UL: SNR = 61.00 dB | SE = 19.960 bit/s/Hz
[51325 ms] [UE 40142] UL: SNR = 58.00 dB | SE = 18.978 bit/s/Hz
[51325 ms] [UE 1171] UL: SNR = 55.00 dB | SE = 17.997 bit/s/Hz
[51325 ms] [UE 59499] UL: SNR = 53.50 dB | SE = 17.506 bit/s/Hz
[51325 ms] [UE 8279] UL: SNR = 53.50 dB | SE = 17.506 bit/s/Hz
[51325 ms] [UE 12524] UL: SNR = 56.50 dB | SE = 18.487 bit/s/Hz
[51377 ms] [UE 14608] UL: SNR = 63.50 dB | SE = 20.778 bit/s/Hz
[51377 ms] [UE 54487] UL: SNR = 54.50 dB | SE = 17.833 bit/s/Hz
[51377 ms] [UE 2959] UL: SNR = 34.00 dB | SE = 11.126 bit/s/Hz
[51377 ms] [UE 14350] UL: SNR = 56.00 dB | SE = 18.324 bit/s/Hz
[51377 ms] [UE 9290] UL: SNR = 7.00 dB | SE = 2.549 bit/s/Hz
[51377 ms] [UE 60232] UL: SNR = 35.50 dB | SE = 11.616 bit/s/Hz
[51377 ms] [UE 37624] UL: SNR = 63.50 dB | SE = 20.778 bit/s/Hz
[51377 ms] [UE 18432] UL: SNR = 63.50 dB | SE = 20.778 bit/s/Hz
[51377 ms] [UE 55143] UL: SNR = 63.50 dB | SE = 20.778 bit/s/Hz
[51377 ms] [UE 55862] UL: SNR = 47.00 dB | SE = 15.379 bit/s/Hz
[51377 ms] [UE 62817] UL: SNR = 51.00 dB | SE = 16.688 bit/s/Hz
[51377 ms] [UE 5257] UL: SNR = 53.50 dB | SE = 17.506 bit/s/Hz
[52326 ms] [UE 54141] UL: SNR = 63.50 dB | SE = 20.778 bit/s/Hz
[52326 ms] [UE 14002] UL: SNR = 53.50 dB | SE = 17.506 bit/s/Hz
[52326 ms] [UE 55839] UL: SNR = 56.50 dB | SE = 18.487 bit/s/Hz
[52326 ms] [UE 47098] UL: SNR = 51.50 dB | SE = 16.851 bit/s/Hz
[52326 ms] [UE 46443] UL: SNR = 61.00 dB | SE = 19.960 bit/s/Hz
[52326 ms] [UE 40142] UL: SNR = 58.00 dB | SE = 18.978 bit/s/Hz
[52326 ms] [UE 1171] UL: SNR = 55.00 dB | SE = 17.997 bit/s/Hz
[52326 ms] [UE 59499] UL: SNR = 53.50 dB | SE = 17.506 bit/s/Hz
[52326 ms] [UE 8279] UL: SNR = 53.50 dB | SE = 17.506 bit/s/Hz
[52326 ms] [UE 12524] UL: SNR = 56.50 dB | SE = 18.487 bit/s/Hz
[52377 ms] [UE 14608] UL: SNR = 63.50 dB | SE = 20.778 bit/s/Hz
[52377 ms] [UE 54487] UL: SNR = 63.50 dB | SE = 20.778 bit/s/Hz
[52377 ms] [UE 2959] UL: SNR = 34.00 dB | SE = 11.126 bit/s/Hz
[52377 ms] [UE 14350] UL: SNR = 56.00 dB | SE = 18.324 bit/s/Hz
[52377 ms] [UE 9290] UL: SNR = 7.00 dB | SE = 2.549 bit/s/Hz
[52377 ms] [UE 60232] UL: SNR = 35.50 dB | SE = 11.616 bit/s/Hz
[52377 ms] [UE 37624] UL: SNR = 63.50 dB | SE = 20.778 bit/s/Hz
[52377 ms] [UE 18432] UL: SNR = 63.50 dB | SE = 20.778 bit/s/Hz
[52377 ms] [UE 55143] UL: SNR = 63.50 dB | SE = 20.778 bit/s/Hz
[52377 ms] [UE 55862] UL: SNR = 47.00 dB | SE = 15.379 bit/s/Hz
[52377 ms] [UE 62817] UL: SNR = 51.00 dB | SE = 16.688 bit/s/Hz
[52377 ms] [UE 5257] UL: SNR = 53.50 dB | SE = 17.506 bit/s/Hz
[53335 ms] [UE 54141] UL: SNR = 63.50 dB | SE = 20.778 bit/s/Hz
[53335 ms] [UE 14002] UL: SNR = 53.50 dB | SE = 17.506 bit/s/Hz
[53335 ms] [UE 55839] UL: SNR = 56.50 dB | SE = 18.487 bit/s/Hz
[53335 ms] [UE 47098] UL: SNR = 51.50 dB | SE = 16.851 bit/s/Hz
[53335 ms] [UE 46443] UL: SNR = 61.00 dB | SE = 19.960 bit/s/Hz
[53335 ms] [UE 40142] UL: SNR = 58.00 dB | SE = 18.978 bit/s/Hz
[53335 ms] [UE 1171] UL: SNR = 55.00 dB | SE = 17.997 bit/s/Hz
[53335 ms] [UE 59499] UL: SNR = 53.50 dB | SE = 17.506 bit/s/Hz
[53335 ms] [UE 8279] UL: SNR = 53.50 dB | SE = 17.506 bit/s/Hz
[53335 ms] [UE 12524] UL: SNR = 56.50 dB | SE = 18.487 bit/s/Hz
[53378 ms] [UE 14608] UL: SNR = 63.50 dB | SE = 20.778 bit/s/Hz
[53378 ms] [UE 54487] UL: SNR = 63.50 dB | SE = 20.778 bit/s/Hz
[53378 ms] [UE 2959] UL: SNR = 34.00 dB | SE = 11.126 bit/s/Hz
[53378 ms] [UE 14350] UL: SNR = 56.00 dB | SE = 18.324 bit/s/Hz
[53378 ms] [UE 9290] UL: SNR = 7.00 dB | SE = 2.549 bit/s/Hz
[53378 ms] [UE 60232] UL: SNR = 35.50 dB | SE = 11.616 bit/s/Hz
[53378 ms] [UE 37624] UL: SNR = 63.50 dB | SE = 20.778 bit/s/Hz
[53378 ms] [UE 18432] UL: SNR = 63.50 dB | SE = 20.778 bit/s/Hz
[53378 ms] [UE 55143] UL: SNR = 63.50 dB | SE = 20.778 bit/s/Hz
[53378 ms] [UE 55862] UL: SNR = 47.00 dB | SE = 15.379 bit/s/Hz
[53378 ms] [UE 62817] UL: SNR = 51.00 dB | SE = 16.688 bit/s/Hz
[53378 ms] [UE 5257] UL: SNR = 53.50 dB | SE = 17.506 bit/s/Hz
[54335 ms] [UE 54141] UL: SNR = 63.50 dB | SE = 20.778 bit/s/Hz
[54335 ms] [UE 14002] UL: SNR = 53.50 dB | SE = 17.506 bit/s/Hz
[54335 ms] [UE 55839] UL: SNR = 63.50 dB | SE = 20.778 bit/s/Hz
[54335 ms] [UE 47098] UL: SNR = 63.50 dB | SE = 20.778 bit/s/Hz
[54335 ms] [UE 46443] UL: SNR = 61.00 dB | SE = 19.960 bit/s/Hz
[54335 ms] [UE 40142] UL: SNR = 58.00 dB | SE = 18.978 bit/s/Hz
[54335 ms] [UE 1171] UL: SNR = 55.00 dB | SE = 17.997 bit/s/Hz
[54335 ms] [UE 59499] UL: SNR = 63.50 dB | SE = 20.778 bit/s/Hz
[54335 ms] [UE 8279] UL: SNR = 53.50 dB | SE = 17.506 bit/s/Hz
[54335 ms] [UE 12524] UL: SNR = 56.50 dB | SE = 18.487 bit/s/Hz
[54378 ms] [UE 14608] UL: SNR = 58.00 dB | SE = 18.978 bit/s/Hz
[54378 ms] [UE 54487] UL: SNR = 55.50 dB | SE = 18.160 bit/s/Hz
[54378 ms] [UE 2959] UL: SNR = 34.00 dB | SE = 11.126 bit/s/Hz
[54378 ms] [UE 14350] UL: SNR = 58.50 dB | SE = 19.142 bit/s/Hz
[54378 ms] [UE 9290] UL: SNR = 7.00 dB | SE = 2.549 bit/s/Hz
[54378 ms] [UE 60232] UL: SNR = 35.50 dB | SE = 11.616 bit/s/Hz
[54378 ms] [UE 37624] UL: SNR = 63.50 dB | SE = 20.778 bit/s/Hz
[54378 ms] [UE 18432] UL: SNR = 63.50 dB | SE = 20.778 bit/s/Hz
[54378 ms] [UE 55143] UL: SNR = 63.50 dB | SE = 20.778 bit/s/Hz
[54378 ms] [UE 55862] UL: SNR = 63.50 dB | SE = 20.778 bit/s/Hz
[54378 ms] [UE 62817] UL: SNR = 51.00 dB | SE = 16.688 bit/s/Hz
[54378 ms] [UE 5257] UL: SNR = 53.50 dB | SE = 17.506 bit/s/Hz
[55345 ms] [UE 54141] UL: SNR = 63.50 dB | SE = 20.778 bit/s/Hz
[55345 ms] [UE 14002] UL: SNR = 53.50 dB | SE = 17.506 bit/s/Hz
[55345 ms] [UE 55839] UL: SNR = 63.50 dB | SE = 20.778 bit/s/Hz
[55345 ms] [UE 47098] UL: SNR = 63.50 dB | SE = 20.778 bit/s/Hz
[55345 ms] [UE 46443] UL: SNR = 61.00 dB | SE = 19.960 bit/s/Hz
[55345 ms] [UE 40142] UL: SNR = 58.00 dB | SE = 18.978 bit/s/Hz
[55345 ms] [UE 1171] UL: SNR = 55.00 dB | SE = 17.997 bit/s/Hz
[55345 ms] [UE 59499] UL: SNR = 63.50 dB | SE = 20.778 bit/s/Hz
[55345 ms] [UE 8279] UL: SNR = 53.50 dB | SE = 17.506 bit/s/Hz
[55345 ms] [UE 12524] UL: SNR = 56.50 dB | SE = 18.487 bit/s/Hz
[55388 ms] [UE 14608] UL: SNR = 58.00 dB | SE = 18.978 bit/s/Hz
[55388 ms] [UE 54487] UL: SNR = 55.50 dB | SE = 18.160 bit/s/Hz
[55388 ms] [UE 2959] UL: SNR = 34.00 dB | SE = 11.126 bit/s/Hz
[55388 ms] [UE 14350] UL: SNR = 58.50 dB | SE = 19.142 bit/s/Hz
[55388 ms] [UE 9290] UL: SNR = 7.00 dB | SE = 2.549 bit/s/Hz
[55388 ms] [UE 60232] UL: SNR = 35.50 dB | SE = 11.616 bit/s/Hz
[55388 ms] [UE 37624] UL: SNR = 63.50 dB | SE = 20.778 bit/s/Hz
[55388 ms] [UE 18432] UL: SNR = 63.50 dB | SE = 20.778 bit/s/Hz
[55388 ms] [UE 55143] UL: SNR = 63.50 dB | SE = 20.778 bit/s/Hz
[55388 ms] [UE 55862] UL: SNR = 63.50 dB | SE = 20.778 bit/s/Hz
[55388 ms] [UE 62817] UL: SNR = 51.00 dB | SE = 16.688 bit/s/Hz
[55388 ms] [UE 5257] UL: SNR = 53.50 dB | SE = 17.506 bit/s/Hz
[56355 ms] [UE 54141] UL: SNR = 63.50 dB | SE = 20.778 bit/s/Hz
[56355 ms] [UE 14002] UL: SNR = 53.50 dB | SE = 17.506 bit/s/Hz
[56355 ms] [UE 55839] UL: SNR = 63.50 dB | SE = 20.778 bit/s/Hz
[56355 ms] [UE 47098] UL: SNR = 63.50 dB | SE = 20.778 bit/s/Hz
[56355 ms] [UE 46443] UL: SNR = 61.00 dB | SE = 19.960 bit/s/Hz
[56355 ms] [UE 40142] UL: SNR = 58.00 dB | SE = 18.978 bit/s/Hz
[56355 ms] [UE 1171] UL: SNR = 55.00 dB | SE = 17.997 bit/s/Hz
[56355 ms] [UE 59499] UL: SNR = 63.50 dB | SE = 20.778 bit/s/Hz
[56355 ms] [UE 8279] UL: SNR = 53.50 dB | SE = 17.506 bit/s/Hz
[56355 ms] [UE 12524] UL: SNR = 56.50 dB | SE = 18.487 bit/s/Hz
[56397 ms] [UE 14608] UL: SNR = 59.00 dB | SE = 19.305 bit/s/Hz
[56397 ms] [UE 54487] UL: SNR = 48.00 dB | SE = 15.706 bit/s/Hz
[56397 ms] [UE 2959] UL: SNR = 34.00 dB | SE = 11.126 bit/s/Hz
[56397 ms] [UE 14350] UL: SNR = 51.00 dB | SE = 16.688 bit/s/Hz
[56397 ms] [UE 9290] UL: SNR = 7.00 dB | SE = 2.549 bit/s/Hz
[56397 ms] [UE 60232] UL: SNR = 35.50 dB | SE = 11.616 bit/s/Hz
[56397 ms] [UE 37624] UL: SNR = 63.50 dB | SE = 20.778 bit/s/Hz
[56397 ms] [UE 18432] UL: SNR = 63.50 dB | SE = 20.778 bit/s/Hz
[56397 ms] [UE 55143] UL: SNR = 63.50 dB | SE = 20.778 bit/s/Hz
[56397 ms] [UE 55862] UL: SNR = 63.50 dB | SE = 20.778 bit/s/Hz
[56397 ms] [UE 62817] UL: SNR = 51.00 dB | SE = 16.688 bit/s/Hz
[56397 ms] [UE 5257] UL: SNR = 53.50 dB | SE = 17.506 bit/s/Hz
[57364 ms] [UE 54141] UL: SNR = 63.50 dB | SE = 20.778 bit/s/Hz
[57364 ms] [UE 14002] UL: SNR = 59.00 dB | SE = 19.305 bit/s/Hz
[57364 ms] [UE 55839] UL: SNR = 60.00 dB | SE = 19.633 bit/s/Hz
[57364 ms] [UE 47098] UL: SNR = 63.50 dB | SE = 20.778 bit/s/Hz
[57364 ms] [UE 46443] UL: SNR = 61.00 dB | SE = 19.960 bit/s/Hz
[57364 ms] [UE 40142] UL: SNR = 58.00 dB | SE = 18.978 bit/s/Hz
[57364 ms] [UE 1171] UL: SNR = 55.00 dB | SE = 17.997 bit/s/Hz
[57364 ms] [UE 59499] UL: SNR = 63.50 dB | SE = 20.778 bit/s/Hz
[57364 ms] [UE 8279] UL: SNR = 53.50 dB | SE = 17.506 bit/s/Hz
[57364 ms] [UE 12524] UL: SNR = 56.50 dB | SE = 18.487 bit/s/Hz
[57398 ms] [UE 14608] UL: SNR = 63.50 dB | SE = 20.778 bit/s/Hz
[57398 ms] [UE 54487] UL: SNR = 55.50 dB | SE = 18.160 bit/s/Hz
[57398 ms] [UE 2959] UL: SNR = 34.00 dB | SE = 11.126 bit/s/Hz
[57398 ms] [UE 14350] UL: SNR = 63.50 dB | SE = 20.778 bit/s/Hz
[57398 ms] [UE 9290] UL: SNR = 7.00 dB | SE = 2.549 bit/s/Hz
[57398 ms] [UE 60232] UL: SNR = 35.50 dB | SE = 11.616 bit/s/Hz
[57398 ms] [UE 37624] UL: SNR = 54.00 dB | SE = 17.669 bit/s/Hz
[57398 ms] [UE 18432] UL: SNR = 63.50 dB | SE = 20.778 bit/s/Hz
[57398 ms] [UE 55143] UL: SNR = 63.50 dB | SE = 20.778 bit/s/Hz
[57398 ms] [UE 55862] UL: SNR = 63.50 dB | SE = 20.778 bit/s/Hz
[57398 ms] [UE 62817] UL: SNR = 51.00 dB | SE = 16.688 bit/s/Hz
[57398 ms] [UE 5257] UL: SNR = 50.50 dB | SE = 16.524 bit/s/Hz
[58366 ms] [UE 54141] UL: SNR = 63.50 dB | SE = 20.778 bit/s/Hz
[58366 ms] [UE 14002] UL: SNR = 59.00 dB | SE = 19.305 bit/s/Hz
[58366 ms] [UE 55839] UL: SNR = 60.00 dB | SE = 19.633 bit/s/Hz
[58366 ms] [UE 47098] UL: SNR = 63.50 dB | SE = 20.778 bit/s/Hz
[58366 ms] [UE 46443] UL: SNR = 61.00 dB | SE = 19.960 bit/s/Hz
[58366 ms] [UE 40142] UL: SNR = 58.00 dB | SE = 18.978 bit/s/Hz
[58366 ms] [UE 1171] UL: SNR = 55.00 dB | SE = 17.997 bit/s/Hz
[58366 ms] [UE 59499] UL: SNR = 53.50 dB | SE = 17.506 bit/s/Hz
[58366 ms] [UE 8279] UL: SNR = 53.50 dB | SE = 17.506 bit/s/Hz
[58366 ms] [UE 12524] UL: SNR = 56.50 dB | SE = 18.487 bit/s/Hz
[58407 ms] [UE 14608] UL: SNR = 61.50 dB | SE = 20.123 bit/s/Hz
[58407 ms] [UE 54487] UL: SNR = 49.50 dB | SE = 16.197 bit/s/Hz
[58407 ms] [UE 2959] UL: SNR = 34.00 dB | SE = 11.126 bit/s/Hz
[58407 ms] [UE 14350] UL: SNR = 63.50 dB | SE = 20.778 bit/s/Hz
[58407 ms] [UE 9290] UL: SNR = 7.00 dB | SE = 2.549 bit/s/Hz
[58407 ms] [UE 60232] UL: SNR = 35.50 dB | SE = 11.616 bit/s/Hz
[58407 ms] [UE 37624] UL: SNR = 53.00 dB | SE = 17.342 bit/s/Hz
[58407 ms] [UE 18432] UL: SNR = 63.50 dB | SE = 20.778 bit/s/Hz
[58407 ms] [UE 55143] UL: SNR = 62.00 dB | SE = 20.287 bit/s/Hz
[58407 ms] [UE 55862] UL: SNR = 42.50 dB | SE = 13.907 bit/s/Hz
[58407 ms] [UE 62817] UL: SNR = 47.00 dB | SE = 15.379 bit/s/Hz
[58407 ms] [UE 5257] UL: SNR = 50.50 dB | SE = 16.524 bit/s/Hz
[59377 ms] [UE 54141] UL: SNR = 63.50 dB | SE = 20.778 bit/s/Hz
[59377 ms] [UE 14002] UL: SNR = 59.00 dB | SE = 19.305 bit/s/Hz
[59377 ms] [UE 55839] UL: SNR = 60.00 dB | SE = 19.633 bit/s/Hz
[59377 ms] [UE 47098] UL: SNR = 55.50 dB | SE = 18.160 bit/s/Hz
[59377 ms] [UE 46443] UL: SNR = 61.00 dB | SE = 19.960 bit/s/Hz
[59377 ms] [UE 40142] UL: SNR = 58.00 dB | SE = 18.978 bit/s/Hz
[59377 ms] [UE 1171] UL: SNR = 55.00 dB | SE = 17.997 bit/s/Hz
[59377 ms] [UE 59499] UL: SNR = 53.50 dB | SE = 17.506 bit/s/Hz
[59377 ms] [UE 8279] UL: SNR = 53.50 dB | SE = 17.506 bit/s/Hz
[59377 ms] [UE 12524] UL: SNR = 56.50 dB | SE = 18.487 bit/s/Hz
[59407 ms] [UE 14608] UL: SNR = 63.50 dB | SE = 20.778 bit/s/Hz
[59407 ms] [UE 54487] UL: SNR = 54.50 dB | SE = 17.833 bit/s/Hz
[59407 ms] [UE 2959] UL: SNR = 34.00 dB | SE = 11.126 bit/s/Hz
[59407 ms] [UE 14350] UL: SNR = 56.00 dB | SE = 18.324 bit/s/Hz
[59407 ms] [UE 9290] UL: SNR = 7.00 dB | SE = 2.549 bit/s/Hz
[59407 ms] [UE 60232] UL: SNR = 35.50 dB | SE = 11.616 bit/s/Hz
[59407 ms] [UE 37624] UL: SNR = 63.50 dB | SE = 20.778 bit/s/Hz
[59407 ms] [UE 18432] UL: SNR = 63.50 dB | SE = 20.778 bit/s/Hz
[59407 ms] [UE 55143] UL: SNR = 63.50 dB | SE = 20.778 bit/s/Hz
[59407 ms] [UE 55862] UL: SNR = 45.50 dB | SE = 14.888 bit/s/Hz
[59407 ms] [UE 62817] UL: SNR = 52.00 dB | SE = 17.015 bit/s/Hz
[59407 ms] [UE 5257] UL: SNR = 53.50 dB | SE = 17.506 bit/s/Hz
[60385 ms] [UE 54141] UL: SNR = 63.50 dB | SE = 20.778 bit/s/Hz
[60385 ms] [UE 14002] UL: SNR = 53.00 dB | SE = 17.342 bit/s/Hz
[60385 ms] [UE 55839] UL: SNR = 56.00 dB | SE = 18.324 bit/s/Hz
[60385 ms] [UE 47098] UL: SNR = 51.00 dB | SE = 16.688 bit/s/Hz
[60385 ms] [UE 46443] UL: SNR = 61.00 dB | SE = 19.960 bit/s/Hz
[60385 ms] [UE 40142] UL: SNR = 58.00 dB | SE = 18.978 bit/s/Hz
[60385 ms] [UE 1171] UL: SNR = 55.00 dB | SE = 17.997 bit/s/Hz
[60385 ms] [UE 59499] UL: SNR = 53.50 dB | SE = 17.506 bit/s/Hz
[60385 ms] [UE 8279] UL: SNR = 53.50 dB | SE = 17.506 bit/s/Hz
[60385 ms] [UE 12524] UL: SNR = 56.50 dB | SE = 18.487 bit/s/Hz
[60408 ms] [UE 14608] UL: SNR = 63.50 dB | SE = 20.778 bit/s/Hz
[60408 ms] [UE 54487] UL: SNR = 63.50 dB | SE = 20.778 bit/s/Hz
[60408 ms] [UE 2959] UL: SNR = 34.00 dB | SE = 11.126 bit/s/Hz
[60408 ms] [UE 14350] UL: SNR = 56.00 dB | SE = 18.324 bit/s/Hz
[60408 ms] [UE 9290] UL: SNR = 7.00 dB | SE = 2.549 bit/s/Hz
[60408 ms] [UE 60232] UL: SNR = 35.50 dB | SE = 11.616 bit/s/Hz
[60408 ms] [UE 37624] UL: SNR = 63.50 dB | SE = 20.778 bit/s/Hz
[60408 ms] [UE 18432] UL: SNR = 63.50 dB | SE = 20.778 bit/s/Hz
[60408 ms] [UE 55143] UL: SNR = 63.50 dB | SE = 20.778 bit/s/Hz
[60408 ms] [UE 55862] UL: SNR = 45.50 dB | SE = 14.888 bit/s/Hz
[60408 ms] [UE 62817] UL: SNR = 52.00 dB | SE = 17.015 bit/s/Hz
[60408 ms] [UE 5257] UL: SNR = 53.50 dB | SE = 17.506 bit/s/Hz
[61394 ms] [UE 54141] UL: SNR = 63.50 dB | SE = 20.778 bit/s/Hz
[61394 ms] [UE 14002] UL: SNR = 53.00 dB | SE = 17.342 bit/s/Hz
[61394 ms] [UE 55839] UL: SNR = 56.00 dB | SE = 18.324 bit/s/Hz
[61394 ms] [UE 47098] UL: SNR = 51.00 dB | SE = 16.688 bit/s/Hz
[61394 ms] [UE 46443] UL: SNR = 61.00 dB | SE = 19.960 bit/s/Hz
[61394 ms] [UE 40142] UL: SNR = 58.00 dB | SE = 18.978 bit/s/Hz
[61394 ms] [UE 1171] UL: SNR = 55.00 dB | SE = 17.997 bit/s/Hz
[61394 ms] [UE 59499] UL: SNR = 53.50 dB | SE = 17.506 bit/s/Hz
[61394 ms] [UE 8279] UL: SNR = 53.50 dB | SE = 17.506 bit/s/Hz
[61394 ms] [UE 12524] UL: SNR = 56.50 dB | SE = 18.487 bit/s/Hz
[61408 ms] [UE 14608] UL: SNR = 63.50 dB | SE = 20.778 bit/s/Hz
[61408 ms] [UE 54487] UL: SNR = 63.50 dB | SE = 20.778 bit/s/Hz
[61408 ms] [UE 2959] UL: SNR = 34.00 dB | SE = 11.126 bit/s/Hz
[61408 ms] [UE 14350] UL: SNR = 56.00 dB | SE = 18.324 bit/s/Hz
[61408 ms] [UE 9290] UL: SNR = 7.00 dB | SE = 2.549 bit/s/Hz
[61408 ms] [UE 60232] UL: SNR = 35.50 dB | SE = 11.616 bit/s/Hz
[61408 ms] [UE 37624] UL: SNR = 63.50 dB | SE = 20.778 bit/s/Hz
[61408 ms] [UE 18432] UL: SNR = 63.50 dB | SE = 20.778 bit/s/Hz
[61408 ms] [UE 55143] UL: SNR = 63.50 dB | SE = 20.778 bit/s/Hz
[61408 ms] [UE 55862] UL: SNR = 45.50 dB | SE = 14.888 bit/s/Hz
[61408 ms] [UE 62817] UL: SNR = 52.00 dB | SE = 17.015 bit/s/Hz
[61408 ms] [UE 5257] UL: SNR = 53.50 dB | SE = 17.506 bit/s/Hz
[62395 ms] [UE 54141] UL: SNR = 63.50 dB | SE = 20.778 bit/s/Hz
[62395 ms] [UE 14002] UL: SNR = 53.00 dB | SE = 17.342 bit/s/Hz
[62395 ms] [UE 55839] UL: SNR = 56.00 dB | SE = 18.324 bit/s/Hz
[62395 ms] [UE 47098] UL: SNR = 51.00 dB | SE = 16.688 bit/s/Hz
[62395 ms] [UE 46443] UL: SNR = 61.00 dB | SE = 19.960 bit/s/Hz
[62395 ms] [UE 40142] UL: SNR = 58.00 dB | SE = 18.978 bit/s/Hz
[62395 ms] [UE 1171] UL: SNR = 55.00 dB | SE = 17.997 bit/s/Hz
[62395 ms] [UE 59499] UL: SNR = 53.50 dB | SE = 17.506 bit/s/Hz
[62395 ms] [UE 8279] UL: SNR = 53.50 dB | SE = 17.506 bit/s/Hz
[62395 ms] [UE 12524] UL: SNR = 56.50 dB | SE = 18.487 bit/s/Hz
[62417 ms] [UE 14608] UL: SNR = 63.50 dB | SE = 20.778 bit/s/Hz
[62417 ms] [UE 54487] UL: SNR = 63.50 dB | SE = 20.778 bit/s/Hz
[62417 ms] [UE 2959] UL: SNR = 34.00 dB | SE = 11.126 bit/s/Hz
[62417 ms] [UE 14350] UL: SNR = 56.00 dB | SE = 18.324 bit/s/Hz
[62417 ms] [UE 9290] UL: SNR = 7.00 dB | SE = 2.549 bit/s/Hz
[62417 ms] [UE 60232] UL: SNR = 35.50 dB | SE = 11.616 bit/s/Hz
[62417 ms] [UE 37624] UL: SNR = 63.50 dB | SE = 20.778 bit/s/Hz
[62417 ms] [UE 18432] UL: SNR = 63.50 dB | SE = 20.778 bit/s/Hz
[62417 ms] [UE 55143] UL: SNR = 63.50 dB | SE = 20.778 bit/s/Hz
[62417 ms] [UE 55862] UL: SNR = 45.50 dB | SE = 14.888 bit/s/Hz
[62417 ms] [UE 62817] UL: SNR = 52.00 dB | SE = 17.015 bit/s/Hz
[62417 ms] [UE 5257] UL: SNR = 53.50 dB | SE = 17.506 bit/s/Hz
[63405 ms] [UE 54141] UL: SNR = 63.50 dB | SE = 20.778 bit/s/Hz
[63405 ms] [UE 14002] UL: SNR = 53.00 dB | SE = 17.342 bit/s/Hz
[63405 ms] [UE 55839] UL: SNR = 56.00 dB | SE = 18.324 bit/s/Hz
[63405 ms] [UE 47098] UL: SNR = 51.00 dB | SE = 16.688 bit/s/Hz
[63405 ms] [UE 46443] UL: SNR = 61.00 dB | SE = 19.960 bit/s/Hz
[63405 ms] [UE 40142] UL: SNR = 58.00 dB | SE = 18.978 bit/s/Hz
[63405 ms] [UE 1171] UL: SNR = 55.00 dB | SE = 17.997 bit/s/Hz
[63405 ms] [UE 59499] UL: SNR = 53.50 dB | SE = 17.506 bit/s/Hz
[63405 ms] [UE 8279] UL: SNR = 53.50 dB | SE = 17.506 bit/s/Hz
[63405 ms] [UE 12524] UL: SNR = 56.50 dB | SE = 18.487 bit/s/Hz
[63421 ms] [UE 14608] UL: SNR = 63.50 dB | SE = 20.778 bit/s/Hz
[63421 ms] [UE 54487] UL: SNR = 63.50 dB | SE = 20.778 bit/s/Hz
[63421 ms] [UE 2959] UL: SNR = 34.00 dB | SE = 11.126 bit/s/Hz
[63421 ms] [UE 14350] UL: SNR = 56.00 dB | SE = 18.324 bit/s/Hz
[63421 ms] [UE 9290] UL: SNR = 7.00 dB | SE = 2.549 bit/s/Hz
[63421 ms] [UE 60232] UL: SNR = 35.50 dB | SE = 11.616 bit/s/Hz
[63421 ms] [UE 37624] UL: SNR = 63.50 dB | SE = 20.778 bit/s/Hz
[63421 ms] [UE 18432] UL: SNR = 63.50 dB | SE = 20.778 bit/s/Hz
[63421 ms] [UE 55143] UL: SNR = 63.50 dB | SE = 20.778 bit/s/Hz
[63421 ms] [UE 55862] UL: SNR = 45.50 dB | SE = 14.888 bit/s/Hz
[63421 ms] [UE 62817] UL: SNR = 52.00 dB | SE = 17.015 bit/s/Hz
[63421 ms] [UE 5257] UL: SNR = 53.50 dB | SE = 17.506 bit/s/Hz
[64405 ms] [UE 54141] UL: SNR = 63.50 dB | SE = 20.778 bit/s/Hz
[64405 ms] [UE 14002] UL: SNR = 53.00 dB | SE = 17.342 bit/s/Hz
[64405 ms] [UE 55839] UL: SNR = 56.00 dB | SE = 18.324 bit/s/Hz
[64405 ms] [UE 47098] UL: SNR = 51.00 dB | SE = 16.688 bit/s/Hz
[64405 ms] [UE 46443] UL: SNR = 61.00 dB | SE = 19.960 bit/s/Hz
[64405 ms] [UE 40142] UL: SNR = 58.00 dB | SE = 18.978 bit/s/Hz
[64405 ms] [UE 1171] UL: SNR = 55.00 dB | SE = 17.997 bit/s/Hz
[64405 ms] [UE 59499] UL: SNR = 53.50 dB | SE = 17.506 bit/s/Hz
[64405 ms] [UE 8279] UL: SNR = 53.50 dB | SE = 17.506 bit/s/Hz
[64405 ms] [UE 12524] UL: SNR = 56.50 dB | SE = 18.487 bit/s/Hz
[64428 ms] [UE 14608] UL: SNR = 63.50 dB | SE = 20.778 bit/s/Hz
[64428 ms] [UE 54487] UL: SNR = 63.50 dB | SE = 20.778 bit/s/Hz
[64428 ms] [UE 2959] UL: SNR = 34.00 dB | SE = 11.126 bit/s/Hz
[64428 ms] [UE 14350] UL: SNR = 56.00 dB | SE = 18.324 bit/s/Hz
[64428 ms] [UE 9290] UL: SNR = 7.00 dB | SE = 2.549 bit/s/Hz
[64428 ms] [UE 60232] UL: SNR = 35.50 dB | SE = 11.616 bit/s/Hz
[64428 ms] [UE 37624] UL: SNR = 63.50 dB | SE = 20.778 bit/s/Hz
[64428 ms] [UE 18432] UL: SNR = 63.50 dB | SE = 20.778 bit/s/Hz
[64428 ms] [UE 55143] UL: SNR = 63.50 dB | SE = 20.778 bit/s/Hz
[64428 ms] [UE 55862] UL: SNR = 45.50 dB | SE = 14.888 bit/s/Hz
[64428 ms] [UE 62817] UL: SNR = 52.00 dB | SE = 17.015 bit/s/Hz
[64428 ms] [UE 5257] UL: SNR = 53.50 dB | SE = 17.506 bit/s/Hz
[65405 ms] [UE 54141] UL: SNR = 63.50 dB | SE = 20.778 bit/s/Hz
[65405 ms] [UE 14002] UL: SNR = 53.00 dB | SE = 17.342 bit/s/Hz
[65405 ms] [UE 55839] UL: SNR = 56.00 dB | SE = 18.324 bit/s/Hz
[65405 ms] [UE 47098] UL: SNR = 51.00 dB | SE = 16.688 bit/s/Hz
[65405 ms] [UE 46443] UL: SNR = 61.00 dB | SE = 19.960 bit/s/Hz
[65405 ms] [UE 40142] UL: SNR = 58.00 dB | SE = 18.978 bit/s/Hz
[65405 ms] [UE 1171] UL: SNR = 55.00 dB | SE = 17.997 bit/s/Hz
[65405 ms] [UE 59499] UL: SNR = 53.50 dB | SE = 17.506 bit/s/Hz
[65405 ms] [UE 8279] UL: SNR = 53.50 dB | SE = 17.506 bit/s/Hz
[65405 ms] [UE 12524] UL: SNR = 56.50 dB | SE = 18.487 bit/s/Hz
[65437 ms] [UE 14608] UL: SNR = 63.50 dB | SE = 20.778 bit/s/Hz
[65437 ms] [UE 54487] UL: SNR = 55.50 dB | SE = 18.160 bit/s/Hz
[65437 ms] [UE 2959] UL: SNR = 34.00 dB | SE = 11.126 bit/s/Hz
[65437 ms] [UE 14350] UL: SNR = 54.50 dB | SE = 17.833 bit/s/Hz
[65437 ms] [UE 9290] UL: SNR = 7.00 dB | SE = 2.549 bit/s/Hz
[65437 ms] [UE 60232] UL: SNR = 35.50 dB | SE = 11.616 bit/s/Hz
[65437 ms] [UE 37624] UL: SNR = 54.00 dB | SE = 17.669 bit/s/Hz
[65437 ms] [UE 18432] UL: SNR = 63.50 dB | SE = 20.778 bit/s/Hz
[65437 ms] [UE 55143] UL: SNR = 62.00 dB | SE = 20.287 bit/s/Hz
[65437 ms] [UE 55862] UL: SNR = 43.00 dB | SE = 14.070 bit/s/Hz
[65437 ms] [UE 62817] UL: SNR = 52.00 dB | SE = 17.015 bit/s/Hz
[65437 ms] [UE 5257] UL: SNR = 47.00 dB | SE = 15.379 bit/s/Hz
[66407 ms] [UE 54141] UL: SNR = 63.50 dB | SE = 20.778 bit/s/Hz
[66407 ms] [UE 14002] UL: SNR = 59.00 dB | SE = 19.305 bit/s/Hz
[66407 ms] [UE 55839] UL: SNR = 60.00 dB | SE = 19.633 bit/s/Hz
[66407 ms] [UE 47098] UL: SNR = 51.00 dB | SE = 16.688 bit/s/Hz
[66407 ms] [UE 46443] UL: SNR = 61.00 dB | SE = 19.960 bit/s/Hz
[66407 ms] [UE 40142] UL: SNR = 58.00 dB | SE = 18.978 bit/s/Hz
[66407 ms] [UE 1171] UL: SNR = 55.00 dB | SE = 17.997 bit/s/Hz
[66407 ms] [UE 59499] UL: SNR = 53.50 dB | SE = 17.506 bit/s/Hz
[66407 ms] [UE 8279] UL: SNR = 53.50 dB | SE = 17.506 bit/s/Hz
[66407 ms] [UE 12524] UL: SNR = 56.50 dB | SE = 18.487 bit/s/Hz
[66438 ms] [UE 14608] UL: SNR = 62.50 dB | SE = 20.451 bit/s/Hz
[66438 ms] [UE 54487] UL: SNR = 51.50 dB | SE = 16.851 bit/s/Hz
[66438 ms] [UE 2959] UL: SNR = 34.00 dB | SE = 11.126 bit/s/Hz
[66438 ms] [UE 14350] UL: SNR = 63.50 dB | SE = 20.778 bit/s/Hz
[66438 ms] [UE 9290] UL: SNR = 7.00 dB | SE = 2.549 bit/s/Hz
[66438 ms] [UE 60232] UL: SNR = 35.50 dB | SE = 11.616 bit/s/Hz
[66438 ms] [UE 37624] UL: SNR = 52.50 dB | SE = 17.179 bit/s/Hz
[66438 ms] [UE 18432] UL: SNR = 63.50 dB | SE = 20.778 bit/s/Hz
[66438 ms] [UE 55143] UL: SNR = 62.00 dB | SE = 20.287 bit/s/Hz
[66438 ms] [UE 55862] UL: SNR = 42.50 dB | SE = 13.907 bit/s/Hz
[66438 ms] [UE 62817] UL: SNR = 47.00 dB | SE = 15.379 bit/s/Hz
[66438 ms] [UE 5257] UL: SNR = 47.00 dB | SE = 15.379 bit/s/Hz
[67415 ms] [UE 54141] UL: SNR = 63.50 dB | SE = 20.778 bit/s/Hz
[67415 ms] [UE 14002] UL: SNR = 59.00 dB | SE = 19.305 bit/s/Hz
[67415 ms] [UE 55839] UL: SNR = 60.00 dB | SE = 19.633 bit/s/Hz
[67415 ms] [UE 47098] UL: SNR = 55.50 dB | SE = 18.160 bit/s/Hz
[67415 ms] [UE 46443] UL: SNR = 61.00 dB | SE = 19.960 bit/s/Hz
[67415 ms] [UE 40142] UL: SNR = 58.00 dB | SE = 18.978 bit/s/Hz
[67415 ms] [UE 1171] UL: SNR = 55.00 dB | SE = 17.997 bit/s/Hz
[67415 ms] [UE 59499] UL: SNR = 53.50 dB | SE = 17.506 bit/s/Hz
[67415 ms] [UE 8279] UL: SNR = 53.50 dB | SE = 17.506 bit/s/Hz
[67415 ms] [UE 12524] UL: SNR = 56.50 dB | SE = 18.487 bit/s/Hz
[67447 ms] [UE 14608] UL: SNR = 63.50 dB | SE = 20.778 bit/s/Hz
[67447 ms] [UE 54487] UL: SNR = 62.00 dB | SE = 20.287 bit/s/Hz
[67447 ms] [UE 2959] UL: SNR = 34.00 dB | SE = 11.126 bit/s/Hz
[67447 ms] [UE 14350] UL: SNR = 63.50 dB | SE = 20.778 bit/s/Hz
[67447 ms] [UE 9290] UL: SNR = 7.00 dB | SE = 2.549 bit/s/Hz
[67447 ms] [UE 60232] UL: SNR = 35.50 dB | SE = 11.616 bit/s/Hz
[67447 ms] [UE 37624] UL: SNR = 52.50 dB | SE = 17.179 bit/s/Hz
[67447 ms] [UE 18432] UL: SNR = 63.50 dB | SE = 20.778 bit/s/Hz
[67447 ms] [UE 55143] UL: SNR = 63.50 dB | SE = 20.778 bit/s/Hz
[67447 ms] [UE 55862] UL: SNR = 52.00 dB | SE = 17.015 bit/s/Hz
[67447 ms] [UE 62817] UL: SNR = 59.50 dB | SE = 19.469 bit/s/Hz
[67447 ms] [UE 5257] UL: SNR = 60.50 dB | SE = 19.796 bit/s/Hz
[68418 ms] [UE 54141] UL: SNR = 63.50 dB | SE = 20.778 bit/s/Hz
[68418 ms] [UE 14002] UL: SNR = 53.50 dB | SE = 17.506 bit/s/Hz
[68418 ms] [UE 55839] UL: SNR = 56.00 dB | SE = 18.324 bit/s/Hz
[68418 ms] [UE 47098] UL: SNR = 51.50 dB | SE = 16.851 bit/s/Hz
[68418 ms] [UE 46443] UL: SNR = 61.00 dB | SE = 19.960 bit/s/Hz
[68418 ms] [UE 40142] UL: SNR = 58.00 dB | SE = 18.978 bit/s/Hz
[68418 ms] [UE 1171] UL: SNR = 55.00 dB | SE = 17.997 bit/s/Hz
[68418 ms] [UE 59499] UL: SNR = 53.50 dB | SE = 17.506 bit/s/Hz
[68418 ms] [UE 8279] UL: SNR = 53.50 dB | SE = 17.506 bit/s/Hz
[68418 ms] [UE 12524] UL: SNR = 56.50 dB | SE = 18.487 bit/s/Hz
[68447 ms] [UE 14608] UL: SNR = 63.50 dB | SE = 20.778 bit/s/Hz
[68447 ms] [UE 54487] UL: SNR = 54.50 dB | SE = 17.833 bit/s/Hz
[68447 ms] [UE 2959] UL: SNR = 34.00 dB | SE = 11.126 bit/s/Hz
[68447 ms] [UE 14350] UL: SNR = 56.00 dB | SE = 18.324 bit/s/Hz
[68447 ms] [UE 9290] UL: SNR = 7.00 dB | SE = 2.549 bit/s/Hz
[68447 ms] [UE 60232] UL: SNR = 35.50 dB | SE = 11.616 bit/s/Hz
[68447 ms] [UE 37624] UL: SNR = 63.50 dB | SE = 20.778 bit/s/Hz
[68447 ms] [UE 18432] UL: SNR = 63.50 dB | SE = 20.778 bit/s/Hz
[68447 ms] [UE 55143] UL: SNR = 63.50 dB | SE = 20.778 bit/s/Hz
[68447 ms] [UE 55862] UL: SNR = 45.50 dB | SE = 14.888 bit/s/Hz
[68447 ms] [UE 62817] UL: SNR = 52.00 dB | SE = 17.015 bit/s/Hz
[68447 ms] [UE 5257] UL: SNR = 54.00 dB | SE = 17.669 bit/s/Hz
[69425 ms] [UE 54141] UL: SNR = 63.50 dB | SE = 20.778 bit/s/Hz
[69425 ms] [UE 14002] UL: SNR = 53.50 dB | SE = 17.506 bit/s/Hz
[69425 ms] [UE 55839] UL: SNR = 56.00 dB | SE = 18.324 bit/s/Hz
[69425 ms] [UE 47098] UL: SNR = 51.50 dB | SE = 16.851 bit/s/Hz
[69425 ms] [UE 46443] UL: SNR = 61.00 dB | SE = 19.960 bit/s/Hz
[69425 ms] [UE 40142] UL: SNR = 58.00 dB | SE = 18.978 bit/s/Hz
[69425 ms] [UE 1171] UL: SNR = 55.00 dB | SE = 17.997 bit/s/Hz
[69425 ms] [UE 59499] UL: SNR = 53.50 dB | SE = 17.506 bit/s/Hz
[69425 ms] [UE 8279] UL: SNR = 53.50 dB | SE = 17.506 bit/s/Hz
[69425 ms] [UE 12524] UL: SNR = 56.50 dB | SE = 18.487 bit/s/Hz
[69448 ms] [UE 14608] UL: SNR = 63.50 dB | SE = 20.778 bit/s/Hz
[69448 ms] [UE 54487] UL: SNR = 63.50 dB | SE = 20.778 bit/s/Hz
[69448 ms] [UE 2959] UL: SNR = 34.00 dB | SE = 11.126 bit/s/Hz
[69448 ms] [UE 14350] UL: SNR = 63.50 dB | SE = 20.778 bit/s/Hz
[69448 ms] [UE 9290] UL: SNR = 7.00 dB | SE = 2.549 bit/s/Hz
[69448 ms] [UE 60232] UL: SNR = 35.50 dB | SE = 11.616 bit/s/Hz
[69448 ms] [UE 37624] UL: SNR = 63.50 dB | SE = 20.778 bit/s/Hz
[69448 ms] [UE 18432] UL: SNR = 63.50 dB | SE = 20.778 bit/s/Hz
[69448 ms] [UE 55143] UL: SNR = 63.50 dB | SE = 20.778 bit/s/Hz
[69448 ms] [UE 55862] UL: SNR = 45.50 dB | SE = 14.888 bit/s/Hz
[69448 ms] [UE 62817] UL: SNR = 52.00 dB | SE = 17.015 bit/s/Hz
[69448 ms] [UE 5257] UL: SNR = 63.50 dB | SE = 20.778 bit/s/Hz
[70426 ms] [UE 54141] UL: SNR = 63.50 dB | SE = 20.778 bit/s/Hz
[70426 ms] [UE 14002] UL: SNR = 53.50 dB | SE = 17.506 bit/s/Hz
[70426 ms] [UE 55839] UL: SNR = 56.00 dB | SE = 18.324 bit/s/Hz
[70426 ms] [UE 47098] UL: SNR = 51.50 dB | SE = 16.851 bit/s/Hz
[70426 ms] [UE 46443] UL: SNR = 61.00 dB | SE = 19.960 bit/s/Hz
[70426 ms] [UE 40142] UL: SNR = 58.00 dB | SE = 18.978 bit/s/Hz
[70426 ms] [UE 1171] UL: SNR = 55.00 dB | SE = 17.997 bit/s/Hz
[70426 ms] [UE 59499] UL: SNR = 53.50 dB | SE = 17.506 bit/s/Hz
[70426 ms] [UE 8279] UL: SNR = 53.50 dB | SE = 17.506 bit/s/Hz
[70426 ms] [UE 12524] UL: SNR = 56.50 dB | SE = 18.487 bit/s/Hz
[70457 ms] [UE 14608] UL: SNR = 63.50 dB | SE = 20.778 bit/s/Hz
[70457 ms] [UE 54487] UL: SNR = 63.50 dB | SE = 20.778 bit/s/Hz
[70457 ms] [UE 2959] UL: SNR = 34.00 dB | SE = 11.126 bit/s/Hz
[70457 ms] [UE 14350] UL: SNR = 63.50 dB | SE = 20.778 bit/s/Hz
[70457 ms] [UE 9290] UL: SNR = 7.00 dB | SE = 2.549 bit/s/Hz
[70457 ms] [UE 60232] UL: SNR = 35.50 dB | SE = 11.616 bit/s/Hz
[70457 ms] [UE 37624] UL: SNR = 63.50 dB | SE = 20.778 bit/s/Hz
[70457 ms] [UE 18432] UL: SNR = 63.50 dB | SE = 20.778 bit/s/Hz
[70457 ms] [UE 55143] UL: SNR = 63.50 dB | SE = 20.778 bit/s/Hz
[70457 ms] [UE 55862] UL: SNR = 45.50 dB | SE = 14.888 bit/s/Hz
[70457 ms] [UE 62817] UL: SNR = 52.00 dB | SE = 17.015 bit/s/Hz
[70457 ms] [UE 5257] UL: SNR = 63.50 dB | SE = 20.778 bit/s/Hz
[71435 ms] [UE 54141] UL: SNR = 63.50 dB | SE = 20.778 bit/s/Hz
[71435 ms] [UE 14002] UL: SNR = 53.50 dB | SE = 17.506 bit/s/Hz
[71435 ms] [UE 55839] UL: SNR = 56.00 dB | SE = 18.324 bit/s/Hz
[71435 ms] [UE 47098] UL: SNR = 51.50 dB | SE = 16.851 bit/s/Hz
[71435 ms] [UE 46443] UL: SNR = 61.00 dB | SE = 19.960 bit/s/Hz
[71435 ms] [UE 40142] UL: SNR = 58.00 dB | SE = 18.978 bit/s/Hz
[71435 ms] [UE 1171] UL: SNR = 55.00 dB | SE = 17.997 bit/s/Hz
[71435 ms] [UE 59499] UL: SNR = 53.50 dB | SE = 17.506 bit/s/Hz
[71435 ms] [UE 8279] UL: SNR = 53.50 dB | SE = 17.506 bit/s/Hz
[71435 ms] [UE 12524] UL: SNR = 56.50 dB | SE = 18.487 bit/s/Hz
[71457 ms] [UE 14608] UL: SNR = 63.50 dB | SE = 20.778 bit/s/Hz
[71457 ms] [UE 54487] UL: SNR = 63.50 dB | SE = 20.778 bit/s/Hz
[71457 ms] [UE 2959] UL: SNR = 34.00 dB | SE = 11.126 bit/s/Hz
[71457 ms] [UE 14350] UL: SNR = 63.50 dB | SE = 20.778 bit/s/Hz
[71457 ms] [UE 9290] UL: SNR = 7.00 dB | SE = 2.549 bit/s/Hz
[71457 ms] [UE 60232] UL: SNR = 35.50 dB | SE = 11.616 bit/s/Hz
[71457 ms] [UE 37624] UL: SNR = 63.50 dB | SE = 20.778 bit/s/Hz
[71457 ms] [UE 18432] UL: SNR = 63.50 dB | SE = 20.778 bit/s/Hz
[71457 ms] [UE 55143] UL: SNR = 63.50 dB | SE = 20.778 bit/s/Hz
[71457 ms] [UE 55862] UL: SNR = 45.50 dB | SE = 14.888 bit/s/Hz
[71457 ms] [UE 62817] UL: SNR = 52.00 dB | SE = 17.015 bit/s/Hz
[71457 ms] [UE 5257] UL: SNR = 63.50 dB | SE = 20.778 bit/s/Hz
[72436 ms] [UE 54141] UL: SNR = 63.50 dB | SE = 20.778 bit/s/Hz
[72436 ms] [UE 14002] UL: SNR = 53.50 dB | SE = 17.506 bit/s/Hz
[72436 ms] [UE 55839] UL: SNR = 56.00 dB | SE = 18.324 bit/s/Hz
[72436 ms] [UE 47098] UL: SNR = 51.50 dB | SE = 16.851 bit/s/Hz
[72436 ms] [UE 46443] UL: SNR = 61.00 dB | SE = 19.960 bit/s/Hz
[72436 ms] [UE 40142] UL: SNR = 58.00 dB | SE = 18.978 bit/s/Hz
[72436 ms] [UE 1171] UL: SNR = 55.00 dB | SE = 17.997 bit/s/Hz
[72436 ms] [UE 59499] UL: SNR = 53.50 dB | SE = 17.506 bit/s/Hz
[72436 ms] [UE 8279] UL: SNR = 53.50 dB | SE = 17.506 bit/s/Hz
[72436 ms] [UE 12524] UL: SNR = 56.50 dB | SE = 18.487 bit/s/Hz
[72459 ms] [UE 14608] UL: SNR = 63.50 dB | SE = 20.778 bit/s/Hz
[72459 ms] [UE 54487] UL: SNR = 63.50 dB | SE = 20.778 bit/s/Hz
[72459 ms] [UE 2959] UL: SNR = 34.00 dB | SE = 11.126 bit/s/Hz
[72459 ms] [UE 14350] UL: SNR = 63.50 dB | SE = 20.778 bit/s/Hz
[72459 ms] [UE 9290] UL: SNR = 7.00 dB | SE = 2.549 bit/s/Hz
[72459 ms] [UE 60232] UL: SNR = 35.50 dB | SE = 11.616 bit/s/Hz
[72459 ms] [UE 37624] UL: SNR = 63.50 dB | SE = 20.778 bit/s/Hz
[72459 ms] [UE 18432] UL: SNR = 63.50 dB | SE = 20.778 bit/s/Hz
[72459 ms] [UE 55143] UL: SNR = 63.50 dB | SE = 20.778 bit/s/Hz
[72459 ms] [UE 55862] UL: SNR = 63.50 dB | SE = 20.778 bit/s/Hz
[72459 ms] [UE 62817] UL: SNR = 52.00 dB | SE = 17.015 bit/s/Hz
[72459 ms] [UE 5257] UL: SNR = 63.50 dB | SE = 20.778 bit/s/Hz
[73445 ms] [UE 54141] UL: SNR = 63.50 dB | SE = 20.778 bit/s/Hz
[73445 ms] [UE 14002] UL: SNR = 53.50 dB | SE = 17.506 bit/s/Hz
[73445 ms] [UE 55839] UL: SNR = 56.00 dB | SE = 18.324 bit/s/Hz
[73445 ms] [UE 47098] UL: SNR = 51.50 dB | SE = 16.851 bit/s/Hz
[73445 ms] [UE 46443] UL: SNR = 61.00 dB | SE = 19.960 bit/s/Hz
[73445 ms] [UE 40142] UL: SNR = 58.00 dB | SE = 18.978 bit/s/Hz
[73445 ms] [UE 1171] UL: SNR = 55.00 dB | SE = 17.997 bit/s/Hz
[73445 ms] [UE 59499] UL: SNR = 53.50 dB | SE = 17.506 bit/s/Hz
[73445 ms] [UE 8279] UL: SNR = 53.50 dB | SE = 17.506 bit/s/Hz
[73445 ms] [UE 12524] UL: SNR = 56.50 dB | SE = 18.487 bit/s/Hz
[73469 ms] [UE 14608] UL: SNR = 63.50 dB | SE = 20.778 bit/s/Hz
[73469 ms] [UE 54487] UL: SNR = 63.50 dB | SE = 20.778 bit/s/Hz
[73469 ms] [UE 2959] UL: SNR = 34.00 dB | SE = 11.126 bit/s/Hz
[73469 ms] [UE 14350] UL: SNR = 63.50 dB | SE = 20.778 bit/s/Hz
[73469 ms] [UE 9290] UL: SNR = 7.00 dB | SE = 2.549 bit/s/Hz
[73469 ms] [UE 60232] UL: SNR = 35.50 dB | SE = 11.616 bit/s/Hz
[73469 ms] [UE 37624] UL: SNR = 63.50 dB | SE = 20.778 bit/s/Hz
[73469 ms] [UE 18432] UL: SNR = 63.50 dB | SE = 20.778 bit/s/Hz
[73469 ms] [UE 55143] UL: SNR = 63.50 dB | SE = 20.778 bit/s/Hz
[73469 ms] [UE 55862] UL: SNR = 63.50 dB | SE = 20.778 bit/s/Hz
[73469 ms] [UE 62817] UL: SNR = 52.00 dB | SE = 17.015 bit/s/Hz
[73469 ms] [UE 5257] UL: SNR = 63.50 dB | SE = 20.778 bit/s/Hz
[74456 ms] [UE 54141] UL: SNR = 63.50 dB | SE = 20.778 bit/s/Hz
[74456 ms] [UE 14002] UL: SNR = 59.00 dB | SE = 19.305 bit/s/Hz
[74456 ms] [UE 55839] UL: SNR = 60.00 dB | SE = 19.633 bit/s/Hz
[74456 ms] [UE 47098] UL: SNR = 51.50 dB | SE = 16.851 bit/s/Hz
[74456 ms] [UE 46443] UL: SNR = 61.00 dB | SE = 19.960 bit/s/Hz
[74456 ms] [UE 40142] UL: SNR = 58.00 dB | SE = 18.978 bit/s/Hz
[74456 ms] [UE 1171] UL: SNR = 55.00 dB | SE = 17.997 bit/s/Hz
[74456 ms] [UE 59499] UL: SNR = 53.50 dB | SE = 17.506 bit/s/Hz
[74456 ms] [UE 8279] UL: SNR = 53.50 dB | SE = 17.506 bit/s/Hz
[74456 ms] [UE 12524] UL: SNR = 56.50 dB | SE = 18.487 bit/s/Hz
[74478 ms] [UE 14608] UL: SNR = 63.50 dB | SE = 20.778 bit/s/Hz
[74478 ms] [UE 54487] UL: SNR = 55.50 dB | SE = 18.160 bit/s/Hz
[74478 ms] [UE 2959] UL: SNR = 34.00 dB | SE = 11.126 bit/s/Hz
[74478 ms] [UE 14350] UL: SNR = 63.50 dB | SE = 20.778 bit/s/Hz
[74478 ms] [UE 9290] UL: SNR = 7.00 dB | SE = 2.549 bit/s/Hz
[74478 ms] [UE 60232] UL: SNR = 35.50 dB | SE = 11.616 bit/s/Hz
[74478 ms] [UE 37624] UL: SNR = 54.00 dB | SE = 17.669 bit/s/Hz
[74478 ms] [UE 18432] UL: SNR = 63.50 dB | SE = 20.778 bit/s/Hz
[74478 ms] [UE 55143] UL: SNR = 63.50 dB | SE = 20.778 bit/s/Hz
[74478 ms] [UE 55862] UL: SNR = 46.00 dB | SE = 15.052 bit/s/Hz
[74478 ms] [UE 62817] UL: SNR = 51.50 dB | SE = 16.851 bit/s/Hz
[74478 ms] [UE 5257] UL: SNR = 63.50 dB | SE = 20.778 bit/s/Hz
[75466 ms] [UE 54141] UL: SNR = 63.50 dB | SE = 20.778 bit/s/Hz
[75466 ms] [UE 14002] UL: SNR = 59.00 dB | SE = 19.305 bit/s/Hz
[75466 ms] [UE 55839] UL: SNR = 60.00 dB | SE = 19.633 bit/s/Hz
[75466 ms] [UE 47098] UL: SNR = 51.50 dB | SE = 16.851 bit/s/Hz
[75466 ms] [UE 46443] UL: SNR = 61.00 dB | SE = 19.960 bit/s/Hz
[75466 ms] [UE 40142] UL: SNR = 58.00 dB | SE = 18.978 bit/s/Hz
[75466 ms] [UE 1171] UL: SNR = 55.00 dB | SE = 17.997 bit/s/Hz
[75466 ms] [UE 59499] UL: SNR = 53.50 dB | SE = 17.506 bit/s/Hz
[75466 ms] [UE 8279] UL: SNR = 53.50 dB | SE = 17.506 bit/s/Hz
[75466 ms] [UE 12524] UL: SNR = 56.50 dB | SE = 18.487 bit/s/Hz
[75488 ms] [UE 14608] UL: SNR = 61.00 dB | SE = 19.960 bit/s/Hz
[75488 ms] [UE 54487] UL: SNR = 50.00 dB | SE = 16.361 bit/s/Hz
[75488 ms] [UE 2959] UL: SNR = 34.00 dB | SE = 11.126 bit/s/Hz
[75488 ms] [UE 14350] UL: SNR = 63.50 dB | SE = 20.778 bit/s/Hz
[75488 ms] [UE 9290] UL: SNR = 7.00 dB | SE = 2.549 bit/s/Hz
[75488 ms] [UE 60232] UL: SNR = 35.50 dB | SE = 11.616 bit/s/Hz
[75488 ms] [UE 37624] UL: SNR = 53.00 dB | SE = 17.342 bit/s/Hz
[75488 ms] [UE 18432] UL: SNR = 63.50 dB | SE = 20.778 bit/s/Hz
[75488 ms] [UE 55143] UL: SNR = 62.00 dB | SE = 20.287 bit/s/Hz
[75488 ms] [UE 55862] UL: SNR = 42.50 dB | SE = 13.907 bit/s/Hz
[75488 ms] [UE 62817] UL: SNR = 47.00 dB | SE = 15.379 bit/s/Hz
[75488 ms] [UE 5257] UL: SNR = 63.50 dB | SE = 20.778 bit/s/Hz
[76475 ms] [UE 54141] UL: SNR = 63.50 dB | SE = 20.778 bit/s/Hz
[76475 ms] [UE 14002] UL: SNR = 53.50 dB | SE = 17.506 bit/s/Hz
[76475 ms] [UE 55839] UL: SNR = 56.50 dB | SE = 18.487 bit/s/Hz
[76475 ms] [UE 47098] UL: SNR = 51.50 dB | SE = 16.851 bit/s/Hz
[76475 ms] [UE 46443] UL: SNR = 61.00 dB | SE = 19.960 bit/s/Hz
[76475 ms] [UE 40142] UL: SNR = 58.00 dB | SE = 18.978 bit/s/Hz
[76475 ms] [UE 1171] UL: SNR = 55.00 dB | SE = 17.997 bit/s/Hz
[76475 ms] [UE 59499] UL: SNR = 53.50 dB | SE = 17.506 bit/s/Hz
[76475 ms] [UE 8279] UL: SNR = 53.50 dB | SE = 17.506 bit/s/Hz
[76475 ms] [UE 12524] UL: SNR = 56.50 dB | SE = 18.487 bit/s/Hz
[76488 ms] [UE 14608] UL: SNR = 63.50 dB | SE = 20.778 bit/s/Hz
[76488 ms] [UE 54487] UL: SNR = 54.50 dB | SE = 17.833 bit/s/Hz
[76488 ms] [UE 2959] UL: SNR = 34.00 dB | SE = 11.126 bit/s/Hz
[76488 ms] [UE 14350] UL: SNR = 56.00 dB | SE = 18.324 bit/s/Hz
[76488 ms] [UE 9290] UL: SNR = 7.00 dB | SE = 2.549 bit/s/Hz
[76488 ms] [UE 60232] UL: SNR = 35.50 dB | SE = 11.616 bit/s/Hz
[76488 ms] [UE 37624] UL: SNR = 63.50 dB | SE = 20.778 bit/s/Hz
[76488 ms] [UE 18432] UL: SNR = 63.50 dB | SE = 20.778 bit/s/Hz
[76488 ms] [UE 55143] UL: SNR = 63.50 dB | SE = 20.778 bit/s/Hz
[76488 ms] [UE 55862] UL: SNR = 47.00 dB | SE = 15.379 bit/s/Hz
[76488 ms] [UE 62817] UL: SNR = 51.00 dB | SE = 16.688 bit/s/Hz
[76488 ms] [UE 5257] UL: SNR = 53.50 dB | SE = 17.506 bit/s/Hz
[77476 ms] [UE 54141] UL: SNR = 63.50 dB | SE = 20.778 bit/s/Hz
[77476 ms] [UE 14002] UL: SNR = 53.50 dB | SE = 17.506 bit/s/Hz
[77476 ms] [UE 55839] UL: SNR = 56.50 dB | SE = 18.487 bit/s/Hz
[77476 ms] [UE 47098] UL: SNR = 51.50 dB | SE = 16.851 bit/s/Hz
[77476 ms] [UE 46443] UL: SNR = 61.00 dB | SE = 19.960 bit/s/Hz
[77476 ms] [UE 40142] UL: SNR = 58.00 dB | SE = 18.978 bit/s/Hz
[77476 ms] [UE 1171] UL: SNR = 55.00 dB | SE = 17.997 bit/s/Hz
[77476 ms] [UE 59499] UL: SNR = 53.50 dB | SE = 17.506 bit/s/Hz
[77476 ms] [UE 8279] UL: SNR = 53.50 dB | SE = 17.506 bit/s/Hz
[77476 ms] [UE 12524] UL: SNR = 56.50 dB | SE = 18.487 bit/s/Hz
[77498 ms] [UE 14608] UL: SNR = 63.50 dB | SE = 20.778 bit/s/Hz
[77498 ms] [UE 54487] UL: SNR = 63.50 dB | SE = 20.778 bit/s/Hz
[77498 ms] [UE 2959] UL: SNR = 34.00 dB | SE = 11.126 bit/s/Hz
[77498 ms] [UE 14350] UL: SNR = 56.00 dB | SE = 18.324 bit/s/Hz
[77498 ms] [UE 9290] UL: SNR = 7.00 dB | SE = 2.549 bit/s/Hz
[77498 ms] [UE 60232] UL: SNR = 35.50 dB | SE = 11.616 bit/s/Hz
[77498 ms] [UE 37624] UL: SNR = 63.50 dB | SE = 20.778 bit/s/Hz
[77498 ms] [UE 18432] UL: SNR = 63.50 dB | SE = 20.778 bit/s/Hz
[77498 ms] [UE 55143] UL: SNR = 63.50 dB | SE = 20.778 bit/s/Hz
[77498 ms] [UE 55862] UL: SNR = 47.00 dB | SE = 15.379 bit/s/Hz
[77498 ms] [UE 62817] UL: SNR = 51.00 dB | SE = 16.688 bit/s/Hz
[77498 ms] [UE 5257] UL: SNR = 53.50 dB | SE = 17.506 bit/s/Hz
[78477 ms] [UE 54141] UL: SNR = 63.50 dB | SE = 20.778 bit/s/Hz
[78477 ms] [UE 14002] UL: SNR = 53.50 dB | SE = 17.506 bit/s/Hz
[78477 ms] [UE 55839] UL: SNR = 56.50 dB | SE = 18.487 bit/s/Hz
[78477 ms] [UE 47098] UL: SNR = 51.50 dB | SE = 16.851 bit/s/Hz
[78477 ms] [UE 46443] UL: SNR = 61.00 dB | SE = 19.960 bit/s/Hz
[78477 ms] [UE 40142] UL: SNR = 58.00 dB | SE = 18.978 bit/s/Hz
[78477 ms] [UE 1171] UL: SNR = 55.00 dB | SE = 17.997 bit/s/Hz
[78477 ms] [UE 59499] UL: SNR = 53.50 dB | SE = 17.506 bit/s/Hz
[78477 ms] [UE 8279] UL: SNR = 53.50 dB | SE = 17.506 bit/s/Hz
[78477 ms] [UE 12524] UL: SNR = 56.50 dB | SE = 18.487 bit/s/Hz
[78499 ms] [UE 14608] UL: SNR = 63.50 dB | SE = 20.778 bit/s/Hz
[78499 ms] [UE 54487] UL: SNR = 63.50 dB | SE = 20.778 bit/s/Hz
[78499 ms] [UE 2959] UL: SNR = 34.00 dB | SE = 11.126 bit/s/Hz
[78499 ms] [UE 14350] UL: SNR = 56.00 dB | SE = 18.324 bit/s/Hz
[78499 ms] [UE 9290] UL: SNR = 7.00 dB | SE = 2.549 bit/s/Hz
[78499 ms] [UE 60232] UL: SNR = 35.50 dB | SE = 11.616 bit/s/Hz
[78499 ms] [UE 37624] UL: SNR = 63.50 dB | SE = 20.778 bit/s/Hz
[78499 ms] [UE 18432] UL: SNR = 63.50 dB | SE = 20.778 bit/s/Hz
[78499 ms] [UE 55143] UL: SNR = 63.50 dB | SE = 20.778 bit/s/Hz
[78499 ms] [UE 55862] UL: SNR = 47.00 dB | SE = 15.379 bit/s/Hz
[78499 ms] [UE 62817] UL: SNR = 51.00 dB | SE = 16.688 bit/s/Hz
[78499 ms] [UE 5257] UL: SNR = 53.50 dB | SE = 17.506 bit/s/Hz
[79485 ms] [UE 54141] UL: SNR = 63.50 dB | SE = 20.778 bit/s/Hz
[79485 ms] [UE 14002] UL: SNR = 53.50 dB | SE = 17.506 bit/s/Hz
[79485 ms] [UE 55839] UL: SNR = 56.50 dB | SE = 18.487 bit/s/Hz
[79485 ms] [UE 47098] UL: SNR = 51.50 dB | SE = 16.851 bit/s/Hz
[79485 ms] [UE 46443] UL: SNR = 61.00 dB | SE = 19.960 bit/s/Hz
[79485 ms] [UE 40142] UL: SNR = 58.00 dB | SE = 18.978 bit/s/Hz
[79485 ms] [UE 1171] UL: SNR = 55.00 dB | SE = 17.997 bit/s/Hz
[79485 ms] [UE 59499] UL: SNR = 53.50 dB | SE = 17.506 bit/s/Hz
[79485 ms] [UE 8279] UL: SNR = 53.50 dB | SE = 17.506 bit/s/Hz
[79485 ms] [UE 12524] UL: SNR = 56.50 dB | SE = 18.487 bit/s/Hz
[79508 ms] [UE 14608] UL: SNR = 63.50 dB | SE = 20.778 bit/s/Hz
[79508 ms] [UE 54487] UL: SNR = 63.50 dB | SE = 20.778 bit/s/Hz
[79508 ms] [UE 2959] UL: SNR = 34.00 dB | SE = 11.126 bit/s/Hz
[79508 ms] [UE 14350] UL: SNR = 56.00 dB | SE = 18.324 bit/s/Hz
[79508 ms] [UE 9290] UL: SNR = 7.00 dB | SE = 2.549 bit/s/Hz
[79508 ms] [UE 60232] UL: SNR = 35.50 dB | SE = 11.616 bit/s/Hz
[79508 ms] [UE 37624] UL: SNR = 63.50 dB | SE = 20.778 bit/s/Hz
[79508 ms] [UE 18432] UL: SNR = 63.50 dB | SE = 20.778 bit/s/Hz
[79508 ms] [UE 55143] UL: SNR = 63.50 dB | SE = 20.778 bit/s/Hz
[79508 ms] [UE 55862] UL: SNR = 47.00 dB | SE = 15.379 bit/s/Hz
[79508 ms] [UE 62817] UL: SNR = 51.00 dB | SE = 16.688 bit/s/Hz
[79508 ms] [UE 5257] UL: SNR = 53.50 dB | SE = 17.506 bit/s/Hz
[80485 ms] [UE 54141] UL: SNR = 63.50 dB | SE = 20.778 bit/s/Hz
[80485 ms] [UE 14002] UL: SNR = 53.50 dB | SE = 17.506 bit/s/Hz
[80485 ms] [UE 55839] UL: SNR = 56.50 dB | SE = 18.487 bit/s/Hz
[80485 ms] [UE 47098] UL: SNR = 51.50 dB | SE = 16.851 bit/s/Hz
[80485 ms] [UE 46443] UL: SNR = 61.00 dB | SE = 19.960 bit/s/Hz
[80485 ms] [UE 40142] UL: SNR = 58.00 dB | SE = 18.978 bit/s/Hz
[80485 ms] [UE 1171] UL: SNR = 55.00 dB | SE = 17.997 bit/s/Hz
[80485 ms] [UE 59499] UL: SNR = 53.50 dB | SE = 17.506 bit/s/Hz
[80485 ms] [UE 8279] UL: SNR = 53.50 dB | SE = 17.506 bit/s/Hz
[80485 ms] [UE 12524] UL: SNR = 56.50 dB | SE = 18.487 bit/s/Hz
[80518 ms] [UE 14608] UL: SNR = 63.50 dB | SE = 20.778 bit/s/Hz
[80518 ms] [UE 54487] UL: SNR = 63.50 dB | SE = 20.778 bit/s/Hz
[80518 ms] [UE 2959] UL: SNR = 34.00 dB | SE = 11.126 bit/s/Hz
[80518 ms] [UE 14350] UL: SNR = 56.00 dB | SE = 18.324 bit/s/Hz
[80518 ms] [UE 9290] UL: SNR = 7.00 dB | SE = 2.549 bit/s/Hz
[80518 ms] [UE 60232] UL: SNR = 35.50 dB | SE = 11.616 bit/s/Hz
[80518 ms] [UE 37624] UL: SNR = 63.50 dB | SE = 20.778 bit/s/Hz
[80518 ms] [UE 18432] UL: SNR = 63.50 dB | SE = 20.778 bit/s/Hz
[80518 ms] [UE 55143] UL: SNR = 63.50 dB | SE = 20.778 bit/s/Hz
[80518 ms] [UE 55862] UL: SNR = 47.00 dB | SE = 15.379 bit/s/Hz
[80518 ms] [UE 62817] UL: SNR = 51.00 dB | SE = 16.688 bit/s/Hz
[80518 ms] [UE 5257] UL: SNR = 53.50 dB | SE = 17.506 bit/s/Hz
[81495 ms] [UE 54141] UL: SNR = 63.50 dB | SE = 20.778 bit/s/Hz
[81495 ms] [UE 14002] UL: SNR = 53.50 dB | SE = 17.506 bit/s/Hz
[81495 ms] [UE 55839] UL: SNR = 56.50 dB | SE = 18.487 bit/s/Hz
[81495 ms] [UE 47098] UL: SNR = 51.50 dB | SE = 16.851 bit/s/Hz
[81495 ms] [UE 46443] UL: SNR = 61.00 dB | SE = 19.960 bit/s/Hz
[81495 ms] [UE 40142] UL: SNR = 58.00 dB | SE = 18.978 bit/s/Hz
[81495 ms] [UE 1171] UL: SNR = 55.00 dB | SE = 17.997 bit/s/Hz
[81495 ms] [UE 59499] UL: SNR = 53.50 dB | SE = 17.506 bit/s/Hz
[81495 ms] [UE 8279] UL: SNR = 53.50 dB | SE = 17.506 bit/s/Hz
[81495 ms] [UE 12524] UL: SNR = 56.50 dB | SE = 18.487 bit/s/Hz
[81527 ms] [UE 14608] UL: SNR = 63.50 dB | SE = 20.778 bit/s/Hz
[81527 ms] [UE 54487] UL: SNR = 63.50 dB | SE = 20.778 bit/s/Hz
[81527 ms] [UE 2959] UL: SNR = 34.00 dB | SE = 11.126 bit/s/Hz
[81527 ms] [UE 14350] UL: SNR = 56.00 dB | SE = 18.324 bit/s/Hz
[81527 ms] [UE 9290] UL: SNR = 7.00 dB | SE = 2.549 bit/s/Hz
[81527 ms] [UE 60232] UL: SNR = 35.50 dB | SE = 11.616 bit/s/Hz
[81527 ms] [UE 37624] UL: SNR = 63.50 dB | SE = 20.778 bit/s/Hz
[81527 ms] [UE 18432] UL: SNR = 63.50 dB | SE = 20.778 bit/s/Hz
[81527 ms] [UE 55143] UL: SNR = 63.50 dB | SE = 20.778 bit/s/Hz
[81527 ms] [UE 55862] UL: SNR = 47.00 dB | SE = 15.379 bit/s/Hz
[81527 ms] [UE 62817] UL: SNR = 51.00 dB | SE = 16.688 bit/s/Hz
[81527 ms] [UE 5257] UL: SNR = 53.50 dB | SE = 17.506 bit/s/Hz
[82505 ms] [UE 54141] UL: SNR = 63.50 dB | SE = 20.778 bit/s/Hz
[82505 ms] [UE 14002] UL: SNR = 59.00 dB | SE = 19.305 bit/s/Hz
[82505 ms] [UE 55839] UL: SNR = 60.00 dB | SE = 19.633 bit/s/Hz
[82505 ms] [UE 47098] UL: SNR = 51.50 dB | SE = 16.851 bit/s/Hz
[82505 ms] [UE 46443] UL: SNR = 61.00 dB | SE = 19.960 bit/s/Hz
[82505 ms] [UE 40142] UL: SNR = 58.00 dB | SE = 18.978 bit/s/Hz
[82505 ms] [UE 1171] UL: SNR = 55.00 dB | SE = 17.997 bit/s/Hz
[82505 ms] [UE 59499] UL: SNR = 53.50 dB | SE = 17.506 bit/s/Hz
[82505 ms] [UE 8279] UL: SNR = 53.50 dB | SE = 17.506 bit/s/Hz
[82505 ms] [UE 12524] UL: SNR = 56.50 dB | SE = 18.487 bit/s/Hz
[82528 ms] [UE 14608] UL: SNR = 63.50 dB | SE = 20.778 bit/s/Hz
[82528 ms] [UE 54487] UL: SNR = 55.50 dB | SE = 18.160 bit/s/Hz
[82528 ms] [UE 2959] UL: SNR = 34.00 dB | SE = 11.126 bit/s/Hz
[82528 ms] [UE 14350] UL: SNR = 63.50 dB | SE = 20.778 bit/s/Hz
[82528 ms] [UE 9290] UL: SNR = 7.00 dB | SE = 2.549 bit/s/Hz
[82528 ms] [UE 60232] UL: SNR = 35.50 dB | SE = 11.616 bit/s/Hz
[82528 ms] [UE 37624] UL: SNR = 54.00 dB | SE = 17.669 bit/s/Hz
[82528 ms] [UE 18432] UL: SNR = 63.50 dB | SE = 20.778 bit/s/Hz
[82528 ms] [UE 55143] UL: SNR = 63.50 dB | SE = 20.778 bit/s/Hz
[82528 ms] [UE 55862] UL: SNR = 43.00 dB | SE = 14.070 bit/s/Hz
[82528 ms] [UE 62817] UL: SNR = 51.00 dB | SE = 16.688 bit/s/Hz
[82528 ms] [UE 5257] UL: SNR = 47.00 dB | SE = 15.379 bit/s/Hz
[83515 ms] [UE 54141] UL: SNR = 63.50 dB | SE = 20.778 bit/s/Hz
[83515 ms] [UE 14002] UL: SNR = 59.00 dB | SE = 19.305 bit/s/Hz
[83515 ms] [UE 55839] UL: SNR = 60.00 dB | SE = 19.633 bit/s/Hz
[83515 ms] [UE 47098] UL: SNR = 51.50 dB | SE = 16.851 bit/s/Hz
[83515 ms] [UE 46443] UL: SNR = 61.00 dB | SE = 19.960 bit/s/Hz
[83515 ms] [UE 40142] UL: SNR = 58.00 dB | SE = 18.978 bit/s/Hz
[83515 ms] [UE 1171] UL: SNR = 55.00 dB | SE = 17.997 bit/s/Hz
[83515 ms] [UE 59499] UL: SNR = 53.50 dB | SE = 17.506 bit/s/Hz
[83515 ms] [UE 8279] UL: SNR = 53.50 dB | SE = 17.506 bit/s/Hz
[83515 ms] [UE 12524] UL: SNR = 56.50 dB | SE = 18.487 bit/s/Hz
[83539 ms] [UE 14608] UL: SNR = 61.50 dB | SE = 20.123 bit/s/Hz
[83539 ms] [UE 54487] UL: SNR = 49.50 dB | SE = 16.197 bit/s/Hz
[83539 ms] [UE 2959] UL: SNR = 34.00 dB | SE = 11.126 bit/s/Hz
[83539 ms] [UE 14350] UL: SNR = 63.50 dB | SE = 20.778 bit/s/Hz
[83539 ms] [UE 9290] UL: SNR = 7.00 dB | SE = 2.549 bit/s/Hz
[83539 ms] [UE 60232] UL: SNR = 35.50 dB | SE = 11.616 bit/s/Hz
[83539 ms] [UE 37624] UL: SNR = 53.00 dB | SE = 17.342 bit/s/Hz
[83539 ms] [UE 18432] UL: SNR = 63.50 dB | SE = 20.778 bit/s/Hz
[83539 ms] [UE 55143] UL: SNR = 62.00 dB | SE = 20.287 bit/s/Hz
[83539 ms] [UE 55862] UL: SNR = 42.50 dB | SE = 13.907 bit/s/Hz
[83539 ms] [UE 62817] UL: SNR = 47.00 dB | SE = 15.379 bit/s/Hz
[83539 ms] [UE 5257] UL: SNR = 47.00 dB | SE = 15.379 bit/s/Hz
[84515 ms] [UE 54141] UL: SNR = 63.50 dB | SE = 20.778 bit/s/Hz
[84515 ms] [UE 14002] UL: SNR = 53.00 dB | SE = 17.342 bit/s/Hz
[84515 ms] [UE 55839] UL: SNR = 56.00 dB | SE = 18.324 bit/s/Hz
[84515 ms] [UE 47098] UL: SNR = 51.00 dB | SE = 16.688 bit/s/Hz
[84515 ms] [UE 46443] UL: SNR = 61.00 dB | SE = 19.960 bit/s/Hz
[84515 ms] [UE 40142] UL: SNR = 58.00 dB | SE = 18.978 bit/s/Hz
[84515 ms] [UE 1171] UL: SNR = 55.00 dB | SE = 17.997 bit/s/Hz
[84515 ms] [UE 59499] UL: SNR = 53.50 dB | SE = 17.506 bit/s/Hz
[84515 ms] [UE 8279] UL: SNR = 53.50 dB | SE = 17.506 bit/s/Hz
[84515 ms] [UE 12524] UL: SNR = 56.50 dB | SE = 18.487 bit/s/Hz
[84548 ms] [UE 14608] UL: SNR = 63.50 dB | SE = 20.778 bit/s/Hz
[84548 ms] [UE 54487] UL: SNR = 54.50 dB | SE = 17.833 bit/s/Hz
[84548 ms] [UE 2959] UL: SNR = 34.00 dB | SE = 11.126 bit/s/Hz
[84548 ms] [UE 14350] UL: SNR = 56.00 dB | SE = 18.324 bit/s/Hz
[84548 ms] [UE 9290] UL: SNR = 7.00 dB | SE = 2.549 bit/s/Hz
[84548 ms] [UE 60232] UL: SNR = 35.50 dB | SE = 11.616 bit/s/Hz
[84548 ms] [UE 37624] UL: SNR = 63.50 dB | SE = 20.778 bit/s/Hz
[84548 ms] [UE 18432] UL: SNR = 63.50 dB | SE = 20.778 bit/s/Hz
[84548 ms] [UE 55143] UL: SNR = 62.00 dB | SE = 20.287 bit/s/Hz
[84548 ms] [UE 55862] UL: SNR = 58.00 dB | SE = 18.978 bit/s/Hz
[84548 ms] [UE 62817] UL: SNR = 60.50 dB | SE = 19.796 bit/s/Hz
[84548 ms] [UE 5257] UL: SNR = 58.00 dB | SE = 18.978 bit/s/Hz
[85525 ms] [UE 54141] UL: SNR = 63.50 dB | SE = 20.778 bit/s/Hz
[85525 ms] [UE 14002] UL: SNR = 53.00 dB | SE = 17.342 bit/s/Hz
[85525 ms] [UE 55839] UL: SNR = 56.00 dB | SE = 18.324 bit/s/Hz
[85525 ms] [UE 47098] UL: SNR = 51.00 dB | SE = 16.688 bit/s/Hz
[85525 ms] [UE 46443] UL: SNR = 61.00 dB | SE = 19.960 bit/s/Hz
[85525 ms] [UE 40142] UL: SNR = 58.00 dB | SE = 18.978 bit/s/Hz
[85525 ms] [UE 1171] UL: SNR = 55.00 dB | SE = 17.997 bit/s/Hz
[85525 ms] [UE 59499] UL: SNR = 53.50 dB | SE = 17.506 bit/s/Hz
[85525 ms] [UE 8279] UL: SNR = 53.50 dB | SE = 17.506 bit/s/Hz
[85525 ms] [UE 12524] UL: SNR = 56.50 dB | SE = 18.487 bit/s/Hz
[85558 ms] [UE 14608] UL: SNR = 63.50 dB | SE = 20.778 bit/s/Hz
[85558 ms] [UE 54487] UL: SNR = 54.50 dB | SE = 17.833 bit/s/Hz
[85558 ms] [UE 2959] UL: SNR = 34.00 dB | SE = 11.126 bit/s/Hz
[85558 ms] [UE 14350] UL: SNR = 56.00 dB | SE = 18.324 bit/s/Hz
[85558 ms] [UE 9290] UL: SNR = 7.00 dB | SE = 2.549 bit/s/Hz
[85558 ms] [UE 60232] UL: SNR = 35.50 dB | SE = 11.616 bit/s/Hz
[85558 ms] [UE 37624] UL: SNR = 63.50 dB | SE = 20.778 bit/s/Hz
[85558 ms] [UE 18432] UL: SNR = 63.50 dB | SE = 20.778 bit/s/Hz
[85558 ms] [UE 55143] UL: SNR = 63.50 dB | SE = 20.778 bit/s/Hz
[85558 ms] [UE 55862] UL: SNR = 45.50 dB | SE = 14.888 bit/s/Hz
[85558 ms] [UE 62817] UL: SNR = 52.00 dB | SE = 17.015 bit/s/Hz
[85558 ms] [UE 5257] UL: SNR = 53.50 dB | SE = 17.506 bit/s/Hz
[86535 ms] [UE 54141] UL: SNR = 63.50 dB | SE = 20.778 bit/s/Hz
[86535 ms] [UE 14002] UL: SNR = 53.00 dB | SE = 17.342 bit/s/Hz
[86535 ms] [UE 55839] UL: SNR = 56.00 dB | SE = 18.324 bit/s/Hz
[86535 ms] [UE 47098] UL: SNR = 51.00 dB | SE = 16.688 bit/s/Hz
[86535 ms] [UE 46443] UL: SNR = 61.00 dB | SE = 19.960 bit/s/Hz
[86535 ms] [UE 40142] UL: SNR = 58.00 dB | SE = 18.978 bit/s/Hz
[86535 ms] [UE 1171] UL: SNR = 55.00 dB | SE = 17.997 bit/s/Hz
[86535 ms] [UE 59499] UL: SNR = 53.50 dB | SE = 17.506 bit/s/Hz
[86535 ms] [UE 8279] UL: SNR = 53.50 dB | SE = 17.506 bit/s/Hz
[86535 ms] [UE 12524] UL: SNR = 56.50 dB | SE = 18.487 bit/s/Hz
[86568 ms] [UE 14608] UL: SNR = 63.50 dB | SE = 20.778 bit/s/Hz
[86568 ms] [UE 54487] UL: SNR = 63.50 dB | SE = 20.778 bit/s/Hz
[86568 ms] [UE 2959] UL: SNR = 34.00 dB | SE = 11.126 bit/s/Hz
[86568 ms] [UE 14350] UL: SNR = 56.00 dB | SE = 18.324 bit/s/Hz
[86568 ms] [UE 9290] UL: SNR = 7.00 dB | SE = 2.549 bit/s/Hz
[86568 ms] [UE 60232] UL: SNR = 35.50 dB | SE = 11.616 bit/s/Hz
[86568 ms] [UE 37624] UL: SNR = 63.50 dB | SE = 20.778 bit/s/Hz
[86568 ms] [UE 18432] UL: SNR = 63.50 dB | SE = 20.778 bit/s/Hz
[86568 ms] [UE 55143] UL: SNR = 63.50 dB | SE = 20.778 bit/s/Hz
[86568 ms] [UE 55862] UL: SNR = 45.50 dB | SE = 14.888 bit/s/Hz
[86568 ms] [UE 62817] UL: SNR = 52.00 dB | SE = 17.015 bit/s/Hz
[86568 ms] [UE 5257] UL: SNR = 53.50 dB | SE = 17.506 bit/s/Hz
[87536 ms] [UE 54141] UL: SNR = 63.50 dB | SE = 20.778 bit/s/Hz
[87536 ms] [UE 14002] UL: SNR = 53.00 dB | SE = 17.342 bit/s/Hz
[87536 ms] [UE 55839] UL: SNR = 56.00 dB | SE = 18.324 bit/s/Hz
[87536 ms] [UE 47098] UL: SNR = 51.00 dB | SE = 16.688 bit/s/Hz
[87536 ms] [UE 46443] UL: SNR = 61.00 dB | SE = 19.960 bit/s/Hz
[87536 ms] [UE 40142] UL: SNR = 58.00 dB | SE = 18.978 bit/s/Hz
[87536 ms] [UE 1171] UL: SNR = 55.00 dB | SE = 17.997 bit/s/Hz
[87536 ms] [UE 59499] UL: SNR = 53.50 dB | SE = 17.506 bit/s/Hz
[87536 ms] [UE 8279] UL: SNR = 53.50 dB | SE = 17.506 bit/s/Hz
[87536 ms] [UE 12524] UL: SNR = 56.50 dB | SE = 18.487 bit/s/Hz
[87568 ms] [UE 14608] UL: SNR = 63.50 dB | SE = 20.778 bit/s/Hz
[87568 ms] [UE 54487] UL: SNR = 63.50 dB | SE = 20.778 bit/s/Hz
[87568 ms] [UE 2959] UL: SNR = 34.00 dB | SE = 11.126 bit/s/Hz
[87568 ms] [UE 14350] UL: SNR = 56.00 dB | SE = 18.324 bit/s/Hz
[87568 ms] [UE 9290] UL: SNR = 7.00 dB | SE = 2.549 bit/s/Hz
[87568 ms] [UE 60232] UL: SNR = 35.50 dB | SE = 11.616 bit/s/Hz
[87568 ms] [UE 37624] UL: SNR = 63.50 dB | SE = 20.778 bit/s/Hz
[87568 ms] [UE 18432] UL: SNR = 63.50 dB | SE = 20.778 bit/s/Hz
[87568 ms] [UE 55143] UL: SNR = 63.50 dB | SE = 20.778 bit/s/Hz
[87568 ms] [UE 55862] UL: SNR = 45.50 dB | SE = 14.888 bit/s/Hz
[87568 ms] [UE 62817] UL: SNR = 52.00 dB | SE = 17.015 bit/s/Hz
[87568 ms] [UE 5257] UL: SNR = 53.50 dB | SE = 17.506 bit/s/Hz
[88536 ms] [UE 54141] UL: SNR = 63.50 dB | SE = 20.778 bit/s/Hz
[88536 ms] [UE 14002] UL: SNR = 53.00 dB | SE = 17.342 bit/s/Hz
[88536 ms] [UE 55839] UL: SNR = 63.50 dB | SE = 20.778 bit/s/Hz
[88536 ms] [UE 47098] UL: SNR = 63.50 dB | SE = 20.778 bit/s/Hz
[88536 ms] [UE 46443] UL: SNR = 61.00 dB | SE = 19.960 bit/s/Hz
[88536 ms] [UE 40142] UL: SNR = 58.00 dB | SE = 18.978 bit/s/Hz
[88536 ms] [UE 1171] UL: SNR = 55.00 dB | SE = 17.997 bit/s/Hz
[88536 ms] [UE 59499] UL: SNR = 53.50 dB | SE = 17.506 bit/s/Hz
[88536 ms] [UE 8279] UL: SNR = 53.50 dB | SE = 17.506 bit/s/Hz
[88536 ms] [UE 12524] UL: SNR = 56.50 dB | SE = 18.487 bit/s/Hz
[88569 ms] [UE 14608] UL: SNR = 63.50 dB | SE = 20.778 bit/s/Hz
[88569 ms] [UE 54487] UL: SNR = 63.50 dB | SE = 20.778 bit/s/Hz
[88569 ms] [UE 2959] UL: SNR = 34.00 dB | SE = 11.126 bit/s/Hz
[88569 ms] [UE 14350] UL: SNR = 56.00 dB | SE = 18.324 bit/s/Hz
[88569 ms] [UE 9290] UL: SNR = 7.00 dB | SE = 2.549 bit/s/Hz
[88569 ms] [UE 60232] UL: SNR = 35.50 dB | SE = 11.616 bit/s/Hz
[88569 ms] [UE 37624] UL: SNR = 63.50 dB | SE = 20.778 bit/s/Hz
[88569 ms] [UE 18432] UL: SNR = 63.50 dB | SE = 20.778 bit/s/Hz
[88569 ms] [UE 55143] UL: SNR = 63.50 dB | SE = 20.778 bit/s/Hz
[88569 ms] [UE 55862] UL: SNR = 45.50 dB | SE = 14.888 bit/s/Hz
[88569 ms] [UE 62817] UL: SNR = 52.00 dB | SE = 17.015 bit/s/Hz
[88569 ms] [UE 5257] UL: SNR = 53.50 dB | SE = 17.506 bit/s/Hz
[89536 ms] [UE 54141] UL: SNR = 63.50 dB | SE = 20.778 bit/s/Hz
[89536 ms] [UE 14002] UL: SNR = 53.00 dB | SE = 17.342 bit/s/Hz
[89536 ms] [UE 55839] UL: SNR = 63.50 dB | SE = 20.778 bit/s/Hz
[89536 ms] [UE 47098] UL: SNR = 63.50 dB | SE = 20.778 bit/s/Hz
[89536 ms] [UE 46443] UL: SNR = 61.00 dB | SE = 19.960 bit/s/Hz
[89536 ms] [UE 40142] UL: SNR = 58.00 dB | SE = 18.978 bit/s/Hz
[89536 ms] [UE 1171] UL: SNR = 55.00 dB | SE = 17.997 bit/s/Hz
[89536 ms] [UE 59499] UL: SNR = 53.50 dB | SE = 17.506 bit/s/Hz
[89536 ms] [UE 8279] UL: SNR = 53.50 dB | SE = 17.506 bit/s/Hz
[89536 ms] [UE 12524] UL: SNR = 56.50 dB | SE = 18.487 bit/s/Hz
[89578 ms] [UE 14608] UL: SNR = 63.50 dB | SE = 20.778 bit/s/Hz
[89578 ms] [UE 54487] UL: SNR = 63.50 dB | SE = 20.778 bit/s/Hz
[89578 ms] [UE 2959] UL: SNR = 34.00 dB | SE = 11.126 bit/s/Hz
[89578 ms] [UE 14350] UL: SNR = 56.00 dB | SE = 18.324 bit/s/Hz
[89578 ms] [UE 9290] UL: SNR = 7.00 dB | SE = 2.549 bit/s/Hz
[89578 ms] [UE 60232] UL: SNR = 35.50 dB | SE = 11.616 bit/s/Hz
[89578 ms] [UE 37624] UL: SNR = 63.50 dB | SE = 20.778 bit/s/Hz
[89578 ms] [UE 18432] UL: SNR = 63.50 dB | SE = 20.778 bit/s/Hz
[89578 ms] [UE 55143] UL: SNR = 63.50 dB | SE = 20.778 bit/s/Hz
[89578 ms] [UE 55862] UL: SNR = 45.50 dB | SE = 14.888 bit/s/Hz
[89578 ms] [UE 62817] UL: SNR = 52.00 dB | SE = 17.015 bit/s/Hz
[89578 ms] [UE 5257] UL: SNR = 53.50 dB | SE = 17.506 bit/s/Hz
[xApp]: E42 RIC_SUBSCRIPTION_DELETE_REQUEST tx RAN_FUNC_ID 142 RIC_REQ_ID 1 
[xApp]: E42 SUBSCRIPTION DELETE RESPONSE rx
[xApp]: E42 RIC_SUBSCRIPTION_DELETE_REQUEST tx RAN_FUNC_ID 142 RIC_REQ_ID 2 
[xApp]: E42 SUBSCRIPTION DELETE RESPONSE rx
[xApp]: Sucessfully stopped 
Test xApp run SUCCESSFULLY
