Time_ms,UE_ID,UL_SNR_dB,UL_SE_bit_per_s_Hz
0,61316,63.50,20.778
0,54887,63.50,20.778
0,41999,63.50,20.778
0,10354,52.00,17.015
0,21661,52.50,17.179
109,61316,63.50,20.778
109,54887,63.50,20.778
109,41999,63.50,20.778
109,10354,52.00,17.015
109,21661,52.50,17.179
209,61316,63.50,20.778
209,54887,63.50,20.778
209,41999,63.50,20.778
209,10354,52.00,17.015
209,21661,52.50,17.179
310,61316,63.50,20.778
310,54887,63.50,20.778
310,41999,63.50,20.778
310,10354,54.50,17.833
310,21661,52.50,17.179
419,61316,63.50,20.778
419,54887,63.50,20.778
419,41999,63.50,20.778
419,10354,54.50,17.833
419,21661,52.50,17.179
520,61316,63.50,20.778
520,54887,63.50,20.778
520,41999,63.50,20.778
520,10354,52.00,17.015
520,21661,52.50,17.179
629,61316,63.50,20.778
629,54887,63.50,20.778
629,41999,63.50,20.778
629,10354,52.00,17.015
629,21661,52.50,17.179
729,61316,63.50,20.778
729,54887,63.50,20.778
729,41999,63.50,20.778
729,10354,52.00,17.015
729,21661,52.50,17.179
839,61316,63.50,20.778
839,54887,63.50,20.778
839,41999,63.50,20.778
839,10354,52.00,17.015
839,21661,52.50,17.179
939,61316,63.50,20.778
939,54887,63.50,20.778
939,41999,63.50,20.778
939,10354,52.00,17.015
939,21661,52.50,17.179
1039,61316,63.50,20.778
1039,54887,63.50,20.778
1039,41999,63.50,20.778
1039,10354,52.00,17.015
1039,21661,52.50,17.179
1149,61316,63.50,20.778
1149,54887,63.50,20.778
1149,41999,63.50,20.778
1149,10354,52.00,17.015
1149,21661,52.50,17.179
1259,61316,63.50,20.778
1259,54887,63.50,20.778
1259,41999,63.50,20.778
1259,10354,52.00,17.015
1259,21661,52.50,17.179
1359,61316,63.50,20.778
1359,54887,63.50,20.778
1359,41999,63.50,20.778
1359,10354,52.00,17.015
1359,21661,52.50,17.179
1469,61316,63.50,20.778
1469,54887,63.50,20.778
1469,41999,63.50,20.778
1469,10354,52.00,17.015
1469,21661,52.50,17.179
1579,61316,63.50,20.778
1579,54887,63.50,20.778
1579,41999,63.50,20.778
1579,10354,52.00,17.015
1579,21661,52.50,17.179
1689,61316,63.50,20.778
1689,54887,63.50,20.778
1689,41999,63.50,20.778
1689,10354,52.00,17.015
1689,21661,52.50,17.179
1799,61316,63.50,20.778
1799,54887,63.50,20.778
1799,41999,63.50,20.778
1799,10354,52.00,17.015
1799,21661,52.50,17.179
1900,61316,63.50,20.778
1900,54887,63.50,20.778
1900,41999,63.50,20.778
1900,10354,52.00,17.015
1900,21661,52.50,17.179
2000,61316,63.50,20.778
2000,54887,63.50,20.778
2000,41999,63.50,20.778
2000,10354,52.00,17.015
2000,21661,52.50,17.179
2110,61316,63.50,20.778
2110,54887,63.50,20.778
2110,41999,63.50,20.778
2110,10354,52.00,17.015
2110,21661,52.50,17.179
2219,61316,63.50,20.778
2219,54887,63.50,20.778
2219,41999,63.50,20.778
2219,10354,52.00,17.015
2219,21661,52.50,17.179
2319,61316,63.50,20.778
2319,54887,63.50,20.778
2319,41999,63.50,20.778
2319,10354,52.00,17.015
2319,21661,52.50,17.179
2429,61316,63.50,20.778
2429,54887,63.50,20.778
2429,41999,63.50,20.778
2429,10354,52.00,17.015
2429,21661,52.50,17.179
2529,61316,63.50,20.778
2529,54887,63.50,20.778
2529,41999,63.50,20.778
2529,10354,52.00,17.015
2529,21661,52.50,17.179
2629,61316,63.50,20.778
2629,54887,63.50,20.778
2629,41999,63.50,20.778
2629,10354,63.50,20.778
2629,21661,52.50,17.179
2739,61316,63.50,20.778
2739,54887,63.50,20.778
2739,41999,63.50,20.778
2739,10354,63.50,20.778
2739,21661,52.50,17.179
2839,61316,63.50,20.778
2839,54887,63.50,20.778
2839,41999,63.50,20.778
2839,10354,63.50,20.778
2839,21661,52.50,17.179
2949,61316,63.50,20.778
2949,54887,63.50,20.778
2949,41999,63.50,20.778
2949,10354,63.50,20.778
2949,21661,52.50,17.179
3051,61316,63.50,20.778
3051,54887,63.50,20.778
3051,41999,63.50,20.778
3051,10354,63.50,20.778
3051,21661,52.50,17.179
3159,61316,63.50,20.778
3159,54887,63.50,20.778
3159,41999,63.50,20.778
3159,10354,63.50,20.778
3159,21661,52.50,17.179
3269,61316,63.50,20.778
3269,54887,63.50,20.778
3269,41999,63.50,20.778
3269,10354,63.50,20.778
3269,21661,52.50,17.179
3369,61316,63.50,20.778
3369,54887,63.50,20.778
3369,41999,63.50,20.778
3369,10354,63.50,20.778
3369,21661,52.50,17.179
3479,61316,63.50,20.778
3479,54887,63.50,20.778
3479,41999,63.50,20.778
3479,10354,63.50,20.778
3479,21661,52.50,17.179
3579,61316,63.50,20.778
3579,54887,63.50,20.778
3579,41999,63.50,20.778
3579,10354,63.50,20.778
3579,21661,52.50,17.179
3679,61316,63.50,20.778
3679,54887,63.50,20.778
3679,41999,63.50,20.778
3679,10354,63.50,20.778
3679,21661,52.50,17.179
3789,61316,63.50,20.778
3789,54887,63.50,20.778
3789,41999,63.50,20.778
3789,10354,63.50,20.778
3789,21661,52.50,17.179
3890,61316,63.50,20.778
3890,54887,63.50,20.778
3890,41999,63.50,20.778
3890,10354,63.50,20.778
3890,21661,52.50,17.179
4000,61316,63.50,20.778
4000,54887,63.50,20.778
4000,41999,63.50,20.778
4000,10354,63.50,20.778
4000,21661,52.50,17.179
4109,61316,63.50,20.778
4109,54887,63.50,20.778
4109,41999,63.50,20.778
4109,10354,54.50,17.833
4109,21661,52.50,17.179
4209,61316,63.50,20.778
4209,54887,63.50,20.778
4209,41999,63.50,20.778
4209,10354,54.50,17.833
4209,21661,52.50,17.179
4309,61316,63.50,20.778
4309,54887,63.50,20.778
4309,41999,63.50,20.778
4309,10354,52.00,17.015
4309,21661,52.50,17.179
4419,61316,63.50,20.778
4419,54887,63.50,20.778
4419,41999,63.50,20.778
4419,10354,52.00,17.015
4419,21661,52.50,17.179
4520,61316,63.50,20.778
4520,54887,63.50,20.778
4520,41999,63.50,20.778
4520,10354,52.00,17.015
4520,21661,52.50,17.179
4630,61316,63.50,20.778
4630,54887,63.50,20.778
4630,41999,63.50,20.778
4630,10354,52.00,17.015
4630,21661,52.50,17.179
4739,61316,63.50,20.778
4739,54887,63.50,20.778
4739,41999,63.50,20.778
4739,10354,52.00,17.015
4739,21661,52.50,17.179
4839,61316,63.50,20.778
4839,54887,63.50,20.778
4839,41999,63.50,20.778
4839,10354,52.00,17.015
4839,21661,52.50,17.179
4949,61316,63.50,20.778
4949,54887,63.50,20.778
4949,41999,63.50,20.778
4949,10354,52.00,17.015
4949,21661,52.50,17.179
5050,61316,63.50,20.778
5050,54887,63.50,20.778
5050,41999,63.50,20.778
5050,10354,52.00,17.015
5050,21661,52.50,17.179
5159,61316,63.50,20.778
5159,54887,63.50,20.778
5159,41999,63.50,20.778
5159,10354,52.00,17.015
5159,21661,52.50,17.179
5269,61316,63.50,20.778
5269,54887,63.50,20.778
5269,41999,63.50,20.778
5269,10354,52.00,17.015
5269,21661,52.50,17.179
5379,61316,63.50,20.778
5379,54887,63.50,20.778
5379,41999,63.50,20.778
5379,10354,52.00,17.015
5379,21661,52.50,17.179
5479,61316,63.50,20.778
5479,54887,63.50,20.778
5479,41999,63.50,20.778
5479,10354,52.00,17.015
5479,21661,52.50,17.179
5580,61316,63.50,20.778
5580,54887,63.50,20.778
5580,41999,63.50,20.778
5580,10354,52.00,17.015
5580,21661,52.50,17.179
5689,61316,63.50,20.778
5689,54887,63.50,20.778
5689,41999,63.50,20.778
5689,10354,52.00,17.015
5689,21661,52.50,17.179
5790,61316,63.50,20.778
5790,54887,63.50,20.778
5790,41999,63.50,20.778
5790,10354,52.00,17.015
5790,21661,52.50,17.179
5900,61316,63.50,20.778
5900,54887,63.50,20.778
5900,41999,63.50,20.778
5900,10354,52.00,17.015
5900,21661,52.50,17.179
6009,61316,63.50,20.778
6009,54887,63.50,20.778
6009,41999,63.50,20.778
6009,10354,52.00,17.015
6009,21661,52.50,17.179
6119,61316,63.50,20.778
6119,54887,63.50,20.778
6119,41999,63.50,20.778
6119,10354,52.00,17.015
6119,21661,52.50,17.179
6229,61316,63.50,20.778
6229,54887,63.50,20.778
6229,41999,63.50,20.778
6229,10354,52.00,17.015
6229,21661,52.50,17.179
6329,61316,63.50,20.778
6329,54887,63.50,20.778
6329,41999,63.50,20.778
6329,10354,52.00,17.015
6329,21661,52.50,17.179
6430,61316,63.50,20.778
6430,54887,63.50,20.778
6430,41999,63.50,20.778
6430,10354,52.00,17.015
6430,21661,52.50,17.179
6539,61316,63.50,20.778
6539,54887,63.50,20.778
6539,41999,63.50,20.778
6539,10354,52.00,17.015
6539,21661,52.50,17.179
6649,61316,63.50,20.778
6649,54887,63.50,20.778
6649,41999,63.50,20.778
6649,10354,52.00,17.015
6649,21661,52.50,17.179
6749,61316,63.50,20.778
6749,54887,63.50,20.778
6749,41999,63.50,20.778
6749,10354,52.00,17.015
6749,21661,52.50,17.179
6859,61316,63.50,20.778
6859,54887,63.50,20.778
6859,41999,63.50,20.778
6859,10354,52.00,17.015
6859,21661,52.50,17.179
6959,61316,63.50,20.778
6959,54887,63.50,20.778
6959,41999,63.50,20.778
6959,10354,52.00,17.015
6959,21661,52.50,17.179
7059,61316,63.50,20.778
7059,54887,63.50,20.778
7059,41999,63.50,20.778
7059,10354,52.00,17.015
7059,21661,52.50,17.179
7169,61316,63.50,20.778
7169,54887,63.50,20.778
7169,41999,63.50,20.778
7169,10354,52.00,17.015
7169,21661,52.50,17.179
7279,61316,63.50,20.778
7279,54887,63.50,20.778
7279,41999,63.50,20.778
7279,10354,52.00,17.015
7279,21661,52.50,17.179
7380,61316,63.50,20.778
7380,54887,63.50,20.778
7380,41999,63.50,20.778
7380,10354,52.00,17.015
7380,21661,52.50,17.179
7489,61316,63.50,20.778
7489,54887,63.50,20.778
7489,41999,63.50,20.778
7489,10354,52.00,17.015
7489,21661,52.50,17.179
7589,61316,63.50,20.778
7589,54887,63.50,20.778
7589,41999,63.50,20.778
7589,10354,52.00,17.015
7589,21661,52.50,17.179
7699,61316,63.50,20.778
7699,54887,63.50,20.778
7699,41999,63.50,20.778
7699,10354,52.00,17.015
7699,21661,52.50,17.179
7809,61316,63.50,20.778
7809,54887,63.50,20.778
7809,41999,63.50,20.778
7809,10354,52.00,17.015
7809,21661,52.50,17.179
7909,61316,63.50,20.778
7909,54887,63.50,20.778
7909,41999,63.50,20.778
7909,10354,52.00,17.015
7909,21661,52.50,17.179
8019,61316,63.50,20.778
8019,54887,63.50,20.778
8019,41999,63.50,20.778
8019,10354,52.00,17.015
8019,21661,52.50,17.179
8119,61316,63.50,20.778
8119,54887,63.50,20.778
8119,41999,63.50,20.778
8119,10354,54.50,17.833
8119,21661,52.50,17.179
8229,61316,63.50,20.778
8229,54887,63.50,20.778
8229,41999,63.50,20.778
8229,10354,54.50,17.833
8229,21661,52.50,17.179
8339,61316,63.50,20.778
8339,54887,63.50,20.778
8339,41999,63.50,20.778
8339,10354,52.00,17.015
8339,21661,52.50,17.179
8439,61316,63.50,20.778
8439,54887,63.50,20.778
8439,41999,63.50,20.778
8439,10354,52.00,17.015
8439,21661,52.50,17.179
8539,61316,63.50,20.778
8539,54887,63.50,20.778
8539,41999,63.50,20.778
8539,10354,52.00,17.015
8539,21661,52.50,17.179
8649,61316,63.50,20.778
8649,54887,63.50,20.778
8649,41999,63.50,20.778
8649,10354,52.00,17.015
8649,21661,52.50,17.179
8749,61316,63.50,20.778
8749,54887,63.50,20.778
8749,41999,63.50,20.778
8749,10354,52.00,17.015
8749,21661,52.50,17.179
8849,61316,63.50,20.778
8849,54887,63.50,20.778
8849,41999,63.50,20.778
8849,10354,52.00,17.015
8849,21661,52.50,17.179
8959,61316,63.50,20.778
8959,54887,63.50,20.778
8959,41999,63.50,20.778
8959,10354,52.00,17.015
8959,21661,52.50,17.179
9069,61316,63.50,20.778
9069,54887,63.50,20.778
9069,41999,63.50,20.778
9069,10354,52.00,17.015
9069,21661,52.50,17.179
9180,61316,63.50,20.778
9180,54887,63.50,20.778
9180,41999,63.50,20.778
9180,10354,52.00,17.015
9180,21661,52.50,17.179
9290,61316,63.50,20.778
9290,54887,63.50,20.778
9290,41999,63.50,20.778
9290,10354,52.00,17.015
9290,21661,52.50,17.179
9399,61316,63.50,20.778
9399,54887,63.50,20.778
9399,41999,63.50,20.778
9399,10354,52.00,17.015
9399,21661,52.50,17.179
9500,61316,63.50,20.778
9500,54887,63.50,20.778
9500,41999,63.50,20.778
9500,10354,52.00,17.015
9500,21661,52.50,17.179
9610,61316,63.50,20.778
9610,54887,63.50,20.778
9610,41999,63.50,20.778
9610,10354,52.00,17.015
9610,21661,52.50,17.179
9719,61316,63.50,20.778
9719,54887,63.50,20.778
9719,41999,63.50,20.778
9719,10354,52.00,17.015
9719,21661,52.50,17.179
9820,61316,63.50,20.778
9820,54887,63.50,20.778
9820,41999,63.50,20.778
9820,10354,52.00,17.015
9820,21661,52.50,17.179
9929,61316,63.50,20.778
9929,54887,63.50,20.778
9929,41999,63.50,20.778
9929,10354,52.00,17.015
9929,21661,52.50,17.179
10030,61316,63.50,20.778
10030,54887,63.50,20.778
10030,41999,63.50,20.778
10030,10354,52.00,17.015
10030,21661,52.50,17.179
10139,61316,63.50,20.778
10139,54887,63.50,20.778
10139,41999,63.50,20.778
10139,10354,52.00,17.015
10139,21661,52.50,17.179
10239,61316,63.50,20.778
10239,54887,63.50,20.778
10239,41999,63.50,20.778
10239,10354,52.00,17.015
10239,21661,52.50,17.179
10339,61316,63.50,20.778
10339,54887,63.50,20.778
10339,41999,63.50,20.778
10339,10354,52.00,17.015
10339,21661,52.50,17.179
10439,61316,63.50,20.778
10439,54887,63.50,20.778
10439,41999,63.50,20.778
10439,10354,52.00,17.015
10439,21661,52.50,17.179
10539,61316,63.50,20.778
10539,54887,63.50,20.778
10539,41999,63.50,20.778
10539,10354,52.00,17.015
10539,21661,52.50,17.179
10650,61316,63.50,20.778
10650,54887,63.50,20.778
10650,41999,63.50,20.778
10650,10354,52.00,17.015
10650,21661,52.50,17.179
10750,61316,63.50,20.778
10750,54887,63.50,20.778
10750,41999,63.50,20.778
10750,10354,52.00,17.015
10750,21661,52.50,17.179
10859,61316,63.50,20.778
10859,54887,63.50,20.778
10859,41999,63.50,20.778
10859,10354,52.00,17.015
10859,21661,52.50,17.179
10960,61316,63.50,20.778
10960,54887,63.50,20.778
10960,41999,63.50,20.778
10960,10354,52.00,17.015
10960,21661,52.50,17.179
11069,61316,63.50,20.778
11069,54887,63.50,20.778
11069,41999,63.50,20.778
11069,10354,52.00,17.015
11069,21661,52.50,17.179
11170,61316,63.50,20.778
11170,54887,63.50,20.778
11170,41999,63.50,20.778
11170,10354,52.00,17.015
11170,21661,52.50,17.179
11280,61316,63.50,20.778
11280,54887,63.50,20.778
11280,41999,63.50,20.778
11280,10354,52.00,17.015
11280,21661,52.50,17.179
11389,61316,63.50,20.778
11389,54887,63.50,20.778
11389,41999,63.50,20.778
11389,10354,52.00,17.015
11389,21661,52.50,17.179
11489,61316,63.50,20.778
11489,54887,63.50,20.778
11489,41999,63.50,20.778
11489,10354,52.00,17.015
11489,21661,52.50,17.179
11600,61316,63.50,20.778
11600,54887,63.50,20.778
11600,41999,63.50,20.778
11600,10354,52.00,17.015
11600,21661,52.50,17.179
11710,61316,63.50,20.778
11710,54887,63.50,20.778
11710,41999,63.50,20.778
11710,10354,52.00,17.015
11710,21661,52.50,17.179
11819,61316,63.50,20.778
11819,54887,63.50,20.778
11819,41999,63.50,20.778
11819,10354,52.00,17.015
11819,21661,52.50,17.179
11934,61316,63.50,20.778
11934,54887,63.50,20.778
11934,41999,63.50,20.778
11934,10354,54.00,17.669
11934,21661,52.50,17.179
12040,61316,63.50,20.778
12040,54887,63.50,20.778
12040,41999,63.50,20.778
12040,10354,54.00,17.669
12040,21661,52.50,17.179
12149,61316,63.50,20.778
12149,54887,63.50,20.778
12149,41999,63.50,20.778
12149,10354,52.00,17.015
12149,21661,52.50,17.179
12259,61316,63.50,20.778
12259,54887,63.50,20.778
12259,41999,63.50,20.778
12259,10354,52.00,17.015
12259,21661,52.50,17.179
12359,61316,63.50,20.778
12359,54887,63.50,20.778
12359,41999,63.50,20.778
12359,10354,52.00,17.015
12359,21661,52.50,17.179
12460,61316,63.50,20.778
12460,54887,63.50,20.778
12460,41999,63.50,20.778
12460,10354,52.00,17.015
12460,21661,52.50,17.179
12560,61316,63.50,20.778
12560,54887,63.50,20.778
12560,41999,63.50,20.778
12560,10354,52.00,17.015
12560,21661,52.50,17.179
12669,61316,63.50,20.778
12669,54887,63.50,20.778
12669,41999,63.50,20.778
12669,10354,52.00,17.015
12669,21661,52.50,17.179
12769,61316,63.50,20.778
12769,54887,63.50,20.778
12769,41999,63.50,20.778
12769,10354,52.00,17.015
12769,21661,52.50,17.179
12871,61316,63.50,20.778
12871,54887,63.50,20.778
12871,41999,63.50,20.778
12871,10354,52.00,17.015
12871,21661,52.50,17.179
12980,61316,63.50,20.778
12980,54887,63.50,20.778
12980,41999,63.50,20.778
12980,10354,52.00,17.015
12980,21661,52.50,17.179
13089,61316,63.50,20.778
13089,54887,63.50,20.778
13089,41999,63.50,20.778
13089,10354,52.00,17.015
13089,21661,52.50,17.179
13189,61316,63.50,20.778
13189,54887,63.50,20.778
13189,41999,63.50,20.778
13189,10354,52.00,17.015
13189,21661,52.50,17.179
13300,61316,63.50,20.778
13300,54887,63.50,20.778
13300,41999,63.50,20.778
13300,10354,52.00,17.015
13300,21661,52.50,17.179
13400,61316,54.50,17.833
13400,54887,63.50,20.778
13400,41999,55.50,18.160
13400,10354,52.00,17.015
13400,21661,59.00,19.305
13509,61316,54.50,17.833
13509,54887,63.50,20.778
13509,41999,55.50,18.160
13509,10354,52.00,17.015
13509,21661,59.00,19.305
13610,61316,54.50,17.833
13610,54887,63.50,20.778
13610,41999,55.50,18.160
13610,10354,52.00,17.015
13610,21661,59.00,19.305
13710,61316,54.50,17.833
13710,54887,63.50,20.778
13710,41999,55.50,18.160
13710,10354,52.00,17.015
13710,21661,59.00,19.305
13819,61316,54.50,17.833
13819,54887,63.50,20.778
13819,41999,55.50,18.160
13819,10354,52.00,17.015
13819,21661,59.00,19.305
13929,61316,63.50,20.778
13929,54887,63.50,20.778
13929,41999,63.50,20.778
13929,10354,63.50,20.778
13929,21661,59.00,19.305
14029,61316,63.50,20.778
14029,54887,63.50,20.778
14029,41999,63.50,20.778
14029,10354,63.50,20.778
14029,21661,59.00,19.305
14139,61316,63.50,20.778
14139,54887,63.50,20.778
14139,41999,63.50,20.778
14139,10354,63.50,20.778
14139,21661,59.00,19.305
14239,61316,63.50,20.778
14239,54887,63.50,20.778
14239,41999,63.50,20.778
14239,10354,63.50,20.778
14239,21661,59.00,19.305
14340,61316,63.50,20.778
14340,54887,63.50,20.778
14340,41999,63.50,20.778
14340,10354,63.50,20.778
14340,21661,59.00,19.305
14449,61316,63.50,20.778
14449,54887,63.50,20.778
14449,41999,63.50,20.778
14449,10354,63.50,20.778
14449,21661,59.00,19.305
14550,61316,63.50,20.778
14550,54887,63.50,20.778
14550,41999,63.50,20.778
14550,10354,63.50,20.778
14550,21661,59.00,19.305
14660,61316,63.50,20.778
14660,54887,63.50,20.778
14660,41999,63.50,20.778
14660,10354,63.50,20.778
14660,21661,59.00,19.305
14760,61316,63.50,20.778
14760,54887,63.50,20.778
14760,41999,63.50,20.778
14760,10354,63.50,20.778
14760,21661,59.00,19.305
14869,61316,63.50,20.778
14869,54887,63.50,20.778
14869,41999,63.50,20.778
14869,10354,63.50,20.778
14869,21661,63.50,20.778
14969,61316,63.50,20.778
14969,54887,63.50,20.778
14969,41999,63.50,20.778
14969,10354,63.50,20.778
14969,21661,63.50,20.778
15069,61316,63.50,20.778
15069,54887,63.50,20.778
15069,41999,63.50,20.778
15069,10354,63.50,20.778
15069,21661,63.50,20.778
15170,61316,63.50,20.778
15170,54887,63.50,20.778
15170,41999,63.50,20.778
15170,10354,63.50,20.778
15170,21661,63.50,20.778
15281,61316,63.50,20.778
15281,54887,63.50,20.778
15281,41999,63.50,20.778
15281,10354,63.50,20.778
15281,21661,63.50,20.778
15389,61316,63.50,20.778
15389,54887,63.50,20.778
15389,41999,63.50,20.778
15389,10354,63.50,20.778
15389,21661,63.50,20.778
15499,61316,63.50,20.778
15499,54887,63.50,20.778
15499,41999,63.50,20.778
15499,10354,63.50,20.778
15499,21661,63.50,20.778
15600,61316,63.50,20.778
15600,54887,63.50,20.778
15600,41999,63.50,20.778
15600,10354,63.50,20.778
15600,21661,63.50,20.778
15709,61316,63.50,20.778
15709,54887,63.50,20.778
15709,41999,63.50,20.778
15709,10354,63.50,20.778
15709,21661,63.50,20.778
15810,61316,63.50,20.778
15810,54887,63.50,20.778
15810,41999,63.50,20.778
15810,10354,54.50,17.833
15810,21661,63.50,20.778
15920,61316,63.50,20.778
15920,54887,63.50,20.778
15920,41999,63.50,20.778
15920,10354,54.50,17.833
15920,21661,63.50,20.778
16030,61316,63.50,20.778
16030,54887,63.50,20.778
16030,41999,63.50,20.778
16030,10354,52.00,17.015
16030,21661,52.50,17.179
16139,61316,63.50,20.778
16139,54887,63.50,20.778
16139,41999,63.50,20.778
16139,10354,52.00,17.015
16139,21661,52.50,17.179
16249,61316,63.50,20.778
16249,54887,63.50,20.778
16249,41999,63.50,20.778
16249,10354,52.00,17.015
16249,21661,52.50,17.179
16349,61316,63.50,20.778
16349,54887,63.50,20.778
16349,41999,63.50,20.778
16349,10354,52.00,17.015
16349,21661,52.50,17.179
16461,61316,63.50,20.778
16461,54887,63.50,20.778
16461,41999,63.50,20.778
16461,10354,52.00,17.015
16461,21661,52.50,17.179
16570,61316,63.50,20.778
16570,54887,63.50,20.778
16570,41999,63.50,20.778
16570,10354,52.00,17.015
16570,21661,52.50,17.179
16670,61316,63.50,20.778
16670,54887,63.50,20.778
16670,41999,63.50,20.778
16670,10354,52.00,17.015
16670,21661,52.50,17.179
16779,61316,63.50,20.778
16779,54887,63.50,20.778
16779,41999,63.50,20.778
16779,10354,52.00,17.015
16779,21661,52.50,17.179
16890,61316,63.50,20.778
16890,54887,63.50,20.778
16890,41999,63.50,20.778
16890,10354,52.00,17.015
16890,21661,52.50,17.179
16999,61316,63.50,20.778
16999,54887,63.50,20.778
16999,41999,63.50,20.778
16999,10354,52.00,17.015
16999,21661,52.50,17.179
17110,61316,63.50,20.778
17110,54887,63.50,20.778
17110,41999,63.50,20.778
17110,10354,52.00,17.015
17110,21661,52.50,17.179
17211,61316,63.50,20.778
17211,54887,63.50,20.778
17211,41999,63.50,20.778
17211,10354,52.00,17.015
17211,21661,52.50,17.179
17319,61316,63.50,20.778
17319,54887,63.50,20.778
17319,41999,63.50,20.778
17319,10354,52.00,17.015
17319,21661,52.50,17.179
17420,61316,63.50,20.778
17420,54887,63.50,20.778
17420,41999,63.50,20.778
17420,10354,52.00,17.015
17420,21661,52.50,17.179
17520,61316,63.50,20.778
17520,54887,63.50,20.778
17520,41999,63.50,20.778
17520,10354,52.00,17.015
17520,21661,52.50,17.179
17629,61316,63.50,20.778
17629,54887,63.50,20.778
17629,41999,63.50,20.778
17629,10354,52.00,17.015
17629,21661,52.50,17.179
17740,61316,63.50,20.778
17740,54887,63.50,20.778
17740,41999,63.50,20.778
17740,10354,52.00,17.015
17740,21661,52.50,17.179
17849,61316,63.50,20.778
17849,54887,63.50,20.778
17849,41999,63.50,20.778
17849,10354,52.00,17.015
17849,21661,52.50,17.179
17949,61316,63.50,20.778
17949,54887,63.50,20.778
17949,41999,63.50,20.778
17949,10354,52.00,17.015
17949,21661,52.50,17.179
18050,61316,63.50,20.778
18050,54887,63.50,20.778
18050,41999,63.50,20.778
18050,10354,52.00,17.015
18050,21661,52.50,17.179
18160,61316,63.50,20.778
18160,54887,63.50,20.778
18160,41999,63.50,20.778
18160,10354,52.00,17.015
18160,21661,52.50,17.179
18270,61316,63.50,20.778
18270,54887,63.50,20.778
18270,41999,63.50,20.778
18270,10354,52.00,17.015
18270,21661,52.50,17.179
18379,61316,63.50,20.778
18379,54887,63.50,20.778
18379,41999,63.50,20.778
18379,10354,52.00,17.015
18379,21661,52.50,17.179
18489,61316,63.50,20.778
18489,54887,63.50,20.778
18489,41999,63.50,20.778
18489,10354,52.00,17.015
18489,21661,52.50,17.179
18590,61316,63.50,20.778
18590,54887,63.50,20.778
18590,41999,63.50,20.778
18590,10354,52.00,17.015
18590,21661,52.50,17.179
18700,61316,63.50,20.778
18700,54887,63.50,20.778
18700,41999,63.50,20.778
18700,10354,52.00,17.015
18700,21661,52.50,17.179
18810,61316,63.50,20.778
18810,54887,63.50,20.778
18810,41999,63.50,20.778
18810,10354,52.00,17.015
18810,21661,52.50,17.179
18919,61316,63.50,20.778
18919,54887,63.50,20.778
18919,41999,63.50,20.778
18919,10354,52.00,17.015
18919,21661,52.50,17.179
19030,61316,63.50,20.778
19030,54887,63.50,20.778
19030,41999,63.50,20.778
19030,10354,52.00,17.015
19030,21661,52.50,17.179
19139,61316,63.50,20.778
19139,54887,63.50,20.778
19139,41999,63.50,20.778
19139,10354,52.00,17.015
19139,21661,52.50,17.179
19239,61316,63.50,20.778
19239,54887,63.50,20.778
19239,41999,63.50,20.778
19239,10354,52.00,17.015
19239,21661,52.50,17.179
19339,61316,63.50,20.778
19339,54887,63.50,20.778
19339,41999,63.50,20.778
19339,10354,52.00,17.015
19339,21661,52.50,17.179
19440,61316,63.50,20.778
19440,54887,63.50,20.778
19440,41999,63.50,20.778
19440,10354,52.00,17.015
19440,21661,52.50,17.179
19550,61316,63.50,20.778
19550,54887,63.50,20.778
19550,41999,63.50,20.778
19550,10354,52.00,17.015
19550,21661,52.50,17.179
19660,61316,63.50,20.778
19660,54887,63.50,20.778
19660,41999,63.50,20.778
19660,10354,54.50,17.833
19660,21661,52.50,17.179
19770,61316,63.50,20.778
19770,54887,63.50,20.778
19770,41999,63.50,20.778
19770,10354,54.50,17.833
19770,21661,52.50,17.179
19870,61316,63.50,20.778
19870,54887,63.50,20.778
19870,41999,63.50,20.778
19870,10354,52.00,17.015
19870,21661,52.00,17.015
19970,61316,63.50,20.778
19970,54887,63.50,20.778
19970,41999,63.50,20.778
19970,10354,52.00,17.015
19970,21661,52.00,17.015
20080,61316,63.50,20.778
20080,54887,63.50,20.778
20080,41999,63.50,20.778
20080,10354,52.00,17.015
20080,21661,52.00,17.015
20189,61316,63.50,20.778
20189,54887,63.50,20.778
20189,41999,63.50,20.778
20189,10354,52.00,17.015
20189,21661,52.00,17.015
20289,61316,63.50,20.778
20289,54887,63.50,20.778
20289,41999,63.50,20.778
20289,10354,52.00,17.015
20289,21661,52.00,17.015
20389,61316,63.50,20.778
20389,54887,63.50,20.778
20389,41999,63.50,20.778
20389,10354,52.00,17.015
20389,21661,52.00,17.015
20499,61316,63.50,20.778
20499,54887,63.50,20.778
20499,41999,63.50,20.778
20499,10354,52.00,17.015
20499,21661,52.00,17.015
20600,61316,63.50,20.778
20600,54887,63.50,20.778
20600,41999,63.50,20.778
20600,10354,52.00,17.015
20600,21661,52.00,17.015
20709,61316,63.50,20.778
20709,54887,63.50,20.778
20709,41999,63.50,20.778
20709,10354,52.00,17.015
20709,21661,52.00,17.015
20819,61316,63.50,20.778
20819,54887,63.50,20.778
20819,41999,63.50,20.778
20819,10354,52.00,17.015
20819,21661,52.00,17.015
20930,61316,63.50,20.778
20930,54887,63.50,20.778
20930,41999,63.50,20.778
20930,10354,52.00,17.015
20930,21661,52.00,17.015
21039,61316,63.50,20.778
21039,54887,63.50,20.778
21039,41999,63.50,20.778
21039,10354,52.00,17.015
21039,21661,52.00,17.015
21139,61316,63.50,20.778
21139,54887,63.50,20.778
21139,41999,63.50,20.778
21139,10354,52.00,17.015
21139,21661,52.00,17.015
21249,61316,63.50,20.778
21249,54887,63.50,20.778
21249,41999,63.50,20.778
21249,10354,52.00,17.015
21249,21661,52.00,17.015
21360,61316,63.50,20.778
21360,54887,63.50,20.778
21360,41999,63.50,20.778
21360,10354,52.00,17.015
21360,21661,52.00,17.015
21470,61316,63.50,20.778
21470,54887,63.50,20.778
21470,41999,63.50,20.778
21470,10354,52.00,17.015
21470,21661,52.00,17.015
21579,61316,63.50,20.778
21579,54887,63.50,20.778
21579,41999,63.50,20.778
21579,10354,52.00,17.015
21579,21661,52.00,17.015
21689,61316,63.50,20.778
21689,54887,63.50,20.778
21689,41999,63.50,20.778
21689,10354,52.00,17.015
21689,21661,52.00,17.015
21790,61316,63.50,20.778
21790,54887,63.50,20.778
21790,41999,63.50,20.778
21790,10354,52.00,17.015
21790,21661,52.00,17.015
21890,61316,63.50,20.778
21890,54887,63.50,20.778
21890,41999,63.50,20.778
21890,10354,52.00,17.015
21890,21661,52.00,17.015
22000,61316,63.50,20.778
22000,54887,63.50,20.778
22000,41999,63.50,20.778
22000,10354,52.00,17.015
22000,21661,52.00,17.015
22109,61316,63.50,20.778
22109,54887,63.50,20.778
22109,41999,63.50,20.778
22109,10354,52.00,17.015
22109,21661,52.00,17.015
22219,61316,63.50,20.778
22219,54887,63.50,20.778
22219,41999,63.50,20.778
22219,10354,52.00,17.015
22219,21661,52.00,17.015
22319,61316,63.50,20.778
22319,54887,63.50,20.778
22319,41999,63.50,20.778
22319,10354,52.00,17.015
22319,21661,52.00,17.015
22429,61316,63.50,20.778
22429,54887,63.50,20.778
22429,41999,63.50,20.778
22429,10354,52.00,17.015
22429,21661,52.00,17.015
22529,61316,63.50,20.778
22529,54887,63.50,20.778
22529,41999,63.50,20.778
22529,10354,52.00,17.015
22529,21661,52.00,17.015
22630,61316,63.50,20.778
22630,54887,63.50,20.778
22630,41999,63.50,20.778
22630,10354,52.00,17.015
22630,21661,52.00,17.015
22739,61316,63.50,20.778
22739,54887,63.50,20.778
22739,41999,63.50,20.778
22739,10354,52.00,17.015
22739,21661,52.00,17.015
22839,61316,63.50,20.778
22839,54887,63.50,20.778
22839,41999,63.50,20.778
22839,10354,52.00,17.015
22839,21661,52.00,17.015
22950,61316,63.50,20.778
22950,54887,63.50,20.778
22950,41999,63.50,20.778
22950,10354,52.00,17.015
22950,21661,52.00,17.015
23060,61316,63.50,20.778
23060,54887,63.50,20.778
23060,41999,63.50,20.778
23060,10354,52.00,17.015
23060,21661,52.00,17.015
23169,61316,63.50,20.778
23169,54887,63.50,20.778
23169,41999,63.50,20.778
23169,10354,52.00,17.015
23169,21661,52.00,17.015
23270,61316,63.50,20.778
23270,54887,63.50,20.778
23270,41999,63.50,20.778
23270,10354,52.00,17.015
23270,21661,52.00,17.015
23380,61316,63.50,20.778
23380,54887,63.50,20.778
23380,41999,63.50,20.778
23380,10354,52.00,17.015
23380,21661,52.00,17.015
23480,61316,63.50,20.778
23480,54887,63.50,20.778
23480,41999,63.50,20.778
23480,10354,52.00,17.015
23480,21661,52.00,17.015
23589,61316,63.50,20.778
23589,54887,63.50,20.778
23589,41999,63.50,20.778
23589,10354,54.50,17.833
23589,21661,52.00,17.015
23699,61316,63.50,20.778
23699,54887,63.50,20.778
23699,41999,63.50,20.778
23699,10354,54.50,17.833
23699,21661,52.00,17.015
23800,61316,63.50,20.778
23800,54887,63.50,20.778
23800,41999,63.50,20.778
23800,10354,52.00,17.015
23800,21661,52.00,17.015
23909,61316,63.50,20.778
23909,54887,63.50,20.778
23909,41999,63.50,20.778
23909,10354,52.00,17.015
23909,21661,52.00,17.015
24020,61316,63.50,20.778
24020,54887,63.50,20.778
24020,41999,63.50,20.778
24020,10354,52.00,17.015
24020,21661,52.00,17.015
24120,61316,63.50,20.778
24120,54887,63.50,20.778
24120,41999,63.50,20.778
24120,10354,52.00,17.015
24120,21661,52.00,17.015
24229,61316,63.50,20.778
24229,54887,63.50,20.778
24229,41999,63.50,20.778
24229,10354,52.00,17.015
24229,21661,52.00,17.015
24330,61316,63.50,20.778
24330,54887,63.50,20.778
24330,41999,63.50,20.778
24330,10354,52.00,17.015
24330,21661,52.00,17.015
24430,61316,63.50,20.778
24430,54887,63.50,20.778
24430,41999,63.50,20.778
24430,10354,52.00,17.015
24430,21661,52.00,17.015
24540,61316,63.50,20.778
24540,54887,63.50,20.778
24540,41999,63.50,20.778
24540,10354,52.00,17.015
24540,21661,52.00,17.015
24650,61316,63.50,20.778
24650,54887,63.50,20.778
24650,41999,63.50,20.778
24650,10354,52.00,17.015
24650,21661,52.00,17.015
24760,61316,63.50,20.778
24760,54887,63.50,20.778
24760,41999,63.50,20.778
24760,10354,52.00,17.015
24760,21661,52.00,17.015
24870,61316,63.50,20.778
24870,54887,63.50,20.778
24870,41999,63.50,20.778
24870,10354,52.00,17.015
24870,21661,52.00,17.015
24979,61316,63.50,20.778
24979,54887,63.50,20.778
24979,41999,63.50,20.778
24979,10354,52.00,17.015
24979,21661,52.00,17.015
25089,61316,63.50,20.778
25089,54887,63.50,20.778
25089,41999,63.50,20.778
25089,10354,52.00,17.015
25089,21661,52.00,17.015
25190,61316,63.50,20.778
25190,54887,63.50,20.778
25190,41999,63.50,20.778
25190,10354,52.00,17.015
25190,21661,52.00,17.015
25290,61316,63.50,20.778
25290,54887,63.50,20.778
25290,41999,63.50,20.778
25290,10354,52.00,17.015
25290,21661,52.00,17.015
25399,61316,63.50,20.778
25399,54887,63.50,20.778
25399,41999,63.50,20.778
25399,10354,52.00,17.015
25399,21661,52.00,17.015
25500,61316,63.50,20.778
25500,54887,63.50,20.778
25500,41999,63.50,20.778
25500,10354,52.00,17.015
25500,21661,52.00,17.015
25600,61316,63.50,20.778
25600,54887,63.50,20.778
25600,41999,63.50,20.778
25600,10354,52.00,17.015
25600,21661,52.00,17.015
25709,61316,63.50,20.778
25709,54887,63.50,20.778
25709,41999,63.50,20.778
25709,10354,52.00,17.015
25709,21661,52.00,17.015
25810,61316,63.50,20.778
25810,54887,63.50,20.778
25810,41999,63.50,20.778
25810,10354,52.00,17.015
25810,21661,52.00,17.015
25919,61316,63.50,20.778
25919,54887,63.50,20.778
25919,41999,63.50,20.778
25919,10354,52.00,17.015
25919,21661,52.00,17.015
26020,61316,63.50,20.778
26020,54887,63.50,20.778
26020,41999,63.50,20.778
26020,10354,52.00,17.015
26020,21661,52.00,17.015
26129,61316,63.50,20.778
26129,54887,63.50,20.778
26129,41999,63.50,20.778
26129,10354,52.00,17.015
26129,21661,52.00,17.015
26241,61316,63.50,20.778
26241,54887,63.50,20.778
26241,41999,63.50,20.778
26241,10354,52.00,17.015
26241,21661,52.00,17.015
26350,61316,63.50,20.778
26350,54887,63.50,20.778
26350,41999,63.50,20.778
26350,10354,52.00,17.015
26350,21661,52.00,17.015
26459,61316,63.50,20.778
26459,54887,63.50,20.778
26459,41999,63.50,20.778
26459,10354,52.00,17.015
26459,21661,52.00,17.015
26570,61316,63.50,20.778
26570,54887,63.50,20.778
26570,41999,63.50,20.778
26570,10354,52.00,17.015
26570,21661,52.00,17.015
26679,61316,63.50,20.778
26679,54887,63.50,20.778
26679,41999,63.50,20.778
26679,10354,52.00,17.015
26679,21661,52.00,17.015
26779,61316,63.50,20.778
26779,54887,63.50,20.778
26779,41999,63.50,20.778
26779,10354,52.00,17.015
26779,21661,52.00,17.015
26880,61316,63.50,20.778
26880,54887,63.50,20.778
26880,41999,63.50,20.778
26880,10354,52.00,17.015
26880,21661,52.00,17.015
26980,61316,63.50,20.778
26980,54887,63.50,20.778
26980,41999,63.50,20.778
26980,10354,52.00,17.015
26980,21661,52.00,17.015
27080,61316,63.50,20.778
27080,54887,63.50,20.778
27080,41999,63.50,20.778
27080,10354,52.00,17.015
27080,21661,52.00,17.015
27189,61316,63.50,20.778
27189,54887,63.50,20.778
27189,41999,63.50,20.778
27189,10354,52.00,17.015
27189,21661,52.00,17.015
27289,61316,63.50,20.778
27289,54887,63.50,20.778
27289,41999,63.50,20.778
27289,10354,52.00,17.015
27289,21661,52.00,17.015
27390,61316,63.50,20.778
27390,54887,63.50,20.778
27390,41999,63.50,20.778
27390,10354,52.00,17.015
27390,21661,52.00,17.015
27499,61316,63.50,20.778
27499,54887,63.50,20.778
27499,41999,63.50,20.778
27499,10354,54.50,17.833
27499,21661,52.00,17.015
27610,61316,63.50,20.778
27610,54887,63.50,20.778
27610,41999,63.50,20.778
27610,10354,54.50,17.833
27610,21661,52.00,17.015
27710,61316,63.50,20.778
27710,54887,63.50,20.778
27710,41999,63.50,20.778
27710,10354,54.50,17.833
27710,21661,52.00,17.015
27820,61316,63.50,20.778
27820,54887,63.50,20.778
27820,41999,63.50,20.778
27820,10354,52.00,17.015
27820,21661,52.50,17.179
27920,61316,63.50,20.778
27920,54887,63.50,20.778
27920,41999,63.50,20.778
27920,10354,52.00,17.015
27920,21661,52.50,17.179
28030,61316,63.50,20.778
28030,54887,63.50,20.778
28030,41999,63.50,20.778
28030,10354,52.00,17.015
28030,21661,52.50,17.179
28139,61316,63.50,20.778
28139,54887,63.50,20.778
28139,41999,63.50,20.778
28139,10354,52.00,17.015
28139,21661,52.50,17.179
28249,61316,63.50,20.778
28249,54887,63.50,20.778
28249,41999,63.50,20.778
28249,10354,52.00,17.015
28249,21661,52.50,17.179
28360,61316,63.50,20.778
28360,54887,63.50,20.778
28360,41999,63.50,20.778
28360,10354,52.00,17.015
28360,21661,52.50,17.179
28460,61316,63.50,20.778
28460,54887,63.50,20.778
28460,41999,63.50,20.778
28460,10354,52.00,17.015
28460,21661,52.50,17.179
28569,61316,63.50,20.778
28569,54887,63.50,20.778
28569,41999,63.50,20.778
28569,10354,52.00,17.015
28569,21661,52.50,17.179
28670,61316,63.50,20.778
28670,54887,63.50,20.778
28670,41999,63.50,20.778
28670,10354,52.00,17.015
28670,21661,52.50,17.179
28780,61316,63.50,20.778
28780,54887,63.50,20.778
28780,41999,63.50,20.778
28780,10354,52.00,17.015
28780,21661,52.50,17.179
28890,61316,63.50,20.778
28890,54887,63.50,20.778
28890,41999,63.50,20.778
28890,10354,52.00,17.015
28890,21661,52.50,17.179
28990,61316,63.50,20.778
28990,54887,63.50,20.778
28990,41999,63.50,20.778
28990,10354,52.00,17.015
28990,21661,52.50,17.179
29099,61316,63.50,20.778
29099,54887,63.50,20.778
29099,41999,63.50,20.778
29099,10354,52.00,17.015
29099,21661,52.50,17.179
29209,61316,63.50,20.778
29209,54887,63.50,20.778
29209,41999,63.50,20.778
29209,10354,52.00,17.015
29209,21661,52.50,17.179
29320,61316,63.50,20.778
29320,54887,63.50,20.778
29320,41999,63.50,20.778
29320,10354,52.00,17.015
29320,21661,52.50,17.179
29430,61316,63.50,20.778
29430,54887,63.50,20.778
29430,41999,63.50,20.778
29430,10354,52.00,17.015
29430,21661,52.50,17.179
29540,61316,63.50,20.778
29540,54887,63.50,20.778
29540,41999,63.50,20.778
29540,10354,52.00,17.015
29540,21661,63.50,20.778
29650,61316,63.50,20.778
29650,54887,63.50,20.778
29650,41999,63.50,20.778
29650,10354,52.00,17.015
29650,21661,63.50,20.778
29760,61316,63.50,20.778
29760,54887,63.50,20.778
29760,41999,63.50,20.778
29760,10354,63.50,20.778
29760,21661,63.50,20.778
29870,61316,63.50,20.778
29870,54887,63.50,20.778
29870,41999,63.50,20.778
29870,10354,63.50,20.778
29870,21661,63.50,20.778
29979,61316,63.50,20.778
29979,54887,63.50,20.778
29979,41999,63.50,20.778
29979,10354,63.50,20.778
29979,21661,63.50,20.778
30080,61316,63.50,20.778
30080,54887,63.50,20.778
30080,41999,63.50,20.778
30080,10354,63.50,20.778
30080,21661,63.50,20.778
30190,61316,63.50,20.778
30190,54887,63.50,20.778
30190,41999,63.50,20.778
30190,10354,63.50,20.778
30190,21661,63.50,20.778
30290,61316,63.50,20.778
30290,54887,63.50,20.778
30290,41999,63.50,20.778
30290,10354,63.50,20.778
30290,21661,63.50,20.778
30400,61316,63.50,20.778
30400,54887,63.50,20.778
30400,41999,63.50,20.778
30400,10354,63.50,20.778
30400,21661,63.50,20.778
30510,61316,63.50,20.778
30510,54887,63.50,20.778
30510,41999,63.50,20.778
30510,10354,63.50,20.778
30510,21661,63.50,20.778
30610,61316,63.50,20.778
30610,54887,63.50,20.778
30610,41999,63.50,20.778
30610,10354,63.50,20.778
30610,21661,63.50,20.778
30719,61316,63.50,20.778
30719,54887,63.50,20.778
30719,41999,63.50,20.778
30719,10354,63.50,20.778
30719,21661,63.50,20.778
30830,61316,63.50,20.778
30830,54887,63.50,20.778
30830,41999,63.50,20.778
30830,10354,63.50,20.778
30830,21661,63.50,20.778
30931,61316,63.50,20.778
30931,54887,63.50,20.778
30931,41999,63.50,20.778
30931,10354,63.50,20.778
30931,21661,63.50,20.778
31031,61316,63.50,20.778
31031,54887,63.50,20.778
31031,41999,63.50,20.778
31031,10354,63.50,20.778
31031,21661,63.50,20.778
31140,61316,63.50,20.778
31140,54887,63.50,20.778
31140,41999,63.50,20.778
31140,10354,63.50,20.778
31140,21661,63.50,20.778
31250,61316,5.00,2.027
31250,54887,63.50,20.778
31250,41999,63.50,20.778
31250,10354,55.00,17.997
31250,21661,52.00,17.015
31350,61316,5.00,2.027
31350,54887,63.50,20.778
31350,41999,63.50,20.778
31350,10354,55.00,17.997
31350,21661,52.00,17.015
31450,61316,5.00,2.027
31450,54887,63.50,20.778
31450,41999,63.50,20.778
31450,10354,54.50,17.833
31450,21661,52.00,17.015
31550,61316,5.00,2.027
31550,54887,63.50,20.778
31550,41999,63.50,20.778
31550,10354,54.50,17.833
31550,21661,52.00,17.015
31650,61316,5.00,2.027
31650,54887,63.50,20.778
31650,41999,63.50,20.778
31650,10354,54.50,17.833
31650,21661,52.00,17.015
31760,61316,5.00,2.027
31760,54887,63.50,20.778
31760,41999,5.50,2.152
31760,10354,54.50,17.833
31760,21661,52.00,17.015
31860,61316,5.00,2.027
31860,54887,63.50,20.778
31860,41999,5.50,2.152
31860,10354,54.50,17.833
31860,21661,52.00,17.015
31970,61316,5.00,2.027
31970,54887,63.50,20.778
31970,41999,63.50,20.778
31970,10354,54.50,17.833
31970,21661,52.00,17.015
32079,61316,5.00,2.027
32079,54887,63.50,20.778
32079,41999,63.50,20.778
32079,10354,54.50,17.833
32079,21661,52.00,17.015
32180,61316,5.00,2.027
32180,54887,63.50,20.778
32180,41999,63.50,20.778
32180,10354,54.50,17.833
32180,21661,52.00,17.015
32289,61316,5.00,2.027
32289,54887,63.50,20.778
32289,41999,63.50,20.778
32289,10354,54.50,17.833
32289,21661,52.00,17.015
32390,61316,5.00,2.027
32390,54887,63.50,20.778
32390,41999,63.50,20.778
32390,10354,54.50,17.833
32390,21661,52.00,17.015
32500,61316,5.00,2.027
32500,54887,63.50,20.778
32500,41999,63.50,20.778
32500,10354,54.50,17.833
32500,21661,52.00,17.015
32600,61316,5.00,2.027
32600,54887,63.50,20.778
32600,41999,63.50,20.778
32600,10354,54.50,17.833
32600,21661,52.00,17.015
32710,61316,5.00,2.027
32710,54887,63.50,20.778
32710,41999,63.50,20.778
32710,10354,54.50,17.833
32710,21661,52.00,17.015
32810,61316,5.00,2.027
32810,54887,63.50,20.778
32810,41999,63.50,20.778
32810,10354,54.50,17.833
32810,21661,52.00,17.015
32910,61316,5.00,2.027
32910,54887,63.50,20.778
32910,41999,63.50,20.778
32910,10354,54.50,17.833
32910,21661,52.00,17.015
33019,61316,5.00,2.027
33019,54887,63.50,20.778
33019,41999,63.50,20.778
33019,10354,54.50,17.833
33019,21661,52.00,17.015
33119,61316,5.00,2.027
33119,54887,63.50,20.778
33119,41999,63.50,20.778
33119,10354,54.50,17.833
33119,21661,52.00,17.015
33230,61316,5.00,2.027
33230,54887,63.50,20.778
33230,41999,63.50,20.778
33230,10354,54.50,17.833
33230,21661,52.00,17.015
33340,61316,5.00,2.027
33340,54887,63.50,20.778
33340,41999,63.50,20.778
33340,10354,54.50,17.833
33340,21661,52.00,17.015
33451,61316,5.00,2.027
33451,54887,63.50,20.778
33451,41999,63.50,20.778
33451,10354,54.50,17.833
33451,21661,52.00,17.015
33560,61316,5.00,2.027
33560,54887,63.50,20.778
33560,41999,63.50,20.778
33560,10354,54.50,17.833
33560,21661,52.00,17.015
33670,61316,5.00,2.027
33670,54887,63.50,20.778
33670,41999,63.50,20.778
33670,10354,54.50,17.833
33670,21661,52.00,17.015
33780,61316,5.00,2.027
33780,54887,63.50,20.778
33780,41999,63.50,20.778
33780,10354,54.50,17.833
33780,21661,52.00,17.015
33880,61316,5.00,2.027
33880,54887,63.50,20.778
33880,41999,63.50,20.778
33880,10354,54.50,17.833
33880,21661,52.00,17.015
33980,61316,5.00,2.027
33980,54887,63.50,20.778
33980,41999,63.50,20.778
33980,10354,54.50,17.833
33980,21661,52.00,17.015
34090,61316,5.00,2.027
34090,54887,63.50,20.778
34090,41999,63.50,20.778
34090,10354,54.50,17.833
34090,21661,52.00,17.015
34199,61316,5.00,2.027
34199,54887,63.50,20.778
34199,41999,63.50,20.778
34199,10354,54.50,17.833
34199,21661,52.00,17.015
34300,61316,5.00,2.027
34300,54887,63.50,20.778
34300,41999,63.50,20.778
34300,10354,54.50,17.833
34300,21661,52.00,17.015
34410,61316,5.00,2.027
34410,54887,63.50,20.778
34410,41999,63.50,20.778
34410,10354,54.50,17.833
34410,21661,52.00,17.015
34510,61316,5.00,2.027
34510,54887,63.50,20.778
34510,41999,63.50,20.778
34510,10354,54.50,17.833
34510,21661,52.00,17.015
34619,61316,5.00,2.027
34619,54887,63.50,20.778
34619,41999,63.50,20.778
34619,10354,54.50,17.833
34619,21661,52.00,17.015
34720,61316,5.00,2.027
34720,54887,63.50,20.778
34720,41999,63.50,20.778
34720,10354,54.50,17.833
34720,21661,52.00,17.015
34830,61316,5.00,2.027
34830,54887,63.50,20.778
34830,41999,63.50,20.778
34830,10354,54.50,17.833
34830,21661,52.00,17.015
34930,61316,5.00,2.027
34930,54887,63.50,20.778
34930,41999,63.50,20.778
34930,10354,54.50,17.833
34930,21661,52.00,17.015
35040,61316,5.00,2.027
35040,54887,63.50,20.778
35040,41999,63.50,20.778
35040,10354,54.50,17.833
35040,21661,52.00,17.015
35150,61316,5.00,2.027
35150,54887,63.50,20.778
35150,41999,63.50,20.778
35150,10354,54.50,17.833
35150,21661,52.00,17.015
35251,61316,5.00,2.027
35251,54887,63.50,20.778
35251,41999,63.50,20.778
35251,10354,54.50,17.833
35251,21661,52.00,17.015
35360,61316,5.00,2.027
35360,54887,63.50,20.778
35360,41999,63.50,20.778
35360,10354,54.50,17.833
35360,21661,52.00,17.015
35460,61316,5.00,2.027
35460,54887,63.50,20.778
35460,41999,63.50,20.778
35460,10354,54.50,17.833
35460,21661,52.00,17.015
35570,61316,5.00,2.027
35570,54887,63.50,20.778
35570,41999,63.50,20.778
35570,10354,52.00,17.015
35570,21661,52.00,17.015
35680,61316,5.00,2.027
35680,54887,63.50,20.778
35680,41999,63.50,20.778
35680,10354,52.00,17.015
35680,21661,52.00,17.015
35790,61316,5.00,2.027
35790,54887,63.50,20.778
35790,41999,63.50,20.778
35790,10354,52.00,17.015
35790,21661,52.00,17.015
35890,61316,5.00,2.027
35890,54887,63.50,20.778
35890,41999,63.50,20.778
35890,10354,52.00,17.015
35890,21661,52.00,17.015
35990,61316,63.50,20.778
35990,54887,63.50,20.778
35990,41999,63.50,20.778
35990,10354,52.00,17.015
35990,21661,52.00,17.015
36090,61316,63.50,20.778
36090,54887,63.50,20.778
36090,41999,63.50,20.778
36090,10354,52.00,17.015
36090,21661,52.00,17.015
36200,61316,63.50,20.778
36200,54887,63.50,20.778
36200,41999,63.50,20.778
36200,10354,52.00,17.015
36200,21661,52.00,17.015
36300,61316,63.50,20.778
36300,54887,63.50,20.778
36300,41999,63.50,20.778
36300,10354,52.00,17.015
36300,21661,52.00,17.015
36410,61316,63.50,20.778
36410,54887,63.50,20.778
36410,41999,63.50,20.778
36410,10354,52.00,17.015
36410,21661,52.00,17.015
36510,61316,63.50,20.778
36510,54887,63.50,20.778
36510,41999,63.50,20.778
36510,10354,52.00,17.015
36510,21661,52.00,17.015
36619,61316,63.50,20.778
36619,54887,63.50,20.778
36619,41999,63.50,20.778
36619,10354,52.00,17.015
36619,21661,52.00,17.015
36720,61316,63.50,20.778
36720,54887,63.50,20.778
36720,41999,63.50,20.778
36720,10354,52.00,17.015
36720,21661,52.00,17.015
36820,61316,63.50,20.778
36820,54887,63.50,20.778
36820,41999,63.50,20.778
36820,10354,52.00,17.015
36820,21661,52.00,17.015
36921,61316,63.50,20.778
36921,54887,63.50,20.778
36921,41999,63.50,20.778
36921,10354,52.00,17.015
36921,21661,52.00,17.015
37029,61316,63.50,20.778
37029,54887,63.50,20.778
37029,41999,63.50,20.778
37029,10354,52.00,17.015
37029,21661,52.00,17.015
37139,61316,63.50,20.778
37139,54887,63.50,20.778
37139,41999,63.50,20.778
37139,10354,52.00,17.015
37139,21661,52.00,17.015
37240,61316,63.50,20.778
37240,54887,63.50,20.778
37240,41999,63.50,20.778
37240,10354,52.00,17.015
37240,21661,52.00,17.015
37350,61316,63.50,20.778
37350,54887,63.50,20.778
37350,41999,63.50,20.778
37350,10354,52.00,17.015
37350,21661,52.00,17.015
37450,61316,63.50,20.778
37450,54887,63.50,20.778
37450,41999,63.50,20.778
37450,10354,52.00,17.015
37450,21661,52.00,17.015
37560,61316,63.50,20.778
37560,54887,63.50,20.778
37560,41999,63.50,20.778
37560,10354,52.00,17.015
37560,21661,52.00,17.015
37671,61316,63.50,20.778
37671,54887,63.50,20.778
37671,41999,63.50,20.778
37671,10354,52.00,17.015
37671,21661,52.00,17.015
37779,61316,63.50,20.778
37779,54887,63.50,20.778
37779,41999,63.50,20.778
37779,10354,52.00,17.015
37779,21661,52.00,17.015
37880,61316,63.50,20.778
37880,54887,63.50,20.778
37880,41999,63.50,20.778
37880,10354,52.00,17.015
37880,21661,52.00,17.015
37990,61316,63.50,20.778
37990,54887,63.50,20.778
37990,41999,63.50,20.778
37990,10354,52.00,17.015
37990,21661,52.00,17.015
38090,61316,63.50,20.778
38090,54887,63.50,20.778
38090,41999,63.50,20.778
38090,10354,52.00,17.015
38090,21661,52.00,17.015
38200,61316,63.50,20.778
38200,54887,63.50,20.778
38200,41999,63.50,20.778
38200,10354,52.00,17.015
38200,21661,52.00,17.015
38310,61316,63.50,20.778
38310,54887,63.50,20.778
38310,41999,63.50,20.778
38310,10354,52.00,17.015
38310,21661,52.00,17.015
38410,61316,63.50,20.778
38410,54887,63.50,20.778
38410,41999,63.50,20.778
38410,10354,52.00,17.015
38410,21661,52.00,17.015
38520,61316,63.50,20.778
38520,54887,63.50,20.778
38520,41999,63.50,20.778
38520,10354,52.00,17.015
38520,21661,52.00,17.015
38630,61316,63.50,20.778
38630,54887,63.50,20.778
38630,41999,63.50,20.778
38630,10354,52.00,17.015
38630,21661,52.00,17.015
38730,61316,63.50,20.778
38730,54887,63.50,20.778
38730,41999,63.50,20.778
38730,10354,52.00,17.015
38730,21661,52.00,17.015
38830,61316,63.50,20.778
38830,54887,63.50,20.778
38830,41999,63.50,20.778
38830,10354,52.00,17.015
38830,21661,52.00,17.015
38940,61316,63.50,20.778
38940,54887,63.50,20.778
38940,41999,63.50,20.778
38940,10354,52.00,17.015
38940,21661,52.00,17.015
39050,61316,63.50,20.778
39050,54887,63.50,20.778
39050,41999,63.50,20.778
39050,10354,52.00,17.015
39050,21661,52.00,17.015
39159,61316,63.50,20.778
39159,54887,63.50,20.778
39159,41999,63.50,20.778
39159,10354,52.00,17.015
39159,21661,52.00,17.015
39260,61316,63.50,20.778
39260,54887,63.50,20.778
39260,41999,63.50,20.778
39260,10354,52.00,17.015
39260,21661,52.00,17.015
39370,61316,63.50,20.778
39370,54887,63.50,20.778
39370,41999,63.50,20.778
39370,10354,54.50,17.833
39370,21661,52.00,17.015
39480,61316,63.50,20.778
39480,54887,63.50,20.778
39480,41999,63.50,20.778
39480,10354,54.50,17.833
39480,21661,52.00,17.015
39590,61316,63.50,20.778
39590,54887,63.50,20.778
39590,41999,63.50,20.778
39590,10354,52.00,17.015
39590,21661,52.00,17.015
39690,61316,63.50,20.778
39690,54887,63.50,20.778
39690,41999,63.50,20.778
39690,10354,52.00,17.015
39690,21661,52.00,17.015
39790,61316,63.50,20.778
39790,54887,63.50,20.778
39790,41999,63.50,20.778
39790,10354,52.00,17.015
39790,21661,52.00,17.015
39900,61316,63.50,20.778
39900,54887,63.50,20.778
39900,41999,63.50,20.778
39900,10354,52.00,17.015
39900,21661,52.00,17.015
40010,61316,63.50,20.778
40010,54887,63.50,20.778
40010,41999,63.50,20.778
40010,10354,52.00,17.015
40010,21661,52.00,17.015
40120,61316,63.50,20.778
40120,54887,63.50,20.778
40120,41999,63.50,20.778
40120,10354,52.00,17.015
40120,21661,52.00,17.015
40230,61316,63.50,20.778
40230,54887,63.50,20.778
40230,41999,63.50,20.778
40230,10354,52.00,17.015
40230,21661,52.00,17.015
40330,61316,63.50,20.778
40330,54887,63.50,20.778
40330,41999,63.50,20.778
40330,10354,52.00,17.015
40330,21661,52.00,17.015
40430,61316,63.50,20.778
40430,54887,63.50,20.778
40430,41999,63.50,20.778
40430,10354,52.00,17.015
40430,21661,52.00,17.015
40530,61316,63.50,20.778
40530,54887,63.50,20.778
40530,41999,63.50,20.778
40530,10354,52.00,17.015
40530,21661,52.00,17.015
40640,61316,63.50,20.778
40640,54887,63.50,20.778
40640,41999,63.50,20.778
40640,10354,52.00,17.015
40640,21661,52.00,17.015
40740,61316,63.50,20.778
40740,54887,63.50,20.778
40740,41999,63.50,20.778
40740,10354,52.00,17.015
40740,21661,52.00,17.015
40850,61316,63.50,20.778
40850,54887,63.50,20.778
40850,41999,63.50,20.778
40850,10354,52.00,17.015
40850,21661,52.00,17.015
40960,61316,63.50,20.778
40960,54887,63.50,20.778
40960,41999,63.50,20.778
40960,10354,52.00,17.015
40960,21661,52.00,17.015
41070,61316,63.50,20.778
41070,54887,63.50,20.778
41070,41999,63.50,20.778
41070,10354,52.00,17.015
41070,21661,52.00,17.015
41170,61316,63.50,20.778
41170,54887,63.50,20.778
41170,41999,63.50,20.778
41170,10354,52.00,17.015
41170,21661,52.00,17.015
41270,61316,63.50,20.778
41270,54887,63.50,20.778
41270,41999,63.50,20.778
41270,10354,52.00,17.015
41270,21661,52.00,17.015
41379,61316,63.50,20.778
41379,54887,63.50,20.778
41379,41999,63.50,20.778
41379,10354,52.00,17.015
41379,21661,52.00,17.015
41480,61316,63.50,20.778
41480,54887,63.50,20.778
41480,41999,63.50,20.778
41480,10354,52.00,17.015
41480,21661,52.00,17.015
41589,61316,63.50,20.778
41589,54887,63.50,20.778
41589,41999,63.50,20.778
41589,10354,52.00,17.015
41589,21661,52.00,17.015
41690,61316,63.50,20.778
41690,54887,63.50,20.778
41690,41999,63.50,20.778
41690,10354,52.00,17.015
41690,21661,52.00,17.015
41790,61316,63.50,20.778
41790,54887,63.50,20.778
41790,41999,63.50,20.778
41790,10354,52.00,17.015
41790,21661,52.00,17.015
41890,61316,63.50,20.778
41890,54887,63.50,20.778
41890,41999,63.50,20.778
41890,10354,52.00,17.015
41890,21661,52.00,17.015
41990,61316,63.50,20.778
41990,54887,63.50,20.778
41990,41999,63.50,20.778
41990,10354,52.00,17.015
41990,21661,52.00,17.015
42100,61316,63.50,20.778
42100,54887,63.50,20.778
42100,41999,63.50,20.778
42100,10354,52.00,17.015
42100,21661,52.00,17.015
42210,61316,63.50,20.778
42210,54887,63.50,20.778
42210,41999,63.50,20.778
42210,10354,63.50,20.778
42210,21661,63.50,20.778
42310,61316,63.50,20.778
42310,54887,63.50,20.778
42310,41999,63.50,20.778
42310,10354,63.50,20.778
42310,21661,63.50,20.778
42420,61316,63.50,20.778
42420,54887,63.50,20.778
42420,41999,63.50,20.778
42420,10354,63.50,20.778
42420,21661,63.50,20.778
42520,61316,63.50,20.778
42520,54887,63.50,20.778
42520,41999,63.50,20.778
42520,10354,63.50,20.778
42520,21661,63.50,20.778
42630,61316,63.50,20.778
42630,54887,63.50,20.778
42630,41999,63.50,20.778
42630,10354,63.50,20.778
42630,21661,63.50,20.778
42740,61316,63.50,20.778
42740,54887,63.50,20.778
42740,41999,63.50,20.778
42740,10354,63.50,20.778
42740,21661,63.50,20.778
42840,61316,63.50,20.778
42840,54887,63.50,20.778
42840,41999,63.50,20.778
42840,10354,63.50,20.778
42840,21661,63.50,20.778
42940,61316,63.50,20.778
42940,54887,63.50,20.778
42940,41999,63.50,20.778
42940,10354,63.50,20.778
42940,21661,63.50,20.778
43050,61316,63.50,20.778
43050,54887,63.50,20.778
43050,41999,63.50,20.778
43050,10354,63.50,20.778
43050,21661,63.50,20.778
43150,61316,63.50,20.778
43150,54887,63.50,20.778
43150,41999,63.50,20.778
43150,10354,54.50,17.833
43150,21661,63.50,20.778
43260,61316,63.50,20.778
43260,54887,63.50,20.778
43260,41999,63.50,20.778
43260,10354,54.50,17.833
43260,21661,63.50,20.778
43369,61316,63.50,20.778
43369,54887,63.50,20.778
43369,41999,63.50,20.778
43369,10354,52.00,17.015
43369,21661,52.50,17.179
43470,61316,63.50,20.778
43470,54887,63.50,20.778
43470,41999,63.50,20.778
43470,10354,52.00,17.015
43470,21661,52.50,17.179
43580,61316,63.50,20.778
43580,54887,63.50,20.778
43580,41999,63.50,20.778
43580,10354,52.00,17.015
43580,21661,52.50,17.179
43681,61316,63.50,20.778
43681,54887,63.50,20.778
43681,41999,63.50,20.778
43681,10354,52.00,17.015
43681,21661,52.50,17.179
43790,61316,63.50,20.778
43790,54887,63.50,20.778
43790,41999,63.50,20.778
43790,10354,52.00,17.015
43790,21661,52.50,17.179
43890,61316,63.50,20.778
43890,54887,63.50,20.778
43890,41999,63.50,20.778
43890,10354,52.00,17.015
43890,21661,52.50,17.179
43990,61316,63.50,20.778
43990,54887,63.50,20.778
43990,41999,63.50,20.778
43990,10354,52.00,17.015
43990,21661,52.50,17.179
44100,61316,63.50,20.778
44100,54887,63.50,20.778
44100,41999,63.50,20.778
44100,10354,52.00,17.015
44100,21661,52.50,17.179
44209,61316,63.50,20.778
44209,54887,63.50,20.778
44209,41999,63.50,20.778
44209,10354,52.00,17.015
44209,21661,52.50,17.179
44310,61316,63.50,20.778
44310,54887,63.50,20.778
44310,41999,63.50,20.778
44310,10354,52.00,17.015
44310,21661,52.50,17.179
44410,61316,63.50,20.778
44410,54887,63.50,20.778
44410,41999,63.50,20.778
44410,10354,52.00,17.015
44410,21661,52.50,17.179
44520,61316,63.50,20.778
44520,54887,63.50,20.778
44520,41999,63.50,20.778
44520,10354,52.00,17.015
44520,21661,52.50,17.179
44629,61316,63.50,20.778
44629,54887,63.50,20.778
44629,41999,63.50,20.778
44629,10354,52.00,17.015
44629,21661,52.50,17.179
44739,61316,63.50,20.778
44739,54887,63.50,20.778
44739,41999,63.50,20.778
44739,10354,52.00,17.015
44739,21661,52.50,17.179
44840,61316,63.50,20.778
44840,54887,63.50,20.778
44840,41999,63.50,20.778
44840,10354,52.00,17.015
44840,21661,52.50,17.179
44950,61316,63.50,20.778
44950,54887,63.50,20.778
44950,41999,63.50,20.778
44950,10354,52.00,17.015
44950,21661,52.50,17.179
45050,61316,63.50,20.778
45050,54887,63.50,20.778
45050,41999,63.50,20.778
45050,10354,52.00,17.015
45050,21661,52.50,17.179
45159,61316,63.50,20.778
45159,54887,63.50,20.778
45159,41999,63.50,20.778
45159,10354,52.00,17.015
45159,21661,52.50,17.179
45260,61316,63.50,20.778
45260,54887,63.50,20.778
45260,41999,63.50,20.778
45260,10354,52.00,17.015
45260,21661,52.50,17.179
45360,61316,63.50,20.778
45360,54887,63.50,20.778
45360,41999,63.50,20.778
45360,10354,52.00,17.015
45360,21661,52.50,17.179
45460,61316,63.50,20.778
45460,54887,63.50,20.778
45460,41999,63.50,20.778
45460,10354,52.00,17.015
45460,21661,52.50,17.179
45560,61316,63.50,20.778
45560,54887,63.50,20.778
45560,41999,63.50,20.778
45560,10354,52.00,17.015
45560,21661,52.50,17.179
45661,61316,63.50,20.778
45661,54887,63.50,20.778
45661,41999,63.50,20.778
45661,10354,52.00,17.015
45661,21661,52.50,17.179
45770,61316,63.50,20.778
45770,54887,63.50,20.778
45770,41999,63.50,20.778
45770,10354,52.00,17.015
45770,21661,52.50,17.179
45879,61316,63.50,20.778
45879,54887,63.50,20.778
45879,41999,63.50,20.778
45879,10354,52.00,17.015
45879,21661,52.50,17.179
45980,61316,63.50,20.778
45980,54887,63.50,20.778
45980,41999,63.50,20.778
45980,10354,52.00,17.015
45980,21661,52.50,17.179
46089,61316,63.50,20.778
46089,54887,63.50,20.778
46089,41999,63.50,20.778
46089,10354,52.00,17.015
46089,21661,52.50,17.179
46190,61316,63.50,20.778
46190,54887,63.50,20.778
46190,41999,63.50,20.778
46190,10354,52.00,17.015
46190,21661,52.50,17.179
46300,61316,63.50,20.778
46300,54887,63.50,20.778
46300,41999,63.50,20.778
46300,10354,52.00,17.015
46300,21661,52.50,17.179
46410,61316,63.50,20.778
46410,54887,63.50,20.778
46410,41999,63.50,20.778
46410,10354,52.00,17.015
46410,21661,52.50,17.179
46520,61316,63.50,20.778
46520,54887,63.50,20.778
46520,41999,63.50,20.778
46520,10354,52.00,17.015
46520,21661,52.50,17.179
46630,61316,63.50,20.778
46630,54887,63.50,20.778
46630,41999,63.50,20.778
46630,10354,52.00,17.015
46630,21661,52.50,17.179
46743,61316,63.50,20.778
46743,54887,63.50,20.778
46743,41999,63.50,20.778
46743,10354,52.00,17.015
46743,21661,52.50,17.179
46850,61316,63.50,20.778
46850,54887,63.50,20.778
46850,41999,63.50,20.778
46850,10354,52.00,17.015
46850,21661,52.50,17.179
46950,61316,63.50,20.778
46950,54887,63.50,20.778
46950,41999,63.50,20.778
46950,10354,54.00,17.669
46950,21661,52.50,17.179
47060,61316,63.50,20.778
47060,54887,63.50,20.778
47060,41999,63.50,20.778
47060,10354,54.00,17.669
47060,21661,52.50,17.179
47160,61316,63.50,20.778
47160,54887,63.50,20.778
47160,41999,63.50,20.778
47160,10354,52.00,17.015
47160,21661,52.50,17.179
47270,61316,63.50,20.778
47270,54887,63.50,20.778
47270,41999,63.50,20.778
47270,10354,52.00,17.015
47270,21661,52.50,17.179
47370,61316,63.50,20.778
47370,54887,63.50,20.778
47370,41999,63.50,20.778
47370,10354,52.00,17.015
47370,21661,52.50,17.179
47479,61316,63.50,20.778
47479,54887,63.50,20.778
47479,41999,63.50,20.778
47479,10354,52.00,17.015
47479,21661,52.50,17.179
47580,61316,63.50,20.778
47580,54887,63.50,20.778
47580,41999,63.50,20.778
47580,10354,52.00,17.015
47580,21661,52.50,17.179
47681,61316,63.50,20.778
47681,54887,63.50,20.778
47681,41999,63.50,20.778
47681,10354,52.00,17.015
47681,21661,52.50,17.179
47789,61316,63.50,20.778
47789,54887,63.50,20.778
47789,41999,63.50,20.778
47789,10354,52.00,17.015
47789,21661,52.50,17.179
47890,61316,63.50,20.778
47890,54887,63.50,20.778
47890,41999,63.50,20.778
47890,10354,52.00,17.015
47890,21661,52.50,17.179
47999,61316,63.50,20.778
47999,54887,63.50,20.778
47999,41999,63.50,20.778
47999,10354,52.00,17.015
47999,21661,52.50,17.179
48100,61316,63.50,20.778
48100,54887,63.50,20.778
48100,41999,63.50,20.778
48100,10354,52.00,17.015
48100,21661,52.50,17.179
48210,61316,63.50,20.778
48210,54887,63.50,20.778
48210,41999,63.50,20.778
48210,10354,52.00,17.015
48210,21661,52.50,17.179
48321,61316,63.50,20.778
48321,54887,63.50,20.778
48321,41999,63.50,20.778
48321,10354,52.00,17.015
48321,21661,52.50,17.179
48429,61316,63.50,20.778
48429,54887,63.50,20.778
48429,41999,63.50,20.778
48429,10354,52.00,17.015
48429,21661,52.50,17.179
48530,61316,63.50,20.778
48530,54887,63.50,20.778
48530,41999,63.50,20.778
48530,10354,52.00,17.015
48530,21661,52.50,17.179
48640,61316,63.50,20.778
48640,54887,63.50,20.778
48640,41999,63.50,20.778
48640,10354,52.00,17.015
48640,21661,52.50,17.179
48740,61316,63.50,20.778
48740,54887,63.50,20.778
48740,41999,63.50,20.778
48740,10354,52.00,17.015
48740,21661,52.50,17.179
48850,61316,63.50,20.778
48850,54887,63.50,20.778
48850,41999,63.50,20.778
48850,10354,52.00,17.015
48850,21661,52.50,17.179
48950,61316,63.50,20.778
48950,54887,63.50,20.778
48950,41999,63.50,20.778
48950,10354,52.00,17.015
48950,21661,52.50,17.179
49051,61316,63.50,20.778
49051,54887,63.50,20.778
49051,41999,63.50,20.778
49051,10354,52.00,17.015
49051,21661,52.50,17.179
49160,61316,63.50,20.778
49160,54887,63.50,20.778
49160,41999,63.50,20.778
49160,10354,52.00,17.015
49160,21661,52.50,17.179
49270,61316,63.50,20.778
49270,54887,63.50,20.778
49270,41999,63.50,20.778
49270,10354,52.00,17.015
49270,21661,52.50,17.179
49370,61316,63.50,20.778
49370,54887,63.50,20.778
49370,41999,63.50,20.778
49370,10354,52.00,17.015
49370,21661,52.50,17.179
49480,61316,63.50,20.778
49480,54887,63.50,20.778
49480,41999,63.50,20.778
49480,10354,52.00,17.015
49480,21661,52.50,17.179
49590,61316,63.50,20.778
49590,54887,63.50,20.778
49590,41999,63.50,20.778
49590,10354,52.00,17.015
49590,21661,52.50,17.179
49690,61316,63.50,20.778
49690,54887,63.50,20.778
49690,41999,63.50,20.778
49690,10354,52.00,17.015
49690,21661,52.50,17.179
49799,61316,63.50,20.778
49799,54887,63.50,20.778
49799,41999,63.50,20.778
49799,10354,52.00,17.015
49799,21661,52.50,17.179
49900,61316,63.50,20.778
49900,54887,63.50,20.778
49900,41999,63.50,20.778
49900,10354,52.00,17.015
49900,21661,52.50,17.179
50010,61316,63.50,20.778
50010,54887,63.50,20.778
50010,41999,63.50,20.778
50010,10354,52.00,17.015
50010,21661,52.50,17.179
50120,61316,63.50,20.778
50120,54887,63.50,20.778
50120,41999,63.50,20.778
50120,10354,52.00,17.015
50120,21661,52.50,17.179
50231,61316,63.50,20.778
50231,54887,63.50,20.778
50231,41999,63.50,20.778
50231,10354,52.00,17.015
50231,21661,52.50,17.179
50340,61316,63.50,20.778
50340,54887,63.50,20.778
50340,41999,63.50,20.778
50340,10354,52.00,17.015
50340,21661,52.50,17.179
50440,61316,63.50,20.778
50440,54887,63.50,20.778
50440,41999,63.50,20.778
50440,10354,52.00,17.015
50440,21661,52.50,17.179
50550,61316,63.50,20.778
50550,54887,63.50,20.778
50550,41999,63.50,20.778
50550,10354,52.00,17.015
50550,21661,52.50,17.179
50660,61316,63.50,20.778
50660,54887,63.50,20.778
50660,41999,63.50,20.778
50660,10354,50.50,16.524
50660,21661,52.50,17.179
50770,61316,63.50,20.778
50770,54887,63.50,20.778
50770,41999,63.50,20.778
50770,10354,50.50,16.524
50770,21661,52.50,17.179
50871,61316,63.50,20.778
50871,54887,63.50,20.778
50871,41999,63.50,20.778
50871,10354,50.50,16.524
50871,21661,52.50,17.179
50980,61316,63.50,20.778
50980,54887,63.50,20.778
50980,41999,63.50,20.778
50980,10354,52.00,17.015
50980,21661,52.50,17.179
51080,61316,63.50,20.778
51080,54887,63.50,20.778
51080,41999,63.50,20.778
51080,10354,52.00,17.015
51080,21661,52.50,17.179
51190,61316,63.50,20.778
51190,54887,63.50,20.778
51190,41999,63.50,20.778
51190,10354,52.00,17.015
51190,21661,52.50,17.179
51300,61316,63.50,20.778
51300,54887,63.50,20.778
51300,41999,63.50,20.778
51300,10354,52.00,17.015
51300,21661,52.50,17.179
51410,61316,63.50,20.778
51410,54887,63.50,20.778
51410,41999,63.50,20.778
51410,10354,52.00,17.015
51410,21661,52.50,17.179
51520,61316,63.50,20.778
51520,54887,63.50,20.778
51520,41999,63.50,20.778
51520,10354,52.00,17.015
51520,21661,52.50,17.179
51630,61316,63.50,20.778
51630,54887,63.50,20.778
51630,41999,63.50,20.778
51630,10354,52.00,17.015
51630,21661,52.50,17.179
51739,61316,63.50,20.778
51739,54887,63.50,20.778
51739,41999,63.50,20.778
51739,10354,52.00,17.015
51739,21661,52.50,17.179
51840,61316,63.50,20.778
51840,54887,63.50,20.778
51840,41999,63.50,20.778
51840,10354,52.00,17.015
51840,21661,52.50,17.179
51940,61316,63.50,20.778
51940,54887,63.50,20.778
51940,41999,63.50,20.778
51940,10354,52.00,17.015
51940,21661,52.50,17.179
52050,61316,63.50,20.778
52050,54887,63.50,20.778
52050,41999,63.50,20.778
52050,10354,52.00,17.015
52050,21661,52.50,17.179
52160,61316,63.50,20.778
52160,54887,63.50,20.778
52160,41999,63.50,20.778
52160,10354,52.00,17.015
52160,21661,52.50,17.179
52260,61316,63.50,20.778
52260,54887,63.50,20.778
52260,41999,63.50,20.778
52260,10354,52.00,17.015
52260,21661,52.50,17.179
52370,61316,63.50,20.778
52370,54887,63.50,20.778
52370,41999,63.50,20.778
52370,10354,52.00,17.015
52370,21661,52.50,17.179
52480,61316,63.50,20.778
52480,54887,63.50,20.778
52480,41999,63.50,20.778
52480,10354,52.00,17.015
52480,21661,52.50,17.179
52590,61316,63.50,20.778
52590,54887,63.50,20.778
52590,41999,63.50,20.778
52590,10354,52.00,17.015
52590,21661,52.50,17.179
52700,61316,63.50,20.778
52700,54887,63.50,20.778
52700,41999,63.50,20.778
52700,10354,52.00,17.015
52700,21661,52.50,17.179
52810,61316,63.50,20.778
52810,54887,63.50,20.778
52810,41999,63.50,20.778
52810,10354,52.00,17.015
52810,21661,52.50,17.179
52919,61316,63.50,20.778
52919,54887,63.50,20.778
52919,41999,63.50,20.778
52919,10354,52.00,17.015
52919,21661,52.50,17.179
53020,61316,63.50,20.778
53020,54887,63.50,20.778
53020,41999,63.50,20.778
53020,10354,52.00,17.015
53020,21661,52.50,17.179
53130,61316,63.50,20.778
53130,54887,63.50,20.778
53130,41999,63.50,20.778
53130,10354,52.00,17.015
53130,21661,52.50,17.179
53230,61316,63.50,20.778
53230,54887,63.50,20.778
53230,41999,63.50,20.778
53230,10354,52.00,17.015
53230,21661,52.50,17.179
53339,61316,63.50,20.778
53339,54887,63.50,20.778
53339,41999,63.50,20.778
53339,10354,52.00,17.015
53339,21661,52.50,17.179
53440,61316,63.50,20.778
53440,54887,63.50,20.778
53440,41999,63.50,20.778
53440,10354,52.00,17.015
53440,21661,52.50,17.179
53549,61316,63.50,20.778
53549,54887,63.50,20.778
53549,41999,63.50,20.778
53549,10354,52.00,17.015
53549,21661,52.50,17.179
53650,61316,63.50,20.778
53650,54887,63.50,20.778
53650,41999,63.50,20.778
53650,10354,52.00,17.015
53650,21661,52.50,17.179
53750,61316,63.50,20.778
53750,54887,63.50,20.778
53750,41999,63.50,20.778
53750,10354,52.00,17.015
53750,21661,52.50,17.179
53860,61316,63.50,20.778
53860,54887,63.50,20.778
53860,41999,63.50,20.778
53860,10354,52.00,17.015
53860,21661,52.50,17.179
53970,61316,63.50,20.778
53970,54887,63.50,20.778
53970,41999,63.50,20.778
53970,10354,52.00,17.015
53970,21661,52.50,17.179
54070,61316,63.50,20.778
54070,54887,63.50,20.778
54070,41999,63.50,20.778
54070,10354,52.00,17.015
54070,21661,52.50,17.179
54180,61316,63.50,20.778
54180,54887,63.50,20.778
54180,41999,63.50,20.778
54180,10354,52.00,17.015
54180,21661,52.50,17.179
54290,61316,63.50,20.778
54290,54887,63.50,20.778
54290,41999,63.50,20.778
54290,10354,52.00,17.015
54290,21661,52.50,17.179
54400,61316,63.50,20.778
54400,54887,63.50,20.778
54400,41999,63.50,20.778
54400,10354,54.50,17.833
54400,21661,52.50,17.179
54500,61316,63.50,20.778
54500,54887,63.50,20.778
54500,41999,63.50,20.778
54500,10354,54.50,17.833
54500,21661,52.50,17.179
54610,61316,63.50,20.778
54610,54887,63.50,20.778
54610,41999,63.50,20.778
54610,10354,52.00,17.015
54610,21661,52.50,17.179
54720,61316,63.50,20.778
54720,54887,63.50,20.778
54720,41999,63.50,20.778
54720,10354,52.00,17.015
54720,21661,52.50,17.179
54820,61316,63.50,20.778
54820,54887,63.50,20.778
54820,41999,63.50,20.778
54820,10354,52.00,17.015
54820,21661,52.50,17.179
54930,61316,63.50,20.778
54930,54887,63.50,20.778
54930,41999,63.50,20.778
54930,10354,52.00,17.015
54930,21661,52.50,17.179
55030,61316,63.50,20.778
55030,54887,63.50,20.778
55030,41999,63.50,20.778
55030,10354,52.00,17.015
55030,21661,52.50,17.179
55140,61316,63.50,20.778
55140,54887,63.50,20.778
55140,41999,63.50,20.778
55140,10354,52.00,17.015
55140,21661,52.50,17.179
55250,61316,63.50,20.778
55250,54887,63.50,20.778
55250,41999,63.50,20.778
55250,10354,52.00,17.015
55250,21661,52.50,17.179
55359,61316,63.50,20.778
55359,54887,63.50,20.778
55359,41999,63.50,20.778
55359,10354,52.00,17.015
55359,21661,52.50,17.179
55460,61316,63.50,20.778
55460,54887,63.50,20.778
55460,41999,63.50,20.778
55460,10354,52.00,17.015
55460,21661,52.50,17.179
55560,61316,63.50,20.778
55560,54887,63.50,20.778
55560,41999,63.50,20.778
55560,10354,52.00,17.015
55560,21661,52.50,17.179
55670,61316,63.50,20.778
55670,54887,63.50,20.778
55670,41999,63.50,20.778
55670,10354,52.00,17.015
55670,21661,52.50,17.179
55780,61316,63.50,20.778
55780,54887,63.50,20.778
55780,41999,63.50,20.778
55780,10354,52.00,17.015
55780,21661,52.50,17.179
55890,61316,63.50,20.778
55890,54887,63.50,20.778
55890,41999,63.50,20.778
55890,10354,52.00,17.015
55890,21661,52.50,17.179
56000,61316,63.50,20.778
56000,54887,63.50,20.778
56000,41999,63.50,20.778
56000,10354,52.00,17.015
56000,21661,52.50,17.179
56110,61316,63.50,20.778
56110,54887,63.50,20.778
56110,41999,63.50,20.778
56110,10354,52.00,17.015
56110,21661,52.50,17.179
56220,61316,63.50,20.778
56220,54887,63.50,20.778
56220,41999,63.50,20.778
56220,10354,52.00,17.015
56220,21661,52.50,17.179
56330,61316,63.50,20.778
56330,54887,63.50,20.778
56330,41999,63.50,20.778
56330,10354,52.00,17.015
56330,21661,52.50,17.179
56440,61316,63.50,20.778
56440,54887,63.50,20.778
56440,41999,63.50,20.778
56440,10354,52.00,17.015
56440,21661,52.50,17.179
56550,61316,63.50,20.778
56550,54887,63.50,20.778
56550,41999,63.50,20.778
56550,10354,52.00,17.015
56550,21661,52.50,17.179
56660,61316,63.50,20.778
56660,54887,63.50,20.778
56660,41999,63.50,20.778
56660,10354,52.00,17.015
56660,21661,52.50,17.179
56770,61316,63.50,20.778
56770,54887,63.50,20.778
56770,41999,63.50,20.778
56770,10354,52.00,17.015
56770,21661,52.50,17.179
56880,61316,63.50,20.778
56880,54887,63.50,20.778
56880,41999,63.50,20.778
56880,10354,52.00,17.015
56880,21661,52.50,17.179
56980,61316,63.50,20.778
56980,54887,63.50,20.778
56980,41999,63.50,20.778
56980,10354,52.00,17.015
56980,21661,52.50,17.179
57089,61316,63.50,20.778
57089,54887,63.50,20.778
57089,41999,63.50,20.778
57089,10354,52.00,17.015
57089,21661,52.50,17.179
57190,61316,63.50,20.778
57190,54887,63.50,20.778
57190,41999,63.50,20.778
57190,10354,52.00,17.015
57190,21661,52.50,17.179
57300,61316,63.50,20.778
57300,54887,63.50,20.778
57300,41999,63.50,20.778
57300,10354,52.00,17.015
57300,21661,52.50,17.179
57400,61316,63.50,20.778
57400,54887,63.50,20.778
57400,41999,63.50,20.778
57400,10354,52.00,17.015
57400,21661,52.50,17.179
57510,61316,63.50,20.778
57510,54887,63.50,20.778
57510,41999,63.50,20.778
57510,10354,52.00,17.015
57510,21661,52.50,17.179
57610,61316,63.50,20.778
57610,54887,63.50,20.778
57610,41999,63.50,20.778
57610,10354,52.00,17.015
57610,21661,52.50,17.179
57720,61316,63.50,20.778
57720,54887,63.50,20.778
57720,41999,63.50,20.778
57720,10354,52.00,17.015
57720,21661,52.50,17.179
57830,61316,63.50,20.778
57830,54887,63.50,20.778
57830,41999,63.50,20.778
57830,10354,52.00,17.015
57830,21661,52.50,17.179
57930,61316,63.50,20.778
57930,54887,63.50,20.778
57930,41999,63.50,20.778
57930,10354,52.00,17.015
57930,21661,52.50,17.179
58030,61316,63.50,20.778
58030,54887,63.50,20.778
58030,41999,63.50,20.778
58030,10354,52.00,17.015
58030,21661,52.50,17.179
58141,61316,63.50,20.778
58141,54887,63.50,20.778
58141,41999,63.50,20.778
58141,10354,52.00,17.015
58141,21661,52.50,17.179
58250,61316,63.50,20.778
58250,54887,63.50,20.778
58250,41999,63.50,20.778
58250,10354,54.50,17.833
58250,21661,52.50,17.179
58360,61316,63.50,20.778
58360,54887,63.50,20.778
58360,41999,63.50,20.778
58360,10354,54.50,17.833
58360,21661,52.50,17.179
58470,61316,63.50,20.778
58470,54887,63.50,20.778
58470,41999,63.50,20.778
58470,10354,52.00,17.015
58470,21661,52.50,17.179
58570,61316,63.50,20.778
58570,54887,63.50,20.778
58570,41999,63.50,20.778
58570,10354,52.00,17.015
58570,21661,52.50,17.179
58670,61316,63.50,20.778
58670,54887,63.50,20.778
58670,41999,63.50,20.778
58670,10354,52.00,17.015
58670,21661,52.50,17.179
58780,61316,63.50,20.778
58780,54887,63.50,20.778
58780,41999,63.50,20.778
58780,10354,52.00,17.015
58780,21661,52.50,17.179
58880,61316,63.50,20.778
58880,54887,63.50,20.778
58880,41999,63.50,20.778
58880,10354,52.00,17.015
58880,21661,52.50,17.179
58980,61316,63.50,20.778
58980,54887,63.50,20.778
58980,41999,63.50,20.778
58980,10354,52.00,17.015
58980,21661,52.50,17.179
59090,61316,63.50,20.778
59090,54887,63.50,20.778
59090,41999,63.50,20.778
59090,10354,52.00,17.015
59090,21661,52.50,17.179
59190,61316,63.50,20.778
59190,54887,63.50,20.778
59190,41999,63.50,20.778
59190,10354,52.00,17.015
59190,21661,52.50,17.179
59300,61316,63.50,20.778
59300,54887,63.50,20.778
59300,41999,63.50,20.778
59300,10354,52.00,17.015
59300,21661,52.50,17.179
59410,61316,63.50,20.778
59410,54887,63.50,20.778
59410,41999,63.50,20.778
59410,10354,52.00,17.015
59410,21661,52.50,17.179
59510,61316,63.50,20.778
59510,54887,63.50,20.778
59510,41999,63.50,20.778
59510,10354,52.00,17.015
59510,21661,52.50,17.179
59620,61316,63.50,20.778
59620,54887,63.50,20.778
59620,41999,63.50,20.778
59620,10354,52.00,17.015
59620,21661,52.50,17.179
59720,61316,63.50,20.778
59720,54887,63.50,20.778
59720,41999,63.50,20.778
59720,10354,52.00,17.015
59720,21661,52.50,17.179
59821,61316,63.50,20.778
59821,54887,63.50,20.778
59821,41999,63.50,20.778
59821,10354,52.00,17.015
59821,21661,52.50,17.179
59931,61316,63.50,20.778
59931,54887,63.50,20.778
59931,41999,63.50,20.778
59931,10354,52.00,17.015
59931,21661,52.50,17.179
60040,61316,63.50,20.778
60040,54887,63.50,20.778
60040,41999,63.50,20.778
60040,10354,52.00,17.015
60040,21661,52.50,17.179
60150,61316,63.50,20.778
60150,54887,63.50,20.778
60150,41999,63.50,20.778
60150,10354,52.00,17.015
60150,21661,52.50,17.179
60250,61316,63.50,20.778
60250,54887,63.50,20.778
60250,41999,63.50,20.778
60250,10354,52.00,17.015
60250,21661,52.50,17.179
60360,61316,63.50,20.778
60360,54887,63.50,20.778
60360,41999,63.50,20.778
60360,10354,52.00,17.015
60360,21661,52.50,17.179
60460,61316,63.50,20.778
60460,54887,63.50,20.778
60460,41999,63.50,20.778
60460,10354,52.00,17.015
60460,21661,52.50,17.179
60561,61316,63.50,20.778
60561,54887,63.50,20.778
60561,41999,63.50,20.778
60561,10354,52.00,17.015
60561,21661,52.50,17.179
60670,61316,63.50,20.778
60670,54887,63.50,20.778
60670,41999,63.50,20.778
60670,10354,52.00,17.015
60670,21661,52.50,17.179
60780,61316,63.50,20.778
60780,54887,63.50,20.778
60780,41999,63.50,20.778
60780,10354,52.00,17.015
60780,21661,52.50,17.179
60880,61316,63.50,20.778
60880,54887,63.50,20.778
60880,41999,63.50,20.778
60880,10354,52.00,17.015
60880,21661,52.50,17.179
60990,61316,63.50,20.778
60990,54887,63.50,20.778
60990,41999,63.50,20.778
60990,10354,52.00,17.015
60990,21661,52.50,17.179
61101,61316,63.50,20.778
61101,54887,63.50,20.778
61101,41999,63.50,20.778
61101,10354,52.00,17.015
61101,21661,52.50,17.179
61210,61316,63.50,20.778
61210,54887,63.50,20.778
61210,41999,63.50,20.778
61210,10354,52.00,17.015
61210,21661,52.50,17.179
61320,61316,63.50,20.778
61320,54887,63.50,20.778
61320,41999,63.50,20.778
61320,10354,52.00,17.015
61320,21661,52.50,17.179
61430,61316,63.50,20.778
61430,54887,63.50,20.778
61430,41999,63.50,20.778
61430,10354,52.00,17.015
61430,21661,52.50,17.179
61530,61316,63.50,20.778
61530,54887,63.50,20.778
61530,41999,63.50,20.778
61530,10354,52.00,17.015
61530,21661,52.50,17.179
61640,61316,63.50,20.778
61640,54887,63.50,20.778
61640,41999,63.50,20.778
61640,10354,52.00,17.015
61640,21661,52.50,17.179
61740,61316,63.50,20.778
61740,54887,63.50,20.778
61740,41999,63.50,20.778
61740,10354,52.00,17.015
61740,21661,52.50,17.179
61850,61316,63.50,20.778
61850,54887,63.50,20.778
61850,41999,63.50,20.778
61850,10354,52.00,17.015
61850,21661,52.50,17.179
61960,61316,63.50,20.778
61960,54887,63.50,20.778
61960,41999,63.50,20.778
61960,10354,52.00,17.015
61960,21661,52.50,17.179
62060,61316,63.50,20.778
62060,54887,63.50,20.778
62060,41999,63.50,20.778
62060,10354,52.00,17.015
62060,21661,52.50,17.179
62169,61316,63.50,20.778
62169,54887,63.50,20.778
62169,41999,63.50,20.778
62169,10354,52.00,17.015
62169,21661,52.50,17.179
62270,61316,6.00,2.282
62270,54887,63.50,20.778
62270,41999,57.50,18.815
62270,10354,52.50,17.179
62270,21661,52.50,17.179
62370,61316,6.00,2.282
62370,54887,63.50,20.778
62370,41999,57.50,18.815
62370,10354,52.50,17.179
62370,21661,52.50,17.179
62470,61316,6.00,2.282
62470,54887,63.50,20.778
62470,41999,57.50,18.815
62470,10354,52.50,17.179
62470,21661,52.50,17.179
62580,61316,6.00,2.282
62580,54887,63.50,20.778
62580,41999,57.50,18.815
62580,10354,52.00,17.015
62580,21661,52.50,17.179
62681,61316,6.00,2.282
62681,54887,63.50,20.778
62681,41999,57.50,18.815
62681,10354,52.00,17.015
62681,21661,52.50,17.179
62790,61316,6.00,2.282
62790,54887,52.00,17.015
62790,41999,57.50,18.815
62790,10354,52.00,17.015
62790,21661,52.50,17.179
62900,61316,6.00,2.282
62900,54887,52.00,17.015
62900,41999,57.50,18.815
62900,10354,52.00,17.015
62900,21661,52.50,17.179
63000,61316,63.50,20.778
63000,54887,52.00,17.015
63000,41999,63.50,20.778
63000,10354,52.00,17.015
63000,21661,52.50,17.179
63109,61316,63.50,20.778
63109,54887,52.00,17.015
63109,41999,63.50,20.778
63109,10354,52.00,17.015
63109,21661,52.50,17.179
63210,61316,63.50,20.778
63210,54887,52.00,17.015
63210,41999,63.50,20.778
63210,10354,52.00,17.015
63210,21661,52.50,17.179
63320,61316,63.50,20.778
63320,54887,52.00,17.015
63320,41999,63.50,20.778
63320,10354,52.00,17.015
63320,21661,52.50,17.179
63420,61316,63.50,20.778
63420,54887,52.00,17.015
63420,41999,63.50,20.778
63420,10354,52.00,17.015
63420,21661,52.50,17.179
63520,61316,63.50,20.778
63520,54887,52.00,17.015
63520,41999,63.50,20.778
63520,10354,52.00,17.015
63520,21661,52.50,17.179
63630,61316,63.50,20.778
63630,54887,52.00,17.015
63630,41999,63.50,20.778
63630,10354,52.00,17.015
63630,21661,52.50,17.179
63740,61316,63.50,20.778
63740,54887,52.00,17.015
63740,41999,63.50,20.778
63740,10354,52.00,17.015
63740,21661,52.50,17.179
63850,61316,63.50,20.778
63850,54887,52.00,17.015
63850,41999,63.50,20.778
63850,10354,52.00,17.015
63850,21661,52.50,17.179
63960,61316,63.50,20.778
63960,54887,52.00,17.015
63960,41999,63.50,20.778
63960,10354,52.00,17.015
63960,21661,52.50,17.179
64070,61316,63.50,20.778
64070,54887,52.00,17.015
64070,41999,63.50,20.778
64070,10354,52.00,17.015
64070,21661,52.50,17.179
64170,61316,63.50,20.778
64170,54887,52.00,17.015
64170,41999,63.50,20.778
64170,10354,52.00,17.015
64170,21661,52.50,17.179
64280,61316,63.50,20.778
64280,54887,52.00,17.015
64280,41999,63.50,20.778
64280,10354,52.00,17.015
64280,21661,52.50,17.179
64390,61316,63.50,20.778
64390,54887,52.00,17.015
64390,41999,63.50,20.778
64390,10354,52.00,17.015
64390,21661,52.50,17.179
64500,61316,63.50,20.778
64500,54887,52.00,17.015
64500,41999,63.50,20.778
64500,10354,52.00,17.015
64500,21661,52.50,17.179
64601,61316,63.50,20.778
64601,54887,52.00,17.015
64601,41999,63.50,20.778
64601,10354,52.00,17.015
64601,21661,52.50,17.179
64710,61316,63.50,20.778
64710,54887,52.00,17.015
64710,41999,63.50,20.778
64710,10354,52.00,17.015
64710,21661,52.50,17.179
64820,61316,63.50,20.778
64820,54887,52.00,17.015
64820,41999,63.50,20.778
64820,10354,52.00,17.015
64820,21661,52.50,17.179
64930,61316,63.50,20.778
64930,54887,52.00,17.015
64930,41999,63.50,20.778
64930,10354,52.00,17.015
64930,21661,52.50,17.179
65040,61316,63.50,20.778
65040,54887,52.00,17.015
65040,41999,63.50,20.778
65040,10354,52.00,17.015
65040,21661,52.50,17.179
65141,61316,63.50,20.778
65141,54887,52.00,17.015
65141,41999,63.50,20.778
65141,10354,52.00,17.015
65141,21661,52.50,17.179
65250,61316,63.50,20.778
65250,54887,52.00,17.015
65250,41999,63.50,20.778
65250,10354,52.00,17.015
65250,21661,52.50,17.179
65360,61316,63.50,20.778
65360,54887,52.00,17.015
65360,41999,63.50,20.778
65360,10354,52.00,17.015
65360,21661,52.50,17.179
65470,61316,63.50,20.778
65470,54887,52.00,17.015
65470,41999,63.50,20.778
65470,10354,52.00,17.015
65470,21661,52.50,17.179
65581,61316,63.50,20.778
65581,54887,52.00,17.015
65581,41999,63.50,20.778
65581,10354,52.00,17.015
65581,21661,52.50,17.179
65690,61316,63.50,20.778
65690,54887,52.00,17.015
65690,41999,63.50,20.778
65690,10354,52.00,17.015
65690,21661,52.50,17.179
65790,61316,63.50,20.778
65790,54887,52.00,17.015
65790,41999,63.50,20.778
65790,10354,52.00,17.015
65790,21661,52.50,17.179
65890,61316,63.50,20.778
65890,54887,52.00,17.015
65890,41999,63.50,20.778
65890,10354,52.00,17.015
65890,21661,52.50,17.179
65991,61316,63.50,20.778
65991,54887,52.00,17.015
65991,41999,63.50,20.778
65991,10354,52.00,17.015
65991,21661,52.50,17.179
66091,61316,63.50,20.778
66091,54887,52.00,17.015
66091,41999,63.50,20.778
66091,10354,54.50,17.833
66091,21661,52.50,17.179
66200,61316,63.50,20.778
66200,54887,52.00,17.015
66200,41999,63.50,20.778
66200,10354,54.50,17.833
66200,21661,52.50,17.179
66310,61316,63.50,20.778
66310,54887,52.00,17.015
66310,41999,63.50,20.778
66310,10354,52.00,17.015
66310,21661,52.50,17.179
66420,61316,63.50,20.778
66420,54887,52.00,17.015
66420,41999,63.50,20.778
66420,10354,52.00,17.015
66420,21661,52.50,17.179
66520,61316,63.50,20.778
66520,54887,63.50,20.778
66520,41999,63.50,20.778
66520,10354,52.00,17.015
66520,21661,52.50,17.179
66630,61316,63.50,20.778
66630,54887,63.50,20.778
66630,41999,63.50,20.778
66630,10354,52.00,17.015
66630,21661,52.50,17.179
66730,61316,63.50,20.778
66730,54887,63.50,20.778
66730,41999,63.50,20.778
66730,10354,52.00,17.015
66730,21661,52.50,17.179
66830,61316,63.50,20.778
66830,54887,63.50,20.778
66830,41999,63.50,20.778
66830,10354,52.00,17.015
66830,21661,52.50,17.179
66930,61316,63.50,20.778
66930,54887,63.50,20.778
66930,41999,63.50,20.778
66930,10354,52.00,17.015
66930,21661,52.50,17.179
67040,61316,63.50,20.778
67040,54887,63.50,20.778
67040,41999,63.50,20.778
67040,10354,52.00,17.015
67040,21661,52.50,17.179
67140,61316,63.50,20.778
67140,54887,63.50,20.778
67140,41999,63.50,20.778
67140,10354,52.00,17.015
67140,21661,52.50,17.179
67250,61316,63.50,20.778
67250,54887,63.50,20.778
67250,41999,63.50,20.778
67250,10354,52.00,17.015
67250,21661,52.50,17.179
67360,61316,63.50,20.778
67360,54887,63.50,20.778
67360,41999,63.50,20.778
67360,10354,52.00,17.015
67360,21661,52.50,17.179
67460,61316,63.50,20.778
67460,54887,63.50,20.778
67460,41999,63.50,20.778
67460,10354,52.00,17.015
67460,21661,52.50,17.179
67570,61316,63.50,20.778
67570,54887,63.50,20.778
67570,41999,63.50,20.778
67570,10354,52.00,17.015
67570,21661,52.50,17.179
67670,61316,63.50,20.778
67670,54887,63.50,20.778
67670,41999,63.50,20.778
67670,10354,52.00,17.015
67670,21661,52.50,17.179
67780,61316,63.50,20.778
67780,54887,63.50,20.778
67780,41999,63.50,20.778
67780,10354,52.00,17.015
67780,21661,52.50,17.179
67880,61316,63.50,20.778
67880,54887,63.50,20.778
67880,41999,63.50,20.778
67880,10354,52.00,17.015
67880,21661,52.50,17.179
67990,61316,63.50,20.778
67990,54887,63.50,20.778
67990,41999,63.50,20.778
67990,10354,52.00,17.015
67990,21661,52.50,17.179
68090,61316,63.50,20.778
68090,54887,63.50,20.778
68090,41999,63.50,20.778
68090,10354,52.00,17.015
68090,21661,52.50,17.179
68200,61316,63.50,20.778
68200,54887,63.50,20.778
68200,41999,63.50,20.778
68200,10354,52.00,17.015
68200,21661,52.50,17.179
68300,61316,63.50,20.778
68300,54887,63.50,20.778
68300,41999,63.50,20.778
68300,10354,52.00,17.015
68300,21661,52.50,17.179
68400,61316,63.50,20.778
68400,54887,63.50,20.778
68400,41999,63.50,20.778
68400,10354,52.00,17.015
68400,21661,52.50,17.179
68510,61316,63.50,20.778
68510,54887,63.50,20.778
68510,41999,63.50,20.778
68510,10354,52.00,17.015
68510,21661,52.50,17.179
68620,61316,63.50,20.778
68620,54887,63.50,20.778
68620,41999,63.50,20.778
68620,10354,52.00,17.015
68620,21661,52.50,17.179
68730,61316,63.50,20.778
68730,54887,63.50,20.778
68730,41999,63.50,20.778
68730,10354,52.00,17.015
68730,21661,52.50,17.179
68830,61316,63.50,20.778
68830,54887,63.50,20.778
68830,41999,63.50,20.778
68830,10354,52.00,17.015
68830,21661,52.50,17.179
68940,61316,63.50,20.778
68940,54887,63.50,20.778
68940,41999,63.50,20.778
68940,10354,52.00,17.015
68940,21661,52.50,17.179
69040,61316,63.50,20.778
69040,54887,63.50,20.778
69040,41999,63.50,20.778
69040,10354,52.00,17.015
69040,21661,52.50,17.179
69140,61316,63.50,20.778
69140,54887,63.50,20.778
69140,41999,63.50,20.778
69140,10354,52.00,17.015
69140,21661,52.50,17.179
69250,61316,63.50,20.778
69250,54887,63.50,20.778
69250,41999,63.50,20.778
69250,10354,52.00,17.015
69250,21661,52.50,17.179
69351,61316,63.50,20.778
69351,54887,63.50,20.778
69351,41999,63.50,20.778
69351,10354,52.00,17.015
69351,21661,52.50,17.179
69460,61316,63.50,20.778
69460,54887,63.50,20.778
69460,41999,63.50,20.778
69460,10354,52.00,17.015
69460,21661,52.50,17.179
69560,61316,63.50,20.778
69560,54887,63.50,20.778
69560,41999,63.50,20.778
69560,10354,52.00,17.015
69560,21661,52.50,17.179
69670,61316,63.50,20.778
69670,54887,63.50,20.778
69670,41999,63.50,20.778
69670,10354,52.00,17.015
69670,21661,52.50,17.179
69771,61316,63.50,20.778
69771,54887,63.50,20.778
69771,41999,63.50,20.778
69771,10354,52.00,17.015
69771,21661,52.50,17.179
69880,61316,63.50,20.778
69880,54887,63.50,20.778
69880,41999,63.50,20.778
69880,10354,54.50,17.833
69880,21661,52.50,17.179
69980,61316,63.50,20.778
69980,54887,63.50,20.778
69980,41999,63.50,20.778
69980,10354,54.50,17.833
69980,21661,52.50,17.179
70090,61316,63.50,20.778
70090,54887,63.50,20.778
70090,41999,63.50,20.778
70090,10354,52.00,17.015
70090,21661,52.50,17.179
70190,61316,63.50,20.778
70190,54887,63.50,20.778
70190,41999,63.50,20.778
70190,10354,52.00,17.015
70190,21661,52.50,17.179
70303,61316,63.50,20.778
70303,54887,63.50,20.778
70303,41999,63.50,20.778
70303,10354,52.00,17.015
70303,21661,52.50,17.179
70411,61316,63.50,20.778
70411,54887,63.50,20.778
70411,41999,63.50,20.778
70411,10354,52.00,17.015
70411,21661,52.50,17.179
70520,61316,63.50,20.778
70520,54887,63.50,20.778
70520,41999,63.50,20.778
70520,10354,52.00,17.015
70520,21661,52.50,17.179
70630,61316,63.50,20.778
70630,54887,63.50,20.778
70630,41999,63.50,20.778
70630,10354,52.00,17.015
70630,21661,52.50,17.179
70730,61316,63.50,20.778
70730,54887,63.50,20.778
70730,41999,63.50,20.778
70730,10354,52.00,17.015
70730,21661,52.50,17.179
70830,61316,63.50,20.778
70830,54887,63.50,20.778
70830,41999,63.50,20.778
70830,10354,52.00,17.015
70830,21661,52.50,17.179
70941,61316,63.50,20.778
70941,54887,63.50,20.778
70941,41999,63.50,20.778
70941,10354,52.00,17.015
70941,21661,52.50,17.179
71041,61316,63.50,20.778
71041,54887,63.50,20.778
71041,41999,63.50,20.778
71041,10354,52.00,17.015
71041,21661,52.50,17.179
71150,61316,63.50,20.778
71150,54887,63.50,20.778
71150,41999,63.50,20.778
71150,10354,52.00,17.015
71150,21661,52.50,17.179
71251,61316,63.50,20.778
71251,54887,63.50,20.778
71251,41999,63.50,20.778
71251,10354,52.00,17.015
71251,21661,52.50,17.179
71360,61316,63.50,20.778
71360,54887,63.50,20.778
71360,41999,63.50,20.778
71360,10354,52.00,17.015
71360,21661,52.50,17.179
71460,61316,63.50,20.778
71460,54887,63.50,20.778
71460,41999,63.50,20.778
71460,10354,52.00,17.015
71460,21661,52.50,17.179
71570,61316,63.50,20.778
71570,54887,63.50,20.778
71570,41999,63.50,20.778
71570,10354,52.00,17.015
71570,21661,52.50,17.179
71680,61316,63.50,20.778
71680,54887,63.50,20.778
71680,41999,63.50,20.778
71680,10354,52.00,17.015
71680,21661,52.50,17.179
71780,61316,63.50,20.778
71780,54887,63.50,20.778
71780,41999,63.50,20.778
71780,10354,52.00,17.015
71780,21661,52.50,17.179
71890,61316,63.50,20.778
71890,54887,63.50,20.778
71890,41999,63.50,20.778
71890,10354,52.00,17.015
71890,21661,52.50,17.179
72000,61316,63.50,20.778
72000,54887,63.50,20.778
72000,41999,63.50,20.778
72000,10354,52.00,17.015
72000,21661,52.50,17.179
72100,61316,63.50,20.778
72100,54887,63.50,20.778
72100,41999,63.50,20.778
72100,10354,52.00,17.015
72100,21661,52.50,17.179
72210,61316,63.50,20.778
72210,54887,63.50,20.778
72210,41999,63.50,20.778
72210,10354,52.00,17.015
72210,21661,52.50,17.179
72311,61316,63.50,20.778
72311,54887,63.50,20.778
72311,41999,63.50,20.778
72311,10354,52.00,17.015
72311,21661,52.50,17.179
72421,61316,63.50,20.778
72421,54887,63.50,20.778
72421,41999,63.50,20.778
72421,10354,52.00,17.015
72421,21661,52.50,17.179
72530,61316,63.50,20.778
72530,54887,63.50,20.778
72530,41999,63.50,20.778
72530,10354,52.00,17.015
72530,21661,52.50,17.179
72630,61316,63.50,20.778
72630,54887,63.50,20.778
72630,41999,63.50,20.778
72630,10354,52.00,17.015
72630,21661,52.50,17.179
72730,61316,63.50,20.778
72730,54887,63.50,20.778
72730,41999,63.50,20.778
72730,10354,52.00,17.015
72730,21661,52.50,17.179
72830,61316,63.50,20.778
72830,54887,63.50,20.778
72830,41999,63.50,20.778
72830,10354,52.00,17.015
72830,21661,52.50,17.179
72931,61316,63.50,20.778
72931,54887,63.50,20.778
72931,41999,63.50,20.778
72931,10354,52.00,17.015
72931,21661,52.50,17.179
73040,61316,63.50,20.778
73040,54887,63.50,20.778
73040,41999,63.50,20.778
73040,10354,52.00,17.015
73040,21661,52.50,17.179
73140,61316,63.50,20.778
73140,54887,63.50,20.778
73140,41999,63.50,20.778
73140,10354,52.00,17.015
73140,21661,52.50,17.179
73250,61316,63.50,20.778
73250,54887,63.50,20.778
73250,41999,63.50,20.778
73250,10354,52.00,17.015
73250,21661,52.50,17.179
73360,61316,63.50,20.778
73360,54887,63.50,20.778
73360,41999,63.50,20.778
73360,10354,52.00,17.015
73360,21661,52.50,17.179
73460,61316,63.50,20.778
73460,54887,63.50,20.778
73460,41999,63.50,20.778
73460,10354,52.00,17.015
73460,21661,52.50,17.179
73570,61316,63.50,20.778
73570,54887,63.50,20.778
73570,41999,63.50,20.778
73570,10354,52.00,17.015
73570,21661,52.50,17.179
73670,61316,63.50,20.778
73670,54887,63.50,20.778
73670,41999,63.50,20.778
73670,10354,52.00,17.015
73670,21661,52.50,17.179
73770,61316,63.50,20.778
73770,54887,63.50,20.778
73770,41999,63.50,20.778
73770,10354,54.50,17.833
73770,21661,52.50,17.179
73881,61316,63.50,20.778
73881,54887,63.50,20.778
73881,41999,63.50,20.778
73881,10354,54.50,17.833
73881,21661,52.50,17.179
73990,61316,63.50,20.778
73990,54887,63.50,20.778
73990,41999,63.50,20.778
73990,10354,52.00,17.015
73990,21661,52.50,17.179
74101,61316,63.50,20.778
74101,54887,63.50,20.778
74101,41999,63.50,20.778
74101,10354,52.00,17.015
74101,21661,52.50,17.179
74210,61316,63.50,20.778
74210,54887,63.50,20.778
74210,41999,63.50,20.778
74210,10354,52.00,17.015
74210,21661,52.50,17.179
74320,61316,63.50,20.778
74320,54887,63.50,20.778
74320,41999,63.50,20.778
74320,10354,52.00,17.015
74320,21661,52.50,17.179
74420,61316,63.50,20.778
74420,54887,63.50,20.778
74420,41999,63.50,20.778
74420,10354,52.00,17.015
74420,21661,52.50,17.179
74520,61316,63.50,20.778
74520,54887,63.50,20.778
74520,41999,63.50,20.778
74520,10354,52.00,17.015
74520,21661,52.50,17.179
74620,61316,63.50,20.778
74620,54887,63.50,20.778
74620,41999,63.50,20.778
74620,10354,52.00,17.015
74620,21661,52.50,17.179
74720,61316,63.50,20.778
74720,54887,63.50,20.778
74720,41999,63.50,20.778
74720,10354,52.00,17.015
74720,21661,52.50,17.179
74830,61316,63.50,20.778
74830,54887,63.50,20.778
74830,41999,63.50,20.778
74830,10354,52.00,17.015
74830,21661,52.50,17.179
74940,61316,63.50,20.778
74940,54887,63.50,20.778
74940,41999,63.50,20.778
74940,10354,52.00,17.015
74940,21661,52.50,17.179
75050,61316,63.50,20.778
75050,54887,63.50,20.778
75050,41999,63.50,20.778
75050,10354,52.00,17.015
75050,21661,52.50,17.179
75150,61316,63.50,20.778
75150,54887,63.50,20.778
75150,41999,63.50,20.778
75150,10354,52.00,17.015
75150,21661,52.50,17.179
75250,61316,63.50,20.778
75250,54887,63.50,20.778
75250,41999,63.50,20.778
75250,10354,52.00,17.015
75250,21661,52.50,17.179
75350,61316,63.50,20.778
75350,54887,63.50,20.778
75350,41999,63.50,20.778
75350,10354,52.00,17.015
75350,21661,52.50,17.179
75460,61316,63.50,20.778
75460,54887,63.50,20.778
75460,41999,63.50,20.778
75460,10354,52.00,17.015
75460,21661,52.50,17.179
75570,61316,63.50,20.778
75570,54887,63.50,20.778
75570,41999,63.50,20.778
75570,10354,52.00,17.015
75570,21661,52.50,17.179
75670,61316,63.50,20.778
75670,54887,63.50,20.778
75670,41999,63.50,20.778
75670,10354,52.00,17.015
75670,21661,52.50,17.179
75780,61316,63.50,20.778
75780,54887,63.50,20.778
75780,41999,63.50,20.778
75780,10354,52.00,17.015
75780,21661,52.50,17.179
75880,61316,63.50,20.778
75880,54887,63.50,20.778
75880,41999,63.50,20.778
75880,10354,52.00,17.015
75880,21661,52.50,17.179
75990,61316,63.50,20.778
75990,54887,63.50,20.778
75990,41999,63.50,20.778
75990,10354,52.00,17.015
75990,21661,52.50,17.179
76090,61316,63.50,20.778
76090,54887,63.50,20.778
76090,41999,63.50,20.778
76090,10354,52.00,17.015
76090,21661,52.50,17.179
76200,61316,63.50,20.778
76200,54887,63.50,20.778
76200,41999,63.50,20.778
76200,10354,52.00,17.015
76200,21661,52.50,17.179
76300,61316,63.50,20.778
76300,54887,63.50,20.778
76300,41999,63.50,20.778
76300,10354,52.00,17.015
76300,21661,52.50,17.179
76400,61316,63.50,20.778
76400,54887,63.50,20.778
76400,41999,63.50,20.778
76400,10354,52.00,17.015
76400,21661,52.50,17.179
76510,61316,63.50,20.778
76510,54887,63.50,20.778
76510,41999,63.50,20.778
76510,10354,52.00,17.015
76510,21661,52.50,17.179
76620,61316,63.50,20.778
76620,54887,63.50,20.778
76620,41999,63.50,20.778
76620,10354,52.00,17.015
76620,21661,52.50,17.179
76720,61316,63.50,20.778
76720,54887,63.50,20.778
76720,41999,63.50,20.778
76720,10354,52.00,17.015
76720,21661,52.50,17.179
76830,61316,63.50,20.778
76830,54887,63.50,20.778
76830,41999,63.50,20.778
76830,10354,52.00,17.015
76830,21661,52.50,17.179
76930,61316,63.50,20.778
76930,54887,63.50,20.778
76930,41999,63.50,20.778
76930,10354,52.00,17.015
76930,21661,52.50,17.179
77040,61316,63.50,20.778
77040,54887,63.50,20.778
77040,41999,63.50,20.778
77040,10354,52.00,17.015
77040,21661,52.50,17.179
77140,61316,63.50,20.778
77140,54887,63.50,20.778
77140,41999,63.50,20.778
77140,10354,52.00,17.015
77140,21661,52.50,17.179
77241,61316,63.50,20.778
77241,54887,63.50,20.778
77241,41999,63.50,20.778
77241,10354,52.00,17.015
77241,21661,52.50,17.179
77350,61316,63.50,20.778
77350,54887,63.50,20.778
77350,41999,63.50,20.778
77350,10354,52.00,17.015
77350,21661,52.50,17.179
77451,61316,63.50,20.778
77451,54887,63.50,20.778
77451,41999,63.50,20.778
77451,10354,52.00,17.015
77451,21661,52.50,17.179
77560,61316,63.50,20.778
77560,54887,63.50,20.778
77560,41999,63.50,20.778
77560,10354,52.00,17.015
77560,21661,52.50,17.179
77660,61316,63.50,20.778
77660,54887,63.50,20.778
77660,41999,63.50,20.778
77660,10354,52.00,17.015
77660,21661,52.50,17.179
77770,61316,63.50,20.778
77770,54887,63.50,20.778
77770,41999,63.50,20.778
77770,10354,54.50,17.833
77770,21661,52.50,17.179
77870,61316,63.50,20.778
77870,54887,63.50,20.778
77870,41999,63.50,20.778
77870,10354,54.50,17.833
77870,21661,52.50,17.179
77980,61316,63.50,20.778
77980,54887,63.50,20.778
77980,41999,63.50,20.778
77980,10354,52.00,17.015
77980,21661,52.50,17.179
78090,61316,63.50,20.778
78090,54887,63.50,20.778
78090,41999,63.50,20.778
78090,10354,52.00,17.015
78090,21661,52.50,17.179
78190,61316,63.50,20.778
78190,54887,63.50,20.778
78190,41999,63.50,20.778
78190,10354,52.00,17.015
78190,21661,52.50,17.179
78300,61316,63.50,20.778
78300,54887,63.50,20.778
78300,41999,63.50,20.778
78300,10354,52.00,17.015
78300,21661,52.50,17.179
78411,61316,63.50,20.778
78411,54887,63.50,20.778
78411,41999,63.50,20.778
78411,10354,52.00,17.015
78411,21661,52.50,17.179
78520,61316,63.50,20.778
78520,54887,63.50,20.778
78520,41999,63.50,20.778
78520,10354,52.00,17.015
78520,21661,52.50,17.179
78631,61316,63.50,20.778
78631,54887,63.50,20.778
78631,41999,63.50,20.778
78631,10354,52.00,17.015
78631,21661,52.50,17.179
78740,61316,63.50,20.778
78740,54887,63.50,20.778
78740,41999,63.50,20.778
78740,10354,52.00,17.015
78740,21661,52.50,17.179
78840,61316,63.50,20.778
78840,54887,63.50,20.778
78840,41999,63.50,20.778
78840,10354,52.00,17.015
78840,21661,52.50,17.179
78940,61316,63.50,20.778
78940,54887,63.50,20.778
78940,41999,63.50,20.778
78940,10354,52.00,17.015
78940,21661,52.50,17.179
79050,61316,63.50,20.778
79050,54887,63.50,20.778
79050,41999,63.50,20.778
79050,10354,52.00,17.015
79050,21661,52.50,17.179
79160,61316,63.50,20.778
79160,54887,63.50,20.778
79160,41999,63.50,20.778
79160,10354,52.00,17.015
79160,21661,52.50,17.179
79260,61316,63.50,20.778
79260,54887,63.50,20.778
79260,41999,63.50,20.778
79260,10354,52.00,17.015
79260,21661,52.50,17.179
79370,61316,63.50,20.778
79370,54887,63.50,20.778
79370,41999,63.50,20.778
79370,10354,52.00,17.015
79370,21661,52.50,17.179
79481,61316,63.50,20.778
79481,54887,63.50,20.778
79481,41999,63.50,20.778
79481,10354,52.00,17.015
79481,21661,52.50,17.179
79590,61316,63.50,20.778
79590,54887,63.50,20.778
79590,41999,63.50,20.778
79590,10354,52.00,17.015
79590,21661,52.50,17.179
79690,61316,63.50,20.778
79690,54887,63.50,20.778
79690,41999,63.50,20.778
79690,10354,52.00,17.015
79690,21661,52.50,17.179
79790,61316,63.50,20.778
79790,54887,63.50,20.778
79790,41999,63.50,20.778
79790,10354,52.00,17.015
79790,21661,52.50,17.179
79891,61316,63.50,20.778
79891,54887,63.50,20.778
79891,41999,63.50,20.778
79891,10354,52.00,17.015
79891,21661,52.50,17.179
80000,61316,63.50,20.778
80000,54887,63.50,20.778
80000,41999,63.50,20.778
80000,10354,52.00,17.015
80000,21661,52.50,17.179
80100,61316,63.50,20.778
80100,54887,63.50,20.778
80100,41999,63.50,20.778
80100,10354,52.00,17.015
80100,21661,52.50,17.179
80210,61316,63.50,20.778
80210,54887,63.50,20.778
80210,41999,63.50,20.778
80210,10354,52.00,17.015
80210,21661,52.50,17.179
80310,61316,63.50,20.778
80310,54887,63.50,20.778
80310,41999,63.50,20.778
80310,10354,52.00,17.015
80310,21661,52.50,17.179
80420,61316,63.50,20.778
80420,54887,63.50,20.778
80420,41999,63.50,20.778
80420,10354,52.00,17.015
80420,21661,52.50,17.179
80520,61316,63.50,20.778
80520,54887,63.50,20.778
80520,41999,63.50,20.778
80520,10354,52.00,17.015
80520,21661,52.50,17.179
80620,61316,63.50,20.778
80620,54887,63.50,20.778
80620,41999,63.50,20.778
80620,10354,52.00,17.015
80620,21661,52.50,17.179
80730,61316,63.50,20.778
80730,54887,63.50,20.778
80730,41999,63.50,20.778
80730,10354,52.00,17.015
80730,21661,52.50,17.179
80840,61316,63.50,20.778
80840,54887,63.50,20.778
80840,41999,63.50,20.778
80840,10354,52.00,17.015
80840,21661,52.50,17.179
80940,61316,63.50,20.778
80940,54887,63.50,20.778
80940,41999,63.50,20.778
80940,10354,52.00,17.015
80940,21661,52.50,17.179
81050,61316,63.50,20.778
81050,54887,63.50,20.778
81050,41999,63.50,20.778
81050,10354,52.00,17.015
81050,21661,52.50,17.179
81161,61316,63.50,20.778
81161,54887,63.50,20.778
81161,41999,63.50,20.778
81161,10354,52.00,17.015
81161,21661,52.50,17.179
81270,61316,63.50,20.778
81270,54887,63.50,20.778
81270,41999,63.50,20.778
81270,10354,52.00,17.015
81270,21661,52.50,17.179
81381,61316,63.50,20.778
81381,54887,63.50,20.778
81381,41999,63.50,20.778
81381,10354,52.00,17.015
81381,21661,52.50,17.179
81492,61316,63.50,20.778
81492,54887,63.50,20.778
81492,41999,63.50,20.778
81492,10354,52.00,17.015
81492,21661,52.50,17.179
81601,61316,63.50,20.778
81601,54887,63.50,20.778
81601,41999,63.50,20.778
81601,10354,52.00,17.015
81601,21661,52.50,17.179
81710,61316,63.50,20.778
81710,54887,63.50,20.778
81710,41999,63.50,20.778
81710,10354,52.00,17.015
81710,21661,52.50,17.179
81821,61316,63.50,20.778
81821,54887,63.50,20.778
81821,41999,63.50,20.778
81821,10354,54.50,17.833
81821,21661,52.50,17.179
81930,61316,63.50,20.778
81930,54887,63.50,20.778
81930,41999,63.50,20.778
81930,10354,54.50,17.833
81930,21661,52.50,17.179
82030,61316,63.50,20.778
82030,54887,63.50,20.778
82030,41999,63.50,20.778
82030,10354,54.50,17.833
82030,21661,52.50,17.179
82130,61316,63.50,20.778
82130,54887,63.50,20.778
82130,41999,63.50,20.778
82130,10354,52.00,17.015
82130,21661,52.50,17.179
82241,61316,63.50,20.778
82241,54887,63.50,20.778
82241,41999,63.50,20.778
82241,10354,52.00,17.015
82241,21661,52.50,17.179
82350,61316,63.50,20.778
82350,54887,63.50,20.778
82350,41999,63.50,20.778
82350,10354,52.00,17.015
82350,21661,52.50,17.179
82450,61316,63.50,20.778
82450,54887,63.50,20.778
82450,41999,63.50,20.778
82450,10354,52.00,17.015
82450,21661,52.50,17.179
82550,61316,63.50,20.778
82550,54887,63.50,20.778
82550,41999,63.50,20.778
82550,10354,52.00,17.015
82550,21661,52.50,17.179
82651,61316,63.50,20.778
82651,54887,63.50,20.778
82651,41999,63.50,20.778
82651,10354,52.00,17.015
82651,21661,52.50,17.179
82760,61316,63.50,20.778
82760,54887,63.50,20.778
82760,41999,63.50,20.778
82760,10354,52.00,17.015
82760,21661,52.50,17.179
82870,61316,63.50,20.778
82870,54887,63.50,20.778
82870,41999,63.50,20.778
82870,10354,52.00,17.015
82870,21661,52.50,17.179
82970,61316,63.50,20.778
82970,54887,63.50,20.778
82970,41999,63.50,20.778
82970,10354,52.00,17.015
82970,21661,52.50,17.179
83080,61316,63.50,20.778
83080,54887,63.50,20.778
83080,41999,63.50,20.778
83080,10354,52.00,17.015
83080,21661,52.50,17.179
83180,61316,63.50,20.778
83180,54887,63.50,20.778
83180,41999,63.50,20.778
83180,10354,52.00,17.015
83180,21661,52.50,17.179
83290,61316,63.50,20.778
83290,54887,63.50,20.778
83290,41999,63.50,20.778
83290,10354,52.00,17.015
83290,21661,52.50,17.179
83401,61316,63.50,20.778
83401,54887,63.50,20.778
83401,41999,63.50,20.778
83401,10354,52.00,17.015
83401,21661,52.50,17.179
83510,61316,63.50,20.778
83510,54887,63.50,20.778
83510,41999,63.50,20.778
83510,10354,52.00,17.015
83510,21661,52.50,17.179
83620,61316,63.50,20.778
83620,54887,63.50,20.778
83620,41999,63.50,20.778
83620,10354,52.00,17.015
83620,21661,52.50,17.179
83730,61316,63.50,20.778
83730,54887,63.50,20.778
83730,41999,63.50,20.778
83730,10354,52.00,17.015
83730,21661,52.50,17.179
83841,61316,63.50,20.778
83841,54887,63.50,20.778
83841,41999,63.50,20.778
83841,10354,52.00,17.015
83841,21661,52.50,17.179
83950,61316,63.50,20.778
83950,54887,63.50,20.778
83950,41999,63.50,20.778
83950,10354,52.00,17.015
83950,21661,52.50,17.179
84060,61316,63.50,20.778
84060,54887,63.50,20.778
84060,41999,63.50,20.778
84060,10354,52.00,17.015
84060,21661,52.50,17.179
84160,61316,63.50,20.778
84160,54887,63.50,20.778
84160,41999,63.50,20.778
84160,10354,52.00,17.015
84160,21661,52.50,17.179
84260,61316,63.50,20.778
84260,54887,63.50,20.778
84260,41999,63.50,20.778
84260,10354,52.00,17.015
84260,21661,52.50,17.179
84370,61316,63.50,20.778
84370,54887,63.50,20.778
84370,41999,63.50,20.778
84370,10354,52.00,17.015
84370,21661,52.50,17.179
84480,61316,63.50,20.778
84480,54887,63.50,20.778
84480,41999,63.50,20.778
84480,10354,52.00,17.015
84480,21661,52.50,17.179
84580,61316,63.50,20.778
84580,54887,63.50,20.778
84580,41999,63.50,20.778
84580,10354,52.00,17.015
84580,21661,52.50,17.179
84681,61316,63.50,20.778
84681,54887,63.50,20.778
84681,41999,63.50,20.778
84681,10354,52.00,17.015
84681,21661,52.50,17.179
84790,61316,63.50,20.778
84790,54887,63.50,20.778
84790,41999,63.50,20.778
84790,10354,52.00,17.015
84790,21661,52.50,17.179
84900,61316,63.50,20.778
84900,54887,63.50,20.778
84900,41999,63.50,20.778
84900,10354,52.00,17.015
84900,21661,52.50,17.179
85010,61316,63.50,20.778
85010,54887,63.50,20.778
85010,41999,63.50,20.778
85010,10354,52.00,17.015
85010,21661,52.50,17.179
85111,61316,63.50,20.778
85111,54887,63.50,20.778
85111,41999,63.50,20.778
85111,10354,52.00,17.015
85111,21661,52.50,17.179
85220,61316,63.50,20.778
85220,54887,63.50,20.778
85220,41999,63.50,20.778
85220,10354,52.00,17.015
85220,21661,52.50,17.179
85321,61316,63.50,20.778
85321,54887,63.50,20.778
85321,41999,63.50,20.778
85321,10354,52.00,17.015
85321,21661,52.50,17.179
85421,61316,63.50,20.778
85421,54887,63.50,20.778
85421,41999,63.50,20.778
85421,10354,52.00,17.015
85421,21661,52.50,17.179
85531,61316,63.50,20.778
85531,54887,63.50,20.778
85531,41999,63.50,20.778
85531,10354,52.00,17.015
85531,21661,52.50,17.179
85640,61316,63.50,20.778
85640,54887,63.50,20.778
85640,41999,63.50,20.778
85640,10354,54.50,17.833
85640,21661,52.50,17.179
85751,61316,63.50,20.778
85751,54887,63.50,20.778
85751,41999,63.50,20.778
85751,10354,54.50,17.833
85751,21661,52.50,17.179
85851,61316,63.50,20.778
85851,54887,63.50,20.778
85851,41999,63.50,20.778
85851,10354,52.00,17.015
85851,21661,52.50,17.179
85961,61316,63.50,20.778
85961,54887,63.50,20.778
85961,41999,63.50,20.778
85961,10354,52.00,17.015
85961,21661,52.50,17.179
86071,61316,63.50,20.778
86071,54887,63.50,20.778
86071,41999,63.50,20.778
86071,10354,52.00,17.015
86071,21661,52.50,17.179
86180,61316,63.50,20.778
86180,54887,63.50,20.778
86180,41999,63.50,20.778
86180,10354,52.00,17.015
86180,21661,52.50,17.179
86281,61316,63.50,20.778
86281,54887,63.50,20.778
86281,41999,63.50,20.778
86281,10354,52.00,17.015
86281,21661,52.50,17.179
86390,61316,63.50,20.778
86390,54887,63.50,20.778
86390,41999,63.50,20.778
86390,10354,52.00,17.015
86390,21661,52.50,17.179
86491,61316,63.50,20.778
86491,54887,63.50,20.778
86491,41999,63.50,20.778
86491,10354,52.00,17.015
86491,21661,52.50,17.179
86600,61316,63.50,20.778
86600,54887,63.50,20.778
86600,41999,63.50,20.778
86600,10354,52.00,17.015
86600,21661,52.50,17.179
86710,61316,63.50,20.778
86710,54887,63.50,20.778
86710,41999,63.50,20.778
86710,10354,52.00,17.015
86710,21661,52.50,17.179
86820,61316,63.50,20.778
86820,54887,63.50,20.778
86820,41999,63.50,20.778
86820,10354,52.00,17.015
86820,21661,52.50,17.179
86920,61316,63.50,20.778
86920,54887,63.50,20.778
86920,41999,63.50,20.778
86920,10354,52.00,17.015
86920,21661,52.50,17.179
87030,61316,63.50,20.778
87030,54887,63.50,20.778
87030,41999,63.50,20.778
87030,10354,52.00,17.015
87030,21661,52.50,17.179
87140,61316,63.50,20.778
87140,54887,63.50,20.778
87140,41999,63.50,20.778
87140,10354,52.00,17.015
87140,21661,52.50,17.179
87250,61316,63.50,20.778
87250,54887,63.50,20.778
87250,41999,63.50,20.778
87250,10354,52.00,17.015
87250,21661,52.50,17.179
87361,61316,63.50,20.778
87361,54887,63.50,20.778
87361,41999,63.50,20.778
87361,10354,52.00,17.015
87361,21661,52.50,17.179
87461,61316,63.50,20.778
87461,54887,63.50,20.778
87461,41999,63.50,20.778
87461,10354,52.00,17.015
87461,21661,52.50,17.179
87570,61316,63.50,20.778
87570,54887,63.50,20.778
87570,41999,63.50,20.778
87570,10354,52.00,17.015
87570,21661,52.50,17.179
87670,61316,63.50,20.778
87670,54887,63.50,20.778
87670,41999,63.50,20.778
87670,10354,52.00,17.015
87670,21661,52.50,17.179
87780,61316,63.50,20.778
87780,54887,63.50,20.778
87780,41999,63.50,20.778
87780,10354,52.00,17.015
87780,21661,52.50,17.179
87880,61316,63.50,20.778
87880,54887,63.50,20.778
87880,41999,63.50,20.778
87880,10354,52.00,17.015
87880,21661,52.50,17.179
87991,61316,63.50,20.778
87991,54887,63.50,20.778
87991,41999,63.50,20.778
87991,10354,52.00,17.015
87991,21661,52.50,17.179
88100,61316,63.50,20.778
88100,54887,63.50,20.778
88100,41999,63.50,20.778
88100,10354,52.00,17.015
88100,21661,52.50,17.179
88200,61316,63.50,20.778
88200,54887,63.50,20.778
88200,41999,63.50,20.778
88200,10354,52.00,17.015
88200,21661,52.50,17.179
88300,61316,63.50,20.778
88300,54887,63.50,20.778
88300,41999,63.50,20.778
88300,10354,52.00,17.015
88300,21661,52.50,17.179
88401,61316,63.50,20.778
88401,54887,63.50,20.778
88401,41999,63.50,20.778
88401,10354,52.00,17.015
88401,21661,52.50,17.179
88510,61316,63.50,20.778
88510,54887,63.50,20.778
88510,41999,63.50,20.778
88510,10354,52.00,17.015
88510,21661,52.50,17.179
88610,61316,63.50,20.778
88610,54887,63.50,20.778
88610,41999,63.50,20.778
88610,10354,52.00,17.015
88610,21661,52.50,17.179
88710,61316,63.50,20.778
88710,54887,63.50,20.778
88710,41999,63.50,20.778
88710,10354,52.00,17.015
88710,21661,52.50,17.179
88810,61316,63.50,20.778
88810,54887,63.50,20.778
88810,41999,63.50,20.778
88810,10354,52.00,17.015
88810,21661,52.50,17.179
88920,61316,63.50,20.778
88920,54887,63.50,20.778
88920,41999,63.50,20.778
88920,10354,52.00,17.015
88920,21661,52.50,17.179
89021,61316,63.50,20.778
89021,54887,63.50,20.778
89021,41999,63.50,20.778
89021,10354,52.00,17.015
89021,21661,52.50,17.179
89130,61316,63.50,20.778
89130,54887,63.50,20.778
89130,41999,63.50,20.778
89130,10354,52.00,17.015
89130,21661,52.50,17.179
89240,61316,63.50,20.778
89240,54887,63.50,20.778
89240,41999,63.50,20.778
89240,10354,52.00,17.015
89240,21661,52.50,17.179
89340,61316,63.50,20.778
89340,54887,63.50,20.778
89340,41999,63.50,20.778
89340,10354,54.50,17.833
89340,21661,52.50,17.179
89450,61316,63.50,20.778
89450,54887,63.50,20.778
89450,41999,63.50,20.778
89450,10354,54.50,17.833
89450,21661,52.50,17.179
89550,61316,63.50,20.778
89550,54887,63.50,20.778
89550,41999,63.50,20.778
89550,10354,54.50,17.833
89550,21661,52.50,17.179
89650,61316,63.50,20.778
89650,54887,63.50,20.778
89650,41999,63.50,20.778
89650,10354,52.00,17.015
89650,21661,52.50,17.179
89751,61316,63.50,20.778
89751,54887,63.50,20.778
89751,41999,63.50,20.778
89751,10354,52.00,17.015
89751,21661,52.50,17.179
89860,61316,63.50,20.778
89860,54887,53.00,17.342
89860,41999,57.50,18.815
89860,10354,52.00,17.015
89860,21661,52.50,17.179
89961,61316,63.50,20.778
89961,54887,53.00,17.342
89961,41999,57.50,18.815
89961,10354,52.00,17.015
89961,21661,52.50,17.179
