Time_ms,UE_ID,UL_SNR_dB,UL_SE_bit_per_s_Hz
0,61316,63.50,20.778
0,54887,63.50,20.778
0,41999,63.50,20.778
0,10354,54.50,17.833
0,21661,52.00,17.015
110,61316,63.50,20.778
110,54887,63.50,20.778
110,41999,63.50,20.778
110,10354,54.50,17.833
110,21661,52.00,17.015
210,61316,63.50,20.778
210,54887,63.50,20.778
210,41999,63.50,20.778
210,10354,54.50,17.833
210,21661,52.00,17.015
310,61316,63.50,20.778
310,54887,63.50,20.778
310,41999,63.50,20.778
310,10354,52.00,17.015
310,21661,52.50,17.179
419,61316,63.50,20.778
419,54887,63.50,20.778
419,41999,63.50,20.778
419,10354,52.00,17.015
419,21661,52.50,17.179
520,61316,63.50,20.778
520,54887,63.50,20.778
520,41999,63.50,20.778
520,10354,52.00,17.015
520,21661,52.50,17.179
630,61316,63.50,20.778
630,54887,63.50,20.778
630,41999,63.50,20.778
630,10354,52.00,17.015
630,21661,52.50,17.179
740,61316,63.50,20.778
740,54887,63.50,20.778
740,41999,63.50,20.778
740,10354,52.00,17.015
740,21661,52.50,17.179
850,61316,63.50,20.778
850,54887,63.50,20.778
850,41999,63.50,20.778
850,10354,52.00,17.015
850,21661,52.50,17.179
960,61316,63.50,20.778
960,54887,63.50,20.778
960,41999,63.50,20.778
960,10354,52.00,17.015
960,21661,52.50,17.179
1060,61316,63.50,20.778
1060,54887,63.50,20.778
1060,41999,63.50,20.778
1060,10354,52.00,17.015
1060,21661,52.50,17.179
1170,61316,63.50,20.778
1170,54887,63.50,20.778
1170,41999,63.50,20.778
1170,10354,52.00,17.015
1170,21661,52.50,17.179
1280,61316,63.50,20.778
1280,54887,63.50,20.778
1280,41999,63.50,20.778
1280,10354,52.00,17.015
1280,21661,52.50,17.179
1390,61316,63.50,20.778
1390,54887,63.50,20.778
1390,41999,63.50,20.778
1390,10354,52.00,17.015
1390,21661,52.50,17.179
1500,61316,63.50,20.778
1500,54887,63.50,20.778
1500,41999,63.50,20.778
1500,10354,52.00,17.015
1500,21661,52.50,17.179
1600,61316,63.50,20.778
1600,54887,63.50,20.778
1600,41999,63.50,20.778
1600,10354,52.00,17.015
1600,21661,52.50,17.179
1710,61316,63.50,20.778
1710,54887,63.50,20.778
1710,41999,63.50,20.778
1710,10354,52.00,17.015
1710,21661,52.50,17.179
1810,61316,63.50,20.778
1810,54887,63.50,20.778
1810,41999,63.50,20.778
1810,10354,52.00,17.015
1810,21661,52.50,17.179
1920,61316,63.50,20.778
1920,54887,63.50,20.778
1920,41999,63.50,20.778
1920,10354,52.00,17.015
1920,21661,52.50,17.179
2030,61316,63.50,20.778
2030,54887,63.50,20.778
2030,41999,63.50,20.778
2030,10354,52.00,17.015
2030,21661,52.50,17.179
2130,61316,63.50,20.778
2130,54887,63.50,20.778
2130,41999,63.50,20.778
2130,10354,52.00,17.015
2130,21661,52.50,17.179
2230,61316,63.50,20.778
2230,54887,63.50,20.778
2230,41999,63.50,20.778
2230,10354,52.00,17.015
2230,21661,52.50,17.179
2340,61316,63.50,20.778
2340,54887,63.50,20.778
2340,41999,63.50,20.778
2340,10354,52.00,17.015
2340,21661,52.50,17.179
2450,61316,63.50,20.778
2450,54887,63.50,20.778
2450,41999,63.50,20.778
2450,10354,52.00,17.015
2450,21661,52.50,17.179
2560,61316,63.50,20.778
2560,54887,63.50,20.778
2560,41999,63.50,20.778
2560,10354,52.00,17.015
2560,21661,52.50,17.179
2670,61316,63.50,20.778
2670,54887,63.50,20.778
2670,41999,63.50,20.778
2670,10354,52.00,17.015
2670,21661,52.50,17.179
2780,61316,63.50,20.778
2780,54887,63.50,20.778
2780,41999,63.50,20.778
2780,10354,52.00,17.015
2780,21661,52.50,17.179
2890,61316,63.50,20.778
2890,54887,63.50,20.778
2890,41999,63.50,20.778
2890,10354,52.00,17.015
2890,21661,52.50,17.179
3000,61316,63.50,20.778
3000,54887,63.50,20.778
3000,41999,63.50,20.778
3000,10354,52.00,17.015
3000,21661,52.50,17.179
3110,61316,63.50,20.778
3110,54887,63.50,20.778
3110,41999,63.50,20.778
3110,10354,52.00,17.015
3110,21661,52.50,17.179
3210,61316,63.50,20.778
3210,54887,63.50,20.778
3210,41999,63.50,20.778
3210,10354,52.00,17.015
3210,21661,52.50,17.179
3320,61316,63.50,20.778
3320,54887,63.50,20.778
3320,41999,63.50,20.778
3320,10354,52.00,17.015
3320,21661,52.50,17.179
3430,61316,63.50,20.778
3430,54887,63.50,20.778
3430,41999,63.50,20.778
3430,10354,52.00,17.015
3430,21661,52.50,17.179
3540,61316,63.50,20.778
3540,54887,63.50,20.778
3540,41999,63.50,20.778
3540,10354,52.00,17.015
3540,21661,52.50,17.179
3650,61316,63.50,20.778
3650,54887,63.50,20.778
3650,41999,63.50,20.778
3650,10354,52.00,17.015
3650,21661,52.50,17.179
3760,61316,63.50,20.778
3760,54887,63.50,20.778
3760,41999,63.50,20.778
3760,10354,52.00,17.015
3760,21661,52.50,17.179
3870,61316,63.50,20.778
3870,54887,63.50,20.778
3870,41999,63.50,20.778
3870,10354,52.00,17.015
3870,21661,52.50,17.179
3980,61316,63.50,20.778
3980,54887,63.50,20.778
3980,41999,63.50,20.778
3980,10354,52.00,17.015
3980,21661,52.50,17.179
4090,61316,63.50,20.778
4090,54887,63.50,20.778
4090,41999,63.50,20.778
4090,10354,52.00,17.015
4090,21661,52.50,17.179
4200,61316,63.50,20.778
4200,54887,63.50,20.778
4200,41999,63.50,20.778
4200,10354,52.00,17.015
4200,21661,52.50,17.179
4301,61316,63.50,20.778
4301,54887,63.50,20.778
4301,41999,63.50,20.778
4301,10354,54.50,17.833
4301,21661,52.50,17.179
4410,61316,63.50,20.778
4410,54887,63.50,20.778
4410,41999,63.50,20.778
4410,10354,54.50,17.833
4410,21661,52.50,17.179
4510,61316,63.50,20.778
4510,54887,63.50,20.778
4510,41999,63.50,20.778
4510,10354,52.00,17.015
4510,21661,52.50,17.179
4620,61316,63.50,20.778
4620,54887,63.50,20.778
4620,41999,63.50,20.778
4620,10354,52.00,17.015
4620,21661,52.50,17.179
4720,61316,63.50,20.778
4720,54887,63.50,20.778
4720,41999,63.50,20.778
4720,10354,52.00,17.015
4720,21661,52.50,17.179
4830,61316,63.50,20.778
4830,54887,63.50,20.778
4830,41999,63.50,20.778
4830,10354,52.00,17.015
4830,21661,52.50,17.179
4930,61316,63.50,20.778
4930,54887,63.50,20.778
4930,41999,63.50,20.778
4930,10354,52.00,17.015
4930,21661,52.50,17.179
5040,61316,63.50,20.778
5040,54887,63.50,20.778
5040,41999,63.50,20.778
5040,10354,52.00,17.015
5040,21661,52.50,17.179
5140,61316,63.50,20.778
5140,54887,63.50,20.778
5140,41999,63.50,20.778
5140,10354,52.00,17.015
5140,21661,52.50,17.179
5250,61316,63.50,20.778
5250,54887,63.50,20.778
5250,41999,63.50,20.778
5250,10354,52.00,17.015
5250,21661,52.50,17.179
5350,61316,63.50,20.778
5350,54887,63.50,20.778
5350,41999,63.50,20.778
5350,10354,52.00,17.015
5350,21661,52.50,17.179
5460,61316,63.50,20.778
5460,54887,63.50,20.778
5460,41999,63.50,20.778
5460,10354,52.00,17.015
5460,21661,52.50,17.179
5560,61316,63.50,20.778
5560,54887,63.50,20.778
5560,41999,63.50,20.778
5560,10354,52.00,17.015
5560,21661,52.50,17.179
5670,61316,63.50,20.778
5670,54887,63.50,20.778
5670,41999,63.50,20.778
5670,10354,52.00,17.015
5670,21661,52.50,17.179
5780,61316,63.50,20.778
5780,54887,63.50,20.778
5780,41999,63.50,20.778
5780,10354,52.00,17.015
5780,21661,52.50,17.179
5880,61316,63.50,20.778
5880,54887,63.50,20.778
5880,41999,63.50,20.778
5880,10354,52.00,17.015
5880,21661,52.50,17.179
5990,61316,63.50,20.778
5990,54887,63.50,20.778
5990,41999,63.50,20.778
5990,10354,52.00,17.015
5990,21661,52.50,17.179
6100,61316,63.50,20.778
6100,54887,63.50,20.778
6100,41999,63.50,20.778
6100,10354,52.00,17.015
6100,21661,52.50,17.179
6210,61316,63.50,20.778
6210,54887,63.50,20.778
6210,41999,63.50,20.778
6210,10354,52.00,17.015
6210,21661,52.50,17.179
6310,61316,63.50,20.778
6310,54887,63.50,20.778
6310,41999,63.50,20.778
6310,10354,52.00,17.015
6310,21661,52.50,17.179
6420,61316,63.50,20.778
6420,54887,63.50,20.778
6420,41999,63.50,20.778
6420,10354,52.00,17.015
6420,21661,52.50,17.179
6530,61316,63.50,20.778
6530,54887,63.50,20.778
6530,41999,63.50,20.778
6530,10354,52.00,17.015
6530,21661,52.50,17.179
6640,61316,63.50,20.778
6640,54887,63.50,20.778
6640,41999,63.50,20.778
6640,10354,52.00,17.015
6640,21661,52.50,17.179
6750,61316,63.50,20.778
6750,54887,63.50,20.778
6750,41999,63.50,20.778
6750,10354,52.00,17.015
6750,21661,52.50,17.179
6850,61316,63.50,20.778
6850,54887,63.50,20.778
6850,41999,63.50,20.778
6850,10354,52.00,17.015
6850,21661,52.50,17.179
6960,61316,63.50,20.778
6960,54887,63.50,20.778
6960,41999,63.50,20.778
6960,10354,52.00,17.015
6960,21661,52.50,17.179
7060,61316,63.50,20.778
7060,54887,63.50,20.778
7060,41999,63.50,20.778
7060,10354,52.00,17.015
7060,21661,52.50,17.179
7170,61316,63.50,20.778
7170,54887,63.50,20.778
7170,41999,63.50,20.778
7170,10354,52.00,17.015
7170,21661,52.50,17.179
7280,61316,63.50,20.778
7280,54887,63.50,20.778
7280,41999,63.50,20.778
7280,10354,52.00,17.015
7280,21661,52.50,17.179
7390,61316,63.50,20.778
7390,54887,63.50,20.778
7390,41999,63.50,20.778
7390,10354,52.00,17.015
7390,21661,52.50,17.179
7500,61316,63.50,20.778
7500,54887,63.50,20.778
7500,41999,63.50,20.778
7500,10354,52.00,17.015
7500,21661,52.50,17.179
7600,61316,63.50,20.778
7600,54887,63.50,20.778
7600,41999,63.50,20.778
7600,10354,52.00,17.015
7600,21661,52.50,17.179
7700,61316,63.50,20.778
7700,54887,63.50,20.778
7700,41999,63.50,20.778
7700,10354,52.00,17.015
7700,21661,52.50,17.179
7800,61316,63.50,20.778
7800,54887,63.50,20.778
7800,41999,63.50,20.778
7800,10354,52.00,17.015
7800,21661,52.50,17.179
7910,61316,63.50,20.778
7910,54887,63.50,20.778
7910,41999,63.50,20.778
7910,10354,52.00,17.015
7910,21661,52.50,17.179
8010,61316,63.50,20.778
8010,54887,63.50,20.778
8010,41999,63.50,20.778
8010,10354,52.00,17.015
8010,21661,52.50,17.179
8120,61316,63.50,20.778
8120,54887,63.50,20.778
8120,41999,63.50,20.778
8120,10354,52.00,17.015
8120,21661,52.50,17.179
8230,61316,63.50,20.778
8230,54887,63.50,20.778
8230,41999,63.50,20.778
8230,10354,52.00,17.015
8230,21661,52.50,17.179
8340,61316,63.50,20.778
8340,54887,63.50,20.778
8340,41999,63.50,20.778
8340,10354,54.50,17.833
8340,21661,52.50,17.179
8450,61316,63.50,20.778
8450,54887,63.50,20.778
8450,41999,63.50,20.778
8450,10354,54.50,17.833
8450,21661,52.50,17.179
8550,61316,63.50,20.778
8550,54887,63.50,20.778
8550,41999,63.50,20.778
8550,10354,54.50,17.833
8550,21661,52.50,17.179
8661,61316,63.50,20.778
8661,54887,63.50,20.778
8661,41999,63.50,20.778
8661,10354,52.00,17.015
8661,21661,52.50,17.179
8770,61316,63.50,20.778
8770,54887,63.50,20.778
8770,41999,63.50,20.778
8770,10354,52.00,17.015
8770,21661,52.50,17.179
8880,61316,63.50,20.778
8880,54887,63.50,20.778
8880,41999,63.50,20.778
8880,10354,52.00,17.015
8880,21661,52.50,17.179
8980,61316,63.50,20.778
8980,54887,63.50,20.778
8980,41999,63.50,20.778
8980,10354,52.00,17.015
8980,21661,52.50,17.179
9090,61316,63.50,20.778
9090,54887,63.50,20.778
9090,41999,63.50,20.778
9090,10354,52.00,17.015
9090,21661,52.50,17.179
9200,61316,63.50,20.778
9200,54887,63.50,20.778
9200,41999,63.50,20.778
9200,10354,52.00,17.015
9200,21661,52.50,17.179
9310,61316,63.50,20.778
9310,54887,63.50,20.778
9310,41999,63.50,20.778
9310,10354,52.00,17.015
9310,21661,52.50,17.179
9410,61316,63.50,20.778
9410,54887,63.50,20.778
9410,41999,63.50,20.778
9410,10354,52.00,17.015
9410,21661,52.50,17.179
9510,61316,63.50,20.778
9510,54887,63.50,20.778
9510,41999,63.50,20.778
9510,10354,52.00,17.015
9510,21661,52.50,17.179
9620,61316,63.50,20.778
9620,54887,63.50,20.778
9620,41999,63.50,20.778
9620,10354,52.00,17.015
9620,21661,52.50,17.179
9730,61316,63.50,20.778
9730,54887,63.50,20.778
9730,41999,63.50,20.778
9730,10354,52.00,17.015
9730,21661,52.50,17.179
9830,61316,63.50,20.778
9830,54887,63.50,20.778
9830,41999,63.50,20.778
9830,10354,52.00,17.015
9830,21661,52.50,17.179
9940,61316,63.50,20.778
9940,54887,63.50,20.778
9940,41999,63.50,20.778
9940,10354,52.00,17.015
9940,21661,52.50,17.179
10050,61316,63.50,20.778
10050,54887,63.50,20.778
10050,41999,63.50,20.778
10050,10354,52.00,17.015
10050,21661,52.50,17.179
10150,61316,63.50,20.778
10150,54887,63.50,20.778
10150,41999,63.50,20.778
10150,10354,52.00,17.015
10150,21661,52.50,17.179
10260,61316,63.50,20.778
10260,54887,63.50,20.778
10260,41999,63.50,20.778
10260,10354,52.00,17.015
10260,21661,52.50,17.179
10370,61316,63.50,20.778
10370,54887,63.50,20.778
10370,41999,63.50,20.778
10370,10354,52.00,17.015
10370,21661,52.50,17.179
10480,61316,63.50,20.778
10480,54887,63.50,20.778
10480,41999,63.50,20.778
10480,10354,52.00,17.015
10480,21661,52.50,17.179
10590,61316,63.50,20.778
10590,54887,63.50,20.778
10590,41999,63.50,20.778
10590,10354,52.00,17.015
10590,21661,52.50,17.179
10690,61316,63.50,20.778
10690,54887,63.50,20.778
10690,41999,63.50,20.778
10690,10354,52.00,17.015
10690,21661,52.50,17.179
10800,61316,63.50,20.778
10800,54887,63.50,20.778
10800,41999,63.50,20.778
10800,10354,52.00,17.015
10800,21661,52.50,17.179
10900,61316,63.50,20.778
10900,54887,63.50,20.778
10900,41999,63.50,20.778
10900,10354,52.00,17.015
10900,21661,52.50,17.179
11010,61316,63.50,20.778
11010,54887,63.50,20.778
11010,41999,63.50,20.778
11010,10354,52.00,17.015
11010,21661,52.50,17.179
11110,61316,63.50,20.778
11110,54887,63.50,20.778
11110,41999,63.50,20.778
11110,10354,52.00,17.015
11110,21661,52.50,17.179
11220,61316,63.50,20.778
11220,54887,63.50,20.778
11220,41999,63.50,20.778
11220,10354,52.00,17.015
11220,21661,52.50,17.179
11320,61316,63.50,20.778
11320,54887,63.50,20.778
11320,41999,63.50,20.778
11320,10354,52.00,17.015
11320,21661,52.50,17.179
11420,61316,63.50,20.778
11420,54887,63.50,20.778
11420,41999,63.50,20.778
11420,10354,52.00,17.015
11420,21661,52.50,17.179
11530,61316,63.50,20.778
11530,54887,63.50,20.778
11530,41999,63.50,20.778
11530,10354,52.00,17.015
11530,21661,52.50,17.179
11630,61316,63.50,20.778
11630,54887,63.50,20.778
11630,41999,63.50,20.778
11630,10354,52.00,17.015
11630,21661,52.50,17.179
11730,61316,63.50,20.778
11730,54887,63.50,20.778
11730,41999,63.50,20.778
11730,10354,52.00,17.015
11730,21661,52.50,17.179
11840,61316,63.50,20.778
11840,54887,63.50,20.778
11840,41999,63.50,20.778
11840,10354,52.00,17.015
11840,21661,52.50,17.179
11950,61316,63.50,20.778
11950,54887,63.50,20.778
11950,41999,63.50,20.778
11950,10354,52.00,17.015
11950,21661,52.50,17.179
12050,61316,63.50,20.778
12050,54887,63.50,20.778
12050,41999,63.50,20.778
12050,10354,52.00,17.015
12050,21661,52.50,17.179
12150,61316,63.50,20.778
12150,54887,63.50,20.778
12150,41999,63.50,20.778
12150,10354,52.00,17.015
12150,21661,52.50,17.179
12260,61316,63.50,20.778
12260,54887,63.50,20.778
12260,41999,63.50,20.778
12260,10354,54.50,17.833
12260,21661,52.50,17.179
12360,61316,63.50,20.778
12360,54887,63.50,20.778
12360,41999,63.50,20.778
12360,10354,54.50,17.833
12360,21661,52.50,17.179
12470,61316,63.50,20.778
12470,54887,63.50,20.778
12470,41999,63.50,20.778
12470,10354,52.00,17.015
12470,21661,52.50,17.179
12581,61316,63.50,20.778
12581,54887,63.50,20.778
12581,41999,63.50,20.778
12581,10354,52.00,17.015
12581,21661,52.50,17.179
12690,61316,63.50,20.778
12690,54887,63.50,20.778
12690,41999,63.50,20.778
12690,10354,52.00,17.015
12690,21661,52.50,17.179
12800,61316,63.50,20.778
12800,54887,63.50,20.778
12800,41999,63.50,20.778
12800,10354,52.00,17.015
12800,21661,52.50,17.179
12910,61316,63.50,20.778
12910,54887,63.50,20.778
12910,41999,63.50,20.778
12910,10354,52.00,17.015
12910,21661,52.50,17.179
13020,61316,63.50,20.778
13020,54887,63.50,20.778
13020,41999,63.50,20.778
13020,10354,52.00,17.015
13020,21661,52.50,17.179
13120,61316,63.50,20.778
13120,54887,63.50,20.778
13120,41999,63.50,20.778
13120,10354,52.00,17.015
13120,21661,52.50,17.179
13230,61316,63.50,20.778
13230,54887,63.50,20.778
13230,41999,63.50,20.778
13230,10354,52.00,17.015
13230,21661,52.50,17.179
13340,61316,63.50,20.778
13340,54887,63.50,20.778
13340,41999,63.50,20.778
13340,10354,52.00,17.015
13340,21661,52.50,17.179
13440,61316,63.50,20.778
13440,54887,63.50,20.778
13440,41999,63.50,20.778
13440,10354,52.00,17.015
13440,21661,52.50,17.179
13552,61316,63.50,20.778
13552,54887,63.50,20.778
13552,41999,63.50,20.778
13552,10354,52.00,17.015
13552,21661,52.50,17.179
13661,61316,63.50,20.778
13661,54887,63.50,20.778
13661,41999,63.50,20.778
13661,10354,52.00,17.015
13661,21661,52.50,17.179
13770,61316,63.50,20.778
13770,54887,63.50,20.778
13770,41999,63.50,20.778
13770,10354,52.00,17.015
13770,21661,52.50,17.179
13880,61316,63.50,20.778
13880,54887,63.50,20.778
13880,41999,63.50,20.778
13880,10354,52.00,17.015
13880,21661,52.50,17.179
13990,61316,63.50,20.778
13990,54887,63.50,20.778
13990,41999,63.50,20.778
13990,10354,52.00,17.015
13990,21661,52.50,17.179
14090,61316,63.50,20.778
14090,54887,63.50,20.778
14090,41999,63.50,20.778
14090,10354,52.00,17.015
14090,21661,52.50,17.179
14190,61316,63.50,20.778
14190,54887,63.50,20.778
14190,41999,63.50,20.778
14190,10354,52.00,17.015
14190,21661,52.50,17.179
14300,61316,63.50,20.778
14300,54887,63.50,20.778
14300,41999,63.50,20.778
14300,10354,52.00,17.015
14300,21661,52.50,17.179
14410,61316,63.50,20.778
14410,54887,63.50,20.778
14410,41999,63.50,20.778
14410,10354,52.00,17.015
14410,21661,52.50,17.179
14510,61316,63.50,20.778
14510,54887,63.50,20.778
14510,41999,63.50,20.778
14510,10354,52.00,17.015
14510,21661,52.50,17.179
14620,61316,63.50,20.778
14620,54887,63.50,20.778
14620,41999,63.50,20.778
14620,10354,52.00,17.015
14620,21661,52.50,17.179
14720,61316,63.50,20.778
14720,54887,63.50,20.778
14720,41999,63.50,20.778
14720,10354,52.00,17.015
14720,21661,52.50,17.179
14820,61316,63.50,20.778
14820,54887,63.50,20.778
14820,41999,63.50,20.778
14820,10354,52.00,17.015
14820,21661,52.50,17.179
14930,61316,63.50,20.778
14930,54887,63.50,20.778
14930,41999,63.50,20.778
14930,10354,52.00,17.015
14930,21661,52.50,17.179
15040,61316,63.50,20.778
15040,54887,63.50,20.778
15040,41999,63.50,20.778
15040,10354,52.00,17.015
15040,21661,52.50,17.179
15140,61316,63.50,20.778
15140,54887,63.50,20.778
15140,41999,63.50,20.778
15140,10354,63.50,20.778
15140,21661,63.50,20.778
15250,61316,63.50,20.778
15250,54887,63.50,20.778
15250,41999,63.50,20.778
15250,10354,63.50,20.778
15250,21661,63.50,20.778
15350,61316,63.50,20.778
15350,54887,63.50,20.778
15350,41999,63.50,20.778
15350,10354,63.50,20.778
15350,21661,63.50,20.778
15460,61316,63.50,20.778
15460,54887,63.50,20.778
15460,41999,63.50,20.778
15460,10354,63.50,20.778
15460,21661,63.50,20.778
15560,61316,63.50,20.778
15560,54887,63.50,20.778
15560,41999,63.50,20.778
15560,10354,63.50,20.778
15560,21661,63.50,20.778
15670,61316,63.50,20.778
15670,54887,63.50,20.778
15670,41999,63.50,20.778
15670,10354,63.50,20.778
15670,21661,63.50,20.778
15770,61316,63.50,20.778
15770,54887,63.50,20.778
15770,41999,63.50,20.778
15770,10354,63.50,20.778
15770,21661,63.50,20.778
15870,61316,63.50,20.778
15870,54887,63.50,20.778
15870,41999,63.50,20.778
15870,10354,63.50,20.778
15870,21661,63.50,20.778
15980,61316,63.50,20.778
15980,54887,63.50,20.778
15980,41999,63.50,20.778
15980,10354,63.50,20.778
15980,21661,63.50,20.778
16090,61316,63.50,20.778
16090,54887,63.50,20.778
16090,41999,63.50,20.778
16090,10354,63.50,20.778
16090,21661,63.50,20.778
16190,61316,63.50,20.778
16190,54887,63.50,20.778
16190,41999,63.50,20.778
16190,10354,54.50,17.833
16190,21661,63.50,20.778
16300,61316,63.50,20.778
16300,54887,63.50,20.778
16300,41999,63.50,20.778
16300,10354,54.50,17.833
16300,21661,63.50,20.778
16410,61316,63.50,20.778
16410,54887,63.50,20.778
16410,41999,63.50,20.778
16410,10354,54.50,17.833
16410,21661,63.50,20.778
16510,61316,63.50,20.778
16510,54887,63.50,20.778
16510,41999,63.50,20.778
16510,10354,52.00,17.015
16510,21661,52.50,17.179
16620,61316,63.50,20.778
16620,54887,63.50,20.778
16620,41999,63.50,20.778
16620,10354,52.00,17.015
16620,21661,52.50,17.179
16730,61316,63.50,20.778
16730,54887,63.50,20.778
16730,41999,63.50,20.778
16730,10354,52.00,17.015
16730,21661,52.50,17.179
16830,61316,63.50,20.778
16830,54887,63.50,20.778
16830,41999,63.50,20.778
16830,10354,52.00,17.015
16830,21661,52.50,17.179
16930,61316,63.50,20.778
16930,54887,63.50,20.778
16930,41999,63.50,20.778
16930,10354,52.00,17.015
16930,21661,52.50,17.179
17040,61316,63.50,20.778
17040,54887,63.50,20.778
17040,41999,63.50,20.778
17040,10354,52.00,17.015
17040,21661,52.50,17.179
17141,61316,63.50,20.778
17141,54887,63.50,20.778
17141,41999,63.50,20.778
17141,10354,52.00,17.015
17141,21661,52.50,17.179
17250,61316,63.50,20.778
17250,54887,63.50,20.778
17250,41999,63.50,20.778
17250,10354,52.00,17.015
17250,21661,52.50,17.179
17350,61316,63.50,20.778
17350,54887,63.50,20.778
17350,41999,63.50,20.778
17350,10354,52.00,17.015
17350,21661,52.50,17.179
17460,61316,63.50,20.778
17460,54887,63.50,20.778
17460,41999,63.50,20.778
17460,10354,52.00,17.015
17460,21661,52.50,17.179
17570,61316,63.50,20.778
17570,54887,63.50,20.778
17570,41999,63.50,20.778
17570,10354,52.00,17.015
17570,21661,52.50,17.179
17680,61316,63.50,20.778
17680,54887,63.50,20.778
17680,41999,63.50,20.778
17680,10354,52.00,17.015
17680,21661,52.50,17.179
17780,61316,63.50,20.778
17780,54887,63.50,20.778
17780,41999,63.50,20.778
17780,10354,52.00,17.015
17780,21661,52.50,17.179
17890,61316,63.50,20.778
17890,54887,63.50,20.778
17890,41999,63.50,20.778
17890,10354,52.00,17.015
17890,21661,52.50,17.179
18000,61316,63.50,20.778
18000,54887,63.50,20.778
18000,41999,63.50,20.778
18000,10354,52.00,17.015
18000,21661,52.50,17.179
18101,61316,63.50,20.778
18101,54887,63.50,20.778
18101,41999,63.50,20.778
18101,10354,52.00,17.015
18101,21661,52.50,17.179
18210,61316,63.50,20.778
18210,54887,63.50,20.778
18210,41999,63.50,20.778
18210,10354,52.00,17.015
18210,21661,52.50,17.179
18320,61316,63.50,20.778
18320,54887,63.50,20.778
18320,41999,63.50,20.778
18320,10354,52.00,17.015
18320,21661,52.50,17.179
18430,61316,63.50,20.778
18430,54887,63.50,20.778
18430,41999,63.50,20.778
18430,10354,52.00,17.015
18430,21661,52.50,17.179
18530,61316,63.50,20.778
18530,54887,63.50,20.778
18530,41999,63.50,20.778
18530,10354,52.00,17.015
18530,21661,52.50,17.179
18640,61316,63.50,20.778
18640,54887,63.50,20.778
18640,41999,63.50,20.778
18640,10354,52.00,17.015
18640,21661,52.50,17.179
18740,61316,63.50,20.778
18740,54887,63.50,20.778
18740,41999,63.50,20.778
18740,10354,52.00,17.015
18740,21661,52.50,17.179
18840,61316,63.50,20.778
18840,54887,63.50,20.778
18840,41999,63.50,20.778
18840,10354,52.00,17.015
18840,21661,52.50,17.179
18950,61316,63.50,20.778
18950,54887,63.50,20.778
18950,41999,63.50,20.778
18950,10354,52.00,17.015
18950,21661,52.50,17.179
19051,61316,63.50,20.778
19051,54887,63.50,20.778
19051,41999,63.50,20.778
19051,10354,52.00,17.015
19051,21661,52.50,17.179
19160,61316,63.50,20.778
19160,54887,63.50,20.778
19160,41999,63.50,20.778
19160,10354,52.00,17.015
19160,21661,52.50,17.179
19260,61316,63.50,20.778
19260,54887,63.50,20.778
19260,41999,63.50,20.778
19260,10354,52.00,17.015
19260,21661,52.50,17.179
19370,61316,63.50,20.778
19370,54887,63.50,20.778
19370,41999,63.50,20.778
19370,10354,52.00,17.015
19370,21661,52.50,17.179
19480,61316,63.50,20.778
19480,54887,63.50,20.778
19480,41999,63.50,20.778
19480,10354,52.00,17.015
19480,21661,52.50,17.179
19580,61316,63.50,20.778
19580,54887,63.50,20.778
19580,41999,63.50,20.778
19580,10354,52.00,17.015
19580,21661,52.50,17.179
19691,61316,63.50,20.778
19691,54887,63.50,20.778
19691,41999,63.50,20.778
19691,10354,52.00,17.015
19691,21661,52.50,17.179
19800,61316,63.50,20.778
19800,54887,63.50,20.778
19800,41999,63.50,20.778
19800,10354,52.00,17.015
19800,21661,52.50,17.179
19910,61316,63.50,20.778
19910,54887,63.50,20.778
19910,41999,63.50,20.778
19910,10354,52.00,17.015
19910,21661,52.50,17.179
20011,61316,63.50,20.778
20011,54887,63.50,20.778
20011,41999,63.50,20.778
20011,10354,52.00,17.015
20011,21661,52.50,17.179
20120,61316,63.50,20.778
20120,54887,63.50,20.778
20120,41999,63.50,20.778
20120,10354,52.00,17.015
20120,21661,52.50,17.179
20230,61316,63.50,20.778
20230,54887,63.50,20.778
20230,41999,63.50,20.778
20230,10354,52.00,17.015
20230,21661,52.50,17.179
20330,61316,63.50,20.778
20330,54887,63.50,20.778
20330,41999,63.50,20.778
20330,10354,52.00,17.015
20330,21661,52.50,17.179
20440,61316,63.50,20.778
20440,54887,63.50,20.778
20440,41999,63.50,20.778
20440,10354,54.50,17.833
20440,21661,52.50,17.179
20550,61316,63.50,20.778
20550,54887,63.50,20.778
20550,41999,63.50,20.778
20550,10354,54.50,17.833
20550,21661,52.50,17.179
20660,61316,63.50,20.778
20660,54887,63.50,20.778
20660,41999,63.50,20.778
20660,10354,52.00,17.015
20660,21661,52.50,17.179
20770,61316,63.50,20.778
20770,54887,63.50,20.778
20770,41999,63.50,20.778
20770,10354,52.00,17.015
20770,21661,52.50,17.179
20871,61316,63.50,20.778
20871,54887,63.50,20.778
20871,41999,63.50,20.778
20871,10354,52.00,17.015
20871,21661,52.50,17.179
20980,61316,63.50,20.778
20980,54887,63.50,20.778
20980,41999,63.50,20.778
20980,10354,52.00,17.015
20980,21661,52.50,17.179
21091,61316,63.50,20.778
21091,54887,63.50,20.778
21091,41999,63.50,20.778
21091,10354,52.00,17.015
21091,21661,52.50,17.179
21201,61316,63.50,20.778
21201,54887,63.50,20.778
21201,41999,63.50,20.778
21201,10354,52.00,17.015
21201,21661,52.50,17.179
21310,61316,63.50,20.778
21310,54887,63.50,20.778
21310,41999,63.50,20.778
21310,10354,52.00,17.015
21310,21661,52.50,17.179
21410,61316,63.50,20.778
21410,54887,63.50,20.778
21410,41999,63.50,20.778
21410,10354,52.00,17.015
21410,21661,52.50,17.179
21511,61316,63.50,20.778
21511,54887,63.50,20.778
21511,41999,63.50,20.778
21511,10354,52.00,17.015
21511,21661,52.50,17.179
21620,61316,63.50,20.778
21620,54887,63.50,20.778
21620,41999,63.50,20.778
21620,10354,52.00,17.015
21620,21661,52.50,17.179
21730,61316,63.50,20.778
21730,54887,63.50,20.778
21730,41999,63.50,20.778
21730,10354,52.00,17.015
21730,21661,52.50,17.179
21831,61316,63.50,20.778
21831,54887,63.50,20.778
21831,41999,63.50,20.778
21831,10354,52.00,17.015
21831,21661,52.50,17.179
21940,61316,63.50,20.778
21940,54887,63.50,20.778
21940,41999,63.50,20.778
21940,10354,52.00,17.015
21940,21661,52.50,17.179
22040,61316,63.50,20.778
22040,54887,63.50,20.778
22040,41999,63.50,20.778
22040,10354,52.00,17.015
22040,21661,52.50,17.179
22141,61316,63.50,20.778
22141,54887,63.50,20.778
22141,41999,63.50,20.778
22141,10354,52.00,17.015
22141,21661,52.50,17.179
22250,61316,63.50,20.778
22250,54887,63.50,20.778
22250,41999,63.50,20.778
22250,10354,52.00,17.015
22250,21661,52.50,17.179
22350,61316,63.50,20.778
22350,54887,63.50,20.778
22350,41999,63.50,20.778
22350,10354,52.00,17.015
22350,21661,52.50,17.179
22450,61316,63.50,20.778
22450,54887,63.50,20.778
22450,41999,63.50,20.778
22450,10354,52.00,17.015
22450,21661,52.50,17.179
22560,61316,63.50,20.778
22560,54887,63.50,20.778
22560,41999,63.50,20.778
22560,10354,52.00,17.015
22560,21661,52.50,17.179
22670,61316,63.50,20.778
22670,54887,63.50,20.778
22670,41999,63.50,20.778
22670,10354,52.00,17.015
22670,21661,52.50,17.179
22770,61316,63.50,20.778
22770,54887,63.50,20.778
22770,41999,63.50,20.778
22770,10354,52.00,17.015
22770,21661,52.50,17.179
22881,61316,63.50,20.778
22881,54887,63.50,20.778
22881,41999,63.50,20.778
22881,10354,52.00,17.015
22881,21661,52.50,17.179
22990,61316,63.50,20.778
22990,54887,63.50,20.778
22990,41999,63.50,20.778
22990,10354,52.00,17.015
22990,21661,52.50,17.179
23090,61316,63.50,20.778
23090,54887,63.50,20.778
23090,41999,63.50,20.778
23090,10354,52.00,17.015
23090,21661,52.50,17.179
23191,61316,63.50,20.778
23191,54887,63.50,20.778
23191,41999,63.50,20.778
23191,10354,52.00,17.015
23191,21661,52.50,17.179
23300,61316,63.50,20.778
23300,54887,63.50,20.778
23300,41999,63.50,20.778
23300,10354,52.00,17.015
23300,21661,52.50,17.179
23401,61316,63.50,20.778
23401,54887,63.50,20.778
23401,41999,63.50,20.778
23401,10354,52.00,17.015
23401,21661,52.50,17.179
23501,61316,63.50,20.778
23501,54887,63.50,20.778
23501,41999,63.50,20.778
23501,10354,52.00,17.015
23501,21661,52.50,17.179
23611,61316,63.50,20.778
23611,54887,63.50,20.778
23611,41999,63.50,20.778
23611,10354,52.00,17.015
23611,21661,52.50,17.179
23720,61316,63.50,20.778
23720,54887,63.50,20.778
23720,41999,63.50,20.778
23720,10354,52.00,17.015
23720,21661,52.50,17.179
23821,61316,63.50,20.778
23821,54887,63.50,20.778
23821,41999,63.50,20.778
23821,10354,52.00,17.015
23821,21661,52.50,17.179
23930,61316,63.50,20.778
23930,54887,63.50,20.778
23930,41999,63.50,20.778
23930,10354,52.00,17.015
23930,21661,52.50,17.179
24041,61316,63.50,20.778
24041,54887,63.50,20.778
24041,41999,63.50,20.778
24041,10354,52.00,17.015
24041,21661,52.50,17.179
24151,61316,63.50,20.778
24151,54887,63.50,20.778
24151,41999,63.50,20.778
24151,10354,52.00,17.015
24151,21661,52.50,17.179
24260,61316,63.50,20.778
24260,54887,63.50,20.778
24260,41999,63.50,20.778
24260,10354,52.00,17.015
24260,21661,52.50,17.179
24361,61316,63.50,20.778
24361,54887,63.50,20.778
24361,41999,63.50,20.778
24361,10354,52.00,17.015
24361,21661,52.50,17.179
24470,61316,63.50,20.778
24470,54887,63.50,20.778
24470,41999,63.50,20.778
24470,10354,50.50,16.524
24470,21661,52.50,17.179
24580,61316,63.50,20.778
24580,54887,63.50,20.778
24580,41999,63.50,20.778
24580,10354,50.50,16.524
24580,21661,52.50,17.179
24680,61316,63.50,20.778
24680,54887,63.50,20.778
24680,41999,63.50,20.778
24680,10354,50.50,16.524
24680,21661,52.50,17.179
24790,61316,63.50,20.778
24790,54887,63.50,20.778
24790,41999,63.50,20.778
24790,10354,52.00,17.015
24790,21661,52.50,17.179
24900,61316,63.50,20.778
24900,54887,63.50,20.778
24900,41999,63.50,20.778
24900,10354,52.00,17.015
24900,21661,52.50,17.179
25010,61316,63.50,20.778
25010,54887,63.50,20.778
25010,41999,63.50,20.778
25010,10354,52.00,17.015
25010,21661,52.50,17.179
25110,61316,63.50,20.778
25110,54887,63.50,20.778
25110,41999,63.50,20.778
25110,10354,52.00,17.015
25110,21661,52.50,17.179
25211,61316,63.50,20.778
25211,54887,63.50,20.778
25211,41999,63.50,20.778
25211,10354,52.00,17.015
25211,21661,52.50,17.179
25320,61316,63.50,20.778
25320,54887,63.50,20.778
25320,41999,63.50,20.778
25320,10354,52.00,17.015
25320,21661,52.50,17.179
25421,61316,63.50,20.778
25421,54887,63.50,20.778
25421,41999,63.50,20.778
25421,10354,52.00,17.015
25421,21661,52.50,17.179
25530,61316,63.50,20.778
25530,54887,63.50,20.778
25530,41999,63.50,20.778
25530,10354,52.00,17.015
25530,21661,52.50,17.179
25631,61316,63.50,20.778
25631,54887,63.50,20.778
25631,41999,63.50,20.778
25631,10354,52.00,17.015
25631,21661,52.50,17.179
25741,61316,63.50,20.778
25741,54887,63.50,20.778
25741,41999,63.50,20.778
25741,10354,52.00,17.015
25741,21661,52.50,17.179
25850,61316,63.50,20.778
25850,54887,63.50,20.778
25850,41999,63.50,20.778
25850,10354,52.00,17.015
25850,21661,52.50,17.179
25950,61316,63.50,20.778
25950,54887,63.50,20.778
25950,41999,63.50,20.778
25950,10354,52.00,17.015
25950,21661,52.50,17.179
26050,61316,63.50,20.778
26050,54887,63.50,20.778
26050,41999,63.50,20.778
26050,10354,52.00,17.015
26050,21661,52.50,17.179
26151,61316,63.50,20.778
26151,54887,63.50,20.778
26151,41999,63.50,20.778
26151,10354,52.00,17.015
26151,21661,52.50,17.179
26251,61316,63.50,20.778
26251,54887,63.50,20.778
26251,41999,63.50,20.778
26251,10354,52.00,17.015
26251,21661,52.50,17.179
26360,61316,63.50,20.778
26360,54887,63.50,20.778
26360,41999,63.50,20.778
26360,10354,52.00,17.015
26360,21661,52.50,17.179
26460,61316,63.50,20.778
26460,54887,63.50,20.778
26460,41999,63.50,20.778
26460,10354,52.00,17.015
26460,21661,52.50,17.179
26570,61316,63.50,20.778
26570,54887,63.50,20.778
26570,41999,63.50,20.778
26570,10354,52.00,17.015
26570,21661,52.50,17.179
26670,61316,63.50,20.778
26670,54887,63.50,20.778
26670,41999,63.50,20.778
26670,10354,52.00,17.015
26670,21661,52.50,17.179
26780,61316,63.50,20.778
26780,54887,63.50,20.778
26780,41999,63.50,20.778
26780,10354,52.00,17.015
26780,21661,52.50,17.179
26890,61316,63.50,20.778
26890,54887,63.50,20.778
26890,41999,63.50,20.778
26890,10354,52.00,17.015
26890,21661,52.50,17.179
26990,61316,63.50,20.778
26990,54887,63.50,20.778
26990,41999,63.50,20.778
26990,10354,52.00,17.015
26990,21661,52.50,17.179
27100,61316,63.50,20.778
27100,54887,63.50,20.778
27100,41999,63.50,20.778
27100,10354,52.00,17.015
27100,21661,52.50,17.179
27201,61316,63.50,20.778
27201,54887,63.50,20.778
27201,41999,63.50,20.778
27201,10354,52.00,17.015
27201,21661,52.50,17.179
27310,61316,63.50,20.778
27310,54887,63.50,20.778
27310,41999,63.50,20.778
27310,10354,52.00,17.015
27310,21661,52.50,17.179
27410,61316,63.50,20.778
27410,54887,63.50,20.778
27410,41999,63.50,20.778
27410,10354,52.00,17.015
27410,21661,52.50,17.179
27510,61316,63.50,20.778
27510,54887,63.50,20.778
27510,41999,63.50,20.778
27510,10354,52.00,17.015
27510,21661,52.50,17.179
27620,61316,63.50,20.778
27620,54887,63.50,20.778
27620,41999,63.50,20.778
27620,10354,52.00,17.015
27620,21661,52.50,17.179
27730,61316,63.50,20.778
27730,54887,63.50,20.778
27730,41999,63.50,20.778
27730,10354,52.00,17.015
27730,21661,52.50,17.179
27840,61316,63.50,20.778
27840,54887,63.50,20.778
27840,41999,63.50,20.778
27840,10354,52.00,17.015
27840,21661,52.50,17.179
27940,61316,63.50,20.778
27940,54887,63.50,20.778
27940,41999,63.50,20.778
27940,10354,52.00,17.015
27940,21661,52.50,17.179
28050,61316,63.50,20.778
28050,54887,63.50,20.778
28050,41999,63.50,20.778
28050,10354,52.00,17.015
28050,21661,52.50,17.179
28151,61316,63.50,20.778
28151,54887,63.50,20.778
28151,41999,63.50,20.778
28151,10354,52.00,17.015
28151,21661,52.50,17.179
28260,61316,63.50,20.778
28260,54887,63.50,20.778
28260,41999,63.50,20.778
28260,10354,52.00,17.015
28260,21661,52.50,17.179
28360,61316,63.50,20.778
28360,54887,63.50,20.778
28360,41999,63.50,20.778
28360,10354,52.00,17.015
28360,21661,52.50,17.179
28470,61316,63.50,20.778
28470,54887,63.50,20.778
28470,41999,63.50,20.778
28470,10354,54.50,17.833
28470,21661,52.50,17.179
28570,61316,63.50,20.778
28570,54887,63.50,20.778
28570,41999,63.50,20.778
28570,10354,54.50,17.833
28570,21661,52.50,17.179
28670,61316,63.50,20.778
28670,54887,63.50,20.778
28670,41999,63.50,20.778
28670,10354,52.00,17.015
28670,21661,52.50,17.179
28780,61316,63.50,20.778
28780,54887,63.50,20.778
28780,41999,63.50,20.778
28780,10354,52.00,17.015
28780,21661,52.50,17.179
28880,61316,63.50,20.778
28880,54887,63.50,20.778
28880,41999,63.50,20.778
28880,10354,52.00,17.015
28880,21661,52.50,17.179
28980,61316,63.50,20.778
28980,54887,63.50,20.778
28980,41999,63.50,20.778
28980,10354,52.00,17.015
28980,21661,52.50,17.179
29090,61316,63.50,20.778
29090,54887,63.50,20.778
29090,41999,63.50,20.778
29090,10354,52.00,17.015
29090,21661,52.50,17.179
29200,61316,63.50,20.778
29200,54887,63.50,20.778
29200,41999,63.50,20.778
29200,10354,52.00,17.015
29200,21661,52.50,17.179
29310,61316,63.50,20.778
29310,54887,63.50,20.778
29310,41999,63.50,20.778
29310,10354,52.00,17.015
29310,21661,52.50,17.179
29410,61316,63.50,20.778
29410,54887,63.50,20.778
29410,41999,63.50,20.778
29410,10354,52.00,17.015
29410,21661,52.50,17.179
29520,61316,63.50,20.778
29520,54887,63.50,20.778
29520,41999,63.50,20.778
29520,10354,52.00,17.015
29520,21661,52.50,17.179
29620,61316,63.50,20.778
29620,54887,63.50,20.778
29620,41999,63.50,20.778
29620,10354,52.00,17.015
29620,21661,52.50,17.179
29720,61316,63.50,20.778
29720,54887,63.50,20.778
29720,41999,63.50,20.778
29720,10354,52.00,17.015
29720,21661,52.50,17.179
29821,61316,63.50,20.778
29821,54887,63.50,20.778
29821,41999,63.50,20.778
29821,10354,52.00,17.015
29821,21661,52.50,17.179
29930,61316,63.50,20.778
29930,54887,63.50,20.778
29930,41999,63.50,20.778
29930,10354,52.00,17.015
29930,21661,52.50,17.179
30040,61316,63.50,20.778
30040,54887,63.50,20.778
30040,41999,63.50,20.778
30040,10354,52.00,17.015
30040,21661,52.50,17.179
30141,61316,63.50,20.778
30141,54887,63.50,20.778
30141,41999,63.50,20.778
30141,10354,52.00,17.015
30141,21661,52.50,17.179
30250,61316,63.50,20.778
30250,54887,63.50,20.778
30250,41999,63.50,20.778
30250,10354,52.00,17.015
30250,21661,52.50,17.179
30350,61316,63.50,20.778
30350,54887,63.50,20.778
30350,41999,63.50,20.778
30350,10354,52.00,17.015
30350,21661,52.50,17.179
30451,61316,63.50,20.778
30451,54887,63.50,20.778
30451,41999,63.50,20.778
30451,10354,52.00,17.015
30451,21661,52.50,17.179
30551,61316,63.50,20.778
30551,54887,63.50,20.778
30551,41999,63.50,20.778
30551,10354,52.00,17.015
30551,21661,52.50,17.179
30651,61316,63.50,20.778
30651,54887,63.50,20.778
30651,41999,63.50,20.778
30651,10354,52.00,17.015
30651,21661,52.50,17.179
30760,61316,63.50,20.778
30760,54887,63.50,20.778
30760,41999,63.50,20.778
30760,10354,52.00,17.015
30760,21661,52.50,17.179
30871,61316,63.50,20.778
30871,54887,63.50,20.778
30871,41999,63.50,20.778
30871,10354,52.00,17.015
30871,21661,52.50,17.179
30980,61316,63.50,20.778
30980,54887,63.50,20.778
30980,41999,63.50,20.778
30980,10354,52.00,17.015
30980,21661,52.50,17.179
31080,61316,63.50,20.778
31080,54887,63.50,20.778
31080,41999,63.50,20.778
31080,10354,52.00,17.015
31080,21661,52.50,17.179
31181,61316,63.50,20.778
31181,54887,63.50,20.778
31181,41999,63.50,20.778
31181,10354,52.00,17.015
31181,21661,52.50,17.179
31290,61316,63.50,20.778
31290,54887,63.50,20.778
31290,41999,63.50,20.778
31290,10354,52.00,17.015
31290,21661,52.50,17.179
31400,61316,63.50,20.778
31400,54887,63.50,20.778
31400,41999,63.50,20.778
31400,10354,52.00,17.015
31400,21661,52.50,17.179
31511,61316,63.50,20.778
31511,54887,63.50,20.778
31511,41999,63.50,20.778
31511,10354,52.00,17.015
31511,21661,52.50,17.179
31620,61316,63.50,20.778
31620,54887,63.50,20.778
31620,41999,63.50,20.778
31620,10354,52.00,17.015
31620,21661,52.50,17.179
31720,61316,63.50,20.778
31720,54887,63.50,20.778
31720,41999,63.50,20.778
31720,10354,52.00,17.015
31720,21661,52.50,17.179
31830,61316,63.50,20.778
31830,54887,63.50,20.778
31830,41999,63.50,20.778
31830,10354,52.00,17.015
31830,21661,52.50,17.179
31931,61316,63.50,20.778
31931,54887,63.50,20.778
31931,41999,63.50,20.778
31931,10354,52.00,17.015
31931,21661,52.50,17.179
32040,61316,63.50,20.778
32040,54887,63.50,20.778
32040,41999,63.50,20.778
32040,10354,52.00,17.015
32040,21661,52.50,17.179
32140,61316,63.50,20.778
32140,54887,63.50,20.778
32140,41999,63.50,20.778
32140,10354,52.00,17.015
32140,21661,52.50,17.179
32241,61316,63.50,20.778
32241,54887,63.50,20.778
32241,41999,63.50,20.778
32241,10354,52.00,17.015
32241,21661,52.50,17.179
32350,61316,63.50,20.778
32350,54887,63.50,20.778
32350,41999,63.50,20.778
32350,10354,52.00,17.015
32350,21661,52.50,17.179
32450,61316,63.50,20.778
32450,54887,63.50,20.778
32450,41999,63.50,20.778
32450,10354,52.00,17.015
32450,21661,52.50,17.179
32550,61316,63.50,20.778
32550,54887,63.50,20.778
32550,41999,63.50,20.778
32550,10354,54.50,17.833
32550,21661,52.50,17.179
32651,61316,63.50,20.778
32651,54887,63.50,20.778
32651,41999,63.50,20.778
32651,10354,54.50,17.833
32651,21661,52.50,17.179
32760,61316,63.50,20.778
32760,54887,63.50,20.778
32760,41999,63.50,20.778
32760,10354,52.00,17.015
32760,21661,52.50,17.179
32860,61316,63.50,20.778
32860,54887,63.50,20.778
32860,41999,63.50,20.778
32860,10354,52.00,17.015
32860,21661,52.50,17.179
32970,61316,63.50,20.778
32970,54887,63.50,20.778
32970,41999,63.50,20.778
32970,10354,52.00,17.015
32970,21661,52.50,17.179
33081,61316,63.50,20.778
33081,54887,63.50,20.778
33081,41999,63.50,20.778
33081,10354,52.00,17.015
33081,21661,52.50,17.179
33190,61316,63.50,20.778
33190,54887,63.50,20.778
33190,41999,63.50,20.778
33190,10354,52.00,17.015
33190,21661,52.50,17.179
33300,61316,63.50,20.778
33300,54887,63.50,20.778
33300,41999,63.50,20.778
33300,10354,52.00,17.015
33300,21661,52.50,17.179
33410,61316,63.50,20.778
33410,54887,63.50,20.778
33410,41999,63.50,20.778
33410,10354,52.00,17.015
33410,21661,52.50,17.179
33511,61316,63.50,20.778
33511,54887,63.50,20.778
33511,41999,63.50,20.778
33511,10354,52.00,17.015
33511,21661,52.50,17.179
33621,61316,63.50,20.778
33621,54887,63.50,20.778
33621,41999,63.50,20.778
33621,10354,52.00,17.015
33621,21661,52.50,17.179
33721,61316,63.50,20.778
33721,54887,63.50,20.778
33721,41999,63.50,20.778
33721,10354,52.00,17.015
33721,21661,52.50,17.179
33832,61316,63.50,20.778
33832,54887,63.50,20.778
33832,41999,63.50,20.778
33832,10354,52.00,17.015
33832,21661,52.50,17.179
33940,61316,63.50,20.778
33940,54887,63.50,20.778
33940,41999,63.50,20.778
33940,10354,52.00,17.015
33940,21661,52.50,17.179
34040,61316,63.50,20.778
34040,54887,63.50,20.778
34040,41999,63.50,20.778
34040,10354,52.00,17.015
34040,21661,52.50,17.179
34141,61316,63.50,20.778
34141,54887,63.50,20.778
34141,41999,63.50,20.778
34141,10354,52.00,17.015
34141,21661,52.50,17.179
34251,61316,63.50,20.778
34251,54887,63.50,20.778
34251,41999,63.50,20.778
34251,10354,52.00,17.015
34251,21661,52.50,17.179
34360,61316,63.50,20.778
34360,54887,63.50,20.778
34360,41999,63.50,20.778
34360,10354,52.00,17.015
34360,21661,52.50,17.179
34460,61316,63.50,20.778
34460,54887,63.50,20.778
34460,41999,63.50,20.778
34460,10354,52.00,17.015
34460,21661,52.50,17.179
34571,61316,63.50,20.778
34571,54887,63.50,20.778
34571,41999,63.50,20.778
34571,10354,52.00,17.015
34571,21661,52.50,17.179
34681,61316,63.50,20.778
34681,54887,63.50,20.778
34681,41999,63.50,20.778
34681,10354,52.00,17.015
34681,21661,52.50,17.179
34790,61316,63.50,20.778
34790,54887,63.50,20.778
34790,41999,63.50,20.778
34790,10354,52.00,17.015
34790,21661,52.50,17.179
34891,61316,63.50,20.778
34891,54887,63.50,20.778
34891,41999,63.50,20.778
34891,10354,52.00,17.015
34891,21661,52.50,17.179
35001,61316,63.50,20.778
35001,54887,63.50,20.778
35001,41999,63.50,20.778
35001,10354,52.00,17.015
35001,21661,52.50,17.179
35111,61316,63.50,20.778
35111,54887,63.50,20.778
35111,41999,63.50,20.778
35111,10354,52.00,17.015
35111,21661,52.50,17.179
35220,61316,63.50,20.778
35220,54887,63.50,20.778
35220,41999,63.50,20.778
35220,10354,52.00,17.015
35220,21661,52.50,17.179
35320,61316,63.50,20.778
35320,54887,63.50,20.778
35320,41999,63.50,20.778
35320,10354,52.00,17.015
35320,21661,52.50,17.179
35430,61316,63.50,20.778
35430,54887,63.50,20.778
35430,41999,63.50,20.778
35430,10354,52.00,17.015
35430,21661,52.50,17.179
35530,61316,63.50,20.778
35530,54887,63.50,20.778
35530,41999,63.50,20.778
35530,10354,52.00,17.015
35530,21661,52.50,17.179
35632,61316,63.50,20.778
35632,54887,63.50,20.778
35632,41999,63.50,20.778
35632,10354,52.00,17.015
35632,21661,52.50,17.179
35740,61316,63.50,20.778
35740,54887,63.50,20.778
35740,41999,63.50,20.778
35740,10354,52.00,17.015
35740,21661,52.50,17.179
35840,61316,63.50,20.778
35840,54887,63.50,20.778
35840,41999,63.50,20.778
35840,10354,52.00,17.015
35840,21661,52.50,17.179
35940,61316,63.50,20.778
35940,54887,63.50,20.778
35940,41999,63.50,20.778
35940,10354,52.00,17.015
35940,21661,52.50,17.179
36051,61316,63.50,20.778
36051,54887,63.50,20.778
36051,41999,63.50,20.778
36051,10354,52.00,17.015
36051,21661,52.50,17.179
36161,61316,63.50,20.778
36161,54887,63.50,20.778
36161,41999,63.50,20.778
36161,10354,52.00,17.015
36161,21661,52.50,17.179
36271,61316,63.50,20.778
36271,54887,63.50,20.778
36271,41999,63.50,20.778
36271,10354,52.00,17.015
36271,21661,52.50,17.179
36380,61316,6.00,2.282
36380,54887,63.50,20.778
36380,41999,57.00,18.651
36380,10354,52.00,17.015
36380,21661,52.50,17.179
36490,61316,6.00,2.282
36490,54887,63.50,20.778
36490,41999,57.00,18.651
36490,10354,52.00,17.015
36490,21661,52.50,17.179
36590,61316,6.00,2.282
36590,54887,63.50,20.778
36590,41999,57.00,18.651
36590,10354,52.00,17.015
36590,21661,52.50,17.179
36691,61316,6.00,2.282
36691,54887,63.50,20.778
36691,41999,57.00,18.651
36691,10354,52.00,17.015
36691,21661,52.50,17.179
36800,61316,6.00,2.282
36800,54887,63.50,20.778
36800,41999,57.00,18.651
36800,10354,52.00,17.015
36800,21661,52.50,17.179
36910,61316,6.00,2.282
36910,54887,52.00,17.015
36910,41999,57.00,18.651
36910,10354,52.00,17.015
36910,21661,52.50,17.179
37011,61316,6.00,2.282
37011,54887,52.00,17.015
37011,41999,57.00,18.651
37011,10354,52.00,17.015
37011,21661,52.50,17.179
37121,61316,63.50,20.778
37121,54887,52.00,17.015
37121,41999,63.50,20.778
37121,10354,52.00,17.015
37121,21661,52.50,17.179
37230,61316,63.50,20.778
37230,54887,52.00,17.015
37230,41999,63.50,20.778
37230,10354,52.00,17.015
37230,21661,52.50,17.179
37331,61316,63.50,20.778
37331,54887,52.00,17.015
37331,41999,63.50,20.778
37331,10354,52.00,17.015
37331,21661,52.50,17.179
37431,61316,63.50,20.778
37431,54887,52.00,17.015
37431,41999,63.50,20.778
37431,10354,52.00,17.015
37431,21661,52.50,17.179
37540,61316,63.50,20.778
37540,54887,52.00,17.015
37540,41999,63.50,20.778
37540,10354,52.00,17.015
37540,21661,52.50,17.179
37641,61316,63.50,20.778
37641,54887,52.00,17.015
37641,41999,63.50,20.778
37641,10354,52.00,17.015
37641,21661,52.50,17.179
37750,61316,63.50,20.778
37750,54887,52.00,17.015
37750,41999,63.50,20.778
37750,10354,52.00,17.015
37750,21661,52.50,17.179
37850,61316,63.50,20.778
37850,54887,52.00,17.015
37850,41999,63.50,20.778
37850,10354,52.00,17.015
37850,21661,52.50,17.179
37960,61316,63.50,20.778
37960,54887,52.00,17.015
37960,41999,63.50,20.778
37960,10354,52.00,17.015
37960,21661,52.50,17.179
38061,61316,63.50,20.778
38061,54887,52.00,17.015
38061,41999,63.50,20.778
38061,10354,52.00,17.015
38061,21661,52.50,17.179
38170,61316,63.50,20.778
38170,54887,52.00,17.015
38170,41999,63.50,20.778
38170,10354,52.00,17.015
38170,21661,52.50,17.179
38270,61316,63.50,20.778
38270,54887,52.00,17.015
38270,41999,63.50,20.778
38270,10354,52.00,17.015
38270,21661,52.50,17.179
38371,61316,63.50,20.778
38371,54887,52.00,17.015
38371,41999,63.50,20.778
38371,10354,52.00,17.015
38371,21661,52.50,17.179
38480,61316,63.50,20.778
38480,54887,52.00,17.015
38480,41999,63.50,20.778
38480,10354,52.00,17.015
38480,21661,52.50,17.179
38580,61316,63.50,20.778
38580,54887,52.00,17.015
38580,41999,63.50,20.778
38580,10354,52.00,17.015
38580,21661,52.50,17.179
38680,61316,63.50,20.778
38680,54887,52.00,17.015
38680,41999,63.50,20.778
38680,10354,52.00,17.015
38680,21661,52.50,17.179
38780,61316,63.50,20.778
38780,54887,52.00,17.015
38780,41999,63.50,20.778
38780,10354,52.00,17.015
38780,21661,52.50,17.179
38880,61316,63.50,20.778
38880,54887,52.00,17.015
38880,41999,63.50,20.778
38880,10354,52.00,17.015
38880,21661,52.50,17.179
38981,61316,63.50,20.778
38981,54887,52.00,17.015
38981,41999,63.50,20.778
38981,10354,52.00,17.015
38981,21661,52.50,17.179
39090,61316,63.50,20.778
39090,54887,52.00,17.015
39090,41999,63.50,20.778
39090,10354,52.00,17.015
39090,21661,52.50,17.179
39190,61316,63.50,20.778
39190,54887,52.00,17.015
39190,41999,63.50,20.778
39190,10354,52.00,17.015
39190,21661,52.50,17.179
39301,61316,63.50,20.778
39301,54887,52.00,17.015
39301,41999,63.50,20.778
39301,10354,52.00,17.015
39301,21661,52.50,17.179
39410,61316,63.50,20.778
39410,54887,52.00,17.015
39410,41999,63.50,20.778
39410,10354,52.00,17.015
39410,21661,52.50,17.179
39510,61316,63.50,20.778
39510,54887,52.00,17.015
39510,41999,63.50,20.778
39510,10354,52.00,17.015
39510,21661,52.50,17.179
39620,61316,63.50,20.778
39620,54887,52.00,17.015
39620,41999,63.50,20.778
39620,10354,52.00,17.015
39620,21661,52.50,17.179
39721,61316,63.50,20.778
39721,54887,52.00,17.015
39721,41999,63.50,20.778
39721,10354,52.00,17.015
39721,21661,52.50,17.179
39830,61316,63.50,20.778
39830,54887,52.00,17.015
39830,41999,63.50,20.778
39830,10354,52.00,17.015
39830,21661,52.50,17.179
39931,61316,63.50,20.778
39931,54887,52.00,17.015
39931,41999,63.50,20.778
39931,10354,52.00,17.015
39931,21661,52.50,17.179
40040,61316,63.50,20.778
40040,54887,52.00,17.015
40040,41999,63.50,20.778
40040,10354,52.00,17.015
40040,21661,52.50,17.179
40141,61316,63.50,20.778
40141,54887,52.00,17.015
40141,41999,63.50,20.778
40141,10354,52.00,17.015
40141,21661,52.50,17.179
40250,61316,63.50,20.778
40250,54887,52.00,17.015
40250,41999,63.50,20.778
40250,10354,54.50,17.833
40250,21661,52.50,17.179
40350,61316,63.50,20.778
40350,54887,52.00,17.015
40350,41999,63.50,20.778
40350,10354,54.50,17.833
40350,21661,52.50,17.179
40460,61316,63.50,20.778
40460,54887,52.00,17.015
40460,41999,63.50,20.778
40460,10354,52.00,17.015
40460,21661,52.50,17.179
40570,61316,63.50,20.778
40570,54887,52.00,17.015
40570,41999,63.50,20.778
40570,10354,52.00,17.015
40570,21661,52.50,17.179
40671,61316,63.50,20.778
40671,54887,63.50,20.778
40671,41999,63.50,20.778
40671,10354,52.00,17.015
40671,21661,52.50,17.179
40780,61316,63.50,20.778
40780,54887,63.50,20.778
40780,41999,63.50,20.778
40780,10354,52.00,17.015
40780,21661,52.50,17.179
40890,61316,63.50,20.778
40890,54887,63.50,20.778
40890,41999,63.50,20.778
40890,10354,52.00,17.015
40890,21661,52.50,17.179
40991,61316,63.50,20.778
40991,54887,63.50,20.778
40991,41999,63.50,20.778
40991,10354,52.00,17.015
40991,21661,52.50,17.179
41100,61316,63.50,20.778
41100,54887,63.50,20.778
41100,41999,63.50,20.778
41100,10354,52.00,17.015
41100,21661,52.50,17.179
41210,61316,63.50,20.778
41210,54887,63.50,20.778
41210,41999,63.50,20.778
41210,10354,52.00,17.015
41210,21661,52.50,17.179
41311,61316,63.50,20.778
41311,54887,63.50,20.778
41311,41999,63.50,20.778
41311,10354,52.00,17.015
41311,21661,52.50,17.179
41421,61316,63.50,20.778
41421,54887,63.50,20.778
41421,41999,63.50,20.778
41421,10354,52.00,17.015
41421,21661,52.50,17.179
41530,61316,63.50,20.778
41530,54887,63.50,20.778
41530,41999,63.50,20.778
41530,10354,52.00,17.015
41530,21661,52.50,17.179
41631,61316,63.50,20.778
41631,54887,63.50,20.778
41631,41999,63.50,20.778
41631,10354,52.00,17.015
41631,21661,52.50,17.179
41740,61316,63.50,20.778
41740,54887,63.50,20.778
41740,41999,63.50,20.778
41740,10354,52.00,17.015
41740,21661,52.50,17.179
41850,61316,63.50,20.778
41850,54887,63.50,20.778
41850,41999,63.50,20.778
41850,10354,52.00,17.015
41850,21661,52.50,17.179
41960,61316,63.50,20.778
41960,54887,63.50,20.778
41960,41999,63.50,20.778
41960,10354,52.00,17.015
41960,21661,52.50,17.179
42060,61316,63.50,20.778
42060,54887,63.50,20.778
42060,41999,63.50,20.778
42060,10354,52.00,17.015
42060,21661,52.50,17.179
42160,61316,63.50,20.778
42160,54887,63.50,20.778
42160,41999,63.50,20.778
42160,10354,52.00,17.015
42160,21661,52.50,17.179
42270,61316,63.50,20.778
42270,54887,63.50,20.778
42270,41999,63.50,20.778
42270,10354,52.00,17.015
42270,21661,52.50,17.179
42380,61316,63.50,20.778
42380,54887,63.50,20.778
42380,41999,63.50,20.778
42380,10354,52.00,17.015
42380,21661,52.50,17.179
42490,61316,63.50,20.778
42490,54887,63.50,20.778
42490,41999,63.50,20.778
42490,10354,52.00,17.015
42490,21661,52.50,17.179
42590,61316,63.50,20.778
42590,54887,63.50,20.778
42590,41999,63.50,20.778
42590,10354,52.00,17.015
42590,21661,52.50,17.179
42691,61316,63.50,20.778
42691,54887,63.50,20.778
42691,41999,63.50,20.778
42691,10354,52.00,17.015
42691,21661,52.50,17.179
42791,61316,63.50,20.778
42791,54887,63.50,20.778
42791,41999,63.50,20.778
42791,10354,52.00,17.015
42791,21661,52.50,17.179
42901,61316,63.50,20.778
42901,54887,63.50,20.778
42901,41999,63.50,20.778
42901,10354,52.00,17.015
42901,21661,52.50,17.179
43011,61316,63.50,20.778
43011,54887,63.50,20.778
43011,41999,63.50,20.778
43011,10354,52.00,17.015
43011,21661,52.50,17.179
43120,61316,63.50,20.778
43120,54887,63.50,20.778
43120,41999,63.50,20.778
43120,10354,52.00,17.015
43120,21661,52.50,17.179
43220,61316,63.50,20.778
43220,54887,63.50,20.778
43220,41999,63.50,20.778
43220,10354,52.00,17.015
43220,21661,52.50,17.179
43330,61316,63.50,20.778
43330,54887,63.50,20.778
43330,41999,63.50,20.778
43330,10354,52.00,17.015
43330,21661,52.50,17.179
43440,61316,63.50,20.778
43440,54887,63.50,20.778
43440,41999,63.50,20.778
43440,10354,52.00,17.015
43440,21661,52.50,17.179
43550,61316,63.50,20.778
43550,54887,63.50,20.778
43550,41999,63.50,20.778
43550,10354,52.00,17.015
43550,21661,52.50,17.179
43650,61316,63.50,20.778
43650,54887,63.50,20.778
43650,41999,63.50,20.778
43650,10354,52.00,17.015
43650,21661,52.50,17.179
43751,61316,63.50,20.778
43751,54887,63.50,20.778
43751,41999,63.50,20.778
43751,10354,52.00,17.015
43751,21661,52.50,17.179
43851,61316,63.50,20.778
43851,54887,63.50,20.778
43851,41999,63.50,20.778
43851,10354,52.00,17.015
43851,21661,52.50,17.179
43961,61316,63.50,20.778
43961,54887,63.50,20.778
43961,41999,63.50,20.778
43961,10354,52.00,17.015
43961,21661,52.50,17.179
44061,61316,63.50,20.778
44061,54887,63.50,20.778
44061,41999,63.50,20.778
44061,10354,54.50,17.833
44061,21661,52.50,17.179
44171,61316,63.50,20.778
44171,54887,63.50,20.778
44171,41999,63.50,20.778
44171,10354,54.50,17.833
44171,21661,52.50,17.179
44271,61316,63.50,20.778
44271,54887,63.50,20.778
44271,41999,63.50,20.778
44271,10354,52.00,17.015
44271,21661,52.50,17.179
44380,61316,63.50,20.778
44380,54887,63.50,20.778
44380,41999,63.50,20.778
44380,10354,52.00,17.015
44380,21661,52.50,17.179
44480,61316,63.50,20.778
44480,54887,63.50,20.778
44480,41999,63.50,20.778
44480,10354,52.00,17.015
44480,21661,52.50,17.179
44581,61316,63.50,20.778
44581,54887,63.50,20.778
44581,41999,63.50,20.778
44581,10354,52.00,17.015
44581,21661,52.50,17.179
44681,61316,63.50,20.778
44681,54887,63.50,20.778
44681,41999,63.50,20.778
44681,10354,52.00,17.015
44681,21661,52.50,17.179
44791,61316,63.50,20.778
44791,54887,63.50,20.778
44791,41999,63.50,20.778
44791,10354,52.00,17.015
44791,21661,52.50,17.179
44901,61316,63.50,20.778
44901,54887,63.50,20.778
44901,41999,63.50,20.778
44901,10354,52.00,17.015
44901,21661,52.50,17.179
45011,61316,63.50,20.778
45011,54887,63.50,20.778
45011,41999,63.50,20.778
45011,10354,52.00,17.015
45011,21661,52.50,17.179
45120,61316,63.50,20.778
45120,54887,63.50,20.778
45120,41999,63.50,20.778
45120,10354,52.00,17.015
45120,21661,52.50,17.179
45231,61316,63.50,20.778
45231,54887,63.50,20.778
45231,41999,63.50,20.778
45231,10354,52.00,17.015
45231,21661,52.50,17.179
45340,61316,63.50,20.778
45340,54887,63.50,20.778
45340,41999,63.50,20.778
45340,10354,52.00,17.015
45340,21661,52.50,17.179
45450,61316,63.50,20.778
45450,54887,63.50,20.778
45450,41999,63.50,20.778
45450,10354,52.00,17.015
45450,21661,52.50,17.179
45560,61316,63.50,20.778
45560,54887,63.50,20.778
45560,41999,63.50,20.778
45560,10354,52.00,17.015
45560,21661,52.50,17.179
45660,61316,63.50,20.778
45660,54887,63.50,20.778
45660,41999,63.50,20.778
45660,10354,52.00,17.015
45660,21661,52.50,17.179
45761,61316,63.50,20.778
45761,54887,63.50,20.778
45761,41999,63.50,20.778
45761,10354,52.00,17.015
45761,21661,52.50,17.179
45870,61316,63.50,20.778
45870,54887,63.50,20.778
45870,41999,63.50,20.778
45870,10354,52.00,17.015
45870,21661,52.50,17.179
45980,61316,63.50,20.778
45980,54887,63.50,20.778
45980,41999,63.50,20.778
45980,10354,52.00,17.015
45980,21661,52.50,17.179
46080,61316,63.50,20.778
46080,54887,63.50,20.778
46080,41999,63.50,20.778
46080,10354,52.00,17.015
46080,21661,52.50,17.179
46180,61316,63.50,20.778
46180,54887,63.50,20.778
46180,41999,63.50,20.778
46180,10354,52.00,17.015
46180,21661,52.50,17.179
46290,61316,63.50,20.778
46290,54887,63.50,20.778
46290,41999,63.50,20.778
46290,10354,52.00,17.015
46290,21661,52.50,17.179
46391,61316,63.50,20.778
46391,54887,63.50,20.778
46391,41999,63.50,20.778
46391,10354,52.00,17.015
46391,21661,52.50,17.179
46501,61316,63.50,20.778
46501,54887,63.50,20.778
46501,41999,63.50,20.778
46501,10354,52.00,17.015
46501,21661,52.50,17.179
46611,61316,63.50,20.778
46611,54887,63.50,20.778
46611,41999,63.50,20.778
46611,10354,52.00,17.015
46611,21661,52.50,17.179
46711,61316,63.50,20.778
46711,54887,63.50,20.778
46711,41999,63.50,20.778
46711,10354,52.00,17.015
46711,21661,52.50,17.179
46820,61316,63.50,20.778
46820,54887,63.50,20.778
46820,41999,63.50,20.778
46820,10354,52.00,17.015
46820,21661,52.50,17.179
46920,61316,63.50,20.778
46920,54887,63.50,20.778
46920,41999,63.50,20.778
46920,10354,52.00,17.015
46920,21661,52.50,17.179
47030,61316,63.50,20.778
47030,54887,63.50,20.778
47030,41999,63.50,20.778
47030,10354,52.00,17.015
47030,21661,52.50,17.179
47130,61316,63.50,20.778
47130,54887,63.50,20.778
47130,41999,63.50,20.778
47130,10354,52.00,17.015
47130,21661,52.50,17.179
47231,61316,63.50,20.778
47231,54887,63.50,20.778
47231,41999,63.50,20.778
47231,10354,52.00,17.015
47231,21661,52.50,17.179
47340,61316,63.50,20.778
47340,54887,63.50,20.778
47340,41999,63.50,20.778
47340,10354,52.00,17.015
47340,21661,52.50,17.179
47450,61316,63.50,20.778
47450,54887,63.50,20.778
47450,41999,63.50,20.778
47450,10354,52.00,17.015
47450,21661,52.50,17.179
47551,61316,63.50,20.778
47551,54887,63.50,20.778
47551,41999,63.50,20.778
47551,10354,52.00,17.015
47551,21661,52.50,17.179
47660,61316,63.50,20.778
47660,54887,63.50,20.778
47660,41999,63.50,20.778
47660,10354,52.00,17.015
47660,21661,52.50,17.179
47761,61316,63.50,20.778
47761,54887,63.50,20.778
47761,41999,63.50,20.778
47761,10354,52.00,17.015
47761,21661,52.50,17.179
47870,61316,63.50,20.778
47870,54887,63.50,20.778
47870,41999,63.50,20.778
47870,10354,54.50,17.833
47870,21661,52.50,17.179
47971,61316,63.50,20.778
47971,54887,63.50,20.778
47971,41999,63.50,20.778
47971,10354,54.50,17.833
47971,21661,52.50,17.179
48080,61316,63.50,20.778
48080,54887,63.50,20.778
48080,41999,63.50,20.778
48080,10354,52.00,17.015
48080,21661,52.50,17.179
48180,61316,63.50,20.778
48180,54887,63.50,20.778
48180,41999,63.50,20.778
48180,10354,52.00,17.015
48180,21661,52.50,17.179
48291,61316,63.50,20.778
48291,54887,63.50,20.778
48291,41999,63.50,20.778
48291,10354,52.00,17.015
48291,21661,52.50,17.179
48401,61316,63.50,20.778
48401,54887,63.50,20.778
48401,41999,63.50,20.778
48401,10354,52.00,17.015
48401,21661,52.50,17.179
48510,61316,63.50,20.778
48510,54887,63.50,20.778
48510,41999,63.50,20.778
48510,10354,52.00,17.015
48510,21661,52.50,17.179
48620,61316,63.50,20.778
48620,54887,63.50,20.778
48620,41999,63.50,20.778
48620,10354,52.00,17.015
48620,21661,52.50,17.179
48720,61316,63.50,20.778
48720,54887,63.50,20.778
48720,41999,63.50,20.778
48720,10354,52.00,17.015
48720,21661,52.50,17.179
48821,61316,63.50,20.778
48821,54887,63.50,20.778
48821,41999,63.50,20.778
48821,10354,52.00,17.015
48821,21661,52.50,17.179
48931,61316,63.50,20.778
48931,54887,63.50,20.778
48931,41999,63.50,20.778
48931,10354,52.00,17.015
48931,21661,52.50,17.179
49041,61316,63.50,20.778
49041,54887,63.50,20.778
49041,41999,63.50,20.778
49041,10354,52.00,17.015
49041,21661,52.50,17.179
49150,61316,63.50,20.778
49150,54887,63.50,20.778
49150,41999,63.50,20.778
49150,10354,52.00,17.015
49150,21661,52.50,17.179
49251,61316,63.50,20.778
49251,54887,63.50,20.778
49251,41999,63.50,20.778
49251,10354,52.00,17.015
49251,21661,52.50,17.179
49360,61316,63.50,20.778
49360,54887,63.50,20.778
49360,41999,63.50,20.778
49360,10354,52.00,17.015
49360,21661,52.50,17.179
49461,61316,63.50,20.778
49461,54887,63.50,20.778
49461,41999,63.50,20.778
49461,10354,52.00,17.015
49461,21661,52.50,17.179
49570,61316,63.50,20.778
49570,54887,63.50,20.778
49570,41999,63.50,20.778
49570,10354,52.00,17.015
49570,21661,52.50,17.179
49671,61316,63.50,20.778
49671,54887,63.50,20.778
49671,41999,63.50,20.778
49671,10354,52.00,17.015
49671,21661,52.50,17.179
49771,61316,63.50,20.778
49771,54887,63.50,20.778
49771,41999,63.50,20.778
49771,10354,52.00,17.015
49771,21661,52.50,17.179
49880,61316,63.50,20.778
49880,54887,63.50,20.778
49880,41999,63.50,20.778
49880,10354,52.00,17.015
49880,21661,52.50,17.179
49991,61316,63.50,20.778
49991,54887,63.50,20.778
49991,41999,63.50,20.778
49991,10354,52.00,17.015
49991,21661,52.50,17.179
50091,61316,63.50,20.778
50091,54887,63.50,20.778
50091,41999,63.50,20.778
50091,10354,52.00,17.015
50091,21661,52.50,17.179
50200,61316,63.50,20.778
50200,54887,63.50,20.778
50200,41999,63.50,20.778
50200,10354,52.00,17.015
50200,21661,52.50,17.179
50300,61316,63.50,20.778
50300,54887,63.50,20.778
50300,41999,63.50,20.778
50300,10354,52.00,17.015
50300,21661,52.50,17.179
50411,61316,63.50,20.778
50411,54887,63.50,20.778
50411,41999,63.50,20.778
50411,10354,52.00,17.015
50411,21661,52.50,17.179
50520,61316,63.50,20.778
50520,54887,63.50,20.778
50520,41999,63.50,20.778
50520,10354,52.00,17.015
50520,21661,52.50,17.179
50632,61316,63.50,20.778
50632,54887,63.50,20.778
50632,41999,63.50,20.778
50632,10354,52.00,17.015
50632,21661,52.50,17.179
50740,61316,63.50,20.778
50740,54887,63.50,20.778
50740,41999,63.50,20.778
50740,10354,52.00,17.015
50740,21661,52.50,17.179
50842,61316,63.50,20.778
50842,54887,63.50,20.778
50842,41999,63.50,20.778
50842,10354,52.00,17.015
50842,21661,52.50,17.179
50950,61316,63.50,20.778
50950,54887,63.50,20.778
50950,41999,63.50,20.778
50950,10354,52.00,17.015
50950,21661,52.50,17.179
51051,61316,63.50,20.778
51051,54887,63.50,20.778
51051,41999,63.50,20.778
51051,10354,52.00,17.015
51051,21661,52.50,17.179
51151,61316,63.50,20.778
51151,54887,63.50,20.778
51151,41999,63.50,20.778
51151,10354,52.00,17.015
51151,21661,52.50,17.179
51260,61316,63.50,20.778
51260,54887,63.50,20.778
51260,41999,63.50,20.778
51260,10354,52.00,17.015
51260,21661,52.50,17.179
51361,61316,63.50,20.778
51361,54887,63.50,20.778
51361,41999,63.50,20.778
51361,10354,52.00,17.015
51361,21661,52.50,17.179
51470,61316,63.50,20.778
51470,54887,63.50,20.778
51470,41999,63.50,20.778
51470,10354,52.00,17.015
51470,21661,52.50,17.179
51571,61316,63.50,20.778
51571,54887,63.50,20.778
51571,41999,63.50,20.778
51571,10354,54.50,17.833
51571,21661,52.50,17.179
51681,61316,63.50,20.778
51681,54887,63.50,20.778
51681,41999,63.50,20.778
51681,10354,54.50,17.833
51681,21661,52.50,17.179
51791,61316,63.50,20.778
51791,54887,63.50,20.778
51791,41999,63.50,20.778
51791,10354,54.50,17.833
51791,21661,52.50,17.179
51900,61316,63.50,20.778
51900,54887,63.50,20.778
51900,41999,63.50,20.778
51900,10354,52.00,17.015
51900,21661,52.50,17.179
52001,61316,63.50,20.778
52001,54887,63.50,20.778
52001,41999,63.50,20.778
52001,10354,52.00,17.015
52001,21661,52.50,17.179
52101,61316,63.50,20.778
52101,54887,63.50,20.778
52101,41999,63.50,20.778
52101,10354,52.00,17.015
52101,21661,52.50,17.179
52210,61316,63.50,20.778
52210,54887,63.50,20.778
52210,41999,63.50,20.778
52210,10354,52.00,17.015
52210,21661,52.50,17.179
52310,61316,63.50,20.778
52310,54887,63.50,20.778
52310,41999,63.50,20.778
52310,10354,52.00,17.015
52310,21661,52.50,17.179
52411,61316,63.50,20.778
52411,54887,63.50,20.778
52411,41999,63.50,20.778
52411,10354,52.00,17.015
52411,21661,52.50,17.179
52511,61316,63.50,20.778
52511,54887,63.50,20.778
52511,41999,63.50,20.778
52511,10354,52.00,17.015
52511,21661,52.50,17.179
52620,61316,63.50,20.778
52620,54887,63.50,20.778
52620,41999,63.50,20.778
52620,10354,52.00,17.015
52620,21661,52.50,17.179
52721,61316,63.50,20.778
52721,54887,63.50,20.778
52721,41999,63.50,20.778
52721,10354,52.00,17.015
52721,21661,52.50,17.179
52830,61316,63.50,20.778
52830,54887,63.50,20.778
52830,41999,63.50,20.778
52830,10354,52.00,17.015
52830,21661,52.50,17.179
52930,61316,63.50,20.778
52930,54887,63.50,20.778
52930,41999,63.50,20.778
52930,10354,52.00,17.015
52930,21661,52.50,17.179
53031,61316,63.50,20.778
53031,54887,63.50,20.778
53031,41999,63.50,20.778
53031,10354,52.00,17.015
53031,21661,52.50,17.179
53140,61316,63.50,20.778
53140,54887,63.50,20.778
53140,41999,63.50,20.778
53140,10354,52.00,17.015
53140,21661,52.50,17.179
53240,61316,63.50,20.778
53240,54887,63.50,20.778
53240,41999,63.50,20.778
53240,10354,52.00,17.015
53240,21661,52.50,17.179
53341,61316,63.50,20.778
53341,54887,63.50,20.778
53341,41999,63.50,20.778
53341,10354,52.00,17.015
53341,21661,52.50,17.179
53451,61316,63.50,20.778
53451,54887,63.50,20.778
53451,41999,63.50,20.778
53451,10354,52.00,17.015
53451,21661,52.50,17.179
53560,61316,63.50,20.778
53560,54887,63.50,20.778
53560,41999,63.50,20.778
53560,10354,52.00,17.015
53560,21661,52.50,17.179
53661,61316,63.50,20.778
53661,54887,63.50,20.778
53661,41999,63.50,20.778
53661,10354,52.00,17.015
53661,21661,52.50,17.179
53770,61316,63.50,20.778
53770,54887,63.50,20.778
53770,41999,63.50,20.778
53770,10354,52.00,17.015
53770,21661,52.50,17.179
53871,61316,63.50,20.778
53871,54887,63.50,20.778
53871,41999,63.50,20.778
53871,10354,52.00,17.015
53871,21661,52.50,17.179
53971,61316,63.50,20.778
53971,54887,63.50,20.778
53971,41999,63.50,20.778
53971,10354,52.00,17.015
53971,21661,52.50,17.179
54081,61316,63.50,20.778
54081,54887,63.50,20.778
54081,41999,63.50,20.778
54081,10354,52.00,17.015
54081,21661,52.50,17.179
54190,61316,63.50,20.778
54190,54887,63.50,20.778
54190,41999,63.50,20.778
54190,10354,52.00,17.015
54190,21661,52.50,17.179
54291,61316,63.50,20.778
54291,54887,63.50,20.778
54291,41999,63.50,20.778
54291,10354,52.00,17.015
54291,21661,52.50,17.179
54400,61316,63.50,20.778
54400,54887,63.50,20.778
54400,41999,63.50,20.778
54400,10354,52.00,17.015
54400,21661,52.50,17.179
54501,61316,63.50,20.778
54501,54887,63.50,20.778
54501,41999,63.50,20.778
54501,10354,52.00,17.015
54501,21661,52.50,17.179
54611,61316,63.50,20.778
54611,54887,63.50,20.778
54611,41999,63.50,20.778
54611,10354,52.00,17.015
54611,21661,52.50,17.179
54721,61316,63.50,20.778
54721,54887,63.50,20.778
54721,41999,63.50,20.778
54721,10354,52.00,17.015
54721,21661,52.50,17.179
54831,61316,63.50,20.778
54831,54887,63.50,20.778
54831,41999,63.50,20.778
54831,10354,52.00,17.015
54831,21661,52.50,17.179
54940,61316,63.50,20.778
54940,54887,63.50,20.778
54940,41999,63.50,20.778
54940,10354,52.00,17.015
54940,21661,52.50,17.179
55040,61316,63.50,20.778
55040,54887,63.50,20.778
55040,41999,63.50,20.778
55040,10354,52.00,17.015
55040,21661,52.50,17.179
55141,61316,63.50,20.778
55141,54887,63.50,20.778
55141,41999,63.50,20.778
55141,10354,52.00,17.015
55141,21661,52.50,17.179
55241,61316,63.50,20.778
55241,54887,63.50,20.778
55241,41999,63.50,20.778
55241,10354,52.00,17.015
55241,21661,52.50,17.179
55351,61316,63.50,20.778
55351,54887,63.50,20.778
55351,41999,63.50,20.778
55351,10354,52.00,17.015
55351,21661,52.50,17.179
55461,61316,63.50,20.778
55461,54887,63.50,20.778
55461,41999,63.50,20.778
55461,10354,54.50,17.833
55461,21661,52.50,17.179
55571,61316,63.50,20.778
55571,54887,63.50,20.778
55571,41999,63.50,20.778
55571,10354,54.50,17.833
55571,21661,52.50,17.179
55681,61316,63.50,20.778
55681,54887,63.50,20.778
55681,41999,63.50,20.778
55681,10354,52.00,17.015
55681,21661,52.50,17.179
55781,61316,63.50,20.778
55781,54887,63.50,20.778
55781,41999,63.50,20.778
55781,10354,52.00,17.015
55781,21661,52.50,17.179
55891,61316,63.50,20.778
55891,54887,63.50,20.778
55891,41999,63.50,20.778
55891,10354,52.00,17.015
55891,21661,52.50,17.179
55991,61316,63.50,20.778
55991,54887,63.50,20.778
55991,41999,63.50,20.778
55991,10354,52.00,17.015
55991,21661,52.50,17.179
56091,61316,63.50,20.778
56091,54887,63.50,20.778
56091,41999,63.50,20.778
56091,10354,52.00,17.015
56091,21661,52.50,17.179
56201,61316,63.50,20.778
56201,54887,63.50,20.778
56201,41999,63.50,20.778
56201,10354,52.00,17.015
56201,21661,52.50,17.179
56301,61316,63.50,20.778
56301,54887,63.50,20.778
56301,41999,63.50,20.778
56301,10354,52.00,17.015
56301,21661,52.50,17.179
56411,61316,63.50,20.778
56411,54887,63.50,20.778
56411,41999,63.50,20.778
56411,10354,52.00,17.015
56411,21661,52.50,17.179
56521,61316,63.50,20.778
56521,54887,63.50,20.778
56521,41999,63.50,20.778
56521,10354,52.00,17.015
56521,21661,52.50,17.179
56630,61316,63.50,20.778
56630,54887,63.50,20.778
56630,41999,63.50,20.778
56630,10354,52.00,17.015
56630,21661,52.50,17.179
56731,61316,63.50,20.778
56731,54887,63.50,20.778
56731,41999,63.50,20.778
56731,10354,52.00,17.015
56731,21661,52.50,17.179
56840,61316,63.50,20.778
56840,54887,63.50,20.778
56840,41999,63.50,20.778
56840,10354,52.00,17.015
56840,21661,52.50,17.179
56941,61316,63.50,20.778
56941,54887,63.50,20.778
56941,41999,63.50,20.778
56941,10354,52.00,17.015
56941,21661,52.50,17.179
57051,61316,63.50,20.778
57051,54887,63.50,20.778
57051,41999,63.50,20.778
57051,10354,52.00,17.015
57051,21661,52.50,17.179
57160,61316,63.50,20.778
57160,54887,63.50,20.778
57160,41999,63.50,20.778
57160,10354,52.00,17.015
57160,21661,52.50,17.179
57261,61316,63.50,20.778
57261,54887,63.50,20.778
57261,41999,63.50,20.778
57261,10354,52.00,17.015
57261,21661,52.50,17.179
57371,61316,63.50,20.778
57371,54887,63.50,20.778
57371,41999,63.50,20.778
57371,10354,52.00,17.015
57371,21661,52.50,17.179
57471,61316,63.50,20.778
57471,54887,63.50,20.778
57471,41999,63.50,20.778
57471,10354,52.00,17.015
57471,21661,52.50,17.179
57581,61316,63.50,20.778
57581,54887,63.50,20.778
57581,41999,63.50,20.778
57581,10354,52.00,17.015
57581,21661,52.50,17.179
57691,61316,63.50,20.778
57691,54887,63.50,20.778
57691,41999,63.50,20.778
57691,10354,52.00,17.015
57691,21661,52.50,17.179
57801,61316,63.50,20.778
57801,54887,63.50,20.778
57801,41999,63.50,20.778
57801,10354,52.00,17.015
57801,21661,52.50,17.179
57911,61316,63.50,20.778
57911,54887,63.50,20.778
57911,41999,63.50,20.778
57911,10354,52.00,17.015
57911,21661,52.50,17.179
58021,61316,63.50,20.778
58021,54887,63.50,20.778
58021,41999,63.50,20.778
58021,10354,52.00,17.015
58021,21661,52.50,17.179
58130,61316,63.50,20.778
58130,54887,63.50,20.778
58130,41999,63.50,20.778
58130,10354,52.00,17.015
58130,21661,52.50,17.179
58231,61316,63.50,20.778
58231,54887,63.50,20.778
58231,41999,63.50,20.778
58231,10354,52.00,17.015
58231,21661,52.50,17.179
58340,61316,63.50,20.778
58340,54887,63.50,20.778
58340,41999,63.50,20.778
58340,10354,52.00,17.015
58340,21661,52.50,17.179
58451,61316,63.50,20.778
58451,54887,63.50,20.778
58451,41999,63.50,20.778
58451,10354,52.00,17.015
58451,21661,52.50,17.179
58560,61316,63.50,20.778
58560,54887,63.50,20.778
58560,41999,63.50,20.778
58560,10354,52.00,17.015
58560,21661,52.50,17.179
58661,61316,63.50,20.778
58661,54887,63.50,20.778
58661,41999,63.50,20.778
58661,10354,52.00,17.015
58661,21661,52.50,17.179
58770,61316,63.50,20.778
58770,54887,63.50,20.778
58770,41999,63.50,20.778
58770,10354,52.00,17.015
58770,21661,52.50,17.179
58880,61316,63.50,20.778
58880,54887,63.50,20.778
58880,41999,63.50,20.778
58880,10354,52.00,17.015
58880,21661,52.50,17.179
58991,61316,63.50,20.778
58991,54887,63.50,20.778
58991,41999,63.50,20.778
58991,10354,52.00,17.015
58991,21661,52.50,17.179
59100,61316,63.50,20.778
59100,54887,63.50,20.778
59100,41999,63.50,20.778
59100,10354,52.00,17.015
59100,21661,52.50,17.179
59201,61316,63.50,20.778
59201,54887,63.50,20.778
59201,41999,63.50,20.778
59201,10354,54.50,17.833
59201,21661,52.50,17.179
59311,61316,63.50,20.778
59311,54887,63.50,20.778
59311,41999,63.50,20.778
59311,10354,54.50,17.833
59311,21661,52.50,17.179
59421,61316,63.50,20.778
59421,54887,63.50,20.778
59421,41999,63.50,20.778
59421,10354,54.50,17.833
59421,21661,52.50,17.179
59521,61316,63.50,20.778
59521,54887,63.50,20.778
59521,41999,63.50,20.778
59521,10354,52.00,17.015
59521,21661,52.50,17.179
59631,61316,63.50,20.778
59631,54887,63.50,20.778
59631,41999,63.50,20.778
59631,10354,52.00,17.015
59631,21661,52.50,17.179
59741,61316,63.50,20.778
59741,54887,63.50,20.778
59741,41999,63.50,20.778
59741,10354,52.00,17.015
59741,21661,52.50,17.179
59841,61316,63.50,20.778
59841,54887,63.50,20.778
59841,41999,63.50,20.778
59841,10354,52.00,17.015
59841,21661,52.50,17.179
59951,61316,63.50,20.778
59951,54887,63.50,20.778
59951,41999,63.50,20.778
59951,10354,52.00,17.015
59951,21661,52.50,17.179
60051,61316,63.50,20.778
60051,54887,63.50,20.778
60051,41999,63.50,20.778
60051,10354,52.00,17.015
60051,21661,52.50,17.179
60161,61316,63.50,20.778
60161,54887,63.50,20.778
60161,41999,63.50,20.778
60161,10354,52.00,17.015
60161,21661,52.50,17.179
60270,61316,63.50,20.778
60270,54887,63.50,20.778
60270,41999,63.50,20.778
60270,10354,52.00,17.015
60270,21661,52.50,17.179
60371,61316,63.50,20.778
60371,54887,63.50,20.778
60371,41999,63.50,20.778
60371,10354,52.00,17.015
60371,21661,52.50,17.179
60480,61316,63.50,20.778
60480,54887,63.50,20.778
60480,41999,63.50,20.778
60480,10354,52.00,17.015
60480,21661,52.50,17.179
60581,61316,63.50,20.778
60581,54887,63.50,20.778
60581,41999,63.50,20.778
60581,10354,52.00,17.015
60581,21661,52.50,17.179
60681,61316,63.50,20.778
60681,54887,63.50,20.778
60681,41999,63.50,20.778
60681,10354,52.00,17.015
60681,21661,52.50,17.179
60781,61316,63.50,20.778
60781,54887,63.50,20.778
60781,41999,63.50,20.778
60781,10354,52.00,17.015
60781,21661,52.50,17.179
60892,61316,63.50,20.778
60892,54887,63.50,20.778
60892,41999,63.50,20.778
60892,10354,52.00,17.015
60892,21661,52.50,17.179
61000,61316,63.50,20.778
61000,54887,63.50,20.778
61000,41999,63.50,20.778
61000,10354,52.00,17.015
61000,21661,52.50,17.179
61110,61316,63.50,20.778
61110,54887,63.50,20.778
61110,41999,63.50,20.778
61110,10354,52.00,17.015
61110,21661,52.50,17.179
61210,61316,63.50,20.778
61210,54887,63.50,20.778
61210,41999,63.50,20.778
61210,10354,52.00,17.015
61210,21661,52.50,17.179
61311,61316,63.50,20.778
61311,54887,63.50,20.778
61311,41999,63.50,20.778
61311,10354,52.00,17.015
61311,21661,52.50,17.179
61421,61316,63.50,20.778
61421,54887,63.50,20.778
61421,41999,63.50,20.778
61421,10354,52.00,17.015
61421,21661,52.50,17.179
61530,61316,63.50,20.778
61530,54887,63.50,20.778
61530,41999,63.50,20.778
61530,10354,52.00,17.015
61530,21661,52.50,17.179
61631,61316,63.50,20.778
61631,54887,63.50,20.778
61631,41999,63.50,20.778
61631,10354,52.00,17.015
61631,21661,52.50,17.179
61731,61316,63.50,20.778
61731,54887,63.50,20.778
61731,41999,63.50,20.778
61731,10354,52.00,17.015
61731,21661,52.50,17.179
61841,61316,63.50,20.778
61841,54887,63.50,20.778
61841,41999,63.50,20.778
61841,10354,52.00,17.015
61841,21661,52.50,17.179
61950,61316,63.50,20.778
61950,54887,63.50,20.778
61950,41999,63.50,20.778
61950,10354,52.00,17.015
61950,21661,52.50,17.179
62051,61316,63.50,20.778
62051,54887,63.50,20.778
62051,41999,63.50,20.778
62051,10354,52.00,17.015
62051,21661,52.50,17.179
62151,61316,63.50,20.778
62151,54887,63.50,20.778
62151,41999,63.50,20.778
62151,10354,52.00,17.015
62151,21661,52.50,17.179
62261,61316,63.50,20.778
62261,54887,63.50,20.778
62261,41999,63.50,20.778
62261,10354,52.00,17.015
62261,21661,52.50,17.179
62361,61316,63.50,20.778
62361,54887,63.50,20.778
62361,41999,63.50,20.778
62361,10354,52.00,17.015
62361,21661,52.50,17.179
62461,61316,63.50,20.778
62461,54887,63.50,20.778
62461,41999,63.50,20.778
62461,10354,52.00,17.015
62461,21661,52.50,17.179
62571,61316,63.50,20.778
62571,54887,63.50,20.778
62571,41999,63.50,20.778
62571,10354,52.00,17.015
62571,21661,52.50,17.179
62681,61316,63.50,20.778
62681,54887,63.50,20.778
62681,41999,63.50,20.778
62681,10354,52.00,17.015
62681,21661,52.50,17.179
62781,61316,63.50,20.778
62781,54887,63.50,20.778
62781,41999,63.50,20.778
62781,10354,52.00,17.015
62781,21661,52.50,17.179
62891,61316,63.50,20.778
62891,54887,63.50,20.778
62891,41999,63.50,20.778
62891,10354,52.00,17.015
62891,21661,52.50,17.179
63001,61316,63.50,20.778
63001,54887,63.50,20.778
63001,41999,63.50,20.778
63001,10354,52.00,17.015
63001,21661,52.50,17.179
63111,61316,63.50,20.778
63111,54887,63.50,20.778
63111,41999,63.50,20.778
63111,10354,54.50,17.833
63111,21661,52.50,17.179
63211,61316,63.50,20.778
63211,54887,63.50,20.778
63211,41999,63.50,20.778
63211,10354,54.50,17.833
63211,21661,52.50,17.179
63321,61316,63.50,20.778
63321,54887,63.50,20.778
63321,41999,63.50,20.778
63321,10354,52.00,17.015
63321,21661,52.50,17.179
63434,61316,63.50,20.778
63434,54887,63.50,20.778
63434,41999,63.50,20.778
63434,10354,52.00,17.015
63434,21661,52.50,17.179
63541,61316,63.50,20.778
63541,54887,53.00,17.342
63541,41999,57.50,18.815
63541,10354,52.00,17.015
63541,21661,52.50,17.179
63641,61316,63.50,20.778
63641,54887,53.00,17.342
63641,41999,57.50,18.815
63641,10354,52.00,17.015
63641,21661,52.50,17.179
63741,61316,63.50,20.778
63741,54887,53.00,17.342
63741,41999,63.50,20.778
63741,10354,52.00,17.015
63741,21661,52.50,17.179
63850,61316,63.50,20.778
63850,54887,53.00,17.342
63850,41999,63.50,20.778
63850,10354,52.00,17.015
63850,21661,52.50,17.179
63951,61316,63.50,20.778
63951,54887,53.00,17.342
63951,41999,63.50,20.778
63951,10354,52.00,17.015
63951,21661,52.50,17.179
64051,61316,63.50,20.778
64051,54887,53.00,17.342
64051,41999,63.50,20.778
64051,10354,52.00,17.015
64051,21661,52.50,17.179
64162,61316,63.50,20.778
64162,54887,53.00,17.342
64162,41999,63.50,20.778
64162,10354,52.00,17.015
64162,21661,52.50,17.179
64271,61316,63.50,20.778
64271,54887,53.00,17.342
64271,41999,63.50,20.778
64271,10354,52.00,17.015
64271,21661,52.50,17.179
64372,61316,63.50,20.778
64372,54887,53.00,17.342
64372,41999,63.50,20.778
64372,10354,52.00,17.015
64372,21661,52.50,17.179
64472,61316,63.50,20.778
64472,54887,53.00,17.342
64472,41999,63.50,20.778
64472,10354,52.00,17.015
64472,21661,52.50,17.179
64582,61316,63.50,20.778
64582,54887,53.00,17.342
64582,41999,63.50,20.778
64582,10354,52.00,17.015
64582,21661,52.50,17.179
64683,61316,63.50,20.778
64683,54887,53.00,17.342
64683,41999,63.50,20.778
64683,10354,52.00,17.015
64683,21661,52.50,17.179
64791,61316,63.50,20.778
64791,54887,53.00,17.342
64791,41999,63.50,20.778
64791,10354,52.00,17.015
64791,21661,52.50,17.179
64892,61316,63.50,20.778
64892,54887,53.00,17.342
64892,41999,63.50,20.778
64892,10354,52.00,17.015
64892,21661,52.50,17.179
65001,61316,63.50,20.778
65001,54887,53.00,17.342
65001,41999,63.50,20.778
65001,10354,52.00,17.015
65001,21661,52.50,17.179
65111,61316,63.50,20.778
65111,54887,53.00,17.342
65111,41999,63.50,20.778
65111,10354,52.00,17.015
65111,21661,52.50,17.179
65221,61316,63.50,20.778
65221,54887,53.00,17.342
65221,41999,63.50,20.778
65221,10354,52.00,17.015
65221,21661,52.50,17.179
65331,61316,63.50,20.778
65331,54887,53.00,17.342
65331,41999,63.50,20.778
65331,10354,52.00,17.015
65331,21661,52.50,17.179
65441,61316,63.50,20.778
65441,54887,53.00,17.342
65441,41999,63.50,20.778
65441,10354,52.00,17.015
65441,21661,52.50,17.179
65551,61316,63.50,20.778
65551,54887,53.00,17.342
65551,41999,63.50,20.778
65551,10354,52.00,17.015
65551,21661,52.50,17.179
65661,61316,63.50,20.778
65661,54887,53.00,17.342
65661,41999,63.50,20.778
65661,10354,52.00,17.015
65661,21661,52.50,17.179
65770,61316,63.50,20.778
65770,54887,53.00,17.342
65770,41999,63.50,20.778
65770,10354,52.00,17.015
65770,21661,52.50,17.179
65871,61316,63.50,20.778
65871,54887,53.00,17.342
65871,41999,63.50,20.778
65871,10354,52.00,17.015
65871,21661,52.50,17.179
65980,61316,63.50,20.778
65980,54887,53.00,17.342
65980,41999,63.50,20.778
65980,10354,52.00,17.015
65980,21661,52.50,17.179
66081,61316,63.50,20.778
66081,54887,53.00,17.342
66081,41999,63.50,20.778
66081,10354,52.00,17.015
66081,21661,52.50,17.179
66181,61316,63.50,20.778
66181,54887,53.00,17.342
66181,41999,63.50,20.778
66181,10354,52.00,17.015
66181,21661,52.50,17.179
66291,61316,63.50,20.778
66291,54887,53.00,17.342
66291,41999,63.50,20.778
66291,10354,52.00,17.015
66291,21661,52.50,17.179
66400,61316,63.50,20.778
66400,54887,53.00,17.342
66400,41999,63.50,20.778
66400,10354,52.00,17.015
66400,21661,52.50,17.179
66501,61316,63.50,20.778
66501,54887,53.00,17.342
66501,41999,63.50,20.778
66501,10354,52.00,17.015
66501,21661,52.50,17.179
66611,61316,63.50,20.778
66611,54887,53.00,17.342
66611,41999,63.50,20.778
66611,10354,52.00,17.015
66611,21661,52.50,17.179
66721,61316,63.50,20.778
66721,54887,53.00,17.342
66721,41999,63.50,20.778
66721,10354,52.00,17.015
66721,21661,52.50,17.179
66831,61316,63.50,20.778
66831,54887,53.00,17.342
66831,41999,63.50,20.778
66831,10354,54.50,17.833
66831,21661,52.50,17.179
66941,61316,63.50,20.778
66941,54887,53.00,17.342
66941,41999,63.50,20.778
66941,10354,54.50,17.833
66941,21661,52.50,17.179
67041,61316,63.50,20.778
67041,54887,53.00,17.342
67041,41999,63.50,20.778
67041,10354,52.00,17.015
67041,21661,52.50,17.179
67151,61316,63.50,20.778
67151,54887,53.00,17.342
67151,41999,63.50,20.778
67151,10354,52.00,17.015
67151,21661,52.50,17.179
67261,61316,63.50,20.778
67261,54887,53.00,17.342
67261,41999,63.50,20.778
67261,10354,52.00,17.015
67261,21661,52.50,17.179
67371,61316,63.50,20.778
67371,54887,63.50,20.778
67371,41999,63.50,20.778
67371,10354,52.00,17.015
67371,21661,52.50,17.179
67481,61316,63.50,20.778
67481,54887,63.50,20.778
67481,41999,63.50,20.778
67481,10354,52.00,17.015
67481,21661,52.50,17.179
67581,61316,63.50,20.778
67581,54887,63.50,20.778
67581,41999,63.50,20.778
67581,10354,52.00,17.015
67581,21661,52.50,17.179
67692,61316,63.50,20.778
67692,54887,63.50,20.778
67692,41999,63.50,20.778
67692,10354,52.00,17.015
67692,21661,52.50,17.179
67801,61316,63.50,20.778
67801,54887,63.50,20.778
67801,41999,63.50,20.778
67801,10354,52.00,17.015
67801,21661,52.50,17.179
67910,61316,63.50,20.778
67910,54887,63.50,20.778
67910,41999,63.50,20.778
67910,10354,52.00,17.015
67910,21661,52.50,17.179
68021,61316,63.50,20.778
68021,54887,63.50,20.778
68021,41999,63.50,20.778
68021,10354,52.00,17.015
68021,21661,52.50,17.179
68131,61316,63.50,20.778
68131,54887,63.50,20.778
68131,41999,63.50,20.778
68131,10354,52.00,17.015
68131,21661,52.50,17.179
68241,61316,63.50,20.778
68241,54887,63.50,20.778
68241,41999,63.50,20.778
68241,10354,52.00,17.015
68241,21661,52.50,17.179
68351,61316,63.50,20.778
68351,54887,63.50,20.778
68351,41999,63.50,20.778
68351,10354,52.00,17.015
68351,21661,52.50,17.179
68451,61316,63.50,20.778
68451,54887,63.50,20.778
68451,41999,63.50,20.778
68451,10354,52.00,17.015
68451,21661,52.50,17.179
68560,61316,63.50,20.778
68560,54887,63.50,20.778
68560,41999,63.50,20.778
68560,10354,52.00,17.015
68560,21661,52.50,17.179
68660,61316,63.50,20.778
68660,54887,63.50,20.778
68660,41999,63.50,20.778
68660,10354,52.00,17.015
68660,21661,52.50,17.179
68760,61316,63.50,20.778
68760,54887,63.50,20.778
68760,41999,63.50,20.778
68760,10354,52.00,17.015
68760,21661,52.50,17.179
68861,61316,63.50,20.778
68861,54887,63.50,20.778
68861,41999,63.50,20.778
68861,10354,52.00,17.015
68861,21661,52.50,17.179
68961,61316,63.50,20.778
68961,54887,63.50,20.778
68961,41999,63.50,20.778
68961,10354,52.00,17.015
68961,21661,52.50,17.179
69061,61316,63.50,20.778
69061,54887,63.50,20.778
69061,41999,63.50,20.778
69061,10354,52.00,17.015
69061,21661,52.50,17.179
69170,61316,63.50,20.778
69170,54887,63.50,20.778
69170,41999,63.50,20.778
69170,10354,52.00,17.015
69170,21661,52.50,17.179
69272,61316,63.50,20.778
69272,54887,63.50,20.778
69272,41999,63.50,20.778
69272,10354,52.00,17.015
69272,21661,52.50,17.179
69381,61316,63.50,20.778
69381,54887,63.50,20.778
69381,41999,63.50,20.778
69381,10354,52.00,17.015
69381,21661,52.50,17.179
69481,61316,63.50,20.778
69481,54887,63.50,20.778
69481,41999,63.50,20.778
69481,10354,52.00,17.015
69481,21661,52.50,17.179
69591,61316,63.50,20.778
69591,54887,63.50,20.778
69591,41999,63.50,20.778
69591,10354,52.00,17.015
69591,21661,52.50,17.179
69691,61316,63.50,20.778
69691,54887,63.50,20.778
69691,41999,63.50,20.778
69691,10354,52.00,17.015
69691,21661,52.50,17.179
69791,61316,63.50,20.778
69791,54887,63.50,20.778
69791,41999,63.50,20.778
69791,10354,52.00,17.015
69791,21661,52.50,17.179
69891,61316,63.50,20.778
69891,54887,63.50,20.778
69891,41999,63.50,20.778
69891,10354,52.00,17.015
69891,21661,52.50,17.179
69991,61316,63.50,20.778
69991,54887,63.50,20.778
69991,41999,63.50,20.778
69991,10354,52.00,17.015
69991,21661,52.50,17.179
70100,61316,63.50,20.778
70100,54887,63.50,20.778
70100,41999,63.50,20.778
70100,10354,52.00,17.015
70100,21661,52.50,17.179
70200,61316,63.50,20.778
70200,54887,63.50,20.778
70200,41999,63.50,20.778
70200,10354,52.00,17.015
70200,21661,52.50,17.179
70301,61316,63.50,20.778
70301,54887,63.50,20.778
70301,41999,63.50,20.778
70301,10354,52.00,17.015
70301,21661,52.50,17.179
70411,61316,63.50,20.778
70411,54887,63.50,20.778
70411,41999,63.50,20.778
70411,10354,52.00,17.015
70411,21661,52.50,17.179
70521,61316,63.50,20.778
70521,54887,63.50,20.778
70521,41999,63.50,20.778
70521,10354,54.50,17.833
70521,21661,52.50,17.179
70630,61316,63.50,20.778
70630,54887,63.50,20.778
70630,41999,63.50,20.778
70630,10354,54.50,17.833
70630,21661,52.50,17.179
70731,61316,63.50,20.778
70731,54887,63.50,20.778
70731,41999,63.50,20.778
70731,10354,52.00,17.015
70731,21661,52.50,17.179
70831,61316,63.50,20.778
70831,54887,63.50,20.778
70831,41999,63.50,20.778
70831,10354,52.00,17.015
70831,21661,52.50,17.179
70931,61316,63.50,20.778
70931,54887,63.50,20.778
70931,41999,63.50,20.778
70931,10354,52.00,17.015
70931,21661,52.50,17.179
71041,61316,63.50,20.778
71041,54887,63.50,20.778
71041,41999,63.50,20.778
71041,10354,52.00,17.015
71041,21661,52.50,17.179
71142,61316,63.50,20.778
71142,54887,63.50,20.778
71142,41999,63.50,20.778
71142,10354,52.00,17.015
71142,21661,52.50,17.179
71251,61316,63.50,20.778
71251,54887,63.50,20.778
71251,41999,63.50,20.778
71251,10354,52.00,17.015
71251,21661,52.50,17.179
71361,61316,63.50,20.778
71361,54887,63.50,20.778
71361,41999,63.50,20.778
71361,10354,52.00,17.015
71361,21661,52.50,17.179
71461,61316,63.50,20.778
71461,54887,63.50,20.778
71461,41999,63.50,20.778
71461,10354,52.00,17.015
71461,21661,52.50,17.179
71571,61316,63.50,20.778
71571,54887,63.50,20.778
71571,41999,63.50,20.778
71571,10354,52.00,17.015
71571,21661,52.50,17.179
71672,61316,63.50,20.778
71672,54887,63.50,20.778
71672,41999,63.50,20.778
71672,10354,52.00,17.015
71672,21661,52.50,17.179
71781,61316,63.50,20.778
71781,54887,63.50,20.778
71781,41999,63.50,20.778
71781,10354,52.00,17.015
71781,21661,52.50,17.179
71891,61316,63.50,20.778
71891,54887,63.50,20.778
71891,41999,63.50,20.778
71891,10354,52.00,17.015
71891,21661,52.50,17.179
72001,61316,63.50,20.778
72001,54887,63.50,20.778
72001,41999,63.50,20.778
72001,10354,52.00,17.015
72001,21661,52.50,17.179
72101,61316,63.50,20.778
72101,54887,63.50,20.778
72101,41999,63.50,20.778
72101,10354,52.00,17.015
72101,21661,52.50,17.179
72201,61316,63.50,20.778
72201,54887,63.50,20.778
72201,41999,63.50,20.778
72201,10354,52.00,17.015
72201,21661,52.50,17.179
72310,61316,63.50,20.778
72310,54887,63.50,20.778
72310,41999,63.50,20.778
72310,10354,52.00,17.015
72310,21661,52.50,17.179
72410,61316,63.50,20.778
72410,54887,63.50,20.778
72410,41999,63.50,20.778
72410,10354,52.00,17.015
72410,21661,52.50,17.179
72511,61316,63.50,20.778
72511,54887,63.50,20.778
72511,41999,63.50,20.778
72511,10354,52.00,17.015
72511,21661,52.50,17.179
72620,61316,63.50,20.778
72620,54887,63.50,20.778
72620,41999,63.50,20.778
72620,10354,52.00,17.015
72620,21661,52.50,17.179
72721,61316,63.50,20.778
72721,54887,63.50,20.778
72721,41999,63.50,20.778
72721,10354,52.00,17.015
72721,21661,52.50,17.179
72821,61316,63.50,20.778
72821,54887,63.50,20.778
72821,41999,63.50,20.778
72821,10354,52.00,17.015
72821,21661,52.50,17.179
72931,61316,63.50,20.778
72931,54887,63.50,20.778
72931,41999,63.50,20.778
72931,10354,63.50,20.778
72931,21661,52.50,17.179
73041,61316,63.50,20.778
73041,54887,63.50,20.778
73041,41999,63.50,20.778
73041,10354,63.50,20.778
73041,21661,52.50,17.179
73142,61316,63.50,20.778
73142,54887,63.50,20.778
73142,41999,63.50,20.778
73142,10354,63.50,20.778
73142,21661,52.50,17.179
73251,61316,63.50,20.778
73251,54887,63.50,20.778
73251,41999,63.50,20.778
73251,10354,63.50,20.778
73251,21661,52.50,17.179
73361,61316,63.50,20.778
73361,54887,63.50,20.778
73361,41999,63.50,20.778
73361,10354,63.50,20.778
73361,21661,52.50,17.179
73461,61316,63.50,20.778
73461,54887,63.50,20.778
73461,41999,63.50,20.778
73461,10354,63.50,20.778
73461,21661,52.50,17.179
73571,61316,63.50,20.778
73571,54887,63.50,20.778
73571,41999,63.50,20.778
73571,10354,63.50,20.778
73571,21661,52.50,17.179
73671,61316,63.50,20.778
73671,54887,63.50,20.778
73671,41999,63.50,20.778
73671,10354,63.50,20.778
73671,21661,52.50,17.179
73782,61316,63.50,20.778
73782,54887,63.50,20.778
73782,41999,63.50,20.778
73782,10354,63.50,20.778
73782,21661,52.50,17.179
73890,61316,63.50,20.778
73890,54887,63.50,20.778
73890,41999,63.50,20.778
73890,10354,63.50,20.778
73890,21661,52.50,17.179
73991,61316,63.50,20.778
73991,54887,63.50,20.778
73991,41999,63.50,20.778
73991,10354,63.50,20.778
73991,21661,52.50,17.179
74092,61316,63.50,20.778
74092,54887,63.50,20.778
74092,41999,63.50,20.778
74092,10354,63.50,20.778
74092,21661,52.50,17.179
74201,61316,63.50,20.778
74201,54887,63.50,20.778
74201,41999,63.50,20.778
74201,10354,63.50,20.778
74201,21661,52.50,17.179
74301,61316,63.50,20.778
74301,54887,63.50,20.778
74301,41999,63.50,20.778
74301,10354,54.50,17.833
74301,21661,52.50,17.179
74411,61316,63.50,20.778
74411,54887,63.50,20.778
74411,41999,63.50,20.778
74411,10354,54.50,17.833
74411,21661,52.50,17.179
74511,61316,63.50,20.778
74511,54887,63.50,20.778
74511,41999,63.50,20.778
74511,10354,54.50,17.833
74511,21661,52.50,17.179
74621,61316,63.50,20.778
74621,54887,63.50,20.778
74621,41999,63.50,20.778
74621,10354,52.00,17.015
74621,21661,52.50,17.179
74722,61316,63.50,20.778
74722,54887,63.50,20.778
74722,41999,63.50,20.778
74722,10354,52.00,17.015
74722,21661,52.50,17.179
74832,61316,63.50,20.778
74832,54887,63.50,20.778
74832,41999,63.50,20.778
74832,10354,52.00,17.015
74832,21661,52.50,17.179
74941,61316,63.50,20.778
74941,54887,63.50,20.778
74941,41999,63.50,20.778
74941,10354,52.00,17.015
74941,21661,52.50,17.179
75051,61316,63.50,20.778
75051,54887,63.50,20.778
75051,41999,63.50,20.778
75051,10354,52.00,17.015
75051,21661,52.50,17.179
75151,61316,63.50,20.778
75151,54887,63.50,20.778
75151,41999,63.50,20.778
75151,10354,52.00,17.015
75151,21661,52.50,17.179
75251,61316,63.50,20.778
75251,54887,63.50,20.778
75251,41999,63.50,20.778
75251,10354,52.00,17.015
75251,21661,52.50,17.179
75361,61316,63.50,20.778
75361,54887,63.50,20.778
75361,41999,63.50,20.778
75361,10354,52.00,17.015
75361,21661,52.50,17.179
75471,61316,63.50,20.778
75471,54887,63.50,20.778
75471,41999,63.50,20.778
75471,10354,52.00,17.015
75471,21661,52.50,17.179
75571,61316,63.50,20.778
75571,54887,63.50,20.778
75571,41999,63.50,20.778
75571,10354,52.00,17.015
75571,21661,52.50,17.179
75681,61316,63.50,20.778
75681,54887,63.50,20.778
75681,41999,63.50,20.778
75681,10354,52.00,17.015
75681,21661,52.50,17.179
75791,61316,63.50,20.778
75791,54887,63.50,20.778
75791,41999,63.50,20.778
75791,10354,52.00,17.015
75791,21661,52.50,17.179
75891,61316,63.50,20.778
75891,54887,63.50,20.778
75891,41999,63.50,20.778
75891,10354,52.00,17.015
75891,21661,52.50,17.179
75991,61316,63.50,20.778
75991,54887,63.50,20.778
75991,41999,63.50,20.778
75991,10354,52.00,17.015
75991,21661,52.50,17.179
76100,61316,63.50,20.778
76100,54887,63.50,20.778
76100,41999,63.50,20.778
76100,10354,52.00,17.015
76100,21661,52.50,17.179
76201,61316,63.50,20.778
76201,54887,63.50,20.778
76201,41999,63.50,20.778
76201,10354,52.00,17.015
76201,21661,52.50,17.179
76301,61316,63.50,20.778
76301,54887,63.50,20.778
76301,41999,63.50,20.778
76301,10354,52.00,17.015
76301,21661,52.50,17.179
76401,61316,63.50,20.778
76401,54887,63.50,20.778
76401,41999,63.50,20.778
76401,10354,52.00,17.015
76401,21661,52.50,17.179
76511,61316,63.50,20.778
76511,54887,63.50,20.778
76511,41999,63.50,20.778
76511,10354,52.00,17.015
76511,21661,52.50,17.179
76611,61316,63.50,20.778
76611,54887,63.50,20.778
76611,41999,63.50,20.778
76611,10354,52.00,17.015
76611,21661,52.50,17.179
76721,61316,63.50,20.778
76721,54887,63.50,20.778
76721,41999,63.50,20.778
76721,10354,52.00,17.015
76721,21661,52.50,17.179
76831,61316,63.50,20.778
76831,54887,63.50,20.778
76831,41999,63.50,20.778
76831,10354,52.00,17.015
76831,21661,52.50,17.179
76941,61316,63.50,20.778
76941,54887,63.50,20.778
76941,41999,63.50,20.778
76941,10354,52.00,17.015
76941,21661,52.50,17.179
77051,61316,63.50,20.778
77051,54887,63.50,20.778
77051,41999,63.50,20.778
77051,10354,52.00,17.015
77051,21661,52.50,17.179
77161,61316,63.50,20.778
77161,54887,63.50,20.778
77161,41999,63.50,20.778
77161,10354,52.00,17.015
77161,21661,52.50,17.179
77271,61316,63.50,20.778
77271,54887,63.50,20.778
77271,41999,63.50,20.778
77271,10354,52.00,17.015
77271,21661,52.50,17.179
77371,61316,63.50,20.778
77371,54887,63.50,20.778
77371,41999,63.50,20.778
77371,10354,52.00,17.015
77371,21661,52.50,17.179
77481,61316,63.50,20.778
77481,54887,63.50,20.778
77481,41999,63.50,20.778
77481,10354,52.00,17.015
77481,21661,52.50,17.179
77591,61316,63.50,20.778
77591,54887,63.50,20.778
77591,41999,63.50,20.778
77591,10354,52.00,17.015
77591,21661,52.50,17.179
77691,61316,63.50,20.778
77691,54887,63.50,20.778
77691,41999,63.50,20.778
77691,10354,52.00,17.015
77691,21661,52.50,17.179
77801,61316,63.50,20.778
77801,54887,63.50,20.778
77801,41999,63.50,20.778
77801,10354,52.00,17.015
77801,21661,52.50,17.179
77901,61316,63.50,20.778
77901,54887,63.50,20.778
77901,41999,63.50,20.778
77901,10354,52.00,17.015
77901,21661,52.50,17.179
78011,61316,63.50,20.778
78011,54887,63.50,20.778
78011,41999,63.50,20.778
78011,10354,52.00,17.015
78011,21661,52.50,17.179
78121,61316,63.50,20.778
78121,54887,63.50,20.778
78121,41999,63.50,20.778
78121,10354,54.50,17.833
78121,21661,52.50,17.179
78230,61316,63.50,20.778
78230,54887,63.50,20.778
78230,41999,63.50,20.778
78230,10354,54.50,17.833
78230,21661,52.50,17.179
78330,61316,63.50,20.778
78330,54887,63.50,20.778
78330,41999,63.50,20.778
78330,10354,52.00,17.015
78330,21661,52.50,17.179
78441,61316,63.50,20.778
78441,54887,63.50,20.778
78441,41999,63.50,20.778
78441,10354,52.00,17.015
78441,21661,52.50,17.179
78541,61316,63.50,20.778
78541,54887,63.50,20.778
78541,41999,63.50,20.778
78541,10354,52.00,17.015
78541,21661,52.50,17.179
78651,61316,63.50,20.778
78651,54887,63.50,20.778
78651,41999,63.50,20.778
78651,10354,52.00,17.015
78651,21661,52.50,17.179
78751,61316,63.50,20.778
78751,54887,63.50,20.778
78751,41999,63.50,20.778
78751,10354,52.00,17.015
78751,21661,52.50,17.179
78851,61316,63.50,20.778
78851,54887,63.50,20.778
78851,41999,63.50,20.778
78851,10354,52.00,17.015
78851,21661,52.50,17.179
78961,61316,63.50,20.778
78961,54887,63.50,20.778
78961,41999,63.50,20.778
78961,10354,52.00,17.015
78961,21661,52.50,17.179
79071,61316,63.50,20.778
79071,54887,63.50,20.778
79071,41999,63.50,20.778
79071,10354,52.00,17.015
79071,21661,52.50,17.179
79180,61316,63.50,20.778
79180,54887,63.50,20.778
79180,41999,63.50,20.778
79180,10354,52.00,17.015
79180,21661,52.50,17.179
79281,61316,63.50,20.778
79281,54887,63.50,20.778
79281,41999,63.50,20.778
79281,10354,52.00,17.015
79281,21661,52.50,17.179
79390,61316,63.50,20.778
79390,54887,63.50,20.778
79390,41999,63.50,20.778
79390,10354,52.00,17.015
79390,21661,52.50,17.179
79491,61316,63.50,20.778
79491,54887,63.50,20.778
79491,41999,63.50,20.778
79491,10354,52.00,17.015
79491,21661,52.50,17.179
79591,61316,63.50,20.778
79591,54887,63.50,20.778
79591,41999,63.50,20.778
79591,10354,52.00,17.015
79591,21661,52.50,17.179
79691,61316,63.50,20.778
79691,54887,63.50,20.778
79691,41999,63.50,20.778
79691,10354,52.00,17.015
79691,21661,52.50,17.179
79801,61316,63.50,20.778
79801,54887,63.50,20.778
79801,41999,63.50,20.778
79801,10354,52.00,17.015
79801,21661,52.50,17.179
79901,61316,63.50,20.778
79901,54887,63.50,20.778
79901,41999,63.50,20.778
79901,10354,52.00,17.015
79901,21661,52.50,17.179
80011,61316,63.50,20.778
80011,54887,63.50,20.778
80011,41999,63.50,20.778
80011,10354,52.00,17.015
80011,21661,52.50,17.179
80111,61316,63.50,20.778
80111,54887,63.50,20.778
80111,41999,63.50,20.778
80111,10354,52.00,17.015
80111,21661,52.50,17.179
80211,61316,63.50,20.778
80211,54887,63.50,20.778
80211,41999,63.50,20.778
80211,10354,52.00,17.015
80211,21661,52.50,17.179
80320,61316,63.50,20.778
80320,54887,63.50,20.778
80320,41999,63.50,20.778
80320,10354,52.00,17.015
80320,21661,52.50,17.179
80421,61316,63.50,20.778
80421,54887,63.50,20.778
80421,41999,63.50,20.778
80421,10354,52.00,17.015
80421,21661,52.50,17.179
80521,61316,63.50,20.778
80521,54887,63.50,20.778
80521,41999,63.50,20.778
80521,10354,52.00,17.015
80521,21661,52.50,17.179
80621,61316,63.50,20.778
80621,54887,63.50,20.778
80621,41999,63.50,20.778
80621,10354,52.00,17.015
80621,21661,52.50,17.179
80721,61316,63.50,20.778
80721,54887,63.50,20.778
80721,41999,63.50,20.778
80721,10354,52.00,17.015
80721,21661,52.50,17.179
80821,61316,63.50,20.778
80821,54887,63.50,20.778
80821,41999,63.50,20.778
80821,10354,52.00,17.015
80821,21661,52.50,17.179
80931,61316,63.50,20.778
80931,54887,63.50,20.778
80931,41999,63.50,20.778
80931,10354,52.00,17.015
80931,21661,52.50,17.179
81041,61316,63.50,20.778
81041,54887,63.50,20.778
81041,41999,63.50,20.778
81041,10354,52.00,17.015
81041,21661,52.50,17.179
81141,61316,63.50,20.778
81141,54887,63.50,20.778
81141,41999,63.50,20.778
81141,10354,52.00,17.015
81141,21661,52.50,17.179
81251,61316,63.50,20.778
81251,54887,63.50,20.778
81251,41999,63.50,20.778
81251,10354,52.00,17.015
81251,21661,52.50,17.179
81361,61316,63.50,20.778
81361,54887,63.50,20.778
81361,41999,63.50,20.778
81361,10354,52.00,17.015
81361,21661,52.50,17.179
81471,61316,63.50,20.778
81471,54887,63.50,20.778
81471,41999,63.50,20.778
81471,10354,52.00,17.015
81471,21661,52.50,17.179
81571,61316,63.50,20.778
81571,54887,63.50,20.778
81571,41999,63.50,20.778
81571,10354,52.00,17.015
81571,21661,52.50,17.179
81671,61316,63.50,20.778
81671,54887,63.50,20.778
81671,41999,63.50,20.778
81671,10354,52.00,17.015
81671,21661,52.50,17.179
81781,61316,63.50,20.778
81781,54887,63.50,20.778
81781,41999,63.50,20.778
81781,10354,52.00,17.015
81781,21661,52.50,17.179
81881,61316,63.50,20.778
81881,54887,63.50,20.778
81881,41999,63.50,20.778
81881,10354,52.00,17.015
81881,21661,52.50,17.179
81991,61316,63.50,20.778
81991,54887,63.50,20.778
81991,41999,63.50,20.778
81991,10354,54.00,17.669
81991,21661,52.50,17.179
82101,61316,63.50,20.778
82101,54887,63.50,20.778
82101,41999,63.50,20.778
82101,10354,54.00,17.669
82101,21661,52.50,17.179
82202,61316,63.50,20.778
82202,54887,63.50,20.778
82202,41999,63.50,20.778
82202,10354,52.00,17.015
82202,21661,52.50,17.179
82311,61316,63.50,20.778
82311,54887,63.50,20.778
82311,41999,63.50,20.778
82311,10354,52.00,17.015
82311,21661,52.50,17.179
82411,61316,63.50,20.778
82411,54887,63.50,20.778
82411,41999,63.50,20.778
82411,10354,52.00,17.015
82411,21661,52.50,17.179
82521,61316,63.50,20.778
82521,54887,63.50,20.778
82521,41999,63.50,20.778
82521,10354,52.00,17.015
82521,21661,52.50,17.179
82621,61316,63.50,20.778
82621,54887,63.50,20.778
82621,41999,63.50,20.778
82621,10354,52.00,17.015
82621,21661,52.50,17.179
82721,61316,63.50,20.778
82721,54887,63.50,20.778
82721,41999,63.50,20.778
82721,10354,52.00,17.015
82721,21661,52.50,17.179
82831,61316,63.50,20.778
82831,54887,63.50,20.778
82831,41999,63.50,20.778
82831,10354,52.00,17.015
82831,21661,52.50,17.179
82941,61316,63.50,20.778
82941,54887,63.50,20.778
82941,41999,63.50,20.778
82941,10354,52.00,17.015
82941,21661,52.50,17.179
83041,61316,63.50,20.778
83041,54887,63.50,20.778
83041,41999,63.50,20.778
83041,10354,52.00,17.015
83041,21661,52.50,17.179
83141,61316,63.50,20.778
83141,54887,63.50,20.778
83141,41999,63.50,20.778
83141,10354,52.00,17.015
83141,21661,52.50,17.179
83251,61316,63.50,20.778
83251,54887,63.50,20.778
83251,41999,63.50,20.778
83251,10354,52.00,17.015
83251,21661,52.50,17.179
83351,61316,54.50,17.833
83351,54887,63.50,20.778
83351,41999,55.50,18.160
83351,10354,52.00,17.015
83351,21661,59.00,19.305
83461,61316,54.50,17.833
83461,54887,63.50,20.778
83461,41999,55.50,18.160
83461,10354,52.00,17.015
83461,21661,59.00,19.305
83561,61316,54.50,17.833
83561,54887,63.50,20.778
83561,41999,55.50,18.160
83561,10354,52.00,17.015
83561,21661,59.00,19.305
83671,61316,54.50,17.833
83671,54887,63.50,20.778
83671,41999,55.50,18.160
83671,10354,52.00,17.015
83671,21661,59.00,19.305
83771,61316,54.50,17.833
83771,54887,63.50,20.778
83771,41999,55.50,18.160
83771,10354,52.00,17.015
83771,21661,59.00,19.305
83881,61316,63.50,20.778
83881,54887,63.50,20.778
83881,41999,63.50,20.778
83881,10354,63.50,20.778
83881,21661,59.00,19.305
83991,61316,63.50,20.778
83991,54887,63.50,20.778
83991,41999,63.50,20.778
83991,10354,63.50,20.778
83991,21661,59.00,19.305
84091,61316,63.50,20.778
84091,54887,63.50,20.778
84091,41999,63.50,20.778
84091,10354,63.50,20.778
84091,21661,59.00,19.305
84191,61316,63.50,20.778
84191,54887,63.50,20.778
84191,41999,63.50,20.778
84191,10354,63.50,20.778
84191,21661,59.00,19.305
84301,61316,63.50,20.778
84301,54887,63.50,20.778
84301,41999,63.50,20.778
84301,10354,63.50,20.778
84301,21661,59.00,19.305
84411,61316,63.50,20.778
84411,54887,63.50,20.778
84411,41999,63.50,20.778
84411,10354,63.50,20.778
84411,21661,59.00,19.305
84511,61316,63.50,20.778
84511,54887,63.50,20.778
84511,41999,63.50,20.778
84511,10354,63.50,20.778
84511,21661,59.00,19.305
84621,61316,63.50,20.778
84621,54887,63.50,20.778
84621,41999,63.50,20.778
84621,10354,63.50,20.778
84621,21661,59.00,19.305
84731,61316,63.50,20.778
84731,54887,63.50,20.778
84731,41999,63.50,20.778
84731,10354,63.50,20.778
84731,21661,59.00,19.305
84831,61316,63.50,20.778
84831,54887,63.50,20.778
84831,41999,63.50,20.778
84831,10354,63.50,20.778
84831,21661,63.50,20.778
84941,61316,63.50,20.778
84941,54887,63.50,20.778
84941,41999,63.50,20.778
84941,10354,63.50,20.778
84941,21661,63.50,20.778
85051,61316,63.50,20.778
85051,54887,63.50,20.778
85051,41999,63.50,20.778
85051,10354,63.50,20.778
85051,21661,63.50,20.778
85151,61316,63.50,20.778
85151,54887,63.50,20.778
85151,41999,63.50,20.778
85151,10354,63.50,20.778
85151,21661,63.50,20.778
85252,61316,63.50,20.778
85252,54887,63.50,20.778
85252,41999,63.50,20.778
85252,10354,63.50,20.778
85252,21661,63.50,20.778
85361,61316,63.50,20.778
85361,54887,63.50,20.778
85361,41999,63.50,20.778
85361,10354,63.50,20.778
85361,21661,63.50,20.778
85471,61316,63.50,20.778
85471,54887,63.50,20.778
85471,41999,63.50,20.778
85471,10354,63.50,20.778
85471,21661,63.50,20.778
85571,61316,63.50,20.778
85571,54887,63.50,20.778
85571,41999,63.50,20.778
85571,10354,63.50,20.778
85571,21661,63.50,20.778
85681,61316,63.50,20.778
85681,54887,63.50,20.778
85681,41999,63.50,20.778
85681,10354,63.50,20.778
85681,21661,63.50,20.778
85781,61316,63.50,20.778
85781,54887,63.50,20.778
85781,41999,63.50,20.778
85781,10354,63.50,20.778
85781,21661,63.50,20.778
85891,61316,63.50,20.778
85891,54887,63.50,20.778
85891,41999,63.50,20.778
85891,10354,54.50,17.833
85891,21661,63.50,20.778
86001,61316,63.50,20.778
86001,54887,63.50,20.778
86001,41999,63.50,20.778
86001,10354,54.50,17.833
86001,21661,63.50,20.778
86111,61316,63.50,20.778
86111,54887,63.50,20.778
86111,41999,63.50,20.778
86111,10354,52.00,17.015
86111,21661,52.50,17.179
86211,61316,63.50,20.778
86211,54887,63.50,20.778
86211,41999,63.50,20.778
86211,10354,52.00,17.015
86211,21661,52.50,17.179
86311,61316,63.50,20.778
86311,54887,63.50,20.778
86311,41999,63.50,20.778
86311,10354,52.00,17.015
86311,21661,52.50,17.179
86420,61316,63.50,20.778
86420,54887,63.50,20.778
86420,41999,63.50,20.778
86420,10354,52.00,17.015
86420,21661,52.50,17.179
86521,61316,63.50,20.778
86521,54887,63.50,20.778
86521,41999,63.50,20.778
86521,10354,52.00,17.015
86521,21661,52.50,17.179
86631,61316,63.50,20.778
86631,54887,63.50,20.778
86631,41999,63.50,20.778
86631,10354,52.00,17.015
86631,21661,52.50,17.179
86732,61316,63.50,20.778
86732,54887,63.50,20.778
86732,41999,63.50,20.778
86732,10354,52.00,17.015
86732,21661,52.50,17.179
86841,61316,63.50,20.778
86841,54887,63.50,20.778
86841,41999,63.50,20.778
86841,10354,52.00,17.015
86841,21661,52.50,17.179
86941,61316,63.50,20.778
86941,54887,63.50,20.778
86941,41999,63.50,20.778
86941,10354,52.00,17.015
86941,21661,52.50,17.179
87051,61316,63.50,20.778
87051,54887,63.50,20.778
87051,41999,63.50,20.778
87051,10354,52.00,17.015
87051,21661,52.50,17.179
87162,61316,63.50,20.778
87162,54887,63.50,20.778
87162,41999,63.50,20.778
87162,10354,52.00,17.015
87162,21661,52.50,17.179
87271,61316,63.50,20.778
87271,54887,63.50,20.778
87271,41999,63.50,20.778
87271,10354,52.00,17.015
87271,21661,52.50,17.179
87381,61316,63.50,20.778
87381,54887,63.50,20.778
87381,41999,63.50,20.778
87381,10354,52.00,17.015
87381,21661,52.50,17.179
87481,61316,63.50,20.778
87481,54887,63.50,20.778
87481,41999,63.50,20.778
87481,10354,52.00,17.015
87481,21661,52.50,17.179
87581,61316,63.50,20.778
87581,54887,63.50,20.778
87581,41999,63.50,20.778
87581,10354,52.00,17.015
87581,21661,52.50,17.179
87681,61316,63.50,20.778
87681,54887,63.50,20.778
87681,41999,63.50,20.778
87681,10354,52.00,17.015
87681,21661,52.50,17.179
87791,61316,63.50,20.778
87791,54887,63.50,20.778
87791,41999,63.50,20.778
87791,10354,52.00,17.015
87791,21661,52.50,17.179
87891,61316,63.50,20.778
87891,54887,63.50,20.778
87891,41999,63.50,20.778
87891,10354,52.00,17.015
87891,21661,52.50,17.179
88001,61316,63.50,20.778
88001,54887,63.50,20.778
88001,41999,63.50,20.778
88001,10354,52.00,17.015
88001,21661,52.50,17.179
88111,61316,63.50,20.778
88111,54887,63.50,20.778
88111,41999,63.50,20.778
88111,10354,52.00,17.015
88111,21661,52.50,17.179
88222,61316,63.50,20.778
88222,54887,63.50,20.778
88222,41999,63.50,20.778
88222,10354,52.00,17.015
88222,21661,52.50,17.179
88330,61316,63.50,20.778
88330,54887,63.50,20.778
88330,41999,63.50,20.778
88330,10354,52.00,17.015
88330,21661,52.50,17.179
88431,61316,63.50,20.778
88431,54887,63.50,20.778
88431,41999,63.50,20.778
88431,10354,52.00,17.015
88431,21661,52.50,17.179
88541,61316,63.50,20.778
88541,54887,63.50,20.778
88541,41999,63.50,20.778
88541,10354,52.00,17.015
88541,21661,52.50,17.179
88651,61316,63.50,20.778
88651,54887,63.50,20.778
88651,41999,63.50,20.778
88651,10354,52.00,17.015
88651,21661,52.50,17.179
88761,61316,63.50,20.778
88761,54887,63.50,20.778
88761,41999,63.50,20.778
88761,10354,52.00,17.015
88761,21661,52.50,17.179
88862,61316,63.50,20.778
88862,54887,63.50,20.778
88862,41999,63.50,20.778
88862,10354,52.00,17.015
88862,21661,52.50,17.179
88971,61316,63.50,20.778
88971,54887,63.50,20.778
88971,41999,63.50,20.778
88971,10354,52.00,17.015
88971,21661,52.50,17.179
89071,61316,63.50,20.778
89071,54887,63.50,20.778
89071,41999,63.50,20.778
89071,10354,52.00,17.015
89071,21661,52.50,17.179
89182,61316,63.50,20.778
89182,54887,63.50,20.778
89182,41999,63.50,20.778
89182,10354,52.00,17.015
89182,21661,52.50,17.179
89291,61316,63.50,20.778
89291,54887,63.50,20.778
89291,41999,63.50,20.778
89291,10354,52.00,17.015
89291,21661,52.50,17.179
89391,61316,63.50,20.778
89391,54887,63.50,20.778
89391,41999,63.50,20.778
89391,10354,52.00,17.015
89391,21661,52.50,17.179
89501,61316,63.50,20.778
89501,54887,63.50,20.778
89501,41999,63.50,20.778
89501,10354,52.00,17.015
89501,21661,52.50,17.179
89601,61316,63.50,20.778
89601,54887,63.50,20.778
89601,41999,63.50,20.778
89601,10354,52.00,17.015
89601,21661,52.50,17.179
89701,61316,63.50,20.778
89701,54887,63.50,20.778
89701,41999,63.50,20.778
89701,10354,54.50,17.833
89701,21661,52.50,17.179
89811,61316,63.50,20.778
89811,54887,63.50,20.778
89811,41999,63.50,20.778
89811,10354,54.50,17.833
89811,21661,52.50,17.179
89912,61316,63.50,20.778
89912,54887,63.50,20.778
89912,41999,63.50,20.778
89912,10354,52.00,17.015
89912,21661,52.00,17.015
