Time_ms,UE_ID,UL_SNR_dB,UL_SE_bit_per_s_Hz
0,61316,63.50,20.778
0,54887,63.50,20.778
0,41999,63.50,20.778
0,10354,52.00,17.015
0,21661,52.50,17.179
101,61316,63.50,20.778
101,54887,63.50,20.778
101,41999,63.50,20.778
101,10354,52.00,17.015
101,21661,52.50,17.179
201,61316,63.50,20.778
201,54887,63.50,20.778
201,41999,63.50,20.778
201,10354,52.00,17.015
201,21661,52.50,17.179
310,61316,63.50,20.778
310,54887,63.50,20.778
310,41999,63.50,20.778
310,10354,52.00,17.015
310,21661,52.50,17.179
410,61316,63.50,20.778
410,54887,63.50,20.778
410,41999,63.50,20.778
410,10354,52.00,17.015
410,21661,52.50,17.179
511,61316,63.50,20.778
511,54887,63.50,20.778
511,41999,63.50,20.778
511,10354,52.00,17.015
511,21661,52.50,17.179
620,61316,63.50,20.778
620,54887,63.50,20.778
620,41999,63.50,20.778
620,10354,52.00,17.015
620,21661,52.50,17.179
730,61316,63.50,20.778
730,54887,63.50,20.778
730,41999,63.50,20.778
730,10354,52.00,17.015
730,21661,52.50,17.179
840,61316,63.50,20.778
840,54887,63.50,20.778
840,41999,63.50,20.778
840,10354,52.00,17.015
840,21661,52.50,17.179
950,61316,63.50,20.778
950,54887,63.50,20.778
950,41999,63.50,20.778
950,10354,52.00,17.015
950,21661,52.50,17.179
1050,61316,63.50,20.778
1050,54887,63.50,20.778
1050,41999,63.50,20.778
1050,10354,52.00,17.015
1050,21661,52.50,17.179
1150,61316,63.50,20.778
1150,54887,63.50,20.778
1150,41999,63.50,20.778
1150,10354,52.00,17.015
1150,21661,52.50,17.179
1251,61316,63.50,20.778
1251,54887,63.50,20.778
1251,41999,63.50,20.778
1251,10354,52.00,17.015
1251,21661,52.50,17.179
1360,61316,63.50,20.778
1360,54887,63.50,20.778
1360,41999,63.50,20.778
1360,10354,52.00,17.015
1360,21661,52.50,17.179
1470,61316,63.50,20.778
1470,54887,63.50,20.778
1470,41999,63.50,20.778
1470,10354,52.00,17.015
1470,21661,52.50,17.179
1580,61316,63.50,20.778
1580,54887,63.50,20.778
1580,41999,63.50,20.778
1580,10354,52.00,17.015
1580,21661,52.50,17.179
1690,61316,63.50,20.778
1690,54887,63.50,20.778
1690,41999,63.50,20.778
1690,10354,52.00,17.015
1690,21661,52.50,17.179
1800,61316,63.50,20.778
1800,54887,63.50,20.778
1800,41999,63.50,20.778
1800,10354,52.00,17.015
1800,21661,52.50,17.179
1911,61316,63.50,20.778
1911,54887,63.50,20.778
1911,41999,63.50,20.778
1911,10354,52.00,17.015
1911,21661,52.50,17.179
2021,61316,63.50,20.778
2021,54887,63.50,20.778
2021,41999,63.50,20.778
2021,10354,52.00,17.015
2021,21661,52.50,17.179
2130,61316,63.50,20.778
2130,54887,63.50,20.778
2130,41999,63.50,20.778
2130,10354,63.50,20.778
2130,21661,63.50,20.778
2240,61316,63.50,20.778
2240,54887,63.50,20.778
2240,41999,63.50,20.778
2240,10354,63.50,20.778
2240,21661,63.50,20.778
2341,61316,63.50,20.778
2341,54887,63.50,20.778
2341,41999,63.50,20.778
2341,10354,63.50,20.778
2341,21661,63.50,20.778
2451,61316,63.50,20.778
2451,54887,63.50,20.778
2451,41999,63.50,20.778
2451,10354,63.50,20.778
2451,21661,63.50,20.778
2561,61316,63.50,20.778
2561,54887,63.50,20.778
2561,41999,63.50,20.778
2561,10354,63.50,20.778
2561,21661,63.50,20.778
2670,61316,63.50,20.778
2670,54887,63.50,20.778
2670,41999,63.50,20.778
2670,10354,63.50,20.778
2670,21661,63.50,20.778
2781,61316,63.50,20.778
2781,54887,63.50,20.778
2781,41999,63.50,20.778
2781,10354,63.50,20.778
2781,21661,63.50,20.778
2890,61316,63.50,20.778
2890,54887,63.50,20.778
2890,41999,63.50,20.778
2890,10354,63.50,20.778
2890,21661,63.50,20.778
3000,61316,63.50,20.778
3000,54887,63.50,20.778
3000,41999,63.50,20.778
3000,10354,63.50,20.778
3000,21661,63.50,20.778
3100,61316,63.50,20.778
3100,54887,63.50,20.778
3100,41999,63.50,20.778
3100,10354,54.50,17.833
3100,21661,63.50,20.778
3210,61316,63.50,20.778
3210,54887,63.50,20.778
3210,41999,63.50,20.778
3210,10354,54.50,17.833
3210,21661,63.50,20.778
3310,61316,63.50,20.778
3310,54887,63.50,20.778
3310,41999,63.50,20.778
3310,10354,54.50,17.833
3310,21661,63.50,20.778
3410,61316,63.50,20.778
3410,54887,63.50,20.778
3410,41999,63.50,20.778
3410,10354,52.00,17.015
3410,21661,52.50,17.179
3510,61316,63.50,20.778
3510,54887,63.50,20.778
3510,41999,63.50,20.778
3510,10354,52.00,17.015
3510,21661,52.50,17.179
3611,61316,63.50,20.778
3611,54887,63.50,20.778
3611,41999,63.50,20.778
3611,10354,52.00,17.015
3611,21661,52.50,17.179
3720,61316,63.50,20.778
3720,54887,63.50,20.778
3720,41999,63.50,20.778
3720,10354,52.00,17.015
3720,21661,52.50,17.179
3830,61316,63.50,20.778
3830,54887,63.50,20.778
3830,41999,63.50,20.778
3830,10354,52.00,17.015
3830,21661,52.50,17.179
3930,61316,63.50,20.778
3930,54887,63.50,20.778
3930,41999,63.50,20.778
3930,10354,52.00,17.015
3930,21661,52.50,17.179
4040,61316,63.50,20.778
4040,54887,63.50,20.778
4040,41999,63.50,20.778
4040,10354,52.00,17.015
4040,21661,52.50,17.179
4150,61316,63.50,20.778
4150,54887,63.50,20.778
4150,41999,63.50,20.778
4150,10354,52.00,17.015
4150,21661,52.50,17.179
4250,61316,63.50,20.778
4250,54887,63.50,20.778
4250,41999,63.50,20.778
4250,10354,52.00,17.015
4250,21661,52.50,17.179
4351,61316,63.50,20.778
4351,54887,63.50,20.778
4351,41999,63.50,20.778
4351,10354,52.00,17.015
4351,21661,52.50,17.179
4451,61316,63.50,20.778
4451,54887,63.50,20.778
4451,41999,63.50,20.778
4451,10354,52.00,17.015
4451,21661,52.50,17.179
4560,61316,63.50,20.778
4560,54887,63.50,20.778
4560,41999,63.50,20.778
4560,10354,52.00,17.015
4560,21661,52.50,17.179
4671,61316,63.50,20.778
4671,54887,63.50,20.778
4671,41999,63.50,20.778
4671,10354,52.00,17.015
4671,21661,52.50,17.179
4781,61316,63.50,20.778
4781,54887,63.50,20.778
4781,41999,63.50,20.778
4781,10354,52.00,17.015
4781,21661,52.50,17.179
4890,61316,63.50,20.778
4890,54887,63.50,20.778
4890,41999,63.50,20.778
4890,10354,52.00,17.015
4890,21661,52.50,17.179
4990,61316,63.50,20.778
4990,54887,63.50,20.778
4990,41999,63.50,20.778
4990,10354,52.00,17.015
4990,21661,52.50,17.179
5090,61316,63.50,20.778
5090,54887,63.50,20.778
5090,41999,63.50,20.778
5090,10354,52.00,17.015
5090,21661,52.50,17.179
5201,61316,63.50,20.778
5201,54887,63.50,20.778
5201,41999,63.50,20.778
5201,10354,52.00,17.015
5201,21661,52.50,17.179
5311,61316,63.50,20.778
5311,54887,63.50,20.778
5311,41999,63.50,20.778
5311,10354,52.00,17.015
5311,21661,52.50,17.179
5421,61316,63.50,20.778
5421,54887,63.50,20.778
5421,41999,63.50,20.778
5421,10354,52.00,17.015
5421,21661,52.50,17.179
5531,61316,63.50,20.778
5531,54887,63.50,20.778
5531,41999,63.50,20.778
5531,10354,52.00,17.015
5531,21661,52.50,17.179
5640,61316,63.50,20.778
5640,54887,63.50,20.778
5640,41999,63.50,20.778
5640,10354,52.00,17.015
5640,21661,52.50,17.179
5750,61316,63.50,20.778
5750,54887,63.50,20.778
5750,41999,63.50,20.778
5750,10354,52.00,17.015
5750,21661,52.50,17.179
5851,61316,63.50,20.778
5851,54887,63.50,20.778
5851,41999,63.50,20.778
5851,10354,52.00,17.015
5851,21661,52.50,17.179
5951,61316,63.50,20.778
5951,54887,63.50,20.778
5951,41999,63.50,20.778
5951,10354,52.00,17.015
5951,21661,52.50,17.179
6060,61316,63.50,20.778
6060,54887,63.50,20.778
6060,41999,63.50,20.778
6060,10354,52.00,17.015
6060,21661,52.50,17.179
6160,61316,63.50,20.778
6160,54887,63.50,20.778
6160,41999,63.50,20.778
6160,10354,52.00,17.015
6160,21661,52.50,17.179
6260,61316,63.50,20.778
6260,54887,63.50,20.778
6260,41999,63.50,20.778
6260,10354,52.00,17.015
6260,21661,52.50,17.179
6361,61316,63.50,20.778
6361,54887,63.50,20.778
6361,41999,63.50,20.778
6361,10354,52.00,17.015
6361,21661,52.50,17.179
6461,61316,63.50,20.778
6461,54887,63.50,20.778
6461,41999,63.50,20.778
6461,10354,52.00,17.015
6461,21661,52.50,17.179
6570,61316,63.50,20.778
6570,54887,63.50,20.778
6570,41999,63.50,20.778
6570,10354,52.00,17.015
6570,21661,52.50,17.179
6670,61316,63.50,20.778
6670,54887,63.50,20.778
6670,41999,63.50,20.778
6670,10354,52.00,17.015
6670,21661,52.50,17.179
6771,61316,63.50,20.778
6771,54887,63.50,20.778
6771,41999,63.50,20.778
6771,10354,52.00,17.015
6771,21661,52.50,17.179
6881,61316,63.50,20.778
6881,54887,63.50,20.778
6881,41999,63.50,20.778
6881,10354,52.00,17.015
6881,21661,52.50,17.179
6991,61316,63.50,20.778
6991,54887,63.50,20.778
6991,41999,63.50,20.778
6991,10354,52.00,17.015
6991,21661,52.50,17.179
7101,61316,63.50,20.778
7101,54887,63.50,20.778
7101,41999,63.50,20.778
7101,10354,52.00,17.015
7101,21661,52.50,17.179
7211,61316,63.50,20.778
7211,54887,63.50,20.778
7211,41999,63.50,20.778
7211,10354,52.00,17.015
7211,21661,52.50,17.179
7312,61316,63.50,20.778
7312,54887,63.50,20.778
7312,41999,63.50,20.778
7312,10354,52.00,17.015
7312,21661,52.50,17.179
7421,61316,63.50,20.778
7421,54887,63.50,20.778
7421,41999,63.50,20.778
7421,10354,52.00,17.015
7421,21661,52.50,17.179
7521,61316,63.50,20.778
7521,54887,63.50,20.778
7521,41999,63.50,20.778
7521,10354,54.50,17.833
7521,21661,52.50,17.179
7630,61316,63.50,20.778
7630,54887,63.50,20.778
7630,41999,63.50,20.778
7630,10354,54.50,17.833
7630,21661,52.50,17.179
7740,61316,63.50,20.778
7740,54887,63.50,20.778
7740,41999,63.50,20.778
7740,10354,52.00,17.015
7740,21661,52.50,17.179
7841,61316,63.50,20.778
7841,54887,63.50,20.778
7841,41999,63.50,20.778
7841,10354,52.00,17.015
7841,21661,52.50,17.179
7941,61316,63.50,20.778
7941,54887,63.50,20.778
7941,41999,63.50,20.778
7941,10354,52.00,17.015
7941,21661,52.50,17.179
8051,61316,63.50,20.778
8051,54887,63.50,20.778
8051,41999,63.50,20.778
8051,10354,52.00,17.015
8051,21661,52.50,17.179
8151,61316,63.50,20.778
8151,54887,63.50,20.778
8151,41999,63.50,20.778
8151,10354,52.00,17.015
8151,21661,52.50,17.179
8260,61316,63.50,20.778
8260,54887,63.50,20.778
8260,41999,63.50,20.778
8260,10354,52.00,17.015
8260,21661,52.50,17.179
8361,61316,63.50,20.778
8361,54887,63.50,20.778
8361,41999,63.50,20.778
8361,10354,52.00,17.015
8361,21661,52.50,17.179
8470,61316,63.50,20.778
8470,54887,63.50,20.778
8470,41999,63.50,20.778
8470,10354,52.00,17.015
8470,21661,52.50,17.179
8570,61316,63.50,20.778
8570,54887,63.50,20.778
8570,41999,63.50,20.778
8570,10354,52.00,17.015
8570,21661,52.50,17.179
8671,61316,63.50,20.778
8671,54887,63.50,20.778
8671,41999,63.50,20.778
8671,10354,52.00,17.015
8671,21661,52.50,17.179
8780,61316,63.50,20.778
8780,54887,63.50,20.778
8780,41999,63.50,20.778
8780,10354,52.00,17.015
8780,21661,52.50,17.179
8880,61316,63.50,20.778
8880,54887,63.50,20.778
8880,41999,63.50,20.778
8880,10354,52.00,17.015
8880,21661,52.50,17.179
8980,61316,63.50,20.778
8980,54887,63.50,20.778
8980,41999,63.50,20.778
8980,10354,52.00,17.015
8980,21661,52.50,17.179
9081,61316,63.50,20.778
9081,54887,63.50,20.778
9081,41999,63.50,20.778
9081,10354,52.00,17.015
9081,21661,52.50,17.179
9190,61316,63.50,20.778
9190,54887,63.50,20.778
9190,41999,63.50,20.778
9190,10354,52.00,17.015
9190,21661,52.50,17.179
9300,61316,63.50,20.778
9300,54887,63.50,20.778
9300,41999,63.50,20.778
9300,10354,52.00,17.015
9300,21661,52.50,17.179
9401,61316,63.50,20.778
9401,54887,63.50,20.778
9401,41999,63.50,20.778
9401,10354,52.00,17.015
9401,21661,52.50,17.179
9510,61316,63.50,20.778
9510,54887,63.50,20.778
9510,41999,63.50,20.778
9510,10354,52.00,17.015
9510,21661,52.50,17.179
9611,61316,63.50,20.778
9611,54887,63.50,20.778
9611,41999,63.50,20.778
9611,10354,52.00,17.015
9611,21661,52.50,17.179
9720,61316,63.50,20.778
9720,54887,63.50,20.778
9720,41999,63.50,20.778
9720,10354,52.00,17.015
9720,21661,52.50,17.179
9820,61316,63.50,20.778
9820,54887,63.50,20.778
9820,41999,63.50,20.778
9820,10354,52.00,17.015
9820,21661,52.50,17.179
9930,61316,63.50,20.778
9930,54887,63.50,20.778
9930,41999,63.50,20.778
9930,10354,52.00,17.015
9930,21661,52.50,17.179
10030,61316,63.50,20.778
10030,54887,63.50,20.778
10030,41999,63.50,20.778
10030,10354,52.00,17.015
10030,21661,52.50,17.179
10130,61316,63.50,20.778
10130,54887,63.50,20.778
10130,41999,63.50,20.778
10130,10354,52.00,17.015
10130,21661,52.50,17.179
10240,61316,63.50,20.778
10240,54887,63.50,20.778
10240,41999,63.50,20.778
10240,10354,52.00,17.015
10240,21661,52.50,17.179
10340,61316,63.50,20.778
10340,54887,63.50,20.778
10340,41999,63.50,20.778
10340,10354,52.00,17.015
10340,21661,52.50,17.179
10450,61316,63.50,20.778
10450,54887,63.50,20.778
10450,41999,63.50,20.778
10450,10354,52.00,17.015
10450,21661,52.50,17.179
10551,61316,63.50,20.778
10551,54887,63.50,20.778
10551,41999,63.50,20.778
10551,10354,52.00,17.015
10551,21661,52.50,17.179
10660,61316,63.50,20.778
10660,54887,63.50,20.778
10660,41999,63.50,20.778
10660,10354,52.00,17.015
10660,21661,52.50,17.179
10760,61316,63.50,20.778
10760,54887,63.50,20.778
10760,41999,63.50,20.778
10760,10354,52.00,17.015
10760,21661,52.50,17.179
10861,61316,63.50,20.778
10861,54887,63.50,20.778
10861,41999,63.50,20.778
10861,10354,52.00,17.015
10861,21661,52.50,17.179
10961,61316,63.50,20.778
10961,54887,63.50,20.778
10961,41999,63.50,20.778
10961,10354,52.00,17.015
10961,21661,52.50,17.179
11071,61316,63.50,20.778
11071,54887,63.50,20.778
11071,41999,63.50,20.778
11071,10354,52.00,17.015
11071,21661,52.50,17.179
11180,61316,63.50,20.778
11180,54887,63.50,20.778
11180,41999,63.50,20.778
11180,10354,52.00,17.015
11180,21661,52.50,17.179
11280,61316,63.50,20.778
11280,54887,63.50,20.778
11280,41999,63.50,20.778
11280,10354,50.50,16.524
11280,21661,52.50,17.179
11391,61316,63.50,20.778
11391,54887,63.50,20.778
11391,41999,63.50,20.778
11391,10354,50.50,16.524
11391,21661,52.50,17.179
11501,61316,63.50,20.778
11501,54887,63.50,20.778
11501,41999,63.50,20.778
11501,10354,52.00,17.015
11501,21661,52.50,17.179
11610,61316,63.50,20.778
11610,54887,63.50,20.778
11610,41999,63.50,20.778
11610,10354,52.00,17.015
11610,21661,52.50,17.179
11710,61316,63.50,20.778
11710,54887,63.50,20.778
11710,41999,63.50,20.778
11710,10354,52.00,17.015
11710,21661,52.50,17.179
11820,61316,63.50,20.778
11820,54887,63.50,20.778
11820,41999,63.50,20.778
11820,10354,52.00,17.015
11820,21661,52.50,17.179
11922,61316,63.50,20.778
11922,54887,63.50,20.778
11922,41999,63.50,20.778
11922,10354,52.00,17.015
11922,21661,52.50,17.179
12030,61316,63.50,20.778
12030,54887,63.50,20.778
12030,41999,63.50,20.778
12030,10354,52.00,17.015
12030,21661,52.50,17.179
12140,61316,63.50,20.778
12140,54887,63.50,20.778
12140,41999,63.50,20.778
12140,10354,52.00,17.015
12140,21661,52.50,17.179
12250,61316,63.50,20.778
12250,54887,63.50,20.778
12250,41999,63.50,20.778
12250,10354,52.00,17.015
12250,21661,52.50,17.179
12360,61316,63.50,20.778
12360,54887,63.50,20.778
12360,41999,63.50,20.778
12360,10354,52.00,17.015
12360,21661,52.50,17.179
12461,61316,63.50,20.778
12461,54887,63.50,20.778
12461,41999,63.50,20.778
12461,10354,52.00,17.015
12461,21661,52.50,17.179
12561,61316,63.50,20.778
12561,54887,63.50,20.778
12561,41999,63.50,20.778
12561,10354,52.00,17.015
12561,21661,52.50,17.179
12671,61316,63.50,20.778
12671,54887,63.50,20.778
12671,41999,63.50,20.778
12671,10354,52.00,17.015
12671,21661,52.50,17.179
12771,61316,63.50,20.778
12771,54887,63.50,20.778
12771,41999,63.50,20.778
12771,10354,52.00,17.015
12771,21661,52.50,17.179
12881,61316,63.50,20.778
12881,54887,63.50,20.778
12881,41999,63.50,20.778
12881,10354,52.00,17.015
12881,21661,52.50,17.179
12990,61316,63.50,20.778
12990,54887,63.50,20.778
12990,41999,63.50,20.778
12990,10354,52.00,17.015
12990,21661,52.50,17.179
13100,61316,63.50,20.778
13100,54887,63.50,20.778
13100,41999,63.50,20.778
13100,10354,52.00,17.015
13100,21661,52.50,17.179
13200,61316,63.50,20.778
13200,54887,63.50,20.778
13200,41999,63.50,20.778
13200,10354,52.00,17.015
13200,21661,52.50,17.179
13300,61316,63.50,20.778
13300,54887,63.50,20.778
13300,41999,63.50,20.778
13300,10354,52.00,17.015
13300,21661,52.50,17.179
13401,61316,63.50,20.778
13401,54887,63.50,20.778
13401,41999,63.50,20.778
13401,10354,52.00,17.015
13401,21661,52.50,17.179
13510,61316,63.50,20.778
13510,54887,63.50,20.778
13510,41999,63.50,20.778
13510,10354,52.00,17.015
13510,21661,52.50,17.179
13611,61316,63.50,20.778
13611,54887,63.50,20.778
13611,41999,63.50,20.778
13611,10354,52.00,17.015
13611,21661,52.50,17.179
13721,61316,63.50,20.778
13721,54887,63.50,20.778
13721,41999,63.50,20.778
13721,10354,52.00,17.015
13721,21661,52.50,17.179
13830,61316,63.50,20.778
13830,54887,63.50,20.778
13830,41999,63.50,20.778
13830,10354,52.00,17.015
13830,21661,52.50,17.179
13930,61316,63.50,20.778
13930,54887,63.50,20.778
13930,41999,63.50,20.778
13930,10354,52.00,17.015
13930,21661,52.50,17.179
14040,61316,63.50,20.778
14040,54887,63.50,20.778
14040,41999,63.50,20.778
14040,10354,52.00,17.015
14040,21661,52.50,17.179
14141,61316,63.50,20.778
14141,54887,63.50,20.778
14141,41999,63.50,20.778
14141,10354,52.00,17.015
14141,21661,52.50,17.179
14250,61316,63.50,20.778
14250,54887,63.50,20.778
14250,41999,63.50,20.778
14250,10354,52.00,17.015
14250,21661,52.50,17.179
14351,61316,63.50,20.778
14351,54887,63.50,20.778
14351,41999,63.50,20.778
14351,10354,52.00,17.015
14351,21661,52.50,17.179
14452,61316,63.50,20.778
14452,54887,63.50,20.778
14452,41999,63.50,20.778
14452,10354,52.00,17.015
14452,21661,52.50,17.179
14560,61316,63.50,20.778
14560,54887,63.50,20.778
14560,41999,63.50,20.778
14560,10354,52.00,17.015
14560,21661,52.50,17.179
14661,61316,63.50,20.778
14661,54887,63.50,20.778
14661,41999,63.50,20.778
14661,10354,52.00,17.015
14661,21661,52.50,17.179
14771,61316,63.50,20.778
14771,54887,63.50,20.778
14771,41999,63.50,20.778
14771,10354,52.00,17.015
14771,21661,52.50,17.179
14881,61316,63.50,20.778
14881,54887,63.50,20.778
14881,41999,63.50,20.778
14881,10354,52.00,17.015
14881,21661,52.50,17.179
14990,61316,63.50,20.778
14990,54887,63.50,20.778
14990,41999,63.50,20.778
14990,10354,52.00,17.015
14990,21661,52.50,17.179
15090,61316,63.50,20.778
15090,54887,63.50,20.778
15090,41999,63.50,20.778
15090,10354,52.00,17.015
15090,21661,52.50,17.179
15191,61316,63.50,20.778
15191,54887,63.50,20.778
15191,41999,63.50,20.778
15191,10354,54.50,17.833
15191,21661,52.50,17.179
15291,61316,63.50,20.778
15291,54887,63.50,20.778
15291,41999,63.50,20.778
15291,10354,54.50,17.833
15291,21661,52.50,17.179
15391,61316,63.50,20.778
15391,54887,63.50,20.778
15391,41999,63.50,20.778
15391,10354,52.00,17.015
15391,21661,52.50,17.179
15501,61316,63.50,20.778
15501,54887,63.50,20.778
15501,41999,63.50,20.778
15501,10354,52.00,17.015
15501,21661,52.50,17.179
15601,61316,63.50,20.778
15601,54887,63.50,20.778
15601,41999,63.50,20.778
15601,10354,52.00,17.015
15601,21661,52.50,17.179
15711,61316,63.50,20.778
15711,54887,63.50,20.778
15711,41999,63.50,20.778
15711,10354,52.00,17.015
15711,21661,52.50,17.179
15811,61316,63.50,20.778
15811,54887,63.50,20.778
15811,41999,63.50,20.778
15811,10354,52.00,17.015
15811,21661,52.50,17.179
15920,61316,63.50,20.778
15920,54887,63.50,20.778
15920,41999,63.50,20.778
15920,10354,52.00,17.015
15920,21661,52.50,17.179
16021,61316,63.50,20.778
16021,54887,63.50,20.778
16021,41999,63.50,20.778
16021,10354,52.00,17.015
16021,21661,52.50,17.179
16130,61316,63.50,20.778
16130,54887,63.50,20.778
16130,41999,63.50,20.778
16130,10354,52.00,17.015
16130,21661,52.50,17.179
16230,61316,63.50,20.778
16230,54887,63.50,20.778
16230,41999,63.50,20.778
16230,10354,52.00,17.015
16230,21661,52.50,17.179
16331,61316,63.50,20.778
16331,54887,63.50,20.778
16331,41999,63.50,20.778
16331,10354,52.00,17.015
16331,21661,52.50,17.179
16431,61316,63.50,20.778
16431,54887,63.50,20.778
16431,41999,63.50,20.778
16431,10354,52.00,17.015
16431,21661,52.50,17.179
16540,61316,63.50,20.778
16540,54887,63.50,20.778
16540,41999,63.50,20.778
16540,10354,52.00,17.015
16540,21661,52.50,17.179
16640,61316,63.50,20.778
16640,54887,63.50,20.778
16640,41999,63.50,20.778
16640,10354,52.00,17.015
16640,21661,52.50,17.179
16740,61316,63.50,20.778
16740,54887,63.50,20.778
16740,41999,63.50,20.778
16740,10354,52.00,17.015
16740,21661,52.50,17.179
16841,61316,63.50,20.778
16841,54887,63.50,20.778
16841,41999,63.50,20.778
16841,10354,52.00,17.015
16841,21661,52.50,17.179
16950,61316,63.50,20.778
16950,54887,63.50,20.778
16950,41999,63.50,20.778
16950,10354,52.00,17.015
16950,21661,52.50,17.179
17050,61316,63.50,20.778
17050,54887,63.50,20.778
17050,41999,63.50,20.778
17050,10354,52.00,17.015
17050,21661,52.50,17.179
17151,61316,63.50,20.778
17151,54887,63.50,20.778
17151,41999,63.50,20.778
17151,10354,52.00,17.015
17151,21661,52.50,17.179
17251,61316,63.50,20.778
17251,54887,63.50,20.778
17251,41999,63.50,20.778
17251,10354,52.00,17.015
17251,21661,52.50,17.179
17351,61316,63.50,20.778
17351,54887,63.50,20.778
17351,41999,63.50,20.778
17351,10354,52.00,17.015
17351,21661,52.50,17.179
17460,61316,63.50,20.778
17460,54887,63.50,20.778
17460,41999,63.50,20.778
17460,10354,52.00,17.015
17460,21661,52.50,17.179
17571,61316,63.50,20.778
17571,54887,63.50,20.778
17571,41999,63.50,20.778
17571,10354,52.00,17.015
17571,21661,52.50,17.179
17680,61316,63.50,20.778
17680,54887,63.50,20.778
17680,41999,63.50,20.778
17680,10354,52.00,17.015
17680,21661,52.50,17.179
17781,61316,63.50,20.778
17781,54887,63.50,20.778
17781,41999,63.50,20.778
17781,10354,52.00,17.015
17781,21661,52.50,17.179
17890,61316,63.50,20.778
17890,54887,63.50,20.778
17890,41999,63.50,20.778
17890,10354,52.00,17.015
17890,21661,52.50,17.179
17991,61316,63.50,20.778
17991,54887,63.50,20.778
17991,41999,63.50,20.778
17991,10354,52.00,17.015
17991,21661,52.50,17.179
18100,61316,63.50,20.778
18100,54887,63.50,20.778
18100,41999,63.50,20.778
18100,10354,52.00,17.015
18100,21661,52.50,17.179
18201,61316,63.50,20.778
18201,54887,63.50,20.778
18201,41999,63.50,20.778
18201,10354,52.00,17.015
18201,21661,52.50,17.179
18311,61316,63.50,20.778
18311,54887,63.50,20.778
18311,41999,63.50,20.778
18311,10354,52.00,17.015
18311,21661,52.50,17.179
18411,61316,63.50,20.778
18411,54887,63.50,20.778
18411,41999,63.50,20.778
18411,10354,52.00,17.015
18411,21661,52.50,17.179
18521,61316,63.50,20.778
18521,54887,63.50,20.778
18521,41999,63.50,20.778
18521,10354,52.00,17.015
18521,21661,52.50,17.179
18630,61316,63.50,20.778
18630,54887,63.50,20.778
18630,41999,63.50,20.778
18630,10354,52.00,17.015
18630,21661,52.50,17.179
18731,61316,63.50,20.778
18731,54887,63.50,20.778
18731,41999,63.50,20.778
18731,10354,52.00,17.015
18731,21661,52.50,17.179
18841,61316,63.50,20.778
18841,54887,63.50,20.778
18841,41999,63.50,20.778
18841,10354,52.00,17.015
18841,21661,52.50,17.179
18951,61316,63.50,20.778
18951,54887,63.50,20.778
18951,41999,63.50,20.778
18951,10354,52.00,17.015
18951,21661,52.50,17.179
19051,61316,63.50,20.778
19051,54887,63.50,20.778
19051,41999,63.50,20.778
19051,10354,52.00,17.015
19051,21661,52.50,17.179
19161,61316,63.50,20.778
19161,54887,63.50,20.778
19161,41999,63.50,20.778
19161,10354,52.00,17.015
19161,21661,52.50,17.179
19271,61316,63.50,20.778
19271,54887,63.50,20.778
19271,41999,63.50,20.778
19271,10354,54.50,17.833
19271,21661,52.50,17.179
19381,61316,63.50,20.778
19381,54887,63.50,20.778
19381,41999,63.50,20.778
19381,10354,54.50,17.833
19381,21661,52.50,17.179
19491,61316,63.50,20.778
19491,54887,63.50,20.778
19491,41999,63.50,20.778
19491,10354,54.50,17.833
19491,21661,52.50,17.179
19600,61316,63.50,20.778
19600,54887,63.50,20.778
19600,41999,63.50,20.778
19600,10354,52.00,17.015
19600,21661,52.50,17.179
19701,61316,63.50,20.778
19701,54887,63.50,20.778
19701,41999,63.50,20.778
19701,10354,52.00,17.015
19701,21661,52.50,17.179
19801,61316,63.50,20.778
19801,54887,63.50,20.778
19801,41999,63.50,20.778
19801,10354,52.00,17.015
19801,21661,52.50,17.179
19910,61316,63.50,20.778
19910,54887,63.50,20.778
19910,41999,63.50,20.778
19910,10354,52.00,17.015
19910,21661,52.50,17.179
20011,61316,63.50,20.778
20011,54887,63.50,20.778
20011,41999,63.50,20.778
20011,10354,52.00,17.015
20011,21661,52.50,17.179
20121,61316,63.50,20.778
20121,54887,63.50,20.778
20121,41999,63.50,20.778
20121,10354,52.00,17.015
20121,21661,52.50,17.179
20231,61316,63.50,20.778
20231,54887,63.50,20.778
20231,41999,63.50,20.778
20231,10354,52.00,17.015
20231,21661,52.50,17.179
20341,61316,63.50,20.778
20341,54887,63.50,20.778
20341,41999,63.50,20.778
20341,10354,52.00,17.015
20341,21661,52.50,17.179
20450,61316,63.50,20.778
20450,54887,63.50,20.778
20450,41999,63.50,20.778
20450,10354,52.00,17.015
20450,21661,52.50,17.179
20561,61316,63.50,20.778
20561,54887,63.50,20.778
20561,41999,63.50,20.778
20561,10354,52.00,17.015
20561,21661,52.50,17.179
20670,61316,63.50,20.778
20670,54887,63.50,20.778
20670,41999,63.50,20.778
20670,10354,52.00,17.015
20670,21661,52.50,17.179
20771,61316,63.50,20.778
20771,54887,63.50,20.778
20771,41999,63.50,20.778
20771,10354,52.00,17.015
20771,21661,52.50,17.179
20880,61316,63.50,20.778
20880,54887,63.50,20.778
20880,41999,63.50,20.778
20880,10354,52.00,17.015
20880,21661,52.50,17.179
20990,61316,63.50,20.778
20990,54887,63.50,20.778
20990,41999,63.50,20.778
20990,10354,52.00,17.015
20990,21661,52.50,17.179
21101,61316,63.50,20.778
21101,54887,63.50,20.778
21101,41999,63.50,20.778
21101,10354,52.00,17.015
21101,21661,52.50,17.179
21211,61316,63.50,20.778
21211,54887,63.50,20.778
21211,41999,63.50,20.778
21211,10354,52.00,17.015
21211,21661,52.50,17.179
21311,61316,63.50,20.778
21311,54887,63.50,20.778
21311,41999,63.50,20.778
21311,10354,52.00,17.015
21311,21661,52.50,17.179
21421,61316,63.50,20.778
21421,54887,63.50,20.778
21421,41999,63.50,20.778
21421,10354,52.00,17.015
21421,21661,52.50,17.179
21531,61316,63.50,20.778
21531,54887,63.50,20.778
21531,41999,63.50,20.778
21531,10354,52.00,17.015
21531,21661,52.50,17.179
21640,61316,63.50,20.778
21640,54887,63.50,20.778
21640,41999,63.50,20.778
21640,10354,52.00,17.015
21640,21661,52.50,17.179
21741,61316,63.50,20.778
21741,54887,63.50,20.778
21741,41999,63.50,20.778
21741,10354,52.00,17.015
21741,21661,52.50,17.179
21841,61316,63.50,20.778
21841,54887,63.50,20.778
21841,41999,63.50,20.778
21841,10354,52.00,17.015
21841,21661,52.50,17.179
21950,61316,63.50,20.778
21950,54887,63.50,20.778
21950,41999,63.50,20.778
21950,10354,52.00,17.015
21950,21661,52.50,17.179
22051,61316,63.50,20.778
22051,54887,63.50,20.778
22051,41999,63.50,20.778
22051,10354,52.00,17.015
22051,21661,52.50,17.179
22160,61316,63.50,20.778
22160,54887,63.50,20.778
22160,41999,63.50,20.778
22160,10354,52.00,17.015
22160,21661,52.50,17.179
22260,61316,63.50,20.778
22260,54887,63.50,20.778
22260,41999,63.50,20.778
22260,10354,52.00,17.015
22260,21661,52.50,17.179
22361,61316,63.50,20.778
22361,54887,63.50,20.778
22361,41999,63.50,20.778
22361,10354,52.00,17.015
22361,21661,52.50,17.179
22461,61316,63.50,20.778
22461,54887,63.50,20.778
22461,41999,63.50,20.778
22461,10354,52.00,17.015
22461,21661,52.50,17.179
22571,61316,63.50,20.778
22571,54887,63.50,20.778
22571,41999,63.50,20.778
22571,10354,52.00,17.015
22571,21661,52.50,17.179
22680,61316,63.50,20.778
22680,54887,63.50,20.778
22680,41999,63.50,20.778
22680,10354,52.00,17.015
22680,21661,52.50,17.179
22782,61316,63.50,20.778
22782,54887,63.50,20.778
22782,41999,63.50,20.778
22782,10354,52.00,17.015
22782,21661,52.50,17.179
22890,61316,63.50,20.778
22890,54887,63.50,20.778
22890,41999,63.50,20.778
22890,10354,52.00,17.015
22890,21661,52.50,17.179
22991,61316,63.50,20.778
22991,54887,63.50,20.778
22991,41999,63.50,20.778
22991,10354,52.00,17.015
22991,21661,52.50,17.179
23091,61316,63.50,20.778
23091,54887,63.50,20.778
23091,41999,63.50,20.778
23091,10354,52.00,17.015
23091,21661,52.50,17.179
23201,61316,63.50,20.778
23201,54887,63.50,20.778
23201,41999,63.50,20.778
23201,10354,52.00,17.015
23201,21661,52.50,17.179
23311,61316,6.00,2.282
23311,54887,63.50,20.778
23311,41999,57.00,18.651
23311,10354,52.00,17.015
23311,21661,52.50,17.179
23421,61316,6.00,2.282
23421,54887,63.50,20.778
23421,41999,57.00,18.651
23421,10354,52.00,17.015
23421,21661,52.50,17.179
23531,61316,6.00,2.282
23531,54887,63.50,20.778
23531,41999,57.00,18.651
23531,10354,52.00,17.015
23531,21661,52.50,17.179
23640,61316,6.00,2.282
23640,54887,63.50,20.778
23640,41999,57.00,18.651
23640,10354,52.00,17.015
23640,21661,52.50,17.179
23742,61316,6.00,2.282
23742,54887,52.00,17.015
23742,41999,57.00,18.651
23742,10354,52.00,17.015
23742,21661,52.50,17.179
23850,61316,6.00,2.282
23850,54887,52.00,17.015
23850,41999,57.00,18.651
23850,10354,52.00,17.015
23850,21661,52.50,17.179
23951,61316,63.50,20.778
23951,54887,52.00,17.015
23951,41999,63.50,20.778
23951,10354,52.00,17.015
23951,21661,52.50,17.179
24061,61316,63.50,20.778
24061,54887,52.00,17.015
24061,41999,63.50,20.778
24061,10354,52.00,17.015
24061,21661,52.50,17.179
24171,61316,63.50,20.778
24171,54887,52.00,17.015
24171,41999,63.50,20.778
24171,10354,52.00,17.015
24171,21661,52.50,17.179
24271,61316,63.50,20.778
24271,54887,52.00,17.015
24271,41999,63.50,20.778
24271,10354,52.00,17.015
24271,21661,52.50,17.179
24371,61316,63.50,20.778
24371,54887,52.00,17.015
24371,41999,63.50,20.778
24371,10354,52.00,17.015
24371,21661,52.50,17.179
24481,61316,63.50,20.778
24481,54887,52.00,17.015
24481,41999,63.50,20.778
24481,10354,52.00,17.015
24481,21661,52.50,17.179
24581,61316,63.50,20.778
24581,54887,52.00,17.015
24581,41999,63.50,20.778
24581,10354,52.00,17.015
24581,21661,52.50,17.179
24681,61316,63.50,20.778
24681,54887,52.00,17.015
24681,41999,63.50,20.778
24681,10354,52.00,17.015
24681,21661,52.50,17.179
24791,61316,63.50,20.778
24791,54887,52.00,17.015
24791,41999,63.50,20.778
24791,10354,52.00,17.015
24791,21661,52.50,17.179
24901,61316,63.50,20.778
24901,54887,52.00,17.015
24901,41999,63.50,20.778
24901,10354,52.00,17.015
24901,21661,52.50,17.179
25011,61316,63.50,20.778
25011,54887,52.00,17.015
25011,41999,63.50,20.778
25011,10354,52.00,17.015
25011,21661,52.50,17.179
25111,61316,63.50,20.778
25111,54887,52.00,17.015
25111,41999,63.50,20.778
25111,10354,52.00,17.015
25111,21661,52.50,17.179
25220,61316,63.50,20.778
25220,54887,52.00,17.015
25220,41999,63.50,20.778
25220,10354,52.00,17.015
25220,21661,52.50,17.179
25331,61316,63.50,20.778
25331,54887,52.00,17.015
25331,41999,63.50,20.778
25331,10354,52.00,17.015
25331,21661,52.50,17.179
25441,61316,63.50,20.778
25441,54887,52.00,17.015
25441,41999,63.50,20.778
25441,10354,52.00,17.015
25441,21661,52.50,17.179
25550,61316,63.50,20.778
25550,54887,52.00,17.015
25550,41999,63.50,20.778
25550,10354,52.00,17.015
25550,21661,52.50,17.179
25651,61316,63.50,20.778
25651,54887,52.00,17.015
25651,41999,63.50,20.778
25651,10354,52.00,17.015
25651,21661,52.50,17.179
25751,61316,63.50,20.778
25751,54887,52.00,17.015
25751,41999,63.50,20.778
25751,10354,52.00,17.015
25751,21661,52.50,17.179
25852,61316,63.50,20.778
25852,54887,52.00,17.015
25852,41999,63.50,20.778
25852,10354,52.00,17.015
25852,21661,52.50,17.179
25962,61316,63.50,20.778
25962,54887,52.00,17.015
25962,41999,63.50,20.778
25962,10354,52.00,17.015
25962,21661,52.50,17.179
26071,61316,63.50,20.778
26071,54887,52.00,17.015
26071,41999,63.50,20.778
26071,10354,52.00,17.015
26071,21661,52.50,17.179
26180,61316,63.50,20.778
26180,54887,52.00,17.015
26180,41999,63.50,20.778
26180,10354,52.00,17.015
26180,21661,52.50,17.179
26281,61316,63.50,20.778
26281,54887,52.00,17.015
26281,41999,63.50,20.778
26281,10354,52.00,17.015
26281,21661,52.50,17.179
26391,61316,63.50,20.778
26391,54887,52.00,17.015
26391,41999,63.50,20.778
26391,10354,52.00,17.015
26391,21661,52.50,17.179
26491,61316,63.50,20.778
26491,54887,52.00,17.015
26491,41999,63.50,20.778
26491,10354,52.00,17.015
26491,21661,52.50,17.179
26601,61316,63.50,20.778
26601,54887,52.00,17.015
26601,41999,63.50,20.778
26601,10354,52.00,17.015
26601,21661,52.50,17.179
26711,61316,63.50,20.778
26711,54887,52.00,17.015
26711,41999,63.50,20.778
26711,10354,52.00,17.015
26711,21661,52.50,17.179
26821,61316,63.50,20.778
26821,54887,52.00,17.015
26821,41999,63.50,20.778
26821,10354,52.00,17.015
26821,21661,52.50,17.179
26930,61316,63.50,20.778
26930,54887,52.00,17.015
26930,41999,63.50,20.778
26930,10354,52.00,17.015
26930,21661,52.50,17.179
27031,61316,63.50,20.778
27031,54887,52.00,17.015
27031,41999,63.50,20.778
27031,10354,52.00,17.015
27031,21661,52.50,17.179
27131,61316,63.50,20.778
27131,54887,52.00,17.015
27131,41999,63.50,20.778
27131,10354,54.50,17.833
27131,21661,52.50,17.179
27241,61316,63.50,20.778
27241,54887,52.00,17.015
27241,41999,63.50,20.778
27241,10354,54.50,17.833
27241,21661,52.50,17.179
27342,61316,63.50,20.778
27342,54887,52.00,17.015
27342,41999,63.50,20.778
27342,10354,52.00,17.015
27342,21661,52.50,17.179
27451,61316,63.50,20.778
27451,54887,52.00,17.015
27451,41999,63.50,20.778
27451,10354,52.00,17.015
27451,21661,52.50,17.179
27551,61316,63.50,20.778
27551,54887,52.00,17.015
27551,41999,63.50,20.778
27551,10354,52.00,17.015
27551,21661,52.50,17.179
27661,61316,63.50,20.778
27661,54887,63.50,20.778
27661,41999,63.50,20.778
27661,10354,52.00,17.015
27661,21661,52.50,17.179
27761,61316,63.50,20.778
27761,54887,63.50,20.778
27761,41999,63.50,20.778
27761,10354,52.00,17.015
27761,21661,52.50,17.179
27871,61316,63.50,20.778
27871,54887,63.50,20.778
27871,41999,63.50,20.778
27871,10354,52.00,17.015
27871,21661,52.50,17.179
27981,61316,63.50,20.778
27981,54887,63.50,20.778
27981,41999,63.50,20.778
27981,10354,52.00,17.015
27981,21661,52.50,17.179
28091,61316,63.50,20.778
28091,54887,63.50,20.778
28091,41999,63.50,20.778
28091,10354,52.00,17.015
28091,21661,52.50,17.179
28191,61316,63.50,20.778
28191,54887,63.50,20.778
28191,41999,63.50,20.778
28191,10354,52.00,17.015
28191,21661,52.50,17.179
28300,61316,63.50,20.778
28300,54887,63.50,20.778
28300,41999,63.50,20.778
28300,10354,52.00,17.015
28300,21661,52.50,17.179
28401,61316,63.50,20.778
28401,54887,63.50,20.778
28401,41999,63.50,20.778
28401,10354,52.00,17.015
28401,21661,52.50,17.179
28501,61316,63.50,20.778
28501,54887,63.50,20.778
28501,41999,63.50,20.778
28501,10354,52.00,17.015
28501,21661,52.50,17.179
28610,61316,63.50,20.778
28610,54887,63.50,20.778
28610,41999,63.50,20.778
28610,10354,52.00,17.015
28610,21661,52.50,17.179
28711,61316,63.50,20.778
28711,54887,63.50,20.778
28711,41999,63.50,20.778
28711,10354,52.00,17.015
28711,21661,52.50,17.179
28820,61316,63.50,20.778
28820,54887,63.50,20.778
28820,41999,63.50,20.778
28820,10354,52.00,17.015
28820,21661,52.50,17.179
28921,61316,63.50,20.778
28921,54887,63.50,20.778
28921,41999,63.50,20.778
28921,10354,52.00,17.015
28921,21661,52.50,17.179
29031,61316,63.50,20.778
29031,54887,63.50,20.778
29031,41999,63.50,20.778
29031,10354,52.00,17.015
29031,21661,52.50,17.179
29141,61316,63.50,20.778
29141,54887,63.50,20.778
29141,41999,63.50,20.778
29141,10354,52.00,17.015
29141,21661,52.50,17.179
29241,61316,63.50,20.778
29241,54887,63.50,20.778
29241,41999,63.50,20.778
29241,10354,52.00,17.015
29241,21661,52.50,17.179
29351,61316,63.50,20.778
29351,54887,63.50,20.778
29351,41999,63.50,20.778
29351,10354,52.00,17.015
29351,21661,52.50,17.179
29461,61316,63.50,20.778
29461,54887,63.50,20.778
29461,41999,63.50,20.778
29461,10354,52.00,17.015
29461,21661,52.50,17.179
29570,61316,63.50,20.778
29570,54887,63.50,20.778
29570,41999,63.50,20.778
29570,10354,52.00,17.015
29570,21661,52.50,17.179
29671,61316,63.50,20.778
29671,54887,63.50,20.778
29671,41999,63.50,20.778
29671,10354,52.00,17.015
29671,21661,52.50,17.179
29781,61316,63.50,20.778
29781,54887,63.50,20.778
29781,41999,63.50,20.778
29781,10354,52.00,17.015
29781,21661,52.50,17.179
29881,61316,63.50,20.778
29881,54887,63.50,20.778
29881,41999,63.50,20.778
29881,10354,52.00,17.015
29881,21661,52.50,17.179
29981,61316,63.50,20.778
29981,54887,63.50,20.778
29981,41999,63.50,20.778
29981,10354,52.00,17.015
29981,21661,52.50,17.179
30091,61316,63.50,20.778
30091,54887,63.50,20.778
30091,41999,63.50,20.778
30091,10354,52.00,17.015
30091,21661,52.50,17.179
30191,61316,63.50,20.778
30191,54887,63.50,20.778
30191,41999,63.50,20.778
30191,10354,52.00,17.015
30191,21661,52.50,17.179
30300,61316,63.50,20.778
30300,54887,63.50,20.778
30300,41999,63.50,20.778
30300,10354,52.00,17.015
30300,21661,52.50,17.179
30402,61316,63.50,20.778
30402,54887,63.50,20.778
30402,41999,63.50,20.778
30402,10354,52.00,17.015
30402,21661,52.50,17.179
30510,61316,63.50,20.778
30510,54887,63.50,20.778
30510,41999,63.50,20.778
30510,10354,52.00,17.015
30510,21661,52.50,17.179
30611,61316,63.50,20.778
30611,54887,63.50,20.778
30611,41999,63.50,20.778
30611,10354,52.00,17.015
30611,21661,52.50,17.179
30711,61316,63.50,20.778
30711,54887,63.50,20.778
30711,41999,63.50,20.778
30711,10354,52.00,17.015
30711,21661,52.50,17.179
30820,61316,63.50,20.778
30820,54887,63.50,20.778
30820,41999,63.50,20.778
30820,10354,52.00,17.015
30820,21661,52.50,17.179
30921,61316,63.50,20.778
30921,54887,63.50,20.778
30921,41999,63.50,20.778
30921,10354,52.00,17.015
30921,21661,52.50,17.179
31022,61316,63.50,20.778
31022,54887,63.50,20.778
31022,41999,63.50,20.778
31022,10354,52.00,17.015
31022,21661,52.50,17.179
31130,61316,63.50,20.778
31130,54887,63.50,20.778
31130,41999,63.50,20.778
31130,10354,52.00,17.015
31130,21661,52.50,17.179
31231,61316,63.50,20.778
31231,54887,63.50,20.778
31231,41999,63.50,20.778
31231,10354,54.50,17.833
31231,21661,52.50,17.179
31331,61316,63.50,20.778
31331,54887,63.50,20.778
31331,41999,63.50,20.778
31331,10354,54.50,17.833
31331,21661,52.50,17.179
31432,61316,63.50,20.778
31432,54887,63.50,20.778
31432,41999,63.50,20.778
31432,10354,52.00,17.015
31432,21661,52.50,17.179
31540,61316,63.50,20.778
31540,54887,63.50,20.778
31540,41999,63.50,20.778
31540,10354,52.00,17.015
31540,21661,52.50,17.179
31650,61316,63.50,20.778
31650,54887,63.50,20.778
31650,41999,63.50,20.778
31650,10354,52.00,17.015
31650,21661,52.50,17.179
31751,61316,63.50,20.778
31751,54887,63.50,20.778
31751,41999,63.50,20.778
31751,10354,52.00,17.015
31751,21661,52.50,17.179
31851,61316,63.50,20.778
31851,54887,63.50,20.778
31851,41999,63.50,20.778
31851,10354,52.00,17.015
31851,21661,52.50,17.179
31961,61316,63.50,20.778
31961,54887,63.50,20.778
31961,41999,63.50,20.778
31961,10354,52.00,17.015
31961,21661,52.50,17.179
32071,61316,63.50,20.778
32071,54887,63.50,20.778
32071,41999,63.50,20.778
32071,10354,52.00,17.015
32071,21661,52.50,17.179
32171,61316,63.50,20.778
32171,54887,63.50,20.778
32171,41999,63.50,20.778
32171,10354,52.00,17.015
32171,21661,52.50,17.179
32280,61316,63.50,20.778
32280,54887,63.50,20.778
32280,41999,63.50,20.778
32280,10354,52.00,17.015
32280,21661,52.50,17.179
32381,61316,63.50,20.778
32381,54887,63.50,20.778
32381,41999,63.50,20.778
32381,10354,52.00,17.015
32381,21661,52.50,17.179
32490,61316,63.50,20.778
32490,54887,63.50,20.778
32490,41999,63.50,20.778
32490,10354,52.00,17.015
32490,21661,52.50,17.179
32591,61316,63.50,20.778
32591,54887,63.50,20.778
32591,41999,63.50,20.778
32591,10354,52.00,17.015
32591,21661,52.50,17.179
32691,61316,63.50,20.778
32691,54887,63.50,20.778
32691,41999,63.50,20.778
32691,10354,52.00,17.015
32691,21661,52.50,17.179
32801,61316,63.50,20.778
32801,54887,63.50,20.778
32801,41999,63.50,20.778
32801,10354,52.00,17.015
32801,21661,52.50,17.179
32911,61316,63.50,20.778
32911,54887,63.50,20.778
32911,41999,63.50,20.778
32911,10354,52.00,17.015
32911,21661,52.50,17.179
33021,61316,63.50,20.778
33021,54887,63.50,20.778
33021,41999,63.50,20.778
33021,10354,52.00,17.015
33021,21661,52.50,17.179
33121,61316,63.50,20.778
33121,54887,63.50,20.778
33121,41999,63.50,20.778
33121,10354,52.00,17.015
33121,21661,52.50,17.179
33231,61316,63.50,20.778
33231,54887,63.50,20.778
33231,41999,63.50,20.778
33231,10354,52.00,17.015
33231,21661,52.50,17.179
33341,61316,63.50,20.778
33341,54887,63.50,20.778
33341,41999,63.50,20.778
33341,10354,52.00,17.015
33341,21661,52.50,17.179
33451,61316,63.50,20.778
33451,54887,63.50,20.778
33451,41999,63.50,20.778
33451,10354,52.00,17.015
33451,21661,52.50,17.179
33551,61316,63.50,20.778
33551,54887,63.50,20.778
33551,41999,63.50,20.778
33551,10354,52.00,17.015
33551,21661,52.50,17.179
33651,61316,63.50,20.778
33651,54887,63.50,20.778
33651,41999,63.50,20.778
33651,10354,52.00,17.015
33651,21661,52.50,17.179
33761,61316,63.50,20.778
33761,54887,63.50,20.778
33761,41999,63.50,20.778
33761,10354,52.00,17.015
33761,21661,52.50,17.179
33871,61316,63.50,20.778
33871,54887,63.50,20.778
33871,41999,63.50,20.778
33871,10354,52.00,17.015
33871,21661,52.50,17.179
33981,61316,63.50,20.778
33981,54887,63.50,20.778
33981,41999,63.50,20.778
33981,10354,52.00,17.015
33981,21661,52.50,17.179
34091,61316,63.50,20.778
34091,54887,63.50,20.778
34091,41999,63.50,20.778
34091,10354,52.00,17.015
34091,21661,52.50,17.179
34191,61316,63.50,20.778
34191,54887,63.50,20.778
34191,41999,63.50,20.778
34191,10354,52.00,17.015
34191,21661,52.50,17.179
34301,61316,63.50,20.778
34301,54887,63.50,20.778
34301,41999,63.50,20.778
34301,10354,52.00,17.015
34301,21661,52.50,17.179
34401,61316,63.50,20.778
34401,54887,63.50,20.778
34401,41999,63.50,20.778
34401,10354,52.00,17.015
34401,21661,52.50,17.179
34511,61316,63.50,20.778
34511,54887,63.50,20.778
34511,41999,63.50,20.778
34511,10354,52.00,17.015
34511,21661,52.50,17.179
34621,61316,63.50,20.778
34621,54887,63.50,20.778
34621,41999,63.50,20.778
34621,10354,52.00,17.015
34621,21661,52.50,17.179
34721,61316,63.50,20.778
34721,54887,63.50,20.778
34721,41999,63.50,20.778
34721,10354,52.00,17.015
34721,21661,52.50,17.179
34821,61316,63.50,20.778
34821,54887,63.50,20.778
34821,41999,63.50,20.778
34821,10354,52.00,17.015
34821,21661,52.50,17.179
34921,61316,63.50,20.778
34921,54887,63.50,20.778
34921,41999,63.50,20.778
34921,10354,54.50,17.833
34921,21661,52.50,17.179
35031,61316,63.50,20.778
35031,54887,63.50,20.778
35031,41999,63.50,20.778
35031,10354,54.50,17.833
35031,21661,52.50,17.179
35141,61316,63.50,20.778
35141,54887,63.50,20.778
35141,41999,63.50,20.778
35141,10354,52.00,17.015
35141,21661,52.50,17.179
35251,61316,63.50,20.778
35251,54887,63.50,20.778
35251,41999,63.50,20.778
35251,10354,52.00,17.015
35251,21661,52.50,17.179
35361,61316,63.50,20.778
35361,54887,63.50,20.778
35361,41999,63.50,20.778
35361,10354,52.00,17.015
35361,21661,52.50,17.179
35471,61316,63.50,20.778
35471,54887,63.50,20.778
35471,41999,63.50,20.778
35471,10354,52.00,17.015
35471,21661,52.50,17.179
35571,61316,63.50,20.778
35571,54887,63.50,20.778
35571,41999,63.50,20.778
35571,10354,52.00,17.015
35571,21661,52.50,17.179
35671,61316,63.50,20.778
35671,54887,63.50,20.778
35671,41999,63.50,20.778
35671,10354,52.00,17.015
35671,21661,52.50,17.179
35771,61316,63.50,20.778
35771,54887,63.50,20.778
35771,41999,63.50,20.778
35771,10354,52.00,17.015
35771,21661,52.50,17.179
35871,61316,63.50,20.778
35871,54887,63.50,20.778
35871,41999,63.50,20.778
35871,10354,52.00,17.015
35871,21661,52.50,17.179
35981,61316,63.50,20.778
35981,54887,63.50,20.778
35981,41999,63.50,20.778
35981,10354,52.00,17.015
35981,21661,52.50,17.179
36081,61316,63.50,20.778
36081,54887,63.50,20.778
36081,41999,63.50,20.778
36081,10354,52.00,17.015
36081,21661,52.50,17.179
36191,61316,63.50,20.778
36191,54887,63.50,20.778
36191,41999,63.50,20.778
36191,10354,52.00,17.015
36191,21661,52.50,17.179
36301,61316,63.50,20.778
36301,54887,63.50,20.778
36301,41999,63.50,20.778
36301,10354,52.00,17.015
36301,21661,52.50,17.179
36401,61316,63.50,20.778
36401,54887,63.50,20.778
36401,41999,63.50,20.778
36401,10354,52.00,17.015
36401,21661,52.50,17.179
36511,61316,63.50,20.778
36511,54887,63.50,20.778
36511,41999,63.50,20.778
36511,10354,52.00,17.015
36511,21661,52.50,17.179
36620,61316,63.50,20.778
36620,54887,63.50,20.778
36620,41999,63.50,20.778
36620,10354,52.00,17.015
36620,21661,52.50,17.179
36721,61316,63.50,20.778
36721,54887,63.50,20.778
36721,41999,63.50,20.778
36721,10354,52.00,17.015
36721,21661,52.50,17.179
36821,61316,63.50,20.778
36821,54887,63.50,20.778
36821,41999,63.50,20.778
36821,10354,52.00,17.015
36821,21661,52.50,17.179
36931,61316,63.50,20.778
36931,54887,63.50,20.778
36931,41999,63.50,20.778
36931,10354,52.00,17.015
36931,21661,52.50,17.179
37041,61316,63.50,20.778
37041,54887,63.50,20.778
37041,41999,63.50,20.778
37041,10354,52.00,17.015
37041,21661,52.50,17.179
37151,61316,63.50,20.778
37151,54887,63.50,20.778
37151,41999,63.50,20.778
37151,10354,52.00,17.015
37151,21661,52.50,17.179
37261,61316,63.50,20.778
37261,54887,63.50,20.778
37261,41999,63.50,20.778
37261,10354,52.00,17.015
37261,21661,52.50,17.179
37371,61316,63.50,20.778
37371,54887,63.50,20.778
37371,41999,63.50,20.778
37371,10354,52.00,17.015
37371,21661,52.50,17.179
37472,61316,63.50,20.778
37472,54887,63.50,20.778
37472,41999,63.50,20.778
37472,10354,52.00,17.015
37472,21661,52.50,17.179
37581,61316,63.50,20.778
37581,54887,63.50,20.778
37581,41999,63.50,20.778
37581,10354,52.00,17.015
37581,21661,52.50,17.179
37681,61316,63.50,20.778
37681,54887,63.50,20.778
37681,41999,63.50,20.778
37681,10354,52.00,17.015
37681,21661,52.50,17.179
37791,61316,63.50,20.778
37791,54887,63.50,20.778
37791,41999,63.50,20.778
37791,10354,52.00,17.015
37791,21661,52.50,17.179
37892,61316,63.50,20.778
37892,54887,63.50,20.778
37892,41999,63.50,20.778
37892,10354,52.00,17.015
37892,21661,52.50,17.179
38001,61316,63.50,20.778
38001,54887,63.50,20.778
38001,41999,63.50,20.778
38001,10354,52.00,17.015
38001,21661,52.50,17.179
38111,61316,63.50,20.778
38111,54887,63.50,20.778
38111,41999,63.50,20.778
38111,10354,52.00,17.015
38111,21661,52.50,17.179
38211,61316,63.50,20.778
38211,54887,63.50,20.778
38211,41999,63.50,20.778
38211,10354,52.00,17.015
38211,21661,52.50,17.179
38311,61316,63.50,20.778
38311,54887,63.50,20.778
38311,41999,63.50,20.778
38311,10354,52.00,17.015
38311,21661,52.50,17.179
38421,61316,63.50,20.778
38421,54887,63.50,20.778
38421,41999,63.50,20.778
38421,10354,52.00,17.015
38421,21661,52.50,17.179
38521,61316,63.50,20.778
38521,54887,63.50,20.778
38521,41999,63.50,20.778
38521,10354,52.00,17.015
38521,21661,52.50,17.179
38631,61316,63.50,20.778
38631,54887,63.50,20.778
38631,41999,63.50,20.778
38631,10354,54.50,17.833
38631,21661,52.50,17.179
38731,61316,63.50,20.778
38731,54887,63.50,20.778
38731,41999,63.50,20.778
38731,10354,54.50,17.833
38731,21661,52.50,17.179
38841,61316,63.50,20.778
38841,54887,63.50,20.778
38841,41999,63.50,20.778
38841,10354,52.00,17.015
38841,21661,52.50,17.179
38951,61316,63.50,20.778
38951,54887,63.50,20.778
38951,41999,63.50,20.778
38951,10354,52.00,17.015
38951,21661,52.50,17.179
39051,61316,63.50,20.778
39051,54887,63.50,20.778
39051,41999,63.50,20.778
39051,10354,52.00,17.015
39051,21661,52.50,17.179
39161,61316,63.50,20.778
39161,54887,63.50,20.778
39161,41999,63.50,20.778
39161,10354,52.00,17.015
39161,21661,52.50,17.179
39271,61316,63.50,20.778
39271,54887,63.50,20.778
39271,41999,63.50,20.778
39271,10354,52.00,17.015
39271,21661,52.50,17.179
39371,61316,63.50,20.778
39371,54887,63.50,20.778
39371,41999,63.50,20.778
39371,10354,52.00,17.015
39371,21661,52.50,17.179
39481,61316,63.50,20.778
39481,54887,63.50,20.778
39481,41999,63.50,20.778
39481,10354,52.00,17.015
39481,21661,52.50,17.179
39581,61316,63.50,20.778
39581,54887,63.50,20.778
39581,41999,63.50,20.778
39581,10354,52.00,17.015
39581,21661,52.50,17.179
39692,61316,63.50,20.778
39692,54887,63.50,20.778
39692,41999,63.50,20.778
39692,10354,52.00,17.015
39692,21661,52.50,17.179
39801,61316,63.50,20.778
39801,54887,63.50,20.778
39801,41999,63.50,20.778
39801,10354,52.00,17.015
39801,21661,52.50,17.179
39911,61316,63.50,20.778
39911,54887,63.50,20.778
39911,41999,63.50,20.778
39911,10354,52.00,17.015
39911,21661,52.50,17.179
40021,61316,63.50,20.778
40021,54887,63.50,20.778
40021,41999,63.50,20.778
40021,10354,52.00,17.015
40021,21661,52.50,17.179
40121,61316,63.50,20.778
40121,54887,63.50,20.778
40121,41999,63.50,20.778
40121,10354,52.00,17.015
40121,21661,52.50,17.179
40221,61316,63.50,20.778
40221,54887,63.50,20.778
40221,41999,63.50,20.778
40221,10354,52.00,17.015
40221,21661,52.50,17.179
40331,61316,63.50,20.778
40331,54887,63.50,20.778
40331,41999,63.50,20.778
40331,10354,52.00,17.015
40331,21661,52.50,17.179
40431,61316,63.50,20.778
40431,54887,63.50,20.778
40431,41999,63.50,20.778
40431,10354,52.00,17.015
40431,21661,52.50,17.179
40541,61316,63.50,20.778
40541,54887,63.50,20.778
40541,41999,63.50,20.778
40541,10354,52.00,17.015
40541,21661,52.50,17.179
40651,61316,63.50,20.778
40651,54887,63.50,20.778
40651,41999,63.50,20.778
40651,10354,52.00,17.015
40651,21661,52.50,17.179
40762,61316,63.50,20.778
40762,54887,63.50,20.778
40762,41999,63.50,20.778
40762,10354,52.00,17.015
40762,21661,52.50,17.179
40871,61316,63.50,20.778
40871,54887,63.50,20.778
40871,41999,63.50,20.778
40871,10354,52.00,17.015
40871,21661,52.50,17.179
40971,61316,63.50,20.778
40971,54887,63.50,20.778
40971,41999,63.50,20.778
40971,10354,52.00,17.015
40971,21661,52.50,17.179
41081,61316,63.50,20.778
41081,54887,63.50,20.778
41081,41999,63.50,20.778
41081,10354,52.00,17.015
41081,21661,52.50,17.179
41191,61316,63.50,20.778
41191,54887,63.50,20.778
41191,41999,63.50,20.778
41191,10354,52.00,17.015
41191,21661,52.50,17.179
41301,61316,63.50,20.778
41301,54887,63.50,20.778
41301,41999,63.50,20.778
41301,10354,52.00,17.015
41301,21661,52.50,17.179
41402,61316,63.50,20.778
41402,54887,63.50,20.778
41402,41999,63.50,20.778
41402,10354,52.00,17.015
41402,21661,52.50,17.179
41511,61316,63.50,20.778
41511,54887,63.50,20.778
41511,41999,63.50,20.778
41511,10354,52.00,17.015
41511,21661,52.50,17.179
41621,61316,63.50,20.778
41621,54887,63.50,20.778
41621,41999,63.50,20.778
41621,10354,52.00,17.015
41621,21661,52.50,17.179
41730,61316,63.50,20.778
41730,54887,63.50,20.778
41730,41999,63.50,20.778
41730,10354,52.00,17.015
41730,21661,52.50,17.179
41831,61316,63.50,20.778
41831,54887,63.50,20.778
41831,41999,63.50,20.778
41831,10354,52.00,17.015
41831,21661,52.50,17.179
41931,61316,63.50,20.778
41931,54887,63.50,20.778
41931,41999,63.50,20.778
41931,10354,52.00,17.015
41931,21661,52.50,17.179
42041,61316,63.50,20.778
42041,54887,63.50,20.778
42041,41999,63.50,20.778
42041,10354,52.00,17.015
42041,21661,52.50,17.179
42141,61316,63.50,20.778
42141,54887,63.50,20.778
42141,41999,63.50,20.778
42141,10354,52.00,17.015
42141,21661,52.50,17.179
42251,61316,63.50,20.778
42251,54887,63.50,20.778
42251,41999,63.50,20.778
42251,10354,52.00,17.015
42251,21661,52.50,17.179
42361,61316,63.50,20.778
42361,54887,63.50,20.778
42361,41999,63.50,20.778
42361,10354,54.50,17.833
42361,21661,52.50,17.179
42461,61316,63.50,20.778
42461,54887,63.50,20.778
42461,41999,63.50,20.778
42461,10354,54.50,17.833
42461,21661,52.50,17.179
42561,61316,63.50,20.778
42561,54887,63.50,20.778
42561,41999,63.50,20.778
42561,10354,54.50,17.833
42561,21661,52.50,17.179
42662,61316,63.50,20.778
42662,54887,63.50,20.778
42662,41999,63.50,20.778
42662,10354,52.00,17.015
42662,21661,52.50,17.179
42771,61316,63.50,20.778
42771,54887,63.50,20.778
42771,41999,63.50,20.778
42771,10354,52.00,17.015
42771,21661,52.50,17.179
42871,61316,63.50,20.778
42871,54887,63.50,20.778
42871,41999,63.50,20.778
42871,10354,52.00,17.015
42871,21661,52.50,17.179
42981,61316,63.50,20.778
42981,54887,63.50,20.778
42981,41999,63.50,20.778
42981,10354,52.00,17.015
42981,21661,52.50,17.179
43081,61316,63.50,20.778
43081,54887,63.50,20.778
43081,41999,63.50,20.778
43081,10354,52.00,17.015
43081,21661,52.50,17.179
43190,61316,63.50,20.778
43190,54887,63.50,20.778
43190,41999,63.50,20.778
43190,10354,52.00,17.015
43190,21661,52.50,17.179
43291,61316,63.50,20.778
43291,54887,63.50,20.778
43291,41999,63.50,20.778
43291,10354,52.00,17.015
43291,21661,52.50,17.179
43401,61316,63.50,20.778
43401,54887,63.50,20.778
43401,41999,63.50,20.778
43401,10354,52.00,17.015
43401,21661,52.50,17.179
43511,61316,63.50,20.778
43511,54887,63.50,20.778
43511,41999,63.50,20.778
43511,10354,52.00,17.015
43511,21661,52.50,17.179
43621,61316,63.50,20.778
43621,54887,63.50,20.778
43621,41999,63.50,20.778
43621,10354,52.00,17.015
43621,21661,52.50,17.179
43721,61316,63.50,20.778
43721,54887,63.50,20.778
43721,41999,63.50,20.778
43721,10354,52.00,17.015
43721,21661,52.50,17.179
43821,61316,63.50,20.778
43821,54887,63.50,20.778
43821,41999,63.50,20.778
43821,10354,52.00,17.015
43821,21661,52.50,17.179
43931,61316,63.50,20.778
43931,54887,63.50,20.778
43931,41999,63.50,20.778
43931,10354,52.00,17.015
43931,21661,52.50,17.179
44031,61316,63.50,20.778
44031,54887,63.50,20.778
44031,41999,63.50,20.778
44031,10354,52.00,17.015
44031,21661,52.50,17.179
44141,61316,63.50,20.778
44141,54887,63.50,20.778
44141,41999,63.50,20.778
44141,10354,52.00,17.015
44141,21661,52.50,17.179
44251,61316,63.50,20.778
44251,54887,63.50,20.778
44251,41999,63.50,20.778
44251,10354,52.00,17.015
44251,21661,52.50,17.179
44361,61316,63.50,20.778
44361,54887,63.50,20.778
44361,41999,63.50,20.778
44361,10354,52.00,17.015
44361,21661,52.50,17.179
44471,61316,63.50,20.778
44471,54887,63.50,20.778
44471,41999,63.50,20.778
44471,10354,52.00,17.015
44471,21661,52.50,17.179
44581,61316,63.50,20.778
44581,54887,63.50,20.778
44581,41999,63.50,20.778
44581,10354,52.00,17.015
44581,21661,52.50,17.179
44681,61316,63.50,20.778
44681,54887,63.50,20.778
44681,41999,63.50,20.778
44681,10354,52.00,17.015
44681,21661,52.50,17.179
44791,61316,63.50,20.778
44791,54887,63.50,20.778
44791,41999,63.50,20.778
44791,10354,52.00,17.015
44791,21661,52.50,17.179
44891,61316,63.50,20.778
44891,54887,63.50,20.778
44891,41999,63.50,20.778
44891,10354,52.00,17.015
44891,21661,52.50,17.179
44991,61316,63.50,20.778
44991,54887,63.50,20.778
44991,41999,63.50,20.778
44991,10354,52.00,17.015
44991,21661,52.50,17.179
45102,61316,63.50,20.778
45102,54887,63.50,20.778
45102,41999,63.50,20.778
45102,10354,52.00,17.015
45102,21661,52.50,17.179
45211,61316,63.50,20.778
45211,54887,63.50,20.778
45211,41999,63.50,20.778
45211,10354,52.00,17.015
45211,21661,52.50,17.179
45321,61316,63.50,20.778
45321,54887,63.50,20.778
45321,41999,63.50,20.778
45321,10354,52.00,17.015
45321,21661,52.50,17.179
45431,61316,63.50,20.778
45431,54887,63.50,20.778
45431,41999,63.50,20.778
45431,10354,52.00,17.015
45431,21661,52.50,17.179
45531,61316,63.50,20.778
45531,54887,63.50,20.778
45531,41999,63.50,20.778
45531,10354,52.00,17.015
45531,21661,52.50,17.179
45641,61316,63.50,20.778
45641,54887,63.50,20.778
45641,41999,63.50,20.778
45641,10354,52.00,17.015
45641,21661,52.50,17.179
45741,61316,63.50,20.778
45741,54887,63.50,20.778
45741,41999,63.50,20.778
45741,10354,52.00,17.015
45741,21661,52.50,17.179
45852,61316,63.50,20.778
45852,54887,63.50,20.778
45852,41999,63.50,20.778
45852,10354,52.00,17.015
45852,21661,52.50,17.179
45961,61316,63.50,20.778
45961,54887,63.50,20.778
45961,41999,63.50,20.778
45961,10354,52.00,17.015
45961,21661,52.50,17.179
46071,61316,63.50,20.778
46071,54887,63.50,20.778
46071,41999,63.50,20.778
46071,10354,52.00,17.015
46071,21661,52.50,17.179
46181,61316,63.50,20.778
46181,54887,63.50,20.778
46181,41999,63.50,20.778
46181,10354,54.50,17.833
46181,21661,52.50,17.179
46291,61316,63.50,20.778
46291,54887,63.50,20.778
46291,41999,63.50,20.778
46291,10354,54.50,17.833
46291,21661,52.50,17.179
46392,61316,63.50,20.778
46392,54887,63.50,20.778
46392,41999,63.50,20.778
46392,10354,52.00,17.015
46392,21661,52.50,17.179
46501,61316,63.50,20.778
46501,54887,63.50,20.778
46501,41999,63.50,20.778
46501,10354,52.00,17.015
46501,21661,52.50,17.179
46611,61316,63.50,20.778
46611,54887,63.50,20.778
46611,41999,63.50,20.778
46611,10354,52.00,17.015
46611,21661,52.50,17.179
46711,61316,63.50,20.778
46711,54887,63.50,20.778
46711,41999,63.50,20.778
46711,10354,52.00,17.015
46711,21661,52.50,17.179
46811,61316,63.50,20.778
46811,54887,63.50,20.778
46811,41999,63.50,20.778
46811,10354,52.00,17.015
46811,21661,52.50,17.179
46921,61316,63.50,20.778
46921,54887,63.50,20.778
46921,41999,63.50,20.778
46921,10354,52.00,17.015
46921,21661,52.50,17.179
47031,61316,63.50,20.778
47031,54887,63.50,20.778
47031,41999,63.50,20.778
47031,10354,52.00,17.015
47031,21661,52.50,17.179
47141,61316,63.50,20.778
47141,54887,63.50,20.778
47141,41999,63.50,20.778
47141,10354,52.00,17.015
47141,21661,52.50,17.179
47241,61316,63.50,20.778
47241,54887,63.50,20.778
47241,41999,63.50,20.778
47241,10354,52.00,17.015
47241,21661,52.50,17.179
47342,61316,63.50,20.778
47342,54887,63.50,20.778
47342,41999,63.50,20.778
47342,10354,52.00,17.015
47342,21661,52.50,17.179
47451,61316,63.50,20.778
47451,54887,63.50,20.778
47451,41999,63.50,20.778
47451,10354,52.00,17.015
47451,21661,52.50,17.179
47551,61316,63.50,20.778
47551,54887,63.50,20.778
47551,41999,63.50,20.778
47551,10354,52.00,17.015
47551,21661,52.50,17.179
47661,61316,63.50,20.778
47661,54887,63.50,20.778
47661,41999,63.50,20.778
47661,10354,52.00,17.015
47661,21661,52.50,17.179
47761,61316,63.50,20.778
47761,54887,63.50,20.778
47761,41999,63.50,20.778
47761,10354,52.00,17.015
47761,21661,52.50,17.179
47871,61316,63.50,20.778
47871,54887,63.50,20.778
47871,41999,63.50,20.778
47871,10354,52.00,17.015
47871,21661,52.50,17.179
47971,61316,63.50,20.778
47971,54887,63.50,20.778
47971,41999,63.50,20.778
47971,10354,52.00,17.015
47971,21661,52.50,17.179
48081,61316,63.50,20.778
48081,54887,63.50,20.778
48081,41999,63.50,20.778
48081,10354,52.00,17.015
48081,21661,52.50,17.179
48182,61316,63.50,20.778
48182,54887,63.50,20.778
48182,41999,63.50,20.778
48182,10354,52.00,17.015
48182,21661,52.50,17.179
48291,61316,63.50,20.778
48291,54887,63.50,20.778
48291,41999,63.50,20.778
48291,10354,52.00,17.015
48291,21661,52.50,17.179
48401,61316,63.50,20.778
48401,54887,63.50,20.778
48401,41999,63.50,20.778
48401,10354,52.00,17.015
48401,21661,52.50,17.179
48501,61316,63.50,20.778
48501,54887,63.50,20.778
48501,41999,63.50,20.778
48501,10354,52.00,17.015
48501,21661,52.50,17.179
48611,61316,63.50,20.778
48611,54887,63.50,20.778
48611,41999,63.50,20.778
48611,10354,52.00,17.015
48611,21661,52.50,17.179
48721,61316,63.50,20.778
48721,54887,63.50,20.778
48721,41999,63.50,20.778
48721,10354,52.00,17.015
48721,21661,52.50,17.179
48831,61316,63.50,20.778
48831,54887,63.50,20.778
48831,41999,63.50,20.778
48831,10354,52.00,17.015
48831,21661,52.50,17.179
48931,61316,63.50,20.778
48931,54887,63.50,20.778
48931,41999,63.50,20.778
48931,10354,52.00,17.015
48931,21661,52.50,17.179
49041,61316,63.50,20.778
49041,54887,63.50,20.778
49041,41999,63.50,20.778
49041,10354,52.00,17.015
49041,21661,52.50,17.179
49151,61316,63.50,20.778
49151,54887,63.50,20.778
49151,41999,63.50,20.778
49151,10354,52.00,17.015
49151,21661,52.50,17.179
49251,61316,63.50,20.778
49251,54887,63.50,20.778
49251,41999,63.50,20.778
49251,10354,52.00,17.015
49251,21661,52.50,17.179
49351,61316,63.50,20.778
49351,54887,63.50,20.778
49351,41999,63.50,20.778
49351,10354,52.00,17.015
49351,21661,52.50,17.179
49452,61316,63.50,20.778
49452,54887,63.50,20.778
49452,41999,63.50,20.778
49452,10354,52.00,17.015
49452,21661,52.50,17.179
49561,61316,63.50,20.778
49561,54887,63.50,20.778
49561,41999,63.50,20.778
49561,10354,52.00,17.015
49561,21661,52.50,17.179
49671,61316,63.50,20.778
49671,54887,63.50,20.778
49671,41999,63.50,20.778
49671,10354,52.00,17.015
49671,21661,52.50,17.179
49781,61316,63.50,20.778
49781,54887,63.50,20.778
49781,41999,63.50,20.778
49781,10354,52.00,17.015
49781,21661,52.50,17.179
49881,61316,63.50,20.778
49881,54887,63.50,20.778
49881,41999,63.50,20.778
49881,10354,52.00,17.015
49881,21661,52.50,17.179
49981,61316,63.50,20.778
49981,54887,63.50,20.778
49981,41999,63.50,20.778
49981,10354,54.50,17.833
49981,21661,52.50,17.179
50091,61316,63.50,20.778
50091,54887,63.50,20.778
50091,41999,63.50,20.778
50091,10354,54.50,17.833
50091,21661,52.50,17.179
50191,61316,63.50,20.778
50191,54887,63.50,20.778
50191,41999,63.50,20.778
50191,10354,52.00,17.015
50191,21661,52.50,17.179
50301,61316,63.50,20.778
50301,54887,63.50,20.778
50301,41999,63.50,20.778
50301,10354,52.00,17.015
50301,21661,52.50,17.179
50401,61316,63.50,20.778
50401,54887,53.00,17.342
50401,41999,57.50,18.815
50401,10354,52.00,17.015
50401,21661,52.50,17.179
50510,61316,63.50,20.778
50510,54887,53.00,17.342
50510,41999,57.50,18.815
50510,10354,52.00,17.015
50510,21661,52.50,17.179
50611,61316,63.50,20.778
50611,54887,53.00,17.342
50611,41999,63.50,20.778
50611,10354,52.00,17.015
50611,21661,52.50,17.179
50711,61316,63.50,20.778
50711,54887,53.00,17.342
50711,41999,63.50,20.778
50711,10354,52.00,17.015
50711,21661,52.50,17.179
50813,61316,63.50,20.778
50813,54887,53.00,17.342
50813,41999,63.50,20.778
50813,10354,52.00,17.015
50813,21661,52.50,17.179
50921,61316,63.50,20.778
50921,54887,53.00,17.342
50921,41999,63.50,20.778
50921,10354,52.00,17.015
50921,21661,52.50,17.179
51021,61316,63.50,20.778
51021,54887,53.00,17.342
51021,41999,63.50,20.778
51021,10354,52.00,17.015
51021,21661,52.50,17.179
51121,61316,63.50,20.778
51121,54887,53.00,17.342
51121,41999,63.50,20.778
51121,10354,52.00,17.015
51121,21661,52.50,17.179
51231,61316,63.50,20.778
51231,54887,53.00,17.342
51231,41999,63.50,20.778
51231,10354,52.00,17.015
51231,21661,52.50,17.179
51341,61316,63.50,20.778
51341,54887,53.00,17.342
51341,41999,63.50,20.778
51341,10354,52.00,17.015
51341,21661,52.50,17.179
51441,61316,63.50,20.778
51441,54887,53.00,17.342
51441,41999,63.50,20.778
51441,10354,52.00,17.015
51441,21661,52.50,17.179
51551,61316,63.50,20.778
51551,54887,53.00,17.342
51551,41999,63.50,20.778
51551,10354,52.00,17.015
51551,21661,52.50,17.179
51661,61316,63.50,20.778
51661,54887,53.00,17.342
51661,41999,63.50,20.778
51661,10354,52.00,17.015
51661,21661,52.50,17.179
51761,61316,63.50,20.778
51761,54887,53.00,17.342
51761,41999,63.50,20.778
51761,10354,52.00,17.015
51761,21661,52.50,17.179
51871,61316,63.50,20.778
51871,54887,53.00,17.342
51871,41999,63.50,20.778
51871,10354,52.00,17.015
51871,21661,52.50,17.179
51971,61316,63.50,20.778
51971,54887,53.00,17.342
51971,41999,63.50,20.778
51971,10354,52.00,17.015
51971,21661,52.50,17.179
52081,61316,63.50,20.778
52081,54887,53.00,17.342
52081,41999,63.50,20.778
52081,10354,52.00,17.015
52081,21661,52.50,17.179
52181,61316,63.50,20.778
52181,54887,53.00,17.342
52181,41999,63.50,20.778
52181,10354,52.00,17.015
52181,21661,52.50,17.179
52291,61316,63.50,20.778
52291,54887,53.00,17.342
52291,41999,63.50,20.778
52291,10354,52.00,17.015
52291,21661,52.50,17.179
52401,61316,63.50,20.778
52401,54887,53.00,17.342
52401,41999,63.50,20.778
52401,10354,52.00,17.015
52401,21661,52.50,17.179
52501,61316,63.50,20.778
52501,54887,53.00,17.342
52501,41999,63.50,20.778
52501,10354,52.00,17.015
52501,21661,52.50,17.179
52601,61316,63.50,20.778
52601,54887,53.00,17.342
52601,41999,63.50,20.778
52601,10354,52.00,17.015
52601,21661,52.50,17.179
52701,61316,63.50,20.778
52701,54887,53.00,17.342
52701,41999,63.50,20.778
52701,10354,52.00,17.015
52701,21661,52.50,17.179
52811,61316,63.50,20.778
52811,54887,53.00,17.342
52811,41999,63.50,20.778
52811,10354,52.00,17.015
52811,21661,52.50,17.179
52912,61316,63.50,20.778
52912,54887,53.00,17.342
52912,41999,63.50,20.778
52912,10354,52.00,17.015
52912,21661,52.50,17.179
53021,61316,63.50,20.778
53021,54887,53.00,17.342
53021,41999,63.50,20.778
53021,10354,52.00,17.015
53021,21661,52.50,17.179
53121,61316,63.50,20.778
53121,54887,53.00,17.342
53121,41999,63.50,20.778
53121,10354,52.00,17.015
53121,21661,52.50,17.179
53221,61316,63.50,20.778
53221,54887,53.00,17.342
53221,41999,63.50,20.778
53221,10354,52.00,17.015
53221,21661,52.50,17.179
53332,61316,63.50,20.778
53332,54887,53.00,17.342
53332,41999,63.50,20.778
53332,10354,52.00,17.015
53332,21661,52.50,17.179
53441,61316,63.50,20.778
53441,54887,53.00,17.342
53441,41999,63.50,20.778
53441,10354,52.00,17.015
53441,21661,52.50,17.179
53541,61316,63.50,20.778
53541,54887,53.00,17.342
53541,41999,63.50,20.778
53541,10354,52.00,17.015
53541,21661,52.50,17.179
53651,61316,63.50,20.778
53651,54887,53.00,17.342
53651,41999,63.50,20.778
53651,10354,52.00,17.015
53651,21661,52.50,17.179
53751,61316,63.50,20.778
53751,54887,53.00,17.342
53751,41999,63.50,20.778
53751,10354,54.50,17.833
53751,21661,52.50,17.179
53861,61316,63.50,20.778
53861,54887,53.00,17.342
53861,41999,63.50,20.778
53861,10354,54.50,17.833
53861,21661,52.50,17.179
53962,61316,63.50,20.778
53962,54887,53.00,17.342
53962,41999,63.50,20.778
53962,10354,52.00,17.015
53962,21661,52.50,17.179
54071,61316,63.50,20.778
54071,54887,53.00,17.342
54071,41999,63.50,20.778
54071,10354,52.00,17.015
54071,21661,52.50,17.179
54171,61316,63.50,20.778
54171,54887,63.50,20.778
54171,41999,63.50,20.778
54171,10354,52.00,17.015
54171,21661,52.50,17.179
54281,61316,63.50,20.778
54281,54887,63.50,20.778
54281,41999,63.50,20.778
54281,10354,52.00,17.015
54281,21661,52.50,17.179
54381,61316,63.50,20.778
54381,54887,63.50,20.778
54381,41999,63.50,20.778
54381,10354,52.00,17.015
54381,21661,52.50,17.179
54491,61316,63.50,20.778
54491,54887,63.50,20.778
54491,41999,63.50,20.778
54491,10354,52.00,17.015
54491,21661,52.50,17.179
54601,61316,63.50,20.778
54601,54887,63.50,20.778
54601,41999,63.50,20.778
54601,10354,52.00,17.015
54601,21661,52.50,17.179
54701,61316,63.50,20.778
54701,54887,63.50,20.778
54701,41999,63.50,20.778
54701,10354,52.00,17.015
54701,21661,52.50,17.179
54811,61316,63.50,20.778
54811,54887,63.50,20.778
54811,41999,63.50,20.778
54811,10354,52.00,17.015
54811,21661,52.50,17.179
54921,61316,63.50,20.778
54921,54887,63.50,20.778
54921,41999,63.50,20.778
54921,10354,52.00,17.015
54921,21661,52.50,17.179
55021,61316,63.50,20.778
55021,54887,63.50,20.778
55021,41999,63.50,20.778
55021,10354,52.00,17.015
55021,21661,52.50,17.179
55131,61316,63.50,20.778
55131,54887,63.50,20.778
55131,41999,63.50,20.778
55131,10354,52.00,17.015
55131,21661,52.50,17.179
55231,61316,63.50,20.778
55231,54887,63.50,20.778
55231,41999,63.50,20.778
55231,10354,52.00,17.015
55231,21661,52.50,17.179
55341,61316,63.50,20.778
55341,54887,63.50,20.778
55341,41999,63.50,20.778
55341,10354,52.00,17.015
55341,21661,52.50,17.179
55451,61316,63.50,20.778
55451,54887,63.50,20.778
55451,41999,63.50,20.778
55451,10354,52.00,17.015
55451,21661,52.50,17.179
55551,61316,63.50,20.778
55551,54887,63.50,20.778
55551,41999,63.50,20.778
55551,10354,52.00,17.015
55551,21661,52.50,17.179
55652,61316,63.50,20.778
55652,54887,63.50,20.778
55652,41999,63.50,20.778
55652,10354,52.00,17.015
55652,21661,52.50,17.179
55761,61316,63.50,20.778
55761,54887,63.50,20.778
55761,41999,63.50,20.778
55761,10354,52.00,17.015
55761,21661,52.50,17.179
55870,61316,63.50,20.778
55870,54887,63.50,20.778
55870,41999,63.50,20.778
55870,10354,52.00,17.015
55870,21661,52.50,17.179
55971,61316,63.50,20.778
55971,54887,63.50,20.778
55971,41999,63.50,20.778
55971,10354,52.00,17.015
55971,21661,52.50,17.179
56081,61316,63.50,20.778
56081,54887,63.50,20.778
56081,41999,63.50,20.778
56081,10354,52.00,17.015
56081,21661,52.50,17.179
56181,61316,63.50,20.778
56181,54887,63.50,20.778
56181,41999,63.50,20.778
56181,10354,52.00,17.015
56181,21661,52.50,17.179
56291,61316,63.50,20.778
56291,54887,63.50,20.778
56291,41999,63.50,20.778
56291,10354,52.00,17.015
56291,21661,52.50,17.179
56391,61316,63.50,20.778
56391,54887,63.50,20.778
56391,41999,63.50,20.778
56391,10354,52.00,17.015
56391,21661,52.50,17.179
56491,61316,63.50,20.778
56491,54887,63.50,20.778
56491,41999,63.50,20.778
56491,10354,52.00,17.015
56491,21661,52.50,17.179
56601,61316,63.50,20.778
56601,54887,63.50,20.778
56601,41999,63.50,20.778
56601,10354,52.00,17.015
56601,21661,52.50,17.179
56701,61316,63.50,20.778
56701,54887,63.50,20.778
56701,41999,63.50,20.778
56701,10354,52.00,17.015
56701,21661,52.50,17.179
56811,61316,63.50,20.778
56811,54887,63.50,20.778
56811,41999,63.50,20.778
56811,10354,52.00,17.015
56811,21661,52.50,17.179
56921,61316,63.50,20.778
56921,54887,63.50,20.778
56921,41999,63.50,20.778
56921,10354,52.00,17.015
56921,21661,52.50,17.179
57021,61316,63.50,20.778
57021,54887,63.50,20.778
57021,41999,63.50,20.778
57021,10354,52.00,17.015
57021,21661,52.50,17.179
57131,61316,63.50,20.778
57131,54887,63.50,20.778
57131,41999,63.50,20.778
57131,10354,52.00,17.015
57131,21661,52.50,17.179
57232,61316,63.50,20.778
57232,54887,63.50,20.778
57232,41999,63.50,20.778
57232,10354,52.00,17.015
57232,21661,52.50,17.179
57341,61316,63.50,20.778
57341,54887,63.50,20.778
57341,41999,63.50,20.778
57341,10354,52.00,17.015
57341,21661,52.50,17.179
57441,61316,63.50,20.778
57441,54887,63.50,20.778
57441,41999,63.50,20.778
57441,10354,54.50,17.833
57441,21661,52.50,17.179
57551,61316,63.50,20.778
57551,54887,63.50,20.778
57551,41999,63.50,20.778
57551,10354,54.50,17.833
57551,21661,52.50,17.179
57651,61316,63.50,20.778
57651,54887,63.50,20.778
57651,41999,63.50,20.778
57651,10354,52.00,17.015
57651,21661,52.50,17.179
57761,61316,63.50,20.778
57761,54887,63.50,20.778
57761,41999,63.50,20.778
57761,10354,52.00,17.015
57761,21661,52.50,17.179
57861,61316,63.50,20.778
57861,54887,63.50,20.778
57861,41999,63.50,20.778
57861,10354,52.00,17.015
57861,21661,52.50,17.179
57971,61316,63.50,20.778
57971,54887,63.50,20.778
57971,41999,63.50,20.778
57971,10354,52.00,17.015
57971,21661,52.50,17.179
58081,61316,63.50,20.778
58081,54887,63.50,20.778
58081,41999,63.50,20.778
58081,10354,52.00,17.015
58081,21661,52.50,17.179
58191,61316,63.50,20.778
58191,54887,63.50,20.778
58191,41999,63.50,20.778
58191,10354,52.00,17.015
58191,21661,52.50,17.179
58301,61316,63.50,20.778
58301,54887,63.50,20.778
58301,41999,63.50,20.778
58301,10354,52.00,17.015
58301,21661,52.50,17.179
58401,61316,63.50,20.778
58401,54887,63.50,20.778
58401,41999,63.50,20.778
58401,10354,52.00,17.015
58401,21661,52.50,17.179
58502,61316,63.50,20.778
58502,54887,63.50,20.778
58502,41999,63.50,20.778
58502,10354,52.00,17.015
58502,21661,52.50,17.179
58611,61316,63.50,20.778
58611,54887,63.50,20.778
58611,41999,63.50,20.778
58611,10354,52.00,17.015
58611,21661,52.50,17.179
58711,61316,63.50,20.778
58711,54887,63.50,20.778
58711,41999,63.50,20.778
58711,10354,52.00,17.015
58711,21661,52.50,17.179
58821,61316,63.50,20.778
58821,54887,63.50,20.778
58821,41999,63.50,20.778
58821,10354,52.00,17.015
58821,21661,52.50,17.179
58931,61316,63.50,20.778
58931,54887,63.50,20.778
58931,41999,63.50,20.778
58931,10354,52.00,17.015
58931,21661,52.50,17.179
59042,61316,63.50,20.778
59042,54887,63.50,20.778
59042,41999,63.50,20.778
59042,10354,52.00,17.015
59042,21661,52.50,17.179
59151,61316,63.50,20.778
59151,54887,63.50,20.778
59151,41999,63.50,20.778
59151,10354,52.00,17.015
59151,21661,52.50,17.179
59251,61316,63.50,20.778
59251,54887,63.50,20.778
59251,41999,63.50,20.778
59251,10354,52.00,17.015
59251,21661,52.50,17.179
59361,61316,63.50,20.778
59361,54887,63.50,20.778
59361,41999,63.50,20.778
59361,10354,52.00,17.015
59361,21661,52.50,17.179
59471,61316,63.50,20.778
59471,54887,63.50,20.778
59471,41999,63.50,20.778
59471,10354,52.00,17.015
59471,21661,52.50,17.179
59571,61316,63.50,20.778
59571,54887,63.50,20.778
59571,41999,63.50,20.778
59571,10354,52.00,17.015
59571,21661,52.50,17.179
59671,61316,63.50,20.778
59671,54887,63.50,20.778
59671,41999,63.50,20.778
59671,10354,52.00,17.015
59671,21661,52.50,17.179
59781,61316,63.50,20.778
59781,54887,63.50,20.778
59781,41999,63.50,20.778
59781,10354,63.50,20.778
59781,21661,52.50,17.179
59891,61316,63.50,20.778
59891,54887,63.50,20.778
59891,41999,63.50,20.778
59891,10354,63.50,20.778
59891,21661,52.50,17.179
59991,61316,63.50,20.778
59991,54887,63.50,20.778
59991,41999,63.50,20.778
59991,10354,63.50,20.778
59991,21661,52.50,17.179
60101,61316,63.50,20.778
60101,54887,63.50,20.778
60101,41999,63.50,20.778
60101,10354,63.50,20.778
60101,21661,52.50,17.179
60201,61316,63.50,20.778
60201,54887,63.50,20.778
60201,41999,63.50,20.778
60201,10354,63.50,20.778
60201,21661,52.50,17.179
60311,61316,63.50,20.778
60311,54887,63.50,20.778
60311,41999,63.50,20.778
60311,10354,63.50,20.778
60311,21661,52.50,17.179
60411,61316,63.50,20.778
60411,54887,63.50,20.778
60411,41999,63.50,20.778
60411,10354,63.50,20.778
60411,21661,52.50,17.179
60511,61316,63.50,20.778
60511,54887,63.50,20.778
60511,41999,63.50,20.778
60511,10354,63.50,20.778
60511,21661,52.50,17.179
60621,61316,63.50,20.778
60621,54887,63.50,20.778
60621,41999,63.50,20.778
60621,10354,63.50,20.778
60621,21661,52.50,17.179
60721,61316,63.50,20.778
60721,54887,63.50,20.778
60721,41999,63.50,20.778
60721,10354,63.50,20.778
60721,21661,52.50,17.179
60821,61316,63.50,20.778
60821,54887,63.50,20.778
60821,41999,63.50,20.778
60821,10354,63.50,20.778
60821,21661,52.50,17.179
60931,61316,63.50,20.778
60931,54887,63.50,20.778
60931,41999,63.50,20.778
60931,10354,63.50,20.778
60931,21661,52.50,17.179
61031,61316,63.50,20.778
61031,54887,63.50,20.778
61031,41999,63.50,20.778
61031,10354,63.50,20.778
61031,21661,52.50,17.179
61141,61316,63.50,20.778
61141,54887,63.50,20.778
61141,41999,63.50,20.778
61141,10354,63.50,20.778
61141,21661,52.50,17.179
61241,61316,63.50,20.778
61241,54887,63.50,20.778
61241,41999,63.50,20.778
61241,10354,54.50,17.833
61241,21661,52.50,17.179
61351,61316,63.50,20.778
61351,54887,63.50,20.778
61351,41999,63.50,20.778
61351,10354,54.50,17.833
61351,21661,52.50,17.179
61461,61316,63.50,20.778
61461,54887,63.50,20.778
61461,41999,63.50,20.778
61461,10354,52.00,17.015
61461,21661,52.50,17.179
61561,61316,63.50,20.778
61561,54887,63.50,20.778
61561,41999,63.50,20.778
61561,10354,52.00,17.015
61561,21661,52.50,17.179
61672,61316,63.50,20.778
61672,54887,63.50,20.778
61672,41999,63.50,20.778
61672,10354,52.00,17.015
61672,21661,52.50,17.179
61781,61316,63.50,20.778
61781,54887,63.50,20.778
61781,41999,63.50,20.778
61781,10354,52.00,17.015
61781,21661,52.50,17.179
61881,61316,63.50,20.778
61881,54887,63.50,20.778
61881,41999,63.50,20.778
61881,10354,52.00,17.015
61881,21661,52.50,17.179
61991,61316,63.50,20.778
61991,54887,63.50,20.778
61991,41999,63.50,20.778
61991,10354,52.00,17.015
61991,21661,52.50,17.179
62091,61316,63.50,20.778
62091,54887,63.50,20.778
62091,41999,63.50,20.778
62091,10354,52.00,17.015
62091,21661,52.50,17.179
62201,61316,63.50,20.778
62201,54887,63.50,20.778
62201,41999,63.50,20.778
62201,10354,52.00,17.015
62201,21661,52.50,17.179
62301,61316,63.50,20.778
62301,54887,63.50,20.778
62301,41999,63.50,20.778
62301,10354,52.00,17.015
62301,21661,52.50,17.179
62401,61316,63.50,20.778
62401,54887,63.50,20.778
62401,41999,63.50,20.778
62401,10354,52.00,17.015
62401,21661,52.50,17.179
62511,61316,63.50,20.778
62511,54887,63.50,20.778
62511,41999,63.50,20.778
62511,10354,52.00,17.015
62511,21661,52.50,17.179
62621,61316,63.50,20.778
62621,54887,63.50,20.778
62621,41999,63.50,20.778
62621,10354,52.00,17.015
62621,21661,52.50,17.179
62731,61316,63.50,20.778
62731,54887,63.50,20.778
62731,41999,63.50,20.778
62731,10354,52.00,17.015
62731,21661,52.50,17.179
62831,61316,63.50,20.778
62831,54887,63.50,20.778
62831,41999,63.50,20.778
62831,10354,52.00,17.015
62831,21661,52.50,17.179
62931,61316,63.50,20.778
62931,54887,63.50,20.778
62931,41999,63.50,20.778
62931,10354,52.00,17.015
62931,21661,52.50,17.179
63041,61316,63.50,20.778
63041,54887,63.50,20.778
63041,41999,63.50,20.778
63041,10354,52.00,17.015
63041,21661,52.50,17.179
63141,61316,63.50,20.778
63141,54887,63.50,20.778
63141,41999,63.50,20.778
63141,10354,52.00,17.015
63141,21661,52.50,17.179
63251,61316,63.50,20.778
63251,54887,63.50,20.778
63251,41999,63.50,20.778
63251,10354,52.00,17.015
63251,21661,52.50,17.179
63361,61316,63.50,20.778
63361,54887,63.50,20.778
63361,41999,63.50,20.778
63361,10354,52.00,17.015
63361,21661,52.50,17.179
63472,61316,63.50,20.778
63472,54887,63.50,20.778
63472,41999,63.50,20.778
63472,10354,52.00,17.015
63472,21661,52.50,17.179
63581,61316,63.50,20.778
63581,54887,63.50,20.778
63581,41999,63.50,20.778
63581,10354,52.00,17.015
63581,21661,52.50,17.179
63681,61316,63.50,20.778
63681,54887,63.50,20.778
63681,41999,63.50,20.778
63681,10354,52.00,17.015
63681,21661,52.50,17.179
63781,61316,63.50,20.778
63781,54887,63.50,20.778
63781,41999,63.50,20.778
63781,10354,52.00,17.015
63781,21661,52.50,17.179
63881,61316,63.50,20.778
63881,54887,63.50,20.778
63881,41999,63.50,20.778
63881,10354,52.00,17.015
63881,21661,52.50,17.179
63991,61316,63.50,20.778
63991,54887,63.50,20.778
63991,41999,63.50,20.778
63991,10354,52.00,17.015
63991,21661,52.50,17.179
64092,61316,63.50,20.778
64092,54887,63.50,20.778
64092,41999,63.50,20.778
64092,10354,52.00,17.015
64092,21661,52.50,17.179
64201,61316,63.50,20.778
64201,54887,63.50,20.778
64201,41999,63.50,20.778
64201,10354,52.00,17.015
64201,21661,52.50,17.179
64301,61316,63.50,20.778
64301,54887,63.50,20.778
64301,41999,63.50,20.778
64301,10354,52.00,17.015
64301,21661,52.50,17.179
64402,61316,63.50,20.778
64402,54887,63.50,20.778
64402,41999,63.50,20.778
64402,10354,52.00,17.015
64402,21661,52.50,17.179
64511,61316,63.50,20.778
64511,54887,63.50,20.778
64511,41999,63.50,20.778
64511,10354,52.00,17.015
64511,21661,52.50,17.179
64621,61316,63.50,20.778
64621,54887,63.50,20.778
64621,41999,63.50,20.778
64621,10354,52.00,17.015
64621,21661,52.50,17.179
64722,61316,63.50,20.778
64722,54887,63.50,20.778
64722,41999,63.50,20.778
64722,10354,52.00,17.015
64722,21661,52.50,17.179
64831,61316,63.50,20.778
64831,54887,63.50,20.778
64831,41999,63.50,20.778
64831,10354,52.00,17.015
64831,21661,52.50,17.179
64941,61316,63.50,20.778
64941,54887,63.50,20.778
64941,41999,63.50,20.778
64941,10354,52.00,17.015
64941,21661,52.50,17.179
65041,61316,63.50,20.778
65041,54887,63.50,20.778
65041,41999,63.50,20.778
65041,10354,52.00,17.015
65041,21661,52.50,17.179
65151,61316,63.50,20.778
65151,54887,63.50,20.778
65151,41999,63.50,20.778
65151,10354,54.50,17.833
65151,21661,52.50,17.179
65261,61316,63.50,20.778
65261,54887,63.50,20.778
65261,41999,63.50,20.778
65261,10354,54.50,17.833
65261,21661,52.50,17.179
65372,61316,63.50,20.778
65372,54887,63.50,20.778
65372,41999,63.50,20.778
65372,10354,52.00,17.015
65372,21661,52.50,17.179
65481,61316,63.50,20.778
65481,54887,63.50,20.778
65481,41999,63.50,20.778
65481,10354,52.00,17.015
65481,21661,52.50,17.179
65581,61316,63.50,20.778
65581,54887,63.50,20.778
65581,41999,63.50,20.778
65581,10354,52.00,17.015
65581,21661,52.50,17.179
65691,61316,63.50,20.778
65691,54887,63.50,20.778
65691,41999,63.50,20.778
65691,10354,52.00,17.015
65691,21661,52.50,17.179
65792,61316,63.50,20.778
65792,54887,63.50,20.778
65792,41999,63.50,20.778
65792,10354,52.00,17.015
65792,21661,52.50,17.179
65901,61316,63.50,20.778
65901,54887,63.50,20.778
65901,41999,63.50,20.778
65901,10354,52.00,17.015
65901,21661,52.50,17.179
66001,61316,63.50,20.778
66001,54887,63.50,20.778
66001,41999,63.50,20.778
66001,10354,52.00,17.015
66001,21661,52.50,17.179
66111,61316,63.50,20.778
66111,54887,63.50,20.778
66111,41999,63.50,20.778
66111,10354,52.00,17.015
66111,21661,52.50,17.179
66211,61316,63.50,20.778
66211,54887,63.50,20.778
66211,41999,63.50,20.778
66211,10354,52.00,17.015
66211,21661,52.50,17.179
66321,61316,63.50,20.778
66321,54887,63.50,20.778
66321,41999,63.50,20.778
66321,10354,52.00,17.015
66321,21661,52.50,17.179
66422,61316,63.50,20.778
66422,54887,63.50,20.778
66422,41999,63.50,20.778
66422,10354,52.00,17.015
66422,21661,52.50,17.179
66531,61316,63.50,20.778
66531,54887,63.50,20.778
66531,41999,63.50,20.778
66531,10354,52.00,17.015
66531,21661,52.50,17.179
66631,61316,63.50,20.778
66631,54887,63.50,20.778
66631,41999,63.50,20.778
66631,10354,52.00,17.015
66631,21661,52.50,17.179
66731,61316,63.50,20.778
66731,54887,63.50,20.778
66731,41999,63.50,20.778
66731,10354,52.00,17.015
66731,21661,52.50,17.179
66841,61316,63.50,20.778
66841,54887,63.50,20.778
66841,41999,63.50,20.778
66841,10354,52.00,17.015
66841,21661,52.50,17.179
66942,61316,63.50,20.778
66942,54887,63.50,20.778
66942,41999,63.50,20.778
66942,10354,52.00,17.015
66942,21661,52.50,17.179
67051,61316,63.50,20.778
67051,54887,63.50,20.778
67051,41999,63.50,20.778
67051,10354,52.00,17.015
67051,21661,52.50,17.179
67151,61316,63.50,20.778
67151,54887,63.50,20.778
67151,41999,63.50,20.778
67151,10354,52.00,17.015
67151,21661,52.50,17.179
67252,61316,63.50,20.778
67252,54887,63.50,20.778
67252,41999,63.50,20.778
67252,10354,52.00,17.015
67252,21661,52.50,17.179
67361,61316,63.50,20.778
67361,54887,63.50,20.778
67361,41999,63.50,20.778
67361,10354,52.00,17.015
67361,21661,52.50,17.179
67461,61316,63.50,20.778
67461,54887,63.50,20.778
67461,41999,63.50,20.778
67461,10354,52.00,17.015
67461,21661,52.50,17.179
67571,61316,63.50,20.778
67571,54887,63.50,20.778
67571,41999,63.50,20.778
67571,10354,52.00,17.015
67571,21661,52.50,17.179
67681,61316,63.50,20.778
67681,54887,63.50,20.778
67681,41999,63.50,20.778
67681,10354,52.00,17.015
67681,21661,52.50,17.179
67782,61316,63.50,20.778
67782,54887,63.50,20.778
67782,41999,63.50,20.778
67782,10354,52.00,17.015
67782,21661,52.50,17.179
67891,61316,63.50,20.778
67891,54887,63.50,20.778
67891,41999,63.50,20.778
67891,10354,52.00,17.015
67891,21661,52.50,17.179
68001,61316,63.50,20.778
68001,54887,63.50,20.778
68001,41999,63.50,20.778
68001,10354,52.00,17.015
68001,21661,52.50,17.179
68102,61316,63.50,20.778
68102,54887,63.50,20.778
68102,41999,63.50,20.778
68102,10354,52.00,17.015
68102,21661,52.50,17.179
68211,61316,63.50,20.778
68211,54887,63.50,20.778
68211,41999,63.50,20.778
68211,10354,52.00,17.015
68211,21661,52.50,17.179
68321,61316,63.50,20.778
68321,54887,63.50,20.778
68321,41999,63.50,20.778
68321,10354,52.00,17.015
68321,21661,52.50,17.179
68431,61316,63.50,20.778
68431,54887,63.50,20.778
68431,41999,63.50,20.778
68431,10354,52.00,17.015
68431,21661,52.50,17.179
68541,61316,63.50,20.778
68541,54887,63.50,20.778
68541,41999,63.50,20.778
68541,10354,52.00,17.015
68541,21661,52.50,17.179
68651,61316,63.50,20.778
68651,54887,63.50,20.778
68651,41999,63.50,20.778
68651,10354,52.00,17.015
68651,21661,52.50,17.179
68761,61316,63.50,20.778
68761,54887,63.50,20.778
68761,41999,63.50,20.778
68761,10354,52.00,17.015
68761,21661,52.50,17.179
68861,61316,63.50,20.778
68861,54887,63.50,20.778
68861,41999,63.50,20.778
68861,10354,54.00,17.669
68861,21661,52.50,17.179
68971,61316,63.50,20.778
68971,54887,63.50,20.778
68971,41999,63.50,20.778
68971,10354,54.00,17.669
68971,21661,52.50,17.179
69072,61316,63.50,20.778
69072,54887,63.50,20.778
69072,41999,63.50,20.778
69072,10354,52.00,17.015
69072,21661,52.50,17.179
69181,61316,63.50,20.778
69181,54887,63.50,20.778
69181,41999,63.50,20.778
69181,10354,52.00,17.015
69181,21661,52.50,17.179
69281,61316,63.50,20.778
69281,54887,63.50,20.778
69281,41999,63.50,20.778
69281,10354,52.00,17.015
69281,21661,52.50,17.179
69381,61316,63.50,20.778
69381,54887,63.50,20.778
69381,41999,63.50,20.778
69381,10354,52.00,17.015
69381,21661,52.50,17.179
69482,61316,63.50,20.778
69482,54887,63.50,20.778
69482,41999,63.50,20.778
69482,10354,52.00,17.015
69482,21661,52.50,17.179
69592,61316,63.50,20.778
69592,54887,63.50,20.778
69592,41999,63.50,20.778
69592,10354,52.00,17.015
69592,21661,52.50,17.179
69701,61316,63.50,20.778
69701,54887,63.50,20.778
69701,41999,63.50,20.778
69701,10354,52.00,17.015
69701,21661,52.50,17.179
69801,61316,63.50,20.778
69801,54887,63.50,20.778
69801,41999,63.50,20.778
69801,10354,52.00,17.015
69801,21661,52.50,17.179
69911,61316,63.50,20.778
69911,54887,63.50,20.778
69911,41999,63.50,20.778
69911,10354,52.00,17.015
69911,21661,52.50,17.179
70021,61316,63.50,20.778
70021,54887,63.50,20.778
70021,41999,63.50,20.778
70021,10354,52.00,17.015
70021,21661,52.50,17.179
70131,61316,63.50,20.778
70131,54887,63.50,20.778
70131,41999,63.50,20.778
70131,10354,52.00,17.015
70131,21661,52.50,17.179
70231,61316,63.50,20.778
70231,54887,63.50,20.778
70231,41999,63.50,20.778
70231,10354,52.00,17.015
70231,21661,52.50,17.179
70341,61316,54.50,17.833
70341,54887,63.50,20.778
70341,41999,55.50,18.160
70341,10354,52.00,17.015
70341,21661,59.00,19.305
70442,61316,54.50,17.833
70442,54887,63.50,20.778
70442,41999,55.50,18.160
70442,10354,52.00,17.015
70442,21661,59.00,19.305
70551,61316,54.50,17.833
70551,54887,63.50,20.778
70551,41999,55.50,18.160
70551,10354,52.00,17.015
70551,21661,59.00,19.305
70662,61316,54.50,17.833
70662,54887,63.50,20.778
70662,41999,55.50,18.160
70662,10354,52.00,17.015
70662,21661,59.00,19.305
70771,61316,63.50,20.778
70771,54887,63.50,20.778
70771,41999,63.50,20.778
70771,10354,63.50,20.778
70771,21661,59.00,19.305
70881,61316,63.50,20.778
70881,54887,63.50,20.778
70881,41999,63.50,20.778
70881,10354,63.50,20.778
70881,21661,59.00,19.305
70981,61316,63.50,20.778
70981,54887,63.50,20.778
70981,41999,63.50,20.778
70981,10354,63.50,20.778
70981,21661,59.00,19.305
71091,61316,63.50,20.778
71091,54887,63.50,20.778
71091,41999,63.50,20.778
71091,10354,63.50,20.778
71091,21661,59.00,19.305
71192,61316,63.50,20.778
71192,54887,63.50,20.778
71192,41999,63.50,20.778
71192,10354,63.50,20.778
71192,21661,59.00,19.305
71301,61316,63.50,20.778
71301,54887,63.50,20.778
71301,41999,63.50,20.778
71301,10354,63.50,20.778
71301,21661,59.00,19.305
71412,61316,63.50,20.778
71412,54887,63.50,20.778
71412,41999,63.50,20.778
71412,10354,63.50,20.778
71412,21661,59.00,19.305
71521,61316,63.50,20.778
71521,54887,63.50,20.778
71521,41999,63.50,20.778
71521,10354,63.50,20.778
71521,21661,59.00,19.305
71632,61316,63.50,20.778
71632,54887,63.50,20.778
71632,41999,63.50,20.778
71632,10354,63.50,20.778
71632,21661,59.00,19.305
71741,61316,63.50,20.778
71741,54887,63.50,20.778
71741,41999,63.50,20.778
71741,10354,63.50,20.778
71741,21661,63.50,20.778
71851,61316,63.50,20.778
71851,54887,63.50,20.778
71851,41999,63.50,20.778
71851,10354,63.50,20.778
71851,21661,63.50,20.778
71952,61316,63.50,20.778
71952,54887,63.50,20.778
71952,41999,63.50,20.778
71952,10354,63.50,20.778
71952,21661,63.50,20.778
72062,61316,63.50,20.778
72062,54887,63.50,20.778
72062,41999,63.50,20.778
72062,10354,63.50,20.778
72062,21661,63.50,20.778
72171,61316,63.50,20.778
72171,54887,63.50,20.778
72171,41999,63.50,20.778
72171,10354,63.50,20.778
72171,21661,63.50,20.778
72282,61316,63.50,20.778
72282,54887,63.50,20.778
72282,41999,63.50,20.778
72282,10354,63.50,20.778
72282,21661,63.50,20.778
72391,61316,63.50,20.778
72391,54887,63.50,20.778
72391,41999,63.50,20.778
72391,10354,63.50,20.778
72391,21661,63.50,20.778
72492,61316,63.50,20.778
72492,54887,63.50,20.778
72492,41999,63.50,20.778
72492,10354,63.50,20.778
72492,21661,63.50,20.778
72601,61316,63.50,20.778
72601,54887,63.50,20.778
72601,41999,63.50,20.778
72601,10354,63.50,20.778
72601,21661,63.50,20.778
72703,61316,63.50,20.778
72703,54887,63.50,20.778
72703,41999,63.50,20.778
72703,10354,54.50,17.833
72703,21661,63.50,20.778
72811,61316,63.50,20.778
72811,54887,63.50,20.778
72811,41999,63.50,20.778
72811,10354,54.50,17.833
72811,21661,63.50,20.778
72921,61316,63.50,20.778
72921,54887,63.50,20.778
72921,41999,63.50,20.778
72921,10354,54.50,17.833
72921,21661,63.50,20.778
73033,61316,63.50,20.778
73033,54887,63.50,20.778
73033,41999,63.50,20.778
73033,10354,52.00,17.015
73033,21661,52.50,17.179
73141,61316,63.50,20.778
73141,54887,63.50,20.778
73141,41999,63.50,20.778
73141,10354,52.00,17.015
73141,21661,52.50,17.179
73243,61316,63.50,20.778
73243,54887,63.50,20.778
73243,41999,63.50,20.778
73243,10354,52.00,17.015
73243,21661,52.50,17.179
73351,61316,63.50,20.778
73351,54887,63.50,20.778
73351,41999,63.50,20.778
73351,10354,52.00,17.015
73351,21661,52.50,17.179
73462,61316,63.50,20.778
73462,54887,63.50,20.778
73462,41999,63.50,20.778
73462,10354,52.00,17.015
73462,21661,52.50,17.179
73571,61316,63.50,20.778
73571,54887,63.50,20.778
73571,41999,63.50,20.778
73571,10354,52.00,17.015
73571,21661,52.50,17.179
73671,61316,63.50,20.778
73671,54887,63.50,20.778
73671,41999,63.50,20.778
73671,10354,52.00,17.015
73671,21661,52.50,17.179
73781,61316,63.50,20.778
73781,54887,63.50,20.778
73781,41999,63.50,20.778
73781,10354,52.00,17.015
73781,21661,52.50,17.179
73891,61316,63.50,20.778
73891,54887,63.50,20.778
73891,41999,63.50,20.778
73891,10354,52.00,17.015
73891,21661,52.50,17.179
74001,61316,63.50,20.778
74001,54887,63.50,20.778
74001,41999,63.50,20.778
74001,10354,52.00,17.015
74001,21661,52.50,17.179
74102,61316,63.50,20.778
74102,54887,63.50,20.778
74102,41999,63.50,20.778
74102,10354,52.00,17.015
74102,21661,52.50,17.179
74211,61316,63.50,20.778
74211,54887,63.50,20.778
74211,41999,63.50,20.778
74211,10354,52.00,17.015
74211,21661,52.50,17.179
74312,61316,63.50,20.778
74312,54887,63.50,20.778
74312,41999,63.50,20.778
74312,10354,52.00,17.015
74312,21661,52.50,17.179
74421,61316,63.50,20.778
74421,54887,63.50,20.778
74421,41999,63.50,20.778
74421,10354,52.00,17.015
74421,21661,52.50,17.179
74531,61316,63.50,20.778
74531,54887,63.50,20.778
74531,41999,63.50,20.778
74531,10354,52.00,17.015
74531,21661,52.50,17.179
74631,61316,63.50,20.778
74631,54887,63.50,20.778
74631,41999,63.50,20.778
74631,10354,52.00,17.015
74631,21661,52.50,17.179
74732,61316,63.50,20.778
74732,54887,63.50,20.778
74732,41999,63.50,20.778
74732,10354,52.00,17.015
74732,21661,52.50,17.179
74841,61316,63.50,20.778
74841,54887,63.50,20.778
74841,41999,63.50,20.778
74841,10354,52.00,17.015
74841,21661,52.50,17.179
74951,61316,63.50,20.778
74951,54887,63.50,20.778
74951,41999,63.50,20.778
74951,10354,52.00,17.015
74951,21661,52.50,17.179
75051,61316,63.50,20.778
75051,54887,63.50,20.778
75051,41999,63.50,20.778
75051,10354,52.00,17.015
75051,21661,52.50,17.179
75152,61316,63.50,20.778
75152,54887,63.50,20.778
75152,41999,63.50,20.778
75152,10354,52.00,17.015
75152,21661,52.50,17.179
75252,61316,63.50,20.778
75252,54887,63.50,20.778
75252,41999,63.50,20.778
75252,10354,52.00,17.015
75252,21661,52.50,17.179
75362,61316,63.50,20.778
75362,54887,63.50,20.778
75362,41999,63.50,20.778
75362,10354,52.00,17.015
75362,21661,52.50,17.179
75471,61316,63.50,20.778
75471,54887,63.50,20.778
75471,41999,63.50,20.778
75471,10354,52.00,17.015
75471,21661,52.50,17.179
75582,61316,63.50,20.778
75582,54887,63.50,20.778
75582,41999,63.50,20.778
75582,10354,52.00,17.015
75582,21661,52.50,17.179
75692,61316,63.50,20.778
75692,54887,63.50,20.778
75692,41999,63.50,20.778
75692,10354,52.00,17.015
75692,21661,52.50,17.179
75802,61316,63.50,20.778
75802,54887,63.50,20.778
75802,41999,63.50,20.778
75802,10354,52.00,17.015
75802,21661,52.50,17.179
75912,61316,63.50,20.778
75912,54887,63.50,20.778
75912,41999,63.50,20.778
75912,10354,52.00,17.015
75912,21661,52.50,17.179
76021,61316,63.50,20.778
76021,54887,63.50,20.778
76021,41999,63.50,20.778
76021,10354,52.00,17.015
76021,21661,52.50,17.179
76121,61316,63.50,20.778
76121,54887,63.50,20.778
76121,41999,63.50,20.778
76121,10354,52.00,17.015
76121,21661,52.50,17.179
76231,61316,63.50,20.778
76231,54887,63.50,20.778
76231,41999,63.50,20.778
76231,10354,52.00,17.015
76231,21661,52.50,17.179
76331,61316,63.50,20.778
76331,54887,63.50,20.778
76331,41999,63.50,20.778
76331,10354,52.00,17.015
76331,21661,52.50,17.179
76441,61316,63.50,20.778
76441,54887,63.50,20.778
76441,41999,63.50,20.778
76441,10354,52.00,17.015
76441,21661,52.50,17.179
76541,61316,63.50,20.778
76541,54887,63.50,20.778
76541,41999,63.50,20.778
76541,10354,52.00,17.015
76541,21661,52.50,17.179
76651,61316,63.50,20.778
76651,54887,63.50,20.778
76651,41999,63.50,20.778
76651,10354,52.00,17.015
76651,21661,52.50,17.179
76751,61316,63.50,20.778
76751,54887,63.50,20.778
76751,41999,63.50,20.778
76751,10354,52.00,17.015
76751,21661,52.50,17.179
76851,61316,63.50,20.778
76851,54887,63.50,20.778
76851,41999,63.50,20.778
76851,10354,52.00,17.015
76851,21661,52.50,17.179
76961,61316,63.50,20.778
76961,54887,63.50,20.778
76961,41999,63.50,20.778
76961,10354,54.50,17.833
76961,21661,52.50,17.179
77062,61316,63.50,20.778
77062,54887,63.50,20.778
77062,41999,63.50,20.778
77062,10354,54.50,17.833
77062,21661,52.50,17.179
77162,61316,63.50,20.778
77162,54887,63.50,20.778
77162,41999,63.50,20.778
77162,10354,52.00,17.015
77162,21661,52.00,17.015
77271,61316,63.50,20.778
77271,54887,63.50,20.778
77271,41999,63.50,20.778
77271,10354,52.00,17.015
77271,21661,52.00,17.015
77371,61316,63.50,20.778
77371,54887,63.50,20.778
77371,41999,63.50,20.778
77371,10354,52.00,17.015
77371,21661,52.00,17.015
77481,61316,63.50,20.778
77481,54887,63.50,20.778
77481,41999,63.50,20.778
77481,10354,52.00,17.015
77481,21661,52.00,17.015
77591,61316,63.50,20.778
77591,54887,63.50,20.778
77591,41999,63.50,20.778
77591,10354,52.00,17.015
77591,21661,52.00,17.015
77691,61316,63.50,20.778
77691,54887,63.50,20.778
77691,41999,63.50,20.778
77691,10354,52.00,17.015
77691,21661,52.00,17.015
77801,61316,63.50,20.778
77801,54887,63.50,20.778
77801,41999,63.50,20.778
77801,10354,52.00,17.015
77801,21661,52.00,17.015
77901,61316,63.50,20.778
77901,54887,63.50,20.778
77901,41999,63.50,20.778
77901,10354,52.00,17.015
77901,21661,52.00,17.015
78011,61316,63.50,20.778
78011,54887,63.50,20.778
78011,41999,63.50,20.778
78011,10354,52.00,17.015
78011,21661,52.00,17.015
78111,61316,63.50,20.778
78111,54887,63.50,20.778
78111,41999,63.50,20.778
78111,10354,52.00,17.015
78111,21661,52.00,17.015
78221,61316,63.50,20.778
78221,54887,63.50,20.778
78221,41999,63.50,20.778
78221,10354,52.00,17.015
78221,21661,52.00,17.015
78322,61316,63.50,20.778
78322,54887,63.50,20.778
78322,41999,63.50,20.778
78322,10354,52.00,17.015
78322,21661,52.00,17.015
78431,61316,63.50,20.778
78431,54887,63.50,20.778
78431,41999,63.50,20.778
78431,10354,52.00,17.015
78431,21661,52.00,17.015
78541,61316,63.50,20.778
78541,54887,63.50,20.778
78541,41999,63.50,20.778
78541,10354,52.00,17.015
78541,21661,52.00,17.015
78642,61316,63.50,20.778
78642,54887,63.50,20.778
78642,41999,63.50,20.778
78642,10354,52.00,17.015
78642,21661,52.00,17.015
78751,61316,63.50,20.778
78751,54887,63.50,20.778
78751,41999,63.50,20.778
78751,10354,52.00,17.015
78751,21661,52.00,17.015
78861,61316,63.50,20.778
78861,54887,63.50,20.778
78861,41999,63.50,20.778
78861,10354,52.00,17.015
78861,21661,52.00,17.015
78961,61316,63.50,20.778
78961,54887,63.50,20.778
78961,41999,63.50,20.778
78961,10354,52.00,17.015
78961,21661,52.00,17.015
79071,61316,63.50,20.778
79071,54887,63.50,20.778
79071,41999,63.50,20.778
79071,10354,52.00,17.015
79071,21661,52.00,17.015
79172,61316,63.50,20.778
79172,54887,63.50,20.778
79172,41999,63.50,20.778
79172,10354,52.00,17.015
79172,21661,52.00,17.015
79281,61316,63.50,20.778
79281,54887,63.50,20.778
79281,41999,63.50,20.778
79281,10354,52.00,17.015
79281,21661,52.00,17.015
79382,61316,63.50,20.778
79382,54887,63.50,20.778
79382,41999,63.50,20.778
79382,10354,52.00,17.015
79382,21661,52.00,17.015
79491,61316,63.50,20.778
79491,54887,63.50,20.778
79491,41999,63.50,20.778
79491,10354,52.00,17.015
79491,21661,52.00,17.015
79591,61316,63.50,20.778
79591,54887,63.50,20.778
79591,41999,63.50,20.778
79591,10354,52.00,17.015
79591,21661,52.00,17.015
79701,61316,63.50,20.778
79701,54887,63.50,20.778
79701,41999,63.50,20.778
79701,10354,52.00,17.015
79701,21661,52.00,17.015
79811,61316,63.50,20.778
79811,54887,63.50,20.778
79811,41999,63.50,20.778
79811,10354,52.00,17.015
79811,21661,52.00,17.015
79911,61316,63.50,20.778
79911,54887,63.50,20.778
79911,41999,63.50,20.778
79911,10354,52.00,17.015
79911,21661,52.00,17.015
80021,61316,63.50,20.778
80021,54887,63.50,20.778
80021,41999,63.50,20.778
80021,10354,52.00,17.015
80021,21661,52.00,17.015
80121,61316,63.50,20.778
80121,54887,63.50,20.778
80121,41999,63.50,20.778
80121,10354,52.00,17.015
80121,21661,52.00,17.015
80231,61316,63.50,20.778
80231,54887,63.50,20.778
80231,41999,63.50,20.778
80231,10354,52.00,17.015
80231,21661,52.00,17.015
80331,61316,63.50,20.778
80331,54887,63.50,20.778
80331,41999,63.50,20.778
80331,10354,52.00,17.015
80331,21661,52.00,17.015
80441,61316,63.50,20.778
80441,54887,63.50,20.778
80441,41999,63.50,20.778
80441,10354,52.00,17.015
80441,21661,52.00,17.015
80541,61316,63.50,20.778
80541,54887,63.50,20.778
80541,41999,63.50,20.778
80541,10354,52.00,17.015
80541,21661,52.00,17.015
80651,61316,63.50,20.778
80651,54887,63.50,20.778
80651,41999,63.50,20.778
80651,10354,52.00,17.015
80651,21661,52.00,17.015
80761,61316,63.50,20.778
80761,54887,63.50,20.778
80761,41999,63.50,20.778
80761,10354,52.00,17.015
80761,21661,52.00,17.015
80871,61316,63.50,20.778
80871,54887,63.50,20.778
80871,41999,63.50,20.778
80871,10354,52.00,17.015
80871,21661,52.00,17.015
80971,61316,63.50,20.778
80971,54887,63.50,20.778
80971,41999,63.50,20.778
80971,10354,54.50,17.833
80971,21661,52.00,17.015
81081,61316,63.50,20.778
81081,54887,63.50,20.778
81081,41999,63.50,20.778
81081,10354,54.50,17.833
81081,21661,52.00,17.015
81191,61316,63.50,20.778
81191,54887,63.50,20.778
81191,41999,63.50,20.778
81191,10354,52.00,17.015
81191,21661,52.00,17.015
81291,61316,63.50,20.778
81291,54887,63.50,20.778
81291,41999,63.50,20.778
81291,10354,52.00,17.015
81291,21661,52.00,17.015
81401,61316,63.50,20.778
81401,54887,63.50,20.778
81401,41999,63.50,20.778
81401,10354,52.00,17.015
81401,21661,52.00,17.015
81502,61316,63.50,20.778
81502,54887,63.50,20.778
81502,41999,63.50,20.778
81502,10354,52.00,17.015
81502,21661,52.00,17.015
81612,61316,63.50,20.778
81612,54887,63.50,20.778
81612,41999,63.50,20.778
81612,10354,52.00,17.015
81612,21661,52.00,17.015
81721,61316,63.50,20.778
81721,54887,63.50,20.778
81721,41999,63.50,20.778
81721,10354,52.00,17.015
81721,21661,52.00,17.015
81822,61316,63.50,20.778
81822,54887,63.50,20.778
81822,41999,63.50,20.778
81822,10354,52.00,17.015
81822,21661,52.00,17.015
81931,61316,63.50,20.778
81931,54887,63.50,20.778
81931,41999,63.50,20.778
81931,10354,52.00,17.015
81931,21661,52.00,17.015
82031,61316,63.50,20.778
82031,54887,63.50,20.778
82031,41999,63.50,20.778
82031,10354,52.00,17.015
82031,21661,52.00,17.015
82132,61316,63.50,20.778
82132,54887,63.50,20.778
82132,41999,63.50,20.778
82132,10354,52.00,17.015
82132,21661,52.00,17.015
82241,61316,63.50,20.778
82241,54887,63.50,20.778
82241,41999,63.50,20.778
82241,10354,52.00,17.015
82241,21661,52.00,17.015
82342,61316,63.50,20.778
82342,54887,63.50,20.778
82342,41999,63.50,20.778
82342,10354,52.00,17.015
82342,21661,52.00,17.015
82451,61316,63.50,20.778
82451,54887,63.50,20.778
82451,41999,63.50,20.778
82451,10354,52.00,17.015
82451,21661,52.00,17.015
82562,61316,63.50,20.778
82562,54887,63.50,20.778
82562,41999,63.50,20.778
82562,10354,52.00,17.015
82562,21661,52.00,17.015
82671,61316,63.50,20.778
82671,54887,63.50,20.778
82671,41999,63.50,20.778
82671,10354,52.00,17.015
82671,21661,52.00,17.015
82771,61316,63.50,20.778
82771,54887,63.50,20.778
82771,41999,63.50,20.778
82771,10354,52.00,17.015
82771,21661,52.00,17.015
82872,61316,63.50,20.778
82872,54887,63.50,20.778
82872,41999,63.50,20.778
82872,10354,52.00,17.015
82872,21661,52.00,17.015
82981,61316,63.50,20.778
82981,54887,63.50,20.778
82981,41999,63.50,20.778
82981,10354,52.00,17.015
82981,21661,52.00,17.015
83082,61316,63.50,20.778
83082,54887,63.50,20.778
83082,41999,63.50,20.778
83082,10354,52.00,17.015
83082,21661,52.00,17.015
83192,61316,63.50,20.778
83192,54887,63.50,20.778
83192,41999,63.50,20.778
83192,10354,52.00,17.015
83192,21661,52.00,17.015
83292,61316,63.50,20.778
83292,54887,63.50,20.778
83292,41999,63.50,20.778
83292,10354,52.00,17.015
83292,21661,52.00,17.015
83401,61316,63.50,20.778
83401,54887,63.50,20.778
83401,41999,63.50,20.778
83401,10354,52.00,17.015
83401,21661,52.00,17.015
83511,61316,63.50,20.778
83511,54887,63.50,20.778
83511,41999,63.50,20.778
83511,10354,52.00,17.015
83511,21661,52.00,17.015
83612,61316,63.50,20.778
83612,54887,63.50,20.778
83612,41999,63.50,20.778
83612,10354,52.00,17.015
83612,21661,52.00,17.015
83721,61316,63.50,20.778
83721,54887,63.50,20.778
83721,41999,63.50,20.778
83721,10354,52.00,17.015
83721,21661,52.00,17.015
83823,61316,63.50,20.778
83823,54887,63.50,20.778
83823,41999,63.50,20.778
83823,10354,52.00,17.015
83823,21661,52.00,17.015
83932,61316,63.50,20.778
83932,54887,63.50,20.778
83932,41999,63.50,20.778
83932,10354,52.00,17.015
83932,21661,52.00,17.015
84041,61316,63.50,20.778
84041,54887,63.50,20.778
84041,41999,63.50,20.778
84041,10354,52.00,17.015
84041,21661,52.00,17.015
84141,61316,63.50,20.778
84141,54887,63.50,20.778
84141,41999,63.50,20.778
84141,10354,52.00,17.015
84141,21661,52.00,17.015
84251,61316,63.50,20.778
84251,54887,63.50,20.778
84251,41999,63.50,20.778
84251,10354,52.00,17.015
84251,21661,52.00,17.015
84352,61316,63.50,20.778
84352,54887,63.50,20.778
84352,41999,63.50,20.778
84352,10354,52.00,17.015
84352,21661,52.00,17.015
84461,61316,63.50,20.778
84461,54887,63.50,20.778
84461,41999,63.50,20.778
84461,10354,52.00,17.015
84461,21661,52.00,17.015
84562,61316,63.50,20.778
84562,54887,63.50,20.778
84562,41999,63.50,20.778
84562,10354,52.00,17.015
84562,21661,52.00,17.015
84662,61316,63.50,20.778
84662,54887,63.50,20.778
84662,41999,63.50,20.778
84662,10354,52.00,17.015
84662,21661,52.00,17.015
84771,61316,63.50,20.778
84771,54887,63.50,20.778
84771,41999,63.50,20.778
84771,10354,52.00,17.015
84771,21661,52.00,17.015
84871,61316,63.50,20.778
84871,54887,63.50,20.778
84871,41999,63.50,20.778
84871,10354,52.00,17.015
84871,21661,52.00,17.015
84982,61316,63.50,20.778
84982,54887,63.50,20.778
84982,41999,63.50,20.778
84982,10354,54.50,17.833
84982,21661,52.00,17.015
85091,61316,63.50,20.778
85091,54887,63.50,20.778
85091,41999,63.50,20.778
85091,10354,54.50,17.833
85091,21661,52.00,17.015
85192,61316,63.50,20.778
85192,54887,63.50,20.778
85192,41999,63.50,20.778
85192,10354,54.50,17.833
85192,21661,52.00,17.015
85301,61316,63.50,20.778
85301,54887,63.50,20.778
85301,41999,63.50,20.778
85301,10354,52.00,17.015
85301,21661,52.50,17.179
85401,61316,63.50,20.778
85401,54887,63.50,20.778
85401,41999,63.50,20.778
85401,10354,52.00,17.015
85401,21661,52.50,17.179
85501,61316,63.50,20.778
85501,54887,63.50,20.778
85501,41999,63.50,20.778
85501,10354,52.00,17.015
85501,21661,52.50,17.179
85611,61316,63.50,20.778
85611,54887,63.50,20.778
85611,41999,63.50,20.778
85611,10354,52.00,17.015
85611,21661,52.50,17.179
85711,61316,63.50,20.778
85711,54887,63.50,20.778
85711,41999,63.50,20.778
85711,10354,52.00,17.015
85711,21661,52.50,17.179
85822,61316,63.50,20.778
85822,54887,63.50,20.778
85822,41999,63.50,20.778
85822,10354,52.00,17.015
85822,21661,52.50,17.179
85931,61316,63.50,20.778
85931,54887,63.50,20.778
85931,41999,63.50,20.778
85931,10354,52.00,17.015
85931,21661,52.50,17.179
86032,61316,63.50,20.778
86032,54887,63.50,20.778
86032,41999,63.50,20.778
86032,10354,52.00,17.015
86032,21661,52.50,17.179
86142,61316,63.50,20.778
86142,54887,63.50,20.778
86142,41999,63.50,20.778
86142,10354,52.00,17.015
86142,21661,52.50,17.179
86251,61316,63.50,20.778
86251,54887,63.50,20.778
86251,41999,63.50,20.778
86251,10354,52.00,17.015
86251,21661,52.50,17.179
86352,61316,63.50,20.778
86352,54887,63.50,20.778
86352,41999,63.50,20.778
86352,10354,52.00,17.015
86352,21661,52.50,17.179
86461,61316,63.50,20.778
86461,54887,63.50,20.778
86461,41999,63.50,20.778
86461,10354,52.00,17.015
86461,21661,52.50,17.179
86572,61316,63.50,20.778
86572,54887,63.50,20.778
86572,41999,63.50,20.778
86572,10354,52.00,17.015
86572,21661,52.50,17.179
86681,61316,63.50,20.778
86681,54887,63.50,20.778
86681,41999,63.50,20.778
86681,10354,52.00,17.015
86681,21661,52.50,17.179
86791,61316,63.50,20.778
86791,54887,63.50,20.778
86791,41999,63.50,20.778
86791,10354,52.00,17.015
86791,21661,52.50,17.179
86891,61316,63.50,20.778
86891,54887,63.50,20.778
86891,41999,63.50,20.778
86891,10354,52.00,17.015
86891,21661,52.50,17.179
86991,61316,63.50,20.778
86991,54887,63.50,20.778
86991,41999,63.50,20.778
86991,10354,52.00,17.015
86991,21661,52.50,17.179
87092,61316,63.50,20.778
87092,54887,63.50,20.778
87092,41999,63.50,20.778
87092,10354,52.00,17.015
87092,21661,52.50,17.179
87202,61316,63.50,20.778
87202,54887,63.50,20.778
87202,41999,63.50,20.778
87202,10354,52.00,17.015
87202,21661,52.50,17.179
87302,61316,63.50,20.778
87302,54887,63.50,20.778
87302,41999,63.50,20.778
87302,10354,52.00,17.015
87302,21661,52.50,17.179
87412,61316,63.50,20.778
87412,54887,63.50,20.778
87412,41999,63.50,20.778
87412,10354,52.00,17.015
87412,21661,52.50,17.179
87522,61316,63.50,20.778
87522,54887,63.50,20.778
87522,41999,63.50,20.778
87522,10354,52.00,17.015
87522,21661,52.50,17.179
87631,61316,63.50,20.778
87631,54887,63.50,20.778
87631,41999,63.50,20.778
87631,10354,52.00,17.015
87631,21661,52.50,17.179
87741,61316,63.50,20.778
87741,54887,63.50,20.778
87741,41999,63.50,20.778
87741,10354,52.00,17.015
87741,21661,52.50,17.179
87842,61316,63.50,20.778
87842,54887,63.50,20.778
87842,41999,63.50,20.778
87842,10354,52.00,17.015
87842,21661,52.50,17.179
87952,61316,63.50,20.778
87952,54887,63.50,20.778
87952,41999,63.50,20.778
87952,10354,52.00,17.015
87952,21661,52.50,17.179
88062,61316,63.50,20.778
88062,54887,63.50,20.778
88062,41999,63.50,20.778
88062,10354,52.00,17.015
88062,21661,52.50,17.179
88171,61316,63.50,20.778
88171,54887,63.50,20.778
88171,41999,63.50,20.778
88171,10354,52.00,17.015
88171,21661,52.50,17.179
88271,61316,63.50,20.778
88271,54887,63.50,20.778
88271,41999,63.50,20.778
88271,10354,52.00,17.015
88271,21661,52.50,17.179
88371,61316,63.50,20.778
88371,54887,63.50,20.778
88371,41999,63.50,20.778
88371,10354,52.00,17.015
88371,21661,52.50,17.179
88482,61316,63.50,20.778
88482,54887,63.50,20.778
88482,41999,63.50,20.778
88482,10354,52.00,17.015
88482,21661,52.50,17.179
88592,61316,63.50,20.778
88592,54887,63.50,20.778
88592,41999,63.50,20.778
88592,10354,52.00,17.015
88592,21661,52.50,17.179
88702,61316,63.50,20.778
88702,54887,63.50,20.778
88702,41999,63.50,20.778
88702,10354,52.00,17.015
88702,21661,52.50,17.179
88812,61316,63.50,20.778
88812,54887,63.50,20.778
88812,41999,63.50,20.778
88812,10354,52.00,17.015
88812,21661,52.50,17.179
88912,61316,63.50,20.778
88912,54887,63.50,20.778
88912,41999,63.50,20.778
88912,10354,52.00,17.015
88912,21661,52.50,17.179
89022,61316,63.50,20.778
89022,54887,63.50,20.778
89022,41999,63.50,20.778
89022,10354,52.00,17.015
89022,21661,52.50,17.179
89122,61316,63.50,20.778
89122,54887,63.50,20.778
89122,41999,63.50,20.778
89122,10354,52.00,17.015
89122,21661,52.50,17.179
89232,61316,63.50,20.778
89232,54887,63.50,20.778
89232,41999,63.50,20.778
89232,10354,54.50,17.833
89232,21661,52.50,17.179
89332,61316,63.50,20.778
89332,54887,63.50,20.778
89332,41999,63.50,20.778
89332,10354,54.50,17.833
89332,21661,52.50,17.179
89432,61316,63.50,20.778
89432,54887,63.50,20.778
89432,41999,63.50,20.778
89432,10354,54.50,17.833
89432,21661,52.50,17.179
89541,61316,63.50,20.778
89541,54887,63.50,20.778
89541,41999,63.50,20.778
89541,10354,52.00,17.015
89541,21661,52.50,17.179
89651,61316,63.50,20.778
89651,54887,63.50,20.778
89651,41999,63.50,20.778
89651,10354,52.00,17.015
89651,21661,52.50,17.179
89751,61316,63.50,20.778
89751,54887,63.50,20.778
89751,41999,63.50,20.778
89751,10354,52.00,17.015
89751,21661,52.50,17.179
89852,61316,63.50,20.778
89852,54887,63.50,20.778
89852,41999,63.50,20.778
89852,10354,52.00,17.015
89852,21661,52.50,17.179
89953,61316,63.50,20.778
89953,54887,63.50,20.778
89953,41999,63.50,20.778
89953,10354,52.00,17.015
89953,21661,52.50,17.179
