Time_ms,UE_ID,UL_SNR_dB,UL_SE_bit_per_s_Hz
0,32893,59.00,19.305
2,16233,63.50,20.778
10,32893,59.00,19.305
11,16233,63.50,20.778
19,32893,59.00,19.305
22,16233,63.50,20.778
29,32893,59.00,19.305
31,16233,63.50,20.778
39,32893,59.00,19.305
42,16233,63.50,20.778
50,32893,59.00,19.305
52,16233,63.50,20.778
60,32893,59.00,19.305
62,16233,63.50,20.778
70,32893,59.00,19.305
72,16233,63.50,20.778
80,32893,59.00,19.305
82,16233,63.50,20.778
89,32893,59.00,19.305
92,16233,63.50,20.778
99,32893,59.00,19.305
102,16233,63.50,20.778
109,32893,59.00,19.305
112,16233,63.50,20.778
119,32893,59.00,19.305
122,16233,63.50,20.778
130,32893,59.00,19.305
132,16233,63.50,20.778
140,32893,59.00,19.305
142,16233,63.50,20.778
149,32893,59.00,19.305
151,16233,63.50,20.778
159,32893,59.00,19.305
162,16233,63.50,20.778
169,32893,59.00,19.305
171,16233,63.50,20.778
180,32893,59.00,19.305
182,16233,63.50,20.778
190,32893,59.00,19.305
192,16233,63.50,20.778
200,32893,59.00,19.305
202,16233,63.50,20.778
209,32893,59.00,19.305
212,16233,63.50,20.778
219,32893,59.00,19.305
222,16233,63.50,20.778
230,32893,59.00,19.305
232,16233,63.50,20.778
240,32893,59.00,19.305
242,16233,63.50,20.778
250,32893,59.00,19.305
252,16233,63.50,20.778
260,32893,59.00,19.305
262,16233,63.50,20.778
270,32893,59.00,19.305
271,16233,63.50,20.778
280,32893,59.00,19.305
282,16233,63.50,20.778
290,32893,59.00,19.305
292,16233,63.50,20.778
299,32893,59.00,19.305
302,16233,63.50,20.778
309,32893,59.00,19.305
312,16233,63.50,20.778
319,32893,59.00,19.305
322,16233,63.50,20.778
330,32893,59.00,19.305
332,16233,63.50,20.778
339,32893,59.00,19.305
342,16233,63.50,20.778
350,32893,59.00,19.305
352,16233,63.50,20.778
360,32893,59.00,19.305
361,16233,63.50,20.778
369,32893,59.00,19.305
372,16233,63.50,20.778
379,32893,59.00,19.305
382,16233,63.50,20.778
390,32893,59.00,19.305
392,16233,63.50,20.778
400,32893,59.00,19.305
402,16233,63.50,20.778
409,32893,59.00,19.305
411,16233,63.50,20.778
420,32893,59.00,19.305
422,16233,63.50,20.778
430,32893,59.00,19.305
432,16233,63.50,20.778
440,32893,59.00,19.305
442,16233,63.50,20.778
450,32893,59.00,19.305
452,16233,63.50,20.778
459,32893,59.00,19.305
461,16233,63.50,20.778
469,32893,59.00,19.305
472,16233,63.50,20.778
480,32893,59.00,19.305
482,16233,63.50,20.778
490,32893,59.00,19.305
492,16233,63.50,20.778
500,32893,59.00,19.305
501,16233,63.50,20.778
510,32893,59.00,19.305
511,16233,63.50,20.778
519,32893,59.00,19.305
521,16233,63.50,20.778
529,32893,59.00,19.305
531,16233,63.50,20.778
539,32893,59.00,19.305
541,16233,63.50,20.778
549,32893,59.00,19.305
551,16233,63.50,20.778
559,32893,59.00,19.305
562,16233,63.50,20.778
570,32893,59.00,19.305
571,16233,63.50,20.778
580,32893,59.00,19.305
581,16233,63.50,20.778
589,32893,59.00,19.305
592,16233,63.50,20.778
600,32893,59.00,19.305
601,16233,63.50,20.778
610,32893,59.00,19.305
611,16233,63.50,20.778
620,32893,59.00,19.305
621,16233,63.50,20.778
630,32893,59.00,19.305
631,16233,63.50,20.778
640,32893,59.00,19.305
641,16233,63.50,20.778
649,32893,59.00,19.305
652,16233,63.50,20.778
660,32893,59.00,19.305
661,16233,63.50,20.778
670,32893,59.00,19.305
671,16233,63.50,20.778
679,32893,59.00,19.305
682,16233,63.50,20.778
690,32893,59.00,19.305
692,16233,63.50,20.778
700,32893,59.00,19.305
701,16233,63.50,20.778
709,32893,59.00,19.305
711,16233,63.50,20.778
719,32893,59.00,19.305
722,16233,63.50,20.778
729,32893,59.00,19.305
731,16233,63.50,20.778
739,32893,59.00,19.305
741,16233,63.50,20.778
749,32893,59.00,19.305
751,16233,63.50,20.778
759,32893,59.00,19.305
761,16233,63.50,20.778
769,32893,59.00,19.305
772,16233,63.50,20.778
779,32893,59.00,19.305
782,16233,63.50,20.778
789,32893,59.00,19.305
791,16233,63.50,20.778
800,32893,59.00,19.305
801,16233,63.50,20.778
809,32893,59.00,19.305
812,16233,63.50,20.778
819,32893,59.00,19.305
821,16233,63.50,20.778
829,32893,59.00,19.305
832,16233,63.50,20.778
839,32893,59.00,19.305
842,16233,63.50,20.778
850,32893,59.00,19.305
852,16233,63.50,20.778
859,32893,59.00,19.305
861,16233,63.50,20.778
869,32893,59.00,19.305
871,16233,63.50,20.778
879,32893,59.00,19.305
881,16233,63.50,20.778
889,32893,59.00,19.305
891,16233,63.50,20.778
899,32893,59.00,19.305
902,16233,63.50,20.778
909,32893,59.00,19.305
911,16233,63.50,20.778
920,32893,59.00,19.305
921,16233,63.50,20.778
930,32893,59.00,19.305
932,16233,63.50,20.778
940,32893,59.00,19.305
942,16233,63.50,20.778
949,32893,59.00,19.305
951,16233,63.50,20.778
959,32893,59.00,19.305
962,16233,63.50,20.778
970,32893,59.00,19.305
971,16233,63.50,20.778
980,32893,59.00,19.305
982,16233,63.50,20.778
989,32893,59.00,19.305
991,16233,63.50,20.778
999,32893,59.00,19.305
1001,16233,63.50,20.778
1010,32893,59.00,19.305
1012,16233,63.50,20.778
1020,32893,59.00,19.305
1022,16233,63.50,20.778
1029,32893,59.00,19.305
1032,16233,63.50,20.778
1040,32893,59.00,19.305
1041,16233,63.50,20.778
1049,32893,59.00,19.305
1051,16233,63.50,20.778
1059,32893,59.00,19.305
1061,16233,63.50,20.778
1070,32893,59.00,19.305
1072,16233,63.50,20.778
1080,32893,59.00,19.305
1082,16233,63.50,20.778
1090,32893,59.00,19.305
1092,16233,63.50,20.778
1099,32893,59.00,19.305
1101,16233,63.50,20.778
1109,32893,59.00,19.305
1112,16233,63.50,20.778
1119,32893,59.00,19.305
1121,16233,63.50,20.778
1130,32893,59.00,19.305
1132,16233,63.50,20.778
1140,32893,59.00,19.305
1142,16233,63.50,20.778
1150,32893,59.00,19.305
1151,16233,63.50,20.778
1160,32893,59.00,19.305
1161,16233,63.50,20.778
1169,32893,59.00,19.305
1172,16233,63.50,20.778
1180,32893,59.00,19.305
1181,16233,63.50,20.778
1190,32893,59.00,19.305
1191,16233,63.50,20.778
1199,32893,59.00,19.305
1202,16233,63.50,20.778
1210,32893,59.00,19.305
1212,16233,63.50,20.778
1220,32893,59.00,19.305
1222,16233,63.50,20.778
1230,32893,59.00,19.305
1232,16233,63.50,20.778
1240,32893,59.00,19.305
1241,16233,63.50,20.778
1250,32893,59.00,19.305
1252,16233,63.50,20.778
1260,32893,59.00,19.305
1262,16233,63.50,20.778
1270,32893,59.00,19.305
1271,16233,63.50,20.778
1280,32893,59.00,19.305
1282,16233,63.50,20.778
1289,32893,63.50,20.778
1292,16233,63.50,20.778
1300,32893,63.50,20.778
1301,16233,63.50,20.778
1310,32893,63.50,20.778
1312,16233,63.50,20.778
1320,32893,63.50,20.778
1321,16233,63.50,20.778
1330,32893,63.50,20.778
1332,16233,63.50,20.778
1340,32893,63.50,20.778
1341,16233,63.50,20.778
1350,32893,63.50,20.778
1352,16233,63.50,20.778
1360,32893,63.50,20.778
1362,16233,63.50,20.778
1370,32893,63.50,20.778
1371,16233,63.50,20.778
1380,32893,63.50,20.778
1381,16233,63.50,20.778
1390,32893,63.50,20.778
1392,16233,63.50,20.778
1400,32893,63.50,20.778
1401,16233,63.50,20.778
1410,32893,63.50,20.778
1412,16233,63.50,20.778
1420,32893,63.50,20.778
1422,16233,63.50,20.778
1430,32893,63.50,20.778
1432,16233,63.50,20.778
1440,32893,63.50,20.778
1442,16233,63.50,20.778
1450,32893,63.50,20.778
1451,16233,63.50,20.778
1461,32893,63.50,20.778
1462,16233,63.50,20.778
1470,32893,63.50,20.778
1472,16233,63.50,20.778
1480,32893,63.50,20.778
1482,16233,63.50,20.778
1490,32893,63.50,20.778
1492,16233,63.50,20.778
1500,32893,63.50,20.778
1502,16233,63.50,20.778
1510,32893,63.50,20.778
1512,16233,63.50,20.778
1520,32893,63.50,20.778
1521,16233,63.50,20.778
1530,32893,63.50,20.778
1531,16233,63.50,20.778
1540,32893,63.50,20.778
1541,16233,63.50,20.778
1550,32893,63.50,20.778
1552,16233,63.50,20.778
1560,32893,63.50,20.778
1562,16233,63.50,20.778
1570,32893,63.50,20.778
1572,16233,63.50,20.778
1580,32893,63.50,20.778
1581,16233,63.50,20.778
1590,32893,63.50,20.778
1592,16233,63.50,20.778
1600,32893,63.50,20.778
1602,16233,63.50,20.778
1610,32893,63.50,20.778
1611,16233,63.50,20.778
1619,32893,63.50,20.778
1621,16233,63.50,20.778
1630,32893,63.50,20.778
1631,16233,63.50,20.778
1640,32893,63.50,20.778
1641,16233,63.50,20.778
1650,32893,63.50,20.778
1652,16233,63.50,20.778
1660,32893,63.50,20.778
1661,16233,63.50,20.778
1670,32893,63.50,20.778
1673,16233,63.50,20.778
1680,32893,63.50,20.778
1681,16233,63.50,20.778
1690,32893,63.50,20.778
1692,16233,63.50,20.778
1700,32893,63.50,20.778
1701,16233,63.50,20.778
1710,32893,63.50,20.778
1712,16233,63.50,20.778
1720,32893,63.50,20.778
1721,16233,63.50,20.778
1730,32893,63.50,20.778
1731,16233,63.50,20.778
1739,32893,63.50,20.778
1741,16233,63.50,20.778
1750,32893,63.50,20.778
1751,16233,63.50,20.778
1760,32893,63.50,20.778
1761,16233,63.50,20.778
1769,32893,63.50,20.778
1771,16233,63.50,20.778
1780,32893,63.50,20.778
1782,16233,63.50,20.778
1789,32893,63.50,20.778
1791,16233,63.50,20.778
1801,32893,63.50,20.778
1801,16233,63.50,20.778
1810,32893,63.50,20.778
1812,16233,63.50,20.778
1820,32893,63.50,20.778
1821,16233,63.50,20.778
1830,32893,63.50,20.778
1832,16233,63.50,20.778
1840,32893,63.50,20.778
1841,16233,63.50,20.778
1850,32893,63.50,20.778
1851,16233,63.50,20.778
1860,32893,63.50,20.778
1861,16233,63.50,20.778
1869,32893,63.50,20.778
1872,16233,63.50,20.778
1880,32893,63.50,20.778
1881,16233,63.50,20.778
1890,32893,63.50,20.778
1891,16233,63.50,20.778
1900,32893,63.50,20.778
1902,16233,63.50,20.778
1909,32893,63.50,20.778
1911,16233,63.50,20.778
1920,32893,63.50,20.778
1921,16233,63.50,20.778
1930,32893,63.50,20.778
1931,16233,63.50,20.778
1940,32893,63.50,20.778
1942,16233,63.50,20.778
1951,32893,63.50,20.778
1952,16233,63.50,20.778
1960,32893,63.50,20.778
1961,16233,63.50,20.778
1970,32893,63.50,20.778
1971,16233,63.50,20.778
1980,32893,63.50,20.778
1982,16233,63.50,20.778
1990,32893,63.50,20.778
1992,16233,63.50,20.778
2000,32893,63.50,20.778
2001,16233,63.50,20.778
2009,32893,63.50,20.778
2011,16233,63.50,20.778
2020,32893,63.50,20.778
2022,16233,63.50,20.778
2030,32893,63.50,20.778
2032,16233,63.50,20.778
2040,32893,63.50,20.778
2042,16233,63.50,20.778
2050,32893,63.50,20.778
2051,16233,63.50,20.778
2059,32893,63.50,20.778
2062,16233,63.50,20.778
2070,32893,63.50,20.778
2071,16233,63.50,20.778
2080,32893,63.50,20.778
2082,16233,63.50,20.778
2090,32893,63.50,20.778
2092,16233,63.50,20.778
2100,32893,63.50,20.778
2102,16233,63.50,20.778
2110,32893,63.50,20.778
2112,16233,63.50,20.778
2120,32893,63.50,20.778
2122,16233,63.50,20.778
2130,32893,63.50,20.778
2132,16233,63.50,20.778
2140,32893,63.50,20.778
2142,16233,63.50,20.778
2150,32893,63.50,20.778
2152,16233,63.50,20.778
2159,32893,63.50,20.778
2162,16233,63.50,20.778
2170,32893,63.50,20.778
2171,16233,63.50,20.778
2179,32893,63.50,20.778
2181,16233,63.50,20.778
2189,32893,63.50,20.778
2191,16233,63.50,20.778
2199,32893,63.50,20.778
2201,16233,63.50,20.778
2210,32893,63.50,20.778
2211,16233,63.50,20.778
2219,32893,63.50,20.778
2221,16233,63.50,20.778
2230,32893,63.50,20.778
2231,16233,63.50,20.778
2239,32893,63.50,20.778
2241,16233,63.50,20.778
2249,32893,63.50,20.778
2252,16233,63.50,20.778
2260,32893,63.50,20.778
2261,16233,63.50,20.778
2269,32893,63.50,20.778
2271,16233,63.50,20.778
2279,32893,63.50,20.778
2281,16233,63.50,20.778
2289,32893,63.50,20.778
2291,16233,63.50,20.778
2299,32893,63.50,20.778
2302,16233,63.50,20.778
2311,32893,63.50,20.778
2312,16233,63.50,20.778
2319,32893,63.50,20.778
2321,16233,63.50,20.778
2329,32893,63.50,20.778
2331,16233,63.50,20.778
2340,32893,63.50,20.778
2341,16233,63.50,20.778
2349,32893,63.50,20.778
2351,16233,63.50,20.778
2360,32893,63.50,20.778
2361,16233,63.50,20.778
2370,32893,63.50,20.778
2371,16233,63.50,20.778
2380,32893,63.50,20.778
2382,16233,63.50,20.778
2389,32893,63.50,20.778
2391,16233,63.50,20.778
2399,32893,63.50,20.778
2401,16233,63.50,20.778
2409,32893,63.50,20.778
2412,16233,63.50,20.778
2419,32893,63.50,20.778
2421,16233,63.50,20.778
2429,32893,63.50,20.778
2432,16233,63.50,20.778
2439,32893,63.50,20.778
2441,16233,63.50,20.778
2449,32893,63.50,20.778
2451,16233,63.50,20.778
2459,32893,63.50,20.778
2461,16233,63.50,20.778
2470,32893,63.50,20.778
2471,16233,63.50,20.778
2479,32893,63.50,20.778
2481,16233,63.50,20.778
2490,32893,63.50,20.778
2491,16233,63.50,20.778
2500,32893,63.50,20.778
2502,16233,63.50,20.778
2509,32893,63.50,20.778
2512,16233,63.50,20.778
2520,32893,63.50,20.778
2522,16233,63.50,20.778
2530,32893,63.50,20.778
2531,16233,63.50,20.778
2540,32893,63.50,20.778
2541,16233,63.50,20.778
2550,32893,63.50,20.778
2552,16233,63.50,20.778
2560,32893,63.50,20.778
2562,16233,63.50,20.778
2569,32893,63.50,20.778
2571,16233,63.50,20.778
2580,32893,63.50,20.778
2582,16233,63.50,20.778
2589,32893,63.50,20.778
2591,16233,63.50,20.778
2600,32893,63.50,20.778
2601,16233,63.50,20.778
2610,32893,63.50,20.778
2612,16233,63.50,20.778
2620,32893,63.50,20.778
2622,16233,63.50,20.778
2630,32893,63.50,20.778
2632,16233,63.50,20.778
2639,32893,63.50,20.778
2642,16233,63.50,20.778
2650,32893,63.50,20.778
2652,16233,63.50,20.778
2660,32893,63.50,20.778
2662,16233,63.50,20.778
2669,32893,63.50,20.778
2672,16233,63.50,20.778
2680,32893,63.50,20.778
2682,16233,63.50,20.778
2690,32893,63.50,20.778
2691,16233,63.50,20.778
2699,32893,63.50,20.778
2702,16233,63.50,20.778
2710,32893,63.50,20.778
2711,16233,63.50,20.778
2720,32893,63.50,20.778
2722,16233,63.50,20.778
2730,32893,63.50,20.778
2732,16233,63.50,20.778
2740,32893,63.50,20.778
2742,16233,63.50,20.778
2750,32893,63.50,20.778
2752,16233,63.50,20.778
2759,32893,63.50,20.778
2761,16233,63.50,20.778
2769,32893,63.50,20.778
2771,16233,63.50,20.778
2779,32893,63.50,20.778
2782,16233,63.50,20.778
2789,32893,63.50,20.778
2792,16233,63.50,20.778
2800,32893,63.50,20.778
2802,16233,63.50,20.778
2810,32893,63.50,20.778
2811,16233,63.50,20.778
2819,32893,63.50,20.778
2821,16233,63.50,20.778
2829,32893,63.50,20.778
2831,16233,63.50,20.778
2840,32893,63.50,20.778
2841,16233,63.50,20.778
2849,32893,63.50,20.778
2851,16233,63.50,20.778
2859,32893,63.50,20.778
2861,16233,63.50,20.778
2870,32893,63.50,20.778
2871,16233,63.50,20.778
2880,32893,63.50,20.778
2881,16233,63.50,20.778
2890,32893,63.50,20.778
2891,16233,63.50,20.778
2899,32893,63.50,20.778
2901,16233,63.50,20.778
2910,32893,63.50,20.778
2911,16233,63.50,20.778
2919,32893,63.50,20.778
2921,16233,63.50,20.778
2929,32893,63.50,20.778
2931,16233,63.50,20.778
2940,32893,63.50,20.778
2941,16233,63.50,20.778
2949,32893,63.50,20.778
2952,16233,63.50,20.778
2959,32893,63.50,20.778
2961,16233,63.50,20.778
2969,32893,63.50,20.778
2971,16233,63.50,20.778
2979,32893,63.50,20.778
2981,16233,63.50,20.778
2989,32893,63.50,20.778
2992,16233,63.50,20.778
2999,32893,63.50,20.778
3002,16233,63.50,20.778
3009,32893,63.50,20.778
3011,16233,63.50,20.778
3019,32893,63.50,20.778
3021,16233,63.50,20.778
3029,32893,63.50,20.778
3032,16233,63.50,20.778
3040,32893,63.50,20.778
3042,16233,63.50,20.778
3050,32893,63.50,20.778
3052,16233,63.50,20.778
3059,32893,63.50,20.778
3062,16233,63.50,20.778
3069,32893,63.50,20.778
3072,16233,63.50,20.778
3079,32893,63.50,20.778
3081,16233,63.50,20.778
3089,32893,63.50,20.778
3091,16233,63.50,20.778
3100,32893,63.50,20.778
3102,16233,63.50,20.778
3109,32893,63.50,20.778
3112,16233,63.50,20.778
3119,32893,63.50,20.778
3121,16233,63.50,20.778
3131,32893,63.50,20.778
3132,16233,63.50,20.778
3139,32893,63.50,20.778
3142,16233,63.50,20.778
3149,32893,63.50,20.778
3151,16233,63.50,20.778
3160,32893,63.50,20.778
3161,16233,63.50,20.778
3169,32893,63.50,20.778
3172,16233,63.50,20.778
3179,32893,63.50,20.778
3182,16233,63.50,20.778
3189,32893,63.50,20.778
3191,16233,63.50,20.778
3199,32893,63.50,20.778
3201,16233,63.50,20.778
3209,32893,63.50,20.778
3211,16233,63.50,20.778
3219,32893,63.50,20.778
3222,16233,63.50,20.778
3229,32893,63.50,20.778
3231,16233,63.50,20.778
3239,32893,63.50,20.778
3242,16233,63.50,20.778
3250,32893,63.50,20.778
3251,16233,63.50,20.778
3260,32893,63.50,20.778
3261,16233,63.50,20.778
3270,32893,63.50,20.778
3272,16233,63.50,20.778
3280,32893,63.50,20.778
3281,16233,63.50,20.778
3289,32893,63.50,20.778
3291,16233,63.50,20.778
3299,32893,63.50,20.778
3302,16233,63.50,20.778
3309,32893,63.50,20.778
3311,16233,63.50,20.778
3319,32893,63.50,20.778
3322,16233,63.50,20.778
3329,32893,63.50,20.778
3332,16233,63.50,20.778
3340,32893,63.50,20.778
3342,16233,63.50,20.778
3350,32893,63.50,20.778
3352,16233,63.50,20.778
3359,32893,63.50,20.778
3362,16233,63.50,20.778
3369,32893,63.50,20.778
3371,16233,63.50,20.778
3380,32893,63.50,20.778
3382,16233,63.50,20.778
3389,32893,63.50,20.778
3391,16233,63.50,20.778
3400,32893,63.50,20.778
3401,16233,63.50,20.778
3409,32893,63.50,20.778
3412,16233,63.50,20.778
3420,32893,63.50,20.778
3422,16233,63.50,20.778
3429,32893,63.50,20.778
3432,16233,63.50,20.778
3439,32893,63.50,20.778
3442,16233,63.50,20.778
3449,32893,63.50,20.778
3452,16233,63.50,20.778
3459,32893,63.50,20.778
3461,16233,63.50,20.778
3469,32893,63.50,20.778
3472,16233,63.50,20.778
3480,32893,63.50,20.778
3482,16233,63.50,20.778
3490,32893,63.50,20.778
3492,16233,63.50,20.778
3499,32893,63.50,20.778
3502,16233,63.50,20.778
3509,32893,63.50,20.778
3511,16233,63.50,20.778
3520,32893,63.50,20.778
3522,16233,63.50,20.778
3530,32893,63.50,20.778
3532,16233,63.50,20.778
3539,32893,63.50,20.778
3541,16233,63.50,20.778
3550,32893,63.50,20.778
3552,16233,63.50,20.778
3560,32893,63.50,20.778
3562,16233,63.50,20.778
3569,32893,63.50,20.778
3572,16233,63.50,20.778
3579,32893,63.50,20.778
3582,16233,63.50,20.778
3589,32893,63.50,20.778
3592,16233,63.50,20.778
3599,32893,63.50,20.778
3601,16233,63.50,20.778
3610,32893,63.50,20.778
3612,16233,63.50,20.778
3620,32893,63.50,20.778
3622,16233,63.50,20.778
3629,32893,63.50,20.778
3632,16233,63.50,20.778
3639,32893,63.50,20.778
3642,16233,63.50,20.778
3649,32893,63.50,20.778
3652,16233,63.50,20.778
3660,32893,63.50,20.778
3662,16233,63.50,20.778
3670,32893,63.50,20.778
3671,16233,63.50,20.778
3679,32893,63.50,20.778
3682,16233,63.50,20.778
3689,32893,63.50,20.778
3692,16233,63.50,20.778
3700,32893,63.50,20.778
3702,16233,63.50,20.778
3709,32893,63.50,20.778
3712,16233,63.50,20.778
3719,32893,63.50,20.778
3722,16233,63.50,20.778
3730,32893,63.50,20.778
3733,16233,63.50,20.778
3739,32893,63.50,20.778
3742,16233,63.50,20.778
3749,32893,63.50,20.778
3751,16233,63.50,20.778
3759,32893,63.50,20.778
3762,16233,63.50,20.778
3770,32893,63.50,20.778
3772,16233,63.50,20.778
3779,32893,63.50,20.778
3782,16233,63.50,20.778
3790,32893,63.50,20.778
3791,16233,63.50,20.778
3799,32893,63.50,20.778
3802,16233,63.50,20.778
3809,32893,63.50,20.778
3811,16233,63.50,20.778
3819,32893,63.50,20.778
3822,16233,63.50,20.778
3830,32893,63.50,20.778
3832,16233,63.50,20.778
3839,32893,63.50,20.778
3841,16233,63.50,20.778
3849,32893,63.50,20.778
3851,16233,63.50,20.778
3859,32893,63.50,20.778
3861,16233,63.50,20.778
3869,32893,63.50,20.778
3871,16233,63.50,20.778
3879,32893,63.50,20.778
3882,16233,63.50,20.778
3889,32893,63.50,20.778
3891,16233,63.50,20.778
3899,32893,63.50,20.778
3902,16233,63.50,20.778
3910,32893,63.50,20.778
3911,16233,63.50,20.778
3920,32893,63.50,20.778
3922,16233,63.50,20.778
3929,32893,63.50,20.778
3932,16233,63.50,20.778
3940,32893,63.50,20.778
3942,16233,63.50,20.778
3950,32893,63.50,20.778
3952,16233,63.50,20.778
3959,32893,63.50,20.778
3962,16233,63.50,20.778
3969,32893,63.50,20.778
3972,16233,63.50,20.778
3979,32893,63.50,20.778
3981,16233,63.50,20.778
3989,32893,63.50,20.778
3992,16233,63.50,20.778
3999,32893,63.50,20.778
4001,16233,63.50,20.778
4010,32893,63.50,20.778
4012,16233,63.50,20.778
4020,32893,63.50,20.778
4022,16233,63.50,20.778
4030,32893,63.50,20.778
4032,16233,63.50,20.778
4040,32893,63.50,20.778
4041,16233,63.50,20.778
4049,32893,63.50,20.778
4052,16233,63.50,20.778
4060,32893,63.50,20.778
4062,16233,63.50,20.778
4070,32893,63.50,20.778
4071,16233,63.50,20.778
4079,32893,63.50,20.778
4081,16233,63.50,20.778
4090,32893,63.50,20.778
4091,16233,63.50,20.778
4099,32893,63.50,20.778
4101,16233,63.50,20.778
4109,32893,63.50,20.778
4111,16233,63.50,20.778
4119,32893,63.50,20.778
4122,16233,63.50,20.778
4129,32893,63.50,20.778
4132,16233,63.50,20.778
4140,32893,63.50,20.778
4142,16233,63.50,20.778
4150,32893,63.50,20.778
4151,16233,63.50,20.778
4159,32893,63.50,20.778
4162,16233,63.50,20.778
4169,32893,63.50,20.778
4171,16233,63.50,20.778
4179,32893,63.50,20.778
4182,16233,63.50,20.778
4190,32893,63.50,20.778
4192,16233,63.50,20.778
4200,32893,63.50,20.778
4201,16233,63.50,20.778
4209,32893,63.50,20.778
4211,16233,63.50,20.778
4220,32893,63.50,20.778
4222,16233,63.50,20.778
4230,32893,63.50,20.778
4231,16233,63.50,20.778
4239,32893,63.50,20.778
4241,16233,63.50,20.778
4250,32893,63.50,20.778
4252,16233,63.50,20.778
4260,32893,63.50,20.778
4262,16233,63.50,20.778
4269,32893,63.50,20.778
4271,16233,63.50,20.778
4280,32893,63.50,20.778
4281,16233,63.50,20.778
4290,32893,63.50,20.778
4291,16233,63.50,20.778
4300,32893,63.50,20.778
4301,16233,63.50,20.778
4309,32893,63.50,20.778
4311,16233,63.50,20.778
4320,32893,63.50,20.778
4322,16233,63.50,20.778
4329,32893,63.50,20.778
4332,16233,63.50,20.778
4339,32893,63.50,20.778
4342,16233,63.50,20.778
4350,32893,63.50,20.778
4351,16233,63.50,20.778
4360,32893,63.50,20.778
4362,16233,63.50,20.778
4370,32893,63.50,20.778
4371,16233,63.50,20.778
4380,32893,63.50,20.778
4382,16233,63.50,20.778
4390,32893,63.50,20.778
4392,16233,63.50,20.778
4399,32893,63.50,20.778
4401,16233,63.50,20.778
4410,32893,63.50,20.778
4412,16233,63.50,20.778
4420,32893,63.50,20.778
4422,16233,63.50,20.778
4430,32893,63.50,20.778
4431,16233,63.50,20.778
4440,32893,63.50,20.778
4442,16233,63.50,20.778
4450,32893,63.50,20.778
4452,16233,63.50,20.778
4460,32893,63.50,20.778
4462,16233,63.50,20.778
4469,32893,63.50,20.778
4471,16233,63.50,20.778
4480,32893,63.50,20.778
4481,16233,63.50,20.778
4490,32893,63.50,20.778
4491,16233,63.50,20.778
4500,32893,63.50,20.778
4501,16233,63.50,20.778
4510,32893,63.50,20.778
4511,16233,63.50,20.778
4520,32893,63.50,20.778
4522,16233,63.50,20.778
4530,32893,63.50,20.778
4532,16233,63.50,20.778
4540,32893,63.50,20.778
4542,16233,63.50,20.778
4550,32893,63.50,20.778
4551,16233,63.50,20.778
4560,32893,63.50,20.778
4562,16233,63.50,20.778
4570,32893,63.50,20.778
4571,16233,63.50,20.778
4580,32893,63.50,20.778
4582,16233,63.50,20.778
4590,32893,63.50,20.778
4591,16233,63.50,20.778
4600,32893,63.50,20.778
4602,16233,63.50,20.778
4610,32893,63.50,20.778
4611,16233,63.50,20.778
4619,32893,63.50,20.778
4621,16233,63.50,20.778
4630,32893,63.50,20.778
4631,16233,63.50,20.778
4639,32893,63.50,20.778
4641,16233,63.50,20.778
4649,32893,63.50,20.778
4651,16233,63.50,20.778
4659,32893,63.50,20.778
4662,16233,63.50,20.778
4670,32893,63.50,20.778
4672,16233,63.50,20.778
4679,32893,63.50,20.778
4681,16233,63.50,20.778
4690,32893,63.50,20.778
4691,16233,63.50,20.778
4700,32893,63.50,20.778
4701,16233,63.50,20.778
4710,32893,63.50,20.778
4711,16233,63.50,20.778
4719,32893,63.50,20.778
4722,16233,63.50,20.778
4730,32893,63.50,20.778
4732,16233,63.50,20.778
4739,32893,63.50,20.778
4741,16233,63.50,20.778
4750,32893,63.50,20.778
4751,16233,63.50,20.778
4759,32893,63.50,20.778
4761,16233,63.50,20.778
4769,32893,63.50,20.778
4771,16233,63.50,20.778
4779,32893,63.50,20.778
4781,16233,63.50,20.778
4789,32893,63.50,20.778
4792,16233,63.50,20.778
4800,32893,63.50,20.778
4801,16233,63.50,20.778
4809,32893,63.50,20.778
4811,16233,63.50,20.778
4819,32893,63.50,20.778
4821,16233,63.50,20.778
4830,32893,63.50,20.778
4831,16233,63.50,20.778
4840,32893,63.50,20.778
4841,16233,63.50,20.778
4850,32893,63.50,20.778
4852,16233,63.50,20.778
4860,32893,63.50,20.778
4862,16233,63.50,20.778
4869,32893,63.50,20.778
4871,16233,63.50,20.778
4881,32893,63.50,20.778
4882,16233,63.50,20.778
4890,32893,63.50,20.778
4891,16233,63.50,20.778
4899,32893,63.50,20.778
4902,16233,63.50,20.778
4910,32893,63.50,20.778
4911,16233,63.50,20.778
4919,32893,63.50,20.778
4921,16233,63.50,20.778
4930,32893,63.50,20.778
4931,16233,63.50,20.778
4940,32893,63.50,20.778
4942,16233,63.50,20.778
4950,32893,63.50,20.778
4951,16233,63.50,20.778
4960,32893,63.50,20.778
4962,16233,63.50,20.778
4969,32893,63.50,20.778
4971,16233,63.50,20.778
4979,32893,63.50,20.778
4982,16233,63.50,20.778
4990,32893,63.50,20.778
4991,16233,63.50,20.778
4999,32893,63.50,20.778
5001,16233,63.50,20.778
5010,32893,63.50,20.778
5012,16233,63.50,20.778
5019,32893,63.50,20.778
5022,16233,63.50,20.778
5030,32893,63.50,20.778
5032,16233,63.50,20.778
5040,32893,63.50,20.778
5042,16233,63.50,20.778
5050,32893,63.50,20.778
5051,16233,63.50,20.778
5060,32893,63.50,20.778
5062,16233,63.50,20.778
5070,32893,63.50,20.778
5072,16233,63.50,20.778
5080,32893,63.50,20.778
5082,16233,63.50,20.778
5090,32893,63.50,20.778
5091,16233,63.50,20.778
5100,32893,63.50,20.778
5101,16233,63.50,20.778
5110,32893,63.50,20.778
5111,16233,63.50,20.778
5120,32893,63.50,20.778
5122,16233,63.50,20.778
5129,32893,63.50,20.778
5131,16233,63.50,20.778
5140,32893,63.50,20.778
5142,16233,63.50,20.778
5150,32893,63.50,20.778
5152,16233,63.50,20.778
5159,32893,63.50,20.778
5162,16233,63.50,20.778
5169,32893,63.50,20.778
5172,16233,63.50,20.778
5179,32893,63.50,20.778
5182,16233,63.50,20.778
5189,32893,63.50,20.778
5191,16233,63.50,20.778
5200,32893,63.50,20.778
5201,16233,63.50,20.778
5209,32893,63.50,20.778
5211,16233,63.50,20.778
5219,32893,63.50,20.778
5221,16233,63.50,20.778
5230,32893,63.50,20.778
5232,16233,63.50,20.778
5239,32893,63.50,20.778
5242,16233,63.50,20.778
5249,32893,63.50,20.778
5251,16233,63.50,20.778
5260,32893,63.50,20.778
5261,16233,63.50,20.778
5269,32893,63.50,20.778
5271,16233,63.50,20.778
5279,32893,63.50,20.778
5281,16233,63.50,20.778
5289,32893,63.50,20.778
5292,16233,63.50,20.778
5300,32893,63.50,20.778
5302,16233,63.50,20.778
5310,32893,63.50,20.778
5311,16233,63.50,20.778
5319,32893,63.50,20.778
5322,16233,63.50,20.778
5329,32893,63.50,20.778
5331,16233,63.50,20.778
5339,32893,63.50,20.778
5341,16233,63.50,20.778
5350,32893,63.50,20.778
5351,16233,63.50,20.778
5360,32893,63.50,20.778
5361,16233,63.50,20.778
5369,32893,63.50,20.778
5371,16233,63.50,20.778
5379,32893,63.50,20.778
5382,16233,63.50,20.778
5390,32893,63.50,20.778
5392,16233,63.50,20.778
5399,32893,63.50,20.778
5401,16233,63.50,20.778
5410,32893,63.50,20.778
5411,16233,63.50,20.778
5420,32893,63.50,20.778
5422,16233,63.50,20.778
5430,32893,63.50,20.778
5432,16233,63.50,20.778
5440,32893,63.50,20.778
5442,16233,63.50,20.778
5450,32893,63.50,20.778
5452,16233,63.50,20.778
5460,32893,63.50,20.778
5462,16233,63.50,20.778
5469,32893,63.50,20.778
5471,16233,63.50,20.778
5479,32893,63.50,20.778
5482,16233,63.50,20.778
5489,32893,63.50,20.778
5491,16233,63.50,20.778
5500,32893,63.50,20.778
5502,16233,63.50,20.778
5509,32893,63.50,20.778
5511,16233,63.50,20.778
5519,32893,63.50,20.778
5522,16233,63.50,20.778
5530,32893,63.50,20.778
5532,16233,63.50,20.778
5540,32893,63.50,20.778
5542,16233,63.50,20.778
5550,32893,63.50,20.778
5551,16233,63.50,20.778
5560,32893,63.50,20.778
5562,16233,63.50,20.778
5570,32893,63.50,20.778
5571,16233,63.50,20.778
5580,32893,63.50,20.778
5581,16233,63.50,20.778
5590,32893,63.50,20.778
5592,16233,63.50,20.778
5599,32893,63.50,20.778
5602,16233,63.50,20.778
5610,32893,63.50,20.778
5611,16233,63.50,20.778
5620,32893,63.50,20.778
5622,16233,63.50,20.778
5630,32893,63.50,20.778
5631,16233,63.50,20.778
5639,32893,63.50,20.778
5642,16233,63.50,20.778
5650,32893,63.50,20.778
5652,16233,63.50,20.778
5659,32893,63.50,20.778
5662,16233,63.50,20.778
5670,32893,63.50,20.778
5671,16233,63.50,20.778
5679,32893,63.50,20.778
5682,16233,63.50,20.778
5690,32893,63.50,20.778
5691,16233,63.50,20.778
5700,32893,63.50,20.778
5701,16233,63.50,20.778
5710,32893,63.50,20.778
5712,16233,63.50,20.778
5720,32893,63.50,20.778
5722,16233,63.50,20.778
5730,32893,63.50,20.778
5731,16233,63.50,20.778
5739,32893,63.50,20.778
5741,16233,63.50,20.778
5750,32893,63.50,20.778
5752,16233,63.50,20.778
5760,32893,63.50,20.778
5762,16233,63.50,20.778
5770,32893,63.50,20.778
5771,16233,63.50,20.778
5780,32893,63.50,20.778
5781,16233,63.50,20.778
5790,32893,63.50,20.778
5792,16233,63.50,20.778
5800,32893,63.50,20.778
5801,16233,63.50,20.778
5810,32893,63.50,20.778
5812,16233,63.50,20.778
5820,32893,63.50,20.778
5821,16233,63.50,20.778
5830,32893,63.50,20.778
5832,16233,63.50,20.778
5840,32893,63.50,20.778
5842,16233,63.50,20.778
5850,32893,63.50,20.778
5852,16233,63.50,20.778
5860,32893,63.50,20.778
5862,16233,63.50,20.778
5869,32893,63.50,20.778
5872,16233,63.50,20.778
5880,32893,63.50,20.778
5882,16233,63.50,20.778
5890,32893,63.50,20.778
5892,16233,63.50,20.778
5900,32893,63.50,20.778
5902,16233,63.50,20.778
5910,32893,63.50,20.778
5912,16233,63.50,20.778
5920,32893,63.50,20.778
5922,16233,63.50,20.778
5930,32893,63.50,20.778
5932,16233,63.50,20.778
5940,32893,63.50,20.778
5942,16233,63.50,20.778
5950,32893,63.50,20.778
5952,16233,63.50,20.778
5960,32893,63.50,20.778
5962,16233,63.50,20.778
5970,32893,63.50,20.778
5972,16233,63.50,20.778
5980,32893,63.50,20.778
5981,16233,63.50,20.778
5989,32893,63.50,20.778
5992,16233,63.50,20.778
6000,32893,63.50,20.778
6002,16233,63.50,20.778
6010,32893,63.50,20.778
6012,16233,63.50,20.778
6020,32893,63.50,20.778
6022,16233,63.50,20.778
6030,32893,63.50,20.778
6032,16233,63.50,20.778
6039,32893,63.50,20.778
6041,16233,63.50,20.778
6050,32893,63.50,20.778
6051,16233,63.50,20.778
6060,32893,63.50,20.778
6062,16233,63.50,20.778
6070,32893,63.50,20.778
6072,16233,63.50,20.778
6080,32893,63.50,20.778
6082,16233,63.50,20.778
6090,32893,63.50,20.778
6091,16233,63.50,20.778
6100,32893,63.50,20.778
6102,16233,63.50,20.778
6110,32893,63.50,20.778
6111,16233,63.50,20.778
6120,32893,63.50,20.778
6122,16233,63.50,20.778
6130,32893,63.50,20.778
6132,16233,63.50,20.778
6141,32893,63.50,20.778
6142,16233,63.50,20.778
6150,32893,63.50,20.778
6151,16233,63.50,20.778
6160,32893,63.50,20.778
6162,16233,63.50,20.778
6170,32893,63.50,20.778
6172,16233,63.50,20.778
6180,32893,63.50,20.778
6182,16233,63.50,20.778
6190,32893,63.50,20.778
6191,16233,63.50,20.778
6200,32893,63.50,20.778
6202,16233,63.50,20.778
6210,32893,63.50,20.778
6211,16233,63.50,20.778
6220,32893,63.50,20.778
6222,16233,63.50,20.778
6229,32893,63.50,20.778
6232,16233,63.50,20.778
6239,32893,63.50,20.778
6242,16233,63.50,20.778
6249,32893,63.50,20.778
6252,16233,63.50,20.778
6260,32893,63.50,20.778
6262,16233,63.50,20.778
6270,32893,63.50,20.778
6272,16233,63.50,20.778
6280,32893,63.50,20.778
6282,16233,63.50,20.778
6290,32893,63.50,20.778
6292,16233,63.50,20.778
6300,32893,63.50,20.778
6302,16233,63.50,20.778
6310,32893,63.50,20.778
6312,16233,63.50,20.778
6320,32893,63.50,20.778
6322,16233,63.50,20.778
6330,32893,63.50,20.778
6332,16233,63.50,20.778
6340,32893,63.50,20.778
6341,16233,63.50,20.778
6350,32893,63.50,20.778
6352,16233,63.50,20.778
6359,32893,63.50,20.778
6361,16233,63.50,20.778
6370,32893,63.50,20.778
6372,16233,63.50,20.778
6380,32893,63.50,20.778
6382,16233,63.50,20.778
6389,32893,63.50,20.778
6391,16233,63.50,20.778
6400,32893,63.50,20.778
6402,16233,63.50,20.778
6410,32893,63.50,20.778
6412,16233,63.50,20.778
6420,32893,63.50,20.778
6422,16233,63.50,20.778
6429,32893,63.50,20.778
6432,16233,63.50,20.778
6440,32893,63.50,20.778
6441,16233,63.50,20.778
6450,32893,63.50,20.778
6452,16233,63.50,20.778
6459,32893,63.50,20.778
6461,16233,63.50,20.778
6470,32893,63.50,20.778
6472,16233,63.50,20.778
6480,32893,63.50,20.778
6482,16233,63.50,20.778
6490,32893,63.50,20.778
6492,16233,63.50,20.778
6500,32893,63.50,20.778
6501,16233,63.50,20.778
6510,32893,63.50,20.778
6511,16233,63.50,20.778
6520,32893,63.50,20.778
6522,16233,63.50,20.778
6530,32893,63.50,20.778
6532,16233,63.50,20.778
6539,32893,63.50,20.778
6542,16233,63.50,20.778
6550,32893,63.50,20.778
6551,16233,63.50,20.778
6560,32893,63.50,20.778
6562,16233,63.50,20.778
6570,32893,63.50,20.778
6572,16233,63.50,20.778
6580,32893,63.50,20.778
6582,16233,63.50,20.778
6590,32893,63.50,20.778
6592,16233,63.50,20.778
6600,32893,63.50,20.778
6602,16233,63.50,20.778
6610,32893,63.50,20.778
6612,16233,63.50,20.778
6620,32893,63.50,20.778
6622,16233,63.50,20.778
6630,32893,63.50,20.778
6632,16233,63.50,20.778
6640,32893,63.50,20.778
6641,16233,63.50,20.778
6650,32893,63.50,20.778
6651,16233,63.50,20.778
6660,32893,63.50,20.778
6662,16233,63.50,20.778
6670,32893,63.50,20.778
6671,16233,63.50,20.778
6680,32893,63.50,20.778
6682,16233,63.50,20.778
6689,32893,63.50,20.778
6692,16233,63.50,20.778
6700,32893,63.50,20.778
6702,16233,63.50,20.778
6709,32893,63.50,20.778
6711,16233,63.50,20.778
6720,32893,63.50,20.778
6722,16233,63.50,20.778
6729,32893,63.50,20.778
6731,16233,63.50,20.778
6740,32893,63.50,20.778
6742,16233,63.50,20.778
6750,32893,63.50,20.778
6752,16233,63.50,20.778
6759,32893,63.50,20.778
6762,16233,63.50,20.778
6770,32893,63.50,20.778
6772,16233,63.50,20.778
6779,32893,63.50,20.778
6782,16233,63.50,20.778
6790,32893,63.50,20.778
6791,16233,63.50,20.778
6799,32893,63.50,20.778
6802,16233,63.50,20.778
6809,32893,63.50,20.778
6811,16233,63.50,20.778
6819,32893,63.50,20.778
6821,16233,63.50,20.778
6829,32893,63.50,20.778
6831,16233,63.50,20.778
6839,32893,63.50,20.778
6841,16233,63.50,20.778
6849,32893,63.50,20.778
6851,16233,63.50,20.778
6860,32893,63.50,20.778
6862,16233,63.50,20.778
6870,32893,63.50,20.778
6871,16233,63.50,20.778
6880,32893,63.50,20.778
6882,16233,63.50,20.778
6890,32893,63.50,20.778
6892,16233,63.50,20.778
6900,32893,63.50,20.778
6902,16233,63.50,20.778
6910,32893,63.50,20.778
6912,16233,63.50,20.778
6920,32893,63.50,20.778
6923,16233,63.50,20.778
6930,32893,63.50,20.778
6932,16233,63.50,20.778
6940,32893,63.50,20.778
6942,16233,63.50,20.778
6950,32893,63.50,20.778
6951,16233,63.50,20.778
6961,32893,63.50,20.778
6962,16233,63.50,20.778
6970,32893,63.50,20.778
6971,16233,63.50,20.778
6980,32893,63.50,20.778
6982,16233,63.50,20.778
6990,32893,63.50,20.778
6992,16233,63.50,20.778
7000,32893,63.50,20.778
7002,16233,63.50,20.778
7010,32893,63.50,20.778
7012,16233,63.50,20.778
7020,32893,63.50,20.778
7022,16233,63.50,20.778
7030,32893,63.50,20.778
7032,16233,63.50,20.778
7040,32893,63.50,20.778
7041,16233,63.50,20.778
7050,32893,63.50,20.778
7052,16233,63.50,20.778
7060,32893,63.50,20.778
7062,16233,63.50,20.778
7070,32893,63.50,20.778
7072,16233,63.50,20.778
7079,32893,63.50,20.778
7082,16233,63.50,20.778
7090,32893,63.50,20.778
7092,16233,63.50,20.778
7100,32893,63.50,20.778
7102,16233,63.50,20.778
7110,32893,63.50,20.778
7112,16233,63.50,20.778
7120,32893,63.50,20.778
7122,16233,63.50,20.778
7130,32893,63.50,20.778
7132,16233,63.50,20.778
7140,32893,63.50,20.778
7142,16233,63.50,20.778
7150,32893,63.50,20.778
7152,16233,63.50,20.778
7160,32893,63.50,20.778
7162,16233,63.50,20.778
7170,32893,63.50,20.778
7172,16233,63.50,20.778
7179,32893,63.50,20.778
7182,16233,63.50,20.778
7189,32893,63.50,20.778
7192,16233,63.50,20.778
7199,32893,63.50,20.778
7202,16233,63.50,20.778
7209,32893,63.50,20.778
7212,16233,63.50,20.778
7220,32893,63.50,20.778
7221,16233,63.50,20.778
7230,32893,63.50,20.778
7232,16233,63.50,20.778
7239,32893,63.50,20.778
7241,16233,63.50,20.778
7250,32893,63.50,20.778
7252,16233,63.50,20.778
7260,32893,63.50,20.778
7262,16233,63.50,20.778
7270,32893,63.50,20.778
7272,16233,63.50,20.778
7280,32893,63.50,20.778
7282,16233,63.50,20.778
7290,32893,63.50,20.778
7292,16233,63.50,20.778
7300,32893,63.50,20.778
7302,16233,63.50,20.778
7309,32893,63.50,20.778
7311,16233,63.50,20.778
7319,32893,63.50,20.778
7322,16233,63.50,20.778
7330,32893,63.50,20.778
7332,16233,63.50,20.778
7340,32893,63.50,20.778
7342,16233,63.50,20.778
7350,32893,63.50,20.778
7352,16233,63.50,20.778
7360,32893,63.50,20.778
7361,16233,63.50,20.778
7369,32893,63.50,20.778
7372,16233,63.50,20.778
7380,32893,63.50,20.778
7382,16233,63.50,20.778
7390,32893,63.50,20.778
7392,16233,63.50,20.778
7400,32893,63.50,20.778
7402,16233,63.50,20.778
7410,32893,63.50,20.778
7412,16233,63.50,20.778
7420,32893,63.50,20.778
7422,16233,63.50,20.778
7430,32893,63.50,20.778
7432,16233,63.50,20.778
7439,32893,63.50,20.778
7442,16233,63.50,20.778
7450,32893,63.50,20.778
7452,16233,63.50,20.778
7460,32893,63.50,20.778
7462,16233,63.50,20.778
7470,32893,63.50,20.778
7472,16233,63.50,20.778
7479,32893,63.50,20.778
7482,16233,63.50,20.778
7490,32893,63.50,20.778
7492,16233,63.50,20.778
7500,32893,63.50,20.778
7502,16233,63.50,20.778
7510,32893,63.50,20.778
7511,16233,63.50,20.778
7520,32893,63.50,20.778
7522,16233,63.50,20.778
7530,32893,63.50,20.778
7532,16233,63.50,20.778
7540,32893,63.50,20.778
7542,16233,63.50,20.778
7550,32893,63.50,20.778
7552,16233,63.50,20.778
7560,32893,63.50,20.778
7562,16233,63.50,20.778
7569,32893,63.50,20.778
7572,16233,63.50,20.778
7580,32893,63.50,20.778
7582,16233,63.50,20.778
7589,32893,63.50,20.778
7591,16233,63.50,20.778
7599,32893,63.50,20.778
7602,16233,63.50,20.778
7610,32893,63.50,20.778
7612,16233,63.50,20.778
7620,32893,63.50,20.778
7622,16233,63.50,20.778
7630,32893,63.50,20.778
7631,16233,63.50,20.778
7640,32893,63.50,20.778
7641,16233,63.50,20.778
7650,32893,63.50,20.778
7651,16233,63.50,20.778
7660,32893,63.50,20.778
7661,16233,63.50,20.778
7670,32893,63.50,20.778
7672,16233,63.50,20.778
7680,32893,63.50,20.778
7682,16233,63.50,20.778
7690,32893,63.50,20.778
7691,16233,63.50,20.778
7700,32893,63.50,20.778
7702,16233,63.50,20.778
7710,32893,63.50,20.778
7712,16233,63.50,20.778
7719,32893,63.50,20.778
7722,16233,63.50,20.778
7729,32893,63.50,20.778
7732,16233,63.50,20.778
7740,32893,63.50,20.778
7742,16233,63.50,20.778
7750,32893,63.50,20.778
7751,16233,63.50,20.778
7760,32893,63.50,20.778
7762,16233,63.50,20.778
7769,32893,63.50,20.778
7772,16233,63.50,20.778
7779,32893,63.50,20.778
7781,16233,63.50,20.778
7789,32893,63.50,20.778
7791,16233,63.50,20.778
7799,32893,63.50,20.778
7802,16233,63.50,20.778
7809,32893,63.50,20.778
7812,16233,63.50,20.778
7820,32893,63.50,20.778
7821,16233,63.50,20.778
7829,32893,63.50,20.778
7831,16233,63.50,20.778
7840,32893,63.50,20.778
7842,16233,63.50,20.778
7850,32893,63.50,20.778
7852,16233,63.50,20.778
7859,32893,63.50,20.778
7861,16233,63.50,20.778
7870,32893,63.50,20.778
7872,16233,63.50,20.778
7879,32893,63.50,20.778
7882,16233,63.50,20.778
7889,32893,63.50,20.778
7892,16233,63.50,20.778
7900,32893,63.50,20.778
7902,16233,63.50,20.778
7910,32893,63.50,20.778
7912,16233,63.50,20.778
7919,32893,63.50,20.778
7922,16233,63.50,20.778
7930,32893,63.50,20.778
7932,16233,63.50,20.778
7940,32893,63.50,20.778
7942,16233,63.50,20.778
7949,32893,63.50,20.778
7952,16233,63.50,20.778
7960,32893,63.50,20.778
7961,16233,63.50,20.778
7969,32893,63.50,20.778
7971,16233,63.50,20.778
7979,32893,63.50,20.778
7981,16233,63.50,20.778
7990,32893,63.50,20.778
7992,16233,63.50,20.778
8000,32893,63.50,20.778
8001,16233,63.50,20.778
8010,32893,63.50,20.778
8011,16233,63.50,20.778
8019,32893,63.50,20.778
8021,16233,63.50,20.778
8029,32893,63.50,20.778
8032,16233,63.50,20.778
8039,32893,63.50,20.778
8041,16233,63.50,20.778
8050,32893,63.50,20.778
8051,16233,63.50,20.778
8060,32893,63.50,20.778
8062,16233,63.50,20.778
8070,32893,63.50,20.778
8072,16233,63.50,20.778
8079,32893,63.50,20.778
8081,16233,63.50,20.778
8089,32893,63.50,20.778
8092,16233,63.50,20.778
8099,32893,63.50,20.778
8102,16233,63.50,20.778
8109,32893,63.50,20.778
8111,16233,63.50,20.778
8119,32893,63.50,20.778
8122,16233,63.50,20.778
8129,32893,63.50,20.778
8132,16233,63.50,20.778
8139,32893,63.50,20.778
8142,16233,63.50,20.778
8150,32893,63.50,20.778
8152,16233,63.50,20.778
8160,32893,63.50,20.778
8161,16233,63.50,20.778
8169,32893,63.50,20.778
8171,16233,63.50,20.778
8180,32893,63.50,20.778
8182,16233,63.50,20.778
8189,32893,63.50,20.778
8191,16233,63.50,20.778
8199,32893,63.50,20.778
8202,16233,63.50,20.778
8210,32893,63.50,20.778
8212,16233,63.50,20.778
8220,32893,63.50,20.778
8222,16233,63.50,20.778
8229,32893,63.50,20.778
8231,16233,63.50,20.778
8240,32893,63.50,20.778
8242,16233,63.50,20.778
8249,32893,63.50,20.778
8251,16233,63.50,20.778
8259,32893,63.50,20.778
8261,16233,63.50,20.778
8270,32893,63.50,20.778
8272,16233,63.50,20.778
8279,32893,63.50,20.778
8281,16233,63.50,20.778
8290,32893,63.50,20.778
8291,16233,63.50,20.778
8300,32893,63.50,20.778
8302,16233,63.50,20.778
8309,32893,63.50,20.778
8311,16233,63.50,20.778
8319,32893,63.50,20.778
8321,16233,63.50,20.778
8329,32893,63.50,20.778
8331,16233,63.50,20.778
8339,32893,63.50,20.778
8341,16233,63.50,20.778
8350,32893,63.50,20.778
8351,16233,63.50,20.778
8359,32893,63.50,20.778
8362,16233,63.50,20.778
8370,32893,63.50,20.778
8371,16233,63.50,20.778
8380,32893,63.50,20.778
8381,16233,63.50,20.778
8390,32893,63.50,20.778
8392,16233,63.50,20.778
8399,32893,63.50,20.778
8401,16233,63.50,20.778
8410,32893,63.50,20.778
8412,16233,63.50,20.778
8420,32893,63.50,20.778
8421,16233,63.50,20.778
8429,32893,63.50,20.778
8432,16233,63.50,20.778
8440,32893,63.50,20.778
8442,16233,63.50,20.778
8450,32893,63.50,20.778
8451,16233,63.50,20.778
8459,32893,63.50,20.778
8461,16233,63.50,20.778
8470,32893,63.50,20.778
8472,16233,63.50,20.778
8479,32893,63.50,20.778
8481,16233,63.50,20.778
8489,32893,63.50,20.778
8492,16233,63.50,20.778
8500,32893,63.50,20.778
8502,16233,63.50,20.778
8509,32893,63.50,20.778
8511,16233,63.50,20.778
8520,32893,63.50,20.778
8521,16233,63.50,20.778
8529,32893,63.50,20.778
8532,16233,63.50,20.778
8540,32893,63.50,20.778
8541,16233,63.50,20.778
8550,32893,63.50,20.778
8552,16233,63.50,20.778
8560,32893,63.50,20.778
8562,16233,63.50,20.778
8569,32893,63.50,20.778
8572,16233,63.50,20.778
8579,32893,63.50,20.778
8582,16233,63.50,20.778
8589,32893,63.50,20.778
8591,16233,63.50,20.778
8599,32893,63.50,20.778
8602,16233,63.50,20.778
8610,32893,63.50,20.778
8612,16233,63.50,20.778
8620,32893,63.50,20.778
8622,16233,63.50,20.778
8630,32893,63.50,20.778
8631,16233,63.50,20.778
8639,32893,63.50,20.778
8641,16233,63.50,20.778
8650,32893,63.50,20.778
8652,16233,63.50,20.778
8660,32893,63.50,20.778
8661,16233,63.50,20.778
8670,32893,63.50,20.778
8672,16233,63.50,20.778
8679,32893,63.50,20.778
8682,16233,63.50,20.778
8690,32893,63.50,20.778
8692,16233,63.50,20.778
8700,32893,63.50,20.778
8702,16233,63.50,20.778
8710,32893,63.50,20.778
8712,16233,63.50,20.778
8720,32893,63.50,20.778
8722,16233,63.50,20.778
8729,32893,63.50,20.778
8732,16233,63.50,20.778
8740,32893,63.50,20.778
8741,16233,63.50,20.778
8750,32893,63.50,20.778
8751,16233,63.50,20.778
8759,32893,63.50,20.778
8762,16233,63.50,20.778
8769,32893,63.50,20.778
8771,16233,63.50,20.778
8779,32893,63.50,20.778
8781,16233,63.50,20.778
8790,32893,63.50,20.778
8791,16233,63.50,20.778
8800,32893,63.50,20.778
8802,16233,63.50,20.778
8810,32893,63.50,20.778
8811,16233,63.50,20.778
8820,32893,63.50,20.778
8822,16233,63.50,20.778
8829,32893,63.50,20.778
8831,16233,63.50,20.778
8840,32893,63.50,20.778
8841,16233,63.50,20.778
8850,32893,63.50,20.778
8851,16233,63.50,20.778
8860,32893,63.50,20.778
8862,16233,63.50,20.778
8869,32893,63.50,20.778
8871,16233,63.50,20.778
8879,32893,63.50,20.778
8881,16233,63.50,20.778
8889,32893,63.50,20.778
8891,16233,63.50,20.778
8899,32893,63.50,20.778
8902,16233,63.50,20.778
8909,32893,63.50,20.778
8912,16233,63.50,20.778
8919,32893,63.50,20.778
8922,16233,63.50,20.778
8929,32893,63.50,20.778
8932,16233,63.50,20.778
8940,32893,63.50,20.778
8942,16233,63.50,20.778
8950,32893,63.50,20.778
8952,16233,63.50,20.778
8960,32893,63.50,20.778
8961,16233,63.50,20.778
8970,32893,63.50,20.778
8972,16233,63.50,20.778
8979,32893,63.50,20.778
8981,16233,63.50,20.778
8990,32893,63.50,20.778
8992,16233,63.50,20.778
8999,32893,63.50,20.778
9001,16233,63.50,20.778
9009,32893,63.50,20.778
9012,16233,63.50,20.778
9019,32893,63.50,20.778
9021,16233,63.50,20.778
9029,32893,63.50,20.778
9032,16233,63.50,20.778
9040,32893,63.50,20.778
9042,16233,63.50,20.778
9049,32893,63.50,20.778
9051,16233,63.50,20.778
9059,32893,63.50,20.778
9062,16233,63.50,20.778
9070,32893,63.50,20.778
9071,16233,63.50,20.778
9079,32893,63.50,20.778
9082,16233,63.50,20.778
9089,32893,63.50,20.778
9091,16233,63.50,20.778
9099,32893,63.50,20.778
9101,16233,63.50,20.778
9109,32893,63.50,20.778
9111,16233,63.50,20.778
9120,32893,63.50,20.778
9122,16233,63.50,20.778
9130,32893,63.50,20.778
9132,16233,63.50,20.778
9140,32893,63.50,20.778
9141,16233,63.50,20.778
9149,32893,63.50,20.778
9151,16233,63.50,20.778
9160,32893,63.50,20.778
9161,16233,63.50,20.778
9170,32893,63.50,20.778
9172,16233,63.50,20.778
9179,32893,63.50,20.778
9182,16233,63.50,20.778
9190,32893,63.50,20.778
9191,16233,63.50,20.778
9199,32893,63.50,20.778
9201,16233,63.50,20.778
9210,32893,63.50,20.778
9211,16233,63.50,20.778
9219,32893,63.50,20.778
9222,16233,63.50,20.778
9230,32893,63.50,20.778
9231,16233,63.50,20.778
9239,32893,63.50,20.778
9242,16233,63.50,20.778
9249,32893,63.50,20.778
9251,16233,63.50,20.778
9259,32893,63.50,20.778
9262,16233,63.50,20.778
9269,32893,63.50,20.778
9271,16233,63.50,20.778
9280,32893,63.50,20.778
9281,16233,63.50,20.778
9290,32893,63.50,20.778
9291,16233,63.50,20.778
9300,32893,63.50,20.778
9301,16233,63.50,20.778
9309,32893,63.50,20.778
9311,16233,63.50,20.778
9320,32893,63.50,20.778
9322,16233,63.50,20.778
9329,32893,63.50,20.778
9332,16233,63.50,20.778
9339,32893,63.50,20.778
9342,16233,63.50,20.778
9349,32893,63.50,20.778
9351,16233,63.50,20.778
9359,32893,63.50,20.778
9361,16233,63.50,20.778
9369,32893,63.50,20.778
9371,16233,63.50,20.778
9380,32893,63.50,20.778
9382,16233,63.50,20.778
9391,32893,63.50,20.778
9392,16233,63.50,20.778
9400,32893,63.50,20.778
9402,16233,63.50,20.778
9409,32893,63.50,20.778
9411,16233,63.50,20.778
9420,32893,63.50,20.778
9421,16233,63.50,20.778
9430,32893,63.50,20.778
9432,16233,63.50,20.778
9441,32893,63.50,20.778
9442,16233,63.50,20.778
9450,32893,63.50,20.778
9452,16233,63.50,20.778
9460,32893,63.50,20.778
9462,16233,63.50,20.778
9470,32893,63.50,20.778
9471,16233,63.50,20.778
9480,32893,63.50,20.778
9482,16233,63.50,20.778
9490,32893,63.50,20.778
9492,16233,63.50,20.778
9499,32893,63.50,20.778
9502,16233,63.50,20.778
9509,32893,63.50,20.778
9511,16233,63.50,20.778
9522,32893,63.50,20.778
9522,16233,63.50,20.778
9530,32893,63.50,20.778
9532,16233,63.50,20.778
9540,32893,63.50,20.778
9541,16233,63.50,20.778
9550,32893,63.50,20.778
9552,16233,63.50,20.778
9560,32893,63.50,20.778
9562,16233,63.50,20.778
9570,32893,63.50,20.778
9572,16233,63.50,20.778
9581,32893,63.50,20.778
9581,16233,63.50,20.778
9589,32893,63.50,20.778
9592,16233,63.50,20.778
9599,32893,63.50,20.778
9601,16233,63.50,20.778
9610,32893,63.50,20.778
9612,16233,63.50,20.778
9620,32893,63.50,20.778
9622,16233,63.50,20.778
9630,32893,63.50,20.778
9631,16233,63.50,20.778
9639,32893,63.50,20.778
9641,16233,63.50,20.778
9649,32893,63.50,20.778
9651,16233,63.50,20.778
9659,32893,63.50,20.778
9661,16233,63.50,20.778
9670,32893,63.50,20.778
9671,16233,63.50,20.778
9680,32893,63.50,20.778
9682,16233,63.50,20.778
9689,32893,63.50,20.778
9691,16233,63.50,20.778
9700,32893,63.50,20.778
9701,16233,63.50,20.778
9709,32893,63.50,20.778
9711,16233,63.50,20.778
9719,32893,63.50,20.778
9721,16233,63.50,20.778
9730,32893,63.50,20.778
9732,16233,63.50,20.778
9739,32893,63.50,20.778
9742,16233,63.50,20.778
9749,32893,63.50,20.778
9751,16233,63.50,20.778
9759,32893,63.50,20.778
9761,16233,63.50,20.778
9769,32893,63.50,20.778
9772,16233,63.50,20.778
9779,32893,63.50,20.778
9781,16233,63.50,20.778
9790,32893,63.50,20.778
9791,16233,63.50,20.778
9800,32893,63.50,20.778
9802,16233,63.50,20.778
9809,32893,63.50,20.778
9812,16233,63.50,20.778
9819,32893,63.50,20.778
9821,16233,63.50,20.778
9830,32893,63.50,20.778
9832,16233,63.50,20.778
9840,32893,63.50,20.778
9842,16233,63.50,20.778
9849,32893,63.50,20.778
9852,16233,63.50,20.778
9860,32893,63.50,20.778
9862,16233,63.50,20.778
9869,32893,63.50,20.778
9872,16233,63.50,20.778
9880,32893,63.50,20.778
9881,16233,63.50,20.778
9890,32893,63.50,20.778
9892,16233,63.50,20.778
9899,32893,63.50,20.778
9902,16233,63.50,20.778
9910,32893,63.50,20.778
9911,16233,63.50,20.778
9919,32893,63.50,20.778
9921,16233,63.50,20.778
9929,32893,63.50,20.778
9932,16233,63.50,20.778
9939,32893,63.50,20.778
9942,16233,63.50,20.778
9949,32893,63.50,20.778
9951,16233,63.50,20.778
9960,32893,63.50,20.778
9962,16233,63.50,20.778
9969,32893,63.50,20.778
9972,16233,63.50,20.778
9980,32893,63.50,20.778
9981,16233,63.50,20.778
9989,32893,63.50,20.778
9991,16233,63.50,20.778
10000,32893,63.50,20.778
10002,16233,63.50,20.778
10009,32893,63.50,20.778
10012,16233,63.50,20.778
10019,32893,63.50,20.778
10021,16233,63.50,20.778
10029,32893,63.50,20.778
10032,16233,63.50,20.778
10040,32893,63.50,20.778
10042,16233,63.50,20.778
10049,32893,63.50,20.778
10052,16233,63.50,20.778
10060,32893,63.50,20.778
10062,16233,63.50,20.778
10070,32893,63.50,20.778
10071,16233,63.50,20.778
10080,32893,63.50,20.778
10082,16233,63.50,20.778
10090,32893,63.50,20.778
10091,16233,63.50,20.778
10100,32893,63.50,20.778
10102,16233,63.50,20.778
10109,32893,63.50,20.778
10112,16233,63.50,20.778
10119,32893,63.50,20.778
10122,16233,63.50,20.778
10130,32893,63.50,20.778
10131,16233,63.50,20.778
10140,32893,63.50,20.778
10142,16233,63.50,20.778
10150,32893,63.50,20.778
10152,16233,63.50,20.778
10159,32893,63.50,20.778
10161,16233,63.50,20.778
10170,32893,63.50,20.778
10171,16233,63.50,20.778
10179,32893,63.50,20.778
10182,16233,63.50,20.778
10190,32893,63.50,20.778
10191,16233,63.50,20.778
10200,32893,63.50,20.778
10201,16233,63.50,20.778
10209,32893,63.50,20.778
10211,16233,63.50,20.778
10220,32893,63.50,20.778
10222,16233,63.50,20.778
10230,32893,63.50,20.778
10231,16233,63.50,20.778
10240,32893,63.50,20.778
10241,16233,63.50,20.778
10249,32893,63.50,20.778
10252,16233,63.50,20.778
10260,32893,63.50,20.778
10261,16233,63.50,20.778
10269,32893,63.50,20.778
10271,16233,63.50,20.778
10279,32893,63.50,20.778
10281,16233,63.50,20.778
10290,32893,63.50,20.778
10291,16233,63.50,20.778
10299,32893,63.50,20.778
10301,16233,63.50,20.778
10310,32893,63.50,20.778
10311,16233,63.50,20.778
10320,32893,63.50,20.778
10322,16233,63.50,20.778
10329,32893,63.50,20.778
10332,16233,63.50,20.778
10340,32893,63.50,20.778
10342,16233,63.50,20.778
10349,32893,63.50,20.778
10351,16233,63.50,20.778
10359,32893,63.50,20.778
10362,16233,63.50,20.778
10370,32893,63.50,20.778
10372,16233,63.50,20.778
10379,32893,63.50,20.778
10381,16233,63.50,20.778
10389,32893,63.50,20.778
10392,16233,63.50,20.778
10400,32893,63.50,20.778
10402,16233,63.50,20.778
10409,32893,63.50,20.778
10411,16233,63.50,20.778
10419,32893,63.50,20.778
10421,16233,63.50,20.778
10429,32893,63.50,20.778
10432,16233,63.50,20.778
10439,32893,63.50,20.778
10441,16233,63.50,20.778
10449,32893,63.50,20.778
10451,16233,63.50,20.778
10459,32893,63.50,20.778
10461,16233,63.50,20.778
10471,32893,63.50,20.778
10472,16233,63.50,20.778
10479,32893,63.50,20.778
10481,16233,63.50,20.778
10490,32893,63.50,20.778
10491,16233,63.50,20.778
10500,32893,63.50,20.778
10501,16233,63.50,20.778
10509,32893,63.50,20.778
10512,16233,63.50,20.778
10519,32893,63.50,20.778
10522,16233,63.50,20.778
10530,32893,63.50,20.778
10531,16233,63.50,20.778
10540,32893,63.50,20.778
10541,16233,63.50,20.778
10550,32893,63.50,20.778
10552,16233,63.50,20.778
10560,32893,63.50,20.778
10562,16233,63.50,20.778
10570,32893,63.50,20.778
10571,16233,63.50,20.778
10580,32893,63.50,20.778
10581,16233,63.50,20.778
10590,32893,63.50,20.778
10592,16233,63.50,20.778
10600,32893,63.50,20.778
10601,16233,63.50,20.778
10611,32893,63.50,20.778
10612,16233,63.50,20.778
10620,32893,63.50,20.778
10622,16233,63.50,20.778
10630,32893,63.50,20.778
10631,16233,63.50,20.778
10639,32893,63.50,20.778
10641,16233,63.50,20.778
10650,32893,63.50,20.778
10651,16233,63.50,20.778
10659,32893,63.50,20.778
10661,16233,63.50,20.778
10669,32893,63.50,20.778
10671,16233,63.50,20.778
10679,32893,63.50,20.778
10682,16233,63.50,20.778
10690,32893,63.50,20.778
10692,16233,63.50,20.778
10700,32893,63.50,20.778
10702,16233,63.50,20.778
10710,32893,63.50,20.778
10712,16233,63.50,20.778
10719,32893,63.50,20.778
10722,16233,63.50,20.778
10730,32893,63.50,20.778
10731,16233,63.50,20.778
10739,32893,63.50,20.778
10742,16233,63.50,20.778
10750,32893,63.50,20.778
10751,16233,63.50,20.778
10759,32893,63.50,20.778
10762,16233,63.50,20.778
10769,32893,63.50,20.778
10771,16233,63.50,20.778
10779,32893,63.50,20.778
10781,16233,63.50,20.778
10789,32893,63.50,20.778
10792,16233,63.50,20.778
10799,32893,63.50,20.778
10801,16233,63.50,20.778
10809,32893,63.50,20.778
10811,16233,63.50,20.778
10819,32893,63.50,20.778
10821,16233,63.50,20.778
10829,32893,63.50,20.778
10831,16233,63.50,20.778
10839,32893,63.50,20.778
10841,16233,63.50,20.778
10849,32893,63.50,20.778
10851,16233,63.50,20.778
10860,32893,63.50,20.778
10861,16233,63.50,20.778
10869,32893,63.50,20.778
10872,16233,63.50,20.778
10879,32893,63.50,20.778
10881,16233,63.50,20.778
10890,32893,63.50,20.778
10891,16233,63.50,20.778
10899,32893,63.50,20.778
10901,16233,63.50,20.778
10910,32893,63.50,20.778
10911,16233,63.50,20.778
10920,32893,63.50,20.778
10921,16233,63.50,20.778
10930,32893,63.50,20.778
10931,16233,63.50,20.778
10940,32893,63.50,20.778
10941,16233,63.50,20.778
10950,32893,63.50,20.778
10952,16233,63.50,20.778
10960,32893,63.50,20.778
10961,16233,63.50,20.778
10969,32893,63.50,20.778
10971,16233,63.50,20.778
10979,32893,63.50,20.778
10981,16233,63.50,20.778
10990,32893,63.50,20.778
10992,16233,63.50,20.778
10999,32893,63.50,20.778
11001,16233,63.50,20.778
11010,32893,63.50,20.778
11011,16233,63.50,20.778
11019,32893,63.50,20.778
11022,16233,63.50,20.778
11029,32893,63.50,20.778
11031,16233,63.50,20.778
11040,32893,63.50,20.778
11041,16233,63.50,20.778
11049,32893,63.50,20.778
11051,16233,63.50,20.778
11060,32893,63.50,20.778
11061,16233,63.50,20.778
11069,32893,63.50,20.778
11071,16233,63.50,20.778
11080,32893,63.50,20.778
11081,16233,63.50,20.778
11090,32893,63.50,20.778
11091,16233,63.50,20.778
11099,32893,63.50,20.778
11102,16233,63.50,20.778
11109,32893,63.50,20.778
11111,16233,63.50,20.778
11119,32893,63.50,20.778
11121,16233,63.50,20.778
11130,32893,63.50,20.778
11132,16233,63.50,20.778
11140,32893,63.50,20.778
11141,16233,63.50,20.778
11150,32893,63.50,20.778
11152,16233,63.50,20.778
11160,32893,63.50,20.778
11161,16233,63.50,20.778
11170,32893,63.50,20.778
11171,16233,63.50,20.778
11180,32893,63.50,20.778
11182,16233,63.50,20.778
11190,32893,63.50,20.778
11191,16233,63.50,20.778
11200,32893,63.50,20.778
11202,16233,63.50,20.778
11210,32893,63.50,20.778
11211,16233,63.50,20.778
11220,32893,63.50,20.778
11222,16233,63.50,20.778
11230,32893,63.50,20.778
11232,16233,63.50,20.778
11240,32893,63.50,20.778
11241,16233,63.50,20.778
11250,32893,63.50,20.778
11251,16233,63.50,20.778
11260,32893,63.50,20.778
11261,16233,63.50,20.778
11270,32893,63.50,20.778
11271,16233,63.50,20.778
11279,32893,63.50,20.778
11281,16233,63.50,20.778
11289,32893,63.50,20.778
11292,16233,63.50,20.778
11300,32893,63.50,20.778
11302,16233,63.50,20.778
11309,32893,63.50,20.778
11312,16233,63.50,20.778
11319,32893,63.50,20.778
11322,16233,63.50,20.778
11329,32893,63.50,20.778
11332,16233,63.50,20.778
11339,32893,63.50,20.778
11342,16233,63.50,20.778
11350,32893,63.50,20.778
11352,16233,63.50,20.778
11360,32893,63.50,20.778
11361,16233,63.50,20.778
11369,32893,63.50,20.778
11372,16233,63.50,20.778
11379,32893,63.50,20.778
11382,16233,63.50,20.778
11390,32893,63.50,20.778
11391,16233,63.50,20.778
11399,32893,63.50,20.778
11402,16233,63.50,20.778
11410,32893,63.50,20.778
11412,16233,63.50,20.778
11420,32893,63.50,20.778
11422,16233,63.50,20.778
11430,32893,63.50,20.778
11432,16233,63.50,20.778
11440,32893,63.50,20.778
11442,16233,63.50,20.778
11450,32893,63.50,20.778
11451,16233,63.50,20.778
11460,32893,63.50,20.778
11462,16233,63.50,20.778
11469,32893,63.50,20.778
11471,16233,63.50,20.778
11480,32893,63.50,20.778
11481,16233,63.50,20.778
11490,32893,63.50,20.778
11492,16233,63.50,20.778
11500,32893,63.50,20.778
11502,16233,63.50,20.778
11509,32893,63.50,20.778
11512,16233,63.50,20.778
11519,32893,63.50,20.778
11522,16233,63.50,20.778
11530,32893,63.50,20.778
11532,16233,63.50,20.778
11540,32893,63.50,20.778
11542,16233,63.50,20.778
11550,32893,63.50,20.778
11552,16233,63.50,20.778
11559,32893,63.50,20.778
11561,16233,63.50,20.778
11569,32893,63.50,20.778
11571,16233,63.50,20.778
11579,32893,63.50,20.778
11582,16233,63.50,20.778
11589,32893,63.50,20.778
11591,16233,63.50,20.778
11599,32893,63.50,20.778
11601,16233,63.50,20.778
11609,32893,63.50,20.778
11611,16233,63.50,20.778
11620,32893,63.50,20.778
11622,16233,63.50,20.778
11630,32893,63.50,20.778
11632,16233,63.50,20.778
11639,32893,63.50,20.778
11641,16233,63.50,20.778
11650,32893,63.50,20.778
11652,16233,63.50,20.778
11660,32893,63.50,20.778
11662,16233,63.50,20.778
11670,32893,63.50,20.778
11671,16233,63.50,20.778
11680,32893,63.50,20.778
11682,16233,63.50,20.778
11690,32893,63.50,20.778
11692,16233,63.50,20.778
11700,32893,63.50,20.778
11702,16233,63.50,20.778
11710,32893,63.50,20.778
11711,16233,63.50,20.778
11720,32893,63.50,20.778
11722,16233,63.50,20.778
11731,32893,63.50,20.778
11732,16233,63.50,20.778
11740,32893,63.50,20.778
11742,16233,63.50,20.778
11750,32893,63.50,20.778
11752,16233,63.50,20.778
11760,32893,63.50,20.778
11762,16233,63.50,20.778
11769,32893,63.50,20.778
11771,16233,63.50,20.778
11780,32893,63.50,20.778
11782,16233,63.50,20.778
11790,32893,63.50,20.778
11792,16233,63.50,20.778
11800,32893,63.50,20.778
11802,16233,63.50,20.778
11810,32893,63.50,20.778
11812,16233,63.50,20.778
11820,32893,63.50,20.778
11822,16233,63.50,20.778
11830,32893,63.50,20.778
11831,16233,63.50,20.778
11839,32893,63.50,20.778
11842,16233,63.50,20.778
11850,32893,63.50,20.778
11851,16233,63.50,20.778
11859,32893,63.50,20.778
11862,16233,58.00,18.978
11870,32893,63.50,20.778
11872,16233,58.00,18.978
11879,32893,63.50,20.778
11882,16233,58.00,18.978
11890,32893,63.50,20.778
11891,16233,58.00,18.978
11900,32893,63.50,20.778
11901,16233,58.00,18.978
11910,32893,63.50,20.778
11912,16233,58.00,18.978
11920,32893,63.50,20.778
11922,16233,58.00,18.978
11930,32893,63.50,20.778
11931,16233,58.00,18.978
11940,32893,63.50,20.778
11942,16233,58.00,18.978
11950,32893,63.50,20.778
11952,16233,58.00,18.978
11959,32893,63.50,20.778
11962,16233,58.00,18.978
11970,32893,63.50,20.778
11972,16233,58.00,18.978
11979,32893,63.50,20.778
11982,16233,58.00,18.978
11990,32893,63.50,20.778
11992,16233,58.00,18.978
12000,32893,63.50,20.778
12001,16233,58.00,18.978
12010,32893,63.50,20.778
12011,16233,58.00,18.978
12019,32893,63.50,20.778
12021,16233,58.00,18.978
12029,32893,63.50,20.778
12032,16233,58.00,18.978
12040,32893,63.50,20.778
12041,16233,58.00,18.978
12049,32893,63.50,20.778
12051,16233,58.00,18.978
12059,32893,63.50,20.778
12062,16233,58.00,18.978
12070,32893,63.50,20.778
12071,16233,58.00,18.978
12079,32893,63.50,20.778
12081,16233,58.00,18.978
12090,32893,63.50,20.778
12091,16233,58.00,18.978
12099,32893,63.50,20.778
12101,16233,58.00,18.978
12110,32893,63.50,20.778
12112,16233,58.00,18.978
12119,32893,63.50,20.778
12122,16233,58.00,18.978
12129,32893,63.50,20.778
12131,16233,58.00,18.978
12139,32893,63.50,20.778
12141,16233,58.00,18.978
12149,32893,63.50,20.778
12152,16233,58.00,18.978
12159,32893,63.50,20.778
12161,16233,58.00,18.978
12169,32893,63.50,20.778
12172,16233,58.00,18.978
12179,32893,63.50,20.778
12182,16233,58.00,18.978
12190,32893,63.50,20.778
12192,16233,58.00,18.978
12199,32893,63.50,20.778
12201,16233,58.00,18.978
12209,32893,63.50,20.778
12212,16233,58.00,18.978
12219,32893,63.50,20.778
12221,16233,58.00,18.978
12230,32893,63.50,20.778
12232,16233,58.00,18.978
12239,32893,63.50,20.778
12242,16233,58.00,18.978
12249,32893,63.50,20.778
12251,16233,58.00,18.978
12259,32893,63.50,20.778
12261,16233,58.00,18.978
12270,32893,63.50,20.778
12272,16233,58.00,18.978
12280,32893,63.50,20.778
12281,16233,58.00,18.978
12289,32893,63.50,20.778
12291,16233,58.00,18.978
12300,32893,63.50,20.778
12301,16233,58.00,18.978
12309,32893,63.50,20.778
12312,16233,58.00,18.978
12319,32893,63.50,20.778
12321,16233,58.00,18.978
12329,32893,63.50,20.778
12331,16233,58.00,18.978
12339,32893,63.50,20.778
12342,16233,58.00,18.978
12349,32893,63.50,20.778
12351,16233,58.00,18.978
12360,32893,63.50,20.778
12362,16233,58.00,18.978
12370,32893,63.50,20.778
12371,16233,58.00,18.978
12380,32893,63.50,20.778
12382,16233,58.00,18.978
12389,32893,63.50,20.778
12392,16233,58.00,18.978
12400,32893,63.50,20.778
12401,16233,58.00,18.978
12410,32893,63.50,20.778
12412,16233,58.00,18.978
12419,32893,63.50,20.778
12422,16233,58.00,18.978
12429,32893,63.50,20.778
12431,16233,58.00,18.978
12440,32893,63.50,20.778
12441,16233,58.00,18.978
12449,32893,63.50,20.778
12451,16233,58.00,18.978
12460,32893,63.50,20.778
12461,16233,58.00,18.978
12469,32893,63.50,20.778
12471,16233,58.00,18.978
12480,32893,63.50,20.778
12481,16233,58.00,18.978
12489,32893,63.50,20.778
12491,16233,58.00,18.978
12500,32893,63.50,20.778
12502,16233,58.00,18.978
12510,32893,63.50,20.778
12512,16233,58.00,18.978
12520,32893,63.50,20.778
12522,16233,58.00,18.978
12530,32893,63.50,20.778
12532,16233,58.00,18.978
12540,32893,63.50,20.778
12542,16233,58.00,18.978
12550,32893,63.50,20.778
12552,16233,58.00,18.978
12559,32893,63.50,20.778
12561,16233,58.00,18.978
12569,32893,63.50,20.778
12571,16233,58.00,18.978
12580,32893,63.50,20.778
12582,16233,58.00,18.978
12589,32893,63.50,20.778
12592,16233,58.00,18.978
12599,32893,63.50,20.778
12601,16233,58.00,18.978
12610,32893,63.50,20.778
12611,16233,58.00,18.978
12619,32893,63.50,20.778
12621,16233,58.00,18.978
12629,32893,63.50,20.778
12631,16233,58.00,18.978
12639,32893,63.50,20.778
12641,16233,58.00,18.978
12649,32893,63.50,20.778
12651,16233,58.00,18.978
12660,32893,63.50,20.778
12661,16233,58.00,18.978
12670,32893,63.50,20.778
12671,16233,58.00,18.978
12679,32893,63.50,20.778
12682,16233,58.00,18.978
12690,32893,63.50,20.778
12692,16233,58.00,18.978
12699,32893,63.50,20.778
12702,16233,58.00,18.978
12710,32893,63.50,20.778
12712,16233,58.00,18.978
12719,32893,63.50,20.778
12722,16233,58.00,18.978
12730,32893,63.50,20.778
12732,16233,58.00,18.978
12740,32893,63.50,20.778
12743,16233,58.00,18.978
12750,32893,63.50,20.778
12752,16233,58.00,18.978
12759,32893,63.50,20.778
12762,16233,58.00,18.978
12769,32893,63.50,20.778
12771,16233,58.00,18.978
12779,32893,63.50,20.778
12781,16233,58.00,18.978
12789,32893,63.50,20.778
12792,16233,58.00,18.978
12800,32893,63.50,20.778
12801,16233,58.00,18.978
12809,32893,63.50,20.778
12811,16233,58.00,18.978
12820,32893,63.50,20.778
12822,16233,58.00,18.978
12830,32893,63.50,20.778
12832,16233,58.00,18.978
12839,32893,63.50,20.778
12841,16233,58.00,18.978
12849,32893,63.50,20.778
12852,16233,58.00,18.978
12859,32893,63.50,20.778
12861,16233,58.00,18.978
12869,32893,63.50,20.778
12872,16233,58.00,18.978
12880,32893,63.50,20.778
12881,16233,58.00,18.978
12890,32893,63.50,20.778
12892,16233,58.00,18.978
12900,32893,63.50,20.778
12901,16233,58.00,18.978
12910,32893,63.50,20.778
12911,16233,58.00,18.978
12920,32893,63.50,20.778
12921,16233,58.00,18.978
12930,32893,63.50,20.778
12931,16233,58.00,18.978
12940,32893,63.50,20.778
12941,16233,58.00,18.978
12950,32893,63.50,20.778
12952,16233,58.00,18.978
12960,32893,63.50,20.778
12962,16233,58.00,18.978
12970,32893,63.50,20.778
12972,16233,58.00,18.978
12980,32893,63.50,20.778
12981,16233,58.00,18.978
12990,32893,63.50,20.778
12991,16233,58.00,18.978
12999,32893,63.50,20.778
13001,16233,58.00,18.978
13010,32893,63.50,20.778
13011,16233,58.00,18.978
13020,32893,63.50,20.778
13021,16233,58.00,18.978
13029,32893,63.50,20.778
13031,16233,58.00,18.978
13039,32893,63.50,20.778
13041,16233,58.00,18.978
13050,32893,63.50,20.778
13051,16233,58.00,18.978
13060,32893,63.50,20.778
13062,16233,58.00,18.978
13070,32893,63.50,20.778
13072,16233,58.00,18.978
13080,32893,63.50,20.778
13081,16233,58.00,18.978
13090,32893,63.50,20.778
13091,16233,58.00,18.978
13099,32893,63.50,20.778
13101,16233,58.00,18.978
13110,32893,63.50,20.778
13111,16233,58.00,18.978
13119,32893,63.50,20.778
13121,16233,58.00,18.978
13130,32893,63.50,20.778
13132,16233,58.00,18.978
13140,32893,63.50,20.778
13142,16233,58.00,18.978
13150,32893,63.50,20.778
13152,16233,58.00,18.978
13160,32893,63.50,20.778
13162,16233,58.00,18.978
13170,32893,63.50,20.778
13172,16233,58.00,18.978
13180,32893,63.50,20.778
13182,16233,58.00,18.978
13190,32893,63.50,20.778
13192,16233,58.00,18.978
13199,32893,63.50,20.778
13202,16233,58.00,18.978
13210,32893,63.50,20.778
13212,16233,58.00,18.978
13220,32893,63.50,20.778
13222,16233,58.00,18.978
13229,32893,63.50,20.778
13231,16233,58.00,18.978
13240,32893,63.50,20.778
13242,16233,58.00,18.978
13250,32893,63.50,20.778
13252,16233,58.00,18.978
13260,32893,63.50,20.778
13262,16233,58.00,18.978
13270,32893,63.50,20.778
13272,16233,58.00,18.978
13280,32893,63.50,20.778
13282,16233,58.00,18.978
13290,32893,63.50,20.778
13291,16233,58.00,18.978
13299,32893,63.50,20.778
13302,16233,58.00,18.978
13310,32893,63.50,20.778
13311,16233,58.00,18.978
13319,32893,63.50,20.778
13322,16233,58.00,18.978
13329,32893,63.50,20.778
13332,16233,58.00,18.978
13340,32893,63.50,20.778
13342,16233,58.00,18.978
13350,32893,63.50,20.778
13352,16233,58.00,18.978
13359,32893,63.50,20.778
13362,16233,58.00,18.978
13369,32893,63.50,20.778
13372,16233,58.00,18.978
13380,32893,63.50,20.778
13381,16233,58.00,18.978
13390,32893,63.50,20.778
13392,16233,58.00,18.978
13400,32893,63.50,20.778
13401,16233,58.00,18.978
13409,32893,63.50,20.778
13411,16233,58.00,18.978
13419,32893,63.50,20.778
13422,16233,58.00,18.978
13430,32893,63.50,20.778
13431,16233,58.00,18.978
13439,32893,63.50,20.778
13441,16233,58.00,18.978
13450,32893,63.50,20.778
13452,16233,58.00,18.978
13460,32893,63.50,20.778
13462,16233,58.00,18.978
13470,32893,63.50,20.778
13472,16233,58.00,18.978
13480,32893,63.50,20.778
13481,16233,58.00,18.978
13490,32893,63.50,20.778
13492,16233,58.00,18.978
13499,32893,63.50,20.778
13502,16233,58.00,18.978
13510,32893,63.50,20.778
13511,16233,58.00,18.978
13520,32893,63.50,20.778
13522,16233,58.00,18.978
13529,32893,63.50,20.778
13532,16233,58.00,18.978
13540,32893,63.50,20.778
13541,16233,58.00,18.978
13550,32893,63.50,20.778
13551,16233,58.00,18.978
13559,32893,63.50,20.778
13561,16233,58.00,18.978
13570,32893,63.50,20.778
13571,16233,58.00,18.978
13579,32893,63.50,20.778
13581,16233,58.00,18.978
13590,32893,63.50,20.778
13591,16233,58.00,18.978
13600,32893,63.50,20.778
13602,16233,58.00,18.978
13610,32893,63.50,20.778
13611,16233,58.00,18.978
13620,32893,63.50,20.778
13621,16233,58.00,18.978
13629,32893,63.50,20.778
13632,16233,58.00,18.978
13639,32893,63.50,20.778
13641,16233,58.00,18.978
13650,32893,63.50,20.778
13651,16233,58.00,18.978
13660,32893,63.50,20.778
13661,16233,58.00,18.978
13670,32893,63.50,20.778
13671,16233,58.00,18.978
13680,32893,63.50,20.778
13682,16233,58.00,18.978
13690,32893,63.50,20.778
13692,16233,58.00,18.978
13700,32893,63.50,20.778
13702,16233,58.00,18.978
13710,32893,63.50,20.778
13711,16233,58.00,18.978
13719,32893,63.50,20.778
13722,16233,58.00,18.978
13729,32893,63.50,20.778
13732,16233,58.00,18.978
13739,32893,63.50,20.778
13742,16233,58.00,18.978
13750,32893,63.50,20.778
13752,16233,58.00,18.978
13759,32893,63.50,20.778
13762,16233,58.00,18.978
13770,32893,63.50,20.778
13772,16233,58.00,18.978
13779,32893,63.50,20.778
13782,16233,58.00,18.978
13790,32893,63.50,20.778
13791,16233,58.00,18.978
13800,32893,63.50,20.778
13801,16233,58.00,18.978
13809,32893,63.50,20.778
13811,16233,58.00,18.978
13819,32893,63.50,20.778
13821,16233,58.00,18.978
13829,32893,63.50,20.778
13831,16233,58.00,18.978
13840,32893,63.50,20.778
13842,16233,58.00,18.978
13850,32893,63.50,20.778
13852,16233,58.00,18.978
13859,32893,63.50,20.778
13861,16233,58.00,18.978
13870,32893,63.50,20.778
13871,16233,58.00,18.978
13879,32893,63.50,20.778
13882,16233,58.00,18.978
13889,32893,63.50,20.778
13892,16233,58.00,18.978
13900,32893,63.50,20.778
13902,16233,58.00,18.978
13909,32893,63.50,20.778
13911,16233,58.00,18.978
13920,32893,63.50,20.778
13921,16233,58.00,18.978
13929,32893,63.50,20.778
13932,16233,58.00,18.978
13939,32893,63.50,20.778
13942,16233,58.00,18.978
13949,32893,63.50,20.778
13952,16233,58.00,18.978
13959,32893,63.50,20.778
13961,16233,58.00,18.978
13969,32893,63.50,20.778
13971,16233,58.00,18.978
13980,32893,63.50,20.778
13982,16233,58.00,18.978
13990,32893,63.50,20.778
13991,16233,58.00,18.978
13999,32893,63.50,20.778
14001,16233,58.00,18.978
14010,32893,63.50,20.778
14011,16233,58.00,18.978
14019,32893,63.50,20.778
14022,16233,58.00,18.978
14029,32893,63.50,20.778
14031,16233,58.00,18.978
14039,32893,63.50,20.778
14041,16233,58.00,18.978
14050,32893,63.50,20.778
14051,16233,58.00,18.978
14060,32893,63.50,20.778
14061,16233,58.00,18.978
14069,32893,63.50,20.778
14071,16233,58.00,18.978
14080,32893,63.50,20.778
14082,16233,58.00,18.978
14089,32893,63.50,20.778
14092,16233,58.00,18.978
14100,32893,63.50,20.778
14102,16233,58.00,18.978
14110,32893,63.50,20.778
14112,16233,58.00,18.978
14120,32893,63.50,20.778
14122,16233,58.00,18.978
14129,32893,63.50,20.778
14131,16233,58.00,18.978
14139,32893,63.50,20.778
14141,16233,58.00,18.978
14149,32893,63.50,20.778
14151,16233,58.00,18.978
14160,32893,63.50,20.778
14162,16233,58.00,18.978
14170,32893,63.50,20.778
14171,16233,58.00,18.978
14180,32893,63.50,20.778
14182,16233,58.00,18.978
14190,32893,63.50,20.778
14191,16233,58.00,18.978
14200,32893,63.50,20.778
14202,16233,58.00,18.978
14210,32893,63.50,20.778
14212,16233,58.00,18.978
14220,32893,63.50,20.778
14222,16233,58.00,18.978
14230,32893,63.50,20.778
14232,16233,58.00,18.978
14240,32893,63.50,20.778
14241,16233,58.00,18.978
14249,32893,63.50,20.778
14251,16233,58.00,18.978
14259,32893,63.50,20.778
14262,16233,58.00,18.978
14270,32893,63.50,20.778
14272,16233,58.00,18.978
14280,32893,63.50,20.778
14282,16233,58.00,18.978
14289,32893,63.50,20.778
14293,16233,58.00,18.978
14300,32893,63.50,20.778
14302,16233,58.00,18.978
14310,32893,63.50,20.778
14312,16233,58.00,18.978
14319,32893,63.50,20.778
14321,16233,58.00,18.978
14330,32893,63.50,20.778
14331,16233,58.00,18.978
14339,32893,63.50,20.778
14342,16233,58.00,18.978
14350,32893,63.50,20.778
14352,16233,58.00,18.978
14360,32893,63.50,20.778
14361,16233,58.00,18.978
14369,32893,63.50,20.778
14372,16233,58.00,18.978
14380,32893,63.50,20.778
14382,16233,58.00,18.978
14390,32893,63.50,20.778
14391,16233,58.00,18.978
14400,32893,63.50,20.778
14401,16233,58.00,18.978
14410,32893,63.50,20.778
14411,16233,58.00,18.978
14420,32893,63.50,20.778
14422,16233,58.00,18.978
14430,32893,63.50,20.778
14431,16233,58.00,18.978
14440,32893,63.50,20.778
14442,16233,58.00,18.978
14450,32893,63.50,20.778
14452,16233,58.00,18.978
14460,32893,63.50,20.778
14462,16233,58.00,18.978
14470,32893,63.50,20.778
14472,16233,58.00,18.978
14480,32893,63.50,20.778
14481,16233,58.00,18.978
14490,32893,63.50,20.778
14491,16233,58.00,18.978
14500,32893,63.50,20.778
14501,16233,58.00,18.978
14510,32893,63.50,20.778
14512,16233,58.00,18.978
14519,32893,63.50,20.778
14521,16233,58.00,18.978
14529,32893,63.50,20.778
14532,16233,58.00,18.978
14540,32893,63.50,20.778
14542,16233,58.00,18.978
14550,32893,63.50,20.778
14551,16233,58.00,18.978
14560,32893,63.50,20.778
14562,16233,58.00,18.978
14569,32893,63.50,20.778
14571,16233,58.00,18.978
14580,32893,63.50,20.778
14581,16233,58.00,18.978
14590,32893,63.50,20.778
14592,16233,58.00,18.978
14600,32893,63.50,20.778
14602,16233,58.00,18.978
14610,32893,63.50,20.778
14611,16233,58.00,18.978
14620,32893,63.50,20.778
14622,16233,58.00,18.978
14630,32893,63.50,20.778
14632,16233,58.00,18.978
14640,32893,63.50,20.778
14641,16233,58.00,18.978
14650,32893,63.50,20.778
14652,16233,58.00,18.978
14659,32893,63.50,20.778
14662,16233,58.00,18.978
14670,32893,63.50,20.778
14672,16233,58.00,18.978
14680,32893,63.50,20.778
14682,16233,58.00,18.978
14690,32893,63.50,20.778
14692,16233,58.00,18.978
14699,32893,63.50,20.778
14702,16233,58.00,18.978
14710,32893,63.50,20.778
14712,16233,58.00,18.978
14720,32893,63.50,20.778
14722,16233,58.00,18.978
14729,32893,63.50,20.778
14732,16233,58.00,18.978
14740,32893,63.50,20.778
14742,16233,58.00,18.978
14750,32893,63.50,20.778
14752,16233,58.00,18.978
14761,32893,63.50,20.778
14762,16233,58.00,18.978
14770,32893,63.50,20.778
14772,16233,58.00,18.978
14779,32893,63.50,20.778
14781,16233,58.00,18.978
14790,32893,63.50,20.778
14791,16233,58.00,18.978
14800,32893,63.50,20.778
14802,16233,58.00,18.978
14810,32893,63.50,20.778
14811,16233,58.00,18.978
14820,32893,63.50,20.778
14822,16233,58.00,18.978
14830,32893,63.50,20.778
14832,16233,58.00,18.978
14840,32893,63.50,20.778
14842,16233,58.00,18.978
14850,32893,63.50,20.778
14852,16233,58.00,18.978
14860,32893,63.50,20.778
14862,16233,58.00,18.978
14870,32893,63.50,20.778
14872,16233,58.00,18.978
14880,32893,63.50,20.778
14882,16233,58.00,18.978
14890,32893,63.50,20.778
14892,16233,58.00,18.978
14899,32893,63.50,20.778
14901,16233,58.00,18.978
14910,32893,63.50,20.778
14912,16233,58.00,18.978
14920,32893,63.50,20.778
14922,16233,58.00,18.978
14930,32893,63.50,20.778
14932,16233,58.00,18.978
14940,32893,63.50,20.778
14942,16233,58.00,18.978
14950,32893,63.50,20.778
14952,16233,58.00,18.978
14960,32893,63.50,20.778
14962,16233,58.00,18.978
14970,32893,63.50,20.778
14972,16233,58.00,18.978
14980,32893,63.50,20.778
14981,16233,58.00,18.978
14990,32893,63.50,20.778
14992,16233,58.00,18.978
15000,32893,63.50,20.778
15001,16233,58.00,18.978
15010,32893,63.50,20.778
15012,16233,58.00,18.978
15020,32893,63.50,20.778
15022,16233,58.00,18.978
15029,32893,63.50,20.778
15031,16233,58.00,18.978
15040,32893,63.50,20.778
15042,16233,58.00,18.978
15049,32893,63.50,20.778
15052,16233,58.00,18.978
15060,32893,63.50,20.778
15062,16233,58.00,18.978
15070,32893,63.50,20.778
15072,16233,58.00,18.978
15079,32893,63.50,20.778
15082,16233,58.00,18.978
15090,32893,63.50,20.778
15092,16233,58.00,18.978
15100,32893,59.00,19.305
15102,16233,58.00,18.978
15110,32893,59.00,19.305
15112,16233,58.00,18.978
15120,32893,59.00,19.305
15122,16233,58.00,18.978
15130,32893,59.00,19.305
15131,16233,58.00,18.978
15140,32893,59.00,19.305
15141,16233,58.00,18.978
15150,32893,59.00,19.305
15152,16233,58.00,18.978
15160,32893,59.00,19.305
15162,16233,58.00,18.978
15170,32893,59.00,19.305
15172,16233,58.00,18.978
15179,32893,59.00,19.305
15182,16233,58.00,18.978
15189,32893,59.00,19.305
15192,16233,58.00,18.978
15200,32893,59.00,19.305
15201,16233,58.00,18.978
15210,32893,59.00,19.305
15212,16233,58.00,18.978
15220,32893,59.00,19.305
15221,16233,58.00,18.978
15229,32893,59.00,19.305
15231,16233,58.00,18.978
15239,32893,59.00,19.305
15241,16233,58.00,18.978
15249,32893,59.00,19.305
15252,16233,58.00,18.978
15259,32893,59.00,19.305
15262,16233,58.00,18.978
15269,32893,59.00,19.305
15271,16233,58.00,18.978
15279,32893,59.00,19.305
15281,16233,58.00,18.978
15290,32893,59.00,19.305
15291,16233,58.00,18.978
15300,32893,59.00,19.305
15301,16233,58.00,18.978
15309,32893,59.00,19.305
15312,16233,58.00,18.978
15320,32893,59.00,19.305
15321,16233,58.00,18.978
15329,32893,59.00,19.305
15331,16233,58.00,18.978
15340,32893,59.00,19.305
15341,16233,58.00,18.978
15350,32893,59.00,19.305
15351,16233,58.00,18.978
15360,32893,59.00,19.305
15362,16233,58.00,18.978
15370,32893,59.00,19.305
15371,16233,58.00,18.978
15380,32893,59.00,19.305
15382,16233,58.00,18.978
15390,32893,59.00,19.305
15392,16233,58.00,18.978
15400,32893,59.00,19.305
15402,16233,58.00,18.978
15409,32893,59.00,19.305
15412,16233,58.00,18.978
15420,32893,59.00,19.305
15422,16233,58.00,18.978
15430,32893,59.00,19.305
15432,16233,58.00,18.978
15440,32893,59.00,19.305
15442,16233,58.00,18.978
15449,32893,59.00,19.305
15451,16233,58.00,18.978
15460,32893,59.00,19.305
15461,16233,58.00,18.978
15469,32893,59.00,19.305
15471,16233,58.00,18.978
15479,32893,59.00,19.305
15481,16233,58.00,18.978
15490,32893,59.00,19.305
15491,16233,58.00,18.978
15499,32893,59.00,19.305
15501,16233,58.00,18.978
15510,32893,59.00,19.305
15511,16233,58.00,18.978
15520,32893,59.00,19.305
15521,16233,58.00,18.978
15529,32893,59.00,19.305
15531,16233,58.00,18.978
15540,32893,59.00,19.305
15542,16233,58.00,18.978
15550,32893,59.00,19.305
15551,16233,58.00,18.978
15560,32893,59.00,19.305
15562,16233,58.00,18.978
15570,32893,59.00,19.305
15572,16233,58.00,18.978
15580,32893,59.00,19.305
15582,16233,58.00,18.978
15590,32893,59.00,19.305
15592,16233,58.00,18.978
15600,32893,59.00,19.305
15602,16233,58.00,18.978
15610,32893,59.00,19.305
15612,16233,58.00,18.978
15620,32893,59.00,19.305
15622,16233,58.00,18.978
15629,32893,59.00,19.305
15632,16233,58.00,18.978
15640,32893,59.00,19.305
15642,16233,58.00,18.978
15649,32893,59.00,19.305
15652,16233,58.00,18.978
15660,32893,59.00,19.305
15662,16233,58.00,18.978
15669,32893,59.00,19.305
15672,16233,58.00,18.978
15680,32893,59.00,19.305
15682,16233,58.00,18.978
15690,32893,59.00,19.305
15692,16233,58.00,18.978
15700,32893,59.00,19.305
15702,16233,58.00,18.978
15710,32893,59.00,19.305
15712,16233,58.00,18.978
15720,32893,59.00,19.305
15722,16233,58.00,18.978
15730,32893,59.00,19.305
15732,16233,58.00,18.978
15740,32893,59.00,19.305
15742,16233,58.00,18.978
15750,32893,59.00,19.305
15752,16233,58.00,18.978
15760,32893,59.00,19.305
15762,16233,58.00,18.978
15769,32893,59.00,19.305
15771,16233,58.00,18.978
15780,32893,59.00,19.305
15781,16233,58.00,18.978
15790,32893,59.00,19.305
15791,16233,58.00,18.978
15800,32893,59.00,19.305
15801,16233,58.00,18.978
15809,32893,59.00,19.305
15812,16233,58.00,18.978
15820,32893,59.00,19.305
15822,16233,58.00,18.978
15830,32893,59.00,19.305
15831,16233,58.00,18.978
15840,32893,59.00,19.305
15841,16233,58.00,18.978
15850,32893,59.00,19.305
15852,16233,58.00,18.978
15859,32893,59.00,19.305
15862,16233,58.00,18.978
15870,32893,59.00,19.305
15872,16233,58.00,18.978
15880,32893,59.00,19.305
15882,16233,58.00,18.978
15890,32893,59.00,19.305
15892,16233,58.00,18.978
15900,32893,59.00,19.305
15902,16233,58.00,18.978
15910,32893,59.00,19.305
15912,16233,58.00,18.978
15919,32893,59.00,19.305
15922,16233,58.00,18.978
15930,32893,59.00,19.305
15932,16233,58.00,18.978
15940,32893,59.00,19.305
15941,16233,58.00,18.978
15950,32893,59.00,19.305
15952,16233,58.00,18.978
15960,32893,59.00,19.305
15962,16233,58.00,18.978
15970,32893,59.00,19.305
15972,16233,58.00,18.978
15980,32893,59.00,19.305
15981,16233,58.00,18.978
15990,32893,59.00,19.305
15992,16233,58.00,18.978
16000,32893,59.00,19.305
16002,16233,58.00,18.978
16009,32893,59.00,19.305
16012,16233,58.00,18.978
16020,32893,59.00,19.305
16022,16233,58.00,18.978
16030,32893,59.00,19.305
16032,16233,58.00,18.978
16039,32893,59.00,19.305
16041,16233,58.00,18.978
16050,32893,59.00,19.305
16051,16233,58.00,18.978
16060,32893,59.00,19.305
16061,16233,58.00,18.978
16070,32893,59.00,19.305
16072,16233,58.00,18.978
16079,32893,59.00,19.305
16082,16233,58.00,18.978
16090,32893,59.00,19.305
16091,16233,58.00,18.978
16100,32893,59.00,19.305
16102,16233,58.00,18.978
16110,32893,59.00,19.305
16112,16233,58.00,18.978
16119,32893,59.00,19.305
16121,16233,58.00,18.978
16129,32893,59.00,19.305
16132,16233,58.00,18.978
16139,32893,59.00,19.305
16141,16233,58.00,18.978
16149,32893,59.00,19.305
16152,16233,58.00,18.978
16160,32893,59.00,19.305
16162,16233,58.00,18.978
16169,32893,59.00,19.305
16172,16233,58.00,18.978
16180,32893,59.00,19.305
16182,16233,58.00,18.978
16189,32893,59.00,19.305
16191,16233,58.00,18.978
16200,32893,59.00,19.305
16201,16233,58.00,18.978
16210,32893,59.00,19.305
16212,16233,58.00,18.978
16219,32893,59.00,19.305
16222,16233,58.00,18.978
16230,32893,59.00,19.305
16232,16233,58.00,18.978
16240,32893,59.00,19.305
16242,16233,58.00,18.978
16250,32893,59.00,19.305
16252,16233,58.00,18.978
16259,32893,59.00,19.305
16262,16233,58.00,18.978
16269,32893,59.00,19.305
16272,16233,58.00,18.978
16279,32893,59.00,19.305
16282,16233,58.00,18.978
16290,32893,59.00,19.305
16293,16233,63.50,20.778
16300,32893,59.00,19.305
16302,16233,63.50,20.778
16310,32893,59.00,19.305
16312,16233,63.50,20.778
16320,32893,59.00,19.305
16322,16233,63.50,20.778
16329,32893,59.00,19.305
16332,16233,63.50,20.778
16339,32893,59.00,19.305
16342,16233,63.50,20.778
16350,32893,59.00,19.305
16352,16233,63.50,20.778
16360,32893,59.00,19.305
16362,16233,63.50,20.778
16370,32893,59.00,19.305
16371,16233,63.50,20.778
16380,32893,59.00,19.305
16382,16233,63.50,20.778
16390,32893,59.00,19.305
16392,16233,63.50,20.778
16400,32893,59.00,19.305
16402,16233,63.50,20.778
16410,32893,59.00,19.305
16412,16233,63.50,20.778
16420,32893,59.00,19.305
16422,16233,63.50,20.778
16430,32893,59.00,19.305
16432,16233,63.50,20.778
16440,32893,59.00,19.305
16442,16233,63.50,20.778
16450,32893,59.00,19.305
16452,16233,63.50,20.778
16460,32893,59.00,19.305
16462,16233,63.50,20.778
16470,32893,59.00,19.305
16472,16233,63.50,20.778
16479,32893,59.00,19.305
16482,16233,63.50,20.778
16490,32893,59.00,19.305
16492,16233,63.50,20.778
16500,32893,59.00,19.305
16502,16233,63.50,20.778
16510,32893,59.00,19.305
16512,16233,63.50,20.778
16520,32893,59.00,19.305
16521,16233,63.50,20.778
16530,32893,59.00,19.305
16532,16233,63.50,20.778
16540,32893,59.00,19.305
16542,16233,63.50,20.778
16550,32893,59.00,19.305
16552,16233,63.50,20.778
16560,32893,59.00,19.305
16562,16233,63.50,20.778
16570,32893,59.00,19.305
16572,16233,63.50,20.778
16580,32893,59.00,19.305
16582,16233,63.50,20.778
16589,32893,59.00,19.305
16592,16233,63.50,20.778
16599,32893,59.00,19.305
16602,16233,63.50,20.778
16610,32893,59.00,19.305
16611,16233,63.50,20.778
16620,32893,59.00,19.305
16622,16233,63.50,20.778
16630,32893,59.00,19.305
16632,16233,63.50,20.778
16640,32893,59.00,19.305
16641,16233,63.50,20.778
16649,32893,59.00,19.305
16652,16233,63.50,20.778
16660,32893,59.00,19.305
16661,16233,63.50,20.778
16669,32893,59.00,19.305
16671,16233,63.50,20.778
16679,32893,59.00,19.305
16682,16233,63.50,20.778
16690,32893,59.00,19.305
16692,16233,63.50,20.778
16700,32893,59.00,19.305
16702,16233,63.50,20.778
16710,32893,59.00,19.305
16712,16233,63.50,20.778
16720,32893,59.00,19.305
16722,16233,63.50,20.778
16730,32893,59.00,19.305
16732,16233,63.50,20.778
16740,32893,59.00,19.305
16742,16233,63.50,20.778
16750,32893,59.00,19.305
16752,16233,63.50,20.778
16760,32893,59.00,19.305
16762,16233,63.50,20.778
16770,32893,59.00,19.305
16772,16233,63.50,20.778
16780,32893,59.00,19.305
16782,16233,63.50,20.778
16790,32893,59.00,19.305
16791,16233,63.50,20.778
16800,32893,59.00,19.305
16802,16233,63.50,20.778
16810,32893,59.00,19.305
16812,16233,63.50,20.778
16820,32893,59.00,19.305
16822,16233,63.50,20.778
16830,32893,59.00,19.305
16832,16233,63.50,20.778
16840,32893,59.00,19.305
16842,16233,63.50,20.778
16850,32893,59.00,19.305
16851,16233,63.50,20.778
16860,32893,59.00,19.305
16862,16233,63.50,20.778
16869,32893,59.00,19.305
16872,16233,63.50,20.778
16880,32893,59.00,19.305
16882,16233,63.50,20.778
16890,32893,59.00,19.305
16892,16233,63.50,20.778
16900,32893,59.00,19.305
16902,16233,63.50,20.778
16909,32893,59.00,19.305
16911,16233,63.50,20.778
16920,32893,59.00,19.305
16922,16233,63.50,20.778
16930,32893,59.00,19.305
16932,16233,63.50,20.778
16940,32893,59.00,19.305
16942,16233,63.50,20.778
16950,32893,59.00,19.305
16952,16233,63.50,20.778
16959,32893,59.00,19.305
16961,16233,63.50,20.778
16970,32893,59.00,19.305
16972,16233,63.50,20.778
16980,32893,59.00,19.305
16982,16233,63.50,20.778
16990,32893,59.00,19.305
16992,16233,63.50,20.778
17000,32893,59.00,19.305
17002,16233,63.50,20.778
17009,32893,59.00,19.305
17011,16233,63.50,20.778
17019,32893,59.00,19.305
17022,16233,63.50,20.778
17030,32893,59.00,19.305
17032,16233,63.50,20.778
17040,32893,59.00,19.305
17042,16233,63.50,20.778
17050,32893,59.00,19.305
17052,16233,63.50,20.778
17059,32893,59.00,19.305
17062,16233,63.50,20.778
17070,32893,59.00,19.305
17072,16233,63.50,20.778
17080,32893,59.00,19.305
17082,16233,63.50,20.778
17090,32893,59.00,19.305
17092,16233,63.50,20.778
17100,32893,59.00,19.305
17102,16233,63.50,20.778
17110,32893,59.00,19.305
17112,16233,63.50,20.778
17120,32893,59.00,19.305
17122,16233,63.50,20.778
17130,32893,59.00,19.305
17132,16233,63.50,20.778
17140,32893,59.00,19.305
17142,16233,63.50,20.778
17149,32893,59.00,19.305
17151,16233,63.50,20.778
17160,32893,59.00,19.305
17162,16233,63.50,20.778
17169,32893,59.00,19.305
17171,16233,63.50,20.778
17179,32893,59.00,19.305
17182,16233,63.50,20.778
17190,32893,59.00,19.305
17192,16233,63.50,20.778
17200,32893,59.00,19.305
17202,16233,63.50,20.778
17210,32893,59.00,19.305
17212,16233,63.50,20.778
17220,32893,59.00,19.305
17222,16233,63.50,20.778
17229,32893,59.00,19.305
17232,16233,63.50,20.778
17239,32893,59.00,19.305
17242,16233,63.50,20.778
17249,32893,59.00,19.305
17252,16233,63.50,20.778
17260,32893,59.00,19.305
17262,16233,63.50,20.778
17269,32893,59.00,19.305
17272,16233,63.50,20.778
17280,32893,59.00,19.305
17282,16233,63.50,20.778
17289,32893,59.00,19.305
17292,16233,63.50,20.778
17300,32893,59.00,19.305
17302,16233,63.50,20.778
17310,32893,59.00,19.305
17312,16233,63.50,20.778
17319,32893,59.00,19.305
17322,16233,63.50,20.778
17329,32893,59.00,19.305
17331,16233,63.50,20.778
17339,32893,59.00,19.305
17342,16233,63.50,20.778
17349,32893,59.00,19.305
17352,16233,63.50,20.778
17360,32893,59.00,19.305
17361,16233,63.50,20.778
17370,32893,59.00,19.305
17372,16233,63.50,20.778
17379,32893,59.00,19.305
17382,16233,63.50,20.778
17390,32893,59.00,19.305
17391,16233,63.50,20.778
17400,32893,59.00,19.305
17402,16233,63.50,20.778
17410,32893,59.00,19.305
17412,16233,63.50,20.778
17420,32893,59.00,19.305
17422,16233,63.50,20.778
17429,32893,59.00,19.305
17432,16233,63.50,20.778
17440,32893,59.00,19.305
17442,16233,63.50,20.778
17450,32893,59.00,19.305
17452,16233,63.50,20.778
17460,32893,59.00,19.305
17462,16233,63.50,20.778
17470,32893,59.00,19.305
17472,16233,63.50,20.778
17480,32893,59.00,19.305
17482,16233,63.50,20.778
17489,32893,59.00,19.305
17491,16233,63.50,20.778
17499,32893,59.00,19.305
17502,16233,63.50,20.778
17509,32893,59.00,19.305
17512,16233,63.50,20.778
17520,32893,59.00,19.305
17521,16233,63.50,20.778
17530,32893,59.00,19.305
17531,16233,63.50,20.778
17540,32893,59.00,19.305
17542,16233,63.50,20.778
17550,32893,59.00,19.305
17551,16233,63.50,20.778
17559,32893,59.00,19.305
17562,16233,63.50,20.778
17570,32893,59.00,19.305
17572,16233,63.50,20.778
17579,32893,59.00,19.305
17582,16233,63.50,20.778
17589,32893,59.00,19.305
17591,16233,63.50,20.778
17600,32893,59.00,19.305
17601,16233,63.50,20.778
17610,32893,59.00,19.305
17612,16233,63.50,20.778
17620,32893,59.00,19.305
17622,16233,63.50,20.778
17630,32893,59.00,19.305
17632,16233,63.50,20.778
17640,32893,59.00,19.305
17641,16233,63.50,20.778
17649,32893,59.00,19.305
17652,16233,63.50,20.778
17660,32893,59.00,19.305
17661,16233,63.50,20.778
17670,32893,59.00,19.305
17672,16233,63.50,20.778
17680,32893,59.00,19.305
17681,16233,63.50,20.778
17690,32893,59.00,19.305
17692,16233,63.50,20.778
17699,32893,59.00,19.305
17702,16233,63.50,20.778
17710,32893,59.00,19.305
17712,16233,63.50,20.778
17720,32893,59.00,19.305
17722,16233,63.50,20.778
17730,32893,59.00,19.305
17731,16233,63.50,20.778
17740,32893,59.00,19.305
17742,16233,63.50,20.778
17750,32893,59.00,19.305
17752,16233,63.50,20.778
17760,32893,59.00,19.305
17762,16233,63.50,20.778
17770,32893,59.00,19.305
17772,16233,63.50,20.778
17780,32893,59.00,19.305
17782,16233,63.50,20.778
17790,32893,59.00,19.305
17792,16233,63.50,20.778
17800,32893,59.00,19.305
17802,16233,63.50,20.778
17810,32893,59.00,19.305
17812,16233,63.50,20.778
17819,32893,59.00,19.305
17821,16233,63.50,20.778
17830,32893,59.00,19.305
17832,16233,63.50,20.778
17840,32893,59.00,19.305
17841,16233,63.50,20.778
17850,32893,59.00,19.305
17852,16233,63.50,20.778
17860,32893,59.00,19.305
17862,16233,63.50,20.778
17869,32893,59.00,19.305
17871,16233,63.50,20.778
17880,32893,59.00,19.305
17881,16233,63.50,20.778
17889,32893,59.00,19.305
17891,16233,63.50,20.778
17900,32893,59.00,19.305
17901,16233,63.50,20.778
17910,32893,59.00,19.305
17912,16233,63.50,20.778
17919,32893,59.00,19.305
17922,16233,63.50,20.778
17930,32893,59.00,19.305
17932,16233,63.50,20.778
17940,32893,59.00,19.305
17942,16233,63.50,20.778
17950,32893,59.00,19.305
17952,16233,63.50,20.778
17960,32893,59.00,19.305
17963,16233,63.50,20.778
17970,32893,59.00,19.305
17972,16233,63.50,20.778
17979,32893,59.00,19.305
17982,16233,63.50,20.778
17989,32893,59.00,19.305
17992,16233,63.50,20.778
18000,32893,59.00,19.305
18002,16233,63.50,20.778
18010,32893,59.00,19.305
18012,16233,63.50,20.778
18020,32893,59.00,19.305
18022,16233,63.50,20.778
18030,32893,59.00,19.305
18032,16233,63.50,20.778
18039,32893,59.00,19.305
18042,16233,63.50,20.778
18050,32893,59.00,19.305
18052,16233,63.50,20.778
18060,32893,59.00,19.305
18062,16233,63.50,20.778
18070,32893,59.00,19.305
18072,16233,63.50,20.778
18080,32893,59.00,19.305
18082,16233,63.50,20.778
18090,32893,59.00,19.305
18092,16233,63.50,20.778
18099,32893,59.00,19.305
18102,16233,63.50,20.778
18110,32893,59.00,19.305
18112,16233,63.50,20.778
18120,32893,59.00,19.305
18122,16233,63.50,20.778
18130,32893,59.00,19.305
18132,16233,63.50,20.778
18140,32893,59.00,19.305
18142,16233,63.50,20.778
18150,32893,59.00,19.305
18152,16233,63.50,20.778
18160,32893,59.00,19.305
18162,16233,63.50,20.778
18170,32893,59.00,19.305
18172,16233,63.50,20.778
18180,32893,59.00,19.305
18182,16233,63.50,20.778
18191,32893,59.00,19.305
18192,16233,63.50,20.778
18201,32893,59.00,19.305
18202,16233,63.50,20.778
18210,32893,59.00,19.305
18212,16233,63.50,20.778
18220,32893,59.00,19.305
18222,16233,63.50,20.778
18230,32893,59.00,19.305
18232,16233,63.50,20.778
18240,32893,59.00,19.305
18242,16233,63.50,20.778
18250,32893,59.00,19.305
18252,16233,63.50,20.778
18260,32893,59.00,19.305
18262,16233,63.50,20.778
18270,32893,59.00,19.305
18272,16233,63.50,20.778
18280,32893,59.00,19.305
18281,16233,63.50,20.778
18290,32893,59.00,19.305
18292,16233,63.50,20.778
18300,32893,59.00,19.305
18301,16233,63.50,20.778
18310,32893,59.00,19.305
18312,16233,63.50,20.778
18320,32893,59.00,19.305
18322,16233,63.50,20.778
18330,32893,59.00,19.305
18332,16233,63.50,20.778
18340,32893,59.00,19.305
18342,16233,63.50,20.778
18350,32893,59.00,19.305
18352,16233,63.50,20.778
18360,32893,59.00,19.305
18362,16233,63.50,20.778
18370,32893,59.00,19.305
18372,16233,63.50,20.778
18380,32893,59.00,19.305
18382,16233,63.50,20.778
18390,32893,59.00,19.305
18392,16233,63.50,20.778
18400,32893,59.00,19.305
18402,16233,63.50,20.778
18409,32893,59.00,19.305
18412,16233,63.50,20.778
18420,32893,59.00,19.305
18423,16233,63.50,20.778
18430,32893,59.00,19.305
18432,16233,63.50,20.778
18440,32893,59.00,19.305
18442,16233,63.50,20.778
18450,32893,59.00,19.305
18452,16233,63.50,20.778
18460,32893,59.00,19.305
18462,16233,63.50,20.778
18470,32893,59.00,19.305
18472,16233,63.50,20.778
18480,32893,59.00,19.305
18481,16233,63.50,20.778
18489,32893,59.00,19.305
18492,16233,63.50,20.778
18500,32893,59.00,19.305
18502,16233,63.50,20.778
18510,32893,59.00,19.305
18512,16233,63.50,20.778
18519,32893,59.00,19.305
18522,16233,63.50,20.778
18530,32893,59.00,19.305
18532,16233,63.50,20.778
18539,32893,59.00,19.305
18542,16233,63.50,20.778
18550,32893,59.00,19.305
18552,16233,63.50,20.778
18560,32893,59.00,19.305
18562,16233,63.50,20.778
18570,32893,59.00,19.305
18572,16233,63.50,20.778
18579,32893,59.00,19.305
18582,16233,63.50,20.778
18589,32893,59.00,19.305
18592,16233,63.50,20.778
18600,32893,59.00,19.305
18602,16233,63.50,20.778
18610,32893,59.00,19.305
18612,16233,63.50,20.778
18620,32893,59.00,19.305
18622,16233,63.50,20.778
18630,32893,59.00,19.305
18632,16233,63.50,20.778
18640,32893,59.00,19.305
18642,16233,63.50,20.778
18650,32893,59.00,19.305
18652,16233,63.50,20.778
18660,32893,59.00,19.305
18663,16233,63.50,20.778
18670,32893,59.00,19.305
18672,16233,63.50,20.778
18680,32893,59.00,19.305
18682,16233,63.50,20.778
18690,32893,59.00,19.305
18691,16233,63.50,20.778
18700,32893,59.00,19.305
18701,16233,63.50,20.778
18710,32893,59.00,19.305
18711,16233,63.50,20.778
18720,32893,59.00,19.305
18721,16233,63.50,20.778
18730,32893,59.00,19.305
18731,16233,63.50,20.778
18740,32893,59.00,19.305
18742,16233,63.50,20.778
18750,32893,59.00,19.305
18752,16233,63.50,20.778
18760,32893,59.00,19.305
18762,16233,63.50,20.778
18769,32893,59.00,19.305
18772,16233,63.50,20.778
18780,32893,59.00,19.305
18782,16233,63.50,20.778
18790,32893,59.00,19.305
18792,16233,63.50,20.778
18800,32893,59.00,19.305
18801,16233,63.50,20.778
18809,32893,59.00,19.305
18812,16233,63.50,20.778
18820,32893,59.00,19.305
18822,16233,63.50,20.778
18830,32893,59.00,19.305
18831,16233,63.50,20.778
18840,32893,59.00,19.305
18842,16233,63.50,20.778
18850,32893,59.00,19.305
18852,16233,63.50,20.778
18860,32893,59.00,19.305
18861,16233,63.50,20.778
18869,32893,59.00,19.305
18872,16233,63.50,20.778
18880,32893,59.00,19.305
18882,16233,63.50,20.778
18889,32893,59.00,19.305
18892,16233,63.50,20.778
18900,32893,59.00,19.305
18902,16233,63.50,20.778
18910,32893,59.00,19.305
18912,16233,63.50,20.778
18920,32893,59.00,19.305
18922,16233,63.50,20.778
18930,32893,59.00,19.305
18932,16233,63.50,20.778
18940,32893,59.00,19.305
18942,16233,63.50,20.778
18950,32893,59.00,19.305
18952,16233,63.50,20.778
18960,32893,59.00,19.305
18962,16233,63.50,20.778
18970,32893,59.00,19.305
18972,16233,63.50,20.778
18980,32893,59.00,19.305
18982,16233,63.50,20.778
18990,32893,59.00,19.305
18992,16233,63.50,20.778
19000,32893,59.00,19.305
19002,16233,63.50,20.778
19010,32893,59.00,19.305
19012,16233,63.50,20.778
19020,32893,59.00,19.305
19021,16233,63.50,20.778
19030,32893,59.00,19.305
19032,16233,63.50,20.778
19040,32893,59.00,19.305
19042,16233,63.50,20.778
19050,32893,59.00,19.305
19052,16233,63.50,20.778
19060,32893,59.00,19.305
19062,16233,63.50,20.778
19070,32893,59.00,19.305
19072,16233,63.50,20.778
19080,32893,59.00,19.305
19082,16233,63.50,20.778
19090,32893,59.00,19.305
19091,16233,63.50,20.778
19100,32893,59.00,19.305
19102,16233,63.50,20.778
19110,32893,59.00,19.305
19112,16233,63.50,20.778
19120,32893,59.00,19.305
19122,16233,63.50,20.778
19130,32893,59.00,19.305
19132,16233,63.50,20.778
19140,32893,59.00,19.305
19142,16233,63.50,20.778
19150,32893,59.00,19.305
19151,16233,63.50,20.778
19160,32893,59.00,19.305
19162,16233,63.50,20.778
19170,32893,59.00,19.305
19171,16233,63.50,20.778
19180,32893,59.00,19.305
19182,16233,63.50,20.778
19190,32893,59.00,19.305
19192,16233,63.50,20.778
19200,32893,59.00,19.305
19202,16233,63.50,20.778
19210,32893,59.00,19.305
19211,16233,63.50,20.778
19220,32893,59.00,19.305
19222,16233,63.50,20.778
19230,32893,59.00,19.305
19232,16233,63.50,20.778
19240,32893,59.00,19.305
19242,16233,63.50,20.778
19250,32893,59.00,19.305
19252,16233,63.50,20.778
19260,32893,59.00,19.305
19262,16233,63.50,20.778
19270,32893,59.00,19.305
19272,16233,63.50,20.778
19280,32893,59.00,19.305
19282,16233,63.50,20.778
19290,32893,59.00,19.305
19292,16233,63.50,20.778
19300,32893,59.00,19.305
19302,16233,63.50,20.778
19310,32893,59.00,19.305
19312,16233,63.50,20.778
19320,32893,59.00,19.305
19322,16233,63.50,20.778
19330,32893,63.50,20.778
19331,16233,63.50,20.778
19340,32893,63.50,20.778
19342,16233,63.50,20.778
19350,32893,63.50,20.778
19352,16233,63.50,20.778
19360,32893,63.50,20.778
19361,16233,63.50,20.778
19370,32893,63.50,20.778
19372,16233,63.50,20.778
19380,32893,63.50,20.778
19382,16233,63.50,20.778
19390,32893,63.50,20.778
19392,16233,63.50,20.778
19400,32893,63.50,20.778
19402,16233,63.50,20.778
19409,32893,63.50,20.778
19411,16233,63.50,20.778
19420,32893,63.50,20.778
19422,16233,63.50,20.778
19430,32893,63.50,20.778
19432,16233,63.50,20.778
19440,32893,63.50,20.778
19441,16233,63.50,20.778
19450,32893,63.50,20.778
19451,16233,63.50,20.778
19460,32893,63.50,20.778
19462,16233,63.50,20.778
19470,32893,63.50,20.778
19472,16233,63.50,20.778
19479,32893,63.50,20.778
19482,16233,63.50,20.778
19490,32893,63.50,20.778
19492,16233,63.50,20.778
19500,32893,63.50,20.778
19502,16233,63.50,20.778
19510,32893,63.50,20.778
19512,16233,63.50,20.778
19520,32893,63.50,20.778
19522,16233,63.50,20.778
19530,32893,63.50,20.778
19532,16233,63.50,20.778
19540,32893,63.50,20.778
19542,16233,63.50,20.778
19550,32893,63.50,20.778
19552,16233,63.50,20.778
19560,32893,63.50,20.778
19562,16233,63.50,20.778
19570,32893,63.50,20.778
19572,16233,63.50,20.778
19580,32893,63.50,20.778
19582,16233,63.50,20.778
19590,32893,63.50,20.778
19591,16233,63.50,20.778
19600,32893,63.50,20.778
19602,16233,63.50,20.778
19610,32893,63.50,20.778
19612,16233,63.50,20.778
19619,32893,63.50,20.778
19621,16233,63.50,20.778
19630,32893,63.50,20.778
19632,16233,63.50,20.778
19639,32893,63.50,20.778
19642,16233,63.50,20.778
19650,32893,63.50,20.778
19652,16233,63.50,20.778
19660,32893,63.50,20.778
19662,16233,63.50,20.778
19670,32893,63.50,20.778
19672,16233,63.50,20.778
19680,32893,63.50,20.778
19682,16233,63.50,20.778
19690,32893,63.50,20.778
19692,16233,63.50,20.778
19700,32893,63.50,20.778
19702,16233,63.50,20.778
19710,32893,63.50,20.778
19712,16233,63.50,20.778
19720,32893,63.50,20.778
19722,16233,63.50,20.778
19730,32893,63.50,20.778
19732,16233,63.50,20.778
19740,32893,63.50,20.778
19742,16233,63.50,20.778
19750,32893,63.50,20.778
19752,16233,63.50,20.778
19762,32893,63.50,20.778
19763,16233,63.50,20.778
19770,32893,63.50,20.778
19771,16233,63.50,20.778
19780,32893,63.50,20.778
19783,16233,63.50,20.778
19790,32893,63.50,20.778
19792,16233,63.50,20.778
19800,32893,63.50,20.778
19802,16233,63.50,20.778
19810,32893,63.50,20.778
19812,16233,63.50,20.778
19820,32893,63.50,20.778
19822,16233,63.50,20.778
19829,32893,63.50,20.778
19832,16233,63.50,20.778
19840,32893,63.50,20.778
19842,16233,63.50,20.778
19850,32893,63.50,20.778
19852,16233,63.50,20.778
19860,32893,63.50,20.778
19862,16233,63.50,20.778
19870,32893,63.50,20.778
19872,16233,63.50,20.778
19880,32893,63.50,20.778
19882,16233,63.50,20.778
19890,32893,63.50,20.778
19891,16233,63.50,20.778
19900,32893,63.50,20.778
19902,16233,63.50,20.778
19910,32893,63.50,20.778
19911,16233,63.50,20.778
19920,32893,63.50,20.778
19923,16233,63.50,20.778
19931,32893,63.50,20.778
19932,16233,63.50,20.778
19940,32893,63.50,20.778
19942,16233,63.50,20.778
19950,32893,63.50,20.778
19952,16233,63.50,20.778
19960,32893,63.50,20.778
19962,16233,63.50,20.778
19970,32893,63.50,20.778
19972,16233,63.50,20.778
19980,32893,63.50,20.778
19982,16233,63.50,20.778
19990,32893,63.50,20.778
19991,16233,63.50,20.778
20000,32893,63.50,20.778
20002,16233,63.50,20.778
20010,32893,63.50,20.778
20012,16233,63.50,20.778
20020,32893,63.50,20.778
20022,16233,63.50,20.778
20030,32893,63.50,20.778
20032,16233,63.50,20.778
20040,32893,63.50,20.778
20042,16233,63.50,20.778
20050,32893,63.50,20.778
20052,16233,63.50,20.778
20060,32893,63.50,20.778
20062,16233,63.50,20.778
20070,32893,63.50,20.778
20072,16233,63.50,20.778
20080,32893,63.50,20.778
20082,16233,63.50,20.778
20089,32893,63.50,20.778
20092,16233,63.50,20.778
20100,32893,63.50,20.778
20102,16233,63.50,20.778
20110,32893,63.50,20.778
20111,16233,63.50,20.778
20120,32893,63.50,20.778
20122,16233,63.50,20.778
20130,32893,63.50,20.778
20132,16233,63.50,20.778
20140,32893,63.50,20.778
20142,16233,63.50,20.778
20149,32893,63.50,20.778
20151,16233,63.50,20.778
20160,32893,63.50,20.778
20161,16233,63.50,20.778
20169,32893,63.50,20.778
20171,16233,63.50,20.778
20179,32893,63.50,20.778
20182,16233,63.50,20.778
20190,32893,63.50,20.778
20191,16233,63.50,20.778
20199,32893,63.50,20.778
20202,16233,63.50,20.778
20210,32893,63.50,20.778
20211,16233,63.50,20.778
20220,32893,63.50,20.778
20222,16233,63.50,20.778
20230,32893,63.50,20.778
20231,16233,63.50,20.778
20240,32893,63.50,20.778
20242,16233,63.50,20.778
20250,32893,63.50,20.778
20252,16233,63.50,20.778
20260,32893,63.50,20.778
20261,16233,63.50,20.778
20270,32893,63.50,20.778
20272,16233,63.50,20.778
20279,32893,63.50,20.778
20281,16233,63.50,20.778
20290,32893,63.50,20.778
20292,16233,63.50,20.778
20299,32893,63.50,20.778
20302,16233,63.50,20.778
20310,32893,63.50,20.778
20311,16233,63.50,20.778
20319,32893,63.50,20.778
20322,16233,63.50,20.778
20329,32893,63.50,20.778
20331,16233,63.50,20.778
20340,32893,63.50,20.778
20341,16233,63.50,20.778
20350,32893,63.50,20.778
20351,16233,63.50,20.778
20360,32893,63.50,20.778
20362,16233,63.50,20.778
20370,32893,63.50,20.778
20372,16233,63.50,20.778
20380,32893,63.50,20.778
20382,16233,63.50,20.778
20390,32893,63.50,20.778
20392,16233,63.50,20.778
20400,32893,63.50,20.778
20401,16233,63.50,20.778
20410,32893,63.50,20.778
20412,16233,63.50,20.778
20420,32893,63.50,20.778
20422,16233,63.50,20.778
20430,32893,63.50,20.778
20432,16233,63.50,20.778
20440,32893,63.50,20.778
20442,16233,63.50,20.778
20450,32893,63.50,20.778
20451,16233,63.50,20.778
20459,32893,63.50,20.778
20461,16233,63.50,20.778
20469,32893,63.50,20.778
20471,16233,63.50,20.778
20479,32893,63.50,20.778
20482,16233,63.50,20.778
20490,32893,63.50,20.778
20491,16233,63.50,20.778
20500,32893,63.50,20.778
20502,16233,63.50,20.778
20510,32893,63.50,20.778
20511,16233,63.50,20.778
20519,32893,63.50,20.778
20521,16233,63.50,20.778
20529,32893,63.50,20.778
20532,16233,63.50,20.778
20540,32893,63.50,20.778
20542,16233,63.50,20.778
20550,32893,63.50,20.778
20551,16233,63.50,20.778
20559,32893,63.50,20.778
20562,16233,63.50,20.778
20570,32893,63.50,20.778
20572,16233,63.50,20.778
20580,32893,63.50,20.778
20582,16233,63.50,20.778
20590,32893,63.50,20.778
20592,16233,63.50,20.778
20600,32893,63.50,20.778
20602,16233,63.50,20.778
20610,32893,63.50,20.778
20612,16233,63.50,20.778
20620,32893,63.50,20.778
20622,16233,63.50,20.778
20630,32893,63.50,20.778
20632,16233,63.50,20.778
20640,32893,63.50,20.778
20642,16233,63.50,20.778
20650,32893,63.50,20.778
20652,16233,63.50,20.778
20660,32893,63.50,20.778
20663,16233,63.50,20.778
20670,32893,63.50,20.778
20672,16233,63.50,20.778
20680,32893,63.50,20.778
20682,16233,63.50,20.778
20690,32893,63.50,20.778
20692,16233,63.50,20.778
20700,32893,63.50,20.778
20702,16233,63.50,20.778
20710,32893,63.50,20.778
20712,16233,63.50,20.778
20720,32893,63.50,20.778
20722,16233,63.50,20.778
20729,32893,63.50,20.778
20731,16233,63.50,20.778
20740,32893,63.50,20.778
20742,16233,63.50,20.778
20750,32893,63.50,20.778
20752,16233,63.50,20.778
20760,32893,63.50,20.778
20761,16233,63.50,20.778
20770,32893,63.50,20.778
20772,16233,63.50,20.778
20780,32893,63.50,20.778
20782,16233,63.50,20.778
20790,32893,63.50,20.778
20792,16233,63.50,20.778
20800,32893,63.50,20.778
20802,16233,63.50,20.778
20810,32893,63.50,20.778
20812,16233,63.50,20.778
20820,32893,63.50,20.778
20821,16233,63.50,20.778
20830,32893,63.50,20.778
20832,16233,63.50,20.778
20840,32893,63.50,20.778
20842,16233,63.50,20.778
20850,32893,63.50,20.778
20852,16233,63.50,20.778
20860,32893,63.50,20.778
20862,16233,63.50,20.778
20870,32893,63.50,20.778
20871,16233,63.50,20.778
20880,32893,63.50,20.778
20882,16233,63.50,20.778
20890,32893,63.50,20.778
20892,16233,63.50,20.778
20900,32893,63.50,20.778
20902,16233,63.50,20.778
20910,32893,63.50,20.778
20912,16233,63.50,20.778
20920,32893,63.50,20.778
20922,16233,63.50,20.778
20930,32893,63.50,20.778
20932,16233,63.50,20.778
20940,32893,63.50,20.778
20942,16233,63.50,20.778
20949,32893,63.50,20.778
20952,16233,63.50,20.778
20960,32893,63.50,20.778
20962,16233,63.50,20.778
20970,32893,63.50,20.778
20971,16233,63.50,20.778
20980,32893,63.50,20.778
20982,16233,63.50,20.778
20989,32893,63.50,20.778
20991,16233,63.50,20.778
21000,32893,63.50,20.778
21002,16233,63.50,20.778
21010,32893,63.50,20.778
21012,16233,63.50,20.778
21020,32893,63.50,20.778
21021,16233,63.50,20.778
21029,32893,63.50,20.778
21031,16233,63.50,20.778
21040,32893,63.50,20.778
21042,16233,63.50,20.778
21050,32893,63.50,20.778
21051,16233,63.50,20.778
21060,32893,63.50,20.778
21061,16233,63.50,20.778
21070,32893,63.50,20.778
21072,16233,63.50,20.778
21080,32893,63.50,20.778
21082,16233,63.50,20.778
21089,32893,63.50,20.778
21092,16233,63.50,20.778
21100,32893,63.50,20.778
21102,16233,63.50,20.778
21110,32893,63.50,20.778
21112,16233,63.50,20.778
21120,32893,63.50,20.778
21121,16233,63.50,20.778
21129,32893,63.50,20.778
21131,16233,63.50,20.778
21140,32893,63.50,20.778
21142,16233,63.50,20.778
21149,32893,63.50,20.778
21151,16233,63.50,20.778
21159,32893,63.50,20.778
21162,16233,63.50,20.778
21170,32893,63.50,20.778
21172,16233,63.50,20.778
21180,32893,63.50,20.778
21182,16233,63.50,20.778
21190,32893,63.50,20.778
21192,16233,63.50,20.778
21200,32893,63.50,20.778
21202,16233,63.50,20.778
21210,32893,63.50,20.778
21212,16233,63.50,20.778
21220,32893,63.50,20.778
21222,16233,63.50,20.778
21229,32893,63.50,20.778
21232,16233,63.50,20.778
21240,32893,63.50,20.778
21241,16233,63.50,20.778
21250,32893,63.50,20.778
21252,16233,63.50,20.778
21259,32893,63.50,20.778
21262,16233,63.50,20.778
21270,32893,63.50,20.778
21272,16233,63.50,20.778
21280,32893,63.50,20.778
21282,16233,63.50,20.778
21289,32893,63.50,20.778
21292,16233,63.50,20.778
21299,32893,63.50,20.778
21301,16233,63.50,20.778
21310,32893,63.50,20.778
21312,16233,63.50,20.778
21320,32893,63.50,20.778
21322,16233,63.50,20.778
21330,32893,63.50,20.778
21332,16233,63.50,20.778
21340,32893,63.50,20.778
21342,16233,63.50,20.778
21349,32893,63.50,20.778
21352,16233,63.50,20.778
21360,32893,63.50,20.778
21362,16233,63.50,20.778
21370,32893,63.50,20.778
21372,16233,63.50,20.778
21380,32893,63.50,20.778
21382,16233,63.50,20.778
21390,32893,63.50,20.778
21392,16233,63.50,20.778
21400,32893,63.50,20.778
21401,16233,63.50,20.778
21410,32893,63.50,20.778
21411,16233,63.50,20.778
21420,32893,63.50,20.778
21422,16233,63.50,20.778
21430,32893,63.50,20.778
21432,16233,63.50,20.778
21440,32893,63.50,20.778
21442,16233,63.50,20.778
21450,32893,63.50,20.778
21451,16233,63.50,20.778
21460,32893,63.50,20.778
21462,16233,63.50,20.778
21470,32893,63.50,20.778
21472,16233,63.50,20.778
21480,32893,63.50,20.778
21482,16233,63.50,20.778
21490,32893,63.50,20.778
21492,16233,63.50,20.778
21500,32893,63.50,20.778
21501,16233,63.50,20.778
21509,32893,63.50,20.778
21511,16233,63.50,20.778
21519,32893,63.50,20.778
21522,16233,63.50,20.778
21529,32893,63.50,20.778
21532,16233,63.50,20.778
21540,32893,63.50,20.778
21542,16233,63.50,20.778
21550,32893,63.50,20.778
21552,16233,63.50,20.778
21560,32893,63.50,20.778
21563,16233,63.50,20.778
21569,32893,63.50,20.778
21572,16233,63.50,20.778
21580,32893,63.50,20.778
21582,16233,63.50,20.778
21590,32893,63.50,20.778
21591,16233,63.50,20.778
21600,32893,63.50,20.778
21602,16233,63.50,20.778
21610,32893,63.50,20.778
21612,16233,63.50,20.778
21620,32893,63.50,20.778
21622,16233,63.50,20.778
21630,32893,63.50,20.778
21632,16233,63.50,20.778
21640,32893,63.50,20.778
21642,16233,63.50,20.778
21650,32893,63.50,20.778
21652,16233,63.50,20.778
21659,32893,63.50,20.778
21662,16233,63.50,20.778
21670,32893,63.50,20.778
21672,16233,63.50,20.778
21680,32893,63.50,20.778
21682,16233,63.50,20.778
21690,32893,63.50,20.778
21692,16233,63.50,20.778
21700,32893,63.50,20.778
21702,16233,63.50,20.778
21710,32893,63.50,20.778
21712,16233,63.50,20.778
21720,32893,63.50,20.778
21722,16233,63.50,20.778
21730,32893,63.50,20.778
21732,16233,63.50,20.778
21740,32893,63.50,20.778
21742,16233,63.50,20.778
21750,32893,63.50,20.778
21752,16233,63.50,20.778
21759,32893,63.50,20.778
21762,16233,63.50,20.778
21770,32893,63.50,20.778
21772,16233,63.50,20.778
21780,32893,63.50,20.778
21782,16233,63.50,20.778
21790,32893,63.50,20.778
21792,16233,63.50,20.778
21799,32893,63.50,20.778
21801,16233,63.50,20.778
21810,32893,63.50,20.778
21812,16233,63.50,20.778
21820,32893,63.50,20.778
21822,16233,63.50,20.778
21829,32893,63.50,20.778
21832,16233,63.50,20.778
21840,32893,63.50,20.778
21842,16233,63.50,20.778
21850,32893,63.50,20.778
21852,16233,63.50,20.778
21859,32893,63.50,20.778
21862,16233,63.50,20.778
21870,32893,63.50,20.778
21872,16233,63.50,20.778
21880,32893,63.50,20.778
21882,16233,63.50,20.778
21889,32893,63.50,20.778
21892,16233,63.50,20.778
21899,32893,63.50,20.778
21902,16233,63.50,20.778
21910,32893,63.50,20.778
21912,16233,63.50,20.778
21920,32893,63.50,20.778
21921,16233,63.50,20.778
21930,32893,63.50,20.778
21932,16233,63.50,20.778
21940,32893,63.50,20.778
21942,16233,63.50,20.778
21950,32893,63.50,20.778
21952,16233,63.50,20.778
21960,32893,63.50,20.778
21962,16233,63.50,20.778
21970,32893,63.50,20.778
21972,16233,63.50,20.778
21980,32893,63.50,20.778
21982,16233,63.50,20.778
21991,32893,63.50,20.778
21992,16233,63.50,20.778
22000,32893,63.50,20.778
22002,16233,63.50,20.778
22010,32893,63.50,20.778
22013,16233,63.50,20.778
22020,32893,63.50,20.778
22022,16233,63.50,20.778
22030,32893,63.50,20.778
22032,16233,63.50,20.778
22040,32893,63.50,20.778
22042,16233,63.50,20.778
22050,32893,63.50,20.778
22052,16233,63.50,20.778
22060,32893,63.50,20.778
22062,16233,63.50,20.778
22070,32893,63.50,20.778
22072,16233,63.50,20.778
22080,32893,63.50,20.778
22082,16233,63.50,20.778
22089,32893,63.50,20.778
22092,16233,63.50,20.778
22100,32893,63.50,20.778
22102,16233,63.50,20.778
22110,32893,63.50,20.778
22112,16233,63.50,20.778
22120,32893,63.50,20.778
22122,16233,63.50,20.778
22130,32893,63.50,20.778
22132,16233,63.50,20.778
22140,32893,63.50,20.778
22142,16233,63.50,20.778
22150,32893,63.50,20.778
22152,16233,63.50,20.778
22160,32893,63.50,20.778
22162,16233,63.50,20.778
22170,32893,63.50,20.778
22172,16233,63.50,20.778
22180,32893,63.50,20.778
22182,16233,63.50,20.778
22190,32893,63.50,20.778
22192,16233,63.50,20.778
22200,32893,63.50,20.778
22202,16233,63.50,20.778
22210,32893,63.50,20.778
22211,16233,63.50,20.778
22219,32893,63.50,20.778
22222,16233,63.50,20.778
22230,32893,63.50,20.778
22231,16233,63.50,20.778
22239,32893,63.50,20.778
22242,16233,63.50,20.778
22250,32893,63.50,20.778
22251,16233,63.50,20.778
22260,32893,63.50,20.778
22262,16233,63.50,20.778
22270,32893,63.50,20.778
22271,16233,63.50,20.778
22280,32893,63.50,20.778
22282,16233,63.50,20.778
22290,32893,63.50,20.778
22292,16233,63.50,20.778
22300,32893,63.50,20.778
22301,16233,63.50,20.778
22310,32893,63.50,20.778
22312,16233,63.50,20.778
22320,32893,63.50,20.778
22322,16233,63.50,20.778
22330,32893,63.50,20.778
22331,16233,63.50,20.778
22339,32893,63.50,20.778
22341,16233,63.50,20.778
22349,32893,63.50,20.778
22351,16233,63.50,20.778
22360,32893,63.50,20.778
22362,16233,63.50,20.778
22370,32893,63.50,20.778
22371,16233,63.50,20.778
22380,32893,63.50,20.778
22381,16233,63.50,20.778
22390,32893,63.50,20.778
22391,16233,63.50,20.778
22400,32893,63.50,20.778
22402,16233,63.50,20.778
22410,32893,63.50,20.778
22412,16233,63.50,20.778
22420,32893,63.50,20.778
22422,16233,63.50,20.778
22430,32893,63.50,20.778
22432,16233,63.50,20.778
22441,32893,63.50,20.778
22442,16233,63.50,20.778
22450,32893,63.50,20.778
22452,16233,63.50,20.778
22460,32893,63.50,20.778
22462,16233,63.50,20.778
22470,32893,63.50,20.778
22472,16233,63.50,20.778
22480,32893,63.50,20.778
22482,16233,63.50,20.778
22490,32893,63.50,20.778
22492,16233,63.50,20.778
22500,32893,63.50,20.778
22502,16233,63.50,20.778
22510,32893,63.50,20.778
22512,16233,63.50,20.778
22520,32893,63.50,20.778
22521,16233,63.50,20.778
22529,32893,63.50,20.778
22531,16233,63.50,20.778
22540,32893,63.50,20.778
22542,16233,63.50,20.778
22549,32893,63.50,20.778
22551,16233,63.50,20.778
22560,32893,63.50,20.778
22562,16233,63.50,20.778
22569,32893,63.50,20.778
22571,16233,63.50,20.778
22579,32893,63.50,20.778
22582,16233,63.50,20.778
22589,32893,63.50,20.778
22592,16233,63.50,20.778
22600,32893,63.50,20.778
22602,16233,63.50,20.778
22610,32893,63.50,20.778
22611,16233,63.50,20.778
22619,32893,63.50,20.778
22621,16233,63.50,20.778
22629,32893,63.50,20.778
22632,16233,63.50,20.778
22639,32893,63.50,20.778
22642,16233,63.50,20.778
22649,32893,63.50,20.778
22652,16233,63.50,20.778
22659,32893,63.50,20.778
22662,16233,63.50,20.778
22670,32893,63.50,20.778
22672,16233,63.50,20.778
22680,32893,63.50,20.778
22682,16233,63.50,20.778
22690,32893,63.50,20.778
22692,16233,63.50,20.778
22699,32893,63.50,20.778
22702,16233,63.50,20.778
22710,32893,63.50,20.778
22712,16233,63.50,20.778
22719,32893,63.50,20.778
22722,16233,63.50,20.778
22730,32893,63.50,20.778
22732,16233,63.50,20.778
22739,32893,63.50,20.778
22741,16233,63.50,20.778
22750,32893,63.50,20.778
22752,16233,63.50,20.778
22760,32893,63.50,20.778
22762,16233,63.50,20.778
22770,32893,63.50,20.778
22773,16233,63.50,20.778
22780,32893,63.50,20.778
22782,16233,63.50,20.778
22789,32893,63.50,20.778
22792,16233,63.50,20.778
22800,32893,63.50,20.778
22802,16233,63.50,20.778
22810,32893,63.50,20.778
22811,16233,63.50,20.778
22820,32893,63.50,20.778
22822,16233,63.50,20.778
22830,32893,63.50,20.778
22832,16233,63.50,20.778
22839,32893,63.50,20.778
22842,16233,63.50,20.778
22850,32893,63.50,20.778
22852,16233,63.50,20.778
22860,32893,63.50,20.778
22862,16233,63.50,20.778
22870,32893,63.50,20.778
22872,16233,63.50,20.778
22879,32893,63.50,20.778
22881,16233,63.50,20.778
22890,32893,63.50,20.778
22892,16233,63.50,20.778
22900,32893,63.50,20.778
22902,16233,63.50,20.778
22910,32893,63.50,20.778
22912,16233,63.50,20.778
22920,32893,63.50,20.778
22922,16233,63.50,20.778
22930,32893,63.50,20.778
22932,16233,63.50,20.778
22940,32893,63.50,20.778
22942,16233,63.50,20.778
22950,32893,63.50,20.778
22952,16233,63.50,20.778
22960,32893,63.50,20.778
22962,16233,63.50,20.778
22969,32893,63.50,20.778
22972,16233,63.50,20.778
22980,32893,63.50,20.778
22982,16233,63.50,20.778
22990,32893,63.50,20.778
22992,16233,63.50,20.778
23000,32893,63.50,20.778
23002,16233,63.50,20.778
23010,32893,63.50,20.778
23012,16233,63.50,20.778
23020,32893,63.50,20.778
23022,16233,63.50,20.778
23030,32893,63.50,20.778
23032,16233,63.50,20.778
23040,32893,63.50,20.778
23041,16233,63.50,20.778
23050,32893,63.50,20.778
23052,16233,63.50,20.778
23060,32893,63.50,20.778
23062,16233,63.50,20.778
23070,32893,63.50,20.778
23072,16233,63.50,20.778
23080,32893,63.50,20.778
23082,16233,63.50,20.778
23090,32893,63.50,20.778
23092,16233,63.50,20.778
23100,32893,63.50,20.778
23102,16233,63.50,20.778
23110,32893,63.50,20.778
23112,16233,63.50,20.778
23120,32893,63.50,20.778
23122,16233,63.50,20.778
23130,32893,63.50,20.778
23132,16233,63.50,20.778
23140,32893,63.50,20.778
23142,16233,63.50,20.778
23150,32893,63.50,20.778
23152,16233,63.50,20.778
23160,32893,63.50,20.778
23162,16233,63.50,20.778
23170,32893,63.50,20.778
23172,16233,63.50,20.778
23180,32893,63.50,20.778
23182,16233,63.50,20.778
23190,32893,63.50,20.778
23192,16233,63.50,20.778
23200,32893,63.50,20.778
23202,16233,63.50,20.778
23210,32893,63.50,20.778
23212,16233,63.50,20.778
23220,32893,63.50,20.778
23222,16233,63.50,20.778
23230,32893,63.50,20.778
23232,16233,63.50,20.778
23240,32893,63.50,20.778
23242,16233,63.50,20.778
23250,32893,63.50,20.778
23252,16233,63.50,20.778
23260,32893,63.50,20.778
23262,16233,63.50,20.778
23270,32893,63.50,20.778
23272,16233,63.50,20.778
23280,32893,63.50,20.778
23282,16233,63.50,20.778
23290,32893,63.50,20.778
23292,16233,63.50,20.778
23300,32893,63.50,20.778
23302,16233,63.50,20.778
23310,32893,63.50,20.778
23311,16233,63.50,20.778
23320,32893,63.50,20.778
23322,16233,63.50,20.778
23330,32893,63.50,20.778
23332,16233,63.50,20.778
23340,32893,63.50,20.778
23342,16233,63.50,20.778
23350,32893,63.50,20.778
23352,16233,63.50,20.778
23360,32893,63.50,20.778
23362,16233,63.50,20.778
23370,32893,63.50,20.778
23372,16233,63.50,20.778
23379,32893,63.50,20.778
23382,16233,63.50,20.778
23390,32893,63.50,20.778
23391,16233,63.50,20.778
23400,32893,63.50,20.778
23402,16233,63.50,20.778
23409,32893,63.50,20.778
23412,16233,63.50,20.778
23420,32893,63.50,20.778
23422,16233,63.50,20.778
23430,32893,63.50,20.778
23432,16233,63.50,20.778
23440,32893,63.50,20.778
23442,16233,63.50,20.778
23450,32893,63.50,20.778
23452,16233,63.50,20.778
23460,32893,63.50,20.778
23462,16233,63.50,20.778
23470,32893,63.50,20.778
23472,16233,63.50,20.778
23480,32893,63.50,20.778
23482,16233,63.50,20.778
23489,32893,63.50,20.778
23492,16233,63.50,20.778
23500,32893,63.50,20.778
23502,16233,63.50,20.778
23510,32893,63.50,20.778
23512,16233,63.50,20.778
23520,32893,63.50,20.778
23522,16233,63.50,20.778
23530,32893,63.50,20.778
23532,16233,63.50,20.778
23540,32893,63.50,20.778
23542,16233,63.50,20.778
23550,32893,63.50,20.778
23552,16233,63.50,20.778
23560,32893,63.50,20.778
23562,16233,63.50,20.778
23570,32893,63.50,20.778
23572,16233,63.50,20.778
23580,32893,63.50,20.778
23582,16233,63.50,20.778
23590,32893,63.50,20.778
23592,16233,63.50,20.778
23600,32893,63.50,20.778
23602,16233,63.50,20.778
23610,32893,63.50,20.778
23612,16233,63.50,20.778
23620,32893,63.50,20.778
23622,16233,63.50,20.778
23630,32893,63.50,20.778
23632,16233,63.50,20.778
23640,32893,63.50,20.778
23642,16233,63.50,20.778
23650,32893,63.50,20.778
23652,16233,63.50,20.778
23660,32893,63.50,20.778
23661,16233,63.50,20.778
23669,32893,63.50,20.778
23671,16233,63.50,20.778
23680,32893,63.50,20.778
23682,16233,63.50,20.778
23690,32893,63.50,20.778
23692,16233,63.50,20.778
23700,32893,63.50,20.778
23702,16233,63.50,20.778
23710,32893,63.50,20.778
23712,16233,63.50,20.778
23720,32893,63.50,20.778
23722,16233,63.50,20.778
23730,32893,63.50,20.778
23731,16233,63.50,20.778
23740,32893,63.50,20.778
23742,16233,63.50,20.778
23750,32893,63.50,20.778
23752,16233,63.50,20.778
23760,32893,63.50,20.778
23762,16233,63.50,20.778
23770,32893,63.50,20.778
23772,16233,63.50,20.778
23780,32893,63.50,20.778
23781,16233,63.50,20.778
23790,32893,63.50,20.778
23792,16233,63.50,20.778
23800,32893,63.50,20.778
23802,16233,63.50,20.778
23810,32893,63.50,20.778
23812,16233,63.50,20.778
23820,32893,63.50,20.778
23822,16233,63.50,20.778
23830,32893,63.50,20.778
23832,16233,63.50,20.778
23840,32893,63.50,20.778
23842,16233,63.50,20.778
23850,32893,63.50,20.778
23852,16233,63.50,20.778
23860,32893,63.50,20.778
23862,16233,63.50,20.778
23870,32893,63.50,20.778
23872,16233,63.50,20.778
23880,32893,63.50,20.778
23882,16233,63.50,20.778
23890,32893,63.50,20.778
23892,16233,63.50,20.778
23900,32893,63.50,20.778
23901,16233,63.50,20.778
23909,32893,63.50,20.778
23911,16233,63.50,20.778
23920,32893,63.50,20.778
23922,16233,63.50,20.778
23930,32893,63.50,20.778
23932,16233,63.50,20.778
23940,32893,63.50,20.778
23942,16233,63.50,20.778
23949,32893,63.50,20.778
23952,16233,63.50,20.778
23960,32893,63.50,20.778
23962,16233,63.50,20.778
23970,32893,63.50,20.778
23971,16233,63.50,20.778
23980,32893,63.50,20.778
23982,16233,63.50,20.778
23990,32893,63.50,20.778
23992,16233,63.50,20.778
24000,32893,63.50,20.778
24002,16233,63.50,20.778
24009,32893,63.50,20.778
24011,16233,63.50,20.778
24020,32893,63.50,20.778
24022,16233,63.50,20.778
24029,32893,63.50,20.778
24031,16233,63.50,20.778
24040,32893,63.50,20.778
24042,16233,63.50,20.778
24050,32893,63.50,20.778
24052,16233,63.50,20.778
24059,32893,63.50,20.778
24062,16233,63.50,20.778
24069,32893,63.50,20.778
24071,16233,63.50,20.778
24080,32893,63.50,20.778
24082,16233,63.50,20.778
24090,32893,63.50,20.778
24091,16233,63.50,20.778
24100,32893,63.50,20.778
24102,16233,63.50,20.778
24110,32893,63.50,20.778
24113,16233,63.50,20.778
24120,32893,63.50,20.778
24122,16233,63.50,20.778
24130,32893,63.50,20.778
24132,16233,63.50,20.778
24140,32893,63.50,20.778
24142,16233,63.50,20.778
24150,32893,63.50,20.778
24152,16233,63.50,20.778
24160,32893,63.50,20.778
24162,16233,63.50,20.778
24170,32893,63.50,20.778
24172,16233,63.50,20.778
24179,32893,63.50,20.778
24182,16233,63.50,20.778
24189,32893,63.50,20.778
24192,16233,63.50,20.778
24199,32893,63.50,20.778
24202,16233,63.50,20.778
24210,32893,63.50,20.778
24212,16233,63.50,20.778
24220,32893,63.50,20.778
24222,16233,63.50,20.778
24230,32893,63.50,20.778
24232,16233,63.50,20.778
24240,32893,63.50,20.778
24242,16233,63.50,20.778
24250,32893,63.50,20.778
24252,16233,63.50,20.778
24259,32893,63.50,20.778
24262,16233,63.50,20.778
24270,32893,63.50,20.778
24272,16233,63.50,20.778
24279,32893,63.50,20.778
24282,16233,63.50,20.778
24290,32893,63.50,20.778
24292,16233,63.50,20.778
24299,32893,63.50,20.778
24301,16233,63.50,20.778
24309,32893,63.50,20.778
24311,16233,63.50,20.778
24319,32893,63.50,20.778
24322,16233,63.50,20.778
24330,32893,63.50,20.778
24332,16233,63.50,20.778
24339,32893,63.50,20.778
24341,16233,63.50,20.778
24350,32893,63.50,20.778
24352,16233,63.50,20.778
24359,32893,63.50,20.778
24362,16233,63.50,20.778
24369,32893,63.50,20.778
24372,16233,63.50,20.778
24380,32893,63.50,20.778
24382,16233,63.50,20.778
24390,32893,63.50,20.778
24392,16233,63.50,20.778
24399,32893,63.50,20.778
24402,16233,63.50,20.778
24410,32893,63.50,20.778
24412,16233,63.50,20.778
24420,32893,63.50,20.778
24421,16233,63.50,20.778
24429,32893,63.50,20.778
24431,16233,63.50,20.778
24440,32893,63.50,20.778
24442,16233,63.50,20.778
24449,32893,63.50,20.778
24452,16233,63.50,20.778
24459,32893,63.50,20.778
24461,16233,63.50,20.778
24470,32893,63.50,20.778
24471,16233,63.50,20.778
24480,32893,63.50,20.778
24481,16233,63.50,20.778
24490,32893,63.50,20.778
24492,16233,63.50,20.778
24500,32893,63.50,20.778
24502,16233,63.50,20.778
24509,32893,63.50,20.778
24511,16233,63.50,20.778
24520,32893,63.50,20.778
24521,16233,63.50,20.778
24530,32893,63.50,20.778
24532,16233,63.50,20.778
24539,32893,63.50,20.778
24541,16233,63.50,20.778
24549,32893,63.50,20.778
24552,16233,63.50,20.778
24560,32893,63.50,20.778
24561,16233,63.50,20.778
24569,32893,63.50,20.778
24571,16233,63.50,20.778
24580,32893,63.50,20.778
24581,16233,63.50,20.778
24590,32893,63.50,20.778
24592,16233,63.50,20.778
24600,32893,63.50,20.778
24602,16233,63.50,20.778
24610,32893,63.50,20.778
24612,16233,63.50,20.778
24620,32893,63.50,20.778
24622,16233,63.50,20.778
24629,32893,63.50,20.778
24632,16233,63.50,20.778
24640,32893,63.50,20.778
24642,16233,63.50,20.778
24650,32893,63.50,20.778
24652,16233,63.50,20.778
24660,32893,63.50,20.778
24662,16233,63.50,20.778
24669,32893,63.50,20.778
24672,16233,63.50,20.778
24679,32893,63.50,20.778
24681,16233,63.50,20.778
24690,32893,63.50,20.778
24692,16233,63.50,20.778
24700,32893,63.50,20.778
24702,16233,63.50,20.778
24710,32893,63.50,20.778
24712,16233,63.50,20.778
24719,32893,63.50,20.778
24722,16233,63.50,20.778
24730,32893,63.50,20.778
24732,16233,63.50,20.778
24740,32893,63.50,20.778
24741,16233,63.50,20.778
24750,32893,63.50,20.778
24752,16233,63.50,20.778
24759,32893,63.50,20.778
24762,16233,63.50,20.778
24770,32893,63.50,20.778
24772,16233,63.50,20.778
24779,32893,63.50,20.778
24782,16233,63.50,20.778
24790,32893,63.50,20.778
24792,16233,63.50,20.778
24800,32893,63.50,20.778
24802,16233,63.50,20.778
24810,32893,63.50,20.778
24812,16233,63.50,20.778
24820,32893,63.50,20.778
24822,16233,63.50,20.778
24830,32893,63.50,20.778
24832,16233,63.50,20.778
24840,32893,63.50,20.778
24842,16233,63.50,20.778
24849,32893,63.50,20.778
24852,16233,63.50,20.778
24860,32893,63.50,20.778
24862,16233,63.50,20.778
24870,32893,63.50,20.778
24872,16233,63.50,20.778
24880,32893,63.50,20.778
24882,16233,63.50,20.778
24889,32893,63.50,20.778
24892,16233,63.50,20.778
24899,32893,63.50,20.778
24901,16233,63.50,20.778
24910,32893,63.50,20.778
24911,16233,63.50,20.778
24919,32893,63.50,20.778
24922,16233,63.50,20.778
24930,32893,63.50,20.778
24931,16233,63.50,20.778
24940,32893,63.50,20.778
24942,16233,63.50,20.778
24950,32893,63.50,20.778
24952,16233,63.50,20.778
24960,32893,63.50,20.778
24962,16233,63.50,20.778
24970,32893,63.50,20.778
24972,16233,63.50,20.778
24980,32893,63.50,20.778
24982,16233,63.50,20.778
24990,32893,63.50,20.778
24992,16233,63.50,20.778
25000,32893,63.50,20.778
25002,16233,63.50,20.778
25010,32893,63.50,20.778
25012,16233,63.50,20.778
25020,32893,63.50,20.778
25022,16233,63.50,20.778
25030,32893,63.50,20.778
25032,16233,63.50,20.778
25040,32893,63.50,20.778
25042,16233,63.50,20.778
25050,32893,63.50,20.778
25052,16233,63.50,20.778
25060,32893,63.50,20.778
25062,16233,63.50,20.778
25070,32893,63.50,20.778
25072,16233,63.50,20.778
25080,32893,63.50,20.778
25082,16233,63.50,20.778
25089,32893,63.50,20.778
25092,16233,63.50,20.778
25100,32893,63.50,20.778
25102,16233,63.50,20.778
25110,32893,63.50,20.778
25112,16233,63.50,20.778
25120,32893,63.50,20.778
25122,16233,63.50,20.778
25130,32893,63.50,20.778
25132,16233,63.50,20.778
25140,32893,63.50,20.778
25142,16233,63.50,20.778
25150,32893,63.50,20.778
25152,16233,63.50,20.778
25160,32893,63.50,20.778
25162,16233,63.50,20.778
25170,32893,63.50,20.778
25172,16233,63.50,20.778
25180,32893,63.50,20.778
25182,16233,63.50,20.778
25190,32893,63.50,20.778
25192,16233,63.50,20.778
25200,32893,63.50,20.778
25202,16233,63.50,20.778
25210,32893,63.50,20.778
25212,16233,63.50,20.778
25220,32893,63.50,20.778
25222,16233,63.50,20.778
25230,32893,63.50,20.778
25232,16233,63.50,20.778
25240,32893,63.50,20.778
25242,16233,63.50,20.778
25250,32893,63.50,20.778
25252,16233,63.50,20.778
25260,32893,63.50,20.778
25262,16233,63.50,20.778
25270,32893,63.50,20.778
25272,16233,63.50,20.778
25280,32893,63.50,20.778
25282,16233,63.50,20.778
25290,32893,63.50,20.778
25292,16233,63.50,20.778
25300,32893,63.50,20.778
25302,16233,63.50,20.778
25310,32893,63.50,20.778
25312,16233,63.50,20.778
25320,32893,63.50,20.778
25322,16233,63.50,20.778
25329,32893,63.50,20.778
25332,16233,63.50,20.778
25340,32893,63.50,20.778
25342,16233,63.50,20.778
25350,32893,63.50,20.778
25352,16233,63.50,20.778
25359,32893,63.50,20.778
25362,16233,63.50,20.778
25370,32893,63.50,20.778
25372,16233,63.50,20.778
25380,32893,63.50,20.778
25382,16233,63.50,20.778
25390,32893,63.50,20.778
25392,16233,63.50,20.778
25400,32893,63.50,20.778
25402,16233,63.50,20.778
25409,32893,63.50,20.778
25412,16233,63.50,20.778
25420,32893,63.50,20.778
25422,16233,63.50,20.778
25429,32893,63.50,20.778
25431,16233,63.50,20.778
25440,32893,63.50,20.778
25442,16233,63.50,20.778
25450,32893,63.50,20.778
25452,16233,63.50,20.778
25459,32893,63.50,20.778
25462,16233,63.50,20.778
25470,32893,63.50,20.778
25471,16233,63.50,20.778
25480,32893,63.50,20.778
25482,16233,63.50,20.778
25490,32893,63.50,20.778
25492,16233,63.50,20.778
25500,32893,63.50,20.778
25502,16233,63.50,20.778
25510,32893,63.50,20.778
25511,16233,63.50,20.778
25520,32893,63.50,20.778
25521,16233,63.50,20.778
25529,32893,63.50,20.778
25532,16233,63.50,20.778
25539,32893,63.50,20.778
25542,16233,63.50,20.778
25549,32893,63.50,20.778
25552,16233,63.50,20.778
25560,32893,63.50,20.778
25561,16233,63.50,20.778
25570,32893,63.50,20.778
25571,16233,63.50,20.778
25579,32893,63.50,20.778
25582,16233,63.50,20.778
25590,32893,63.50,20.778
25592,16233,63.50,20.778
25600,32893,63.50,20.778
25602,16233,63.50,20.778
25609,32893,63.50,20.778
25612,16233,63.50,20.778
25620,32893,63.50,20.778
25621,16233,63.50,20.778
25630,32893,63.50,20.778
25631,16233,63.50,20.778
25639,32893,63.50,20.778
25641,16233,63.50,20.778
25650,32893,63.50,20.778
25652,16233,63.50,20.778
25660,32893,63.50,20.778
25662,16233,63.50,20.778
25670,32893,63.50,20.778
25672,16233,63.50,20.778
25680,32893,63.50,20.778
25681,16233,63.50,20.778
25690,32893,63.50,20.778
25691,16233,63.50,20.778
25699,32893,63.50,20.778
25702,16233,63.50,20.778
25710,32893,63.50,20.778
25712,16233,63.50,20.778
25720,32893,63.50,20.778
25722,16233,63.50,20.778
25730,32893,63.50,20.778
25732,16233,63.50,20.778
25739,32893,63.50,20.778
25742,16233,63.50,20.778
25750,32893,63.50,20.778
25752,16233,63.50,20.778
25759,32893,63.50,20.778
25761,16233,63.50,20.778
25769,32893,63.50,20.778
25772,16233,63.50,20.778
25780,32893,63.50,20.778
25782,16233,63.50,20.778
25789,32893,63.50,20.778
25791,16233,63.50,20.778
25799,32893,63.50,20.778
25802,16233,63.50,20.778
25810,32893,63.50,20.778
25812,16233,63.50,20.778
25820,32893,63.50,20.778
25822,16233,63.50,20.778
25829,32893,63.50,20.778
25832,16233,63.50,20.778
25840,32893,63.50,20.778
25842,16233,63.50,20.778
25850,32893,63.50,20.778
25852,16233,63.50,20.778
25860,32893,63.50,20.778
25861,16233,63.50,20.778
25870,32893,63.50,20.778
25872,16233,63.50,20.778
25880,32893,63.50,20.778
25882,16233,63.50,20.778
25890,32893,63.50,20.778
25892,16233,63.50,20.778
25900,32893,63.50,20.778
25902,16233,63.50,20.778
25909,32893,63.50,20.778
25912,16233,63.50,20.778
25920,32893,63.50,20.778
25922,16233,63.50,20.778
25930,32893,63.50,20.778
25932,16233,63.50,20.778
25940,32893,63.50,20.778
25942,16233,63.50,20.778
25950,32893,63.50,20.778
25952,16233,63.50,20.778
25960,32893,63.50,20.778
25962,16233,63.50,20.778
25970,32893,63.50,20.778
25972,16233,63.50,20.778
25980,32893,63.50,20.778
25982,16233,63.50,20.778
25990,32893,63.50,20.778
25992,16233,63.50,20.778
26000,32893,63.50,20.778
26002,16233,63.50,20.778
26010,32893,63.50,20.778
26012,16233,63.50,20.778
26020,32893,63.50,20.778
26022,16233,63.50,20.778
26030,32893,63.50,20.778
26032,16233,63.50,20.778
26040,32893,63.50,20.778
26042,16233,63.50,20.778
26050,32893,63.50,20.778
26052,16233,63.50,20.778
26060,32893,63.50,20.778
26062,16233,63.50,20.778
26070,32893,63.50,20.778
26072,16233,63.50,20.778
26079,32893,63.50,20.778
26082,16233,63.50,20.778
26090,32893,63.50,20.778
26092,16233,63.50,20.778
26100,32893,63.50,20.778
26102,16233,63.50,20.778
26110,32893,63.50,20.778
26112,16233,63.50,20.778
26120,32893,63.50,20.778
26122,16233,63.50,20.778
26130,32893,63.50,20.778
26132,16233,63.50,20.778
26139,32893,63.50,20.778
26142,16233,63.50,20.778
26150,32893,63.50,20.778
26152,16233,63.50,20.778
26160,32893,63.50,20.778
26162,16233,63.50,20.778
26170,32893,63.50,20.778
26172,16233,63.50,20.778
26180,32893,63.50,20.778
26181,16233,63.50,20.778
26189,32893,63.50,20.778
26192,16233,63.50,20.778
26200,32893,63.50,20.778
26202,16233,63.50,20.778
26210,32893,63.50,20.778
26212,16233,63.50,20.778
26220,32893,63.50,20.778
26222,16233,63.50,20.778
26229,32893,63.50,20.778
26232,16233,63.50,20.778
26240,32893,63.50,20.778
26242,16233,63.50,20.778
26250,32893,63.50,20.778
26251,16233,63.50,20.778
26260,32893,63.50,20.778
26262,16233,63.50,20.778
26270,32893,63.50,20.778
26272,16233,63.50,20.778
26279,32893,63.50,20.778
26281,16233,63.50,20.778
26290,32893,63.50,20.778
26292,16233,63.50,20.778
26300,32893,63.50,20.778
26302,16233,63.50,20.778
26309,32893,63.50,20.778
26312,16233,63.50,20.778
26319,32893,63.50,20.778
26322,16233,63.50,20.778
26330,32893,63.50,20.778
26332,16233,63.50,20.778
26340,32893,63.50,20.778
26342,16233,63.50,20.778
26350,32893,63.50,20.778
26352,16233,63.50,20.778
26360,32893,63.50,20.778
26362,16233,63.50,20.778
26370,32893,63.50,20.778
26372,16233,63.50,20.778
26380,32893,63.50,20.778
26382,16233,63.50,20.778
26390,32893,63.50,20.778
26392,16233,63.50,20.778
26400,32893,63.50,20.778
26402,16233,63.50,20.778
26410,32893,63.50,20.778
26412,16233,63.50,20.778
26420,32893,63.50,20.778
26422,16233,63.50,20.778
26430,32893,63.50,20.778
26432,16233,63.50,20.778
26440,32893,63.50,20.778
26442,16233,63.50,20.778
26450,32893,63.50,20.778
26452,16233,63.50,20.778
26460,32893,63.50,20.778
26462,16233,63.50,20.778
26470,32893,63.50,20.778
26472,16233,63.50,20.778
26480,32893,63.50,20.778
26482,16233,63.50,20.778
26490,32893,63.50,20.778
26492,16233,63.50,20.778
26499,32893,63.50,20.778
26502,16233,63.50,20.778
26509,32893,63.50,20.778
26512,16233,63.50,20.778
26520,32893,63.50,20.778
26522,16233,63.50,20.778
26530,32893,63.50,20.778
26532,16233,63.50,20.778
26539,32893,63.50,20.778
26542,16233,63.50,20.778
26550,32893,63.50,20.778
26552,16233,63.50,20.778
26560,32893,63.50,20.778
26562,16233,63.50,20.778
26570,32893,63.50,20.778
26572,16233,63.50,20.778
26580,32893,63.50,20.778
26582,16233,63.50,20.778
26589,32893,63.50,20.778
26592,16233,63.50,20.778
26600,32893,63.50,20.778
26602,16233,63.50,20.778
26610,32893,63.50,20.778
26612,16233,63.50,20.778
26620,32893,63.50,20.778
26623,16233,63.50,20.778
26630,32893,63.50,20.778
26632,16233,63.50,20.778
26640,32893,63.50,20.778
26642,16233,63.50,20.778
26649,32893,63.50,20.778
26651,16233,63.50,20.778
26659,32893,63.50,20.778
26662,16233,63.50,20.778
26669,32893,63.50,20.778
26671,16233,63.50,20.778
26679,32893,63.50,20.778
26682,16233,63.50,20.778
26690,32893,63.50,20.778
26693,16233,63.50,20.778
26700,32893,63.50,20.778
26702,16233,63.50,20.778
26710,32893,63.50,20.778
26712,16233,63.50,20.778
26720,32893,63.50,20.778
26722,16233,63.50,20.778
26730,32893,63.50,20.778
26732,16233,63.50,20.778
26740,32893,63.50,20.778
26742,16233,63.50,20.778
26750,32893,63.50,20.778
26752,16233,63.50,20.778
26760,32893,63.50,20.778
26762,16233,63.50,20.778
26770,32893,63.50,20.778
26772,16233,63.50,20.778
26780,32893,63.50,20.778
26782,16233,63.50,20.778
26790,32893,63.50,20.778
26792,16233,63.50,20.778
26800,32893,63.50,20.778
26802,16233,63.50,20.778
26810,32893,63.50,20.778
26812,16233,63.50,20.778
26820,32893,63.50,20.778
26822,16233,63.50,20.778
26830,32893,63.50,20.778
26832,16233,63.50,20.778
26840,32893,63.50,20.778
26842,16233,63.50,20.778
26850,32893,63.50,20.778
26852,16233,63.50,20.778
26860,32893,63.50,20.778
26862,16233,63.50,20.778
26870,32893,63.50,20.778
26872,16233,63.50,20.778
26880,32893,63.50,20.778
26882,16233,63.50,20.778
26890,32893,63.50,20.778
26892,16233,63.50,20.778
26900,32893,63.50,20.778
26902,16233,63.50,20.778
26910,32893,63.50,20.778
26912,16233,63.50,20.778
26920,32893,63.50,20.778
26922,16233,63.50,20.778
26930,32893,63.50,20.778
26933,16233,63.50,20.778
26940,32893,63.50,20.778
26942,16233,63.50,20.778
26949,32893,63.50,20.778
26952,16233,63.50,20.778
26960,32893,63.50,20.778
26962,16233,63.50,20.778
26970,32893,63.50,20.778
26972,16233,63.50,20.778
26980,32893,63.50,20.778
26982,16233,63.50,20.778
26990,32893,63.50,20.778
26992,16233,63.50,20.778
27000,32893,63.50,20.778
27002,16233,63.50,20.778
27010,32893,63.50,20.778
27012,16233,63.50,20.778
27020,32893,63.50,20.778
27022,16233,63.50,20.778
27030,32893,63.50,20.778
27032,16233,63.50,20.778
27040,32893,63.50,20.778
27042,16233,63.50,20.778
27050,32893,63.50,20.778
27052,16233,63.50,20.778
27060,32893,63.50,20.778
27062,16233,63.50,20.778
27070,32893,63.50,20.778
27072,16233,63.50,20.778
27080,32893,63.50,20.778
27082,16233,63.50,20.778
27090,32893,63.50,20.778
27092,16233,63.50,20.778
27100,32893,63.50,20.778
27102,16233,63.50,20.778
27110,32893,63.50,20.778
27112,16233,63.50,20.778
27120,32893,63.50,20.778
27122,16233,63.50,20.778
27130,32893,63.50,20.778
27132,16233,63.50,20.778
27140,32893,63.50,20.778
27142,16233,63.50,20.778
27149,32893,63.50,20.778
27152,16233,63.50,20.778
27159,32893,63.50,20.778
27162,16233,63.50,20.778
27170,32893,63.50,20.778
27172,16233,63.50,20.778
27180,32893,63.50,20.778
27182,16233,63.50,20.778
27190,32893,63.50,20.778
27192,16233,63.50,20.778
27200,32893,63.50,20.778
27202,16233,63.50,20.778
27210,32893,63.50,20.778
27212,16233,63.50,20.778
27220,32893,63.50,20.778
27222,16233,63.50,20.778
27230,32893,63.50,20.778
27232,16233,63.50,20.778
27240,32893,63.50,20.778
27242,16233,63.50,20.778
27250,32893,63.50,20.778
27252,16233,63.50,20.778
27260,32893,63.50,20.778
27262,16233,63.50,20.778
27270,32893,63.50,20.778
27272,16233,63.50,20.778
27280,32893,63.50,20.778
27282,16233,63.50,20.778
27290,32893,63.50,20.778
27292,16233,63.50,20.778
27300,32893,63.50,20.778
27302,16233,63.50,20.778
27310,32893,63.50,20.778
27312,16233,63.50,20.778
27320,32893,63.50,20.778
27323,16233,63.50,20.778
27330,32893,63.50,20.778
27332,16233,63.50,20.778
27340,32893,63.50,20.778
27342,16233,63.50,20.778
27351,32893,63.50,20.778
27352,16233,63.50,20.778
27360,32893,63.50,20.778
27362,16233,63.50,20.778
27370,32893,63.50,20.778
27372,16233,63.50,20.778
27380,32893,63.50,20.778
27382,16233,63.50,20.778
27390,32893,63.50,20.778
27392,16233,63.50,20.778
27400,32893,63.50,20.778
27402,16233,63.50,20.778
27410,32893,63.50,20.778
27412,16233,63.50,20.778
27420,32893,63.50,20.778
27422,16233,63.50,20.778
27429,32893,63.50,20.778
27432,16233,63.50,20.778
27440,32893,63.50,20.778
27442,16233,63.50,20.778
27450,32893,63.50,20.778
27452,16233,63.50,20.778
27460,32893,63.50,20.778
27462,16233,63.50,20.778
27470,32893,63.50,20.778
27472,16233,63.50,20.778
27480,32893,63.50,20.778
27482,16233,63.50,20.778
27490,32893,63.50,20.778
27492,16233,63.50,20.778
27500,32893,63.50,20.778
27502,16233,63.50,20.778
27510,32893,63.50,20.778
27512,16233,63.50,20.778
27520,32893,63.50,20.778
27522,16233,63.50,20.778
27530,32893,63.50,20.778
27532,16233,63.50,20.778
27540,32893,63.50,20.778
27542,16233,63.50,20.778
27550,32893,63.50,20.778
27551,16233,63.50,20.778
27560,32893,63.50,20.778
27562,16233,63.50,20.778
27569,32893,63.50,20.778
27572,16233,63.50,20.778
27580,32893,63.50,20.778
27582,16233,63.50,20.778
27590,32893,63.50,20.778
27592,16233,63.50,20.778
27600,32893,63.50,20.778
27602,16233,63.50,20.778
27610,32893,63.50,20.778
27612,16233,63.50,20.778
27620,32893,63.50,20.778
27622,16233,63.50,20.778
27630,32893,63.50,20.778
27632,16233,63.50,20.778
27640,32893,63.50,20.778
27642,16233,63.50,20.778
27650,32893,63.50,20.778
27652,16233,63.50,20.778
27660,32893,63.50,20.778
27662,16233,63.50,20.778
27670,32893,63.50,20.778
27672,16233,63.50,20.778
27680,32893,63.50,20.778
27682,16233,63.50,20.778
27690,32893,63.50,20.778
27692,16233,63.50,20.778
27700,32893,63.50,20.778
27702,16233,63.50,20.778
27710,32893,63.50,20.778
27712,16233,63.50,20.778
27720,32893,63.50,20.778
27722,16233,63.50,20.778
27730,32893,63.50,20.778
27732,16233,63.50,20.778
27740,32893,63.50,20.778
27741,16233,63.50,20.778
27750,32893,63.50,20.778
27751,16233,63.50,20.778
27760,32893,63.50,20.778
27761,16233,63.50,20.778
27770,32893,63.50,20.778
27771,16233,63.50,20.778
27780,32893,63.50,20.778
27782,16233,63.50,20.778
27789,32893,63.50,20.778
27792,16233,63.50,20.778
27800,32893,63.50,20.778
27802,16233,63.50,20.778
27810,32893,63.50,20.778
27812,16233,63.50,20.778
27820,32893,63.50,20.778
27821,16233,63.50,20.778
27829,32893,63.50,20.778
27832,16233,63.50,20.778
27840,32893,63.50,20.778
27842,16233,63.50,20.778
27850,32893,63.50,20.778
27852,16233,63.50,20.778
27860,32893,63.50,20.778
27862,16233,63.50,20.778
27870,32893,63.50,20.778
27872,16233,63.50,20.778
27880,32893,63.50,20.778
27882,16233,63.50,20.778
27890,32893,63.50,20.778
27892,16233,63.50,20.778
27900,32893,63.50,20.778
27902,16233,63.50,20.778
27910,32893,63.50,20.778
27912,16233,63.50,20.778
27920,32893,63.50,20.778
27922,16233,63.50,20.778
27930,32893,63.50,20.778
27932,16233,63.50,20.778
27941,32893,63.50,20.778
27942,16233,63.50,20.778
27950,32893,63.50,20.778
27952,16233,63.50,20.778
27960,32893,63.50,20.778
27962,16233,63.50,20.778
27971,32893,63.50,20.778
27972,16233,63.50,20.778
27980,32893,63.50,20.778
27982,16233,63.50,20.778
27990,32893,63.50,20.778
27992,16233,63.50,20.778
28000,32893,63.50,20.778
28002,16233,63.50,20.778
28010,32893,63.50,20.778
28011,16233,63.50,20.778
28020,32893,63.50,20.778
28022,16233,63.50,20.778
28030,32893,63.50,20.778
28032,16233,63.50,20.778
28040,32893,63.50,20.778
28041,16233,63.50,20.778
28050,32893,63.50,20.778
28052,16233,63.50,20.778
28060,32893,63.50,20.778
28062,16233,63.50,20.778
28070,32893,63.50,20.778
28072,16233,63.50,20.778
28080,32893,63.50,20.778
28082,16233,63.50,20.778
28090,32893,63.50,20.778
28092,16233,63.50,20.778
28100,32893,63.50,20.778
28102,16233,63.50,20.778
28110,32893,63.50,20.778
28112,16233,63.50,20.778
28120,32893,63.50,20.778
28121,16233,63.50,20.778
28130,32893,63.50,20.778
28132,16233,63.50,20.778
28140,32893,63.50,20.778
28142,16233,63.50,20.778
28150,32893,63.50,20.778
28152,16233,63.50,20.778
28160,32893,63.50,20.778
28162,16233,63.50,20.778
28170,32893,63.50,20.778
28172,16233,63.50,20.778
28179,32893,63.50,20.778
28182,16233,63.50,20.778
28190,32893,63.50,20.778
28192,16233,63.50,20.778
28200,32893,63.50,20.778
28202,16233,63.50,20.778
28211,32893,63.50,20.778
28212,16233,63.50,20.778
28220,32893,63.50,20.778
28222,16233,63.50,20.778
28230,32893,63.50,20.778
28232,16233,63.50,20.778
28240,32893,63.50,20.778
28242,16233,63.50,20.778
28251,32893,63.50,20.778
28252,16233,63.50,20.778
28260,32893,63.50,20.778
28262,16233,63.50,20.778
28270,32893,63.50,20.778
28272,16233,63.50,20.778
28280,32893,63.50,20.778
28282,16233,63.50,20.778
28291,32893,63.50,20.778
28292,16233,63.50,20.778
28301,32893,63.50,20.778
28302,16233,63.50,20.778
28310,32893,63.50,20.778
28312,16233,63.50,20.778
28320,32893,63.50,20.778
28322,16233,63.50,20.778
28330,32893,63.50,20.778
28332,16233,63.50,20.778
28340,32893,63.50,20.778
28342,16233,63.50,20.778
28350,32893,63.50,20.778
28352,16233,63.50,20.778
28360,32893,63.50,20.778
28363,16233,63.50,20.778
28370,32893,63.50,20.778
28372,16233,63.50,20.778
28380,32893,63.50,20.778
28382,16233,63.50,20.778
28390,32893,63.50,20.778
28392,16233,63.50,20.778
28400,32893,63.50,20.778
28402,16233,63.50,20.778
28410,32893,63.50,20.778
28412,16233,63.50,20.778
28420,32893,63.50,20.778
28423,16233,63.50,20.778
28430,32893,63.50,20.778
28432,16233,63.50,20.778
28440,32893,63.50,20.778
28442,16233,63.50,20.778
28450,32893,63.50,20.778
28452,16233,63.50,20.778
28462,32893,63.50,20.778
28464,16233,63.50,20.778
28470,32893,63.50,20.778
28472,16233,63.50,20.778
28480,32893,63.50,20.778
28482,16233,63.50,20.778
28490,32893,63.50,20.778
28492,16233,58.00,18.978
28500,32893,63.50,20.778
28502,16233,58.00,18.978
28511,32893,63.50,20.778
28512,16233,58.00,18.978
28520,32893,63.50,20.778
28522,16233,58.00,18.978
28530,32893,63.50,20.778
28532,16233,58.00,18.978
28540,32893,63.50,20.778
28542,16233,58.00,18.978
28550,32893,63.50,20.778
28551,16233,58.00,18.978
28559,32893,63.50,20.778
28562,16233,58.00,18.978
28570,32893,63.50,20.778
28573,16233,58.00,18.978
28580,32893,63.50,20.778
28582,16233,58.00,18.978
28590,32893,63.50,20.778
28593,16233,58.00,18.978
28600,32893,63.50,20.778
28602,16233,58.00,18.978
28610,32893,63.50,20.778
28612,16233,58.00,18.978
28620,32893,63.50,20.778
28623,16233,58.00,18.978
28630,32893,63.50,20.778
28632,16233,58.00,18.978
28640,32893,63.50,20.778
28642,16233,58.00,18.978
28650,32893,63.50,20.778
28652,16233,58.00,18.978
28661,32893,63.50,20.778
28662,16233,58.00,18.978
28670,32893,63.50,20.778
28672,16233,58.00,18.978
28680,32893,63.50,20.778
28682,16233,58.00,18.978
28690,32893,63.50,20.778
28692,16233,58.00,18.978
28700,32893,63.50,20.778
28702,16233,58.00,18.978
28710,32893,63.50,20.778
28712,16233,58.00,18.978
28720,32893,63.50,20.778
28722,16233,58.00,18.978
28730,32893,63.50,20.778
28732,16233,58.00,18.978
28740,32893,63.50,20.778
28742,16233,58.00,18.978
28750,32893,63.50,20.778
28752,16233,58.00,18.978
28760,32893,63.50,20.778
28762,16233,58.00,18.978
28770,32893,63.50,20.778
28772,16233,58.00,18.978
28780,32893,63.50,20.778
28782,16233,58.00,18.978
28791,32893,63.50,20.778
28793,16233,58.00,18.978
28800,32893,63.50,20.778
28802,16233,58.00,18.978
28811,32893,63.50,20.778
28812,16233,58.00,18.978
28820,32893,63.50,20.778
28822,16233,58.00,18.978
28830,32893,63.50,20.778
28832,16233,58.00,18.978
28841,32893,63.50,20.778
28842,16233,58.00,18.978
28850,32893,63.50,20.778
28852,16233,58.00,18.978
28860,32893,63.50,20.778
28862,16233,58.00,18.978
28870,32893,63.50,20.778
28872,16233,58.00,18.978
28880,32893,63.50,20.778
28882,16233,58.00,18.978
28890,32893,63.50,20.778
28892,16233,58.00,18.978
28900,32893,63.50,20.778
28902,16233,58.00,18.978
28910,32893,63.50,20.778
28912,16233,58.00,18.978
28920,32893,63.50,20.778
28922,16233,58.00,18.978
28931,32893,63.50,20.778
28932,16233,58.00,18.978
28940,32893,63.50,20.778
28942,16233,58.00,18.978
28950,32893,63.50,20.778
28952,16233,58.00,18.978
28960,32893,63.50,20.778
28962,16233,58.00,18.978
28970,32893,63.50,20.778
28972,16233,58.00,18.978
28980,32893,63.50,20.778
28982,16233,58.00,18.978
28990,32893,63.50,20.778
28992,16233,58.00,18.978
29000,32893,63.50,20.778
29002,16233,58.00,18.978
29010,32893,63.50,20.778
29012,16233,58.00,18.978
29020,32893,63.50,20.778
29022,16233,58.00,18.978
29030,32893,63.50,20.778
29032,16233,58.00,18.978
29040,32893,63.50,20.778
29042,16233,58.00,18.978
29050,32893,63.50,20.778
29052,16233,58.00,18.978
29060,32893,63.50,20.778
29062,16233,58.00,18.978
29070,32893,63.50,20.778
29072,16233,58.00,18.978
29080,32893,63.50,20.778
29082,16233,58.00,18.978
29090,32893,63.50,20.778
29092,16233,58.00,18.978
29100,32893,63.50,20.778
29102,16233,58.00,18.978
29110,32893,63.50,20.778
29112,16233,58.00,18.978
29120,32893,63.50,20.778
29122,16233,58.00,18.978
29130,32893,63.50,20.778
29132,16233,58.00,18.978
29140,32893,63.50,20.778
29142,16233,58.00,18.978
29150,32893,63.50,20.778
29152,16233,58.00,18.978
29160,32893,63.50,20.778
29162,16233,58.00,18.978
29169,32893,63.50,20.778
29172,16233,58.00,18.978
29180,32893,63.50,20.778
29182,16233,58.00,18.978
29190,32893,63.50,20.778
29192,16233,58.00,18.978
29200,32893,63.50,20.778
29202,16233,58.00,18.978
29209,32893,63.50,20.778
29212,16233,58.00,18.978
29220,32893,63.50,20.778
29222,16233,58.00,18.978
29229,32893,63.50,20.778
29232,16233,58.00,18.978
29240,32893,63.50,20.778
29242,16233,58.00,18.978
29250,32893,63.50,20.778
29251,16233,58.00,18.978
29260,32893,63.50,20.778
29262,16233,58.00,18.978
29270,32893,63.50,20.778
29272,16233,58.00,18.978
29280,32893,63.50,20.778
29282,16233,58.00,18.978
29290,32893,63.50,20.778
29292,16233,58.00,18.978
29300,32893,63.50,20.778
29302,16233,58.00,18.978
29310,32893,63.50,20.778
29312,16233,58.00,18.978
29320,32893,63.50,20.778
29322,16233,58.00,18.978
29330,32893,63.50,20.778
29332,16233,58.00,18.978
29340,32893,63.50,20.778
29342,16233,58.00,18.978
29350,32893,63.50,20.778
29353,16233,58.00,18.978
29360,32893,63.50,20.778
29362,16233,58.00,18.978
29370,32893,63.50,20.778
29372,16233,58.00,18.978
29380,32893,63.50,20.778
29382,16233,58.00,18.978
29390,32893,63.50,20.778
29392,16233,58.00,18.978
29400,32893,63.50,20.778
29402,16233,58.00,18.978
29410,32893,63.50,20.778
29412,16233,58.00,18.978
29420,32893,63.50,20.778
29422,16233,58.00,18.978
29429,32893,63.50,20.778
29431,16233,58.00,18.978
29440,32893,63.50,20.778
29442,16233,58.00,18.978
29450,32893,63.50,20.778
29452,16233,58.00,18.978
29460,32893,63.50,20.778
29462,16233,58.00,18.978
29470,32893,63.50,20.778
29472,16233,58.00,18.978
29480,32893,63.50,20.778
29482,16233,58.00,18.978
29490,32893,63.50,20.778
29492,16233,58.00,18.978
29500,32893,63.50,20.778
29501,16233,58.00,18.978
29510,32893,63.50,20.778
29512,16233,58.00,18.978
29520,32893,63.50,20.778
29522,16233,58.00,18.978
29530,32893,63.50,20.778
29532,16233,58.00,18.978
29540,32893,63.50,20.778
29542,16233,58.00,18.978
29550,32893,63.50,20.778
29552,16233,58.00,18.978
29560,32893,63.50,20.778
29562,16233,58.00,18.978
29570,32893,63.50,20.778
29572,16233,58.00,18.978
29580,32893,63.50,20.778
29582,16233,58.00,18.978
29590,32893,63.50,20.778
29592,16233,58.00,18.978
29600,32893,63.50,20.778
29602,16233,58.00,18.978
29610,32893,63.50,20.778
29612,16233,58.00,18.978
29620,32893,63.50,20.778
29622,16233,58.00,18.978
29629,32893,63.50,20.778
29632,16233,58.00,18.978
29640,32893,63.50,20.778
29642,16233,58.00,18.978
29650,32893,63.50,20.778
29653,16233,58.00,18.978
29660,32893,63.50,20.778
29662,16233,58.00,18.978
29670,32893,63.50,20.778
29672,16233,58.00,18.978
29680,32893,63.50,20.778
29682,16233,58.00,18.978
29690,32893,63.50,20.778
29692,16233,58.00,18.978
29700,32893,63.50,20.778
29702,16233,58.00,18.978
29709,32893,63.50,20.778
29712,16233,58.00,18.978
29720,32893,63.50,20.778
29722,16233,58.00,18.978
29730,32893,63.50,20.778
29732,16233,58.00,18.978
29740,32893,63.50,20.778
29742,16233,58.00,18.978
29750,32893,63.50,20.778
29751,16233,58.00,18.978
29760,32893,63.50,20.778
29762,16233,58.00,18.978
29770,32893,63.50,20.778
29772,16233,58.00,18.978
29779,32893,63.50,20.778
29782,16233,58.00,18.978
29789,32893,63.50,20.778
29792,16233,58.00,18.978
29800,32893,63.50,20.778
29802,16233,58.00,18.978
29810,32893,63.50,20.778
29812,16233,58.00,18.978
29820,32893,63.50,20.778
29822,16233,58.00,18.978
29830,32893,63.50,20.778
29832,16233,58.00,18.978
29841,32893,63.50,20.778
29842,16233,58.00,18.978
29850,32893,63.50,20.778
29852,16233,58.00,18.978
29860,32893,63.50,20.778
29862,16233,58.00,18.978
29870,32893,63.50,20.778
29872,16233,58.00,18.978
29880,32893,63.50,20.778
29882,16233,58.00,18.978
29890,32893,63.50,20.778
29892,16233,58.00,18.978
29900,32893,63.50,20.778
29902,16233,58.00,18.978
29910,32893,63.50,20.778
29912,16233,58.00,18.978
29920,32893,63.50,20.778
29922,16233,58.00,18.978
29930,32893,63.50,20.778
29932,16233,58.00,18.978
29940,32893,63.50,20.778
29942,16233,58.00,18.978
29950,32893,63.50,20.778
29952,16233,58.00,18.978
29960,32893,63.50,20.778
29962,16233,58.00,18.978
29970,32893,63.50,20.778
29971,16233,58.00,18.978
29979,32893,63.50,20.778
29982,16233,58.00,18.978
29990,32893,63.50,20.778
29992,16233,58.00,18.978
30002,32893,63.50,20.778
30003,16233,58.00,18.978
30010,32893,63.50,20.778
30012,16233,58.00,18.978
30020,32893,63.50,20.778
30022,16233,58.00,18.978
30030,32893,63.50,20.778
30032,16233,58.00,18.978
30040,32893,63.50,20.778
30042,16233,58.00,18.978
30050,32893,63.50,20.778
30052,16233,58.00,18.978
30060,32893,63.50,20.778
30062,16233,58.00,18.978
30070,32893,63.50,20.778
30072,16233,58.00,18.978
30080,32893,63.50,20.778
30082,16233,58.00,18.978
30090,32893,63.50,20.778
30092,16233,58.00,18.978
30100,32893,63.50,20.778
30102,16233,58.00,18.978
30110,32893,63.50,20.778
30112,16233,58.00,18.978
30120,32893,63.50,20.778
30122,16233,58.00,18.978
30130,32893,63.50,20.778
30132,16233,58.00,18.978
30140,32893,63.50,20.778
30142,16233,58.00,18.978
30150,32893,63.50,20.778
30152,16233,58.00,18.978
30160,32893,63.50,20.778
30162,16233,58.00,18.978
30170,32893,63.50,20.778
30172,16233,58.00,18.978
30180,32893,63.50,20.778
30182,16233,58.00,18.978
30190,32893,63.50,20.778
30191,16233,58.00,18.978
30199,32893,63.50,20.778
30202,16233,58.00,18.978
30210,32893,63.50,20.778
30212,16233,58.00,18.978
30220,32893,63.50,20.778
30222,16233,58.00,18.978
30230,32893,63.50,20.778
30232,16233,58.00,18.978
30240,32893,63.50,20.778
30242,16233,58.00,18.978
30250,32893,63.50,20.778
30252,16233,58.00,18.978
30260,32893,63.50,20.778
30262,16233,58.00,18.978
30269,32893,63.50,20.778
30272,16233,58.00,18.978
30280,32893,63.50,20.778
30281,16233,58.00,18.978
30290,32893,63.50,20.778
30292,16233,58.00,18.978
30300,32893,63.50,20.778
30302,16233,58.00,18.978
30310,32893,63.50,20.778
30312,16233,58.00,18.978
30320,32893,63.50,20.778
30321,16233,58.00,18.978
30330,32893,63.50,20.778
30332,16233,58.00,18.978
30340,32893,63.50,20.778
30342,16233,58.00,18.978
30350,32893,63.50,20.778
30352,16233,58.00,18.978
30360,32893,63.50,20.778
30362,16233,58.00,18.978
30370,32893,63.50,20.778
30372,16233,58.00,18.978
30380,32893,63.50,20.778
30382,16233,58.00,18.978
30390,32893,63.50,20.778
30392,16233,58.00,18.978
30400,32893,63.50,20.778
30402,16233,58.00,18.978
30410,32893,63.50,20.778
30412,16233,58.00,18.978
30420,32893,63.50,20.778
30421,16233,58.00,18.978
30429,32893,63.50,20.778
30432,16233,58.00,18.978
30440,32893,63.50,20.778
30442,16233,58.00,18.978
30450,32893,63.50,20.778
30452,16233,58.00,18.978
30460,32893,63.50,20.778
30462,16233,58.00,18.978
30470,32893,63.50,20.778
30472,16233,58.00,18.978
30480,32893,63.50,20.778
30481,16233,58.00,18.978
30490,32893,63.50,20.778
30491,16233,58.00,18.978
30500,32893,63.50,20.778
30501,16233,58.00,18.978
30510,32893,63.50,20.778
30512,16233,58.00,18.978
30520,32893,63.50,20.778
30522,16233,58.00,18.978
30529,32893,63.50,20.778
30532,16233,58.00,18.978
30540,32893,63.50,20.778
30542,16233,58.00,18.978
30550,32893,63.50,20.778
30552,16233,58.00,18.978
30560,32893,63.50,20.778
30562,16233,58.00,18.978
30570,32893,63.50,20.778
30571,16233,58.00,18.978
30580,32893,63.50,20.778
30582,16233,58.00,18.978
30590,32893,63.50,20.778
30592,16233,58.00,18.978
30600,32893,63.50,20.778
30602,16233,58.00,18.978
30610,32893,63.50,20.778
30612,16233,58.00,18.978
30620,32893,63.50,20.778
30621,16233,58.00,18.978
30630,32893,63.50,20.778
30632,16233,58.00,18.978
30640,32893,63.50,20.778
30642,16233,58.00,18.978
30650,32893,63.50,20.778
30652,16233,58.00,18.978
30660,32893,63.50,20.778
30662,16233,58.00,18.978
30670,32893,63.50,20.778
30672,16233,58.00,18.978
30680,32893,63.50,20.778
30682,16233,58.00,18.978
30690,32893,63.50,20.778
30692,16233,58.00,18.978
30700,32893,63.50,20.778
30702,16233,58.00,18.978
30710,32893,63.50,20.778
30712,16233,58.00,18.978
30719,32893,63.50,20.778
30722,16233,58.00,18.978
30730,32893,63.50,20.778
30732,16233,58.00,18.978
30740,32893,63.50,20.778
30742,16233,58.00,18.978
30750,32893,63.50,20.778
30752,16233,58.00,18.978
30760,32893,63.50,20.778
30761,16233,58.00,18.978
30770,32893,63.50,20.778
30772,16233,58.00,18.978
30779,32893,63.50,20.778
30782,16233,58.00,18.978
30790,32893,63.50,20.778
30791,16233,58.00,18.978
30799,32893,63.50,20.778
30802,16233,58.00,18.978
30810,32893,63.50,20.778
30812,16233,58.00,18.978
30820,32893,63.50,20.778
30822,16233,58.00,18.978
30830,32893,63.50,20.778
30832,16233,58.00,18.978
30840,32893,63.50,20.778
30841,16233,58.00,18.978
30850,32893,63.50,20.778
30852,16233,58.00,18.978
30860,32893,63.50,20.778
30862,16233,58.00,18.978
30870,32893,63.50,20.778
30872,16233,58.00,18.978
30880,32893,63.50,20.778
30881,16233,58.00,18.978
30889,32893,63.50,20.778
30892,16233,58.00,18.978
30900,32893,63.50,20.778
30902,16233,58.00,18.978
30910,32893,63.50,20.778
30912,16233,58.00,18.978
30920,32893,63.50,20.778
30922,16233,58.00,18.978
30930,32893,63.50,20.778
30932,16233,58.00,18.978
30940,32893,63.50,20.778
30942,16233,58.00,18.978
30950,32893,63.50,20.778
30952,16233,58.00,18.978
30960,32893,63.50,20.778
30962,16233,58.00,18.978
30970,32893,63.50,20.778
30972,16233,58.00,18.978
30980,32893,63.50,20.778
30981,16233,58.00,18.978
30990,32893,63.50,20.778
30992,16233,58.00,18.978
31000,32893,63.50,20.778
31001,16233,58.00,18.978
31010,32893,63.50,20.778
31012,16233,58.00,18.978
31020,32893,63.50,20.778
31022,16233,58.00,18.978
31029,32893,63.50,20.778
31032,16233,58.00,18.978
31040,32893,63.50,20.778
31043,16233,58.00,18.978
31050,32893,63.50,20.778
31052,16233,58.00,18.978
31060,32893,63.50,20.778
31062,16233,58.00,18.978
31070,32893,63.50,20.778
31072,16233,58.00,18.978
31080,32893,63.50,20.778
31083,16233,58.00,18.978
31090,32893,63.50,20.778
31092,16233,58.00,18.978
31100,32893,63.50,20.778
31102,16233,58.00,18.978
31110,32893,63.50,20.778
31112,16233,58.00,18.978
31120,32893,63.50,20.778
31122,16233,58.00,18.978
31129,32893,63.50,20.778
31132,16233,58.00,18.978
31140,32893,63.50,20.778
31142,16233,58.00,18.978
31151,32893,63.50,20.778
31152,16233,58.00,18.978
31160,32893,63.50,20.778
31162,16233,58.00,18.978
31169,32893,63.50,20.778
31172,16233,58.00,18.978
31179,32893,63.50,20.778
31181,16233,58.00,18.978
31190,32893,63.50,20.778
31192,16233,58.00,18.978
31200,32893,63.50,20.778
31202,16233,58.00,18.978
31209,32893,63.50,20.778
31211,16233,58.00,18.978
31220,32893,63.50,20.778
31222,16233,58.00,18.978
31230,32893,63.50,20.778
31232,16233,58.00,18.978
31240,32893,63.50,20.778
31241,16233,58.00,18.978
31250,32893,63.50,20.778
31252,16233,58.00,18.978
31260,32893,63.50,20.778
31262,16233,58.00,18.978
31270,32893,59.00,19.305
31272,16233,58.00,18.978
31281,32893,59.00,19.305
31281,16233,58.00,18.978
31290,32893,59.00,19.305
31292,16233,58.00,18.978
31299,32893,59.00,19.305
31302,16233,58.00,18.978
31310,32893,59.00,19.305
31312,16233,58.00,18.978
31320,32893,59.00,19.305
31321,16233,58.00,18.978
31330,32893,59.00,19.305
31332,16233,58.00,18.978
31340,32893,59.00,19.305
31342,16233,58.00,18.978
31350,32893,59.00,19.305
31352,16233,58.00,18.978
31360,32893,59.00,19.305
31362,16233,58.00,18.978
31370,32893,59.00,19.305
31372,16233,58.00,18.978
31380,32893,59.00,19.305
31382,16233,58.00,18.978
31390,32893,59.00,19.305
31392,16233,58.00,18.978
31400,32893,59.00,19.305
31402,16233,58.00,18.978
31410,32893,59.00,19.305
31412,16233,58.00,18.978
31420,32893,59.00,19.305
31422,16233,58.00,18.978
31429,32893,59.00,19.305
31432,16233,58.00,18.978
31440,32893,59.00,19.305
31442,16233,58.00,18.978
31450,32893,59.00,19.305
31452,16233,58.00,18.978
31460,32893,59.00,19.305
31462,16233,58.00,18.978
31470,32893,59.00,19.305
31472,16233,58.00,18.978
31480,32893,59.00,19.305
31481,16233,58.00,18.978
31490,32893,59.00,19.305
31492,16233,58.00,18.978
31500,32893,59.00,19.305
31502,16233,58.00,18.978
31510,32893,59.00,19.305
31512,16233,58.00,18.978
31520,32893,59.00,19.305
31522,16233,58.00,18.978
31529,32893,59.00,19.305
31532,16233,58.00,18.978
31540,32893,59.00,19.305
31542,16233,58.00,18.978
31550,32893,59.00,19.305
31552,16233,58.00,18.978
31560,32893,59.00,19.305
31562,16233,58.00,18.978
31570,32893,59.00,19.305
31572,16233,58.00,18.978
31580,32893,59.00,19.305
31581,16233,58.00,18.978
31589,32893,59.00,19.305
31591,16233,58.00,18.978
31599,32893,59.00,19.305
31602,16233,58.00,18.978
31610,32893,59.00,19.305
31612,16233,58.00,18.978
31620,32893,59.00,19.305
31621,16233,58.00,18.978
31630,32893,59.00,19.305
31632,16233,58.00,18.978
31640,32893,59.00,19.305
31642,16233,58.00,18.978
31650,32893,59.00,19.305
31652,16233,58.00,18.978
31660,32893,59.00,19.305
31662,16233,58.00,18.978
31670,32893,59.00,19.305
31672,16233,58.00,18.978
31680,32893,59.00,19.305
31682,16233,58.00,18.978
31690,32893,59.00,19.305
31692,16233,58.00,18.978
31700,32893,59.00,19.305
31702,16233,58.00,18.978
31710,32893,59.00,19.305
31712,16233,58.00,18.978
31719,32893,59.00,19.305
31722,16233,58.00,18.978
31730,32893,59.00,19.305
31731,16233,58.00,18.978
31740,32893,59.00,19.305
31742,16233,58.00,18.978
31750,32893,59.00,19.305
31752,16233,58.00,18.978
31759,32893,59.00,19.305
31762,16233,58.00,18.978
31769,32893,59.00,19.305
31772,16233,58.00,18.978
31780,32893,59.00,19.305
31782,16233,58.00,18.978
31790,32893,59.00,19.305
31792,16233,58.00,18.978
31800,32893,59.00,19.305
31802,16233,58.00,18.978
31810,32893,59.00,19.305
31811,16233,58.00,18.978
31820,32893,59.00,19.305
31822,16233,58.00,18.978
31830,32893,59.00,19.305
31832,16233,58.00,18.978
31840,32893,59.00,19.305
31842,16233,58.00,18.978
31850,32893,59.00,19.305
31852,16233,58.00,18.978
31860,32893,59.00,19.305
31861,16233,58.00,18.978
31870,32893,59.00,19.305
31871,16233,58.00,18.978
31880,32893,59.00,19.305
31882,16233,58.00,18.978
31890,32893,59.00,19.305
31892,16233,58.00,18.978
31899,32893,59.00,19.305
31902,16233,58.00,18.978
31910,32893,59.00,19.305
31912,16233,58.00,18.978
31920,32893,59.00,19.305
31922,16233,58.00,18.978
31930,32893,59.00,19.305
31932,16233,58.00,18.978
31940,32893,59.00,19.305
31942,16233,58.00,18.978
31949,32893,59.00,19.305
31952,16233,58.00,18.978
31960,32893,59.00,19.305
31962,16233,58.00,18.978
31970,32893,59.00,19.305
31971,16233,58.00,18.978
31979,32893,59.00,19.305
31982,16233,58.00,18.978
31990,32893,59.00,19.305
31992,16233,58.00,18.978
32000,32893,59.00,19.305
32001,16233,58.00,18.978
32010,32893,59.00,19.305
32011,16233,58.00,18.978
32020,32893,59.00,19.305
32022,16233,58.00,18.978
32030,32893,59.00,19.305
32032,16233,58.00,18.978
32040,32893,59.00,19.305
32041,16233,58.00,18.978
32050,32893,59.00,19.305
32052,16233,58.00,18.978
32060,32893,59.00,19.305
32062,16233,58.00,18.978
32070,32893,59.00,19.305
32072,16233,58.00,18.978
32080,32893,59.00,19.305
32082,16233,58.00,18.978
32090,32893,59.00,19.305
32092,16233,58.00,18.978
32100,32893,59.00,19.305
32102,16233,58.00,18.978
32109,32893,59.00,19.305
32112,16233,58.00,18.978
32119,32893,59.00,19.305
32122,16233,58.00,18.978
32130,32893,59.00,19.305
32132,16233,58.00,18.978
32140,32893,59.00,19.305
32142,16233,58.00,18.978
32150,32893,59.00,19.305
32151,16233,58.00,18.978
32160,32893,59.00,19.305
32162,16233,58.00,18.978
32170,32893,59.00,19.305
32172,16233,58.00,18.978
32180,32893,59.00,19.305
32182,16233,58.00,18.978
32190,32893,59.00,19.305
32191,16233,58.00,18.978
32200,32893,59.00,19.305
32202,16233,58.00,18.978
32210,32893,59.00,19.305
32212,16233,58.00,18.978
32220,32893,59.00,19.305
32222,16233,58.00,18.978
32230,32893,59.00,19.305
32232,16233,58.00,18.978
32240,32893,59.00,19.305
32242,16233,58.00,18.978
32249,32893,59.00,19.305
32251,16233,58.00,18.978
32260,32893,59.00,19.305
32261,16233,58.00,18.978
32270,32893,59.00,19.305
32272,16233,58.00,18.978
32279,32893,59.00,19.305
32282,16233,58.00,18.978
32289,32893,59.00,19.305
32292,16233,58.00,18.978
32300,32893,59.00,19.305
32302,16233,58.00,18.978
32310,32893,59.00,19.305
32312,16233,58.00,18.978
32320,32893,59.00,19.305
32322,16233,58.00,18.978
32330,32893,59.00,19.305
32332,16233,58.00,18.978
32340,32893,59.00,19.305
32342,16233,58.00,18.978
32350,32893,59.00,19.305
32352,16233,58.00,18.978
32360,32893,59.00,19.305
32362,16233,58.00,18.978
32370,32893,59.00,19.305
32372,16233,58.00,18.978
32380,32893,59.00,19.305
32382,16233,58.00,18.978
32390,32893,59.00,19.305
32392,16233,58.00,18.978
32400,32893,59.00,19.305
32401,16233,58.00,18.978
32410,32893,59.00,19.305
32412,16233,58.00,18.978
32420,32893,59.00,19.305
32421,16233,58.00,18.978
32429,32893,59.00,19.305
32432,16233,58.00,18.978
32440,32893,59.00,19.305
32441,16233,58.00,18.978
32450,32893,59.00,19.305
32452,16233,58.00,18.978
32459,32893,59.00,19.305
32462,16233,63.50,20.778
32470,32893,59.00,19.305
32472,16233,63.50,20.778
32480,32893,59.00,19.305
32482,16233,63.50,20.778
32489,32893,59.00,19.305
32492,16233,63.50,20.778
32499,32893,59.00,19.305
32502,16233,63.50,20.778
32509,32893,59.00,19.305
32512,16233,63.50,20.778
32520,32893,59.00,19.305
32522,16233,63.50,20.778
32529,32893,59.00,19.305
32532,16233,63.50,20.778
32540,32893,59.00,19.305
32542,16233,63.50,20.778
32550,32893,59.00,19.305
32552,16233,63.50,20.778
32559,32893,59.00,19.305
32562,16233,63.50,20.778
32570,32893,59.00,19.305
32572,16233,63.50,20.778
32580,32893,59.00,19.305
32582,16233,63.50,20.778
32589,32893,59.00,19.305
32592,16233,63.50,20.778
32600,32893,59.00,19.305
32602,16233,63.50,20.778
32610,32893,59.00,19.305
32612,16233,63.50,20.778
32619,32893,59.00,19.305
32621,16233,63.50,20.778
32629,32893,59.00,19.305
32632,16233,63.50,20.778
32640,32893,59.00,19.305
32642,16233,63.50,20.778
32650,32893,59.00,19.305
32652,16233,63.50,20.778
32660,32893,59.00,19.305
32662,16233,63.50,20.778
32669,32893,59.00,19.305
32671,16233,63.50,20.778
32679,32893,59.00,19.305
32682,16233,63.50,20.778
32690,32893,59.00,19.305
32692,16233,63.50,20.778
32700,32893,59.00,19.305
32702,16233,63.50,20.778
32709,32893,59.00,19.305
32712,16233,63.50,20.778
32719,32893,59.00,19.305
32722,16233,63.50,20.778
32729,32893,59.00,19.305
32731,16233,63.50,20.778
32740,32893,59.00,19.305
32742,16233,63.50,20.778
32750,32893,59.00,19.305
32752,16233,63.50,20.778
32760,32893,59.00,19.305
32762,16233,63.50,20.778
32770,32893,59.00,19.305
32772,16233,63.50,20.778
32780,32893,59.00,19.305
32782,16233,63.50,20.778
32790,32893,59.00,19.305
32792,16233,63.50,20.778
32800,32893,59.00,19.305
32802,16233,63.50,20.778
32809,32893,59.00,19.305
32811,16233,63.50,20.778
32820,32893,59.00,19.305
32822,16233,63.50,20.778
32829,32893,59.00,19.305
32832,16233,63.50,20.778
32839,32893,59.00,19.305
32842,16233,63.50,20.778
32850,32893,59.00,19.305
32852,16233,63.50,20.778
32860,32893,59.00,19.305
32862,16233,63.50,20.778
32869,32893,59.00,19.305
32872,16233,63.50,20.778
32880,32893,59.00,19.305
32882,16233,63.50,20.778
32889,32893,59.00,19.305
32892,16233,63.50,20.778
32900,32893,59.00,19.305
32902,16233,63.50,20.778
32910,32893,59.00,19.305
32912,16233,63.50,20.778
32920,32893,59.00,19.305
32922,16233,63.50,20.778
32930,32893,59.00,19.305
32932,16233,63.50,20.778
32940,32893,59.00,19.305
32942,16233,63.50,20.778
32950,32893,59.00,19.305
32952,16233,63.50,20.778
32960,32893,59.00,19.305
32962,16233,63.50,20.778
32970,32893,59.00,19.305
32972,16233,63.50,20.778
32979,32893,59.00,19.305
32982,16233,63.50,20.778
32990,32893,59.00,19.305
32992,16233,63.50,20.778
32999,32893,59.00,19.305
33002,16233,63.50,20.778
33010,32893,59.00,19.305
33012,16233,63.50,20.778
33019,32893,59.00,19.305
33022,16233,63.50,20.778
33029,32893,59.00,19.305
33032,16233,63.50,20.778
33040,32893,59.00,19.305
33042,16233,63.50,20.778
33049,32893,59.00,19.305
33052,16233,63.50,20.778
33060,32893,59.00,19.305
33062,16233,63.50,20.778
33070,32893,59.00,19.305
33072,16233,63.50,20.778
33080,32893,59.00,19.305
33082,16233,63.50,20.778
33089,32893,59.00,19.305
33092,16233,63.50,20.778
33100,32893,59.00,19.305
33102,16233,63.50,20.778
33110,32893,59.00,19.305
33112,16233,63.50,20.778
33120,32893,59.00,19.305
33122,16233,63.50,20.778
33131,32893,59.00,19.305
33132,16233,63.50,20.778
33140,32893,59.00,19.305
33142,16233,63.50,20.778
33150,32893,59.00,19.305
33152,16233,63.50,20.778
33160,32893,59.00,19.305
33162,16233,63.50,20.778
33170,32893,59.00,19.305
33172,16233,63.50,20.778
33180,32893,59.00,19.305
33182,16233,63.50,20.778
33190,32893,59.00,19.305
33192,16233,63.50,20.778
33200,32893,59.00,19.305
33201,16233,63.50,20.778
33210,32893,59.00,19.305
33212,16233,63.50,20.778
33220,32893,59.00,19.305
33222,16233,63.50,20.778
33230,32893,59.00,19.305
33232,16233,63.50,20.778
33240,32893,59.00,19.305
33242,16233,63.50,20.778
33250,32893,59.00,19.305
33251,16233,63.50,20.778
33260,32893,59.00,19.305
33262,16233,63.50,20.778
33270,32893,59.00,19.305
33272,16233,63.50,20.778
33280,32893,59.00,19.305
33282,16233,63.50,20.778
33290,32893,59.00,19.305
33292,16233,63.50,20.778
33300,32893,59.00,19.305
33302,16233,63.50,20.778
33310,32893,59.00,19.305
33312,16233,63.50,20.778
33320,32893,59.00,19.305
33322,16233,63.50,20.778
33330,32893,59.00,19.305
33332,16233,63.50,20.778
33340,32893,59.00,19.305
33342,16233,63.50,20.778
33349,32893,59.00,19.305
33352,16233,63.50,20.778
33360,32893,59.00,19.305
33362,16233,63.50,20.778
33370,32893,59.00,19.305
33372,16233,63.50,20.778
33380,32893,59.00,19.305
33382,16233,63.50,20.778
33390,32893,59.00,19.305
33392,16233,63.50,20.778
33399,32893,59.00,19.305
33402,16233,63.50,20.778
33409,32893,59.00,19.305
33412,16233,63.50,20.778
33420,32893,59.00,19.305
33422,16233,63.50,20.778
33430,32893,59.00,19.305
33432,16233,63.50,20.778
33440,32893,59.00,19.305
33442,16233,63.50,20.778
33450,32893,59.00,19.305
33452,16233,63.50,20.778
33460,32893,59.00,19.305
33461,16233,63.50,20.778
33470,32893,59.00,19.305
33472,16233,63.50,20.778
33480,32893,59.00,19.305
33482,16233,63.50,20.778
33490,32893,59.00,19.305
33492,16233,63.50,20.778
33499,32893,59.00,19.305
33502,16233,63.50,20.778
33510,32893,59.00,19.305
33512,16233,63.50,20.778
33520,32893,59.00,19.305
33522,16233,63.50,20.778
33530,32893,59.00,19.305
33532,16233,63.50,20.778
33540,32893,59.00,19.305
33542,16233,63.50,20.778
33550,32893,59.00,19.305
33552,16233,63.50,20.778
33559,32893,59.00,19.305
33562,16233,63.50,20.778
33569,32893,59.00,19.305
33572,16233,63.50,20.778
33580,32893,59.00,19.305
33582,16233,63.50,20.778
33590,32893,59.00,19.305
33592,16233,63.50,20.778
33599,32893,59.00,19.305
33601,16233,63.50,20.778
33610,32893,59.00,19.305
33612,16233,63.50,20.778
33620,32893,59.00,19.305
33622,16233,63.50,20.778
33630,32893,59.00,19.305
33632,16233,63.50,20.778
33640,32893,59.00,19.305
33642,16233,63.50,20.778
33649,32893,59.00,19.305
33652,16233,63.50,20.778
33659,32893,59.00,19.305
33662,16233,63.50,20.778
33669,32893,59.00,19.305
33672,16233,63.50,20.778
33679,32893,59.00,19.305
33682,16233,63.50,20.778
33690,32893,59.00,19.305
33692,16233,63.50,20.778
33700,32893,59.00,19.305
33702,16233,63.50,20.778
33709,32893,59.00,19.305
33712,16233,63.50,20.778
33719,32893,59.00,19.305
33722,16233,63.50,20.778
33729,32893,59.00,19.305
33732,16233,63.50,20.778
33740,32893,59.00,19.305
33742,16233,63.50,20.778
33750,32893,59.00,19.305
33752,16233,63.50,20.778
33760,32893,59.00,19.305
33762,16233,63.50,20.778
33770,32893,59.00,19.305
33772,16233,63.50,20.778
33780,32893,59.00,19.305
33782,16233,63.50,20.778
33790,32893,59.00,19.305
33792,16233,63.50,20.778
33800,32893,59.00,19.305
33802,16233,63.50,20.778
33811,32893,59.00,19.305
33812,16233,63.50,20.778
33820,32893,59.00,19.305
33822,16233,63.50,20.778
33830,32893,59.00,19.305
33832,16233,63.50,20.778
33840,32893,59.00,19.305
33842,16233,63.50,20.778
33850,32893,59.00,19.305
33852,16233,63.50,20.778
33860,32893,59.00,19.305
33862,16233,63.50,20.778
33870,32893,59.00,19.305
33872,16233,63.50,20.778
33880,32893,59.00,19.305
33882,16233,63.50,20.778
33890,32893,59.00,19.305
33892,16233,63.50,20.778
33900,32893,59.00,19.305
33902,16233,63.50,20.778
33910,32893,59.00,19.305
33912,16233,63.50,20.778
33920,32893,59.00,19.305
33922,16233,63.50,20.778
33930,32893,59.00,19.305
33932,16233,63.50,20.778
33940,32893,59.00,19.305
33942,16233,63.50,20.778
33950,32893,59.00,19.305
33952,16233,63.50,20.778
33960,32893,59.00,19.305
33962,16233,63.50,20.778
33970,32893,59.00,19.305
33971,16233,63.50,20.778
33980,32893,59.00,19.305
33982,16233,63.50,20.778
33989,32893,59.00,19.305
33991,16233,63.50,20.778
34000,32893,59.00,19.305
34002,16233,63.50,20.778
34010,32893,59.00,19.305
34012,16233,63.50,20.778
34020,32893,59.00,19.305
34022,16233,63.50,20.778
34029,32893,59.00,19.305
34032,16233,63.50,20.778
34040,32893,59.00,19.305
34042,16233,63.50,20.778
34050,32893,59.00,19.305
34052,16233,63.50,20.778
34060,32893,59.00,19.305
34062,16233,63.50,20.778
34069,32893,59.00,19.305
34071,16233,63.50,20.778
34080,32893,59.00,19.305
34082,16233,63.50,20.778
34090,32893,59.00,19.305
34092,16233,63.50,20.778
34100,32893,59.00,19.305
34102,16233,63.50,20.778
34109,32893,59.00,19.305
34112,16233,63.50,20.778
34119,32893,59.00,19.305
34122,16233,63.50,20.778
34130,32893,59.00,19.305
34132,16233,63.50,20.778
34140,32893,59.00,19.305
34142,16233,63.50,20.778
34149,32893,59.00,19.305
34152,16233,63.50,20.778
34159,32893,59.00,19.305
34162,16233,63.50,20.778
34169,32893,59.00,19.305
34172,16233,63.50,20.778
34180,32893,59.00,19.305
34182,16233,63.50,20.778
34190,32893,59.00,19.305
34192,16233,63.50,20.778
34200,32893,59.00,19.305
34202,16233,63.50,20.778
34209,32893,59.00,19.305
34212,16233,63.50,20.778
34219,32893,59.00,19.305
34222,16233,63.50,20.778
34230,32893,59.00,19.305
34232,16233,63.50,20.778
34240,32893,59.00,19.305
34242,16233,63.50,20.778
34250,32893,59.00,19.305
34252,16233,63.50,20.778
34260,32893,59.00,19.305
34262,16233,63.50,20.778
34270,32893,59.00,19.305
34272,16233,63.50,20.778
34280,32893,59.00,19.305
34281,16233,63.50,20.778
34290,32893,59.00,19.305
34292,16233,63.50,20.778
34300,32893,59.00,19.305
34302,16233,63.50,20.778
34310,32893,59.00,19.305
34312,16233,63.50,20.778
34320,32893,59.00,19.305
34322,16233,63.50,20.778
34330,32893,59.00,19.305
34332,16233,63.50,20.778
34340,32893,59.00,19.305
34342,16233,63.50,20.778
34350,32893,59.00,19.305
34352,16233,63.50,20.778
34360,32893,59.00,19.305
34362,16233,63.50,20.778
34370,32893,59.00,19.305
34372,16233,63.50,20.778
34380,32893,59.00,19.305
34382,16233,63.50,20.778
34390,32893,59.00,19.305
34392,16233,63.50,20.778
34400,32893,59.00,19.305
34402,16233,63.50,20.778
34410,32893,59.00,19.305
34412,16233,63.50,20.778
34420,32893,59.00,19.305
34422,16233,63.50,20.778
34430,32893,59.00,19.305
34432,16233,63.50,20.778
34440,32893,59.00,19.305
34442,16233,63.50,20.778
34449,32893,59.00,19.305
34452,16233,63.50,20.778
34460,32893,59.00,19.305
34462,16233,63.50,20.778
34470,32893,59.00,19.305
34472,16233,63.50,20.778
34480,32893,59.00,19.305
34482,16233,63.50,20.778
34490,32893,59.00,19.305
34492,16233,63.50,20.778
34500,32893,59.00,19.305
34501,16233,63.50,20.778
34510,32893,59.00,19.305
34511,16233,63.50,20.778
34520,32893,59.00,19.305
34522,16233,63.50,20.778
34530,32893,59.00,19.305
34532,16233,63.50,20.778
34540,32893,59.00,19.305
34542,16233,63.50,20.778
34550,32893,59.00,19.305
34552,16233,63.50,20.778
34560,32893,59.00,19.305
34562,16233,63.50,20.778
34570,32893,59.00,19.305
34571,16233,63.50,20.778
34580,32893,59.00,19.305
34582,16233,63.50,20.778
34590,32893,59.00,19.305
34592,16233,63.50,20.778
34600,32893,59.00,19.305
34602,16233,63.50,20.778
34610,32893,59.00,19.305
34612,16233,63.50,20.778
34620,32893,59.00,19.305
34622,16233,63.50,20.778
34630,32893,59.00,19.305
34632,16233,63.50,20.778
34640,32893,59.00,19.305
34642,16233,63.50,20.778
34650,32893,59.00,19.305
34652,16233,63.50,20.778
34660,32893,59.00,19.305
34662,16233,63.50,20.778
34670,32893,59.00,19.305
34672,16233,63.50,20.778
34680,32893,59.00,19.305
34682,16233,63.50,20.778
34690,32893,59.00,19.305
34692,16233,63.50,20.778
34700,32893,59.00,19.305
34702,16233,63.50,20.778
34710,32893,59.00,19.305
34712,16233,63.50,20.778
34720,32893,59.00,19.305
34722,16233,63.50,20.778
34730,32893,59.00,19.305
34732,16233,63.50,20.778
34740,32893,59.00,19.305
34742,16233,63.50,20.778
34750,32893,59.00,19.305
34752,16233,63.50,20.778
34760,32893,59.00,19.305
34761,16233,63.50,20.778
34769,32893,59.00,19.305
34771,16233,63.50,20.778
34779,32893,59.00,19.305
34782,16233,63.50,20.778
34789,32893,59.00,19.305
34791,16233,63.50,20.778
34799,32893,59.00,19.305
34802,16233,63.50,20.778
34809,32893,59.00,19.305
34812,16233,63.50,20.778
34819,32893,59.00,19.305
34822,16233,63.50,20.778
34830,32893,59.00,19.305
34832,16233,63.50,20.778
34839,32893,59.00,19.305
34842,16233,63.50,20.778
34849,32893,59.00,19.305
34852,16233,63.50,20.778
34860,32893,59.00,19.305
34862,16233,63.50,20.778
34870,32893,59.00,19.305
34872,16233,63.50,20.778
34880,32893,59.00,19.305
34882,16233,63.50,20.778
34890,32893,59.00,19.305
34892,16233,63.50,20.778
34900,32893,59.00,19.305
34902,16233,63.50,20.778
34910,32893,59.00,19.305
34912,16233,63.50,20.778
34920,32893,59.00,19.305
34922,16233,63.50,20.778
34930,32893,59.00,19.305
34932,16233,63.50,20.778
34940,32893,59.00,19.305
34942,16233,63.50,20.778
34950,32893,59.00,19.305
34952,16233,63.50,20.778
34960,32893,59.00,19.305
34962,16233,63.50,20.778
34970,32893,59.00,19.305
34972,16233,63.50,20.778
34980,32893,63.50,20.778
34982,16233,63.50,20.778
34989,32893,63.50,20.778
34992,16233,63.50,20.778
35000,32893,63.50,20.778
35002,16233,63.50,20.778
35010,32893,63.50,20.778
35011,16233,63.50,20.778
35020,32893,63.50,20.778
35022,16233,63.50,20.778
35030,32893,63.50,20.778
35032,16233,63.50,20.778
35040,32893,63.50,20.778
35042,16233,63.50,20.778
35050,32893,63.50,20.778
35052,16233,63.50,20.778
35059,32893,63.50,20.778
35062,16233,63.50,20.778
35070,32893,63.50,20.778
35072,16233,63.50,20.778
35080,32893,63.50,20.778
35081,16233,63.50,20.778
35090,32893,63.50,20.778
35091,16233,63.50,20.778
35100,32893,63.50,20.778
35102,16233,63.50,20.778
35110,32893,63.50,20.778
35112,16233,63.50,20.778
35120,32893,63.50,20.778
35122,16233,63.50,20.778
35130,32893,63.50,20.778
35132,16233,63.50,20.778
35140,32893,63.50,20.778
35142,16233,63.50,20.778
35150,32893,63.50,20.778
35151,16233,63.50,20.778
35160,32893,63.50,20.778
35162,16233,63.50,20.778
35170,32893,63.50,20.778
35172,16233,63.50,20.778
35180,32893,63.50,20.778
35182,16233,63.50,20.778
35190,32893,63.50,20.778
35192,16233,63.50,20.778
35200,32893,63.50,20.778
35202,16233,63.50,20.778
35210,32893,63.50,20.778
35212,16233,63.50,20.778
35220,32893,63.50,20.778
35222,16233,63.50,20.778
35230,32893,63.50,20.778
35232,16233,63.50,20.778
35240,32893,63.50,20.778
35242,16233,63.50,20.778
35250,32893,63.50,20.778
35252,16233,63.50,20.778
35260,32893,63.50,20.778
35262,16233,63.50,20.778
35270,32893,63.50,20.778
35272,16233,63.50,20.778
35280,32893,63.50,20.778
35282,16233,63.50,20.778
35290,32893,63.50,20.778
35291,16233,63.50,20.778
35299,32893,63.50,20.778
35302,16233,63.50,20.778
35310,32893,63.50,20.778
35312,16233,63.50,20.778
35320,32893,63.50,20.778
35322,16233,63.50,20.778
35329,32893,63.50,20.778
35332,16233,63.50,20.778
35339,32893,63.50,20.778
35341,16233,63.50,20.778
35350,32893,63.50,20.778
35352,16233,63.50,20.778
35360,32893,63.50,20.778
35362,16233,63.50,20.778
35370,32893,63.50,20.778
35371,16233,63.50,20.778
35380,32893,63.50,20.778
35381,16233,63.50,20.778
35390,32893,63.50,20.778
35392,16233,63.50,20.778
35400,32893,63.50,20.778
35402,16233,63.50,20.778
35409,32893,63.50,20.778
35412,16233,63.50,20.778
35420,32893,63.50,20.778
35422,16233,63.50,20.778
35430,32893,63.50,20.778
35432,16233,63.50,20.778
35440,32893,63.50,20.778
35442,16233,63.50,20.778
35449,32893,63.50,20.778
35452,16233,63.50,20.778
35460,32893,63.50,20.778
35461,16233,63.50,20.778
35469,32893,63.50,20.778
35472,16233,63.50,20.778
35479,32893,63.50,20.778
35482,16233,63.50,20.778
35490,32893,63.50,20.778
35491,16233,63.50,20.778
35500,32893,63.50,20.778
35501,16233,63.50,20.778
35509,32893,63.50,20.778
35512,16233,63.50,20.778
35520,32893,63.50,20.778
35522,16233,63.50,20.778
35529,32893,63.50,20.778
35531,16233,63.50,20.778
35540,32893,63.50,20.778
35542,16233,63.50,20.778
35550,32893,63.50,20.778
35552,16233,63.50,20.778
35559,32893,63.50,20.778
35562,16233,63.50,20.778
35570,32893,63.50,20.778
35571,16233,63.50,20.778
35580,32893,63.50,20.778
35581,16233,63.50,20.778
35590,32893,63.50,20.778
35592,16233,63.50,20.778
35600,32893,63.50,20.778
35602,16233,63.50,20.778
35610,32893,63.50,20.778
35612,16233,63.50,20.778
35619,32893,63.50,20.778
35622,16233,63.50,20.778
35629,32893,63.50,20.778
35632,16233,63.50,20.778
35639,32893,63.50,20.778
35642,16233,63.50,20.778
35650,32893,63.50,20.778
35652,16233,63.50,20.778
35660,32893,63.50,20.778
35662,16233,63.50,20.778
35670,32893,63.50,20.778
35672,16233,63.50,20.778
35680,32893,63.50,20.778
35682,16233,63.50,20.778
35690,32893,63.50,20.778
35692,16233,63.50,20.778
35700,32893,63.50,20.778
35702,16233,63.50,20.778
35710,32893,63.50,20.778
35711,16233,63.50,20.778
35720,32893,63.50,20.778
35722,16233,63.50,20.778
35730,32893,63.50,20.778
35732,16233,63.50,20.778
35739,32893,63.50,20.778
35742,16233,63.50,20.778
35750,32893,63.50,20.778
35752,16233,63.50,20.778
35760,32893,63.50,20.778
35762,16233,63.50,20.778
35769,32893,63.50,20.778
35772,16233,63.50,20.778
35780,32893,63.50,20.778
35782,16233,63.50,20.778
35789,32893,63.50,20.778
35792,16233,63.50,20.778
35800,32893,63.50,20.778
35802,16233,63.50,20.778
35810,32893,63.50,20.778
35812,16233,63.50,20.778
35820,32893,63.50,20.778
35822,16233,63.50,20.778
35830,32893,63.50,20.778
35832,16233,63.50,20.778
35840,32893,63.50,20.778
35841,16233,63.50,20.778
35850,32893,63.50,20.778
35851,16233,63.50,20.778
35860,32893,63.50,20.778
35862,16233,63.50,20.778
35869,32893,63.50,20.778
35871,16233,63.50,20.778
35879,32893,63.50,20.778
35882,16233,63.50,20.778
35890,32893,63.50,20.778
35892,16233,63.50,20.778
35900,32893,63.50,20.778
35902,16233,63.50,20.778
35910,32893,63.50,20.778
35912,16233,63.50,20.778
35920,32893,63.50,20.778
35922,16233,63.50,20.778
35930,32893,63.50,20.778
35932,16233,63.50,20.778
35940,32893,63.50,20.778
35942,16233,63.50,20.778
35950,32893,63.50,20.778
35952,16233,63.50,20.778
35960,32893,63.50,20.778
35962,16233,63.50,20.778
35970,32893,63.50,20.778
35972,16233,63.50,20.778
35980,32893,63.50,20.778
35982,16233,63.50,20.778
35990,32893,63.50,20.778
35992,16233,63.50,20.778
36000,32893,63.50,20.778
36002,16233,63.50,20.778
36010,32893,63.50,20.778
36012,16233,63.50,20.778
36020,32893,63.50,20.778
36022,16233,63.50,20.778
36030,32893,63.50,20.778
36032,16233,63.50,20.778
36040,32893,63.50,20.778
36042,16233,63.50,20.778
36050,32893,63.50,20.778
36052,16233,63.50,20.778
36060,32893,63.50,20.778
36062,16233,63.50,20.778
36070,32893,63.50,20.778
36072,16233,63.50,20.778
36080,32893,63.50,20.778
36082,16233,63.50,20.778
36090,32893,63.50,20.778
36092,16233,63.50,20.778
36099,32893,63.50,20.778
36102,16233,63.50,20.778
36110,32893,63.50,20.778
36112,16233,63.50,20.778
36120,32893,63.50,20.778
36122,16233,63.50,20.778
36129,32893,63.50,20.778
36132,16233,63.50,20.778
36140,32893,63.50,20.778
36142,16233,63.50,20.778
36150,32893,63.50,20.778
36151,16233,63.50,20.778
36159,32893,63.50,20.778
36162,16233,63.50,20.778
36170,32893,63.50,20.778
36172,16233,63.50,20.778
36180,32893,63.50,20.778
36182,16233,63.50,20.778
36190,32893,63.50,20.778
36192,16233,63.50,20.778
36200,32893,63.50,20.778
36202,16233,63.50,20.778
36210,32893,63.50,20.778
36212,16233,63.50,20.778
36220,32893,63.50,20.778
36222,16233,63.50,20.778
36230,32893,63.50,20.778
36232,16233,63.50,20.778
36240,32893,63.50,20.778
36242,16233,63.50,20.778
36250,32893,63.50,20.778
36252,16233,63.50,20.778
36260,32893,63.50,20.778
36262,16233,63.50,20.778
36269,32893,63.50,20.778
36271,16233,63.50,20.778
36280,32893,63.50,20.778
36282,16233,63.50,20.778
36290,32893,63.50,20.778
36292,16233,63.50,20.778
36300,32893,63.50,20.778
36302,16233,63.50,20.778
36310,32893,63.50,20.778
36311,16233,63.50,20.778
36320,32893,63.50,20.778
36322,16233,63.50,20.778
36330,32893,63.50,20.778
36332,16233,63.50,20.778
36340,32893,63.50,20.778
36342,16233,63.50,20.778
36350,32893,63.50,20.778
36352,16233,63.50,20.778
36360,32893,63.50,20.778
36362,16233,63.50,20.778
36370,32893,63.50,20.778
36372,16233,63.50,20.778
36380,32893,63.50,20.778
36382,16233,63.50,20.778
36390,32893,63.50,20.778
36392,16233,63.50,20.778
36400,32893,63.50,20.778
36402,16233,63.50,20.778
36410,32893,63.50,20.778
36411,16233,63.50,20.778
36420,32893,63.50,20.778
36422,16233,63.50,20.778
36429,32893,63.50,20.778
36432,16233,63.50,20.778
36440,32893,63.50,20.778
36442,16233,63.50,20.778
36450,32893,63.50,20.778
36451,16233,63.50,20.778
36460,32893,63.50,20.778
36462,16233,63.50,20.778
36470,32893,63.50,20.778
36472,16233,63.50,20.778
36480,32893,63.50,20.778
36482,16233,63.50,20.778
36490,32893,63.50,20.778
36492,16233,63.50,20.778
36499,32893,63.50,20.778
36502,16233,63.50,20.778
36509,32893,63.50,20.778
36512,16233,63.50,20.778
36519,32893,63.50,20.778
36522,16233,63.50,20.778
36529,32893,63.50,20.778
36532,16233,63.50,20.778
36540,32893,63.50,20.778
36542,16233,63.50,20.778
36550,32893,63.50,20.778
36553,16233,63.50,20.778
36560,32893,63.50,20.778
36562,16233,63.50,20.778
36570,32893,63.50,20.778
36572,16233,63.50,20.778
36580,32893,63.50,20.778
36582,16233,63.50,20.778
36590,32893,63.50,20.778
36592,16233,63.50,20.778
36600,32893,63.50,20.778
36602,16233,63.50,20.778
36610,32893,63.50,20.778
36612,16233,63.50,20.778
36620,32893,63.50,20.778
36622,16233,63.50,20.778
36630,32893,63.50,20.778
36632,16233,63.50,20.778
36640,32893,63.50,20.778
36642,16233,63.50,20.778
36650,32893,63.50,20.778
36652,16233,63.50,20.778
36660,32893,63.50,20.778
36662,16233,63.50,20.778
36670,32893,63.50,20.778
36672,16233,63.50,20.778
36680,32893,63.50,20.778
36682,16233,63.50,20.778
36690,32893,63.50,20.778
36692,16233,63.50,20.778
36700,32893,63.50,20.778
36702,16233,63.50,20.778
36710,32893,63.50,20.778
36712,16233,63.50,20.778
36720,32893,63.50,20.778
36722,16233,63.50,20.778
36730,32893,63.50,20.778
36731,16233,63.50,20.778
36740,32893,63.50,20.778
36742,16233,63.50,20.778
36750,32893,63.50,20.778
36751,16233,63.50,20.778
36760,32893,63.50,20.778
36762,16233,63.50,20.778
36769,32893,63.50,20.778
36772,16233,63.50,20.778
36780,32893,63.50,20.778
36782,16233,63.50,20.778
36790,32893,63.50,20.778
36791,16233,63.50,20.778
36800,32893,63.50,20.778
36802,16233,63.50,20.778
36810,32893,63.50,20.778
36812,16233,63.50,20.778
36820,32893,63.50,20.778
36822,16233,63.50,20.778
36830,32893,63.50,20.778
36832,16233,63.50,20.778
36840,32893,63.50,20.778
36842,16233,63.50,20.778
36850,32893,63.50,20.778
36852,16233,63.50,20.778
36860,32893,63.50,20.778
36861,16233,63.50,20.778
36870,32893,63.50,20.778
36872,16233,63.50,20.778
36880,32893,63.50,20.778
36882,16233,63.50,20.778
36890,32893,63.50,20.778
36892,16233,63.50,20.778
36900,32893,63.50,20.778
36902,16233,63.50,20.778
36910,32893,63.50,20.778
36912,16233,63.50,20.778
36920,32893,63.50,20.778
36922,16233,63.50,20.778
36930,32893,63.50,20.778
36932,16233,63.50,20.778
36940,32893,63.50,20.778
36942,16233,63.50,20.778
36950,32893,63.50,20.778
36952,16233,63.50,20.778
36960,32893,63.50,20.778
36962,16233,63.50,20.778
36970,32893,63.50,20.778
36972,16233,63.50,20.778
36980,32893,63.50,20.778
36982,16233,63.50,20.778
36990,32893,63.50,20.778
36992,16233,63.50,20.778
37000,32893,63.50,20.778
37002,16233,63.50,20.778
37010,32893,63.50,20.778
37012,16233,63.50,20.778
37020,32893,63.50,20.778
37022,16233,63.50,20.778
37030,32893,63.50,20.778
37032,16233,63.50,20.778
37040,32893,63.50,20.778
37042,16233,63.50,20.778
37050,32893,63.50,20.778
37052,16233,63.50,20.778
37060,32893,63.50,20.778
37062,16233,63.50,20.778
37070,32893,63.50,20.778
37072,16233,63.50,20.778
37080,32893,63.50,20.778
37082,16233,63.50,20.778
37090,32893,63.50,20.778
37092,16233,63.50,20.778
37100,32893,63.50,20.778
37102,16233,63.50,20.778
37110,32893,63.50,20.778
37112,16233,63.50,20.778
37120,32893,63.50,20.778
37122,16233,63.50,20.778
37130,32893,63.50,20.778
37132,16233,63.50,20.778
37140,32893,63.50,20.778
37142,16233,63.50,20.778
37150,32893,63.50,20.778
37152,16233,63.50,20.778
37160,32893,63.50,20.778
37162,16233,63.50,20.778
37170,32893,63.50,20.778
37171,16233,63.50,20.778
37180,32893,63.50,20.778
37182,16233,63.50,20.778
37190,32893,63.50,20.778
37191,16233,63.50,20.778
37200,32893,63.50,20.778
37202,16233,63.50,20.778
37210,32893,63.50,20.778
37212,16233,63.50,20.778
37220,32893,63.50,20.778
37222,16233,63.50,20.778
37231,32893,63.50,20.778
37232,16233,63.50,20.778
37240,32893,63.50,20.778
37242,16233,63.50,20.778
37250,32893,63.50,20.778
37252,16233,63.50,20.778
37260,32893,63.50,20.778
37262,16233,63.50,20.778
37270,32893,63.50,20.778
37272,16233,63.50,20.778
37280,32893,63.50,20.778
37282,16233,63.50,20.778
37290,32893,63.50,20.778
37292,16233,63.50,20.778
37300,32893,63.50,20.778
37302,16233,63.50,20.778
37310,32893,63.50,20.778
37312,16233,63.50,20.778
37320,32893,63.50,20.778
37322,16233,63.50,20.778
37330,32893,63.50,20.778
37332,16233,63.50,20.778
37339,32893,63.50,20.778
37342,16233,63.50,20.778
37350,32893,63.50,20.778
37352,16233,63.50,20.778
37360,32893,63.50,20.778
37362,16233,63.50,20.778
37370,32893,63.50,20.778
37372,16233,63.50,20.778
37380,32893,63.50,20.778
37382,16233,63.50,20.778
37390,32893,63.50,20.778
37392,16233,63.50,20.778
37400,32893,63.50,20.778
37402,16233,63.50,20.778
37410,32893,63.50,20.778
37412,16233,63.50,20.778
37420,32893,63.50,20.778
37422,16233,63.50,20.778
37430,32893,63.50,20.778
37432,16233,63.50,20.778
37440,32893,63.50,20.778
37442,16233,63.50,20.778
37450,32893,63.50,20.778
37452,16233,63.50,20.778
37460,32893,63.50,20.778
37462,16233,63.50,20.778
37470,32893,63.50,20.778
37472,16233,63.50,20.778
37480,32893,63.50,20.778
37482,16233,63.50,20.778
37490,32893,63.50,20.778
37492,16233,63.50,20.778
37500,32893,63.50,20.778
37502,16233,63.50,20.778
37510,32893,63.50,20.778
37512,16233,63.50,20.778
37520,32893,63.50,20.778
37522,16233,63.50,20.778
37530,32893,63.50,20.778
37532,16233,63.50,20.778
37540,32893,63.50,20.778
37542,16233,63.50,20.778
37550,32893,63.50,20.778
37552,16233,63.50,20.778
37560,32893,63.50,20.778
37562,16233,63.50,20.778
37570,32893,63.50,20.778
37572,16233,63.50,20.778
37580,32893,63.50,20.778
37582,16233,63.50,20.778
37590,32893,63.50,20.778
37592,16233,63.50,20.778
37600,32893,63.50,20.778
37602,16233,63.50,20.778
37610,32893,63.50,20.778
37612,16233,63.50,20.778
37620,32893,63.50,20.778
37622,16233,63.50,20.778
37630,32893,63.50,20.778
37632,16233,63.50,20.778
37640,32893,63.50,20.778
37642,16233,63.50,20.778
37650,32893,63.50,20.778
37652,16233,63.50,20.778
37660,32893,63.50,20.778
37661,16233,63.50,20.778
37670,32893,63.50,20.778
37672,16233,63.50,20.778
37680,32893,63.50,20.778
37682,16233,63.50,20.778
37690,32893,63.50,20.778
37692,16233,63.50,20.778
37700,32893,63.50,20.778
37702,16233,63.50,20.778
37710,32893,63.50,20.778
37712,16233,63.50,20.778
37720,32893,63.50,20.778
37722,16233,63.50,20.778
37730,32893,63.50,20.778
37732,16233,63.50,20.778
37740,32893,63.50,20.778
37742,16233,63.50,20.778
37750,32893,63.50,20.778
37752,16233,63.50,20.778
37760,32893,63.50,20.778
37762,16233,63.50,20.778
37770,32893,63.50,20.778
37772,16233,63.50,20.778
37780,32893,63.50,20.778
37782,16233,63.50,20.778
37790,32893,63.50,20.778
37792,16233,63.50,20.778
37800,32893,63.50,20.778
37802,16233,63.50,20.778
37810,32893,63.50,20.778
37812,16233,63.50,20.778
37820,32893,63.50,20.778
37822,16233,63.50,20.778
37830,32893,63.50,20.778
37832,16233,63.50,20.778
37840,32893,63.50,20.778
37842,16233,63.50,20.778
37850,32893,63.50,20.778
37852,16233,63.50,20.778
37860,32893,63.50,20.778
37862,16233,63.50,20.778
37870,32893,63.50,20.778
37872,16233,63.50,20.778
37880,32893,63.50,20.778
37882,16233,63.50,20.778
37890,32893,63.50,20.778
37892,16233,63.50,20.778
37900,32893,63.50,20.778
37902,16233,63.50,20.778
37910,32893,63.50,20.778
37912,16233,63.50,20.778
37920,32893,63.50,20.778
37922,16233,63.50,20.778
37930,32893,63.50,20.778
37932,16233,63.50,20.778
37940,32893,63.50,20.778
37942,16233,63.50,20.778
37950,32893,63.50,20.778
37952,16233,63.50,20.778
37960,32893,63.50,20.778
37962,16233,63.50,20.778
37970,32893,63.50,20.778
37972,16233,63.50,20.778
37980,32893,63.50,20.778
37982,16233,63.50,20.778
37990,32893,63.50,20.778
37992,16233,63.50,20.778
38000,32893,63.50,20.778
38002,16233,63.50,20.778
38010,32893,63.50,20.778
38013,16233,63.50,20.778
38020,32893,63.50,20.778
38022,16233,63.50,20.778
38030,32893,63.50,20.778
38032,16233,63.50,20.778
38040,32893,63.50,20.778
38042,16233,63.50,20.778
38050,32893,63.50,20.778
38052,16233,63.50,20.778
38059,32893,63.50,20.778
38062,16233,63.50,20.778
38070,32893,63.50,20.778
38072,16233,63.50,20.778
38080,32893,63.50,20.778
38082,16233,63.50,20.778
38090,32893,63.50,20.778
38092,16233,63.50,20.778
38100,32893,63.50,20.778
38101,16233,63.50,20.778
38110,32893,63.50,20.778
38112,16233,63.50,20.778
38120,32893,63.50,20.778
38122,16233,63.50,20.778
38130,32893,63.50,20.778
38132,16233,63.50,20.778
38140,32893,63.50,20.778
38142,16233,63.50,20.778
38150,32893,63.50,20.778
38152,16233,63.50,20.778
38160,32893,63.50,20.778
38162,16233,63.50,20.778
38169,32893,63.50,20.778
38172,16233,63.50,20.778
38180,32893,63.50,20.778
38182,16233,63.50,20.778
38190,32893,63.50,20.778
38193,16233,63.50,20.778
38200,32893,63.50,20.778
38202,16233,63.50,20.778
38210,32893,63.50,20.778
38211,16233,63.50,20.778
38220,32893,63.50,20.778
38221,16233,63.50,20.778
38230,32893,63.50,20.778
38232,16233,63.50,20.778
38240,32893,63.50,20.778
38242,16233,63.50,20.778
38250,32893,63.50,20.778
38252,16233,63.50,20.778
38260,32893,63.50,20.778
38262,16233,63.50,20.778
38270,32893,63.50,20.778
38272,16233,63.50,20.778
38279,32893,63.50,20.778
38282,16233,63.50,20.778
38290,32893,63.50,20.778
38291,16233,63.50,20.778
38300,32893,63.50,20.778
38302,16233,63.50,20.778
38310,32893,63.50,20.778
38312,16233,63.50,20.778
38320,32893,63.50,20.778
38322,16233,63.50,20.778
38329,32893,63.50,20.778
38332,16233,63.50,20.778
38340,32893,63.50,20.778
38342,16233,63.50,20.778
38350,32893,63.50,20.778
38352,16233,63.50,20.778
38360,32893,63.50,20.778
38361,16233,63.50,20.778
38370,32893,63.50,20.778
38372,16233,63.50,20.778
38380,32893,63.50,20.778
38382,16233,63.50,20.778
38390,32893,63.50,20.778
38392,16233,63.50,20.778
38400,32893,63.50,20.778
38401,16233,63.50,20.778
38409,32893,63.50,20.778
38412,16233,63.50,20.778
38420,32893,63.50,20.778
38422,16233,63.50,20.778
38429,32893,63.50,20.778
38432,16233,63.50,20.778
38440,32893,63.50,20.778
38442,16233,63.50,20.778
38450,32893,63.50,20.778
38452,16233,63.50,20.778
38460,32893,63.50,20.778
38462,16233,63.50,20.778
38470,32893,63.50,20.778
38472,16233,63.50,20.778
38480,32893,63.50,20.778
38482,16233,63.50,20.778
38490,32893,63.50,20.778
38492,16233,63.50,20.778
38500,32893,63.50,20.778
38502,16233,63.50,20.778
38510,32893,63.50,20.778
38512,16233,63.50,20.778
38520,32893,63.50,20.778
38522,16233,63.50,20.778
38530,32893,63.50,20.778
38532,16233,63.50,20.778
38540,32893,63.50,20.778
38542,16233,63.50,20.778
38550,32893,63.50,20.778
38552,16233,63.50,20.778
38560,32893,63.50,20.778
38562,16233,63.50,20.778
38570,32893,63.50,20.778
38572,16233,63.50,20.778
38580,32893,63.50,20.778
38582,16233,63.50,20.778
38590,32893,63.50,20.778
38592,16233,63.50,20.778
38600,32893,63.50,20.778
38601,16233,63.50,20.778
38610,32893,63.50,20.778
38612,16233,63.50,20.778
38620,32893,63.50,20.778
38622,16233,63.50,20.778
38630,32893,63.50,20.778
38632,16233,63.50,20.778
38640,32893,63.50,20.778
38642,16233,63.50,20.778
38650,32893,63.50,20.778
38652,16233,63.50,20.778
38660,32893,63.50,20.778
38662,16233,63.50,20.778
38670,32893,63.50,20.778
38672,16233,63.50,20.778
38680,32893,63.50,20.778
38681,16233,63.50,20.778
38690,32893,63.50,20.778
38692,16233,63.50,20.778
38700,32893,63.50,20.778
38702,16233,63.50,20.778
38709,32893,63.50,20.778
38712,16233,63.50,20.778
38720,32893,63.50,20.778
38722,16233,63.50,20.778
38730,32893,63.50,20.778
38732,16233,63.50,20.778
38740,32893,63.50,20.778
38742,16233,63.50,20.778
38750,32893,63.50,20.778
38752,16233,63.50,20.778
38760,32893,63.50,20.778
38762,16233,63.50,20.778
38770,32893,63.50,20.778
38772,16233,63.50,20.778
38780,32893,63.50,20.778
38782,16233,63.50,20.778
38790,32893,63.50,20.778
38792,16233,63.50,20.778
38799,32893,63.50,20.778
38802,16233,63.50,20.778
38810,32893,63.50,20.778
38813,16233,63.50,20.778
38820,32893,63.50,20.778
38822,16233,63.50,20.778
38830,32893,63.50,20.778
38832,16233,63.50,20.778
38840,32893,63.50,20.778
38841,16233,63.50,20.778
38850,32893,63.50,20.778
38852,16233,63.50,20.778
38860,32893,63.50,20.778
38862,16233,63.50,20.778
38870,32893,63.50,20.778
38872,16233,63.50,20.778
38880,32893,63.50,20.778
38882,16233,63.50,20.778
38890,32893,63.50,20.778
38892,16233,63.50,20.778
38900,32893,63.50,20.778
38902,16233,63.50,20.778
38910,32893,63.50,20.778
38912,16233,63.50,20.778
38920,32893,63.50,20.778
38922,16233,63.50,20.778
38930,32893,63.50,20.778
38932,16233,63.50,20.778
38940,32893,63.50,20.778
38942,16233,63.50,20.778
38950,32893,63.50,20.778
38951,16233,63.50,20.778
38960,32893,63.50,20.778
38962,16233,63.50,20.778
38970,32893,63.50,20.778
38972,16233,63.50,20.778
38979,32893,63.50,20.778
38981,16233,63.50,20.778
38990,32893,63.50,20.778
38992,16233,63.50,20.778
39000,32893,63.50,20.778
39001,16233,63.50,20.778
39010,32893,63.50,20.778
39012,16233,63.50,20.778
39020,32893,63.50,20.778
39022,16233,63.50,20.778
39030,32893,63.50,20.778
39032,16233,63.50,20.778
39040,32893,63.50,20.778
39042,16233,63.50,20.778
39050,32893,63.50,20.778
39052,16233,63.50,20.778
39060,32893,63.50,20.778
39061,16233,63.50,20.778
39070,32893,63.50,20.778
39072,16233,63.50,20.778
39080,32893,63.50,20.778
39082,16233,63.50,20.778
39090,32893,63.50,20.778
39092,16233,63.50,20.778
39100,32893,63.50,20.778
39102,16233,63.50,20.778
39110,32893,63.50,20.778
39112,16233,63.50,20.778
39120,32893,63.50,20.778
39122,16233,63.50,20.778
39130,32893,63.50,20.778
39132,16233,63.50,20.778
39140,32893,63.50,20.778
39142,16233,63.50,20.778
39150,32893,63.50,20.778
39152,16233,63.50,20.778
39160,32893,63.50,20.778
39162,16233,63.50,20.778
39170,32893,63.50,20.778
39172,16233,63.50,20.778
39180,32893,63.50,20.778
39182,16233,63.50,20.778
39192,32893,63.50,20.778
39192,16233,63.50,20.778
39200,32893,63.50,20.778
39201,16233,63.50,20.778
39210,32893,63.50,20.778
39212,16233,63.50,20.778
39220,32893,63.50,20.778
39222,16233,63.50,20.778
39230,32893,63.50,20.778
39232,16233,63.50,20.778
39240,32893,63.50,20.778
39242,16233,63.50,20.778
39250,32893,63.50,20.778
39252,16233,63.50,20.778
39261,32893,63.50,20.778
39262,16233,63.50,20.778
39270,32893,63.50,20.778
39272,16233,63.50,20.778
39281,32893,63.50,20.778
39282,16233,63.50,20.778
39290,32893,63.50,20.778
39292,16233,63.50,20.778
39300,32893,63.50,20.778
39302,16233,63.50,20.778
39310,32893,63.50,20.778
39312,16233,63.50,20.778
39320,32893,63.50,20.778
39322,16233,63.50,20.778
39330,32893,63.50,20.778
39332,16233,63.50,20.778
39340,32893,63.50,20.778
39342,16233,63.50,20.778
39350,32893,63.50,20.778
39351,16233,63.50,20.778
39360,32893,63.50,20.778
39362,16233,63.50,20.778
39370,32893,63.50,20.778
39372,16233,63.50,20.778
39380,32893,63.50,20.778
39382,16233,63.50,20.778
39390,32893,63.50,20.778
39392,16233,63.50,20.778
39400,32893,63.50,20.778
39402,16233,63.50,20.778
39410,32893,63.50,20.778
39412,16233,63.50,20.778
39420,32893,63.50,20.778
39422,16233,63.50,20.778
39430,32893,63.50,20.778
39432,16233,63.50,20.778
39440,32893,63.50,20.778
39442,16233,63.50,20.778
39450,32893,63.50,20.778
39452,16233,63.50,20.778
39460,32893,63.50,20.778
39462,16233,63.50,20.778
39470,32893,63.50,20.778
39472,16233,63.50,20.778
39480,32893,63.50,20.778
39482,16233,63.50,20.778
39490,32893,63.50,20.778
39492,16233,63.50,20.778
39500,32893,63.50,20.778
39502,16233,63.50,20.778
39509,32893,63.50,20.778
39512,16233,63.50,20.778
39519,32893,63.50,20.778
39522,16233,63.50,20.778
39530,32893,63.50,20.778
39532,16233,63.50,20.778
39540,32893,63.50,20.778
39542,16233,63.50,20.778
39550,32893,63.50,20.778
39552,16233,63.50,20.778
39560,32893,63.50,20.778
39562,16233,63.50,20.778
39570,32893,63.50,20.778
39572,16233,63.50,20.778
39580,32893,63.50,20.778
39582,16233,63.50,20.778
39590,32893,63.50,20.778
39592,16233,63.50,20.778
39600,32893,63.50,20.778
39602,16233,63.50,20.778
39610,32893,63.50,20.778
39612,16233,63.50,20.778
39620,32893,63.50,20.778
39622,16233,63.50,20.778
39630,32893,63.50,20.778
39632,16233,63.50,20.778
39640,32893,63.50,20.778
39642,16233,63.50,20.778
39650,32893,63.50,20.778
39652,16233,63.50,20.778
39660,32893,63.50,20.778
39662,16233,63.50,20.778
39670,32893,63.50,20.778
39672,16233,63.50,20.778
39680,32893,63.50,20.778
39682,16233,63.50,20.778
39690,32893,63.50,20.778
39692,16233,63.50,20.778
39700,32893,63.50,20.778
39702,16233,63.50,20.778
39710,32893,63.50,20.778
39712,16233,63.50,20.778
39720,32893,63.50,20.778
39722,16233,63.50,20.778
39730,32893,63.50,20.778
39732,16233,63.50,20.778
39740,32893,63.50,20.778
39742,16233,63.50,20.778
39750,32893,63.50,20.778
39752,16233,63.50,20.778
39761,32893,63.50,20.778
39762,16233,63.50,20.778
39770,32893,63.50,20.778
39772,16233,63.50,20.778
39780,32893,63.50,20.778
39782,16233,63.50,20.778
39790,32893,63.50,20.778
39792,16233,63.50,20.778
39800,32893,63.50,20.778
39802,16233,63.50,20.778
39810,32893,63.50,20.778
39812,16233,63.50,20.778
39820,32893,63.50,20.778
39822,16233,63.50,20.778
39830,32893,63.50,20.778
39832,16233,63.50,20.778
39840,32893,63.50,20.778
39842,16233,63.50,20.778
39849,32893,63.50,20.778
39851,16233,63.50,20.778
39860,32893,63.50,20.778
39862,16233,63.50,20.778
39870,32893,63.50,20.778
39871,16233,63.50,20.778
39880,32893,63.50,20.778
39882,16233,63.50,20.778
39890,32893,63.50,20.778
39892,16233,63.50,20.778
39900,32893,63.50,20.778
39902,16233,63.50,20.778
39910,32893,63.50,20.778
39912,16233,63.50,20.778
39920,32893,63.50,20.778
39922,16233,63.50,20.778
39930,32893,63.50,20.778
39932,16233,63.50,20.778
39940,32893,63.50,20.778
39942,16233,63.50,20.778
39950,32893,63.50,20.778
39952,16233,63.50,20.778
39960,32893,63.50,20.778
39962,16233,63.50,20.778
39969,32893,63.50,20.778
39972,16233,63.50,20.778
39980,32893,63.50,20.778
39982,16233,63.50,20.778
39990,32893,63.50,20.778
39992,16233,63.50,20.778
40000,32893,63.50,20.778
40002,16233,63.50,20.778
40010,32893,63.50,20.778
40012,16233,63.50,20.778
40020,32893,63.50,20.778
40022,16233,63.50,20.778
40030,32893,63.50,20.778
40032,16233,63.50,20.778
40040,32893,63.50,20.778
40042,16233,63.50,20.778
40050,32893,63.50,20.778
40052,16233,63.50,20.778
40060,32893,63.50,20.778
40062,16233,63.50,20.778
40070,32893,63.50,20.778
40072,16233,63.50,20.778
40080,32893,63.50,20.778
40082,16233,63.50,20.778
40090,32893,63.50,20.778
40092,16233,63.50,20.778
40100,32893,63.50,20.778
40102,16233,63.50,20.778
40110,32893,63.50,20.778
40112,16233,63.50,20.778
40120,32893,63.50,20.778
40122,16233,63.50,20.778
40130,32893,63.50,20.778
40132,16233,63.50,20.778
40140,32893,63.50,20.778
40142,16233,63.50,20.778
40150,32893,63.50,20.778
40152,16233,63.50,20.778
40160,32893,63.50,20.778
40162,16233,63.50,20.778
40170,32893,63.50,20.778
40172,16233,63.50,20.778
40180,32893,63.50,20.778
40182,16233,63.50,20.778
40190,32893,63.50,20.778
40191,16233,63.50,20.778
40200,32893,63.50,20.778
40202,16233,63.50,20.778
40210,32893,63.50,20.778
40212,16233,63.50,20.778
40220,32893,63.50,20.778
40222,16233,63.50,20.778
40230,32893,63.50,20.778
40232,16233,63.50,20.778
40242,32893,63.50,20.778
40242,16233,63.50,20.778
40250,32893,63.50,20.778
40252,16233,63.50,20.778
40260,32893,63.50,20.778
40262,16233,63.50,20.778
40270,32893,63.50,20.778
40272,16233,63.50,20.778
40280,32893,63.50,20.778
40282,16233,63.50,20.778
40290,32893,63.50,20.778
40292,16233,63.50,20.778
40300,32893,63.50,20.778
40302,16233,63.50,20.778
40310,32893,63.50,20.778
40312,16233,63.50,20.778
40320,32893,63.50,20.778
40322,16233,63.50,20.778
40330,32893,63.50,20.778
40332,16233,63.50,20.778
40340,32893,63.50,20.778
40342,16233,63.50,20.778
40350,32893,63.50,20.778
40352,16233,63.50,20.778
40360,32893,63.50,20.778
40362,16233,63.50,20.778
40370,32893,63.50,20.778
40372,16233,63.50,20.778
40380,32893,63.50,20.778
40382,16233,63.50,20.778
40390,32893,63.50,20.778
40392,16233,63.50,20.778
40400,32893,63.50,20.778
40402,16233,63.50,20.778
40410,32893,63.50,20.778
40412,16233,63.50,20.778
40420,32893,63.50,20.778
40422,16233,63.50,20.778
40430,32893,63.50,20.778
40432,16233,63.50,20.778
40440,32893,63.50,20.778
40442,16233,63.50,20.778
40450,32893,63.50,20.778
40452,16233,63.50,20.778
40460,32893,63.50,20.778
40462,16233,63.50,20.778
40470,32893,63.50,20.778
40472,16233,63.50,20.778
40480,32893,63.50,20.778
40482,16233,63.50,20.778
40490,32893,63.50,20.778
40492,16233,63.50,20.778
40500,32893,63.50,20.778
40502,16233,63.50,20.778
40510,32893,63.50,20.778
40512,16233,63.50,20.778
40520,32893,63.50,20.778
40522,16233,63.50,20.778
40530,32893,63.50,20.778
40532,16233,63.50,20.778
40540,32893,63.50,20.778
40542,16233,63.50,20.778
40550,32893,63.50,20.778
40552,16233,63.50,20.778
40560,32893,63.50,20.778
40562,16233,63.50,20.778
40570,32893,63.50,20.778
40572,16233,63.50,20.778
40580,32893,63.50,20.778
40582,16233,63.50,20.778
40590,32893,63.50,20.778
40591,16233,63.50,20.778
40600,32893,63.50,20.778
40602,16233,63.50,20.778
40610,32893,63.50,20.778
40612,16233,63.50,20.778
40620,32893,63.50,20.778
40622,16233,63.50,20.778
40630,32893,63.50,20.778
40632,16233,63.50,20.778
40640,32893,63.50,20.778
40642,16233,63.50,20.778
40650,32893,63.50,20.778
40652,16233,63.50,20.778
40660,32893,63.50,20.778
40662,16233,63.50,20.778
40670,32893,63.50,20.778
40672,16233,63.50,20.778
40680,32893,63.50,20.778
40682,16233,63.50,20.778
40690,32893,63.50,20.778
40692,16233,63.50,20.778
40700,32893,63.50,20.778
40702,16233,63.50,20.778
40710,32893,63.50,20.778
40712,16233,63.50,20.778
40720,32893,63.50,20.778
40722,16233,63.50,20.778
40729,32893,63.50,20.778
40732,16233,63.50,20.778
40740,32893,63.50,20.778
40742,16233,63.50,20.778
40750,32893,63.50,20.778
40752,16233,63.50,20.778
40760,32893,63.50,20.778
40762,16233,63.50,20.778
40770,32893,63.50,20.778
40772,16233,63.50,20.778
40780,32893,63.50,20.778
40782,16233,63.50,20.778
40790,32893,63.50,20.778
40792,16233,63.50,20.778
40800,32893,63.50,20.778
40802,16233,63.50,20.778
40810,32893,63.50,20.778
40812,16233,63.50,20.778
40820,32893,63.50,20.778
40822,16233,63.50,20.778
40830,32893,63.50,20.778
40832,16233,63.50,20.778
40840,32893,63.50,20.778
40842,16233,63.50,20.778
40850,32893,63.50,20.778
40852,16233,63.50,20.778
40860,32893,63.50,20.778
40862,16233,63.50,20.778
40870,32893,63.50,20.778
40872,16233,63.50,20.778
40880,32893,63.50,20.778
40882,16233,63.50,20.778
40890,32893,63.50,20.778
40892,16233,63.50,20.778
40900,32893,63.50,20.778
40902,16233,63.50,20.778
40910,32893,63.50,20.778
40912,16233,63.50,20.778
40920,32893,63.50,20.778
40922,16233,63.50,20.778
40930,32893,63.50,20.778
40932,16233,63.50,20.778
40940,32893,63.50,20.778
40942,16233,63.50,20.778
40950,32893,63.50,20.778
40952,16233,63.50,20.778
40960,32893,63.50,20.778
40962,16233,63.50,20.778
40970,32893,63.50,20.778
40972,16233,63.50,20.778
40980,32893,63.50,20.778
40982,16233,63.50,20.778
40990,32893,63.50,20.778
40992,16233,63.50,20.778
41000,32893,63.50,20.778
41002,16233,63.50,20.778
41010,32893,63.50,20.778
41012,16233,63.50,20.778
41020,32893,63.50,20.778
41022,16233,63.50,20.778
41030,32893,63.50,20.778
41032,16233,63.50,20.778
41040,32893,63.50,20.778
41042,16233,63.50,20.778
41050,32893,63.50,20.778
41052,16233,63.50,20.778
41060,32893,63.50,20.778
41062,16233,63.50,20.778
41071,32893,63.50,20.778
41072,16233,63.50,20.778
41080,32893,63.50,20.778
41082,16233,63.50,20.778
41090,32893,63.50,20.778
41092,16233,63.50,20.778
41100,32893,63.50,20.778
41102,16233,63.50,20.778
41110,32893,63.50,20.778
41112,16233,63.50,20.778
41120,32893,63.50,20.778
41122,16233,63.50,20.778
41130,32893,63.50,20.778
41132,16233,63.50,20.778
41140,32893,63.50,20.778
41142,16233,63.50,20.778
41150,32893,63.50,20.778
41152,16233,63.50,20.778
41160,32893,63.50,20.778
41162,16233,63.50,20.778
41170,32893,63.50,20.778
41172,16233,63.50,20.778
41180,32893,63.50,20.778
41182,16233,63.50,20.778
41190,32893,63.50,20.778
41192,16233,63.50,20.778
41200,32893,63.50,20.778
41202,16233,63.50,20.778
41210,32893,63.50,20.778
41212,16233,63.50,20.778
41220,32893,63.50,20.778
41222,16233,63.50,20.778
41230,32893,63.50,20.778
41232,16233,63.50,20.778
41240,32893,63.50,20.778
41242,16233,63.50,20.778
41250,32893,63.50,20.778
41252,16233,63.50,20.778
41260,32893,63.50,20.778
41262,16233,63.50,20.778
41270,32893,63.50,20.778
41272,16233,63.50,20.778
41280,32893,63.50,20.778
41282,16233,63.50,20.778
41290,32893,63.50,20.778
41292,16233,63.50,20.778
41300,32893,63.50,20.778
41302,16233,63.50,20.778
41309,32893,63.50,20.778
41312,16233,63.50,20.778
41320,32893,63.50,20.778
41322,16233,63.50,20.778
41330,32893,63.50,20.778
41332,16233,63.50,20.778
41340,32893,63.50,20.778
41342,16233,63.50,20.778
41350,32893,63.50,20.778
41352,16233,63.50,20.778
41360,32893,63.50,20.778
41362,16233,63.50,20.778
41370,32893,63.50,20.778
41372,16233,63.50,20.778
41380,32893,63.50,20.778
41382,16233,63.50,20.778
41390,32893,63.50,20.778
41392,16233,63.50,20.778
41399,32893,63.50,20.778
41402,16233,63.50,20.778
41410,32893,63.50,20.778
41412,16233,63.50,20.778
41420,32893,63.50,20.778
41422,16233,63.50,20.778
41430,32893,63.50,20.778
41432,16233,63.50,20.778
41440,32893,63.50,20.778
41442,16233,63.50,20.778
41450,32893,63.50,20.778
41452,16233,63.50,20.778
41459,32893,63.50,20.778
41462,16233,63.50,20.778
41470,32893,63.50,20.778
41472,16233,63.50,20.778
41480,32893,63.50,20.778
41482,16233,63.50,20.778
41490,32893,63.50,20.778
41492,16233,63.50,20.778
41500,32893,63.50,20.778
41502,16233,63.50,20.778
41509,32893,63.50,20.778
41512,16233,63.50,20.778
41520,32893,63.50,20.778
41521,16233,63.50,20.778
41530,32893,63.50,20.778
41532,16233,63.50,20.778
41540,32893,63.50,20.778
41542,16233,63.50,20.778
41549,32893,63.50,20.778
41551,16233,63.50,20.778
41560,32893,63.50,20.778
41562,16233,63.50,20.778
41570,32893,63.50,20.778
41572,16233,63.50,20.778
41580,32893,63.50,20.778
41582,16233,63.50,20.778
41590,32893,63.50,20.778
41592,16233,63.50,20.778
41600,32893,63.50,20.778
41602,16233,63.50,20.778
41609,32893,63.50,20.778
41612,16233,63.50,20.778
41620,32893,63.50,20.778
41622,16233,63.50,20.778
41630,32893,63.50,20.778
41632,16233,63.50,20.778
41640,32893,63.50,20.778
41642,16233,63.50,20.778
41650,32893,63.50,20.778
41652,16233,63.50,20.778
41660,32893,63.50,20.778
41662,16233,63.50,20.778
41671,32893,63.50,20.778
41672,16233,63.50,20.778
41680,32893,63.50,20.778
41682,16233,63.50,20.778
41690,32893,63.50,20.778
41692,16233,63.50,20.778
41700,32893,63.50,20.778
41702,16233,63.50,20.778
41710,32893,63.50,20.778
41712,16233,63.50,20.778
41719,32893,63.50,20.778
41722,16233,63.50,20.778
41730,32893,63.50,20.778
41732,16233,63.50,20.778
41740,32893,63.50,20.778
41742,16233,63.50,20.778
41750,32893,63.50,20.778
41752,16233,63.50,20.778
41760,32893,63.50,20.778
41762,16233,63.50,20.778
41770,32893,63.50,20.778
41772,16233,63.50,20.778
41780,32893,63.50,20.778
41782,16233,63.50,20.778
41790,32893,63.50,20.778
41792,16233,63.50,20.778
41800,32893,63.50,20.778
41802,16233,63.50,20.778
41810,32893,63.50,20.778
41812,16233,63.50,20.778
41820,32893,63.50,20.778
41822,16233,63.50,20.778
41830,32893,63.50,20.778
41832,16233,63.50,20.778
41840,32893,63.50,20.778
41842,16233,63.50,20.778
41849,32893,63.50,20.778
41852,16233,63.50,20.778
41859,32893,63.50,20.778
41862,16233,63.50,20.778
41870,32893,63.50,20.778
41872,16233,63.50,20.778
41880,32893,63.50,20.778
41882,16233,63.50,20.778
41890,32893,63.50,20.778
41892,16233,63.50,20.778
41900,32893,63.50,20.778
41902,16233,63.50,20.778
41910,32893,63.50,20.778
41912,16233,63.50,20.778
41919,32893,63.50,20.778
41922,16233,63.50,20.778
41930,32893,63.50,20.778
41933,16233,63.50,20.778
41940,32893,63.50,20.778
41942,16233,63.50,20.778
41950,32893,63.50,20.778
41952,16233,63.50,20.778
41960,32893,63.50,20.778
41962,16233,63.50,20.778
41970,32893,63.50,20.778
41972,16233,63.50,20.778
41980,32893,63.50,20.778
41982,16233,63.50,20.778
41990,32893,63.50,20.778
41992,16233,63.50,20.778
42000,32893,63.50,20.778
42002,16233,63.50,20.778
42010,32893,63.50,20.778
42012,16233,63.50,20.778
42019,32893,63.50,20.778
42022,16233,63.50,20.778
42030,32893,63.50,20.778
42032,16233,63.50,20.778
42040,32893,63.50,20.778
42042,16233,63.50,20.778
42050,32893,63.50,20.778
42052,16233,63.50,20.778
42060,32893,63.50,20.778
42062,16233,63.50,20.778
42070,32893,63.50,20.778
42072,16233,63.50,20.778
42080,32893,63.50,20.778
42082,16233,63.50,20.778
42089,32893,63.50,20.778
42092,16233,63.50,20.778
42099,32893,63.50,20.778
42102,16233,63.50,20.778
42110,32893,63.50,20.778
42112,16233,63.50,20.778
42120,32893,63.50,20.778
42122,16233,63.50,20.778
42130,32893,63.50,20.778
42132,16233,63.50,20.778
42140,32893,63.50,20.778
42143,16233,63.50,20.778
42150,32893,63.50,20.778
42152,16233,63.50,20.778
42160,32893,63.50,20.778
42162,16233,63.50,20.778
42170,32893,63.50,20.778
42179,16233,63.50,20.778
42180,32893,63.50,20.778
42182,16233,63.50,20.778
42190,32893,63.50,20.778
42192,16233,63.50,20.778
42200,32893,63.50,20.778
42202,16233,63.50,20.778
42209,32893,63.50,20.778
42212,16233,63.50,20.778
42223,32893,63.50,20.778
42223,16233,63.50,20.778
42230,32893,63.50,20.778
42232,16233,63.50,20.778
42240,32893,63.50,20.778
42242,16233,63.50,20.778
42250,32893,63.50,20.778
42252,16233,63.50,20.778
42260,32893,63.50,20.778
42262,16233,63.50,20.778
42270,32893,63.50,20.778
42272,16233,63.50,20.778
42280,32893,63.50,20.778
42282,16233,63.50,20.778
42290,32893,63.50,20.778
42292,16233,63.50,20.778
42300,32893,63.50,20.778
42302,16233,63.50,20.778
42310,32893,63.50,20.778
42312,16233,63.50,20.778
42320,32893,63.50,20.778
42322,16233,63.50,20.778
42330,32893,63.50,20.778
42332,16233,63.50,20.778
42340,32893,63.50,20.778
42342,16233,63.50,20.778
42350,32893,63.50,20.778
42352,16233,63.50,20.778
42360,32893,63.50,20.778
42362,16233,63.50,20.778
42370,32893,63.50,20.778
42372,16233,63.50,20.778
42380,32893,63.50,20.778
42382,16233,63.50,20.778
42390,32893,63.50,20.778
42392,16233,63.50,20.778
42400,32893,63.50,20.778
42402,16233,63.50,20.778
42410,32893,63.50,20.778
42412,16233,63.50,20.778
42420,32893,63.50,20.778
42422,16233,63.50,20.778
42430,32893,63.50,20.778
42432,16233,63.50,20.778
42440,32893,63.50,20.778
42442,16233,63.50,20.778
42450,32893,63.50,20.778
42452,16233,63.50,20.778
42460,32893,63.50,20.778
42462,16233,63.50,20.778
42470,32893,63.50,20.778
42472,16233,63.50,20.778
42480,32893,63.50,20.778
42482,16233,63.50,20.778
42490,32893,63.50,20.778
42492,16233,63.50,20.778
42500,32893,63.50,20.778
42502,16233,63.50,20.778
42510,32893,63.50,20.778
42512,16233,63.50,20.778
42520,32893,63.50,20.778
42522,16233,63.50,20.778
42530,32893,63.50,20.778
42532,16233,63.50,20.778
42540,32893,63.50,20.778
42542,16233,63.50,20.778
42550,32893,63.50,20.778
42552,16233,63.50,20.778
42560,32893,63.50,20.778
42562,16233,63.50,20.778
42570,32893,63.50,20.778
42572,16233,63.50,20.778
42580,32893,63.50,20.778
42582,16233,63.50,20.778
42590,32893,63.50,20.778
42592,16233,63.50,20.778
42600,32893,63.50,20.778
42602,16233,63.50,20.778
42611,32893,63.50,20.778
42612,16233,63.50,20.778
42620,32893,63.50,20.778
42622,16233,63.50,20.778
42629,32893,63.50,20.778
42632,16233,63.50,20.778
42640,32893,63.50,20.778
42642,16233,63.50,20.778
42650,32893,63.50,20.778
42653,16233,63.50,20.778
42660,32893,63.50,20.778
42662,16233,63.50,20.778
42670,32893,63.50,20.778
42672,16233,63.50,20.778
42680,32893,63.50,20.778
42682,16233,63.50,20.778
42690,32893,63.50,20.778
42692,16233,63.50,20.778
42700,32893,63.50,20.778
42702,16233,63.50,20.778
42710,32893,63.50,20.778
42712,16233,63.50,20.778
42720,32893,63.50,20.778
42722,16233,63.50,20.778
42730,32893,63.50,20.778
42732,16233,63.50,20.778
42740,32893,63.50,20.778
42742,16233,63.50,20.778
42750,32893,63.50,20.778
42752,16233,63.50,20.778
42760,32893,63.50,20.778
42762,16233,63.50,20.778
42770,32893,63.50,20.778
42772,16233,63.50,20.778
42779,32893,63.50,20.778
42782,16233,63.50,20.778
42790,32893,63.50,20.778
42792,16233,63.50,20.778
42800,32893,63.50,20.778
42802,16233,63.50,20.778
42810,32893,63.50,20.778
42812,16233,63.50,20.778
42820,32893,63.50,20.778
42822,16233,63.50,20.778
42829,32893,63.50,20.778
42832,16233,63.50,20.778
42839,32893,63.50,20.778
42842,16233,63.50,20.778
42850,32893,63.50,20.778
42852,16233,63.50,20.778
42860,32893,63.50,20.778
42862,16233,63.50,20.778
42870,32893,63.50,20.778
42872,16233,63.50,20.778
42880,32893,63.50,20.778
42882,16233,63.50,20.778
42890,32893,63.50,20.778
42892,16233,63.50,20.778
42900,32893,63.50,20.778
42902,16233,63.50,20.778
42910,32893,63.50,20.778
42912,16233,63.50,20.778
42920,32893,63.50,20.778
42922,16233,63.50,20.778
42930,32893,63.50,20.778
42932,16233,63.50,20.778
42940,32893,63.50,20.778
42942,16233,63.50,20.778
42950,32893,63.50,20.778
42952,16233,63.50,20.778
42960,32893,63.50,20.778
42962,16233,63.50,20.778
42970,32893,63.50,20.778
42972,16233,63.50,20.778
42980,32893,63.50,20.778
42982,16233,63.50,20.778
42990,32893,63.50,20.778
42992,16233,63.50,20.778
43000,32893,63.50,20.778
43002,16233,63.50,20.778
43010,32893,63.50,20.778
43012,16233,63.50,20.778
43020,32893,63.50,20.778
43022,16233,63.50,20.778
43030,32893,63.50,20.778
43032,16233,63.50,20.778
43040,32893,63.50,20.778
43042,16233,63.50,20.778
43050,32893,63.50,20.778
43052,16233,63.50,20.778
43060,32893,63.50,20.778
43062,16233,63.50,20.778
43070,32893,63.50,20.778
43072,16233,63.50,20.778
43080,32893,63.50,20.778
43082,16233,63.50,20.778
43090,32893,63.50,20.778
43092,16233,63.50,20.778
43100,32893,63.50,20.778
43102,16233,63.50,20.778
43110,32893,63.50,20.778
43112,16233,63.50,20.778
43120,32893,63.50,20.778
43122,16233,63.50,20.778
43130,32893,63.50,20.778
43132,16233,63.50,20.778
43139,32893,63.50,20.778
43142,16233,63.50,20.778
43150,32893,63.50,20.778
43152,16233,63.50,20.778
43159,32893,63.50,20.778
43162,16233,63.50,20.778
43169,32893,63.50,20.778
43172,16233,63.50,20.778
43180,32893,63.50,20.778
43182,16233,63.50,20.778
43190,32893,63.50,20.778
43192,16233,63.50,20.778
43200,32893,63.50,20.778
43202,16233,63.50,20.778
43209,32893,63.50,20.778
43212,16233,63.50,20.778
43220,32893,63.50,20.778
43222,16233,63.50,20.778
43230,32893,63.50,20.778
43232,16233,63.50,20.778
43240,32893,63.50,20.778
43242,16233,63.50,20.778
43250,32893,63.50,20.778
43252,16233,63.50,20.778
43259,32893,63.50,20.778
43262,16233,63.50,20.778
43269,32893,63.50,20.778
43272,16233,63.50,20.778
43280,32893,63.50,20.778
43282,16233,63.50,20.778
43290,32893,63.50,20.778
43293,16233,63.50,20.778
43300,32893,63.50,20.778
43302,16233,63.50,20.778
43310,32893,63.50,20.778
43312,16233,63.50,20.778
43320,32893,63.50,20.778
43322,16233,63.50,20.778
43329,32893,63.50,20.778
43332,16233,63.50,20.778
43340,32893,63.50,20.778
43342,16233,63.50,20.778
43350,32893,63.50,20.778
43352,16233,63.50,20.778
43360,32893,63.50,20.778
43362,16233,63.50,20.778
43370,32893,63.50,20.778
43372,16233,63.50,20.778
43380,32893,63.50,20.778
43382,16233,63.50,20.778
43390,32893,63.50,20.778
43392,16233,63.50,20.778
43400,32893,63.50,20.778
43402,16233,63.50,20.778
43410,32893,63.50,20.778
43412,16233,63.50,20.778
43419,32893,63.50,20.778
43422,16233,63.50,20.778
43430,32893,63.50,20.778
43432,16233,63.50,20.778
43439,32893,63.50,20.778
43442,16233,63.50,20.778
43450,32893,63.50,20.778
43452,16233,63.50,20.778
43460,32893,63.50,20.778
43462,16233,63.50,20.778
43470,32893,63.50,20.778
43472,16233,63.50,20.778
43480,32893,63.50,20.778
43482,16233,63.50,20.778
43490,32893,63.50,20.778
43492,16233,63.50,20.778
43500,32893,63.50,20.778
43502,16233,63.50,20.778
43510,32893,63.50,20.778
43512,16233,63.50,20.778
43520,32893,63.50,20.778
43522,16233,63.50,20.778
43530,32893,63.50,20.778
43532,16233,63.50,20.778
43540,32893,63.50,20.778
43542,16233,63.50,20.778
43550,32893,63.50,20.778
43552,16233,63.50,20.778
43560,32893,63.50,20.778
43562,16233,63.50,20.778
43569,32893,63.50,20.778
43572,16233,63.50,20.778
43580,32893,63.50,20.778
43582,16233,63.50,20.778
43590,32893,63.50,20.778
43592,16233,63.50,20.778
43600,32893,63.50,20.778
43602,16233,63.50,20.778
43610,32893,63.50,20.778
43612,16233,63.50,20.778
43620,32893,63.50,20.778
43622,16233,63.50,20.778
43630,32893,63.50,20.778
43632,16233,63.50,20.778
43640,32893,63.50,20.778
43642,16233,63.50,20.778
43650,32893,63.50,20.778
43652,16233,63.50,20.778
43660,32893,63.50,20.778
43662,16233,63.50,20.778
43670,32893,63.50,20.778
43672,16233,63.50,20.778
43680,32893,63.50,20.778
43682,16233,63.50,20.778
43690,32893,63.50,20.778
43692,16233,63.50,20.778
43700,32893,63.50,20.778
43702,16233,63.50,20.778
43709,32893,63.50,20.778
43712,16233,63.50,20.778
43720,32893,63.50,20.778
43722,16233,63.50,20.778
43730,32893,63.50,20.778
43732,16233,63.50,20.778
43740,32893,63.50,20.778
43742,16233,63.50,20.778
43750,32893,63.50,20.778
43752,16233,63.50,20.778
43760,32893,63.50,20.778
43762,16233,63.50,20.778
43770,32893,63.50,20.778
43772,16233,63.50,20.778
43779,32893,63.50,20.778
43782,16233,63.50,20.778
43789,32893,63.50,20.778
43792,16233,63.50,20.778
43800,32893,63.50,20.778
43802,16233,63.50,20.778
43810,32893,63.50,20.778
43812,16233,63.50,20.778
43820,32893,63.50,20.778
43822,16233,63.50,20.778
43830,32893,63.50,20.778
43832,16233,63.50,20.778
43839,32893,63.50,20.778
43842,16233,63.50,20.778
43850,32893,63.50,20.778
43852,16233,63.50,20.778
43860,32893,63.50,20.778
43862,16233,63.50,20.778
43870,32893,63.50,20.778
43872,16233,63.50,20.778
43881,32893,63.50,20.778
43882,16233,63.50,20.778
43889,32893,63.50,20.778
43892,16233,63.50,20.778
43900,32893,63.50,20.778
43902,16233,63.50,20.778
43909,32893,63.50,20.778
43912,16233,63.50,20.778
43920,32893,63.50,20.778
43922,16233,63.50,20.778
43929,32893,63.50,20.778
43932,16233,63.50,20.778
43940,32893,63.50,20.778
43942,16233,63.50,20.778
43950,32893,63.50,20.778
43952,16233,63.50,20.778
43960,32893,63.50,20.778
43962,16233,63.50,20.778
43970,32893,63.50,20.778
43972,16233,63.50,20.778
43980,32893,63.50,20.778
43982,16233,63.50,20.778
43990,32893,63.50,20.778
43992,16233,63.50,20.778
44000,32893,63.50,20.778
44002,16233,63.50,20.778
44010,32893,63.50,20.778
44012,16233,63.50,20.778
44020,32893,63.50,20.778
44022,16233,63.50,20.778
44030,32893,63.50,20.778
44032,16233,63.50,20.778
44040,32893,63.50,20.778
44042,16233,63.50,20.778
44050,32893,63.50,20.778
44052,16233,63.50,20.778
44060,32893,63.50,20.778
44062,16233,63.50,20.778
44070,32893,63.50,20.778
44072,16233,63.50,20.778
44080,32893,63.50,20.778
44082,16233,63.50,20.778
44090,32893,63.50,20.778
44092,16233,63.50,20.778
44100,32893,63.50,20.778
44102,16233,63.50,20.778
44110,32893,63.50,20.778
44112,16233,63.50,20.778
44119,32893,63.50,20.778
44122,16233,63.50,20.778
44130,32893,63.50,20.778
44132,16233,63.50,20.778
44140,32893,63.50,20.778
44142,16233,63.50,20.778
44150,32893,63.50,20.778
44152,16233,63.50,20.778
44160,32893,63.50,20.778
44162,16233,63.50,20.778
44170,32893,63.50,20.778
44172,16233,63.50,20.778
44180,32893,63.50,20.778
44182,16233,63.50,20.778
44190,32893,63.50,20.778
44192,16233,63.50,20.778
44200,32893,63.50,20.778
44202,16233,63.50,20.778
44210,32893,63.50,20.778
44212,16233,63.50,20.778
44220,32893,63.50,20.778
44222,16233,63.50,20.778
44230,32893,63.50,20.778
44232,16233,63.50,20.778
44240,32893,63.50,20.778
44242,16233,63.50,20.778
44250,32893,63.50,20.778
44252,16233,63.50,20.778
44260,32893,63.50,20.778
44262,16233,63.50,20.778
44270,32893,63.50,20.778
44272,16233,63.50,20.778
44280,32893,63.50,20.778
44282,16233,63.50,20.778
44289,32893,63.50,20.778
44292,16233,63.50,20.778
44299,32893,63.50,20.778
44302,16233,63.50,20.778
44309,32893,63.50,20.778
44311,16233,63.50,20.778
44320,32893,63.50,20.778
44322,16233,63.50,20.778
44330,32893,63.50,20.778
44332,16233,63.50,20.778
44340,32893,63.50,20.778
44342,16233,63.50,20.778
44350,32893,63.50,20.778
44352,16233,63.50,20.778
44360,32893,63.50,20.778
44362,16233,63.50,20.778
44370,32893,63.50,20.778
44372,16233,63.50,20.778
44380,32893,63.50,20.778
44382,16233,63.50,20.778
44390,32893,63.50,20.778
44392,16233,63.50,20.778
44400,32893,63.50,20.778
44402,16233,63.50,20.778
44410,32893,63.50,20.778
44412,16233,63.50,20.778
44419,32893,63.50,20.778
44422,16233,63.50,20.778
44429,32893,63.50,20.778
44432,16233,63.50,20.778
44440,32893,63.50,20.778
44442,16233,63.50,20.778
44450,32893,63.50,20.778
44452,16233,63.50,20.778
44460,32893,63.50,20.778
44462,16233,63.50,20.778
44470,32893,63.50,20.778
44472,16233,63.50,20.778
44480,32893,63.50,20.778
44482,16233,63.50,20.778
44489,32893,63.50,20.778
44492,16233,63.50,20.778
44499,32893,63.50,20.778
44502,16233,63.50,20.778
44509,32893,63.50,20.778
44511,16233,63.50,20.778
44519,32893,63.50,20.778
44522,16233,63.50,20.778
44530,32893,63.50,20.778
44532,16233,63.50,20.778
44540,32893,63.50,20.778
44542,16233,63.50,20.778
44550,32893,63.50,20.778
44552,16233,63.50,20.778
44560,32893,63.50,20.778
44562,16233,63.50,20.778
44570,32893,63.50,20.778
44572,16233,63.50,20.778
44580,32893,63.50,20.778
44582,16233,63.50,20.778
44589,32893,63.50,20.778
44592,16233,63.50,20.778
44600,32893,63.50,20.778
44602,16233,63.50,20.778
44610,32893,63.50,20.778
44612,16233,63.50,20.778
44620,32893,63.50,20.778
44622,16233,63.50,20.778
44630,32893,63.50,20.778
44632,16233,63.50,20.778
44640,32893,63.50,20.778
44642,16233,63.50,20.778
44650,32893,63.50,20.778
44652,16233,63.50,20.778
44660,32893,63.50,20.778
44662,16233,63.50,20.778
44670,32893,63.50,20.778
44671,16233,63.50,20.778
44680,32893,63.50,20.778
44682,16233,63.50,20.778
44690,32893,63.50,20.778
44692,16233,63.50,20.778
44699,32893,63.50,20.778
44702,16233,63.50,20.778
44710,32893,63.50,20.778
44712,16233,63.50,20.778
44720,32893,63.50,20.778
44722,16233,63.50,20.778
44730,32893,63.50,20.778
44732,16233,63.50,20.778
44740,32893,63.50,20.778
44742,16233,63.50,20.778
44750,32893,63.50,20.778
44752,16233,63.50,20.778
44760,32893,63.50,20.778
44762,16233,63.50,20.778
44770,32893,63.50,20.778
44772,16233,63.50,20.778
44780,32893,63.50,20.778
44782,16233,63.50,20.778
44790,32893,63.50,20.778
44792,16233,63.50,20.778
44800,32893,63.50,20.778
44802,16233,63.50,20.778
44810,32893,63.50,20.778
44812,16233,63.50,20.778
44820,32893,63.50,20.778
44822,16233,63.50,20.778
44830,32893,63.50,20.778
44832,16233,63.50,20.778
44840,32893,63.50,20.778
44842,16233,63.50,20.778
44850,32893,63.50,20.778
44852,16233,63.50,20.778
44860,32893,63.50,20.778
44862,16233,63.50,20.778
44870,32893,63.50,20.778
44872,16233,63.50,20.778
44880,32893,63.50,20.778
44882,16233,63.50,20.778
44890,32893,63.50,20.778
44892,16233,63.50,20.778
44900,32893,63.50,20.778
44902,16233,63.50,20.778
44910,32893,63.50,20.778
44912,16233,63.50,20.778
44920,32893,63.50,20.778
44922,16233,63.50,20.778
44930,32893,63.50,20.778
44932,16233,63.50,20.778
44940,32893,63.50,20.778
44942,16233,63.50,20.778
44950,32893,63.50,20.778
44952,16233,63.50,20.778
44960,32893,63.50,20.778
44962,16233,63.50,20.778
44970,32893,63.50,20.778
44972,16233,63.50,20.778
44981,32893,63.50,20.778
44982,16233,63.50,20.778
44990,32893,63.50,20.778
44992,16233,63.50,20.778
45000,32893,63.50,20.778
45002,16233,63.50,20.778
45010,32893,63.50,20.778
45012,16233,63.50,20.778
45020,32893,63.50,20.778
45022,16233,63.50,20.778
45030,32893,63.50,20.778
45032,16233,63.50,20.778
45040,32893,63.50,20.778
45041,16233,63.50,20.778
45050,32893,63.50,20.778
45052,16233,63.50,20.778
45060,32893,63.50,20.778
45062,16233,63.50,20.778
45070,32893,63.50,20.778
45072,16233,63.50,20.778
45080,32893,63.50,20.778
45082,16233,63.50,20.778
45090,32893,63.50,20.778
45092,16233,63.50,20.778
45100,32893,63.50,20.778
45102,16233,63.50,20.778
45110,32893,63.50,20.778
45112,16233,58.00,18.978
45120,32893,63.50,20.778
45122,16233,58.00,18.978
45130,32893,63.50,20.778
45131,16233,58.00,18.978
45140,32893,63.50,20.778
45142,16233,58.00,18.978
45150,32893,63.50,20.778
45152,16233,58.00,18.978
45160,32893,63.50,20.778
45162,16233,58.00,18.978
45170,32893,63.50,20.778
45172,16233,58.00,18.978
45180,32893,63.50,20.778
45182,16233,58.00,18.978
45190,32893,63.50,20.778
45192,16233,58.00,18.978
45200,32893,63.50,20.778
45201,16233,58.00,18.978
45210,32893,63.50,20.778
45211,16233,58.00,18.978
45220,32893,63.50,20.778
45222,16233,58.00,18.978
45230,32893,63.50,20.778
45232,16233,58.00,18.978
45240,32893,63.50,20.778
45242,16233,58.00,18.978
45249,32893,63.50,20.778
45252,16233,58.00,18.978
45260,32893,63.50,20.778
45262,16233,58.00,18.978
45270,32893,63.50,20.778
45272,16233,58.00,18.978
45280,32893,63.50,20.778
45282,16233,58.00,18.978
45290,32893,63.50,20.778
45292,16233,58.00,18.978
45300,32893,63.50,20.778
45302,16233,58.00,18.978
45310,32893,63.50,20.778
45312,16233,58.00,18.978
45320,32893,63.50,20.778
45322,16233,58.00,18.978
45330,32893,63.50,20.778
45332,16233,58.00,18.978
45340,32893,63.50,20.778
45342,16233,58.00,18.978
45350,32893,63.50,20.778
45352,16233,58.00,18.978
45360,32893,63.50,20.778
45362,16233,58.00,18.978
45370,32893,63.50,20.778
45372,16233,58.00,18.978
45380,32893,63.50,20.778
45382,16233,58.00,18.978
45390,32893,63.50,20.778
45392,16233,58.00,18.978
45400,32893,63.50,20.778
45402,16233,58.00,18.978
45410,32893,63.50,20.778
45412,16233,58.00,18.978
45420,32893,63.50,20.778
45422,16233,58.00,18.978
45430,32893,63.50,20.778
45432,16233,58.00,18.978
45440,32893,63.50,20.778
45442,16233,58.00,18.978
45450,32893,63.50,20.778
45452,16233,58.00,18.978
45460,32893,63.50,20.778
45462,16233,58.00,18.978
45469,32893,63.50,20.778
45472,16233,58.00,18.978
45480,32893,63.50,20.778
45482,16233,58.00,18.978
45490,32893,63.50,20.778
45492,16233,58.00,18.978
45500,32893,63.50,20.778
45502,16233,58.00,18.978
45510,32893,63.50,20.778
45512,16233,58.00,18.978
45519,32893,63.50,20.778
45522,16233,58.00,18.978
45529,32893,63.50,20.778
45532,16233,58.00,18.978
45540,32893,63.50,20.778
45542,16233,58.00,18.978
45550,32893,63.50,20.778
45552,16233,58.00,18.978
45560,32893,63.50,20.778
45562,16233,58.00,18.978
45570,32893,63.50,20.778
45572,16233,58.00,18.978
45580,32893,63.50,20.778
45582,16233,58.00,18.978
45590,32893,63.50,20.778
45592,16233,58.00,18.978
45600,32893,63.50,20.778
45601,16233,58.00,18.978
45610,32893,63.50,20.778
45612,16233,58.00,18.978
45620,32893,63.50,20.778
45622,16233,58.00,18.978
45629,32893,63.50,20.778
45632,16233,58.00,18.978
45640,32893,63.50,20.778
45642,16233,58.00,18.978
45649,32893,63.50,20.778
45652,16233,58.00,18.978
45660,32893,63.50,20.778
45662,16233,58.00,18.978
45670,32893,63.50,20.778
45672,16233,58.00,18.978
45680,32893,63.50,20.778
45682,16233,58.00,18.978
45690,32893,63.50,20.778
45692,16233,58.00,18.978
45700,32893,63.50,20.778
45702,16233,58.00,18.978
45710,32893,63.50,20.778
45712,16233,58.00,18.978
45720,32893,63.50,20.778
45722,16233,58.00,18.978
45729,32893,63.50,20.778
45732,16233,58.00,18.978
45740,32893,63.50,20.778
45742,16233,58.00,18.978
45750,32893,63.50,20.778
45752,16233,58.00,18.978
45759,32893,63.50,20.778
45761,16233,58.00,18.978
45770,32893,63.50,20.778
45772,16233,58.00,18.978
45780,32893,63.50,20.778
45782,16233,58.00,18.978
45790,32893,63.50,20.778
45792,16233,58.00,18.978
45800,32893,63.50,20.778
45802,16233,58.00,18.978
45810,32893,63.50,20.778
45812,16233,58.00,18.978
45820,32893,63.50,20.778
45822,16233,58.00,18.978
45830,32893,63.50,20.778
45832,16233,58.00,18.978
45840,32893,63.50,20.778
45842,16233,58.00,18.978
45849,32893,63.50,20.778
45852,16233,58.00,18.978
45859,32893,63.50,20.778
45862,16233,58.00,18.978
45870,32893,63.50,20.778
45872,16233,58.00,18.978
45880,32893,63.50,20.778
45882,16233,58.00,18.978
45890,32893,63.50,20.778
45892,16233,58.00,18.978
45900,32893,63.50,20.778
45902,16233,58.00,18.978
45910,32893,63.50,20.778
45912,16233,58.00,18.978
45919,32893,63.50,20.778
45922,16233,58.00,18.978
45929,32893,63.50,20.778
45932,16233,58.00,18.978
45940,32893,63.50,20.778
45942,16233,58.00,18.978
45950,32893,63.50,20.778
45952,16233,58.00,18.978
45960,32893,63.50,20.778
45962,16233,58.00,18.978
45970,32893,63.50,20.778
45972,16233,58.00,18.978
45980,32893,63.50,20.778
45982,16233,58.00,18.978
45990,32893,63.50,20.778
45992,16233,58.00,18.978
46000,32893,63.50,20.778
46002,16233,58.00,18.978
46010,32893,63.50,20.778
46012,16233,58.00,18.978
46020,32893,63.50,20.778
46022,16233,58.00,18.978
46029,32893,63.50,20.778
46032,16233,58.00,18.978
46040,32893,63.50,20.778
46042,16233,58.00,18.978
46050,32893,63.50,20.778
46051,16233,58.00,18.978
46060,32893,63.50,20.778
46062,16233,58.00,18.978
46070,32893,63.50,20.778
46072,16233,58.00,18.978
46080,32893,63.50,20.778
46082,16233,58.00,18.978
46090,32893,63.50,20.778
46092,16233,58.00,18.978
46100,32893,63.50,20.778
46102,16233,58.00,18.978
46110,32893,63.50,20.778
46112,16233,58.00,18.978
46120,32893,63.50,20.778
46122,16233,58.00,18.978
46130,32893,63.50,20.778
46132,16233,58.00,18.978
46140,32893,63.50,20.778
46142,16233,58.00,18.978
46150,32893,63.50,20.778
46152,16233,58.00,18.978
46160,32893,63.50,20.778
46162,16233,58.00,18.978
46170,32893,63.50,20.778
46172,16233,58.00,18.978
46180,32893,63.50,20.778
46182,16233,58.00,18.978
46190,32893,63.50,20.778
46192,16233,58.00,18.978
46200,32893,63.50,20.778
46202,16233,58.00,18.978
46210,32893,63.50,20.778
46212,16233,58.00,18.978
46220,32893,63.50,20.778
46222,16233,58.00,18.978
46230,32893,63.50,20.778
46232,16233,58.00,18.978
46240,32893,63.50,20.778
46241,16233,58.00,18.978
46250,32893,63.50,20.778
46252,16233,58.00,18.978
46259,32893,63.50,20.778
46262,16233,58.00,18.978
46270,32893,63.50,20.778
46272,16233,58.00,18.978
46279,32893,63.50,20.778
46282,16233,58.00,18.978
46290,32893,63.50,20.778
46292,16233,58.00,18.978
46300,32893,63.50,20.778
46302,16233,58.00,18.978
46310,32893,63.50,20.778
46312,16233,58.00,18.978
46319,32893,63.50,20.778
46322,16233,58.00,18.978
46329,32893,63.50,20.778
46332,16233,58.00,18.978
46340,32893,63.50,20.778
46342,16233,58.00,18.978
46350,32893,63.50,20.778
46352,16233,58.00,18.978
46360,32893,63.50,20.778
46362,16233,58.00,18.978
46370,32893,63.50,20.778
46372,16233,58.00,18.978
46380,32893,63.50,20.778
46382,16233,58.00,18.978
46390,32893,63.50,20.778
46392,16233,58.00,18.978
46400,32893,63.50,20.778
46402,16233,58.00,18.978
46410,32893,63.50,20.778
46412,16233,58.00,18.978
46420,32893,63.50,20.778
46422,16233,58.00,18.978
46430,32893,63.50,20.778
46432,16233,58.00,18.978
46439,32893,63.50,20.778
46442,16233,58.00,18.978
46450,32893,63.50,20.778
46452,16233,58.00,18.978
46460,32893,63.50,20.778
46462,16233,58.00,18.978
46470,32893,63.50,20.778
46472,16233,58.00,18.978
46480,32893,63.50,20.778
46482,16233,58.00,18.978
46490,32893,63.50,20.778
46492,16233,58.00,18.978
46500,32893,63.50,20.778
46502,16233,58.00,18.978
46510,32893,63.50,20.778
46512,16233,58.00,18.978
46520,32893,63.50,20.778
46522,16233,58.00,18.978
46529,32893,63.50,20.778
46531,16233,58.00,18.978
46540,32893,63.50,20.778
46542,16233,58.00,18.978
46550,32893,63.50,20.778
46552,16233,58.00,18.978
46559,32893,63.50,20.778
46562,16233,58.00,18.978
46569,32893,63.50,20.778
46572,16233,58.00,18.978
46580,32893,63.50,20.778
46582,16233,58.00,18.978
46589,32893,63.50,20.778
46591,16233,58.00,18.978
46600,32893,63.50,20.778
46602,16233,58.00,18.978
46610,32893,63.50,20.778
46612,16233,58.00,18.978
46620,32893,63.50,20.778
46622,16233,58.00,18.978
46630,32893,63.50,20.778
46632,16233,58.00,18.978
46640,32893,63.50,20.778
46642,16233,58.00,18.978
46650,32893,63.50,20.778
46653,16233,58.00,18.978
46660,32893,63.50,20.778
46662,16233,58.00,18.978
46670,32893,63.50,20.778
46672,16233,58.00,18.978
46680,32893,63.50,20.778
46682,16233,58.00,18.978
46690,32893,63.50,20.778
46692,16233,58.00,18.978
46700,32893,63.50,20.778
46702,16233,58.00,18.978
46710,32893,63.50,20.778
46712,16233,58.00,18.978
46720,32893,63.50,20.778
46722,16233,58.00,18.978
46729,32893,63.50,20.778
46732,16233,58.00,18.978
46740,32893,63.50,20.778
46742,16233,58.00,18.978
46750,32893,63.50,20.778
46752,16233,58.00,18.978
46760,32893,63.50,20.778
46762,16233,58.00,18.978
46770,32893,63.50,20.778
46772,16233,58.00,18.978
46780,32893,63.50,20.778
46782,16233,58.00,18.978
46790,32893,63.50,20.778
46791,16233,58.00,18.978
46799,32893,63.50,20.778
46802,16233,58.00,18.978
46810,32893,63.50,20.778
46812,16233,58.00,18.978
46820,32893,63.50,20.778
46822,16233,58.00,18.978
46830,32893,63.50,20.778
46832,16233,58.00,18.978
46840,32893,63.50,20.778
46842,16233,58.00,18.978
46850,32893,63.50,20.778
46852,16233,58.00,18.978
46860,32893,63.50,20.778
46862,16233,58.00,18.978
46870,32893,63.50,20.778
46872,16233,58.00,18.978
46880,32893,63.50,20.778
46882,16233,58.00,18.978
46889,32893,63.50,20.778
46892,16233,58.00,18.978
46900,32893,63.50,20.778
46902,16233,58.00,18.978
46910,32893,63.50,20.778
46912,16233,58.00,18.978
46920,32893,63.50,20.778
46922,16233,58.00,18.978
46930,32893,63.50,20.778
46932,16233,58.00,18.978
46940,32893,63.50,20.778
46942,16233,58.00,18.978
46950,32893,63.50,20.778
46952,16233,58.00,18.978
46960,32893,63.50,20.778
46962,16233,58.00,18.978
46970,32893,63.50,20.778
46971,16233,58.00,18.978
46980,32893,63.50,20.778
46982,16233,58.00,18.978
46990,32893,63.50,20.778
46992,16233,58.00,18.978
47000,32893,59.00,19.305
47002,16233,58.00,18.978
47010,32893,59.00,19.305
47012,16233,58.00,18.978
47020,32893,59.00,19.305
47022,16233,58.00,18.978
47030,32893,59.00,19.305
47032,16233,58.00,18.978
47040,32893,59.00,19.305
47042,16233,58.00,18.978
47050,32893,59.00,19.305
47052,16233,58.00,18.978
47060,32893,59.00,19.305
47062,16233,58.00,18.978
47070,32893,59.00,19.305
47072,16233,58.00,18.978
47080,32893,59.00,19.305
47082,16233,58.00,18.978
47090,32893,59.00,19.305
47092,16233,58.00,18.978
47100,32893,59.00,19.305
47102,16233,58.00,18.978
47110,32893,59.00,19.305
47112,16233,58.00,18.978
47120,32893,59.00,19.305
47122,16233,58.00,18.978
47130,32893,59.00,19.305
47132,16233,58.00,18.978
47140,32893,59.00,19.305
47142,16233,58.00,18.978
47150,32893,59.00,19.305
47152,16233,58.00,18.978
47160,32893,59.00,19.305
47162,16233,58.00,18.978
47170,32893,59.00,19.305
47172,16233,58.00,18.978
47180,32893,59.00,19.305
47182,16233,58.00,18.978
47190,32893,59.00,19.305
47192,16233,58.00,18.978
47200,32893,59.00,19.305
47202,16233,58.00,18.978
47210,32893,59.00,19.305
47212,16233,58.00,18.978
47220,32893,59.00,19.305
47224,16233,58.00,18.978
47230,32893,59.00,19.305
47232,16233,58.00,18.978
47240,32893,59.00,19.305
47242,16233,58.00,18.978
47250,32893,59.00,19.305
47252,16233,58.00,18.978
47260,32893,59.00,19.305
47262,16233,58.00,18.978
47270,32893,59.00,19.305
47272,16233,58.00,18.978
47279,32893,59.00,19.305
47282,16233,58.00,18.978
47290,32893,59.00,19.305
47292,16233,58.00,18.978
47300,32893,59.00,19.305
47302,16233,58.00,18.978
47310,32893,59.00,19.305
47312,16233,58.00,18.978
47320,32893,59.00,19.305
47322,16233,58.00,18.978
47330,32893,59.00,19.305
47332,16233,58.00,18.978
47340,32893,59.00,19.305
47342,16233,58.00,18.978
47350,32893,59.00,19.305
47352,16233,58.00,18.978
47360,32893,59.00,19.305
47362,16233,58.00,18.978
47370,32893,59.00,19.305
47372,16233,58.00,18.978
47380,32893,59.00,19.305
47382,16233,58.00,18.978
47390,32893,59.00,19.305
47392,16233,58.00,18.978
47400,32893,59.00,19.305
47402,16233,58.00,18.978
47410,32893,59.00,19.305
47412,16233,58.00,18.978
47420,32893,59.00,19.305
47422,16233,58.00,18.978
47430,32893,59.00,19.305
47432,16233,58.00,18.978
47440,32893,59.00,19.305
47442,16233,58.00,18.978
47450,32893,59.00,19.305
47452,16233,58.00,18.978
47460,32893,59.00,19.305
47462,16233,58.00,18.978
47470,32893,59.00,19.305
47472,16233,58.00,18.978
47480,32893,59.00,19.305
47482,16233,58.00,18.978
47490,32893,59.00,19.305
47492,16233,58.00,18.978
47500,32893,59.00,19.305
47502,16233,58.00,18.978
47509,32893,59.00,19.305
47512,16233,58.00,18.978
47520,32893,59.00,19.305
47522,16233,58.00,18.978
47530,32893,59.00,19.305
47532,16233,58.00,18.978
47540,32893,59.00,19.305
47542,16233,58.00,18.978
47550,32893,59.00,19.305
47552,16233,58.00,18.978
47560,32893,59.00,19.305
47562,16233,58.00,18.978
47570,32893,59.00,19.305
47572,16233,58.00,18.978
47580,32893,59.00,19.305
47582,16233,58.00,18.978
47590,32893,59.00,19.305
47593,16233,58.00,18.978
47600,32893,59.00,19.305
47602,16233,58.00,18.978
47610,32893,59.00,19.305
47612,16233,58.00,18.978
47620,32893,59.00,19.305
47622,16233,58.00,18.978
47630,32893,59.00,19.305
47632,16233,58.00,18.978
47640,32893,59.00,19.305
47642,16233,58.00,18.978
47650,32893,59.00,19.305
47652,16233,58.00,18.978
47660,32893,59.00,19.305
47662,16233,58.00,18.978
47670,32893,59.00,19.305
47672,16233,58.00,18.978
47680,32893,59.00,19.305
47682,16233,58.00,18.978
47690,32893,59.00,19.305
47692,16233,58.00,18.978
47700,32893,59.00,19.305
47702,16233,58.00,18.978
47710,32893,59.00,19.305
47712,16233,58.00,18.978
47720,32893,59.00,19.305
47722,16233,58.00,18.978
47730,32893,59.00,19.305
47732,16233,58.00,18.978
47740,32893,59.00,19.305
47742,16233,58.00,18.978
47750,32893,59.00,19.305
47752,16233,58.00,18.978
47760,32893,59.00,19.305
47762,16233,58.00,18.978
47770,32893,59.00,19.305
47772,16233,58.00,18.978
47780,32893,59.00,19.305
47783,16233,58.00,18.978
47790,32893,59.00,19.305
47792,16233,58.00,18.978
47800,32893,59.00,19.305
47802,16233,58.00,18.978
47810,32893,59.00,19.305
47812,16233,58.00,18.978
47820,32893,59.00,19.305
47822,16233,58.00,18.978
47830,32893,59.00,19.305
47832,16233,58.00,18.978
47840,32893,59.00,19.305
47842,16233,58.00,18.978
47850,32893,59.00,19.305
47852,16233,58.00,18.978
47860,32893,59.00,19.305
47862,16233,58.00,18.978
47870,32893,59.00,19.305
47872,16233,58.00,18.978
47881,32893,59.00,19.305
47882,16233,58.00,18.978
47890,32893,59.00,19.305
47892,16233,58.00,18.978
47900,32893,59.00,19.305
47902,16233,58.00,18.978
47910,32893,59.00,19.305
47912,16233,58.00,18.978
47920,32893,59.00,19.305
47922,16233,58.00,18.978
47930,32893,59.00,19.305
47932,16233,58.00,18.978
47940,32893,59.00,19.305
47942,16233,58.00,18.978
47951,32893,59.00,19.305
47952,16233,58.00,18.978
47960,32893,59.00,19.305
47962,16233,58.00,18.978
47970,32893,59.00,19.305
47972,16233,58.00,18.978
47980,32893,59.00,19.305
47982,16233,58.00,18.978
47990,32893,59.00,19.305
47992,16233,58.00,18.978
48000,32893,59.00,19.305
48002,16233,58.00,18.978
48010,32893,59.00,19.305
48012,16233,58.00,18.978
48020,32893,59.00,19.305
48022,16233,58.00,18.978
48030,32893,59.00,19.305
48032,16233,58.00,18.978
48040,32893,59.00,19.305
48042,16233,58.00,18.978
48050,32893,59.00,19.305
48052,16233,58.00,18.978
48060,32893,59.00,19.305
48062,16233,58.00,18.978
48070,32893,59.00,19.305
48072,16233,58.00,18.978
48080,32893,59.00,19.305
48082,16233,58.00,18.978
48090,32893,59.00,19.305
48092,16233,58.00,18.978
48100,32893,59.00,19.305
48102,16233,58.00,18.978
48110,32893,59.00,19.305
48112,16233,58.00,18.978
48120,32893,59.00,19.305
48121,16233,58.00,18.978
48130,32893,59.00,19.305
48132,16233,58.00,18.978
48140,32893,59.00,19.305
48142,16233,58.00,18.978
48150,32893,59.00,19.305
48152,16233,58.00,18.978
48160,32893,59.00,19.305
48162,16233,58.00,18.978
48170,32893,59.00,19.305
48172,16233,58.00,18.978
48180,32893,59.00,19.305
48182,16233,58.00,18.978
48190,32893,59.00,19.305
48191,16233,58.00,18.978
48200,32893,59.00,19.305
48202,16233,58.00,18.978
48210,32893,59.00,19.305
48212,16233,58.00,18.978
48220,32893,59.00,19.305
48222,16233,58.00,18.978
48230,32893,59.00,19.305
48232,16233,58.00,18.978
48240,32893,59.00,19.305
48242,16233,58.00,18.978
48250,32893,59.00,19.305
48252,16233,58.00,18.978
48260,32893,59.00,19.305
48262,16233,58.00,18.978
48270,32893,59.00,19.305
48272,16233,58.00,18.978
48280,32893,59.00,19.305
48282,16233,58.00,18.978
48290,32893,59.00,19.305
48292,16233,58.00,18.978
48300,32893,59.00,19.305
48302,16233,58.00,18.978
48310,32893,59.00,19.305
48312,16233,58.00,18.978
48320,32893,59.00,19.305
48322,16233,58.00,18.978
48330,32893,59.00,19.305
48332,16233,58.00,18.978
48340,32893,59.00,19.305
48342,16233,58.00,18.978
48350,32893,59.00,19.305
48352,16233,58.00,18.978
48360,32893,59.00,19.305
48362,16233,58.00,18.978
48370,32893,59.00,19.305
48372,16233,58.00,18.978
48380,32893,59.00,19.305
48382,16233,58.00,18.978
48390,32893,59.00,19.305
48392,16233,58.00,18.978
48400,32893,59.00,19.305
48402,16233,58.00,18.978
48410,32893,59.00,19.305
48412,16233,58.00,18.978
48420,32893,59.00,19.305
48422,16233,58.00,18.978
48430,32893,59.00,19.305
48432,16233,58.00,18.978
48440,32893,59.00,19.305
48442,16233,58.00,18.978
48450,32893,59.00,19.305
48452,16233,58.00,18.978
48460,32893,59.00,19.305
48462,16233,58.00,18.978
48470,32893,59.00,19.305
48472,16233,58.00,18.978
48480,32893,59.00,19.305
48482,16233,58.00,18.978
48490,32893,59.00,19.305
48492,16233,58.00,18.978
48500,32893,59.00,19.305
48502,16233,58.00,18.978
48510,32893,59.00,19.305
48512,16233,58.00,18.978
48520,32893,59.00,19.305
48522,16233,58.00,18.978
48530,32893,59.00,19.305
48532,16233,58.00,18.978
48540,32893,59.00,19.305
48542,16233,58.00,18.978
48550,32893,59.00,19.305
48552,16233,58.00,18.978
48560,32893,59.00,19.305
48562,16233,58.00,18.978
48570,32893,59.00,19.305
48572,16233,58.00,18.978
48580,32893,59.00,19.305
48582,16233,58.00,18.978
48590,32893,59.00,19.305
48592,16233,58.00,18.978
48600,32893,59.00,19.305
48602,16233,58.00,18.978
48610,32893,59.00,19.305
48612,16233,58.00,18.978
48620,32893,59.00,19.305
48622,16233,58.00,18.978
48630,32893,59.00,19.305
48632,16233,58.00,18.978
48640,32893,59.00,19.305
48642,16233,58.00,18.978
48650,32893,59.00,19.305
48652,16233,58.00,18.978
48660,32893,59.00,19.305
48662,16233,58.00,18.978
48670,32893,59.00,19.305
48672,16233,58.00,18.978
48680,32893,59.00,19.305
48682,16233,58.00,18.978
48690,32893,59.00,19.305
48692,16233,58.00,18.978
48700,32893,59.00,19.305
48702,16233,58.00,18.978
48710,32893,59.00,19.305
48712,16233,58.00,18.978
48720,32893,59.00,19.305
48722,16233,58.00,18.978
48730,32893,59.00,19.305
48732,16233,58.00,18.978
48740,32893,59.00,19.305
48742,16233,58.00,18.978
48750,32893,59.00,19.305
48752,16233,58.00,18.978
48760,32893,59.00,19.305
48762,16233,58.00,18.978
48770,32893,59.00,19.305
48772,16233,58.00,18.978
48780,32893,59.00,19.305
48782,16233,58.00,18.978
48790,32893,59.00,19.305
48792,16233,58.00,18.978
48800,32893,59.00,19.305
48802,16233,58.00,18.978
48810,32893,59.00,19.305
48812,16233,58.00,18.978
48820,32893,59.00,19.305
48822,16233,58.00,18.978
48830,32893,59.00,19.305
48832,16233,58.00,18.978
48840,32893,59.00,19.305
48843,16233,58.00,18.978
48850,32893,59.00,19.305
48852,16233,58.00,18.978
48860,32893,59.00,19.305
48862,16233,58.00,18.978
48870,32893,59.00,19.305
48872,16233,58.00,18.978
48880,32893,59.00,19.305
48882,16233,58.00,18.978
48890,32893,59.00,19.305
48892,16233,58.00,18.978
48900,32893,59.00,19.305
48902,16233,58.00,18.978
48910,32893,59.00,19.305
48912,16233,58.00,18.978
48920,32893,59.00,19.305
48922,16233,58.00,18.978
48930,32893,59.00,19.305
48932,16233,58.00,18.978
48940,32893,59.00,19.305
48942,16233,58.00,18.978
48950,32893,59.00,19.305
48952,16233,58.00,18.978
48960,32893,59.00,19.305
48962,16233,58.00,18.978
48970,32893,59.00,19.305
48972,16233,58.00,18.978
48980,32893,59.00,19.305
48982,16233,58.00,18.978
48990,32893,59.00,19.305
48992,16233,58.00,18.978
49000,32893,59.00,19.305
49002,16233,58.00,18.978
49010,32893,59.00,19.305
49012,16233,58.00,18.978
49020,32893,59.00,19.305
49022,16233,58.00,18.978
49030,32893,59.00,19.305
49032,16233,58.00,18.978
49040,32893,59.00,19.305
49042,16233,58.00,18.978
49050,32893,59.00,19.305
49052,16233,58.00,18.978
49060,32893,59.00,19.305
49062,16233,58.00,18.978
49070,32893,59.00,19.305
49072,16233,58.00,18.978
49080,32893,59.00,19.305
49082,16233,58.00,18.978
49090,32893,59.00,19.305
49092,16233,58.00,18.978
49100,32893,59.00,19.305
49102,16233,58.00,18.978
49110,32893,59.00,19.305
49112,16233,58.00,18.978
49120,32893,59.00,19.305
49122,16233,58.00,18.978
49130,32893,59.00,19.305
49132,16233,58.00,18.978
49140,32893,59.00,19.305
49142,16233,58.00,18.978
49150,32893,59.00,19.305
49152,16233,58.00,18.978
49160,32893,59.00,19.305
49162,16233,58.00,18.978
49170,32893,59.00,19.305
49172,16233,58.00,18.978
49180,32893,59.00,19.305
49182,16233,58.00,18.978
49189,32893,59.00,19.305
49192,16233,58.00,18.978
49200,32893,59.00,19.305
49202,16233,58.00,18.978
49210,32893,59.00,19.305
49212,16233,58.00,18.978
49220,32893,59.00,19.305
49221,16233,58.00,18.978
49230,32893,59.00,19.305
49231,16233,58.00,18.978
49240,32893,59.00,19.305
49242,16233,58.00,18.978
49250,32893,59.00,19.305
49252,16233,58.00,18.978
49260,32893,59.00,19.305
49262,16233,58.00,18.978
49270,32893,59.00,19.305
49272,16233,58.00,18.978
49280,32893,59.00,19.305
49282,16233,58.00,18.978
49290,32893,59.00,19.305
49292,16233,58.00,18.978
49300,32893,59.00,19.305
49302,16233,58.00,18.978
49310,32893,59.00,19.305
49312,16233,58.00,18.978
49319,32893,59.00,19.305
49322,16233,58.00,18.978
49329,32893,59.00,19.305
49332,16233,58.00,18.978
49340,32893,59.00,19.305
49342,16233,58.00,18.978
49350,32893,59.00,19.305
49352,16233,58.00,18.978
49360,32893,59.00,19.305
49362,16233,58.00,18.978
49369,32893,59.00,19.305
49372,16233,58.00,18.978
49380,32893,59.00,19.305
49382,16233,58.00,18.978
49390,32893,59.00,19.305
49392,16233,58.00,18.978
49400,32893,59.00,19.305
49402,16233,58.00,18.978
49410,32893,59.00,19.305
49412,16233,58.00,18.978
49420,32893,59.00,19.305
49422,16233,58.00,18.978
49430,32893,59.00,19.305
49432,16233,58.00,18.978
49440,32893,59.00,19.305
49442,16233,58.00,18.978
49450,32893,59.00,19.305
49452,16233,58.00,18.978
49460,32893,59.00,19.305
49463,16233,58.00,18.978
49470,32893,59.00,19.305
49472,16233,58.00,18.978
49481,32893,59.00,19.305
49482,16233,58.00,18.978
49490,32893,59.00,19.305
49492,16233,63.50,20.778
49500,32893,59.00,19.305
49502,16233,63.50,20.778
49510,32893,59.00,19.305
49512,16233,63.50,20.778
49520,32893,59.00,19.305
49522,16233,63.50,20.778
49530,32893,59.00,19.305
49532,16233,63.50,20.778
49540,32893,59.00,19.305
49542,16233,63.50,20.778
49550,32893,59.00,19.305
49552,16233,63.50,20.778
49560,32893,59.00,19.305
49562,16233,63.50,20.778
49570,32893,59.00,19.305
49572,16233,63.50,20.778
49580,32893,59.00,19.305
49582,16233,63.50,20.778
49590,32893,59.00,19.305
49592,16233,63.50,20.778
49600,32893,59.00,19.305
49602,16233,63.50,20.778
49610,32893,59.00,19.305
49612,16233,63.50,20.778
49620,32893,59.00,19.305
49622,16233,63.50,20.778
49630,32893,59.00,19.305
49632,16233,63.50,20.778
49640,32893,59.00,19.305
49642,16233,63.50,20.778
49650,32893,59.00,19.305
49652,16233,63.50,20.778
49660,32893,59.00,19.305
49662,16233,63.50,20.778
49670,32893,59.00,19.305
49672,16233,63.50,20.778
49680,32893,59.00,19.305
49682,16233,63.50,20.778
49689,32893,59.00,19.305
49692,16233,63.50,20.778
49700,32893,59.00,19.305
49702,16233,63.50,20.778
49710,32893,59.00,19.305
49712,16233,63.50,20.778
49720,32893,59.00,19.305
49722,16233,63.50,20.778
49730,32893,59.00,19.305
49732,16233,63.50,20.778
49740,32893,59.00,19.305
49742,16233,63.50,20.778
49750,32893,59.00,19.305
49752,16233,63.50,20.778
49760,32893,59.00,19.305
49762,16233,63.50,20.778
49770,32893,59.00,19.305
49772,16233,63.50,20.778
49780,32893,59.00,19.305
49782,16233,63.50,20.778
49789,32893,59.00,19.305
49792,16233,63.50,20.778
49800,32893,59.00,19.305
49802,16233,63.50,20.778
49810,32893,59.00,19.305
49812,16233,63.50,20.778
49820,32893,59.00,19.305
49822,16233,63.50,20.778
49830,32893,59.00,19.305
49832,16233,63.50,20.778
49840,32893,59.00,19.305
49842,16233,63.50,20.778
49850,32893,59.00,19.305
49852,16233,63.50,20.778
49860,32893,59.00,19.305
49862,16233,63.50,20.778
49870,32893,59.00,19.305
49872,16233,63.50,20.778
49880,32893,59.00,19.305
49882,16233,63.50,20.778
49890,32893,59.00,19.305
49892,16233,63.50,20.778
49900,32893,59.00,19.305
49902,16233,63.50,20.778
49910,32893,59.00,19.305
49911,16233,63.50,20.778
49920,32893,59.00,19.305
49922,16233,63.50,20.778
49930,32893,59.00,19.305
49932,16233,63.50,20.778
49940,32893,59.00,19.305
49942,16233,63.50,20.778
49949,32893,59.00,19.305
49951,16233,63.50,20.778
49959,32893,59.00,19.305
49961,16233,63.50,20.778
49969,32893,59.00,19.305
49972,16233,63.50,20.778
49980,32893,59.00,19.305
49982,16233,63.50,20.778
49990,32893,59.00,19.305
49992,16233,63.50,20.778
50000,32893,59.00,19.305
50002,16233,63.50,20.778
50010,32893,59.00,19.305
50012,16233,63.50,20.778
50020,32893,59.00,19.305
50022,16233,63.50,20.778
50030,32893,59.00,19.305
50032,16233,63.50,20.778
50040,32893,59.00,19.305
50042,16233,63.50,20.778
50050,32893,59.00,19.305
50052,16233,63.50,20.778
50060,32893,59.00,19.305
50062,16233,63.50,20.778
50070,32893,59.00,19.305
50072,16233,63.50,20.778
50080,32893,59.00,19.305
50082,16233,63.50,20.778
50090,32893,59.00,19.305
50092,16233,63.50,20.778
50100,32893,59.00,19.305
50102,16233,63.50,20.778
50110,32893,59.00,19.305
50112,16233,63.50,20.778
50120,32893,59.00,19.305
50122,16233,63.50,20.778
50129,32893,59.00,19.305
50132,16233,63.50,20.778
50140,32893,59.00,19.305
50142,16233,63.50,20.778
50150,32893,59.00,19.305
50152,16233,63.50,20.778
50160,32893,59.00,19.305
50162,16233,63.50,20.778
50170,32893,59.00,19.305
50172,16233,63.50,20.778
50180,32893,59.00,19.305
50182,16233,63.50,20.778
50190,32893,59.00,19.305
50192,16233,63.50,20.778
50200,32893,59.00,19.305
50202,16233,63.50,20.778
50210,32893,59.00,19.305
50212,16233,63.50,20.778
50220,32893,59.00,19.305
50222,16233,63.50,20.778
50230,32893,59.00,19.305
50232,16233,63.50,20.778
50240,32893,59.00,19.305
50242,16233,63.50,20.778
50249,32893,59.00,19.305
50252,16233,63.50,20.778
50260,32893,59.00,19.305
50262,16233,63.50,20.778
50270,32893,59.00,19.305
50272,16233,63.50,20.778
50280,32893,59.00,19.305
50282,16233,63.50,20.778
50290,32893,59.00,19.305
50292,16233,63.50,20.778
50299,32893,59.00,19.305
50302,16233,63.50,20.778
50309,32893,59.00,19.305
50311,16233,63.50,20.778
50320,32893,59.00,19.305
50322,16233,63.50,20.778
50330,32893,59.00,19.305
50332,16233,63.50,20.778
50340,32893,59.00,19.305
50343,16233,63.50,20.778
50350,32893,59.00,19.305
50352,16233,63.50,20.778
50360,32893,59.00,19.305
50362,16233,63.50,20.778
50370,32893,59.00,19.305
50372,16233,63.50,20.778
50380,32893,59.00,19.305
50382,16233,63.50,20.778
50390,32893,59.00,19.305
50392,16233,63.50,20.778
50400,32893,59.00,19.305
50402,16233,63.50,20.778
50410,32893,59.00,19.305
50412,16233,63.50,20.778
50420,32893,59.00,19.305
50422,16233,63.50,20.778
50430,32893,59.00,19.305
50432,16233,63.50,20.778
50440,32893,59.00,19.305
50442,16233,63.50,20.778
50450,32893,59.00,19.305
50452,16233,63.50,20.778
50460,32893,59.00,19.305
50462,16233,63.50,20.778
50470,32893,59.00,19.305
50472,16233,63.50,20.778
50482,32893,59.00,19.305
50482,16233,63.50,20.778
50490,32893,59.00,19.305
50492,16233,63.50,20.778
50500,32893,59.00,19.305
50502,16233,63.50,20.778
50510,32893,59.00,19.305
50512,16233,63.50,20.778
50520,32893,59.00,19.305
50522,16233,63.50,20.778
50530,32893,59.00,19.305
50532,16233,63.50,20.778
50540,32893,59.00,19.305
50542,16233,63.50,20.778
50550,32893,59.00,19.305
50552,16233,63.50,20.778
50560,32893,59.00,19.305
50562,16233,63.50,20.778
50570,32893,59.00,19.305
50572,16233,63.50,20.778
50580,32893,59.00,19.305
50582,16233,63.50,20.778
50590,32893,59.00,19.305
50592,16233,63.50,20.778
50600,32893,59.00,19.305
50602,16233,63.50,20.778
50611,32893,59.00,19.305
50612,16233,63.50,20.778
50620,32893,59.00,19.305
50622,16233,63.50,20.778
50630,32893,59.00,19.305
50632,16233,63.50,20.778
50640,32893,59.00,19.305
50642,16233,63.50,20.778
50650,32893,59.00,19.305
50652,16233,63.50,20.778
50660,32893,59.00,19.305
50662,16233,63.50,20.778
50669,32893,59.00,19.305
50672,16233,63.50,20.778
50680,32893,59.00,19.305
50682,16233,63.50,20.778
50690,32893,59.00,19.305
50692,16233,63.50,20.778
50700,32893,59.00,19.305
50702,16233,63.50,20.778
50710,32893,59.00,19.305
50712,16233,63.50,20.778
50720,32893,59.00,19.305
50722,16233,63.50,20.778
50730,32893,59.00,19.305
50732,16233,63.50,20.778
50740,32893,59.00,19.305
50742,16233,63.50,20.778
50750,32893,59.00,19.305
50752,16233,63.50,20.778
50760,32893,59.00,19.305
50762,16233,63.50,20.778
50770,32893,59.00,19.305
50772,16233,63.50,20.778
50780,32893,59.00,19.305
50782,16233,63.50,20.778
50790,32893,59.00,19.305
50792,16233,63.50,20.778
50800,32893,59.00,19.305
50802,16233,63.50,20.778
50810,32893,59.00,19.305
50812,16233,63.50,20.778
50820,32893,59.00,19.305
50822,16233,63.50,20.778
50830,32893,59.00,19.305
50832,16233,63.50,20.778
50840,32893,59.00,19.305
50842,16233,63.50,20.778
50850,32893,59.00,19.305
50852,16233,63.50,20.778
50860,32893,59.00,19.305
50862,16233,63.50,20.778
50870,32893,59.00,19.305
50872,16233,63.50,20.778
50880,32893,59.00,19.305
50882,16233,63.50,20.778
50890,32893,59.00,19.305
50892,16233,63.50,20.778
50900,32893,59.00,19.305
50902,16233,63.50,20.778
50910,32893,59.00,19.305
50912,16233,63.50,20.778
50920,32893,59.00,19.305
50922,16233,63.50,20.778
50930,32893,59.00,19.305
50932,16233,63.50,20.778
50940,32893,59.00,19.305
50942,16233,63.50,20.778
50950,32893,59.00,19.305
50952,16233,63.50,20.778
50960,32893,59.00,19.305
50962,16233,63.50,20.778
50970,32893,59.00,19.305
50972,16233,63.50,20.778
50980,32893,59.00,19.305
50982,16233,63.50,20.778
50990,32893,59.00,19.305
50992,16233,63.50,20.778
51000,32893,59.00,19.305
51002,16233,63.50,20.778
51010,32893,59.00,19.305
51012,16233,63.50,20.778
51021,32893,59.00,19.305
51022,16233,63.50,20.778
51030,32893,59.00,19.305
51032,16233,63.50,20.778
51040,32893,59.00,19.305
51042,16233,63.50,20.778
51050,32893,59.00,19.305
51052,16233,63.50,20.778
51060,32893,59.00,19.305
51062,16233,63.50,20.778
51070,32893,63.50,20.778
51072,16233,63.50,20.778
51080,32893,63.50,20.778
51082,16233,63.50,20.778
51090,32893,63.50,20.778
51092,16233,63.50,20.778
51100,32893,63.50,20.778
51102,16233,63.50,20.778
51110,32893,63.50,20.778
51111,16233,63.50,20.778
51120,32893,63.50,20.778
51122,16233,63.50,20.778
51130,32893,63.50,20.778
51132,16233,63.50,20.778
51140,32893,63.50,20.778
51142,16233,63.50,20.778
51150,32893,63.50,20.778
51152,16233,63.50,20.778
51160,32893,63.50,20.778
51162,16233,63.50,20.778
51170,32893,63.50,20.778
51172,16233,63.50,20.778
51180,32893,63.50,20.778
51182,16233,63.50,20.778
51190,32893,63.50,20.778
51191,16233,63.50,20.778
51200,32893,63.50,20.778
51202,16233,63.50,20.778
51210,32893,63.50,20.778
51212,16233,63.50,20.778
51220,32893,63.50,20.778
51222,16233,63.50,20.778
51230,32893,63.50,20.778
51232,16233,63.50,20.778
51240,32893,63.50,20.778
51242,16233,63.50,20.778
51250,32893,63.50,20.778
51252,16233,63.50,20.778
51260,32893,63.50,20.778
51262,16233,63.50,20.778
51270,32893,63.50,20.778
51272,16233,63.50,20.778
51280,32893,63.50,20.778
51282,16233,63.50,20.778
51290,32893,63.50,20.778
51292,16233,63.50,20.778
51300,32893,63.50,20.778
51302,16233,63.50,20.778
51310,32893,63.50,20.778
51312,16233,63.50,20.778
51320,32893,63.50,20.778
51322,16233,63.50,20.778
51330,32893,63.50,20.778
51332,16233,63.50,20.778
51340,32893,63.50,20.778
51342,16233,63.50,20.778
51350,32893,63.50,20.778
51352,16233,63.50,20.778
51360,32893,63.50,20.778
51362,16233,63.50,20.778
51370,32893,63.50,20.778
51372,16233,63.50,20.778
51380,32893,63.50,20.778
51382,16233,63.50,20.778
51390,32893,63.50,20.778
51392,16233,63.50,20.778
51400,32893,63.50,20.778
51402,16233,63.50,20.778
51410,32893,63.50,20.778
51412,16233,63.50,20.778
51420,32893,63.50,20.778
51422,16233,63.50,20.778
51430,32893,63.50,20.778
51432,16233,63.50,20.778
51440,32893,63.50,20.778
51442,16233,63.50,20.778
51450,32893,63.50,20.778
51452,16233,63.50,20.778
51460,32893,63.50,20.778
51462,16233,63.50,20.778
51470,32893,63.50,20.778
51472,16233,63.50,20.778
51480,32893,63.50,20.778
51482,16233,63.50,20.778
51490,32893,63.50,20.778
51492,16233,63.50,20.778
51500,32893,63.50,20.778
51502,16233,63.50,20.778
51510,32893,63.50,20.778
51512,16233,63.50,20.778
51520,32893,63.50,20.778
51522,16233,63.50,20.778
51530,32893,63.50,20.778
51532,16233,63.50,20.778
51540,32893,63.50,20.778
51542,16233,63.50,20.778
51550,32893,63.50,20.778
51552,16233,63.50,20.778
51560,32893,63.50,20.778
51562,16233,63.50,20.778
51570,32893,63.50,20.778
51572,16233,63.50,20.778
51580,32893,63.50,20.778
51582,16233,63.50,20.778
51590,32893,63.50,20.778
51592,16233,63.50,20.778
51600,32893,63.50,20.778
51602,16233,63.50,20.778
51610,32893,63.50,20.778
51612,16233,63.50,20.778
51620,32893,63.50,20.778
51622,16233,63.50,20.778
51630,32893,63.50,20.778
51632,16233,63.50,20.778
51640,32893,63.50,20.778
51642,16233,63.50,20.778
51650,32893,63.50,20.778
51652,16233,63.50,20.778
51660,32893,63.50,20.778
51662,16233,63.50,20.778
51670,32893,63.50,20.778
51672,16233,63.50,20.778
51680,32893,63.50,20.778
51682,16233,63.50,20.778
51690,32893,63.50,20.778
51692,16233,63.50,20.778
51700,32893,63.50,20.778
51702,16233,63.50,20.778
51710,32893,63.50,20.778
51712,16233,63.50,20.778
51720,32893,63.50,20.778
51722,16233,63.50,20.778
51730,32893,63.50,20.778
51732,16233,63.50,20.778
51740,32893,63.50,20.778
51742,16233,63.50,20.778
51751,32893,63.50,20.778
51752,16233,63.50,20.778
51760,32893,63.50,20.778
51762,16233,63.50,20.778
51770,32893,63.50,20.778
51772,16233,63.50,20.778
51780,32893,63.50,20.778
51782,16233,63.50,20.778
51790,32893,63.50,20.778
51792,16233,63.50,20.778
51800,32893,63.50,20.778
51802,16233,63.50,20.778
51810,32893,63.50,20.778
51812,16233,63.50,20.778
51820,32893,63.50,20.778
51822,16233,63.50,20.778
51830,32893,63.50,20.778
51832,16233,63.50,20.778
51840,32893,63.50,20.778
51842,16233,63.50,20.778
51850,32893,63.50,20.778
51852,16233,63.50,20.778
51860,32893,63.50,20.778
51862,16233,63.50,20.778
51871,32893,63.50,20.778
51872,16233,63.50,20.778
51880,32893,63.50,20.778
51882,16233,63.50,20.778
51890,32893,63.50,20.778
51892,16233,63.50,20.778
51900,32893,63.50,20.778
51902,16233,63.50,20.778
51910,32893,63.50,20.778
51912,16233,63.50,20.778
51920,32893,63.50,20.778
51922,16233,63.50,20.778
51930,32893,63.50,20.778
51932,16233,63.50,20.778
51940,32893,63.50,20.778
51942,16233,63.50,20.778
51950,32893,63.50,20.778
51952,16233,63.50,20.778
51960,32893,63.50,20.778
51962,16233,63.50,20.778
51970,32893,63.50,20.778
51972,16233,63.50,20.778
51980,32893,63.50,20.778
51982,16233,63.50,20.778
51990,32893,63.50,20.778
51992,16233,63.50,20.778
52000,32893,63.50,20.778
52002,16233,63.50,20.778
52010,32893,63.50,20.778
52012,16233,63.50,20.778
52020,32893,63.50,20.778
52022,16233,63.50,20.778
52030,32893,63.50,20.778
52032,16233,63.50,20.778
52040,32893,63.50,20.778
52042,16233,63.50,20.778
52050,32893,63.50,20.778
52052,16233,63.50,20.778
52060,32893,63.50,20.778
52062,16233,63.50,20.778
52070,32893,63.50,20.778
52072,16233,63.50,20.778
52080,32893,63.50,20.778
52082,16233,63.50,20.778
52090,32893,63.50,20.778
52092,16233,63.50,20.778
52100,32893,63.50,20.778
52102,16233,63.50,20.778
52110,32893,63.50,20.778
52112,16233,63.50,20.778
52120,32893,63.50,20.778
52122,16233,63.50,20.778
52130,32893,63.50,20.778
52132,16233,63.50,20.778
52140,32893,63.50,20.778
52142,16233,63.50,20.778
52150,32893,63.50,20.778
52152,16233,63.50,20.778
52160,32893,63.50,20.778
52162,16233,63.50,20.778
52170,32893,63.50,20.778
52172,16233,63.50,20.778
52180,32893,63.50,20.778
52182,16233,63.50,20.778
52190,32893,63.50,20.778
52192,16233,63.50,20.778
52200,32893,63.50,20.778
52202,16233,63.50,20.778
52210,32893,63.50,20.778
52212,16233,63.50,20.778
52220,32893,63.50,20.778
52222,16233,63.50,20.778
52230,32893,63.50,20.778
52232,16233,63.50,20.778
52240,32893,63.50,20.778
52242,16233,63.50,20.778
52250,32893,63.50,20.778
52252,16233,63.50,20.778
52261,32893,63.50,20.778
52262,16233,63.50,20.778
52270,32893,63.50,20.778
52272,16233,63.50,20.778
52280,32893,63.50,20.778
52282,16233,63.50,20.778
52290,32893,63.50,20.778
52292,16233,63.50,20.778
52300,32893,63.50,20.778
52302,16233,63.50,20.778
52310,32893,63.50,20.778
52312,16233,63.50,20.778
52320,32893,63.50,20.778
52321,16233,63.50,20.778
52330,32893,63.50,20.778
52332,16233,63.50,20.778
52340,32893,63.50,20.778
52342,16233,63.50,20.778
52350,32893,63.50,20.778
52352,16233,63.50,20.778
52360,32893,63.50,20.778
52362,16233,63.50,20.778
52370,32893,63.50,20.778
52372,16233,63.50,20.778
52380,32893,63.50,20.778
52382,16233,63.50,20.778
52390,32893,63.50,20.778
52392,16233,63.50,20.778
52400,32893,63.50,20.778
52402,16233,63.50,20.778
52410,32893,63.50,20.778
52412,16233,63.50,20.778
52420,32893,63.50,20.778
52422,16233,63.50,20.778
52430,32893,63.50,20.778
52432,16233,63.50,20.778
52440,32893,63.50,20.778
52442,16233,63.50,20.778
52450,32893,63.50,20.778
52452,16233,63.50,20.778
52460,32893,63.50,20.778
52462,16233,63.50,20.778
52470,32893,63.50,20.778
52472,16233,63.50,20.778
52480,32893,63.50,20.778
52482,16233,63.50,20.778
52490,32893,63.50,20.778
52492,16233,63.50,20.778
52500,32893,63.50,20.778
52502,16233,63.50,20.778
52510,32893,63.50,20.778
52512,16233,63.50,20.778
52520,32893,63.50,20.778
52522,16233,63.50,20.778
52530,32893,63.50,20.778
52532,16233,63.50,20.778
52540,32893,63.50,20.778
52542,16233,63.50,20.778
52550,32893,63.50,20.778
52552,16233,63.50,20.778
52560,32893,63.50,20.778
52562,16233,63.50,20.778
52570,32893,63.50,20.778
52572,16233,63.50,20.778
52580,32893,63.50,20.778
52582,16233,63.50,20.778
52590,32893,63.50,20.778
52592,16233,63.50,20.778
52600,32893,63.50,20.778
52602,16233,63.50,20.778
52610,32893,63.50,20.778
52612,16233,63.50,20.778
52620,32893,63.50,20.778
52622,16233,63.50,20.778
52630,32893,63.50,20.778
52632,16233,63.50,20.778
52640,32893,63.50,20.778
52642,16233,63.50,20.778
52650,32893,63.50,20.778
52652,16233,63.50,20.778
52660,32893,63.50,20.778
52662,16233,63.50,20.778
52670,32893,63.50,20.778
52672,16233,63.50,20.778
52680,32893,63.50,20.778
52682,16233,63.50,20.778
52690,32893,63.50,20.778
52692,16233,63.50,20.778
52700,32893,63.50,20.778
52702,16233,63.50,20.778
52710,32893,63.50,20.778
52712,16233,63.50,20.778
52720,32893,63.50,20.778
52722,16233,63.50,20.778
52730,32893,63.50,20.778
52732,16233,63.50,20.778
52740,32893,63.50,20.778
52742,16233,63.50,20.778
52750,32893,63.50,20.778
52752,16233,63.50,20.778
52760,32893,63.50,20.778
52762,16233,63.50,20.778
52770,32893,63.50,20.778
52772,16233,63.50,20.778
52780,32893,63.50,20.778
52782,16233,63.50,20.778
52790,32893,63.50,20.778
52792,16233,63.50,20.778
52800,32893,63.50,20.778
52802,16233,63.50,20.778
52810,32893,63.50,20.778
52812,16233,63.50,20.778
52820,32893,63.50,20.778
52822,16233,63.50,20.778
52830,32893,63.50,20.778
52832,16233,63.50,20.778
52840,32893,63.50,20.778
52842,16233,63.50,20.778
52850,32893,63.50,20.778
52852,16233,63.50,20.778
52860,32893,63.50,20.778
52862,16233,63.50,20.778
52870,32893,63.50,20.778
52872,16233,63.50,20.778
52880,32893,63.50,20.778
52882,16233,63.50,20.778
52890,32893,63.50,20.778
52892,16233,63.50,20.778
52900,32893,63.50,20.778
52902,16233,63.50,20.778
52910,32893,63.50,20.778
52912,16233,63.50,20.778
52920,32893,63.50,20.778
52922,16233,63.50,20.778
52930,32893,63.50,20.778
52932,16233,63.50,20.778
52940,32893,63.50,20.778
52942,16233,63.50,20.778
52950,32893,63.50,20.778
52952,16233,63.50,20.778
52960,32893,63.50,20.778
52962,16233,63.50,20.778
52970,32893,63.50,20.778
52972,16233,63.50,20.778
52980,32893,63.50,20.778
52982,16233,63.50,20.778
52990,32893,63.50,20.778
52992,16233,63.50,20.778
53000,32893,63.50,20.778
53002,16233,63.50,20.778
53010,32893,63.50,20.778
53012,16233,63.50,20.778
53020,32893,63.50,20.778
53022,16233,63.50,20.778
53030,32893,63.50,20.778
53032,16233,63.50,20.778
53040,32893,63.50,20.778
53042,16233,63.50,20.778
53050,32893,63.50,20.778
53052,16233,63.50,20.778
53060,32893,63.50,20.778
53062,16233,63.50,20.778
53070,32893,63.50,20.778
53072,16233,63.50,20.778
53080,32893,63.50,20.778
53082,16233,63.50,20.778
53090,32893,63.50,20.778
53092,16233,63.50,20.778
53100,32893,63.50,20.778
53102,16233,63.50,20.778
53110,32893,63.50,20.778
53112,16233,63.50,20.778
53120,32893,63.50,20.778
53122,16233,63.50,20.778
53130,32893,63.50,20.778
53132,16233,63.50,20.778
53140,32893,63.50,20.778
53142,16233,63.50,20.778
53150,32893,63.50,20.778
53152,16233,63.50,20.778
53160,32893,63.50,20.778
53162,16233,63.50,20.778
53170,32893,63.50,20.778
53172,16233,63.50,20.778
53180,32893,63.50,20.778
53182,16233,63.50,20.778
53190,32893,63.50,20.778
53192,16233,63.50,20.778
53200,32893,63.50,20.778
53202,16233,63.50,20.778
53210,32893,63.50,20.778
53212,16233,63.50,20.778
53220,32893,63.50,20.778
53222,16233,63.50,20.778
53230,32893,63.50,20.778
53232,16233,63.50,20.778
53240,32893,63.50,20.778
53242,16233,63.50,20.778
53250,32893,63.50,20.778
53252,16233,63.50,20.778
53260,32893,63.50,20.778
53261,16233,63.50,20.778
53270,32893,63.50,20.778
53272,16233,63.50,20.778
53280,32893,63.50,20.778
53282,16233,63.50,20.778
53290,32893,63.50,20.778
53292,16233,63.50,20.778
53300,32893,63.50,20.778
53302,16233,63.50,20.778
53310,32893,63.50,20.778
53312,16233,63.50,20.778
53320,32893,63.50,20.778
53322,16233,63.50,20.778
53330,32893,63.50,20.778
53332,16233,63.50,20.778
53340,32893,63.50,20.778
53342,16233,63.50,20.778
53350,32893,63.50,20.778
53352,16233,63.50,20.778
53360,32893,63.50,20.778
53362,16233,63.50,20.778
53370,32893,63.50,20.778
53372,16233,63.50,20.778
53380,32893,63.50,20.778
53383,16233,63.50,20.778
53390,32893,63.50,20.778
53392,16233,63.50,20.778
53400,32893,63.50,20.778
53402,16233,63.50,20.778
53410,32893,63.50,20.778
53412,16233,63.50,20.778
53420,32893,63.50,20.778
53422,16233,63.50,20.778
53431,32893,63.50,20.778
53432,16233,63.50,20.778
53440,32893,63.50,20.778
53442,16233,63.50,20.778
53450,32893,63.50,20.778
53452,16233,63.50,20.778
53460,32893,63.50,20.778
53462,16233,63.50,20.778
53470,32893,63.50,20.778
53472,16233,63.50,20.778
53480,32893,63.50,20.778
53482,16233,63.50,20.778
53490,32893,63.50,20.778
53492,16233,63.50,20.778
53500,32893,63.50,20.778
53502,16233,63.50,20.778
53510,32893,63.50,20.778
53512,16233,63.50,20.778
53520,32893,63.50,20.778
53522,16233,63.50,20.778
53530,32893,63.50,20.778
53532,16233,63.50,20.778
53540,32893,63.50,20.778
53542,16233,63.50,20.778
53550,32893,63.50,20.778
53552,16233,63.50,20.778
53560,32893,63.50,20.778
53562,16233,63.50,20.778
53570,32893,63.50,20.778
53572,16233,63.50,20.778
53580,32893,63.50,20.778
53582,16233,63.50,20.778
53590,32893,63.50,20.778
53592,16233,63.50,20.778
53600,32893,63.50,20.778
53602,16233,63.50,20.778
53610,32893,63.50,20.778
53612,16233,63.50,20.778
53620,32893,63.50,20.778
53622,16233,63.50,20.778
53630,32893,63.50,20.778
53632,16233,63.50,20.778
53640,32893,63.50,20.778
53642,16233,63.50,20.778
53650,32893,63.50,20.778
53652,16233,63.50,20.778
53660,32893,63.50,20.778
53662,16233,63.50,20.778
53670,32893,63.50,20.778
53672,16233,63.50,20.778
53680,32893,63.50,20.778
53682,16233,63.50,20.778
53690,32893,63.50,20.778
53692,16233,63.50,20.778
53700,32893,63.50,20.778
53702,16233,63.50,20.778
53710,32893,63.50,20.778
53712,16233,63.50,20.778
53720,32893,63.50,20.778
53722,16233,63.50,20.778
53730,32893,63.50,20.778
53732,16233,63.50,20.778
53740,32893,63.50,20.778
53742,16233,63.50,20.778
53750,32893,63.50,20.778
53752,16233,63.50,20.778
53760,32893,63.50,20.778
53762,16233,63.50,20.778
53770,32893,63.50,20.778
53772,16233,63.50,20.778
53780,32893,63.50,20.778
53782,16233,63.50,20.778
53789,32893,63.50,20.778
53792,16233,63.50,20.778
53800,32893,63.50,20.778
53802,16233,63.50,20.778
53810,32893,63.50,20.778
53812,16233,63.50,20.778
53820,32893,63.50,20.778
53822,16233,63.50,20.778
53830,32893,63.50,20.778
53832,16233,63.50,20.778
53840,32893,63.50,20.778
53842,16233,63.50,20.778
53850,32893,63.50,20.778
53852,16233,63.50,20.778
53860,32893,63.50,20.778
53862,16233,63.50,20.778
53870,32893,63.50,20.778
53872,16233,63.50,20.778
53880,32893,63.50,20.778
53882,16233,63.50,20.778
53890,32893,63.50,20.778
53892,16233,63.50,20.778
53900,32893,63.50,20.778
53902,16233,63.50,20.778
53910,32893,63.50,20.778
53912,16233,63.50,20.778
53920,32893,63.50,20.778
53922,16233,63.50,20.778
53930,32893,63.50,20.778
53932,16233,63.50,20.778
53940,32893,63.50,20.778
53942,16233,63.50,20.778
53950,32893,63.50,20.778
53952,16233,63.50,20.778
53960,32893,63.50,20.778
53962,16233,63.50,20.778
53970,32893,63.50,20.778
53972,16233,63.50,20.778
53980,32893,63.50,20.778
53982,16233,63.50,20.778
53990,32893,63.50,20.778
53992,16233,63.50,20.778
54000,32893,63.50,20.778
54002,16233,63.50,20.778
54010,32893,63.50,20.778
54012,16233,63.50,20.778
54020,32893,63.50,20.778
54022,16233,63.50,20.778
54030,32893,63.50,20.778
54032,16233,63.50,20.778
54040,32893,63.50,20.778
54042,16233,63.50,20.778
54050,32893,63.50,20.778
54052,16233,63.50,20.778
54060,32893,63.50,20.778
54062,16233,63.50,20.778
54069,32893,63.50,20.778
54072,16233,63.50,20.778
54080,32893,63.50,20.778
54083,16233,63.50,20.778
54090,32893,63.50,20.778
54092,16233,63.50,20.778
54100,32893,63.50,20.778
54102,16233,63.50,20.778
54110,32893,63.50,20.778
54112,16233,63.50,20.778
54120,32893,63.50,20.778
54122,16233,63.50,20.778
54130,32893,63.50,20.778
54132,16233,63.50,20.778
54140,32893,63.50,20.778
54142,16233,63.50,20.778
54150,32893,63.50,20.778
54152,16233,63.50,20.778
54160,32893,63.50,20.778
54162,16233,63.50,20.778
54170,32893,63.50,20.778
54172,16233,63.50,20.778
54180,32893,63.50,20.778
54182,16233,63.50,20.778
54190,32893,63.50,20.778
54192,16233,63.50,20.778
54200,32893,63.50,20.778
54202,16233,63.50,20.778
54210,32893,63.50,20.778
54212,16233,63.50,20.778
54220,32893,63.50,20.778
54222,16233,63.50,20.778
54230,32893,63.50,20.778
54232,16233,63.50,20.778
54240,32893,63.50,20.778
54242,16233,63.50,20.778
54250,32893,63.50,20.778
54252,16233,63.50,20.778
54260,32893,63.50,20.778
54262,16233,63.50,20.778
54270,32893,63.50,20.778
54272,16233,63.50,20.778
54280,32893,63.50,20.778
54282,16233,63.50,20.778
54290,32893,63.50,20.778
54292,16233,63.50,20.778
54300,32893,63.50,20.778
54302,16233,63.50,20.778
54310,32893,63.50,20.778
54312,16233,63.50,20.778
54320,32893,63.50,20.778
54322,16233,63.50,20.778
54330,32893,63.50,20.778
54332,16233,63.50,20.778
54340,32893,63.50,20.778
54342,16233,63.50,20.778
54350,32893,63.50,20.778
54352,16233,63.50,20.778
54360,32893,63.50,20.778
54362,16233,63.50,20.778
54370,32893,63.50,20.778
54372,16233,63.50,20.778
54380,32893,63.50,20.778
54382,16233,63.50,20.778
54390,32893,63.50,20.778
54392,16233,63.50,20.778
54400,32893,63.50,20.778
54402,16233,63.50,20.778
54410,32893,63.50,20.778
54412,16233,63.50,20.778
54421,32893,63.50,20.778
54422,16233,63.50,20.778
54430,32893,63.50,20.778
54432,16233,63.50,20.778
54440,32893,63.50,20.778
54442,16233,63.50,20.778
54450,32893,63.50,20.778
54452,16233,63.50,20.778
54460,32893,63.50,20.778
54462,16233,63.50,20.778
54470,32893,63.50,20.778
54472,16233,63.50,20.778
54480,32893,63.50,20.778
54482,16233,63.50,20.778
54490,32893,63.50,20.778
54492,16233,63.50,20.778
54500,32893,63.50,20.778
54502,16233,63.50,20.778
54510,32893,63.50,20.778
54512,16233,63.50,20.778
54520,32893,63.50,20.778
54522,16233,63.50,20.778
54530,32893,63.50,20.778
54532,16233,63.50,20.778
54540,32893,63.50,20.778
54542,16233,63.50,20.778
54550,32893,63.50,20.778
54552,16233,63.50,20.778
54560,32893,63.50,20.778
54562,16233,63.50,20.778
54570,32893,63.50,20.778
54572,16233,63.50,20.778
54580,32893,63.50,20.778
54582,16233,63.50,20.778
54590,32893,63.50,20.778
54592,16233,63.50,20.778
54600,32893,63.50,20.778
54602,16233,63.50,20.778
54610,32893,63.50,20.778
54612,16233,63.50,20.778
54620,32893,63.50,20.778
54622,16233,63.50,20.778
54630,32893,63.50,20.778
54632,16233,63.50,20.778
54640,32893,63.50,20.778
54642,16233,63.50,20.778
54650,32893,63.50,20.778
54652,16233,63.50,20.778
54660,32893,63.50,20.778
54662,16233,63.50,20.778
54670,32893,63.50,20.778
54671,16233,63.50,20.778
54680,32893,63.50,20.778
54682,16233,63.50,20.778
54690,32893,63.50,20.778
54692,16233,63.50,20.778
54700,32893,63.50,20.778
54702,16233,63.50,20.778
54710,32893,63.50,20.778
54712,16233,63.50,20.778
54720,32893,63.50,20.778
54722,16233,63.50,20.778
54730,32893,63.50,20.778
54732,16233,63.50,20.778
54740,32893,63.50,20.778
54742,16233,63.50,20.778
54750,32893,63.50,20.778
54752,16233,63.50,20.778
54760,32893,63.50,20.778
54762,16233,63.50,20.778
54770,32893,63.50,20.778
54772,16233,63.50,20.778
54780,32893,63.50,20.778
54782,16233,63.50,20.778
54790,32893,63.50,20.778
54792,16233,63.50,20.778
54800,32893,63.50,20.778
54802,16233,63.50,20.778
54810,32893,63.50,20.778
54812,16233,63.50,20.778
54820,32893,63.50,20.778
54822,16233,63.50,20.778
54830,32893,63.50,20.778
54832,16233,63.50,20.778
54840,32893,63.50,20.778
54842,16233,63.50,20.778
54850,32893,63.50,20.778
54852,16233,63.50,20.778
54860,32893,63.50,20.778
54862,16233,63.50,20.778
54870,32893,63.50,20.778
54872,16233,63.50,20.778
54880,32893,63.50,20.778
54882,16233,63.50,20.778
54890,32893,63.50,20.778
54892,16233,63.50,20.778
54900,32893,63.50,20.778
54902,16233,63.50,20.778
54910,32893,63.50,20.778
54912,16233,63.50,20.778
54920,32893,63.50,20.778
54922,16233,63.50,20.778
54930,32893,63.50,20.778
54932,16233,63.50,20.778
54940,32893,63.50,20.778
54942,16233,63.50,20.778
54950,32893,63.50,20.778
54952,16233,63.50,20.778
54960,32893,63.50,20.778
54962,16233,63.50,20.778
54970,32893,63.50,20.778
54972,16233,63.50,20.778
54980,32893,63.50,20.778
54981,16233,63.50,20.778
54990,32893,63.50,20.778
54992,16233,63.50,20.778
55000,32893,63.50,20.778
55002,16233,63.50,20.778
55010,32893,63.50,20.778
55012,16233,63.50,20.778
55020,32893,63.50,20.778
55022,16233,63.50,20.778
55030,32893,63.50,20.778
55032,16233,63.50,20.778
55040,32893,63.50,20.778
55042,16233,63.50,20.778
55050,32893,63.50,20.778
55052,16233,63.50,20.778
55060,32893,63.50,20.778
55062,16233,63.50,20.778
55070,32893,63.50,20.778
55072,16233,63.50,20.778
55080,32893,63.50,20.778
55082,16233,63.50,20.778
55090,32893,63.50,20.778
55092,16233,63.50,20.778
55100,32893,63.50,20.778
55102,16233,63.50,20.778
55110,32893,63.50,20.778
55112,16233,63.50,20.778
55120,32893,63.50,20.778
55122,16233,63.50,20.778
55130,32893,63.50,20.778
55132,16233,63.50,20.778
55140,32893,63.50,20.778
55142,16233,63.50,20.778
55150,32893,63.50,20.778
55152,16233,63.50,20.778
55160,32893,63.50,20.778
55162,16233,63.50,20.778
55170,32893,63.50,20.778
55172,16233,63.50,20.778
55180,32893,63.50,20.778
55182,16233,63.50,20.778
55190,32893,63.50,20.778
55192,16233,63.50,20.778
55200,32893,63.50,20.778
55202,16233,63.50,20.778
55210,32893,63.50,20.778
55212,16233,63.50,20.778
55220,32893,63.50,20.778
55222,16233,63.50,20.778
55230,32893,63.50,20.778
55232,16233,63.50,20.778
55240,32893,63.50,20.778
55242,16233,63.50,20.778
55249,32893,63.50,20.778
55252,16233,63.50,20.778
55260,32893,63.50,20.778
55262,16233,63.50,20.778
55270,32893,63.50,20.778
55272,16233,63.50,20.778
55280,32893,63.50,20.778
55282,16233,63.50,20.778
55290,32893,63.50,20.778
55292,16233,63.50,20.778
55300,32893,63.50,20.778
55302,16233,63.50,20.778
55310,32893,63.50,20.778
55312,16233,63.50,20.778
55320,32893,63.50,20.778
55322,16233,63.50,20.778
55330,32893,63.50,20.778
55332,16233,63.50,20.778
55340,32893,63.50,20.778
55342,16233,63.50,20.778
55350,32893,63.50,20.778
55352,16233,63.50,20.778
55360,32893,63.50,20.778
55362,16233,63.50,20.778
55370,32893,63.50,20.778
55372,16233,63.50,20.778
55380,32893,63.50,20.778
55382,16233,63.50,20.778
55390,32893,63.50,20.778
55392,16233,63.50,20.778
55400,32893,63.50,20.778
55402,16233,63.50,20.778
55410,32893,63.50,20.778
55412,16233,63.50,20.778
55420,32893,63.50,20.778
55422,16233,63.50,20.778
55430,32893,63.50,20.778
55432,16233,63.50,20.778
55440,32893,63.50,20.778
55442,16233,63.50,20.778
55450,32893,63.50,20.778
55452,16233,63.50,20.778
55460,32893,63.50,20.778
55462,16233,63.50,20.778
55470,32893,63.50,20.778
55472,16233,63.50,20.778
55480,32893,63.50,20.778
55482,16233,63.50,20.778
55490,32893,63.50,20.778
55492,16233,63.50,20.778
55500,32893,63.50,20.778
55502,16233,63.50,20.778
55510,32893,63.50,20.778
55512,16233,63.50,20.778
55520,32893,63.50,20.778
55522,16233,63.50,20.778
55530,32893,63.50,20.778
55532,16233,63.50,20.778
55540,32893,63.50,20.778
55542,16233,63.50,20.778
55550,32893,63.50,20.778
55552,16233,63.50,20.778
55560,32893,63.50,20.778
55562,16233,63.50,20.778
55570,32893,63.50,20.778
55572,16233,63.50,20.778
55580,32893,63.50,20.778
55582,16233,63.50,20.778
55590,32893,63.50,20.778
55593,16233,63.50,20.778
55600,32893,63.50,20.778
55602,16233,63.50,20.778
55610,32893,63.50,20.778
55612,16233,63.50,20.778
55620,32893,63.50,20.778
55622,16233,63.50,20.778
55630,32893,63.50,20.778
55632,16233,63.50,20.778
55640,32893,63.50,20.778
55642,16233,63.50,20.778
55650,32893,63.50,20.778
55652,16233,63.50,20.778
55660,32893,63.50,20.778
55662,16233,63.50,20.778
55670,32893,63.50,20.778
55672,16233,63.50,20.778
55680,32893,63.50,20.778
55682,16233,63.50,20.778
55690,32893,63.50,20.778
55692,16233,63.50,20.778
55700,32893,63.50,20.778
55702,16233,63.50,20.778
55710,32893,63.50,20.778
55712,16233,63.50,20.778
55720,32893,63.50,20.778
55722,16233,63.50,20.778
55730,32893,63.50,20.778
55732,16233,63.50,20.778
55740,32893,63.50,20.778
55742,16233,63.50,20.778
55750,32893,63.50,20.778
55752,16233,63.50,20.778
55760,32893,63.50,20.778
55762,16233,63.50,20.778
55770,32893,63.50,20.778
55772,16233,63.50,20.778
55780,32893,63.50,20.778
55782,16233,63.50,20.778
55790,32893,63.50,20.778
55792,16233,63.50,20.778
55800,32893,63.50,20.778
55802,16233,63.50,20.778
55810,32893,63.50,20.778
55812,16233,63.50,20.778
55820,32893,63.50,20.778
55822,16233,63.50,20.778
55830,32893,63.50,20.778
55832,16233,63.50,20.778
55840,32893,63.50,20.778
55842,16233,63.50,20.778
55850,32893,63.50,20.778
55852,16233,63.50,20.778
55860,32893,63.50,20.778
55862,16233,63.50,20.778
55869,32893,63.50,20.778
55872,16233,63.50,20.778
55880,32893,63.50,20.778
55882,16233,63.50,20.778
55890,32893,63.50,20.778
55892,16233,63.50,20.778
55900,32893,63.50,20.778
55902,16233,63.50,20.778
55910,32893,63.50,20.778
55912,16233,63.50,20.778
55920,32893,63.50,20.778
55922,16233,63.50,20.778
55930,32893,63.50,20.778
55932,16233,63.50,20.778
55940,32893,63.50,20.778
55942,16233,63.50,20.778
55950,32893,63.50,20.778
55952,16233,63.50,20.778
55960,32893,63.50,20.778
55962,16233,63.50,20.778
55970,32893,63.50,20.778
55972,16233,63.50,20.778
55980,32893,63.50,20.778
55982,16233,63.50,20.778
55990,32893,63.50,20.778
55992,16233,63.50,20.778
56000,32893,63.50,20.778
56002,16233,63.50,20.778
56010,32893,63.50,20.778
56012,16233,63.50,20.778
56020,32893,63.50,20.778
56022,16233,63.50,20.778
56030,32893,63.50,20.778
56032,16233,63.50,20.778
56040,32893,63.50,20.778
56042,16233,63.50,20.778
56050,32893,63.50,20.778
56052,16233,63.50,20.778
56060,32893,63.50,20.778
56062,16233,63.50,20.778
56070,32893,63.50,20.778
56072,16233,63.50,20.778
56080,32893,63.50,20.778
56082,16233,63.50,20.778
56090,32893,63.50,20.778
56092,16233,63.50,20.778
56100,32893,63.50,20.778
56103,16233,63.50,20.778
56110,32893,63.50,20.778
56112,16233,63.50,20.778
56120,32893,63.50,20.778
56122,16233,63.50,20.778
56130,32893,63.50,20.778
56132,16233,63.50,20.778
56140,32893,63.50,20.778
56142,16233,63.50,20.778
56150,32893,63.50,20.778
56152,16233,63.50,20.778
56160,32893,63.50,20.778
56162,16233,63.50,20.778
56170,32893,63.50,20.778
56172,16233,63.50,20.778
56180,32893,63.50,20.778
56182,16233,63.50,20.778
56190,32893,63.50,20.778
56192,16233,63.50,20.778
56200,32893,63.50,20.778
56202,16233,63.50,20.778
56210,32893,63.50,20.778
56212,16233,63.50,20.778
56220,32893,63.50,20.778
56222,16233,63.50,20.778
56230,32893,63.50,20.778
56232,16233,63.50,20.778
56240,32893,63.50,20.778
56242,16233,63.50,20.778
56250,32893,63.50,20.778
56252,16233,63.50,20.778
56260,32893,63.50,20.778
56262,16233,63.50,20.778
56270,32893,63.50,20.778
56272,16233,63.50,20.778
56280,32893,63.50,20.778
56282,16233,63.50,20.778
56290,32893,63.50,20.778
56292,16233,63.50,20.778
56300,32893,63.50,20.778
56302,16233,63.50,20.778
56310,32893,63.50,20.778
56312,16233,63.50,20.778
56320,32893,63.50,20.778
56322,16233,63.50,20.778
56330,32893,63.50,20.778
56332,16233,63.50,20.778
56340,32893,63.50,20.778
56342,16233,63.50,20.778
56350,32893,63.50,20.778
56352,16233,63.50,20.778
56360,32893,63.50,20.778
56362,16233,63.50,20.778
56370,32893,63.50,20.778
56372,16233,63.50,20.778
56381,32893,63.50,20.778
56382,16233,63.50,20.778
56390,32893,63.50,20.778
56392,16233,63.50,20.778
56400,32893,63.50,20.778
56402,16233,63.50,20.778
56410,32893,63.50,20.778
56412,16233,63.50,20.778
56420,32893,63.50,20.778
56422,16233,63.50,20.778
56430,32893,63.50,20.778
56432,16233,63.50,20.778
56440,32893,63.50,20.778
56442,16233,63.50,20.778
56450,32893,63.50,20.778
56452,16233,63.50,20.778
56460,32893,63.50,20.778
56462,16233,63.50,20.778
56470,32893,63.50,20.778
56472,16233,63.50,20.778
56480,32893,63.50,20.778
56482,16233,63.50,20.778
56490,32893,63.50,20.778
56492,16233,63.50,20.778
56500,32893,63.50,20.778
56502,16233,63.50,20.778
56510,32893,63.50,20.778
56512,16233,63.50,20.778
56520,32893,63.50,20.778
56522,16233,63.50,20.778
56530,32893,63.50,20.778
56532,16233,63.50,20.778
56540,32893,63.50,20.778
56542,16233,63.50,20.778
56550,32893,63.50,20.778
56552,16233,63.50,20.778
56560,32893,63.50,20.778
56562,16233,63.50,20.778
56570,32893,63.50,20.778
56572,16233,63.50,20.778
56580,32893,63.50,20.778
56582,16233,63.50,20.778
56590,32893,63.50,20.778
56592,16233,63.50,20.778
56600,32893,63.50,20.778
56602,16233,63.50,20.778
56610,32893,63.50,20.778
56612,16233,63.50,20.778
56620,32893,63.50,20.778
56622,16233,63.50,20.778
56630,32893,63.50,20.778
56632,16233,63.50,20.778
56640,32893,63.50,20.778
56642,16233,63.50,20.778
56650,32893,63.50,20.778
56652,16233,63.50,20.778
56660,32893,63.50,20.778
56662,16233,63.50,20.778
56670,32893,63.50,20.778
56672,16233,63.50,20.778
56680,32893,63.50,20.778
56682,16233,63.50,20.778
56690,32893,63.50,20.778
56692,16233,63.50,20.778
56700,32893,63.50,20.778
56702,16233,63.50,20.778
56710,32893,63.50,20.778
56712,16233,63.50,20.778
56720,32893,63.50,20.778
56722,16233,63.50,20.778
56730,32893,63.50,20.778
56732,16233,63.50,20.778
56741,32893,63.50,20.778
56742,16233,63.50,20.778
56750,32893,63.50,20.778
56752,16233,63.50,20.778
56760,32893,63.50,20.778
56762,16233,63.50,20.778
56770,32893,63.50,20.778
56772,16233,63.50,20.778
56780,32893,63.50,20.778
56782,16233,63.50,20.778
56790,32893,63.50,20.778
56792,16233,63.50,20.778
56800,32893,63.50,20.778
56802,16233,63.50,20.778
56810,32893,63.50,20.778
56812,16233,63.50,20.778
56820,32893,63.50,20.778
56822,16233,63.50,20.778
56830,32893,63.50,20.778
56832,16233,63.50,20.778
56840,32893,63.50,20.778
56842,16233,63.50,20.778
56850,32893,63.50,20.778
56852,16233,63.50,20.778
56860,32893,63.50,20.778
56862,16233,63.50,20.778
56870,32893,63.50,20.778
56872,16233,63.50,20.778
56880,32893,63.50,20.778
56882,16233,63.50,20.778
56890,32893,63.50,20.778
56892,16233,63.50,20.778
56900,32893,63.50,20.778
56902,16233,63.50,20.778
56910,32893,63.50,20.778
56912,16233,63.50,20.778
56920,32893,63.50,20.778
56922,16233,63.50,20.778
56930,32893,63.50,20.778
56932,16233,63.50,20.778
56940,32893,63.50,20.778
56942,16233,63.50,20.778
56950,32893,63.50,20.778
56952,16233,63.50,20.778
56960,32893,63.50,20.778
56962,16233,63.50,20.778
56970,32893,63.50,20.778
56972,16233,63.50,20.778
56980,32893,63.50,20.778
56982,16233,63.50,20.778
56990,32893,63.50,20.778
56992,16233,63.50,20.778
57000,32893,63.50,20.778
57002,16233,63.50,20.778
57011,32893,63.50,20.778
57012,16233,63.50,20.778
57020,32893,63.50,20.778
57022,16233,63.50,20.778
57030,32893,63.50,20.778
57032,16233,63.50,20.778
57040,32893,63.50,20.778
57042,16233,63.50,20.778
57050,32893,63.50,20.778
57052,16233,63.50,20.778
57060,32893,63.50,20.778
57062,16233,63.50,20.778
57070,32893,63.50,20.778
57072,16233,63.50,20.778
57080,32893,63.50,20.778
57082,16233,63.50,20.778
57090,32893,63.50,20.778
57092,16233,63.50,20.778
57100,32893,63.50,20.778
57102,16233,63.50,20.778
57110,32893,63.50,20.778
57112,16233,63.50,20.778
57120,32893,63.50,20.778
57122,16233,63.50,20.778
57130,32893,63.50,20.778
57132,16233,63.50,20.778
57140,32893,63.50,20.778
57142,16233,63.50,20.778
57150,32893,63.50,20.778
57152,16233,63.50,20.778
57160,32893,63.50,20.778
57162,16233,63.50,20.778
57170,32893,63.50,20.778
57172,16233,63.50,20.778
57180,32893,63.50,20.778
57182,16233,63.50,20.778
57190,32893,63.50,20.778
57192,16233,63.50,20.778
57200,32893,63.50,20.778
57202,16233,63.50,20.778
57210,32893,63.50,20.778
57212,16233,63.50,20.778
57221,32893,63.50,20.778
57222,16233,63.50,20.778
57230,32893,63.50,20.778
57232,16233,63.50,20.778
57240,32893,63.50,20.778
57241,16233,63.50,20.778
57250,32893,63.50,20.778
57252,16233,63.50,20.778
57260,32893,63.50,20.778
57262,16233,63.50,20.778
57270,32893,63.50,20.778
57272,16233,63.50,20.778
57280,32893,63.50,20.778
57282,16233,63.50,20.778
57289,32893,63.50,20.778
57292,16233,63.50,20.778
57300,32893,63.50,20.778
57302,16233,63.50,20.778
57310,32893,63.50,20.778
57312,16233,63.50,20.778
57320,32893,63.50,20.778
57322,16233,63.50,20.778
57330,32893,63.50,20.778
57332,16233,63.50,20.778
57340,32893,63.50,20.778
57342,16233,63.50,20.778
57350,32893,63.50,20.778
57352,16233,63.50,20.778
57360,32893,63.50,20.778
57362,16233,63.50,20.778
57370,32893,63.50,20.778
57372,16233,63.50,20.778
57380,32893,63.50,20.778
57382,16233,63.50,20.778
57390,32893,63.50,20.778
57392,16233,63.50,20.778
57400,32893,63.50,20.778
57402,16233,63.50,20.778
57410,32893,63.50,20.778
57412,16233,63.50,20.778
57420,32893,63.50,20.778
57422,16233,63.50,20.778
57431,32893,63.50,20.778
57433,16233,63.50,20.778
57441,32893,63.50,20.778
57442,16233,63.50,20.778
57450,32893,63.50,20.778
57452,16233,63.50,20.778
57460,32893,63.50,20.778
57462,16233,63.50,20.778
57470,32893,63.50,20.778
57472,16233,63.50,20.778
57480,32893,63.50,20.778
57482,16233,63.50,20.778
57490,32893,63.50,20.778
57492,16233,63.50,20.778
57501,32893,63.50,20.778
57502,16233,63.50,20.778
57510,32893,63.50,20.778
57512,16233,63.50,20.778
57520,32893,63.50,20.778
57522,16233,63.50,20.778
57530,32893,63.50,20.778
57532,16233,63.50,20.778
57540,32893,63.50,20.778
57542,16233,63.50,20.778
57550,32893,63.50,20.778
57552,16233,63.50,20.778
57560,32893,63.50,20.778
57562,16233,63.50,20.778
57570,32893,63.50,20.778
57572,16233,63.50,20.778
57580,32893,63.50,20.778
57582,16233,63.50,20.778
57590,32893,63.50,20.778
57592,16233,63.50,20.778
57600,32893,63.50,20.778
57602,16233,63.50,20.778
57610,32893,63.50,20.778
57612,16233,63.50,20.778
57620,32893,63.50,20.778
57622,16233,63.50,20.778
57630,32893,63.50,20.778
57632,16233,63.50,20.778
57640,32893,63.50,20.778
57642,16233,63.50,20.778
57650,32893,63.50,20.778
57652,16233,63.50,20.778
57660,32893,63.50,20.778
57662,16233,63.50,20.778
57670,32893,63.50,20.778
57672,16233,63.50,20.778
57680,32893,63.50,20.778
57682,16233,63.50,20.778
57690,32893,63.50,20.778
57692,16233,63.50,20.778
57700,32893,63.50,20.778
57702,16233,63.50,20.778
57710,32893,63.50,20.778
57712,16233,63.50,20.778
57720,32893,63.50,20.778
57722,16233,63.50,20.778
57730,32893,63.50,20.778
57732,16233,63.50,20.778
57740,32893,63.50,20.778
57742,16233,63.50,20.778
57750,32893,63.50,20.778
57752,16233,63.50,20.778
57760,32893,63.50,20.778
57762,16233,63.50,20.778
57770,32893,63.50,20.778
57772,16233,63.50,20.778
57780,32893,63.50,20.778
57782,16233,63.50,20.778
57790,32893,63.50,20.778
57792,16233,63.50,20.778
57800,32893,63.50,20.778
57802,16233,63.50,20.778
57810,32893,63.50,20.778
57812,16233,63.50,20.778
57820,32893,63.50,20.778
57822,16233,63.50,20.778
57830,32893,63.50,20.778
57832,16233,63.50,20.778
57840,32893,63.50,20.778
57842,16233,63.50,20.778
57850,32893,63.50,20.778
57852,16233,63.50,20.778
57860,32893,63.50,20.778
57862,16233,63.50,20.778
57870,32893,63.50,20.778
57872,16233,63.50,20.778
57880,32893,63.50,20.778
57882,16233,63.50,20.778
57890,32893,63.50,20.778
57892,16233,63.50,20.778
57900,32893,63.50,20.778
57902,16233,63.50,20.778
57910,32893,63.50,20.778
57912,16233,63.50,20.778
57920,32893,63.50,20.778
57922,16233,63.50,20.778
57930,32893,63.50,20.778
57932,16233,63.50,20.778
57940,32893,63.50,20.778
57942,16233,63.50,20.778
57950,32893,63.50,20.778
57952,16233,63.50,20.778
57960,32893,63.50,20.778
57962,16233,63.50,20.778
57970,32893,63.50,20.778
57972,16233,63.50,20.778
57980,32893,63.50,20.778
57982,16233,63.50,20.778
57990,32893,63.50,20.778
57992,16233,63.50,20.778
58000,32893,63.50,20.778
58002,16233,63.50,20.778
58010,32893,63.50,20.778
58012,16233,63.50,20.778
58021,32893,63.50,20.778
58022,16233,63.50,20.778
58030,32893,63.50,20.778
58032,16233,63.50,20.778
58041,32893,63.50,20.778
58042,16233,63.50,20.778
58050,32893,63.50,20.778
58052,16233,63.50,20.778
58060,32893,63.50,20.778
58062,16233,63.50,20.778
58070,32893,63.50,20.778
58072,16233,63.50,20.778
58080,32893,63.50,20.778
58082,16233,63.50,20.778
58090,32893,63.50,20.778
58092,16233,63.50,20.778
58100,32893,63.50,20.778
58102,16233,63.50,20.778
58110,32893,63.50,20.778
58113,16233,63.50,20.778
58120,32893,63.50,20.778
58122,16233,63.50,20.778
58130,32893,63.50,20.778
58132,16233,63.50,20.778
58140,32893,63.50,20.778
58142,16233,63.50,20.778
58150,32893,63.50,20.778
58152,16233,63.50,20.778
58160,32893,63.50,20.778
58162,16233,63.50,20.778
58170,32893,63.50,20.778
58172,16233,63.50,20.778
58180,32893,63.50,20.778
58182,16233,63.50,20.778
58190,32893,63.50,20.778
58192,16233,63.50,20.778
58201,32893,63.50,20.778
58202,16233,63.50,20.778
58210,32893,63.50,20.778
58212,16233,63.50,20.778
58220,32893,63.50,20.778
58222,16233,63.50,20.778
58231,32893,63.50,20.778
58232,16233,63.50,20.778
58240,32893,63.50,20.778
58242,16233,63.50,20.778
58250,32893,63.50,20.778
58252,16233,63.50,20.778
58260,32893,63.50,20.778
58263,16233,63.50,20.778
58270,32893,63.50,20.778
58272,16233,63.50,20.778
58280,32893,63.50,20.778
58283,16233,63.50,20.778
58291,32893,63.50,20.778
58292,16233,63.50,20.778
58300,32893,63.50,20.778
58303,16233,63.50,20.778
58310,32893,63.50,20.778
58312,16233,63.50,20.778
58320,32893,63.50,20.778
58322,16233,63.50,20.778
58330,32893,63.50,20.778
58332,16233,63.50,20.778
58340,32893,63.50,20.778
58342,16233,63.50,20.778
58350,32893,63.50,20.778
58352,16233,63.50,20.778
58360,32893,63.50,20.778
58362,16233,63.50,20.778
58370,32893,63.50,20.778
58372,16233,63.50,20.778
58380,32893,63.50,20.778
58382,16233,63.50,20.778
58390,32893,63.50,20.778
58392,16233,63.50,20.778
58400,32893,63.50,20.778
58402,16233,63.50,20.778
58410,32893,63.50,20.778
58412,16233,63.50,20.778
58420,32893,63.50,20.778
58422,16233,63.50,20.778
58430,32893,63.50,20.778
58432,16233,63.50,20.778
58441,32893,63.50,20.778
58442,16233,63.50,20.778
58450,32893,63.50,20.778
58452,16233,63.50,20.778
58461,32893,63.50,20.778
58462,16233,63.50,20.778
58470,32893,63.50,20.778
58472,16233,63.50,20.778
58480,32893,63.50,20.778
58482,16233,63.50,20.778
58490,32893,63.50,20.778
58492,16233,63.50,20.778
58500,32893,63.50,20.778
58502,16233,63.50,20.778
58510,32893,63.50,20.778
58512,16233,63.50,20.778
58520,32893,63.50,20.778
58522,16233,63.50,20.778
58530,32893,63.50,20.778
58532,16233,63.50,20.778
58540,32893,63.50,20.778
58542,16233,63.50,20.778
58550,32893,63.50,20.778
58552,16233,63.50,20.778
58561,32893,63.50,20.778
58562,16233,63.50,20.778
58570,32893,63.50,20.778
58572,16233,63.50,20.778
58580,32893,63.50,20.778
58582,16233,63.50,20.778
58590,32893,63.50,20.778
58592,16233,63.50,20.778
58600,32893,63.50,20.778
58602,16233,63.50,20.778
58610,32893,63.50,20.778
58612,16233,63.50,20.778
58620,32893,63.50,20.778
58622,16233,63.50,20.778
58630,32893,63.50,20.778
58632,16233,63.50,20.778
58640,32893,63.50,20.778
58642,16233,63.50,20.778
58650,32893,63.50,20.778
58652,16233,63.50,20.778
58660,32893,63.50,20.778
58662,16233,63.50,20.778
58670,32893,63.50,20.778
58673,16233,63.50,20.778
58680,32893,63.50,20.778
58682,16233,63.50,20.778
58690,32893,63.50,20.778
58692,16233,63.50,20.778
58700,32893,63.50,20.778
58702,16233,63.50,20.778
58709,32893,63.50,20.778
58712,16233,63.50,20.778
58720,32893,63.50,20.778
58722,16233,63.50,20.778
58730,32893,63.50,20.778
58732,16233,63.50,20.778
58740,32893,63.50,20.778
58742,16233,63.50,20.778
58750,32893,63.50,20.778
58752,16233,63.50,20.778
58760,32893,63.50,20.778
58762,16233,63.50,20.778
58770,32893,63.50,20.778
58772,16233,63.50,20.778
58780,32893,63.50,20.778
58782,16233,63.50,20.778
58790,32893,63.50,20.778
58792,16233,63.50,20.778
58800,32893,63.50,20.778
58802,16233,63.50,20.778
58810,32893,63.50,20.778
58812,16233,63.50,20.778
58821,32893,63.50,20.778
58822,16233,63.50,20.778
58830,32893,63.50,20.778
58832,16233,63.50,20.778
58840,32893,63.50,20.778
58842,16233,63.50,20.778
58850,32893,63.50,20.778
58852,16233,63.50,20.778
58860,32893,63.50,20.778
58862,16233,63.50,20.778
58870,32893,63.50,20.778
58872,16233,63.50,20.778
58880,32893,63.50,20.778
58882,16233,63.50,20.778
58890,32893,63.50,20.778
58892,16233,63.50,20.778
58900,32893,63.50,20.778
58902,16233,63.50,20.778
58910,32893,63.50,20.778
58912,16233,63.50,20.778
58920,32893,63.50,20.778
58922,16233,63.50,20.778
58930,32893,63.50,20.778
58932,16233,63.50,20.778
58940,32893,63.50,20.778
58942,16233,63.50,20.778
58950,32893,63.50,20.778
58952,16233,63.50,20.778
58960,32893,63.50,20.778
58962,16233,63.50,20.778
58970,32893,63.50,20.778
58972,16233,63.50,20.778
58980,32893,63.50,20.778
58982,16233,63.50,20.778
58990,32893,63.50,20.778
58992,16233,63.50,20.778
59000,32893,63.50,20.778
59002,16233,63.50,20.778
59010,32893,63.50,20.778
59012,16233,63.50,20.778
59020,32893,63.50,20.778
59022,16233,63.50,20.778
59030,32893,63.50,20.778
59032,16233,63.50,20.778
59040,32893,63.50,20.778
59042,16233,63.50,20.778
59050,32893,63.50,20.778
59053,16233,63.50,20.778
59060,32893,63.50,20.778
59062,16233,63.50,20.778
59070,32893,63.50,20.778
59072,16233,63.50,20.778
59080,32893,63.50,20.778
59082,16233,63.50,20.778
59090,32893,63.50,20.778
59092,16233,63.50,20.778
59100,32893,63.50,20.778
59102,16233,63.50,20.778
59110,32893,63.50,20.778
59112,16233,63.50,20.778
59120,32893,63.50,20.778
59122,16233,63.50,20.778
59130,32893,63.50,20.778
59132,16233,63.50,20.778
59140,32893,63.50,20.778
59142,16233,63.50,20.778
59150,32893,63.50,20.778
59152,16233,63.50,20.778
59160,32893,63.50,20.778
59162,16233,63.50,20.778
59170,32893,63.50,20.778
59172,16233,63.50,20.778
59180,32893,63.50,20.778
59182,16233,63.50,20.778
59190,32893,63.50,20.778
59192,16233,63.50,20.778
59200,32893,63.50,20.778
59202,16233,63.50,20.778
59210,32893,63.50,20.778
59212,16233,63.50,20.778
59220,32893,63.50,20.778
59222,16233,63.50,20.778
59230,32893,63.50,20.778
59232,16233,63.50,20.778
59240,32893,63.50,20.778
59242,16233,63.50,20.778
59250,32893,63.50,20.778
59252,16233,63.50,20.778
59260,32893,63.50,20.778
59262,16233,63.50,20.778
59270,32893,63.50,20.778
59272,16233,63.50,20.778
59280,32893,63.50,20.778
59282,16233,63.50,20.778
59290,32893,63.50,20.778
59292,16233,63.50,20.778
59300,32893,63.50,20.778
59302,16233,63.50,20.778
59309,32893,63.50,20.778
59313,16233,63.50,20.778
59320,32893,63.50,20.778
59322,16233,63.50,20.778
59330,32893,63.50,20.778
59332,16233,63.50,20.778
59340,32893,63.50,20.778
59342,16233,63.50,20.778
59350,32893,63.50,20.778
59352,16233,63.50,20.778
59360,32893,63.50,20.778
59362,16233,63.50,20.778
59370,32893,63.50,20.778
59372,16233,63.50,20.778
59380,32893,63.50,20.778
59382,16233,63.50,20.778
59390,32893,63.50,20.778
59392,16233,63.50,20.778
59400,32893,63.50,20.778
59402,16233,63.50,20.778
59410,32893,63.50,20.778
59412,16233,63.50,20.778
59420,32893,63.50,20.778
59422,16233,63.50,20.778
59430,32893,63.50,20.778
59432,16233,63.50,20.778
59440,32893,63.50,20.778
59442,16233,63.50,20.778
59450,32893,63.50,20.778
59452,16233,63.50,20.778
59460,32893,63.50,20.778
59462,16233,63.50,20.778
59470,32893,63.50,20.778
59472,16233,63.50,20.778
59480,32893,63.50,20.778
59482,16233,63.50,20.778
59490,32893,63.50,20.778
59492,16233,63.50,20.778
59500,32893,63.50,20.778
59502,16233,63.50,20.778
59510,32893,63.50,20.778
59512,16233,63.50,20.778
59520,32893,63.50,20.778
59522,16233,63.50,20.778
59530,32893,63.50,20.778
59532,16233,63.50,20.778
59540,32893,63.50,20.778
59542,16233,63.50,20.778
59550,32893,63.50,20.778
59552,16233,63.50,20.778
59560,32893,63.50,20.778
59562,16233,63.50,20.778
59570,32893,63.50,20.778
59572,16233,63.50,20.778
59580,32893,63.50,20.778
59582,16233,63.50,20.778
59590,32893,63.50,20.778
59592,16233,63.50,20.778
59600,32893,63.50,20.778
59602,16233,63.50,20.778
59610,32893,63.50,20.778
59612,16233,63.50,20.778
59620,32893,63.50,20.778
59622,16233,63.50,20.778
59630,32893,63.50,20.778
59632,16233,63.50,20.778
59640,32893,63.50,20.778
59642,16233,63.50,20.778
59650,32893,63.50,20.778
59652,16233,63.50,20.778
59660,32893,63.50,20.778
59662,16233,63.50,20.778
59670,32893,63.50,20.778
59672,16233,63.50,20.778
59680,32893,63.50,20.778
59682,16233,63.50,20.778
59690,32893,63.50,20.778
59692,16233,63.50,20.778
59700,32893,63.50,20.778
59702,16233,63.50,20.778
59710,32893,63.50,20.778
59712,16233,63.50,20.778
59720,32893,63.50,20.778
59722,16233,63.50,20.778
59731,32893,63.50,20.778
59732,16233,63.50,20.778
59740,32893,63.50,20.778
59742,16233,63.50,20.778
59750,32893,63.50,20.778
59752,16233,63.50,20.778
59760,32893,63.50,20.778
59762,16233,63.50,20.778
59770,32893,63.50,20.778
59772,16233,63.50,20.778
59780,32893,63.50,20.778
59782,16233,63.50,20.778
59790,32893,63.50,20.778
59792,16233,63.50,20.778
59800,32893,63.50,20.778
59802,16233,63.50,20.778
59810,32893,63.50,20.778
59812,16233,63.50,20.778
59820,32893,63.50,20.778
59822,16233,63.50,20.778
59831,32893,63.50,20.778
59833,16233,63.50,20.778
59840,32893,63.50,20.778
59842,16233,63.50,20.778
59850,32893,63.50,20.778
59852,16233,63.50,20.778
59860,32893,63.50,20.778
59862,16233,63.50,20.778
59870,32893,63.50,20.778
59872,16233,63.50,20.778
59880,32893,63.50,20.778
59882,16233,63.50,20.778
59890,32893,63.50,20.778
59892,16233,63.50,20.778
59900,32893,63.50,20.778
59902,16233,63.50,20.778
59910,32893,63.50,20.778
59912,16233,63.50,20.778
59920,32893,63.50,20.778
59922,16233,63.50,20.778
59930,32893,63.50,20.778
59933,16233,63.50,20.778
59940,32893,63.50,20.778
59942,16233,63.50,20.778
59950,32893,63.50,20.778
59952,16233,63.50,20.778
59961,32893,63.50,20.778
59962,16233,63.50,20.778
59970,32893,63.50,20.778
59972,16233,63.50,20.778
59980,32893,63.50,20.778
59983,16233,63.50,20.778
59990,32893,63.50,20.778
59992,16233,63.50,20.778
60000,32893,63.50,20.778
60002,16233,63.50,20.778
60010,32893,63.50,20.778
60012,16233,63.50,20.778
60020,32893,63.50,20.778
60022,16233,63.50,20.778
60030,32893,63.50,20.778
60032,16233,63.50,20.778
60040,32893,63.50,20.778
60042,16233,63.50,20.778
60050,32893,63.50,20.778
60052,16233,63.50,20.778
60060,32893,63.50,20.778
60062,16233,63.50,20.778
60070,32893,63.50,20.778
60072,16233,63.50,20.778
60080,32893,63.50,20.778
60082,16233,63.50,20.778
60090,32893,63.50,20.778
60092,16233,63.50,20.778
60100,32893,63.50,20.778
60102,16233,63.50,20.778
60110,32893,63.50,20.778
60112,16233,63.50,20.778
60120,32893,63.50,20.778
60122,16233,63.50,20.778
60130,32893,63.50,20.778
60132,16233,63.50,20.778
60140,32893,63.50,20.778
60142,16233,63.50,20.778
60150,32893,63.50,20.778
60152,16233,63.50,20.778
60160,32893,63.50,20.778
60162,16233,63.50,20.778
60170,32893,63.50,20.778
60172,16233,63.50,20.778
60180,32893,63.50,20.778
60182,16233,63.50,20.778
60190,32893,63.50,20.778
60192,16233,63.50,20.778
60200,32893,63.50,20.778
60202,16233,63.50,20.778
60210,32893,63.50,20.778
60212,16233,63.50,20.778
60220,32893,63.50,20.778
60222,16233,63.50,20.778
60230,32893,63.50,20.778
60232,16233,63.50,20.778
60240,32893,63.50,20.778
60241,16233,63.50,20.778
60250,32893,63.50,20.778
60252,16233,63.50,20.778
60260,32893,63.50,20.778
60262,16233,63.50,20.778
60270,32893,63.50,20.778
60272,16233,63.50,20.778
60280,32893,63.50,20.778
60282,16233,63.50,20.778
60290,32893,63.50,20.778
60292,16233,63.50,20.778
60300,32893,63.50,20.778
60302,16233,63.50,20.778
60310,32893,63.50,20.778
60312,16233,63.50,20.778
60320,32893,63.50,20.778
60322,16233,63.50,20.778
60330,32893,63.50,20.778
60332,16233,63.50,20.778
60340,32893,63.50,20.778
60342,16233,63.50,20.778
60350,32893,63.50,20.778
60352,16233,63.50,20.778
60360,32893,63.50,20.778
60362,16233,63.50,20.778
60370,32893,63.50,20.778
60372,16233,63.50,20.778
60380,32893,63.50,20.778
60382,16233,63.50,20.778
60390,32893,63.50,20.778
60392,16233,63.50,20.778
60400,32893,63.50,20.778
60402,16233,63.50,20.778
60410,32893,63.50,20.778
60412,16233,63.50,20.778
60420,32893,63.50,20.778
60422,16233,63.50,20.778
60430,32893,63.50,20.778
60432,16233,63.50,20.778
60440,32893,63.50,20.778
60442,16233,63.50,20.778
60450,32893,63.50,20.778
60452,16233,63.50,20.778
60460,32893,63.50,20.778
60462,16233,63.50,20.778
60470,32893,63.50,20.778
60472,16233,63.50,20.778
60480,32893,63.50,20.778
60482,16233,63.50,20.778
60490,32893,63.50,20.778
60492,16233,63.50,20.778
60500,32893,63.50,20.778
60502,16233,63.50,20.778
60510,32893,63.50,20.778
60512,16233,63.50,20.778
60520,32893,63.50,20.778
60522,16233,63.50,20.778
60530,32893,63.50,20.778
60532,16233,63.50,20.778
60540,32893,63.50,20.778
60542,16233,63.50,20.778
60550,32893,63.50,20.778
60552,16233,63.50,20.778
60560,32893,63.50,20.778
60562,16233,63.50,20.778
60570,32893,63.50,20.778
60572,16233,63.50,20.778
60580,32893,63.50,20.778
60582,16233,63.50,20.778
60590,32893,63.50,20.778
60592,16233,63.50,20.778
60600,32893,63.50,20.778
60602,16233,63.50,20.778
60610,32893,63.50,20.778
60612,16233,63.50,20.778
60620,32893,63.50,20.778
60622,16233,63.50,20.778
60630,32893,63.50,20.778
60632,16233,63.50,20.778
60640,32893,63.50,20.778
60642,16233,63.50,20.778
60650,32893,63.50,20.778
60652,16233,63.50,20.778
60660,32893,63.50,20.778
60662,16233,63.50,20.778
60670,32893,63.50,20.778
60672,16233,63.50,20.778
60680,32893,63.50,20.778
60682,16233,63.50,20.778
60690,32893,63.50,20.778
60692,16233,63.50,20.778
60700,32893,63.50,20.778
60702,16233,63.50,20.778
60710,32893,63.50,20.778
60712,16233,63.50,20.778
60721,32893,63.50,20.778
60722,16233,63.50,20.778
60730,32893,63.50,20.778
60732,16233,63.50,20.778
60740,32893,63.50,20.778
60742,16233,63.50,20.778
60750,32893,63.50,20.778
60752,16233,63.50,20.778
60760,32893,63.50,20.778
60762,16233,63.50,20.778
60770,32893,63.50,20.778
60772,16233,63.50,20.778
60780,32893,63.50,20.778
60782,16233,63.50,20.778
60790,32893,63.50,20.778
60792,16233,63.50,20.778
60800,32893,63.50,20.778
60802,16233,63.50,20.778
60810,32893,63.50,20.778
60812,16233,63.50,20.778
60820,32893,63.50,20.778
60822,16233,63.50,20.778
60830,32893,63.50,20.778
60832,16233,63.50,20.778
60840,32893,63.50,20.778
60842,16233,63.50,20.778
60850,32893,63.50,20.778
60852,16233,63.50,20.778
60860,32893,63.50,20.778
60862,16233,63.50,20.778
60870,32893,63.50,20.778
60872,16233,63.50,20.778
60880,32893,63.50,20.778
60882,16233,63.50,20.778
60890,32893,63.50,20.778
60892,16233,63.50,20.778
60900,32893,63.50,20.778
60902,16233,63.50,20.778
60910,32893,63.50,20.778
60912,16233,63.50,20.778
60920,32893,63.50,20.778
60922,16233,63.50,20.778
60930,32893,63.50,20.778
60932,16233,63.50,20.778
60940,32893,63.50,20.778
60942,16233,63.50,20.778
60950,32893,63.50,20.778
60952,16233,63.50,20.778
60960,32893,63.50,20.778
60962,16233,63.50,20.778
60970,32893,63.50,20.778
60972,16233,63.50,20.778
60980,32893,63.50,20.778
60982,16233,63.50,20.778
60990,32893,63.50,20.778
60992,16233,63.50,20.778
61000,32893,63.50,20.778
61002,16233,63.50,20.778
61010,32893,63.50,20.778
61012,16233,63.50,20.778
61020,32893,63.50,20.778
61022,16233,63.50,20.778
61030,32893,63.50,20.778
61032,16233,63.50,20.778
61040,32893,63.50,20.778
61042,16233,63.50,20.778
61050,32893,63.50,20.778
61052,16233,63.50,20.778
61060,32893,63.50,20.778
61062,16233,63.50,20.778
61070,32893,63.50,20.778
61072,16233,63.50,20.778
61080,32893,63.50,20.778
61082,16233,63.50,20.778
61090,32893,63.50,20.778
61092,16233,63.50,20.778
61100,32893,63.50,20.778
61102,16233,63.50,20.778
61110,32893,63.50,20.778
61112,16233,63.50,20.778
61120,32893,63.50,20.778
61122,16233,63.50,20.778
61130,32893,63.50,20.778
61132,16233,63.50,20.778
61140,32893,63.50,20.778
61142,16233,63.50,20.778
61150,32893,63.50,20.778
61152,16233,63.50,20.778
61160,32893,63.50,20.778
61162,16233,63.50,20.778
61170,32893,63.50,20.778
61172,16233,63.50,20.778
61180,32893,63.50,20.778
61182,16233,63.50,20.778
61190,32893,63.50,20.778
61192,16233,63.50,20.778
61200,32893,63.50,20.778
61202,16233,63.50,20.778
61210,32893,63.50,20.778
61212,16233,63.50,20.778
61220,32893,63.50,20.778
61222,16233,63.50,20.778
61230,32893,63.50,20.778
61233,16233,63.50,20.778
61240,32893,63.50,20.778
61242,16233,63.50,20.778
61250,32893,63.50,20.778
61252,16233,63.50,20.778
61260,32893,63.50,20.778
61262,16233,63.50,20.778
61270,32893,63.50,20.778
61272,16233,63.50,20.778
61280,32893,63.50,20.778
61282,16233,63.50,20.778
61290,32893,63.50,20.778
61292,16233,63.50,20.778
61300,32893,63.50,20.778
61302,16233,63.50,20.778
61310,32893,63.50,20.778
61312,16233,63.50,20.778
61320,32893,63.50,20.778
61322,16233,63.50,20.778
61330,32893,63.50,20.778
61332,16233,63.50,20.778
61340,32893,63.50,20.778
61342,16233,63.50,20.778
61350,32893,63.50,20.778
61352,16233,63.50,20.778
61360,32893,63.50,20.778
61362,16233,63.50,20.778
61370,32893,63.50,20.778
61372,16233,63.50,20.778
61380,32893,63.50,20.778
61382,16233,63.50,20.778
61390,32893,63.50,20.778
61392,16233,63.50,20.778
61400,32893,63.50,20.778
61402,16233,63.50,20.778
61410,32893,63.50,20.778
61412,16233,63.50,20.778
61420,32893,63.50,20.778
61422,16233,63.50,20.778
61430,32893,63.50,20.778
61432,16233,63.50,20.778
61440,32893,63.50,20.778
61442,16233,63.50,20.778
61450,32893,63.50,20.778
61452,16233,63.50,20.778
61460,32893,63.50,20.778
61462,16233,63.50,20.778
61470,32893,63.50,20.778
61472,16233,63.50,20.778
61480,32893,63.50,20.778
61482,16233,63.50,20.778
61490,32893,63.50,20.778
61492,16233,63.50,20.778
61500,32893,63.50,20.778
61502,16233,63.50,20.778
61510,32893,63.50,20.778
61512,16233,63.50,20.778
61520,32893,63.50,20.778
61522,16233,63.50,20.778
61530,32893,63.50,20.778
61532,16233,63.50,20.778
61540,32893,63.50,20.778
61542,16233,63.50,20.778
61550,32893,63.50,20.778
61552,16233,63.50,20.778
61560,32893,63.50,20.778
61562,16233,63.50,20.778
61570,32893,63.50,20.778
61572,16233,63.50,20.778
61580,32893,63.50,20.778
61582,16233,63.50,20.778
61590,32893,63.50,20.778
61592,16233,63.50,20.778
61600,32893,63.50,20.778
61602,16233,63.50,20.778
61610,32893,63.50,20.778
61612,16233,63.50,20.778
61620,32893,63.50,20.778
61622,16233,63.50,20.778
61630,32893,63.50,20.778
61631,16233,63.50,20.778
61640,32893,63.50,20.778
61642,16233,63.50,20.778
61650,32893,63.50,20.778
61652,16233,63.50,20.778
61660,32893,63.50,20.778
61662,16233,63.50,20.778
61672,16233,63.50,20.778
61672,32893,63.50,20.778
61680,32893,63.50,20.778
61682,16233,63.50,20.778
61690,32893,63.50,20.778
61692,16233,63.50,20.778
61700,32893,63.50,20.778
61702,16233,63.50,20.778
61710,32893,63.50,20.778
61712,16233,63.50,20.778
61720,32893,63.50,20.778
61722,16233,63.50,20.778
61730,32893,63.50,20.778
61732,16233,63.50,20.778
61740,32893,63.50,20.778
61742,16233,63.50,20.778
61750,32893,63.50,20.778
61752,16233,63.50,20.778
61760,32893,63.50,20.778
61762,16233,63.50,20.778
61770,32893,63.50,20.778
61772,16233,63.50,20.778
61780,32893,63.50,20.778
61782,16233,63.50,20.778
61790,32893,63.50,20.778
61792,16233,63.50,20.778
61800,32893,63.50,20.778
61802,16233,63.50,20.778
61810,32893,63.50,20.778
61812,16233,63.50,20.778
61820,32893,63.50,20.778
61822,16233,63.50,20.778
61830,32893,63.50,20.778
61832,16233,63.50,20.778
61840,32893,63.50,20.778
61842,16233,63.50,20.778
61851,32893,63.50,20.778
61852,16233,63.50,20.778
61860,32893,63.50,20.778
61862,16233,63.50,20.778
61870,32893,63.50,20.778
61873,16233,63.50,20.778
61880,32893,63.50,20.778
61882,16233,63.50,20.778
61890,32893,63.50,20.778
61892,16233,63.50,20.778
61900,32893,63.50,20.778
61902,16233,63.50,20.778
61910,32893,63.50,20.778
61912,16233,63.50,20.778
61920,32893,63.50,20.778
61922,16233,63.50,20.778
61930,32893,63.50,20.778
61932,16233,63.50,20.778
61940,32893,63.50,20.778
61942,16233,63.50,20.778
61950,32893,63.50,20.778
61952,16233,63.50,20.778
61960,32893,63.50,20.778
61962,16233,63.50,20.778
61970,32893,63.50,20.778
61972,16233,63.50,20.778
61980,32893,63.50,20.778
61982,16233,63.50,20.778
61990,32893,63.50,20.778
61992,16233,63.50,20.778
62000,32893,63.50,20.778
62002,16233,63.50,20.778
62010,32893,63.50,20.778
62012,16233,63.50,20.778
62020,32893,63.50,20.778
62022,16233,63.50,20.778
62030,32893,63.50,20.778
62032,16233,63.50,20.778
62040,32893,63.50,20.778
62042,16233,63.50,20.778
62050,32893,63.50,20.778
62052,16233,63.50,20.778
62060,32893,63.50,20.778
62062,16233,63.50,20.778
62070,32893,63.50,20.778
62072,16233,63.50,20.778
62080,32893,63.50,20.778
62082,16233,63.50,20.778
62090,32893,63.50,20.778
62092,16233,63.50,20.778
62100,32893,63.50,20.778
62102,16233,63.50,20.778
62110,32893,63.50,20.778
62112,16233,63.50,20.778
62120,32893,63.50,20.778
62122,16233,63.50,20.778
62130,32893,63.50,20.778
62132,16233,63.50,20.778
62141,32893,63.50,20.778
62142,16233,63.50,20.778
62150,32893,63.50,20.778
62152,16233,63.50,20.778
62160,32893,63.50,20.778
62162,16233,63.50,20.778
62170,32893,63.50,20.778
62172,16233,63.50,20.778
62180,32893,63.50,20.778
62182,16233,63.50,20.778
62190,32893,63.50,20.778
62192,16233,63.50,20.778
62200,32893,63.50,20.778
62202,16233,63.50,20.778
62210,32893,63.50,20.778
62212,16233,63.50,20.778
62220,32893,63.50,20.778
62222,16233,63.50,20.778
62230,32893,63.50,20.778
62232,16233,63.50,20.778
62240,32893,63.50,20.778
62243,16233,63.50,20.778
62250,32893,63.50,20.778
62252,16233,63.50,20.778
62260,32893,63.50,20.778
62262,16233,63.50,20.778
62270,32893,63.50,20.778
62272,16233,63.50,20.778
62280,32893,63.50,20.778
62282,16233,63.50,20.778
62290,32893,63.50,20.778
62292,16233,63.50,20.778
62300,32893,63.50,20.778
62302,16233,63.50,20.778
62310,32893,63.50,20.778
62312,16233,63.50,20.778
62320,32893,63.50,20.778
62322,16233,63.50,20.778
62330,32893,63.50,20.778
62331,16233,63.50,20.778
62341,32893,63.50,20.778
62342,16233,63.50,20.778
62350,32893,63.50,20.778
62352,16233,63.50,20.778
62360,32893,63.50,20.778
62362,16233,63.50,20.778
62370,32893,63.50,20.778
62372,16233,63.50,20.778
62380,32893,63.50,20.778
62382,16233,63.50,20.778
62390,32893,63.50,20.778
62392,16233,63.50,20.778
62400,32893,63.50,20.778
62402,16233,63.50,20.778
62410,32893,63.50,20.778
62412,16233,63.50,20.778
62420,32893,63.50,20.778
62422,16233,63.50,20.778
62430,32893,63.50,20.778
62432,16233,63.50,20.778
62440,32893,63.50,20.778
62442,16233,63.50,20.778
62450,32893,63.50,20.778
62452,16233,63.50,20.778
62460,32893,63.50,20.778
62462,16233,63.50,20.778
62470,32893,63.50,20.778
62472,16233,63.50,20.778
62480,32893,63.50,20.778
62482,16233,63.50,20.778
62490,32893,63.50,20.778
62492,16233,63.50,20.778
62501,32893,63.50,20.778
62502,16233,63.50,20.778
62510,32893,63.50,20.778
62512,16233,63.50,20.778
62520,32893,63.50,20.778
62522,16233,63.50,20.778
62530,32893,63.50,20.778
62532,16233,63.50,20.778
62540,32893,63.50,20.778
62542,16233,63.50,20.778
62550,32893,63.50,20.778
62552,16233,63.50,20.778
62560,32893,63.50,20.778
62562,16233,63.50,20.778
62570,32893,63.50,20.778
62572,16233,63.50,20.778
62580,32893,63.50,20.778
62582,16233,63.50,20.778
62590,32893,63.50,20.778
62592,16233,63.50,20.778
62600,32893,63.50,20.778
62602,16233,63.50,20.778
62610,32893,63.50,20.778
62612,16233,63.50,20.778
62620,32893,63.50,20.778
62622,16233,63.50,20.778
62630,32893,63.50,20.778
62632,16233,63.50,20.778
62640,32893,63.50,20.778
62642,16233,63.50,20.778
62650,32893,63.50,20.778
62652,16233,63.50,20.778
62660,32893,63.50,20.778
62662,16233,63.50,20.778
62670,32893,63.50,20.778
62672,16233,63.50,20.778
62680,32893,63.50,20.778
62682,16233,63.50,20.778
62690,32893,63.50,20.778
62692,16233,63.50,20.778
62700,32893,63.50,20.778
62702,16233,63.50,20.778
62710,32893,63.50,20.778
62712,16233,63.50,20.778
62720,32893,63.50,20.778
62722,16233,63.50,20.778
62730,32893,63.50,20.778
62732,16233,63.50,20.778
62740,32893,63.50,20.778
62742,16233,63.50,20.778
62750,32893,63.50,20.778
62752,16233,63.50,20.778
62760,32893,63.50,20.778
62762,16233,63.50,20.778
62770,32893,63.50,20.778
62772,16233,63.50,20.778
62780,32893,63.50,20.778
62782,16233,63.50,20.778
62790,32893,63.50,20.778
62792,16233,63.50,20.778
62800,32893,63.50,20.778
62802,16233,63.50,20.778
62810,32893,63.50,20.778
62812,16233,63.50,20.778
62820,32893,63.50,20.778
62822,16233,63.50,20.778
62830,32893,63.50,20.778
62832,16233,63.50,20.778
62840,32893,63.50,20.778
62842,16233,63.50,20.778
62850,32893,63.50,20.778
62852,16233,63.50,20.778
62860,32893,63.50,20.778
62862,16233,63.50,20.778
62870,32893,63.50,20.778
62872,16233,63.50,20.778
62880,32893,63.50,20.778
62882,16233,63.50,20.778
62890,32893,63.50,20.778
62892,16233,63.50,20.778
62900,32893,63.50,20.778
62902,16233,63.50,20.778
62910,32893,63.50,20.778
62912,16233,63.50,20.778
62920,32893,63.50,20.778
62922,16233,63.50,20.778
62931,32893,63.50,20.778
62932,16233,63.50,20.778
62941,32893,63.50,20.778
62942,16233,63.50,20.778
62950,32893,63.50,20.778
62952,16233,63.50,20.778
62960,32893,63.50,20.778
62962,16233,63.50,20.778
62970,32893,63.50,20.778
62972,16233,63.50,20.778
62980,32893,63.50,20.778
62982,16233,63.50,20.778
62990,32893,63.50,20.778
62992,16233,63.50,20.778
63000,32893,63.50,20.778
63002,16233,63.50,20.778
63010,32893,63.50,20.778
63012,16233,63.50,20.778
63020,32893,63.50,20.778
63022,16233,63.50,20.778
63030,32893,63.50,20.778
63032,16233,63.50,20.778
63040,32893,63.50,20.778
63042,16233,63.50,20.778
63050,32893,63.50,20.778
63054,16233,63.50,20.778
63060,32893,63.50,20.778
63062,16233,63.50,20.778
63070,32893,63.50,20.778
63072,16233,63.50,20.778
63081,32893,63.50,20.778
63082,16233,63.50,20.778
63090,32893,63.50,20.778
63092,16233,63.50,20.778
63100,32893,63.50,20.778
63102,16233,63.50,20.778
63110,32893,63.50,20.778
63113,16233,63.50,20.778
63121,32893,63.50,20.778
63122,16233,63.50,20.778
63131,32893,63.50,20.778
63132,16233,63.50,20.778
63140,32893,63.50,20.778
63142,16233,63.50,20.778
63150,32893,63.50,20.778
63152,16233,63.50,20.778
63160,32893,63.50,20.778
63162,16233,63.50,20.778
63170,32893,63.50,20.778
63172,16233,63.50,20.778
63180,32893,63.50,20.778
63182,16233,63.50,20.778
63190,32893,63.50,20.778
63192,16233,63.50,20.778
63200,32893,63.50,20.778
63202,16233,63.50,20.778
63210,32893,63.50,20.778
63212,16233,63.50,20.778
63220,32893,63.50,20.778
63222,16233,63.50,20.778
63230,32893,63.50,20.778
63232,16233,63.50,20.778
63240,32893,63.50,20.778
63242,16233,63.50,20.778
63250,32893,63.50,20.778
63252,16233,63.50,20.778
63260,32893,63.50,20.778
63262,16233,63.50,20.778
63270,32893,63.50,20.778
63272,16233,63.50,20.778
63280,32893,63.50,20.778
63282,16233,63.50,20.778
63290,32893,63.50,20.778
63292,16233,63.50,20.778
63300,32893,63.50,20.778
63302,16233,63.50,20.778
63310,32893,63.50,20.778
63312,16233,63.50,20.778
63320,32893,63.50,20.778
63322,16233,63.50,20.778
63330,32893,63.50,20.778
63332,16233,63.50,20.778
63340,32893,63.50,20.778
63342,16233,63.50,20.778
63351,32893,63.50,20.778
63352,16233,63.50,20.778
63360,32893,63.50,20.778
63362,16233,63.50,20.778
63370,32893,63.50,20.778
63372,16233,63.50,20.778
63380,32893,63.50,20.778
63382,16233,63.50,20.778
63390,32893,63.50,20.778
63392,16233,63.50,20.778
63400,32893,63.50,20.778
63402,16233,63.50,20.778
63410,32893,63.50,20.778
63412,16233,63.50,20.778
63420,32893,63.50,20.778
63422,16233,63.50,20.778
63430,32893,63.50,20.778
63432,16233,63.50,20.778
63440,32893,63.50,20.778
63442,16233,63.50,20.778
63450,32893,63.50,20.778
63452,16233,63.50,20.778
63460,32893,63.50,20.778
63462,16233,63.50,20.778
63470,32893,63.50,20.778
63472,16233,63.50,20.778
63480,32893,63.50,20.778
63482,16233,63.50,20.778
63490,32893,63.50,20.778
63492,16233,58.00,18.978
63500,32893,63.50,20.778
63502,16233,58.00,18.978
63510,32893,63.50,20.778
63512,16233,58.00,18.978
63520,32893,63.50,20.778
63522,16233,58.00,18.978
63530,32893,63.50,20.778
63532,16233,58.00,18.978
63540,32893,63.50,20.778
63542,16233,58.00,18.978
63550,32893,63.50,20.778
63552,16233,58.00,18.978
63560,32893,63.50,20.778
63562,16233,58.00,18.978
63570,32893,63.50,20.778
63572,16233,58.00,18.978
63580,32893,63.50,20.778
63582,16233,58.00,18.978
63590,32893,63.50,20.778
63592,16233,58.00,18.978
63600,32893,63.50,20.778
63602,16233,58.00,18.978
63610,32893,63.50,20.778
63612,16233,58.00,18.978
63620,32893,63.50,20.778
63622,16233,58.00,18.978
63630,32893,63.50,20.778
63632,16233,58.00,18.978
63640,32893,63.50,20.778
63642,16233,58.00,18.978
63650,32893,63.50,20.778
63652,16233,58.00,18.978
63660,32893,63.50,20.778
63662,16233,58.00,18.978
63670,32893,63.50,20.778
63672,16233,58.00,18.978
63680,32893,63.50,20.778
63682,16233,58.00,18.978
63690,32893,63.50,20.778
63692,16233,58.00,18.978
63700,32893,63.50,20.778
63702,16233,58.00,18.978
63710,32893,63.50,20.778
63712,16233,58.00,18.978
63720,32893,63.50,20.778
63722,16233,58.00,18.978
63730,32893,63.50,20.778
63732,16233,58.00,18.978
63740,32893,63.50,20.778
63742,16233,58.00,18.978
63750,32893,63.50,20.778
63752,16233,58.00,18.978
63760,32893,63.50,20.778
63762,16233,58.00,18.978
63770,32893,63.50,20.778
63772,16233,58.00,18.978
63780,32893,63.50,20.778
63782,16233,58.00,18.978
63790,32893,63.50,20.778
63792,16233,58.00,18.978
63800,32893,63.50,20.778
63802,16233,58.00,18.978
63810,32893,63.50,20.778
63812,16233,58.00,18.978
63820,32893,63.50,20.778
63822,16233,58.00,18.978
63830,32893,63.50,20.778
63832,16233,58.00,18.978
63840,32893,63.50,20.778
63842,16233,58.00,18.978
63850,32893,63.50,20.778
63852,16233,58.00,18.978
63860,32893,63.50,20.778
63862,16233,58.00,18.978
63870,32893,63.50,20.778
63872,16233,58.00,18.978
63880,32893,63.50,20.778
63882,16233,58.00,18.978
63890,32893,63.50,20.778
63892,16233,58.00,18.978
63900,32893,63.50,20.778
63902,16233,58.00,18.978
63910,32893,63.50,20.778
63912,16233,58.00,18.978
63920,32893,63.50,20.778
63922,16233,58.00,18.978
63930,32893,63.50,20.778
63932,16233,58.00,18.978
63940,32893,63.50,20.778
63942,16233,58.00,18.978
63950,32893,63.50,20.778
63952,16233,58.00,18.978
63960,32893,63.50,20.778
63962,16233,58.00,18.978
63970,32893,63.50,20.778
63972,16233,58.00,18.978
63980,32893,63.50,20.778
63982,16233,58.00,18.978
63990,32893,63.50,20.778
63992,16233,58.00,18.978
64000,32893,63.50,20.778
64002,16233,58.00,18.978
64010,32893,63.50,20.778
64012,16233,58.00,18.978
64020,32893,63.50,20.778
64022,16233,58.00,18.978
64030,32893,63.50,20.778
64032,16233,58.00,18.978
64040,32893,63.50,20.778
64042,16233,58.00,18.978
64051,32893,63.50,20.778
64052,16233,58.00,18.978
64060,32893,63.50,20.778
64062,16233,58.00,18.978
64070,32893,63.50,20.778
64072,16233,58.00,18.978
64080,32893,63.50,20.778
64082,16233,58.00,18.978
64090,32893,63.50,20.778
64092,16233,58.00,18.978
64100,32893,63.50,20.778
64102,16233,58.00,18.978
64110,32893,63.50,20.778
64112,16233,58.00,18.978
64120,32893,63.50,20.778
64122,16233,58.00,18.978
64130,32893,63.50,20.778
64132,16233,58.00,18.978
64140,32893,63.50,20.778
64142,16233,58.00,18.978
64150,32893,63.50,20.778
64152,16233,58.00,18.978
64160,32893,63.50,20.778
64162,16233,58.00,18.978
64170,32893,63.50,20.778
64172,16233,58.00,18.978
64180,32893,63.50,20.778
64182,16233,58.00,18.978
64190,32893,63.50,20.778
64192,16233,58.00,18.978
64200,32893,63.50,20.778
64202,16233,58.00,18.978
64210,32893,63.50,20.778
64212,16233,58.00,18.978
64220,32893,63.50,20.778
64222,16233,58.00,18.978
64230,32893,63.50,20.778
64232,16233,58.00,18.978
64240,32893,63.50,20.778
64242,16233,58.00,18.978
64250,32893,63.50,20.778
64252,16233,58.00,18.978
64260,32893,63.50,20.778
64262,16233,58.00,18.978
64270,32893,63.50,20.778
64272,16233,58.00,18.978
64280,32893,63.50,20.778
64282,16233,58.00,18.978
64290,32893,63.50,20.778
64292,16233,58.00,18.978
64300,32893,63.50,20.778
64302,16233,58.00,18.978
64310,32893,63.50,20.778
64312,16233,58.00,18.978
64320,32893,63.50,20.778
64322,16233,58.00,18.978
64330,32893,63.50,20.778
64332,16233,58.00,18.978
64340,32893,63.50,20.778
64342,16233,58.00,18.978
64350,32893,63.50,20.778
64352,16233,58.00,18.978
64360,32893,63.50,20.778
64362,16233,58.00,18.978
64370,32893,63.50,20.778
64372,16233,58.00,18.978
64380,32893,63.50,20.778
64382,16233,58.00,18.978
64390,32893,63.50,20.778
64392,16233,58.00,18.978
64400,32893,63.50,20.778
64402,16233,58.00,18.978
64410,32893,63.50,20.778
64412,16233,58.00,18.978
64420,32893,63.50,20.778
64422,16233,58.00,18.978
64430,32893,63.50,20.778
64432,16233,58.00,18.978
64440,32893,63.50,20.778
64442,16233,58.00,18.978
64450,32893,63.50,20.778
64452,16233,58.00,18.978
64460,32893,63.50,20.778
64462,16233,58.00,18.978
64470,32893,63.50,20.778
64472,16233,58.00,18.978
64480,32893,63.50,20.778
64482,16233,58.00,18.978
64490,32893,63.50,20.778
64492,16233,58.00,18.978
64500,32893,63.50,20.778
64502,16233,58.00,18.978
64510,32893,63.50,20.778
64512,16233,58.00,18.978
64520,32893,63.50,20.778
64522,16233,58.00,18.978
64530,32893,63.50,20.778
64532,16233,58.00,18.978
64540,32893,59.00,19.305
64542,16233,58.00,18.978
64550,32893,59.00,19.305
64552,16233,58.00,18.978
64560,32893,59.00,19.305
64562,16233,58.00,18.978
64570,32893,59.00,19.305
64572,16233,58.00,18.978
64580,32893,59.00,19.305
64582,16233,58.00,18.978
64590,32893,59.00,19.305
64592,16233,58.00,18.978
64600,32893,59.00,19.305
64602,16233,58.00,18.978
64611,32893,59.00,19.305
64612,16233,58.00,18.978
64620,32893,59.00,19.305
64622,16233,58.00,18.978
64630,32893,59.00,19.305
64632,16233,58.00,18.978
64640,32893,59.00,19.305
64642,16233,58.00,18.978
64650,32893,59.00,19.305
64652,16233,58.00,18.978
64660,32893,59.00,19.305
64662,16233,58.00,18.978
64670,32893,59.00,19.305
64672,16233,58.00,18.978
64680,32893,59.00,19.305
64682,16233,58.00,18.978
64690,32893,59.00,19.305
64692,16233,58.00,18.978
64700,32893,59.00,19.305
64702,16233,58.00,18.978
64710,32893,59.00,19.305
64712,16233,58.00,18.978
64720,32893,59.00,19.305
64722,16233,58.00,18.978
64730,32893,59.00,19.305
64732,16233,58.00,18.978
64740,32893,59.00,19.305
64742,16233,58.00,18.978
64750,32893,59.00,19.305
64752,16233,58.00,18.978
64760,32893,59.00,19.305
64762,16233,58.00,18.978
64770,32893,59.00,19.305
64772,16233,58.00,18.978
64780,32893,59.00,19.305
64782,16233,58.00,18.978
64790,32893,59.00,19.305
64792,16233,58.00,18.978
64800,32893,59.00,19.305
64802,16233,58.00,18.978
64810,32893,59.00,19.305
64812,16233,58.00,18.978
64820,32893,59.00,19.305
64822,16233,58.00,18.978
64830,32893,59.00,19.305
64832,16233,58.00,18.978
64840,32893,59.00,19.305
64842,16233,58.00,18.978
64850,32893,59.00,19.305
64852,16233,58.00,18.978
64860,32893,59.00,19.305
64862,16233,58.00,18.978
64870,32893,59.00,19.305
64872,16233,58.00,18.978
64880,32893,59.00,19.305
64882,16233,58.00,18.978
64890,32893,59.00,19.305
64892,16233,58.00,18.978
64900,32893,59.00,19.305
64902,16233,58.00,18.978
64910,32893,59.00,19.305
64912,16233,58.00,18.978
64920,32893,59.00,19.305
64922,16233,58.00,18.978
64930,32893,59.00,19.305
64932,16233,58.00,18.978
64940,32893,59.00,19.305
64942,16233,58.00,18.978
64950,32893,59.00,19.305
64952,16233,58.00,18.978
64960,32893,59.00,19.305
64962,16233,58.00,18.978
64970,32893,59.00,19.305
64972,16233,58.00,18.978
64980,32893,59.00,19.305
64982,16233,58.00,18.978
64990,32893,59.00,19.305
64992,16233,58.00,18.978
65000,32893,59.00,19.305
65002,16233,58.00,18.978
65010,32893,59.00,19.305
65012,16233,58.00,18.978
65020,32893,59.00,19.305
65022,16233,58.00,18.978
65030,32893,59.00,19.305
65032,16233,58.00,18.978
65040,32893,59.00,19.305
65042,16233,58.00,18.978
65050,32893,59.00,19.305
65052,16233,58.00,18.978
65060,32893,59.00,19.305
65062,16233,58.00,18.978
65070,32893,59.00,19.305
65072,16233,58.00,18.978
65080,32893,59.00,19.305
65082,16233,58.00,18.978
65090,32893,59.00,19.305
65092,16233,58.00,18.978
65100,32893,59.00,19.305
65102,16233,58.00,18.978
65110,32893,59.00,19.305
65112,16233,58.00,18.978
65120,32893,59.00,19.305
65122,16233,58.00,18.978
65130,32893,59.00,19.305
65132,16233,58.00,18.978
65140,32893,59.00,19.305
65142,16233,58.00,18.978
65150,32893,59.00,19.305
65152,16233,58.00,18.978
65161,32893,59.00,19.305
65162,16233,58.00,18.978
65170,32893,59.00,19.305
65172,16233,58.00,18.978
65180,32893,59.00,19.305
65182,16233,58.00,18.978
65190,32893,59.00,19.305
65192,16233,58.00,18.978
65200,32893,59.00,19.305
65202,16233,58.00,18.978
65210,32893,59.00,19.305
65212,16233,58.00,18.978
65220,32893,59.00,19.305
65222,16233,58.00,18.978
65230,32893,59.00,19.305
65232,16233,58.00,18.978
65240,32893,59.00,19.305
65242,16233,58.00,18.978
65250,32893,59.00,19.305
65252,16233,58.00,18.978
65260,32893,59.00,19.305
65262,16233,58.00,18.978
65270,32893,59.00,19.305
65272,16233,58.00,18.978
65280,32893,59.00,19.305
65282,16233,58.00,18.978
65290,32893,59.00,19.305
65292,16233,58.00,18.978
65300,32893,59.00,19.305
65302,16233,58.00,18.978
65310,32893,59.00,19.305
65312,16233,58.00,18.978
65320,32893,59.00,19.305
65322,16233,58.00,18.978
65330,32893,59.00,19.305
65332,16233,58.00,18.978
65340,32893,59.00,19.305
65342,16233,58.00,18.978
65350,32893,59.00,19.305
65352,16233,58.00,18.978
65360,32893,59.00,19.305
65362,16233,58.00,18.978
65370,32893,59.00,19.305
65372,16233,58.00,18.978
65380,32893,59.00,19.305
65382,16233,58.00,18.978
65390,32893,59.00,19.305
65392,16233,58.00,18.978
65400,32893,59.00,19.305
65402,16233,58.00,18.978
65410,32893,59.00,19.305
65412,16233,58.00,18.978
65420,32893,59.00,19.305
65422,16233,58.00,18.978
65430,32893,59.00,19.305
65432,16233,58.00,18.978
65440,32893,59.00,19.305
65442,16233,58.00,18.978
65450,32893,59.00,19.305
65452,16233,58.00,18.978
65460,32893,59.00,19.305
65462,16233,58.00,18.978
65470,32893,59.00,19.305
65472,16233,58.00,18.978
65480,32893,59.00,19.305
65482,16233,58.00,18.978
65490,32893,59.00,19.305
65492,16233,58.00,18.978
65500,32893,59.00,19.305
65502,16233,58.00,18.978
65510,32893,59.00,19.305
65512,16233,58.00,18.978
65520,32893,59.00,19.305
65522,16233,58.00,18.978
65530,32893,59.00,19.305
65532,16233,58.00,18.978
65541,32893,59.00,19.305
65543,16233,58.00,18.978
65550,32893,59.00,19.305
65552,16233,58.00,18.978
65560,32893,59.00,19.305
65562,16233,58.00,18.978
65570,32893,59.00,19.305
65572,16233,58.00,18.978
65580,32893,59.00,19.305
65582,16233,58.00,18.978
65590,32893,59.00,19.305
65592,16233,58.00,18.978
65600,32893,59.00,19.305
65602,16233,58.00,18.978
65610,32893,59.00,19.305
65612,16233,58.00,18.978
65620,32893,59.00,19.305
65622,16233,58.00,18.978
65630,32893,59.00,19.305
65632,16233,58.00,18.978
65640,32893,59.00,19.305
65642,16233,58.00,18.978
65650,32893,59.00,19.305
65652,16233,58.00,18.978
65660,32893,59.00,19.305
65662,16233,58.00,18.978
65670,32893,59.00,19.305
65672,16233,58.00,18.978
65680,32893,59.00,19.305
65682,16233,58.00,18.978
65691,32893,59.00,19.305
65692,16233,58.00,18.978
65700,32893,59.00,19.305
65702,16233,58.00,18.978
65710,32893,59.00,19.305
65712,16233,58.00,18.978
65720,32893,59.00,19.305
65722,16233,58.00,18.978
65730,32893,59.00,19.305
65732,16233,58.00,18.978
65740,32893,59.00,19.305
65742,16233,58.00,18.978
65750,32893,59.00,19.305
65752,16233,58.00,18.978
65760,32893,59.00,19.305
65762,16233,58.00,18.978
65770,32893,59.00,19.305
65772,16233,58.00,18.978
65780,32893,59.00,19.305
65782,16233,58.00,18.978
65790,32893,59.00,19.305
65792,16233,58.00,18.978
65800,32893,59.00,19.305
65802,16233,58.00,18.978
65810,32893,59.00,19.305
65812,16233,58.00,18.978
65820,32893,59.00,19.305
65822,16233,58.00,18.978
65830,32893,59.00,19.305
65832,16233,58.00,18.978
65840,32893,59.00,19.305
65842,16233,58.00,18.978
65850,32893,59.00,19.305
65852,16233,58.00,18.978
65860,32893,59.00,19.305
65862,16233,58.00,18.978
65870,32893,59.00,19.305
65872,16233,58.00,18.978
65880,32893,59.00,19.305
65882,16233,58.00,18.978
65890,32893,59.00,19.305
65892,16233,58.00,18.978
65900,32893,59.00,19.305
65902,16233,58.00,18.978
65910,32893,59.00,19.305
65912,16233,58.00,18.978
65920,32893,59.00,19.305
65922,16233,58.00,18.978
65930,32893,59.00,19.305
65932,16233,58.00,18.978
65940,32893,59.00,19.305
65942,16233,58.00,18.978
65950,32893,59.00,19.305
65952,16233,58.00,18.978
65960,32893,59.00,19.305
65962,16233,58.00,18.978
65970,32893,59.00,19.305
65972,16233,58.00,18.978
65980,32893,59.00,19.305
65982,16233,58.00,18.978
65990,32893,59.00,19.305
65992,16233,58.00,18.978
66000,32893,59.00,19.305
66002,16233,58.00,18.978
66010,32893,59.00,19.305
66012,16233,58.00,18.978
66020,32893,59.00,19.305
66022,16233,58.00,18.978
66030,32893,59.00,19.305
66032,16233,58.00,18.978
66040,32893,59.00,19.305
66042,16233,58.00,18.978
66050,32893,59.00,19.305
66052,16233,58.00,18.978
66060,32893,59.00,19.305
66062,16233,58.00,18.978
66070,32893,59.00,19.305
66072,16233,58.00,18.978
66080,32893,59.00,19.305
66082,16233,58.00,18.978
66090,32893,59.00,19.305
66092,16233,58.00,18.978
66100,32893,59.00,19.305
66102,16233,58.00,18.978
66110,32893,59.00,19.305
66112,16233,58.00,18.978
66120,32893,59.00,19.305
66122,16233,58.00,18.978
66130,32893,59.00,19.305
66132,16233,58.00,18.978
66140,32893,59.00,19.305
66142,16233,58.00,18.978
66150,32893,59.00,19.305
66152,16233,58.00,18.978
66160,32893,59.00,19.305
66162,16233,58.00,18.978
66170,32893,59.00,19.305
66172,16233,58.00,18.978
66180,32893,59.00,19.305
66182,16233,58.00,18.978
66190,32893,59.00,19.305
66192,16233,58.00,18.978
66200,32893,59.00,19.305
66202,16233,58.00,18.978
66210,32893,59.00,19.305
66212,16233,58.00,18.978
66220,32893,59.00,19.305
66222,16233,58.00,18.978
66230,32893,59.00,19.305
66232,16233,58.00,18.978
66240,32893,59.00,19.305
66243,16233,58.00,18.978
66250,32893,59.00,19.305
66252,16233,58.00,18.978
66260,32893,59.00,19.305
66263,16233,58.00,18.978
66270,32893,59.00,19.305
66272,16233,58.00,18.978
66280,32893,59.00,19.305
66282,16233,58.00,18.978
66290,32893,59.00,19.305
66292,16233,58.00,18.978
66300,32893,59.00,19.305
66302,16233,58.00,18.978
66310,32893,59.00,19.305
66312,16233,58.00,18.978
66320,32893,59.00,19.305
66322,16233,58.00,18.978
66330,32893,59.00,19.305
66332,16233,58.00,18.978
66340,32893,59.00,19.305
66342,16233,58.00,18.978
66350,32893,59.00,19.305
66352,16233,58.00,18.978
66360,32893,59.00,19.305
66362,16233,58.00,18.978
66370,32893,59.00,19.305
66372,16233,58.00,18.978
66380,32893,59.00,19.305
66382,16233,58.00,18.978
66390,32893,59.00,19.305
66392,16233,58.00,18.978
66400,32893,59.00,19.305
66402,16233,58.00,18.978
66410,32893,59.00,19.305
66412,16233,58.00,18.978
66420,32893,59.00,19.305
66422,16233,58.00,18.978
66430,32893,59.00,19.305
66432,16233,58.00,18.978
66440,32893,59.00,19.305
66443,16233,58.00,18.978
66450,32893,59.00,19.305
66452,16233,58.00,18.978
66460,32893,59.00,19.305
66462,16233,58.00,18.978
66470,32893,59.00,19.305
66472,16233,58.00,18.978
66480,32893,59.00,19.305
66482,16233,58.00,18.978
66490,32893,59.00,19.305
66492,16233,58.00,18.978
66500,32893,59.00,19.305
66502,16233,58.00,18.978
66510,32893,59.00,19.305
66512,16233,58.00,18.978
66520,32893,59.00,19.305
66522,16233,58.00,18.978
66530,32893,59.00,19.305
66532,16233,58.00,18.978
66540,32893,59.00,19.305
66542,16233,58.00,18.978
66550,32893,59.00,19.305
66552,16233,58.00,18.978
66560,32893,59.00,19.305
66562,16233,58.00,18.978
66570,32893,59.00,19.305
66572,16233,58.00,18.978
66580,32893,59.00,19.305
66582,16233,58.00,18.978
66590,32893,59.00,19.305
66592,16233,58.00,18.978
66600,32893,59.00,19.305
66602,16233,58.00,18.978
66610,32893,59.00,19.305
66612,16233,58.00,18.978
66620,32893,59.00,19.305
66622,16233,58.00,18.978
66631,32893,59.00,19.305
66632,16233,58.00,18.978
66640,32893,59.00,19.305
66643,16233,58.00,18.978
66650,32893,59.00,19.305
66652,16233,58.00,18.978
66660,32893,59.00,19.305
66662,16233,58.00,18.978
66670,32893,59.00,19.305
66672,16233,58.00,18.978
66680,32893,59.00,19.305
66682,16233,58.00,18.978
66690,32893,59.00,19.305
66692,16233,58.00,18.978
66700,32893,59.00,19.305
66702,16233,58.00,18.978
66710,32893,59.00,19.305
66712,16233,58.00,18.978
66720,32893,59.00,19.305
66722,16233,58.00,18.978
66730,32893,59.00,19.305
66732,16233,58.00,18.978
66740,32893,59.00,19.305
66742,16233,58.00,18.978
66750,32893,59.00,19.305
66752,16233,58.00,18.978
66760,32893,59.00,19.305
66762,16233,58.00,18.978
66770,32893,59.00,19.305
66773,16233,58.00,18.978
66780,32893,59.00,19.305
66782,16233,58.00,18.978
66790,32893,59.00,19.305
66792,16233,58.00,18.978
66800,32893,59.00,19.305
66802,16233,58.00,18.978
66810,32893,59.00,19.305
66812,16233,58.00,18.978
66820,32893,59.00,19.305
66822,16233,58.00,18.978
66830,32893,59.00,19.305
66832,16233,58.00,18.978
66840,32893,59.00,19.305
66842,16233,58.00,18.978
66850,32893,59.00,19.305
66852,16233,58.00,18.978
66860,32893,59.00,19.305
66862,16233,58.00,18.978
66870,32893,59.00,19.305
66872,16233,58.00,18.978
66880,32893,59.00,19.305
66882,16233,58.00,18.978
66890,32893,59.00,19.305
66892,16233,58.00,18.978
66900,32893,59.00,19.305
66902,16233,58.00,18.978
66910,32893,59.00,19.305
66912,16233,58.00,18.978
66920,32893,59.00,19.305
66922,16233,58.00,18.978
66930,32893,59.00,19.305
66933,16233,58.00,18.978
66940,32893,59.00,19.305
66942,16233,58.00,18.978
66950,32893,59.00,19.305
66952,16233,58.00,18.978
66960,32893,59.00,19.305
66962,16233,58.00,18.978
66970,32893,59.00,19.305
66972,16233,58.00,18.978
66980,32893,59.00,19.305
66982,16233,58.00,18.978
66990,32893,59.00,19.305
66992,16233,58.00,18.978
67000,32893,59.00,19.305
67002,16233,58.00,18.978
67010,32893,59.00,19.305
67012,16233,58.00,18.978
67020,32893,59.00,19.305
67022,16233,58.00,18.978
67030,32893,59.00,19.305
67032,16233,58.00,18.978
67040,32893,59.00,19.305
67042,16233,58.00,18.978
67050,32893,59.00,19.305
67052,16233,58.00,18.978
67060,32893,59.00,19.305
67062,16233,58.00,18.978
67070,32893,59.00,19.305
67072,16233,58.00,18.978
67080,32893,59.00,19.305
67082,16233,58.00,18.978
67090,32893,59.00,19.305
67092,16233,58.00,18.978
67100,32893,59.00,19.305
67102,16233,58.00,18.978
67110,32893,59.00,19.305
67112,16233,58.00,18.978
67120,32893,59.00,19.305
67122,16233,58.00,18.978
67130,32893,59.00,19.305
67132,16233,58.00,18.978
67140,32893,59.00,19.305
67142,16233,58.00,18.978
67150,32893,59.00,19.305
67152,16233,58.00,18.978
67160,32893,59.00,19.305
67162,16233,58.00,18.978
67170,32893,59.00,19.305
67172,16233,58.00,18.978
67180,32893,59.00,19.305
67182,16233,58.00,18.978
67190,32893,59.00,19.305
67192,16233,58.00,18.978
67200,32893,59.00,19.305
67202,16233,58.00,18.978
67210,32893,59.00,19.305
67212,16233,58.00,18.978
67220,32893,59.00,19.305
67222,16233,58.00,18.978
67230,32893,59.00,19.305
67232,16233,58.00,18.978
67240,32893,59.00,19.305
67242,16233,58.00,18.978
67250,32893,59.00,19.305
67252,16233,58.00,18.978
67260,32893,59.00,19.305
67262,16233,58.00,18.978
67270,32893,59.00,19.305
67272,16233,58.00,18.978
67281,32893,59.00,19.305
67282,16233,58.00,18.978
67290,32893,59.00,19.305
67292,16233,58.00,18.978
67300,32893,59.00,19.305
67302,16233,58.00,18.978
67310,32893,59.00,19.305
67312,16233,58.00,18.978
67320,32893,59.00,19.305
67322,16233,58.00,18.978
67330,32893,59.00,19.305
67332,16233,58.00,18.978
67340,32893,59.00,19.305
67342,16233,58.00,18.978
67350,32893,59.00,19.305
67352,16233,58.00,18.978
67360,32893,59.00,19.305
67362,16233,58.00,18.978
67370,32893,59.00,19.305
67372,16233,58.00,18.978
67380,32893,59.00,19.305
67382,16233,58.00,18.978
67390,32893,59.00,19.305
67392,16233,58.00,18.978
67400,32893,59.00,19.305
67402,16233,58.00,18.978
67410,32893,59.00,19.305
67412,16233,58.00,18.978
67420,32893,59.00,19.305
67422,16233,58.00,18.978
67430,32893,59.00,19.305
67432,16233,58.00,18.978
67440,32893,59.00,19.305
67442,16233,58.00,18.978
67451,32893,59.00,19.305
67452,16233,58.00,18.978
67460,32893,59.00,19.305
67462,16233,58.00,18.978
67470,32893,59.00,19.305
67472,16233,58.00,18.978
67480,32893,59.00,19.305
67482,16233,58.00,18.978
67490,32893,59.00,19.305
67492,16233,58.00,18.978
67500,32893,59.00,19.305
67502,16233,58.00,18.978
67510,32893,59.00,19.305
67512,16233,58.00,18.978
67520,32893,59.00,19.305
67522,16233,58.00,18.978
67530,32893,59.00,19.305
67532,16233,58.00,18.978
67540,32893,59.00,19.305
67542,16233,58.00,18.978
67550,32893,59.00,19.305
67552,16233,63.50,20.778
67560,32893,59.00,19.305
67562,16233,63.50,20.778
67570,32893,59.00,19.305
67572,16233,63.50,20.778
67580,32893,59.00,19.305
67582,16233,63.50,20.778
67590,32893,59.00,19.305
67592,16233,63.50,20.778
67600,32893,59.00,19.305
67602,16233,63.50,20.778
67610,32893,59.00,19.305
67612,16233,63.50,20.778
67620,32893,59.00,19.305
67622,16233,63.50,20.778
67630,32893,59.00,19.305
67632,16233,63.50,20.778
67640,32893,59.00,19.305
67642,16233,63.50,20.778
67650,32893,59.00,19.305
67652,16233,63.50,20.778
67660,32893,59.00,19.305
67662,16233,63.50,20.778
67670,32893,59.00,19.305
67672,16233,63.50,20.778
67680,32893,59.00,19.305
67682,16233,63.50,20.778
67690,32893,59.00,19.305
67692,16233,63.50,20.778
67700,32893,59.00,19.305
67702,16233,63.50,20.778
67710,32893,59.00,19.305
67712,16233,63.50,20.778
67720,32893,59.00,19.305
67722,16233,63.50,20.778
67730,32893,59.00,19.305
67732,16233,63.50,20.778
67740,32893,59.00,19.305
67742,16233,63.50,20.778
67751,32893,59.00,19.305
67752,16233,63.50,20.778
67761,32893,59.00,19.305
67762,16233,63.50,20.778
67770,32893,59.00,19.305
67772,16233,63.50,20.778
67780,32893,59.00,19.305
67782,16233,63.50,20.778
67790,32893,59.00,19.305
67792,16233,63.50,20.778
67800,32893,59.00,19.305
67802,16233,63.50,20.778
67810,32893,59.00,19.305
67812,16233,63.50,20.778
67820,32893,59.00,19.305
67822,16233,63.50,20.778
67830,32893,59.00,19.305
67832,16233,63.50,20.778
67840,32893,59.00,19.305
67842,16233,63.50,20.778
67850,32893,59.00,19.305
67852,16233,63.50,20.778
67860,32893,59.00,19.305
67862,16233,63.50,20.778
67870,32893,59.00,19.305
67872,16233,63.50,20.778
67880,32893,59.00,19.305
67882,16233,63.50,20.778
67890,32893,59.00,19.305
67892,16233,63.50,20.778
67900,32893,59.00,19.305
67902,16233,63.50,20.778
67910,32893,59.00,19.305
67912,16233,63.50,20.778
67920,32893,59.00,19.305
67922,16233,63.50,20.778
67930,32893,59.00,19.305
67932,16233,63.50,20.778
67940,32893,59.00,19.305
67942,16233,63.50,20.778
67950,32893,59.00,19.305
67952,16233,63.50,20.778
67960,32893,59.00,19.305
67962,16233,63.50,20.778
67970,32893,59.00,19.305
67972,16233,63.50,20.778
67980,32893,59.00,19.305
67982,16233,63.50,20.778
67990,32893,59.00,19.305
67992,16233,63.50,20.778
68000,32893,59.00,19.305
68002,16233,63.50,20.778
68010,32893,59.00,19.305
68012,16233,63.50,20.778
68020,32893,59.00,19.305
68022,16233,63.50,20.778
68030,32893,59.00,19.305
68032,16233,63.50,20.778
68040,32893,59.00,19.305
68042,16233,63.50,20.778
68050,32893,59.00,19.305
68052,16233,63.50,20.778
68060,32893,59.00,19.305
68062,16233,63.50,20.778
68070,32893,59.00,19.305
68072,16233,63.50,20.778
68080,32893,59.00,19.305
68082,16233,63.50,20.778
68090,32893,59.00,19.305
68092,16233,63.50,20.778
68100,32893,59.00,19.305
68102,16233,63.50,20.778
68110,32893,59.00,19.305
68112,16233,63.50,20.778
68120,32893,59.00,19.305
68122,16233,63.50,20.778
68130,32893,59.00,19.305
68132,16233,63.50,20.778
68140,32893,59.00,19.305
68142,16233,63.50,20.778
68152,32893,59.00,19.305
68152,16233,63.50,20.778
68160,32893,59.00,19.305
68162,16233,63.50,20.778
68170,32893,59.00,19.305
68172,16233,63.50,20.778
68180,32893,59.00,19.305
68182,16233,63.50,20.778
68190,32893,59.00,19.305
68192,16233,63.50,20.778
68200,32893,59.00,19.305
68203,16233,63.50,20.778
68210,32893,59.00,19.305
68212,16233,63.50,20.778
68220,32893,59.00,19.305
68222,16233,63.50,20.778
68231,32893,59.00,19.305
68232,16233,63.50,20.778
68240,32893,59.00,19.305
68242,16233,63.50,20.778
68250,32893,59.00,19.305
68252,16233,63.50,20.778
68260,32893,59.00,19.305
68262,16233,63.50,20.778
68270,32893,59.00,19.305
68272,16233,63.50,20.778
68280,32893,59.00,19.305
68282,16233,63.50,20.778
68290,32893,59.00,19.305
68292,16233,63.50,20.778
68300,32893,59.00,19.305
68302,16233,63.50,20.778
68310,32893,59.00,19.305
68312,16233,63.50,20.778
68320,32893,59.00,19.305
68322,16233,63.50,20.778
68330,32893,59.00,19.305
68332,16233,63.50,20.778
68340,32893,59.00,19.305
68343,16233,63.50,20.778
68351,32893,59.00,19.305
68352,16233,63.50,20.778
68360,32893,59.00,19.305
68362,16233,63.50,20.778
68370,32893,59.00,19.305
68372,16233,63.50,20.778
68381,32893,59.00,19.305
68383,16233,63.50,20.778
68390,32893,59.00,19.305
68392,16233,63.50,20.778
68400,32893,59.00,19.305
68402,16233,63.50,20.778
68410,32893,59.00,19.305
68412,16233,63.50,20.778
68420,32893,59.00,19.305
68422,16233,63.50,20.778
68430,32893,59.00,19.305
68432,16233,63.50,20.778
68440,32893,59.00,19.305
68442,16233,63.50,20.778
68450,32893,59.00,19.305
68452,16233,63.50,20.778
68460,32893,59.00,19.305
68462,16233,63.50,20.778
68470,32893,59.00,19.305
68472,16233,63.50,20.778
68480,32893,59.00,19.305
68482,16233,63.50,20.778
68490,32893,59.00,19.305
68492,16233,63.50,20.778
68500,32893,59.00,19.305
68502,16233,63.50,20.778
68510,32893,59.00,19.305
68512,16233,63.50,20.778
68520,32893,59.00,19.305
68522,16233,63.50,20.778
68530,32893,59.00,19.305
68532,16233,63.50,20.778
68540,32893,59.00,19.305
68542,16233,63.50,20.778
68550,32893,59.00,19.305
68552,16233,63.50,20.778
68560,32893,59.00,19.305
68562,16233,63.50,20.778
68570,32893,59.00,19.305
68572,16233,63.50,20.778
68580,32893,59.00,19.305
68582,16233,63.50,20.778
68590,32893,59.00,19.305
68592,16233,63.50,20.778
68601,32893,59.00,19.305
68602,16233,63.50,20.778
68610,32893,59.00,19.305
68612,16233,63.50,20.778
68620,32893,59.00,19.305
68622,16233,63.50,20.778
68630,32893,59.00,19.305
68632,16233,63.50,20.778
68640,32893,59.00,19.305
68642,16233,63.50,20.778
68650,32893,59.00,19.305
68652,16233,63.50,20.778
68660,32893,59.00,19.305
68662,16233,63.50,20.778
68670,32893,59.00,19.305
68672,16233,63.50,20.778
68680,32893,59.00,19.305
68682,16233,63.50,20.778
68690,32893,63.50,20.778
68692,16233,63.50,20.778
68700,32893,63.50,20.778
68702,16233,63.50,20.778
68710,32893,63.50,20.778
68712,16233,63.50,20.778
68720,32893,63.50,20.778
68722,16233,63.50,20.778
68730,32893,63.50,20.778
68732,16233,63.50,20.778
68740,32893,63.50,20.778
68742,16233,63.50,20.778
68750,32893,63.50,20.778
68752,16233,63.50,20.778
68760,32893,63.50,20.778
68762,16233,63.50,20.778
68770,32893,63.50,20.778
68772,16233,63.50,20.778
68780,32893,63.50,20.778
68782,16233,63.50,20.778
68790,32893,63.50,20.778
68792,16233,63.50,20.778
68800,32893,63.50,20.778
68802,16233,63.50,20.778
68810,32893,63.50,20.778
68812,16233,63.50,20.778
68820,32893,63.50,20.778
68822,16233,63.50,20.778
68830,32893,63.50,20.778
68832,16233,63.50,20.778
68840,32893,63.50,20.778
68842,16233,63.50,20.778
68850,32893,63.50,20.778
68852,16233,63.50,20.778
68860,32893,63.50,20.778
68862,16233,63.50,20.778
68870,32893,63.50,20.778
68872,16233,63.50,20.778
68881,32893,63.50,20.778
68882,16233,63.50,20.778
68890,32893,63.50,20.778
68892,16233,63.50,20.778
68900,32893,63.50,20.778
68902,16233,63.50,20.778
68910,32893,63.50,20.778
68913,16233,63.50,20.778
68920,32893,63.50,20.778
68922,16233,63.50,20.778
68930,32893,63.50,20.778
68932,16233,63.50,20.778
68940,32893,63.50,20.778
68943,16233,63.50,20.778
68951,32893,63.50,20.778
68952,16233,63.50,20.778
68960,32893,63.50,20.778
68962,16233,63.50,20.778
68970,32893,63.50,20.778
68973,16233,63.50,20.778
68980,32893,63.50,20.778
68982,16233,63.50,20.778
68990,32893,63.50,20.778
68992,16233,63.50,20.778
69000,32893,63.50,20.778
69002,16233,63.50,20.778
69010,32893,63.50,20.778
69012,16233,63.50,20.778
69020,32893,63.50,20.778
69022,16233,63.50,20.778
69030,32893,63.50,20.778
69032,16233,63.50,20.778
69040,32893,63.50,20.778
69042,16233,63.50,20.778
69050,32893,63.50,20.778
69052,16233,63.50,20.778
69060,32893,63.50,20.778
69062,16233,63.50,20.778
69071,32893,63.50,20.778
69072,16233,63.50,20.778
69081,32893,63.50,20.778
69082,16233,63.50,20.778
69090,32893,63.50,20.778
69092,16233,63.50,20.778
69100,32893,63.50,20.778
69102,16233,63.50,20.778
69110,32893,63.50,20.778
69112,16233,63.50,20.778
69120,32893,63.50,20.778
69122,16233,63.50,20.778
69131,32893,63.50,20.778
69132,16233,63.50,20.778
69141,32893,63.50,20.778
69142,16233,63.50,20.778
69150,32893,63.50,20.778
69152,16233,63.50,20.778
69161,32893,63.50,20.778
69162,16233,63.50,20.778
69170,32893,63.50,20.778
69172,16233,63.50,20.778
69180,32893,63.50,20.778
69182,16233,63.50,20.778
69190,32893,63.50,20.778
69192,16233,63.50,20.778
69200,32893,63.50,20.778
69202,16233,63.50,20.778
69210,32893,63.50,20.778
69212,16233,63.50,20.778
69220,32893,63.50,20.778
69222,16233,63.50,20.778
69230,32893,63.50,20.778
69232,16233,63.50,20.778
69240,32893,63.50,20.778
69242,16233,63.50,20.778
69250,32893,63.50,20.778
69252,16233,63.50,20.778
69260,32893,63.50,20.778
69262,16233,63.50,20.778
69270,32893,63.50,20.778
69272,16233,63.50,20.778
69280,32893,63.50,20.778
69282,16233,63.50,20.778
69290,32893,63.50,20.778
69292,16233,63.50,20.778
69300,32893,63.50,20.778
69302,16233,63.50,20.778
69310,32893,63.50,20.778
69313,16233,63.50,20.778
69320,32893,63.50,20.778
69322,16233,63.50,20.778
69331,32893,63.50,20.778
69332,16233,63.50,20.778
69340,32893,63.50,20.778
69342,16233,63.50,20.778
69350,32893,63.50,20.778
69352,16233,63.50,20.778
69360,32893,63.50,20.778
69362,16233,63.50,20.778
69370,32893,63.50,20.778
69372,16233,63.50,20.778
69380,32893,63.50,20.778
69382,16233,63.50,20.778
69390,32893,63.50,20.778
69392,16233,63.50,20.778
69400,32893,63.50,20.778
69402,16233,63.50,20.778
69410,32893,63.50,20.778
69412,16233,63.50,20.778
69420,32893,63.50,20.778
69422,16233,63.50,20.778
69431,32893,63.50,20.778
69432,16233,63.50,20.778
69440,32893,63.50,20.778
69442,16233,63.50,20.778
69450,32893,63.50,20.778
69452,16233,63.50,20.778
69460,32893,63.50,20.778
69462,16233,63.50,20.778
69470,32893,63.50,20.778
69472,16233,63.50,20.778
69480,32893,63.50,20.778
69482,16233,63.50,20.778
69490,32893,63.50,20.778
69492,16233,63.50,20.778
69500,32893,63.50,20.778
69502,16233,63.50,20.778
69510,32893,63.50,20.778
69513,16233,63.50,20.778
69520,32893,63.50,20.778
69522,16233,63.50,20.778
69530,32893,63.50,20.778
69532,16233,63.50,20.778
69540,32893,63.50,20.778
69542,16233,63.50,20.778
69550,32893,63.50,20.778
69552,16233,63.50,20.778
69560,32893,63.50,20.778
69562,16233,63.50,20.778
69570,32893,63.50,20.778
69572,16233,63.50,20.778
69580,32893,63.50,20.778
69582,16233,63.50,20.778
69590,32893,63.50,20.778
69592,16233,63.50,20.778
69600,32893,63.50,20.778
69602,16233,63.50,20.778
69610,32893,63.50,20.778
69612,16233,63.50,20.778
69620,32893,63.50,20.778
69622,16233,63.50,20.778
69630,32893,63.50,20.778
69632,16233,63.50,20.778
69640,32893,63.50,20.778
69642,16233,63.50,20.778
69650,32893,63.50,20.778
69652,16233,63.50,20.778
69660,32893,63.50,20.778
69662,16233,63.50,20.778
69670,32893,63.50,20.778
69672,16233,63.50,20.778
69680,32893,63.50,20.778
69682,16233,63.50,20.778
69690,32893,63.50,20.778
69692,16233,63.50,20.778
69700,32893,63.50,20.778
69702,16233,63.50,20.778
69710,32893,63.50,20.778
69712,16233,63.50,20.778
69720,32893,63.50,20.778
69722,16233,63.50,20.778
69730,32893,63.50,20.778
69732,16233,63.50,20.778
69740,32893,63.50,20.778
69742,16233,63.50,20.778
69751,32893,63.50,20.778
69752,16233,63.50,20.778
69760,32893,63.50,20.778
69762,16233,63.50,20.778
69770,32893,63.50,20.778
69772,16233,63.50,20.778
69780,32893,63.50,20.778
69782,16233,63.50,20.778
69790,32893,63.50,20.778
69792,16233,63.50,20.778
69800,32893,63.50,20.778
69802,16233,63.50,20.778
69810,32893,63.50,20.778
69812,16233,63.50,20.778
69820,32893,63.50,20.778
69822,16233,63.50,20.778
69830,32893,63.50,20.778
69832,16233,63.50,20.778
69840,32893,63.50,20.778
69842,16233,63.50,20.778
69850,32893,63.50,20.778
69852,16233,63.50,20.778
69860,32893,63.50,20.778
69862,16233,63.50,20.778
69870,32893,63.50,20.778
69872,16233,63.50,20.778
69880,32893,63.50,20.778
69882,16233,63.50,20.778
69890,32893,63.50,20.778
69892,16233,63.50,20.778
69900,32893,63.50,20.778
69902,16233,63.50,20.778
69910,32893,63.50,20.778
69912,16233,63.50,20.778
69920,32893,63.50,20.778
69922,16233,63.50,20.778
69930,32893,63.50,20.778
69932,16233,63.50,20.778
69940,32893,63.50,20.778
69942,16233,63.50,20.778
69950,32893,63.50,20.778
69952,16233,63.50,20.778
69960,32893,63.50,20.778
69962,16233,63.50,20.778
69970,32893,63.50,20.778
69972,16233,63.50,20.778
69980,32893,63.50,20.778
69982,16233,63.50,20.778
69990,32893,63.50,20.778
69992,16233,63.50,20.778
70000,32893,63.50,20.778
70002,16233,63.50,20.778
70010,32893,63.50,20.778
70012,16233,63.50,20.778
70020,32893,63.50,20.778
70022,16233,63.50,20.778
70030,32893,63.50,20.778
70032,16233,63.50,20.778
70040,32893,63.50,20.778
70042,16233,63.50,20.778
70050,32893,63.50,20.778
70052,16233,63.50,20.778
70060,32893,63.50,20.778
70062,16233,63.50,20.778
70070,32893,63.50,20.778
70072,16233,63.50,20.778
70080,32893,63.50,20.778
70082,16233,63.50,20.778
70090,32893,63.50,20.778
70092,16233,63.50,20.778
70100,32893,63.50,20.778
70102,16233,63.50,20.778
70110,32893,63.50,20.778
70112,16233,63.50,20.778
70120,32893,63.50,20.778
70122,16233,63.50,20.778
70130,32893,63.50,20.778
70132,16233,63.50,20.778
70140,32893,63.50,20.778
70142,16233,63.50,20.778
70150,32893,63.50,20.778
70152,16233,63.50,20.778
70160,32893,63.50,20.778
70162,16233,63.50,20.778
70170,32893,63.50,20.778
70172,16233,63.50,20.778
70180,32893,63.50,20.778
70182,16233,63.50,20.778
70190,32893,63.50,20.778
70192,16233,63.50,20.778
70200,32893,63.50,20.778
70202,16233,63.50,20.778
70210,32893,63.50,20.778
70212,16233,63.50,20.778
70220,32893,63.50,20.778
70222,16233,63.50,20.778
70230,32893,63.50,20.778
70232,16233,63.50,20.778
70240,32893,63.50,20.778
70242,16233,63.50,20.778
70250,32893,63.50,20.778
70252,16233,63.50,20.778
70260,32893,63.50,20.778
70262,16233,63.50,20.778
70270,32893,63.50,20.778
70272,16233,63.50,20.778
70280,32893,63.50,20.778
70282,16233,63.50,20.778
70290,32893,63.50,20.778
70292,16233,63.50,20.778
70300,32893,63.50,20.778
70302,16233,63.50,20.778
70310,32893,63.50,20.778
70312,16233,63.50,20.778
70320,32893,63.50,20.778
70322,16233,63.50,20.778
70329,32893,63.50,20.778
70332,16233,63.50,20.778
70340,32893,63.50,20.778
70342,16233,63.50,20.778
70350,32893,63.50,20.778
70352,16233,63.50,20.778
70360,32893,63.50,20.778
70362,16233,63.50,20.778
70370,32893,63.50,20.778
70372,16233,63.50,20.778
70380,32893,63.50,20.778
70382,16233,63.50,20.778
70390,32893,63.50,20.778
70392,16233,63.50,20.778
70400,32893,63.50,20.778
70402,16233,63.50,20.778
70410,32893,63.50,20.778
70412,16233,63.50,20.778
70420,32893,63.50,20.778
70422,16233,63.50,20.778
70430,32893,63.50,20.778
70432,16233,63.50,20.778
70440,32893,63.50,20.778
70442,16233,63.50,20.778
70450,32893,63.50,20.778
70452,16233,63.50,20.778
70460,32893,63.50,20.778
70462,16233,63.50,20.778
70470,32893,63.50,20.778
70472,16233,63.50,20.778
70480,32893,63.50,20.778
70482,16233,63.50,20.778
70490,32893,63.50,20.778
70492,16233,63.50,20.778
70500,32893,63.50,20.778
70502,16233,63.50,20.778
70510,32893,63.50,20.778
70512,16233,63.50,20.778
70520,32893,63.50,20.778
70522,16233,63.50,20.778
70530,32893,63.50,20.778
70532,16233,63.50,20.778
70540,32893,63.50,20.778
70542,16233,63.50,20.778
70550,32893,63.50,20.778
70552,16233,63.50,20.778
70560,32893,63.50,20.778
70562,16233,63.50,20.778
70570,32893,63.50,20.778
70572,16233,63.50,20.778
70580,32893,63.50,20.778
70582,16233,63.50,20.778
70590,32893,63.50,20.778
70592,16233,63.50,20.778
70600,32893,63.50,20.778
70602,16233,63.50,20.778
70610,32893,63.50,20.778
70612,16233,63.50,20.778
70620,32893,63.50,20.778
70622,16233,63.50,20.778
70630,32893,63.50,20.778
70632,16233,63.50,20.778
70640,32893,63.50,20.778
70642,16233,63.50,20.778
70650,32893,63.50,20.778
70652,16233,63.50,20.778
70660,32893,63.50,20.778
70662,16233,63.50,20.778
70670,32893,63.50,20.778
70672,16233,63.50,20.778
70680,32893,63.50,20.778
70682,16233,63.50,20.778
70690,32893,63.50,20.778
70692,16233,63.50,20.778
70700,32893,63.50,20.778
70702,16233,63.50,20.778
70710,32893,63.50,20.778
70712,16233,63.50,20.778
70720,32893,63.50,20.778
70722,16233,63.50,20.778
70730,32893,63.50,20.778
70732,16233,63.50,20.778
70740,32893,63.50,20.778
70742,16233,63.50,20.778
70750,32893,63.50,20.778
70752,16233,63.50,20.778
70760,32893,63.50,20.778
70762,16233,63.50,20.778
70770,32893,63.50,20.778
70772,16233,63.50,20.778
70780,32893,63.50,20.778
70782,16233,63.50,20.778
70790,32893,63.50,20.778
70792,16233,63.50,20.778
70800,32893,63.50,20.778
70802,16233,63.50,20.778
70810,32893,63.50,20.778
70812,16233,63.50,20.778
70820,32893,63.50,20.778
70822,16233,63.50,20.778
70830,32893,63.50,20.778
70832,16233,63.50,20.778
70840,32893,63.50,20.778
70842,16233,63.50,20.778
70850,32893,63.50,20.778
70852,16233,63.50,20.778
70860,32893,63.50,20.778
70862,16233,63.50,20.778
70870,32893,63.50,20.778
70872,16233,63.50,20.778
70880,32893,63.50,20.778
70882,16233,63.50,20.778
70890,32893,63.50,20.778
70892,16233,63.50,20.778
70900,32893,63.50,20.778
70902,16233,63.50,20.778
70910,32893,63.50,20.778
70912,16233,63.50,20.778
70920,32893,63.50,20.778
70922,16233,63.50,20.778
70930,32893,63.50,20.778
70932,16233,63.50,20.778
70940,32893,63.50,20.778
70942,16233,63.50,20.778
70950,32893,63.50,20.778
70952,16233,63.50,20.778
70962,32893,63.50,20.778
70963,16233,63.50,20.778
70970,32893,63.50,20.778
70972,16233,63.50,20.778
70980,32893,63.50,20.778
70982,16233,63.50,20.778
70990,32893,63.50,20.778
70992,16233,63.50,20.778
71000,32893,63.50,20.778
71002,16233,63.50,20.778
71010,32893,63.50,20.778
71012,16233,63.50,20.778
71020,32893,63.50,20.778
71022,16233,63.50,20.778
71030,32893,63.50,20.778
71032,16233,63.50,20.778
71040,32893,63.50,20.778
71042,16233,63.50,20.778
71050,32893,63.50,20.778
71052,16233,63.50,20.778
71060,32893,63.50,20.778
71062,16233,63.50,20.778
71070,32893,63.50,20.778
71072,16233,63.50,20.778
71080,32893,63.50,20.778
71082,16233,63.50,20.778
71090,32893,63.50,20.778
71092,16233,63.50,20.778
71100,32893,63.50,20.778
71102,16233,63.50,20.778
71110,32893,63.50,20.778
71112,16233,63.50,20.778
71120,32893,63.50,20.778
71122,16233,63.50,20.778
71130,32893,63.50,20.778
71133,16233,63.50,20.778
71140,32893,63.50,20.778
71142,16233,63.50,20.778
71150,32893,63.50,20.778
71152,16233,63.50,20.778
71160,32893,63.50,20.778
71162,16233,63.50,20.778
71170,32893,63.50,20.778
71172,16233,63.50,20.778
71180,32893,63.50,20.778
71182,16233,63.50,20.778
71190,32893,63.50,20.778
71192,16233,63.50,20.778
71200,32893,63.50,20.778
71202,16233,63.50,20.778
71210,32893,63.50,20.778
71212,16233,63.50,20.778
71220,32893,63.50,20.778
71222,16233,63.50,20.778
71231,32893,63.50,20.778
71232,16233,63.50,20.778
71240,32893,63.50,20.778
71242,16233,63.50,20.778
71250,32893,63.50,20.778
71252,16233,63.50,20.778
71260,32893,63.50,20.778
71262,16233,63.50,20.778
71270,32893,63.50,20.778
71272,16233,63.50,20.778
71280,32893,63.50,20.778
71282,16233,63.50,20.778
71290,32893,63.50,20.778
71292,16233,63.50,20.778
71300,32893,63.50,20.778
71302,16233,63.50,20.778
71310,32893,63.50,20.778
71312,16233,63.50,20.778
71320,32893,63.50,20.778
71322,16233,63.50,20.778
71330,32893,63.50,20.778
71332,16233,63.50,20.778
71340,32893,63.50,20.778
71342,16233,63.50,20.778
71350,32893,63.50,20.778
71352,16233,63.50,20.778
71360,32893,63.50,20.778
71362,16233,63.50,20.778
71370,32893,63.50,20.778
71372,16233,63.50,20.778
71380,32893,63.50,20.778
71382,16233,63.50,20.778
71390,32893,63.50,20.778
71392,16233,63.50,20.778
71400,32893,63.50,20.778
71402,16233,63.50,20.778
71410,32893,63.50,20.778
71412,16233,63.50,20.778
71420,32893,63.50,20.778
71422,16233,63.50,20.778
71430,32893,63.50,20.778
71432,16233,63.50,20.778
71440,32893,63.50,20.778
71442,16233,63.50,20.778
71450,32893,63.50,20.778
71452,16233,63.50,20.778
71460,32893,63.50,20.778
71462,16233,63.50,20.778
71470,32893,63.50,20.778
71472,16233,63.50,20.778
71480,32893,63.50,20.778
71482,16233,63.50,20.778
71490,32893,63.50,20.778
71492,16233,63.50,20.778
71500,32893,63.50,20.778
71502,16233,63.50,20.778
71510,32893,63.50,20.778
71512,16233,63.50,20.778
71520,32893,63.50,20.778
71522,16233,63.50,20.778
71531,32893,63.50,20.778
71532,16233,63.50,20.778
71540,32893,63.50,20.778
71542,16233,63.50,20.778
71550,32893,63.50,20.778
71552,16233,63.50,20.778
71560,32893,63.50,20.778
71562,16233,63.50,20.778
71570,32893,63.50,20.778
71572,16233,63.50,20.778
71580,32893,63.50,20.778
71582,16233,63.50,20.778
71591,32893,63.50,20.778
71592,16233,63.50,20.778
71600,32893,63.50,20.778
71602,16233,63.50,20.778
71610,32893,63.50,20.778
71612,16233,63.50,20.778
71620,32893,63.50,20.778
71623,16233,63.50,20.778
71630,32893,63.50,20.778
71632,16233,63.50,20.778
71640,32893,63.50,20.778
71642,16233,63.50,20.778
71650,32893,63.50,20.778
71652,16233,63.50,20.778
71660,32893,63.50,20.778
71662,16233,63.50,20.778
71670,32893,63.50,20.778
71672,16233,63.50,20.778
71680,32893,63.50,20.778
71682,16233,63.50,20.778
71690,32893,63.50,20.778
71692,16233,63.50,20.778
71700,32893,63.50,20.778
71702,16233,63.50,20.778
71710,32893,63.50,20.778
71712,16233,63.50,20.778
71720,32893,63.50,20.778
71722,16233,63.50,20.778
71730,32893,63.50,20.778
71732,16233,63.50,20.778
71740,32893,63.50,20.778
71742,16233,63.50,20.778
71750,32893,63.50,20.778
71752,16233,63.50,20.778
71760,32893,63.50,20.778
71762,16233,63.50,20.778
71770,32893,63.50,20.778
71772,16233,63.50,20.778
71780,32893,63.50,20.778
71782,16233,63.50,20.778
71790,32893,63.50,20.778
71792,16233,63.50,20.778
71800,32893,63.50,20.778
71802,16233,63.50,20.778
71810,32893,63.50,20.778
71812,16233,63.50,20.778
71820,32893,63.50,20.778
71822,16233,63.50,20.778
71830,32893,63.50,20.778
71832,16233,63.50,20.778
71840,32893,63.50,20.778
71842,16233,63.50,20.778
71850,32893,63.50,20.778
71852,16233,63.50,20.778
71860,32893,63.50,20.778
71862,16233,63.50,20.778
71870,32893,63.50,20.778
71872,16233,63.50,20.778
71880,32893,63.50,20.778
71882,16233,63.50,20.778
71890,32893,63.50,20.778
71892,16233,63.50,20.778
71900,32893,63.50,20.778
71902,16233,63.50,20.778
71910,32893,63.50,20.778
71912,16233,63.50,20.778
71920,32893,63.50,20.778
71922,16233,63.50,20.778
71930,32893,63.50,20.778
71932,16233,63.50,20.778
71940,32893,63.50,20.778
71942,16233,63.50,20.778
71950,32893,63.50,20.778
71952,16233,63.50,20.778
71960,32893,63.50,20.778
71962,16233,63.50,20.778
71970,32893,63.50,20.778
71972,16233,63.50,20.778
71980,32893,63.50,20.778
71982,16233,63.50,20.778
71990,32893,63.50,20.778
71992,16233,63.50,20.778
72000,32893,63.50,20.778
72002,16233,63.50,20.778
72010,32893,63.50,20.778
72012,16233,63.50,20.778
72020,32893,63.50,20.778
72022,16233,63.50,20.778
72030,32893,63.50,20.778
72032,16233,63.50,20.778
72040,32893,63.50,20.778
72042,16233,63.50,20.778
72050,32893,63.50,20.778
72052,16233,63.50,20.778
72060,32893,63.50,20.778
72062,16233,63.50,20.778
72070,32893,63.50,20.778
72072,16233,63.50,20.778
72080,32893,63.50,20.778
72082,16233,63.50,20.778
72090,32893,63.50,20.778
72092,16233,63.50,20.778
72100,32893,63.50,20.778
72102,16233,63.50,20.778
72110,32893,63.50,20.778
72112,16233,63.50,20.778
72120,32893,63.50,20.778
72122,16233,63.50,20.778
72130,32893,63.50,20.778
72132,16233,63.50,20.778
72140,32893,63.50,20.778
72142,16233,63.50,20.778
72150,32893,63.50,20.778
72152,16233,63.50,20.778
72160,32893,63.50,20.778
72162,16233,63.50,20.778
72170,32893,63.50,20.778
72172,16233,63.50,20.778
72180,32893,63.50,20.778
72182,16233,63.50,20.778
72190,32893,63.50,20.778
72192,16233,63.50,20.778
72201,32893,63.50,20.778
72202,16233,63.50,20.778
72210,32893,63.50,20.778
72212,16233,63.50,20.778
72220,32893,63.50,20.778
72222,16233,63.50,20.778
72230,32893,63.50,20.778
72232,16233,63.50,20.778
72240,32893,63.50,20.778
72242,16233,63.50,20.778
72250,32893,63.50,20.778
72252,16233,63.50,20.778
72260,32893,63.50,20.778
72262,16233,63.50,20.778
72270,32893,63.50,20.778
72272,16233,63.50,20.778
72280,32893,63.50,20.778
72282,16233,63.50,20.778
72290,32893,63.50,20.778
72292,16233,63.50,20.778
72300,32893,63.50,20.778
72302,16233,63.50,20.778
72310,32893,63.50,20.778
72312,16233,63.50,20.778
72320,32893,63.50,20.778
72322,16233,63.50,20.778
72330,32893,63.50,20.778
72332,16233,63.50,20.778
72340,32893,63.50,20.778
72342,16233,63.50,20.778
72350,32893,63.50,20.778
72352,16233,63.50,20.778
72360,32893,63.50,20.778
72362,16233,63.50,20.778
72370,32893,63.50,20.778
72372,16233,63.50,20.778
72380,32893,63.50,20.778
72382,16233,63.50,20.778
72390,32893,63.50,20.778
72392,16233,63.50,20.778
72400,32893,63.50,20.778
72402,16233,63.50,20.778
72410,32893,63.50,20.778
72412,16233,63.50,20.778
72420,32893,63.50,20.778
72422,16233,63.50,20.778
72430,32893,63.50,20.778
72432,16233,63.50,20.778
72440,32893,63.50,20.778
72442,16233,63.50,20.778
72450,32893,63.50,20.778
72452,16233,63.50,20.778
72460,32893,63.50,20.778
72462,16233,63.50,20.778
72470,32893,63.50,20.778
72472,16233,63.50,20.778
72480,32893,63.50,20.778
72482,16233,63.50,20.778
72490,32893,63.50,20.778
72492,16233,63.50,20.778
72500,32893,63.50,20.778
72502,16233,63.50,20.778
72510,32893,63.50,20.778
72512,16233,63.50,20.778
72520,32893,63.50,20.778
72522,16233,63.50,20.778
72530,32893,63.50,20.778
72532,16233,63.50,20.778
72540,32893,63.50,20.778
72542,16233,63.50,20.778
72550,32893,63.50,20.778
72552,16233,63.50,20.778
72560,32893,63.50,20.778
72562,16233,63.50,20.778
72570,32893,63.50,20.778
72572,16233,63.50,20.778
72580,32893,63.50,20.778
72582,16233,63.50,20.778
72590,32893,63.50,20.778
72592,16233,63.50,20.778
72600,32893,63.50,20.778
72602,16233,63.50,20.778
72610,32893,63.50,20.778
72612,16233,63.50,20.778
72620,32893,63.50,20.778
72622,16233,63.50,20.778
72630,32893,63.50,20.778
72632,16233,63.50,20.778
72640,32893,63.50,20.778
72642,16233,63.50,20.778
72650,32893,63.50,20.778
72652,16233,63.50,20.778
72660,32893,63.50,20.778
72662,16233,63.50,20.778
72670,32893,63.50,20.778
72672,16233,63.50,20.778
72680,32893,63.50,20.778
72682,16233,63.50,20.778
72690,32893,63.50,20.778
72692,16233,63.50,20.778
72700,32893,63.50,20.778
72702,16233,63.50,20.778
72710,32893,63.50,20.778
72712,16233,63.50,20.778
72720,32893,63.50,20.778
72722,16233,63.50,20.778
72730,32893,63.50,20.778
72732,16233,63.50,20.778
72740,32893,63.50,20.778
72742,16233,63.50,20.778
72750,32893,63.50,20.778
72752,16233,63.50,20.778
72760,32893,63.50,20.778
72762,16233,63.50,20.778
72770,32893,63.50,20.778
72772,16233,63.50,20.778
72780,32893,63.50,20.778
72782,16233,63.50,20.778
72790,32893,63.50,20.778
72792,16233,63.50,20.778
72800,32893,63.50,20.778
72802,16233,63.50,20.778
72810,32893,63.50,20.778
72812,16233,63.50,20.778
72820,32893,63.50,20.778
72822,16233,63.50,20.778
72830,32893,63.50,20.778
72832,16233,63.50,20.778
72840,32893,63.50,20.778
72842,16233,63.50,20.778
72850,32893,63.50,20.778
72852,16233,63.50,20.778
72860,32893,63.50,20.778
72862,16233,63.50,20.778
72870,32893,63.50,20.778
72872,16233,63.50,20.778
72880,32893,63.50,20.778
72882,16233,63.50,20.778
72890,32893,63.50,20.778
72893,16233,63.50,20.778
72900,32893,63.50,20.778
72902,16233,63.50,20.778
72910,32893,63.50,20.778
72912,16233,63.50,20.778
72920,32893,63.50,20.778
72922,16233,63.50,20.778
72930,32893,63.50,20.778
72932,16233,63.50,20.778
72940,32893,63.50,20.778
72942,16233,63.50,20.778
72950,32893,63.50,20.778
72952,16233,63.50,20.778
72960,32893,63.50,20.778
72962,16233,63.50,20.778
72970,32893,63.50,20.778
72972,16233,63.50,20.778
72980,32893,63.50,20.778
72982,16233,63.50,20.778
72990,32893,63.50,20.778
72992,16233,63.50,20.778
73000,32893,63.50,20.778
73002,16233,63.50,20.778
73010,32893,63.50,20.778
73012,16233,63.50,20.778
73020,32893,63.50,20.778
73022,16233,63.50,20.778
73030,32893,63.50,20.778
73032,16233,63.50,20.778
73040,32893,63.50,20.778
73042,16233,63.50,20.778
73050,32893,63.50,20.778
73053,16233,63.50,20.778
73060,32893,63.50,20.778
73062,16233,63.50,20.778
73071,32893,63.50,20.778
73072,16233,63.50,20.778
73080,32893,63.50,20.778
73083,16233,63.50,20.778
73090,32893,63.50,20.778
73092,16233,63.50,20.778
73100,32893,63.50,20.778
73102,16233,63.50,20.778
73110,32893,63.50,20.778
73112,16233,63.50,20.778
73120,32893,63.50,20.778
73122,16233,63.50,20.778
73130,32893,63.50,20.778
73132,16233,63.50,20.778
73140,32893,63.50,20.778
73143,16233,63.50,20.778
73150,32893,63.50,20.778
73152,16233,63.50,20.778
73160,32893,63.50,20.778
73162,16233,63.50,20.778
73170,32893,63.50,20.778
73172,16233,63.50,20.778
73180,32893,63.50,20.778
73182,16233,63.50,20.778
73190,32893,63.50,20.778
73193,16233,63.50,20.778
73200,32893,63.50,20.778
73202,16233,63.50,20.778
73210,32893,63.50,20.778
73212,16233,63.50,20.778
73220,32893,63.50,20.778
73222,16233,63.50,20.778
73230,32893,63.50,20.778
73232,16233,63.50,20.778
73240,32893,63.50,20.778
73242,16233,63.50,20.778
73250,32893,63.50,20.778
73252,16233,63.50,20.778
73260,32893,63.50,20.778
73262,16233,63.50,20.778
73270,32893,63.50,20.778
73272,16233,63.50,20.778
73280,32893,63.50,20.778
73282,16233,63.50,20.778
73290,32893,63.50,20.778
73292,16233,63.50,20.778
73301,32893,63.50,20.778
73302,16233,63.50,20.778
73310,32893,63.50,20.778
73312,16233,63.50,20.778
73320,32893,63.50,20.778
73322,16233,63.50,20.778
73330,32893,63.50,20.778
73332,16233,63.50,20.778
73340,32893,63.50,20.778
73342,16233,63.50,20.778
73350,32893,63.50,20.778
73352,16233,63.50,20.778
73360,32893,63.50,20.778
73362,16233,63.50,20.778
73370,32893,63.50,20.778
73372,16233,63.50,20.778
73380,32893,63.50,20.778
73382,16233,63.50,20.778
73391,32893,63.50,20.778
73392,16233,63.50,20.778
73400,32893,63.50,20.778
73402,16233,63.50,20.778
73410,32893,63.50,20.778
73412,16233,63.50,20.778
73420,32893,63.50,20.778
73422,16233,63.50,20.778
73430,32893,63.50,20.778
73432,16233,63.50,20.778
73441,32893,63.50,20.778
73442,16233,63.50,20.778
73450,32893,63.50,20.778
73452,16233,63.50,20.778
73460,32893,63.50,20.778
73462,16233,63.50,20.778
73470,32893,63.50,20.778
73472,16233,63.50,20.778
73480,32893,63.50,20.778
73482,16233,63.50,20.778
73490,32893,63.50,20.778
73492,16233,63.50,20.778
73500,32893,63.50,20.778
73502,16233,63.50,20.778
73510,32893,63.50,20.778
73512,16233,63.50,20.778
73520,32893,63.50,20.778
73522,16233,63.50,20.778
73530,32893,63.50,20.778
73532,16233,63.50,20.778
73540,32893,63.50,20.778
73542,16233,63.50,20.778
73550,32893,63.50,20.778
73552,16233,63.50,20.778
73560,32893,63.50,20.778
73562,16233,63.50,20.778
73570,32893,63.50,20.778
73572,16233,63.50,20.778
73580,32893,63.50,20.778
73582,16233,63.50,20.778
73590,32893,63.50,20.778
73592,16233,63.50,20.778
73600,32893,63.50,20.778
73602,16233,63.50,20.778
73611,32893,63.50,20.778
73612,16233,63.50,20.778
73621,32893,63.50,20.778
73622,16233,63.50,20.778
73630,32893,63.50,20.778
73632,16233,63.50,20.778
73640,32893,63.50,20.778
73642,16233,63.50,20.778
73650,32893,63.50,20.778
73652,16233,63.50,20.778
73660,32893,63.50,20.778
73662,16233,63.50,20.778
73670,32893,63.50,20.778
73672,16233,63.50,20.778
73680,32893,63.50,20.778
73682,16233,63.50,20.778
73690,32893,63.50,20.778
73692,16233,63.50,20.778
73700,32893,63.50,20.778
73702,16233,63.50,20.778
73710,32893,63.50,20.778
73712,16233,63.50,20.778
73720,32893,63.50,20.778
73722,16233,63.50,20.778
73730,32893,63.50,20.778
73732,16233,63.50,20.778
73740,32893,63.50,20.778
73742,16233,63.50,20.778
73750,32893,63.50,20.778
73752,16233,63.50,20.778
73760,32893,63.50,20.778
73762,16233,63.50,20.778
73770,32893,63.50,20.778
73772,16233,63.50,20.778
73780,32893,63.50,20.778
73782,16233,63.50,20.778
73790,32893,63.50,20.778
73792,16233,63.50,20.778
73800,32893,63.50,20.778
73802,16233,63.50,20.778
73810,32893,63.50,20.778
73812,16233,63.50,20.778
73820,32893,63.50,20.778
73822,16233,63.50,20.778
73830,32893,63.50,20.778
73832,16233,63.50,20.778
73840,32893,63.50,20.778
73842,16233,63.50,20.778
73850,32893,63.50,20.778
73852,16233,63.50,20.778
73860,32893,63.50,20.778
73862,16233,63.50,20.778
73870,32893,63.50,20.778
73872,16233,63.50,20.778
73880,32893,63.50,20.778
73882,16233,63.50,20.778
73890,32893,63.50,20.778
73892,16233,63.50,20.778
73900,32893,63.50,20.778
73902,16233,63.50,20.778
73910,32893,63.50,20.778
73912,16233,63.50,20.778
73920,32893,63.50,20.778
73922,16233,63.50,20.778
73930,32893,63.50,20.778
73932,16233,63.50,20.778
73940,32893,63.50,20.778
73942,16233,63.50,20.778
73950,32893,63.50,20.778
73952,16233,63.50,20.778
73960,32893,63.50,20.778
73962,16233,63.50,20.778
73970,32893,63.50,20.778
73972,16233,63.50,20.778
73980,32893,63.50,20.778
73982,16233,63.50,20.778
73990,32893,63.50,20.778
73992,16233,63.50,20.778
74000,32893,63.50,20.778
74002,16233,63.50,20.778
74010,32893,63.50,20.778
74012,16233,63.50,20.778
74020,32893,63.50,20.778
74022,16233,63.50,20.778
74030,32893,63.50,20.778
74032,16233,63.50,20.778
74040,32893,63.50,20.778
74042,16233,63.50,20.778
74050,32893,63.50,20.778
74052,16233,63.50,20.778
74060,32893,63.50,20.778
74062,16233,63.50,20.778
74070,32893,63.50,20.778
74072,16233,63.50,20.778
74080,32893,63.50,20.778
74082,16233,63.50,20.778
74090,32893,63.50,20.778
74092,16233,63.50,20.778
74100,32893,63.50,20.778
74102,16233,63.50,20.778
74110,32893,63.50,20.778
74112,16233,63.50,20.778
74120,32893,63.50,20.778
74122,16233,63.50,20.778
74130,32893,63.50,20.778
74132,16233,63.50,20.778
74140,32893,63.50,20.778
74142,16233,63.50,20.778
74150,32893,63.50,20.778
74152,16233,63.50,20.778
74160,32893,63.50,20.778
74162,16233,63.50,20.778
74170,32893,63.50,20.778
74172,16233,63.50,20.778
74180,32893,63.50,20.778
74182,16233,63.50,20.778
74190,32893,63.50,20.778
74192,16233,63.50,20.778
74200,32893,63.50,20.778
74202,16233,63.50,20.778
74210,32893,63.50,20.778
74212,16233,63.50,20.778
74220,32893,63.50,20.778
74222,16233,63.50,20.778
74230,32893,63.50,20.778
74232,16233,63.50,20.778
74240,32893,63.50,20.778
74242,16233,63.50,20.778
74250,32893,63.50,20.778
74252,16233,63.50,20.778
74260,32893,63.50,20.778
74262,16233,63.50,20.778
74270,32893,63.50,20.778
74272,16233,63.50,20.778
74280,32893,63.50,20.778
74282,16233,63.50,20.778
74290,32893,63.50,20.778
74292,16233,63.50,20.778
74300,32893,63.50,20.778
74302,16233,63.50,20.778
74310,32893,63.50,20.778
74312,16233,63.50,20.778
74320,32893,63.50,20.778
74322,16233,63.50,20.778
74330,32893,63.50,20.778
74332,16233,63.50,20.778
74340,32893,63.50,20.778
74342,16233,63.50,20.778
74350,32893,63.50,20.778
74352,16233,63.50,20.778
74360,32893,63.50,20.778
74362,16233,63.50,20.778
74370,32893,63.50,20.778
74372,16233,63.50,20.778
74381,32893,63.50,20.778
74382,16233,63.50,20.778
74390,32893,63.50,20.778
74392,16233,63.50,20.778
74400,32893,63.50,20.778
74402,16233,63.50,20.778
74410,32893,63.50,20.778
74412,16233,63.50,20.778
74420,32893,63.50,20.778
74422,16233,63.50,20.778
74430,32893,63.50,20.778
74432,16233,63.50,20.778
74440,32893,63.50,20.778
74442,16233,63.50,20.778
74450,32893,63.50,20.778
74452,16233,63.50,20.778
74460,32893,63.50,20.778
74462,16233,63.50,20.778
74470,32893,63.50,20.778
74472,16233,63.50,20.778
74480,32893,63.50,20.778
74482,16233,63.50,20.778
74490,32893,63.50,20.778
74492,16233,63.50,20.778
74500,32893,63.50,20.778
74502,16233,63.50,20.778
74510,32893,63.50,20.778
74512,16233,63.50,20.778
74520,32893,63.50,20.778
74522,16233,63.50,20.778
74530,32893,63.50,20.778
74532,16233,63.50,20.778
74540,32893,63.50,20.778
74542,16233,63.50,20.778
74550,32893,63.50,20.778
74552,16233,63.50,20.778
74560,32893,63.50,20.778
74562,16233,63.50,20.778
74570,32893,63.50,20.778
74572,16233,63.50,20.778
74580,32893,63.50,20.778
74582,16233,63.50,20.778
74590,32893,63.50,20.778
74592,16233,63.50,20.778
74600,32893,63.50,20.778
74602,16233,63.50,20.778
74611,32893,63.50,20.778
74612,16233,63.50,20.778
74620,32893,63.50,20.778
74622,16233,63.50,20.778
74630,32893,63.50,20.778
74632,16233,63.50,20.778
74640,32893,63.50,20.778
74642,16233,63.50,20.778
74650,32893,63.50,20.778
74652,16233,63.50,20.778
74660,32893,63.50,20.778
74662,16233,63.50,20.778
74670,32893,63.50,20.778
74672,16233,63.50,20.778
74680,32893,63.50,20.778
74682,16233,63.50,20.778
74690,32893,63.50,20.778
74692,16233,63.50,20.778
74700,32893,63.50,20.778
74702,16233,63.50,20.778
74710,32893,63.50,20.778
74712,16233,63.50,20.778
74720,32893,63.50,20.778
74722,16233,63.50,20.778
74730,32893,63.50,20.778
74732,16233,63.50,20.778
74740,32893,63.50,20.778
74742,16233,63.50,20.778
74750,32893,63.50,20.778
74752,16233,63.50,20.778
74760,32893,63.50,20.778
74762,16233,63.50,20.778
74770,32893,63.50,20.778
74772,16233,63.50,20.778
74780,32893,63.50,20.778
74782,16233,63.50,20.778
74790,32893,63.50,20.778
74792,16233,63.50,20.778
74800,32893,63.50,20.778
74802,16233,63.50,20.778
74810,32893,63.50,20.778
74812,16233,63.50,20.778
74820,32893,63.50,20.778
74822,16233,63.50,20.778
74830,32893,63.50,20.778
74832,16233,63.50,20.778
74840,32893,63.50,20.778
74842,16233,63.50,20.778
74850,32893,63.50,20.778
74852,16233,63.50,20.778
74860,32893,63.50,20.778
74862,16233,63.50,20.778
74870,32893,63.50,20.778
74872,16233,63.50,20.778
74880,32893,63.50,20.778
74882,16233,63.50,20.778
74890,32893,63.50,20.778
74892,16233,63.50,20.778
74900,32893,63.50,20.778
74902,16233,63.50,20.778
74910,32893,63.50,20.778
74912,16233,63.50,20.778
74920,32893,63.50,20.778
74922,16233,63.50,20.778
74930,32893,63.50,20.778
74932,16233,63.50,20.778
74940,32893,63.50,20.778
74942,16233,63.50,20.778
74950,32893,63.50,20.778
74952,16233,63.50,20.778
74960,32893,63.50,20.778
74962,16233,63.50,20.778
74970,32893,63.50,20.778
74972,16233,63.50,20.778
74980,32893,63.50,20.778
74982,16233,63.50,20.778
74990,32893,63.50,20.778
74992,16233,63.50,20.778
75000,32893,63.50,20.778
75002,16233,63.50,20.778
75010,32893,63.50,20.778
75012,16233,63.50,20.778
75020,32893,63.50,20.778
75022,16233,63.50,20.778
75030,32893,63.50,20.778
75032,16233,63.50,20.778
75040,32893,63.50,20.778
75042,16233,63.50,20.778
75050,32893,63.50,20.778
75052,16233,63.50,20.778
75060,32893,63.50,20.778
75062,16233,63.50,20.778
75070,32893,63.50,20.778
75072,16233,63.50,20.778
75080,32893,63.50,20.778
75082,16233,63.50,20.778
75090,32893,63.50,20.778
75092,16233,63.50,20.778
75100,32893,63.50,20.778
75102,16233,63.50,20.778
75110,32893,63.50,20.778
75112,16233,63.50,20.778
75120,32893,63.50,20.778
75122,16233,63.50,20.778
75130,32893,63.50,20.778
75132,16233,63.50,20.778
75140,32893,63.50,20.778
75142,16233,63.50,20.778
75150,32893,63.50,20.778
75152,16233,63.50,20.778
75160,32893,63.50,20.778
75162,16233,63.50,20.778
75170,32893,63.50,20.778
75172,16233,63.50,20.778
75180,32893,63.50,20.778
75182,16233,63.50,20.778
75190,32893,63.50,20.778
75192,16233,63.50,20.778
75200,32893,63.50,20.778
75202,16233,63.50,20.778
75210,32893,63.50,20.778
75212,16233,63.50,20.778
75220,32893,63.50,20.778
75222,16233,63.50,20.778
75230,32893,63.50,20.778
75232,16233,63.50,20.778
75240,32893,63.50,20.778
75242,16233,63.50,20.778
75250,32893,63.50,20.778
75253,16233,63.50,20.778
75260,32893,63.50,20.778
75262,16233,63.50,20.778
75270,32893,63.50,20.778
75272,16233,63.50,20.778
75280,32893,63.50,20.778
75283,16233,63.50,20.778
75290,32893,63.50,20.778
75292,16233,63.50,20.778
75300,32893,63.50,20.778
75302,16233,63.50,20.778
75310,32893,63.50,20.778
75312,16233,63.50,20.778
75320,32893,63.50,20.778
75322,16233,63.50,20.778
75330,32893,63.50,20.778
75332,16233,63.50,20.778
75340,32893,63.50,20.778
75342,16233,63.50,20.778
75350,32893,63.50,20.778
75352,16233,63.50,20.778
75360,32893,63.50,20.778
75362,16233,63.50,20.778
75370,32893,63.50,20.778
75372,16233,63.50,20.778
75380,32893,63.50,20.778
75382,16233,63.50,20.778
75390,32893,63.50,20.778
75392,16233,63.50,20.778
75400,32893,63.50,20.778
75402,16233,63.50,20.778
75410,32893,63.50,20.778
75412,16233,63.50,20.778
75420,32893,63.50,20.778
75422,16233,63.50,20.778
75430,32893,63.50,20.778
75432,16233,63.50,20.778
75440,32893,63.50,20.778
75442,16233,63.50,20.778
75450,32893,63.50,20.778
75452,16233,63.50,20.778
75460,32893,63.50,20.778
75462,16233,63.50,20.778
75470,32893,63.50,20.778
75472,16233,63.50,20.778
75480,32893,63.50,20.778
75482,16233,63.50,20.778
75490,32893,63.50,20.778
75492,16233,63.50,20.778
75500,32893,63.50,20.778
75502,16233,63.50,20.778
75510,32893,63.50,20.778
75512,16233,63.50,20.778
75520,32893,63.50,20.778
75522,16233,63.50,20.778
75530,32893,63.50,20.778
75532,16233,63.50,20.778
75540,32893,63.50,20.778
75542,16233,63.50,20.778
75550,32893,63.50,20.778
75552,16233,63.50,20.778
75560,32893,63.50,20.778
75562,16233,63.50,20.778
75570,32893,63.50,20.778
75572,16233,63.50,20.778
75580,32893,63.50,20.778
75582,16233,63.50,20.778
75590,32893,63.50,20.778
75592,16233,63.50,20.778
75600,32893,63.50,20.778
75602,16233,63.50,20.778
75610,32893,63.50,20.778
75612,16233,63.50,20.778
75620,32893,63.50,20.778
75622,16233,63.50,20.778
75630,32893,63.50,20.778
75632,16233,63.50,20.778
75640,32893,63.50,20.778
75642,16233,63.50,20.778
75650,32893,63.50,20.778
75652,16233,63.50,20.778
75660,32893,63.50,20.778
75662,16233,63.50,20.778
75670,32893,63.50,20.778
75672,16233,63.50,20.778
75680,32893,63.50,20.778
75682,16233,63.50,20.778
75690,32893,63.50,20.778
75692,16233,63.50,20.778
75700,32893,63.50,20.778
75702,16233,63.50,20.778
75710,32893,63.50,20.778
75712,16233,63.50,20.778
75720,32893,63.50,20.778
75722,16233,63.50,20.778
75730,32893,63.50,20.778
75732,16233,63.50,20.778
75740,32893,63.50,20.778
75742,16233,63.50,20.778
75750,32893,63.50,20.778
75752,16233,63.50,20.778
75760,32893,63.50,20.778
75762,16233,63.50,20.778
75770,32893,63.50,20.778
75772,16233,63.50,20.778
75780,32893,63.50,20.778
75782,16233,63.50,20.778
75790,32893,63.50,20.778
75792,16233,63.50,20.778
75800,32893,63.50,20.778
75802,16233,63.50,20.778
75810,32893,63.50,20.778
75812,16233,63.50,20.778
75820,32893,63.50,20.778
75822,16233,63.50,20.778
75830,32893,63.50,20.778
75832,16233,63.50,20.778
75840,32893,63.50,20.778
75842,16233,63.50,20.778
75850,32893,63.50,20.778
75852,16233,63.50,20.778
75860,32893,63.50,20.778
75862,16233,63.50,20.778
75870,32893,63.50,20.778
75872,16233,63.50,20.778
75880,32893,63.50,20.778
75882,16233,63.50,20.778
75890,32893,63.50,20.778
75892,16233,63.50,20.778
75900,32893,63.50,20.778
75902,16233,63.50,20.778
75910,32893,63.50,20.778
75912,16233,63.50,20.778
75920,32893,63.50,20.778
75922,16233,63.50,20.778
75930,32893,63.50,20.778
75932,16233,63.50,20.778
75940,32893,63.50,20.778
75942,16233,63.50,20.778
75950,32893,63.50,20.778
75952,16233,63.50,20.778
75960,32893,63.50,20.778
75962,16233,63.50,20.778
75970,32893,63.50,20.778
75972,16233,63.50,20.778
75980,32893,63.50,20.778
75982,16233,63.50,20.778
75990,32893,63.50,20.778
75992,16233,63.50,20.778
76000,32893,63.50,20.778
76002,16233,63.50,20.778
76010,32893,63.50,20.778
76012,16233,63.50,20.778
76020,32893,63.50,20.778
76022,16233,63.50,20.778
76030,32893,63.50,20.778
76032,16233,63.50,20.778
76040,32893,63.50,20.778
76042,16233,63.50,20.778
76050,32893,63.50,20.778
76052,16233,63.50,20.778
76060,32893,63.50,20.778
76062,16233,63.50,20.778
76070,32893,63.50,20.778
76072,16233,63.50,20.778
76080,32893,63.50,20.778
76082,16233,63.50,20.778
76090,32893,63.50,20.778
76092,16233,63.50,20.778
76100,32893,63.50,20.778
76102,16233,63.50,20.778
76110,32893,63.50,20.778
76112,16233,63.50,20.778
76120,32893,63.50,20.778
76122,16233,63.50,20.778
76130,32893,63.50,20.778
76132,16233,63.50,20.778
76140,32893,63.50,20.778
76142,16233,63.50,20.778
76150,32893,63.50,20.778
76152,16233,63.50,20.778
76160,32893,63.50,20.778
76162,16233,63.50,20.778
76170,32893,63.50,20.778
76172,16233,63.50,20.778
76180,32893,63.50,20.778
76182,16233,63.50,20.778
76190,32893,63.50,20.778
76192,16233,63.50,20.778
76200,32893,63.50,20.778
76202,16233,63.50,20.778
76210,32893,63.50,20.778
76212,16233,63.50,20.778
76220,32893,63.50,20.778
76222,16233,63.50,20.778
76230,32893,63.50,20.778
76232,16233,63.50,20.778
76240,32893,63.50,20.778
76242,16233,63.50,20.778
76251,32893,63.50,20.778
76252,16233,63.50,20.778
76260,32893,63.50,20.778
76262,16233,63.50,20.778
76270,32893,63.50,20.778
76272,16233,63.50,20.778
76280,32893,63.50,20.778
76282,16233,63.50,20.778
76290,32893,63.50,20.778
76292,16233,63.50,20.778
76300,32893,63.50,20.778
76302,16233,63.50,20.778
76310,32893,63.50,20.778
76312,16233,63.50,20.778
76320,32893,63.50,20.778
76322,16233,63.50,20.778
76330,32893,63.50,20.778
76332,16233,63.50,20.778
76340,32893,63.50,20.778
76342,16233,63.50,20.778
76350,32893,63.50,20.778
76352,16233,63.50,20.778
76360,32893,63.50,20.778
76362,16233,63.50,20.778
76370,32893,63.50,20.778
76372,16233,63.50,20.778
76380,32893,63.50,20.778
76382,16233,63.50,20.778
76390,32893,63.50,20.778
76392,16233,63.50,20.778
76400,32893,63.50,20.778
76402,16233,63.50,20.778
76410,32893,63.50,20.778
76412,16233,63.50,20.778
76420,32893,63.50,20.778
76422,16233,63.50,20.778
76430,32893,63.50,20.778
76432,16233,63.50,20.778
76440,32893,63.50,20.778
76442,16233,63.50,20.778
76450,32893,63.50,20.778
76452,16233,63.50,20.778
76460,32893,63.50,20.778
76462,16233,63.50,20.778
76470,32893,63.50,20.778
76472,16233,63.50,20.778
76480,32893,63.50,20.778
76482,16233,63.50,20.778
76490,32893,63.50,20.778
76492,16233,63.50,20.778
76500,32893,63.50,20.778
76502,16233,63.50,20.778
76510,32893,63.50,20.778
76512,16233,63.50,20.778
76520,32893,63.50,20.778
76522,16233,63.50,20.778
76530,32893,63.50,20.778
76532,16233,63.50,20.778
76540,32893,63.50,20.778
76542,16233,63.50,20.778
76550,32893,63.50,20.778
76552,16233,63.50,20.778
76560,32893,63.50,20.778
76562,16233,63.50,20.778
76570,32893,63.50,20.778
76572,16233,63.50,20.778
76580,32893,63.50,20.778
76582,16233,63.50,20.778
76590,32893,63.50,20.778
76592,16233,63.50,20.778
76600,32893,63.50,20.778
76602,16233,63.50,20.778
76610,32893,63.50,20.778
76612,16233,63.50,20.778
76620,32893,63.50,20.778
76622,16233,63.50,20.778
76630,32893,63.50,20.778
76632,16233,63.50,20.778
76640,32893,63.50,20.778
76642,16233,63.50,20.778
76650,32893,63.50,20.778
76652,16233,63.50,20.778
76660,32893,63.50,20.778
76662,16233,63.50,20.778
76670,32893,63.50,20.778
76672,16233,63.50,20.778
76680,32893,63.50,20.778
76682,16233,63.50,20.778
76690,32893,63.50,20.778
76692,16233,63.50,20.778
76700,32893,63.50,20.778
76702,16233,63.50,20.778
76710,32893,63.50,20.778
76712,16233,63.50,20.778
76720,32893,63.50,20.778
76722,16233,63.50,20.778
76730,32893,63.50,20.778
76732,16233,63.50,20.778
76740,32893,63.50,20.778
76742,16233,63.50,20.778
76750,32893,63.50,20.778
76752,16233,63.50,20.778
76760,32893,63.50,20.778
76762,16233,63.50,20.778
76770,32893,63.50,20.778
76772,16233,63.50,20.778
76780,32893,63.50,20.778
76782,16233,63.50,20.778
76790,32893,63.50,20.778
76792,16233,63.50,20.778
76800,32893,63.50,20.778
76802,16233,63.50,20.778
76810,32893,63.50,20.778
76812,16233,63.50,20.778
76820,32893,63.50,20.778
76822,16233,63.50,20.778
76830,32893,63.50,20.778
76832,16233,63.50,20.778
76840,32893,63.50,20.778
76842,16233,63.50,20.778
76850,32893,63.50,20.778
76852,16233,63.50,20.778
76860,32893,63.50,20.778
76862,16233,63.50,20.778
76870,32893,63.50,20.778
76872,16233,63.50,20.778
76880,32893,63.50,20.778
76882,16233,63.50,20.778
76890,32893,63.50,20.778
76892,16233,63.50,20.778
76900,32893,63.50,20.778
76902,16233,63.50,20.778
76910,32893,63.50,20.778
76912,16233,63.50,20.778
76920,32893,63.50,20.778
76922,16233,63.50,20.778
76930,32893,63.50,20.778
76932,16233,63.50,20.778
76940,32893,63.50,20.778
76942,16233,63.50,20.778
76950,32893,63.50,20.778
76952,16233,63.50,20.778
76960,32893,63.50,20.778
76962,16233,63.50,20.778
76970,32893,63.50,20.778
76972,16233,63.50,20.778
76980,32893,63.50,20.778
76982,16233,63.50,20.778
76990,32893,63.50,20.778
76992,16233,63.50,20.778
77000,32893,63.50,20.778
77002,16233,63.50,20.778
77010,32893,63.50,20.778
77012,16233,63.50,20.778
77020,32893,63.50,20.778
77022,16233,63.50,20.778
77030,32893,63.50,20.778
77032,16233,63.50,20.778
77040,32893,63.50,20.778
77042,16233,63.50,20.778
77050,32893,63.50,20.778
77052,16233,63.50,20.778
77060,32893,63.50,20.778
77062,16233,63.50,20.778
77070,32893,63.50,20.778
77072,16233,63.50,20.778
77080,32893,63.50,20.778
77082,16233,63.50,20.778
77090,32893,63.50,20.778
77092,16233,63.50,20.778
77100,32893,63.50,20.778
77102,16233,63.50,20.778
77110,32893,63.50,20.778
77112,16233,63.50,20.778
77120,32893,63.50,20.778
77122,16233,63.50,20.778
77130,32893,63.50,20.778
77132,16233,63.50,20.778
77140,32893,63.50,20.778
77142,16233,63.50,20.778
77150,32893,63.50,20.778
77152,16233,63.50,20.778
77160,32893,63.50,20.778
77162,16233,63.50,20.778
77170,32893,63.50,20.778
77172,16233,63.50,20.778
77180,32893,63.50,20.778
77182,16233,63.50,20.778
77190,32893,63.50,20.778
77192,16233,63.50,20.778
77200,32893,63.50,20.778
77202,16233,63.50,20.778
77210,32893,63.50,20.778
77212,16233,63.50,20.778
77220,32893,63.50,20.778
77222,16233,63.50,20.778
77230,32893,63.50,20.778
77232,16233,63.50,20.778
77240,32893,63.50,20.778
77242,16233,63.50,20.778
77250,32893,63.50,20.778
77252,16233,63.50,20.778
77260,32893,63.50,20.778
77262,16233,63.50,20.778
77270,32893,63.50,20.778
77272,16233,63.50,20.778
77280,32893,63.50,20.778
77282,16233,63.50,20.778
77290,32893,63.50,20.778
77292,16233,63.50,20.778
77300,32893,63.50,20.778
77302,16233,63.50,20.778
77310,32893,63.50,20.778
77312,16233,63.50,20.778
77320,32893,63.50,20.778
77322,16233,63.50,20.778
77330,32893,63.50,20.778
77332,16233,63.50,20.778
77340,32893,63.50,20.778
77342,16233,63.50,20.778
77350,32893,63.50,20.778
77352,16233,63.50,20.778
77360,32893,63.50,20.778
77362,16233,63.50,20.778
77370,32893,63.50,20.778
77372,16233,63.50,20.778
77380,32893,63.50,20.778
77382,16233,63.50,20.778
77390,32893,63.50,20.778
77392,16233,63.50,20.778
77400,32893,63.50,20.778
77402,16233,63.50,20.778
77410,32893,63.50,20.778
77412,16233,63.50,20.778
77420,32893,63.50,20.778
77422,16233,63.50,20.778
77430,32893,63.50,20.778
77432,16233,63.50,20.778
77440,32893,63.50,20.778
77442,16233,63.50,20.778
77450,32893,63.50,20.778
77452,16233,63.50,20.778
77460,32893,63.50,20.778
77462,16233,63.50,20.778
77470,32893,63.50,20.778
77472,16233,63.50,20.778
77480,32893,63.50,20.778
77482,16233,63.50,20.778
77490,32893,63.50,20.778
77492,16233,63.50,20.778
77500,32893,63.50,20.778
77502,16233,63.50,20.778
77510,32893,63.50,20.778
77512,16233,63.50,20.778
77520,32893,63.50,20.778
77522,16233,63.50,20.778
77530,32893,63.50,20.778
77532,16233,63.50,20.778
77540,32893,63.50,20.778
77542,16233,63.50,20.778
77550,32893,63.50,20.778
77552,16233,63.50,20.778
77560,32893,63.50,20.778
77562,16233,63.50,20.778
77570,32893,63.50,20.778
77572,16233,63.50,20.778
77580,32893,63.50,20.778
77582,16233,63.50,20.778
77590,32893,63.50,20.778
77592,16233,63.50,20.778
77600,32893,63.50,20.778
77602,16233,63.50,20.778
77611,32893,63.50,20.778
77612,16233,63.50,20.778
77620,32893,63.50,20.778
77622,16233,63.50,20.778
77630,32893,63.50,20.778
77632,16233,63.50,20.778
77640,32893,63.50,20.778
77642,16233,63.50,20.778
77650,32893,63.50,20.778
77652,16233,63.50,20.778
77660,32893,63.50,20.778
77662,16233,63.50,20.778
77670,32893,63.50,20.778
77672,16233,63.50,20.778
77680,32893,63.50,20.778
77682,16233,63.50,20.778
77690,32893,63.50,20.778
77692,16233,63.50,20.778
77700,32893,63.50,20.778
77702,16233,63.50,20.778
77710,32893,63.50,20.778
77712,16233,63.50,20.778
77720,32893,63.50,20.778
77722,16233,63.50,20.778
77730,32893,63.50,20.778
77732,16233,63.50,20.778
77740,32893,63.50,20.778
77742,16233,63.50,20.778
77750,32893,63.50,20.778
77752,16233,63.50,20.778
77760,32893,63.50,20.778
77762,16233,63.50,20.778
77770,32893,63.50,20.778
77772,16233,63.50,20.778
77780,32893,63.50,20.778
77782,16233,63.50,20.778
77790,32893,63.50,20.778
77792,16233,63.50,20.778
77800,32893,63.50,20.778
77802,16233,63.50,20.778
77810,32893,63.50,20.778
77812,16233,63.50,20.778
77820,32893,63.50,20.778
77822,16233,63.50,20.778
77830,32893,63.50,20.778
77832,16233,63.50,20.778
77840,32893,63.50,20.778
77842,16233,63.50,20.778
77851,32893,63.50,20.778
77852,16233,63.50,20.778
77860,32893,63.50,20.778
77862,16233,63.50,20.778
77870,32893,63.50,20.778
77872,16233,63.50,20.778
77880,32893,63.50,20.778
77882,16233,63.50,20.778
77890,32893,63.50,20.778
77892,16233,63.50,20.778
77900,32893,63.50,20.778
77902,16233,63.50,20.778
77910,32893,63.50,20.778
77912,16233,63.50,20.778
77920,32893,63.50,20.778
77923,16233,63.50,20.778
77930,32893,63.50,20.778
77932,16233,63.50,20.778
77940,32893,63.50,20.778
77942,16233,63.50,20.778
77950,32893,63.50,20.778
77952,16233,63.50,20.778
77960,32893,63.50,20.778
77962,16233,63.50,20.778
77970,32893,63.50,20.778
77972,16233,63.50,20.778
77980,32893,63.50,20.778
77982,16233,63.50,20.778
77990,32893,63.50,20.778
77992,16233,63.50,20.778
78000,32893,63.50,20.778
78002,16233,63.50,20.778
78010,32893,63.50,20.778
78012,16233,63.50,20.778
78020,32893,63.50,20.778
78022,16233,63.50,20.778
78030,32893,63.50,20.778
78032,16233,63.50,20.778
78040,32893,63.50,20.778
78042,16233,63.50,20.778
78050,32893,63.50,20.778
78052,16233,63.50,20.778
78060,32893,63.50,20.778
78062,16233,63.50,20.778
78070,32893,63.50,20.778
78072,16233,63.50,20.778
78080,32893,63.50,20.778
78082,16233,63.50,20.778
78090,32893,63.50,20.778
78092,16233,63.50,20.778
78100,32893,63.50,20.778
78102,16233,63.50,20.778
78110,32893,63.50,20.778
78112,16233,63.50,20.778
78120,32893,63.50,20.778
78122,16233,63.50,20.778
78131,32893,63.50,20.778
78132,16233,63.50,20.778
78140,32893,63.50,20.778
78142,16233,63.50,20.778
78150,32893,63.50,20.778
78152,16233,63.50,20.778
78160,32893,63.50,20.778
78162,16233,63.50,20.778
78170,32893,63.50,20.778
78172,16233,63.50,20.778
78180,32893,63.50,20.778
78182,16233,63.50,20.778
78190,32893,63.50,20.778
78192,16233,63.50,20.778
78200,32893,63.50,20.778
78202,16233,63.50,20.778
78210,32893,63.50,20.778
78212,16233,63.50,20.778
78220,32893,63.50,20.778
78222,16233,63.50,20.778
78230,32893,63.50,20.778
78232,16233,63.50,20.778
78240,32893,63.50,20.778
78242,16233,63.50,20.778
78250,32893,63.50,20.778
78252,16233,63.50,20.778
78260,32893,63.50,20.778
78262,16233,63.50,20.778
78270,32893,63.50,20.778
78272,16233,63.50,20.778
78280,32893,63.50,20.778
78282,16233,63.50,20.778
78290,32893,63.50,20.778
78292,16233,63.50,20.778
78300,32893,63.50,20.778
78302,16233,63.50,20.778
78310,32893,63.50,20.778
78312,16233,63.50,20.778
78320,32893,63.50,20.778
78322,16233,63.50,20.778
78330,32893,63.50,20.778
78332,16233,63.50,20.778
78340,32893,63.50,20.778
78342,16233,63.50,20.778
78350,32893,63.50,20.778
78352,16233,63.50,20.778
78360,32893,63.50,20.778
78362,16233,63.50,20.778
78370,32893,63.50,20.778
78372,16233,63.50,20.778
78380,32893,63.50,20.778
78382,16233,63.50,20.778
78390,32893,63.50,20.778
78393,16233,63.50,20.778
78400,32893,63.50,20.778
78402,16233,63.50,20.778
78410,32893,63.50,20.778
78412,16233,63.50,20.778
78420,32893,63.50,20.778
78422,16233,63.50,20.778
78430,32893,63.50,20.778
78432,16233,63.50,20.778
78440,32893,63.50,20.778
78442,16233,63.50,20.778
78450,32893,63.50,20.778
78452,16233,63.50,20.778
78460,32893,63.50,20.778
78463,16233,63.50,20.778
78471,32893,63.50,20.778
78472,16233,63.50,20.778
78480,32893,63.50,20.778
78482,16233,63.50,20.778
78490,32893,63.50,20.778
78492,16233,63.50,20.778
78500,32893,63.50,20.778
78502,16233,63.50,20.778
78510,32893,63.50,20.778
78512,16233,63.50,20.778
78520,32893,63.50,20.778
78522,16233,63.50,20.778
78530,32893,63.50,20.778
78532,16233,63.50,20.778
78540,32893,63.50,20.778
78542,16233,63.50,20.778
78550,32893,63.50,20.778
78552,16233,63.50,20.778
78560,32893,63.50,20.778
78562,16233,63.50,20.778
78570,32893,63.50,20.778
78572,16233,63.50,20.778
78580,32893,63.50,20.778
78582,16233,63.50,20.778
78590,32893,63.50,20.778
78592,16233,63.50,20.778
78600,32893,63.50,20.778
78602,16233,63.50,20.778
78610,32893,63.50,20.778
78612,16233,63.50,20.778
78620,32893,63.50,20.778
78622,16233,63.50,20.778
78630,32893,63.50,20.778
78632,16233,63.50,20.778
78640,32893,63.50,20.778
78642,16233,63.50,20.778
78650,32893,63.50,20.778
78652,16233,63.50,20.778
78660,32893,63.50,20.778
78662,16233,63.50,20.778
78670,32893,63.50,20.778
78672,16233,63.50,20.778
78680,32893,63.50,20.778
78682,16233,63.50,20.778
78690,32893,63.50,20.778
78693,16233,63.50,20.778
78700,32893,63.50,20.778
78702,16233,63.50,20.778
78710,32893,63.50,20.778
78712,16233,63.50,20.778
78720,32893,63.50,20.778
78722,16233,63.50,20.778
78730,32893,63.50,20.778
78732,16233,63.50,20.778
78740,32893,63.50,20.778
78742,16233,63.50,20.778
78750,32893,63.50,20.778
78752,16233,63.50,20.778
78760,32893,63.50,20.778
78762,16233,63.50,20.778
78771,32893,63.50,20.778
78772,16233,63.50,20.778
78780,32893,63.50,20.778
78783,16233,63.50,20.778
78790,32893,63.50,20.778
78792,16233,63.50,20.778
78800,32893,63.50,20.778
78802,16233,63.50,20.778
78810,32893,63.50,20.778
78812,16233,63.50,20.778
78820,32893,63.50,20.778
78822,16233,63.50,20.778
78830,32893,63.50,20.778
78832,16233,63.50,20.778
78840,32893,63.50,20.778
78842,16233,63.50,20.778
78850,32893,63.50,20.778
78852,16233,63.50,20.778
78860,32893,63.50,20.778
78862,16233,63.50,20.778
78870,32893,63.50,20.778
78872,16233,63.50,20.778
78880,32893,63.50,20.778
78882,16233,63.50,20.778
78890,32893,63.50,20.778
78892,16233,63.50,20.778
78900,32893,63.50,20.778
78902,16233,63.50,20.778
78910,32893,63.50,20.778
78912,16233,63.50,20.778
78920,32893,63.50,20.778
78922,16233,63.50,20.778
78930,32893,63.50,20.778
78932,16233,63.50,20.778
78940,32893,63.50,20.778
78942,16233,63.50,20.778
78950,32893,63.50,20.778
78952,16233,63.50,20.778
78960,32893,63.50,20.778
78962,16233,63.50,20.778
78970,32893,63.50,20.778
78972,16233,63.50,20.778
78980,32893,63.50,20.778
78982,16233,63.50,20.778
78990,32893,63.50,20.778
78992,16233,63.50,20.778
79000,32893,63.50,20.778
79002,16233,63.50,20.778
79010,32893,63.50,20.778
79012,16233,63.50,20.778
79020,32893,63.50,20.778
79022,16233,63.50,20.778
79030,32893,63.50,20.778
79032,16233,63.50,20.778
79040,32893,63.50,20.778
79042,16233,63.50,20.778
79050,32893,63.50,20.778
79052,16233,63.50,20.778
79060,32893,63.50,20.778
79062,16233,63.50,20.778
79070,32893,63.50,20.778
79072,16233,63.50,20.778
79080,32893,63.50,20.778
79082,16233,63.50,20.778
79090,32893,63.50,20.778
79092,16233,63.50,20.778
79100,32893,63.50,20.778
79102,16233,63.50,20.778
79110,32893,63.50,20.778
79112,16233,63.50,20.778
79120,32893,63.50,20.778
79123,16233,63.50,20.778
79130,32893,63.50,20.778
79132,16233,63.50,20.778
79140,32893,63.50,20.778
79142,16233,63.50,20.778
79150,32893,63.50,20.778
79155,16233,63.50,20.778
79160,32893,63.50,20.778
79162,16233,63.50,20.778
79171,32893,63.50,20.778
79172,16233,63.50,20.778
79181,32893,63.50,20.778
79182,16233,63.50,20.778
79190,32893,63.50,20.778
79192,16233,63.50,20.778
79201,32893,63.50,20.778
79202,16233,63.50,20.778
79210,32893,63.50,20.778
79212,16233,63.50,20.778
79221,32893,63.50,20.778
79223,16233,63.50,20.778
79231,32893,63.50,20.778
79233,16233,63.50,20.778
79241,32893,63.50,20.778
79242,16233,63.50,20.778
79251,32893,63.50,20.778
79253,16233,63.50,20.778
79261,32893,63.50,20.778
79263,16233,63.50,20.778
79270,32893,63.50,20.778
79272,16233,63.50,20.778
79281,32893,63.50,20.778
79282,16233,63.50,20.778
79291,32893,63.50,20.778
79292,16233,63.50,20.778
79301,32893,63.50,20.778
79303,16233,63.50,20.778
79310,32893,63.50,20.778
79312,16233,63.50,20.778
79320,32893,63.50,20.778
79322,16233,63.50,20.778
79330,32893,63.50,20.778
79332,16233,63.50,20.778
79340,32893,63.50,20.778
79342,16233,63.50,20.778
79350,32893,63.50,20.778
79352,16233,63.50,20.778
79360,32893,63.50,20.778
79362,16233,63.50,20.778
79370,32893,63.50,20.778
79372,16233,63.50,20.778
79381,32893,63.50,20.778
79383,16233,63.50,20.778
79390,32893,63.50,20.778
79392,16233,63.50,20.778
79400,32893,63.50,20.778
79403,16233,63.50,20.778
79410,32893,63.50,20.778
79412,16233,63.50,20.778
79420,32893,63.50,20.778
79422,16233,63.50,20.778
79431,32893,63.50,20.778
79432,16233,63.50,20.778
79441,32893,63.50,20.778
79443,16233,63.50,20.778
79451,32893,63.50,20.778
79453,16233,63.50,20.778
79461,32893,63.50,20.778
79462,16233,63.50,20.778
79470,32893,63.50,20.778
79472,16233,63.50,20.778
79481,32893,63.50,20.778
79482,16233,63.50,20.778
79491,32893,63.50,20.778
79492,16233,63.50,20.778
79500,32893,63.50,20.778
79502,16233,63.50,20.778
79510,32893,63.50,20.778
79513,16233,63.50,20.778
79520,32893,63.50,20.778
79522,16233,63.50,20.778
79530,32893,63.50,20.778
79532,16233,63.50,20.778
79540,32893,63.50,20.778
79543,16233,63.50,20.778
79552,32893,63.50,20.778
79553,16233,63.50,20.778
79560,32893,63.50,20.778
79562,16233,63.50,20.778
79570,32893,63.50,20.778
79573,16233,63.50,20.778
79581,32893,63.50,20.778
79582,16233,63.50,20.778
79590,32893,63.50,20.778
79593,16233,63.50,20.778
79601,32893,63.50,20.778
79603,16233,63.50,20.778
79611,32893,63.50,20.778
79613,16233,63.50,20.778
79621,32893,63.50,20.778
79623,16233,63.50,20.778
79631,32893,63.50,20.778
79632,16233,63.50,20.778
79641,32893,63.50,20.778
79643,16233,63.50,20.778
79650,32893,63.50,20.778
79652,16233,63.50,20.778
79660,32893,63.50,20.778
79662,16233,63.50,20.778
79670,32893,63.50,20.778
79672,16233,63.50,20.778
79680,32893,63.50,20.778
79682,16233,63.50,20.778
79691,32893,63.50,20.778
79693,16233,63.50,20.778
79700,32893,63.50,20.778
79702,16233,63.50,20.778
79710,32893,63.50,20.778
79712,16233,63.50,20.778
79720,32893,63.50,20.778
79722,16233,63.50,20.778
79730,32893,63.50,20.778
79732,16233,63.50,20.778
79740,32893,63.50,20.778
79742,16233,63.50,20.778
79750,32893,63.50,20.778
79752,16233,63.50,20.778
79760,32893,63.50,20.778
79763,16233,63.50,20.778
79770,32893,63.50,20.778
79772,16233,63.50,20.778
79780,32893,63.50,20.778
79782,16233,63.50,20.778
79790,32893,63.50,20.778
79792,16233,63.50,20.778
79800,32893,63.50,20.778
79803,16233,63.50,20.778
79810,32893,63.50,20.778
79812,16233,63.50,20.778
79820,32893,63.50,20.778
79822,16233,63.50,20.778
79830,32893,63.50,20.778
79832,16233,63.50,20.778
79840,32893,63.50,20.778
79842,16233,63.50,20.778
79850,32893,63.50,20.778
79852,16233,63.50,20.778
79860,32893,63.50,20.778
79862,16233,63.50,20.778
79870,32893,63.50,20.778
79872,16233,63.50,20.778
79880,32893,63.50,20.778
79882,16233,63.50,20.778
79890,32893,63.50,20.778
79892,16233,63.50,20.778
79900,32893,63.50,20.778
79902,16233,63.50,20.778
79910,32893,63.50,20.778
79912,16233,63.50,20.778
79920,32893,63.50,20.778
79922,16233,63.50,20.778
79930,32893,63.50,20.778
79932,16233,63.50,20.778
79940,32893,63.50,20.778
79942,16233,63.50,20.778
79950,32893,63.50,20.778
79953,16233,63.50,20.778
79960,32893,63.50,20.778
79962,16233,63.50,20.778
79970,32893,63.50,20.778
79972,16233,63.50,20.778
79980,32893,63.50,20.778
79982,16233,63.50,20.778
79990,32893,63.50,20.778
79992,16233,63.50,20.778
80000,32893,63.50,20.778
80002,16233,63.50,20.778
80010,32893,63.50,20.778
80012,16233,63.50,20.778
80020,32893,63.50,20.778
80022,16233,63.50,20.778
80030,32893,63.50,20.778
80032,16233,63.50,20.778
80040,32893,63.50,20.778
80042,16233,63.50,20.778
80050,32893,63.50,20.778
80052,16233,63.50,20.778
80060,32893,63.50,20.778
80062,16233,63.50,20.778
80070,32893,63.50,20.778
80072,16233,63.50,20.778
80080,32893,63.50,20.778
80082,16233,63.50,20.778
80090,32893,63.50,20.778
80092,16233,63.50,20.778
80100,32893,63.50,20.778
80102,16233,63.50,20.778
80110,32893,63.50,20.778
80112,16233,63.50,20.778
80120,32893,63.50,20.778
80123,16233,63.50,20.778
80130,32893,63.50,20.778
80132,16233,63.50,20.778
80140,32893,63.50,20.778
80142,16233,63.50,20.778
80150,32893,63.50,20.778
80152,16233,63.50,20.778
80160,32893,63.50,20.778
80162,16233,63.50,20.778
80170,32893,63.50,20.778
80172,16233,58.00,18.978
80180,32893,63.50,20.778
80182,16233,58.00,18.978
80190,32893,63.50,20.778
80192,16233,58.00,18.978
80200,32893,63.50,20.778
80202,16233,58.00,18.978
80210,32893,63.50,20.778
80212,16233,58.00,18.978
80220,32893,63.50,20.778
80222,16233,58.00,18.978
80230,32893,63.50,20.778
80232,16233,58.00,18.978
80240,32893,63.50,20.778
80242,16233,58.00,18.978
80250,32893,63.50,20.778
80252,16233,58.00,18.978
80260,32893,63.50,20.778
80262,16233,58.00,18.978
80270,32893,63.50,20.778
80272,16233,58.00,18.978
80280,32893,63.50,20.778
80282,16233,58.00,18.978
80290,32893,63.50,20.778
80292,16233,58.00,18.978
80301,32893,63.50,20.778
80302,16233,58.00,18.978
80310,32893,63.50,20.778
80312,16233,58.00,18.978
80320,32893,63.50,20.778
80322,16233,58.00,18.978
80330,32893,63.50,20.778
80332,16233,58.00,18.978
80340,32893,63.50,20.778
80342,16233,58.00,18.978
80350,32893,63.50,20.778
80352,16233,58.00,18.978
80360,32893,63.50,20.778
80362,16233,58.00,18.978
80370,32893,63.50,20.778
80372,16233,58.00,18.978
80380,32893,63.50,20.778
80382,16233,58.00,18.978
80390,32893,63.50,20.778
80392,16233,58.00,18.978
80400,32893,63.50,20.778
80402,16233,58.00,18.978
80410,32893,63.50,20.778
80412,16233,58.00,18.978
80420,32893,63.50,20.778
80422,16233,58.00,18.978
80430,32893,63.50,20.778
80432,16233,58.00,18.978
80440,32893,63.50,20.778
80442,16233,58.00,18.978
80451,32893,63.50,20.778
80452,16233,58.00,18.978
80460,32893,63.50,20.778
80462,16233,58.00,18.978
80470,32893,63.50,20.778
80472,16233,58.00,18.978
80480,32893,63.50,20.778
80482,16233,58.00,18.978
80490,32893,63.50,20.778
80492,16233,58.00,18.978
80500,32893,63.50,20.778
80502,16233,58.00,18.978
80510,32893,63.50,20.778
80512,16233,58.00,18.978
80520,32893,63.50,20.778
80522,16233,58.00,18.978
80531,32893,63.50,20.778
80532,16233,58.00,18.978
80540,32893,63.50,20.778
80542,16233,58.00,18.978
80550,32893,63.50,20.778
80552,16233,58.00,18.978
80560,32893,63.50,20.778
80562,16233,58.00,18.978
80571,32893,63.50,20.778
80572,16233,58.00,18.978
80580,32893,63.50,20.778
80582,16233,58.00,18.978
80590,32893,63.50,20.778
80592,16233,58.00,18.978
80600,32893,63.50,20.778
80602,16233,58.00,18.978
80611,32893,63.50,20.778
80612,16233,58.00,18.978
80621,32893,63.50,20.778
80622,16233,58.00,18.978
80630,32893,63.50,20.778
80632,16233,58.00,18.978
80640,32893,63.50,20.778
80642,16233,58.00,18.978
80650,32893,63.50,20.778
80652,16233,58.00,18.978
80660,32893,63.50,20.778
80662,16233,58.00,18.978
80670,32893,63.50,20.778
80672,16233,58.00,18.978
80680,32893,63.50,20.778
80682,16233,58.00,18.978
80691,32893,63.50,20.778
80692,16233,58.00,18.978
80700,32893,63.50,20.778
80702,16233,58.00,18.978
80710,32893,63.50,20.778
80712,16233,58.00,18.978
80720,32893,63.50,20.778
80722,16233,58.00,18.978
80730,32893,63.50,20.778
80732,16233,58.00,18.978
80740,32893,63.50,20.778
80742,16233,58.00,18.978
80750,32893,63.50,20.778
80752,16233,58.00,18.978
80761,32893,63.50,20.778
80762,16233,58.00,18.978
80770,32893,63.50,20.778
80772,16233,58.00,18.978
80780,32893,63.50,20.778
80782,16233,58.00,18.978
80790,32893,63.50,20.778
80792,16233,58.00,18.978
80800,32893,63.50,20.778
80803,16233,58.00,18.978
80811,32893,63.50,20.778
80812,16233,58.00,18.978
80820,32893,63.50,20.778
80822,16233,58.00,18.978
80830,32893,63.50,20.778
80832,16233,58.00,18.978
80840,32893,63.50,20.778
80842,16233,58.00,18.978
80850,32893,63.50,20.778
80852,16233,58.00,18.978
80860,32893,63.50,20.778
80862,16233,58.00,18.978
80870,32893,63.50,20.778
80872,16233,58.00,18.978
80880,32893,63.50,20.778
80882,16233,58.00,18.978
80890,32893,63.50,20.778
80892,16233,58.00,18.978
80900,32893,63.50,20.778
80902,16233,58.00,18.978
80910,32893,63.50,20.778
80912,16233,58.00,18.978
80920,32893,63.50,20.778
80922,16233,58.00,18.978
80930,32893,63.50,20.778
80932,16233,58.00,18.978
80940,32893,63.50,20.778
80942,16233,58.00,18.978
80950,32893,63.50,20.778
80952,16233,58.00,18.978
80961,32893,63.50,20.778
80962,16233,58.00,18.978
80970,32893,63.50,20.778
80972,16233,58.00,18.978
80980,32893,63.50,20.778
80982,16233,58.00,18.978
80990,32893,63.50,20.778
80992,16233,58.00,18.978
81000,32893,63.50,20.778
81002,16233,58.00,18.978
81010,32893,63.50,20.778
81012,16233,58.00,18.978
81020,32893,63.50,20.778
81022,16233,58.00,18.978
81030,32893,63.50,20.778
81032,16233,58.00,18.978
81040,32893,63.50,20.778
81042,16233,58.00,18.978
81050,32893,63.50,20.778
81052,16233,58.00,18.978
81060,32893,63.50,20.778
81062,16233,58.00,18.978
81070,32893,63.50,20.778
81072,16233,58.00,18.978
81080,32893,63.50,20.778
81082,16233,58.00,18.978
81090,32893,63.50,20.778
81092,16233,58.00,18.978
81100,32893,63.50,20.778
81102,16233,58.00,18.978
81110,32893,63.50,20.778
81112,16233,58.00,18.978
81120,32893,63.50,20.778
81122,16233,58.00,18.978
81130,32893,63.50,20.778
81132,16233,58.00,18.978
81140,32893,63.50,20.778
81142,16233,58.00,18.978
81150,32893,63.50,20.778
81152,16233,58.00,18.978
81160,32893,63.50,20.778
81162,16233,58.00,18.978
81170,32893,63.50,20.778
81172,16233,58.00,18.978
81180,32893,63.50,20.778
81182,16233,58.00,18.978
81190,32893,63.50,20.778
81192,16233,58.00,18.978
81201,32893,63.50,20.778
81204,16233,58.00,18.978
81210,32893,63.50,20.778
81212,16233,58.00,18.978
81220,32893,63.50,20.778
81222,16233,58.00,18.978
81230,32893,63.50,20.778
81232,16233,58.00,18.978
81240,32893,59.00,19.305
81242,16233,58.00,18.978
81250,32893,59.00,19.305
81252,16233,58.00,18.978
81260,32893,59.00,19.305
81262,16233,58.00,18.978
81271,32893,59.00,19.305
81272,16233,58.00,18.978
81280,32893,59.00,19.305
81282,16233,58.00,18.978
81290,32893,59.00,19.305
81292,16233,58.00,18.978
81300,32893,59.00,19.305
81302,16233,58.00,18.978
81310,32893,59.00,19.305
81312,16233,58.00,18.978
81320,32893,59.00,19.305
81322,16233,58.00,18.978
81330,32893,59.00,19.305
81332,16233,58.00,18.978
81340,32893,59.00,19.305
81342,16233,58.00,18.978
81350,32893,59.00,19.305
81352,16233,58.00,18.978
81360,32893,59.00,19.305
81362,16233,58.00,18.978
81370,32893,59.00,19.305
81372,16233,58.00,18.978
81381,32893,59.00,19.305
81382,16233,58.00,18.978
81390,32893,59.00,19.305
81392,16233,58.00,18.978
81400,32893,59.00,19.305
81402,16233,58.00,18.978
81410,32893,59.00,19.305
81412,16233,58.00,18.978
81420,32893,59.00,19.305
81422,16233,58.00,18.978
81430,32893,59.00,19.305
81432,16233,58.00,18.978
81440,32893,59.00,19.305
81442,16233,58.00,18.978
81450,32893,59.00,19.305
81452,16233,58.00,18.978
81460,32893,59.00,19.305
81463,16233,58.00,18.978
81471,32893,59.00,19.305
81472,16233,58.00,18.978
81480,32893,59.00,19.305
81482,16233,58.00,18.978
81491,32893,59.00,19.305
81493,16233,58.00,18.978
81500,32893,59.00,19.305
81502,16233,58.00,18.978
81510,32893,59.00,19.305
81512,16233,58.00,18.978
81520,32893,59.00,19.305
81523,16233,58.00,18.978
81530,32893,59.00,19.305
81532,16233,58.00,18.978
81540,32893,59.00,19.305
81542,16233,58.00,18.978
81550,32893,59.00,19.305
81552,16233,58.00,18.978
81560,32893,59.00,19.305
81562,16233,58.00,18.978
81570,32893,59.00,19.305
81572,16233,58.00,18.978
81580,32893,59.00,19.305
81582,16233,58.00,18.978
81590,32893,59.00,19.305
81592,16233,58.00,18.978
81600,32893,59.00,19.305
81602,16233,58.00,18.978
81610,32893,59.00,19.305
81612,16233,58.00,18.978
81620,32893,59.00,19.305
81622,16233,58.00,18.978
81630,32893,59.00,19.305
81632,16233,58.00,18.978
81640,32893,59.00,19.305
81642,16233,58.00,18.978
81650,32893,59.00,19.305
81652,16233,58.00,18.978
81660,32893,59.00,19.305
81662,16233,58.00,18.978
81670,32893,59.00,19.305
81672,16233,58.00,18.978
81680,32893,59.00,19.305
81682,16233,58.00,18.978
81690,32893,59.00,19.305
81692,16233,58.00,18.978
81700,32893,59.00,19.305
81702,16233,58.00,18.978
81710,32893,59.00,19.305
81712,16233,58.00,18.978
81720,32893,59.00,19.305
81722,16233,58.00,18.978
81730,32893,59.00,19.305
81732,16233,58.00,18.978
81740,32893,59.00,19.305
81742,16233,58.00,18.978
81750,32893,59.00,19.305
81752,16233,58.00,18.978
81760,32893,59.00,19.305
81762,16233,58.00,18.978
81770,32893,59.00,19.305
81772,16233,58.00,18.978
81780,32893,59.00,19.305
81782,16233,58.00,18.978
81790,32893,59.00,19.305
81792,16233,58.00,18.978
81800,32893,59.00,19.305
81802,16233,58.00,18.978
81810,32893,59.00,19.305
81812,16233,58.00,18.978
81820,32893,59.00,19.305
81822,16233,58.00,18.978
81830,32893,59.00,19.305
81832,16233,58.00,18.978
81840,32893,59.00,19.305
81842,16233,58.00,18.978
81850,32893,59.00,19.305
81852,16233,58.00,18.978
81860,32893,59.00,19.305
81862,16233,58.00,18.978
81870,32893,59.00,19.305
81872,16233,58.00,18.978
81880,32893,59.00,19.305
81882,16233,58.00,18.978
81890,32893,59.00,19.305
81893,16233,58.00,18.978
81900,32893,59.00,19.305
81902,16233,58.00,18.978
81910,32893,59.00,19.305
81912,16233,58.00,18.978
81920,32893,59.00,19.305
81922,16233,58.00,18.978
81930,32893,59.00,19.305
81932,16233,58.00,18.978
81940,32893,59.00,19.305
81942,16233,58.00,18.978
81950,32893,59.00,19.305
81952,16233,58.00,18.978
81960,32893,59.00,19.305
81962,16233,58.00,18.978
81970,32893,59.00,19.305
81972,16233,58.00,18.978
81980,32893,59.00,19.305
81982,16233,58.00,18.978
81990,32893,59.00,19.305
81992,16233,58.00,18.978
82000,32893,59.00,19.305
82002,16233,58.00,18.978
82010,32893,59.00,19.305
82012,16233,58.00,18.978
82020,32893,59.00,19.305
82022,16233,58.00,18.978
82030,32893,59.00,19.305
82032,16233,58.00,18.978
82040,32893,59.00,19.305
82042,16233,58.00,18.978
82050,32893,59.00,19.305
82052,16233,58.00,18.978
82060,32893,59.00,19.305
82062,16233,58.00,18.978
82070,32893,59.00,19.305
82072,16233,58.00,18.978
82080,32893,59.00,19.305
82082,16233,58.00,18.978
82090,32893,59.00,19.305
82092,16233,58.00,18.978
82100,32893,59.00,19.305
82102,16233,58.00,18.978
82110,32893,59.00,19.305
82112,16233,58.00,18.978
82120,32893,59.00,19.305
82122,16233,58.00,18.978
82130,32893,59.00,19.305
82132,16233,58.00,18.978
82140,32893,59.00,19.305
82142,16233,58.00,18.978
82150,32893,59.00,19.305
82152,16233,58.00,18.978
82160,32893,59.00,19.305
82162,16233,58.00,18.978
82170,32893,59.00,19.305
82172,16233,58.00,18.978
82180,32893,59.00,19.305
82182,16233,58.00,18.978
82190,32893,59.00,19.305
82192,16233,58.00,18.978
82200,32893,59.00,19.305
82202,16233,58.00,18.978
82210,32893,59.00,19.305
82212,16233,58.00,18.978
82220,32893,59.00,19.305
82222,16233,58.00,18.978
82230,32893,59.00,19.305
82232,16233,58.00,18.978
82240,32893,59.00,19.305
82242,16233,58.00,18.978
82250,32893,59.00,19.305
82252,16233,58.00,18.978
82260,32893,59.00,19.305
82262,16233,58.00,18.978
82270,32893,59.00,19.305
82272,16233,58.00,18.978
82280,32893,59.00,19.305
82282,16233,58.00,18.978
82290,32893,59.00,19.305
82292,16233,58.00,18.978
82300,32893,59.00,19.305
82302,16233,58.00,18.978
82310,32893,59.00,19.305
82312,16233,58.00,18.978
82320,32893,59.00,19.305
82322,16233,58.00,18.978
82330,32893,59.00,19.305
82332,16233,58.00,18.978
82341,32893,59.00,19.305
82342,16233,58.00,18.978
82350,32893,59.00,19.305
82352,16233,58.00,18.978
82360,32893,59.00,19.305
82362,16233,58.00,18.978
82370,32893,59.00,19.305
82372,16233,58.00,18.978
82380,32893,59.00,19.305
82382,16233,58.00,18.978
82390,32893,59.00,19.305
82392,16233,58.00,18.978
82400,32893,59.00,19.305
82402,16233,58.00,18.978
82410,32893,59.00,19.305
82412,16233,58.00,18.978
82420,32893,59.00,19.305
82422,16233,58.00,18.978
82430,32893,59.00,19.305
82432,16233,58.00,18.978
82440,32893,59.00,19.305
82442,16233,58.00,18.978
82450,32893,59.00,19.305
82452,16233,58.00,18.978
82460,32893,59.00,19.305
82462,16233,58.00,18.978
82470,32893,59.00,19.305
82472,16233,58.00,18.978
82480,32893,59.00,19.305
82482,16233,58.00,18.978
82490,32893,59.00,19.305
82492,16233,58.00,18.978
82500,32893,59.00,19.305
82502,16233,58.00,18.978
82510,32893,59.00,19.305
82512,16233,58.00,18.978
82520,32893,59.00,19.305
82522,16233,58.00,18.978
82530,32893,59.00,19.305
82532,16233,58.00,18.978
82540,32893,59.00,19.305
82542,16233,58.00,18.978
82550,32893,59.00,19.305
82552,16233,58.00,18.978
82560,32893,59.00,19.305
82562,16233,58.00,18.978
82570,32893,59.00,19.305
82572,16233,58.00,18.978
82580,32893,59.00,19.305
82582,16233,58.00,18.978
82590,32893,59.00,19.305
82592,16233,58.00,18.978
82600,32893,59.00,19.305
82602,16233,58.00,18.978
82610,32893,59.00,19.305
82612,16233,58.00,18.978
82620,32893,59.00,19.305
82622,16233,58.00,18.978
82630,32893,59.00,19.305
82632,16233,58.00,18.978
82640,32893,59.00,19.305
82642,16233,58.00,18.978
82650,32893,59.00,19.305
82652,16233,58.00,18.978
82660,32893,59.00,19.305
82662,16233,58.00,18.978
82670,32893,59.00,19.305
82672,16233,58.00,18.978
82680,32893,59.00,19.305
82682,16233,58.00,18.978
82690,32893,59.00,19.305
82692,16233,58.00,18.978
82700,32893,59.00,19.305
82702,16233,58.00,18.978
82710,32893,59.00,19.305
82712,16233,58.00,18.978
82720,32893,59.00,19.305
82722,16233,58.00,18.978
82730,32893,59.00,19.305
82732,16233,58.00,18.978
82740,32893,59.00,19.305
82742,16233,58.00,18.978
82750,32893,59.00,19.305
82752,16233,58.00,18.978
82760,32893,59.00,19.305
82762,16233,58.00,18.978
82770,32893,59.00,19.305
82772,16233,58.00,18.978
82780,32893,59.00,19.305
82782,16233,58.00,18.978
82790,32893,59.00,19.305
82792,16233,58.00,18.978
82800,32893,59.00,19.305
82802,16233,58.00,18.978
82810,32893,59.00,19.305
82812,16233,58.00,18.978
82820,32893,59.00,19.305
82822,16233,58.00,18.978
82830,32893,59.00,19.305
82832,16233,58.00,18.978
82840,32893,59.00,19.305
82842,16233,58.00,18.978
82850,32893,59.00,19.305
82852,16233,58.00,18.978
82860,32893,59.00,19.305
82862,16233,58.00,18.978
82870,32893,59.00,19.305
82872,16233,58.00,18.978
82880,32893,59.00,19.305
82882,16233,58.00,18.978
82890,32893,59.00,19.305
82892,16233,58.00,18.978
82900,32893,59.00,19.305
82902,16233,58.00,18.978
82910,32893,59.00,19.305
82912,16233,58.00,18.978
82920,32893,59.00,19.305
82922,16233,58.00,18.978
82930,32893,59.00,19.305
82932,16233,58.00,18.978
82940,32893,59.00,19.305
82942,16233,58.00,18.978
82950,32893,59.00,19.305
82952,16233,58.00,18.978
82960,32893,59.00,19.305
82962,16233,58.00,18.978
82970,32893,59.00,19.305
82972,16233,58.00,18.978
82980,32893,59.00,19.305
82982,16233,58.00,18.978
82990,32893,59.00,19.305
82992,16233,58.00,18.978
83000,32893,59.00,19.305
83002,16233,58.00,18.978
83010,32893,59.00,19.305
83012,16233,58.00,18.978
83020,32893,59.00,19.305
83022,16233,58.00,18.978
83030,32893,59.00,19.305
83032,16233,58.00,18.978
83041,32893,59.00,19.305
83042,16233,58.00,18.978
83050,32893,59.00,19.305
83052,16233,58.00,18.978
83060,32893,59.00,19.305
83062,16233,58.00,18.978
83070,32893,59.00,19.305
83072,16233,58.00,18.978
83080,32893,59.00,19.305
83082,16233,58.00,18.978
83090,32893,59.00,19.305
83092,16233,58.00,18.978
83100,32893,59.00,19.305
83102,16233,58.00,18.978
83110,32893,59.00,19.305
83112,16233,58.00,18.978
83120,32893,59.00,19.305
83122,16233,58.00,18.978
83130,32893,59.00,19.305
83132,16233,58.00,18.978
83140,32893,59.00,19.305
83142,16233,58.00,18.978
83150,32893,59.00,19.305
83152,16233,58.00,18.978
83160,32893,59.00,19.305
83162,16233,58.00,18.978
83170,32893,59.00,19.305
83172,16233,58.00,18.978
83180,32893,59.00,19.305
83182,16233,58.00,18.978
83191,32893,59.00,19.305
83192,16233,58.00,18.978
83201,32893,59.00,19.305
83202,16233,58.00,18.978
83210,32893,59.00,19.305
83212,16233,58.00,18.978
83220,32893,59.00,19.305
83222,16233,58.00,18.978
83230,32893,59.00,19.305
83232,16233,58.00,18.978
83240,32893,59.00,19.305
83242,16233,58.00,18.978
83250,32893,59.00,19.305
83252,16233,58.00,18.978
83260,32893,59.00,19.305
83262,16233,58.00,18.978
83270,32893,59.00,19.305
83272,16233,58.00,18.978
83280,32893,59.00,19.305
83282,16233,58.00,18.978
83290,32893,59.00,19.305
83292,16233,58.00,18.978
83300,32893,59.00,19.305
83302,16233,58.00,18.978
83310,32893,59.00,19.305
83312,16233,58.00,18.978
83320,32893,59.00,19.305
83322,16233,58.00,18.978
83330,32893,59.00,19.305
83332,16233,58.00,18.978
83340,32893,59.00,19.305
83342,16233,58.00,18.978
83350,32893,59.00,19.305
83352,16233,58.00,18.978
83360,32893,59.00,19.305
83362,16233,58.00,18.978
83370,32893,59.00,19.305
83372,16233,58.00,18.978
83380,32893,59.00,19.305
83382,16233,58.00,18.978
83390,32893,59.00,19.305
83392,16233,58.00,18.978
83400,32893,59.00,19.305
83402,16233,58.00,18.978
83410,32893,59.00,19.305
83412,16233,58.00,18.978
83420,32893,59.00,19.305
83422,16233,58.00,18.978
83430,32893,59.00,19.305
83432,16233,58.00,18.978
83440,32893,59.00,19.305
83442,16233,58.00,18.978
83450,32893,59.00,19.305
83452,16233,58.00,18.978
83460,32893,59.00,19.305
83462,16233,58.00,18.978
83470,32893,59.00,19.305
83472,16233,58.00,18.978
83480,32893,59.00,19.305
83482,16233,58.00,18.978
83490,32893,59.00,19.305
83492,16233,58.00,18.978
83500,32893,59.00,19.305
83502,16233,58.00,18.978
83510,32893,59.00,19.305
83513,16233,58.00,18.978
83520,32893,59.00,19.305
83522,16233,58.00,18.978
83530,32893,59.00,19.305
83532,16233,58.00,18.978
83540,32893,59.00,19.305
83542,16233,58.00,18.978
83550,32893,59.00,19.305
83552,16233,58.00,18.978
83560,32893,59.00,19.305
83562,16233,58.00,18.978
83570,32893,59.00,19.305
83572,16233,58.00,18.978
83580,32893,59.00,19.305
83582,16233,58.00,18.978
83590,32893,59.00,19.305
83592,16233,58.00,18.978
83600,32893,59.00,19.305
83602,16233,58.00,18.978
83610,32893,59.00,19.305
83612,16233,58.00,18.978
83620,32893,59.00,19.305
83622,16233,58.00,18.978
83630,32893,59.00,19.305
83632,16233,58.00,18.978
83640,32893,59.00,19.305
83642,16233,58.00,18.978
83650,32893,59.00,19.305
83652,16233,58.00,18.978
83660,32893,59.00,19.305
83662,16233,58.00,18.978
83671,32893,59.00,19.305
83672,16233,58.00,18.978
83680,32893,59.00,19.305
83682,16233,58.00,18.978
83690,32893,59.00,19.305
83693,16233,58.00,18.978
83701,32893,59.00,19.305
83702,16233,58.00,18.978
83710,32893,59.00,19.305
83712,16233,58.00,18.978
83720,32893,59.00,19.305
83722,16233,58.00,18.978
83730,32893,59.00,19.305
83732,16233,58.00,18.978
83740,32893,59.00,19.305
83742,16233,58.00,18.978
83750,32893,59.00,19.305
83752,16233,58.00,18.978
83761,32893,59.00,19.305
83762,16233,58.00,18.978
83770,32893,59.00,19.305
83772,16233,58.00,18.978
83780,32893,59.00,19.305
83782,16233,58.00,18.978
83790,32893,59.00,19.305
83792,16233,58.00,18.978
83800,32893,59.00,19.305
83802,16233,58.00,18.978
83810,32893,59.00,19.305
83812,16233,58.00,18.978
83820,32893,59.00,19.305
83822,16233,58.00,18.978
83830,32893,59.00,19.305
83832,16233,58.00,18.978
83840,32893,59.00,19.305
83842,16233,58.00,18.978
83850,32893,59.00,19.305
83852,16233,58.00,18.978
83860,32893,59.00,19.305
83862,16233,58.00,18.978
83870,32893,59.00,19.305
83872,16233,58.00,18.978
83880,32893,59.00,19.305
83882,16233,58.00,18.978
83890,32893,59.00,19.305
83892,16233,58.00,18.978
83900,32893,59.00,19.305
83902,16233,58.00,18.978
83910,32893,59.00,19.305
83912,16233,58.00,18.978
83920,32893,59.00,19.305
83922,16233,58.00,18.978
83930,32893,59.00,19.305
83932,16233,58.00,18.978
83940,32893,59.00,19.305
83942,16233,58.00,18.978
83950,32893,59.00,19.305
83952,16233,58.00,18.978
83960,32893,59.00,19.305
83962,16233,58.00,18.978
83970,32893,59.00,19.305
83972,16233,58.00,18.978
83980,32893,59.00,19.305
83982,16233,58.00,18.978
83990,32893,59.00,19.305
83992,16233,58.00,18.978
84000,32893,59.00,19.305
84002,16233,58.00,18.978
84010,32893,59.00,19.305
84012,16233,58.00,18.978
84020,32893,59.00,19.305
84023,16233,58.00,18.978
84030,32893,59.00,19.305
84032,16233,58.00,18.978
84040,32893,59.00,19.305
84042,16233,58.00,18.978
84050,32893,59.00,19.305
84052,16233,58.00,18.978
84060,32893,59.00,19.305
84062,16233,58.00,18.978
84070,32893,59.00,19.305
84072,16233,58.00,18.978
84080,32893,59.00,19.305
84082,16233,58.00,18.978
84090,32893,59.00,19.305
84092,16233,58.00,18.978
84100,32893,59.00,19.305
84102,16233,58.00,18.978
84110,32893,59.00,19.305
84112,16233,58.00,18.978
84120,32893,59.00,19.305
84122,16233,58.00,18.978
84130,32893,59.00,19.305
84132,16233,58.00,18.978
84140,32893,59.00,19.305
84142,16233,58.00,18.978
84150,32893,59.00,19.305
84152,16233,58.00,18.978
84160,32893,59.00,19.305
84162,16233,58.00,18.978
84171,32893,59.00,19.305
84172,16233,58.00,18.978
84180,32893,59.00,19.305
84182,16233,58.00,18.978
84190,32893,59.00,19.305
84192,16233,58.00,18.978
84200,32893,59.00,19.305
84202,16233,58.00,18.978
84210,32893,59.00,19.305
84212,16233,58.00,18.978
84220,32893,59.00,19.305
84222,16233,58.00,18.978
84230,32893,59.00,19.305
84232,16233,58.00,18.978
84240,32893,59.00,19.305
84242,16233,58.00,18.978
84250,32893,59.00,19.305
84252,16233,58.00,18.978
84260,32893,59.00,19.305
84262,16233,58.00,18.978
84270,32893,59.00,19.305
84272,16233,58.00,18.978
84280,32893,59.00,19.305
84282,16233,58.00,18.978
84290,32893,59.00,19.305
84292,16233,58.00,18.978
84300,32893,59.00,19.305
84302,16233,58.00,18.978
84310,32893,59.00,19.305
84312,16233,58.00,18.978
84320,32893,59.00,19.305
84322,16233,58.00,18.978
84330,32893,59.00,19.305
84332,16233,58.00,18.978
84340,32893,59.00,19.305
84343,16233,58.00,18.978
84350,32893,59.00,19.305
84352,16233,58.00,18.978
84360,32893,59.00,19.305
84362,16233,58.00,18.978
84370,32893,59.00,19.305
84372,16233,58.00,18.978
84380,32893,59.00,19.305
84382,16233,58.00,18.978
84390,32893,59.00,19.305
84392,16233,58.00,18.978
84400,32893,59.00,19.305
84402,16233,58.00,18.978
84410,32893,59.00,19.305
84412,16233,58.00,18.978
84420,32893,59.00,19.305
84422,16233,58.00,18.978
84430,32893,59.00,19.305
84432,16233,58.00,18.978
84440,32893,59.00,19.305
84442,16233,58.00,18.978
84450,32893,59.00,19.305
84452,16233,58.00,18.978
84460,32893,59.00,19.305
84462,16233,58.00,18.978
84470,32893,59.00,19.305
84472,16233,58.00,18.978
84481,32893,59.00,19.305
84482,16233,58.00,18.978
84490,32893,59.00,19.305
84492,16233,58.00,18.978
84500,32893,59.00,19.305
84502,16233,58.00,18.978
84510,32893,59.00,19.305
84512,16233,58.00,18.978
84521,32893,59.00,19.305
84522,16233,58.00,18.978
84530,32893,59.00,19.305
84532,16233,58.00,18.978
84540,32893,59.00,19.305
84542,16233,58.00,18.978
84550,32893,59.00,19.305
84552,16233,58.00,18.978
84560,32893,59.00,19.305
84562,16233,58.00,18.978
84570,32893,59.00,19.305
84572,16233,58.00,18.978
84580,32893,59.00,19.305
84582,16233,58.00,18.978
84590,32893,59.00,19.305
84592,16233,58.00,18.978
84600,32893,59.00,19.305
84603,16233,58.00,18.978
84610,32893,59.00,19.305
84612,16233,58.00,18.978
84620,32893,59.00,19.305
84622,16233,58.00,18.978
84630,32893,59.00,19.305
84632,16233,58.00,18.978
84641,32893,59.00,19.305
84642,16233,58.00,18.978
84650,32893,59.00,19.305
84652,16233,58.00,18.978
84660,32893,59.00,19.305
84662,16233,58.00,18.978
84670,32893,59.00,19.305
84672,16233,58.00,18.978
84680,32893,59.00,19.305
84682,16233,58.00,18.978
84690,32893,59.00,19.305
84692,16233,58.00,18.978
84700,32893,59.00,19.305
84703,16233,58.00,18.978
84710,32893,59.00,19.305
84712,16233,58.00,18.978
84720,32893,59.00,19.305
84722,16233,58.00,18.978
84730,32893,59.00,19.305
84732,16233,58.00,18.978
84741,32893,59.00,19.305
84742,16233,58.00,18.978
84750,32893,59.00,19.305
84752,16233,58.00,18.978
84760,32893,59.00,19.305
84762,16233,58.00,18.978
84770,32893,59.00,19.305
84772,16233,58.00,18.978
84780,32893,59.00,19.305
84782,16233,63.50,20.778
84790,32893,59.00,19.305
84792,16233,63.50,20.778
84800,32893,59.00,19.305
84802,16233,63.50,20.778
84810,32893,59.00,19.305
84812,16233,63.50,20.778
84820,32893,59.00,19.305
84822,16233,63.50,20.778
84830,32893,59.00,19.305
84832,16233,63.50,20.778
84840,32893,59.00,19.305
84842,16233,63.50,20.778
84850,32893,59.00,19.305
84852,16233,63.50,20.778
84860,32893,59.00,19.305
84862,16233,63.50,20.778
84870,32893,59.00,19.305
84872,16233,63.50,20.778
84880,32893,59.00,19.305
84882,16233,63.50,20.778
84890,32893,59.00,19.305
84892,16233,63.50,20.778
84900,32893,59.00,19.305
84902,16233,63.50,20.778
84910,32893,59.00,19.305
84912,16233,63.50,20.778
84920,32893,59.00,19.305
84922,16233,63.50,20.778
84930,32893,59.00,19.305
84932,16233,63.50,20.778
84940,32893,59.00,19.305
84942,16233,63.50,20.778
84950,32893,59.00,19.305
84952,16233,63.50,20.778
84960,32893,59.00,19.305
84962,16233,63.50,20.778
84970,32893,59.00,19.305
84972,16233,63.50,20.778
84980,32893,59.00,19.305
84982,16233,63.50,20.778
84990,32893,59.00,19.305
84992,16233,63.50,20.778
85000,32893,59.00,19.305
85002,16233,63.50,20.778
85010,32893,59.00,19.305
85012,16233,63.50,20.778
85020,32893,59.00,19.305
85022,16233,63.50,20.778
85030,32893,59.00,19.305
85032,16233,63.50,20.778
85040,32893,59.00,19.305
85042,16233,63.50,20.778
85050,32893,59.00,19.305
85052,16233,63.50,20.778
85060,32893,59.00,19.305
85062,16233,63.50,20.778
85070,32893,59.00,19.305
85072,16233,63.50,20.778
85080,32893,59.00,19.305
85082,16233,63.50,20.778
85090,32893,59.00,19.305
85092,16233,63.50,20.778
85100,32893,59.00,19.305
85102,16233,63.50,20.778
85110,32893,59.00,19.305
85112,16233,63.50,20.778
85120,32893,59.00,19.305
85122,16233,63.50,20.778
85130,32893,59.00,19.305
85132,16233,63.50,20.778
85140,32893,59.00,19.305
85142,16233,63.50,20.778
85150,32893,59.00,19.305
85152,16233,63.50,20.778
85160,32893,59.00,19.305
85162,16233,63.50,20.778
85170,32893,59.00,19.305
85172,16233,63.50,20.778
85180,32893,59.00,19.305
85182,16233,63.50,20.778
85191,32893,59.00,19.305
85192,16233,63.50,20.778
85200,32893,59.00,19.305
85202,16233,63.50,20.778
85210,32893,59.00,19.305
85212,16233,63.50,20.778
85220,32893,59.00,19.305
85222,16233,63.50,20.778
85230,32893,59.00,19.305
85232,16233,63.50,20.778
85240,32893,59.00,19.305
85242,16233,63.50,20.778
85250,32893,59.00,19.305
85252,16233,63.50,20.778
85260,32893,59.00,19.305
85262,16233,63.50,20.778
85270,32893,59.00,19.305
85272,16233,63.50,20.778
85280,32893,59.00,19.305
85282,16233,63.50,20.778
85290,32893,59.00,19.305
85292,16233,63.50,20.778
85300,32893,59.00,19.305
85302,16233,63.50,20.778
85310,32893,59.00,19.305
85312,16233,63.50,20.778
85320,32893,59.00,19.305
85322,16233,63.50,20.778
85330,32893,59.00,19.305
85332,16233,63.50,20.778
85340,32893,59.00,19.305
85342,16233,63.50,20.778
85350,32893,59.00,19.305
85352,16233,63.50,20.778
85361,32893,59.00,19.305
85362,16233,63.50,20.778
85371,32893,59.00,19.305
85372,16233,63.50,20.778
85380,32893,59.00,19.305
85382,16233,63.50,20.778
85390,32893,59.00,19.305
85392,16233,63.50,20.778
85400,32893,59.00,19.305
85402,16233,63.50,20.778
85410,32893,59.00,19.305
85412,16233,63.50,20.778
85420,32893,59.00,19.305
85422,16233,63.50,20.778
85430,32893,59.00,19.305
85432,16233,63.50,20.778
85440,32893,59.00,19.305
85442,16233,63.50,20.778
85450,32893,59.00,19.305
85452,16233,63.50,20.778
85460,32893,59.00,19.305
85462,16233,63.50,20.778
85470,32893,59.00,19.305
85472,16233,63.50,20.778
85480,32893,59.00,19.305
85482,16233,63.50,20.778
85490,32893,59.00,19.305
85492,16233,63.50,20.778
85500,32893,59.00,19.305
85502,16233,63.50,20.778
85510,32893,59.00,19.305
85512,16233,63.50,20.778
85520,32893,59.00,19.305
85522,16233,63.50,20.778
85530,32893,59.00,19.305
85532,16233,63.50,20.778
85540,32893,59.00,19.305
85542,16233,63.50,20.778
85550,32893,59.00,19.305
85552,16233,63.50,20.778
85560,32893,59.00,19.305
85562,16233,63.50,20.778
85570,32893,59.00,19.305
85572,16233,63.50,20.778
85580,32893,59.00,19.305
85582,16233,63.50,20.778
85590,32893,59.00,19.305
85592,16233,63.50,20.778
85600,32893,59.00,19.305
85602,16233,63.50,20.778
85610,32893,59.00,19.305
85612,16233,63.50,20.778
85620,32893,59.00,19.305
85622,16233,63.50,20.778
85630,32893,59.00,19.305
85632,16233,63.50,20.778
85640,32893,59.00,19.305
85642,16233,63.50,20.778
85650,32893,59.00,19.305
85652,16233,63.50,20.778
85660,32893,59.00,19.305
85662,16233,63.50,20.778
85670,32893,59.00,19.305
85672,16233,63.50,20.778
85680,32893,59.00,19.305
85682,16233,63.50,20.778
85690,32893,59.00,19.305
85692,16233,63.50,20.778
85700,32893,59.00,19.305
85702,16233,63.50,20.778
85710,32893,59.00,19.305
85712,16233,63.50,20.778
85720,32893,59.00,19.305
85722,16233,63.50,20.778
85730,32893,59.00,19.305
85732,16233,63.50,20.778
85740,32893,59.00,19.305
85742,16233,63.50,20.778
85750,32893,59.00,19.305
85752,16233,63.50,20.778
85760,32893,59.00,19.305
85762,16233,63.50,20.778
85770,32893,59.00,19.305
85772,16233,63.50,20.778
85780,32893,59.00,19.305
85782,16233,63.50,20.778
85790,32893,59.00,19.305
85792,16233,63.50,20.778
85800,32893,59.00,19.305
85802,16233,63.50,20.778
85810,32893,59.00,19.305
85812,16233,63.50,20.778
85820,32893,59.00,19.305
85822,16233,63.50,20.778
85830,32893,59.00,19.305
85832,16233,63.50,20.778
85840,32893,59.00,19.305
85842,16233,63.50,20.778
85850,32893,59.00,19.305
85852,16233,63.50,20.778
85860,32893,59.00,19.305
85863,16233,63.50,20.778
85871,32893,59.00,19.305
85872,16233,63.50,20.778
85880,32893,63.50,20.778
85882,16233,63.50,20.778
85890,32893,63.50,20.778
85892,16233,63.50,20.778
85900,32893,63.50,20.778
85902,16233,63.50,20.778
85910,32893,63.50,20.778
85912,16233,63.50,20.778
85920,32893,63.50,20.778
85922,16233,63.50,20.778
85930,32893,63.50,20.778
85932,16233,63.50,20.778
85940,32893,63.50,20.778
85942,16233,63.50,20.778
85950,32893,63.50,20.778
85952,16233,63.50,20.778
85960,32893,63.50,20.778
85962,16233,63.50,20.778
85970,32893,63.50,20.778
85972,16233,63.50,20.778
85980,32893,63.50,20.778
85982,16233,63.50,20.778
85990,32893,63.50,20.778
85993,16233,63.50,20.778
86000,32893,63.50,20.778
86002,16233,63.50,20.778
86010,32893,63.50,20.778
86012,16233,63.50,20.778
86020,32893,63.50,20.778
86022,16233,63.50,20.778
86030,32893,63.50,20.778
86032,16233,63.50,20.778
86040,32893,63.50,20.778
86042,16233,63.50,20.778
86050,32893,63.50,20.778
86052,16233,63.50,20.778
86060,32893,63.50,20.778
86062,16233,63.50,20.778
86071,32893,63.50,20.778
86072,16233,63.50,20.778
86080,32893,63.50,20.778
86082,16233,63.50,20.778
86090,32893,63.50,20.778
86092,16233,63.50,20.778
86100,32893,63.50,20.778
86102,16233,63.50,20.778
86110,32893,63.50,20.778
86112,16233,63.50,20.778
86120,32893,63.50,20.778
86122,16233,63.50,20.778
86130,32893,63.50,20.778
86133,16233,63.50,20.778
86140,32893,63.50,20.778
86142,16233,63.50,20.778
86150,32893,63.50,20.778
86152,16233,63.50,20.778
86160,32893,63.50,20.778
86162,16233,63.50,20.778
86170,32893,63.50,20.778
86172,16233,63.50,20.778
86180,32893,63.50,20.778
86183,16233,63.50,20.778
86190,32893,63.50,20.778
86192,16233,63.50,20.778
86200,32893,63.50,20.778
86202,16233,63.50,20.778
86210,32893,63.50,20.778
86212,16233,63.50,20.778
86220,32893,63.50,20.778
86222,16233,63.50,20.778
86230,32893,63.50,20.778
86232,16233,63.50,20.778
86240,32893,63.50,20.778
86242,16233,63.50,20.778
86250,32893,63.50,20.778
86252,16233,63.50,20.778
86260,32893,63.50,20.778
86262,16233,63.50,20.778
86270,32893,63.50,20.778
86272,16233,63.50,20.778
86280,32893,63.50,20.778
86282,16233,63.50,20.778
86291,32893,63.50,20.778
86292,16233,63.50,20.778
86300,32893,63.50,20.778
86302,16233,63.50,20.778
86310,32893,63.50,20.778
86312,16233,63.50,20.778
86320,32893,63.50,20.778
86322,16233,63.50,20.778
86330,32893,63.50,20.778
86332,16233,63.50,20.778
86340,32893,63.50,20.778
86342,16233,63.50,20.778
86350,32893,63.50,20.778
86352,16233,63.50,20.778
86360,32893,63.50,20.778
86362,16233,63.50,20.778
86370,32893,63.50,20.778
86372,16233,63.50,20.778
86380,32893,63.50,20.778
86382,16233,63.50,20.778
86390,32893,63.50,20.778
86392,16233,63.50,20.778
86400,32893,63.50,20.778
86402,16233,63.50,20.778
86410,32893,63.50,20.778
86412,16233,63.50,20.778
86420,32893,63.50,20.778
86422,16233,63.50,20.778
86430,32893,63.50,20.778
86432,16233,63.50,20.778
86440,32893,63.50,20.778
86442,16233,63.50,20.778
86450,32893,63.50,20.778
86452,16233,63.50,20.778
86460,32893,63.50,20.778
86462,16233,63.50,20.778
86470,32893,63.50,20.778
86472,16233,63.50,20.778
86480,32893,63.50,20.778
86482,16233,63.50,20.778
86490,32893,63.50,20.778
86492,16233,63.50,20.778
86500,32893,63.50,20.778
86502,16233,63.50,20.778
86510,32893,63.50,20.778
86512,16233,63.50,20.778
86520,32893,63.50,20.778
86522,16233,63.50,20.778
86530,32893,63.50,20.778
86532,16233,63.50,20.778
86540,32893,63.50,20.778
86542,16233,63.50,20.778
86550,32893,63.50,20.778
86552,16233,63.50,20.778
86560,32893,63.50,20.778
86562,16233,63.50,20.778
86570,32893,63.50,20.778
86572,16233,63.50,20.778
86580,32893,63.50,20.778
86582,16233,63.50,20.778
86590,32893,63.50,20.778
86592,16233,63.50,20.778
86600,32893,63.50,20.778
86602,16233,63.50,20.778
86610,32893,63.50,20.778
86612,16233,63.50,20.778
86620,32893,63.50,20.778
86622,16233,63.50,20.778
86630,32893,63.50,20.778
86632,16233,63.50,20.778
86640,32893,63.50,20.778
86642,16233,63.50,20.778
86650,32893,63.50,20.778
86652,16233,63.50,20.778
86660,32893,63.50,20.778
86662,16233,63.50,20.778
86670,32893,63.50,20.778
86672,16233,63.50,20.778
86680,32893,63.50,20.778
86682,16233,63.50,20.778
86690,32893,63.50,20.778
86692,16233,63.50,20.778
86700,32893,63.50,20.778
86702,16233,63.50,20.778
86710,32893,63.50,20.778
86712,16233,63.50,20.778
86720,32893,63.50,20.778
86722,16233,63.50,20.778
86730,32893,63.50,20.778
86732,16233,63.50,20.778
86740,32893,63.50,20.778
86742,16233,63.50,20.778
86750,32893,63.50,20.778
86752,16233,63.50,20.778
86760,32893,63.50,20.778
86762,16233,63.50,20.778
86770,32893,63.50,20.778
86772,16233,63.50,20.778
86780,32893,63.50,20.778
86782,16233,63.50,20.778
86790,32893,63.50,20.778
86792,16233,63.50,20.778
86800,32893,63.50,20.778
86802,16233,63.50,20.778
86810,32893,63.50,20.778
86812,16233,63.50,20.778
86820,32893,63.50,20.778
86822,16233,63.50,20.778
86830,32893,63.50,20.778
86832,16233,63.50,20.778
86840,32893,63.50,20.778
86842,16233,63.50,20.778
86850,32893,63.50,20.778
86852,16233,63.50,20.778
86860,32893,63.50,20.778
86862,16233,63.50,20.778
86870,32893,63.50,20.778
86872,16233,63.50,20.778
86880,32893,63.50,20.778
86882,16233,63.50,20.778
86890,32893,63.50,20.778
86892,16233,63.50,20.778
86900,32893,63.50,20.778
86902,16233,63.50,20.778
86910,32893,63.50,20.778
86912,16233,63.50,20.778
86920,32893,63.50,20.778
86922,16233,63.50,20.778
86930,32893,63.50,20.778
86932,16233,63.50,20.778
86940,32893,63.50,20.778
86942,16233,63.50,20.778
86950,32893,63.50,20.778
86952,16233,63.50,20.778
86960,32893,63.50,20.778
86962,16233,63.50,20.778
86970,32893,63.50,20.778
86972,16233,63.50,20.778
86980,32893,63.50,20.778
86982,16233,63.50,20.778
86990,32893,63.50,20.778
86992,16233,63.50,20.778
87000,32893,63.50,20.778
87002,16233,63.50,20.778
87010,32893,63.50,20.778
87013,16233,63.50,20.778
87020,32893,63.50,20.778
87022,16233,63.50,20.778
87030,32893,63.50,20.778
87032,16233,63.50,20.778
87040,32893,63.50,20.778
87042,16233,63.50,20.778
87050,32893,63.50,20.778
87052,16233,63.50,20.778
87060,32893,63.50,20.778
87062,16233,63.50,20.778
87070,32893,63.50,20.778
87072,16233,63.50,20.778
87080,32893,63.50,20.778
87083,16233,63.50,20.778
87090,32893,63.50,20.778
87092,16233,63.50,20.778
87100,32893,63.50,20.778
87103,16233,63.50,20.778
87110,32893,63.50,20.778
87112,16233,63.50,20.778
87120,32893,63.50,20.778
87122,16233,63.50,20.778
87130,32893,63.50,20.778
87132,16233,63.50,20.778
87140,32893,63.50,20.778
87142,16233,63.50,20.778
87150,32893,63.50,20.778
87152,16233,63.50,20.778
87160,32893,63.50,20.778
87162,16233,63.50,20.778
87170,32893,63.50,20.778
87172,16233,63.50,20.778
87180,32893,63.50,20.778
87182,16233,63.50,20.778
87190,32893,63.50,20.778
87192,16233,63.50,20.778
87200,32893,63.50,20.778
87202,16233,63.50,20.778
87210,32893,63.50,20.778
87212,16233,63.50,20.778
87220,32893,63.50,20.778
87222,16233,63.50,20.778
87230,32893,63.50,20.778
87232,16233,63.50,20.778
87240,32893,63.50,20.778
87242,16233,63.50,20.778
87250,32893,63.50,20.778
87252,16233,63.50,20.778
87260,32893,63.50,20.778
87262,16233,63.50,20.778
87270,32893,63.50,20.778
87272,16233,63.50,20.778
87280,32893,63.50,20.778
87282,16233,63.50,20.778
87290,32893,63.50,20.778
87292,16233,63.50,20.778
87300,32893,63.50,20.778
87302,16233,63.50,20.778
87310,32893,63.50,20.778
87312,16233,63.50,20.778
87320,32893,63.50,20.778
87322,16233,63.50,20.778
87330,32893,63.50,20.778
87332,16233,63.50,20.778
87340,32893,63.50,20.778
87342,16233,63.50,20.778
87350,32893,63.50,20.778
87352,16233,63.50,20.778
87360,32893,63.50,20.778
87362,16233,63.50,20.778
87370,32893,63.50,20.778
87372,16233,63.50,20.778
87380,32893,63.50,20.778
87382,16233,63.50,20.778
87390,32893,63.50,20.778
87392,16233,63.50,20.778
87400,32893,63.50,20.778
87402,16233,63.50,20.778
87410,32893,63.50,20.778
87412,16233,63.50,20.778
87420,32893,63.50,20.778
87423,16233,63.50,20.778
87430,32893,63.50,20.778
87433,16233,63.50,20.778
87440,32893,63.50,20.778
87442,16233,63.50,20.778
87450,32893,63.50,20.778
87452,16233,63.50,20.778
87460,32893,63.50,20.778
87462,16233,63.50,20.778
87470,32893,63.50,20.778
87472,16233,63.50,20.778
87480,32893,63.50,20.778
87482,16233,63.50,20.778
87490,32893,63.50,20.778
87492,16233,63.50,20.778
87500,32893,63.50,20.778
87502,16233,63.50,20.778
87510,32893,63.50,20.778
87512,16233,63.50,20.778
87520,32893,63.50,20.778
87522,16233,63.50,20.778
87530,32893,63.50,20.778
87532,16233,63.50,20.778
87540,32893,63.50,20.778
87542,16233,63.50,20.778
87550,32893,63.50,20.778
87552,16233,63.50,20.778
87560,32893,63.50,20.778
87562,16233,63.50,20.778
87570,32893,63.50,20.778
87572,16233,63.50,20.778
87580,32893,63.50,20.778
87582,16233,63.50,20.778
87590,32893,63.50,20.778
87592,16233,63.50,20.778
87600,32893,63.50,20.778
87602,16233,63.50,20.778
87610,32893,63.50,20.778
87612,16233,63.50,20.778
87620,32893,63.50,20.778
87622,16233,63.50,20.778
87630,32893,63.50,20.778
87632,16233,63.50,20.778
87640,32893,63.50,20.778
87642,16233,63.50,20.778
87650,32893,63.50,20.778
87652,16233,63.50,20.778
87660,32893,63.50,20.778
87662,16233,63.50,20.778
87670,32893,63.50,20.778
87672,16233,63.50,20.778
87680,32893,63.50,20.778
87682,16233,63.50,20.778
87690,32893,63.50,20.778
87692,16233,63.50,20.778
87700,32893,63.50,20.778
87702,16233,63.50,20.778
87710,32893,63.50,20.778
87712,16233,63.50,20.778
87720,32893,63.50,20.778
87722,16233,63.50,20.778
87731,32893,63.50,20.778
87732,16233,63.50,20.778
87740,32893,63.50,20.778
87742,16233,63.50,20.778
87750,32893,63.50,20.778
87752,16233,63.50,20.778
87760,32893,63.50,20.778
87762,16233,63.50,20.778
87770,32893,63.50,20.778
87772,16233,63.50,20.778
87780,32893,63.50,20.778
87782,16233,63.50,20.778
87790,32893,63.50,20.778
87792,16233,63.50,20.778
87800,32893,63.50,20.778
87802,16233,63.50,20.778
87810,32893,63.50,20.778
87812,16233,63.50,20.778
87820,32893,63.50,20.778
87822,16233,63.50,20.778
87830,32893,63.50,20.778
87832,16233,63.50,20.778
87841,32893,63.50,20.778
87842,16233,63.50,20.778
87850,32893,63.50,20.778
87852,16233,63.50,20.778
87860,32893,63.50,20.778
87862,16233,63.50,20.778
87870,32893,63.50,20.778
87872,16233,63.50,20.778
87880,32893,63.50,20.778
87882,16233,63.50,20.778
87891,32893,63.50,20.778
87892,16233,63.50,20.778
87900,32893,63.50,20.778
87902,16233,63.50,20.778
87910,32893,63.50,20.778
87912,16233,63.50,20.778
87920,32893,63.50,20.778
87922,16233,63.50,20.778
87930,32893,63.50,20.778
87932,16233,63.50,20.778
87940,32893,63.50,20.778
87942,16233,63.50,20.778
87950,32893,63.50,20.778
87952,16233,63.50,20.778
87960,32893,63.50,20.778
87963,16233,63.50,20.778
87970,32893,63.50,20.778
87972,16233,63.50,20.778
87980,32893,63.50,20.778
87983,16233,63.50,20.778
87990,32893,63.50,20.778
87992,16233,63.50,20.778
88000,32893,63.50,20.778
88002,16233,63.50,20.778
88010,32893,63.50,20.778
88013,16233,63.50,20.778
88020,32893,63.50,20.778
88022,16233,63.50,20.778
88031,32893,63.50,20.778
88032,16233,63.50,20.778
88040,32893,63.50,20.778
88042,16233,63.50,20.778
88050,32893,63.50,20.778
88052,16233,63.50,20.778
88061,32893,63.50,20.778
88062,16233,63.50,20.778
88070,32893,63.50,20.778
88072,16233,63.50,20.778
88080,32893,63.50,20.778
88082,16233,63.50,20.778
88090,32893,63.50,20.778
88092,16233,63.50,20.778
88100,32893,63.50,20.778
88102,16233,63.50,20.778
88110,32893,63.50,20.778
88112,16233,63.50,20.778
88120,32893,63.50,20.778
88122,16233,63.50,20.778
88130,32893,63.50,20.778
88133,16233,63.50,20.778
88140,32893,63.50,20.778
88142,16233,63.50,20.778
88150,32893,63.50,20.778
88152,16233,63.50,20.778
88160,32893,63.50,20.778
88162,16233,63.50,20.778
88170,32893,63.50,20.778
88172,16233,63.50,20.778
88180,32893,63.50,20.778
88182,16233,63.50,20.778
88190,32893,63.50,20.778
88192,16233,63.50,20.778
88200,32893,63.50,20.778
88202,16233,63.50,20.778
88210,32893,63.50,20.778
88212,16233,63.50,20.778
88220,32893,63.50,20.778
88222,16233,63.50,20.778
88230,32893,63.50,20.778
88232,16233,63.50,20.778
88241,32893,63.50,20.778
88242,16233,63.50,20.778
88250,32893,63.50,20.778
88252,16233,63.50,20.778
88260,32893,63.50,20.778
88262,16233,63.50,20.778
88270,32893,63.50,20.778
88272,16233,63.50,20.778
88280,32893,63.50,20.778
88282,16233,63.50,20.778
88290,32893,63.50,20.778
88292,16233,63.50,20.778
88300,32893,63.50,20.778
88302,16233,63.50,20.778
88310,32893,63.50,20.778
88312,16233,63.50,20.778
88320,32893,63.50,20.778
88322,16233,63.50,20.778
88330,32893,63.50,20.778
88332,16233,63.50,20.778
88340,32893,63.50,20.778
88342,16233,63.50,20.778
88350,32893,63.50,20.778
88352,16233,63.50,20.778
88361,32893,63.50,20.778
88363,16233,63.50,20.778
88370,32893,63.50,20.778
88372,16233,63.50,20.778
88380,32893,63.50,20.778
88382,16233,63.50,20.778
88391,32893,63.50,20.778
88393,16233,63.50,20.778
88401,32893,63.50,20.778
88402,16233,63.50,20.778
88411,32893,63.50,20.778
88412,16233,63.50,20.778
88420,32893,63.50,20.778
88422,16233,63.50,20.778
88430,32893,63.50,20.778
88432,16233,63.50,20.778
88440,32893,63.50,20.778
88442,16233,63.50,20.778
88450,32893,63.50,20.778
88452,16233,63.50,20.778
88460,32893,63.50,20.778
88462,16233,63.50,20.778
88470,32893,63.50,20.778
88472,16233,63.50,20.778
88480,32893,63.50,20.778
88482,16233,63.50,20.778
88490,32893,63.50,20.778
88492,16233,63.50,20.778
88500,32893,63.50,20.778
88502,16233,63.50,20.778
88510,32893,63.50,20.778
88512,16233,63.50,20.778
88520,32893,63.50,20.778
88522,16233,63.50,20.778
88530,32893,63.50,20.778
88532,16233,63.50,20.778
88540,32893,63.50,20.778
88542,16233,63.50,20.778
88550,32893,63.50,20.778
88552,16233,63.50,20.778
88560,32893,63.50,20.778
88562,16233,63.50,20.778
88570,32893,63.50,20.778
88572,16233,63.50,20.778
88580,32893,63.50,20.778
88582,16233,63.50,20.778
88590,32893,63.50,20.778
88592,16233,63.50,20.778
88600,32893,63.50,20.778
88602,16233,63.50,20.778
88610,32893,63.50,20.778
88612,16233,63.50,20.778
88620,32893,63.50,20.778
88622,16233,63.50,20.778
88631,32893,63.50,20.778
88632,16233,63.50,20.778
88640,32893,63.50,20.778
88642,16233,63.50,20.778
88650,32893,63.50,20.778
88652,16233,63.50,20.778
88660,32893,63.50,20.778
88662,16233,63.50,20.778
88670,32893,63.50,20.778
88672,16233,63.50,20.778
88680,32893,63.50,20.778
88682,16233,63.50,20.778
88690,32893,63.50,20.778
88692,16233,63.50,20.778
88700,32893,63.50,20.778
88702,16233,63.50,20.778
88710,32893,63.50,20.778
88712,16233,63.50,20.778
88720,32893,63.50,20.778
88723,16233,63.50,20.778
88730,32893,63.50,20.778
88732,16233,63.50,20.778
88740,32893,63.50,20.778
88742,16233,63.50,20.778
88750,32893,63.50,20.778
88752,16233,63.50,20.778
88760,32893,63.50,20.778
88762,16233,63.50,20.778
88771,32893,63.50,20.778
88773,16233,63.50,20.778
88780,32893,63.50,20.778
88782,16233,63.50,20.778
88790,32893,63.50,20.778
88792,16233,63.50,20.778
88800,32893,63.50,20.778
88802,16233,63.50,20.778
88810,32893,63.50,20.778
88812,16233,63.50,20.778
88820,32893,63.50,20.778
88822,16233,63.50,20.778
88830,32893,63.50,20.778
88832,16233,63.50,20.778
88840,32893,63.50,20.778
88842,16233,63.50,20.778
88850,32893,63.50,20.778
88852,16233,63.50,20.778
88860,32893,63.50,20.778
88862,16233,63.50,20.778
88870,32893,63.50,20.778
88872,16233,63.50,20.778
88880,32893,63.50,20.778
88882,16233,63.50,20.778
88890,32893,63.50,20.778
88892,16233,63.50,20.778
88900,32893,63.50,20.778
88902,16233,63.50,20.778
88910,32893,63.50,20.778
88912,16233,63.50,20.778
88920,32893,63.50,20.778
88922,16233,63.50,20.778
88930,32893,63.50,20.778
88932,16233,63.50,20.778
88940,32893,63.50,20.778
88942,16233,63.50,20.778
88950,32893,63.50,20.778
88952,16233,63.50,20.778
88960,32893,63.50,20.778
88962,16233,63.50,20.778
88970,32893,63.50,20.778
88972,16233,63.50,20.778
88980,32893,63.50,20.778
88982,16233,63.50,20.778
88990,32893,63.50,20.778
88992,16233,63.50,20.778
89000,32893,63.50,20.778
89002,16233,63.50,20.778
89010,32893,63.50,20.778
89012,16233,63.50,20.778
89020,32893,63.50,20.778
89022,16233,63.50,20.778
89030,32893,63.50,20.778
89032,16233,63.50,20.778
89040,32893,63.50,20.778
89042,16233,63.50,20.778
89050,32893,63.50,20.778
89052,16233,63.50,20.778
89060,32893,63.50,20.778
89062,16233,63.50,20.778
89070,32893,63.50,20.778
89072,16233,63.50,20.778
89080,32893,63.50,20.778
89082,16233,63.50,20.778
89090,32893,63.50,20.778
89092,16233,63.50,20.778
89100,32893,63.50,20.778
89102,16233,63.50,20.778
89110,32893,63.50,20.778
89112,16233,63.50,20.778
89120,32893,63.50,20.778
89122,16233,63.50,20.778
89130,32893,63.50,20.778
89132,16233,63.50,20.778
89140,32893,63.50,20.778
89142,16233,63.50,20.778
89150,32893,63.50,20.778
89152,16233,63.50,20.778
89160,32893,63.50,20.778
89162,16233,63.50,20.778
89170,32893,63.50,20.778
89172,16233,63.50,20.778
89180,32893,63.50,20.778
89182,16233,63.50,20.778
89191,32893,63.50,20.778
89192,16233,63.50,20.778
89200,32893,63.50,20.778
89202,16233,63.50,20.778
89210,32893,63.50,20.778
89212,16233,63.50,20.778
89220,32893,63.50,20.778
89222,16233,63.50,20.778
89230,32893,63.50,20.778
89232,16233,63.50,20.778
89240,32893,63.50,20.778
89242,16233,63.50,20.778
89250,32893,63.50,20.778
89252,16233,63.50,20.778
89260,32893,63.50,20.778
89263,16233,63.50,20.778
89271,32893,63.50,20.778
89272,16233,63.50,20.778
89280,32893,63.50,20.778
89283,16233,63.50,20.778
89290,32893,63.50,20.778
89292,16233,63.50,20.778
89300,32893,63.50,20.778
89302,16233,63.50,20.778
89310,32893,63.50,20.778
89312,16233,63.50,20.778
89320,32893,63.50,20.778
89322,16233,63.50,20.778
89330,32893,63.50,20.778
89332,16233,63.50,20.778
89340,32893,63.50,20.778
89342,16233,63.50,20.778
89350,32893,63.50,20.778
89352,16233,63.50,20.778
89360,32893,63.50,20.778
89362,16233,63.50,20.778
89370,32893,63.50,20.778
89372,16233,63.50,20.778
89380,32893,63.50,20.778
89382,16233,63.50,20.778
89390,32893,63.50,20.778
89393,16233,63.50,20.778
89400,32893,63.50,20.778
89402,16233,63.50,20.778
89410,32893,63.50,20.778
89413,16233,63.50,20.778
89420,32893,63.50,20.778
89422,16233,63.50,20.778
89430,32893,63.50,20.778
89433,16233,63.50,20.778
89440,32893,63.50,20.778
89442,16233,63.50,20.778
89450,32893,63.50,20.778
89452,16233,63.50,20.778
89460,32893,63.50,20.778
89462,16233,63.50,20.778
89470,32893,63.50,20.778
89473,16233,63.50,20.778
89480,32893,63.50,20.778
89482,16233,63.50,20.778
89491,32893,63.50,20.778
89492,16233,63.50,20.778
89500,32893,63.50,20.778
89502,16233,63.50,20.778
89510,32893,63.50,20.778
89512,16233,63.50,20.778
89520,32893,63.50,20.778
89522,16233,63.50,20.778
89530,32893,63.50,20.778
89532,16233,63.50,20.778
89540,32893,63.50,20.778
89542,16233,63.50,20.778
89550,32893,63.50,20.778
89552,16233,63.50,20.778
89560,32893,63.50,20.778
89562,16233,63.50,20.778
89570,32893,63.50,20.778
89572,16233,63.50,20.778
89580,32893,63.50,20.778
89582,16233,63.50,20.778
89590,32893,63.50,20.778
89592,16233,63.50,20.778
89600,32893,63.50,20.778
89602,16233,63.50,20.778
89610,32893,63.50,20.778
89612,16233,63.50,20.778
89620,32893,63.50,20.778
89622,16233,63.50,20.778
89631,32893,63.50,20.778
89632,16233,63.50,20.778
89640,32893,63.50,20.778
89642,16233,63.50,20.778
89650,32893,63.50,20.778
89652,16233,63.50,20.778
89660,32893,63.50,20.778
89662,16233,63.50,20.778
89670,32893,63.50,20.778
89672,16233,63.50,20.778
89680,32893,63.50,20.778
89682,16233,63.50,20.778
89690,32893,63.50,20.778
89693,16233,63.50,20.778
89700,32893,63.50,20.778
89702,16233,63.50,20.778
89710,32893,63.50,20.778
89712,16233,63.50,20.778
89720,32893,63.50,20.778
89722,16233,63.50,20.778
89730,32893,63.50,20.778
89732,16233,63.50,20.778
89740,32893,63.50,20.778
89742,16233,63.50,20.778
89750,32893,63.50,20.778
89752,16233,63.50,20.778
89761,32893,63.50,20.778
89762,16233,63.50,20.778
89771,32893,63.50,20.778
89772,16233,63.50,20.778
89780,32893,63.50,20.778
89782,16233,63.50,20.778
89790,32893,63.50,20.778
89792,16233,63.50,20.778
89800,32893,63.50,20.778
89802,16233,63.50,20.778
89810,32893,63.50,20.778
89813,16233,63.50,20.778
89820,32893,63.50,20.778
89822,16233,63.50,20.778
89830,32893,63.50,20.778
89832,16233,63.50,20.778
89840,32893,63.50,20.778
89842,16233,63.50,20.778
89850,32893,63.50,20.778
89852,16233,63.50,20.778
89860,32893,63.50,20.778
89862,16233,63.50,20.778
89871,32893,63.50,20.778
89872,16233,63.50,20.778
89881,32893,63.50,20.778
89882,16233,63.50,20.778
89890,32893,63.50,20.778
89893,16233,63.50,20.778
89900,32893,63.50,20.778
89902,16233,63.50,20.778
89910,32893,63.50,20.778
89912,16233,63.50,20.778
89920,32893,63.50,20.778
89922,16233,63.50,20.778
89930,32893,63.50,20.778
89932,16233,63.50,20.778
89940,32893,63.50,20.778
89942,16233,63.50,20.778
89950,32893,63.50,20.778
89952,16233,63.50,20.778
89960,32893,63.50,20.778
89962,16233,63.50,20.778
89970,32893,63.50,20.778
89972,16233,63.50,20.778
89980,32893,63.50,20.778
89983,16233,63.50,20.778
89991,32893,63.50,20.778
89993,16233,63.50,20.778
