Time_ms,UE_ID,UL_SNR_dB,UL_SE_bit_per_s_Hz
0,32893,63.50,20.778
2,16233,63.50,20.778
10,32893,63.50,20.778
12,16233,63.50,20.778
20,32893,63.50,20.778
22,16233,63.50,20.778
30,32893,63.50,20.778
33,16233,63.50,20.778
40,32893,63.50,20.778
42,16233,63.50,20.778
50,32893,63.50,20.778
52,16233,63.50,20.778
60,32893,63.50,20.778
62,16233,63.50,20.778
70,32893,63.50,20.778
72,16233,63.50,20.778
80,32893,63.50,20.778
82,16233,63.50,20.778
90,32893,63.50,20.778
92,16233,63.50,20.778
100,32893,63.50,20.778
102,16233,63.50,20.778
110,32893,63.50,20.778
112,16233,63.50,20.778
120,32893,63.50,20.778
121,16233,63.50,20.778
130,32893,63.50,20.778
132,16233,63.50,20.778
140,32893,63.50,20.778
142,16233,63.50,20.778
150,32893,63.50,20.778
152,16233,63.50,20.778
160,32893,63.50,20.778
162,16233,63.50,20.778
170,32893,63.50,20.778
172,16233,63.50,20.778
180,32893,63.50,20.778
182,16233,63.50,20.778
190,32893,63.50,20.778
192,16233,63.50,20.778
200,32893,63.50,20.778
202,16233,63.50,20.778
210,32893,63.50,20.778
212,16233,63.50,20.778
220,32893,63.50,20.778
222,16233,63.50,20.778
230,32893,63.50,20.778
232,16233,63.50,20.778
240,32893,63.50,20.778
242,16233,63.50,20.778
250,32893,63.50,20.778
252,16233,63.50,20.778
260,32893,63.50,20.778
262,16233,63.50,20.778
270,32893,63.50,20.778
272,16233,63.50,20.778
280,32893,63.50,20.778
282,16233,63.50,20.778
290,32893,63.50,20.778
292,16233,63.50,20.778
301,32893,63.50,20.778
302,16233,63.50,20.778
310,32893,63.50,20.778
312,16233,63.50,20.778
320,32893,63.50,20.778
322,16233,63.50,20.778
330,32893,63.50,20.778
332,16233,63.50,20.778
340,32893,63.50,20.778
342,16233,63.50,20.778
350,32893,63.50,20.778
352,16233,63.50,20.778
360,32893,63.50,20.778
362,16233,63.50,20.778
370,32893,63.50,20.778
372,16233,63.50,20.778
380,32893,63.50,20.778
382,16233,63.50,20.778
390,32893,63.50,20.778
392,16233,63.50,20.778
400,32893,63.50,20.778
402,16233,63.50,20.778
410,32893,63.50,20.778
412,16233,63.50,20.778
420,32893,63.50,20.778
422,16233,63.50,20.778
430,32893,63.50,20.778
432,16233,63.50,20.778
440,32893,63.50,20.778
442,16233,63.50,20.778
450,32893,63.50,20.778
452,16233,63.50,20.778
460,32893,63.50,20.778
462,16233,63.50,20.778
471,32893,63.50,20.778
472,16233,63.50,20.778
480,32893,63.50,20.778
482,16233,63.50,20.778
490,32893,63.50,20.778
492,16233,63.50,20.778
500,32893,63.50,20.778
502,16233,63.50,20.778
511,32893,63.50,20.778
512,16233,63.50,20.778
520,32893,63.50,20.778
522,16233,63.50,20.778
530,32893,63.50,20.778
532,16233,63.50,20.778
540,32893,63.50,20.778
542,16233,63.50,20.778
550,32893,63.50,20.778
552,16233,63.50,20.778
560,32893,63.50,20.778
562,16233,63.50,20.778
570,32893,63.50,20.778
572,16233,63.50,20.778
580,32893,63.50,20.778
582,16233,63.50,20.778
590,32893,63.50,20.778
592,16233,63.50,20.778
600,32893,63.50,20.778
602,16233,63.50,20.778
610,32893,63.50,20.778
612,16233,63.50,20.778
620,32893,63.50,20.778
622,16233,63.50,20.778
630,32893,63.50,20.778
632,16233,63.50,20.778
640,32893,63.50,20.778
642,16233,63.50,20.778
650,32893,63.50,20.778
654,16233,63.50,20.778
660,32893,63.50,20.778
662,16233,63.50,20.778
670,32893,63.50,20.778
672,16233,63.50,20.778
680,32893,63.50,20.778
682,16233,63.50,20.778
690,32893,63.50,20.778
692,16233,63.50,20.778
700,32893,63.50,20.778
702,16233,63.50,20.778
710,32893,63.50,20.778
712,16233,63.50,20.778
720,32893,63.50,20.778
722,16233,63.50,20.778
730,32893,63.50,20.778
732,16233,63.50,20.778
740,32893,63.50,20.778
742,16233,63.50,20.778
750,32893,63.50,20.778
752,16233,63.50,20.778
760,32893,63.50,20.778
762,16233,63.50,20.778
770,32893,63.50,20.778
772,16233,63.50,20.778
780,32893,63.50,20.778
782,16233,63.50,20.778
790,32893,63.50,20.778
792,16233,63.50,20.778
800,32893,63.50,20.778
802,16233,63.50,20.778
810,32893,63.50,20.778
812,16233,63.50,20.778
820,32893,63.50,20.778
822,16233,63.50,20.778
830,32893,63.50,20.778
832,16233,63.50,20.778
840,32893,63.50,20.778
842,16233,63.50,20.778
850,32893,63.50,20.778
852,16233,63.50,20.778
860,32893,63.50,20.778
862,16233,63.50,20.778
870,32893,63.50,20.778
872,16233,63.50,20.778
880,32893,63.50,20.778
882,16233,63.50,20.778
890,32893,63.50,20.778
892,16233,63.50,20.778
900,32893,63.50,20.778
902,16233,63.50,20.778
910,32893,63.50,20.778
912,16233,63.50,20.778
920,32893,63.50,20.778
922,16233,63.50,20.778
930,32893,63.50,20.778
932,16233,63.50,20.778
941,32893,63.50,20.778
942,16233,63.50,20.778
951,32893,63.50,20.778
953,16233,63.50,20.778
961,32893,63.50,20.778
962,16233,63.50,20.778
971,32893,63.50,20.778
972,16233,63.50,20.778
980,32893,63.50,20.778
982,16233,63.50,20.778
990,32893,63.50,20.778
992,16233,63.50,20.778
1000,32893,63.50,20.778
1002,16233,63.50,20.778
1010,32893,63.50,20.778
1012,16233,63.50,20.778
1021,32893,63.50,20.778
1022,16233,63.50,20.778
1030,32893,63.50,20.778
1032,16233,63.50,20.778
1041,32893,63.50,20.778
1042,16233,63.50,20.778
1050,32893,63.50,20.778
1052,16233,63.50,20.778
1061,32893,63.50,20.778
1062,16233,63.50,20.778
1070,32893,63.50,20.778
1072,16233,63.50,20.778
1080,32893,63.50,20.778
1082,16233,63.50,20.778
1090,32893,63.50,20.778
1092,16233,63.50,20.778
1100,32893,63.50,20.778
1102,16233,63.50,20.778
1110,32893,63.50,20.778
1112,16233,63.50,20.778
1121,32893,63.50,20.778
1122,16233,63.50,20.778
1130,32893,63.50,20.778
1132,16233,63.50,20.778
1140,32893,63.50,20.778
1142,16233,63.50,20.778
1150,32893,63.50,20.778
1152,16233,63.50,20.778
1160,32893,59.00,19.305
1162,16233,63.50,20.778
1170,32893,59.00,19.305
1172,16233,63.50,20.778
1180,32893,59.00,19.305
1182,16233,63.50,20.778
1190,32893,59.00,19.305
1192,16233,63.50,20.778
1200,32893,59.00,19.305
1202,16233,63.50,20.778
1210,32893,59.00,19.305
1212,16233,63.50,20.778
1220,32893,59.00,19.305
1222,16233,63.50,20.778
1230,32893,59.00,19.305
1232,16233,63.50,20.778
1240,32893,59.00,19.305
1242,16233,63.50,20.778
1250,32893,59.00,19.305
1252,16233,63.50,20.778
1260,32893,59.00,19.305
1262,16233,63.50,20.778
1270,32893,59.00,19.305
1272,16233,63.50,20.778
1281,32893,59.00,19.305
1282,16233,63.50,20.778
1291,32893,59.00,19.305
1292,16233,63.50,20.778
1300,32893,59.00,19.305
1302,16233,63.50,20.778
1310,32893,59.00,19.305
1312,16233,63.50,20.778
1320,32893,59.00,19.305
1322,16233,63.50,20.778
1330,32893,59.00,19.305
1332,16233,63.50,20.778
1340,32893,59.00,19.305
1342,16233,63.50,20.778
1351,32893,59.00,19.305
1352,16233,63.50,20.778
1360,32893,59.00,19.305
1362,16233,63.50,20.778
1370,32893,59.00,19.305
1372,16233,63.50,20.778
1380,32893,59.00,19.305
1382,16233,63.50,20.778
1390,32893,59.00,19.305
1392,16233,63.50,20.778
1400,32893,59.00,19.305
1402,16233,63.50,20.778
1410,32893,59.00,19.305
1412,16233,63.50,20.778
1420,32893,59.00,19.305
1422,16233,63.50,20.778
1430,32893,59.00,19.305
1432,16233,63.50,20.778
1440,32893,59.00,19.305
1442,16233,63.50,20.778
1450,32893,59.00,19.305
1452,16233,63.50,20.778
1460,32893,59.00,19.305
1462,16233,63.50,20.778
1470,32893,59.00,19.305
1472,16233,63.50,20.778
1480,32893,59.00,19.305
1482,16233,63.50,20.778
1490,32893,59.00,19.305
1492,16233,63.50,20.778
1500,32893,59.00,19.305
1502,16233,63.50,20.778
1510,32893,59.00,19.305
1512,16233,63.50,20.778
1520,32893,59.00,19.305
1522,16233,63.50,20.778
1530,32893,59.00,19.305
1532,16233,63.50,20.778
1540,32893,59.00,19.305
1542,16233,63.50,20.778
1550,32893,59.00,19.305
1552,16233,63.50,20.778
1560,32893,59.00,19.305
1562,16233,63.50,20.778
1570,32893,59.00,19.305
1572,16233,63.50,20.778
1580,32893,59.00,19.305
1582,16233,63.50,20.778
1590,32893,59.00,19.305
1592,16233,63.50,20.778
1600,32893,59.00,19.305
1602,16233,63.50,20.778
1611,32893,59.00,19.305
1612,16233,63.50,20.778
1620,32893,59.00,19.305
1622,16233,63.50,20.778
1630,32893,59.00,19.305
1632,16233,63.50,20.778
1640,32893,59.00,19.305
1642,16233,63.50,20.778
1650,32893,59.00,19.305
1652,16233,63.50,20.778
1660,32893,59.00,19.305
1662,16233,63.50,20.778
1671,32893,59.00,19.305
1672,16233,63.50,20.778
1680,32893,59.00,19.305
1682,16233,63.50,20.778
1690,32893,59.00,19.305
1692,16233,63.50,20.778
1700,32893,59.00,19.305
1702,16233,63.50,20.778
1710,32893,59.00,19.305
1712,16233,63.50,20.778
1720,32893,59.00,19.305
1722,16233,63.50,20.778
1730,32893,59.00,19.305
1732,16233,63.50,20.778
1740,32893,59.00,19.305
1742,16233,63.50,20.778
1750,32893,59.00,19.305
1752,16233,63.50,20.778
1760,32893,59.00,19.305
1762,16233,63.50,20.778
1770,32893,59.00,19.305
1772,16233,63.50,20.778
1781,32893,59.00,19.305
1782,16233,63.50,20.778
1790,32893,59.00,19.305
1792,16233,63.50,20.778
1800,32893,59.00,19.305
1802,16233,63.50,20.778
1810,32893,59.00,19.305
1812,16233,63.50,20.778
1820,32893,59.00,19.305
1822,16233,63.50,20.778
1830,32893,59.00,19.305
1832,16233,63.50,20.778
1840,32893,59.00,19.305
1842,16233,63.50,20.778
1850,32893,59.00,19.305
1852,16233,63.50,20.778
1860,32893,59.00,19.305
1862,16233,63.50,20.778
1870,32893,59.00,19.305
1872,16233,63.50,20.778
1880,32893,59.00,19.305
1882,16233,63.50,20.778
1890,32893,59.00,19.305
1892,16233,63.50,20.778
1900,32893,59.00,19.305
1902,16233,63.50,20.778
1910,32893,59.00,19.305
1912,16233,63.50,20.778
1920,32893,59.00,19.305
1922,16233,63.50,20.778
1930,32893,59.00,19.305
1932,16233,63.50,20.778
1940,32893,59.00,19.305
1942,16233,63.50,20.778
1950,32893,59.00,19.305
1952,16233,63.50,20.778
1960,32893,59.00,19.305
1962,16233,63.50,20.778
1970,32893,59.00,19.305
1972,16233,63.50,20.778
1980,32893,59.00,19.305
1982,16233,63.50,20.778
1990,32893,59.00,19.305
1992,16233,63.50,20.778
2000,32893,59.00,19.305
2002,16233,63.50,20.778
2010,32893,59.00,19.305
2012,16233,63.50,20.778
2020,32893,59.00,19.305
2022,16233,63.50,20.778
2031,32893,59.00,19.305
2033,16233,63.50,20.778
2040,32893,59.00,19.305
2042,16233,63.50,20.778
2050,32893,59.00,19.305
2052,16233,63.50,20.778
2060,32893,59.00,19.305
2062,16233,63.50,20.778
2070,32893,59.00,19.305
2072,16233,63.50,20.778
2081,32893,59.00,19.305
2082,16233,63.50,20.778
2090,32893,59.00,19.305
2092,16233,63.50,20.778
2100,32893,59.00,19.305
2102,16233,63.50,20.778
2110,32893,59.00,19.305
2112,16233,63.50,20.778
2120,32893,59.00,19.305
2122,16233,63.50,20.778
2130,32893,59.00,19.305
2132,16233,63.50,20.778
2140,32893,59.00,19.305
2142,16233,63.50,20.778
2150,32893,59.00,19.305
2152,16233,63.50,20.778
2160,32893,59.00,19.305
2162,16233,63.50,20.778
2170,32893,59.00,19.305
2172,16233,63.50,20.778
2180,32893,59.00,19.305
2182,16233,63.50,20.778
2190,32893,59.00,19.305
2192,16233,63.50,20.778
2200,32893,59.00,19.305
2202,16233,63.50,20.778
2210,32893,59.00,19.305
2212,16233,63.50,20.778
2220,32893,59.00,19.305
2222,16233,63.50,20.778
2230,32893,59.00,19.305
2232,16233,63.50,20.778
2240,32893,59.00,19.305
2242,16233,63.50,20.778
2250,32893,59.00,19.305
2252,16233,63.50,20.778
2260,32893,59.00,19.305
2262,16233,63.50,20.778
2270,32893,59.00,19.305
2272,16233,63.50,20.778
2280,32893,59.00,19.305
2282,16233,63.50,20.778
2290,32893,59.00,19.305
2292,16233,63.50,20.778
2301,32893,59.00,19.305
2302,16233,63.50,20.778
2310,32893,59.00,19.305
2312,16233,63.50,20.778
2320,32893,59.00,19.305
2322,16233,63.50,20.778
2330,32893,59.00,19.305
2332,16233,63.50,20.778
2340,32893,59.00,19.305
2342,16233,63.50,20.778
2350,32893,59.00,19.305
2352,16233,63.50,20.778
2360,32893,59.00,19.305
2362,16233,63.50,20.778
2370,32893,59.00,19.305
2372,16233,63.50,20.778
2380,32893,59.00,19.305
2382,16233,63.50,20.778
2390,32893,59.00,19.305
2392,16233,63.50,20.778
2400,32893,59.00,19.305
2402,16233,63.50,20.778
2410,32893,59.00,19.305
2412,16233,63.50,20.778
2420,32893,59.00,19.305
2422,16233,63.50,20.778
2430,32893,59.00,19.305
2432,16233,63.50,20.778
2440,32893,59.00,19.305
2442,16233,63.50,20.778
2450,32893,59.00,19.305
2452,16233,63.50,20.778
2460,32893,59.00,19.305
2462,16233,63.50,20.778
2470,32893,59.00,19.305
2472,16233,63.50,20.778
2480,32893,59.00,19.305
2482,16233,63.50,20.778
2490,32893,59.00,19.305
2492,16233,63.50,20.778
2500,32893,59.00,19.305
2502,16233,63.50,20.778
2510,32893,59.00,19.305
2512,16233,63.50,20.778
2520,32893,59.00,19.305
2522,16233,63.50,20.778
2530,32893,59.00,19.305
2532,16233,63.50,20.778
2540,32893,59.00,19.305
2542,16233,63.50,20.778
2550,32893,59.00,19.305
2552,16233,63.50,20.778
2560,32893,59.00,19.305
2562,16233,63.50,20.778
2570,32893,59.00,19.305
2572,16233,63.50,20.778
2580,32893,59.00,19.305
2582,16233,63.50,20.778
2590,32893,59.00,19.305
2592,16233,63.50,20.778
2600,32893,59.00,19.305
2602,16233,63.50,20.778
2611,32893,59.00,19.305
2612,16233,63.50,20.778
2620,32893,59.00,19.305
2622,16233,63.50,20.778
2630,32893,59.00,19.305
2632,16233,63.50,20.778
2640,32893,59.00,19.305
2642,16233,63.50,20.778
2650,32893,59.00,19.305
2652,16233,63.50,20.778
2660,32893,59.00,19.305
2662,16233,63.50,20.778
2670,32893,59.00,19.305
2672,16233,63.50,20.778
2680,32893,59.00,19.305
2682,16233,63.50,20.778
2690,32893,59.00,19.305
2692,16233,63.50,20.778
2701,32893,59.00,19.305
2702,16233,63.50,20.778
2710,32893,59.00,19.305
2712,16233,63.50,20.778
2720,32893,59.00,19.305
2722,16233,63.50,20.778
2730,32893,59.00,19.305
2732,16233,63.50,20.778
2741,32893,59.00,19.305
2742,16233,63.50,20.778
2750,32893,59.00,19.305
2752,16233,63.50,20.778
2760,32893,59.00,19.305
2762,16233,63.50,20.778
2770,32893,59.00,19.305
2772,16233,63.50,20.778
2781,32893,59.00,19.305
2782,16233,63.50,20.778
2790,32893,59.00,19.305
2792,16233,63.50,20.778
2800,32893,59.00,19.305
2802,16233,63.50,20.778
2810,32893,59.00,19.305
2812,16233,63.50,20.778
2820,32893,59.00,19.305
2822,16233,63.50,20.778
2830,32893,59.00,19.305
2832,16233,63.50,20.778
2840,32893,59.00,19.305
2842,16233,63.50,20.778
2850,32893,59.00,19.305
2852,16233,63.50,20.778
2860,32893,59.00,19.305
2862,16233,63.50,20.778
2870,32893,59.00,19.305
2872,16233,63.50,20.778
2880,32893,59.00,19.305
2882,16233,63.50,20.778
2890,32893,59.00,19.305
2892,16233,63.50,20.778
2900,32893,59.00,19.305
2902,16233,63.50,20.778
2910,32893,59.00,19.305
2912,16233,63.50,20.778
2920,32893,59.00,19.305
2922,16233,63.50,20.778
2930,32893,59.00,19.305
2932,16233,63.50,20.778
2940,32893,59.00,19.305
2942,16233,63.50,20.778
2950,32893,59.00,19.305
2952,16233,63.50,20.778
2961,32893,59.00,19.305
2962,16233,63.50,20.778
2970,32893,59.00,19.305
2972,16233,63.50,20.778
2980,32893,59.00,19.305
2982,16233,63.50,20.778
2990,32893,59.00,19.305
2992,16233,63.50,20.778
3001,32893,59.00,19.305
3002,16233,63.50,20.778
3010,32893,59.00,19.305
3012,16233,63.50,20.778
3020,32893,59.00,19.305
3022,16233,63.50,20.778
3031,32893,59.00,19.305
3032,16233,63.50,20.778
3040,32893,59.00,19.305
3042,16233,63.50,20.778
3050,32893,59.00,19.305
3052,16233,63.50,20.778
3060,32893,59.00,19.305
3062,16233,63.50,20.778
3070,32893,59.00,19.305
3072,16233,63.50,20.778
3080,32893,59.00,19.305
3082,16233,63.50,20.778
3090,32893,59.00,19.305
3092,16233,63.50,20.778
3100,32893,59.00,19.305
3102,16233,63.50,20.778
3110,32893,59.00,19.305
3112,16233,63.50,20.778
3120,32893,59.00,19.305
3122,16233,63.50,20.778
3130,32893,59.00,19.305
3132,16233,63.50,20.778
3140,32893,59.00,19.305
3142,16233,63.50,20.778
3150,32893,59.00,19.305
3152,16233,63.50,20.778
3160,32893,59.00,19.305
3162,16233,63.50,20.778
3171,32893,59.00,19.305
3172,16233,63.50,20.778
3180,32893,59.00,19.305
3182,16233,63.50,20.778
3191,32893,59.00,19.305
3192,16233,63.50,20.778
3200,32893,59.00,19.305
3203,16233,63.50,20.778
3210,32893,59.00,19.305
3212,16233,63.50,20.778
3220,32893,59.00,19.305
3222,16233,63.50,20.778
3230,32893,59.00,19.305
3232,16233,63.50,20.778
3240,32893,59.00,19.305
3242,16233,63.50,20.778
3250,32893,59.00,19.305
3252,16233,63.50,20.778
3260,32893,59.00,19.305
3262,16233,63.50,20.778
3270,32893,59.00,19.305
3272,16233,63.50,20.778
3280,32893,59.00,19.305
3282,16233,63.50,20.778
3290,32893,59.00,19.305
3292,16233,63.50,20.778
3302,32893,59.00,19.305
3303,16233,63.50,20.778
3311,32893,59.00,19.305
3312,16233,63.50,20.778
3321,32893,59.00,19.305
3322,16233,63.50,20.778
3330,32893,59.00,19.305
3332,16233,63.50,20.778
3340,32893,59.00,19.305
3342,16233,63.50,20.778
3351,32893,59.00,19.305
3352,16233,63.50,20.778
3361,32893,59.00,19.305
3362,16233,63.50,20.778
3370,32893,59.00,19.305
3372,16233,63.50,20.778
3380,32893,59.00,19.305
3382,16233,63.50,20.778
3391,32893,59.00,19.305
3393,16233,63.50,20.778
3400,32893,59.00,19.305
3402,16233,63.50,20.778
3410,32893,59.00,19.305
3412,16233,63.50,20.778
3420,32893,59.00,19.305
3422,16233,63.50,20.778
3431,32893,59.00,19.305
3432,16233,63.50,20.778
3440,32893,59.00,19.305
3442,16233,63.50,20.778
3450,32893,59.00,19.305
3453,16233,63.50,20.778
3460,32893,59.00,19.305
3462,16233,63.50,20.778
3470,32893,59.00,19.305
3472,16233,63.50,20.778
3481,32893,59.00,19.305
3482,16233,63.50,20.778
3490,32893,59.00,19.305
3493,16233,63.50,20.778
3500,32893,59.00,19.305
3502,16233,63.50,20.778
3510,32893,59.00,19.305
3512,16233,63.50,20.778
3520,32893,59.00,19.305
3523,16233,63.50,20.778
3530,32893,59.00,19.305
3532,16233,63.50,20.778
3540,32893,59.00,19.305
3543,16233,63.50,20.778
3550,32893,59.00,19.305
3552,16233,63.50,20.778
3560,32893,59.00,19.305
3562,16233,63.50,20.778
3570,32893,59.00,19.305
3572,16233,63.50,20.778
3580,32893,59.00,19.305
3582,16233,63.50,20.778
3590,32893,59.00,19.305
3592,16233,63.50,20.778
3600,32893,59.00,19.305
3602,16233,63.50,20.778
3610,32893,59.00,19.305
3612,16233,63.50,20.778
3620,32893,59.00,19.305
3622,16233,63.50,20.778
3630,32893,59.00,19.305
3632,16233,63.50,20.778
3640,32893,59.00,19.305
3642,16233,63.50,20.778
3650,32893,59.00,19.305
3652,16233,63.50,20.778
3660,32893,59.00,19.305
3662,16233,63.50,20.778
3670,32893,59.00,19.305
3672,16233,63.50,20.778
3680,32893,59.00,19.305
3682,16233,63.50,20.778
3690,32893,59.00,19.305
3692,16233,63.50,20.778
3700,32893,59.00,19.305
3702,16233,63.50,20.778
3710,32893,59.00,19.305
3712,16233,63.50,20.778
3720,32893,59.00,19.305
3722,16233,63.50,20.778
3731,32893,59.00,19.305
3732,16233,63.50,20.778
3740,32893,59.00,19.305
3742,16233,63.50,20.778
3750,32893,59.00,19.305
3752,16233,63.50,20.778
3761,32893,59.00,19.305
3762,16233,63.50,20.778
3770,32893,59.00,19.305
3772,16233,63.50,20.778
3781,32893,59.00,19.305
3782,16233,63.50,20.778
3790,32893,59.00,19.305
3793,16233,63.50,20.778
3800,32893,59.00,19.305
3802,16233,63.50,20.778
3810,32893,59.00,19.305
3812,16233,63.50,20.778
3820,32893,59.00,19.305
3822,16233,63.50,20.778
3830,32893,59.00,19.305
3832,16233,63.50,20.778
3840,32893,59.00,19.305
3842,16233,63.50,20.778
3850,32893,59.00,19.305
3852,16233,63.50,20.778
3860,32893,59.00,19.305
3862,16233,63.50,20.778
3870,32893,59.00,19.305
3872,16233,63.50,20.778
3880,32893,59.00,19.305
3882,16233,63.50,20.778
3890,32893,59.00,19.305
3892,16233,63.50,20.778
3900,32893,59.00,19.305
3902,16233,63.50,20.778
3910,32893,59.00,19.305
3912,16233,63.50,20.778
3920,32893,59.00,19.305
3922,16233,63.50,20.778
3930,32893,59.00,19.305
3932,16233,63.50,20.778
3941,32893,59.00,19.305
3942,16233,63.50,20.778
3950,32893,59.00,19.305
3952,16233,63.50,20.778
3960,32893,59.00,19.305
3962,16233,63.50,20.778
3970,32893,59.00,19.305
3972,16233,63.50,20.778
3980,32893,59.00,19.305
3982,16233,63.50,20.778
3990,32893,59.00,19.305
3992,16233,63.50,20.778
4000,32893,59.00,19.305
4002,16233,63.50,20.778
4010,32893,59.00,19.305
4012,16233,63.50,20.778
4020,32893,59.00,19.305
4022,16233,63.50,20.778
4030,32893,59.00,19.305
4033,16233,63.50,20.778
4040,32893,59.00,19.305
4042,16233,63.50,20.778
4050,32893,59.00,19.305
4052,16233,63.50,20.778
4060,32893,59.00,19.305
4062,16233,63.50,20.778
4070,32893,59.00,19.305
4072,16233,63.50,20.778
4080,32893,59.00,19.305
4082,16233,63.50,20.778
4090,32893,59.00,19.305
4092,16233,63.50,20.778
4100,32893,59.00,19.305
4102,16233,63.50,20.778
4110,32893,59.00,19.305
4112,16233,63.50,20.778
4120,32893,59.00,19.305
4122,16233,63.50,20.778
4130,32893,59.00,19.305
4132,16233,63.50,20.778
4140,32893,59.00,19.305
4142,16233,63.50,20.778
4150,32893,59.00,19.305
4152,16233,63.50,20.778
4160,32893,59.00,19.305
4162,16233,63.50,20.778
4170,32893,59.00,19.305
4172,16233,63.50,20.778
4180,32893,59.00,19.305
4182,16233,63.50,20.778
4190,32893,59.00,19.305
4192,16233,63.50,20.778
4200,32893,59.00,19.305
4202,16233,63.50,20.778
4210,32893,59.00,19.305
4212,16233,63.50,20.778
4220,32893,59.00,19.305
4222,16233,63.50,20.778
4230,32893,59.00,19.305
4232,16233,63.50,20.778
4240,32893,59.00,19.305
4242,16233,63.50,20.778
4250,32893,59.00,19.305
4252,16233,63.50,20.778
4260,32893,59.00,19.305
4262,16233,63.50,20.778
4270,32893,59.00,19.305
4272,16233,63.50,20.778
4280,32893,59.00,19.305
4282,16233,63.50,20.778
4290,32893,59.00,19.305
4292,16233,63.50,20.778
4300,32893,59.00,19.305
4302,16233,63.50,20.778
4310,32893,59.00,19.305
4312,16233,63.50,20.778
4320,32893,59.00,19.305
4322,16233,63.50,20.778
4330,32893,59.00,19.305
4332,16233,63.50,20.778
4341,32893,59.00,19.305
4342,16233,63.50,20.778
4350,32893,59.00,19.305
4352,16233,63.50,20.778
4360,32893,59.00,19.305
4362,16233,63.50,20.778
4370,32893,59.00,19.305
4372,16233,63.50,20.778
4380,32893,59.00,19.305
4382,16233,63.50,20.778
4390,32893,59.00,19.305
4392,16233,63.50,20.778
4400,32893,59.00,19.305
4402,16233,63.50,20.778
4410,32893,59.00,19.305
4412,16233,63.50,20.778
4421,32893,59.00,19.305
4422,16233,63.50,20.778
4430,32893,59.00,19.305
4432,16233,63.50,20.778
4440,32893,59.00,19.305
4442,16233,63.50,20.778
4450,32893,59.00,19.305
4452,16233,63.50,20.778
4460,32893,59.00,19.305
4462,16233,63.50,20.778
4470,32893,59.00,19.305
4472,16233,63.50,20.778
4480,32893,59.00,19.305
4482,16233,63.50,20.778
4490,32893,59.00,19.305
4492,16233,63.50,20.778
4500,32893,59.00,19.305
4502,16233,63.50,20.778
4511,32893,59.00,19.305
4512,16233,63.50,20.778
4520,32893,59.00,19.305
4522,16233,63.50,20.778
4530,32893,59.00,19.305
4532,16233,63.50,20.778
4540,32893,59.00,19.305
4542,16233,63.50,20.778
4550,32893,59.00,19.305
4552,16233,63.50,20.778
4560,32893,59.00,19.305
4562,16233,63.50,20.778
4570,32893,59.00,19.305
4572,16233,63.50,20.778
4580,32893,59.00,19.305
4582,16233,63.50,20.778
4590,32893,59.00,19.305
4592,16233,63.50,20.778
4600,32893,59.00,19.305
4602,16233,63.50,20.778
4610,32893,59.00,19.305
4612,16233,63.50,20.778
4620,32893,59.00,19.305
4622,16233,63.50,20.778
4630,32893,59.00,19.305
4632,16233,63.50,20.778
4640,32893,59.00,19.305
4642,16233,63.50,20.778
4650,32893,59.00,19.305
4652,16233,63.50,20.778
4660,32893,59.00,19.305
4662,16233,63.50,20.778
4671,32893,59.00,19.305
4672,16233,63.50,20.778
4680,32893,59.00,19.305
4682,16233,63.50,20.778
4690,32893,59.00,19.305
4692,16233,63.50,20.778
4700,32893,59.00,19.305
4702,16233,63.50,20.778
4711,32893,59.00,19.305
4712,16233,63.50,20.778
4720,32893,59.00,19.305
4722,16233,63.50,20.778
4730,32893,59.00,19.305
4732,16233,63.50,20.778
4740,32893,59.00,19.305
4742,16233,63.50,20.778
4750,32893,59.00,19.305
4752,16233,63.50,20.778
4760,32893,59.00,19.305
4762,16233,63.50,20.778
4770,32893,59.00,19.305
4772,16233,63.50,20.778
4780,32893,59.00,19.305
4782,16233,63.50,20.778
4790,32893,59.00,19.305
4792,16233,63.50,20.778
4800,32893,59.00,19.305
4803,16233,63.50,20.778
4811,32893,59.00,19.305
4812,16233,63.50,20.778
4820,32893,59.00,19.305
4822,16233,63.50,20.778
4830,32893,59.00,19.305
4832,16233,63.50,20.778
4840,32893,59.00,19.305
4842,16233,63.50,20.778
4850,32893,59.00,19.305
4852,16233,63.50,20.778
4860,32893,59.00,19.305
4862,16233,63.50,20.778
4870,32893,59.00,19.305
4872,16233,63.50,20.778
4881,32893,59.00,19.305
4882,16233,63.50,20.778
4890,32893,59.00,19.305
4892,16233,63.50,20.778
4900,32893,59.00,19.305
4902,16233,63.50,20.778
4911,32893,59.00,19.305
4912,16233,63.50,20.778
4920,32893,59.00,19.305
4922,16233,63.50,20.778
4930,32893,59.00,19.305
4932,16233,63.50,20.778
4940,32893,59.00,19.305
4942,16233,63.50,20.778
4950,32893,59.00,19.305
4952,16233,63.50,20.778
4960,32893,59.00,19.305
4962,16233,63.50,20.778
4971,32893,59.00,19.305
4972,16233,63.50,20.778
4980,32893,59.00,19.305
4982,16233,63.50,20.778
4990,32893,59.00,19.305
4992,16233,63.50,20.778
5001,32893,59.00,19.305
5002,16233,63.50,20.778
5010,32893,59.00,19.305
5012,16233,63.50,20.778
5021,32893,59.00,19.305
5022,16233,63.50,20.778
5031,32893,59.00,19.305
5032,16233,63.50,20.778
5041,32893,59.00,19.305
5042,16233,63.50,20.778
5050,32893,59.00,19.305
5052,16233,63.50,20.778
5060,32893,59.00,19.305
5062,16233,63.50,20.778
5070,32893,59.00,19.305
5072,16233,63.50,20.778
5080,32893,59.00,19.305
5082,16233,63.50,20.778
5090,32893,59.00,19.305
5092,16233,63.50,20.778
5100,32893,59.00,19.305
5102,16233,63.50,20.778
5110,32893,59.00,19.305
5112,16233,63.50,20.778
5120,32893,59.00,19.305
5122,16233,63.50,20.778
5130,32893,59.00,19.305
5132,16233,63.50,20.778
5140,32893,59.00,19.305
5143,16233,63.50,20.778
5150,32893,59.00,19.305
5152,16233,63.50,20.778
5160,32893,59.00,19.305
5162,16233,63.50,20.778
5170,32893,59.00,19.305
5172,16233,63.50,20.778
5180,32893,59.00,19.305
5182,16233,63.50,20.778
5190,32893,59.00,19.305
5192,16233,63.50,20.778
5200,32893,59.00,19.305
5202,16233,63.50,20.778
5210,32893,59.00,19.305
5212,16233,63.50,20.778
5220,32893,59.00,19.305
5222,16233,63.50,20.778
5230,32893,59.00,19.305
5232,16233,63.50,20.778
5241,32893,59.00,19.305
5242,16233,63.50,20.778
5250,32893,59.00,19.305
5252,16233,63.50,20.778
5260,32893,59.00,19.305
5262,16233,63.50,20.778
5270,32893,59.00,19.305
5272,16233,63.50,20.778
5280,32893,59.00,19.305
5282,16233,63.50,20.778
5290,32893,59.00,19.305
5292,16233,63.50,20.778
5300,32893,59.00,19.305
5302,16233,63.50,20.778
5310,32893,59.00,19.305
5312,16233,63.50,20.778
5320,32893,59.00,19.305
5322,16233,63.50,20.778
5330,32893,59.00,19.305
5332,16233,63.50,20.778
5340,32893,59.00,19.305
5342,16233,63.50,20.778
5350,32893,59.00,19.305
5352,16233,63.50,20.778
5360,32893,59.00,19.305
5362,16233,63.50,20.778
5370,32893,59.00,19.305
5372,16233,63.50,20.778
5380,32893,59.00,19.305
5382,16233,63.50,20.778
5390,32893,59.00,19.305
5392,16233,63.50,20.778
5401,32893,59.00,19.305
5402,16233,63.50,20.778
5410,32893,59.00,19.305
5412,16233,63.50,20.778
5421,32893,59.00,19.305
5423,16233,63.50,20.778
5430,32893,59.00,19.305
5432,16233,63.50,20.778
5440,32893,59.00,19.305
5442,16233,63.50,20.778
5450,32893,59.00,19.305
5452,16233,63.50,20.778
5460,32893,59.00,19.305
5462,16233,63.50,20.778
5471,32893,59.00,19.305
5472,16233,63.50,20.778
5480,32893,59.00,19.305
5482,16233,63.50,20.778
5490,32893,59.00,19.305
5492,16233,63.50,20.778
5500,32893,59.00,19.305
5502,16233,63.50,20.778
5510,32893,59.00,19.305
5512,16233,63.50,20.778
5520,32893,59.00,19.305
5522,16233,63.50,20.778
5530,32893,59.00,19.305
5532,16233,63.50,20.778
5541,32893,59.00,19.305
5542,16233,63.50,20.778
5551,32893,59.00,19.305
5552,16233,63.50,20.778
5560,32893,59.00,19.305
5562,16233,63.50,20.778
5571,32893,59.00,19.305
5572,16233,63.50,20.778
5581,32893,59.00,19.305
5582,16233,63.50,20.778
5590,32893,59.00,19.305
5592,16233,63.50,20.778
5600,32893,59.00,19.305
5602,16233,63.50,20.778
5610,32893,59.00,19.305
5612,16233,63.50,20.778
5620,32893,59.00,19.305
5622,16233,63.50,20.778
5630,32893,59.00,19.305
5632,16233,63.50,20.778
5640,32893,59.00,19.305
5642,16233,63.50,20.778
5650,32893,59.00,19.305
5652,16233,63.50,20.778
5660,32893,59.00,19.305
5662,16233,63.50,20.778
5670,32893,59.00,19.305
5672,16233,63.50,20.778
5680,32893,59.00,19.305
5682,16233,63.50,20.778
5690,32893,59.00,19.305
5692,16233,63.50,20.778
5700,32893,59.00,19.305
5702,16233,63.50,20.778
5710,32893,59.00,19.305
5712,16233,63.50,20.778
5720,32893,59.00,19.305
5722,16233,63.50,20.778
5730,32893,59.00,19.305
5732,16233,63.50,20.778
5741,32893,59.00,19.305
5742,16233,63.50,20.778
5750,32893,59.00,19.305
5752,16233,63.50,20.778
5760,32893,59.00,19.305
5762,16233,63.50,20.778
5770,32893,59.00,19.305
5772,16233,63.50,20.778
5780,32893,59.00,19.305
5782,16233,63.50,20.778
5790,32893,63.50,20.778
5792,16233,63.50,20.778
5800,32893,63.50,20.778
5802,16233,63.50,20.778
5810,32893,63.50,20.778
5812,16233,63.50,20.778
5820,32893,63.50,20.778
5822,16233,63.50,20.778
5830,32893,63.50,20.778
5832,16233,63.50,20.778
5841,32893,63.50,20.778
5842,16233,63.50,20.778
5850,32893,63.50,20.778
5852,16233,63.50,20.778
5860,32893,63.50,20.778
5862,16233,63.50,20.778
5870,32893,63.50,20.778
5872,16233,63.50,20.778
5880,32893,63.50,20.778
5882,16233,63.50,20.778
5890,32893,63.50,20.778
5892,16233,63.50,20.778
5900,32893,63.50,20.778
5902,16233,63.50,20.778
5910,32893,63.50,20.778
5912,16233,63.50,20.778
5920,32893,63.50,20.778
5922,16233,63.50,20.778
5930,32893,63.50,20.778
5932,16233,63.50,20.778
5941,32893,63.50,20.778
5942,16233,63.50,20.778
5950,32893,63.50,20.778
5952,16233,63.50,20.778
5960,32893,63.50,20.778
5962,16233,63.50,20.778
5971,32893,63.50,20.778
5972,16233,63.50,20.778
5980,32893,63.50,20.778
5982,16233,63.50,20.778
5990,32893,63.50,20.778
5992,16233,63.50,20.778
6000,32893,63.50,20.778
6002,16233,63.50,20.778
6010,32893,63.50,20.778
6012,16233,63.50,20.778
6020,32893,63.50,20.778
6022,16233,63.50,20.778
6031,32893,63.50,20.778
6032,16233,63.50,20.778
6040,32893,63.50,20.778
6042,16233,63.50,20.778
6050,32893,63.50,20.778
6052,16233,63.50,20.778
6060,32893,63.50,20.778
6062,16233,63.50,20.778
6070,32893,63.50,20.778
6072,16233,63.50,20.778
6080,32893,63.50,20.778
6082,16233,63.50,20.778
6091,32893,63.50,20.778
6092,16233,63.50,20.778
6100,32893,63.50,20.778
6102,16233,63.50,20.778
6111,32893,63.50,20.778
6112,16233,63.50,20.778
6120,32893,63.50,20.778
6122,16233,63.50,20.778
6130,32893,63.50,20.778
6132,16233,63.50,20.778
6140,32893,63.50,20.778
6142,16233,63.50,20.778
6150,32893,63.50,20.778
6152,16233,63.50,20.778
6160,32893,63.50,20.778
6162,16233,63.50,20.778
6170,32893,63.50,20.778
6172,16233,63.50,20.778
6180,32893,63.50,20.778
6182,16233,63.50,20.778
6190,32893,63.50,20.778
6192,16233,63.50,20.778
6201,32893,63.50,20.778
6202,16233,63.50,20.778
6210,32893,63.50,20.778
6212,16233,63.50,20.778
6220,32893,63.50,20.778
6222,16233,63.50,20.778
6230,32893,63.50,20.778
6232,16233,63.50,20.778
6240,32893,63.50,20.778
6242,16233,63.50,20.778
6250,32893,63.50,20.778
6252,16233,63.50,20.778
6260,32893,63.50,20.778
6262,16233,63.50,20.778
6271,32893,63.50,20.778
6272,16233,63.50,20.778
6281,32893,63.50,20.778
6282,16233,63.50,20.778
6291,32893,63.50,20.778
6292,16233,63.50,20.778
6300,32893,63.50,20.778
6302,16233,63.50,20.778
6310,32893,63.50,20.778
6312,16233,63.50,20.778
6320,32893,63.50,20.778
6322,16233,63.50,20.778
6330,32893,63.50,20.778
6332,16233,63.50,20.778
6340,32893,63.50,20.778
6342,16233,63.50,20.778
6350,32893,63.50,20.778
6352,16233,63.50,20.778
6360,32893,63.50,20.778
6362,16233,63.50,20.778
6370,32893,63.50,20.778
6372,16233,63.50,20.778
6380,32893,63.50,20.778
6382,16233,63.50,20.778
6390,32893,63.50,20.778
6392,16233,63.50,20.778
6400,32893,63.50,20.778
6402,16233,63.50,20.778
6410,32893,63.50,20.778
6412,16233,63.50,20.778
6420,32893,63.50,20.778
6422,16233,63.50,20.778
6430,32893,63.50,20.778
6432,16233,63.50,20.778
6440,32893,63.50,20.778
6442,16233,63.50,20.778
6450,32893,63.50,20.778
6452,16233,63.50,20.778
6460,32893,63.50,20.778
6462,16233,63.50,20.778
6470,32893,63.50,20.778
6472,16233,63.50,20.778
6480,32893,63.50,20.778
6482,16233,63.50,20.778
6490,32893,63.50,20.778
6492,16233,63.50,20.778
6501,32893,63.50,20.778
6502,16233,63.50,20.778
6510,32893,63.50,20.778
6512,16233,63.50,20.778
6520,32893,63.50,20.778
6522,16233,63.50,20.778
6530,32893,63.50,20.778
6532,16233,63.50,20.778
6540,32893,63.50,20.778
6542,16233,63.50,20.778
6550,32893,63.50,20.778
6552,16233,63.50,20.778
6561,32893,63.50,20.778
6562,16233,63.50,20.778
6570,32893,63.50,20.778
6572,16233,63.50,20.778
6580,32893,63.50,20.778
6582,16233,63.50,20.778
6591,32893,63.50,20.778
6592,16233,63.50,20.778
6600,32893,63.50,20.778
6602,16233,63.50,20.778
6610,32893,63.50,20.778
6612,16233,63.50,20.778
6621,32893,63.50,20.778
6622,16233,63.50,20.778
6630,32893,63.50,20.778
6632,16233,63.50,20.778
6640,32893,63.50,20.778
6642,16233,63.50,20.778
6650,32893,63.50,20.778
6652,16233,63.50,20.778
6660,32893,63.50,20.778
6662,16233,63.50,20.778
6670,32893,63.50,20.778
6672,16233,63.50,20.778
6680,32893,63.50,20.778
6682,16233,63.50,20.778
6690,32893,63.50,20.778
6692,16233,63.50,20.778
6701,32893,63.50,20.778
6702,16233,63.50,20.778
6710,32893,63.50,20.778
6713,16233,63.50,20.778
6720,32893,63.50,20.778
6722,16233,63.50,20.778
6730,32893,63.50,20.778
6732,16233,63.50,20.778
6740,32893,63.50,20.778
6742,16233,63.50,20.778
6750,32893,63.50,20.778
6752,16233,63.50,20.778
6760,32893,63.50,20.778
6762,16233,63.50,20.778
6770,32893,63.50,20.778
6772,16233,63.50,20.778
6780,32893,63.50,20.778
6782,16233,63.50,20.778
6790,32893,63.50,20.778
6792,16233,63.50,20.778
6800,32893,63.50,20.778
6802,16233,63.50,20.778
6810,32893,63.50,20.778
6812,16233,63.50,20.778
6820,32893,63.50,20.778
6823,16233,63.50,20.778
6830,32893,63.50,20.778
6832,16233,63.50,20.778
6840,32893,63.50,20.778
6842,16233,63.50,20.778
6850,32893,63.50,20.778
6852,16233,63.50,20.778
6860,32893,63.50,20.778
6862,16233,63.50,20.778
6870,32893,63.50,20.778
6872,16233,63.50,20.778
6880,32893,63.50,20.778
6882,16233,63.50,20.778
6890,32893,63.50,20.778
6893,16233,63.50,20.778
6900,32893,63.50,20.778
6902,16233,63.50,20.778
6910,32893,63.50,20.778
6912,16233,63.50,20.778
6920,32893,63.50,20.778
6922,16233,63.50,20.778
6930,32893,63.50,20.778
6932,16233,63.50,20.778
6940,32893,63.50,20.778
6942,16233,63.50,20.778
6950,32893,63.50,20.778
6952,16233,63.50,20.778
6960,32893,63.50,20.778
6962,16233,63.50,20.778
6970,32893,63.50,20.778
6972,16233,63.50,20.778
6980,32893,63.50,20.778
6982,16233,63.50,20.778
6990,32893,63.50,20.778
6992,16233,63.50,20.778
7000,32893,63.50,20.778
7002,16233,63.50,20.778
7010,32893,63.50,20.778
7012,16233,63.50,20.778
7020,32893,63.50,20.778
7022,16233,63.50,20.778
7030,32893,63.50,20.778
7033,16233,63.50,20.778
7040,32893,63.50,20.778
7042,16233,63.50,20.778
7050,32893,63.50,20.778
7052,16233,63.50,20.778
7060,32893,63.50,20.778
7062,16233,63.50,20.778
7070,32893,63.50,20.778
7072,16233,63.50,20.778
7080,32893,63.50,20.778
7082,16233,63.50,20.778
7090,32893,63.50,20.778
7092,16233,63.50,20.778
7100,32893,63.50,20.778
7102,16233,63.50,20.778
7110,32893,63.50,20.778
7112,16233,63.50,20.778
7120,32893,63.50,20.778
7122,16233,63.50,20.778
7130,32893,63.50,20.778
7132,16233,63.50,20.778
7141,32893,63.50,20.778
7142,16233,63.50,20.778
7150,32893,63.50,20.778
7152,16233,63.50,20.778
7160,32893,63.50,20.778
7162,16233,63.50,20.778
7170,32893,63.50,20.778
7172,16233,63.50,20.778
7180,32893,63.50,20.778
7182,16233,63.50,20.778
7190,32893,63.50,20.778
7192,16233,63.50,20.778
7200,32893,63.50,20.778
7202,16233,63.50,20.778
7210,32893,63.50,20.778
7212,16233,63.50,20.778
7220,32893,63.50,20.778
7222,16233,63.50,20.778
7230,32893,63.50,20.778
7232,16233,63.50,20.778
7240,32893,63.50,20.778
7242,16233,63.50,20.778
7250,32893,63.50,20.778
7252,16233,63.50,20.778
7260,32893,63.50,20.778
7262,16233,63.50,20.778
7270,32893,63.50,20.778
7272,16233,63.50,20.778
7280,32893,63.50,20.778
7282,16233,63.50,20.778
7290,32893,63.50,20.778
7292,16233,63.50,20.778
7300,32893,63.50,20.778
7302,16233,63.50,20.778
7310,32893,63.50,20.778
7312,16233,63.50,20.778
7320,32893,63.50,20.778
7323,16233,63.50,20.778
7331,32893,63.50,20.778
7332,16233,63.50,20.778
7340,32893,63.50,20.778
7342,16233,63.50,20.778
7350,32893,63.50,20.778
7352,16233,63.50,20.778
7360,32893,63.50,20.778
7362,16233,63.50,20.778
7370,32893,63.50,20.778
7372,16233,63.50,20.778
7380,32893,63.50,20.778
7382,16233,63.50,20.778
7391,32893,63.50,20.778
7392,16233,63.50,20.778
7400,32893,63.50,20.778
7402,16233,63.50,20.778
7411,32893,63.50,20.778
7412,16233,63.50,20.778
7421,32893,63.50,20.778
7423,16233,63.50,20.778
7430,32893,63.50,20.778
7432,16233,63.50,20.778
7440,32893,63.50,20.778
7442,16233,63.50,20.778
7450,32893,63.50,20.778
7452,16233,63.50,20.778
7460,32893,63.50,20.778
7462,16233,63.50,20.778
7470,32893,63.50,20.778
7472,16233,63.50,20.778
7480,32893,63.50,20.778
7482,16233,63.50,20.778
7490,32893,63.50,20.778
7492,16233,63.50,20.778
7500,32893,63.50,20.778
7502,16233,63.50,20.778
7510,32893,63.50,20.778
7512,16233,63.50,20.778
7520,32893,63.50,20.778
7522,16233,63.50,20.778
7530,32893,63.50,20.778
7532,16233,63.50,20.778
7540,32893,63.50,20.778
7542,16233,63.50,20.778
7550,32893,63.50,20.778
7552,16233,63.50,20.778
7560,32893,63.50,20.778
7562,16233,63.50,20.778
7570,32893,63.50,20.778
7572,16233,63.50,20.778
7580,32893,63.50,20.778
7582,16233,63.50,20.778
7590,32893,63.50,20.778
7592,16233,63.50,20.778
7600,32893,63.50,20.778
7602,16233,63.50,20.778
7610,32893,63.50,20.778
7612,16233,63.50,20.778
7620,32893,63.50,20.778
7622,16233,63.50,20.778
7630,32893,63.50,20.778
7632,16233,63.50,20.778
7640,32893,63.50,20.778
7642,16233,63.50,20.778
7650,32893,63.50,20.778
7652,16233,63.50,20.778
7660,32893,63.50,20.778
7662,16233,63.50,20.778
7670,32893,63.50,20.778
7672,16233,63.50,20.778
7680,32893,63.50,20.778
7682,16233,63.50,20.778
7690,32893,63.50,20.778
7692,16233,63.50,20.778
7700,32893,63.50,20.778
7702,16233,63.50,20.778
7711,32893,63.50,20.778
7712,16233,63.50,20.778
7720,32893,63.50,20.778
7722,16233,63.50,20.778
7730,32893,63.50,20.778
7732,16233,63.50,20.778
7740,32893,63.50,20.778
7742,16233,63.50,20.778
7750,32893,63.50,20.778
7752,16233,63.50,20.778
7760,32893,63.50,20.778
7762,16233,63.50,20.778
7771,32893,63.50,20.778
7772,16233,63.50,20.778
7780,32893,63.50,20.778
7782,16233,63.50,20.778
7791,32893,63.50,20.778
7792,16233,63.50,20.778
7800,32893,63.50,20.778
7802,16233,63.50,20.778
7810,32893,63.50,20.778
7812,16233,63.50,20.778
7820,32893,63.50,20.778
7822,16233,63.50,20.778
7830,32893,63.50,20.778
7832,16233,63.50,20.778
7840,32893,63.50,20.778
7842,16233,63.50,20.778
7850,32893,63.50,20.778
7852,16233,63.50,20.778
7860,32893,63.50,20.778
7862,16233,63.50,20.778
7870,32893,63.50,20.778
7872,16233,63.50,20.778
7880,32893,63.50,20.778
7882,16233,63.50,20.778
7890,32893,63.50,20.778
7892,16233,63.50,20.778
7900,32893,63.50,20.778
7902,16233,63.50,20.778
7910,32893,63.50,20.778
7912,16233,63.50,20.778
7920,32893,63.50,20.778
7922,16233,63.50,20.778
7930,32893,63.50,20.778
7932,16233,63.50,20.778
7940,32893,63.50,20.778
7942,16233,63.50,20.778
7950,32893,63.50,20.778
7952,16233,63.50,20.778
7960,32893,63.50,20.778
7962,16233,63.50,20.778
7970,32893,63.50,20.778
7972,16233,63.50,20.778
7980,32893,63.50,20.778
7982,16233,63.50,20.778
7990,32893,63.50,20.778
7992,16233,63.50,20.778
8000,32893,63.50,20.778
8002,16233,63.50,20.778
8011,32893,63.50,20.778
8012,16233,63.50,20.778
8020,32893,63.50,20.778
8022,16233,63.50,20.778
8031,32893,63.50,20.778
8032,16233,63.50,20.778
8040,32893,63.50,20.778
8042,16233,63.50,20.778
8050,32893,63.50,20.778
8052,16233,63.50,20.778
8060,32893,63.50,20.778
8062,16233,63.50,20.778
8070,32893,63.50,20.778
8072,16233,63.50,20.778
8080,32893,63.50,20.778
8082,16233,63.50,20.778
8090,32893,63.50,20.778
8092,16233,63.50,20.778
8100,32893,63.50,20.778
8102,16233,63.50,20.778
8110,32893,63.50,20.778
8112,16233,63.50,20.778
8120,32893,63.50,20.778
8122,16233,63.50,20.778
8130,32893,63.50,20.778
8132,16233,63.50,20.778
8140,32893,63.50,20.778
8142,16233,63.50,20.778
8150,32893,63.50,20.778
8152,16233,63.50,20.778
8160,32893,63.50,20.778
8162,16233,63.50,20.778
8170,32893,63.50,20.778
8172,16233,63.50,20.778
8180,32893,63.50,20.778
8182,16233,63.50,20.778
8190,32893,63.50,20.778
8192,16233,63.50,20.778
8200,32893,63.50,20.778
8202,16233,63.50,20.778
8210,32893,63.50,20.778
8212,16233,63.50,20.778
8220,32893,63.50,20.778
8222,16233,63.50,20.778
8230,32893,63.50,20.778
8232,16233,63.50,20.778
8240,32893,63.50,20.778
8242,16233,63.50,20.778
8250,32893,63.50,20.778
8252,16233,63.50,20.778
8260,32893,63.50,20.778
8262,16233,63.50,20.778
8270,32893,63.50,20.778
8272,16233,63.50,20.778
8280,32893,63.50,20.778
8282,16233,63.50,20.778
8291,32893,63.50,20.778
8292,16233,63.50,20.778
8300,32893,63.50,20.778
8302,16233,63.50,20.778
8310,32893,63.50,20.778
8312,16233,63.50,20.778
8320,32893,63.50,20.778
8322,16233,63.50,20.778
8330,32893,63.50,20.778
8332,16233,63.50,20.778
8340,32893,63.50,20.778
8342,16233,63.50,20.778
8350,32893,63.50,20.778
8352,16233,63.50,20.778
8360,32893,63.50,20.778
8362,16233,63.50,20.778
8370,32893,63.50,20.778
8372,16233,63.50,20.778
8380,32893,63.50,20.778
8382,16233,63.50,20.778
8391,32893,63.50,20.778
8392,16233,63.50,20.778
8400,32893,63.50,20.778
8402,16233,63.50,20.778
8410,32893,63.50,20.778
8412,16233,63.50,20.778
8420,32893,63.50,20.778
8422,16233,63.50,20.778
8430,32893,63.50,20.778
8432,16233,63.50,20.778
8441,32893,63.50,20.778
8442,16233,63.50,20.778
8451,32893,63.50,20.778
8452,16233,63.50,20.778
8460,32893,63.50,20.778
8462,16233,63.50,20.778
8470,32893,63.50,20.778
8472,16233,63.50,20.778
8481,32893,63.50,20.778
8482,16233,63.50,20.778
8490,32893,63.50,20.778
8492,16233,63.50,20.778
8501,32893,63.50,20.778
8502,16233,63.50,20.778
8510,32893,63.50,20.778
8512,16233,63.50,20.778
8520,32893,63.50,20.778
8522,16233,63.50,20.778
8530,32893,63.50,20.778
8532,16233,63.50,20.778
8541,32893,63.50,20.778
8542,16233,63.50,20.778
8550,32893,63.50,20.778
8552,16233,63.50,20.778
8560,32893,63.50,20.778
8562,16233,63.50,20.778
8570,32893,63.50,20.778
8572,16233,63.50,20.778
8580,32893,63.50,20.778
8582,16233,63.50,20.778
8590,32893,63.50,20.778
8592,16233,63.50,20.778
8600,32893,63.50,20.778
8602,16233,63.50,20.778
8611,32893,63.50,20.778
8612,16233,63.50,20.778
8621,32893,63.50,20.778
8622,16233,63.50,20.778
8631,32893,63.50,20.778
8632,16233,63.50,20.778
8640,32893,63.50,20.778
8642,16233,63.50,20.778
8650,32893,63.50,20.778
8652,16233,63.50,20.778
8660,32893,63.50,20.778
8662,16233,63.50,20.778
8670,32893,63.50,20.778
8672,16233,63.50,20.778
8680,32893,63.50,20.778
8682,16233,63.50,20.778
8691,32893,63.50,20.778
8692,16233,63.50,20.778
8701,32893,63.50,20.778
8702,16233,63.50,20.778
8710,32893,63.50,20.778
8712,16233,63.50,20.778
8720,32893,63.50,20.778
8722,16233,63.50,20.778
8730,32893,63.50,20.778
8732,16233,63.50,20.778
8740,32893,63.50,20.778
8742,16233,63.50,20.778
8750,32893,63.50,20.778
8752,16233,63.50,20.778
8760,32893,63.50,20.778
8762,16233,63.50,20.778
8770,32893,63.50,20.778
8772,16233,63.50,20.778
8780,32893,63.50,20.778
8782,16233,63.50,20.778
8790,32893,63.50,20.778
8792,16233,63.50,20.778
8801,32893,63.50,20.778
8802,16233,63.50,20.778
8811,32893,63.50,20.778
8812,16233,63.50,20.778
8820,32893,63.50,20.778
8822,16233,63.50,20.778
8830,32893,63.50,20.778
8832,16233,63.50,20.778
8840,32893,63.50,20.778
8842,16233,63.50,20.778
8850,32893,63.50,20.778
8852,16233,63.50,20.778
8860,32893,63.50,20.778
8862,16233,63.50,20.778
8870,32893,63.50,20.778
8873,16233,63.50,20.778
8881,32893,63.50,20.778
8882,16233,63.50,20.778
8890,32893,63.50,20.778
8892,16233,63.50,20.778
8900,32893,63.50,20.778
8902,16233,63.50,20.778
8910,32893,63.50,20.778
8912,16233,63.50,20.778
8920,32893,63.50,20.778
8922,16233,63.50,20.778
8930,32893,63.50,20.778
8932,16233,63.50,20.778
8940,32893,63.50,20.778
8942,16233,63.50,20.778
8950,32893,63.50,20.778
8952,16233,63.50,20.778
8960,32893,63.50,20.778
8962,16233,63.50,20.778
8970,32893,63.50,20.778
8972,16233,63.50,20.778
8980,32893,63.50,20.778
8982,16233,63.50,20.778
8990,32893,63.50,20.778
8992,16233,63.50,20.778
9000,32893,63.50,20.778
9002,16233,63.50,20.778
9010,32893,63.50,20.778
9012,16233,63.50,20.778
9020,32893,63.50,20.778
9022,16233,63.50,20.778
9030,32893,63.50,20.778
9032,16233,63.50,20.778
9040,32893,63.50,20.778
9042,16233,63.50,20.778
9050,32893,63.50,20.778
9052,16233,63.50,20.778
9060,32893,63.50,20.778
9062,16233,63.50,20.778
9070,32893,63.50,20.778
9072,16233,63.50,20.778
9080,32893,63.50,20.778
9082,16233,63.50,20.778
9090,32893,63.50,20.778
9092,16233,63.50,20.778
9101,32893,63.50,20.778
9102,16233,63.50,20.778
9110,32893,63.50,20.778
9112,16233,63.50,20.778
9120,32893,63.50,20.778
9122,16233,63.50,20.778
9130,32893,63.50,20.778
9132,16233,63.50,20.778
9140,32893,63.50,20.778
9142,16233,63.50,20.778
9150,32893,63.50,20.778
9152,16233,63.50,20.778
9160,32893,63.50,20.778
9162,16233,63.50,20.778
9171,32893,63.50,20.778
9172,16233,63.50,20.778
9180,32893,63.50,20.778
9182,16233,63.50,20.778
9190,32893,63.50,20.778
9192,16233,63.50,20.778
9200,32893,63.50,20.778
9202,16233,63.50,20.778
9210,32893,63.50,20.778
9212,16233,63.50,20.778
9220,32893,63.50,20.778
9222,16233,63.50,20.778
9230,32893,63.50,20.778
9232,16233,63.50,20.778
9240,32893,63.50,20.778
9242,16233,63.50,20.778
9250,32893,63.50,20.778
9252,16233,63.50,20.778
9260,32893,63.50,20.778
9262,16233,63.50,20.778
9270,32893,63.50,20.778
9272,16233,63.50,20.778
9280,32893,63.50,20.778
9282,16233,63.50,20.778
9290,32893,63.50,20.778
9292,16233,63.50,20.778
9300,32893,63.50,20.778
9302,16233,63.50,20.778
9310,32893,63.50,20.778
9312,16233,63.50,20.778
9320,32893,63.50,20.778
9322,16233,63.50,20.778
9330,32893,63.50,20.778
9332,16233,63.50,20.778
9341,32893,63.50,20.778
9342,16233,63.50,20.778
9350,32893,63.50,20.778
9352,16233,63.50,20.778
9360,32893,63.50,20.778
9362,16233,63.50,20.778
9370,32893,63.50,20.778
9372,16233,63.50,20.778
9380,32893,63.50,20.778
9382,16233,63.50,20.778
9390,32893,63.50,20.778
9392,16233,63.50,20.778
9400,32893,63.50,20.778
9402,16233,63.50,20.778
9410,32893,63.50,20.778
9412,16233,63.50,20.778
9420,32893,63.50,20.778
9422,16233,63.50,20.778
9430,32893,63.50,20.778
9432,16233,63.50,20.778
9440,32893,63.50,20.778
9442,16233,63.50,20.778
9450,32893,63.50,20.778
9452,16233,63.50,20.778
9462,32893,63.50,20.778
9463,16233,63.50,20.778
9470,32893,63.50,20.778
9472,16233,63.50,20.778
9480,32893,63.50,20.778
9482,16233,63.50,20.778
9490,32893,63.50,20.778
9492,16233,63.50,20.778
9500,32893,63.50,20.778
9502,16233,63.50,20.778
9511,32893,63.50,20.778
9512,16233,63.50,20.778
9520,32893,63.50,20.778
9522,16233,63.50,20.778
9530,32893,63.50,20.778
9532,16233,63.50,20.778
9540,32893,63.50,20.778
9542,16233,63.50,20.778
9550,32893,63.50,20.778
9552,16233,63.50,20.778
9560,32893,63.50,20.778
9562,16233,63.50,20.778
9570,32893,63.50,20.778
9572,16233,63.50,20.778
9580,32893,63.50,20.778
9582,16233,63.50,20.778
9590,32893,63.50,20.778
9592,16233,63.50,20.778
9600,32893,63.50,20.778
9602,16233,63.50,20.778
9610,32893,63.50,20.778
9612,16233,63.50,20.778
9621,32893,63.50,20.778
9622,16233,63.50,20.778
9630,32893,63.50,20.778
9632,16233,63.50,20.778
9640,32893,63.50,20.778
9642,16233,63.50,20.778
9650,32893,63.50,20.778
9652,16233,63.50,20.778
9660,32893,63.50,20.778
9662,16233,63.50,20.778
9670,32893,63.50,20.778
9672,16233,63.50,20.778
9680,32893,63.50,20.778
9682,16233,63.50,20.778
9690,32893,63.50,20.778
9692,16233,63.50,20.778
9700,32893,63.50,20.778
9702,16233,63.50,20.778
9710,32893,63.50,20.778
9712,16233,63.50,20.778
9720,32893,63.50,20.778
9722,16233,63.50,20.778
9730,32893,63.50,20.778
9732,16233,63.50,20.778
9740,32893,63.50,20.778
9742,16233,63.50,20.778
9751,32893,63.50,20.778
9752,16233,63.50,20.778
9760,32893,63.50,20.778
9762,16233,63.50,20.778
9770,32893,63.50,20.778
9773,16233,63.50,20.778
9780,32893,63.50,20.778
9782,16233,63.50,20.778
9790,32893,63.50,20.778
9792,16233,63.50,20.778
9800,32893,63.50,20.778
9802,16233,63.50,20.778
9810,32893,63.50,20.778
9812,16233,63.50,20.778
9820,32893,63.50,20.778
9822,16233,63.50,20.778
9830,32893,63.50,20.778
9832,16233,63.50,20.778
9840,32893,63.50,20.778
9842,16233,63.50,20.778
9850,32893,63.50,20.778
9852,16233,63.50,20.778
9860,32893,63.50,20.778
9862,16233,63.50,20.778
9870,32893,63.50,20.778
9872,16233,63.50,20.778
9880,32893,63.50,20.778
9882,16233,63.50,20.778
9890,32893,63.50,20.778
9892,16233,63.50,20.778
9900,32893,63.50,20.778
9902,16233,63.50,20.778
9910,32893,63.50,20.778
9912,16233,63.50,20.778
9920,32893,63.50,20.778
9922,16233,63.50,20.778
9930,32893,63.50,20.778
9932,16233,63.50,20.778
9940,32893,63.50,20.778
9942,16233,63.50,20.778
9950,32893,63.50,20.778
9952,16233,63.50,20.778
9960,32893,63.50,20.778
9962,16233,63.50,20.778
9970,32893,63.50,20.778
9972,16233,63.50,20.778
9980,32893,63.50,20.778
9982,16233,63.50,20.778
9990,32893,63.50,20.778
9992,16233,63.50,20.778
10000,32893,63.50,20.778
10002,16233,63.50,20.778
10010,32893,63.50,20.778
10012,16233,63.50,20.778
10020,32893,63.50,20.778
10022,16233,63.50,20.778
10030,32893,63.50,20.778
10032,16233,63.50,20.778
10040,32893,63.50,20.778
10042,16233,63.50,20.778
10050,32893,63.50,20.778
10052,16233,63.50,20.778
10060,32893,63.50,20.778
10062,16233,63.50,20.778
10070,32893,63.50,20.778
10072,16233,63.50,20.778
10080,32893,63.50,20.778
10082,16233,63.50,20.778
10090,32893,63.50,20.778
10092,16233,63.50,20.778
10101,32893,63.50,20.778
10102,16233,63.50,20.778
10110,32893,63.50,20.778
10112,16233,63.50,20.778
10120,32893,63.50,20.778
10122,16233,63.50,20.778
10130,32893,63.50,20.778
10132,16233,63.50,20.778
10140,32893,63.50,20.778
10142,16233,63.50,20.778
10150,32893,63.50,20.778
10152,16233,63.50,20.778
10160,32893,63.50,20.778
10162,16233,63.50,20.778
10170,32893,63.50,20.778
10172,16233,63.50,20.778
10180,32893,63.50,20.778
10182,16233,63.50,20.778
10190,32893,63.50,20.778
10192,16233,63.50,20.778
10200,32893,63.50,20.778
10202,16233,63.50,20.778
10210,32893,63.50,20.778
10212,16233,63.50,20.778
10221,32893,63.50,20.778
10222,16233,63.50,20.778
10230,32893,63.50,20.778
10232,16233,63.50,20.778
10240,32893,63.50,20.778
10242,16233,63.50,20.778
10250,32893,63.50,20.778
10252,16233,63.50,20.778
10260,32893,63.50,20.778
10262,16233,63.50,20.778
10270,32893,63.50,20.778
10272,16233,63.50,20.778
10280,32893,63.50,20.778
10282,16233,63.50,20.778
10290,32893,63.50,20.778
10292,16233,63.50,20.778
10300,32893,63.50,20.778
10302,16233,63.50,20.778
10310,32893,63.50,20.778
10312,16233,63.50,20.778
10320,32893,63.50,20.778
10322,16233,63.50,20.778
10330,32893,63.50,20.778
10332,16233,63.50,20.778
10340,32893,63.50,20.778
10342,16233,63.50,20.778
10351,32893,63.50,20.778
10352,16233,63.50,20.778
10360,32893,63.50,20.778
10362,16233,63.50,20.778
10370,32893,63.50,20.778
10372,16233,63.50,20.778
10380,32893,63.50,20.778
10382,16233,63.50,20.778
10390,32893,63.50,20.778
10392,16233,63.50,20.778
10400,32893,63.50,20.778
10402,16233,63.50,20.778
10410,32893,63.50,20.778
10412,16233,63.50,20.778
10420,32893,63.50,20.778
10422,16233,63.50,20.778
10430,32893,63.50,20.778
10432,16233,63.50,20.778
10440,32893,63.50,20.778
10442,16233,63.50,20.778
10450,32893,63.50,20.778
10452,16233,63.50,20.778
10460,32893,63.50,20.778
10462,16233,63.50,20.778
10470,32893,63.50,20.778
10472,16233,63.50,20.778
10480,32893,63.50,20.778
10482,16233,63.50,20.778
10490,32893,63.50,20.778
10492,16233,63.50,20.778
10500,32893,63.50,20.778
10502,16233,63.50,20.778
10510,32893,63.50,20.778
10512,16233,63.50,20.778
10520,32893,63.50,20.778
10522,16233,63.50,20.778
10530,32893,63.50,20.778
10532,16233,63.50,20.778
10540,32893,63.50,20.778
10542,16233,63.50,20.778
10550,32893,63.50,20.778
10552,16233,63.50,20.778
10560,32893,63.50,20.778
10562,16233,63.50,20.778
10571,32893,63.50,20.778
10572,16233,63.50,20.778
10580,32893,63.50,20.778
10582,16233,63.50,20.778
10590,32893,63.50,20.778
10592,16233,63.50,20.778
10600,32893,63.50,20.778
10602,16233,63.50,20.778
10610,32893,63.50,20.778
10612,16233,63.50,20.778
10620,32893,63.50,20.778
10622,16233,63.50,20.778
10630,32893,63.50,20.778
10632,16233,63.50,20.778
10640,32893,63.50,20.778
10642,16233,63.50,20.778
10650,32893,63.50,20.778
10652,16233,63.50,20.778
10660,32893,63.50,20.778
10662,16233,63.50,20.778
10670,32893,63.50,20.778
10672,16233,63.50,20.778
10680,32893,63.50,20.778
10682,16233,63.50,20.778
10691,32893,63.50,20.778
10692,16233,63.50,20.778
10700,32893,63.50,20.778
10702,16233,63.50,20.778
10710,32893,63.50,20.778
10712,16233,63.50,20.778
10720,32893,63.50,20.778
10722,16233,63.50,20.778
10730,32893,63.50,20.778
10732,16233,63.50,20.778
10741,32893,63.50,20.778
10742,16233,63.50,20.778
10750,32893,63.50,20.778
10752,16233,63.50,20.778
10760,32893,63.50,20.778
10762,16233,63.50,20.778
10770,32893,63.50,20.778
10772,16233,63.50,20.778
10780,32893,63.50,20.778
10782,16233,63.50,20.778
10790,32893,63.50,20.778
10792,16233,63.50,20.778
10800,32893,63.50,20.778
10802,16233,63.50,20.778
10810,32893,63.50,20.778
10812,16233,63.50,20.778
10820,32893,63.50,20.778
10822,16233,63.50,20.778
10830,32893,63.50,20.778
10832,16233,63.50,20.778
10840,32893,63.50,20.778
10842,16233,63.50,20.778
10850,32893,63.50,20.778
10852,16233,63.50,20.778
10860,32893,63.50,20.778
10862,16233,63.50,20.778
10870,32893,63.50,20.778
10872,16233,63.50,20.778
10880,32893,63.50,20.778
10882,16233,63.50,20.778
10892,16233,63.50,20.778
10892,32893,63.50,20.778
10900,32893,63.50,20.778
10902,16233,63.50,20.778
10910,32893,63.50,20.778
10912,16233,63.50,20.778
10920,32893,63.50,20.778
10922,16233,63.50,20.778
10930,32893,63.50,20.778
10932,16233,63.50,20.778
10940,32893,63.50,20.778
10942,16233,63.50,20.778
10950,32893,63.50,20.778
10952,16233,63.50,20.778
10960,32893,63.50,20.778
10962,16233,63.50,20.778
10970,32893,63.50,20.778
10972,16233,63.50,20.778
10980,32893,63.50,20.778
10982,16233,63.50,20.778
10990,32893,63.50,20.778
10992,16233,63.50,20.778
11000,32893,63.50,20.778
11002,16233,63.50,20.778
11010,32893,63.50,20.778
11012,16233,63.50,20.778
11020,32893,63.50,20.778
11022,16233,63.50,20.778
11030,32893,63.50,20.778
11033,16233,63.50,20.778
11040,32893,63.50,20.778
11042,16233,63.50,20.778
11050,32893,63.50,20.778
11052,16233,63.50,20.778
11060,32893,63.50,20.778
11062,16233,63.50,20.778
11070,32893,63.50,20.778
11072,16233,63.50,20.778
11080,32893,63.50,20.778
11082,16233,63.50,20.778
11090,32893,63.50,20.778
11092,16233,63.50,20.778
11100,32893,63.50,20.778
11102,16233,63.50,20.778
11111,32893,63.50,20.778
11112,16233,63.50,20.778
11120,32893,63.50,20.778
11122,16233,63.50,20.778
11130,32893,63.50,20.778
11132,16233,63.50,20.778
11140,32893,63.50,20.778
11142,16233,63.50,20.778
11150,32893,63.50,20.778
11152,16233,63.50,20.778
11160,32893,63.50,20.778
11162,16233,63.50,20.778
11170,32893,63.50,20.778
11172,16233,63.50,20.778
11180,32893,63.50,20.778
11182,16233,63.50,20.778
11190,32893,63.50,20.778
11192,16233,63.50,20.778
11200,32893,63.50,20.778
11202,16233,63.50,20.778
11210,32893,63.50,20.778
11212,16233,63.50,20.778
11220,32893,63.50,20.778
11223,16233,63.50,20.778
11230,32893,63.50,20.778
11232,16233,63.50,20.778
11240,32893,63.50,20.778
11242,16233,63.50,20.778
11250,32893,63.50,20.778
11252,16233,63.50,20.778
11260,32893,63.50,20.778
11262,16233,63.50,20.778
11270,32893,63.50,20.778
11272,16233,63.50,20.778
11281,32893,63.50,20.778
11282,16233,63.50,20.778
11290,32893,63.50,20.778
11292,16233,63.50,20.778
11300,32893,63.50,20.778
11302,16233,63.50,20.778
11310,32893,63.50,20.778
11312,16233,63.50,20.778
11320,32893,63.50,20.778
11322,16233,63.50,20.778
11330,32893,63.50,20.778
11332,16233,63.50,20.778
11340,32893,63.50,20.778
11342,16233,63.50,20.778
11350,32893,63.50,20.778
11352,16233,63.50,20.778
11360,32893,63.50,20.778
11362,16233,63.50,20.778
11370,32893,63.50,20.778
11372,16233,63.50,20.778
11380,32893,63.50,20.778
11382,16233,63.50,20.778
11390,32893,63.50,20.778
11392,16233,63.50,20.778
11400,32893,63.50,20.778
11402,16233,63.50,20.778
11410,32893,63.50,20.778
11412,16233,63.50,20.778
11420,32893,63.50,20.778
11422,16233,63.50,20.778
11430,32893,63.50,20.778
11433,16233,63.50,20.778
11441,32893,63.50,20.778
11442,16233,63.50,20.778
11450,32893,63.50,20.778
11452,16233,63.50,20.778
11460,32893,63.50,20.778
11462,16233,63.50,20.778
11470,32893,63.50,20.778
11472,16233,63.50,20.778
11480,32893,63.50,20.778
11482,16233,63.50,20.778
11490,32893,63.50,20.778
11492,16233,63.50,20.778
11500,32893,63.50,20.778
11502,16233,63.50,20.778
11510,32893,63.50,20.778
11512,16233,63.50,20.778
11520,32893,63.50,20.778
11522,16233,63.50,20.778
11530,32893,63.50,20.778
11532,16233,63.50,20.778
11540,32893,63.50,20.778
11542,16233,63.50,20.778
11550,32893,63.50,20.778
11552,16233,63.50,20.778
11560,32893,63.50,20.778
11562,16233,63.50,20.778
11570,32893,63.50,20.778
11572,16233,63.50,20.778
11580,32893,63.50,20.778
11582,16233,63.50,20.778
11591,32893,63.50,20.778
11592,16233,63.50,20.778
11600,32893,63.50,20.778
11602,16233,63.50,20.778
11610,32893,63.50,20.778
11612,16233,63.50,20.778
11621,32893,63.50,20.778
11622,16233,63.50,20.778
11630,32893,63.50,20.778
11632,16233,63.50,20.778
11640,32893,63.50,20.778
11642,16233,63.50,20.778
11650,32893,63.50,20.778
11652,16233,63.50,20.778
11660,32893,63.50,20.778
11662,16233,63.50,20.778
11670,32893,63.50,20.778
11672,16233,63.50,20.778
11680,32893,63.50,20.778
11682,16233,63.50,20.778
11690,32893,63.50,20.778
11692,16233,63.50,20.778
11700,32893,63.50,20.778
11702,16233,63.50,20.778
11710,32893,63.50,20.778
11712,16233,63.50,20.778
11721,32893,63.50,20.778
11722,16233,63.50,20.778
11730,32893,63.50,20.778
11732,16233,63.50,20.778
11740,32893,63.50,20.778
11742,16233,63.50,20.778
11750,32893,63.50,20.778
11752,16233,63.50,20.778
11760,32893,63.50,20.778
11762,16233,63.50,20.778
11770,32893,63.50,20.778
11772,16233,63.50,20.778
11780,32893,63.50,20.778
11782,16233,63.50,20.778
11790,32893,63.50,20.778
11792,16233,63.50,20.778
11800,32893,63.50,20.778
11802,16233,63.50,20.778
11810,32893,63.50,20.778
11812,16233,63.50,20.778
11820,32893,63.50,20.778
11822,16233,63.50,20.778
11830,32893,63.50,20.778
11832,16233,63.50,20.778
11840,32893,63.50,20.778
11842,16233,63.50,20.778
11850,32893,63.50,20.778
11852,16233,63.50,20.778
11860,32893,63.50,20.778
11862,16233,63.50,20.778
11870,32893,63.50,20.778
11872,16233,63.50,20.778
11880,32893,63.50,20.778
11882,16233,63.50,20.778
11890,32893,63.50,20.778
11892,16233,63.50,20.778
11900,32893,63.50,20.778
11902,16233,63.50,20.778
11910,32893,63.50,20.778
11912,16233,63.50,20.778
11920,32893,63.50,20.778
11922,16233,63.50,20.778
11930,32893,63.50,20.778
11932,16233,63.50,20.778
11940,32893,63.50,20.778
11942,16233,63.50,20.778
11950,32893,63.50,20.778
11952,16233,63.50,20.778
11960,32893,63.50,20.778
11962,16233,63.50,20.778
11970,32893,63.50,20.778
11972,16233,63.50,20.778
11980,32893,63.50,20.778
11982,16233,63.50,20.778
11990,32893,63.50,20.778
11992,16233,63.50,20.778
12000,32893,63.50,20.778
12002,16233,63.50,20.778
12010,32893,63.50,20.778
12012,16233,63.50,20.778
12021,32893,63.50,20.778
12022,16233,63.50,20.778
12030,32893,63.50,20.778
12032,16233,63.50,20.778
12040,32893,63.50,20.778
12042,16233,63.50,20.778
12050,32893,63.50,20.778
12052,16233,63.50,20.778
12060,32893,63.50,20.778
12062,16233,63.50,20.778
12070,32893,63.50,20.778
12072,16233,63.50,20.778
12080,32893,63.50,20.778
12082,16233,63.50,20.778
12090,32893,63.50,20.778
12092,16233,63.50,20.778
12100,32893,63.50,20.778
12102,16233,63.50,20.778
12110,32893,63.50,20.778
12112,16233,63.50,20.778
12120,32893,63.50,20.778
12122,16233,63.50,20.778
12130,32893,63.50,20.778
12132,16233,63.50,20.778
12140,32893,63.50,20.778
12142,16233,63.50,20.778
12151,32893,63.50,20.778
12153,16233,63.50,20.778
12160,32893,63.50,20.778
12162,16233,63.50,20.778
12170,32893,63.50,20.778
12172,16233,63.50,20.778
12180,32893,63.50,20.778
12182,16233,63.50,20.778
12190,32893,63.50,20.778
12192,16233,63.50,20.778
12200,32893,63.50,20.778
12202,16233,63.50,20.778
12210,32893,63.50,20.778
12212,16233,63.50,20.778
12221,32893,63.50,20.778
12222,16233,63.50,20.778
12230,32893,63.50,20.778
12232,16233,63.50,20.778
12240,32893,63.50,20.778
12242,16233,63.50,20.778
12250,32893,63.50,20.778
12252,16233,63.50,20.778
12260,32893,63.50,20.778
12262,16233,63.50,20.778
12270,32893,63.50,20.778
12272,16233,63.50,20.778
12280,32893,63.50,20.778
12282,16233,63.50,20.778
12290,32893,63.50,20.778
12292,16233,63.50,20.778
12300,32893,63.50,20.778
12302,16233,63.50,20.778
12311,32893,63.50,20.778
12312,16233,63.50,20.778
12321,32893,63.50,20.778
12322,16233,63.50,20.778
12330,32893,63.50,20.778
12332,16233,63.50,20.778
12340,32893,63.50,20.778
12342,16233,63.50,20.778
12350,32893,63.50,20.778
12352,16233,63.50,20.778
12360,32893,63.50,20.778
12362,16233,63.50,20.778
12370,32893,63.50,20.778
12372,16233,63.50,20.778
12380,32893,63.50,20.778
12382,16233,63.50,20.778
12390,32893,63.50,20.778
12392,16233,63.50,20.778
12400,32893,63.50,20.778
12402,16233,63.50,20.778
12410,32893,63.50,20.778
12412,16233,63.50,20.778
12420,32893,63.50,20.778
12422,16233,63.50,20.778
12430,32893,63.50,20.778
12432,16233,63.50,20.778
12440,32893,63.50,20.778
12442,16233,63.50,20.778
12450,32893,63.50,20.778
12452,16233,63.50,20.778
12460,32893,63.50,20.778
12462,16233,63.50,20.778
12470,32893,63.50,20.778
12472,16233,63.50,20.778
12480,32893,63.50,20.778
12482,16233,63.50,20.778
12490,32893,63.50,20.778
12492,16233,63.50,20.778
12500,32893,63.50,20.778
12502,16233,63.50,20.778
12510,32893,63.50,20.778
12512,16233,63.50,20.778
12520,32893,63.50,20.778
12522,16233,63.50,20.778
12530,32893,63.50,20.778
12532,16233,63.50,20.778
12540,32893,63.50,20.778
12542,16233,63.50,20.778
12550,32893,63.50,20.778
12553,16233,63.50,20.778
12560,32893,63.50,20.778
12562,16233,63.50,20.778
12570,32893,63.50,20.778
12572,16233,63.50,20.778
12580,32893,63.50,20.778
12582,16233,63.50,20.778
12590,32893,63.50,20.778
12592,16233,63.50,20.778
12600,32893,63.50,20.778
12603,16233,63.50,20.778
12610,32893,63.50,20.778
12612,16233,63.50,20.778
12620,32893,63.50,20.778
12622,16233,63.50,20.778
12630,32893,63.50,20.778
12632,16233,63.50,20.778
12640,32893,63.50,20.778
12642,16233,63.50,20.778
12650,32893,63.50,20.778
12652,16233,63.50,20.778
12660,32893,63.50,20.778
12662,16233,63.50,20.778
12670,32893,63.50,20.778
12672,16233,63.50,20.778
12680,32893,63.50,20.778
12682,16233,63.50,20.778
12690,32893,63.50,20.778
12692,16233,63.50,20.778
12700,32893,63.50,20.778
12702,16233,63.50,20.778
12711,32893,63.50,20.778
12712,16233,63.50,20.778
12720,32893,63.50,20.778
12722,16233,63.50,20.778
12730,32893,63.50,20.778
12732,16233,63.50,20.778
12740,32893,63.50,20.778
12742,16233,63.50,20.778
12751,32893,63.50,20.778
12752,16233,63.50,20.778
12760,32893,63.50,20.778
12762,16233,63.50,20.778
12770,32893,63.50,20.778
12772,16233,63.50,20.778
12780,32893,63.50,20.778
12782,16233,63.50,20.778
12791,32893,63.50,20.778
12792,16233,63.50,20.778
12800,32893,63.50,20.778
12802,16233,63.50,20.778
12810,32893,63.50,20.778
12812,16233,63.50,20.778
12820,32893,63.50,20.778
12822,16233,63.50,20.778
12830,32893,63.50,20.778
12832,16233,63.50,20.778
12840,32893,63.50,20.778
12842,16233,63.50,20.778
12851,32893,63.50,20.778
12852,16233,63.50,20.778
12860,32893,63.50,20.778
12862,16233,63.50,20.778
12871,32893,63.50,20.778
12872,16233,63.50,20.778
12880,32893,63.50,20.778
12882,16233,63.50,20.778
12890,32893,63.50,20.778
12892,16233,63.50,20.778
12900,32893,63.50,20.778
12902,16233,63.50,20.778
12910,32893,63.50,20.778
12912,16233,63.50,20.778
12920,32893,63.50,20.778
12922,16233,63.50,20.778
12930,32893,63.50,20.778
12932,16233,63.50,20.778
12941,32893,63.50,20.778
12942,16233,63.50,20.778
12950,32893,63.50,20.778
12952,16233,63.50,20.778
12961,32893,63.50,20.778
12963,16233,63.50,20.778
12971,32893,63.50,20.778
12972,16233,63.50,20.778
12980,32893,63.50,20.778
12982,16233,63.50,20.778
12990,32893,63.50,20.778
12992,16233,63.50,20.778
13000,32893,63.50,20.778
13002,16233,63.50,20.778
13010,32893,63.50,20.778
13012,16233,63.50,20.778
13020,32893,63.50,20.778
13022,16233,63.50,20.778
13030,32893,63.50,20.778
13032,16233,63.50,20.778
13040,32893,63.50,20.778
13042,16233,63.50,20.778
13050,32893,63.50,20.778
13052,16233,63.50,20.778
13060,32893,63.50,20.778
13062,16233,63.50,20.778
13070,32893,63.50,20.778
13072,16233,63.50,20.778
13080,32893,63.50,20.778
13082,16233,63.50,20.778
13090,32893,63.50,20.778
13092,16233,63.50,20.778
13100,32893,63.50,20.778
13102,16233,63.50,20.778
13110,32893,63.50,20.778
13112,16233,63.50,20.778
13120,32893,63.50,20.778
13122,16233,63.50,20.778
13130,32893,63.50,20.778
13132,16233,63.50,20.778
13140,32893,63.50,20.778
13142,16233,63.50,20.778
13150,32893,63.50,20.778
13152,16233,63.50,20.778
13160,32893,63.50,20.778
13162,16233,63.50,20.778
13170,32893,63.50,20.778
13172,16233,63.50,20.778
13180,32893,63.50,20.778
13182,16233,63.50,20.778
13190,32893,63.50,20.778
13192,16233,63.50,20.778
13200,32893,63.50,20.778
13202,16233,63.50,20.778
13210,32893,63.50,20.778
13212,16233,63.50,20.778
13220,32893,63.50,20.778
13222,16233,63.50,20.778
13230,32893,63.50,20.778
13232,16233,63.50,20.778
13240,32893,63.50,20.778
13242,16233,63.50,20.778
13250,32893,63.50,20.778
13252,16233,63.50,20.778
13260,32893,63.50,20.778
13262,16233,63.50,20.778
13270,32893,63.50,20.778
13272,16233,63.50,20.778
13280,32893,63.50,20.778
13282,16233,63.50,20.778
13290,32893,63.50,20.778
13292,16233,63.50,20.778
13300,32893,63.50,20.778
13302,16233,63.50,20.778
13310,32893,63.50,20.778
13312,16233,63.50,20.778
13320,32893,63.50,20.778
13322,16233,63.50,20.778
13330,32893,63.50,20.778
13332,16233,63.50,20.778
13340,32893,63.50,20.778
13342,16233,63.50,20.778
13350,32893,63.50,20.778
13352,16233,63.50,20.778
13360,32893,63.50,20.778
13362,16233,63.50,20.778
13370,32893,63.50,20.778
13372,16233,63.50,20.778
13380,32893,63.50,20.778
13382,16233,63.50,20.778
13390,32893,63.50,20.778
13392,16233,63.50,20.778
13400,32893,63.50,20.778
13402,16233,63.50,20.778
13410,32893,63.50,20.778
13412,16233,63.50,20.778
13420,32893,63.50,20.778
13422,16233,63.50,20.778
13430,32893,63.50,20.778
13432,16233,63.50,20.778
13441,32893,63.50,20.778
13442,16233,63.50,20.778
13450,32893,63.50,20.778
13452,16233,63.50,20.778
13460,32893,63.50,20.778
13462,16233,63.50,20.778
13470,32893,63.50,20.778
13472,16233,63.50,20.778
13480,32893,63.50,20.778
13482,16233,63.50,20.778
13490,32893,63.50,20.778
13492,16233,63.50,20.778
13500,32893,63.50,20.778
13502,16233,63.50,20.778
13510,32893,63.50,20.778
13512,16233,63.50,20.778
13520,32893,63.50,20.778
13522,16233,63.50,20.778
13530,32893,63.50,20.778
13532,16233,63.50,20.778
13540,32893,63.50,20.778
13542,16233,63.50,20.778
13550,32893,63.50,20.778
13552,16233,63.50,20.778
13561,32893,63.50,20.778
13562,16233,63.50,20.778
13570,32893,63.50,20.778
13572,16233,63.50,20.778
13580,32893,63.50,20.778
13582,16233,63.50,20.778
13590,32893,63.50,20.778
13592,16233,63.50,20.778
13600,32893,63.50,20.778
13602,16233,63.50,20.778
13610,32893,63.50,20.778
13612,16233,63.50,20.778
13621,32893,63.50,20.778
13622,16233,63.50,20.778
13630,32893,63.50,20.778
13632,16233,63.50,20.778
13640,32893,63.50,20.778
13642,16233,63.50,20.778
13650,32893,63.50,20.778
13652,16233,63.50,20.778
13660,32893,63.50,20.778
13662,16233,63.50,20.778
13670,32893,63.50,20.778
13672,16233,63.50,20.778
13680,32893,63.50,20.778
13682,16233,63.50,20.778
13691,32893,63.50,20.778
13692,16233,63.50,20.778
13700,32893,63.50,20.778
13702,16233,63.50,20.778
13710,32893,63.50,20.778
13712,16233,63.50,20.778
13720,32893,63.50,20.778
13722,16233,63.50,20.778
13730,32893,63.50,20.778
13732,16233,63.50,20.778
13740,32893,63.50,20.778
13742,16233,63.50,20.778
13750,32893,63.50,20.778
13752,16233,63.50,20.778
13760,32893,63.50,20.778
13762,16233,63.50,20.778
13770,32893,63.50,20.778
13772,16233,63.50,20.778
13781,32893,63.50,20.778
13782,16233,63.50,20.778
13790,32893,63.50,20.778
13792,16233,63.50,20.778
13800,32893,63.50,20.778
13802,16233,63.50,20.778
13810,32893,63.50,20.778
13812,16233,63.50,20.778
13820,32893,63.50,20.778
13822,16233,63.50,20.778
13830,32893,63.50,20.778
13832,16233,63.50,20.778
13840,32893,63.50,20.778
13842,16233,63.50,20.778
13850,32893,63.50,20.778
13852,16233,63.50,20.778
13860,32893,63.50,20.778
13862,16233,63.50,20.778
13870,32893,63.50,20.778
13872,16233,63.50,20.778
13880,32893,63.50,20.778
13882,16233,63.50,20.778
13891,32893,63.50,20.778
13892,16233,63.50,20.778
13900,32893,63.50,20.778
13902,16233,63.50,20.778
13910,32893,63.50,20.778
13912,16233,63.50,20.778
13920,32893,63.50,20.778
13922,16233,63.50,20.778
13930,32893,63.50,20.778
13932,16233,63.50,20.778
13940,32893,63.50,20.778
13942,16233,63.50,20.778
13951,32893,63.50,20.778
13952,16233,63.50,20.778
13960,32893,63.50,20.778
13962,16233,63.50,20.778
13970,32893,63.50,20.778
13972,16233,63.50,20.778
13980,32893,63.50,20.778
13982,16233,63.50,20.778
13990,32893,63.50,20.778
13992,16233,63.50,20.778
14000,32893,63.50,20.778
14002,16233,63.50,20.778
14010,32893,63.50,20.778
14012,16233,63.50,20.778
14021,32893,63.50,20.778
14022,16233,63.50,20.778
14031,32893,63.50,20.778
14033,16233,63.50,20.778
14041,32893,63.50,20.778
14042,16233,63.50,20.778
14051,32893,63.50,20.778
14052,16233,63.50,20.778
14061,32893,63.50,20.778
14062,16233,63.50,20.778
14071,32893,63.50,20.778
14072,16233,63.50,20.778
14081,32893,63.50,20.778
14082,16233,63.50,20.778
14091,32893,63.50,20.778
14092,16233,63.50,20.778
14101,32893,63.50,20.778
14102,16233,63.50,20.778
14110,32893,63.50,20.778
14112,16233,63.50,20.778
14120,32893,63.50,20.778
14122,16233,63.50,20.778
14130,32893,63.50,20.778
14132,16233,63.50,20.778
14140,32893,63.50,20.778
14142,16233,63.50,20.778
14150,32893,63.50,20.778
14152,16233,63.50,20.778
14160,32893,63.50,20.778
14162,16233,63.50,20.778
14171,32893,63.50,20.778
14172,16233,63.50,20.778
14180,32893,63.50,20.778
14182,16233,63.50,20.778
14190,32893,63.50,20.778
14192,16233,63.50,20.778
14201,32893,63.50,20.778
14202,16233,63.50,20.778
14211,32893,63.50,20.778
14212,16233,63.50,20.778
14220,32893,63.50,20.778
14222,16233,63.50,20.778
14230,32893,63.50,20.778
14232,16233,63.50,20.778
14240,32893,63.50,20.778
14242,16233,63.50,20.778
14250,32893,63.50,20.778
14252,16233,63.50,20.778
14260,32893,63.50,20.778
14262,16233,63.50,20.778
14270,32893,63.50,20.778
14272,16233,63.50,20.778
14280,32893,63.50,20.778
14282,16233,63.50,20.778
14290,32893,63.50,20.778
14292,16233,63.50,20.778
14301,32893,63.50,20.778
14302,16233,63.50,20.778
14310,32893,63.50,20.778
14312,16233,63.50,20.778
14321,32893,63.50,20.778
14322,16233,63.50,20.778
14330,32893,63.50,20.778
14332,16233,63.50,20.778
14341,32893,63.50,20.778
14342,16233,63.50,20.778
14351,32893,63.50,20.778
14352,16233,63.50,20.778
14361,32893,63.50,20.778
14362,16233,63.50,20.778
14370,32893,63.50,20.778
14372,16233,63.50,20.778
14380,32893,63.50,20.778
14382,16233,63.50,20.778
14390,32893,63.50,20.778
14392,16233,63.50,20.778
14401,32893,63.50,20.778
14402,16233,63.50,20.778
14410,32893,63.50,20.778
14412,16233,63.50,20.778
14421,32893,63.50,20.778
14422,16233,63.50,20.778
14430,32893,63.50,20.778
14432,16233,63.50,20.778
14441,32893,63.50,20.778
14442,16233,63.50,20.778
14451,32893,63.50,20.778
14452,16233,63.50,20.778
14461,32893,63.50,20.778
14462,16233,63.50,20.778
14470,32893,63.50,20.778
14472,16233,63.50,20.778
14480,32893,63.50,20.778
14482,16233,63.50,20.778
14490,32893,63.50,20.778
14492,16233,63.50,20.778
14500,32893,63.50,20.778
14502,16233,63.50,20.778
14510,32893,63.50,20.778
14512,16233,63.50,20.778
14521,32893,63.50,20.778
14522,16233,63.50,20.778
14530,32893,63.50,20.778
14532,16233,63.50,20.778
14540,32893,63.50,20.778
14542,16233,63.50,20.778
14551,32893,63.50,20.778
14552,16233,63.50,20.778
14560,32893,63.50,20.778
14562,16233,63.50,20.778
14570,32893,63.50,20.778
14572,16233,63.50,20.778
14581,32893,63.50,20.778
14582,16233,63.50,20.778
14590,32893,63.50,20.778
14592,16233,63.50,20.778
14600,32893,63.50,20.778
14602,16233,63.50,20.778
14610,32893,63.50,20.778
14612,16233,63.50,20.778
14620,32893,63.50,20.778
14622,16233,63.50,20.778
14630,32893,63.50,20.778
14632,16233,63.50,20.778
14640,32893,63.50,20.778
14642,16233,63.50,20.778
14650,32893,63.50,20.778
14652,16233,63.50,20.778
14660,32893,63.50,20.778
14662,16233,63.50,20.778
14670,32893,63.50,20.778
14672,16233,63.50,20.778
14680,32893,63.50,20.778
14682,16233,63.50,20.778
14690,32893,63.50,20.778
14692,16233,63.50,20.778
14700,32893,63.50,20.778
14702,16233,63.50,20.778
14711,32893,63.50,20.778
14712,16233,63.50,20.778
14720,32893,63.50,20.778
14722,16233,63.50,20.778
14731,32893,63.50,20.778
14732,16233,63.50,20.778
14740,32893,63.50,20.778
14742,16233,63.50,20.778
14750,32893,63.50,20.778
14752,16233,63.50,20.778
14760,32893,63.50,20.778
14762,16233,63.50,20.778
14770,32893,63.50,20.778
14772,16233,63.50,20.778
14780,32893,63.50,20.778
14782,16233,63.50,20.778
14791,32893,63.50,20.778
14792,16233,63.50,20.778
14800,32893,63.50,20.778
14802,16233,63.50,20.778
14811,32893,63.50,20.778
14812,16233,63.50,20.778
14820,32893,63.50,20.778
14822,16233,63.50,20.778
14830,32893,63.50,20.778
14832,16233,63.50,20.778
14840,32893,63.50,20.778
14842,16233,63.50,20.778
14850,32893,63.50,20.778
14852,16233,63.50,20.778
14860,32893,63.50,20.778
14862,16233,63.50,20.778
14870,32893,63.50,20.778
14872,16233,63.50,20.778
14880,32893,63.50,20.778
14882,16233,63.50,20.778
14890,32893,63.50,20.778
14892,16233,63.50,20.778
14900,32893,63.50,20.778
14902,16233,63.50,20.778
14910,32893,63.50,20.778
14912,16233,63.50,20.778
14920,32893,63.50,20.778
14922,16233,63.50,20.778
14930,32893,63.50,20.778
14933,16233,63.50,20.778
14940,32893,63.50,20.778
14942,16233,63.50,20.778
14951,32893,63.50,20.778
14952,16233,63.50,20.778
14960,32893,63.50,20.778
14962,16233,63.50,20.778
14970,32893,63.50,20.778
14972,16233,63.50,20.778
14981,32893,63.50,20.778
14982,16233,63.50,20.778
14990,32893,63.50,20.778
14992,16233,63.50,20.778
15000,32893,63.50,20.778
15002,16233,63.50,20.778
15010,32893,63.50,20.778
15012,16233,63.50,20.778
15020,32893,63.50,20.778
15022,16233,63.50,20.778
15031,32893,63.50,20.778
15034,16233,63.50,20.778
15041,32893,63.50,20.778
15042,16233,63.50,20.778
15050,32893,63.50,20.778
15052,16233,63.50,20.778
15061,32893,63.50,20.778
15062,16233,63.50,20.778
15070,32893,63.50,20.778
15072,16233,63.50,20.778
15080,32893,63.50,20.778
15082,16233,63.50,20.778
15090,32893,63.50,20.778
15092,16233,63.50,20.778
15100,32893,63.50,20.778
15102,16233,63.50,20.778
15110,32893,63.50,20.778
15112,16233,63.50,20.778
15120,32893,63.50,20.778
15122,16233,63.50,20.778
15130,32893,63.50,20.778
15132,16233,63.50,20.778
15141,32893,63.50,20.778
15142,16233,63.50,20.778
15150,32893,63.50,20.778
15152,16233,63.50,20.778
15160,32893,63.50,20.778
15163,16233,63.50,20.778
15170,32893,63.50,20.778
15172,16233,63.50,20.778
15180,32893,63.50,20.778
15182,16233,63.50,20.778
15190,32893,63.50,20.778
15192,16233,63.50,20.778
15201,32893,63.50,20.778
15202,16233,63.50,20.778
15210,32893,63.50,20.778
15212,16233,63.50,20.778
15220,32893,63.50,20.778
15222,16233,63.50,20.778
15231,32893,63.50,20.778
15232,16233,63.50,20.778
15240,32893,63.50,20.778
15242,16233,63.50,20.778
15250,32893,63.50,20.778
15252,16233,63.50,20.778
15260,32893,63.50,20.778
15262,16233,63.50,20.778
15270,32893,63.50,20.778
15272,16233,63.50,20.778
15280,32893,63.50,20.778
15283,16233,63.50,20.778
15290,32893,63.50,20.778
15292,16233,63.50,20.778
15300,32893,63.50,20.778
15302,16233,63.50,20.778
15310,32893,63.50,20.778
15312,16233,63.50,20.778
15321,32893,63.50,20.778
15322,16233,63.50,20.778
15331,32893,63.50,20.778
15332,16233,63.50,20.778
15340,32893,63.50,20.778
15342,16233,63.50,20.778
15351,32893,63.50,20.778
15352,16233,63.50,20.778
15360,32893,63.50,20.778
15362,16233,63.50,20.778
15370,32893,63.50,20.778
15372,16233,63.50,20.778
15380,32893,63.50,20.778
15382,16233,63.50,20.778
15390,32893,63.50,20.778
15392,16233,63.50,20.778
15400,32893,63.50,20.778
15402,16233,63.50,20.778
15410,32893,63.50,20.778
15412,16233,63.50,20.778
15420,32893,63.50,20.778
15422,16233,63.50,20.778
15431,32893,63.50,20.778
15432,16233,63.50,20.778
15440,32893,63.50,20.778
15442,16233,63.50,20.778
15450,32893,63.50,20.778
15452,16233,63.50,20.778
15460,32893,63.50,20.778
15462,16233,63.50,20.778
15471,32893,63.50,20.778
15472,16233,63.50,20.778
15480,32893,63.50,20.778
15482,16233,63.50,20.778
15490,32893,63.50,20.778
15492,16233,63.50,20.778
15500,32893,63.50,20.778
15502,16233,63.50,20.778
15510,32893,63.50,20.778
15512,16233,63.50,20.778
15520,32893,63.50,20.778
15522,16233,63.50,20.778
15530,32893,63.50,20.778
15532,16233,63.50,20.778
15540,32893,63.50,20.778
15542,16233,63.50,20.778
15550,32893,63.50,20.778
15552,16233,63.50,20.778
15561,32893,63.50,20.778
15562,16233,63.50,20.778
15571,32893,63.50,20.778
15572,16233,63.50,20.778
15580,32893,63.50,20.778
15582,16233,63.50,20.778
15590,32893,63.50,20.778
15592,16233,63.50,20.778
15600,32893,63.50,20.778
15602,16233,63.50,20.778
15610,32893,63.50,20.778
15612,16233,63.50,20.778
15621,32893,63.50,20.778
15622,16233,63.50,20.778
15630,32893,63.50,20.778
15632,16233,63.50,20.778
15640,32893,63.50,20.778
15642,16233,63.50,20.778
15650,32893,63.50,20.778
15652,16233,63.50,20.778
15660,32893,63.50,20.778
15662,16233,63.50,20.778
15670,32893,63.50,20.778
15672,16233,63.50,20.778
15680,32893,63.50,20.778
15682,16233,63.50,20.778
15690,32893,63.50,20.778
15692,16233,63.50,20.778
15700,32893,63.50,20.778
15702,16233,63.50,20.778
15710,32893,63.50,20.778
15712,16233,63.50,20.778
15720,32893,63.50,20.778
15722,16233,63.50,20.778
15730,32893,63.50,20.778
15732,16233,63.50,20.778
15741,32893,63.50,20.778
15742,16233,63.50,20.778
15750,32893,63.50,20.778
15752,16233,63.50,20.778
15760,32893,63.50,20.778
15762,16233,63.50,20.778
15771,32893,63.50,20.778
15772,16233,63.50,20.778
15780,32893,63.50,20.778
15782,16233,63.50,20.778
15790,32893,63.50,20.778
15792,16233,63.50,20.778
15800,32893,63.50,20.778
15802,16233,63.50,20.778
15810,32893,63.50,20.778
15812,16233,63.50,20.778
15820,32893,63.50,20.778
15822,16233,63.50,20.778
15830,32893,63.50,20.778
15832,16233,63.50,20.778
15840,32893,63.50,20.778
15842,16233,63.50,20.778
15850,32893,63.50,20.778
15852,16233,63.50,20.778
15860,32893,63.50,20.778
15862,16233,63.50,20.778
15870,32893,63.50,20.778
15872,16233,63.50,20.778
15880,32893,63.50,20.778
15882,16233,63.50,20.778
15890,32893,63.50,20.778
15892,16233,63.50,20.778
15900,32893,63.50,20.778
15902,16233,63.50,20.778
15910,32893,63.50,20.778
15912,16233,63.50,20.778
15920,32893,63.50,20.778
15922,16233,63.50,20.778
15930,32893,63.50,20.778
15932,16233,63.50,20.778
15940,32893,63.50,20.778
15942,16233,63.50,20.778
15950,32893,63.50,20.778
15952,16233,63.50,20.778
15960,32893,63.50,20.778
15962,16233,63.50,20.778
15970,32893,63.50,20.778
15972,16233,63.50,20.778
15980,32893,63.50,20.778
15982,16233,63.50,20.778
15990,32893,63.50,20.778
15992,16233,63.50,20.778
16000,32893,63.50,20.778
16002,16233,63.50,20.778
16010,32893,63.50,20.778
16012,16233,63.50,20.778
16020,32893,63.50,20.778
16022,16233,63.50,20.778
16031,32893,63.50,20.778
16032,16233,63.50,20.778
16040,32893,63.50,20.778
16042,16233,63.50,20.778
16050,32893,63.50,20.778
16052,16233,63.50,20.778
16060,32893,63.50,20.778
16062,16233,63.50,20.778
16071,32893,63.50,20.778
16072,16233,63.50,20.778
16080,32893,63.50,20.778
16082,16233,63.50,20.778
16090,32893,63.50,20.778
16092,16233,63.50,20.778
16100,32893,63.50,20.778
16102,16233,63.50,20.778
16110,32893,63.50,20.778
16112,16233,63.50,20.778
16120,32893,63.50,20.778
16122,16233,63.50,20.778
16130,32893,63.50,20.778
16132,16233,63.50,20.778
16140,32893,63.50,20.778
16143,16233,63.50,20.778
16150,32893,63.50,20.778
16152,16233,63.50,20.778
16160,32893,63.50,20.778
16162,16233,63.50,20.778
16170,32893,63.50,20.778
16172,16233,63.50,20.778
16180,32893,63.50,20.778
16182,16233,63.50,20.778
16190,32893,63.50,20.778
16192,16233,63.50,20.778
16200,32893,63.50,20.778
16202,16233,63.50,20.778
16210,32893,63.50,20.778
16212,16233,63.50,20.778
16220,32893,63.50,20.778
16222,16233,63.50,20.778
16230,32893,63.50,20.778
16232,16233,63.50,20.778
16240,32893,63.50,20.778
16242,16233,63.50,20.778
16250,32893,63.50,20.778
16252,16233,63.50,20.778
16260,32893,63.50,20.778
16262,16233,63.50,20.778
16270,32893,63.50,20.778
16273,16233,63.50,20.778
16280,32893,63.50,20.778
16282,16233,63.50,20.778
16290,32893,63.50,20.778
16292,16233,63.50,20.778
16300,32893,63.50,20.778
16302,16233,63.50,20.778
16310,32893,63.50,20.778
16312,16233,63.50,20.778
16320,32893,63.50,20.778
16322,16233,63.50,20.778
16330,32893,63.50,20.778
16332,16233,63.50,20.778
16340,32893,63.50,20.778
16342,16233,63.50,20.778
16351,32893,63.50,20.778
16352,16233,63.50,20.778
16360,32893,63.50,20.778
16362,16233,63.50,20.778
16370,32893,63.50,20.778
16372,16233,63.50,20.778
16380,32893,63.50,20.778
16382,16233,63.50,20.778
16390,32893,63.50,20.778
16392,16233,63.50,20.778
16400,32893,63.50,20.778
16402,16233,63.50,20.778
16411,32893,63.50,20.778
16412,16233,63.50,20.778
16420,32893,63.50,20.778
16423,16233,63.50,20.778
16430,32893,63.50,20.778
16432,16233,63.50,20.778
16441,32893,63.50,20.778
16442,16233,63.50,20.778
16450,32893,63.50,20.778
16452,16233,63.50,20.778
16461,32893,63.50,20.778
16462,16233,63.50,20.778
16470,32893,63.50,20.778
16472,16233,63.50,20.778
16480,32893,63.50,20.778
16482,16233,63.50,20.778
16490,32893,63.50,20.778
16493,16233,63.50,20.778
16500,32893,63.50,20.778
16502,16233,63.50,20.778
16510,32893,63.50,20.778
16512,16233,63.50,20.778
16520,32893,63.50,20.778
16522,16233,63.50,20.778
16530,32893,63.50,20.778
16532,16233,63.50,20.778
16540,32893,63.50,20.778
16542,16233,63.50,20.778
16550,32893,63.50,20.778
16552,16233,63.50,20.778
16560,32893,63.50,20.778
16562,16233,63.50,20.778
16571,32893,63.50,20.778
16572,16233,63.50,20.778
16581,32893,63.50,20.778
16582,16233,63.50,20.778
16590,32893,63.50,20.778
16592,16233,63.50,20.778
16600,32893,63.50,20.778
16602,16233,63.50,20.778
16610,32893,63.50,20.778
16612,16233,63.50,20.778
16620,32893,63.50,20.778
16622,16233,63.50,20.778
16630,32893,63.50,20.778
16632,16233,63.50,20.778
16640,32893,63.50,20.778
16642,16233,63.50,20.778
16650,32893,63.50,20.778
16652,16233,63.50,20.778
16661,32893,63.50,20.778
16662,16233,63.50,20.778
16671,32893,63.50,20.778
16672,16233,63.50,20.778
16680,32893,63.50,20.778
16682,16233,63.50,20.778
16691,32893,63.50,20.778
16692,16233,63.50,20.778
16701,32893,63.50,20.778
16702,16233,63.50,20.778
16711,32893,63.50,20.778
16712,16233,63.50,20.778
16721,32893,63.50,20.778
16722,16233,63.50,20.778
16730,32893,63.50,20.778
16732,16233,63.50,20.778
16740,32893,63.50,20.778
16742,16233,63.50,20.778
16750,32893,63.50,20.778
16752,16233,63.50,20.778
16760,32893,63.50,20.778
16762,16233,63.50,20.778
16770,32893,63.50,20.778
16772,16233,63.50,20.778
16782,32893,63.50,20.778
16782,16233,63.50,20.778
16791,32893,63.50,20.778
16792,16233,63.50,20.778
16800,32893,63.50,20.778
16802,16233,63.50,20.778
16810,32893,63.50,20.778
16812,16233,63.50,20.778
16820,32893,63.50,20.778
16822,16233,63.50,20.778
16830,32893,63.50,20.778
16832,16233,63.50,20.778
16840,32893,63.50,20.778
16842,16233,63.50,20.778
16851,32893,63.50,20.778
16852,16233,63.50,20.778
16860,32893,63.50,20.778
16862,16233,63.50,20.778
16871,32893,63.50,20.778
16872,16233,63.50,20.778
16880,32893,63.50,20.778
16882,16233,63.50,20.778
16890,32893,63.50,20.778
16892,16233,63.50,20.778
16900,32893,63.50,20.778
16902,16233,63.50,20.778
16910,32893,63.50,20.778
16912,16233,63.50,20.778
16920,32893,63.50,20.778
16922,16233,63.50,20.778
16931,32893,63.50,20.778
16932,16233,63.50,20.778
16940,32893,63.50,20.778
16943,16233,63.50,20.778
16951,32893,63.50,20.778
16952,16233,63.50,20.778
16960,32893,63.50,20.778
16962,16233,63.50,20.778
16970,32893,63.50,20.778
16972,16233,63.50,20.778
16980,32893,63.50,20.778
16982,16233,63.50,20.778
16990,32893,63.50,20.778
16992,16233,63.50,20.778
17000,32893,63.50,20.778
17002,16233,63.50,20.778
17010,32893,63.50,20.778
17012,16233,63.50,20.778
17020,32893,63.50,20.778
17022,16233,63.50,20.778
17032,32893,63.50,20.778
17033,16233,63.50,20.778
17040,32893,63.50,20.778
17042,16233,63.50,20.778
17051,32893,63.50,20.778
17052,16233,63.50,20.778
17060,32893,63.50,20.778
17062,16233,63.50,20.778
17070,32893,63.50,20.778
17072,16233,63.50,20.778
17080,32893,63.50,20.778
17082,16233,63.50,20.778
17091,32893,63.50,20.778
17092,16233,63.50,20.778
17100,32893,63.50,20.778
17102,16233,63.50,20.778
17111,32893,63.50,20.778
17112,16233,63.50,20.778
17121,32893,63.50,20.778
17122,16233,63.50,20.778
17130,32893,63.50,20.778
17132,16233,63.50,20.778
17140,32893,63.50,20.778
17142,16233,63.50,20.778
17150,32893,63.50,20.778
17152,16233,63.50,20.778
17160,32893,63.50,20.778
17162,16233,63.50,20.778
17170,32893,63.50,20.778
17172,16233,63.50,20.778
17180,32893,63.50,20.778
17182,16233,63.50,20.778
17190,32893,63.50,20.778
17192,16233,63.50,20.778
17200,32893,63.50,20.778
17202,16233,63.50,20.778
17211,32893,63.50,20.778
17212,16233,63.50,20.778
17220,32893,63.50,20.778
17222,16233,63.50,20.778
17231,32893,63.50,20.778
17232,16233,63.50,20.778
17241,32893,63.50,20.778
17242,16233,63.50,20.778
17250,32893,63.50,20.778
17252,16233,63.50,20.778
17260,32893,63.50,20.778
17262,16233,63.50,20.778
17270,32893,63.50,20.778
17272,16233,63.50,20.778
17280,32893,63.50,20.778
17282,16233,63.50,20.778
17290,32893,63.50,20.778
17292,16233,63.50,20.778
17300,32893,63.50,20.778
17302,16233,63.50,20.778
17310,32893,63.50,20.778
17312,16233,63.50,20.778
17320,32893,63.50,20.778
17322,16233,63.50,20.778
17330,32893,63.50,20.778
17332,16233,63.50,20.778
17340,32893,63.50,20.778
17342,16233,63.50,20.778
17350,32893,63.50,20.778
17352,16233,63.50,20.778
17360,32893,63.50,20.778
17362,16233,63.50,20.778
17370,32893,63.50,20.778
17372,16233,63.50,20.778
17380,32893,63.50,20.778
17382,16233,63.50,20.778
17390,32893,63.50,20.778
17392,16233,63.50,20.778
17400,32893,63.50,20.778
17402,16233,63.50,20.778
17411,32893,63.50,20.778
17412,16233,63.50,20.778
17420,32893,63.50,20.778
17422,16233,63.50,20.778
17430,32893,63.50,20.778
17432,16233,63.50,20.778
17440,32893,63.50,20.778
17442,16233,63.50,20.778
17450,32893,63.50,20.778
17452,16233,63.50,20.778
17460,32893,63.50,20.778
17462,16233,63.50,20.778
17470,32893,63.50,20.778
17472,16233,63.50,20.778
17480,32893,63.50,20.778
17482,16233,63.50,20.778
17490,32893,63.50,20.778
17492,16233,63.50,20.778
17500,32893,63.50,20.778
17502,16233,63.50,20.778
17510,32893,63.50,20.778
17512,16233,63.50,20.778
17520,32893,63.50,20.778
17522,16233,63.50,20.778
17530,32893,63.50,20.778
17532,16233,63.50,20.778
17541,32893,63.50,20.778
17542,16233,63.50,20.778
17551,32893,63.50,20.778
17552,16233,63.50,20.778
17561,32893,63.50,20.778
17562,16233,63.50,20.778
17570,32893,63.50,20.778
17572,16233,63.50,20.778
17580,32893,63.50,20.778
17582,16233,63.50,20.778
17591,32893,63.50,20.778
17592,16233,63.50,20.778
17600,32893,63.50,20.778
17602,16233,63.50,20.778
17610,32893,63.50,20.778
17612,16233,63.50,20.778
17620,32893,63.50,20.778
17622,16233,63.50,20.778
17630,32893,63.50,20.778
17632,16233,63.50,20.778
17640,32893,63.50,20.778
17642,16233,63.50,20.778
17650,32893,63.50,20.778
17652,16233,63.50,20.778
17660,32893,63.50,20.778
17662,16233,63.50,20.778
17670,32893,63.50,20.778
17672,16233,63.50,20.778
17680,32893,63.50,20.778
17682,16233,63.50,20.778
17690,32893,63.50,20.778
17692,16233,63.50,20.778
17700,32893,63.50,20.778
17702,16233,63.50,20.778
17710,32893,63.50,20.778
17712,16233,63.50,20.778
17720,32893,63.50,20.778
17722,16233,63.50,20.778
17730,32893,63.50,20.778
17732,16233,63.50,20.778
17740,32893,63.50,20.778
17743,16233,63.50,20.778
17750,32893,63.50,20.778
17752,16233,63.50,20.778
17760,32893,63.50,20.778
17763,16233,63.50,20.778
17770,32893,63.50,20.778
17772,16233,63.50,20.778
17780,32893,63.50,20.778
17782,16233,63.50,20.778
17790,32893,63.50,20.778
17792,16233,63.50,20.778
17800,32893,59.00,19.305
17802,16233,63.50,20.778
17810,32893,59.00,19.305
17812,16233,63.50,20.778
17820,32893,59.00,19.305
17822,16233,63.50,20.778
17830,32893,59.00,19.305
17832,16233,63.50,20.778
17841,32893,59.00,19.305
17842,16233,63.50,20.778
17850,32893,59.00,19.305
17852,16233,63.50,20.778
17860,32893,59.00,19.305
17862,16233,63.50,20.778
17870,32893,59.00,19.305
17872,16233,63.50,20.778
17880,32893,59.00,19.305
17882,16233,63.50,20.778
17891,32893,59.00,19.305
17892,16233,63.50,20.778
17900,32893,59.00,19.305
17902,16233,63.50,20.778
17910,32893,59.00,19.305
17912,16233,63.50,20.778
17920,32893,59.00,19.305
17922,16233,63.50,20.778
17931,32893,59.00,19.305
17932,16233,63.50,20.778
17940,32893,59.00,19.305
17942,16233,63.50,20.778
17950,32893,59.00,19.305
17952,16233,63.50,20.778
17960,32893,59.00,19.305
17962,16233,63.50,20.778
17971,32893,59.00,19.305
17972,16233,63.50,20.778
17981,32893,59.00,19.305
17982,16233,63.50,20.778
17990,32893,59.00,19.305
17992,16233,63.50,20.778
18001,32893,59.00,19.305
18002,16233,63.50,20.778
18010,32893,59.00,19.305
18012,16233,63.50,20.778
18020,32893,59.00,19.305
18022,16233,63.50,20.778
18031,32893,59.00,19.305
18032,16233,63.50,20.778
18040,32893,59.00,19.305
18042,16233,63.50,20.778
18050,32893,59.00,19.305
18052,16233,63.50,20.778
18060,32893,59.00,19.305
18062,16233,63.50,20.778
18070,32893,59.00,19.305
18072,16233,63.50,20.778
18080,32893,59.00,19.305
18082,16233,63.50,20.778
18090,32893,59.00,19.305
18092,16233,63.50,20.778
18100,32893,59.00,19.305
18102,16233,63.50,20.778
18110,32893,59.00,19.305
18112,16233,63.50,20.778
18120,32893,59.00,19.305
18122,16233,63.50,20.778
18130,32893,59.00,19.305
18132,16233,63.50,20.778
18140,32893,59.00,19.305
18142,16233,63.50,20.778
18150,32893,59.00,19.305
18152,16233,63.50,20.778
18160,32893,59.00,19.305
18162,16233,63.50,20.778
18170,32893,59.00,19.305
18172,16233,63.50,20.778
18180,32893,59.00,19.305
18182,16233,63.50,20.778
18190,32893,59.00,19.305
18192,16233,63.50,20.778
18201,32893,59.00,19.305
18202,16233,63.50,20.778
18210,32893,59.00,19.305
18212,16233,63.50,20.778
18221,32893,59.00,19.305
18222,16233,63.50,20.778
18230,32893,59.00,19.305
18232,16233,63.50,20.778
18241,32893,59.00,19.305
18242,16233,63.50,20.778
18250,32893,59.00,19.305
18252,16233,63.50,20.778
18260,32893,59.00,19.305
18262,16233,63.50,20.778
18270,32893,59.00,19.305
18272,16233,63.50,20.778
18280,32893,59.00,19.305
18282,16233,63.50,20.778
18290,32893,59.00,19.305
18292,16233,63.50,20.778
18300,32893,59.00,19.305
18302,16233,63.50,20.778
18310,32893,59.00,19.305
18312,16233,63.50,20.778
18320,32893,59.00,19.305
18322,16233,63.50,20.778
18330,32893,59.00,19.305
18332,16233,63.50,20.778
18340,32893,59.00,19.305
18342,16233,63.50,20.778
18350,32893,59.00,19.305
18352,16233,63.50,20.778
18361,32893,59.00,19.305
18362,16233,63.50,20.778
18370,32893,59.00,19.305
18372,16233,63.50,20.778
18380,32893,59.00,19.305
18382,16233,63.50,20.778
18390,32893,59.00,19.305
18392,16233,63.50,20.778
18400,32893,59.00,19.305
18402,16233,63.50,20.778
18410,32893,59.00,19.305
18412,16233,63.50,20.778
18420,32893,59.00,19.305
18422,16233,63.50,20.778
18430,32893,59.00,19.305
18432,16233,63.50,20.778
18440,32893,59.00,19.305
18442,16233,63.50,20.778
18450,32893,59.00,19.305
18452,16233,63.50,20.778
18460,32893,59.00,19.305
18462,16233,63.50,20.778
18470,32893,59.00,19.305
18472,16233,63.50,20.778
18480,32893,59.00,19.305
18482,16233,63.50,20.778
18490,32893,59.00,19.305
18492,16233,63.50,20.778
18500,32893,59.00,19.305
18502,16233,63.50,20.778
18510,32893,59.00,19.305
18512,16233,63.50,20.778
18520,32893,59.00,19.305
18522,16233,63.50,20.778
18530,32893,59.00,19.305
18532,16233,63.50,20.778
18540,32893,59.00,19.305
18542,16233,63.50,20.778
18550,32893,59.00,19.305
18552,16233,63.50,20.778
18560,32893,59.00,19.305
18562,16233,63.50,20.778
18570,32893,59.00,19.305
18572,16233,63.50,20.778
18580,32893,59.00,19.305
18582,16233,63.50,20.778
18590,32893,59.00,19.305
18592,16233,63.50,20.778
18600,32893,59.00,19.305
18602,16233,63.50,20.778
18610,32893,59.00,19.305
18612,16233,63.50,20.778
18620,32893,59.00,19.305
18622,16233,63.50,20.778
18630,32893,59.00,19.305
18632,16233,63.50,20.778
18640,32893,59.00,19.305
18642,16233,63.50,20.778
18650,32893,59.00,19.305
18652,16233,63.50,20.778
18660,32893,59.00,19.305
18662,16233,63.50,20.778
18670,32893,59.00,19.305
18672,16233,63.50,20.778
18680,32893,59.00,19.305
18682,16233,63.50,20.778
18690,32893,59.00,19.305
18692,16233,63.50,20.778
18700,32893,59.00,19.305
18702,16233,63.50,20.778
18710,32893,59.00,19.305
18712,16233,63.50,20.778
18721,32893,59.00,19.305
18722,16233,63.50,20.778
18730,32893,59.00,19.305
18732,16233,63.50,20.778
18740,32893,59.00,19.305
18742,16233,63.50,20.778
18750,32893,59.00,19.305
18752,16233,63.50,20.778
18760,32893,59.00,19.305
18762,16233,63.50,20.778
18770,32893,59.00,19.305
18772,16233,63.50,20.778
18780,32893,59.00,19.305
18782,16233,63.50,20.778
18790,32893,59.00,19.305
18793,16233,63.50,20.778
18801,32893,59.00,19.305
18802,16233,63.50,20.778
18810,32893,59.00,19.305
18812,16233,63.50,20.778
18820,32893,59.00,19.305
18822,16233,63.50,20.778
18830,32893,59.00,19.305
18832,16233,63.50,20.778
18840,32893,59.00,19.305
18842,16233,63.50,20.778
18851,32893,59.00,19.305
18852,16233,63.50,20.778
18860,32893,59.00,19.305
18862,16233,63.50,20.778
18870,32893,59.00,19.305
18872,16233,63.50,20.778
18880,32893,59.00,19.305
18882,16233,63.50,20.778
18890,32893,59.00,19.305
18892,16233,63.50,20.778
18900,32893,59.00,19.305
18902,16233,63.50,20.778
18910,32893,59.00,19.305
18912,16233,63.50,20.778
18920,32893,59.00,19.305
18922,16233,63.50,20.778
18930,32893,59.00,19.305
18932,16233,63.50,20.778
18941,32893,59.00,19.305
18942,16233,63.50,20.778
18950,32893,59.00,19.305
18952,16233,63.50,20.778
18960,32893,59.00,19.305
18962,16233,63.50,20.778
18970,32893,59.00,19.305
18972,16233,63.50,20.778
18980,32893,59.00,19.305
18982,16233,63.50,20.778
18990,32893,59.00,19.305
18992,16233,63.50,20.778
19001,32893,59.00,19.305
19002,16233,63.50,20.778
19010,32893,59.00,19.305
19012,16233,63.50,20.778
19020,32893,59.00,19.305
19022,16233,63.50,20.778
19031,32893,59.00,19.305
19032,16233,63.50,20.778
19040,32893,59.00,19.305
19042,16233,63.50,20.778
19050,32893,59.00,19.305
19052,16233,63.50,20.778
19060,32893,59.00,19.305
19062,16233,63.50,20.778
19070,32893,59.00,19.305
19072,16233,63.50,20.778
19080,32893,59.00,19.305
19082,16233,63.50,20.778
19090,32893,59.00,19.305
19092,16233,63.50,20.778
19100,32893,59.00,19.305
19102,16233,63.50,20.778
19111,32893,59.00,19.305
19112,16233,63.50,20.778
19120,32893,59.00,19.305
19122,16233,63.50,20.778
19130,32893,59.00,19.305
19132,16233,63.50,20.778
19140,32893,59.00,19.305
19142,16233,63.50,20.778
19150,32893,59.00,19.305
19152,16233,63.50,20.778
19160,32893,59.00,19.305
19162,16233,63.50,20.778
19170,32893,59.00,19.305
19172,16233,63.50,20.778
19180,32893,59.00,19.305
19182,16233,63.50,20.778
19190,32893,59.00,19.305
19192,16233,63.50,20.778
19200,32893,59.00,19.305
19202,16233,63.50,20.778
19211,32893,59.00,19.305
19212,16233,63.50,20.778
19221,32893,59.00,19.305
19222,16233,63.50,20.778
19230,32893,59.00,19.305
19232,16233,63.50,20.778
19240,32893,59.00,19.305
19242,16233,63.50,20.778
19250,32893,59.00,19.305
19252,16233,63.50,20.778
19260,32893,59.00,19.305
19262,16233,63.50,20.778
19270,32893,59.00,19.305
19272,16233,63.50,20.778
19280,32893,59.00,19.305
19282,16233,63.50,20.778
19290,32893,59.00,19.305
19292,16233,63.50,20.778
19300,32893,59.00,19.305
19302,16233,63.50,20.778
19310,32893,59.00,19.305
19312,16233,63.50,20.778
19320,32893,59.00,19.305
19322,16233,63.50,20.778
19330,32893,59.00,19.305
19332,16233,63.50,20.778
19340,32893,59.00,19.305
19342,16233,63.50,20.778
19350,32893,59.00,19.305
19352,16233,63.50,20.778
19360,32893,59.00,19.305
19362,16233,63.50,20.778
19370,32893,59.00,19.305
19372,16233,63.50,20.778
19380,32893,59.00,19.305
19382,16233,63.50,20.778
19391,32893,59.00,19.305
19392,16233,63.50,20.778
19400,32893,59.00,19.305
19402,16233,63.50,20.778
19410,32893,59.00,19.305
19412,16233,63.50,20.778
19420,32893,59.00,19.305
19422,16233,63.50,20.778
19430,32893,59.00,19.305
19432,16233,63.50,20.778
19440,32893,59.00,19.305
19442,16233,63.50,20.778
19450,32893,59.00,19.305
19452,16233,63.50,20.778
19460,32893,59.00,19.305
19462,16233,63.50,20.778
19470,32893,59.00,19.305
19472,16233,63.50,20.778
19480,32893,59.00,19.305
19482,16233,63.50,20.778
19490,32893,59.00,19.305
19492,16233,63.50,20.778
19500,32893,59.00,19.305
19502,16233,63.50,20.778
19510,32893,59.00,19.305
19512,16233,63.50,20.778
19520,32893,59.00,19.305
19522,16233,63.50,20.778
19530,32893,59.00,19.305
19532,16233,63.50,20.778
19540,32893,59.00,19.305
19542,16233,63.50,20.778
19550,32893,59.00,19.305
19552,16233,63.50,20.778
19560,32893,59.00,19.305
19562,16233,63.50,20.778
19570,32893,59.00,19.305
19572,16233,63.50,20.778
19580,32893,59.00,19.305
19582,16233,63.50,20.778
19590,32893,59.00,19.305
19592,16233,63.50,20.778
19601,32893,59.00,19.305
19602,16233,63.50,20.778
19610,32893,59.00,19.305
19612,16233,63.50,20.778
19621,32893,59.00,19.305
19622,16233,63.50,20.778
19630,32893,59.00,19.305
19632,16233,63.50,20.778
19640,32893,59.00,19.305
19642,16233,63.50,20.778
19650,32893,59.00,19.305
19652,16233,63.50,20.778
19660,32893,59.00,19.305
19662,16233,63.50,20.778
19670,32893,59.00,19.305
19672,16233,63.50,20.778
19680,32893,59.00,19.305
19682,16233,63.50,20.778
19690,32893,59.00,19.305
19692,16233,63.50,20.778
19700,32893,59.00,19.305
19702,16233,63.50,20.778
19710,32893,59.00,19.305
19712,16233,63.50,20.778
19720,32893,59.00,19.305
19722,16233,63.50,20.778
19730,32893,59.00,19.305
19732,16233,63.50,20.778
19740,32893,59.00,19.305
19742,16233,63.50,20.778
19750,32893,59.00,19.305
19752,16233,63.50,20.778
19760,32893,59.00,19.305
19762,16233,63.50,20.778
19770,32893,59.00,19.305
19772,16233,63.50,20.778
19780,32893,59.00,19.305
19782,16233,63.50,20.778
19790,32893,59.00,19.305
19792,16233,63.50,20.778
19800,32893,59.00,19.305
19802,16233,63.50,20.778
19810,32893,59.00,19.305
19812,16233,63.50,20.778
19820,32893,59.00,19.305
19822,16233,63.50,20.778
19830,32893,59.00,19.305
19832,16233,63.50,20.778
19840,32893,59.00,19.305
19842,16233,63.50,20.778
19850,32893,59.00,19.305
19852,16233,63.50,20.778
19860,32893,59.00,19.305
19862,16233,63.50,20.778
19870,32893,59.00,19.305
19872,16233,63.50,20.778
19880,32893,59.00,19.305
19882,16233,63.50,20.778
19890,32893,59.00,19.305
19892,16233,63.50,20.778
19900,32893,59.00,19.305
19902,16233,63.50,20.778
19910,32893,59.00,19.305
19912,16233,63.50,20.778
19920,32893,59.00,19.305
19922,16233,63.50,20.778
19930,32893,59.00,19.305
19932,16233,63.50,20.778
19940,32893,59.00,19.305
19942,16233,63.50,20.778
19950,32893,59.00,19.305
19952,16233,63.50,20.778
19960,32893,59.00,19.305
19962,16233,63.50,20.778
19970,32893,59.00,19.305
19972,16233,63.50,20.778
19980,32893,59.00,19.305
19982,16233,63.50,20.778
19990,32893,59.00,19.305
19992,16233,63.50,20.778
20000,32893,59.00,19.305
20002,16233,63.50,20.778
20010,32893,59.00,19.305
20012,16233,63.50,20.778
20020,32893,59.00,19.305
20022,16233,63.50,20.778
20031,32893,59.00,19.305
20032,16233,63.50,20.778
20040,32893,59.00,19.305
20042,16233,63.50,20.778
20050,32893,59.00,19.305
20052,16233,63.50,20.778
20061,32893,59.00,19.305
20062,16233,63.50,20.778
20071,32893,59.00,19.305
20072,16233,63.50,20.778
20080,32893,59.00,19.305
20082,16233,63.50,20.778
20091,32893,59.00,19.305
20092,16233,63.50,20.778
20100,32893,59.00,19.305
20103,16233,63.50,20.778
20110,32893,59.00,19.305
20112,16233,63.50,20.778
20120,32893,59.00,19.305
20122,16233,63.50,20.778
20130,32893,59.00,19.305
20132,16233,63.50,20.778
20140,32893,59.00,19.305
20142,16233,63.50,20.778
20150,32893,59.00,19.305
20152,16233,63.50,20.778
20160,32893,59.00,19.305
20162,16233,63.50,20.778
20170,32893,59.00,19.305
20172,16233,63.50,20.778
20180,32893,59.00,19.305
20182,16233,63.50,20.778
20190,32893,59.00,19.305
20192,16233,63.50,20.778
20200,32893,59.00,19.305
20202,16233,63.50,20.778
20211,32893,59.00,19.305
20212,16233,63.50,20.778
20221,32893,59.00,19.305
20222,16233,63.50,20.778
20230,32893,59.00,19.305
20232,16233,63.50,20.778
20240,32893,59.00,19.305
20242,16233,63.50,20.778
20250,32893,59.00,19.305
20252,16233,63.50,20.778
20261,32893,59.00,19.305
20262,16233,63.50,20.778
20270,32893,59.00,19.305
20272,16233,63.50,20.778
20280,32893,59.00,19.305
20282,16233,63.50,20.778
20290,32893,59.00,19.305
20292,16233,63.50,20.778
20300,32893,59.00,19.305
20302,16233,63.50,20.778
20310,32893,59.00,19.305
20312,16233,63.50,20.778
20320,32893,59.00,19.305
20322,16233,63.50,20.778
20330,32893,59.00,19.305
20333,16233,63.50,20.778
20340,32893,59.00,19.305
20342,16233,63.50,20.778
20351,32893,59.00,19.305
20352,16233,63.50,20.778
20360,32893,59.00,19.305
20362,16233,63.50,20.778
20370,32893,59.00,19.305
20372,16233,63.50,20.778
20380,32893,59.00,19.305
20382,16233,63.50,20.778
20390,32893,59.00,19.305
20392,16233,63.50,20.778
20400,32893,59.00,19.305
20402,16233,63.50,20.778
20411,32893,59.00,19.305
20412,16233,63.50,20.778
20420,32893,59.00,19.305
20422,16233,63.50,20.778
20430,32893,59.00,19.305
20432,16233,63.50,20.778
20441,32893,59.00,19.305
20442,16233,63.50,20.778
20450,32893,59.00,19.305
20452,16233,63.50,20.778
20460,32893,59.00,19.305
20462,16233,63.50,20.778
20470,32893,59.00,19.305
20472,16233,63.50,20.778
20480,32893,59.00,19.305
20482,16233,63.50,20.778
20490,32893,59.00,19.305
20492,16233,63.50,20.778
20500,32893,59.00,19.305
20502,16233,63.50,20.778
20510,32893,59.00,19.305
20512,16233,63.50,20.778
20521,32893,59.00,19.305
20523,16233,63.50,20.778
20530,32893,59.00,19.305
20532,16233,63.50,20.778
20540,32893,59.00,19.305
20542,16233,63.50,20.778
20550,32893,59.00,19.305
20552,16233,63.50,20.778
20560,32893,59.00,19.305
20562,16233,63.50,20.778
20570,32893,59.00,19.305
20572,16233,63.50,20.778
20581,32893,59.00,19.305
20583,16233,63.50,20.778
20591,32893,59.00,19.305
20592,16233,63.50,20.778
20601,32893,59.00,19.305
20602,16233,63.50,20.778
20610,32893,59.00,19.305
20612,16233,63.50,20.778
20620,32893,59.00,19.305
20622,16233,63.50,20.778
20631,32893,59.00,19.305
20632,16233,63.50,20.778
20641,32893,59.00,19.305
20642,16233,63.50,20.778
20651,32893,59.00,19.305
20652,16233,63.50,20.778
20661,32893,59.00,19.305
20662,16233,63.50,20.778
20671,32893,59.00,19.305
20672,16233,63.50,20.778
20681,32893,59.00,19.305
20683,16233,63.50,20.778
20691,32893,59.00,19.305
20693,16233,63.50,20.778
20701,32893,59.00,19.305
20702,16233,63.50,20.778
20710,32893,59.00,19.305
20712,16233,63.50,20.778
20721,32893,59.00,19.305
20722,16233,63.50,20.778
20731,32893,59.00,19.305
20732,16233,63.50,20.778
20741,32893,59.00,19.305
20742,16233,63.50,20.778
20750,32893,59.00,19.305
20752,16233,63.50,20.778
20760,32893,59.00,19.305
20762,16233,63.50,20.778
20770,32893,59.00,19.305
20772,16233,63.50,20.778
20781,32893,59.00,19.305
20782,16233,63.50,20.778
20791,32893,59.00,19.305
20792,16233,63.50,20.778
20803,32893,59.00,19.305
20803,16233,63.50,20.778
20811,32893,59.00,19.305
20812,16233,63.50,20.778
20821,32893,59.00,19.305
20822,16233,63.50,20.778
20831,32893,59.00,19.305
20832,16233,63.50,20.778
20841,32893,59.00,19.305
20843,16233,63.50,20.778
20851,32893,59.00,19.305
20852,16233,63.50,20.778
20861,32893,59.00,19.305
20863,16233,63.50,20.778
20871,32893,59.00,19.305
20873,16233,63.50,20.778
20881,32893,59.00,19.305
20883,16233,63.50,20.778
20891,32893,59.00,19.305
20893,16233,63.50,20.778
20901,32893,59.00,19.305
20902,16233,63.50,20.778
20912,32893,59.00,19.305
20913,16233,63.50,20.778
20921,32893,59.00,19.305
20923,16233,63.50,20.778
20931,32893,59.00,19.305
20932,16233,63.50,20.778
20942,32893,59.00,19.305
20943,16233,63.50,20.778
20951,32893,59.00,19.305
20952,16233,63.50,20.778
20961,32893,59.00,19.305
20963,16233,63.50,20.778
20970,32893,59.00,19.305
20973,16233,63.50,20.778
20981,32893,59.00,19.305
20982,16233,63.50,20.778
20991,32893,59.00,19.305
20992,16233,63.50,20.778
21001,32893,59.00,19.305
21002,16233,63.50,20.778
21010,32893,59.00,19.305
21012,16233,63.50,20.778
21020,32893,59.00,19.305
21022,16233,63.50,20.778
21031,32893,59.00,19.305
21033,16233,63.50,20.778
21041,32893,59.00,19.305
21042,16233,63.50,20.778
21051,32893,59.00,19.305
21052,16233,63.50,20.778
21061,32893,59.00,19.305
21062,16233,63.50,20.778
21071,32893,59.00,19.305
21072,16233,63.50,20.778
21080,32893,59.00,19.305
21082,16233,63.50,20.778
21091,32893,59.00,19.305
21092,16233,63.50,20.778
21100,32893,59.00,19.305
21102,16233,63.50,20.778
21111,32893,59.00,19.305
21112,16233,63.50,20.778
21121,32893,59.00,19.305
21122,16233,63.50,20.778
21132,32893,59.00,19.305
21133,16233,63.50,20.778
21140,32893,59.00,19.305
21142,16233,63.50,20.778
21150,32893,59.00,19.305
21152,16233,63.50,20.778
21161,32893,59.00,19.305
21162,16233,63.50,20.778
21170,32893,59.00,19.305
21172,16233,63.50,20.778
21180,32893,59.00,19.305
21182,16233,63.50,20.778
21191,32893,59.00,19.305
21192,16233,63.50,20.778
21201,32893,59.00,19.305
21202,16233,63.50,20.778
21210,32893,59.00,19.305
21212,16233,63.50,20.778
21220,32893,59.00,19.305
21222,16233,63.50,20.778
21230,32893,59.00,19.305
21232,16233,63.50,20.778
21240,32893,59.00,19.305
21242,16233,63.50,20.778
21250,32893,59.00,19.305
21252,16233,63.50,20.778
21260,32893,59.00,19.305
21262,16233,63.50,20.778
21270,32893,59.00,19.305
21272,16233,63.50,20.778
21280,32893,59.00,19.305
21282,16233,63.50,20.778
21290,32893,59.00,19.305
21292,16233,63.50,20.778
21300,32893,59.00,19.305
21302,16233,63.50,20.778
21311,32893,59.00,19.305
21312,16233,63.50,20.778
21321,32893,59.00,19.305
21322,16233,63.50,20.778
21330,32893,59.00,19.305
21332,16233,63.50,20.778
21340,32893,59.00,19.305
21342,16233,63.50,20.778
21350,32893,59.00,19.305
21352,16233,63.50,20.778
21361,32893,59.00,19.305
21362,16233,63.50,20.778
21371,32893,59.00,19.305
21372,16233,63.50,20.778
21381,32893,59.00,19.305
21382,16233,63.50,20.778
21390,32893,59.00,19.305
21392,16233,63.50,20.778
21401,32893,59.00,19.305
21402,16233,63.50,20.778
21410,32893,59.00,19.305
21412,16233,63.50,20.778
21421,32893,59.00,19.305
21422,16233,63.50,20.778
21431,32893,59.00,19.305
21432,16233,63.50,20.778
21441,32893,59.00,19.305
21442,16233,63.50,20.778
21451,32893,59.00,19.305
21452,16233,63.50,20.778
21460,32893,59.00,19.305
21462,16233,63.50,20.778
21470,32893,59.00,19.305
21472,16233,63.50,20.778
21481,32893,59.00,19.305
21482,16233,63.50,20.778
21491,32893,59.00,19.305
21492,16233,63.50,20.778
21500,32893,59.00,19.305
21502,16233,63.50,20.778
21510,32893,59.00,19.305
21512,16233,63.50,20.778
21521,32893,59.00,19.305
21522,16233,63.50,20.778
21530,32893,59.00,19.305
21532,16233,63.50,20.778
21540,32893,59.00,19.305
21542,16233,63.50,20.778
21550,32893,59.00,19.305
21552,16233,63.50,20.778
21561,32893,59.00,19.305
21562,16233,63.50,20.778
21570,32893,59.00,19.305
21572,16233,63.50,20.778
21581,32893,59.00,19.305
21582,16233,63.50,20.778
21590,32893,59.00,19.305
21593,16233,63.50,20.778
21601,32893,59.00,19.305
21602,16233,63.50,20.778
21610,32893,59.00,19.305
21612,16233,63.50,20.778
21621,32893,59.00,19.305
21622,16233,63.50,20.778
21631,32893,59.00,19.305
21632,16233,63.50,20.778
21640,32893,59.00,19.305
21642,16233,63.50,20.778
21650,32893,59.00,19.305
21652,16233,63.50,20.778
21660,32893,59.00,19.305
21662,16233,63.50,20.778
21670,32893,59.00,19.305
21672,16233,63.50,20.778
21680,32893,59.00,19.305
21682,16233,63.50,20.778
21690,32893,59.00,19.305
21692,16233,63.50,20.778
21700,32893,59.00,19.305
21702,16233,63.50,20.778
21710,32893,59.00,19.305
21712,16233,63.50,20.778
21720,32893,59.00,19.305
21722,16233,63.50,20.778
21731,32893,59.00,19.305
21732,16233,63.50,20.778
21741,32893,59.00,19.305
21742,16233,63.50,20.778
21750,32893,59.00,19.305
21752,16233,63.50,20.778
21760,32893,59.00,19.305
21762,16233,63.50,20.778
21771,32893,59.00,19.305
21772,16233,63.50,20.778
21780,32893,59.00,19.305
21782,16233,63.50,20.778
21790,32893,59.00,19.305
21792,16233,63.50,20.778
21801,32893,59.00,19.305
21802,16233,63.50,20.778
21810,32893,59.00,19.305
21812,16233,63.50,20.778
21820,32893,59.00,19.305
21822,16233,63.50,20.778
21830,32893,59.00,19.305
21832,16233,63.50,20.778
21840,32893,59.00,19.305
21842,16233,63.50,20.778
21850,32893,59.00,19.305
21852,16233,63.50,20.778
21860,32893,59.00,19.305
21862,16233,63.50,20.778
21870,32893,59.00,19.305
21872,16233,63.50,20.778
21880,32893,59.00,19.305
21882,16233,63.50,20.778
21890,32893,59.00,19.305
21892,16233,63.50,20.778
21900,32893,59.00,19.305
21902,16233,63.50,20.778
21910,32893,59.00,19.305
21912,16233,63.50,20.778
21920,32893,59.00,19.305
21922,16233,63.50,20.778
21930,32893,59.00,19.305
21932,16233,63.50,20.778
21940,32893,59.00,19.305
21942,16233,63.50,20.778
21950,32893,59.00,19.305
21952,16233,63.50,20.778
21960,32893,63.50,20.778
21962,16233,63.50,20.778
21970,32893,63.50,20.778
21972,16233,63.50,20.778
21980,32893,63.50,20.778
21982,16233,63.50,20.778
21990,32893,63.50,20.778
21992,16233,63.50,20.778
22000,32893,63.50,20.778
22002,16233,63.50,20.778
22010,32893,63.50,20.778
22012,16233,63.50,20.778
22020,32893,63.50,20.778
22022,16233,63.50,20.778
22030,32893,63.50,20.778
22032,16233,63.50,20.778
22041,32893,63.50,20.778
22042,16233,63.50,20.778
22050,32893,63.50,20.778
22052,16233,63.50,20.778
22060,32893,63.50,20.778
22063,16233,63.50,20.778
22071,32893,63.50,20.778
22072,16233,63.50,20.778
22081,32893,63.50,20.778
22082,16233,63.50,20.778
22090,32893,63.50,20.778
22092,16233,63.50,20.778
22100,32893,63.50,20.778
22102,16233,63.50,20.778
22110,32893,63.50,20.778
22112,16233,63.50,20.778
22120,32893,63.50,20.778
22122,16233,63.50,20.778
22130,32893,63.50,20.778
22132,16233,63.50,20.778
22142,32893,63.50,20.778
22142,16233,63.50,20.778
22151,32893,63.50,20.778
22152,16233,63.50,20.778
22161,32893,63.50,20.778
22162,16233,63.50,20.778
22170,32893,63.50,20.778
22172,16233,63.50,20.778
22181,32893,63.50,20.778
22182,16233,63.50,20.778
22190,32893,63.50,20.778
22192,16233,63.50,20.778
22201,32893,63.50,20.778
22202,16233,63.50,20.778
22210,32893,63.50,20.778
22212,16233,63.50,20.778
22220,32893,63.50,20.778
22222,16233,63.50,20.778
22231,32893,63.50,20.778
22232,16233,63.50,20.778
22241,32893,63.50,20.778
22242,16233,63.50,20.778
22250,32893,63.50,20.778
22252,16233,63.50,20.778
22261,32893,63.50,20.778
22262,16233,63.50,20.778
22271,32893,63.50,20.778
22272,16233,63.50,20.778
22281,32893,63.50,20.778
22282,16233,63.50,20.778
22290,32893,63.50,20.778
22292,16233,63.50,20.778
22301,32893,63.50,20.778
22302,16233,63.50,20.778
22310,32893,63.50,20.778
22312,16233,63.50,20.778
22320,32893,63.50,20.778
22322,16233,63.50,20.778
22331,32893,63.50,20.778
22332,16233,63.50,20.778
22341,32893,63.50,20.778
22342,16233,63.50,20.778
22350,32893,63.50,20.778
22353,16233,63.50,20.778
22360,32893,63.50,20.778
22363,16233,63.50,20.778
22370,32893,63.50,20.778
22372,16233,63.50,20.778
22380,32893,63.50,20.778
22382,16233,63.50,20.778
22390,32893,63.50,20.778
22392,16233,63.50,20.778
22400,32893,63.50,20.778
22402,16233,63.50,20.778
22410,32893,63.50,20.778
22412,16233,63.50,20.778
22420,32893,63.50,20.778
22422,16233,63.50,20.778
22430,32893,63.50,20.778
22432,16233,63.50,20.778
22440,32893,63.50,20.778
22442,16233,63.50,20.778
22451,32893,63.50,20.778
22452,16233,63.50,20.778
22460,32893,63.50,20.778
22462,16233,63.50,20.778
22470,32893,63.50,20.778
22472,16233,63.50,20.778
22480,32893,63.50,20.778
22482,16233,63.50,20.778
22490,32893,63.50,20.778
22492,16233,63.50,20.778
22500,32893,63.50,20.778
22502,16233,63.50,20.778
22510,32893,63.50,20.778
22512,16233,63.50,20.778
22520,32893,63.50,20.778
22522,16233,63.50,20.778
22530,32893,63.50,20.778
22533,16233,63.50,20.778
22540,32893,63.50,20.778
22542,16233,63.50,20.778
22550,32893,63.50,20.778
22552,16233,63.50,20.778
22560,32893,63.50,20.778
22562,16233,63.50,20.778
22570,32893,63.50,20.778
22572,16233,63.50,20.778
22580,32893,63.50,20.778
22582,16233,63.50,20.778
22590,32893,63.50,20.778
22592,16233,63.50,20.778
22600,32893,63.50,20.778
22602,16233,63.50,20.778
22610,32893,63.50,20.778
22612,16233,63.50,20.778
22620,32893,63.50,20.778
22622,16233,63.50,20.778
22630,32893,63.50,20.778
22632,16233,63.50,20.778
22640,32893,63.50,20.778
22642,16233,63.50,20.778
22650,32893,63.50,20.778
22652,16233,63.50,20.778
22660,32893,63.50,20.778
22662,16233,63.50,20.778
22670,32893,63.50,20.778
22672,16233,63.50,20.778
22680,32893,63.50,20.778
22682,16233,63.50,20.778
22690,32893,63.50,20.778
22692,16233,63.50,20.778
22701,32893,63.50,20.778
22702,16233,63.50,20.778
22710,32893,63.50,20.778
22712,16233,63.50,20.778
22720,32893,63.50,20.778
22722,16233,63.50,20.778
22730,32893,63.50,20.778
22732,16233,63.50,20.778
22741,32893,63.50,20.778
22742,16233,63.50,20.778
22750,32893,63.50,20.778
22752,16233,63.50,20.778
22760,32893,63.50,20.778
22762,16233,63.50,20.778
22770,32893,63.50,20.778
22772,16233,63.50,20.778
22781,32893,63.50,20.778
22783,16233,63.50,20.778
22790,32893,63.50,20.778
22792,16233,63.50,20.778
22800,32893,63.50,20.778
22802,16233,63.50,20.778
22810,32893,63.50,20.778
22812,16233,63.50,20.778
22821,32893,63.50,20.778
22822,16233,63.50,20.778
22831,32893,63.50,20.778
22832,16233,63.50,20.778
22840,32893,63.50,20.778
22842,16233,63.50,20.778
22851,32893,63.50,20.778
22852,16233,63.50,20.778
22860,32893,63.50,20.778
22862,16233,63.50,20.778
22870,32893,63.50,20.778
22872,16233,63.50,20.778
22880,32893,63.50,20.778
22882,16233,63.50,20.778
22890,32893,63.50,20.778
22892,16233,63.50,20.778
22900,32893,63.50,20.778
22902,16233,63.50,20.778
22911,32893,63.50,20.778
22912,16233,63.50,20.778
22920,32893,63.50,20.778
22922,16233,63.50,20.778
22930,32893,63.50,20.778
22932,16233,63.50,20.778
22941,32893,63.50,20.778
22942,16233,63.50,20.778
22951,32893,63.50,20.778
22952,16233,63.50,20.778
22960,32893,63.50,20.778
22962,16233,63.50,20.778
22970,32893,63.50,20.778
22973,16233,63.50,20.778
22981,32893,63.50,20.778
22982,16233,63.50,20.778
22991,32893,63.50,20.778
22992,16233,63.50,20.778
23000,32893,63.50,20.778
23002,16233,63.50,20.778
23010,32893,63.50,20.778
23012,16233,63.50,20.778
23020,32893,63.50,20.778
23022,16233,63.50,20.778
23031,32893,63.50,20.778
23033,16233,63.50,20.778
23041,32893,63.50,20.778
23042,16233,63.50,20.778
23051,32893,63.50,20.778
23052,16233,63.50,20.778
23061,32893,63.50,20.778
23062,16233,63.50,20.778
23070,32893,63.50,20.778
23072,16233,63.50,20.778
23081,32893,63.50,20.778
23082,16233,63.50,20.778
23091,32893,63.50,20.778
23092,16233,63.50,20.778
23100,32893,63.50,20.778
23102,16233,63.50,20.778
23110,32893,63.50,20.778
23112,16233,63.50,20.778
23121,32893,63.50,20.778
23122,16233,63.50,20.778
23131,32893,63.50,20.778
23132,16233,63.50,20.778
23140,32893,63.50,20.778
23142,16233,63.50,20.778
23150,32893,63.50,20.778
23153,16233,63.50,20.778
23161,32893,63.50,20.778
23163,16233,63.50,20.778
23171,32893,63.50,20.778
23172,16233,63.50,20.778
23181,32893,63.50,20.778
23182,16233,63.50,20.778
23190,32893,63.50,20.778
23192,16233,63.50,20.778
23200,32893,63.50,20.778
23202,16233,63.50,20.778
23210,32893,63.50,20.778
23212,16233,63.50,20.778
23220,32893,63.50,20.778
23222,16233,63.50,20.778
23230,32893,63.50,20.778
23232,16233,63.50,20.778
23241,32893,63.50,20.778
23242,16233,63.50,20.778
23251,32893,63.50,20.778
23252,16233,63.50,20.778
23261,32893,63.50,20.778
23262,16233,63.50,20.778
23270,32893,63.50,20.778
23272,16233,63.50,20.778
23280,32893,63.50,20.778
23282,16233,63.50,20.778
23290,32893,63.50,20.778
23292,16233,63.50,20.778
23301,32893,63.50,20.778
23302,16233,63.50,20.778
23310,32893,63.50,20.778
23312,16233,63.50,20.778
23321,32893,63.50,20.778
23323,16233,63.50,20.778
23331,32893,63.50,20.778
23332,16233,63.50,20.778
23340,32893,63.50,20.778
23342,16233,63.50,20.778
23351,32893,63.50,20.778
23352,16233,63.50,20.778
23360,32893,63.50,20.778
23362,16233,63.50,20.778
23370,32893,63.50,20.778
23372,16233,63.50,20.778
23380,32893,63.50,20.778
23382,16233,63.50,20.778
23390,32893,63.50,20.778
23392,16233,63.50,20.778
23401,32893,63.50,20.778
23402,16233,63.50,20.778
23410,32893,63.50,20.778
23412,16233,63.50,20.778
23421,32893,63.50,20.778
23423,16233,63.50,20.778
23430,32893,63.50,20.778
23432,16233,63.50,20.778
23440,32893,63.50,20.778
23442,16233,63.50,20.778
23450,32893,63.50,20.778
23452,16233,63.50,20.778
23461,32893,63.50,20.778
23463,16233,63.50,20.778
23470,32893,63.50,20.778
23472,16233,63.50,20.778
23480,32893,63.50,20.778
23482,16233,63.50,20.778
23490,32893,63.50,20.778
23492,16233,63.50,20.778
23500,32893,63.50,20.778
23502,16233,63.50,20.778
23510,32893,63.50,20.778
23512,16233,63.50,20.778
23520,32893,63.50,20.778
23522,16233,63.50,20.778
23530,32893,63.50,20.778
23532,16233,63.50,20.778
23540,32893,63.50,20.778
23542,16233,63.50,20.778
23550,32893,63.50,20.778
23552,16233,63.50,20.778
23560,32893,63.50,20.778
23562,16233,63.50,20.778
23570,32893,63.50,20.778
23573,16233,63.50,20.778
23581,32893,63.50,20.778
23582,16233,63.50,20.778
23590,32893,63.50,20.778
23592,16233,63.50,20.778
23600,32893,63.50,20.778
23602,16233,63.50,20.778
23611,32893,63.50,20.778
23612,16233,63.50,20.778
23620,32893,63.50,20.778
23622,16233,63.50,20.778
23630,32893,63.50,20.778
23632,16233,63.50,20.778
23640,32893,63.50,20.778
23642,16233,63.50,20.778
23650,32893,63.50,20.778
23652,16233,63.50,20.778
23660,32893,63.50,20.778
23662,16233,63.50,20.778
23670,32893,63.50,20.778
23672,16233,63.50,20.778
23680,32893,63.50,20.778
23682,16233,63.50,20.778
23690,32893,63.50,20.778
23692,16233,63.50,20.778
23700,32893,63.50,20.778
23702,16233,63.50,20.778
23711,32893,63.50,20.778
23713,16233,63.50,20.778
23721,32893,63.50,20.778
23722,16233,63.50,20.778
23730,32893,63.50,20.778
23732,16233,63.50,20.778
23741,32893,63.50,20.778
23743,16233,63.50,20.778
23751,32893,63.50,20.778
23752,16233,63.50,20.778
23761,32893,63.50,20.778
23762,16233,63.50,20.778
23770,32893,63.50,20.778
23773,16233,63.50,20.778
23781,32893,63.50,20.778
23782,16233,63.50,20.778
23790,32893,63.50,20.778
23792,16233,63.50,20.778
23800,32893,63.50,20.778
23802,16233,63.50,20.778
23811,32893,63.50,20.778
23812,16233,63.50,20.778
23821,32893,63.50,20.778
23822,16233,63.50,20.778
23830,32893,63.50,20.778
23832,16233,63.50,20.778
23840,32893,63.50,20.778
23842,16233,63.50,20.778
23850,32893,63.50,20.778
23852,16233,63.50,20.778
23860,32893,63.50,20.778
23862,16233,63.50,20.778
23870,32893,63.50,20.778
23872,16233,63.50,20.778
23880,32893,63.50,20.778
23882,16233,63.50,20.778
23890,32893,63.50,20.778
23892,16233,63.50,20.778
23900,32893,63.50,20.778
23902,16233,63.50,20.778
23911,32893,63.50,20.778
23912,16233,63.50,20.778
23921,32893,63.50,20.778
23922,16233,63.50,20.778
23931,32893,63.50,20.778
23932,16233,63.50,20.778
23941,32893,63.50,20.778
23942,16233,63.50,20.778
23950,32893,63.50,20.778
23952,16233,63.50,20.778
23961,32893,63.50,20.778
23963,16233,63.50,20.778
23970,32893,63.50,20.778
23972,16233,63.50,20.778
23980,32893,63.50,20.778
23982,16233,63.50,20.778
23990,32893,63.50,20.778
23992,16233,63.50,20.778
24000,32893,63.50,20.778
24002,16233,63.50,20.778
24010,32893,63.50,20.778
24012,16233,63.50,20.778
24020,32893,63.50,20.778
24022,16233,63.50,20.778
24031,32893,63.50,20.778
24033,16233,63.50,20.778
24041,32893,63.50,20.778
24042,16233,63.50,20.778
24054,32893,63.50,20.778
24055,16233,63.50,20.778
24060,32893,63.50,20.778
24062,16233,63.50,20.778
24070,32893,63.50,20.778
24072,16233,63.50,20.778
24080,32893,63.50,20.778
24082,16233,63.50,20.778
24090,32893,63.50,20.778
24092,16233,63.50,20.778
24100,32893,63.50,20.778
24102,16233,63.50,20.778
24110,32893,63.50,20.778
24112,16233,63.50,20.778
24120,32893,63.50,20.778
24122,16233,63.50,20.778
24130,32893,63.50,20.778
24132,16233,63.50,20.778
24140,32893,63.50,20.778
24142,16233,63.50,20.778
24150,32893,63.50,20.778
24152,16233,63.50,20.778
24160,32893,63.50,20.778
24162,16233,63.50,20.778
24171,32893,63.50,20.778
24172,16233,63.50,20.778
24180,32893,63.50,20.778
24182,16233,63.50,20.778
24190,32893,63.50,20.778
24192,16233,63.50,20.778
24200,32893,63.50,20.778
24202,16233,63.50,20.778
24210,32893,63.50,20.778
24212,16233,63.50,20.778
24220,32893,63.50,20.778
24222,16233,63.50,20.778
24230,32893,63.50,20.778
24232,16233,63.50,20.778
24240,32893,63.50,20.778
24242,16233,63.50,20.778
24250,32893,63.50,20.778
24252,16233,63.50,20.778
24260,32893,63.50,20.778
24262,16233,63.50,20.778
24270,32893,63.50,20.778
24272,16233,63.50,20.778
24280,32893,63.50,20.778
24283,16233,63.50,20.778
24290,32893,63.50,20.778
24293,16233,63.50,20.778
24300,32893,63.50,20.778
24302,16233,63.50,20.778
24310,32893,63.50,20.778
24312,16233,63.50,20.778
24320,32893,63.50,20.778
24322,16233,63.50,20.778
24330,32893,63.50,20.778
24332,16233,63.50,20.778
24341,32893,63.50,20.778
24342,16233,63.50,20.778
24350,32893,63.50,20.778
24352,16233,63.50,20.778
24360,32893,63.50,20.778
24362,16233,63.50,20.778
24370,32893,63.50,20.778
24372,16233,63.50,20.778
24380,32893,63.50,20.778
24382,16233,63.50,20.778
24390,32893,63.50,20.778
24392,16233,63.50,20.778
24400,32893,63.50,20.778
24402,16233,63.50,20.778
24411,32893,63.50,20.778
24412,16233,63.50,20.778
24420,32893,63.50,20.778
24422,16233,63.50,20.778
24430,32893,63.50,20.778
24432,16233,63.50,20.778
24440,32893,63.50,20.778
24442,16233,63.50,20.778
24451,32893,63.50,20.778
24452,16233,63.50,20.778
24460,32893,63.50,20.778
24462,16233,63.50,20.778
24470,32893,63.50,20.778
24472,16233,63.50,20.778
24480,32893,63.50,20.778
24482,16233,63.50,20.778
24491,32893,63.50,20.778
24492,16233,63.50,20.778
24500,32893,63.50,20.778
24502,16233,63.50,20.778
24510,32893,63.50,20.778
24512,16233,63.50,20.778
24520,32893,63.50,20.778
24522,16233,63.50,20.778
24530,32893,63.50,20.778
24532,16233,63.50,20.778
24540,32893,63.50,20.778
24542,16233,63.50,20.778
24550,32893,63.50,20.778
24552,16233,63.50,20.778
24560,32893,63.50,20.778
24562,16233,63.50,20.778
24570,32893,63.50,20.778
24572,16233,63.50,20.778
24580,32893,63.50,20.778
24582,16233,63.50,20.778
24590,32893,63.50,20.778
24592,16233,63.50,20.778
24600,32893,63.50,20.778
24602,16233,63.50,20.778
24611,32893,63.50,20.778
24612,16233,63.50,20.778
24620,32893,63.50,20.778
24622,16233,63.50,20.778
24630,32893,63.50,20.778
24632,16233,63.50,20.778
24640,32893,63.50,20.778
24642,16233,63.50,20.778
24650,32893,63.50,20.778
24652,16233,63.50,20.778
24660,32893,63.50,20.778
24662,16233,63.50,20.778
24670,32893,63.50,20.778
24672,16233,63.50,20.778
24680,32893,63.50,20.778
24682,16233,63.50,20.778
24691,32893,63.50,20.778
24692,16233,63.50,20.778
24700,32893,63.50,20.778
24702,16233,63.50,20.778
24711,32893,63.50,20.778
24712,16233,63.50,20.778
24720,32893,63.50,20.778
24722,16233,63.50,20.778
24731,32893,63.50,20.778
24732,16233,63.50,20.778
24741,32893,63.50,20.778
24743,16233,63.50,20.778
24751,32893,63.50,20.778
24753,16233,63.50,20.778
24760,32893,63.50,20.778
24762,16233,63.50,20.778
24771,32893,63.50,20.778
24772,16233,63.50,20.778
24780,32893,63.50,20.778
24782,16233,63.50,20.778
24791,32893,63.50,20.778
24793,16233,63.50,20.778
24801,32893,63.50,20.778
24802,16233,63.50,20.778
24810,32893,63.50,20.778
24813,16233,63.50,20.778
24821,32893,63.50,20.778
24822,16233,63.50,20.778
24830,32893,63.50,20.778
24832,16233,63.50,20.778
24840,32893,63.50,20.778
24842,16233,63.50,20.778
24850,32893,63.50,20.778
24852,16233,63.50,20.778
24860,32893,63.50,20.778
24862,16233,63.50,20.778
24870,32893,63.50,20.778
24872,16233,63.50,20.778
24880,32893,63.50,20.778
24883,16233,63.50,20.778
24890,32893,63.50,20.778
24892,16233,63.50,20.778
24900,32893,63.50,20.778
24902,16233,63.50,20.778
24910,32893,63.50,20.778
24912,16233,63.50,20.778
24920,32893,63.50,20.778
24922,16233,63.50,20.778
24930,32893,63.50,20.778
24932,16233,63.50,20.778
24940,32893,63.50,20.778
24942,16233,63.50,20.778
24951,32893,63.50,20.778
24953,16233,63.50,20.778
24961,32893,63.50,20.778
24962,16233,63.50,20.778
24971,32893,63.50,20.778
24972,16233,63.50,20.778
24980,32893,63.50,20.778
24982,16233,63.50,20.778
24990,32893,63.50,20.778
24993,16233,63.50,20.778
25000,32893,63.50,20.778
25002,16233,63.50,20.778
25010,32893,63.50,20.778
25012,16233,63.50,20.778
25021,32893,63.50,20.778
25022,16233,63.50,20.778
25031,32893,63.50,20.778
25033,16233,63.50,20.778
25041,32893,63.50,20.778
25043,16233,63.50,20.778
25050,32893,63.50,20.778
25052,16233,63.50,20.778
25060,32893,63.50,20.778
25062,16233,63.50,20.778
25071,32893,63.50,20.778
25072,16233,63.50,20.778
25081,32893,63.50,20.778
25082,16233,63.50,20.778
25091,32893,63.50,20.778
25092,16233,63.50,20.778
25100,32893,63.50,20.778
25102,16233,63.50,20.778
25111,32893,63.50,20.778
25112,16233,63.50,20.778
25120,32893,63.50,20.778
25122,16233,63.50,20.778
25130,32893,63.50,20.778
25132,16233,63.50,20.778
25141,32893,63.50,20.778
25142,16233,63.50,20.778
25150,32893,63.50,20.778
25152,16233,63.50,20.778
25160,32893,63.50,20.778
25162,16233,63.50,20.778
25170,32893,63.50,20.778
25172,16233,63.50,20.778
25180,32893,63.50,20.778
25182,16233,63.50,20.778
25190,32893,63.50,20.778
25192,16233,63.50,20.778
25200,32893,63.50,20.778
25202,16233,63.50,20.778
25210,32893,63.50,20.778
25212,16233,63.50,20.778
25220,32893,63.50,20.778
25222,16233,63.50,20.778
25230,32893,63.50,20.778
25232,16233,63.50,20.778
25241,32893,63.50,20.778
25242,16233,63.50,20.778
25250,32893,63.50,20.778
25252,16233,63.50,20.778
25260,32893,63.50,20.778
25262,16233,63.50,20.778
25270,32893,63.50,20.778
25272,16233,63.50,20.778
25280,32893,63.50,20.778
25283,16233,63.50,20.778
25290,32893,63.50,20.778
25292,16233,63.50,20.778
25300,32893,63.50,20.778
25302,16233,63.50,20.778
25310,32893,63.50,20.778
25312,16233,63.50,20.778
25320,32893,63.50,20.778
25322,16233,63.50,20.778
25330,32893,63.50,20.778
25332,16233,63.50,20.778
25340,32893,63.50,20.778
25342,16233,63.50,20.778
25350,32893,63.50,20.778
25352,16233,63.50,20.778
25360,32893,63.50,20.778
25362,16233,63.50,20.778
25370,32893,63.50,20.778
25372,16233,63.50,20.778
25380,32893,63.50,20.778
25382,16233,63.50,20.778
25390,32893,63.50,20.778
25392,16233,63.50,20.778
25400,32893,63.50,20.778
25402,16233,63.50,20.778
25411,32893,63.50,20.778
25412,16233,63.50,20.778
25420,32893,63.50,20.778
25422,16233,63.50,20.778
25430,32893,63.50,20.778
25432,16233,63.50,20.778
25441,32893,63.50,20.778
25442,16233,63.50,20.778
25451,32893,63.50,20.778
25452,16233,63.50,20.778
25460,32893,63.50,20.778
25462,16233,63.50,20.778
25470,32893,63.50,20.778
25472,16233,63.50,20.778
25480,32893,63.50,20.778
25482,16233,63.50,20.778
25490,32893,63.50,20.778
25492,16233,63.50,20.778
25500,32893,63.50,20.778
25502,16233,63.50,20.778
25510,32893,63.50,20.778
25512,16233,63.50,20.778
25520,32893,63.50,20.778
25522,16233,63.50,20.778
25530,32893,63.50,20.778
25532,16233,63.50,20.778
25540,32893,63.50,20.778
25542,16233,63.50,20.778
25550,32893,63.50,20.778
25552,16233,63.50,20.778
25560,32893,63.50,20.778
25562,16233,63.50,20.778
25571,32893,63.50,20.778
25572,16233,63.50,20.778
25581,32893,63.50,20.778
25582,16233,63.50,20.778
25590,32893,63.50,20.778
25592,16233,63.50,20.778
25600,32893,63.50,20.778
25602,16233,63.50,20.778
25610,32893,63.50,20.778
25612,16233,63.50,20.778
25620,32893,63.50,20.778
25622,16233,63.50,20.778
25630,32893,63.50,20.778
25632,16233,63.50,20.778
25640,32893,63.50,20.778
25643,16233,63.50,20.778
25650,32893,63.50,20.778
25652,16233,63.50,20.778
25660,32893,63.50,20.778
25662,16233,63.50,20.778
25671,32893,63.50,20.778
25672,16233,63.50,20.778
25681,32893,63.50,20.778
25682,16233,63.50,20.778
25690,32893,63.50,20.778
25692,16233,63.50,20.778
25701,32893,63.50,20.778
25702,16233,63.50,20.778
25710,32893,63.50,20.778
25712,16233,63.50,20.778
25720,32893,63.50,20.778
25722,16233,63.50,20.778
25731,32893,63.50,20.778
25732,16233,63.50,20.778
25740,32893,63.50,20.778
25742,16233,63.50,20.778
25750,32893,63.50,20.778
25752,16233,63.50,20.778
25760,32893,63.50,20.778
25762,16233,63.50,20.778
25770,32893,63.50,20.778
25772,16233,63.50,20.778
25780,32893,63.50,20.778
25782,16233,63.50,20.778
25790,32893,63.50,20.778
25793,16233,63.50,20.778
25801,32893,63.50,20.778
25802,16233,63.50,20.778
25810,32893,63.50,20.778
25812,16233,63.50,20.778
25820,32893,63.50,20.778
25822,16233,63.50,20.778
25830,32893,63.50,20.778
25832,16233,63.50,20.778
25841,32893,63.50,20.778
25842,16233,63.50,20.778
25851,32893,63.50,20.778
25852,16233,63.50,20.778
25860,32893,63.50,20.778
25862,16233,63.50,20.778
25870,32893,63.50,20.778
25872,16233,63.50,20.778
25880,32893,63.50,20.778
25882,16233,63.50,20.778
25890,32893,63.50,20.778
25892,16233,63.50,20.778
25900,32893,63.50,20.778
25902,16233,63.50,20.778
25910,32893,63.50,20.778
25912,16233,63.50,20.778
25920,32893,63.50,20.778
25922,16233,63.50,20.778
25930,32893,63.50,20.778
25932,16233,63.50,20.778
25940,32893,63.50,20.778
25942,16233,63.50,20.778
25950,32893,63.50,20.778
25952,16233,63.50,20.778
25960,32893,63.50,20.778
25962,16233,63.50,20.778
25970,32893,63.50,20.778
25972,16233,63.50,20.778
25980,32893,63.50,20.778
25982,16233,63.50,20.778
25990,32893,63.50,20.778
25992,16233,63.50,20.778
26000,32893,63.50,20.778
26002,16233,63.50,20.778
26010,32893,63.50,20.778
26012,16233,63.50,20.778
26020,32893,63.50,20.778
26022,16233,63.50,20.778
26031,32893,63.50,20.778
26032,16233,63.50,20.778
26040,32893,63.50,20.778
26042,16233,63.50,20.778
26050,32893,63.50,20.778
26052,16233,63.50,20.778
26060,32893,63.50,20.778
26062,16233,63.50,20.778
26070,32893,63.50,20.778
26072,16233,63.50,20.778
26080,32893,63.50,20.778
26082,16233,63.50,20.778
26090,32893,63.50,20.778
26092,16233,63.50,20.778
26101,32893,63.50,20.778
26102,16233,63.50,20.778
26111,32893,63.50,20.778
26112,16233,63.50,20.778
26121,32893,63.50,20.778
26122,16233,63.50,20.778
26130,32893,63.50,20.778
26132,16233,63.50,20.778
26141,32893,63.50,20.778
26142,16233,63.50,20.778
26150,32893,63.50,20.778
26152,16233,63.50,20.778
26160,32893,63.50,20.778
26162,16233,63.50,20.778
26170,32893,63.50,20.778
26172,16233,63.50,20.778
26180,32893,63.50,20.778
26182,16233,63.50,20.778
26190,32893,63.50,20.778
26192,16233,63.50,20.778
26201,32893,63.50,20.778
26202,16233,63.50,20.778
26211,32893,63.50,20.778
26212,16233,63.50,20.778
26221,32893,63.50,20.778
26222,16233,63.50,20.778
26230,32893,63.50,20.778
26232,16233,63.50,20.778
26241,32893,63.50,20.778
26242,16233,63.50,20.778
26251,32893,63.50,20.778
26252,16233,63.50,20.778
26261,32893,63.50,20.778
26262,16233,63.50,20.778
26270,32893,63.50,20.778
26272,16233,63.50,20.778
26281,32893,63.50,20.778
26282,16233,63.50,20.778
26291,32893,63.50,20.778
26292,16233,63.50,20.778
26300,32893,63.50,20.778
26302,16233,63.50,20.778
26310,32893,63.50,20.778
26312,16233,63.50,20.778
26320,32893,63.50,20.778
26322,16233,63.50,20.778
26330,32893,63.50,20.778
26332,16233,63.50,20.778
26340,32893,63.50,20.778
26342,16233,63.50,20.778
26350,32893,63.50,20.778
26352,16233,63.50,20.778
26360,32893,63.50,20.778
26362,16233,63.50,20.778
26370,32893,63.50,20.778
26372,16233,63.50,20.778
26380,32893,63.50,20.778
26382,16233,63.50,20.778
26390,32893,63.50,20.778
26392,16233,63.50,20.778
26400,32893,63.50,20.778
26402,16233,63.50,20.778
26410,32893,63.50,20.778
26412,16233,63.50,20.778
26420,32893,63.50,20.778
26422,16233,63.50,20.778
26430,32893,63.50,20.778
26432,16233,63.50,20.778
26440,32893,63.50,20.778
26442,16233,63.50,20.778
26450,32893,63.50,20.778
26452,16233,63.50,20.778
26460,32893,63.50,20.778
26462,16233,63.50,20.778
26471,32893,63.50,20.778
26472,16233,63.50,20.778
26480,32893,63.50,20.778
26482,16233,63.50,20.778
26490,32893,63.50,20.778
26493,16233,63.50,20.778
26500,32893,63.50,20.778
26502,16233,63.50,20.778
26510,32893,63.50,20.778
26512,16233,63.50,20.778
26520,32893,63.50,20.778
26522,16233,63.50,20.778
26530,32893,63.50,20.778
26532,16233,63.50,20.778
26541,32893,63.50,20.778
26542,16233,63.50,20.778
26550,32893,63.50,20.778
26552,16233,63.50,20.778
26560,32893,63.50,20.778
26562,16233,63.50,20.778
26570,32893,63.50,20.778
26572,16233,63.50,20.778
26580,32893,63.50,20.778
26582,16233,63.50,20.778
26591,32893,63.50,20.778
26592,16233,63.50,20.778
26600,32893,63.50,20.778
26602,16233,63.50,20.778
26610,32893,63.50,20.778
26612,16233,63.50,20.778
26620,32893,63.50,20.778
26622,16233,63.50,20.778
26630,32893,63.50,20.778
26632,16233,63.50,20.778
26640,32893,63.50,20.778
26642,16233,63.50,20.778
26650,32893,63.50,20.778
26652,16233,63.50,20.778
26660,32893,63.50,20.778
26662,16233,63.50,20.778
26670,32893,63.50,20.778
26672,16233,63.50,20.778
26680,32893,63.50,20.778
26682,16233,63.50,20.778
26690,32893,63.50,20.778
26692,16233,63.50,20.778
26700,32893,63.50,20.778
26702,16233,63.50,20.778
26710,32893,63.50,20.778
26712,16233,63.50,20.778
26720,32893,63.50,20.778
26722,16233,63.50,20.778
26730,32893,63.50,20.778
26732,16233,63.50,20.778
26740,32893,63.50,20.778
26742,16233,63.50,20.778
26750,32893,63.50,20.778
26752,16233,63.50,20.778
26761,32893,63.50,20.778
26762,16233,63.50,20.778
26770,32893,63.50,20.778
26773,16233,63.50,20.778
26780,32893,63.50,20.778
26782,16233,63.50,20.778
26790,32893,63.50,20.778
26793,16233,63.50,20.778
26800,32893,63.50,20.778
26802,16233,63.50,20.778
26810,32893,63.50,20.778
26812,16233,63.50,20.778
26820,32893,63.50,20.778
26823,16233,63.50,20.778
26830,32893,63.50,20.778
26832,16233,63.50,20.778
26841,32893,63.50,20.778
26842,16233,63.50,20.778
26851,32893,63.50,20.778
26853,16233,63.50,20.778
26860,32893,63.50,20.778
26862,16233,63.50,20.778
26870,32893,63.50,20.778
26872,16233,63.50,20.778
26881,32893,63.50,20.778
26882,16233,63.50,20.778
26890,32893,63.50,20.778
26892,16233,63.50,20.778
26900,32893,63.50,20.778
26902,16233,63.50,20.778
26910,32893,63.50,20.778
26912,16233,63.50,20.778
26920,32893,63.50,20.778
26922,16233,63.50,20.778
26930,32893,63.50,20.778
26932,16233,63.50,20.778
26940,32893,63.50,20.778
26942,16233,63.50,20.778
26950,32893,63.50,20.778
26953,16233,63.50,20.778
26960,32893,63.50,20.778
26962,16233,63.50,20.778
26970,32893,63.50,20.778
26972,16233,63.50,20.778
26980,32893,63.50,20.778
26982,16233,63.50,20.778
26990,32893,63.50,20.778
26992,16233,63.50,20.778
27000,32893,63.50,20.778
27002,16233,63.50,20.778
27010,32893,63.50,20.778
27012,16233,63.50,20.778
27020,32893,63.50,20.778
27022,16233,63.50,20.778
27031,32893,63.50,20.778
27033,16233,63.50,20.778
27041,32893,63.50,20.778
27043,16233,63.50,20.778
27050,32893,63.50,20.778
27052,16233,63.50,20.778
27060,32893,63.50,20.778
27062,16233,63.50,20.778
27070,32893,63.50,20.778
27072,16233,63.50,20.778
27080,32893,63.50,20.778
27082,16233,63.50,20.778
27090,32893,63.50,20.778
27092,16233,63.50,20.778
27100,32893,63.50,20.778
27102,16233,63.50,20.778
27110,32893,63.50,20.778
27112,16233,63.50,20.778
27120,32893,63.50,20.778
27122,16233,63.50,20.778
27130,32893,63.50,20.778
27132,16233,63.50,20.778
27140,32893,63.50,20.778
27143,16233,63.50,20.778
27150,32893,63.50,20.778
27152,16233,63.50,20.778
27160,32893,63.50,20.778
27162,16233,63.50,20.778
27170,32893,63.50,20.778
27172,16233,63.50,20.778
27180,32893,63.50,20.778
27182,16233,63.50,20.778
27190,32893,63.50,20.778
27192,16233,63.50,20.778
27200,32893,63.50,20.778
27202,16233,63.50,20.778
27210,32893,63.50,20.778
27212,16233,63.50,20.778
27220,32893,63.50,20.778
27222,16233,63.50,20.778
27230,32893,63.50,20.778
27232,16233,63.50,20.778
27240,32893,63.50,20.778
27242,16233,63.50,20.778
27250,32893,63.50,20.778
27253,16233,63.50,20.778
27260,32893,63.50,20.778
27262,16233,63.50,20.778
27271,32893,63.50,20.778
27272,16233,63.50,20.778
27280,32893,63.50,20.778
27282,16233,63.50,20.778
27290,32893,63.50,20.778
27292,16233,63.50,20.778
27300,32893,63.50,20.778
27302,16233,63.50,20.778
27310,32893,63.50,20.778
27312,16233,63.50,20.778
27320,32893,63.50,20.778
27322,16233,63.50,20.778
27330,32893,63.50,20.778
27332,16233,63.50,20.778
27340,32893,63.50,20.778
27342,16233,63.50,20.778
27351,32893,63.50,20.778
27352,16233,63.50,20.778
27360,32893,63.50,20.778
27362,16233,63.50,20.778
27370,32893,63.50,20.778
27372,16233,63.50,20.778
27380,32893,63.50,20.778
27383,16233,63.50,20.778
27390,32893,63.50,20.778
27392,16233,63.50,20.778
27400,32893,63.50,20.778
27402,16233,63.50,20.778
27410,32893,63.50,20.778
27412,16233,63.50,20.778
27420,32893,63.50,20.778
27422,16233,63.50,20.778
27430,32893,63.50,20.778
27432,16233,63.50,20.778
27440,32893,63.50,20.778
27442,16233,63.50,20.778
27452,32893,63.50,20.778
27452,16233,63.50,20.778
27460,32893,63.50,20.778
27462,16233,63.50,20.778
27470,32893,63.50,20.778
27472,16233,63.50,20.778
27481,32893,63.50,20.778
27482,16233,63.50,20.778
27491,32893,63.50,20.778
27492,16233,63.50,20.778
27500,32893,63.50,20.778
27502,16233,63.50,20.778
27510,32893,63.50,20.778
27512,16233,63.50,20.778
27520,32893,63.50,20.778
27522,16233,63.50,20.778
27530,32893,63.50,20.778
27532,16233,63.50,20.778
27540,32893,63.50,20.778
27542,16233,63.50,20.778
27550,32893,63.50,20.778
27552,16233,63.50,20.778
27560,32893,63.50,20.778
27562,16233,63.50,20.778
27571,32893,63.50,20.778
27572,16233,63.50,20.778
27580,32893,63.50,20.778
27582,16233,63.50,20.778
27590,32893,63.50,20.778
27592,16233,63.50,20.778
27600,32893,63.50,20.778
27602,16233,63.50,20.778
27610,32893,63.50,20.778
27612,16233,63.50,20.778
27620,32893,63.50,20.778
27622,16233,63.50,20.778
27630,32893,63.50,20.778
27632,16233,63.50,20.778
27641,32893,63.50,20.778
27642,16233,63.50,20.778
27651,32893,63.50,20.778
27652,16233,63.50,20.778
27660,32893,63.50,20.778
27662,16233,63.50,20.778
27671,32893,63.50,20.778
27673,16233,63.50,20.778
27680,32893,63.50,20.778
27682,16233,63.50,20.778
27690,32893,63.50,20.778
27692,16233,63.50,20.778
27700,32893,63.50,20.778
27702,16233,63.50,20.778
27710,32893,63.50,20.778
27712,16233,63.50,20.778
27720,32893,63.50,20.778
27722,16233,63.50,20.778
27730,32893,63.50,20.778
27732,16233,63.50,20.778
27740,32893,63.50,20.778
27742,16233,63.50,20.778
27750,32893,63.50,20.778
27752,16233,63.50,20.778
27760,32893,63.50,20.778
27762,16233,63.50,20.778
27770,32893,63.50,20.778
27772,16233,63.50,20.778
27780,32893,63.50,20.778
27782,16233,63.50,20.778
27790,32893,63.50,20.778
27793,16233,63.50,20.778
27800,32893,63.50,20.778
27802,16233,63.50,20.778
27810,32893,63.50,20.778
27812,16233,63.50,20.778
27821,32893,63.50,20.778
27822,16233,63.50,20.778
27830,32893,63.50,20.778
27832,16233,63.50,20.778
27841,32893,63.50,20.778
27842,16233,63.50,20.778
27850,32893,63.50,20.778
27853,16233,63.50,20.778
27861,32893,63.50,20.778
27862,16233,63.50,20.778
27870,32893,63.50,20.778
27872,16233,63.50,20.778
27880,32893,63.50,20.778
27882,16233,63.50,20.778
27890,32893,63.50,20.778
27892,16233,63.50,20.778
27900,32893,63.50,20.778
27902,16233,63.50,20.778
27911,32893,63.50,20.778
27912,16233,63.50,20.778
27920,32893,63.50,20.778
27922,16233,63.50,20.778
27930,32893,63.50,20.778
27932,16233,63.50,20.778
27940,32893,63.50,20.778
27942,16233,63.50,20.778
27950,32893,63.50,20.778
27952,16233,63.50,20.778
27960,32893,63.50,20.778
27962,16233,63.50,20.778
27970,32893,63.50,20.778
27972,16233,63.50,20.778
27980,32893,63.50,20.778
27982,16233,63.50,20.778
27990,32893,63.50,20.778
27992,16233,63.50,20.778
28000,32893,63.50,20.778
28002,16233,63.50,20.778
28010,32893,63.50,20.778
28012,16233,63.50,20.778
28020,32893,63.50,20.778
28022,16233,63.50,20.778
28030,32893,63.50,20.778
28033,16233,63.50,20.778
28040,32893,63.50,20.778
28042,16233,63.50,20.778
28051,32893,63.50,20.778
28052,16233,63.50,20.778
28061,32893,63.50,20.778
28062,16233,63.50,20.778
28070,32893,63.50,20.778
28072,16233,63.50,20.778
28081,32893,63.50,20.778
28082,16233,63.50,20.778
28090,32893,63.50,20.778
28092,16233,63.50,20.778
28101,32893,63.50,20.778
28102,16233,63.50,20.778
28110,32893,63.50,20.778
28112,16233,63.50,20.778
28121,32893,63.50,20.778
28122,16233,63.50,20.778
28130,32893,63.50,20.778
28132,16233,63.50,20.778
28141,32893,63.50,20.778
28142,16233,63.50,20.778
28150,32893,63.50,20.778
28152,16233,63.50,20.778
28161,32893,63.50,20.778
28162,16233,63.50,20.778
28170,32893,63.50,20.778
28172,16233,63.50,20.778
28180,32893,63.50,20.778
28182,16233,63.50,20.778
28190,32893,63.50,20.778
28192,16233,63.50,20.778
28201,32893,63.50,20.778
28202,16233,63.50,20.778
28210,32893,63.50,20.778
28212,16233,63.50,20.778
28220,32893,63.50,20.778
28222,16233,63.50,20.778
28230,32893,63.50,20.778
28232,16233,63.50,20.778
28241,32893,63.50,20.778
28242,16233,63.50,20.778
28251,32893,63.50,20.778
28252,16233,63.50,20.778
28260,32893,63.50,20.778
28262,16233,63.50,20.778
28271,32893,63.50,20.778
28272,16233,63.50,20.778
28280,32893,63.50,20.778
28282,16233,63.50,20.778
28290,32893,63.50,20.778
28292,16233,63.50,20.778
28300,32893,63.50,20.778
28302,16233,63.50,20.778
28310,32893,63.50,20.778
28312,16233,63.50,20.778
28320,32893,63.50,20.778
28322,16233,63.50,20.778
28330,32893,63.50,20.778
28332,16233,63.50,20.778
28340,32893,63.50,20.778
28342,16233,63.50,20.778
28350,32893,63.50,20.778
28352,16233,63.50,20.778
28360,32893,63.50,20.778
28362,16233,63.50,20.778
28370,32893,63.50,20.778
28372,16233,63.50,20.778
28380,32893,63.50,20.778
28382,16233,63.50,20.778
28390,32893,63.50,20.778
28392,16233,63.50,20.778
28400,32893,63.50,20.778
28402,16233,63.50,20.778
28410,32893,63.50,20.778
28412,16233,63.50,20.778
28420,32893,63.50,20.778
28422,16233,63.50,20.778
28430,32893,63.50,20.778
28432,16233,63.50,20.778
28441,32893,63.50,20.778
28442,16233,63.50,20.778
28450,32893,63.50,20.778
28452,16233,63.50,20.778
28460,32893,63.50,20.778
28462,16233,63.50,20.778
28470,32893,63.50,20.778
28472,16233,63.50,20.778
28480,32893,63.50,20.778
28482,16233,63.50,20.778
28490,32893,63.50,20.778
28492,16233,63.50,20.778
28500,32893,63.50,20.778
28502,16233,63.50,20.778
28510,32893,63.50,20.778
28512,16233,63.50,20.778
28520,32893,63.50,20.778
28522,16233,63.50,20.778
28530,32893,63.50,20.778
28532,16233,63.50,20.778
28540,32893,63.50,20.778
28542,16233,63.50,20.778
28550,32893,63.50,20.778
28552,16233,63.50,20.778
28560,32893,63.50,20.778
28562,16233,63.50,20.778
28570,32893,63.50,20.778
28572,16233,63.50,20.778
28580,32893,63.50,20.778
28582,16233,63.50,20.778
28590,32893,63.50,20.778
28592,16233,63.50,20.778
28600,32893,63.50,20.778
28602,16233,63.50,20.778
28610,32893,63.50,20.778
28612,16233,63.50,20.778
28620,32893,63.50,20.778
28622,16233,63.50,20.778
28630,32893,63.50,20.778
28632,16233,63.50,20.778
28640,32893,63.50,20.778
28642,16233,63.50,20.778
28650,32893,63.50,20.778
28652,16233,63.50,20.778
28660,32893,63.50,20.778
28662,16233,63.50,20.778
28670,32893,63.50,20.778
28672,16233,63.50,20.778
28680,32893,63.50,20.778
28682,16233,63.50,20.778
28690,32893,63.50,20.778
28692,16233,63.50,20.778
28700,32893,63.50,20.778
28702,16233,63.50,20.778
28710,32893,63.50,20.778
28712,16233,63.50,20.778
28720,32893,63.50,20.778
28722,16233,63.50,20.778
28730,32893,63.50,20.778
28732,16233,63.50,20.778
28740,32893,63.50,20.778
28742,16233,63.50,20.778
28750,32893,63.50,20.778
28752,16233,63.50,20.778
28761,32893,63.50,20.778
28762,16233,63.50,20.778
28770,32893,63.50,20.778
28772,16233,63.50,20.778
28780,32893,63.50,20.778
28782,16233,63.50,20.778
28790,32893,63.50,20.778
28793,16233,63.50,20.778
28800,32893,63.50,20.778
28802,16233,63.50,20.778
28810,32893,63.50,20.778
28812,16233,63.50,20.778
28820,32893,63.50,20.778
28822,16233,63.50,20.778
28831,32893,63.50,20.778
28832,16233,63.50,20.778
28840,32893,63.50,20.778
28842,16233,63.50,20.778
28850,32893,63.50,20.778
28852,16233,63.50,20.778
28860,32893,63.50,20.778
28862,16233,63.50,20.778
28870,32893,63.50,20.778
28872,16233,63.50,20.778
28880,32893,63.50,20.778
28882,16233,63.50,20.778
28890,32893,63.50,20.778
28892,16233,63.50,20.778
28901,32893,63.50,20.778
28902,16233,63.50,20.778
28910,32893,63.50,20.778
28912,16233,63.50,20.778
28920,32893,63.50,20.778
28923,16233,63.50,20.778
28930,32893,63.50,20.778
28933,16233,63.50,20.778
28941,32893,63.50,20.778
28942,16233,63.50,20.778
28950,32893,63.50,20.778
28952,16233,63.50,20.778
28961,32893,63.50,20.778
28962,16233,63.50,20.778
28970,32893,63.50,20.778
28972,16233,63.50,20.778
28980,32893,63.50,20.778
28982,16233,63.50,20.778
28990,32893,63.50,20.778
28992,16233,63.50,20.778
29001,32893,63.50,20.778
29003,16233,63.50,20.778
29010,32893,63.50,20.778
29012,16233,63.50,20.778
29020,32893,63.50,20.778
29022,16233,63.50,20.778
29031,32893,63.50,20.778
29032,16233,63.50,20.778
29041,32893,63.50,20.778
29042,16233,63.50,20.778
29051,32893,63.50,20.778
29052,16233,63.50,20.778
29060,32893,63.50,20.778
29062,16233,63.50,20.778
29071,32893,63.50,20.778
29072,16233,63.50,20.778
29080,32893,63.50,20.778
29082,16233,63.50,20.778
29090,32893,63.50,20.778
29092,16233,63.50,20.778
29100,32893,63.50,20.778
29102,16233,63.50,20.778
29110,32893,63.50,20.778
29112,16233,63.50,20.778
29120,32893,63.50,20.778
29122,16233,63.50,20.778
29130,32893,63.50,20.778
29132,16233,63.50,20.778
29140,32893,63.50,20.778
29142,16233,63.50,20.778
29150,32893,63.50,20.778
29152,16233,63.50,20.778
29160,32893,63.50,20.778
29162,16233,63.50,20.778
29170,32893,63.50,20.778
29172,16233,63.50,20.778
29180,32893,63.50,20.778
29182,16233,63.50,20.778
29190,32893,63.50,20.778
29192,16233,63.50,20.778
29200,32893,63.50,20.778
29202,16233,63.50,20.778
29210,32893,63.50,20.778
29212,16233,63.50,20.778
29221,32893,63.50,20.778
29222,16233,63.50,20.778
29231,32893,63.50,20.778
29232,16233,63.50,20.778
29241,32893,63.50,20.778
29242,16233,63.50,20.778
29250,32893,63.50,20.778
29252,16233,63.50,20.778
29260,32893,63.50,20.778
29262,16233,63.50,20.778
29270,32893,63.50,20.778
29272,16233,63.50,20.778
29280,32893,63.50,20.778
29284,16233,63.50,20.778
29291,32893,63.50,20.778
29292,16233,63.50,20.778
29301,32893,63.50,20.778
29302,16233,63.50,20.778
29310,32893,63.50,20.778
29312,16233,63.50,20.778
29320,32893,63.50,20.778
29322,16233,63.50,20.778
29330,32893,63.50,20.778
29332,16233,63.50,20.778
29340,32893,63.50,20.778
29342,16233,63.50,20.778
29350,32893,63.50,20.778
29352,16233,63.50,20.778
29360,32893,63.50,20.778
29362,16233,63.50,20.778
29371,32893,63.50,20.778
29372,16233,63.50,20.778
29380,32893,63.50,20.778
29382,16233,63.50,20.778
29390,32893,63.50,20.778
29392,16233,63.50,20.778
29400,32893,63.50,20.778
29402,16233,63.50,20.778
29410,32893,63.50,20.778
29412,16233,63.50,20.778
29420,32893,63.50,20.778
29422,16233,63.50,20.778
29430,32893,63.50,20.778
29432,16233,63.50,20.778
29440,32893,63.50,20.778
29442,16233,63.50,20.778
29450,32893,63.50,20.778
29452,16233,63.50,20.778
29461,32893,63.50,20.778
29462,16233,63.50,20.778
29471,32893,63.50,20.778
29472,16233,63.50,20.778
29480,32893,63.50,20.778
29482,16233,63.50,20.778
29491,32893,63.50,20.778
29492,16233,63.50,20.778
29501,32893,63.50,20.778
29502,16233,63.50,20.778
29510,32893,63.50,20.778
29512,16233,63.50,20.778
29520,32893,63.50,20.778
29522,16233,63.50,20.778
29531,32893,63.50,20.778
29532,16233,63.50,20.778
29540,32893,63.50,20.778
29542,16233,63.50,20.778
29550,32893,63.50,20.778
29552,16233,63.50,20.778
29561,32893,63.50,20.778
29562,16233,63.50,20.778
29570,32893,63.50,20.778
29572,16233,63.50,20.778
29580,32893,63.50,20.778
29582,16233,63.50,20.778
29590,32893,63.50,20.778
29592,16233,63.50,20.778
29600,32893,63.50,20.778
29602,16233,63.50,20.778
29610,32893,63.50,20.778
29612,16233,63.50,20.778
29620,32893,63.50,20.778
29622,16233,63.50,20.778
29630,32893,63.50,20.778
29632,16233,63.50,20.778
29640,32893,63.50,20.778
29642,16233,63.50,20.778
29651,32893,63.50,20.778
29652,16233,63.50,20.778
29660,32893,63.50,20.778
29662,16233,63.50,20.778
29670,32893,63.50,20.778
29673,16233,63.50,20.778
29680,32893,63.50,20.778
29682,16233,63.50,20.778
29690,32893,63.50,20.778
29692,16233,63.50,20.778
29700,32893,63.50,20.778
29702,16233,63.50,20.778
29710,32893,63.50,20.778
29712,16233,63.50,20.778
29720,32893,63.50,20.778
29722,16233,63.50,20.778
29730,32893,63.50,20.778
29732,16233,63.50,20.778
29740,32893,63.50,20.778
29742,16233,63.50,20.778
29750,32893,63.50,20.778
29752,16233,63.50,20.778
29760,32893,63.50,20.778
29762,16233,63.50,20.778
29770,32893,63.50,20.778
29772,16233,63.50,20.778
29780,32893,63.50,20.778
29783,16233,63.50,20.778
29790,32893,63.50,20.778
29792,16233,63.50,20.778
29800,32893,63.50,20.778
29802,16233,63.50,20.778
29810,32893,63.50,20.778
29812,16233,63.50,20.778
29820,32893,63.50,20.778
29822,16233,63.50,20.778
29830,32893,63.50,20.778
29832,16233,63.50,20.778
29840,32893,63.50,20.778
29842,16233,63.50,20.778
29850,32893,63.50,20.778
29852,16233,63.50,20.778
29860,32893,63.50,20.778
29862,16233,63.50,20.778
29870,32893,63.50,20.778
29872,16233,63.50,20.778
29880,32893,63.50,20.778
29882,16233,63.50,20.778
29890,32893,63.50,20.778
29892,16233,63.50,20.778
29900,32893,63.50,20.778
29902,16233,63.50,20.778
29910,32893,63.50,20.778
29912,16233,63.50,20.778
29920,32893,63.50,20.778
29922,16233,63.50,20.778
29930,32893,63.50,20.778
29932,16233,63.50,20.778
29941,32893,63.50,20.778
29942,16233,63.50,20.778
29950,32893,63.50,20.778
29952,16233,63.50,20.778
29960,32893,63.50,20.778
29962,16233,63.50,20.778
29970,32893,63.50,20.778
29972,16233,63.50,20.778
29980,32893,63.50,20.778
29982,16233,63.50,20.778
29990,32893,63.50,20.778
29992,16233,63.50,20.778
30001,32893,63.50,20.778
30002,16233,63.50,20.778
30010,32893,63.50,20.778
30012,16233,63.50,20.778
30021,32893,63.50,20.778
30022,16233,63.50,20.778
30031,32893,63.50,20.778
30033,16233,63.50,20.778
30040,32893,63.50,20.778
30042,16233,63.50,20.778
30050,32893,63.50,20.778
30052,16233,63.50,20.778
30060,32893,63.50,20.778
30062,16233,63.50,20.778
30070,32893,63.50,20.778
30072,16233,63.50,20.778
30080,32893,63.50,20.778
30082,16233,63.50,20.778
30090,32893,63.50,20.778
30092,16233,63.50,20.778
30101,32893,63.50,20.778
30102,16233,63.50,20.778
30111,32893,63.50,20.778
30112,16233,63.50,20.778
30120,32893,63.50,20.778
30122,16233,63.50,20.778
30131,32893,63.50,20.778
30132,16233,63.50,20.778
30141,32893,63.50,20.778
30142,16233,63.50,20.778
30150,32893,63.50,20.778
30152,16233,63.50,20.778
30160,32893,63.50,20.778
30162,16233,63.50,20.778
30170,32893,63.50,20.778
30172,16233,63.50,20.778
30180,32893,63.50,20.778
30182,16233,63.50,20.778
30190,32893,63.50,20.778
30192,16233,63.50,20.778
30200,32893,63.50,20.778
30202,16233,63.50,20.778
30211,32893,63.50,20.778
30212,16233,63.50,20.778
30220,32893,63.50,20.778
30222,16233,63.50,20.778
30230,32893,63.50,20.778
30232,16233,63.50,20.778
30240,32893,63.50,20.778
30242,16233,63.50,20.778
30250,32893,63.50,20.778
30252,16233,63.50,20.778
30261,32893,63.50,20.778
30262,16233,63.50,20.778
30270,32893,63.50,20.778
30272,16233,63.50,20.778
30281,32893,63.50,20.778
30282,16233,63.50,20.778
30290,32893,63.50,20.778
30292,16233,63.50,20.778
30300,32893,63.50,20.778
30303,16233,63.50,20.778
30310,32893,63.50,20.778
30312,16233,63.50,20.778
30320,32893,63.50,20.778
30322,16233,63.50,20.778
30330,32893,63.50,20.778
30332,16233,63.50,20.778
30340,32893,63.50,20.778
30342,16233,63.50,20.778
30350,32893,63.50,20.778
30352,16233,63.50,20.778
30360,32893,63.50,20.778
30362,16233,63.50,20.778
30370,32893,63.50,20.778
30372,16233,63.50,20.778
30380,32893,63.50,20.778
30382,16233,63.50,20.778
30390,32893,63.50,20.778
30392,16233,63.50,20.778
30400,32893,63.50,20.778
30402,16233,63.50,20.778
30410,32893,63.50,20.778
30412,16233,63.50,20.778
30420,32893,63.50,20.778
30422,16233,63.50,20.778
30430,32893,63.50,20.778
30432,16233,63.50,20.778
30440,32893,63.50,20.778
30442,16233,63.50,20.778
30450,32893,63.50,20.778
30452,16233,63.50,20.778
30460,32893,63.50,20.778
30462,16233,63.50,20.778
30470,32893,63.50,20.778
30474,16233,63.50,20.778
30481,32893,63.50,20.778
30482,16233,63.50,20.778
30490,32893,63.50,20.778
30492,16233,63.50,20.778
30500,32893,63.50,20.778
30502,16233,63.50,20.778
30510,32893,63.50,20.778
30512,16233,63.50,20.778
30520,32893,63.50,20.778
30522,16233,63.50,20.778
30530,32893,63.50,20.778
30532,16233,63.50,20.778
30540,32893,63.50,20.778
30542,16233,63.50,20.778
30550,32893,63.50,20.778
30552,16233,63.50,20.778
30561,32893,63.50,20.778
30562,16233,63.50,20.778
30571,32893,63.50,20.778
30572,16233,63.50,20.778
30580,32893,63.50,20.778
30582,16233,63.50,20.778
30591,32893,63.50,20.778
30592,16233,63.50,20.778
30601,32893,63.50,20.778
30602,16233,63.50,20.778
30610,32893,63.50,20.778
30612,16233,63.50,20.778
30620,32893,63.50,20.778
30622,16233,63.50,20.778
30630,32893,63.50,20.778
30632,16233,63.50,20.778
30640,32893,63.50,20.778
30642,16233,63.50,20.778
30650,32893,63.50,20.778
30652,16233,63.50,20.778
30660,32893,63.50,20.778
30662,16233,63.50,20.778
30670,32893,63.50,20.778
30672,16233,63.50,20.778
30680,32893,63.50,20.778
30682,16233,63.50,20.778
30690,32893,63.50,20.778
30692,16233,63.50,20.778
30700,32893,63.50,20.778
30702,16233,63.50,20.778
30710,32893,63.50,20.778
30712,16233,63.50,20.778
30720,32893,63.50,20.778
30722,16233,63.50,20.778
30731,32893,63.50,20.778
30732,16233,63.50,20.778
30741,32893,63.50,20.778
30742,16233,63.50,20.778
30750,32893,63.50,20.778
30752,16233,63.50,20.778
30760,32893,63.50,20.778
30762,16233,63.50,20.778
30771,32893,63.50,20.778
30772,16233,63.50,20.778
30780,32893,63.50,20.778
30782,16233,63.50,20.778
30790,32893,63.50,20.778
30792,16233,63.50,20.778
30801,32893,63.50,20.778
30802,16233,63.50,20.778
30810,32893,63.50,20.778
30812,16233,63.50,20.778
30820,32893,63.50,20.778
30822,16233,63.50,20.778
30830,32893,63.50,20.778
30832,16233,63.50,20.778
30840,32893,63.50,20.778
30842,16233,63.50,20.778
30850,32893,63.50,20.778
30852,16233,63.50,20.778
30860,32893,63.50,20.778
30862,16233,63.50,20.778
30871,32893,63.50,20.778
30873,16233,63.50,20.778
30881,32893,63.50,20.778
30882,16233,63.50,20.778
30890,32893,63.50,20.778
30892,16233,63.50,20.778
30900,32893,63.50,20.778
30902,16233,63.50,20.778
30910,32893,63.50,20.778
30912,16233,63.50,20.778
30920,32893,63.50,20.778
30922,16233,63.50,20.778
30930,32893,63.50,20.778
30932,16233,63.50,20.778
30940,32893,63.50,20.778
30942,16233,63.50,20.778
30950,32893,63.50,20.778
30952,16233,63.50,20.778
30961,32893,63.50,20.778
30962,16233,63.50,20.778
30971,32893,63.50,20.778
30972,16233,63.50,20.778
30980,32893,63.50,20.778
30982,16233,63.50,20.778
30991,32893,63.50,20.778
30992,16233,63.50,20.778
31000,32893,63.50,20.778
31002,16233,63.50,20.778
31010,32893,63.50,20.778
31012,16233,63.50,20.778
31021,32893,63.50,20.778
31022,16233,63.50,20.778
31030,32893,63.50,20.778
31033,16233,63.50,20.778
31041,32893,63.50,20.778
31042,16233,63.50,20.778
31050,32893,63.50,20.778
31053,16233,63.50,20.778
31061,32893,63.50,20.778
31062,16233,63.50,20.778
31070,32893,63.50,20.778
31072,16233,63.50,20.778
31080,32893,63.50,20.778
31082,16233,63.50,20.778
31090,32893,63.50,20.778
31092,16233,63.50,20.778
31100,32893,63.50,20.778
31102,16233,63.50,20.778
31111,32893,63.50,20.778
31112,16233,63.50,20.778
31121,32893,63.50,20.778
31122,16233,63.50,20.778
31130,32893,63.50,20.778
31132,16233,63.50,20.778
31141,32893,63.50,20.778
31142,16233,63.50,20.778
31151,32893,63.50,20.778
31152,16233,63.50,20.778
31160,32893,63.50,20.778
31162,16233,63.50,20.778
31170,32893,63.50,20.778
31172,16233,63.50,20.778
31180,32893,63.50,20.778
31182,16233,63.50,20.778
31190,32893,63.50,20.778
31192,16233,63.50,20.778
31200,32893,63.50,20.778
31203,16233,63.50,20.778
31210,32893,63.50,20.778
31212,16233,63.50,20.778
31220,32893,63.50,20.778
31222,16233,63.50,20.778
31231,32893,63.50,20.778
31232,16233,63.50,20.778
31241,32893,63.50,20.778
31242,16233,63.50,20.778
31250,32893,63.50,20.778
31252,16233,63.50,20.778
31260,32893,63.50,20.778
31262,16233,63.50,20.778
31270,32893,63.50,20.778
31272,16233,63.50,20.778
31280,32893,63.50,20.778
31282,16233,63.50,20.778
31290,32893,63.50,20.778
31292,16233,63.50,20.778
31300,32893,63.50,20.778
31302,16233,63.50,20.778
31310,32893,63.50,20.778
31312,16233,63.50,20.778
31320,32893,63.50,20.778
31322,16233,63.50,20.778
31330,32893,63.50,20.778
31332,16233,63.50,20.778
31340,32893,63.50,20.778
31342,16233,63.50,20.778
31350,32893,63.50,20.778
31352,16233,63.50,20.778
31360,32893,63.50,20.778
31362,16233,63.50,20.778
31370,32893,63.50,20.778
31373,16233,63.50,20.778
31380,32893,63.50,20.778
31382,16233,63.50,20.778
31390,32893,63.50,20.778
31392,16233,63.50,20.778
31400,32893,63.50,20.778
31402,16233,63.50,20.778
31410,32893,63.50,20.778
31412,16233,63.50,20.778
31420,32893,63.50,20.778
31422,16233,63.50,20.778
31430,32893,63.50,20.778
31432,16233,63.50,20.778
31441,32893,63.50,20.778
31442,16233,63.50,20.778
31450,32893,63.50,20.778
31452,16233,63.50,20.778
31460,32893,63.50,20.778
31462,16233,63.50,20.778
31470,32893,63.50,20.778
31472,16233,63.50,20.778
31480,32893,63.50,20.778
31482,16233,63.50,20.778
31490,32893,63.50,20.778
31492,16233,63.50,20.778
31500,32893,63.50,20.778
31502,16233,63.50,20.778
31510,32893,63.50,20.778
31512,16233,63.50,20.778
31520,32893,63.50,20.778
31522,16233,63.50,20.778
31530,32893,63.50,20.778
31532,16233,63.50,20.778
31540,32893,63.50,20.778
31542,16233,63.50,20.778
31550,32893,63.50,20.778
31552,16233,63.50,20.778
31561,32893,63.50,20.778
31562,16233,63.50,20.778
31571,32893,63.50,20.778
31572,16233,63.50,20.778
31580,32893,63.50,20.778
31582,16233,63.50,20.778
31590,32893,63.50,20.778
31592,16233,63.50,20.778
31601,32893,63.50,20.778
31602,16233,63.50,20.778
31610,32893,63.50,20.778
31612,16233,63.50,20.778
31620,32893,63.50,20.778
31622,16233,63.50,20.778
31630,32893,63.50,20.778
31632,16233,63.50,20.778
31640,32893,63.50,20.778
31642,16233,63.50,20.778
31650,32893,63.50,20.778
31652,16233,63.50,20.778
31660,32893,63.50,20.778
31662,16233,63.50,20.778
31670,32893,63.50,20.778
31672,16233,63.50,20.778
31680,32893,63.50,20.778
31682,16233,63.50,20.778
31691,32893,63.50,20.778
31692,16233,63.50,20.778
31701,32893,63.50,20.778
31702,16233,63.50,20.778
31710,32893,63.50,20.778
31712,16233,63.50,20.778
31721,32893,63.50,20.778
31722,16233,63.50,20.778
31730,32893,63.50,20.778
31732,16233,63.50,20.778
31741,32893,63.50,20.778
31742,16233,63.50,20.778
31750,32893,63.50,20.778
31752,16233,63.50,20.778
31760,32893,63.50,20.778
31763,16233,63.50,20.778
31770,32893,63.50,20.778
31772,16233,63.50,20.778
31780,32893,63.50,20.778
31782,16233,63.50,20.778
31790,32893,63.50,20.778
31792,16233,63.50,20.778
31800,32893,63.50,20.778
31802,16233,63.50,20.778
31810,32893,63.50,20.778
31812,16233,63.50,20.778
31820,32893,63.50,20.778
31822,16233,63.50,20.778
31830,32893,63.50,20.778
31832,16233,63.50,20.778
31841,32893,63.50,20.778
31842,16233,63.50,20.778
31850,32893,63.50,20.778
31852,16233,63.50,20.778
31860,32893,63.50,20.778
31862,16233,63.50,20.778
31870,32893,63.50,20.778
31872,16233,63.50,20.778
31880,32893,63.50,20.778
31882,16233,63.50,20.778
31890,32893,63.50,20.778
31892,16233,63.50,20.778
31900,32893,63.50,20.778
31902,16233,63.50,20.778
31910,32893,63.50,20.778
31912,16233,63.50,20.778
31920,32893,63.50,20.778
31922,16233,63.50,20.778
31930,32893,63.50,20.778
31932,16233,63.50,20.778
31940,32893,63.50,20.778
31943,16233,63.50,20.778
31950,32893,63.50,20.778
31952,16233,63.50,20.778
31960,32893,63.50,20.778
31962,16233,63.50,20.778
31970,32893,63.50,20.778
31972,16233,63.50,20.778
31980,32893,63.50,20.778
31982,16233,63.50,20.778
31990,32893,63.50,20.778
31992,16233,63.50,20.778
32000,32893,63.50,20.778
32002,16233,63.50,20.778
32010,32893,63.50,20.778
32012,16233,63.50,20.778
32020,32893,63.50,20.778
32022,16233,63.50,20.778
32031,32893,63.50,20.778
32032,16233,63.50,20.778
32040,32893,63.50,20.778
32042,16233,63.50,20.778
32051,32893,63.50,20.778
32052,16233,63.50,20.778
32061,32893,63.50,20.778
32062,16233,63.50,20.778
32070,32893,63.50,20.778
32072,16233,63.50,20.778
32080,32893,63.50,20.778
32082,16233,63.50,20.778
32090,32893,63.50,20.778
32092,16233,63.50,20.778
32100,32893,63.50,20.778
32102,16233,63.50,20.778
32110,32893,63.50,20.778
32112,16233,63.50,20.778
32120,32893,63.50,20.778
32122,16233,63.50,20.778
32130,32893,63.50,20.778
32132,16233,63.50,20.778
32140,32893,63.50,20.778
32142,16233,63.50,20.778
32150,32893,63.50,20.778
32152,16233,63.50,20.778
32161,32893,63.50,20.778
32162,16233,63.50,20.778
32170,32893,63.50,20.778
32172,16233,63.50,20.778
32181,32893,63.50,20.778
32182,16233,63.50,20.778
32190,32893,63.50,20.778
32192,16233,63.50,20.778
32201,32893,63.50,20.778
32202,16233,63.50,20.778
32210,32893,63.50,20.778
32212,16233,63.50,20.778
32220,32893,63.50,20.778
32222,16233,63.50,20.778
32230,32893,63.50,20.778
32232,16233,63.50,20.778
32240,32893,63.50,20.778
32242,16233,63.50,20.778
32250,32893,63.50,20.778
32253,16233,63.50,20.778
32260,32893,63.50,20.778
32262,16233,63.50,20.778
32271,32893,63.50,20.778
32272,16233,63.50,20.778
32280,32893,63.50,20.778
32282,16233,63.50,20.778
32291,32893,63.50,20.778
32292,16233,63.50,20.778
32300,32893,63.50,20.778
32302,16233,63.50,20.778
32310,32893,63.50,20.778
32312,16233,63.50,20.778
32320,32893,63.50,20.778
32322,16233,63.50,20.778
32330,32893,63.50,20.778
32332,16233,63.50,20.778
32340,32893,63.50,20.778
32342,16233,63.50,20.778
32350,32893,63.50,20.778
32352,16233,63.50,20.778
32360,32893,63.50,20.778
32362,16233,63.50,20.778
32370,32893,63.50,20.778
32372,16233,63.50,20.778
32380,32893,63.50,20.778
32382,16233,63.50,20.778
32390,32893,63.50,20.778
32392,16233,63.50,20.778
32401,32893,63.50,20.778
32402,16233,63.50,20.778
32410,32893,63.50,20.778
32412,16233,63.50,20.778
32420,32893,63.50,20.778
32422,16233,63.50,20.778
32430,32893,63.50,20.778
32432,16233,63.50,20.778
32440,32893,63.50,20.778
32442,16233,63.50,20.778
32451,32893,63.50,20.778
32452,16233,63.50,20.778
32460,32893,63.50,20.778
32462,16233,63.50,20.778
32470,32893,63.50,20.778
32472,16233,63.50,20.778
32480,32893,63.50,20.778
32482,16233,63.50,20.778
32490,32893,63.50,20.778
32493,16233,63.50,20.778
32500,32893,63.50,20.778
32502,16233,63.50,20.778
32510,32893,63.50,20.778
32512,16233,63.50,20.778
32520,32893,63.50,20.778
32522,16233,63.50,20.778
32530,32893,63.50,20.778
32532,16233,63.50,20.778
32540,32893,63.50,20.778
32542,16233,63.50,20.778
32550,32893,63.50,20.778
32552,16233,63.50,20.778
32560,32893,63.50,20.778
32562,16233,63.50,20.778
32570,32893,63.50,20.778
32572,16233,63.50,20.778
32580,32893,63.50,20.778
32582,16233,63.50,20.778
32590,32893,63.50,20.778
32592,16233,63.50,20.778
32601,32893,63.50,20.778
32602,16233,63.50,20.778
32610,32893,63.50,20.778
32612,16233,63.50,20.778
32620,32893,63.50,20.778
32622,16233,63.50,20.778
32630,32893,63.50,20.778
32632,16233,63.50,20.778
32640,32893,63.50,20.778
32642,16233,63.50,20.778
32650,32893,63.50,20.778
32652,16233,63.50,20.778
32660,32893,63.50,20.778
32662,16233,63.50,20.778
32670,32893,63.50,20.778
32673,16233,63.50,20.778
32680,32893,63.50,20.778
32682,16233,63.50,20.778
32690,32893,63.50,20.778
32692,16233,63.50,20.778
32701,32893,63.50,20.778
32702,16233,63.50,20.778
32710,32893,63.50,20.778
32712,16233,63.50,20.778
32720,32893,63.50,20.778
32722,16233,63.50,20.778
32730,32893,63.50,20.778
32732,16233,63.50,20.778
32740,32893,63.50,20.778
32742,16233,63.50,20.778
32750,32893,63.50,20.778
32752,16233,63.50,20.778
32760,32893,63.50,20.778
32762,16233,63.50,20.778
32770,32893,63.50,20.778
32772,16233,63.50,20.778
32781,32893,63.50,20.778
32782,16233,63.50,20.778
32791,32893,63.50,20.778
32792,16233,63.50,20.778
32801,32893,63.50,20.778
32802,16233,63.50,20.778
32811,32893,63.50,20.778
32813,16233,63.50,20.778
32821,32893,63.50,20.778
32822,16233,63.50,20.778
32830,32893,63.50,20.778
32832,16233,63.50,20.778
32840,32893,63.50,20.778
32842,16233,63.50,20.778
32851,32893,63.50,20.778
32852,16233,63.50,20.778
32860,32893,63.50,20.778
32862,16233,63.50,20.778
32870,32893,63.50,20.778
32873,16233,63.50,20.778
32881,32893,63.50,20.778
32882,16233,63.50,20.778
32890,32893,63.50,20.778
32892,16233,63.50,20.778
32901,32893,63.50,20.778
32902,16233,63.50,20.778
32911,32893,63.50,20.778
32912,16233,63.50,20.778
32920,32893,63.50,20.778
32922,16233,63.50,20.778
32931,32893,63.50,20.778
32932,16233,63.50,20.778
32941,32893,63.50,20.778
32943,16233,63.50,20.778
32951,32893,63.50,20.778
32952,16233,63.50,20.778
32961,32893,63.50,20.778
32963,16233,63.50,20.778
32971,32893,63.50,20.778
32972,16233,63.50,20.778
32980,32893,63.50,20.778
32982,16233,63.50,20.778
32990,32893,63.50,20.778
32992,16233,63.50,20.778
33000,32893,63.50,20.778
33002,16233,63.50,20.778
33010,32893,63.50,20.778
33012,16233,63.50,20.778
33020,32893,63.50,20.778
33022,16233,63.50,20.778
33030,32893,63.50,20.778
33032,16233,63.50,20.778
33041,32893,63.50,20.778
33042,16233,63.50,20.778
33050,32893,63.50,20.778
33052,16233,63.50,20.778
33060,32893,63.50,20.778
33062,16233,63.50,20.778
33070,32893,63.50,20.778
33072,16233,63.50,20.778
33080,32893,63.50,20.778
33082,16233,63.50,20.778
33091,32893,63.50,20.778
33092,16233,63.50,20.778
33101,32893,63.50,20.778
33102,16233,63.50,20.778
33110,32893,63.50,20.778
33112,16233,63.50,20.778
33120,32893,63.50,20.778
33122,16233,63.50,20.778
33130,32893,63.50,20.778
33132,16233,63.50,20.778
33141,32893,63.50,20.778
33142,16233,63.50,20.778
33150,32893,63.50,20.778
33152,16233,63.50,20.778
33161,32893,63.50,20.778
33162,16233,63.50,20.778
33170,32893,63.50,20.778
33172,16233,63.50,20.778
33180,32893,63.50,20.778
33182,16233,63.50,20.778
33190,32893,63.50,20.778
33192,16233,63.50,20.778
33200,32893,63.50,20.778
33202,16233,63.50,20.778
33210,32893,63.50,20.778
33212,16233,63.50,20.778
33221,32893,63.50,20.778
33222,16233,63.50,20.778
33231,32893,63.50,20.778
33232,16233,63.50,20.778
33240,32893,63.50,20.778
33242,16233,63.50,20.778
33251,32893,63.50,20.778
33252,16233,63.50,20.778
33261,32893,63.50,20.778
33262,16233,63.50,20.778
33271,32893,63.50,20.778
33272,16233,63.50,20.778
33281,32893,63.50,20.778
33282,16233,63.50,20.778
33291,32893,63.50,20.778
33292,16233,63.50,20.778
33300,32893,63.50,20.778
33303,16233,63.50,20.778
33310,32893,63.50,20.778
33312,16233,63.50,20.778
33320,32893,63.50,20.778
33322,16233,63.50,20.778
33330,32893,63.50,20.778
33332,16233,63.50,20.778
33341,32893,63.50,20.778
33342,16233,63.50,20.778
33351,32893,63.50,20.778
33352,16233,63.50,20.778
33361,32893,63.50,20.778
33362,16233,63.50,20.778
33370,32893,63.50,20.778
33372,16233,63.50,20.778
33380,32893,63.50,20.778
33382,16233,63.50,20.778
33391,32893,63.50,20.778
33392,16233,63.50,20.778
33400,32893,63.50,20.778
33402,16233,63.50,20.778
33410,32893,63.50,20.778
33412,16233,63.50,20.778
33421,32893,63.50,20.778
33422,16233,63.50,20.778
33431,32893,63.50,20.778
33433,16233,63.50,20.778
33441,32893,63.50,20.778
33442,16233,63.50,20.778
33450,32893,63.50,20.778
33452,16233,63.50,20.778
33460,32893,63.50,20.778
33462,16233,63.50,20.778
33470,32893,63.50,20.778
33472,16233,63.50,20.778
33480,32893,63.50,20.778
33482,16233,63.50,20.778
33491,32893,63.50,20.778
33492,16233,63.50,20.778
33500,32893,63.50,20.778
33502,16233,63.50,20.778
33511,32893,63.50,20.778
33512,16233,63.50,20.778
33520,32893,63.50,20.778
33522,16233,63.50,20.778
33531,32893,63.50,20.778
33532,16233,63.50,20.778
33541,32893,63.50,20.778
33542,16233,63.50,20.778
33550,32893,63.50,20.778
33552,16233,63.50,20.778
33560,32893,63.50,20.778
33562,16233,63.50,20.778
33570,32893,63.50,20.778
33572,16233,63.50,20.778
33580,32893,63.50,20.778
33583,16233,63.50,20.778
33590,32893,63.50,20.778
33592,16233,63.50,20.778
33600,32893,63.50,20.778
33602,16233,63.50,20.778
33611,32893,63.50,20.778
33612,16233,63.50,20.778
33620,32893,63.50,20.778
33622,16233,63.50,20.778
33630,32893,63.50,20.778
33632,16233,63.50,20.778
33641,32893,63.50,20.778
33642,16233,63.50,20.778
33650,32893,63.50,20.778
33652,16233,63.50,20.778
33660,32893,63.50,20.778
33662,16233,63.50,20.778
33670,32893,63.50,20.778
33672,16233,63.50,20.778
33680,32893,63.50,20.778
33682,16233,63.50,20.778
33690,32893,63.50,20.778
33692,16233,63.50,20.778
33700,32893,63.50,20.778
33702,16233,63.50,20.778
33710,32893,63.50,20.778
33712,16233,63.50,20.778
33720,32893,63.50,20.778
33722,16233,63.50,20.778
33730,32893,63.50,20.778
33732,16233,63.50,20.778
33740,32893,63.50,20.778
33742,16233,63.50,20.778
33750,32893,63.50,20.778
33752,16233,63.50,20.778
33760,32893,63.50,20.778
33762,16233,63.50,20.778
33770,32893,63.50,20.778
33772,16233,63.50,20.778
33780,32893,63.50,20.778
33782,16233,63.50,20.778
33790,32893,63.50,20.778
33792,16233,63.50,20.778
33800,32893,63.50,20.778
33802,16233,63.50,20.778
33810,32893,63.50,20.778
33812,16233,63.50,20.778
33820,32893,63.50,20.778
33823,16233,63.50,20.778
33831,32893,63.50,20.778
33832,16233,63.50,20.778
33840,32893,63.50,20.778
33842,16233,63.50,20.778
33850,32893,63.50,20.778
33852,16233,63.50,20.778
33860,32893,63.50,20.778
33862,16233,63.50,20.778
33871,32893,63.50,20.778
33872,16233,63.50,20.778
33880,32893,63.50,20.778
33882,16233,63.50,20.778
33890,32893,63.50,20.778
33892,16233,63.50,20.778
33900,32893,63.50,20.778
33903,16233,63.50,20.778
33910,32893,63.50,20.778
33912,16233,63.50,20.778
33920,32893,63.50,20.778
33922,16233,63.50,20.778
33930,32893,63.50,20.778
33932,16233,63.50,20.778
33940,32893,63.50,20.778
33942,16233,63.50,20.778
33950,32893,63.50,20.778
33952,16233,63.50,20.778
33961,32893,63.50,20.778
33962,16233,63.50,20.778
33971,32893,63.50,20.778
33972,16233,63.50,20.778
33980,32893,63.50,20.778
33982,16233,63.50,20.778
33990,32893,63.50,20.778
33992,16233,63.50,20.778
34000,32893,63.50,20.778
34002,16233,63.50,20.778
34010,32893,63.50,20.778
34012,16233,63.50,20.778
34020,32893,63.50,20.778
34022,16233,63.50,20.778
34031,32893,63.50,20.778
34032,16233,63.50,20.778
34041,32893,63.50,20.778
34042,16233,63.50,20.778
34050,32893,63.50,20.778
34052,16233,63.50,20.778
34060,32893,63.50,20.778
34062,16233,63.50,20.778
34070,32893,63.50,20.778
34072,16233,63.50,20.778
34080,32893,63.50,20.778
34082,16233,63.50,20.778
34090,32893,63.50,20.778
34092,16233,63.50,20.778
34100,32893,63.50,20.778
34102,16233,63.50,20.778
34110,32893,63.50,20.778
34112,16233,63.50,20.778
34120,32893,63.50,20.778
34123,16233,63.50,20.778
34130,32893,63.50,20.778
34132,16233,63.50,20.778
34140,32893,63.50,20.778
34142,16233,63.50,20.778
34150,32893,63.50,20.778
34152,16233,63.50,20.778
34160,32893,63.50,20.778
34162,16233,63.50,20.778
34170,32893,63.50,20.778
34172,16233,63.50,20.778
34181,32893,63.50,20.778
34183,16233,63.50,20.778
34190,32893,63.50,20.778
34192,16233,63.50,20.778
34200,32893,63.50,20.778
34202,16233,63.50,20.778
34210,32893,63.50,20.778
34212,16233,63.50,20.778
34220,32893,63.50,20.778
34222,16233,63.50,20.778
34230,32893,63.50,20.778
34232,16233,63.50,20.778
34240,32893,63.50,20.778
34242,16233,63.50,20.778
34250,32893,63.50,20.778
34252,16233,63.50,20.778
34260,32893,63.50,20.778
34262,16233,63.50,20.778
34270,32893,63.50,20.778
34272,16233,63.50,20.778
34281,32893,63.50,20.778
34282,16233,63.50,20.778
34290,32893,63.50,20.778
34292,16233,63.50,20.778
34300,32893,63.50,20.778
34302,16233,63.50,20.778
34310,32893,63.50,20.778
34312,16233,63.50,20.778
34320,32893,63.50,20.778
34322,16233,63.50,20.778
34330,32893,63.50,20.778
34332,16233,63.50,20.778
34340,32893,63.50,20.778
34342,16233,63.50,20.778
34350,32893,63.50,20.778
34352,16233,63.50,20.778
34360,32893,63.50,20.778
34362,16233,63.50,20.778
34370,32893,63.50,20.778
34372,16233,63.50,20.778
34380,32893,63.50,20.778
34382,16233,63.50,20.778
34390,32893,63.50,20.778
34393,16233,63.50,20.778
34400,32893,63.50,20.778
34402,16233,63.50,20.778
34410,32893,63.50,20.778
34412,16233,63.50,20.778
34421,32893,63.50,20.778
34422,16233,63.50,20.778
34430,32893,59.00,19.305
34432,16233,63.50,20.778
34440,32893,59.00,19.305
34442,16233,63.50,20.778
34450,32893,59.00,19.305
34452,16233,63.50,20.778
34460,32893,59.00,19.305
34462,16233,63.50,20.778
34470,32893,59.00,19.305
34472,16233,63.50,20.778
34480,32893,59.00,19.305
34482,16233,63.50,20.778
34491,32893,59.00,19.305
34492,16233,63.50,20.778
34500,32893,59.00,19.305
34502,16233,63.50,20.778
34511,32893,59.00,19.305
34512,16233,63.50,20.778
34520,32893,59.00,19.305
34522,16233,63.50,20.778
34530,32893,59.00,19.305
34532,16233,63.50,20.778
34540,32893,59.00,19.305
34542,16233,63.50,20.778
34550,32893,59.00,19.305
34552,16233,63.50,20.778
34560,32893,59.00,19.305
34562,16233,63.50,20.778
34570,32893,59.00,19.305
34572,16233,63.50,20.778
34580,32893,59.00,19.305
34582,16233,63.50,20.778
34590,32893,59.00,19.305
34592,16233,63.50,20.778
34600,32893,59.00,19.305
34602,16233,63.50,20.778
34610,32893,59.00,19.305
34612,16233,63.50,20.778
34620,32893,59.00,19.305
34622,16233,63.50,20.778
34630,32893,59.00,19.305
34632,16233,63.50,20.778
34640,32893,59.00,19.305
34642,16233,63.50,20.778
34650,32893,59.00,19.305
34652,16233,63.50,20.778
34660,32893,59.00,19.305
34662,16233,63.50,20.778
34670,32893,59.00,19.305
34672,16233,63.50,20.778
34680,32893,59.00,19.305
34682,16233,63.50,20.778
34690,32893,59.00,19.305
34692,16233,63.50,20.778
34700,32893,59.00,19.305
34702,16233,63.50,20.778
34710,32893,59.00,19.305
34712,16233,63.50,20.778
34720,32893,59.00,19.305
34722,16233,63.50,20.778
34730,32893,59.00,19.305
34732,16233,63.50,20.778
34741,32893,59.00,19.305
34742,16233,63.50,20.778
34750,32893,59.00,19.305
34752,16233,63.50,20.778
34760,32893,59.00,19.305
34762,16233,63.50,20.778
34771,32893,59.00,19.305
34772,16233,63.50,20.778
34780,32893,59.00,19.305
34782,16233,63.50,20.778
34790,32893,59.00,19.305
34792,16233,63.50,20.778
34800,32893,59.00,19.305
34802,16233,63.50,20.778
34810,32893,59.00,19.305
34812,16233,63.50,20.778
34820,32893,59.00,19.305
34822,16233,63.50,20.778
34830,32893,59.00,19.305
34832,16233,63.50,20.778
34841,32893,59.00,19.305
34842,16233,63.50,20.778
34850,32893,59.00,19.305
34852,16233,63.50,20.778
34860,32893,59.00,19.305
34862,16233,63.50,20.778
34870,32893,59.00,19.305
34872,16233,63.50,20.778
34880,32893,59.00,19.305
34882,16233,63.50,20.778
34890,32893,59.00,19.305
34892,16233,63.50,20.778
34900,32893,59.00,19.305
34902,16233,63.50,20.778
34910,32893,59.00,19.305
34912,16233,63.50,20.778
34920,32893,59.00,19.305
34922,16233,63.50,20.778
34930,32893,59.00,19.305
34932,16233,63.50,20.778
34940,32893,59.00,19.305
34942,16233,63.50,20.778
34950,32893,59.00,19.305
34952,16233,63.50,20.778
34960,32893,59.00,19.305
34962,16233,63.50,20.778
34970,32893,59.00,19.305
34972,16233,63.50,20.778
34980,32893,59.00,19.305
34983,16233,63.50,20.778
34990,32893,59.00,19.305
34992,16233,63.50,20.778
35001,32893,59.00,19.305
35002,16233,63.50,20.778
35010,32893,59.00,19.305
35012,16233,63.50,20.778
35020,32893,59.00,19.305
35022,16233,63.50,20.778
35031,32893,59.00,19.305
35032,16233,63.50,20.778
35041,32893,59.00,19.305
35042,16233,63.50,20.778
35050,32893,59.00,19.305
35052,16233,63.50,20.778
35061,32893,59.00,19.305
35062,16233,63.50,20.778
35070,32893,59.00,19.305
35072,16233,63.50,20.778
35080,32893,59.00,19.305
35082,16233,63.50,20.778
35090,32893,59.00,19.305
35092,16233,63.50,20.778
35100,32893,59.00,19.305
35102,16233,63.50,20.778
35110,32893,59.00,19.305
35112,16233,63.50,20.778
35120,32893,59.00,19.305
35122,16233,63.50,20.778
35130,32893,59.00,19.305
35132,16233,63.50,20.778
35140,32893,59.00,19.305
35142,16233,63.50,20.778
35150,32893,59.00,19.305
35152,16233,63.50,20.778
35160,32893,59.00,19.305
35162,16233,63.50,20.778
35170,32893,59.00,19.305
35172,16233,63.50,20.778
35180,32893,59.00,19.305
35182,16233,63.50,20.778
35190,32893,59.00,19.305
35192,16233,63.50,20.778
35200,32893,59.00,19.305
35202,16233,63.50,20.778
35210,32893,59.00,19.305
35212,16233,63.50,20.778
35220,32893,59.00,19.305
35222,16233,63.50,20.778
35230,32893,59.00,19.305
35232,16233,63.50,20.778
35240,32893,59.00,19.305
35242,16233,63.50,20.778
35250,32893,59.00,19.305
35252,16233,63.50,20.778
35260,32893,59.00,19.305
35262,16233,63.50,20.778
35270,32893,59.00,19.305
35272,16233,63.50,20.778
35280,32893,59.00,19.305
35282,16233,63.50,20.778
35290,32893,59.00,19.305
35292,16233,63.50,20.778
35300,32893,59.00,19.305
35302,16233,63.50,20.778
35310,32893,59.00,19.305
35312,16233,63.50,20.778
35321,32893,59.00,19.305
35322,16233,63.50,20.778
35330,32893,59.00,19.305
35332,16233,63.50,20.778
35340,32893,59.00,19.305
35342,16233,63.50,20.778
35350,32893,59.00,19.305
35352,16233,63.50,20.778
35360,32893,59.00,19.305
35363,16233,63.50,20.778
35370,32893,59.00,19.305
35372,16233,63.50,20.778
35380,32893,59.00,19.305
35382,16233,63.50,20.778
35391,32893,59.00,19.305
35392,16233,63.50,20.778
35400,32893,59.00,19.305
35402,16233,63.50,20.778
35410,32893,59.00,19.305
35412,16233,63.50,20.778
35420,32893,59.00,19.305
35422,16233,63.50,20.778
35430,32893,59.00,19.305
35432,16233,63.50,20.778
35440,32893,59.00,19.305
35442,16233,63.50,20.778
35450,32893,59.00,19.305
35452,16233,63.50,20.778
35460,32893,59.00,19.305
35462,16233,63.50,20.778
35471,32893,59.00,19.305
35472,16233,63.50,20.778
35480,32893,59.00,19.305
35482,16233,63.50,20.778
35490,32893,59.00,19.305
35492,16233,63.50,20.778
35500,32893,59.00,19.305
35502,16233,63.50,20.778
35510,32893,59.00,19.305
35512,16233,63.50,20.778
35520,32893,59.00,19.305
35522,16233,63.50,20.778
35531,32893,59.00,19.305
35532,16233,63.50,20.778
35541,32893,59.00,19.305
35542,16233,63.50,20.778
35550,32893,59.00,19.305
35552,16233,63.50,20.778
35560,32893,59.00,19.305
35562,16233,63.50,20.778
35570,32893,59.00,19.305
35572,16233,63.50,20.778
35580,32893,59.00,19.305
35582,16233,63.50,20.778
35590,32893,59.00,19.305
35592,16233,63.50,20.778
35600,32893,59.00,19.305
35602,16233,63.50,20.778
35610,32893,59.00,19.305
35612,16233,63.50,20.778
35620,32893,59.00,19.305
35622,16233,63.50,20.778
35630,32893,59.00,19.305
35632,16233,63.50,20.778
35640,32893,59.00,19.305
35642,16233,63.50,20.778
35650,32893,59.00,19.305
35652,16233,63.50,20.778
35660,32893,59.00,19.305
35662,16233,63.50,20.778
35670,32893,59.00,19.305
35672,16233,63.50,20.778
35680,32893,59.00,19.305
35682,16233,63.50,20.778
35690,32893,59.00,19.305
35692,16233,63.50,20.778
35700,32893,59.00,19.305
35702,16233,63.50,20.778
35710,32893,59.00,19.305
35712,16233,63.50,20.778
35720,32893,59.00,19.305
35722,16233,63.50,20.778
35730,32893,59.00,19.305
35732,16233,63.50,20.778
35740,32893,59.00,19.305
35742,16233,63.50,20.778
35751,32893,59.00,19.305
35752,16233,63.50,20.778
35760,32893,59.00,19.305
35762,16233,63.50,20.778
35770,32893,59.00,19.305
35772,16233,63.50,20.778
35780,32893,59.00,19.305
35782,16233,63.50,20.778
35790,32893,59.00,19.305
35792,16233,63.50,20.778
35800,32893,59.00,19.305
35802,16233,63.50,20.778
35810,32893,59.00,19.305
35812,16233,63.50,20.778
35820,32893,59.00,19.305
35822,16233,63.50,20.778
35830,32893,59.00,19.305
35832,16233,63.50,20.778
35840,32893,59.00,19.305
35842,16233,63.50,20.778
35850,32893,59.00,19.305
35852,16233,63.50,20.778
35860,32893,59.00,19.305
35862,16233,63.50,20.778
35871,32893,59.00,19.305
35872,16233,63.50,20.778
35880,32893,59.00,19.305
35882,16233,63.50,20.778
35890,32893,59.00,19.305
35892,16233,63.50,20.778
35901,32893,59.00,19.305
35902,16233,63.50,20.778
35911,32893,59.00,19.305
35912,16233,63.50,20.778
35920,32893,59.00,19.305
35922,16233,63.50,20.778
35930,32893,59.00,19.305
35932,16233,63.50,20.778
35940,32893,59.00,19.305
35942,16233,63.50,20.778
35950,32893,59.00,19.305
35952,16233,63.50,20.778
35961,32893,59.00,19.305
35962,16233,63.50,20.778
35970,32893,59.00,19.305
35972,16233,63.50,20.778
35980,32893,59.00,19.305
35982,16233,63.50,20.778
35990,32893,59.00,19.305
35992,16233,63.50,20.778
36001,32893,59.00,19.305
36002,16233,63.50,20.778
36010,32893,59.00,19.305
36012,16233,63.50,20.778
36020,32893,59.00,19.305
36022,16233,63.50,20.778
36031,32893,59.00,19.305
36033,16233,63.50,20.778
36040,32893,59.00,19.305
36042,16233,63.50,20.778
36050,32893,59.00,19.305
36052,16233,63.50,20.778
36061,32893,59.00,19.305
36062,16233,63.50,20.778
36071,32893,59.00,19.305
36072,16233,63.50,20.778
36080,32893,59.00,19.305
36082,16233,63.50,20.778
36090,32893,59.00,19.305
36092,16233,63.50,20.778
36100,32893,59.00,19.305
36102,16233,63.50,20.778
36111,32893,59.00,19.305
36112,16233,63.50,20.778
36121,32893,59.00,19.305
36122,16233,63.50,20.778
36131,32893,59.00,19.305
36132,16233,63.50,20.778
36140,32893,59.00,19.305
36143,16233,63.50,20.778
36150,32893,59.00,19.305
36152,16233,63.50,20.778
36161,32893,59.00,19.305
36163,16233,63.50,20.778
36171,32893,59.00,19.305
36172,16233,63.50,20.778
36181,32893,59.00,19.305
36182,16233,63.50,20.778
36190,32893,59.00,19.305
36192,16233,63.50,20.778
36201,32893,59.00,19.305
36202,16233,63.50,20.778
36212,32893,59.00,19.305
36212,16233,63.50,20.778
36221,32893,59.00,19.305
36222,16233,63.50,20.778
36230,32893,59.00,19.305
36232,16233,63.50,20.778
36241,32893,59.00,19.305
36242,16233,63.50,20.778
36251,32893,59.00,19.305
36252,16233,63.50,20.778
36261,32893,59.00,19.305
36262,16233,63.50,20.778
36271,32893,59.00,19.305
36272,16233,63.50,20.778
36281,32893,59.00,19.305
36282,16233,63.50,20.778
36291,32893,59.00,19.305
36293,16233,63.50,20.778
36301,32893,59.00,19.305
36302,16233,63.50,20.778
36311,32893,59.00,19.305
36312,16233,63.50,20.778
36320,32893,59.00,19.305
36323,16233,63.50,20.778
36331,32893,59.00,19.305
36332,16233,63.50,20.778
36341,32893,59.00,19.305
36342,16233,63.50,20.778
36350,32893,59.00,19.305
36352,16233,63.50,20.778
36360,32893,59.00,19.305
36362,16233,63.50,20.778
36370,32893,59.00,19.305
36372,16233,63.50,20.778
36381,32893,59.00,19.305
36382,16233,63.50,20.778
36390,32893,59.00,19.305
36393,16233,63.50,20.778
36401,32893,59.00,19.305
36402,16233,63.50,20.778
36411,32893,59.00,19.305
36412,16233,63.50,20.778
36420,32893,59.00,19.305
36422,16233,63.50,20.778
36431,32893,59.00,19.305
36432,16233,63.50,20.778
36440,32893,59.00,19.305
36442,16233,63.50,20.778
36450,32893,59.00,19.305
36452,16233,63.50,20.778
36460,32893,59.00,19.305
36462,16233,63.50,20.778
36470,32893,59.00,19.305
36472,16233,63.50,20.778
36480,32893,59.00,19.305
36482,16233,63.50,20.778
36490,32893,59.00,19.305
36492,16233,63.50,20.778
36501,32893,59.00,19.305
36502,16233,63.50,20.778
36511,32893,59.00,19.305
36512,16233,63.50,20.778
36520,32893,59.00,19.305
36522,16233,63.50,20.778
36530,32893,59.00,19.305
36532,16233,63.50,20.778
36540,32893,59.00,19.305
36542,16233,63.50,20.778
36551,32893,59.00,19.305
36552,16233,63.50,20.778
36561,32893,59.00,19.305
36562,16233,63.50,20.778
36571,32893,59.00,19.305
36572,16233,63.50,20.778
36580,32893,59.00,19.305
36582,16233,63.50,20.778
36591,32893,59.00,19.305
36593,16233,63.50,20.778
36601,32893,59.00,19.305
36602,16233,63.50,20.778
36610,32893,59.00,19.305
36612,16233,63.50,20.778
36620,32893,59.00,19.305
36622,16233,63.50,20.778
36631,32893,59.00,19.305
36632,16233,63.50,20.778
36641,32893,59.00,19.305
36643,16233,63.50,20.778
36651,32893,59.00,19.305
36652,16233,63.50,20.778
36660,32893,59.00,19.305
36662,16233,63.50,20.778
36670,32893,59.00,19.305
36672,16233,63.50,20.778
36680,32893,59.00,19.305
36682,16233,63.50,20.778
36690,32893,59.00,19.305
36692,16233,63.50,20.778
36700,32893,59.00,19.305
36702,16233,63.50,20.778
36710,32893,59.00,19.305
36712,16233,63.50,20.778
36721,32893,59.00,19.305
36722,16233,63.50,20.778
36730,32893,59.00,19.305
36732,16233,63.50,20.778
36740,32893,59.00,19.305
36742,16233,63.50,20.778
36752,32893,59.00,19.305
36753,16233,63.50,20.778
36760,32893,59.00,19.305
36762,16233,63.50,20.778
36770,32893,59.00,19.305
36772,16233,63.50,20.778
36780,32893,59.00,19.305
36783,16233,63.50,20.778
36790,32893,59.00,19.305
36792,16233,63.50,20.778
36800,32893,59.00,19.305
36802,16233,63.50,20.778
36810,32893,59.00,19.305
36812,16233,63.50,20.778
36820,32893,59.00,19.305
36822,16233,63.50,20.778
36830,32893,59.00,19.305
36832,16233,63.50,20.778
36841,32893,59.00,19.305
36842,16233,63.50,20.778
36850,32893,59.00,19.305
36852,16233,63.50,20.778
36860,32893,59.00,19.305
36862,16233,63.50,20.778
36871,32893,59.00,19.305
36872,16233,63.50,20.778
36880,32893,59.00,19.305
36882,16233,63.50,20.778
36890,32893,59.00,19.305
36892,16233,63.50,20.778
36900,32893,59.00,19.305
36902,16233,63.50,20.778
36910,32893,59.00,19.305
36912,16233,63.50,20.778
36921,32893,59.00,19.305
36922,16233,63.50,20.778
36930,32893,59.00,19.305
36932,16233,63.50,20.778
36941,32893,59.00,19.305
36943,16233,63.50,20.778
36951,32893,59.00,19.305
36952,16233,63.50,20.778
36960,32893,59.00,19.305
36962,16233,63.50,20.778
36970,32893,59.00,19.305
36972,16233,63.50,20.778
36980,32893,59.00,19.305
36982,16233,63.50,20.778
36990,32893,59.00,19.305
36992,16233,63.50,20.778
37000,32893,59.00,19.305
37002,16233,63.50,20.778
37010,32893,59.00,19.305
37012,16233,63.50,20.778
37020,32893,59.00,19.305
37022,16233,63.50,20.778
37031,32893,59.00,19.305
37033,16233,63.50,20.778
37041,32893,59.00,19.305
37042,16233,63.50,20.778
37050,32893,59.00,19.305
37052,16233,63.50,20.778
37060,32893,59.00,19.305
37062,16233,63.50,20.778
37071,32893,59.00,19.305
37072,16233,63.50,20.778
37080,32893,59.00,19.305
37082,16233,63.50,20.778
37090,32893,59.00,19.305
37092,16233,63.50,20.778
37100,32893,59.00,19.305
37102,16233,63.50,20.778
37110,32893,59.00,19.305
37112,16233,63.50,20.778
37120,32893,59.00,19.305
37122,16233,63.50,20.778
37131,32893,59.00,19.305
37132,16233,63.50,20.778
37141,32893,59.00,19.305
37142,16233,63.50,20.778
37150,32893,59.00,19.305
37152,16233,63.50,20.778
37160,32893,59.00,19.305
37162,16233,63.50,20.778
37170,32893,59.00,19.305
37172,16233,63.50,20.778
37180,32893,59.00,19.305
37182,16233,63.50,20.778
37190,32893,59.00,19.305
37192,16233,63.50,20.778
37200,32893,59.00,19.305
37202,16233,63.50,20.778
37210,32893,59.00,19.305
37212,16233,63.50,20.778
37220,32893,59.00,19.305
37222,16233,63.50,20.778
37230,32893,59.00,19.305
37232,16233,63.50,20.778
37240,32893,59.00,19.305
37242,16233,63.50,20.778
37250,32893,59.00,19.305
37252,16233,63.50,20.778
37260,32893,59.00,19.305
37262,16233,63.50,20.778
37270,32893,59.00,19.305
37272,16233,63.50,20.778
37281,32893,59.00,19.305
37282,16233,63.50,20.778
37291,32893,59.00,19.305
37293,16233,63.50,20.778
37301,32893,59.00,19.305
37302,16233,63.50,20.778
37310,32893,59.00,19.305
37313,16233,63.50,20.778
37321,32893,59.00,19.305
37322,16233,63.50,20.778
37330,32893,59.00,19.305
37332,16233,63.50,20.778
37341,32893,59.00,19.305
37342,16233,63.50,20.778
37350,32893,59.00,19.305
37352,16233,63.50,20.778
37360,32893,59.00,19.305
37362,16233,63.50,20.778
37370,32893,59.00,19.305
37372,16233,63.50,20.778
37380,32893,59.00,19.305
37382,16233,63.50,20.778
37390,32893,59.00,19.305
37392,16233,63.50,20.778
37400,32893,59.00,19.305
37402,16233,63.50,20.778
37410,32893,59.00,19.305
37412,16233,63.50,20.778
37420,32893,59.00,19.305
37422,16233,63.50,20.778
37431,32893,59.00,19.305
37432,16233,63.50,20.778
37440,32893,59.00,19.305
37442,16233,63.50,20.778
37450,32893,59.00,19.305
37452,16233,63.50,20.778
37461,32893,59.00,19.305
37462,16233,63.50,20.778
37470,32893,59.00,19.305
37472,16233,63.50,20.778
37481,32893,59.00,19.305
37483,16233,63.50,20.778
37490,32893,59.00,19.305
37493,16233,63.50,20.778
37500,32893,59.00,19.305
37503,16233,63.50,20.778
37511,32893,59.00,19.305
37513,16233,63.50,20.778
37521,32893,59.00,19.305
37522,16233,63.50,20.778
37530,32893,59.00,19.305
37532,16233,63.50,20.778
37541,32893,59.00,19.305
37543,16233,63.50,20.778
37550,32893,59.00,19.305
37552,16233,63.50,20.778
37561,32893,59.00,19.305
37562,16233,63.50,20.778
37571,32893,59.00,19.305
37572,16233,63.50,20.778
37581,32893,59.00,19.305
37582,16233,63.50,20.778
37591,32893,59.00,19.305
37592,16233,63.50,20.778
37601,32893,59.00,19.305
37602,16233,63.50,20.778
37610,32893,59.00,19.305
37612,16233,63.50,20.778
37620,32893,59.00,19.305
37622,16233,63.50,20.778
37630,32893,59.00,19.305
37632,16233,63.50,20.778
37640,32893,59.00,19.305
37642,16233,63.50,20.778
37650,32893,59.00,19.305
37652,16233,63.50,20.778
37660,32893,59.00,19.305
37662,16233,63.50,20.778
37670,32893,59.00,19.305
37672,16233,63.50,20.778
37680,32893,59.00,19.305
37682,16233,63.50,20.778
37691,32893,59.00,19.305
37692,16233,63.50,20.778
37701,32893,59.00,19.305
37702,16233,63.50,20.778
37711,32893,59.00,19.305
37713,16233,63.50,20.778
37720,32893,59.00,19.305
37722,16233,63.50,20.778
37730,32893,59.00,19.305
37733,16233,63.50,20.778
37741,32893,59.00,19.305
37742,16233,63.50,20.778
37750,32893,59.00,19.305
37753,16233,63.50,20.778
37761,32893,59.00,19.305
37762,16233,63.50,20.778
37771,32893,59.00,19.305
37772,16233,63.50,20.778
37781,32893,59.00,19.305
37783,16233,63.50,20.778
37790,32893,59.00,19.305
37792,16233,63.50,20.778
37801,32893,59.00,19.305
37802,16233,63.50,20.778
37811,32893,59.00,19.305
37812,16233,63.50,20.778
37821,32893,59.00,19.305
37823,16233,63.50,20.778
37830,32893,59.00,19.305
37832,16233,63.50,20.778
37841,32893,59.00,19.305
37842,16233,63.50,20.778
37850,32893,59.00,19.305
37852,16233,63.50,20.778
37862,32893,59.00,19.305
37862,16233,63.50,20.778
37870,32893,59.00,19.305
37872,16233,63.50,20.778
37881,32893,59.00,19.305
37883,16233,63.50,20.778
37890,32893,59.00,19.305
37892,16233,63.50,20.778
37901,32893,59.00,19.305
37903,16233,63.50,20.778
37910,32893,59.00,19.305
37912,16233,63.50,20.778
37920,32893,59.00,19.305
37922,16233,63.50,20.778
37930,32893,59.00,19.305
37932,16233,63.50,20.778
37940,32893,59.00,19.305
37942,16233,63.50,20.778
37951,32893,59.00,19.305
37952,16233,63.50,20.778
37960,32893,59.00,19.305
37962,16233,63.50,20.778
37970,32893,59.00,19.305
37972,16233,63.50,20.778
37981,32893,59.00,19.305
37982,16233,63.50,20.778
37990,32893,59.00,19.305
37992,16233,63.50,20.778
38000,32893,59.00,19.305
38002,16233,63.50,20.778
38010,32893,59.00,19.305
38012,16233,63.50,20.778
38020,32893,59.00,19.305
38022,16233,63.50,20.778
38030,32893,59.00,19.305
38033,16233,63.50,20.778
38040,32893,59.00,19.305
38042,16233,63.50,20.778
38051,32893,59.00,19.305
38052,16233,63.50,20.778
38061,32893,59.00,19.305
38062,16233,63.50,20.778
38070,32893,59.00,19.305
38072,16233,63.50,20.778
38080,32893,59.00,19.305
38082,16233,63.50,20.778
38091,32893,59.00,19.305
38092,16233,63.50,20.778
38100,32893,59.00,19.305
38102,16233,63.50,20.778
38110,32893,59.00,19.305
38112,16233,63.50,20.778
38120,32893,59.00,19.305
38122,16233,63.50,20.778
38130,32893,59.00,19.305
38132,16233,63.50,20.778
38140,32893,59.00,19.305
38142,16233,63.50,20.778
38150,32893,59.00,19.305
38152,16233,63.50,20.778
38160,32893,59.00,19.305
38162,16233,63.50,20.778
38170,32893,59.00,19.305
38172,16233,63.50,20.778
38180,32893,59.00,19.305
38182,16233,63.50,20.778
38190,32893,59.00,19.305
38192,16233,63.50,20.778
38201,32893,59.00,19.305
38202,16233,63.50,20.778
38210,32893,59.00,19.305
38212,16233,63.50,20.778
38220,32893,59.00,19.305
38222,16233,63.50,20.778
38231,32893,59.00,19.305
38232,16233,63.50,20.778
38240,32893,59.00,19.305
38242,16233,63.50,20.778
38251,32893,59.00,19.305
38252,16233,63.50,20.778
38260,32893,59.00,19.305
38263,16233,63.50,20.778
38270,32893,59.00,19.305
38272,16233,63.50,20.778
38280,32893,59.00,19.305
38282,16233,63.50,20.778
38291,32893,59.00,19.305
38292,16233,63.50,20.778
38300,32893,59.00,19.305
38302,16233,63.50,20.778
38310,32893,59.00,19.305
38312,16233,63.50,20.778
38320,32893,59.00,19.305
38322,16233,63.50,20.778
38331,32893,59.00,19.305
38332,16233,63.50,20.778
38341,32893,59.00,19.305
38343,16233,63.50,20.778
38351,32893,59.00,19.305
38352,16233,63.50,20.778
38360,32893,59.00,19.305
38362,16233,63.50,20.778
38371,32893,59.00,19.305
38372,16233,63.50,20.778
38380,32893,59.00,19.305
38382,16233,63.50,20.778
38390,32893,59.00,19.305
38392,16233,63.50,20.778
38400,32893,59.00,19.305
38402,16233,63.50,20.778
38411,32893,59.00,19.305
38412,16233,63.50,20.778
38420,32893,59.00,19.305
38422,16233,63.50,20.778
38430,32893,59.00,19.305
38432,16233,63.50,20.778
38441,32893,59.00,19.305
38443,16233,63.50,20.778
38450,32893,59.00,19.305
38452,16233,63.50,20.778
38460,32893,59.00,19.305
38462,16233,63.50,20.778
38470,32893,59.00,19.305
38472,16233,63.50,20.778
38480,32893,59.00,19.305
38483,16233,63.50,20.778
38490,32893,59.00,19.305
38492,16233,63.50,20.778
38500,32893,59.00,19.305
38502,16233,63.50,20.778
38510,32893,59.00,19.305
38512,16233,63.50,20.778
38521,32893,59.00,19.305
38522,16233,63.50,20.778
38530,32893,59.00,19.305
38532,16233,63.50,20.778
38541,32893,59.00,19.305
38542,16233,63.50,20.778
38550,32893,59.00,19.305
38552,16233,63.50,20.778
38560,32893,59.00,19.305
38562,16233,63.50,20.778
38571,32893,59.00,19.305
38572,16233,63.50,20.778
38580,32893,59.00,19.305
38582,16233,63.50,20.778
38590,32893,59.00,19.305
38593,16233,63.50,20.778
38601,32893,59.00,19.305
38602,16233,63.50,20.778
38610,32893,59.00,19.305
38612,16233,63.50,20.778
38621,32893,59.00,19.305
38622,16233,63.50,20.778
38630,32893,59.00,19.305
38632,16233,63.50,20.778
38640,32893,59.00,19.305
38642,16233,63.50,20.778
38650,32893,59.00,19.305
38652,16233,63.50,20.778
38660,32893,59.00,19.305
38662,16233,63.50,20.778
38670,32893,59.00,19.305
38672,16233,63.50,20.778
38680,32893,59.00,19.305
38682,16233,63.50,20.778
38690,32893,59.00,19.305
38692,16233,63.50,20.778
38700,32893,59.00,19.305
38702,16233,63.50,20.778
38710,32893,59.00,19.305
38712,16233,63.50,20.778
38720,32893,59.00,19.305
38722,16233,63.50,20.778
38731,32893,59.00,19.305
38732,16233,63.50,20.778
38741,32893,59.00,19.305
38743,16233,63.50,20.778
38750,32893,59.00,19.305
38752,16233,63.50,20.778
38761,32893,59.00,19.305
38762,16233,63.50,20.778
38771,32893,59.00,19.305
38772,16233,63.50,20.778
38781,32893,59.00,19.305
38783,16233,63.50,20.778
38791,32893,59.00,19.305
38792,16233,63.50,20.778
38801,32893,59.00,19.305
38802,16233,63.50,20.778
38810,32893,59.00,19.305
38812,16233,63.50,20.778
38821,32893,59.00,19.305
38822,16233,63.50,20.778
38830,32893,59.00,19.305
38832,16233,63.50,20.778
38840,32893,59.00,19.305
38842,16233,63.50,20.778
38850,32893,59.00,19.305
38852,16233,63.50,20.778
38860,32893,59.00,19.305
38862,16233,63.50,20.778
38870,32893,59.00,19.305
38872,16233,63.50,20.778
38880,32893,59.00,19.305
38882,16233,63.50,20.778
38890,32893,59.00,19.305
38892,16233,63.50,20.778
38901,32893,59.00,19.305
38903,16233,63.50,20.778
38911,32893,59.00,19.305
38912,16233,63.50,20.778
38920,32893,59.00,19.305
38922,16233,63.50,20.778
38930,32893,59.00,19.305
38932,16233,63.50,20.778
38940,32893,59.00,19.305
38942,16233,63.50,20.778
38950,32893,59.00,19.305
38952,16233,63.50,20.778
38961,32893,59.00,19.305
38962,16233,63.50,20.778
38970,32893,59.00,19.305
38972,16233,63.50,20.778
38980,32893,59.00,19.305
38982,16233,63.50,20.778
38990,32893,59.00,19.305
38992,16233,63.50,20.778
39000,32893,59.00,19.305
39002,16233,63.50,20.778
39010,32893,59.00,19.305
39012,16233,63.50,20.778
39020,32893,59.00,19.305
39022,16233,63.50,20.778
39031,32893,59.00,19.305
39032,16233,63.50,20.778
39040,32893,59.00,19.305
39042,16233,63.50,20.778
39050,32893,59.00,19.305
39052,16233,63.50,20.778
39061,32893,59.00,19.305
39062,16233,63.50,20.778
39071,32893,59.00,19.305
39072,16233,63.50,20.778
39080,32893,59.00,19.305
39083,16233,63.50,20.778
39090,32893,59.00,19.305
39092,16233,63.50,20.778
39100,32893,59.00,19.305
39102,16233,63.50,20.778
39110,32893,59.00,19.305
39112,16233,63.50,20.778
39120,32893,59.00,19.305
39122,16233,63.50,20.778
39130,32893,59.00,19.305
39132,16233,63.50,20.778
39140,32893,59.00,19.305
39143,16233,63.50,20.778
39150,32893,59.00,19.305
39152,16233,63.50,20.778
39160,32893,59.00,19.305
39162,16233,63.50,20.778
39171,32893,59.00,19.305
39172,16233,63.50,20.778
39180,32893,59.00,19.305
39182,16233,63.50,20.778
39190,32893,59.00,19.305
39192,16233,63.50,20.778
39200,32893,59.00,19.305
39202,16233,63.50,20.778
39210,32893,59.00,19.305
39212,16233,63.50,20.778
39220,32893,59.00,19.305
39222,16233,63.50,20.778
39230,32893,59.00,19.305
39232,16233,63.50,20.778
39241,32893,59.00,19.305
39242,16233,63.50,20.778
39250,32893,59.00,19.305
39252,16233,63.50,20.778
39260,32893,59.00,19.305
39262,16233,63.50,20.778
39270,32893,59.00,19.305
39272,16233,63.50,20.778
39280,32893,59.00,19.305
39282,16233,63.50,20.778
39290,32893,63.50,20.778
39292,16233,63.50,20.778
39301,32893,63.50,20.778
39302,16233,63.50,20.778
39310,32893,63.50,20.778
39312,16233,63.50,20.778
39320,32893,63.50,20.778
39322,16233,63.50,20.778
39331,32893,63.50,20.778
39332,16233,63.50,20.778
39341,32893,63.50,20.778
39342,16233,63.50,20.778
39350,32893,63.50,20.778
39352,16233,63.50,20.778
39361,32893,63.50,20.778
39362,16233,63.50,20.778
39371,32893,63.50,20.778
39373,16233,63.50,20.778
39381,32893,63.50,20.778
39382,16233,63.50,20.778
39390,32893,63.50,20.778
39392,16233,63.50,20.778
39400,32893,63.50,20.778
39402,16233,63.50,20.778
39410,32893,63.50,20.778
39412,16233,63.50,20.778
39421,32893,63.50,20.778
39422,16233,63.50,20.778
39430,32893,63.50,20.778
39432,16233,63.50,20.778
39440,32893,63.50,20.778
39442,16233,63.50,20.778
39450,32893,63.50,20.778
39453,16233,63.50,20.778
39460,32893,63.50,20.778
39462,16233,63.50,20.778
39470,32893,63.50,20.778
39472,16233,63.50,20.778
39480,32893,63.50,20.778
39483,16233,63.50,20.778
39490,32893,63.50,20.778
39492,16233,63.50,20.778
39501,32893,63.50,20.778
39502,16233,63.50,20.778
39510,32893,63.50,20.778
39512,16233,63.50,20.778
39520,32893,63.50,20.778
39522,16233,63.50,20.778
39530,32893,63.50,20.778
39532,16233,63.50,20.778
39540,32893,63.50,20.778
39542,16233,63.50,20.778
39550,32893,63.50,20.778
39552,16233,63.50,20.778
39561,32893,63.50,20.778
39562,16233,63.50,20.778
39570,32893,63.50,20.778
39572,16233,63.50,20.778
39580,32893,63.50,20.778
39582,16233,63.50,20.778
39591,32893,63.50,20.778
39592,16233,63.50,20.778
39600,32893,63.50,20.778
39602,16233,63.50,20.778
39610,32893,63.50,20.778
39612,16233,63.50,20.778
39621,32893,63.50,20.778
39622,16233,63.50,20.778
39630,32893,63.50,20.778
39632,16233,63.50,20.778
39641,32893,63.50,20.778
39642,16233,63.50,20.778
39650,32893,63.50,20.778
39652,16233,63.50,20.778
39660,32893,63.50,20.778
39662,16233,63.50,20.778
39670,32893,63.50,20.778
39672,16233,63.50,20.778
39680,32893,63.50,20.778
39683,16233,63.50,20.778
39690,32893,63.50,20.778
39692,16233,63.50,20.778
39700,32893,63.50,20.778
39702,16233,63.50,20.778
39711,32893,63.50,20.778
39712,16233,63.50,20.778
39720,32893,63.50,20.778
39722,16233,63.50,20.778
39730,32893,63.50,20.778
39732,16233,63.50,20.778
39741,32893,63.50,20.778
39742,16233,63.50,20.778
39750,32893,63.50,20.778
39752,16233,63.50,20.778
39760,32893,63.50,20.778
39762,16233,63.50,20.778
39770,32893,63.50,20.778
39772,16233,63.50,20.778
39780,32893,63.50,20.778
39782,16233,63.50,20.778
39790,32893,63.50,20.778
39792,16233,63.50,20.778
39800,32893,63.50,20.778
39802,16233,63.50,20.778
39810,32893,63.50,20.778
39812,16233,63.50,20.778
39820,32893,63.50,20.778
39822,16233,63.50,20.778
39831,32893,63.50,20.778
39832,16233,63.50,20.778
39840,32893,63.50,20.778
39842,16233,63.50,20.778
39850,32893,63.50,20.778
39852,16233,63.50,20.778
39860,32893,63.50,20.778
39862,16233,63.50,20.778
39870,32893,63.50,20.778
39872,16233,63.50,20.778
39881,32893,63.50,20.778
39882,16233,63.50,20.778
39891,32893,63.50,20.778
39892,16233,63.50,20.778
39901,32893,63.50,20.778
39902,16233,63.50,20.778
39910,32893,63.50,20.778
39912,16233,63.50,20.778
39920,32893,63.50,20.778
39922,16233,63.50,20.778
39930,32893,63.50,20.778
39932,16233,63.50,20.778
39940,32893,63.50,20.778
39942,16233,63.50,20.778
39951,32893,63.50,20.778
39952,16233,63.50,20.778
39960,32893,63.50,20.778
39962,16233,63.50,20.778
39971,32893,63.50,20.778
39972,16233,63.50,20.778
39980,32893,63.50,20.778
39982,16233,63.50,20.778
39991,32893,63.50,20.778
39992,16233,63.50,20.778
40001,32893,63.50,20.778
40002,16233,63.50,20.778
40011,32893,63.50,20.778
40012,16233,63.50,20.778
40020,32893,63.50,20.778
40022,16233,63.50,20.778
40031,32893,63.50,20.778
40033,16233,63.50,20.778
40041,32893,63.50,20.778
40042,16233,63.50,20.778
40051,32893,63.50,20.778
40053,16233,63.50,20.778
40061,32893,63.50,20.778
40062,16233,63.50,20.778
40070,32893,63.50,20.778
40072,16233,63.50,20.778
40081,32893,63.50,20.778
40082,16233,63.50,20.778
40090,32893,63.50,20.778
40092,16233,63.50,20.778
40101,32893,63.50,20.778
40102,16233,63.50,20.778
40110,32893,63.50,20.778
40112,16233,63.50,20.778
40121,32893,63.50,20.778
40122,16233,63.50,20.778
40130,32893,63.50,20.778
40132,16233,63.50,20.778
40141,32893,63.50,20.778
40142,16233,63.50,20.778
40151,32893,63.50,20.778
40152,16233,63.50,20.778
40160,32893,63.50,20.778
40162,16233,63.50,20.778
40171,32893,63.50,20.778
40172,16233,63.50,20.778
40180,32893,63.50,20.778
40182,16233,63.50,20.778
40190,32893,63.50,20.778
40192,16233,63.50,20.778
40201,32893,63.50,20.778
40202,16233,63.50,20.778
40211,32893,63.50,20.778
40212,16233,63.50,20.778
40220,32893,63.50,20.778
40222,16233,63.50,20.778
40231,32893,63.50,20.778
40232,16233,63.50,20.778
40240,32893,63.50,20.778
40242,16233,63.50,20.778
40251,32893,63.50,20.778
40253,16233,63.50,20.778
40260,32893,63.50,20.778
40262,16233,63.50,20.778
40270,32893,63.50,20.778
40272,16233,63.50,20.778
40280,32893,63.50,20.778
40282,16233,63.50,20.778
40290,32893,63.50,20.778
40292,16233,63.50,20.778
40300,32893,63.50,20.778
40302,16233,63.50,20.778
40310,32893,63.50,20.778
40312,16233,63.50,20.778
40320,32893,63.50,20.778
40322,16233,63.50,20.778
40330,32893,63.50,20.778
40332,16233,63.50,20.778
40341,32893,63.50,20.778
40342,16233,63.50,20.778
40351,32893,63.50,20.778
40353,16233,63.50,20.778
40360,32893,63.50,20.778
40363,16233,63.50,20.778
40371,32893,63.50,20.778
40372,16233,63.50,20.778
40380,32893,63.50,20.778
40382,16233,63.50,20.778
40391,32893,63.50,20.778
40392,16233,63.50,20.778
40400,32893,63.50,20.778
40402,16233,63.50,20.778
40411,32893,63.50,20.778
40412,16233,63.50,20.778
40421,32893,63.50,20.778
40422,16233,63.50,20.778
40430,32893,63.50,20.778
40432,16233,63.50,20.778
40440,32893,63.50,20.778
40442,16233,63.50,20.778
40450,32893,63.50,20.778
40452,16233,63.50,20.778
40460,32893,63.50,20.778
40462,16233,63.50,20.778
40470,32893,63.50,20.778
40472,16233,63.50,20.778
40480,32893,63.50,20.778
40482,16233,63.50,20.778
40490,32893,63.50,20.778
40492,16233,63.50,20.778
40500,32893,63.50,20.778
40502,16233,63.50,20.778
40510,32893,63.50,20.778
40512,16233,63.50,20.778
40521,32893,63.50,20.778
40522,16233,63.50,20.778
40531,32893,63.50,20.778
40532,16233,63.50,20.778
40540,32893,63.50,20.778
40542,16233,63.50,20.778
40550,32893,63.50,20.778
40552,16233,63.50,20.778
40561,32893,63.50,20.778
40562,16233,63.50,20.778
40570,32893,63.50,20.778
40572,16233,63.50,20.778
40581,32893,63.50,20.778
40582,16233,63.50,20.778
40590,32893,63.50,20.778
40592,16233,63.50,20.778
40600,32893,63.50,20.778
40602,16233,63.50,20.778
40610,32893,63.50,20.778
40613,16233,63.50,20.778
40621,32893,63.50,20.778
40622,16233,63.50,20.778
40630,32893,63.50,20.778
40632,16233,63.50,20.778
40641,32893,63.50,20.778
40642,16233,63.50,20.778
40651,32893,63.50,20.778
40652,16233,63.50,20.778
40661,32893,63.50,20.778
40662,16233,63.50,20.778
40670,32893,63.50,20.778
40672,16233,63.50,20.778
40680,32893,63.50,20.778
40682,16233,63.50,20.778
40691,32893,63.50,20.778
40692,16233,63.50,20.778
40701,32893,63.50,20.778
40702,16233,63.50,20.778
40710,32893,63.50,20.778
40712,16233,63.50,20.778
40720,32893,63.50,20.778
40722,16233,63.50,20.778
40730,32893,63.50,20.778
40732,16233,63.50,20.778
40740,32893,63.50,20.778
40742,16233,63.50,20.778
40751,32893,63.50,20.778
40752,16233,63.50,20.778
40761,32893,63.50,20.778
40762,16233,63.50,20.778
40770,32893,63.50,20.778
40772,16233,63.50,20.778
40781,32893,63.50,20.778
40782,16233,63.50,20.778
40791,32893,63.50,20.778
40792,16233,63.50,20.778
40801,32893,63.50,20.778
40802,16233,63.50,20.778
40811,32893,63.50,20.778
40812,16233,63.50,20.778
40820,32893,63.50,20.778
40822,16233,63.50,20.778
40830,32893,63.50,20.778
40832,16233,63.50,20.778
40841,32893,63.50,20.778
40842,16233,63.50,20.778
40851,32893,63.50,20.778
40852,16233,63.50,20.778
40860,32893,63.50,20.778
40862,16233,63.50,20.778
40870,32893,63.50,20.778
40872,16233,63.50,20.778
40880,32893,63.50,20.778
40882,16233,63.50,20.778
40891,32893,63.50,20.778
40892,16233,63.50,20.778
40900,32893,63.50,20.778
40902,16233,63.50,20.778
40911,32893,63.50,20.778
40912,16233,63.50,20.778
40920,32893,63.50,20.778
40922,16233,63.50,20.778
40930,32893,63.50,20.778
40932,16233,63.50,20.778
40940,32893,63.50,20.778
40942,16233,63.50,20.778
40951,32893,63.50,20.778
40952,16233,63.50,20.778
40961,32893,63.50,20.778
40962,16233,63.50,20.778
40971,32893,63.50,20.778
40972,16233,63.50,20.778
40981,32893,63.50,20.778
40983,16233,63.50,20.778
40991,32893,63.50,20.778
40992,16233,63.50,20.778
41000,32893,63.50,20.778
41002,16233,63.50,20.778
41010,32893,63.50,20.778
41012,16233,63.50,20.778
41020,32893,63.50,20.778
41022,16233,63.50,20.778
41031,32893,63.50,20.778
41033,16233,63.50,20.778
41040,32893,63.50,20.778
41042,16233,63.50,20.778
41051,32893,63.50,20.778
41052,16233,63.50,20.778
41061,32893,63.50,20.778
41062,16233,63.50,20.778
41070,32893,63.50,20.778
41072,16233,63.50,20.778
41081,32893,63.50,20.778
41082,16233,63.50,20.778
41090,32893,63.50,20.778
41092,16233,63.50,20.778
41100,32893,63.50,20.778
41102,16233,63.50,20.778
41111,32893,63.50,20.778
41113,16233,63.50,20.778
41121,32893,63.50,20.778
41122,16233,63.50,20.778
41130,32893,63.50,20.778
41132,16233,63.50,20.778
41141,32893,63.50,20.778
41142,16233,63.50,20.778
41151,32893,63.50,20.778
41152,16233,63.50,20.778
41161,32893,63.50,20.778
41162,16233,63.50,20.778
41171,32893,63.50,20.778
41172,16233,63.50,20.778
41181,32893,63.50,20.778
41182,16233,63.50,20.778
41191,32893,63.50,20.778
41192,16233,63.50,20.778
41200,32893,63.50,20.778
41202,16233,63.50,20.778
41211,32893,63.50,20.778
41212,16233,63.50,20.778
41220,32893,63.50,20.778
41223,16233,63.50,20.778
41230,32893,63.50,20.778
41232,16233,63.50,20.778
41241,32893,63.50,20.778
41242,16233,63.50,20.778
41250,32893,63.50,20.778
41253,16233,63.50,20.778
41260,32893,63.50,20.778
41262,16233,63.50,20.778
41271,32893,63.50,20.778
41272,16233,63.50,20.778
41280,32893,63.50,20.778
41282,16233,63.50,20.778
41290,32893,63.50,20.778
41292,16233,63.50,20.778
41300,32893,63.50,20.778
41302,16233,63.50,20.778
41311,32893,63.50,20.778
41313,16233,63.50,20.778
41321,32893,63.50,20.778
41322,16233,63.50,20.778
41330,32893,63.50,20.778
41332,16233,63.50,20.778
41341,32893,63.50,20.778
41342,16233,63.50,20.778
41350,32893,63.50,20.778
41352,16233,63.50,20.778
41361,32893,63.50,20.778
41362,16233,63.50,20.778
41370,32893,63.50,20.778
41372,16233,63.50,20.778
41381,32893,63.50,20.778
41382,16233,63.50,20.778
41390,32893,63.50,20.778
41392,16233,63.50,20.778
41400,32893,63.50,20.778
41402,16233,63.50,20.778
41411,32893,63.50,20.778
41412,16233,63.50,20.778
41421,32893,63.50,20.778
41422,16233,63.50,20.778
41430,32893,63.50,20.778
41432,16233,63.50,20.778
41441,32893,63.50,20.778
41442,16233,63.50,20.778
41451,32893,63.50,20.778
41452,16233,63.50,20.778
41461,32893,63.50,20.778
41462,16233,63.50,20.778
41471,32893,63.50,20.778
41472,16233,63.50,20.778
41481,32893,63.50,20.778
41482,16233,63.50,20.778
41491,32893,63.50,20.778
41493,16233,63.50,20.778
41501,32893,63.50,20.778
41502,16233,63.50,20.778
41510,32893,63.50,20.778
41512,16233,63.50,20.778
41521,32893,63.50,20.778
41523,16233,63.50,20.778
41530,32893,63.50,20.778
41532,16233,63.50,20.778
41541,32893,63.50,20.778
41542,16233,63.50,20.778
41550,32893,63.50,20.778
41552,16233,63.50,20.778
41560,32893,63.50,20.778
41563,16233,63.50,20.778
41571,32893,63.50,20.778
41573,16233,63.50,20.778
41580,32893,63.50,20.778
41582,16233,63.50,20.778
41592,32893,63.50,20.778
41593,16233,63.50,20.778
41601,32893,63.50,20.778
41602,16233,63.50,20.778
41612,32893,63.50,20.778
41614,16233,63.50,20.778
41621,32893,63.50,20.778
41622,16233,63.50,20.778
41631,32893,63.50,20.778
41632,16233,63.50,20.778
41641,32893,63.50,20.778
41642,16233,63.50,20.778
41651,32893,63.50,20.778
41652,16233,63.50,20.778
41661,32893,63.50,20.778
41662,16233,63.50,20.778
41671,32893,63.50,20.778
41672,16233,63.50,20.778
41680,32893,63.50,20.778
41682,16233,63.50,20.778
41691,32893,63.50,20.778
41692,16233,63.50,20.778
41701,32893,63.50,20.778
41702,16233,63.50,20.778
41711,32893,63.50,20.778
41712,16233,63.50,20.778
41721,32893,63.50,20.778
41722,16233,63.50,20.778
41731,32893,63.50,20.778
41732,16233,63.50,20.778
41740,32893,63.50,20.778
41742,16233,63.50,20.778
41750,32893,63.50,20.778
41752,16233,63.50,20.778
41760,32893,63.50,20.778
41762,16233,63.50,20.778
41771,32893,63.50,20.778
41772,16233,63.50,20.778
41781,32893,63.50,20.778
41782,16233,63.50,20.778
41791,32893,63.50,20.778
41792,16233,63.50,20.778
41801,32893,63.50,20.778
41802,16233,63.50,20.778
41811,32893,63.50,20.778
41812,16233,63.50,20.778
41821,32893,63.50,20.778
41822,16233,63.50,20.778
41830,32893,63.50,20.778
41833,16233,63.50,20.778
41840,32893,63.50,20.778
41842,16233,63.50,20.778
41851,32893,63.50,20.778
41852,16233,63.50,20.778
41861,32893,63.50,20.778
41862,16233,63.50,20.778
41871,32893,63.50,20.778
41873,16233,63.50,20.778
41881,32893,63.50,20.778
41883,16233,63.50,20.778
41891,32893,63.50,20.778
41892,16233,63.50,20.778
41900,32893,63.50,20.778
41902,16233,63.50,20.778
41911,32893,63.50,20.778
41912,16233,63.50,20.778
41921,32893,63.50,20.778
41922,16233,63.50,20.778
41931,32893,63.50,20.778
41932,16233,63.50,20.778
41941,32893,63.50,20.778
41942,16233,63.50,20.778
41951,32893,63.50,20.778
41952,16233,63.50,20.778
41960,32893,63.50,20.778
41962,16233,63.50,20.778
41970,32893,63.50,20.778
41972,16233,63.50,20.778
41980,32893,63.50,20.778
41982,16233,63.50,20.778
41991,32893,63.50,20.778
41992,16233,63.50,20.778
42001,32893,63.50,20.778
42002,16233,63.50,20.778
42010,32893,63.50,20.778
42012,16233,63.50,20.778
42020,32893,63.50,20.778
42022,16233,63.50,20.778
42031,32893,63.50,20.778
42033,16233,63.50,20.778
42040,32893,63.50,20.778
42042,16233,63.50,20.778
42051,32893,63.50,20.778
42052,16233,63.50,20.778
42060,32893,63.50,20.778
42062,16233,63.50,20.778
42071,32893,63.50,20.778
42073,16233,63.50,20.778
42081,32893,63.50,20.778
42082,16233,63.50,20.778
42091,32893,63.50,20.778
42093,16233,63.50,20.778
42100,32893,63.50,20.778
42102,16233,63.50,20.778
42111,32893,63.50,20.778
42112,16233,63.50,20.778
42120,32893,63.50,20.778
42122,16233,63.50,20.778
42130,32893,63.50,20.778
42132,16233,63.50,20.778
42141,32893,63.50,20.778
42143,16233,63.50,20.778
42151,32893,63.50,20.778
42153,16233,63.50,20.778
42161,32893,63.50,20.778
42163,16233,63.50,20.778
42171,32893,63.50,20.778
42172,16233,63.50,20.778
42181,32893,63.50,20.778
42182,16233,63.50,20.778
42190,32893,63.50,20.778
42192,16233,63.50,20.778
42201,32893,63.50,20.778
42203,16233,63.50,20.778
42211,32893,63.50,20.778
42212,16233,63.50,20.778
42221,32893,63.50,20.778
42222,16233,63.50,20.778
42231,32893,63.50,20.778
42232,16233,63.50,20.778
42240,32893,63.50,20.778
42242,16233,63.50,20.778
42251,32893,63.50,20.778
42252,16233,63.50,20.778
42260,32893,63.50,20.778
42262,16233,63.50,20.778
42271,32893,63.50,20.778
42272,16233,63.50,20.778
42281,32893,63.50,20.778
42282,16233,63.50,20.778
42291,32893,63.50,20.778
42292,16233,63.50,20.778
42301,32893,63.50,20.778
42303,16233,63.50,20.778
42311,32893,63.50,20.778
42314,16233,63.50,20.778
42321,32893,63.50,20.778
42322,16233,63.50,20.778
42331,32893,63.50,20.778
42332,16233,63.50,20.778
42341,32893,63.50,20.778
42342,16233,63.50,20.778
42351,32893,63.50,20.778
42353,16233,63.50,20.778
42360,32893,63.50,20.778
42362,16233,63.50,20.778
42371,32893,63.50,20.778
42372,16233,63.50,20.778
42381,32893,63.50,20.778
42382,16233,63.50,20.778
42391,32893,63.50,20.778
42392,16233,63.50,20.778
42401,32893,63.50,20.778
42402,16233,63.50,20.778
42411,32893,63.50,20.778
42412,16233,63.50,20.778
42420,32893,63.50,20.778
42422,16233,63.50,20.778
42431,32893,63.50,20.778
42432,16233,63.50,20.778
42441,32893,63.50,20.778
42442,16233,63.50,20.778
42450,32893,63.50,20.778
42452,16233,63.50,20.778
42461,32893,63.50,20.778
42462,16233,63.50,20.778
42471,32893,63.50,20.778
42472,16233,63.50,20.778
42480,32893,63.50,20.778
42482,16233,63.50,20.778
42490,32893,63.50,20.778
42492,16233,63.50,20.778
42500,32893,63.50,20.778
42502,16233,63.50,20.778
42510,32893,63.50,20.778
42512,16233,63.50,20.778
42520,32893,63.50,20.778
42522,16233,63.50,20.778
42531,32893,63.50,20.778
42532,16233,63.50,20.778
42541,32893,63.50,20.778
42542,16233,63.50,20.778
42550,32893,63.50,20.778
42552,16233,63.50,20.778
42561,32893,63.50,20.778
42562,16233,63.50,20.778
42570,32893,63.50,20.778
42572,16233,63.50,20.778
42580,32893,63.50,20.778
42582,16233,63.50,20.778
42591,32893,63.50,20.778
42592,16233,63.50,20.778
42600,32893,63.50,20.778
42602,16233,63.50,20.778
42610,32893,63.50,20.778
42612,16233,63.50,20.778
42621,32893,63.50,20.778
42623,16233,63.50,20.778
42630,32893,63.50,20.778
42632,16233,63.50,20.778
42640,32893,63.50,20.778
42642,16233,63.50,20.778
42651,32893,63.50,20.778
42652,16233,63.50,20.778
42660,32893,63.50,20.778
42663,16233,63.50,20.778
42671,32893,63.50,20.778
42672,16233,63.50,20.778
42680,32893,63.50,20.778
42682,16233,63.50,20.778
42690,32893,63.50,20.778
42692,16233,63.50,20.778
42700,32893,63.50,20.778
42702,16233,63.50,20.778
42711,32893,63.50,20.778
42712,16233,63.50,20.778
42721,32893,63.50,20.778
42723,16233,63.50,20.778
42731,32893,63.50,20.778
42732,16233,63.50,20.778
42741,32893,63.50,20.778
42742,16233,63.50,20.778
42750,32893,63.50,20.778
42752,16233,63.50,20.778
42760,32893,63.50,20.778
42762,16233,63.50,20.778
42770,32893,63.50,20.778
42772,16233,63.50,20.778
42780,32893,63.50,20.778
42782,16233,63.50,20.778
42790,32893,63.50,20.778
42792,16233,63.50,20.778
42801,32893,63.50,20.778
42802,16233,63.50,20.778
42811,32893,63.50,20.778
42812,16233,63.50,20.778
42820,32893,63.50,20.778
42822,16233,63.50,20.778
42831,32893,63.50,20.778
42832,16233,63.50,20.778
42841,32893,63.50,20.778
42842,16233,63.50,20.778
42850,32893,63.50,20.778
42852,16233,63.50,20.778
42860,32893,63.50,20.778
42862,16233,63.50,20.778
42870,32893,63.50,20.778
42872,16233,63.50,20.778
42880,32893,63.50,20.778
42882,16233,63.50,20.778
42891,32893,63.50,20.778
42892,16233,63.50,20.778
42900,32893,63.50,20.778
42902,16233,63.50,20.778
42910,32893,63.50,20.778
42912,16233,63.50,20.778
42921,32893,63.50,20.778
42922,16233,63.50,20.778
42931,32893,63.50,20.778
42932,16233,63.50,20.778
42941,32893,63.50,20.778
42942,16233,63.50,20.778
42951,32893,63.50,20.778
42952,16233,63.50,20.778
42961,32893,63.50,20.778
42962,16233,63.50,20.778
42970,32893,63.50,20.778
42972,16233,63.50,20.778
42981,32893,63.50,20.778
42982,16233,63.50,20.778
42991,32893,63.50,20.778
42992,16233,63.50,20.778
43001,32893,63.50,20.778
43002,16233,63.50,20.778
43011,32893,63.50,20.778
43012,16233,63.50,20.778
43020,32893,63.50,20.778
43022,16233,63.50,20.778
43031,32893,63.50,20.778
43032,16233,63.50,20.778
43040,32893,63.50,20.778
43042,16233,63.50,20.778
43051,32893,63.50,20.778
43052,16233,63.50,20.778
43061,32893,63.50,20.778
43062,16233,63.50,20.778
43070,32893,63.50,20.778
43072,16233,63.50,20.778
43080,32893,63.50,20.778
43082,16233,63.50,20.778
43090,32893,63.50,20.778
43092,16233,63.50,20.778
43100,32893,63.50,20.778
43102,16233,63.50,20.778
43110,32893,63.50,20.778
43112,16233,63.50,20.778
43120,32893,63.50,20.778
43122,16233,63.50,20.778
43130,32893,63.50,20.778
43132,16233,63.50,20.778
43140,32893,63.50,20.778
43142,16233,63.50,20.778
43150,32893,63.50,20.778
43152,16233,63.50,20.778
43160,32893,63.50,20.778
43162,16233,63.50,20.778
43170,32893,63.50,20.778
43172,16233,63.50,20.778
43180,32893,63.50,20.778
43182,16233,63.50,20.778
43190,32893,63.50,20.778
43192,16233,63.50,20.778
43200,32893,63.50,20.778
43202,16233,63.50,20.778
43211,32893,63.50,20.778
43212,16233,63.50,20.778
43221,32893,63.50,20.778
43222,16233,63.50,20.778
43230,32893,63.50,20.778
43232,16233,63.50,20.778
43241,32893,63.50,20.778
43243,16233,63.50,20.778
43251,32893,63.50,20.778
43252,16233,63.50,20.778
43261,32893,63.50,20.778
43262,16233,63.50,20.778
43270,32893,63.50,20.778
43272,16233,63.50,20.778
43281,32893,63.50,20.778
43282,16233,63.50,20.778
43291,32893,63.50,20.778
43292,16233,63.50,20.778
43301,32893,63.50,20.778
43303,16233,63.50,20.778
43311,32893,63.50,20.778
43312,16233,63.50,20.778
43320,32893,63.50,20.778
43322,16233,63.50,20.778
43330,32893,63.50,20.778
43332,16233,63.50,20.778
43341,32893,63.50,20.778
43342,16233,63.50,20.778
43351,32893,63.50,20.778
43352,16233,63.50,20.778
43360,32893,63.50,20.778
43362,16233,63.50,20.778
43370,32893,63.50,20.778
43372,16233,63.50,20.778
43380,32893,63.50,20.778
43382,16233,63.50,20.778
43390,32893,63.50,20.778
43392,16233,63.50,20.778
43400,32893,63.50,20.778
43402,16233,63.50,20.778
43410,32893,63.50,20.778
43412,16233,63.50,20.778
43421,32893,63.50,20.778
43422,16233,63.50,20.778
43431,32893,63.50,20.778
43433,16233,63.50,20.778
43441,32893,63.50,20.778
43442,16233,63.50,20.778
43451,32893,63.50,20.778
43452,16233,63.50,20.778
43461,32893,63.50,20.778
43462,16233,63.50,20.778
43471,32893,63.50,20.778
43472,16233,63.50,20.778
43480,32893,63.50,20.778
43483,16233,63.50,20.778
43491,32893,63.50,20.778
43493,16233,63.50,20.778
43501,32893,63.50,20.778
43502,16233,63.50,20.778
43511,32893,63.50,20.778
43512,16233,63.50,20.778
43521,32893,63.50,20.778
43522,16233,63.50,20.778
43531,32893,63.50,20.778
43532,16233,63.50,20.778
43541,32893,63.50,20.778
43543,16233,63.50,20.778
43550,32893,63.50,20.778
43552,16233,63.50,20.778
43561,32893,63.50,20.778
43562,16233,63.50,20.778
43570,32893,63.50,20.778
43572,16233,63.50,20.778
43581,32893,63.50,20.778
43583,16233,63.50,20.778
43590,32893,63.50,20.778
43592,16233,63.50,20.778
43601,32893,63.50,20.778
43602,16233,63.50,20.778
43610,32893,63.50,20.778
43612,16233,63.50,20.778
43620,32893,63.50,20.778
43622,16233,63.50,20.778
43630,32893,63.50,20.778
43632,16233,63.50,20.778
43640,32893,63.50,20.778
43642,16233,63.50,20.778
43650,32893,63.50,20.778
43652,16233,63.50,20.778
43661,32893,63.50,20.778
43662,16233,63.50,20.778
43670,32893,63.50,20.778
43672,16233,63.50,20.778
43680,32893,63.50,20.778
43682,16233,63.50,20.778
43690,32893,63.50,20.778
43692,16233,63.50,20.778
43700,32893,63.50,20.778
43703,16233,63.50,20.778
43710,32893,63.50,20.778
43712,16233,63.50,20.778
43720,32893,63.50,20.778
43722,16233,63.50,20.778
43730,32893,63.50,20.778
43732,16233,63.50,20.778
43740,32893,63.50,20.778
43742,16233,63.50,20.778
43750,32893,63.50,20.778
43753,16233,63.50,20.778
43760,32893,63.50,20.778
43762,16233,63.50,20.778
43770,32893,63.50,20.778
43772,16233,63.50,20.778
43780,32893,63.50,20.778
43782,16233,63.50,20.778
43790,32893,63.50,20.778
43792,16233,63.50,20.778
43801,32893,63.50,20.778
43802,16233,63.50,20.778
43810,32893,63.50,20.778
43812,16233,63.50,20.778
43820,32893,63.50,20.778
43822,16233,63.50,20.778
43830,32893,63.50,20.778
43832,16233,63.50,20.778
43840,32893,63.50,20.778
43842,16233,63.50,20.778
43850,32893,63.50,20.778
43852,16233,63.50,20.778
43860,32893,63.50,20.778
43862,16233,63.50,20.778
43870,32893,63.50,20.778
43872,16233,63.50,20.778
43880,32893,63.50,20.778
43882,16233,63.50,20.778
43891,32893,63.50,20.778
43892,16233,63.50,20.778
43901,32893,63.50,20.778
43902,16233,63.50,20.778
43910,32893,63.50,20.778
43912,16233,63.50,20.778
43920,32893,63.50,20.778
43922,16233,63.50,20.778
43930,32893,63.50,20.778
43932,16233,63.50,20.778
43941,32893,63.50,20.778
43942,16233,63.50,20.778
43950,32893,63.50,20.778
43952,16233,63.50,20.778
43960,32893,63.50,20.778
43962,16233,63.50,20.778
43971,32893,63.50,20.778
43972,16233,63.50,20.778
43980,32893,63.50,20.778
43982,16233,63.50,20.778
43991,32893,63.50,20.778
43992,16233,63.50,20.778
44000,32893,63.50,20.778
44002,16233,63.50,20.778
44011,32893,63.50,20.778
44012,16233,63.50,20.778
44021,32893,63.50,20.778
44023,16233,63.50,20.778
44032,32893,63.50,20.778
44033,16233,63.50,20.778
44041,32893,63.50,20.778
44042,16233,63.50,20.778
44051,32893,63.50,20.778
44052,16233,63.50,20.778
44061,32893,63.50,20.778
44062,16233,63.50,20.778
44070,32893,63.50,20.778
44072,16233,63.50,20.778
44081,32893,63.50,20.778
44082,16233,63.50,20.778
44091,32893,63.50,20.778
44092,16233,63.50,20.778
44101,32893,63.50,20.778
44102,16233,63.50,20.778
44111,32893,63.50,20.778
44112,16233,63.50,20.778
44121,32893,63.50,20.778
44122,16233,63.50,20.778
44131,32893,63.50,20.778
44132,16233,63.50,20.778
44141,32893,63.50,20.778
44143,16233,63.50,20.778
44150,32893,63.50,20.778
44152,16233,63.50,20.778
44160,32893,63.50,20.778
44162,16233,63.50,20.778
44170,32893,63.50,20.778
44172,16233,63.50,20.778
44180,32893,63.50,20.778
44182,16233,63.50,20.778
44190,32893,63.50,20.778
44192,16233,63.50,20.778
44201,32893,63.50,20.778
44202,16233,63.50,20.778
44210,32893,63.50,20.778
44212,16233,63.50,20.778
44220,32893,63.50,20.778
44222,16233,63.50,20.778
44230,32893,63.50,20.778
44232,16233,63.50,20.778
44240,32893,63.50,20.778
44242,16233,63.50,20.778
44251,32893,63.50,20.778
44252,16233,63.50,20.778
44260,32893,63.50,20.778
44262,16233,63.50,20.778
44270,32893,63.50,20.778
44272,16233,63.50,20.778
44280,32893,63.50,20.778
44282,16233,63.50,20.778
44291,32893,63.50,20.778
44292,16233,63.50,20.778
44301,32893,63.50,20.778
44302,16233,63.50,20.778
44311,32893,63.50,20.778
44312,16233,63.50,20.778
44321,32893,63.50,20.778
44322,16233,63.50,20.778
44331,32893,63.50,20.778
44332,16233,63.50,20.778
44341,32893,63.50,20.778
44342,16233,63.50,20.778
44350,32893,63.50,20.778
44353,16233,63.50,20.778
44360,32893,63.50,20.778
44362,16233,63.50,20.778
44370,32893,63.50,20.778
44372,16233,63.50,20.778
44380,32893,63.50,20.778
44382,16233,63.50,20.778
44390,32893,63.50,20.778
44392,16233,63.50,20.778
44400,32893,63.50,20.778
44402,16233,63.50,20.778
44410,32893,63.50,20.778
44412,16233,63.50,20.778
44421,32893,63.50,20.778
44422,16233,63.50,20.778
44430,32893,63.50,20.778
44432,16233,63.50,20.778
44440,32893,63.50,20.778
44442,16233,63.50,20.778
44450,32893,63.50,20.778
44452,16233,63.50,20.778
44460,32893,63.50,20.778
44462,16233,63.50,20.778
44470,32893,63.50,20.778
44472,16233,63.50,20.778
44481,32893,63.50,20.778
44482,16233,63.50,20.778
44490,32893,63.50,20.778
44493,16233,63.50,20.778
44500,32893,63.50,20.778
44502,16233,63.50,20.778
44510,32893,63.50,20.778
44512,16233,63.50,20.778
44521,32893,63.50,20.778
44522,16233,63.50,20.778
44530,32893,63.50,20.778
44532,16233,63.50,20.778
44541,32893,63.50,20.778
44542,16233,63.50,20.778
44550,32893,63.50,20.778
44552,16233,63.50,20.778
44560,32893,63.50,20.778
44562,16233,63.50,20.778
44570,32893,63.50,20.778
44572,16233,63.50,20.778
44580,32893,63.50,20.778
44582,16233,63.50,20.778
44591,32893,63.50,20.778
44592,16233,63.50,20.778
44600,32893,63.50,20.778
44602,16233,63.50,20.778
44610,32893,63.50,20.778
44613,16233,63.50,20.778
44620,32893,63.50,20.778
44623,16233,63.50,20.778
44630,32893,63.50,20.778
44632,16233,63.50,20.778
44640,32893,63.50,20.778
44642,16233,63.50,20.778
44650,32893,63.50,20.778
44652,16233,63.50,20.778
44660,32893,63.50,20.778
44662,16233,63.50,20.778
44670,32893,63.50,20.778
44672,16233,63.50,20.778
44680,32893,63.50,20.778
44682,16233,63.50,20.778
44690,32893,63.50,20.778
44692,16233,63.50,20.778
44700,32893,63.50,20.778
44702,16233,63.50,20.778
44711,32893,63.50,20.778
44712,16233,63.50,20.778
44720,32893,63.50,20.778
44722,16233,63.50,20.778
44730,32893,63.50,20.778
44732,16233,63.50,20.778
44740,32893,63.50,20.778
44742,16233,63.50,20.778
44750,32893,63.50,20.778
44752,16233,63.50,20.778
44760,32893,63.50,20.778
44762,16233,63.50,20.778
44770,32893,63.50,20.778
44772,16233,63.50,20.778
44780,32893,63.50,20.778
44782,16233,63.50,20.778
44790,32893,63.50,20.778
44792,16233,63.50,20.778
44800,32893,63.50,20.778
44802,16233,63.50,20.778
44810,32893,63.50,20.778
44812,16233,63.50,20.778
44820,32893,63.50,20.778
44822,16233,63.50,20.778
44830,32893,63.50,20.778
44832,16233,63.50,20.778
44841,32893,63.50,20.778
44842,16233,63.50,20.778
44850,32893,63.50,20.778
44852,16233,63.50,20.778
44860,32893,63.50,20.778
44862,16233,63.50,20.778
44870,32893,63.50,20.778
44872,16233,63.50,20.778
44880,32893,63.50,20.778
44882,16233,63.50,20.778
44891,32893,63.50,20.778
44892,16233,63.50,20.778
44901,32893,63.50,20.778
44902,16233,63.50,20.778
44911,32893,63.50,20.778
44912,16233,63.50,20.778
44921,32893,63.50,20.778
44922,16233,63.50,20.778
44930,32893,63.50,20.778
44932,16233,63.50,20.778
44940,32893,63.50,20.778
44942,16233,63.50,20.778
44950,32893,63.50,20.778
44952,16233,63.50,20.778
44960,32893,63.50,20.778
44962,16233,63.50,20.778
44971,32893,63.50,20.778
44972,16233,63.50,20.778
44980,32893,63.50,20.778
44982,16233,63.50,20.778
44990,32893,63.50,20.778
44992,16233,63.50,20.778
45000,32893,63.50,20.778
45002,16233,63.50,20.778
45010,32893,63.50,20.778
45012,16233,63.50,20.778
45020,32893,63.50,20.778
45022,16233,63.50,20.778
45032,32893,63.50,20.778
45033,16233,63.50,20.778
45041,32893,63.50,20.778
45042,16233,63.50,20.778
45051,32893,63.50,20.778
45052,16233,63.50,20.778
45060,32893,63.50,20.778
45062,16233,63.50,20.778
45070,32893,63.50,20.778
45072,16233,63.50,20.778
45080,32893,63.50,20.778
45082,16233,63.50,20.778
45090,32893,63.50,20.778
45092,16233,63.50,20.778
45100,32893,63.50,20.778
45102,16233,63.50,20.778
45110,32893,63.50,20.778
45112,16233,63.50,20.778
45120,32893,63.50,20.778
45123,16233,63.50,20.778
45130,32893,63.50,20.778
45132,16233,63.50,20.778
45140,32893,63.50,20.778
45142,16233,63.50,20.778
45150,32893,63.50,20.778
45152,16233,63.50,20.778
45160,32893,63.50,20.778
45162,16233,63.50,20.778
45170,32893,63.50,20.778
45172,16233,63.50,20.778
45180,32893,63.50,20.778
45182,16233,63.50,20.778
45190,32893,63.50,20.778
45192,16233,63.50,20.778
45200,32893,63.50,20.778
45202,16233,63.50,20.778
45211,32893,63.50,20.778
45213,16233,63.50,20.778
45221,32893,63.50,20.778
45222,16233,63.50,20.778
45230,32893,63.50,20.778
45232,16233,63.50,20.778
45240,32893,63.50,20.778
45242,16233,63.50,20.778
45250,32893,63.50,20.778
45252,16233,63.50,20.778
45261,32893,63.50,20.778
45262,16233,63.50,20.778
45270,32893,63.50,20.778
45272,16233,63.50,20.778
45281,32893,63.50,20.778
45282,16233,63.50,20.778
45290,32893,63.50,20.778
45292,16233,63.50,20.778
45300,32893,63.50,20.778
45302,16233,63.50,20.778
45311,32893,63.50,20.778
45312,16233,63.50,20.778
45320,32893,63.50,20.778
45322,16233,63.50,20.778
45330,32893,63.50,20.778
45332,16233,63.50,20.778
45340,32893,63.50,20.778
45342,16233,63.50,20.778
45351,32893,63.50,20.778
45352,16233,63.50,20.778
45361,32893,63.50,20.778
45362,16233,63.50,20.778
45370,32893,63.50,20.778
45372,16233,63.50,20.778
45380,32893,63.50,20.778
45382,16233,63.50,20.778
45391,32893,63.50,20.778
45392,16233,63.50,20.778
45400,32893,63.50,20.778
45402,16233,63.50,20.778
45410,32893,63.50,20.778
45412,16233,63.50,20.778
45420,32893,63.50,20.778
45422,16233,63.50,20.778
45431,32893,63.50,20.778
45432,16233,63.50,20.778
45441,32893,63.50,20.778
45442,16233,63.50,20.778
45450,32893,63.50,20.778
45452,16233,63.50,20.778
45461,32893,63.50,20.778
45462,16233,63.50,20.778
45471,32893,63.50,20.778
45472,16233,63.50,20.778
45480,32893,63.50,20.778
45482,16233,63.50,20.778
45490,32893,63.50,20.778
45492,16233,63.50,20.778
45501,32893,63.50,20.778
45502,16233,63.50,20.778
45510,32893,63.50,20.778
45512,16233,63.50,20.778
45521,32893,63.50,20.778
45522,16233,63.50,20.778
45530,32893,63.50,20.778
45532,16233,63.50,20.778
45540,32893,63.50,20.778
45542,16233,63.50,20.778
45550,32893,63.50,20.778
45552,16233,63.50,20.778
45560,32893,63.50,20.778
45562,16233,63.50,20.778
45570,32893,63.50,20.778
45572,16233,63.50,20.778
45581,32893,63.50,20.778
45582,16233,63.50,20.778
45590,32893,63.50,20.778
45592,16233,63.50,20.778
45601,32893,63.50,20.778
45602,16233,63.50,20.778
45611,32893,63.50,20.778
45612,16233,63.50,20.778
45620,32893,63.50,20.778
45622,16233,63.50,20.778
45630,32893,63.50,20.778
45632,16233,63.50,20.778
45641,32893,63.50,20.778
45642,16233,63.50,20.778
45651,32893,63.50,20.778
45652,16233,63.50,20.778
45661,32893,63.50,20.778
45662,16233,63.50,20.778
45670,32893,63.50,20.778
45672,16233,63.50,20.778
45680,32893,63.50,20.778
45682,16233,63.50,20.778
45690,32893,63.50,20.778
45692,16233,63.50,20.778
45700,32893,63.50,20.778
45702,16233,63.50,20.778
45710,32893,63.50,20.778
45712,16233,63.50,20.778
45720,32893,63.50,20.778
45722,16233,63.50,20.778
45730,32893,63.50,20.778
45732,16233,63.50,20.778
45740,32893,63.50,20.778
45742,16233,63.50,20.778
45750,32893,63.50,20.778
45752,16233,63.50,20.778
45761,32893,63.50,20.778
45762,16233,63.50,20.778
45771,32893,63.50,20.778
45772,16233,63.50,20.778
45781,32893,63.50,20.778
45782,16233,63.50,20.778
45790,32893,63.50,20.778
45792,16233,63.50,20.778
45801,32893,63.50,20.778
45802,16233,63.50,20.778
45810,32893,63.50,20.778
45812,16233,63.50,20.778
45820,32893,63.50,20.778
45822,16233,63.50,20.778
45830,32893,63.50,20.778
45832,16233,63.50,20.778
45841,32893,63.50,20.778
45842,16233,63.50,20.778
45850,32893,63.50,20.778
45852,16233,63.50,20.778
45860,32893,63.50,20.778
45862,16233,63.50,20.778
45870,32893,63.50,20.778
45872,16233,63.50,20.778
45880,32893,63.50,20.778
45882,16233,63.50,20.778
45890,32893,63.50,20.778
45892,16233,63.50,20.778
45901,32893,63.50,20.778
45902,16233,63.50,20.778
45910,32893,63.50,20.778
45912,16233,63.50,20.778
45920,32893,63.50,20.778
45922,16233,63.50,20.778
45930,32893,63.50,20.778
45932,16233,63.50,20.778
45940,32893,63.50,20.778
45942,16233,63.50,20.778
45950,32893,63.50,20.778
45952,16233,63.50,20.778
45960,32893,63.50,20.778
45962,16233,63.50,20.778
45970,32893,63.50,20.778
45972,16233,63.50,20.778
45980,32893,63.50,20.778
45982,16233,63.50,20.778
45990,32893,63.50,20.778
45992,16233,63.50,20.778
46000,32893,63.50,20.778
46002,16233,63.50,20.778
46011,32893,63.50,20.778
46012,16233,63.50,20.778
46020,32893,63.50,20.778
46022,16233,63.50,20.778
46031,32893,63.50,20.778
46032,16233,63.50,20.778
46040,32893,63.50,20.778
46042,16233,63.50,20.778
46050,32893,63.50,20.778
46052,16233,63.50,20.778
46060,32893,63.50,20.778
46062,16233,63.50,20.778
46071,32893,63.50,20.778
46072,16233,63.50,20.778
46081,32893,63.50,20.778
46082,16233,63.50,20.778
46090,32893,63.50,20.778
46092,16233,63.50,20.778
46101,32893,63.50,20.778
46102,16233,63.50,20.778
46110,32893,63.50,20.778
46112,16233,63.50,20.778
46121,32893,63.50,20.778
46122,16233,63.50,20.778
46130,32893,63.50,20.778
46132,16233,63.50,20.778
46140,32893,63.50,20.778
46143,16233,63.50,20.778
46150,32893,63.50,20.778
46152,16233,63.50,20.778
46160,32893,63.50,20.778
46162,16233,63.50,20.778
46170,32893,63.50,20.778
46172,16233,63.50,20.778
46181,32893,63.50,20.778
46182,16233,63.50,20.778
46190,32893,63.50,20.778
46193,16233,63.50,20.778
46201,32893,63.50,20.778
46202,16233,63.50,20.778
46212,32893,63.50,20.778
46212,16233,63.50,20.778
46221,32893,63.50,20.778
46223,16233,63.50,20.778
46231,32893,63.50,20.778
46232,16233,63.50,20.778
46241,32893,63.50,20.778
46242,16233,63.50,20.778
46250,32893,63.50,20.778
46252,16233,63.50,20.778
46261,32893,63.50,20.778
46262,16233,63.50,20.778
46271,32893,63.50,20.778
46272,16233,63.50,20.778
46280,32893,63.50,20.778
46283,16233,63.50,20.778
46290,32893,63.50,20.778
46292,16233,63.50,20.778
46300,32893,63.50,20.778
46302,16233,63.50,20.778
46310,32893,63.50,20.778
46312,16233,63.50,20.778
46320,32893,63.50,20.778
46322,16233,63.50,20.778
46330,32893,63.50,20.778
46332,16233,63.50,20.778
46340,32893,63.50,20.778
46342,16233,63.50,20.778
46350,32893,63.50,20.778
46352,16233,63.50,20.778
46361,32893,63.50,20.778
46362,16233,63.50,20.778
46371,32893,63.50,20.778
46372,16233,63.50,20.778
46380,32893,63.50,20.778
46382,16233,63.50,20.778
46390,32893,63.50,20.778
46392,16233,63.50,20.778
46400,32893,63.50,20.778
46402,16233,63.50,20.778
46410,32893,63.50,20.778
46412,16233,63.50,20.778
46421,32893,63.50,20.778
46422,16233,63.50,20.778
46430,32893,63.50,20.778
46432,16233,63.50,20.778
46440,32893,63.50,20.778
46442,16233,63.50,20.778
46450,32893,63.50,20.778
46452,16233,63.50,20.778
46461,32893,63.50,20.778
46462,16233,63.50,20.778
46470,32893,63.50,20.778
46472,16233,63.50,20.778
46480,32893,63.50,20.778
46482,16233,63.50,20.778
46490,32893,63.50,20.778
46492,16233,63.50,20.778
46500,32893,63.50,20.778
46502,16233,63.50,20.778
46510,32893,63.50,20.778
46512,16233,63.50,20.778
46520,32893,63.50,20.778
46522,16233,63.50,20.778
46530,32893,63.50,20.778
46532,16233,63.50,20.778
46540,32893,63.50,20.778
46542,16233,63.50,20.778
46550,32893,63.50,20.778
46552,16233,63.50,20.778
46560,32893,63.50,20.778
46562,16233,63.50,20.778
46570,32893,63.50,20.778
46572,16233,63.50,20.778
46580,32893,63.50,20.778
46582,16233,63.50,20.778
46591,32893,63.50,20.778
46592,16233,63.50,20.778
46601,32893,63.50,20.778
46603,16233,63.50,20.778
46610,32893,63.50,20.778
46612,16233,63.50,20.778
46620,32893,63.50,20.778
46622,16233,63.50,20.778
46630,32893,63.50,20.778
46632,16233,63.50,20.778
46640,32893,63.50,20.778
46642,16233,63.50,20.778
46650,32893,63.50,20.778
46652,16233,63.50,20.778
46660,32893,63.50,20.778
46662,16233,63.50,20.778
46670,32893,63.50,20.778
46672,16233,63.50,20.778
46680,32893,63.50,20.778
46682,16233,63.50,20.778
46690,32893,63.50,20.778
46692,16233,63.50,20.778
46700,32893,63.50,20.778
46702,16233,63.50,20.778
46710,32893,63.50,20.778
46712,16233,63.50,20.778
46720,32893,63.50,20.778
46722,16233,63.50,20.778
46730,32893,63.50,20.778
46732,16233,63.50,20.778
46740,32893,63.50,20.778
46742,16233,63.50,20.778
46750,32893,63.50,20.778
46752,16233,63.50,20.778
46760,32893,63.50,20.778
46762,16233,63.50,20.778
46770,32893,63.50,20.778
46772,16233,63.50,20.778
46780,32893,63.50,20.778
46782,16233,63.50,20.778
46790,32893,63.50,20.778
46792,16233,63.50,20.778
46800,32893,63.50,20.778
46803,16233,63.50,20.778
46810,32893,63.50,20.778
46812,16233,63.50,20.778
46821,32893,63.50,20.778
46823,16233,63.50,20.778
46830,32893,63.50,20.778
46833,16233,63.50,20.778
46841,32893,63.50,20.778
46842,16233,63.50,20.778
46850,32893,63.50,20.778
46853,16233,63.50,20.778
46860,32893,63.50,20.778
46862,16233,63.50,20.778
46871,32893,63.50,20.778
46872,16233,63.50,20.778
46881,32893,63.50,20.778
46883,16233,63.50,20.778
46891,32893,63.50,20.778
46893,16233,63.50,20.778
46901,32893,63.50,20.778
46902,16233,63.50,20.778
46911,32893,63.50,20.778
46912,16233,63.50,20.778
46920,32893,63.50,20.778
46922,16233,63.50,20.778
46930,32893,63.50,20.778
46933,16233,63.50,20.778
46942,32893,63.50,20.778
46942,16233,63.50,20.778
46950,32893,63.50,20.778
46952,16233,63.50,20.778
46960,32893,63.50,20.778
46962,16233,63.50,20.778
46971,32893,63.50,20.778
46972,16233,63.50,20.778
46981,32893,63.50,20.778
46982,16233,63.50,20.778
46990,32893,63.50,20.778
46993,16233,63.50,20.778
47000,32893,63.50,20.778
47002,16233,63.50,20.778
47011,32893,63.50,20.778
47012,16233,63.50,20.778
47020,32893,63.50,20.778
47022,16233,63.50,20.778
47031,32893,63.50,20.778
47033,16233,63.50,20.778
47040,32893,63.50,20.778
47042,16233,63.50,20.778
47051,32893,63.50,20.778
47052,16233,63.50,20.778
47061,32893,63.50,20.778
47062,16233,63.50,20.778
47070,32893,63.50,20.778
47072,16233,63.50,20.778
47081,32893,63.50,20.778
47082,16233,63.50,20.778
47091,32893,63.50,20.778
47092,16233,63.50,20.778
47100,32893,63.50,20.778
47102,16233,63.50,20.778
47111,32893,63.50,20.778
47112,16233,63.50,20.778
47121,32893,63.50,20.778
47122,16233,63.50,20.778
47130,32893,63.50,20.778
47132,16233,63.50,20.778
47141,32893,63.50,20.778
47143,16233,63.50,20.778
47150,32893,63.50,20.778
47152,16233,63.50,20.778
47160,32893,63.50,20.778
47162,16233,63.50,20.778
47171,32893,63.50,20.778
47172,16233,63.50,20.778
47180,32893,63.50,20.778
47182,16233,63.50,20.778
47190,32893,63.50,20.778
47192,16233,63.50,20.778
47200,32893,63.50,20.778
47202,16233,63.50,20.778
47210,32893,63.50,20.778
47212,16233,63.50,20.778
47221,32893,63.50,20.778
47222,16233,63.50,20.778
47231,32893,63.50,20.778
47232,16233,63.50,20.778
47241,32893,63.50,20.778
47242,16233,63.50,20.778
47250,32893,63.50,20.778
47252,16233,63.50,20.778
47260,32893,63.50,20.778
47262,16233,63.50,20.778
47270,32893,63.50,20.778
47273,16233,63.50,20.778
47280,32893,63.50,20.778
47283,16233,63.50,20.778
47291,32893,63.50,20.778
47292,16233,63.50,20.778
47300,32893,63.50,20.778
47302,16233,63.50,20.778
47311,32893,63.50,20.778
47312,16233,63.50,20.778
47321,32893,63.50,20.778
47322,16233,63.50,20.778
47330,32893,63.50,20.778
47332,16233,63.50,20.778
47340,32893,63.50,20.778
47343,16233,63.50,20.778
47351,32893,63.50,20.778
47352,16233,63.50,20.778
47360,32893,63.50,20.778
47362,16233,63.50,20.778
47370,32893,63.50,20.778
47372,16233,63.50,20.778
47380,32893,63.50,20.778
47382,16233,63.50,20.778
47390,32893,63.50,20.778
47392,16233,63.50,20.778
47400,32893,63.50,20.778
47403,16233,63.50,20.778
47411,32893,63.50,20.778
47412,16233,63.50,20.778
47421,32893,63.50,20.778
47423,16233,63.50,20.778
47431,32893,63.50,20.778
47432,16233,63.50,20.778
47441,32893,63.50,20.778
47442,16233,63.50,20.778
47450,32893,63.50,20.778
47453,16233,63.50,20.778
47461,32893,63.50,20.778
47463,16233,63.50,20.778
47470,32893,63.50,20.778
47472,16233,63.50,20.778
47481,32893,63.50,20.778
47482,16233,63.50,20.778
47491,32893,63.50,20.778
47492,16233,63.50,20.778
47500,32893,63.50,20.778
47502,16233,63.50,20.778
47510,32893,63.50,20.778
47512,16233,63.50,20.778
47521,32893,63.50,20.778
47522,16233,63.50,20.778
47530,32893,63.50,20.778
47532,16233,63.50,20.778
47541,32893,63.50,20.778
47543,16233,63.50,20.778
47551,32893,63.50,20.778
47552,16233,63.50,20.778
47561,32893,63.50,20.778
47562,16233,63.50,20.778
47571,32893,63.50,20.778
47572,16233,63.50,20.778
47580,32893,63.50,20.778
47582,16233,63.50,20.778
47591,32893,63.50,20.778
47592,16233,63.50,20.778
47600,32893,63.50,20.778
47602,16233,63.50,20.778
47610,32893,63.50,20.778
47612,16233,63.50,20.778
47620,32893,63.50,20.778
47622,16233,63.50,20.778
47630,32893,63.50,20.778
47632,16233,63.50,20.778
47641,32893,63.50,20.778
47642,16233,63.50,20.778
47650,32893,63.50,20.778
47652,16233,63.50,20.778
47660,32893,63.50,20.778
47662,16233,63.50,20.778
47670,32893,63.50,20.778
47672,16233,63.50,20.778
47680,32893,63.50,20.778
47682,16233,63.50,20.778
47690,32893,63.50,20.778
47692,16233,63.50,20.778
47701,32893,63.50,20.778
47702,16233,63.50,20.778
47710,32893,63.50,20.778
47712,16233,63.50,20.778
47720,32893,63.50,20.778
47722,16233,63.50,20.778
47730,32893,63.50,20.778
47732,16233,63.50,20.778
47740,32893,63.50,20.778
47742,16233,63.50,20.778
47750,32893,63.50,20.778
47752,16233,63.50,20.778
47760,32893,63.50,20.778
47763,16233,63.50,20.778
47771,32893,63.50,20.778
47772,16233,63.50,20.778
47780,32893,63.50,20.778
47782,16233,63.50,20.778
47790,32893,63.50,20.778
47792,16233,63.50,20.778
47800,32893,63.50,20.778
47802,16233,63.50,20.778
47810,32893,63.50,20.778
47812,16233,63.50,20.778
47820,32893,63.50,20.778
47822,16233,63.50,20.778
47830,32893,63.50,20.778
47832,16233,63.50,20.778
47840,32893,63.50,20.778
47842,16233,63.50,20.778
47850,32893,63.50,20.778
47852,16233,63.50,20.778
47860,32893,63.50,20.778
47862,16233,63.50,20.778
47870,32893,63.50,20.778
47872,16233,63.50,20.778
47880,32893,63.50,20.778
47883,16233,63.50,20.778
47890,32893,63.50,20.778
47892,16233,63.50,20.778
47900,32893,63.50,20.778
47902,16233,63.50,20.778
47910,32893,63.50,20.778
47912,16233,63.50,20.778
47920,32893,63.50,20.778
47922,16233,63.50,20.778
47931,32893,63.50,20.778
47932,16233,63.50,20.778
47940,32893,63.50,20.778
47942,16233,63.50,20.778
47950,32893,63.50,20.778
47952,16233,63.50,20.778
47960,32893,63.50,20.778
47962,16233,63.50,20.778
47970,32893,63.50,20.778
47972,16233,63.50,20.778
47980,32893,63.50,20.778
47982,16233,63.50,20.778
47991,32893,63.50,20.778
47992,16233,63.50,20.778
48000,32893,63.50,20.778
48002,16233,63.50,20.778
48010,32893,63.50,20.778
48012,16233,63.50,20.778
48020,32893,63.50,20.778
48022,16233,63.50,20.778
48031,32893,63.50,20.778
48033,16233,63.50,20.778
48041,32893,63.50,20.778
48042,16233,63.50,20.778
48050,32893,63.50,20.778
48052,16233,63.50,20.778
48060,32893,63.50,20.778
48062,16233,63.50,20.778
48070,32893,63.50,20.778
48072,16233,63.50,20.778
48081,32893,63.50,20.778
48082,16233,63.50,20.778
48090,32893,63.50,20.778
48092,16233,63.50,20.778
48101,32893,63.50,20.778
48102,16233,63.50,20.778
48111,32893,63.50,20.778
48112,16233,63.50,20.778
48121,32893,63.50,20.778
48122,16233,63.50,20.778
48131,32893,63.50,20.778
48132,16233,63.50,20.778
48141,32893,63.50,20.778
48142,16233,63.50,20.778
48150,32893,63.50,20.778
48152,16233,63.50,20.778
48161,32893,63.50,20.778
48162,16233,63.50,20.778
48170,32893,63.50,20.778
48172,16233,63.50,20.778
48181,32893,63.50,20.778
48182,16233,63.50,20.778
48191,32893,63.50,20.778
48192,16233,63.50,20.778
48201,32893,63.50,20.778
48202,16233,63.50,20.778
48211,32893,63.50,20.778
48212,16233,63.50,20.778
48220,32893,63.50,20.778
48222,16233,63.50,20.778
48230,32893,63.50,20.778
48232,16233,63.50,20.778
48241,32893,63.50,20.778
48242,16233,63.50,20.778
48250,32893,63.50,20.778
48252,16233,63.50,20.778
48261,32893,63.50,20.778
48262,16233,63.50,20.778
48270,32893,63.50,20.778
48272,16233,63.50,20.778
48281,32893,63.50,20.778
48282,16233,63.50,20.778
48291,32893,63.50,20.778
48292,16233,63.50,20.778
48300,32893,63.50,20.778
48302,16233,63.50,20.778
48311,32893,63.50,20.778
48312,16233,63.50,20.778
48320,32893,63.50,20.778
48322,16233,63.50,20.778
48330,32893,63.50,20.778
48333,16233,63.50,20.778
48340,32893,63.50,20.778
48342,16233,63.50,20.778
48350,32893,63.50,20.778
48352,16233,63.50,20.778
48360,32893,63.50,20.778
48362,16233,63.50,20.778
48370,32893,63.50,20.778
48372,16233,63.50,20.778
48380,32893,63.50,20.778
48382,16233,63.50,20.778
48391,32893,63.50,20.778
48392,16233,63.50,20.778
48401,32893,63.50,20.778
48402,16233,63.50,20.778
48411,32893,63.50,20.778
48412,16233,63.50,20.778
48421,32893,63.50,20.778
48423,16233,63.50,20.778
48431,32893,63.50,20.778
48432,16233,63.50,20.778
48440,32893,63.50,20.778
48442,16233,63.50,20.778
48450,32893,63.50,20.778
48452,16233,63.50,20.778
48461,32893,63.50,20.778
48462,16233,63.50,20.778
48471,32893,63.50,20.778
48472,16233,63.50,20.778
48481,32893,63.50,20.778
48483,16233,63.50,20.778
48490,32893,63.50,20.778
48492,16233,63.50,20.778
48500,32893,63.50,20.778
48502,16233,63.50,20.778
48511,32893,63.50,20.778
48512,16233,63.50,20.778
48521,32893,63.50,20.778
48522,16233,63.50,20.778
48531,32893,63.50,20.778
48532,16233,63.50,20.778
48540,32893,63.50,20.778
48542,16233,63.50,20.778
48550,32893,63.50,20.778
48553,16233,63.50,20.778
48560,32893,63.50,20.778
48562,16233,63.50,20.778
48570,32893,63.50,20.778
48573,16233,63.50,20.778
48581,32893,63.50,20.778
48582,16233,63.50,20.778
48590,32893,63.50,20.778
48592,16233,63.50,20.778
48601,32893,63.50,20.778
48602,16233,63.50,20.778
48610,32893,63.50,20.778
48612,16233,63.50,20.778
48621,32893,63.50,20.778
48622,16233,63.50,20.778
48630,32893,63.50,20.778
48632,16233,63.50,20.778
48641,32893,63.50,20.778
48642,16233,63.50,20.778
48651,32893,63.50,20.778
48652,16233,63.50,20.778
48660,32893,63.50,20.778
48662,16233,63.50,20.778
48671,32893,63.50,20.778
48672,16233,63.50,20.778
48681,32893,63.50,20.778
48682,16233,63.50,20.778
48690,32893,63.50,20.778
48692,16233,63.50,20.778
48700,32893,63.50,20.778
48702,16233,63.50,20.778
48710,32893,63.50,20.778
48712,16233,63.50,20.778
48721,32893,63.50,20.778
48723,16233,63.50,20.778
48731,32893,63.50,20.778
48732,16233,63.50,20.778
48740,32893,63.50,20.778
48742,16233,63.50,20.778
48750,32893,63.50,20.778
48752,16233,63.50,20.778
48761,32893,63.50,20.778
48762,16233,63.50,20.778
48770,32893,63.50,20.778
48772,16233,63.50,20.778
48780,32893,63.50,20.778
48782,16233,63.50,20.778
48790,32893,63.50,20.778
48793,16233,63.50,20.778
48801,32893,63.50,20.778
48803,16233,63.50,20.778
48810,32893,63.50,20.778
48812,16233,63.50,20.778
48820,32893,63.50,20.778
48822,16233,63.50,20.778
48830,32893,63.50,20.778
48832,16233,63.50,20.778
48841,32893,63.50,20.778
48842,16233,63.50,20.778
48850,32893,63.50,20.778
48852,16233,63.50,20.778
48860,32893,63.50,20.778
48862,16233,63.50,20.778
48870,32893,63.50,20.778
48872,16233,63.50,20.778
48880,32893,63.50,20.778
48882,16233,63.50,20.778
48891,32893,63.50,20.778
48892,16233,63.50,20.778
48901,32893,63.50,20.778
48902,16233,63.50,20.778
48911,32893,63.50,20.778
48912,16233,63.50,20.778
48920,32893,63.50,20.778
48922,16233,63.50,20.778
48930,32893,63.50,20.778
48932,16233,63.50,20.778
48940,32893,63.50,20.778
48942,16233,63.50,20.778
48950,32893,63.50,20.778
48952,16233,63.50,20.778
48961,32893,63.50,20.778
48962,16233,63.50,20.778
48970,32893,63.50,20.778
48972,16233,63.50,20.778
48981,32893,63.50,20.778
48982,16233,63.50,20.778
48990,32893,63.50,20.778
48992,16233,63.50,20.778
49000,32893,63.50,20.778
49002,16233,63.50,20.778
49011,32893,63.50,20.778
49012,16233,63.50,20.778
49020,32893,63.50,20.778
49022,16233,63.50,20.778
49031,32893,63.50,20.778
49032,16233,63.50,20.778
49041,32893,63.50,20.778
49042,16233,63.50,20.778
49050,32893,63.50,20.778
49052,16233,63.50,20.778
49061,32893,63.50,20.778
49063,16233,63.50,20.778
49071,32893,63.50,20.778
49072,16233,63.50,20.778
49080,32893,63.50,20.778
49082,16233,63.50,20.778
49090,32893,63.50,20.778
49092,16233,63.50,20.778
49101,32893,63.50,20.778
49102,16233,63.50,20.778
49110,32893,63.50,20.778
49112,16233,63.50,20.778
49121,32893,63.50,20.778
49122,16233,63.50,20.778
49131,32893,63.50,20.778
49132,16233,63.50,20.778
49141,32893,63.50,20.778
49142,16233,63.50,20.778
49151,32893,63.50,20.778
49152,16233,63.50,20.778
49160,32893,63.50,20.778
49162,16233,63.50,20.778
49170,32893,63.50,20.778
49172,16233,63.50,20.778
49180,32893,63.50,20.778
49182,16233,63.50,20.778
49190,32893,63.50,20.778
49192,16233,63.50,20.778
49201,32893,63.50,20.778
49202,16233,63.50,20.778
49210,32893,63.50,20.778
49212,16233,63.50,20.778
49221,32893,63.50,20.778
49222,16233,63.50,20.778
49230,32893,63.50,20.778
49232,16233,63.50,20.778
49240,32893,63.50,20.778
49242,16233,63.50,20.778
49250,32893,63.50,20.778
49252,16233,63.50,20.778
49260,32893,63.50,20.778
49262,16233,63.50,20.778
49270,32893,63.50,20.778
49272,16233,63.50,20.778
49281,32893,63.50,20.778
49282,16233,63.50,20.778
49290,32893,63.50,20.778
49292,16233,63.50,20.778
49300,32893,63.50,20.778
49302,16233,63.50,20.778
49311,32893,63.50,20.778
49312,16233,63.50,20.778
49320,32893,63.50,20.778
49322,16233,63.50,20.778
49330,32893,63.50,20.778
49332,16233,63.50,20.778
49340,32893,63.50,20.778
49342,16233,63.50,20.778
49350,32893,63.50,20.778
49352,16233,63.50,20.778
49360,32893,63.50,20.778
49362,16233,63.50,20.778
49370,32893,63.50,20.778
49372,16233,63.50,20.778
49381,32893,63.50,20.778
49382,16233,63.50,20.778
49391,32893,63.50,20.778
49392,16233,63.50,20.778
49400,32893,63.50,20.778
49402,16233,63.50,20.778
49410,32893,63.50,20.778
49412,16233,63.50,20.778
49421,32893,63.50,20.778
49422,16233,63.50,20.778
49431,32893,63.50,20.778
49432,16233,63.50,20.778
49440,32893,63.50,20.778
49442,16233,63.50,20.778
49451,32893,63.50,20.778
49452,16233,63.50,20.778
49461,32893,63.50,20.778
49462,16233,63.50,20.778
49471,32893,63.50,20.778
49472,16233,63.50,20.778
49480,32893,63.50,20.778
49482,16233,63.50,20.778
49490,32893,63.50,20.778
49492,16233,63.50,20.778
49500,32893,63.50,20.778
49502,16233,63.50,20.778
49510,32893,63.50,20.778
49512,16233,63.50,20.778
49521,32893,63.50,20.778
49522,16233,63.50,20.778
49530,32893,63.50,20.778
49532,16233,63.50,20.778
49540,32893,63.50,20.778
49542,16233,63.50,20.778
49551,32893,63.50,20.778
49552,16233,63.50,20.778
49561,32893,63.50,20.778
49562,16233,63.50,20.778
49571,32893,63.50,20.778
49572,16233,63.50,20.778
49581,32893,63.50,20.778
49583,16233,63.50,20.778
49590,32893,63.50,20.778
49592,16233,63.50,20.778
49601,32893,63.50,20.778
49603,16233,63.50,20.778
49611,32893,63.50,20.778
49612,16233,63.50,20.778
49620,32893,63.50,20.778
49622,16233,63.50,20.778
49630,32893,63.50,20.778
49632,16233,63.50,20.778
49641,32893,63.50,20.778
49642,16233,63.50,20.778
49650,32893,63.50,20.778
49652,16233,63.50,20.778
49660,32893,63.50,20.778
49662,16233,63.50,20.778
49670,32893,63.50,20.778
49672,16233,63.50,20.778
49680,32893,63.50,20.778
49682,16233,63.50,20.778
49690,32893,63.50,20.778
49692,16233,63.50,20.778
49700,32893,63.50,20.778
49703,16233,63.50,20.778
49710,32893,63.50,20.778
49712,16233,63.50,20.778
49721,32893,63.50,20.778
49722,16233,63.50,20.778
49731,32893,63.50,20.778
49732,16233,63.50,20.778
49740,32893,63.50,20.778
49742,16233,63.50,20.778
49750,32893,63.50,20.778
49752,16233,63.50,20.778
49760,32893,63.50,20.778
49762,16233,63.50,20.778
49770,32893,63.50,20.778
49772,16233,63.50,20.778
49780,32893,63.50,20.778
49782,16233,63.50,20.778
49790,32893,63.50,20.778
49792,16233,63.50,20.778
49801,32893,63.50,20.778
49802,16233,63.50,20.778
49811,32893,63.50,20.778
49812,16233,63.50,20.778
49820,32893,63.50,20.778
49822,16233,63.50,20.778
49830,32893,63.50,20.778
49832,16233,63.50,20.778
49840,32893,63.50,20.778
49842,16233,63.50,20.778
49850,32893,63.50,20.778
49852,16233,63.50,20.778
49861,32893,63.50,20.778
49862,16233,63.50,20.778
49870,32893,63.50,20.778
49872,16233,63.50,20.778
49880,32893,63.50,20.778
49882,16233,63.50,20.778
49890,32893,63.50,20.778
49892,16233,63.50,20.778
49901,32893,63.50,20.778
49902,16233,63.50,20.778
49911,32893,63.50,20.778
49912,16233,63.50,20.778
49920,32893,63.50,20.778
49922,16233,63.50,20.778
49931,32893,63.50,20.778
49932,16233,63.50,20.778
49940,32893,63.50,20.778
49942,16233,63.50,20.778
49950,32893,63.50,20.778
49952,16233,63.50,20.778
49961,32893,63.50,20.778
49962,16233,63.50,20.778
49971,32893,63.50,20.778
49972,16233,63.50,20.778
49980,32893,63.50,20.778
49982,16233,63.50,20.778
49990,32893,63.50,20.778
49992,16233,63.50,20.778
50001,32893,63.50,20.778
50002,16233,63.50,20.778
50010,32893,63.50,20.778
50012,16233,63.50,20.778
50021,32893,63.50,20.778
50022,16233,63.50,20.778
50031,32893,63.50,20.778
50033,16233,63.50,20.778
50041,32893,63.50,20.778
50042,16233,63.50,20.778
50050,32893,63.50,20.778
50052,16233,63.50,20.778
50060,32893,63.50,20.778
50062,16233,63.50,20.778
50070,32893,63.50,20.778
50072,16233,63.50,20.778
50080,32893,63.50,20.778
50082,16233,63.50,20.778
50091,32893,63.50,20.778
50092,16233,63.50,20.778
50101,32893,63.50,20.778
50102,16233,63.50,20.778
50110,32893,63.50,20.778
50112,16233,63.50,20.778
50121,32893,63.50,20.778
50122,16233,63.50,20.778
50130,32893,63.50,20.778
50132,16233,63.50,20.778
50140,32893,63.50,20.778
50142,16233,63.50,20.778
50150,32893,63.50,20.778
50152,16233,63.50,20.778
50160,32893,63.50,20.778
50162,16233,63.50,20.778
50170,32893,63.50,20.778
50172,16233,63.50,20.778
50180,32893,63.50,20.778
50182,16233,63.50,20.778
50190,32893,63.50,20.778
50192,16233,63.50,20.778
50200,32893,63.50,20.778
50202,16233,63.50,20.778
50212,32893,63.50,20.778
50212,16233,63.50,20.778
50221,32893,63.50,20.778
50222,16233,63.50,20.778
50230,32893,63.50,20.778
50232,16233,63.50,20.778
50240,32893,63.50,20.778
50242,16233,63.50,20.778
50250,32893,63.50,20.778
50252,16233,63.50,20.778
50261,32893,63.50,20.778
50263,16233,63.50,20.778
50270,32893,63.50,20.778
50272,16233,63.50,20.778
50281,32893,63.50,20.778
50282,16233,63.50,20.778
50290,32893,63.50,20.778
50292,16233,63.50,20.778
50300,32893,63.50,20.778
50302,16233,63.50,20.778
50310,32893,63.50,20.778
50312,16233,63.50,20.778
50320,32893,63.50,20.778
50322,16233,63.50,20.778
50330,32893,63.50,20.778
50332,16233,63.50,20.778
50340,32893,63.50,20.778
50342,16233,63.50,20.778
50350,32893,63.50,20.778
50352,16233,63.50,20.778
50360,32893,63.50,20.778
50362,16233,63.50,20.778
50370,32893,63.50,20.778
50372,16233,63.50,20.778
50380,32893,63.50,20.778
50382,16233,63.50,20.778
50390,32893,63.50,20.778
50392,16233,63.50,20.778
50401,32893,63.50,20.778
50402,16233,63.50,20.778
50411,32893,63.50,20.778
50412,16233,63.50,20.778
50421,32893,63.50,20.778
50424,16233,63.50,20.778
50431,32893,63.50,20.778
50433,16233,63.50,20.778
50440,32893,63.50,20.778
50442,16233,63.50,20.778
50450,32893,63.50,20.778
50452,16233,63.50,20.778
50461,32893,63.50,20.778
50462,16233,63.50,20.778
50471,32893,63.50,20.778
50472,16233,63.50,20.778
50481,32893,63.50,20.778
50482,16233,63.50,20.778
50491,32893,63.50,20.778
50492,16233,63.50,20.778
50500,32893,63.50,20.778
50502,16233,63.50,20.778
50511,32893,63.50,20.778
50512,16233,63.50,20.778
50521,32893,63.50,20.778
50522,16233,63.50,20.778
50531,32893,63.50,20.778
50532,16233,63.50,20.778
50540,32893,63.50,20.778
50542,16233,63.50,20.778
50551,32893,63.50,20.778
50552,16233,63.50,20.778
50560,32893,63.50,20.778
50562,16233,63.50,20.778
50571,32893,63.50,20.778
50572,16233,63.50,20.778
50580,32893,63.50,20.778
50582,16233,63.50,20.778
50591,32893,63.50,20.778
50592,16233,63.50,20.778
50600,32893,63.50,20.778
50602,16233,63.50,20.778
50610,32893,63.50,20.778
50612,16233,63.50,20.778
50621,32893,63.50,20.778
50622,16233,63.50,20.778
50630,32893,63.50,20.778
50632,16233,63.50,20.778
50640,32893,63.50,20.778
50642,16233,63.50,20.778
50650,32893,63.50,20.778
50652,16233,63.50,20.778
50660,32893,63.50,20.778
50664,16233,63.50,20.778
50671,32893,63.50,20.778
50672,16233,63.50,20.778
50680,32893,63.50,20.778
50682,16233,63.50,20.778
50690,32893,63.50,20.778
50692,16233,63.50,20.778
50700,32893,63.50,20.778
50702,16233,63.50,20.778
50710,32893,63.50,20.778
50713,16233,63.50,20.778
50721,32893,63.50,20.778
50722,16233,63.50,20.778
50730,32893,63.50,20.778
50732,16233,63.50,20.778
50741,32893,63.50,20.778
50743,16233,63.50,20.778
50750,32893,63.50,20.778
50752,16233,63.50,20.778
50761,32893,63.50,20.778
50762,16233,63.50,20.778
50770,32893,63.50,20.778
50772,16233,63.50,20.778
50780,32893,63.50,20.778
50782,16233,63.50,20.778
50790,32893,63.50,20.778
50792,16233,63.50,20.778
50801,32893,63.50,20.778
50802,16233,63.50,20.778
50811,32893,63.50,20.778
50812,16233,63.50,20.778
50820,32893,63.50,20.778
50822,16233,63.50,20.778
50830,32893,63.50,20.778
50832,16233,63.50,20.778
50841,32893,63.50,20.778
50843,16233,63.50,20.778
50850,32893,63.50,20.778
50852,16233,63.50,20.778
50860,32893,63.50,20.778
50863,16233,63.50,20.778
50870,32893,63.50,20.778
50872,16233,63.50,20.778
50880,32893,63.50,20.778
50882,16233,63.50,20.778
50891,32893,63.50,20.778
50892,16233,63.50,20.778
50900,32893,63.50,20.778
50902,16233,63.50,20.778
50910,32893,63.50,20.778
50912,16233,63.50,20.778
50920,32893,63.50,20.778
50922,16233,63.50,20.778
50930,32893,63.50,20.778
50933,16233,63.50,20.778
50941,32893,63.50,20.778
50943,16233,63.50,20.778
50951,32893,63.50,20.778
50953,16233,63.50,20.778
50961,32893,63.50,20.778
50963,16233,63.50,20.778
50970,32893,63.50,20.778
50972,16233,63.50,20.778
50981,32893,63.50,20.778
50982,16233,63.50,20.778
50991,32893,63.50,20.778
50994,16233,63.50,20.778
51001,32893,63.50,20.778
51003,16233,63.50,20.778
51011,32893,63.50,20.778
51012,16233,63.50,20.778
51021,32893,63.50,20.778
51023,16233,63.50,20.778
51031,32893,63.50,20.778
51033,16233,63.50,20.778
51042,32893,63.50,20.778
51043,16233,63.50,20.778
51050,32893,63.50,20.778
51053,16233,63.50,20.778
51060,32893,63.50,20.778
51062,16233,63.50,20.778
51071,32893,63.50,20.778
51073,16233,63.50,20.778
51081,32893,63.50,20.778
51082,16233,63.50,20.778
51091,32893,63.50,20.778
51092,16233,63.50,20.778
51100,32893,63.50,20.778
51102,16233,63.50,20.778
51110,32893,63.50,20.778
51112,16233,63.50,20.778
51121,32893,63.50,20.778
51122,16233,63.50,20.778
51130,32893,63.50,20.778
51132,16233,63.50,20.778
51141,32893,63.50,20.778
51142,16233,63.50,20.778
51150,32893,63.50,20.778
51152,16233,63.50,20.778
51161,32893,63.50,20.778
51162,16233,63.50,20.778
51170,32893,63.50,20.778
51172,16233,63.50,20.778
51180,32893,63.50,20.778
51182,16233,63.50,20.778
51190,32893,63.50,20.778
51192,16233,63.50,20.778
51200,32893,63.50,20.778
51202,16233,63.50,20.778
51211,32893,63.50,20.778
51213,16233,63.50,20.778
51220,32893,63.50,20.778
51222,16233,63.50,20.778
51230,32893,63.50,20.778
51232,16233,63.50,20.778
51241,32893,63.50,20.778
51242,16233,63.50,20.778
51250,32893,63.50,20.778
51252,16233,63.50,20.778
51260,32893,63.50,20.778
51262,16233,63.50,20.778
51270,32893,63.50,20.778
51272,16233,63.50,20.778
51280,32893,63.50,20.778
51282,16233,63.50,20.778
51290,32893,63.50,20.778
51292,16233,63.50,20.778
51300,32893,63.50,20.778
51302,16233,63.50,20.778
51310,32893,63.50,20.778
51312,16233,63.50,20.778
51320,32893,63.50,20.778
51323,16233,63.50,20.778
51330,32893,63.50,20.778
51332,16233,63.50,20.778
51341,32893,63.50,20.778
51342,16233,63.50,20.778
51351,32893,63.50,20.778
51352,16233,63.50,20.778
51361,32893,63.50,20.778
51362,16233,63.50,20.778
51371,32893,63.50,20.778
51372,16233,63.50,20.778
51381,32893,63.50,20.778
51382,16233,63.50,20.778
51391,32893,63.50,20.778
51392,16233,63.50,20.778
51401,32893,63.50,20.778
51403,16233,63.50,20.778
51411,32893,63.50,20.778
51412,16233,63.50,20.778
51421,32893,63.50,20.778
51423,16233,63.50,20.778
51430,32893,63.50,20.778
51432,16233,63.50,20.778
51441,32893,63.50,20.778
51442,16233,63.50,20.778
51451,32893,63.50,20.778
51452,16233,63.50,20.778
51460,32893,63.50,20.778
51463,16233,63.50,20.778
51470,32893,63.50,20.778
51472,16233,63.50,20.778
51480,32893,63.50,20.778
51482,16233,63.50,20.778
51491,32893,63.50,20.778
51492,16233,63.50,20.778
51500,32893,63.50,20.778
51502,16233,63.50,20.778
51510,32893,63.50,20.778
51512,16233,63.50,20.778
51521,32893,63.50,20.778
51522,16233,63.50,20.778
51530,32893,63.50,20.778
51532,16233,63.50,20.778
51540,32893,63.50,20.778
51542,16233,63.50,20.778
51550,32893,63.50,20.778
51552,16233,63.50,20.778
51560,32893,63.50,20.778
51562,16233,63.50,20.778
51570,32893,63.50,20.778
51572,16233,63.50,20.778
51580,32893,63.50,20.778
51582,16233,63.50,20.778
51590,32893,63.50,20.778
51592,16233,63.50,20.778
51601,32893,63.50,20.778
51603,16233,63.50,20.778
51610,32893,63.50,20.778
51612,16233,63.50,20.778
51620,32893,63.50,20.778
51622,16233,63.50,20.778
51630,32893,63.50,20.778
51632,16233,63.50,20.778
51641,32893,63.50,20.778
51642,16233,63.50,20.778
51650,32893,63.50,20.778
51652,16233,63.50,20.778
51660,32893,63.50,20.778
51662,16233,63.50,20.778
51670,32893,63.50,20.778
51672,16233,63.50,20.778
51680,32893,63.50,20.778
51683,16233,63.50,20.778
51691,32893,63.50,20.778
51692,16233,63.50,20.778
51700,32893,63.50,20.778
51702,16233,63.50,20.778
51710,32893,63.50,20.778
51712,16233,63.50,20.778
51720,32893,63.50,20.778
51722,16233,63.50,20.778
51730,32893,63.50,20.778
51732,16233,63.50,20.778
51741,32893,63.50,20.778
51742,16233,63.50,20.778
51750,32893,63.50,20.778
51752,16233,63.50,20.778
51760,32893,63.50,20.778
51762,16233,63.50,20.778
51771,32893,63.50,20.778
51772,16233,63.50,20.778
51780,32893,63.50,20.778
51782,16233,63.50,20.778
51790,32893,63.50,20.778
51792,16233,63.50,20.778
51801,32893,63.50,20.778
51802,16233,63.50,20.778
51810,32893,63.50,20.778
51812,16233,63.50,20.778
51821,32893,63.50,20.778
51822,16233,63.50,20.778
51830,32893,63.50,20.778
51833,16233,63.50,20.778
51840,32893,63.50,20.778
51842,16233,63.50,20.778
51851,32893,63.50,20.778
51853,16233,63.50,20.778
51860,32893,63.50,20.778
51862,16233,63.50,20.778
51871,32893,63.50,20.778
51872,16233,63.50,20.778
51880,32893,63.50,20.778
51882,16233,63.50,20.778
51890,32893,63.50,20.778
51892,16233,63.50,20.778
51901,32893,63.50,20.778
51902,16233,63.50,20.778
51910,32893,63.50,20.778
51912,16233,63.50,20.778
51920,32893,63.50,20.778
51922,16233,63.50,20.778
51930,32893,63.50,20.778
51932,16233,63.50,20.778
51941,32893,63.50,20.778
51942,16233,63.50,20.778
51951,32893,63.50,20.778
51952,16233,63.50,20.778
51960,32893,63.50,20.778
51962,16233,63.50,20.778
51970,32893,63.50,20.778
51972,16233,63.50,20.778
51980,32893,63.50,20.778
51982,16233,63.50,20.778
51991,32893,63.50,20.778
51992,16233,63.50,20.778
52001,32893,63.50,20.778
52003,16233,63.50,20.778
52010,32893,63.50,20.778
52012,16233,63.50,20.778
52020,32893,63.50,20.778
52022,16233,63.50,20.778
52031,32893,63.50,20.778
52033,16233,63.50,20.778
52040,32893,63.50,20.778
52042,16233,63.50,20.778
52050,32893,63.50,20.778
52052,16233,63.50,20.778
52060,32893,63.50,20.778
52062,16233,63.50,20.778
52070,32893,63.50,20.778
52072,16233,63.50,20.778
52080,32893,63.50,20.778
52083,16233,63.50,20.778
52090,32893,63.50,20.778
52092,16233,63.50,20.778
52100,32893,63.50,20.778
52102,16233,63.50,20.778
52110,32893,63.50,20.778
52112,16233,63.50,20.778
52121,32893,63.50,20.778
52122,16233,63.50,20.778
52130,32893,59.00,19.305
52132,16233,63.50,20.778
52140,32893,59.00,19.305
52142,16233,63.50,20.778
52151,32893,59.00,19.305
52152,16233,63.50,20.778
52160,32893,59.00,19.305
52162,16233,63.50,20.778
52170,32893,59.00,19.305
52172,16233,63.50,20.778
52180,32893,59.00,19.305
52182,16233,63.50,20.778
52190,32893,59.00,19.305
52192,16233,63.50,20.778
52201,32893,59.00,19.305
52202,16233,63.50,20.778
52211,32893,59.00,19.305
52212,16233,63.50,20.778
52221,32893,59.00,19.305
52222,16233,63.50,20.778
52231,32893,59.00,19.305
52232,16233,63.50,20.778
52241,32893,59.00,19.305
52242,16233,63.50,20.778
52251,32893,59.00,19.305
52252,16233,63.50,20.778
52261,32893,59.00,19.305
52262,16233,63.50,20.778
52271,32893,59.00,19.305
52272,16233,63.50,20.778
52281,32893,59.00,19.305
52282,16233,63.50,20.778
52290,32893,59.00,19.305
52292,16233,63.50,20.778
52301,32893,59.00,19.305
52302,16233,63.50,20.778
52310,32893,59.00,19.305
52312,16233,63.50,20.778
52321,32893,59.00,19.305
52322,16233,63.50,20.778
52330,32893,59.00,19.305
52332,16233,63.50,20.778
52341,32893,59.00,19.305
52342,16233,63.50,20.778
52351,32893,59.00,19.305
52352,16233,63.50,20.778
52361,32893,59.00,19.305
52362,16233,63.50,20.778
52371,32893,59.00,19.305
52372,16233,63.50,20.778
52380,32893,59.00,19.305
52382,16233,63.50,20.778
52391,32893,59.00,19.305
52392,16233,63.50,20.778
52400,32893,59.00,19.305
52402,16233,63.50,20.778
52411,32893,59.00,19.305
52412,16233,63.50,20.778
52421,32893,59.00,19.305
52422,16233,63.50,20.778
52430,32893,59.00,19.305
52432,16233,63.50,20.778
52440,32893,59.00,19.305
52442,16233,63.50,20.778
52450,32893,59.00,19.305
52452,16233,63.50,20.778
52460,32893,59.00,19.305
52462,16233,63.50,20.778
52470,32893,59.00,19.305
52472,16233,63.50,20.778
52480,32893,59.00,19.305
52482,16233,63.50,20.778
52490,32893,59.00,19.305
52492,16233,63.50,20.778
52500,32893,59.00,19.305
52502,16233,63.50,20.778
52510,32893,59.00,19.305
52512,16233,63.50,20.778
52521,32893,59.00,19.305
52522,16233,63.50,20.778
52530,32893,59.00,19.305
52532,16233,63.50,20.778
52540,32893,59.00,19.305
52542,16233,63.50,20.778
52550,32893,59.00,19.305
52553,16233,63.50,20.778
52561,32893,59.00,19.305
52562,16233,63.50,20.778
52571,32893,59.00,19.305
52572,16233,63.50,20.778
52581,32893,59.00,19.305
52582,16233,63.50,20.778
52590,32893,59.00,19.305
52592,16233,63.50,20.778
52601,32893,59.00,19.305
52602,16233,63.50,20.778
52611,32893,59.00,19.305
52613,16233,63.50,20.778
52620,32893,59.00,19.305
52622,16233,63.50,20.778
52630,32893,59.00,19.305
52632,16233,63.50,20.778
52640,32893,59.00,19.305
52643,16233,63.50,20.778
52650,32893,59.00,19.305
52652,16233,63.50,20.778
52660,32893,59.00,19.305
52662,16233,63.50,20.778
52671,32893,59.00,19.305
52672,16233,63.50,20.778
52680,32893,59.00,19.305
52683,16233,63.50,20.778
52690,32893,59.00,19.305
52692,16233,63.50,20.778
52700,32893,59.00,19.305
52703,16233,63.50,20.778
52711,32893,59.00,19.305
52712,16233,63.50,20.778
52720,32893,59.00,19.305
52722,16233,63.50,20.778
52730,32893,59.00,19.305
52732,16233,63.50,20.778
52741,32893,59.00,19.305
52743,16233,63.50,20.778
52750,32893,59.00,19.305
52752,16233,63.50,20.778
52760,32893,59.00,19.305
52762,16233,63.50,20.778
52770,32893,59.00,19.305
52773,16233,63.50,20.778
52781,32893,59.00,19.305
52783,16233,63.50,20.778
52791,32893,59.00,19.305
52792,16233,63.50,20.778
52801,32893,59.00,19.305
52802,16233,63.50,20.778
52811,32893,59.00,19.305
52812,16233,63.50,20.778
52820,32893,59.00,19.305
52822,16233,63.50,20.778
52830,32893,59.00,19.305
52832,16233,63.50,20.778
52841,32893,59.00,19.305
52842,16233,63.50,20.778
52850,32893,59.00,19.305
52852,16233,63.50,20.778
52860,32893,59.00,19.305
52862,16233,63.50,20.778
52871,32893,59.00,19.305
52872,16233,63.50,20.778
52880,32893,59.00,19.305
52882,16233,63.50,20.778
52890,32893,59.00,19.305
52892,16233,63.50,20.778
52901,32893,59.00,19.305
52902,16233,63.50,20.778
52911,32893,59.00,19.305
52912,16233,63.50,20.778
52921,32893,59.00,19.305
52922,16233,63.50,20.778
52931,32893,59.00,19.305
52932,16233,63.50,20.778
52940,32893,59.00,19.305
52942,16233,63.50,20.778
52951,32893,59.00,19.305
52953,16233,63.50,20.778
52960,32893,59.00,19.305
52962,16233,63.50,20.778
52970,32893,59.00,19.305
52972,16233,63.50,20.778
52981,32893,59.00,19.305
52983,16233,63.50,20.778
52990,32893,59.00,19.305
52992,16233,63.50,20.778
53000,32893,59.00,19.305
53002,16233,63.50,20.778
53010,32893,59.00,19.305
53012,16233,63.50,20.778
53020,32893,59.00,19.305
53022,16233,63.50,20.778
53031,32893,59.00,19.305
53032,16233,63.50,20.778
53041,32893,59.00,19.305
53042,16233,63.50,20.778
53050,32893,59.00,19.305
53052,16233,63.50,20.778
53060,32893,59.00,19.305
53062,16233,63.50,20.778
53071,32893,59.00,19.305
53072,16233,63.50,20.778
53080,32893,59.00,19.305
53082,16233,63.50,20.778
53091,32893,59.00,19.305
53092,16233,63.50,20.778
53100,32893,59.00,19.305
53102,16233,63.50,20.778
53111,32893,59.00,19.305
53112,16233,63.50,20.778
53121,32893,59.00,19.305
53122,16233,63.50,20.778
53131,32893,59.00,19.305
53132,16233,63.50,20.778
53141,32893,59.00,19.305
53142,16233,63.50,20.778
53151,32893,59.00,19.305
53153,16233,63.50,20.778
53161,32893,59.00,19.305
53162,16233,63.50,20.778
53170,32893,59.00,19.305
53172,16233,63.50,20.778
53180,32893,59.00,19.305
53182,16233,63.50,20.778
53190,32893,59.00,19.305
53192,16233,63.50,20.778
53201,32893,59.00,19.305
53202,16233,63.50,20.778
53210,32893,59.00,19.305
53212,16233,63.50,20.778
53221,32893,59.00,19.305
53222,16233,63.50,20.778
53231,32893,59.00,19.305
53232,16233,63.50,20.778
53240,32893,59.00,19.305
53242,16233,63.50,20.778
53251,32893,59.00,19.305
53252,16233,63.50,20.778
53261,32893,59.00,19.305
53262,16233,63.50,20.778
53271,32893,59.00,19.305
53272,16233,63.50,20.778
53281,32893,59.00,19.305
53282,16233,63.50,20.778
53291,32893,59.00,19.305
53292,16233,63.50,20.778
53301,32893,59.00,19.305
53302,16233,63.50,20.778
53311,32893,59.00,19.305
53313,16233,63.50,20.778
53321,32893,59.00,19.305
53323,16233,63.50,20.778
53331,32893,59.00,19.305
53332,16233,63.50,20.778
53340,32893,59.00,19.305
53342,16233,63.50,20.778
53351,32893,59.00,19.305
53352,16233,63.50,20.778
53361,32893,59.00,19.305
53362,16233,63.50,20.778
53371,32893,59.00,19.305
53372,16233,63.50,20.778
53381,32893,59.00,19.305
53382,16233,63.50,20.778
53390,32893,59.00,19.305
53393,16233,63.50,20.778
53401,32893,59.00,19.305
53403,16233,63.50,20.778
53411,32893,59.00,19.305
53412,16233,63.50,20.778
53421,32893,59.00,19.305
53422,16233,63.50,20.778
53431,32893,59.00,19.305
53432,16233,63.50,20.778
53440,32893,59.00,19.305
53442,16233,63.50,20.778
53451,32893,59.00,19.305
53452,16233,63.50,20.778
53461,32893,59.00,19.305
53463,16233,63.50,20.778
53471,32893,59.00,19.305
53473,16233,63.50,20.778
53481,32893,59.00,19.305
53482,16233,63.50,20.778
53491,32893,59.00,19.305
53492,16233,63.50,20.778
53501,32893,59.00,19.305
53502,16233,63.50,20.778
53511,32893,59.00,19.305
53512,16233,63.50,20.778
53521,32893,59.00,19.305
53522,16233,63.50,20.778
53531,32893,59.00,19.305
53532,16233,63.50,20.778
53540,32893,59.00,19.305
53542,16233,63.50,20.778
53550,32893,59.00,19.305
53552,16233,63.50,20.778
53560,32893,59.00,19.305
53562,16233,63.50,20.778
53570,32893,59.00,19.305
53572,16233,63.50,20.778
53580,32893,59.00,19.305
53582,16233,63.50,20.778
53590,32893,59.00,19.305
53592,16233,63.50,20.778
53601,32893,59.00,19.305
53602,16233,63.50,20.778
53610,32893,59.00,19.305
53613,16233,63.50,20.778
53620,32893,59.00,19.305
53622,16233,63.50,20.778
53630,32893,59.00,19.305
53632,16233,63.50,20.778
53640,32893,59.00,19.305
53642,16233,63.50,20.778
53651,32893,59.00,19.305
53652,16233,63.50,20.778
53660,32893,59.00,19.305
53662,16233,63.50,20.778
53670,32893,59.00,19.305
53672,16233,63.50,20.778
53680,32893,59.00,19.305
53682,16233,63.50,20.778
53690,32893,59.00,19.305
53692,16233,63.50,20.778
53701,32893,59.00,19.305
53702,16233,63.50,20.778
53710,32893,59.00,19.305
53712,16233,63.50,20.778
53721,32893,59.00,19.305
53722,16233,63.50,20.778
53730,32893,59.00,19.305
53732,16233,63.50,20.778
53741,32893,59.00,19.305
53742,16233,63.50,20.778
53751,32893,59.00,19.305
53752,16233,63.50,20.778
53761,32893,59.00,19.305
53763,16233,63.50,20.778
53771,32893,59.00,19.305
53772,16233,63.50,20.778
53781,32893,59.00,19.305
53782,16233,63.50,20.778
53791,32893,59.00,19.305
53793,16233,63.50,20.778
53801,32893,59.00,19.305
53802,16233,63.50,20.778
53811,32893,59.00,19.305
53813,16233,63.50,20.778
53820,32893,59.00,19.305
53822,16233,63.50,20.778
53830,32893,59.00,19.305
53832,16233,63.50,20.778
53840,32893,59.00,19.305
53842,16233,63.50,20.778
53851,32893,59.00,19.305
53852,16233,63.50,20.778
53861,32893,59.00,19.305
53862,16233,63.50,20.778
53870,32893,59.00,19.305
53872,16233,63.50,20.778
53881,32893,59.00,19.305
53882,16233,63.50,20.778
53890,32893,59.00,19.305
53892,16233,63.50,20.778
53901,32893,59.00,19.305
53902,16233,63.50,20.778
53911,32893,59.00,19.305
53912,16233,63.50,20.778
53920,32893,59.00,19.305
53922,16233,63.50,20.778
53930,32893,59.00,19.305
53932,16233,63.50,20.778
53941,32893,59.00,19.305
53943,16233,63.50,20.778
53950,32893,59.00,19.305
53953,16233,63.50,20.778
53961,32893,59.00,19.305
53962,16233,63.50,20.778
53970,32893,59.00,19.305
53972,16233,63.50,20.778
53980,32893,59.00,19.305
53982,16233,63.50,20.778
53990,32893,59.00,19.305
53992,16233,63.50,20.778
54001,32893,59.00,19.305
54002,16233,63.50,20.778
54010,32893,59.00,19.305
54012,16233,63.50,20.778
54021,32893,59.00,19.305
54022,16233,63.50,20.778
54031,32893,59.00,19.305
54033,16233,63.50,20.778
54040,32893,59.00,19.305
54042,16233,63.50,20.778
54050,32893,59.00,19.305
54052,16233,63.50,20.778
54061,32893,59.00,19.305
54062,16233,63.50,20.778
54071,32893,59.00,19.305
54072,16233,63.50,20.778
54081,32893,59.00,19.305
54082,16233,63.50,20.778
54090,32893,59.00,19.305
54092,16233,63.50,20.778
54100,32893,59.00,19.305
54102,16233,63.50,20.778
54110,32893,59.00,19.305
54112,16233,63.50,20.778
54120,32893,59.00,19.305
54122,16233,63.50,20.778
54130,32893,59.00,19.305
54132,16233,63.50,20.778
54141,32893,59.00,19.305
54142,16233,63.50,20.778
54151,32893,59.00,19.305
54152,16233,63.50,20.778
54161,32893,59.00,19.305
54162,16233,63.50,20.778
54171,32893,59.00,19.305
54172,16233,63.50,20.778
54181,32893,59.00,19.305
54182,16233,63.50,20.778
54190,32893,59.00,19.305
54192,16233,63.50,20.778
54200,32893,59.00,19.305
54202,16233,63.50,20.778
54210,32893,59.00,19.305
54212,16233,63.50,20.778
54220,32893,59.00,19.305
54223,16233,63.50,20.778
54231,32893,59.00,19.305
54232,16233,63.50,20.778
54241,32893,59.00,19.305
54242,16233,63.50,20.778
54250,32893,59.00,19.305
54252,16233,63.50,20.778
54260,32893,59.00,19.305
54262,16233,63.50,20.778
54271,32893,59.00,19.305
54272,16233,63.50,20.778
54280,32893,59.00,19.305
54282,16233,63.50,20.778
54291,32893,59.00,19.305
54292,16233,63.50,20.778
54301,32893,59.00,19.305
54302,16233,63.50,20.778
54311,32893,59.00,19.305
54312,16233,63.50,20.778
54321,32893,59.00,19.305
54322,16233,63.50,20.778
54330,32893,59.00,19.305
54332,16233,63.50,20.778
54340,32893,59.00,19.305
54342,16233,63.50,20.778
54350,32893,59.00,19.305
54352,16233,63.50,20.778
54360,32893,59.00,19.305
54362,16233,63.50,20.778
54371,32893,59.00,19.305
54372,16233,63.50,20.778
54381,32893,59.00,19.305
54382,16233,63.50,20.778
54390,32893,59.00,19.305
54392,16233,63.50,20.778
54402,32893,59.00,19.305
54403,16233,63.50,20.778
54410,32893,59.00,19.305
54413,16233,63.50,20.778
54421,32893,59.00,19.305
54422,16233,63.50,20.778
54431,32893,59.00,19.305
54432,16233,63.50,20.778
54440,32893,59.00,19.305
54442,16233,63.50,20.778
54450,32893,59.00,19.305
54452,16233,63.50,20.778
54461,32893,59.00,19.305
54462,16233,63.50,20.778
54471,32893,59.00,19.305
54472,16233,63.50,20.778
54481,32893,59.00,19.305
54482,16233,63.50,20.778
54490,32893,59.00,19.305
54492,16233,63.50,20.778
54500,32893,59.00,19.305
54502,16233,63.50,20.778
54510,32893,59.00,19.305
54512,16233,63.50,20.778
54521,32893,59.00,19.305
54522,16233,63.50,20.778
54531,32893,59.00,19.305
54532,16233,63.50,20.778
54540,32893,59.00,19.305
54542,16233,63.50,20.778
54550,32893,59.00,19.305
54552,16233,63.50,20.778
54561,32893,59.00,19.305
54562,16233,63.50,20.778
54571,32893,59.00,19.305
54572,16233,63.50,20.778
54581,32893,59.00,19.305
54582,16233,63.50,20.778
54591,32893,59.00,19.305
54592,16233,63.50,20.778
54601,32893,59.00,19.305
54602,16233,63.50,20.778
54611,32893,59.00,19.305
54612,16233,63.50,20.778
54620,32893,59.00,19.305
54623,16233,63.50,20.778
54631,32893,59.00,19.305
54632,16233,63.50,20.778
54640,32893,59.00,19.305
54642,16233,63.50,20.778
54650,32893,59.00,19.305
54652,16233,63.50,20.778
54660,32893,59.00,19.305
54662,16233,63.50,20.778
54670,32893,59.00,19.305
54672,16233,63.50,20.778
54680,32893,59.00,19.305
54682,16233,63.50,20.778
54691,32893,59.00,19.305
54692,16233,63.50,20.778
54700,32893,59.00,19.305
54703,16233,63.50,20.778
54710,32893,59.00,19.305
54712,16233,63.50,20.778
54721,32893,59.00,19.305
54722,16233,63.50,20.778
54730,32893,59.00,19.305
54732,16233,63.50,20.778
54740,32893,59.00,19.305
54742,16233,63.50,20.778
54751,32893,59.00,19.305
54752,16233,63.50,20.778
54761,32893,59.00,19.305
54762,16233,63.50,20.778
54771,32893,59.00,19.305
54772,16233,63.50,20.778
54781,32893,59.00,19.305
54782,16233,63.50,20.778
54790,32893,59.00,19.305
54792,16233,63.50,20.778
54801,32893,59.00,19.305
54802,16233,63.50,20.778
54811,32893,59.00,19.305
54812,16233,63.50,20.778
54820,32893,59.00,19.305
54822,16233,63.50,20.778
54830,32893,59.00,19.305
54832,16233,63.50,20.778
54841,32893,59.00,19.305
54842,16233,63.50,20.778
54851,32893,59.00,19.305
54852,16233,63.50,20.778
54860,32893,59.00,19.305
54862,16233,63.50,20.778
54871,32893,59.00,19.305
54872,16233,63.50,20.778
54880,32893,59.00,19.305
54882,16233,63.50,20.778
54891,32893,59.00,19.305
54892,16233,63.50,20.778
54900,32893,59.00,19.305
54902,16233,63.50,20.778
54910,32893,59.00,19.305
54912,16233,63.50,20.778
54920,32893,59.00,19.305
54922,16233,63.50,20.778
54931,32893,59.00,19.305
54932,16233,63.50,20.778
54941,32893,59.00,19.305
54942,16233,63.50,20.778
54951,32893,59.00,19.305
54953,16233,63.50,20.778
54961,32893,59.00,19.305
54962,16233,63.50,20.778
54971,32893,59.00,19.305
54972,16233,63.50,20.778
54981,32893,59.00,19.305
54983,16233,63.50,20.778
54991,32893,59.00,19.305
54993,16233,63.50,20.778
55001,32893,59.00,19.305
55003,16233,63.50,20.778
55010,32893,59.00,19.305
55013,16233,63.50,20.778
55020,32893,59.00,19.305
55022,16233,63.50,20.778
55031,32893,59.00,19.305
55033,16233,63.50,20.778
55040,32893,59.00,19.305
55042,16233,63.50,20.778
55050,32893,59.00,19.305
55052,16233,63.50,20.778
55060,32893,59.00,19.305
55063,16233,63.50,20.778
55070,32893,59.00,19.305
55072,16233,63.50,20.778
55081,32893,59.00,19.305
55082,16233,63.50,20.778
55091,32893,59.00,19.305
55092,16233,63.50,20.778
55100,32893,59.00,19.305
55102,16233,63.50,20.778
55111,32893,59.00,19.305
55112,16233,63.50,20.778
55120,32893,59.00,19.305
55122,16233,63.50,20.778
55130,32893,59.00,19.305
55132,16233,63.50,20.778
55140,32893,59.00,19.305
55142,16233,63.50,20.778
55151,32893,59.00,19.305
55152,16233,63.50,20.778
55160,32893,59.00,19.305
55162,16233,63.50,20.778
55170,32893,59.00,19.305
55172,16233,63.50,20.778
55181,32893,59.00,19.305
55182,16233,63.50,20.778
55190,32893,59.00,19.305
55192,16233,63.50,20.778
55200,32893,59.00,19.305
55202,16233,63.50,20.778
55211,32893,59.00,19.305
55212,16233,63.50,20.778
55220,32893,59.00,19.305
55222,16233,63.50,20.778
55230,32893,59.00,19.305
55232,16233,63.50,20.778
55240,32893,59.00,19.305
55243,16233,63.50,20.778
55250,32893,59.00,19.305
55252,16233,63.50,20.778
55260,32893,59.00,19.305
55262,16233,63.50,20.778
55271,32893,59.00,19.305
55273,16233,63.50,20.778
55280,32893,59.00,19.305
55282,16233,63.50,20.778
55290,32893,59.00,19.305
55292,16233,63.50,20.778
55300,32893,59.00,19.305
55302,16233,63.50,20.778
55310,32893,59.00,19.305
55312,16233,63.50,20.778
55321,32893,59.00,19.305
55322,16233,63.50,20.778
55330,32893,59.00,19.305
55332,16233,63.50,20.778
55341,32893,59.00,19.305
55342,16233,63.50,20.778
55350,32893,59.00,19.305
55352,16233,63.50,20.778
55361,32893,59.00,19.305
55362,16233,63.50,20.778
55371,32893,59.00,19.305
55372,16233,63.50,20.778
55380,32893,59.00,19.305
55382,16233,63.50,20.778
55391,32893,59.00,19.305
55393,16233,63.50,20.778
55401,32893,59.00,19.305
55402,16233,63.50,20.778
55410,32893,59.00,19.305
55412,16233,63.50,20.778
55421,32893,59.00,19.305
55422,16233,63.50,20.778
55431,32893,59.00,19.305
55432,16233,63.50,20.778
55440,32893,59.00,19.305
55442,16233,63.50,20.778
55450,32893,59.00,19.305
55452,16233,63.50,20.778
55460,32893,59.00,19.305
55462,16233,63.50,20.778
55470,32893,59.00,19.305
55472,16233,63.50,20.778
55481,32893,59.00,19.305
55483,16233,63.50,20.778
55490,32893,59.00,19.305
55492,16233,63.50,20.778
55500,32893,59.00,19.305
55502,16233,63.50,20.778
55511,32893,59.00,19.305
55512,16233,63.50,20.778
55520,32893,59.00,19.305
55522,16233,63.50,20.778
55530,32893,59.00,19.305
55532,16233,63.50,20.778
55540,32893,59.00,19.305
55542,16233,63.50,20.778
55551,32893,59.00,19.305
55552,16233,63.50,20.778
55561,32893,59.00,19.305
55562,16233,63.50,20.778
55571,32893,59.00,19.305
55572,16233,63.50,20.778
55581,32893,59.00,19.305
55582,16233,63.50,20.778
55590,32893,59.00,19.305
55592,16233,63.50,20.778
55601,32893,59.00,19.305
55602,16233,63.50,20.778
55611,32893,59.00,19.305
55612,16233,63.50,20.778
55620,32893,59.00,19.305
55622,16233,63.50,20.778
55630,32893,59.00,19.305
55632,16233,63.50,20.778
55641,32893,59.00,19.305
55642,16233,63.50,20.778
55651,32893,59.00,19.305
55652,16233,63.50,20.778
55660,32893,59.00,19.305
55662,16233,63.50,20.778
55671,32893,59.00,19.305
55672,16233,63.50,20.778
55681,32893,59.00,19.305
55682,16233,63.50,20.778
55691,32893,59.00,19.305
55692,16233,63.50,20.778
55700,32893,59.00,19.305
55702,16233,63.50,20.778
55711,32893,59.00,19.305
55712,16233,63.50,20.778
55720,32893,59.00,19.305
55722,16233,63.50,20.778
55730,32893,59.00,19.305
55733,16233,63.50,20.778
55741,32893,59.00,19.305
55742,16233,63.50,20.778
55751,32893,59.00,19.305
55752,16233,63.50,20.778
55761,32893,59.00,19.305
55762,16233,63.50,20.778
55771,32893,59.00,19.305
55772,16233,63.50,20.778
55780,32893,59.00,19.305
55782,16233,63.50,20.778
55790,32893,59.00,19.305
55792,16233,63.50,20.778
55800,32893,59.00,19.305
55802,16233,63.50,20.778
55810,32893,59.00,19.305
55812,16233,63.50,20.778
55820,32893,59.00,19.305
55822,16233,63.50,20.778
55830,32893,59.00,19.305
55832,16233,63.50,20.778
55840,32893,59.00,19.305
55843,16233,63.50,20.778
55850,32893,59.00,19.305
55852,16233,63.50,20.778
55860,32893,59.00,19.305
55862,16233,63.50,20.778
55870,32893,59.00,19.305
55872,16233,63.50,20.778
55881,32893,59.00,19.305
55883,16233,63.50,20.778
55891,32893,59.00,19.305
55892,16233,63.50,20.778
55900,32893,59.00,19.305
55902,16233,63.50,20.778
55911,32893,59.00,19.305
55912,16233,63.50,20.778
55921,32893,59.00,19.305
55922,16233,63.50,20.778
55931,32893,59.00,19.305
55932,16233,63.50,20.778
55940,32893,59.00,19.305
55942,16233,63.50,20.778
55951,32893,59.00,19.305
55953,16233,63.50,20.778
55961,32893,59.00,19.305
55962,16233,63.50,20.778
55970,32893,59.00,19.305
55972,16233,63.50,20.778
55981,32893,59.00,19.305
55982,16233,63.50,20.778
55990,32893,59.00,19.305
55992,16233,63.50,20.778
56000,32893,59.00,19.305
56002,16233,63.50,20.778
56010,32893,59.00,19.305
56012,16233,63.50,20.778
56020,32893,59.00,19.305
56022,16233,63.50,20.778
56031,32893,59.00,19.305
56032,16233,63.50,20.778
56040,32893,59.00,19.305
56042,16233,63.50,20.778
56050,32893,59.00,19.305
56053,16233,63.50,20.778
56060,32893,59.00,19.305
56062,16233,63.50,20.778
56070,32893,59.00,19.305
56072,16233,63.50,20.778
56080,32893,59.00,19.305
56082,16233,63.50,20.778
56090,32893,59.00,19.305
56092,16233,63.50,20.778
56101,32893,59.00,19.305
56103,16233,63.50,20.778
56110,32893,59.00,19.305
56112,16233,63.50,20.778
56120,32893,59.00,19.305
56122,16233,63.50,20.778
56130,32893,59.00,19.305
56132,16233,63.50,20.778
56141,32893,59.00,19.305
56142,16233,63.50,20.778
56150,32893,59.00,19.305
56152,16233,63.50,20.778
56160,32893,59.00,19.305
56162,16233,63.50,20.778
56171,32893,59.00,19.305
56172,16233,63.50,20.778
56181,32893,59.00,19.305
56182,16233,63.50,20.778
56190,32893,59.00,19.305
56193,16233,63.50,20.778
56200,32893,59.00,19.305
56202,16233,63.50,20.778
56210,32893,59.00,19.305
56212,16233,63.50,20.778
56220,32893,59.00,19.305
56222,16233,63.50,20.778
56230,32893,59.00,19.305
56232,16233,63.50,20.778
56240,32893,59.00,19.305
56242,16233,63.50,20.778
56251,32893,59.00,19.305
56252,16233,63.50,20.778
56260,32893,59.00,19.305
56262,16233,63.50,20.778
56270,32893,59.00,19.305
56272,16233,63.50,20.778
56280,32893,59.00,19.305
56282,16233,63.50,20.778
56290,32893,59.00,19.305
56292,16233,63.50,20.778
56301,32893,59.00,19.305
56302,16233,63.50,20.778
56311,32893,59.00,19.305
56312,16233,63.50,20.778
56320,32893,59.00,19.305
56322,16233,63.50,20.778
56331,32893,59.00,19.305
56332,16233,63.50,20.778
56341,32893,59.00,19.305
56342,16233,63.50,20.778
56350,32893,59.00,19.305
56352,16233,63.50,20.778
56361,32893,59.00,19.305
56363,16233,63.50,20.778
56370,32893,59.00,19.305
56372,16233,63.50,20.778
56380,32893,59.00,19.305
56382,16233,63.50,20.778
56390,32893,59.00,19.305
56392,16233,63.50,20.778
56401,32893,59.00,19.305
56402,16233,63.50,20.778
56411,32893,59.00,19.305
56412,16233,63.50,20.778
56421,32893,59.00,19.305
56422,16233,63.50,20.778
56431,32893,59.00,19.305
56432,16233,63.50,20.778
56441,32893,59.00,19.305
56442,16233,63.50,20.778
56450,32893,59.00,19.305
56452,16233,63.50,20.778
56460,32893,59.00,19.305
56462,16233,63.50,20.778
56471,32893,59.00,19.305
56472,16233,63.50,20.778
56481,32893,59.00,19.305
56482,16233,63.50,20.778
56491,32893,59.00,19.305
56492,16233,63.50,20.778
56501,32893,59.00,19.305
56502,16233,63.50,20.778
56510,32893,59.00,19.305
56512,16233,63.50,20.778
56520,32893,59.00,19.305
56522,16233,63.50,20.778
56531,32893,59.00,19.305
56532,16233,63.50,20.778
56541,32893,59.00,19.305
56542,16233,63.50,20.778
56550,32893,59.00,19.305
56552,16233,63.50,20.778
56561,32893,59.00,19.305
56562,16233,63.50,20.778
56571,32893,59.00,19.305
56572,16233,63.50,20.778
56581,32893,59.00,19.305
56582,16233,63.50,20.778
56590,32893,59.00,19.305
56592,16233,63.50,20.778
56600,32893,59.00,19.305
56602,16233,63.50,20.778
56610,32893,59.00,19.305
56612,16233,63.50,20.778
56621,32893,59.00,19.305
56622,16233,63.50,20.778
56630,32893,59.00,19.305
56632,16233,63.50,20.778
56640,32893,59.00,19.305
56642,16233,63.50,20.778
56650,32893,59.00,19.305
56652,16233,63.50,20.778
56661,32893,59.00,19.305
56662,16233,63.50,20.778
56670,32893,59.00,19.305
56672,16233,63.50,20.778
56680,32893,59.00,19.305
56682,16233,63.50,20.778
56690,32893,59.00,19.305
56692,16233,63.50,20.778
56701,32893,59.00,19.305
56702,16233,63.50,20.778
56710,32893,59.00,19.305
56712,16233,63.50,20.778
56721,32893,59.00,19.305
56723,16233,63.50,20.778
56730,32893,59.00,19.305
56732,16233,63.50,20.778
56741,32893,59.00,19.305
56742,16233,63.50,20.778
56750,32893,59.00,19.305
56752,16233,63.50,20.778
56760,32893,59.00,19.305
56762,16233,63.50,20.778
56770,32893,59.00,19.305
56772,16233,63.50,20.778
56781,32893,59.00,19.305
56782,16233,63.50,20.778
56791,32893,59.00,19.305
56792,16233,63.50,20.778
56800,32893,59.00,19.305
56802,16233,63.50,20.778
56810,32893,59.00,19.305
56812,16233,63.50,20.778
56821,32893,59.00,19.305
56822,16233,63.50,20.778
56830,32893,59.00,19.305
56832,16233,63.50,20.778
56841,32893,59.00,19.305
56842,16233,63.50,20.778
56851,32893,59.00,19.305
56852,16233,63.50,20.778
56860,32893,59.00,19.305
56862,16233,63.50,20.778
56871,32893,59.00,19.305
56872,16233,63.50,20.778
56880,32893,59.00,19.305
56882,16233,63.50,20.778
56891,32893,59.00,19.305
56892,16233,63.50,20.778
56900,32893,59.00,19.305
56902,16233,63.50,20.778
56910,32893,59.00,19.305
56912,16233,63.50,20.778
56920,32893,59.00,19.305
56922,16233,63.50,20.778
56931,32893,59.00,19.305
56932,16233,63.50,20.778
56941,32893,59.00,19.305
56942,16233,63.50,20.778
56950,32893,59.00,19.305
56952,16233,63.50,20.778
56961,32893,59.00,19.305
56962,16233,63.50,20.778
56970,32893,59.00,19.305
56972,16233,63.50,20.778
56980,32893,59.00,19.305
56982,16233,63.50,20.778
56990,32893,59.00,19.305
56992,16233,63.50,20.778
57000,32893,59.00,19.305
57002,16233,63.50,20.778
57011,32893,59.00,19.305
57012,16233,63.50,20.778
57020,32893,59.00,19.305
57022,16233,63.50,20.778
57031,32893,59.00,19.305
57032,16233,63.50,20.778
57040,32893,63.50,20.778
57042,16233,63.50,20.778
57051,32893,63.50,20.778
57052,16233,63.50,20.778
57060,32893,63.50,20.778
57062,16233,63.50,20.778
57070,32893,63.50,20.778
57072,16233,63.50,20.778
57080,32893,63.50,20.778
57082,16233,63.50,20.778
57091,32893,63.50,20.778
57092,16233,63.50,20.778
57100,32893,63.50,20.778
57102,16233,63.50,20.778
57110,32893,63.50,20.778
57112,16233,63.50,20.778
57120,32893,63.50,20.778
57122,16233,63.50,20.778
57131,32893,63.50,20.778
57132,16233,63.50,20.778
57140,32893,63.50,20.778
57142,16233,63.50,20.778
57150,32893,63.50,20.778
57152,16233,63.50,20.778
57160,32893,63.50,20.778
57162,16233,63.50,20.778
57170,32893,63.50,20.778
57172,16233,63.50,20.778
57180,32893,63.50,20.778
57182,16233,63.50,20.778
57190,32893,63.50,20.778
57192,16233,63.50,20.778
57200,32893,63.50,20.778
57202,16233,63.50,20.778
57210,32893,63.50,20.778
57212,16233,63.50,20.778
57220,32893,63.50,20.778
57222,16233,63.50,20.778
57230,32893,63.50,20.778
57232,16233,63.50,20.778
57240,32893,63.50,20.778
57242,16233,63.50,20.778
57251,32893,63.50,20.778
57253,16233,63.50,20.778
57260,32893,63.50,20.778
57262,16233,63.50,20.778
57270,32893,63.50,20.778
57272,16233,63.50,20.778
57281,32893,63.50,20.778
57282,16233,63.50,20.778
57291,32893,63.50,20.778
57292,16233,63.50,20.778
57300,32893,63.50,20.778
57302,16233,63.50,20.778
57310,32893,63.50,20.778
57312,16233,63.50,20.778
57321,32893,63.50,20.778
57322,16233,63.50,20.778
57330,32893,63.50,20.778
57332,16233,63.50,20.778
57340,32893,63.50,20.778
57342,16233,63.50,20.778
57350,32893,63.50,20.778
57352,16233,63.50,20.778
57360,32893,63.50,20.778
57362,16233,63.50,20.778
57371,32893,63.50,20.778
57372,16233,63.50,20.778
57380,32893,63.50,20.778
57382,16233,63.50,20.778
57390,32893,63.50,20.778
57392,16233,63.50,20.778
57400,32893,63.50,20.778
57402,16233,63.50,20.778
57411,32893,63.50,20.778
57412,16233,63.50,20.778
57420,32893,63.50,20.778
57423,16233,63.50,20.778
57430,32893,63.50,20.778
57432,16233,63.50,20.778
57440,32893,63.50,20.778
57442,16233,63.50,20.778
57450,32893,63.50,20.778
57452,16233,63.50,20.778
57460,32893,63.50,20.778
57462,16233,63.50,20.778
57471,32893,63.50,20.778
57472,16233,63.50,20.778
57481,32893,63.50,20.778
57482,16233,63.50,20.778
57490,32893,63.50,20.778
57492,16233,63.50,20.778
57500,32893,63.50,20.778
57502,16233,63.50,20.778
57511,32893,63.50,20.778
57512,16233,63.50,20.778
57520,32893,63.50,20.778
57522,16233,63.50,20.778
57530,32893,63.50,20.778
57532,16233,63.50,20.778
57540,32893,63.50,20.778
57542,16233,63.50,20.778
57550,32893,63.50,20.778
57552,16233,63.50,20.778
57561,32893,63.50,20.778
57562,16233,63.50,20.778
57571,32893,63.50,20.778
57572,16233,63.50,20.778
57580,32893,63.50,20.778
57582,16233,63.50,20.778
57591,32893,63.50,20.778
57592,16233,63.50,20.778
57601,32893,63.50,20.778
57602,16233,63.50,20.778
57610,32893,63.50,20.778
57612,16233,63.50,20.778
57621,32893,63.50,20.778
57622,16233,63.50,20.778
57630,32893,63.50,20.778
57632,16233,63.50,20.778
57640,32893,63.50,20.778
57642,16233,63.50,20.778
57651,32893,63.50,20.778
57652,16233,63.50,20.778
57660,32893,63.50,20.778
57662,16233,63.50,20.778
57670,32893,63.50,20.778
57672,16233,63.50,20.778
57680,32893,63.50,20.778
57682,16233,63.50,20.778
57691,32893,63.50,20.778
57692,16233,63.50,20.778
57700,32893,63.50,20.778
57702,16233,63.50,20.778
57710,32893,63.50,20.778
57712,16233,63.50,20.778
57720,32893,63.50,20.778
57722,16233,63.50,20.778
57730,32893,63.50,20.778
57732,16233,63.50,20.778
57741,32893,63.50,20.778
57742,16233,63.50,20.778
57750,32893,63.50,20.778
57752,16233,63.50,20.778
57760,32893,63.50,20.778
57762,16233,63.50,20.778
57770,32893,63.50,20.778
57772,16233,63.50,20.778
57780,32893,63.50,20.778
57782,16233,63.50,20.778
57790,32893,63.50,20.778
57792,16233,63.50,20.778
57801,32893,63.50,20.778
57802,16233,63.50,20.778
57810,32893,63.50,20.778
57812,16233,63.50,20.778
57820,32893,63.50,20.778
57822,16233,63.50,20.778
57831,32893,63.50,20.778
57832,16233,63.50,20.778
57840,32893,63.50,20.778
57842,16233,63.50,20.778
57850,32893,63.50,20.778
57852,16233,63.50,20.778
57860,32893,63.50,20.778
57863,16233,63.50,20.778
57870,32893,63.50,20.778
57872,16233,63.50,20.778
57880,32893,63.50,20.778
57882,16233,63.50,20.778
57891,32893,63.50,20.778
57892,16233,63.50,20.778
57901,32893,63.50,20.778
57902,16233,63.50,20.778
57911,32893,63.50,20.778
57912,16233,63.50,20.778
57921,32893,63.50,20.778
57922,16233,63.50,20.778
57930,32893,63.50,20.778
57932,16233,63.50,20.778
57941,32893,63.50,20.778
57943,16233,63.50,20.778
57951,32893,63.50,20.778
57952,16233,63.50,20.778
57961,32893,63.50,20.778
57962,16233,63.50,20.778
57971,32893,63.50,20.778
57972,16233,63.50,20.778
57981,32893,63.50,20.778
57983,16233,63.50,20.778
57991,32893,63.50,20.778
57992,16233,63.50,20.778
58001,32893,63.50,20.778
58003,16233,63.50,20.778
58010,32893,63.50,20.778
58013,16233,63.50,20.778
58020,32893,63.50,20.778
58022,16233,63.50,20.778
58031,32893,63.50,20.778
58033,16233,63.50,20.778
58041,32893,63.50,20.778
58042,16233,63.50,20.778
58051,32893,63.50,20.778
58052,16233,63.50,20.778
58060,32893,63.50,20.778
58062,16233,63.50,20.778
58071,32893,63.50,20.778
58072,16233,63.50,20.778
58080,32893,63.50,20.778
58082,16233,63.50,20.778
58091,32893,63.50,20.778
58092,16233,63.50,20.778
58101,32893,63.50,20.778
58102,16233,63.50,20.778
58111,32893,63.50,20.778
58112,16233,63.50,20.778
58120,32893,63.50,20.778
58122,16233,63.50,20.778
58131,32893,63.50,20.778
58133,16233,63.50,20.778
58141,32893,63.50,20.778
58143,16233,63.50,20.778
58151,32893,63.50,20.778
58152,16233,63.50,20.778
58161,32893,63.50,20.778
58163,16233,63.50,20.778
58170,32893,63.50,20.778
58172,16233,63.50,20.778
58181,32893,63.50,20.778
58182,16233,63.50,20.778
58191,32893,63.50,20.778
58192,16233,63.50,20.778
58201,32893,63.50,20.778
58202,16233,63.50,20.778
58211,32893,63.50,20.778
58212,16233,63.50,20.778
58221,32893,63.50,20.778
58222,16233,63.50,20.778
58231,32893,63.50,20.778
58232,16233,63.50,20.778
58241,32893,63.50,20.778
58242,16233,63.50,20.778
58251,32893,63.50,20.778
58252,16233,63.50,20.778
58261,32893,63.50,20.778
58262,16233,63.50,20.778
58270,32893,63.50,20.778
58272,16233,63.50,20.778
58280,32893,63.50,20.778
58282,16233,63.50,20.778
58290,32893,63.50,20.778
58292,16233,63.50,20.778
58300,32893,63.50,20.778
58302,16233,63.50,20.778
58311,32893,63.50,20.778
58312,16233,63.50,20.778
58321,32893,63.50,20.778
58322,16233,63.50,20.778
58330,32893,63.50,20.778
58332,16233,63.50,20.778
58341,32893,63.50,20.778
58342,16233,63.50,20.778
58351,32893,63.50,20.778
58352,16233,63.50,20.778
58361,32893,63.50,20.778
58362,16233,63.50,20.778
58371,32893,63.50,20.778
58373,16233,63.50,20.778
58381,32893,63.50,20.778
58382,16233,63.50,20.778
58391,32893,63.50,20.778
58392,16233,63.50,20.778
58400,32893,63.50,20.778
58402,16233,63.50,20.778
58410,32893,63.50,20.778
58412,16233,63.50,20.778
58421,32893,63.50,20.778
58422,16233,63.50,20.778
58431,32893,63.50,20.778
58432,16233,63.50,20.778
58441,32893,63.50,20.778
58442,16233,63.50,20.778
58450,32893,63.50,20.778
58453,16233,63.50,20.778
58461,32893,63.50,20.778
58462,16233,63.50,20.778
58471,32893,63.50,20.778
58472,16233,63.50,20.778
58480,32893,63.50,20.778
58482,16233,63.50,20.778
58490,32893,63.50,20.778
58492,16233,63.50,20.778
58501,32893,63.50,20.778
58502,16233,63.50,20.778
58511,32893,63.50,20.778
58512,16233,63.50,20.778
58520,32893,63.50,20.778
58522,16233,63.50,20.778
58531,32893,63.50,20.778
58532,16233,63.50,20.778
58540,32893,63.50,20.778
58542,16233,63.50,20.778
58550,32893,63.50,20.778
58552,16233,63.50,20.778
58560,32893,63.50,20.778
58562,16233,63.50,20.778
58571,32893,63.50,20.778
58572,16233,63.50,20.778
58580,32893,63.50,20.778
58582,16233,63.50,20.778
58590,32893,63.50,20.778
58592,16233,63.50,20.778
58601,32893,63.50,20.778
58602,16233,63.50,20.778
58611,32893,63.50,20.778
58612,16233,63.50,20.778
58620,32893,63.50,20.778
58622,16233,63.50,20.778
58631,32893,63.50,20.778
58632,16233,63.50,20.778
58640,32893,63.50,20.778
58642,16233,63.50,20.778
58650,32893,63.50,20.778
58652,16233,63.50,20.778
58661,32893,63.50,20.778
58663,16233,63.50,20.778
58671,32893,63.50,20.778
58672,16233,63.50,20.778
58681,32893,63.50,20.778
58682,16233,63.50,20.778
58690,32893,63.50,20.778
58692,16233,63.50,20.778
58700,32893,63.50,20.778
58702,16233,63.50,20.778
58711,32893,63.50,20.778
58712,16233,63.50,20.778
58720,32893,63.50,20.778
58722,16233,63.50,20.778
58730,32893,63.50,20.778
58732,16233,63.50,20.778
58741,32893,63.50,20.778
58742,16233,63.50,20.778
58751,32893,63.50,20.778
58752,16233,63.50,20.778
58760,32893,63.50,20.778
58762,16233,63.50,20.778
58771,32893,63.50,20.778
58772,16233,63.50,20.778
58780,32893,63.50,20.778
58782,16233,63.50,20.778
58790,32893,63.50,20.778
58792,16233,63.50,20.778
58800,32893,63.50,20.778
58802,16233,63.50,20.778
58810,32893,63.50,20.778
58812,16233,63.50,20.778
58821,32893,63.50,20.778
58822,16233,63.50,20.778
58830,32893,63.50,20.778
58832,16233,63.50,20.778
58841,32893,63.50,20.778
58842,16233,63.50,20.778
58851,32893,63.50,20.778
58853,16233,63.50,20.778
58861,32893,63.50,20.778
58862,16233,63.50,20.778
58871,32893,63.50,20.778
58872,16233,63.50,20.778
58881,32893,63.50,20.778
58882,16233,63.50,20.778
58890,32893,63.50,20.778
58893,16233,63.50,20.778
58901,32893,63.50,20.778
58902,16233,63.50,20.778
58910,32893,63.50,20.778
58912,16233,63.50,20.778
58920,32893,63.50,20.778
58922,16233,63.50,20.778
58931,32893,63.50,20.778
58932,16233,63.50,20.778
58942,32893,63.50,20.778
58943,16233,63.50,20.778
58951,32893,63.50,20.778
58953,16233,63.50,20.778
58961,32893,63.50,20.778
58963,16233,63.50,20.778
58971,32893,63.50,20.778
58972,16233,63.50,20.778
58981,32893,63.50,20.778
58982,16233,63.50,20.778
58990,32893,63.50,20.778
58992,16233,63.50,20.778
59001,32893,63.50,20.778
59002,16233,63.50,20.778
59011,32893,63.50,20.778
59012,16233,63.50,20.778
59021,32893,63.50,20.778
59022,16233,63.50,20.778
59031,32893,63.50,20.778
59032,16233,63.50,20.778
59041,32893,63.50,20.778
59042,16233,63.50,20.778
59050,32893,63.50,20.778
59052,16233,63.50,20.778
59061,32893,63.50,20.778
59062,16233,63.50,20.778
59071,32893,63.50,20.778
59072,16233,63.50,20.778
59081,32893,63.50,20.778
59083,16233,63.50,20.778
59090,32893,63.50,20.778
59093,16233,63.50,20.778
59100,32893,63.50,20.778
59102,16233,63.50,20.778
59111,32893,63.50,20.778
59112,16233,63.50,20.778
59120,32893,63.50,20.778
59122,16233,63.50,20.778
59130,32893,63.50,20.778
59132,16233,63.50,20.778
59141,32893,63.50,20.778
59143,16233,63.50,20.778
59150,32893,63.50,20.778
59152,16233,63.50,20.778
59160,32893,63.50,20.778
59162,16233,63.50,20.778
59170,32893,63.50,20.778
59172,16233,63.50,20.778
59181,32893,63.50,20.778
59182,16233,63.50,20.778
59191,32893,63.50,20.778
59192,16233,63.50,20.778
59201,32893,63.50,20.778
59202,16233,63.50,20.778
59210,32893,63.50,20.778
59212,16233,63.50,20.778
59220,32893,63.50,20.778
59222,16233,63.50,20.778
59230,32893,63.50,20.778
59232,16233,63.50,20.778
59240,32893,63.50,20.778
59242,16233,63.50,20.778
59250,32893,63.50,20.778
59252,16233,63.50,20.778
59261,32893,63.50,20.778
59262,16233,63.50,20.778
59270,32893,63.50,20.778
59272,16233,63.50,20.778
59280,32893,63.50,20.778
59282,16233,63.50,20.778
59291,32893,63.50,20.778
59292,16233,63.50,20.778
59300,32893,63.50,20.778
59302,16233,63.50,20.778
59310,32893,63.50,20.778
59313,16233,63.50,20.778
59320,32893,63.50,20.778
59322,16233,63.50,20.778
59331,32893,63.50,20.778
59332,16233,63.50,20.778
59340,32893,63.50,20.778
59342,16233,63.50,20.778
59350,32893,63.50,20.778
59352,16233,63.50,20.778
59360,32893,63.50,20.778
59362,16233,63.50,20.778
59370,32893,63.50,20.778
59372,16233,63.50,20.778
59380,32893,63.50,20.778
59382,16233,63.50,20.778
59391,32893,63.50,20.778
59392,16233,63.50,20.778
59400,32893,63.50,20.778
59402,16233,63.50,20.778
59410,32893,63.50,20.778
59412,16233,63.50,20.778
59420,32893,63.50,20.778
59422,16233,63.50,20.778
59430,32893,63.50,20.778
59432,16233,63.50,20.778
59440,32893,63.50,20.778
59442,16233,63.50,20.778
59451,32893,63.50,20.778
59452,16233,63.50,20.778
59461,32893,63.50,20.778
59462,16233,63.50,20.778
59470,32893,63.50,20.778
59472,16233,63.50,20.778
59481,32893,63.50,20.778
59483,16233,63.50,20.778
59490,32893,63.50,20.778
59492,16233,63.50,20.778
59500,32893,63.50,20.778
59502,16233,63.50,20.778
59510,32893,63.50,20.778
59512,16233,63.50,20.778
59520,32893,63.50,20.778
59522,16233,63.50,20.778
59530,32893,63.50,20.778
59532,16233,63.50,20.778
59541,32893,63.50,20.778
59542,16233,63.50,20.778
59551,32893,63.50,20.778
59552,16233,63.50,20.778
59561,32893,63.50,20.778
59562,16233,63.50,20.778
59571,32893,63.50,20.778
59572,16233,63.50,20.778
59581,32893,63.50,20.778
59582,16233,63.50,20.778
59591,32893,63.50,20.778
59592,16233,63.50,20.778
59600,32893,63.50,20.778
59602,16233,63.50,20.778
59611,32893,63.50,20.778
59612,16233,63.50,20.778
59620,32893,63.50,20.778
59622,16233,63.50,20.778
59631,32893,63.50,20.778
59632,16233,63.50,20.778
59641,32893,63.50,20.778
59642,16233,63.50,20.778
59651,32893,63.50,20.778
59652,16233,63.50,20.778
59661,32893,63.50,20.778
59663,16233,63.50,20.778
59671,32893,63.50,20.778
59672,16233,63.50,20.778
59681,32893,63.50,20.778
59682,16233,63.50,20.778
59691,32893,63.50,20.778
59692,16233,63.50,20.778
59701,32893,63.50,20.778
59702,16233,63.50,20.778
59710,32893,63.50,20.778
59712,16233,63.50,20.778
59720,32893,63.50,20.778
59722,16233,63.50,20.778
59730,32893,63.50,20.778
59733,16233,63.50,20.778
59741,32893,63.50,20.778
59742,16233,63.50,20.778
59751,32893,63.50,20.778
59752,16233,63.50,20.778
59760,32893,63.50,20.778
59763,16233,63.50,20.778
59771,32893,63.50,20.778
59772,16233,63.50,20.778
59781,32893,63.50,20.778
59783,16233,63.50,20.778
59790,32893,63.50,20.778
59792,16233,63.50,20.778
59800,32893,63.50,20.778
59802,16233,63.50,20.778
59811,32893,63.50,20.778
59812,16233,63.50,20.778
59820,32893,63.50,20.778
59822,16233,63.50,20.778
59830,32893,63.50,20.778
59833,16233,63.50,20.778
59841,32893,63.50,20.778
59842,16233,63.50,20.778
59851,32893,63.50,20.778
59852,16233,63.50,20.778
59860,32893,63.50,20.778
59863,16233,63.50,20.778
59871,32893,63.50,20.778
59872,16233,63.50,20.778
59881,32893,63.50,20.778
59882,16233,63.50,20.778
59891,32893,63.50,20.778
59892,16233,63.50,20.778
59900,32893,63.50,20.778
59902,16233,63.50,20.778
59911,32893,63.50,20.778
59912,16233,63.50,20.778
59921,32893,63.50,20.778
59922,16233,63.50,20.778
59930,32893,63.50,20.778
59932,16233,63.50,20.778
59940,32893,63.50,20.778
59942,16233,63.50,20.778
59950,32893,63.50,20.778
59953,16233,63.50,20.778
59961,32893,63.50,20.778
59962,16233,63.50,20.778
59970,32893,63.50,20.778
59972,16233,63.50,20.778
59981,32893,63.50,20.778
59982,16233,63.50,20.778
59991,32893,63.50,20.778
59992,16233,63.50,20.778
60001,32893,63.50,20.778
60002,16233,63.50,20.778
60010,32893,63.50,20.778
60012,16233,63.50,20.778
60020,32893,63.50,20.778
60022,16233,63.50,20.778
60031,32893,63.50,20.778
60033,16233,63.50,20.778
60041,32893,63.50,20.778
60043,16233,63.50,20.778
60051,32893,63.50,20.778
60053,16233,63.50,20.778
60061,32893,63.50,20.778
60063,16233,63.50,20.778
60070,32893,63.50,20.778
60072,16233,63.50,20.778
60080,32893,63.50,20.778
60082,16233,63.50,20.778
60090,32893,63.50,20.778
60092,16233,63.50,20.778
60100,32893,63.50,20.778
60102,16233,63.50,20.778
60111,32893,63.50,20.778
60112,16233,63.50,20.778
60121,32893,63.50,20.778
60122,16233,63.50,20.778
60130,32893,63.50,20.778
60132,16233,63.50,20.778
60141,32893,63.50,20.778
60142,16233,63.50,20.778
60151,32893,63.50,20.778
60152,16233,63.50,20.778
60161,32893,63.50,20.778
60163,16233,63.50,20.778
60170,32893,63.50,20.778
60172,16233,63.50,20.778
60180,32893,63.50,20.778
60183,16233,63.50,20.778
60190,32893,63.50,20.778
60192,16233,63.50,20.778
60201,32893,63.50,20.778
60203,16233,63.50,20.778
60211,32893,63.50,20.778
60212,16233,63.50,20.778
60221,32893,63.50,20.778
60223,16233,63.50,20.778
60231,32893,63.50,20.778
60232,16233,63.50,20.778
60240,32893,63.50,20.778
60242,16233,63.50,20.778
60251,32893,63.50,20.778
60252,16233,63.50,20.778
60261,32893,63.50,20.778
60262,16233,63.50,20.778
60270,32893,63.50,20.778
60272,16233,63.50,20.778
60281,32893,63.50,20.778
60282,16233,63.50,20.778
60291,32893,63.50,20.778
60292,16233,63.50,20.778
60301,32893,63.50,20.778
60302,16233,63.50,20.778
60310,32893,63.50,20.778
60312,16233,63.50,20.778
60320,32893,63.50,20.778
60322,16233,63.50,20.778
60330,32893,63.50,20.778
60332,16233,63.50,20.778
60340,32893,63.50,20.778
60342,16233,63.50,20.778
60351,32893,63.50,20.778
60353,16233,63.50,20.778
60361,32893,63.50,20.778
60362,16233,63.50,20.778
60370,32893,63.50,20.778
60372,16233,63.50,20.778
60381,32893,63.50,20.778
60382,16233,63.50,20.778
60391,32893,63.50,20.778
60392,16233,63.50,20.778
60401,32893,63.50,20.778
60402,16233,63.50,20.778
60411,32893,63.50,20.778
60412,16233,63.50,20.778
60421,32893,63.50,20.778
60422,16233,63.50,20.778
60431,32893,63.50,20.778
60432,16233,63.50,20.778
60441,32893,63.50,20.778
60442,16233,63.50,20.778
60450,32893,63.50,20.778
60452,16233,63.50,20.778
60460,32893,63.50,20.778
60462,16233,63.50,20.778
60471,32893,63.50,20.778
60472,16233,63.50,20.778
60481,32893,63.50,20.778
60482,16233,63.50,20.778
60491,32893,63.50,20.778
60492,16233,63.50,20.778
60500,32893,63.50,20.778
60502,16233,63.50,20.778
60510,32893,63.50,20.778
60512,16233,63.50,20.778
60521,32893,63.50,20.778
60522,16233,63.50,20.778
60531,32893,63.50,20.778
60532,16233,63.50,20.778
60540,32893,63.50,20.778
60542,16233,63.50,20.778
60550,32893,63.50,20.778
60552,16233,63.50,20.778
60561,32893,63.50,20.778
60562,16233,63.50,20.778
60571,32893,63.50,20.778
60572,16233,63.50,20.778
60581,32893,63.50,20.778
60582,16233,63.50,20.778
60590,32893,63.50,20.778
60592,16233,63.50,20.778
60600,32893,63.50,20.778
60602,16233,63.50,20.778
60611,32893,63.50,20.778
60612,16233,63.50,20.778
60621,32893,63.50,20.778
60623,16233,63.50,20.778
60631,32893,63.50,20.778
60632,16233,63.50,20.778
60640,32893,63.50,20.778
60642,16233,63.50,20.778
60650,32893,63.50,20.778
60652,16233,63.50,20.778
60660,32893,63.50,20.778
60663,16233,63.50,20.778
60670,32893,63.50,20.778
60672,16233,63.50,20.778
60680,32893,63.50,20.778
60682,16233,63.50,20.778
60691,32893,63.50,20.778
60692,16233,63.50,20.778
60700,32893,63.50,20.778
60702,16233,63.50,20.778
60710,32893,63.50,20.778
60712,16233,63.50,20.778
60720,32893,63.50,20.778
60722,16233,63.50,20.778
60731,32893,63.50,20.778
60732,16233,63.50,20.778
60740,32893,63.50,20.778
60743,16233,63.50,20.778
60751,32893,63.50,20.778
60752,16233,63.50,20.778
60760,32893,63.50,20.778
60762,16233,63.50,20.778
60771,32893,63.50,20.778
60772,16233,63.50,20.778
60780,32893,63.50,20.778
60782,16233,63.50,20.778
60790,32893,63.50,20.778
60792,16233,63.50,20.778
60800,32893,63.50,20.778
60803,16233,63.50,20.778
60810,32893,63.50,20.778
60812,16233,63.50,20.778
60821,32893,63.50,20.778
60822,16233,63.50,20.778
60830,32893,63.50,20.778
60832,16233,63.50,20.778
60840,32893,63.50,20.778
60842,16233,63.50,20.778
60850,32893,63.50,20.778
60852,16233,63.50,20.778
60860,32893,63.50,20.778
60862,16233,63.50,20.778
60870,32893,63.50,20.778
60872,16233,63.50,20.778
60880,32893,63.50,20.778
60882,16233,63.50,20.778
60891,32893,63.50,20.778
60893,16233,63.50,20.778
60900,32893,63.50,20.778
60902,16233,63.50,20.778
60910,32893,63.50,20.778
60912,16233,63.50,20.778
60920,32893,63.50,20.778
60922,16233,63.50,20.778
60930,32893,63.50,20.778
60932,16233,63.50,20.778
60941,32893,63.50,20.778
60942,16233,63.50,20.778
60950,32893,63.50,20.778
60952,16233,63.50,20.778
60960,32893,63.50,20.778
60962,16233,63.50,20.778
60971,32893,63.50,20.778
60972,16233,63.50,20.778
60980,32893,63.50,20.778
60982,16233,63.50,20.778
60991,32893,63.50,20.778
60993,16233,63.50,20.778
61000,32893,63.50,20.778
61003,16233,63.50,20.778
61010,32893,63.50,20.778
61012,16233,63.50,20.778
61020,32893,63.50,20.778
61022,16233,63.50,20.778
61031,32893,63.50,20.778
61033,16233,63.50,20.778
61040,32893,63.50,20.778
61042,16233,63.50,20.778
61050,32893,63.50,20.778
61053,16233,63.50,20.778
61061,32893,63.50,20.778
61062,16233,63.50,20.778
61071,32893,63.50,20.778
61072,16233,63.50,20.778
61080,32893,63.50,20.778
61082,16233,63.50,20.778
61090,32893,63.50,20.778
61092,16233,63.50,20.778
61100,32893,63.50,20.778
61102,16233,63.50,20.778
61111,32893,63.50,20.778
61112,16233,63.50,20.778
61121,32893,63.50,20.778
61122,16233,63.50,20.778
61131,32893,63.50,20.778
61132,16233,63.50,20.778
61140,32893,63.50,20.778
61142,16233,63.50,20.778
61150,32893,63.50,20.778
61152,16233,63.50,20.778
61160,32893,63.50,20.778
61162,16233,63.50,20.778
61170,32893,63.50,20.778
61172,16233,63.50,20.778
61180,32893,63.50,20.778
61182,16233,63.50,20.778
61190,32893,63.50,20.778
61192,16233,63.50,20.778
61200,32893,63.50,20.778
61202,16233,63.50,20.778
61211,32893,63.50,20.778
61212,16233,63.50,20.778
61220,32893,63.50,20.778
61222,16233,63.50,20.778
61231,32893,63.50,20.778
61232,16233,63.50,20.778
61240,32893,63.50,20.778
61242,16233,63.50,20.778
61251,32893,63.50,20.778
61252,16233,63.50,20.778
61260,32893,63.50,20.778
61262,16233,63.50,20.778
61270,32893,63.50,20.778
61272,16233,63.50,20.778
61280,32893,63.50,20.778
61282,16233,63.50,20.778
61291,32893,63.50,20.778
61292,16233,63.50,20.778
61300,32893,63.50,20.778
61302,16233,63.50,20.778
61310,32893,63.50,20.778
61312,16233,63.50,20.778
61320,32893,63.50,20.778
61322,16233,63.50,20.778
61330,32893,63.50,20.778
61332,16233,63.50,20.778
61341,32893,63.50,20.778
61343,16233,63.50,20.778
61351,32893,63.50,20.778
61352,16233,63.50,20.778
61361,32893,63.50,20.778
61362,16233,63.50,20.778
61371,32893,63.50,20.778
61372,16233,63.50,20.778
61381,32893,63.50,20.778
61382,16233,63.50,20.778
61391,32893,63.50,20.778
61392,16233,63.50,20.778
61401,32893,63.50,20.778
61403,16233,63.50,20.778
61411,32893,63.50,20.778
61413,16233,63.50,20.778
61420,32893,63.50,20.778
61422,16233,63.50,20.778
61431,32893,63.50,20.778
61432,16233,63.50,20.778
61441,32893,63.50,20.778
61442,16233,63.50,20.778
61450,32893,63.50,20.778
61452,16233,63.50,20.778
61461,32893,63.50,20.778
61462,16233,63.50,20.778
61471,32893,63.50,20.778
61472,16233,63.50,20.778
61481,32893,63.50,20.778
61482,16233,63.50,20.778
61491,32893,63.50,20.778
61492,16233,63.50,20.778
61501,32893,63.50,20.778
61502,16233,63.50,20.778
61510,32893,63.50,20.778
61512,16233,63.50,20.778
61521,32893,63.50,20.778
61523,16233,63.50,20.778
61531,32893,63.50,20.778
61532,16233,63.50,20.778
61541,32893,63.50,20.778
61542,16233,63.50,20.778
61551,32893,63.50,20.778
61552,16233,63.50,20.778
61561,32893,63.50,20.778
61562,16233,63.50,20.778
61571,32893,63.50,20.778
61572,16233,63.50,20.778
61580,32893,63.50,20.778
61582,16233,63.50,20.778
61590,32893,63.50,20.778
61592,16233,63.50,20.778
61600,32893,63.50,20.778
61602,16233,63.50,20.778
61610,32893,63.50,20.778
61612,16233,63.50,20.778
61621,32893,63.50,20.778
61622,16233,63.50,20.778
61630,32893,63.50,20.778
61633,16233,63.50,20.778
61641,32893,63.50,20.778
61643,16233,63.50,20.778
61650,32893,63.50,20.778
61653,16233,63.50,20.778
61661,32893,63.50,20.778
61662,16233,63.50,20.778
61671,32893,63.50,20.778
61672,16233,63.50,20.778
61680,32893,63.50,20.778
61682,16233,63.50,20.778
61691,32893,63.50,20.778
61693,16233,63.50,20.778
61701,32893,63.50,20.778
61702,16233,63.50,20.778
61710,32893,63.50,20.778
61712,16233,63.50,20.778
61721,32893,63.50,20.778
61722,16233,63.50,20.778
61730,32893,63.50,20.778
61732,16233,63.50,20.778
61741,32893,63.50,20.778
61742,16233,63.50,20.778
61751,32893,63.50,20.778
61752,16233,63.50,20.778
61760,32893,63.50,20.778
61762,16233,63.50,20.778
61770,32893,63.50,20.778
61772,16233,63.50,20.778
61780,32893,63.50,20.778
61782,16233,63.50,20.778
61790,32893,63.50,20.778
61792,16233,63.50,20.778
61801,32893,63.50,20.778
61803,16233,63.50,20.778
61810,32893,63.50,20.778
61812,16233,63.50,20.778
61821,32893,63.50,20.778
61822,16233,63.50,20.778
61830,32893,63.50,20.778
61833,16233,63.50,20.778
61840,32893,63.50,20.778
61842,16233,63.50,20.778
61850,32893,63.50,20.778
61852,16233,63.50,20.778
61860,32893,63.50,20.778
61863,16233,63.50,20.778
61871,32893,63.50,20.778
61872,16233,63.50,20.778
61881,32893,63.50,20.778
61882,16233,63.50,20.778
61890,32893,63.50,20.778
61892,16233,63.50,20.778
61900,32893,63.50,20.778
61902,16233,63.50,20.778
61910,32893,63.50,20.778
61912,16233,63.50,20.778
61920,32893,63.50,20.778
61922,16233,63.50,20.778
61930,32893,63.50,20.778
61932,16233,63.50,20.778
61941,32893,63.50,20.778
61942,16233,63.50,20.778
61950,32893,63.50,20.778
61952,16233,63.50,20.778
61960,32893,63.50,20.778
61962,16233,63.50,20.778
61970,32893,63.50,20.778
61972,16233,63.50,20.778
61980,32893,63.50,20.778
61982,16233,63.50,20.778
61991,32893,63.50,20.778
61992,16233,63.50,20.778
62000,32893,63.50,20.778
62002,16233,63.50,20.778
62010,32893,63.50,20.778
62012,16233,63.50,20.778
62020,32893,63.50,20.778
62022,16233,63.50,20.778
62031,32893,63.50,20.778
62032,16233,63.50,20.778
62040,32893,63.50,20.778
62042,16233,63.50,20.778
62051,32893,63.50,20.778
62052,16233,63.50,20.778
62061,32893,63.50,20.778
62062,16233,63.50,20.778
62071,32893,63.50,20.778
62073,16233,63.50,20.778
62080,32893,63.50,20.778
62082,16233,63.50,20.778
62091,32893,63.50,20.778
62092,16233,63.50,20.778
62101,32893,63.50,20.778
62102,16233,63.50,20.778
62111,32893,63.50,20.778
62112,16233,63.50,20.778
62121,32893,63.50,20.778
62122,16233,63.50,20.778
62131,32893,63.50,20.778
62132,16233,63.50,20.778
62141,32893,63.50,20.778
62142,16233,63.50,20.778
62150,32893,63.50,20.778
62152,16233,63.50,20.778
62160,32893,63.50,20.778
62162,16233,63.50,20.778
62170,32893,63.50,20.778
62172,16233,63.50,20.778
62180,32893,63.50,20.778
62182,16233,63.50,20.778
62190,32893,63.50,20.778
62192,16233,63.50,20.778
62201,32893,63.50,20.778
62202,16233,63.50,20.778
62210,32893,63.50,20.778
62212,16233,63.50,20.778
62221,32893,63.50,20.778
62222,16233,63.50,20.778
62231,32893,63.50,20.778
62232,16233,63.50,20.778
62240,32893,63.50,20.778
62242,16233,63.50,20.778
62251,32893,63.50,20.778
62252,16233,63.50,20.778
62261,32893,63.50,20.778
62262,16233,63.50,20.778
62270,32893,63.50,20.778
62272,16233,63.50,20.778
62280,32893,63.50,20.778
62282,16233,63.50,20.778
62291,32893,63.50,20.778
62292,16233,63.50,20.778
62300,32893,63.50,20.778
62302,16233,63.50,20.778
62310,32893,63.50,20.778
62312,16233,63.50,20.778
62321,32893,63.50,20.778
62323,16233,63.50,20.778
62331,32893,63.50,20.778
62332,16233,63.50,20.778
62341,32893,63.50,20.778
62342,16233,63.50,20.778
62350,32893,63.50,20.778
62352,16233,63.50,20.778
62360,32893,63.50,20.778
62362,16233,63.50,20.778
62370,32893,63.50,20.778
62372,16233,63.50,20.778
62380,32893,63.50,20.778
62382,16233,63.50,20.778
62390,32893,63.50,20.778
62392,16233,63.50,20.778
62401,32893,63.50,20.778
62402,16233,63.50,20.778
62411,32893,63.50,20.778
62412,16233,63.50,20.778
62421,32893,63.50,20.778
62422,16233,63.50,20.778
62431,32893,63.50,20.778
62432,16233,63.50,20.778
62440,32893,63.50,20.778
62442,16233,63.50,20.778
62450,32893,63.50,20.778
62452,16233,63.50,20.778
62460,32893,63.50,20.778
62462,16233,63.50,20.778
62471,32893,63.50,20.778
62472,16233,63.50,20.778
62480,32893,63.50,20.778
62482,16233,63.50,20.778
62490,32893,63.50,20.778
62492,16233,63.50,20.778
62500,32893,63.50,20.778
62502,16233,63.50,20.778
62510,32893,63.50,20.778
62512,16233,63.50,20.778
62520,32893,63.50,20.778
62522,16233,63.50,20.778
62531,32893,63.50,20.778
62532,16233,63.50,20.778
62541,32893,63.50,20.778
62542,16233,63.50,20.778
62551,32893,63.50,20.778
62552,16233,63.50,20.778
62561,32893,63.50,20.778
62562,16233,63.50,20.778
62570,32893,63.50,20.778
62572,16233,63.50,20.778
62581,32893,63.50,20.778
62582,16233,63.50,20.778
62590,32893,63.50,20.778
62592,16233,63.50,20.778
62600,32893,63.50,20.778
62602,16233,63.50,20.778
62610,32893,63.50,20.778
62612,16233,63.50,20.778
62620,32893,63.50,20.778
62622,16233,63.50,20.778
62630,32893,63.50,20.778
62632,16233,63.50,20.778
62641,32893,63.50,20.778
62642,16233,63.50,20.778
62650,32893,63.50,20.778
62652,16233,63.50,20.778
62660,32893,63.50,20.778
62662,16233,63.50,20.778
62671,32893,63.50,20.778
62672,16233,63.50,20.778
62680,32893,63.50,20.778
62682,16233,63.50,20.778
62690,32893,63.50,20.778
62692,16233,63.50,20.778
62700,32893,63.50,20.778
62702,16233,63.50,20.778
62710,32893,63.50,20.778
62712,16233,63.50,20.778
62720,32893,63.50,20.778
62723,16233,63.50,20.778
62731,32893,63.50,20.778
62733,16233,63.50,20.778
62740,32893,63.50,20.778
62742,16233,63.50,20.778
62750,32893,63.50,20.778
62752,16233,63.50,20.778
62760,32893,63.50,20.778
62762,16233,63.50,20.778
62770,32893,63.50,20.778
62772,16233,63.50,20.778
62780,32893,63.50,20.778
62782,16233,63.50,20.778
62790,32893,63.50,20.778
62792,16233,63.50,20.778
62801,32893,63.50,20.778
62802,16233,63.50,20.778
62810,32893,63.50,20.778
62812,16233,63.50,20.778
62820,32893,63.50,20.778
62822,16233,63.50,20.778
62830,32893,63.50,20.778
62832,16233,63.50,20.778
62840,32893,63.50,20.778
62842,16233,63.50,20.778
62850,32893,63.50,20.778
62852,16233,63.50,20.778
62860,32893,63.50,20.778
62862,16233,63.50,20.778
62870,32893,63.50,20.778
62872,16233,63.50,20.778
62880,32893,63.50,20.778
62882,16233,63.50,20.778
62890,32893,63.50,20.778
62892,16233,63.50,20.778
62900,32893,63.50,20.778
62902,16233,63.50,20.778
62911,32893,63.50,20.778
62912,16233,63.50,20.778
62921,32893,63.50,20.778
62922,16233,63.50,20.778
62930,32893,63.50,20.778
62932,16233,63.50,20.778
62940,32893,63.50,20.778
62942,16233,63.50,20.778
62951,32893,63.50,20.778
62952,16233,63.50,20.778
62961,32893,63.50,20.778
62962,16233,63.50,20.778
62971,32893,63.50,20.778
62972,16233,63.50,20.778
62980,32893,63.50,20.778
62983,16233,63.50,20.778
62991,32893,63.50,20.778
62992,16233,63.50,20.778
63001,32893,63.50,20.778
63002,16233,63.50,20.778
63011,32893,63.50,20.778
63012,16233,63.50,20.778
63020,32893,63.50,20.778
63022,16233,63.50,20.778
63032,32893,63.50,20.778
63032,16233,63.50,20.778
63041,32893,63.50,20.778
63042,16233,63.50,20.778
63051,32893,63.50,20.778
63052,16233,63.50,20.778
63060,32893,63.50,20.778
63062,16233,63.50,20.778
63070,32893,63.50,20.778
63072,16233,63.50,20.778
63080,32893,63.50,20.778
63082,16233,63.50,20.778
63090,32893,63.50,20.778
63092,16233,63.50,20.778
63100,32893,63.50,20.778
63102,16233,63.50,20.778
63110,32893,63.50,20.778
63112,16233,63.50,20.778
63121,32893,63.50,20.778
63122,16233,63.50,20.778
63130,32893,63.50,20.778
63132,16233,63.50,20.778
63140,32893,63.50,20.778
63142,16233,63.50,20.778
63151,32893,63.50,20.778
63152,16233,63.50,20.778
63160,32893,63.50,20.778
63162,16233,63.50,20.778
63170,32893,63.50,20.778
63172,16233,63.50,20.778
63180,32893,63.50,20.778
63182,16233,63.50,20.778
63190,32893,63.50,20.778
63192,16233,63.50,20.778
63201,32893,63.50,20.778
63202,16233,63.50,20.778
63211,32893,63.50,20.778
63212,16233,63.50,20.778
63221,32893,63.50,20.778
63222,16233,63.50,20.778
63230,32893,63.50,20.778
63232,16233,63.50,20.778
63241,32893,63.50,20.778
63242,16233,63.50,20.778
63250,32893,63.50,20.778
63252,16233,63.50,20.778
63260,32893,63.50,20.778
63262,16233,63.50,20.778
63271,32893,63.50,20.778
63272,16233,63.50,20.778
63281,32893,63.50,20.778
63282,16233,63.50,20.778
63290,32893,63.50,20.778
63293,16233,63.50,20.778
63300,32893,63.50,20.778
63302,16233,63.50,20.778
63310,32893,63.50,20.778
63312,16233,63.50,20.778
63320,32893,63.50,20.778
63322,16233,63.50,20.778
63330,32893,63.50,20.778
63332,16233,63.50,20.778
63340,32893,63.50,20.778
63342,16233,63.50,20.778
63350,32893,63.50,20.778
63352,16233,63.50,20.778
63361,32893,63.50,20.778
63362,16233,63.50,20.778
63371,32893,63.50,20.778
63372,16233,63.50,20.778
63380,32893,63.50,20.778
63382,16233,63.50,20.778
63390,32893,63.50,20.778
63392,16233,63.50,20.778
63400,32893,63.50,20.778
63402,16233,63.50,20.778
63410,32893,63.50,20.778
63412,16233,63.50,20.778
63421,32893,63.50,20.778
63422,16233,63.50,20.778
63430,32893,63.50,20.778
63433,16233,63.50,20.778
63440,32893,63.50,20.778
63442,16233,63.50,20.778
63451,32893,63.50,20.778
63452,16233,63.50,20.778
63460,32893,63.50,20.778
63462,16233,63.50,20.778
63471,32893,63.50,20.778
63472,16233,63.50,20.778
63480,32893,63.50,20.778
63482,16233,63.50,20.778
63490,32893,63.50,20.778
63492,16233,63.50,20.778
63501,32893,63.50,20.778
63502,16233,63.50,20.778
63511,32893,63.50,20.778
63513,16233,63.50,20.778
63521,32893,63.50,20.778
63523,16233,63.50,20.778
63531,32893,63.50,20.778
63532,16233,63.50,20.778
63540,32893,63.50,20.778
63542,16233,63.50,20.778
63550,32893,63.50,20.778
63552,16233,63.50,20.778
63560,32893,63.50,20.778
63562,16233,63.50,20.778
63570,32893,63.50,20.778
63572,16233,63.50,20.778
63580,32893,63.50,20.778
63582,16233,63.50,20.778
63590,32893,63.50,20.778
63592,16233,63.50,20.778
63600,32893,63.50,20.778
63602,16233,63.50,20.778
63610,32893,63.50,20.778
63612,16233,63.50,20.778
63620,32893,63.50,20.778
63622,16233,63.50,20.778
63630,32893,63.50,20.778
63632,16233,63.50,20.778
63640,32893,63.50,20.778
63642,16233,63.50,20.778
63650,32893,63.50,20.778
63652,16233,63.50,20.778
63661,32893,63.50,20.778
63662,16233,63.50,20.778
63671,32893,63.50,20.778
63672,16233,63.50,20.778
63680,32893,63.50,20.778
63682,16233,63.50,20.778
63691,32893,63.50,20.778
63692,16233,63.50,20.778
63700,32893,63.50,20.778
63702,16233,63.50,20.778
63710,32893,63.50,20.778
63712,16233,63.50,20.778
63720,32893,63.50,20.778
63722,16233,63.50,20.778
63730,32893,63.50,20.778
63732,16233,63.50,20.778
63741,32893,63.50,20.778
63742,16233,63.50,20.778
63750,32893,63.50,20.778
63752,16233,63.50,20.778
63761,32893,63.50,20.778
63762,16233,63.50,20.778
63770,32893,63.50,20.778
63772,16233,63.50,20.778
63781,32893,63.50,20.778
63782,16233,63.50,20.778
63790,32893,63.50,20.778
63792,16233,63.50,20.778
63800,32893,63.50,20.778
63802,16233,63.50,20.778
63811,32893,63.50,20.778
63812,16233,63.50,20.778
63820,32893,63.50,20.778
63822,16233,63.50,20.778
63830,32893,63.50,20.778
63832,16233,63.50,20.778
63841,32893,63.50,20.778
63842,16233,63.50,20.778
63850,32893,63.50,20.778
63852,16233,63.50,20.778
63860,32893,63.50,20.778
63862,16233,63.50,20.778
63870,32893,63.50,20.778
63872,16233,63.50,20.778
63881,32893,63.50,20.778
63882,16233,63.50,20.778
63891,32893,63.50,20.778
63893,16233,63.50,20.778
63901,32893,63.50,20.778
63902,16233,63.50,20.778
63910,32893,63.50,20.778
63912,16233,63.50,20.778
63921,32893,63.50,20.778
63922,16233,63.50,20.778
63930,32893,63.50,20.778
63933,16233,63.50,20.778
63941,32893,63.50,20.778
63942,16233,63.50,20.778
63950,32893,63.50,20.778
63952,16233,63.50,20.778
63961,32893,63.50,20.778
63962,16233,63.50,20.778
63970,32893,63.50,20.778
63972,16233,63.50,20.778
63981,32893,63.50,20.778
63982,16233,63.50,20.778
63991,32893,63.50,20.778
63992,16233,63.50,20.778
64001,32893,63.50,20.778
64002,16233,63.50,20.778
64011,32893,63.50,20.778
64012,16233,63.50,20.778
64021,32893,63.50,20.778
64022,16233,63.50,20.778
64031,32893,63.50,20.778
64033,16233,63.50,20.778
64041,32893,63.50,20.778
64043,16233,63.50,20.778
64051,32893,63.50,20.778
64053,16233,63.50,20.778
64061,32893,63.50,20.778
64063,16233,63.50,20.778
64071,32893,63.50,20.778
64072,16233,63.50,20.778
64080,32893,63.50,20.778
64082,16233,63.50,20.778
64091,32893,63.50,20.778
64092,16233,63.50,20.778
64101,32893,63.50,20.778
64102,16233,63.50,20.778
64111,32893,63.50,20.778
64113,16233,63.50,20.778
64121,32893,63.50,20.778
64123,16233,63.50,20.778
64131,32893,63.50,20.778
64132,16233,63.50,20.778
64142,32893,63.50,20.778
64143,16233,63.50,20.778
64152,32893,63.50,20.778
64153,16233,63.50,20.778
64161,32893,63.50,20.778
64162,16233,63.50,20.778
64171,32893,63.50,20.778
64173,16233,63.50,20.778
64180,32893,63.50,20.778
64182,16233,63.50,20.778
64191,32893,63.50,20.778
64193,16233,63.50,20.778
64201,32893,63.50,20.778
64202,16233,63.50,20.778
64211,32893,63.50,20.778
64212,16233,63.50,20.778
64221,32893,63.50,20.778
64222,16233,63.50,20.778
64231,32893,63.50,20.778
64232,16233,63.50,20.778
64241,32893,63.50,20.778
64242,16233,63.50,20.778
64251,32893,63.50,20.778
64253,16233,63.50,20.778
64261,32893,63.50,20.778
64262,16233,63.50,20.778
64272,32893,63.50,20.778
64272,16233,63.50,20.778
64281,32893,63.50,20.778
64282,16233,63.50,20.778
64291,32893,63.50,20.778
64293,16233,63.50,20.778
64300,32893,63.50,20.778
64302,16233,63.50,20.778
64311,32893,63.50,20.778
64312,16233,63.50,20.778
64321,32893,63.50,20.778
64322,16233,63.50,20.778
64330,32893,63.50,20.778
64332,16233,63.50,20.778
64341,32893,63.50,20.778
64342,16233,63.50,20.778
64350,32893,63.50,20.778
64352,16233,63.50,20.778
64360,32893,63.50,20.778
64363,16233,63.50,20.778
64370,32893,63.50,20.778
64372,16233,63.50,20.778
64381,32893,63.50,20.778
64382,16233,63.50,20.778
64390,32893,63.50,20.778
64392,16233,63.50,20.778
64401,32893,63.50,20.778
64402,16233,63.50,20.778
64411,32893,63.50,20.778
64412,16233,63.50,20.778
64421,32893,63.50,20.778
64422,16233,63.50,20.778
64430,32893,63.50,20.778
64432,16233,63.50,20.778
64440,32893,63.50,20.778
64442,16233,63.50,20.778
64450,32893,63.50,20.778
64453,16233,63.50,20.778
64461,32893,63.50,20.778
64462,16233,63.50,20.778
64471,32893,63.50,20.778
64472,16233,63.50,20.778
64481,32893,63.50,20.778
64482,16233,63.50,20.778
64490,32893,63.50,20.778
64492,16233,63.50,20.778
64501,32893,63.50,20.778
64502,16233,63.50,20.778
64510,32893,63.50,20.778
64512,16233,63.50,20.778
64520,32893,63.50,20.778
64522,16233,63.50,20.778
64530,32893,63.50,20.778
64532,16233,63.50,20.778
64541,32893,63.50,20.778
64542,16233,63.50,20.778
64550,32893,63.50,20.778
64552,16233,63.50,20.778
64560,32893,63.50,20.778
64562,16233,63.50,20.778
64570,32893,63.50,20.778
64572,16233,63.50,20.778
64581,32893,63.50,20.778
64582,16233,63.50,20.778
64591,32893,63.50,20.778
64592,16233,63.50,20.778
64600,32893,63.50,20.778
64602,16233,63.50,20.778
64611,32893,63.50,20.778
64613,16233,63.50,20.778
64621,32893,63.50,20.778
64622,16233,63.50,20.778
64630,32893,63.50,20.778
64632,16233,63.50,20.778
64641,32893,63.50,20.778
64642,16233,63.50,20.778
64650,32893,63.50,20.778
64652,16233,63.50,20.778
64660,32893,63.50,20.778
64662,16233,63.50,20.778
64671,32893,63.50,20.778
64672,16233,63.50,20.778
64681,32893,63.50,20.778
64682,16233,63.50,20.778
64690,32893,63.50,20.778
64692,16233,63.50,20.778
64701,32893,63.50,20.778
64702,16233,63.50,20.778
64711,32893,63.50,20.778
64712,16233,63.50,20.778
64721,32893,63.50,20.778
64722,16233,63.50,20.778
64731,32893,63.50,20.778
64732,16233,63.50,20.778
64741,32893,63.50,20.778
64742,16233,63.50,20.778
64751,32893,63.50,20.778
64752,16233,63.50,20.778
64760,32893,63.50,20.778
64762,16233,63.50,20.778
64771,32893,63.50,20.778
64772,16233,63.50,20.778
64781,32893,63.50,20.778
64782,16233,63.50,20.778
64790,32893,63.50,20.778
64792,16233,63.50,20.778
64800,32893,63.50,20.778
64802,16233,63.50,20.778
64811,32893,63.50,20.778
64812,16233,63.50,20.778
64821,32893,63.50,20.778
64822,16233,63.50,20.778
64831,32893,63.50,20.778
64832,16233,63.50,20.778
64841,32893,63.50,20.778
64842,16233,63.50,20.778
64851,32893,63.50,20.778
64852,16233,63.50,20.778
64860,32893,63.50,20.778
64862,16233,63.50,20.778
64871,32893,63.50,20.778
64872,16233,63.50,20.778
64880,32893,63.50,20.778
64882,16233,63.50,20.778
64891,32893,63.50,20.778
64892,16233,63.50,20.778
64901,32893,63.50,20.778
64902,16233,63.50,20.778
64911,32893,63.50,20.778
64912,16233,63.50,20.778
64921,32893,63.50,20.778
64922,16233,63.50,20.778
64930,32893,63.50,20.778
64932,16233,63.50,20.778
64941,32893,63.50,20.778
64942,16233,63.50,20.778
64950,32893,63.50,20.778
64952,16233,63.50,20.778
64961,32893,63.50,20.778
64963,16233,63.50,20.778
64971,32893,63.50,20.778
64972,16233,63.50,20.778
64981,32893,63.50,20.778
64982,16233,63.50,20.778
64991,32893,63.50,20.778
64992,16233,63.50,20.778
65001,32893,63.50,20.778
65003,16233,63.50,20.778
65010,32893,63.50,20.778
65012,16233,63.50,20.778
65020,32893,63.50,20.778
65022,16233,63.50,20.778
65031,32893,63.50,20.778
65033,16233,63.50,20.778
65041,32893,63.50,20.778
65042,16233,63.50,20.778
65051,32893,63.50,20.778
65052,16233,63.50,20.778
65061,32893,63.50,20.778
65062,16233,63.50,20.778
65071,32893,63.50,20.778
65072,16233,63.50,20.778
65081,32893,63.50,20.778
65082,16233,63.50,20.778
65091,32893,63.50,20.778
65092,16233,63.50,20.778
65100,32893,63.50,20.778
65102,16233,63.50,20.778
65111,32893,63.50,20.778
65112,16233,63.50,20.778
65121,32893,63.50,20.778
65122,16233,63.50,20.778
65130,32893,63.50,20.778
65132,16233,63.50,20.778
65141,32893,63.50,20.778
65142,16233,63.50,20.778
65150,32893,63.50,20.778
65152,16233,63.50,20.778
65161,32893,63.50,20.778
65163,16233,63.50,20.778
65171,32893,63.50,20.778
65172,16233,63.50,20.778
65180,32893,63.50,20.778
65182,16233,63.50,20.778
65191,32893,63.50,20.778
65192,16233,63.50,20.778
65200,32893,63.50,20.778
65202,16233,63.50,20.778
65210,32893,63.50,20.778
65213,16233,63.50,20.778
65221,32893,63.50,20.778
65222,16233,63.50,20.778
65231,32893,63.50,20.778
65232,16233,63.50,20.778
65241,32893,63.50,20.778
65242,16233,63.50,20.778
65251,32893,63.50,20.778
65252,16233,63.50,20.778
65261,32893,63.50,20.778
65262,16233,63.50,20.778
65271,32893,63.50,20.778
65272,16233,63.50,20.778
65281,32893,63.50,20.778
65282,16233,63.50,20.778
65291,32893,63.50,20.778
65293,16233,63.50,20.778
65301,32893,63.50,20.778
65302,16233,63.50,20.778
65311,32893,63.50,20.778
65312,16233,63.50,20.778
65320,32893,63.50,20.778
65322,16233,63.50,20.778
65331,32893,63.50,20.778
65332,16233,63.50,20.778
65341,32893,63.50,20.778
65342,16233,63.50,20.778
65351,32893,63.50,20.778
65352,16233,63.50,20.778
65361,32893,63.50,20.778
65362,16233,63.50,20.778
65370,32893,63.50,20.778
65372,16233,63.50,20.778
65380,32893,63.50,20.778
65383,16233,63.50,20.778
65390,32893,63.50,20.778
65392,16233,63.50,20.778
65400,32893,63.50,20.778
65402,16233,63.50,20.778
65411,32893,63.50,20.778
65412,16233,63.50,20.778
65420,32893,63.50,20.778
65422,16233,63.50,20.778
65431,32893,63.50,20.778
65432,16233,63.50,20.778
65440,32893,63.50,20.778
65442,16233,63.50,20.778
65451,32893,63.50,20.778
65452,16233,63.50,20.778
65460,32893,63.50,20.778
65462,16233,63.50,20.778
65471,32893,63.50,20.778
65472,16233,63.50,20.778
65481,32893,63.50,20.778
65482,16233,63.50,20.778
65490,32893,63.50,20.778
65492,16233,63.50,20.778
65500,32893,63.50,20.778
65502,16233,63.50,20.778
65510,32893,63.50,20.778
65512,16233,63.50,20.778
65520,32893,63.50,20.778
65522,16233,63.50,20.778
65531,32893,63.50,20.778
65532,16233,63.50,20.778
65540,32893,63.50,20.778
65542,16233,63.50,20.778
65551,32893,63.50,20.778
65552,16233,63.50,20.778
65561,32893,63.50,20.778
65562,16233,63.50,20.778
65571,32893,63.50,20.778
65572,16233,63.50,20.778
65581,32893,63.50,20.778
65582,16233,63.50,20.778
65591,32893,63.50,20.778
65592,16233,63.50,20.778
65601,32893,63.50,20.778
65602,16233,63.50,20.778
65610,32893,63.50,20.778
65612,16233,63.50,20.778
65621,32893,63.50,20.778
65622,16233,63.50,20.778
65631,32893,63.50,20.778
65632,16233,63.50,20.778
65641,32893,63.50,20.778
65642,16233,63.50,20.778
65651,32893,63.50,20.778
65652,16233,63.50,20.778
65660,32893,63.50,20.778
65662,16233,63.50,20.778
65670,32893,63.50,20.778
65672,16233,63.50,20.778
65680,32893,63.50,20.778
65682,16233,63.50,20.778
65690,32893,63.50,20.778
65692,16233,63.50,20.778
65700,32893,63.50,20.778
65702,16233,63.50,20.778
65711,32893,63.50,20.778
65713,16233,63.50,20.778
65720,32893,63.50,20.778
65722,16233,63.50,20.778
65731,32893,63.50,20.778
65733,16233,63.50,20.778
65741,32893,63.50,20.778
65742,16233,63.50,20.778
65751,32893,63.50,20.778
65752,16233,63.50,20.778
65761,32893,63.50,20.778
65763,16233,63.50,20.778
65771,32893,63.50,20.778
65772,16233,63.50,20.778
65780,32893,63.50,20.778
65782,16233,63.50,20.778
65791,32893,63.50,20.778
65792,16233,63.50,20.778
65801,32893,63.50,20.778
65803,16233,63.50,20.778
65810,32893,63.50,20.778
65812,16233,63.50,20.778
65821,32893,63.50,20.778
65822,16233,63.50,20.778
65830,32893,63.50,20.778
65832,16233,63.50,20.778
65840,32893,63.50,20.778
65842,16233,63.50,20.778
65850,32893,63.50,20.778
65852,16233,63.50,20.778
65860,32893,63.50,20.778
65862,16233,63.50,20.778
65871,32893,63.50,20.778
65872,16233,63.50,20.778
65880,32893,63.50,20.778
65882,16233,63.50,20.778
65890,32893,63.50,20.778
65892,16233,63.50,20.778
65901,32893,63.50,20.778
65902,16233,63.50,20.778
65911,32893,63.50,20.778
65912,16233,63.50,20.778
65921,32893,63.50,20.778
65922,16233,63.50,20.778
65931,32893,63.50,20.778
65933,16233,63.50,20.778
65941,32893,63.50,20.778
65942,16233,63.50,20.778
65950,32893,63.50,20.778
65952,16233,63.50,20.778
65960,32893,63.50,20.778
65963,16233,63.50,20.778
65970,32893,63.50,20.778
65972,16233,63.50,20.778
65981,32893,63.50,20.778
65982,16233,63.50,20.778
65990,32893,63.50,20.778
65992,16233,63.50,20.778
66000,32893,63.50,20.778
66002,16233,63.50,20.778
66011,32893,63.50,20.778
66012,16233,63.50,20.778
66020,32893,63.50,20.778
66022,16233,63.50,20.778
66031,32893,63.50,20.778
66032,16233,63.50,20.778
66041,32893,63.50,20.778
66042,16233,63.50,20.778
66050,32893,63.50,20.778
66052,16233,63.50,20.778
66060,32893,63.50,20.778
66062,16233,63.50,20.778
66071,32893,63.50,20.778
66072,16233,63.50,20.778
66080,32893,63.50,20.778
66082,16233,63.50,20.778
66090,32893,63.50,20.778
66092,16233,63.50,20.778
66101,32893,63.50,20.778
66102,16233,63.50,20.778
66110,32893,63.50,20.778
66112,16233,63.50,20.778
66120,32893,63.50,20.778
66122,16233,63.50,20.778
66130,32893,63.50,20.778
66132,16233,63.50,20.778
66141,32893,63.50,20.778
66142,16233,63.50,20.778
66150,32893,63.50,20.778
66152,16233,63.50,20.778
66161,32893,63.50,20.778
66163,16233,63.50,20.778
66170,32893,63.50,20.778
66172,16233,63.50,20.778
66180,32893,63.50,20.778
66182,16233,63.50,20.778
66190,32893,63.50,20.778
66192,16233,63.50,20.778
66201,32893,63.50,20.778
66202,16233,63.50,20.778
66211,32893,63.50,20.778
66212,16233,63.50,20.778
66221,32893,63.50,20.778
66222,16233,63.50,20.778
66231,32893,63.50,20.778
66232,16233,63.50,20.778
66241,32893,63.50,20.778
66242,16233,63.50,20.778
66251,32893,63.50,20.778
66252,16233,63.50,20.778
66260,32893,63.50,20.778
66262,16233,63.50,20.778
66271,32893,63.50,20.778
66273,16233,63.50,20.778
66281,32893,63.50,20.778
66282,16233,63.50,20.778
66291,32893,63.50,20.778
66293,16233,63.50,20.778
66301,32893,63.50,20.778
66302,16233,63.50,20.778
66311,32893,63.50,20.778
66312,16233,63.50,20.778
66320,32893,63.50,20.778
66322,16233,63.50,20.778
66330,32893,63.50,20.778
66332,16233,63.50,20.778
66340,32893,63.50,20.778
66342,16233,63.50,20.778
66350,32893,63.50,20.778
66352,16233,63.50,20.778
66360,32893,63.50,20.778
66362,16233,63.50,20.778
66371,32893,63.50,20.778
66372,16233,63.50,20.778
66381,32893,63.50,20.778
66382,16233,63.50,20.778
66391,32893,63.50,20.778
66392,16233,63.50,20.778
66401,32893,63.50,20.778
66402,16233,63.50,20.778
66411,32893,63.50,20.778
66413,16233,63.50,20.778
66421,32893,63.50,20.778
66422,16233,63.50,20.778
66430,32893,63.50,20.778
66432,16233,63.50,20.778
66440,32893,63.50,20.778
66442,16233,63.50,20.778
66450,32893,63.50,20.778
66452,16233,63.50,20.778
66460,32893,63.50,20.778
66462,16233,63.50,20.778
66470,32893,63.50,20.778
66472,16233,63.50,20.778
66480,32893,63.50,20.778
66482,16233,63.50,20.778
66490,32893,63.50,20.778
66492,16233,63.50,20.778
66501,32893,63.50,20.778
66502,16233,63.50,20.778
66511,32893,63.50,20.778
66512,16233,63.50,20.778
66520,32893,63.50,20.778
66522,16233,63.50,20.778
66531,32893,63.50,20.778
66532,16233,63.50,20.778
66540,32893,63.50,20.778
66542,16233,63.50,20.778
66551,32893,63.50,20.778
66552,16233,63.50,20.778
66561,32893,63.50,20.778
66562,16233,63.50,20.778
66571,32893,63.50,20.778
66573,16233,63.50,20.778
66581,32893,63.50,20.778
66582,16233,63.50,20.778
66590,32893,63.50,20.778
66592,16233,63.50,20.778
66600,32893,63.50,20.778
66602,16233,63.50,20.778
66610,32893,63.50,20.778
66612,16233,63.50,20.778
66621,32893,63.50,20.778
66623,16233,63.50,20.778
66630,32893,63.50,20.778
66632,16233,63.50,20.778
66640,32893,63.50,20.778
66642,16233,63.50,20.778
66650,32893,63.50,20.778
66652,16233,63.50,20.778
66661,32893,63.50,20.778
66662,16233,63.50,20.778
66670,32893,63.50,20.778
66672,16233,63.50,20.778
66681,32893,63.50,20.778
66682,16233,63.50,20.778
66690,32893,63.50,20.778
66692,16233,63.50,20.778
66700,32893,63.50,20.778
66702,16233,63.50,20.778
66711,32893,63.50,20.778
66712,16233,63.50,20.778
66721,32893,63.50,20.778
66722,16233,63.50,20.778
66731,32893,63.50,20.778
66732,16233,63.50,20.778
66741,32893,63.50,20.778
66743,16233,63.50,20.778
66751,32893,63.50,20.778
66752,16233,63.50,20.778
66761,32893,63.50,20.778
66762,16233,63.50,20.778
66771,32893,63.50,20.778
66772,16233,63.50,20.778
66780,32893,63.50,20.778
66782,16233,63.50,20.778
66790,32893,63.50,20.778
66793,16233,63.50,20.778
66801,32893,63.50,20.778
66802,16233,63.50,20.778
66810,32893,63.50,20.778
66812,16233,63.50,20.778
66820,32893,63.50,20.778
66822,16233,63.50,20.778
66830,32893,63.50,20.778
66832,16233,63.50,20.778
66840,32893,63.50,20.778
66843,16233,63.50,20.778
66850,32893,63.50,20.778
66852,16233,63.50,20.778
66860,32893,63.50,20.778
66862,16233,63.50,20.778
66870,32893,63.50,20.778
66872,16233,63.50,20.778
66880,32893,63.50,20.778
66883,16233,63.50,20.778
66891,32893,63.50,20.778
66892,16233,63.50,20.778
66901,32893,63.50,20.778
66902,16233,63.50,20.778
66910,32893,63.50,20.778
66912,16233,63.50,20.778
66920,32893,63.50,20.778
66922,16233,63.50,20.778
66930,32893,63.50,20.778
66932,16233,63.50,20.778
66940,32893,63.50,20.778
66943,16233,63.50,20.778
66951,32893,63.50,20.778
66952,16233,63.50,20.778
66960,32893,63.50,20.778
66962,16233,63.50,20.778
66971,32893,63.50,20.778
66972,16233,63.50,20.778
66981,32893,63.50,20.778
66982,16233,63.50,20.778
66990,32893,63.50,20.778
66992,16233,63.50,20.778
67001,32893,63.50,20.778
67002,16233,63.50,20.778
67010,32893,63.50,20.778
67012,16233,63.50,20.778
67020,32893,63.50,20.778
67022,16233,63.50,20.778
67031,32893,63.50,20.778
67033,16233,63.50,20.778
67041,32893,63.50,20.778
67042,16233,63.50,20.778
67051,32893,63.50,20.778
67052,16233,63.50,20.778
67060,32893,63.50,20.778
67062,16233,63.50,20.778
67070,32893,63.50,20.778
67072,16233,63.50,20.778
67081,32893,63.50,20.778
67082,16233,63.50,20.778
67091,32893,63.50,20.778
67092,16233,63.50,20.778
67100,32893,63.50,20.778
67103,16233,63.50,20.778
67110,32893,63.50,20.778
67112,16233,63.50,20.778
67120,32893,63.50,20.778
67123,16233,63.50,20.778
67130,32893,63.50,20.778
67133,16233,63.50,20.778
67141,32893,63.50,20.778
67142,16233,63.50,20.778
67151,32893,63.50,20.778
67152,16233,63.50,20.778
67161,32893,63.50,20.778
67162,16233,63.50,20.778
67170,32893,63.50,20.778
67172,16233,63.50,20.778
67180,32893,63.50,20.778
67182,16233,63.50,20.778
67190,32893,63.50,20.778
67192,16233,63.50,20.778
67200,32893,63.50,20.778
67202,16233,63.50,20.778
67210,32893,63.50,20.778
67212,16233,63.50,20.778
67220,32893,63.50,20.778
67223,16233,63.50,20.778
67230,32893,63.50,20.778
67232,16233,63.50,20.778
67241,32893,63.50,20.778
67243,16233,63.50,20.778
67251,32893,63.50,20.778
67252,16233,63.50,20.778
67260,32893,63.50,20.778
67262,16233,63.50,20.778
67271,32893,63.50,20.778
67272,16233,63.50,20.778
67281,32893,63.50,20.778
67282,16233,63.50,20.778
67291,32893,63.50,20.778
67292,16233,63.50,20.778
67301,32893,63.50,20.778
67302,16233,63.50,20.778
67310,32893,63.50,20.778
67312,16233,63.50,20.778
67320,32893,63.50,20.778
67322,16233,63.50,20.778
67331,32893,63.50,20.778
67332,16233,63.50,20.778
67341,32893,63.50,20.778
67342,16233,63.50,20.778
67350,32893,63.50,20.778
67352,16233,63.50,20.778
67360,32893,63.50,20.778
67363,16233,63.50,20.778
67370,32893,63.50,20.778
67372,16233,63.50,20.778
67380,32893,63.50,20.778
67382,16233,63.50,20.778
67391,32893,63.50,20.778
67393,16233,63.50,20.778
67401,32893,63.50,20.778
67402,16233,63.50,20.778
67411,32893,63.50,20.778
67412,16233,63.50,20.778
67421,32893,63.50,20.778
67422,16233,63.50,20.778
67430,32893,63.50,20.778
67432,16233,63.50,20.778
67440,32893,63.50,20.778
67442,16233,63.50,20.778
67451,32893,63.50,20.778
67452,16233,63.50,20.778
67461,32893,63.50,20.778
67462,16233,63.50,20.778
67471,32893,63.50,20.778
67472,16233,63.50,20.778
67481,32893,63.50,20.778
67482,16233,63.50,20.778
67491,32893,63.50,20.778
67492,16233,63.50,20.778
67500,32893,63.50,20.778
67502,16233,63.50,20.778
67510,32893,63.50,20.778
67512,16233,63.50,20.778
67520,32893,63.50,20.778
67522,16233,63.50,20.778
67531,32893,63.50,20.778
67532,16233,63.50,20.778
67541,32893,63.50,20.778
67542,16233,63.50,20.778
67551,32893,63.50,20.778
67552,16233,63.50,20.778
67560,32893,63.50,20.778
67562,16233,63.50,20.778
67571,32893,63.50,20.778
67572,16233,63.50,20.778
67581,32893,63.50,20.778
67582,16233,63.50,20.778
67590,32893,63.50,20.778
67592,16233,63.50,20.778
67600,32893,63.50,20.778
67602,16233,63.50,20.778
67611,32893,63.50,20.778
67612,16233,63.50,20.778
67621,32893,63.50,20.778
67622,16233,63.50,20.778
67631,32893,63.50,20.778
67632,16233,63.50,20.778
67640,32893,63.50,20.778
67642,16233,63.50,20.778
67651,32893,63.50,20.778
67652,16233,63.50,20.778
67660,32893,63.50,20.778
67662,16233,63.50,20.778
67670,32893,63.50,20.778
67672,16233,63.50,20.778
67681,32893,63.50,20.778
67682,16233,63.50,20.778
67691,32893,63.50,20.778
67693,16233,63.50,20.778
67700,32893,63.50,20.778
67702,16233,63.50,20.778
67710,32893,63.50,20.778
67712,16233,63.50,20.778
67721,32893,63.50,20.778
67722,16233,63.50,20.778
67731,32893,63.50,20.778
67733,16233,63.50,20.778
67740,32893,63.50,20.778
67742,16233,63.50,20.778
67751,32893,63.50,20.778
67752,16233,63.50,20.778
67761,32893,63.50,20.778
67762,16233,63.50,20.778
67771,32893,63.50,20.778
67772,16233,63.50,20.778
67781,32893,63.50,20.778
67782,16233,63.50,20.778
67790,32893,63.50,20.778
67792,16233,63.50,20.778
67801,32893,63.50,20.778
67802,16233,63.50,20.778
67811,32893,63.50,20.778
67813,16233,63.50,20.778
67820,32893,63.50,20.778
67822,16233,63.50,20.778
67830,32893,63.50,20.778
67832,16233,63.50,20.778
67841,32893,63.50,20.778
67842,16233,63.50,20.778
67850,32893,63.50,20.778
67852,16233,63.50,20.778
67860,32893,63.50,20.778
67862,16233,63.50,20.778
67870,32893,63.50,20.778
67872,16233,63.50,20.778
67881,32893,63.50,20.778
67882,16233,63.50,20.778
67890,32893,63.50,20.778
67892,16233,63.50,20.778
67901,32893,63.50,20.778
67902,16233,63.50,20.778
67911,32893,63.50,20.778
67912,16233,63.50,20.778
67920,32893,63.50,20.778
67922,16233,63.50,20.778
67930,32893,63.50,20.778
67932,16233,63.50,20.778
67941,32893,63.50,20.778
67942,16233,63.50,20.778
67951,32893,63.50,20.778
67952,16233,63.50,20.778
67961,32893,63.50,20.778
67962,16233,63.50,20.778
67971,32893,63.50,20.778
67972,16233,63.50,20.778
67981,32893,63.50,20.778
67982,16233,63.50,20.778
67990,32893,63.50,20.778
67992,16233,63.50,20.778
68001,32893,63.50,20.778
68002,16233,63.50,20.778
68010,32893,63.50,20.778
68012,16233,63.50,20.778
68021,32893,63.50,20.778
68022,16233,63.50,20.778
68031,32893,63.50,20.778
68032,16233,63.50,20.778
68040,32893,63.50,20.778
68042,16233,63.50,20.778
68051,32893,63.50,20.778
68052,16233,63.50,20.778
68060,32893,63.50,20.778
68062,16233,63.50,20.778
68071,32893,63.50,20.778
68072,16233,63.50,20.778
68080,32893,63.50,20.778
68082,16233,63.50,20.778
68090,32893,63.50,20.778
68092,16233,63.50,20.778
68100,32893,63.50,20.778
68102,16233,63.50,20.778
68111,32893,63.50,20.778
68112,16233,63.50,20.778
68121,32893,63.50,20.778
68122,16233,63.50,20.778
68130,32893,63.50,20.778
68132,16233,63.50,20.778
68140,32893,63.50,20.778
68142,16233,63.50,20.778
68150,32893,63.50,20.778
68152,16233,63.50,20.778
68161,32893,63.50,20.778
68162,16233,63.50,20.778
68170,32893,63.50,20.778
68172,16233,63.50,20.778
68181,32893,63.50,20.778
68182,16233,63.50,20.778
68190,32893,63.50,20.778
68192,16233,63.50,20.778
68201,32893,63.50,20.778
68202,16233,63.50,20.778
68210,32893,63.50,20.778
68212,16233,63.50,20.778
68221,32893,63.50,20.778
68222,16233,63.50,20.778
68231,32893,63.50,20.778
68232,16233,63.50,20.778
68241,32893,63.50,20.778
68243,16233,63.50,20.778
68251,32893,63.50,20.778
68252,16233,63.50,20.778
68260,32893,63.50,20.778
68262,16233,63.50,20.778
68271,32893,63.50,20.778
68272,16233,63.50,20.778
68280,32893,63.50,20.778
68282,16233,63.50,20.778
68291,32893,63.50,20.778
68292,16233,63.50,20.778
68300,32893,63.50,20.778
68302,16233,63.50,20.778
68310,32893,63.50,20.778
68312,16233,63.50,20.778
68321,32893,63.50,20.778
68322,16233,63.50,20.778
68331,32893,63.50,20.778
68332,16233,63.50,20.778
68341,32893,63.50,20.778
68342,16233,63.50,20.778
68350,32893,63.50,20.778
68352,16233,63.50,20.778
68360,32893,63.50,20.778
68362,16233,63.50,20.778
68371,32893,63.50,20.778
68372,16233,63.50,20.778
68380,32893,63.50,20.778
68382,16233,63.50,20.778
68390,32893,63.50,20.778
68392,16233,63.50,20.778
68401,32893,63.50,20.778
68403,16233,63.50,20.778
68411,32893,63.50,20.778
68412,16233,63.50,20.778
68421,32893,63.50,20.778
68422,16233,63.50,20.778
68431,32893,63.50,20.778
68432,16233,63.50,20.778
68440,32893,63.50,20.778
68443,16233,63.50,20.778
68451,32893,63.50,20.778
68452,16233,63.50,20.778
68460,32893,63.50,20.778
68462,16233,63.50,20.778
68470,32893,63.50,20.778
68473,16233,63.50,20.778
68480,32893,63.50,20.778
68482,16233,63.50,20.778
68490,32893,63.50,20.778
68492,16233,63.50,20.778
68501,32893,63.50,20.778
68502,16233,63.50,20.778
68511,32893,63.50,20.778
68512,16233,63.50,20.778
68520,32893,63.50,20.778
68522,16233,63.50,20.778
68530,32893,63.50,20.778
68532,16233,63.50,20.778
68541,32893,63.50,20.778
68542,16233,63.50,20.778
68550,32893,63.50,20.778
68552,16233,63.50,20.778
68561,32893,63.50,20.778
68562,16233,63.50,20.778
68571,32893,63.50,20.778
68572,16233,63.50,20.778
68581,32893,63.50,20.778
68582,16233,63.50,20.778
68591,32893,63.50,20.778
68592,16233,63.50,20.778
68601,32893,63.50,20.778
68602,16233,63.50,20.778
68612,32893,63.50,20.778
68612,16233,63.50,20.778
68621,32893,63.50,20.778
68622,16233,63.50,20.778
68631,32893,63.50,20.778
68632,16233,63.50,20.778
68640,32893,63.50,20.778
68642,16233,63.50,20.778
68651,32893,63.50,20.778
68652,16233,63.50,20.778
68660,32893,63.50,20.778
68662,16233,63.50,20.778
68670,32893,63.50,20.778
68672,16233,63.50,20.778
68681,32893,63.50,20.778
68682,16233,63.50,20.778
68691,32893,63.50,20.778
68692,16233,63.50,20.778
68701,32893,63.50,20.778
68702,16233,63.50,20.778
68711,32893,63.50,20.778
68712,16233,63.50,20.778
68721,32893,63.50,20.778
68722,16233,63.50,20.778
68731,32893,63.50,20.778
68732,16233,63.50,20.778
68740,32893,63.50,20.778
68743,16233,63.50,20.778
68750,32893,63.50,20.778
68752,16233,63.50,20.778
68761,32893,63.50,20.778
68762,16233,63.50,20.778
68770,32893,63.50,20.778
68772,16233,63.50,20.778
68780,32893,63.50,20.778
68782,16233,63.50,20.778
68790,32893,63.50,20.778
68792,16233,63.50,20.778
68800,32893,63.50,20.778
68802,16233,63.50,20.778
68810,32893,63.50,20.778
68812,16233,63.50,20.778
68821,32893,63.50,20.778
68823,16233,63.50,20.778
68830,32893,63.50,20.778
68833,16233,63.50,20.778
68841,32893,63.50,20.778
68842,16233,63.50,20.778
68851,32893,63.50,20.778
68852,16233,63.50,20.778
68860,32893,63.50,20.778
68862,16233,63.50,20.778
68870,32893,63.50,20.778
68872,16233,63.50,20.778
68880,32893,63.50,20.778
68882,16233,63.50,20.778
68890,32893,63.50,20.778
68892,16233,63.50,20.778
68901,32893,63.50,20.778
68903,16233,63.50,20.778
68910,32893,63.50,20.778
68912,16233,63.50,20.778
68921,32893,63.50,20.778
68922,16233,63.50,20.778
68930,32893,63.50,20.778
68932,16233,63.50,20.778
68940,32893,63.50,20.778
68942,16233,63.50,20.778
68951,32893,63.50,20.778
68953,16233,63.50,20.778
68961,32893,63.50,20.778
68962,16233,63.50,20.778
68971,32893,63.50,20.778
68972,16233,63.50,20.778
68980,32893,63.50,20.778
68983,16233,63.50,20.778
68991,32893,63.50,20.778
68992,16233,63.50,20.778
69001,32893,63.50,20.778
69002,16233,63.50,20.778
69010,32893,63.50,20.778
69012,16233,63.50,20.778
69021,32893,63.50,20.778
69022,16233,63.50,20.778
69031,32893,63.50,20.778
69035,16233,63.50,20.778
69041,32893,63.50,20.778
69042,16233,63.50,20.778
69050,32893,63.50,20.778
69052,16233,63.50,20.778
69061,32893,63.50,20.778
69063,16233,63.50,20.778
69071,32893,63.50,20.778
69073,16233,63.50,20.778
69080,32893,63.50,20.778
69082,16233,63.50,20.778
69091,32893,63.50,20.778
69093,16233,63.50,20.778
69101,32893,63.50,20.778
69103,16233,63.50,20.778
69110,32893,63.50,20.778
69112,16233,63.50,20.778
69120,32893,63.50,20.778
69122,16233,63.50,20.778
69131,32893,63.50,20.778
69132,16233,63.50,20.778
69141,32893,63.50,20.778
69142,16233,63.50,20.778
69151,32893,63.50,20.778
69153,16233,63.50,20.778
69161,32893,63.50,20.778
69162,16233,63.50,20.778
69171,32893,63.50,20.778
69172,16233,63.50,20.778
69181,32893,63.50,20.778
69182,16233,63.50,20.778
69191,32893,63.50,20.778
69192,16233,63.50,20.778
69201,32893,63.50,20.778
69202,16233,63.50,20.778
69211,32893,63.50,20.778
69212,16233,63.50,20.778
69221,32893,63.50,20.778
69222,16233,63.50,20.778
69231,32893,63.50,20.778
69232,16233,63.50,20.778
69240,32893,63.50,20.778
69242,16233,63.50,20.778
69251,32893,63.50,20.778
69253,16233,63.50,20.778
69261,32893,63.50,20.778
69262,16233,63.50,20.778
69271,32893,63.50,20.778
69272,16233,63.50,20.778
69281,32893,63.50,20.778
69282,16233,63.50,20.778
69290,32893,63.50,20.778
69292,16233,63.50,20.778
69300,32893,63.50,20.778
69303,16233,63.50,20.778
69310,32893,63.50,20.778
69312,16233,63.50,20.778
69320,32893,63.50,20.778
69322,16233,63.50,20.778
69331,32893,63.50,20.778
69333,16233,63.50,20.778
69341,32893,63.50,20.778
69342,16233,63.50,20.778
69350,32893,63.50,20.778
69352,16233,63.50,20.778
69361,32893,63.50,20.778
69362,16233,63.50,20.778
69371,32893,63.50,20.778
69372,16233,63.50,20.778
69381,32893,63.50,20.778
69382,16233,63.50,20.778
69391,32893,63.50,20.778
69392,16233,63.50,20.778
69401,32893,63.50,20.778
69402,16233,63.50,20.778
69410,32893,63.50,20.778
69412,16233,63.50,20.778
69421,32893,63.50,20.778
69422,16233,63.50,20.778
69431,32893,63.50,20.778
69432,16233,63.50,20.778
69441,32893,63.50,20.778
69442,16233,63.50,20.778
69451,32893,63.50,20.778
69452,16233,63.50,20.778
69460,32893,63.50,20.778
69462,16233,63.50,20.778
69470,32893,63.50,20.778
69472,16233,63.50,20.778
69481,32893,63.50,20.778
69482,16233,63.50,20.778
69490,32893,63.50,20.778
69492,16233,63.50,20.778
69500,32893,63.50,20.778
69502,16233,63.50,20.778
69511,32893,63.50,20.778
69512,16233,63.50,20.778
69520,32893,63.50,20.778
69522,16233,63.50,20.778
69530,32893,63.50,20.778
69532,16233,63.50,20.778
69540,32893,63.50,20.778
69542,16233,63.50,20.778
69551,32893,63.50,20.778
69552,16233,63.50,20.778
69560,32893,63.50,20.778
69562,16233,63.50,20.778
69571,32893,63.50,20.778
69572,16233,63.50,20.778
69580,32893,63.50,20.778
69582,16233,63.50,20.778
69591,32893,63.50,20.778
69592,16233,63.50,20.778
69601,32893,63.50,20.778
69603,16233,63.50,20.778
69611,32893,63.50,20.778
69612,16233,63.50,20.778
69621,32893,63.50,20.778
69622,16233,63.50,20.778
69631,32893,63.50,20.778
69632,16233,63.50,20.778
69641,32893,63.50,20.778
69642,16233,63.50,20.778
69651,32893,63.50,20.778
69653,16233,63.50,20.778
69661,32893,63.50,20.778
69662,16233,63.50,20.778
69671,32893,63.50,20.778
69672,16233,63.50,20.778
69680,32893,63.50,20.778
69682,16233,63.50,20.778
69691,32893,63.50,20.778
69692,16233,63.50,20.778
69701,32893,63.50,20.778
69703,16233,63.50,20.778
69711,32893,63.50,20.778
69712,16233,63.50,20.778
69721,32893,63.50,20.778
69722,16233,63.50,20.778
69731,32893,63.50,20.778
69732,16233,63.50,20.778
69741,32893,63.50,20.778
69742,16233,63.50,20.778
69750,32893,63.50,20.778
69752,16233,63.50,20.778
69760,32893,63.50,20.778
69762,16233,63.50,20.778
69771,32893,63.50,20.778
69772,16233,63.50,20.778
69781,32893,63.50,20.778
69782,16233,63.50,20.778
69790,32893,63.50,20.778
69792,16233,63.50,20.778
69801,32893,63.50,20.778
69802,16233,63.50,20.778
69810,32893,63.50,20.778
69812,16233,63.50,20.778
69820,32893,63.50,20.778
69822,16233,63.50,20.778
69830,32893,63.50,20.778
69832,16233,63.50,20.778
69840,32893,63.50,20.778
69842,16233,63.50,20.778
69851,32893,63.50,20.778
69852,16233,63.50,20.778
69860,32893,63.50,20.778
69862,16233,63.50,20.778
69870,32893,63.50,20.778
69872,16233,63.50,20.778
69880,32893,63.50,20.778
69882,16233,63.50,20.778
69891,32893,63.50,20.778
69892,16233,63.50,20.778
69901,32893,63.50,20.778
69902,16233,63.50,20.778
69911,32893,63.50,20.778
69912,16233,63.50,20.778
69921,32893,63.50,20.778
69922,16233,63.50,20.778
69930,32893,63.50,20.778
69932,16233,63.50,20.778
69940,32893,63.50,20.778
69942,16233,63.50,20.778
69950,32893,63.50,20.778
69952,16233,63.50,20.778
69960,32893,63.50,20.778
69962,16233,63.50,20.778
69970,32893,63.50,20.778
69972,16233,63.50,20.778
69980,32893,63.50,20.778
69982,16233,63.50,20.778
69990,32893,63.50,20.778
69992,16233,63.50,20.778
70001,32893,63.50,20.778
70003,16233,63.50,20.778
70010,32893,63.50,20.778
70012,16233,63.50,20.778
70021,32893,63.50,20.778
70022,16233,63.50,20.778
70031,32893,63.50,20.778
70033,16233,63.50,20.778
70041,32893,63.50,20.778
70042,16233,63.50,20.778
70050,32893,63.50,20.778
70052,16233,63.50,20.778
70060,32893,63.50,20.778
70062,16233,63.50,20.778
70070,32893,63.50,20.778
70072,16233,63.50,20.778
70081,32893,63.50,20.778
70082,16233,63.50,20.778
70090,32893,63.50,20.778
70092,16233,63.50,20.778
70100,32893,63.50,20.778
70102,16233,63.50,20.778
70111,32893,63.50,20.778
70112,16233,63.50,20.778
70120,32893,63.50,20.778
70122,16233,63.50,20.778
70130,32893,63.50,20.778
70132,16233,63.50,20.778
70141,32893,63.50,20.778
70142,16233,63.50,20.778
70150,32893,63.50,20.778
70152,16233,63.50,20.778
70161,32893,63.50,20.778
70162,16233,63.50,20.778
70170,32893,63.50,20.778
70172,16233,63.50,20.778
70181,32893,63.50,20.778
70182,16233,63.50,20.778
70190,32893,63.50,20.778
70192,16233,63.50,20.778
70200,32893,63.50,20.778
70202,16233,63.50,20.778
70210,32893,63.50,20.778
70212,16233,63.50,20.778
70220,32893,63.50,20.778
70223,16233,63.50,20.778
70231,32893,59.00,19.305
70232,16233,63.50,20.778
70241,32893,59.00,19.305
70242,16233,63.50,20.778
70251,32893,59.00,19.305
70252,16233,63.50,20.778
70261,32893,59.00,19.305
70262,16233,63.50,20.778
70270,32893,59.00,19.305
70272,16233,63.50,20.778
70281,32893,59.00,19.305
70285,16233,63.50,20.778
70290,32893,59.00,19.305
70293,16233,63.50,20.778
70301,32893,59.00,19.305
70302,16233,63.50,20.778
70311,32893,59.00,19.305
70312,16233,63.50,20.778
70320,32893,59.00,19.305
70322,16233,63.50,20.778
70330,32893,59.00,19.305
70332,16233,63.50,20.778
70341,32893,59.00,19.305
70342,16233,63.50,20.778
70350,32893,59.00,19.305
70352,16233,63.50,20.778
70361,32893,59.00,19.305
70362,16233,63.50,20.778
70370,32893,59.00,19.305
70372,16233,63.50,20.778
70381,32893,59.00,19.305
70382,16233,63.50,20.778
70390,32893,59.00,19.305
70392,16233,63.50,20.778
70400,32893,59.00,19.305
70402,16233,63.50,20.778
70411,32893,59.00,19.305
70412,16233,63.50,20.778
70420,32893,59.00,19.305
70422,16233,63.50,20.778
70430,32893,59.00,19.305
70433,16233,63.50,20.778
70441,32893,59.00,19.305
70443,16233,63.50,20.778
70451,32893,59.00,19.305
70453,16233,63.50,20.778
70460,32893,59.00,19.305
70462,16233,63.50,20.778
70471,32893,59.00,19.305
70473,16233,63.50,20.778
70480,32893,59.00,19.305
70482,16233,63.50,20.778
70490,32893,59.00,19.305
70492,16233,63.50,20.778
70501,32893,59.00,19.305
70502,16233,63.50,20.778
70510,32893,59.00,19.305
70512,16233,63.50,20.778
70520,32893,59.00,19.305
70523,16233,63.50,20.778
70530,32893,59.00,19.305
70532,16233,63.50,20.778
70541,32893,59.00,19.305
70542,16233,63.50,20.778
70551,32893,59.00,19.305
70552,16233,63.50,20.778
70560,32893,59.00,19.305
70562,16233,63.50,20.778
70571,32893,59.00,19.305
70572,16233,63.50,20.778
70581,32893,59.00,19.305
70582,16233,63.50,20.778
70591,32893,59.00,19.305
70592,16233,63.50,20.778
70601,32893,59.00,19.305
70602,16233,63.50,20.778
70610,32893,59.00,19.305
70612,16233,63.50,20.778
70620,32893,59.00,19.305
70623,16233,63.50,20.778
70630,32893,59.00,19.305
70632,16233,63.50,20.778
70641,32893,59.00,19.305
70642,16233,63.50,20.778
70651,32893,59.00,19.305
70652,16233,63.50,20.778
70661,32893,59.00,19.305
70662,16233,63.50,20.778
70671,32893,59.00,19.305
70672,16233,63.50,20.778
70680,32893,59.00,19.305
70682,16233,63.50,20.778
70691,32893,59.00,19.305
70692,16233,63.50,20.778
70701,32893,59.00,19.305
70702,16233,63.50,20.778
70711,32893,59.00,19.305
70712,16233,63.50,20.778
70721,32893,59.00,19.305
70722,16233,63.50,20.778
70730,32893,59.00,19.305
70732,16233,63.50,20.778
70741,32893,59.00,19.305
70742,16233,63.50,20.778
70751,32893,59.00,19.305
70752,16233,63.50,20.778
70760,32893,59.00,19.305
70762,16233,63.50,20.778
70771,32893,59.00,19.305
70772,16233,63.50,20.778
70780,32893,59.00,19.305
70783,16233,63.50,20.778
70791,32893,59.00,19.305
70793,16233,63.50,20.778
70801,32893,59.00,19.305
70802,16233,63.50,20.778
70810,32893,59.00,19.305
70812,16233,63.50,20.778
70820,32893,59.00,19.305
70822,16233,63.50,20.778
70830,32893,59.00,19.305
70832,16233,63.50,20.778
70840,32893,59.00,19.305
70843,16233,63.50,20.778
70851,32893,59.00,19.305
70852,16233,63.50,20.778
70860,32893,59.00,19.305
70862,16233,63.50,20.778
70870,32893,59.00,19.305
70872,16233,63.50,20.778
70880,32893,59.00,19.305
70882,16233,63.50,20.778
70891,32893,59.00,19.305
70892,16233,63.50,20.778
70902,32893,59.00,19.305
70902,16233,63.50,20.778
70911,32893,59.00,19.305
70912,16233,63.50,20.778
70920,32893,59.00,19.305
70922,16233,63.50,20.778
70930,32893,59.00,19.305
70932,16233,63.50,20.778
70941,32893,59.00,19.305
70942,16233,63.50,20.778
70951,32893,59.00,19.305
70953,16233,63.50,20.778
70961,32893,59.00,19.305
70962,16233,63.50,20.778
70971,32893,59.00,19.305
70972,16233,63.50,20.778
70981,32893,59.00,19.305
70982,16233,63.50,20.778
70990,32893,59.00,19.305
70992,16233,63.50,20.778
71001,32893,59.00,19.305
71003,16233,63.50,20.778
71011,32893,59.00,19.305
71012,16233,63.50,20.778
71020,32893,59.00,19.305
71022,16233,63.50,20.778
71032,32893,59.00,19.305
71033,16233,63.50,20.778
71041,32893,59.00,19.305
71042,16233,63.50,20.778
71051,32893,59.00,19.305
71052,16233,63.50,20.778
71061,32893,59.00,19.305
71063,16233,63.50,20.778
71071,32893,59.00,19.305
71072,16233,63.50,20.778
71081,32893,59.00,19.305
71082,16233,63.50,20.778
71090,32893,59.00,19.305
71092,16233,63.50,20.778
71101,32893,59.00,19.305
71102,16233,63.50,20.778
71111,32893,59.00,19.305
71112,16233,63.50,20.778
71120,32893,59.00,19.305
71122,16233,63.50,20.778
71131,32893,59.00,19.305
71132,16233,63.50,20.778
71140,32893,59.00,19.305
71143,16233,63.50,20.778
71150,32893,59.00,19.305
71152,16233,63.50,20.778
71160,32893,59.00,19.305
71162,16233,63.50,20.778
71171,32893,59.00,19.305
71172,16233,63.50,20.778
71181,32893,59.00,19.305
71182,16233,63.50,20.778
71191,32893,59.00,19.305
71193,16233,63.50,20.778
71201,32893,59.00,19.305
71203,16233,63.50,20.778
71211,32893,59.00,19.305
71212,16233,63.50,20.778
71221,32893,59.00,19.305
71223,16233,63.50,20.778
71231,32893,59.00,19.305
71232,16233,63.50,20.778
71240,32893,59.00,19.305
71242,16233,63.50,20.778
71250,32893,59.00,19.305
71252,16233,63.50,20.778
71260,32893,59.00,19.305
71262,16233,63.50,20.778
71270,32893,59.00,19.305
71272,16233,63.50,20.778
71280,32893,59.00,19.305
71282,16233,63.50,20.778
71291,32893,59.00,19.305
71292,16233,63.50,20.778
71301,32893,59.00,19.305
71302,16233,63.50,20.778
71311,32893,59.00,19.305
71312,16233,63.50,20.778
71320,32893,59.00,19.305
71323,16233,63.50,20.778
71331,32893,59.00,19.305
71332,16233,63.50,20.778
71341,32893,59.00,19.305
71342,16233,63.50,20.778
71351,32893,59.00,19.305
71352,16233,63.50,20.778
71362,32893,59.00,19.305
71363,16233,63.50,20.778
71371,32893,59.00,19.305
71373,16233,63.50,20.778
71381,32893,59.00,19.305
71382,16233,63.50,20.778
71390,32893,59.00,19.305
71393,16233,63.50,20.778
71401,32893,59.00,19.305
71402,16233,63.50,20.778
71410,32893,59.00,19.305
71412,16233,63.50,20.778
71420,32893,59.00,19.305
71423,16233,63.50,20.778
71431,32893,59.00,19.305
71432,16233,63.50,20.778
71440,32893,59.00,19.305
71443,16233,63.50,20.778
71451,32893,59.00,19.305
71452,16233,63.50,20.778
71460,32893,59.00,19.305
71462,16233,63.50,20.778
71471,32893,59.00,19.305
71472,16233,63.50,20.778
71480,32893,59.00,19.305
71482,16233,63.50,20.778
71490,32893,59.00,19.305
71492,16233,63.50,20.778
71500,32893,59.00,19.305
71502,16233,63.50,20.778
71510,32893,59.00,19.305
71512,16233,63.50,20.778
71520,32893,59.00,19.305
71522,16233,63.50,20.778
71530,32893,59.00,19.305
71532,16233,63.50,20.778
71541,32893,59.00,19.305
71543,16233,63.50,20.778
71551,32893,59.00,19.305
71552,16233,63.50,20.778
71561,32893,59.00,19.305
71562,16233,63.50,20.778
71570,32893,59.00,19.305
71573,16233,63.50,20.778
71581,32893,59.00,19.305
71582,16233,63.50,20.778
71590,32893,59.00,19.305
71592,16233,63.50,20.778
71600,32893,59.00,19.305
71602,16233,63.50,20.778
71610,32893,59.00,19.305
71612,16233,63.50,20.778
71621,32893,59.00,19.305
71622,16233,63.50,20.778
71631,32893,59.00,19.305
71632,16233,63.50,20.778
71641,32893,59.00,19.305
71643,16233,63.50,20.778
71651,32893,59.00,19.305
71652,16233,63.50,20.778
71660,32893,59.00,19.305
71662,16233,63.50,20.778
71671,32893,59.00,19.305
71673,16233,63.50,20.778
71680,32893,59.00,19.305
71683,16233,63.50,20.778
71690,32893,59.00,19.305
71692,16233,63.50,20.778
71700,32893,59.00,19.305
71702,16233,63.50,20.778
71710,32893,59.00,19.305
71712,16233,63.50,20.778
71720,32893,59.00,19.305
71722,16233,63.50,20.778
71731,32893,59.00,19.305
71732,16233,63.50,20.778
71740,32893,59.00,19.305
71742,16233,63.50,20.778
71750,32893,59.00,19.305
71752,16233,63.50,20.778
71761,32893,59.00,19.305
71762,16233,63.50,20.778
71770,32893,59.00,19.305
71772,16233,63.50,20.778
71780,32893,59.00,19.305
71782,16233,63.50,20.778
71790,32893,59.00,19.305
71792,16233,63.50,20.778
71800,32893,59.00,19.305
71802,16233,63.50,20.778
71810,32893,59.00,19.305
71812,16233,63.50,20.778
71820,32893,59.00,19.305
71822,16233,63.50,20.778
71830,32893,59.00,19.305
71832,16233,63.50,20.778
71840,32893,59.00,19.305
71842,16233,63.50,20.778
71850,32893,59.00,19.305
71852,16233,63.50,20.778
71860,32893,59.00,19.305
71862,16233,63.50,20.778
71870,32893,59.00,19.305
71872,16233,63.50,20.778
71880,32893,59.00,19.305
71883,16233,63.50,20.778
71890,32893,59.00,19.305
71893,16233,63.50,20.778
71900,32893,59.00,19.305
71902,16233,63.50,20.778
71910,32893,59.00,19.305
71912,16233,63.50,20.778
71920,32893,59.00,19.305
71922,16233,63.50,20.778
71930,32893,59.00,19.305
71932,16233,63.50,20.778
71941,32893,59.00,19.305
71942,16233,63.50,20.778
71951,32893,59.00,19.305
71952,16233,63.50,20.778
71961,32893,59.00,19.305
71962,16233,63.50,20.778
71970,32893,59.00,19.305
71972,16233,63.50,20.778
71980,32893,59.00,19.305
71982,16233,63.50,20.778
71990,32893,59.00,19.305
71992,16233,63.50,20.778
72001,32893,59.00,19.305
72002,16233,63.50,20.778
72011,32893,59.00,19.305
72012,16233,63.50,20.778
72020,32893,59.00,19.305
72022,16233,63.50,20.778
72031,32893,59.00,19.305
72033,16233,63.50,20.778
72041,32893,59.00,19.305
72042,16233,63.50,20.778
72050,32893,59.00,19.305
72052,16233,63.50,20.778
72060,32893,59.00,19.305
72062,16233,63.50,20.778
72071,32893,59.00,19.305
72072,16233,63.50,20.778
72080,32893,59.00,19.305
72082,16233,63.50,20.778
72091,32893,59.00,19.305
72092,16233,63.50,20.778
72101,32893,59.00,19.305
72102,16233,63.50,20.778
72110,32893,59.00,19.305
72112,16233,63.50,20.778
72121,32893,59.00,19.305
72122,16233,63.50,20.778
72130,32893,59.00,19.305
72132,16233,63.50,20.778
72140,32893,59.00,19.305
72142,16233,63.50,20.778
72150,32893,59.00,19.305
72152,16233,63.50,20.778
72160,32893,59.00,19.305
72162,16233,63.50,20.778
72170,32893,59.00,19.305
72172,16233,63.50,20.778
72181,32893,59.00,19.305
72182,16233,63.50,20.778
72190,32893,59.00,19.305
72192,16233,63.50,20.778
72201,32893,59.00,19.305
72202,16233,63.50,20.778
72210,32893,59.00,19.305
72212,16233,63.50,20.778
72220,32893,59.00,19.305
72222,16233,63.50,20.778
72230,32893,59.00,19.305
72232,16233,63.50,20.778
72241,32893,59.00,19.305
72242,16233,63.50,20.778
72250,32893,59.00,19.305
72252,16233,63.50,20.778
72261,32893,59.00,19.305
72262,16233,63.50,20.778
72271,32893,59.00,19.305
72273,16233,63.50,20.778
72281,32893,59.00,19.305
72283,16233,63.50,20.778
72290,32893,59.00,19.305
72292,16233,63.50,20.778
72300,32893,59.00,19.305
72302,16233,63.50,20.778
72311,32893,59.00,19.305
72312,16233,63.50,20.778
72321,32893,59.00,19.305
72322,16233,63.50,20.778
72331,32893,59.00,19.305
72333,16233,63.50,20.778
72341,32893,59.00,19.305
72342,16233,63.50,20.778
72351,32893,59.00,19.305
72352,16233,63.50,20.778
72361,32893,59.00,19.305
72362,16233,63.50,20.778
72370,32893,59.00,19.305
72373,16233,63.50,20.778
72381,32893,59.00,19.305
72382,16233,63.50,20.778
72391,32893,59.00,19.305
72392,16233,63.50,20.778
72400,32893,59.00,19.305
72402,16233,63.50,20.778
72410,32893,59.00,19.305
72412,16233,63.50,20.778
72421,32893,59.00,19.305
72422,16233,63.50,20.778
72430,32893,59.00,19.305
72432,16233,63.50,20.778
72440,32893,59.00,19.305
72442,16233,63.50,20.778
72451,32893,59.00,19.305
72452,16233,63.50,20.778
72461,32893,59.00,19.305
72462,16233,63.50,20.778
72471,32893,59.00,19.305
72472,16233,63.50,20.778
72481,32893,59.00,19.305
72482,16233,63.50,20.778
72490,32893,59.00,19.305
72493,16233,63.50,20.778
72501,32893,59.00,19.305
72502,16233,63.50,20.778
72510,32893,59.00,19.305
72512,16233,63.50,20.778
72521,32893,59.00,19.305
72522,16233,63.50,20.778
72531,32893,59.00,19.305
72532,16233,63.50,20.778
72541,32893,59.00,19.305
72542,16233,63.50,20.778
72551,32893,59.00,19.305
72552,16233,63.50,20.778
72561,32893,59.00,19.305
72563,16233,63.50,20.778
72571,32893,59.00,19.305
72572,16233,63.50,20.778
72581,32893,59.00,19.305
72582,16233,63.50,20.778
72591,32893,59.00,19.305
72592,16233,63.50,20.778
72601,32893,59.00,19.305
72602,16233,63.50,20.778
72611,32893,59.00,19.305
72613,16233,63.50,20.778
72621,32893,59.00,19.305
72623,16233,63.50,20.778
72630,32893,59.00,19.305
72632,16233,63.50,20.778
72640,32893,59.00,19.305
72642,16233,63.50,20.778
72651,32893,59.00,19.305
72652,16233,63.50,20.778
72661,32893,59.00,19.305
72662,16233,63.50,20.778
72671,32893,59.00,19.305
72672,16233,63.50,20.778
72680,32893,59.00,19.305
72682,16233,63.50,20.778
72691,32893,59.00,19.305
72692,16233,63.50,20.778
72701,32893,59.00,19.305
72702,16233,63.50,20.778
72710,32893,59.00,19.305
72712,16233,63.50,20.778
72721,32893,59.00,19.305
72722,16233,63.50,20.778
72730,32893,59.00,19.305
72732,16233,63.50,20.778
72740,32893,59.00,19.305
72742,16233,63.50,20.778
72751,32893,59.00,19.305
72752,16233,63.50,20.778
72760,32893,59.00,19.305
72762,16233,63.50,20.778
72770,32893,59.00,19.305
72772,16233,63.50,20.778
72781,32893,59.00,19.305
72782,16233,63.50,20.778
72790,32893,59.00,19.305
72793,16233,63.50,20.778
72801,32893,59.00,19.305
72803,16233,63.50,20.778
72810,32893,59.00,19.305
72812,16233,63.50,20.778
72820,32893,59.00,19.305
72822,16233,63.50,20.778
72831,32893,59.00,19.305
72832,16233,63.50,20.778
72841,32893,59.00,19.305
72843,16233,63.50,20.778
72851,32893,59.00,19.305
72852,16233,63.50,20.778
72860,32893,59.00,19.305
72862,16233,63.50,20.778
72871,32893,59.00,19.305
72872,16233,63.50,20.778
72881,32893,59.00,19.305
72882,16233,63.50,20.778
72890,32893,59.00,19.305
72892,16233,63.50,20.778
72900,32893,59.00,19.305
72902,16233,63.50,20.778
72911,32893,59.00,19.305
72912,16233,63.50,20.778
72920,32893,59.00,19.305
72923,16233,63.50,20.778
72930,32893,59.00,19.305
72932,16233,63.50,20.778
72940,32893,59.00,19.305
72942,16233,63.50,20.778
72951,32893,59.00,19.305
72953,16233,63.50,20.778
72961,32893,59.00,19.305
72962,16233,63.50,20.778
72971,32893,59.00,19.305
72972,16233,63.50,20.778
72981,32893,59.00,19.305
72982,16233,63.50,20.778
72991,32893,59.00,19.305
72993,16233,63.50,20.778
73000,32893,59.00,19.305
73002,16233,63.50,20.778
73011,32893,59.00,19.305
73012,16233,63.50,20.778
73021,32893,59.00,19.305
73022,16233,63.50,20.778
73031,32893,59.00,19.305
73032,16233,63.50,20.778
73041,32893,59.00,19.305
73042,16233,63.50,20.778
73051,32893,59.00,19.305
73052,16233,63.50,20.778
73060,32893,59.00,19.305
73062,16233,63.50,20.778
73070,32893,59.00,19.305
73072,16233,63.50,20.778
73081,32893,59.00,19.305
73082,16233,63.50,20.778
73090,32893,59.00,19.305
73092,16233,63.50,20.778
73100,32893,59.00,19.305
73102,16233,63.50,20.778
73111,32893,59.00,19.305
73113,16233,63.50,20.778
73121,32893,59.00,19.305
73122,16233,63.50,20.778
73131,32893,59.00,19.305
73132,16233,63.50,20.778
73141,32893,59.00,19.305
73143,16233,63.50,20.778
73150,32893,59.00,19.305
73152,16233,63.50,20.778
73160,32893,59.00,19.305
73163,16233,63.50,20.778
73170,32893,59.00,19.305
73172,16233,63.50,20.778
73181,32893,59.00,19.305
73182,16233,63.50,20.778
73190,32893,59.00,19.305
73192,16233,63.50,20.778
73200,32893,59.00,19.305
73202,16233,63.50,20.778
73211,32893,59.00,19.305
73212,16233,63.50,20.778
73221,32893,59.00,19.305
73222,16233,63.50,20.778
73231,32893,59.00,19.305
73232,16233,63.50,20.778
73240,32893,59.00,19.305
73242,16233,63.50,20.778
73251,32893,59.00,19.305
73252,16233,63.50,20.778
73260,32893,59.00,19.305
73262,16233,63.50,20.778
73270,32893,59.00,19.305
73272,16233,63.50,20.778
73281,32893,59.00,19.305
73283,16233,63.50,20.778
73290,32893,59.00,19.305
73292,16233,63.50,20.778
73300,32893,59.00,19.305
73302,16233,63.50,20.778
73311,32893,59.00,19.305
73312,16233,63.50,20.778
73321,32893,59.00,19.305
73322,16233,63.50,20.778
73330,32893,59.00,19.305
73332,16233,63.50,20.778
73341,32893,59.00,19.305
73342,16233,63.50,20.778
73350,32893,59.00,19.305
73352,16233,63.50,20.778
73360,32893,59.00,19.305
73362,16233,63.50,20.778
73371,32893,59.00,19.305
73373,16233,63.50,20.778
73380,32893,59.00,19.305
73382,16233,63.50,20.778
73390,32893,59.00,19.305
73392,16233,63.50,20.778
73400,32893,59.00,19.305
73402,16233,63.50,20.778
73411,32893,59.00,19.305
73412,16233,63.50,20.778
73421,32893,59.00,19.305
73422,16233,63.50,20.778
73431,32893,59.00,19.305
73432,16233,63.50,20.778
73441,32893,59.00,19.305
73442,16233,63.50,20.778
73450,32893,59.00,19.305
73452,16233,63.50,20.778
73460,32893,59.00,19.305
73462,16233,63.50,20.778
73470,32893,59.00,19.305
73472,16233,63.50,20.778
73480,32893,59.00,19.305
73482,16233,63.50,20.778
73491,32893,59.00,19.305
73493,16233,63.50,20.778
73501,32893,59.00,19.305
73502,16233,63.50,20.778
73511,32893,59.00,19.305
73512,16233,63.50,20.778
73521,32893,59.00,19.305
73522,16233,63.50,20.778
73531,32893,59.00,19.305
73532,16233,63.50,20.778
73541,32893,59.00,19.305
73542,16233,63.50,20.778
73550,32893,59.00,19.305
73552,16233,63.50,20.778
73560,32893,59.00,19.305
73562,16233,63.50,20.778
73571,32893,59.00,19.305
73573,16233,63.50,20.778
73581,32893,59.00,19.305
73582,16233,63.50,20.778
73590,32893,59.00,19.305
73592,16233,63.50,20.778
73601,32893,59.00,19.305
73602,16233,63.50,20.778
73611,32893,59.00,19.305
73612,16233,63.50,20.778
73620,32893,59.00,19.305
73622,16233,63.50,20.778
73630,32893,59.00,19.305
73632,16233,63.50,20.778
73641,32893,59.00,19.305
73642,16233,63.50,20.778
73651,32893,59.00,19.305
73652,16233,63.50,20.778
73661,32893,59.00,19.305
73662,16233,63.50,20.778
73671,32893,59.00,19.305
73672,16233,63.50,20.778
73681,32893,59.00,19.305
73682,16233,63.50,20.778
73691,32893,59.00,19.305
73692,16233,63.50,20.778
73701,32893,59.00,19.305
73702,16233,63.50,20.778
73710,32893,59.00,19.305
73712,16233,63.50,20.778
73721,32893,59.00,19.305
73722,16233,63.50,20.778
73730,32893,59.00,19.305
73732,16233,63.50,20.778
73741,32893,59.00,19.305
73742,16233,63.50,20.778
73751,32893,59.00,19.305
73752,16233,63.50,20.778
73760,32893,59.00,19.305
73762,16233,63.50,20.778
73771,32893,59.00,19.305
73772,16233,63.50,20.778
73781,32893,59.00,19.305
73782,16233,63.50,20.778
73791,32893,59.00,19.305
73792,16233,63.50,20.778
73800,32893,59.00,19.305
73803,16233,63.50,20.778
73811,32893,59.00,19.305
73812,16233,63.50,20.778
73821,32893,59.00,19.305
73822,16233,63.50,20.778
73830,32893,59.00,19.305
73832,16233,63.50,20.778
73841,32893,59.00,19.305
73842,16233,63.50,20.778
73851,32893,59.00,19.305
73852,16233,63.50,20.778
73860,32893,59.00,19.305
73862,16233,63.50,20.778
73870,32893,59.00,19.305
73872,16233,63.50,20.778
73881,32893,59.00,19.305
73882,16233,63.50,20.778
73891,32893,59.00,19.305
73893,16233,63.50,20.778
73901,32893,59.00,19.305
73902,16233,63.50,20.778
73911,32893,59.00,19.305
73912,16233,63.50,20.778
73920,32893,59.00,19.305
73922,16233,63.50,20.778
73930,32893,59.00,19.305
73932,16233,63.50,20.778
73941,32893,59.00,19.305
73942,16233,63.50,20.778
73951,32893,59.00,19.305
73952,16233,63.50,20.778
73961,32893,59.00,19.305
73963,16233,63.50,20.778
73971,32893,59.00,19.305
73973,16233,63.50,20.778
73981,32893,59.00,19.305
73983,16233,63.50,20.778
73991,32893,59.00,19.305
73992,16233,63.50,20.778
74001,32893,59.00,19.305
74002,16233,63.50,20.778
74010,32893,59.00,19.305
74012,16233,63.50,20.778
74021,32893,59.00,19.305
74023,16233,63.50,20.778
74031,32893,59.00,19.305
74032,16233,63.50,20.778
74041,32893,59.00,19.305
74042,16233,63.50,20.778
74050,32893,59.00,19.305
74052,16233,63.50,20.778
74060,32893,59.00,19.305
74062,16233,63.50,20.778
74071,32893,59.00,19.305
74072,16233,63.50,20.778
74081,32893,59.00,19.305
74082,16233,63.50,20.778
74090,32893,59.00,19.305
74093,16233,63.50,20.778
74101,32893,59.00,19.305
74102,16233,63.50,20.778
74110,32893,59.00,19.305
74112,16233,63.50,20.778
74121,32893,59.00,19.305
74122,16233,63.50,20.778
74131,32893,59.00,19.305
74132,16233,63.50,20.778
74141,32893,59.00,19.305
74142,16233,63.50,20.778
74151,32893,59.00,19.305
74152,16233,63.50,20.778
74161,32893,59.00,19.305
74162,16233,63.50,20.778
74171,32893,59.00,19.305
74173,16233,63.50,20.778
74181,32893,59.00,19.305
74182,16233,63.50,20.778
74190,32893,59.00,19.305
74192,16233,63.50,20.778
74201,32893,59.00,19.305
74202,16233,63.50,20.778
74211,32893,59.00,19.305
74212,16233,63.50,20.778
74221,32893,59.00,19.305
74222,16233,63.50,20.778
74230,32893,59.00,19.305
74232,16233,63.50,20.778
74241,32893,59.00,19.305
74242,16233,63.50,20.778
74251,32893,59.00,19.305
74252,16233,63.50,20.778
74261,32893,59.00,19.305
74262,16233,63.50,20.778
74271,32893,59.00,19.305
74272,16233,63.50,20.778
74280,32893,59.00,19.305
74282,16233,63.50,20.778
74291,32893,59.00,19.305
74292,16233,63.50,20.778
74301,32893,59.00,19.305
74303,16233,63.50,20.778
74311,32893,59.00,19.305
74313,16233,63.50,20.778
74321,32893,59.00,19.305
74322,16233,63.50,20.778
74331,32893,59.00,19.305
74332,16233,63.50,20.778
74341,32893,59.00,19.305
74343,16233,63.50,20.778
74350,32893,59.00,19.305
74352,16233,63.50,20.778
74361,32893,59.00,19.305
74362,16233,63.50,20.778
74371,32893,59.00,19.305
74373,16233,63.50,20.778
74380,32893,59.00,19.305
74382,16233,63.50,20.778
74390,32893,59.00,19.305
74392,16233,63.50,20.778
74401,32893,59.00,19.305
74403,16233,63.50,20.778
74410,32893,59.00,19.305
74412,16233,63.50,20.778
74420,32893,59.00,19.305
74423,16233,63.50,20.778
74430,32893,59.00,19.305
74433,16233,63.50,20.778
74440,32893,59.00,19.305
74442,16233,63.50,20.778
74450,32893,59.00,19.305
74452,16233,63.50,20.778
74461,32893,59.00,19.305
74462,16233,63.50,20.778
74471,32893,59.00,19.305
74473,16233,63.50,20.778
74481,32893,59.00,19.305
74482,16233,63.50,20.778
74491,32893,59.00,19.305
74492,16233,63.50,20.778
74501,32893,59.00,19.305
74502,16233,63.50,20.778
74511,32893,59.00,19.305
74512,16233,63.50,20.778
74521,32893,59.00,19.305
74522,16233,63.50,20.778
74530,32893,59.00,19.305
74532,16233,63.50,20.778
74540,32893,59.00,19.305
74543,16233,63.50,20.778
74551,32893,59.00,19.305
74552,16233,63.50,20.778
74561,32893,59.00,19.305
74562,16233,63.50,20.778
74570,32893,59.00,19.305
74572,16233,63.50,20.778
74581,32893,59.00,19.305
74582,16233,63.50,20.778
74590,32893,59.00,19.305
74592,16233,63.50,20.778
74600,32893,59.00,19.305
74602,16233,63.50,20.778
74610,32893,59.00,19.305
74612,16233,63.50,20.778
74620,32893,59.00,19.305
74622,16233,63.50,20.778
74631,32893,59.00,19.305
74632,16233,63.50,20.778
74640,32893,59.00,19.305
74642,16233,63.50,20.778
74650,32893,59.00,19.305
74652,16233,63.50,20.778
74660,32893,59.00,19.305
74662,16233,63.50,20.778
74670,32893,59.00,19.305
74672,16233,63.50,20.778
74680,32893,59.00,19.305
74682,16233,63.50,20.778
74690,32893,59.00,19.305
74692,16233,63.50,20.778
74700,32893,59.00,19.305
74702,16233,63.50,20.778
74711,32893,59.00,19.305
74712,16233,63.50,20.778
74721,32893,63.50,20.778
74722,16233,63.50,20.778
74730,32893,63.50,20.778
74732,16233,63.50,20.778
74741,32893,63.50,20.778
74742,16233,63.50,20.778
74750,32893,63.50,20.778
74752,16233,63.50,20.778
74761,32893,63.50,20.778
74762,16233,63.50,20.778
74771,32893,63.50,20.778
74772,16233,63.50,20.778
74780,32893,63.50,20.778
74782,16233,63.50,20.778
74790,32893,63.50,20.778
74792,16233,63.50,20.778
74801,32893,63.50,20.778
74802,16233,63.50,20.778
74810,32893,63.50,20.778
74812,16233,63.50,20.778
74820,32893,63.50,20.778
74822,16233,63.50,20.778
74830,32893,63.50,20.778
74832,16233,63.50,20.778
74841,32893,63.50,20.778
74843,16233,63.50,20.778
74851,32893,63.50,20.778
74853,16233,63.50,20.778
74860,32893,63.50,20.778
74862,16233,63.50,20.778
74870,32893,63.50,20.778
74872,16233,63.50,20.778
74881,32893,63.50,20.778
74882,16233,63.50,20.778
74890,32893,63.50,20.778
74892,16233,63.50,20.778
74900,32893,63.50,20.778
74902,16233,63.50,20.778
74911,32893,63.50,20.778
74912,16233,63.50,20.778
74920,32893,63.50,20.778
74923,16233,63.50,20.778
74930,32893,63.50,20.778
74933,16233,63.50,20.778
74941,32893,63.50,20.778
74942,16233,63.50,20.778
74950,32893,63.50,20.778
74953,16233,63.50,20.778
74961,32893,63.50,20.778
74963,16233,63.50,20.778
74971,32893,63.50,20.778
74972,16233,63.50,20.778
74981,32893,63.50,20.778
74982,16233,63.50,20.778
74990,32893,63.50,20.778
74992,16233,63.50,20.778
75000,32893,63.50,20.778
75002,16233,63.50,20.778
75010,32893,63.50,20.778
75012,16233,63.50,20.778
75020,32893,63.50,20.778
75022,16233,63.50,20.778
75031,32893,63.50,20.778
75033,16233,63.50,20.778
75040,32893,63.50,20.778
75042,16233,63.50,20.778
75051,32893,63.50,20.778
75052,16233,63.50,20.778
75061,32893,63.50,20.778
75062,16233,63.50,20.778
75071,32893,63.50,20.778
75072,16233,63.50,20.778
75081,32893,63.50,20.778
75082,16233,63.50,20.778
75091,32893,63.50,20.778
75092,16233,63.50,20.778
75100,32893,63.50,20.778
75102,16233,63.50,20.778
75111,32893,63.50,20.778
75113,16233,63.50,20.778
75120,32893,63.50,20.778
75122,16233,63.50,20.778
75130,32893,63.50,20.778
75132,16233,63.50,20.778
75140,32893,63.50,20.778
75142,16233,63.50,20.778
75151,32893,63.50,20.778
75152,16233,63.50,20.778
75161,32893,63.50,20.778
75163,16233,63.50,20.778
75171,32893,63.50,20.778
75172,16233,63.50,20.778
75180,32893,63.50,20.778
75182,16233,63.50,20.778
75190,32893,63.50,20.778
75192,16233,63.50,20.778
75201,32893,63.50,20.778
75202,16233,63.50,20.778
75211,32893,63.50,20.778
75212,16233,63.50,20.778
75221,32893,63.50,20.778
75222,16233,63.50,20.778
75231,32893,63.50,20.778
75232,16233,63.50,20.778
75241,32893,63.50,20.778
75242,16233,63.50,20.778
75250,32893,63.50,20.778
75252,16233,63.50,20.778
75260,32893,63.50,20.778
75262,16233,63.50,20.778
75271,32893,63.50,20.778
75272,16233,63.50,20.778
75280,32893,63.50,20.778
75282,16233,63.50,20.778
75291,32893,63.50,20.778
75292,16233,63.50,20.778
75301,32893,63.50,20.778
75302,16233,63.50,20.778
75311,32893,63.50,20.778
75312,16233,63.50,20.778
75321,32893,63.50,20.778
75322,16233,63.50,20.778
75331,32893,63.50,20.778
75332,16233,63.50,20.778
75341,32893,63.50,20.778
75342,16233,63.50,20.778
75351,32893,63.50,20.778
75352,16233,63.50,20.778
75360,32893,63.50,20.778
75362,16233,63.50,20.778
75370,32893,63.50,20.778
75373,16233,63.50,20.778
75381,32893,63.50,20.778
75382,16233,63.50,20.778
75391,32893,63.50,20.778
75392,16233,63.50,20.778
75400,32893,63.50,20.778
75402,16233,63.50,20.778
75411,32893,63.50,20.778
75412,16233,63.50,20.778
75421,32893,63.50,20.778
75422,16233,63.50,20.778
75430,32893,63.50,20.778
75433,16233,63.50,20.778
75441,32893,63.50,20.778
75442,16233,63.50,20.778
75451,32893,63.50,20.778
75453,16233,63.50,20.778
75461,32893,63.50,20.778
75462,16233,63.50,20.778
75470,32893,63.50,20.778
75472,16233,63.50,20.778
75481,32893,63.50,20.778
75482,16233,63.50,20.778
75490,32893,63.50,20.778
75492,16233,63.50,20.778
75500,32893,63.50,20.778
75502,16233,63.50,20.778
75510,32893,63.50,20.778
75512,16233,63.50,20.778
75520,32893,63.50,20.778
75522,16233,63.50,20.778
75531,32893,63.50,20.778
75533,16233,63.50,20.778
75540,32893,63.50,20.778
75542,16233,63.50,20.778
75550,32893,63.50,20.778
75552,16233,63.50,20.778
75561,32893,63.50,20.778
75562,16233,63.50,20.778
75570,32893,63.50,20.778
75572,16233,63.50,20.778
75580,32893,63.50,20.778
75583,16233,63.50,20.778
75591,32893,63.50,20.778
75593,16233,63.50,20.778
75600,32893,63.50,20.778
75602,16233,63.50,20.778
75611,32893,63.50,20.778
75612,16233,63.50,20.778
75620,32893,63.50,20.778
75622,16233,63.50,20.778
75630,32893,63.50,20.778
75632,16233,63.50,20.778
75640,32893,63.50,20.778
75642,16233,63.50,20.778
75650,32893,63.50,20.778
75652,16233,63.50,20.778
75661,32893,63.50,20.778
75662,16233,63.50,20.778
75670,32893,63.50,20.778
75672,16233,63.50,20.778
75680,32893,63.50,20.778
75682,16233,63.50,20.778
75690,32893,63.50,20.778
75693,16233,63.50,20.778
75700,32893,63.50,20.778
75702,16233,63.50,20.778
75711,32893,63.50,20.778
75712,16233,63.50,20.778
75720,32893,63.50,20.778
75722,16233,63.50,20.778
75731,32893,63.50,20.778
75732,16233,63.50,20.778
75741,32893,63.50,20.778
75742,16233,63.50,20.778
75750,32893,63.50,20.778
75752,16233,63.50,20.778
75761,32893,63.50,20.778
75762,16233,63.50,20.778
75771,32893,63.50,20.778
75772,16233,63.50,20.778
75781,32893,63.50,20.778
75782,16233,63.50,20.778
75791,32893,63.50,20.778
75793,16233,63.50,20.778
75801,32893,63.50,20.778
75802,16233,63.50,20.778
75810,32893,63.50,20.778
75812,16233,63.50,20.778
75820,32893,63.50,20.778
75822,16233,63.50,20.778
75830,32893,63.50,20.778
75832,16233,63.50,20.778
75841,32893,63.50,20.778
75843,16233,63.50,20.778
75851,32893,63.50,20.778
75852,16233,63.50,20.778
75861,32893,63.50,20.778
75863,16233,63.50,20.778
75871,32893,63.50,20.778
75872,16233,63.50,20.778
75881,32893,63.50,20.778
75882,16233,63.50,20.778
75891,32893,63.50,20.778
75892,16233,63.50,20.778
75901,32893,63.50,20.778
75903,16233,63.50,20.778
75911,32893,63.50,20.778
75912,16233,63.50,20.778
75920,32893,63.50,20.778
75922,16233,63.50,20.778
75931,32893,63.50,20.778
75932,16233,63.50,20.778
75941,32893,63.50,20.778
75942,16233,63.50,20.778
75950,32893,63.50,20.778
75952,16233,63.50,20.778
75961,32893,63.50,20.778
75962,16233,63.50,20.778
75971,32893,63.50,20.778
75972,16233,63.50,20.778
75981,32893,63.50,20.778
75983,16233,63.50,20.778
75990,32893,63.50,20.778
75992,16233,63.50,20.778
76001,32893,63.50,20.778
76002,16233,63.50,20.778
76010,32893,63.50,20.778
76012,16233,63.50,20.778
76021,32893,63.50,20.778
76022,16233,63.50,20.778
76031,32893,63.50,20.778
76032,16233,63.50,20.778
76040,32893,63.50,20.778
76042,16233,63.50,20.778
76050,32893,63.50,20.778
76052,16233,63.50,20.778
76061,32893,63.50,20.778
76062,16233,63.50,20.778
76071,32893,63.50,20.778
76072,16233,63.50,20.778
76080,32893,63.50,20.778
76082,16233,63.50,20.778
76091,32893,63.50,20.778
76092,16233,63.50,20.778
76100,32893,63.50,20.778
76102,16233,63.50,20.778
76111,32893,63.50,20.778
76112,16233,63.50,20.778
76121,32893,63.50,20.778
76122,16233,63.50,20.778
76130,32893,63.50,20.778
76132,16233,63.50,20.778
76141,32893,63.50,20.778
76142,16233,63.50,20.778
76150,32893,63.50,20.778
76152,16233,63.50,20.778
76160,32893,63.50,20.778
76162,16233,63.50,20.778
76170,32893,63.50,20.778
76172,16233,63.50,20.778
76181,32893,63.50,20.778
76182,16233,63.50,20.778
76190,32893,63.50,20.778
76192,16233,63.50,20.778
76200,32893,63.50,20.778
76202,16233,63.50,20.778
76211,32893,63.50,20.778
76212,16233,63.50,20.778
76221,32893,63.50,20.778
76222,16233,63.50,20.778
76231,32893,63.50,20.778
76232,16233,63.50,20.778
76241,32893,63.50,20.778
76242,16233,63.50,20.778
76251,32893,63.50,20.778
76252,16233,63.50,20.778
76260,32893,63.50,20.778
76263,16233,63.50,20.778
76270,32893,63.50,20.778
76272,16233,63.50,20.778
76281,32893,63.50,20.778
76282,16233,63.50,20.778
76290,32893,63.50,20.778
76292,16233,63.50,20.778
76301,32893,63.50,20.778
76302,16233,63.50,20.778
76310,32893,63.50,20.778
76312,16233,63.50,20.778
76320,32893,63.50,20.778
76322,16233,63.50,20.778
76331,32893,63.50,20.778
76332,16233,63.50,20.778
76341,32893,63.50,20.778
76342,16233,63.50,20.778
76351,32893,63.50,20.778
76352,16233,63.50,20.778
76361,32893,63.50,20.778
76362,16233,63.50,20.778
76370,32893,63.50,20.778
76372,16233,63.50,20.778
76381,32893,63.50,20.778
76382,16233,63.50,20.778
76391,32893,63.50,20.778
76392,16233,63.50,20.778
76400,32893,63.50,20.778
76402,16233,63.50,20.778
76410,32893,63.50,20.778
76412,16233,63.50,20.778
76420,32893,63.50,20.778
76422,16233,63.50,20.778
76430,32893,63.50,20.778
76432,16233,63.50,20.778
76440,32893,63.50,20.778
76442,16233,63.50,20.778
76450,32893,63.50,20.778
76452,16233,63.50,20.778
76461,32893,63.50,20.778
76462,16233,63.50,20.778
76470,32893,63.50,20.778
76472,16233,63.50,20.778
76480,32893,63.50,20.778
76482,16233,63.50,20.778
76490,32893,63.50,20.778
76492,16233,63.50,20.778
76500,32893,63.50,20.778
76502,16233,63.50,20.778
76511,32893,63.50,20.778
76513,16233,63.50,20.778
76520,32893,63.50,20.778
76522,16233,63.50,20.778
76530,32893,63.50,20.778
76532,16233,63.50,20.778
76540,32893,63.50,20.778
76542,16233,63.50,20.778
76550,32893,63.50,20.778
76552,16233,63.50,20.778
76561,32893,63.50,20.778
76562,16233,63.50,20.778
76570,32893,63.50,20.778
76572,16233,63.50,20.778
76580,32893,63.50,20.778
76582,16233,63.50,20.778
76590,32893,63.50,20.778
76592,16233,63.50,20.778
76601,32893,63.50,20.778
76602,16233,63.50,20.778
76611,32893,63.50,20.778
76612,16233,63.50,20.778
76621,32893,63.50,20.778
76622,16233,63.50,20.778
76631,32893,63.50,20.778
76632,16233,63.50,20.778
76640,32893,63.50,20.778
76642,16233,63.50,20.778
76651,32893,63.50,20.778
76653,16233,63.50,20.778
76661,32893,63.50,20.778
76662,16233,63.50,20.778
76671,32893,63.50,20.778
76672,16233,63.50,20.778
76681,32893,63.50,20.778
76682,16233,63.50,20.778
76691,32893,63.50,20.778
76692,16233,63.50,20.778
76701,32893,63.50,20.778
76703,16233,63.50,20.778
76711,32893,63.50,20.778
76712,16233,63.50,20.778
76721,32893,63.50,20.778
76723,16233,63.50,20.778
76731,32893,63.50,20.778
76732,16233,63.50,20.778
76741,32893,63.50,20.778
76742,16233,63.50,20.778
76750,32893,63.50,20.778
76752,16233,63.50,20.778
76761,32893,63.50,20.778
76762,16233,63.50,20.778
76770,32893,63.50,20.778
76772,16233,63.50,20.778
76780,32893,63.50,20.778
76782,16233,63.50,20.778
76790,32893,63.50,20.778
76792,16233,63.50,20.778
76801,32893,63.50,20.778
76802,16233,63.50,20.778
76810,32893,63.50,20.778
76812,16233,63.50,20.778
76821,32893,63.50,20.778
76823,16233,63.50,20.778
76831,32893,63.50,20.778
76833,16233,63.50,20.778
76841,32893,63.50,20.778
76842,16233,63.50,20.778
76851,32893,63.50,20.778
76853,16233,63.50,20.778
76861,32893,63.50,20.778
76862,16233,63.50,20.778
76871,32893,63.50,20.778
76872,16233,63.50,20.778
76881,32893,63.50,20.778
76882,16233,63.50,20.778
76891,32893,63.50,20.778
76892,16233,63.50,20.778
76901,32893,63.50,20.778
76903,16233,63.50,20.778
76910,32893,63.50,20.778
76912,16233,63.50,20.778
76921,32893,63.50,20.778
76922,16233,63.50,20.778
76930,32893,63.50,20.778
76933,16233,63.50,20.778
76941,32893,63.50,20.778
76942,16233,63.50,20.778
76950,32893,63.50,20.778
76952,16233,63.50,20.778
76961,32893,63.50,20.778
76963,16233,63.50,20.778
76970,32893,63.50,20.778
76972,16233,63.50,20.778
76981,32893,63.50,20.778
76982,16233,63.50,20.778
76991,32893,63.50,20.778
76992,16233,63.50,20.778
77000,32893,63.50,20.778
77002,16233,63.50,20.778
77011,32893,63.50,20.778
77012,16233,63.50,20.778
77021,32893,63.50,20.778
77022,16233,63.50,20.778
77031,32893,63.50,20.778
77033,16233,63.50,20.778
77041,32893,63.50,20.778
77043,16233,63.50,20.778
77050,32893,63.50,20.778
77052,16233,63.50,20.778
77060,32893,63.50,20.778
77062,16233,63.50,20.778
77070,32893,63.50,20.778
77072,16233,63.50,20.778
77081,32893,63.50,20.778
77082,16233,63.50,20.778
77091,32893,63.50,20.778
77092,16233,63.50,20.778
77101,32893,63.50,20.778
77102,16233,63.50,20.778
77111,32893,63.50,20.778
77112,16233,63.50,20.778
77122,32893,63.50,20.778
77122,16233,63.50,20.778
77131,32893,63.50,20.778
77132,16233,63.50,20.778
77141,32893,63.50,20.778
77142,16233,63.50,20.778
77151,32893,63.50,20.778
77152,16233,63.50,20.778
77161,32893,63.50,20.778
77162,16233,63.50,20.778
77171,32893,63.50,20.778
77172,16233,63.50,20.778
77181,32893,63.50,20.778
77182,16233,63.50,20.778
77191,32893,63.50,20.778
77193,16233,63.50,20.778
77201,32893,63.50,20.778
77202,16233,63.50,20.778
77211,32893,63.50,20.778
77212,16233,63.50,20.778
77221,32893,63.50,20.778
77222,16233,63.50,20.778
77231,32893,63.50,20.778
77233,16233,63.50,20.778
77241,32893,63.50,20.778
77242,16233,63.50,20.778
77251,32893,63.50,20.778
77252,16233,63.50,20.778
77261,32893,63.50,20.778
77262,16233,63.50,20.778
77271,32893,63.50,20.778
77273,16233,63.50,20.778
77281,32893,63.50,20.778
77282,16233,63.50,20.778
77291,32893,63.50,20.778
77292,16233,63.50,20.778
77301,32893,63.50,20.778
77303,16233,63.50,20.778
77311,32893,63.50,20.778
77312,16233,63.50,20.778
77321,32893,63.50,20.778
77323,16233,63.50,20.778
77331,32893,63.50,20.778
77332,16233,63.50,20.778
77341,32893,63.50,20.778
77342,16233,63.50,20.778
77351,32893,63.50,20.778
77352,16233,63.50,20.778
77361,32893,63.50,20.778
77362,16233,63.50,20.778
77371,32893,63.50,20.778
77372,16233,63.50,20.778
77381,32893,63.50,20.778
77382,16233,63.50,20.778
77391,32893,63.50,20.778
77392,16233,63.50,20.778
77402,32893,63.50,20.778
77402,16233,63.50,20.778
77411,32893,63.50,20.778
77412,16233,63.50,20.778
77421,32893,63.50,20.778
77422,16233,63.50,20.778
77431,32893,63.50,20.778
77432,16233,63.50,20.778
77440,32893,63.50,20.778
77442,16233,63.50,20.778
77450,32893,63.50,20.778
77452,16233,63.50,20.778
77460,32893,63.50,20.778
77463,16233,63.50,20.778
77471,32893,63.50,20.778
77472,16233,63.50,20.778
77481,32893,63.50,20.778
77482,16233,63.50,20.778
77491,32893,63.50,20.778
77492,16233,63.50,20.778
77501,32893,63.50,20.778
77502,16233,63.50,20.778
77511,32893,63.50,20.778
77512,16233,63.50,20.778
77521,32893,63.50,20.778
77522,16233,63.50,20.778
77531,32893,63.50,20.778
77532,16233,63.50,20.778
77541,32893,63.50,20.778
77543,16233,63.50,20.778
77551,32893,63.50,20.778
77552,16233,63.50,20.778
77561,32893,63.50,20.778
77562,16233,63.50,20.778
77571,32893,63.50,20.778
77572,16233,63.50,20.778
77580,32893,63.50,20.778
77582,16233,63.50,20.778
77591,32893,63.50,20.778
77592,16233,63.50,20.778
77600,32893,63.50,20.778
77602,16233,63.50,20.778
77610,32893,63.50,20.778
77612,16233,63.50,20.778
77621,32893,63.50,20.778
77622,16233,63.50,20.778
77630,32893,63.50,20.778
77632,16233,63.50,20.778
77640,32893,63.50,20.778
77642,16233,63.50,20.778
77650,32893,63.50,20.778
77652,16233,63.50,20.778
77660,32893,63.50,20.778
77662,16233,63.50,20.778
77671,32893,63.50,20.778
77672,16233,63.50,20.778
77680,32893,63.50,20.778
77682,16233,63.50,20.778
77690,32893,63.50,20.778
77692,16233,63.50,20.778
77701,32893,63.50,20.778
77702,16233,63.50,20.778
77710,32893,63.50,20.778
77712,16233,63.50,20.778
77720,32893,63.50,20.778
77723,16233,63.50,20.778
77731,32893,63.50,20.778
77732,16233,63.50,20.778
77740,32893,63.50,20.778
77742,16233,63.50,20.778
77751,32893,63.50,20.778
77752,16233,63.50,20.778
77761,32893,63.50,20.778
77762,16233,63.50,20.778
77771,32893,63.50,20.778
77773,16233,63.50,20.778
77781,32893,63.50,20.778
77782,16233,63.50,20.778
77791,32893,63.50,20.778
77792,16233,63.50,20.778
77801,32893,63.50,20.778
77802,16233,63.50,20.778
77811,32893,63.50,20.778
77812,16233,63.50,20.778
77821,32893,63.50,20.778
77822,16233,63.50,20.778
77831,32893,63.50,20.778
77832,16233,63.50,20.778
77841,32893,63.50,20.778
77842,16233,63.50,20.778
77850,32893,63.50,20.778
77852,16233,63.50,20.778
77861,32893,63.50,20.778
77862,16233,63.50,20.778
77870,32893,63.50,20.778
77872,16233,63.50,20.778
77881,32893,63.50,20.778
77882,16233,63.50,20.778
77890,32893,63.50,20.778
77892,16233,63.50,20.778
77900,32893,63.50,20.778
77902,16233,63.50,20.778
77911,32893,63.50,20.778
77912,16233,63.50,20.778
77920,32893,63.50,20.778
77922,16233,63.50,20.778
77931,32893,63.50,20.778
77932,16233,63.50,20.778
77941,32893,63.50,20.778
77942,16233,63.50,20.778
77950,32893,63.50,20.778
77952,16233,63.50,20.778
77960,32893,63.50,20.778
77962,16233,63.50,20.778
77971,32893,63.50,20.778
77972,16233,63.50,20.778
77981,32893,63.50,20.778
77982,16233,63.50,20.778
77990,32893,63.50,20.778
77992,16233,63.50,20.778
78001,32893,63.50,20.778
78002,16233,63.50,20.778
78010,32893,63.50,20.778
78012,16233,63.50,20.778
78021,32893,63.50,20.778
78023,16233,63.50,20.778
78031,32893,63.50,20.778
78033,16233,63.50,20.778
78041,32893,63.50,20.778
78042,16233,63.50,20.778
78051,32893,63.50,20.778
78053,16233,63.50,20.778
78060,32893,63.50,20.778
78062,16233,63.50,20.778
78070,32893,63.50,20.778
78072,16233,63.50,20.778
78081,32893,63.50,20.778
78082,16233,63.50,20.778
78091,32893,63.50,20.778
78092,16233,63.50,20.778
78101,32893,63.50,20.778
78102,16233,63.50,20.778
78111,32893,63.50,20.778
78112,16233,63.50,20.778
78121,32893,63.50,20.778
78122,16233,63.50,20.778
78131,32893,63.50,20.778
78133,16233,63.50,20.778
78140,32893,63.50,20.778
78143,16233,63.50,20.778
78150,32893,63.50,20.778
78152,16233,63.50,20.778
78161,32893,63.50,20.778
78162,16233,63.50,20.778
78170,32893,63.50,20.778
78172,16233,63.50,20.778
78181,32893,63.50,20.778
78182,16233,63.50,20.778
78190,32893,63.50,20.778
78192,16233,63.50,20.778
78201,32893,63.50,20.778
78202,16233,63.50,20.778
78211,32893,63.50,20.778
78212,16233,63.50,20.778
78220,32893,63.50,20.778
78222,16233,63.50,20.778
78231,32893,63.50,20.778
78232,16233,63.50,20.778
78241,32893,63.50,20.778
78242,16233,63.50,20.778
78251,32893,63.50,20.778
78252,16233,63.50,20.778
78261,32893,63.50,20.778
78262,16233,63.50,20.778
78271,32893,63.50,20.778
78272,16233,63.50,20.778
78281,32893,63.50,20.778
78282,16233,63.50,20.778
78290,32893,63.50,20.778
78292,16233,63.50,20.778
78301,32893,63.50,20.778
78302,16233,63.50,20.778
78310,32893,63.50,20.778
78312,16233,63.50,20.778
78321,32893,63.50,20.778
78322,16233,63.50,20.778
78331,32893,63.50,20.778
78332,16233,63.50,20.778
78341,32893,63.50,20.778
78342,16233,63.50,20.778
78350,32893,63.50,20.778
78352,16233,63.50,20.778
78360,32893,63.50,20.778
78362,16233,63.50,20.778
78371,32893,63.50,20.778
78372,16233,63.50,20.778
78380,32893,63.50,20.778
78382,16233,63.50,20.778
78390,32893,63.50,20.778
78392,16233,63.50,20.778
78401,32893,63.50,20.778
78402,16233,63.50,20.778
78411,32893,63.50,20.778
78412,16233,63.50,20.778
78420,32893,63.50,20.778
78422,16233,63.50,20.778
78431,32893,63.50,20.778
78432,16233,63.50,20.778
78441,32893,63.50,20.778
78442,16233,63.50,20.778
78451,32893,63.50,20.778
78452,16233,63.50,20.778
78461,32893,63.50,20.778
78462,16233,63.50,20.778
78470,32893,63.50,20.778
78472,16233,63.50,20.778
78480,32893,63.50,20.778
78482,16233,63.50,20.778
78490,32893,63.50,20.778
78492,16233,63.50,20.778
78501,32893,63.50,20.778
78503,16233,63.50,20.778
78511,32893,63.50,20.778
78512,16233,63.50,20.778
78520,32893,63.50,20.778
78522,16233,63.50,20.778
78531,32893,63.50,20.778
78532,16233,63.50,20.778
78541,32893,63.50,20.778
78542,16233,63.50,20.778
78551,32893,63.50,20.778
78552,16233,63.50,20.778
78561,32893,63.50,20.778
78563,16233,63.50,20.778
78571,32893,63.50,20.778
78572,16233,63.50,20.778
78580,32893,63.50,20.778
78582,16233,63.50,20.778
78590,32893,63.50,20.778
78592,16233,63.50,20.778
78600,32893,63.50,20.778
78602,16233,63.50,20.778
78611,32893,63.50,20.778
78613,16233,63.50,20.778
78620,32893,63.50,20.778
78622,16233,63.50,20.778
78630,32893,63.50,20.778
78632,16233,63.50,20.778
78641,32893,63.50,20.778
78642,16233,63.50,20.778
78650,32893,63.50,20.778
78652,16233,63.50,20.778
78660,32893,63.50,20.778
78662,16233,63.50,20.778
78670,32893,63.50,20.778
78672,16233,63.50,20.778
78680,32893,63.50,20.778
78682,16233,63.50,20.778
78691,32893,63.50,20.778
78692,16233,63.50,20.778
78701,32893,63.50,20.778
78702,16233,63.50,20.778
78711,32893,63.50,20.778
78712,16233,63.50,20.778
78721,32893,63.50,20.778
78722,16233,63.50,20.778
78731,32893,63.50,20.778
78732,16233,63.50,20.778
78741,32893,63.50,20.778
78742,16233,63.50,20.778
78751,32893,63.50,20.778
78752,16233,63.50,20.778
78761,32893,63.50,20.778
78762,16233,63.50,20.778
78771,32893,63.50,20.778
78772,16233,63.50,20.778
78780,32893,63.50,20.778
78782,16233,63.50,20.778
78790,32893,63.50,20.778
78792,16233,63.50,20.778
78800,32893,63.50,20.778
78802,16233,63.50,20.778
78811,32893,63.50,20.778
78812,16233,63.50,20.778
78821,32893,63.50,20.778
78822,16233,63.50,20.778
78830,32893,63.50,20.778
78832,16233,63.50,20.778
78841,32893,63.50,20.778
78842,16233,63.50,20.778
78851,32893,63.50,20.778
78852,16233,63.50,20.778
78861,32893,63.50,20.778
78862,16233,63.50,20.778
78870,32893,63.50,20.778
78872,16233,63.50,20.778
78880,32893,63.50,20.778
78882,16233,63.50,20.778
78891,32893,63.50,20.778
78892,16233,63.50,20.778
78901,32893,63.50,20.778
78902,16233,63.50,20.778
78911,32893,63.50,20.778
78912,16233,63.50,20.778
78921,32893,63.50,20.778
78922,16233,63.50,20.778
78930,32893,63.50,20.778
78932,16233,63.50,20.778
78942,32893,63.50,20.778
78942,16233,63.50,20.778
78951,32893,63.50,20.778
78952,16233,63.50,20.778
78961,32893,63.50,20.778
78962,16233,63.50,20.778
78971,32893,63.50,20.778
78972,16233,63.50,20.778
78981,32893,63.50,20.778
78982,16233,63.50,20.778
78990,32893,63.50,20.778
78992,16233,63.50,20.778
79002,32893,63.50,20.778
79002,16233,63.50,20.778
79011,32893,63.50,20.778
79012,16233,63.50,20.778
79021,32893,63.50,20.778
79022,16233,63.50,20.778
79032,32893,63.50,20.778
79033,16233,63.50,20.778
79041,32893,63.50,20.778
79043,16233,63.50,20.778
79051,32893,63.50,20.778
79052,16233,63.50,20.778
79061,32893,63.50,20.778
79062,16233,63.50,20.778
79070,32893,63.50,20.778
79072,16233,63.50,20.778
79080,32893,63.50,20.778
79082,16233,63.50,20.778
79091,32893,63.50,20.778
79092,16233,63.50,20.778
79101,32893,63.50,20.778
79102,16233,63.50,20.778
79111,32893,63.50,20.778
79112,16233,63.50,20.778
79120,32893,63.50,20.778
79122,16233,63.50,20.778
79130,32893,63.50,20.778
79132,16233,63.50,20.778
79141,32893,63.50,20.778
79142,16233,63.50,20.778
79150,32893,63.50,20.778
79152,16233,63.50,20.778
79160,32893,63.50,20.778
79162,16233,63.50,20.778
79170,32893,63.50,20.778
79172,16233,63.50,20.778
79180,32893,63.50,20.778
79182,16233,63.50,20.778
79191,32893,63.50,20.778
79192,16233,63.50,20.778
79201,32893,63.50,20.778
79203,16233,63.50,20.778
79210,32893,63.50,20.778
79212,16233,63.50,20.778
79221,32893,63.50,20.778
79222,16233,63.50,20.778
79230,32893,63.50,20.778
79232,16233,63.50,20.778
79241,32893,63.50,20.778
79243,16233,63.50,20.778
79251,32893,63.50,20.778
79252,16233,63.50,20.778
79261,32893,63.50,20.778
79262,16233,63.50,20.778
79271,32893,63.50,20.778
79273,16233,63.50,20.778
79281,32893,63.50,20.778
79282,16233,63.50,20.778
79291,32893,63.50,20.778
79292,16233,63.50,20.778
79301,32893,63.50,20.778
79303,16233,63.50,20.778
79310,32893,63.50,20.778
79312,16233,63.50,20.778
79321,32893,63.50,20.778
79322,16233,63.50,20.778
79331,32893,63.50,20.778
79332,16233,63.50,20.778
79340,32893,63.50,20.778
79342,16233,63.50,20.778
79351,32893,63.50,20.778
79352,16233,63.50,20.778
79361,32893,63.50,20.778
79362,16233,63.50,20.778
79371,32893,63.50,20.778
79372,16233,63.50,20.778
79381,32893,63.50,20.778
79382,16233,63.50,20.778
79391,32893,63.50,20.778
79392,16233,63.50,20.778
79401,32893,63.50,20.778
79402,16233,63.50,20.778
79410,32893,63.50,20.778
79412,16233,63.50,20.778
79420,32893,63.50,20.778
79422,16233,63.50,20.778
79431,32893,63.50,20.778
79432,16233,63.50,20.778
79440,32893,63.50,20.778
79442,16233,63.50,20.778
79451,32893,63.50,20.778
79453,16233,63.50,20.778
79461,32893,63.50,20.778
79463,16233,63.50,20.778
79471,32893,63.50,20.778
79472,16233,63.50,20.778
79481,32893,63.50,20.778
79482,16233,63.50,20.778
79491,32893,63.50,20.778
79492,16233,63.50,20.778
79500,32893,63.50,20.778
79503,16233,63.50,20.778
79511,32893,63.50,20.778
79512,16233,63.50,20.778
79521,32893,63.50,20.778
79522,16233,63.50,20.778
79530,32893,63.50,20.778
79532,16233,63.50,20.778
79541,32893,63.50,20.778
79542,16233,63.50,20.778
79551,32893,63.50,20.778
79552,16233,63.50,20.778
79561,32893,63.50,20.778
79562,16233,63.50,20.778
79571,32893,63.50,20.778
79573,16233,63.50,20.778
79580,32893,63.50,20.778
79582,16233,63.50,20.778
79590,32893,63.50,20.778
79592,16233,63.50,20.778
79600,32893,63.50,20.778
79602,16233,63.50,20.778
79610,32893,63.50,20.778
79612,16233,63.50,20.778
79621,32893,63.50,20.778
79622,16233,63.50,20.778
79631,32893,63.50,20.778
79633,16233,63.50,20.778
79640,32893,63.50,20.778
79642,16233,63.50,20.778
79650,32893,63.50,20.778
79652,16233,63.50,20.778
79660,32893,63.50,20.778
79662,16233,63.50,20.778
79670,32893,63.50,20.778
79672,16233,63.50,20.778
79680,32893,63.50,20.778
79682,16233,63.50,20.778
79690,32893,63.50,20.778
79692,16233,63.50,20.778
79700,32893,63.50,20.778
79702,16233,63.50,20.778
79710,32893,63.50,20.778
79712,16233,63.50,20.778
79721,32893,63.50,20.778
79723,16233,63.50,20.778
79731,32893,63.50,20.778
79732,16233,63.50,20.778
79741,32893,63.50,20.778
79743,16233,63.50,20.778
79751,32893,63.50,20.778
79753,16233,63.50,20.778
79761,32893,63.50,20.778
79762,16233,63.50,20.778
79770,32893,63.50,20.778
79772,16233,63.50,20.778
79780,32893,63.50,20.778
79783,16233,63.50,20.778
79790,32893,63.50,20.778
79793,16233,63.50,20.778
79801,32893,63.50,20.778
79803,16233,63.50,20.778
79811,32893,63.50,20.778
79813,16233,63.50,20.778
79820,32893,63.50,20.778
79823,16233,63.50,20.778
79830,32893,63.50,20.778
79833,16233,63.50,20.778
79841,32893,63.50,20.778
79842,16233,63.50,20.778
79850,32893,63.50,20.778
79852,16233,63.50,20.778
79861,32893,63.50,20.778
79862,16233,63.50,20.778
79870,32893,63.50,20.778
79872,16233,63.50,20.778
79880,32893,63.50,20.778
79883,16233,63.50,20.778
79890,32893,63.50,20.778
79892,16233,63.50,20.778
79901,32893,63.50,20.778
79902,16233,63.50,20.778
79911,32893,63.50,20.778
79912,16233,63.50,20.778
79921,32893,63.50,20.778
79922,16233,63.50,20.778
79930,32893,63.50,20.778
79932,16233,63.50,20.778
79941,32893,63.50,20.778
79942,16233,63.50,20.778
79951,32893,63.50,20.778
79953,16233,63.50,20.778
79961,32893,63.50,20.778
79962,16233,63.50,20.778
79971,32893,63.50,20.778
79972,16233,63.50,20.778
79980,32893,63.50,20.778
79982,16233,63.50,20.778
79990,32893,63.50,20.778
79992,16233,63.50,20.778
80000,32893,63.50,20.778
80003,16233,63.50,20.778
80011,32893,63.50,20.778
80013,16233,63.50,20.778
80021,32893,63.50,20.778
80022,16233,63.50,20.778
80032,32893,63.50,20.778
80033,16233,63.50,20.778
80040,32893,63.50,20.778
80042,16233,63.50,20.778
80051,32893,63.50,20.778
80052,16233,63.50,20.778
80060,32893,63.50,20.778
80062,16233,63.50,20.778
80071,32893,63.50,20.778
80072,16233,63.50,20.778
80081,32893,63.50,20.778
80082,16233,63.50,20.778
80091,32893,63.50,20.778
80092,16233,63.50,20.778
80101,32893,63.50,20.778
80102,16233,63.50,20.778
80111,32893,63.50,20.778
80112,16233,63.50,20.778
80121,32893,63.50,20.778
80122,16233,63.50,20.778
80130,32893,63.50,20.778
80132,16233,63.50,20.778
80141,32893,63.50,20.778
80143,16233,63.50,20.778
80151,32893,63.50,20.778
80152,16233,63.50,20.778
80161,32893,63.50,20.778
80162,16233,63.50,20.778
80170,32893,63.50,20.778
80173,16233,63.50,20.778
80181,32893,63.50,20.778
80183,16233,63.50,20.778
80191,32893,63.50,20.778
80192,16233,63.50,20.778
80201,32893,63.50,20.778
80202,16233,63.50,20.778
80211,32893,63.50,20.778
80212,16233,63.50,20.778
80221,32893,63.50,20.778
80223,16233,63.50,20.778
80231,32893,63.50,20.778
80232,16233,63.50,20.778
80241,32893,63.50,20.778
80242,16233,63.50,20.778
80251,32893,63.50,20.778
80252,16233,63.50,20.778
80261,32893,63.50,20.778
80262,16233,63.50,20.778
80270,32893,63.50,20.778
80272,16233,63.50,20.778
80281,32893,63.50,20.778
80283,16233,63.50,20.778
80290,32893,63.50,20.778
80292,16233,63.50,20.778
80300,32893,63.50,20.778
80303,16233,63.50,20.778
80311,32893,63.50,20.778
80313,16233,63.50,20.778
80321,32893,63.50,20.778
80323,16233,63.50,20.778
80331,32893,63.50,20.778
80333,16233,63.50,20.778
80342,32893,63.50,20.778
80343,16233,63.50,20.778
80351,32893,63.50,20.778
80353,16233,63.50,20.778
80361,32893,63.50,20.778
80363,16233,63.50,20.778
80371,32893,63.50,20.778
80373,16233,63.50,20.778
80381,32893,63.50,20.778
80382,16233,63.50,20.778
80391,32893,63.50,20.778
80393,16233,63.50,20.778
80401,32893,63.50,20.778
80403,16233,63.50,20.778
80411,32893,63.50,20.778
80413,16233,63.50,20.778
80421,32893,63.50,20.778
80423,16233,63.50,20.778
80431,32893,63.50,20.778
80433,16233,63.50,20.778
80441,32893,63.50,20.778
80443,16233,63.50,20.778
80451,32893,63.50,20.778
80453,16233,63.50,20.778
80461,32893,63.50,20.778
80463,16233,63.50,20.778
80471,32893,63.50,20.778
80472,16233,63.50,20.778
80481,32893,63.50,20.778
80482,16233,63.50,20.778
80491,32893,63.50,20.778
80493,16233,63.50,20.778
80501,32893,63.50,20.778
80502,16233,63.50,20.778
80511,32893,63.50,20.778
80513,16233,63.50,20.778
80521,32893,63.50,20.778
80524,16233,63.50,20.778
80532,32893,63.50,20.778
80533,16233,63.50,20.778
80541,32893,63.50,20.778
80543,16233,63.50,20.778
80551,32893,63.50,20.778
80553,16233,63.50,20.778
80561,32893,63.50,20.778
80563,16233,63.50,20.778
80571,32893,63.50,20.778
80573,16233,63.50,20.778
80581,32893,63.50,20.778
80582,16233,63.50,20.778
80591,32893,63.50,20.778
80592,16233,63.50,20.778
80600,32893,63.50,20.778
80602,16233,63.50,20.778
80611,32893,63.50,20.778
80613,16233,63.50,20.778
80621,32893,63.50,20.778
80623,16233,63.50,20.778
80631,32893,63.50,20.778
80633,16233,63.50,20.778
80641,32893,63.50,20.778
80642,16233,63.50,20.778
80650,32893,63.50,20.778
80652,16233,63.50,20.778
80661,32893,63.50,20.778
80662,16233,63.50,20.778
80670,32893,63.50,20.778
80672,16233,63.50,20.778
80681,32893,63.50,20.778
80683,16233,63.50,20.778
80691,32893,63.50,20.778
80692,16233,63.50,20.778
80701,32893,63.50,20.778
80702,16233,63.50,20.778
80711,32893,63.50,20.778
80713,16233,63.50,20.778
80721,32893,63.50,20.778
80722,16233,63.50,20.778
80731,32893,63.50,20.778
80733,16233,63.50,20.778
80741,32893,63.50,20.778
80742,16233,63.50,20.778
80751,32893,63.50,20.778
80752,16233,63.50,20.778
80761,32893,63.50,20.778
80763,16233,63.50,20.778
80771,32893,63.50,20.778
80772,16233,63.50,20.778
80781,32893,63.50,20.778
80783,16233,63.50,20.778
80791,32893,63.50,20.778
80792,16233,63.50,20.778
80801,32893,63.50,20.778
80803,16233,63.50,20.778
80811,32893,63.50,20.778
80813,16233,63.50,20.778
80821,32893,63.50,20.778
80822,16233,63.50,20.778
80831,32893,63.50,20.778
80833,16233,63.50,20.778
80841,32893,63.50,20.778
80842,16233,63.50,20.778
80851,32893,63.50,20.778
80853,16233,63.50,20.778
80861,32893,63.50,20.778
80863,16233,63.50,20.778
80871,32893,63.50,20.778
80873,16233,63.50,20.778
80881,32893,63.50,20.778
80884,16233,63.50,20.778
80891,32893,63.50,20.778
80893,16233,63.50,20.778
80901,32893,63.50,20.778
80902,16233,63.50,20.778
80911,32893,63.50,20.778
80912,16233,63.50,20.778
80921,32893,63.50,20.778
80922,16233,63.50,20.778
80931,32893,63.50,20.778
80933,16233,63.50,20.778
80942,32893,63.50,20.778
80943,16233,63.50,20.778
80951,32893,63.50,20.778
80953,16233,63.50,20.778
80961,32893,63.50,20.778
80963,16233,63.50,20.778
80971,32893,63.50,20.778
80973,16233,63.50,20.778
80981,32893,63.50,20.778
80983,16233,63.50,20.778
80991,32893,63.50,20.778
80993,16233,63.50,20.778
81000,32893,63.50,20.778
81002,16233,63.50,20.778
81011,32893,63.50,20.778
81013,16233,63.50,20.778
81021,32893,63.50,20.778
81024,16233,63.50,20.778
81031,32893,63.50,20.778
81033,16233,63.50,20.778
81042,32893,63.50,20.778
81043,16233,63.50,20.778
81051,32893,63.50,20.778
81053,16233,63.50,20.778
81061,32893,63.50,20.778
81063,16233,63.50,20.778
81071,32893,63.50,20.778
81072,16233,63.50,20.778
81081,32893,63.50,20.778
81083,16233,63.50,20.778
81091,32893,63.50,20.778
81092,16233,63.50,20.778
81101,32893,63.50,20.778
81102,16233,63.50,20.778
81111,32893,63.50,20.778
81113,16233,63.50,20.778
81121,32893,63.50,20.778
81123,16233,63.50,20.778
81131,32893,63.50,20.778
81132,16233,63.50,20.778
81142,32893,63.50,20.778
81143,16233,63.50,20.778
81151,32893,63.50,20.778
81153,16233,63.50,20.778
81160,32893,63.50,20.778
81162,16233,63.50,20.778
81171,32893,63.50,20.778
81172,16233,63.50,20.778
81180,32893,63.50,20.778
81182,16233,63.50,20.778
81190,32893,63.50,20.778
81192,16233,63.50,20.778
81201,32893,63.50,20.778
81202,16233,63.50,20.778
81211,32893,63.50,20.778
81212,16233,63.50,20.778
81221,32893,63.50,20.778
81222,16233,63.50,20.778
81231,32893,63.50,20.778
81232,16233,63.50,20.778
81241,32893,63.50,20.778
81243,16233,63.50,20.778
81251,32893,63.50,20.778
81253,16233,63.50,20.778
81261,32893,63.50,20.778
81262,16233,63.50,20.778
81271,32893,63.50,20.778
81272,16233,63.50,20.778
81281,32893,63.50,20.778
81282,16233,63.50,20.778
81291,32893,63.50,20.778
81293,16233,63.50,20.778
81301,32893,63.50,20.778
81303,16233,63.50,20.778
81311,32893,63.50,20.778
81313,16233,63.50,20.778
81321,32893,63.50,20.778
81322,16233,63.50,20.778
81331,32893,63.50,20.778
81332,16233,63.50,20.778
81341,32893,63.50,20.778
81342,16233,63.50,20.778
81351,32893,63.50,20.778
81353,16233,63.50,20.778
81361,32893,63.50,20.778
81363,16233,63.50,20.778
81371,32893,63.50,20.778
81373,16233,63.50,20.778
81381,32893,63.50,20.778
81382,16233,63.50,20.778
81391,32893,63.50,20.778
81393,16233,63.50,20.778
81401,32893,63.50,20.778
81403,16233,63.50,20.778
81411,32893,63.50,20.778
81412,16233,63.50,20.778
81421,32893,63.50,20.778
81422,16233,63.50,20.778
81431,32893,63.50,20.778
81432,16233,63.50,20.778
81441,32893,63.50,20.778
81443,16233,63.50,20.778
81451,32893,63.50,20.778
81452,16233,63.50,20.778
81460,32893,63.50,20.778
81462,16233,63.50,20.778
81471,32893,63.50,20.778
81473,16233,63.50,20.778
81481,32893,63.50,20.778
81482,16233,63.50,20.778
81491,32893,63.50,20.778
81493,16233,63.50,20.778
81501,32893,63.50,20.778
81502,16233,63.50,20.778
81511,32893,63.50,20.778
81512,16233,63.50,20.778
81521,32893,63.50,20.778
81522,16233,63.50,20.778
81531,32893,63.50,20.778
81533,16233,63.50,20.778
81541,32893,63.50,20.778
81542,16233,63.50,20.778
81551,32893,63.50,20.778
81552,16233,63.50,20.778
81561,32893,63.50,20.778
81562,16233,63.50,20.778
81572,32893,63.50,20.778
81572,16233,63.50,20.778
81581,32893,63.50,20.778
81582,16233,63.50,20.778
81590,32893,63.50,20.778
81592,16233,63.50,20.778
81601,32893,63.50,20.778
81602,16233,63.50,20.778
81611,32893,63.50,20.778
81612,16233,63.50,20.778
81620,32893,63.50,20.778
81622,16233,63.50,20.778
81631,32893,63.50,20.778
81632,16233,63.50,20.778
81641,32893,63.50,20.778
81642,16233,63.50,20.778
81651,32893,63.50,20.778
81652,16233,63.50,20.778
81661,32893,63.50,20.778
81662,16233,63.50,20.778
81671,32893,63.50,20.778
81672,16233,63.50,20.778
81681,32893,63.50,20.778
81682,16233,63.50,20.778
81691,32893,63.50,20.778
81693,16233,63.50,20.778
81701,32893,63.50,20.778
81702,16233,63.50,20.778
81711,32893,63.50,20.778
81712,16233,63.50,20.778
81721,32893,63.50,20.778
81722,16233,63.50,20.778
81731,32893,63.50,20.778
81732,16233,63.50,20.778
81740,32893,63.50,20.778
81742,16233,63.50,20.778
81751,32893,63.50,20.778
81752,16233,63.50,20.778
81761,32893,63.50,20.778
81762,16233,63.50,20.778
81772,32893,63.50,20.778
81773,16233,63.50,20.778
81781,32893,63.50,20.778
81783,16233,63.50,20.778
81791,32893,63.50,20.778
81792,16233,63.50,20.778
81801,32893,63.50,20.778
81802,16233,63.50,20.778
81810,32893,63.50,20.778
81813,16233,63.50,20.778
81821,32893,63.50,20.778
81822,16233,63.50,20.778
81830,32893,63.50,20.778
81832,16233,63.50,20.778
81841,32893,63.50,20.778
81842,16233,63.50,20.778
81851,32893,63.50,20.778
81852,16233,63.50,20.778
81860,32893,63.50,20.778
81862,16233,63.50,20.778
81870,32893,63.50,20.778
81872,16233,63.50,20.778
81880,32893,63.50,20.778
81882,16233,63.50,20.778
81890,32893,63.50,20.778
81892,16233,63.50,20.778
81900,32893,63.50,20.778
81902,16233,63.50,20.778
81910,32893,63.50,20.778
81912,16233,63.50,20.778
81921,32893,63.50,20.778
81922,16233,63.50,20.778
81930,32893,63.50,20.778
81932,16233,63.50,20.778
81940,32893,63.50,20.778
81942,16233,63.50,20.778
81951,32893,63.50,20.778
81952,16233,63.50,20.778
81961,32893,63.50,20.778
81962,16233,63.50,20.778
81971,32893,63.50,20.778
81972,16233,63.50,20.778
81981,32893,63.50,20.778
81982,16233,63.50,20.778
81991,32893,63.50,20.778
81992,16233,63.50,20.778
82001,32893,63.50,20.778
82003,16233,63.50,20.778
82011,32893,63.50,20.778
82012,16233,63.50,20.778
82020,32893,63.50,20.778
82022,16233,63.50,20.778
82031,32893,63.50,20.778
82033,16233,63.50,20.778
82041,32893,63.50,20.778
82042,16233,63.50,20.778
82051,32893,63.50,20.778
82052,16233,63.50,20.778
82062,32893,63.50,20.778
82062,16233,63.50,20.778
82071,32893,63.50,20.778
82072,16233,63.50,20.778
82081,32893,63.50,20.778
82082,16233,63.50,20.778
82091,32893,63.50,20.778
82093,16233,63.50,20.778
82100,32893,63.50,20.778
82102,16233,63.50,20.778
82111,32893,63.50,20.778
82113,16233,63.50,20.778
82121,32893,63.50,20.778
82122,16233,63.50,20.778
82131,32893,63.50,20.778
82132,16233,63.50,20.778
82141,32893,63.50,20.778
82143,16233,63.50,20.778
82151,32893,63.50,20.778
82152,16233,63.50,20.778
82161,32893,63.50,20.778
82162,16233,63.50,20.778
82171,32893,63.50,20.778
82172,16233,63.50,20.778
82181,32893,63.50,20.778
82182,16233,63.50,20.778
82190,32893,63.50,20.778
82192,16233,63.50,20.778
82201,32893,63.50,20.778
82202,16233,63.50,20.778
82211,32893,63.50,20.778
82212,16233,63.50,20.778
82221,32893,63.50,20.778
82222,16233,63.50,20.778
82230,32893,63.50,20.778
82232,16233,63.50,20.778
82241,32893,63.50,20.778
82242,16233,63.50,20.778
82251,32893,63.50,20.778
82252,16233,63.50,20.778
82261,32893,63.50,20.778
82262,16233,63.50,20.778
82270,32893,63.50,20.778
82273,16233,63.50,20.778
82281,32893,63.50,20.778
82282,16233,63.50,20.778
82291,32893,63.50,20.778
82292,16233,63.50,20.778
82301,32893,63.50,20.778
82302,16233,63.50,20.778
82311,32893,63.50,20.778
82312,16233,63.50,20.778
82321,32893,63.50,20.778
82322,16233,63.50,20.778
82331,32893,63.50,20.778
82332,16233,63.50,20.778
82340,32893,63.50,20.778
82342,16233,63.50,20.778
82351,32893,63.50,20.778
82352,16233,63.50,20.778
82361,32893,63.50,20.778
82362,16233,63.50,20.778
82371,32893,63.50,20.778
82373,16233,63.50,20.778
82381,32893,63.50,20.778
82382,16233,63.50,20.778
82391,32893,63.50,20.778
82392,16233,63.50,20.778
82401,32893,63.50,20.778
82403,16233,63.50,20.778
82411,32893,63.50,20.778
82412,16233,63.50,20.778
82421,32893,63.50,20.778
82422,16233,63.50,20.778
82431,32893,63.50,20.778
82432,16233,63.50,20.778
82441,32893,63.50,20.778
82442,16233,63.50,20.778
82451,32893,63.50,20.778
82452,16233,63.50,20.778
82461,32893,63.50,20.778
82463,16233,63.50,20.778
82470,32893,63.50,20.778
82473,16233,63.50,20.778
82481,32893,63.50,20.778
82482,16233,63.50,20.778
82490,32893,63.50,20.778
82492,16233,63.50,20.778
82500,32893,63.50,20.778
82502,16233,63.50,20.778
82511,32893,63.50,20.778
82512,16233,63.50,20.778
82520,32893,63.50,20.778
82522,16233,63.50,20.778
82530,32893,63.50,20.778
82532,16233,63.50,20.778
82541,32893,63.50,20.778
82542,16233,63.50,20.778
82550,32893,63.50,20.778
82553,16233,63.50,20.778
82561,32893,63.50,20.778
82562,16233,63.50,20.778
82572,32893,63.50,20.778
82573,16233,63.50,20.778
82581,32893,63.50,20.778
82583,16233,63.50,20.778
82591,32893,63.50,20.778
82592,16233,63.50,20.778
82601,32893,63.50,20.778
82602,16233,63.50,20.778
82610,32893,63.50,20.778
82612,16233,63.50,20.778
82621,32893,63.50,20.778
82622,16233,63.50,20.778
82630,32893,63.50,20.778
82632,16233,63.50,20.778
82641,32893,63.50,20.778
82642,16233,63.50,20.778
82651,32893,63.50,20.778
82652,16233,63.50,20.778
82661,32893,63.50,20.778
82662,16233,63.50,20.778
82671,32893,63.50,20.778
82672,16233,63.50,20.778
82681,32893,63.50,20.778
82682,16233,63.50,20.778
82692,32893,63.50,20.778
82693,16233,63.50,20.778
82701,32893,63.50,20.778
82702,16233,63.50,20.778
82711,32893,63.50,20.778
82713,16233,63.50,20.778
82721,32893,63.50,20.778
82722,16233,63.50,20.778
82730,32893,63.50,20.778
82732,16233,63.50,20.778
82741,32893,63.50,20.778
82743,16233,63.50,20.778
82750,32893,63.50,20.778
82752,16233,63.50,20.778
82761,32893,63.50,20.778
82762,16233,63.50,20.778
82771,32893,63.50,20.778
82772,16233,63.50,20.778
82781,32893,63.50,20.778
82782,16233,63.50,20.778
82791,32893,63.50,20.778
82792,16233,63.50,20.778
82801,32893,63.50,20.778
82802,16233,63.50,20.778
82811,32893,63.50,20.778
82813,16233,63.50,20.778
82821,32893,63.50,20.778
82822,16233,63.50,20.778
82831,32893,63.50,20.778
82832,16233,63.50,20.778
82840,32893,63.50,20.778
82842,16233,63.50,20.778
82850,32893,63.50,20.778
82852,16233,63.50,20.778
82861,32893,63.50,20.778
82862,16233,63.50,20.778
82870,32893,63.50,20.778
82872,16233,63.50,20.778
82882,32893,63.50,20.778
82882,16233,63.50,20.778
82891,32893,63.50,20.778
82892,16233,63.50,20.778
82900,32893,63.50,20.778
82902,16233,63.50,20.778
82910,32893,63.50,20.778
82912,16233,63.50,20.778
82921,32893,63.50,20.778
82922,16233,63.50,20.778
82930,32893,63.50,20.778
82932,16233,63.50,20.778
82941,32893,63.50,20.778
82942,16233,63.50,20.778
82951,32893,63.50,20.778
82953,16233,63.50,20.778
82961,32893,63.50,20.778
82962,16233,63.50,20.778
82971,32893,63.50,20.778
82972,16233,63.50,20.778
82981,32893,63.50,20.778
82982,16233,63.50,20.778
82990,32893,63.50,20.778
82992,16233,63.50,20.778
83000,32893,63.50,20.778
83002,16233,63.50,20.778
83010,32893,63.50,20.778
83012,16233,63.50,20.778
83021,32893,63.50,20.778
83022,16233,63.50,20.778
83031,32893,63.50,20.778
83032,16233,63.50,20.778
83041,32893,63.50,20.778
83042,16233,63.50,20.778
83051,32893,63.50,20.778
83052,16233,63.50,20.778
83061,32893,63.50,20.778
83062,16233,63.50,20.778
83071,32893,63.50,20.778
83072,16233,63.50,20.778
83081,32893,63.50,20.778
83082,16233,63.50,20.778
83091,32893,63.50,20.778
83092,16233,63.50,20.778
83101,32893,63.50,20.778
83102,16233,63.50,20.778
83111,32893,63.50,20.778
83112,16233,63.50,20.778
83121,32893,63.50,20.778
83122,16233,63.50,20.778
83131,32893,63.50,20.778
83133,16233,63.50,20.778
83141,32893,63.50,20.778
83143,16233,63.50,20.778
83151,32893,63.50,20.778
83152,16233,63.50,20.778
83160,32893,63.50,20.778
83162,16233,63.50,20.778
83170,32893,63.50,20.778
83172,16233,63.50,20.778
83180,32893,63.50,20.778
83182,16233,63.50,20.778
83191,32893,63.50,20.778
83192,16233,63.50,20.778
83201,32893,63.50,20.778
83202,16233,63.50,20.778
83210,32893,63.50,20.778
83212,16233,63.50,20.778
83221,32893,63.50,20.778
83222,16233,63.50,20.778
83231,32893,63.50,20.778
83232,16233,63.50,20.778
83241,32893,63.50,20.778
83242,16233,63.50,20.778
83250,32893,63.50,20.778
83252,16233,63.50,20.778
83260,32893,63.50,20.778
83262,16233,63.50,20.778
83271,32893,63.50,20.778
83272,16233,63.50,20.778
83281,32893,63.50,20.778
83282,16233,63.50,20.778
83290,32893,63.50,20.778
83292,16233,63.50,20.778
83300,32893,63.50,20.778
83302,16233,63.50,20.778
83311,32893,63.50,20.778
83312,16233,63.50,20.778
83321,32893,63.50,20.778
83322,16233,63.50,20.778
83330,32893,63.50,20.778
83332,16233,63.50,20.778
83341,32893,63.50,20.778
83342,16233,63.50,20.778
83350,32893,63.50,20.778
83352,16233,63.50,20.778
83361,32893,63.50,20.778
83362,16233,63.50,20.778
83370,32893,63.50,20.778
83372,16233,63.50,20.778
83381,32893,63.50,20.778
83382,16233,63.50,20.778
83390,32893,63.50,20.778
83393,16233,63.50,20.778
83401,32893,63.50,20.778
83402,16233,63.50,20.778
83410,32893,63.50,20.778
83412,16233,63.50,20.778
83421,32893,63.50,20.778
83422,16233,63.50,20.778
83430,32893,63.50,20.778
83432,16233,63.50,20.778
83440,32893,63.50,20.778
83443,16233,63.50,20.778
83450,32893,63.50,20.778
83452,16233,63.50,20.778
83460,32893,63.50,20.778
83462,16233,63.50,20.778
83471,32893,63.50,20.778
83472,16233,63.50,20.778
83480,32893,63.50,20.778
83482,16233,63.50,20.778
83490,32893,63.50,20.778
83492,16233,63.50,20.778
83501,32893,63.50,20.778
83502,16233,63.50,20.778
83510,32893,63.50,20.778
83512,16233,63.50,20.778
83520,32893,63.50,20.778
83522,16233,63.50,20.778
83530,32893,63.50,20.778
83532,16233,63.50,20.778
83540,32893,63.50,20.778
83542,16233,63.50,20.778
83550,32893,63.50,20.778
83552,16233,63.50,20.778
83560,32893,63.50,20.778
83562,16233,63.50,20.778
83570,32893,63.50,20.778
83572,16233,63.50,20.778
83580,32893,63.50,20.778
83582,16233,63.50,20.778
83590,32893,63.50,20.778
83592,16233,63.50,20.778
83600,32893,63.50,20.778
83602,16233,63.50,20.778
83610,32893,63.50,20.778
83612,16233,63.50,20.778
83622,32893,63.50,20.778
83622,16233,63.50,20.778
83630,32893,63.50,20.778
83632,16233,63.50,20.778
83640,32893,63.50,20.778
83642,16233,63.50,20.778
83650,32893,63.50,20.778
83652,16233,63.50,20.778
83660,32893,63.50,20.778
83662,16233,63.50,20.778
83670,32893,63.50,20.778
83672,16233,63.50,20.778
83680,32893,63.50,20.778
83682,16233,63.50,20.778
83690,32893,63.50,20.778
83692,16233,63.50,20.778
83701,32893,63.50,20.778
83703,16233,63.50,20.778
83711,32893,63.50,20.778
83712,16233,63.50,20.778
83721,32893,63.50,20.778
83723,16233,63.50,20.778
83731,32893,63.50,20.778
83732,16233,63.50,20.778
83741,32893,63.50,20.778
83743,16233,63.50,20.778
83751,32893,63.50,20.778
83752,16233,63.50,20.778
83761,32893,63.50,20.778
83762,16233,63.50,20.778
83770,32893,63.50,20.778
83772,16233,63.50,20.778
83780,32893,63.50,20.778
83782,16233,63.50,20.778
83790,32893,63.50,20.778
83792,16233,63.50,20.778
83800,32893,63.50,20.778
83802,16233,63.50,20.778
83811,32893,63.50,20.778
83812,16233,63.50,20.778
83821,32893,63.50,20.778
83822,16233,63.50,20.778
83830,32893,63.50,20.778
83832,16233,63.50,20.778
83841,32893,63.50,20.778
83842,16233,63.50,20.778
83850,32893,63.50,20.778
83852,16233,63.50,20.778
83860,32893,63.50,20.778
83862,16233,63.50,20.778
83870,32893,63.50,20.778
83872,16233,63.50,20.778
83881,32893,63.50,20.778
83882,16233,63.50,20.778
83890,32893,63.50,20.778
83892,16233,63.50,20.778
83900,32893,63.50,20.778
83902,16233,63.50,20.778
83911,32893,63.50,20.778
83912,16233,63.50,20.778
83921,32893,63.50,20.778
83922,16233,63.50,20.778
83931,32893,63.50,20.778
83933,16233,63.50,20.778
83940,32893,63.50,20.778
83942,16233,63.50,20.778
83951,32893,63.50,20.778
83952,16233,63.50,20.778
83960,32893,63.50,20.778
83962,16233,63.50,20.778
83970,32893,63.50,20.778
83973,16233,63.50,20.778
83981,32893,63.50,20.778
83982,16233,63.50,20.778
83990,32893,63.50,20.778
83992,16233,63.50,20.778
84001,32893,63.50,20.778
84003,16233,63.50,20.778
84010,32893,63.50,20.778
84012,16233,63.50,20.778
84021,32893,63.50,20.778
84022,16233,63.50,20.778
84031,32893,63.50,20.778
84033,16233,63.50,20.778
84041,32893,63.50,20.778
84043,16233,63.50,20.778
84051,32893,63.50,20.778
84052,16233,63.50,20.778
84060,32893,63.50,20.778
84062,16233,63.50,20.778
84070,32893,63.50,20.778
84072,16233,63.50,20.778
84081,32893,63.50,20.778
84082,16233,63.50,20.778
84090,32893,63.50,20.778
84092,16233,63.50,20.778
84101,32893,63.50,20.778
84102,16233,63.50,20.778
84111,32893,63.50,20.778
84112,16233,63.50,20.778
84121,32893,63.50,20.778
84122,16233,63.50,20.778
84131,32893,63.50,20.778
84132,16233,63.50,20.778
84141,32893,63.50,20.778
84143,16233,63.50,20.778
84151,32893,63.50,20.778
84152,16233,63.50,20.778
84160,32893,63.50,20.778
84162,16233,63.50,20.778
84170,32893,63.50,20.778
84172,16233,63.50,20.778
84181,32893,63.50,20.778
84183,16233,63.50,20.778
84191,32893,63.50,20.778
84193,16233,63.50,20.778
84201,32893,63.50,20.778
84203,16233,63.50,20.778
84211,32893,63.50,20.778
84212,16233,63.50,20.778
84221,32893,63.50,20.778
84222,16233,63.50,20.778
84231,32893,63.50,20.778
84233,16233,63.50,20.778
84241,32893,63.50,20.778
84243,16233,63.50,20.778
84251,32893,63.50,20.778
84253,16233,63.50,20.778
84261,32893,63.50,20.778
84263,16233,63.50,20.778
84271,32893,63.50,20.778
84272,16233,63.50,20.778
84281,32893,63.50,20.778
84282,16233,63.50,20.778
84291,32893,63.50,20.778
84294,16233,63.50,20.778
84301,32893,63.50,20.778
84303,16233,63.50,20.778
84311,32893,63.50,20.778
84312,16233,63.50,20.778
84321,32893,63.50,20.778
84322,16233,63.50,20.778
84331,32893,63.50,20.778
84333,16233,63.50,20.778
84341,32893,63.50,20.778
84343,16233,63.50,20.778
84351,32893,63.50,20.778
84353,16233,63.50,20.778
84361,32893,63.50,20.778
84362,16233,63.50,20.778
84371,32893,63.50,20.778
84373,16233,63.50,20.778
84381,32893,63.50,20.778
84382,16233,63.50,20.778
84391,32893,63.50,20.778
84393,16233,63.50,20.778
84401,32893,63.50,20.778
84402,16233,63.50,20.778
84411,32893,63.50,20.778
84412,16233,63.50,20.778
84421,32893,63.50,20.778
84423,16233,63.50,20.778
84431,32893,63.50,20.778
84432,16233,63.50,20.778
84441,32893,63.50,20.778
84443,16233,63.50,20.778
84451,32893,63.50,20.778
84452,16233,63.50,20.778
84461,32893,63.50,20.778
84462,16233,63.50,20.778
84470,32893,63.50,20.778
84473,16233,63.50,20.778
84481,32893,63.50,20.778
84482,16233,63.50,20.778
84491,32893,63.50,20.778
84492,16233,63.50,20.778
84500,32893,63.50,20.778
84502,16233,63.50,20.778
84511,32893,63.50,20.778
84512,16233,63.50,20.778
84521,32893,63.50,20.778
84522,16233,63.50,20.778
84530,32893,63.50,20.778
84532,16233,63.50,20.778
84541,32893,63.50,20.778
84542,16233,63.50,20.778
84551,32893,63.50,20.778
84553,16233,63.50,20.778
84561,32893,63.50,20.778
84562,16233,63.50,20.778
84571,32893,63.50,20.778
84572,16233,63.50,20.778
84581,32893,63.50,20.778
84583,16233,63.50,20.778
84591,32893,63.50,20.778
84592,16233,63.50,20.778
84601,32893,63.50,20.778
84602,16233,63.50,20.778
84611,32893,63.50,20.778
84613,16233,63.50,20.778
84621,32893,63.50,20.778
84622,16233,63.50,20.778
84631,32893,63.50,20.778
84633,16233,63.50,20.778
84641,32893,63.50,20.778
84643,16233,63.50,20.778
84651,32893,63.50,20.778
84652,16233,63.50,20.778
84660,32893,63.50,20.778
84663,16233,63.50,20.778
84671,32893,63.50,20.778
84672,16233,63.50,20.778
84680,32893,63.50,20.778
84682,16233,63.50,20.778
84690,32893,63.50,20.778
84692,16233,63.50,20.778
84701,32893,63.50,20.778
84702,16233,63.50,20.778
84711,32893,63.50,20.778
84713,16233,63.50,20.778
84721,32893,63.50,20.778
84722,16233,63.50,20.778
84731,32893,63.50,20.778
84733,16233,63.50,20.778
84741,32893,63.50,20.778
84742,16233,63.50,20.778
84751,32893,63.50,20.778
84752,16233,63.50,20.778
84761,32893,63.50,20.778
84762,16233,63.50,20.778
84771,32893,63.50,20.778
84772,16233,63.50,20.778
84781,32893,63.50,20.778
84782,16233,63.50,20.778
84791,32893,63.50,20.778
84793,16233,63.50,20.778
84801,32893,63.50,20.778
84803,16233,63.50,20.778
84811,32893,63.50,20.778
84812,16233,63.50,20.778
84820,32893,63.50,20.778
84823,16233,63.50,20.778
84831,32893,63.50,20.778
84832,16233,63.50,20.778
84840,32893,63.50,20.778
84842,16233,63.50,20.778
84850,32893,63.50,20.778
84852,16233,63.50,20.778
84860,32893,63.50,20.778
84863,16233,63.50,20.778
84871,32893,63.50,20.778
84872,16233,63.50,20.778
84881,32893,63.50,20.778
84882,16233,63.50,20.778
84891,32893,63.50,20.778
84892,16233,63.50,20.778
84900,32893,63.50,20.778
84902,16233,63.50,20.778
84911,32893,63.50,20.778
84913,16233,63.50,20.778
84921,32893,63.50,20.778
84922,16233,63.50,20.778
84931,32893,63.50,20.778
84933,16233,63.50,20.778
84941,32893,63.50,20.778
84943,16233,63.50,20.778
84951,32893,63.50,20.778
84953,16233,63.50,20.778
84961,32893,63.50,20.778
84963,16233,63.50,20.778
84971,32893,63.50,20.778
84973,16233,63.50,20.778
84981,32893,63.50,20.778
84982,16233,63.50,20.778
84990,32893,63.50,20.778
84992,16233,63.50,20.778
85000,32893,63.50,20.778
85003,16233,63.50,20.778
85011,32893,63.50,20.778
85013,16233,63.50,20.778
85021,32893,63.50,20.778
85022,16233,63.50,20.778
85031,32893,63.50,20.778
85032,16233,63.50,20.778
85041,32893,63.50,20.778
85042,16233,63.50,20.778
85051,32893,63.50,20.778
85052,16233,63.50,20.778
85061,32893,63.50,20.778
85062,16233,63.50,20.778
85071,32893,63.50,20.778
85072,16233,63.50,20.778
85081,32893,63.50,20.778
85082,16233,63.50,20.778
85091,32893,63.50,20.778
85092,16233,63.50,20.778
85101,32893,63.50,20.778
85102,16233,63.50,20.778
85111,32893,63.50,20.778
85112,16233,63.50,20.778
85120,32893,63.50,20.778
85123,16233,63.50,20.778
85130,32893,63.50,20.778
85133,16233,63.50,20.778
85141,32893,63.50,20.778
85142,16233,63.50,20.778
85151,32893,63.50,20.778
85152,16233,63.50,20.778
85161,32893,63.50,20.778
85162,16233,63.50,20.778
85170,32893,63.50,20.778
85172,16233,63.50,20.778
85180,32893,63.50,20.778
85182,16233,63.50,20.778
85190,32893,63.50,20.778
85192,16233,63.50,20.778
85200,32893,63.50,20.778
85202,16233,63.50,20.778
85211,32893,63.50,20.778
85212,16233,63.50,20.778
85221,32893,63.50,20.778
85222,16233,63.50,20.778
85231,32893,63.50,20.778
85232,16233,63.50,20.778
85241,32893,63.50,20.778
85242,16233,63.50,20.778
85250,32893,63.50,20.778
85252,16233,63.50,20.778
85261,32893,63.50,20.778
85262,16233,63.50,20.778
85270,32893,63.50,20.778
85272,16233,63.50,20.778
85281,32893,63.50,20.778
85282,16233,63.50,20.778
85290,32893,63.50,20.778
85292,16233,63.50,20.778
85301,32893,63.50,20.778
85302,16233,63.50,20.778
85311,32893,63.50,20.778
85312,16233,63.50,20.778
85321,32893,63.50,20.778
85322,16233,63.50,20.778
85331,32893,63.50,20.778
85332,16233,63.50,20.778
85340,32893,63.50,20.778
85342,16233,63.50,20.778
85351,32893,63.50,20.778
85353,16233,63.50,20.778
85361,32893,63.50,20.778
85362,16233,63.50,20.778
85371,32893,63.50,20.778
85372,16233,63.50,20.778
85381,32893,63.50,20.778
85382,16233,63.50,20.778
85391,32893,63.50,20.778
85393,16233,63.50,20.778
85401,32893,63.50,20.778
85402,16233,63.50,20.778
85410,32893,63.50,20.778
85412,16233,63.50,20.778
85420,32893,63.50,20.778
85422,16233,63.50,20.778
85430,32893,63.50,20.778
85432,16233,63.50,20.778
85440,32893,63.50,20.778
85442,16233,63.50,20.778
85451,32893,63.50,20.778
85452,16233,63.50,20.778
85461,32893,63.50,20.778
85463,16233,63.50,20.778
85470,32893,63.50,20.778
85473,16233,63.50,20.778
85481,32893,63.50,20.778
85482,16233,63.50,20.778
85491,32893,63.50,20.778
85492,16233,63.50,20.778
85500,32893,63.50,20.778
85502,16233,63.50,20.778
85510,32893,63.50,20.778
85512,16233,63.50,20.778
85521,32893,63.50,20.778
85522,16233,63.50,20.778
85531,32893,63.50,20.778
85532,16233,63.50,20.778
85540,32893,63.50,20.778
85542,16233,63.50,20.778
85550,32893,63.50,20.778
85552,16233,63.50,20.778
85561,32893,63.50,20.778
85562,16233,63.50,20.778
85571,32893,63.50,20.778
85572,16233,63.50,20.778
85581,32893,63.50,20.778
85582,16233,63.50,20.778
85591,32893,63.50,20.778
85592,16233,63.50,20.778
85601,32893,63.50,20.778
85602,16233,63.50,20.778
85611,32893,63.50,20.778
85613,16233,63.50,20.778
85621,32893,63.50,20.778
85622,16233,63.50,20.778
85631,32893,63.50,20.778
85632,16233,63.50,20.778
85641,32893,63.50,20.778
85642,16233,63.50,20.778
85651,32893,63.50,20.778
85652,16233,63.50,20.778
85660,32893,63.50,20.778
85662,16233,63.50,20.778
85671,32893,63.50,20.778
85672,16233,63.50,20.778
85681,32893,63.50,20.778
85682,16233,63.50,20.778
85691,32893,63.50,20.778
85693,16233,63.50,20.778
85701,32893,63.50,20.778
85702,16233,63.50,20.778
85711,32893,63.50,20.778
85712,16233,63.50,20.778
85720,32893,63.50,20.778
85722,16233,63.50,20.778
85730,32893,63.50,20.778
85732,16233,63.50,20.778
85740,32893,63.50,20.778
85742,16233,63.50,20.778
85751,32893,63.50,20.778
85752,16233,63.50,20.778
85761,32893,63.50,20.778
85762,16233,63.50,20.778
85770,32893,63.50,20.778
85772,16233,63.50,20.778
85781,32893,63.50,20.778
85782,16233,63.50,20.778
85790,32893,63.50,20.778
85792,16233,63.50,20.778
85800,32893,63.50,20.778
85802,16233,63.50,20.778
85810,32893,63.50,20.778
85812,16233,63.50,20.778
85820,32893,63.50,20.778
85822,16233,63.50,20.778
85830,32893,63.50,20.778
85832,16233,63.50,20.778
85840,32893,63.50,20.778
85842,16233,63.50,20.778
85850,32893,63.50,20.778
85852,16233,63.50,20.778
85860,32893,63.50,20.778
85862,16233,63.50,20.778
85870,32893,63.50,20.778
85872,16233,63.50,20.778
85880,32893,63.50,20.778
85882,16233,63.50,20.778
85890,32893,63.50,20.778
85892,16233,63.50,20.778
85900,32893,63.50,20.778
85902,16233,63.50,20.778
85911,32893,63.50,20.778
85912,16233,63.50,20.778
85920,32893,63.50,20.778
85922,16233,63.50,20.778
85931,32893,63.50,20.778
85932,16233,63.50,20.778
85941,32893,63.50,20.778
85942,16233,63.50,20.778
85951,32893,63.50,20.778
85952,16233,63.50,20.778
85961,32893,63.50,20.778
85962,16233,63.50,20.778
85971,32893,63.50,20.778
85973,16233,63.50,20.778
85981,32893,63.50,20.778
85982,16233,63.50,20.778
85991,32893,63.50,20.778
85993,16233,63.50,20.778
86000,32893,63.50,20.778
86002,16233,63.50,20.778
86011,32893,63.50,20.778
86012,16233,63.50,20.778
86021,32893,63.50,20.778
86022,16233,63.50,20.778
86031,32893,63.50,20.778
86033,16233,63.50,20.778
86040,32893,63.50,20.778
86042,16233,63.50,20.778
86051,32893,63.50,20.778
86052,16233,63.50,20.778
86061,32893,63.50,20.778
86062,16233,63.50,20.778
86071,32893,63.50,20.778
86072,16233,63.50,20.778
86081,32893,63.50,20.778
86082,16233,63.50,20.778
86091,32893,63.50,20.778
86092,16233,63.50,20.778
86101,32893,63.50,20.778
86102,16233,63.50,20.778
86111,32893,63.50,20.778
86112,16233,63.50,20.778
86121,32893,63.50,20.778
86122,16233,63.50,20.778
86131,32893,63.50,20.778
86133,16233,63.50,20.778
86141,32893,63.50,20.778
86142,16233,63.50,20.778
86151,32893,63.50,20.778
86153,16233,63.50,20.778
86161,32893,63.50,20.778
86163,16233,63.50,20.778
86171,32893,63.50,20.778
86172,16233,63.50,20.778
86180,32893,63.50,20.778
86182,16233,63.50,20.778
86190,32893,63.50,20.778
86193,16233,63.50,20.778
86200,32893,63.50,20.778
86202,16233,63.50,20.778
86210,32893,63.50,20.778
86212,16233,63.50,20.778
86221,32893,63.50,20.778
86222,16233,63.50,20.778
86231,32893,63.50,20.778
86232,16233,63.50,20.778
86241,32893,63.50,20.778
86242,16233,63.50,20.778
86251,32893,63.50,20.778
86252,16233,63.50,20.778
86261,32893,63.50,20.778
86262,16233,63.50,20.778
86271,32893,63.50,20.778
86272,16233,63.50,20.778
86281,32893,63.50,20.778
86282,16233,63.50,20.778
86291,32893,63.50,20.778
86292,16233,63.50,20.778
86301,32893,63.50,20.778
86302,16233,63.50,20.778
86311,32893,63.50,20.778
86313,16233,63.50,20.778
86321,32893,63.50,20.778
86322,16233,63.50,20.778
86330,32893,63.50,20.778
86332,16233,63.50,20.778
86341,32893,63.50,20.778
86342,16233,63.50,20.778
86351,32893,63.50,20.778
86353,16233,63.50,20.778
86361,32893,63.50,20.778
86362,16233,63.50,20.778
86371,32893,63.50,20.778
86372,16233,63.50,20.778
86380,32893,63.50,20.778
86382,16233,63.50,20.778
86391,32893,63.50,20.778
86392,16233,63.50,20.778
86401,32893,63.50,20.778
86402,16233,63.50,20.778
86411,32893,63.50,20.778
86413,16233,63.50,20.778
86420,32893,63.50,20.778
86422,16233,63.50,20.778
86430,32893,63.50,20.778
86432,16233,63.50,20.778
86441,32893,63.50,20.778
86442,16233,63.50,20.778
86451,32893,63.50,20.778
86453,16233,63.50,20.778
86460,32893,63.50,20.778
86462,16233,63.50,20.778
86471,32893,63.50,20.778
86473,16233,63.50,20.778
86481,32893,63.50,20.778
86482,16233,63.50,20.778
86491,32893,63.50,20.778
86492,16233,63.50,20.778
86501,32893,63.50,20.778
86502,16233,63.50,20.778
86511,32893,63.50,20.778
86512,16233,63.50,20.778
86521,32893,63.50,20.778
86522,16233,63.50,20.778
86531,32893,63.50,20.778
86532,16233,63.50,20.778
86541,32893,63.50,20.778
86542,16233,63.50,20.778
86550,32893,63.50,20.778
86552,16233,63.50,20.778
86561,32893,63.50,20.778
86562,16233,63.50,20.778
86570,32893,63.50,20.778
86573,16233,63.50,20.778
86581,32893,63.50,20.778
86582,16233,63.50,20.778
86590,32893,63.50,20.778
86592,16233,63.50,20.778
86600,32893,63.50,20.778
86602,16233,63.50,20.778
86610,32893,63.50,20.778
86613,16233,63.50,20.778
86621,32893,63.50,20.778
86623,16233,63.50,20.778
86630,32893,63.50,20.778
86632,16233,63.50,20.778
86640,32893,63.50,20.778
86642,16233,63.50,20.778
86651,32893,63.50,20.778
86652,16233,63.50,20.778
86661,32893,63.50,20.778
86662,16233,63.50,20.778
86671,32893,63.50,20.778
86672,16233,63.50,20.778
86681,32893,63.50,20.778
86682,16233,63.50,20.778
86691,32893,63.50,20.778
86692,16233,63.50,20.778
86700,32893,63.50,20.778
86702,16233,63.50,20.778
86711,32893,63.50,20.778
86712,16233,63.50,20.778
86720,32893,63.50,20.778
86723,16233,63.50,20.778
86731,32893,63.50,20.778
86733,16233,63.50,20.778
86741,32893,63.50,20.778
86742,16233,63.50,20.778
86750,32893,63.50,20.778
86752,16233,63.50,20.778
86761,32893,63.50,20.778
86762,16233,63.50,20.778
86770,32893,63.50,20.778
86772,16233,63.50,20.778
86780,32893,63.50,20.778
86782,16233,63.50,20.778
86790,32893,63.50,20.778
86792,16233,63.50,20.778
86800,32893,63.50,20.778
86802,16233,63.50,20.778
86811,32893,63.50,20.778
86813,16233,63.50,20.778
86821,32893,63.50,20.778
86822,16233,63.50,20.778
86830,32893,63.50,20.778
86832,16233,63.50,20.778
86840,32893,63.50,20.778
86843,16233,63.50,20.778
86851,32893,63.50,20.778
86852,16233,63.50,20.778
86861,32893,63.50,20.778
86862,16233,63.50,20.778
86871,32893,63.50,20.778
86872,16233,63.50,20.778
86881,32893,63.50,20.778
86882,16233,63.50,20.778
86891,32893,63.50,20.778
86892,16233,63.50,20.778
86901,32893,63.50,20.778
86902,16233,63.50,20.778
86910,32893,63.50,20.778
86912,16233,63.50,20.778
86921,32893,63.50,20.778
86922,16233,63.50,20.778
86931,32893,63.50,20.778
86932,16233,63.50,20.778
86940,32893,63.50,20.778
86942,16233,63.50,20.778
86951,32893,63.50,20.778
86953,16233,63.50,20.778
86961,32893,63.50,20.778
86962,16233,63.50,20.778
86971,32893,63.50,20.778
86972,16233,63.50,20.778
86981,32893,63.50,20.778
86982,16233,63.50,20.778
86991,32893,63.50,20.778
86992,16233,63.50,20.778
87001,32893,63.50,20.778
87002,16233,63.50,20.778
87011,32893,63.50,20.778
87012,16233,63.50,20.778
87020,32893,63.50,20.778
87022,16233,63.50,20.778
87030,32893,63.50,20.778
87032,16233,63.50,20.778
87041,32893,63.50,20.778
87042,16233,63.50,20.778
87050,32893,63.50,20.778
87052,16233,63.50,20.778
87061,32893,63.50,20.778
87062,16233,63.50,20.778
87071,32893,63.50,20.778
87072,16233,63.50,20.778
87081,32893,63.50,20.778
87082,16233,63.50,20.778
87090,32893,63.50,20.778
87092,16233,63.50,20.778
87100,32893,63.50,20.778
87102,16233,63.50,20.778
87111,32893,63.50,20.778
87113,16233,63.50,20.778
87121,32893,63.50,20.778
87122,16233,63.50,20.778
87131,32893,63.50,20.778
87132,16233,63.50,20.778
87141,32893,63.50,20.778
87142,16233,63.50,20.778
87151,32893,63.50,20.778
87153,16233,63.50,20.778
87161,32893,63.50,20.778
87163,16233,63.50,20.778
87170,32893,63.50,20.778
87172,16233,63.50,20.778
87180,32893,63.50,20.778
87182,16233,63.50,20.778
87190,32893,63.50,20.778
87192,16233,63.50,20.778
87200,32893,63.50,20.778
87202,16233,63.50,20.778
87210,32893,63.50,20.778
87213,16233,63.50,20.778
87221,32893,63.50,20.778
87222,16233,63.50,20.778
87231,32893,63.50,20.778
87232,16233,63.50,20.778
87241,32893,63.50,20.778
87242,16233,63.50,20.778
87250,32893,63.50,20.778
87252,16233,63.50,20.778
87261,32893,63.50,20.778
87262,16233,63.50,20.778
87271,32893,63.50,20.778
87273,16233,63.50,20.778
87281,32893,63.50,20.778
87282,16233,63.50,20.778
87291,32893,63.50,20.778
87292,16233,63.50,20.778
87300,32893,63.50,20.778
87302,16233,63.50,20.778
87311,32893,63.50,20.778
87312,16233,63.50,20.778
87321,32893,63.50,20.778
87322,16233,63.50,20.778
87331,32893,63.50,20.778
87333,16233,63.50,20.778
87341,32893,63.50,20.778
87343,16233,63.50,20.778
87351,32893,63.50,20.778
87352,16233,63.50,20.778
87361,32893,63.50,20.778
87362,16233,63.50,20.778
87371,32893,63.50,20.778
87372,16233,63.50,20.778
87381,32893,63.50,20.778
87382,16233,63.50,20.778
87391,32893,63.50,20.778
87392,16233,63.50,20.778
87401,32893,63.50,20.778
87402,16233,63.50,20.778
87411,32893,63.50,20.778
87413,16233,63.50,20.778
87420,32893,63.50,20.778
87423,16233,63.50,20.778
87430,32893,63.50,20.778
87433,16233,63.50,20.778
87440,32893,63.50,20.778
87442,16233,63.50,20.778
87450,32893,63.50,20.778
87452,16233,63.50,20.778
87461,32893,63.50,20.778
87462,16233,63.50,20.778
87471,32893,59.00,19.305
87473,16233,63.50,20.778
87481,32893,59.00,19.305
87483,16233,63.50,20.778
87490,32893,59.00,19.305
87492,16233,63.50,20.778
87501,32893,59.00,19.305
87502,16233,63.50,20.778
87511,32893,59.00,19.305
87512,16233,63.50,20.778
87521,32893,59.00,19.305
87522,16233,63.50,20.778
87530,32893,59.00,19.305
87532,16233,63.50,20.778
87540,32893,59.00,19.305
87542,16233,63.50,20.778
87550,32893,59.00,19.305
87552,16233,63.50,20.778
87560,32893,59.00,19.305
87562,16233,63.50,20.778
87570,32893,59.00,19.305
87572,16233,63.50,20.778
87581,32893,59.00,19.305
87582,16233,63.50,20.778
87591,32893,59.00,19.305
87592,16233,63.50,20.778
87601,32893,59.00,19.305
87602,16233,63.50,20.778
87611,32893,59.00,19.305
87612,16233,63.50,20.778
87620,32893,59.00,19.305
87622,16233,63.50,20.778
87631,32893,59.00,19.305
87632,16233,63.50,20.778
87641,32893,59.00,19.305
87642,16233,63.50,20.778
87651,32893,59.00,19.305
87652,16233,63.50,20.778
87660,32893,59.00,19.305
87662,16233,63.50,20.778
87670,32893,59.00,19.305
87672,16233,63.50,20.778
87681,32893,59.00,19.305
87682,16233,63.50,20.778
87691,32893,59.00,19.305
87693,16233,63.50,20.778
87701,32893,59.00,19.305
87702,16233,63.50,20.778
87711,32893,59.00,19.305
87712,16233,63.50,20.778
87721,32893,59.00,19.305
87722,16233,63.50,20.778
87731,32893,59.00,19.305
87732,16233,63.50,20.778
87741,32893,59.00,19.305
87742,16233,63.50,20.778
87751,32893,59.00,19.305
87752,16233,63.50,20.778
87761,32893,59.00,19.305
87762,16233,63.50,20.778
87770,32893,59.00,19.305
87772,16233,63.50,20.778
87780,32893,59.00,19.305
87782,16233,63.50,20.778
87791,32893,59.00,19.305
87792,16233,63.50,20.778
87801,32893,59.00,19.305
87802,16233,63.50,20.778
87810,32893,59.00,19.305
87812,16233,63.50,20.778
87820,32893,59.00,19.305
87822,16233,63.50,20.778
87831,32893,59.00,19.305
87832,16233,63.50,20.778
87841,32893,59.00,19.305
87842,16233,63.50,20.778
87851,32893,59.00,19.305
87852,16233,63.50,20.778
87861,32893,59.00,19.305
87862,16233,63.50,20.778
87871,32893,59.00,19.305
87872,16233,63.50,20.778
87881,32893,59.00,19.305
87882,16233,63.50,20.778
87891,32893,59.00,19.305
87892,16233,63.50,20.778
87900,32893,59.00,19.305
87902,16233,63.50,20.778
87911,32893,59.00,19.305
87912,16233,63.50,20.778
87921,32893,59.00,19.305
87922,16233,63.50,20.778
87931,32893,59.00,19.305
87932,16233,63.50,20.778
87941,32893,59.00,19.305
87943,16233,63.50,20.778
87951,32893,59.00,19.305
87952,16233,63.50,20.778
87961,32893,59.00,19.305
87962,16233,63.50,20.778
87970,32893,59.00,19.305
87972,16233,63.50,20.778
87980,32893,59.00,19.305
87982,16233,63.50,20.778
87990,32893,59.00,19.305
87992,16233,63.50,20.778
88000,32893,59.00,19.305
88002,16233,63.50,20.778
88010,32893,59.00,19.305
88012,16233,63.50,20.778
88020,32893,59.00,19.305
88022,16233,63.50,20.778
88031,32893,59.00,19.305
88033,16233,63.50,20.778
88041,32893,59.00,19.305
88042,16233,63.50,20.778
88051,32893,59.00,19.305
88052,16233,63.50,20.778
88060,32893,59.00,19.305
88062,16233,63.50,20.778
88070,32893,59.00,19.305
88072,16233,63.50,20.778
88081,32893,59.00,19.305
88082,16233,63.50,20.778
88091,32893,59.00,19.305
88092,16233,63.50,20.778
88101,32893,59.00,19.305
88102,16233,63.50,20.778
88111,32893,59.00,19.305
88112,16233,63.50,20.778
88121,32893,59.00,19.305
88122,16233,63.50,20.778
88131,32893,59.00,19.305
88132,16233,63.50,20.778
88141,32893,59.00,19.305
88142,16233,63.50,20.778
88151,32893,59.00,19.305
88152,16233,63.50,20.778
88161,32893,59.00,19.305
88162,16233,63.50,20.778
88171,32893,59.00,19.305
88172,16233,63.50,20.778
88181,32893,59.00,19.305
88182,16233,63.50,20.778
88191,32893,59.00,19.305
88193,16233,63.50,20.778
88201,32893,59.00,19.305
88202,16233,63.50,20.778
88210,32893,59.00,19.305
88213,16233,63.50,20.778
88221,32893,59.00,19.305
88222,16233,63.50,20.778
88231,32893,59.00,19.305
88232,16233,63.50,20.778
88240,32893,59.00,19.305
88242,16233,63.50,20.778
88251,32893,59.00,19.305
88252,16233,63.50,20.778
88260,32893,59.00,19.305
88262,16233,63.50,20.778
88271,32893,59.00,19.305
88272,16233,63.50,20.778
88281,32893,59.00,19.305
88283,16233,63.50,20.778
88291,32893,59.00,19.305
88293,16233,63.50,20.778
88301,32893,59.00,19.305
88302,16233,63.50,20.778
88310,32893,59.00,19.305
88312,16233,63.50,20.778
88321,32893,59.00,19.305
88322,16233,63.50,20.778
88330,32893,59.00,19.305
88332,16233,63.50,20.778
88341,32893,59.00,19.305
88342,16233,63.50,20.778
88351,32893,59.00,19.305
88352,16233,63.50,20.778
88361,32893,59.00,19.305
88362,16233,63.50,20.778
88371,32893,59.00,19.305
88372,16233,63.50,20.778
88380,32893,59.00,19.305
88382,16233,63.50,20.778
88390,32893,59.00,19.305
88392,16233,63.50,20.778
88400,32893,59.00,19.305
88402,16233,63.50,20.778
88411,32893,59.00,19.305
88412,16233,63.50,20.778
88420,32893,59.00,19.305
88422,16233,63.50,20.778
88430,32893,59.00,19.305
88432,16233,63.50,20.778
88440,32893,59.00,19.305
88442,16233,63.50,20.778
88450,32893,59.00,19.305
88452,16233,63.50,20.778
88461,32893,59.00,19.305
88463,16233,63.50,20.778
88470,32893,59.00,19.305
88473,16233,63.50,20.778
88481,32893,59.00,19.305
88482,16233,63.50,20.778
88490,32893,59.00,19.305
88492,16233,63.50,20.778
88500,32893,59.00,19.305
88502,16233,63.50,20.778
88510,32893,59.00,19.305
88512,16233,63.50,20.778
88520,32893,59.00,19.305
88522,16233,63.50,20.778
88530,32893,59.00,19.305
88532,16233,63.50,20.778
88540,32893,59.00,19.305
88542,16233,63.50,20.778
88551,32893,59.00,19.305
88552,16233,63.50,20.778
88561,32893,59.00,19.305
88562,16233,63.50,20.778
88571,32893,59.00,19.305
88572,16233,63.50,20.778
88581,32893,59.00,19.305
88583,16233,63.50,20.778
88590,32893,59.00,19.305
88592,16233,63.50,20.778
88601,32893,59.00,19.305
88602,16233,63.50,20.778
88611,32893,59.00,19.305
88613,16233,63.50,20.778
88621,32893,59.00,19.305
88623,16233,63.50,20.778
88631,32893,59.00,19.305
88632,16233,63.50,20.778
88641,32893,59.00,19.305
88642,16233,63.50,20.778
88651,32893,59.00,19.305
88652,16233,63.50,20.778
88661,32893,59.00,19.305
88663,16233,63.50,20.778
88671,32893,59.00,19.305
88673,16233,63.50,20.778
88680,32893,59.00,19.305
88682,16233,63.50,20.778
88691,32893,59.00,19.305
88692,16233,63.50,20.778
88701,32893,59.00,19.305
88702,16233,63.50,20.778
88710,32893,59.00,19.305
88712,16233,63.50,20.778
88721,32893,59.00,19.305
88722,16233,63.50,20.778
88731,32893,59.00,19.305
88732,16233,63.50,20.778
88740,32893,59.00,19.305
88742,16233,63.50,20.778
88751,32893,59.00,19.305
88752,16233,63.50,20.778
88761,32893,59.00,19.305
88763,16233,63.50,20.778
88771,32893,59.00,19.305
88773,16233,63.50,20.778
88781,32893,59.00,19.305
88782,16233,63.50,20.778
88791,32893,59.00,19.305
88793,16233,63.50,20.778
88800,32893,59.00,19.305
88803,16233,63.50,20.778
88810,32893,59.00,19.305
88812,16233,63.50,20.778
88821,32893,59.00,19.305
88822,16233,63.50,20.778
88830,32893,59.00,19.305
88832,16233,63.50,20.778
88840,32893,59.00,19.305
88842,16233,63.50,20.778
88850,32893,59.00,19.305
88852,16233,63.50,20.778
88860,32893,59.00,19.305
88862,16233,63.50,20.778
88870,32893,59.00,19.305
88872,16233,63.50,20.778
88881,32893,59.00,19.305
88882,16233,63.50,20.778
88890,32893,59.00,19.305
88892,16233,63.50,20.778
88901,32893,59.00,19.305
88902,16233,63.50,20.778
88911,32893,59.00,19.305
88912,16233,63.50,20.778
88920,32893,59.00,19.305
88922,16233,63.50,20.778
88930,32893,59.00,19.305
88933,16233,63.50,20.778
88941,32893,59.00,19.305
88943,16233,63.50,20.778
88951,32893,59.00,19.305
88952,16233,63.50,20.778
88960,32893,59.00,19.305
88962,16233,63.50,20.778
88970,32893,59.00,19.305
88972,16233,63.50,20.778
88981,32893,59.00,19.305
88982,16233,63.50,20.778
88990,32893,59.00,19.305
88992,16233,63.50,20.778
89000,32893,59.00,19.305
89002,16233,63.50,20.778
89011,32893,59.00,19.305
89012,16233,63.50,20.778
89021,32893,59.00,19.305
89022,16233,63.50,20.778
89031,32893,59.00,19.305
89033,16233,63.50,20.778
89040,32893,59.00,19.305
89043,16233,63.50,20.778
89051,32893,59.00,19.305
89052,16233,63.50,20.778
89061,32893,59.00,19.305
89063,16233,63.50,20.778
89071,32893,59.00,19.305
89073,16233,63.50,20.778
89081,32893,59.00,19.305
89082,16233,63.50,20.778
89090,32893,59.00,19.305
89092,16233,63.50,20.778
89101,32893,59.00,19.305
89102,16233,63.50,20.778
89110,32893,59.00,19.305
89112,16233,63.50,20.778
89120,32893,59.00,19.305
89122,16233,63.50,20.778
89131,32893,59.00,19.305
89132,16233,63.50,20.778
89141,32893,59.00,19.305
89143,16233,63.50,20.778
89150,32893,59.00,19.305
89152,16233,63.50,20.778
89160,32893,59.00,19.305
89162,16233,63.50,20.778
89171,32893,59.00,19.305
89172,16233,63.50,20.778
89181,32893,59.00,19.305
89182,16233,63.50,20.778
89191,32893,59.00,19.305
89192,16233,63.50,20.778
89200,32893,59.00,19.305
89202,16233,63.50,20.778
89211,32893,59.00,19.305
89212,16233,63.50,20.778
89221,32893,59.00,19.305
89222,16233,63.50,20.778
89231,32893,59.00,19.305
89232,16233,63.50,20.778
89240,32893,59.00,19.305
89242,16233,63.50,20.778
89251,32893,59.00,19.305
89252,16233,63.50,20.778
89260,32893,59.00,19.305
89263,16233,63.50,20.778
89271,32893,59.00,19.305
89272,16233,63.50,20.778
89281,32893,59.00,19.305
89282,16233,63.50,20.778
89291,32893,59.00,19.305
89292,16233,63.50,20.778
89301,32893,59.00,19.305
89302,16233,63.50,20.778
89311,32893,59.00,19.305
89312,16233,63.50,20.778
89321,32893,59.00,19.305
89322,16233,63.50,20.778
89331,32893,59.00,19.305
89333,16233,63.50,20.778
89341,32893,59.00,19.305
89342,16233,63.50,20.778
89350,32893,59.00,19.305
89352,16233,63.50,20.778
89360,32893,59.00,19.305
89362,16233,63.50,20.778
89371,32893,59.00,19.305
89372,16233,63.50,20.778
89381,32893,59.00,19.305
89382,16233,63.50,20.778
89391,32893,59.00,19.305
89392,16233,63.50,20.778
89401,32893,59.00,19.305
89402,16233,63.50,20.778
89410,32893,59.00,19.305
89412,16233,63.50,20.778
89421,32893,59.00,19.305
89422,16233,63.50,20.778
89430,32893,59.00,19.305
89432,16233,63.50,20.778
89441,32893,59.00,19.305
89442,16233,63.50,20.778
89450,32893,59.00,19.305
89452,16233,63.50,20.778
89461,32893,59.00,19.305
89462,16233,63.50,20.778
89470,32893,59.00,19.305
89472,16233,63.50,20.778
89480,32893,59.00,19.305
89482,16233,63.50,20.778
89490,32893,59.00,19.305
89492,16233,63.50,20.778
89500,32893,59.00,19.305
89502,16233,63.50,20.778
89511,32893,59.00,19.305
89512,16233,63.50,20.778
89520,32893,59.00,19.305
89522,16233,63.50,20.778
89530,32893,59.00,19.305
89532,16233,63.50,20.778
89541,32893,59.00,19.305
89542,16233,63.50,20.778
89551,32893,59.00,19.305
89552,16233,63.50,20.778
89560,32893,59.00,19.305
89562,16233,63.50,20.778
89570,32893,59.00,19.305
89573,16233,63.50,20.778
89581,32893,59.00,19.305
89583,16233,63.50,20.778
89591,32893,59.00,19.305
89593,16233,63.50,20.778
89601,32893,59.00,19.305
89603,16233,63.50,20.778
89611,32893,59.00,19.305
89612,16233,63.50,20.778
89621,32893,59.00,19.305
89622,16233,63.50,20.778
89630,32893,59.00,19.305
89633,16233,63.50,20.778
89640,32893,59.00,19.305
89642,16233,63.50,20.778
89650,32893,59.00,19.305
89652,16233,63.50,20.778
89660,32893,59.00,19.305
89662,16233,63.50,20.778
89670,32893,59.00,19.305
89672,16233,63.50,20.778
89680,32893,59.00,19.305
89682,16233,63.50,20.778
89691,32893,59.00,19.305
89692,16233,63.50,20.778
89700,32893,59.00,19.305
89702,16233,63.50,20.778
89710,32893,59.00,19.305
89713,16233,63.50,20.778
89721,32893,59.00,19.305
89722,16233,63.50,20.778
89731,32893,59.00,19.305
89732,16233,63.50,20.778
89740,32893,59.00,19.305
89742,16233,63.50,20.778
89751,32893,59.00,19.305
89752,16233,63.50,20.778
89761,32893,59.00,19.305
89762,16233,63.50,20.778
89771,32893,59.00,19.305
89772,16233,63.50,20.778
89781,32893,59.00,19.305
89782,16233,63.50,20.778
89790,32893,59.00,19.305
89792,16233,63.50,20.778
89801,32893,59.00,19.305
89802,16233,63.50,20.778
89811,32893,59.00,19.305
89813,16233,63.50,20.778
89821,32893,59.00,19.305
89822,16233,63.50,20.778
89831,32893,59.00,19.305
89832,16233,63.50,20.778
89841,32893,59.00,19.305
89842,16233,63.50,20.778
89851,32893,59.00,19.305
89853,16233,63.50,20.778
89861,32893,59.00,19.305
89862,16233,63.50,20.778
89871,32893,59.00,19.305
89873,16233,63.50,20.778
89881,32893,59.00,19.305
89883,16233,63.50,20.778
89891,32893,59.00,19.305
89893,16233,63.50,20.778
89901,32893,59.00,19.305
89903,16233,63.50,20.778
89911,32893,59.00,19.305
89913,16233,63.50,20.778
89921,32893,59.00,19.305
89922,16233,63.50,20.778
89930,32893,59.00,19.305
89932,16233,63.50,20.778
89940,32893,59.00,19.305
89943,16233,63.50,20.778
89950,32893,59.00,19.305
89952,16233,63.50,20.778
89961,32893,59.00,19.305
89962,16233,63.50,20.778
89971,32893,59.00,19.305
89973,16233,63.50,20.778
89981,32893,59.00,19.305
89982,16233,63.50,20.778
89991,32893,59.00,19.305
89992,16233,63.50,20.778
