Time_ms,UE_ID,UL_SNR_dB,UL_SE_bit_per_s_Hz
0,32893,59.00,19.305
3,16233,63.50,20.778
10,32893,59.00,19.305
13,16233,63.50,20.778
20,32893,59.00,19.305
23,16233,63.50,20.778
31,32893,59.00,19.305
33,16233,63.50,20.778
41,32893,59.00,19.305
43,16233,63.50,20.778
51,32893,59.00,19.305
53,16233,63.50,20.778
60,32893,59.00,19.305
63,16233,63.50,20.778
71,32893,59.00,19.305
73,16233,63.50,20.778
81,32893,59.00,19.305
83,16233,63.50,20.778
90,32893,59.00,19.305
94,16233,63.50,20.778
101,32893,59.00,19.305
103,16233,63.50,20.778
110,32893,59.00,19.305
113,16233,63.50,20.778
121,32893,59.00,19.305
123,16233,63.50,20.778
131,32893,59.00,19.305
133,16233,63.50,20.778
141,32893,59.00,19.305
143,16233,63.50,20.778
150,32893,59.00,19.305
153,16233,63.50,20.778
160,32893,59.00,19.305
162,16233,63.50,20.778
170,32893,59.00,19.305
172,16233,63.50,20.778
180,32893,59.00,19.305
183,16233,63.50,20.778
190,32893,59.00,19.305
193,16233,63.50,20.778
200,32893,59.00,19.305
203,16233,63.50,20.778
211,32893,59.00,19.305
213,16233,63.50,20.778
220,32893,59.00,19.305
223,16233,63.50,20.778
230,32893,59.00,19.305
233,16233,63.50,20.778
241,32893,59.00,19.305
243,16233,63.50,20.778
251,32893,59.00,19.305
253,16233,63.50,20.778
260,32893,59.00,19.305
263,16233,63.50,20.778
271,32893,59.00,19.305
273,16233,63.50,20.778
280,32893,59.00,19.305
283,16233,63.50,20.778
290,32893,59.00,19.305
293,16233,63.50,20.778
301,32893,59.00,19.305
303,16233,63.50,20.778
310,32893,59.00,19.305
313,16233,63.50,20.778
321,32893,59.00,19.305
323,16233,63.50,20.778
330,32893,59.00,19.305
333,16233,63.50,20.778
340,32893,59.00,19.305
343,16233,63.50,20.778
351,32893,59.00,19.305
352,16233,63.50,20.778
360,32893,59.00,19.305
363,16233,63.50,20.778
370,32893,59.00,19.305
372,16233,63.50,20.778
380,32893,59.00,19.305
383,16233,63.50,20.778
391,32893,59.00,19.305
393,16233,63.50,20.778
400,32893,59.00,19.305
403,16233,63.50,20.778
411,32893,59.00,19.305
413,16233,63.50,20.778
421,32893,59.00,19.305
423,16233,63.50,20.778
431,32893,59.00,19.305
433,16233,63.50,20.778
440,32893,59.00,19.305
443,16233,63.50,20.778
450,32893,59.00,19.305
453,16233,63.50,20.778
460,32893,59.00,19.305
463,16233,63.50,20.778
471,32893,59.00,19.305
473,16233,63.50,20.778
480,32893,59.00,19.305
483,16233,63.50,20.778
491,32893,59.00,19.305
493,16233,63.50,20.778
501,32893,59.00,19.305
503,16233,63.50,20.778
511,32893,59.00,19.305
513,16233,63.50,20.778
521,32893,59.00,19.305
523,16233,63.50,20.778
531,32893,59.00,19.305
533,16233,63.50,20.778
541,32893,59.00,19.305
543,16233,63.50,20.778
551,32893,59.00,19.305
553,16233,63.50,20.778
561,32893,59.00,19.305
563,16233,63.50,20.778
571,32893,59.00,19.305
573,16233,63.50,20.778
581,32893,59.00,19.305
583,16233,63.50,20.778
591,32893,59.00,19.305
593,16233,63.50,20.778
601,32893,59.00,19.305
603,16233,63.50,20.778
611,32893,59.00,19.305
613,16233,63.50,20.778
621,32893,59.00,19.305
623,16233,63.50,20.778
631,32893,59.00,19.305
633,16233,63.50,20.778
640,32893,59.00,19.305
643,16233,63.50,20.778
651,32893,59.00,19.305
653,16233,63.50,20.778
661,32893,59.00,19.305
663,16233,63.50,20.778
670,32893,59.00,19.305
673,16233,63.50,20.778
680,32893,59.00,19.305
683,16233,63.50,20.778
690,32893,59.00,19.305
693,16233,63.50,20.778
700,32893,59.00,19.305
703,16233,63.50,20.778
710,32893,59.00,19.305
712,16233,63.50,20.778
720,32893,59.00,19.305
723,16233,63.50,20.778
730,32893,59.00,19.305
733,16233,63.50,20.778
741,32893,59.00,19.305
743,16233,63.50,20.778
750,32893,59.00,19.305
753,16233,63.50,20.778
760,32893,59.00,19.305
763,16233,63.50,20.778
770,32893,59.00,19.305
773,16233,63.50,20.778
780,32893,59.00,19.305
783,16233,63.50,20.778
790,32893,59.00,19.305
793,16233,63.50,20.778
801,32893,59.00,19.305
803,16233,63.50,20.778
810,32893,59.00,19.305
812,16233,63.50,20.778
820,32893,59.00,19.305
822,16233,63.50,20.778
831,32893,59.00,19.305
833,16233,63.50,20.778
841,32893,59.00,19.305
843,16233,63.50,20.778
850,32893,59.00,19.305
853,16233,63.50,20.778
861,32893,59.00,19.305
863,16233,63.50,20.778
870,32893,59.00,19.305
873,16233,63.50,20.778
880,32893,59.00,19.305
883,16233,63.50,20.778
890,32893,59.00,19.305
893,16233,63.50,20.778
900,32893,59.00,19.305
903,16233,63.50,20.778
910,32893,59.00,19.305
913,16233,63.50,20.778
921,32893,59.00,19.305
923,16233,63.50,20.778
930,32893,59.00,19.305
933,16233,63.50,20.778
940,32893,59.00,19.305
943,16233,63.50,20.778
950,32893,59.00,19.305
953,16233,63.50,20.778
960,32893,59.00,19.305
963,16233,63.50,20.778
970,32893,59.00,19.305
973,16233,63.50,20.778
980,32893,59.00,19.305
983,16233,63.50,20.778
990,32893,59.00,19.305
993,16233,63.50,20.778
1000,32893,59.00,19.305
1003,16233,63.50,20.778
1010,32893,59.00,19.305
1013,16233,63.50,20.778
1020,32893,59.00,19.305
1023,16233,63.50,20.778
1030,32893,59.00,19.305
1032,16233,63.50,20.778
1040,32893,59.00,19.305
1043,16233,63.50,20.778
1050,32893,59.00,19.305
1053,16233,63.50,20.778
1060,32893,59.00,19.305
1063,16233,63.50,20.778
1071,32893,59.00,19.305
1073,16233,63.50,20.778
1080,32893,59.00,19.305
1082,16233,63.50,20.778
1090,32893,59.00,19.305
1093,16233,63.50,20.778
1100,32893,59.00,19.305
1103,16233,63.50,20.778
1111,32893,59.00,19.305
1113,16233,63.50,20.778
1121,32893,59.00,19.305
1123,16233,63.50,20.778
1131,32893,59.00,19.305
1133,16233,63.50,20.778
1141,32893,59.00,19.305
1143,16233,63.50,20.778
1150,32893,59.00,19.305
1153,16233,63.50,20.778
1161,32893,59.00,19.305
1163,16233,63.50,20.778
1170,32893,59.00,19.305
1173,16233,63.50,20.778
1181,32893,59.00,19.305
1183,16233,63.50,20.778
1191,32893,59.00,19.305
1193,16233,63.50,20.778
1201,32893,59.00,19.305
1203,16233,63.50,20.778
1211,32893,59.00,19.305
1213,16233,63.50,20.778
1220,32893,59.00,19.305
1223,16233,63.50,20.778
1230,32893,59.00,19.305
1233,16233,63.50,20.778
1241,32893,59.00,19.305
1243,16233,63.50,20.778
1250,32893,59.00,19.305
1253,16233,63.50,20.778
1260,32893,59.00,19.305
1263,16233,63.50,20.778
1270,32893,59.00,19.305
1273,16233,63.50,20.778
1280,32893,59.00,19.305
1283,16233,63.50,20.778
1290,32893,59.00,19.305
1293,16233,63.50,20.778
1300,32893,59.00,19.305
1303,16233,63.50,20.778
1311,32893,59.00,19.305
1313,16233,63.50,20.778
1320,32893,59.00,19.305
1323,16233,63.50,20.778
1330,32893,59.00,19.305
1333,16233,63.50,20.778
1341,32893,59.00,19.305
1343,16233,63.50,20.778
1350,32893,59.00,19.305
1352,16233,63.50,20.778
1361,32893,59.00,19.305
1363,16233,63.50,20.778
1370,32893,59.00,19.305
1373,16233,63.50,20.778
1381,32893,59.00,19.305
1383,16233,63.50,20.778
1390,32893,59.00,19.305
1393,16233,63.50,20.778
1400,32893,59.00,19.305
1403,16233,63.50,20.778
1410,32893,59.00,19.305
1413,16233,63.50,20.778
1420,32893,59.00,19.305
1423,16233,63.50,20.778
1430,32893,59.00,19.305
1433,16233,63.50,20.778
1440,32893,59.00,19.305
1443,16233,63.50,20.778
1450,32893,59.00,19.305
1452,16233,63.50,20.778
1461,32893,59.00,19.305
1463,16233,63.50,20.778
1470,32893,59.00,19.305
1473,16233,63.50,20.778
1480,32893,59.00,19.305
1483,16233,63.50,20.778
1490,32893,59.00,19.305
1493,16233,63.50,20.778
1500,32893,59.00,19.305
1503,16233,63.50,20.778
1510,32893,59.00,19.305
1513,16233,63.50,20.778
1520,32893,59.00,19.305
1523,16233,63.50,20.778
1531,32893,59.00,19.305
1533,16233,63.50,20.778
1541,32893,59.00,19.305
1543,16233,63.50,20.778
1550,32893,59.00,19.305
1553,16233,63.50,20.778
1560,32893,59.00,19.305
1563,16233,63.50,20.778
1571,32893,59.00,19.305
1572,16233,63.50,20.778
1580,32893,59.00,19.305
1582,16233,63.50,20.778
1591,32893,59.00,19.305
1592,16233,63.50,20.778
1600,32893,59.00,19.305
1603,16233,63.50,20.778
1610,32893,59.00,19.305
1613,16233,63.50,20.778
1621,32893,59.00,19.305
1623,16233,63.50,20.778
1631,32893,59.00,19.305
1633,16233,63.50,20.778
1640,32893,59.00,19.305
1643,16233,63.50,20.778
1651,32893,59.00,19.305
1653,16233,63.50,20.778
1661,32893,59.00,19.305
1663,16233,63.50,20.778
1670,32893,59.00,19.305
1673,16233,63.50,20.778
1681,32893,59.00,19.305
1683,16233,63.50,20.778
1690,32893,59.00,19.305
1693,16233,63.50,20.778
1701,32893,59.00,19.305
1703,16233,63.50,20.778
1710,32893,59.00,19.305
1712,16233,63.50,20.778
1720,32893,59.00,19.305
1723,16233,63.50,20.778
1730,32893,59.00,19.305
1733,16233,63.50,20.778
1741,32893,59.00,19.305
1743,16233,63.50,20.778
1751,32893,59.00,19.305
1753,16233,63.50,20.778
1761,32893,59.00,19.305
1762,16233,63.50,20.778
1771,32893,59.00,19.305
1773,16233,63.50,20.778
1781,32893,59.00,19.305
1783,16233,63.50,20.778
1791,32893,59.00,19.305
1793,16233,63.50,20.778
1801,32893,59.00,19.305
1803,16233,63.50,20.778
1811,32893,59.00,19.305
1813,16233,63.50,20.778
1822,32893,59.00,19.305
1823,16233,63.50,20.778
1830,32893,59.00,19.305
1833,16233,63.50,20.778
1840,32893,59.00,19.305
1843,16233,63.50,20.778
1851,32893,59.00,19.305
1853,16233,63.50,20.778
1860,32893,59.00,19.305
1863,16233,63.50,20.778
1871,32893,59.00,19.305
1873,16233,63.50,20.778
1880,32893,59.00,19.305
1883,16233,63.50,20.778
1890,32893,59.00,19.305
1893,16233,63.50,20.778
1901,32893,59.00,19.305
1903,16233,63.50,20.778
1910,32893,59.00,19.305
1913,16233,63.50,20.778
1920,32893,59.00,19.305
1923,16233,63.50,20.778
1931,32893,59.00,19.305
1933,16233,63.50,20.778
1941,32893,59.00,19.305
1943,16233,63.50,20.778
1951,32893,59.00,19.305
1953,16233,63.50,20.778
1961,32893,59.00,19.305
1963,16233,63.50,20.778
1970,32893,59.00,19.305
1973,16233,63.50,20.778
1980,32893,59.00,19.305
1983,16233,63.50,20.778
1990,32893,59.00,19.305
1993,16233,63.50,20.778
2001,32893,59.00,19.305
2003,16233,63.50,20.778
2010,32893,59.00,19.305
2013,16233,63.50,20.778
2020,32893,59.00,19.305
2023,16233,63.50,20.778
2030,32893,59.00,19.305
2033,16233,63.50,20.778
2041,32893,59.00,19.305
2043,16233,63.50,20.778
2051,32893,59.00,19.305
2053,16233,63.50,20.778
2061,32893,59.00,19.305
2063,16233,63.50,20.778
2071,32893,59.00,19.305
2073,16233,63.50,20.778
2080,32893,59.00,19.305
2083,16233,63.50,20.778
2091,32893,59.00,19.305
2093,16233,63.50,20.778
2101,32893,59.00,19.305
2103,16233,63.50,20.778
2110,32893,59.00,19.305
2113,16233,63.50,20.778
2120,32893,59.00,19.305
2123,16233,63.50,20.778
2131,32893,59.00,19.305
2133,16233,63.50,20.778
2140,32893,59.00,19.305
2143,16233,63.50,20.778
2151,32893,59.00,19.305
2153,16233,63.50,20.778
2160,32893,59.00,19.305
2163,16233,63.50,20.778
2171,32893,59.00,19.305
2173,16233,63.50,20.778
2181,32893,59.00,19.305
2183,16233,63.50,20.778
2190,32893,59.00,19.305
2193,16233,63.50,20.778
2201,32893,59.00,19.305
2203,16233,63.50,20.778
2210,32893,59.00,19.305
2213,16233,63.50,20.778
2221,32893,59.00,19.305
2223,16233,63.50,20.778
2230,32893,59.00,19.305
2233,16233,63.50,20.778
2240,32893,59.00,19.305
2243,16233,63.50,20.778
2250,32893,59.00,19.305
2253,16233,63.50,20.778
2260,32893,59.00,19.305
2262,16233,63.50,20.778
2270,32893,59.00,19.305
2273,16233,63.50,20.778
2280,32893,59.00,19.305
2283,16233,63.50,20.778
2290,32893,59.00,19.305
2292,16233,63.50,20.778
2300,32893,59.00,19.305
2302,16233,63.50,20.778
2310,32893,59.00,19.305
2313,16233,63.50,20.778
2321,32893,59.00,19.305
2323,16233,63.50,20.778
2331,32893,59.00,19.305
2333,16233,63.50,20.778
2341,32893,59.00,19.305
2343,16233,63.50,20.778
2350,32893,59.00,19.305
2353,16233,63.50,20.778
2361,32893,59.00,19.305
2363,16233,63.50,20.778
2370,32893,59.00,19.305
2373,16233,63.50,20.778
2380,32893,59.00,19.305
2383,16233,63.50,20.778
2392,32893,59.00,19.305
2393,16233,63.50,20.778
2400,32893,59.00,19.305
2403,16233,63.50,20.778
2410,32893,59.00,19.305
2413,16233,63.50,20.778
2420,32893,59.00,19.305
2423,16233,63.50,20.778
2430,32893,59.00,19.305
2433,16233,63.50,20.778
2441,32893,59.00,19.305
2443,16233,63.50,20.778
2451,32893,59.00,19.305
2453,16233,63.50,20.778
2461,32893,59.00,19.305
2463,16233,63.50,20.778
2471,32893,59.00,19.305
2473,16233,63.50,20.778
2481,32893,59.00,19.305
2483,16233,63.50,20.778
2490,32893,59.00,19.305
2494,16233,63.50,20.778
2501,32893,59.00,19.305
2503,16233,63.50,20.778
2511,32893,59.00,19.305
2512,16233,63.50,20.778
2521,32893,59.00,19.305
2522,16233,63.50,20.778
2531,32893,59.00,19.305
2533,16233,63.50,20.778
2542,32893,59.00,19.305
2543,16233,63.50,20.778
2551,32893,59.00,19.305
2553,16233,63.50,20.778
2561,32893,59.00,19.305
2562,16233,63.50,20.778
2571,32893,59.00,19.305
2573,16233,63.50,20.778
2580,32893,59.00,19.305
2583,16233,63.50,20.778
2591,32893,59.00,19.305
2593,16233,63.50,20.778
2601,32893,59.00,19.305
2603,16233,63.50,20.778
2610,32893,59.00,19.305
2613,16233,63.50,20.778
2621,32893,59.00,19.305
2623,16233,63.50,20.778
2630,32893,59.00,19.305
2633,16233,63.50,20.778
2641,32893,59.00,19.305
2643,16233,63.50,20.778
2650,32893,59.00,19.305
2654,16233,63.50,20.778
2661,32893,59.00,19.305
2663,16233,63.50,20.778
2670,32893,59.00,19.305
2673,16233,63.50,20.778
2681,32893,59.00,19.305
2683,16233,63.50,20.778
2691,32893,59.00,19.305
2693,16233,63.50,20.778
2700,32893,59.00,19.305
2703,16233,63.50,20.778
2711,32893,59.00,19.305
2713,16233,63.50,20.778
2721,32893,59.00,19.305
2722,16233,63.50,20.778
2730,32893,59.00,19.305
2733,16233,63.50,20.778
2740,32893,59.00,19.305
2743,16233,63.50,20.778
2750,32893,59.00,19.305
2753,16233,63.50,20.778
2760,32893,59.00,19.305
2763,16233,63.50,20.778
2771,32893,59.00,19.305
2773,16233,63.50,20.778
2780,32893,59.00,19.305
2783,16233,63.50,20.778
2790,32893,59.00,19.305
2792,16233,63.50,20.778
2800,32893,59.00,19.305
2803,16233,63.50,20.778
2811,32893,59.00,19.305
2813,16233,63.50,20.778
2820,32893,59.00,19.305
2823,16233,63.50,20.778
2831,32893,59.00,19.305
2833,16233,63.50,20.778
2841,32893,59.00,19.305
2843,16233,63.50,20.778
2851,32893,59.00,19.305
2853,16233,63.50,20.778
2860,32893,59.00,19.305
2863,16233,63.50,20.778
2870,32893,59.00,19.305
2873,16233,63.50,20.778
2881,32893,59.00,19.305
2883,16233,63.50,20.778
2891,32893,59.00,19.305
2893,16233,63.50,20.778
2900,32893,59.00,19.305
2903,16233,63.50,20.778
2910,32893,59.00,19.305
2913,16233,63.50,20.778
2921,32893,59.00,19.305
2923,16233,63.50,20.778
2930,32893,59.00,19.305
2933,16233,63.50,20.778
2940,32893,59.00,19.305
2943,16233,63.50,20.778
2951,32893,59.00,19.305
2953,16233,63.50,20.778
2960,32893,59.00,19.305
2963,16233,63.50,20.778
2971,32893,59.00,19.305
2973,16233,63.50,20.778
2981,32893,59.00,19.305
2983,16233,63.50,20.778
2991,32893,59.00,19.305
2993,16233,63.50,20.778
3000,32893,59.00,19.305
3003,16233,63.50,20.778
3011,32893,59.00,19.305
3013,16233,63.50,20.778
3021,32893,59.00,19.305
3023,16233,63.50,20.778
3030,32893,59.00,19.305
3033,16233,63.50,20.778
3040,32893,59.00,19.305
3043,16233,63.50,20.778
3051,32893,59.00,19.305
3053,16233,63.50,20.778
3060,32893,59.00,19.305
3063,16233,63.50,20.778
3071,32893,59.00,19.305
3073,16233,63.50,20.778
3081,32893,59.00,19.305
3083,16233,63.50,20.778
3090,32893,59.00,19.305
3093,16233,63.50,20.778
3101,32893,59.00,19.305
3103,16233,63.50,20.778
3111,32893,59.00,19.305
3113,16233,63.50,20.778
3121,32893,59.00,19.305
3123,16233,63.50,20.778
3131,32893,59.00,19.305
3133,16233,63.50,20.778
3140,32893,59.00,19.305
3143,16233,63.50,20.778
3151,32893,59.00,19.305
3153,16233,63.50,20.778
3161,32893,59.00,19.305
3164,16233,63.50,20.778
3171,32893,59.00,19.305
3173,16233,63.50,20.778
3181,32893,59.00,19.305
3183,16233,63.50,20.778
3191,32893,59.00,19.305
3193,16233,63.50,20.778
3200,32893,59.00,19.305
3203,16233,63.50,20.778
3211,32893,59.00,19.305
3213,16233,63.50,20.778
3221,32893,59.00,19.305
3223,16233,63.50,20.778
3231,32893,59.00,19.305
3233,16233,63.50,20.778
3240,32893,59.00,19.305
3243,16233,63.50,20.778
3250,32893,59.00,19.305
3253,16233,63.50,20.778
3261,32893,59.00,19.305
3263,16233,63.50,20.778
3271,32893,63.50,20.778
3273,16233,63.50,20.778
3281,32893,63.50,20.778
3283,16233,63.50,20.778
3291,32893,63.50,20.778
3293,16233,63.50,20.778
3301,32893,63.50,20.778
3303,16233,63.50,20.778
3311,32893,63.50,20.778
3313,16233,63.50,20.778
3321,32893,63.50,20.778
3323,16233,63.50,20.778
3331,32893,63.50,20.778
3333,16233,63.50,20.778
3341,32893,63.50,20.778
3343,16233,63.50,20.778
3350,32893,63.50,20.778
3353,16233,63.50,20.778
3360,32893,63.50,20.778
3363,16233,63.50,20.778
3371,32893,63.50,20.778
3377,16233,63.50,20.778
3381,32893,63.50,20.778
3382,16233,63.50,20.778
3390,32893,63.50,20.778
3393,16233,63.50,20.778
3401,32893,63.50,20.778
3402,16233,63.50,20.778
3410,32893,63.50,20.778
3413,16233,63.50,20.778
3421,32893,63.50,20.778
3423,16233,63.50,20.778
3431,32893,63.50,20.778
3433,16233,63.50,20.778
3440,32893,63.50,20.778
3443,16233,63.50,20.778
3451,32893,63.50,20.778
3453,16233,63.50,20.778
3461,32893,63.50,20.778
3463,16233,63.50,20.778
3471,32893,63.50,20.778
3473,16233,63.50,20.778
3482,32893,63.50,20.778
3483,16233,63.50,20.778
3491,32893,63.50,20.778
3493,16233,63.50,20.778
3501,32893,63.50,20.778
3503,16233,63.50,20.778
3510,32893,63.50,20.778
3513,16233,63.50,20.778
3520,32893,63.50,20.778
3522,16233,63.50,20.778
3530,32893,63.50,20.778
3533,16233,63.50,20.778
3540,32893,63.50,20.778
3543,16233,63.50,20.778
3550,32893,63.50,20.778
3553,16233,63.50,20.778
3561,32893,63.50,20.778
3563,16233,63.50,20.778
3571,32893,63.50,20.778
3573,16233,63.50,20.778
3580,32893,63.50,20.778
3583,16233,63.50,20.778
3590,32893,63.50,20.778
3593,16233,63.50,20.778
3600,32893,63.50,20.778
3603,16233,63.50,20.778
3610,32893,63.50,20.778
3613,16233,63.50,20.778
3621,32893,63.50,20.778
3623,16233,63.50,20.778
3630,32893,63.50,20.778
3632,16233,63.50,20.778
3641,32893,63.50,20.778
3643,16233,63.50,20.778
3650,32893,63.50,20.778
3653,16233,63.50,20.778
3660,32893,63.50,20.778
3663,16233,63.50,20.778
3670,32893,63.50,20.778
3673,16233,63.50,20.778
3680,32893,63.50,20.778
3683,16233,63.50,20.778
3690,32893,63.50,20.778
3692,16233,63.50,20.778
3701,32893,63.50,20.778
3703,16233,63.50,20.778
3710,32893,63.50,20.778
3713,16233,63.50,20.778
3721,32893,63.50,20.778
3723,16233,63.50,20.778
3730,32893,63.50,20.778
3733,16233,63.50,20.778
3740,32893,63.50,20.778
3743,16233,63.50,20.778
3750,32893,63.50,20.778
3753,16233,63.50,20.778
3760,32893,63.50,20.778
3763,16233,63.50,20.778
3771,32893,63.50,20.778
3773,16233,63.50,20.778
3781,32893,63.50,20.778
3783,16233,63.50,20.778
3790,32893,63.50,20.778
3793,16233,63.50,20.778
3801,32893,63.50,20.778
3803,16233,63.50,20.778
3810,32893,63.50,20.778
3812,16233,63.50,20.778
3820,32893,63.50,20.778
3823,16233,63.50,20.778
3830,32893,63.50,20.778
3833,16233,63.50,20.778
3840,32893,63.50,20.778
3843,16233,63.50,20.778
3850,32893,63.50,20.778
3853,16233,63.50,20.778
3861,32893,63.50,20.778
3863,16233,63.50,20.778
3871,32893,63.50,20.778
3873,16233,63.50,20.778
3881,32893,63.50,20.778
3883,16233,63.50,20.778
3890,32893,63.50,20.778
3893,16233,63.50,20.778
3901,32893,63.50,20.778
3903,16233,63.50,20.778
3911,32893,63.50,20.778
3913,16233,63.50,20.778
3920,32893,63.50,20.778
3922,16233,63.50,20.778
3931,32893,63.50,20.778
3933,16233,63.50,20.778
3940,32893,63.50,20.778
3943,16233,63.50,20.778
3951,32893,63.50,20.778
3953,16233,63.50,20.778
3960,32893,63.50,20.778
3963,16233,63.50,20.778
3971,32893,63.50,20.778
3974,16233,63.50,20.778
3980,32893,63.50,20.778
3983,16233,63.50,20.778
3990,32893,63.50,20.778
3993,16233,63.50,20.778
4001,32893,63.50,20.778
4003,16233,63.50,20.778
4011,32893,63.50,20.778
4013,16233,63.50,20.778
4020,32893,63.50,20.778
4023,16233,63.50,20.778
4030,32893,63.50,20.778
4033,16233,63.50,20.778
4040,32893,63.50,20.778
4043,16233,63.50,20.778
4050,32893,63.50,20.778
4053,16233,63.50,20.778
4061,32893,63.50,20.778
4063,16233,63.50,20.778
4071,32893,63.50,20.778
4073,16233,63.50,20.778
4080,32893,63.50,20.778
4083,16233,63.50,20.778
4090,32893,63.50,20.778
4092,16233,63.50,20.778
4100,32893,63.50,20.778
4103,16233,63.50,20.778
4111,32893,63.50,20.778
4113,16233,63.50,20.778
4120,32893,63.50,20.778
4123,16233,63.50,20.778
4131,32893,63.50,20.778
4133,16233,63.50,20.778
4141,32893,63.50,20.778
4143,16233,63.50,20.778
4151,32893,63.50,20.778
4153,16233,63.50,20.778
4161,32893,63.50,20.778
4163,16233,63.50,20.778
4170,32893,63.50,20.778
4173,16233,63.50,20.778
4180,32893,63.50,20.778
4182,16233,63.50,20.778
4191,32893,63.50,20.778
4192,16233,63.50,20.778
4200,32893,63.50,20.778
4203,16233,63.50,20.778
4210,32893,63.50,20.778
4212,16233,63.50,20.778
4221,32893,63.50,20.778
4223,16233,63.50,20.778
4231,32893,63.50,20.778
4233,16233,63.50,20.778
4240,32893,63.50,20.778
4243,16233,63.50,20.778
4250,32893,63.50,20.778
4253,16233,63.50,20.778
4261,32893,63.50,20.778
4263,16233,63.50,20.778
4270,32893,63.50,20.778
4273,16233,63.50,20.778
4280,32893,63.50,20.778
4283,16233,63.50,20.778
4290,32893,63.50,20.778
4293,16233,63.50,20.778
4300,32893,63.50,20.778
4303,16233,63.50,20.778
4310,32893,63.50,20.778
4313,16233,63.50,20.778
4320,32893,63.50,20.778
4323,16233,63.50,20.778
4330,32893,63.50,20.778
4333,16233,63.50,20.778
4341,32893,63.50,20.778
4343,16233,63.50,20.778
4350,32893,63.50,20.778
4353,16233,63.50,20.778
4361,32893,63.50,20.778
4363,16233,63.50,20.778
4370,32893,63.50,20.778
4373,16233,63.50,20.778
4381,32893,63.50,20.778
4383,16233,63.50,20.778
4390,32893,63.50,20.778
4393,16233,63.50,20.778
4400,32893,63.50,20.778
4403,16233,63.50,20.778
4411,32893,63.50,20.778
4413,16233,63.50,20.778
4420,32893,63.50,20.778
4423,16233,63.50,20.778
4431,32893,63.50,20.778
4433,16233,63.50,20.778
4441,32893,63.50,20.778
4444,16233,63.50,20.778
4452,32893,63.50,20.778
4453,16233,63.50,20.778
4461,32893,63.50,20.778
4463,16233,63.50,20.778
4471,32893,63.50,20.778
4473,16233,63.50,20.778
4480,32893,63.50,20.778
4483,16233,63.50,20.778
4491,32893,63.50,20.778
4494,16233,63.50,20.778
4500,32893,63.50,20.778
4503,16233,63.50,20.778
4511,32893,63.50,20.778
4513,16233,63.50,20.778
4521,32893,63.50,20.778
4523,16233,63.50,20.778
4530,32893,63.50,20.778
4533,16233,63.50,20.778
4541,32893,63.50,20.778
4543,16233,63.50,20.778
4551,32893,63.50,20.778
4553,16233,63.50,20.778
4561,32893,63.50,20.778
4563,16233,63.50,20.778
4570,32893,63.50,20.778
4573,16233,63.50,20.778
4580,32893,63.50,20.778
4583,16233,63.50,20.778
4590,32893,63.50,20.778
4593,16233,63.50,20.778
4600,32893,63.50,20.778
4603,16233,63.50,20.778
4611,32893,63.50,20.778
4613,16233,63.50,20.778
4620,32893,63.50,20.778
4623,16233,63.50,20.778
4630,32893,63.50,20.778
4633,16233,63.50,20.778
4641,32893,63.50,20.778
4643,16233,63.50,20.778
4650,32893,63.50,20.778
4654,16233,63.50,20.778
4660,32893,63.50,20.778
4663,16233,63.50,20.778
4671,32893,63.50,20.778
4673,16233,63.50,20.778
4680,32893,63.50,20.778
4683,16233,63.50,20.778
4690,32893,63.50,20.778
4693,16233,63.50,20.778
4701,32893,63.50,20.778
4703,16233,63.50,20.778
4711,32893,63.50,20.778
4713,16233,63.50,20.778
4720,32893,63.50,20.778
4723,16233,63.50,20.778
4731,32893,63.50,20.778
4733,16233,63.50,20.778
4741,32893,63.50,20.778
4743,16233,63.50,20.778
4750,32893,63.50,20.778
4753,16233,63.50,20.778
4761,32893,63.50,20.778
4763,16233,63.50,20.778
4771,32893,63.50,20.778
4773,16233,63.50,20.778
4780,32893,63.50,20.778
4783,16233,63.50,20.778
4790,32893,63.50,20.778
4793,16233,63.50,20.778
4800,32893,63.50,20.778
4803,16233,63.50,20.778
4810,32893,63.50,20.778
4813,16233,63.50,20.778
4820,32893,63.50,20.778
4823,16233,63.50,20.778
4830,32893,63.50,20.778
4833,16233,63.50,20.778
4840,32893,63.50,20.778
4843,16233,63.50,20.778
4850,32893,63.50,20.778
4853,16233,63.50,20.778
4860,32893,63.50,20.778
4863,16233,63.50,20.778
4871,32893,63.50,20.778
4873,16233,63.50,20.778
4881,32893,63.50,20.778
4883,16233,63.50,20.778
4890,32893,63.50,20.778
4893,16233,63.50,20.778
4900,32893,63.50,20.778
4903,16233,63.50,20.778
4910,32893,63.50,20.778
4913,16233,63.50,20.778
4920,32893,63.50,20.778
4923,16233,63.50,20.778
4930,32893,63.50,20.778
4933,16233,63.50,20.778
4940,32893,63.50,20.778
4943,16233,63.50,20.778
4951,32893,63.50,20.778
4952,16233,63.50,20.778
4960,32893,63.50,20.778
4963,16233,63.50,20.778
4971,32893,63.50,20.778
4973,16233,63.50,20.778
4981,32893,63.50,20.778
4983,16233,58.00,18.978
4990,32893,63.50,20.778
4993,16233,58.00,18.978
5001,32893,63.50,20.778
5003,16233,58.00,18.978
5010,32893,63.50,20.778
5013,16233,58.00,18.978
5020,32893,63.50,20.778
5023,16233,58.00,18.978
5030,32893,63.50,20.778
5033,16233,58.00,18.978
5040,32893,63.50,20.778
5043,16233,58.00,18.978
5050,32893,63.50,20.778
5053,16233,58.00,18.978
5061,32893,63.50,20.778
5063,16233,58.00,18.978
5071,32893,63.50,20.778
5073,16233,58.00,18.978
5081,32893,63.50,20.778
5083,16233,58.00,18.978
5090,32893,63.50,20.778
5093,16233,58.00,18.978
5100,32893,63.50,20.778
5103,16233,58.00,18.978
5110,32893,63.50,20.778
5113,16233,58.00,18.978
5121,32893,63.50,20.778
5123,16233,58.00,18.978
5130,32893,63.50,20.778
5133,16233,58.00,18.978
5141,32893,63.50,20.778
5143,16233,58.00,18.978
5150,32893,63.50,20.778
5153,16233,58.00,18.978
5160,32893,63.50,20.778
5163,16233,58.00,18.978
5171,32893,63.50,20.778
5173,16233,58.00,18.978
5181,32893,63.50,20.778
5183,16233,58.00,18.978
5191,32893,63.50,20.778
5193,16233,58.00,18.978
5200,32893,63.50,20.778
5203,16233,58.00,18.978
5211,32893,63.50,20.778
5213,16233,58.00,18.978
5221,32893,63.50,20.778
5223,16233,58.00,18.978
5230,32893,63.50,20.778
5233,16233,58.00,18.978
5241,32893,63.50,20.778
5243,16233,58.00,18.978
5250,32893,63.50,20.778
5253,16233,58.00,18.978
5261,32893,63.50,20.778
5263,16233,58.00,18.978
5271,32893,63.50,20.778
5273,16233,58.00,18.978
5281,32893,63.50,20.778
5283,16233,58.00,18.978
5290,32893,63.50,20.778
5293,16233,58.00,18.978
5300,32893,63.50,20.778
5303,16233,58.00,18.978
5310,32893,63.50,20.778
5313,16233,58.00,18.978
5320,32893,63.50,20.778
5323,16233,58.00,18.978
5330,32893,63.50,20.778
5333,16233,58.00,18.978
5340,32893,63.50,20.778
5343,16233,58.00,18.978
5351,32893,63.50,20.778
5353,16233,58.00,18.978
5360,32893,63.50,20.778
5363,16233,58.00,18.978
5371,32893,63.50,20.778
5373,16233,58.00,18.978
5380,32893,63.50,20.778
5383,16233,58.00,18.978
5390,32893,63.50,20.778
5393,16233,58.00,18.978
5400,32893,63.50,20.778
5403,16233,58.00,18.978
5411,32893,63.50,20.778
5413,16233,58.00,18.978
5421,32893,63.50,20.778
5423,16233,58.00,18.978
5431,32893,63.50,20.778
5433,16233,58.00,18.978
5441,32893,63.50,20.778
5443,16233,58.00,18.978
5450,32893,63.50,20.778
5454,16233,58.00,18.978
5461,32893,63.50,20.778
5463,16233,58.00,18.978
5471,32893,63.50,20.778
5473,16233,58.00,18.978
5480,32893,63.50,20.778
5483,16233,58.00,18.978
5490,32893,63.50,20.778
5493,16233,58.00,18.978
5500,32893,63.50,20.778
5503,16233,58.00,18.978
5510,32893,63.50,20.778
5513,16233,58.00,18.978
5520,32893,63.50,20.778
5523,16233,58.00,18.978
5530,32893,63.50,20.778
5533,16233,58.00,18.978
5540,32893,63.50,20.778
5543,16233,58.00,18.978
5550,32893,63.50,20.778
5553,16233,58.00,18.978
5560,32893,63.50,20.778
5563,16233,58.00,18.978
5570,32893,63.50,20.778
5573,16233,58.00,18.978
5581,32893,63.50,20.778
5583,16233,58.00,18.978
5591,32893,63.50,20.778
5593,16233,58.00,18.978
5601,32893,63.50,20.778
5603,16233,58.00,18.978
5611,32893,63.50,20.778
5613,16233,58.00,18.978
5621,32893,63.50,20.778
5623,16233,58.00,18.978
5631,32893,63.50,20.778
5633,16233,58.00,18.978
5641,32893,63.50,20.778
5643,16233,58.00,18.978
5651,32893,63.50,20.778
5653,16233,58.00,18.978
5661,32893,63.50,20.778
5663,16233,58.00,18.978
5671,32893,63.50,20.778
5673,16233,58.00,18.978
5681,32893,63.50,20.778
5683,16233,58.00,18.978
5691,32893,63.50,20.778
5693,16233,58.00,18.978
5701,32893,63.50,20.778
5703,16233,58.00,18.978
5710,32893,63.50,20.778
5713,16233,58.00,18.978
5721,32893,63.50,20.778
5723,16233,58.00,18.978
5732,32893,63.50,20.778
5733,16233,58.00,18.978
5741,32893,63.50,20.778
5743,16233,58.00,18.978
5750,32893,63.50,20.778
5753,16233,58.00,18.978
5761,32893,63.50,20.778
5763,16233,58.00,18.978
5772,32893,63.50,20.778
5773,16233,58.00,18.978
5781,32893,63.50,20.778
5783,16233,58.00,18.978
5791,32893,63.50,20.778
5793,16233,58.00,18.978
5801,32893,63.50,20.778
5803,16233,58.00,18.978
5810,32893,63.50,20.778
5813,16233,58.00,18.978
5821,32893,63.50,20.778
5823,16233,58.00,18.978
5830,32893,63.50,20.778
5833,16233,58.00,18.978
5840,32893,63.50,20.778
5843,16233,58.00,18.978
5850,32893,63.50,20.778
5853,16233,58.00,18.978
5861,32893,63.50,20.778
5863,16233,58.00,18.978
5871,32893,63.50,20.778
5873,16233,58.00,18.978
5881,32893,63.50,20.778
5883,16233,58.00,18.978
5891,32893,63.50,20.778
5893,16233,58.00,18.978
5901,32893,63.50,20.778
5903,16233,58.00,18.978
5910,32893,63.50,20.778
5913,16233,58.00,18.978
5920,32893,63.50,20.778
5923,16233,58.00,18.978
5930,32893,63.50,20.778
5933,16233,58.00,18.978
5941,32893,63.50,20.778
5943,16233,58.00,18.978
5950,32893,63.50,20.778
5953,16233,58.00,18.978
5961,32893,63.50,20.778
5963,16233,58.00,18.978
5970,32893,63.50,20.778
5973,16233,58.00,18.978
5980,32893,63.50,20.778
5983,16233,58.00,18.978
5990,32893,63.50,20.778
5992,16233,58.00,18.978
6000,32893,63.50,20.778
6003,16233,58.00,18.978
6011,32893,63.50,20.778
6013,16233,58.00,18.978
6020,32893,63.50,20.778
6023,16233,58.00,18.978
6031,32893,63.50,20.778
6033,16233,58.00,18.978
6041,32893,63.50,20.778
6043,16233,58.00,18.978
6051,32893,63.50,20.778
6053,16233,58.00,18.978
6061,32893,63.50,20.778
6063,16233,58.00,18.978
6070,32893,63.50,20.778
6073,16233,58.00,18.978
6081,32893,63.50,20.778
6083,16233,58.00,18.978
6090,32893,63.50,20.778
6093,16233,58.00,18.978
6100,32893,63.50,20.778
6103,16233,58.00,18.978
6110,32893,63.50,20.778
6113,16233,58.00,18.978
6121,32893,63.50,20.778
6123,16233,58.00,18.978
6131,32893,63.50,20.778
6133,16233,58.00,18.978
6140,32893,63.50,20.778
6143,16233,58.00,18.978
6150,32893,63.50,20.778
6153,16233,58.00,18.978
6161,32893,63.50,20.778
6163,16233,58.00,18.978
6171,32893,63.50,20.778
6173,16233,58.00,18.978
6180,32893,63.50,20.778
6183,16233,58.00,18.978
6191,32893,63.50,20.778
6193,16233,58.00,18.978
6201,32893,63.50,20.778
6203,16233,58.00,18.978
6211,32893,63.50,20.778
6213,16233,58.00,18.978
6221,32893,63.50,20.778
6223,16233,58.00,18.978
6230,32893,63.50,20.778
6233,16233,58.00,18.978
6241,32893,63.50,20.778
6244,16233,58.00,18.978
6250,32893,63.50,20.778
6253,16233,58.00,18.978
6261,32893,63.50,20.778
6263,16233,58.00,18.978
6270,32893,63.50,20.778
6273,16233,58.00,18.978
6280,32893,63.50,20.778
6283,16233,58.00,18.978
6290,32893,63.50,20.778
6294,16233,58.00,18.978
6300,32893,63.50,20.778
6303,16233,58.00,18.978
6311,32893,63.50,20.778
6313,16233,58.00,18.978
6321,32893,63.50,20.778
6323,16233,58.00,18.978
6330,32893,63.50,20.778
6333,16233,58.00,18.978
6341,32893,63.50,20.778
6343,16233,58.00,18.978
6351,32893,63.50,20.778
6353,16233,58.00,18.978
6361,32893,63.50,20.778
6364,16233,58.00,18.978
6371,32893,63.50,20.778
6373,16233,58.00,18.978
6381,32893,63.50,20.778
6383,16233,58.00,18.978
6390,32893,63.50,20.778
6393,16233,58.00,18.978
6400,32893,63.50,20.778
6403,16233,58.00,18.978
6410,32893,63.50,20.778
6413,16233,58.00,18.978
6420,32893,63.50,20.778
6423,16233,58.00,18.978
6430,32893,63.50,20.778
6433,16233,58.00,18.978
6440,32893,63.50,20.778
6443,16233,58.00,18.978
6451,32893,63.50,20.778
6453,16233,58.00,18.978
6460,32893,63.50,20.778
6463,16233,58.00,18.978
6471,32893,63.50,20.778
6473,16233,58.00,18.978
6481,32893,63.50,20.778
6483,16233,58.00,18.978
6491,32893,63.50,20.778
6493,16233,58.00,18.978
6500,32893,63.50,20.778
6503,16233,58.00,18.978
6510,32893,63.50,20.778
6513,16233,58.00,18.978
6521,32893,63.50,20.778
6523,16233,58.00,18.978
6531,32893,63.50,20.778
6533,16233,58.00,18.978
6541,32893,63.50,20.778
6543,16233,58.00,18.978
6550,32893,63.50,20.778
6553,16233,58.00,18.978
6560,32893,63.50,20.778
6563,16233,58.00,18.978
6571,32893,63.50,20.778
6573,16233,58.00,18.978
6581,32893,63.50,20.778
6583,16233,58.00,18.978
6591,32893,63.50,20.778
6593,16233,58.00,18.978
6601,32893,63.50,20.778
6603,16233,58.00,18.978
6611,32893,63.50,20.778
6613,16233,58.00,18.978
6620,32893,63.50,20.778
6623,16233,58.00,18.978
6630,32893,63.50,20.778
6633,16233,58.00,18.978
6640,32893,63.50,20.778
6643,16233,58.00,18.978
6650,32893,63.50,20.778
6653,16233,58.00,18.978
6661,32893,63.50,20.778
6663,16233,58.00,18.978
6671,32893,63.50,20.778
6673,16233,58.00,18.978
6681,32893,63.50,20.778
6683,16233,58.00,18.978
6691,32893,63.50,20.778
6693,16233,58.00,18.978
6701,32893,63.50,20.778
6703,16233,58.00,18.978
6711,32893,63.50,20.778
6713,16233,58.00,18.978
6720,32893,63.50,20.778
6722,16233,58.00,18.978
6730,32893,63.50,20.778
6732,16233,58.00,18.978
6740,32893,63.50,20.778
6743,16233,58.00,18.978
6751,32893,63.50,20.778
6754,16233,58.00,18.978
6761,32893,63.50,20.778
6763,16233,58.00,18.978
6770,32893,63.50,20.778
6773,16233,58.00,18.978
6781,32893,63.50,20.778
6784,16233,58.00,18.978
6790,32893,63.50,20.778
6793,16233,58.00,18.978
6800,32893,63.50,20.778
6803,16233,58.00,18.978
6811,32893,63.50,20.778
6813,16233,58.00,18.978
6820,32893,63.50,20.778
6823,16233,58.00,18.978
6831,32893,63.50,20.778
6833,16233,58.00,18.978
6842,32893,63.50,20.778
6843,16233,58.00,18.978
6851,32893,63.50,20.778
6853,16233,58.00,18.978
6860,32893,63.50,20.778
6863,16233,58.00,18.978
6870,32893,63.50,20.778
6873,16233,58.00,18.978
6881,32893,63.50,20.778
6883,16233,58.00,18.978
6891,32893,63.50,20.778
6893,16233,58.00,18.978
6901,32893,63.50,20.778
6903,16233,58.00,18.978
6910,32893,63.50,20.778
6913,16233,58.00,18.978
6921,32893,63.50,20.778
6923,16233,58.00,18.978
6930,32893,63.50,20.778
6933,16233,58.00,18.978
6941,32893,63.50,20.778
6943,16233,58.00,18.978
6951,32893,63.50,20.778
6953,16233,58.00,18.978
6961,32893,63.50,20.778
6963,16233,58.00,18.978
6971,32893,63.50,20.778
6973,16233,58.00,18.978
6981,32893,63.50,20.778
6983,16233,58.00,18.978
6991,32893,63.50,20.778
6993,16233,58.00,18.978
7000,32893,63.50,20.778
7003,16233,58.00,18.978
7011,32893,63.50,20.778
7013,16233,58.00,18.978
7020,32893,63.50,20.778
7023,16233,58.00,18.978
7030,32893,63.50,20.778
7033,16233,58.00,18.978
7040,32893,63.50,20.778
7043,16233,58.00,18.978
7050,32893,63.50,20.778
7053,16233,58.00,18.978
7060,32893,63.50,20.778
7063,16233,58.00,18.978
7070,32893,63.50,20.778
7073,16233,58.00,18.978
7080,32893,63.50,20.778
7082,16233,58.00,18.978
7090,32893,63.50,20.778
7093,16233,58.00,18.978
7101,32893,63.50,20.778
7103,16233,58.00,18.978
7110,32893,63.50,20.778
7113,16233,58.00,18.978
7120,32893,63.50,20.778
7123,16233,58.00,18.978
7130,32893,63.50,20.778
7133,16233,58.00,18.978
7140,32893,63.50,20.778
7143,16233,58.00,18.978
7150,32893,63.50,20.778
7153,16233,58.00,18.978
7161,32893,63.50,20.778
7163,16233,58.00,18.978
7171,32893,63.50,20.778
7174,16233,58.00,18.978
7180,32893,63.50,20.778
7183,16233,58.00,18.978
7190,32893,63.50,20.778
7193,16233,58.00,18.978
7200,32893,63.50,20.778
7203,16233,58.00,18.978
7211,32893,63.50,20.778
7213,16233,58.00,18.978
7221,32893,63.50,20.778
7223,16233,58.00,18.978
7231,32893,63.50,20.778
7233,16233,58.00,18.978
7240,32893,63.50,20.778
7243,16233,58.00,18.978
7251,32893,63.50,20.778
7253,16233,58.00,18.978
7260,32893,63.50,20.778
7263,16233,58.00,18.978
7271,32893,63.50,20.778
7273,16233,58.00,18.978
7281,32893,63.50,20.778
7283,16233,58.00,18.978
7291,32893,63.50,20.778
7293,16233,58.00,18.978
7301,32893,63.50,20.778
7303,16233,58.00,18.978
7311,32893,63.50,20.778
7313,16233,58.00,18.978
7320,32893,63.50,20.778
7323,16233,58.00,18.978
7330,32893,63.50,20.778
7333,16233,58.00,18.978
7340,32893,63.50,20.778
7343,16233,58.00,18.978
7351,32893,63.50,20.778
7353,16233,58.00,18.978
7361,32893,63.50,20.778
7363,16233,58.00,18.978
7371,32893,63.50,20.778
7373,16233,58.00,18.978
7381,32893,63.50,20.778
7383,16233,58.00,18.978
7391,32893,63.50,20.778
7394,16233,58.00,18.978
7401,32893,63.50,20.778
7403,16233,58.00,18.978
7411,32893,63.50,20.778
7413,16233,58.00,18.978
7421,32893,63.50,20.778
7423,16233,58.00,18.978
7431,32893,63.50,20.778
7433,16233,58.00,18.978
7441,32893,63.50,20.778
7443,16233,58.00,18.978
7451,32893,63.50,20.778
7453,16233,58.00,18.978
7461,32893,63.50,20.778
7463,16233,58.00,18.978
7471,32893,63.50,20.778
7473,16233,58.00,18.978
7481,32893,63.50,20.778
7483,16233,58.00,18.978
7491,32893,63.50,20.778
7493,16233,58.00,18.978
7500,32893,63.50,20.778
7503,16233,58.00,18.978
7511,32893,63.50,20.778
7513,16233,58.00,18.978
7520,32893,63.50,20.778
7523,16233,58.00,18.978
7530,32893,63.50,20.778
7533,16233,58.00,18.978
7540,32893,63.50,20.778
7543,16233,58.00,18.978
7550,32893,63.50,20.778
7553,16233,58.00,18.978
7560,32893,63.50,20.778
7563,16233,58.00,18.978
7570,32893,63.50,20.778
7573,16233,58.00,18.978
7581,32893,63.50,20.778
7583,16233,58.00,18.978
7591,32893,63.50,20.778
7593,16233,58.00,18.978
7601,32893,63.50,20.778
7603,16233,58.00,18.978
7610,32893,63.50,20.778
7613,16233,58.00,18.978
7621,32893,63.50,20.778
7623,16233,58.00,18.978
7631,32893,63.50,20.778
7633,16233,58.00,18.978
7640,32893,63.50,20.778
7643,16233,58.00,18.978
7650,32893,63.50,20.778
7653,16233,58.00,18.978
7661,32893,63.50,20.778
7663,16233,58.00,18.978
7670,32893,63.50,20.778
7673,16233,58.00,18.978
7680,32893,63.50,20.778
7683,16233,58.00,18.978
7691,32893,63.50,20.778
7693,16233,58.00,18.978
7701,32893,63.50,20.778
7703,16233,58.00,18.978
7710,32893,63.50,20.778
7713,16233,58.00,18.978
7720,32893,63.50,20.778
7723,16233,58.00,18.978
7730,32893,63.50,20.778
7733,16233,58.00,18.978
7740,32893,63.50,20.778
7743,16233,58.00,18.978
7751,32893,63.50,20.778
7753,16233,58.00,18.978
7760,32893,63.50,20.778
7763,16233,58.00,18.978
7770,32893,63.50,20.778
7773,16233,58.00,18.978
7780,32893,63.50,20.778
7783,16233,58.00,18.978
7791,32893,63.50,20.778
7793,16233,58.00,18.978
7801,32893,63.50,20.778
7803,16233,58.00,18.978
7810,32893,63.50,20.778
7813,16233,58.00,18.978
7821,32893,63.50,20.778
7823,16233,58.00,18.978
7830,32893,63.50,20.778
7833,16233,58.00,18.978
7840,32893,63.50,20.778
7843,16233,58.00,18.978
7851,32893,63.50,20.778
7853,16233,58.00,18.978
7861,32893,63.50,20.778
7863,16233,58.00,18.978
7871,32893,63.50,20.778
7873,16233,58.00,18.978
7881,32893,63.50,20.778
7883,16233,58.00,18.978
7891,32893,63.50,20.778
7893,16233,58.00,18.978
7901,32893,63.50,20.778
7903,16233,58.00,18.978
7911,32893,63.50,20.778
7913,16233,58.00,18.978
7921,32893,63.50,20.778
7923,16233,58.00,18.978
7931,32893,63.50,20.778
7933,16233,58.00,18.978
7941,32893,63.50,20.778
7943,16233,58.00,18.978
7951,32893,63.50,20.778
7953,16233,58.00,18.978
7961,32893,63.50,20.778
7963,16233,58.00,18.978
7971,32893,63.50,20.778
7973,16233,58.00,18.978
7981,32893,63.50,20.778
7983,16233,58.00,18.978
7991,32893,63.50,20.778
7993,16233,58.00,18.978
8001,32893,63.50,20.778
8002,16233,58.00,18.978
8010,32893,63.50,20.778
8013,16233,58.00,18.978
8021,32893,63.50,20.778
8023,16233,58.00,18.978
8031,32893,63.50,20.778
8033,16233,58.00,18.978
8041,32893,63.50,20.778
8043,16233,58.00,18.978
8051,32893,63.50,20.778
8053,16233,58.00,18.978
8061,32893,63.50,20.778
8063,16233,58.00,18.978
8071,32893,63.50,20.778
8073,16233,58.00,18.978
8081,32893,63.50,20.778
8083,16233,58.00,18.978
8091,32893,63.50,20.778
8093,16233,58.00,18.978
8101,32893,63.50,20.778
8103,16233,58.00,18.978
8111,32893,63.50,20.778
8113,16233,58.00,18.978
8121,32893,63.50,20.778
8123,16233,58.00,18.978
8131,32893,63.50,20.778
8133,16233,58.00,18.978
8141,32893,63.50,20.778
8143,16233,58.00,18.978
8151,32893,63.50,20.778
8153,16233,58.00,18.978
8160,32893,63.50,20.778
8163,16233,58.00,18.978
8170,32893,63.50,20.778
8173,16233,58.00,18.978
8180,32893,63.50,20.778
8183,16233,58.00,18.978
8190,32893,63.50,20.778
8193,16233,58.00,18.978
8200,32893,63.50,20.778
8203,16233,58.00,18.978
8210,32893,63.50,20.778
8213,16233,58.00,18.978
8220,32893,63.50,20.778
8223,16233,58.00,18.978
8230,32893,63.50,20.778
8233,16233,58.00,18.978
8241,32893,63.50,20.778
8243,16233,58.00,18.978
8250,32893,63.50,20.778
8253,16233,58.00,18.978
8261,32893,63.50,20.778
8263,16233,58.00,18.978
8271,32893,63.50,20.778
8273,16233,58.00,18.978
8280,32893,63.50,20.778
8283,16233,58.00,18.978
8290,32893,63.50,20.778
8293,16233,58.00,18.978
8301,32893,63.50,20.778
8303,16233,58.00,18.978
8310,32893,63.50,20.778
8313,16233,58.00,18.978
8320,32893,63.50,20.778
8323,16233,58.00,18.978
8330,32893,63.50,20.778
8333,16233,58.00,18.978
8340,32893,63.50,20.778
8343,16233,58.00,18.978
8350,32893,63.50,20.778
8353,16233,58.00,18.978
8360,32893,63.50,20.778
8363,16233,58.00,18.978
8371,32893,63.50,20.778
8373,16233,58.00,18.978
8381,32893,63.50,20.778
8383,16233,58.00,18.978
8391,32893,63.50,20.778
8393,16233,58.00,18.978
8400,32893,63.50,20.778
8403,16233,58.00,18.978
8410,32893,63.50,20.778
8413,16233,58.00,18.978
8420,32893,63.50,20.778
8422,16233,58.00,18.978
8430,32893,63.50,20.778
8433,16233,58.00,18.978
8440,32893,63.50,20.778
8443,16233,58.00,18.978
8450,32893,63.50,20.778
8453,16233,58.00,18.978
8460,32893,63.50,20.778
8463,16233,58.00,18.978
8470,32893,63.50,20.778
8472,16233,58.00,18.978
8480,32893,63.50,20.778
8483,16233,58.00,18.978
8490,32893,63.50,20.778
8492,16233,58.00,18.978
8500,32893,63.50,20.778
8503,16233,58.00,18.978
8510,32893,63.50,20.778
8512,16233,58.00,18.978
8520,32893,63.50,20.778
8523,16233,58.00,18.978
8530,32893,63.50,20.778
8533,16233,58.00,18.978
8540,32893,63.50,20.778
8542,16233,58.00,18.978
8550,32893,63.50,20.778
8553,16233,58.00,18.978
8560,32893,63.50,20.778
8563,16233,58.00,18.978
8570,32893,63.50,20.778
8572,16233,58.00,18.978
8581,32893,63.50,20.778
8583,16233,58.00,18.978
8591,32893,63.50,20.778
8593,16233,58.00,18.978
8601,32893,63.50,20.778
8603,16233,58.00,18.978
8611,32893,63.50,20.778
8613,16233,58.00,18.978
8620,32893,63.50,20.778
8622,16233,58.00,18.978
8631,32893,63.50,20.778
8633,16233,58.00,18.978
8640,32893,63.50,20.778
8643,16233,58.00,18.978
8650,32893,63.50,20.778
8653,16233,58.00,18.978
8661,32893,63.50,20.778
8663,16233,58.00,18.978
8670,32893,63.50,20.778
8673,16233,58.00,18.978
8681,32893,63.50,20.778
8682,16233,58.00,18.978
8691,32893,63.50,20.778
8693,16233,58.00,18.978
8701,32893,63.50,20.778
8703,16233,58.00,18.978
8710,32893,63.50,20.778
8713,16233,58.00,18.978
8720,32893,63.50,20.778
8723,16233,58.00,18.978
8730,32893,63.50,20.778
8733,16233,58.00,18.978
8740,32893,63.50,20.778
8743,16233,58.00,18.978
8751,32893,63.50,20.778
8753,16233,58.00,18.978
8760,32893,63.50,20.778
8763,16233,58.00,18.978
8770,32893,63.50,20.778
8773,16233,58.00,18.978
8781,32893,63.50,20.778
8783,16233,58.00,18.978
8790,32893,63.50,20.778
8794,16233,58.00,18.978
8801,32893,63.50,20.778
8803,16233,58.00,18.978
8810,32893,63.50,20.778
8813,16233,58.00,18.978
8821,32893,63.50,20.778
8823,16233,58.00,18.978
8830,32893,63.50,20.778
8833,16233,58.00,18.978
8840,32893,63.50,20.778
8842,16233,58.00,18.978
8850,32893,63.50,20.778
8853,16233,58.00,18.978
8861,32893,63.50,20.778
8863,16233,58.00,18.978
8871,32893,63.50,20.778
8873,16233,58.00,18.978
8880,32893,63.50,20.778
8883,16233,58.00,18.978
8890,32893,63.50,20.778
8893,16233,58.00,18.978
8901,32893,63.50,20.778
8903,16233,58.00,18.978
8910,32893,63.50,20.778
8913,16233,58.00,18.978
8920,32893,63.50,20.778
8922,16233,58.00,18.978
8930,32893,63.50,20.778
8933,16233,58.00,18.978
8940,32893,63.50,20.778
8943,16233,58.00,18.978
8950,32893,63.50,20.778
8953,16233,58.00,18.978
8961,32893,63.50,20.778
8963,16233,58.00,18.978
8970,32893,63.50,20.778
8973,16233,58.00,18.978
8980,32893,63.50,20.778
8983,16233,58.00,18.978
8990,32893,63.50,20.778
8993,16233,58.00,18.978
9001,32893,63.50,20.778
9003,16233,58.00,18.978
9011,32893,63.50,20.778
9013,16233,58.00,18.978
9020,32893,63.50,20.778
9023,16233,58.00,18.978
9030,32893,63.50,20.778
9033,16233,58.00,18.978
9040,32893,63.50,20.778
9043,16233,58.00,18.978
9050,32893,63.50,20.778
9053,16233,58.00,18.978
9061,32893,63.50,20.778
9063,16233,63.50,20.778
9070,32893,63.50,20.778
9073,16233,63.50,20.778
9081,32893,63.50,20.778
9083,16233,63.50,20.778
9092,32893,63.50,20.778
9093,16233,63.50,20.778
9100,32893,63.50,20.778
9103,16233,63.50,20.778
9110,32893,63.50,20.778
9113,16233,63.50,20.778
9121,32893,63.50,20.778
9123,16233,63.50,20.778
9131,32893,63.50,20.778
9133,16233,63.50,20.778
9140,32893,63.50,20.778
9143,16233,63.50,20.778
9150,32893,63.50,20.778
9153,16233,63.50,20.778
9160,32893,63.50,20.778
9163,16233,63.50,20.778
9170,32893,63.50,20.778
9173,16233,63.50,20.778
9180,32893,63.50,20.778
9183,16233,63.50,20.778
9191,32893,63.50,20.778
9193,16233,63.50,20.778
9200,32893,63.50,20.778
9203,16233,63.50,20.778
9210,32893,63.50,20.778
9213,16233,63.50,20.778
9221,32893,63.50,20.778
9223,16233,63.50,20.778
9230,32893,63.50,20.778
9233,16233,63.50,20.778
9241,32893,63.50,20.778
9243,16233,63.50,20.778
9251,32893,63.50,20.778
9253,16233,63.50,20.778
9260,32893,63.50,20.778
9263,16233,63.50,20.778
9270,32893,63.50,20.778
9273,16233,63.50,20.778
9281,32893,63.50,20.778
9283,16233,63.50,20.778
9291,32893,63.50,20.778
9293,16233,63.50,20.778
9301,32893,63.50,20.778
9303,16233,63.50,20.778
9310,32893,63.50,20.778
9313,16233,63.50,20.778
9321,32893,63.50,20.778
9323,16233,63.50,20.778
9330,32893,63.50,20.778
9333,16233,63.50,20.778
9341,32893,63.50,20.778
9343,16233,63.50,20.778
9350,32893,63.50,20.778
9353,16233,63.50,20.778
9361,32893,63.50,20.778
9363,16233,63.50,20.778
9370,32893,63.50,20.778
9373,16233,63.50,20.778
9380,32893,63.50,20.778
9383,16233,63.50,20.778
9390,32893,63.50,20.778
9393,16233,63.50,20.778
9401,32893,63.50,20.778
9403,16233,63.50,20.778
9410,32893,63.50,20.778
9413,16233,63.50,20.778
9420,32893,63.50,20.778
9423,16233,63.50,20.778
9430,32893,63.50,20.778
9433,16233,63.50,20.778
9440,32893,63.50,20.778
9443,16233,63.50,20.778
9450,32893,63.50,20.778
9453,16233,63.50,20.778
9460,32893,63.50,20.778
9462,16233,63.50,20.778
9470,32893,63.50,20.778
9473,16233,63.50,20.778
9481,32893,63.50,20.778
9483,16233,63.50,20.778
9491,32893,63.50,20.778
9493,16233,63.50,20.778
9500,32893,63.50,20.778
9503,16233,63.50,20.778
9510,32893,63.50,20.778
9513,16233,63.50,20.778
9520,32893,63.50,20.778
9523,16233,63.50,20.778
9531,32893,63.50,20.778
9533,16233,63.50,20.778
9540,32893,63.50,20.778
9543,16233,63.50,20.778
9550,32893,63.50,20.778
9553,16233,63.50,20.778
9561,32893,63.50,20.778
9563,16233,63.50,20.778
9570,32893,63.50,20.778
9573,16233,63.50,20.778
9581,32893,63.50,20.778
9583,16233,63.50,20.778
9591,32893,63.50,20.778
9593,16233,63.50,20.778
9600,32893,63.50,20.778
9603,16233,63.50,20.778
9611,32893,63.50,20.778
9613,16233,63.50,20.778
9620,32893,63.50,20.778
9623,16233,63.50,20.778
9631,32893,63.50,20.778
9633,16233,63.50,20.778
9641,32893,63.50,20.778
9643,16233,63.50,20.778
9650,32893,63.50,20.778
9653,16233,63.50,20.778
9661,32893,63.50,20.778
9663,16233,63.50,20.778
9670,32893,63.50,20.778
9673,16233,63.50,20.778
9681,32893,63.50,20.778
9683,16233,63.50,20.778
9691,32893,63.50,20.778
9693,16233,63.50,20.778
9700,32893,63.50,20.778
9703,16233,63.50,20.778
9710,32893,63.50,20.778
9713,16233,63.50,20.778
9721,32893,63.50,20.778
9723,16233,63.50,20.778
9731,32893,63.50,20.778
9733,16233,63.50,20.778
9741,32893,63.50,20.778
9743,16233,63.50,20.778
9751,32893,63.50,20.778
9753,16233,63.50,20.778
9760,32893,63.50,20.778
9763,16233,63.50,20.778
9771,32893,63.50,20.778
9773,16233,63.50,20.778
9780,32893,63.50,20.778
9783,16233,63.50,20.778
9790,32893,63.50,20.778
9793,16233,63.50,20.778
9801,32893,63.50,20.778
9803,16233,63.50,20.778
9810,32893,63.50,20.778
9813,16233,63.50,20.778
9821,32893,63.50,20.778
9823,16233,63.50,20.778
9830,32893,63.50,20.778
9833,16233,63.50,20.778
9842,32893,63.50,20.778
9843,16233,63.50,20.778
9851,32893,63.50,20.778
9853,16233,63.50,20.778
9861,32893,63.50,20.778
9863,16233,63.50,20.778
9870,32893,63.50,20.778
9873,16233,63.50,20.778
9880,32893,63.50,20.778
9883,16233,63.50,20.778
9891,32893,63.50,20.778
9893,16233,63.50,20.778
9901,32893,63.50,20.778
9903,16233,63.50,20.778
9911,32893,63.50,20.778
9913,16233,63.50,20.778
9921,32893,63.50,20.778
9923,16233,63.50,20.778
9931,32893,63.50,20.778
9933,16233,63.50,20.778
9941,32893,63.50,20.778
9943,16233,63.50,20.778
9951,32893,63.50,20.778
9953,16233,63.50,20.778
9960,32893,63.50,20.778
9963,16233,63.50,20.778
9971,32893,63.50,20.778
9973,16233,63.50,20.778
9981,32893,63.50,20.778
9983,16233,63.50,20.778
9990,32893,63.50,20.778
9993,16233,63.50,20.778
10000,32893,63.50,20.778
10003,16233,63.50,20.778
10010,32893,63.50,20.778
10013,16233,63.50,20.778
10021,32893,63.50,20.778
10023,16233,63.50,20.778
10031,32893,63.50,20.778
10033,16233,63.50,20.778
10040,32893,63.50,20.778
10043,16233,63.50,20.778
10050,32893,63.50,20.778
10053,16233,63.50,20.778
10060,32893,63.50,20.778
10063,16233,63.50,20.778
10070,32893,63.50,20.778
10073,16233,63.50,20.778
10080,32893,63.50,20.778
10083,16233,63.50,20.778
10091,32893,63.50,20.778
10093,16233,63.50,20.778
10100,32893,63.50,20.778
10103,16233,63.50,20.778
10111,32893,63.50,20.778
10113,16233,63.50,20.778
10121,32893,63.50,20.778
10123,16233,63.50,20.778
10130,32893,63.50,20.778
10133,16233,63.50,20.778
10141,32893,63.50,20.778
10143,16233,63.50,20.778
10150,32893,63.50,20.778
10153,16233,63.50,20.778
10161,32893,63.50,20.778
10163,16233,63.50,20.778
10171,32893,63.50,20.778
10173,16233,63.50,20.778
10181,32893,63.50,20.778
10183,16233,63.50,20.778
10191,32893,63.50,20.778
10193,16233,63.50,20.778
10201,32893,63.50,20.778
10203,16233,63.50,20.778
10211,32893,63.50,20.778
10213,16233,63.50,20.778
10220,32893,63.50,20.778
10224,16233,63.50,20.778
10231,32893,63.50,20.778
10233,16233,63.50,20.778
10240,32893,63.50,20.778
10243,16233,63.50,20.778
10251,32893,63.50,20.778
10253,16233,63.50,20.778
10260,32893,63.50,20.778
10263,16233,63.50,20.778
10270,32893,63.50,20.778
10273,16233,63.50,20.778
10281,32893,63.50,20.778
10283,16233,63.50,20.778
10290,32893,63.50,20.778
10293,16233,63.50,20.778
10301,32893,63.50,20.778
10303,16233,63.50,20.778
10311,32893,63.50,20.778
10313,16233,63.50,20.778
10321,32893,63.50,20.778
10323,16233,63.50,20.778
10330,32893,63.50,20.778
10333,16233,63.50,20.778
10340,32893,63.50,20.778
10343,16233,63.50,20.778
10351,32893,63.50,20.778
10353,16233,63.50,20.778
10361,32893,63.50,20.778
10364,16233,63.50,20.778
10370,32893,63.50,20.778
10373,16233,63.50,20.778
10380,32893,63.50,20.778
10383,16233,63.50,20.778
10390,32893,63.50,20.778
10393,16233,63.50,20.778
10401,32893,63.50,20.778
10403,16233,63.50,20.778
10410,32893,63.50,20.778
10413,16233,63.50,20.778
10421,32893,63.50,20.778
10423,16233,63.50,20.778
10430,32893,63.50,20.778
10433,16233,63.50,20.778
10440,32893,63.50,20.778
10443,16233,63.50,20.778
10450,32893,63.50,20.778
10453,16233,63.50,20.778
10461,32893,63.50,20.778
10463,16233,63.50,20.778
10471,32893,63.50,20.778
10473,16233,63.50,20.778
10481,32893,63.50,20.778
10483,16233,63.50,20.778
10491,32893,63.50,20.778
10493,16233,63.50,20.778
10501,32893,63.50,20.778
10503,16233,63.50,20.778
10510,32893,63.50,20.778
10513,16233,63.50,20.778
10520,32893,63.50,20.778
10523,16233,63.50,20.778
10531,32893,63.50,20.778
10533,16233,63.50,20.778
10541,32893,63.50,20.778
10543,16233,63.50,20.778
10551,32893,63.50,20.778
10553,16233,63.50,20.778
10561,32893,63.50,20.778
10563,16233,63.50,20.778
10570,32893,63.50,20.778
10573,16233,63.50,20.778
10581,32893,63.50,20.778
10583,16233,63.50,20.778
10591,32893,63.50,20.778
10593,16233,63.50,20.778
10601,32893,63.50,20.778
10603,16233,63.50,20.778
10611,32893,63.50,20.778
10613,16233,63.50,20.778
10621,32893,63.50,20.778
10623,16233,63.50,20.778
10631,32893,63.50,20.778
10633,16233,63.50,20.778
10641,32893,63.50,20.778
10643,16233,63.50,20.778
10651,32893,63.50,20.778
10653,16233,63.50,20.778
10661,32893,63.50,20.778
10663,16233,63.50,20.778
10672,32893,63.50,20.778
10673,16233,63.50,20.778
10681,32893,63.50,20.778
10683,16233,63.50,20.778
10691,32893,63.50,20.778
10693,16233,63.50,20.778
10701,32893,63.50,20.778
10703,16233,63.50,20.778
10711,32893,63.50,20.778
10713,16233,63.50,20.778
10721,32893,63.50,20.778
10723,16233,63.50,20.778
10731,32893,63.50,20.778
10733,16233,63.50,20.778
10740,32893,63.50,20.778
10743,16233,63.50,20.778
10751,32893,63.50,20.778
10753,16233,63.50,20.778
10761,32893,63.50,20.778
10763,16233,63.50,20.778
10771,32893,63.50,20.778
10773,16233,63.50,20.778
10781,32893,63.50,20.778
10783,16233,63.50,20.778
10791,32893,63.50,20.778
10793,16233,63.50,20.778
10801,32893,63.50,20.778
10803,16233,63.50,20.778
10811,32893,63.50,20.778
10813,16233,63.50,20.778
10821,32893,63.50,20.778
10823,16233,63.50,20.778
10830,32893,63.50,20.778
10833,16233,63.50,20.778
10841,32893,63.50,20.778
10843,16233,63.50,20.778
10851,32893,63.50,20.778
10853,16233,63.50,20.778
10861,32893,63.50,20.778
10863,16233,63.50,20.778
10870,32893,63.50,20.778
10873,16233,63.50,20.778
10880,32893,63.50,20.778
10883,16233,63.50,20.778
10890,32893,63.50,20.778
10893,16233,63.50,20.778
10900,32893,63.50,20.778
10903,16233,63.50,20.778
10911,32893,63.50,20.778
10913,16233,63.50,20.778
10920,32893,63.50,20.778
10923,16233,63.50,20.778
10930,32893,63.50,20.778
10933,16233,63.50,20.778
10940,32893,63.50,20.778
10943,16233,63.50,20.778
10951,32893,63.50,20.778
10953,16233,63.50,20.778
10961,32893,63.50,20.778
10963,16233,63.50,20.778
10971,32893,63.50,20.778
10973,16233,63.50,20.778
10981,32893,63.50,20.778
10983,16233,63.50,20.778
10991,32893,63.50,20.778
10993,16233,63.50,20.778
11001,32893,63.50,20.778
11003,16233,63.50,20.778
11011,32893,63.50,20.778
11013,16233,63.50,20.778
11021,32893,63.50,20.778
11023,16233,63.50,20.778
11031,32893,63.50,20.778
11033,16233,63.50,20.778
11041,32893,63.50,20.778
11043,16233,63.50,20.778
11051,32893,63.50,20.778
11053,16233,63.50,20.778
11061,32893,63.50,20.778
11063,16233,63.50,20.778
11071,32893,63.50,20.778
11073,16233,63.50,20.778
11080,32893,63.50,20.778
11083,16233,63.50,20.778
11091,32893,63.50,20.778
11093,16233,63.50,20.778
11101,32893,63.50,20.778
11103,16233,63.50,20.778
11111,32893,63.50,20.778
11113,16233,63.50,20.778
11121,32893,63.50,20.778
11123,16233,63.50,20.778
11131,32893,63.50,20.778
11133,16233,63.50,20.778
11141,32893,63.50,20.778
11143,16233,63.50,20.778
11151,32893,63.50,20.778
11153,16233,63.50,20.778
11161,32893,63.50,20.778
11163,16233,63.50,20.778
11171,32893,63.50,20.778
11174,16233,63.50,20.778
11181,32893,63.50,20.778
11183,16233,63.50,20.778
11190,32893,63.50,20.778
11193,16233,63.50,20.778
11202,32893,63.50,20.778
11203,16233,63.50,20.778
11211,32893,63.50,20.778
11213,16233,63.50,20.778
11221,32893,63.50,20.778
11223,16233,63.50,20.778
11231,32893,63.50,20.778
11233,16233,63.50,20.778
11241,32893,63.50,20.778
11243,16233,63.50,20.778
11250,32893,63.50,20.778
11253,16233,63.50,20.778
11261,32893,63.50,20.778
11263,16233,63.50,20.778
11271,32893,63.50,20.778
11273,16233,63.50,20.778
11281,32893,63.50,20.778
11283,16233,63.50,20.778
11291,32893,63.50,20.778
11293,16233,63.50,20.778
11301,32893,63.50,20.778
11303,16233,63.50,20.778
11310,32893,63.50,20.778
11313,16233,63.50,20.778
11321,32893,63.50,20.778
11323,16233,63.50,20.778
11331,32893,63.50,20.778
11333,16233,63.50,20.778
11341,32893,63.50,20.778
11343,16233,63.50,20.778
11350,32893,63.50,20.778
11353,16233,63.50,20.778
11360,32893,63.50,20.778
11363,16233,63.50,20.778
11371,32893,63.50,20.778
11373,16233,63.50,20.778
11380,32893,63.50,20.778
11383,16233,63.50,20.778
11390,32893,63.50,20.778
11393,16233,63.50,20.778
11401,32893,63.50,20.778
11403,16233,63.50,20.778
11410,32893,63.50,20.778
11413,16233,63.50,20.778
11420,32893,63.50,20.778
11423,16233,63.50,20.778
11430,32893,63.50,20.778
11433,16233,63.50,20.778
11441,32893,63.50,20.778
11443,16233,63.50,20.778
11451,32893,63.50,20.778
11453,16233,63.50,20.778
11460,32893,63.50,20.778
11463,16233,63.50,20.778
11470,32893,63.50,20.778
11472,16233,63.50,20.778
11480,32893,63.50,20.778
11483,16233,63.50,20.778
11490,32893,63.50,20.778
11493,16233,63.50,20.778
11501,32893,63.50,20.778
11503,16233,63.50,20.778
11510,32893,63.50,20.778
11513,16233,63.50,20.778
11520,32893,63.50,20.778
11523,16233,63.50,20.778
11530,32893,63.50,20.778
11533,16233,63.50,20.778
11540,32893,63.50,20.778
11543,16233,63.50,20.778
11551,32893,63.50,20.778
11553,16233,63.50,20.778
11560,32893,63.50,20.778
11563,16233,63.50,20.778
11571,32893,63.50,20.778
11573,16233,63.50,20.778
11580,32893,63.50,20.778
11583,16233,63.50,20.778
11590,32893,63.50,20.778
11593,16233,63.50,20.778
11600,32893,63.50,20.778
11603,16233,63.50,20.778
11610,32893,63.50,20.778
11613,16233,63.50,20.778
11621,32893,63.50,20.778
11623,16233,63.50,20.778
11630,32893,63.50,20.778
11633,16233,63.50,20.778
11641,32893,63.50,20.778
11643,16233,63.50,20.778
11651,32893,63.50,20.778
11653,16233,63.50,20.778
11660,32893,63.50,20.778
11663,16233,63.50,20.778
11670,32893,63.50,20.778
11673,16233,63.50,20.778
11680,32893,63.50,20.778
11683,16233,63.50,20.778
11690,32893,63.50,20.778
11693,16233,63.50,20.778
11701,32893,63.50,20.778
11703,16233,63.50,20.778
11711,32893,63.50,20.778
11713,16233,63.50,20.778
11721,32893,63.50,20.778
11723,16233,63.50,20.778
11731,32893,63.50,20.778
11733,16233,63.50,20.778
11741,32893,63.50,20.778
11743,16233,63.50,20.778
11751,32893,63.50,20.778
11753,16233,63.50,20.778
11761,32893,63.50,20.778
11763,16233,63.50,20.778
11771,32893,63.50,20.778
11773,16233,63.50,20.778
11781,32893,63.50,20.778
11783,16233,63.50,20.778
11791,32893,63.50,20.778
11793,16233,63.50,20.778
11801,32893,63.50,20.778
11803,16233,63.50,20.778
11811,32893,63.50,20.778
11813,16233,63.50,20.778
11821,32893,63.50,20.778
11823,16233,63.50,20.778
11831,32893,63.50,20.778
11833,16233,63.50,20.778
11841,32893,63.50,20.778
11843,16233,63.50,20.778
11851,32893,63.50,20.778
11853,16233,63.50,20.778
11861,32893,63.50,20.778
11863,16233,63.50,20.778
11871,32893,63.50,20.778
11873,16233,63.50,20.778
11881,32893,63.50,20.778
11883,16233,63.50,20.778
11891,32893,63.50,20.778
11893,16233,63.50,20.778
11901,32893,63.50,20.778
11903,16233,63.50,20.778
11910,32893,63.50,20.778
11913,16233,63.50,20.778
11920,32893,63.50,20.778
11923,16233,63.50,20.778
11931,32893,63.50,20.778
11933,16233,63.50,20.778
11941,32893,63.50,20.778
11943,16233,63.50,20.778
11951,32893,63.50,20.778
11953,16233,63.50,20.778
11960,32893,63.50,20.778
11963,16233,63.50,20.778
11971,32893,63.50,20.778
11973,16233,63.50,20.778
11981,32893,63.50,20.778
11983,16233,63.50,20.778
11991,32893,63.50,20.778
11993,16233,63.50,20.778
12000,32893,63.50,20.778
12003,16233,63.50,20.778
12010,32893,63.50,20.778
12013,16233,63.50,20.778
12021,32893,63.50,20.778
12023,16233,63.50,20.778
12031,32893,63.50,20.778
12033,16233,63.50,20.778
12040,32893,63.50,20.778
12043,16233,63.50,20.778
12051,32893,63.50,20.778
12053,16233,63.50,20.778
12061,32893,63.50,20.778
12063,16233,63.50,20.778
12071,32893,63.50,20.778
12073,16233,63.50,20.778
12080,32893,63.50,20.778
12082,16233,63.50,20.778
12091,32893,63.50,20.778
12093,16233,63.50,20.778
12101,32893,63.50,20.778
12103,16233,63.50,20.778
12110,32893,63.50,20.778
12113,16233,63.50,20.778
12121,32893,63.50,20.778
12123,16233,63.50,20.778
12130,32893,63.50,20.778
12133,16233,63.50,20.778
12140,32893,63.50,20.778
12143,16233,63.50,20.778
12150,32893,63.50,20.778
12153,16233,63.50,20.778
12160,32893,63.50,20.778
12163,16233,63.50,20.778
12171,32893,63.50,20.778
12173,16233,63.50,20.778
12181,32893,63.50,20.778
12183,16233,63.50,20.778
12190,32893,63.50,20.778
12192,16233,63.50,20.778
12200,32893,63.50,20.778
12203,16233,63.50,20.778
12211,32893,63.50,20.778
12213,16233,63.50,20.778
12221,32893,63.50,20.778
12223,16233,63.50,20.778
12232,32893,63.50,20.778
12233,16233,63.50,20.778
12240,32893,63.50,20.778
12243,16233,63.50,20.778
12252,32893,63.50,20.778
12254,16233,63.50,20.778
12260,32893,63.50,20.778
12263,16233,63.50,20.778
12270,32893,63.50,20.778
12273,16233,63.50,20.778
12281,32893,63.50,20.778
12283,16233,63.50,20.778
12291,32893,63.50,20.778
12293,16233,63.50,20.778
12301,32893,63.50,20.778
12303,16233,63.50,20.778
12311,32893,63.50,20.778
12313,16233,63.50,20.778
12320,32893,63.50,20.778
12323,16233,63.50,20.778
12331,32893,63.50,20.778
12333,16233,63.50,20.778
12340,32893,63.50,20.778
12343,16233,63.50,20.778
12350,32893,63.50,20.778
12353,16233,63.50,20.778
12360,32893,63.50,20.778
12363,16233,63.50,20.778
12371,32893,63.50,20.778
12373,16233,63.50,20.778
12381,32893,63.50,20.778
12383,16233,63.50,20.778
12391,32893,63.50,20.778
12393,16233,63.50,20.778
12400,32893,63.50,20.778
12403,16233,63.50,20.778
12410,32893,63.50,20.778
12412,16233,63.50,20.778
12421,32893,63.50,20.778
12423,16233,63.50,20.778
12431,32893,63.50,20.778
12432,16233,63.50,20.778
12440,32893,63.50,20.778
12443,16233,63.50,20.778
12450,32893,63.50,20.778
12453,16233,63.50,20.778
12461,32893,63.50,20.778
12463,16233,63.50,20.778
12471,32893,63.50,20.778
12473,16233,63.50,20.778
12480,32893,63.50,20.778
12483,16233,63.50,20.778
12491,32893,63.50,20.778
12493,16233,63.50,20.778
12501,32893,63.50,20.778
12503,16233,63.50,20.778
12511,32893,63.50,20.778
12513,16233,63.50,20.778
12521,32893,63.50,20.778
12523,16233,63.50,20.778
12530,32893,63.50,20.778
12533,16233,63.50,20.778
12541,32893,63.50,20.778
12543,16233,63.50,20.778
12550,32893,63.50,20.778
12553,16233,63.50,20.778
12560,32893,63.50,20.778
12563,16233,63.50,20.778
12570,32893,63.50,20.778
12573,16233,63.50,20.778
12581,32893,63.50,20.778
12583,16233,63.50,20.778
12590,32893,63.50,20.778
12593,16233,63.50,20.778
12601,32893,63.50,20.778
12603,16233,63.50,20.778
12611,32893,63.50,20.778
12613,16233,63.50,20.778
12621,32893,63.50,20.778
12623,16233,63.50,20.778
12631,32893,63.50,20.778
12633,16233,63.50,20.778
12641,32893,63.50,20.778
12643,16233,63.50,20.778
12650,32893,63.50,20.778
12653,16233,63.50,20.778
12661,32893,63.50,20.778
12663,16233,63.50,20.778
12671,32893,63.50,20.778
12672,16233,63.50,20.778
12681,32893,63.50,20.778
12683,16233,63.50,20.778
12690,32893,63.50,20.778
12693,16233,63.50,20.778
12701,32893,63.50,20.778
12703,16233,63.50,20.778
12710,32893,63.50,20.778
12713,16233,63.50,20.778
12721,32893,63.50,20.778
12723,16233,63.50,20.778
12730,32893,63.50,20.778
12733,16233,63.50,20.778
12741,32893,63.50,20.778
12743,16233,63.50,20.778
12750,32893,63.50,20.778
12753,16233,63.50,20.778
12761,32893,63.50,20.778
12763,16233,63.50,20.778
12771,32893,63.50,20.778
12773,16233,63.50,20.778
12781,32893,63.50,20.778
12783,16233,63.50,20.778
12791,32893,63.50,20.778
12793,16233,63.50,20.778
12801,32893,63.50,20.778
12803,16233,63.50,20.778
12811,32893,63.50,20.778
12813,16233,63.50,20.778
12821,32893,63.50,20.778
12823,16233,63.50,20.778
12831,32893,63.50,20.778
12833,16233,63.50,20.778
12841,32893,63.50,20.778
12843,16233,63.50,20.778
12850,32893,63.50,20.778
12853,16233,63.50,20.778
12861,32893,63.50,20.778
12863,16233,63.50,20.778
12870,32893,63.50,20.778
12873,16233,63.50,20.778
12881,32893,63.50,20.778
12883,16233,63.50,20.778
12890,32893,63.50,20.778
12893,16233,63.50,20.778
12901,32893,63.50,20.778
12903,16233,63.50,20.778
12911,32893,63.50,20.778
12913,16233,63.50,20.778
12920,32893,63.50,20.778
12923,16233,63.50,20.778
12931,32893,63.50,20.778
12933,16233,63.50,20.778
12941,32893,63.50,20.778
12943,16233,63.50,20.778
12950,32893,63.50,20.778
12953,16233,63.50,20.778
12961,32893,63.50,20.778
12963,16233,63.50,20.778
12970,32893,63.50,20.778
12973,16233,63.50,20.778
12980,32893,63.50,20.778
12983,16233,63.50,20.778
12991,32893,63.50,20.778
12993,16233,63.50,20.778
13000,32893,63.50,20.778
13002,16233,63.50,20.778
13010,32893,63.50,20.778
13013,16233,63.50,20.778
13021,32893,63.50,20.778
13023,16233,63.50,20.778
13030,32893,63.50,20.778
13033,16233,63.50,20.778
13041,32893,63.50,20.778
13043,16233,63.50,20.778
13050,32893,63.50,20.778
13053,16233,63.50,20.778
13061,32893,63.50,20.778
13064,16233,63.50,20.778
13070,32893,63.50,20.778
13073,16233,63.50,20.778
13080,32893,63.50,20.778
13083,16233,63.50,20.778
13091,32893,63.50,20.778
13093,16233,63.50,20.778
13100,32893,63.50,20.778
13103,16233,63.50,20.778
13110,32893,63.50,20.778
13114,16233,63.50,20.778
13121,32893,63.50,20.778
13123,16233,63.50,20.778
13131,32893,63.50,20.778
13134,16233,63.50,20.778
13141,32893,63.50,20.778
13143,16233,63.50,20.778
13151,32893,63.50,20.778
13153,16233,63.50,20.778
13160,32893,63.50,20.778
13163,16233,63.50,20.778
13171,32893,63.50,20.778
13173,16233,63.50,20.778
13181,32893,63.50,20.778
13183,16233,63.50,20.778
13191,32893,63.50,20.778
13193,16233,63.50,20.778
13201,32893,63.50,20.778
13203,16233,63.50,20.778
13211,32893,63.50,20.778
13213,16233,63.50,20.778
13221,32893,63.50,20.778
13223,16233,63.50,20.778
13231,32893,63.50,20.778
13233,16233,63.50,20.778
13241,32893,63.50,20.778
13243,16233,63.50,20.778
13250,32893,63.50,20.778
13253,16233,63.50,20.778
13261,32893,63.50,20.778
13263,16233,63.50,20.778
13271,32893,63.50,20.778
13273,16233,63.50,20.778
13281,32893,63.50,20.778
13284,16233,63.50,20.778
13291,32893,63.50,20.778
13293,16233,63.50,20.778
13303,32893,63.50,20.778
13303,16233,63.50,20.778
13311,32893,63.50,20.778
13313,16233,63.50,20.778
13321,32893,63.50,20.778
13323,16233,63.50,20.778
13330,32893,63.50,20.778
13333,16233,63.50,20.778
13340,32893,63.50,20.778
13343,16233,63.50,20.778
13350,32893,63.50,20.778
13353,16233,63.50,20.778
13360,32893,63.50,20.778
13363,16233,63.50,20.778
13371,32893,63.50,20.778
13374,16233,63.50,20.778
13381,32893,63.50,20.778
13383,16233,63.50,20.778
13391,32893,63.50,20.778
13393,16233,63.50,20.778
13401,32893,63.50,20.778
13403,16233,63.50,20.778
13411,32893,63.50,20.778
13413,16233,63.50,20.778
13421,32893,63.50,20.778
13423,16233,63.50,20.778
13430,32893,63.50,20.778
13433,16233,63.50,20.778
13441,32893,63.50,20.778
13443,16233,63.50,20.778
13451,32893,63.50,20.778
13453,16233,63.50,20.778
13461,32893,63.50,20.778
13463,16233,63.50,20.778
13470,32893,63.50,20.778
13473,16233,63.50,20.778
13481,32893,63.50,20.778
13483,16233,63.50,20.778
13490,32893,63.50,20.778
13493,16233,63.50,20.778
13501,32893,63.50,20.778
13503,16233,63.50,20.778
13511,32893,63.50,20.778
13513,16233,63.50,20.778
13520,32893,63.50,20.778
13523,16233,63.50,20.778
13531,32893,63.50,20.778
13533,16233,63.50,20.778
13541,32893,63.50,20.778
13543,16233,63.50,20.778
13551,32893,63.50,20.778
13553,16233,63.50,20.778
13561,32893,63.50,20.778
13563,16233,63.50,20.778
13570,32893,63.50,20.778
13573,16233,63.50,20.778
13581,32893,63.50,20.778
13583,16233,63.50,20.778
13590,32893,63.50,20.778
13593,16233,63.50,20.778
13601,32893,63.50,20.778
13603,16233,63.50,20.778
13610,32893,63.50,20.778
13613,16233,63.50,20.778
13621,32893,63.50,20.778
13623,16233,63.50,20.778
13631,32893,63.50,20.778
13633,16233,63.50,20.778
13641,32893,63.50,20.778
13643,16233,63.50,20.778
13651,32893,63.50,20.778
13653,16233,63.50,20.778
13661,32893,63.50,20.778
13663,16233,63.50,20.778
13671,32893,63.50,20.778
13673,16233,63.50,20.778
13681,32893,63.50,20.778
13684,16233,63.50,20.778
13691,32893,63.50,20.778
13693,16233,63.50,20.778
13701,32893,63.50,20.778
13703,16233,63.50,20.778
13711,32893,63.50,20.778
13713,16233,63.50,20.778
13721,32893,63.50,20.778
13723,16233,63.50,20.778
13731,32893,63.50,20.778
13733,16233,63.50,20.778
13741,32893,63.50,20.778
13742,16233,63.50,20.778
13751,32893,63.50,20.778
13753,16233,63.50,20.778
13761,32893,63.50,20.778
13763,16233,63.50,20.778
13770,32893,63.50,20.778
13773,16233,63.50,20.778
13780,32893,63.50,20.778
13783,16233,63.50,20.778
13790,32893,63.50,20.778
13793,16233,63.50,20.778
13800,32893,63.50,20.778
13803,16233,63.50,20.778
13810,32893,63.50,20.778
13813,16233,63.50,20.778
13820,32893,63.50,20.778
13823,16233,63.50,20.778
13830,32893,63.50,20.778
13833,16233,63.50,20.778
13841,32893,63.50,20.778
13844,16233,63.50,20.778
13851,32893,63.50,20.778
13853,16233,63.50,20.778
13860,32893,63.50,20.778
13863,16233,63.50,20.778
13871,32893,63.50,20.778
13873,16233,63.50,20.778
13880,32893,63.50,20.778
13883,16233,63.50,20.778
13890,32893,63.50,20.778
13893,16233,63.50,20.778
13900,32893,63.50,20.778
13903,16233,63.50,20.778
13910,32893,63.50,20.778
13913,16233,63.50,20.778
13920,32893,63.50,20.778
13923,16233,63.50,20.778
13930,32893,63.50,20.778
13933,16233,63.50,20.778
13940,32893,63.50,20.778
13943,16233,63.50,20.778
13950,32893,63.50,20.778
13953,16233,63.50,20.778
13961,32893,63.50,20.778
13963,16233,63.50,20.778
13970,32893,63.50,20.778
13973,16233,63.50,20.778
13980,32893,63.50,20.778
13983,16233,63.50,20.778
13991,32893,63.50,20.778
13993,16233,63.50,20.778
14001,32893,63.50,20.778
14003,16233,63.50,20.778
14011,32893,63.50,20.778
14013,16233,63.50,20.778
14020,32893,63.50,20.778
14023,16233,63.50,20.778
14030,32893,63.50,20.778
14033,16233,63.50,20.778
14041,32893,63.50,20.778
14043,16233,63.50,20.778
14051,32893,63.50,20.778
14053,16233,63.50,20.778
14060,32893,63.50,20.778
14063,16233,63.50,20.778
14070,32893,63.50,20.778
14073,16233,63.50,20.778
14080,32893,63.50,20.778
14083,16233,63.50,20.778
14091,32893,63.50,20.778
14093,16233,63.50,20.778
14100,32893,63.50,20.778
14103,16233,63.50,20.778
14111,32893,63.50,20.778
14113,16233,63.50,20.778
14121,32893,63.50,20.778
14123,16233,63.50,20.778
14131,32893,63.50,20.778
14133,16233,63.50,20.778
14140,32893,63.50,20.778
14143,16233,63.50,20.778
14150,32893,63.50,20.778
14153,16233,63.50,20.778
14161,32893,63.50,20.778
14163,16233,63.50,20.778
14170,32893,63.50,20.778
14173,16233,63.50,20.778
14181,32893,63.50,20.778
14183,16233,63.50,20.778
14191,32893,63.50,20.778
14193,16233,63.50,20.778
14201,32893,63.50,20.778
14203,16233,63.50,20.778
14210,32893,63.50,20.778
14213,16233,63.50,20.778
14221,32893,63.50,20.778
14223,16233,63.50,20.778
14231,32893,63.50,20.778
14233,16233,63.50,20.778
14241,32893,63.50,20.778
14243,16233,63.50,20.778
14250,32893,63.50,20.778
14253,16233,63.50,20.778
14261,32893,63.50,20.778
14263,16233,63.50,20.778
14270,32893,63.50,20.778
14273,16233,63.50,20.778
14280,32893,63.50,20.778
14283,16233,63.50,20.778
14291,32893,63.50,20.778
14293,16233,63.50,20.778
14300,32893,63.50,20.778
14303,16233,63.50,20.778
14311,32893,63.50,20.778
14313,16233,63.50,20.778
14320,32893,63.50,20.778
14323,16233,63.50,20.778
14331,32893,63.50,20.778
14333,16233,63.50,20.778
14340,32893,63.50,20.778
14343,16233,63.50,20.778
14350,32893,63.50,20.778
14353,16233,63.50,20.778
14360,32893,63.50,20.778
14363,16233,63.50,20.778
14370,32893,63.50,20.778
14373,16233,63.50,20.778
14380,32893,63.50,20.778
14383,16233,63.50,20.778
14391,32893,63.50,20.778
14393,16233,63.50,20.778
14401,32893,63.50,20.778
14403,16233,63.50,20.778
14411,32893,63.50,20.778
14413,16233,63.50,20.778
14421,32893,63.50,20.778
14423,16233,63.50,20.778
14430,32893,63.50,20.778
14434,16233,63.50,20.778
14441,32893,63.50,20.778
14443,16233,63.50,20.778
14451,32893,63.50,20.778
14453,16233,63.50,20.778
14461,32893,63.50,20.778
14463,16233,63.50,20.778
14471,32893,63.50,20.778
14473,16233,63.50,20.778
14480,32893,63.50,20.778
14483,16233,63.50,20.778
14491,32893,63.50,20.778
14493,16233,63.50,20.778
14500,32893,63.50,20.778
14503,16233,63.50,20.778
14511,32893,63.50,20.778
14513,16233,63.50,20.778
14520,32893,63.50,20.778
14523,16233,63.50,20.778
14530,32893,63.50,20.778
14533,16233,63.50,20.778
14541,32893,63.50,20.778
14543,16233,63.50,20.778
14551,32893,63.50,20.778
14553,16233,63.50,20.778
14561,32893,63.50,20.778
14563,16233,63.50,20.778
14571,32893,63.50,20.778
14573,16233,63.50,20.778
14581,32893,63.50,20.778
14583,16233,63.50,20.778
14591,32893,63.50,20.778
14593,16233,63.50,20.778
14601,32893,63.50,20.778
14603,16233,63.50,20.778
14611,32893,63.50,20.778
14614,16233,63.50,20.778
14621,32893,63.50,20.778
14623,16233,63.50,20.778
14630,32893,63.50,20.778
14633,16233,63.50,20.778
14641,32893,63.50,20.778
14643,16233,63.50,20.778
14650,32893,63.50,20.778
14653,16233,63.50,20.778
14660,32893,63.50,20.778
14663,16233,63.50,20.778
14670,32893,63.50,20.778
14673,16233,63.50,20.778
14681,32893,63.50,20.778
14683,16233,63.50,20.778
14690,32893,63.50,20.778
14693,16233,63.50,20.778
14700,32893,63.50,20.778
14704,16233,63.50,20.778
14711,32893,63.50,20.778
14713,16233,63.50,20.778
14720,32893,63.50,20.778
14723,16233,63.50,20.778
14730,32893,63.50,20.778
14733,16233,63.50,20.778
14740,32893,63.50,20.778
14743,16233,63.50,20.778
14750,32893,63.50,20.778
14753,16233,63.50,20.778
14760,32893,63.50,20.778
14763,16233,63.50,20.778
14770,32893,63.50,20.778
14773,16233,63.50,20.778
14780,32893,63.50,20.778
14783,16233,63.50,20.778
14791,32893,63.50,20.778
14793,16233,63.50,20.778
14800,32893,63.50,20.778
14803,16233,63.50,20.778
14811,32893,63.50,20.778
14813,16233,63.50,20.778
14821,32893,63.50,20.778
14823,16233,63.50,20.778
14831,32893,63.50,20.778
14833,16233,63.50,20.778
14840,32893,63.50,20.778
14843,16233,63.50,20.778
14851,32893,63.50,20.778
14853,16233,63.50,20.778
14861,32893,63.50,20.778
14863,16233,63.50,20.778
14871,32893,63.50,20.778
14873,16233,63.50,20.778
14881,32893,63.50,20.778
14883,16233,63.50,20.778
14891,32893,63.50,20.778
14893,16233,63.50,20.778
14901,32893,63.50,20.778
14903,16233,63.50,20.778
14911,32893,63.50,20.778
14913,16233,63.50,20.778
14920,32893,63.50,20.778
14923,16233,63.50,20.778
14930,32893,63.50,20.778
14933,16233,63.50,20.778
14941,32893,63.50,20.778
14943,16233,63.50,20.778
14951,32893,63.50,20.778
14953,16233,63.50,20.778
14960,32893,63.50,20.778
14963,16233,63.50,20.778
14971,32893,63.50,20.778
14973,16233,63.50,20.778
14980,32893,63.50,20.778
14983,16233,63.50,20.778
14991,32893,63.50,20.778
14993,16233,63.50,20.778
15001,32893,63.50,20.778
15003,16233,63.50,20.778
15010,32893,63.50,20.778
15013,16233,63.50,20.778
15021,32893,63.50,20.778
15023,16233,63.50,20.778
15031,32893,63.50,20.778
15033,16233,63.50,20.778
15041,32893,63.50,20.778
15043,16233,63.50,20.778
15050,32893,63.50,20.778
15053,16233,63.50,20.778
15061,32893,63.50,20.778
15063,16233,63.50,20.778
15070,32893,63.50,20.778
15073,16233,63.50,20.778
15081,32893,63.50,20.778
15083,16233,63.50,20.778
15091,32893,63.50,20.778
15093,16233,63.50,20.778
15101,32893,63.50,20.778
15103,16233,63.50,20.778
15111,32893,63.50,20.778
15113,16233,63.50,20.778
15121,32893,63.50,20.778
15123,16233,63.50,20.778
15131,32893,63.50,20.778
15133,16233,63.50,20.778
15140,32893,63.50,20.778
15143,16233,63.50,20.778
15151,32893,63.50,20.778
15153,16233,63.50,20.778
15160,32893,63.50,20.778
15163,16233,63.50,20.778
15170,32893,63.50,20.778
15173,16233,63.50,20.778
15181,32893,63.50,20.778
15183,16233,63.50,20.778
15191,32893,63.50,20.778
15193,16233,63.50,20.778
15201,32893,59.00,19.305
15203,16233,63.50,20.778
15211,32893,59.00,19.305
15213,16233,63.50,20.778
15221,32893,59.00,19.305
15223,16233,63.50,20.778
15230,32893,59.00,19.305
15233,16233,63.50,20.778
15241,32893,59.00,19.305
15243,16233,63.50,20.778
15251,32893,59.00,19.305
15253,16233,63.50,20.778
15261,32893,59.00,19.305
15263,16233,63.50,20.778
15271,32893,59.00,19.305
15273,16233,63.50,20.778
15281,32893,59.00,19.305
15283,16233,63.50,20.778
15291,32893,59.00,19.305
15293,16233,63.50,20.778
15301,32893,59.00,19.305
15303,16233,63.50,20.778
15312,32893,59.00,19.305
15313,16233,63.50,20.778
15321,32893,59.00,19.305
15323,16233,63.50,20.778
15330,32893,59.00,19.305
15333,16233,63.50,20.778
15341,32893,59.00,19.305
15343,16233,63.50,20.778
15351,32893,59.00,19.305
15353,16233,63.50,20.778
15361,32893,59.00,19.305
15364,16233,63.50,20.778
15371,32893,59.00,19.305
15373,16233,63.50,20.778
15381,32893,59.00,19.305
15383,16233,63.50,20.778
15391,32893,59.00,19.305
15394,16233,63.50,20.778
15401,32893,59.00,19.305
15403,16233,63.50,20.778
15411,32893,59.00,19.305
15413,16233,63.50,20.778
15420,32893,59.00,19.305
15423,16233,63.50,20.778
15431,32893,59.00,19.305
15433,16233,63.50,20.778
15441,32893,59.00,19.305
15443,16233,63.50,20.778
15451,32893,59.00,19.305
15453,16233,63.50,20.778
15461,32893,59.00,19.305
15463,16233,63.50,20.778
15471,32893,59.00,19.305
15473,16233,63.50,20.778
15481,32893,59.00,19.305
15483,16233,63.50,20.778
15491,32893,59.00,19.305
15493,16233,63.50,20.778
15500,32893,59.00,19.305
15503,16233,63.50,20.778
15510,32893,59.00,19.305
15513,16233,63.50,20.778
15521,32893,59.00,19.305
15523,16233,63.50,20.778
15530,32893,59.00,19.305
15533,16233,63.50,20.778
15540,32893,59.00,19.305
15543,16233,63.50,20.778
15550,32893,59.00,19.305
15553,16233,63.50,20.778
15561,32893,59.00,19.305
15563,16233,63.50,20.778
15570,32893,59.00,19.305
15573,16233,63.50,20.778
15580,32893,59.00,19.305
15583,16233,63.50,20.778
15591,32893,59.00,19.305
15593,16233,63.50,20.778
15600,32893,59.00,19.305
15603,16233,63.50,20.778
15610,32893,59.00,19.305
15613,16233,63.50,20.778
15620,32893,59.00,19.305
15623,16233,63.50,20.778
15631,32893,59.00,19.305
15633,16233,63.50,20.778
15640,32893,59.00,19.305
15643,16233,63.50,20.778
15650,32893,59.00,19.305
15653,16233,63.50,20.778
15660,32893,59.00,19.305
15663,16233,63.50,20.778
15670,32893,59.00,19.305
15673,16233,63.50,20.778
15680,32893,59.00,19.305
15683,16233,63.50,20.778
15691,32893,59.00,19.305
15693,16233,63.50,20.778
15701,32893,59.00,19.305
15703,16233,63.50,20.778
15711,32893,59.00,19.305
15713,16233,63.50,20.778
15720,32893,59.00,19.305
15723,16233,63.50,20.778
15731,32893,59.00,19.305
15733,16233,63.50,20.778
15741,32893,59.00,19.305
15743,16233,63.50,20.778
15751,32893,59.00,19.305
15753,16233,63.50,20.778
15761,32893,59.00,19.305
15763,16233,63.50,20.778
15770,32893,59.00,19.305
15773,16233,63.50,20.778
15780,32893,59.00,19.305
15783,16233,63.50,20.778
15790,32893,59.00,19.305
15793,16233,63.50,20.778
15800,32893,59.00,19.305
15803,16233,63.50,20.778
15810,32893,59.00,19.305
15813,16233,63.50,20.778
15820,32893,59.00,19.305
15823,16233,63.50,20.778
15831,32893,59.00,19.305
15833,16233,63.50,20.778
15841,32893,59.00,19.305
15843,16233,63.50,20.778
15850,32893,59.00,19.305
15853,16233,63.50,20.778
15861,32893,59.00,19.305
15863,16233,63.50,20.778
15871,32893,59.00,19.305
15873,16233,63.50,20.778
15880,32893,59.00,19.305
15883,16233,63.50,20.778
15891,32893,59.00,19.305
15893,16233,63.50,20.778
15901,32893,59.00,19.305
15903,16233,63.50,20.778
15911,32893,59.00,19.305
15913,16233,63.50,20.778
15921,32893,59.00,19.305
15923,16233,63.50,20.778
15931,32893,59.00,19.305
15933,16233,63.50,20.778
15940,32893,59.00,19.305
15943,16233,63.50,20.778
15950,32893,59.00,19.305
15953,16233,63.50,20.778
15960,32893,59.00,19.305
15963,16233,63.50,20.778
15971,32893,59.00,19.305
15973,16233,63.50,20.778
15980,32893,59.00,19.305
15983,16233,63.50,20.778
15991,32893,59.00,19.305
15993,16233,63.50,20.778
16000,32893,59.00,19.305
16003,16233,63.50,20.778
16010,32893,59.00,19.305
16013,16233,63.50,20.778
16020,32893,59.00,19.305
16023,16233,63.50,20.778
16030,32893,59.00,19.305
16033,16233,63.50,20.778
16040,32893,59.00,19.305
16043,16233,63.50,20.778
16051,32893,59.00,19.305
16053,16233,63.50,20.778
16061,32893,59.00,19.305
16063,16233,63.50,20.778
16070,32893,59.00,19.305
16073,16233,63.50,20.778
16080,32893,59.00,19.305
16083,16233,63.50,20.778
16090,32893,59.00,19.305
16093,16233,63.50,20.778
16101,32893,59.00,19.305
16103,16233,63.50,20.778
16110,32893,59.00,19.305
16113,16233,63.50,20.778
16121,32893,59.00,19.305
16123,16233,63.50,20.778
16131,32893,59.00,19.305
16133,16233,63.50,20.778
16141,32893,59.00,19.305
16143,16233,63.50,20.778
16150,32893,59.00,19.305
16153,16233,63.50,20.778
16160,32893,59.00,19.305
16163,16233,63.50,20.778
16171,32893,59.00,19.305
16173,16233,63.50,20.778
16181,32893,59.00,19.305
16183,16233,63.50,20.778
16190,32893,59.00,19.305
16193,16233,63.50,20.778
16201,32893,59.00,19.305
16203,16233,63.50,20.778
16211,32893,59.00,19.305
16213,16233,63.50,20.778
16220,32893,59.00,19.305
16223,16233,63.50,20.778
16231,32893,59.00,19.305
16233,16233,63.50,20.778
16240,32893,59.00,19.305
16243,16233,63.50,20.778
16251,32893,59.00,19.305
16253,16233,63.50,20.778
16260,32893,59.00,19.305
16263,16233,63.50,20.778
16271,32893,59.00,19.305
16273,16233,63.50,20.778
16281,32893,59.00,19.305
16284,16233,63.50,20.778
16290,32893,59.00,19.305
16293,16233,63.50,20.778
16300,32893,59.00,19.305
16303,16233,63.50,20.778
16310,32893,59.00,19.305
16313,16233,63.50,20.778
16320,32893,59.00,19.305
16323,16233,63.50,20.778
16331,32893,59.00,19.305
16333,16233,63.50,20.778
16341,32893,59.00,19.305
16343,16233,63.50,20.778
16350,32893,59.00,19.305
16353,16233,63.50,20.778
16361,32893,59.00,19.305
16363,16233,63.50,20.778
16370,32893,59.00,19.305
16373,16233,63.50,20.778
16380,32893,59.00,19.305
16383,16233,63.50,20.778
16390,32893,59.00,19.305
16393,16233,63.50,20.778
16400,32893,59.00,19.305
16403,16233,63.50,20.778
16410,32893,59.00,19.305
16413,16233,63.50,20.778
16420,32893,59.00,19.305
16423,16233,63.50,20.778
16430,32893,59.00,19.305
16433,16233,63.50,20.778
16441,32893,59.00,19.305
16443,16233,63.50,20.778
16451,32893,59.00,19.305
16453,16233,63.50,20.778
16461,32893,59.00,19.305
16463,16233,63.50,20.778
16471,32893,59.00,19.305
16473,16233,63.50,20.778
16481,32893,59.00,19.305
16483,16233,63.50,20.778
16491,32893,59.00,19.305
16493,16233,63.50,20.778
16500,32893,59.00,19.305
16503,16233,63.50,20.778
16510,32893,59.00,19.305
16513,16233,63.50,20.778
16521,32893,59.00,19.305
16523,16233,63.50,20.778
16531,32893,59.00,19.305
16533,16233,63.50,20.778
16541,32893,59.00,19.305
16543,16233,63.50,20.778
16551,32893,59.00,19.305
16553,16233,63.50,20.778
16561,32893,59.00,19.305
16563,16233,63.50,20.778
16571,32893,59.00,19.305
16573,16233,63.50,20.778
16581,32893,59.00,19.305
16583,16233,63.50,20.778
16591,32893,59.00,19.305
16593,16233,63.50,20.778
16601,32893,59.00,19.305
16603,16233,63.50,20.778
16611,32893,59.00,19.305
16613,16233,63.50,20.778
16620,32893,59.00,19.305
16623,16233,63.50,20.778
16631,32893,59.00,19.305
16633,16233,63.50,20.778
16641,32893,59.00,19.305
16643,16233,63.50,20.778
16651,32893,59.00,19.305
16653,16233,63.50,20.778
16661,32893,59.00,19.305
16663,16233,63.50,20.778
16671,32893,59.00,19.305
16673,16233,63.50,20.778
16681,32893,59.00,19.305
16683,16233,63.50,20.778
16691,32893,59.00,19.305
16693,16233,63.50,20.778
16701,32893,59.00,19.305
16703,16233,63.50,20.778
16711,32893,59.00,19.305
16713,16233,63.50,20.778
16720,32893,59.00,19.305
16723,16233,63.50,20.778
16730,32893,59.00,19.305
16733,16233,63.50,20.778
16741,32893,59.00,19.305
16743,16233,63.50,20.778
16750,32893,59.00,19.305
16753,16233,63.50,20.778
16761,32893,59.00,19.305
16763,16233,63.50,20.778
16770,32893,59.00,19.305
16773,16233,63.50,20.778
16780,32893,59.00,19.305
16783,16233,63.50,20.778
16790,32893,59.00,19.305
16793,16233,63.50,20.778
16801,32893,59.00,19.305
16803,16233,63.50,20.778
16811,32893,59.00,19.305
16813,16233,63.50,20.778
16821,32893,59.00,19.305
16823,16233,63.50,20.778
16831,32893,59.00,19.305
16833,16233,63.50,20.778
16841,32893,59.00,19.305
16843,16233,63.50,20.778
16851,32893,59.00,19.305
16853,16233,63.50,20.778
16861,32893,59.00,19.305
16864,16233,63.50,20.778
16870,32893,59.00,19.305
16873,16233,63.50,20.778
16880,32893,59.00,19.305
16883,16233,63.50,20.778
16890,32893,59.00,19.305
16893,16233,63.50,20.778
16900,32893,59.00,19.305
16903,16233,63.50,20.778
16911,32893,59.00,19.305
16913,16233,63.50,20.778
16921,32893,59.00,19.305
16923,16233,63.50,20.778
16931,32893,59.00,19.305
16933,16233,63.50,20.778
16941,32893,59.00,19.305
16943,16233,63.50,20.778
16951,32893,59.00,19.305
16953,16233,63.50,20.778
16960,32893,59.00,19.305
16963,16233,63.50,20.778
16970,32893,59.00,19.305
16973,16233,63.50,20.778
16980,32893,59.00,19.305
16983,16233,63.50,20.778
16990,32893,59.00,19.305
16993,16233,63.50,20.778
17000,32893,59.00,19.305
17003,16233,63.50,20.778
17011,32893,59.00,19.305
17013,16233,63.50,20.778
17020,32893,59.00,19.305
17023,16233,63.50,20.778
17030,32893,59.00,19.305
17033,16233,63.50,20.778
17040,32893,59.00,19.305
17043,16233,63.50,20.778
17051,32893,59.00,19.305
17053,16233,63.50,20.778
17061,32893,59.00,19.305
17063,16233,63.50,20.778
17071,32893,59.00,19.305
17073,16233,63.50,20.778
17081,32893,59.00,19.305
17083,16233,63.50,20.778
17090,32893,59.00,19.305
17093,16233,63.50,20.778
17101,32893,59.00,19.305
17103,16233,63.50,20.778
17111,32893,59.00,19.305
17113,16233,63.50,20.778
17121,32893,59.00,19.305
17123,16233,63.50,20.778
17131,32893,59.00,19.305
17133,16233,63.50,20.778
17141,32893,59.00,19.305
17143,16233,63.50,20.778
17151,32893,59.00,19.305
17153,16233,63.50,20.778
17161,32893,59.00,19.305
17163,16233,63.50,20.778
17171,32893,59.00,19.305
17173,16233,63.50,20.778
17181,32893,59.00,19.305
17183,16233,63.50,20.778
17191,32893,59.00,19.305
17193,16233,63.50,20.778
17201,32893,59.00,19.305
17203,16233,63.50,20.778
17210,32893,59.00,19.305
17213,16233,63.50,20.778
17221,32893,59.00,19.305
17223,16233,63.50,20.778
17230,32893,59.00,19.305
17233,16233,63.50,20.778
17240,32893,59.00,19.305
17243,16233,63.50,20.778
17251,32893,59.00,19.305
17253,16233,63.50,20.778
17261,32893,59.00,19.305
17263,16233,63.50,20.778
17271,32893,59.00,19.305
17273,16233,63.50,20.778
17281,32893,59.00,19.305
17283,16233,63.50,20.778
17290,32893,59.00,19.305
17293,16233,63.50,20.778
17301,32893,59.00,19.305
17303,16233,63.50,20.778
17311,32893,59.00,19.305
17313,16233,63.50,20.778
17321,32893,59.00,19.305
17324,16233,63.50,20.778
17331,32893,59.00,19.305
17333,16233,63.50,20.778
17340,32893,59.00,19.305
17343,16233,63.50,20.778
17350,32893,59.00,19.305
17353,16233,63.50,20.778
17360,32893,59.00,19.305
17363,16233,63.50,20.778
17371,32893,59.00,19.305
17373,16233,63.50,20.778
17381,32893,59.00,19.305
17383,16233,63.50,20.778
17391,32893,59.00,19.305
17393,16233,63.50,20.778
17401,32893,59.00,19.305
17403,16233,63.50,20.778
17410,32893,59.00,19.305
17413,16233,63.50,20.778
17420,32893,59.00,19.305
17423,16233,63.50,20.778
17430,32893,59.00,19.305
17433,16233,63.50,20.778
17440,32893,59.00,19.305
17443,16233,63.50,20.778
17450,32893,59.00,19.305
17453,16233,63.50,20.778
17460,32893,59.00,19.305
17463,16233,63.50,20.778
17470,32893,59.00,19.305
17473,16233,63.50,20.778
17480,32893,59.00,19.305
17483,16233,63.50,20.778
17490,32893,59.00,19.305
17493,16233,63.50,20.778
17501,32893,59.00,19.305
17503,16233,63.50,20.778
17512,32893,59.00,19.305
17513,16233,63.50,20.778
17520,32893,59.00,19.305
17522,16233,63.50,20.778
17531,32893,59.00,19.305
17533,16233,63.50,20.778
17541,32893,59.00,19.305
17543,16233,63.50,20.778
17551,32893,59.00,19.305
17553,16233,63.50,20.778
17560,32893,59.00,19.305
17563,16233,63.50,20.778
17571,32893,59.00,19.305
17573,16233,63.50,20.778
17581,32893,59.00,19.305
17583,16233,63.50,20.778
17591,32893,59.00,19.305
17593,16233,63.50,20.778
17601,32893,59.00,19.305
17603,16233,63.50,20.778
17611,32893,59.00,19.305
17614,16233,63.50,20.778
17621,32893,59.00,19.305
17623,16233,63.50,20.778
17631,32893,59.00,19.305
17633,16233,63.50,20.778
17641,32893,59.00,19.305
17643,16233,63.50,20.778
17650,32893,59.00,19.305
17653,16233,63.50,20.778
17661,32893,59.00,19.305
17663,16233,63.50,20.778
17670,32893,59.00,19.305
17673,16233,63.50,20.778
17681,32893,59.00,19.305
17683,16233,63.50,20.778
17691,32893,59.00,19.305
17693,16233,63.50,20.778
17701,32893,59.00,19.305
17703,16233,63.50,20.778
17710,32893,59.00,19.305
17713,16233,63.50,20.778
17720,32893,59.00,19.305
17723,16233,63.50,20.778
17730,32893,59.00,19.305
17733,16233,63.50,20.778
17741,32893,59.00,19.305
17743,16233,63.50,20.778
17751,32893,59.00,19.305
17753,16233,63.50,20.778
17761,32893,59.00,19.305
17763,16233,63.50,20.778
17771,32893,59.00,19.305
17773,16233,63.50,20.778
17781,32893,59.00,19.305
17783,16233,63.50,20.778
17791,32893,59.00,19.305
17793,16233,63.50,20.778
17801,32893,59.00,19.305
17803,16233,63.50,20.778
17811,32893,59.00,19.305
17813,16233,63.50,20.778
17821,32893,59.00,19.305
17823,16233,63.50,20.778
17831,32893,59.00,19.305
17833,16233,63.50,20.778
17840,32893,59.00,19.305
17843,16233,63.50,20.778
17851,32893,59.00,19.305
17853,16233,63.50,20.778
17861,32893,59.00,19.305
17863,16233,63.50,20.778
17871,32893,59.00,19.305
17873,16233,63.50,20.778
17880,32893,59.00,19.305
17883,16233,63.50,20.778
17891,32893,59.00,19.305
17893,16233,63.50,20.778
17900,32893,59.00,19.305
17903,16233,63.50,20.778
17911,32893,59.00,19.305
17913,16233,63.50,20.778
17921,32893,59.00,19.305
17923,16233,63.50,20.778
17931,32893,59.00,19.305
17933,16233,63.50,20.778
17941,32893,59.00,19.305
17943,16233,63.50,20.778
17951,32893,59.00,19.305
17953,16233,63.50,20.778
17963,32893,59.00,19.305
17963,16233,63.50,20.778
17971,32893,59.00,19.305
17973,16233,63.50,20.778
17980,32893,59.00,19.305
17983,16233,63.50,20.778
17991,32893,59.00,19.305
17993,16233,63.50,20.778
18000,32893,59.00,19.305
18003,16233,63.50,20.778
18010,32893,59.00,19.305
18013,16233,63.50,20.778
18021,32893,59.00,19.305
18023,16233,63.50,20.778
18031,32893,59.00,19.305
18033,16233,63.50,20.778
18041,32893,59.00,19.305
18043,16233,63.50,20.778
18051,32893,59.00,19.305
18053,16233,63.50,20.778
18061,32893,59.00,19.305
18063,16233,63.50,20.778
18071,32893,59.00,19.305
18073,16233,63.50,20.778
18080,32893,59.00,19.305
18083,16233,63.50,20.778
18091,32893,59.00,19.305
18093,16233,63.50,20.778
18101,32893,59.00,19.305
18103,16233,63.50,20.778
18111,32893,59.00,19.305
18113,16233,63.50,20.778
18120,32893,59.00,19.305
18123,16233,63.50,20.778
18131,32893,59.00,19.305
18133,16233,63.50,20.778
18141,32893,59.00,19.305
18143,16233,63.50,20.778
18150,32893,59.00,19.305
18153,16233,63.50,20.778
18161,32893,59.00,19.305
18163,16233,63.50,20.778
18171,32893,59.00,19.305
18173,16233,63.50,20.778
18181,32893,59.00,19.305
18183,16233,63.50,20.778
18190,32893,59.00,19.305
18193,16233,63.50,20.778
18201,32893,59.00,19.305
18203,16233,63.50,20.778
18210,32893,59.00,19.305
18213,16233,63.50,20.778
18221,32893,59.00,19.305
18223,16233,63.50,20.778
18230,32893,59.00,19.305
18233,16233,63.50,20.778
18240,32893,59.00,19.305
18243,16233,63.50,20.778
18251,32893,59.00,19.305
18253,16233,63.50,20.778
18260,32893,59.00,19.305
18263,16233,63.50,20.778
18270,32893,59.00,19.305
18273,16233,63.50,20.778
18281,32893,59.00,19.305
18283,16233,63.50,20.778
18290,32893,59.00,19.305
18293,16233,63.50,20.778
18300,32893,59.00,19.305
18303,16233,63.50,20.778
18311,32893,59.00,19.305
18313,16233,63.50,20.778
18320,32893,59.00,19.305
18323,16233,63.50,20.778
18330,32893,59.00,19.305
18333,16233,63.50,20.778
18341,32893,59.00,19.305
18343,16233,63.50,20.778
18350,32893,59.00,19.305
18353,16233,63.50,20.778
18360,32893,59.00,19.305
18363,16233,63.50,20.778
18371,32893,59.00,19.305
18373,16233,63.50,20.778
18381,32893,59.00,19.305
18383,16233,63.50,20.778
18391,32893,59.00,19.305
18393,16233,63.50,20.778
18401,32893,59.00,19.305
18403,16233,63.50,20.778
18411,32893,59.00,19.305
18413,16233,63.50,20.778
18421,32893,59.00,19.305
18423,16233,63.50,20.778
18431,32893,59.00,19.305
18433,16233,63.50,20.778
18441,32893,59.00,19.305
18443,16233,63.50,20.778
18451,32893,59.00,19.305
18454,16233,63.50,20.778
18461,32893,59.00,19.305
18463,16233,63.50,20.778
18471,32893,59.00,19.305
18473,16233,63.50,20.778
18480,32893,59.00,19.305
18483,16233,63.50,20.778
18491,32893,59.00,19.305
18493,16233,63.50,20.778
18500,32893,59.00,19.305
18503,16233,63.50,20.778
18510,32893,59.00,19.305
18513,16233,63.50,20.778
18521,32893,59.00,19.305
18523,16233,63.50,20.778
18531,32893,59.00,19.305
18533,16233,63.50,20.778
18541,32893,59.00,19.305
18543,16233,63.50,20.778
18551,32893,59.00,19.305
18553,16233,63.50,20.778
18561,32893,59.00,19.305
18563,16233,63.50,20.778
18571,32893,59.00,19.305
18573,16233,63.50,20.778
18581,32893,59.00,19.305
18584,16233,63.50,20.778
18591,32893,59.00,19.305
18593,16233,63.50,20.778
18601,32893,59.00,19.305
18603,16233,63.50,20.778
18611,32893,59.00,19.305
18613,16233,63.50,20.778
18621,32893,59.00,19.305
18623,16233,63.50,20.778
18630,32893,59.00,19.305
18633,16233,63.50,20.778
18641,32893,59.00,19.305
18643,16233,63.50,20.778
18651,32893,59.00,19.305
18653,16233,63.50,20.778
18660,32893,59.00,19.305
18663,16233,63.50,20.778
18671,32893,59.00,19.305
18673,16233,63.50,20.778
18681,32893,59.00,19.305
18683,16233,63.50,20.778
18691,32893,59.00,19.305
18693,16233,63.50,20.778
18701,32893,59.00,19.305
18703,16233,63.50,20.778
18711,32893,59.00,19.305
18713,16233,63.50,20.778
18720,32893,59.00,19.305
18723,16233,63.50,20.778
18731,32893,59.00,19.305
18733,16233,63.50,20.778
18741,32893,59.00,19.305
18743,16233,63.50,20.778
18750,32893,59.00,19.305
18753,16233,63.50,20.778
18760,32893,59.00,19.305
18763,16233,63.50,20.778
18770,32893,59.00,19.305
18773,16233,63.50,20.778
18780,32893,59.00,19.305
18783,16233,63.50,20.778
18790,32893,59.00,19.305
18793,16233,63.50,20.778
18800,32893,59.00,19.305
18803,16233,63.50,20.778
18810,32893,59.00,19.305
18813,16233,63.50,20.778
18821,32893,59.00,19.305
18823,16233,63.50,20.778
18831,32893,59.00,19.305
18833,16233,63.50,20.778
18841,32893,59.00,19.305
18843,16233,63.50,20.778
18851,32893,59.00,19.305
18853,16233,63.50,20.778
18861,32893,59.00,19.305
18863,16233,63.50,20.778
18871,32893,59.00,19.305
18873,16233,63.50,20.778
18881,32893,59.00,19.305
18883,16233,63.50,20.778
18891,32893,59.00,19.305
18893,16233,63.50,20.778
18901,32893,59.00,19.305
18903,16233,63.50,20.778
18911,32893,59.00,19.305
18913,16233,63.50,20.778
18920,32893,59.00,19.305
18923,16233,63.50,20.778
18930,32893,59.00,19.305
18934,16233,63.50,20.778
18941,32893,59.00,19.305
18943,16233,63.50,20.778
18951,32893,59.00,19.305
18954,16233,63.50,20.778
18960,32893,59.00,19.305
18963,16233,63.50,20.778
18971,32893,59.00,19.305
18973,16233,63.50,20.778
18981,32893,59.00,19.305
18983,16233,63.50,20.778
18991,32893,59.00,19.305
18993,16233,63.50,20.778
19001,32893,59.00,19.305
19003,16233,63.50,20.778
19011,32893,59.00,19.305
19014,16233,63.50,20.778
19021,32893,59.00,19.305
19023,16233,63.50,20.778
19031,32893,59.00,19.305
19033,16233,63.50,20.778
19041,32893,59.00,19.305
19043,16233,63.50,20.778
19051,32893,59.00,19.305
19053,16233,63.50,20.778
19061,32893,59.00,19.305
19063,16233,63.50,20.778
19070,32893,59.00,19.305
19073,16233,63.50,20.778
19080,32893,59.00,19.305
19083,16233,63.50,20.778
19090,32893,59.00,19.305
19093,16233,63.50,20.778
19100,32893,59.00,19.305
19103,16233,63.50,20.778
19111,32893,59.00,19.305
19113,16233,63.50,20.778
19121,32893,59.00,19.305
19123,16233,63.50,20.778
19130,32893,59.00,19.305
19133,16233,63.50,20.778
19140,32893,59.00,19.305
19143,16233,63.50,20.778
19150,32893,59.00,19.305
19153,16233,63.50,20.778
19160,32893,59.00,19.305
19163,16233,63.50,20.778
19171,32893,59.00,19.305
19173,16233,63.50,20.778
19181,32893,59.00,19.305
19183,16233,63.50,20.778
19190,32893,59.00,19.305
19193,16233,63.50,20.778
19201,32893,59.00,19.305
19203,16233,63.50,20.778
19211,32893,59.00,19.305
19213,16233,63.50,20.778
19220,32893,59.00,19.305
19223,16233,63.50,20.778
19230,32893,59.00,19.305
19233,16233,63.50,20.778
19241,32893,59.00,19.305
19243,16233,63.50,20.778
19251,32893,59.00,19.305
19253,16233,63.50,20.778
19260,32893,59.00,19.305
19263,16233,63.50,20.778
19271,32893,59.00,19.305
19274,16233,63.50,20.778
19281,32893,59.00,19.305
19283,16233,63.50,20.778
19290,32893,59.00,19.305
19293,16233,63.50,20.778
19301,32893,59.00,19.305
19303,16233,63.50,20.778
19310,32893,59.00,19.305
19313,16233,63.50,20.778
19320,32893,59.00,19.305
19324,16233,63.50,20.778
19331,32893,59.00,19.305
19333,16233,63.50,20.778
19341,32893,59.00,19.305
19343,16233,63.50,20.778
19351,32893,59.00,19.305
19354,16233,63.50,20.778
19360,32893,59.00,19.305
19364,16233,63.50,20.778
19371,32893,59.00,19.305
19373,16233,63.50,20.778
19380,32893,59.00,19.305
19383,16233,63.50,20.778
19390,32893,59.00,19.305
19393,16233,63.50,20.778
19401,32893,59.00,19.305
19403,16233,63.50,20.778
19411,32893,59.00,19.305
19413,16233,63.50,20.778
19420,32893,59.00,19.305
19423,16233,63.50,20.778
19431,32893,59.00,19.305
19433,16233,63.50,20.778
19441,32893,59.00,19.305
19443,16233,63.50,20.778
19450,32893,59.00,19.305
19453,16233,63.50,20.778
19460,32893,59.00,19.305
19463,16233,63.50,20.778
19471,32893,59.00,19.305
19473,16233,63.50,20.778
19480,32893,59.00,19.305
19483,16233,63.50,20.778
19490,32893,59.00,19.305
19493,16233,63.50,20.778
19500,32893,59.00,19.305
19503,16233,63.50,20.778
19510,32893,59.00,19.305
19513,16233,63.50,20.778
19521,32893,59.00,19.305
19523,16233,63.50,20.778
19530,32893,59.00,19.305
19533,16233,63.50,20.778
19541,32893,59.00,19.305
19543,16233,63.50,20.778
19551,32893,59.00,19.305
19553,16233,63.50,20.778
19561,32893,63.50,20.778
19563,16233,63.50,20.778
19571,32893,63.50,20.778
19573,16233,63.50,20.778
19581,32893,63.50,20.778
19583,16233,63.50,20.778
19591,32893,63.50,20.778
19593,16233,63.50,20.778
19600,32893,63.50,20.778
19603,16233,63.50,20.778
19611,32893,63.50,20.778
19613,16233,63.50,20.778
19620,32893,63.50,20.778
19623,16233,63.50,20.778
19631,32893,63.50,20.778
19633,16233,63.50,20.778
19640,32893,63.50,20.778
19643,16233,63.50,20.778
19650,32893,63.50,20.778
19653,16233,63.50,20.778
19660,32893,63.50,20.778
19663,16233,63.50,20.778
19670,32893,63.50,20.778
19673,16233,63.50,20.778
19681,32893,63.50,20.778
19683,16233,63.50,20.778
19691,32893,63.50,20.778
19693,16233,63.50,20.778
19700,32893,63.50,20.778
19703,16233,63.50,20.778
19710,32893,63.50,20.778
19713,16233,63.50,20.778
19721,32893,63.50,20.778
19723,16233,63.50,20.778
19731,32893,63.50,20.778
19733,16233,63.50,20.778
19740,32893,63.50,20.778
19743,16233,63.50,20.778
19751,32893,63.50,20.778
19753,16233,63.50,20.778
19761,32893,63.50,20.778
19763,16233,63.50,20.778
19771,32893,63.50,20.778
19773,16233,63.50,20.778
19781,32893,63.50,20.778
19783,16233,63.50,20.778
19792,32893,63.50,20.778
19793,16233,63.50,20.778
19802,32893,63.50,20.778
19803,16233,63.50,20.778
19811,32893,63.50,20.778
19813,16233,63.50,20.778
19821,32893,63.50,20.778
19823,16233,63.50,20.778
19831,32893,63.50,20.778
19834,16233,63.50,20.778
19841,32893,63.50,20.778
19843,16233,63.50,20.778
19851,32893,63.50,20.778
19853,16233,63.50,20.778
19862,32893,63.50,20.778
19863,16233,63.50,20.778
19871,32893,63.50,20.778
19873,16233,63.50,20.778
19881,32893,63.50,20.778
19883,16233,63.50,20.778
19892,32893,63.50,20.778
19893,16233,63.50,20.778
19902,32893,63.50,20.778
19903,16233,63.50,20.778
19911,32893,63.50,20.778
19913,16233,63.50,20.778
19921,32893,63.50,20.778
19923,16233,63.50,20.778
19930,32893,63.50,20.778
19933,16233,63.50,20.778
19941,32893,63.50,20.778
19944,16233,63.50,20.778
19951,32893,63.50,20.778
19953,16233,63.50,20.778
19961,32893,63.50,20.778
19963,16233,63.50,20.778
19971,32893,63.50,20.778
19973,16233,63.50,20.778
19981,32893,63.50,20.778
19983,16233,63.50,20.778
19991,32893,63.50,20.778
19994,16233,63.50,20.778
20001,32893,63.50,20.778
20003,16233,63.50,20.778
20011,32893,63.50,20.778
20013,16233,63.50,20.778
20021,32893,63.50,20.778
20023,16233,63.50,20.778
20031,32893,63.50,20.778
20033,16233,63.50,20.778
20041,32893,63.50,20.778
20043,16233,63.50,20.778
20051,32893,63.50,20.778
20053,16233,63.50,20.778
20061,32893,63.50,20.778
20064,16233,63.50,20.778
20071,32893,63.50,20.778
20073,16233,63.50,20.778
20081,32893,63.50,20.778
20083,16233,63.50,20.778
20090,32893,63.50,20.778
20093,16233,63.50,20.778
20101,32893,63.50,20.778
20103,16233,63.50,20.778
20111,32893,63.50,20.778
20113,16233,63.50,20.778
20121,32893,63.50,20.778
20123,16233,63.50,20.778
20130,32893,63.50,20.778
20133,16233,63.50,20.778
20140,32893,63.50,20.778
20143,16233,63.50,20.778
20151,32893,63.50,20.778
20153,16233,63.50,20.778
20161,32893,63.50,20.778
20163,16233,63.50,20.778
20170,32893,63.50,20.778
20173,16233,63.50,20.778
20181,32893,63.50,20.778
20183,16233,63.50,20.778
20190,32893,63.50,20.778
20193,16233,63.50,20.778
20200,32893,63.50,20.778
20203,16233,63.50,20.778
20210,32893,63.50,20.778
20213,16233,63.50,20.778
20221,32893,63.50,20.778
20223,16233,63.50,20.778
20231,32893,63.50,20.778
20233,16233,63.50,20.778
20240,32893,63.50,20.778
20243,16233,63.50,20.778
20251,32893,63.50,20.778
20253,16233,63.50,20.778
20261,32893,63.50,20.778
20263,16233,63.50,20.778
20270,32893,63.50,20.778
20273,16233,63.50,20.778
20281,32893,63.50,20.778
20282,16233,63.50,20.778
20291,32893,63.50,20.778
20293,16233,63.50,20.778
20301,32893,63.50,20.778
20303,16233,63.50,20.778
20310,32893,63.50,20.778
20313,16233,63.50,20.778
20321,32893,63.50,20.778
20323,16233,63.50,20.778
20331,32893,63.50,20.778
20333,16233,63.50,20.778
20341,32893,63.50,20.778
20343,16233,63.50,20.778
20351,32893,63.50,20.778
20353,16233,63.50,20.778
20362,32893,63.50,20.778
20363,16233,63.50,20.778
20371,32893,63.50,20.778
20373,16233,63.50,20.778
20381,32893,63.50,20.778
20383,16233,63.50,20.778
20390,32893,63.50,20.778
20393,16233,63.50,20.778
20401,32893,63.50,20.778
20403,16233,63.50,20.778
20411,32893,63.50,20.778
20413,16233,63.50,20.778
20421,32893,63.50,20.778
20423,16233,63.50,20.778
20431,32893,63.50,20.778
20433,16233,63.50,20.778
20440,32893,63.50,20.778
20443,16233,63.50,20.778
20451,32893,63.50,20.778
20453,16233,63.50,20.778
20461,32893,63.50,20.778
20463,16233,63.50,20.778
20471,32893,63.50,20.778
20473,16233,63.50,20.778
20481,32893,63.50,20.778
20483,16233,63.50,20.778
20491,32893,63.50,20.778
20493,16233,63.50,20.778
20501,32893,63.50,20.778
20503,16233,63.50,20.778
20511,32893,63.50,20.778
20513,16233,63.50,20.778
20520,32893,63.50,20.778
20523,16233,63.50,20.778
20530,32893,63.50,20.778
20533,16233,63.50,20.778
20541,32893,63.50,20.778
20543,16233,63.50,20.778
20551,32893,63.50,20.778
20553,16233,63.50,20.778
20561,32893,63.50,20.778
20563,16233,63.50,20.778
20571,32893,63.50,20.778
20573,16233,63.50,20.778
20581,32893,63.50,20.778
20583,16233,63.50,20.778
20590,32893,63.50,20.778
20593,16233,63.50,20.778
20601,32893,63.50,20.778
20603,16233,63.50,20.778
20611,32893,63.50,20.778
20613,16233,63.50,20.778
20621,32893,63.50,20.778
20623,16233,63.50,20.778
20630,32893,63.50,20.778
20633,16233,63.50,20.778
20641,32893,63.50,20.778
20643,16233,63.50,20.778
20651,32893,63.50,20.778
20653,16233,63.50,20.778
20661,32893,63.50,20.778
20663,16233,63.50,20.778
20672,32893,63.50,20.778
20674,16233,63.50,20.778
20681,32893,63.50,20.778
20683,16233,63.50,20.778
20691,32893,63.50,20.778
20695,16233,63.50,20.778
20701,32893,63.50,20.778
20703,16233,63.50,20.778
20711,32893,63.50,20.778
20713,16233,63.50,20.778
20721,32893,63.50,20.778
20724,16233,63.50,20.778
20731,32893,63.50,20.778
20733,16233,63.50,20.778
20741,32893,63.50,20.778
20743,16233,63.50,20.778
20751,32893,63.50,20.778
20753,16233,63.50,20.778
20761,32893,63.50,20.778
20763,16233,63.50,20.778
20770,32893,63.50,20.778
20773,16233,63.50,20.778
20781,32893,63.50,20.778
20783,16233,63.50,20.778
20790,32893,63.50,20.778
20793,16233,63.50,20.778
20801,32893,63.50,20.778
20803,16233,63.50,20.778
20811,32893,63.50,20.778
20813,16233,63.50,20.778
20821,32893,63.50,20.778
20823,16233,63.50,20.778
20831,32893,63.50,20.778
20833,16233,63.50,20.778
20841,32893,63.50,20.778
20843,16233,63.50,20.778
20851,32893,63.50,20.778
20853,16233,63.50,20.778
20861,32893,63.50,20.778
20863,16233,63.50,20.778
20870,32893,63.50,20.778
20873,16233,63.50,20.778
20880,32893,63.50,20.778
20883,16233,63.50,20.778
20890,32893,63.50,20.778
20893,16233,63.50,20.778
20901,32893,63.50,20.778
20903,16233,63.50,20.778
20911,32893,63.50,20.778
20913,16233,63.50,20.778
20921,32893,63.50,20.778
20923,16233,63.50,20.778
20930,32893,63.50,20.778
20933,16233,63.50,20.778
20941,32893,63.50,20.778
20943,16233,63.50,20.778
20951,32893,63.50,20.778
20953,16233,63.50,20.778
20961,32893,63.50,20.778
20963,16233,63.50,20.778
20971,32893,63.50,20.778
20973,16233,63.50,20.778
20981,32893,63.50,20.778
20983,16233,63.50,20.778
20991,32893,63.50,20.778
20994,16233,63.50,20.778
21001,32893,63.50,20.778
21003,16233,63.50,20.778
21010,32893,63.50,20.778
21013,16233,63.50,20.778
21021,32893,63.50,20.778
21023,16233,63.50,20.778
21031,32893,63.50,20.778
21033,16233,63.50,20.778
21041,32893,63.50,20.778
21043,16233,63.50,20.778
21051,32893,63.50,20.778
21053,16233,63.50,20.778
21061,32893,63.50,20.778
21063,16233,63.50,20.778
21071,32893,63.50,20.778
21073,16233,63.50,20.778
21081,32893,63.50,20.778
21083,16233,63.50,20.778
21091,32893,63.50,20.778
21093,16233,63.50,20.778
21101,32893,63.50,20.778
21103,16233,63.50,20.778
21111,32893,63.50,20.778
21113,16233,63.50,20.778
21121,32893,63.50,20.778
21123,16233,63.50,20.778
21131,32893,63.50,20.778
21133,16233,63.50,20.778
21141,32893,63.50,20.778
21143,16233,63.50,20.778
21151,32893,63.50,20.778
21153,16233,63.50,20.778
21161,32893,63.50,20.778
21163,16233,63.50,20.778
21171,32893,63.50,20.778
21173,16233,63.50,20.778
21181,32893,63.50,20.778
21183,16233,63.50,20.778
21191,32893,63.50,20.778
21193,16233,63.50,20.778
21201,32893,63.50,20.778
21203,16233,63.50,20.778
21211,32893,63.50,20.778
21213,16233,63.50,20.778
21220,32893,63.50,20.778
21223,16233,63.50,20.778
21231,32893,63.50,20.778
21233,16233,63.50,20.778
21241,32893,63.50,20.778
21243,16233,63.50,20.778
21250,32893,63.50,20.778
21253,16233,63.50,20.778
21260,32893,63.50,20.778
21263,16233,63.50,20.778
21271,32893,63.50,20.778
21274,16233,63.50,20.778
21281,32893,63.50,20.778
21283,16233,63.50,20.778
21291,32893,63.50,20.778
21293,16233,63.50,20.778
21301,32893,63.50,20.778
21303,16233,63.50,20.778
21310,32893,63.50,20.778
21313,16233,63.50,20.778
21321,32893,63.50,20.778
21323,16233,63.50,20.778
21330,32893,63.50,20.778
21333,16233,63.50,20.778
21341,32893,63.50,20.778
21343,16233,63.50,20.778
21351,32893,63.50,20.778
21353,16233,63.50,20.778
21361,32893,63.50,20.778
21363,16233,63.50,20.778
21371,32893,63.50,20.778
21373,16233,63.50,20.778
21381,32893,63.50,20.778
21383,16233,63.50,20.778
21391,32893,63.50,20.778
21393,16233,63.50,20.778
21401,32893,63.50,20.778
21403,16233,63.50,20.778
21413,32893,63.50,20.778
21414,16233,63.50,20.778
21420,32893,63.50,20.778
21423,16233,63.50,20.778
21431,32893,63.50,20.778
21433,16233,63.50,20.778
21441,32893,63.50,20.778
21443,16233,63.50,20.778
21451,32893,63.50,20.778
21453,16233,63.50,20.778
21460,32893,63.50,20.778
21463,16233,63.50,20.778
21471,32893,63.50,20.778
21474,16233,63.50,20.778
21480,32893,63.50,20.778
21483,16233,63.50,20.778
21490,32893,63.50,20.778
21493,16233,63.50,20.778
21500,32893,63.50,20.778
21503,16233,63.50,20.778
21511,32893,63.50,20.778
21513,16233,63.50,20.778
21520,32893,63.50,20.778
21523,16233,63.50,20.778
21531,32893,63.50,20.778
21533,16233,63.50,20.778
21540,32893,63.50,20.778
21543,16233,58.00,18.978
21551,32893,63.50,20.778
21553,16233,58.00,18.978
21560,32893,63.50,20.778
21563,16233,58.00,18.978
21571,32893,63.50,20.778
21573,16233,58.00,18.978
21581,32893,63.50,20.778
21584,16233,58.00,18.978
21591,32893,63.50,20.778
21593,16233,58.00,18.978
21600,32893,63.50,20.778
21603,16233,58.00,18.978
21611,32893,63.50,20.778
21613,16233,58.00,18.978
21621,32893,63.50,20.778
21623,16233,58.00,18.978
21630,32893,63.50,20.778
21633,16233,58.00,18.978
21640,32893,63.50,20.778
21643,16233,58.00,18.978
21650,32893,63.50,20.778
21653,16233,58.00,18.978
21661,32893,63.50,20.778
21663,16233,58.00,18.978
21671,32893,63.50,20.778
21673,16233,58.00,18.978
21680,32893,63.50,20.778
21683,16233,58.00,18.978
21691,32893,63.50,20.778
21693,16233,58.00,18.978
21701,32893,63.50,20.778
21703,16233,58.00,18.978
21711,32893,63.50,20.778
21713,16233,58.00,18.978
21721,32893,63.50,20.778
21723,16233,58.00,18.978
21731,32893,63.50,20.778
21733,16233,58.00,18.978
21740,32893,63.50,20.778
21743,16233,58.00,18.978
21751,32893,63.50,20.778
21753,16233,58.00,18.978
21761,32893,63.50,20.778
21763,16233,58.00,18.978
21771,32893,63.50,20.778
21773,16233,58.00,18.978
21781,32893,63.50,20.778
21783,16233,58.00,18.978
21790,32893,63.50,20.778
21793,16233,58.00,18.978
21801,32893,63.50,20.778
21803,16233,58.00,18.978
21811,32893,63.50,20.778
21813,16233,58.00,18.978
21821,32893,63.50,20.778
21823,16233,58.00,18.978
21830,32893,63.50,20.778
21833,16233,58.00,18.978
21841,32893,63.50,20.778
21843,16233,58.00,18.978
21850,32893,63.50,20.778
21853,16233,58.00,18.978
21860,32893,63.50,20.778
21863,16233,58.00,18.978
21870,32893,63.50,20.778
21873,16233,58.00,18.978
21881,32893,63.50,20.778
21883,16233,58.00,18.978
21891,32893,63.50,20.778
21893,16233,58.00,18.978
21901,32893,63.50,20.778
21903,16233,58.00,18.978
21910,32893,63.50,20.778
21913,16233,58.00,18.978
21920,32893,63.50,20.778
21924,16233,58.00,18.978
21931,32893,63.50,20.778
21933,16233,58.00,18.978
21941,32893,63.50,20.778
21943,16233,58.00,18.978
21950,32893,63.50,20.778
21953,16233,58.00,18.978
21960,32893,63.50,20.778
21963,16233,58.00,18.978
21971,32893,63.50,20.778
21973,16233,58.00,18.978
21980,32893,63.50,20.778
21983,16233,58.00,18.978
21991,32893,63.50,20.778
21994,16233,58.00,18.978
22000,32893,63.50,20.778
22003,16233,58.00,18.978
22010,32893,63.50,20.778
22013,16233,58.00,18.978
22021,32893,63.50,20.778
22023,16233,58.00,18.978
22031,32893,63.50,20.778
22033,16233,58.00,18.978
22041,32893,63.50,20.778
22043,16233,58.00,18.978
22051,32893,63.50,20.778
22053,16233,58.00,18.978
22061,32893,63.50,20.778
22063,16233,58.00,18.978
22071,32893,63.50,20.778
22073,16233,58.00,18.978
22081,32893,63.50,20.778
22083,16233,58.00,18.978
22091,32893,63.50,20.778
22093,16233,58.00,18.978
22101,32893,63.50,20.778
22103,16233,58.00,18.978
22110,32893,63.50,20.778
22113,16233,58.00,18.978
22120,32893,63.50,20.778
22123,16233,58.00,18.978
22130,32893,63.50,20.778
22133,16233,58.00,18.978
22141,32893,63.50,20.778
22143,16233,58.00,18.978
22150,32893,63.50,20.778
22153,16233,58.00,18.978
22160,32893,63.50,20.778
22163,16233,58.00,18.978
22171,32893,63.50,20.778
22173,16233,58.00,18.978
22180,32893,63.50,20.778
22183,16233,58.00,18.978
22190,32893,63.50,20.778
22193,16233,58.00,18.978
22200,32893,63.50,20.778
22203,16233,58.00,18.978
22211,32893,63.50,20.778
22213,16233,58.00,18.978
22221,32893,63.50,20.778
22223,16233,58.00,18.978
22231,32893,63.50,20.778
22233,16233,58.00,18.978
22241,32893,63.50,20.778
22243,16233,58.00,18.978
22250,32893,63.50,20.778
22253,16233,58.00,18.978
22260,32893,63.50,20.778
22263,16233,58.00,18.978
22270,32893,63.50,20.778
22273,16233,58.00,18.978
22280,32893,63.50,20.778
22283,16233,58.00,18.978
22291,32893,63.50,20.778
22293,16233,58.00,18.978
22301,32893,63.50,20.778
22303,16233,58.00,18.978
22311,32893,63.50,20.778
22313,16233,58.00,18.978
22321,32893,63.50,20.778
22323,16233,58.00,18.978
22330,32893,63.50,20.778
22333,16233,58.00,18.978
22340,32893,63.50,20.778
22343,16233,58.00,18.978
22351,32893,63.50,20.778
22353,16233,58.00,18.978
22360,32893,63.50,20.778
22363,16233,58.00,18.978
22371,32893,63.50,20.778
22373,16233,58.00,18.978
22380,32893,63.50,20.778
22383,16233,58.00,18.978
22390,32893,63.50,20.778
22393,16233,58.00,18.978
22400,32893,63.50,20.778
22403,16233,58.00,18.978
22410,32893,63.50,20.778
22413,16233,58.00,18.978
22420,32893,63.50,20.778
22423,16233,58.00,18.978
22430,32893,63.50,20.778
22433,16233,58.00,18.978
22441,32893,63.50,20.778
22443,16233,58.00,18.978
22450,32893,63.50,20.778
22453,16233,58.00,18.978
22460,32893,63.50,20.778
22463,16233,58.00,18.978
22471,32893,63.50,20.778
22473,16233,58.00,18.978
22480,32893,63.50,20.778
22483,16233,58.00,18.978
22490,32893,63.50,20.778
22493,16233,58.00,18.978
22500,32893,63.50,20.778
22503,16233,58.00,18.978
22510,32893,63.50,20.778
22513,16233,58.00,18.978
22521,32893,63.50,20.778
22523,16233,58.00,18.978
22531,32893,63.50,20.778
22533,16233,58.00,18.978
22540,32893,63.50,20.778
22543,16233,58.00,18.978
22550,32893,63.50,20.778
22553,16233,58.00,18.978
22560,32893,63.50,20.778
22563,16233,58.00,18.978
22571,32893,63.50,20.778
22573,16233,58.00,18.978
22581,32893,63.50,20.778
22583,16233,58.00,18.978
22590,32893,63.50,20.778
22593,16233,58.00,18.978
22601,32893,63.50,20.778
22603,16233,58.00,18.978
22611,32893,63.50,20.778
22613,16233,58.00,18.978
22621,32893,63.50,20.778
22623,16233,58.00,18.978
22631,32893,63.50,20.778
22633,16233,58.00,18.978
22640,32893,63.50,20.778
22643,16233,58.00,18.978
22650,32893,63.50,20.778
22653,16233,58.00,18.978
22661,32893,63.50,20.778
22663,16233,58.00,18.978
22670,32893,63.50,20.778
22673,16233,58.00,18.978
22681,32893,63.50,20.778
22683,16233,58.00,18.978
22690,32893,63.50,20.778
22693,16233,58.00,18.978
22700,32893,63.50,20.778
22703,16233,58.00,18.978
22710,32893,63.50,20.778
22713,16233,58.00,18.978
22720,32893,63.50,20.778
22723,16233,58.00,18.978
22732,32893,63.50,20.778
22733,16233,58.00,18.978
22741,32893,63.50,20.778
22743,16233,58.00,18.978
22750,32893,63.50,20.778
22754,16233,58.00,18.978
22761,32893,63.50,20.778
22763,16233,58.00,18.978
22771,32893,63.50,20.778
22773,16233,58.00,18.978
22781,32893,63.50,20.778
22783,16233,58.00,18.978
22790,32893,63.50,20.778
22793,16233,58.00,18.978
22801,32893,63.50,20.778
22803,16233,58.00,18.978
22811,32893,63.50,20.778
22813,16233,58.00,18.978
22821,32893,63.50,20.778
22823,16233,58.00,18.978
22830,32893,63.50,20.778
22833,16233,58.00,18.978
22840,32893,63.50,20.778
22843,16233,58.00,18.978
22851,32893,63.50,20.778
22853,16233,58.00,18.978
22861,32893,63.50,20.778
22863,16233,58.00,18.978
22871,32893,63.50,20.778
22873,16233,58.00,18.978
22881,32893,63.50,20.778
22884,16233,58.00,18.978
22891,32893,63.50,20.778
22893,16233,58.00,18.978
22901,32893,63.50,20.778
22903,16233,58.00,18.978
22911,32893,63.50,20.778
22913,16233,58.00,18.978
22921,32893,63.50,20.778
22923,16233,58.00,18.978
22930,32893,63.50,20.778
22933,16233,58.00,18.978
22941,32893,63.50,20.778
22943,16233,58.00,18.978
22951,32893,63.50,20.778
22953,16233,58.00,18.978
22961,32893,63.50,20.778
22963,16233,58.00,18.978
22971,32893,63.50,20.778
22973,16233,58.00,18.978
22981,32893,63.50,20.778
22983,16233,58.00,18.978
22991,32893,63.50,20.778
22993,16233,58.00,18.978
23001,32893,63.50,20.778
23003,16233,58.00,18.978
23011,32893,63.50,20.778
23013,16233,58.00,18.978
23020,32893,63.50,20.778
23023,16233,58.00,18.978
23030,32893,63.50,20.778
23033,16233,58.00,18.978
23041,32893,63.50,20.778
23043,16233,58.00,18.978
23051,32893,63.50,20.778
23053,16233,58.00,18.978
23061,32893,63.50,20.778
23063,16233,58.00,18.978
23070,32893,63.50,20.778
23073,16233,58.00,18.978
23081,32893,63.50,20.778
23083,16233,58.00,18.978
23090,32893,63.50,20.778
23093,16233,58.00,18.978
23101,32893,63.50,20.778
23103,16233,58.00,18.978
23111,32893,63.50,20.778
23113,16233,58.00,18.978
23121,32893,63.50,20.778
23123,16233,58.00,18.978
23130,32893,63.50,20.778
23133,16233,58.00,18.978
23141,32893,63.50,20.778
23143,16233,58.00,18.978
23151,32893,63.50,20.778
23153,16233,58.00,18.978
23160,32893,63.50,20.778
23163,16233,58.00,18.978
23170,32893,63.50,20.778
23173,16233,58.00,18.978
23181,32893,63.50,20.778
23183,16233,58.00,18.978
23190,32893,63.50,20.778
23193,16233,58.00,18.978
23201,32893,63.50,20.778
23203,16233,58.00,18.978
23211,32893,63.50,20.778
23213,16233,58.00,18.978
23221,32893,63.50,20.778
23223,16233,58.00,18.978
23230,32893,63.50,20.778
23233,16233,58.00,18.978
23241,32893,63.50,20.778
23243,16233,58.00,18.978
23250,32893,63.50,20.778
23253,16233,58.00,18.978
23260,32893,63.50,20.778
23263,16233,58.00,18.978
23271,32893,63.50,20.778
23273,16233,58.00,18.978
23281,32893,63.50,20.778
23283,16233,58.00,18.978
23290,32893,63.50,20.778
23293,16233,58.00,18.978
23301,32893,63.50,20.778
23303,16233,58.00,18.978
23310,32893,63.50,20.778
23313,16233,58.00,18.978
23320,32893,63.50,20.778
23323,16233,58.00,18.978
23330,32893,63.50,20.778
23333,16233,58.00,18.978
23340,32893,63.50,20.778
23343,16233,58.00,18.978
23350,32893,63.50,20.778
23353,16233,58.00,18.978
23361,32893,63.50,20.778
23364,16233,58.00,18.978
23370,32893,63.50,20.778
23373,16233,58.00,18.978
23381,32893,63.50,20.778
23383,16233,58.00,18.978
23390,32893,63.50,20.778
23393,16233,58.00,18.978
23401,32893,63.50,20.778
23403,16233,58.00,18.978
23410,32893,63.50,20.778
23414,16233,58.00,18.978
23421,32893,63.50,20.778
23423,16233,58.00,18.978
23431,32893,63.50,20.778
23433,16233,58.00,18.978
23440,32893,63.50,20.778
23443,16233,58.00,18.978
23451,32893,63.50,20.778
23453,16233,58.00,18.978
23461,32893,63.50,20.778
23463,16233,58.00,18.978
23471,32893,63.50,20.778
23473,16233,58.00,18.978
23480,32893,63.50,20.778
23483,16233,58.00,18.978
23490,32893,63.50,20.778
23493,16233,58.00,18.978
23500,32893,63.50,20.778
23503,16233,58.00,18.978
23510,32893,63.50,20.778
23513,16233,58.00,18.978
23521,32893,63.50,20.778
23523,16233,58.00,18.978
23530,32893,63.50,20.778
23533,16233,58.00,18.978
23540,32893,63.50,20.778
23543,16233,58.00,18.978
23550,32893,63.50,20.778
23553,16233,58.00,18.978
23560,32893,63.50,20.778
23563,16233,58.00,18.978
23570,32893,63.50,20.778
23573,16233,58.00,18.978
23581,32893,63.50,20.778
23583,16233,58.00,18.978
23591,32893,63.50,20.778
23593,16233,58.00,18.978
23601,32893,63.50,20.778
23603,16233,58.00,18.978
23610,32893,63.50,20.778
23613,16233,58.00,18.978
23621,32893,63.50,20.778
23623,16233,58.00,18.978
23631,32893,63.50,20.778
23633,16233,58.00,18.978
23641,32893,63.50,20.778
23643,16233,58.00,18.978
23650,32893,63.50,20.778
23653,16233,58.00,18.978
23660,32893,63.50,20.778
23663,16233,58.00,18.978
23671,32893,63.50,20.778
23674,16233,58.00,18.978
23681,32893,63.50,20.778
23683,16233,58.00,18.978
23691,32893,63.50,20.778
23693,16233,58.00,18.978
23700,32893,63.50,20.778
23703,16233,58.00,18.978
23711,32893,63.50,20.778
23713,16233,58.00,18.978
23721,32893,63.50,20.778
23723,16233,58.00,18.978
23731,32893,63.50,20.778
23733,16233,58.00,18.978
23741,32893,63.50,20.778
23743,16233,58.00,18.978
23751,32893,63.50,20.778
23753,16233,58.00,18.978
23761,32893,63.50,20.778
23763,16233,58.00,18.978
23771,32893,63.50,20.778
23774,16233,58.00,18.978
23781,32893,63.50,20.778
23783,16233,58.00,18.978
23791,32893,63.50,20.778
23793,16233,58.00,18.978
23801,32893,63.50,20.778
23803,16233,58.00,18.978
23811,32893,63.50,20.778
23813,16233,58.00,18.978
23821,32893,63.50,20.778
23823,16233,58.00,18.978
23830,32893,63.50,20.778
23833,16233,58.00,18.978
23841,32893,63.50,20.778
23843,16233,58.00,18.978
23851,32893,63.50,20.778
23853,16233,58.00,18.978
23861,32893,63.50,20.778
23863,16233,58.00,18.978
23871,32893,63.50,20.778
23873,16233,58.00,18.978
23881,32893,63.50,20.778
23883,16233,58.00,18.978
23891,32893,63.50,20.778
23893,16233,58.00,18.978
23901,32893,63.50,20.778
23903,16233,58.00,18.978
23910,32893,63.50,20.778
23913,16233,58.00,18.978
23921,32893,63.50,20.778
23923,16233,58.00,18.978
23931,32893,63.50,20.778
23933,16233,58.00,18.978
23941,32893,63.50,20.778
23943,16233,58.00,18.978
23951,32893,63.50,20.778
23953,16233,58.00,18.978
23961,32893,63.50,20.778
23963,16233,58.00,18.978
23971,32893,63.50,20.778
23973,16233,58.00,18.978
23981,32893,63.50,20.778
23983,16233,58.00,18.978
23991,32893,63.50,20.778
23993,16233,58.00,18.978
24001,32893,63.50,20.778
24003,16233,58.00,18.978
24011,32893,63.50,20.778
24013,16233,58.00,18.978
24021,32893,63.50,20.778
24023,16233,58.00,18.978
24032,32893,63.50,20.778
24033,16233,58.00,18.978
24041,32893,63.50,20.778
24043,16233,58.00,18.978
24051,32893,63.50,20.778
24053,16233,58.00,18.978
24061,32893,63.50,20.778
24064,16233,58.00,18.978
24071,32893,63.50,20.778
24073,16233,58.00,18.978
24081,32893,63.50,20.778
24083,16233,58.00,18.978
24091,32893,63.50,20.778
24093,16233,58.00,18.978
24101,32893,63.50,20.778
24103,16233,58.00,18.978
24111,32893,63.50,20.778
24113,16233,58.00,18.978
24121,32893,63.50,20.778
24123,16233,58.00,18.978
24131,32893,63.50,20.778
24133,16233,58.00,18.978
24141,32893,63.50,20.778
24143,16233,58.00,18.978
24151,32893,63.50,20.778
24153,16233,58.00,18.978
24161,32893,63.50,20.778
24163,16233,58.00,18.978
24170,32893,63.50,20.778
24173,16233,58.00,18.978
24181,32893,63.50,20.778
24183,16233,58.00,18.978
24191,32893,63.50,20.778
24193,16233,58.00,18.978
24201,32893,63.50,20.778
24203,16233,58.00,18.978
24211,32893,63.50,20.778
24213,16233,58.00,18.978
24221,32893,63.50,20.778
24223,16233,58.00,18.978
24231,32893,63.50,20.778
24233,16233,58.00,18.978
24241,32893,63.50,20.778
24243,16233,58.00,18.978
24251,32893,63.50,20.778
24253,16233,58.00,18.978
24261,32893,63.50,20.778
24263,16233,58.00,18.978
24271,32893,63.50,20.778
24273,16233,58.00,18.978
24281,32893,63.50,20.778
24283,16233,58.00,18.978
24291,32893,63.50,20.778
24293,16233,58.00,18.978
24301,32893,63.50,20.778
24303,16233,58.00,18.978
24310,32893,63.50,20.778
24313,16233,58.00,18.978
24321,32893,63.50,20.778
24323,16233,58.00,18.978
24331,32893,63.50,20.778
24333,16233,58.00,18.978
24341,32893,63.50,20.778
24343,16233,58.00,18.978
24351,32893,63.50,20.778
24353,16233,58.00,18.978
24361,32893,63.50,20.778
24364,16233,58.00,18.978
24371,32893,63.50,20.778
24373,16233,58.00,18.978
24381,32893,63.50,20.778
24383,16233,58.00,18.978
24391,32893,63.50,20.778
24393,16233,58.00,18.978
24402,32893,63.50,20.778
24403,16233,58.00,18.978
24411,32893,63.50,20.778
24413,16233,58.00,18.978
24421,32893,63.50,20.778
24423,16233,58.00,18.978
24431,32893,63.50,20.778
24433,16233,58.00,18.978
24441,32893,63.50,20.778
24444,16233,58.00,18.978
24451,32893,63.50,20.778
24453,16233,58.00,18.978
24461,32893,63.50,20.778
24463,16233,58.00,18.978
24471,32893,63.50,20.778
24473,16233,58.00,18.978
24481,32893,63.50,20.778
24483,16233,58.00,18.978
24491,32893,63.50,20.778
24493,16233,58.00,18.978
24501,32893,63.50,20.778
24503,16233,58.00,18.978
24511,32893,63.50,20.778
24513,16233,58.00,18.978
24521,32893,63.50,20.778
24523,16233,58.00,18.978
24531,32893,63.50,20.778
24533,16233,58.00,18.978
24541,32893,63.50,20.778
24543,16233,58.00,18.978
24551,32893,63.50,20.778
24553,16233,58.00,18.978
24561,32893,63.50,20.778
24563,16233,58.00,18.978
24571,32893,63.50,20.778
24573,16233,58.00,18.978
24581,32893,63.50,20.778
24583,16233,58.00,18.978
24591,32893,63.50,20.778
24593,16233,58.00,18.978
24601,32893,63.50,20.778
24603,16233,58.00,18.978
24611,32893,63.50,20.778
24613,16233,58.00,18.978
24621,32893,63.50,20.778
24623,16233,58.00,18.978
24631,32893,63.50,20.778
24633,16233,58.00,18.978
24641,32893,63.50,20.778
24643,16233,58.00,18.978
24651,32893,63.50,20.778
24653,16233,58.00,18.978
24661,32893,63.50,20.778
24663,16233,58.00,18.978
24671,32893,63.50,20.778
24673,16233,58.00,18.978
24681,32893,63.50,20.778
24683,16233,58.00,18.978
24691,32893,63.50,20.778
24693,16233,58.00,18.978
24701,32893,63.50,20.778
24703,16233,58.00,18.978
24711,32893,63.50,20.778
24713,16233,58.00,18.978
24721,32893,63.50,20.778
24723,16233,58.00,18.978
24730,32893,63.50,20.778
24733,16233,58.00,18.978
24741,32893,63.50,20.778
24743,16233,58.00,18.978
24751,32893,63.50,20.778
24753,16233,58.00,18.978
24761,32893,63.50,20.778
24763,16233,58.00,18.978
24771,32893,63.50,20.778
24773,16233,58.00,18.978
24781,32893,63.50,20.778
24783,16233,58.00,18.978
24791,32893,63.50,20.778
24793,16233,58.00,18.978
24801,32893,63.50,20.778
24803,16233,58.00,18.978
24811,32893,63.50,20.778
24813,16233,58.00,18.978
24821,32893,63.50,20.778
24823,16233,58.00,18.978
24830,32893,63.50,20.778
24833,16233,58.00,18.978
24841,32893,63.50,20.778
24843,16233,58.00,18.978
24851,32893,63.50,20.778
24853,16233,58.00,18.978
24861,32893,63.50,20.778
24863,16233,58.00,18.978
24871,32893,63.50,20.778
24873,16233,58.00,18.978
24880,32893,63.50,20.778
24883,16233,58.00,18.978
24891,32893,63.50,20.778
24893,16233,58.00,18.978
24901,32893,63.50,20.778
24903,16233,58.00,18.978
24910,32893,63.50,20.778
24913,16233,58.00,18.978
24921,32893,63.50,20.778
24923,16233,58.00,18.978
24931,32893,63.50,20.778
24933,16233,58.00,18.978
24941,32893,63.50,20.778
24943,16233,58.00,18.978
24950,32893,63.50,20.778
24953,16233,58.00,18.978
24960,32893,63.50,20.778
24963,16233,58.00,18.978
24971,32893,63.50,20.778
24974,16233,58.00,18.978
24980,32893,63.50,20.778
24983,16233,58.00,18.978
24990,32893,63.50,20.778
24993,16233,58.00,18.978
25000,32893,63.50,20.778
25003,16233,58.00,18.978
25011,32893,63.50,20.778
25013,16233,58.00,18.978
25021,32893,63.50,20.778
25023,16233,58.00,18.978
25031,32893,63.50,20.778
25033,16233,58.00,18.978
25040,32893,63.50,20.778
25043,16233,58.00,18.978
25050,32893,63.50,20.778
25053,16233,58.00,18.978
25061,32893,63.50,20.778
25063,16233,58.00,18.978
25071,32893,63.50,20.778
25073,16233,58.00,18.978
25081,32893,63.50,20.778
25083,16233,58.00,18.978
25090,32893,63.50,20.778
25093,16233,58.00,18.978
25101,32893,63.50,20.778
25103,16233,58.00,18.978
25110,32893,63.50,20.778
25113,16233,58.00,18.978
25121,32893,63.50,20.778
25123,16233,58.00,18.978
25131,32893,63.50,20.778
25133,16233,58.00,18.978
25141,32893,63.50,20.778
25143,16233,58.00,18.978
25151,32893,63.50,20.778
25153,16233,58.00,18.978
25161,32893,63.50,20.778
25163,16233,58.00,18.978
25170,32893,63.50,20.778
25173,16233,58.00,18.978
25181,32893,63.50,20.778
25183,16233,58.00,18.978
25191,32893,63.50,20.778
25193,16233,58.00,18.978
25201,32893,63.50,20.778
25203,16233,58.00,18.978
25210,32893,63.50,20.778
25213,16233,58.00,18.978
25221,32893,63.50,20.778
25223,16233,58.00,18.978
25231,32893,63.50,20.778
25233,16233,58.00,18.978
25241,32893,63.50,20.778
25243,16233,58.00,18.978
25251,32893,63.50,20.778
25253,16233,58.00,18.978
25261,32893,63.50,20.778
25263,16233,58.00,18.978
25270,32893,63.50,20.778
25273,16233,58.00,18.978
25281,32893,63.50,20.778
25283,16233,58.00,18.978
25292,32893,63.50,20.778
25293,16233,58.00,18.978
25301,32893,63.50,20.778
25303,16233,58.00,18.978
25311,32893,63.50,20.778
25313,16233,58.00,18.978
25320,32893,63.50,20.778
25323,16233,58.00,18.978
25331,32893,63.50,20.778
25333,16233,58.00,18.978
25341,32893,63.50,20.778
25343,16233,58.00,18.978
25351,32893,63.50,20.778
25353,16233,58.00,18.978
25361,32893,63.50,20.778
25364,16233,58.00,18.978
25371,32893,63.50,20.778
25373,16233,58.00,18.978
25381,32893,63.50,20.778
25383,16233,58.00,18.978
25391,32893,63.50,20.778
25393,16233,58.00,18.978
25401,32893,63.50,20.778
25403,16233,58.00,18.978
25410,32893,63.50,20.778
25413,16233,58.00,18.978
25421,32893,63.50,20.778
25423,16233,58.00,18.978
25431,32893,63.50,20.778
25433,16233,58.00,18.978
25441,32893,63.50,20.778
25443,16233,58.00,18.978
25451,32893,63.50,20.778
25454,16233,58.00,18.978
25461,32893,63.50,20.778
25463,16233,58.00,18.978
25471,32893,63.50,20.778
25473,16233,58.00,18.978
25481,32893,63.50,20.778
25483,16233,58.00,18.978
25491,32893,63.50,20.778
25493,16233,58.00,18.978
25501,32893,63.50,20.778
25503,16233,58.00,18.978
25511,32893,63.50,20.778
25513,16233,58.00,18.978
25521,32893,63.50,20.778
25524,16233,58.00,18.978
25531,32893,63.50,20.778
25533,16233,58.00,18.978
25541,32893,63.50,20.778
25543,16233,58.00,18.978
25550,32893,63.50,20.778
25553,16233,58.00,18.978
25560,32893,63.50,20.778
25563,16233,58.00,18.978
25571,32893,63.50,20.778
25573,16233,58.00,18.978
25581,32893,63.50,20.778
25583,16233,58.00,18.978
25591,32893,63.50,20.778
25593,16233,58.00,18.978
25601,32893,63.50,20.778
25603,16233,58.00,18.978
25611,32893,63.50,20.778
25613,16233,58.00,18.978
25621,32893,63.50,20.778
25623,16233,58.00,18.978
25630,32893,63.50,20.778
25633,16233,58.00,18.978
25640,32893,63.50,20.778
25643,16233,58.00,18.978
25650,32893,63.50,20.778
25653,16233,58.00,18.978
25661,32893,63.50,20.778
25663,16233,58.00,18.978
25670,32893,63.50,20.778
25673,16233,58.00,18.978
25680,32893,63.50,20.778
25683,16233,58.00,18.978
25691,32893,63.50,20.778
25693,16233,58.00,18.978
25701,32893,63.50,20.778
25703,16233,58.00,18.978
25710,32893,63.50,20.778
25713,16233,58.00,18.978
25721,32893,63.50,20.778
25723,16233,58.00,18.978
25731,32893,63.50,20.778
25733,16233,58.00,18.978
25740,32893,63.50,20.778
25743,16233,58.00,18.978
25751,32893,63.50,20.778
25753,16233,58.00,18.978
25761,32893,63.50,20.778
25763,16233,58.00,18.978
25771,32893,63.50,20.778
25774,16233,58.00,18.978
25781,32893,63.50,20.778
25783,16233,58.00,18.978
25790,32893,63.50,20.778
25793,16233,58.00,18.978
25800,32893,63.50,20.778
25803,16233,63.50,20.778
25810,32893,63.50,20.778
25813,16233,63.50,20.778
25820,32893,63.50,20.778
25823,16233,63.50,20.778
25831,32893,63.50,20.778
25833,16233,63.50,20.778
25840,32893,63.50,20.778
25843,16233,63.50,20.778
25850,32893,63.50,20.778
25853,16233,63.50,20.778
25861,32893,63.50,20.778
25863,16233,63.50,20.778
25870,32893,63.50,20.778
25873,16233,63.50,20.778
25880,32893,63.50,20.778
25883,16233,63.50,20.778
25890,32893,63.50,20.778
25893,16233,63.50,20.778
25901,32893,63.50,20.778
25903,16233,63.50,20.778
25910,32893,63.50,20.778
25913,16233,63.50,20.778
25921,32893,63.50,20.778
25923,16233,63.50,20.778
25930,32893,63.50,20.778
25933,16233,63.50,20.778
25941,32893,63.50,20.778
25943,16233,63.50,20.778
25951,32893,63.50,20.778
25953,16233,63.50,20.778
25960,32893,63.50,20.778
25963,16233,63.50,20.778
25970,32893,63.50,20.778
25973,16233,63.50,20.778
25981,32893,63.50,20.778
25984,16233,63.50,20.778
25991,32893,63.50,20.778
25993,16233,63.50,20.778
26001,32893,63.50,20.778
26003,16233,63.50,20.778
26010,32893,63.50,20.778
26013,16233,63.50,20.778
26020,32893,63.50,20.778
26023,16233,63.50,20.778
26030,32893,63.50,20.778
26033,16233,63.50,20.778
26041,32893,63.50,20.778
26043,16233,63.50,20.778
26051,32893,63.50,20.778
26053,16233,63.50,20.778
26061,32893,63.50,20.778
26063,16233,63.50,20.778
26071,32893,63.50,20.778
26074,16233,63.50,20.778
26080,32893,63.50,20.778
26083,16233,63.50,20.778
26090,32893,63.50,20.778
26094,16233,63.50,20.778
26101,32893,63.50,20.778
26103,16233,63.50,20.778
26111,32893,63.50,20.778
26113,16233,63.50,20.778
26122,32893,63.50,20.778
26123,16233,63.50,20.778
26131,32893,63.50,20.778
26133,16233,63.50,20.778
26141,32893,63.50,20.778
26144,16233,63.50,20.778
26151,32893,63.50,20.778
26153,16233,63.50,20.778
26161,32893,63.50,20.778
26163,16233,63.50,20.778
26170,32893,63.50,20.778
26173,16233,63.50,20.778
26181,32893,63.50,20.778
26183,16233,63.50,20.778
26190,32893,63.50,20.778
26193,16233,63.50,20.778
26200,32893,63.50,20.778
26203,16233,63.50,20.778
26211,32893,63.50,20.778
26213,16233,63.50,20.778
26221,32893,63.50,20.778
26223,16233,63.50,20.778
26231,32893,63.50,20.778
26233,16233,63.50,20.778
26241,32893,63.50,20.778
26243,16233,63.50,20.778
26251,32893,63.50,20.778
26253,16233,63.50,20.778
26260,32893,63.50,20.778
26263,16233,63.50,20.778
26270,32893,63.50,20.778
26273,16233,63.50,20.778
26281,32893,63.50,20.778
26283,16233,63.50,20.778
26291,32893,63.50,20.778
26293,16233,63.50,20.778
26301,32893,63.50,20.778
26303,16233,63.50,20.778
26311,32893,63.50,20.778
26313,16233,63.50,20.778
26321,32893,63.50,20.778
26323,16233,63.50,20.778
26330,32893,63.50,20.778
26333,16233,63.50,20.778
26341,32893,63.50,20.778
26343,16233,63.50,20.778
26350,32893,63.50,20.778
26353,16233,63.50,20.778
26361,32893,63.50,20.778
26363,16233,63.50,20.778
26371,32893,63.50,20.778
26373,16233,63.50,20.778
26381,32893,63.50,20.778
26383,16233,63.50,20.778
26391,32893,63.50,20.778
26393,16233,63.50,20.778
26401,32893,63.50,20.778
26403,16233,63.50,20.778
26411,32893,63.50,20.778
26413,16233,63.50,20.778
26421,32893,63.50,20.778
26423,16233,63.50,20.778
26431,32893,63.50,20.778
26433,16233,63.50,20.778
26441,32893,63.50,20.778
26443,16233,63.50,20.778
26450,32893,63.50,20.778
26453,16233,63.50,20.778
26460,32893,63.50,20.778
26463,16233,63.50,20.778
26471,32893,63.50,20.778
26473,16233,63.50,20.778
26480,32893,63.50,20.778
26483,16233,63.50,20.778
26491,32893,63.50,20.778
26493,16233,63.50,20.778
26501,32893,63.50,20.778
26503,16233,63.50,20.778
26510,32893,63.50,20.778
26513,16233,63.50,20.778
26521,32893,63.50,20.778
26523,16233,63.50,20.778
26531,32893,63.50,20.778
26533,16233,63.50,20.778
26541,32893,63.50,20.778
26543,16233,63.50,20.778
26551,32893,63.50,20.778
26553,16233,63.50,20.778
26561,32893,63.50,20.778
26563,16233,63.50,20.778
26571,32893,63.50,20.778
26574,16233,63.50,20.778
26581,32893,63.50,20.778
26583,16233,63.50,20.778
26591,32893,63.50,20.778
26593,16233,63.50,20.778
26601,32893,63.50,20.778
26603,16233,63.50,20.778
26611,32893,63.50,20.778
26613,16233,63.50,20.778
26621,32893,63.50,20.778
26623,16233,63.50,20.778
26630,32893,63.50,20.778
26634,16233,63.50,20.778
26641,32893,63.50,20.778
26643,16233,63.50,20.778
26651,32893,63.50,20.778
26653,16233,63.50,20.778
26661,32893,63.50,20.778
26663,16233,63.50,20.778
26671,32893,63.50,20.778
26673,16233,63.50,20.778
26681,32893,63.50,20.778
26683,16233,63.50,20.778
26691,32893,63.50,20.778
26693,16233,63.50,20.778
26701,32893,63.50,20.778
26703,16233,63.50,20.778
26710,32893,63.50,20.778
26713,16233,63.50,20.778
26721,32893,63.50,20.778
26723,16233,63.50,20.778
26731,32893,63.50,20.778
26733,16233,63.50,20.778
26741,32893,63.50,20.778
26743,16233,63.50,20.778
26751,32893,63.50,20.778
26753,16233,63.50,20.778
26761,32893,63.50,20.778
26763,16233,63.50,20.778
26771,32893,63.50,20.778
26773,16233,63.50,20.778
26781,32893,63.50,20.778
26784,16233,63.50,20.778
26791,32893,63.50,20.778
26793,16233,63.50,20.778
26801,32893,63.50,20.778
26804,16233,63.50,20.778
26811,32893,63.50,20.778
26813,16233,63.50,20.778
26820,32893,63.50,20.778
26823,16233,63.50,20.778
26831,32893,63.50,20.778
26833,16233,63.50,20.778
26841,32893,63.50,20.778
26843,16233,63.50,20.778
26851,32893,63.50,20.778
26853,16233,63.50,20.778
26860,32893,63.50,20.778
26864,16233,63.50,20.778
26871,32893,63.50,20.778
26873,16233,63.50,20.778
26880,32893,63.50,20.778
26883,16233,63.50,20.778
26891,32893,63.50,20.778
26893,16233,63.50,20.778
26901,32893,63.50,20.778
26903,16233,63.50,20.778
26911,32893,63.50,20.778
26913,16233,63.50,20.778
26921,32893,63.50,20.778
26923,16233,63.50,20.778
26931,32893,63.50,20.778
26933,16233,63.50,20.778
26940,32893,63.50,20.778
26943,16233,63.50,20.778
26951,32893,63.50,20.778
26953,16233,63.50,20.778
26961,32893,63.50,20.778
26963,16233,63.50,20.778
26971,32893,63.50,20.778
26973,16233,63.50,20.778
26981,32893,63.50,20.778
26983,16233,63.50,20.778
26991,32893,63.50,20.778
26993,16233,63.50,20.778
27001,32893,63.50,20.778
27003,16233,63.50,20.778
27011,32893,63.50,20.778
27013,16233,63.50,20.778
27021,32893,63.50,20.778
27024,16233,63.50,20.778
27030,32893,63.50,20.778
27033,16233,63.50,20.778
27041,32893,63.50,20.778
27043,16233,63.50,20.778
27051,32893,63.50,20.778
27053,16233,63.50,20.778
27061,32893,63.50,20.778
27063,16233,63.50,20.778
27070,32893,63.50,20.778
27073,16233,63.50,20.778
27081,32893,63.50,20.778
27083,16233,63.50,20.778
27091,32893,63.50,20.778
27093,16233,63.50,20.778
27101,32893,63.50,20.778
27103,16233,63.50,20.778
27111,32893,63.50,20.778
27113,16233,63.50,20.778
27121,32893,63.50,20.778
27123,16233,63.50,20.778
27131,32893,63.50,20.778
27133,16233,63.50,20.778
27141,32893,63.50,20.778
27143,16233,63.50,20.778
27151,32893,63.50,20.778
27153,16233,63.50,20.778
27161,32893,63.50,20.778
27163,16233,63.50,20.778
27171,32893,63.50,20.778
27173,16233,63.50,20.778
27181,32893,63.50,20.778
27183,16233,63.50,20.778
27191,32893,63.50,20.778
27193,16233,63.50,20.778
27201,32893,63.50,20.778
27203,16233,63.50,20.778
27211,32893,63.50,20.778
27213,16233,63.50,20.778
27221,32893,63.50,20.778
27223,16233,63.50,20.778
27231,32893,63.50,20.778
27233,16233,63.50,20.778
27241,32893,63.50,20.778
27243,16233,63.50,20.778
27251,32893,63.50,20.778
27253,16233,63.50,20.778
27261,32893,63.50,20.778
27263,16233,63.50,20.778
27271,32893,63.50,20.778
27273,16233,63.50,20.778
27281,32893,63.50,20.778
27284,16233,63.50,20.778
27291,32893,63.50,20.778
27293,16233,63.50,20.778
27301,32893,63.50,20.778
27303,16233,63.50,20.778
27311,32893,63.50,20.778
27313,16233,63.50,20.778
27321,32893,63.50,20.778
27324,16233,63.50,20.778
27331,32893,63.50,20.778
27333,16233,63.50,20.778
27341,32893,63.50,20.778
27343,16233,63.50,20.778
27351,32893,63.50,20.778
27353,16233,63.50,20.778
27361,32893,63.50,20.778
27363,16233,63.50,20.778
27371,32893,63.50,20.778
27373,16233,63.50,20.778
27381,32893,63.50,20.778
27383,16233,63.50,20.778
27391,32893,63.50,20.778
27393,16233,63.50,20.778
27401,32893,63.50,20.778
27403,16233,63.50,20.778
27412,32893,63.50,20.778
27413,16233,63.50,20.778
27421,32893,63.50,20.778
27423,16233,63.50,20.778
27431,32893,63.50,20.778
27433,16233,63.50,20.778
27441,32893,63.50,20.778
27443,16233,63.50,20.778
27450,32893,63.50,20.778
27453,16233,63.50,20.778
27460,32893,63.50,20.778
27463,16233,63.50,20.778
27471,32893,63.50,20.778
27473,16233,63.50,20.778
27481,32893,63.50,20.778
27483,16233,63.50,20.778
27491,32893,63.50,20.778
27493,16233,63.50,20.778
27500,32893,63.50,20.778
27503,16233,63.50,20.778
27511,32893,63.50,20.778
27513,16233,63.50,20.778
27521,32893,63.50,20.778
27523,16233,63.50,20.778
27530,32893,63.50,20.778
27533,16233,63.50,20.778
27541,32893,63.50,20.778
27543,16233,63.50,20.778
27550,32893,63.50,20.778
27553,16233,63.50,20.778
27561,32893,63.50,20.778
27563,16233,63.50,20.778
27570,32893,63.50,20.778
27573,16233,63.50,20.778
27581,32893,63.50,20.778
27583,16233,63.50,20.778
27591,32893,63.50,20.778
27593,16233,63.50,20.778
27600,32893,63.50,20.778
27603,16233,63.50,20.778
27611,32893,63.50,20.778
27613,16233,63.50,20.778
27621,32893,63.50,20.778
27623,16233,63.50,20.778
27631,32893,63.50,20.778
27633,16233,63.50,20.778
27641,32893,63.50,20.778
27643,16233,63.50,20.778
27650,32893,63.50,20.778
27653,16233,63.50,20.778
27661,32893,63.50,20.778
27663,16233,63.50,20.778
27670,32893,63.50,20.778
27673,16233,63.50,20.778
27681,32893,63.50,20.778
27684,16233,63.50,20.778
27691,32893,63.50,20.778
27693,16233,63.50,20.778
27701,32893,63.50,20.778
27703,16233,63.50,20.778
27711,32893,63.50,20.778
27713,16233,63.50,20.778
27721,32893,63.50,20.778
27723,16233,63.50,20.778
27730,32893,63.50,20.778
27733,16233,63.50,20.778
27741,32893,63.50,20.778
27743,16233,63.50,20.778
27750,32893,63.50,20.778
27753,16233,63.50,20.778
27761,32893,63.50,20.778
27763,16233,63.50,20.778
27770,32893,63.50,20.778
27773,16233,63.50,20.778
27780,32893,63.50,20.778
27783,16233,63.50,20.778
27791,32893,63.50,20.778
27793,16233,63.50,20.778
27800,32893,63.50,20.778
27803,16233,63.50,20.778
27810,32893,63.50,20.778
27813,16233,63.50,20.778
27821,32893,63.50,20.778
27823,16233,63.50,20.778
27830,32893,63.50,20.778
27833,16233,63.50,20.778
27841,32893,63.50,20.778
27843,16233,63.50,20.778
27851,32893,63.50,20.778
27853,16233,63.50,20.778
27861,32893,63.50,20.778
27863,16233,63.50,20.778
27871,32893,63.50,20.778
27873,16233,63.50,20.778
27880,32893,63.50,20.778
27883,16233,63.50,20.778
27890,32893,63.50,20.778
27893,16233,63.50,20.778
27901,32893,63.50,20.778
27903,16233,63.50,20.778
27911,32893,63.50,20.778
27913,16233,63.50,20.778
27921,32893,63.50,20.778
27923,16233,63.50,20.778
27930,32893,63.50,20.778
27933,16233,63.50,20.778
27941,32893,63.50,20.778
27943,16233,63.50,20.778
27951,32893,63.50,20.778
27953,16233,63.50,20.778
27960,32893,63.50,20.778
27963,16233,63.50,20.778
27971,32893,63.50,20.778
27973,16233,63.50,20.778
27981,32893,63.50,20.778
27983,16233,63.50,20.778
27991,32893,63.50,20.778
27993,16233,63.50,20.778
28000,32893,63.50,20.778
28003,16233,63.50,20.778
28011,32893,63.50,20.778
28013,16233,63.50,20.778
28020,32893,63.50,20.778
28023,16233,63.50,20.778
28030,32893,63.50,20.778
28033,16233,63.50,20.778
28040,32893,63.50,20.778
28043,16233,63.50,20.778
28051,32893,63.50,20.778
28053,16233,63.50,20.778
28061,32893,63.50,20.778
28063,16233,63.50,20.778
28071,32893,63.50,20.778
28073,16233,63.50,20.778
28081,32893,63.50,20.778
28083,16233,63.50,20.778
28091,32893,63.50,20.778
28093,16233,63.50,20.778
28101,32893,63.50,20.778
28103,16233,63.50,20.778
28110,32893,63.50,20.778
28113,16233,63.50,20.778
28121,32893,63.50,20.778
28123,16233,63.50,20.778
28131,32893,63.50,20.778
28133,16233,63.50,20.778
28140,32893,63.50,20.778
28143,16233,63.50,20.778
28151,32893,63.50,20.778
28153,16233,63.50,20.778
28161,32893,63.50,20.778
28163,16233,63.50,20.778
28170,32893,63.50,20.778
28173,16233,63.50,20.778
28181,32893,63.50,20.778
28183,16233,63.50,20.778
28190,32893,63.50,20.778
28193,16233,63.50,20.778
28201,32893,63.50,20.778
28203,16233,63.50,20.778
28210,32893,63.50,20.778
28213,16233,63.50,20.778
28221,32893,63.50,20.778
28223,16233,63.50,20.778
28231,32893,63.50,20.778
28233,16233,63.50,20.778
28241,32893,63.50,20.778
28243,16233,63.50,20.778
28251,32893,63.50,20.778
28253,16233,63.50,20.778
28261,32893,63.50,20.778
28264,16233,63.50,20.778
28271,32893,63.50,20.778
28273,16233,63.50,20.778
28281,32893,63.50,20.778
28283,16233,63.50,20.778
28290,32893,63.50,20.778
28293,16233,63.50,20.778
28301,32893,63.50,20.778
28303,16233,63.50,20.778
28310,32893,63.50,20.778
28313,16233,63.50,20.778
28320,32893,63.50,20.778
28323,16233,63.50,20.778
28331,32893,63.50,20.778
28333,16233,63.50,20.778
28341,32893,63.50,20.778
28343,16233,63.50,20.778
28350,32893,63.50,20.778
28353,16233,63.50,20.778
28361,32893,63.50,20.778
28364,16233,63.50,20.778
28371,32893,63.50,20.778
28373,16233,63.50,20.778
28381,32893,63.50,20.778
28383,16233,63.50,20.778
28391,32893,63.50,20.778
28393,16233,63.50,20.778
28401,32893,63.50,20.778
28403,16233,63.50,20.778
28411,32893,63.50,20.778
28413,16233,63.50,20.778
28421,32893,63.50,20.778
28423,16233,63.50,20.778
28431,32893,63.50,20.778
28433,16233,63.50,20.778
28441,32893,63.50,20.778
28443,16233,63.50,20.778
28451,32893,63.50,20.778
28454,16233,63.50,20.778
28461,32893,63.50,20.778
28463,16233,63.50,20.778
28471,32893,63.50,20.778
28473,16233,63.50,20.778
28481,32893,63.50,20.778
28483,16233,63.50,20.778
28491,32893,63.50,20.778
28493,16233,63.50,20.778
28501,32893,63.50,20.778
28503,16233,63.50,20.778
28511,32893,63.50,20.778
28513,16233,63.50,20.778
28520,32893,63.50,20.778
28523,16233,63.50,20.778
28531,32893,63.50,20.778
28533,16233,63.50,20.778
28541,32893,63.50,20.778
28543,16233,63.50,20.778
28551,32893,63.50,20.778
28553,16233,63.50,20.778
28561,32893,63.50,20.778
28563,16233,63.50,20.778
28570,32893,63.50,20.778
28573,16233,63.50,20.778
28581,32893,63.50,20.778
28583,16233,63.50,20.778
28591,32893,63.50,20.778
28593,16233,63.50,20.778
28601,32893,63.50,20.778
28603,16233,63.50,20.778
28611,32893,63.50,20.778
28613,16233,63.50,20.778
28621,32893,63.50,20.778
28623,16233,63.50,20.778
28631,32893,63.50,20.778
28633,16233,63.50,20.778
28641,32893,63.50,20.778
28643,16233,63.50,20.778
28650,32893,63.50,20.778
28653,16233,63.50,20.778
28661,32893,63.50,20.778
28663,16233,63.50,20.778
28671,32893,63.50,20.778
28673,16233,63.50,20.778
28681,32893,63.50,20.778
28683,16233,63.50,20.778
28691,32893,63.50,20.778
28693,16233,63.50,20.778
28701,32893,63.50,20.778
28703,16233,63.50,20.778
28710,32893,63.50,20.778
28713,16233,63.50,20.778
28720,32893,63.50,20.778
28723,16233,63.50,20.778
28731,32893,63.50,20.778
28733,16233,63.50,20.778
28741,32893,63.50,20.778
28743,16233,63.50,20.778
28750,32893,63.50,20.778
28753,16233,63.50,20.778
28761,32893,63.50,20.778
28763,16233,63.50,20.778
28770,32893,63.50,20.778
28773,16233,63.50,20.778
28781,32893,63.50,20.778
28783,16233,63.50,20.778
28790,32893,63.50,20.778
28793,16233,63.50,20.778
28801,32893,63.50,20.778
28803,16233,63.50,20.778
28811,32893,63.50,20.778
28813,16233,63.50,20.778
28821,32893,63.50,20.778
28823,16233,63.50,20.778
28831,32893,63.50,20.778
28833,16233,63.50,20.778
28841,32893,63.50,20.778
28843,16233,63.50,20.778
28851,32893,63.50,20.778
28853,16233,63.50,20.778
28861,32893,63.50,20.778
28863,16233,63.50,20.778
28871,32893,63.50,20.778
28873,16233,63.50,20.778
28881,32893,63.50,20.778
28883,16233,63.50,20.778
28891,32893,63.50,20.778
28893,16233,63.50,20.778
28901,32893,63.50,20.778
28903,16233,63.50,20.778
28910,32893,63.50,20.778
28913,16233,63.50,20.778
28921,32893,63.50,20.778
28923,16233,63.50,20.778
28930,32893,63.50,20.778
28933,16233,63.50,20.778
28941,32893,63.50,20.778
28943,16233,63.50,20.778
28951,32893,63.50,20.778
28953,16233,63.50,20.778
28961,32893,63.50,20.778
28963,16233,63.50,20.778
28971,32893,63.50,20.778
28973,16233,63.50,20.778
28980,32893,63.50,20.778
28983,16233,63.50,20.778
28990,32893,63.50,20.778
28993,16233,63.50,20.778
29001,32893,63.50,20.778
29003,16233,63.50,20.778
29010,32893,63.50,20.778
29013,16233,63.50,20.778
29020,32893,63.50,20.778
29023,16233,63.50,20.778
29031,32893,63.50,20.778
29033,16233,63.50,20.778
29041,32893,63.50,20.778
29043,16233,63.50,20.778
29051,32893,63.50,20.778
29053,16233,63.50,20.778
29061,32893,63.50,20.778
29063,16233,63.50,20.778
29071,32893,63.50,20.778
29073,16233,63.50,20.778
29081,32893,63.50,20.778
29083,16233,63.50,20.778
29091,32893,63.50,20.778
29094,16233,63.50,20.778
29101,32893,63.50,20.778
29103,16233,63.50,20.778
29110,32893,63.50,20.778
29114,16233,63.50,20.778
29121,32893,63.50,20.778
29124,16233,63.50,20.778
29130,32893,63.50,20.778
29134,16233,63.50,20.778
29141,32893,63.50,20.778
29143,16233,63.50,20.778
29150,32893,63.50,20.778
29153,16233,63.50,20.778
29161,32893,63.50,20.778
29163,16233,63.50,20.778
29171,32893,63.50,20.778
29173,16233,63.50,20.778
29181,32893,63.50,20.778
29183,16233,63.50,20.778
29191,32893,63.50,20.778
29193,16233,63.50,20.778
29200,32893,63.50,20.778
29203,16233,63.50,20.778
29211,32893,63.50,20.778
29213,16233,63.50,20.778
29220,32893,63.50,20.778
29223,16233,63.50,20.778
29230,32893,63.50,20.778
29233,16233,63.50,20.778
29241,32893,63.50,20.778
29243,16233,63.50,20.778
29250,32893,63.50,20.778
29253,16233,63.50,20.778
29261,32893,63.50,20.778
29263,16233,63.50,20.778
29271,32893,63.50,20.778
29273,16233,63.50,20.778
29281,32893,63.50,20.778
29283,16233,63.50,20.778
29290,32893,63.50,20.778
29293,16233,63.50,20.778
29300,32893,63.50,20.778
29303,16233,63.50,20.778
29310,32893,63.50,20.778
29313,16233,63.50,20.778
29320,32893,63.50,20.778
29323,16233,63.50,20.778
29331,32893,63.50,20.778
29333,16233,63.50,20.778
29340,32893,63.50,20.778
29343,16233,63.50,20.778
29351,32893,63.50,20.778
29353,16233,63.50,20.778
29360,32893,63.50,20.778
29364,16233,63.50,20.778
29370,32893,63.50,20.778
29373,16233,63.50,20.778
29381,32893,63.50,20.778
29383,16233,63.50,20.778
29391,32893,63.50,20.778
29393,16233,63.50,20.778
29401,32893,63.50,20.778
29403,16233,63.50,20.778
29410,32893,63.50,20.778
29413,16233,63.50,20.778
29421,32893,63.50,20.778
29423,16233,63.50,20.778
29430,32893,63.50,20.778
29433,16233,63.50,20.778
29440,32893,63.50,20.778
29443,16233,63.50,20.778
29450,32893,63.50,20.778
29453,16233,63.50,20.778
29460,32893,63.50,20.778
29463,16233,63.50,20.778
29471,32893,63.50,20.778
29473,16233,63.50,20.778
29480,32893,63.50,20.778
29483,16233,63.50,20.778
29490,32893,63.50,20.778
29493,16233,63.50,20.778
29500,32893,63.50,20.778
29503,16233,63.50,20.778
29510,32893,63.50,20.778
29513,16233,63.50,20.778
29520,32893,63.50,20.778
29523,16233,63.50,20.778
29530,32893,63.50,20.778
29533,16233,63.50,20.778
29540,32893,63.50,20.778
29543,16233,63.50,20.778
29551,32893,63.50,20.778
29553,16233,63.50,20.778
29561,32893,63.50,20.778
29563,16233,63.50,20.778
29571,32893,63.50,20.778
29573,16233,63.50,20.778
29581,32893,63.50,20.778
29583,16233,63.50,20.778
29591,32893,63.50,20.778
29593,16233,63.50,20.778
29600,32893,63.50,20.778
29604,16233,63.50,20.778
29611,32893,63.50,20.778
29613,16233,63.50,20.778
29621,32893,63.50,20.778
29623,16233,63.50,20.778
29630,32893,63.50,20.778
29633,16233,63.50,20.778
29641,32893,63.50,20.778
29643,16233,63.50,20.778
29650,32893,63.50,20.778
29653,16233,63.50,20.778
29661,32893,63.50,20.778
29663,16233,63.50,20.778
29670,32893,63.50,20.778
29673,16233,63.50,20.778
29682,32893,63.50,20.778
29684,16233,63.50,20.778
29690,32893,63.50,20.778
29693,16233,63.50,20.778
29700,32893,63.50,20.778
29703,16233,63.50,20.778
29710,32893,63.50,20.778
29713,16233,63.50,20.778
29720,32893,63.50,20.778
29723,16233,63.50,20.778
29731,32893,63.50,20.778
29733,16233,63.50,20.778
29741,32893,63.50,20.778
29743,16233,63.50,20.778
29750,32893,63.50,20.778
29753,16233,63.50,20.778
29760,32893,63.50,20.778
29763,16233,63.50,20.778
29770,32893,63.50,20.778
29773,16233,63.50,20.778
29781,32893,63.50,20.778
29783,16233,63.50,20.778
29790,32893,63.50,20.778
29793,16233,63.50,20.778
29800,32893,63.50,20.778
29803,16233,63.50,20.778
29810,32893,63.50,20.778
29813,16233,63.50,20.778
29820,32893,63.50,20.778
29823,16233,63.50,20.778
29830,32893,63.50,20.778
29833,16233,63.50,20.778
29841,32893,63.50,20.778
29843,16233,63.50,20.778
29851,32893,63.50,20.778
29853,16233,63.50,20.778
29860,32893,63.50,20.778
29863,16233,63.50,20.778
29870,32893,63.50,20.778
29873,16233,63.50,20.778
29880,32893,63.50,20.778
29883,16233,63.50,20.778
29890,32893,63.50,20.778
29893,16233,63.50,20.778
29901,32893,63.50,20.778
29903,16233,63.50,20.778
29910,32893,63.50,20.778
29913,16233,63.50,20.778
29921,32893,63.50,20.778
29923,16233,63.50,20.778
29931,32893,63.50,20.778
29933,16233,63.50,20.778
29941,32893,63.50,20.778
29943,16233,63.50,20.778
29950,32893,63.50,20.778
29953,16233,63.50,20.778
29960,32893,63.50,20.778
29963,16233,63.50,20.778
29971,32893,63.50,20.778
29973,16233,63.50,20.778
29981,32893,63.50,20.778
29983,16233,63.50,20.778
29990,32893,63.50,20.778
29993,16233,63.50,20.778
30000,32893,63.50,20.778
30003,16233,63.50,20.778
30010,32893,63.50,20.778
30013,16233,63.50,20.778
30020,32893,63.50,20.778
30023,16233,63.50,20.778
30031,32893,63.50,20.778
30033,16233,63.50,20.778
30041,32893,63.50,20.778
30043,16233,63.50,20.778
30051,32893,63.50,20.778
30053,16233,63.50,20.778
30061,32893,63.50,20.778
30063,16233,63.50,20.778
30071,32893,63.50,20.778
30073,16233,63.50,20.778
30081,32893,63.50,20.778
30083,16233,63.50,20.778
30091,32893,63.50,20.778
30093,16233,63.50,20.778
30101,32893,63.50,20.778
30103,16233,63.50,20.778
30111,32893,63.50,20.778
30113,16233,63.50,20.778
30121,32893,63.50,20.778
30123,16233,63.50,20.778
30131,32893,63.50,20.778
30133,16233,63.50,20.778
30141,32893,63.50,20.778
30143,16233,63.50,20.778
30151,32893,63.50,20.778
30153,16233,63.50,20.778
30161,32893,63.50,20.778
30163,16233,63.50,20.778
30171,32893,63.50,20.778
30173,16233,63.50,20.778
30181,32893,63.50,20.778
30183,16233,63.50,20.778
30191,32893,63.50,20.778
30193,16233,63.50,20.778
30200,32893,63.50,20.778
30203,16233,63.50,20.778
30211,32893,63.50,20.778
30213,16233,63.50,20.778
30221,32893,63.50,20.778
30223,16233,63.50,20.778
30231,32893,63.50,20.778
30233,16233,63.50,20.778
30241,32893,63.50,20.778
30243,16233,63.50,20.778
30251,32893,63.50,20.778
30253,16233,63.50,20.778
30261,32893,63.50,20.778
30263,16233,63.50,20.778
30271,32893,63.50,20.778
30273,16233,63.50,20.778
30281,32893,63.50,20.778
30283,16233,63.50,20.778
30291,32893,63.50,20.778
30293,16233,63.50,20.778
30300,32893,63.50,20.778
30303,16233,63.50,20.778
30310,32893,63.50,20.778
30313,16233,63.50,20.778
30321,32893,63.50,20.778
30323,16233,63.50,20.778
30331,32893,63.50,20.778
30333,16233,63.50,20.778
30341,32893,63.50,20.778
30343,16233,63.50,20.778
30350,32893,63.50,20.778
30353,16233,63.50,20.778
30360,32893,63.50,20.778
30363,16233,63.50,20.778
30371,32893,63.50,20.778
30373,16233,63.50,20.778
30380,32893,63.50,20.778
30383,16233,63.50,20.778
30390,32893,63.50,20.778
30393,16233,63.50,20.778
30401,32893,63.50,20.778
30403,16233,63.50,20.778
30410,32893,63.50,20.778
30413,16233,63.50,20.778
30421,32893,63.50,20.778
30423,16233,63.50,20.778
30430,32893,63.50,20.778
30433,16233,63.50,20.778
30440,32893,63.50,20.778
30443,16233,63.50,20.778
30451,32893,63.50,20.778
30453,16233,63.50,20.778
30461,32893,63.50,20.778
30463,16233,63.50,20.778
30471,32893,63.50,20.778
30473,16233,63.50,20.778
30480,32893,63.50,20.778
30483,16233,63.50,20.778
30491,32893,63.50,20.778
30493,16233,63.50,20.778
30501,32893,63.50,20.778
30504,16233,63.50,20.778
30510,32893,63.50,20.778
30513,16233,63.50,20.778
30520,32893,63.50,20.778
30524,16233,63.50,20.778
30530,32893,63.50,20.778
30533,16233,63.50,20.778
30541,32893,63.50,20.778
30543,16233,63.50,20.778
30550,32893,63.50,20.778
30553,16233,63.50,20.778
30561,32893,63.50,20.778
30563,16233,63.50,20.778
30570,32893,63.50,20.778
30573,16233,63.50,20.778
30580,32893,63.50,20.778
30583,16233,63.50,20.778
30591,32893,63.50,20.778
30593,16233,63.50,20.778
30601,32893,63.50,20.778
30603,16233,63.50,20.778
30611,32893,63.50,20.778
30613,16233,63.50,20.778
30621,32893,63.50,20.778
30623,16233,63.50,20.778
30630,32893,63.50,20.778
30633,16233,63.50,20.778
30641,32893,63.50,20.778
30643,16233,63.50,20.778
30651,32893,63.50,20.778
30654,16233,63.50,20.778
30661,32893,63.50,20.778
30663,16233,63.50,20.778
30671,32893,63.50,20.778
30673,16233,63.50,20.778
30681,32893,63.50,20.778
30684,16233,63.50,20.778
30691,32893,63.50,20.778
30693,16233,63.50,20.778
30701,32893,63.50,20.778
30703,16233,63.50,20.778
30711,32893,63.50,20.778
30713,16233,63.50,20.778
30720,32893,63.50,20.778
30723,16233,63.50,20.778
30730,32893,63.50,20.778
30733,16233,63.50,20.778
30740,32893,63.50,20.778
30743,16233,63.50,20.778
30751,32893,63.50,20.778
30753,16233,63.50,20.778
30761,32893,63.50,20.778
30763,16233,63.50,20.778
30771,32893,63.50,20.778
30773,16233,63.50,20.778
30780,32893,63.50,20.778
30783,16233,63.50,20.778
30790,32893,63.50,20.778
30793,16233,63.50,20.778
30801,32893,63.50,20.778
30803,16233,63.50,20.778
30810,32893,63.50,20.778
30813,16233,63.50,20.778
30820,32893,63.50,20.778
30823,16233,63.50,20.778
30830,32893,63.50,20.778
30833,16233,63.50,20.778
30840,32893,63.50,20.778
30843,16233,63.50,20.778
30851,32893,63.50,20.778
30853,16233,63.50,20.778
30860,32893,63.50,20.778
30863,16233,63.50,20.778
30871,32893,63.50,20.778
30873,16233,63.50,20.778
30881,32893,63.50,20.778
30883,16233,63.50,20.778
30891,32893,63.50,20.778
30893,16233,63.50,20.778
30900,32893,63.50,20.778
30903,16233,63.50,20.778
30911,32893,63.50,20.778
30913,16233,63.50,20.778
30921,32893,63.50,20.778
30923,16233,63.50,20.778
30930,32893,63.50,20.778
30933,16233,63.50,20.778
30940,32893,63.50,20.778
30943,16233,63.50,20.778
30951,32893,63.50,20.778
30953,16233,63.50,20.778
30960,32893,63.50,20.778
30963,16233,63.50,20.778
30971,32893,63.50,20.778
30973,16233,63.50,20.778
30981,32893,63.50,20.778
30983,16233,63.50,20.778
30990,32893,63.50,20.778
30993,16233,63.50,20.778
31000,32893,63.50,20.778
31003,16233,63.50,20.778
31011,32893,63.50,20.778
31013,16233,63.50,20.778
31021,32893,63.50,20.778
31023,16233,63.50,20.778
31031,32893,63.50,20.778
31033,16233,63.50,20.778
31040,32893,63.50,20.778
31043,16233,63.50,20.778
31051,32893,63.50,20.778
31053,16233,63.50,20.778
31061,32893,63.50,20.778
31063,16233,63.50,20.778
31071,32893,63.50,20.778
31073,16233,63.50,20.778
31081,32893,63.50,20.778
31083,16233,63.50,20.778
31091,32893,63.50,20.778
31093,16233,63.50,20.778
31101,32893,63.50,20.778
31103,16233,63.50,20.778
31110,32893,63.50,20.778
31113,16233,63.50,20.778
31121,32893,63.50,20.778
31123,16233,63.50,20.778
31130,32893,63.50,20.778
31133,16233,63.50,20.778
31141,32893,63.50,20.778
31143,16233,63.50,20.778
31151,32893,63.50,20.778
31153,16233,63.50,20.778
31161,32893,63.50,20.778
31163,16233,63.50,20.778
31171,32893,63.50,20.778
31173,16233,63.50,20.778
31181,32893,63.50,20.778
31183,16233,63.50,20.778
31191,32893,63.50,20.778
31194,16233,63.50,20.778
31201,32893,63.50,20.778
31203,16233,63.50,20.778
31210,32893,63.50,20.778
31214,16233,63.50,20.778
31221,32893,63.50,20.778
31223,16233,63.50,20.778
31231,32893,63.50,20.778
31233,16233,63.50,20.778
31241,32893,63.50,20.778
31243,16233,63.50,20.778
31251,32893,63.50,20.778
31253,16233,63.50,20.778
31261,32893,63.50,20.778
31263,16233,63.50,20.778
31271,32893,63.50,20.778
31273,16233,63.50,20.778
31281,32893,63.50,20.778
31283,16233,63.50,20.778
31291,32893,63.50,20.778
31293,16233,63.50,20.778
31301,32893,63.50,20.778
31303,16233,63.50,20.778
31310,32893,63.50,20.778
31313,16233,63.50,20.778
31321,32893,63.50,20.778
31323,16233,63.50,20.778
31331,32893,63.50,20.778
31333,16233,63.50,20.778
31341,32893,63.50,20.778
31343,16233,63.50,20.778
31351,32893,63.50,20.778
31353,16233,63.50,20.778
31361,32893,63.50,20.778
31363,16233,63.50,20.778
31370,32893,63.50,20.778
31373,16233,63.50,20.778
31381,32893,63.50,20.778
31383,16233,63.50,20.778
31391,32893,63.50,20.778
31393,16233,63.50,20.778
31402,32893,63.50,20.778
31403,16233,63.50,20.778
31411,32893,63.50,20.778
31413,16233,63.50,20.778
31420,32893,63.50,20.778
31423,16233,63.50,20.778
31430,32893,63.50,20.778
31433,16233,63.50,20.778
31441,32893,63.50,20.778
31443,16233,63.50,20.778
31451,32893,63.50,20.778
31453,16233,63.50,20.778
31461,32893,63.50,20.778
31463,16233,63.50,20.778
31471,32893,63.50,20.778
31473,16233,63.50,20.778
31480,32893,63.50,20.778
31483,16233,63.50,20.778
31491,32893,63.50,20.778
31493,16233,63.50,20.778
31501,32893,63.50,20.778
31503,16233,63.50,20.778
31510,32893,63.50,20.778
31513,16233,63.50,20.778
31521,32893,63.50,20.778
31523,16233,63.50,20.778
31531,32893,63.50,20.778
31534,16233,63.50,20.778
31541,32893,63.50,20.778
31543,16233,63.50,20.778
31550,32893,63.50,20.778
31553,16233,63.50,20.778
31560,32893,63.50,20.778
31564,16233,63.50,20.778
31570,32893,63.50,20.778
31573,16233,63.50,20.778
31580,32893,63.50,20.778
31583,16233,63.50,20.778
31590,32893,63.50,20.778
31593,16233,63.50,20.778
31601,32893,63.50,20.778
31603,16233,63.50,20.778
31611,32893,63.50,20.778
31613,16233,63.50,20.778
31620,32893,63.50,20.778
31623,16233,63.50,20.778
31630,32893,63.50,20.778
31633,16233,63.50,20.778
31640,32893,63.50,20.778
31643,16233,63.50,20.778
31650,32893,63.50,20.778
31653,16233,63.50,20.778
31660,32893,63.50,20.778
31663,16233,63.50,20.778
31670,32893,63.50,20.778
31673,16233,63.50,20.778
31681,32893,63.50,20.778
31683,16233,63.50,20.778
31690,32893,63.50,20.778
31693,16233,63.50,20.778
31701,32893,63.50,20.778
31703,16233,63.50,20.778
31711,32893,63.50,20.778
31713,16233,63.50,20.778
31721,32893,63.50,20.778
31723,16233,63.50,20.778
31731,32893,63.50,20.778
31733,16233,63.50,20.778
31741,32893,63.50,20.778
31743,16233,63.50,20.778
31751,32893,63.50,20.778
31753,16233,63.50,20.778
31761,32893,63.50,20.778
31763,16233,63.50,20.778
31770,32893,63.50,20.778
31773,16233,63.50,20.778
31781,32893,63.50,20.778
31783,16233,63.50,20.778
31791,32893,63.50,20.778
31793,16233,63.50,20.778
31801,32893,63.50,20.778
31803,16233,63.50,20.778
31811,32893,63.50,20.778
31813,16233,63.50,20.778
31821,32893,63.50,20.778
31823,16233,63.50,20.778
31831,32893,63.50,20.778
31833,16233,63.50,20.778
31841,32893,63.50,20.778
31843,16233,63.50,20.778
31851,32893,63.50,20.778
31853,16233,63.50,20.778
31860,32893,63.50,20.778
31863,16233,63.50,20.778
31871,32893,63.50,20.778
31873,16233,63.50,20.778
31880,32893,63.50,20.778
31883,16233,63.50,20.778
31890,32893,63.50,20.778
31893,16233,63.50,20.778
31901,32893,63.50,20.778
31903,16233,63.50,20.778
31911,32893,63.50,20.778
31913,16233,63.50,20.778
31920,32893,63.50,20.778
31923,16233,63.50,20.778
31931,32893,63.50,20.778
31933,16233,63.50,20.778
31941,32893,63.50,20.778
31943,16233,63.50,20.778
31951,32893,63.50,20.778
31953,16233,63.50,20.778
31961,32893,63.50,20.778
31963,16233,63.50,20.778
31971,32893,63.50,20.778
31973,16233,63.50,20.778
31981,32893,63.50,20.778
31983,16233,63.50,20.778
31991,32893,63.50,20.778
31993,16233,63.50,20.778
32001,32893,63.50,20.778
32003,16233,63.50,20.778
32011,32893,63.50,20.778
32013,16233,63.50,20.778
32020,32893,63.50,20.778
32023,16233,63.50,20.778
32031,32893,63.50,20.778
32033,16233,63.50,20.778
32041,32893,63.50,20.778
32043,16233,63.50,20.778
32051,32893,63.50,20.778
32054,16233,63.50,20.778
32061,32893,63.50,20.778
32063,16233,63.50,20.778
32071,32893,63.50,20.778
32073,16233,63.50,20.778
32081,32893,63.50,20.778
32083,16233,63.50,20.778
32091,32893,63.50,20.778
32093,16233,63.50,20.778
32101,32893,59.00,19.305
32103,16233,63.50,20.778
32111,32893,59.00,19.305
32113,16233,63.50,20.778
32121,32893,59.00,19.305
32123,16233,63.50,20.778
32131,32893,59.00,19.305
32133,16233,63.50,20.778
32141,32893,59.00,19.305
32143,16233,63.50,20.778
32151,32893,59.00,19.305
32153,16233,63.50,20.778
32161,32893,59.00,19.305
32163,16233,63.50,20.778
32171,32893,59.00,19.305
32173,16233,63.50,20.778
32181,32893,59.00,19.305
32183,16233,63.50,20.778
32191,32893,59.00,19.305
32193,16233,63.50,20.778
32201,32893,59.00,19.305
32203,16233,63.50,20.778
32211,32893,59.00,19.305
32213,16233,63.50,20.778
32220,32893,59.00,19.305
32223,16233,63.50,20.778
32231,32893,59.00,19.305
32233,16233,63.50,20.778
32241,32893,59.00,19.305
32243,16233,63.50,20.778
32250,32893,59.00,19.305
32253,16233,63.50,20.778
32261,32893,59.00,19.305
32263,16233,63.50,20.778
32270,32893,59.00,19.305
32273,16233,63.50,20.778
32281,32893,59.00,19.305
32283,16233,63.50,20.778
32291,32893,59.00,19.305
32293,16233,63.50,20.778
32301,32893,59.00,19.305
32303,16233,63.50,20.778
32311,32893,59.00,19.305
32313,16233,63.50,20.778
32321,32893,59.00,19.305
32323,16233,63.50,20.778
32330,32893,59.00,19.305
32333,16233,63.50,20.778
32341,32893,59.00,19.305
32343,16233,63.50,20.778
32351,32893,59.00,19.305
32353,16233,63.50,20.778
32361,32893,59.00,19.305
32364,16233,63.50,20.778
32371,32893,59.00,19.305
32374,16233,63.50,20.778
32380,32893,59.00,19.305
32383,16233,63.50,20.778
32390,32893,59.00,19.305
32393,16233,63.50,20.778
32401,32893,59.00,19.305
32403,16233,63.50,20.778
32411,32893,59.00,19.305
32413,16233,63.50,20.778
32421,32893,59.00,19.305
32423,16233,63.50,20.778
32431,32893,59.00,19.305
32433,16233,63.50,20.778
32441,32893,59.00,19.305
32443,16233,63.50,20.778
32451,32893,59.00,19.305
32453,16233,63.50,20.778
32461,32893,59.00,19.305
32463,16233,63.50,20.778
32471,32893,59.00,19.305
32473,16233,63.50,20.778
32481,32893,59.00,19.305
32483,16233,63.50,20.778
32491,32893,59.00,19.305
32493,16233,63.50,20.778
32501,32893,59.00,19.305
32503,16233,63.50,20.778
32511,32893,59.00,19.305
32513,16233,63.50,20.778
32521,32893,59.00,19.305
32523,16233,63.50,20.778
32530,32893,59.00,19.305
32533,16233,63.50,20.778
32541,32893,59.00,19.305
32543,16233,63.50,20.778
32551,32893,59.00,19.305
32553,16233,63.50,20.778
32561,32893,59.00,19.305
32563,16233,63.50,20.778
32571,32893,59.00,19.305
32573,16233,63.50,20.778
32581,32893,59.00,19.305
32583,16233,63.50,20.778
32591,32893,59.00,19.305
32593,16233,63.50,20.778
32601,32893,59.00,19.305
32603,16233,63.50,20.778
32611,32893,59.00,19.305
32613,16233,63.50,20.778
32621,32893,59.00,19.305
32623,16233,63.50,20.778
32630,32893,59.00,19.305
32633,16233,63.50,20.778
32641,32893,59.00,19.305
32643,16233,63.50,20.778
32651,32893,59.00,19.305
32653,16233,63.50,20.778
32661,32893,59.00,19.305
32663,16233,63.50,20.778
32671,32893,59.00,19.305
32673,16233,63.50,20.778
32681,32893,59.00,19.305
32683,16233,63.50,20.778
32690,32893,59.00,19.305
32693,16233,63.50,20.778
32701,32893,59.00,19.305
32703,16233,63.50,20.778
32711,32893,59.00,19.305
32713,16233,63.50,20.778
32721,32893,59.00,19.305
32723,16233,63.50,20.778
32731,32893,59.00,19.305
32733,16233,63.50,20.778
32741,32893,59.00,19.305
32743,16233,63.50,20.778
32751,32893,59.00,19.305
32753,16233,63.50,20.778
32761,32893,59.00,19.305
32763,16233,63.50,20.778
32771,32893,59.00,19.305
32773,16233,63.50,20.778
32781,32893,59.00,19.305
32783,16233,63.50,20.778
32791,32893,59.00,19.305
32793,16233,63.50,20.778
32801,32893,59.00,19.305
32803,16233,63.50,20.778
32811,32893,59.00,19.305
32813,16233,63.50,20.778
32820,32893,59.00,19.305
32823,16233,63.50,20.778
32831,32893,59.00,19.305
32833,16233,63.50,20.778
32842,32893,59.00,19.305
32843,16233,63.50,20.778
32851,32893,59.00,19.305
32853,16233,63.50,20.778
32861,32893,59.00,19.305
32863,16233,63.50,20.778
32871,32893,59.00,19.305
32873,16233,63.50,20.778
32881,32893,59.00,19.305
32883,16233,63.50,20.778
32891,32893,59.00,19.305
32893,16233,63.50,20.778
32901,32893,59.00,19.305
32903,16233,63.50,20.778
32910,32893,59.00,19.305
32913,16233,63.50,20.778
32921,32893,59.00,19.305
32923,16233,63.50,20.778
32931,32893,59.00,19.305
32933,16233,63.50,20.778
32941,32893,59.00,19.305
32943,16233,63.50,20.778
32951,32893,59.00,19.305
32953,16233,63.50,20.778
32961,32893,59.00,19.305
32963,16233,63.50,20.778
32970,32893,59.00,19.305
32973,16233,63.50,20.778
32981,32893,59.00,19.305
32983,16233,63.50,20.778
32991,32893,59.00,19.305
32993,16233,63.50,20.778
33001,32893,59.00,19.305
33003,16233,63.50,20.778
33011,32893,59.00,19.305
33013,16233,63.50,20.778
33020,32893,59.00,19.305
33023,16233,63.50,20.778
33031,32893,59.00,19.305
33034,16233,63.50,20.778
33041,32893,59.00,19.305
33043,16233,63.50,20.778
33051,32893,59.00,19.305
33053,16233,63.50,20.778
33060,32893,59.00,19.305
33063,16233,63.50,20.778
33071,32893,59.00,19.305
33073,16233,63.50,20.778
33081,32893,59.00,19.305
33083,16233,63.50,20.778
33091,32893,59.00,19.305
33093,16233,63.50,20.778
33101,32893,59.00,19.305
33103,16233,63.50,20.778
33111,32893,59.00,19.305
33113,16233,63.50,20.778
33122,32893,59.00,19.305
33123,16233,63.50,20.778
33131,32893,59.00,19.305
33133,16233,63.50,20.778
33141,32893,59.00,19.305
33143,16233,63.50,20.778
33151,32893,59.00,19.305
33153,16233,63.50,20.778
33161,32893,59.00,19.305
33163,16233,63.50,20.778
33171,32893,59.00,19.305
33173,16233,63.50,20.778
33181,32893,59.00,19.305
33183,16233,63.50,20.778
33191,32893,59.00,19.305
33193,16233,63.50,20.778
33202,32893,59.00,19.305
33203,16233,63.50,20.778
33211,32893,59.00,19.305
33213,16233,63.50,20.778
33221,32893,59.00,19.305
33223,16233,63.50,20.778
33231,32893,59.00,19.305
33233,16233,63.50,20.778
33241,32893,59.00,19.305
33243,16233,63.50,20.778
33251,32893,59.00,19.305
33253,16233,63.50,20.778
33261,32893,59.00,19.305
33263,16233,63.50,20.778
33271,32893,59.00,19.305
33273,16233,63.50,20.778
33281,32893,59.00,19.305
33283,16233,63.50,20.778
33291,32893,59.00,19.305
33293,16233,63.50,20.778
33301,32893,59.00,19.305
33303,16233,63.50,20.778
33311,32893,59.00,19.305
33313,16233,63.50,20.778
33321,32893,59.00,19.305
33323,16233,63.50,20.778
33331,32893,59.00,19.305
33333,16233,63.50,20.778
33341,32893,59.00,19.305
33343,16233,63.50,20.778
33351,32893,59.00,19.305
33353,16233,63.50,20.778
33360,32893,59.00,19.305
33363,16233,63.50,20.778
33371,32893,59.00,19.305
33373,16233,63.50,20.778
33381,32893,59.00,19.305
33383,16233,63.50,20.778
33391,32893,59.00,19.305
33393,16233,63.50,20.778
33401,32893,59.00,19.305
33403,16233,63.50,20.778
33410,32893,59.00,19.305
33413,16233,63.50,20.778
33421,32893,59.00,19.305
33423,16233,63.50,20.778
33431,32893,59.00,19.305
33433,16233,63.50,20.778
33441,32893,59.00,19.305
33443,16233,63.50,20.778
33451,32893,59.00,19.305
33453,16233,63.50,20.778
33461,32893,59.00,19.305
33463,16233,63.50,20.778
33471,32893,59.00,19.305
33473,16233,63.50,20.778
33481,32893,59.00,19.305
33483,16233,63.50,20.778
33491,32893,59.00,19.305
33493,16233,63.50,20.778
33500,32893,59.00,19.305
33503,16233,63.50,20.778
33511,32893,59.00,19.305
33514,16233,63.50,20.778
33521,32893,59.00,19.305
33523,16233,63.50,20.778
33531,32893,59.00,19.305
33533,16233,63.50,20.778
33541,32893,59.00,19.305
33543,16233,63.50,20.778
33551,32893,59.00,19.305
33553,16233,63.50,20.778
33561,32893,59.00,19.305
33563,16233,63.50,20.778
33571,32893,59.00,19.305
33573,16233,63.50,20.778
33581,32893,59.00,19.305
33583,16233,63.50,20.778
33591,32893,59.00,19.305
33593,16233,63.50,20.778
33601,32893,59.00,19.305
33603,16233,63.50,20.778
33611,32893,59.00,19.305
33613,16233,63.50,20.778
33621,32893,59.00,19.305
33623,16233,63.50,20.778
33631,32893,59.00,19.305
33633,16233,63.50,20.778
33641,32893,59.00,19.305
33644,16233,63.50,20.778
33651,32893,59.00,19.305
33653,16233,63.50,20.778
33661,32893,59.00,19.305
33664,16233,63.50,20.778
33671,32893,59.00,19.305
33673,16233,63.50,20.778
33681,32893,59.00,19.305
33683,16233,63.50,20.778
33691,32893,59.00,19.305
33693,16233,63.50,20.778
33701,32893,59.00,19.305
33703,16233,63.50,20.778
33710,32893,59.00,19.305
33713,16233,63.50,20.778
33721,32893,59.00,19.305
33723,16233,63.50,20.778
33730,32893,59.00,19.305
33733,16233,63.50,20.778
33741,32893,59.00,19.305
33743,16233,63.50,20.778
33751,32893,59.00,19.305
33753,16233,63.50,20.778
33760,32893,59.00,19.305
33763,16233,63.50,20.778
33770,32893,59.00,19.305
33773,16233,63.50,20.778
33780,32893,59.00,19.305
33783,16233,63.50,20.778
33790,32893,59.00,19.305
33793,16233,63.50,20.778
33801,32893,59.00,19.305
33803,16233,63.50,20.778
33810,32893,59.00,19.305
33813,16233,63.50,20.778
33821,32893,59.00,19.305
33823,16233,63.50,20.778
33830,32893,59.00,19.305
33833,16233,63.50,20.778
33841,32893,59.00,19.305
33843,16233,63.50,20.778
33850,32893,59.00,19.305
33854,16233,63.50,20.778
33861,32893,59.00,19.305
33863,16233,63.50,20.778
33871,32893,59.00,19.305
33873,16233,63.50,20.778
33880,32893,59.00,19.305
33883,16233,63.50,20.778
33891,32893,59.00,19.305
33893,16233,63.50,20.778
33901,32893,59.00,19.305
33903,16233,63.50,20.778
33910,32893,59.00,19.305
33913,16233,63.50,20.778
33920,32893,59.00,19.305
33923,16233,63.50,20.778
33931,32893,59.00,19.305
33933,16233,63.50,20.778
33940,32893,59.00,19.305
33943,16233,63.50,20.778
33950,32893,59.00,19.305
33953,16233,63.50,20.778
33960,32893,59.00,19.305
33963,16233,63.50,20.778
33970,32893,59.00,19.305
33973,16233,63.50,20.778
33980,32893,59.00,19.305
33983,16233,63.50,20.778
33991,32893,59.00,19.305
33993,16233,63.50,20.778
34000,32893,59.00,19.305
34003,16233,63.50,20.778
34011,32893,59.00,19.305
34013,16233,63.50,20.778
34021,32893,59.00,19.305
34023,16233,63.50,20.778
34031,32893,59.00,19.305
34033,16233,63.50,20.778
34040,32893,59.00,19.305
34043,16233,63.50,20.778
34050,32893,59.00,19.305
34053,16233,63.50,20.778
34061,32893,59.00,19.305
34063,16233,63.50,20.778
34071,32893,59.00,19.305
34073,16233,63.50,20.778
34080,32893,59.00,19.305
34083,16233,63.50,20.778
34090,32893,59.00,19.305
34093,16233,63.50,20.778
34101,32893,59.00,19.305
34103,16233,63.50,20.778
34111,32893,59.00,19.305
34113,16233,63.50,20.778
34121,32893,59.00,19.305
34123,16233,63.50,20.778
34131,32893,59.00,19.305
34133,16233,63.50,20.778
34140,32893,59.00,19.305
34143,16233,63.50,20.778
34151,32893,59.00,19.305
34153,16233,63.50,20.778
34160,32893,59.00,19.305
34163,16233,63.50,20.778
34170,32893,59.00,19.305
34173,16233,63.50,20.778
34180,32893,59.00,19.305
34183,16233,63.50,20.778
34191,32893,59.00,19.305
34193,16233,63.50,20.778
34201,32893,59.00,19.305
34203,16233,63.50,20.778
34211,32893,59.00,19.305
34213,16233,63.50,20.778
34221,32893,59.00,19.305
34223,16233,63.50,20.778
34230,32893,59.00,19.305
34233,16233,63.50,20.778
34240,32893,59.00,19.305
34243,16233,63.50,20.778
34251,32893,59.00,19.305
34253,16233,63.50,20.778
34260,32893,59.00,19.305
34263,16233,63.50,20.778
34270,32893,59.00,19.305
34273,16233,63.50,20.778
34281,32893,59.00,19.305
34283,16233,63.50,20.778
34290,32893,59.00,19.305
34293,16233,63.50,20.778
34301,32893,59.00,19.305
34303,16233,63.50,20.778
34311,32893,59.00,19.305
34313,16233,63.50,20.778
34320,32893,59.00,19.305
34323,16233,63.50,20.778
34331,32893,59.00,19.305
34333,16233,63.50,20.778
34341,32893,59.00,19.305
34343,16233,63.50,20.778
34350,32893,59.00,19.305
34353,16233,63.50,20.778
34360,32893,59.00,19.305
34363,16233,63.50,20.778
34371,32893,59.00,19.305
34373,16233,63.50,20.778
34381,32893,59.00,19.305
34383,16233,63.50,20.778
34390,32893,59.00,19.305
34393,16233,63.50,20.778
34400,32893,59.00,19.305
34403,16233,63.50,20.778
34411,32893,59.00,19.305
34413,16233,63.50,20.778
34420,32893,59.00,19.305
34423,16233,63.50,20.778
34430,32893,59.00,19.305
34433,16233,63.50,20.778
34440,32893,59.00,19.305
34443,16233,63.50,20.778
34451,32893,59.00,19.305
34453,16233,63.50,20.778
34460,32893,59.00,19.305
34463,16233,63.50,20.778
34471,32893,59.00,19.305
34473,16233,63.50,20.778
34480,32893,59.00,19.305
34483,16233,63.50,20.778
34491,32893,59.00,19.305
34493,16233,63.50,20.778
34501,32893,59.00,19.305
34503,16233,63.50,20.778
34511,32893,59.00,19.305
34513,16233,63.50,20.778
34521,32893,59.00,19.305
34523,16233,63.50,20.778
34531,32893,59.00,19.305
34533,16233,63.50,20.778
34541,32893,59.00,19.305
34543,16233,63.50,20.778
34551,32893,59.00,19.305
34553,16233,63.50,20.778
34561,32893,59.00,19.305
34563,16233,63.50,20.778
34571,32893,59.00,19.305
34573,16233,63.50,20.778
34580,32893,59.00,19.305
34583,16233,63.50,20.778
34591,32893,59.00,19.305
34593,16233,63.50,20.778
34601,32893,59.00,19.305
34603,16233,63.50,20.778
34611,32893,59.00,19.305
34613,16233,63.50,20.778
34621,32893,59.00,19.305
34623,16233,63.50,20.778
34630,32893,59.00,19.305
34633,16233,63.50,20.778
34641,32893,59.00,19.305
34643,16233,63.50,20.778
34651,32893,59.00,19.305
34653,16233,63.50,20.778
34661,32893,59.00,19.305
34663,16233,63.50,20.778
34671,32893,59.00,19.305
34673,16233,63.50,20.778
34681,32893,59.00,19.305
34683,16233,63.50,20.778
34691,32893,59.00,19.305
34693,16233,63.50,20.778
34701,32893,59.00,19.305
34703,16233,63.50,20.778
34711,32893,59.00,19.305
34713,16233,63.50,20.778
34721,32893,59.00,19.305
34723,16233,63.50,20.778
34731,32893,59.00,19.305
34733,16233,63.50,20.778
34741,32893,59.00,19.305
34743,16233,63.50,20.778
34751,32893,59.00,19.305
34753,16233,63.50,20.778
34761,32893,59.00,19.305
34763,16233,63.50,20.778
34771,32893,59.00,19.305
34773,16233,63.50,20.778
34781,32893,59.00,19.305
34783,16233,63.50,20.778
34791,32893,59.00,19.305
34793,16233,63.50,20.778
34801,32893,59.00,19.305
34803,16233,63.50,20.778
34811,32893,59.00,19.305
34813,16233,63.50,20.778
34821,32893,59.00,19.305
34823,16233,63.50,20.778
34831,32893,59.00,19.305
34833,16233,63.50,20.778
34841,32893,59.00,19.305
34843,16233,63.50,20.778
34851,32893,59.00,19.305
34853,16233,63.50,20.778
34861,32893,59.00,19.305
34863,16233,63.50,20.778
34871,32893,59.00,19.305
34873,16233,63.50,20.778
34881,32893,59.00,19.305
34883,16233,63.50,20.778
34891,32893,59.00,19.305
34894,16233,63.50,20.778
34901,32893,59.00,19.305
34903,16233,63.50,20.778
34911,32893,59.00,19.305
34913,16233,63.50,20.778
34921,32893,59.00,19.305
34923,16233,63.50,20.778
34931,32893,59.00,19.305
34933,16233,63.50,20.778
34941,32893,59.00,19.305
34943,16233,63.50,20.778
34951,32893,59.00,19.305
34953,16233,63.50,20.778
34961,32893,59.00,19.305
34963,16233,63.50,20.778
34971,32893,59.00,19.305
34973,16233,63.50,20.778
34981,32893,59.00,19.305
34983,16233,63.50,20.778
34991,32893,59.00,19.305
34993,16233,63.50,20.778
35001,32893,59.00,19.305
35003,16233,63.50,20.778
35010,32893,59.00,19.305
35013,16233,63.50,20.778
35020,32893,59.00,19.305
35023,16233,63.50,20.778
35030,32893,59.00,19.305
35033,16233,63.50,20.778
35041,32893,59.00,19.305
35043,16233,63.50,20.778
35051,32893,59.00,19.305
35053,16233,63.50,20.778
35061,32893,59.00,19.305
35063,16233,63.50,20.778
35071,32893,59.00,19.305
35073,16233,63.50,20.778
35081,32893,59.00,19.305
35083,16233,63.50,20.778
35091,32893,59.00,19.305
35093,16233,63.50,20.778
35101,32893,59.00,19.305
35104,16233,63.50,20.778
35110,32893,59.00,19.305
35113,16233,63.50,20.778
35121,32893,59.00,19.305
35123,16233,63.50,20.778
35131,32893,59.00,19.305
35133,16233,63.50,20.778
35141,32893,59.00,19.305
35143,16233,63.50,20.778
35151,32893,59.00,19.305
35153,16233,63.50,20.778
35161,32893,59.00,19.305
35163,16233,63.50,20.778
35171,32893,59.00,19.305
35173,16233,63.50,20.778
35181,32893,59.00,19.305
35183,16233,63.50,20.778
35191,32893,59.00,19.305
35193,16233,63.50,20.778
35201,32893,59.00,19.305
35203,16233,63.50,20.778
35211,32893,59.00,19.305
35213,16233,63.50,20.778
35221,32893,59.00,19.305
35223,16233,63.50,20.778
35231,32893,59.00,19.305
35233,16233,63.50,20.778
35241,32893,59.00,19.305
35243,16233,63.50,20.778
35251,32893,59.00,19.305
35253,16233,63.50,20.778
35261,32893,59.00,19.305
35263,16233,63.50,20.778
35271,32893,59.00,19.305
35273,16233,63.50,20.778
35281,32893,59.00,19.305
35283,16233,63.50,20.778
35291,32893,59.00,19.305
35293,16233,63.50,20.778
35301,32893,59.00,19.305
35303,16233,63.50,20.778
35311,32893,59.00,19.305
35313,16233,63.50,20.778
35321,32893,59.00,19.305
35323,16233,63.50,20.778
35331,32893,59.00,19.305
35333,16233,63.50,20.778
35341,32893,59.00,19.305
35343,16233,63.50,20.778
35351,32893,59.00,19.305
35353,16233,63.50,20.778
35361,32893,59.00,19.305
35363,16233,63.50,20.778
35371,32893,59.00,19.305
35373,16233,63.50,20.778
35381,32893,59.00,19.305
35383,16233,63.50,20.778
35391,32893,59.00,19.305
35393,16233,63.50,20.778
35402,32893,59.00,19.305
35404,16233,63.50,20.778
35410,32893,59.00,19.305
35413,16233,63.50,20.778
35421,32893,59.00,19.305
35423,16233,63.50,20.778
35431,32893,59.00,19.305
35433,16233,63.50,20.778
35441,32893,59.00,19.305
35443,16233,63.50,20.778
35451,32893,59.00,19.305
35453,16233,63.50,20.778
35462,32893,59.00,19.305
35463,16233,63.50,20.778
35471,32893,59.00,19.305
35473,16233,63.50,20.778
35480,32893,59.00,19.305
35483,16233,63.50,20.778
35491,32893,59.00,19.305
35493,16233,63.50,20.778
35501,32893,59.00,19.305
35503,16233,63.50,20.778
35511,32893,59.00,19.305
35513,16233,63.50,20.778
35521,32893,59.00,19.305
35523,16233,63.50,20.778
35531,32893,59.00,19.305
35533,16233,63.50,20.778
35541,32893,59.00,19.305
35543,16233,63.50,20.778
35551,32893,59.00,19.305
35553,16233,63.50,20.778
35561,32893,59.00,19.305
35563,16233,63.50,20.778
35571,32893,59.00,19.305
35573,16233,63.50,20.778
35581,32893,59.00,19.305
35583,16233,63.50,20.778
35591,32893,59.00,19.305
35593,16233,63.50,20.778
35601,32893,59.00,19.305
35603,16233,63.50,20.778
35611,32893,59.00,19.305
35613,16233,63.50,20.778
35621,32893,59.00,19.305
35623,16233,63.50,20.778
35631,32893,59.00,19.305
35633,16233,63.50,20.778
35641,32893,59.00,19.305
35643,16233,63.50,20.778
35651,32893,59.00,19.305
35653,16233,63.50,20.778
35661,32893,59.00,19.305
35663,16233,63.50,20.778
35671,32893,59.00,19.305
35673,16233,63.50,20.778
35681,32893,59.00,19.305
35684,16233,63.50,20.778
35691,32893,59.00,19.305
35693,16233,63.50,20.778
35701,32893,59.00,19.305
35703,16233,63.50,20.778
35711,32893,59.00,19.305
35713,16233,63.50,20.778
35721,32893,59.00,19.305
35723,16233,63.50,20.778
35730,32893,59.00,19.305
35733,16233,63.50,20.778
35740,32893,59.00,19.305
35743,16233,63.50,20.778
35751,32893,59.00,19.305
35753,16233,63.50,20.778
35761,32893,59.00,19.305
35763,16233,63.50,20.778
35771,32893,59.00,19.305
35773,16233,63.50,20.778
35781,32893,59.00,19.305
35783,16233,63.50,20.778
35791,32893,59.00,19.305
35793,16233,63.50,20.778
35801,32893,59.00,19.305
35803,16233,63.50,20.778
35811,32893,59.00,19.305
35813,16233,63.50,20.778
35821,32893,59.00,19.305
35823,16233,63.50,20.778
35831,32893,59.00,19.305
35833,16233,63.50,20.778
35841,32893,59.00,19.305
35843,16233,63.50,20.778
35851,32893,59.00,19.305
35853,16233,63.50,20.778
35861,32893,59.00,19.305
35863,16233,63.50,20.778
35871,32893,59.00,19.305
35873,16233,63.50,20.778
35881,32893,59.00,19.305
35883,16233,63.50,20.778
35891,32893,59.00,19.305
35893,16233,63.50,20.778
35901,32893,59.00,19.305
35903,16233,63.50,20.778
35910,32893,59.00,19.305
35913,16233,63.50,20.778
35920,32893,59.00,19.305
35923,16233,63.50,20.778
35931,32893,59.00,19.305
35933,16233,63.50,20.778
35941,32893,59.00,19.305
35943,16233,63.50,20.778
35950,32893,59.00,19.305
35953,16233,63.50,20.778
35961,32893,59.00,19.305
35963,16233,63.50,20.778
35970,32893,59.00,19.305
35973,16233,63.50,20.778
35980,32893,59.00,19.305
35983,16233,63.50,20.778
35991,32893,59.00,19.305
35993,16233,63.50,20.778
36001,32893,59.00,19.305
36003,16233,63.50,20.778
36011,32893,59.00,19.305
36013,16233,63.50,20.778
36021,32893,59.00,19.305
36023,16233,63.50,20.778
36031,32893,59.00,19.305
36033,16233,63.50,20.778
36041,32893,59.00,19.305
36043,16233,63.50,20.778
36051,32893,59.00,19.305
36053,16233,63.50,20.778
36061,32893,59.00,19.305
36063,16233,63.50,20.778
36071,32893,59.00,19.305
36073,16233,63.50,20.778
36081,32893,59.00,19.305
36083,16233,63.50,20.778
36091,32893,59.00,19.305
36093,16233,63.50,20.778
36101,32893,59.00,19.305
36103,16233,63.50,20.778
36111,32893,59.00,19.305
36113,16233,63.50,20.778
36121,32893,59.00,19.305
36124,16233,63.50,20.778
36131,32893,59.00,19.305
36133,16233,63.50,20.778
36141,32893,59.00,19.305
36143,16233,63.50,20.778
36151,32893,59.00,19.305
36153,16233,63.50,20.778
36161,32893,59.00,19.305
36163,16233,63.50,20.778
36171,32893,63.50,20.778
36173,16233,63.50,20.778
36180,32893,63.50,20.778
36183,16233,63.50,20.778
36190,32893,63.50,20.778
36193,16233,63.50,20.778
36201,32893,63.50,20.778
36203,16233,63.50,20.778
36211,32893,63.50,20.778
36213,16233,63.50,20.778
36221,32893,63.50,20.778
36223,16233,63.50,20.778
36231,32893,63.50,20.778
36233,16233,63.50,20.778
36241,32893,63.50,20.778
36243,16233,63.50,20.778
36250,32893,63.50,20.778
36253,16233,63.50,20.778
36261,32893,63.50,20.778
36263,16233,63.50,20.778
36271,32893,63.50,20.778
36273,16233,63.50,20.778
36281,32893,63.50,20.778
36283,16233,63.50,20.778
36291,32893,63.50,20.778
36293,16233,63.50,20.778
36301,32893,63.50,20.778
36305,16233,63.50,20.778
36310,32893,63.50,20.778
36313,16233,63.50,20.778
36321,32893,63.50,20.778
36323,16233,63.50,20.778
36331,32893,63.50,20.778
36333,16233,63.50,20.778
36341,32893,63.50,20.778
36344,16233,63.50,20.778
36351,32893,63.50,20.778
36353,16233,63.50,20.778
36360,32893,63.50,20.778
36363,16233,63.50,20.778
36371,32893,63.50,20.778
36373,16233,63.50,20.778
36381,32893,63.50,20.778
36384,16233,63.50,20.778
36391,32893,63.50,20.778
36393,16233,63.50,20.778
36401,32893,63.50,20.778
36403,16233,63.50,20.778
36411,32893,63.50,20.778
36413,16233,63.50,20.778
36421,32893,63.50,20.778
36423,16233,63.50,20.778
36431,32893,63.50,20.778
36433,16233,63.50,20.778
36441,32893,63.50,20.778
36443,16233,63.50,20.778
36451,32893,63.50,20.778
36453,16233,63.50,20.778
36461,32893,63.50,20.778
36463,16233,63.50,20.778
36471,32893,63.50,20.778
36473,16233,63.50,20.778
36481,32893,63.50,20.778
36483,16233,63.50,20.778
36491,32893,63.50,20.778
36493,16233,63.50,20.778
36501,32893,63.50,20.778
36504,16233,63.50,20.778
36511,32893,63.50,20.778
36513,16233,63.50,20.778
36521,32893,63.50,20.778
36523,16233,63.50,20.778
36531,32893,63.50,20.778
36533,16233,63.50,20.778
36540,32893,63.50,20.778
36543,16233,63.50,20.778
36551,32893,63.50,20.778
36554,16233,63.50,20.778
36561,32893,63.50,20.778
36563,16233,63.50,20.778
36571,32893,63.50,20.778
36573,16233,63.50,20.778
36581,32893,63.50,20.778
36583,16233,63.50,20.778
36591,32893,63.50,20.778
36593,16233,63.50,20.778
36601,32893,63.50,20.778
36603,16233,63.50,20.778
36611,32893,63.50,20.778
36613,16233,63.50,20.778
36620,32893,63.50,20.778
36623,16233,63.50,20.778
36630,32893,63.50,20.778
36633,16233,63.50,20.778
36641,32893,63.50,20.778
36643,16233,63.50,20.778
36651,32893,63.50,20.778
36653,16233,63.50,20.778
36661,32893,63.50,20.778
36663,16233,63.50,20.778
36671,32893,63.50,20.778
36673,16233,63.50,20.778
36681,32893,63.50,20.778
36683,16233,63.50,20.778
36691,32893,63.50,20.778
36694,16233,63.50,20.778
36701,32893,63.50,20.778
36703,16233,63.50,20.778
36711,32893,63.50,20.778
36713,16233,63.50,20.778
36720,32893,63.50,20.778
36723,16233,63.50,20.778
36731,32893,63.50,20.778
36733,16233,63.50,20.778
36740,32893,63.50,20.778
36743,16233,63.50,20.778
36751,32893,63.50,20.778
36753,16233,63.50,20.778
36760,32893,63.50,20.778
36763,16233,63.50,20.778
36771,32893,63.50,20.778
36773,16233,63.50,20.778
36780,32893,63.50,20.778
36783,16233,63.50,20.778
36791,32893,63.50,20.778
36793,16233,63.50,20.778
36801,32893,63.50,20.778
36803,16233,63.50,20.778
36811,32893,63.50,20.778
36813,16233,63.50,20.778
36821,32893,63.50,20.778
36823,16233,63.50,20.778
36830,32893,63.50,20.778
36833,16233,63.50,20.778
36841,32893,63.50,20.778
36843,16233,63.50,20.778
36851,32893,63.50,20.778
36853,16233,63.50,20.778
36860,32893,63.50,20.778
36863,16233,63.50,20.778
36871,32893,63.50,20.778
36873,16233,63.50,20.778
36880,32893,63.50,20.778
36883,16233,63.50,20.778
36890,32893,63.50,20.778
36893,16233,63.50,20.778
36900,32893,63.50,20.778
36903,16233,63.50,20.778
36911,32893,63.50,20.778
36913,16233,63.50,20.778
36921,32893,63.50,20.778
36923,16233,63.50,20.778
36930,32893,63.50,20.778
36933,16233,63.50,20.778
36941,32893,63.50,20.778
36944,16233,63.50,20.778
36951,32893,63.50,20.778
36953,16233,63.50,20.778
36960,32893,63.50,20.778
36963,16233,63.50,20.778
36971,32893,63.50,20.778
36973,16233,63.50,20.778
36981,32893,63.50,20.778
36983,16233,63.50,20.778
36990,32893,63.50,20.778
36993,16233,63.50,20.778
37001,32893,63.50,20.778
37003,16233,63.50,20.778
37011,32893,63.50,20.778
37013,16233,63.50,20.778
37021,32893,63.50,20.778
37023,16233,63.50,20.778
37031,32893,63.50,20.778
37033,16233,63.50,20.778
37040,32893,63.50,20.778
37043,16233,63.50,20.778
37050,32893,63.50,20.778
37053,16233,63.50,20.778
37061,32893,63.50,20.778
37063,16233,63.50,20.778
37070,32893,63.50,20.778
37073,16233,63.50,20.778
37081,32893,63.50,20.778
37083,16233,63.50,20.778
37091,32893,63.50,20.778
37093,16233,63.50,20.778
37101,32893,63.50,20.778
37103,16233,63.50,20.778
37112,32893,63.50,20.778
37113,16233,63.50,20.778
37121,32893,63.50,20.778
37123,16233,63.50,20.778
37130,32893,63.50,20.778
37133,16233,63.50,20.778
37140,32893,63.50,20.778
37143,16233,63.50,20.778
37151,32893,63.50,20.778
37153,16233,63.50,20.778
37160,32893,63.50,20.778
37164,16233,63.50,20.778
37171,32893,63.50,20.778
37173,16233,63.50,20.778
37181,32893,63.50,20.778
37183,16233,63.50,20.778
37190,32893,63.50,20.778
37193,16233,63.50,20.778
37201,32893,63.50,20.778
37203,16233,63.50,20.778
37210,32893,63.50,20.778
37213,16233,63.50,20.778
37221,32893,63.50,20.778
37223,16233,63.50,20.778
37230,32893,63.50,20.778
37233,16233,63.50,20.778
37241,32893,63.50,20.778
37243,16233,63.50,20.778
37250,32893,63.50,20.778
37253,16233,63.50,20.778
37261,32893,63.50,20.778
37263,16233,63.50,20.778
37271,32893,63.50,20.778
37273,16233,63.50,20.778
37281,32893,63.50,20.778
37283,16233,63.50,20.778
37291,32893,63.50,20.778
37293,16233,63.50,20.778
37301,32893,63.50,20.778
37303,16233,63.50,20.778
37311,32893,63.50,20.778
37313,16233,63.50,20.778
37320,32893,63.50,20.778
37323,16233,63.50,20.778
37330,32893,63.50,20.778
37333,16233,63.50,20.778
37341,32893,63.50,20.778
37343,16233,63.50,20.778
37351,32893,63.50,20.778
37353,16233,63.50,20.778
37360,32893,63.50,20.778
37363,16233,63.50,20.778
37371,32893,63.50,20.778
37373,16233,63.50,20.778
37381,32893,63.50,20.778
37383,16233,63.50,20.778
37391,32893,63.50,20.778
37394,16233,63.50,20.778
37401,32893,63.50,20.778
37403,16233,63.50,20.778
37411,32893,63.50,20.778
37413,16233,63.50,20.778
37420,32893,63.50,20.778
37423,16233,63.50,20.778
37431,32893,63.50,20.778
37433,16233,63.50,20.778
37441,32893,63.50,20.778
37443,16233,63.50,20.778
37451,32893,63.50,20.778
37453,16233,63.50,20.778
37461,32893,63.50,20.778
37463,16233,63.50,20.778
37471,32893,63.50,20.778
37473,16233,63.50,20.778
37480,32893,63.50,20.778
37483,16233,63.50,20.778
37491,32893,63.50,20.778
37493,16233,63.50,20.778
37500,32893,63.50,20.778
37503,16233,63.50,20.778
37510,32893,63.50,20.778
37513,16233,63.50,20.778
37521,32893,63.50,20.778
37524,16233,63.50,20.778
37531,32893,63.50,20.778
37533,16233,63.50,20.778
37541,32893,63.50,20.778
37543,16233,63.50,20.778
37551,32893,63.50,20.778
37553,16233,63.50,20.778
37560,32893,63.50,20.778
37563,16233,63.50,20.778
37571,32893,63.50,20.778
37574,16233,63.50,20.778
37580,32893,63.50,20.778
37583,16233,63.50,20.778
37591,32893,63.50,20.778
37593,16233,63.50,20.778
37600,32893,63.50,20.778
37603,16233,63.50,20.778
37611,32893,63.50,20.778
37613,16233,63.50,20.778
37621,32893,63.50,20.778
37623,16233,63.50,20.778
37631,32893,63.50,20.778
37633,16233,63.50,20.778
37640,32893,63.50,20.778
37643,16233,63.50,20.778
37651,32893,63.50,20.778
37653,16233,63.50,20.778
37661,32893,63.50,20.778
37663,16233,63.50,20.778
37670,32893,63.50,20.778
37673,16233,63.50,20.778
37681,32893,63.50,20.778
37683,16233,63.50,20.778
37691,32893,63.50,20.778
37693,16233,63.50,20.778
37701,32893,63.50,20.778
37703,16233,63.50,20.778
37711,32893,63.50,20.778
37713,16233,63.50,20.778
37722,32893,63.50,20.778
37724,16233,63.50,20.778
37731,32893,63.50,20.778
37733,16233,63.50,20.778
37741,32893,63.50,20.778
37743,16233,63.50,20.778
37751,32893,63.50,20.778
37753,16233,63.50,20.778
37761,32893,63.50,20.778
37763,16233,63.50,20.778
37771,32893,63.50,20.778
37773,16233,63.50,20.778
37781,32893,63.50,20.778
37783,16233,63.50,20.778
37791,32893,63.50,20.778
37793,16233,63.50,20.778
37801,32893,63.50,20.778
37803,16233,63.50,20.778
37810,32893,63.50,20.778
37813,16233,63.50,20.778
37821,32893,63.50,20.778
37824,16233,63.50,20.778
37831,32893,63.50,20.778
37833,16233,63.50,20.778
37840,32893,63.50,20.778
37843,16233,63.50,20.778
37850,32893,63.50,20.778
37853,16233,63.50,20.778
37861,32893,63.50,20.778
37863,16233,63.50,20.778
37871,32893,63.50,20.778
37873,16233,63.50,20.778
37881,32893,63.50,20.778
37883,16233,63.50,20.778
37891,32893,63.50,20.778
37893,16233,63.50,20.778
37900,32893,63.50,20.778
37903,16233,63.50,20.778
37911,32893,63.50,20.778
37913,16233,63.50,20.778
37920,32893,63.50,20.778
37923,16233,63.50,20.778
37931,32893,63.50,20.778
37933,16233,63.50,20.778
37941,32893,63.50,20.778
37943,16233,63.50,20.778
37951,32893,63.50,20.778
37953,16233,63.50,20.778
37961,32893,63.50,20.778
37963,16233,63.50,20.778
37971,32893,63.50,20.778
37973,16233,63.50,20.778
37981,32893,63.50,20.778
37983,16233,63.50,20.778
37991,32893,63.50,20.778
37993,16233,63.50,20.778
38001,32893,63.50,20.778
38003,16233,63.50,20.778
38010,32893,63.50,20.778
38013,16233,63.50,20.778
38021,32893,63.50,20.778
38023,16233,63.50,20.778
38030,32893,63.50,20.778
38033,16233,63.50,20.778
38041,32893,63.50,20.778
38043,16233,63.50,20.778
38051,32893,63.50,20.778
38054,16233,63.50,20.778
38060,32893,63.50,20.778
38063,16233,63.50,20.778
38071,32893,63.50,20.778
38073,16233,63.50,20.778
38081,32893,63.50,20.778
38083,16233,63.50,20.778
38090,32893,63.50,20.778
38093,16233,63.50,20.778
38100,32893,63.50,20.778
38103,16233,63.50,20.778
38110,32893,63.50,20.778
38113,16233,63.50,20.778
38121,32893,63.50,20.778
38123,16233,63.50,20.778
38130,32893,63.50,20.778
38133,16233,63.50,20.778
38141,32893,63.50,20.778
38143,16233,63.50,20.778
38150,32893,63.50,20.778
38153,16233,63.50,20.778
38161,32893,63.50,20.778
38163,16233,63.50,20.778
38170,32893,63.50,20.778
38173,16233,63.50,20.778
38181,32893,63.50,20.778
38183,16233,63.50,20.778
38191,32893,63.50,20.778
38193,16233,63.50,20.778
38201,32893,63.50,20.778
38203,16233,63.50,20.778
38210,32893,63.50,20.778
38213,16233,63.50,20.778
38221,32893,63.50,20.778
38223,16233,63.50,20.778
38230,32893,63.50,20.778
38233,16233,63.50,20.778
38241,32893,63.50,20.778
38243,16233,63.50,20.778
38250,32893,63.50,20.778
38253,16233,63.50,20.778
38261,32893,63.50,20.778
38263,16233,63.50,20.778
38270,32893,63.50,20.778
38273,16233,63.50,20.778
38281,32893,63.50,20.778
38283,16233,58.00,18.978
38291,32893,63.50,20.778
38293,16233,58.00,18.978
38300,32893,63.50,20.778
38303,16233,58.00,18.978
38311,32893,63.50,20.778
38313,16233,58.00,18.978
38320,32893,63.50,20.778
38323,16233,58.00,18.978
38331,32893,63.50,20.778
38333,16233,58.00,18.978
38341,32893,63.50,20.778
38343,16233,58.00,18.978
38351,32893,63.50,20.778
38353,16233,58.00,18.978
38361,32893,63.50,20.778
38363,16233,58.00,18.978
38371,32893,63.50,20.778
38373,16233,58.00,18.978
38381,32893,63.50,20.778
38383,16233,58.00,18.978
38391,32893,63.50,20.778
38393,16233,58.00,18.978
38401,32893,63.50,20.778
38403,16233,58.00,18.978
38411,32893,63.50,20.778
38413,16233,58.00,18.978
38421,32893,63.50,20.778
38423,16233,58.00,18.978
38431,32893,63.50,20.778
38434,16233,58.00,18.978
38441,32893,63.50,20.778
38444,16233,58.00,18.978
38451,32893,63.50,20.778
38453,16233,58.00,18.978
38461,32893,63.50,20.778
38463,16233,58.00,18.978
38471,32893,63.50,20.778
38473,16233,58.00,18.978
38481,32893,63.50,20.778
38483,16233,58.00,18.978
38491,32893,63.50,20.778
38493,16233,58.00,18.978
38501,32893,63.50,20.778
38503,16233,58.00,18.978
38511,32893,63.50,20.778
38513,16233,58.00,18.978
38521,32893,63.50,20.778
38523,16233,58.00,18.978
38531,32893,63.50,20.778
38533,16233,58.00,18.978
38541,32893,63.50,20.778
38543,16233,58.00,18.978
38551,32893,63.50,20.778
38553,16233,58.00,18.978
38561,32893,63.50,20.778
38563,16233,58.00,18.978
38571,32893,63.50,20.778
38573,16233,58.00,18.978
38580,32893,63.50,20.778
38583,16233,58.00,18.978
38591,32893,63.50,20.778
38593,16233,58.00,18.978
38601,32893,63.50,20.778
38603,16233,58.00,18.978
38611,32893,63.50,20.778
38613,16233,58.00,18.978
38621,32893,63.50,20.778
38623,16233,58.00,18.978
38631,32893,63.50,20.778
38633,16233,58.00,18.978
38641,32893,63.50,20.778
38643,16233,58.00,18.978
38651,32893,63.50,20.778
38653,16233,58.00,18.978
38660,32893,63.50,20.778
38663,16233,58.00,18.978
38671,32893,63.50,20.778
38673,16233,58.00,18.978
38680,32893,63.50,20.778
38683,16233,58.00,18.978
38691,32893,63.50,20.778
38693,16233,58.00,18.978
38701,32893,63.50,20.778
38703,16233,58.00,18.978
38710,32893,63.50,20.778
38713,16233,58.00,18.978
38721,32893,63.50,20.778
38723,16233,58.00,18.978
38730,32893,63.50,20.778
38733,16233,58.00,18.978
38741,32893,63.50,20.778
38743,16233,58.00,18.978
38751,32893,63.50,20.778
38753,16233,58.00,18.978
38760,32893,63.50,20.778
38763,16233,58.00,18.978
38770,32893,63.50,20.778
38773,16233,58.00,18.978
38781,32893,63.50,20.778
38783,16233,58.00,18.978
38790,32893,63.50,20.778
38793,16233,58.00,18.978
38801,32893,63.50,20.778
38803,16233,58.00,18.978
38810,32893,63.50,20.778
38813,16233,58.00,18.978
38821,32893,63.50,20.778
38823,16233,58.00,18.978
38830,32893,63.50,20.778
38833,16233,58.00,18.978
38840,32893,63.50,20.778
38843,16233,58.00,18.978
38850,32893,63.50,20.778
38853,16233,58.00,18.978
38861,32893,63.50,20.778
38863,16233,58.00,18.978
38870,32893,63.50,20.778
38873,16233,58.00,18.978
38881,32893,63.50,20.778
38883,16233,58.00,18.978
38891,32893,63.50,20.778
38893,16233,58.00,18.978
38901,32893,63.50,20.778
38903,16233,58.00,18.978
38911,32893,63.50,20.778
38913,16233,58.00,18.978
38921,32893,63.50,20.778
38923,16233,58.00,18.978
38931,32893,63.50,20.778
38934,16233,58.00,18.978
38941,32893,63.50,20.778
38943,16233,58.00,18.978
38950,32893,63.50,20.778
38953,16233,58.00,18.978
38961,32893,63.50,20.778
38963,16233,58.00,18.978
38971,32893,63.50,20.778
38973,16233,58.00,18.978
38981,32893,63.50,20.778
38983,16233,58.00,18.978
38990,32893,63.50,20.778
38993,16233,58.00,18.978
39000,32893,63.50,20.778
39003,16233,58.00,18.978
39011,32893,63.50,20.778
39013,16233,58.00,18.978
39021,32893,63.50,20.778
39023,16233,58.00,18.978
39031,32893,63.50,20.778
39033,16233,58.00,18.978
39041,32893,63.50,20.778
39043,16233,58.00,18.978
39051,32893,63.50,20.778
39053,16233,58.00,18.978
39061,32893,63.50,20.778
39063,16233,58.00,18.978
39071,32893,63.50,20.778
39073,16233,58.00,18.978
39081,32893,63.50,20.778
39083,16233,58.00,18.978
39091,32893,63.50,20.778
39093,16233,58.00,18.978
39101,32893,63.50,20.778
39103,16233,58.00,18.978
39111,32893,63.50,20.778
39113,16233,58.00,18.978
39121,32893,63.50,20.778
39123,16233,58.00,18.978
39131,32893,63.50,20.778
39133,16233,58.00,18.978
39141,32893,63.50,20.778
39143,16233,58.00,18.978
39150,32893,63.50,20.778
39153,16233,58.00,18.978
39160,32893,63.50,20.778
39164,16233,58.00,18.978
39171,32893,63.50,20.778
39173,16233,58.00,18.978
39181,32893,63.50,20.778
39183,16233,58.00,18.978
39190,32893,63.50,20.778
39193,16233,58.00,18.978
39201,32893,63.50,20.778
39203,16233,58.00,18.978
39210,32893,63.50,20.778
39213,16233,58.00,18.978
39221,32893,63.50,20.778
39223,16233,58.00,18.978
39231,32893,63.50,20.778
39233,16233,58.00,18.978
39241,32893,63.50,20.778
39243,16233,58.00,18.978
39251,32893,63.50,20.778
39253,16233,58.00,18.978
39261,32893,63.50,20.778
39263,16233,58.00,18.978
39271,32893,63.50,20.778
39273,16233,58.00,18.978
39281,32893,63.50,20.778
39283,16233,58.00,18.978
39291,32893,63.50,20.778
39293,16233,58.00,18.978
39301,32893,63.50,20.778
39303,16233,58.00,18.978
39311,32893,63.50,20.778
39313,16233,58.00,18.978
39321,32893,63.50,20.778
39323,16233,58.00,18.978
39331,32893,63.50,20.778
39333,16233,58.00,18.978
39341,32893,63.50,20.778
39343,16233,58.00,18.978
39350,32893,63.50,20.778
39353,16233,58.00,18.978
39360,32893,63.50,20.778
39364,16233,58.00,18.978
39370,32893,63.50,20.778
39373,16233,58.00,18.978
39380,32893,63.50,20.778
39383,16233,58.00,18.978
39391,32893,63.50,20.778
39393,16233,58.00,18.978
39401,32893,63.50,20.778
39403,16233,58.00,18.978
39411,32893,63.50,20.778
39413,16233,58.00,18.978
39421,32893,63.50,20.778
39423,16233,58.00,18.978
39431,32893,63.50,20.778
39433,16233,58.00,18.978
39441,32893,63.50,20.778
39443,16233,58.00,18.978
39450,32893,63.50,20.778
39453,16233,58.00,18.978
39461,32893,63.50,20.778
39463,16233,58.00,18.978
39471,32893,63.50,20.778
39473,16233,58.00,18.978
39481,32893,63.50,20.778
39483,16233,58.00,18.978
39491,32893,63.50,20.778
39493,16233,58.00,18.978
39501,32893,63.50,20.778
39503,16233,58.00,18.978
39510,32893,63.50,20.778
39513,16233,58.00,18.978
39521,32893,63.50,20.778
39523,16233,58.00,18.978
39531,32893,63.50,20.778
39533,16233,58.00,18.978
39541,32893,63.50,20.778
39543,16233,58.00,18.978
39551,32893,63.50,20.778
39553,16233,58.00,18.978
39561,32893,63.50,20.778
39563,16233,58.00,18.978
39571,32893,63.50,20.778
39573,16233,58.00,18.978
39580,32893,63.50,20.778
39583,16233,58.00,18.978
39591,32893,63.50,20.778
39593,16233,58.00,18.978
39600,32893,63.50,20.778
39603,16233,58.00,18.978
39611,32893,63.50,20.778
39613,16233,58.00,18.978
39621,32893,63.50,20.778
39623,16233,58.00,18.978
39630,32893,63.50,20.778
39633,16233,58.00,18.978
39641,32893,63.50,20.778
39643,16233,58.00,18.978
39651,32893,63.50,20.778
39653,16233,58.00,18.978
39660,32893,63.50,20.778
39663,16233,58.00,18.978
39670,32893,63.50,20.778
39673,16233,58.00,18.978
39681,32893,63.50,20.778
39683,16233,58.00,18.978
39691,32893,63.50,20.778
39693,16233,58.00,18.978
39701,32893,63.50,20.778
39703,16233,58.00,18.978
39711,32893,63.50,20.778
39713,16233,58.00,18.978
39721,32893,63.50,20.778
39723,16233,58.00,18.978
39731,32893,63.50,20.778
39733,16233,58.00,18.978
39741,32893,63.50,20.778
39743,16233,58.00,18.978
39751,32893,63.50,20.778
39753,16233,58.00,18.978
39761,32893,63.50,20.778
39763,16233,58.00,18.978
39771,32893,63.50,20.778
39773,16233,58.00,18.978
39781,32893,63.50,20.778
39783,16233,58.00,18.978
39791,32893,63.50,20.778
39793,16233,58.00,18.978
39800,32893,63.50,20.778
39803,16233,58.00,18.978
39810,32893,63.50,20.778
39813,16233,58.00,18.978
39821,32893,63.50,20.778
39823,16233,58.00,18.978
39831,32893,63.50,20.778
39833,16233,58.00,18.978
39841,32893,63.50,20.778
39844,16233,58.00,18.978
39851,32893,63.50,20.778
39853,16233,58.00,18.978
39861,32893,63.50,20.778
39863,16233,58.00,18.978
39871,32893,63.50,20.778
39873,16233,58.00,18.978
39881,32893,63.50,20.778
39883,16233,58.00,18.978
39891,32893,63.50,20.778
39893,16233,58.00,18.978
39901,32893,63.50,20.778
39903,16233,58.00,18.978
39911,32893,63.50,20.778
39913,16233,58.00,18.978
39920,32893,63.50,20.778
39923,16233,58.00,18.978
39930,32893,63.50,20.778
39933,16233,58.00,18.978
39941,32893,63.50,20.778
39943,16233,58.00,18.978
39951,32893,63.50,20.778
39953,16233,58.00,18.978
39960,32893,63.50,20.778
39963,16233,58.00,18.978
39971,32893,63.50,20.778
39973,16233,58.00,18.978
39981,32893,63.50,20.778
39983,16233,58.00,18.978
39991,32893,63.50,20.778
39993,16233,58.00,18.978
40001,32893,63.50,20.778
40003,16233,58.00,18.978
40011,32893,63.50,20.778
40013,16233,58.00,18.978
40020,32893,63.50,20.778
40023,16233,58.00,18.978
40031,32893,63.50,20.778
40033,16233,58.00,18.978
40041,32893,63.50,20.778
40043,16233,58.00,18.978
40050,32893,63.50,20.778
40053,16233,58.00,18.978
40061,32893,63.50,20.778
40063,16233,58.00,18.978
40071,32893,63.50,20.778
40073,16233,58.00,18.978
40080,32893,63.50,20.778
40083,16233,58.00,18.978
40091,32893,63.50,20.778
40093,16233,58.00,18.978
40101,32893,63.50,20.778
40103,16233,58.00,18.978
40111,32893,63.50,20.778
40113,16233,58.00,18.978
40121,32893,63.50,20.778
40123,16233,58.00,18.978
40131,32893,63.50,20.778
40133,16233,58.00,18.978
40140,32893,63.50,20.778
40143,16233,58.00,18.978
40151,32893,63.50,20.778
40153,16233,58.00,18.978
40160,32893,63.50,20.778
40163,16233,58.00,18.978
40170,32893,63.50,20.778
40173,16233,58.00,18.978
40181,32893,63.50,20.778
40183,16233,58.00,18.978
40191,32893,63.50,20.778
40193,16233,58.00,18.978
40200,32893,63.50,20.778
40203,16233,58.00,18.978
40211,32893,63.50,20.778
40213,16233,58.00,18.978
40221,32893,63.50,20.778
40223,16233,58.00,18.978
40231,32893,63.50,20.778
40233,16233,58.00,18.978
40241,32893,63.50,20.778
40243,16233,58.00,18.978
40251,32893,63.50,20.778
40253,16233,58.00,18.978
40260,32893,63.50,20.778
40263,16233,58.00,18.978
40271,32893,63.50,20.778
40273,16233,58.00,18.978
40281,32893,63.50,20.778
40283,16233,58.00,18.978
40291,32893,63.50,20.778
40293,16233,58.00,18.978
40301,32893,63.50,20.778
40303,16233,58.00,18.978
40311,32893,63.50,20.778
40313,16233,58.00,18.978
40320,32893,63.50,20.778
40323,16233,58.00,18.978
40330,32893,63.50,20.778
40333,16233,58.00,18.978
40341,32893,63.50,20.778
40343,16233,58.00,18.978
40350,32893,63.50,20.778
40353,16233,58.00,18.978
40361,32893,63.50,20.778
40364,16233,58.00,18.978
40371,32893,63.50,20.778
40373,16233,58.00,18.978
40381,32893,63.50,20.778
40383,16233,58.00,18.978
40391,32893,63.50,20.778
40393,16233,58.00,18.978
40400,32893,63.50,20.778
40403,16233,58.00,18.978
40411,32893,63.50,20.778
40413,16233,58.00,18.978
40421,32893,63.50,20.778
40423,16233,58.00,18.978
40431,32893,63.50,20.778
40433,16233,58.00,18.978
40441,32893,63.50,20.778
40443,16233,58.00,18.978
40451,32893,63.50,20.778
40453,16233,58.00,18.978
40461,32893,63.50,20.778
40463,16233,58.00,18.978
40471,32893,63.50,20.778
40473,16233,58.00,18.978
40481,32893,63.50,20.778
40483,16233,58.00,18.978
40491,32893,63.50,20.778
40493,16233,58.00,18.978
40501,32893,63.50,20.778
40503,16233,58.00,18.978
40511,32893,63.50,20.778
40513,16233,58.00,18.978
40521,32893,63.50,20.778
40523,16233,58.00,18.978
40531,32893,63.50,20.778
40533,16233,58.00,18.978
40540,32893,63.50,20.778
40543,16233,58.00,18.978
40551,32893,63.50,20.778
40553,16233,58.00,18.978
40561,32893,63.50,20.778
40563,16233,58.00,18.978
40571,32893,63.50,20.778
40573,16233,58.00,18.978
40580,32893,63.50,20.778
40583,16233,58.00,18.978
40590,32893,63.50,20.778
40593,16233,58.00,18.978
40601,32893,63.50,20.778
40603,16233,58.00,18.978
40611,32893,63.50,20.778
40613,16233,58.00,18.978
40621,32893,63.50,20.778
40623,16233,58.00,18.978
40631,32893,63.50,20.778
40633,16233,58.00,18.978
40641,32893,63.50,20.778
40643,16233,58.00,18.978
40651,32893,63.50,20.778
40653,16233,58.00,18.978
40661,32893,63.50,20.778
40663,16233,58.00,18.978
40671,32893,63.50,20.778
40673,16233,58.00,18.978
40680,32893,63.50,20.778
40683,16233,58.00,18.978
40691,32893,63.50,20.778
40693,16233,58.00,18.978
40701,32893,63.50,20.778
40703,16233,58.00,18.978
40711,32893,63.50,20.778
40713,16233,58.00,18.978
40721,32893,63.50,20.778
40723,16233,58.00,18.978
40731,32893,63.50,20.778
40733,16233,58.00,18.978
40741,32893,63.50,20.778
40743,16233,58.00,18.978
40751,32893,63.50,20.778
40753,16233,58.00,18.978
40761,32893,63.50,20.778
40763,16233,58.00,18.978
40771,32893,63.50,20.778
40773,16233,58.00,18.978
40780,32893,63.50,20.778
40783,16233,58.00,18.978
40790,32893,63.50,20.778
40793,16233,58.00,18.978
40800,32893,63.50,20.778
40803,16233,58.00,18.978
40810,32893,63.50,20.778
40813,16233,58.00,18.978
40820,32893,63.50,20.778
40823,16233,58.00,18.978
40830,32893,63.50,20.778
40833,16233,58.00,18.978
40841,32893,63.50,20.778
40843,16233,58.00,18.978
40851,32893,63.50,20.778
40853,16233,58.00,18.978
40860,32893,63.50,20.778
40863,16233,58.00,18.978
40870,32893,63.50,20.778
40873,16233,58.00,18.978
40881,32893,63.50,20.778
40883,16233,58.00,18.978
40890,32893,63.50,20.778
40893,16233,58.00,18.978
40900,32893,63.50,20.778
40903,16233,58.00,18.978
40911,32893,63.50,20.778
40913,16233,58.00,18.978
40921,32893,63.50,20.778
40923,16233,58.00,18.978
40930,32893,63.50,20.778
40933,16233,58.00,18.978
40941,32893,63.50,20.778
40943,16233,58.00,18.978
40950,32893,63.50,20.778
40953,16233,58.00,18.978
40961,32893,63.50,20.778
40963,16233,58.00,18.978
40971,32893,63.50,20.778
40973,16233,58.00,18.978
40980,32893,63.50,20.778
40983,16233,58.00,18.978
40991,32893,63.50,20.778
40993,16233,58.00,18.978
41000,32893,63.50,20.778
41003,16233,58.00,18.978
41011,32893,63.50,20.778
41013,16233,58.00,18.978
41021,32893,63.50,20.778
41023,16233,58.00,18.978
41031,32893,63.50,20.778
41033,16233,58.00,18.978
41041,32893,63.50,20.778
41043,16233,58.00,18.978
41051,32893,63.50,20.778
41053,16233,58.00,18.978
41061,32893,63.50,20.778
41063,16233,58.00,18.978
41071,32893,63.50,20.778
41073,16233,58.00,18.978
41081,32893,63.50,20.778
41083,16233,58.00,18.978
41090,32893,63.50,20.778
41093,16233,58.00,18.978
41101,32893,63.50,20.778
41103,16233,58.00,18.978
41111,32893,63.50,20.778
41113,16233,58.00,18.978
41120,32893,63.50,20.778
41123,16233,58.00,18.978
41131,32893,63.50,20.778
41134,16233,58.00,18.978
41141,32893,63.50,20.778
41143,16233,58.00,18.978
41151,32893,63.50,20.778
41153,16233,58.00,18.978
41161,32893,63.50,20.778
41163,16233,58.00,18.978
41171,32893,63.50,20.778
41173,16233,58.00,18.978
41181,32893,63.50,20.778
41183,16233,58.00,18.978
41191,32893,63.50,20.778
41193,16233,58.00,18.978
41201,32893,63.50,20.778
41203,16233,58.00,18.978
41211,32893,63.50,20.778
41214,16233,58.00,18.978
41221,32893,63.50,20.778
41223,16233,58.00,18.978
41231,32893,63.50,20.778
41233,16233,58.00,18.978
41241,32893,63.50,20.778
41243,16233,58.00,18.978
41251,32893,63.50,20.778
41253,16233,58.00,18.978
41261,32893,63.50,20.778
41263,16233,58.00,18.978
41271,32893,63.50,20.778
41273,16233,58.00,18.978
41281,32893,63.50,20.778
41283,16233,58.00,18.978
41292,32893,63.50,20.778
41293,16233,58.00,18.978
41302,32893,63.50,20.778
41303,16233,58.00,18.978
41311,32893,63.50,20.778
41313,16233,58.00,18.978
41321,32893,63.50,20.778
41323,16233,58.00,18.978
41331,32893,63.50,20.778
41333,16233,58.00,18.978
41341,32893,63.50,20.778
41343,16233,58.00,18.978
41351,32893,63.50,20.778
41353,16233,58.00,18.978
41361,32893,63.50,20.778
41364,16233,58.00,18.978
41371,32893,63.50,20.778
41373,16233,58.00,18.978
41381,32893,63.50,20.778
41383,16233,58.00,18.978
41391,32893,63.50,20.778
41393,16233,58.00,18.978
41401,32893,63.50,20.778
41403,16233,58.00,18.978
41410,32893,63.50,20.778
41413,16233,58.00,18.978
41421,32893,63.50,20.778
41423,16233,58.00,18.978
41431,32893,63.50,20.778
41433,16233,58.00,18.978
41441,32893,63.50,20.778
41443,16233,58.00,18.978
41451,32893,63.50,20.778
41453,16233,58.00,18.978
41461,32893,63.50,20.778
41463,16233,58.00,18.978
41471,32893,63.50,20.778
41474,16233,58.00,18.978
41481,32893,63.50,20.778
41484,16233,58.00,18.978
41490,32893,63.50,20.778
41493,16233,58.00,18.978
41501,32893,63.50,20.778
41503,16233,58.00,18.978
41511,32893,63.50,20.778
41513,16233,58.00,18.978
41521,32893,63.50,20.778
41523,16233,58.00,18.978
41531,32893,63.50,20.778
41534,16233,58.00,18.978
41541,32893,63.50,20.778
41544,16233,58.00,18.978
41551,32893,63.50,20.778
41553,16233,58.00,18.978
41561,32893,63.50,20.778
41563,16233,58.00,18.978
41571,32893,63.50,20.778
41573,16233,58.00,18.978
41581,32893,63.50,20.778
41583,16233,58.00,18.978
41591,32893,63.50,20.778
41593,16233,58.00,18.978
41600,32893,63.50,20.778
41603,16233,58.00,18.978
41611,32893,63.50,20.778
41613,16233,58.00,18.978
41621,32893,63.50,20.778
41624,16233,58.00,18.978
41631,32893,63.50,20.778
41633,16233,58.00,18.978
41641,32893,63.50,20.778
41644,16233,58.00,18.978
41651,32893,63.50,20.778
41653,16233,58.00,18.978
41661,32893,63.50,20.778
41663,16233,58.00,18.978
41671,32893,63.50,20.778
41673,16233,58.00,18.978
41682,32893,63.50,20.778
41683,16233,58.00,18.978
41690,32893,63.50,20.778
41694,16233,58.00,18.978
41701,32893,63.50,20.778
41703,16233,58.00,18.978
41711,32893,63.50,20.778
41713,16233,58.00,18.978
41721,32893,63.50,20.778
41724,16233,58.00,18.978
41731,32893,63.50,20.778
41733,16233,58.00,18.978
41741,32893,63.50,20.778
41743,16233,58.00,18.978
41751,32893,63.50,20.778
41753,16233,58.00,18.978
41761,32893,63.50,20.778
41763,16233,58.00,18.978
41771,32893,63.50,20.778
41773,16233,58.00,18.978
41781,32893,63.50,20.778
41783,16233,58.00,18.978
41791,32893,63.50,20.778
41793,16233,58.00,18.978
41801,32893,63.50,20.778
41803,16233,58.00,18.978
41811,32893,63.50,20.778
41813,16233,58.00,18.978
41820,32893,63.50,20.778
41824,16233,58.00,18.978
41831,32893,63.50,20.778
41833,16233,58.00,18.978
41840,32893,63.50,20.778
41843,16233,58.00,18.978
41851,32893,63.50,20.778
41853,16233,58.00,18.978
41861,32893,63.50,20.778
41863,16233,58.00,18.978
41871,32893,63.50,20.778
41873,16233,58.00,18.978
41881,32893,63.50,20.778
41883,16233,58.00,18.978
41891,32893,63.50,20.778
41895,16233,58.00,18.978
41901,32893,63.50,20.778
41903,16233,58.00,18.978
41910,32893,63.50,20.778
41913,16233,58.00,18.978
41921,32893,63.50,20.778
41923,16233,58.00,18.978
41931,32893,63.50,20.778
41933,16233,58.00,18.978
41940,32893,63.50,20.778
41943,16233,58.00,18.978
41951,32893,63.50,20.778
41955,16233,58.00,18.978
41960,32893,63.50,20.778
41963,16233,58.00,18.978
41970,32893,63.50,20.778
41973,16233,58.00,18.978
41981,32893,63.50,20.778
41983,16233,58.00,18.978
41991,32893,63.50,20.778
41993,16233,58.00,18.978
42001,32893,63.50,20.778
42003,16233,58.00,18.978
42011,32893,63.50,20.778
42013,16233,58.00,18.978
42020,32893,63.50,20.778
42023,16233,58.00,18.978
42031,32893,63.50,20.778
42033,16233,58.00,18.978
42040,32893,63.50,20.778
42043,16233,58.00,18.978
42051,32893,63.50,20.778
42053,16233,58.00,18.978
42061,32893,63.50,20.778
42063,16233,58.00,18.978
42071,32893,63.50,20.778
42073,16233,58.00,18.978
42081,32893,63.50,20.778
42083,16233,58.00,18.978
42090,32893,63.50,20.778
42093,16233,58.00,18.978
42101,32893,63.50,20.778
42103,16233,58.00,18.978
42111,32893,63.50,20.778
42113,16233,58.00,18.978
42121,32893,63.50,20.778
42123,16233,58.00,18.978
42132,32893,63.50,20.778
42133,16233,58.00,18.978
42141,32893,63.50,20.778
42143,16233,58.00,18.978
42151,32893,63.50,20.778
42153,16233,58.00,18.978
42161,32893,63.50,20.778
42163,16233,58.00,18.978
42171,32893,63.50,20.778
42174,16233,58.00,18.978
42181,32893,63.50,20.778
42183,16233,58.00,18.978
42191,32893,63.50,20.778
42193,16233,58.00,18.978
42201,32893,63.50,20.778
42203,16233,58.00,18.978
42211,32893,63.50,20.778
42213,16233,58.00,18.978
42221,32893,63.50,20.778
42223,16233,58.00,18.978
42231,32893,63.50,20.778
42233,16233,58.00,18.978
42241,32893,63.50,20.778
42243,16233,58.00,18.978
42251,32893,63.50,20.778
42253,16233,58.00,18.978
42261,32893,63.50,20.778
42263,16233,58.00,18.978
42271,32893,63.50,20.778
42273,16233,58.00,18.978
42281,32893,63.50,20.778
42283,16233,58.00,18.978
42291,32893,63.50,20.778
42294,16233,58.00,18.978
42301,32893,63.50,20.778
42303,16233,58.00,18.978
42311,32893,63.50,20.778
42313,16233,58.00,18.978
42321,32893,63.50,20.778
42323,16233,58.00,18.978
42331,32893,63.50,20.778
42333,16233,58.00,18.978
42341,32893,63.50,20.778
42343,16233,58.00,18.978
42351,32893,63.50,20.778
42353,16233,58.00,18.978
42361,32893,63.50,20.778
42364,16233,58.00,18.978
42371,32893,63.50,20.778
42373,16233,58.00,18.978
42381,32893,63.50,20.778
42383,16233,58.00,18.978
42391,32893,63.50,20.778
42393,16233,58.00,18.978
42401,32893,63.50,20.778
42403,16233,58.00,18.978
42410,32893,63.50,20.778
42413,16233,58.00,18.978
42421,32893,63.50,20.778
42423,16233,58.00,18.978
42430,32893,63.50,20.778
42433,16233,58.00,18.978
42441,32893,63.50,20.778
42443,16233,58.00,18.978
42451,32893,63.50,20.778
42453,16233,58.00,18.978
42460,32893,63.50,20.778
42463,16233,58.00,18.978
42471,32893,63.50,20.778
42473,16233,58.00,18.978
42481,32893,63.50,20.778
42483,16233,58.00,18.978
42491,32893,63.50,20.778
42493,16233,58.00,18.978
42501,32893,63.50,20.778
42503,16233,58.00,18.978
42511,32893,63.50,20.778
42513,16233,58.00,18.978
42521,32893,63.50,20.778
42523,16233,58.00,18.978
42531,32893,63.50,20.778
42533,16233,58.00,18.978
42541,32893,63.50,20.778
42543,16233,58.00,18.978
42551,32893,63.50,20.778
42553,16233,58.00,18.978
42561,32893,63.50,20.778
42563,16233,58.00,18.978
42570,32893,63.50,20.778
42573,16233,58.00,18.978
42581,32893,63.50,20.778
42583,16233,58.00,18.978
42591,32893,63.50,20.778
42593,16233,58.00,18.978
42601,32893,63.50,20.778
42603,16233,58.00,18.978
42611,32893,63.50,20.778
42613,16233,63.50,20.778
42621,32893,63.50,20.778
42623,16233,63.50,20.778
42631,32893,63.50,20.778
42633,16233,63.50,20.778
42641,32893,63.50,20.778
42643,16233,63.50,20.778
42651,32893,63.50,20.778
42653,16233,63.50,20.778
42661,32893,63.50,20.778
42663,16233,63.50,20.778
42671,32893,63.50,20.778
42673,16233,63.50,20.778
42681,32893,63.50,20.778
42683,16233,63.50,20.778
42690,32893,63.50,20.778
42693,16233,63.50,20.778
42701,32893,63.50,20.778
42703,16233,63.50,20.778
42711,32893,63.50,20.778
42713,16233,63.50,20.778
42721,32893,63.50,20.778
42723,16233,63.50,20.778
42731,32893,63.50,20.778
42733,16233,63.50,20.778
42741,32893,63.50,20.778
42744,16233,63.50,20.778
42751,32893,63.50,20.778
42753,16233,63.50,20.778
42761,32893,63.50,20.778
42763,16233,63.50,20.778
42771,32893,63.50,20.778
42773,16233,63.50,20.778
42781,32893,63.50,20.778
42783,16233,63.50,20.778
42791,32893,63.50,20.778
42793,16233,63.50,20.778
42800,32893,63.50,20.778
42803,16233,63.50,20.778
42811,32893,63.50,20.778
42813,16233,63.50,20.778
42821,32893,63.50,20.778
42823,16233,63.50,20.778
42830,32893,63.50,20.778
42833,16233,63.50,20.778
42841,32893,63.50,20.778
42843,16233,63.50,20.778
42851,32893,63.50,20.778
42853,16233,63.50,20.778
42861,32893,63.50,20.778
42863,16233,63.50,20.778
42871,32893,63.50,20.778
42873,16233,63.50,20.778
42881,32893,63.50,20.778
42883,16233,63.50,20.778
42891,32893,63.50,20.778
42893,16233,63.50,20.778
42901,32893,63.50,20.778
42903,16233,63.50,20.778
42910,32893,63.50,20.778
42913,16233,63.50,20.778
42921,32893,63.50,20.778
42923,16233,63.50,20.778
42930,32893,63.50,20.778
42933,16233,63.50,20.778
42941,32893,63.50,20.778
42943,16233,63.50,20.778
42951,32893,63.50,20.778
42953,16233,63.50,20.778
42961,32893,63.50,20.778
42963,16233,63.50,20.778
42970,32893,63.50,20.778
42973,16233,63.50,20.778
42981,32893,63.50,20.778
42983,16233,63.50,20.778
42991,32893,63.50,20.778
42993,16233,63.50,20.778
43001,32893,63.50,20.778
43003,16233,63.50,20.778
43010,32893,63.50,20.778
43013,16233,63.50,20.778
43020,32893,63.50,20.778
43023,16233,63.50,20.778
43030,32893,63.50,20.778
43033,16233,63.50,20.778
43040,32893,63.50,20.778
43043,16233,63.50,20.778
43051,32893,63.50,20.778
43053,16233,63.50,20.778
43060,32893,63.50,20.778
43063,16233,63.50,20.778
43071,32893,63.50,20.778
43073,16233,63.50,20.778
43081,32893,63.50,20.778
43083,16233,63.50,20.778
43090,32893,63.50,20.778
43093,16233,63.50,20.778
43100,32893,63.50,20.778
43103,16233,63.50,20.778
43110,32893,63.50,20.778
43113,16233,63.50,20.778
43121,32893,63.50,20.778
43123,16233,63.50,20.778
43131,32893,63.50,20.778
43133,16233,63.50,20.778
43141,32893,63.50,20.778
43143,16233,63.50,20.778
43150,32893,63.50,20.778
43153,16233,63.50,20.778
43161,32893,63.50,20.778
43163,16233,63.50,20.778
43170,32893,63.50,20.778
43173,16233,63.50,20.778
43181,32893,63.50,20.778
43183,16233,63.50,20.778
43191,32893,63.50,20.778
43193,16233,63.50,20.778
43200,32893,63.50,20.778
43203,16233,63.50,20.778
43211,32893,63.50,20.778
43213,16233,63.50,20.778
43221,32893,63.50,20.778
43223,16233,63.50,20.778
43230,32893,63.50,20.778
43233,16233,63.50,20.778
43241,32893,63.50,20.778
43243,16233,63.50,20.778
43250,32893,63.50,20.778
43253,16233,63.50,20.778
43260,32893,63.50,20.778
43263,16233,63.50,20.778
43270,32893,63.50,20.778
43273,16233,63.50,20.778
43280,32893,63.50,20.778
43283,16233,63.50,20.778
43290,32893,63.50,20.778
43293,16233,63.50,20.778
43301,32893,63.50,20.778
43303,16233,63.50,20.778
43310,32893,63.50,20.778
43313,16233,63.50,20.778
43321,32893,63.50,20.778
43323,16233,63.50,20.778
43330,32893,63.50,20.778
43333,16233,63.50,20.778
43341,32893,63.50,20.778
43343,16233,63.50,20.778
43350,32893,63.50,20.778
43353,16233,63.50,20.778
43361,32893,63.50,20.778
43364,16233,63.50,20.778
43371,32893,63.50,20.778
43373,16233,63.50,20.778
43381,32893,63.50,20.778
43383,16233,63.50,20.778
43391,32893,63.50,20.778
43394,16233,63.50,20.778
43401,32893,63.50,20.778
43403,16233,63.50,20.778
43411,32893,63.50,20.778
43414,16233,63.50,20.778
43421,32893,63.50,20.778
43423,16233,63.50,20.778
43430,32893,63.50,20.778
43433,16233,63.50,20.778
43440,32893,63.50,20.778
43443,16233,63.50,20.778
43451,32893,63.50,20.778
43453,16233,63.50,20.778
43461,32893,63.50,20.778
43463,16233,63.50,20.778
43471,32893,63.50,20.778
43473,16233,63.50,20.778
43481,32893,63.50,20.778
43483,16233,63.50,20.778
43491,32893,63.50,20.778
43493,16233,63.50,20.778
43501,32893,63.50,20.778
43503,16233,63.50,20.778
43510,32893,63.50,20.778
43513,16233,63.50,20.778
43521,32893,63.50,20.778
43523,16233,63.50,20.778
43531,32893,63.50,20.778
43533,16233,63.50,20.778
43541,32893,63.50,20.778
43543,16233,63.50,20.778
43551,32893,63.50,20.778
43554,16233,63.50,20.778
43561,32893,63.50,20.778
43563,16233,63.50,20.778
43571,32893,63.50,20.778
43574,16233,63.50,20.778
43581,32893,63.50,20.778
43584,16233,63.50,20.778
43591,32893,63.50,20.778
43593,16233,63.50,20.778
43601,32893,63.50,20.778
43604,16233,63.50,20.778
43611,32893,63.50,20.778
43613,16233,63.50,20.778
43621,32893,63.50,20.778
43623,16233,63.50,20.778
43631,32893,63.50,20.778
43633,16233,63.50,20.778
43641,32893,63.50,20.778
43643,16233,63.50,20.778
43651,32893,63.50,20.778
43653,16233,63.50,20.778
43661,32893,63.50,20.778
43663,16233,63.50,20.778
43671,32893,63.50,20.778
43673,16233,63.50,20.778
43681,32893,63.50,20.778
43683,16233,63.50,20.778
43691,32893,63.50,20.778
43693,16233,63.50,20.778
43701,32893,63.50,20.778
43704,16233,63.50,20.778
43711,32893,63.50,20.778
43714,16233,63.50,20.778
43721,32893,63.50,20.778
43723,16233,63.50,20.778
43731,32893,63.50,20.778
43733,16233,63.50,20.778
43741,32893,63.50,20.778
43744,16233,63.50,20.778
43751,32893,63.50,20.778
43753,16233,63.50,20.778
43761,32893,63.50,20.778
43763,16233,63.50,20.778
43770,32893,63.50,20.778
43773,16233,63.50,20.778
43781,32893,63.50,20.778
43783,16233,63.50,20.778
43790,32893,63.50,20.778
43794,16233,63.50,20.778
43801,32893,63.50,20.778
43803,16233,63.50,20.778
43811,32893,63.50,20.778
43813,16233,63.50,20.778
43821,32893,63.50,20.778
43823,16233,63.50,20.778
43831,32893,63.50,20.778
43833,16233,63.50,20.778
43841,32893,63.50,20.778
43843,16233,63.50,20.778
43851,32893,63.50,20.778
43853,16233,63.50,20.778
43861,32893,63.50,20.778
43863,16233,63.50,20.778
43871,32893,63.50,20.778
43873,16233,63.50,20.778
43881,32893,63.50,20.778
43883,16233,63.50,20.778
43891,32893,63.50,20.778
43893,16233,63.50,20.778
43902,32893,63.50,20.778
43903,16233,63.50,20.778
43911,32893,63.50,20.778
43913,16233,63.50,20.778
43921,32893,63.50,20.778
43923,16233,63.50,20.778
43931,32893,63.50,20.778
43933,16233,63.50,20.778
43941,32893,63.50,20.778
43943,16233,63.50,20.778
43951,32893,63.50,20.778
43953,16233,63.50,20.778
43961,32893,63.50,20.778
43963,16233,63.50,20.778
43971,32893,63.50,20.778
43973,16233,63.50,20.778
43981,32893,63.50,20.778
43983,16233,63.50,20.778
43991,32893,63.50,20.778
43993,16233,63.50,20.778
44001,32893,63.50,20.778
44003,16233,63.50,20.778
44011,32893,63.50,20.778
44013,16233,63.50,20.778
44021,32893,63.50,20.778
44023,16233,63.50,20.778
44031,32893,63.50,20.778
44033,16233,63.50,20.778
44041,32893,63.50,20.778
44043,16233,63.50,20.778
44051,32893,63.50,20.778
44053,16233,63.50,20.778
44061,32893,63.50,20.778
44063,16233,63.50,20.778
44071,32893,63.50,20.778
44073,16233,63.50,20.778
44081,32893,63.50,20.778
44083,16233,63.50,20.778
44091,32893,63.50,20.778
44093,16233,63.50,20.778
44101,32893,63.50,20.778
44103,16233,63.50,20.778
44111,32893,63.50,20.778
44113,16233,63.50,20.778
44121,32893,63.50,20.778
44123,16233,63.50,20.778
44131,32893,63.50,20.778
44133,16233,63.50,20.778
44141,32893,63.50,20.778
44143,16233,63.50,20.778
44151,32893,63.50,20.778
44153,16233,63.50,20.778
44160,32893,63.50,20.778
44163,16233,63.50,20.778
44170,32893,63.50,20.778
44173,16233,63.50,20.778
44181,32893,63.50,20.778
44183,16233,63.50,20.778
44190,32893,63.50,20.778
44193,16233,63.50,20.778
44201,32893,63.50,20.778
44203,16233,63.50,20.778
44211,32893,63.50,20.778
44213,16233,63.50,20.778
44221,32893,63.50,20.778
44223,16233,63.50,20.778
44231,32893,63.50,20.778
44233,16233,63.50,20.778
44241,32893,63.50,20.778
44243,16233,63.50,20.778
44251,32893,63.50,20.778
44253,16233,63.50,20.778
44261,32893,63.50,20.778
44263,16233,63.50,20.778
44271,32893,63.50,20.778
44273,16233,63.50,20.778
44281,32893,63.50,20.778
44283,16233,63.50,20.778
44291,32893,63.50,20.778
44293,16233,63.50,20.778
44301,32893,63.50,20.778
44303,16233,63.50,20.778
44311,32893,63.50,20.778
44313,16233,63.50,20.778
44321,32893,63.50,20.778
44323,16233,63.50,20.778
44331,32893,63.50,20.778
44333,16233,63.50,20.778
44341,32893,63.50,20.778
44343,16233,63.50,20.778
44350,32893,63.50,20.778
44353,16233,63.50,20.778
44361,32893,63.50,20.778
44363,16233,63.50,20.778
44371,32893,63.50,20.778
44373,16233,63.50,20.778
44380,32893,63.50,20.778
44383,16233,63.50,20.778
44391,32893,63.50,20.778
44393,16233,63.50,20.778
44401,32893,63.50,20.778
44403,16233,63.50,20.778
44410,32893,63.50,20.778
44413,16233,63.50,20.778
44421,32893,63.50,20.778
44423,16233,63.50,20.778
44431,32893,63.50,20.778
44433,16233,63.50,20.778
44441,32893,63.50,20.778
44443,16233,63.50,20.778
44451,32893,63.50,20.778
44453,16233,63.50,20.778
44461,32893,63.50,20.778
44463,16233,63.50,20.778
44471,32893,63.50,20.778
44474,16233,63.50,20.778
44481,32893,63.50,20.778
44483,16233,63.50,20.778
44491,32893,63.50,20.778
44493,16233,63.50,20.778
44500,32893,63.50,20.778
44503,16233,63.50,20.778
44511,32893,63.50,20.778
44513,16233,63.50,20.778
44521,32893,63.50,20.778
44523,16233,63.50,20.778
44531,32893,63.50,20.778
44533,16233,63.50,20.778
44541,32893,63.50,20.778
44543,16233,63.50,20.778
44551,32893,63.50,20.778
44554,16233,63.50,20.778
44560,32893,63.50,20.778
44563,16233,63.50,20.778
44571,32893,63.50,20.778
44573,16233,63.50,20.778
44580,32893,63.50,20.778
44583,16233,63.50,20.778
44590,32893,63.50,20.778
44593,16233,63.50,20.778
44601,32893,63.50,20.778
44603,16233,63.50,20.778
44610,32893,63.50,20.778
44613,16233,63.50,20.778
44620,32893,63.50,20.778
44623,16233,63.50,20.778
44631,32893,63.50,20.778
44633,16233,63.50,20.778
44640,32893,63.50,20.778
44643,16233,63.50,20.778
44651,32893,63.50,20.778
44653,16233,63.50,20.778
44660,32893,63.50,20.778
44663,16233,63.50,20.778
44670,32893,63.50,20.778
44674,16233,63.50,20.778
44681,32893,63.50,20.778
44683,16233,63.50,20.778
44691,32893,63.50,20.778
44693,16233,63.50,20.778
44701,32893,63.50,20.778
44703,16233,63.50,20.778
44710,32893,63.50,20.778
44713,16233,63.50,20.778
44721,32893,63.50,20.778
44723,16233,63.50,20.778
44731,32893,63.50,20.778
44733,16233,63.50,20.778
44741,32893,63.50,20.778
44743,16233,63.50,20.778
44750,32893,63.50,20.778
44753,16233,63.50,20.778
44761,32893,63.50,20.778
44763,16233,63.50,20.778
44771,32893,63.50,20.778
44773,16233,63.50,20.778
44781,32893,63.50,20.778
44783,16233,63.50,20.778
44791,32893,63.50,20.778
44793,16233,63.50,20.778
44801,32893,63.50,20.778
44803,16233,63.50,20.778
44811,32893,63.50,20.778
44813,16233,63.50,20.778
44821,32893,63.50,20.778
44823,16233,63.50,20.778
44831,32893,63.50,20.778
44833,16233,63.50,20.778
44841,32893,63.50,20.778
44843,16233,63.50,20.778
44851,32893,63.50,20.778
44853,16233,63.50,20.778
44861,32893,63.50,20.778
44863,16233,63.50,20.778
44871,32893,63.50,20.778
44874,16233,63.50,20.778
44880,32893,63.50,20.778
44883,16233,63.50,20.778
44891,32893,63.50,20.778
44893,16233,63.50,20.778
44901,32893,63.50,20.778
44903,16233,63.50,20.778
44911,32893,63.50,20.778
44913,16233,63.50,20.778
44921,32893,63.50,20.778
44923,16233,63.50,20.778
44931,32893,63.50,20.778
44933,16233,63.50,20.778
44941,32893,63.50,20.778
44943,16233,63.50,20.778
44951,32893,63.50,20.778
44953,16233,63.50,20.778
44961,32893,63.50,20.778
44963,16233,63.50,20.778
44970,32893,63.50,20.778
44973,16233,63.50,20.778
44981,32893,63.50,20.778
44983,16233,63.50,20.778
44991,32893,63.50,20.778
44993,16233,63.50,20.778
45001,32893,63.50,20.778
45003,16233,63.50,20.778
45011,32893,63.50,20.778
45013,16233,63.50,20.778
45020,32893,63.50,20.778
45023,16233,63.50,20.778
45030,32893,63.50,20.778
45033,16233,63.50,20.778
45040,32893,63.50,20.778
45043,16233,63.50,20.778
45050,32893,63.50,20.778
45053,16233,63.50,20.778
45060,32893,63.50,20.778
45063,16233,63.50,20.778
45070,32893,63.50,20.778
45073,16233,63.50,20.778
45081,32893,63.50,20.778
45083,16233,63.50,20.778
45091,32893,63.50,20.778
45093,16233,63.50,20.778
45101,32893,63.50,20.778
45103,16233,63.50,20.778
45111,32893,63.50,20.778
45113,16233,63.50,20.778
45121,32893,63.50,20.778
45123,16233,63.50,20.778
45131,32893,63.50,20.778
45133,16233,63.50,20.778
45141,32893,63.50,20.778
45143,16233,63.50,20.778
45151,32893,63.50,20.778
45153,16233,63.50,20.778
45160,32893,63.50,20.778
45163,16233,63.50,20.778
45171,32893,63.50,20.778
45173,16233,63.50,20.778
45180,32893,63.50,20.778
45183,16233,63.50,20.778
45190,32893,63.50,20.778
45193,16233,63.50,20.778
45200,32893,63.50,20.778
45203,16233,63.50,20.778
45211,32893,63.50,20.778
45213,16233,63.50,20.778
45221,32893,63.50,20.778
45223,16233,63.50,20.778
45231,32893,63.50,20.778
45233,16233,63.50,20.778
45240,32893,63.50,20.778
45243,16233,63.50,20.778
45251,32893,63.50,20.778
45253,16233,63.50,20.778
45261,32893,63.50,20.778
45263,16233,63.50,20.778
45271,32893,63.50,20.778
45273,16233,63.50,20.778
45281,32893,63.50,20.778
45283,16233,63.50,20.778
45291,32893,63.50,20.778
45293,16233,63.50,20.778
45300,32893,63.50,20.778
45303,16233,63.50,20.778
45310,32893,63.50,20.778
45313,16233,63.50,20.778
45320,32893,63.50,20.778
45323,16233,63.50,20.778
45330,32893,63.50,20.778
45333,16233,63.50,20.778
45341,32893,63.50,20.778
45343,16233,63.50,20.778
45351,32893,63.50,20.778
45353,16233,63.50,20.778
45361,32893,63.50,20.778
45364,16233,63.50,20.778
45370,32893,63.50,20.778
45373,16233,63.50,20.778
45381,32893,63.50,20.778
45383,16233,63.50,20.778
45391,32893,63.50,20.778
45393,16233,63.50,20.778
45401,32893,63.50,20.778
45403,16233,63.50,20.778
45411,32893,63.50,20.778
45413,16233,63.50,20.778
45421,32893,63.50,20.778
45423,16233,63.50,20.778
45431,32893,63.50,20.778
45433,16233,63.50,20.778
45441,32893,63.50,20.778
45443,16233,63.50,20.778
45451,32893,63.50,20.778
45453,16233,63.50,20.778
45461,32893,63.50,20.778
45463,16233,63.50,20.778
45471,32893,63.50,20.778
45473,16233,63.50,20.778
45480,32893,63.50,20.778
45483,16233,63.50,20.778
45491,32893,63.50,20.778
45493,16233,63.50,20.778
45501,32893,63.50,20.778
45503,16233,63.50,20.778
45510,32893,63.50,20.778
45513,16233,63.50,20.778
45520,32893,63.50,20.778
45523,16233,63.50,20.778
45531,32893,63.50,20.778
45533,16233,63.50,20.778
45541,32893,63.50,20.778
45543,16233,63.50,20.778
45551,32893,63.50,20.778
45553,16233,63.50,20.778
45561,32893,63.50,20.778
45563,16233,63.50,20.778
45571,32893,63.50,20.778
45573,16233,63.50,20.778
45581,32893,63.50,20.778
45583,16233,63.50,20.778
45591,32893,63.50,20.778
45593,16233,63.50,20.778
45601,32893,63.50,20.778
45603,16233,63.50,20.778
45611,32893,63.50,20.778
45613,16233,63.50,20.778
45620,32893,63.50,20.778
45623,16233,63.50,20.778
45630,32893,63.50,20.778
45633,16233,63.50,20.778
45641,32893,63.50,20.778
45643,16233,63.50,20.778
45651,32893,63.50,20.778
45653,16233,63.50,20.778
45661,32893,63.50,20.778
45663,16233,63.50,20.778
45671,32893,63.50,20.778
45673,16233,63.50,20.778
45681,32893,63.50,20.778
45683,16233,63.50,20.778
45691,32893,63.50,20.778
45693,16233,63.50,20.778
45701,32893,63.50,20.778
45703,16233,63.50,20.778
45711,32893,63.50,20.778
45713,16233,63.50,20.778
45721,32893,63.50,20.778
45723,16233,63.50,20.778
45731,32893,63.50,20.778
45733,16233,63.50,20.778
45741,32893,63.50,20.778
45743,16233,63.50,20.778
45751,32893,63.50,20.778
45753,16233,63.50,20.778
45761,32893,63.50,20.778
45763,16233,63.50,20.778
45771,32893,63.50,20.778
45773,16233,63.50,20.778
45782,32893,63.50,20.778
45783,16233,63.50,20.778
45791,32893,63.50,20.778
45793,16233,63.50,20.778
45801,32893,63.50,20.778
45803,16233,63.50,20.778
45810,32893,63.50,20.778
45813,16233,63.50,20.778
45821,32893,63.50,20.778
45823,16233,63.50,20.778
45830,32893,63.50,20.778
45833,16233,63.50,20.778
45841,32893,63.50,20.778
45843,16233,63.50,20.778
45851,32893,63.50,20.778
45853,16233,63.50,20.778
45861,32893,63.50,20.778
45863,16233,63.50,20.778
45870,32893,63.50,20.778
45873,16233,63.50,20.778
45881,32893,63.50,20.778
45883,16233,63.50,20.778
45891,32893,63.50,20.778
45893,16233,63.50,20.778
45901,32893,63.50,20.778
45903,16233,63.50,20.778
45910,32893,63.50,20.778
45913,16233,63.50,20.778
45921,32893,63.50,20.778
45923,16233,63.50,20.778
45931,32893,63.50,20.778
45933,16233,63.50,20.778
45941,32893,63.50,20.778
45943,16233,63.50,20.778
45951,32893,63.50,20.778
45953,16233,63.50,20.778
45961,32893,63.50,20.778
45963,16233,63.50,20.778
45971,32893,63.50,20.778
45973,16233,63.50,20.778
45981,32893,63.50,20.778
45983,16233,63.50,20.778
45990,32893,63.50,20.778
45993,16233,63.50,20.778
46001,32893,63.50,20.778
46003,16233,63.50,20.778
46010,32893,63.50,20.778
46013,16233,63.50,20.778
46021,32893,63.50,20.778
46023,16233,63.50,20.778
46031,32893,63.50,20.778
46033,16233,63.50,20.778
46041,32893,63.50,20.778
46043,16233,63.50,20.778
46051,32893,63.50,20.778
46053,16233,63.50,20.778
46061,32893,63.50,20.778
46063,16233,63.50,20.778
46071,32893,63.50,20.778
46073,16233,63.50,20.778
46081,32893,63.50,20.778
46083,16233,63.50,20.778
46091,32893,63.50,20.778
46093,16233,63.50,20.778
46101,32893,63.50,20.778
46103,16233,63.50,20.778
46111,32893,63.50,20.778
46113,16233,63.50,20.778
46121,32893,63.50,20.778
46123,16233,63.50,20.778
46131,32893,63.50,20.778
46133,16233,63.50,20.778
46140,32893,63.50,20.778
46143,16233,63.50,20.778
46151,32893,63.50,20.778
46153,16233,63.50,20.778
46161,32893,63.50,20.778
46163,16233,63.50,20.778
46171,32893,63.50,20.778
46173,16233,63.50,20.778
46181,32893,63.50,20.778
46183,16233,63.50,20.778
46191,32893,63.50,20.778
46193,16233,63.50,20.778
46201,32893,63.50,20.778
46203,16233,63.50,20.778
46211,32893,63.50,20.778
46213,16233,63.50,20.778
46221,32893,63.50,20.778
46223,16233,63.50,20.778
46231,32893,63.50,20.778
46233,16233,63.50,20.778
46241,32893,63.50,20.778
46243,16233,63.50,20.778
46251,32893,63.50,20.778
46253,16233,63.50,20.778
46261,32893,63.50,20.778
46263,16233,63.50,20.778
46271,32893,63.50,20.778
46273,16233,63.50,20.778
46281,32893,63.50,20.778
46283,16233,63.50,20.778
46291,32893,63.50,20.778
46293,16233,63.50,20.778
46301,32893,63.50,20.778
46303,16233,63.50,20.778
46311,32893,63.50,20.778
46313,16233,63.50,20.778
46321,32893,63.50,20.778
46323,16233,63.50,20.778
46331,32893,63.50,20.778
46334,16233,63.50,20.778
46341,32893,63.50,20.778
46343,16233,63.50,20.778
46351,32893,63.50,20.778
46353,16233,63.50,20.778
46361,32893,63.50,20.778
46364,16233,63.50,20.778
46371,32893,63.50,20.778
46373,16233,63.50,20.778
46380,32893,63.50,20.778
46383,16233,63.50,20.778
46391,32893,63.50,20.778
46393,16233,63.50,20.778
46401,32893,63.50,20.778
46403,16233,63.50,20.778
46410,32893,63.50,20.778
46413,16233,63.50,20.778
46421,32893,63.50,20.778
46423,16233,63.50,20.778
46430,32893,63.50,20.778
46433,16233,63.50,20.778
46441,32893,63.50,20.778
46443,16233,63.50,20.778
46451,32893,63.50,20.778
46453,16233,63.50,20.778
46461,32893,63.50,20.778
46463,16233,63.50,20.778
46471,32893,63.50,20.778
46473,16233,63.50,20.778
46481,32893,63.50,20.778
46483,16233,63.50,20.778
46490,32893,63.50,20.778
46493,16233,63.50,20.778
46501,32893,63.50,20.778
46503,16233,63.50,20.778
46511,32893,63.50,20.778
46513,16233,63.50,20.778
46521,32893,63.50,20.778
46523,16233,63.50,20.778
46531,32893,63.50,20.778
46533,16233,63.50,20.778
46541,32893,63.50,20.778
46543,16233,63.50,20.778
46550,32893,63.50,20.778
46553,16233,63.50,20.778
46561,32893,63.50,20.778
46563,16233,63.50,20.778
46571,32893,63.50,20.778
46573,16233,63.50,20.778
46581,32893,63.50,20.778
46583,16233,63.50,20.778
46591,32893,63.50,20.778
46593,16233,63.50,20.778
46601,32893,63.50,20.778
46603,16233,63.50,20.778
46611,32893,63.50,20.778
46614,16233,63.50,20.778
46621,32893,63.50,20.778
46623,16233,63.50,20.778
46631,32893,63.50,20.778
46633,16233,63.50,20.778
46641,32893,63.50,20.778
46643,16233,63.50,20.778
46651,32893,63.50,20.778
46653,16233,63.50,20.778
46661,32893,63.50,20.778
46663,16233,63.50,20.778
46671,32893,63.50,20.778
46673,16233,63.50,20.778
46681,32893,63.50,20.778
46683,16233,63.50,20.778
46691,32893,63.50,20.778
46693,16233,63.50,20.778
46701,32893,63.50,20.778
46703,16233,63.50,20.778
46711,32893,63.50,20.778
46713,16233,63.50,20.778
46721,32893,63.50,20.778
46723,16233,63.50,20.778
46731,32893,63.50,20.778
46733,16233,63.50,20.778
46741,32893,63.50,20.778
46743,16233,63.50,20.778
46751,32893,63.50,20.778
46753,16233,63.50,20.778
46761,32893,63.50,20.778
46763,16233,63.50,20.778
46771,32893,63.50,20.778
46773,16233,63.50,20.778
46781,32893,63.50,20.778
46784,16233,63.50,20.778
46791,32893,63.50,20.778
46793,16233,63.50,20.778
46801,32893,63.50,20.778
46803,16233,63.50,20.778
46811,32893,63.50,20.778
46813,16233,63.50,20.778
46820,32893,63.50,20.778
46823,16233,63.50,20.778
46831,32893,63.50,20.778
46833,16233,63.50,20.778
46841,32893,63.50,20.778
46843,16233,63.50,20.778
46851,32893,63.50,20.778
46853,16233,63.50,20.778
46860,32893,63.50,20.778
46863,16233,63.50,20.778
46871,32893,63.50,20.778
46873,16233,63.50,20.778
46881,32893,63.50,20.778
46883,16233,63.50,20.778
46891,32893,63.50,20.778
46893,16233,63.50,20.778
46901,32893,63.50,20.778
46903,16233,63.50,20.778
46911,32893,63.50,20.778
46913,16233,63.50,20.778
46921,32893,63.50,20.778
46924,16233,63.50,20.778
46931,32893,63.50,20.778
46933,16233,63.50,20.778
46941,32893,63.50,20.778
46943,16233,63.50,20.778
46951,32893,63.50,20.778
46953,16233,63.50,20.778
46961,32893,63.50,20.778
46963,16233,63.50,20.778
46971,32893,63.50,20.778
46973,16233,63.50,20.778
46980,32893,63.50,20.778
46983,16233,63.50,20.778
46991,32893,63.50,20.778
46993,16233,63.50,20.778
47001,32893,63.50,20.778
47003,16233,63.50,20.778
47010,32893,63.50,20.778
47013,16233,63.50,20.778
47020,32893,63.50,20.778
47023,16233,63.50,20.778
47031,32893,63.50,20.778
47033,16233,63.50,20.778
47041,32893,63.50,20.778
47043,16233,63.50,20.778
47051,32893,63.50,20.778
47053,16233,63.50,20.778
47061,32893,63.50,20.778
47063,16233,63.50,20.778
47070,32893,63.50,20.778
47073,16233,63.50,20.778
47081,32893,63.50,20.778
47083,16233,63.50,20.778
47090,32893,63.50,20.778
47093,16233,63.50,20.778
47101,32893,63.50,20.778
47103,16233,63.50,20.778
47111,32893,63.50,20.778
47113,16233,63.50,20.778
47121,32893,63.50,20.778
47123,16233,63.50,20.778
47130,32893,63.50,20.778
47133,16233,63.50,20.778
47141,32893,63.50,20.778
47143,16233,63.50,20.778
47151,32893,63.50,20.778
47153,16233,63.50,20.778
47161,32893,63.50,20.778
47163,16233,63.50,20.778
47171,32893,63.50,20.778
47173,16233,63.50,20.778
47181,32893,63.50,20.778
47183,16233,63.50,20.778
47191,32893,63.50,20.778
47193,16233,63.50,20.778
47201,32893,63.50,20.778
47204,16233,63.50,20.778
47211,32893,63.50,20.778
47213,16233,63.50,20.778
47221,32893,63.50,20.778
47223,16233,63.50,20.778
47231,32893,63.50,20.778
47233,16233,63.50,20.778
47241,32893,63.50,20.778
47243,16233,63.50,20.778
47250,32893,63.50,20.778
47253,16233,63.50,20.778
47261,32893,63.50,20.778
47263,16233,63.50,20.778
47271,32893,63.50,20.778
47273,16233,63.50,20.778
47281,32893,63.50,20.778
47283,16233,63.50,20.778
47291,32893,63.50,20.778
47294,16233,63.50,20.778
47301,32893,63.50,20.778
47303,16233,63.50,20.778
47311,32893,63.50,20.778
47313,16233,63.50,20.778
47321,32893,63.50,20.778
47323,16233,63.50,20.778
47331,32893,63.50,20.778
47333,16233,63.50,20.778
47341,32893,63.50,20.778
47343,16233,63.50,20.778
47351,32893,63.50,20.778
47353,16233,63.50,20.778
47360,32893,63.50,20.778
47364,16233,63.50,20.778
47371,32893,63.50,20.778
47373,16233,63.50,20.778
47381,32893,63.50,20.778
47383,16233,63.50,20.778
47391,32893,63.50,20.778
47393,16233,63.50,20.778
47401,32893,63.50,20.778
47403,16233,63.50,20.778
47411,32893,63.50,20.778
47413,16233,63.50,20.778
47421,32893,63.50,20.778
47423,16233,63.50,20.778
47431,32893,63.50,20.778
47433,16233,63.50,20.778
47441,32893,63.50,20.778
47443,16233,63.50,20.778
47451,32893,63.50,20.778
47453,16233,63.50,20.778
47461,32893,63.50,20.778
47463,16233,63.50,20.778
47471,32893,63.50,20.778
47473,16233,63.50,20.778
47480,32893,63.50,20.778
47483,16233,63.50,20.778
47491,32893,63.50,20.778
47493,16233,63.50,20.778
47501,32893,63.50,20.778
47503,16233,63.50,20.778
47510,32893,63.50,20.778
47513,16233,63.50,20.778
47521,32893,63.50,20.778
47523,16233,63.50,20.778
47530,32893,63.50,20.778
47533,16233,63.50,20.778
47541,32893,63.50,20.778
47543,16233,63.50,20.778
47551,32893,63.50,20.778
47553,16233,63.50,20.778
47561,32893,63.50,20.778
47563,16233,63.50,20.778
47570,32893,63.50,20.778
47573,16233,63.50,20.778
47581,32893,63.50,20.778
47583,16233,63.50,20.778
47590,32893,63.50,20.778
47593,16233,63.50,20.778
47600,32893,63.50,20.778
47603,16233,63.50,20.778
47611,32893,63.50,20.778
47613,16233,63.50,20.778
47621,32893,63.50,20.778
47623,16233,63.50,20.778
47631,32893,63.50,20.778
47633,16233,63.50,20.778
47641,32893,63.50,20.778
47643,16233,63.50,20.778
47651,32893,63.50,20.778
47653,16233,63.50,20.778
47661,32893,63.50,20.778
47663,16233,63.50,20.778
47670,32893,63.50,20.778
47673,16233,63.50,20.778
47681,32893,63.50,20.778
47683,16233,63.50,20.778
47691,32893,63.50,20.778
47693,16233,63.50,20.778
47701,32893,63.50,20.778
47703,16233,63.50,20.778
47710,32893,63.50,20.778
47713,16233,63.50,20.778
47720,32893,63.50,20.778
47723,16233,63.50,20.778
47731,32893,63.50,20.778
47733,16233,63.50,20.778
47740,32893,63.50,20.778
47743,16233,63.50,20.778
47751,32893,63.50,20.778
47753,16233,63.50,20.778
47760,32893,63.50,20.778
47763,16233,63.50,20.778
47771,32893,63.50,20.778
47773,16233,63.50,20.778
47781,32893,63.50,20.778
47783,16233,63.50,20.778
47791,32893,63.50,20.778
47793,16233,63.50,20.778
47801,32893,63.50,20.778
47803,16233,63.50,20.778
47811,32893,63.50,20.778
47813,16233,63.50,20.778
47821,32893,63.50,20.778
47823,16233,63.50,20.778
47831,32893,63.50,20.778
47833,16233,63.50,20.778
47841,32893,63.50,20.778
47843,16233,63.50,20.778
47850,32893,63.50,20.778
47853,16233,63.50,20.778
47860,32893,63.50,20.778
47863,16233,63.50,20.778
47870,32893,63.50,20.778
47873,16233,63.50,20.778
47880,32893,63.50,20.778
47883,16233,63.50,20.778
47890,32893,63.50,20.778
47893,16233,63.50,20.778
47901,32893,63.50,20.778
47903,16233,63.50,20.778
47910,32893,63.50,20.778
47913,16233,63.50,20.778
47920,32893,63.50,20.778
47923,16233,63.50,20.778
47930,32893,63.50,20.778
47933,16233,63.50,20.778
47940,32893,63.50,20.778
47943,16233,63.50,20.778
47950,32893,63.50,20.778
47953,16233,63.50,20.778
47961,32893,63.50,20.778
47963,16233,63.50,20.778
47971,32893,63.50,20.778
47973,16233,63.50,20.778
47981,32893,63.50,20.778
47983,16233,63.50,20.778
47990,32893,63.50,20.778
47993,16233,63.50,20.778
48000,32893,63.50,20.778
48003,16233,63.50,20.778
48011,32893,63.50,20.778
48013,16233,63.50,20.778
48020,32893,63.50,20.778
48023,16233,63.50,20.778
48030,32893,63.50,20.778
48033,16233,63.50,20.778
48041,32893,63.50,20.778
48043,16233,63.50,20.778
48050,32893,63.50,20.778
48053,16233,63.50,20.778
48061,32893,63.50,20.778
48063,16233,63.50,20.778
48071,32893,63.50,20.778
48073,16233,63.50,20.778
48081,32893,63.50,20.778
48083,16233,63.50,20.778
48091,32893,63.50,20.778
48093,16233,63.50,20.778
48101,32893,63.50,20.778
48103,16233,63.50,20.778
48111,32893,63.50,20.778
48113,16233,63.50,20.778
48121,32893,63.50,20.778
48123,16233,63.50,20.778
48131,32893,63.50,20.778
48134,16233,63.50,20.778
48141,32893,63.50,20.778
48143,16233,63.50,20.778
48151,32893,63.50,20.778
48153,16233,63.50,20.778
48161,32893,63.50,20.778
48163,16233,63.50,20.778
48171,32893,63.50,20.778
48173,16233,63.50,20.778
48181,32893,63.50,20.778
48183,16233,63.50,20.778
48191,32893,63.50,20.778
48193,16233,63.50,20.778
48201,32893,63.50,20.778
48203,16233,63.50,20.778
48211,32893,63.50,20.778
48213,16233,63.50,20.778
48221,32893,63.50,20.778
48223,16233,63.50,20.778
48232,32893,63.50,20.778
48233,16233,63.50,20.778
48241,32893,63.50,20.778
48243,16233,63.50,20.778
48251,32893,63.50,20.778
48253,16233,63.50,20.778
48261,32893,63.50,20.778
48263,16233,63.50,20.778
48271,32893,63.50,20.778
48273,16233,63.50,20.778
48281,32893,63.50,20.778
48283,16233,63.50,20.778
48291,32893,63.50,20.778
48293,16233,63.50,20.778
48301,32893,63.50,20.778
48303,16233,63.50,20.778
48311,32893,63.50,20.778
48313,16233,63.50,20.778
48321,32893,63.50,20.778
48323,16233,63.50,20.778
48331,32893,63.50,20.778
48333,16233,63.50,20.778
48341,32893,63.50,20.778
48343,16233,63.50,20.778
48351,32893,63.50,20.778
48353,16233,63.50,20.778
48361,32893,63.50,20.778
48364,16233,63.50,20.778
48371,32893,63.50,20.778
48373,16233,63.50,20.778
48381,32893,63.50,20.778
48383,16233,63.50,20.778
48391,32893,63.50,20.778
48394,16233,63.50,20.778
48401,32893,63.50,20.778
48403,16233,63.50,20.778
48411,32893,63.50,20.778
48413,16233,63.50,20.778
48421,32893,63.50,20.778
48423,16233,63.50,20.778
48431,32893,63.50,20.778
48433,16233,63.50,20.778
48441,32893,63.50,20.778
48443,16233,63.50,20.778
48450,32893,63.50,20.778
48453,16233,63.50,20.778
48460,32893,63.50,20.778
48463,16233,63.50,20.778
48470,32893,63.50,20.778
48473,16233,63.50,20.778
48480,32893,63.50,20.778
48483,16233,63.50,20.778
48491,32893,63.50,20.778
48493,16233,63.50,20.778
48501,32893,63.50,20.778
48503,16233,63.50,20.778
48511,32893,63.50,20.778
48513,16233,63.50,20.778
48521,32893,63.50,20.778
48523,16233,63.50,20.778
48531,32893,63.50,20.778
48533,16233,63.50,20.778
48541,32893,63.50,20.778
48543,16233,63.50,20.778
48551,32893,63.50,20.778
48553,16233,63.50,20.778
48561,32893,63.50,20.778
48563,16233,63.50,20.778
48571,32893,63.50,20.778
48573,16233,63.50,20.778
48581,32893,63.50,20.778
48583,16233,63.50,20.778
48591,32893,63.50,20.778
48593,16233,63.50,20.778
48601,32893,63.50,20.778
48603,16233,63.50,20.778
48611,32893,63.50,20.778
48613,16233,63.50,20.778
48621,32893,63.50,20.778
48623,16233,63.50,20.778
48631,32893,63.50,20.778
48633,16233,63.50,20.778
48641,32893,63.50,20.778
48643,16233,63.50,20.778
48651,32893,63.50,20.778
48653,16233,63.50,20.778
48661,32893,63.50,20.778
48663,16233,63.50,20.778
48671,32893,63.50,20.778
48673,16233,63.50,20.778
48681,32893,63.50,20.778
48683,16233,63.50,20.778
48691,32893,63.50,20.778
48693,16233,63.50,20.778
48701,32893,63.50,20.778
48703,16233,63.50,20.778
48711,32893,63.50,20.778
48713,16233,63.50,20.778
48721,32893,63.50,20.778
48723,16233,63.50,20.778
48731,32893,63.50,20.778
48733,16233,63.50,20.778
48741,32893,63.50,20.778
48743,16233,63.50,20.778
48751,32893,63.50,20.778
48753,16233,63.50,20.778
48761,32893,63.50,20.778
48763,16233,63.50,20.778
48771,32893,63.50,20.778
48773,16233,63.50,20.778
48781,32893,63.50,20.778
48783,16233,63.50,20.778
48791,32893,63.50,20.778
48793,16233,63.50,20.778
48801,32893,63.50,20.778
48803,16233,63.50,20.778
48810,32893,63.50,20.778
48813,16233,63.50,20.778
48821,32893,63.50,20.778
48823,16233,63.50,20.778
48831,32893,63.50,20.778
48833,16233,63.50,20.778
48841,32893,63.50,20.778
48843,16233,63.50,20.778
48850,32893,63.50,20.778
48853,16233,63.50,20.778
48860,32893,63.50,20.778
48863,16233,63.50,20.778
48870,32893,63.50,20.778
48873,16233,63.50,20.778
48881,32893,63.50,20.778
48883,16233,63.50,20.778
48891,32893,63.50,20.778
48893,16233,63.50,20.778
48901,32893,63.50,20.778
48903,16233,63.50,20.778
48911,32893,63.50,20.778
48913,16233,63.50,20.778
48921,32893,63.50,20.778
48923,16233,63.50,20.778
48931,32893,63.50,20.778
48933,16233,63.50,20.778
48941,32893,63.50,20.778
48943,16233,63.50,20.778
48951,32893,63.50,20.778
48953,16233,63.50,20.778
48961,32893,63.50,20.778
48963,16233,63.50,20.778
48970,32893,63.50,20.778
48973,16233,63.50,20.778
48981,32893,63.50,20.778
48983,16233,63.50,20.778
48991,32893,63.50,20.778
48993,16233,63.50,20.778
49001,32893,63.50,20.778
49003,16233,63.50,20.778
49011,32893,63.50,20.778
49013,16233,63.50,20.778
49021,32893,63.50,20.778
49023,16233,63.50,20.778
49031,32893,63.50,20.778
49033,16233,63.50,20.778
49041,32893,63.50,20.778
49043,16233,63.50,20.778
49051,32893,63.50,20.778
49053,16233,63.50,20.778
49061,32893,63.50,20.778
49063,16233,63.50,20.778
49071,32893,63.50,20.778
49073,16233,63.50,20.778
49081,32893,63.50,20.778
49083,16233,63.50,20.778
49091,32893,63.50,20.778
49093,16233,63.50,20.778
49101,32893,63.50,20.778
49103,16233,63.50,20.778
49111,32893,63.50,20.778
49113,16233,63.50,20.778
49121,32893,63.50,20.778
49123,16233,63.50,20.778
49131,32893,63.50,20.778
49133,16233,63.50,20.778
49140,32893,63.50,20.778
49143,16233,63.50,20.778
49151,32893,63.50,20.778
49153,16233,63.50,20.778
49161,32893,63.50,20.778
49163,16233,63.50,20.778
49171,32893,63.50,20.778
49173,16233,63.50,20.778
49181,32893,63.50,20.778
49183,16233,63.50,20.778
49191,32893,63.50,20.778
49193,16233,63.50,20.778
49201,32893,63.50,20.778
49203,16233,63.50,20.778
49211,32893,63.50,20.778
49213,16233,63.50,20.778
49221,32893,63.50,20.778
49223,16233,63.50,20.778
49231,32893,63.50,20.778
49233,16233,63.50,20.778
49241,32893,63.50,20.778
49243,16233,63.50,20.778
49251,32893,63.50,20.778
49253,16233,63.50,20.778
49261,32893,63.50,20.778
49263,16233,63.50,20.778
49270,32893,63.50,20.778
49273,16233,63.50,20.778
49281,32893,63.50,20.778
49283,16233,63.50,20.778
49291,32893,63.50,20.778
49293,16233,63.50,20.778
49301,32893,63.50,20.778
49303,16233,63.50,20.778
49311,32893,63.50,20.778
49313,16233,63.50,20.778
49321,32893,63.50,20.778
49323,16233,63.50,20.778
49331,32893,63.50,20.778
49333,16233,63.50,20.778
49341,32893,63.50,20.778
49343,16233,63.50,20.778
49351,32893,63.50,20.778
49353,16233,63.50,20.778
49361,32893,63.50,20.778
49363,16233,63.50,20.778
49370,32893,63.50,20.778
49373,16233,63.50,20.778
49381,32893,63.50,20.778
49383,16233,63.50,20.778
49390,32893,63.50,20.778
49393,16233,63.50,20.778
49401,32893,63.50,20.778
49403,16233,63.50,20.778
49410,32893,63.50,20.778
49413,16233,63.50,20.778
49421,32893,63.50,20.778
49423,16233,63.50,20.778
49431,32893,63.50,20.778
49433,16233,63.50,20.778
49441,32893,63.50,20.778
49443,16233,63.50,20.778
49451,32893,63.50,20.778
49453,16233,63.50,20.778
49460,32893,63.50,20.778
49463,16233,63.50,20.778
49470,32893,63.50,20.778
49474,16233,63.50,20.778
49481,32893,63.50,20.778
49483,16233,63.50,20.778
49491,32893,63.50,20.778
49493,16233,63.50,20.778
49501,32893,63.50,20.778
49503,16233,63.50,20.778
49511,32893,59.00,19.305
49513,16233,63.50,20.778
49521,32893,59.00,19.305
49523,16233,63.50,20.778
49532,32893,59.00,19.305
49533,16233,63.50,20.778
49541,32893,59.00,19.305
49543,16233,63.50,20.778
49551,32893,59.00,19.305
49553,16233,63.50,20.778
49561,32893,59.00,19.305
49563,16233,63.50,20.778
49571,32893,59.00,19.305
49573,16233,63.50,20.778
49581,32893,59.00,19.305
49583,16233,63.50,20.778
49591,32893,59.00,19.305
49593,16233,63.50,20.778
49601,32893,59.00,19.305
49603,16233,63.50,20.778
49611,32893,59.00,19.305
49613,16233,63.50,20.778
49621,32893,59.00,19.305
49623,16233,63.50,20.778
49631,32893,59.00,19.305
49633,16233,63.50,20.778
49641,32893,59.00,19.305
49643,16233,63.50,20.778
49651,32893,59.00,19.305
49653,16233,63.50,20.778
49661,32893,59.00,19.305
49663,16233,63.50,20.778
49671,32893,59.00,19.305
49673,16233,63.50,20.778
49681,32893,59.00,19.305
49683,16233,63.50,20.778
49691,32893,59.00,19.305
49693,16233,63.50,20.778
49701,32893,59.00,19.305
49703,16233,63.50,20.778
49711,32893,59.00,19.305
49713,16233,63.50,20.778
49721,32893,59.00,19.305
49723,16233,63.50,20.778
49730,32893,59.00,19.305
49733,16233,63.50,20.778
49741,32893,59.00,19.305
49743,16233,63.50,20.778
49751,32893,59.00,19.305
49753,16233,63.50,20.778
49761,32893,59.00,19.305
49763,16233,63.50,20.778
49770,32893,59.00,19.305
49773,16233,63.50,20.778
49781,32893,59.00,19.305
49783,16233,63.50,20.778
49791,32893,59.00,19.305
49793,16233,63.50,20.778
49801,32893,59.00,19.305
49803,16233,63.50,20.778
49811,32893,59.00,19.305
49813,16233,63.50,20.778
49821,32893,59.00,19.305
49823,16233,63.50,20.778
49831,32893,59.00,19.305
49833,16233,63.50,20.778
49841,32893,59.00,19.305
49843,16233,63.50,20.778
49850,32893,59.00,19.305
49853,16233,63.50,20.778
49861,32893,59.00,19.305
49863,16233,63.50,20.778
49870,32893,59.00,19.305
49873,16233,63.50,20.778
49881,32893,59.00,19.305
49883,16233,63.50,20.778
49891,32893,59.00,19.305
49893,16233,63.50,20.778
49900,32893,59.00,19.305
49903,16233,63.50,20.778
49911,32893,59.00,19.305
49913,16233,63.50,20.778
49921,32893,59.00,19.305
49923,16233,63.50,20.778
49931,32893,59.00,19.305
49933,16233,63.50,20.778
49941,32893,59.00,19.305
49943,16233,63.50,20.778
49951,32893,59.00,19.305
49953,16233,63.50,20.778
49961,32893,59.00,19.305
49963,16233,63.50,20.778
49970,32893,59.00,19.305
49973,16233,63.50,20.778
49981,32893,59.00,19.305
49983,16233,63.50,20.778
49991,32893,59.00,19.305
49993,16233,63.50,20.778
50001,32893,59.00,19.305
50003,16233,63.50,20.778
50011,32893,59.00,19.305
50013,16233,63.50,20.778
50021,32893,59.00,19.305
50023,16233,63.50,20.778
50030,32893,59.00,19.305
50033,16233,63.50,20.778
50040,32893,59.00,19.305
50043,16233,63.50,20.778
50050,32893,59.00,19.305
50053,16233,63.50,20.778
50061,32893,59.00,19.305
50063,16233,63.50,20.778
50071,32893,59.00,19.305
50073,16233,63.50,20.778
50081,32893,59.00,19.305
50084,16233,63.50,20.778
50091,32893,59.00,19.305
50093,16233,63.50,20.778
50100,32893,59.00,19.305
50103,16233,63.50,20.778
50110,32893,59.00,19.305
50113,16233,63.50,20.778
50121,32893,59.00,19.305
50123,16233,63.50,20.778
50131,32893,59.00,19.305
50133,16233,63.50,20.778
50141,32893,59.00,19.305
50143,16233,63.50,20.778
50151,32893,59.00,19.305
50153,16233,63.50,20.778
50161,32893,59.00,19.305
50163,16233,63.50,20.778
50170,32893,59.00,19.305
50173,16233,63.50,20.778
50181,32893,59.00,19.305
50183,16233,63.50,20.778
50190,32893,59.00,19.305
50193,16233,63.50,20.778
50201,32893,59.00,19.305
50203,16233,63.50,20.778
50211,32893,59.00,19.305
50213,16233,63.50,20.778
50221,32893,59.00,19.305
50223,16233,63.50,20.778
50230,32893,59.00,19.305
50233,16233,63.50,20.778
50240,32893,59.00,19.305
50243,16233,63.50,20.778
50250,32893,59.00,19.305
50253,16233,63.50,20.778
50260,32893,59.00,19.305
50263,16233,63.50,20.778
50271,32893,59.00,19.305
50273,16233,63.50,20.778
50281,32893,59.00,19.305
50283,16233,63.50,20.778
50290,32893,59.00,19.305
50293,16233,63.50,20.778
50301,32893,59.00,19.305
50303,16233,63.50,20.778
50310,32893,59.00,19.305
50313,16233,63.50,20.778
50321,32893,59.00,19.305
50323,16233,63.50,20.778
50331,32893,59.00,19.305
50333,16233,63.50,20.778
50341,32893,59.00,19.305
50343,16233,63.50,20.778
50350,32893,59.00,19.305
50353,16233,63.50,20.778
50361,32893,59.00,19.305
50363,16233,63.50,20.778
50370,32893,59.00,19.305
50373,16233,63.50,20.778
50380,32893,59.00,19.305
50383,16233,63.50,20.778
50391,32893,59.00,19.305
50393,16233,63.50,20.778
50400,32893,59.00,19.305
50403,16233,63.50,20.778
50411,32893,59.00,19.305
50413,16233,63.50,20.778
50421,32893,59.00,19.305
50423,16233,63.50,20.778
50431,32893,59.00,19.305
50433,16233,63.50,20.778
50441,32893,59.00,19.305
50443,16233,63.50,20.778
50451,32893,59.00,19.305
50453,16233,63.50,20.778
50460,32893,59.00,19.305
50463,16233,63.50,20.778
50471,32893,59.00,19.305
50473,16233,63.50,20.778
50480,32893,59.00,19.305
50483,16233,63.50,20.778
50490,32893,59.00,19.305
50493,16233,63.50,20.778
50501,32893,59.00,19.305
50503,16233,63.50,20.778
50510,32893,59.00,19.305
50513,16233,63.50,20.778
50521,32893,59.00,19.305
50523,16233,63.50,20.778
50531,32893,59.00,19.305
50533,16233,63.50,20.778
50540,32893,59.00,19.305
50543,16233,63.50,20.778
50551,32893,59.00,19.305
50553,16233,63.50,20.778
50561,32893,59.00,19.305
50563,16233,63.50,20.778
50571,32893,59.00,19.305
50573,16233,63.50,20.778
50581,32893,59.00,19.305
50583,16233,63.50,20.778
50591,32893,59.00,19.305
50593,16233,63.50,20.778
50601,32893,59.00,19.305
50604,16233,63.50,20.778
50612,32893,59.00,19.305
50613,16233,63.50,20.778
50621,32893,59.00,19.305
50623,16233,63.50,20.778
50631,32893,59.00,19.305
50633,16233,63.50,20.778
50641,32893,59.00,19.305
50643,16233,63.50,20.778
50651,32893,59.00,19.305
50653,16233,63.50,20.778
50661,32893,59.00,19.305
50663,16233,63.50,20.778
50671,32893,59.00,19.305
50674,16233,63.50,20.778
50681,32893,59.00,19.305
50683,16233,63.50,20.778
50691,32893,59.00,19.305
50693,16233,63.50,20.778
50701,32893,59.00,19.305
50703,16233,63.50,20.778
50711,32893,59.00,19.305
50714,16233,63.50,20.778
50721,32893,59.00,19.305
50723,16233,63.50,20.778
50731,32893,59.00,19.305
50733,16233,63.50,20.778
50741,32893,59.00,19.305
50743,16233,63.50,20.778
50751,32893,59.00,19.305
50753,16233,63.50,20.778
50761,32893,59.00,19.305
50763,16233,63.50,20.778
50771,32893,59.00,19.305
50773,16233,63.50,20.778
50781,32893,59.00,19.305
50783,16233,63.50,20.778
50791,32893,59.00,19.305
50793,16233,63.50,20.778
50801,32893,59.00,19.305
50803,16233,63.50,20.778
50811,32893,59.00,19.305
50813,16233,63.50,20.778
50821,32893,59.00,19.305
50823,16233,63.50,20.778
50831,32893,59.00,19.305
50833,16233,63.50,20.778
50841,32893,59.00,19.305
50843,16233,63.50,20.778
50851,32893,59.00,19.305
50853,16233,63.50,20.778
50861,32893,59.00,19.305
50863,16233,63.50,20.778
50871,32893,59.00,19.305
50873,16233,63.50,20.778
50880,32893,59.00,19.305
50883,16233,63.50,20.778
50891,32893,59.00,19.305
50893,16233,63.50,20.778
50901,32893,59.00,19.305
50903,16233,63.50,20.778
50911,32893,59.00,19.305
50913,16233,63.50,20.778
50921,32893,59.00,19.305
50923,16233,63.50,20.778
50930,32893,59.00,19.305
50933,16233,63.50,20.778
50940,32893,59.00,19.305
50943,16233,63.50,20.778
50951,32893,59.00,19.305
50953,16233,63.50,20.778
50960,32893,59.00,19.305
50963,16233,63.50,20.778
50971,32893,59.00,19.305
50973,16233,63.50,20.778
50981,32893,59.00,19.305
50983,16233,63.50,20.778
50991,32893,59.00,19.305
50993,16233,63.50,20.778
51001,32893,59.00,19.305
51003,16233,63.50,20.778
51011,32893,59.00,19.305
51013,16233,63.50,20.778
51021,32893,59.00,19.305
51023,16233,63.50,20.778
51031,32893,59.00,19.305
51033,16233,63.50,20.778
51041,32893,59.00,19.305
51043,16233,63.50,20.778
51051,32893,59.00,19.305
51053,16233,63.50,20.778
51060,32893,59.00,19.305
51063,16233,63.50,20.778
51071,32893,59.00,19.305
51073,16233,63.50,20.778
51081,32893,59.00,19.305
51083,16233,63.50,20.778
51091,32893,59.00,19.305
51093,16233,63.50,20.778
51101,32893,59.00,19.305
51103,16233,63.50,20.778
51111,32893,59.00,19.305
51113,16233,63.50,20.778
51121,32893,59.00,19.305
51123,16233,63.50,20.778
51131,32893,59.00,19.305
51133,16233,63.50,20.778
51141,32893,59.00,19.305
51143,16233,63.50,20.778
51151,32893,59.00,19.305
51153,16233,63.50,20.778
51161,32893,59.00,19.305
51163,16233,63.50,20.778
51171,32893,59.00,19.305
51173,16233,63.50,20.778
51181,32893,59.00,19.305
51183,16233,63.50,20.778
51191,32893,59.00,19.305
51193,16233,63.50,20.778
51201,32893,59.00,19.305
51203,16233,63.50,20.778
51211,32893,59.00,19.305
51213,16233,63.50,20.778
51221,32893,59.00,19.305
51223,16233,63.50,20.778
51231,32893,59.00,19.305
51233,16233,63.50,20.778
51241,32893,59.00,19.305
51243,16233,63.50,20.778
51251,32893,59.00,19.305
51253,16233,63.50,20.778
51261,32893,59.00,19.305
51263,16233,63.50,20.778
51270,32893,59.00,19.305
51273,16233,63.50,20.778
51281,32893,59.00,19.305
51283,16233,63.50,20.778
51291,32893,59.00,19.305
51293,16233,63.50,20.778
51301,32893,59.00,19.305
51303,16233,63.50,20.778
51311,32893,59.00,19.305
51313,16233,63.50,20.778
51321,32893,59.00,19.305
51323,16233,63.50,20.778
51331,32893,59.00,19.305
51333,16233,63.50,20.778
51341,32893,59.00,19.305
51343,16233,63.50,20.778
51351,32893,59.00,19.305
51353,16233,63.50,20.778
51361,32893,59.00,19.305
51364,16233,63.50,20.778
51371,32893,59.00,19.305
51373,16233,63.50,20.778
51381,32893,59.00,19.305
51383,16233,63.50,20.778
51391,32893,59.00,19.305
51393,16233,63.50,20.778
51401,32893,59.00,19.305
51403,16233,63.50,20.778
51411,32893,59.00,19.305
51413,16233,63.50,20.778
51421,32893,59.00,19.305
51423,16233,63.50,20.778
51431,32893,59.00,19.305
51433,16233,63.50,20.778
51441,32893,59.00,19.305
51443,16233,63.50,20.778
51451,32893,59.00,19.305
51453,16233,63.50,20.778
51461,32893,59.00,19.305
51463,16233,63.50,20.778
51471,32893,59.00,19.305
51473,16233,63.50,20.778
51481,32893,59.00,19.305
51483,16233,63.50,20.778
51491,32893,59.00,19.305
51493,16233,63.50,20.778
51501,32893,59.00,19.305
51503,16233,63.50,20.778
51511,32893,59.00,19.305
51513,16233,63.50,20.778
51521,32893,59.00,19.305
51523,16233,63.50,20.778
51531,32893,59.00,19.305
51533,16233,63.50,20.778
51541,32893,59.00,19.305
51543,16233,63.50,20.778
51551,32893,59.00,19.305
51554,16233,63.50,20.778
51561,32893,59.00,19.305
51563,16233,63.50,20.778
51571,32893,59.00,19.305
51574,16233,63.50,20.778
51581,32893,59.00,19.305
51583,16233,63.50,20.778
51591,32893,59.00,19.305
51593,16233,63.50,20.778
51601,32893,59.00,19.305
51603,16233,63.50,20.778
51611,32893,59.00,19.305
51613,16233,63.50,20.778
51621,32893,59.00,19.305
51623,16233,63.50,20.778
51631,32893,59.00,19.305
51633,16233,63.50,20.778
51641,32893,59.00,19.305
51644,16233,63.50,20.778
51651,32893,59.00,19.305
51653,16233,63.50,20.778
51661,32893,59.00,19.305
51663,16233,63.50,20.778
51671,32893,59.00,19.305
51674,16233,63.50,20.778
51681,32893,59.00,19.305
51683,16233,63.50,20.778
51691,32893,59.00,19.305
51693,16233,63.50,20.778
51701,32893,59.00,19.305
51703,16233,63.50,20.778
51711,32893,59.00,19.305
51713,16233,63.50,20.778
51722,32893,59.00,19.305
51723,16233,63.50,20.778
51731,32893,59.00,19.305
51733,16233,63.50,20.778
51741,32893,59.00,19.305
51743,16233,63.50,20.778
51751,32893,59.00,19.305
51754,16233,63.50,20.778
51761,32893,59.00,19.305
51763,16233,63.50,20.778
51771,32893,59.00,19.305
51773,16233,63.50,20.778
51781,32893,59.00,19.305
51783,16233,63.50,20.778
51791,32893,59.00,19.305
51793,16233,63.50,20.778
51801,32893,59.00,19.305
51804,16233,63.50,20.778
51811,32893,59.00,19.305
51813,16233,63.50,20.778
51821,32893,59.00,19.305
51823,16233,63.50,20.778
51831,32893,59.00,19.305
51833,16233,63.50,20.778
51841,32893,59.00,19.305
51843,16233,63.50,20.778
51851,32893,59.00,19.305
51853,16233,63.50,20.778
51861,32893,59.00,19.305
51863,16233,63.50,20.778
51870,32893,59.00,19.305
51873,16233,63.50,20.778
51881,32893,59.00,19.305
51883,16233,63.50,20.778
51891,32893,59.00,19.305
51893,16233,63.50,20.778
51901,32893,59.00,19.305
51903,16233,63.50,20.778
51911,32893,59.00,19.305
51913,16233,63.50,20.778
51920,32893,59.00,19.305
51923,16233,63.50,20.778
51931,32893,59.00,19.305
51933,16233,63.50,20.778
51941,32893,59.00,19.305
51943,16233,63.50,20.778
51951,32893,59.00,19.305
51953,16233,63.50,20.778
51961,32893,59.00,19.305
51963,16233,63.50,20.778
51971,32893,59.00,19.305
51973,16233,63.50,20.778
51981,32893,59.00,19.305
51983,16233,63.50,20.778
51991,32893,59.00,19.305
51993,16233,63.50,20.778
52001,32893,59.00,19.305
52003,16233,63.50,20.778
52011,32893,59.00,19.305
52013,16233,63.50,20.778
52021,32893,59.00,19.305
52023,16233,63.50,20.778
52031,32893,59.00,19.305
52033,16233,63.50,20.778
52041,32893,59.00,19.305
52043,16233,63.50,20.778
52051,32893,59.00,19.305
52053,16233,63.50,20.778
52061,32893,59.00,19.305
52063,16233,63.50,20.778
52071,32893,59.00,19.305
52073,16233,63.50,20.778
52081,32893,59.00,19.305
52083,16233,63.50,20.778
52091,32893,59.00,19.305
52093,16233,63.50,20.778
52101,32893,59.00,19.305
52103,16233,63.50,20.778
52111,32893,59.00,19.305
52113,16233,63.50,20.778
52120,32893,59.00,19.305
52123,16233,63.50,20.778
52131,32893,59.00,19.305
52133,16233,63.50,20.778
52141,32893,59.00,19.305
52143,16233,63.50,20.778
52151,32893,59.00,19.305
52154,16233,63.50,20.778
52161,32893,59.00,19.305
52164,16233,63.50,20.778
52171,32893,59.00,19.305
52173,16233,63.50,20.778
52181,32893,59.00,19.305
52183,16233,63.50,20.778
52191,32893,59.00,19.305
52194,16233,63.50,20.778
52201,32893,59.00,19.305
52203,16233,63.50,20.778
52211,32893,59.00,19.305
52214,16233,63.50,20.778
52221,32893,59.00,19.305
52223,16233,63.50,20.778
52231,32893,59.00,19.305
52233,16233,63.50,20.778
52241,32893,59.00,19.305
52243,16233,63.50,20.778
52251,32893,59.00,19.305
52253,16233,63.50,20.778
52261,32893,59.00,19.305
52263,16233,63.50,20.778
52271,32893,59.00,19.305
52273,16233,63.50,20.778
52281,32893,59.00,19.305
52284,16233,63.50,20.778
52291,32893,59.00,19.305
52294,16233,63.50,20.778
52301,32893,59.00,19.305
52303,16233,63.50,20.778
52311,32893,59.00,19.305
52314,16233,63.50,20.778
52321,32893,59.00,19.305
52323,16233,63.50,20.778
52332,32893,59.00,19.305
52333,16233,63.50,20.778
52341,32893,59.00,19.305
52343,16233,63.50,20.778
52351,32893,59.00,19.305
52353,16233,63.50,20.778
52361,32893,59.00,19.305
52363,16233,63.50,20.778
52371,32893,59.00,19.305
52373,16233,63.50,20.778
52381,32893,59.00,19.305
52383,16233,63.50,20.778
52391,32893,59.00,19.305
52393,16233,63.50,20.778
52401,32893,59.00,19.305
52403,16233,63.50,20.778
52410,32893,59.00,19.305
52413,16233,63.50,20.778
52421,32893,59.00,19.305
52423,16233,63.50,20.778
52430,32893,59.00,19.305
52433,16233,63.50,20.778
52441,32893,59.00,19.305
52444,16233,63.50,20.778
52450,32893,59.00,19.305
52453,16233,63.50,20.778
52461,32893,59.00,19.305
52463,16233,63.50,20.778
52471,32893,59.00,19.305
52473,16233,63.50,20.778
52481,32893,59.00,19.305
52483,16233,63.50,20.778
52490,32893,59.00,19.305
52493,16233,63.50,20.778
52501,32893,59.00,19.305
52503,16233,63.50,20.778
52511,32893,59.00,19.305
52513,16233,63.50,20.778
52521,32893,59.00,19.305
52523,16233,63.50,20.778
52530,32893,59.00,19.305
52533,16233,63.50,20.778
52541,32893,59.00,19.305
52543,16233,63.50,20.778
52551,32893,59.00,19.305
52553,16233,63.50,20.778
52561,32893,59.00,19.305
52563,16233,63.50,20.778
52571,32893,59.00,19.305
52573,16233,63.50,20.778
52581,32893,59.00,19.305
52583,16233,63.50,20.778
52591,32893,59.00,19.305
52593,16233,63.50,20.778
52601,32893,59.00,19.305
52603,16233,63.50,20.778
52611,32893,59.00,19.305
52613,16233,63.50,20.778
52621,32893,59.00,19.305
52623,16233,63.50,20.778
52631,32893,59.00,19.305
52633,16233,63.50,20.778
52641,32893,59.00,19.305
52643,16233,63.50,20.778
52651,32893,59.00,19.305
52653,16233,63.50,20.778
52661,32893,59.00,19.305
52663,16233,63.50,20.778
52671,32893,59.00,19.305
52673,16233,63.50,20.778
52681,32893,59.00,19.305
52683,16233,63.50,20.778
52691,32893,59.00,19.305
52693,16233,63.50,20.778
52701,32893,59.00,19.305
52703,16233,63.50,20.778
52711,32893,59.00,19.305
52713,16233,63.50,20.778
52720,32893,59.00,19.305
52723,16233,63.50,20.778
52731,32893,59.00,19.305
52733,16233,63.50,20.778
52741,32893,59.00,19.305
52743,16233,63.50,20.778
52751,32893,59.00,19.305
52753,16233,63.50,20.778
52761,32893,59.00,19.305
52763,16233,63.50,20.778
52771,32893,59.00,19.305
52773,16233,63.50,20.778
52781,32893,59.00,19.305
52783,16233,63.50,20.778
52791,32893,59.00,19.305
52793,16233,63.50,20.778
52801,32893,59.00,19.305
52803,16233,63.50,20.778
52811,32893,59.00,19.305
52813,16233,63.50,20.778
52821,32893,59.00,19.305
52823,16233,63.50,20.778
52831,32893,59.00,19.305
52833,16233,63.50,20.778
52841,32893,59.00,19.305
52843,16233,63.50,20.778
52851,32893,59.00,19.305
52854,16233,63.50,20.778
52860,32893,59.00,19.305
52863,16233,63.50,20.778
52871,32893,59.00,19.305
52873,16233,63.50,20.778
52881,32893,59.00,19.305
52884,16233,63.50,20.778
52891,32893,59.00,19.305
52893,16233,63.50,20.778
52900,32893,59.00,19.305
52903,16233,63.50,20.778
52911,32893,59.00,19.305
52913,16233,63.50,20.778
52921,32893,59.00,19.305
52923,16233,63.50,20.778
52931,32893,59.00,19.305
52933,16233,63.50,20.778
52940,32893,59.00,19.305
52943,16233,63.50,20.778
52951,32893,59.00,19.305
52953,16233,63.50,20.778
52961,32893,59.00,19.305
52963,16233,63.50,20.778
52970,32893,59.00,19.305
52973,16233,63.50,20.778
52981,32893,59.00,19.305
52983,16233,63.50,20.778
52991,32893,59.00,19.305
52993,16233,63.50,20.778
53001,32893,59.00,19.305
53003,16233,63.50,20.778
53011,32893,59.00,19.305
53013,16233,63.50,20.778
53021,32893,59.00,19.305
53023,16233,63.50,20.778
53031,32893,59.00,19.305
53033,16233,63.50,20.778
53041,32893,59.00,19.305
53043,16233,63.50,20.778
53050,32893,59.00,19.305
53053,16233,63.50,20.778
53061,32893,59.00,19.305
53063,16233,63.50,20.778
53071,32893,59.00,19.305
53073,16233,63.50,20.778
53081,32893,59.00,19.305
53083,16233,63.50,20.778
53090,32893,59.00,19.305
53093,16233,63.50,20.778
53101,32893,59.00,19.305
53103,16233,63.50,20.778
53111,32893,59.00,19.305
53113,16233,63.50,20.778
53121,32893,59.00,19.305
53123,16233,63.50,20.778
53131,32893,59.00,19.305
53133,16233,63.50,20.778
53141,32893,59.00,19.305
53143,16233,63.50,20.778
53151,32893,59.00,19.305
53153,16233,63.50,20.778
53161,32893,59.00,19.305
53163,16233,63.50,20.778
53170,32893,59.00,19.305
53173,16233,63.50,20.778
53181,32893,59.00,19.305
53183,16233,63.50,20.778
53190,32893,59.00,19.305
53193,16233,63.50,20.778
53201,32893,59.00,19.305
53203,16233,63.50,20.778
53211,32893,59.00,19.305
53213,16233,63.50,20.778
53221,32893,59.00,19.305
53223,16233,63.50,20.778
53231,32893,59.00,19.305
53233,16233,63.50,20.778
53241,32893,59.00,19.305
53243,16233,63.50,20.778
53251,32893,59.00,19.305
53253,16233,63.50,20.778
53261,32893,59.00,19.305
53263,16233,63.50,20.778
53271,32893,59.00,19.305
53273,16233,63.50,20.778
53280,32893,59.00,19.305
53283,16233,63.50,20.778
53291,32893,59.00,19.305
53293,16233,63.50,20.778
53301,32893,59.00,19.305
53303,16233,63.50,20.778
53311,32893,59.00,19.305
53313,16233,63.50,20.778
53321,32893,59.00,19.305
53323,16233,63.50,20.778
53331,32893,59.00,19.305
53333,16233,63.50,20.778
53341,32893,59.00,19.305
53343,16233,63.50,20.778
53351,32893,59.00,19.305
53353,16233,63.50,20.778
53361,32893,59.00,19.305
53364,16233,63.50,20.778
53371,32893,59.00,19.305
53373,16233,63.50,20.778
53381,32893,59.00,19.305
53383,16233,63.50,20.778
53391,32893,59.00,19.305
53393,16233,63.50,20.778
53401,32893,59.00,19.305
53403,16233,63.50,20.778
53411,32893,59.00,19.305
53413,16233,63.50,20.778
53421,32893,59.00,19.305
53423,16233,63.50,20.778
53431,32893,59.00,19.305
53433,16233,63.50,20.778
53441,32893,59.00,19.305
53443,16233,63.50,20.778
53451,32893,59.00,19.305
53453,16233,63.50,20.778
53461,32893,59.00,19.305
53463,16233,63.50,20.778
53471,32893,59.00,19.305
53473,16233,63.50,20.778
53481,32893,59.00,19.305
53483,16233,63.50,20.778
53491,32893,59.00,19.305
53493,16233,63.50,20.778
53501,32893,59.00,19.305
53503,16233,63.50,20.778
53511,32893,59.00,19.305
53513,16233,63.50,20.778
53521,32893,59.00,19.305
53523,16233,63.50,20.778
53531,32893,59.00,19.305
53533,16233,63.50,20.778
53541,32893,59.00,19.305
53543,16233,63.50,20.778
53551,32893,59.00,19.305
53553,16233,63.50,20.778
53561,32893,59.00,19.305
53563,16233,63.50,20.778
53571,32893,59.00,19.305
53574,16233,63.50,20.778
53581,32893,59.00,19.305
53583,16233,63.50,20.778
53591,32893,59.00,19.305
53593,16233,63.50,20.778
53601,32893,59.00,19.305
53603,16233,63.50,20.778
53612,32893,59.00,19.305
53613,16233,63.50,20.778
53621,32893,59.00,19.305
53623,16233,63.50,20.778
53631,32893,59.00,19.305
53633,16233,63.50,20.778
53641,32893,59.00,19.305
53643,16233,63.50,20.778
53651,32893,59.00,19.305
53653,16233,63.50,20.778
53662,32893,59.00,19.305
53663,16233,63.50,20.778
53671,32893,59.00,19.305
53673,16233,63.50,20.778
53681,32893,59.00,19.305
53683,16233,63.50,20.778
53691,32893,59.00,19.305
53693,16233,63.50,20.778
53701,32893,59.00,19.305
53703,16233,63.50,20.778
53711,32893,59.00,19.305
53713,16233,63.50,20.778
53721,32893,59.00,19.305
53723,16233,63.50,20.778
53731,32893,59.00,19.305
53733,16233,63.50,20.778
53741,32893,59.00,19.305
53743,16233,63.50,20.778
53751,32893,59.00,19.305
53753,16233,63.50,20.778
53761,32893,59.00,19.305
53763,16233,63.50,20.778
53771,32893,59.00,19.305
53773,16233,63.50,20.778
53781,32893,59.00,19.305
53783,16233,63.50,20.778
53791,32893,59.00,19.305
53793,16233,63.50,20.778
53801,32893,59.00,19.305
53803,16233,63.50,20.778
53811,32893,59.00,19.305
53813,16233,63.50,20.778
53821,32893,59.00,19.305
53823,16233,63.50,20.778
53831,32893,59.00,19.305
53833,16233,63.50,20.778
53841,32893,59.00,19.305
53843,16233,63.50,20.778
53851,32893,59.00,19.305
53853,16233,63.50,20.778
53861,32893,59.00,19.305
53863,16233,63.50,20.778
53871,32893,59.00,19.305
53873,16233,63.50,20.778
53881,32893,59.00,19.305
53883,16233,63.50,20.778
53891,32893,59.00,19.305
53893,16233,63.50,20.778
53901,32893,59.00,19.305
53903,16233,63.50,20.778
53911,32893,59.00,19.305
53913,16233,63.50,20.778
53921,32893,59.00,19.305
53923,16233,63.50,20.778
53931,32893,59.00,19.305
53933,16233,63.50,20.778
53941,32893,59.00,19.305
53944,16233,63.50,20.778
53951,32893,59.00,19.305
53953,16233,63.50,20.778
53961,32893,59.00,19.305
53963,16233,63.50,20.778
53971,32893,59.00,19.305
53973,16233,63.50,20.778
53981,32893,59.00,19.305
53983,16233,63.50,20.778
53991,32893,59.00,19.305
53993,16233,63.50,20.778
54001,32893,59.00,19.305
54003,16233,63.50,20.778
54011,32893,59.00,19.305
54013,16233,63.50,20.778
54021,32893,59.00,19.305
54023,16233,63.50,20.778
54031,32893,59.00,19.305
54033,16233,63.50,20.778
54041,32893,59.00,19.305
54043,16233,63.50,20.778
54051,32893,59.00,19.305
54054,16233,63.50,20.778
54061,32893,59.00,19.305
54063,16233,63.50,20.778
54071,32893,59.00,19.305
54073,16233,63.50,20.778
54081,32893,59.00,19.305
54083,16233,63.50,20.778
54091,32893,59.00,19.305
54093,16233,63.50,20.778
54101,32893,59.00,19.305
54103,16233,63.50,20.778
54111,32893,59.00,19.305
54113,16233,63.50,20.778
54121,32893,59.00,19.305
54123,16233,63.50,20.778
54131,32893,59.00,19.305
54133,16233,63.50,20.778
54141,32893,59.00,19.305
54143,16233,63.50,20.778
54151,32893,59.00,19.305
54153,16233,63.50,20.778
54161,32893,59.00,19.305
54163,16233,63.50,20.778
54171,32893,59.00,19.305
54173,16233,63.50,20.778
54181,32893,59.00,19.305
54183,16233,63.50,20.778
54191,32893,59.00,19.305
54193,16233,63.50,20.778
54201,32893,59.00,19.305
54203,16233,63.50,20.778
54211,32893,59.00,19.305
54214,16233,63.50,20.778
54221,32893,59.00,19.305
54223,16233,63.50,20.778
54231,32893,59.00,19.305
54233,16233,63.50,20.778
54241,32893,59.00,19.305
54243,16233,63.50,20.778
54251,32893,59.00,19.305
54253,16233,63.50,20.778
54261,32893,59.00,19.305
54263,16233,63.50,20.778
54271,32893,59.00,19.305
54273,16233,63.50,20.778
54281,32893,59.00,19.305
54284,16233,63.50,20.778
54291,32893,59.00,19.305
54293,16233,63.50,20.778
54301,32893,59.00,19.305
54303,16233,63.50,20.778
54311,32893,59.00,19.305
54313,16233,63.50,20.778
54321,32893,59.00,19.305
54323,16233,63.50,20.778
54331,32893,59.00,19.305
54333,16233,63.50,20.778
54341,32893,63.50,20.778
54343,16233,63.50,20.778
54351,32893,63.50,20.778
54353,16233,63.50,20.778
54361,32893,63.50,20.778
54364,16233,63.50,20.778
54371,32893,63.50,20.778
54374,16233,63.50,20.778
54381,32893,63.50,20.778
54383,16233,63.50,20.778
54391,32893,63.50,20.778
54393,16233,63.50,20.778
54401,32893,63.50,20.778
54403,16233,63.50,20.778
54411,32893,63.50,20.778
54413,16233,63.50,20.778
54421,32893,63.50,20.778
54423,16233,63.50,20.778
54431,32893,63.50,20.778
54433,16233,63.50,20.778
54441,32893,63.50,20.778
54443,16233,63.50,20.778
54451,32893,63.50,20.778
54453,16233,63.50,20.778
54461,32893,63.50,20.778
54463,16233,63.50,20.778
54471,32893,63.50,20.778
54473,16233,63.50,20.778
54481,32893,63.50,20.778
54483,16233,63.50,20.778
54491,32893,63.50,20.778
54494,16233,63.50,20.778
54501,32893,63.50,20.778
54503,16233,63.50,20.778
54511,32893,63.50,20.778
54513,16233,63.50,20.778
54521,32893,63.50,20.778
54523,16233,63.50,20.778
54531,32893,63.50,20.778
54533,16233,63.50,20.778
54541,32893,63.50,20.778
54543,16233,63.50,20.778
54551,32893,63.50,20.778
54553,16233,63.50,20.778
54562,32893,63.50,20.778
54564,16233,63.50,20.778
54571,32893,63.50,20.778
54573,16233,63.50,20.778
54581,32893,63.50,20.778
54583,16233,63.50,20.778
54592,32893,63.50,20.778
54593,16233,63.50,20.778
54601,32893,63.50,20.778
54603,16233,63.50,20.778
54611,32893,63.50,20.778
54613,16233,63.50,20.778
54621,32893,63.50,20.778
54623,16233,63.50,20.778
54632,32893,63.50,20.778
54633,16233,63.50,20.778
54641,32893,63.50,20.778
54643,16233,63.50,20.778
54651,32893,63.50,20.778
54653,16233,63.50,20.778
54661,32893,63.50,20.778
54663,16233,63.50,20.778
54671,32893,63.50,20.778
54673,16233,63.50,20.778
54681,32893,63.50,20.778
54683,16233,63.50,20.778
54691,32893,63.50,20.778
54693,16233,63.50,20.778
54701,32893,63.50,20.778
54703,16233,63.50,20.778
54711,32893,63.50,20.778
54713,16233,63.50,20.778
54721,32893,63.50,20.778
54723,16233,63.50,20.778
54731,32893,63.50,20.778
54733,16233,63.50,20.778
54741,32893,63.50,20.778
54743,16233,63.50,20.778
54751,32893,63.50,20.778
54753,16233,63.50,20.778
54761,32893,63.50,20.778
54763,16233,63.50,20.778
54771,32893,63.50,20.778
54773,16233,63.50,20.778
54781,32893,63.50,20.778
54783,16233,63.50,20.778
54791,32893,63.50,20.778
54793,16233,63.50,20.778
54801,32893,63.50,20.778
54803,16233,63.50,20.778
54811,32893,63.50,20.778
54813,16233,63.50,20.778
54821,32893,63.50,20.778
54823,16233,63.50,20.778
54831,32893,63.50,20.778
54833,16233,63.50,20.778
54841,32893,63.50,20.778
54843,16233,63.50,20.778
54851,32893,63.50,20.778
54853,16233,63.50,20.778
54861,32893,63.50,20.778
54863,16233,63.50,20.778
54871,32893,63.50,20.778
54873,16233,63.50,20.778
54881,32893,63.50,20.778
54883,16233,63.50,20.778
54891,32893,63.50,20.778
54893,16233,63.50,20.778
54901,32893,63.50,20.778
54903,16233,63.50,20.778
54911,32893,63.50,20.778
54914,16233,63.50,20.778
54921,32893,63.50,20.778
54923,16233,63.50,20.778
54931,32893,63.50,20.778
54933,16233,63.50,20.778
54941,32893,63.50,20.778
54943,16233,63.50,20.778
54951,32893,63.50,20.778
54953,16233,63.50,20.778
54961,32893,63.50,20.778
54963,16233,63.50,20.778
54971,32893,63.50,20.778
54973,16233,63.50,20.778
54981,32893,63.50,20.778
54983,16233,63.50,20.778
54991,32893,63.50,20.778
54993,16233,63.50,20.778
55001,32893,63.50,20.778
55003,16233,63.50,20.778
55011,32893,63.50,20.778
55013,16233,63.50,20.778
55020,32893,63.50,20.778
55023,16233,63.50,20.778
55031,32893,63.50,20.778
55033,16233,63.50,20.778
55041,32893,63.50,20.778
55043,16233,63.50,20.778
55051,32893,63.50,20.778
55053,16233,63.50,20.778
55061,32893,63.50,20.778
55063,16233,63.50,20.778
55071,32893,63.50,20.778
55073,16233,63.50,20.778
55081,32893,63.50,20.778
55083,16233,63.50,20.778
55091,32893,63.50,20.778
55093,16233,63.50,20.778
55101,32893,63.50,20.778
55103,16233,63.50,20.778
55111,32893,63.50,20.778
55113,16233,63.50,20.778
55121,32893,63.50,20.778
55123,16233,63.50,20.778
55131,32893,63.50,20.778
55133,16233,63.50,20.778
55141,32893,63.50,20.778
55143,16233,63.50,20.778
55151,32893,63.50,20.778
55153,16233,63.50,20.778
55161,32893,63.50,20.778
55163,16233,63.50,20.778
55172,32893,63.50,20.778
55174,16233,63.50,20.778
55181,32893,63.50,20.778
55183,16233,63.50,20.778
55191,32893,63.50,20.778
55193,16233,63.50,20.778
55201,32893,63.50,20.778
55203,16233,63.50,20.778
55211,32893,63.50,20.778
55214,16233,63.50,20.778
55221,32893,63.50,20.778
55223,16233,63.50,20.778
55231,32893,63.50,20.778
55233,16233,63.50,20.778
55241,32893,63.50,20.778
55243,16233,63.50,20.778
55251,32893,63.50,20.778
55253,16233,63.50,20.778
55260,32893,63.50,20.778
55263,16233,63.50,20.778
55271,32893,63.50,20.778
55274,16233,63.50,20.778
55281,32893,63.50,20.778
55284,16233,63.50,20.778
55291,32893,63.50,20.778
55293,16233,63.50,20.778
55301,32893,63.50,20.778
55303,16233,63.50,20.778
55311,32893,63.50,20.778
55313,16233,63.50,20.778
55321,32893,63.50,20.778
55323,16233,63.50,20.778
55331,32893,63.50,20.778
55333,16233,63.50,20.778
55341,32893,63.50,20.778
55343,16233,63.50,20.778
55351,32893,63.50,20.778
55353,16233,63.50,20.778
55361,32893,63.50,20.778
55364,16233,63.50,20.778
55371,32893,63.50,20.778
55373,16233,63.50,20.778
55381,32893,63.50,20.778
55383,16233,63.50,20.778
55392,32893,63.50,20.778
55393,16233,63.50,20.778
55401,32893,63.50,20.778
55403,16233,63.50,20.778
55411,32893,63.50,20.778
55413,16233,63.50,20.778
55421,32893,63.50,20.778
55424,16233,63.50,20.778
55431,32893,63.50,20.778
55433,16233,63.50,20.778
55442,32893,63.50,20.778
55443,16233,63.50,20.778
55451,32893,63.50,20.778
55453,16233,63.50,20.778
55461,32893,63.50,20.778
55463,16233,63.50,20.778
55471,32893,63.50,20.778
55473,16233,63.50,20.778
55481,32893,63.50,20.778
55483,16233,63.50,20.778
55491,32893,63.50,20.778
55493,16233,63.50,20.778
55501,32893,63.50,20.778
55503,16233,63.50,20.778
55510,32893,63.50,20.778
55513,16233,63.50,20.778
55521,32893,63.50,20.778
55523,16233,63.50,20.778
55531,32893,63.50,20.778
55533,16233,63.50,20.778
55541,32893,63.50,20.778
55543,16233,63.50,20.778
55551,32893,63.50,20.778
55553,16233,63.50,20.778
55561,32893,63.50,20.778
55563,16233,63.50,20.778
55571,32893,63.50,20.778
55573,16233,63.50,20.778
55581,32893,63.50,20.778
55583,16233,63.50,20.778
55591,32893,63.50,20.778
55593,16233,63.50,20.778
55601,32893,63.50,20.778
55603,16233,63.50,20.778
55611,32893,63.50,20.778
55613,16233,63.50,20.778
55621,32893,63.50,20.778
55623,16233,63.50,20.778
55631,32893,63.50,20.778
55633,16233,63.50,20.778
55641,32893,63.50,20.778
55643,16233,63.50,20.778
55651,32893,63.50,20.778
55653,16233,63.50,20.778
55661,32893,63.50,20.778
55663,16233,63.50,20.778
55671,32893,63.50,20.778
55673,16233,63.50,20.778
55681,32893,63.50,20.778
55683,16233,63.50,20.778
55691,32893,63.50,20.778
55693,16233,63.50,20.778
55701,32893,63.50,20.778
55703,16233,63.50,20.778
55711,32893,63.50,20.778
55713,16233,63.50,20.778
55721,32893,63.50,20.778
55723,16233,63.50,20.778
55731,32893,63.50,20.778
55734,16233,63.50,20.778
55741,32893,63.50,20.778
55743,16233,63.50,20.778
55751,32893,63.50,20.778
55753,16233,63.50,20.778
55761,32893,63.50,20.778
55763,16233,63.50,20.778
55771,32893,63.50,20.778
55773,16233,63.50,20.778
55781,32893,63.50,20.778
55783,16233,63.50,20.778
55791,32893,63.50,20.778
55793,16233,63.50,20.778
55801,32893,63.50,20.778
55803,16233,63.50,20.778
55811,32893,63.50,20.778
55813,16233,63.50,20.778
55821,32893,63.50,20.778
55823,16233,63.50,20.778
55831,32893,63.50,20.778
55833,16233,63.50,20.778
55841,32893,63.50,20.778
55843,16233,63.50,20.778
55851,32893,63.50,20.778
55853,16233,63.50,20.778
55861,32893,63.50,20.778
55863,16233,63.50,20.778
55871,32893,63.50,20.778
55873,16233,63.50,20.778
55881,32893,63.50,20.778
55883,16233,63.50,20.778
55891,32893,63.50,20.778
55893,16233,63.50,20.778
55901,32893,63.50,20.778
55903,16233,63.50,20.778
55911,32893,63.50,20.778
55913,16233,63.50,20.778
55921,32893,63.50,20.778
55923,16233,63.50,20.778
55931,32893,63.50,20.778
55933,16233,63.50,20.778
55941,32893,63.50,20.778
55943,16233,63.50,20.778
55950,32893,63.50,20.778
55953,16233,63.50,20.778
55961,32893,63.50,20.778
55963,16233,63.50,20.778
55971,32893,63.50,20.778
55973,16233,63.50,20.778
55980,32893,63.50,20.778
55983,16233,63.50,20.778
55991,32893,63.50,20.778
55993,16233,63.50,20.778
56001,32893,63.50,20.778
56003,16233,63.50,20.778
56011,32893,63.50,20.778
56013,16233,63.50,20.778
56021,32893,63.50,20.778
56023,16233,63.50,20.778
56031,32893,63.50,20.778
56033,16233,63.50,20.778
56041,32893,63.50,20.778
56043,16233,63.50,20.778
56051,32893,63.50,20.778
56053,16233,63.50,20.778
56061,32893,63.50,20.778
56063,16233,63.50,20.778
56071,32893,63.50,20.778
56073,16233,63.50,20.778
56081,32893,63.50,20.778
56083,16233,63.50,20.778
56091,32893,63.50,20.778
56093,16233,63.50,20.778
56101,32893,63.50,20.778
56103,16233,63.50,20.778
56111,32893,63.50,20.778
56113,16233,63.50,20.778
56121,32893,63.50,20.778
56123,16233,63.50,20.778
56131,32893,63.50,20.778
56133,16233,63.50,20.778
56141,32893,63.50,20.778
56143,16233,63.50,20.778
56151,32893,63.50,20.778
56153,16233,63.50,20.778
56161,32893,63.50,20.778
56163,16233,63.50,20.778
56171,32893,63.50,20.778
56173,16233,63.50,20.778
56181,32893,63.50,20.778
56183,16233,63.50,20.778
56191,32893,63.50,20.778
56193,16233,58.00,18.978
56201,32893,63.50,20.778
56203,16233,58.00,18.978
56211,32893,63.50,20.778
56213,16233,58.00,18.978
56221,32893,63.50,20.778
56223,16233,58.00,18.978
56231,32893,63.50,20.778
56233,16233,58.00,18.978
56241,32893,63.50,20.778
56243,16233,58.00,18.978
56251,32893,63.50,20.778
56253,16233,58.00,18.978
56261,32893,63.50,20.778
56263,16233,58.00,18.978
56271,32893,63.50,20.778
56273,16233,58.00,18.978
56281,32893,63.50,20.778
56283,16233,58.00,18.978
56291,32893,63.50,20.778
56293,16233,58.00,18.978
56301,32893,63.50,20.778
56303,16233,58.00,18.978
56311,32893,63.50,20.778
56313,16233,58.00,18.978
56321,32893,63.50,20.778
56323,16233,58.00,18.978
56331,32893,63.50,20.778
56333,16233,58.00,18.978
56341,32893,63.50,20.778
56343,16233,58.00,18.978
56351,32893,63.50,20.778
56353,16233,58.00,18.978
56361,32893,63.50,20.778
56363,16233,58.00,18.978
56371,32893,63.50,20.778
56373,16233,58.00,18.978
56381,32893,63.50,20.778
56383,16233,58.00,18.978
56391,32893,63.50,20.778
56393,16233,58.00,18.978
56401,32893,63.50,20.778
56403,16233,58.00,18.978
56411,32893,63.50,20.778
56413,16233,58.00,18.978
56421,32893,63.50,20.778
56423,16233,58.00,18.978
56431,32893,63.50,20.778
56433,16233,58.00,18.978
56441,32893,63.50,20.778
56443,16233,58.00,18.978
56451,32893,63.50,20.778
56453,16233,58.00,18.978
56461,32893,63.50,20.778
56463,16233,58.00,18.978
56471,32893,63.50,20.778
56473,16233,58.00,18.978
56481,32893,63.50,20.778
56483,16233,58.00,18.978
56491,32893,63.50,20.778
56493,16233,58.00,18.978
56501,32893,63.50,20.778
56503,16233,58.00,18.978
56511,32893,63.50,20.778
56513,16233,58.00,18.978
56521,32893,63.50,20.778
56523,16233,58.00,18.978
56531,32893,63.50,20.778
56533,16233,58.00,18.978
56541,32893,63.50,20.778
56543,16233,58.00,18.978
56551,32893,63.50,20.778
56553,16233,58.00,18.978
56561,32893,63.50,20.778
56563,16233,58.00,18.978
56571,32893,63.50,20.778
56573,16233,58.00,18.978
56581,32893,63.50,20.778
56583,16233,58.00,18.978
56591,32893,63.50,20.778
56593,16233,58.00,18.978
56601,32893,63.50,20.778
56603,16233,58.00,18.978
56612,32893,63.50,20.778
56613,16233,58.00,18.978
56621,32893,63.50,20.778
56623,16233,58.00,18.978
56631,32893,63.50,20.778
56633,16233,58.00,18.978
56641,32893,63.50,20.778
56643,16233,58.00,18.978
56651,32893,63.50,20.778
56653,16233,58.00,18.978
56661,32893,63.50,20.778
56663,16233,58.00,18.978
56671,32893,63.50,20.778
56673,16233,58.00,18.978
56681,32893,63.50,20.778
56683,16233,58.00,18.978
56691,32893,63.50,20.778
56693,16233,58.00,18.978
56701,32893,63.50,20.778
56703,16233,58.00,18.978
56711,32893,63.50,20.778
56713,16233,58.00,18.978
56721,32893,63.50,20.778
56723,16233,58.00,18.978
56731,32893,63.50,20.778
56733,16233,58.00,18.978
56741,32893,63.50,20.778
56744,16233,58.00,18.978
56751,32893,63.50,20.778
56753,16233,58.00,18.978
56761,32893,63.50,20.778
56763,16233,58.00,18.978
56771,32893,63.50,20.778
56773,16233,58.00,18.978
56781,32893,63.50,20.778
56783,16233,58.00,18.978
56791,32893,63.50,20.778
56794,16233,58.00,18.978
56801,32893,63.50,20.778
56803,16233,58.00,18.978
56811,32893,63.50,20.778
56813,16233,58.00,18.978
56821,32893,63.50,20.778
56823,16233,58.00,18.978
56831,32893,63.50,20.778
56833,16233,58.00,18.978
56841,32893,63.50,20.778
56843,16233,58.00,18.978
56851,32893,63.50,20.778
56853,16233,58.00,18.978
56861,32893,63.50,20.778
56863,16233,58.00,18.978
56871,32893,63.50,20.778
56873,16233,58.00,18.978
56881,32893,63.50,20.778
56883,16233,58.00,18.978
56891,32893,63.50,20.778
56893,16233,58.00,18.978
56901,32893,63.50,20.778
56903,16233,58.00,18.978
56911,32893,63.50,20.778
56913,16233,58.00,18.978
56921,32893,63.50,20.778
56923,16233,58.00,18.978
56931,32893,63.50,20.778
56933,16233,58.00,18.978
56941,32893,63.50,20.778
56943,16233,58.00,18.978
56951,32893,63.50,20.778
56953,16233,58.00,18.978
56961,32893,63.50,20.778
56963,16233,58.00,18.978
56971,32893,63.50,20.778
56973,16233,58.00,18.978
56981,32893,63.50,20.778
56983,16233,58.00,18.978
56991,32893,63.50,20.778
56993,16233,58.00,18.978
57001,32893,63.50,20.778
57003,16233,58.00,18.978
57011,32893,63.50,20.778
57013,16233,58.00,18.978
57021,32893,63.50,20.778
57023,16233,58.00,18.978
57031,32893,63.50,20.778
57033,16233,58.00,18.978
57041,32893,63.50,20.778
57043,16233,58.00,18.978
57051,32893,63.50,20.778
57053,16233,58.00,18.978
57061,32893,63.50,20.778
57063,16233,58.00,18.978
57071,32893,63.50,20.778
57073,16233,58.00,18.978
57081,32893,63.50,20.778
57083,16233,58.00,18.978
57091,32893,63.50,20.778
57093,16233,58.00,18.978
57102,32893,63.50,20.778
57103,16233,58.00,18.978
57111,32893,63.50,20.778
57113,16233,58.00,18.978
57121,32893,63.50,20.778
57123,16233,58.00,18.978
57131,32893,63.50,20.778
57133,16233,58.00,18.978
57142,32893,63.50,20.778
57143,16233,58.00,18.978
57151,32893,63.50,20.778
57153,16233,58.00,18.978
57161,32893,63.50,20.778
57163,16233,58.00,18.978
57171,32893,63.50,20.778
57173,16233,58.00,18.978
57181,32893,63.50,20.778
57183,16233,58.00,18.978
57191,32893,63.50,20.778
57193,16233,58.00,18.978
57201,32893,63.50,20.778
57203,16233,58.00,18.978
57211,32893,63.50,20.778
57213,16233,58.00,18.978
57221,32893,63.50,20.778
57223,16233,58.00,18.978
57231,32893,63.50,20.778
57233,16233,58.00,18.978
57241,32893,63.50,20.778
57243,16233,58.00,18.978
57251,32893,63.50,20.778
57253,16233,58.00,18.978
57261,32893,63.50,20.778
57263,16233,58.00,18.978
57271,32893,63.50,20.778
57273,16233,58.00,18.978
57282,32893,63.50,20.778
57283,16233,58.00,18.978
57291,32893,63.50,20.778
57293,16233,58.00,18.978
57301,32893,63.50,20.778
57303,16233,58.00,18.978
57311,32893,63.50,20.778
57313,16233,58.00,18.978
57321,32893,63.50,20.778
57323,16233,58.00,18.978
57331,32893,63.50,20.778
57333,16233,58.00,18.978
57341,32893,63.50,20.778
57343,16233,58.00,18.978
57351,32893,63.50,20.778
57353,16233,58.00,18.978
57361,32893,63.50,20.778
57364,16233,58.00,18.978
57371,32893,63.50,20.778
57373,16233,58.00,18.978
57381,32893,63.50,20.778
57384,16233,58.00,18.978
57391,32893,63.50,20.778
57394,16233,58.00,18.978
57401,32893,63.50,20.778
57403,16233,58.00,18.978
57411,32893,63.50,20.778
57413,16233,58.00,18.978
57421,32893,63.50,20.778
57423,16233,58.00,18.978
57431,32893,63.50,20.778
57433,16233,58.00,18.978
57441,32893,63.50,20.778
57443,16233,58.00,18.978
57451,32893,63.50,20.778
57453,16233,58.00,18.978
57461,32893,63.50,20.778
57463,16233,58.00,18.978
57472,32893,63.50,20.778
57473,16233,58.00,18.978
57481,32893,63.50,20.778
57483,16233,58.00,18.978
57491,32893,63.50,20.778
57493,16233,58.00,18.978
57501,32893,63.50,20.778
57503,16233,58.00,18.978
57511,32893,63.50,20.778
57513,16233,58.00,18.978
57521,32893,63.50,20.778
57523,16233,58.00,18.978
57531,32893,63.50,20.778
57533,16233,58.00,18.978
57541,32893,63.50,20.778
57543,16233,58.00,18.978
57551,32893,63.50,20.778
57553,16233,58.00,18.978
57561,32893,63.50,20.778
57563,16233,58.00,18.978
57571,32893,63.50,20.778
57573,16233,58.00,18.978
57581,32893,63.50,20.778
57583,16233,58.00,18.978
57591,32893,63.50,20.778
57594,16233,58.00,18.978
57601,32893,63.50,20.778
57603,16233,58.00,18.978
57611,32893,63.50,20.778
57613,16233,58.00,18.978
57621,32893,63.50,20.778
57623,16233,58.00,18.978
57631,32893,63.50,20.778
57633,16233,58.00,18.978
57641,32893,63.50,20.778
57644,16233,58.00,18.978
57651,32893,63.50,20.778
57653,16233,58.00,18.978
57660,32893,63.50,20.778
57663,16233,58.00,18.978
57671,32893,63.50,20.778
57673,16233,58.00,18.978
57681,32893,63.50,20.778
57683,16233,58.00,18.978
57691,32893,63.50,20.778
57693,16233,58.00,18.978
57701,32893,63.50,20.778
57703,16233,58.00,18.978
57711,32893,63.50,20.778
57713,16233,58.00,18.978
57721,32893,63.50,20.778
57723,16233,58.00,18.978
57731,32893,63.50,20.778
57733,16233,58.00,18.978
57741,32893,63.50,20.778
57743,16233,58.00,18.978
57751,32893,63.50,20.778
57753,16233,58.00,18.978
57761,32893,63.50,20.778
57763,16233,58.00,18.978
57771,32893,63.50,20.778
57773,16233,58.00,18.978
57781,32893,63.50,20.778
57783,16233,58.00,18.978
57791,32893,63.50,20.778
57793,16233,58.00,18.978
57801,32893,63.50,20.778
57803,16233,58.00,18.978
57811,32893,63.50,20.778
57813,16233,58.00,18.978
57821,32893,63.50,20.778
57823,16233,58.00,18.978
57831,32893,63.50,20.778
57833,16233,58.00,18.978
57841,32893,63.50,20.778
57843,16233,58.00,18.978
57851,32893,63.50,20.778
57854,16233,58.00,18.978
57861,32893,63.50,20.778
57863,16233,58.00,18.978
57871,32893,63.50,20.778
57874,16233,58.00,18.978
57881,32893,63.50,20.778
57883,16233,58.00,18.978
57891,32893,63.50,20.778
57893,16233,58.00,18.978
57901,32893,63.50,20.778
57903,16233,58.00,18.978
57911,32893,63.50,20.778
57914,16233,58.00,18.978
57921,32893,63.50,20.778
57923,16233,58.00,18.978
57931,32893,63.50,20.778
57933,16233,58.00,18.978
57941,32893,63.50,20.778
57943,16233,58.00,18.978
57951,32893,63.50,20.778
57955,16233,58.00,18.978
57961,32893,63.50,20.778
57963,16233,58.00,18.978
57971,32893,63.50,20.778
57973,16233,58.00,18.978
57982,32893,63.50,20.778
57983,16233,58.00,18.978
57991,32893,63.50,20.778
57993,16233,58.00,18.978
58001,32893,63.50,20.778
58003,16233,58.00,18.978
58011,32893,63.50,20.778
58013,16233,58.00,18.978
58021,32893,63.50,20.778
58023,16233,58.00,18.978
58031,32893,63.50,20.778
58033,16233,58.00,18.978
58041,32893,63.50,20.778
58043,16233,58.00,18.978
58051,32893,63.50,20.778
58053,16233,58.00,18.978
58061,32893,63.50,20.778
58063,16233,58.00,18.978
58071,32893,63.50,20.778
58073,16233,58.00,18.978
58081,32893,63.50,20.778
58083,16233,58.00,18.978
58091,32893,63.50,20.778
58093,16233,58.00,18.978
58101,32893,63.50,20.778
58103,16233,58.00,18.978
58111,32893,63.50,20.778
58113,16233,58.00,18.978
58121,32893,63.50,20.778
58123,16233,58.00,18.978
58131,32893,63.50,20.778
58133,16233,58.00,18.978
58141,32893,63.50,20.778
58143,16233,58.00,18.978
58151,32893,63.50,20.778
58153,16233,58.00,18.978
58161,32893,63.50,20.778
58163,16233,58.00,18.978
58171,32893,63.50,20.778
58173,16233,58.00,18.978
58181,32893,63.50,20.778
58183,16233,58.00,18.978
58191,32893,63.50,20.778
58193,16233,58.00,18.978
58201,32893,63.50,20.778
58204,16233,58.00,18.978
58211,32893,63.50,20.778
58213,16233,58.00,18.978
58221,32893,63.50,20.778
58223,16233,58.00,18.978
58230,32893,63.50,20.778
58233,16233,58.00,18.978
58241,32893,63.50,20.778
58243,16233,58.00,18.978
58250,32893,63.50,20.778
58253,16233,58.00,18.978
58260,32893,63.50,20.778
58263,16233,58.00,18.978
58271,32893,63.50,20.778
58273,16233,58.00,18.978
58281,32893,63.50,20.778
58283,16233,58.00,18.978
58291,32893,63.50,20.778
58293,16233,58.00,18.978
58301,32893,63.50,20.778
58304,16233,58.00,18.978
58311,32893,63.50,20.778
58313,16233,58.00,18.978
58321,32893,63.50,20.778
58323,16233,58.00,18.978
58331,32893,63.50,20.778
58333,16233,58.00,18.978
58341,32893,63.50,20.778
58343,16233,58.00,18.978
58351,32893,63.50,20.778
58353,16233,58.00,18.978
58361,32893,63.50,20.778
58363,16233,58.00,18.978
58371,32893,63.50,20.778
58373,16233,58.00,18.978
58381,32893,63.50,20.778
58383,16233,58.00,18.978
58391,32893,63.50,20.778
58394,16233,58.00,18.978
58401,32893,63.50,20.778
58403,16233,58.00,18.978
58411,32893,63.50,20.778
58413,16233,58.00,18.978
58421,32893,63.50,20.778
58423,16233,58.00,18.978
58431,32893,63.50,20.778
58433,16233,58.00,18.978
58441,32893,63.50,20.778
58443,16233,58.00,18.978
58451,32893,63.50,20.778
58453,16233,58.00,18.978
58461,32893,63.50,20.778
58463,16233,58.00,18.978
58471,32893,63.50,20.778
58473,16233,58.00,18.978
58481,32893,63.50,20.778
58483,16233,58.00,18.978
58491,32893,63.50,20.778
58493,16233,58.00,18.978
58502,32893,63.50,20.778
58503,16233,58.00,18.978
58511,32893,63.50,20.778
58513,16233,58.00,18.978
58521,32893,63.50,20.778
58523,16233,58.00,18.978
58531,32893,63.50,20.778
58533,16233,58.00,18.978
58541,32893,63.50,20.778
58543,16233,58.00,18.978
58551,32893,63.50,20.778
58553,16233,58.00,18.978
58561,32893,63.50,20.778
58563,16233,58.00,18.978
58571,32893,63.50,20.778
58573,16233,58.00,18.978
58581,32893,63.50,20.778
58583,16233,58.00,18.978
58591,32893,63.50,20.778
58593,16233,58.00,18.978
58601,32893,63.50,20.778
58604,16233,58.00,18.978
58611,32893,63.50,20.778
58613,16233,58.00,18.978
58621,32893,63.50,20.778
58623,16233,58.00,18.978
58631,32893,63.50,20.778
58633,16233,58.00,18.978
58641,32893,63.50,20.778
58643,16233,58.00,18.978
58651,32893,63.50,20.778
58653,16233,58.00,18.978
58661,32893,63.50,20.778
58663,16233,58.00,18.978
58671,32893,63.50,20.778
58673,16233,58.00,18.978
58681,32893,63.50,20.778
58683,16233,58.00,18.978
58691,32893,63.50,20.778
58693,16233,58.00,18.978
58701,32893,63.50,20.778
58703,16233,58.00,18.978
58711,32893,63.50,20.778
58713,16233,58.00,18.978
58721,32893,63.50,20.778
58723,16233,58.00,18.978
58731,32893,63.50,20.778
58733,16233,58.00,18.978
58741,32893,63.50,20.778
58743,16233,58.00,18.978
58751,32893,63.50,20.778
58753,16233,58.00,18.978
58761,32893,63.50,20.778
58763,16233,58.00,18.978
58771,32893,63.50,20.778
58773,16233,58.00,18.978
58781,32893,63.50,20.778
58783,16233,58.00,18.978
58791,32893,63.50,20.778
58793,16233,58.00,18.978
58801,32893,63.50,20.778
58803,16233,58.00,18.978
58811,32893,63.50,20.778
58813,16233,58.00,18.978
58821,32893,63.50,20.778
58823,16233,58.00,18.978
58831,32893,63.50,20.778
58833,16233,58.00,18.978
58841,32893,63.50,20.778
58843,16233,58.00,18.978
58851,32893,63.50,20.778
58853,16233,58.00,18.978
58861,32893,63.50,20.778
58863,16233,58.00,18.978
58871,32893,63.50,20.778
58873,16233,58.00,18.978
58881,32893,63.50,20.778
58883,16233,58.00,18.978
58891,32893,63.50,20.778
58893,16233,58.00,18.978
58901,32893,63.50,20.778
58903,16233,58.00,18.978
58910,32893,63.50,20.778
58913,16233,58.00,18.978
58921,32893,63.50,20.778
58923,16233,58.00,18.978
58931,32893,63.50,20.778
58933,16233,58.00,18.978
58941,32893,63.50,20.778
58943,16233,58.00,18.978
58951,32893,63.50,20.778
58953,16233,58.00,18.978
58961,32893,63.50,20.778
58963,16233,58.00,18.978
58971,32893,63.50,20.778
58973,16233,58.00,18.978
58981,32893,63.50,20.778
58983,16233,58.00,18.978
58991,32893,63.50,20.778
58993,16233,58.00,18.978
59001,32893,63.50,20.778
59003,16233,58.00,18.978
59011,32893,63.50,20.778
59013,16233,58.00,18.978
59021,32893,63.50,20.778
59023,16233,58.00,18.978
59031,32893,63.50,20.778
59033,16233,58.00,18.978
59041,32893,63.50,20.778
59043,16233,58.00,18.978
59051,32893,63.50,20.778
59053,16233,58.00,18.978
59061,32893,63.50,20.778
59063,16233,58.00,18.978
59071,32893,63.50,20.778
59073,16233,58.00,18.978
59081,32893,63.50,20.778
59083,16233,58.00,18.978
59091,32893,63.50,20.778
59093,16233,58.00,18.978
59101,32893,63.50,20.778
59103,16233,58.00,18.978
59111,32893,63.50,20.778
59113,16233,58.00,18.978
59121,32893,63.50,20.778
59123,16233,58.00,18.978
59131,32893,63.50,20.778
59133,16233,58.00,18.978
59141,32893,63.50,20.778
59144,16233,58.00,18.978
59151,32893,63.50,20.778
59153,16233,58.00,18.978
59161,32893,63.50,20.778
59163,16233,58.00,18.978
59171,32893,63.50,20.778
59173,16233,58.00,18.978
59181,32893,63.50,20.778
59183,16233,58.00,18.978
59191,32893,63.50,20.778
59193,16233,58.00,18.978
59201,32893,63.50,20.778
59203,16233,58.00,18.978
59211,32893,63.50,20.778
59213,16233,58.00,18.978
59221,32893,63.50,20.778
59224,16233,58.00,18.978
59231,32893,63.50,20.778
59233,16233,58.00,18.978
59241,32893,63.50,20.778
59243,16233,58.00,18.978
59251,32893,63.50,20.778
59253,16233,58.00,18.978
59261,32893,63.50,20.778
59263,16233,58.00,18.978
59271,32893,63.50,20.778
59273,16233,58.00,18.978
59281,32893,63.50,20.778
59283,16233,58.00,18.978
59291,32893,63.50,20.778
59293,16233,58.00,18.978
59301,32893,63.50,20.778
59304,16233,58.00,18.978
59311,32893,63.50,20.778
59313,16233,58.00,18.978
59321,32893,63.50,20.778
59323,16233,58.00,18.978
59331,32893,63.50,20.778
59333,16233,58.00,18.978
59341,32893,63.50,20.778
59343,16233,58.00,18.978
59351,32893,63.50,20.778
59353,16233,58.00,18.978
59361,32893,63.50,20.778
59364,16233,58.00,18.978
59371,32893,63.50,20.778
59373,16233,58.00,18.978
59381,32893,63.50,20.778
59383,16233,58.00,18.978
59391,32893,63.50,20.778
59393,16233,58.00,18.978
59401,32893,63.50,20.778
59403,16233,58.00,18.978
59411,32893,63.50,20.778
59413,16233,58.00,18.978
59421,32893,63.50,20.778
59423,16233,58.00,18.978
59431,32893,63.50,20.778
59433,16233,58.00,18.978
59441,32893,63.50,20.778
59443,16233,58.00,18.978
59451,32893,63.50,20.778
59453,16233,58.00,18.978
59461,32893,63.50,20.778
59463,16233,58.00,18.978
59470,32893,63.50,20.778
59473,16233,58.00,18.978
59481,32893,63.50,20.778
59483,16233,58.00,18.978
59491,32893,63.50,20.778
59493,16233,58.00,18.978
59501,32893,63.50,20.778
59503,16233,58.00,18.978
59511,32893,63.50,20.778
59513,16233,58.00,18.978
59520,32893,63.50,20.778
59523,16233,58.00,18.978
59531,32893,63.50,20.778
59533,16233,58.00,18.978
59541,32893,63.50,20.778
59543,16233,58.00,18.978
59551,32893,63.50,20.778
59553,16233,58.00,18.978
59561,32893,63.50,20.778
59563,16233,58.00,18.978
59571,32893,63.50,20.778
59573,16233,58.00,18.978
59581,32893,63.50,20.778
59583,16233,58.00,18.978
59591,32893,63.50,20.778
59593,16233,58.00,18.978
59601,32893,63.50,20.778
59603,16233,58.00,18.978
59611,32893,63.50,20.778
59613,16233,58.00,18.978
59621,32893,63.50,20.778
59623,16233,58.00,18.978
59631,32893,63.50,20.778
59633,16233,58.00,18.978
59641,32893,63.50,20.778
59643,16233,58.00,18.978
59651,32893,63.50,20.778
59653,16233,58.00,18.978
59661,32893,63.50,20.778
59663,16233,58.00,18.978
59671,32893,63.50,20.778
59673,16233,58.00,18.978
59681,32893,63.50,20.778
59683,16233,58.00,18.978
59691,32893,63.50,20.778
59693,16233,58.00,18.978
59701,32893,63.50,20.778
59703,16233,58.00,18.978
59711,32893,63.50,20.778
59713,16233,58.00,18.978
59721,32893,63.50,20.778
59723,16233,58.00,18.978
59731,32893,63.50,20.778
59733,16233,58.00,18.978
59741,32893,63.50,20.778
59743,16233,58.00,18.978
59751,32893,63.50,20.778
59753,16233,58.00,18.978
59761,32893,63.50,20.778
59763,16233,58.00,18.978
59771,32893,63.50,20.778
59773,16233,58.00,18.978
59781,32893,63.50,20.778
59783,16233,58.00,18.978
59791,32893,63.50,20.778
59793,16233,58.00,18.978
59800,32893,63.50,20.778
59803,16233,58.00,18.978
59811,32893,63.50,20.778
59813,16233,58.00,18.978
59821,32893,63.50,20.778
59823,16233,58.00,18.978
59831,32893,63.50,20.778
59834,16233,58.00,18.978
59841,32893,63.50,20.778
59843,16233,58.00,18.978
59851,32893,63.50,20.778
59853,16233,58.00,18.978
59861,32893,63.50,20.778
59864,16233,58.00,18.978
59871,32893,63.50,20.778
59873,16233,58.00,18.978
59881,32893,63.50,20.778
59883,16233,58.00,18.978
59891,32893,63.50,20.778
59893,16233,58.00,18.978
59901,32893,63.50,20.778
59903,16233,58.00,18.978
59911,32893,63.50,20.778
59913,16233,58.00,18.978
59921,32893,63.50,20.778
59923,16233,58.00,18.978
59931,32893,63.50,20.778
59933,16233,58.00,18.978
59941,32893,63.50,20.778
59944,16233,58.00,18.978
59951,32893,63.50,20.778
59953,16233,58.00,18.978
59961,32893,63.50,20.778
59963,16233,58.00,18.978
59971,32893,63.50,20.778
59973,16233,58.00,18.978
59981,32893,63.50,20.778
59983,16233,58.00,18.978
59991,32893,63.50,20.778
59993,16233,58.00,18.978
60000,32893,63.50,20.778
60003,16233,58.00,18.978
60011,32893,63.50,20.778
60013,16233,58.00,18.978
60021,32893,63.50,20.778
60023,16233,58.00,18.978
60031,32893,63.50,20.778
60033,16233,58.00,18.978
60041,32893,63.50,20.778
60043,16233,58.00,18.978
60051,32893,63.50,20.778
60053,16233,58.00,18.978
60061,32893,63.50,20.778
60063,16233,58.00,18.978
60072,32893,63.50,20.778
60074,16233,58.00,18.978
60081,32893,63.50,20.778
60083,16233,58.00,18.978
60092,32893,63.50,20.778
60093,16233,58.00,18.978
60101,32893,63.50,20.778
60103,16233,58.00,18.978
60111,32893,63.50,20.778
60113,16233,58.00,18.978
60121,32893,63.50,20.778
60123,16233,58.00,18.978
60131,32893,63.50,20.778
60133,16233,58.00,18.978
60141,32893,63.50,20.778
60143,16233,58.00,18.978
60150,32893,63.50,20.778
60153,16233,58.00,18.978
60161,32893,63.50,20.778
60163,16233,58.00,18.978
60171,32893,63.50,20.778
60173,16233,58.00,18.978
60181,32893,63.50,20.778
60183,16233,58.00,18.978
60191,32893,63.50,20.778
60193,16233,58.00,18.978
60201,32893,63.50,20.778
60203,16233,58.00,18.978
60211,32893,63.50,20.778
60213,16233,58.00,18.978
60221,32893,63.50,20.778
60223,16233,58.00,18.978
60231,32893,63.50,20.778
60233,16233,58.00,18.978
60241,32893,63.50,20.778
60244,16233,58.00,18.978
60250,32893,63.50,20.778
60253,16233,58.00,18.978
60261,32893,63.50,20.778
60263,16233,58.00,18.978
60271,32893,63.50,20.778
60273,16233,58.00,18.978
60281,32893,63.50,20.778
60283,16233,58.00,18.978
60291,32893,63.50,20.778
60293,16233,58.00,18.978
60301,32893,63.50,20.778
60303,16233,58.00,18.978
60311,32893,63.50,20.778
60313,16233,58.00,18.978
60321,32893,63.50,20.778
60324,16233,58.00,18.978
60331,32893,63.50,20.778
60333,16233,58.00,18.978
60341,32893,63.50,20.778
60343,16233,58.00,18.978
60351,32893,63.50,20.778
60353,16233,58.00,18.978
60360,32893,63.50,20.778
60363,16233,58.00,18.978
60371,32893,63.50,20.778
60373,16233,58.00,18.978
60380,32893,63.50,20.778
60383,16233,58.00,18.978
60391,32893,63.50,20.778
60393,16233,58.00,18.978
60401,32893,63.50,20.778
60403,16233,58.00,18.978
60411,32893,63.50,20.778
60413,16233,58.00,18.978
60421,32893,63.50,20.778
60423,16233,58.00,18.978
60431,32893,63.50,20.778
60433,16233,58.00,18.978
60441,32893,63.50,20.778
60443,16233,58.00,18.978
60451,32893,63.50,20.778
60453,16233,58.00,18.978
60461,32893,63.50,20.778
60463,16233,58.00,18.978
60471,32893,63.50,20.778
60473,16233,58.00,18.978
60481,32893,63.50,20.778
60483,16233,58.00,18.978
60491,32893,63.50,20.778
60493,16233,58.00,18.978
60501,32893,63.50,20.778
60503,16233,58.00,18.978
60511,32893,63.50,20.778
60513,16233,58.00,18.978
60521,32893,63.50,20.778
60523,16233,58.00,18.978
60531,32893,63.50,20.778
60533,16233,58.00,18.978
60541,32893,63.50,20.778
60543,16233,58.00,18.978
60551,32893,63.50,20.778
60553,16233,58.00,18.978
60561,32893,63.50,20.778
60563,16233,58.00,18.978
60571,32893,63.50,20.778
60573,16233,58.00,18.978
60581,32893,63.50,20.778
60583,16233,58.00,18.978
60591,32893,63.50,20.778
60593,16233,58.00,18.978
60601,32893,63.50,20.778
60603,16233,58.00,18.978
60611,32893,63.50,20.778
60613,16233,58.00,18.978
60621,32893,63.50,20.778
60623,16233,58.00,18.978
60631,32893,63.50,20.778
60633,16233,58.00,18.978
60641,32893,63.50,20.778
60643,16233,58.00,18.978
60651,32893,63.50,20.778
60653,16233,58.00,18.978
60661,32893,63.50,20.778
60663,16233,58.00,18.978
60671,32893,63.50,20.778
60673,16233,58.00,18.978
60681,32893,63.50,20.778
60683,16233,58.00,18.978
60691,32893,63.50,20.778
60694,16233,58.00,18.978
60701,32893,63.50,20.778
60703,16233,58.00,18.978
60710,32893,63.50,20.778
60713,16233,58.00,18.978
60721,32893,63.50,20.778
60723,16233,58.00,18.978
60731,32893,63.50,20.778
60733,16233,58.00,18.978
60741,32893,63.50,20.778
60743,16233,58.00,18.978
60751,32893,63.50,20.778
60753,16233,58.00,18.978
60761,32893,63.50,20.778
60763,16233,58.00,18.978
60771,32893,63.50,20.778
60773,16233,58.00,18.978
60781,32893,63.50,20.778
60783,16233,58.00,18.978
60790,32893,63.50,20.778
60793,16233,58.00,18.978
60801,32893,63.50,20.778
60803,16233,58.00,18.978
60810,32893,63.50,20.778
60813,16233,58.00,18.978
60821,32893,63.50,20.778
60823,16233,58.00,18.978
60831,32893,63.50,20.778
60833,16233,58.00,18.978
60841,32893,63.50,20.778
60843,16233,58.00,18.978
60850,32893,63.50,20.778
60853,16233,58.00,18.978
60861,32893,63.50,20.778
60863,16233,58.00,18.978
60871,32893,63.50,20.778
60873,16233,58.00,18.978
60881,32893,63.50,20.778
60883,16233,58.00,18.978
60891,32893,63.50,20.778
60894,16233,58.00,18.978
60901,32893,63.50,20.778
60903,16233,58.00,18.978
60911,32893,63.50,20.778
60913,16233,58.00,18.978
60921,32893,63.50,20.778
60923,16233,63.50,20.778
60931,32893,63.50,20.778
60934,16233,63.50,20.778
60941,32893,63.50,20.778
60943,16233,63.50,20.778
60951,32893,63.50,20.778
60953,16233,63.50,20.778
60961,32893,63.50,20.778
60963,16233,63.50,20.778
60971,32893,63.50,20.778
60973,16233,63.50,20.778
60981,32893,63.50,20.778
60983,16233,63.50,20.778
60991,32893,63.50,20.778
60993,16233,63.50,20.778
61001,32893,63.50,20.778
61003,16233,63.50,20.778
61011,32893,63.50,20.778
61013,16233,63.50,20.778
61021,32893,63.50,20.778
61023,16233,63.50,20.778
61031,32893,63.50,20.778
61033,16233,63.50,20.778
61041,32893,63.50,20.778
61043,16233,63.50,20.778
61051,32893,63.50,20.778
61053,16233,63.50,20.778
61061,32893,63.50,20.778
61063,16233,63.50,20.778
61071,32893,63.50,20.778
61073,16233,63.50,20.778
61081,32893,63.50,20.778
61083,16233,63.50,20.778
61091,32893,63.50,20.778
61093,16233,63.50,20.778
61101,32893,63.50,20.778
61103,16233,63.50,20.778
61111,32893,63.50,20.778
61113,16233,63.50,20.778
61121,32893,63.50,20.778
61123,16233,63.50,20.778
61131,32893,63.50,20.778
61133,16233,63.50,20.778
61141,32893,63.50,20.778
61143,16233,63.50,20.778
61151,32893,63.50,20.778
61153,16233,63.50,20.778
61161,32893,63.50,20.778
61163,16233,63.50,20.778
61171,32893,63.50,20.778
61173,16233,63.50,20.778
61181,32893,63.50,20.778
61183,16233,63.50,20.778
61191,32893,63.50,20.778
61193,16233,63.50,20.778
61201,32893,63.50,20.778
61203,16233,63.50,20.778
61211,32893,63.50,20.778
61213,16233,63.50,20.778
61221,32893,63.50,20.778
61224,16233,63.50,20.778
61231,32893,63.50,20.778
61233,16233,63.50,20.778
61241,32893,63.50,20.778
61243,16233,63.50,20.778
61251,32893,63.50,20.778
61253,16233,63.50,20.778
61261,32893,63.50,20.778
61263,16233,63.50,20.778
61271,32893,63.50,20.778
61273,16233,63.50,20.778
61281,32893,63.50,20.778
61283,16233,63.50,20.778
61291,32893,63.50,20.778
61293,16233,63.50,20.778
61301,32893,63.50,20.778
61303,16233,63.50,20.778
61311,32893,63.50,20.778
61313,16233,63.50,20.778
61321,32893,63.50,20.778
61323,16233,63.50,20.778
61331,32893,63.50,20.778
61333,16233,63.50,20.778
61340,32893,63.50,20.778
61343,16233,63.50,20.778
61351,32893,63.50,20.778
61353,16233,63.50,20.778
61361,32893,63.50,20.778
61364,16233,63.50,20.778
61371,32893,63.50,20.778
61373,16233,63.50,20.778
61381,32893,63.50,20.778
61384,16233,63.50,20.778
61391,32893,63.50,20.778
61394,16233,63.50,20.778
61401,32893,63.50,20.778
61404,16233,63.50,20.778
61411,32893,63.50,20.778
61413,16233,63.50,20.778
61421,32893,63.50,20.778
61423,16233,63.50,20.778
61431,32893,63.50,20.778
61433,16233,63.50,20.778
61441,32893,63.50,20.778
61443,16233,63.50,20.778
61451,32893,63.50,20.778
61453,16233,63.50,20.778
61461,32893,63.50,20.778
61463,16233,63.50,20.778
61471,32893,63.50,20.778
61473,16233,63.50,20.778
61481,32893,63.50,20.778
61483,16233,63.50,20.778
61491,32893,63.50,20.778
61493,16233,63.50,20.778
61501,32893,63.50,20.778
61503,16233,63.50,20.778
61511,32893,63.50,20.778
61514,16233,63.50,20.778
61521,32893,63.50,20.778
61523,16233,63.50,20.778
61531,32893,63.50,20.778
61533,16233,63.50,20.778
61541,32893,63.50,20.778
61543,16233,63.50,20.778
61551,32893,63.50,20.778
61553,16233,63.50,20.778
61561,32893,63.50,20.778
61563,16233,63.50,20.778
61571,32893,63.50,20.778
61573,16233,63.50,20.778
61581,32893,63.50,20.778
61583,16233,63.50,20.778
61591,32893,63.50,20.778
61593,16233,63.50,20.778
61601,32893,63.50,20.778
61603,16233,63.50,20.778
61611,32893,63.50,20.778
61613,16233,63.50,20.778
61621,32893,63.50,20.778
61623,16233,63.50,20.778
61631,32893,63.50,20.778
61633,16233,63.50,20.778
61641,32893,63.50,20.778
61643,16233,63.50,20.778
61651,32893,63.50,20.778
61654,16233,63.50,20.778
61661,32893,63.50,20.778
61663,16233,63.50,20.778
61671,32893,63.50,20.778
61673,16233,63.50,20.778
61681,32893,63.50,20.778
61683,16233,63.50,20.778
61691,32893,63.50,20.778
61693,16233,63.50,20.778
61701,32893,63.50,20.778
61703,16233,63.50,20.778
61710,32893,63.50,20.778
61713,16233,63.50,20.778
61721,32893,63.50,20.778
61723,16233,63.50,20.778
61731,32893,63.50,20.778
61733,16233,63.50,20.778
61741,32893,63.50,20.778
61743,16233,63.50,20.778
61751,32893,63.50,20.778
61753,16233,63.50,20.778
61761,32893,63.50,20.778
61763,16233,63.50,20.778
61771,32893,63.50,20.778
61773,16233,63.50,20.778
61781,32893,63.50,20.778
61783,16233,63.50,20.778
61791,32893,63.50,20.778
61793,16233,63.50,20.778
61802,32893,63.50,20.778
61803,16233,63.50,20.778
61811,32893,63.50,20.778
61813,16233,63.50,20.778
61821,32893,63.50,20.778
61823,16233,63.50,20.778
61831,32893,63.50,20.778
61833,16233,63.50,20.778
61841,32893,63.50,20.778
61843,16233,63.50,20.778
61851,32893,63.50,20.778
61853,16233,63.50,20.778
61861,32893,63.50,20.778
61863,16233,63.50,20.778
61871,32893,63.50,20.778
61873,16233,63.50,20.778
61881,32893,63.50,20.778
61883,16233,63.50,20.778
61891,32893,63.50,20.778
61893,16233,63.50,20.778
61901,32893,63.50,20.778
61903,16233,63.50,20.778
61911,32893,63.50,20.778
61914,16233,63.50,20.778
61921,32893,63.50,20.778
61923,16233,63.50,20.778
61931,32893,63.50,20.778
61933,16233,63.50,20.778
61941,32893,63.50,20.778
61943,16233,63.50,20.778
61951,32893,63.50,20.778
61953,16233,63.50,20.778
61961,32893,63.50,20.778
61963,16233,63.50,20.778
61971,32893,63.50,20.778
61973,16233,63.50,20.778
61981,32893,63.50,20.778
61983,16233,63.50,20.778
61991,32893,63.50,20.778
61993,16233,63.50,20.778
62001,32893,63.50,20.778
62003,16233,63.50,20.778
62011,32893,63.50,20.778
62013,16233,63.50,20.778
62021,32893,63.50,20.778
62023,16233,63.50,20.778
62031,32893,63.50,20.778
62033,16233,63.50,20.778
62041,32893,63.50,20.778
62043,16233,63.50,20.778
62051,32893,63.50,20.778
62053,16233,63.50,20.778
62061,32893,63.50,20.778
62063,16233,63.50,20.778
62071,32893,63.50,20.778
62073,16233,63.50,20.778
62081,32893,63.50,20.778
62083,16233,63.50,20.778
62091,32893,63.50,20.778
62093,16233,63.50,20.778
62101,32893,63.50,20.778
62103,16233,63.50,20.778
62111,32893,63.50,20.778
62113,16233,63.50,20.778
62121,32893,63.50,20.778
62123,16233,63.50,20.778
62131,32893,63.50,20.778
62133,16233,63.50,20.778
62141,32893,63.50,20.778
62143,16233,63.50,20.778
62151,32893,63.50,20.778
62153,16233,63.50,20.778
62161,32893,63.50,20.778
62163,16233,63.50,20.778
62171,32893,63.50,20.778
62173,16233,63.50,20.778
62181,32893,63.50,20.778
62183,16233,63.50,20.778
62192,32893,63.50,20.778
62193,16233,63.50,20.778
62200,32893,63.50,20.778
62203,16233,63.50,20.778
62211,32893,63.50,20.778
62213,16233,63.50,20.778
62221,32893,63.50,20.778
62223,16233,63.50,20.778
62231,32893,63.50,20.778
62233,16233,63.50,20.778
62241,32893,63.50,20.778
62243,16233,63.50,20.778
62251,32893,63.50,20.778
62253,16233,63.50,20.778
62261,32893,63.50,20.778
62263,16233,63.50,20.778
62271,32893,63.50,20.778
62273,16233,63.50,20.778
62281,32893,63.50,20.778
62283,16233,63.50,20.778
62291,32893,63.50,20.778
62293,16233,63.50,20.778
62301,32893,63.50,20.778
62303,16233,63.50,20.778
62311,32893,63.50,20.778
62313,16233,63.50,20.778
62321,32893,63.50,20.778
62324,16233,63.50,20.778
62331,32893,63.50,20.778
62334,16233,63.50,20.778
62342,32893,63.50,20.778
62343,16233,63.50,20.778
62351,32893,63.50,20.778
62354,16233,63.50,20.778
62362,32893,63.50,20.778
62364,16233,63.50,20.778
62373,32893,63.50,20.778
62374,16233,63.50,20.778
62381,32893,63.50,20.778
62383,16233,63.50,20.778
62391,32893,63.50,20.778
62393,16233,63.50,20.778
62401,32893,63.50,20.778
62404,16233,63.50,20.778
62411,32893,63.50,20.778
62413,16233,63.50,20.778
62421,32893,63.50,20.778
62423,16233,63.50,20.778
62431,32893,63.50,20.778
62433,16233,63.50,20.778
62441,32893,63.50,20.778
62443,16233,63.50,20.778
62451,32893,63.50,20.778
62453,16233,63.50,20.778
62461,32893,63.50,20.778
62463,16233,63.50,20.778
62471,32893,63.50,20.778
62473,16233,63.50,20.778
62481,32893,63.50,20.778
62483,16233,63.50,20.778
62491,32893,63.50,20.778
62493,16233,63.50,20.778
62501,32893,63.50,20.778
62504,16233,63.50,20.778
62511,32893,63.50,20.778
62513,16233,63.50,20.778
62521,32893,63.50,20.778
62523,16233,63.50,20.778
62531,32893,63.50,20.778
62533,16233,63.50,20.778
62541,32893,63.50,20.778
62543,16233,63.50,20.778
62551,32893,63.50,20.778
62553,16233,63.50,20.778
62561,32893,63.50,20.778
62563,16233,63.50,20.778
62571,32893,63.50,20.778
62573,16233,63.50,20.778
62581,32893,63.50,20.778
62583,16233,63.50,20.778
62591,32893,63.50,20.778
62593,16233,63.50,20.778
62601,32893,63.50,20.778
62603,16233,63.50,20.778
62611,32893,63.50,20.778
62613,16233,63.50,20.778
62621,32893,63.50,20.778
62623,16233,63.50,20.778
62631,32893,63.50,20.778
62633,16233,63.50,20.778
62641,32893,63.50,20.778
62643,16233,63.50,20.778
62651,32893,63.50,20.778
62653,16233,63.50,20.778
62661,32893,63.50,20.778
62663,16233,63.50,20.778
62671,32893,63.50,20.778
62673,16233,63.50,20.778
62681,32893,63.50,20.778
62683,16233,63.50,20.778
62691,32893,63.50,20.778
62693,16233,63.50,20.778
62701,32893,63.50,20.778
62703,16233,63.50,20.778
62711,32893,63.50,20.778
62713,16233,63.50,20.778
62721,32893,63.50,20.778
62723,16233,63.50,20.778
62731,32893,63.50,20.778
62733,16233,63.50,20.778
62741,32893,63.50,20.778
62743,16233,63.50,20.778
62751,32893,63.50,20.778
62753,16233,63.50,20.778
62761,32893,63.50,20.778
62763,16233,63.50,20.778
62770,32893,63.50,20.778
62773,16233,63.50,20.778
62781,32893,63.50,20.778
62783,16233,63.50,20.778
62791,32893,63.50,20.778
62793,16233,63.50,20.778
62801,32893,63.50,20.778
62803,16233,63.50,20.778
62811,32893,63.50,20.778
62813,16233,63.50,20.778
62820,32893,63.50,20.778
62823,16233,63.50,20.778
62831,32893,63.50,20.778
62833,16233,63.50,20.778
62841,32893,63.50,20.778
62843,16233,63.50,20.778
62850,32893,63.50,20.778
62853,16233,63.50,20.778
62861,32893,63.50,20.778
62863,16233,63.50,20.778
62871,32893,63.50,20.778
62873,16233,63.50,20.778
62881,32893,63.50,20.778
62883,16233,63.50,20.778
62891,32893,63.50,20.778
62893,16233,63.50,20.778
62901,32893,63.50,20.778
62903,16233,63.50,20.778
62910,32893,63.50,20.778
62913,16233,63.50,20.778
62921,32893,63.50,20.778
62923,16233,63.50,20.778
62931,32893,63.50,20.778
62933,16233,63.50,20.778
62941,32893,63.50,20.778
62943,16233,63.50,20.778
62951,32893,63.50,20.778
62953,16233,63.50,20.778
62961,32893,63.50,20.778
62963,16233,63.50,20.778
62971,32893,63.50,20.778
62973,16233,63.50,20.778
62981,32893,63.50,20.778
62983,16233,63.50,20.778
62990,32893,63.50,20.778
62993,16233,63.50,20.778
63001,32893,63.50,20.778
63003,16233,63.50,20.778
63011,32893,63.50,20.778
63013,16233,63.50,20.778
63021,32893,63.50,20.778
63023,16233,63.50,20.778
63030,32893,63.50,20.778
63033,16233,63.50,20.778
63041,32893,63.50,20.778
63043,16233,63.50,20.778
63050,32893,63.50,20.778
63053,16233,63.50,20.778
63061,32893,63.50,20.778
63063,16233,63.50,20.778
63070,32893,63.50,20.778
63073,16233,63.50,20.778
63081,32893,63.50,20.778
63083,16233,63.50,20.778
63091,32893,63.50,20.778
63093,16233,63.50,20.778
63101,32893,63.50,20.778
63103,16233,63.50,20.778
63112,32893,63.50,20.778
63113,16233,63.50,20.778
63121,32893,63.50,20.778
63123,16233,63.50,20.778
63131,32893,63.50,20.778
63133,16233,63.50,20.778
63141,32893,63.50,20.778
63143,16233,63.50,20.778
63150,32893,63.50,20.778
63153,16233,63.50,20.778
63161,32893,63.50,20.778
63163,16233,63.50,20.778
63171,32893,63.50,20.778
63173,16233,63.50,20.778
63181,32893,63.50,20.778
63183,16233,63.50,20.778
63191,32893,63.50,20.778
63193,16233,63.50,20.778
63201,32893,63.50,20.778
63203,16233,63.50,20.778
63211,32893,63.50,20.778
63214,16233,63.50,20.778
63221,32893,63.50,20.778
63223,16233,63.50,20.778
63231,32893,63.50,20.778
63233,16233,63.50,20.778
63241,32893,63.50,20.778
63243,16233,63.50,20.778
63251,32893,63.50,20.778
63253,16233,63.50,20.778
63261,32893,63.50,20.778
63263,16233,63.50,20.778
63271,32893,63.50,20.778
63273,16233,63.50,20.778
63281,32893,63.50,20.778
63283,16233,63.50,20.778
63291,32893,63.50,20.778
63293,16233,63.50,20.778
63301,32893,63.50,20.778
63303,16233,63.50,20.778
63310,32893,63.50,20.778
63313,16233,63.50,20.778
63321,32893,63.50,20.778
63323,16233,63.50,20.778
63331,32893,63.50,20.778
63333,16233,63.50,20.778
63341,32893,63.50,20.778
63343,16233,63.50,20.778
63351,32893,63.50,20.778
63353,16233,63.50,20.778
63361,32893,63.50,20.778
63363,16233,63.50,20.778
63371,32893,63.50,20.778
63373,16233,63.50,20.778
63381,32893,63.50,20.778
63383,16233,63.50,20.778
63391,32893,63.50,20.778
63393,16233,63.50,20.778
63401,32893,63.50,20.778
63403,16233,63.50,20.778
63412,32893,63.50,20.778
63413,16233,63.50,20.778
63421,32893,63.50,20.778
63423,16233,63.50,20.778
63431,32893,63.50,20.778
63433,16233,63.50,20.778
63441,32893,63.50,20.778
63443,16233,63.50,20.778
63451,32893,63.50,20.778
63453,16233,63.50,20.778
63461,32893,63.50,20.778
63463,16233,63.50,20.778
63471,32893,63.50,20.778
63473,16233,63.50,20.778
63481,32893,63.50,20.778
63483,16233,63.50,20.778
63491,32893,63.50,20.778
63493,16233,63.50,20.778
63501,32893,63.50,20.778
63503,16233,63.50,20.778
63511,32893,63.50,20.778
63513,16233,63.50,20.778
63521,32893,63.50,20.778
63523,16233,63.50,20.778
63531,32893,63.50,20.778
63533,16233,63.50,20.778
63541,32893,63.50,20.778
63543,16233,63.50,20.778
63551,32893,63.50,20.778
63553,16233,63.50,20.778
63561,32893,63.50,20.778
63563,16233,63.50,20.778
63571,32893,63.50,20.778
63573,16233,63.50,20.778
63581,32893,63.50,20.778
63583,16233,63.50,20.778
63591,32893,63.50,20.778
63594,16233,63.50,20.778
63601,32893,63.50,20.778
63603,16233,63.50,20.778
63611,32893,63.50,20.778
63613,16233,63.50,20.778
63621,32893,63.50,20.778
63624,16233,63.50,20.778
63631,32893,63.50,20.778
63633,16233,63.50,20.778
63641,32893,63.50,20.778
63643,16233,63.50,20.778
63651,32893,63.50,20.778
63653,16233,63.50,20.778
63661,32893,63.50,20.778
63663,16233,63.50,20.778
63671,32893,63.50,20.778
63673,16233,63.50,20.778
63681,32893,63.50,20.778
63683,16233,63.50,20.778
63691,32893,63.50,20.778
63693,16233,63.50,20.778
63701,32893,63.50,20.778
63703,16233,63.50,20.778
63711,32893,63.50,20.778
63713,16233,63.50,20.778
63721,32893,63.50,20.778
63723,16233,63.50,20.778
63731,32893,63.50,20.778
63733,16233,63.50,20.778
63741,32893,63.50,20.778
63743,16233,63.50,20.778
63751,32893,63.50,20.778
63753,16233,63.50,20.778
63761,32893,63.50,20.778
63763,16233,63.50,20.778
63771,32893,63.50,20.778
63773,16233,63.50,20.778
63781,32893,63.50,20.778
63783,16233,63.50,20.778
63791,32893,63.50,20.778
63793,16233,63.50,20.778
63801,32893,63.50,20.778
63803,16233,63.50,20.778
63810,32893,63.50,20.778
63813,16233,63.50,20.778
63820,32893,63.50,20.778
63823,16233,63.50,20.778
63831,32893,63.50,20.778
63833,16233,63.50,20.778
63841,32893,63.50,20.778
63843,16233,63.50,20.778
63851,32893,63.50,20.778
63853,16233,63.50,20.778
63861,32893,63.50,20.778
63863,16233,63.50,20.778
63871,32893,63.50,20.778
63873,16233,63.50,20.778
63881,32893,63.50,20.778
63883,16233,63.50,20.778
63891,32893,63.50,20.778
63894,16233,63.50,20.778
63901,32893,63.50,20.778
63903,16233,63.50,20.778
63911,32893,63.50,20.778
63913,16233,63.50,20.778
63921,32893,63.50,20.778
63923,16233,63.50,20.778
63931,32893,63.50,20.778
63933,16233,63.50,20.778
63941,32893,63.50,20.778
63943,16233,63.50,20.778
63950,32893,63.50,20.778
63953,16233,63.50,20.778
63961,32893,63.50,20.778
63963,16233,63.50,20.778
63971,32893,63.50,20.778
63973,16233,63.50,20.778
63981,32893,63.50,20.778
63983,16233,63.50,20.778
63991,32893,63.50,20.778
63993,16233,63.50,20.778
64001,32893,63.50,20.778
64003,16233,63.50,20.778
64011,32893,63.50,20.778
64013,16233,63.50,20.778
64021,32893,63.50,20.778
64023,16233,63.50,20.778
64031,32893,63.50,20.778
64033,16233,63.50,20.778
64041,32893,63.50,20.778
64043,16233,63.50,20.778
64051,32893,63.50,20.778
64053,16233,63.50,20.778
64061,32893,63.50,20.778
64063,16233,63.50,20.778
64071,32893,63.50,20.778
64073,16233,63.50,20.778
64081,32893,63.50,20.778
64083,16233,63.50,20.778
64091,32893,63.50,20.778
64093,16233,63.50,20.778
64101,32893,63.50,20.778
64103,16233,63.50,20.778
64111,32893,63.50,20.778
64113,16233,63.50,20.778
64121,32893,63.50,20.778
64123,16233,63.50,20.778
64131,32893,63.50,20.778
64133,16233,63.50,20.778
64141,32893,63.50,20.778
64143,16233,63.50,20.778
64151,32893,63.50,20.778
64153,16233,63.50,20.778
64161,32893,63.50,20.778
64163,16233,63.50,20.778
64171,32893,63.50,20.778
64173,16233,63.50,20.778
64181,32893,63.50,20.778
64183,16233,63.50,20.778
64191,32893,63.50,20.778
64193,16233,63.50,20.778
64201,32893,63.50,20.778
64203,16233,63.50,20.778
64211,32893,63.50,20.778
64214,16233,63.50,20.778
64221,32893,63.50,20.778
64223,16233,63.50,20.778
64231,32893,63.50,20.778
64233,16233,63.50,20.778
64241,32893,63.50,20.778
64243,16233,63.50,20.778
64251,32893,63.50,20.778
64253,16233,63.50,20.778
64261,32893,63.50,20.778
64263,16233,63.50,20.778
64271,32893,63.50,20.778
64273,16233,63.50,20.778
64281,32893,63.50,20.778
64283,16233,63.50,20.778
64291,32893,63.50,20.778
64293,16233,63.50,20.778
64301,32893,63.50,20.778
64303,16233,63.50,20.778
64311,32893,63.50,20.778
64314,16233,63.50,20.778
64321,32893,63.50,20.778
64323,16233,63.50,20.778
64331,32893,63.50,20.778
64333,16233,63.50,20.778
64341,32893,63.50,20.778
64343,16233,63.50,20.778
64351,32893,63.50,20.778
64353,16233,63.50,20.778
64361,32893,63.50,20.778
64364,16233,63.50,20.778
64371,32893,63.50,20.778
64373,16233,63.50,20.778
64381,32893,63.50,20.778
64383,16233,63.50,20.778
64391,32893,63.50,20.778
64393,16233,63.50,20.778
64401,32893,63.50,20.778
64403,16233,63.50,20.778
64412,32893,63.50,20.778
64413,16233,63.50,20.778
64422,32893,63.50,20.778
64423,16233,63.50,20.778
64432,32893,63.50,20.778
64433,16233,63.50,20.778
64441,32893,63.50,20.778
64443,16233,63.50,20.778
64451,32893,63.50,20.778
64453,16233,63.50,20.778
64461,32893,63.50,20.778
64463,16233,63.50,20.778
64471,32893,63.50,20.778
64473,16233,63.50,20.778
64481,32893,63.50,20.778
64483,16233,63.50,20.778
64491,32893,63.50,20.778
64493,16233,63.50,20.778
64502,32893,63.50,20.778
64503,16233,63.50,20.778
64511,32893,63.50,20.778
64513,16233,63.50,20.778
64521,32893,63.50,20.778
64523,16233,63.50,20.778
64531,32893,63.50,20.778
64533,16233,63.50,20.778
64541,32893,63.50,20.778
64543,16233,63.50,20.778
64551,32893,63.50,20.778
64553,16233,63.50,20.778
64561,32893,63.50,20.778
64563,16233,63.50,20.778
64571,32893,63.50,20.778
64573,16233,63.50,20.778
64581,32893,63.50,20.778
64583,16233,63.50,20.778
64591,32893,63.50,20.778
64593,16233,63.50,20.778
64601,32893,63.50,20.778
64603,16233,63.50,20.778
64611,32893,63.50,20.778
64613,16233,63.50,20.778
64621,32893,63.50,20.778
64623,16233,63.50,20.778
64631,32893,63.50,20.778
64633,16233,63.50,20.778
64641,32893,63.50,20.778
64643,16233,63.50,20.778
64651,32893,63.50,20.778
64653,16233,63.50,20.778
64661,32893,63.50,20.778
64663,16233,63.50,20.778
64671,32893,63.50,20.778
64673,16233,63.50,20.778
64681,32893,63.50,20.778
64684,16233,63.50,20.778
64691,32893,63.50,20.778
64693,16233,63.50,20.778
64701,32893,63.50,20.778
64703,16233,63.50,20.778
64711,32893,63.50,20.778
64713,16233,63.50,20.778
64721,32893,63.50,20.778
64723,16233,63.50,20.778
64731,32893,63.50,20.778
64733,16233,63.50,20.778
64741,32893,63.50,20.778
64743,16233,63.50,20.778
64751,32893,63.50,20.778
64753,16233,63.50,20.778
64761,32893,63.50,20.778
64763,16233,63.50,20.778
64771,32893,63.50,20.778
64773,16233,63.50,20.778
64781,32893,63.50,20.778
64783,16233,63.50,20.778
64791,32893,63.50,20.778
64793,16233,63.50,20.778
64801,32893,63.50,20.778
64804,16233,63.50,20.778
64811,32893,63.50,20.778
64813,16233,63.50,20.778
64821,32893,63.50,20.778
64823,16233,63.50,20.778
64831,32893,63.50,20.778
64833,16233,63.50,20.778
64841,32893,63.50,20.778
64843,16233,63.50,20.778
64851,32893,63.50,20.778
64853,16233,63.50,20.778
64861,32893,63.50,20.778
64863,16233,63.50,20.778
64871,32893,63.50,20.778
64873,16233,63.50,20.778
64881,32893,63.50,20.778
64883,16233,63.50,20.778
64891,32893,63.50,20.778
64893,16233,63.50,20.778
64901,32893,63.50,20.778
64903,16233,63.50,20.778
64911,32893,63.50,20.778
64913,16233,63.50,20.778
64921,32893,63.50,20.778
64923,16233,63.50,20.778
64931,32893,63.50,20.778
64933,16233,63.50,20.778
64941,32893,63.50,20.778
64943,16233,63.50,20.778
64951,32893,63.50,20.778
64953,16233,63.50,20.778
64961,32893,63.50,20.778
64963,16233,63.50,20.778
64971,32893,63.50,20.778
64973,16233,63.50,20.778
64981,32893,63.50,20.778
64984,16233,63.50,20.778
64991,32893,63.50,20.778
64993,16233,63.50,20.778
65001,32893,63.50,20.778
65003,16233,63.50,20.778
65011,32893,63.50,20.778
65013,16233,63.50,20.778
65021,32893,63.50,20.778
65023,16233,63.50,20.778
65031,32893,63.50,20.778
65033,16233,63.50,20.778
65041,32893,63.50,20.778
65043,16233,63.50,20.778
65051,32893,63.50,20.778
65053,16233,63.50,20.778
65062,32893,63.50,20.778
65063,16233,63.50,20.778
65071,32893,63.50,20.778
65073,16233,63.50,20.778
65081,32893,63.50,20.778
65083,16233,63.50,20.778
65091,32893,63.50,20.778
65093,16233,63.50,20.778
65101,32893,63.50,20.778
65103,16233,63.50,20.778
65110,32893,63.50,20.778
65113,16233,63.50,20.778
65121,32893,63.50,20.778
65123,16233,63.50,20.778
65131,32893,63.50,20.778
65133,16233,63.50,20.778
65140,32893,63.50,20.778
65143,16233,63.50,20.778
65151,32893,63.50,20.778
65153,16233,63.50,20.778
65161,32893,63.50,20.778
65163,16233,63.50,20.778
65171,32893,63.50,20.778
65173,16233,63.50,20.778
65181,32893,63.50,20.778
65183,16233,63.50,20.778
65191,32893,63.50,20.778
65193,16233,63.50,20.778
65201,32893,63.50,20.778
65203,16233,63.50,20.778
65211,32893,63.50,20.778
65213,16233,63.50,20.778
65221,32893,63.50,20.778
65223,16233,63.50,20.778
65231,32893,63.50,20.778
65233,16233,63.50,20.778
65241,32893,63.50,20.778
65244,16233,63.50,20.778
65251,32893,63.50,20.778
65253,16233,63.50,20.778
65261,32893,63.50,20.778
65263,16233,63.50,20.778
65271,32893,63.50,20.778
65273,16233,63.50,20.778
65281,32893,63.50,20.778
65283,16233,63.50,20.778
65291,32893,63.50,20.778
65293,16233,63.50,20.778
65301,32893,63.50,20.778
65303,16233,63.50,20.778
65311,32893,63.50,20.778
65313,16233,63.50,20.778
65321,32893,63.50,20.778
65323,16233,63.50,20.778
65331,32893,63.50,20.778
65333,16233,63.50,20.778
65341,32893,63.50,20.778
65343,16233,63.50,20.778
65351,32893,63.50,20.778
65353,16233,63.50,20.778
65361,32893,63.50,20.778
65364,16233,63.50,20.778
65371,32893,63.50,20.778
65374,16233,63.50,20.778
65381,32893,63.50,20.778
65383,16233,63.50,20.778
65391,32893,63.50,20.778
65393,16233,63.50,20.778
65401,32893,63.50,20.778
65403,16233,63.50,20.778
65411,32893,63.50,20.778
65413,16233,63.50,20.778
65421,32893,63.50,20.778
65423,16233,63.50,20.778
65431,32893,63.50,20.778
65433,16233,63.50,20.778
65441,32893,63.50,20.778
65443,16233,63.50,20.778
65451,32893,63.50,20.778
65453,16233,63.50,20.778
65461,32893,63.50,20.778
65464,16233,63.50,20.778
65471,32893,63.50,20.778
65474,16233,63.50,20.778
65481,32893,63.50,20.778
65483,16233,63.50,20.778
65491,32893,63.50,20.778
65493,16233,63.50,20.778
65501,32893,63.50,20.778
65503,16233,63.50,20.778
65511,32893,63.50,20.778
65513,16233,63.50,20.778
65521,32893,63.50,20.778
65523,16233,63.50,20.778
65531,32893,63.50,20.778
65533,16233,63.50,20.778
65541,32893,63.50,20.778
65543,16233,63.50,20.778
65551,32893,63.50,20.778
65555,16233,63.50,20.778
65561,32893,63.50,20.778
65564,16233,63.50,20.778
65571,32893,63.50,20.778
65573,16233,63.50,20.778
65581,32893,63.50,20.778
65583,16233,63.50,20.778
65591,32893,63.50,20.778
65593,16233,63.50,20.778
65601,32893,63.50,20.778
65604,16233,63.50,20.778
65611,32893,63.50,20.778
65614,16233,63.50,20.778
65621,32893,63.50,20.778
65623,16233,63.50,20.778
65631,32893,63.50,20.778
65633,16233,63.50,20.778
65641,32893,63.50,20.778
65643,16233,63.50,20.778
65651,32893,63.50,20.778
65654,16233,63.50,20.778
65661,32893,63.50,20.778
65663,16233,63.50,20.778
65671,32893,63.50,20.778
65675,16233,63.50,20.778
65681,32893,63.50,20.778
65684,16233,63.50,20.778
65691,32893,63.50,20.778
65694,16233,63.50,20.778
65701,32893,63.50,20.778
65704,16233,63.50,20.778
65711,32893,63.50,20.778
65714,16233,63.50,20.778
65721,32893,63.50,20.778
65723,16233,63.50,20.778
65731,32893,63.50,20.778
65733,16233,63.50,20.778
65741,32893,63.50,20.778
65743,16233,63.50,20.778
65751,32893,63.50,20.778
65754,16233,63.50,20.778
65761,32893,63.50,20.778
65764,16233,63.50,20.778
65772,32893,63.50,20.778
65773,16233,63.50,20.778
65781,32893,63.50,20.778
65783,16233,63.50,20.778
65791,32893,63.50,20.778
65793,16233,63.50,20.778
65801,32893,63.50,20.778
65806,16233,63.50,20.778
65812,32893,63.50,20.778
65814,16233,63.50,20.778
65821,32893,63.50,20.778
65824,16233,63.50,20.778
65831,32893,63.50,20.778
65833,16233,63.50,20.778
65841,32893,63.50,20.778
65843,16233,63.50,20.778
65852,32893,63.50,20.778
65853,16233,63.50,20.778
65861,32893,63.50,20.778
65863,16233,63.50,20.778
65871,32893,63.50,20.778
65873,16233,63.50,20.778
65881,32893,63.50,20.778
65883,16233,63.50,20.778
65891,32893,63.50,20.778
65893,16233,63.50,20.778
65901,32893,63.50,20.778
65904,16233,63.50,20.778
65911,32893,63.50,20.778
65913,16233,63.50,20.778
65921,32893,63.50,20.778
65923,16233,63.50,20.778
65931,32893,63.50,20.778
65933,16233,63.50,20.778
65941,32893,63.50,20.778
65943,16233,63.50,20.778
65950,32893,63.50,20.778
65953,16233,63.50,20.778
65961,32893,63.50,20.778
65963,16233,63.50,20.778
65971,32893,63.50,20.778
65973,16233,63.50,20.778
65981,32893,63.50,20.778
65983,16233,63.50,20.778
65991,32893,63.50,20.778
65993,16233,63.50,20.778
66001,32893,63.50,20.778
66003,16233,63.50,20.778
66011,32893,63.50,20.778
66013,16233,63.50,20.778
66021,32893,63.50,20.778
66023,16233,63.50,20.778
66031,32893,63.50,20.778
66033,16233,63.50,20.778
66041,32893,63.50,20.778
66043,16233,63.50,20.778
66051,32893,63.50,20.778
66053,16233,63.50,20.778
66061,32893,63.50,20.778
66063,16233,63.50,20.778
66071,32893,63.50,20.778
66073,16233,63.50,20.778
66081,32893,63.50,20.778
66083,16233,63.50,20.778
66091,32893,63.50,20.778
66093,16233,63.50,20.778
66101,32893,63.50,20.778
66103,16233,63.50,20.778
66111,32893,63.50,20.778
66113,16233,63.50,20.778
66121,32893,63.50,20.778
66124,16233,63.50,20.778
66131,32893,63.50,20.778
66133,16233,63.50,20.778
66141,32893,63.50,20.778
66143,16233,63.50,20.778
66151,32893,63.50,20.778
66153,16233,63.50,20.778
66161,32893,63.50,20.778
66163,16233,63.50,20.778
66172,32893,63.50,20.778
66173,16233,63.50,20.778
66181,32893,63.50,20.778
66183,16233,63.50,20.778
66190,32893,63.50,20.778
66193,16233,63.50,20.778
66201,32893,63.50,20.778
66203,16233,63.50,20.778
66211,32893,63.50,20.778
66213,16233,63.50,20.778
66221,32893,63.50,20.778
66223,16233,63.50,20.778
66231,32893,63.50,20.778
66234,16233,63.50,20.778
66241,32893,63.50,20.778
66243,16233,63.50,20.778
66251,32893,63.50,20.778
66253,16233,63.50,20.778
66261,32893,63.50,20.778
66263,16233,63.50,20.778
66271,32893,63.50,20.778
66273,16233,63.50,20.778
66281,32893,63.50,20.778
66283,16233,63.50,20.778
66291,32893,63.50,20.778
66293,16233,63.50,20.778
66301,32893,63.50,20.778
66303,16233,63.50,20.778
66311,32893,63.50,20.778
66313,16233,63.50,20.778
66321,32893,63.50,20.778
66323,16233,63.50,20.778
66331,32893,63.50,20.778
66333,16233,63.50,20.778
66341,32893,63.50,20.778
66344,16233,63.50,20.778
66351,32893,63.50,20.778
66353,16233,63.50,20.778
66361,32893,63.50,20.778
66363,16233,63.50,20.778
66371,32893,63.50,20.778
66373,16233,63.50,20.778
66381,32893,63.50,20.778
66383,16233,63.50,20.778
66391,32893,63.50,20.778
66394,16233,63.50,20.778
66401,32893,63.50,20.778
66403,16233,63.50,20.778
66411,32893,63.50,20.778
66413,16233,63.50,20.778
66422,32893,63.50,20.778
66423,16233,63.50,20.778
66431,32893,63.50,20.778
66433,16233,63.50,20.778
66441,32893,63.50,20.778
66443,16233,63.50,20.778
66451,32893,63.50,20.778
66453,16233,63.50,20.778
66461,32893,63.50,20.778
66463,16233,63.50,20.778
66471,32893,63.50,20.778
66474,16233,63.50,20.778
66481,32893,63.50,20.778
66483,16233,63.50,20.778
66491,32893,63.50,20.778
66493,16233,63.50,20.778
66501,32893,63.50,20.778
66503,16233,63.50,20.778
66511,32893,63.50,20.778
66513,16233,63.50,20.778
66521,32893,63.50,20.778
66523,16233,63.50,20.778
66531,32893,63.50,20.778
66533,16233,63.50,20.778
66541,32893,63.50,20.778
66543,16233,63.50,20.778
66551,32893,63.50,20.778
66553,16233,63.50,20.778
66561,32893,63.50,20.778
66563,16233,63.50,20.778
66571,32893,63.50,20.778
66573,16233,63.50,20.778
66581,32893,63.50,20.778
66583,16233,63.50,20.778
66591,32893,63.50,20.778
66593,16233,63.50,20.778
66601,32893,63.50,20.778
66603,16233,63.50,20.778
66611,32893,63.50,20.778
66613,16233,63.50,20.778
66621,32893,63.50,20.778
66624,16233,63.50,20.778
66631,32893,63.50,20.778
66633,16233,63.50,20.778
66641,32893,63.50,20.778
66644,16233,63.50,20.778
66651,32893,63.50,20.778
66654,16233,63.50,20.778
66661,32893,63.50,20.778
66663,16233,63.50,20.778
66670,32893,63.50,20.778
66673,16233,63.50,20.778
66681,32893,63.50,20.778
66683,16233,63.50,20.778
66691,32893,63.50,20.778
66693,16233,63.50,20.778
66701,32893,63.50,20.778
66703,16233,63.50,20.778
66711,32893,63.50,20.778
66713,16233,63.50,20.778
66721,32893,63.50,20.778
66723,16233,63.50,20.778
66731,32893,63.50,20.778
66733,16233,63.50,20.778
66741,32893,63.50,20.778
66744,16233,63.50,20.778
66751,32893,63.50,20.778
66753,16233,63.50,20.778
66761,32893,63.50,20.778
66763,16233,63.50,20.778
66771,32893,63.50,20.778
66773,16233,63.50,20.778
66781,32893,63.50,20.778
66783,16233,63.50,20.778
66790,32893,63.50,20.778
66793,16233,63.50,20.778
66802,32893,63.50,20.778
66803,16233,63.50,20.778
66811,32893,63.50,20.778
66813,16233,63.50,20.778
66821,32893,63.50,20.778
66823,16233,63.50,20.778
66831,32893,63.50,20.778
66833,16233,63.50,20.778
66841,32893,63.50,20.778
66843,16233,63.50,20.778
66851,32893,63.50,20.778
66853,16233,63.50,20.778
66861,32893,63.50,20.778
66863,16233,63.50,20.778
66871,32893,63.50,20.778
66873,16233,63.50,20.778
66881,32893,63.50,20.778
66883,16233,63.50,20.778
66891,32893,63.50,20.778
66893,16233,63.50,20.778
66901,32893,63.50,20.778
66903,16233,63.50,20.778
66911,32893,63.50,20.778
66913,16233,63.50,20.778
66921,32893,63.50,20.778
66923,16233,63.50,20.778
66931,32893,63.50,20.778
66933,16233,63.50,20.778
66941,32893,63.50,20.778
66943,16233,63.50,20.778
66951,32893,63.50,20.778
66953,16233,63.50,20.778
66961,32893,63.50,20.778
66963,16233,63.50,20.778
66971,32893,63.50,20.778
66973,16233,63.50,20.778
66981,32893,63.50,20.778
66983,16233,63.50,20.778
66991,32893,63.50,20.778
66993,16233,63.50,20.778
67001,32893,63.50,20.778
67003,16233,63.50,20.778
67011,32893,63.50,20.778
67013,16233,63.50,20.778
67022,32893,63.50,20.778
67023,16233,63.50,20.778
67031,32893,63.50,20.778
67033,16233,63.50,20.778
67041,32893,63.50,20.778
67043,16233,63.50,20.778
67051,32893,63.50,20.778
67053,16233,63.50,20.778
67061,32893,63.50,20.778
67063,16233,63.50,20.778
67071,32893,63.50,20.778
67073,16233,63.50,20.778
67081,32893,63.50,20.778
67083,16233,63.50,20.778
67091,32893,63.50,20.778
67093,16233,63.50,20.778
67101,32893,63.50,20.778
67103,16233,63.50,20.778
67111,32893,63.50,20.778
67113,16233,63.50,20.778
67122,32893,63.50,20.778
67123,16233,63.50,20.778
67131,32893,63.50,20.778
67133,16233,63.50,20.778
67141,32893,63.50,20.778
67143,16233,63.50,20.778
67151,32893,63.50,20.778
67153,16233,63.50,20.778
67161,32893,63.50,20.778
67163,16233,63.50,20.778
67171,32893,63.50,20.778
67173,16233,63.50,20.778
67181,32893,63.50,20.778
67183,16233,63.50,20.778
67191,32893,63.50,20.778
67193,16233,63.50,20.778
67201,32893,63.50,20.778
67203,16233,63.50,20.778
67211,32893,63.50,20.778
67213,16233,63.50,20.778
67221,32893,63.50,20.778
67223,16233,63.50,20.778
67231,32893,63.50,20.778
67233,16233,63.50,20.778
67241,32893,63.50,20.778
67243,16233,63.50,20.778
67251,32893,63.50,20.778
67253,16233,63.50,20.778
67261,32893,63.50,20.778
67263,16233,63.50,20.778
67271,32893,63.50,20.778
67274,16233,63.50,20.778
67281,32893,63.50,20.778
67283,16233,63.50,20.778
67291,32893,63.50,20.778
67293,16233,63.50,20.778
67301,32893,63.50,20.778
67303,16233,63.50,20.778
67311,32893,63.50,20.778
67313,16233,63.50,20.778
67321,32893,63.50,20.778
67323,16233,63.50,20.778
67331,32893,63.50,20.778
67333,16233,63.50,20.778
67341,32893,63.50,20.778
67344,16233,63.50,20.778
67351,32893,63.50,20.778
67353,16233,63.50,20.778
67361,32893,63.50,20.778
67363,16233,63.50,20.778
67371,32893,63.50,20.778
67373,16233,63.50,20.778
67381,32893,63.50,20.778
67383,16233,63.50,20.778
67391,32893,63.50,20.778
67393,16233,63.50,20.778
67401,32893,63.50,20.778
67403,16233,63.50,20.778
67411,32893,63.50,20.778
67413,16233,63.50,20.778
67421,32893,63.50,20.778
67423,16233,63.50,20.778
67431,32893,63.50,20.778
67433,16233,63.50,20.778
67441,32893,63.50,20.778
67443,16233,63.50,20.778
67451,32893,63.50,20.778
67453,16233,63.50,20.778
67461,32893,63.50,20.778
67463,16233,63.50,20.778
67471,32893,63.50,20.778
67473,16233,63.50,20.778
67481,32893,63.50,20.778
67484,16233,63.50,20.778
67491,32893,63.50,20.778
67493,16233,63.50,20.778
67501,32893,63.50,20.778
67503,16233,63.50,20.778
67511,32893,63.50,20.778
67513,16233,63.50,20.778
67521,32893,63.50,20.778
67523,16233,63.50,20.778
67531,32893,63.50,20.778
67533,16233,63.50,20.778
67541,32893,63.50,20.778
67543,16233,63.50,20.778
67551,32893,63.50,20.778
67553,16233,63.50,20.778
67561,32893,63.50,20.778
67563,16233,63.50,20.778
67571,32893,63.50,20.778
67573,16233,63.50,20.778
67581,32893,63.50,20.778
67583,16233,63.50,20.778
67591,32893,63.50,20.778
67593,16233,63.50,20.778
67601,32893,63.50,20.778
67603,16233,63.50,20.778
67611,32893,63.50,20.778
67613,16233,63.50,20.778
67621,32893,63.50,20.778
67623,16233,63.50,20.778
67631,32893,63.50,20.778
67633,16233,63.50,20.778
67640,32893,63.50,20.778
67643,16233,63.50,20.778
67651,32893,63.50,20.778
67653,16233,63.50,20.778
67661,32893,63.50,20.778
67663,16233,63.50,20.778
67671,32893,63.50,20.778
67673,16233,63.50,20.778
67681,32893,63.50,20.778
67683,16233,63.50,20.778
67691,32893,63.50,20.778
67693,16233,63.50,20.778
67701,32893,63.50,20.778
67703,16233,63.50,20.778
67711,32893,63.50,20.778
67713,16233,63.50,20.778
67721,32893,63.50,20.778
67723,16233,63.50,20.778
67731,32893,63.50,20.778
67733,16233,63.50,20.778
67742,32893,59.00,19.305
67743,16233,63.50,20.778
67751,32893,59.00,19.305
67753,16233,63.50,20.778
67761,32893,59.00,19.305
67763,16233,63.50,20.778
67770,32893,59.00,19.305
67773,16233,63.50,20.778
67781,32893,59.00,19.305
67783,16233,63.50,20.778
67791,32893,59.00,19.305
67793,16233,63.50,20.778
67801,32893,59.00,19.305
67803,16233,63.50,20.778
67811,32893,59.00,19.305
67813,16233,63.50,20.778
67821,32893,59.00,19.305
67823,16233,63.50,20.778
67831,32893,59.00,19.305
67833,16233,63.50,20.778
67841,32893,59.00,19.305
67843,16233,63.50,20.778
67851,32893,59.00,19.305
67853,16233,63.50,20.778
67861,32893,59.00,19.305
67863,16233,63.50,20.778
67871,32893,59.00,19.305
67873,16233,63.50,20.778
67880,32893,59.00,19.305
67883,16233,63.50,20.778
67891,32893,59.00,19.305
67893,16233,63.50,20.778
67901,32893,59.00,19.305
67903,16233,63.50,20.778
67911,32893,59.00,19.305
67913,16233,63.50,20.778
67921,32893,59.00,19.305
67923,16233,63.50,20.778
67931,32893,59.00,19.305
67933,16233,63.50,20.778
67941,32893,59.00,19.305
67943,16233,63.50,20.778
67951,32893,59.00,19.305
67953,16233,63.50,20.778
67961,32893,59.00,19.305
67963,16233,63.50,20.778
67971,32893,59.00,19.305
67973,16233,63.50,20.778
67981,32893,59.00,19.305
67984,16233,63.50,20.778
67991,32893,59.00,19.305
67993,16233,63.50,20.778
68001,32893,59.00,19.305
68003,16233,63.50,20.778
68011,32893,59.00,19.305
68013,16233,63.50,20.778
68021,32893,59.00,19.305
68023,16233,63.50,20.778
68031,32893,59.00,19.305
68033,16233,63.50,20.778
68041,32893,59.00,19.305
68043,16233,63.50,20.778
68051,32893,59.00,19.305
68053,16233,63.50,20.778
68061,32893,59.00,19.305
68063,16233,63.50,20.778
68071,32893,59.00,19.305
68073,16233,63.50,20.778
68081,32893,59.00,19.305
68083,16233,63.50,20.778
68091,32893,59.00,19.305
68093,16233,63.50,20.778
68101,32893,59.00,19.305
68103,16233,63.50,20.778
68111,32893,59.00,19.305
68113,16233,63.50,20.778
68121,32893,59.00,19.305
68123,16233,63.50,20.778
68131,32893,59.00,19.305
68133,16233,63.50,20.778
68141,32893,59.00,19.305
68143,16233,63.50,20.778
68151,32893,59.00,19.305
68153,16233,63.50,20.778
68161,32893,59.00,19.305
68163,16233,63.50,20.778
68171,32893,59.00,19.305
68173,16233,63.50,20.778
68181,32893,59.00,19.305
68183,16233,63.50,20.778
68191,32893,59.00,19.305
68193,16233,63.50,20.778
68201,32893,59.00,19.305
68203,16233,63.50,20.778
68211,32893,59.00,19.305
68213,16233,63.50,20.778
68221,32893,59.00,19.305
68223,16233,63.50,20.778
68231,32893,59.00,19.305
68233,16233,63.50,20.778
68241,32893,59.00,19.305
68243,16233,63.50,20.778
68251,32893,59.00,19.305
68253,16233,63.50,20.778
68261,32893,59.00,19.305
68263,16233,63.50,20.778
68271,32893,59.00,19.305
68273,16233,63.50,20.778
68281,32893,59.00,19.305
68283,16233,63.50,20.778
68291,32893,59.00,19.305
68293,16233,63.50,20.778
68301,32893,59.00,19.305
68303,16233,63.50,20.778
68310,32893,59.00,19.305
68313,16233,63.50,20.778
68321,32893,59.00,19.305
68323,16233,63.50,20.778
68331,32893,59.00,19.305
68333,16233,63.50,20.778
68340,32893,59.00,19.305
68343,16233,63.50,20.778
68351,32893,59.00,19.305
68353,16233,63.50,20.778
68361,32893,59.00,19.305
68364,16233,63.50,20.778
68371,32893,59.00,19.305
68373,16233,63.50,20.778
68381,32893,59.00,19.305
68383,16233,63.50,20.778
68391,32893,59.00,19.305
68393,16233,63.50,20.778
68401,32893,59.00,19.305
68403,16233,63.50,20.778
68411,32893,59.00,19.305
68413,16233,63.50,20.778
68421,32893,59.00,19.305
68423,16233,63.50,20.778
68431,32893,59.00,19.305
68433,16233,63.50,20.778
68441,32893,59.00,19.305
68443,16233,63.50,20.778
68451,32893,59.00,19.305
68453,16233,63.50,20.778
68461,32893,59.00,19.305
68463,16233,63.50,20.778
68471,32893,59.00,19.305
68473,16233,63.50,20.778
68481,32893,59.00,19.305
68483,16233,63.50,20.778
68491,32893,59.00,19.305
68493,16233,63.50,20.778
68501,32893,59.00,19.305
68503,16233,63.50,20.778
68511,32893,59.00,19.305
68513,16233,63.50,20.778
68521,32893,59.00,19.305
68523,16233,63.50,20.778
68531,32893,59.00,19.305
68533,16233,63.50,20.778
68541,32893,59.00,19.305
68543,16233,63.50,20.778
68551,32893,59.00,19.305
68553,16233,63.50,20.778
68561,32893,59.00,19.305
68563,16233,63.50,20.778
68571,32893,59.00,19.305
68573,16233,63.50,20.778
68581,32893,59.00,19.305
68583,16233,63.50,20.778
68591,32893,59.00,19.305
68593,16233,63.50,20.778
68601,32893,59.00,19.305
68604,16233,63.50,20.778
68611,32893,59.00,19.305
68613,16233,63.50,20.778
68621,32893,59.00,19.305
68624,16233,63.50,20.778
68631,32893,59.00,19.305
68633,16233,63.50,20.778
68641,32893,59.00,19.305
68643,16233,63.50,20.778
68651,32893,59.00,19.305
68653,16233,63.50,20.778
68661,32893,59.00,19.305
68664,16233,63.50,20.778
68671,32893,59.00,19.305
68673,16233,63.50,20.778
68681,32893,59.00,19.305
68683,16233,63.50,20.778
68691,32893,59.00,19.305
68694,16233,63.50,20.778
68701,32893,59.00,19.305
68703,16233,63.50,20.778
68711,32893,59.00,19.305
68713,16233,63.50,20.778
68721,32893,59.00,19.305
68723,16233,63.50,20.778
68731,32893,59.00,19.305
68734,16233,63.50,20.778
68741,32893,59.00,19.305
68743,16233,63.50,20.778
68751,32893,59.00,19.305
68753,16233,63.50,20.778
68761,32893,59.00,19.305
68763,16233,63.50,20.778
68771,32893,59.00,19.305
68773,16233,63.50,20.778
68781,32893,59.00,19.305
68783,16233,63.50,20.778
68791,32893,59.00,19.305
68793,16233,63.50,20.778
68801,32893,59.00,19.305
68803,16233,63.50,20.778
68811,32893,59.00,19.305
68813,16233,63.50,20.778
68821,32893,59.00,19.305
68823,16233,63.50,20.778
68831,32893,59.00,19.305
68833,16233,63.50,20.778
68841,32893,59.00,19.305
68843,16233,63.50,20.778
68851,32893,59.00,19.305
68853,16233,63.50,20.778
68861,32893,59.00,19.305
68863,16233,63.50,20.778
68871,32893,59.00,19.305
68873,16233,63.50,20.778
68881,32893,59.00,19.305
68883,16233,63.50,20.778
68891,32893,59.00,19.305
68894,16233,63.50,20.778
68901,32893,59.00,19.305
68903,16233,63.50,20.778
68911,32893,59.00,19.305
68913,16233,63.50,20.778
68921,32893,59.00,19.305
68923,16233,63.50,20.778
68931,32893,59.00,19.305
68933,16233,63.50,20.778
68941,32893,59.00,19.305
68943,16233,63.50,20.778
68951,32893,59.00,19.305
68954,16233,63.50,20.778
68961,32893,59.00,19.305
68963,16233,63.50,20.778
68971,32893,59.00,19.305
68973,16233,63.50,20.778
68981,32893,59.00,19.305
68983,16233,63.50,20.778
68991,32893,59.00,19.305
68993,16233,63.50,20.778
69001,32893,59.00,19.305
69003,16233,63.50,20.778
69011,32893,59.00,19.305
69013,16233,63.50,20.778
69021,32893,59.00,19.305
69023,16233,63.50,20.778
69031,32893,59.00,19.305
69033,16233,63.50,20.778
69041,32893,59.00,19.305
69044,16233,63.50,20.778
69051,32893,59.00,19.305
69053,16233,63.50,20.778
69061,32893,59.00,19.305
69063,16233,63.50,20.778
69071,32893,59.00,19.305
69073,16233,63.50,20.778
69081,32893,59.00,19.305
69084,16233,63.50,20.778
69091,32893,59.00,19.305
69093,16233,63.50,20.778
69101,32893,59.00,19.305
69103,16233,63.50,20.778
69111,32893,59.00,19.305
69113,16233,63.50,20.778
69121,32893,59.00,19.305
69123,16233,63.50,20.778
69131,32893,59.00,19.305
69133,16233,63.50,20.778
69141,32893,59.00,19.305
69143,16233,63.50,20.778
69151,32893,59.00,19.305
69153,16233,63.50,20.778
69161,32893,59.00,19.305
69164,16233,63.50,20.778
69171,32893,59.00,19.305
69174,16233,63.50,20.778
69181,32893,59.00,19.305
69183,16233,63.50,20.778
69191,32893,59.00,19.305
69193,16233,63.50,20.778
69201,32893,59.00,19.305
69203,16233,63.50,20.778
69211,32893,59.00,19.305
69213,16233,63.50,20.778
69221,32893,59.00,19.305
69223,16233,63.50,20.778
69231,32893,59.00,19.305
69233,16233,63.50,20.778
69241,32893,59.00,19.305
69243,16233,63.50,20.778
69251,32893,59.00,19.305
69253,16233,63.50,20.778
69261,32893,59.00,19.305
69263,16233,63.50,20.778
69271,32893,59.00,19.305
69273,16233,63.50,20.778
69281,32893,59.00,19.305
69283,16233,63.50,20.778
69291,32893,59.00,19.305
69293,16233,63.50,20.778
69301,32893,59.00,19.305
69303,16233,63.50,20.778
69311,32893,59.00,19.305
69313,16233,63.50,20.778
69321,32893,59.00,19.305
69323,16233,63.50,20.778
69331,32893,59.00,19.305
69333,16233,63.50,20.778
69341,32893,59.00,19.305
69343,16233,63.50,20.778
69351,32893,59.00,19.305
69353,16233,63.50,20.778
69361,32893,59.00,19.305
69363,16233,63.50,20.778
69371,32893,59.00,19.305
69373,16233,63.50,20.778
69381,32893,59.00,19.305
69383,16233,63.50,20.778
69391,32893,59.00,19.305
69393,16233,63.50,20.778
69401,32893,59.00,19.305
69403,16233,63.50,20.778
69411,32893,59.00,19.305
69413,16233,63.50,20.778
69421,32893,59.00,19.305
69423,16233,63.50,20.778
69431,32893,59.00,19.305
69433,16233,63.50,20.778
69441,32893,59.00,19.305
69443,16233,63.50,20.778
69451,32893,59.00,19.305
69453,16233,63.50,20.778
69461,32893,59.00,19.305
69463,16233,63.50,20.778
69471,32893,59.00,19.305
69474,16233,63.50,20.778
69481,32893,59.00,19.305
69483,16233,63.50,20.778
69491,32893,59.00,19.305
69493,16233,63.50,20.778
69501,32893,59.00,19.305
69503,16233,63.50,20.778
69511,32893,59.00,19.305
69513,16233,63.50,20.778
69521,32893,59.00,19.305
69523,16233,63.50,20.778
69531,32893,59.00,19.305
69533,16233,63.50,20.778
69541,32893,59.00,19.305
69543,16233,63.50,20.778
69551,32893,59.00,19.305
69553,16233,63.50,20.778
69561,32893,59.00,19.305
69563,16233,63.50,20.778
69571,32893,59.00,19.305
69573,16233,63.50,20.778
69581,32893,59.00,19.305
69583,16233,63.50,20.778
69591,32893,59.00,19.305
69593,16233,63.50,20.778
69601,32893,59.00,19.305
69603,16233,63.50,20.778
69612,32893,59.00,19.305
69613,16233,63.50,20.778
69621,32893,59.00,19.305
69623,16233,63.50,20.778
69631,32893,59.00,19.305
69633,16233,63.50,20.778
69641,32893,59.00,19.305
69643,16233,63.50,20.778
69651,32893,59.00,19.305
69653,16233,63.50,20.778
69661,32893,59.00,19.305
69663,16233,63.50,20.778
69672,32893,59.00,19.305
69673,16233,63.50,20.778
69681,32893,59.00,19.305
69683,16233,63.50,20.778
69691,32893,59.00,19.305
69693,16233,63.50,20.778
69702,32893,59.00,19.305
69703,16233,63.50,20.778
69711,32893,59.00,19.305
69713,16233,63.50,20.778
69721,32893,59.00,19.305
69723,16233,63.50,20.778
69731,32893,59.00,19.305
69733,16233,63.50,20.778
69741,32893,59.00,19.305
69743,16233,63.50,20.778
69751,32893,59.00,19.305
69753,16233,63.50,20.778
69761,32893,59.00,19.305
69763,16233,63.50,20.778
69771,32893,59.00,19.305
69773,16233,63.50,20.778
69781,32893,59.00,19.305
69783,16233,63.50,20.778
69791,32893,59.00,19.305
69793,16233,63.50,20.778
69801,32893,59.00,19.305
69803,16233,63.50,20.778
69811,32893,59.00,19.305
69813,16233,63.50,20.778
69821,32893,59.00,19.305
69824,16233,63.50,20.778
69831,32893,59.00,19.305
69833,16233,63.50,20.778
69841,32893,59.00,19.305
69843,16233,63.50,20.778
69851,32893,59.00,19.305
69853,16233,63.50,20.778
69861,32893,59.00,19.305
69863,16233,63.50,20.778
69871,32893,59.00,19.305
69873,16233,63.50,20.778
69881,32893,59.00,19.305
69884,16233,63.50,20.778
69891,32893,59.00,19.305
69893,16233,63.50,20.778
69901,32893,59.00,19.305
69903,16233,63.50,20.778
69911,32893,59.00,19.305
69913,16233,63.50,20.778
69921,32893,59.00,19.305
69923,16233,63.50,20.778
69931,32893,59.00,19.305
69933,16233,63.50,20.778
69941,32893,59.00,19.305
69943,16233,63.50,20.778
69951,32893,59.00,19.305
69953,16233,63.50,20.778
69961,32893,59.00,19.305
69963,16233,63.50,20.778
69971,32893,59.00,19.305
69974,16233,63.50,20.778
69981,32893,59.00,19.305
69983,16233,63.50,20.778
69991,32893,59.00,19.305
69993,16233,63.50,20.778
70001,32893,59.00,19.305
70003,16233,63.50,20.778
70011,32893,59.00,19.305
70013,16233,63.50,20.778
70021,32893,59.00,19.305
70023,16233,63.50,20.778
70031,32893,59.00,19.305
70033,16233,63.50,20.778
70041,32893,59.00,19.305
70043,16233,63.50,20.778
70051,32893,59.00,19.305
70053,16233,63.50,20.778
70061,32893,59.00,19.305
70063,16233,63.50,20.778
70071,32893,59.00,19.305
70073,16233,63.50,20.778
70081,32893,59.00,19.305
70083,16233,63.50,20.778
70091,32893,59.00,19.305
70093,16233,63.50,20.778
70101,32893,59.00,19.305
70103,16233,63.50,20.778
70111,32893,59.00,19.305
70113,16233,63.50,20.778
70121,32893,59.00,19.305
70123,16233,63.50,20.778
70131,32893,59.00,19.305
70133,16233,63.50,20.778
70141,32893,59.00,19.305
70143,16233,63.50,20.778
70150,32893,59.00,19.305
70153,16233,63.50,20.778
70160,32893,59.00,19.305
70163,16233,63.50,20.778
70171,32893,59.00,19.305
70173,16233,63.50,20.778
70183,32893,59.00,19.305
70183,16233,63.50,20.778
70190,32893,59.00,19.305
70193,16233,63.50,20.778
70201,32893,59.00,19.305
70203,16233,63.50,20.778
70211,32893,59.00,19.305
70213,16233,63.50,20.778
70220,32893,59.00,19.305
70223,16233,63.50,20.778
70231,32893,59.00,19.305
70233,16233,63.50,20.778
70241,32893,59.00,19.305
70243,16233,63.50,20.778
70251,32893,59.00,19.305
70253,16233,63.50,20.778
70261,32893,59.00,19.305
70263,16233,63.50,20.778
70271,32893,59.00,19.305
70273,16233,63.50,20.778
70281,32893,59.00,19.305
70283,16233,63.50,20.778
70292,32893,59.00,19.305
70294,16233,63.50,20.778
70301,32893,59.00,19.305
70303,16233,63.50,20.778
70311,32893,59.00,19.305
70313,16233,63.50,20.778
70321,32893,59.00,19.305
70323,16233,63.50,20.778
70331,32893,59.00,19.305
70333,16233,63.50,20.778
70341,32893,59.00,19.305
70343,16233,63.50,20.778
70351,32893,59.00,19.305
70353,16233,63.50,20.778
70361,32893,59.00,19.305
70364,16233,63.50,20.778
70371,32893,59.00,19.305
70373,16233,63.50,20.778
70381,32893,59.00,19.305
70383,16233,63.50,20.778
70391,32893,59.00,19.305
70393,16233,63.50,20.778
70401,32893,59.00,19.305
70403,16233,63.50,20.778
70411,32893,59.00,19.305
70413,16233,63.50,20.778
70421,32893,59.00,19.305
70423,16233,63.50,20.778
70431,32893,59.00,19.305
70433,16233,63.50,20.778
70441,32893,59.00,19.305
70443,16233,63.50,20.778
70450,32893,59.00,19.305
70453,16233,63.50,20.778
70461,32893,59.00,19.305
70463,16233,63.50,20.778
70471,32893,59.00,19.305
70473,16233,63.50,20.778
70481,32893,59.00,19.305
70483,16233,63.50,20.778
70491,32893,59.00,19.305
70493,16233,63.50,20.778
70501,32893,59.00,19.305
70503,16233,63.50,20.778
70511,32893,59.00,19.305
70513,16233,63.50,20.778
70521,32893,59.00,19.305
70523,16233,63.50,20.778
70531,32893,59.00,19.305
70533,16233,63.50,20.778
70541,32893,59.00,19.305
70543,16233,63.50,20.778
70551,32893,59.00,19.305
70553,16233,63.50,20.778
70561,32893,59.00,19.305
70564,16233,63.50,20.778
70571,32893,59.00,19.305
70573,16233,63.50,20.778
70581,32893,59.00,19.305
70583,16233,63.50,20.778
70591,32893,59.00,19.305
70593,16233,63.50,20.778
70601,32893,59.00,19.305
70603,16233,63.50,20.778
70611,32893,59.00,19.305
70613,16233,63.50,20.778
70621,32893,59.00,19.305
70623,16233,63.50,20.778
70631,32893,59.00,19.305
70633,16233,63.50,20.778
70641,32893,59.00,19.305
70643,16233,63.50,20.778
70651,32893,59.00,19.305
70653,16233,63.50,20.778
70661,32893,59.00,19.305
70663,16233,63.50,20.778
70670,32893,59.00,19.305
70673,16233,63.50,20.778
70681,32893,59.00,19.305
70683,16233,63.50,20.778
70691,32893,59.00,19.305
70693,16233,63.50,20.778
70701,32893,59.00,19.305
70703,16233,63.50,20.778
70711,32893,59.00,19.305
70713,16233,63.50,20.778
70721,32893,59.00,19.305
70723,16233,63.50,20.778
70731,32893,59.00,19.305
70733,16233,63.50,20.778
70741,32893,59.00,19.305
70743,16233,63.50,20.778
70751,32893,59.00,19.305
70753,16233,63.50,20.778
70762,32893,59.00,19.305
70763,16233,63.50,20.778
70771,32893,59.00,19.305
70773,16233,63.50,20.778
70781,32893,59.00,19.305
70783,16233,63.50,20.778
70791,32893,59.00,19.305
70793,16233,63.50,20.778
70801,32893,59.00,19.305
70803,16233,63.50,20.778
70811,32893,59.00,19.305
70813,16233,63.50,20.778
70821,32893,59.00,19.305
70823,16233,63.50,20.778
70831,32893,59.00,19.305
70833,16233,63.50,20.778
70841,32893,59.00,19.305
70843,16233,63.50,20.778
70851,32893,59.00,19.305
70853,16233,63.50,20.778
70861,32893,59.00,19.305
70863,16233,63.50,20.778
70871,32893,59.00,19.305
70873,16233,63.50,20.778
70881,32893,59.00,19.305
70883,16233,63.50,20.778
70891,32893,59.00,19.305
70893,16233,63.50,20.778
70901,32893,59.00,19.305
70903,16233,63.50,20.778
70911,32893,59.00,19.305
70913,16233,63.50,20.778
70921,32893,59.00,19.305
70923,16233,63.50,20.778
70930,32893,59.00,19.305
70933,16233,63.50,20.778
70941,32893,59.00,19.305
70943,16233,63.50,20.778
70950,32893,59.00,19.305
70953,16233,63.50,20.778
70961,32893,59.00,19.305
70963,16233,63.50,20.778
70971,32893,59.00,19.305
70973,16233,63.50,20.778
70981,32893,59.00,19.305
70983,16233,63.50,20.778
70991,32893,59.00,19.305
70993,16233,63.50,20.778
71001,32893,59.00,19.305
71003,16233,63.50,20.778
71011,32893,59.00,19.305
71013,16233,63.50,20.778
71021,32893,59.00,19.305
71023,16233,63.50,20.778
71031,32893,59.00,19.305
71033,16233,63.50,20.778
71041,32893,59.00,19.305
71043,16233,63.50,20.778
71051,32893,59.00,19.305
71053,16233,63.50,20.778
71061,32893,59.00,19.305
71063,16233,63.50,20.778
71071,32893,59.00,19.305
71073,16233,63.50,20.778
71081,32893,59.00,19.305
71083,16233,63.50,20.778
71091,32893,59.00,19.305
71093,16233,63.50,20.778
71101,32893,59.00,19.305
71103,16233,63.50,20.778
71111,32893,59.00,19.305
71113,16233,63.50,20.778
71121,32893,59.00,19.305
71123,16233,63.50,20.778
71131,32893,59.00,19.305
71133,16233,63.50,20.778
71141,32893,59.00,19.305
71143,16233,63.50,20.778
71151,32893,59.00,19.305
71153,16233,63.50,20.778
71161,32893,59.00,19.305
71164,16233,63.50,20.778
71171,32893,59.00,19.305
71173,16233,63.50,20.778
71181,32893,59.00,19.305
71183,16233,63.50,20.778
71191,32893,59.00,19.305
71193,16233,63.50,20.778
71201,32893,59.00,19.305
71203,16233,63.50,20.778
71211,32893,59.00,19.305
71213,16233,63.50,20.778
71221,32893,59.00,19.305
71223,16233,63.50,20.778
71231,32893,59.00,19.305
71234,16233,63.50,20.778
71241,32893,59.00,19.305
71243,16233,63.50,20.778
71251,32893,59.00,19.305
71253,16233,63.50,20.778
71261,32893,59.00,19.305
71263,16233,63.50,20.778
71271,32893,59.00,19.305
71273,16233,63.50,20.778
71281,32893,59.00,19.305
71283,16233,63.50,20.778
71291,32893,59.00,19.305
71293,16233,63.50,20.778
71301,32893,59.00,19.305
71303,16233,63.50,20.778
71311,32893,59.00,19.305
71313,16233,63.50,20.778
71321,32893,59.00,19.305
71323,16233,63.50,20.778
71331,32893,59.00,19.305
71333,16233,63.50,20.778
71341,32893,59.00,19.305
71343,16233,63.50,20.778
71351,32893,59.00,19.305
71353,16233,63.50,20.778
71361,32893,59.00,19.305
71364,16233,63.50,20.778
71371,32893,59.00,19.305
71373,16233,63.50,20.778
71381,32893,59.00,19.305
71383,16233,63.50,20.778
71391,32893,59.00,19.305
71393,16233,63.50,20.778
71401,32893,59.00,19.305
71403,16233,63.50,20.778
71411,32893,59.00,19.305
71413,16233,63.50,20.778
71421,32893,59.00,19.305
71423,16233,63.50,20.778
71430,32893,59.00,19.305
71433,16233,63.50,20.778
71441,32893,59.00,19.305
71443,16233,63.50,20.778
71451,32893,59.00,19.305
71453,16233,63.50,20.778
71461,32893,59.00,19.305
71463,16233,63.50,20.778
71471,32893,59.00,19.305
71473,16233,63.50,20.778
71481,32893,59.00,19.305
71483,16233,63.50,20.778
71491,32893,59.00,19.305
71493,16233,63.50,20.778
71501,32893,59.00,19.305
71503,16233,63.50,20.778
71511,32893,59.00,19.305
71513,16233,63.50,20.778
71521,32893,59.00,19.305
71523,16233,63.50,20.778
71531,32893,59.00,19.305
71533,16233,63.50,20.778
71541,32893,59.00,19.305
71543,16233,63.50,20.778
71551,32893,59.00,19.305
71553,16233,63.50,20.778
71561,32893,59.00,19.305
71563,16233,63.50,20.778
71571,32893,59.00,19.305
71573,16233,63.50,20.778
71581,32893,59.00,19.305
71583,16233,63.50,20.778
71591,32893,59.00,19.305
71593,16233,63.50,20.778
71601,32893,59.00,19.305
71603,16233,63.50,20.778
71611,32893,59.00,19.305
71613,16233,63.50,20.778
71621,32893,59.00,19.305
71623,16233,63.50,20.778
71631,32893,59.00,19.305
71633,16233,63.50,20.778
71641,32893,59.00,19.305
71643,16233,63.50,20.778
71651,32893,59.00,19.305
71653,16233,63.50,20.778
71661,32893,59.00,19.305
71663,16233,63.50,20.778
71671,32893,59.00,19.305
71673,16233,63.50,20.778
71681,32893,59.00,19.305
71683,16233,63.50,20.778
71691,32893,59.00,19.305
71693,16233,63.50,20.778
71701,32893,59.00,19.305
71703,16233,63.50,20.778
71711,32893,59.00,19.305
71713,16233,63.50,20.778
71721,32893,59.00,19.305
71723,16233,63.50,20.778
71731,32893,59.00,19.305
71733,16233,63.50,20.778
71741,32893,59.00,19.305
71743,16233,63.50,20.778
71752,32893,59.00,19.305
71753,16233,63.50,20.778
71761,32893,59.00,19.305
71763,16233,63.50,20.778
71771,32893,59.00,19.305
71773,16233,63.50,20.778
71781,32893,59.00,19.305
71783,16233,63.50,20.778
71791,32893,59.00,19.305
71793,16233,63.50,20.778
71801,32893,59.00,19.305
71803,16233,63.50,20.778
71811,32893,59.00,19.305
71813,16233,63.50,20.778
71821,32893,59.00,19.305
71823,16233,63.50,20.778
71831,32893,59.00,19.305
71833,16233,63.50,20.778
71841,32893,59.00,19.305
71843,16233,63.50,20.778
71851,32893,59.00,19.305
71853,16233,63.50,20.778
71861,32893,59.00,19.305
71863,16233,63.50,20.778
71872,32893,59.00,19.305
71873,16233,63.50,20.778
71881,32893,59.00,19.305
71883,16233,63.50,20.778
71891,32893,59.00,19.305
71893,16233,63.50,20.778
71901,32893,59.00,19.305
71903,16233,63.50,20.778
71911,32893,59.00,19.305
71913,16233,63.50,20.778
71921,32893,59.00,19.305
71923,16233,63.50,20.778
71931,32893,59.00,19.305
71933,16233,63.50,20.778
71942,32893,59.00,19.305
71943,16233,63.50,20.778
71951,32893,59.00,19.305
71953,16233,63.50,20.778
71961,32893,59.00,19.305
71963,16233,63.50,20.778
71971,32893,59.00,19.305
71973,16233,63.50,20.778
71981,32893,59.00,19.305
71984,16233,63.50,20.778
71991,32893,59.00,19.305
71993,16233,63.50,20.778
72001,32893,59.00,19.305
72003,16233,63.50,20.778
72011,32893,59.00,19.305
72013,16233,63.50,20.778
72021,32893,59.00,19.305
72023,16233,63.50,20.778
72031,32893,59.00,19.305
72033,16233,63.50,20.778
72041,32893,59.00,19.305
72043,16233,63.50,20.778
72051,32893,59.00,19.305
72053,16233,63.50,20.778
72061,32893,59.00,19.305
72063,16233,63.50,20.778
72071,32893,59.00,19.305
72073,16233,63.50,20.778
72081,32893,59.00,19.305
72083,16233,63.50,20.778
72091,32893,59.00,19.305
72093,16233,63.50,20.778
72101,32893,59.00,19.305
72103,16233,63.50,20.778
72111,32893,59.00,19.305
72113,16233,63.50,20.778
72121,32893,63.50,20.778
72123,16233,63.50,20.778
72131,32893,63.50,20.778
72133,16233,63.50,20.778
72141,32893,63.50,20.778
72143,16233,63.50,20.778
72151,32893,63.50,20.778
72153,16233,63.50,20.778
72161,32893,63.50,20.778
72163,16233,63.50,20.778
72171,32893,63.50,20.778
72173,16233,63.50,20.778
72181,32893,63.50,20.778
72183,16233,63.50,20.778
72191,32893,63.50,20.778
72193,16233,63.50,20.778
72201,32893,63.50,20.778
72203,16233,63.50,20.778
72211,32893,63.50,20.778
72213,16233,63.50,20.778
72221,32893,63.50,20.778
72223,16233,63.50,20.778
72231,32893,63.50,20.778
72233,16233,63.50,20.778
72241,32893,63.50,20.778
72243,16233,63.50,20.778
72251,32893,63.50,20.778
72253,16233,63.50,20.778
72261,32893,63.50,20.778
72263,16233,63.50,20.778
72271,32893,63.50,20.778
72273,16233,63.50,20.778
72281,32893,63.50,20.778
72283,16233,63.50,20.778
72291,32893,63.50,20.778
72293,16233,63.50,20.778
72301,32893,63.50,20.778
72303,16233,63.50,20.778
72311,32893,63.50,20.778
72313,16233,63.50,20.778
72321,32893,63.50,20.778
72323,16233,63.50,20.778
72331,32893,63.50,20.778
72333,16233,63.50,20.778
72341,32893,63.50,20.778
72343,16233,63.50,20.778
72351,32893,63.50,20.778
72353,16233,63.50,20.778
72361,32893,63.50,20.778
72364,16233,63.50,20.778
72371,32893,63.50,20.778
72373,16233,63.50,20.778
72381,32893,63.50,20.778
72383,16233,63.50,20.778
72391,32893,63.50,20.778
72393,16233,63.50,20.778
72401,32893,63.50,20.778
72403,16233,63.50,20.778
72411,32893,63.50,20.778
72413,16233,63.50,20.778
72421,32893,63.50,20.778
72424,16233,63.50,20.778
72431,32893,63.50,20.778
72433,16233,63.50,20.778
72441,32893,63.50,20.778
72443,16233,63.50,20.778
72451,32893,63.50,20.778
72453,16233,63.50,20.778
72461,32893,63.50,20.778
72463,16233,63.50,20.778
72471,32893,63.50,20.778
72473,16233,63.50,20.778
72481,32893,63.50,20.778
72484,16233,63.50,20.778
72491,32893,63.50,20.778
72493,16233,63.50,20.778
72501,32893,63.50,20.778
72503,16233,63.50,20.778
72511,32893,63.50,20.778
72513,16233,63.50,20.778
72521,32893,63.50,20.778
72523,16233,63.50,20.778
72531,32893,63.50,20.778
72533,16233,63.50,20.778
72541,32893,63.50,20.778
72543,16233,63.50,20.778
72551,32893,63.50,20.778
72553,16233,63.50,20.778
72561,32893,63.50,20.778
72563,16233,63.50,20.778
72571,32893,63.50,20.778
72573,16233,63.50,20.778
72581,32893,63.50,20.778
72583,16233,63.50,20.778
72591,32893,63.50,20.778
72593,16233,63.50,20.778
72601,32893,63.50,20.778
72603,16233,63.50,20.778
72612,32893,63.50,20.778
72613,16233,63.50,20.778
72621,32893,63.50,20.778
72624,16233,63.50,20.778
72631,32893,63.50,20.778
72633,16233,63.50,20.778
72641,32893,63.50,20.778
72643,16233,63.50,20.778
72651,32893,63.50,20.778
72653,16233,63.50,20.778
72661,32893,63.50,20.778
72663,16233,63.50,20.778
72671,32893,63.50,20.778
72673,16233,63.50,20.778
72681,32893,63.50,20.778
72683,16233,63.50,20.778
72691,32893,63.50,20.778
72693,16233,63.50,20.778
72701,32893,63.50,20.778
72703,16233,63.50,20.778
72711,32893,63.50,20.778
72713,16233,63.50,20.778
72721,32893,63.50,20.778
72724,16233,63.50,20.778
72731,32893,63.50,20.778
72733,16233,63.50,20.778
72741,32893,63.50,20.778
72743,16233,63.50,20.778
72751,32893,63.50,20.778
72754,16233,63.50,20.778
72761,32893,63.50,20.778
72763,16233,63.50,20.778
72771,32893,63.50,20.778
72774,16233,63.50,20.778
72781,32893,63.50,20.778
72783,16233,63.50,20.778
72791,32893,63.50,20.778
72794,16233,63.50,20.778
72801,32893,63.50,20.778
72804,16233,63.50,20.778
72811,32893,63.50,20.778
72814,16233,63.50,20.778
72821,32893,63.50,20.778
72823,16233,63.50,20.778
72831,32893,63.50,20.778
72833,16233,63.50,20.778
72841,32893,63.50,20.778
72844,16233,63.50,20.778
72851,32893,63.50,20.778
72853,16233,63.50,20.778
72861,32893,63.50,20.778
72863,16233,63.50,20.778
72871,32893,63.50,20.778
72873,16233,63.50,20.778
72881,32893,63.50,20.778
72884,16233,63.50,20.778
72891,32893,63.50,20.778
72894,16233,63.50,20.778
72901,32893,63.50,20.778
72903,16233,63.50,20.778
72911,32893,63.50,20.778
72913,16233,63.50,20.778
72921,32893,63.50,20.778
72923,16233,63.50,20.778
72931,32893,63.50,20.778
72934,16233,63.50,20.778
72941,32893,63.50,20.778
72943,16233,63.50,20.778
72951,32893,63.50,20.778
72953,16233,63.50,20.778
72961,32893,63.50,20.778
72963,16233,63.50,20.778
72971,32893,63.50,20.778
72974,16233,63.50,20.778
72981,32893,63.50,20.778
72983,16233,63.50,20.778
72991,32893,63.50,20.778
72993,16233,63.50,20.778
73001,32893,63.50,20.778
73004,16233,63.50,20.778
73011,32893,63.50,20.778
73013,16233,63.50,20.778
73021,32893,63.50,20.778
73023,16233,63.50,20.778
73031,32893,63.50,20.778
73034,16233,63.50,20.778
73041,32893,63.50,20.778
73043,16233,63.50,20.778
73051,32893,63.50,20.778
73053,16233,63.50,20.778
73061,32893,63.50,20.778
73064,16233,63.50,20.778
73071,32893,63.50,20.778
73074,16233,63.50,20.778
73081,32893,63.50,20.778
73083,16233,63.50,20.778
73091,32893,63.50,20.778
73094,16233,63.50,20.778
73101,32893,63.50,20.778
73103,16233,63.50,20.778
73111,32893,63.50,20.778
73114,16233,63.50,20.778
73121,32893,63.50,20.778
73123,16233,63.50,20.778
73131,32893,63.50,20.778
73133,16233,63.50,20.778
73141,32893,63.50,20.778
73144,16233,63.50,20.778
73151,32893,63.50,20.778
73153,16233,63.50,20.778
73161,32893,63.50,20.778
73163,16233,63.50,20.778
73171,32893,63.50,20.778
73173,16233,63.50,20.778
73181,32893,63.50,20.778
73183,16233,63.50,20.778
73191,32893,63.50,20.778
73193,16233,63.50,20.778
73201,32893,63.50,20.778
73203,16233,63.50,20.778
73211,32893,63.50,20.778
73213,16233,63.50,20.778
73221,32893,63.50,20.778
73224,16233,63.50,20.778
73231,32893,63.50,20.778
73233,16233,63.50,20.778
73241,32893,63.50,20.778
73244,16233,63.50,20.778
73251,32893,63.50,20.778
73253,16233,63.50,20.778
73261,32893,63.50,20.778
73263,16233,63.50,20.778
73271,32893,63.50,20.778
73273,16233,63.50,20.778
73281,32893,63.50,20.778
73284,16233,63.50,20.778
73291,32893,63.50,20.778
73293,16233,63.50,20.778
73301,32893,63.50,20.778
73303,16233,63.50,20.778
73312,32893,63.50,20.778
73313,16233,63.50,20.778
73321,32893,63.50,20.778
73323,16233,63.50,20.778
73331,32893,63.50,20.778
73333,16233,63.50,20.778
73341,32893,63.50,20.778
73344,16233,63.50,20.778
73351,32893,63.50,20.778
73353,16233,63.50,20.778
73362,32893,63.50,20.778
73364,16233,63.50,20.778
73371,32893,63.50,20.778
73374,16233,63.50,20.778
73381,32893,63.50,20.778
73384,16233,63.50,20.778
73391,32893,63.50,20.778
73393,16233,63.50,20.778
73401,32893,63.50,20.778
73403,16233,63.50,20.778
73411,32893,63.50,20.778
73414,16233,63.50,20.778
73421,32893,63.50,20.778
73424,16233,63.50,20.778
73431,32893,63.50,20.778
73434,16233,63.50,20.778
73441,32893,63.50,20.778
73443,16233,63.50,20.778
73451,32893,63.50,20.778
73454,16233,63.50,20.778
73461,32893,63.50,20.778
73463,16233,63.50,20.778
73471,32893,63.50,20.778
73473,16233,63.50,20.778
73481,32893,63.50,20.778
73483,16233,63.50,20.778
73491,32893,63.50,20.778
73493,16233,63.50,20.778
73501,32893,63.50,20.778
73504,16233,63.50,20.778
73511,32893,63.50,20.778
73513,16233,63.50,20.778
73521,32893,63.50,20.778
73523,16233,63.50,20.778
73531,32893,63.50,20.778
73534,16233,63.50,20.778
73541,32893,63.50,20.778
73544,16233,63.50,20.778
73551,32893,63.50,20.778
73553,16233,63.50,20.778
73561,32893,63.50,20.778
73563,16233,63.50,20.778
73571,32893,63.50,20.778
73573,16233,63.50,20.778
73581,32893,63.50,20.778
73583,16233,63.50,20.778
73591,32893,63.50,20.778
73594,16233,63.50,20.778
73601,32893,63.50,20.778
73603,16233,63.50,20.778
73611,32893,63.50,20.778
73614,16233,63.50,20.778
73621,32893,63.50,20.778
73623,16233,63.50,20.778
73631,32893,63.50,20.778
73633,16233,63.50,20.778
73641,32893,63.50,20.778
73643,16233,63.50,20.778
73651,32893,63.50,20.778
73654,16233,63.50,20.778
73661,32893,63.50,20.778
73663,16233,63.50,20.778
73671,32893,63.50,20.778
73673,16233,63.50,20.778
73681,32893,63.50,20.778
73683,16233,63.50,20.778
73691,32893,63.50,20.778
73693,16233,63.50,20.778
73701,32893,63.50,20.778
73703,16233,63.50,20.778
73711,32893,63.50,20.778
73713,16233,63.50,20.778
73721,32893,63.50,20.778
73724,16233,63.50,20.778
73731,32893,63.50,20.778
73733,16233,63.50,20.778
73741,32893,63.50,20.778
73743,16233,63.50,20.778
73751,32893,63.50,20.778
73754,16233,63.50,20.778
73761,32893,63.50,20.778
73763,16233,63.50,20.778
73771,32893,63.50,20.778
73773,16233,63.50,20.778
73781,32893,63.50,20.778
73783,16233,63.50,20.778
73791,32893,63.50,20.778
73793,16233,63.50,20.778
73801,32893,63.50,20.778
73803,16233,63.50,20.778
73811,32893,63.50,20.778
73813,16233,63.50,20.778
73821,32893,63.50,20.778
73823,16233,63.50,20.778
73831,32893,63.50,20.778
73833,16233,63.50,20.778
73842,32893,63.50,20.778
73843,16233,63.50,20.778
73851,32893,63.50,20.778
73853,16233,63.50,20.778
73861,32893,63.50,20.778
73863,16233,63.50,20.778
73871,32893,63.50,20.778
73873,16233,63.50,20.778
73881,32893,63.50,20.778
73883,16233,63.50,20.778
73890,32893,63.50,20.778
73893,16233,63.50,20.778
73901,32893,63.50,20.778
73903,16233,63.50,20.778
73911,32893,63.50,20.778
73913,16233,63.50,20.778
73921,32893,63.50,20.778
73923,16233,63.50,20.778
73931,32893,63.50,20.778
73933,16233,63.50,20.778
73941,32893,63.50,20.778
73943,16233,63.50,20.778
73951,32893,63.50,20.778
73953,16233,63.50,20.778
73961,32893,63.50,20.778
73963,16233,63.50,20.778
73970,32893,63.50,20.778
73973,16233,63.50,20.778
73981,32893,63.50,20.778
73983,16233,63.50,20.778
73991,32893,63.50,20.778
73993,16233,58.00,18.978
74001,32893,63.50,20.778
74004,16233,58.00,18.978
74011,32893,63.50,20.778
74013,16233,58.00,18.978
74021,32893,63.50,20.778
74023,16233,58.00,18.978
74031,32893,63.50,20.778
74034,16233,58.00,18.978
74041,32893,63.50,20.778
74043,16233,58.00,18.978
74051,32893,63.50,20.778
74053,16233,58.00,18.978
74061,32893,63.50,20.778
74063,16233,58.00,18.978
74071,32893,63.50,20.778
74074,16233,58.00,18.978
74081,32893,63.50,20.778
74083,16233,58.00,18.978
74091,32893,63.50,20.778
74093,16233,58.00,18.978
74101,32893,63.50,20.778
74103,16233,58.00,18.978
74111,32893,63.50,20.778
74113,16233,58.00,18.978
74121,32893,63.50,20.778
74123,16233,58.00,18.978
74131,32893,63.50,20.778
74133,16233,58.00,18.978
74141,32893,63.50,20.778
74143,16233,58.00,18.978
74151,32893,63.50,20.778
74153,16233,58.00,18.978
74161,32893,63.50,20.778
74163,16233,58.00,18.978
74171,32893,63.50,20.778
74173,16233,58.00,18.978
74181,32893,63.50,20.778
74183,16233,58.00,18.978
74191,32893,63.50,20.778
74194,16233,58.00,18.978
74201,32893,63.50,20.778
74203,16233,58.00,18.978
74211,32893,63.50,20.778
74213,16233,58.00,18.978
74221,32893,63.50,20.778
74224,16233,58.00,18.978
74231,32893,63.50,20.778
74233,16233,58.00,18.978
74241,32893,63.50,20.778
74243,16233,58.00,18.978
74251,32893,63.50,20.778
74254,16233,58.00,18.978
74261,32893,63.50,20.778
74263,16233,58.00,18.978
74271,32893,63.50,20.778
74273,16233,58.00,18.978
74281,32893,63.50,20.778
74283,16233,58.00,18.978
74291,32893,63.50,20.778
74293,16233,58.00,18.978
74301,32893,63.50,20.778
74303,16233,58.00,18.978
74310,32893,63.50,20.778
74313,16233,58.00,18.978
74321,32893,63.50,20.778
74323,16233,58.00,18.978
74331,32893,63.50,20.778
74333,16233,58.00,18.978
74341,32893,63.50,20.778
74343,16233,58.00,18.978
74350,32893,63.50,20.778
74353,16233,58.00,18.978
74360,32893,63.50,20.778
74364,16233,58.00,18.978
74371,32893,63.50,20.778
74373,16233,58.00,18.978
74381,32893,63.50,20.778
74383,16233,58.00,18.978
74391,32893,63.50,20.778
74393,16233,58.00,18.978
74401,32893,63.50,20.778
74403,16233,58.00,18.978
74411,32893,63.50,20.778
74413,16233,58.00,18.978
74421,32893,63.50,20.778
74423,16233,58.00,18.978
74431,32893,63.50,20.778
74433,16233,58.00,18.978
74441,32893,63.50,20.778
74444,16233,58.00,18.978
74451,32893,63.50,20.778
74454,16233,58.00,18.978
74461,32893,63.50,20.778
74463,16233,58.00,18.978
74471,32893,63.50,20.778
74473,16233,58.00,18.978
74481,32893,63.50,20.778
74483,16233,58.00,18.978
74491,32893,63.50,20.778
74493,16233,58.00,18.978
74501,32893,63.50,20.778
74503,16233,58.00,18.978
74511,32893,63.50,20.778
74513,16233,58.00,18.978
74521,32893,63.50,20.778
74523,16233,58.00,18.978
74531,32893,63.50,20.778
74533,16233,58.00,18.978
74541,32893,63.50,20.778
74543,16233,58.00,18.978
74551,32893,63.50,20.778
74553,16233,58.00,18.978
74561,32893,63.50,20.778
74563,16233,58.00,18.978
74571,32893,63.50,20.778
74573,16233,58.00,18.978
74581,32893,63.50,20.778
74584,16233,58.00,18.978
74591,32893,63.50,20.778
74593,16233,58.00,18.978
74601,32893,63.50,20.778
74603,16233,58.00,18.978
74611,32893,63.50,20.778
74613,16233,58.00,18.978
74621,32893,63.50,20.778
74623,16233,58.00,18.978
74631,32893,63.50,20.778
74634,16233,58.00,18.978
74641,32893,63.50,20.778
74643,16233,58.00,18.978
74651,32893,63.50,20.778
74653,16233,58.00,18.978
74661,32893,63.50,20.778
74663,16233,58.00,18.978
74671,32893,63.50,20.778
74673,16233,58.00,18.978
74680,32893,63.50,20.778
74683,16233,58.00,18.978
74691,32893,63.50,20.778
74693,16233,58.00,18.978
74701,32893,63.50,20.778
74703,16233,58.00,18.978
74711,32893,63.50,20.778
74713,16233,58.00,18.978
74721,32893,63.50,20.778
74723,16233,58.00,18.978
74731,32893,63.50,20.778
74733,16233,58.00,18.978
74741,32893,63.50,20.778
74744,16233,58.00,18.978
74751,32893,63.50,20.778
74753,16233,58.00,18.978
74761,32893,63.50,20.778
74763,16233,58.00,18.978
74771,32893,63.50,20.778
74773,16233,58.00,18.978
74781,32893,63.50,20.778
74783,16233,58.00,18.978
74791,32893,63.50,20.778
74793,16233,58.00,18.978
74801,32893,63.50,20.778
74804,16233,58.00,18.978
74811,32893,63.50,20.778
74813,16233,58.00,18.978
74821,32893,63.50,20.778
74823,16233,58.00,18.978
74831,32893,63.50,20.778
74833,16233,58.00,18.978
74841,32893,63.50,20.778
74844,16233,58.00,18.978
74852,32893,63.50,20.778
74853,16233,58.00,18.978
74861,32893,63.50,20.778
74863,16233,58.00,18.978
74871,32893,63.50,20.778
74873,16233,58.00,18.978
74881,32893,63.50,20.778
74883,16233,58.00,18.978
74891,32893,63.50,20.778
74894,16233,58.00,18.978
74901,32893,63.50,20.778
74903,16233,58.00,18.978
74911,32893,63.50,20.778
74913,16233,58.00,18.978
74921,32893,63.50,20.778
74923,16233,58.00,18.978
74931,32893,63.50,20.778
74933,16233,58.00,18.978
74941,32893,63.50,20.778
74944,16233,58.00,18.978
74951,32893,63.50,20.778
74953,16233,58.00,18.978
74961,32893,63.50,20.778
74963,16233,58.00,18.978
74971,32893,63.50,20.778
74973,16233,58.00,18.978
74981,32893,63.50,20.778
74983,16233,58.00,18.978
74991,32893,63.50,20.778
74993,16233,58.00,18.978
75001,32893,63.50,20.778
75003,16233,58.00,18.978
75011,32893,63.50,20.778
75013,16233,58.00,18.978
75021,32893,63.50,20.778
75024,16233,58.00,18.978
75031,32893,63.50,20.778
75033,16233,58.00,18.978
75041,32893,63.50,20.778
75043,16233,58.00,18.978
75051,32893,63.50,20.778
75053,16233,58.00,18.978
75061,32893,63.50,20.778
75064,16233,58.00,18.978
75071,32893,63.50,20.778
75073,16233,58.00,18.978
75081,32893,63.50,20.778
75083,16233,58.00,18.978
75091,32893,63.50,20.778
75093,16233,58.00,18.978
75101,32893,63.50,20.778
75103,16233,58.00,18.978
75111,32893,63.50,20.778
75113,16233,58.00,18.978
75121,32893,63.50,20.778
75123,16233,58.00,18.978
75131,32893,63.50,20.778
75133,16233,58.00,18.978
75141,32893,63.50,20.778
75143,16233,58.00,18.978
75151,32893,63.50,20.778
75153,16233,58.00,18.978
75161,32893,63.50,20.778
75163,16233,58.00,18.978
75170,32893,63.50,20.778
75173,16233,58.00,18.978
75181,32893,63.50,20.778
75183,16233,58.00,18.978
75191,32893,63.50,20.778
75193,16233,58.00,18.978
75201,32893,63.50,20.778
75203,16233,58.00,18.978
75211,32893,63.50,20.778
75213,16233,58.00,18.978
75221,32893,63.50,20.778
75223,16233,58.00,18.978
75231,32893,63.50,20.778
75233,16233,58.00,18.978
75241,32893,63.50,20.778
75243,16233,58.00,18.978
75251,32893,63.50,20.778
75253,16233,58.00,18.978
75261,32893,63.50,20.778
75263,16233,58.00,18.978
75271,32893,63.50,20.778
75274,16233,58.00,18.978
75281,32893,63.50,20.778
75283,16233,58.00,18.978
75291,32893,63.50,20.778
75293,16233,58.00,18.978
75301,32893,63.50,20.778
75303,16233,58.00,18.978
75311,32893,63.50,20.778
75313,16233,58.00,18.978
75321,32893,63.50,20.778
75323,16233,58.00,18.978
75331,32893,63.50,20.778
75334,16233,58.00,18.978
75341,32893,63.50,20.778
75343,16233,58.00,18.978
75351,32893,63.50,20.778
75353,16233,58.00,18.978
75361,32893,63.50,20.778
75364,16233,58.00,18.978
75371,32893,63.50,20.778
75374,16233,58.00,18.978
75381,32893,63.50,20.778
75384,16233,58.00,18.978
75391,32893,63.50,20.778
75393,16233,58.00,18.978
75402,32893,63.50,20.778
75404,16233,58.00,18.978
75411,32893,63.50,20.778
75413,16233,58.00,18.978
75421,32893,63.50,20.778
75424,16233,58.00,18.978
75431,32893,63.50,20.778
75434,16233,58.00,18.978
75441,32893,63.50,20.778
75443,16233,58.00,18.978
75451,32893,63.50,20.778
75453,16233,58.00,18.978
75461,32893,63.50,20.778
75464,16233,58.00,18.978
75471,32893,63.50,20.778
75473,16233,58.00,18.978
75481,32893,63.50,20.778
75483,16233,58.00,18.978
75491,32893,63.50,20.778
75493,16233,58.00,18.978
75501,32893,63.50,20.778
75503,16233,58.00,18.978
75511,32893,63.50,20.778
75513,16233,58.00,18.978
75521,32893,63.50,20.778
75523,16233,58.00,18.978
75531,32893,63.50,20.778
75533,16233,58.00,18.978
75541,32893,63.50,20.778
75543,16233,58.00,18.978
75551,32893,63.50,20.778
75553,16233,58.00,18.978
75561,32893,63.50,20.778
75563,16233,58.00,18.978
75571,32893,63.50,20.778
75573,16233,58.00,18.978
75581,32893,63.50,20.778
75583,16233,58.00,18.978
75591,32893,63.50,20.778
75593,16233,58.00,18.978
75601,32893,63.50,20.778
75603,16233,58.00,18.978
75611,32893,63.50,20.778
75613,16233,58.00,18.978
75621,32893,63.50,20.778
75623,16233,58.00,18.978
75631,32893,63.50,20.778
75633,16233,58.00,18.978
75641,32893,63.50,20.778
75643,16233,58.00,18.978
75651,32893,63.50,20.778
75653,16233,58.00,18.978
75661,32893,63.50,20.778
75663,16233,58.00,18.978
75671,32893,63.50,20.778
75673,16233,58.00,18.978
75681,32893,63.50,20.778
75683,16233,58.00,18.978
75691,32893,63.50,20.778
75693,16233,58.00,18.978
75701,32893,63.50,20.778
75703,16233,58.00,18.978
75711,32893,63.50,20.778
75713,16233,58.00,18.978
75721,32893,63.50,20.778
75723,16233,58.00,18.978
75731,32893,63.50,20.778
75733,16233,58.00,18.978
75741,32893,63.50,20.778
75743,16233,58.00,18.978
75751,32893,63.50,20.778
75754,16233,58.00,18.978
75761,32893,63.50,20.778
75763,16233,58.00,18.978
75771,32893,63.50,20.778
75773,16233,58.00,18.978
75781,32893,63.50,20.778
75783,16233,58.00,18.978
75791,32893,63.50,20.778
75793,16233,58.00,18.978
75802,32893,63.50,20.778
75803,16233,58.00,18.978
75811,32893,63.50,20.778
75814,16233,58.00,18.978
75821,32893,63.50,20.778
75824,16233,58.00,18.978
75831,32893,63.50,20.778
75833,16233,58.00,18.978
75841,32893,63.50,20.778
75843,16233,58.00,18.978
75851,32893,63.50,20.778
75853,16233,58.00,18.978
75861,32893,63.50,20.778
75864,16233,58.00,18.978
75871,32893,63.50,20.778
75873,16233,58.00,18.978
75881,32893,63.50,20.778
75883,16233,58.00,18.978
75891,32893,63.50,20.778
75893,16233,58.00,18.978
75901,32893,63.50,20.778
75903,16233,58.00,18.978
75911,32893,63.50,20.778
75913,16233,58.00,18.978
75921,32893,63.50,20.778
75924,16233,58.00,18.978
75931,32893,63.50,20.778
75933,16233,58.00,18.978
75941,32893,63.50,20.778
75944,16233,58.00,18.978
75951,32893,63.50,20.778
75953,16233,58.00,18.978
75961,32893,63.50,20.778
75964,16233,58.00,18.978
75971,32893,63.50,20.778
75973,16233,58.00,18.978
75981,32893,63.50,20.778
75983,16233,58.00,18.978
75991,32893,63.50,20.778
75993,16233,58.00,18.978
76001,32893,63.50,20.778
76003,16233,58.00,18.978
76011,32893,63.50,20.778
76014,16233,58.00,18.978
76021,32893,63.50,20.778
76023,16233,58.00,18.978
76031,32893,63.50,20.778
76033,16233,58.00,18.978
76042,32893,63.50,20.778
76043,16233,58.00,18.978
76051,32893,63.50,20.778
76053,16233,58.00,18.978
76061,32893,63.50,20.778
76063,16233,58.00,18.978
76071,32893,63.50,20.778
76073,16233,58.00,18.978
76081,32893,63.50,20.778
76083,16233,58.00,18.978
76091,32893,63.50,20.778
76093,16233,58.00,18.978
76101,32893,63.50,20.778
76103,16233,58.00,18.978
76112,32893,63.50,20.778
76113,16233,58.00,18.978
76121,32893,63.50,20.778
76123,16233,58.00,18.978
76131,32893,63.50,20.778
76133,16233,58.00,18.978
76141,32893,63.50,20.778
76143,16233,58.00,18.978
76151,32893,63.50,20.778
76153,16233,58.00,18.978
76161,32893,63.50,20.778
76163,16233,58.00,18.978
76171,32893,63.50,20.778
76173,16233,58.00,18.978
76181,32893,63.50,20.778
76183,16233,58.00,18.978
76191,32893,63.50,20.778
76193,16233,58.00,18.978
76201,32893,63.50,20.778
76203,16233,58.00,18.978
76211,32893,63.50,20.778
76213,16233,58.00,18.978
76221,32893,63.50,20.778
76223,16233,58.00,18.978
76231,32893,63.50,20.778
76233,16233,58.00,18.978
76241,32893,63.50,20.778
76243,16233,58.00,18.978
76251,32893,63.50,20.778
76253,16233,58.00,18.978
76261,32893,63.50,20.778
76263,16233,58.00,18.978
76271,32893,63.50,20.778
76273,16233,58.00,18.978
76281,32893,63.50,20.778
76283,16233,58.00,18.978
76291,32893,63.50,20.778
76293,16233,58.00,18.978
76301,32893,63.50,20.778
76303,16233,58.00,18.978
76311,32893,63.50,20.778
76313,16233,58.00,18.978
76321,32893,63.50,20.778
76323,16233,58.00,18.978
76331,32893,63.50,20.778
76333,16233,58.00,18.978
76341,32893,63.50,20.778
76343,16233,58.00,18.978
76351,32893,63.50,20.778
76353,16233,58.00,18.978
76361,32893,63.50,20.778
76363,16233,58.00,18.978
76371,32893,63.50,20.778
76373,16233,58.00,18.978
76381,32893,63.50,20.778
76383,16233,58.00,18.978
76391,32893,63.50,20.778
76393,16233,58.00,18.978
76401,32893,63.50,20.778
76403,16233,58.00,18.978
76411,32893,63.50,20.778
76413,16233,58.00,18.978
76421,32893,63.50,20.778
76423,16233,58.00,18.978
76431,32893,63.50,20.778
76433,16233,58.00,18.978
76441,32893,63.50,20.778
76443,16233,58.00,18.978
76451,32893,63.50,20.778
76453,16233,58.00,18.978
76461,32893,63.50,20.778
76463,16233,58.00,18.978
76471,32893,63.50,20.778
76473,16233,58.00,18.978
76481,32893,63.50,20.778
76483,16233,58.00,18.978
76491,32893,63.50,20.778
76493,16233,58.00,18.978
76501,32893,63.50,20.778
76503,16233,58.00,18.978
76511,32893,63.50,20.778
76513,16233,58.00,18.978
76521,32893,63.50,20.778
76523,16233,58.00,18.978
76531,32893,63.50,20.778
76533,16233,58.00,18.978
76541,32893,63.50,20.778
76543,16233,58.00,18.978
76551,32893,63.50,20.778
76553,16233,58.00,18.978
76561,32893,63.50,20.778
76563,16233,58.00,18.978
76571,32893,63.50,20.778
76573,16233,58.00,18.978
76581,32893,63.50,20.778
76583,16233,58.00,18.978
76591,32893,63.50,20.778
76593,16233,58.00,18.978
76601,32893,63.50,20.778
76603,16233,58.00,18.978
76611,32893,63.50,20.778
76613,16233,58.00,18.978
76621,32893,63.50,20.778
76623,16233,58.00,18.978
76631,32893,63.50,20.778
76633,16233,58.00,18.978
76641,32893,63.50,20.778
76643,16233,58.00,18.978
76651,32893,63.50,20.778
76653,16233,58.00,18.978
76661,32893,63.50,20.778
76663,16233,58.00,18.978
76671,32893,63.50,20.778
76673,16233,58.00,18.978
76681,32893,63.50,20.778
76683,16233,58.00,18.978
76691,32893,63.50,20.778
76693,16233,58.00,18.978
76701,32893,63.50,20.778
76703,16233,58.00,18.978
76711,32893,63.50,20.778
76713,16233,58.00,18.978
76721,32893,63.50,20.778
76723,16233,58.00,18.978
76731,32893,63.50,20.778
76734,16233,58.00,18.978
76741,32893,63.50,20.778
76743,16233,58.00,18.978
76751,32893,63.50,20.778
76753,16233,58.00,18.978
76761,32893,63.50,20.778
76763,16233,58.00,18.978
76770,32893,63.50,20.778
76773,16233,58.00,18.978
76781,32893,63.50,20.778
76783,16233,58.00,18.978
76791,32893,63.50,20.778
76793,16233,58.00,18.978
76801,32893,63.50,20.778
76803,16233,58.00,18.978
76811,32893,63.50,20.778
76813,16233,58.00,18.978
76821,32893,63.50,20.778
76823,16233,58.00,18.978
76831,32893,63.50,20.778
76833,16233,58.00,18.978
76841,32893,63.50,20.778
76843,16233,58.00,18.978
76851,32893,63.50,20.778
76853,16233,58.00,18.978
76861,32893,63.50,20.778
76863,16233,58.00,18.978
76871,32893,63.50,20.778
76873,16233,58.00,18.978
76881,32893,63.50,20.778
76883,16233,58.00,18.978
76891,32893,63.50,20.778
76893,16233,58.00,18.978
76901,32893,63.50,20.778
76903,16233,58.00,18.978
76910,32893,63.50,20.778
76913,16233,58.00,18.978
76921,32893,63.50,20.778
76923,16233,58.00,18.978
76931,32893,63.50,20.778
76933,16233,58.00,18.978
76941,32893,63.50,20.778
76943,16233,58.00,18.978
76951,32893,63.50,20.778
76953,16233,58.00,18.978
76961,32893,63.50,20.778
76963,16233,58.00,18.978
76971,32893,63.50,20.778
76973,16233,58.00,18.978
76981,32893,63.50,20.778
76983,16233,58.00,18.978
76991,32893,63.50,20.778
76993,16233,58.00,18.978
77001,32893,63.50,20.778
77003,16233,58.00,18.978
77011,32893,63.50,20.778
77013,16233,58.00,18.978
77021,32893,63.50,20.778
77023,16233,58.00,18.978
77031,32893,63.50,20.778
77033,16233,58.00,18.978
77041,32893,63.50,20.778
77043,16233,58.00,18.978
77051,32893,63.50,20.778
77053,16233,58.00,18.978
77061,32893,63.50,20.778
77063,16233,58.00,18.978
77071,32893,63.50,20.778
77073,16233,58.00,18.978
77081,32893,63.50,20.778
77083,16233,58.00,18.978
77091,32893,63.50,20.778
77093,16233,58.00,18.978
77101,32893,63.50,20.778
77103,16233,58.00,18.978
77111,32893,63.50,20.778
77113,16233,58.00,18.978
77121,32893,63.50,20.778
77123,16233,58.00,18.978
77131,32893,63.50,20.778
77133,16233,58.00,18.978
77141,32893,63.50,20.778
77143,16233,58.00,18.978
77150,32893,63.50,20.778
77153,16233,58.00,18.978
77161,32893,63.50,20.778
77163,16233,58.00,18.978
77171,32893,63.50,20.778
77173,16233,58.00,18.978
77181,32893,63.50,20.778
77184,16233,58.00,18.978
77191,32893,63.50,20.778
77193,16233,58.00,18.978
77201,32893,63.50,20.778
77203,16233,58.00,18.978
77211,32893,63.50,20.778
77214,16233,58.00,18.978
77221,32893,63.50,20.778
77223,16233,58.00,18.978
77231,32893,63.50,20.778
77233,16233,58.00,18.978
77241,32893,63.50,20.778
77243,16233,58.00,18.978
77251,32893,63.50,20.778
77253,16233,58.00,18.978
77261,32893,63.50,20.778
77263,16233,58.00,18.978
77271,32893,63.50,20.778
77273,16233,58.00,18.978
77281,32893,63.50,20.778
77283,16233,58.00,18.978
77291,32893,63.50,20.778
77293,16233,58.00,18.978
77301,32893,63.50,20.778
77303,16233,58.00,18.978
77311,32893,63.50,20.778
77314,16233,58.00,18.978
77321,32893,63.50,20.778
77323,16233,58.00,18.978
77331,32893,63.50,20.778
77333,16233,58.00,18.978
77341,32893,63.50,20.778
77343,16233,58.00,18.978
77352,32893,63.50,20.778
77353,16233,58.00,18.978
77361,32893,63.50,20.778
77364,16233,58.00,18.978
77371,32893,63.50,20.778
77374,16233,58.00,18.978
77382,32893,63.50,20.778
77384,16233,58.00,18.978
77391,32893,63.50,20.778
77394,16233,58.00,18.978
77401,32893,63.50,20.778
77403,16233,58.00,18.978
77411,32893,63.50,20.778
77413,16233,58.00,18.978
77421,32893,63.50,20.778
77423,16233,58.00,18.978
77431,32893,63.50,20.778
77433,16233,58.00,18.978
77441,32893,63.50,20.778
77443,16233,58.00,18.978
77451,32893,63.50,20.778
77453,16233,58.00,18.978
77461,32893,63.50,20.778
77463,16233,58.00,18.978
77471,32893,63.50,20.778
77473,16233,58.00,18.978
77482,32893,63.50,20.778
77483,16233,58.00,18.978
77491,32893,63.50,20.778
77493,16233,58.00,18.978
77501,32893,63.50,20.778
77504,16233,58.00,18.978
77511,32893,63.50,20.778
77513,16233,58.00,18.978
77521,32893,63.50,20.778
77523,16233,58.00,18.978
77531,32893,63.50,20.778
77533,16233,58.00,18.978
77541,32893,63.50,20.778
77543,16233,58.00,18.978
77551,32893,63.50,20.778
77553,16233,58.00,18.978
77561,32893,63.50,20.778
77563,16233,58.00,18.978
77571,32893,63.50,20.778
77573,16233,58.00,18.978
77581,32893,63.50,20.778
77584,16233,58.00,18.978
77591,32893,63.50,20.778
77593,16233,58.00,18.978
77601,32893,63.50,20.778
77603,16233,58.00,18.978
77611,32893,63.50,20.778
77613,16233,58.00,18.978
77621,32893,63.50,20.778
77623,16233,58.00,18.978
77631,32893,63.50,20.778
77633,16233,58.00,18.978
77641,32893,63.50,20.778
77643,16233,58.00,18.978
77651,32893,63.50,20.778
77653,16233,58.00,18.978
77661,32893,63.50,20.778
77663,16233,58.00,18.978
77671,32893,63.50,20.778
77673,16233,58.00,18.978
77681,32893,63.50,20.778
77683,16233,58.00,18.978
77691,32893,63.50,20.778
77693,16233,58.00,18.978
77701,32893,63.50,20.778
77703,16233,58.00,18.978
77711,32893,63.50,20.778
77713,16233,58.00,18.978
77721,32893,63.50,20.778
77723,16233,58.00,18.978
77731,32893,63.50,20.778
77733,16233,58.00,18.978
77741,32893,63.50,20.778
77743,16233,58.00,18.978
77751,32893,63.50,20.778
77753,16233,58.00,18.978
77761,32893,63.50,20.778
77763,16233,58.00,18.978
77771,32893,63.50,20.778
77773,16233,63.50,20.778
77781,32893,63.50,20.778
77783,16233,63.50,20.778
77791,32893,63.50,20.778
77793,16233,63.50,20.778
77802,32893,63.50,20.778
77803,16233,63.50,20.778
77811,32893,63.50,20.778
77814,16233,63.50,20.778
77821,32893,63.50,20.778
77823,16233,63.50,20.778
77831,32893,63.50,20.778
77833,16233,63.50,20.778
77841,32893,63.50,20.778
77843,16233,63.50,20.778
77851,32893,63.50,20.778
77853,16233,63.50,20.778
77861,32893,63.50,20.778
77863,16233,63.50,20.778
77871,32893,63.50,20.778
77873,16233,63.50,20.778
77881,32893,63.50,20.778
77883,16233,63.50,20.778
77891,32893,63.50,20.778
77893,16233,63.50,20.778
77902,32893,63.50,20.778
77903,16233,63.50,20.778
77911,32893,63.50,20.778
77913,16233,63.50,20.778
77921,32893,63.50,20.778
77923,16233,63.50,20.778
77931,32893,63.50,20.778
77933,16233,63.50,20.778
77941,32893,63.50,20.778
77943,16233,63.50,20.778
77951,32893,63.50,20.778
77953,16233,63.50,20.778
77961,32893,63.50,20.778
77963,16233,63.50,20.778
77971,32893,63.50,20.778
77973,16233,63.50,20.778
77981,32893,63.50,20.778
77983,16233,63.50,20.778
77991,32893,63.50,20.778
77993,16233,63.50,20.778
78001,32893,63.50,20.778
78003,16233,63.50,20.778
78011,32893,63.50,20.778
78013,16233,63.50,20.778
78021,32893,63.50,20.778
78023,16233,63.50,20.778
78031,32893,63.50,20.778
78033,16233,63.50,20.778
78041,32893,63.50,20.778
78044,16233,63.50,20.778
78051,32893,63.50,20.778
78053,16233,63.50,20.778
78061,32893,63.50,20.778
78064,16233,63.50,20.778
78071,32893,63.50,20.778
78073,16233,63.50,20.778
78081,32893,63.50,20.778
78083,16233,63.50,20.778
78091,32893,63.50,20.778
78094,16233,63.50,20.778
78101,32893,63.50,20.778
78104,16233,63.50,20.778
78111,32893,63.50,20.778
78113,16233,63.50,20.778
78121,32893,63.50,20.778
78123,16233,63.50,20.778
78131,32893,63.50,20.778
78133,16233,63.50,20.778
78141,32893,63.50,20.778
78143,16233,63.50,20.778
78151,32893,63.50,20.778
78153,16233,63.50,20.778
78161,32893,63.50,20.778
78163,16233,63.50,20.778
78171,32893,63.50,20.778
78173,16233,63.50,20.778
78181,32893,63.50,20.778
78183,16233,63.50,20.778
78191,32893,63.50,20.778
78194,16233,63.50,20.778
78201,32893,63.50,20.778
78203,16233,63.50,20.778
78211,32893,63.50,20.778
78213,16233,63.50,20.778
78221,32893,63.50,20.778
78223,16233,63.50,20.778
78231,32893,63.50,20.778
78233,16233,63.50,20.778
78241,32893,63.50,20.778
78243,16233,63.50,20.778
78251,32893,63.50,20.778
78253,16233,63.50,20.778
78261,32893,63.50,20.778
78263,16233,63.50,20.778
78271,32893,63.50,20.778
78273,16233,63.50,20.778
78281,32893,63.50,20.778
78284,16233,63.50,20.778
78291,32893,63.50,20.778
78293,16233,63.50,20.778
78301,32893,63.50,20.778
78303,16233,63.50,20.778
78311,32893,63.50,20.778
78314,16233,63.50,20.778
78321,32893,63.50,20.778
78323,16233,63.50,20.778
78331,32893,63.50,20.778
78333,16233,63.50,20.778
78342,32893,63.50,20.778
78343,16233,63.50,20.778
78351,32893,63.50,20.778
78353,16233,63.50,20.778
78361,32893,63.50,20.778
78363,16233,63.50,20.778
78371,32893,63.50,20.778
78374,16233,63.50,20.778
78381,32893,63.50,20.778
78383,16233,63.50,20.778
78391,32893,63.50,20.778
78394,16233,63.50,20.778
78401,32893,63.50,20.778
78404,16233,63.50,20.778
78411,32893,63.50,20.778
78414,16233,63.50,20.778
78421,32893,63.50,20.778
78424,16233,63.50,20.778
78431,32893,63.50,20.778
78433,16233,63.50,20.778
78441,32893,63.50,20.778
78443,16233,63.50,20.778
78451,32893,63.50,20.778
78453,16233,63.50,20.778
78461,32893,63.50,20.778
78463,16233,63.50,20.778
78471,32893,63.50,20.778
78474,16233,63.50,20.778
78481,32893,63.50,20.778
78483,16233,63.50,20.778
78491,32893,63.50,20.778
78493,16233,63.50,20.778
78501,32893,63.50,20.778
78503,16233,63.50,20.778
78511,32893,63.50,20.778
78513,16233,63.50,20.778
78521,32893,63.50,20.778
78523,16233,63.50,20.778
78531,32893,63.50,20.778
78533,16233,63.50,20.778
78541,32893,63.50,20.778
78543,16233,63.50,20.778
78551,32893,63.50,20.778
78553,16233,63.50,20.778
78561,32893,63.50,20.778
78563,16233,63.50,20.778
78571,32893,63.50,20.778
78573,16233,63.50,20.778
78581,32893,63.50,20.778
78583,16233,63.50,20.778
78591,32893,63.50,20.778
78593,16233,63.50,20.778
78601,32893,63.50,20.778
78603,16233,63.50,20.778
78611,32893,63.50,20.778
78613,16233,63.50,20.778
78621,32893,63.50,20.778
78623,16233,63.50,20.778
78631,32893,63.50,20.778
78633,16233,63.50,20.778
78641,32893,63.50,20.778
78643,16233,63.50,20.778
78651,32893,63.50,20.778
78653,16233,63.50,20.778
78661,32893,63.50,20.778
78663,16233,63.50,20.778
78671,32893,63.50,20.778
78673,16233,63.50,20.778
78681,32893,63.50,20.778
78683,16233,63.50,20.778
78691,32893,63.50,20.778
78693,16233,63.50,20.778
78701,32893,63.50,20.778
78703,16233,63.50,20.778
78711,32893,63.50,20.778
78713,16233,63.50,20.778
78721,32893,63.50,20.778
78724,16233,63.50,20.778
78731,32893,63.50,20.778
78733,16233,63.50,20.778
78741,32893,63.50,20.778
78743,16233,63.50,20.778
78751,32893,63.50,20.778
78753,16233,63.50,20.778
78761,32893,63.50,20.778
78763,16233,63.50,20.778
78771,32893,63.50,20.778
78773,16233,63.50,20.778
78781,32893,63.50,20.778
78783,16233,63.50,20.778
78791,32893,63.50,20.778
78793,16233,63.50,20.778
78801,32893,63.50,20.778
78803,16233,63.50,20.778
78811,32893,63.50,20.778
78813,16233,63.50,20.778
78821,32893,63.50,20.778
78823,16233,63.50,20.778
78831,32893,63.50,20.778
78833,16233,63.50,20.778
78841,32893,63.50,20.778
78843,16233,63.50,20.778
78851,32893,63.50,20.778
78853,16233,63.50,20.778
78861,32893,63.50,20.778
78863,16233,63.50,20.778
78871,32893,63.50,20.778
78873,16233,63.50,20.778
78881,32893,63.50,20.778
78883,16233,63.50,20.778
78891,32893,63.50,20.778
78893,16233,63.50,20.778
78901,32893,63.50,20.778
78903,16233,63.50,20.778
78911,32893,63.50,20.778
78913,16233,63.50,20.778
78921,32893,63.50,20.778
78923,16233,63.50,20.778
78931,32893,63.50,20.778
78933,16233,63.50,20.778
78941,32893,63.50,20.778
78943,16233,63.50,20.778
78951,32893,63.50,20.778
78953,16233,63.50,20.778
78961,32893,63.50,20.778
78963,16233,63.50,20.778
78971,32893,63.50,20.778
78973,16233,63.50,20.778
78981,32893,63.50,20.778
78983,16233,63.50,20.778
78991,32893,63.50,20.778
78993,16233,63.50,20.778
79001,32893,63.50,20.778
79003,16233,63.50,20.778
79011,32893,63.50,20.778
79013,16233,63.50,20.778
79021,32893,63.50,20.778
79023,16233,63.50,20.778
79031,32893,63.50,20.778
79033,16233,63.50,20.778
79041,32893,63.50,20.778
79043,16233,63.50,20.778
79051,32893,63.50,20.778
79053,16233,63.50,20.778
79061,32893,63.50,20.778
79063,16233,63.50,20.778
79071,32893,63.50,20.778
79073,16233,63.50,20.778
79081,32893,63.50,20.778
79083,16233,63.50,20.778
79091,32893,63.50,20.778
79093,16233,63.50,20.778
79101,32893,63.50,20.778
79103,16233,63.50,20.778
79111,32893,63.50,20.778
79113,16233,63.50,20.778
79121,32893,63.50,20.778
79123,16233,63.50,20.778
79131,32893,63.50,20.778
79134,16233,63.50,20.778
79141,32893,63.50,20.778
79144,16233,63.50,20.778
79151,32893,63.50,20.778
79153,16233,63.50,20.778
79161,32893,63.50,20.778
79164,16233,63.50,20.778
79171,32893,63.50,20.778
79173,16233,63.50,20.778
79181,32893,63.50,20.778
79183,16233,63.50,20.778
79191,32893,63.50,20.778
79193,16233,63.50,20.778
79201,32893,63.50,20.778
79203,16233,63.50,20.778
79211,32893,63.50,20.778
79213,16233,63.50,20.778
79221,32893,63.50,20.778
79223,16233,63.50,20.778
79231,32893,63.50,20.778
79233,16233,63.50,20.778
79241,32893,63.50,20.778
79243,16233,63.50,20.778
79251,32893,63.50,20.778
79253,16233,63.50,20.778
79261,32893,63.50,20.778
79263,16233,63.50,20.778
79271,32893,63.50,20.778
79273,16233,63.50,20.778
79281,32893,63.50,20.778
79283,16233,63.50,20.778
79291,32893,63.50,20.778
79293,16233,63.50,20.778
79301,32893,63.50,20.778
79303,16233,63.50,20.778
79311,32893,63.50,20.778
79313,16233,63.50,20.778
79321,32893,63.50,20.778
79323,16233,63.50,20.778
79331,32893,63.50,20.778
79333,16233,63.50,20.778
79341,32893,63.50,20.778
79343,16233,63.50,20.778
79351,32893,63.50,20.778
79353,16233,63.50,20.778
79361,32893,63.50,20.778
79364,16233,63.50,20.778
79371,32893,63.50,20.778
79373,16233,63.50,20.778
79381,32893,63.50,20.778
79384,16233,63.50,20.778
79391,32893,63.50,20.778
79393,16233,63.50,20.778
79401,32893,63.50,20.778
79403,16233,63.50,20.778
79411,32893,63.50,20.778
79413,16233,63.50,20.778
79421,32893,63.50,20.778
79423,16233,63.50,20.778
79431,32893,63.50,20.778
79433,16233,63.50,20.778
79441,32893,63.50,20.778
79443,16233,63.50,20.778
79451,32893,63.50,20.778
79453,16233,63.50,20.778
79461,32893,63.50,20.778
79463,16233,63.50,20.778
79471,32893,63.50,20.778
79473,16233,63.50,20.778
79481,32893,63.50,20.778
79483,16233,63.50,20.778
79491,32893,63.50,20.778
79493,16233,63.50,20.778
79501,32893,63.50,20.778
79503,16233,63.50,20.778
79511,32893,63.50,20.778
79513,16233,63.50,20.778
79521,32893,63.50,20.778
79523,16233,63.50,20.778
79531,32893,63.50,20.778
79533,16233,63.50,20.778
79541,32893,63.50,20.778
79543,16233,63.50,20.778
79551,32893,63.50,20.778
79553,16233,63.50,20.778
79561,32893,63.50,20.778
79563,16233,63.50,20.778
79571,32893,63.50,20.778
79574,16233,63.50,20.778
79581,32893,63.50,20.778
79584,16233,63.50,20.778
79591,32893,63.50,20.778
79594,16233,63.50,20.778
79601,32893,63.50,20.778
79603,16233,63.50,20.778
79611,32893,63.50,20.778
79613,16233,63.50,20.778
79621,32893,63.50,20.778
79623,16233,63.50,20.778
79631,32893,63.50,20.778
79633,16233,63.50,20.778
79641,32893,63.50,20.778
79643,16233,63.50,20.778
79651,32893,63.50,20.778
79653,16233,63.50,20.778
79661,32893,63.50,20.778
79663,16233,63.50,20.778
79671,32893,63.50,20.778
79673,16233,63.50,20.778
79681,32893,63.50,20.778
79683,16233,63.50,20.778
79691,32893,63.50,20.778
79693,16233,63.50,20.778
79701,32893,63.50,20.778
79703,16233,63.50,20.778
79711,32893,63.50,20.778
79713,16233,63.50,20.778
79721,32893,63.50,20.778
79723,16233,63.50,20.778
79731,32893,63.50,20.778
79733,16233,63.50,20.778
79741,32893,63.50,20.778
79743,16233,63.50,20.778
79751,32893,63.50,20.778
79753,16233,63.50,20.778
79761,32893,63.50,20.778
79763,16233,63.50,20.778
79771,32893,63.50,20.778
79773,16233,63.50,20.778
79781,32893,63.50,20.778
79783,16233,63.50,20.778
79791,32893,63.50,20.778
79793,16233,63.50,20.778
79801,32893,63.50,20.778
79803,16233,63.50,20.778
79811,32893,63.50,20.778
79813,16233,63.50,20.778
79821,32893,63.50,20.778
79823,16233,63.50,20.778
79832,32893,63.50,20.778
79834,16233,63.50,20.778
79841,32893,63.50,20.778
79843,16233,63.50,20.778
79851,32893,63.50,20.778
79854,16233,63.50,20.778
79861,32893,63.50,20.778
79863,16233,63.50,20.778
79871,32893,63.50,20.778
79873,16233,63.50,20.778
79881,32893,63.50,20.778
79884,16233,63.50,20.778
79891,32893,63.50,20.778
79893,16233,63.50,20.778
79901,32893,63.50,20.778
79903,16233,63.50,20.778
79911,32893,63.50,20.778
79913,16233,63.50,20.778
79921,32893,63.50,20.778
79923,16233,63.50,20.778
79931,32893,63.50,20.778
79934,16233,63.50,20.778
79941,32893,63.50,20.778
79943,16233,63.50,20.778
79952,32893,63.50,20.778
79954,16233,63.50,20.778
79961,32893,63.50,20.778
79963,16233,63.50,20.778
79971,32893,63.50,20.778
79973,16233,63.50,20.778
79981,32893,63.50,20.778
79983,16233,63.50,20.778
79991,32893,63.50,20.778
79993,16233,63.50,20.778
80001,32893,63.50,20.778
80003,16233,63.50,20.778
80012,32893,63.50,20.778
80013,16233,63.50,20.778
80021,32893,63.50,20.778
80023,16233,63.50,20.778
80031,32893,63.50,20.778
80033,16233,63.50,20.778
80041,32893,63.50,20.778
80043,16233,63.50,20.778
80051,32893,63.50,20.778
80053,16233,63.50,20.778
80061,32893,63.50,20.778
80063,16233,63.50,20.778
80071,32893,63.50,20.778
80073,16233,63.50,20.778
80081,32893,63.50,20.778
80083,16233,63.50,20.778
80092,32893,63.50,20.778
80093,16233,63.50,20.778
80101,32893,63.50,20.778
80103,16233,63.50,20.778
80111,32893,63.50,20.778
80113,16233,63.50,20.778
80121,32893,63.50,20.778
80123,16233,63.50,20.778
80131,32893,63.50,20.778
80134,16233,63.50,20.778
80141,32893,63.50,20.778
80143,16233,63.50,20.778
80151,32893,63.50,20.778
80153,16233,63.50,20.778
80161,32893,63.50,20.778
80163,16233,63.50,20.778
80171,32893,63.50,20.778
80173,16233,63.50,20.778
80181,32893,63.50,20.778
80183,16233,63.50,20.778
80191,32893,63.50,20.778
80193,16233,63.50,20.778
80201,32893,63.50,20.778
80203,16233,63.50,20.778
80211,32893,63.50,20.778
80213,16233,63.50,20.778
80221,32893,63.50,20.778
80224,16233,63.50,20.778
80231,32893,63.50,20.778
80233,16233,63.50,20.778
80241,32893,63.50,20.778
80243,16233,63.50,20.778
80251,32893,63.50,20.778
80253,16233,63.50,20.778
80261,32893,63.50,20.778
80263,16233,63.50,20.778
80271,32893,63.50,20.778
80273,16233,63.50,20.778
80281,32893,63.50,20.778
80283,16233,63.50,20.778
80291,32893,63.50,20.778
80293,16233,63.50,20.778
80301,32893,63.50,20.778
80303,16233,63.50,20.778
80311,32893,63.50,20.778
80313,16233,63.50,20.778
80321,32893,63.50,20.778
80323,16233,63.50,20.778
80331,32893,63.50,20.778
80333,16233,63.50,20.778
80341,32893,63.50,20.778
80343,16233,63.50,20.778
80351,32893,63.50,20.778
80353,16233,63.50,20.778
80361,32893,63.50,20.778
80364,16233,63.50,20.778
80371,32893,63.50,20.778
80373,16233,63.50,20.778
80381,32893,63.50,20.778
80383,16233,63.50,20.778
80391,32893,63.50,20.778
80393,16233,63.50,20.778
80401,32893,63.50,20.778
80403,16233,63.50,20.778
80411,32893,63.50,20.778
80413,16233,63.50,20.778
80421,32893,63.50,20.778
80423,16233,63.50,20.778
80431,32893,63.50,20.778
80433,16233,63.50,20.778
80441,32893,63.50,20.778
80443,16233,63.50,20.778
80451,32893,63.50,20.778
80453,16233,63.50,20.778
80461,32893,63.50,20.778
80463,16233,63.50,20.778
80471,32893,63.50,20.778
80473,16233,63.50,20.778
80481,32893,63.50,20.778
80483,16233,63.50,20.778
80491,32893,63.50,20.778
80493,16233,63.50,20.778
80501,32893,63.50,20.778
80503,16233,63.50,20.778
80511,32893,63.50,20.778
80513,16233,63.50,20.778
80521,32893,63.50,20.778
80523,16233,63.50,20.778
80531,32893,63.50,20.778
80533,16233,63.50,20.778
80541,32893,63.50,20.778
80543,16233,63.50,20.778
80552,32893,63.50,20.778
80553,16233,63.50,20.778
80561,32893,63.50,20.778
80563,16233,63.50,20.778
80571,32893,63.50,20.778
80573,16233,63.50,20.778
80581,32893,63.50,20.778
80584,16233,63.50,20.778
80591,32893,63.50,20.778
80593,16233,63.50,20.778
80601,32893,63.50,20.778
80603,16233,63.50,20.778
80612,32893,63.50,20.778
80613,16233,63.50,20.778
80621,32893,63.50,20.778
80623,16233,63.50,20.778
80631,32893,63.50,20.778
80633,16233,63.50,20.778
80641,32893,63.50,20.778
80643,16233,63.50,20.778
80651,32893,63.50,20.778
80653,16233,63.50,20.778
80661,32893,63.50,20.778
80663,16233,63.50,20.778
80671,32893,63.50,20.778
80673,16233,63.50,20.778
80681,32893,63.50,20.778
80683,16233,63.50,20.778
80691,32893,63.50,20.778
80693,16233,63.50,20.778
80701,32893,63.50,20.778
80703,16233,63.50,20.778
80711,32893,63.50,20.778
80713,16233,63.50,20.778
80721,32893,63.50,20.778
80723,16233,63.50,20.778
80731,32893,63.50,20.778
80733,16233,63.50,20.778
80741,32893,63.50,20.778
80743,16233,63.50,20.778
80751,32893,63.50,20.778
80753,16233,63.50,20.778
80761,32893,63.50,20.778
80763,16233,63.50,20.778
80771,32893,63.50,20.778
80773,16233,63.50,20.778
80781,32893,63.50,20.778
80783,16233,63.50,20.778
80791,32893,63.50,20.778
80793,16233,63.50,20.778
80801,32893,63.50,20.778
80804,16233,63.50,20.778
80811,32893,63.50,20.778
80813,16233,63.50,20.778
80821,32893,63.50,20.778
80823,16233,63.50,20.778
80831,32893,63.50,20.778
80833,16233,63.50,20.778
80841,32893,63.50,20.778
80843,16233,63.50,20.778
80851,32893,63.50,20.778
80853,16233,63.50,20.778
80861,32893,63.50,20.778
80864,16233,63.50,20.778
80871,32893,63.50,20.778
80873,16233,63.50,20.778
80881,32893,63.50,20.778
80883,16233,63.50,20.778
80891,32893,63.50,20.778
80893,16233,63.50,20.778
80901,32893,63.50,20.778
80903,16233,63.50,20.778
80911,32893,63.50,20.778
80913,16233,63.50,20.778
80921,32893,63.50,20.778
80923,16233,63.50,20.778
80931,32893,63.50,20.778
80933,16233,63.50,20.778
80941,32893,63.50,20.778
80943,16233,63.50,20.778
80951,32893,63.50,20.778
80953,16233,63.50,20.778
80961,32893,63.50,20.778
80963,16233,63.50,20.778
80971,32893,63.50,20.778
80973,16233,63.50,20.778
80981,32893,63.50,20.778
80983,16233,63.50,20.778
80991,32893,63.50,20.778
80993,16233,63.50,20.778
81001,32893,63.50,20.778
81003,16233,63.50,20.778
81011,32893,63.50,20.778
81013,16233,63.50,20.778
81021,32893,63.50,20.778
81023,16233,63.50,20.778
81031,32893,63.50,20.778
81033,16233,63.50,20.778
81041,32893,63.50,20.778
81043,16233,63.50,20.778
81051,32893,63.50,20.778
81053,16233,63.50,20.778
81061,32893,63.50,20.778
81063,16233,63.50,20.778
81072,32893,63.50,20.778
81074,16233,63.50,20.778
81081,32893,63.50,20.778
81084,16233,63.50,20.778
81091,32893,63.50,20.778
81093,16233,63.50,20.778
81101,32893,63.50,20.778
81103,16233,63.50,20.778
81111,32893,63.50,20.778
81113,16233,63.50,20.778
81121,32893,63.50,20.778
81123,16233,63.50,20.778
81131,32893,63.50,20.778
81133,16233,63.50,20.778
81141,32893,63.50,20.778
81143,16233,63.50,20.778
81151,32893,63.50,20.778
81153,16233,63.50,20.778
81161,32893,63.50,20.778
81163,16233,63.50,20.778
81171,32893,63.50,20.778
81173,16233,63.50,20.778
81181,32893,63.50,20.778
81183,16233,63.50,20.778
81191,32893,63.50,20.778
81193,16233,63.50,20.778
81201,32893,63.50,20.778
81203,16233,63.50,20.778
81211,32893,63.50,20.778
81213,16233,63.50,20.778
81221,32893,63.50,20.778
81223,16233,63.50,20.778
81231,32893,63.50,20.778
81233,16233,63.50,20.778
81241,32893,63.50,20.778
81243,16233,63.50,20.778
81251,32893,63.50,20.778
81254,16233,63.50,20.778
81261,32893,63.50,20.778
81263,16233,63.50,20.778
81271,32893,63.50,20.778
81273,16233,63.50,20.778
81281,32893,63.50,20.778
81283,16233,63.50,20.778
81291,32893,63.50,20.778
81293,16233,63.50,20.778
81301,32893,63.50,20.778
81303,16233,63.50,20.778
81311,32893,63.50,20.778
81313,16233,63.50,20.778
81321,32893,63.50,20.778
81323,16233,63.50,20.778
81331,32893,63.50,20.778
81333,16233,63.50,20.778
81341,32893,63.50,20.778
81343,16233,63.50,20.778
81351,32893,63.50,20.778
81353,16233,63.50,20.778
81361,32893,63.50,20.778
81364,16233,63.50,20.778
81371,32893,63.50,20.778
81373,16233,63.50,20.778
81381,32893,63.50,20.778
81383,16233,63.50,20.778
81391,32893,63.50,20.778
81393,16233,63.50,20.778
81401,32893,63.50,20.778
81403,16233,63.50,20.778
81411,32893,63.50,20.778
81413,16233,63.50,20.778
81421,32893,63.50,20.778
81423,16233,63.50,20.778
81431,32893,63.50,20.778
81433,16233,63.50,20.778
81441,32893,63.50,20.778
81443,16233,63.50,20.778
81451,32893,63.50,20.778
81454,16233,63.50,20.778
81461,32893,63.50,20.778
81463,16233,63.50,20.778
81471,32893,63.50,20.778
81474,16233,63.50,20.778
81481,32893,63.50,20.778
81483,16233,63.50,20.778
81491,32893,63.50,20.778
81493,16233,63.50,20.778
81501,32893,63.50,20.778
81503,16233,63.50,20.778
81511,32893,63.50,20.778
81513,16233,63.50,20.778
81521,32893,63.50,20.778
81523,16233,63.50,20.778
81531,32893,63.50,20.778
81533,16233,63.50,20.778
81541,32893,63.50,20.778
81543,16233,63.50,20.778
81551,32893,63.50,20.778
81553,16233,63.50,20.778
81561,32893,63.50,20.778
81563,16233,63.50,20.778
81571,32893,63.50,20.778
81573,16233,63.50,20.778
81581,32893,63.50,20.778
81584,16233,63.50,20.778
81591,32893,63.50,20.778
81593,16233,63.50,20.778
81601,32893,63.50,20.778
81603,16233,63.50,20.778
81611,32893,63.50,20.778
81614,16233,63.50,20.778
81621,32893,63.50,20.778
81623,16233,63.50,20.778
81631,32893,63.50,20.778
81633,16233,63.50,20.778
81641,32893,63.50,20.778
81644,16233,63.50,20.778
81651,32893,63.50,20.778
81653,16233,63.50,20.778
81661,32893,63.50,20.778
81664,16233,63.50,20.778
81671,32893,63.50,20.778
81673,16233,63.50,20.778
81682,32893,63.50,20.778
81683,16233,63.50,20.778
81691,32893,63.50,20.778
81693,16233,63.50,20.778
81701,32893,63.50,20.778
81703,16233,63.50,20.778
81711,32893,63.50,20.778
81713,16233,63.50,20.778
81721,32893,63.50,20.778
81723,16233,63.50,20.778
81731,32893,63.50,20.778
81733,16233,63.50,20.778
81741,32893,63.50,20.778
81743,16233,63.50,20.778
81751,32893,63.50,20.778
81753,16233,63.50,20.778
81761,32893,63.50,20.778
81763,16233,63.50,20.778
81771,32893,63.50,20.778
81774,16233,63.50,20.778
81781,32893,63.50,20.778
81783,16233,63.50,20.778
81791,32893,63.50,20.778
81793,16233,63.50,20.778
81801,32893,63.50,20.778
81803,16233,63.50,20.778
81811,32893,63.50,20.778
81813,16233,63.50,20.778
81821,32893,63.50,20.778
81823,16233,63.50,20.778
81831,32893,63.50,20.778
81833,16233,63.50,20.778
81841,32893,63.50,20.778
81843,16233,63.50,20.778
81851,32893,63.50,20.778
81853,16233,63.50,20.778
81861,32893,63.50,20.778
81863,16233,63.50,20.778
81871,32893,63.50,20.778
81874,16233,63.50,20.778
81881,32893,63.50,20.778
81883,16233,63.50,20.778
81891,32893,63.50,20.778
81894,16233,63.50,20.778
81901,32893,63.50,20.778
81903,16233,63.50,20.778
81911,32893,63.50,20.778
81913,16233,63.50,20.778
81921,32893,63.50,20.778
81923,16233,63.50,20.778
81931,32893,63.50,20.778
81934,16233,63.50,20.778
81941,32893,63.50,20.778
81944,16233,63.50,20.778
81951,32893,63.50,20.778
81953,16233,63.50,20.778
81961,32893,63.50,20.778
81963,16233,63.50,20.778
81972,32893,63.50,20.778
81974,16233,63.50,20.778
81981,32893,63.50,20.778
81983,16233,63.50,20.778
81991,32893,63.50,20.778
81993,16233,63.50,20.778
82001,32893,63.50,20.778
82003,16233,63.50,20.778
82011,32893,63.50,20.778
82013,16233,63.50,20.778
82021,32893,63.50,20.778
82024,16233,63.50,20.778
82031,32893,63.50,20.778
82034,16233,63.50,20.778
82042,32893,63.50,20.778
82043,16233,63.50,20.778
82051,32893,63.50,20.778
82053,16233,63.50,20.778
82061,32893,63.50,20.778
82064,16233,63.50,20.778
82071,32893,63.50,20.778
82074,16233,63.50,20.778
82081,32893,63.50,20.778
82083,16233,63.50,20.778
82091,32893,63.50,20.778
82094,16233,63.50,20.778
82101,32893,63.50,20.778
82104,16233,63.50,20.778
82111,32893,63.50,20.778
82113,16233,63.50,20.778
82121,32893,63.50,20.778
82123,16233,63.50,20.778
82131,32893,63.50,20.778
82133,16233,63.50,20.778
82141,32893,63.50,20.778
82143,16233,63.50,20.778
82151,32893,63.50,20.778
82154,16233,63.50,20.778
82161,32893,63.50,20.778
82163,16233,63.50,20.778
82171,32893,63.50,20.778
82173,16233,63.50,20.778
82181,32893,63.50,20.778
82184,16233,63.50,20.778
82191,32893,63.50,20.778
82193,16233,63.50,20.778
82201,32893,63.50,20.778
82203,16233,63.50,20.778
82211,32893,63.50,20.778
82213,16233,63.50,20.778
82221,32893,63.50,20.778
82224,16233,63.50,20.778
82231,32893,63.50,20.778
82233,16233,63.50,20.778
82241,32893,63.50,20.778
82243,16233,63.50,20.778
82251,32893,63.50,20.778
82253,16233,63.50,20.778
82261,32893,63.50,20.778
82263,16233,63.50,20.778
82271,32893,63.50,20.778
82273,16233,63.50,20.778
82281,32893,63.50,20.778
82283,16233,63.50,20.778
82291,32893,63.50,20.778
82293,16233,63.50,20.778
82301,32893,63.50,20.778
82303,16233,63.50,20.778
82311,32893,63.50,20.778
82313,16233,63.50,20.778
82322,32893,63.50,20.778
82323,16233,63.50,20.778
82331,32893,63.50,20.778
82333,16233,63.50,20.778
82341,32893,63.50,20.778
82343,16233,63.50,20.778
82351,32893,63.50,20.778
82353,16233,63.50,20.778
82361,32893,63.50,20.778
82364,16233,63.50,20.778
82371,32893,63.50,20.778
82374,16233,63.50,20.778
82381,32893,63.50,20.778
82383,16233,63.50,20.778
82391,32893,63.50,20.778
82393,16233,63.50,20.778
82401,32893,63.50,20.778
82403,16233,63.50,20.778
82411,32893,63.50,20.778
82413,16233,63.50,20.778
82421,32893,63.50,20.778
82423,16233,63.50,20.778
82431,32893,63.50,20.778
82433,16233,63.50,20.778
82441,32893,63.50,20.778
82443,16233,63.50,20.778
82451,32893,63.50,20.778
82454,16233,63.50,20.778
82461,32893,63.50,20.778
82463,16233,63.50,20.778
82471,32893,63.50,20.778
82474,16233,63.50,20.778
82481,32893,63.50,20.778
82483,16233,63.50,20.778
82491,32893,63.50,20.778
82493,16233,63.50,20.778
82501,32893,63.50,20.778
82504,16233,63.50,20.778
82511,32893,63.50,20.778
82513,16233,63.50,20.778
82521,32893,63.50,20.778
82523,16233,63.50,20.778
82531,32893,63.50,20.778
82533,16233,63.50,20.778
82541,32893,63.50,20.778
82543,16233,63.50,20.778
82551,32893,63.50,20.778
82553,16233,63.50,20.778
82561,32893,63.50,20.778
82563,16233,63.50,20.778
82571,32893,63.50,20.778
82573,16233,63.50,20.778
82581,32893,63.50,20.778
82583,16233,63.50,20.778
82591,32893,63.50,20.778
82593,16233,63.50,20.778
82601,32893,63.50,20.778
82603,16233,63.50,20.778
82611,32893,63.50,20.778
82613,16233,63.50,20.778
82621,32893,63.50,20.778
82623,16233,63.50,20.778
82631,32893,63.50,20.778
82633,16233,63.50,20.778
82641,32893,63.50,20.778
82643,16233,63.50,20.778
82651,32893,63.50,20.778
82653,16233,63.50,20.778
82661,32893,63.50,20.778
82663,16233,63.50,20.778
82671,32893,63.50,20.778
82673,16233,63.50,20.778
82681,32893,63.50,20.778
82683,16233,63.50,20.778
82691,32893,63.50,20.778
82693,16233,63.50,20.778
82701,32893,63.50,20.778
82703,16233,63.50,20.778
82711,32893,63.50,20.778
82713,16233,63.50,20.778
82721,32893,63.50,20.778
82723,16233,63.50,20.778
82732,32893,63.50,20.778
82733,16233,63.50,20.778
82741,32893,63.50,20.778
82743,16233,63.50,20.778
82751,32893,63.50,20.778
82753,16233,63.50,20.778
82761,32893,63.50,20.778
82763,16233,63.50,20.778
82771,32893,63.50,20.778
82773,16233,63.50,20.778
82781,32893,63.50,20.778
82783,16233,63.50,20.778
82791,32893,63.50,20.778
82793,16233,63.50,20.778
82801,32893,63.50,20.778
82803,16233,63.50,20.778
82811,32893,63.50,20.778
82814,16233,63.50,20.778
82821,32893,63.50,20.778
82823,16233,63.50,20.778
82831,32893,63.50,20.778
82833,16233,63.50,20.778
82841,32893,63.50,20.778
82844,16233,63.50,20.778
82852,32893,63.50,20.778
82854,16233,63.50,20.778
82861,32893,63.50,20.778
82863,16233,63.50,20.778
82871,32893,63.50,20.778
82874,16233,63.50,20.778
82881,32893,63.50,20.778
82883,16233,63.50,20.778
82891,32893,63.50,20.778
82893,16233,63.50,20.778
82901,32893,63.50,20.778
82903,16233,63.50,20.778
82911,32893,63.50,20.778
82913,16233,63.50,20.778
82921,32893,63.50,20.778
82923,16233,63.50,20.778
82931,32893,63.50,20.778
82933,16233,63.50,20.778
82941,32893,63.50,20.778
82944,16233,63.50,20.778
82951,32893,63.50,20.778
82954,16233,63.50,20.778
82961,32893,63.50,20.778
82963,16233,63.50,20.778
82971,32893,63.50,20.778
82973,16233,63.50,20.778
82981,32893,63.50,20.778
82983,16233,63.50,20.778
82991,32893,63.50,20.778
82993,16233,63.50,20.778
83001,32893,63.50,20.778
83003,16233,63.50,20.778
83011,32893,63.50,20.778
83013,16233,63.50,20.778
83021,32893,63.50,20.778
83023,16233,63.50,20.778
83031,32893,63.50,20.778
83033,16233,63.50,20.778
83041,32893,63.50,20.778
83043,16233,63.50,20.778
83051,32893,63.50,20.778
83053,16233,63.50,20.778
83061,32893,63.50,20.778
83063,16233,63.50,20.778
83071,32893,63.50,20.778
83073,16233,63.50,20.778
83081,32893,63.50,20.778
83083,16233,63.50,20.778
83091,32893,63.50,20.778
83093,16233,63.50,20.778
83101,32893,63.50,20.778
83103,16233,63.50,20.778
83111,32893,63.50,20.778
83113,16233,63.50,20.778
83121,32893,63.50,20.778
83123,16233,63.50,20.778
83131,32893,63.50,20.778
83133,16233,63.50,20.778
83141,32893,63.50,20.778
83143,16233,63.50,20.778
83151,32893,63.50,20.778
83154,16233,63.50,20.778
83161,32893,63.50,20.778
83163,16233,63.50,20.778
83171,32893,63.50,20.778
83173,16233,63.50,20.778
83181,32893,63.50,20.778
83183,16233,63.50,20.778
83191,32893,63.50,20.778
83193,16233,63.50,20.778
83201,32893,63.50,20.778
83203,16233,63.50,20.778
83211,32893,63.50,20.778
83214,16233,63.50,20.778
83221,32893,63.50,20.778
83223,16233,63.50,20.778
83231,32893,63.50,20.778
83233,16233,63.50,20.778
83241,32893,63.50,20.778
83243,16233,63.50,20.778
83251,32893,63.50,20.778
83253,16233,63.50,20.778
83261,32893,63.50,20.778
83263,16233,63.50,20.778
83271,32893,63.50,20.778
83273,16233,63.50,20.778
83282,32893,63.50,20.778
83284,16233,63.50,20.778
83291,32893,63.50,20.778
83293,16233,63.50,20.778
83301,32893,63.50,20.778
83304,16233,63.50,20.778
83311,32893,63.50,20.778
83313,16233,63.50,20.778
83321,32893,63.50,20.778
83323,16233,63.50,20.778
83331,32893,63.50,20.778
83334,16233,63.50,20.778
83341,32893,63.50,20.778
83343,16233,63.50,20.778
83351,32893,63.50,20.778
83353,16233,63.50,20.778
83361,32893,63.50,20.778
83364,16233,63.50,20.778
83371,32893,63.50,20.778
83374,16233,63.50,20.778
83381,32893,63.50,20.778
83383,16233,63.50,20.778
83391,32893,63.50,20.778
83393,16233,63.50,20.778
83402,32893,63.50,20.778
83403,16233,63.50,20.778
83411,32893,63.50,20.778
83413,16233,63.50,20.778
83421,32893,63.50,20.778
83423,16233,63.50,20.778
83431,32893,63.50,20.778
83434,16233,63.50,20.778
83441,32893,63.50,20.778
83443,16233,63.50,20.778
83451,32893,63.50,20.778
83454,16233,63.50,20.778
83462,32893,63.50,20.778
83464,16233,63.50,20.778
83471,32893,63.50,20.778
83474,16233,63.50,20.778
83481,32893,63.50,20.778
83484,16233,63.50,20.778
83492,32893,63.50,20.778
83493,16233,63.50,20.778
83501,32893,63.50,20.778
83503,16233,63.50,20.778
83511,32893,63.50,20.778
83513,16233,63.50,20.778
83521,32893,63.50,20.778
83524,16233,63.50,20.778
83531,32893,63.50,20.778
83534,16233,63.50,20.778
83542,32893,63.50,20.778
83544,16233,63.50,20.778
83551,32893,63.50,20.778
83554,16233,63.50,20.778
83561,32893,63.50,20.778
83563,16233,63.50,20.778
83571,32893,63.50,20.778
83573,16233,63.50,20.778
83581,32893,63.50,20.778
83583,16233,63.50,20.778
83591,32893,63.50,20.778
83594,16233,63.50,20.778
83601,32893,63.50,20.778
83603,16233,63.50,20.778
83611,32893,63.50,20.778
83613,16233,63.50,20.778
83621,32893,63.50,20.778
83623,16233,63.50,20.778
83631,32893,63.50,20.778
83633,16233,63.50,20.778
83641,32893,63.50,20.778
83643,16233,63.50,20.778
83651,32893,63.50,20.778
83653,16233,63.50,20.778
83661,32893,63.50,20.778
83663,16233,63.50,20.778
83671,32893,63.50,20.778
83673,16233,63.50,20.778
83681,32893,63.50,20.778
83683,16233,63.50,20.778
83691,32893,63.50,20.778
83693,16233,63.50,20.778
83701,32893,63.50,20.778
83703,16233,63.50,20.778
83711,32893,63.50,20.778
83713,16233,63.50,20.778
83721,32893,63.50,20.778
83724,16233,63.50,20.778
83731,32893,63.50,20.778
83733,16233,63.50,20.778
83741,32893,63.50,20.778
83743,16233,63.50,20.778
83751,32893,63.50,20.778
83754,16233,63.50,20.778
83761,32893,63.50,20.778
83763,16233,63.50,20.778
83771,32893,63.50,20.778
83774,16233,63.50,20.778
83781,32893,63.50,20.778
83783,16233,63.50,20.778
83791,32893,63.50,20.778
83793,16233,63.50,20.778
83801,32893,63.50,20.778
83803,16233,63.50,20.778
83811,32893,63.50,20.778
83813,16233,63.50,20.778
83821,32893,63.50,20.778
83823,16233,63.50,20.778
83831,32893,63.50,20.778
83833,16233,63.50,20.778
83841,32893,63.50,20.778
83843,16233,63.50,20.778
83851,32893,63.50,20.778
83853,16233,63.50,20.778
83861,32893,63.50,20.778
83863,16233,63.50,20.778
83871,32893,63.50,20.778
83873,16233,63.50,20.778
83881,32893,63.50,20.778
83883,16233,63.50,20.778
83891,32893,63.50,20.778
83893,16233,63.50,20.778
83902,32893,63.50,20.778
83903,16233,63.50,20.778
83911,32893,63.50,20.778
83913,16233,63.50,20.778
83921,32893,63.50,20.778
83923,16233,63.50,20.778
83931,32893,63.50,20.778
83934,16233,63.50,20.778
83941,32893,63.50,20.778
83943,16233,63.50,20.778
83951,32893,63.50,20.778
83953,16233,63.50,20.778
83961,32893,63.50,20.778
83963,16233,63.50,20.778
83972,32893,63.50,20.778
83973,16233,63.50,20.778
83981,32893,63.50,20.778
83983,16233,63.50,20.778
83991,32893,63.50,20.778
83993,16233,63.50,20.778
84001,32893,63.50,20.778
84003,16233,63.50,20.778
84011,32893,63.50,20.778
84013,16233,63.50,20.778
84021,32893,63.50,20.778
84023,16233,63.50,20.778
84031,32893,63.50,20.778
84034,16233,63.50,20.778
84041,32893,63.50,20.778
84043,16233,63.50,20.778
84051,32893,63.50,20.778
84054,16233,63.50,20.778
84061,32893,63.50,20.778
84063,16233,63.50,20.778
84072,32893,63.50,20.778
84073,16233,63.50,20.778
84081,32893,63.50,20.778
84083,16233,63.50,20.778
84091,32893,63.50,20.778
84093,16233,63.50,20.778
84101,32893,63.50,20.778
84103,16233,63.50,20.778
84111,32893,63.50,20.778
84113,16233,63.50,20.778
84121,32893,63.50,20.778
84123,16233,63.50,20.778
84131,32893,63.50,20.778
84133,16233,63.50,20.778
84141,32893,63.50,20.778
84143,16233,63.50,20.778
84151,32893,63.50,20.778
84153,16233,63.50,20.778
84161,32893,63.50,20.778
84163,16233,63.50,20.778
84171,32893,63.50,20.778
84174,16233,63.50,20.778
84181,32893,63.50,20.778
84183,16233,63.50,20.778
84191,32893,63.50,20.778
84194,16233,63.50,20.778
84201,32893,63.50,20.778
84203,16233,63.50,20.778
84211,32893,63.50,20.778
84214,16233,63.50,20.778
84221,32893,63.50,20.778
84223,16233,63.50,20.778
84231,32893,63.50,20.778
84234,16233,63.50,20.778
84241,32893,63.50,20.778
84243,16233,63.50,20.778
84251,32893,63.50,20.778
84254,16233,63.50,20.778
84261,32893,63.50,20.778
84263,16233,63.50,20.778
84271,32893,63.50,20.778
84273,16233,63.50,20.778
84281,32893,63.50,20.778
84284,16233,63.50,20.778
84291,32893,63.50,20.778
84293,16233,63.50,20.778
84301,32893,63.50,20.778
84303,16233,63.50,20.778
84311,32893,63.50,20.778
84313,16233,63.50,20.778
84321,32893,63.50,20.778
84323,16233,63.50,20.778
84331,32893,63.50,20.778
84333,16233,63.50,20.778
84341,32893,63.50,20.778
84343,16233,63.50,20.778
84351,32893,63.50,20.778
84353,16233,63.50,20.778
84361,32893,63.50,20.778
84363,16233,63.50,20.778
84371,32893,63.50,20.778
84373,16233,63.50,20.778
84381,32893,63.50,20.778
84383,16233,63.50,20.778
84391,32893,63.50,20.778
84393,16233,63.50,20.778
84401,32893,59.00,19.305
84403,16233,63.50,20.778
84411,32893,59.00,19.305
84413,16233,63.50,20.778
84421,32893,59.00,19.305
84423,16233,63.50,20.778
84431,32893,59.00,19.305
84433,16233,63.50,20.778
84441,32893,59.00,19.305
84443,16233,63.50,20.778
84451,32893,59.00,19.305
84454,16233,63.50,20.778
84461,32893,59.00,19.305
84463,16233,63.50,20.778
84471,32893,59.00,19.305
84473,16233,63.50,20.778
84481,32893,59.00,19.305
84483,16233,63.50,20.778
84491,32893,59.00,19.305
84493,16233,63.50,20.778
84501,32893,59.00,19.305
84504,16233,63.50,20.778
84511,32893,59.00,19.305
84514,16233,63.50,20.778
84521,32893,59.00,19.305
84523,16233,63.50,20.778
84531,32893,59.00,19.305
84534,16233,63.50,20.778
84541,32893,59.00,19.305
84543,16233,63.50,20.778
84552,32893,59.00,19.305
84553,16233,63.50,20.778
84561,32893,59.00,19.305
84563,16233,63.50,20.778
84571,32893,59.00,19.305
84573,16233,63.50,20.778
84581,32893,59.00,19.305
84584,16233,63.50,20.778
84591,32893,59.00,19.305
84594,16233,63.50,20.778
84602,32893,59.00,19.305
84604,16233,63.50,20.778
84611,32893,59.00,19.305
84613,16233,63.50,20.778
84621,32893,59.00,19.305
84623,16233,63.50,20.778
84631,32893,59.00,19.305
84633,16233,63.50,20.778
84641,32893,59.00,19.305
84643,16233,63.50,20.778
84651,32893,59.00,19.305
84653,16233,63.50,20.778
84661,32893,59.00,19.305
84663,16233,63.50,20.778
84671,32893,59.00,19.305
84673,16233,63.50,20.778
84681,32893,59.00,19.305
84683,16233,63.50,20.778
84691,32893,59.00,19.305
84693,16233,63.50,20.778
84701,32893,59.00,19.305
84703,16233,63.50,20.778
84711,32893,59.00,19.305
84713,16233,63.50,20.778
84721,32893,59.00,19.305
84723,16233,63.50,20.778
84731,32893,59.00,19.305
84733,16233,63.50,20.778
84741,32893,59.00,19.305
84743,16233,63.50,20.778
84751,32893,59.00,19.305
84753,16233,63.50,20.778
84761,32893,59.00,19.305
84763,16233,63.50,20.778
84771,32893,59.00,19.305
84773,16233,63.50,20.778
84781,32893,59.00,19.305
84783,16233,63.50,20.778
84791,32893,59.00,19.305
84793,16233,63.50,20.778
84801,32893,59.00,19.305
84803,16233,63.50,20.778
84811,32893,59.00,19.305
84813,16233,63.50,20.778
84821,32893,59.00,19.305
84823,16233,63.50,20.778
84831,32893,59.00,19.305
84833,16233,63.50,20.778
84841,32893,59.00,19.305
84843,16233,63.50,20.778
84851,32893,59.00,19.305
84853,16233,63.50,20.778
84861,32893,59.00,19.305
84863,16233,63.50,20.778
84871,32893,59.00,19.305
84873,16233,63.50,20.778
84881,32893,59.00,19.305
84883,16233,63.50,20.778
84891,32893,59.00,19.305
84893,16233,63.50,20.778
84901,32893,59.00,19.305
84903,16233,63.50,20.778
84911,32893,59.00,19.305
84913,16233,63.50,20.778
84921,32893,59.00,19.305
84923,16233,63.50,20.778
84931,32893,59.00,19.305
84933,16233,63.50,20.778
84941,32893,59.00,19.305
84943,16233,63.50,20.778
84951,32893,59.00,19.305
84953,16233,63.50,20.778
84961,32893,59.00,19.305
84963,16233,63.50,20.778
84971,32893,59.00,19.305
84973,16233,63.50,20.778
84981,32893,59.00,19.305
84983,16233,63.50,20.778
84991,32893,59.00,19.305
84993,16233,63.50,20.778
85001,32893,59.00,19.305
85003,16233,63.50,20.778
85011,32893,59.00,19.305
85013,16233,63.50,20.778
85021,32893,59.00,19.305
85023,16233,63.50,20.778
85031,32893,59.00,19.305
85033,16233,63.50,20.778
85041,32893,59.00,19.305
85043,16233,63.50,20.778
85051,32893,59.00,19.305
85053,16233,63.50,20.778
85061,32893,59.00,19.305
85063,16233,63.50,20.778
85071,32893,59.00,19.305
85073,16233,63.50,20.778
85081,32893,59.00,19.305
85083,16233,63.50,20.778
85091,32893,59.00,19.305
85093,16233,63.50,20.778
85101,32893,59.00,19.305
85103,16233,63.50,20.778
85111,32893,59.00,19.305
85113,16233,63.50,20.778
85121,32893,59.00,19.305
85123,16233,63.50,20.778
85131,32893,59.00,19.305
85133,16233,63.50,20.778
85141,32893,59.00,19.305
85143,16233,63.50,20.778
85151,32893,59.00,19.305
85153,16233,63.50,20.778
85161,32893,59.00,19.305
85163,16233,63.50,20.778
85171,32893,59.00,19.305
85173,16233,63.50,20.778
85181,32893,59.00,19.305
85183,16233,63.50,20.778
85191,32893,59.00,19.305
85193,16233,63.50,20.778
85201,32893,59.00,19.305
85203,16233,63.50,20.778
85211,32893,59.00,19.305
85213,16233,63.50,20.778
85221,32893,59.00,19.305
85223,16233,63.50,20.778
85231,32893,59.00,19.305
85233,16233,63.50,20.778
85241,32893,59.00,19.305
85243,16233,63.50,20.778
85251,32893,59.00,19.305
85253,16233,63.50,20.778
85261,32893,59.00,19.305
85263,16233,63.50,20.778
85271,32893,59.00,19.305
85273,16233,63.50,20.778
85281,32893,59.00,19.305
85283,16233,63.50,20.778
85291,32893,59.00,19.305
85293,16233,63.50,20.778
85301,32893,59.00,19.305
85303,16233,63.50,20.778
85311,32893,59.00,19.305
85314,16233,63.50,20.778
85321,32893,59.00,19.305
85323,16233,63.50,20.778
85331,32893,59.00,19.305
85333,16233,63.50,20.778
85341,32893,59.00,19.305
85343,16233,63.50,20.778
85351,32893,59.00,19.305
85353,16233,63.50,20.778
85361,32893,59.00,19.305
85364,16233,63.50,20.778
85371,32893,59.00,19.305
85374,16233,63.50,20.778
85381,32893,59.00,19.305
85383,16233,63.50,20.778
85391,32893,59.00,19.305
85393,16233,63.50,20.778
85401,32893,59.00,19.305
85403,16233,63.50,20.778
85411,32893,59.00,19.305
85413,16233,63.50,20.778
85421,32893,59.00,19.305
85423,16233,63.50,20.778
85431,32893,59.00,19.305
85434,16233,63.50,20.778
85441,32893,59.00,19.305
85443,16233,63.50,20.778
85451,32893,59.00,19.305
85453,16233,63.50,20.778
85460,32893,59.00,19.305
85463,16233,63.50,20.778
85471,32893,59.00,19.305
85473,16233,63.50,20.778
85481,32893,59.00,19.305
85483,16233,63.50,20.778
85491,32893,59.00,19.305
85493,16233,63.50,20.778
85501,32893,59.00,19.305
85503,16233,63.50,20.778
85511,32893,59.00,19.305
85513,16233,63.50,20.778
85521,32893,59.00,19.305
85524,16233,63.50,20.778
85531,32893,59.00,19.305
85533,16233,63.50,20.778
85541,32893,59.00,19.305
85543,16233,63.50,20.778
85551,32893,59.00,19.305
85553,16233,63.50,20.778
85561,32893,59.00,19.305
85563,16233,63.50,20.778
85571,32893,59.00,19.305
85573,16233,63.50,20.778
85581,32893,59.00,19.305
85583,16233,63.50,20.778
85591,32893,59.00,19.305
85593,16233,63.50,20.778
85601,32893,59.00,19.305
85603,16233,63.50,20.778
85611,32893,59.00,19.305
85613,16233,63.50,20.778
85621,32893,59.00,19.305
85623,16233,63.50,20.778
85631,32893,59.00,19.305
85633,16233,63.50,20.778
85641,32893,59.00,19.305
85643,16233,63.50,20.778
85651,32893,59.00,19.305
85653,16233,63.50,20.778
85661,32893,59.00,19.305
85663,16233,63.50,20.778
85671,32893,59.00,19.305
85673,16233,63.50,20.778
85682,32893,59.00,19.305
85683,16233,63.50,20.778
85691,32893,59.00,19.305
85693,16233,63.50,20.778
85701,32893,59.00,19.305
85703,16233,63.50,20.778
85711,32893,59.00,19.305
85714,16233,63.50,20.778
85721,32893,59.00,19.305
85723,16233,63.50,20.778
85731,32893,59.00,19.305
85733,16233,63.50,20.778
85741,32893,59.00,19.305
85743,16233,63.50,20.778
85751,32893,59.00,19.305
85753,16233,63.50,20.778
85761,32893,59.00,19.305
85763,16233,63.50,20.778
85771,32893,59.00,19.305
85773,16233,63.50,20.778
85781,32893,59.00,19.305
85783,16233,63.50,20.778
85791,32893,59.00,19.305
85793,16233,63.50,20.778
85801,32893,59.00,19.305
85803,16233,63.50,20.778
85811,32893,59.00,19.305
85813,16233,63.50,20.778
85821,32893,59.00,19.305
85824,16233,63.50,20.778
85831,32893,59.00,19.305
85833,16233,63.50,20.778
85841,32893,59.00,19.305
85843,16233,63.50,20.778
85851,32893,59.00,19.305
85853,16233,63.50,20.778
85861,32893,59.00,19.305
85864,16233,63.50,20.778
85871,32893,59.00,19.305
85873,16233,63.50,20.778
85881,32893,59.00,19.305
85883,16233,63.50,20.778
85891,32893,59.00,19.305
85893,16233,63.50,20.778
85901,32893,59.00,19.305
85903,16233,63.50,20.778
85911,32893,59.00,19.305
85913,16233,63.50,20.778
85921,32893,59.00,19.305
85923,16233,63.50,20.778
85931,32893,59.00,19.305
85933,16233,63.50,20.778
85941,32893,59.00,19.305
85943,16233,63.50,20.778
85951,32893,59.00,19.305
85953,16233,63.50,20.778
85961,32893,59.00,19.305
85963,16233,63.50,20.778
85971,32893,59.00,19.305
85973,16233,63.50,20.778
85981,32893,59.00,19.305
85983,16233,63.50,20.778
85991,32893,59.00,19.305
85993,16233,63.50,20.778
86001,32893,59.00,19.305
86003,16233,63.50,20.778
86011,32893,59.00,19.305
86013,16233,63.50,20.778
86021,32893,59.00,19.305
86023,16233,63.50,20.778
86031,32893,59.00,19.305
86033,16233,63.50,20.778
86041,32893,59.00,19.305
86043,16233,63.50,20.778
86051,32893,59.00,19.305
86053,16233,63.50,20.778
86061,32893,59.00,19.305
86063,16233,63.50,20.778
86071,32893,59.00,19.305
86073,16233,63.50,20.778
86082,32893,59.00,19.305
86083,16233,63.50,20.778
86091,32893,59.00,19.305
86093,16233,63.50,20.778
86101,32893,59.00,19.305
86105,16233,63.50,20.778
86111,32893,59.00,19.305
86113,16233,63.50,20.778
86121,32893,59.00,19.305
86123,16233,63.50,20.778
86131,32893,59.00,19.305
86133,16233,63.50,20.778
86141,32893,59.00,19.305
86143,16233,63.50,20.778
86151,32893,59.00,19.305
86153,16233,63.50,20.778
86161,32893,59.00,19.305
86163,16233,63.50,20.778
86171,32893,59.00,19.305
86173,16233,63.50,20.778
86181,32893,59.00,19.305
86183,16233,63.50,20.778
86191,32893,59.00,19.305
86193,16233,63.50,20.778
86201,32893,59.00,19.305
86203,16233,63.50,20.778
86211,32893,59.00,19.305
86213,16233,63.50,20.778
86221,32893,59.00,19.305
86223,16233,63.50,20.778
86231,32893,59.00,19.305
86234,16233,63.50,20.778
86241,32893,59.00,19.305
86243,16233,63.50,20.778
86251,32893,59.00,19.305
86253,16233,63.50,20.778
86261,32893,59.00,19.305
86263,16233,63.50,20.778
86271,32893,59.00,19.305
86273,16233,63.50,20.778
86281,32893,59.00,19.305
86283,16233,63.50,20.778
86291,32893,59.00,19.305
86293,16233,63.50,20.778
86301,32893,59.00,19.305
86303,16233,63.50,20.778
86311,32893,59.00,19.305
86313,16233,63.50,20.778
86321,32893,59.00,19.305
86323,16233,63.50,20.778
86331,32893,59.00,19.305
86333,16233,63.50,20.778
86341,32893,59.00,19.305
86343,16233,63.50,20.778
86351,32893,59.00,19.305
86353,16233,63.50,20.778
86361,32893,59.00,19.305
86364,16233,63.50,20.778
86371,32893,59.00,19.305
86373,16233,63.50,20.778
86381,32893,59.00,19.305
86383,16233,63.50,20.778
86391,32893,59.00,19.305
86393,16233,63.50,20.778
86401,32893,59.00,19.305
86403,16233,63.50,20.778
86411,32893,59.00,19.305
86413,16233,63.50,20.778
86421,32893,59.00,19.305
86423,16233,63.50,20.778
86431,32893,59.00,19.305
86433,16233,63.50,20.778
86441,32893,59.00,19.305
86443,16233,63.50,20.778
86451,32893,59.00,19.305
86453,16233,63.50,20.778
86461,32893,59.00,19.305
86463,16233,63.50,20.778
86471,32893,59.00,19.305
86473,16233,63.50,20.778
86481,32893,59.00,19.305
86483,16233,63.50,20.778
86491,32893,59.00,19.305
86493,16233,63.50,20.778
86501,32893,59.00,19.305
86503,16233,63.50,20.778
86511,32893,59.00,19.305
86513,16233,63.50,20.778
86521,32893,59.00,19.305
86523,16233,63.50,20.778
86531,32893,59.00,19.305
86533,16233,63.50,20.778
86541,32893,59.00,19.305
86543,16233,63.50,20.778
86551,32893,59.00,19.305
86553,16233,63.50,20.778
86561,32893,59.00,19.305
86563,16233,63.50,20.778
86571,32893,59.00,19.305
86573,16233,63.50,20.778
86581,32893,59.00,19.305
86583,16233,63.50,20.778
86591,32893,59.00,19.305
86593,16233,63.50,20.778
86601,32893,59.00,19.305
86603,16233,63.50,20.778
86611,32893,59.00,19.305
86614,16233,63.50,20.778
86621,32893,59.00,19.305
86623,16233,63.50,20.778
86631,32893,59.00,19.305
86633,16233,63.50,20.778
86641,32893,59.00,19.305
86643,16233,63.50,20.778
86651,32893,59.00,19.305
86653,16233,63.50,20.778
86661,32893,59.00,19.305
86663,16233,63.50,20.778
86671,32893,59.00,19.305
86673,16233,63.50,20.778
86681,32893,59.00,19.305
86683,16233,63.50,20.778
86691,32893,59.00,19.305
86694,16233,63.50,20.778
86701,32893,59.00,19.305
86703,16233,63.50,20.778
86711,32893,59.00,19.305
86713,16233,63.50,20.778
86722,32893,59.00,19.305
86723,16233,63.50,20.778
86731,32893,59.00,19.305
86733,16233,63.50,20.778
86741,32893,59.00,19.305
86743,16233,63.50,20.778
86751,32893,59.00,19.305
86753,16233,63.50,20.778
86761,32893,59.00,19.305
86763,16233,63.50,20.778
86771,32893,59.00,19.305
86773,16233,63.50,20.778
86781,32893,59.00,19.305
86783,16233,63.50,20.778
86791,32893,59.00,19.305
86793,16233,63.50,20.778
86801,32893,59.00,19.305
86804,16233,63.50,20.778
86811,32893,59.00,19.305
86813,16233,63.50,20.778
86821,32893,59.00,19.305
86824,16233,63.50,20.778
86831,32893,59.00,19.305
86833,16233,63.50,20.778
86841,32893,59.00,19.305
86843,16233,63.50,20.778
86851,32893,59.00,19.305
86853,16233,63.50,20.778
86861,32893,59.00,19.305
86863,16233,63.50,20.778
86871,32893,59.00,19.305
86873,16233,63.50,20.778
86881,32893,59.00,19.305
86883,16233,63.50,20.778
86891,32893,59.00,19.305
86893,16233,63.50,20.778
86901,32893,59.00,19.305
86903,16233,63.50,20.778
86911,32893,59.00,19.305
86913,16233,63.50,20.778
86921,32893,59.00,19.305
86923,16233,63.50,20.778
86931,32893,59.00,19.305
86933,16233,63.50,20.778
86941,32893,59.00,19.305
86943,16233,63.50,20.778
86951,32893,59.00,19.305
86953,16233,63.50,20.778
86961,32893,59.00,19.305
86963,16233,63.50,20.778
86971,32893,59.00,19.305
86973,16233,63.50,20.778
86981,32893,59.00,19.305
86983,16233,63.50,20.778
86991,32893,59.00,19.305
86993,16233,63.50,20.778
87001,32893,59.00,19.305
87003,16233,63.50,20.778
87011,32893,59.00,19.305
87013,16233,63.50,20.778
87021,32893,59.00,19.305
87023,16233,63.50,20.778
87031,32893,59.00,19.305
87033,16233,63.50,20.778
87041,32893,59.00,19.305
87043,16233,63.50,20.778
87051,32893,59.00,19.305
87053,16233,63.50,20.778
87061,32893,59.00,19.305
87063,16233,63.50,20.778
87070,32893,59.00,19.305
87073,16233,63.50,20.778
87081,32893,59.00,19.305
87083,16233,63.50,20.778
87091,32893,59.00,19.305
87093,16233,63.50,20.778
87101,32893,59.00,19.305
87103,16233,63.50,20.778
87111,32893,59.00,19.305
87113,16233,63.50,20.778
87121,32893,59.00,19.305
87123,16233,63.50,20.778
87131,32893,59.00,19.305
87133,16233,63.50,20.778
87141,32893,59.00,19.305
87144,16233,63.50,20.778
87151,32893,59.00,19.305
87153,16233,63.50,20.778
87161,32893,59.00,19.305
87163,16233,63.50,20.778
87171,32893,59.00,19.305
87173,16233,63.50,20.778
87181,32893,59.00,19.305
87183,16233,63.50,20.778
87191,32893,59.00,19.305
87193,16233,63.50,20.778
87201,32893,59.00,19.305
87203,16233,63.50,20.778
87211,32893,59.00,19.305
87213,16233,63.50,20.778
87221,32893,59.00,19.305
87223,16233,63.50,20.778
87231,32893,59.00,19.305
87233,16233,63.50,20.778
87241,32893,59.00,19.305
87243,16233,63.50,20.778
87251,32893,59.00,19.305
87253,16233,63.50,20.778
87261,32893,59.00,19.305
87263,16233,63.50,20.778
87271,32893,59.00,19.305
87273,16233,63.50,20.778
87281,32893,59.00,19.305
87284,16233,63.50,20.778
87291,32893,59.00,19.305
87293,16233,63.50,20.778
87302,32893,59.00,19.305
87303,16233,63.50,20.778
87311,32893,59.00,19.305
87313,16233,63.50,20.778
87321,32893,59.00,19.305
87323,16233,63.50,20.778
87331,32893,59.00,19.305
87333,16233,63.50,20.778
87341,32893,59.00,19.305
87343,16233,63.50,20.778
87351,32893,59.00,19.305
87353,16233,63.50,20.778
87361,32893,59.00,19.305
87363,16233,63.50,20.778
87371,32893,59.00,19.305
87373,16233,63.50,20.778
87381,32893,59.00,19.305
87383,16233,63.50,20.778
87391,32893,59.00,19.305
87393,16233,63.50,20.778
87401,32893,59.00,19.305
87403,16233,63.50,20.778
87411,32893,59.00,19.305
87414,16233,63.50,20.778
87422,32893,59.00,19.305
87424,16233,63.50,20.778
87431,32893,59.00,19.305
87433,16233,63.50,20.778
87441,32893,59.00,19.305
87443,16233,63.50,20.778
87451,32893,59.00,19.305
87454,16233,63.50,20.778
87461,32893,59.00,19.305
87463,16233,63.50,20.778
87471,32893,59.00,19.305
87473,16233,63.50,20.778
87481,32893,59.00,19.305
87483,16233,63.50,20.778
87491,32893,59.00,19.305
87493,16233,63.50,20.778
87501,32893,59.00,19.305
87503,16233,63.50,20.778
87511,32893,59.00,19.305
87513,16233,63.50,20.778
87521,32893,59.00,19.305
87523,16233,63.50,20.778
87531,32893,59.00,19.305
87533,16233,63.50,20.778
87541,32893,59.00,19.305
87544,16233,63.50,20.778
87551,32893,59.00,19.305
87553,16233,63.50,20.778
87561,32893,59.00,19.305
87563,16233,63.50,20.778
87571,32893,59.00,19.305
87573,16233,63.50,20.778
87581,32893,59.00,19.305
87584,16233,63.50,20.778
87591,32893,59.00,19.305
87594,16233,63.50,20.778
87601,32893,59.00,19.305
87604,16233,63.50,20.778
87611,32893,59.00,19.305
87613,16233,63.50,20.778
87622,32893,59.00,19.305
87623,16233,63.50,20.778
87631,32893,59.00,19.305
87633,16233,63.50,20.778
87641,32893,59.00,19.305
87644,16233,63.50,20.778
87651,32893,59.00,19.305
87654,16233,63.50,20.778
87662,32893,59.00,19.305
87664,16233,63.50,20.778
87671,32893,59.00,19.305
87674,16233,63.50,20.778
87681,32893,59.00,19.305
87684,16233,63.50,20.778
87691,32893,59.00,19.305
87694,16233,63.50,20.778
87701,32893,59.00,19.305
87703,16233,63.50,20.778
87711,32893,59.00,19.305
87713,16233,63.50,20.778
87721,32893,59.00,19.305
87723,16233,63.50,20.778
87731,32893,59.00,19.305
87733,16233,63.50,20.778
87741,32893,59.00,19.305
87743,16233,63.50,20.778
87751,32893,59.00,19.305
87753,16233,63.50,20.778
87762,32893,59.00,19.305
87764,16233,63.50,20.778
87771,32893,59.00,19.305
87773,16233,63.50,20.778
87781,32893,59.00,19.305
87783,16233,63.50,20.778
87791,32893,59.00,19.305
87793,16233,63.50,20.778
87801,32893,59.00,19.305
87803,16233,63.50,20.778
87811,32893,59.00,19.305
87813,16233,63.50,20.778
87821,32893,59.00,19.305
87823,16233,63.50,20.778
87831,32893,59.00,19.305
87833,16233,63.50,20.778
87841,32893,59.00,19.305
87844,16233,63.50,20.778
87851,32893,59.00,19.305
87853,16233,63.50,20.778
87861,32893,59.00,19.305
87864,16233,63.50,20.778
87871,32893,59.00,19.305
87874,16233,63.50,20.778
87881,32893,59.00,19.305
87883,16233,63.50,20.778
87891,32893,59.00,19.305
87894,16233,63.50,20.778
87901,32893,59.00,19.305
87904,16233,63.50,20.778
87911,32893,59.00,19.305
87913,16233,63.50,20.778
87921,32893,59.00,19.305
87923,16233,63.50,20.778
87931,32893,59.00,19.305
87933,16233,63.50,20.778
87941,32893,59.00,19.305
87943,16233,63.50,20.778
87951,32893,59.00,19.305
87954,16233,63.50,20.778
87961,32893,59.00,19.305
87963,16233,63.50,20.778
87971,32893,59.00,19.305
87974,16233,63.50,20.778
87981,32893,59.00,19.305
87984,16233,63.50,20.778
87991,32893,59.00,19.305
87993,16233,63.50,20.778
88001,32893,59.00,19.305
88004,16233,63.50,20.778
88011,32893,59.00,19.305
88014,16233,63.50,20.778
88021,32893,59.00,19.305
88024,16233,63.50,20.778
88031,32893,59.00,19.305
88033,16233,63.50,20.778
88041,32893,59.00,19.305
88043,16233,63.50,20.778
88051,32893,59.00,19.305
88053,16233,63.50,20.778
88061,32893,59.00,19.305
88064,16233,63.50,20.778
88071,32893,59.00,19.305
88073,16233,63.50,20.778
88081,32893,59.00,19.305
88083,16233,63.50,20.778
88091,32893,59.00,19.305
88093,16233,63.50,20.778
88101,32893,59.00,19.305
88103,16233,63.50,20.778
88111,32893,59.00,19.305
88113,16233,63.50,20.778
88121,32893,59.00,19.305
88123,16233,63.50,20.778
88131,32893,59.00,19.305
88134,16233,63.50,20.778
88141,32893,59.00,19.305
88144,16233,63.50,20.778
88152,32893,59.00,19.305
88153,16233,63.50,20.778
88161,32893,59.00,19.305
88163,16233,63.50,20.778
88171,32893,59.00,19.305
88173,16233,63.50,20.778
88181,32893,59.00,19.305
88184,16233,63.50,20.778
88191,32893,59.00,19.305
88193,16233,63.50,20.778
88201,32893,59.00,19.305
88203,16233,63.50,20.778
88211,32893,59.00,19.305
88214,16233,63.50,20.778
88221,32893,59.00,19.305
88224,16233,63.50,20.778
88231,32893,59.00,19.305
88233,16233,63.50,20.778
88241,32893,59.00,19.305
88244,16233,63.50,20.778
88251,32893,59.00,19.305
88253,16233,63.50,20.778
88261,32893,59.00,19.305
88264,16233,63.50,20.778
88271,32893,59.00,19.305
88273,16233,63.50,20.778
88281,32893,59.00,19.305
88284,16233,63.50,20.778
88292,32893,59.00,19.305
88295,16233,63.50,20.778
88301,32893,59.00,19.305
88303,16233,63.50,20.778
88311,32893,59.00,19.305
88313,16233,63.50,20.778
88321,32893,59.00,19.305
88323,16233,63.50,20.778
88331,32893,59.00,19.305
88334,16233,63.50,20.778
88341,32893,59.00,19.305
88343,16233,63.50,20.778
88351,32893,59.00,19.305
88353,16233,63.50,20.778
88361,32893,59.00,19.305
88364,16233,63.50,20.778
88371,32893,59.00,19.305
88373,16233,63.50,20.778
88381,32893,59.00,19.305
88383,16233,63.50,20.778
88391,32893,59.00,19.305
88393,16233,63.50,20.778
88401,32893,59.00,19.305
88404,16233,63.50,20.778
88411,32893,59.00,19.305
88413,16233,63.50,20.778
88421,32893,63.50,20.778
88423,16233,63.50,20.778
88431,32893,63.50,20.778
88433,16233,63.50,20.778
88441,32893,63.50,20.778
88443,16233,63.50,20.778
88451,32893,63.50,20.778
88454,16233,63.50,20.778
88461,32893,63.50,20.778
88463,16233,63.50,20.778
88471,32893,63.50,20.778
88474,16233,63.50,20.778
88481,32893,63.50,20.778
88483,16233,63.50,20.778
88491,32893,63.50,20.778
88493,16233,63.50,20.778
88501,32893,63.50,20.778
88504,16233,63.50,20.778
88511,32893,63.50,20.778
88513,16233,63.50,20.778
88521,32893,63.50,20.778
88523,16233,63.50,20.778
88531,32893,63.50,20.778
88533,16233,63.50,20.778
88541,32893,63.50,20.778
88544,16233,63.50,20.778
88551,32893,63.50,20.778
88553,16233,63.50,20.778
88561,32893,63.50,20.778
88563,16233,63.50,20.778
88571,32893,63.50,20.778
88573,16233,63.50,20.778
88581,32893,63.50,20.778
88583,16233,63.50,20.778
88591,32893,63.50,20.778
88593,16233,63.50,20.778
88601,32893,63.50,20.778
88603,16233,63.50,20.778
88611,32893,63.50,20.778
88613,16233,63.50,20.778
88621,32893,63.50,20.778
88623,16233,63.50,20.778
88631,32893,63.50,20.778
88634,16233,63.50,20.778
88641,32893,63.50,20.778
88643,16233,63.50,20.778
88651,32893,63.50,20.778
88653,16233,63.50,20.778
88661,32893,63.50,20.778
88663,16233,63.50,20.778
88671,32893,63.50,20.778
88673,16233,63.50,20.778
88681,32893,63.50,20.778
88684,16233,63.50,20.778
88691,32893,63.50,20.778
88694,16233,63.50,20.778
88701,32893,63.50,20.778
88704,16233,63.50,20.778
88711,32893,63.50,20.778
88714,16233,63.50,20.778
88721,32893,63.50,20.778
88723,16233,63.50,20.778
88731,32893,63.50,20.778
88733,16233,63.50,20.778
88741,32893,63.50,20.778
88743,16233,63.50,20.778
88751,32893,63.50,20.778
88754,16233,63.50,20.778
88761,32893,63.50,20.778
88763,16233,63.50,20.778
88771,32893,63.50,20.778
88773,16233,63.50,20.778
88781,32893,63.50,20.778
88783,16233,63.50,20.778
88791,32893,63.50,20.778
88793,16233,63.50,20.778
88801,32893,63.50,20.778
88803,16233,63.50,20.778
88811,32893,63.50,20.778
88813,16233,63.50,20.778
88821,32893,63.50,20.778
88823,16233,63.50,20.778
88831,32893,63.50,20.778
88833,16233,63.50,20.778
88841,32893,63.50,20.778
88843,16233,63.50,20.778
88851,32893,63.50,20.778
88853,16233,63.50,20.778
88861,32893,63.50,20.778
88863,16233,63.50,20.778
88872,32893,63.50,20.778
88873,16233,63.50,20.778
88881,32893,63.50,20.778
88884,16233,63.50,20.778
88891,32893,63.50,20.778
88893,16233,63.50,20.778
88901,32893,63.50,20.778
88903,16233,63.50,20.778
88911,32893,63.50,20.778
88913,16233,63.50,20.778
88921,32893,63.50,20.778
88924,16233,63.50,20.778
88931,32893,63.50,20.778
88933,16233,63.50,20.778
88941,32893,63.50,20.778
88943,16233,63.50,20.778
88951,32893,63.50,20.778
88953,16233,63.50,20.778
88961,32893,63.50,20.778
88963,16233,63.50,20.778
88971,32893,63.50,20.778
88973,16233,63.50,20.778
88981,32893,63.50,20.778
88983,16233,63.50,20.778
88991,32893,63.50,20.778
88993,16233,63.50,20.778
89001,32893,63.50,20.778
89003,16233,63.50,20.778
89011,32893,63.50,20.778
89013,16233,63.50,20.778
89021,32893,63.50,20.778
89024,16233,63.50,20.778
89031,32893,63.50,20.778
89033,16233,63.50,20.778
89041,32893,63.50,20.778
89043,16233,63.50,20.778
89051,32893,63.50,20.778
89053,16233,63.50,20.778
89061,32893,63.50,20.778
89064,16233,63.50,20.778
89071,32893,63.50,20.778
89073,16233,63.50,20.778
89081,32893,63.50,20.778
89084,16233,63.50,20.778
89091,32893,63.50,20.778
89093,16233,63.50,20.778
89101,32893,63.50,20.778
89103,16233,63.50,20.778
89111,32893,63.50,20.778
89114,16233,63.50,20.778
89121,32893,63.50,20.778
89124,16233,63.50,20.778
89131,32893,63.50,20.778
89133,16233,63.50,20.778
89141,32893,63.50,20.778
89143,16233,63.50,20.778
89151,32893,63.50,20.778
89153,16233,63.50,20.778
89161,32893,63.50,20.778
89163,16233,63.50,20.778
89171,32893,63.50,20.778
89173,16233,63.50,20.778
89181,32893,63.50,20.778
89183,16233,63.50,20.778
89191,32893,63.50,20.778
89193,16233,63.50,20.778
89201,32893,63.50,20.778
89203,16233,63.50,20.778
89211,32893,63.50,20.778
89213,16233,63.50,20.778
89221,32893,63.50,20.778
89224,16233,63.50,20.778
89231,32893,63.50,20.778
89233,16233,63.50,20.778
89241,32893,63.50,20.778
89243,16233,63.50,20.778
89251,32893,63.50,20.778
89253,16233,63.50,20.778
89261,32893,63.50,20.778
89264,16233,63.50,20.778
89271,32893,63.50,20.778
89273,16233,63.50,20.778
89281,32893,63.50,20.778
89283,16233,63.50,20.778
89291,32893,63.50,20.778
89294,16233,63.50,20.778
89301,32893,63.50,20.778
89303,16233,63.50,20.778
89311,32893,63.50,20.778
89313,16233,63.50,20.778
89321,32893,63.50,20.778
89323,16233,63.50,20.778
89331,32893,63.50,20.778
89333,16233,63.50,20.778
89341,32893,63.50,20.778
89344,16233,63.50,20.778
89351,32893,63.50,20.778
89354,16233,63.50,20.778
89361,32893,63.50,20.778
89364,16233,63.50,20.778
89371,32893,63.50,20.778
89374,16233,63.50,20.778
89381,32893,63.50,20.778
89383,16233,63.50,20.778
89391,32893,63.50,20.778
89393,16233,63.50,20.778
89401,32893,63.50,20.778
89403,16233,63.50,20.778
89411,32893,63.50,20.778
89413,16233,63.50,20.778
89421,32893,63.50,20.778
89423,16233,63.50,20.778
89431,32893,63.50,20.778
89433,16233,63.50,20.778
89441,32893,63.50,20.778
89443,16233,63.50,20.778
89451,32893,63.50,20.778
89454,16233,63.50,20.778
89461,32893,63.50,20.778
89463,16233,63.50,20.778
89471,32893,63.50,20.778
89473,16233,63.50,20.778
89481,32893,63.50,20.778
89483,16233,63.50,20.778
89491,32893,63.50,20.778
89493,16233,63.50,20.778
89501,32893,63.50,20.778
89503,16233,63.50,20.778
89511,32893,63.50,20.778
89513,16233,63.50,20.778
89521,32893,63.50,20.778
89524,16233,63.50,20.778
89531,32893,63.50,20.778
89533,16233,63.50,20.778
89541,32893,63.50,20.778
89543,16233,63.50,20.778
89551,32893,63.50,20.778
89553,16233,63.50,20.778
89561,32893,63.50,20.778
89563,16233,63.50,20.778
89571,32893,63.50,20.778
89573,16233,63.50,20.778
89581,32893,63.50,20.778
89584,16233,63.50,20.778
89591,32893,63.50,20.778
89594,16233,63.50,20.778
89601,32893,63.50,20.778
89604,16233,63.50,20.778
89611,32893,63.50,20.778
89613,16233,63.50,20.778
89621,32893,63.50,20.778
89624,16233,63.50,20.778
89631,32893,63.50,20.778
89633,16233,63.50,20.778
89641,32893,63.50,20.778
89643,16233,63.50,20.778
89651,32893,63.50,20.778
89653,16233,63.50,20.778
89661,32893,63.50,20.778
89663,16233,63.50,20.778
89671,32893,63.50,20.778
89673,16233,63.50,20.778
89681,32893,63.50,20.778
89684,16233,63.50,20.778
89691,32893,63.50,20.778
89693,16233,63.50,20.778
89701,32893,63.50,20.778
89703,16233,63.50,20.778
89711,32893,63.50,20.778
89713,16233,63.50,20.778
89721,32893,63.50,20.778
89723,16233,63.50,20.778
89731,32893,63.50,20.778
89733,16233,63.50,20.778
89741,32893,63.50,20.778
89743,16233,63.50,20.778
89751,32893,63.50,20.778
89753,16233,63.50,20.778
89761,32893,63.50,20.778
89763,16233,63.50,20.778
89771,32893,63.50,20.778
89774,16233,63.50,20.778
89781,32893,63.50,20.778
89783,16233,63.50,20.778
89791,32893,63.50,20.778
89794,16233,63.50,20.778
89801,32893,63.50,20.778
89803,16233,63.50,20.778
89811,32893,63.50,20.778
89813,16233,63.50,20.778
89821,32893,63.50,20.778
89823,16233,63.50,20.778
89831,32893,63.50,20.778
89834,16233,63.50,20.778
89841,32893,63.50,20.778
89843,16233,63.50,20.778
89851,32893,63.50,20.778
89853,16233,63.50,20.778
89861,32893,63.50,20.778
89864,16233,63.50,20.778
89871,32893,63.50,20.778
89873,16233,63.50,20.778
89881,32893,63.50,20.778
89883,16233,63.50,20.778
89891,32893,63.50,20.778
89893,16233,63.50,20.778
89901,32893,63.50,20.778
89903,16233,63.50,20.778
89911,32893,63.50,20.778
89913,16233,58.00,18.978
89921,32893,63.50,20.778
89923,16233,58.00,18.978
89931,32893,63.50,20.778
89933,16233,58.00,18.978
89941,32893,63.50,20.778
89944,16233,58.00,18.978
89951,32893,63.50,20.778
89954,16233,58.00,18.978
89961,32893,63.50,20.778
89963,16233,58.00,18.978
89971,32893,63.50,20.778
89973,16233,58.00,18.978
89981,32893,63.50,20.778
89983,16233,58.00,18.978
89991,32893,63.50,20.778
89994,16233,58.00,18.978
