Time_ms,UE_ID,UL_SNR_dB,UL_SE_bit_per_s_Hz
0,32893,59.00,19.305
3,16233,63.50,20.778
10,32893,59.00,19.305
12,16233,63.50,20.778
21,32893,59.00,19.305
22,16233,63.50,20.778
30,32893,59.00,19.305
32,16233,63.50,20.778
41,32893,59.00,19.305
43,16233,63.50,20.778
51,32893,59.00,19.305
52,16233,63.50,20.778
61,32893,59.00,19.305
63,16233,63.50,20.778
71,32893,59.00,19.305
72,16233,63.50,20.778
80,32893,59.00,19.305
83,16233,63.50,20.778
91,32893,59.00,19.305
93,16233,63.50,20.778
101,32893,59.00,19.305
103,16233,63.50,20.778
111,32893,59.00,19.305
113,16233,63.50,20.778
120,32893,59.00,19.305
123,16233,63.50,20.778
131,32893,59.00,19.305
132,16233,63.50,20.778
140,32893,59.00,19.305
143,16233,63.50,20.778
151,32893,59.00,19.305
153,16233,63.50,20.778
161,32893,59.00,19.305
163,16233,63.50,20.778
170,32893,59.00,19.305
172,16233,63.50,20.778
180,32893,59.00,19.305
182,16233,63.50,20.778
191,32893,59.00,19.305
193,16233,63.50,20.778
200,32893,59.00,19.305
203,16233,63.50,20.778
210,32893,59.00,19.305
212,16233,63.50,20.778
220,32893,59.00,19.305
222,16233,63.50,20.778
230,32893,59.00,19.305
233,16233,63.50,20.778
240,32893,59.00,19.305
243,16233,63.50,20.778
250,32893,59.00,19.305
253,16233,63.50,20.778
261,32893,59.00,19.305
263,16233,63.50,20.778
271,32893,59.00,19.305
273,16233,63.50,20.778
281,32893,59.00,19.305
282,16233,63.50,20.778
291,32893,59.00,19.305
292,16233,63.50,20.778
300,32893,59.00,19.305
303,16233,63.50,20.778
311,32893,59.00,19.305
312,16233,63.50,20.778
321,32893,59.00,19.305
323,16233,63.50,20.778
330,32893,59.00,19.305
332,16233,63.50,20.778
340,32893,59.00,19.305
342,16233,63.50,20.778
351,32893,59.00,19.305
352,16233,63.50,20.778
360,32893,59.00,19.305
363,16233,63.50,20.778
371,32893,59.00,19.305
372,16233,63.50,20.778
380,32893,59.00,19.305
383,16233,63.50,20.778
390,32893,59.00,19.305
392,16233,63.50,20.778
400,32893,59.00,19.305
402,16233,63.50,20.778
410,32893,59.00,19.305
412,16233,63.50,20.778
420,32893,59.00,19.305
423,16233,63.50,20.778
431,32893,59.00,19.305
432,16233,63.50,20.778
440,32893,59.00,19.305
443,16233,63.50,20.778
450,32893,59.00,19.305
453,16233,63.50,20.778
460,32893,59.00,19.305
462,16233,63.50,20.778
470,32893,59.00,19.305
472,16233,63.50,20.778
480,32893,59.00,19.305
482,16233,63.50,20.778
491,32893,59.00,19.305
492,16233,63.50,20.778
501,32893,59.00,19.305
502,16233,63.50,20.778
511,32893,59.00,19.305
513,16233,63.50,20.778
520,32893,59.00,19.305
522,16233,63.50,20.778
530,32893,59.00,19.305
532,16233,63.50,20.778
540,32893,59.00,19.305
543,16233,63.50,20.778
550,32893,59.00,19.305
552,16233,63.50,20.778
560,32893,59.00,19.305
562,16233,63.50,20.778
570,32893,59.00,19.305
572,16233,63.50,20.778
581,32893,59.00,19.305
583,16233,63.50,20.778
591,32893,59.00,19.305
592,16233,63.50,20.778
600,32893,59.00,19.305
603,16233,63.50,20.778
610,32893,59.00,19.305
613,16233,63.50,20.778
621,32893,59.00,19.305
623,16233,63.50,20.778
631,32893,59.00,19.305
632,16233,63.50,20.778
640,32893,59.00,19.305
642,16233,63.50,20.778
650,32893,59.00,19.305
652,16233,63.50,20.778
660,32893,59.00,19.305
662,16233,63.50,20.778
671,32893,59.00,19.305
673,16233,63.50,20.778
680,32893,59.00,19.305
683,16233,63.50,20.778
691,32893,59.00,19.305
693,16233,63.50,20.778
700,32893,59.00,19.305
702,16233,63.50,20.778
710,32893,59.00,19.305
712,16233,63.50,20.778
721,32893,59.00,19.305
722,16233,63.50,20.778
731,32893,59.00,19.305
732,16233,63.50,20.778
741,32893,59.00,19.305
742,16233,63.50,20.778
750,32893,59.00,19.305
753,16233,63.50,20.778
761,32893,59.00,19.305
763,16233,63.50,20.778
771,32893,59.00,19.305
773,16233,63.50,20.778
780,32893,59.00,19.305
782,16233,63.50,20.778
791,32893,59.00,19.305
793,16233,63.50,20.778
801,32893,59.00,19.305
802,16233,63.50,20.778
810,32893,59.00,19.305
813,16233,63.50,20.778
821,32893,59.00,19.305
823,16233,63.50,20.778
830,32893,59.00,19.305
832,16233,63.50,20.778
840,32893,59.00,19.305
842,16233,63.50,20.778
850,32893,59.00,19.305
853,16233,63.50,20.778
861,32893,59.00,19.305
863,16233,63.50,20.778
870,32893,59.00,19.305
872,16233,63.50,20.778
881,32893,59.00,19.305
883,16233,63.50,20.778
891,32893,59.00,19.305
893,16233,63.50,20.778
901,32893,59.00,19.305
903,16233,63.50,20.778
910,32893,59.00,19.305
913,16233,63.50,20.778
920,32893,59.00,19.305
922,16233,63.50,20.778
930,32893,59.00,19.305
932,16233,63.50,20.778
941,32893,59.00,19.305
943,16233,63.50,20.778
951,32893,59.00,19.305
952,16233,63.50,20.778
960,32893,59.00,19.305
962,16233,63.50,20.778
971,32893,59.00,19.305
973,16233,63.50,20.778
981,32893,59.00,19.305
982,16233,63.50,20.778
990,32893,59.00,19.305
992,16233,63.50,20.778
1001,32893,59.00,19.305
1002,16233,63.50,20.778
1011,32893,59.00,19.305
1013,16233,63.50,20.778
1020,32893,59.00,19.305
1023,16233,63.50,20.778
1030,32893,59.00,19.305
1033,16233,63.50,20.778
1041,32893,59.00,19.305
1043,16233,63.50,20.778
1050,32893,59.00,19.305
1052,16233,63.50,20.778
1061,32893,59.00,19.305
1063,16233,63.50,20.778
1070,32893,59.00,19.305
1072,16233,63.50,20.778
1080,32893,59.00,19.305
1083,16233,63.50,20.778
1090,32893,59.00,19.305
1092,16233,63.50,20.778
1101,32893,59.00,19.305
1103,16233,63.50,20.778
1110,32893,59.00,19.305
1113,16233,63.50,20.778
1120,32893,59.00,19.305
1123,16233,63.50,20.778
1130,32893,59.00,19.305
1133,16233,63.50,20.778
1140,32893,59.00,19.305
1143,16233,63.50,20.778
1151,32893,59.00,19.305
1153,16233,63.50,20.778
1161,32893,59.00,19.305
1163,16233,63.50,20.778
1170,32893,59.00,19.305
1173,16233,63.50,20.778
1180,32893,59.00,19.305
1183,16233,63.50,20.778
1191,32893,59.00,19.305
1193,16233,63.50,20.778
1200,32893,59.00,19.305
1202,16233,63.50,20.778
1211,32893,59.00,19.305
1212,16233,63.50,20.778
1220,32893,59.00,19.305
1223,16233,63.50,20.778
1230,32893,59.00,19.305
1232,16233,63.50,20.778
1241,32893,59.00,19.305
1243,16233,63.50,20.778
1250,32893,59.00,19.305
1253,16233,63.50,20.778
1261,32893,59.00,19.305
1263,16233,63.50,20.778
1271,32893,59.00,19.305
1273,16233,63.50,20.778
1280,32893,59.00,19.305
1282,16233,63.50,20.778
1291,32893,59.00,19.305
1293,16233,63.50,20.778
1301,32893,59.00,19.305
1302,16233,63.50,20.778
1311,32893,59.00,19.305
1312,16233,63.50,20.778
1320,32893,59.00,19.305
1323,16233,63.50,20.778
1330,32893,59.00,19.305
1333,16233,63.50,20.778
1340,32893,59.00,19.305
1343,16233,63.50,20.778
1350,32893,59.00,19.305
1352,16233,63.50,20.778
1361,32893,59.00,19.305
1362,16233,63.50,20.778
1371,32893,59.00,19.305
1372,16233,63.50,20.778
1381,32893,59.00,19.305
1382,16233,63.50,20.778
1390,32893,59.00,19.305
1393,16233,63.50,20.778
1400,32893,59.00,19.305
1402,16233,63.50,20.778
1410,32893,59.00,19.305
1412,16233,63.50,20.778
1420,32893,59.00,19.305
1423,16233,63.50,20.778
1431,32893,59.00,19.305
1432,16233,63.50,20.778
1440,32893,59.00,19.305
1443,16233,63.50,20.778
1450,32893,59.00,19.305
1452,16233,63.50,20.778
1460,32893,59.00,19.305
1462,16233,63.50,20.778
1470,32893,59.00,19.305
1473,16233,63.50,20.778
1480,32893,59.00,19.305
1483,16233,63.50,20.778
1490,32893,59.00,19.305
1493,16233,63.50,20.778
1500,32893,59.00,19.305
1502,16233,63.50,20.778
1510,32893,59.00,19.305
1512,16233,63.50,20.778
1520,32893,59.00,19.305
1522,16233,63.50,20.778
1530,32893,59.00,19.305
1532,16233,63.50,20.778
1540,32893,59.00,19.305
1543,16233,63.50,20.778
1550,32893,59.00,19.305
1552,16233,63.50,20.778
1560,32893,59.00,19.305
1563,16233,63.50,20.778
1571,32893,59.00,19.305
1572,16233,63.50,20.778
1580,32893,59.00,19.305
1582,16233,63.50,20.778
1591,32893,59.00,19.305
1592,16233,63.50,20.778
1600,32893,59.00,19.305
1602,16233,63.50,20.778
1611,32893,59.00,19.305
1613,16233,63.50,20.778
1620,32893,59.00,19.305
1623,16233,63.50,20.778
1631,32893,59.00,19.305
1633,16233,63.50,20.778
1641,32893,59.00,19.305
1643,16233,63.50,20.778
1651,32893,59.00,19.305
1653,16233,63.50,20.778
1661,32893,59.00,19.305
1663,16233,63.50,20.778
1670,32893,59.00,19.305
1674,16233,63.50,20.778
1681,32893,59.00,19.305
1682,16233,63.50,20.778
1690,32893,59.00,19.305
1692,16233,63.50,20.778
1701,32893,59.00,19.305
1703,16233,63.50,20.778
1711,32893,59.00,19.305
1713,16233,63.50,20.778
1720,32893,59.00,19.305
1722,16233,63.50,20.778
1731,32893,59.00,19.305
1732,16233,63.50,20.778
1741,32893,59.00,19.305
1742,16233,63.50,20.778
1750,32893,59.00,19.305
1753,16233,63.50,20.778
1760,32893,59.00,19.305
1763,16233,63.50,20.778
1770,32893,59.00,19.305
1772,16233,63.50,20.778
1781,32893,59.00,19.305
1783,16233,63.50,20.778
1790,32893,59.00,19.305
1793,16233,63.50,20.778
1801,32893,59.00,19.305
1802,16233,63.50,20.778
1811,32893,59.00,19.305
1812,16233,63.50,20.778
1820,32893,59.00,19.305
1822,16233,63.50,20.778
1830,32893,59.00,19.305
1833,16233,63.50,20.778
1841,32893,59.00,19.305
1843,16233,63.50,20.778
1851,32893,59.00,19.305
1852,16233,63.50,20.778
1860,32893,59.00,19.305
1862,16233,63.50,20.778
1871,32893,59.00,19.305
1873,16233,63.50,20.778
1881,32893,59.00,19.305
1883,16233,63.50,20.778
1890,32893,59.00,19.305
1892,16233,63.50,20.778
1901,32893,59.00,19.305
1902,16233,63.50,20.778
1910,32893,59.00,19.305
1912,16233,63.50,20.778
1920,32893,59.00,19.305
1923,16233,63.50,20.778
1930,32893,59.00,19.305
1932,16233,63.50,20.778
1941,32893,59.00,19.305
1942,16233,63.50,20.778
1951,32893,59.00,19.305
1952,16233,63.50,20.778
1960,32893,59.00,19.305
1962,16233,63.50,20.778
1970,32893,59.00,19.305
1973,16233,63.50,20.778
1980,32893,59.00,19.305
1983,16233,63.50,20.778
1990,32893,59.00,19.305
1992,16233,63.50,20.778
2001,32893,59.00,19.305
2002,16233,63.50,20.778
2010,32893,59.00,19.305
2012,16233,63.50,20.778
2020,32893,59.00,19.305
2022,16233,63.50,20.778
2031,32893,59.00,19.305
2032,16233,63.50,20.778
2040,32893,59.00,19.305
2043,16233,63.50,20.778
2050,32893,59.00,19.305
2053,16233,63.50,20.778
2061,32893,59.00,19.305
2062,16233,63.50,20.778
2071,32893,59.00,19.305
2073,16233,63.50,20.778
2081,32893,59.00,19.305
2083,16233,63.50,20.778
2091,32893,59.00,19.305
2092,16233,63.50,20.778
2101,32893,59.00,19.305
2102,16233,63.50,20.778
2111,32893,59.00,19.305
2113,16233,63.50,20.778
2121,32893,59.00,19.305
2123,16233,63.50,20.778
2131,32893,59.00,19.305
2133,16233,63.50,20.778
2141,32893,59.00,19.305
2143,16233,63.50,20.778
2151,32893,59.00,19.305
2152,16233,63.50,20.778
2160,32893,59.00,19.305
2162,16233,63.50,20.778
2171,32893,59.00,19.305
2173,16233,63.50,20.778
2181,32893,59.00,19.305
2183,16233,63.50,20.778
2192,32893,59.00,19.305
2194,16233,63.50,20.778
2201,32893,59.00,19.305
2203,16233,63.50,20.778
2211,32893,59.00,19.305
2213,16233,63.50,20.778
2221,32893,59.00,19.305
2224,16233,63.50,20.778
2231,32893,59.00,19.305
2233,16233,63.50,20.778
2241,32893,59.00,19.305
2243,16233,63.50,20.778
2251,32893,59.00,19.305
2253,16233,63.50,20.778
2261,32893,59.00,19.305
2263,16233,63.50,20.778
2271,32893,59.00,19.305
2273,16233,63.50,20.778
2281,32893,59.00,19.305
2283,16233,63.50,20.778
2291,32893,59.00,19.305
2293,16233,63.50,20.778
2301,32893,59.00,19.305
2303,16233,63.50,20.778
2310,32893,59.00,19.305
2312,16233,63.50,20.778
2321,32893,59.00,19.305
2323,16233,63.50,20.778
2331,32893,59.00,19.305
2333,16233,63.50,20.778
2341,32893,59.00,19.305
2343,16233,63.50,20.778
2350,32893,59.00,19.305
2353,16233,63.50,20.778
2361,32893,59.00,19.305
2363,16233,63.50,20.778
2371,32893,59.00,19.305
2373,16233,63.50,20.778
2380,32893,59.00,19.305
2383,16233,63.50,20.778
2391,32893,59.00,19.305
2394,16233,63.50,20.778
2401,32893,59.00,19.305
2403,16233,63.50,20.778
2411,32893,59.00,19.305
2413,16233,63.50,20.778
2421,32893,59.00,19.305
2423,16233,63.50,20.778
2431,32893,59.00,19.305
2433,16233,63.50,20.778
2441,32893,59.00,19.305
2443,16233,63.50,20.778
2451,32893,59.00,19.305
2453,16233,63.50,20.778
2461,32893,59.00,19.305
2463,16233,63.50,20.778
2470,32893,59.00,19.305
2473,16233,63.50,20.778
2481,32893,59.00,19.305
2482,16233,63.50,20.778
2490,32893,59.00,19.305
2493,16233,63.50,20.778
2500,32893,59.00,19.305
2503,16233,63.50,20.778
2510,32893,59.00,19.305
2512,16233,63.50,20.778
2521,32893,59.00,19.305
2523,16233,63.50,20.778
2530,32893,59.00,19.305
2532,16233,63.50,20.778
2540,32893,59.00,19.305
2542,16233,63.50,20.778
2551,32893,59.00,19.305
2553,16233,63.50,20.778
2561,32893,59.00,19.305
2563,16233,63.50,20.778
2571,32893,59.00,19.305
2574,16233,63.50,20.778
2580,32893,59.00,19.305
2583,16233,63.50,20.778
2591,32893,59.00,19.305
2593,16233,63.50,20.778
2600,32893,59.00,19.305
2603,16233,63.50,20.778
2611,32893,59.00,19.305
2613,16233,63.50,20.778
2621,32893,59.00,19.305
2623,16233,63.50,20.778
2632,32893,59.00,19.305
2633,16233,63.50,20.778
2641,32893,59.00,19.305
2643,16233,63.50,20.778
2651,32893,59.00,19.305
2653,16233,63.50,20.778
2661,32893,59.00,19.305
2663,16233,63.50,20.778
2670,32893,59.00,19.305
2672,16233,63.50,20.778
2681,32893,59.00,19.305
2683,16233,63.50,20.778
2691,32893,59.00,19.305
2693,16233,63.50,20.778
2701,32893,59.00,19.305
2703,16233,63.50,20.778
2711,32893,59.00,19.305
2712,16233,63.50,20.778
2721,32893,59.00,19.305
2723,16233,63.50,20.778
2731,32893,59.00,19.305
2733,16233,63.50,20.778
2741,32893,59.00,19.305
2743,16233,63.50,20.778
2751,32893,59.00,19.305
2753,16233,63.50,20.778
2761,32893,59.00,19.305
2762,16233,63.50,20.778
2770,32893,59.00,19.305
2773,16233,63.50,20.778
2781,32893,59.00,19.305
2783,16233,63.50,20.778
2791,32893,59.00,19.305
2793,16233,63.50,20.778
2801,32893,59.00,19.305
2803,16233,63.50,20.778
2811,32893,59.00,19.305
2813,16233,63.50,20.778
2820,32893,59.00,19.305
2822,16233,63.50,20.778
2831,32893,59.00,19.305
2833,16233,63.50,20.778
2841,32893,59.00,19.305
2843,16233,63.50,20.778
2851,32893,59.00,19.305
2853,16233,63.50,20.778
2861,32893,59.00,19.305
2863,16233,63.50,20.778
2872,32893,59.00,19.305
2873,16233,63.50,20.778
2881,32893,59.00,19.305
2883,16233,63.50,20.778
2891,32893,59.00,19.305
2893,16233,63.50,20.778
2900,32893,59.00,19.305
2903,16233,63.50,20.778
2911,32893,59.00,19.305
2912,16233,63.50,20.778
2920,32893,59.00,19.305
2922,16233,63.50,20.778
2931,32893,59.00,19.305
2933,16233,63.50,20.778
2940,32893,59.00,19.305
2943,16233,63.50,20.778
2951,32893,59.00,19.305
2953,16233,63.50,20.778
2960,32893,59.00,19.305
2962,16233,63.50,20.778
2970,32893,59.00,19.305
2972,16233,63.50,20.778
2980,32893,59.00,19.305
2983,16233,63.50,20.778
2990,32893,59.00,19.305
2992,16233,63.50,20.778
3000,32893,59.00,19.305
3002,16233,63.50,20.778
3011,32893,59.00,19.305
3013,16233,63.50,20.778
3021,32893,59.00,19.305
3023,16233,63.50,20.778
3031,32893,59.00,19.305
3032,16233,63.50,20.778
3041,32893,59.00,19.305
3043,16233,63.50,20.778
3051,32893,59.00,19.305
3053,16233,63.50,20.778
3060,32893,59.00,19.305
3062,16233,63.50,20.778
3070,32893,59.00,19.305
3072,16233,63.50,20.778
3081,32893,59.00,19.305
3083,16233,63.50,20.778
3090,32893,59.00,19.305
3092,16233,63.50,20.778
3101,32893,59.00,19.305
3103,16233,63.50,20.778
3111,32893,59.00,19.305
3113,16233,63.50,20.778
3121,32893,59.00,19.305
3122,16233,63.50,20.778
3131,32893,59.00,19.305
3133,16233,63.50,20.778
3140,32893,59.00,19.305
3143,16233,63.50,20.778
3150,32893,59.00,19.305
3152,16233,63.50,20.778
3161,32893,59.00,19.305
3163,16233,63.50,20.778
3170,32893,59.00,19.305
3172,16233,63.50,20.778
3181,32893,59.00,19.305
3183,16233,63.50,20.778
3191,32893,59.00,19.305
3193,16233,63.50,20.778
3201,32893,59.00,19.305
3203,16233,63.50,20.778
3211,32893,59.00,19.305
3213,16233,63.50,20.778
3221,32893,59.00,19.305
3222,16233,63.50,20.778
3231,32893,59.00,19.305
3233,16233,63.50,20.778
3241,32893,59.00,19.305
3243,16233,63.50,20.778
3251,32893,59.00,19.305
3252,16233,63.50,20.778
3261,32893,59.00,19.305
3263,16233,63.50,20.778
3271,32893,59.00,19.305
3273,16233,63.50,20.778
3281,32893,59.00,19.305
3283,16233,63.50,20.778
3290,32893,59.00,19.305
3293,16233,63.50,20.778
3301,32893,59.00,19.305
3303,16233,63.50,20.778
3310,32893,59.00,19.305
3313,16233,63.50,20.778
3321,32893,59.00,19.305
3323,16233,63.50,20.778
3331,32893,59.00,19.305
3333,16233,63.50,20.778
3341,32893,59.00,19.305
3343,16233,63.50,20.778
3350,32893,59.00,19.305
3353,16233,63.50,20.778
3361,32893,59.00,19.305
3363,16233,63.50,20.778
3371,32893,59.00,19.305
3373,16233,63.50,20.778
3381,32893,59.00,19.305
3382,16233,63.50,20.778
3390,32893,59.00,19.305
3393,16233,63.50,20.778
3401,32893,59.00,19.305
3403,16233,63.50,20.778
3410,32893,59.00,19.305
3412,16233,63.50,20.778
3420,32893,59.00,19.305
3423,16233,63.50,20.778
3430,32893,59.00,19.305
3433,16233,63.50,20.778
3441,32893,59.00,19.305
3443,16233,63.50,20.778
3451,32893,63.50,20.778
3452,16233,63.50,20.778
3461,32893,63.50,20.778
3462,16233,63.50,20.778
3471,32893,63.50,20.778
3472,16233,63.50,20.778
3481,32893,63.50,20.778
3483,16233,63.50,20.778
3490,32893,63.50,20.778
3492,16233,63.50,20.778
3501,32893,63.50,20.778
3503,16233,63.50,20.778
3511,32893,63.50,20.778
3512,16233,63.50,20.778
3521,32893,63.50,20.778
3522,16233,63.50,20.778
3531,32893,63.50,20.778
3533,16233,63.50,20.778
3541,32893,63.50,20.778
3543,16233,63.50,20.778
3551,32893,63.50,20.778
3552,16233,63.50,20.778
3561,32893,63.50,20.778
3563,16233,63.50,20.778
3571,32893,63.50,20.778
3572,16233,63.50,20.778
3581,32893,63.50,20.778
3583,16233,63.50,20.778
3591,32893,63.50,20.778
3593,16233,63.50,20.778
3601,32893,63.50,20.778
3603,16233,63.50,20.778
3611,32893,63.50,20.778
3613,16233,63.50,20.778
3620,32893,63.50,20.778
3622,16233,63.50,20.778
3631,32893,63.50,20.778
3633,16233,63.50,20.778
3640,32893,63.50,20.778
3642,16233,63.50,20.778
3650,32893,63.50,20.778
3652,16233,63.50,20.778
3660,32893,63.50,20.778
3662,16233,63.50,20.778
3671,32893,63.50,20.778
3672,16233,63.50,20.778
3681,32893,63.50,20.778
3682,16233,63.50,20.778
3690,32893,63.50,20.778
3692,16233,63.50,20.778
3701,32893,63.50,20.778
3702,16233,63.50,20.778
3710,32893,63.50,20.778
3712,16233,63.50,20.778
3721,32893,63.50,20.778
3722,16233,63.50,20.778
3731,32893,63.50,20.778
3732,16233,63.50,20.778
3741,32893,63.50,20.778
3743,16233,63.50,20.778
3750,32893,63.50,20.778
3752,16233,63.50,20.778
3760,32893,63.50,20.778
3763,16233,63.50,20.778
3770,32893,63.50,20.778
3772,16233,63.50,20.778
3780,32893,63.50,20.778
3783,16233,63.50,20.778
3790,32893,63.50,20.778
3793,16233,63.50,20.778
3801,32893,63.50,20.778
3803,16233,63.50,20.778
3811,32893,63.50,20.778
3812,16233,63.50,20.778
3821,32893,63.50,20.778
3823,16233,63.50,20.778
3831,32893,63.50,20.778
3833,16233,63.50,20.778
3841,32893,63.50,20.778
3843,16233,63.50,20.778
3851,32893,63.50,20.778
3853,16233,63.50,20.778
3861,32893,63.50,20.778
3862,16233,63.50,20.778
3871,32893,63.50,20.778
3873,16233,63.50,20.778
3881,32893,63.50,20.778
3883,16233,63.50,20.778
3891,32893,63.50,20.778
3893,16233,63.50,20.778
3900,32893,63.50,20.778
3902,16233,63.50,20.778
3910,32893,63.50,20.778
3913,16233,63.50,20.778
3921,32893,63.50,20.778
3922,16233,63.50,20.778
3931,32893,63.50,20.778
3933,16233,63.50,20.778
3940,32893,63.50,20.778
3943,16233,63.50,20.778
3951,32893,63.50,20.778
3952,16233,63.50,20.778
3961,32893,63.50,20.778
3963,16233,63.50,20.778
3970,32893,63.50,20.778
3972,16233,63.50,20.778
3981,32893,63.50,20.778
3983,16233,63.50,20.778
3990,32893,63.50,20.778
3993,16233,63.50,20.778
4000,32893,63.50,20.778
4002,16233,63.50,20.778
4011,32893,63.50,20.778
4013,16233,63.50,20.778
4020,32893,63.50,20.778
4022,16233,63.50,20.778
4030,32893,63.50,20.778
4033,16233,63.50,20.778
4041,32893,63.50,20.778
4043,16233,63.50,20.778
4050,32893,63.50,20.778
4052,16233,63.50,20.778
4061,32893,63.50,20.778
4063,16233,63.50,20.778
4071,32893,63.50,20.778
4072,16233,63.50,20.778
4080,32893,63.50,20.778
4083,16233,63.50,20.778
4090,32893,63.50,20.778
4092,16233,63.50,20.778
4101,32893,63.50,20.778
4102,16233,63.50,20.778
4110,32893,63.50,20.778
4112,16233,63.50,20.778
4120,32893,63.50,20.778
4122,16233,63.50,20.778
4131,32893,63.50,20.778
4133,16233,63.50,20.778
4140,32893,63.50,20.778
4143,16233,63.50,20.778
4150,32893,63.50,20.778
4152,16233,63.50,20.778
4161,32893,63.50,20.778
4163,16233,63.50,20.778
4170,32893,63.50,20.778
4172,16233,63.50,20.778
4180,32893,63.50,20.778
4182,16233,63.50,20.778
4190,32893,63.50,20.778
4193,16233,63.50,20.778
4200,32893,63.50,20.778
4202,16233,63.50,20.778
4210,32893,63.50,20.778
4213,16233,63.50,20.778
4220,32893,63.50,20.778
4223,16233,63.50,20.778
4231,32893,63.50,20.778
4232,16233,63.50,20.778
4241,32893,63.50,20.778
4243,16233,63.50,20.778
4250,32893,63.50,20.778
4253,16233,63.50,20.778
4261,32893,63.50,20.778
4262,16233,63.50,20.778
4270,32893,63.50,20.778
4273,16233,63.50,20.778
4281,32893,63.50,20.778
4282,16233,63.50,20.778
4291,32893,63.50,20.778
4293,16233,63.50,20.778
4300,32893,63.50,20.778
4303,16233,63.50,20.778
4310,32893,63.50,20.778
4313,16233,63.50,20.778
4321,32893,63.50,20.778
4322,16233,63.50,20.778
4330,32893,63.50,20.778
4332,16233,63.50,20.778
4340,32893,63.50,20.778
4342,16233,63.50,20.778
4351,32893,63.50,20.778
4352,16233,63.50,20.778
4360,32893,63.50,20.778
4362,16233,63.50,20.778
4371,32893,63.50,20.778
4373,16233,63.50,20.778
4380,32893,63.50,20.778
4382,16233,63.50,20.778
4390,32893,63.50,20.778
4393,16233,63.50,20.778
4400,32893,63.50,20.778
4403,16233,63.50,20.778
4411,32893,63.50,20.778
4412,16233,63.50,20.778
4421,32893,63.50,20.778
4423,16233,63.50,20.778
4431,32893,63.50,20.778
4433,16233,63.50,20.778
4441,32893,63.50,20.778
4443,16233,63.50,20.778
4451,32893,63.50,20.778
4453,16233,63.50,20.778
4461,32893,63.50,20.778
4463,16233,63.50,20.778
4471,32893,63.50,20.778
4473,16233,63.50,20.778
4481,32893,63.50,20.778
4483,16233,63.50,20.778
4491,32893,63.50,20.778
4493,16233,63.50,20.778
4501,32893,63.50,20.778
4503,16233,63.50,20.778
4510,32893,63.50,20.778
4513,16233,63.50,20.778
4521,32893,63.50,20.778
4523,16233,63.50,20.778
4531,32893,63.50,20.778
4533,16233,63.50,20.778
4541,32893,63.50,20.778
4542,16233,63.50,20.778
4550,32893,63.50,20.778
4552,16233,63.50,20.778
4561,32893,63.50,20.778
4563,16233,63.50,20.778
4571,32893,63.50,20.778
4573,16233,63.50,20.778
4581,32893,63.50,20.778
4583,16233,63.50,20.778
4591,32893,63.50,20.778
4593,16233,63.50,20.778
4601,32893,63.50,20.778
4603,16233,63.50,20.778
4611,32893,63.50,20.778
4613,16233,63.50,20.778
4621,32893,63.50,20.778
4623,16233,63.50,20.778
4631,32893,63.50,20.778
4632,16233,63.50,20.778
4641,32893,63.50,20.778
4643,16233,63.50,20.778
4650,32893,63.50,20.778
4653,16233,63.50,20.778
4661,32893,63.50,20.778
4662,16233,63.50,20.778
4670,32893,63.50,20.778
4672,16233,63.50,20.778
4680,32893,63.50,20.778
4683,16233,63.50,20.778
4691,32893,63.50,20.778
4693,16233,63.50,20.778
4701,32893,63.50,20.778
4703,16233,63.50,20.778
4711,32893,63.50,20.778
4712,16233,63.50,20.778
4721,32893,63.50,20.778
4723,16233,63.50,20.778
4730,32893,63.50,20.778
4732,16233,63.50,20.778
4740,32893,63.50,20.778
4743,16233,63.50,20.778
4750,32893,63.50,20.778
4752,16233,63.50,20.778
4761,32893,63.50,20.778
4763,16233,63.50,20.778
4770,32893,63.50,20.778
4773,16233,63.50,20.778
4781,32893,63.50,20.778
4782,16233,63.50,20.778
4791,32893,63.50,20.778
4793,16233,63.50,20.778
4800,32893,63.50,20.778
4803,16233,63.50,20.778
4811,32893,63.50,20.778
4813,16233,63.50,20.778
4821,32893,63.50,20.778
4823,16233,63.50,20.778
4831,32893,63.50,20.778
4833,16233,63.50,20.778
4841,32893,63.50,20.778
4842,16233,63.50,20.778
4851,32893,63.50,20.778
4852,16233,63.50,20.778
4861,32893,63.50,20.778
4863,16233,63.50,20.778
4871,32893,63.50,20.778
4873,16233,63.50,20.778
4881,32893,63.50,20.778
4883,16233,63.50,20.778
4890,32893,63.50,20.778
4893,16233,63.50,20.778
4900,32893,63.50,20.778
4903,16233,63.50,20.778
4911,32893,63.50,20.778
4913,16233,63.50,20.778
4921,32893,63.50,20.778
4923,16233,63.50,20.778
4930,32893,63.50,20.778
4932,16233,63.50,20.778
4940,32893,63.50,20.778
4942,16233,63.50,20.778
4950,32893,63.50,20.778
4953,16233,63.50,20.778
4961,32893,63.50,20.778
4962,16233,63.50,20.778
4971,32893,63.50,20.778
4972,16233,63.50,20.778
4980,32893,63.50,20.778
4983,16233,63.50,20.778
4991,32893,63.50,20.778
4993,16233,63.50,20.778
5000,32893,63.50,20.778
5003,16233,63.50,20.778
5010,32893,63.50,20.778
5013,16233,63.50,20.778
5020,32893,63.50,20.778
5022,16233,63.50,20.778
5030,32893,63.50,20.778
5033,16233,63.50,20.778
5041,32893,63.50,20.778
5043,16233,63.50,20.778
5050,32893,63.50,20.778
5053,16233,63.50,20.778
5060,32893,63.50,20.778
5063,16233,63.50,20.778
5070,32893,63.50,20.778
5073,16233,63.50,20.778
5081,32893,63.50,20.778
5082,16233,63.50,20.778
5090,32893,63.50,20.778
5093,16233,63.50,20.778
5101,32893,63.50,20.778
5104,16233,63.50,20.778
5111,32893,63.50,20.778
5113,16233,63.50,20.778
5121,32893,63.50,20.778
5123,16233,63.50,20.778
5131,32893,63.50,20.778
5133,16233,63.50,20.778
5141,32893,63.50,20.778
5143,16233,63.50,20.778
5151,32893,63.50,20.778
5153,16233,63.50,20.778
5161,32893,63.50,20.778
5163,16233,63.50,20.778
5171,32893,63.50,20.778
5173,16233,63.50,20.778
5181,32893,63.50,20.778
5183,16233,63.50,20.778
5191,32893,63.50,20.778
5193,16233,63.50,20.778
5200,32893,63.50,20.778
5203,16233,63.50,20.778
5210,32893,63.50,20.778
5213,16233,63.50,20.778
5220,32893,63.50,20.778
5223,16233,63.50,20.778
5231,32893,63.50,20.778
5233,16233,63.50,20.778
5241,32893,63.50,20.778
5243,16233,63.50,20.778
5251,32893,63.50,20.778
5253,16233,63.50,20.778
5261,32893,63.50,20.778
5263,16233,63.50,20.778
5271,32893,63.50,20.778
5273,16233,63.50,20.778
5280,32893,63.50,20.778
5283,16233,63.50,20.778
5290,32893,63.50,20.778
5293,16233,63.50,20.778
5301,32893,63.50,20.778
5303,16233,63.50,20.778
5311,32893,63.50,20.778
5314,16233,63.50,20.778
5321,32893,63.50,20.778
5323,16233,63.50,20.778
5331,32893,63.50,20.778
5332,16233,63.50,20.778
5341,32893,63.50,20.778
5343,16233,63.50,20.778
5351,32893,63.50,20.778
5353,16233,63.50,20.778
5360,32893,63.50,20.778
5362,16233,63.50,20.778
5370,32893,63.50,20.778
5373,16233,63.50,20.778
5380,32893,63.50,20.778
5383,16233,63.50,20.778
5391,32893,63.50,20.778
5392,16233,63.50,20.778
5400,32893,63.50,20.778
5402,16233,63.50,20.778
5411,32893,63.50,20.778
5412,16233,63.50,20.778
5420,32893,63.50,20.778
5422,16233,63.50,20.778
5431,32893,63.50,20.778
5432,16233,63.50,20.778
5441,32893,63.50,20.778
5443,16233,63.50,20.778
5451,32893,63.50,20.778
5452,16233,63.50,20.778
5461,32893,63.50,20.778
5462,16233,63.50,20.778
5471,32893,63.50,20.778
5473,16233,63.50,20.778
5480,32893,63.50,20.778
5482,16233,63.50,20.778
5490,32893,63.50,20.778
5492,16233,63.50,20.778
5501,32893,63.50,20.778
5502,16233,63.50,20.778
5511,32893,63.50,20.778
5512,16233,63.50,20.778
5520,32893,63.50,20.778
5523,16233,63.50,20.778
5530,32893,63.50,20.778
5532,16233,63.50,20.778
5540,32893,63.50,20.778
5542,16233,63.50,20.778
5551,32893,63.50,20.778
5553,16233,63.50,20.778
5560,32893,63.50,20.778
5563,16233,63.50,20.778
5570,32893,63.50,20.778
5573,16233,63.50,20.778
5581,32893,63.50,20.778
5583,16233,63.50,20.778
5590,32893,63.50,20.778
5592,16233,63.50,20.778
5601,32893,63.50,20.778
5603,16233,63.50,20.778
5610,32893,63.50,20.778
5612,16233,63.50,20.778
5621,32893,63.50,20.778
5623,16233,63.50,20.778
5631,32893,63.50,20.778
5633,16233,63.50,20.778
5641,32893,63.50,20.778
5643,16233,63.50,20.778
5650,32893,63.50,20.778
5653,16233,63.50,20.778
5660,32893,63.50,20.778
5663,16233,63.50,20.778
5672,32893,63.50,20.778
5673,16233,63.50,20.778
5681,32893,63.50,20.778
5683,16233,63.50,20.778
5691,32893,63.50,20.778
5693,16233,63.50,20.778
5701,32893,63.50,20.778
5703,16233,63.50,20.778
5710,32893,63.50,20.778
5713,16233,63.50,20.778
5720,32893,63.50,20.778
5723,16233,63.50,20.778
5730,32893,63.50,20.778
5733,16233,63.50,20.778
5740,32893,63.50,20.778
5742,16233,63.50,20.778
5750,32893,63.50,20.778
5752,16233,63.50,20.778
5761,32893,63.50,20.778
5763,16233,63.50,20.778
5772,32893,63.50,20.778
5772,16233,63.50,20.778
5781,32893,63.50,20.778
5783,16233,63.50,20.778
5790,32893,63.50,20.778
5792,16233,63.50,20.778
5801,32893,63.50,20.778
5803,16233,63.50,20.778
5811,32893,63.50,20.778
5812,16233,63.50,20.778
5820,32893,63.50,20.778
5823,16233,63.50,20.778
5830,32893,63.50,20.778
5833,16233,63.50,20.778
5841,32893,63.50,20.778
5843,16233,63.50,20.778
5850,32893,63.50,20.778
5853,16233,63.50,20.778
5861,32893,63.50,20.778
5862,16233,63.50,20.778
5871,32893,63.50,20.778
5873,16233,63.50,20.778
5880,32893,63.50,20.778
5883,16233,63.50,20.778
5890,32893,63.50,20.778
5893,16233,63.50,20.778
5900,32893,63.50,20.778
5903,16233,63.50,20.778
5911,32893,63.50,20.778
5913,16233,63.50,20.778
5921,32893,63.50,20.778
5923,16233,63.50,20.778
5930,32893,63.50,20.778
5933,16233,63.50,20.778
5941,32893,63.50,20.778
5943,16233,63.50,20.778
5950,32893,63.50,20.778
5953,16233,63.50,20.778
5960,32893,63.50,20.778
5962,16233,63.50,20.778
5971,32893,63.50,20.778
5973,16233,63.50,20.778
5981,32893,63.50,20.778
5983,16233,63.50,20.778
5990,32893,63.50,20.778
5993,16233,63.50,20.778
6001,32893,63.50,20.778
6003,16233,63.50,20.778
6011,32893,63.50,20.778
6013,16233,63.50,20.778
6020,32893,63.50,20.778
6023,16233,63.50,20.778
6030,32893,63.50,20.778
6033,16233,63.50,20.778
6040,32893,63.50,20.778
6043,16233,63.50,20.778
6050,32893,63.50,20.778
6053,16233,63.50,20.778
6060,32893,63.50,20.778
6062,16233,63.50,20.778
6070,32893,63.50,20.778
6073,16233,63.50,20.778
6081,32893,63.50,20.778
6083,16233,63.50,20.778
6091,32893,63.50,20.778
6093,16233,63.50,20.778
6101,32893,63.50,20.778
6103,16233,63.50,20.778
6110,32893,63.50,20.778
6112,16233,63.50,20.778
6121,32893,63.50,20.778
6123,16233,63.50,20.778
6130,32893,63.50,20.778
6132,16233,63.50,20.778
6140,32893,63.50,20.778
6142,16233,63.50,20.778
6151,32893,63.50,20.778
6153,16233,63.50,20.778
6160,32893,63.50,20.778
6162,16233,63.50,20.778
6171,32893,63.50,20.778
6173,16233,63.50,20.778
6181,32893,63.50,20.778
6183,16233,63.50,20.778
6190,32893,63.50,20.778
6193,16233,63.50,20.778
6200,32893,63.50,20.778
6203,16233,63.50,20.778
6211,32893,63.50,20.778
6213,16233,63.50,20.778
6220,32893,63.50,20.778
6223,16233,63.50,20.778
6230,32893,63.50,20.778
6233,16233,63.50,20.778
6241,32893,63.50,20.778
6242,16233,63.50,20.778
6250,32893,63.50,20.778
6252,16233,63.50,20.778
6260,32893,63.50,20.778
6262,16233,63.50,20.778
6270,32893,63.50,20.778
6272,16233,63.50,20.778
6280,32893,63.50,20.778
6283,16233,63.50,20.778
6290,32893,63.50,20.778
6293,16233,63.50,20.778
6300,32893,63.50,20.778
6303,16233,63.50,20.778
6310,32893,63.50,20.778
6313,16233,63.50,20.778
6320,32893,63.50,20.778
6323,16233,63.50,20.778
6331,32893,63.50,20.778
6332,16233,63.50,20.778
6340,32893,63.50,20.778
6342,16233,63.50,20.778
6350,32893,63.50,20.778
6353,16233,63.50,20.778
6361,32893,63.50,20.778
6363,16233,63.50,20.778
6370,32893,63.50,20.778
6372,16233,63.50,20.778
6380,32893,63.50,20.778
6383,16233,63.50,20.778
6390,32893,63.50,20.778
6393,16233,63.50,20.778
6401,32893,63.50,20.778
6402,16233,63.50,20.778
6411,32893,63.50,20.778
6413,16233,63.50,20.778
6420,32893,63.50,20.778
6422,16233,63.50,20.778
6430,32893,63.50,20.778
6433,16233,63.50,20.778
6440,32893,63.50,20.778
6443,16233,63.50,20.778
6450,32893,63.50,20.778
6453,16233,63.50,20.778
6460,32893,63.50,20.778
6463,16233,63.50,20.778
6471,32893,63.50,20.778
6473,16233,63.50,20.778
6480,32893,63.50,20.778
6483,16233,63.50,20.778
6490,32893,63.50,20.778
6493,16233,63.50,20.778
6500,32893,63.50,20.778
6503,16233,63.50,20.778
6510,32893,63.50,20.778
6513,16233,63.50,20.778
6520,32893,63.50,20.778
6523,16233,63.50,20.778
6530,32893,63.50,20.778
6532,16233,63.50,20.778
6540,32893,63.50,20.778
6543,16233,63.50,20.778
6550,32893,63.50,20.778
6553,16233,63.50,20.778
6560,32893,63.50,20.778
6563,16233,63.50,20.778
6570,32893,63.50,20.778
6573,16233,63.50,20.778
6581,32893,63.50,20.778
6583,16233,63.50,20.778
6590,32893,63.50,20.778
6593,16233,63.50,20.778
6601,32893,63.50,20.778
6603,16233,63.50,20.778
6611,32893,63.50,20.778
6613,16233,63.50,20.778
6621,32893,63.50,20.778
6624,16233,63.50,20.778
6631,32893,63.50,20.778
6633,16233,63.50,20.778
6641,32893,63.50,20.778
6643,16233,63.50,20.778
6650,32893,63.50,20.778
6653,16233,63.50,20.778
6660,32893,63.50,20.778
6663,16233,63.50,20.778
6671,32893,63.50,20.778
6673,16233,63.50,20.778
6681,32893,63.50,20.778
6683,16233,63.50,20.778
6690,32893,63.50,20.778
6693,16233,63.50,20.778
6701,32893,63.50,20.778
6703,16233,63.50,20.778
6710,32893,63.50,20.778
6712,16233,63.50,20.778
6720,32893,63.50,20.778
6722,16233,63.50,20.778
6731,32893,63.50,20.778
6733,16233,63.50,20.778
6740,32893,63.50,20.778
6743,16233,63.50,20.778
6751,32893,63.50,20.778
6753,16233,63.50,20.778
6760,32893,63.50,20.778
6763,16233,63.50,20.778
6770,32893,63.50,20.778
6772,16233,63.50,20.778
6780,32893,63.50,20.778
6783,16233,63.50,20.778
6791,32893,63.50,20.778
6793,16233,63.50,20.778
6801,32893,63.50,20.778
6803,16233,63.50,20.778
6811,32893,63.50,20.778
6813,16233,63.50,20.778
6821,32893,63.50,20.778
6823,16233,63.50,20.778
6831,32893,63.50,20.778
6833,16233,63.50,20.778
6841,32893,63.50,20.778
6843,16233,63.50,20.778
6850,32893,63.50,20.778
6853,16233,63.50,20.778
6861,32893,63.50,20.778
6862,16233,63.50,20.778
6871,32893,63.50,20.778
6873,16233,63.50,20.778
6880,32893,63.50,20.778
6882,16233,63.50,20.778
6890,32893,63.50,20.778
6893,16233,63.50,20.778
6901,32893,63.50,20.778
6903,16233,63.50,20.778
6910,32893,63.50,20.778
6913,16233,63.50,20.778
6921,32893,63.50,20.778
6922,16233,63.50,20.778
6931,32893,63.50,20.778
6933,16233,63.50,20.778
6940,32893,63.50,20.778
6942,16233,63.50,20.778
6950,32893,63.50,20.778
6953,16233,63.50,20.778
6961,32893,63.50,20.778
6962,16233,63.50,20.778
6970,32893,63.50,20.778
6972,16233,63.50,20.778
6980,32893,63.50,20.778
6983,16233,63.50,20.778
6991,32893,63.50,20.778
6992,16233,63.50,20.778
7000,32893,63.50,20.778
7003,16233,63.50,20.778
7010,32893,63.50,20.778
7012,16233,63.50,20.778
7020,32893,63.50,20.778
7023,16233,63.50,20.778
7030,32893,63.50,20.778
7032,16233,63.50,20.778
7040,32893,63.50,20.778
7042,16233,63.50,20.778
7050,32893,63.50,20.778
7053,16233,63.50,20.778
7060,32893,63.50,20.778
7062,16233,63.50,20.778
7070,32893,63.50,20.778
7073,16233,63.50,20.778
7080,32893,63.50,20.778
7083,16233,63.50,20.778
7091,32893,63.50,20.778
7093,16233,63.50,20.778
7101,32893,63.50,20.778
7103,16233,63.50,20.778
7111,32893,63.50,20.778
7112,16233,63.50,20.778
7121,32893,63.50,20.778
7123,16233,63.50,20.778
7131,32893,63.50,20.778
7133,16233,63.50,20.778
7140,32893,63.50,20.778
7143,16233,63.50,20.778
7150,32893,63.50,20.778
7153,16233,63.50,20.778
7160,32893,63.50,20.778
7163,16233,63.50,20.778
7171,32893,63.50,20.778
7173,16233,63.50,20.778
7180,32893,63.50,20.778
7183,16233,63.50,20.778
7191,32893,63.50,20.778
7193,16233,63.50,20.778
7201,32893,63.50,20.778
7202,16233,63.50,20.778
7210,32893,63.50,20.778
7213,16233,63.50,20.778
7221,32893,63.50,20.778
7223,16233,63.50,20.778
7231,32893,63.50,20.778
7233,16233,63.50,20.778
7240,32893,63.50,20.778
7242,16233,63.50,20.778
7250,32893,63.50,20.778
7252,16233,63.50,20.778
7261,32893,63.50,20.778
7263,16233,63.50,20.778
7271,32893,63.50,20.778
7272,16233,63.50,20.778
7282,32893,63.50,20.778
7282,16233,63.50,20.778
7291,32893,63.50,20.778
7293,16233,63.50,20.778
7300,32893,63.50,20.778
7302,16233,63.50,20.778
7311,32893,63.50,20.778
7313,16233,63.50,20.778
7321,32893,63.50,20.778
7323,16233,63.50,20.778
7331,32893,63.50,20.778
7333,16233,63.50,20.778
7341,32893,63.50,20.778
7343,16233,63.50,20.778
7351,32893,63.50,20.778
7353,16233,63.50,20.778
7360,32893,63.50,20.778
7362,16233,63.50,20.778
7371,32893,63.50,20.778
7373,16233,63.50,20.778
7380,32893,63.50,20.778
7383,16233,63.50,20.778
7391,32893,63.50,20.778
7393,16233,63.50,20.778
7400,32893,63.50,20.778
7403,16233,63.50,20.778
7411,32893,63.50,20.778
7413,16233,63.50,20.778
7421,32893,63.50,20.778
7422,16233,63.50,20.778
7430,32893,63.50,20.778
7432,16233,63.50,20.778
7440,32893,63.50,20.778
7443,16233,63.50,20.778
7451,32893,63.50,20.778
7452,16233,63.50,20.778
7460,32893,63.50,20.778
7463,16233,63.50,20.778
7471,32893,63.50,20.778
7473,16233,63.50,20.778
7480,32893,63.50,20.778
7483,16233,63.50,20.778
7490,32893,63.50,20.778
7493,16233,63.50,20.778
7501,32893,63.50,20.778
7503,16233,63.50,20.778
7510,32893,63.50,20.778
7513,16233,63.50,20.778
7520,32893,63.50,20.778
7523,16233,63.50,20.778
7531,32893,63.50,20.778
7533,16233,63.50,20.778
7541,32893,63.50,20.778
7543,16233,63.50,20.778
7551,32893,63.50,20.778
7553,16233,63.50,20.778
7560,32893,63.50,20.778
7563,16233,63.50,20.778
7571,32893,63.50,20.778
7574,16233,63.50,20.778
7580,32893,63.50,20.778
7583,16233,63.50,20.778
7590,32893,63.50,20.778
7593,16233,63.50,20.778
7601,32893,63.50,20.778
7603,16233,63.50,20.778
7611,32893,63.50,20.778
7613,16233,63.50,20.778
7621,32893,63.50,20.778
7623,16233,63.50,20.778
7630,32893,63.50,20.778
7633,16233,63.50,20.778
7640,32893,63.50,20.778
7643,16233,63.50,20.778
7651,32893,63.50,20.778
7653,16233,63.50,20.778
7660,32893,63.50,20.778
7663,16233,63.50,20.778
7670,32893,63.50,20.778
7673,16233,63.50,20.778
7681,32893,63.50,20.778
7683,16233,63.50,20.778
7690,32893,63.50,20.778
7693,16233,63.50,20.778
7700,32893,63.50,20.778
7704,16233,63.50,20.778
7711,32893,63.50,20.778
7713,16233,63.50,20.778
7721,32893,63.50,20.778
7723,16233,63.50,20.778
7730,32893,63.50,20.778
7733,16233,63.50,20.778
7740,32893,63.50,20.778
7743,16233,63.50,20.778
7751,32893,63.50,20.778
7753,16233,63.50,20.778
7761,32893,63.50,20.778
7763,16233,63.50,20.778
7771,32893,63.50,20.778
7773,16233,63.50,20.778
7781,32893,63.50,20.778
7783,16233,63.50,20.778
7790,32893,63.50,20.778
7793,16233,63.50,20.778
7800,32893,63.50,20.778
7803,16233,63.50,20.778
7811,32893,63.50,20.778
7813,16233,63.50,20.778
7820,32893,63.50,20.778
7823,16233,63.50,20.778
7830,32893,63.50,20.778
7833,16233,63.50,20.778
7841,32893,63.50,20.778
7842,16233,63.50,20.778
7850,32893,63.50,20.778
7852,16233,63.50,20.778
7860,32893,63.50,20.778
7863,16233,63.50,20.778
7873,16233,63.50,20.778
7873,32893,63.50,20.778
7881,32893,63.50,20.778
7883,16233,63.50,20.778
7890,32893,63.50,20.778
7893,16233,63.50,20.778
7900,32893,63.50,20.778
7902,16233,63.50,20.778
7910,32893,63.50,20.778
7912,16233,63.50,20.778
7921,32893,63.50,20.778
7922,16233,63.50,20.778
7931,32893,63.50,20.778
7932,16233,63.50,20.778
7941,32893,63.50,20.778
7942,16233,63.50,20.778
7951,32893,63.50,20.778
7953,16233,63.50,20.778
7960,32893,63.50,20.778
7963,16233,63.50,20.778
7971,32893,63.50,20.778
7973,16233,63.50,20.778
7980,32893,63.50,20.778
7983,16233,63.50,20.778
7991,32893,63.50,20.778
7993,16233,63.50,20.778
8001,32893,63.50,20.778
8003,16233,63.50,20.778
8011,32893,63.50,20.778
8013,16233,63.50,20.778
8021,32893,63.50,20.778
8023,16233,63.50,20.778
8030,32893,63.50,20.778
8033,16233,63.50,20.778
8040,32893,63.50,20.778
8042,16233,63.50,20.778
8050,32893,63.50,20.778
8052,16233,63.50,20.778
8061,32893,63.50,20.778
8063,16233,63.50,20.778
8070,32893,63.50,20.778
8073,16233,63.50,20.778
8081,32893,63.50,20.778
8083,16233,63.50,20.778
8090,32893,63.50,20.778
8093,16233,63.50,20.778
8100,32893,63.50,20.778
8103,16233,63.50,20.778
8110,32893,63.50,20.778
8112,16233,63.50,20.778
8121,32893,63.50,20.778
8123,16233,63.50,20.778
8130,32893,63.50,20.778
8133,16233,63.50,20.778
8141,32893,63.50,20.778
8143,16233,63.50,20.778
8150,32893,63.50,20.778
8152,16233,63.50,20.778
8161,32893,63.50,20.778
8162,16233,63.50,20.778
8170,32893,63.50,20.778
8173,16233,63.50,20.778
8180,32893,63.50,20.778
8183,16233,63.50,20.778
8191,32893,63.50,20.778
8193,16233,63.50,20.778
8200,32893,63.50,20.778
8203,16233,63.50,20.778
8210,32893,63.50,20.778
8213,16233,63.50,20.778
8221,32893,63.50,20.778
8223,16233,63.50,20.778
8230,32893,63.50,20.778
8233,16233,63.50,20.778
8241,32893,63.50,20.778
8243,16233,63.50,20.778
8251,32893,63.50,20.778
8253,16233,63.50,20.778
8261,32893,63.50,20.778
8263,16233,63.50,20.778
8271,32893,63.50,20.778
8273,16233,63.50,20.778
8281,32893,63.50,20.778
8283,16233,63.50,20.778
8291,32893,63.50,20.778
8293,16233,63.50,20.778
8301,32893,63.50,20.778
8303,16233,63.50,20.778
8311,32893,63.50,20.778
8313,16233,63.50,20.778
8321,32893,63.50,20.778
8323,16233,63.50,20.778
8331,32893,63.50,20.778
8333,16233,63.50,20.778
8341,32893,63.50,20.778
8343,16233,63.50,20.778
8351,32893,63.50,20.778
8353,16233,63.50,20.778
8360,32893,63.50,20.778
8363,16233,63.50,20.778
8371,32893,63.50,20.778
8373,16233,63.50,20.778
8381,32893,63.50,20.778
8383,16233,63.50,20.778
8391,32893,63.50,20.778
8393,16233,63.50,20.778
8400,32893,63.50,20.778
8403,16233,63.50,20.778
8410,32893,63.50,20.778
8413,16233,63.50,20.778
8421,32893,63.50,20.778
8423,16233,63.50,20.778
8430,32893,63.50,20.778
8433,16233,63.50,20.778
8441,32893,63.50,20.778
8443,16233,63.50,20.778
8451,32893,63.50,20.778
8453,16233,63.50,20.778
8460,32893,63.50,20.778
8463,16233,63.50,20.778
8470,32893,63.50,20.778
8473,16233,63.50,20.778
8481,32893,63.50,20.778
8483,16233,63.50,20.778
8491,32893,63.50,20.778
8493,16233,63.50,20.778
8501,32893,63.50,20.778
8503,16233,63.50,20.778
8511,32893,63.50,20.778
8512,16233,63.50,20.778
8521,32893,63.50,20.778
8523,16233,63.50,20.778
8531,32893,63.50,20.778
8533,16233,63.50,20.778
8540,32893,63.50,20.778
8543,16233,63.50,20.778
8550,32893,63.50,20.778
8553,16233,63.50,20.778
8561,32893,63.50,20.778
8563,16233,63.50,20.778
8571,32893,63.50,20.778
8573,16233,63.50,20.778
8581,32893,63.50,20.778
8583,16233,63.50,20.778
8590,32893,63.50,20.778
8593,16233,63.50,20.778
8601,32893,63.50,20.778
8603,16233,63.50,20.778
8611,32893,63.50,20.778
8613,16233,63.50,20.778
8620,32893,63.50,20.778
8622,16233,63.50,20.778
8630,32893,63.50,20.778
8633,16233,63.50,20.778
8640,32893,63.50,20.778
8643,16233,63.50,20.778
8650,32893,63.50,20.778
8652,16233,63.50,20.778
8661,32893,63.50,20.778
8663,16233,63.50,20.778
8671,32893,63.50,20.778
8673,16233,63.50,20.778
8680,32893,63.50,20.778
8683,16233,63.50,20.778
8690,32893,63.50,20.778
8693,16233,63.50,20.778
8700,32893,63.50,20.778
8702,16233,63.50,20.778
8710,32893,63.50,20.778
8713,16233,63.50,20.778
8720,32893,63.50,20.778
8723,16233,63.50,20.778
8731,32893,63.50,20.778
8733,16233,63.50,20.778
8741,32893,63.50,20.778
8743,16233,63.50,20.778
8751,32893,63.50,20.778
8753,16233,63.50,20.778
8761,32893,63.50,20.778
8763,16233,63.50,20.778
8771,32893,63.50,20.778
8773,16233,63.50,20.778
8781,32893,63.50,20.778
8783,16233,63.50,20.778
8791,32893,63.50,20.778
8794,16233,63.50,20.778
8801,32893,63.50,20.778
8803,16233,63.50,20.778
8811,32893,63.50,20.778
8813,16233,63.50,20.778
8821,32893,63.50,20.778
8822,16233,63.50,20.778
8830,32893,63.50,20.778
8833,16233,63.50,20.778
8841,32893,63.50,20.778
8843,16233,63.50,20.778
8851,32893,63.50,20.778
8853,16233,63.50,20.778
8861,32893,63.50,20.778
8863,16233,63.50,20.778
8872,32893,63.50,20.778
8873,16233,63.50,20.778
8881,32893,63.50,20.778
8883,16233,63.50,20.778
8891,32893,63.50,20.778
8892,16233,63.50,20.778
8900,32893,63.50,20.778
8902,16233,63.50,20.778
8910,32893,63.50,20.778
8913,16233,63.50,20.778
8921,32893,63.50,20.778
8923,16233,63.50,20.778
8930,32893,63.50,20.778
8932,16233,63.50,20.778
8940,32893,63.50,20.778
8942,16233,63.50,20.778
8951,32893,63.50,20.778
8953,16233,63.50,20.778
8961,32893,63.50,20.778
8963,16233,63.50,20.778
8970,32893,63.50,20.778
8973,16233,63.50,20.778
8982,32893,63.50,20.778
8983,16233,63.50,20.778
8990,32893,63.50,20.778
8993,16233,63.50,20.778
9001,32893,63.50,20.778
9003,16233,63.50,20.778
9011,32893,63.50,20.778
9013,16233,63.50,20.778
9021,32893,63.50,20.778
9023,16233,63.50,20.778
9030,32893,63.50,20.778
9032,16233,63.50,20.778
9041,32893,63.50,20.778
9043,16233,63.50,20.778
9051,32893,63.50,20.778
9053,16233,63.50,20.778
9061,32893,63.50,20.778
9063,16233,63.50,20.778
9070,32893,63.50,20.778
9072,16233,63.50,20.778
9080,32893,63.50,20.778
9083,16233,63.50,20.778
9091,32893,63.50,20.778
9093,16233,63.50,20.778
9101,32893,63.50,20.778
9102,16233,63.50,20.778
9110,32893,63.50,20.778
9113,16233,63.50,20.778
9122,32893,63.50,20.778
9123,16233,63.50,20.778
9131,32893,63.50,20.778
9133,16233,63.50,20.778
9141,32893,63.50,20.778
9143,16233,63.50,20.778
9151,32893,63.50,20.778
9153,16233,63.50,20.778
9161,32893,63.50,20.778
9163,16233,63.50,20.778
9170,32893,63.50,20.778
9173,16233,63.50,20.778
9181,32893,63.50,20.778
9183,16233,63.50,20.778
9191,32893,63.50,20.778
9195,16233,63.50,20.778
9201,32893,63.50,20.778
9203,16233,63.50,20.778
9211,32893,63.50,20.778
9213,16233,63.50,20.778
9222,32893,63.50,20.778
9223,16233,63.50,20.778
9231,32893,63.50,20.778
9233,16233,63.50,20.778
9241,32893,63.50,20.778
9243,16233,63.50,20.778
9251,32893,63.50,20.778
9253,16233,63.50,20.778
9261,32893,63.50,20.778
9263,16233,63.50,20.778
9271,32893,63.50,20.778
9272,16233,63.50,20.778
9280,32893,63.50,20.778
9283,16233,63.50,20.778
9290,32893,63.50,20.778
9293,16233,63.50,20.778
9301,32893,63.50,20.778
9303,16233,63.50,20.778
9311,32893,63.50,20.778
9313,16233,63.50,20.778
9321,32893,63.50,20.778
9323,16233,63.50,20.778
9330,32893,63.50,20.778
9332,16233,63.50,20.778
9341,32893,63.50,20.778
9343,16233,63.50,20.778
9351,32893,63.50,20.778
9353,16233,63.50,20.778
9361,32893,63.50,20.778
9362,16233,63.50,20.778
9370,32893,63.50,20.778
9372,16233,63.50,20.778
9381,32893,63.50,20.778
9383,16233,63.50,20.778
9391,32893,63.50,20.778
9393,16233,63.50,20.778
9401,32893,63.50,20.778
9403,16233,63.50,20.778
9410,32893,63.50,20.778
9412,16233,63.50,20.778
9421,32893,63.50,20.778
9423,16233,63.50,20.778
9431,32893,63.50,20.778
9433,16233,63.50,20.778
9441,32893,63.50,20.778
9443,16233,63.50,20.778
9450,32893,63.50,20.778
9453,16233,63.50,20.778
9460,32893,63.50,20.778
9463,16233,63.50,20.778
9470,32893,63.50,20.778
9472,16233,63.50,20.778
9480,32893,63.50,20.778
9482,16233,63.50,20.778
9491,32893,63.50,20.778
9493,16233,63.50,20.778
9500,32893,63.50,20.778
9503,16233,63.50,20.778
9511,32893,63.50,20.778
9513,16233,63.50,20.778
9521,32893,63.50,20.778
9531,32893,63.50,20.778
9532,16233,63.50,20.778
9533,16233,63.50,20.778
9541,32893,63.50,20.778
9543,16233,63.50,20.778
9551,32893,63.50,20.778
9553,16233,63.50,20.778
9560,32893,63.50,20.778
9563,16233,63.50,20.778
9571,32893,63.50,20.778
9573,16233,63.50,20.778
9580,32893,63.50,20.778
9583,16233,63.50,20.778
9591,32893,63.50,20.778
9593,16233,63.50,20.778
9601,32893,63.50,20.778
9603,16233,63.50,20.778
9611,32893,63.50,20.778
9613,16233,63.50,20.778
9621,32893,63.50,20.778
9623,16233,63.50,20.778
9630,32893,63.50,20.778
9633,16233,63.50,20.778
9640,32893,63.50,20.778
9643,16233,63.50,20.778
9651,32893,63.50,20.778
9653,16233,63.50,20.778
9660,32893,63.50,20.778
9663,16233,63.50,20.778
9671,32893,63.50,20.778
9673,16233,63.50,20.778
9680,32893,63.50,20.778
9683,16233,63.50,20.778
9690,32893,63.50,20.778
9693,16233,63.50,20.778
9701,32893,63.50,20.778
9702,16233,63.50,20.778
9710,32893,63.50,20.778
9712,16233,63.50,20.778
9721,32893,63.50,20.778
9723,16233,63.50,20.778
9731,32893,63.50,20.778
9732,16233,63.50,20.778
9741,32893,63.50,20.778
9743,16233,63.50,20.778
9751,32893,63.50,20.778
9752,16233,63.50,20.778
9760,32893,63.50,20.778
9762,16233,63.50,20.778
9770,32893,63.50,20.778
9773,16233,63.50,20.778
9781,32893,63.50,20.778
9782,16233,63.50,20.778
9791,32893,63.50,20.778
9793,16233,63.50,20.778
9801,32893,63.50,20.778
9803,16233,63.50,20.778
9811,32893,63.50,20.778
9813,16233,63.50,20.778
9821,32893,63.50,20.778
9823,16233,63.50,20.778
9831,32893,63.50,20.778
9832,16233,63.50,20.778
9841,32893,63.50,20.778
9843,16233,63.50,20.778
9850,32893,63.50,20.778
9852,16233,63.50,20.778
9860,32893,63.50,20.778
9863,16233,63.50,20.778
9871,32893,63.50,20.778
9872,16233,63.50,20.778
9880,32893,63.50,20.778
9882,16233,63.50,20.778
9890,32893,63.50,20.778
9893,16233,63.50,20.778
9901,32893,63.50,20.778
9903,16233,63.50,20.778
9911,32893,63.50,20.778
9913,16233,63.50,20.778
9921,32893,63.50,20.778
9923,16233,63.50,20.778
9931,32893,63.50,20.778
9932,16233,63.50,20.778
9941,32893,63.50,20.778
9943,16233,63.50,20.778
9951,32893,63.50,20.778
9953,16233,63.50,20.778
9961,32893,63.50,20.778
9963,16233,63.50,20.778
9971,32893,63.50,20.778
9973,16233,63.50,20.778
9981,32893,63.50,20.778
9983,16233,63.50,20.778
9991,32893,63.50,20.778
9993,16233,63.50,20.778
10001,32893,63.50,20.778
10003,16233,63.50,20.778
10011,32893,63.50,20.778
10013,16233,63.50,20.778
10021,32893,63.50,20.778
10023,16233,63.50,20.778
10031,32893,63.50,20.778
10033,16233,63.50,20.778
10041,32893,63.50,20.778
10043,16233,63.50,20.778
10051,32893,63.50,20.778
10053,16233,63.50,20.778
10061,32893,63.50,20.778
10063,16233,63.50,20.778
10071,32893,63.50,20.778
10073,16233,63.50,20.778
10081,32893,63.50,20.778
10083,16233,63.50,20.778
10091,32893,63.50,20.778
10092,16233,63.50,20.778
10102,32893,63.50,20.778
10103,16233,63.50,20.778
10111,32893,63.50,20.778
10113,16233,63.50,20.778
10121,32893,63.50,20.778
10123,16233,63.50,20.778
10131,32893,63.50,20.778
10133,16233,63.50,20.778
10141,32893,63.50,20.778
10143,16233,63.50,20.778
10151,32893,63.50,20.778
10153,16233,63.50,20.778
10161,32893,63.50,20.778
10163,16233,63.50,20.778
10171,32893,63.50,20.778
10173,16233,63.50,20.778
10181,32893,63.50,20.778
10183,16233,63.50,20.778
10191,32893,63.50,20.778
10194,16233,63.50,20.778
10201,32893,63.50,20.778
10203,16233,63.50,20.778
10211,32893,63.50,20.778
10213,16233,63.50,20.778
10221,32893,63.50,20.778
10223,16233,63.50,20.778
10231,32893,63.50,20.778
10233,16233,63.50,20.778
10242,32893,63.50,20.778
10243,16233,63.50,20.778
10251,32893,63.50,20.778
10253,16233,63.50,20.778
10261,32893,63.50,20.778
10263,16233,63.50,20.778
10271,32893,63.50,20.778
10273,16233,63.50,20.778
10281,32893,63.50,20.778
10283,16233,63.50,20.778
10291,32893,63.50,20.778
10293,16233,63.50,20.778
10301,32893,63.50,20.778
10303,16233,63.50,20.778
10311,32893,63.50,20.778
10313,16233,63.50,20.778
10321,32893,63.50,20.778
10324,16233,63.50,20.778
10331,32893,63.50,20.778
10333,16233,63.50,20.778
10341,32893,63.50,20.778
10343,16233,63.50,20.778
10351,32893,63.50,20.778
10353,16233,63.50,20.778
10361,32893,63.50,20.778
10363,16233,63.50,20.778
10371,32893,63.50,20.778
10373,16233,63.50,20.778
10381,32893,63.50,20.778
10383,16233,63.50,20.778
10391,32893,63.50,20.778
10393,16233,63.50,20.778
10401,32893,63.50,20.778
10403,16233,63.50,20.778
10411,32893,63.50,20.778
10413,16233,63.50,20.778
10421,32893,63.50,20.778
10423,16233,63.50,20.778
10431,32893,63.50,20.778
10433,16233,63.50,20.778
10442,32893,63.50,20.778
10444,16233,63.50,20.778
10450,32893,63.50,20.778
10453,16233,63.50,20.778
10461,32893,63.50,20.778
10463,16233,63.50,20.778
10471,32893,63.50,20.778
10473,16233,63.50,20.778
10480,32893,63.50,20.778
10483,16233,63.50,20.778
10491,32893,63.50,20.778
10493,16233,63.50,20.778
10501,32893,63.50,20.778
10503,16233,63.50,20.778
10511,32893,63.50,20.778
10513,16233,63.50,20.778
10521,32893,63.50,20.778
10524,16233,63.50,20.778
10531,32893,63.50,20.778
10533,16233,63.50,20.778
10541,32893,63.50,20.778
10543,16233,63.50,20.778
10551,32893,63.50,20.778
10553,16233,63.50,20.778
10561,32893,63.50,20.778
10563,16233,63.50,20.778
10571,32893,63.50,20.778
10572,16233,63.50,20.778
10580,32893,63.50,20.778
10583,16233,63.50,20.778
10591,32893,63.50,20.778
10593,16233,63.50,20.778
10600,32893,63.50,20.778
10602,16233,63.50,20.778
10610,32893,63.50,20.778
10613,16233,63.50,20.778
10621,32893,63.50,20.778
10623,16233,63.50,20.778
10631,32893,63.50,20.778
10633,16233,63.50,20.778
10640,32893,63.50,20.778
10642,16233,63.50,20.778
10650,32893,63.50,20.778
10653,16233,63.50,20.778
10661,32893,63.50,20.778
10663,16233,63.50,20.778
10670,32893,63.50,20.778
10673,16233,63.50,20.778
10681,32893,63.50,20.778
10683,16233,63.50,20.778
10690,32893,63.50,20.778
10692,16233,63.50,20.778
10701,32893,63.50,20.778
10703,16233,63.50,20.778
10711,32893,63.50,20.778
10713,16233,63.50,20.778
10721,32893,63.50,20.778
10723,16233,63.50,20.778
10731,32893,63.50,20.778
10732,16233,63.50,20.778
10740,32893,63.50,20.778
10742,16233,63.50,20.778
10750,32893,63.50,20.778
10753,16233,63.50,20.778
10760,32893,63.50,20.778
10763,16233,63.50,20.778
10770,32893,63.50,20.778
10773,16233,63.50,20.778
10781,32893,63.50,20.778
10783,16233,63.50,20.778
10790,32893,63.50,20.778
10793,16233,63.50,20.778
10801,32893,63.50,20.778
10803,16233,63.50,20.778
10810,32893,63.50,20.778
10813,16233,63.50,20.778
10820,32893,63.50,20.778
10823,16233,63.50,20.778
10830,32893,63.50,20.778
10833,16233,63.50,20.778
10841,32893,63.50,20.778
10843,16233,63.50,20.778
10851,32893,63.50,20.778
10853,16233,63.50,20.778
10860,32893,63.50,20.778
10863,16233,63.50,20.778
10871,32893,63.50,20.778
10873,16233,63.50,20.778
10881,32893,63.50,20.778
10883,16233,63.50,20.778
10891,32893,63.50,20.778
10893,16233,63.50,20.778
10900,32893,63.50,20.778
10902,16233,63.50,20.778
10910,32893,63.50,20.778
10913,16233,63.50,20.778
10920,32893,63.50,20.778
10923,16233,63.50,20.778
10931,32893,63.50,20.778
10933,16233,63.50,20.778
10940,32893,63.50,20.778
10943,16233,63.50,20.778
10950,32893,63.50,20.778
10952,16233,63.50,20.778
10961,32893,63.50,20.778
10963,16233,63.50,20.778
10971,32893,63.50,20.778
10973,16233,63.50,20.778
10981,32893,63.50,20.778
10983,16233,63.50,20.778
10990,32893,63.50,20.778
10992,16233,63.50,20.778
11001,32893,63.50,20.778
11002,16233,63.50,20.778
11010,32893,63.50,20.778
11012,16233,63.50,20.778
11021,32893,63.50,20.778
11023,16233,63.50,20.778
11031,32893,63.50,20.778
11032,16233,63.50,20.778
11040,32893,63.50,20.778
11042,16233,63.50,20.778
11050,32893,63.50,20.778
11052,16233,63.50,20.778
11060,32893,63.50,20.778
11062,16233,63.50,20.778
11070,32893,63.50,20.778
11072,16233,63.50,20.778
11080,32893,63.50,20.778
11083,16233,63.50,20.778
11090,32893,63.50,20.778
11092,16233,63.50,20.778
11101,32893,63.50,20.778
11102,16233,63.50,20.778
11110,32893,63.50,20.778
11112,16233,63.50,20.778
11120,32893,63.50,20.778
11123,16233,63.50,20.778
11130,32893,63.50,20.778
11133,16233,63.50,20.778
11140,32893,63.50,20.778
11143,16233,63.50,20.778
11151,32893,63.50,20.778
11152,16233,63.50,20.778
11161,32893,63.50,20.778
11163,16233,63.50,20.778
11171,32893,63.50,20.778
11174,16233,63.50,20.778
11181,32893,63.50,20.778
11183,16233,63.50,20.778
11191,32893,63.50,20.778
11193,16233,63.50,20.778
11201,32893,63.50,20.778
11203,16233,63.50,20.778
11211,32893,63.50,20.778
11213,16233,63.50,20.778
11221,32893,63.50,20.778
11223,16233,63.50,20.778
11231,32893,63.50,20.778
11233,16233,63.50,20.778
11243,32893,63.50,20.778
11243,16233,63.50,20.778
11250,32893,63.50,20.778
11252,16233,63.50,20.778
11261,32893,63.50,20.778
11263,16233,63.50,20.778
11271,32893,63.50,20.778
11272,16233,63.50,20.778
11280,32893,63.50,20.778
11283,16233,63.50,20.778
11290,32893,63.50,20.778
11293,16233,63.50,20.778
11300,32893,63.50,20.778
11303,16233,63.50,20.778
11311,32893,63.50,20.778
11313,16233,63.50,20.778
11321,32893,63.50,20.778
11323,16233,63.50,20.778
11330,32893,63.50,20.778
11333,16233,63.50,20.778
11341,32893,63.50,20.778
11344,16233,63.50,20.778
11351,32893,63.50,20.778
11353,16233,63.50,20.778
11361,32893,63.50,20.778
11363,16233,63.50,20.778
11370,32893,63.50,20.778
11372,16233,63.50,20.778
11380,32893,63.50,20.778
11382,16233,63.50,20.778
11391,32893,63.50,20.778
11393,16233,63.50,20.778
11401,32893,63.50,20.778
11403,16233,63.50,20.778
11411,32893,63.50,20.778
11413,16233,63.50,20.778
11421,32893,63.50,20.778
11422,16233,63.50,20.778
11430,32893,63.50,20.778
11433,16233,63.50,20.778
11440,32893,63.50,20.778
11443,16233,63.50,20.778
11451,32893,63.50,20.778
11453,16233,63.50,20.778
11460,32893,63.50,20.778
11462,16233,63.50,20.778
11470,32893,63.50,20.778
11472,16233,63.50,20.778
11480,32893,63.50,20.778
11482,16233,63.50,20.778
11490,32893,63.50,20.778
11493,16233,63.50,20.778
11500,32893,63.50,20.778
11502,16233,63.50,20.778
11510,32893,63.50,20.778
11513,16233,63.50,20.778
11521,32893,63.50,20.778
11523,16233,63.50,20.778
11530,32893,63.50,20.778
11532,16233,63.50,20.778
11541,32893,63.50,20.778
11543,16233,63.50,20.778
11551,32893,63.50,20.778
11553,16233,63.50,20.778
11561,32893,63.50,20.778
11563,16233,63.50,20.778
11571,32893,63.50,20.778
11573,16233,63.50,20.778
11581,32893,63.50,20.778
11583,16233,63.50,20.778
11591,32893,63.50,20.778
11593,16233,63.50,20.778
11600,32893,63.50,20.778
11602,16233,63.50,20.778
11610,32893,63.50,20.778
11612,16233,63.50,20.778
11620,32893,63.50,20.778
11623,16233,63.50,20.778
11630,32893,63.50,20.778
11633,16233,63.50,20.778
11640,32893,63.50,20.778
11643,16233,63.50,20.778
11651,32893,63.50,20.778
11653,16233,63.50,20.778
11660,32893,63.50,20.778
11662,16233,63.50,20.778
11671,32893,63.50,20.778
11673,16233,63.50,20.778
11681,32893,63.50,20.778
11683,16233,63.50,20.778
11690,32893,63.50,20.778
11693,16233,63.50,20.778
11700,32893,63.50,20.778
11702,16233,63.50,20.778
11711,32893,63.50,20.778
11712,16233,63.50,20.778
11720,32893,63.50,20.778
11723,16233,63.50,20.778
11731,32893,63.50,20.778
11733,16233,63.50,20.778
11741,32893,63.50,20.778
11743,16233,63.50,20.778
11750,32893,63.50,20.778
11753,16233,63.50,20.778
11760,32893,63.50,20.778
11762,16233,63.50,20.778
11770,32893,63.50,20.778
11772,16233,63.50,20.778
11780,32893,63.50,20.778
11782,16233,63.50,20.778
11791,32893,63.50,20.778
11793,16233,63.50,20.778
11801,32893,63.50,20.778
11803,16233,63.50,20.778
11810,32893,63.50,20.778
11812,16233,63.50,20.778
11820,32893,63.50,20.778
11823,16233,63.50,20.778
11830,32893,63.50,20.778
11832,16233,63.50,20.778
11840,32893,63.50,20.778
11843,16233,63.50,20.778
11851,32893,63.50,20.778
11853,16233,63.50,20.778
11861,32893,63.50,20.778
11863,16233,63.50,20.778
11871,32893,63.50,20.778
11873,16233,63.50,20.778
11880,32893,63.50,20.778
11883,16233,63.50,20.778
11890,32893,63.50,20.778
11892,16233,63.50,20.778
11901,32893,63.50,20.778
11902,16233,63.50,20.778
11910,32893,63.50,20.778
11913,16233,63.50,20.778
11920,32893,63.50,20.778
11922,16233,63.50,20.778
11931,32893,63.50,20.778
11933,16233,63.50,20.778
11941,32893,63.50,20.778
11943,16233,63.50,20.778
11950,32893,63.50,20.778
11953,16233,63.50,20.778
11960,32893,63.50,20.778
11963,16233,63.50,20.778
11971,32893,63.50,20.778
11972,16233,63.50,20.778
11980,32893,63.50,20.778
11982,16233,63.50,20.778
11990,32893,63.50,20.778
11992,16233,63.50,20.778
12000,32893,63.50,20.778
12002,16233,63.50,20.778
12011,32893,63.50,20.778
12012,16233,63.50,20.778
12020,32893,63.50,20.778
12023,16233,63.50,20.778
12030,32893,63.50,20.778
12033,16233,63.50,20.778
12041,32893,63.50,20.778
12043,16233,63.50,20.778
12050,32893,63.50,20.778
12053,16233,63.50,20.778
12060,32893,63.50,20.778
12063,16233,63.50,20.778
12071,32893,63.50,20.778
12073,16233,63.50,20.778
12080,32893,63.50,20.778
12083,16233,63.50,20.778
12090,32893,63.50,20.778
12092,16233,63.50,20.778
12100,32893,63.50,20.778
12103,16233,63.50,20.778
12110,32893,63.50,20.778
12113,16233,63.50,20.778
12121,32893,63.50,20.778
12123,16233,63.50,20.778
12130,32893,63.50,20.778
12132,16233,63.50,20.778
12141,32893,63.50,20.778
12143,16233,63.50,20.778
12151,32893,63.50,20.778
12152,16233,63.50,20.778
12160,32893,63.50,20.778
12163,16233,63.50,20.778
12171,32893,63.50,20.778
12173,16233,63.50,20.778
12181,32893,63.50,20.778
12183,16233,63.50,20.778
12190,32893,63.50,20.778
12193,16233,63.50,20.778
12201,32893,63.50,20.778
12203,16233,63.50,20.778
12211,32893,63.50,20.778
12213,16233,63.50,20.778
12221,32893,63.50,20.778
12222,16233,63.50,20.778
12231,32893,63.50,20.778
12233,16233,63.50,20.778
12241,32893,63.50,20.778
12243,16233,63.50,20.778
12251,32893,63.50,20.778
12253,16233,63.50,20.778
12261,32893,63.50,20.778
12263,16233,63.50,20.778
12271,32893,63.50,20.778
12273,16233,63.50,20.778
12281,32893,63.50,20.778
12283,16233,63.50,20.778
12291,32893,63.50,20.778
12293,16233,63.50,20.778
12301,32893,63.50,20.778
12303,16233,63.50,20.778
12311,32893,63.50,20.778
12313,16233,63.50,20.778
12320,32893,63.50,20.778
12322,16233,63.50,20.778
12330,32893,63.50,20.778
12333,16233,63.50,20.778
12340,32893,63.50,20.778
12343,16233,63.50,20.778
12352,32893,63.50,20.778
12353,16233,63.50,20.778
12361,32893,63.50,20.778
12363,16233,63.50,20.778
12371,32893,63.50,20.778
12373,16233,63.50,20.778
12381,32893,63.50,20.778
12383,16233,63.50,20.778
12391,32893,63.50,20.778
12393,16233,63.50,20.778
12400,32893,63.50,20.778
12403,16233,63.50,20.778
12410,32893,63.50,20.778
12413,16233,63.50,20.778
12421,32893,63.50,20.778
12423,16233,63.50,20.778
12430,32893,63.50,20.778
12433,16233,63.50,20.778
12441,32893,63.50,20.778
12443,16233,63.50,20.778
12451,32893,63.50,20.778
12453,16233,63.50,20.778
12460,32893,63.50,20.778
12462,16233,63.50,20.778
12471,32893,63.50,20.778
12472,16233,63.50,20.778
12481,32893,63.50,20.778
12483,16233,63.50,20.778
12491,32893,63.50,20.778
12493,16233,63.50,20.778
12501,32893,63.50,20.778
12502,16233,63.50,20.778
12511,32893,63.50,20.778
12513,16233,63.50,20.778
12520,32893,63.50,20.778
12522,16233,63.50,20.778
12530,32893,63.50,20.778
12533,16233,63.50,20.778
12541,32893,63.50,20.778
12543,16233,63.50,20.778
12551,32893,63.50,20.778
12553,16233,63.50,20.778
12561,32893,63.50,20.778
12563,16233,63.50,20.778
12571,32893,63.50,20.778
12573,16233,63.50,20.778
12581,32893,63.50,20.778
12583,16233,63.50,20.778
12591,32893,63.50,20.778
12593,16233,63.50,20.778
12601,32893,63.50,20.778
12603,16233,63.50,20.778
12610,32893,63.50,20.778
12613,16233,63.50,20.778
12620,32893,63.50,20.778
12623,16233,63.50,20.778
12631,32893,63.50,20.778
12632,16233,63.50,20.778
12640,32893,63.50,20.778
12642,16233,63.50,20.778
12650,32893,63.50,20.778
12653,16233,63.50,20.778
12661,32893,63.50,20.778
12663,16233,63.50,20.778
12671,32893,63.50,20.778
12673,16233,63.50,20.778
12681,32893,63.50,20.778
12682,16233,63.50,20.778
12691,32893,63.50,20.778
12693,16233,63.50,20.778
12701,32893,63.50,20.778
12703,16233,63.50,20.778
12711,32893,63.50,20.778
12713,16233,63.50,20.778
12721,32893,63.50,20.778
12723,16233,63.50,20.778
12731,32893,63.50,20.778
12733,16233,63.50,20.778
12741,32893,63.50,20.778
12742,16233,58.00,18.978
12751,32893,63.50,20.778
12753,16233,58.00,18.978
12760,32893,63.50,20.778
12763,16233,58.00,18.978
12770,32893,63.50,20.778
12772,16233,58.00,18.978
12781,32893,63.50,20.778
12782,16233,58.00,18.978
12791,32893,63.50,20.778
12793,16233,58.00,18.978
12800,32893,63.50,20.778
12803,16233,58.00,18.978
12811,32893,63.50,20.778
12812,16233,58.00,18.978
12820,32893,63.50,20.778
12823,16233,58.00,18.978
12831,32893,63.50,20.778
12833,16233,58.00,18.978
12841,32893,63.50,20.778
12843,16233,58.00,18.978
12851,32893,63.50,20.778
12853,16233,58.00,18.978
12861,32893,63.50,20.778
12863,16233,58.00,18.978
12871,32893,63.50,20.778
12873,16233,58.00,18.978
12881,32893,63.50,20.778
12883,16233,58.00,18.978
12891,32893,63.50,20.778
12892,16233,58.00,18.978
12901,32893,63.50,20.778
12903,16233,58.00,18.978
12911,32893,63.50,20.778
12913,16233,58.00,18.978
12921,32893,63.50,20.778
12923,16233,58.00,18.978
12931,32893,63.50,20.778
12933,16233,58.00,18.978
12941,32893,63.50,20.778
12942,16233,58.00,18.978
12951,32893,63.50,20.778
12953,16233,58.00,18.978
12961,32893,63.50,20.778
12962,16233,58.00,18.978
12971,32893,63.50,20.778
12973,16233,58.00,18.978
12981,32893,63.50,20.778
12983,16233,58.00,18.978
12991,32893,63.50,20.778
12993,16233,58.00,18.978
13001,32893,63.50,20.778
13003,16233,58.00,18.978
13011,32893,63.50,20.778
13013,16233,58.00,18.978
13021,32893,63.50,20.778
13023,16233,58.00,18.978
13030,32893,63.50,20.778
13032,16233,58.00,18.978
13041,32893,63.50,20.778
13042,16233,58.00,18.978
13051,32893,63.50,20.778
13053,16233,58.00,18.978
13061,32893,63.50,20.778
13063,16233,58.00,18.978
13071,32893,63.50,20.778
13073,16233,58.00,18.978
13081,32893,63.50,20.778
13083,16233,58.00,18.978
13091,32893,63.50,20.778
13092,16233,58.00,18.978
13101,32893,63.50,20.778
13103,16233,58.00,18.978
13110,32893,63.50,20.778
13113,16233,58.00,18.978
13121,32893,63.50,20.778
13123,16233,58.00,18.978
13130,32893,63.50,20.778
13133,16233,58.00,18.978
13141,32893,63.50,20.778
13143,16233,58.00,18.978
13151,32893,63.50,20.778
13153,16233,58.00,18.978
13161,32893,63.50,20.778
13163,16233,58.00,18.978
13171,32893,63.50,20.778
13173,16233,58.00,18.978
13180,32893,63.50,20.778
13183,16233,58.00,18.978
13191,32893,63.50,20.778
13193,16233,58.00,18.978
13201,32893,63.50,20.778
13203,16233,58.00,18.978
13211,32893,63.50,20.778
13213,16233,58.00,18.978
13221,32893,63.50,20.778
13223,16233,58.00,18.978
13231,32893,63.50,20.778
13233,16233,58.00,18.978
13241,32893,63.50,20.778
13243,16233,58.00,18.978
13251,32893,63.50,20.778
13253,16233,58.00,18.978
13261,32893,63.50,20.778
13263,16233,58.00,18.978
13271,32893,63.50,20.778
13273,16233,58.00,18.978
13281,32893,63.50,20.778
13283,16233,58.00,18.978
13291,32893,63.50,20.778
13293,16233,58.00,18.978
13301,32893,63.50,20.778
13303,16233,58.00,18.978
13311,32893,63.50,20.778
13313,16233,58.00,18.978
13321,32893,63.50,20.778
13323,16233,58.00,18.978
13331,32893,63.50,20.778
13333,16233,58.00,18.978
13341,32893,63.50,20.778
13343,16233,58.00,18.978
13351,32893,63.50,20.778
13353,16233,58.00,18.978
13361,32893,63.50,20.778
13363,16233,58.00,18.978
13371,32893,63.50,20.778
13373,16233,58.00,18.978
13381,32893,63.50,20.778
13383,16233,58.00,18.978
13391,32893,63.50,20.778
13393,16233,58.00,18.978
13401,32893,63.50,20.778
13403,16233,58.00,18.978
13411,32893,63.50,20.778
13413,16233,58.00,18.978
13421,32893,63.50,20.778
13423,16233,58.00,18.978
13431,32893,63.50,20.778
13433,16233,58.00,18.978
13441,32893,63.50,20.778
13443,16233,58.00,18.978
13451,32893,63.50,20.778
13453,16233,58.00,18.978
13461,32893,63.50,20.778
13463,16233,58.00,18.978
13471,32893,63.50,20.778
13473,16233,58.00,18.978
13480,32893,63.50,20.778
13483,16233,58.00,18.978
13491,32893,63.50,20.778
13493,16233,58.00,18.978
13501,32893,63.50,20.778
13503,16233,58.00,18.978
13510,32893,63.50,20.778
13512,16233,58.00,18.978
13520,32893,63.50,20.778
13523,16233,58.00,18.978
13531,32893,63.50,20.778
13533,16233,58.00,18.978
13540,32893,63.50,20.778
13543,16233,58.00,18.978
13551,32893,63.50,20.778
13553,16233,58.00,18.978
13561,32893,63.50,20.778
13563,16233,58.00,18.978
13571,32893,63.50,20.778
13573,16233,58.00,18.978
13581,32893,63.50,20.778
13583,16233,58.00,18.978
13591,32893,63.50,20.778
13592,16233,58.00,18.978
13601,32893,63.50,20.778
13603,16233,58.00,18.978
13610,32893,63.50,20.778
13613,16233,58.00,18.978
13621,32893,63.50,20.778
13622,16233,58.00,18.978
13630,32893,63.50,20.778
13633,16233,58.00,18.978
13641,32893,63.50,20.778
13643,16233,58.00,18.978
13650,32893,63.50,20.778
13652,16233,58.00,18.978
13660,32893,63.50,20.778
13662,16233,58.00,18.978
13671,32893,63.50,20.778
13673,16233,58.00,18.978
13681,32893,63.50,20.778
13683,16233,58.00,18.978
13690,32893,63.50,20.778
13693,16233,58.00,18.978
13701,32893,63.50,20.778
13702,16233,58.00,18.978
13710,32893,63.50,20.778
13713,16233,58.00,18.978
13720,32893,63.50,20.778
13723,16233,58.00,18.978
13730,32893,63.50,20.778
13733,16233,58.00,18.978
13740,32893,63.50,20.778
13743,16233,58.00,18.978
13751,32893,63.50,20.778
13753,16233,58.00,18.978
13761,32893,63.50,20.778
13763,16233,58.00,18.978
13770,32893,63.50,20.778
13773,16233,58.00,18.978
13780,32893,63.50,20.778
13783,16233,58.00,18.978
13791,32893,63.50,20.778
13792,16233,58.00,18.978
13801,32893,63.50,20.778
13803,16233,58.00,18.978
13811,32893,63.50,20.778
13812,16233,58.00,18.978
13820,32893,63.50,20.778
13822,16233,58.00,18.978
13831,32893,63.50,20.778
13832,16233,58.00,18.978
13840,32893,63.50,20.778
13843,16233,58.00,18.978
13850,32893,63.50,20.778
13852,16233,58.00,18.978
13860,32893,63.50,20.778
13863,16233,58.00,18.978
13871,32893,63.50,20.778
13873,16233,58.00,18.978
13881,32893,63.50,20.778
13882,16233,58.00,18.978
13891,32893,63.50,20.778
13892,16233,58.00,18.978
13900,32893,63.50,20.778
13902,16233,58.00,18.978
13911,32893,63.50,20.778
13913,16233,58.00,18.978
13921,32893,63.50,20.778
13923,16233,58.00,18.978
13931,32893,63.50,20.778
13932,16233,58.00,18.978
13940,32893,63.50,20.778
13942,16233,58.00,18.978
13950,32893,63.50,20.778
13952,16233,58.00,18.978
13960,32893,63.50,20.778
13962,16233,58.00,18.978
13970,32893,63.50,20.778
13973,16233,58.00,18.978
13981,32893,63.50,20.778
13983,16233,58.00,18.978
13990,32893,63.50,20.778
13992,16233,58.00,18.978
14000,32893,63.50,20.778
14002,16233,58.00,18.978
14010,32893,63.50,20.778
14012,16233,58.00,18.978
14021,32893,63.50,20.778
14023,16233,58.00,18.978
14031,32893,63.50,20.778
14033,16233,58.00,18.978
14040,32893,63.50,20.778
14042,16233,58.00,18.978
14050,32893,63.50,20.778
14053,16233,58.00,18.978
14060,32893,63.50,20.778
14062,16233,58.00,18.978
14070,32893,63.50,20.778
14073,16233,58.00,18.978
14081,32893,63.50,20.778
14082,16233,58.00,18.978
14090,32893,63.50,20.778
14092,16233,58.00,18.978
14101,32893,63.50,20.778
14103,16233,58.00,18.978
14110,32893,63.50,20.778
14112,16233,58.00,18.978
14120,32893,63.50,20.778
14123,16233,58.00,18.978
14130,32893,63.50,20.778
14133,16233,58.00,18.978
14141,32893,63.50,20.778
14143,16233,58.00,18.978
14150,32893,63.50,20.778
14152,16233,58.00,18.978
14161,32893,63.50,20.778
14162,16233,58.00,18.978
14170,32893,63.50,20.778
14173,16233,58.00,18.978
14180,32893,63.50,20.778
14183,16233,58.00,18.978
14191,32893,63.50,20.778
14193,16233,58.00,18.978
14200,32893,63.50,20.778
14203,16233,58.00,18.978
14210,32893,63.50,20.778
14212,16233,58.00,18.978
14220,32893,63.50,20.778
14222,16233,58.00,18.978
14231,32893,63.50,20.778
14232,16233,58.00,18.978
14241,32893,63.50,20.778
14243,16233,58.00,18.978
14250,32893,63.50,20.778
14253,16233,58.00,18.978
14260,32893,63.50,20.778
14263,16233,58.00,18.978
14271,32893,63.50,20.778
14273,16233,58.00,18.978
14280,32893,63.50,20.778
14282,16233,58.00,18.978
14291,32893,63.50,20.778
14293,16233,58.00,18.978
14301,32893,63.50,20.778
14303,16233,58.00,18.978
14311,32893,63.50,20.778
14312,16233,58.00,18.978
14320,32893,63.50,20.778
14323,16233,58.00,18.978
14331,32893,63.50,20.778
14333,16233,58.00,18.978
14341,32893,63.50,20.778
14342,16233,58.00,18.978
14350,32893,63.50,20.778
14352,16233,58.00,18.978
14360,32893,63.50,20.778
14363,16233,58.00,18.978
14371,32893,63.50,20.778
14373,16233,58.00,18.978
14380,32893,63.50,20.778
14383,16233,58.00,18.978
14390,32893,63.50,20.778
14393,16233,58.00,18.978
14400,32893,63.50,20.778
14403,16233,58.00,18.978
14410,32893,63.50,20.778
14412,16233,58.00,18.978
14420,32893,63.50,20.778
14423,16233,58.00,18.978
14430,32893,63.50,20.778
14432,16233,58.00,18.978
14440,32893,63.50,20.778
14443,16233,58.00,18.978
14450,32893,63.50,20.778
14452,16233,58.00,18.978
14461,32893,63.50,20.778
14463,16233,58.00,18.978
14471,32893,63.50,20.778
14473,16233,58.00,18.978
14481,32893,63.50,20.778
14483,16233,58.00,18.978
14491,32893,63.50,20.778
14493,16233,58.00,18.978
14501,32893,63.50,20.778
14503,16233,58.00,18.978
14511,32893,63.50,20.778
14513,16233,58.00,18.978
14520,32893,63.50,20.778
14523,16233,58.00,18.978
14531,32893,63.50,20.778
14532,16233,58.00,18.978
14540,32893,63.50,20.778
14542,16233,58.00,18.978
14551,32893,63.50,20.778
14552,16233,58.00,18.978
14561,32893,63.50,20.778
14563,16233,58.00,18.978
14571,32893,63.50,20.778
14572,16233,58.00,18.978
14581,32893,63.50,20.778
14582,16233,58.00,18.978
14591,32893,63.50,20.778
14593,16233,58.00,18.978
14603,32893,63.50,20.778
14603,16233,58.00,18.978
14611,32893,63.50,20.778
14613,16233,58.00,18.978
14621,32893,63.50,20.778
14623,16233,58.00,18.978
14631,32893,63.50,20.778
14633,16233,58.00,18.978
14641,32893,63.50,20.778
14642,16233,58.00,18.978
14650,32893,63.50,20.778
14652,16233,58.00,18.978
14660,32893,63.50,20.778
14662,16233,58.00,18.978
14670,32893,63.50,20.778
14672,16233,58.00,18.978
14680,32893,63.50,20.778
14683,16233,58.00,18.978
14691,32893,63.50,20.778
14693,16233,58.00,18.978
14701,32893,63.50,20.778
14703,16233,58.00,18.978
14711,32893,63.50,20.778
14713,16233,58.00,18.978
14721,32893,63.50,20.778
14723,16233,58.00,18.978
14731,32893,63.50,20.778
14733,16233,58.00,18.978
14741,32893,63.50,20.778
14743,16233,58.00,18.978
14751,32893,63.50,20.778
14753,16233,58.00,18.978
14760,32893,63.50,20.778
14762,16233,58.00,18.978
14771,32893,63.50,20.778
14772,16233,58.00,18.978
14781,32893,63.50,20.778
14783,16233,58.00,18.978
14791,32893,63.50,20.778
14793,16233,58.00,18.978
14800,32893,63.50,20.778
14803,16233,58.00,18.978
14811,32893,63.50,20.778
14813,16233,58.00,18.978
14821,32893,63.50,20.778
14822,16233,58.00,18.978
14830,32893,63.50,20.778
14833,16233,58.00,18.978
14840,32893,63.50,20.778
14843,16233,58.00,18.978
14850,32893,63.50,20.778
14853,16233,58.00,18.978
14861,32893,63.50,20.778
14863,16233,58.00,18.978
14871,32893,63.50,20.778
14873,16233,58.00,18.978
14881,32893,63.50,20.778
14883,16233,58.00,18.978
14891,32893,63.50,20.778
14893,16233,58.00,18.978
14901,32893,63.50,20.778
14903,16233,58.00,18.978
14910,32893,63.50,20.778
14913,16233,58.00,18.978
14921,32893,63.50,20.778
14922,16233,58.00,18.978
14932,32893,63.50,20.778
14933,16233,58.00,18.978
14941,32893,63.50,20.778
14943,16233,58.00,18.978
14951,32893,63.50,20.778
14953,16233,58.00,18.978
14961,32893,63.50,20.778
14963,16233,58.00,18.978
14971,32893,63.50,20.778
14973,16233,58.00,18.978
14981,32893,63.50,20.778
14983,16233,58.00,18.978
14991,32893,63.50,20.778
14992,16233,58.00,18.978
15001,32893,63.50,20.778
15003,16233,58.00,18.978
15010,32893,63.50,20.778
15013,16233,58.00,18.978
15020,32893,63.50,20.778
15023,16233,58.00,18.978
15030,32893,63.50,20.778
15032,16233,58.00,18.978
15040,32893,63.50,20.778
15043,16233,58.00,18.978
15050,32893,63.50,20.778
15052,16233,58.00,18.978
15061,32893,63.50,20.778
15063,16233,58.00,18.978
15070,32893,63.50,20.778
15072,16233,58.00,18.978
15081,32893,63.50,20.778
15083,16233,58.00,18.978
15091,32893,63.50,20.778
15093,16233,58.00,18.978
15101,32893,63.50,20.778
15103,16233,58.00,18.978
15111,32893,63.50,20.778
15113,16233,58.00,18.978
15121,32893,63.50,20.778
15123,16233,58.00,18.978
15130,32893,63.50,20.778
15133,16233,58.00,18.978
15140,32893,63.50,20.778
15142,16233,58.00,18.978
15150,32893,63.50,20.778
15153,16233,58.00,18.978
15161,32893,63.50,20.778
15162,16233,58.00,18.978
15171,32893,63.50,20.778
15173,16233,58.00,18.978
15181,32893,63.50,20.778
15183,16233,58.00,18.978
15190,32893,63.50,20.778
15193,16233,58.00,18.978
15201,32893,63.50,20.778
15203,16233,58.00,18.978
15211,32893,63.50,20.778
15213,16233,58.00,18.978
15220,32893,63.50,20.778
15223,16233,58.00,18.978
15230,32893,63.50,20.778
15233,16233,58.00,18.978
15240,32893,63.50,20.778
15243,16233,58.00,18.978
15250,32893,63.50,20.778
15252,16233,58.00,18.978
15260,32893,63.50,20.778
15263,16233,58.00,18.978
15271,32893,63.50,20.778
15272,16233,58.00,18.978
15280,32893,63.50,20.778
15282,16233,58.00,18.978
15290,32893,63.50,20.778
15293,16233,58.00,18.978
15300,32893,63.50,20.778
15303,16233,58.00,18.978
15311,32893,63.50,20.778
15312,16233,58.00,18.978
15320,32893,63.50,20.778
15323,16233,58.00,18.978
15330,32893,63.50,20.778
15332,16233,58.00,18.978
15340,32893,63.50,20.778
15342,16233,58.00,18.978
15351,32893,63.50,20.778
15353,16233,58.00,18.978
15360,32893,63.50,20.778
15363,16233,58.00,18.978
15370,32893,63.50,20.778
15373,16233,58.00,18.978
15381,32893,63.50,20.778
15383,16233,58.00,18.978
15391,32893,63.50,20.778
15392,16233,58.00,18.978
15401,32893,63.50,20.778
15402,16233,58.00,18.978
15411,32893,63.50,20.778
15413,16233,58.00,18.978
15421,32893,63.50,20.778
15423,16233,58.00,18.978
15430,32893,63.50,20.778
15433,16233,58.00,18.978
15440,32893,63.50,20.778
15442,16233,58.00,18.978
15450,32893,63.50,20.778
15452,16233,58.00,18.978
15460,32893,63.50,20.778
15463,16233,58.00,18.978
15470,32893,63.50,20.778
15472,16233,58.00,18.978
15481,32893,63.50,20.778
15483,16233,58.00,18.978
15491,32893,63.50,20.778
15493,16233,58.00,18.978
15501,32893,63.50,20.778
15503,16233,58.00,18.978
15510,32893,63.50,20.778
15513,16233,58.00,18.978
15521,32893,63.50,20.778
15523,16233,58.00,18.978
15531,32893,63.50,20.778
15532,16233,58.00,18.978
15541,32893,63.50,20.778
15543,16233,58.00,18.978
15550,32893,63.50,20.778
15553,16233,58.00,18.978
15560,32893,63.50,20.778
15563,16233,58.00,18.978
15570,32893,63.50,20.778
15572,16233,58.00,18.978
15580,32893,63.50,20.778
15583,16233,58.00,18.978
15591,32893,63.50,20.778
15593,16233,58.00,18.978
15601,32893,63.50,20.778
15603,16233,58.00,18.978
15610,32893,63.50,20.778
15613,16233,58.00,18.978
15620,32893,63.50,20.778
15623,16233,58.00,18.978
15630,32893,63.50,20.778
15633,16233,58.00,18.978
15641,32893,63.50,20.778
15643,16233,58.00,18.978
15650,32893,63.50,20.778
15652,16233,58.00,18.978
15660,32893,63.50,20.778
15662,16233,58.00,18.978
15670,32893,63.50,20.778
15672,16233,58.00,18.978
15680,32893,63.50,20.778
15683,16233,58.00,18.978
15690,32893,63.50,20.778
15692,16233,58.00,18.978
15700,32893,63.50,20.778
15702,16233,58.00,18.978
15711,32893,63.50,20.778
15713,16233,58.00,18.978
15720,32893,63.50,20.778
15723,16233,58.00,18.978
15730,32893,63.50,20.778
15732,16233,58.00,18.978
15740,32893,63.50,20.778
15743,16233,58.00,18.978
15750,32893,63.50,20.778
15752,16233,58.00,18.978
15760,32893,63.50,20.778
15763,16233,58.00,18.978
15771,32893,63.50,20.778
15773,16233,58.00,18.978
15781,32893,63.50,20.778
15783,16233,58.00,18.978
15790,32893,63.50,20.778
15793,16233,58.00,18.978
15801,32893,63.50,20.778
15803,16233,58.00,18.978
15810,32893,63.50,20.778
15813,16233,58.00,18.978
15821,32893,63.50,20.778
15823,16233,58.00,18.978
15830,32893,63.50,20.778
15833,16233,58.00,18.978
15841,32893,63.50,20.778
15843,16233,58.00,18.978
15850,32893,63.50,20.778
15853,16233,58.00,18.978
15860,32893,63.50,20.778
15863,16233,58.00,18.978
15871,32893,63.50,20.778
15873,16233,58.00,18.978
15881,32893,63.50,20.778
15883,16233,58.00,18.978
15890,32893,63.50,20.778
15892,16233,58.00,18.978
15900,32893,63.50,20.778
15903,16233,58.00,18.978
15910,32893,63.50,20.778
15913,16233,58.00,18.978
15920,32893,63.50,20.778
15923,16233,58.00,18.978
15930,32893,63.50,20.778
15933,16233,58.00,18.978
15941,32893,63.50,20.778
15943,16233,58.00,18.978
15951,32893,63.50,20.778
15953,16233,58.00,18.978
15960,32893,63.50,20.778
15962,16233,58.00,18.978
15970,32893,63.50,20.778
15973,16233,58.00,18.978
15980,32893,63.50,20.778
15983,16233,58.00,18.978
15990,32893,63.50,20.778
15993,16233,58.00,18.978
16001,32893,63.50,20.778
16003,16233,58.00,18.978
16011,32893,63.50,20.778
16012,16233,58.00,18.978
16020,32893,63.50,20.778
16022,16233,58.00,18.978
16030,32893,63.50,20.778
16033,16233,58.00,18.978
16040,32893,63.50,20.778
16043,16233,58.00,18.978
16051,32893,63.50,20.778
16053,16233,58.00,18.978
16060,32893,63.50,20.778
16062,16233,58.00,18.978
16070,32893,63.50,20.778
16073,16233,58.00,18.978
16081,32893,63.50,20.778
16083,16233,58.00,18.978
16091,32893,63.50,20.778
16092,16233,58.00,18.978
16100,32893,63.50,20.778
16103,16233,58.00,18.978
16110,32893,63.50,20.778
16112,16233,58.00,18.978
16120,32893,63.50,20.778
16123,16233,58.00,18.978
16130,32893,63.50,20.778
16133,16233,58.00,18.978
16140,32893,63.50,20.778
16143,16233,58.00,18.978
16150,32893,63.50,20.778
16153,16233,58.00,18.978
16161,32893,63.50,20.778
16163,16233,58.00,18.978
16170,32893,63.50,20.778
16173,16233,58.00,18.978
16180,32893,63.50,20.778
16183,16233,58.00,18.978
16191,32893,63.50,20.778
16192,16233,58.00,18.978
16201,32893,63.50,20.778
16203,16233,58.00,18.978
16210,32893,63.50,20.778
16212,16233,58.00,18.978
16220,32893,63.50,20.778
16223,16233,58.00,18.978
16230,32893,63.50,20.778
16232,16233,58.00,18.978
16240,32893,63.50,20.778
16243,16233,58.00,18.978
16250,32893,63.50,20.778
16253,16233,58.00,18.978
16260,32893,63.50,20.778
16263,16233,58.00,18.978
16270,32893,59.00,19.305
16273,16233,58.00,18.978
16281,32893,59.00,19.305
16283,16233,58.00,18.978
16290,32893,59.00,19.305
16292,16233,58.00,18.978
16300,32893,59.00,19.305
16303,16233,58.00,18.978
16311,32893,59.00,19.305
16313,16233,58.00,18.978
16321,32893,59.00,19.305
16322,16233,58.00,18.978
16330,32893,59.00,19.305
16333,16233,58.00,18.978
16340,32893,59.00,19.305
16342,16233,58.00,18.978
16350,32893,59.00,19.305
16352,16233,58.00,18.978
16360,32893,59.00,19.305
16362,16233,58.00,18.978
16370,32893,59.00,19.305
16372,16233,58.00,18.978
16380,32893,59.00,19.305
16383,16233,58.00,18.978
16390,32893,59.00,19.305
16393,16233,58.00,18.978
16401,32893,59.00,19.305
16402,16233,58.00,18.978
16410,32893,59.00,19.305
16412,16233,58.00,18.978
16421,32893,59.00,19.305
16422,16233,58.00,18.978
16430,32893,59.00,19.305
16433,16233,58.00,18.978
16441,32893,59.00,19.305
16442,16233,58.00,18.978
16450,32893,59.00,19.305
16453,16233,58.00,18.978
16461,32893,59.00,19.305
16463,16233,58.00,18.978
16470,32893,59.00,19.305
16472,16233,58.00,18.978
16481,32893,59.00,19.305
16483,16233,58.00,18.978
16490,32893,59.00,19.305
16492,16233,58.00,18.978
16501,32893,59.00,19.305
16503,16233,58.00,18.978
16510,32893,59.00,19.305
16513,16233,58.00,18.978
16520,32893,59.00,19.305
16523,16233,58.00,18.978
16530,32893,59.00,19.305
16532,16233,58.00,18.978
16541,32893,59.00,19.305
16543,16233,58.00,18.978
16551,32893,59.00,19.305
16553,16233,58.00,18.978
16561,32893,59.00,19.305
16562,16233,58.00,18.978
16570,32893,59.00,19.305
16572,16233,58.00,18.978
16581,32893,59.00,19.305
16583,16233,58.00,18.978
16590,32893,59.00,19.305
16593,16233,58.00,18.978
16601,32893,59.00,19.305
16603,16233,58.00,18.978
16610,32893,59.00,19.305
16613,16233,58.00,18.978
16620,32893,59.00,19.305
16623,16233,58.00,18.978
16630,32893,59.00,19.305
16632,16233,58.00,18.978
16640,32893,59.00,19.305
16643,16233,58.00,18.978
16650,32893,59.00,19.305
16653,16233,58.00,18.978
16660,32893,59.00,19.305
16663,16233,58.00,18.978
16671,32893,59.00,19.305
16673,16233,58.00,18.978
16681,32893,59.00,19.305
16683,16233,58.00,18.978
16690,32893,59.00,19.305
16693,16233,58.00,18.978
16701,32893,59.00,19.305
16703,16233,58.00,18.978
16711,32893,59.00,19.305
16713,16233,58.00,18.978
16721,32893,59.00,19.305
16723,16233,58.00,18.978
16731,32893,59.00,19.305
16733,16233,58.00,18.978
16740,32893,59.00,19.305
16743,16233,58.00,18.978
16750,32893,59.00,19.305
16752,16233,58.00,18.978
16760,32893,59.00,19.305
16762,16233,58.00,18.978
16770,32893,59.00,19.305
16773,16233,58.00,18.978
16780,32893,59.00,19.305
16783,16233,58.00,18.978
16790,32893,59.00,19.305
16793,16233,58.00,18.978
16801,32893,59.00,19.305
16802,16233,58.00,18.978
16811,32893,59.00,19.305
16812,16233,58.00,18.978
16821,32893,59.00,19.305
16822,16233,58.00,18.978
16831,32893,59.00,19.305
16833,16233,58.00,18.978
16840,32893,59.00,19.305
16843,16233,58.00,18.978
16850,32893,59.00,19.305
16853,16233,58.00,18.978
16861,32893,59.00,19.305
16863,16233,58.00,18.978
16871,32893,59.00,19.305
16873,16233,58.00,18.978
16881,32893,59.00,19.305
16883,16233,58.00,18.978
16891,32893,59.00,19.305
16893,16233,58.00,18.978
16900,32893,59.00,19.305
16903,16233,58.00,18.978
16911,32893,59.00,19.305
16913,16233,58.00,18.978
16921,32893,59.00,19.305
16923,16233,58.00,18.978
16931,32893,59.00,19.305
16933,16233,58.00,18.978
16941,32893,59.00,19.305
16942,16233,58.00,18.978
16950,32893,59.00,19.305
16952,16233,58.00,18.978
16960,32893,59.00,19.305
16962,16233,58.00,18.978
16970,32893,59.00,19.305
16972,16233,58.00,18.978
16981,32893,59.00,19.305
16983,16233,58.00,18.978
16990,32893,59.00,19.305
16993,16233,63.50,20.778
17000,32893,59.00,19.305
17003,16233,63.50,20.778
17010,32893,59.00,19.305
17012,16233,63.50,20.778
17020,32893,59.00,19.305
17023,16233,63.50,20.778
17031,32893,59.00,19.305
17032,16233,63.50,20.778
17040,32893,59.00,19.305
17042,16233,63.50,20.778
17051,32893,59.00,19.305
17053,16233,63.50,20.778
17060,32893,59.00,19.305
17063,16233,63.50,20.778
17070,32893,59.00,19.305
17073,16233,63.50,20.778
17081,32893,59.00,19.305
17083,16233,63.50,20.778
17091,32893,59.00,19.305
17092,16233,63.50,20.778
17100,32893,59.00,19.305
17103,16233,63.50,20.778
17110,32893,59.00,19.305
17113,16233,63.50,20.778
17121,32893,59.00,19.305
17123,16233,63.50,20.778
17130,32893,59.00,19.305
17133,16233,63.50,20.778
17141,32893,59.00,19.305
17143,16233,63.50,20.778
17150,32893,59.00,19.305
17152,16233,63.50,20.778
17161,32893,59.00,19.305
17163,16233,63.50,20.778
17170,32893,59.00,19.305
17173,16233,63.50,20.778
17181,32893,59.00,19.305
17183,16233,63.50,20.778
17191,32893,59.00,19.305
17193,16233,63.50,20.778
17200,32893,59.00,19.305
17203,16233,63.50,20.778
17210,32893,59.00,19.305
17213,16233,63.50,20.778
17220,32893,59.00,19.305
17223,16233,63.50,20.778
17231,32893,59.00,19.305
17232,16233,63.50,20.778
17241,32893,59.00,19.305
17243,16233,63.50,20.778
17250,32893,59.00,19.305
17253,16233,63.50,20.778
17261,32893,59.00,19.305
17262,16233,63.50,20.778
17271,32893,59.00,19.305
17272,16233,63.50,20.778
17281,32893,59.00,19.305
17283,16233,63.50,20.778
17290,32893,59.00,19.305
17293,16233,63.50,20.778
17301,32893,59.00,19.305
17303,16233,63.50,20.778
17310,32893,59.00,19.305
17313,16233,63.50,20.778
17321,32893,59.00,19.305
17323,16233,63.50,20.778
17331,32893,59.00,19.305
17332,16233,63.50,20.778
17340,32893,59.00,19.305
17342,16233,63.50,20.778
17351,32893,59.00,19.305
17352,16233,63.50,20.778
17361,32893,59.00,19.305
17363,16233,63.50,20.778
17370,32893,59.00,19.305
17372,16233,63.50,20.778
17381,32893,59.00,19.305
17383,16233,63.50,20.778
17391,32893,59.00,19.305
17393,16233,63.50,20.778
17401,32893,59.00,19.305
17403,16233,63.50,20.778
17411,32893,59.00,19.305
17413,16233,63.50,20.778
17421,32893,59.00,19.305
17423,16233,63.50,20.778
17431,32893,59.00,19.305
17433,16233,63.50,20.778
17441,32893,59.00,19.305
17442,16233,63.50,20.778
17450,32893,59.00,19.305
17452,16233,63.50,20.778
17460,32893,59.00,19.305
17462,16233,63.50,20.778
17471,32893,59.00,19.305
17473,16233,63.50,20.778
17481,32893,59.00,19.305
17483,16233,63.50,20.778
17491,32893,59.00,19.305
17493,16233,63.50,20.778
17500,32893,59.00,19.305
17502,16233,63.50,20.778
17510,32893,59.00,19.305
17512,16233,63.50,20.778
17520,32893,59.00,19.305
17523,16233,63.50,20.778
17530,32893,59.00,19.305
17532,16233,63.50,20.778
17540,32893,59.00,19.305
17542,16233,63.50,20.778
17550,32893,59.00,19.305
17553,16233,63.50,20.778
17560,32893,59.00,19.305
17563,16233,63.50,20.778
17571,32893,59.00,19.305
17573,16233,63.50,20.778
17581,32893,59.00,19.305
17583,16233,63.50,20.778
17590,32893,59.00,19.305
17593,16233,63.50,20.778
17600,32893,59.00,19.305
17603,16233,63.50,20.778
17611,32893,59.00,19.305
17613,16233,63.50,20.778
17620,32893,59.00,19.305
17622,16233,63.50,20.778
17631,32893,59.00,19.305
17633,16233,63.50,20.778
17640,32893,59.00,19.305
17642,16233,63.50,20.778
17650,32893,59.00,19.305
17653,16233,63.50,20.778
17660,32893,59.00,19.305
17663,16233,63.50,20.778
17670,32893,59.00,19.305
17672,16233,63.50,20.778
17680,32893,59.00,19.305
17682,16233,63.50,20.778
17690,32893,59.00,19.305
17693,16233,63.50,20.778
17701,32893,59.00,19.305
17703,16233,63.50,20.778
17711,32893,59.00,19.305
17713,16233,63.50,20.778
17721,32893,59.00,19.305
17723,16233,63.50,20.778
17730,32893,59.00,19.305
17732,16233,63.50,20.778
17741,32893,59.00,19.305
17743,16233,63.50,20.778
17750,32893,59.00,19.305
17753,16233,63.50,20.778
17760,32893,59.00,19.305
17763,16233,63.50,20.778
17770,32893,59.00,19.305
17773,16233,63.50,20.778
17780,32893,59.00,19.305
17783,16233,63.50,20.778
17791,32893,59.00,19.305
17793,16233,63.50,20.778
17801,32893,59.00,19.305
17803,16233,63.50,20.778
17811,32893,59.00,19.305
17813,16233,63.50,20.778
17820,32893,59.00,19.305
17823,16233,63.50,20.778
17830,32893,59.00,19.305
17833,16233,63.50,20.778
17841,32893,59.00,19.305
17842,16233,63.50,20.778
17850,32893,59.00,19.305
17853,16233,63.50,20.778
17861,32893,59.00,19.305
17863,16233,63.50,20.778
17871,32893,59.00,19.305
17873,16233,63.50,20.778
17880,32893,59.00,19.305
17883,16233,63.50,20.778
17891,32893,59.00,19.305
17893,16233,63.50,20.778
17901,32893,59.00,19.305
17903,16233,63.50,20.778
17911,32893,59.00,19.305
17913,16233,63.50,20.778
17921,32893,59.00,19.305
17923,16233,63.50,20.778
17931,32893,59.00,19.305
17933,16233,63.50,20.778
17940,32893,59.00,19.305
17943,16233,63.50,20.778
17951,32893,59.00,19.305
17953,16233,63.50,20.778
17961,32893,59.00,19.305
17963,16233,63.50,20.778
17970,32893,59.00,19.305
17973,16233,63.50,20.778
17981,32893,59.00,19.305
17983,16233,63.50,20.778
17990,32893,59.00,19.305
17993,16233,63.50,20.778
18000,32893,59.00,19.305
18003,16233,63.50,20.778
18010,32893,59.00,19.305
18013,16233,63.50,20.778
18020,32893,59.00,19.305
18023,16233,63.50,20.778
18030,32893,59.00,19.305
18032,16233,63.50,20.778
18040,32893,59.00,19.305
18043,16233,63.50,20.778
18050,32893,59.00,19.305
18052,16233,63.50,20.778
18061,32893,59.00,19.305
18063,16233,63.50,20.778
18070,32893,59.00,19.305
18073,16233,63.50,20.778
18081,32893,59.00,19.305
18083,16233,63.50,20.778
18091,32893,59.00,19.305
18093,16233,63.50,20.778
18101,32893,59.00,19.305
18103,16233,63.50,20.778
18111,32893,59.00,19.305
18113,16233,63.50,20.778
18121,32893,59.00,19.305
18123,16233,63.50,20.778
18131,32893,59.00,19.305
18133,16233,63.50,20.778
18141,32893,59.00,19.305
18143,16233,63.50,20.778
18151,32893,59.00,19.305
18153,16233,63.50,20.778
18160,32893,59.00,19.305
18162,16233,63.50,20.778
18170,32893,59.00,19.305
18173,16233,63.50,20.778
18181,32893,59.00,19.305
18183,16233,63.50,20.778
18191,32893,59.00,19.305
18193,16233,63.50,20.778
18200,32893,59.00,19.305
18203,16233,63.50,20.778
18210,32893,59.00,19.305
18212,16233,63.50,20.778
18220,32893,59.00,19.305
18222,16233,63.50,20.778
18231,32893,59.00,19.305
18232,16233,63.50,20.778
18240,32893,59.00,19.305
18243,16233,63.50,20.778
18251,32893,59.00,19.305
18253,16233,63.50,20.778
18260,32893,59.00,19.305
18263,16233,63.50,20.778
18270,32893,59.00,19.305
18273,16233,63.50,20.778
18281,32893,59.00,19.305
18283,16233,63.50,20.778
18291,32893,59.00,19.305
18293,16233,63.50,20.778
18300,32893,59.00,19.305
18303,16233,63.50,20.778
18311,32893,59.00,19.305
18313,16233,63.50,20.778
18320,32893,59.00,19.305
18323,16233,63.50,20.778
18330,32893,59.00,19.305
18333,16233,63.50,20.778
18341,32893,59.00,19.305
18343,16233,63.50,20.778
18350,32893,59.00,19.305
18352,16233,63.50,20.778
18361,32893,59.00,19.305
18363,16233,63.50,20.778
18371,32893,59.00,19.305
18373,16233,63.50,20.778
18381,32893,59.00,19.305
18383,16233,63.50,20.778
18391,32893,59.00,19.305
18393,16233,63.50,20.778
18401,32893,59.00,19.305
18403,16233,63.50,20.778
18411,32893,59.00,19.305
18413,16233,63.50,20.778
18421,32893,59.00,19.305
18423,16233,63.50,20.778
18431,32893,59.00,19.305
18433,16233,63.50,20.778
18441,32893,59.00,19.305
18443,16233,63.50,20.778
18451,32893,59.00,19.305
18453,16233,63.50,20.778
18461,32893,59.00,19.305
18463,16233,63.50,20.778
18471,32893,59.00,19.305
18473,16233,63.50,20.778
18480,32893,59.00,19.305
18483,16233,63.50,20.778
18490,32893,59.00,19.305
18493,16233,63.50,20.778
18501,32893,59.00,19.305
18503,16233,63.50,20.778
18511,32893,59.00,19.305
18513,16233,63.50,20.778
18521,32893,59.00,19.305
18523,16233,63.50,20.778
18531,32893,59.00,19.305
18533,16233,63.50,20.778
18541,32893,59.00,19.305
18543,16233,63.50,20.778
18551,32893,59.00,19.305
18553,16233,63.50,20.778
18560,32893,59.00,19.305
18563,16233,63.50,20.778
18571,32893,59.00,19.305
18573,16233,63.50,20.778
18581,32893,59.00,19.305
18583,16233,63.50,20.778
18591,32893,59.00,19.305
18593,16233,63.50,20.778
18601,32893,59.00,19.305
18603,16233,63.50,20.778
18611,32893,59.00,19.305
18613,16233,63.50,20.778
18621,32893,59.00,19.305
18623,16233,63.50,20.778
18631,32893,59.00,19.305
18633,16233,63.50,20.778
18641,32893,59.00,19.305
18643,16233,63.50,20.778
18650,32893,59.00,19.305
18652,16233,63.50,20.778
18661,32893,59.00,19.305
18663,16233,63.50,20.778
18670,32893,59.00,19.305
18672,16233,63.50,20.778
18680,32893,59.00,19.305
18682,16233,63.50,20.778
18691,32893,59.00,19.305
18693,16233,63.50,20.778
18700,32893,59.00,19.305
18703,16233,63.50,20.778
18711,32893,59.00,19.305
18713,16233,63.50,20.778
18720,32893,59.00,19.305
18723,16233,63.50,20.778
18731,32893,59.00,19.305
18732,16233,63.50,20.778
18740,32893,59.00,19.305
18742,16233,63.50,20.778
18751,32893,59.00,19.305
18752,16233,63.50,20.778
18760,32893,59.00,19.305
18763,16233,63.50,20.778
18771,32893,59.00,19.305
18772,16233,63.50,20.778
18781,32893,59.00,19.305
18783,16233,63.50,20.778
18791,32893,59.00,19.305
18793,16233,63.50,20.778
18801,32893,59.00,19.305
18803,16233,63.50,20.778
18811,32893,59.00,19.305
18813,16233,63.50,20.778
18821,32893,59.00,19.305
18823,16233,63.50,20.778
18831,32893,59.00,19.305
18833,16233,63.50,20.778
18841,32893,59.00,19.305
18843,16233,63.50,20.778
18851,32893,59.00,19.305
18853,16233,63.50,20.778
18860,32893,59.00,19.305
18862,16233,63.50,20.778
18871,32893,59.00,19.305
18873,16233,63.50,20.778
18881,32893,59.00,19.305
18883,16233,63.50,20.778
18891,32893,59.00,19.305
18893,16233,63.50,20.778
18901,32893,59.00,19.305
18903,16233,63.50,20.778
18911,32893,59.00,19.305
18913,16233,63.50,20.778
18920,32893,59.00,19.305
18923,16233,63.50,20.778
18931,32893,59.00,19.305
18933,16233,63.50,20.778
18941,32893,59.00,19.305
18943,16233,63.50,20.778
18950,32893,59.00,19.305
18953,16233,63.50,20.778
18961,32893,59.00,19.305
18963,16233,63.50,20.778
18971,32893,59.00,19.305
18973,16233,63.50,20.778
18980,32893,59.00,19.305
18982,16233,63.50,20.778
18991,32893,59.00,19.305
18993,16233,63.50,20.778
19000,32893,59.00,19.305
19003,16233,63.50,20.778
19010,32893,59.00,19.305
19012,16233,63.50,20.778
19020,32893,59.00,19.305
19023,16233,63.50,20.778
19030,32893,59.00,19.305
19032,16233,63.50,20.778
19040,32893,59.00,19.305
19043,16233,63.50,20.778
19051,32893,59.00,19.305
19053,16233,63.50,20.778
19061,32893,59.00,19.305
19063,16233,63.50,20.778
19071,32893,59.00,19.305
19073,16233,63.50,20.778
19080,32893,59.00,19.305
19083,16233,63.50,20.778
19091,32893,59.00,19.305
19093,16233,63.50,20.778
19100,32893,59.00,19.305
19103,16233,63.50,20.778
19111,32893,59.00,19.305
19113,16233,63.50,20.778
19121,32893,59.00,19.305
19123,16233,63.50,20.778
19130,32893,59.00,19.305
19132,16233,63.50,20.778
19140,32893,59.00,19.305
19143,16233,63.50,20.778
19150,32893,59.00,19.305
19152,16233,63.50,20.778
19160,32893,59.00,19.305
19162,16233,63.50,20.778
19171,32893,59.00,19.305
19173,16233,63.50,20.778
19180,32893,59.00,19.305
19183,16233,63.50,20.778
19190,32893,59.00,19.305
19192,16233,63.50,20.778
19200,32893,59.00,19.305
19203,16233,63.50,20.778
19211,32893,59.00,19.305
19213,16233,63.50,20.778
19220,32893,59.00,19.305
19223,16233,63.50,20.778
19230,32893,59.00,19.305
19233,16233,63.50,20.778
19241,32893,59.00,19.305
19243,16233,63.50,20.778
19251,32893,59.00,19.305
19253,16233,63.50,20.778
19260,32893,59.00,19.305
19263,16233,63.50,20.778
19271,32893,59.00,19.305
19272,16233,63.50,20.778
19283,16233,63.50,20.778
19284,32893,59.00,19.305
19290,32893,59.00,19.305
19293,16233,63.50,20.778
19300,32893,59.00,19.305
19303,16233,63.50,20.778
19311,32893,59.00,19.305
19313,16233,63.50,20.778
19320,32893,59.00,19.305
19323,16233,63.50,20.778
19330,32893,59.00,19.305
19333,16233,63.50,20.778
19340,32893,59.00,19.305
19343,16233,63.50,20.778
19351,32893,59.00,19.305
19353,16233,63.50,20.778
19361,32893,59.00,19.305
19363,16233,63.50,20.778
19371,32893,59.00,19.305
19373,16233,63.50,20.778
19381,32893,59.00,19.305
19383,16233,63.50,20.778
19391,32893,59.00,19.305
19393,16233,63.50,20.778
19400,32893,59.00,19.305
19403,16233,63.50,20.778
19410,32893,59.00,19.305
19412,16233,63.50,20.778
19421,32893,59.00,19.305
19423,16233,63.50,20.778
19430,32893,59.00,19.305
19433,16233,63.50,20.778
19441,32893,59.00,19.305
19443,16233,63.50,20.778
19451,32893,59.00,19.305
19453,16233,63.50,20.778
19461,32893,59.00,19.305
19463,16233,63.50,20.778
19471,32893,59.00,19.305
19473,16233,63.50,20.778
19481,32893,59.00,19.305
19483,16233,63.50,20.778
19490,32893,59.00,19.305
19493,16233,63.50,20.778
19501,32893,59.00,19.305
19503,16233,63.50,20.778
19511,32893,59.00,19.305
19513,16233,63.50,20.778
19521,32893,59.00,19.305
19523,16233,63.50,20.778
19531,32893,59.00,19.305
19533,16233,63.50,20.778
19541,32893,59.00,19.305
19543,16233,63.50,20.778
19551,32893,59.00,19.305
19552,16233,63.50,20.778
19561,32893,59.00,19.305
19563,16233,63.50,20.778
19570,32893,59.00,19.305
19572,16233,63.50,20.778
19581,32893,59.00,19.305
19582,16233,63.50,20.778
19590,32893,59.00,19.305
19593,16233,63.50,20.778
19601,32893,59.00,19.305
19603,16233,63.50,20.778
19610,32893,59.00,19.305
19613,16233,63.50,20.778
19621,32893,59.00,19.305
19623,16233,63.50,20.778
19630,32893,59.00,19.305
19632,16233,63.50,20.778
19641,32893,59.00,19.305
19642,16233,63.50,20.778
19651,32893,59.00,19.305
19652,16233,63.50,20.778
19660,32893,59.00,19.305
19663,16233,63.50,20.778
19671,32893,59.00,19.305
19673,16233,63.50,20.778
19681,32893,59.00,19.305
19683,16233,63.50,20.778
19690,32893,59.00,19.305
19692,16233,63.50,20.778
19701,32893,59.00,19.305
19703,16233,63.50,20.778
19711,32893,59.00,19.305
19713,16233,63.50,20.778
19721,32893,59.00,19.305
19723,16233,63.50,20.778
19731,32893,59.00,19.305
19733,16233,63.50,20.778
19741,32893,59.00,19.305
19742,16233,63.50,20.778
19750,32893,59.00,19.305
19752,16233,63.50,20.778
19760,32893,59.00,19.305
19762,16233,63.50,20.778
19771,32893,59.00,19.305
19772,16233,63.50,20.778
19781,32893,59.00,19.305
19782,16233,63.50,20.778
19791,32893,59.00,19.305
19793,16233,63.50,20.778
19801,32893,59.00,19.305
19803,16233,63.50,20.778
19811,32893,59.00,19.305
19812,16233,63.50,20.778
19820,32893,59.00,19.305
19823,16233,63.50,20.778
19830,32893,59.00,19.305
19832,16233,63.50,20.778
19841,32893,59.00,19.305
19843,16233,63.50,20.778
19851,32893,59.00,19.305
19853,16233,63.50,20.778
19861,32893,59.00,19.305
19862,16233,63.50,20.778
19871,32893,59.00,19.305
19872,16233,63.50,20.778
19881,32893,59.00,19.305
19883,16233,63.50,20.778
19891,32893,59.00,19.305
19893,16233,63.50,20.778
19901,32893,59.00,19.305
19903,16233,63.50,20.778
19910,32893,59.00,19.305
19912,16233,63.50,20.778
19920,32893,59.00,19.305
19922,16233,63.50,20.778
19931,32893,59.00,19.305
19933,16233,63.50,20.778
19941,32893,59.00,19.305
19943,16233,63.50,20.778
19950,32893,59.00,19.305
19953,16233,63.50,20.778
19961,32893,59.00,19.305
19962,16233,63.50,20.778
19970,32893,59.00,19.305
19972,16233,63.50,20.778
19981,32893,59.00,19.305
19982,16233,63.50,20.778
19992,32893,59.00,19.305
19993,16233,63.50,20.778
20001,32893,59.00,19.305
20003,16233,63.50,20.778
20011,32893,59.00,19.305
20013,16233,63.50,20.778
20021,32893,59.00,19.305
20022,16233,63.50,20.778
20031,32893,59.00,19.305
20033,16233,63.50,20.778
20041,32893,59.00,19.305
20042,16233,63.50,20.778
20050,32893,59.00,19.305
20053,16233,63.50,20.778
20061,32893,59.00,19.305
20063,16233,63.50,20.778
20071,32893,59.00,19.305
20072,16233,63.50,20.778
20081,32893,59.00,19.305
20083,16233,63.50,20.778
20091,32893,59.00,19.305
20092,16233,63.50,20.778
20100,32893,59.00,19.305
20103,16233,63.50,20.778
20111,32893,59.00,19.305
20113,16233,63.50,20.778
20120,32893,59.00,19.305
20123,16233,63.50,20.778
20131,32893,59.00,19.305
20132,16233,63.50,20.778
20141,32893,59.00,19.305
20143,16233,63.50,20.778
20151,32893,59.00,19.305
20152,16233,63.50,20.778
20160,32893,59.00,19.305
20163,16233,63.50,20.778
20170,32893,59.00,19.305
20173,16233,63.50,20.778
20180,32893,59.00,19.305
20182,16233,63.50,20.778
20190,32893,59.00,19.305
20192,16233,63.50,20.778
20201,32893,59.00,19.305
20202,16233,63.50,20.778
20211,32893,59.00,19.305
20213,16233,63.50,20.778
20221,32893,59.00,19.305
20223,16233,63.50,20.778
20230,32893,59.00,19.305
20233,16233,63.50,20.778
20240,32893,59.00,19.305
20243,16233,63.50,20.778
20251,32893,59.00,19.305
20253,16233,63.50,20.778
20261,32893,59.00,19.305
20263,16233,63.50,20.778
20271,32893,59.00,19.305
20273,16233,63.50,20.778
20280,32893,59.00,19.305
20283,16233,63.50,20.778
20291,32893,59.00,19.305
20293,16233,63.50,20.778
20301,32893,59.00,19.305
20303,16233,63.50,20.778
20310,32893,59.00,19.305
20313,16233,63.50,20.778
20321,32893,59.00,19.305
20323,16233,63.50,20.778
20331,32893,59.00,19.305
20333,16233,63.50,20.778
20341,32893,59.00,19.305
20343,16233,63.50,20.778
20351,32893,59.00,19.305
20353,16233,63.50,20.778
20361,32893,59.00,19.305
20363,16233,63.50,20.778
20370,32893,59.00,19.305
20373,16233,63.50,20.778
20381,32893,59.00,19.305
20383,16233,63.50,20.778
20390,32893,59.00,19.305
20392,16233,63.50,20.778
20400,32893,59.00,19.305
20403,16233,63.50,20.778
20410,32893,59.00,19.305
20413,16233,63.50,20.778
20421,32893,59.00,19.305
20423,16233,63.50,20.778
20431,32893,59.00,19.305
20433,16233,63.50,20.778
20441,32893,59.00,19.305
20443,16233,63.50,20.778
20451,32893,59.00,19.305
20453,16233,63.50,20.778
20461,32893,59.00,19.305
20463,16233,63.50,20.778
20471,32893,59.00,19.305
20473,16233,63.50,20.778
20480,32893,59.00,19.305
20483,16233,63.50,20.778
20490,32893,59.00,19.305
20492,16233,63.50,20.778
20500,32893,59.00,19.305
20503,16233,63.50,20.778
20511,32893,59.00,19.305
20512,16233,63.50,20.778
20520,32893,59.00,19.305
20523,16233,63.50,20.778
20531,32893,59.00,19.305
20533,16233,63.50,20.778
20541,32893,59.00,19.305
20543,16233,63.50,20.778
20551,32893,59.00,19.305
20553,16233,63.50,20.778
20561,32893,59.00,19.305
20563,16233,63.50,20.778
20571,32893,59.00,19.305
20573,16233,63.50,20.778
20581,32893,59.00,19.305
20583,16233,63.50,20.778
20590,32893,59.00,19.305
20593,16233,63.50,20.778
20601,32893,59.00,19.305
20603,16233,63.50,20.778
20611,32893,59.00,19.305
20613,16233,63.50,20.778
20621,32893,59.00,19.305
20623,16233,63.50,20.778
20630,32893,59.00,19.305
20633,16233,63.50,20.778
20641,32893,59.00,19.305
20643,16233,63.50,20.778
20651,32893,59.00,19.305
20652,16233,63.50,20.778
20660,32893,59.00,19.305
20663,16233,63.50,20.778
20670,32893,59.00,19.305
20672,16233,63.50,20.778
20681,32893,59.00,19.305
20682,16233,63.50,20.778
20690,32893,59.00,19.305
20693,16233,63.50,20.778
20701,32893,59.00,19.305
20703,16233,63.50,20.778
20710,32893,59.00,19.305
20713,16233,63.50,20.778
20721,32893,59.00,19.305
20723,16233,63.50,20.778
20730,32893,59.00,19.305
20733,16233,63.50,20.778
20740,32893,59.00,19.305
20743,16233,63.50,20.778
20751,32893,59.00,19.305
20752,16233,63.50,20.778
20760,32893,59.00,19.305
20763,16233,63.50,20.778
20771,32893,59.00,19.305
20773,16233,63.50,20.778
20780,32893,59.00,19.305
20783,16233,63.50,20.778
20791,32893,59.00,19.305
20793,16233,63.50,20.778
20800,32893,59.00,19.305
20802,16233,63.50,20.778
20811,32893,59.00,19.305
20813,16233,63.50,20.778
20821,32893,59.00,19.305
20822,16233,63.50,20.778
20831,32893,59.00,19.305
20833,16233,63.50,20.778
20841,32893,59.00,19.305
20843,16233,63.50,20.778
20851,32893,59.00,19.305
20853,16233,63.50,20.778
20860,32893,63.50,20.778
20862,16233,63.50,20.778
20871,32893,63.50,20.778
20873,16233,63.50,20.778
20881,32893,63.50,20.778
20882,16233,63.50,20.778
20891,32893,63.50,20.778
20892,16233,63.50,20.778
20900,32893,63.50,20.778
20903,16233,63.50,20.778
20911,32893,63.50,20.778
20912,16233,63.50,20.778
20921,32893,63.50,20.778
20923,16233,63.50,20.778
20931,32893,63.50,20.778
20933,16233,63.50,20.778
20941,32893,63.50,20.778
20943,16233,63.50,20.778
20951,32893,63.50,20.778
20952,16233,63.50,20.778
20960,32893,63.50,20.778
20963,16233,63.50,20.778
20971,32893,63.50,20.778
20973,16233,63.50,20.778
20981,32893,63.50,20.778
20982,16233,63.50,20.778
20990,32893,63.50,20.778
20992,16233,63.50,20.778
21001,32893,63.50,20.778
21003,16233,63.50,20.778
21011,32893,63.50,20.778
21012,16233,63.50,20.778
21021,32893,63.50,20.778
21022,16233,63.50,20.778
21031,32893,63.50,20.778
21033,16233,63.50,20.778
21041,32893,63.50,20.778
21042,16233,63.50,20.778
21050,32893,63.50,20.778
21052,16233,63.50,20.778
21060,32893,63.50,20.778
21063,16233,63.50,20.778
21071,32893,63.50,20.778
21072,16233,63.50,20.778
21080,32893,63.50,20.778
21082,16233,63.50,20.778
21091,32893,63.50,20.778
21093,16233,63.50,20.778
21101,32893,63.50,20.778
21103,16233,63.50,20.778
21111,32893,63.50,20.778
21113,16233,63.50,20.778
21120,32893,63.50,20.778
21122,16233,63.50,20.778
21131,32893,63.50,20.778
21132,16233,63.50,20.778
21141,32893,63.50,20.778
21143,16233,63.50,20.778
21151,32893,63.50,20.778
21152,16233,63.50,20.778
21161,32893,63.50,20.778
21162,16233,63.50,20.778
21171,32893,63.50,20.778
21173,16233,63.50,20.778
21180,32893,63.50,20.778
21183,16233,63.50,20.778
21191,32893,63.50,20.778
21193,16233,63.50,20.778
21200,32893,63.50,20.778
21202,16233,63.50,20.778
21211,32893,63.50,20.778
21213,16233,63.50,20.778
21221,32893,63.50,20.778
21223,16233,63.50,20.778
21231,32893,63.50,20.778
21232,16233,63.50,20.778
21241,32893,63.50,20.778
21243,16233,63.50,20.778
21251,32893,63.50,20.778
21253,16233,63.50,20.778
21261,32893,63.50,20.778
21263,16233,63.50,20.778
21271,32893,63.50,20.778
21273,16233,63.50,20.778
21280,32893,63.50,20.778
21283,16233,63.50,20.778
21291,32893,63.50,20.778
21292,16233,63.50,20.778
21301,32893,63.50,20.778
21303,16233,63.50,20.778
21311,32893,63.50,20.778
21313,16233,63.50,20.778
21321,32893,63.50,20.778
21323,16233,63.50,20.778
21331,32893,63.50,20.778
21333,16233,63.50,20.778
21341,32893,63.50,20.778
21343,16233,63.50,20.778
21350,32893,63.50,20.778
21352,16233,63.50,20.778
21360,32893,63.50,20.778
21362,16233,63.50,20.778
21371,32893,63.50,20.778
21373,16233,63.50,20.778
21381,32893,63.50,20.778
21383,16233,63.50,20.778
21391,32893,63.50,20.778
21393,16233,63.50,20.778
21400,32893,63.50,20.778
21403,16233,63.50,20.778
21411,32893,63.50,20.778
21413,16233,63.50,20.778
21421,32893,63.50,20.778
21422,16233,63.50,20.778
21430,32893,63.50,20.778
21432,16233,63.50,20.778
21440,32893,63.50,20.778
21443,16233,63.50,20.778
21451,32893,63.50,20.778
21453,16233,63.50,20.778
21460,32893,63.50,20.778
21462,16233,63.50,20.778
21471,32893,63.50,20.778
21472,16233,63.50,20.778
21481,32893,63.50,20.778
21483,16233,63.50,20.778
21490,32893,63.50,20.778
21493,16233,63.50,20.778
21501,32893,63.50,20.778
21503,16233,63.50,20.778
21511,32893,63.50,20.778
21513,16233,63.50,20.778
21521,32893,63.50,20.778
21523,16233,63.50,20.778
21531,32893,63.50,20.778
21532,16233,63.50,20.778
21541,32893,63.50,20.778
21543,16233,63.50,20.778
21551,32893,63.50,20.778
21553,16233,63.50,20.778
21561,32893,63.50,20.778
21563,16233,63.50,20.778
21571,32893,63.50,20.778
21573,16233,63.50,20.778
21581,32893,63.50,20.778
21583,16233,63.50,20.778
21591,32893,63.50,20.778
21593,16233,63.50,20.778
21601,32893,63.50,20.778
21603,16233,63.50,20.778
21611,32893,63.50,20.778
21613,16233,63.50,20.778
21621,32893,63.50,20.778
21623,16233,63.50,20.778
21631,32893,63.50,20.778
21633,16233,63.50,20.778
21641,32893,63.50,20.778
21643,16233,63.50,20.778
21651,32893,63.50,20.778
21653,16233,63.50,20.778
21660,32893,63.50,20.778
21663,16233,63.50,20.778
21671,32893,63.50,20.778
21673,16233,63.50,20.778
21680,32893,63.50,20.778
21683,16233,63.50,20.778
21690,32893,63.50,20.778
21693,16233,63.50,20.778
21701,32893,63.50,20.778
21703,16233,63.50,20.778
21710,32893,63.50,20.778
21712,16233,63.50,20.778
21721,32893,63.50,20.778
21722,16233,63.50,20.778
21730,32893,63.50,20.778
21733,16233,63.50,20.778
21741,32893,63.50,20.778
21743,16233,63.50,20.778
21751,32893,63.50,20.778
21753,16233,63.50,20.778
21761,32893,63.50,20.778
21763,16233,63.50,20.778
21772,32893,63.50,20.778
21773,16233,63.50,20.778
21781,32893,63.50,20.778
21783,16233,63.50,20.778
21791,32893,63.50,20.778
21793,16233,63.50,20.778
21801,32893,63.50,20.778
21803,16233,63.50,20.778
21810,32893,63.50,20.778
21812,16233,63.50,20.778
21821,32893,63.50,20.778
21823,16233,63.50,20.778
21831,32893,63.50,20.778
21833,16233,63.50,20.778
21840,32893,63.50,20.778
21843,16233,63.50,20.778
21850,32893,63.50,20.778
21852,16233,63.50,20.778
21860,32893,63.50,20.778
21863,16233,63.50,20.778
21871,32893,63.50,20.778
21872,16233,63.50,20.778
21880,32893,63.50,20.778
21883,16233,63.50,20.778
21890,32893,63.50,20.778
21893,16233,63.50,20.778
21900,32893,63.50,20.778
21903,16233,63.50,20.778
21911,32893,63.50,20.778
21913,16233,63.50,20.778
21921,32893,63.50,20.778
21923,16233,63.50,20.778
21931,32893,63.50,20.778
21932,16233,63.50,20.778
21940,32893,63.50,20.778
21943,16233,63.50,20.778
21951,32893,63.50,20.778
21952,16233,63.50,20.778
21961,32893,63.50,20.778
21963,16233,63.50,20.778
21971,32893,63.50,20.778
21972,16233,63.50,20.778
21981,32893,63.50,20.778
21983,16233,63.50,20.778
21991,32893,63.50,20.778
21993,16233,63.50,20.778
22001,32893,63.50,20.778
22003,16233,63.50,20.778
22011,32893,63.50,20.778
22013,16233,63.50,20.778
22021,32893,63.50,20.778
22023,16233,63.50,20.778
22031,32893,63.50,20.778
22033,16233,63.50,20.778
22040,32893,63.50,20.778
22043,16233,63.50,20.778
22051,32893,63.50,20.778
22053,16233,63.50,20.778
22060,32893,63.50,20.778
22063,16233,63.50,20.778
22071,32893,63.50,20.778
22072,16233,63.50,20.778
22081,32893,63.50,20.778
22083,16233,63.50,20.778
22090,32893,63.50,20.778
22092,16233,63.50,20.778
22100,32893,63.50,20.778
22103,16233,63.50,20.778
22111,32893,63.50,20.778
22112,16233,63.50,20.778
22120,32893,63.50,20.778
22123,16233,63.50,20.778
22131,32893,63.50,20.778
22133,16233,63.50,20.778
22141,32893,63.50,20.778
22143,16233,63.50,20.778
22150,32893,63.50,20.778
22152,16233,63.50,20.778
22161,32893,63.50,20.778
22163,16233,63.50,20.778
22170,32893,63.50,20.778
22173,16233,63.50,20.778
22181,32893,63.50,20.778
22183,16233,63.50,20.778
22191,32893,63.50,20.778
22193,16233,63.50,20.778
22201,32893,63.50,20.778
22203,16233,63.50,20.778
22211,32893,63.50,20.778
22213,16233,63.50,20.778
22221,32893,63.50,20.778
22223,16233,63.50,20.778
22230,32893,63.50,20.778
22232,16233,63.50,20.778
22241,32893,63.50,20.778
22243,16233,63.50,20.778
22251,32893,63.50,20.778
22252,16233,63.50,20.778
22260,32893,63.50,20.778
22263,16233,63.50,20.778
22271,32893,63.50,20.778
22273,16233,63.50,20.778
22281,32893,63.50,20.778
22283,16233,63.50,20.778
22291,32893,63.50,20.778
22293,16233,63.50,20.778
22300,32893,63.50,20.778
22303,16233,63.50,20.778
22310,32893,63.50,20.778
22313,16233,63.50,20.778
22320,32893,63.50,20.778
22323,16233,63.50,20.778
22330,32893,63.50,20.778
22332,16233,63.50,20.778
22340,32893,63.50,20.778
22343,16233,63.50,20.778
22351,32893,63.50,20.778
22352,16233,63.50,20.778
22360,32893,63.50,20.778
22363,16233,63.50,20.778
22370,32893,63.50,20.778
22372,16233,63.50,20.778
22381,32893,63.50,20.778
22383,16233,63.50,20.778
22390,32893,63.50,20.778
22393,16233,63.50,20.778
22401,32893,63.50,20.778
22402,16233,63.50,20.778
22410,32893,63.50,20.778
22412,16233,63.50,20.778
22421,32893,63.50,20.778
22423,16233,63.50,20.778
22430,32893,63.50,20.778
22432,16233,63.50,20.778
22441,32893,63.50,20.778
22443,16233,63.50,20.778
22451,32893,63.50,20.778
22452,16233,63.50,20.778
22460,32893,63.50,20.778
22462,16233,63.50,20.778
22471,32893,63.50,20.778
22473,16233,63.50,20.778
22481,32893,63.50,20.778
22483,16233,63.50,20.778
22491,32893,63.50,20.778
22493,16233,63.50,20.778
22500,32893,63.50,20.778
22503,16233,63.50,20.778
22510,32893,63.50,20.778
22513,16233,63.50,20.778
22520,32893,63.50,20.778
22523,16233,63.50,20.778
22530,32893,63.50,20.778
22533,16233,63.50,20.778
22540,32893,63.50,20.778
22542,16233,63.50,20.778
22550,32893,63.50,20.778
22553,16233,63.50,20.778
22561,32893,63.50,20.778
22563,16233,63.50,20.778
22571,32893,63.50,20.778
22573,16233,63.50,20.778
22580,32893,63.50,20.778
22582,16233,63.50,20.778
22590,32893,63.50,20.778
22593,16233,63.50,20.778
22601,32893,63.50,20.778
22603,16233,63.50,20.778
22611,32893,63.50,20.778
22612,16233,63.50,20.778
22620,32893,63.50,20.778
22623,16233,63.50,20.778
22631,32893,63.50,20.778
22632,16233,63.50,20.778
22641,32893,63.50,20.778
22642,16233,63.50,20.778
22650,32893,63.50,20.778
22653,16233,63.50,20.778
22661,32893,63.50,20.778
22663,16233,63.50,20.778
22671,32893,63.50,20.778
22673,16233,63.50,20.778
22681,32893,63.50,20.778
22683,16233,63.50,20.778
22691,32893,63.50,20.778
22693,16233,63.50,20.778
22701,32893,63.50,20.778
22703,16233,63.50,20.778
22710,32893,63.50,20.778
22712,16233,63.50,20.778
22720,32893,63.50,20.778
22723,16233,63.50,20.778
22731,32893,63.50,20.778
22733,16233,63.50,20.778
22741,32893,63.50,20.778
22742,16233,63.50,20.778
22751,32893,63.50,20.778
22753,16233,63.50,20.778
22761,32893,63.50,20.778
22763,16233,63.50,20.778
22771,32893,63.50,20.778
22772,16233,63.50,20.778
22781,32893,63.50,20.778
22783,16233,63.50,20.778
22791,32893,63.50,20.778
22793,16233,63.50,20.778
22801,32893,63.50,20.778
22803,16233,63.50,20.778
22811,32893,63.50,20.778
22812,16233,63.50,20.778
22821,32893,63.50,20.778
22822,16233,63.50,20.778
22831,32893,63.50,20.778
22833,16233,63.50,20.778
22840,32893,63.50,20.778
22842,16233,63.50,20.778
22851,32893,63.50,20.778
22852,16233,63.50,20.778
22861,32893,63.50,20.778
22862,16233,63.50,20.778
22871,32893,63.50,20.778
22873,16233,63.50,20.778
22880,32893,63.50,20.778
22882,16233,63.50,20.778
22891,32893,63.50,20.778
22892,16233,63.50,20.778
22901,32893,63.50,20.778
22903,16233,63.50,20.778
22910,32893,63.50,20.778
22912,16233,63.50,20.778
22920,32893,63.50,20.778
22922,16233,63.50,20.778
22930,32893,63.50,20.778
22932,16233,63.50,20.778
22941,32893,63.50,20.778
22943,16233,63.50,20.778
22950,32893,63.50,20.778
22952,16233,63.50,20.778
22961,32893,63.50,20.778
22963,16233,63.50,20.778
22970,32893,63.50,20.778
22972,16233,63.50,20.778
22980,32893,63.50,20.778
22983,16233,63.50,20.778
22990,32893,63.50,20.778
22993,16233,63.50,20.778
23001,32893,63.50,20.778
23003,16233,63.50,20.778
23010,32893,63.50,20.778
23012,16233,63.50,20.778
23020,32893,63.50,20.778
23023,16233,63.50,20.778
23030,32893,63.50,20.778
23033,16233,63.50,20.778
23041,32893,63.50,20.778
23043,16233,63.50,20.778
23050,32893,63.50,20.778
23052,16233,63.50,20.778
23060,32893,63.50,20.778
23063,16233,63.50,20.778
23071,32893,63.50,20.778
23073,16233,63.50,20.778
23081,32893,63.50,20.778
23083,16233,63.50,20.778
23091,32893,63.50,20.778
23092,16233,63.50,20.778
23101,32893,63.50,20.778
23102,16233,63.50,20.778
23111,32893,63.50,20.778
23113,16233,63.50,20.778
23120,32893,63.50,20.778
23122,16233,63.50,20.778
23131,32893,63.50,20.778
23133,16233,63.50,20.778
23140,32893,63.50,20.778
23143,16233,63.50,20.778
23151,32893,63.50,20.778
23153,16233,63.50,20.778
23161,32893,63.50,20.778
23163,16233,63.50,20.778
23171,32893,63.50,20.778
23173,16233,63.50,20.778
23181,32893,63.50,20.778
23183,16233,63.50,20.778
23190,32893,63.50,20.778
23192,16233,63.50,20.778
23201,32893,63.50,20.778
23203,16233,63.50,20.778
23210,32893,63.50,20.778
23212,16233,63.50,20.778
23220,32893,63.50,20.778
23223,16233,63.50,20.778
23231,32893,63.50,20.778
23233,16233,63.50,20.778
23241,32893,63.50,20.778
23243,16233,63.50,20.778
23251,32893,63.50,20.778
23253,16233,63.50,20.778
23261,32893,63.50,20.778
23262,16233,63.50,20.778
23271,32893,63.50,20.778
23273,16233,63.50,20.778
23280,32893,63.50,20.778
23283,16233,63.50,20.778
23291,32893,63.50,20.778
23293,16233,63.50,20.778
23300,32893,63.50,20.778
23302,16233,63.50,20.778
23311,32893,63.50,20.778
23312,16233,63.50,20.778
23321,32893,63.50,20.778
23323,16233,63.50,20.778
23330,32893,63.50,20.778
23333,16233,63.50,20.778
23341,32893,63.50,20.778
23343,16233,63.50,20.778
23350,32893,63.50,20.778
23352,16233,63.50,20.778
23361,32893,63.50,20.778
23362,16233,63.50,20.778
23371,32893,63.50,20.778
23373,16233,63.50,20.778
23380,32893,63.50,20.778
23383,16233,63.50,20.778
23391,32893,63.50,20.778
23393,16233,63.50,20.778
23401,32893,63.50,20.778
23403,16233,63.50,20.778
23411,32893,63.50,20.778
23413,16233,63.50,20.778
23421,32893,63.50,20.778
23423,16233,63.50,20.778
23431,32893,63.50,20.778
23432,16233,63.50,20.778
23441,32893,63.50,20.778
23443,16233,63.50,20.778
23451,32893,63.50,20.778
23453,16233,63.50,20.778
23461,32893,63.50,20.778
23463,16233,63.50,20.778
23470,32893,63.50,20.778
23473,16233,63.50,20.778
23481,32893,63.50,20.778
23483,16233,63.50,20.778
23490,32893,63.50,20.778
23492,16233,63.50,20.778
23501,32893,63.50,20.778
23502,16233,63.50,20.778
23511,32893,63.50,20.778
23512,16233,63.50,20.778
23520,32893,63.50,20.778
23523,16233,63.50,20.778
23530,32893,63.50,20.778
23532,16233,63.50,20.778
23540,32893,63.50,20.778
23543,16233,63.50,20.778
23550,32893,63.50,20.778
23552,16233,63.50,20.778
23560,32893,63.50,20.778
23563,16233,63.50,20.778
23571,32893,63.50,20.778
23573,16233,63.50,20.778
23581,32893,63.50,20.778
23583,16233,63.50,20.778
23591,32893,63.50,20.778
23592,16233,63.50,20.778
23602,32893,63.50,20.778
23603,16233,63.50,20.778
23611,32893,63.50,20.778
23612,16233,63.50,20.778
23621,32893,63.50,20.778
23623,16233,63.50,20.778
23631,32893,63.50,20.778
23633,16233,63.50,20.778
23641,32893,63.50,20.778
23643,16233,63.50,20.778
23650,32893,63.50,20.778
23653,16233,63.50,20.778
23661,32893,63.50,20.778
23662,16233,63.50,20.778
23670,32893,63.50,20.778
23673,16233,63.50,20.778
23680,32893,63.50,20.778
23683,16233,63.50,20.778
23690,32893,63.50,20.778
23692,16233,63.50,20.778
23701,32893,63.50,20.778
23703,16233,63.50,20.778
23711,32893,63.50,20.778
23712,16233,63.50,20.778
23721,32893,63.50,20.778
23723,16233,63.50,20.778
23731,32893,63.50,20.778
23733,16233,63.50,20.778
23741,32893,63.50,20.778
23743,16233,63.50,20.778
23751,32893,63.50,20.778
23752,16233,63.50,20.778
23760,32893,63.50,20.778
23763,16233,63.50,20.778
23770,32893,63.50,20.778
23773,16233,63.50,20.778
23780,32893,63.50,20.778
23783,16233,63.50,20.778
23790,32893,63.50,20.778
23793,16233,63.50,20.778
23800,32893,63.50,20.778
23802,16233,63.50,20.778
23811,32893,63.50,20.778
23813,16233,63.50,20.778
23821,32893,63.50,20.778
23823,16233,63.50,20.778
23831,32893,63.50,20.778
23833,16233,63.50,20.778
23841,32893,63.50,20.778
23842,16233,63.50,20.778
23850,32893,63.50,20.778
23852,16233,63.50,20.778
23860,32893,63.50,20.778
23862,16233,63.50,20.778
23871,32893,63.50,20.778
23873,16233,63.50,20.778
23881,32893,63.50,20.778
23882,16233,63.50,20.778
23891,32893,63.50,20.778
23893,16233,63.50,20.778
23900,32893,63.50,20.778
23903,16233,63.50,20.778
23911,32893,63.50,20.778
23913,16233,63.50,20.778
23921,32893,63.50,20.778
23923,16233,63.50,20.778
23931,32893,63.50,20.778
23933,16233,63.50,20.778
23940,32893,63.50,20.778
23942,16233,63.50,20.778
23951,32893,63.50,20.778
23953,16233,63.50,20.778
23960,32893,63.50,20.778
23962,16233,63.50,20.778
23970,32893,63.50,20.778
23973,16233,63.50,20.778
23980,32893,63.50,20.778
23983,16233,63.50,20.778
23990,32893,63.50,20.778
23993,16233,63.50,20.778
24001,32893,63.50,20.778
24003,16233,63.50,20.778
24010,32893,63.50,20.778
24013,16233,63.50,20.778
24020,32893,63.50,20.778
24023,16233,63.50,20.778
24030,32893,63.50,20.778
24033,16233,63.50,20.778
24040,32893,63.50,20.778
24043,16233,63.50,20.778
24050,32893,63.50,20.778
24053,16233,63.50,20.778
24061,32893,63.50,20.778
24063,16233,63.50,20.778
24070,32893,63.50,20.778
24072,16233,63.50,20.778
24080,32893,63.50,20.778
24082,16233,63.50,20.778
24091,32893,63.50,20.778
24093,16233,63.50,20.778
24101,32893,63.50,20.778
24102,16233,63.50,20.778
24110,32893,63.50,20.778
24113,16233,63.50,20.778
24121,32893,63.50,20.778
24123,16233,63.50,20.778
24130,32893,63.50,20.778
24133,16233,63.50,20.778
24140,32893,63.50,20.778
24143,16233,63.50,20.778
24150,32893,63.50,20.778
24152,16233,63.50,20.778
24160,32893,63.50,20.778
24162,16233,63.50,20.778
24170,32893,63.50,20.778
24172,16233,63.50,20.778
24180,32893,63.50,20.778
24182,16233,63.50,20.778
24191,32893,63.50,20.778
24193,16233,63.50,20.778
24200,32893,63.50,20.778
24202,16233,63.50,20.778
24211,32893,63.50,20.778
24213,16233,63.50,20.778
24220,32893,63.50,20.778
24223,16233,63.50,20.778
24231,32893,63.50,20.778
24232,16233,63.50,20.778
24241,32893,63.50,20.778
24243,16233,63.50,20.778
24250,32893,63.50,20.778
24253,16233,63.50,20.778
24261,32893,63.50,20.778
24263,16233,63.50,20.778
24271,32893,63.50,20.778
24273,16233,63.50,20.778
24281,32893,63.50,20.778
24283,16233,63.50,20.778
24291,32893,63.50,20.778
24293,16233,63.50,20.778
24301,32893,63.50,20.778
24303,16233,63.50,20.778
24311,32893,63.50,20.778
24313,16233,63.50,20.778
24320,32893,63.50,20.778
24323,16233,63.50,20.778
24331,32893,63.50,20.778
24333,16233,63.50,20.778
24341,32893,63.50,20.778
24343,16233,63.50,20.778
24351,32893,63.50,20.778
24353,16233,63.50,20.778
24361,32893,63.50,20.778
24363,16233,63.50,20.778
24371,32893,63.50,20.778
24373,16233,63.50,20.778
24381,32893,63.50,20.778
24383,16233,63.50,20.778
24390,32893,63.50,20.778
24393,16233,63.50,20.778
24401,32893,63.50,20.778
24403,16233,63.50,20.778
24410,32893,63.50,20.778
24413,16233,63.50,20.778
24421,32893,63.50,20.778
24422,16233,63.50,20.778
24431,32893,63.50,20.778
24433,16233,63.50,20.778
24441,32893,63.50,20.778
24443,16233,63.50,20.778
24450,32893,63.50,20.778
24453,16233,63.50,20.778
24461,32893,63.50,20.778
24463,16233,63.50,20.778
24471,32893,63.50,20.778
24473,16233,63.50,20.778
24481,32893,63.50,20.778
24483,16233,63.50,20.778
24490,32893,63.50,20.778
24493,16233,63.50,20.778
24501,32893,63.50,20.778
24503,16233,63.50,20.778
24510,32893,63.50,20.778
24513,16233,63.50,20.778
24520,32893,63.50,20.778
24523,16233,63.50,20.778
24530,32893,63.50,20.778
24533,16233,63.50,20.778
24541,32893,63.50,20.778
24543,16233,63.50,20.778
24551,32893,63.50,20.778
24553,16233,63.50,20.778
24561,32893,63.50,20.778
24563,16233,63.50,20.778
24570,32893,63.50,20.778
24573,16233,63.50,20.778
24581,32893,63.50,20.778
24583,16233,63.50,20.778
24590,32893,63.50,20.778
24593,16233,63.50,20.778
24600,32893,63.50,20.778
24603,16233,63.50,20.778
24611,32893,63.50,20.778
24612,16233,63.50,20.778
24620,32893,63.50,20.778
24623,16233,63.50,20.778
24631,32893,63.50,20.778
24633,16233,63.50,20.778
24640,32893,63.50,20.778
24643,16233,63.50,20.778
24651,32893,63.50,20.778
24653,16233,63.50,20.778
24661,32893,63.50,20.778
24663,16233,63.50,20.778
24670,32893,63.50,20.778
24672,16233,63.50,20.778
24681,32893,63.50,20.778
24683,16233,63.50,20.778
24690,32893,63.50,20.778
24693,16233,63.50,20.778
24700,32893,63.50,20.778
24703,16233,63.50,20.778
24711,32893,63.50,20.778
24713,16233,63.50,20.778
24721,32893,63.50,20.778
24723,16233,63.50,20.778
24731,32893,63.50,20.778
24733,16233,63.50,20.778
24741,32893,63.50,20.778
24743,16233,63.50,20.778
24751,32893,63.50,20.778
24753,16233,63.50,20.778
24761,32893,63.50,20.778
24763,16233,63.50,20.778
24771,32893,63.50,20.778
24773,16233,63.50,20.778
24782,32893,63.50,20.778
24783,16233,63.50,20.778
24791,32893,63.50,20.778
24793,16233,63.50,20.778
24801,32893,63.50,20.778
24803,16233,63.50,20.778
24811,32893,63.50,20.778
24813,16233,63.50,20.778
24821,32893,63.50,20.778
24823,16233,63.50,20.778
24830,32893,63.50,20.778
24833,16233,63.50,20.778
24841,32893,63.50,20.778
24843,16233,63.50,20.778
24851,32893,63.50,20.778
24853,16233,63.50,20.778
24861,32893,63.50,20.778
24863,16233,63.50,20.778
24871,32893,63.50,20.778
24873,16233,63.50,20.778
24880,32893,63.50,20.778
24883,16233,63.50,20.778
24891,32893,63.50,20.778
24893,16233,63.50,20.778
24901,32893,63.50,20.778
24903,16233,63.50,20.778
24911,32893,63.50,20.778
24913,16233,63.50,20.778
24920,32893,63.50,20.778
24923,16233,63.50,20.778
24930,32893,63.50,20.778
24933,16233,63.50,20.778
24940,32893,63.50,20.778
24943,16233,63.50,20.778
24951,32893,63.50,20.778
24953,16233,63.50,20.778
24961,32893,63.50,20.778
24963,16233,63.50,20.778
24971,32893,63.50,20.778
24973,16233,63.50,20.778
24981,32893,63.50,20.778
24983,16233,63.50,20.778
24991,32893,63.50,20.778
24993,16233,63.50,20.778
25001,32893,63.50,20.778
25003,16233,63.50,20.778
25011,32893,63.50,20.778
25013,16233,63.50,20.778
25021,32893,63.50,20.778
25023,16233,63.50,20.778
25031,32893,63.50,20.778
25033,16233,63.50,20.778
25041,32893,63.50,20.778
25043,16233,63.50,20.778
25051,32893,63.50,20.778
25053,16233,63.50,20.778
25061,32893,63.50,20.778
25063,16233,63.50,20.778
25071,32893,63.50,20.778
25073,16233,63.50,20.778
25081,32893,63.50,20.778
25083,16233,63.50,20.778
25091,32893,63.50,20.778
25093,16233,63.50,20.778
25101,32893,63.50,20.778
25103,16233,63.50,20.778
25111,32893,63.50,20.778
25113,16233,63.50,20.778
25121,32893,63.50,20.778
25123,16233,63.50,20.778
25131,32893,63.50,20.778
25133,16233,63.50,20.778
25140,32893,63.50,20.778
25143,16233,63.50,20.778
25151,32893,63.50,20.778
25153,16233,63.50,20.778
25161,32893,63.50,20.778
25163,16233,63.50,20.778
25171,32893,63.50,20.778
25173,16233,63.50,20.778
25181,32893,63.50,20.778
25183,16233,63.50,20.778
25192,32893,63.50,20.778
25193,16233,63.50,20.778
25201,32893,63.50,20.778
25203,16233,63.50,20.778
25211,32893,63.50,20.778
25212,16233,63.50,20.778
25221,32893,63.50,20.778
25223,16233,63.50,20.778
25231,32893,63.50,20.778
25233,16233,63.50,20.778
25241,32893,63.50,20.778
25243,16233,63.50,20.778
25251,32893,63.50,20.778
25253,16233,63.50,20.778
25261,32893,63.50,20.778
25263,16233,63.50,20.778
25271,32893,63.50,20.778
25273,16233,63.50,20.778
25281,32893,63.50,20.778
25283,16233,63.50,20.778
25290,32893,63.50,20.778
25292,16233,63.50,20.778
25301,32893,63.50,20.778
25302,16233,63.50,20.778
25311,32893,63.50,20.778
25312,16233,63.50,20.778
25321,32893,63.50,20.778
25322,16233,63.50,20.778
25331,32893,63.50,20.778
25332,16233,63.50,20.778
25340,32893,63.50,20.778
25343,16233,63.50,20.778
25350,32893,63.50,20.778
25353,16233,63.50,20.778
25360,32893,63.50,20.778
25363,16233,63.50,20.778
25370,32893,63.50,20.778
25372,16233,63.50,20.778
25381,32893,63.50,20.778
25383,16233,63.50,20.778
25390,32893,63.50,20.778
25393,16233,63.50,20.778
25400,32893,63.50,20.778
25403,16233,63.50,20.778
25410,32893,63.50,20.778
25413,16233,63.50,20.778
25420,32893,63.50,20.778
25423,16233,63.50,20.778
25430,32893,63.50,20.778
25432,16233,63.50,20.778
25440,32893,63.50,20.778
25442,16233,63.50,20.778
25450,32893,63.50,20.778
25453,16233,63.50,20.778
25460,32893,63.50,20.778
25462,16233,63.50,20.778
25470,32893,63.50,20.778
25473,16233,63.50,20.778
25480,32893,63.50,20.778
25483,16233,63.50,20.778
25490,32893,63.50,20.778
25493,16233,63.50,20.778
25500,32893,63.50,20.778
25503,16233,63.50,20.778
25511,32893,63.50,20.778
25513,16233,63.50,20.778
25521,32893,63.50,20.778
25523,16233,63.50,20.778
25530,32893,63.50,20.778
25533,16233,63.50,20.778
25541,32893,63.50,20.778
25543,16233,63.50,20.778
25550,32893,63.50,20.778
25553,16233,63.50,20.778
25561,32893,63.50,20.778
25563,16233,63.50,20.778
25571,32893,63.50,20.778
25573,16233,63.50,20.778
25580,32893,63.50,20.778
25583,16233,63.50,20.778
25591,32893,63.50,20.778
25593,16233,63.50,20.778
25601,32893,63.50,20.778
25603,16233,63.50,20.778
25611,32893,63.50,20.778
25613,16233,63.50,20.778
25621,32893,63.50,20.778
25623,16233,63.50,20.778
25631,32893,63.50,20.778
25633,16233,63.50,20.778
25641,32893,63.50,20.778
25643,16233,63.50,20.778
25650,32893,63.50,20.778
25653,16233,63.50,20.778
25661,32893,63.50,20.778
25663,16233,63.50,20.778
25671,32893,63.50,20.778
25673,16233,63.50,20.778
25681,32893,63.50,20.778
25683,16233,63.50,20.778
25691,32893,63.50,20.778
25693,16233,63.50,20.778
25700,32893,63.50,20.778
25703,16233,63.50,20.778
25711,32893,63.50,20.778
25713,16233,63.50,20.778
25721,32893,63.50,20.778
25723,16233,63.50,20.778
25731,32893,63.50,20.778
25733,16233,63.50,20.778
25741,32893,63.50,20.778
25743,16233,63.50,20.778
25750,32893,63.50,20.778
25753,16233,63.50,20.778
25761,32893,63.50,20.778
25763,16233,63.50,20.778
25770,32893,63.50,20.778
25773,16233,63.50,20.778
25781,32893,63.50,20.778
25783,16233,63.50,20.778
25791,32893,63.50,20.778
25794,16233,63.50,20.778
25801,32893,63.50,20.778
25803,16233,63.50,20.778
25810,32893,63.50,20.778
25813,16233,63.50,20.778
25820,32893,63.50,20.778
25823,16233,63.50,20.778
25830,32893,63.50,20.778
25833,16233,63.50,20.778
25840,32893,63.50,20.778
25843,16233,63.50,20.778
25850,32893,63.50,20.778
25853,16233,63.50,20.778
25860,32893,63.50,20.778
25863,16233,63.50,20.778
25871,32893,63.50,20.778
25873,16233,63.50,20.778
25881,32893,63.50,20.778
25882,16233,63.50,20.778
25890,32893,63.50,20.778
25893,16233,63.50,20.778
25901,32893,63.50,20.778
25903,16233,63.50,20.778
25911,32893,63.50,20.778
25912,16233,63.50,20.778
25921,32893,63.50,20.778
25922,16233,63.50,20.778
25930,32893,63.50,20.778
25933,16233,63.50,20.778
25940,32893,63.50,20.778
25942,16233,63.50,20.778
25950,32893,63.50,20.778
25953,16233,63.50,20.778
25961,32893,63.50,20.778
25962,16233,63.50,20.778
25970,32893,63.50,20.778
25972,16233,63.50,20.778
25981,32893,63.50,20.778
25983,16233,63.50,20.778
25991,32893,63.50,20.778
25992,16233,63.50,20.778
26000,32893,63.50,20.778
26003,16233,63.50,20.778
26011,32893,63.50,20.778
26013,16233,63.50,20.778
26021,32893,63.50,20.778
26024,16233,63.50,20.778
26031,32893,63.50,20.778
26033,16233,63.50,20.778
26041,32893,63.50,20.778
26042,16233,63.50,20.778
26050,32893,63.50,20.778
26053,16233,63.50,20.778
26060,32893,63.50,20.778
26063,16233,63.50,20.778
26071,32893,63.50,20.778
26073,16233,63.50,20.778
26081,32893,63.50,20.778
26082,16233,63.50,20.778
26091,32893,63.50,20.778
26093,16233,63.50,20.778
26101,32893,63.50,20.778
26103,16233,63.50,20.778
26111,32893,63.50,20.778
26112,16233,63.50,20.778
26122,32893,63.50,20.778
26123,16233,63.50,20.778
26131,32893,63.50,20.778
26133,16233,63.50,20.778
26140,32893,63.50,20.778
26143,16233,63.50,20.778
26151,32893,63.50,20.778
26152,16233,63.50,20.778
26161,32893,63.50,20.778
26163,16233,63.50,20.778
26171,32893,63.50,20.778
26173,16233,63.50,20.778
26180,32893,63.50,20.778
26182,16233,63.50,20.778
26190,32893,63.50,20.778
26192,16233,63.50,20.778
26200,32893,63.50,20.778
26203,16233,63.50,20.778
26211,32893,63.50,20.778
26213,16233,63.50,20.778
26220,32893,63.50,20.778
26223,16233,63.50,20.778
26230,32893,63.50,20.778
26232,16233,63.50,20.778
26241,32893,63.50,20.778
26242,16233,63.50,20.778
26251,32893,63.50,20.778
26253,16233,63.50,20.778
26261,32893,63.50,20.778
26263,16233,63.50,20.778
26271,32893,63.50,20.778
26272,16233,63.50,20.778
26280,32893,63.50,20.778
26283,16233,63.50,20.778
26290,32893,63.50,20.778
26292,16233,63.50,20.778
26301,32893,63.50,20.778
26303,16233,63.50,20.778
26310,32893,63.50,20.778
26313,16233,63.50,20.778
26321,32893,63.50,20.778
26322,16233,63.50,20.778
26330,32893,63.50,20.778
26333,16233,63.50,20.778
26340,32893,63.50,20.778
26342,16233,63.50,20.778
26350,32893,63.50,20.778
26353,16233,63.50,20.778
26360,32893,63.50,20.778
26362,16233,63.50,20.778
26370,32893,63.50,20.778
26372,16233,63.50,20.778
26380,32893,63.50,20.778
26382,16233,63.50,20.778
26391,32893,63.50,20.778
26393,16233,63.50,20.778
26400,32893,63.50,20.778
26402,16233,63.50,20.778
26410,32893,63.50,20.778
26413,16233,63.50,20.778
26421,32893,63.50,20.778
26422,16233,63.50,20.778
26430,32893,63.50,20.778
26432,16233,63.50,20.778
26441,32893,63.50,20.778
26443,16233,63.50,20.778
26451,32893,63.50,20.778
26453,16233,63.50,20.778
26460,32893,63.50,20.778
26462,16233,63.50,20.778
26471,32893,63.50,20.778
26473,16233,63.50,20.778
26481,32893,63.50,20.778
26483,16233,63.50,20.778
26491,32893,63.50,20.778
26493,16233,63.50,20.778
26501,32893,63.50,20.778
26503,16233,63.50,20.778
26511,32893,63.50,20.778
26513,16233,63.50,20.778
26521,32893,63.50,20.778
26523,16233,63.50,20.778
26531,32893,63.50,20.778
26532,16233,63.50,20.778
26540,32893,63.50,20.778
26542,16233,63.50,20.778
26551,32893,63.50,20.778
26553,16233,63.50,20.778
26561,32893,63.50,20.778
26563,16233,63.50,20.778
26571,32893,63.50,20.778
26573,16233,63.50,20.778
26581,32893,63.50,20.778
26583,16233,63.50,20.778
26591,32893,63.50,20.778
26593,16233,63.50,20.778
26601,32893,63.50,20.778
26603,16233,63.50,20.778
26610,32893,63.50,20.778
26613,16233,63.50,20.778
26620,32893,63.50,20.778
26623,16233,63.50,20.778
26630,32893,63.50,20.778
26633,16233,63.50,20.778
26640,32893,63.50,20.778
26642,16233,63.50,20.778
26651,32893,63.50,20.778
26653,16233,63.50,20.778
26661,32893,63.50,20.778
26663,16233,63.50,20.778
26670,32893,63.50,20.778
26673,16233,63.50,20.778
26681,32893,63.50,20.778
26682,16233,63.50,20.778
26690,32893,63.50,20.778
26693,16233,63.50,20.778
26701,32893,63.50,20.778
26702,16233,63.50,20.778
26710,32893,63.50,20.778
26713,16233,63.50,20.778
26720,32893,63.50,20.778
26723,16233,63.50,20.778
26731,32893,63.50,20.778
26733,16233,63.50,20.778
26740,32893,63.50,20.778
26742,16233,63.50,20.778
26750,32893,63.50,20.778
26753,16233,63.50,20.778
26761,32893,63.50,20.778
26763,16233,63.50,20.778
26771,32893,63.50,20.778
26773,16233,63.50,20.778
26781,32893,63.50,20.778
26783,16233,63.50,20.778
26791,32893,63.50,20.778
26793,16233,63.50,20.778
26801,32893,63.50,20.778
26803,16233,63.50,20.778
26811,32893,63.50,20.778
26813,16233,63.50,20.778
26821,32893,63.50,20.778
26823,16233,63.50,20.778
26831,32893,63.50,20.778
26833,16233,63.50,20.778
26841,32893,63.50,20.778
26843,16233,63.50,20.778
26850,32893,63.50,20.778
26853,16233,63.50,20.778
26861,32893,63.50,20.778
26863,16233,63.50,20.778
26871,32893,63.50,20.778
26872,16233,63.50,20.778
26880,32893,63.50,20.778
26882,16233,63.50,20.778
26891,32893,63.50,20.778
26893,16233,63.50,20.778
26901,32893,63.50,20.778
26903,16233,63.50,20.778
26910,32893,63.50,20.778
26913,16233,63.50,20.778
26921,32893,63.50,20.778
26922,16233,63.50,20.778
26930,32893,63.50,20.778
26932,16233,63.50,20.778
26941,32893,63.50,20.778
26943,16233,63.50,20.778
26950,32893,63.50,20.778
26953,16233,63.50,20.778
26961,32893,63.50,20.778
26963,16233,63.50,20.778
26971,32893,63.50,20.778
26972,16233,63.50,20.778
26981,32893,63.50,20.778
26983,16233,63.50,20.778
26991,32893,63.50,20.778
26993,16233,63.50,20.778
27001,32893,63.50,20.778
27002,16233,63.50,20.778
27011,32893,63.50,20.778
27013,16233,63.50,20.778
27020,32893,63.50,20.778
27023,16233,63.50,20.778
27031,32893,63.50,20.778
27032,16233,63.50,20.778
27041,32893,63.50,20.778
27043,16233,63.50,20.778
27051,32893,63.50,20.778
27052,16233,63.50,20.778
27061,32893,63.50,20.778
27063,16233,63.50,20.778
27071,32893,63.50,20.778
27073,16233,63.50,20.778
27080,32893,63.50,20.778
27083,16233,63.50,20.778
27090,32893,63.50,20.778
27092,16233,63.50,20.778
27101,32893,63.50,20.778
27103,16233,63.50,20.778
27111,32893,63.50,20.778
27112,16233,63.50,20.778
27120,32893,63.50,20.778
27123,16233,63.50,20.778
27131,32893,63.50,20.778
27133,16233,63.50,20.778
27140,32893,63.50,20.778
27143,16233,63.50,20.778
27151,32893,63.50,20.778
27153,16233,63.50,20.778
27161,32893,63.50,20.778
27163,16233,63.50,20.778
27171,32893,63.50,20.778
27173,16233,63.50,20.778
27181,32893,63.50,20.778
27183,16233,63.50,20.778
27191,32893,63.50,20.778
27193,16233,63.50,20.778
27201,32893,63.50,20.778
27203,16233,63.50,20.778
27211,32893,63.50,20.778
27213,16233,63.50,20.778
27221,32893,63.50,20.778
27223,16233,63.50,20.778
27231,32893,63.50,20.778
27233,16233,63.50,20.778
27241,32893,63.50,20.778
27243,16233,63.50,20.778
27251,32893,63.50,20.778
27253,16233,63.50,20.778
27261,32893,63.50,20.778
27263,16233,63.50,20.778
27271,32893,63.50,20.778
27273,16233,63.50,20.778
27281,32893,63.50,20.778
27283,16233,63.50,20.778
27291,32893,63.50,20.778
27293,16233,63.50,20.778
27301,32893,63.50,20.778
27303,16233,63.50,20.778
27311,32893,63.50,20.778
27313,16233,63.50,20.778
27321,32893,63.50,20.778
27323,16233,63.50,20.778
27331,32893,63.50,20.778
27333,16233,63.50,20.778
27341,32893,63.50,20.778
27344,16233,63.50,20.778
27351,32893,63.50,20.778
27353,16233,63.50,20.778
27361,32893,63.50,20.778
27363,16233,63.50,20.778
27371,32893,63.50,20.778
27373,16233,63.50,20.778
27380,32893,63.50,20.778
27383,16233,63.50,20.778
27391,32893,63.50,20.778
27393,16233,63.50,20.778
27401,32893,63.50,20.778
27403,16233,63.50,20.778
27411,32893,63.50,20.778
27413,16233,63.50,20.778
27421,32893,63.50,20.778
27423,16233,63.50,20.778
27432,32893,63.50,20.778
27433,16233,63.50,20.778
27441,32893,63.50,20.778
27443,16233,63.50,20.778
27452,32893,63.50,20.778
27453,16233,63.50,20.778
27461,32893,63.50,20.778
27463,16233,63.50,20.778
27471,32893,63.50,20.778
27474,16233,63.50,20.778
27482,32893,63.50,20.778
27483,16233,63.50,20.778
27491,32893,63.50,20.778
27492,16233,63.50,20.778
27501,32893,63.50,20.778
27503,16233,63.50,20.778
27510,32893,63.50,20.778
27513,16233,63.50,20.778
27522,32893,63.50,20.778
27523,16233,63.50,20.778
27531,32893,63.50,20.778
27534,16233,63.50,20.778
27541,32893,63.50,20.778
27543,16233,63.50,20.778
27551,32893,63.50,20.778
27553,16233,63.50,20.778
27562,32893,63.50,20.778
27564,16233,63.50,20.778
27571,32893,63.50,20.778
27573,16233,63.50,20.778
27581,32893,63.50,20.778
27583,16233,63.50,20.778
27591,32893,63.50,20.778
27593,16233,63.50,20.778
27601,32893,63.50,20.778
27603,16233,63.50,20.778
27610,32893,63.50,20.778
27613,16233,63.50,20.778
27621,32893,63.50,20.778
27623,16233,63.50,20.778
27631,32893,63.50,20.778
27633,16233,63.50,20.778
27641,32893,63.50,20.778
27643,16233,63.50,20.778
27650,32893,63.50,20.778
27653,16233,63.50,20.778
27661,32893,63.50,20.778
27663,16233,63.50,20.778
27671,32893,63.50,20.778
27673,16233,63.50,20.778
27681,32893,63.50,20.778
27683,16233,63.50,20.778
27691,32893,63.50,20.778
27693,16233,63.50,20.778
27701,32893,63.50,20.778
27702,16233,63.50,20.778
27710,32893,63.50,20.778
27713,16233,63.50,20.778
27721,32893,63.50,20.778
27723,16233,63.50,20.778
27731,32893,63.50,20.778
27733,16233,63.50,20.778
27740,32893,63.50,20.778
27743,16233,63.50,20.778
27750,32893,63.50,20.778
27753,16233,63.50,20.778
27761,32893,63.50,20.778
27763,16233,63.50,20.778
27771,32893,63.50,20.778
27773,16233,63.50,20.778
27781,32893,63.50,20.778
27783,16233,63.50,20.778
27791,32893,63.50,20.778
27793,16233,63.50,20.778
27801,32893,63.50,20.778
27803,16233,63.50,20.778
27811,32893,63.50,20.778
27813,16233,63.50,20.778
27821,32893,63.50,20.778
27823,16233,63.50,20.778
27831,32893,63.50,20.778
27833,16233,63.50,20.778
27841,32893,63.50,20.778
27844,16233,63.50,20.778
27851,32893,63.50,20.778
27853,16233,63.50,20.778
27861,32893,63.50,20.778
27863,16233,63.50,20.778
27871,32893,63.50,20.778
27873,16233,63.50,20.778
27882,32893,63.50,20.778
27883,16233,63.50,20.778
27891,32893,63.50,20.778
27893,16233,63.50,20.778
27901,32893,63.50,20.778
27903,16233,63.50,20.778
27911,32893,63.50,20.778
27913,16233,63.50,20.778
27921,32893,63.50,20.778
27923,16233,63.50,20.778
27931,32893,63.50,20.778
27933,16233,63.50,20.778
27941,32893,63.50,20.778
27943,16233,63.50,20.778
27951,32893,63.50,20.778
27953,16233,63.50,20.778
27961,32893,63.50,20.778
27963,16233,63.50,20.778
27971,32893,63.50,20.778
27973,16233,63.50,20.778
27980,32893,63.50,20.778
27983,16233,63.50,20.778
27991,32893,63.50,20.778
27993,16233,63.50,20.778
28001,32893,63.50,20.778
28003,16233,63.50,20.778
28011,32893,63.50,20.778
28013,16233,63.50,20.778
28021,32893,63.50,20.778
28023,16233,63.50,20.778
28030,32893,63.50,20.778
28033,16233,63.50,20.778
28041,32893,63.50,20.778
28043,16233,63.50,20.778
28051,32893,63.50,20.778
28053,16233,63.50,20.778
28061,32893,63.50,20.778
28063,16233,63.50,20.778
28071,32893,63.50,20.778
28073,16233,63.50,20.778
28081,32893,63.50,20.778
28083,16233,63.50,20.778
28091,32893,63.50,20.778
28093,16233,63.50,20.778
28101,32893,63.50,20.778
28103,16233,63.50,20.778
28111,32893,63.50,20.778
28113,16233,63.50,20.778
28121,32893,63.50,20.778
28123,16233,63.50,20.778
28131,32893,63.50,20.778
28133,16233,63.50,20.778
28141,32893,63.50,20.778
28143,16233,63.50,20.778
28150,32893,63.50,20.778
28152,16233,63.50,20.778
28161,32893,63.50,20.778
28163,16233,63.50,20.778
28171,32893,63.50,20.778
28173,16233,63.50,20.778
28181,32893,63.50,20.778
28182,16233,63.50,20.778
28190,32893,63.50,20.778
28193,16233,63.50,20.778
28201,32893,63.50,20.778
28203,16233,63.50,20.778
28210,32893,63.50,20.778
28213,16233,63.50,20.778
28220,32893,63.50,20.778
28223,16233,63.50,20.778
28231,32893,63.50,20.778
28232,16233,63.50,20.778
28241,32893,63.50,20.778
28243,16233,63.50,20.778
28251,32893,63.50,20.778
28253,16233,63.50,20.778
28261,32893,63.50,20.778
28263,16233,63.50,20.778
28271,32893,63.50,20.778
28272,16233,63.50,20.778
28281,32893,63.50,20.778
28282,16233,63.50,20.778
28291,32893,63.50,20.778
28293,16233,63.50,20.778
28301,32893,63.50,20.778
28303,16233,63.50,20.778
28310,32893,63.50,20.778
28313,16233,63.50,20.778
28320,32893,63.50,20.778
28322,16233,63.50,20.778
28331,32893,63.50,20.778
28333,16233,63.50,20.778
28341,32893,63.50,20.778
28343,16233,63.50,20.778
28351,32893,63.50,20.778
28353,16233,63.50,20.778
28360,32893,63.50,20.778
28363,16233,63.50,20.778
28371,32893,63.50,20.778
28373,16233,63.50,20.778
28380,32893,63.50,20.778
28383,16233,63.50,20.778
28391,32893,63.50,20.778
28393,16233,63.50,20.778
28401,32893,63.50,20.778
28403,16233,63.50,20.778
28411,32893,63.50,20.778
28413,16233,63.50,20.778
28421,32893,63.50,20.778
28423,16233,63.50,20.778
28431,32893,63.50,20.778
28433,16233,63.50,20.778
28440,32893,63.50,20.778
28443,16233,63.50,20.778
28451,32893,63.50,20.778
28453,16233,63.50,20.778
28461,32893,63.50,20.778
28463,16233,63.50,20.778
28471,32893,63.50,20.778
28472,16233,63.50,20.778
28481,32893,63.50,20.778
28483,16233,63.50,20.778
28491,32893,63.50,20.778
28493,16233,63.50,20.778
28501,32893,63.50,20.778
28503,16233,63.50,20.778
28511,32893,63.50,20.778
28513,16233,63.50,20.778
28521,32893,63.50,20.778
28523,16233,63.50,20.778
28531,32893,63.50,20.778
28533,16233,63.50,20.778
28541,32893,63.50,20.778
28543,16233,63.50,20.778
28550,32893,63.50,20.778
28552,16233,63.50,20.778
28561,32893,63.50,20.778
28562,16233,63.50,20.778
28570,32893,63.50,20.778
28572,16233,63.50,20.778
28581,32893,63.50,20.778
28583,16233,63.50,20.778
28591,32893,63.50,20.778
28593,16233,63.50,20.778
28601,32893,63.50,20.778
28603,16233,63.50,20.778
28611,32893,63.50,20.778
28613,16233,63.50,20.778
28621,32893,63.50,20.778
28623,16233,63.50,20.778
28631,32893,63.50,20.778
28633,16233,63.50,20.778
28641,32893,63.50,20.778
28643,16233,63.50,20.778
28651,32893,63.50,20.778
28653,16233,63.50,20.778
28661,32893,63.50,20.778
28663,16233,63.50,20.778
28671,32893,63.50,20.778
28673,16233,63.50,20.778
28681,32893,63.50,20.778
28683,16233,63.50,20.778
28691,32893,63.50,20.778
28693,16233,63.50,20.778
28701,32893,63.50,20.778
28703,16233,63.50,20.778
28711,32893,63.50,20.778
28713,16233,63.50,20.778
28721,32893,63.50,20.778
28723,16233,63.50,20.778
28731,32893,63.50,20.778
28733,16233,63.50,20.778
28741,32893,63.50,20.778
28743,16233,63.50,20.778
28751,32893,63.50,20.778
28753,16233,63.50,20.778
28761,32893,63.50,20.778
28763,16233,63.50,20.778
28771,32893,63.50,20.778
28773,16233,63.50,20.778
28781,32893,63.50,20.778
28783,16233,63.50,20.778
28792,32893,63.50,20.778
28794,16233,63.50,20.778
28801,32893,63.50,20.778
28803,16233,63.50,20.778
28811,32893,63.50,20.778
28813,16233,63.50,20.778
28821,32893,63.50,20.778
28823,16233,63.50,20.778
28830,32893,63.50,20.778
28833,16233,63.50,20.778
28841,32893,63.50,20.778
28843,16233,63.50,20.778
28851,32893,63.50,20.778
28853,16233,63.50,20.778
28861,32893,63.50,20.778
28863,16233,63.50,20.778
28872,32893,63.50,20.778
28874,16233,63.50,20.778
28881,32893,63.50,20.778
28884,16233,63.50,20.778
28891,32893,63.50,20.778
28893,16233,63.50,20.778
28901,32893,63.50,20.778
28903,16233,63.50,20.778
28911,32893,63.50,20.778
28913,16233,63.50,20.778
28921,32893,63.50,20.778
28923,16233,63.50,20.778
28931,32893,63.50,20.778
28933,16233,63.50,20.778
28941,32893,63.50,20.778
28943,16233,63.50,20.778
28951,32893,63.50,20.778
28953,16233,63.50,20.778
28961,32893,63.50,20.778
28963,16233,63.50,20.778
28971,32893,63.50,20.778
28973,16233,63.50,20.778
28981,32893,63.50,20.778
28983,16233,63.50,20.778
28991,32893,63.50,20.778
28993,16233,63.50,20.778
29001,32893,63.50,20.778
29002,16233,63.50,20.778
29011,32893,63.50,20.778
29012,16233,63.50,20.778
29021,32893,63.50,20.778
29023,16233,63.50,20.778
29030,32893,63.50,20.778
29032,16233,63.50,20.778
29040,32893,63.50,20.778
29042,16233,63.50,20.778
29051,32893,63.50,20.778
29053,16233,63.50,20.778
29061,32893,63.50,20.778
29062,16233,63.50,20.778
29071,32893,63.50,20.778
29073,16233,63.50,20.778
29081,32893,63.50,20.778
29083,16233,63.50,20.778
29091,32893,63.50,20.778
29093,16233,63.50,20.778
29101,32893,63.50,20.778
29103,16233,63.50,20.778
29111,32893,63.50,20.778
29113,16233,63.50,20.778
29121,32893,63.50,20.778
29123,16233,63.50,20.778
29131,32893,63.50,20.778
29133,16233,63.50,20.778
29141,32893,63.50,20.778
29143,16233,63.50,20.778
29151,32893,63.50,20.778
29153,16233,63.50,20.778
29161,32893,63.50,20.778
29163,16233,63.50,20.778
29171,32893,63.50,20.778
29172,16233,63.50,20.778
29181,32893,63.50,20.778
29183,16233,63.50,20.778
29191,32893,63.50,20.778
29192,16233,63.50,20.778
29201,32893,63.50,20.778
29203,16233,63.50,20.778
29211,32893,63.50,20.778
29213,16233,63.50,20.778
29220,32893,63.50,20.778
29223,16233,63.50,20.778
29231,32893,63.50,20.778
29233,16233,63.50,20.778
29241,32893,63.50,20.778
29243,16233,63.50,20.778
29251,32893,63.50,20.778
29253,16233,63.50,20.778
29261,32893,63.50,20.778
29263,16233,63.50,20.778
29271,32893,63.50,20.778
29273,16233,63.50,20.778
29281,32893,63.50,20.778
29283,16233,63.50,20.778
29291,32893,63.50,20.778
29293,16233,63.50,20.778
29301,32893,63.50,20.778
29303,16233,63.50,20.778
29311,32893,63.50,20.778
29313,16233,63.50,20.778
29321,32893,63.50,20.778
29323,16233,63.50,20.778
29331,32893,63.50,20.778
29333,16233,63.50,20.778
29341,32893,63.50,20.778
29343,16233,63.50,20.778
29351,32893,63.50,20.778
29353,16233,63.50,20.778
29361,32893,63.50,20.778
29363,16233,63.50,20.778
29371,32893,63.50,20.778
29373,16233,63.50,20.778
29381,32893,63.50,20.778
29383,16233,63.50,20.778
29391,32893,63.50,20.778
29393,16233,63.50,20.778
29401,32893,63.50,20.778
29403,16233,63.50,20.778
29411,32893,63.50,20.778
29413,16233,63.50,20.778
29421,32893,63.50,20.778
29423,16233,63.50,20.778
29431,32893,63.50,20.778
29433,16233,63.50,20.778
29441,32893,63.50,20.778
29443,16233,63.50,20.778
29451,32893,63.50,20.778
29453,16233,63.50,20.778
29461,32893,63.50,20.778
29463,16233,63.50,20.778
29471,32893,63.50,20.778
29473,16233,63.50,20.778
29481,32893,63.50,20.778
29483,16233,63.50,20.778
29491,32893,63.50,20.778
29493,16233,63.50,20.778
29501,32893,63.50,20.778
29503,16233,63.50,20.778
29511,32893,63.50,20.778
29513,16233,63.50,20.778
29521,32893,63.50,20.778
29523,16233,63.50,20.778
29530,32893,63.50,20.778
29533,16233,63.50,20.778
29541,32893,63.50,20.778
29543,16233,63.50,20.778
29551,32893,63.50,20.778
29553,16233,63.50,20.778
29561,32893,63.50,20.778
29563,16233,63.50,20.778
29571,32893,63.50,20.778
29573,16233,63.50,20.778
29581,32893,63.50,20.778
29583,16233,63.50,20.778
29591,32893,63.50,20.778
29593,16233,63.50,20.778
29601,32893,63.50,20.778
29603,16233,63.50,20.778
29611,32893,63.50,20.778
29613,16233,63.50,20.778
29621,32893,63.50,20.778
29623,16233,63.50,20.778
29631,32893,63.50,20.778
29633,16233,63.50,20.778
29641,32893,63.50,20.778
29643,16233,63.50,20.778
29651,32893,63.50,20.778
29653,16233,63.50,20.778
29661,32893,63.50,20.778
29663,16233,63.50,20.778
29671,32893,63.50,20.778
29674,16233,63.50,20.778
29681,32893,63.50,20.778
29682,16233,63.50,20.778
29691,32893,63.50,20.778
29693,16233,63.50,20.778
29701,32893,63.50,20.778
29703,16233,63.50,20.778
29711,32893,63.50,20.778
29713,16233,63.50,20.778
29721,32893,63.50,20.778
29723,16233,63.50,20.778
29731,32893,63.50,20.778
29733,16233,63.50,20.778
29741,32893,63.50,20.778
29742,16233,63.50,20.778
29750,32893,63.50,20.778
29752,16233,63.50,20.778
29761,32893,63.50,20.778
29763,16233,63.50,20.778
29771,32893,63.50,20.778
29773,16233,63.50,20.778
29781,32893,63.50,20.778
29783,16233,63.50,20.778
29791,32893,63.50,20.778
29793,16233,63.50,20.778
29801,32893,63.50,20.778
29803,16233,63.50,20.778
29811,32893,63.50,20.778
29812,16233,63.50,20.778
29820,32893,63.50,20.778
29823,16233,63.50,20.778
29831,32893,63.50,20.778
29833,16233,63.50,20.778
29840,32893,63.50,20.778
29842,16233,63.50,20.778
29851,32893,63.50,20.778
29853,16233,63.50,20.778
29861,32893,63.50,20.778
29862,16233,63.50,20.778
29871,32893,63.50,20.778
29872,16233,63.50,20.778
29880,32893,63.50,20.778
29882,16233,63.50,20.778
29891,32893,63.50,20.778
29892,16233,63.50,20.778
29901,32893,63.50,20.778
29903,16233,63.50,20.778
29911,32893,63.50,20.778
29913,16233,63.50,20.778
29921,32893,63.50,20.778
29923,16233,63.50,20.778
29930,32893,63.50,20.778
29933,16233,63.50,20.778
29941,32893,63.50,20.778
29943,16233,63.50,20.778
29951,32893,63.50,20.778
29953,16233,63.50,20.778
29960,32893,63.50,20.778
29963,16233,63.50,20.778
29971,32893,63.50,20.778
29973,16233,63.50,20.778
29981,32893,63.50,20.778
29983,16233,63.50,20.778
29991,32893,63.50,20.778
29993,16233,63.50,20.778
30001,32893,63.50,20.778
30003,16233,63.50,20.778
30011,32893,63.50,20.778
30013,16233,63.50,20.778
30021,32893,63.50,20.778
30023,16233,63.50,20.778
30030,32893,63.50,20.778
30032,16233,63.50,20.778
30041,32893,63.50,20.778
30043,16233,63.50,20.778
30051,32893,63.50,20.778
30052,16233,63.50,20.778
30061,32893,63.50,20.778
30063,16233,63.50,20.778
30071,32893,63.50,20.778
30073,16233,63.50,20.778
30081,32893,63.50,20.778
30083,16233,63.50,20.778
30090,32893,63.50,20.778
30093,16233,63.50,20.778
30101,32893,63.50,20.778
30103,16233,63.50,20.778
30111,32893,63.50,20.778
30113,16233,63.50,20.778
30121,32893,63.50,20.778
30123,16233,63.50,20.778
30131,32893,63.50,20.778
30133,16233,63.50,20.778
30141,32893,63.50,20.778
30143,16233,63.50,20.778
30151,32893,63.50,20.778
30153,16233,63.50,20.778
30160,32893,63.50,20.778
30163,16233,63.50,20.778
30170,32893,63.50,20.778
30173,16233,63.50,20.778
30180,32893,63.50,20.778
30182,16233,63.50,20.778
30191,32893,63.50,20.778
30192,16233,63.50,20.778
30200,32893,63.50,20.778
30203,16233,63.50,20.778
30211,32893,63.50,20.778
30213,16233,63.50,20.778
30221,32893,63.50,20.778
30223,16233,63.50,20.778
30231,32893,63.50,20.778
30233,16233,63.50,20.778
30241,32893,63.50,20.778
30243,16233,63.50,20.778
30251,32893,63.50,20.778
30253,16233,63.50,20.778
30261,32893,63.50,20.778
30263,16233,63.50,20.778
30270,32893,63.50,20.778
30272,16233,63.50,20.778
30281,32893,63.50,20.778
30283,16233,63.50,20.778
30290,32893,63.50,20.778
30293,16233,63.50,20.778
30301,32893,63.50,20.778
30303,16233,63.50,20.778
30311,32893,63.50,20.778
30313,16233,58.00,18.978
30321,32893,63.50,20.778
30322,16233,58.00,18.978
30331,32893,63.50,20.778
30332,16233,58.00,18.978
30341,32893,63.50,20.778
30343,16233,58.00,18.978
30351,32893,63.50,20.778
30353,16233,58.00,18.978
30361,32893,63.50,20.778
30363,16233,58.00,18.978
30371,32893,63.50,20.778
30373,16233,58.00,18.978
30381,32893,63.50,20.778
30383,16233,58.00,18.978
30391,32893,63.50,20.778
30393,16233,58.00,18.978
30401,32893,63.50,20.778
30403,16233,58.00,18.978
30411,32893,63.50,20.778
30413,16233,58.00,18.978
30421,32893,63.50,20.778
30423,16233,58.00,18.978
30431,32893,63.50,20.778
30433,16233,58.00,18.978
30441,32893,63.50,20.778
30442,16233,58.00,18.978
30451,32893,63.50,20.778
30453,16233,58.00,18.978
30461,32893,63.50,20.778
30462,16233,58.00,18.978
30471,32893,63.50,20.778
30472,16233,58.00,18.978
30480,32893,63.50,20.778
30483,16233,58.00,18.978
30491,32893,63.50,20.778
30493,16233,58.00,18.978
30501,32893,63.50,20.778
30503,16233,58.00,18.978
30511,32893,63.50,20.778
30513,16233,58.00,18.978
30521,32893,63.50,20.778
30523,16233,58.00,18.978
30531,32893,63.50,20.778
30533,16233,58.00,18.978
30541,32893,63.50,20.778
30543,16233,58.00,18.978
30551,32893,63.50,20.778
30553,16233,58.00,18.978
30561,32893,63.50,20.778
30563,16233,58.00,18.978
30571,32893,63.50,20.778
30573,16233,58.00,18.978
30581,32893,63.50,20.778
30583,16233,58.00,18.978
30591,32893,63.50,20.778
30593,16233,58.00,18.978
30601,32893,63.50,20.778
30602,16233,58.00,18.978
30610,32893,63.50,20.778
30613,16233,58.00,18.978
30620,32893,63.50,20.778
30622,16233,58.00,18.978
30631,32893,63.50,20.778
30633,16233,58.00,18.978
30641,32893,63.50,20.778
30643,16233,58.00,18.978
30650,32893,63.50,20.778
30652,16233,58.00,18.978
30661,32893,63.50,20.778
30663,16233,58.00,18.978
30670,32893,63.50,20.778
30673,16233,58.00,18.978
30681,32893,63.50,20.778
30683,16233,58.00,18.978
30691,32893,63.50,20.778
30693,16233,58.00,18.978
30701,32893,63.50,20.778
30703,16233,58.00,18.978
30711,32893,63.50,20.778
30713,16233,58.00,18.978
30721,32893,63.50,20.778
30723,16233,58.00,18.978
30731,32893,63.50,20.778
30733,16233,58.00,18.978
30741,32893,63.50,20.778
30743,16233,58.00,18.978
30751,32893,63.50,20.778
30753,16233,58.00,18.978
30760,32893,63.50,20.778
30763,16233,58.00,18.978
30770,32893,63.50,20.778
30773,16233,58.00,18.978
30780,32893,63.50,20.778
30783,16233,58.00,18.978
30791,32893,63.50,20.778
30793,16233,58.00,18.978
30801,32893,63.50,20.778
30803,16233,58.00,18.978
30811,32893,63.50,20.778
30813,16233,58.00,18.978
30821,32893,63.50,20.778
30823,16233,58.00,18.978
30830,32893,63.50,20.778
30833,16233,58.00,18.978
30841,32893,63.50,20.778
30843,16233,58.00,18.978
30850,32893,63.50,20.778
30853,16233,58.00,18.978
30860,32893,63.50,20.778
30863,16233,58.00,18.978
30871,32893,63.50,20.778
30873,16233,58.00,18.978
30881,32893,63.50,20.778
30883,16233,58.00,18.978
30891,32893,63.50,20.778
30893,16233,58.00,18.978
30901,32893,63.50,20.778
30903,16233,58.00,18.978
30911,32893,63.50,20.778
30913,16233,58.00,18.978
30920,32893,63.50,20.778
30923,16233,58.00,18.978
30931,32893,63.50,20.778
30932,16233,58.00,18.978
30940,32893,63.50,20.778
30943,16233,58.00,18.978
30951,32893,63.50,20.778
30953,16233,58.00,18.978
30961,32893,63.50,20.778
30963,16233,58.00,18.978
30971,32893,63.50,20.778
30973,16233,58.00,18.978
30981,32893,63.50,20.778
30983,16233,58.00,18.978
30991,32893,63.50,20.778
30993,16233,58.00,18.978
31001,32893,63.50,20.778
31003,16233,58.00,18.978
31011,32893,63.50,20.778
31013,16233,58.00,18.978
31021,32893,63.50,20.778
31023,16233,58.00,18.978
31031,32893,63.50,20.778
31032,16233,58.00,18.978
31041,32893,63.50,20.778
31043,16233,58.00,18.978
31051,32893,63.50,20.778
31053,16233,58.00,18.978
31060,32893,63.50,20.778
31063,16233,58.00,18.978
31071,32893,63.50,20.778
31073,16233,58.00,18.978
31080,32893,63.50,20.778
31083,16233,58.00,18.978
31090,32893,63.50,20.778
31093,16233,58.00,18.978
31100,32893,63.50,20.778
31103,16233,58.00,18.978
31111,32893,63.50,20.778
31113,16233,58.00,18.978
31121,32893,63.50,20.778
31123,16233,58.00,18.978
31131,32893,63.50,20.778
31133,16233,58.00,18.978
31140,32893,63.50,20.778
31143,16233,58.00,18.978
31150,32893,63.50,20.778
31153,16233,58.00,18.978
31161,32893,63.50,20.778
31163,16233,58.00,18.978
31171,32893,63.50,20.778
31173,16233,58.00,18.978
31181,32893,63.50,20.778
31182,16233,58.00,18.978
31191,32893,63.50,20.778
31193,16233,58.00,18.978
31201,32893,63.50,20.778
31203,16233,58.00,18.978
31211,32893,63.50,20.778
31213,16233,58.00,18.978
31220,32893,63.50,20.778
31223,16233,58.00,18.978
31231,32893,63.50,20.778
31233,16233,58.00,18.978
31240,32893,63.50,20.778
31243,16233,58.00,18.978
31251,32893,63.50,20.778
31253,16233,58.00,18.978
31261,32893,63.50,20.778
31263,16233,58.00,18.978
31270,32893,63.50,20.778
31272,16233,58.00,18.978
31280,32893,63.50,20.778
31282,16233,58.00,18.978
31290,32893,63.50,20.778
31293,16233,58.00,18.978
31301,32893,63.50,20.778
31303,16233,58.00,18.978
31311,32893,63.50,20.778
31313,16233,58.00,18.978
31321,32893,63.50,20.778
31323,16233,58.00,18.978
31332,32893,63.50,20.778
31333,16233,58.00,18.978
31341,32893,63.50,20.778
31343,16233,58.00,18.978
31351,32893,63.50,20.778
31354,16233,58.00,18.978
31361,32893,63.50,20.778
31363,16233,58.00,18.978
31371,32893,63.50,20.778
31373,16233,58.00,18.978
31383,32893,63.50,20.778
31384,16233,58.00,18.978
31391,32893,63.50,20.778
31393,16233,58.00,18.978
31401,32893,63.50,20.778
31403,16233,58.00,18.978
31410,32893,63.50,20.778
31413,16233,58.00,18.978
31421,32893,63.50,20.778
31423,16233,58.00,18.978
31431,32893,63.50,20.778
31433,16233,58.00,18.978
31441,32893,63.50,20.778
31443,16233,58.00,18.978
31451,32893,63.50,20.778
31453,16233,58.00,18.978
31461,32893,63.50,20.778
31463,16233,58.00,18.978
31471,32893,63.50,20.778
31473,16233,58.00,18.978
31480,32893,63.50,20.778
31483,16233,58.00,18.978
31491,32893,63.50,20.778
31493,16233,58.00,18.978
31500,32893,63.50,20.778
31503,16233,58.00,18.978
31511,32893,63.50,20.778
31513,16233,58.00,18.978
31520,32893,63.50,20.778
31523,16233,58.00,18.978
31531,32893,63.50,20.778
31533,16233,58.00,18.978
31541,32893,63.50,20.778
31543,16233,58.00,18.978
31550,32893,63.50,20.778
31553,16233,58.00,18.978
31561,32893,63.50,20.778
31563,16233,58.00,18.978
31571,32893,63.50,20.778
31573,16233,58.00,18.978
31580,32893,63.50,20.778
31583,16233,58.00,18.978
31591,32893,63.50,20.778
31593,16233,58.00,18.978
31601,32893,63.50,20.778
31603,16233,58.00,18.978
31611,32893,63.50,20.778
31613,16233,58.00,18.978
31620,32893,63.50,20.778
31623,16233,58.00,18.978
31631,32893,63.50,20.778
31633,16233,58.00,18.978
31641,32893,63.50,20.778
31643,16233,58.00,18.978
31651,32893,63.50,20.778
31653,16233,58.00,18.978
31661,32893,63.50,20.778
31663,16233,58.00,18.978
31670,32893,63.50,20.778
31672,16233,58.00,18.978
31681,32893,63.50,20.778
31683,16233,58.00,18.978
31691,32893,63.50,20.778
31693,16233,58.00,18.978
31701,32893,63.50,20.778
31702,16233,58.00,18.978
31711,32893,63.50,20.778
31712,16233,58.00,18.978
31721,32893,63.50,20.778
31723,16233,58.00,18.978
31731,32893,63.50,20.778
31733,16233,58.00,18.978
31741,32893,63.50,20.778
31743,16233,58.00,18.978
31751,32893,63.50,20.778
31753,16233,58.00,18.978
31761,32893,63.50,20.778
31763,16233,58.00,18.978
31771,32893,63.50,20.778
31773,16233,58.00,18.978
31781,32893,63.50,20.778
31783,16233,58.00,18.978
31791,32893,63.50,20.778
31793,16233,58.00,18.978
31801,32893,63.50,20.778
31803,16233,58.00,18.978
31811,32893,63.50,20.778
31813,16233,58.00,18.978
31821,32893,63.50,20.778
31823,16233,58.00,18.978
31831,32893,63.50,20.778
31833,16233,58.00,18.978
31841,32893,63.50,20.778
31843,16233,58.00,18.978
31851,32893,63.50,20.778
31852,16233,58.00,18.978
31861,32893,63.50,20.778
31862,16233,58.00,18.978
31871,32893,63.50,20.778
31873,16233,58.00,18.978
31881,32893,63.50,20.778
31883,16233,58.00,18.978
31891,32893,63.50,20.778
31893,16233,58.00,18.978
31901,32893,63.50,20.778
31903,16233,58.00,18.978
31911,32893,63.50,20.778
31913,16233,58.00,18.978
31920,32893,63.50,20.778
31922,16233,58.00,18.978
31931,32893,63.50,20.778
31933,16233,58.00,18.978
31940,32893,63.50,20.778
31943,16233,58.00,18.978
31951,32893,63.50,20.778
31952,16233,58.00,18.978
31961,32893,63.50,20.778
31963,16233,58.00,18.978
31971,32893,63.50,20.778
31973,16233,58.00,18.978
31981,32893,63.50,20.778
31983,16233,58.00,18.978
31991,32893,63.50,20.778
31992,16233,58.00,18.978
32001,32893,63.50,20.778
32003,16233,58.00,18.978
32011,32893,63.50,20.778
32013,16233,58.00,18.978
32021,32893,63.50,20.778
32023,16233,58.00,18.978
32030,32893,63.50,20.778
32033,16233,58.00,18.978
32040,32893,63.50,20.778
32043,16233,58.00,18.978
32051,32893,63.50,20.778
32053,16233,58.00,18.978
32061,32893,63.50,20.778
32063,16233,58.00,18.978
32071,32893,63.50,20.778
32073,16233,58.00,18.978
32081,32893,63.50,20.778
32083,16233,58.00,18.978
32091,32893,63.50,20.778
32093,16233,58.00,18.978
32101,32893,63.50,20.778
32103,16233,58.00,18.978
32111,32893,63.50,20.778
32113,16233,58.00,18.978
32121,32893,63.50,20.778
32123,16233,58.00,18.978
32131,32893,63.50,20.778
32133,16233,58.00,18.978
32141,32893,63.50,20.778
32143,16233,58.00,18.978
32150,32893,63.50,20.778
32153,16233,58.00,18.978
32161,32893,63.50,20.778
32163,16233,58.00,18.978
32171,32893,63.50,20.778
32173,16233,58.00,18.978
32181,32893,63.50,20.778
32183,16233,58.00,18.978
32191,32893,63.50,20.778
32193,16233,58.00,18.978
32201,32893,63.50,20.778
32203,16233,58.00,18.978
32211,32893,63.50,20.778
32213,16233,58.00,18.978
32221,32893,63.50,20.778
32223,16233,58.00,18.978
32231,32893,63.50,20.778
32233,16233,58.00,18.978
32241,32893,63.50,20.778
32243,16233,58.00,18.978
32251,32893,63.50,20.778
32253,16233,58.00,18.978
32261,32893,63.50,20.778
32263,16233,58.00,18.978
32271,32893,63.50,20.778
32273,16233,58.00,18.978
32281,32893,63.50,20.778
32283,16233,58.00,18.978
32290,32893,63.50,20.778
32293,16233,58.00,18.978
32301,32893,63.50,20.778
32303,16233,58.00,18.978
32311,32893,63.50,20.778
32313,16233,58.00,18.978
32321,32893,63.50,20.778
32322,16233,58.00,18.978
32330,32893,63.50,20.778
32332,16233,58.00,18.978
32341,32893,63.50,20.778
32343,16233,58.00,18.978
32351,32893,63.50,20.778
32353,16233,58.00,18.978
32361,32893,63.50,20.778
32363,16233,58.00,18.978
32370,32893,63.50,20.778
32372,16233,58.00,18.978
32381,32893,63.50,20.778
32383,16233,58.00,18.978
32391,32893,63.50,20.778
32393,16233,58.00,18.978
32401,32893,63.50,20.778
32403,16233,58.00,18.978
32411,32893,63.50,20.778
32413,16233,58.00,18.978
32421,32893,63.50,20.778
32423,16233,58.00,18.978
32431,32893,63.50,20.778
32433,16233,58.00,18.978
32441,32893,63.50,20.778
32443,16233,58.00,18.978
32451,32893,63.50,20.778
32453,16233,58.00,18.978
32461,32893,63.50,20.778
32462,16233,58.00,18.978
32471,32893,63.50,20.778
32472,16233,58.00,18.978
32481,32893,63.50,20.778
32483,16233,58.00,18.978
32490,32893,63.50,20.778
32492,16233,58.00,18.978
32501,32893,63.50,20.778
32502,16233,58.00,18.978
32511,32893,63.50,20.778
32513,16233,58.00,18.978
32521,32893,63.50,20.778
32523,16233,58.00,18.978
32530,32893,63.50,20.778
32532,16233,58.00,18.978
32541,32893,63.50,20.778
32543,16233,58.00,18.978
32551,32893,63.50,20.778
32553,16233,58.00,18.978
32561,32893,63.50,20.778
32563,16233,58.00,18.978
32571,32893,63.50,20.778
32573,16233,58.00,18.978
32581,32893,63.50,20.778
32583,16233,58.00,18.978
32591,32893,63.50,20.778
32592,16233,58.00,18.978
32601,32893,63.50,20.778
32602,16233,58.00,18.978
32611,32893,63.50,20.778
32613,16233,58.00,18.978
32621,32893,63.50,20.778
32623,16233,58.00,18.978
32631,32893,63.50,20.778
32633,16233,58.00,18.978
32641,32893,63.50,20.778
32643,16233,58.00,18.978
32651,32893,63.50,20.778
32653,16233,58.00,18.978
32661,32893,63.50,20.778
32663,16233,58.00,18.978
32671,32893,63.50,20.778
32672,16233,58.00,18.978
32681,32893,63.50,20.778
32683,16233,58.00,18.978
32690,32893,63.50,20.778
32692,16233,58.00,18.978
32700,32893,63.50,20.778
32702,16233,58.00,18.978
32711,32893,63.50,20.778
32713,16233,58.00,18.978
32720,32893,63.50,20.778
32723,16233,58.00,18.978
32730,32893,63.50,20.778
32732,16233,58.00,18.978
32740,32893,63.50,20.778
32743,16233,58.00,18.978
32751,32893,63.50,20.778
32752,16233,58.00,18.978
32761,32893,63.50,20.778
32762,16233,58.00,18.978
32770,32893,63.50,20.778
32772,16233,58.00,18.978
32780,32893,63.50,20.778
32782,16233,58.00,18.978
32790,32893,63.50,20.778
32793,16233,58.00,18.978
32801,32893,63.50,20.778
32803,16233,58.00,18.978
32811,32893,63.50,20.778
32813,16233,58.00,18.978
32821,32893,63.50,20.778
32823,16233,58.00,18.978
32831,32893,63.50,20.778
32833,16233,58.00,18.978
32841,32893,63.50,20.778
32843,16233,58.00,18.978
32851,32893,63.50,20.778
32853,16233,58.00,18.978
32861,32893,63.50,20.778
32863,16233,58.00,18.978
32871,32893,63.50,20.778
32873,16233,58.00,18.978
32881,32893,63.50,20.778
32883,16233,58.00,18.978
32891,32893,63.50,20.778
32893,16233,58.00,18.978
32901,32893,63.50,20.778
32903,16233,58.00,18.978
32911,32893,63.50,20.778
32913,16233,58.00,18.978
32921,32893,63.50,20.778
32923,16233,58.00,18.978
32931,32893,63.50,20.778
32933,16233,58.00,18.978
32940,32893,63.50,20.778
32943,16233,58.00,18.978
32951,32893,63.50,20.778
32953,16233,58.00,18.978
32961,32893,63.50,20.778
32963,16233,58.00,18.978
32971,32893,63.50,20.778
32972,16233,58.00,18.978
32980,32893,63.50,20.778
32983,16233,58.00,18.978
32991,32893,63.50,20.778
32993,16233,58.00,18.978
33001,32893,63.50,20.778
33003,16233,58.00,18.978
33011,32893,63.50,20.778
33013,16233,58.00,18.978
33021,32893,63.50,20.778
33022,16233,58.00,18.978
33031,32893,63.50,20.778
33033,16233,58.00,18.978
33041,32893,63.50,20.778
33043,16233,58.00,18.978
33051,32893,63.50,20.778
33053,16233,58.00,18.978
33061,32893,63.50,20.778
33063,16233,58.00,18.978
33071,32893,63.50,20.778
33073,16233,58.00,18.978
33080,32893,63.50,20.778
33083,16233,58.00,18.978
33091,32893,63.50,20.778
33093,16233,58.00,18.978
33101,32893,63.50,20.778
33103,16233,58.00,18.978
33111,32893,63.50,20.778
33113,16233,58.00,18.978
33120,32893,63.50,20.778
33123,16233,58.00,18.978
33132,32893,63.50,20.778
33133,16233,58.00,18.978
33141,32893,63.50,20.778
33143,16233,58.00,18.978
33150,32893,63.50,20.778
33153,16233,58.00,18.978
33161,32893,63.50,20.778
33163,16233,58.00,18.978
33171,32893,63.50,20.778
33173,16233,58.00,18.978
33181,32893,63.50,20.778
33183,16233,58.00,18.978
33192,32893,63.50,20.778
33193,16233,58.00,18.978
33201,32893,63.50,20.778
33203,16233,58.00,18.978
33211,32893,63.50,20.778
33213,16233,58.00,18.978
33220,32893,63.50,20.778
33223,16233,58.00,18.978
33231,32893,63.50,20.778
33233,16233,58.00,18.978
33240,32893,63.50,20.778
33243,16233,58.00,18.978
33251,32893,63.50,20.778
33253,16233,58.00,18.978
33261,32893,63.50,20.778
33263,16233,58.00,18.978
33271,32893,63.50,20.778
33273,16233,58.00,18.978
33281,32893,63.50,20.778
33283,16233,58.00,18.978
33290,32893,63.50,20.778
33293,16233,58.00,18.978
33301,32893,63.50,20.778
33303,16233,58.00,18.978
33310,32893,63.50,20.778
33313,16233,58.00,18.978
33321,32893,63.50,20.778
33323,16233,58.00,18.978
33331,32893,63.50,20.778
33333,16233,58.00,18.978
33341,32893,63.50,20.778
33343,16233,58.00,18.978
33351,32893,63.50,20.778
33353,16233,58.00,18.978
33361,32893,63.50,20.778
33363,16233,58.00,18.978
33371,32893,63.50,20.778
33373,16233,58.00,18.978
33381,32893,63.50,20.778
33383,16233,58.00,18.978
33391,32893,63.50,20.778
33393,16233,58.00,18.978
33401,32893,63.50,20.778
33403,16233,58.00,18.978
33411,32893,63.50,20.778
33413,16233,58.00,18.978
33421,32893,63.50,20.778
33423,16233,58.00,18.978
33431,32893,63.50,20.778
33433,16233,58.00,18.978
33441,32893,63.50,20.778
33443,16233,58.00,18.978
33451,32893,63.50,20.778
33453,16233,58.00,18.978
33461,32893,63.50,20.778
33463,16233,58.00,18.978
33471,32893,63.50,20.778
33473,16233,58.00,18.978
33481,32893,63.50,20.778
33483,16233,58.00,18.978
33491,32893,63.50,20.778
33493,16233,58.00,18.978
33501,32893,63.50,20.778
33503,16233,58.00,18.978
33511,32893,63.50,20.778
33513,16233,58.00,18.978
33521,32893,63.50,20.778
33523,16233,58.00,18.978
33531,32893,63.50,20.778
33533,16233,58.00,18.978
33541,32893,63.50,20.778
33543,16233,58.00,18.978
33551,32893,63.50,20.778
33553,16233,58.00,18.978
33561,32893,63.50,20.778
33563,16233,58.00,18.978
33571,32893,63.50,20.778
33573,16233,58.00,18.978
33580,32893,63.50,20.778
33583,16233,58.00,18.978
33591,32893,63.50,20.778
33593,16233,58.00,18.978
33601,32893,63.50,20.778
33603,16233,58.00,18.978
33611,32893,63.50,20.778
33613,16233,58.00,18.978
33621,32893,63.50,20.778
33623,16233,58.00,18.978
33631,32893,63.50,20.778
33633,16233,58.00,18.978
33641,32893,63.50,20.778
33643,16233,58.00,18.978
33650,32893,63.50,20.778
33653,16233,58.00,18.978
33661,32893,63.50,20.778
33663,16233,58.00,18.978
33670,32893,63.50,20.778
33673,16233,58.00,18.978
33681,32893,63.50,20.778
33683,16233,58.00,18.978
33691,32893,63.50,20.778
33693,16233,58.00,18.978
33701,32893,63.50,20.778
33703,16233,58.00,18.978
33711,32893,63.50,20.778
33713,16233,58.00,18.978
33721,32893,63.50,20.778
33723,16233,58.00,18.978
33731,32893,63.50,20.778
33733,16233,58.00,18.978
33741,32893,63.50,20.778
33743,16233,58.00,18.978
33751,32893,63.50,20.778
33753,16233,58.00,18.978
33761,32893,63.50,20.778
33763,16233,58.00,18.978
33771,32893,63.50,20.778
33773,16233,58.00,18.978
33780,32893,63.50,20.778
33783,16233,58.00,18.978
33791,32893,63.50,20.778
33793,16233,58.00,18.978
33801,32893,63.50,20.778
33803,16233,58.00,18.978
33810,32893,63.50,20.778
33813,16233,58.00,18.978
33821,32893,63.50,20.778
33823,16233,58.00,18.978
33831,32893,63.50,20.778
33833,16233,58.00,18.978
33841,32893,63.50,20.778
33843,16233,58.00,18.978
33851,32893,63.50,20.778
33853,16233,58.00,18.978
33861,32893,63.50,20.778
33863,16233,58.00,18.978
33871,32893,63.50,20.778
33873,16233,58.00,18.978
33880,32893,63.50,20.778
33883,16233,58.00,18.978
33891,32893,63.50,20.778
33893,16233,58.00,18.978
33901,32893,63.50,20.778
33903,16233,58.00,18.978
33911,32893,63.50,20.778
33912,16233,58.00,18.978
33921,32893,63.50,20.778
33923,16233,58.00,18.978
33931,32893,63.50,20.778
33933,16233,58.00,18.978
33941,32893,63.50,20.778
33943,16233,58.00,18.978
33951,32893,59.00,19.305
33953,16233,58.00,18.978
33961,32893,59.00,19.305
33963,16233,58.00,18.978
33971,32893,59.00,19.305
33973,16233,58.00,18.978
33981,32893,59.00,19.305
33983,16233,58.00,18.978
33991,32893,59.00,19.305
33993,16233,58.00,18.978
34001,32893,59.00,19.305
34003,16233,58.00,18.978
34011,32893,59.00,19.305
34013,16233,58.00,18.978
34021,32893,59.00,19.305
34023,16233,58.00,18.978
34031,32893,59.00,19.305
34033,16233,58.00,18.978
34041,32893,59.00,19.305
34043,16233,58.00,18.978
34051,32893,59.00,19.305
34053,16233,58.00,18.978
34061,32893,59.00,19.305
34063,16233,58.00,18.978
34071,32893,59.00,19.305
34073,16233,58.00,18.978
34080,32893,59.00,19.305
34083,16233,58.00,18.978
34091,32893,59.00,19.305
34093,16233,58.00,18.978
34101,32893,59.00,19.305
34103,16233,58.00,18.978
34111,32893,59.00,19.305
34113,16233,58.00,18.978
34121,32893,59.00,19.305
34123,16233,58.00,18.978
34131,32893,59.00,19.305
34133,16233,58.00,18.978
34141,32893,59.00,19.305
34143,16233,58.00,18.978
34151,32893,59.00,19.305
34153,16233,58.00,18.978
34161,32893,59.00,19.305
34163,16233,58.00,18.978
34171,32893,59.00,19.305
34173,16233,58.00,18.978
34181,32893,59.00,19.305
34183,16233,58.00,18.978
34191,32893,59.00,19.305
34193,16233,58.00,18.978
34201,32893,59.00,19.305
34203,16233,58.00,18.978
34211,32893,59.00,19.305
34213,16233,58.00,18.978
34221,32893,59.00,19.305
34223,16233,58.00,18.978
34231,32893,59.00,19.305
34233,16233,58.00,18.978
34241,32893,59.00,19.305
34243,16233,58.00,18.978
34251,32893,59.00,19.305
34253,16233,58.00,18.978
34261,32893,59.00,19.305
34263,16233,58.00,18.978
34271,32893,59.00,19.305
34273,16233,58.00,18.978
34281,32893,59.00,19.305
34283,16233,58.00,18.978
34291,32893,59.00,19.305
34293,16233,58.00,18.978
34301,32893,59.00,19.305
34303,16233,58.00,18.978
34311,32893,59.00,19.305
34313,16233,58.00,18.978
34321,32893,59.00,19.305
34323,16233,58.00,18.978
34331,32893,59.00,19.305
34332,16233,58.00,18.978
34341,32893,59.00,19.305
34343,16233,58.00,18.978
34351,32893,59.00,19.305
34353,16233,58.00,18.978
34361,32893,59.00,19.305
34363,16233,58.00,18.978
34371,32893,59.00,19.305
34373,16233,58.00,18.978
34381,32893,59.00,19.305
34382,16233,58.00,18.978
34391,32893,59.00,19.305
34392,16233,58.00,18.978
34401,32893,59.00,19.305
34403,16233,58.00,18.978
34411,32893,59.00,19.305
34413,16233,58.00,18.978
34421,32893,59.00,19.305
34423,16233,58.00,18.978
34431,32893,59.00,19.305
34433,16233,58.00,18.978
34441,32893,59.00,19.305
34443,16233,58.00,18.978
34451,32893,59.00,19.305
34453,16233,58.00,18.978
34461,32893,59.00,19.305
34463,16233,58.00,18.978
34471,32893,59.00,19.305
34473,16233,58.00,18.978
34481,32893,59.00,19.305
34483,16233,58.00,18.978
34491,32893,59.00,19.305
34493,16233,58.00,18.978
34501,32893,59.00,19.305
34503,16233,58.00,18.978
34511,32893,59.00,19.305
34513,16233,58.00,18.978
34521,32893,59.00,19.305
34523,16233,58.00,18.978
34531,32893,59.00,19.305
34533,16233,58.00,18.978
34541,32893,59.00,19.305
34543,16233,58.00,18.978
34551,32893,59.00,19.305
34553,16233,58.00,18.978
34561,32893,59.00,19.305
34563,16233,58.00,18.978
34571,32893,59.00,19.305
34573,16233,58.00,18.978
34581,32893,59.00,19.305
34583,16233,58.00,18.978
34591,32893,59.00,19.305
34593,16233,58.00,18.978
34601,32893,59.00,19.305
34603,16233,58.00,18.978
34611,32893,59.00,19.305
34613,16233,58.00,18.978
34621,32893,59.00,19.305
34623,16233,58.00,18.978
34631,32893,59.00,19.305
34633,16233,58.00,18.978
34641,32893,59.00,19.305
34643,16233,58.00,18.978
34651,32893,59.00,19.305
34653,16233,58.00,18.978
34661,32893,59.00,19.305
34663,16233,58.00,18.978
34670,32893,59.00,19.305
34673,16233,58.00,18.978
34680,32893,59.00,19.305
34683,16233,58.00,18.978
34691,32893,59.00,19.305
34693,16233,58.00,18.978
34701,32893,59.00,19.305
34703,16233,58.00,18.978
34710,32893,59.00,19.305
34713,16233,58.00,18.978
34721,32893,59.00,19.305
34723,16233,58.00,18.978
34731,32893,59.00,19.305
34733,16233,58.00,18.978
34741,32893,59.00,19.305
34743,16233,58.00,18.978
34751,32893,59.00,19.305
34753,16233,58.00,18.978
34761,32893,59.00,19.305
34763,16233,58.00,18.978
34771,32893,59.00,19.305
34773,16233,58.00,18.978
34781,32893,59.00,19.305
34783,16233,58.00,18.978
34791,32893,59.00,19.305
34793,16233,58.00,18.978
34801,32893,59.00,19.305
34803,16233,58.00,18.978
34811,32893,59.00,19.305
34813,16233,58.00,18.978
34821,32893,59.00,19.305
34823,16233,58.00,18.978
34831,32893,59.00,19.305
34833,16233,58.00,18.978
34841,32893,59.00,19.305
34843,16233,58.00,18.978
34851,32893,59.00,19.305
34853,16233,58.00,18.978
34861,32893,59.00,19.305
34863,16233,58.00,18.978
34871,32893,59.00,19.305
34873,16233,58.00,18.978
34881,32893,59.00,19.305
34883,16233,63.50,20.778
34890,32893,59.00,19.305
34893,16233,63.50,20.778
34901,32893,59.00,19.305
34903,16233,63.50,20.778
34910,32893,59.00,19.305
34913,16233,63.50,20.778
34921,32893,59.00,19.305
34923,16233,63.50,20.778
34931,32893,59.00,19.305
34933,16233,63.50,20.778
34941,32893,59.00,19.305
34943,16233,63.50,20.778
34951,32893,59.00,19.305
34953,16233,63.50,20.778
34961,32893,59.00,19.305
34963,16233,63.50,20.778
34971,32893,59.00,19.305
34973,16233,63.50,20.778
34981,32893,59.00,19.305
34983,16233,63.50,20.778
34991,32893,59.00,19.305
34993,16233,63.50,20.778
35001,32893,59.00,19.305
35003,16233,63.50,20.778
35011,32893,59.00,19.305
35013,16233,63.50,20.778
35021,32893,59.00,19.305
35023,16233,63.50,20.778
35031,32893,59.00,19.305
35033,16233,63.50,20.778
35041,32893,59.00,19.305
35043,16233,63.50,20.778
35050,32893,59.00,19.305
35053,16233,63.50,20.778
35061,32893,59.00,19.305
35063,16233,63.50,20.778
35071,32893,59.00,19.305
35073,16233,63.50,20.778
35081,32893,59.00,19.305
35083,16233,63.50,20.778
35091,32893,59.00,19.305
35093,16233,63.50,20.778
35100,32893,59.00,19.305
35103,16233,63.50,20.778
35111,32893,59.00,19.305
35113,16233,63.50,20.778
35121,32893,59.00,19.305
35123,16233,63.50,20.778
35131,32893,59.00,19.305
35133,16233,63.50,20.778
35141,32893,59.00,19.305
35143,16233,63.50,20.778
35150,32893,59.00,19.305
35153,16233,63.50,20.778
35161,32893,59.00,19.305
35163,16233,63.50,20.778
35171,32893,59.00,19.305
35173,16233,63.50,20.778
35181,32893,59.00,19.305
35183,16233,63.50,20.778
35191,32893,59.00,19.305
35193,16233,63.50,20.778
35201,32893,59.00,19.305
35203,16233,63.50,20.778
35211,32893,59.00,19.305
35212,16233,63.50,20.778
35221,32893,59.00,19.305
35223,16233,63.50,20.778
35231,32893,59.00,19.305
35233,16233,63.50,20.778
35242,32893,59.00,19.305
35243,16233,63.50,20.778
35251,32893,59.00,19.305
35253,16233,63.50,20.778
35261,32893,59.00,19.305
35263,16233,63.50,20.778
35271,32893,59.00,19.305
35273,16233,63.50,20.778
35281,32893,59.00,19.305
35283,16233,63.50,20.778
35291,32893,59.00,19.305
35293,16233,63.50,20.778
35301,32893,59.00,19.305
35303,16233,63.50,20.778
35311,32893,59.00,19.305
35313,16233,63.50,20.778
35321,32893,59.00,19.305
35323,16233,63.50,20.778
35331,32893,59.00,19.305
35333,16233,63.50,20.778
35341,32893,59.00,19.305
35343,16233,63.50,20.778
35351,32893,59.00,19.305
35353,16233,63.50,20.778
35361,32893,59.00,19.305
35363,16233,63.50,20.778
35371,32893,59.00,19.305
35373,16233,63.50,20.778
35380,32893,59.00,19.305
35383,16233,63.50,20.778
35391,32893,59.00,19.305
35393,16233,63.50,20.778
35401,32893,59.00,19.305
35403,16233,63.50,20.778
35411,32893,59.00,19.305
35413,16233,63.50,20.778
35420,32893,59.00,19.305
35423,16233,63.50,20.778
35431,32893,59.00,19.305
35433,16233,63.50,20.778
35441,32893,59.00,19.305
35443,16233,63.50,20.778
35450,32893,59.00,19.305
35453,16233,63.50,20.778
35461,32893,59.00,19.305
35463,16233,63.50,20.778
35471,32893,59.00,19.305
35473,16233,63.50,20.778
35481,32893,59.00,19.305
35483,16233,63.50,20.778
35490,32893,59.00,19.305
35493,16233,63.50,20.778
35501,32893,59.00,19.305
35503,16233,63.50,20.778
35510,32893,59.00,19.305
35513,16233,63.50,20.778
35520,32893,59.00,19.305
35523,16233,63.50,20.778
35531,32893,59.00,19.305
35533,16233,63.50,20.778
35541,32893,59.00,19.305
35543,16233,63.50,20.778
35551,32893,59.00,19.305
35553,16233,63.50,20.778
35561,32893,59.00,19.305
35563,16233,63.50,20.778
35571,32893,59.00,19.305
35573,16233,63.50,20.778
35581,32893,59.00,19.305
35583,16233,63.50,20.778
35592,32893,59.00,19.305
35593,16233,63.50,20.778
35601,32893,59.00,19.305
35603,16233,63.50,20.778
35611,32893,59.00,19.305
35613,16233,63.50,20.778
35621,32893,59.00,19.305
35623,16233,63.50,20.778
35631,32893,59.00,19.305
35633,16233,63.50,20.778
35641,32893,59.00,19.305
35643,16233,63.50,20.778
35650,32893,59.00,19.305
35653,16233,63.50,20.778
35661,32893,59.00,19.305
35663,16233,63.50,20.778
35670,32893,59.00,19.305
35673,16233,63.50,20.778
35680,32893,59.00,19.305
35683,16233,63.50,20.778
35691,32893,59.00,19.305
35693,16233,63.50,20.778
35701,32893,59.00,19.305
35703,16233,63.50,20.778
35711,32893,59.00,19.305
35713,16233,63.50,20.778
35721,32893,59.00,19.305
35723,16233,63.50,20.778
35732,32893,59.00,19.305
35733,16233,63.50,20.778
35741,32893,59.00,19.305
35743,16233,63.50,20.778
35751,32893,59.00,19.305
35753,16233,63.50,20.778
35761,32893,59.00,19.305
35762,16233,63.50,20.778
35771,32893,59.00,19.305
35773,16233,63.50,20.778
35782,32893,59.00,19.305
35784,16233,63.50,20.778
35791,32893,59.00,19.305
35793,16233,63.50,20.778
35801,32893,59.00,19.305
35803,16233,63.50,20.778
35811,32893,59.00,19.305
35812,16233,63.50,20.778
35821,32893,59.00,19.305
35823,16233,63.50,20.778
35831,32893,59.00,19.305
35833,16233,63.50,20.778
35841,32893,59.00,19.305
35843,16233,63.50,20.778
35851,32893,59.00,19.305
35853,16233,63.50,20.778
35861,32893,59.00,19.305
35863,16233,63.50,20.778
35871,32893,59.00,19.305
35873,16233,63.50,20.778
35881,32893,59.00,19.305
35883,16233,63.50,20.778
35891,32893,59.00,19.305
35893,16233,63.50,20.778
35901,32893,59.00,19.305
35903,16233,63.50,20.778
35911,32893,59.00,19.305
35913,16233,63.50,20.778
35921,32893,59.00,19.305
35923,16233,63.50,20.778
35931,32893,59.00,19.305
35933,16233,63.50,20.778
35941,32893,59.00,19.305
35943,16233,63.50,20.778
35952,32893,59.00,19.305
35953,16233,63.50,20.778
35961,32893,59.00,19.305
35963,16233,63.50,20.778
35971,32893,59.00,19.305
35973,16233,63.50,20.778
35981,32893,59.00,19.305
35983,16233,63.50,20.778
35991,32893,59.00,19.305
35994,16233,63.50,20.778
36001,32893,59.00,19.305
36003,16233,63.50,20.778
36010,32893,59.00,19.305
36013,16233,63.50,20.778
36020,32893,59.00,19.305
36023,16233,63.50,20.778
36031,32893,59.00,19.305
36033,16233,63.50,20.778
36041,32893,59.00,19.305
36043,16233,63.50,20.778
36051,32893,59.00,19.305
36053,16233,63.50,20.778
36061,32893,59.00,19.305
36062,16233,63.50,20.778
36071,32893,59.00,19.305
36073,16233,63.50,20.778
36081,32893,59.00,19.305
36083,16233,63.50,20.778
36092,32893,59.00,19.305
36092,16233,63.50,20.778
36101,32893,59.00,19.305
36103,16233,63.50,20.778
36111,32893,59.00,19.305
36113,16233,63.50,20.778
36121,32893,59.00,19.305
36123,16233,63.50,20.778
36131,32893,59.00,19.305
36133,16233,63.50,20.778
36141,32893,59.00,19.305
36143,16233,63.50,20.778
36151,32893,59.00,19.305
36152,16233,63.50,20.778
36161,32893,59.00,19.305
36163,16233,63.50,20.778
36171,32893,59.00,19.305
36173,16233,63.50,20.778
36182,32893,59.00,19.305
36183,16233,63.50,20.778
36191,32893,59.00,19.305
36193,16233,63.50,20.778
36200,32893,59.00,19.305
36203,16233,63.50,20.778
36211,32893,59.00,19.305
36213,16233,63.50,20.778
36221,32893,59.00,19.305
36223,16233,63.50,20.778
36231,32893,59.00,19.305
36233,16233,63.50,20.778
36242,32893,59.00,19.305
36243,16233,63.50,20.778
36251,32893,59.00,19.305
36253,16233,63.50,20.778
36261,32893,59.00,19.305
36263,16233,63.50,20.778
36271,32893,59.00,19.305
36273,16233,63.50,20.778
36281,32893,59.00,19.305
36283,16233,63.50,20.778
36291,32893,59.00,19.305
36293,16233,63.50,20.778
36301,32893,59.00,19.305
36303,16233,63.50,20.778
36311,32893,59.00,19.305
36313,16233,63.50,20.778
36321,32893,59.00,19.305
36323,16233,63.50,20.778
36331,32893,59.00,19.305
36333,16233,63.50,20.778
36341,32893,59.00,19.305
36343,16233,63.50,20.778
36351,32893,59.00,19.305
36353,16233,63.50,20.778
36360,32893,59.00,19.305
36363,16233,63.50,20.778
36371,32893,59.00,19.305
36372,16233,63.50,20.778
36381,32893,59.00,19.305
36383,16233,63.50,20.778
36390,32893,59.00,19.305
36392,16233,63.50,20.778
36401,32893,59.00,19.305
36403,16233,63.50,20.778
36411,32893,59.00,19.305
36413,16233,63.50,20.778
36421,32893,59.00,19.305
36422,16233,63.50,20.778
36431,32893,59.00,19.305
36433,16233,63.50,20.778
36441,32893,59.00,19.305
36443,16233,63.50,20.778
36451,32893,59.00,19.305
36453,16233,63.50,20.778
36461,32893,59.00,19.305
36463,16233,63.50,20.778
36471,32893,59.00,19.305
36473,16233,63.50,20.778
36481,32893,59.00,19.305
36483,16233,63.50,20.778
36491,32893,59.00,19.305
36493,16233,63.50,20.778
36501,32893,59.00,19.305
36502,16233,63.50,20.778
36511,32893,59.00,19.305
36513,16233,63.50,20.778
36521,32893,59.00,19.305
36523,16233,63.50,20.778
36531,32893,59.00,19.305
36533,16233,63.50,20.778
36541,32893,59.00,19.305
36543,16233,63.50,20.778
36551,32893,59.00,19.305
36553,16233,63.50,20.778
36561,32893,59.00,19.305
36563,16233,63.50,20.778
36571,32893,59.00,19.305
36573,16233,63.50,20.778
36581,32893,59.00,19.305
36583,16233,63.50,20.778
36591,32893,59.00,19.305
36593,16233,63.50,20.778
36601,32893,59.00,19.305
36603,16233,63.50,20.778
36611,32893,59.00,19.305
36613,16233,63.50,20.778
36620,32893,59.00,19.305
36623,16233,63.50,20.778
36631,32893,59.00,19.305
36632,16233,63.50,20.778
36641,32893,59.00,19.305
36643,16233,63.50,20.778
36651,32893,59.00,19.305
36653,16233,63.50,20.778
36661,32893,59.00,19.305
36663,16233,63.50,20.778
36671,32893,59.00,19.305
36673,16233,63.50,20.778
36681,32893,59.00,19.305
36683,16233,63.50,20.778
36692,32893,59.00,19.305
36693,16233,63.50,20.778
36701,32893,59.00,19.305
36703,16233,63.50,20.778
36711,32893,59.00,19.305
36713,16233,63.50,20.778
36721,32893,59.00,19.305
36723,16233,63.50,20.778
36731,32893,59.00,19.305
36733,16233,63.50,20.778
36741,32893,59.00,19.305
36743,16233,63.50,20.778
36751,32893,59.00,19.305
36753,16233,63.50,20.778
36761,32893,59.00,19.305
36763,16233,63.50,20.778
36771,32893,59.00,19.305
36773,16233,63.50,20.778
36781,32893,59.00,19.305
36783,16233,63.50,20.778
36791,32893,59.00,19.305
36793,16233,63.50,20.778
36801,32893,59.00,19.305
36803,16233,63.50,20.778
36811,32893,59.00,19.305
36813,16233,63.50,20.778
36821,32893,59.00,19.305
36823,16233,63.50,20.778
36831,32893,59.00,19.305
36833,16233,63.50,20.778
36841,32893,59.00,19.305
36843,16233,63.50,20.778
36850,32893,59.00,19.305
36853,16233,63.50,20.778
36861,32893,59.00,19.305
36863,16233,63.50,20.778
36871,32893,59.00,19.305
36873,16233,63.50,20.778
36881,32893,59.00,19.305
36883,16233,63.50,20.778
36891,32893,59.00,19.305
36893,16233,63.50,20.778
36901,32893,59.00,19.305
36903,16233,63.50,20.778
36911,32893,59.00,19.305
36913,16233,63.50,20.778
36921,32893,59.00,19.305
36923,16233,63.50,20.778
36931,32893,59.00,19.305
36933,16233,63.50,20.778
36940,32893,59.00,19.305
36943,16233,63.50,20.778
36950,32893,59.00,19.305
36953,16233,63.50,20.778
36960,32893,59.00,19.305
36962,16233,63.50,20.778
36971,32893,59.00,19.305
36973,16233,63.50,20.778
36980,32893,59.00,19.305
36983,16233,63.50,20.778
36991,32893,59.00,19.305
36992,16233,63.50,20.778
37000,32893,59.00,19.305
37003,16233,63.50,20.778
37010,32893,59.00,19.305
37013,16233,63.50,20.778
37021,32893,59.00,19.305
37023,16233,63.50,20.778
37031,32893,59.00,19.305
37033,16233,63.50,20.778
37041,32893,59.00,19.305
37043,16233,63.50,20.778
37051,32893,59.00,19.305
37053,16233,63.50,20.778
37061,32893,59.00,19.305
37063,16233,63.50,20.778
37071,32893,59.00,19.305
37073,16233,63.50,20.778
37081,32893,59.00,19.305
37083,16233,63.50,20.778
37091,32893,59.00,19.305
37093,16233,63.50,20.778
37100,32893,59.00,19.305
37103,16233,63.50,20.778
37111,32893,59.00,19.305
37113,16233,63.50,20.778
37121,32893,59.00,19.305
37123,16233,63.50,20.778
37131,32893,59.00,19.305
37133,16233,63.50,20.778
37141,32893,59.00,19.305
37143,16233,63.50,20.778
37151,32893,59.00,19.305
37153,16233,63.50,20.778
37161,32893,59.00,19.305
37163,16233,63.50,20.778
37171,32893,59.00,19.305
37173,16233,63.50,20.778
37181,32893,59.00,19.305
37183,16233,63.50,20.778
37191,32893,59.00,19.305
37193,16233,63.50,20.778
37200,32893,59.00,19.305
37203,16233,63.50,20.778
37211,32893,59.00,19.305
37213,16233,63.50,20.778
37220,32893,59.00,19.305
37223,16233,63.50,20.778
37231,32893,59.00,19.305
37233,16233,63.50,20.778
37241,32893,59.00,19.305
37243,16233,63.50,20.778
37251,32893,59.00,19.305
37253,16233,63.50,20.778
37261,32893,59.00,19.305
37263,16233,63.50,20.778
37271,32893,59.00,19.305
37273,16233,63.50,20.778
37281,32893,59.00,19.305
37283,16233,63.50,20.778
37291,32893,59.00,19.305
37293,16233,63.50,20.778
37301,32893,59.00,19.305
37303,16233,63.50,20.778
37311,32893,59.00,19.305
37313,16233,63.50,20.778
37321,32893,59.00,19.305
37323,16233,63.50,20.778
37331,32893,59.00,19.305
37333,16233,63.50,20.778
37341,32893,59.00,19.305
37343,16233,63.50,20.778
37351,32893,59.00,19.305
37353,16233,63.50,20.778
37361,32893,59.00,19.305
37363,16233,63.50,20.778
37371,32893,59.00,19.305
37373,16233,63.50,20.778
37381,32893,59.00,19.305
37383,16233,63.50,20.778
37391,32893,59.00,19.305
37393,16233,63.50,20.778
37401,32893,59.00,19.305
37403,16233,63.50,20.778
37411,32893,59.00,19.305
37413,16233,63.50,20.778
37421,32893,59.00,19.305
37423,16233,63.50,20.778
37431,32893,59.00,19.305
37433,16233,63.50,20.778
37441,32893,59.00,19.305
37443,16233,63.50,20.778
37451,32893,59.00,19.305
37453,16233,63.50,20.778
37461,32893,59.00,19.305
37463,16233,63.50,20.778
37471,32893,59.00,19.305
37473,16233,63.50,20.778
37481,32893,59.00,19.305
37483,16233,63.50,20.778
37491,32893,59.00,19.305
37493,16233,63.50,20.778
37501,32893,59.00,19.305
37503,16233,63.50,20.778
37511,32893,59.00,19.305
37513,16233,63.50,20.778
37520,32893,59.00,19.305
37522,16233,63.50,20.778
37531,32893,59.00,19.305
37533,16233,63.50,20.778
37541,32893,59.00,19.305
37543,16233,63.50,20.778
37551,32893,59.00,19.305
37553,16233,63.50,20.778
37561,32893,59.00,19.305
37563,16233,63.50,20.778
37570,32893,59.00,19.305
37573,16233,63.50,20.778
37581,32893,59.00,19.305
37583,16233,63.50,20.778
37591,32893,59.00,19.305
37593,16233,63.50,20.778
37601,32893,59.00,19.305
37603,16233,63.50,20.778
37611,32893,59.00,19.305
37613,16233,63.50,20.778
37621,32893,59.00,19.305
37623,16233,63.50,20.778
37631,32893,59.00,19.305
37633,16233,63.50,20.778
37641,32893,59.00,19.305
37643,16233,63.50,20.778
37651,32893,59.00,19.305
37653,16233,63.50,20.778
37661,32893,59.00,19.305
37663,16233,63.50,20.778
37671,32893,59.00,19.305
37673,16233,63.50,20.778
37681,32893,59.00,19.305
37683,16233,63.50,20.778
37691,32893,59.00,19.305
37693,16233,63.50,20.778
37701,32893,59.00,19.305
37703,16233,63.50,20.778
37712,32893,59.00,19.305
37713,16233,63.50,20.778
37721,32893,59.00,19.305
37723,16233,63.50,20.778
37731,32893,59.00,19.305
37733,16233,63.50,20.778
37741,32893,59.00,19.305
37743,16233,63.50,20.778
37751,32893,59.00,19.305
37753,16233,63.50,20.778
37761,32893,59.00,19.305
37763,16233,63.50,20.778
37771,32893,59.00,19.305
37773,16233,63.50,20.778
37781,32893,59.00,19.305
37783,16233,63.50,20.778
37791,32893,59.00,19.305
37793,16233,63.50,20.778
37801,32893,59.00,19.305
37803,16233,63.50,20.778
37811,32893,59.00,19.305
37813,16233,63.50,20.778
37821,32893,59.00,19.305
37823,16233,63.50,20.778
37831,32893,59.00,19.305
37833,16233,63.50,20.778
37841,32893,59.00,19.305
37843,16233,63.50,20.778
37851,32893,59.00,19.305
37853,16233,63.50,20.778
37861,32893,59.00,19.305
37863,16233,63.50,20.778
37871,32893,59.00,19.305
37873,16233,63.50,20.778
37881,32893,59.00,19.305
37883,16233,63.50,20.778
37891,32893,59.00,19.305
37893,16233,63.50,20.778
37901,32893,59.00,19.305
37903,16233,63.50,20.778
37911,32893,59.00,19.305
37913,16233,63.50,20.778
37921,32893,59.00,19.305
37923,16233,63.50,20.778
37931,32893,59.00,19.305
37932,16233,63.50,20.778
37941,32893,59.00,19.305
37943,16233,63.50,20.778
37951,32893,59.00,19.305
37953,16233,63.50,20.778
37961,32893,59.00,19.305
37962,16233,63.50,20.778
37970,32893,59.00,19.305
37973,16233,63.50,20.778
37980,32893,59.00,19.305
37982,16233,63.50,20.778
37991,32893,59.00,19.305
37993,16233,63.50,20.778
38000,32893,59.00,19.305
38003,16233,63.50,20.778
38011,32893,59.00,19.305
38012,16233,63.50,20.778
38021,32893,59.00,19.305
38023,16233,63.50,20.778
38031,32893,59.00,19.305
38033,16233,63.50,20.778
38041,32893,59.00,19.305
38043,16233,63.50,20.778
38051,32893,59.00,19.305
38053,16233,63.50,20.778
38061,32893,59.00,19.305
38063,16233,63.50,20.778
38070,32893,59.00,19.305
38073,16233,63.50,20.778
38081,32893,59.00,19.305
38083,16233,63.50,20.778
38091,32893,59.00,19.305
38093,16233,63.50,20.778
38101,32893,59.00,19.305
38103,16233,63.50,20.778
38111,32893,59.00,19.305
38113,16233,63.50,20.778
38121,32893,59.00,19.305
38123,16233,63.50,20.778
38131,32893,59.00,19.305
38133,16233,63.50,20.778
38141,32893,59.00,19.305
38143,16233,63.50,20.778
38151,32893,59.00,19.305
38153,16233,63.50,20.778
38161,32893,59.00,19.305
38163,16233,63.50,20.778
38171,32893,59.00,19.305
38174,16233,63.50,20.778
38181,32893,63.50,20.778
38183,16233,63.50,20.778
38191,32893,63.50,20.778
38192,16233,63.50,20.778
38201,32893,63.50,20.778
38202,16233,63.50,20.778
38211,32893,63.50,20.778
38213,16233,63.50,20.778
38220,32893,63.50,20.778
38223,16233,63.50,20.778
38230,32893,63.50,20.778
38233,16233,63.50,20.778
38241,32893,63.50,20.778
38243,16233,63.50,20.778
38251,32893,63.50,20.778
38253,16233,63.50,20.778
38261,32893,63.50,20.778
38263,16233,63.50,20.778
38271,32893,63.50,20.778
38273,16233,63.50,20.778
38281,32893,63.50,20.778
38283,16233,63.50,20.778
38291,32893,63.50,20.778
38293,16233,63.50,20.778
38301,32893,63.50,20.778
38303,16233,63.50,20.778
38311,32893,63.50,20.778
38313,16233,63.50,20.778
38321,32893,63.50,20.778
38323,16233,63.50,20.778
38331,32893,63.50,20.778
38333,16233,63.50,20.778
38341,32893,63.50,20.778
38343,16233,63.50,20.778
38351,32893,63.50,20.778
38353,16233,63.50,20.778
38361,32893,63.50,20.778
38363,16233,63.50,20.778
38371,32893,63.50,20.778
38373,16233,63.50,20.778
38380,32893,63.50,20.778
38383,16233,63.50,20.778
38391,32893,63.50,20.778
38393,16233,63.50,20.778
38401,32893,63.50,20.778
38403,16233,63.50,20.778
38411,32893,63.50,20.778
38413,16233,63.50,20.778
38421,32893,63.50,20.778
38423,16233,63.50,20.778
38431,32893,63.50,20.778
38432,16233,63.50,20.778
38441,32893,63.50,20.778
38443,16233,63.50,20.778
38451,32893,63.50,20.778
38453,16233,63.50,20.778
38461,32893,63.50,20.778
38463,16233,63.50,20.778
38470,32893,63.50,20.778
38473,16233,63.50,20.778
38481,32893,63.50,20.778
38483,16233,63.50,20.778
38491,32893,63.50,20.778
38493,16233,63.50,20.778
38500,32893,63.50,20.778
38503,16233,63.50,20.778
38511,32893,63.50,20.778
38513,16233,63.50,20.778
38521,32893,63.50,20.778
38523,16233,63.50,20.778
38531,32893,63.50,20.778
38533,16233,63.50,20.778
38541,32893,63.50,20.778
38543,16233,63.50,20.778
38551,32893,63.50,20.778
38553,16233,63.50,20.778
38561,32893,63.50,20.778
38562,16233,63.50,20.778
38571,32893,63.50,20.778
38573,16233,63.50,20.778
38581,32893,63.50,20.778
38583,16233,63.50,20.778
38590,32893,63.50,20.778
38593,16233,63.50,20.778
38600,32893,63.50,20.778
38603,16233,63.50,20.778
38611,32893,63.50,20.778
38613,16233,63.50,20.778
38621,32893,63.50,20.778
38623,16233,63.50,20.778
38631,32893,63.50,20.778
38633,16233,63.50,20.778
38641,32893,63.50,20.778
38643,16233,63.50,20.778
38651,32893,63.50,20.778
38653,16233,63.50,20.778
38661,32893,63.50,20.778
38663,16233,63.50,20.778
38671,32893,63.50,20.778
38673,16233,63.50,20.778
38681,32893,63.50,20.778
38683,16233,63.50,20.778
38691,32893,63.50,20.778
38693,16233,63.50,20.778
38701,32893,63.50,20.778
38703,16233,63.50,20.778
38711,32893,63.50,20.778
38713,16233,63.50,20.778
38721,32893,63.50,20.778
38723,16233,63.50,20.778
38731,32893,63.50,20.778
38733,16233,63.50,20.778
38741,32893,63.50,20.778
38743,16233,63.50,20.778
38751,32893,63.50,20.778
38753,16233,63.50,20.778
38761,32893,63.50,20.778
38763,16233,63.50,20.778
38771,32893,63.50,20.778
38773,16233,63.50,20.778
38781,32893,63.50,20.778
38783,16233,63.50,20.778
38791,32893,63.50,20.778
38793,16233,63.50,20.778
38801,32893,63.50,20.778
38803,16233,63.50,20.778
38811,32893,63.50,20.778
38813,16233,63.50,20.778
38821,32893,63.50,20.778
38823,16233,63.50,20.778
38831,32893,63.50,20.778
38833,16233,63.50,20.778
38841,32893,63.50,20.778
38843,16233,63.50,20.778
38851,32893,63.50,20.778
38853,16233,63.50,20.778
38861,32893,63.50,20.778
38863,16233,63.50,20.778
38871,32893,63.50,20.778
38873,16233,63.50,20.778
38881,32893,63.50,20.778
38884,16233,63.50,20.778
38891,32893,63.50,20.778
38893,16233,63.50,20.778
38901,32893,63.50,20.778
38903,16233,63.50,20.778
38911,32893,63.50,20.778
38913,16233,63.50,20.778
38921,32893,63.50,20.778
38922,16233,63.50,20.778
38931,32893,63.50,20.778
38933,16233,63.50,20.778
38941,32893,63.50,20.778
38943,16233,63.50,20.778
38951,32893,63.50,20.778
38953,16233,63.50,20.778
38961,32893,63.50,20.778
38963,16233,63.50,20.778
38971,32893,63.50,20.778
38973,16233,63.50,20.778
38981,32893,63.50,20.778
38983,16233,63.50,20.778
38991,32893,63.50,20.778
38993,16233,63.50,20.778
39001,32893,63.50,20.778
39003,16233,63.50,20.778
39010,32893,63.50,20.778
39012,16233,63.50,20.778
39021,32893,63.50,20.778
39023,16233,63.50,20.778
39030,32893,63.50,20.778
39033,16233,63.50,20.778
39041,32893,63.50,20.778
39043,16233,63.50,20.778
39050,32893,63.50,20.778
39053,16233,63.50,20.778
39061,32893,63.50,20.778
39063,16233,63.50,20.778
39071,32893,63.50,20.778
39073,16233,63.50,20.778
39080,32893,63.50,20.778
39083,16233,63.50,20.778
39090,32893,63.50,20.778
39093,16233,63.50,20.778
39100,32893,63.50,20.778
39103,16233,63.50,20.778
39111,32893,63.50,20.778
39113,16233,63.50,20.778
39121,32893,63.50,20.778
39123,16233,63.50,20.778
39131,32893,63.50,20.778
39133,16233,63.50,20.778
39140,32893,63.50,20.778
39143,16233,63.50,20.778
39150,32893,63.50,20.778
39153,16233,63.50,20.778
39160,32893,63.50,20.778
39163,16233,63.50,20.778
39170,32893,63.50,20.778
39173,16233,63.50,20.778
39181,32893,63.50,20.778
39183,16233,63.50,20.778
39191,32893,63.50,20.778
39193,16233,63.50,20.778
39201,32893,63.50,20.778
39203,16233,63.50,20.778
39211,32893,63.50,20.778
39212,16233,63.50,20.778
39221,32893,63.50,20.778
39223,16233,63.50,20.778
39231,32893,63.50,20.778
39232,16233,63.50,20.778
39241,32893,63.50,20.778
39242,16233,63.50,20.778
39251,32893,63.50,20.778
39252,16233,63.50,20.778
39261,32893,63.50,20.778
39263,16233,63.50,20.778
39271,32893,63.50,20.778
39273,16233,63.50,20.778
39281,32893,63.50,20.778
39283,16233,63.50,20.778
39291,32893,63.50,20.778
39293,16233,63.50,20.778
39301,32893,63.50,20.778
39303,16233,63.50,20.778
39311,32893,63.50,20.778
39313,16233,63.50,20.778
39321,32893,63.50,20.778
39323,16233,63.50,20.778
39330,32893,63.50,20.778
39333,16233,63.50,20.778
39341,32893,63.50,20.778
39343,16233,63.50,20.778
39351,32893,63.50,20.778
39353,16233,63.50,20.778
39361,32893,63.50,20.778
39363,16233,63.50,20.778
39371,32893,63.50,20.778
39373,16233,63.50,20.778
39381,32893,63.50,20.778
39383,16233,63.50,20.778
39391,32893,63.50,20.778
39393,16233,63.50,20.778
39401,32893,63.50,20.778
39403,16233,63.50,20.778
39410,32893,63.50,20.778
39413,16233,63.50,20.778
39421,32893,63.50,20.778
39422,16233,63.50,20.778
39431,32893,63.50,20.778
39432,16233,63.50,20.778
39441,32893,63.50,20.778
39443,16233,63.50,20.778
39451,32893,63.50,20.778
39453,16233,63.50,20.778
39461,32893,63.50,20.778
39463,16233,63.50,20.778
39470,32893,63.50,20.778
39472,16233,63.50,20.778
39481,32893,63.50,20.778
39483,16233,63.50,20.778
39491,32893,63.50,20.778
39493,16233,63.50,20.778
39501,32893,63.50,20.778
39503,16233,63.50,20.778
39511,32893,63.50,20.778
39513,16233,63.50,20.778
39521,32893,63.50,20.778
39523,16233,63.50,20.778
39530,32893,63.50,20.778
39533,16233,63.50,20.778
39541,32893,63.50,20.778
39543,16233,63.50,20.778
39550,32893,63.50,20.778
39553,16233,63.50,20.778
39561,32893,63.50,20.778
39563,16233,63.50,20.778
39570,32893,63.50,20.778
39573,16233,63.50,20.778
39581,32893,63.50,20.778
39583,16233,63.50,20.778
39591,32893,63.50,20.778
39593,16233,63.50,20.778
39600,32893,63.50,20.778
39603,16233,63.50,20.778
39611,32893,63.50,20.778
39613,16233,63.50,20.778
39620,32893,63.50,20.778
39623,16233,63.50,20.778
39631,32893,63.50,20.778
39633,16233,63.50,20.778
39641,32893,63.50,20.778
39643,16233,63.50,20.778
39651,32893,63.50,20.778
39653,16233,63.50,20.778
39661,32893,63.50,20.778
39663,16233,63.50,20.778
39671,32893,63.50,20.778
39673,16233,63.50,20.778
39680,32893,63.50,20.778
39683,16233,63.50,20.778
39690,32893,63.50,20.778
39693,16233,63.50,20.778
39700,32893,63.50,20.778
39703,16233,63.50,20.778
39711,32893,63.50,20.778
39712,16233,63.50,20.778
39721,32893,63.50,20.778
39722,16233,63.50,20.778
39731,32893,63.50,20.778
39732,16233,63.50,20.778
39741,32893,63.50,20.778
39743,16233,63.50,20.778
39751,32893,63.50,20.778
39753,16233,63.50,20.778
39761,32893,63.50,20.778
39763,16233,63.50,20.778
39771,32893,63.50,20.778
39773,16233,63.50,20.778
39780,32893,63.50,20.778
39782,16233,63.50,20.778
39791,32893,63.50,20.778
39793,16233,63.50,20.778
39801,32893,63.50,20.778
39803,16233,63.50,20.778
39810,32893,63.50,20.778
39812,16233,63.50,20.778
39820,32893,63.50,20.778
39822,16233,63.50,20.778
39831,32893,63.50,20.778
39833,16233,63.50,20.778
39840,32893,63.50,20.778
39842,16233,63.50,20.778
39850,32893,63.50,20.778
39852,16233,63.50,20.778
39861,32893,63.50,20.778
39863,16233,63.50,20.778
39871,32893,63.50,20.778
39873,16233,63.50,20.778
39880,32893,63.50,20.778
39883,16233,63.50,20.778
39890,32893,63.50,20.778
39893,16233,63.50,20.778
39900,32893,63.50,20.778
39903,16233,63.50,20.778
39911,32893,63.50,20.778
39913,16233,63.50,20.778
39920,32893,63.50,20.778
39923,16233,63.50,20.778
39931,32893,63.50,20.778
39933,16233,63.50,20.778
39940,32893,63.50,20.778
39943,16233,63.50,20.778
39951,32893,63.50,20.778
39953,16233,63.50,20.778
39961,32893,63.50,20.778
39963,16233,63.50,20.778
39971,32893,63.50,20.778
39973,16233,63.50,20.778
39980,32893,63.50,20.778
39983,16233,63.50,20.778
39991,32893,63.50,20.778
39993,16233,63.50,20.778
40001,32893,63.50,20.778
40003,16233,63.50,20.778
40011,32893,63.50,20.778
40013,16233,63.50,20.778
40021,32893,63.50,20.778
40022,16233,63.50,20.778
40031,32893,63.50,20.778
40033,16233,63.50,20.778
40041,32893,63.50,20.778
40043,16233,63.50,20.778
40051,32893,63.50,20.778
40053,16233,63.50,20.778
40061,32893,63.50,20.778
40063,16233,63.50,20.778
40071,32893,63.50,20.778
40074,16233,63.50,20.778
40081,32893,63.50,20.778
40083,16233,63.50,20.778
40091,32893,63.50,20.778
40092,16233,63.50,20.778
40101,32893,63.50,20.778
40103,16233,63.50,20.778
40111,32893,63.50,20.778
40113,16233,63.50,20.778
40121,32893,63.50,20.778
40123,16233,63.50,20.778
40131,32893,63.50,20.778
40133,16233,63.50,20.778
40140,32893,63.50,20.778
40143,16233,63.50,20.778
40151,32893,63.50,20.778
40153,16233,63.50,20.778
40161,32893,63.50,20.778
40163,16233,63.50,20.778
40171,32893,63.50,20.778
40173,16233,63.50,20.778
40180,32893,63.50,20.778
40183,16233,63.50,20.778
40191,32893,63.50,20.778
40193,16233,63.50,20.778
40201,32893,63.50,20.778
40203,16233,63.50,20.778
40211,32893,63.50,20.778
40213,16233,63.50,20.778
40221,32893,63.50,20.778
40223,16233,63.50,20.778
40231,32893,63.50,20.778
40233,16233,63.50,20.778
40241,32893,63.50,20.778
40243,16233,63.50,20.778
40251,32893,63.50,20.778
40253,16233,63.50,20.778
40261,32893,63.50,20.778
40263,16233,63.50,20.778
40271,32893,63.50,20.778
40273,16233,63.50,20.778
40281,32893,63.50,20.778
40283,16233,63.50,20.778
40291,32893,63.50,20.778
40293,16233,63.50,20.778
40300,32893,63.50,20.778
40303,16233,63.50,20.778
40311,32893,63.50,20.778
40313,16233,63.50,20.778
40321,32893,63.50,20.778
40323,16233,63.50,20.778
40331,32893,63.50,20.778
40333,16233,63.50,20.778
40341,32893,63.50,20.778
40343,16233,63.50,20.778
40351,32893,63.50,20.778
40353,16233,63.50,20.778
40361,32893,63.50,20.778
40363,16233,63.50,20.778
40371,32893,63.50,20.778
40373,16233,63.50,20.778
40380,32893,63.50,20.778
40383,16233,63.50,20.778
40391,32893,63.50,20.778
40393,16233,63.50,20.778
40401,32893,63.50,20.778
40403,16233,63.50,20.778
40411,32893,63.50,20.778
40413,16233,63.50,20.778
40421,32893,63.50,20.778
40423,16233,63.50,20.778
40431,32893,63.50,20.778
40433,16233,63.50,20.778
40441,32893,63.50,20.778
40443,16233,63.50,20.778
40451,32893,63.50,20.778
40453,16233,63.50,20.778
40461,32893,63.50,20.778
40463,16233,63.50,20.778
40471,32893,63.50,20.778
40473,16233,63.50,20.778
40481,32893,63.50,20.778
40483,16233,63.50,20.778
40490,32893,63.50,20.778
40493,16233,63.50,20.778
40500,32893,63.50,20.778
40503,16233,63.50,20.778
40511,32893,63.50,20.778
40513,16233,63.50,20.778
40520,32893,63.50,20.778
40523,16233,63.50,20.778
40531,32893,63.50,20.778
40533,16233,63.50,20.778
40541,32893,63.50,20.778
40543,16233,63.50,20.778
40551,32893,63.50,20.778
40553,16233,63.50,20.778
40561,32893,63.50,20.778
40563,16233,63.50,20.778
40571,32893,63.50,20.778
40573,16233,63.50,20.778
40581,32893,63.50,20.778
40583,16233,63.50,20.778
40591,32893,63.50,20.778
40593,16233,63.50,20.778
40600,32893,63.50,20.778
40603,16233,63.50,20.778
40611,32893,63.50,20.778
40613,16233,63.50,20.778
40621,32893,63.50,20.778
40623,16233,63.50,20.778
40631,32893,63.50,20.778
40633,16233,63.50,20.778
40640,32893,63.50,20.778
40643,16233,63.50,20.778
40651,32893,63.50,20.778
40653,16233,63.50,20.778
40661,32893,63.50,20.778
40663,16233,63.50,20.778
40671,32893,63.50,20.778
40673,16233,63.50,20.778
40681,32893,63.50,20.778
40683,16233,63.50,20.778
40691,32893,63.50,20.778
40693,16233,63.50,20.778
40701,32893,63.50,20.778
40703,16233,63.50,20.778
40711,32893,63.50,20.778
40713,16233,63.50,20.778
40721,32893,63.50,20.778
40723,16233,63.50,20.778
40731,32893,63.50,20.778
40733,16233,63.50,20.778
40741,32893,63.50,20.778
40743,16233,63.50,20.778
40751,32893,63.50,20.778
40753,16233,63.50,20.778
40761,32893,63.50,20.778
40763,16233,63.50,20.778
40771,32893,63.50,20.778
40773,16233,63.50,20.778
40781,32893,63.50,20.778
40783,16233,63.50,20.778
40791,32893,63.50,20.778
40793,16233,63.50,20.778
40801,32893,63.50,20.778
40803,16233,63.50,20.778
40811,32893,63.50,20.778
40813,16233,63.50,20.778
40821,32893,63.50,20.778
40823,16233,63.50,20.778
40830,32893,63.50,20.778
40832,16233,63.50,20.778
40841,32893,63.50,20.778
40843,16233,63.50,20.778
40851,32893,63.50,20.778
40853,16233,63.50,20.778
40860,32893,63.50,20.778
40863,16233,63.50,20.778
40871,32893,63.50,20.778
40873,16233,63.50,20.778
40881,32893,63.50,20.778
40883,16233,63.50,20.778
40891,32893,63.50,20.778
40893,16233,63.50,20.778
40901,32893,63.50,20.778
40903,16233,63.50,20.778
40911,32893,63.50,20.778
40913,16233,63.50,20.778
40921,32893,63.50,20.778
40923,16233,63.50,20.778
40931,32893,63.50,20.778
40933,16233,63.50,20.778
40941,32893,63.50,20.778
40943,16233,63.50,20.778
40951,32893,63.50,20.778
40953,16233,63.50,20.778
40961,32893,63.50,20.778
40963,16233,63.50,20.778
40971,32893,63.50,20.778
40973,16233,63.50,20.778
40981,32893,63.50,20.778
40983,16233,63.50,20.778
40991,32893,63.50,20.778
40993,16233,63.50,20.778
41001,32893,63.50,20.778
41003,16233,63.50,20.778
41011,32893,63.50,20.778
41013,16233,63.50,20.778
41021,32893,63.50,20.778
41022,16233,63.50,20.778
41031,32893,63.50,20.778
41033,16233,63.50,20.778
41041,32893,63.50,20.778
41043,16233,63.50,20.778
41051,32893,63.50,20.778
41054,16233,63.50,20.778
41061,32893,63.50,20.778
41063,16233,63.50,20.778
41071,32893,63.50,20.778
41073,16233,63.50,20.778
41081,32893,63.50,20.778
41083,16233,63.50,20.778
41091,32893,63.50,20.778
41093,16233,63.50,20.778
41101,32893,63.50,20.778
41103,16233,63.50,20.778
41111,32893,63.50,20.778
41113,16233,63.50,20.778
41121,32893,63.50,20.778
41123,16233,63.50,20.778
41131,32893,63.50,20.778
41133,16233,63.50,20.778
41141,32893,63.50,20.778
41143,16233,63.50,20.778
41150,32893,63.50,20.778
41153,16233,63.50,20.778
41161,32893,63.50,20.778
41163,16233,63.50,20.778
41171,32893,63.50,20.778
41173,16233,63.50,20.778
41180,32893,63.50,20.778
41183,16233,63.50,20.778
41191,32893,63.50,20.778
41193,16233,63.50,20.778
41200,32893,63.50,20.778
41203,16233,63.50,20.778
41210,32893,63.50,20.778
41213,16233,63.50,20.778
41220,32893,63.50,20.778
41223,16233,63.50,20.778
41231,32893,63.50,20.778
41233,16233,63.50,20.778
41241,32893,63.50,20.778
41243,16233,63.50,20.778
41251,32893,63.50,20.778
41253,16233,63.50,20.778
41261,32893,63.50,20.778
41263,16233,63.50,20.778
41271,32893,63.50,20.778
41273,16233,63.50,20.778
41280,32893,63.50,20.778
41283,16233,63.50,20.778
41290,32893,63.50,20.778
41293,16233,63.50,20.778
41301,32893,63.50,20.778
41303,16233,63.50,20.778
41311,32893,63.50,20.778
41313,16233,63.50,20.778
41321,32893,63.50,20.778
41323,16233,63.50,20.778
41330,32893,63.50,20.778
41333,16233,63.50,20.778
41341,32893,63.50,20.778
41343,16233,63.50,20.778
41351,32893,63.50,20.778
41353,16233,63.50,20.778
41361,32893,63.50,20.778
41363,16233,63.50,20.778
41371,32893,63.50,20.778
41373,16233,63.50,20.778
41381,32893,63.50,20.778
41383,16233,63.50,20.778
41391,32893,63.50,20.778
41393,16233,63.50,20.778
41401,32893,63.50,20.778
41403,16233,63.50,20.778
41411,32893,63.50,20.778
41413,16233,63.50,20.778
41421,32893,63.50,20.778
41423,16233,63.50,20.778
41431,32893,63.50,20.778
41433,16233,63.50,20.778
41442,32893,63.50,20.778
41443,16233,63.50,20.778
41451,32893,63.50,20.778
41453,16233,63.50,20.778
41461,32893,63.50,20.778
41463,16233,63.50,20.778
41471,32893,63.50,20.778
41473,16233,63.50,20.778
41480,32893,63.50,20.778
41484,16233,63.50,20.778
41491,32893,63.50,20.778
41493,16233,63.50,20.778
41501,32893,63.50,20.778
41503,16233,63.50,20.778
41511,32893,63.50,20.778
41513,16233,63.50,20.778
41521,32893,63.50,20.778
41523,16233,63.50,20.778
41530,32893,63.50,20.778
41533,16233,63.50,20.778
41541,32893,63.50,20.778
41543,16233,63.50,20.778
41551,32893,63.50,20.778
41553,16233,63.50,20.778
41560,32893,63.50,20.778
41563,16233,63.50,20.778
41571,32893,63.50,20.778
41573,16233,63.50,20.778
41581,32893,63.50,20.778
41583,16233,63.50,20.778
41591,32893,63.50,20.778
41593,16233,63.50,20.778
41601,32893,63.50,20.778
41603,16233,63.50,20.778
41611,32893,63.50,20.778
41613,16233,63.50,20.778
41621,32893,63.50,20.778
41623,16233,63.50,20.778
41632,32893,63.50,20.778
41633,16233,63.50,20.778
41641,32893,63.50,20.778
41643,16233,63.50,20.778
41650,32893,63.50,20.778
41653,16233,63.50,20.778
41661,32893,63.50,20.778
41663,16233,63.50,20.778
41671,32893,63.50,20.778
41673,16233,63.50,20.778
41681,32893,63.50,20.778
41683,16233,63.50,20.778
41691,32893,63.50,20.778
41693,16233,63.50,20.778
41701,32893,63.50,20.778
41703,16233,63.50,20.778
41711,32893,63.50,20.778
41713,16233,63.50,20.778
41721,32893,63.50,20.778
41723,16233,63.50,20.778
41731,32893,63.50,20.778
41733,16233,63.50,20.778
41741,32893,63.50,20.778
41743,16233,63.50,20.778
41751,32893,63.50,20.778
41753,16233,63.50,20.778
41760,32893,63.50,20.778
41763,16233,63.50,20.778
41770,32893,63.50,20.778
41773,16233,63.50,20.778
41781,32893,63.50,20.778
41783,16233,63.50,20.778
41791,32893,63.50,20.778
41793,16233,63.50,20.778
41801,32893,63.50,20.778
41803,16233,63.50,20.778
41811,32893,63.50,20.778
41813,16233,63.50,20.778
41821,32893,63.50,20.778
41823,16233,63.50,20.778
41831,32893,63.50,20.778
41833,16233,63.50,20.778
41841,32893,63.50,20.778
41843,16233,63.50,20.778
41850,32893,63.50,20.778
41853,16233,63.50,20.778
41861,32893,63.50,20.778
41863,16233,63.50,20.778
41871,32893,63.50,20.778
41873,16233,63.50,20.778
41881,32893,63.50,20.778
41883,16233,63.50,20.778
41891,32893,63.50,20.778
41893,16233,63.50,20.778
41901,32893,63.50,20.778
41903,16233,63.50,20.778
41911,32893,63.50,20.778
41913,16233,63.50,20.778
41921,32893,63.50,20.778
41923,16233,63.50,20.778
41931,32893,63.50,20.778
41933,16233,63.50,20.778
41941,32893,63.50,20.778
41943,16233,63.50,20.778
41951,32893,63.50,20.778
41953,16233,63.50,20.778
41961,32893,63.50,20.778
41964,16233,63.50,20.778
41971,32893,63.50,20.778
41973,16233,63.50,20.778
41981,32893,63.50,20.778
41983,16233,63.50,20.778
41991,32893,63.50,20.778
41993,16233,63.50,20.778
42000,32893,63.50,20.778
42003,16233,63.50,20.778
42011,32893,63.50,20.778
42013,16233,63.50,20.778
42021,32893,63.50,20.778
42023,16233,63.50,20.778
42031,32893,63.50,20.778
42033,16233,63.50,20.778
42041,32893,63.50,20.778
42043,16233,63.50,20.778
42051,32893,63.50,20.778
42053,16233,63.50,20.778
42061,32893,63.50,20.778
42063,16233,63.50,20.778
42071,32893,63.50,20.778
42073,16233,63.50,20.778
42081,32893,63.50,20.778
42083,16233,63.50,20.778
42091,32893,63.50,20.778
42093,16233,63.50,20.778
42101,32893,63.50,20.778
42103,16233,63.50,20.778
42111,32893,63.50,20.778
42113,16233,63.50,20.778
42121,32893,63.50,20.778
42123,16233,63.50,20.778
42131,32893,63.50,20.778
42133,16233,63.50,20.778
42141,32893,63.50,20.778
42143,16233,63.50,20.778
42151,32893,63.50,20.778
42153,16233,63.50,20.778
42161,32893,63.50,20.778
42163,16233,63.50,20.778
42171,32893,63.50,20.778
42173,16233,63.50,20.778
42181,32893,63.50,20.778
42184,16233,63.50,20.778
42191,32893,63.50,20.778
42193,16233,63.50,20.778
42201,32893,63.50,20.778
42203,16233,63.50,20.778
42211,32893,63.50,20.778
42213,16233,63.50,20.778
42221,32893,63.50,20.778
42223,16233,63.50,20.778
42231,32893,63.50,20.778
42233,16233,63.50,20.778
42241,32893,63.50,20.778
42243,16233,63.50,20.778
42251,32893,63.50,20.778
42253,16233,63.50,20.778
42261,32893,63.50,20.778
42263,16233,63.50,20.778
42271,32893,63.50,20.778
42273,16233,63.50,20.778
42281,32893,63.50,20.778
42283,16233,63.50,20.778
42291,32893,63.50,20.778
42293,16233,63.50,20.778
42301,32893,63.50,20.778
42303,16233,63.50,20.778
42311,32893,63.50,20.778
42313,16233,63.50,20.778
42321,32893,63.50,20.778
42323,16233,63.50,20.778
42331,32893,63.50,20.778
42333,16233,63.50,20.778
42341,32893,63.50,20.778
42343,16233,63.50,20.778
42351,32893,63.50,20.778
42353,16233,63.50,20.778
42361,32893,63.50,20.778
42363,16233,63.50,20.778
42371,32893,63.50,20.778
42373,16233,63.50,20.778
42381,32893,63.50,20.778
42383,16233,63.50,20.778
42391,32893,63.50,20.778
42393,16233,63.50,20.778
42401,32893,63.50,20.778
42403,16233,63.50,20.778
42411,32893,63.50,20.778
42413,16233,63.50,20.778
42421,32893,63.50,20.778
42423,16233,63.50,20.778
42431,32893,63.50,20.778
42433,16233,63.50,20.778
42441,32893,63.50,20.778
42443,16233,63.50,20.778
42450,32893,63.50,20.778
42453,16233,63.50,20.778
42461,32893,63.50,20.778
42463,16233,63.50,20.778
42471,32893,63.50,20.778
42473,16233,63.50,20.778
42481,32893,63.50,20.778
42483,16233,63.50,20.778
42491,32893,63.50,20.778
42493,16233,63.50,20.778
42501,32893,63.50,20.778
42502,16233,63.50,20.778
42511,32893,63.50,20.778
42513,16233,63.50,20.778
42521,32893,63.50,20.778
42523,16233,63.50,20.778
42530,32893,63.50,20.778
42533,16233,63.50,20.778
42541,32893,63.50,20.778
42543,16233,63.50,20.778
42551,32893,63.50,20.778
42553,16233,63.50,20.778
42561,32893,63.50,20.778
42563,16233,63.50,20.778
42571,32893,63.50,20.778
42573,16233,63.50,20.778
42581,32893,63.50,20.778
42583,16233,63.50,20.778
42591,32893,63.50,20.778
42593,16233,63.50,20.778
42601,32893,63.50,20.778
42603,16233,63.50,20.778
42611,32893,63.50,20.778
42613,16233,63.50,20.778
42621,32893,63.50,20.778
42623,16233,63.50,20.778
42631,32893,63.50,20.778
42633,16233,63.50,20.778
42641,32893,63.50,20.778
42643,16233,63.50,20.778
42651,32893,63.50,20.778
42653,16233,63.50,20.778
42661,32893,63.50,20.778
42663,16233,63.50,20.778
42671,32893,63.50,20.778
42673,16233,63.50,20.778
42681,32893,63.50,20.778
42683,16233,63.50,20.778
42691,32893,63.50,20.778
42693,16233,63.50,20.778
42701,32893,63.50,20.778
42703,16233,63.50,20.778
42711,32893,63.50,20.778
42713,16233,63.50,20.778
42721,32893,63.50,20.778
42723,16233,63.50,20.778
42731,32893,63.50,20.778
42733,16233,63.50,20.778
42741,32893,63.50,20.778
42743,16233,63.50,20.778
42751,32893,63.50,20.778
42753,16233,63.50,20.778
42761,32893,63.50,20.778
42763,16233,63.50,20.778
42771,32893,63.50,20.778
42773,16233,63.50,20.778
42781,32893,63.50,20.778
42783,16233,63.50,20.778
42791,32893,63.50,20.778
42793,16233,63.50,20.778
42801,32893,63.50,20.778
42803,16233,63.50,20.778
42811,32893,63.50,20.778
42813,16233,63.50,20.778
42821,32893,63.50,20.778
42823,16233,63.50,20.778
42831,32893,63.50,20.778
42833,16233,63.50,20.778
42841,32893,63.50,20.778
42842,16233,63.50,20.778
42851,32893,63.50,20.778
42853,16233,63.50,20.778
42861,32893,63.50,20.778
42863,16233,63.50,20.778
42872,32893,63.50,20.778
42873,16233,63.50,20.778
42881,32893,63.50,20.778
42883,16233,63.50,20.778
42891,32893,63.50,20.778
42893,16233,63.50,20.778
42901,32893,63.50,20.778
42903,16233,63.50,20.778
42911,32893,63.50,20.778
42913,16233,63.50,20.778
42921,32893,63.50,20.778
42923,16233,63.50,20.778
42931,32893,63.50,20.778
42933,16233,63.50,20.778
42941,32893,63.50,20.778
42943,16233,63.50,20.778
42951,32893,63.50,20.778
42953,16233,63.50,20.778
42961,32893,63.50,20.778
42963,16233,63.50,20.778
42971,32893,63.50,20.778
42973,16233,63.50,20.778
42980,32893,63.50,20.778
42983,16233,63.50,20.778
42991,32893,63.50,20.778
42993,16233,63.50,20.778
43001,32893,63.50,20.778
43003,16233,63.50,20.778
43011,32893,63.50,20.778
43013,16233,63.50,20.778
43021,32893,63.50,20.778
43023,16233,63.50,20.778
43030,32893,63.50,20.778
43033,16233,63.50,20.778
43041,32893,63.50,20.778
43043,16233,63.50,20.778
43051,32893,63.50,20.778
43053,16233,63.50,20.778
43061,32893,63.50,20.778
43063,16233,63.50,20.778
43071,32893,63.50,20.778
43073,16233,63.50,20.778
43081,32893,63.50,20.778
43083,16233,63.50,20.778
43091,32893,63.50,20.778
43093,16233,63.50,20.778
43101,32893,63.50,20.778
43103,16233,63.50,20.778
43111,32893,63.50,20.778
43113,16233,63.50,20.778
43121,32893,63.50,20.778
43123,16233,63.50,20.778
43131,32893,63.50,20.778
43133,16233,63.50,20.778
43141,32893,63.50,20.778
43143,16233,63.50,20.778
43151,32893,63.50,20.778
43153,16233,63.50,20.778
43161,32893,63.50,20.778
43163,16233,63.50,20.778
43170,32893,63.50,20.778
43173,16233,63.50,20.778
43181,32893,63.50,20.778
43183,16233,63.50,20.778
43191,32893,63.50,20.778
43193,16233,63.50,20.778
43201,32893,63.50,20.778
43203,16233,63.50,20.778
43211,32893,63.50,20.778
43213,16233,63.50,20.778
43221,32893,63.50,20.778
43223,16233,63.50,20.778
43231,32893,63.50,20.778
43233,16233,63.50,20.778
43241,32893,63.50,20.778
43243,16233,63.50,20.778
43251,32893,63.50,20.778
43253,16233,63.50,20.778
43261,32893,63.50,20.778
43263,16233,63.50,20.778
43271,32893,63.50,20.778
43273,16233,63.50,20.778
43281,32893,63.50,20.778
43283,16233,63.50,20.778
43291,32893,63.50,20.778
43293,16233,63.50,20.778
43301,32893,63.50,20.778
43303,16233,63.50,20.778
43311,32893,63.50,20.778
43313,16233,63.50,20.778
43322,32893,63.50,20.778
43323,16233,63.50,20.778
43331,32893,63.50,20.778
43333,16233,63.50,20.778
43340,32893,63.50,20.778
43343,16233,63.50,20.778
43351,32893,63.50,20.778
43353,16233,63.50,20.778
43361,32893,63.50,20.778
43363,16233,63.50,20.778
43371,32893,63.50,20.778
43373,16233,63.50,20.778
43381,32893,63.50,20.778
43383,16233,63.50,20.778
43391,32893,63.50,20.778
43393,16233,63.50,20.778
43401,32893,63.50,20.778
43403,16233,63.50,20.778
43411,32893,63.50,20.778
43413,16233,63.50,20.778
43421,32893,63.50,20.778
43423,16233,63.50,20.778
43431,32893,63.50,20.778
43433,16233,63.50,20.778
43441,32893,63.50,20.778
43443,16233,63.50,20.778
43451,32893,63.50,20.778
43453,16233,63.50,20.778
43461,32893,63.50,20.778
43463,16233,63.50,20.778
43471,32893,63.50,20.778
43473,16233,63.50,20.778
43481,32893,63.50,20.778
43483,16233,63.50,20.778
43491,32893,63.50,20.778
43493,16233,63.50,20.778
43501,32893,63.50,20.778
43503,16233,63.50,20.778
43511,32893,63.50,20.778
43513,16233,63.50,20.778
43521,32893,63.50,20.778
43523,16233,63.50,20.778
43531,32893,63.50,20.778
43533,16233,63.50,20.778
43541,32893,63.50,20.778
43543,16233,63.50,20.778
43551,32893,63.50,20.778
43553,16233,63.50,20.778
43560,32893,63.50,20.778
43563,16233,63.50,20.778
43571,32893,63.50,20.778
43573,16233,63.50,20.778
43581,32893,63.50,20.778
43583,16233,63.50,20.778
43591,32893,63.50,20.778
43593,16233,63.50,20.778
43601,32893,63.50,20.778
43603,16233,63.50,20.778
43611,32893,63.50,20.778
43612,16233,63.50,20.778
43621,32893,63.50,20.778
43623,16233,63.50,20.778
43631,32893,63.50,20.778
43633,16233,63.50,20.778
43640,32893,63.50,20.778
43643,16233,63.50,20.778
43651,32893,63.50,20.778
43653,16233,63.50,20.778
43661,32893,63.50,20.778
43663,16233,63.50,20.778
43671,32893,63.50,20.778
43673,16233,63.50,20.778
43681,32893,63.50,20.778
43683,16233,63.50,20.778
43691,32893,63.50,20.778
43693,16233,63.50,20.778
43701,32893,63.50,20.778
43703,16233,63.50,20.778
43711,32893,63.50,20.778
43713,16233,63.50,20.778
43721,32893,63.50,20.778
43723,16233,63.50,20.778
43731,32893,63.50,20.778
43733,16233,63.50,20.778
43741,32893,63.50,20.778
43743,16233,63.50,20.778
43750,32893,63.50,20.778
43753,16233,63.50,20.778
43761,32893,63.50,20.778
43763,16233,63.50,20.778
43771,32893,63.50,20.778
43773,16233,63.50,20.778
43781,32893,63.50,20.778
43783,16233,63.50,20.778
43791,32893,63.50,20.778
43793,16233,63.50,20.778
43801,32893,63.50,20.778
43803,16233,63.50,20.778
43811,32893,63.50,20.778
43813,16233,63.50,20.778
43821,32893,63.50,20.778
43823,16233,63.50,20.778
43831,32893,63.50,20.778
43833,16233,63.50,20.778
43841,32893,63.50,20.778
43843,16233,63.50,20.778
43851,32893,63.50,20.778
43852,16233,63.50,20.778
43861,32893,63.50,20.778
43863,16233,63.50,20.778
43871,32893,63.50,20.778
43873,16233,63.50,20.778
43881,32893,63.50,20.778
43883,16233,63.50,20.778
43891,32893,63.50,20.778
43893,16233,63.50,20.778
43901,32893,63.50,20.778
43903,16233,63.50,20.778
43911,32893,63.50,20.778
43913,16233,63.50,20.778
43921,32893,63.50,20.778
43923,16233,63.50,20.778
43931,32893,63.50,20.778
43933,16233,63.50,20.778
43941,32893,63.50,20.778
43943,16233,63.50,20.778
43951,32893,63.50,20.778
43953,16233,63.50,20.778
43961,32893,63.50,20.778
43962,16233,63.50,20.778
43971,32893,63.50,20.778
43973,16233,63.50,20.778
43981,32893,63.50,20.778
43983,16233,63.50,20.778
43991,32893,63.50,20.778
43993,16233,63.50,20.778
44001,32893,63.50,20.778
44003,16233,63.50,20.778
44011,32893,63.50,20.778
44013,16233,63.50,20.778
44021,32893,63.50,20.778
44023,16233,63.50,20.778
44031,32893,63.50,20.778
44033,16233,63.50,20.778
44041,32893,63.50,20.778
44043,16233,63.50,20.778
44050,32893,63.50,20.778
44053,16233,63.50,20.778
44061,32893,63.50,20.778
44064,16233,63.50,20.778
44071,32893,63.50,20.778
44073,16233,63.50,20.778
44081,32893,63.50,20.778
44083,16233,63.50,20.778
44091,32893,63.50,20.778
44093,16233,63.50,20.778
44101,32893,63.50,20.778
44103,16233,63.50,20.778
44111,32893,63.50,20.778
44113,16233,63.50,20.778
44121,32893,63.50,20.778
44123,16233,63.50,20.778
44131,32893,63.50,20.778
44132,16233,63.50,20.778
44141,32893,63.50,20.778
44143,16233,63.50,20.778
44151,32893,63.50,20.778
44153,16233,63.50,20.778
44161,32893,63.50,20.778
44163,16233,63.50,20.778
44171,32893,63.50,20.778
44173,16233,63.50,20.778
44181,32893,63.50,20.778
44183,16233,63.50,20.778
44191,32893,63.50,20.778
44193,16233,63.50,20.778
44201,32893,63.50,20.778
44203,16233,63.50,20.778
44211,32893,63.50,20.778
44213,16233,63.50,20.778
44221,32893,63.50,20.778
44223,16233,63.50,20.778
44231,32893,63.50,20.778
44233,16233,63.50,20.778
44241,32893,63.50,20.778
44243,16233,63.50,20.778
44251,32893,63.50,20.778
44253,16233,63.50,20.778
44261,32893,63.50,20.778
44263,16233,63.50,20.778
44270,32893,63.50,20.778
44273,16233,63.50,20.778
44281,32893,63.50,20.778
44283,16233,63.50,20.778
44291,32893,63.50,20.778
44293,16233,63.50,20.778
44301,32893,63.50,20.778
44303,16233,63.50,20.778
44310,32893,63.50,20.778
44313,16233,63.50,20.778
44321,32893,63.50,20.778
44323,16233,63.50,20.778
44331,32893,63.50,20.778
44333,16233,63.50,20.778
44340,32893,63.50,20.778
44343,16233,63.50,20.778
44351,32893,63.50,20.778
44353,16233,63.50,20.778
44361,32893,63.50,20.778
44363,16233,63.50,20.778
44371,32893,63.50,20.778
44373,16233,63.50,20.778
44381,32893,63.50,20.778
44383,16233,63.50,20.778
44390,32893,63.50,20.778
44393,16233,63.50,20.778
44401,32893,63.50,20.778
44403,16233,63.50,20.778
44411,32893,63.50,20.778
44413,16233,63.50,20.778
44421,32893,63.50,20.778
44423,16233,63.50,20.778
44431,32893,63.50,20.778
44433,16233,63.50,20.778
44441,32893,63.50,20.778
44443,16233,63.50,20.778
44451,32893,63.50,20.778
44453,16233,63.50,20.778
44461,32893,63.50,20.778
44463,16233,63.50,20.778
44471,32893,63.50,20.778
44473,16233,63.50,20.778
44481,32893,63.50,20.778
44483,16233,63.50,20.778
44490,32893,63.50,20.778
44493,16233,63.50,20.778
44501,32893,63.50,20.778
44503,16233,63.50,20.778
44511,32893,63.50,20.778
44513,16233,63.50,20.778
44520,32893,63.50,20.778
44523,16233,63.50,20.778
44530,32893,63.50,20.778
44533,16233,63.50,20.778
44541,32893,63.50,20.778
44543,16233,63.50,20.778
44551,32893,63.50,20.778
44553,16233,63.50,20.778
44561,32893,63.50,20.778
44563,16233,63.50,20.778
44571,32893,63.50,20.778
44573,16233,63.50,20.778
44581,32893,63.50,20.778
44583,16233,63.50,20.778
44591,32893,63.50,20.778
44593,16233,63.50,20.778
44601,32893,63.50,20.778
44603,16233,63.50,20.778
44611,32893,63.50,20.778
44613,16233,63.50,20.778
44621,32893,63.50,20.778
44623,16233,63.50,20.778
44631,32893,63.50,20.778
44633,16233,63.50,20.778
44641,32893,63.50,20.778
44643,16233,63.50,20.778
44651,32893,63.50,20.778
44653,16233,63.50,20.778
44660,32893,63.50,20.778
44663,16233,63.50,20.778
44671,32893,63.50,20.778
44673,16233,63.50,20.778
44681,32893,63.50,20.778
44683,16233,63.50,20.778
44691,32893,63.50,20.778
44693,16233,63.50,20.778
44701,32893,63.50,20.778
44703,16233,63.50,20.778
44711,32893,63.50,20.778
44713,16233,63.50,20.778
44721,32893,63.50,20.778
44723,16233,63.50,20.778
44731,32893,63.50,20.778
44733,16233,63.50,20.778
44741,32893,63.50,20.778
44743,16233,63.50,20.778
44750,32893,63.50,20.778
44753,16233,63.50,20.778
44761,32893,63.50,20.778
44763,16233,63.50,20.778
44771,32893,63.50,20.778
44773,16233,63.50,20.778
44781,32893,63.50,20.778
44783,16233,63.50,20.778
44791,32893,63.50,20.778
44793,16233,63.50,20.778
44801,32893,63.50,20.778
44803,16233,63.50,20.778
44811,32893,63.50,20.778
44813,16233,63.50,20.778
44820,32893,63.50,20.778
44823,16233,63.50,20.778
44830,32893,63.50,20.778
44833,16233,63.50,20.778
44841,32893,63.50,20.778
44843,16233,63.50,20.778
44851,32893,63.50,20.778
44853,16233,63.50,20.778
44861,32893,63.50,20.778
44863,16233,63.50,20.778
44871,32893,63.50,20.778
44873,16233,63.50,20.778
44881,32893,63.50,20.778
44883,16233,63.50,20.778
44891,32893,63.50,20.778
44893,16233,63.50,20.778
44901,32893,63.50,20.778
44903,16233,63.50,20.778
44911,32893,63.50,20.778
44913,16233,63.50,20.778
44920,32893,63.50,20.778
44922,16233,63.50,20.778
44930,32893,63.50,20.778
44933,16233,63.50,20.778
44941,32893,63.50,20.778
44943,16233,63.50,20.778
44951,32893,63.50,20.778
44953,16233,63.50,20.778
44961,32893,63.50,20.778
44963,16233,63.50,20.778
44971,32893,63.50,20.778
44973,16233,63.50,20.778
44980,32893,63.50,20.778
44983,16233,63.50,20.778
44991,32893,63.50,20.778
44993,16233,63.50,20.778
45001,32893,63.50,20.778
45003,16233,63.50,20.778
45011,32893,63.50,20.778
45013,16233,63.50,20.778
45021,32893,63.50,20.778
45023,16233,63.50,20.778
45030,32893,63.50,20.778
45033,16233,63.50,20.778
45040,32893,63.50,20.778
45043,16233,63.50,20.778
45051,32893,63.50,20.778
45053,16233,63.50,20.778
45061,32893,63.50,20.778
45063,16233,63.50,20.778
45070,32893,63.50,20.778
45073,16233,63.50,20.778
45080,32893,63.50,20.778
45083,16233,63.50,20.778
45091,32893,63.50,20.778
45093,16233,63.50,20.778
45101,32893,63.50,20.778
45103,16233,63.50,20.778
45111,32893,63.50,20.778
45113,16233,63.50,20.778
45121,32893,63.50,20.778
45123,16233,63.50,20.778
45131,32893,63.50,20.778
45133,16233,63.50,20.778
45140,32893,63.50,20.778
45143,16233,63.50,20.778
45151,32893,63.50,20.778
45153,16233,63.50,20.778
45161,32893,63.50,20.778
45163,16233,63.50,20.778
45171,32893,63.50,20.778
45173,16233,63.50,20.778
45181,32893,63.50,20.778
45183,16233,63.50,20.778
45191,32893,63.50,20.778
45193,16233,63.50,20.778
45201,32893,63.50,20.778
45203,16233,63.50,20.778
45211,32893,63.50,20.778
45212,16233,63.50,20.778
45221,32893,63.50,20.778
45223,16233,63.50,20.778
45231,32893,63.50,20.778
45233,16233,63.50,20.778
45241,32893,63.50,20.778
45243,16233,63.50,20.778
45251,32893,63.50,20.778
45253,16233,63.50,20.778
45261,32893,63.50,20.778
45263,16233,63.50,20.778
45271,32893,63.50,20.778
45273,16233,63.50,20.778
45281,32893,63.50,20.778
45283,16233,63.50,20.778
45290,32893,63.50,20.778
45293,16233,63.50,20.778
45301,32893,63.50,20.778
45303,16233,63.50,20.778
45311,32893,63.50,20.778
45313,16233,63.50,20.778
45321,32893,63.50,20.778
45323,16233,63.50,20.778
45331,32893,63.50,20.778
45333,16233,63.50,20.778
45340,32893,63.50,20.778
45343,16233,63.50,20.778
45351,32893,63.50,20.778
45353,16233,63.50,20.778
45361,32893,63.50,20.778
45363,16233,63.50,20.778
45371,32893,63.50,20.778
45373,16233,63.50,20.778
45381,32893,63.50,20.778
45383,16233,63.50,20.778
45391,32893,63.50,20.778
45393,16233,63.50,20.778
45401,32893,63.50,20.778
45403,16233,63.50,20.778
45411,32893,63.50,20.778
45413,16233,63.50,20.778
45421,32893,63.50,20.778
45423,16233,63.50,20.778
45431,32893,63.50,20.778
45433,16233,63.50,20.778
45441,32893,63.50,20.778
45443,16233,63.50,20.778
45451,32893,63.50,20.778
45453,16233,63.50,20.778
45461,32893,63.50,20.778
45463,16233,63.50,20.778
45470,32893,63.50,20.778
45473,16233,63.50,20.778
45481,32893,63.50,20.778
45483,16233,63.50,20.778
45491,32893,63.50,20.778
45493,16233,63.50,20.778
45501,32893,63.50,20.778
45503,16233,63.50,20.778
45511,32893,63.50,20.778
45513,16233,63.50,20.778
45520,32893,63.50,20.778
45523,16233,63.50,20.778
45530,32893,63.50,20.778
45533,16233,63.50,20.778
45541,32893,63.50,20.778
45543,16233,63.50,20.778
45550,32893,63.50,20.778
45553,16233,63.50,20.778
45561,32893,63.50,20.778
45563,16233,63.50,20.778
45571,32893,63.50,20.778
45573,16233,63.50,20.778
45581,32893,63.50,20.778
45583,16233,63.50,20.778
45591,32893,63.50,20.778
45593,16233,63.50,20.778
45601,32893,63.50,20.778
45603,16233,63.50,20.778
45611,32893,63.50,20.778
45613,16233,63.50,20.778
45621,32893,63.50,20.778
45623,16233,63.50,20.778
45631,32893,63.50,20.778
45633,16233,63.50,20.778
45641,32893,63.50,20.778
45643,16233,63.50,20.778
45651,32893,63.50,20.778
45653,16233,63.50,20.778
45661,32893,63.50,20.778
45663,16233,63.50,20.778
45671,32893,63.50,20.778
45673,16233,63.50,20.778
45681,32893,63.50,20.778
45683,16233,63.50,20.778
45691,32893,63.50,20.778
45693,16233,63.50,20.778
45701,32893,63.50,20.778
45703,16233,63.50,20.778
45711,32893,63.50,20.778
45713,16233,63.50,20.778
45721,32893,63.50,20.778
45723,16233,63.50,20.778
45731,32893,63.50,20.778
45733,16233,63.50,20.778
45741,32893,63.50,20.778
45743,16233,63.50,20.778
45751,32893,63.50,20.778
45753,16233,63.50,20.778
45760,32893,63.50,20.778
45762,16233,63.50,20.778
45771,32893,63.50,20.778
45773,16233,63.50,20.778
45781,32893,63.50,20.778
45783,16233,63.50,20.778
45791,32893,63.50,20.778
45793,16233,63.50,20.778
45801,32893,63.50,20.778
45803,16233,63.50,20.778
45811,32893,63.50,20.778
45813,16233,63.50,20.778
45821,32893,63.50,20.778
45823,16233,63.50,20.778
45831,32893,63.50,20.778
45833,16233,63.50,20.778
45842,32893,63.50,20.778
45843,16233,63.50,20.778
45851,32893,63.50,20.778
45853,16233,63.50,20.778
45861,32893,63.50,20.778
45863,16233,63.50,20.778
45871,32893,63.50,20.778
45873,16233,63.50,20.778
45881,32893,63.50,20.778
45883,16233,63.50,20.778
45891,32893,63.50,20.778
45893,16233,63.50,20.778
45901,32893,63.50,20.778
45903,16233,63.50,20.778
45911,32893,63.50,20.778
45912,16233,63.50,20.778
45921,32893,63.50,20.778
45923,16233,63.50,20.778
45931,32893,63.50,20.778
45933,16233,63.50,20.778
45940,32893,63.50,20.778
45943,16233,63.50,20.778
45951,32893,63.50,20.778
45953,16233,63.50,20.778
45961,32893,63.50,20.778
45963,16233,63.50,20.778
45971,32893,63.50,20.778
45973,16233,63.50,20.778
45981,32893,63.50,20.778
45983,16233,63.50,20.778
45991,32893,63.50,20.778
45993,16233,63.50,20.778
46001,32893,63.50,20.778
46003,16233,63.50,20.778
46011,32893,63.50,20.778
46013,16233,63.50,20.778
46021,32893,63.50,20.778
46023,16233,63.50,20.778
46031,32893,63.50,20.778
46033,16233,63.50,20.778
46040,32893,63.50,20.778
46043,16233,63.50,20.778
46050,32893,63.50,20.778
46053,16233,63.50,20.778
46061,32893,63.50,20.778
46063,16233,63.50,20.778
46071,32893,63.50,20.778
46073,16233,63.50,20.778
46081,32893,63.50,20.778
46083,16233,63.50,20.778
46091,32893,63.50,20.778
46093,16233,63.50,20.778
46100,32893,63.50,20.778
46103,16233,63.50,20.778
46111,32893,63.50,20.778
46113,16233,63.50,20.778
46121,32893,63.50,20.778
46123,16233,63.50,20.778
46131,32893,63.50,20.778
46133,16233,63.50,20.778
46141,32893,63.50,20.778
46143,16233,63.50,20.778
46151,32893,63.50,20.778
46153,16233,63.50,20.778
46161,32893,63.50,20.778
46163,16233,63.50,20.778
46171,32893,63.50,20.778
46173,16233,63.50,20.778
46181,32893,63.50,20.778
46183,16233,63.50,20.778
46191,32893,63.50,20.778
46193,16233,63.50,20.778
46201,32893,63.50,20.778
46203,16233,63.50,20.778
46211,32893,63.50,20.778
46213,16233,63.50,20.778
46220,32893,63.50,20.778
46223,16233,63.50,20.778
46231,32893,63.50,20.778
46233,16233,63.50,20.778
46241,32893,63.50,20.778
46243,16233,63.50,20.778
46251,32893,63.50,20.778
46253,16233,63.50,20.778
46261,32893,63.50,20.778
46263,16233,63.50,20.778
46271,32893,63.50,20.778
46273,16233,63.50,20.778
46281,32893,63.50,20.778
46283,16233,63.50,20.778
46291,32893,63.50,20.778
46293,16233,63.50,20.778
46301,32893,63.50,20.778
46303,16233,63.50,20.778
46311,32893,63.50,20.778
46313,16233,63.50,20.778
46321,32893,63.50,20.778
46323,16233,63.50,20.778
46331,32893,63.50,20.778
46333,16233,63.50,20.778
46341,32893,63.50,20.778
46343,16233,63.50,20.778
46351,32893,63.50,20.778
46353,16233,63.50,20.778
46361,32893,63.50,20.778
46363,16233,63.50,20.778
46371,32893,63.50,20.778
46373,16233,63.50,20.778
46380,32893,63.50,20.778
46383,16233,63.50,20.778
46391,32893,63.50,20.778
46393,16233,63.50,20.778
46401,32893,63.50,20.778
46403,16233,63.50,20.778
46411,32893,63.50,20.778
46413,16233,63.50,20.778
46420,32893,63.50,20.778
46423,16233,63.50,20.778
46431,32893,63.50,20.778
46433,16233,63.50,20.778
46440,32893,63.50,20.778
46443,16233,63.50,20.778
46451,32893,63.50,20.778
46453,16233,63.50,20.778
46461,32893,63.50,20.778
46463,16233,63.50,20.778
46471,32893,63.50,20.778
46473,16233,63.50,20.778
46481,32893,63.50,20.778
46483,16233,63.50,20.778
46491,32893,63.50,20.778
46493,16233,63.50,20.778
46501,32893,63.50,20.778
46503,16233,63.50,20.778
46510,32893,63.50,20.778
46513,16233,63.50,20.778
46520,32893,63.50,20.778
46523,16233,63.50,20.778
46530,32893,63.50,20.778
46533,16233,63.50,20.778
46540,32893,63.50,20.778
46542,16233,63.50,20.778
46550,32893,63.50,20.778
46553,16233,63.50,20.778
46561,32893,63.50,20.778
46562,16233,63.50,20.778
46571,32893,63.50,20.778
46573,16233,63.50,20.778
46581,32893,63.50,20.778
46583,16233,63.50,20.778
46591,32893,63.50,20.778
46593,16233,63.50,20.778
46601,32893,63.50,20.778
46603,16233,63.50,20.778
46611,32893,63.50,20.778
46613,16233,63.50,20.778
46621,32893,63.50,20.778
46623,16233,63.50,20.778
46631,32893,63.50,20.778
46633,16233,63.50,20.778
46641,32893,63.50,20.778
46643,16233,63.50,20.778
46651,32893,63.50,20.778
46653,16233,63.50,20.778
46660,32893,63.50,20.778
46663,16233,63.50,20.778
46671,32893,63.50,20.778
46673,16233,63.50,20.778
46681,32893,63.50,20.778
46683,16233,63.50,20.778
46691,32893,63.50,20.778
46693,16233,63.50,20.778
46701,32893,63.50,20.778
46703,16233,63.50,20.778
46711,32893,63.50,20.778
46713,16233,63.50,20.778
46721,32893,63.50,20.778
46723,16233,63.50,20.778
46731,32893,63.50,20.778
46733,16233,63.50,20.778
46741,32893,63.50,20.778
46743,16233,63.50,20.778
46751,32893,63.50,20.778
46753,16233,63.50,20.778
46761,32893,63.50,20.778
46763,16233,63.50,20.778
46770,32893,63.50,20.778
46773,16233,63.50,20.778
46781,32893,63.50,20.778
46783,16233,63.50,20.778
46791,32893,63.50,20.778
46793,16233,63.50,20.778
46801,32893,63.50,20.778
46803,16233,63.50,20.778
46811,32893,63.50,20.778
46813,16233,63.50,20.778
46821,32893,63.50,20.778
46823,16233,63.50,20.778
46831,32893,63.50,20.778
46833,16233,63.50,20.778
46840,32893,63.50,20.778
46843,16233,63.50,20.778
46851,32893,63.50,20.778
46853,16233,63.50,20.778
46861,32893,63.50,20.778
46863,16233,63.50,20.778
46871,32893,63.50,20.778
46873,16233,63.50,20.778
46881,32893,63.50,20.778
46883,16233,63.50,20.778
46891,32893,63.50,20.778
46893,16233,63.50,20.778
46901,32893,63.50,20.778
46903,16233,63.50,20.778
46911,32893,63.50,20.778
46913,16233,63.50,20.778
46921,32893,63.50,20.778
46923,16233,63.50,20.778
46931,32893,63.50,20.778
46933,16233,63.50,20.778
46941,32893,63.50,20.778
46943,16233,63.50,20.778
46951,32893,63.50,20.778
46953,16233,63.50,20.778
46961,32893,63.50,20.778
46963,16233,63.50,20.778
46971,32893,63.50,20.778
46973,16233,63.50,20.778
46981,32893,63.50,20.778
46983,16233,63.50,20.778
46991,32893,63.50,20.778
46993,16233,63.50,20.778
47001,32893,63.50,20.778
47003,16233,63.50,20.778
47011,32893,63.50,20.778
47013,16233,63.50,20.778
47021,32893,63.50,20.778
47023,16233,63.50,20.778
47031,32893,63.50,20.778
47033,16233,63.50,20.778
47041,32893,63.50,20.778
47043,16233,63.50,20.778
47051,32893,63.50,20.778
47053,16233,63.50,20.778
47061,32893,63.50,20.778
47063,16233,63.50,20.778
47071,32893,63.50,20.778
47073,16233,63.50,20.778
47081,32893,63.50,20.778
47083,16233,63.50,20.778
47092,32893,63.50,20.778
47093,16233,63.50,20.778
47101,32893,63.50,20.778
47103,16233,63.50,20.778
47112,32893,63.50,20.778
47113,16233,63.50,20.778
47121,32893,63.50,20.778
47123,16233,63.50,20.778
47131,32893,63.50,20.778
47133,16233,63.50,20.778
47141,32893,63.50,20.778
47143,16233,63.50,20.778
47151,32893,63.50,20.778
47153,16233,63.50,20.778
47161,32893,63.50,20.778
47163,16233,63.50,20.778
47171,32893,63.50,20.778
47173,16233,63.50,20.778
47181,32893,63.50,20.778
47183,16233,63.50,20.778
47191,32893,63.50,20.778
47193,16233,63.50,20.778
47201,32893,63.50,20.778
47203,16233,63.50,20.778
47211,32893,63.50,20.778
47213,16233,63.50,20.778
47221,32893,63.50,20.778
47223,16233,63.50,20.778
47231,32893,63.50,20.778
47233,16233,63.50,20.778
47241,32893,63.50,20.778
47243,16233,63.50,20.778
47251,32893,63.50,20.778
47253,16233,63.50,20.778
47261,32893,63.50,20.778
47264,16233,63.50,20.778
47271,32893,63.50,20.778
47273,16233,63.50,20.778
47281,32893,63.50,20.778
47283,16233,58.00,18.978
47291,32893,63.50,20.778
47293,16233,58.00,18.978
47301,32893,63.50,20.778
47303,16233,58.00,18.978
47311,32893,63.50,20.778
47313,16233,58.00,18.978
47321,32893,63.50,20.778
47323,16233,58.00,18.978
47331,32893,63.50,20.778
47333,16233,58.00,18.978
47341,32893,63.50,20.778
47343,16233,58.00,18.978
47350,32893,63.50,20.778
47353,16233,58.00,18.978
47361,32893,63.50,20.778
47363,16233,58.00,18.978
47371,32893,63.50,20.778
47373,16233,58.00,18.978
47380,32893,63.50,20.778
47383,16233,58.00,18.978
47391,32893,63.50,20.778
47393,16233,58.00,18.978
47401,32893,63.50,20.778
47403,16233,58.00,18.978
47411,32893,63.50,20.778
47413,16233,58.00,18.978
47421,32893,63.50,20.778
47423,16233,58.00,18.978
47431,32893,63.50,20.778
47433,16233,58.00,18.978
47441,32893,63.50,20.778
47443,16233,58.00,18.978
47451,32893,63.50,20.778
47453,16233,58.00,18.978
47461,32893,63.50,20.778
47463,16233,58.00,18.978
47471,32893,63.50,20.778
47473,16233,58.00,18.978
47481,32893,63.50,20.778
47483,16233,58.00,18.978
47491,32893,63.50,20.778
47493,16233,58.00,18.978
47501,32893,63.50,20.778
47503,16233,58.00,18.978
47511,32893,63.50,20.778
47513,16233,58.00,18.978
47521,32893,63.50,20.778
47524,16233,58.00,18.978
47531,32893,63.50,20.778
47533,16233,58.00,18.978
47541,32893,63.50,20.778
47543,16233,58.00,18.978
47551,32893,63.50,20.778
47553,16233,58.00,18.978
47561,32893,63.50,20.778
47563,16233,58.00,18.978
47571,32893,63.50,20.778
47573,16233,58.00,18.978
47581,32893,63.50,20.778
47583,16233,58.00,18.978
47591,32893,63.50,20.778
47593,16233,58.00,18.978
47601,32893,63.50,20.778
47603,16233,58.00,18.978
47611,32893,63.50,20.778
47613,16233,58.00,18.978
47621,32893,63.50,20.778
47623,16233,58.00,18.978
47631,32893,63.50,20.778
47633,16233,58.00,18.978
47641,32893,63.50,20.778
47643,16233,58.00,18.978
47651,32893,63.50,20.778
47653,16233,58.00,18.978
47661,32893,63.50,20.778
47663,16233,58.00,18.978
47671,32893,63.50,20.778
47672,16233,58.00,18.978
47681,32893,63.50,20.778
47682,16233,58.00,18.978
47690,32893,63.50,20.778
47692,16233,58.00,18.978
47701,32893,63.50,20.778
47702,16233,58.00,18.978
47711,32893,63.50,20.778
47713,16233,58.00,18.978
47721,32893,63.50,20.778
47723,16233,58.00,18.978
47731,32893,63.50,20.778
47733,16233,58.00,18.978
47741,32893,63.50,20.778
47743,16233,58.00,18.978
47751,32893,63.50,20.778
47753,16233,58.00,18.978
47761,32893,63.50,20.778
47763,16233,58.00,18.978
47771,32893,63.50,20.778
47773,16233,58.00,18.978
47781,32893,63.50,20.778
47783,16233,58.00,18.978
47791,32893,63.50,20.778
47793,16233,58.00,18.978
47801,32893,63.50,20.778
47803,16233,58.00,18.978
47811,32893,63.50,20.778
47813,16233,58.00,18.978
47821,32893,63.50,20.778
47823,16233,58.00,18.978
47831,32893,63.50,20.778
47833,16233,58.00,18.978
47841,32893,63.50,20.778
47843,16233,58.00,18.978
47851,32893,63.50,20.778
47853,16233,58.00,18.978
47861,32893,63.50,20.778
47863,16233,58.00,18.978
47871,32893,63.50,20.778
47873,16233,58.00,18.978
47881,32893,63.50,20.778
47883,16233,58.00,18.978
47891,32893,63.50,20.778
47892,16233,58.00,18.978
47901,32893,63.50,20.778
47903,16233,58.00,18.978
47911,32893,63.50,20.778
47913,16233,58.00,18.978
47921,32893,63.50,20.778
47923,16233,58.00,18.978
47931,32893,63.50,20.778
47932,16233,58.00,18.978
47940,32893,63.50,20.778
47943,16233,58.00,18.978
47951,32893,63.50,20.778
47952,16233,58.00,18.978
47961,32893,63.50,20.778
47962,16233,58.00,18.978
47971,32893,63.50,20.778
47973,16233,58.00,18.978
47980,32893,63.50,20.778
47983,16233,58.00,18.978
47991,32893,63.50,20.778
47993,16233,58.00,18.978
48001,32893,63.50,20.778
48003,16233,58.00,18.978
48011,32893,63.50,20.778
48013,16233,58.00,18.978
48021,32893,63.50,20.778
48023,16233,58.00,18.978
48031,32893,63.50,20.778
48033,16233,58.00,18.978
48041,32893,63.50,20.778
48043,16233,58.00,18.978
48051,32893,63.50,20.778
48053,16233,58.00,18.978
48061,32893,63.50,20.778
48063,16233,58.00,18.978
48071,32893,63.50,20.778
48073,16233,58.00,18.978
48081,32893,63.50,20.778
48083,16233,58.00,18.978
48091,32893,63.50,20.778
48093,16233,58.00,18.978
48101,32893,63.50,20.778
48103,16233,58.00,18.978
48111,32893,63.50,20.778
48113,16233,58.00,18.978
48121,32893,63.50,20.778
48123,16233,58.00,18.978
48131,32893,63.50,20.778
48133,16233,58.00,18.978
48141,32893,63.50,20.778
48143,16233,58.00,18.978
48151,32893,63.50,20.778
48153,16233,58.00,18.978
48161,32893,63.50,20.778
48163,16233,58.00,18.978
48171,32893,63.50,20.778
48173,16233,58.00,18.978
48181,32893,63.50,20.778
48183,16233,58.00,18.978
48191,32893,63.50,20.778
48193,16233,58.00,18.978
48201,32893,63.50,20.778
48203,16233,58.00,18.978
48211,32893,63.50,20.778
48213,16233,58.00,18.978
48221,32893,63.50,20.778
48223,16233,58.00,18.978
48231,32893,63.50,20.778
48233,16233,58.00,18.978
48241,32893,63.50,20.778
48243,16233,58.00,18.978
48251,32893,63.50,20.778
48253,16233,58.00,18.978
48261,32893,63.50,20.778
48263,16233,58.00,18.978
48271,32893,63.50,20.778
48273,16233,58.00,18.978
48281,32893,63.50,20.778
48283,16233,58.00,18.978
48291,32893,63.50,20.778
48293,16233,58.00,18.978
48300,32893,63.50,20.778
48303,16233,58.00,18.978
48311,32893,63.50,20.778
48313,16233,58.00,18.978
48321,32893,63.50,20.778
48323,16233,58.00,18.978
48331,32893,63.50,20.778
48333,16233,58.00,18.978
48341,32893,63.50,20.778
48343,16233,58.00,18.978
48351,32893,63.50,20.778
48353,16233,58.00,18.978
48361,32893,63.50,20.778
48363,16233,58.00,18.978
48371,32893,63.50,20.778
48373,16233,58.00,18.978
48381,32893,63.50,20.778
48383,16233,58.00,18.978
48391,32893,63.50,20.778
48393,16233,58.00,18.978
48401,32893,63.50,20.778
48403,16233,58.00,18.978
48411,32893,63.50,20.778
48413,16233,58.00,18.978
48421,32893,63.50,20.778
48423,16233,58.00,18.978
48431,32893,63.50,20.778
48433,16233,58.00,18.978
48441,32893,63.50,20.778
48443,16233,58.00,18.978
48451,32893,63.50,20.778
48453,16233,58.00,18.978
48461,32893,63.50,20.778
48463,16233,58.00,18.978
48471,32893,63.50,20.778
48473,16233,58.00,18.978
48481,32893,63.50,20.778
48483,16233,58.00,18.978
48491,32893,63.50,20.778
48493,16233,58.00,18.978
48501,32893,63.50,20.778
48503,16233,58.00,18.978
48511,32893,63.50,20.778
48513,16233,58.00,18.978
48521,32893,63.50,20.778
48523,16233,58.00,18.978
48531,32893,63.50,20.778
48533,16233,58.00,18.978
48541,32893,63.50,20.778
48543,16233,58.00,18.978
48551,32893,63.50,20.778
48553,16233,58.00,18.978
48561,32893,63.50,20.778
48563,16233,58.00,18.978
48571,32893,63.50,20.778
48573,16233,58.00,18.978
48581,32893,63.50,20.778
48583,16233,58.00,18.978
48591,32893,63.50,20.778
48593,16233,58.00,18.978
48601,32893,63.50,20.778
48603,16233,58.00,18.978
48611,32893,63.50,20.778
48613,16233,58.00,18.978
48621,32893,63.50,20.778
48623,16233,58.00,18.978
48631,32893,63.50,20.778
48633,16233,58.00,18.978
48641,32893,63.50,20.778
48642,16233,58.00,18.978
48651,32893,63.50,20.778
48653,16233,58.00,18.978
48660,32893,63.50,20.778
48663,16233,58.00,18.978
48671,32893,63.50,20.778
48673,16233,58.00,18.978
48681,32893,63.50,20.778
48683,16233,58.00,18.978
48691,32893,63.50,20.778
48693,16233,58.00,18.978
48701,32893,63.50,20.778
48703,16233,58.00,18.978
48710,32893,63.50,20.778
48713,16233,58.00,18.978
48721,32893,63.50,20.778
48723,16233,58.00,18.978
48731,32893,63.50,20.778
48733,16233,58.00,18.978
48741,32893,63.50,20.778
48743,16233,58.00,18.978
48751,32893,63.50,20.778
48753,16233,58.00,18.978
48761,32893,63.50,20.778
48763,16233,58.00,18.978
48771,32893,63.50,20.778
48773,16233,58.00,18.978
48781,32893,63.50,20.778
48783,16233,58.00,18.978
48791,32893,63.50,20.778
48793,16233,58.00,18.978
48801,32893,63.50,20.778
48803,16233,58.00,18.978
48811,32893,63.50,20.778
48813,16233,58.00,18.978
48822,32893,63.50,20.778
48823,16233,58.00,18.978
48831,32893,63.50,20.778
48833,16233,58.00,18.978
48841,32893,63.50,20.778
48843,16233,58.00,18.978
48851,32893,63.50,20.778
48853,16233,58.00,18.978
48861,32893,63.50,20.778
48863,16233,58.00,18.978
48871,32893,63.50,20.778
48873,16233,58.00,18.978
48881,32893,63.50,20.778
48883,16233,58.00,18.978
48891,32893,63.50,20.778
48893,16233,58.00,18.978
48901,32893,63.50,20.778
48903,16233,58.00,18.978
48911,32893,63.50,20.778
48913,16233,58.00,18.978
48921,32893,63.50,20.778
48923,16233,58.00,18.978
48930,32893,63.50,20.778
48933,16233,58.00,18.978
48941,32893,63.50,20.778
48943,16233,58.00,18.978
48951,32893,63.50,20.778
48953,16233,58.00,18.978
48961,32893,63.50,20.778
48963,16233,58.00,18.978
48971,32893,63.50,20.778
48973,16233,58.00,18.978
48981,32893,63.50,20.778
48983,16233,58.00,18.978
48991,32893,63.50,20.778
48993,16233,58.00,18.978
49001,32893,63.50,20.778
49003,16233,58.00,18.978
49011,32893,63.50,20.778
49013,16233,58.00,18.978
49021,32893,63.50,20.778
49023,16233,58.00,18.978
49031,32893,63.50,20.778
49032,16233,58.00,18.978
49041,32893,63.50,20.778
49043,16233,58.00,18.978
49050,32893,63.50,20.778
49053,16233,58.00,18.978
49061,32893,63.50,20.778
49063,16233,58.00,18.978
49071,32893,63.50,20.778
49073,16233,58.00,18.978
49081,32893,63.50,20.778
49083,16233,58.00,18.978
49091,32893,63.50,20.778
49093,16233,58.00,18.978
49101,32893,63.50,20.778
49103,16233,58.00,18.978
49111,32893,63.50,20.778
49113,16233,58.00,18.978
49121,32893,63.50,20.778
49123,16233,58.00,18.978
49131,32893,63.50,20.778
49133,16233,58.00,18.978
49141,32893,63.50,20.778
49143,16233,58.00,18.978
49151,32893,63.50,20.778
49153,16233,58.00,18.978
49161,32893,63.50,20.778
49163,16233,58.00,18.978
49171,32893,63.50,20.778
49173,16233,58.00,18.978
49181,32893,63.50,20.778
49183,16233,58.00,18.978
49191,32893,63.50,20.778
49193,16233,58.00,18.978
49201,32893,63.50,20.778
49203,16233,58.00,18.978
49211,32893,63.50,20.778
49213,16233,58.00,18.978
49221,32893,63.50,20.778
49222,16233,58.00,18.978
49231,32893,63.50,20.778
49233,16233,58.00,18.978
49240,32893,63.50,20.778
49243,16233,58.00,18.978
49251,32893,63.50,20.778
49253,16233,58.00,18.978
49261,32893,63.50,20.778
49263,16233,58.00,18.978
49271,32893,63.50,20.778
49273,16233,58.00,18.978
49280,32893,63.50,20.778
49283,16233,58.00,18.978
49291,32893,63.50,20.778
49293,16233,58.00,18.978
49301,32893,63.50,20.778
49303,16233,58.00,18.978
49311,32893,63.50,20.778
49313,16233,58.00,18.978
49321,32893,63.50,20.778
49323,16233,58.00,18.978
49331,32893,63.50,20.778
49333,16233,58.00,18.978
49341,32893,63.50,20.778
49343,16233,58.00,18.978
49351,32893,63.50,20.778
49353,16233,58.00,18.978
49361,32893,63.50,20.778
49363,16233,58.00,18.978
49371,32893,63.50,20.778
49373,16233,58.00,18.978
49380,32893,63.50,20.778
49383,16233,58.00,18.978
49391,32893,63.50,20.778
49393,16233,58.00,18.978
49401,32893,63.50,20.778
49403,16233,58.00,18.978
49411,32893,63.50,20.778
49413,16233,58.00,18.978
49421,32893,63.50,20.778
49422,16233,58.00,18.978
49431,32893,63.50,20.778
49433,16233,58.00,18.978
49441,32893,63.50,20.778
49443,16233,58.00,18.978
49451,32893,63.50,20.778
49453,16233,58.00,18.978
49461,32893,63.50,20.778
49463,16233,58.00,18.978
49471,32893,63.50,20.778
49473,16233,58.00,18.978
49481,32893,63.50,20.778
49483,16233,58.00,18.978
49490,32893,63.50,20.778
49493,16233,58.00,18.978
49501,32893,63.50,20.778
49502,16233,58.00,18.978
49511,32893,63.50,20.778
49513,16233,58.00,18.978
49521,32893,63.50,20.778
49523,16233,58.00,18.978
49531,32893,63.50,20.778
49533,16233,58.00,18.978
49541,32893,63.50,20.778
49543,16233,58.00,18.978
49551,32893,63.50,20.778
49553,16233,58.00,18.978
49560,32893,63.50,20.778
49563,16233,58.00,18.978
49571,32893,63.50,20.778
49573,16233,58.00,18.978
49581,32893,63.50,20.778
49583,16233,58.00,18.978
49591,32893,63.50,20.778
49593,16233,58.00,18.978
49601,32893,63.50,20.778
49603,16233,58.00,18.978
49611,32893,63.50,20.778
49613,16233,58.00,18.978
49621,32893,63.50,20.778
49623,16233,58.00,18.978
49631,32893,63.50,20.778
49632,16233,58.00,18.978
49641,32893,63.50,20.778
49643,16233,58.00,18.978
49651,32893,63.50,20.778
49653,16233,58.00,18.978
49661,32893,63.50,20.778
49663,16233,58.00,18.978
49671,32893,63.50,20.778
49673,16233,58.00,18.978
49681,32893,63.50,20.778
49683,16233,58.00,18.978
49691,32893,63.50,20.778
49693,16233,58.00,18.978
49701,32893,63.50,20.778
49703,16233,58.00,18.978
49711,32893,63.50,20.778
49713,16233,58.00,18.978
49721,32893,63.50,20.778
49723,16233,58.00,18.978
49731,32893,63.50,20.778
49733,16233,58.00,18.978
49741,32893,63.50,20.778
49743,16233,58.00,18.978
49751,32893,63.50,20.778
49753,16233,58.00,18.978
49761,32893,63.50,20.778
49763,16233,58.00,18.978
49771,32893,63.50,20.778
49773,16233,58.00,18.978
49781,32893,63.50,20.778
49783,16233,58.00,18.978
49791,32893,63.50,20.778
49793,16233,58.00,18.978
49801,32893,63.50,20.778
49803,16233,58.00,18.978
49811,32893,63.50,20.778
49813,16233,58.00,18.978
49821,32893,63.50,20.778
49823,16233,58.00,18.978
49831,32893,63.50,20.778
49833,16233,58.00,18.978
49841,32893,63.50,20.778
49843,16233,58.00,18.978
49851,32893,63.50,20.778
49853,16233,58.00,18.978
49861,32893,63.50,20.778
49863,16233,58.00,18.978
49871,32893,63.50,20.778
49873,16233,58.00,18.978
49880,32893,63.50,20.778
49883,16233,58.00,18.978
49890,32893,63.50,20.778
49893,16233,58.00,18.978
49901,32893,63.50,20.778
49903,16233,58.00,18.978
49910,32893,63.50,20.778
49912,16233,58.00,18.978
49920,32893,63.50,20.778
49923,16233,58.00,18.978
49931,32893,63.50,20.778
49933,16233,58.00,18.978
49940,32893,63.50,20.778
49943,16233,58.00,18.978
49951,32893,63.50,20.778
49953,16233,58.00,18.978
49961,32893,63.50,20.778
49962,16233,58.00,18.978
49971,32893,63.50,20.778
49972,16233,58.00,18.978
49981,32893,63.50,20.778
49983,16233,58.00,18.978
49991,32893,63.50,20.778
49993,16233,58.00,18.978
50001,32893,63.50,20.778
50003,16233,58.00,18.978
50011,32893,63.50,20.778
50013,16233,58.00,18.978
50021,32893,63.50,20.778
50023,16233,58.00,18.978
50031,32893,63.50,20.778
50033,16233,58.00,18.978
50041,32893,63.50,20.778
50043,16233,58.00,18.978
50050,32893,63.50,20.778
50053,16233,58.00,18.978
50061,32893,63.50,20.778
50063,16233,58.00,18.978
50071,32893,63.50,20.778
50073,16233,58.00,18.978
50081,32893,63.50,20.778
50083,16233,58.00,18.978
50090,32893,63.50,20.778
50093,16233,58.00,18.978
50100,32893,63.50,20.778
50103,16233,58.00,18.978
50111,32893,63.50,20.778
50113,16233,58.00,18.978
50121,32893,63.50,20.778
50123,16233,58.00,18.978
50131,32893,63.50,20.778
50133,16233,58.00,18.978
50141,32893,63.50,20.778
50143,16233,58.00,18.978
50151,32893,63.50,20.778
50153,16233,58.00,18.978
50161,32893,63.50,20.778
50163,16233,58.00,18.978
50171,32893,63.50,20.778
50173,16233,58.00,18.978
50182,32893,63.50,20.778
50183,16233,58.00,18.978
50191,32893,63.50,20.778
50193,16233,58.00,18.978
50201,32893,63.50,20.778
50203,16233,58.00,18.978
50211,32893,63.50,20.778
50213,16233,58.00,18.978
50221,32893,63.50,20.778
50223,16233,58.00,18.978
50231,32893,63.50,20.778
50233,16233,58.00,18.978
50241,32893,63.50,20.778
50243,16233,58.00,18.978
50251,32893,63.50,20.778
50253,16233,58.00,18.978
50261,32893,63.50,20.778
50263,16233,58.00,18.978
50271,32893,63.50,20.778
50273,16233,58.00,18.978
50281,32893,63.50,20.778
50283,16233,58.00,18.978
50291,32893,63.50,20.778
50293,16233,58.00,18.978
50301,32893,63.50,20.778
50303,16233,58.00,18.978
50311,32893,63.50,20.778
50313,16233,58.00,18.978
50321,32893,63.50,20.778
50323,16233,58.00,18.978
50331,32893,63.50,20.778
50333,16233,58.00,18.978
50341,32893,63.50,20.778
50343,16233,58.00,18.978
50351,32893,63.50,20.778
50353,16233,58.00,18.978
50361,32893,63.50,20.778
50363,16233,58.00,18.978
50371,32893,63.50,20.778
50373,16233,58.00,18.978
50381,32893,59.00,19.305
50383,16233,58.00,18.978
50391,32893,59.00,19.305
50393,16233,58.00,18.978
50401,32893,59.00,19.305
50402,16233,58.00,18.978
50411,32893,59.00,19.305
50413,16233,58.00,18.978
50421,32893,59.00,19.305
50423,16233,58.00,18.978
50431,32893,59.00,19.305
50433,16233,58.00,18.978
50441,32893,59.00,19.305
50443,16233,58.00,18.978
50451,32893,59.00,19.305
50453,16233,58.00,18.978
50461,32893,59.00,19.305
50463,16233,58.00,18.978
50471,32893,59.00,19.305
50472,16233,58.00,18.978
50481,32893,59.00,19.305
50483,16233,58.00,18.978
50491,32893,59.00,19.305
50493,16233,58.00,18.978
50501,32893,59.00,19.305
50503,16233,58.00,18.978
50511,32893,59.00,19.305
50513,16233,58.00,18.978
50521,32893,59.00,19.305
50523,16233,58.00,18.978
50531,32893,59.00,19.305
50533,16233,58.00,18.978
50541,32893,59.00,19.305
50544,16233,58.00,18.978
50551,32893,59.00,19.305
50553,16233,58.00,18.978
50561,32893,59.00,19.305
50563,16233,58.00,18.978
50571,32893,59.00,19.305
50573,16233,58.00,18.978
50581,32893,59.00,19.305
50583,16233,58.00,18.978
50591,32893,59.00,19.305
50593,16233,58.00,18.978
50601,32893,59.00,19.305
50603,16233,58.00,18.978
50611,32893,59.00,19.305
50613,16233,58.00,18.978
50621,32893,59.00,19.305
50623,16233,58.00,18.978
50631,32893,59.00,19.305
50633,16233,58.00,18.978
50641,32893,59.00,19.305
50643,16233,58.00,18.978
50651,32893,59.00,19.305
50652,16233,58.00,18.978
50661,32893,59.00,19.305
50663,16233,58.00,18.978
50671,32893,59.00,19.305
50673,16233,58.00,18.978
50681,32893,59.00,19.305
50683,16233,58.00,18.978
50691,32893,59.00,19.305
50693,16233,58.00,18.978
50701,32893,59.00,19.305
50703,16233,58.00,18.978
50711,32893,59.00,19.305
50713,16233,58.00,18.978
50721,32893,59.00,19.305
50723,16233,58.00,18.978
50731,32893,59.00,19.305
50733,16233,58.00,18.978
50741,32893,59.00,19.305
50743,16233,58.00,18.978
50751,32893,59.00,19.305
50753,16233,58.00,18.978
50761,32893,59.00,19.305
50763,16233,58.00,18.978
50771,32893,59.00,19.305
50773,16233,58.00,18.978
50781,32893,59.00,19.305
50783,16233,58.00,18.978
50791,32893,59.00,19.305
50793,16233,58.00,18.978
50801,32893,59.00,19.305
50803,16233,58.00,18.978
50811,32893,59.00,19.305
50813,16233,58.00,18.978
50821,32893,59.00,19.305
50823,16233,58.00,18.978
50831,32893,59.00,19.305
50833,16233,58.00,18.978
50841,32893,59.00,19.305
50843,16233,58.00,18.978
50851,32893,59.00,19.305
50853,16233,58.00,18.978
50861,32893,59.00,19.305
50863,16233,58.00,18.978
50871,32893,59.00,19.305
50873,16233,58.00,18.978
50881,32893,59.00,19.305
50883,16233,58.00,18.978
50891,32893,59.00,19.305
50893,16233,58.00,18.978
50901,32893,59.00,19.305
50903,16233,58.00,18.978
50911,32893,59.00,19.305
50913,16233,58.00,18.978
50920,32893,59.00,19.305
50923,16233,58.00,18.978
50931,32893,59.00,19.305
50933,16233,58.00,18.978
50941,32893,59.00,19.305
50943,16233,58.00,18.978
50951,32893,59.00,19.305
50953,16233,58.00,18.978
50961,32893,59.00,19.305
50963,16233,58.00,18.978
50971,32893,59.00,19.305
50973,16233,58.00,18.978
50981,32893,59.00,19.305
50983,16233,58.00,18.978
50991,32893,59.00,19.305
50993,16233,58.00,18.978
51001,32893,59.00,19.305
51003,16233,58.00,18.978
51011,32893,59.00,19.305
51013,16233,58.00,18.978
51021,32893,59.00,19.305
51023,16233,58.00,18.978
51031,32893,59.00,19.305
51033,16233,58.00,18.978
51041,32893,59.00,19.305
51043,16233,58.00,18.978
51051,32893,59.00,19.305
51053,16233,58.00,18.978
51061,32893,59.00,19.305
51063,16233,58.00,18.978
51071,32893,59.00,19.305
51073,16233,58.00,18.978
51081,32893,59.00,19.305
51083,16233,58.00,18.978
51091,32893,59.00,19.305
51093,16233,58.00,18.978
51101,32893,59.00,19.305
51103,16233,58.00,18.978
51111,32893,59.00,19.305
51113,16233,58.00,18.978
51121,32893,59.00,19.305
51123,16233,58.00,18.978
51131,32893,59.00,19.305
51133,16233,58.00,18.978
51141,32893,59.00,19.305
51143,16233,58.00,18.978
51151,32893,59.00,19.305
51153,16233,58.00,18.978
51161,32893,59.00,19.305
51163,16233,58.00,18.978
51171,32893,59.00,19.305
51173,16233,58.00,18.978
51181,32893,59.00,19.305
51183,16233,58.00,18.978
51191,32893,59.00,19.305
51193,16233,58.00,18.978
51201,32893,59.00,19.305
51203,16233,58.00,18.978
51211,32893,59.00,19.305
51213,16233,58.00,18.978
51221,32893,59.00,19.305
51223,16233,58.00,18.978
51231,32893,59.00,19.305
51233,16233,58.00,18.978
51241,32893,59.00,19.305
51243,16233,58.00,18.978
51251,32893,59.00,19.305
51253,16233,58.00,18.978
51261,32893,59.00,19.305
51263,16233,58.00,18.978
51271,32893,59.00,19.305
51273,16233,58.00,18.978
51280,32893,59.00,19.305
51283,16233,58.00,18.978
51291,32893,59.00,19.305
51293,16233,58.00,18.978
51300,32893,59.00,19.305
51303,16233,58.00,18.978
51311,32893,59.00,19.305
51313,16233,58.00,18.978
51320,32893,59.00,19.305
51323,16233,58.00,18.978
51331,32893,59.00,19.305
51333,16233,58.00,18.978
51341,32893,59.00,19.305
51343,16233,58.00,18.978
51350,32893,59.00,19.305
51353,16233,58.00,18.978
51360,32893,59.00,19.305
51363,16233,58.00,18.978
51371,32893,59.00,19.305
51373,16233,58.00,18.978
51381,32893,59.00,19.305
51383,16233,58.00,18.978
51391,32893,59.00,19.305
51393,16233,58.00,18.978
51400,32893,59.00,19.305
51403,16233,58.00,18.978
51411,32893,59.00,19.305
51413,16233,58.00,18.978
51420,32893,59.00,19.305
51423,16233,58.00,18.978
51431,32893,59.00,19.305
51433,16233,58.00,18.978
51441,32893,59.00,19.305
51443,16233,63.50,20.778
51451,32893,59.00,19.305
51453,16233,63.50,20.778
51461,32893,59.00,19.305
51463,16233,63.50,20.778
51471,32893,59.00,19.305
51473,16233,63.50,20.778
51481,32893,59.00,19.305
51483,16233,63.50,20.778
51491,32893,59.00,19.305
51493,16233,63.50,20.778
51501,32893,59.00,19.305
51503,16233,63.50,20.778
51511,32893,59.00,19.305
51513,16233,63.50,20.778
51521,32893,59.00,19.305
51523,16233,63.50,20.778
51531,32893,59.00,19.305
51533,16233,63.50,20.778
51540,32893,59.00,19.305
51543,16233,63.50,20.778
51551,32893,59.00,19.305
51553,16233,63.50,20.778
51561,32893,59.00,19.305
51563,16233,63.50,20.778
51571,32893,59.00,19.305
51573,16233,63.50,20.778
51581,32893,59.00,19.305
51583,16233,63.50,20.778
51591,32893,59.00,19.305
51593,16233,63.50,20.778
51601,32893,59.00,19.305
51603,16233,63.50,20.778
51611,32893,59.00,19.305
51613,16233,63.50,20.778
51621,32893,59.00,19.305
51623,16233,63.50,20.778
51631,32893,59.00,19.305
51633,16233,63.50,20.778
51641,32893,59.00,19.305
51643,16233,63.50,20.778
51651,32893,59.00,19.305
51653,16233,63.50,20.778
51661,32893,59.00,19.305
51663,16233,63.50,20.778
51671,32893,59.00,19.305
51673,16233,63.50,20.778
51681,32893,59.00,19.305
51682,16233,63.50,20.778
51691,32893,59.00,19.305
51693,16233,63.50,20.778
51702,32893,59.00,19.305
51703,16233,63.50,20.778
51712,32893,59.00,19.305
51713,16233,63.50,20.778
51721,32893,59.00,19.305
51723,16233,63.50,20.778
51731,32893,59.00,19.305
51733,16233,63.50,20.778
51741,32893,59.00,19.305
51743,16233,63.50,20.778
51751,32893,59.00,19.305
51753,16233,63.50,20.778
51761,32893,59.00,19.305
51763,16233,63.50,20.778
51771,32893,59.00,19.305
51773,16233,63.50,20.778
51781,32893,59.00,19.305
51783,16233,63.50,20.778
51791,32893,59.00,19.305
51793,16233,63.50,20.778
51801,32893,59.00,19.305
51803,16233,63.50,20.778
51811,32893,59.00,19.305
51813,16233,63.50,20.778
51821,32893,59.00,19.305
51823,16233,63.50,20.778
51831,32893,59.00,19.305
51833,16233,63.50,20.778
51841,32893,59.00,19.305
51843,16233,63.50,20.778
51851,32893,59.00,19.305
51853,16233,63.50,20.778
51861,32893,59.00,19.305
51863,16233,63.50,20.778
51871,32893,59.00,19.305
51873,16233,63.50,20.778
51880,32893,59.00,19.305
51883,16233,63.50,20.778
51891,32893,59.00,19.305
51893,16233,63.50,20.778
51901,32893,59.00,19.305
51903,16233,63.50,20.778
51910,32893,59.00,19.305
51913,16233,63.50,20.778
51921,32893,59.00,19.305
51923,16233,63.50,20.778
51931,32893,59.00,19.305
51933,16233,63.50,20.778
51941,32893,59.00,19.305
51943,16233,63.50,20.778
51950,32893,59.00,19.305
51953,16233,63.50,20.778
51960,32893,59.00,19.305
51963,16233,63.50,20.778
51971,32893,59.00,19.305
51973,16233,63.50,20.778
51981,32893,59.00,19.305
51983,16233,63.50,20.778
51991,32893,59.00,19.305
51993,16233,63.50,20.778
52001,32893,59.00,19.305
52003,16233,63.50,20.778
52011,32893,59.00,19.305
52013,16233,63.50,20.778
52021,32893,59.00,19.305
52023,16233,63.50,20.778
52031,32893,59.00,19.305
52033,16233,63.50,20.778
52040,32893,59.00,19.305
52043,16233,63.50,20.778
52051,32893,59.00,19.305
52053,16233,63.50,20.778
52061,32893,59.00,19.305
52063,16233,63.50,20.778
52071,32893,59.00,19.305
52073,16233,63.50,20.778
52080,32893,59.00,19.305
52083,16233,63.50,20.778
52090,32893,59.00,19.305
52093,16233,63.50,20.778
52101,32893,59.00,19.305
52103,16233,63.50,20.778
52111,32893,59.00,19.305
52113,16233,63.50,20.778
52121,32893,59.00,19.305
52123,16233,63.50,20.778
52131,32893,59.00,19.305
52132,16233,63.50,20.778
52141,32893,59.00,19.305
52143,16233,63.50,20.778
52150,32893,59.00,19.305
52153,16233,63.50,20.778
52161,32893,59.00,19.305
52163,16233,63.50,20.778
52171,32893,59.00,19.305
52173,16233,63.50,20.778
52181,32893,59.00,19.305
52183,16233,63.50,20.778
52191,32893,59.00,19.305
52193,16233,63.50,20.778
52201,32893,59.00,19.305
52203,16233,63.50,20.778
52211,32893,59.00,19.305
52213,16233,63.50,20.778
52221,32893,59.00,19.305
52223,16233,63.50,20.778
52231,32893,59.00,19.305
52233,16233,63.50,20.778
52241,32893,59.00,19.305
52243,16233,63.50,20.778
52251,32893,59.00,19.305
52253,16233,63.50,20.778
52261,32893,59.00,19.305
52263,16233,63.50,20.778
52271,32893,59.00,19.305
52273,16233,63.50,20.778
52281,32893,59.00,19.305
52283,16233,63.50,20.778
52291,32893,59.00,19.305
52293,16233,63.50,20.778
52301,32893,59.00,19.305
52303,16233,63.50,20.778
52311,32893,59.00,19.305
52313,16233,63.50,20.778
52321,32893,59.00,19.305
52323,16233,63.50,20.778
52331,32893,59.00,19.305
52333,16233,63.50,20.778
52341,32893,59.00,19.305
52343,16233,63.50,20.778
52351,32893,59.00,19.305
52353,16233,63.50,20.778
52361,32893,59.00,19.305
52363,16233,63.50,20.778
52371,32893,59.00,19.305
52373,16233,63.50,20.778
52381,32893,59.00,19.305
52383,16233,63.50,20.778
52391,32893,59.00,19.305
52393,16233,63.50,20.778
52401,32893,59.00,19.305
52403,16233,63.50,20.778
52411,32893,59.00,19.305
52413,16233,63.50,20.778
52421,32893,59.00,19.305
52423,16233,63.50,20.778
52431,32893,59.00,19.305
52433,16233,63.50,20.778
52441,32893,59.00,19.305
52443,16233,63.50,20.778
52450,32893,59.00,19.305
52453,16233,63.50,20.778
52461,32893,59.00,19.305
52463,16233,63.50,20.778
52471,32893,59.00,19.305
52473,16233,63.50,20.778
52481,32893,59.00,19.305
52483,16233,63.50,20.778
52490,32893,59.00,19.305
52493,16233,63.50,20.778
52501,32893,59.00,19.305
52503,16233,63.50,20.778
52511,32893,59.00,19.305
52513,16233,63.50,20.778
52521,32893,59.00,19.305
52523,16233,63.50,20.778
52531,32893,59.00,19.305
52533,16233,63.50,20.778
52541,32893,59.00,19.305
52543,16233,63.50,20.778
52551,32893,59.00,19.305
52553,16233,63.50,20.778
52560,32893,59.00,19.305
52563,16233,63.50,20.778
52571,32893,59.00,19.305
52573,16233,63.50,20.778
52581,32893,59.00,19.305
52583,16233,63.50,20.778
52591,32893,59.00,19.305
52593,16233,63.50,20.778
52601,32893,59.00,19.305
52603,16233,63.50,20.778
52611,32893,59.00,19.305
52613,16233,63.50,20.778
52621,32893,59.00,19.305
52623,16233,63.50,20.778
52631,32893,59.00,19.305
52633,16233,63.50,20.778
52641,32893,59.00,19.305
52643,16233,63.50,20.778
52651,32893,59.00,19.305
52653,16233,63.50,20.778
52661,32893,59.00,19.305
52663,16233,63.50,20.778
52671,32893,59.00,19.305
52673,16233,63.50,20.778
52681,32893,59.00,19.305
52683,16233,63.50,20.778
52690,32893,59.00,19.305
52693,16233,63.50,20.778
52700,32893,59.00,19.305
52703,16233,63.50,20.778
52711,32893,59.00,19.305
52713,16233,63.50,20.778
52721,32893,59.00,19.305
52723,16233,63.50,20.778
52731,32893,59.00,19.305
52733,16233,63.50,20.778
52740,32893,59.00,19.305
52743,16233,63.50,20.778
52751,32893,59.00,19.305
52753,16233,63.50,20.778
52761,32893,59.00,19.305
52763,16233,63.50,20.778
52771,32893,59.00,19.305
52773,16233,63.50,20.778
52781,32893,59.00,19.305
52783,16233,63.50,20.778
52791,32893,59.00,19.305
52793,16233,63.50,20.778
52801,32893,59.00,19.305
52803,16233,63.50,20.778
52811,32893,59.00,19.305
52813,16233,63.50,20.778
52821,32893,59.00,19.305
52823,16233,63.50,20.778
52831,32893,59.00,19.305
52833,16233,63.50,20.778
52841,32893,59.00,19.305
52843,16233,63.50,20.778
52851,32893,59.00,19.305
52853,16233,63.50,20.778
52861,32893,59.00,19.305
52863,16233,63.50,20.778
52872,32893,59.00,19.305
52873,16233,63.50,20.778
52881,32893,59.00,19.305
52883,16233,63.50,20.778
52891,32893,59.00,19.305
52893,16233,63.50,20.778
52901,32893,59.00,19.305
52902,16233,63.50,20.778
52911,32893,59.00,19.305
52913,16233,63.50,20.778
52921,32893,59.00,19.305
52923,16233,63.50,20.778
52931,32893,59.00,19.305
52933,16233,63.50,20.778
52941,32893,59.00,19.305
52943,16233,63.50,20.778
52951,32893,59.00,19.305
52953,16233,63.50,20.778
52961,32893,59.00,19.305
52963,16233,63.50,20.778
52971,32893,59.00,19.305
52973,16233,63.50,20.778
52981,32893,59.00,19.305
52983,16233,63.50,20.778
52991,32893,59.00,19.305
52993,16233,63.50,20.778
53001,32893,59.00,19.305
53003,16233,63.50,20.778
53011,32893,59.00,19.305
53013,16233,63.50,20.778
53021,32893,59.00,19.305
53023,16233,63.50,20.778
53031,32893,59.00,19.305
53033,16233,63.50,20.778
53041,32893,59.00,19.305
53043,16233,63.50,20.778
53050,32893,59.00,19.305
53053,16233,63.50,20.778
53060,32893,59.00,19.305
53063,16233,63.50,20.778
53070,32893,59.00,19.305
53073,16233,63.50,20.778
53081,32893,59.00,19.305
53082,16233,63.50,20.778
53091,32893,59.00,19.305
53093,16233,63.50,20.778
53101,32893,59.00,19.305
53103,16233,63.50,20.778
53111,32893,59.00,19.305
53113,16233,63.50,20.778
53120,32893,59.00,19.305
53123,16233,63.50,20.778
53131,32893,59.00,19.305
53133,16233,63.50,20.778
53141,32893,59.00,19.305
53143,16233,63.50,20.778
53151,32893,59.00,19.305
53153,16233,63.50,20.778
53161,32893,59.00,19.305
53163,16233,63.50,20.778
53171,32893,59.00,19.305
53173,16233,63.50,20.778
53181,32893,59.00,19.305
53183,16233,63.50,20.778
53191,32893,59.00,19.305
53193,16233,63.50,20.778
53201,32893,59.00,19.305
53203,16233,63.50,20.778
53211,32893,59.00,19.305
53213,16233,63.50,20.778
53221,32893,59.00,19.305
53223,16233,63.50,20.778
53231,32893,59.00,19.305
53233,16233,63.50,20.778
53241,32893,59.00,19.305
53243,16233,63.50,20.778
53251,32893,59.00,19.305
53253,16233,63.50,20.778
53261,32893,59.00,19.305
53263,16233,63.50,20.778
53271,32893,59.00,19.305
53273,16233,63.50,20.778
53281,32893,59.00,19.305
53283,16233,63.50,20.778
53291,32893,59.00,19.305
53293,16233,63.50,20.778
53301,32893,59.00,19.305
53303,16233,63.50,20.778
53311,32893,59.00,19.305
53313,16233,63.50,20.778
53321,32893,59.00,19.305
53323,16233,63.50,20.778
53331,32893,59.00,19.305
53333,16233,63.50,20.778
53340,32893,59.00,19.305
53343,16233,63.50,20.778
53351,32893,59.00,19.305
53353,16233,63.50,20.778
53361,32893,59.00,19.305
53363,16233,63.50,20.778
53371,32893,59.00,19.305
53373,16233,63.50,20.778
53381,32893,59.00,19.305
53383,16233,63.50,20.778
53391,32893,59.00,19.305
53393,16233,63.50,20.778
53401,32893,59.00,19.305
53403,16233,63.50,20.778
53411,32893,59.00,19.305
53413,16233,63.50,20.778
53421,32893,59.00,19.305
53423,16233,63.50,20.778
53431,32893,59.00,19.305
53433,16233,63.50,20.778
53441,32893,59.00,19.305
53443,16233,63.50,20.778
53451,32893,59.00,19.305
53453,16233,63.50,20.778
53461,32893,59.00,19.305
53463,16233,63.50,20.778
53471,32893,59.00,19.305
53473,16233,63.50,20.778
53481,32893,59.00,19.305
53483,16233,63.50,20.778
53491,32893,59.00,19.305
53493,16233,63.50,20.778
53501,32893,59.00,19.305
53503,16233,63.50,20.778
53511,32893,59.00,19.305
53513,16233,63.50,20.778
53521,32893,59.00,19.305
53523,16233,63.50,20.778
53530,32893,59.00,19.305
53533,16233,63.50,20.778
53541,32893,59.00,19.305
53543,16233,63.50,20.778
53551,32893,59.00,19.305
53553,16233,63.50,20.778
53561,32893,59.00,19.305
53563,16233,63.50,20.778
53571,32893,59.00,19.305
53573,16233,63.50,20.778
53581,32893,59.00,19.305
53583,16233,63.50,20.778
53591,32893,59.00,19.305
53593,16233,63.50,20.778
53601,32893,59.00,19.305
53603,16233,63.50,20.778
53611,32893,59.00,19.305
53613,16233,63.50,20.778
53621,32893,59.00,19.305
53623,16233,63.50,20.778
53631,32893,59.00,19.305
53633,16233,63.50,20.778
53641,32893,59.00,19.305
53643,16233,63.50,20.778
53651,32893,59.00,19.305
53653,16233,63.50,20.778
53661,32893,59.00,19.305
53663,16233,63.50,20.778
53671,32893,59.00,19.305
53673,16233,63.50,20.778
53681,32893,59.00,19.305
53683,16233,63.50,20.778
53691,32893,59.00,19.305
53693,16233,63.50,20.778
53701,32893,59.00,19.305
53703,16233,63.50,20.778
53711,32893,59.00,19.305
53713,16233,63.50,20.778
53721,32893,59.00,19.305
53723,16233,63.50,20.778
53731,32893,59.00,19.305
53733,16233,63.50,20.778
53741,32893,59.00,19.305
53743,16233,63.50,20.778
53750,32893,59.00,19.305
53753,16233,63.50,20.778
53761,32893,59.00,19.305
53763,16233,63.50,20.778
53771,32893,59.00,19.305
53773,16233,63.50,20.778
53781,32893,59.00,19.305
53783,16233,63.50,20.778
53791,32893,59.00,19.305
53793,16233,63.50,20.778
53801,32893,59.00,19.305
53803,16233,63.50,20.778
53811,32893,59.00,19.305
53813,16233,63.50,20.778
53821,32893,59.00,19.305
53823,16233,63.50,20.778
53831,32893,59.00,19.305
53833,16233,63.50,20.778
53841,32893,59.00,19.305
53843,16233,63.50,20.778
53851,32893,59.00,19.305
53853,16233,63.50,20.778
53861,32893,59.00,19.305
53863,16233,63.50,20.778
53871,32893,59.00,19.305
53873,16233,63.50,20.778
53881,32893,59.00,19.305
53883,16233,63.50,20.778
53891,32893,59.00,19.305
53893,16233,63.50,20.778
53901,32893,59.00,19.305
53903,16233,63.50,20.778
53911,32893,59.00,19.305
53913,16233,63.50,20.778
53921,32893,59.00,19.305
53923,16233,63.50,20.778
53931,32893,59.00,19.305
53933,16233,63.50,20.778
53941,32893,59.00,19.305
53943,16233,63.50,20.778
53951,32893,59.00,19.305
53953,16233,63.50,20.778
53961,32893,59.00,19.305
53963,16233,63.50,20.778
53971,32893,59.00,19.305
53973,16233,63.50,20.778
53981,32893,59.00,19.305
53983,16233,63.50,20.778
53991,32893,59.00,19.305
53993,16233,63.50,20.778
54001,32893,59.00,19.305
54003,16233,63.50,20.778
54011,32893,59.00,19.305
54013,16233,63.50,20.778
54021,32893,59.00,19.305
54023,16233,63.50,20.778
54031,32893,59.00,19.305
54033,16233,63.50,20.778
54041,32893,59.00,19.305
54043,16233,63.50,20.778
54051,32893,59.00,19.305
54053,16233,63.50,20.778
54061,32893,59.00,19.305
54063,16233,63.50,20.778
54072,32893,59.00,19.305
54073,16233,63.50,20.778
54081,32893,59.00,19.305
54083,16233,63.50,20.778
54091,32893,59.00,19.305
54093,16233,63.50,20.778
54101,32893,59.00,19.305
54103,16233,63.50,20.778
54111,32893,59.00,19.305
54113,16233,63.50,20.778
54121,32893,59.00,19.305
54123,16233,63.50,20.778
54131,32893,59.00,19.305
54133,16233,63.50,20.778
54141,32893,59.00,19.305
54143,16233,63.50,20.778
54150,32893,59.00,19.305
54153,16233,63.50,20.778
54161,32893,59.00,19.305
54163,16233,63.50,20.778
54171,32893,59.00,19.305
54173,16233,63.50,20.778
54181,32893,59.00,19.305
54183,16233,63.50,20.778
54191,32893,59.00,19.305
54193,16233,63.50,20.778
54201,32893,59.00,19.305
54203,16233,63.50,20.778
54211,32893,59.00,19.305
54213,16233,63.50,20.778
54221,32893,59.00,19.305
54223,16233,63.50,20.778
54231,32893,59.00,19.305
54233,16233,63.50,20.778
54241,32893,59.00,19.305
54243,16233,63.50,20.778
54251,32893,59.00,19.305
54253,16233,63.50,20.778
54261,32893,59.00,19.305
54263,16233,63.50,20.778
54271,32893,59.00,19.305
54273,16233,63.50,20.778
54281,32893,59.00,19.305
54283,16233,63.50,20.778
54291,32893,59.00,19.305
54293,16233,63.50,20.778
54301,32893,59.00,19.305
54303,16233,63.50,20.778
54311,32893,59.00,19.305
54313,16233,63.50,20.778
54321,32893,59.00,19.305
54323,16233,63.50,20.778
54331,32893,59.00,19.305
54333,16233,63.50,20.778
54341,32893,59.00,19.305
54343,16233,63.50,20.778
54351,32893,59.00,19.305
54353,16233,63.50,20.778
54361,32893,59.00,19.305
54363,16233,63.50,20.778
54371,32893,59.00,19.305
54373,16233,63.50,20.778
54381,32893,59.00,19.305
54383,16233,63.50,20.778
54391,32893,59.00,19.305
54393,16233,63.50,20.778
54401,32893,59.00,19.305
54403,16233,63.50,20.778
54411,32893,59.00,19.305
54413,16233,63.50,20.778
54421,32893,59.00,19.305
54423,16233,63.50,20.778
54431,32893,59.00,19.305
54433,16233,63.50,20.778
54441,32893,59.00,19.305
54443,16233,63.50,20.778
54451,32893,59.00,19.305
54453,16233,63.50,20.778
54461,32893,59.00,19.305
54463,16233,63.50,20.778
54471,32893,59.00,19.305
54473,16233,63.50,20.778
54481,32893,59.00,19.305
54483,16233,63.50,20.778
54491,32893,59.00,19.305
54493,16233,63.50,20.778
54501,32893,59.00,19.305
54503,16233,63.50,20.778
54511,32893,59.00,19.305
54513,16233,63.50,20.778
54521,32893,59.00,19.305
54523,16233,63.50,20.778
54531,32893,59.00,19.305
54533,16233,63.50,20.778
54541,32893,59.00,19.305
54543,16233,63.50,20.778
54551,32893,59.00,19.305
54553,16233,63.50,20.778
54561,32893,59.00,19.305
54563,16233,63.50,20.778
54571,32893,59.00,19.305
54573,16233,63.50,20.778
54581,32893,59.00,19.305
54583,16233,63.50,20.778
54591,32893,59.00,19.305
54593,16233,63.50,20.778
54601,32893,59.00,19.305
54603,16233,63.50,20.778
54611,32893,59.00,19.305
54613,16233,63.50,20.778
54621,32893,59.00,19.305
54623,16233,63.50,20.778
54631,32893,59.00,19.305
54633,16233,63.50,20.778
54641,32893,59.00,19.305
54643,16233,63.50,20.778
54651,32893,59.00,19.305
54653,16233,63.50,20.778
54660,32893,59.00,19.305
54663,16233,63.50,20.778
54671,32893,59.00,19.305
54673,16233,63.50,20.778
54681,32893,59.00,19.305
54683,16233,63.50,20.778
54691,32893,59.00,19.305
54693,16233,63.50,20.778
54700,32893,59.00,19.305
54703,16233,63.50,20.778
54711,32893,59.00,19.305
54713,16233,63.50,20.778
54721,32893,59.00,19.305
54723,16233,63.50,20.778
54731,32893,59.00,19.305
54733,16233,63.50,20.778
54741,32893,59.00,19.305
54743,16233,63.50,20.778
54751,32893,59.00,19.305
54753,16233,63.50,20.778
54761,32893,59.00,19.305
54763,16233,63.50,20.778
54770,32893,59.00,19.305
54773,16233,63.50,20.778
54781,32893,59.00,19.305
54783,16233,63.50,20.778
54791,32893,59.00,19.305
54793,16233,63.50,20.778
54801,32893,59.00,19.305
54803,16233,63.50,20.778
54811,32893,59.00,19.305
54813,16233,63.50,20.778
54821,32893,59.00,19.305
54823,16233,63.50,20.778
54831,32893,59.00,19.305
54833,16233,63.50,20.778
54841,32893,59.00,19.305
54843,16233,63.50,20.778
54851,32893,59.00,19.305
54853,16233,63.50,20.778
54861,32893,59.00,19.305
54863,16233,63.50,20.778
54872,32893,59.00,19.305
54873,16233,63.50,20.778
54881,32893,63.50,20.778
54883,16233,63.50,20.778
54891,32893,63.50,20.778
54893,16233,63.50,20.778
54901,32893,63.50,20.778
54903,16233,63.50,20.778
54911,32893,63.50,20.778
54913,16233,63.50,20.778
54921,32893,63.50,20.778
54923,16233,63.50,20.778
54931,32893,63.50,20.778
54933,16233,63.50,20.778
54941,32893,63.50,20.778
54943,16233,63.50,20.778
54951,32893,63.50,20.778
54953,16233,63.50,20.778
54961,32893,63.50,20.778
54963,16233,63.50,20.778
54971,32893,63.50,20.778
54973,16233,63.50,20.778
54981,32893,63.50,20.778
54983,16233,63.50,20.778
54991,32893,63.50,20.778
54993,16233,63.50,20.778
55001,32893,63.50,20.778
55003,16233,63.50,20.778
55011,32893,63.50,20.778
55013,16233,63.50,20.778
55021,32893,63.50,20.778
55023,16233,63.50,20.778
55031,32893,63.50,20.778
55033,16233,63.50,20.778
55041,32893,63.50,20.778
55043,16233,63.50,20.778
55051,32893,63.50,20.778
55053,16233,63.50,20.778
55061,32893,63.50,20.778
55063,16233,63.50,20.778
55071,32893,63.50,20.778
55073,16233,63.50,20.778
55081,32893,63.50,20.778
55083,16233,63.50,20.778
55091,32893,63.50,20.778
55093,16233,63.50,20.778
55101,32893,63.50,20.778
55103,16233,63.50,20.778
55111,32893,63.50,20.778
55113,16233,63.50,20.778
55121,32893,63.50,20.778
55123,16233,63.50,20.778
55131,32893,63.50,20.778
55133,16233,63.50,20.778
55141,32893,63.50,20.778
55143,16233,63.50,20.778
55152,32893,63.50,20.778
55153,16233,63.50,20.778
55161,32893,63.50,20.778
55163,16233,63.50,20.778
55171,32893,63.50,20.778
55173,16233,63.50,20.778
55181,32893,63.50,20.778
55183,16233,63.50,20.778
55191,32893,63.50,20.778
55193,16233,63.50,20.778
55201,32893,63.50,20.778
55203,16233,63.50,20.778
55210,32893,63.50,20.778
55213,16233,63.50,20.778
55221,32893,63.50,20.778
55223,16233,63.50,20.778
55231,32893,63.50,20.778
55233,16233,63.50,20.778
55241,32893,63.50,20.778
55243,16233,63.50,20.778
55251,32893,63.50,20.778
55253,16233,63.50,20.778
55261,32893,63.50,20.778
55263,16233,63.50,20.778
55271,32893,63.50,20.778
55273,16233,63.50,20.778
55281,32893,63.50,20.778
55283,16233,63.50,20.778
55291,32893,63.50,20.778
55293,16233,63.50,20.778
55301,32893,63.50,20.778
55303,16233,63.50,20.778
55311,32893,63.50,20.778
55313,16233,63.50,20.778
55321,32893,63.50,20.778
55323,16233,63.50,20.778
55331,32893,63.50,20.778
55333,16233,63.50,20.778
55341,32893,63.50,20.778
55343,16233,63.50,20.778
55351,32893,63.50,20.778
55353,16233,63.50,20.778
55361,32893,63.50,20.778
55363,16233,63.50,20.778
55371,32893,63.50,20.778
55373,16233,63.50,20.778
55381,32893,63.50,20.778
55383,16233,63.50,20.778
55391,32893,63.50,20.778
55393,16233,63.50,20.778
55401,32893,63.50,20.778
55403,16233,63.50,20.778
55411,32893,63.50,20.778
55413,16233,63.50,20.778
55421,32893,63.50,20.778
55423,16233,63.50,20.778
55431,32893,63.50,20.778
55433,16233,63.50,20.778
55441,32893,63.50,20.778
55443,16233,63.50,20.778
55451,32893,63.50,20.778
55453,16233,63.50,20.778
55461,32893,63.50,20.778
55463,16233,63.50,20.778
55471,32893,63.50,20.778
55473,16233,63.50,20.778
55481,32893,63.50,20.778
55483,16233,63.50,20.778
55491,32893,63.50,20.778
55493,16233,63.50,20.778
55501,32893,63.50,20.778
55503,16233,63.50,20.778
55511,32893,63.50,20.778
55513,16233,63.50,20.778
55521,32893,63.50,20.778
55523,16233,63.50,20.778
55530,32893,63.50,20.778
55533,16233,63.50,20.778
55540,32893,63.50,20.778
55543,16233,63.50,20.778
55551,32893,63.50,20.778
55553,16233,63.50,20.778
55561,32893,63.50,20.778
55563,16233,63.50,20.778
55571,32893,63.50,20.778
55573,16233,63.50,20.778
55581,32893,63.50,20.778
55583,16233,63.50,20.778
55591,32893,63.50,20.778
55593,16233,63.50,20.778
55601,32893,63.50,20.778
55603,16233,63.50,20.778
55611,32893,63.50,20.778
55613,16233,63.50,20.778
55621,32893,63.50,20.778
55623,16233,63.50,20.778
55631,32893,63.50,20.778
55633,16233,63.50,20.778
55641,32893,63.50,20.778
55643,16233,63.50,20.778
55651,32893,63.50,20.778
55653,16233,63.50,20.778
55661,32893,63.50,20.778
55663,16233,63.50,20.778
55671,32893,63.50,20.778
55673,16233,63.50,20.778
55681,32893,63.50,20.778
55683,16233,63.50,20.778
55691,32893,63.50,20.778
55693,16233,63.50,20.778
55701,32893,63.50,20.778
55703,16233,63.50,20.778
55711,32893,63.50,20.778
55713,16233,63.50,20.778
55721,32893,63.50,20.778
55723,16233,63.50,20.778
55731,32893,63.50,20.778
55733,16233,63.50,20.778
55741,32893,63.50,20.778
55743,16233,63.50,20.778
55751,32893,63.50,20.778
55753,16233,63.50,20.778
55761,32893,63.50,20.778
55763,16233,63.50,20.778
55771,32893,63.50,20.778
55773,16233,63.50,20.778
55781,32893,63.50,20.778
55783,16233,63.50,20.778
55791,32893,63.50,20.778
55793,16233,63.50,20.778
55801,32893,63.50,20.778
55803,16233,63.50,20.778
55811,32893,63.50,20.778
55813,16233,63.50,20.778
55821,32893,63.50,20.778
55823,16233,63.50,20.778
55831,32893,63.50,20.778
55833,16233,63.50,20.778
55841,32893,63.50,20.778
55843,16233,63.50,20.778
55851,32893,63.50,20.778
55853,16233,63.50,20.778
55861,32893,63.50,20.778
55863,16233,63.50,20.778
55871,32893,63.50,20.778
55873,16233,63.50,20.778
55881,32893,63.50,20.778
55883,16233,63.50,20.778
55891,32893,63.50,20.778
55893,16233,63.50,20.778
55901,32893,63.50,20.778
55903,16233,63.50,20.778
55911,32893,63.50,20.778
55913,16233,63.50,20.778
55921,32893,63.50,20.778
55923,16233,63.50,20.778
55931,32893,63.50,20.778
55933,16233,63.50,20.778
55941,32893,63.50,20.778
55943,16233,63.50,20.778
55951,32893,63.50,20.778
55953,16233,63.50,20.778
55961,32893,63.50,20.778
55963,16233,63.50,20.778
55971,32893,63.50,20.778
55973,16233,63.50,20.778
55981,32893,63.50,20.778
55983,16233,63.50,20.778
55991,32893,63.50,20.778
55993,16233,63.50,20.778
56001,32893,63.50,20.778
56003,16233,63.50,20.778
56011,32893,63.50,20.778
56013,16233,63.50,20.778
56021,32893,63.50,20.778
56023,16233,63.50,20.778
56031,32893,63.50,20.778
56033,16233,63.50,20.778
56040,32893,63.50,20.778
56043,16233,63.50,20.778
56050,32893,63.50,20.778
56053,16233,63.50,20.778
56061,32893,63.50,20.778
56063,16233,63.50,20.778
56071,32893,63.50,20.778
56073,16233,63.50,20.778
56081,32893,63.50,20.778
56083,16233,63.50,20.778
56091,32893,63.50,20.778
56093,16233,63.50,20.778
56101,32893,63.50,20.778
56103,16233,63.50,20.778
56111,32893,63.50,20.778
56113,16233,63.50,20.778
56121,32893,63.50,20.778
56123,16233,63.50,20.778
56131,32893,63.50,20.778
56133,16233,63.50,20.778
56141,32893,63.50,20.778
56143,16233,63.50,20.778
56151,32893,63.50,20.778
56153,16233,63.50,20.778
56161,32893,63.50,20.778
56163,16233,63.50,20.778
56171,32893,63.50,20.778
56173,16233,63.50,20.778
56181,32893,63.50,20.778
56183,16233,63.50,20.778
56191,32893,63.50,20.778
56193,16233,63.50,20.778
56201,32893,63.50,20.778
56203,16233,63.50,20.778
56211,32893,63.50,20.778
56213,16233,63.50,20.778
56221,32893,63.50,20.778
56223,16233,63.50,20.778
56231,32893,63.50,20.778
56233,16233,63.50,20.778
56241,32893,63.50,20.778
56243,16233,63.50,20.778
56251,32893,63.50,20.778
56253,16233,63.50,20.778
56261,32893,63.50,20.778
56263,16233,63.50,20.778
56271,32893,63.50,20.778
56273,16233,63.50,20.778
56281,32893,63.50,20.778
56282,16233,63.50,20.778
56290,32893,63.50,20.778
56293,16233,63.50,20.778
56301,32893,63.50,20.778
56303,16233,63.50,20.778
56311,32893,63.50,20.778
56313,16233,63.50,20.778
56321,32893,63.50,20.778
56322,16233,63.50,20.778
56331,32893,63.50,20.778
56333,16233,63.50,20.778
56341,32893,63.50,20.778
56343,16233,63.50,20.778
56350,32893,63.50,20.778
56353,16233,63.50,20.778
56361,32893,63.50,20.778
56363,16233,63.50,20.778
56371,32893,63.50,20.778
56373,16233,63.50,20.778
56381,32893,63.50,20.778
56383,16233,63.50,20.778
56391,32893,63.50,20.778
56393,16233,63.50,20.778
56401,32893,63.50,20.778
56403,16233,63.50,20.778
56411,32893,63.50,20.778
56413,16233,63.50,20.778
56421,32893,63.50,20.778
56423,16233,63.50,20.778
56431,32893,63.50,20.778
56433,16233,63.50,20.778
56441,32893,63.50,20.778
56443,16233,63.50,20.778
56452,32893,63.50,20.778
56453,16233,63.50,20.778
56461,32893,63.50,20.778
56463,16233,63.50,20.778
56471,32893,63.50,20.778
56473,16233,63.50,20.778
56481,32893,63.50,20.778
56483,16233,63.50,20.778
56491,32893,63.50,20.778
56493,16233,63.50,20.778
56501,32893,63.50,20.778
56503,16233,63.50,20.778
56511,32893,63.50,20.778
56513,16233,63.50,20.778
56521,32893,63.50,20.778
56523,16233,63.50,20.778
56531,32893,63.50,20.778
56533,16233,63.50,20.778
56541,32893,63.50,20.778
56543,16233,63.50,20.778
56551,32893,63.50,20.778
56554,16233,63.50,20.778
56561,32893,63.50,20.778
56563,16233,63.50,20.778
56571,32893,63.50,20.778
56573,16233,63.50,20.778
56581,32893,63.50,20.778
56583,16233,63.50,20.778
56591,32893,63.50,20.778
56593,16233,63.50,20.778
56601,32893,63.50,20.778
56603,16233,63.50,20.778
56611,32893,63.50,20.778
56613,16233,63.50,20.778
56621,32893,63.50,20.778
56623,16233,63.50,20.778
56631,32893,63.50,20.778
56633,16233,63.50,20.778
56641,32893,63.50,20.778
56643,16233,63.50,20.778
56651,32893,63.50,20.778
56653,16233,63.50,20.778
56661,32893,63.50,20.778
56663,16233,63.50,20.778
56671,32893,63.50,20.778
56673,16233,63.50,20.778
56681,32893,63.50,20.778
56683,16233,63.50,20.778
56691,32893,63.50,20.778
56693,16233,63.50,20.778
56701,32893,63.50,20.778
56703,16233,63.50,20.778
56711,32893,63.50,20.778
56713,16233,63.50,20.778
56720,32893,63.50,20.778
56723,16233,63.50,20.778
56731,32893,63.50,20.778
56733,16233,63.50,20.778
56741,32893,63.50,20.778
56743,16233,63.50,20.778
56751,32893,63.50,20.778
56753,16233,63.50,20.778
56761,32893,63.50,20.778
56763,16233,63.50,20.778
56771,32893,63.50,20.778
56773,16233,63.50,20.778
56781,32893,63.50,20.778
56783,16233,63.50,20.778
56791,32893,63.50,20.778
56793,16233,63.50,20.778
56801,32893,63.50,20.778
56803,16233,63.50,20.778
56811,32893,63.50,20.778
56813,16233,63.50,20.778
56821,32893,63.50,20.778
56823,16233,63.50,20.778
56831,32893,63.50,20.778
56833,16233,63.50,20.778
56841,32893,63.50,20.778
56843,16233,63.50,20.778
56851,32893,63.50,20.778
56853,16233,63.50,20.778
56861,32893,63.50,20.778
56863,16233,63.50,20.778
56871,32893,63.50,20.778
56873,16233,63.50,20.778
56881,32893,63.50,20.778
56883,16233,63.50,20.778
56891,32893,63.50,20.778
56892,16233,63.50,20.778
56901,32893,63.50,20.778
56903,16233,63.50,20.778
56911,32893,63.50,20.778
56912,16233,63.50,20.778
56921,32893,63.50,20.778
56923,16233,63.50,20.778
56931,32893,63.50,20.778
56933,16233,63.50,20.778
56941,32893,63.50,20.778
56943,16233,63.50,20.778
56951,32893,63.50,20.778
56953,16233,63.50,20.778
56961,32893,63.50,20.778
56963,16233,63.50,20.778
56971,32893,63.50,20.778
56973,16233,63.50,20.778
56981,32893,63.50,20.778
56983,16233,63.50,20.778
56991,32893,63.50,20.778
56993,16233,63.50,20.778
57001,32893,63.50,20.778
57003,16233,63.50,20.778
57011,32893,63.50,20.778
57013,16233,63.50,20.778
57021,32893,63.50,20.778
57023,16233,63.50,20.778
57031,32893,63.50,20.778
57033,16233,63.50,20.778
57041,32893,63.50,20.778
57043,16233,63.50,20.778
57051,32893,63.50,20.778
57053,16233,63.50,20.778
57061,32893,63.50,20.778
57063,16233,63.50,20.778
57071,32893,63.50,20.778
57073,16233,63.50,20.778
57081,32893,63.50,20.778
57082,16233,63.50,20.778
57091,32893,63.50,20.778
57093,16233,63.50,20.778
57101,32893,63.50,20.778
57103,16233,63.50,20.778
57111,32893,63.50,20.778
57113,16233,63.50,20.778
57121,32893,63.50,20.778
57123,16233,63.50,20.778
57130,32893,63.50,20.778
57132,16233,63.50,20.778
57140,32893,63.50,20.778
57143,16233,63.50,20.778
57151,32893,63.50,20.778
57153,16233,63.50,20.778
57161,32893,63.50,20.778
57163,16233,63.50,20.778
57171,32893,63.50,20.778
57173,16233,63.50,20.778
57181,32893,63.50,20.778
57183,16233,63.50,20.778
57191,32893,63.50,20.778
57193,16233,63.50,20.778
57201,32893,63.50,20.778
57203,16233,63.50,20.778
57211,32893,63.50,20.778
57213,16233,63.50,20.778
57221,32893,63.50,20.778
57223,16233,63.50,20.778
57231,32893,63.50,20.778
57233,16233,63.50,20.778
57241,32893,63.50,20.778
57243,16233,63.50,20.778
57251,32893,63.50,20.778
57253,16233,63.50,20.778
57261,32893,63.50,20.778
57263,16233,63.50,20.778
57271,32893,63.50,20.778
57273,16233,63.50,20.778
57281,32893,63.50,20.778
57283,16233,63.50,20.778
57290,32893,63.50,20.778
57293,16233,63.50,20.778
57301,32893,63.50,20.778
57303,16233,63.50,20.778
57311,32893,63.50,20.778
57313,16233,63.50,20.778
57321,32893,63.50,20.778
57323,16233,63.50,20.778
57331,32893,63.50,20.778
57333,16233,63.50,20.778
57341,32893,63.50,20.778
57343,16233,63.50,20.778
57351,32893,63.50,20.778
57353,16233,63.50,20.778
57361,32893,63.50,20.778
57363,16233,63.50,20.778
57371,32893,63.50,20.778
57373,16233,63.50,20.778
57381,32893,63.50,20.778
57383,16233,63.50,20.778
57391,32893,63.50,20.778
57393,16233,63.50,20.778
57401,32893,63.50,20.778
57403,16233,63.50,20.778
57411,32893,63.50,20.778
57413,16233,63.50,20.778
57421,32893,63.50,20.778
57423,16233,63.50,20.778
57431,32893,63.50,20.778
57433,16233,63.50,20.778
57440,32893,63.50,20.778
57443,16233,63.50,20.778
57450,32893,63.50,20.778
57453,16233,63.50,20.778
57461,32893,63.50,20.778
57463,16233,63.50,20.778
57471,32893,63.50,20.778
57473,16233,63.50,20.778
57480,32893,63.50,20.778
57483,16233,63.50,20.778
57491,32893,63.50,20.778
57493,16233,63.50,20.778
57501,32893,63.50,20.778
57503,16233,63.50,20.778
57511,32893,63.50,20.778
57513,16233,63.50,20.778
57521,32893,63.50,20.778
57523,16233,63.50,20.778
57531,32893,63.50,20.778
57533,16233,63.50,20.778
57541,32893,63.50,20.778
57543,16233,63.50,20.778
57551,32893,63.50,20.778
57553,16233,63.50,20.778
57561,32893,63.50,20.778
57563,16233,63.50,20.778
57571,32893,63.50,20.778
57573,16233,63.50,20.778
57581,32893,63.50,20.778
57583,16233,63.50,20.778
57591,32893,63.50,20.778
57593,16233,63.50,20.778
57601,32893,63.50,20.778
57603,16233,63.50,20.778
57611,32893,63.50,20.778
57613,16233,63.50,20.778
57621,32893,63.50,20.778
57623,16233,63.50,20.778
57630,32893,63.50,20.778
57633,16233,63.50,20.778
57641,32893,63.50,20.778
57643,16233,63.50,20.778
57651,32893,63.50,20.778
57653,16233,63.50,20.778
57661,32893,63.50,20.778
57663,16233,63.50,20.778
57671,32893,63.50,20.778
57673,16233,63.50,20.778
57681,32893,63.50,20.778
57683,16233,63.50,20.778
57690,32893,63.50,20.778
57693,16233,63.50,20.778
57701,32893,63.50,20.778
57703,16233,63.50,20.778
57711,32893,63.50,20.778
57713,16233,63.50,20.778
57721,32893,63.50,20.778
57723,16233,63.50,20.778
57731,32893,63.50,20.778
57733,16233,63.50,20.778
57741,32893,63.50,20.778
57743,16233,63.50,20.778
57751,32893,63.50,20.778
57753,16233,63.50,20.778
57761,32893,63.50,20.778
57763,16233,63.50,20.778
57771,32893,63.50,20.778
57773,16233,63.50,20.778
57780,32893,63.50,20.778
57783,16233,63.50,20.778
57791,32893,63.50,20.778
57794,16233,63.50,20.778
57801,32893,63.50,20.778
57803,16233,63.50,20.778
57811,32893,63.50,20.778
57813,16233,63.50,20.778
57821,32893,63.50,20.778
57823,16233,63.50,20.778
57831,32893,63.50,20.778
57833,16233,63.50,20.778
57841,32893,63.50,20.778
57843,16233,63.50,20.778
57851,32893,63.50,20.778
57853,16233,63.50,20.778
57861,32893,63.50,20.778
57863,16233,63.50,20.778
57871,32893,63.50,20.778
57873,16233,63.50,20.778
57881,32893,63.50,20.778
57883,16233,63.50,20.778
57891,32893,63.50,20.778
57893,16233,63.50,20.778
57901,32893,63.50,20.778
57903,16233,63.50,20.778
57911,32893,63.50,20.778
57913,16233,63.50,20.778
57921,32893,63.50,20.778
57923,16233,63.50,20.778
57931,32893,63.50,20.778
57933,16233,63.50,20.778
57941,32893,63.50,20.778
57943,16233,63.50,20.778
57951,32893,63.50,20.778
57954,16233,63.50,20.778
57962,32893,63.50,20.778
57962,16233,63.50,20.778
57971,32893,63.50,20.778
57973,16233,63.50,20.778
57981,32893,63.50,20.778
57983,16233,63.50,20.778
57991,32893,63.50,20.778
57993,16233,63.50,20.778
58000,32893,63.50,20.778
58003,16233,63.50,20.778
58011,32893,63.50,20.778
58013,16233,63.50,20.778
58021,32893,63.50,20.778
58023,16233,63.50,20.778
58031,32893,63.50,20.778
58033,16233,63.50,20.778
58041,32893,63.50,20.778
58043,16233,63.50,20.778
58051,32893,63.50,20.778
58053,16233,63.50,20.778
58061,32893,63.50,20.778
58063,16233,63.50,20.778
58071,32893,63.50,20.778
58073,16233,63.50,20.778
58081,32893,63.50,20.778
58083,16233,63.50,20.778
58091,32893,63.50,20.778
58093,16233,63.50,20.778
58101,32893,63.50,20.778
58103,16233,63.50,20.778
58111,32893,63.50,20.778
58113,16233,63.50,20.778
58121,32893,63.50,20.778
58123,16233,63.50,20.778
58131,32893,63.50,20.778
58133,16233,63.50,20.778
58141,32893,63.50,20.778
58143,16233,63.50,20.778
58151,32893,63.50,20.778
58153,16233,63.50,20.778
58161,32893,63.50,20.778
58163,16233,63.50,20.778
58171,32893,63.50,20.778
58173,16233,63.50,20.778
58181,32893,63.50,20.778
58183,16233,63.50,20.778
58191,32893,63.50,20.778
58193,16233,63.50,20.778
58201,32893,63.50,20.778
58203,16233,63.50,20.778
58211,32893,63.50,20.778
58213,16233,63.50,20.778
58221,32893,63.50,20.778
58223,16233,63.50,20.778
58231,32893,63.50,20.778
58233,16233,63.50,20.778
58241,32893,63.50,20.778
58243,16233,63.50,20.778
58251,32893,63.50,20.778
58253,16233,63.50,20.778
58261,32893,63.50,20.778
58263,16233,63.50,20.778
58270,32893,63.50,20.778
58273,16233,63.50,20.778
58281,32893,63.50,20.778
58283,16233,63.50,20.778
58291,32893,63.50,20.778
58293,16233,63.50,20.778
58300,32893,63.50,20.778
58303,16233,63.50,20.778
58311,32893,63.50,20.778
58313,16233,63.50,20.778
58321,32893,63.50,20.778
58323,16233,63.50,20.778
58331,32893,63.50,20.778
58333,16233,63.50,20.778
58341,32893,63.50,20.778
58343,16233,63.50,20.778
58351,32893,63.50,20.778
58353,16233,63.50,20.778
58361,32893,63.50,20.778
58363,16233,63.50,20.778
58371,32893,63.50,20.778
58373,16233,63.50,20.778
58381,32893,63.50,20.778
58383,16233,63.50,20.778
58391,32893,63.50,20.778
58393,16233,63.50,20.778
58401,32893,63.50,20.778
58403,16233,63.50,20.778
58411,32893,63.50,20.778
58413,16233,63.50,20.778
58421,32893,63.50,20.778
58423,16233,63.50,20.778
58431,32893,63.50,20.778
58433,16233,63.50,20.778
58441,32893,63.50,20.778
58443,16233,63.50,20.778
58451,32893,63.50,20.778
58453,16233,63.50,20.778
58461,32893,63.50,20.778
58463,16233,63.50,20.778
58471,32893,63.50,20.778
58473,16233,63.50,20.778
58481,32893,63.50,20.778
58483,16233,63.50,20.778
58491,32893,63.50,20.778
58493,16233,63.50,20.778
58501,32893,63.50,20.778
58503,16233,63.50,20.778
58511,32893,63.50,20.778
58513,16233,63.50,20.778
58521,32893,63.50,20.778
58523,16233,63.50,20.778
58530,32893,63.50,20.778
58533,16233,63.50,20.778
58541,32893,63.50,20.778
58543,16233,63.50,20.778
58550,32893,63.50,20.778
58553,16233,63.50,20.778
58561,32893,63.50,20.778
58563,16233,63.50,20.778
58571,32893,63.50,20.778
58573,16233,63.50,20.778
58581,32893,63.50,20.778
58583,16233,63.50,20.778
58591,32893,63.50,20.778
58593,16233,63.50,20.778
58601,32893,63.50,20.778
58603,16233,63.50,20.778
58611,32893,63.50,20.778
58613,16233,63.50,20.778
58621,32893,63.50,20.778
58623,16233,63.50,20.778
58631,32893,63.50,20.778
58633,16233,63.50,20.778
58641,32893,63.50,20.778
58643,16233,63.50,20.778
58651,32893,63.50,20.778
58653,16233,63.50,20.778
58661,32893,63.50,20.778
58663,16233,63.50,20.778
58671,32893,63.50,20.778
58673,16233,63.50,20.778
58681,32893,63.50,20.778
58683,16233,63.50,20.778
58691,32893,63.50,20.778
58693,16233,63.50,20.778
58701,32893,63.50,20.778
58703,16233,63.50,20.778
58711,32893,63.50,20.778
58713,16233,63.50,20.778
58721,32893,63.50,20.778
58723,16233,63.50,20.778
58731,32893,63.50,20.778
58733,16233,63.50,20.778
58741,32893,63.50,20.778
58743,16233,63.50,20.778
58751,32893,63.50,20.778
58753,16233,63.50,20.778
58761,32893,63.50,20.778
58763,16233,63.50,20.778
58771,32893,63.50,20.778
58773,16233,63.50,20.778
58781,32893,63.50,20.778
58783,16233,63.50,20.778
58791,32893,63.50,20.778
58793,16233,63.50,20.778
58801,32893,63.50,20.778
58803,16233,63.50,20.778
58811,32893,63.50,20.778
58813,16233,63.50,20.778
58821,32893,63.50,20.778
58823,16233,63.50,20.778
58831,32893,63.50,20.778
58833,16233,63.50,20.778
58841,32893,63.50,20.778
58843,16233,63.50,20.778
58851,32893,63.50,20.778
58853,16233,63.50,20.778
58861,32893,63.50,20.778
58863,16233,63.50,20.778
58871,32893,63.50,20.778
58873,16233,63.50,20.778
58882,32893,63.50,20.778
58883,16233,63.50,20.778
58891,32893,63.50,20.778
58893,16233,63.50,20.778
58901,32893,63.50,20.778
58903,16233,63.50,20.778
58911,32893,63.50,20.778
58913,16233,63.50,20.778
58921,32893,63.50,20.778
58923,16233,63.50,20.778
58932,32893,63.50,20.778
58933,16233,63.50,20.778
58941,32893,63.50,20.778
58943,16233,63.50,20.778
58951,32893,63.50,20.778
58953,16233,63.50,20.778
58961,32893,63.50,20.778
58963,16233,63.50,20.778
58971,32893,63.50,20.778
58972,16233,63.50,20.778
58981,32893,63.50,20.778
58983,16233,63.50,20.778
58991,32893,63.50,20.778
58993,16233,63.50,20.778
59001,32893,63.50,20.778
59003,16233,63.50,20.778
59011,32893,63.50,20.778
59013,16233,63.50,20.778
59021,32893,63.50,20.778
59023,16233,63.50,20.778
59031,32893,63.50,20.778
59033,16233,63.50,20.778
59041,32893,63.50,20.778
59043,16233,63.50,20.778
59051,32893,63.50,20.778
59053,16233,63.50,20.778
59061,32893,63.50,20.778
59063,16233,63.50,20.778
59071,32893,63.50,20.778
59073,16233,63.50,20.778
59081,32893,63.50,20.778
59083,16233,63.50,20.778
59091,32893,63.50,20.778
59093,16233,63.50,20.778
59101,32893,63.50,20.778
59103,16233,63.50,20.778
59111,32893,63.50,20.778
59113,16233,63.50,20.778
59121,32893,63.50,20.778
59123,16233,63.50,20.778
59131,32893,63.50,20.778
59133,16233,63.50,20.778
59141,32893,63.50,20.778
59143,16233,63.50,20.778
59151,32893,63.50,20.778
59153,16233,63.50,20.778
59161,32893,63.50,20.778
59163,16233,63.50,20.778
59171,32893,63.50,20.778
59173,16233,63.50,20.778
59181,32893,63.50,20.778
59183,16233,63.50,20.778
59191,32893,63.50,20.778
59193,16233,63.50,20.778
59201,32893,63.50,20.778
59203,16233,63.50,20.778
59211,32893,63.50,20.778
59213,16233,63.50,20.778
59221,32893,63.50,20.778
59223,16233,63.50,20.778
59232,32893,63.50,20.778
59233,16233,63.50,20.778
59241,32893,63.50,20.778
59243,16233,63.50,20.778
59251,32893,63.50,20.778
59253,16233,63.50,20.778
59261,32893,63.50,20.778
59263,16233,63.50,20.778
59271,32893,63.50,20.778
59273,16233,63.50,20.778
59280,32893,63.50,20.778
59283,16233,63.50,20.778
59291,32893,63.50,20.778
59293,16233,63.50,20.778
59301,32893,63.50,20.778
59303,16233,63.50,20.778
59311,32893,63.50,20.778
59313,16233,63.50,20.778
59321,32893,63.50,20.778
59323,16233,63.50,20.778
59331,32893,63.50,20.778
59333,16233,63.50,20.778
59341,32893,63.50,20.778
59344,16233,63.50,20.778
59351,32893,63.50,20.778
59353,16233,63.50,20.778
59361,32893,63.50,20.778
59363,16233,63.50,20.778
59371,32893,63.50,20.778
59373,16233,63.50,20.778
59381,32893,63.50,20.778
59383,16233,63.50,20.778
59391,32893,63.50,20.778
59393,16233,63.50,20.778
59401,32893,63.50,20.778
59403,16233,63.50,20.778
59412,32893,63.50,20.778
59413,16233,63.50,20.778
59421,32893,63.50,20.778
59423,16233,63.50,20.778
59431,32893,63.50,20.778
59433,16233,63.50,20.778
59441,32893,63.50,20.778
59443,16233,63.50,20.778
59451,32893,63.50,20.778
59453,16233,63.50,20.778
59461,32893,63.50,20.778
59463,16233,63.50,20.778
59471,32893,63.50,20.778
59473,16233,63.50,20.778
59481,32893,63.50,20.778
59483,16233,63.50,20.778
59491,32893,63.50,20.778
59493,16233,63.50,20.778
59501,32893,63.50,20.778
59503,16233,63.50,20.778
59511,32893,63.50,20.778
59513,16233,63.50,20.778
59521,32893,63.50,20.778
59523,16233,63.50,20.778
59532,32893,63.50,20.778
59533,16233,63.50,20.778
59541,32893,63.50,20.778
59543,16233,63.50,20.778
59551,32893,63.50,20.778
59553,16233,63.50,20.778
59561,32893,63.50,20.778
59563,16233,63.50,20.778
59571,32893,63.50,20.778
59573,16233,63.50,20.778
59581,32893,63.50,20.778
59583,16233,63.50,20.778
59591,32893,63.50,20.778
59593,16233,63.50,20.778
59601,32893,63.50,20.778
59603,16233,63.50,20.778
59611,32893,63.50,20.778
59613,16233,63.50,20.778
59621,32893,63.50,20.778
59623,16233,63.50,20.778
59631,32893,63.50,20.778
59633,16233,63.50,20.778
59641,32893,63.50,20.778
59643,16233,63.50,20.778
59651,32893,63.50,20.778
59653,16233,63.50,20.778
59661,32893,63.50,20.778
59663,16233,63.50,20.778
59671,32893,63.50,20.778
59673,16233,63.50,20.778
59681,32893,63.50,20.778
59683,16233,63.50,20.778
59691,32893,63.50,20.778
59693,16233,63.50,20.778
59701,32893,63.50,20.778
59703,16233,63.50,20.778
59711,32893,63.50,20.778
59713,16233,63.50,20.778
59721,32893,63.50,20.778
59723,16233,63.50,20.778
59732,32893,63.50,20.778
59733,16233,63.50,20.778
59741,32893,63.50,20.778
59743,16233,63.50,20.778
59751,32893,63.50,20.778
59753,16233,63.50,20.778
59761,32893,63.50,20.778
59763,16233,63.50,20.778
59771,32893,63.50,20.778
59773,16233,63.50,20.778
59781,32893,63.50,20.778
59783,16233,63.50,20.778
59791,32893,63.50,20.778
59793,16233,63.50,20.778
59801,32893,63.50,20.778
59803,16233,63.50,20.778
59811,32893,63.50,20.778
59813,16233,63.50,20.778
59821,32893,63.50,20.778
59823,16233,63.50,20.778
59831,32893,63.50,20.778
59833,16233,63.50,20.778
59841,32893,63.50,20.778
59843,16233,63.50,20.778
59851,32893,63.50,20.778
59853,16233,63.50,20.778
59861,32893,63.50,20.778
59863,16233,63.50,20.778
59871,32893,63.50,20.778
59873,16233,63.50,20.778
59881,32893,63.50,20.778
59883,16233,63.50,20.778
59891,32893,63.50,20.778
59893,16233,63.50,20.778
59901,32893,63.50,20.778
59903,16233,63.50,20.778
59911,32893,63.50,20.778
59913,16233,63.50,20.778
59921,32893,63.50,20.778
59923,16233,63.50,20.778
59931,32893,63.50,20.778
59933,16233,63.50,20.778
59941,32893,63.50,20.778
59943,16233,63.50,20.778
59951,32893,63.50,20.778
59953,16233,63.50,20.778
59961,32893,63.50,20.778
59963,16233,63.50,20.778
59971,32893,63.50,20.778
59973,16233,63.50,20.778
59981,32893,63.50,20.778
59983,16233,63.50,20.778
59992,32893,63.50,20.778
59993,16233,63.50,20.778
60001,32893,63.50,20.778
60003,16233,63.50,20.778
60011,32893,63.50,20.778
60013,16233,63.50,20.778
60021,32893,63.50,20.778
60023,16233,63.50,20.778
60031,32893,63.50,20.778
60033,16233,63.50,20.778
60041,32893,63.50,20.778
60043,16233,63.50,20.778
60051,32893,63.50,20.778
60053,16233,63.50,20.778
60061,32893,63.50,20.778
60063,16233,63.50,20.778
60071,32893,63.50,20.778
60073,16233,63.50,20.778
60081,32893,63.50,20.778
60083,16233,63.50,20.778
60091,32893,63.50,20.778
60093,16233,63.50,20.778
60101,32893,63.50,20.778
60103,16233,63.50,20.778
60111,32893,63.50,20.778
60113,16233,63.50,20.778
60121,32893,63.50,20.778
60123,16233,63.50,20.778
60131,32893,63.50,20.778
60133,16233,63.50,20.778
60141,32893,63.50,20.778
60143,16233,63.50,20.778
60151,32893,63.50,20.778
60153,16233,63.50,20.778
60161,32893,63.50,20.778
60163,16233,63.50,20.778
60171,32893,63.50,20.778
60173,16233,63.50,20.778
60181,32893,63.50,20.778
60183,16233,63.50,20.778
60191,32893,63.50,20.778
60193,16233,63.50,20.778
60201,32893,63.50,20.778
60203,16233,63.50,20.778
60211,32893,63.50,20.778
60213,16233,63.50,20.778
60221,32893,63.50,20.778
60223,16233,63.50,20.778
60231,32893,63.50,20.778
60233,16233,63.50,20.778
60241,32893,63.50,20.778
60243,16233,63.50,20.778
60251,32893,63.50,20.778
60253,16233,63.50,20.778
60261,32893,63.50,20.778
60263,16233,63.50,20.778
60271,32893,63.50,20.778
60273,16233,63.50,20.778
60281,32893,63.50,20.778
60283,16233,63.50,20.778
60291,32893,63.50,20.778
60293,16233,63.50,20.778
60301,32893,63.50,20.778
60303,16233,63.50,20.778
60311,32893,63.50,20.778
60313,16233,63.50,20.778
60321,32893,63.50,20.778
60323,16233,63.50,20.778
60331,32893,63.50,20.778
60333,16233,63.50,20.778
60341,32893,63.50,20.778
60343,16233,63.50,20.778
60351,32893,63.50,20.778
60353,16233,63.50,20.778
60361,32893,63.50,20.778
60363,16233,63.50,20.778
60371,32893,63.50,20.778
60373,16233,63.50,20.778
60381,32893,63.50,20.778
60383,16233,63.50,20.778
60391,32893,63.50,20.778
60395,16233,63.50,20.778
60401,32893,63.50,20.778
60403,16233,63.50,20.778
60411,32893,63.50,20.778
60413,16233,63.50,20.778
60421,32893,63.50,20.778
60423,16233,63.50,20.778
60431,32893,63.50,20.778
60433,16233,63.50,20.778
60441,32893,63.50,20.778
60443,16233,63.50,20.778
60451,32893,63.50,20.778
60453,16233,63.50,20.778
60461,32893,63.50,20.778
60463,16233,63.50,20.778
60471,32893,63.50,20.778
60473,16233,63.50,20.778
60481,32893,63.50,20.778
60483,16233,63.50,20.778
60491,32893,63.50,20.778
60493,16233,63.50,20.778
60501,32893,63.50,20.778
60503,16233,63.50,20.778
60511,32893,63.50,20.778
60513,16233,63.50,20.778
60521,32893,63.50,20.778
60524,16233,63.50,20.778
60531,32893,63.50,20.778
60533,16233,63.50,20.778
60541,32893,63.50,20.778
60543,16233,63.50,20.778
60551,32893,63.50,20.778
60553,16233,63.50,20.778
60561,32893,63.50,20.778
60563,16233,63.50,20.778
60571,32893,63.50,20.778
60573,16233,63.50,20.778
60581,32893,63.50,20.778
60583,16233,63.50,20.778
60591,32893,63.50,20.778
60593,16233,63.50,20.778
60601,32893,63.50,20.778
60603,16233,63.50,20.778
60611,32893,63.50,20.778
60613,16233,63.50,20.778
60621,32893,63.50,20.778
60623,16233,63.50,20.778
60631,32893,63.50,20.778
60633,16233,63.50,20.778
60641,32893,63.50,20.778
60643,16233,63.50,20.778
60651,32893,63.50,20.778
60653,16233,63.50,20.778
60661,32893,63.50,20.778
60663,16233,63.50,20.778
60671,32893,63.50,20.778
60673,16233,63.50,20.778
60681,32893,63.50,20.778
60683,16233,63.50,20.778
60691,32893,63.50,20.778
60693,16233,63.50,20.778
60701,32893,63.50,20.778
60703,16233,63.50,20.778
60711,32893,63.50,20.778
60713,16233,63.50,20.778
60722,32893,63.50,20.778
60723,16233,63.50,20.778
60731,32893,63.50,20.778
60733,16233,63.50,20.778
60741,32893,63.50,20.778
60743,16233,63.50,20.778
60751,32893,63.50,20.778
60753,16233,63.50,20.778
60761,32893,63.50,20.778
60763,16233,63.50,20.778
60771,32893,63.50,20.778
60773,16233,63.50,20.778
60781,32893,63.50,20.778
60783,16233,63.50,20.778
60791,32893,63.50,20.778
60793,16233,63.50,20.778
60801,32893,63.50,20.778
60803,16233,63.50,20.778
60811,32893,63.50,20.778
60813,16233,63.50,20.778
60821,32893,63.50,20.778
60823,16233,63.50,20.778
60831,32893,63.50,20.778
60833,16233,63.50,20.778
60841,32893,63.50,20.778
60843,16233,63.50,20.778
60851,32893,63.50,20.778
60853,16233,63.50,20.778
60861,32893,63.50,20.778
60863,16233,63.50,20.778
60871,32893,63.50,20.778
60873,16233,63.50,20.778
60881,32893,63.50,20.778
60883,16233,63.50,20.778
60891,32893,63.50,20.778
60893,16233,63.50,20.778
60901,32893,63.50,20.778
60903,16233,63.50,20.778
60911,32893,63.50,20.778
60913,16233,63.50,20.778
60921,32893,63.50,20.778
60923,16233,63.50,20.778
60931,32893,63.50,20.778
60933,16233,63.50,20.778
60940,32893,63.50,20.778
60943,16233,63.50,20.778
60951,32893,63.50,20.778
60953,16233,63.50,20.778
60961,32893,63.50,20.778
60963,16233,63.50,20.778
60971,32893,63.50,20.778
60973,16233,63.50,20.778
60981,32893,63.50,20.778
60983,16233,63.50,20.778
60991,32893,63.50,20.778
60993,16233,63.50,20.778
61001,32893,63.50,20.778
61003,16233,63.50,20.778
61010,32893,63.50,20.778
61013,16233,63.50,20.778
61021,32893,63.50,20.778
61023,16233,63.50,20.778
61031,32893,63.50,20.778
61033,16233,63.50,20.778
61041,32893,63.50,20.778
61043,16233,63.50,20.778
61051,32893,63.50,20.778
61053,16233,63.50,20.778
61061,32893,63.50,20.778
61063,16233,63.50,20.778
61071,32893,63.50,20.778
61073,16233,63.50,20.778
61081,32893,63.50,20.778
61083,16233,63.50,20.778
61091,32893,63.50,20.778
61093,16233,63.50,20.778
61101,32893,63.50,20.778
61103,16233,63.50,20.778
61111,32893,63.50,20.778
61113,16233,63.50,20.778
61121,32893,63.50,20.778
61123,16233,63.50,20.778
61131,32893,63.50,20.778
61133,16233,63.50,20.778
61141,32893,63.50,20.778
61144,16233,63.50,20.778
61151,32893,63.50,20.778
61153,16233,63.50,20.778
61161,32893,63.50,20.778
61163,16233,63.50,20.778
61171,32893,63.50,20.778
61173,16233,63.50,20.778
61181,32893,63.50,20.778
61183,16233,63.50,20.778
61191,32893,63.50,20.778
61193,16233,63.50,20.778
61201,32893,63.50,20.778
61203,16233,63.50,20.778
61211,32893,63.50,20.778
61213,16233,63.50,20.778
61221,32893,63.50,20.778
61223,16233,63.50,20.778
61231,32893,63.50,20.778
61233,16233,63.50,20.778
61241,32893,63.50,20.778
61243,16233,63.50,20.778
61251,32893,63.50,20.778
61253,16233,63.50,20.778
61260,32893,63.50,20.778
61263,16233,63.50,20.778
61271,32893,63.50,20.778
61273,16233,63.50,20.778
61281,32893,63.50,20.778
61283,16233,63.50,20.778
61291,32893,63.50,20.778
61293,16233,63.50,20.778
61301,32893,63.50,20.778
61303,16233,63.50,20.778
61311,32893,63.50,20.778
61313,16233,63.50,20.778
61321,32893,63.50,20.778
61323,16233,63.50,20.778
61331,32893,63.50,20.778
61333,16233,63.50,20.778
61341,32893,63.50,20.778
61343,16233,63.50,20.778
61351,32893,63.50,20.778
61353,16233,63.50,20.778
61361,32893,63.50,20.778
61362,16233,63.50,20.778
61371,32893,63.50,20.778
61373,16233,63.50,20.778
61381,32893,63.50,20.778
61383,16233,63.50,20.778
61391,32893,63.50,20.778
61393,16233,63.50,20.778
61401,32893,63.50,20.778
61403,16233,63.50,20.778
61411,32893,63.50,20.778
61413,16233,63.50,20.778
61421,32893,63.50,20.778
61423,16233,63.50,20.778
61431,32893,63.50,20.778
61433,16233,63.50,20.778
61441,32893,63.50,20.778
61443,16233,63.50,20.778
61451,32893,63.50,20.778
61453,16233,63.50,20.778
61461,32893,63.50,20.778
61463,16233,63.50,20.778
61471,32893,63.50,20.778
61473,16233,63.50,20.778
61481,32893,63.50,20.778
61483,16233,63.50,20.778
61491,32893,63.50,20.778
61493,16233,63.50,20.778
61501,32893,63.50,20.778
61503,16233,63.50,20.778
61511,32893,63.50,20.778
61513,16233,63.50,20.778
61521,32893,63.50,20.778
61523,16233,63.50,20.778
61531,32893,63.50,20.778
61533,16233,63.50,20.778
61541,32893,63.50,20.778
61543,16233,63.50,20.778
61551,32893,63.50,20.778
61553,16233,63.50,20.778
61561,32893,63.50,20.778
61563,16233,63.50,20.778
61571,32893,63.50,20.778
61573,16233,63.50,20.778
61581,32893,63.50,20.778
61583,16233,63.50,20.778
61591,32893,63.50,20.778
61593,16233,63.50,20.778
61601,32893,63.50,20.778
61603,16233,63.50,20.778
61611,32893,63.50,20.778
61613,16233,63.50,20.778
61620,32893,63.50,20.778
61623,16233,63.50,20.778
61631,32893,63.50,20.778
61633,16233,63.50,20.778
61641,32893,63.50,20.778
61643,16233,63.50,20.778
61651,32893,63.50,20.778
61653,16233,63.50,20.778
61661,32893,63.50,20.778
61663,16233,63.50,20.778
61671,32893,63.50,20.778
61673,16233,63.50,20.778
61681,32893,63.50,20.778
61683,16233,63.50,20.778
61691,32893,63.50,20.778
61693,16233,63.50,20.778
61701,32893,63.50,20.778
61703,16233,63.50,20.778
61711,32893,63.50,20.778
61713,16233,63.50,20.778
61721,32893,63.50,20.778
61723,16233,63.50,20.778
61731,32893,63.50,20.778
61733,16233,63.50,20.778
61741,32893,63.50,20.778
61743,16233,63.50,20.778
61751,32893,63.50,20.778
61753,16233,63.50,20.778
61761,32893,63.50,20.778
61763,16233,63.50,20.778
61771,32893,63.50,20.778
61773,16233,63.50,20.778
61781,32893,63.50,20.778
61783,16233,63.50,20.778
61792,32893,63.50,20.778
61793,16233,63.50,20.778
61801,32893,63.50,20.778
61803,16233,63.50,20.778
61811,32893,63.50,20.778
61813,16233,63.50,20.778
61821,32893,63.50,20.778
61823,16233,63.50,20.778
61831,32893,63.50,20.778
61833,16233,63.50,20.778
61841,32893,63.50,20.778
61843,16233,63.50,20.778
61851,32893,63.50,20.778
61853,16233,63.50,20.778
61861,32893,63.50,20.778
61863,16233,63.50,20.778
61871,32893,63.50,20.778
61873,16233,63.50,20.778
61881,32893,63.50,20.778
61883,16233,63.50,20.778
61891,32893,63.50,20.778
61893,16233,63.50,20.778
61901,32893,63.50,20.778
61903,16233,63.50,20.778
61911,32893,63.50,20.778
61913,16233,63.50,20.778
61921,32893,63.50,20.778
61923,16233,63.50,20.778
61931,32893,63.50,20.778
61933,16233,63.50,20.778
61941,32893,63.50,20.778
61943,16233,63.50,20.778
61951,32893,63.50,20.778
61953,16233,63.50,20.778
61961,32893,63.50,20.778
61963,16233,63.50,20.778
61971,32893,63.50,20.778
61973,16233,63.50,20.778
61981,32893,63.50,20.778
61983,16233,63.50,20.778
61991,32893,63.50,20.778
61993,16233,63.50,20.778
62001,32893,63.50,20.778
62003,16233,63.50,20.778
62011,32893,63.50,20.778
62013,16233,63.50,20.778
62021,32893,63.50,20.778
62023,16233,63.50,20.778
62031,32893,63.50,20.778
62033,16233,63.50,20.778
62041,32893,63.50,20.778
62043,16233,63.50,20.778
62051,32893,63.50,20.778
62053,16233,63.50,20.778
62061,32893,63.50,20.778
62063,16233,63.50,20.778
62071,32893,63.50,20.778
62073,16233,63.50,20.778
62081,32893,63.50,20.778
62083,16233,63.50,20.778
62091,32893,63.50,20.778
62093,16233,63.50,20.778
62101,32893,63.50,20.778
62103,16233,63.50,20.778
62111,32893,63.50,20.778
62113,16233,63.50,20.778
62121,32893,63.50,20.778
62123,16233,63.50,20.778
62131,32893,63.50,20.778
62133,16233,63.50,20.778
62141,32893,63.50,20.778
62143,16233,63.50,20.778
62151,32893,63.50,20.778
62153,16233,63.50,20.778
62161,32893,63.50,20.778
62163,16233,63.50,20.778
62171,32893,63.50,20.778
62173,16233,63.50,20.778
62181,32893,63.50,20.778
62183,16233,63.50,20.778
62191,32893,63.50,20.778
62193,16233,63.50,20.778
62201,32893,63.50,20.778
62203,16233,63.50,20.778
62211,32893,63.50,20.778
62213,16233,63.50,20.778
62221,32893,63.50,20.778
62223,16233,63.50,20.778
62231,32893,63.50,20.778
62233,16233,63.50,20.778
62241,32893,63.50,20.778
62243,16233,63.50,20.778
62251,32893,63.50,20.778
62253,16233,63.50,20.778
62261,32893,63.50,20.778
62263,16233,63.50,20.778
62271,32893,63.50,20.778
62273,16233,63.50,20.778
62281,32893,63.50,20.778
62283,16233,63.50,20.778
62291,32893,63.50,20.778
62293,16233,63.50,20.778
62301,32893,63.50,20.778
62303,16233,63.50,20.778
62311,32893,63.50,20.778
62313,16233,63.50,20.778
62321,32893,63.50,20.778
62323,16233,63.50,20.778
62331,32893,63.50,20.778
62333,16233,63.50,20.778
62342,32893,63.50,20.778
62343,16233,63.50,20.778
62351,32893,63.50,20.778
62353,16233,63.50,20.778
62361,32893,63.50,20.778
62363,16233,63.50,20.778
62371,32893,63.50,20.778
62373,16233,63.50,20.778
62381,32893,63.50,20.778
62383,16233,63.50,20.778
62391,32893,63.50,20.778
62393,16233,63.50,20.778
62401,32893,63.50,20.778
62403,16233,63.50,20.778
62411,32893,63.50,20.778
62413,16233,63.50,20.778
62421,32893,63.50,20.778
62423,16233,63.50,20.778
62431,32893,63.50,20.778
62433,16233,63.50,20.778
62443,32893,63.50,20.778
62443,16233,63.50,20.778
62451,32893,63.50,20.778
62453,16233,63.50,20.778
62461,32893,63.50,20.778
62463,16233,63.50,20.778
62471,32893,63.50,20.778
62473,16233,63.50,20.778
62481,32893,63.50,20.778
62483,16233,63.50,20.778
62491,32893,63.50,20.778
62493,16233,63.50,20.778
62501,32893,63.50,20.778
62503,16233,63.50,20.778
62511,32893,63.50,20.778
62513,16233,63.50,20.778
62521,32893,63.50,20.778
62523,16233,63.50,20.778
62531,32893,63.50,20.778
62533,16233,63.50,20.778
62541,32893,63.50,20.778
62543,16233,63.50,20.778
62551,32893,63.50,20.778
62553,16233,63.50,20.778
62561,32893,63.50,20.778
62563,16233,63.50,20.778
62572,32893,63.50,20.778
62573,16233,63.50,20.778
62581,32893,63.50,20.778
62583,16233,63.50,20.778
62591,32893,63.50,20.778
62593,16233,63.50,20.778
62601,32893,63.50,20.778
62603,16233,63.50,20.778
62611,32893,63.50,20.778
62613,16233,63.50,20.778
62621,32893,63.50,20.778
62623,16233,63.50,20.778
62631,32893,63.50,20.778
62633,16233,63.50,20.778
62641,32893,63.50,20.778
62643,16233,63.50,20.778
62651,32893,63.50,20.778
62653,16233,63.50,20.778
62661,32893,63.50,20.778
62663,16233,63.50,20.778
62671,32893,63.50,20.778
62674,16233,63.50,20.778
62681,32893,63.50,20.778
62683,16233,63.50,20.778
62691,32893,63.50,20.778
62693,16233,63.50,20.778
62701,32893,63.50,20.778
62703,16233,63.50,20.778
62711,32893,63.50,20.778
62713,16233,63.50,20.778
62721,32893,63.50,20.778
62723,16233,63.50,20.778
62731,32893,63.50,20.778
62733,16233,63.50,20.778
62741,32893,63.50,20.778
62743,16233,63.50,20.778
62751,32893,63.50,20.778
62753,16233,63.50,20.778
62761,32893,63.50,20.778
62763,16233,63.50,20.778
62771,32893,63.50,20.778
62773,16233,63.50,20.778
62781,32893,63.50,20.778
62783,16233,63.50,20.778
62791,32893,63.50,20.778
62793,16233,63.50,20.778
62801,32893,63.50,20.778
62803,16233,63.50,20.778
62811,32893,63.50,20.778
62813,16233,63.50,20.778
62821,32893,63.50,20.778
62823,16233,63.50,20.778
62831,32893,63.50,20.778
62833,16233,63.50,20.778
62841,32893,63.50,20.778
62843,16233,63.50,20.778
62851,32893,63.50,20.778
62853,16233,63.50,20.778
62861,32893,63.50,20.778
62863,16233,63.50,20.778
62872,32893,63.50,20.778
62873,16233,63.50,20.778
62881,32893,63.50,20.778
62883,16233,63.50,20.778
62891,32893,63.50,20.778
62893,16233,63.50,20.778
62901,32893,63.50,20.778
62903,16233,63.50,20.778
62911,32893,63.50,20.778
62913,16233,63.50,20.778
62921,32893,63.50,20.778
62923,16233,63.50,20.778
62930,32893,63.50,20.778
62933,16233,63.50,20.778
62941,32893,63.50,20.778
62943,16233,63.50,20.778
62951,32893,63.50,20.778
62953,16233,63.50,20.778
62961,32893,63.50,20.778
62963,16233,63.50,20.778
62971,32893,63.50,20.778
62973,16233,63.50,20.778
62981,32893,63.50,20.778
62983,16233,63.50,20.778
62990,32893,63.50,20.778
62993,16233,63.50,20.778
63001,32893,63.50,20.778
63003,16233,63.50,20.778
63011,32893,63.50,20.778
63013,16233,63.50,20.778
63021,32893,63.50,20.778
63023,16233,63.50,20.778
63031,32893,63.50,20.778
63033,16233,63.50,20.778
63041,32893,63.50,20.778
63043,16233,63.50,20.778
63051,32893,63.50,20.778
63053,16233,63.50,20.778
63061,32893,63.50,20.778
63063,16233,63.50,20.778
63071,32893,63.50,20.778
63073,16233,63.50,20.778
63081,32893,63.50,20.778
63083,16233,63.50,20.778
63091,32893,63.50,20.778
63093,16233,63.50,20.778
63101,32893,63.50,20.778
63103,16233,63.50,20.778
63111,32893,63.50,20.778
63113,16233,63.50,20.778
63121,32893,63.50,20.778
63123,16233,63.50,20.778
63131,32893,63.50,20.778
63133,16233,63.50,20.778
63141,32893,63.50,20.778
63143,16233,63.50,20.778
63151,32893,63.50,20.778
63153,16233,63.50,20.778
63161,32893,63.50,20.778
63163,16233,63.50,20.778
63171,32893,63.50,20.778
63173,16233,63.50,20.778
63181,32893,63.50,20.778
63183,16233,63.50,20.778
63191,32893,63.50,20.778
63193,16233,63.50,20.778
63201,32893,63.50,20.778
63203,16233,63.50,20.778
63211,32893,63.50,20.778
63213,16233,63.50,20.778
63221,32893,63.50,20.778
63223,16233,63.50,20.778
63231,32893,63.50,20.778
63233,16233,63.50,20.778
63241,32893,63.50,20.778
63243,16233,63.50,20.778
63251,32893,63.50,20.778
63253,16233,63.50,20.778
63261,32893,63.50,20.778
63263,16233,63.50,20.778
63271,32893,63.50,20.778
63273,16233,63.50,20.778
63281,32893,63.50,20.778
63283,16233,63.50,20.778
63291,32893,63.50,20.778
63293,16233,63.50,20.778
63301,32893,63.50,20.778
63303,16233,63.50,20.778
63311,32893,63.50,20.778
63313,16233,63.50,20.778
63321,32893,63.50,20.778
63323,16233,63.50,20.778
63331,32893,63.50,20.778
63333,16233,63.50,20.778
63341,32893,63.50,20.778
63343,16233,63.50,20.778
63351,32893,63.50,20.778
63353,16233,63.50,20.778
63361,32893,63.50,20.778
63363,16233,63.50,20.778
63371,32893,63.50,20.778
63373,16233,63.50,20.778
63381,32893,63.50,20.778
63383,16233,63.50,20.778
63391,32893,63.50,20.778
63393,16233,63.50,20.778
63401,32893,63.50,20.778
63403,16233,63.50,20.778
63411,32893,63.50,20.778
63413,16233,63.50,20.778
63420,32893,63.50,20.778
63423,16233,63.50,20.778
63431,32893,63.50,20.778
63433,16233,63.50,20.778
63441,32893,63.50,20.778
63443,16233,63.50,20.778
63451,32893,63.50,20.778
63453,16233,63.50,20.778
63461,32893,63.50,20.778
63463,16233,63.50,20.778
63471,32893,63.50,20.778
63473,16233,63.50,20.778
63481,32893,63.50,20.778
63483,16233,63.50,20.778
63491,32893,63.50,20.778
63493,16233,63.50,20.778
63501,32893,63.50,20.778
63503,16233,63.50,20.778
63511,32893,63.50,20.778
63513,16233,63.50,20.778
63520,32893,63.50,20.778
63523,16233,63.50,20.778
63531,32893,63.50,20.778
63533,16233,63.50,20.778
63541,32893,63.50,20.778
63543,16233,63.50,20.778
63551,32893,63.50,20.778
63553,16233,63.50,20.778
63561,32893,63.50,20.778
63563,16233,63.50,20.778
63571,32893,63.50,20.778
63573,16233,63.50,20.778
63581,32893,63.50,20.778
63583,16233,63.50,20.778
63591,32893,63.50,20.778
63593,16233,63.50,20.778
63601,32893,63.50,20.778
63603,16233,63.50,20.778
63611,32893,63.50,20.778
63613,16233,63.50,20.778
63621,32893,63.50,20.778
63623,16233,63.50,20.778
63631,32893,63.50,20.778
63633,16233,63.50,20.778
63641,32893,63.50,20.778
63643,16233,63.50,20.778
63651,32893,63.50,20.778
63653,16233,63.50,20.778
63661,32893,63.50,20.778
63663,16233,63.50,20.778
63671,32893,63.50,20.778
63673,16233,63.50,20.778
63681,32893,63.50,20.778
63683,16233,63.50,20.778
63690,32893,63.50,20.778
63692,16233,63.50,20.778
63701,32893,63.50,20.778
63703,16233,63.50,20.778
63711,32893,63.50,20.778
63713,16233,63.50,20.778
63721,32893,63.50,20.778
63723,16233,63.50,20.778
63731,32893,63.50,20.778
63733,16233,63.50,20.778
63741,32893,63.50,20.778
63743,16233,63.50,20.778
63751,32893,63.50,20.778
63753,16233,63.50,20.778
63761,32893,63.50,20.778
63763,16233,63.50,20.778
63771,32893,63.50,20.778
63773,16233,63.50,20.778
63781,32893,63.50,20.778
63783,16233,63.50,20.778
63791,32893,63.50,20.778
63793,16233,63.50,20.778
63801,32893,63.50,20.778
63803,16233,63.50,20.778
63811,32893,63.50,20.778
63813,16233,63.50,20.778
63821,32893,63.50,20.778
63823,16233,63.50,20.778
63831,32893,63.50,20.778
63833,16233,63.50,20.778
63841,32893,63.50,20.778
63843,16233,63.50,20.778
63851,32893,63.50,20.778
63853,16233,63.50,20.778
63861,32893,63.50,20.778
63863,16233,63.50,20.778
63871,32893,63.50,20.778
63873,16233,63.50,20.778
63881,32893,63.50,20.778
63883,16233,63.50,20.778
63891,32893,63.50,20.778
63893,16233,63.50,20.778
63900,32893,63.50,20.778
63903,16233,63.50,20.778
63911,32893,63.50,20.778
63913,16233,63.50,20.778
63921,32893,63.50,20.778
63923,16233,63.50,20.778
63931,32893,63.50,20.778
63933,16233,63.50,20.778
63941,32893,63.50,20.778
63943,16233,63.50,20.778
63951,32893,63.50,20.778
63953,16233,63.50,20.778
63961,32893,63.50,20.778
63963,16233,63.50,20.778
63971,32893,63.50,20.778
63973,16233,63.50,20.778
63981,32893,63.50,20.778
63983,16233,63.50,20.778
63991,32893,63.50,20.778
63993,16233,63.50,20.778
64001,32893,63.50,20.778
64003,16233,63.50,20.778
64011,32893,63.50,20.778
64013,16233,63.50,20.778
64021,32893,63.50,20.778
64023,16233,63.50,20.778
64031,32893,63.50,20.778
64033,16233,63.50,20.778
64041,32893,63.50,20.778
64043,16233,63.50,20.778
64051,32893,63.50,20.778
64053,16233,63.50,20.778
64061,32893,63.50,20.778
64063,16233,63.50,20.778
64071,32893,63.50,20.778
64073,16233,63.50,20.778
64081,32893,63.50,20.778
64083,16233,63.50,20.778
64091,32893,63.50,20.778
64093,16233,63.50,20.778
64101,32893,63.50,20.778
64103,16233,63.50,20.778
64111,32893,63.50,20.778
64113,16233,63.50,20.778
64121,32893,63.50,20.778
64123,16233,63.50,20.778
64131,32893,63.50,20.778
64133,16233,63.50,20.778
64141,32893,63.50,20.778
64143,16233,63.50,20.778
64151,32893,63.50,20.778
64153,16233,63.50,20.778
64161,32893,63.50,20.778
64163,16233,63.50,20.778
64171,32893,63.50,20.778
64173,16233,63.50,20.778
64181,32893,63.50,20.778
64183,16233,63.50,20.778
64191,32893,63.50,20.778
64193,16233,63.50,20.778
64201,32893,63.50,20.778
64203,16233,63.50,20.778
64211,32893,63.50,20.778
64213,16233,63.50,20.778
64221,32893,63.50,20.778
64223,16233,63.50,20.778
64231,32893,63.50,20.778
64233,16233,63.50,20.778
64241,32893,63.50,20.778
64243,16233,63.50,20.778
64251,32893,63.50,20.778
64253,16233,63.50,20.778
64261,32893,63.50,20.778
64263,16233,63.50,20.778
64271,32893,63.50,20.778
64273,16233,63.50,20.778
64281,32893,63.50,20.778
64283,16233,63.50,20.778
64291,32893,63.50,20.778
64293,16233,63.50,20.778
64301,32893,63.50,20.778
64303,16233,63.50,20.778
64311,32893,63.50,20.778
64313,16233,63.50,20.778
64322,32893,63.50,20.778
64323,16233,63.50,20.778
64331,32893,63.50,20.778
64333,16233,63.50,20.778
64341,32893,63.50,20.778
64343,16233,63.50,20.778
64351,32893,63.50,20.778
64353,16233,63.50,20.778
64361,32893,63.50,20.778
64363,16233,63.50,20.778
64371,32893,63.50,20.778
64373,16233,63.50,20.778
64381,32893,63.50,20.778
64383,16233,63.50,20.778
64391,32893,63.50,20.778
64393,16233,63.50,20.778
64401,32893,63.50,20.778
64403,16233,63.50,20.778
64411,32893,63.50,20.778
64413,16233,63.50,20.778
64421,32893,63.50,20.778
64423,16233,58.00,18.978
64431,32893,63.50,20.778
64433,16233,58.00,18.978
64441,32893,63.50,20.778
64443,16233,58.00,18.978
64451,32893,63.50,20.778
64453,16233,58.00,18.978
64461,32893,63.50,20.778
64463,16233,58.00,18.978
64471,32893,63.50,20.778
64473,16233,58.00,18.978
64481,32893,63.50,20.778
64483,16233,58.00,18.978
64491,32893,63.50,20.778
64493,16233,58.00,18.978
64501,32893,63.50,20.778
64503,16233,58.00,18.978
64511,32893,63.50,20.778
64513,16233,58.00,18.978
64521,32893,63.50,20.778
64523,16233,58.00,18.978
64531,32893,63.50,20.778
64533,16233,58.00,18.978
64541,32893,63.50,20.778
64543,16233,58.00,18.978
64551,32893,63.50,20.778
64553,16233,58.00,18.978
64561,32893,63.50,20.778
64563,16233,58.00,18.978
64571,32893,63.50,20.778
64573,16233,58.00,18.978
64581,32893,63.50,20.778
64583,16233,58.00,18.978
64591,32893,63.50,20.778
64593,16233,58.00,18.978
64601,32893,63.50,20.778
64603,16233,58.00,18.978
64611,32893,63.50,20.778
64613,16233,58.00,18.978
64621,32893,63.50,20.778
64623,16233,58.00,18.978
64631,32893,63.50,20.778
64633,16233,58.00,18.978
64641,32893,63.50,20.778
64643,16233,58.00,18.978
64651,32893,63.50,20.778
64653,16233,58.00,18.978
64661,32893,63.50,20.778
64663,16233,58.00,18.978
64671,32893,63.50,20.778
64673,16233,58.00,18.978
64680,32893,63.50,20.778
64683,16233,58.00,18.978
64691,32893,63.50,20.778
64693,16233,58.00,18.978
64701,32893,63.50,20.778
64703,16233,58.00,18.978
64711,32893,63.50,20.778
64713,16233,58.00,18.978
64721,32893,63.50,20.778
64723,16233,58.00,18.978
64731,32893,63.50,20.778
64733,16233,58.00,18.978
64741,32893,63.50,20.778
64743,16233,58.00,18.978
64750,32893,63.50,20.778
64753,16233,58.00,18.978
64760,32893,63.50,20.778
64763,16233,58.00,18.978
64771,32893,63.50,20.778
64773,16233,58.00,18.978
64781,32893,63.50,20.778
64783,16233,58.00,18.978
64791,32893,63.50,20.778
64793,16233,58.00,18.978
64801,32893,63.50,20.778
64803,16233,58.00,18.978
64810,32893,63.50,20.778
64813,16233,58.00,18.978
64821,32893,63.50,20.778
64823,16233,58.00,18.978
64831,32893,63.50,20.778
64833,16233,58.00,18.978
64841,32893,63.50,20.778
64843,16233,58.00,18.978
64851,32893,63.50,20.778
64853,16233,58.00,18.978
64861,32893,63.50,20.778
64863,16233,58.00,18.978
64871,32893,63.50,20.778
64874,16233,58.00,18.978
64881,32893,63.50,20.778
64883,16233,58.00,18.978
64891,32893,63.50,20.778
64893,16233,58.00,18.978
64901,32893,63.50,20.778
64903,16233,58.00,18.978
64911,32893,63.50,20.778
64913,16233,58.00,18.978
64921,32893,63.50,20.778
64923,16233,58.00,18.978
64931,32893,63.50,20.778
64933,16233,58.00,18.978
64941,32893,63.50,20.778
64943,16233,58.00,18.978
64951,32893,63.50,20.778
64953,16233,58.00,18.978
64961,32893,63.50,20.778
64963,16233,58.00,18.978
64971,32893,63.50,20.778
64973,16233,58.00,18.978
64981,32893,63.50,20.778
64983,16233,58.00,18.978
64991,32893,63.50,20.778
64993,16233,58.00,18.978
65001,32893,63.50,20.778
65003,16233,58.00,18.978
65011,32893,63.50,20.778
65013,16233,58.00,18.978
65021,32893,63.50,20.778
65023,16233,58.00,18.978
65031,32893,63.50,20.778
65033,16233,58.00,18.978
65041,32893,63.50,20.778
65043,16233,58.00,18.978
65051,32893,63.50,20.778
65053,16233,58.00,18.978
65061,32893,63.50,20.778
65063,16233,58.00,18.978
65071,32893,63.50,20.778
65073,16233,58.00,18.978
65081,32893,63.50,20.778
65083,16233,58.00,18.978
65091,32893,63.50,20.778
65093,16233,58.00,18.978
65101,32893,63.50,20.778
65103,16233,58.00,18.978
65111,32893,63.50,20.778
65113,16233,58.00,18.978
65121,32893,63.50,20.778
65123,16233,58.00,18.978
65131,32893,63.50,20.778
65133,16233,58.00,18.978
65141,32893,63.50,20.778
65143,16233,58.00,18.978
65151,32893,63.50,20.778
65153,16233,58.00,18.978
65161,32893,63.50,20.778
65163,16233,58.00,18.978
65171,32893,63.50,20.778
65173,16233,58.00,18.978
65180,32893,63.50,20.778
65183,16233,58.00,18.978
65191,32893,63.50,20.778
65193,16233,58.00,18.978
65201,32893,63.50,20.778
65203,16233,58.00,18.978
65211,32893,63.50,20.778
65213,16233,58.00,18.978
65221,32893,63.50,20.778
65223,16233,58.00,18.978
65231,32893,63.50,20.778
65233,16233,58.00,18.978
65241,32893,63.50,20.778
65243,16233,58.00,18.978
65251,32893,63.50,20.778
65253,16233,58.00,18.978
65261,32893,63.50,20.778
65263,16233,58.00,18.978
65271,32893,63.50,20.778
65273,16233,58.00,18.978
65281,32893,63.50,20.778
65283,16233,58.00,18.978
65291,32893,63.50,20.778
65293,16233,58.00,18.978
65301,32893,63.50,20.778
65303,16233,58.00,18.978
65311,32893,63.50,20.778
65313,16233,58.00,18.978
65321,32893,63.50,20.778
65323,16233,58.00,18.978
65331,32893,63.50,20.778
65333,16233,58.00,18.978
65341,32893,63.50,20.778
65343,16233,58.00,18.978
65351,32893,63.50,20.778
65353,16233,58.00,18.978
65361,32893,63.50,20.778
65363,16233,58.00,18.978
65371,32893,63.50,20.778
65373,16233,58.00,18.978
65381,32893,63.50,20.778
65383,16233,58.00,18.978
65391,32893,63.50,20.778
65393,16233,58.00,18.978
65401,32893,63.50,20.778
65403,16233,58.00,18.978
65411,32893,63.50,20.778
65413,16233,58.00,18.978
65421,32893,63.50,20.778
65423,16233,58.00,18.978
65431,32893,63.50,20.778
65433,16233,58.00,18.978
65440,32893,63.50,20.778
65443,16233,58.00,18.978
65451,32893,63.50,20.778
65453,16233,58.00,18.978
65461,32893,63.50,20.778
65463,16233,58.00,18.978
65471,32893,63.50,20.778
65473,16233,58.00,18.978
65481,32893,63.50,20.778
65483,16233,58.00,18.978
65491,32893,63.50,20.778
65493,16233,58.00,18.978
65501,32893,63.50,20.778
65503,16233,58.00,18.978
65511,32893,63.50,20.778
65513,16233,58.00,18.978
65521,32893,63.50,20.778
65523,16233,58.00,18.978
65530,32893,63.50,20.778
65533,16233,58.00,18.978
65541,32893,63.50,20.778
65543,16233,58.00,18.978
65551,32893,63.50,20.778
65553,16233,58.00,18.978
65561,32893,63.50,20.778
65563,16233,58.00,18.978
65571,32893,63.50,20.778
65573,16233,58.00,18.978
65581,32893,63.50,20.778
65583,16233,58.00,18.978
65591,32893,63.50,20.778
65593,16233,58.00,18.978
65601,32893,63.50,20.778
65603,16233,58.00,18.978
65611,32893,63.50,20.778
65613,16233,58.00,18.978
65621,32893,63.50,20.778
65623,16233,58.00,18.978
65631,32893,63.50,20.778
65633,16233,58.00,18.978
65641,32893,63.50,20.778
65643,16233,58.00,18.978
65651,32893,63.50,20.778
65653,16233,58.00,18.978
65661,32893,63.50,20.778
65663,16233,58.00,18.978
65671,32893,63.50,20.778
65673,16233,58.00,18.978
65681,32893,63.50,20.778
65683,16233,58.00,18.978
65691,32893,63.50,20.778
65693,16233,58.00,18.978
65701,32893,63.50,20.778
65703,16233,58.00,18.978
65711,32893,63.50,20.778
65713,16233,58.00,18.978
65721,32893,63.50,20.778
65723,16233,58.00,18.978
65731,32893,63.50,20.778
65733,16233,58.00,18.978
65741,32893,63.50,20.778
65743,16233,58.00,18.978
65751,32893,63.50,20.778
65753,16233,58.00,18.978
65761,32893,63.50,20.778
65763,16233,58.00,18.978
65771,32893,63.50,20.778
65773,16233,58.00,18.978
65781,32893,63.50,20.778
65783,16233,58.00,18.978
65791,32893,63.50,20.778
65793,16233,58.00,18.978
65801,32893,63.50,20.778
65803,16233,58.00,18.978
65811,32893,63.50,20.778
65813,16233,58.00,18.978
65821,32893,63.50,20.778
65823,16233,58.00,18.978
65831,32893,63.50,20.778
65833,16233,58.00,18.978
65841,32893,63.50,20.778
65843,16233,58.00,18.978
65851,32893,63.50,20.778
65853,16233,58.00,18.978
65861,32893,63.50,20.778
65863,16233,58.00,18.978
65872,32893,63.50,20.778
65873,16233,58.00,18.978
65881,32893,63.50,20.778
65883,16233,58.00,18.978
65891,32893,63.50,20.778
65893,16233,58.00,18.978
65901,32893,63.50,20.778
65903,16233,58.00,18.978
65911,32893,63.50,20.778
65913,16233,58.00,18.978
65921,32893,63.50,20.778
65923,16233,58.00,18.978
65931,32893,63.50,20.778
65933,16233,58.00,18.978
65941,32893,63.50,20.778
65943,16233,58.00,18.978
65951,32893,63.50,20.778
65953,16233,58.00,18.978
65961,32893,63.50,20.778
65963,16233,58.00,18.978
65971,32893,63.50,20.778
65973,16233,58.00,18.978
65981,32893,63.50,20.778
65983,16233,58.00,18.978
65991,32893,63.50,20.778
65993,16233,58.00,18.978
66001,32893,63.50,20.778
66003,16233,58.00,18.978
66011,32893,63.50,20.778
66013,16233,58.00,18.978
66021,32893,63.50,20.778
66023,16233,58.00,18.978
66031,32893,63.50,20.778
66033,16233,58.00,18.978
66041,32893,63.50,20.778
66043,16233,58.00,18.978
66051,32893,63.50,20.778
66053,16233,58.00,18.978
66061,32893,63.50,20.778
66063,16233,58.00,18.978
66071,32893,63.50,20.778
66073,16233,58.00,18.978
66081,32893,63.50,20.778
66083,16233,58.00,18.978
66091,32893,63.50,20.778
66093,16233,58.00,18.978
66101,32893,63.50,20.778
66103,16233,58.00,18.978
66111,32893,63.50,20.778
66113,16233,58.00,18.978
66121,32893,63.50,20.778
66123,16233,58.00,18.978
66131,32893,63.50,20.778
66133,16233,58.00,18.978
66141,32893,63.50,20.778
66143,16233,58.00,18.978
66151,32893,63.50,20.778
66153,16233,58.00,18.978
66161,32893,63.50,20.778
66163,16233,58.00,18.978
66171,32893,63.50,20.778
66173,16233,58.00,18.978
66181,32893,63.50,20.778
66183,16233,58.00,18.978
66191,32893,63.50,20.778
66193,16233,58.00,18.978
66201,32893,63.50,20.778
66203,16233,58.00,18.978
66211,32893,63.50,20.778
66213,16233,58.00,18.978
66221,32893,63.50,20.778
66223,16233,58.00,18.978
66231,32893,63.50,20.778
66233,16233,58.00,18.978
66241,32893,63.50,20.778
66243,16233,58.00,18.978
66251,32893,63.50,20.778
66253,16233,58.00,18.978
66261,32893,63.50,20.778
66263,16233,58.00,18.978
66271,32893,63.50,20.778
66273,16233,58.00,18.978
66281,32893,63.50,20.778
66283,16233,58.00,18.978
66291,32893,63.50,20.778
66293,16233,58.00,18.978
66301,32893,63.50,20.778
66303,16233,58.00,18.978
66311,32893,63.50,20.778
66313,16233,58.00,18.978
66321,32893,63.50,20.778
66323,16233,58.00,18.978
66331,32893,63.50,20.778
66333,16233,58.00,18.978
66341,32893,63.50,20.778
66343,16233,58.00,18.978
66351,32893,63.50,20.778
66353,16233,58.00,18.978
66361,32893,63.50,20.778
66363,16233,58.00,18.978
66371,32893,63.50,20.778
66373,16233,58.00,18.978
66381,32893,63.50,20.778
66383,16233,58.00,18.978
66391,32893,63.50,20.778
66393,16233,58.00,18.978
66401,32893,63.50,20.778
66403,16233,58.00,18.978
66411,32893,63.50,20.778
66413,16233,58.00,18.978
66421,32893,63.50,20.778
66423,16233,58.00,18.978
66431,32893,63.50,20.778
66433,16233,58.00,18.978
66441,32893,63.50,20.778
66443,16233,58.00,18.978
66451,32893,63.50,20.778
66453,16233,58.00,18.978
66461,32893,63.50,20.778
66463,16233,58.00,18.978
66471,32893,63.50,20.778
66473,16233,58.00,18.978
66481,32893,63.50,20.778
66483,16233,58.00,18.978
66491,32893,63.50,20.778
66493,16233,58.00,18.978
66501,32893,63.50,20.778
66503,16233,58.00,18.978
66511,32893,63.50,20.778
66513,16233,58.00,18.978
66521,32893,63.50,20.778
66523,16233,58.00,18.978
66531,32893,63.50,20.778
66533,16233,58.00,18.978
66541,32893,63.50,20.778
66543,16233,58.00,18.978
66551,32893,63.50,20.778
66553,16233,58.00,18.978
66561,32893,63.50,20.778
66563,16233,58.00,18.978
66571,32893,63.50,20.778
66573,16233,58.00,18.978
66581,32893,63.50,20.778
66583,16233,58.00,18.978
66591,32893,63.50,20.778
66593,16233,58.00,18.978
66601,32893,63.50,20.778
66603,16233,58.00,18.978
66611,32893,63.50,20.778
66613,16233,58.00,18.978
66621,32893,63.50,20.778
66623,16233,58.00,18.978
66631,32893,63.50,20.778
66633,16233,58.00,18.978
66641,32893,63.50,20.778
66643,16233,58.00,18.978
66651,32893,63.50,20.778
66653,16233,58.00,18.978
66661,32893,63.50,20.778
66663,16233,58.00,18.978
66671,32893,63.50,20.778
66673,16233,58.00,18.978
66681,32893,63.50,20.778
66683,16233,58.00,18.978
66691,32893,63.50,20.778
66693,16233,58.00,18.978
66701,32893,63.50,20.778
66703,16233,58.00,18.978
66712,32893,63.50,20.778
66713,16233,58.00,18.978
66721,32893,63.50,20.778
66723,16233,58.00,18.978
66731,32893,63.50,20.778
66733,16233,58.00,18.978
66742,32893,63.50,20.778
66743,16233,58.00,18.978
66751,32893,63.50,20.778
66753,16233,58.00,18.978
66761,32893,63.50,20.778
66763,16233,58.00,18.978
66771,32893,63.50,20.778
66773,16233,58.00,18.978
66781,32893,63.50,20.778
66783,16233,58.00,18.978
66791,32893,63.50,20.778
66793,16233,58.00,18.978
66801,32893,63.50,20.778
66803,16233,58.00,18.978
66811,32893,63.50,20.778
66813,16233,58.00,18.978
66821,32893,63.50,20.778
66823,16233,58.00,18.978
66830,32893,63.50,20.778
66833,16233,58.00,18.978
66841,32893,63.50,20.778
66843,16233,58.00,18.978
66851,32893,63.50,20.778
66853,16233,58.00,18.978
66861,32893,63.50,20.778
66863,16233,58.00,18.978
66871,32893,63.50,20.778
66873,16233,58.00,18.978
66881,32893,63.50,20.778
66883,16233,58.00,18.978
66891,32893,63.50,20.778
66893,16233,58.00,18.978
66901,32893,63.50,20.778
66903,16233,58.00,18.978
66911,32893,63.50,20.778
66913,16233,58.00,18.978
66921,32893,63.50,20.778
66923,16233,58.00,18.978
66931,32893,63.50,20.778
66933,16233,58.00,18.978
66941,32893,63.50,20.778
66943,16233,58.00,18.978
66951,32893,63.50,20.778
66953,16233,58.00,18.978
66961,32893,63.50,20.778
66963,16233,58.00,18.978
66971,32893,63.50,20.778
66973,16233,58.00,18.978
66981,32893,63.50,20.778
66983,16233,58.00,18.978
66990,32893,63.50,20.778
66993,16233,58.00,18.978
67001,32893,63.50,20.778
67003,16233,58.00,18.978
67011,32893,63.50,20.778
67013,16233,58.00,18.978
67021,32893,63.50,20.778
67023,16233,58.00,18.978
67031,32893,63.50,20.778
67033,16233,58.00,18.978
67041,32893,63.50,20.778
67043,16233,58.00,18.978
67051,32893,63.50,20.778
67053,16233,58.00,18.978
67061,32893,63.50,20.778
67063,16233,58.00,18.978
67071,32893,63.50,20.778
67073,16233,58.00,18.978
67081,32893,63.50,20.778
67083,16233,58.00,18.978
67091,32893,63.50,20.778
67093,16233,58.00,18.978
67101,32893,63.50,20.778
67103,16233,58.00,18.978
67111,32893,63.50,20.778
67113,16233,58.00,18.978
67121,32893,63.50,20.778
67123,16233,58.00,18.978
67131,32893,63.50,20.778
67133,16233,58.00,18.978
67141,32893,63.50,20.778
67143,16233,58.00,18.978
67151,32893,63.50,20.778
67153,16233,58.00,18.978
67161,32893,63.50,20.778
67163,16233,58.00,18.978
67171,32893,63.50,20.778
67173,16233,58.00,18.978
67181,32893,63.50,20.778
67183,16233,58.00,18.978
67191,32893,63.50,20.778
67193,16233,58.00,18.978
67201,32893,63.50,20.778
67203,16233,58.00,18.978
67211,32893,63.50,20.778
67213,16233,58.00,18.978
67221,32893,63.50,20.778
67223,16233,58.00,18.978
67231,32893,63.50,20.778
67233,16233,58.00,18.978
67241,32893,63.50,20.778
67243,16233,58.00,18.978
67251,32893,63.50,20.778
67253,16233,58.00,18.978
67261,32893,63.50,20.778
67263,16233,58.00,18.978
67271,32893,63.50,20.778
67273,16233,58.00,18.978
67281,32893,63.50,20.778
67283,16233,58.00,18.978
67291,32893,63.50,20.778
67293,16233,58.00,18.978
67301,32893,63.50,20.778
67303,16233,58.00,18.978
67311,32893,63.50,20.778
67313,16233,58.00,18.978
67321,32893,63.50,20.778
67323,16233,58.00,18.978
67331,32893,63.50,20.778
67333,16233,58.00,18.978
67341,32893,63.50,20.778
67343,16233,58.00,18.978
67351,32893,63.50,20.778
67353,16233,58.00,18.978
67361,32893,63.50,20.778
67363,16233,58.00,18.978
67371,32893,63.50,20.778
67373,16233,58.00,18.978
67381,32893,63.50,20.778
67383,16233,58.00,18.978
67391,32893,63.50,20.778
67393,16233,58.00,18.978
67401,32893,63.50,20.778
67403,16233,58.00,18.978
67411,32893,63.50,20.778
67413,16233,58.00,18.978
67421,32893,63.50,20.778
67423,16233,58.00,18.978
67431,32893,63.50,20.778
67433,16233,58.00,18.978
67441,32893,63.50,20.778
67443,16233,58.00,18.978
67451,32893,63.50,20.778
67453,16233,58.00,18.978
67461,32893,63.50,20.778
67463,16233,58.00,18.978
67471,32893,63.50,20.778
67473,16233,58.00,18.978
67480,32893,63.50,20.778
67483,16233,58.00,18.978
67491,32893,63.50,20.778
67493,16233,58.00,18.978
67501,32893,63.50,20.778
67503,16233,58.00,18.978
67511,32893,63.50,20.778
67513,16233,58.00,18.978
67521,32893,63.50,20.778
67523,16233,58.00,18.978
67531,32893,63.50,20.778
67533,16233,58.00,18.978
67541,32893,63.50,20.778
67543,16233,58.00,18.978
67551,32893,63.50,20.778
67553,16233,58.00,18.978
67561,32893,63.50,20.778
67564,16233,58.00,18.978
67571,32893,63.50,20.778
67573,16233,58.00,18.978
67581,32893,63.50,20.778
67583,16233,58.00,18.978
67591,32893,63.50,20.778
67593,16233,58.00,18.978
67601,32893,63.50,20.778
67603,16233,58.00,18.978
67611,32893,63.50,20.778
67613,16233,58.00,18.978
67621,32893,63.50,20.778
67623,16233,58.00,18.978
67631,32893,63.50,20.778
67633,16233,58.00,18.978
67641,32893,63.50,20.778
67643,16233,58.00,18.978
67651,32893,63.50,20.778
67653,16233,58.00,18.978
67661,32893,63.50,20.778
67663,16233,58.00,18.978
67671,32893,63.50,20.778
67673,16233,58.00,18.978
67681,32893,63.50,20.778
67683,16233,58.00,18.978
67691,32893,63.50,20.778
67693,16233,58.00,18.978
67701,32893,63.50,20.778
67703,16233,58.00,18.978
67711,32893,63.50,20.778
67713,16233,58.00,18.978
67721,32893,63.50,20.778
67723,16233,58.00,18.978
67731,32893,63.50,20.778
67733,16233,58.00,18.978
67741,32893,63.50,20.778
67743,16233,58.00,18.978
67751,32893,63.50,20.778
67753,16233,58.00,18.978
67761,32893,63.50,20.778
67763,16233,58.00,18.978
67771,32893,63.50,20.778
67773,16233,58.00,18.978
67781,32893,63.50,20.778
67783,16233,58.00,18.978
67791,32893,63.50,20.778
67794,16233,58.00,18.978
67801,32893,63.50,20.778
67804,16233,58.00,18.978
67811,32893,63.50,20.778
67813,16233,58.00,18.978
67821,32893,59.00,19.305
67823,16233,58.00,18.978
67831,32893,59.00,19.305
67833,16233,58.00,18.978
67841,32893,59.00,19.305
67843,16233,58.00,18.978
67851,32893,59.00,19.305
67853,16233,58.00,18.978
67861,32893,59.00,19.305
67863,16233,58.00,18.978
67872,32893,59.00,19.305
67873,16233,58.00,18.978
67881,32893,59.00,19.305
67883,16233,58.00,18.978
67891,32893,59.00,19.305
67893,16233,58.00,18.978
67901,32893,59.00,19.305
67903,16233,58.00,18.978
67911,32893,59.00,19.305
67913,16233,58.00,18.978
67921,32893,59.00,19.305
67923,16233,58.00,18.978
67931,32893,59.00,19.305
67933,16233,58.00,18.978
67941,32893,59.00,19.305
67944,16233,58.00,18.978
67951,32893,59.00,19.305
67953,16233,58.00,18.978
67961,32893,59.00,19.305
67963,16233,58.00,18.978
67971,32893,59.00,19.305
67973,16233,58.00,18.978
67981,32893,59.00,19.305
67983,16233,58.00,18.978
67991,32893,59.00,19.305
67993,16233,58.00,18.978
68001,32893,59.00,19.305
68003,16233,58.00,18.978
68011,32893,59.00,19.305
68013,16233,58.00,18.978
68021,32893,59.00,19.305
68023,16233,58.00,18.978
68031,32893,59.00,19.305
68033,16233,58.00,18.978
68041,32893,59.00,19.305
68043,16233,58.00,18.978
68051,32893,59.00,19.305
68053,16233,58.00,18.978
68061,32893,59.00,19.305
68063,16233,58.00,18.978
68072,32893,59.00,19.305
68073,16233,58.00,18.978
68081,32893,59.00,19.305
68083,16233,58.00,18.978
68091,32893,59.00,19.305
68093,16233,58.00,18.978
68101,32893,59.00,19.305
68103,16233,58.00,18.978
68111,32893,59.00,19.305
68113,16233,58.00,18.978
68121,32893,59.00,19.305
68123,16233,58.00,18.978
68131,32893,59.00,19.305
68133,16233,58.00,18.978
68141,32893,59.00,19.305
68143,16233,58.00,18.978
68151,32893,59.00,19.305
68153,16233,58.00,18.978
68161,32893,59.00,19.305
68163,16233,58.00,18.978
68171,32893,59.00,19.305
68173,16233,58.00,18.978
68181,32893,59.00,19.305
68183,16233,58.00,18.978
68191,32893,59.00,19.305
68193,16233,58.00,18.978
68201,32893,59.00,19.305
68203,16233,58.00,18.978
68211,32893,59.00,19.305
68213,16233,58.00,18.978
68221,32893,59.00,19.305
68223,16233,58.00,18.978
68231,32893,59.00,19.305
68233,16233,58.00,18.978
68241,32893,59.00,19.305
68243,16233,58.00,18.978
68251,32893,59.00,19.305
68253,16233,58.00,18.978
68261,32893,59.00,19.305
68263,16233,58.00,18.978
68271,32893,59.00,19.305
68273,16233,58.00,18.978
68281,32893,59.00,19.305
68283,16233,58.00,18.978
68291,32893,59.00,19.305
68293,16233,58.00,18.978
68301,32893,59.00,19.305
68303,16233,58.00,18.978
68311,32893,59.00,19.305
68313,16233,58.00,18.978
68321,32893,59.00,19.305
68323,16233,58.00,18.978
68331,32893,59.00,19.305
68333,16233,58.00,18.978
68341,32893,59.00,19.305
68343,16233,58.00,18.978
68351,32893,59.00,19.305
68353,16233,58.00,18.978
68361,32893,59.00,19.305
68363,16233,58.00,18.978
68371,32893,59.00,19.305
68373,16233,58.00,18.978
68381,32893,59.00,19.305
68383,16233,58.00,18.978
68391,32893,59.00,19.305
68393,16233,58.00,18.978
68401,32893,59.00,19.305
68403,16233,58.00,18.978
68411,32893,59.00,19.305
68413,16233,58.00,18.978
68421,32893,59.00,19.305
68423,16233,58.00,18.978
68431,32893,59.00,19.305
68433,16233,58.00,18.978
68441,32893,59.00,19.305
68443,16233,58.00,18.978
68451,32893,59.00,19.305
68453,16233,58.00,18.978
68461,32893,59.00,19.305
68463,16233,58.00,18.978
68471,32893,59.00,19.305
68473,16233,58.00,18.978
68481,32893,59.00,19.305
68483,16233,58.00,18.978
68491,32893,59.00,19.305
68493,16233,58.00,18.978
68501,32893,59.00,19.305
68503,16233,58.00,18.978
68511,32893,59.00,19.305
68513,16233,58.00,18.978
68521,32893,59.00,19.305
68523,16233,58.00,18.978
68531,32893,59.00,19.305
68533,16233,58.00,18.978
68541,32893,59.00,19.305
68543,16233,58.00,18.978
68551,32893,59.00,19.305
68553,16233,58.00,18.978
68561,32893,59.00,19.305
68563,16233,58.00,18.978
68571,32893,59.00,19.305
68573,16233,58.00,18.978
68581,32893,59.00,19.305
68583,16233,58.00,18.978
68591,32893,59.00,19.305
68593,16233,58.00,18.978
68601,32893,59.00,19.305
68603,16233,58.00,18.978
68611,32893,59.00,19.305
68613,16233,58.00,18.978
68621,32893,59.00,19.305
68623,16233,58.00,18.978
68631,32893,59.00,19.305
68633,16233,58.00,18.978
68641,32893,59.00,19.305
68643,16233,58.00,18.978
68651,32893,59.00,19.305
68653,16233,58.00,18.978
68661,32893,59.00,19.305
68663,16233,58.00,18.978
68671,32893,59.00,19.305
68673,16233,58.00,18.978
68681,32893,59.00,19.305
68683,16233,58.00,18.978
68691,32893,59.00,19.305
68693,16233,58.00,18.978
68701,32893,59.00,19.305
68703,16233,58.00,18.978
68711,32893,59.00,19.305
68713,16233,58.00,18.978
68721,32893,59.00,19.305
68723,16233,58.00,18.978
68732,32893,59.00,19.305
68733,16233,58.00,18.978
68742,32893,59.00,19.305
68743,16233,58.00,18.978
68751,32893,59.00,19.305
68753,16233,58.00,18.978
68761,32893,59.00,19.305
68763,16233,58.00,18.978
68771,32893,59.00,19.305
68773,16233,58.00,18.978
68781,32893,59.00,19.305
68783,16233,58.00,18.978
68791,32893,59.00,19.305
68794,16233,58.00,18.978
68801,32893,59.00,19.305
68803,16233,58.00,18.978
68811,32893,59.00,19.305
68814,16233,58.00,18.978
68821,32893,59.00,19.305
68823,16233,58.00,18.978
68831,32893,59.00,19.305
68833,16233,58.00,18.978
68841,32893,59.00,19.305
68843,16233,58.00,18.978
68851,32893,59.00,19.305
68853,16233,58.00,18.978
68861,32893,59.00,19.305
68863,16233,58.00,18.978
68872,32893,59.00,19.305
68874,16233,58.00,18.978
68881,32893,59.00,19.305
68883,16233,58.00,18.978
68891,32893,59.00,19.305
68893,16233,58.00,18.978
68901,32893,59.00,19.305
68903,16233,58.00,18.978
68911,32893,59.00,19.305
68913,16233,58.00,18.978
68922,32893,59.00,19.305
68923,16233,58.00,18.978
68931,32893,59.00,19.305
68933,16233,58.00,18.978
68941,32893,59.00,19.305
68943,16233,58.00,18.978
68951,32893,59.00,19.305
68953,16233,58.00,18.978
68961,32893,59.00,19.305
68963,16233,58.00,18.978
68971,32893,59.00,19.305
68973,16233,58.00,18.978
68981,32893,59.00,19.305
68983,16233,58.00,18.978
68991,32893,59.00,19.305
68994,16233,58.00,18.978
69001,32893,59.00,19.305
69003,16233,58.00,18.978
69011,32893,59.00,19.305
69013,16233,63.50,20.778
69021,32893,59.00,19.305
69023,16233,63.50,20.778
69031,32893,59.00,19.305
69033,16233,63.50,20.778
69041,32893,59.00,19.305
69043,16233,63.50,20.778
69051,32893,59.00,19.305
69053,16233,63.50,20.778
69061,32893,59.00,19.305
69063,16233,63.50,20.778
69071,32893,59.00,19.305
69073,16233,63.50,20.778
69081,32893,59.00,19.305
69083,16233,63.50,20.778
69091,32893,59.00,19.305
69093,16233,63.50,20.778
69101,32893,59.00,19.305
69103,16233,63.50,20.778
69111,32893,59.00,19.305
69113,16233,63.50,20.778
69121,32893,59.00,19.305
69123,16233,63.50,20.778
69131,32893,59.00,19.305
69133,16233,63.50,20.778
69141,32893,59.00,19.305
69143,16233,63.50,20.778
69151,32893,59.00,19.305
69153,16233,63.50,20.778
69161,32893,59.00,19.305
69163,16233,63.50,20.778
69171,32893,59.00,19.305
69173,16233,63.50,20.778
69181,32893,59.00,19.305
69183,16233,63.50,20.778
69191,32893,59.00,19.305
69193,16233,63.50,20.778
69201,32893,59.00,19.305
69203,16233,63.50,20.778
69211,32893,59.00,19.305
69213,16233,63.50,20.778
69221,32893,59.00,19.305
69223,16233,63.50,20.778
69231,32893,59.00,19.305
69233,16233,63.50,20.778
69241,32893,59.00,19.305
69243,16233,63.50,20.778
69251,32893,59.00,19.305
69253,16233,63.50,20.778
69261,32893,59.00,19.305
69263,16233,63.50,20.778
69271,32893,59.00,19.305
69273,16233,63.50,20.778
69281,32893,59.00,19.305
69283,16233,63.50,20.778
69291,32893,59.00,19.305
69293,16233,63.50,20.778
69301,32893,59.00,19.305
69303,16233,63.50,20.778
69311,32893,59.00,19.305
69313,16233,63.50,20.778
69321,32893,59.00,19.305
69323,16233,63.50,20.778
69331,32893,59.00,19.305
69333,16233,63.50,20.778
69341,32893,59.00,19.305
69343,16233,63.50,20.778
69351,32893,59.00,19.305
69353,16233,63.50,20.778
69361,32893,59.00,19.305
69363,16233,63.50,20.778
69371,32893,59.00,19.305
69373,16233,63.50,20.778
69381,32893,59.00,19.305
69383,16233,63.50,20.778
69391,32893,59.00,19.305
69393,16233,63.50,20.778
69401,32893,59.00,19.305
69403,16233,63.50,20.778
69411,32893,59.00,19.305
69413,16233,63.50,20.778
69421,32893,59.00,19.305
69424,16233,63.50,20.778
69432,32893,59.00,19.305
69433,16233,63.50,20.778
69441,32893,59.00,19.305
69443,16233,63.50,20.778
69451,32893,59.00,19.305
69453,16233,63.50,20.778
69461,32893,59.00,19.305
69463,16233,63.50,20.778
69471,32893,59.00,19.305
69473,16233,63.50,20.778
69481,32893,59.00,19.305
69483,16233,63.50,20.778
69491,32893,59.00,19.305
69493,16233,63.50,20.778
69501,32893,59.00,19.305
69503,16233,63.50,20.778
69511,32893,59.00,19.305
69513,16233,63.50,20.778
69521,32893,59.00,19.305
69523,16233,63.50,20.778
69531,32893,59.00,19.305
69533,16233,63.50,20.778
69541,32893,59.00,19.305
69543,16233,63.50,20.778
69551,32893,59.00,19.305
69553,16233,63.50,20.778
69561,32893,59.00,19.305
69563,16233,63.50,20.778
69572,32893,59.00,19.305
69573,16233,63.50,20.778
69581,32893,59.00,19.305
69583,16233,63.50,20.778
69591,32893,59.00,19.305
69593,16233,63.50,20.778
69601,32893,59.00,19.305
69604,16233,63.50,20.778
69611,32893,59.00,19.305
69613,16233,63.50,20.778
69621,32893,59.00,19.305
69623,16233,63.50,20.778
69631,32893,59.00,19.305
69633,16233,63.50,20.778
69641,32893,59.00,19.305
69643,16233,63.50,20.778
69651,32893,59.00,19.305
69653,16233,63.50,20.778
69661,32893,59.00,19.305
69664,16233,63.50,20.778
69671,32893,59.00,19.305
69673,16233,63.50,20.778
69681,32893,59.00,19.305
69683,16233,63.50,20.778
69691,32893,59.00,19.305
69693,16233,63.50,20.778
69701,32893,59.00,19.305
69703,16233,63.50,20.778
69711,32893,59.00,19.305
69713,16233,63.50,20.778
69721,32893,59.00,19.305
69723,16233,63.50,20.778
69731,32893,59.00,19.305
69733,16233,63.50,20.778
69741,32893,59.00,19.305
69743,16233,63.50,20.778
69751,32893,59.00,19.305
69753,16233,63.50,20.778
69761,32893,59.00,19.305
69763,16233,63.50,20.778
69771,32893,59.00,19.305
69773,16233,63.50,20.778
69781,32893,59.00,19.305
69783,16233,63.50,20.778
69791,32893,59.00,19.305
69793,16233,63.50,20.778
69801,32893,59.00,19.305
69803,16233,63.50,20.778
69811,32893,59.00,19.305
69813,16233,63.50,20.778
69821,32893,59.00,19.305
69823,16233,63.50,20.778
69831,32893,59.00,19.305
69833,16233,63.50,20.778
69841,32893,59.00,19.305
69843,16233,63.50,20.778
69851,32893,59.00,19.305
69853,16233,63.50,20.778
69861,32893,59.00,19.305
69863,16233,63.50,20.778
69871,32893,59.00,19.305
69873,16233,63.50,20.778
69881,32893,59.00,19.305
69883,16233,63.50,20.778
69891,32893,59.00,19.305
69893,16233,63.50,20.778
69901,32893,59.00,19.305
69903,16233,63.50,20.778
69911,32893,59.00,19.305
69913,16233,63.50,20.778
69921,32893,59.00,19.305
69923,16233,63.50,20.778
69931,32893,59.00,19.305
69933,16233,63.50,20.778
69941,32893,59.00,19.305
69943,16233,63.50,20.778
69951,32893,59.00,19.305
69953,16233,63.50,20.778
69961,32893,59.00,19.305
69963,16233,63.50,20.778
69971,32893,59.00,19.305
69973,16233,63.50,20.778
69981,32893,59.00,19.305
69983,16233,63.50,20.778
69991,32893,59.00,19.305
69993,16233,63.50,20.778
70001,32893,59.00,19.305
70003,16233,63.50,20.778
70011,32893,59.00,19.305
70013,16233,63.50,20.778
70021,32893,59.00,19.305
70023,16233,63.50,20.778
70031,32893,59.00,19.305
70033,16233,63.50,20.778
70041,32893,59.00,19.305
70043,16233,63.50,20.778
70051,32893,59.00,19.305
70053,16233,63.50,20.778
70061,32893,59.00,19.305
70063,16233,63.50,20.778
70071,32893,59.00,19.305
70073,16233,63.50,20.778
70081,32893,59.00,19.305
70083,16233,63.50,20.778
70091,32893,59.00,19.305
70093,16233,63.50,20.778
70101,32893,59.00,19.305
70103,16233,63.50,20.778
70111,32893,59.00,19.305
70113,16233,63.50,20.778
70121,32893,59.00,19.305
70123,16233,63.50,20.778
70131,32893,59.00,19.305
70133,16233,63.50,20.778
70141,32893,59.00,19.305
70143,16233,63.50,20.778
70151,32893,59.00,19.305
70153,16233,63.50,20.778
70161,32893,59.00,19.305
70163,16233,63.50,20.778
70171,32893,59.00,19.305
70173,16233,63.50,20.778
70181,32893,59.00,19.305
70183,16233,63.50,20.778
70191,32893,59.00,19.305
70193,16233,63.50,20.778
70201,32893,59.00,19.305
70203,16233,63.50,20.778
70211,32893,59.00,19.305
70213,16233,63.50,20.778
70221,32893,59.00,19.305
70223,16233,63.50,20.778
70230,32893,59.00,19.305
70233,16233,63.50,20.778
70241,32893,59.00,19.305
70243,16233,63.50,20.778
70251,32893,59.00,19.305
70253,16233,63.50,20.778
70261,32893,59.00,19.305
70263,16233,63.50,20.778
70271,32893,59.00,19.305
70273,16233,63.50,20.778
70281,32893,59.00,19.305
70283,16233,63.50,20.778
70291,32893,59.00,19.305
70293,16233,63.50,20.778
70301,32893,59.00,19.305
70303,16233,63.50,20.778
70311,32893,59.00,19.305
70313,16233,63.50,20.778
70321,32893,59.00,19.305
70323,16233,63.50,20.778
70331,32893,59.00,19.305
70333,16233,63.50,20.778
70341,32893,59.00,19.305
70343,16233,63.50,20.778
70351,32893,59.00,19.305
70353,16233,63.50,20.778
70361,32893,59.00,19.305
70363,16233,63.50,20.778
70371,32893,59.00,19.305
70373,16233,63.50,20.778
70381,32893,59.00,19.305
70383,16233,63.50,20.778
70391,32893,59.00,19.305
70393,16233,63.50,20.778
70401,32893,59.00,19.305
70403,16233,63.50,20.778
70411,32893,59.00,19.305
70413,16233,63.50,20.778
70421,32893,59.00,19.305
70423,16233,63.50,20.778
70431,32893,59.00,19.305
70433,16233,63.50,20.778
70441,32893,59.00,19.305
70443,16233,63.50,20.778
70451,32893,59.00,19.305
70453,16233,63.50,20.778
70461,32893,59.00,19.305
70463,16233,63.50,20.778
70471,32893,59.00,19.305
70473,16233,63.50,20.778
70481,32893,59.00,19.305
70483,16233,63.50,20.778
70491,32893,59.00,19.305
70493,16233,63.50,20.778
70501,32893,59.00,19.305
70503,16233,63.50,20.778
70511,32893,59.00,19.305
70513,16233,63.50,20.778
70521,32893,59.00,19.305
70523,16233,63.50,20.778
70531,32893,59.00,19.305
70533,16233,63.50,20.778
70542,32893,59.00,19.305
70543,16233,63.50,20.778
70551,32893,59.00,19.305
70553,16233,63.50,20.778
70561,32893,59.00,19.305
70563,16233,63.50,20.778
70571,32893,59.00,19.305
70573,16233,63.50,20.778
70581,32893,59.00,19.305
70583,16233,63.50,20.778
70591,32893,59.00,19.305
70593,16233,63.50,20.778
70601,32893,59.00,19.305
70603,16233,63.50,20.778
70611,32893,59.00,19.305
70613,16233,63.50,20.778
70621,32893,59.00,19.305
70623,16233,63.50,20.778
70634,32893,59.00,19.305
70634,16233,63.50,20.778
70642,32893,59.00,19.305
70643,16233,63.50,20.778
70651,32893,59.00,19.305
70653,16233,63.50,20.778
70661,32893,59.00,19.305
70664,16233,63.50,20.778
70671,32893,59.00,19.305
70673,16233,63.50,20.778
70681,32893,59.00,19.305
70683,16233,63.50,20.778
70691,32893,59.00,19.305
70694,16233,63.50,20.778
70701,32893,59.00,19.305
70704,16233,63.50,20.778
70711,32893,59.00,19.305
70714,16233,63.50,20.778
70721,32893,59.00,19.305
70723,16233,63.50,20.778
70732,32893,59.00,19.305
70733,16233,63.50,20.778
70741,32893,59.00,19.305
70743,16233,63.50,20.778
70751,32893,59.00,19.305
70754,16233,63.50,20.778
70761,32893,59.00,19.305
70763,16233,63.50,20.778
70771,32893,59.00,19.305
70773,16233,63.50,20.778
70781,32893,59.00,19.305
70783,16233,63.50,20.778
70791,32893,59.00,19.305
70793,16233,63.50,20.778
70802,32893,59.00,19.305
70803,16233,63.50,20.778
70811,32893,59.00,19.305
70813,16233,63.50,20.778
70821,32893,59.00,19.305
70823,16233,63.50,20.778
70831,32893,59.00,19.305
70833,16233,63.50,20.778
70841,32893,59.00,19.305
70843,16233,63.50,20.778
70851,32893,59.00,19.305
70853,16233,63.50,20.778
70861,32893,59.00,19.305
70863,16233,63.50,20.778
70872,32893,59.00,19.305
70873,16233,63.50,20.778
70881,32893,59.00,19.305
70883,16233,63.50,20.778
70891,32893,59.00,19.305
70893,16233,63.50,20.778
70901,32893,59.00,19.305
70903,16233,63.50,20.778
70913,32893,59.00,19.305
70914,16233,63.50,20.778
70922,32893,59.00,19.305
70923,16233,63.50,20.778
70933,32893,59.00,19.305
70933,16233,63.50,20.778
70941,32893,59.00,19.305
70944,16233,63.50,20.778
70951,32893,59.00,19.305
70953,16233,63.50,20.778
70961,32893,59.00,19.305
70963,16233,63.50,20.778
70971,32893,59.00,19.305
70973,16233,63.50,20.778
70981,32893,59.00,19.305
70983,16233,63.50,20.778
70991,32893,59.00,19.305
70993,16233,63.50,20.778
71001,32893,59.00,19.305
71003,16233,63.50,20.778
71012,32893,59.00,19.305
71013,16233,63.50,20.778
71022,32893,59.00,19.305
71023,16233,63.50,20.778
71031,32893,59.00,19.305
71033,16233,63.50,20.778
71041,32893,59.00,19.305
71043,16233,63.50,20.778
71051,32893,59.00,19.305
71053,16233,63.50,20.778
71061,32893,59.00,19.305
71063,16233,63.50,20.778
71071,32893,59.00,19.305
71073,16233,63.50,20.778
71081,32893,59.00,19.305
71083,16233,63.50,20.778
71091,32893,59.00,19.305
71093,16233,63.50,20.778
71101,32893,59.00,19.305
71103,16233,63.50,20.778
71111,32893,59.00,19.305
71113,16233,63.50,20.778
71121,32893,59.00,19.305
71123,16233,63.50,20.778
71131,32893,59.00,19.305
71133,16233,63.50,20.778
71141,32893,59.00,19.305
71143,16233,63.50,20.778
71151,32893,59.00,19.305
71153,16233,63.50,20.778
71161,32893,59.00,19.305
71163,16233,63.50,20.778
71171,32893,59.00,19.305
71173,16233,63.50,20.778
71181,32893,59.00,19.305
71183,16233,63.50,20.778
71191,32893,59.00,19.305
71193,16233,63.50,20.778
71201,32893,59.00,19.305
71203,16233,63.50,20.778
71211,32893,59.00,19.305
71213,16233,63.50,20.778
71222,32893,59.00,19.305
71223,16233,63.50,20.778
71232,32893,59.00,19.305
71233,16233,63.50,20.778
71241,32893,59.00,19.305
71243,16233,63.50,20.778
71251,32893,59.00,19.305
71253,16233,63.50,20.778
71261,32893,59.00,19.305
71263,16233,63.50,20.778
71271,32893,59.00,19.305
71273,16233,63.50,20.778
71281,32893,59.00,19.305
71283,16233,63.50,20.778
71291,32893,59.00,19.305
71293,16233,63.50,20.778
71301,32893,59.00,19.305
71303,16233,63.50,20.778
71311,32893,59.00,19.305
71313,16233,63.50,20.778
71321,32893,59.00,19.305
71324,16233,63.50,20.778
71331,32893,59.00,19.305
71333,16233,63.50,20.778
71341,32893,59.00,19.305
71343,16233,63.50,20.778
71351,32893,59.00,19.305
71353,16233,63.50,20.778
71361,32893,59.00,19.305
71363,16233,63.50,20.778
71371,32893,59.00,19.305
71373,16233,63.50,20.778
71381,32893,59.00,19.305
71383,16233,63.50,20.778
71391,32893,59.00,19.305
71393,16233,63.50,20.778
71401,32893,59.00,19.305
71403,16233,63.50,20.778
71411,32893,59.00,19.305
71413,16233,63.50,20.778
71421,32893,59.00,19.305
71423,16233,63.50,20.778
71431,32893,59.00,19.305
71433,16233,63.50,20.778
71441,32893,59.00,19.305
71443,16233,63.50,20.778
71451,32893,59.00,19.305
71453,16233,63.50,20.778
71461,32893,59.00,19.305
71463,16233,63.50,20.778
71471,32893,59.00,19.305
71473,16233,63.50,20.778
71481,32893,59.00,19.305
71483,16233,63.50,20.778
71491,32893,59.00,19.305
71493,16233,63.50,20.778
71501,32893,59.00,19.305
71503,16233,63.50,20.778
71510,32893,59.00,19.305
71513,16233,63.50,20.778
71520,32893,59.00,19.305
71523,16233,63.50,20.778
71531,32893,59.00,19.305
71533,16233,63.50,20.778
71541,32893,59.00,19.305
71543,16233,63.50,20.778
71552,32893,59.00,19.305
71553,16233,63.50,20.778
71561,32893,59.00,19.305
71564,16233,63.50,20.778
71571,32893,59.00,19.305
71573,16233,63.50,20.778
71581,32893,59.00,19.305
71583,16233,63.50,20.778
71591,32893,59.00,19.305
71593,16233,63.50,20.778
71601,32893,59.00,19.305
71603,16233,63.50,20.778
71611,32893,59.00,19.305
71613,16233,63.50,20.778
71621,32893,59.00,19.305
71623,16233,63.50,20.778
71631,32893,59.00,19.305
71633,16233,63.50,20.778
71641,32893,59.00,19.305
71643,16233,63.50,20.778
71651,32893,59.00,19.305
71653,16233,63.50,20.778
71661,32893,59.00,19.305
71663,16233,63.50,20.778
71671,32893,59.00,19.305
71673,16233,63.50,20.778
71682,32893,59.00,19.305
71683,16233,63.50,20.778
71691,32893,59.00,19.305
71693,16233,63.50,20.778
71701,32893,59.00,19.305
71703,16233,63.50,20.778
71711,32893,59.00,19.305
71713,16233,63.50,20.778
71721,32893,59.00,19.305
71723,16233,63.50,20.778
71731,32893,59.00,19.305
71733,16233,63.50,20.778
71741,32893,59.00,19.305
71743,16233,63.50,20.778
71751,32893,59.00,19.305
71753,16233,63.50,20.778
71761,32893,59.00,19.305
71763,16233,63.50,20.778
71771,32893,59.00,19.305
71773,16233,63.50,20.778
71781,32893,59.00,19.305
71783,16233,63.50,20.778
71792,32893,59.00,19.305
71793,16233,63.50,20.778
71801,32893,59.00,19.305
71803,16233,63.50,20.778
71811,32893,59.00,19.305
71813,16233,63.50,20.778
71821,32893,59.00,19.305
71823,16233,63.50,20.778
71831,32893,59.00,19.305
71833,16233,63.50,20.778
71841,32893,59.00,19.305
71843,16233,63.50,20.778
71852,32893,59.00,19.305
71853,16233,63.50,20.778
71862,32893,59.00,19.305
71863,16233,63.50,20.778
71872,32893,59.00,19.305
71873,16233,63.50,20.778
71881,32893,59.00,19.305
71883,16233,63.50,20.778
71891,32893,59.00,19.305
71893,16233,63.50,20.778
71902,32893,59.00,19.305
71903,16233,63.50,20.778
71911,32893,59.00,19.305
71913,16233,63.50,20.778
71921,32893,59.00,19.305
71923,16233,63.50,20.778
71931,32893,59.00,19.305
71933,16233,63.50,20.778
71941,32893,59.00,19.305
71943,16233,63.50,20.778
71951,32893,59.00,19.305
71953,16233,63.50,20.778
71962,32893,59.00,19.305
71963,16233,63.50,20.778
71971,32893,59.00,19.305
71973,16233,63.50,20.778
71981,32893,59.00,19.305
71983,16233,63.50,20.778
71991,32893,59.00,19.305
71993,16233,63.50,20.778
72001,32893,59.00,19.305
72003,16233,63.50,20.778
72011,32893,59.00,19.305
72013,16233,63.50,20.778
72021,32893,59.00,19.305
72023,16233,63.50,20.778
72031,32893,59.00,19.305
72033,16233,63.50,20.778
72041,32893,59.00,19.305
72043,16233,63.50,20.778
72051,32893,59.00,19.305
72053,16233,63.50,20.778
72061,32893,59.00,19.305
72063,16233,63.50,20.778
72071,32893,59.00,19.305
72073,16233,63.50,20.778
72081,32893,59.00,19.305
72083,16233,63.50,20.778
72091,32893,59.00,19.305
72093,16233,63.50,20.778
72101,32893,59.00,19.305
72103,16233,63.50,20.778
72111,32893,59.00,19.305
72113,16233,63.50,20.778
72121,32893,59.00,19.305
72123,16233,63.50,20.778
72131,32893,59.00,19.305
72133,16233,63.50,20.778
72141,32893,59.00,19.305
72143,16233,63.50,20.778
72151,32893,59.00,19.305
72153,16233,63.50,20.778
72161,32893,59.00,19.305
72163,16233,63.50,20.778
72171,32893,59.00,19.305
72173,16233,63.50,20.778
72181,32893,59.00,19.305
72183,16233,63.50,20.778
72191,32893,59.00,19.305
72193,16233,63.50,20.778
72201,32893,59.00,19.305
72203,16233,63.50,20.778
72211,32893,59.00,19.305
72213,16233,63.50,20.778
72221,32893,59.00,19.305
72223,16233,63.50,20.778
72231,32893,59.00,19.305
72233,16233,63.50,20.778
72241,32893,59.00,19.305
72243,16233,63.50,20.778
72252,32893,59.00,19.305
72253,16233,63.50,20.778
72261,32893,59.00,19.305
72263,16233,63.50,20.778
72271,32893,59.00,19.305
72273,16233,63.50,20.778
72282,32893,59.00,19.305
72283,16233,63.50,20.778
72291,32893,59.00,19.305
72293,16233,63.50,20.778
72301,32893,59.00,19.305
72303,16233,63.50,20.778
72311,32893,59.00,19.305
72313,16233,63.50,20.778
72321,32893,59.00,19.305
72323,16233,63.50,20.778
72331,32893,59.00,19.305
72333,16233,63.50,20.778
72341,32893,59.00,19.305
72343,16233,63.50,20.778
72351,32893,59.00,19.305
72353,16233,63.50,20.778
72361,32893,59.00,19.305
72363,16233,63.50,20.778
72371,32893,59.00,19.305
72373,16233,63.50,20.778
72381,32893,63.50,20.778
72383,16233,63.50,20.778
72391,32893,63.50,20.778
72393,16233,63.50,20.778
72401,32893,63.50,20.778
72403,16233,63.50,20.778
72411,32893,63.50,20.778
72413,16233,63.50,20.778
72421,32893,63.50,20.778
72423,16233,63.50,20.778
72431,32893,63.50,20.778
72433,16233,63.50,20.778
72441,32893,63.50,20.778
72443,16233,63.50,20.778
72451,32893,63.50,20.778
72453,16233,63.50,20.778
72461,32893,63.50,20.778
72463,16233,63.50,20.778
72471,32893,63.50,20.778
72473,16233,63.50,20.778
72481,32893,63.50,20.778
72483,16233,63.50,20.778
72491,32893,63.50,20.778
72493,16233,63.50,20.778
72501,32893,63.50,20.778
72503,16233,63.50,20.778
72511,32893,63.50,20.778
72513,16233,63.50,20.778
72521,32893,63.50,20.778
72523,16233,63.50,20.778
72531,32893,63.50,20.778
72533,16233,63.50,20.778
72541,32893,63.50,20.778
72543,16233,63.50,20.778
72551,32893,63.50,20.778
72553,16233,63.50,20.778
72561,32893,63.50,20.778
72563,16233,63.50,20.778
72571,32893,63.50,20.778
72574,16233,63.50,20.778
72581,32893,63.50,20.778
72583,16233,63.50,20.778
72591,32893,63.50,20.778
72593,16233,63.50,20.778
72601,32893,63.50,20.778
72603,16233,63.50,20.778
72611,32893,63.50,20.778
72613,16233,63.50,20.778
72621,32893,63.50,20.778
72623,16233,63.50,20.778
72631,32893,63.50,20.778
72633,16233,63.50,20.778
72641,32893,63.50,20.778
72643,16233,63.50,20.778
72651,32893,63.50,20.778
72653,16233,63.50,20.778
72661,32893,63.50,20.778
72663,16233,63.50,20.778
72671,32893,63.50,20.778
72673,16233,63.50,20.778
72682,32893,63.50,20.778
72683,16233,63.50,20.778
72691,32893,63.50,20.778
72693,16233,63.50,20.778
72701,32893,63.50,20.778
72703,16233,63.50,20.778
72711,32893,63.50,20.778
72713,16233,63.50,20.778
72721,32893,63.50,20.778
72723,16233,63.50,20.778
72731,32893,63.50,20.778
72733,16233,63.50,20.778
72742,32893,63.50,20.778
72744,16233,63.50,20.778
72751,32893,63.50,20.778
72753,16233,63.50,20.778
72761,32893,63.50,20.778
72763,16233,63.50,20.778
72771,32893,63.50,20.778
72773,16233,63.50,20.778
72781,32893,63.50,20.778
72783,16233,63.50,20.778
72792,32893,63.50,20.778
72793,16233,63.50,20.778
72801,32893,63.50,20.778
72803,16233,63.50,20.778
72812,32893,63.50,20.778
72814,16233,63.50,20.778
72821,32893,63.50,20.778
72823,16233,63.50,20.778
72831,32893,63.50,20.778
72833,16233,63.50,20.778
72841,32893,63.50,20.778
72843,16233,63.50,20.778
72851,32893,63.50,20.778
72853,16233,63.50,20.778
72861,32893,63.50,20.778
72863,16233,63.50,20.778
72872,32893,63.50,20.778
72873,16233,63.50,20.778
72882,32893,63.50,20.778
72883,16233,63.50,20.778
72891,32893,63.50,20.778
72893,16233,63.50,20.778
72901,32893,63.50,20.778
72903,16233,63.50,20.778
72912,32893,63.50,20.778
72913,16233,63.50,20.778
72921,32893,63.50,20.778
72923,16233,63.50,20.778
72931,32893,63.50,20.778
72933,16233,63.50,20.778
72941,32893,63.50,20.778
72943,16233,63.50,20.778
72951,32893,63.50,20.778
72953,16233,63.50,20.778
72961,32893,63.50,20.778
72963,16233,63.50,20.778
72971,32893,63.50,20.778
72974,16233,63.50,20.778
72981,32893,63.50,20.778
72984,16233,63.50,20.778
72991,32893,63.50,20.778
72993,16233,63.50,20.778
73001,32893,63.50,20.778
73003,16233,63.50,20.778
73011,32893,63.50,20.778
73013,16233,63.50,20.778
73021,32893,63.50,20.778
73023,16233,63.50,20.778
73031,32893,63.50,20.778
73033,16233,63.50,20.778
73041,32893,63.50,20.778
73043,16233,63.50,20.778
73051,32893,63.50,20.778
73053,16233,63.50,20.778
73061,32893,63.50,20.778
73063,16233,63.50,20.778
73071,32893,63.50,20.778
73073,16233,63.50,20.778
73081,32893,63.50,20.778
73083,16233,63.50,20.778
73091,32893,63.50,20.778
73093,16233,63.50,20.778
73101,32893,63.50,20.778
73103,16233,63.50,20.778
73111,32893,63.50,20.778
73113,16233,63.50,20.778
73121,32893,63.50,20.778
73123,16233,63.50,20.778
73131,32893,63.50,20.778
73133,16233,63.50,20.778
73141,32893,63.50,20.778
73143,16233,63.50,20.778
73151,32893,63.50,20.778
73153,16233,63.50,20.778
73161,32893,63.50,20.778
73163,16233,63.50,20.778
73171,32893,63.50,20.778
73173,16233,63.50,20.778
73181,32893,63.50,20.778
73183,16233,63.50,20.778
73191,32893,63.50,20.778
73193,16233,63.50,20.778
73201,32893,63.50,20.778
73203,16233,63.50,20.778
73211,32893,63.50,20.778
73213,16233,63.50,20.778
73221,32893,63.50,20.778
73223,16233,63.50,20.778
73231,32893,63.50,20.778
73233,16233,63.50,20.778
73241,32893,63.50,20.778
73244,16233,63.50,20.778
73251,32893,63.50,20.778
73253,16233,63.50,20.778
73261,32893,63.50,20.778
73263,16233,63.50,20.778
73271,32893,63.50,20.778
73273,16233,63.50,20.778
73282,32893,63.50,20.778
73283,16233,63.50,20.778
73291,32893,63.50,20.778
73293,16233,63.50,20.778
73301,32893,63.50,20.778
73303,16233,63.50,20.778
73311,32893,63.50,20.778
73313,16233,63.50,20.778
73321,32893,63.50,20.778
73323,16233,63.50,20.778
73331,32893,63.50,20.778
73333,16233,63.50,20.778
73341,32893,63.50,20.778
73343,16233,63.50,20.778
73351,32893,63.50,20.778
73353,16233,63.50,20.778
73361,32893,63.50,20.778
73363,16233,63.50,20.778
73371,32893,63.50,20.778
73373,16233,63.50,20.778
73381,32893,63.50,20.778
73383,16233,63.50,20.778
73392,32893,63.50,20.778
73393,16233,63.50,20.778
73401,32893,63.50,20.778
73403,16233,63.50,20.778
73411,32893,63.50,20.778
73413,16233,63.50,20.778
73421,32893,63.50,20.778
73423,16233,63.50,20.778
73431,32893,63.50,20.778
73433,16233,63.50,20.778
73441,32893,63.50,20.778
73443,16233,63.50,20.778
73451,32893,63.50,20.778
73453,16233,63.50,20.778
73461,32893,63.50,20.778
73463,16233,63.50,20.778
73471,32893,63.50,20.778
73473,16233,63.50,20.778
73481,32893,63.50,20.778
73483,16233,63.50,20.778
73491,32893,63.50,20.778
73493,16233,63.50,20.778
73501,32893,63.50,20.778
73503,16233,63.50,20.778
73511,32893,63.50,20.778
73513,16233,63.50,20.778
73521,32893,63.50,20.778
73523,16233,63.50,20.778
73531,32893,63.50,20.778
73533,16233,63.50,20.778
73541,32893,63.50,20.778
73543,16233,63.50,20.778
73551,32893,63.50,20.778
73553,16233,63.50,20.778
73561,32893,63.50,20.778
73563,16233,63.50,20.778
73571,32893,63.50,20.778
73573,16233,63.50,20.778
73582,32893,63.50,20.778
73583,16233,63.50,20.778
73591,32893,63.50,20.778
73594,16233,63.50,20.778
73602,32893,63.50,20.778
73603,16233,63.50,20.778
73611,32893,63.50,20.778
73613,16233,63.50,20.778
73621,32893,63.50,20.778
73623,16233,63.50,20.778
73631,32893,63.50,20.778
73634,16233,63.50,20.778
73641,32893,63.50,20.778
73643,16233,63.50,20.778
73651,32893,63.50,20.778
73653,16233,63.50,20.778
73661,32893,63.50,20.778
73663,16233,63.50,20.778
73671,32893,63.50,20.778
73673,16233,63.50,20.778
73681,32893,63.50,20.778
73683,16233,63.50,20.778
73691,32893,63.50,20.778
73693,16233,63.50,20.778
73701,32893,63.50,20.778
73703,16233,63.50,20.778
73711,32893,63.50,20.778
73713,16233,63.50,20.778
73722,32893,63.50,20.778
73723,16233,63.50,20.778
73731,32893,63.50,20.778
73733,16233,63.50,20.778
73741,32893,63.50,20.778
73743,16233,63.50,20.778
73751,32893,63.50,20.778
73753,16233,63.50,20.778
73761,32893,63.50,20.778
73763,16233,63.50,20.778
73771,32893,63.50,20.778
73773,16233,63.50,20.778
73781,32893,63.50,20.778
73783,16233,63.50,20.778
73791,32893,63.50,20.778
73793,16233,63.50,20.778
73801,32893,63.50,20.778
73803,16233,63.50,20.778
73811,32893,63.50,20.778
73813,16233,63.50,20.778
73821,32893,63.50,20.778
73823,16233,63.50,20.778
73831,32893,63.50,20.778
73833,16233,63.50,20.778
73841,32893,63.50,20.778
73843,16233,63.50,20.778
73851,32893,63.50,20.778
73853,16233,63.50,20.778
73861,32893,63.50,20.778
73863,16233,63.50,20.778
73871,32893,63.50,20.778
73873,16233,63.50,20.778
73881,32893,63.50,20.778
73883,16233,63.50,20.778
73891,32893,63.50,20.778
73893,16233,63.50,20.778
73901,32893,63.50,20.778
73903,16233,63.50,20.778
73911,32893,63.50,20.778
73913,16233,63.50,20.778
73921,32893,63.50,20.778
73923,16233,63.50,20.778
73931,32893,63.50,20.778
73933,16233,63.50,20.778
73941,32893,63.50,20.778
73943,16233,63.50,20.778
73951,32893,63.50,20.778
73953,16233,63.50,20.778
73961,32893,63.50,20.778
73963,16233,63.50,20.778
73971,32893,63.50,20.778
73973,16233,63.50,20.778
73981,32893,63.50,20.778
73983,16233,63.50,20.778
73991,32893,63.50,20.778
73993,16233,63.50,20.778
74001,32893,63.50,20.778
74003,16233,63.50,20.778
74011,32893,63.50,20.778
74013,16233,63.50,20.778
74021,32893,63.50,20.778
74023,16233,63.50,20.778
74031,32893,63.50,20.778
74033,16233,63.50,20.778
74041,32893,63.50,20.778
74043,16233,63.50,20.778
74051,32893,63.50,20.778
74053,16233,63.50,20.778
74061,32893,63.50,20.778
74063,16233,63.50,20.778
74071,32893,63.50,20.778
74073,16233,63.50,20.778
74081,32893,63.50,20.778
74083,16233,63.50,20.778
74091,32893,63.50,20.778
74093,16233,63.50,20.778
74101,32893,63.50,20.778
74103,16233,63.50,20.778
74111,32893,63.50,20.778
74113,16233,63.50,20.778
74121,32893,63.50,20.778
74123,16233,63.50,20.778
74131,32893,63.50,20.778
74133,16233,63.50,20.778
74141,32893,63.50,20.778
74143,16233,63.50,20.778
74151,32893,63.50,20.778
74153,16233,63.50,20.778
74161,32893,63.50,20.778
74163,16233,63.50,20.778
74171,32893,63.50,20.778
74173,16233,63.50,20.778
74181,32893,63.50,20.778
74183,16233,63.50,20.778
74191,32893,63.50,20.778
74193,16233,63.50,20.778
74201,32893,63.50,20.778
74203,16233,63.50,20.778
74211,32893,63.50,20.778
74213,16233,63.50,20.778
74221,32893,63.50,20.778
74223,16233,63.50,20.778
74231,32893,63.50,20.778
74233,16233,63.50,20.778
74241,32893,63.50,20.778
74243,16233,63.50,20.778
74251,32893,63.50,20.778
74253,16233,63.50,20.778
74261,32893,63.50,20.778
74263,16233,63.50,20.778
74271,32893,63.50,20.778
74273,16233,63.50,20.778
74281,32893,63.50,20.778
74283,16233,63.50,20.778
74291,32893,63.50,20.778
74293,16233,63.50,20.778
74301,32893,63.50,20.778
74303,16233,63.50,20.778
74311,32893,63.50,20.778
74313,16233,63.50,20.778
74321,32893,63.50,20.778
74323,16233,63.50,20.778
74331,32893,63.50,20.778
74333,16233,63.50,20.778
74341,32893,63.50,20.778
74343,16233,63.50,20.778
74351,32893,63.50,20.778
74353,16233,63.50,20.778
74361,32893,63.50,20.778
74363,16233,63.50,20.778
74371,32893,63.50,20.778
74373,16233,63.50,20.778
74381,32893,63.50,20.778
74383,16233,63.50,20.778
74391,32893,63.50,20.778
74393,16233,63.50,20.778
74401,32893,63.50,20.778
74403,16233,63.50,20.778
74411,32893,63.50,20.778
74413,16233,63.50,20.778
74421,32893,63.50,20.778
74423,16233,63.50,20.778
74431,32893,63.50,20.778
74433,16233,63.50,20.778
74441,32893,63.50,20.778
74443,16233,63.50,20.778
74451,32893,63.50,20.778
74453,16233,63.50,20.778
74461,32893,63.50,20.778
74463,16233,63.50,20.778
74471,32893,63.50,20.778
74473,16233,63.50,20.778
74481,32893,63.50,20.778
74483,16233,63.50,20.778
74491,32893,63.50,20.778
74493,16233,63.50,20.778
74501,32893,63.50,20.778
74503,16233,63.50,20.778
74511,32893,63.50,20.778
74513,16233,63.50,20.778
74521,32893,63.50,20.778
74523,16233,63.50,20.778
74531,32893,63.50,20.778
74533,16233,63.50,20.778
74541,32893,63.50,20.778
74543,16233,63.50,20.778
74551,32893,63.50,20.778
74553,16233,63.50,20.778
74561,32893,63.50,20.778
74563,16233,63.50,20.778
74571,32893,63.50,20.778
74573,16233,63.50,20.778
74581,32893,63.50,20.778
74583,16233,63.50,20.778
74591,32893,63.50,20.778
74593,16233,63.50,20.778
74601,32893,63.50,20.778
74603,16233,63.50,20.778
74611,32893,63.50,20.778
74613,16233,63.50,20.778
74621,32893,63.50,20.778
74623,16233,63.50,20.778
74631,32893,63.50,20.778
74633,16233,63.50,20.778
74641,32893,63.50,20.778
74643,16233,63.50,20.778
74651,32893,63.50,20.778
74653,16233,63.50,20.778
74661,32893,63.50,20.778
74663,16233,63.50,20.778
74671,32893,63.50,20.778
74673,16233,63.50,20.778
74681,32893,63.50,20.778
74683,16233,63.50,20.778
74691,32893,63.50,20.778
74693,16233,63.50,20.778
74702,32893,63.50,20.778
74703,16233,63.50,20.778
74711,32893,63.50,20.778
74713,16233,63.50,20.778
74721,32893,63.50,20.778
74723,16233,63.50,20.778
74731,32893,63.50,20.778
74733,16233,63.50,20.778
74741,32893,63.50,20.778
74743,16233,63.50,20.778
74751,32893,63.50,20.778
74753,16233,63.50,20.778
74761,32893,63.50,20.778
74763,16233,63.50,20.778
74771,32893,63.50,20.778
74773,16233,63.50,20.778
74781,32893,63.50,20.778
74783,16233,63.50,20.778
74791,32893,63.50,20.778
74793,16233,63.50,20.778
74801,32893,63.50,20.778
74803,16233,63.50,20.778
74811,32893,63.50,20.778
74813,16233,63.50,20.778
74820,32893,63.50,20.778
74823,16233,63.50,20.778
74831,32893,63.50,20.778
74833,16233,63.50,20.778
74841,32893,63.50,20.778
74843,16233,63.50,20.778
74851,32893,63.50,20.778
74853,16233,63.50,20.778
74861,32893,63.50,20.778
74863,16233,63.50,20.778
74871,32893,63.50,20.778
74873,16233,63.50,20.778
74881,32893,63.50,20.778
74883,16233,63.50,20.778
74891,32893,63.50,20.778
74893,16233,63.50,20.778
74901,32893,63.50,20.778
74903,16233,63.50,20.778
74911,32893,63.50,20.778
74913,16233,63.50,20.778
74921,32893,63.50,20.778
74923,16233,63.50,20.778
74931,32893,63.50,20.778
74933,16233,63.50,20.778
74941,32893,63.50,20.778
74943,16233,63.50,20.778
74951,32893,63.50,20.778
74953,16233,63.50,20.778
74961,32893,63.50,20.778
74963,16233,63.50,20.778
74971,32893,63.50,20.778
74973,16233,63.50,20.778
74981,32893,63.50,20.778
74983,16233,63.50,20.778
74991,32893,63.50,20.778
74993,16233,63.50,20.778
75001,32893,63.50,20.778
75003,16233,63.50,20.778
75011,32893,63.50,20.778
75013,16233,63.50,20.778
75021,32893,63.50,20.778
75023,16233,63.50,20.778
75031,32893,63.50,20.778
75033,16233,63.50,20.778
75041,32893,63.50,20.778
75043,16233,63.50,20.778
75051,32893,63.50,20.778
75053,16233,63.50,20.778
75061,32893,63.50,20.778
75063,16233,63.50,20.778
75071,32893,63.50,20.778
75073,16233,63.50,20.778
75081,32893,63.50,20.778
75083,16233,63.50,20.778
75091,32893,63.50,20.778
75093,16233,63.50,20.778
75101,32893,63.50,20.778
75104,16233,63.50,20.778
75111,32893,63.50,20.778
75113,16233,63.50,20.778
75121,32893,63.50,20.778
75123,16233,63.50,20.778
75131,32893,63.50,20.778
75133,16233,63.50,20.778
75141,32893,63.50,20.778
75143,16233,63.50,20.778
75151,32893,63.50,20.778
75153,16233,63.50,20.778
75161,32893,63.50,20.778
75163,16233,63.50,20.778
75171,32893,63.50,20.778
75173,16233,63.50,20.778
75181,32893,63.50,20.778
75183,16233,63.50,20.778
75191,32893,63.50,20.778
75193,16233,63.50,20.778
75201,32893,63.50,20.778
75203,16233,63.50,20.778
75211,32893,63.50,20.778
75213,16233,63.50,20.778
75221,32893,63.50,20.778
75223,16233,63.50,20.778
75231,32893,63.50,20.778
75233,16233,63.50,20.778
75241,32893,63.50,20.778
75243,16233,63.50,20.778
75251,32893,63.50,20.778
75253,16233,63.50,20.778
75261,32893,63.50,20.778
75263,16233,63.50,20.778
75271,32893,63.50,20.778
75273,16233,63.50,20.778
75281,32893,63.50,20.778
75283,16233,63.50,20.778
75291,32893,63.50,20.778
75293,16233,63.50,20.778
75301,32893,63.50,20.778
75303,16233,63.50,20.778
75311,32893,63.50,20.778
75314,16233,63.50,20.778
75321,32893,63.50,20.778
75323,16233,63.50,20.778
75331,32893,63.50,20.778
75333,16233,63.50,20.778
75341,32893,63.50,20.778
75343,16233,63.50,20.778
75351,32893,63.50,20.778
75353,16233,63.50,20.778
75361,32893,63.50,20.778
75363,16233,63.50,20.778
75371,32893,63.50,20.778
75373,16233,63.50,20.778
75381,32893,63.50,20.778
75383,16233,63.50,20.778
75391,32893,63.50,20.778
75393,16233,63.50,20.778
75401,32893,63.50,20.778
75403,16233,63.50,20.778
75411,32893,63.50,20.778
75413,16233,63.50,20.778
75421,32893,63.50,20.778
75423,16233,63.50,20.778
75431,32893,63.50,20.778
75433,16233,63.50,20.778
75441,32893,63.50,20.778
75443,16233,63.50,20.778
75451,32893,63.50,20.778
75453,16233,63.50,20.778
75461,32893,63.50,20.778
75463,16233,63.50,20.778
75471,32893,63.50,20.778
75473,16233,63.50,20.778
75481,32893,63.50,20.778
75483,16233,63.50,20.778
75491,32893,63.50,20.778
75493,16233,63.50,20.778
75501,32893,63.50,20.778
75503,16233,63.50,20.778
75511,32893,63.50,20.778
75513,16233,63.50,20.778
75521,32893,63.50,20.778
75523,16233,63.50,20.778
75531,32893,63.50,20.778
75533,16233,63.50,20.778
75541,32893,63.50,20.778
75543,16233,63.50,20.778
75551,32893,63.50,20.778
75553,16233,63.50,20.778
75561,32893,63.50,20.778
75563,16233,63.50,20.778
75571,32893,63.50,20.778
75573,16233,63.50,20.778
75581,32893,63.50,20.778
75583,16233,63.50,20.778
75591,32893,63.50,20.778
75593,16233,63.50,20.778
75601,32893,63.50,20.778
75603,16233,63.50,20.778
75611,32893,63.50,20.778
75613,16233,63.50,20.778
75621,32893,63.50,20.778
75623,16233,63.50,20.778
75631,32893,63.50,20.778
75633,16233,63.50,20.778
75642,32893,63.50,20.778
75643,16233,63.50,20.778
75651,32893,63.50,20.778
75653,16233,63.50,20.778
75661,32893,63.50,20.778
75663,16233,63.50,20.778
75671,32893,63.50,20.778
75673,16233,63.50,20.778
75681,32893,63.50,20.778
75683,16233,63.50,20.778
75691,32893,63.50,20.778
75693,16233,63.50,20.778
75701,32893,63.50,20.778
75703,16233,63.50,20.778
75711,32893,63.50,20.778
75713,16233,63.50,20.778
75721,32893,63.50,20.778
75723,16233,63.50,20.778
75731,32893,63.50,20.778
75733,16233,63.50,20.778
75741,32893,63.50,20.778
75743,16233,63.50,20.778
75751,32893,63.50,20.778
75753,16233,63.50,20.778
75761,32893,63.50,20.778
75763,16233,63.50,20.778
75771,32893,63.50,20.778
75774,16233,63.50,20.778
75781,32893,63.50,20.778
75783,16233,63.50,20.778
75791,32893,63.50,20.778
75793,16233,63.50,20.778
75801,32893,63.50,20.778
75803,16233,63.50,20.778
75811,32893,63.50,20.778
75813,16233,63.50,20.778
75821,32893,63.50,20.778
75823,16233,63.50,20.778
75831,32893,63.50,20.778
75833,16233,63.50,20.778
75841,32893,63.50,20.778
75843,16233,63.50,20.778
75851,32893,63.50,20.778
75853,16233,63.50,20.778
75861,32893,63.50,20.778
75863,16233,63.50,20.778
75871,32893,63.50,20.778
75873,16233,63.50,20.778
75881,32893,63.50,20.778
75883,16233,63.50,20.778
75891,32893,63.50,20.778
75893,16233,63.50,20.778
75901,32893,63.50,20.778
75903,16233,63.50,20.778
75911,32893,63.50,20.778
75913,16233,63.50,20.778
75921,32893,63.50,20.778
75923,16233,63.50,20.778
75931,32893,63.50,20.778
75933,16233,63.50,20.778
75941,32893,63.50,20.778
75943,16233,63.50,20.778
75951,32893,63.50,20.778
75953,16233,63.50,20.778
75961,32893,63.50,20.778
75963,16233,63.50,20.778
75971,32893,63.50,20.778
75973,16233,63.50,20.778
75981,32893,63.50,20.778
75983,16233,63.50,20.778
75991,32893,63.50,20.778
75993,16233,63.50,20.778
76001,32893,63.50,20.778
76004,16233,63.50,20.778
76011,32893,63.50,20.778
76013,16233,63.50,20.778
76021,32893,63.50,20.778
76024,16233,63.50,20.778
76031,32893,63.50,20.778
76033,16233,63.50,20.778
76041,32893,63.50,20.778
76043,16233,63.50,20.778
76051,32893,63.50,20.778
76053,16233,63.50,20.778
76061,32893,63.50,20.778
76063,16233,63.50,20.778
76071,32893,63.50,20.778
76073,16233,63.50,20.778
76081,32893,63.50,20.778
76083,16233,63.50,20.778
76091,32893,63.50,20.778
76093,16233,63.50,20.778
76101,32893,63.50,20.778
76103,16233,63.50,20.778
76112,32893,63.50,20.778
76113,16233,63.50,20.778
76121,32893,63.50,20.778
76123,16233,63.50,20.778
76131,32893,63.50,20.778
76133,16233,63.50,20.778
76141,32893,63.50,20.778
76144,16233,63.50,20.778
76151,32893,63.50,20.778
76153,16233,63.50,20.778
76161,32893,63.50,20.778
76163,16233,63.50,20.778
76171,32893,63.50,20.778
76173,16233,63.50,20.778
76181,32893,63.50,20.778
76183,16233,63.50,20.778
76191,32893,63.50,20.778
76194,16233,63.50,20.778
76201,32893,63.50,20.778
76203,16233,63.50,20.778
76211,32893,63.50,20.778
76213,16233,63.50,20.778
76221,32893,63.50,20.778
76223,16233,63.50,20.778
76231,32893,63.50,20.778
76233,16233,63.50,20.778
76241,32893,63.50,20.778
76243,16233,63.50,20.778
76251,32893,63.50,20.778
76253,16233,63.50,20.778
76261,32893,63.50,20.778
76263,16233,63.50,20.778
76271,32893,63.50,20.778
76273,16233,63.50,20.778
76281,32893,63.50,20.778
76283,16233,63.50,20.778
76291,32893,63.50,20.778
76293,16233,63.50,20.778
76301,32893,63.50,20.778
76303,16233,63.50,20.778
76311,32893,63.50,20.778
76313,16233,63.50,20.778
76321,32893,63.50,20.778
76323,16233,63.50,20.778
76331,32893,63.50,20.778
76333,16233,63.50,20.778
76341,32893,63.50,20.778
76343,16233,63.50,20.778
76351,32893,63.50,20.778
76353,16233,63.50,20.778
76361,32893,63.50,20.778
76363,16233,63.50,20.778
76371,32893,63.50,20.778
76373,16233,63.50,20.778
76381,32893,63.50,20.778
76383,16233,63.50,20.778
76391,32893,63.50,20.778
76393,16233,63.50,20.778
76401,32893,63.50,20.778
76403,16233,63.50,20.778
76411,32893,63.50,20.778
76413,16233,63.50,20.778
76421,32893,63.50,20.778
76424,16233,63.50,20.778
76431,32893,63.50,20.778
76433,16233,63.50,20.778
76441,32893,63.50,20.778
76443,16233,63.50,20.778
76451,32893,63.50,20.778
76453,16233,63.50,20.778
76461,32893,63.50,20.778
76464,16233,63.50,20.778
76471,32893,63.50,20.778
76473,16233,63.50,20.778
76481,32893,63.50,20.778
76483,16233,63.50,20.778
76491,32893,63.50,20.778
76493,16233,63.50,20.778
76501,32893,63.50,20.778
76503,16233,63.50,20.778
76511,32893,63.50,20.778
76513,16233,63.50,20.778
76522,32893,63.50,20.778
76523,16233,63.50,20.778
76531,32893,63.50,20.778
76533,16233,63.50,20.778
76541,32893,63.50,20.778
76543,16233,63.50,20.778
76551,32893,63.50,20.778
76553,16233,63.50,20.778
76561,32893,63.50,20.778
76563,16233,63.50,20.778
76571,32893,63.50,20.778
76573,16233,63.50,20.778
76581,32893,63.50,20.778
76583,16233,63.50,20.778
76591,32893,63.50,20.778
76593,16233,63.50,20.778
76601,32893,63.50,20.778
76603,16233,63.50,20.778
76610,32893,63.50,20.778
76613,16233,63.50,20.778
76621,32893,63.50,20.778
76623,16233,63.50,20.778
76631,32893,63.50,20.778
76633,16233,63.50,20.778
76641,32893,63.50,20.778
76643,16233,63.50,20.778
76651,32893,63.50,20.778
76653,16233,63.50,20.778
76661,32893,63.50,20.778
76663,16233,63.50,20.778
76671,32893,63.50,20.778
76673,16233,63.50,20.778
76681,32893,63.50,20.778
76683,16233,63.50,20.778
76691,32893,63.50,20.778
76693,16233,63.50,20.778
76701,32893,63.50,20.778
76703,16233,63.50,20.778
76711,32893,63.50,20.778
76713,16233,63.50,20.778
76721,32893,63.50,20.778
76724,16233,63.50,20.778
76731,32893,63.50,20.778
76733,16233,63.50,20.778
76741,32893,63.50,20.778
76743,16233,63.50,20.778
76751,32893,63.50,20.778
76754,16233,63.50,20.778
76761,32893,63.50,20.778
76764,16233,63.50,20.778
76771,32893,63.50,20.778
76773,16233,63.50,20.778
76781,32893,63.50,20.778
76783,16233,63.50,20.778
76791,32893,63.50,20.778
76793,16233,63.50,20.778
76801,32893,63.50,20.778
76804,16233,63.50,20.778
76811,32893,63.50,20.778
76813,16233,63.50,20.778
76822,32893,63.50,20.778
76823,16233,63.50,20.778
76831,32893,63.50,20.778
76833,16233,63.50,20.778
76841,32893,63.50,20.778
76843,16233,63.50,20.778
76851,32893,63.50,20.778
76853,16233,63.50,20.778
76861,32893,63.50,20.778
76863,16233,63.50,20.778
76871,32893,63.50,20.778
76874,16233,63.50,20.778
76881,32893,63.50,20.778
76883,16233,63.50,20.778
76891,32893,63.50,20.778
76893,16233,63.50,20.778
76901,32893,63.50,20.778
76903,16233,63.50,20.778
76911,32893,63.50,20.778
76913,16233,63.50,20.778
76921,32893,63.50,20.778
76923,16233,63.50,20.778
76931,32893,63.50,20.778
76933,16233,63.50,20.778
76941,32893,63.50,20.778
76943,16233,63.50,20.778
76951,32893,63.50,20.778
76953,16233,63.50,20.778
76961,32893,63.50,20.778
76963,16233,63.50,20.778
76971,32893,63.50,20.778
76973,16233,63.50,20.778
76981,32893,63.50,20.778
76983,16233,63.50,20.778
76991,32893,63.50,20.778
76993,16233,63.50,20.778
77001,32893,63.50,20.778
77003,16233,63.50,20.778
77011,32893,63.50,20.778
77013,16233,63.50,20.778
77021,32893,63.50,20.778
77023,16233,63.50,20.778
77031,32893,63.50,20.778
77033,16233,63.50,20.778
77041,32893,63.50,20.778
77043,16233,63.50,20.778
77051,32893,63.50,20.778
77053,16233,63.50,20.778
77061,32893,63.50,20.778
77063,16233,63.50,20.778
77071,32893,63.50,20.778
77073,16233,63.50,20.778
77081,32893,63.50,20.778
77083,16233,63.50,20.778
77091,32893,63.50,20.778
77093,16233,63.50,20.778
77101,32893,63.50,20.778
77103,16233,63.50,20.778
77111,32893,63.50,20.778
77113,16233,63.50,20.778
77121,32893,63.50,20.778
77123,16233,63.50,20.778
77131,32893,63.50,20.778
77133,16233,63.50,20.778
77141,32893,63.50,20.778
77143,16233,63.50,20.778
77151,32893,63.50,20.778
77153,16233,63.50,20.778
77161,32893,63.50,20.778
77163,16233,63.50,20.778
77171,32893,63.50,20.778
77173,16233,63.50,20.778
77181,32893,63.50,20.778
77183,16233,63.50,20.778
77191,32893,63.50,20.778
77193,16233,63.50,20.778
77201,32893,63.50,20.778
77203,16233,63.50,20.778
77211,32893,63.50,20.778
77213,16233,63.50,20.778
77221,32893,63.50,20.778
77223,16233,63.50,20.778
77231,32893,63.50,20.778
77233,16233,63.50,20.778
77241,32893,63.50,20.778
77243,16233,63.50,20.778
77251,32893,63.50,20.778
77253,16233,63.50,20.778
77261,32893,63.50,20.778
77263,16233,63.50,20.778
77271,32893,63.50,20.778
77273,16233,63.50,20.778
77281,32893,63.50,20.778
77283,16233,63.50,20.778
77291,32893,63.50,20.778
77293,16233,63.50,20.778
77301,32893,63.50,20.778
77303,16233,63.50,20.778
77311,32893,63.50,20.778
77313,16233,63.50,20.778
77321,32893,63.50,20.778
77323,16233,63.50,20.778
77331,32893,63.50,20.778
77333,16233,63.50,20.778
77341,32893,63.50,20.778
77343,16233,63.50,20.778
77351,32893,63.50,20.778
77353,16233,63.50,20.778
77361,32893,63.50,20.778
77363,16233,63.50,20.778
77371,32893,63.50,20.778
77373,16233,63.50,20.778
77381,32893,63.50,20.778
77383,16233,63.50,20.778
77391,32893,63.50,20.778
77393,16233,63.50,20.778
77401,32893,63.50,20.778
77403,16233,63.50,20.778
77411,32893,63.50,20.778
77413,16233,63.50,20.778
77421,32893,63.50,20.778
77423,16233,63.50,20.778
77431,32893,63.50,20.778
77433,16233,63.50,20.778
77441,32893,63.50,20.778
77443,16233,63.50,20.778
77451,32893,63.50,20.778
77453,16233,63.50,20.778
77461,32893,63.50,20.778
77463,16233,63.50,20.778
77471,32893,63.50,20.778
77473,16233,63.50,20.778
77481,32893,63.50,20.778
77483,16233,63.50,20.778
77491,32893,63.50,20.778
77493,16233,63.50,20.778
77501,32893,63.50,20.778
77503,16233,63.50,20.778
77511,32893,63.50,20.778
77513,16233,63.50,20.778
77521,32893,63.50,20.778
77523,16233,63.50,20.778
77531,32893,63.50,20.778
77533,16233,63.50,20.778
77541,32893,63.50,20.778
77543,16233,63.50,20.778
77551,32893,63.50,20.778
77553,16233,63.50,20.778
77561,32893,63.50,20.778
77563,16233,63.50,20.778
77571,32893,63.50,20.778
77573,16233,63.50,20.778
77581,32893,63.50,20.778
77583,16233,63.50,20.778
77591,32893,63.50,20.778
77593,16233,63.50,20.778
77602,32893,63.50,20.778
77604,16233,63.50,20.778
77611,32893,63.50,20.778
77613,16233,63.50,20.778
77621,32893,63.50,20.778
77623,16233,63.50,20.778
77631,32893,63.50,20.778
77633,16233,63.50,20.778
77641,32893,63.50,20.778
77643,16233,63.50,20.778
77651,32893,63.50,20.778
77653,16233,63.50,20.778
77661,32893,63.50,20.778
77663,16233,63.50,20.778
77671,32893,63.50,20.778
77673,16233,63.50,20.778
77681,32893,63.50,20.778
77683,16233,63.50,20.778
77691,32893,63.50,20.778
77693,16233,63.50,20.778
77701,32893,63.50,20.778
77703,16233,63.50,20.778
77711,32893,63.50,20.778
77713,16233,63.50,20.778
77721,32893,63.50,20.778
77723,16233,63.50,20.778
77731,32893,63.50,20.778
77733,16233,63.50,20.778
77741,32893,63.50,20.778
77743,16233,63.50,20.778
77752,32893,63.50,20.778
77753,16233,63.50,20.778
77761,32893,63.50,20.778
77763,16233,63.50,20.778
77771,32893,63.50,20.778
77773,16233,63.50,20.778
77781,32893,63.50,20.778
77783,16233,63.50,20.778
77791,32893,63.50,20.778
77793,16233,63.50,20.778
77802,32893,63.50,20.778
77803,16233,63.50,20.778
77811,32893,63.50,20.778
77813,16233,63.50,20.778
77821,32893,63.50,20.778
77823,16233,63.50,20.778
77832,32893,63.50,20.778
77834,16233,63.50,20.778
77841,32893,63.50,20.778
77843,16233,63.50,20.778
77851,32893,63.50,20.778
77853,16233,63.50,20.778
77861,32893,63.50,20.778
77863,16233,63.50,20.778
77871,32893,63.50,20.778
77874,16233,63.50,20.778
77881,32893,63.50,20.778
77883,16233,63.50,20.778
77892,32893,63.50,20.778
77893,16233,63.50,20.778
77902,32893,63.50,20.778
77903,16233,63.50,20.778
77911,32893,63.50,20.778
77913,16233,63.50,20.778
77922,32893,63.50,20.778
77923,16233,63.50,20.778
77931,32893,63.50,20.778
77933,16233,63.50,20.778
77941,32893,63.50,20.778
77943,16233,63.50,20.778
77951,32893,63.50,20.778
77953,16233,63.50,20.778
77961,32893,63.50,20.778
77963,16233,63.50,20.778
77971,32893,63.50,20.778
77973,16233,63.50,20.778
77981,32893,63.50,20.778
77983,16233,63.50,20.778
77991,32893,63.50,20.778
77993,16233,63.50,20.778
78001,32893,63.50,20.778
78003,16233,63.50,20.778
78011,32893,63.50,20.778
78013,16233,63.50,20.778
78021,32893,63.50,20.778
78023,16233,63.50,20.778
78031,32893,63.50,20.778
78033,16233,63.50,20.778
78041,32893,63.50,20.778
78043,16233,63.50,20.778
78051,32893,63.50,20.778
78053,16233,63.50,20.778
78061,32893,63.50,20.778
78063,16233,63.50,20.778
78071,32893,63.50,20.778
78074,16233,63.50,20.778
78081,32893,63.50,20.778
78083,16233,63.50,20.778
78091,32893,63.50,20.778
78093,16233,63.50,20.778
78101,32893,63.50,20.778
78103,16233,63.50,20.778
78112,32893,63.50,20.778
78113,16233,63.50,20.778
78121,32893,63.50,20.778
78123,16233,63.50,20.778
78131,32893,63.50,20.778
78133,16233,63.50,20.778
78141,32893,63.50,20.778
78143,16233,63.50,20.778
78151,32893,63.50,20.778
78153,16233,63.50,20.778
78161,32893,63.50,20.778
78163,16233,63.50,20.778
78171,32893,63.50,20.778
78173,16233,63.50,20.778
78181,32893,63.50,20.778
78183,16233,63.50,20.778
78191,32893,63.50,20.778
78194,16233,63.50,20.778
78201,32893,63.50,20.778
78204,16233,63.50,20.778
78211,32893,63.50,20.778
78213,16233,63.50,20.778
78221,32893,63.50,20.778
78223,16233,63.50,20.778
78231,32893,63.50,20.778
78233,16233,63.50,20.778
78241,32893,63.50,20.778
78243,16233,63.50,20.778
78251,32893,63.50,20.778
78253,16233,63.50,20.778
78261,32893,63.50,20.778
78263,16233,63.50,20.778
78271,32893,63.50,20.778
78273,16233,63.50,20.778
78281,32893,63.50,20.778
78283,16233,63.50,20.778
78291,32893,63.50,20.778
78293,16233,63.50,20.778
78301,32893,63.50,20.778
78303,16233,63.50,20.778
78311,32893,63.50,20.778
78313,16233,63.50,20.778
78321,32893,63.50,20.778
78323,16233,63.50,20.778
78331,32893,63.50,20.778
78333,16233,63.50,20.778
78341,32893,63.50,20.778
78343,16233,63.50,20.778
78351,32893,63.50,20.778
78353,16233,63.50,20.778
78361,32893,63.50,20.778
78363,16233,63.50,20.778
78371,32893,63.50,20.778
78373,16233,63.50,20.778
78381,32893,63.50,20.778
78383,16233,63.50,20.778
78391,32893,63.50,20.778
78393,16233,63.50,20.778
78401,32893,63.50,20.778
78403,16233,63.50,20.778
78411,32893,63.50,20.778
78413,16233,63.50,20.778
78421,32893,63.50,20.778
78423,16233,63.50,20.778
78431,32893,63.50,20.778
78433,16233,63.50,20.778
78441,32893,63.50,20.778
78443,16233,63.50,20.778
78451,32893,63.50,20.778
78453,16233,63.50,20.778
78461,32893,63.50,20.778
78463,16233,63.50,20.778
78471,32893,63.50,20.778
78473,16233,63.50,20.778
78481,32893,63.50,20.778
78483,16233,63.50,20.778
78491,32893,63.50,20.778
78493,16233,63.50,20.778
78501,32893,63.50,20.778
78503,16233,63.50,20.778
78511,32893,63.50,20.778
78513,16233,63.50,20.778
78521,32893,63.50,20.778
78523,16233,63.50,20.778
78531,32893,63.50,20.778
78533,16233,63.50,20.778
78541,32893,63.50,20.778
78543,16233,63.50,20.778
78551,32893,63.50,20.778
78553,16233,63.50,20.778
78561,32893,63.50,20.778
78563,16233,63.50,20.778
78571,32893,63.50,20.778
78573,16233,63.50,20.778
78581,32893,63.50,20.778
78583,16233,63.50,20.778
78591,32893,63.50,20.778
78593,16233,63.50,20.778
78601,32893,63.50,20.778
78603,16233,63.50,20.778
78611,32893,63.50,20.778
78613,16233,63.50,20.778
78621,32893,63.50,20.778
78623,16233,63.50,20.778
78631,32893,63.50,20.778
78633,16233,63.50,20.778
78641,32893,63.50,20.778
78643,16233,63.50,20.778
78651,32893,63.50,20.778
78653,16233,63.50,20.778
78661,32893,63.50,20.778
78663,16233,63.50,20.778
78671,32893,63.50,20.778
78673,16233,63.50,20.778
78681,32893,63.50,20.778
78683,16233,63.50,20.778
78691,32893,63.50,20.778
78693,16233,63.50,20.778
78701,32893,63.50,20.778
78703,16233,63.50,20.778
78711,32893,63.50,20.778
78713,16233,63.50,20.778
78721,32893,63.50,20.778
78724,16233,63.50,20.778
78731,32893,63.50,20.778
78733,16233,63.50,20.778
78741,32893,63.50,20.778
78743,16233,63.50,20.778
78751,32893,63.50,20.778
78753,16233,63.50,20.778
78761,32893,63.50,20.778
78763,16233,63.50,20.778
78771,32893,63.50,20.778
78773,16233,63.50,20.778
78781,32893,63.50,20.778
78783,16233,63.50,20.778
78791,32893,63.50,20.778
78793,16233,63.50,20.778
78801,32893,63.50,20.778
78811,32893,63.50,20.778
78815,16233,63.50,20.778
78815,16233,63.50,20.778
78821,32893,63.50,20.778
78823,16233,63.50,20.778
78831,32893,63.50,20.778
78833,16233,63.50,20.778
78842,32893,63.50,20.778
78843,16233,63.50,20.778
78851,32893,63.50,20.778
78853,16233,63.50,20.778
78861,32893,63.50,20.778
78863,16233,63.50,20.778
78871,32893,63.50,20.778
78873,16233,63.50,20.778
78881,32893,63.50,20.778
78883,16233,63.50,20.778
78891,32893,63.50,20.778
78893,16233,63.50,20.778
78901,32893,63.50,20.778
78903,16233,63.50,20.778
78911,32893,63.50,20.778
78913,16233,63.50,20.778
78921,32893,63.50,20.778
78923,16233,63.50,20.778
78931,32893,63.50,20.778
78933,16233,63.50,20.778
78941,32893,63.50,20.778
78943,16233,63.50,20.778
78951,32893,63.50,20.778
78953,16233,63.50,20.778
78961,32893,63.50,20.778
78963,16233,63.50,20.778
78971,32893,63.50,20.778
78973,16233,63.50,20.778
78981,32893,63.50,20.778
78983,16233,63.50,20.778
78991,32893,63.50,20.778
78993,16233,63.50,20.778
79001,32893,63.50,20.778
79003,16233,63.50,20.778
79011,32893,63.50,20.778
79013,16233,63.50,20.778
79021,32893,63.50,20.778
79023,16233,63.50,20.778
79031,32893,63.50,20.778
79033,16233,63.50,20.778
79041,32893,63.50,20.778
79043,16233,63.50,20.778
79051,32893,63.50,20.778
79053,16233,63.50,20.778
79061,32893,63.50,20.778
79063,16233,63.50,20.778
79071,32893,63.50,20.778
79073,16233,63.50,20.778
79081,32893,63.50,20.778
79083,16233,63.50,20.778
79092,32893,63.50,20.778
79093,16233,63.50,20.778
79101,32893,63.50,20.778
79103,16233,63.50,20.778
79111,32893,63.50,20.778
79113,16233,63.50,20.778
79121,32893,63.50,20.778
79123,16233,63.50,20.778
79131,32893,63.50,20.778
79133,16233,63.50,20.778
79141,32893,63.50,20.778
79143,16233,63.50,20.778
79151,32893,63.50,20.778
79153,16233,63.50,20.778
79161,32893,63.50,20.778
79163,16233,63.50,20.778
79171,32893,63.50,20.778
79173,16233,63.50,20.778
79181,32893,63.50,20.778
79183,16233,63.50,20.778
79191,32893,63.50,20.778
79193,16233,63.50,20.778
79201,32893,63.50,20.778
79203,16233,63.50,20.778
79211,32893,63.50,20.778
79213,16233,63.50,20.778
79221,32893,63.50,20.778
79223,16233,63.50,20.778
79231,32893,63.50,20.778
79233,16233,63.50,20.778
79241,32893,63.50,20.778
79243,16233,63.50,20.778
79251,32893,63.50,20.778
79253,16233,63.50,20.778
79261,32893,63.50,20.778
79263,16233,63.50,20.778
79271,32893,63.50,20.778
79273,16233,63.50,20.778
79281,32893,63.50,20.778
79283,16233,63.50,20.778
79291,32893,63.50,20.778
79293,16233,63.50,20.778
79301,32893,63.50,20.778
79303,16233,63.50,20.778
79311,32893,63.50,20.778
79313,16233,63.50,20.778
79321,32893,63.50,20.778
79323,16233,63.50,20.778
79331,32893,63.50,20.778
79333,16233,63.50,20.778
79341,32893,63.50,20.778
79343,16233,63.50,20.778
79351,32893,63.50,20.778
79353,16233,63.50,20.778
79361,32893,63.50,20.778
79363,16233,63.50,20.778
79371,32893,63.50,20.778
79373,16233,63.50,20.778
79381,32893,63.50,20.778
79383,16233,63.50,20.778
79391,32893,63.50,20.778
79393,16233,63.50,20.778
79401,32893,63.50,20.778
79403,16233,63.50,20.778
79411,32893,63.50,20.778
79413,16233,63.50,20.778
79421,32893,63.50,20.778
79423,16233,63.50,20.778
79431,32893,63.50,20.778
79433,16233,63.50,20.778
79441,32893,63.50,20.778
79443,16233,63.50,20.778
79451,32893,63.50,20.778
79453,16233,63.50,20.778
79461,32893,63.50,20.778
79463,16233,63.50,20.778
79471,32893,63.50,20.778
79473,16233,63.50,20.778
79481,32893,63.50,20.778
79483,16233,63.50,20.778
79491,32893,63.50,20.778
79493,16233,63.50,20.778
79501,32893,63.50,20.778
79503,16233,63.50,20.778
79511,32893,63.50,20.778
79513,16233,63.50,20.778
79521,32893,63.50,20.778
79523,16233,63.50,20.778
79531,32893,63.50,20.778
79533,16233,63.50,20.778
79541,32893,63.50,20.778
79544,16233,63.50,20.778
79551,32893,63.50,20.778
79553,16233,63.50,20.778
79561,32893,63.50,20.778
79563,16233,63.50,20.778
79571,32893,63.50,20.778
79573,16233,63.50,20.778
79581,32893,63.50,20.778
79583,16233,63.50,20.778
79591,32893,63.50,20.778
79593,16233,63.50,20.778
79601,32893,63.50,20.778
79603,16233,63.50,20.778
79611,32893,63.50,20.778
79613,16233,63.50,20.778
79621,32893,63.50,20.778
79623,16233,63.50,20.778
79631,32893,63.50,20.778
79633,16233,63.50,20.778
79641,32893,63.50,20.778
79643,16233,63.50,20.778
79651,32893,63.50,20.778
79653,16233,63.50,20.778
79661,32893,63.50,20.778
79663,16233,63.50,20.778
79671,32893,63.50,20.778
79673,16233,63.50,20.778
79681,32893,63.50,20.778
79683,16233,63.50,20.778
79691,32893,63.50,20.778
79693,16233,63.50,20.778
79701,32893,63.50,20.778
79703,16233,63.50,20.778
79711,32893,63.50,20.778
79713,16233,63.50,20.778
79721,32893,63.50,20.778
79723,16233,63.50,20.778
79731,32893,63.50,20.778
79733,16233,63.50,20.778
79741,32893,63.50,20.778
79743,16233,63.50,20.778
79751,32893,63.50,20.778
79753,16233,63.50,20.778
79761,32893,63.50,20.778
79763,16233,63.50,20.778
79771,32893,63.50,20.778
79773,16233,63.50,20.778
79781,32893,63.50,20.778
79783,16233,63.50,20.778
79791,32893,63.50,20.778
79793,16233,63.50,20.778
79801,32893,63.50,20.778
79803,16233,63.50,20.778
79811,32893,63.50,20.778
79813,16233,63.50,20.778
79821,32893,63.50,20.778
79823,16233,63.50,20.778
79831,32893,63.50,20.778
79833,16233,63.50,20.778
79841,32893,63.50,20.778
79843,16233,63.50,20.778
79851,32893,63.50,20.778
79853,16233,63.50,20.778
79861,32893,63.50,20.778
79863,16233,63.50,20.778
79871,32893,63.50,20.778
79873,16233,63.50,20.778
79881,32893,63.50,20.778
79883,16233,63.50,20.778
79891,32893,63.50,20.778
79893,16233,63.50,20.778
79901,32893,63.50,20.778
79903,16233,63.50,20.778
79911,32893,63.50,20.778
79913,16233,63.50,20.778
79921,32893,63.50,20.778
79923,16233,63.50,20.778
79931,32893,63.50,20.778
79933,16233,63.50,20.778
79941,32893,63.50,20.778
79943,16233,63.50,20.778
79951,32893,63.50,20.778
79953,16233,63.50,20.778
79961,32893,63.50,20.778
79963,16233,63.50,20.778
79971,32893,63.50,20.778
79973,16233,63.50,20.778
79981,32893,63.50,20.778
79983,16233,63.50,20.778
79991,32893,63.50,20.778
79993,16233,63.50,20.778
80001,32893,63.50,20.778
80003,16233,63.50,20.778
80011,32893,63.50,20.778
80013,16233,63.50,20.778
80021,32893,63.50,20.778
80023,16233,63.50,20.778
80031,32893,63.50,20.778
80033,16233,63.50,20.778
80041,32893,63.50,20.778
80043,16233,63.50,20.778
80051,32893,63.50,20.778
80053,16233,63.50,20.778
80061,32893,63.50,20.778
80063,16233,63.50,20.778
80071,32893,63.50,20.778
80073,16233,63.50,20.778
80081,32893,63.50,20.778
80083,16233,63.50,20.778
80091,32893,63.50,20.778
80093,16233,63.50,20.778
80101,32893,63.50,20.778
80103,16233,63.50,20.778
80111,32893,63.50,20.778
80113,16233,63.50,20.778
80121,32893,63.50,20.778
80123,16233,63.50,20.778
80131,32893,63.50,20.778
80133,16233,63.50,20.778
80141,32893,63.50,20.778
80143,16233,63.50,20.778
80151,32893,63.50,20.778
80153,16233,63.50,20.778
80161,32893,63.50,20.778
80163,16233,63.50,20.778
80171,32893,63.50,20.778
80174,16233,63.50,20.778
80181,32893,63.50,20.778
80183,16233,63.50,20.778
80191,32893,63.50,20.778
80193,16233,63.50,20.778
80201,32893,63.50,20.778
80203,16233,63.50,20.778
80211,32893,63.50,20.778
80213,16233,63.50,20.778
80221,32893,63.50,20.778
80223,16233,63.50,20.778
80231,32893,63.50,20.778
80233,16233,63.50,20.778
80241,32893,63.50,20.778
80243,16233,63.50,20.778
80251,32893,63.50,20.778
80253,16233,63.50,20.778
80261,32893,63.50,20.778
80263,16233,63.50,20.778
80271,32893,63.50,20.778
80273,16233,63.50,20.778
80281,32893,63.50,20.778
80283,16233,63.50,20.778
80291,32893,63.50,20.778
80293,16233,63.50,20.778
80301,32893,63.50,20.778
80303,16233,63.50,20.778
80311,32893,63.50,20.778
80313,16233,63.50,20.778
80321,32893,63.50,20.778
80323,16233,63.50,20.778
80331,32893,63.50,20.778
80333,16233,63.50,20.778
80341,32893,63.50,20.778
80343,16233,63.50,20.778
80351,32893,63.50,20.778
80353,16233,63.50,20.778
80361,32893,63.50,20.778
80363,16233,63.50,20.778
80371,32893,63.50,20.778
80373,16233,63.50,20.778
80381,32893,63.50,20.778
80383,16233,63.50,20.778
80391,32893,63.50,20.778
80393,16233,63.50,20.778
80401,32893,63.50,20.778
80403,16233,63.50,20.778
80411,32893,63.50,20.778
80413,16233,63.50,20.778
80421,32893,63.50,20.778
80423,16233,63.50,20.778
80431,32893,63.50,20.778
80433,16233,63.50,20.778
80441,32893,63.50,20.778
80443,16233,63.50,20.778
80451,32893,63.50,20.778
80453,16233,63.50,20.778
80461,32893,63.50,20.778
80463,16233,63.50,20.778
80471,32893,63.50,20.778
80473,16233,63.50,20.778
80481,32893,63.50,20.778
80483,16233,63.50,20.778
80491,32893,63.50,20.778
80493,16233,63.50,20.778
80501,32893,63.50,20.778
80503,16233,63.50,20.778
80511,32893,63.50,20.778
80513,16233,63.50,20.778
80521,32893,63.50,20.778
80523,16233,63.50,20.778
80531,32893,63.50,20.778
80533,16233,63.50,20.778
80541,32893,63.50,20.778
80543,16233,63.50,20.778
80551,32893,63.50,20.778
80553,16233,63.50,20.778
80561,32893,63.50,20.778
80563,16233,63.50,20.778
80571,32893,63.50,20.778
80573,16233,63.50,20.778
80581,32893,63.50,20.778
80583,16233,63.50,20.778
80591,32893,63.50,20.778
80593,16233,63.50,20.778
80601,32893,63.50,20.778
80603,16233,63.50,20.778
80611,32893,63.50,20.778
80613,16233,63.50,20.778
80621,32893,63.50,20.778
80623,16233,63.50,20.778
80631,32893,63.50,20.778
80633,16233,63.50,20.778
80641,32893,63.50,20.778
80643,16233,63.50,20.778
80651,32893,63.50,20.778
80653,16233,63.50,20.778
80661,32893,63.50,20.778
80663,16233,63.50,20.778
80671,32893,63.50,20.778
80673,16233,63.50,20.778
80681,32893,63.50,20.778
80683,16233,63.50,20.778
80691,32893,63.50,20.778
80693,16233,63.50,20.778
80701,32893,63.50,20.778
80703,16233,63.50,20.778
80711,32893,63.50,20.778
80713,16233,63.50,20.778
80721,32893,63.50,20.778
80723,16233,63.50,20.778
80731,32893,63.50,20.778
80733,16233,63.50,20.778
80741,32893,63.50,20.778
80743,16233,63.50,20.778
80751,32893,63.50,20.778
80753,16233,63.50,20.778
80761,32893,63.50,20.778
80763,16233,63.50,20.778
80771,32893,63.50,20.778
80773,16233,63.50,20.778
80782,32893,63.50,20.778
80783,16233,63.50,20.778
80791,32893,63.50,20.778
80793,16233,63.50,20.778
80801,32893,63.50,20.778
80803,16233,63.50,20.778
80811,32893,63.50,20.778
80813,16233,63.50,20.778
80821,32893,63.50,20.778
80823,16233,63.50,20.778
80831,32893,63.50,20.778
80833,16233,63.50,20.778
80841,32893,63.50,20.778
80844,16233,63.50,20.778
80852,32893,63.50,20.778
80853,16233,63.50,20.778
80861,32893,63.50,20.778
80863,16233,63.50,20.778
80871,32893,63.50,20.778
80876,16233,63.50,20.778
80881,32893,63.50,20.778
80883,16233,63.50,20.778
80891,32893,63.50,20.778
80893,16233,63.50,20.778
80901,32893,63.50,20.778
80903,16233,63.50,20.778
80912,32893,63.50,20.778
80914,16233,63.50,20.778
80921,32893,63.50,20.778
80923,16233,63.50,20.778
80931,32893,63.50,20.778
80933,16233,63.50,20.778
80941,32893,63.50,20.778
80943,16233,63.50,20.778
80951,32893,63.50,20.778
80953,16233,63.50,20.778
80961,32893,63.50,20.778
80963,16233,63.50,20.778
80971,32893,63.50,20.778
80973,16233,63.50,20.778
80981,32893,63.50,20.778
80983,16233,63.50,20.778
80991,32893,63.50,20.778
80993,16233,63.50,20.778
81001,32893,63.50,20.778
81003,16233,63.50,20.778
81011,32893,63.50,20.778
81013,16233,63.50,20.778
81021,32893,63.50,20.778
81023,16233,63.50,20.778
81031,32893,63.50,20.778
81033,16233,63.50,20.778
81041,32893,63.50,20.778
81043,16233,63.50,20.778
81051,32893,63.50,20.778
81053,16233,63.50,20.778
81061,32893,63.50,20.778
81063,16233,63.50,20.778
81071,32893,63.50,20.778
81073,16233,63.50,20.778
81081,32893,63.50,20.778
81083,16233,63.50,20.778
81092,32893,63.50,20.778
81093,16233,63.50,20.778
81101,32893,63.50,20.778
81103,16233,63.50,20.778
81111,32893,63.50,20.778
81113,16233,63.50,20.778
81121,32893,63.50,20.778
81123,16233,63.50,20.778
81131,32893,63.50,20.778
81133,16233,63.50,20.778
81141,32893,63.50,20.778
81143,16233,63.50,20.778
81151,32893,63.50,20.778
81153,16233,63.50,20.778
81161,32893,63.50,20.778
81163,16233,63.50,20.778
81171,32893,63.50,20.778
81173,16233,63.50,20.778
81181,32893,63.50,20.778
81183,16233,63.50,20.778
81191,32893,63.50,20.778
81193,16233,63.50,20.778
81201,32893,63.50,20.778
81203,16233,63.50,20.778
81211,32893,63.50,20.778
81213,16233,63.50,20.778
81221,32893,63.50,20.778
81223,16233,63.50,20.778
81231,32893,63.50,20.778
81233,16233,63.50,20.778
81241,32893,63.50,20.778
81243,16233,63.50,20.778
81251,32893,63.50,20.778
81254,16233,63.50,20.778
81261,32893,63.50,20.778
81263,16233,63.50,20.778
81271,32893,63.50,20.778
81273,16233,63.50,20.778
81281,32893,63.50,20.778
81283,16233,63.50,20.778
81291,32893,63.50,20.778
81293,16233,63.50,20.778
81301,32893,63.50,20.778
81303,16233,63.50,20.778
81311,32893,63.50,20.778
81314,16233,63.50,20.778
81321,32893,63.50,20.778
81323,16233,63.50,20.778
81331,32893,63.50,20.778
81333,16233,63.50,20.778
81341,32893,63.50,20.778
81343,16233,63.50,20.778
81351,32893,63.50,20.778
81353,16233,63.50,20.778
81361,32893,63.50,20.778
81363,16233,63.50,20.778
81371,32893,63.50,20.778
81373,16233,63.50,20.778
81381,32893,63.50,20.778
81383,16233,63.50,20.778
81391,32893,63.50,20.778
81393,16233,63.50,20.778
81401,32893,63.50,20.778
81403,16233,63.50,20.778
81411,32893,63.50,20.778
81413,16233,63.50,20.778
81421,32893,63.50,20.778
81423,16233,63.50,20.778
81431,32893,63.50,20.778
81433,16233,63.50,20.778
81441,32893,63.50,20.778
81443,16233,63.50,20.778
81451,32893,63.50,20.778
81453,16233,63.50,20.778
81461,32893,63.50,20.778
81463,16233,63.50,20.778
81471,32893,63.50,20.778
81473,16233,63.50,20.778
81481,32893,63.50,20.778
81483,16233,63.50,20.778
81491,32893,63.50,20.778
81493,16233,63.50,20.778
81501,32893,63.50,20.778
81503,16233,63.50,20.778
81511,32893,63.50,20.778
81513,16233,63.50,20.778
81521,32893,63.50,20.778
81523,16233,63.50,20.778
81531,32893,63.50,20.778
81533,16233,63.50,20.778
81541,32893,63.50,20.778
81543,16233,63.50,20.778
81551,32893,63.50,20.778
81553,16233,63.50,20.778
81561,32893,63.50,20.778
81563,16233,63.50,20.778
81571,32893,63.50,20.778
81573,16233,63.50,20.778
81581,32893,63.50,20.778
81583,16233,63.50,20.778
81591,32893,63.50,20.778
81593,16233,63.50,20.778
81601,32893,63.50,20.778
81604,16233,63.50,20.778
81611,32893,63.50,20.778
81613,16233,63.50,20.778
81621,32893,63.50,20.778
81623,16233,63.50,20.778
81631,32893,63.50,20.778
81633,16233,63.50,20.778
81641,32893,63.50,20.778
81643,16233,63.50,20.778
81651,32893,63.50,20.778
81653,16233,63.50,20.778
81661,32893,63.50,20.778
81663,16233,63.50,20.778
81671,32893,63.50,20.778
81673,16233,63.50,20.778
81681,32893,63.50,20.778
81683,16233,63.50,20.778
81691,32893,63.50,20.778
81693,16233,63.50,20.778
81701,32893,63.50,20.778
81703,16233,63.50,20.778
81711,32893,63.50,20.778
81713,16233,63.50,20.778
81721,32893,63.50,20.778
81723,16233,63.50,20.778
81731,32893,63.50,20.778
81733,16233,63.50,20.778
81741,32893,63.50,20.778
81743,16233,63.50,20.778
81751,32893,63.50,20.778
81753,16233,63.50,20.778
81761,32893,63.50,20.778
81763,16233,63.50,20.778
81771,32893,63.50,20.778
81773,16233,63.50,20.778
81781,32893,63.50,20.778
81783,16233,63.50,20.778
81791,32893,63.50,20.778
81794,16233,63.50,20.778
81801,32893,63.50,20.778
81803,16233,63.50,20.778
81811,32893,63.50,20.778
81813,16233,63.50,20.778
81821,32893,63.50,20.778
81823,16233,63.50,20.778
81831,32893,63.50,20.778
81833,16233,63.50,20.778
81841,32893,63.50,20.778
81843,16233,63.50,20.778
81851,32893,63.50,20.778
81853,16233,63.50,20.778
81861,32893,63.50,20.778
81863,16233,63.50,20.778
81871,32893,63.50,20.778
81874,16233,63.50,20.778
81881,32893,63.50,20.778
81883,16233,63.50,20.778
81891,32893,63.50,20.778
81893,16233,63.50,20.778
81901,32893,63.50,20.778
81903,16233,63.50,20.778
81911,32893,63.50,20.778
81913,16233,63.50,20.778
81921,32893,63.50,20.778
81923,16233,63.50,20.778
81931,32893,63.50,20.778
81934,16233,63.50,20.778
81941,32893,63.50,20.778
81943,16233,63.50,20.778
81951,32893,63.50,20.778
81953,16233,63.50,20.778
81961,32893,63.50,20.778
81963,16233,63.50,20.778
81971,32893,63.50,20.778
81973,16233,63.50,20.778
81981,32893,63.50,20.778
81983,16233,63.50,20.778
81991,32893,63.50,20.778
81993,16233,63.50,20.778
82001,32893,63.50,20.778
82003,16233,63.50,20.778
82011,32893,63.50,20.778
82013,16233,63.50,20.778
82021,32893,63.50,20.778
82023,16233,63.50,20.778
82031,32893,63.50,20.778
82033,16233,63.50,20.778
82041,32893,63.50,20.778
82044,16233,63.50,20.778
82051,32893,63.50,20.778
82053,16233,63.50,20.778
82061,32893,63.50,20.778
82064,16233,63.50,20.778
82071,32893,63.50,20.778
82073,16233,63.50,20.778
82082,32893,63.50,20.778
82083,16233,63.50,20.778
82093,16233,63.50,20.778
82093,32893,63.50,20.778
82102,32893,63.50,20.778
82103,16233,58.00,18.978
82111,32893,63.50,20.778
82113,16233,58.00,18.978
82121,32893,63.50,20.778
82123,16233,58.00,18.978
82131,32893,63.50,20.778
82133,16233,58.00,18.978
82141,32893,63.50,20.778
82144,16233,58.00,18.978
82151,32893,63.50,20.778
82153,16233,58.00,18.978
82161,32893,63.50,20.778
82163,16233,58.00,18.978
82171,32893,63.50,20.778
82173,16233,58.00,18.978
82181,32893,63.50,20.778
82183,16233,58.00,18.978
82191,32893,63.50,20.778
82194,16233,58.00,18.978
82201,32893,63.50,20.778
82203,16233,58.00,18.978
82211,32893,63.50,20.778
82213,16233,58.00,18.978
82221,32893,63.50,20.778
82223,16233,58.00,18.978
82232,32893,63.50,20.778
82233,16233,58.00,18.978
82241,32893,63.50,20.778
82243,16233,58.00,18.978
82251,32893,63.50,20.778
82253,16233,58.00,18.978
82261,32893,63.50,20.778
82263,16233,58.00,18.978
82271,32893,63.50,20.778
82273,16233,58.00,18.978
82281,32893,63.50,20.778
82283,16233,58.00,18.978
82291,32893,63.50,20.778
82293,16233,58.00,18.978
82301,32893,63.50,20.778
82304,16233,58.00,18.978
82311,32893,63.50,20.778
82313,16233,58.00,18.978
82321,32893,63.50,20.778
82323,16233,58.00,18.978
82331,32893,63.50,20.778
82333,16233,58.00,18.978
82341,32893,63.50,20.778
82343,16233,58.00,18.978
82352,32893,63.50,20.778
82353,16233,58.00,18.978
82361,32893,63.50,20.778
82363,16233,58.00,18.978
82371,32893,63.50,20.778
82373,16233,58.00,18.978
82381,32893,63.50,20.778
82383,16233,58.00,18.978
82391,32893,63.50,20.778
82393,16233,58.00,18.978
82401,32893,63.50,20.778
82404,16233,58.00,18.978
82411,32893,63.50,20.778
82413,16233,58.00,18.978
82421,32893,63.50,20.778
82423,16233,58.00,18.978
82431,32893,63.50,20.778
82433,16233,58.00,18.978
82441,32893,63.50,20.778
82443,16233,58.00,18.978
82451,32893,63.50,20.778
82453,16233,58.00,18.978
82461,32893,63.50,20.778
82463,16233,58.00,18.978
82471,32893,63.50,20.778
82473,16233,58.00,18.978
82481,32893,63.50,20.778
82483,16233,58.00,18.978
82491,32893,63.50,20.778
82493,16233,58.00,18.978
82501,32893,63.50,20.778
82503,16233,58.00,18.978
82511,32893,63.50,20.778
82513,16233,58.00,18.978
82521,32893,63.50,20.778
82523,16233,58.00,18.978
82531,32893,63.50,20.778
82533,16233,58.00,18.978
82541,32893,63.50,20.778
82543,16233,58.00,18.978
82551,32893,63.50,20.778
82553,16233,58.00,18.978
82561,32893,63.50,20.778
82563,16233,58.00,18.978
82571,32893,63.50,20.778
82573,16233,58.00,18.978
82581,32893,63.50,20.778
82583,16233,58.00,18.978
82591,32893,63.50,20.778
82593,16233,58.00,18.978
82601,32893,63.50,20.778
82603,16233,58.00,18.978
82611,32893,63.50,20.778
82613,16233,58.00,18.978
82621,32893,63.50,20.778
82623,16233,58.00,18.978
82631,32893,63.50,20.778
82633,16233,58.00,18.978
82641,32893,63.50,20.778
82643,16233,58.00,18.978
82651,32893,63.50,20.778
82653,16233,58.00,18.978
82661,32893,63.50,20.778
82663,16233,58.00,18.978
82671,32893,63.50,20.778
82673,16233,58.00,18.978
82681,32893,63.50,20.778
82683,16233,58.00,18.978
82691,32893,63.50,20.778
82693,16233,58.00,18.978
82701,32893,63.50,20.778
82703,16233,58.00,18.978
82711,32893,63.50,20.778
82713,16233,58.00,18.978
82721,32893,63.50,20.778
82723,16233,58.00,18.978
82731,32893,63.50,20.778
82733,16233,58.00,18.978
82741,32893,63.50,20.778
82743,16233,58.00,18.978
82751,32893,63.50,20.778
82753,16233,58.00,18.978
82761,32893,63.50,20.778
82763,16233,58.00,18.978
82771,32893,63.50,20.778
82773,16233,58.00,18.978
82781,32893,63.50,20.778
82783,16233,58.00,18.978
82791,32893,63.50,20.778
82793,16233,58.00,18.978
82802,32893,63.50,20.778
82803,16233,58.00,18.978
82811,32893,63.50,20.778
82813,16233,58.00,18.978
82821,32893,63.50,20.778
82823,16233,58.00,18.978
82831,32893,63.50,20.778
82833,16233,58.00,18.978
82841,32893,63.50,20.778
82843,16233,58.00,18.978
82851,32893,63.50,20.778
82853,16233,58.00,18.978
82861,32893,63.50,20.778
82863,16233,58.00,18.978
82871,32893,63.50,20.778
82873,16233,58.00,18.978
82881,32893,63.50,20.778
82883,16233,58.00,18.978
82891,32893,63.50,20.778
82893,16233,58.00,18.978
82901,32893,63.50,20.778
82903,16233,58.00,18.978
82911,32893,63.50,20.778
82913,16233,58.00,18.978
82922,32893,63.50,20.778
82924,16233,58.00,18.978
82931,32893,63.50,20.778
82933,16233,58.00,18.978
82941,32893,63.50,20.778
82943,16233,58.00,18.978
82951,32893,63.50,20.778
82953,16233,58.00,18.978
82961,32893,63.50,20.778
82963,16233,58.00,18.978
82971,32893,63.50,20.778
82973,16233,58.00,18.978
82981,32893,63.50,20.778
82983,16233,58.00,18.978
82991,32893,63.50,20.778
82993,16233,58.00,18.978
83001,32893,63.50,20.778
83003,16233,58.00,18.978
83011,32893,63.50,20.778
83013,16233,58.00,18.978
83021,32893,63.50,20.778
83023,16233,58.00,18.978
83031,32893,63.50,20.778
83033,16233,58.00,18.978
83041,32893,63.50,20.778
83043,16233,58.00,18.978
83051,32893,63.50,20.778
83053,16233,58.00,18.978
83061,32893,63.50,20.778
83063,16233,58.00,18.978
83071,32893,63.50,20.778
83073,16233,58.00,18.978
83081,32893,63.50,20.778
83083,16233,58.00,18.978
83091,32893,63.50,20.778
83093,16233,58.00,18.978
83101,32893,63.50,20.778
83103,16233,58.00,18.978
83111,32893,63.50,20.778
83113,16233,58.00,18.978
83122,32893,63.50,20.778
83123,16233,58.00,18.978
83131,32893,63.50,20.778
83133,16233,58.00,18.978
83141,32893,63.50,20.778
83143,16233,58.00,18.978
83151,32893,63.50,20.778
83153,16233,58.00,18.978
83161,32893,63.50,20.778
83163,16233,58.00,18.978
83171,32893,63.50,20.778
83174,16233,58.00,18.978
83181,32893,63.50,20.778
83183,16233,58.00,18.978
83191,32893,63.50,20.778
83193,16233,58.00,18.978
83201,32893,63.50,20.778
83203,16233,58.00,18.978
83211,32893,63.50,20.778
83213,16233,58.00,18.978
83221,32893,63.50,20.778
83223,16233,58.00,18.978
83231,32893,63.50,20.778
83233,16233,58.00,18.978
83241,32893,63.50,20.778
83243,16233,58.00,18.978
83251,32893,63.50,20.778
83253,16233,58.00,18.978
83261,32893,63.50,20.778
83264,16233,58.00,18.978
83271,32893,63.50,20.778
83273,16233,58.00,18.978
83281,32893,63.50,20.778
83283,16233,58.00,18.978
83291,32893,63.50,20.778
83294,16233,58.00,18.978
83301,32893,63.50,20.778
83303,16233,58.00,18.978
83311,32893,63.50,20.778
83313,16233,58.00,18.978
83321,32893,63.50,20.778
83323,16233,58.00,18.978
83331,32893,63.50,20.778
83333,16233,58.00,18.978
83341,32893,63.50,20.778
83344,16233,58.00,18.978
83351,32893,63.50,20.778
83353,16233,58.00,18.978
83362,32893,63.50,20.778
83363,16233,58.00,18.978
83371,32893,63.50,20.778
83373,16233,58.00,18.978
83381,32893,63.50,20.778
83383,16233,58.00,18.978
83391,32893,63.50,20.778
83393,16233,58.00,18.978
83401,32893,63.50,20.778
83403,16233,58.00,18.978
83411,32893,63.50,20.778
83413,16233,58.00,18.978
83421,32893,63.50,20.778
83423,16233,58.00,18.978
83431,32893,63.50,20.778
83433,16233,58.00,18.978
83441,32893,63.50,20.778
83443,16233,58.00,18.978
83451,32893,63.50,20.778
83453,16233,58.00,18.978
83461,32893,63.50,20.778
83463,16233,58.00,18.978
83471,32893,63.50,20.778
83473,16233,58.00,18.978
83481,32893,63.50,20.778
83483,16233,58.00,18.978
83491,32893,63.50,20.778
83493,16233,58.00,18.978
83501,32893,63.50,20.778
83503,16233,58.00,18.978
83511,32893,63.50,20.778
83513,16233,58.00,18.978
83521,32893,63.50,20.778
83523,16233,58.00,18.978
83531,32893,63.50,20.778
83533,16233,58.00,18.978
83541,32893,63.50,20.778
83543,16233,58.00,18.978
83551,32893,63.50,20.778
83553,16233,58.00,18.978
83561,32893,63.50,20.778
83563,16233,58.00,18.978
83571,32893,63.50,20.778
83573,16233,58.00,18.978
83582,32893,63.50,20.778
83583,16233,58.00,18.978
83591,32893,63.50,20.778
83593,16233,58.00,18.978
83601,32893,63.50,20.778
83603,16233,58.00,18.978
83611,32893,63.50,20.778
83613,16233,58.00,18.978
83621,32893,63.50,20.778
83623,16233,58.00,18.978
83631,32893,63.50,20.778
83633,16233,58.00,18.978
83641,32893,63.50,20.778
83643,16233,58.00,18.978
83651,32893,63.50,20.778
83653,16233,58.00,18.978
83661,32893,63.50,20.778
83664,16233,58.00,18.978
83671,32893,63.50,20.778
83673,16233,58.00,18.978
83681,32893,63.50,20.778
83683,16233,58.00,18.978
83691,32893,63.50,20.778
83693,16233,58.00,18.978
83701,32893,63.50,20.778
83703,16233,58.00,18.978
83711,32893,63.50,20.778
83713,16233,58.00,18.978
83721,32893,63.50,20.778
83723,16233,58.00,18.978
83731,32893,63.50,20.778
83733,16233,58.00,18.978
83741,32893,63.50,20.778
83743,16233,58.00,18.978
83751,32893,63.50,20.778
83753,16233,58.00,18.978
83761,32893,63.50,20.778
83763,16233,58.00,18.978
83771,32893,63.50,20.778
83773,16233,58.00,18.978
83781,32893,63.50,20.778
83783,16233,58.00,18.978
83791,32893,63.50,20.778
83793,16233,58.00,18.978
83801,32893,63.50,20.778
83803,16233,58.00,18.978
83811,32893,63.50,20.778
83813,16233,58.00,18.978
83821,32893,63.50,20.778
83823,16233,58.00,18.978
83831,32893,63.50,20.778
83833,16233,58.00,18.978
83841,32893,63.50,20.778
83843,16233,58.00,18.978
83851,32893,63.50,20.778
83853,16233,58.00,18.978
83861,32893,63.50,20.778
83864,16233,58.00,18.978
83871,32893,63.50,20.778
83873,16233,58.00,18.978
83881,32893,63.50,20.778
83883,16233,58.00,18.978
83892,32893,63.50,20.778
83893,16233,58.00,18.978
83901,32893,63.50,20.778
83903,16233,58.00,18.978
83911,32893,63.50,20.778
83913,16233,58.00,18.978
83922,32893,63.50,20.778
83923,16233,58.00,18.978
83931,32893,63.50,20.778
83933,16233,58.00,18.978
83941,32893,63.50,20.778
83943,16233,58.00,18.978
83951,32893,63.50,20.778
83953,16233,58.00,18.978
83961,32893,63.50,20.778
83963,16233,58.00,18.978
83971,32893,63.50,20.778
83973,16233,58.00,18.978
83981,32893,63.50,20.778
83983,16233,58.00,18.978
83991,32893,63.50,20.778
83993,16233,58.00,18.978
84001,32893,63.50,20.778
84003,16233,58.00,18.978
84011,32893,63.50,20.778
84013,16233,58.00,18.978
84021,32893,63.50,20.778
84023,16233,58.00,18.978
84031,32893,63.50,20.778
84033,16233,58.00,18.978
84041,32893,63.50,20.778
84043,16233,58.00,18.978
84051,32893,63.50,20.778
84053,16233,58.00,18.978
84061,32893,63.50,20.778
84063,16233,58.00,18.978
84071,32893,63.50,20.778
84073,16233,58.00,18.978
84081,32893,63.50,20.778
84083,16233,58.00,18.978
84091,32893,63.50,20.778
84094,16233,58.00,18.978
84101,32893,63.50,20.778
84103,16233,58.00,18.978
84111,32893,63.50,20.778
84114,16233,58.00,18.978
84121,32893,63.50,20.778
84123,16233,58.00,18.978
84131,32893,63.50,20.778
84133,16233,58.00,18.978
84141,32893,63.50,20.778
84143,16233,58.00,18.978
84151,32893,63.50,20.778
84153,16233,58.00,18.978
84161,32893,63.50,20.778
84163,16233,58.00,18.978
84171,32893,63.50,20.778
84173,16233,58.00,18.978
84181,32893,63.50,20.778
84183,16233,58.00,18.978
84191,32893,63.50,20.778
84193,16233,58.00,18.978
84201,32893,63.50,20.778
84204,16233,58.00,18.978
84211,32893,63.50,20.778
84213,16233,58.00,18.978
84221,32893,63.50,20.778
84223,16233,58.00,18.978
84231,32893,63.50,20.778
84233,16233,58.00,18.978
84241,32893,63.50,20.778
84243,16233,58.00,18.978
84251,32893,63.50,20.778
84253,16233,58.00,18.978
84261,32893,63.50,20.778
84263,16233,58.00,18.978
84271,32893,63.50,20.778
84273,16233,58.00,18.978
84281,32893,63.50,20.778
84283,16233,58.00,18.978
84291,32893,63.50,20.778
84293,16233,58.00,18.978
84301,32893,63.50,20.778
84303,16233,58.00,18.978
84311,32893,63.50,20.778
84313,16233,58.00,18.978
84321,32893,63.50,20.778
84323,16233,58.00,18.978
84331,32893,63.50,20.778
84333,16233,58.00,18.978
84341,32893,63.50,20.778
84343,16233,58.00,18.978
84351,32893,63.50,20.778
84353,16233,58.00,18.978
84361,32893,63.50,20.778
84363,16233,58.00,18.978
84371,32893,63.50,20.778
84373,16233,58.00,18.978
84381,32893,63.50,20.778
84383,16233,58.00,18.978
84391,32893,63.50,20.778
84393,16233,58.00,18.978
84401,32893,63.50,20.778
84403,16233,58.00,18.978
84411,32893,63.50,20.778
84413,16233,58.00,18.978
84421,32893,63.50,20.778
84423,16233,58.00,18.978
84431,32893,63.50,20.778
84433,16233,58.00,18.978
84441,32893,63.50,20.778
84443,16233,58.00,18.978
84451,32893,63.50,20.778
84453,16233,58.00,18.978
84461,32893,63.50,20.778
84463,16233,58.00,18.978
84471,32893,63.50,20.778
84473,16233,58.00,18.978
84481,32893,63.50,20.778
84483,16233,58.00,18.978
84491,32893,63.50,20.778
84493,16233,58.00,18.978
84501,32893,63.50,20.778
84503,16233,58.00,18.978
84511,32893,63.50,20.778
84513,16233,58.00,18.978
84521,32893,63.50,20.778
84523,16233,58.00,18.978
84531,32893,63.50,20.778
84533,16233,58.00,18.978
84541,32893,63.50,20.778
84543,16233,58.00,18.978
84551,32893,63.50,20.778
84553,16233,58.00,18.978
84561,32893,63.50,20.778
84563,16233,58.00,18.978
84571,32893,63.50,20.778
84573,16233,58.00,18.978
84581,32893,63.50,20.778
84583,16233,58.00,18.978
84591,32893,63.50,20.778
84593,16233,58.00,18.978
84601,32893,63.50,20.778
84603,16233,58.00,18.978
84611,32893,63.50,20.778
84613,16233,58.00,18.978
84621,32893,63.50,20.778
84623,16233,58.00,18.978
84631,32893,63.50,20.778
84633,16233,58.00,18.978
84641,32893,63.50,20.778
84643,16233,58.00,18.978
84651,32893,63.50,20.778
84653,16233,58.00,18.978
84661,32893,63.50,20.778
84663,16233,58.00,18.978
84671,32893,63.50,20.778
84673,16233,58.00,18.978
84681,32893,63.50,20.778
84683,16233,58.00,18.978
84691,32893,63.50,20.778
84694,16233,58.00,18.978
84701,32893,63.50,20.778
84703,16233,58.00,18.978
84711,32893,63.50,20.778
84713,16233,58.00,18.978
84721,32893,63.50,20.778
84724,16233,58.00,18.978
84731,32893,63.50,20.778
84733,16233,58.00,18.978
84741,32893,63.50,20.778
84743,16233,58.00,18.978
84751,32893,63.50,20.778
84753,16233,58.00,18.978
84761,32893,63.50,20.778
84763,16233,58.00,18.978
84771,32893,63.50,20.778
84773,16233,58.00,18.978
84781,32893,63.50,20.778
84783,16233,58.00,18.978
84791,32893,63.50,20.778
84794,16233,58.00,18.978
84801,32893,63.50,20.778
84803,16233,58.00,18.978
84811,32893,63.50,20.778
84813,16233,58.00,18.978
84821,32893,63.50,20.778
84823,16233,58.00,18.978
84831,32893,63.50,20.778
84833,16233,58.00,18.978
84841,32893,63.50,20.778
84843,16233,58.00,18.978
84851,32893,63.50,20.778
84853,16233,58.00,18.978
84861,32893,63.50,20.778
84864,16233,58.00,18.978
84872,32893,63.50,20.778
84873,16233,58.00,18.978
84881,32893,63.50,20.778
84883,16233,58.00,18.978
84891,32893,63.50,20.778
84894,16233,58.00,18.978
84901,32893,63.50,20.778
84903,16233,58.00,18.978
84911,32893,63.50,20.778
84913,16233,58.00,18.978
84921,32893,63.50,20.778
84923,16233,58.00,18.978
84931,32893,63.50,20.778
84933,16233,58.00,18.978
84941,32893,63.50,20.778
84943,16233,58.00,18.978
84951,32893,63.50,20.778
84953,16233,58.00,18.978
84961,32893,63.50,20.778
84963,16233,58.00,18.978
84971,32893,63.50,20.778
84973,16233,58.00,18.978
84981,32893,63.50,20.778
84983,16233,58.00,18.978
84991,32893,63.50,20.778
84993,16233,58.00,18.978
85001,32893,63.50,20.778
85004,16233,58.00,18.978
85011,32893,63.50,20.778
85013,16233,58.00,18.978
85021,32893,63.50,20.778
85023,16233,58.00,18.978
85031,32893,63.50,20.778
85033,16233,58.00,18.978
85041,32893,63.50,20.778
85043,16233,58.00,18.978
85051,32893,63.50,20.778
85053,16233,58.00,18.978
85061,32893,63.50,20.778
85063,16233,58.00,18.978
85071,32893,63.50,20.778
85073,16233,58.00,18.978
85081,32893,63.50,20.778
85083,16233,58.00,18.978
85091,32893,63.50,20.778
85093,16233,58.00,18.978
85101,32893,63.50,20.778
85103,16233,58.00,18.978
85111,32893,63.50,20.778
85113,16233,58.00,18.978
85121,32893,63.50,20.778
85123,16233,58.00,18.978
85131,32893,63.50,20.778
85133,16233,58.00,18.978
85141,32893,63.50,20.778
85143,16233,58.00,18.978
85151,32893,63.50,20.778
85153,16233,58.00,18.978
85161,32893,63.50,20.778
85163,16233,58.00,18.978
85171,32893,63.50,20.778
85174,16233,58.00,18.978
85181,32893,63.50,20.778
85184,16233,58.00,18.978
85191,32893,63.50,20.778
85193,16233,58.00,18.978
85201,32893,63.50,20.778
85203,16233,58.00,18.978
85211,32893,63.50,20.778
85214,16233,58.00,18.978
85221,32893,63.50,20.778
85224,16233,58.00,18.978
85231,32893,63.50,20.778
85233,16233,58.00,18.978
85241,32893,63.50,20.778
85244,16233,58.00,18.978
85251,32893,63.50,20.778
85253,16233,58.00,18.978
85261,32893,63.50,20.778
85263,16233,58.00,18.978
85271,32893,63.50,20.778
85273,16233,58.00,18.978
85281,32893,63.50,20.778
85283,16233,58.00,18.978
85291,32893,63.50,20.778
85293,16233,58.00,18.978
85301,32893,63.50,20.778
85303,16233,58.00,18.978
85311,32893,63.50,20.778
85313,16233,58.00,18.978
85321,32893,63.50,20.778
85323,16233,58.00,18.978
85331,32893,63.50,20.778
85333,16233,58.00,18.978
85341,32893,63.50,20.778
85343,16233,58.00,18.978
85351,32893,63.50,20.778
85353,16233,58.00,18.978
85361,32893,63.50,20.778
85363,16233,58.00,18.978
85371,32893,63.50,20.778
85373,16233,58.00,18.978
85381,32893,63.50,20.778
85383,16233,58.00,18.978
85392,32893,63.50,20.778
85393,16233,58.00,18.978
85401,32893,63.50,20.778
85403,16233,58.00,18.978
85411,32893,63.50,20.778
85413,16233,58.00,18.978
85421,32893,63.50,20.778
85423,16233,58.00,18.978
85431,32893,63.50,20.778
85433,16233,58.00,18.978
85441,32893,63.50,20.778
85443,16233,58.00,18.978
85451,32893,63.50,20.778
85453,16233,58.00,18.978
85461,32893,63.50,20.778
85463,16233,58.00,18.978
85471,32893,63.50,20.778
85473,16233,58.00,18.978
85481,32893,63.50,20.778
85483,16233,58.00,18.978
85492,32893,63.50,20.778
85493,16233,58.00,18.978
85501,32893,63.50,20.778
85503,16233,58.00,18.978
85511,32893,63.50,20.778
85513,16233,58.00,18.978
85521,32893,63.50,20.778
85523,16233,58.00,18.978
85531,32893,63.50,20.778
85533,16233,58.00,18.978
85541,32893,63.50,20.778
85543,16233,58.00,18.978
85551,32893,63.50,20.778
85553,16233,58.00,18.978
85562,32893,63.50,20.778
85563,16233,58.00,18.978
85571,32893,63.50,20.778
85573,16233,58.00,18.978
85581,32893,63.50,20.778
85583,16233,58.00,18.978
85591,32893,63.50,20.778
85593,16233,58.00,18.978
85601,32893,63.50,20.778
85603,16233,58.00,18.978
85611,32893,63.50,20.778
85613,16233,58.00,18.978
85621,32893,63.50,20.778
85624,16233,58.00,18.978
85631,32893,63.50,20.778
85633,16233,58.00,18.978
85641,32893,63.50,20.778
85643,16233,58.00,18.978
85651,32893,59.00,19.305
85653,16233,58.00,18.978
85661,32893,59.00,19.305
85663,16233,58.00,18.978
85671,32893,59.00,19.305
85673,16233,58.00,18.978
85681,32893,59.00,19.305
85683,16233,58.00,18.978
85691,32893,59.00,19.305
85693,16233,58.00,18.978
85701,32893,59.00,19.305
85703,16233,58.00,18.978
85711,32893,59.00,19.305
85713,16233,58.00,18.978
85721,32893,59.00,19.305
85723,16233,58.00,18.978
85731,32893,59.00,19.305
85733,16233,58.00,18.978
85741,32893,59.00,19.305
85744,16233,58.00,18.978
85751,32893,59.00,19.305
85753,16233,58.00,18.978
85761,32893,59.00,19.305
85763,16233,58.00,18.978
85771,32893,59.00,19.305
85773,16233,58.00,18.978
85781,32893,59.00,19.305
85783,16233,58.00,18.978
85791,32893,59.00,19.305
85794,16233,58.00,18.978
85801,32893,59.00,19.305
85803,16233,58.00,18.978
85811,32893,59.00,19.305
85813,16233,58.00,18.978
85821,32893,59.00,19.305
85823,16233,58.00,18.978
85831,32893,59.00,19.305
85833,16233,58.00,18.978
85841,32893,59.00,19.305
85843,16233,58.00,18.978
85851,32893,59.00,19.305
85853,16233,58.00,18.978
85861,32893,59.00,19.305
85863,16233,58.00,18.978
85872,32893,59.00,19.305
85873,16233,58.00,18.978
85881,32893,59.00,19.305
85883,16233,58.00,18.978
85891,32893,59.00,19.305
85894,16233,58.00,18.978
85901,32893,59.00,19.305
85903,16233,58.00,18.978
85911,32893,59.00,19.305
85913,16233,58.00,18.978
85921,32893,59.00,19.305
85923,16233,58.00,18.978
85931,32893,59.00,19.305
85933,16233,58.00,18.978
85941,32893,59.00,19.305
85943,16233,58.00,18.978
85951,32893,59.00,19.305
85953,16233,58.00,18.978
85961,32893,59.00,19.305
85963,16233,58.00,18.978
85971,32893,59.00,19.305
85973,16233,58.00,18.978
85981,32893,59.00,19.305
85983,16233,58.00,18.978
85991,32893,59.00,19.305
85993,16233,58.00,18.978
86001,32893,59.00,19.305
86003,16233,58.00,18.978
86011,32893,59.00,19.305
86013,16233,58.00,18.978
86021,32893,59.00,19.305
86023,16233,58.00,18.978
86031,32893,59.00,19.305
86033,16233,58.00,18.978
86041,32893,59.00,19.305
86043,16233,58.00,18.978
86051,32893,59.00,19.305
86053,16233,58.00,18.978
86061,32893,59.00,19.305
86064,16233,58.00,18.978
86071,32893,59.00,19.305
86073,16233,58.00,18.978
86081,32893,59.00,19.305
86083,16233,58.00,18.978
86091,32893,59.00,19.305
86093,16233,58.00,18.978
86101,32893,59.00,19.305
86103,16233,58.00,18.978
86111,32893,59.00,19.305
86113,16233,58.00,18.978
86121,32893,59.00,19.305
86123,16233,58.00,18.978
86131,32893,59.00,19.305
86133,16233,58.00,18.978
86141,32893,59.00,19.305
86143,16233,58.00,18.978
86151,32893,59.00,19.305
86153,16233,58.00,18.978
86161,32893,59.00,19.305
86163,16233,58.00,18.978
86171,32893,59.00,19.305
86173,16233,58.00,18.978
86181,32893,59.00,19.305
86183,16233,58.00,18.978
86191,32893,59.00,19.305
86193,16233,58.00,18.978
86201,32893,59.00,19.305
86203,16233,58.00,18.978
86211,32893,59.00,19.305
86213,16233,58.00,18.978
86221,32893,59.00,19.305
86223,16233,58.00,18.978
86231,32893,59.00,19.305
86233,16233,58.00,18.978
86241,32893,59.00,19.305
86243,16233,58.00,18.978
86251,32893,59.00,19.305
86254,16233,58.00,18.978
86261,32893,59.00,19.305
86263,16233,58.00,18.978
86271,32893,59.00,19.305
86273,16233,58.00,18.978
86281,32893,59.00,19.305
86283,16233,58.00,18.978
86291,32893,59.00,19.305
86293,16233,58.00,18.978
86301,32893,59.00,19.305
86303,16233,58.00,18.978
86311,32893,59.00,19.305
86313,16233,58.00,18.978
86322,32893,59.00,19.305
86323,16233,58.00,18.978
86331,32893,59.00,19.305
86333,16233,58.00,18.978
86341,32893,59.00,19.305
86343,16233,58.00,18.978
86351,32893,59.00,19.305
86353,16233,58.00,18.978
86362,32893,59.00,19.305
86363,16233,58.00,18.978
86371,32893,59.00,19.305
86373,16233,58.00,18.978
86381,32893,59.00,19.305
86383,16233,58.00,18.978
86391,32893,59.00,19.305
86393,16233,58.00,18.978
86401,32893,59.00,19.305
86403,16233,58.00,18.978
86411,32893,59.00,19.305
86413,16233,58.00,18.978
86421,32893,59.00,19.305
86423,16233,58.00,18.978
86431,32893,59.00,19.305
86433,16233,58.00,18.978
86441,32893,59.00,19.305
86443,16233,58.00,18.978
86451,32893,59.00,19.305
86453,16233,58.00,18.978
86461,32893,59.00,19.305
86463,16233,58.00,18.978
86471,32893,59.00,19.305
86473,16233,58.00,18.978
86481,32893,59.00,19.305
86483,16233,58.00,18.978
86491,32893,59.00,19.305
86493,16233,58.00,18.978
86501,32893,59.00,19.305
86503,16233,58.00,18.978
86511,32893,59.00,19.305
86513,16233,58.00,18.978
86521,32893,59.00,19.305
86523,16233,58.00,18.978
86531,32893,59.00,19.305
86533,16233,58.00,18.978
86541,32893,59.00,19.305
86543,16233,58.00,18.978
86551,32893,59.00,19.305
86553,16233,58.00,18.978
86561,32893,59.00,19.305
86563,16233,63.50,20.778
86571,32893,59.00,19.305
86573,16233,63.50,20.778
86581,32893,59.00,19.305
86583,16233,63.50,20.778
86591,32893,59.00,19.305
86593,16233,63.50,20.778
86601,32893,59.00,19.305
86603,16233,63.50,20.778
86611,32893,59.00,19.305
86613,16233,63.50,20.778
86621,32893,59.00,19.305
86623,16233,63.50,20.778
86631,32893,59.00,19.305
86633,16233,63.50,20.778
86641,32893,59.00,19.305
86643,16233,63.50,20.778
86651,32893,59.00,19.305
86653,16233,63.50,20.778
86661,32893,59.00,19.305
86663,16233,63.50,20.778
86671,32893,59.00,19.305
86673,16233,63.50,20.778
86681,32893,59.00,19.305
86683,16233,63.50,20.778
86691,32893,59.00,19.305
86693,16233,63.50,20.778
86701,32893,59.00,19.305
86703,16233,63.50,20.778
86711,32893,59.00,19.305
86713,16233,63.50,20.778
86721,32893,59.00,19.305
86724,16233,63.50,20.778
86732,32893,59.00,19.305
86733,16233,63.50,20.778
86741,32893,59.00,19.305
86743,16233,63.50,20.778
86751,32893,59.00,19.305
86753,16233,63.50,20.778
86761,32893,59.00,19.305
86763,16233,63.50,20.778
86771,32893,59.00,19.305
86773,16233,63.50,20.778
86781,32893,59.00,19.305
86784,16233,63.50,20.778
86791,32893,59.00,19.305
86794,16233,63.50,20.778
86801,32893,59.00,19.305
86803,16233,63.50,20.778
86811,32893,59.00,19.305
86813,16233,63.50,20.778
86821,32893,59.00,19.305
86823,16233,63.50,20.778
86831,32893,59.00,19.305
86833,16233,63.50,20.778
86841,32893,59.00,19.305
86843,16233,63.50,20.778
86851,32893,59.00,19.305
86853,16233,63.50,20.778
86861,32893,59.00,19.305
86863,16233,63.50,20.778
86872,32893,59.00,19.305
86873,16233,63.50,20.778
86881,32893,59.00,19.305
86883,16233,63.50,20.778
86891,32893,59.00,19.305
86893,16233,63.50,20.778
86901,32893,59.00,19.305
86903,16233,63.50,20.778
86911,32893,59.00,19.305
86913,16233,63.50,20.778
86921,32893,59.00,19.305
86923,16233,63.50,20.778
86931,32893,59.00,19.305
86933,16233,63.50,20.778
86941,32893,59.00,19.305
86943,16233,63.50,20.778
86951,32893,59.00,19.305
86953,16233,63.50,20.778
86961,32893,59.00,19.305
86963,16233,63.50,20.778
86971,32893,59.00,19.305
86973,16233,63.50,20.778
86981,32893,59.00,19.305
86983,16233,63.50,20.778
86991,32893,59.00,19.305
86993,16233,63.50,20.778
87001,32893,59.00,19.305
87003,16233,63.50,20.778
87011,32893,59.00,19.305
87013,16233,63.50,20.778
87021,32893,59.00,19.305
87023,16233,63.50,20.778
87031,32893,59.00,19.305
87033,16233,63.50,20.778
87041,32893,59.00,19.305
87043,16233,63.50,20.778
87051,32893,59.00,19.305
87053,16233,63.50,20.778
87061,32893,59.00,19.305
87063,16233,63.50,20.778
87071,32893,59.00,19.305
87074,16233,63.50,20.778
87081,32893,59.00,19.305
87083,16233,63.50,20.778
87091,32893,59.00,19.305
87093,16233,63.50,20.778
87101,32893,59.00,19.305
87103,16233,63.50,20.778
87111,32893,59.00,19.305
87113,16233,63.50,20.778
87121,32893,59.00,19.305
87123,16233,63.50,20.778
87131,32893,59.00,19.305
87133,16233,63.50,20.778
87141,32893,59.00,19.305
87143,16233,63.50,20.778
87151,32893,59.00,19.305
87153,16233,63.50,20.778
87161,32893,59.00,19.305
87164,16233,63.50,20.778
87171,32893,59.00,19.305
87173,16233,63.50,20.778
87181,32893,59.00,19.305
87183,16233,63.50,20.778
87191,32893,59.00,19.305
87193,16233,63.50,20.778
87201,32893,59.00,19.305
87203,16233,63.50,20.778
87211,32893,59.00,19.305
87214,16233,63.50,20.778
87221,32893,59.00,19.305
87223,16233,63.50,20.778
87231,32893,59.00,19.305
87233,16233,63.50,20.778
87241,32893,59.00,19.305
87243,16233,63.50,20.778
87251,32893,59.00,19.305
87253,16233,63.50,20.778
87261,32893,59.00,19.305
87263,16233,63.50,20.778
87271,32893,59.00,19.305
87274,16233,63.50,20.778
87281,32893,59.00,19.305
87283,16233,63.50,20.778
87291,32893,59.00,19.305
87293,16233,63.50,20.778
87301,32893,59.00,19.305
87303,16233,63.50,20.778
87311,32893,59.00,19.305
87313,16233,63.50,20.778
87321,32893,59.00,19.305
87324,16233,63.50,20.778
87331,32893,59.00,19.305
87333,16233,63.50,20.778
87341,32893,59.00,19.305
87343,16233,63.50,20.778
87351,32893,59.00,19.305
87353,16233,63.50,20.778
87361,32893,59.00,19.305
87363,16233,63.50,20.778
87371,32893,59.00,19.305
87373,16233,63.50,20.778
87381,32893,59.00,19.305
87383,16233,63.50,20.778
87391,32893,59.00,19.305
87393,16233,63.50,20.778
87401,32893,59.00,19.305
87404,16233,63.50,20.778
87411,32893,59.00,19.305
87413,16233,63.50,20.778
87421,32893,59.00,19.305
87423,16233,63.50,20.778
87431,32893,59.00,19.305
87433,16233,63.50,20.778
87441,32893,59.00,19.305
87443,16233,63.50,20.778
87451,32893,59.00,19.305
87453,16233,63.50,20.778
87461,32893,59.00,19.305
87463,16233,63.50,20.778
87471,32893,59.00,19.305
87473,16233,63.50,20.778
87481,32893,59.00,19.305
87483,16233,63.50,20.778
87491,32893,59.00,19.305
87493,16233,63.50,20.778
87501,32893,59.00,19.305
87503,16233,63.50,20.778
87511,32893,59.00,19.305
87513,16233,63.50,20.778
87521,32893,59.00,19.305
87523,16233,63.50,20.778
87531,32893,59.00,19.305
87533,16233,63.50,20.778
87541,32893,59.00,19.305
87544,16233,63.50,20.778
87551,32893,59.00,19.305
87553,16233,63.50,20.778
87561,32893,59.00,19.305
87563,16233,63.50,20.778
87572,32893,59.00,19.305
87574,16233,63.50,20.778
87581,32893,59.00,19.305
87583,16233,63.50,20.778
87591,32893,59.00,19.305
87593,16233,63.50,20.778
87601,32893,59.00,19.305
87603,16233,63.50,20.778
87611,32893,59.00,19.305
87613,16233,63.50,20.778
87621,32893,59.00,19.305
87623,16233,63.50,20.778
87631,32893,59.00,19.305
87633,16233,63.50,20.778
87641,32893,59.00,19.305
87643,16233,63.50,20.778
87651,32893,59.00,19.305
87653,16233,63.50,20.778
87661,32893,59.00,19.305
87663,16233,63.50,20.778
87671,32893,59.00,19.305
87673,16233,63.50,20.778
87681,32893,59.00,19.305
87683,16233,63.50,20.778
87691,32893,59.00,19.305
87693,16233,63.50,20.778
87701,32893,59.00,19.305
87703,16233,63.50,20.778
87711,32893,59.00,19.305
87713,16233,63.50,20.778
87721,32893,59.00,19.305
87724,16233,63.50,20.778
87731,32893,59.00,19.305
87733,16233,63.50,20.778
87741,32893,59.00,19.305
87743,16233,63.50,20.778
87751,32893,59.00,19.305
87753,16233,63.50,20.778
87762,32893,59.00,19.305
87763,16233,63.50,20.778
87771,32893,59.00,19.305
87773,16233,63.50,20.778
87781,32893,59.00,19.305
87783,16233,63.50,20.778
87791,32893,59.00,19.305
87793,16233,63.50,20.778
87801,32893,59.00,19.305
87803,16233,63.50,20.778
87811,32893,59.00,19.305
87813,16233,63.50,20.778
87821,32893,59.00,19.305
87823,16233,63.50,20.778
87831,32893,59.00,19.305
87833,16233,63.50,20.778
87841,32893,59.00,19.305
87843,16233,63.50,20.778
87851,32893,59.00,19.305
87853,16233,63.50,20.778
87861,32893,59.00,19.305
87863,16233,63.50,20.778
87871,32893,59.00,19.305
87873,16233,63.50,20.778
87881,32893,59.00,19.305
87883,16233,63.50,20.778
87891,32893,59.00,19.305
87893,16233,63.50,20.778
87901,32893,59.00,19.305
87903,16233,63.50,20.778
87911,32893,59.00,19.305
87913,16233,63.50,20.778
87921,32893,59.00,19.305
87924,16233,63.50,20.778
87931,32893,59.00,19.305
87933,16233,63.50,20.778
87941,32893,59.00,19.305
87943,16233,63.50,20.778
87951,32893,59.00,19.305
87953,16233,63.50,20.778
87961,32893,59.00,19.305
87964,16233,63.50,20.778
87971,32893,59.00,19.305
87974,16233,63.50,20.778
87981,32893,59.00,19.305
87983,16233,63.50,20.778
87991,32893,59.00,19.305
87993,16233,63.50,20.778
88001,32893,59.00,19.305
88003,16233,63.50,20.778
88011,32893,59.00,19.305
88013,16233,63.50,20.778
88021,32893,59.00,19.305
88023,16233,63.50,20.778
88031,32893,59.00,19.305
88033,16233,63.50,20.778
88041,32893,59.00,19.305
88043,16233,63.50,20.778
88051,32893,59.00,19.305
88053,16233,63.50,20.778
88061,32893,59.00,19.305
88063,16233,63.50,20.778
88071,32893,59.00,19.305
88074,16233,63.50,20.778
88081,32893,59.00,19.305
88083,16233,63.50,20.778
88091,32893,59.00,19.305
88093,16233,63.50,20.778
88101,32893,59.00,19.305
88103,16233,63.50,20.778
88111,32893,59.00,19.305
88113,16233,63.50,20.778
88121,32893,59.00,19.305
88124,16233,63.50,20.778
88132,32893,59.00,19.305
88133,16233,63.50,20.778
88141,32893,59.00,19.305
88143,16233,63.50,20.778
88151,32893,59.00,19.305
88153,16233,63.50,20.778
88161,32893,59.00,19.305
88163,16233,63.50,20.778
88171,32893,59.00,19.305
88173,16233,63.50,20.778
88181,32893,59.00,19.305
88183,16233,63.50,20.778
88191,32893,59.00,19.305
88193,16233,63.50,20.778
88201,32893,59.00,19.305
88203,16233,63.50,20.778
88211,32893,59.00,19.305
88213,16233,63.50,20.778
88221,32893,59.00,19.305
88224,16233,63.50,20.778
88231,32893,59.00,19.305
88234,16233,63.50,20.778
88242,32893,59.00,19.305
88243,16233,63.50,20.778
88251,32893,59.00,19.305
88253,16233,63.50,20.778
88261,32893,59.00,19.305
88263,16233,63.50,20.778
88272,32893,59.00,19.305
88273,16233,63.50,20.778
88281,32893,59.00,19.305
88283,16233,63.50,20.778
88291,32893,59.00,19.305
88293,16233,63.50,20.778
88302,32893,59.00,19.305
88303,16233,63.50,20.778
88311,32893,59.00,19.305
88313,16233,63.50,20.778
88321,32893,59.00,19.305
88324,16233,63.50,20.778
88332,32893,59.00,19.305
88334,16233,63.50,20.778
88341,32893,59.00,19.305
88343,16233,63.50,20.778
88351,32893,59.00,19.305
88353,16233,63.50,20.778
88361,32893,59.00,19.305
88364,16233,63.50,20.778
88371,32893,59.00,19.305
88373,16233,63.50,20.778
88381,32893,59.00,19.305
88383,16233,63.50,20.778
88392,32893,59.00,19.305
88394,16233,63.50,20.778
88401,32893,59.00,19.305
88403,16233,63.50,20.778
88411,32893,59.00,19.305
88413,16233,63.50,20.778
88422,32893,59.00,19.305
88424,16233,63.50,20.778
88431,32893,59.00,19.305
88433,16233,63.50,20.778
88441,32893,59.00,19.305
88443,16233,63.50,20.778
88451,32893,59.00,19.305
88453,16233,63.50,20.778
88461,32893,59.00,19.305
88463,16233,63.50,20.778
88471,32893,59.00,19.305
88473,16233,63.50,20.778
88481,32893,59.00,19.305
88483,16233,63.50,20.778
88491,32893,59.00,19.305
88493,16233,63.50,20.778
88501,32893,59.00,19.305
88503,16233,63.50,20.778
88511,32893,59.00,19.305
88513,16233,63.50,20.778
88521,32893,59.00,19.305
88523,16233,63.50,20.778
88531,32893,59.00,19.305
88533,16233,63.50,20.778
88541,32893,59.00,19.305
88543,16233,63.50,20.778
88551,32893,59.00,19.305
88553,16233,63.50,20.778
88561,32893,59.00,19.305
88563,16233,63.50,20.778
88572,32893,59.00,19.305
88574,16233,63.50,20.778
88581,32893,59.00,19.305
88584,16233,63.50,20.778
88591,32893,59.00,19.305
88593,16233,63.50,20.778
88601,32893,59.00,19.305
88603,16233,63.50,20.778
88611,32893,59.00,19.305
88613,16233,63.50,20.778
88621,32893,59.00,19.305
88623,16233,63.50,20.778
88632,32893,59.00,19.305
88634,16233,63.50,20.778
88641,32893,59.00,19.305
88643,16233,63.50,20.778
88651,32893,59.00,19.305
88653,16233,63.50,20.778
88661,32893,59.00,19.305
88663,16233,63.50,20.778
88671,32893,59.00,19.305
88673,16233,63.50,20.778
88681,32893,59.00,19.305
88683,16233,63.50,20.778
88691,32893,59.00,19.305
88693,16233,63.50,20.778
88702,32893,59.00,19.305
88703,16233,63.50,20.778
88711,32893,59.00,19.305
88713,16233,63.50,20.778
88721,32893,59.00,19.305
88723,16233,63.50,20.778
88731,32893,59.00,19.305
88733,16233,63.50,20.778
88741,32893,59.00,19.305
88743,16233,63.50,20.778
88751,32893,59.00,19.305
88753,16233,63.50,20.778
88761,32893,59.00,19.305
88763,16233,63.50,20.778
88771,32893,59.00,19.305
88773,16233,63.50,20.778
88781,32893,59.00,19.305
88783,16233,63.50,20.778
88791,32893,59.00,19.305
88794,16233,63.50,20.778
88801,32893,59.00,19.305
88803,16233,63.50,20.778
88811,32893,59.00,19.305
88813,16233,63.50,20.778
88821,32893,59.00,19.305
88823,16233,63.50,20.778
88831,32893,59.00,19.305
88833,16233,63.50,20.778
88842,32893,59.00,19.305
88843,16233,63.50,20.778
88851,32893,59.00,19.305
88853,16233,63.50,20.778
88861,32893,59.00,19.305
88863,16233,63.50,20.778
88872,32893,59.00,19.305
88873,16233,63.50,20.778
88881,32893,59.00,19.305
88883,16233,63.50,20.778
88891,32893,59.00,19.305
88893,16233,63.50,20.778
88901,32893,59.00,19.305
88903,16233,63.50,20.778
88911,32893,59.00,19.305
88913,16233,63.50,20.778
88921,32893,59.00,19.305
88923,16233,63.50,20.778
88931,32893,59.00,19.305
88933,16233,63.50,20.778
88941,32893,59.00,19.305
88943,16233,63.50,20.778
88951,32893,59.00,19.305
88953,16233,63.50,20.778
88961,32893,59.00,19.305
88963,16233,63.50,20.778
88971,32893,59.00,19.305
88973,16233,63.50,20.778
88981,32893,59.00,19.305
88983,16233,63.50,20.778
88991,32893,59.00,19.305
88993,16233,63.50,20.778
89001,32893,59.00,19.305
89004,16233,63.50,20.778
89011,32893,59.00,19.305
89013,16233,63.50,20.778
89021,32893,59.00,19.305
89023,16233,63.50,20.778
89031,32893,59.00,19.305
89033,16233,63.50,20.778
89041,32893,59.00,19.305
89043,16233,63.50,20.778
89051,32893,59.00,19.305
89053,16233,63.50,20.778
89061,32893,59.00,19.305
89063,16233,63.50,20.778
89071,32893,59.00,19.305
89073,16233,63.50,20.778
89081,32893,59.00,19.305
89083,16233,63.50,20.778
89091,32893,59.00,19.305
89093,16233,63.50,20.778
89101,32893,59.00,19.305
89103,16233,63.50,20.778
89111,32893,59.00,19.305
89113,16233,63.50,20.778
89121,32893,59.00,19.305
89123,16233,63.50,20.778
89131,32893,59.00,19.305
89133,16233,63.50,20.778
89141,32893,59.00,19.305
89143,16233,63.50,20.778
89151,32893,59.00,19.305
89153,16233,63.50,20.778
89161,32893,59.00,19.305
89163,16233,63.50,20.778
89171,32893,59.00,19.305
89173,16233,63.50,20.778
89181,32893,59.00,19.305
89183,16233,63.50,20.778
89191,32893,59.00,19.305
89193,16233,63.50,20.778
89201,32893,59.00,19.305
89203,16233,63.50,20.778
89211,32893,59.00,19.305
89213,16233,63.50,20.778
89221,32893,59.00,19.305
89223,16233,63.50,20.778
89231,32893,59.00,19.305
89233,16233,63.50,20.778
89241,32893,59.00,19.305
89243,16233,63.50,20.778
89251,32893,59.00,19.305
89253,16233,63.50,20.778
89261,32893,59.00,19.305
89263,16233,63.50,20.778
89271,32893,59.00,19.305
89273,16233,63.50,20.778
89281,32893,59.00,19.305
89283,16233,63.50,20.778
89291,32893,59.00,19.305
89293,16233,63.50,20.778
89301,32893,59.00,19.305
89303,16233,63.50,20.778
89311,32893,59.00,19.305
89313,16233,63.50,20.778
89321,32893,59.00,19.305
89323,16233,63.50,20.778
89331,32893,59.00,19.305
89333,16233,63.50,20.778
89341,32893,59.00,19.305
89343,16233,63.50,20.778
89351,32893,59.00,19.305
89353,16233,63.50,20.778
89361,32893,59.00,19.305
89363,16233,63.50,20.778
89371,32893,59.00,19.305
89373,16233,63.50,20.778
89381,32893,59.00,19.305
89383,16233,63.50,20.778
89391,32893,59.00,19.305
89393,16233,63.50,20.778
89402,32893,59.00,19.305
89404,16233,63.50,20.778
89411,32893,59.00,19.305
89413,16233,63.50,20.778
89421,32893,59.00,19.305
89423,16233,63.50,20.778
89431,32893,59.00,19.305
89433,16233,63.50,20.778
89441,32893,59.00,19.305
89443,16233,63.50,20.778
89451,32893,59.00,19.305
89453,16233,63.50,20.778
89461,32893,59.00,19.305
89463,16233,63.50,20.778
89471,32893,59.00,19.305
89473,16233,63.50,20.778
89481,32893,59.00,19.305
89483,16233,63.50,20.778
89491,32893,59.00,19.305
89493,16233,63.50,20.778
89501,32893,59.00,19.305
89503,16233,63.50,20.778
89511,32893,59.00,19.305
89513,16233,63.50,20.778
89521,32893,59.00,19.305
89523,16233,63.50,20.778
89531,32893,59.00,19.305
89533,16233,63.50,20.778
89541,32893,59.00,19.305
89543,16233,63.50,20.778
89551,32893,59.00,19.305
89553,16233,63.50,20.778
89561,32893,59.00,19.305
89563,16233,63.50,20.778
89571,32893,59.00,19.305
89573,16233,63.50,20.778
89581,32893,59.00,19.305
89583,16233,63.50,20.778
89591,32893,59.00,19.305
89593,16233,63.50,20.778
89601,32893,59.00,19.305
89603,16233,63.50,20.778
89612,32893,59.00,19.305
89613,16233,63.50,20.778
89621,32893,59.00,19.305
89623,16233,63.50,20.778
89631,32893,59.00,19.305
89633,16233,63.50,20.778
89641,32893,59.00,19.305
89643,16233,63.50,20.778
89651,32893,59.00,19.305
89653,16233,63.50,20.778
89661,32893,63.50,20.778
89664,16233,63.50,20.778
89672,32893,63.50,20.778
89674,16233,63.50,20.778
89681,32893,63.50,20.778
89683,16233,63.50,20.778
89691,32893,63.50,20.778
89693,16233,63.50,20.778
89701,32893,63.50,20.778
89703,16233,63.50,20.778
89712,32893,63.50,20.778
89713,16233,63.50,20.778
89721,32893,63.50,20.778
89724,16233,63.50,20.778
89731,32893,63.50,20.778
89733,16233,63.50,20.778
89741,32893,63.50,20.778
89743,16233,63.50,20.778
89751,32893,63.50,20.778
89753,16233,63.50,20.778
89761,32893,63.50,20.778
89763,16233,63.50,20.778
89771,32893,63.50,20.778
89773,16233,63.50,20.778
89781,32893,63.50,20.778
89783,16233,63.50,20.778
89791,32893,63.50,20.778
89794,16233,63.50,20.778
89801,32893,63.50,20.778
89803,16233,63.50,20.778
89811,32893,63.50,20.778
89813,16233,63.50,20.778
89821,32893,63.50,20.778
89823,16233,63.50,20.778
89831,32893,63.50,20.778
89833,16233,63.50,20.778
89841,32893,63.50,20.778
89843,16233,63.50,20.778
89851,32893,63.50,20.778
89853,16233,63.50,20.778
89861,32893,63.50,20.778
89863,16233,63.50,20.778
89872,32893,63.50,20.778
89873,16233,63.50,20.778
89881,32893,63.50,20.778
89884,16233,63.50,20.778
89891,32893,63.50,20.778
89894,16233,63.50,20.778
89901,32893,63.50,20.778
89903,16233,63.50,20.778
89911,32893,63.50,20.778
89913,16233,63.50,20.778
89921,32893,63.50,20.778
89923,16233,63.50,20.778
89931,32893,63.50,20.778
89933,16233,63.50,20.778
89941,32893,63.50,20.778
89943,16233,63.50,20.778
89951,32893,63.50,20.778
89954,16233,63.50,20.778
89961,32893,63.50,20.778
89963,16233,63.50,20.778
89971,32893,63.50,20.778
89973,16233,63.50,20.778
89981,32893,63.50,20.778
89984,16233,63.50,20.778
89991,32893,63.50,20.778
89993,16233,63.50,20.778
