Time_ms,UE_ID,UL_SNR_dB,UL_SE_bit_per_s_Hz
0,32893,59.00,19.305
3,16233,63.50,20.778
11,32893,59.00,19.305
13,16233,63.50,20.778
20,32893,59.00,19.305
24,16233,63.50,20.778
30,32893,59.00,19.305
33,16233,63.50,20.778
40,32893,59.00,19.305
43,16233,63.50,20.778
50,32893,59.00,19.305
53,16233,63.50,20.778
61,32893,59.00,19.305
63,16233,63.50,20.778
70,32893,59.00,19.305
73,16233,63.50,20.778
80,32893,59.00,19.305
83,16233,63.50,20.778
90,32893,59.00,19.305
93,16233,63.50,20.778
101,32893,59.00,19.305
104,16233,63.50,20.778
110,32893,59.00,19.305
113,16233,63.50,20.778
120,32893,59.00,19.305
123,16233,63.50,20.778
130,32893,59.00,19.305
133,16233,63.50,20.778
140,32893,59.00,19.305
144,16233,63.50,20.778
150,32893,59.00,19.305
153,16233,63.50,20.778
161,32893,59.00,19.305
163,16233,63.50,20.778
170,32893,59.00,19.305
173,16233,63.50,20.778
181,32893,59.00,19.305
183,16233,63.50,20.778
190,32893,59.00,19.305
193,16233,63.50,20.778
200,32893,59.00,19.305
203,16233,63.50,20.778
211,32893,59.00,19.305
213,16233,63.50,20.778
220,32893,59.00,19.305
223,16233,63.50,20.778
231,32893,59.00,19.305
233,16233,63.50,20.778
241,32893,59.00,19.305
244,16233,63.50,20.778
250,32893,59.00,19.305
253,16233,63.50,20.778
261,32893,59.00,19.305
263,16233,63.50,20.778
270,32893,59.00,19.305
273,16233,63.50,20.778
281,32893,59.00,19.305
284,16233,63.50,20.778
291,32893,59.00,19.305
293,16233,63.50,20.778
300,32893,59.00,19.305
303,16233,63.50,20.778
310,32893,59.00,19.305
313,16233,63.50,20.778
320,32893,59.00,19.305
323,16233,63.50,20.778
330,32893,59.00,19.305
333,16233,63.50,20.778
340,32893,59.00,19.305
343,16233,63.50,20.778
350,32893,59.00,19.305
353,16233,63.50,20.778
360,32893,59.00,19.305
363,16233,63.50,20.778
371,32893,59.00,19.305
373,16233,63.50,20.778
380,32893,59.00,19.305
384,16233,63.50,20.778
391,32893,59.00,19.305
393,16233,63.50,20.778
400,32893,59.00,19.305
403,16233,63.50,20.778
410,32893,59.00,19.305
413,16233,63.50,20.778
420,32893,59.00,19.305
423,16233,63.50,20.778
431,32893,59.00,19.305
433,16233,63.50,20.778
440,32893,59.00,19.305
443,16233,63.50,20.778
450,32893,59.00,19.305
453,16233,63.50,20.778
461,32893,59.00,19.305
463,16233,63.50,20.778
471,32893,59.00,19.305
473,16233,63.50,20.778
481,32893,59.00,19.305
483,16233,63.50,20.778
490,32893,59.00,19.305
493,16233,63.50,20.778
501,32893,59.00,19.305
503,16233,63.50,20.778
510,32893,59.00,19.305
513,16233,63.50,20.778
520,32893,59.00,19.305
523,16233,63.50,20.778
530,32893,59.00,19.305
533,16233,63.50,20.778
540,32893,59.00,19.305
543,16233,63.50,20.778
550,32893,59.00,19.305
553,16233,63.50,20.778
560,32893,59.00,19.305
563,16233,63.50,20.778
570,32893,59.00,19.305
573,16233,63.50,20.778
580,32893,59.00,19.305
583,16233,63.50,20.778
590,32893,59.00,19.305
593,16233,63.50,20.778
600,32893,59.00,19.305
603,16233,63.50,20.778
611,32893,59.00,19.305
613,16233,63.50,20.778
621,32893,59.00,19.305
623,16233,63.50,20.778
630,32893,59.00,19.305
633,16233,63.50,20.778
640,32893,59.00,19.305
642,16233,63.50,20.778
650,32893,59.00,19.305
653,16233,63.50,20.778
661,32893,59.00,19.305
663,16233,63.50,20.778
670,32893,59.00,19.305
673,16233,63.50,20.778
680,32893,59.00,19.305
683,16233,63.50,20.778
690,32893,59.00,19.305
693,16233,63.50,20.778
700,32893,59.00,19.305
702,16233,63.50,20.778
711,32893,59.00,19.305
713,16233,63.50,20.778
720,32893,59.00,19.305
723,16233,63.50,20.778
731,32893,59.00,19.305
733,16233,63.50,20.778
741,32893,59.00,19.305
743,16233,63.50,20.778
750,32893,59.00,19.305
753,16233,63.50,20.778
760,32893,59.00,19.305
763,16233,63.50,20.778
771,32893,59.00,19.305
773,16233,63.50,20.778
780,32893,59.00,19.305
783,16233,63.50,20.778
790,32893,59.00,19.305
793,16233,63.50,20.778
800,32893,59.00,19.305
803,16233,63.50,20.778
810,32893,59.00,19.305
813,16233,63.50,20.778
820,32893,59.00,19.305
823,16233,63.50,20.778
830,32893,59.00,19.305
833,16233,63.50,20.778
840,32893,59.00,19.305
843,16233,63.50,20.778
850,32893,59.00,19.305
852,16233,63.50,20.778
860,32893,59.00,19.305
863,16233,63.50,20.778
870,32893,59.00,19.305
873,16233,63.50,20.778
880,32893,59.00,19.305
883,16233,63.50,20.778
891,32893,59.00,19.305
893,16233,63.50,20.778
900,32893,59.00,19.305
903,16233,63.50,20.778
911,32893,59.00,19.305
913,16233,63.50,20.778
920,32893,59.00,19.305
924,16233,63.50,20.778
930,32893,59.00,19.305
933,16233,63.50,20.778
940,32893,59.00,19.305
943,16233,63.50,20.778
950,32893,59.00,19.305
953,16233,63.50,20.778
960,32893,59.00,19.305
963,16233,63.50,20.778
970,32893,59.00,19.305
973,16233,63.50,20.778
980,32893,59.00,19.305
982,16233,63.50,20.778
990,32893,59.00,19.305
992,16233,63.50,20.778
1000,32893,59.00,19.305
1003,16233,63.50,20.778
1010,32893,59.00,19.305
1013,16233,63.50,20.778
1020,32893,59.00,19.305
1023,16233,63.50,20.778
1030,32893,59.00,19.305
1033,16233,63.50,20.778
1040,32893,59.00,19.305
1043,16233,63.50,20.778
1050,32893,59.00,19.305
1053,16233,63.50,20.778
1060,32893,59.00,19.305
1063,16233,63.50,20.778
1070,32893,59.00,19.305
1073,16233,63.50,20.778
1080,32893,59.00,19.305
1083,16233,63.50,20.778
1090,32893,59.00,19.305
1093,16233,63.50,20.778
1100,32893,59.00,19.305
1103,16233,63.50,20.778
1111,32893,59.00,19.305
1113,16233,63.50,20.778
1120,32893,59.00,19.305
1123,16233,63.50,20.778
1130,32893,59.00,19.305
1134,16233,63.50,20.778
1140,32893,59.00,19.305
1143,16233,63.50,20.778
1150,32893,59.00,19.305
1153,16233,63.50,20.778
1160,32893,59.00,19.305
1163,16233,63.50,20.778
1170,32893,59.00,19.305
1173,16233,63.50,20.778
1180,32893,59.00,19.305
1183,16233,63.50,20.778
1190,32893,59.00,19.305
1193,16233,63.50,20.778
1200,32893,59.00,19.305
1203,16233,63.50,20.778
1211,32893,59.00,19.305
1213,16233,63.50,20.778
1220,32893,59.00,19.305
1223,16233,63.50,20.778
1230,32893,59.00,19.305
1233,16233,63.50,20.778
1240,32893,59.00,19.305
1243,16233,63.50,20.778
1250,32893,59.00,19.305
1252,16233,63.50,20.778
1260,32893,59.00,19.305
1263,16233,63.50,20.778
1270,32893,59.00,19.305
1273,16233,63.50,20.778
1280,32893,59.00,19.305
1283,16233,63.50,20.778
1290,32893,59.00,19.305
1292,16233,63.50,20.778
1300,32893,59.00,19.305
1303,16233,63.50,20.778
1310,32893,59.00,19.305
1313,16233,63.50,20.778
1320,32893,59.00,19.305
1323,16233,63.50,20.778
1330,32893,59.00,19.305
1333,16233,63.50,20.778
1340,32893,59.00,19.305
1343,16233,63.50,20.778
1350,32893,59.00,19.305
1352,16233,63.50,20.778
1360,32893,59.00,19.305
1363,16233,63.50,20.778
1370,32893,59.00,19.305
1373,16233,63.50,20.778
1380,32893,59.00,19.305
1383,16233,63.50,20.778
1390,32893,59.00,19.305
1393,16233,63.50,20.778
1400,32893,59.00,19.305
1403,16233,63.50,20.778
1410,32893,59.00,19.305
1413,16233,63.50,20.778
1420,32893,59.00,19.305
1423,16233,63.50,20.778
1430,32893,59.00,19.305
1433,16233,63.50,20.778
1440,32893,59.00,19.305
1442,16233,63.50,20.778
1450,32893,59.00,19.305
1453,16233,63.50,20.778
1460,32893,59.00,19.305
1463,16233,63.50,20.778
1470,32893,59.00,19.305
1473,16233,63.50,20.778
1480,32893,59.00,19.305
1483,16233,63.50,20.778
1490,32893,59.00,19.305
1493,16233,63.50,20.778
1500,32893,59.00,19.305
1503,16233,63.50,20.778
1510,32893,59.00,19.305
1512,16233,63.50,20.778
1520,32893,59.00,19.305
1523,16233,63.50,20.778
1530,32893,59.00,19.305
1533,16233,63.50,20.778
1540,32893,59.00,19.305
1543,16233,63.50,20.778
1550,32893,59.00,19.305
1553,16233,63.50,20.778
1560,32893,59.00,19.305
1563,16233,63.50,20.778
1570,32893,59.00,19.305
1572,16233,63.50,20.778
1580,32893,59.00,19.305
1583,16233,63.50,20.778
1590,32893,59.00,19.305
1593,16233,63.50,20.778
1600,32893,59.00,19.305
1603,16233,63.50,20.778
1610,32893,59.00,19.305
1613,16233,63.50,20.778
1620,32893,59.00,19.305
1623,16233,63.50,20.778
1630,32893,59.00,19.305
1633,16233,63.50,20.778
1640,32893,59.00,19.305
1643,16233,63.50,20.778
1650,32893,59.00,19.305
1653,16233,63.50,20.778
1660,32893,59.00,19.305
1663,16233,63.50,20.778
1670,32893,59.00,19.305
1673,16233,63.50,20.778
1680,32893,59.00,19.305
1682,16233,63.50,20.778
1690,32893,59.00,19.305
1693,16233,63.50,20.778
1700,32893,59.00,19.305
1703,16233,63.50,20.778
1710,32893,59.00,19.305
1713,16233,63.50,20.778
1720,32893,59.00,19.305
1722,16233,63.50,20.778
1730,32893,59.00,19.305
1732,16233,63.50,20.778
1740,32893,59.00,19.305
1743,16233,63.50,20.778
1750,32893,59.00,19.305
1753,16233,63.50,20.778
1761,32893,59.00,19.305
1763,16233,63.50,20.778
1770,32893,59.00,19.305
1772,16233,63.50,20.778
1780,32893,59.00,19.305
1782,16233,63.50,20.778
1790,32893,59.00,19.305
1793,16233,63.50,20.778
1800,32893,59.00,19.305
1803,16233,63.50,20.778
1810,32893,59.00,19.305
1813,16233,63.50,20.778
1820,32893,59.00,19.305
1823,16233,63.50,20.778
1830,32893,59.00,19.305
1833,16233,63.50,20.778
1840,32893,59.00,19.305
1842,16233,63.50,20.778
1850,32893,59.00,19.305
1853,16233,63.50,20.778
1860,32893,59.00,19.305
1863,16233,63.50,20.778
1870,32893,59.00,19.305
1873,16233,63.50,20.778
1880,32893,59.00,19.305
1883,16233,63.50,20.778
1890,32893,59.00,19.305
1893,16233,63.50,20.778
1900,32893,59.00,19.305
1902,16233,63.50,20.778
1910,32893,59.00,19.305
1913,16233,63.50,20.778
1920,32893,59.00,19.305
1923,16233,63.50,20.778
1930,32893,59.00,19.305
1933,16233,63.50,20.778
1940,32893,59.00,19.305
1943,16233,63.50,20.778
1950,32893,59.00,19.305
1953,16233,63.50,20.778
1960,32893,59.00,19.305
1963,16233,63.50,20.778
1970,32893,59.00,19.305
1973,16233,63.50,20.778
1980,32893,59.00,19.305
1982,16233,63.50,20.778
1990,32893,59.00,19.305
1993,16233,63.50,20.778
2000,32893,59.00,19.305
2002,16233,63.50,20.778
2010,32893,59.00,19.305
2013,16233,63.50,20.778
2020,32893,59.00,19.305
2023,16233,63.50,20.778
2030,32893,59.00,19.305
2033,16233,63.50,20.778
2040,32893,59.00,19.305
2043,16233,63.50,20.778
2050,32893,59.00,19.305
2054,16233,63.50,20.778
2060,32893,59.00,19.305
2063,16233,63.50,20.778
2070,32893,59.00,19.305
2073,16233,63.50,20.778
2080,32893,59.00,19.305
2083,16233,63.50,20.778
2090,32893,59.00,19.305
2093,16233,63.50,20.778
2100,32893,59.00,19.305
2103,16233,63.50,20.778
2110,32893,59.00,19.305
2113,16233,63.50,20.778
2120,32893,59.00,19.305
2123,16233,63.50,20.778
2130,32893,59.00,19.305
2133,16233,63.50,20.778
2140,32893,59.00,19.305
2143,16233,63.50,20.778
2150,32893,59.00,19.305
2153,16233,63.50,20.778
2160,32893,59.00,19.305
2163,16233,63.50,20.778
2170,32893,59.00,19.305
2173,16233,63.50,20.778
2180,32893,59.00,19.305
2183,16233,63.50,20.778
2191,32893,59.00,19.305
2193,16233,63.50,20.778
2201,32893,59.00,19.305
2203,16233,63.50,20.778
2211,32893,59.00,19.305
2213,16233,63.50,20.778
2220,32893,59.00,19.305
2223,16233,63.50,20.778
2230,32893,59.00,19.305
2233,16233,63.50,20.778
2240,32893,59.00,19.305
2243,16233,63.50,20.778
2250,32893,59.00,19.305
2252,16233,63.50,20.778
2260,32893,59.00,19.305
2263,16233,63.50,20.778
2270,32893,59.00,19.305
2273,16233,63.50,20.778
2280,32893,59.00,19.305
2283,16233,63.50,20.778
2290,32893,59.00,19.305
2292,16233,63.50,20.778
2300,32893,59.00,19.305
2303,16233,63.50,20.778
2310,32893,59.00,19.305
2313,16233,63.50,20.778
2320,32893,59.00,19.305
2323,16233,63.50,20.778
2330,32893,59.00,19.305
2332,16233,63.50,20.778
2340,32893,59.00,19.305
2343,16233,63.50,20.778
2350,32893,59.00,19.305
2352,16233,63.50,20.778
2360,32893,59.00,19.305
2363,16233,63.50,20.778
2370,32893,59.00,19.305
2373,16233,63.50,20.778
2380,32893,59.00,19.305
2383,16233,63.50,20.778
2390,32893,59.00,19.305
2393,16233,63.50,20.778
2400,32893,59.00,19.305
2402,16233,63.50,20.778
2410,32893,59.00,19.305
2412,16233,63.50,20.778
2420,32893,59.00,19.305
2423,16233,63.50,20.778
2430,32893,59.00,19.305
2433,16233,63.50,20.778
2440,32893,59.00,19.305
2443,16233,63.50,20.778
2450,32893,59.00,19.305
2453,16233,63.50,20.778
2461,32893,59.00,19.305
2463,16233,63.50,20.778
2472,32893,59.00,19.305
2474,16233,63.50,20.778
2481,32893,59.00,19.305
2483,16233,63.50,20.778
2491,32893,59.00,19.305
2493,16233,63.50,20.778
2500,32893,59.00,19.305
2503,16233,63.50,20.778
2511,32893,59.00,19.305
2513,16233,63.50,20.778
2520,32893,59.00,19.305
2523,16233,63.50,20.778
2530,32893,59.00,19.305
2533,16233,63.50,20.778
2540,32893,59.00,19.305
2543,16233,63.50,20.778
2550,32893,59.00,19.305
2553,16233,63.50,20.778
2561,32893,59.00,19.305
2563,16233,63.50,20.778
2571,32893,59.00,19.305
2573,16233,63.50,20.778
2581,32893,59.00,19.305
2583,16233,63.50,20.778
2590,32893,59.00,19.305
2593,16233,63.50,20.778
2600,32893,59.00,19.305
2603,16233,63.50,20.778
2610,32893,59.00,19.305
2613,16233,63.50,20.778
2621,32893,59.00,19.305
2623,16233,63.50,20.778
2630,32893,59.00,19.305
2633,16233,63.50,20.778
2640,32893,59.00,19.305
2642,16233,63.50,20.778
2650,32893,59.00,19.305
2653,16233,63.50,20.778
2660,32893,59.00,19.305
2663,16233,63.50,20.778
2670,32893,59.00,19.305
2673,16233,63.50,20.778
2680,32893,59.00,19.305
2683,16233,63.50,20.778
2691,32893,59.00,19.305
2693,16233,63.50,20.778
2700,32893,59.00,19.305
2702,16233,63.50,20.778
2711,32893,59.00,19.305
2713,16233,63.50,20.778
2720,32893,59.00,19.305
2723,16233,63.50,20.778
2730,32893,59.00,19.305
2732,16233,63.50,20.778
2740,32893,59.00,19.305
2743,16233,63.50,20.778
2750,32893,59.00,19.305
2753,16233,63.50,20.778
2760,32893,59.00,19.305
2763,16233,63.50,20.778
2770,32893,59.00,19.305
2773,16233,63.50,20.778
2780,32893,59.00,19.305
2783,16233,63.50,20.778
2790,32893,59.00,19.305
2792,16233,63.50,20.778
2800,32893,59.00,19.305
2803,16233,63.50,20.778
2811,32893,59.00,19.305
2813,16233,63.50,20.778
2820,32893,59.00,19.305
2823,16233,63.50,20.778
2830,32893,59.00,19.305
2833,16233,63.50,20.778
2840,32893,59.00,19.305
2843,16233,63.50,20.778
2850,32893,59.00,19.305
2852,16233,63.50,20.778
2860,32893,59.00,19.305
2863,16233,63.50,20.778
2870,32893,59.00,19.305
2873,16233,63.50,20.778
2880,32893,59.00,19.305
2883,16233,63.50,20.778
2890,32893,59.00,19.305
2893,16233,63.50,20.778
2901,32893,59.00,19.305
2904,16233,63.50,20.778
2910,32893,59.00,19.305
2913,16233,63.50,20.778
2920,32893,59.00,19.305
2923,16233,63.50,20.778
2930,32893,59.00,19.305
2933,16233,63.50,20.778
2940,32893,59.00,19.305
2943,16233,63.50,20.778
2950,32893,59.00,19.305
2953,16233,63.50,20.778
2960,32893,59.00,19.305
2963,16233,63.50,20.778
2970,32893,59.00,19.305
2973,16233,63.50,20.778
2981,32893,59.00,19.305
2983,16233,63.50,20.778
2990,32893,59.00,19.305
2993,16233,63.50,20.778
3000,32893,59.00,19.305
3003,16233,63.50,20.778
3010,32893,59.00,19.305
3013,16233,63.50,20.778
3020,32893,59.00,19.305
3022,16233,63.50,20.778
3031,32893,59.00,19.305
3033,16233,63.50,20.778
3040,32893,59.00,19.305
3043,16233,63.50,20.778
3050,32893,59.00,19.305
3053,16233,63.50,20.778
3060,32893,59.00,19.305
3063,16233,63.50,20.778
3070,32893,59.00,19.305
3073,16233,63.50,20.778
3081,32893,59.00,19.305
3083,16233,63.50,20.778
3090,32893,59.00,19.305
3093,16233,63.50,20.778
3101,32893,59.00,19.305
3103,16233,63.50,20.778
3110,32893,59.00,19.305
3113,16233,63.50,20.778
3120,32893,59.00,19.305
3123,16233,63.50,20.778
3131,32893,59.00,19.305
3133,16233,63.50,20.778
3141,32893,59.00,19.305
3143,16233,63.50,20.778
3151,32893,59.00,19.305
3153,16233,63.50,20.778
3162,32893,59.00,19.305
3163,16233,63.50,20.778
3170,32893,59.00,19.305
3173,16233,63.50,20.778
3180,32893,59.00,19.305
3183,16233,63.50,20.778
3190,32893,59.00,19.305
3193,16233,63.50,20.778
3200,32893,59.00,19.305
3203,16233,63.50,20.778
3210,32893,59.00,19.305
3213,16233,63.50,20.778
3220,32893,59.00,19.305
3222,16233,63.50,20.778
3230,32893,59.00,19.305
3233,16233,63.50,20.778
3240,32893,59.00,19.305
3243,16233,63.50,20.778
3250,32893,59.00,19.305
3253,16233,63.50,20.778
3260,32893,59.00,19.305
3263,16233,63.50,20.778
3270,32893,59.00,19.305
3273,16233,63.50,20.778
3280,32893,59.00,19.305
3283,16233,63.50,20.778
3290,32893,59.00,19.305
3293,16233,63.50,20.778
3300,32893,59.00,19.305
3303,16233,63.50,20.778
3310,32893,59.00,19.305
3313,16233,63.50,20.778
3320,32893,59.00,19.305
3323,16233,63.50,20.778
3330,32893,59.00,19.305
3333,16233,63.50,20.778
3340,32893,59.00,19.305
3342,16233,63.50,20.778
3350,32893,59.00,19.305
3352,16233,63.50,20.778
3360,32893,59.00,19.305
3363,16233,63.50,20.778
3370,32893,59.00,19.305
3373,16233,63.50,20.778
3380,32893,59.00,19.305
3383,16233,63.50,20.778
3390,32893,59.00,19.305
3393,16233,63.50,20.778
3400,32893,59.00,19.305
3403,16233,63.50,20.778
3410,32893,59.00,19.305
3413,16233,63.50,20.778
3420,32893,59.00,19.305
3423,16233,63.50,20.778
3430,32893,59.00,19.305
3433,16233,63.50,20.778
3440,32893,59.00,19.305
3443,16233,63.50,20.778
3450,32893,59.00,19.305
3453,16233,63.50,20.778
3460,32893,59.00,19.305
3462,16233,63.50,20.778
3470,32893,59.00,19.305
3473,16233,63.50,20.778
3480,32893,59.00,19.305
3483,16233,63.50,20.778
3490,32893,59.00,19.305
3493,16233,63.50,20.778
3500,32893,59.00,19.305
3503,16233,63.50,20.778
3510,32893,59.00,19.305
3513,16233,63.50,20.778
3520,32893,59.00,19.305
3523,16233,63.50,20.778
3530,32893,59.00,19.305
3533,16233,63.50,20.778
3540,32893,59.00,19.305
3543,16233,63.50,20.778
3550,32893,59.00,19.305
3553,16233,63.50,20.778
3561,32893,59.00,19.305
3563,16233,63.50,20.778
3571,32893,59.00,19.305
3573,16233,63.50,20.778
3581,32893,59.00,19.305
3583,16233,63.50,20.778
3590,32893,59.00,19.305
3593,16233,63.50,20.778
3600,32893,59.00,19.305
3602,16233,63.50,20.778
3610,32893,59.00,19.305
3613,16233,63.50,20.778
3620,32893,59.00,19.305
3623,16233,63.50,20.778
3631,32893,59.00,19.305
3633,16233,63.50,20.778
3640,32893,59.00,19.305
3643,16233,63.50,20.778
3650,32893,59.00,19.305
3653,16233,63.50,20.778
3660,32893,59.00,19.305
3663,16233,63.50,20.778
3670,32893,59.00,19.305
3672,16233,63.50,20.778
3680,32893,59.00,19.305
3683,16233,63.50,20.778
3690,32893,59.00,19.305
3693,16233,63.50,20.778
3700,32893,59.00,19.305
3702,16233,63.50,20.778
3710,32893,59.00,19.305
3713,16233,63.50,20.778
3720,32893,59.00,19.305
3723,16233,63.50,20.778
3730,32893,59.00,19.305
3734,16233,63.50,20.778
3740,32893,59.00,19.305
3743,16233,63.50,20.778
3752,32893,59.00,19.305
3753,16233,63.50,20.778
3761,32893,59.00,19.305
3763,16233,63.50,20.778
3770,32893,59.00,19.305
3773,16233,63.50,20.778
3780,32893,59.00,19.305
3783,16233,63.50,20.778
3790,32893,59.00,19.305
3793,16233,63.50,20.778
3800,32893,59.00,19.305
3803,16233,63.50,20.778
3810,32893,59.00,19.305
3812,16233,63.50,20.778
3820,32893,59.00,19.305
3823,16233,63.50,20.778
3830,32893,59.00,19.305
3833,16233,63.50,20.778
3840,32893,59.00,19.305
3843,16233,63.50,20.778
3850,32893,59.00,19.305
3853,16233,63.50,20.778
3860,32893,59.00,19.305
3863,16233,63.50,20.778
3870,32893,59.00,19.305
3873,16233,63.50,20.778
3880,32893,59.00,19.305
3883,16233,63.50,20.778
3890,32893,59.00,19.305
3893,16233,63.50,20.778
3900,32893,59.00,19.305
3903,16233,63.50,20.778
3910,32893,59.00,19.305
3913,16233,63.50,20.778
3920,32893,59.00,19.305
3923,16233,63.50,20.778
3930,32893,59.00,19.305
3933,16233,63.50,20.778
3940,32893,59.00,19.305
3943,16233,63.50,20.778
3950,32893,63.50,20.778
3953,16233,63.50,20.778
3960,32893,63.50,20.778
3962,16233,63.50,20.778
3970,32893,63.50,20.778
3973,16233,63.50,20.778
3981,32893,63.50,20.778
3983,16233,63.50,20.778
3991,32893,63.50,20.778
3993,16233,63.50,20.778
4000,32893,63.50,20.778
4003,16233,63.50,20.778
4010,32893,63.50,20.778
4013,16233,63.50,20.778
4020,32893,63.50,20.778
4023,16233,63.50,20.778
4030,32893,63.50,20.778
4034,16233,63.50,20.778
4041,32893,63.50,20.778
4043,16233,63.50,20.778
4050,32893,63.50,20.778
4053,16233,63.50,20.778
4060,32893,63.50,20.778
4063,16233,63.50,20.778
4071,32893,63.50,20.778
4073,16233,63.50,20.778
4080,32893,63.50,20.778
4083,16233,63.50,20.778
4090,32893,63.50,20.778
4093,16233,63.50,20.778
4102,32893,63.50,20.778
4102,16233,63.50,20.778
4110,32893,63.50,20.778
4113,16233,63.50,20.778
4120,32893,63.50,20.778
4123,16233,63.50,20.778
4130,32893,63.50,20.778
4133,16233,63.50,20.778
4140,32893,63.50,20.778
4143,16233,63.50,20.778
4150,32893,63.50,20.778
4153,16233,63.50,20.778
4160,32893,63.50,20.778
4162,16233,63.50,20.778
4170,32893,63.50,20.778
4173,16233,63.50,20.778
4180,32893,63.50,20.778
4183,16233,63.50,20.778
4191,32893,63.50,20.778
4193,16233,63.50,20.778
4200,32893,63.50,20.778
4203,16233,63.50,20.778
4210,32893,63.50,20.778
4213,16233,63.50,20.778
4221,32893,63.50,20.778
4223,16233,63.50,20.778
4230,32893,63.50,20.778
4232,16233,63.50,20.778
4240,32893,63.50,20.778
4243,16233,63.50,20.778
4250,32893,63.50,20.778
4253,16233,63.50,20.778
4261,32893,63.50,20.778
4263,16233,63.50,20.778
4270,32893,63.50,20.778
4273,16233,63.50,20.778
4280,32893,63.50,20.778
4283,16233,63.50,20.778
4291,32893,63.50,20.778
4293,16233,63.50,20.778
4300,32893,63.50,20.778
4303,16233,63.50,20.778
4310,32893,63.50,20.778
4313,16233,63.50,20.778
4320,32893,63.50,20.778
4323,16233,63.50,20.778
4330,32893,63.50,20.778
4333,16233,63.50,20.778
4340,32893,63.50,20.778
4343,16233,63.50,20.778
4350,32893,63.50,20.778
4353,16233,63.50,20.778
4360,32893,63.50,20.778
4363,16233,63.50,20.778
4370,32893,63.50,20.778
4374,16233,63.50,20.778
4380,32893,63.50,20.778
4383,16233,63.50,20.778
4391,32893,63.50,20.778
4393,16233,63.50,20.778
4400,32893,63.50,20.778
4403,16233,63.50,20.778
4410,32893,63.50,20.778
4413,16233,63.50,20.778
4420,32893,63.50,20.778
4423,16233,63.50,20.778
4430,32893,63.50,20.778
4433,16233,63.50,20.778
4440,32893,63.50,20.778
4443,16233,63.50,20.778
4450,32893,63.50,20.778
4453,16233,63.50,20.778
4460,32893,63.50,20.778
4463,16233,63.50,20.778
4471,32893,63.50,20.778
4473,16233,63.50,20.778
4480,32893,63.50,20.778
4483,16233,63.50,20.778
4491,32893,63.50,20.778
4493,16233,63.50,20.778
4500,32893,63.50,20.778
4503,16233,63.50,20.778
4510,32893,63.50,20.778
4513,16233,63.50,20.778
4520,32893,63.50,20.778
4523,16233,63.50,20.778
4530,32893,63.50,20.778
4533,16233,63.50,20.778
4540,32893,63.50,20.778
4543,16233,63.50,20.778
4550,32893,63.50,20.778
4553,16233,63.50,20.778
4560,32893,63.50,20.778
4563,16233,63.50,20.778
4571,32893,63.50,20.778
4573,16233,63.50,20.778
4580,32893,63.50,20.778
4582,16233,63.50,20.778
4590,32893,63.50,20.778
4592,16233,63.50,20.778
4600,32893,63.50,20.778
4603,16233,63.50,20.778
4610,32893,63.50,20.778
4613,16233,63.50,20.778
4620,32893,63.50,20.778
4623,16233,63.50,20.778
4630,32893,63.50,20.778
4633,16233,63.50,20.778
4640,32893,63.50,20.778
4643,16233,63.50,20.778
4650,32893,63.50,20.778
4653,16233,63.50,20.778
4660,32893,63.50,20.778
4663,16233,63.50,20.778
4670,32893,63.50,20.778
4674,16233,63.50,20.778
4680,32893,63.50,20.778
4683,16233,63.50,20.778
4690,32893,63.50,20.778
4693,16233,63.50,20.778
4700,32893,63.50,20.778
4703,16233,63.50,20.778
4710,32893,63.50,20.778
4713,16233,63.50,20.778
4721,32893,63.50,20.778
4723,16233,63.50,20.778
4730,32893,63.50,20.778
4733,16233,63.50,20.778
4740,32893,63.50,20.778
4743,16233,63.50,20.778
4750,32893,63.50,20.778
4753,16233,63.50,20.778
4760,32893,63.50,20.778
4763,16233,63.50,20.778
4770,32893,63.50,20.778
4773,16233,63.50,20.778
4780,32893,63.50,20.778
4783,16233,63.50,20.778
4790,32893,63.50,20.778
4793,16233,63.50,20.778
4800,32893,63.50,20.778
4803,16233,63.50,20.778
4810,32893,63.50,20.778
4813,16233,63.50,20.778
4820,32893,63.50,20.778
4824,16233,63.50,20.778
4830,32893,63.50,20.778
4833,16233,63.50,20.778
4840,32893,63.50,20.778
4843,16233,63.50,20.778
4850,32893,63.50,20.778
4853,16233,63.50,20.778
4860,32893,63.50,20.778
4863,16233,63.50,20.778
4870,32893,63.50,20.778
4873,16233,63.50,20.778
4880,32893,63.50,20.778
4883,16233,63.50,20.778
4890,32893,63.50,20.778
4893,16233,63.50,20.778
4900,32893,63.50,20.778
4903,16233,63.50,20.778
4910,32893,63.50,20.778
4913,16233,63.50,20.778
4920,32893,63.50,20.778
4923,16233,63.50,20.778
4930,32893,63.50,20.778
4933,16233,63.50,20.778
4940,32893,63.50,20.778
4942,16233,63.50,20.778
4950,32893,63.50,20.778
4952,16233,63.50,20.778
4960,32893,63.50,20.778
4963,16233,63.50,20.778
4970,32893,63.50,20.778
4972,16233,63.50,20.778
4980,32893,63.50,20.778
4982,16233,63.50,20.778
4990,32893,63.50,20.778
4993,16233,63.50,20.778
5001,32893,63.50,20.778
5002,16233,63.50,20.778
5010,32893,63.50,20.778
5013,16233,63.50,20.778
5020,32893,63.50,20.778
5023,16233,63.50,20.778
5030,32893,63.50,20.778
5033,16233,63.50,20.778
5040,32893,63.50,20.778
5043,16233,63.50,20.778
5050,32893,63.50,20.778
5052,16233,63.50,20.778
5060,32893,63.50,20.778
5063,16233,63.50,20.778
5070,32893,63.50,20.778
5073,16233,63.50,20.778
5080,32893,63.50,20.778
5083,16233,63.50,20.778
5090,32893,63.50,20.778
5093,16233,63.50,20.778
5100,32893,63.50,20.778
5103,16233,63.50,20.778
5111,32893,63.50,20.778
5113,16233,63.50,20.778
5120,32893,63.50,20.778
5123,16233,63.50,20.778
5130,32893,63.50,20.778
5133,16233,63.50,20.778
5141,32893,63.50,20.778
5143,16233,63.50,20.778
5150,32893,63.50,20.778
5153,16233,63.50,20.778
5160,32893,63.50,20.778
5162,16233,63.50,20.778
5170,32893,63.50,20.778
5173,16233,63.50,20.778
5180,32893,63.50,20.778
5182,16233,63.50,20.778
5190,32893,63.50,20.778
5192,16233,63.50,20.778
5200,32893,63.50,20.778
5203,16233,63.50,20.778
5210,32893,63.50,20.778
5213,16233,63.50,20.778
5220,32893,63.50,20.778
5223,16233,63.50,20.778
5230,32893,63.50,20.778
5233,16233,63.50,20.778
5240,32893,63.50,20.778
5243,16233,63.50,20.778
5250,32893,63.50,20.778
5253,16233,63.50,20.778
5260,32893,63.50,20.778
5263,16233,63.50,20.778
5270,32893,63.50,20.778
5273,16233,63.50,20.778
5280,32893,63.50,20.778
5283,16233,63.50,20.778
5290,32893,63.50,20.778
5293,16233,63.50,20.778
5300,32893,63.50,20.778
5303,16233,63.50,20.778
5310,32893,63.50,20.778
5313,16233,63.50,20.778
5320,32893,63.50,20.778
5323,16233,63.50,20.778
5330,32893,63.50,20.778
5333,16233,63.50,20.778
5340,32893,63.50,20.778
5343,16233,63.50,20.778
5350,32893,63.50,20.778
5353,16233,63.50,20.778
5360,32893,63.50,20.778
5363,16233,63.50,20.778
5370,32893,63.50,20.778
5374,16233,63.50,20.778
5380,32893,63.50,20.778
5383,16233,63.50,20.778
5390,32893,63.50,20.778
5393,16233,63.50,20.778
5400,32893,63.50,20.778
5403,16233,63.50,20.778
5410,32893,63.50,20.778
5413,16233,63.50,20.778
5420,32893,63.50,20.778
5423,16233,63.50,20.778
5430,32893,63.50,20.778
5433,16233,63.50,20.778
5440,32893,63.50,20.778
5443,16233,63.50,20.778
5450,32893,63.50,20.778
5453,16233,63.50,20.778
5460,32893,63.50,20.778
5463,16233,63.50,20.778
5470,32893,63.50,20.778
5473,16233,63.50,20.778
5480,32893,63.50,20.778
5483,16233,63.50,20.778
5490,32893,63.50,20.778
5493,16233,63.50,20.778
5500,32893,63.50,20.778
5503,16233,63.50,20.778
5510,32893,63.50,20.778
5513,16233,63.50,20.778
5520,32893,63.50,20.778
5523,16233,63.50,20.778
5530,32893,63.50,20.778
5533,16233,63.50,20.778
5540,32893,63.50,20.778
5543,16233,63.50,20.778
5550,32893,63.50,20.778
5553,16233,63.50,20.778
5560,32893,63.50,20.778
5563,16233,63.50,20.778
5570,32893,63.50,20.778
5574,16233,63.50,20.778
5580,32893,63.50,20.778
5583,16233,63.50,20.778
5590,32893,63.50,20.778
5593,16233,63.50,20.778
5600,32893,63.50,20.778
5603,16233,63.50,20.778
5610,32893,63.50,20.778
5613,16233,63.50,20.778
5621,32893,63.50,20.778
5623,16233,63.50,20.778
5630,32893,63.50,20.778
5633,16233,63.50,20.778
5640,32893,63.50,20.778
5643,16233,63.50,20.778
5650,32893,63.50,20.778
5653,16233,63.50,20.778
5660,32893,63.50,20.778
5663,16233,63.50,20.778
5670,32893,63.50,20.778
5673,16233,63.50,20.778
5680,32893,63.50,20.778
5683,16233,63.50,20.778
5690,32893,63.50,20.778
5693,16233,63.50,20.778
5700,32893,63.50,20.778
5703,16233,63.50,20.778
5710,32893,63.50,20.778
5712,16233,63.50,20.778
5720,32893,63.50,20.778
5723,16233,63.50,20.778
5730,32893,63.50,20.778
5733,16233,63.50,20.778
5740,32893,63.50,20.778
5743,16233,63.50,20.778
5750,32893,63.50,20.778
5753,16233,63.50,20.778
5760,32893,63.50,20.778
5763,16233,63.50,20.778
5770,32893,63.50,20.778
5773,16233,63.50,20.778
5780,32893,63.50,20.778
5783,16233,63.50,20.778
5790,32893,63.50,20.778
5792,16233,63.50,20.778
5800,32893,63.50,20.778
5803,16233,63.50,20.778
5810,32893,63.50,20.778
5813,16233,63.50,20.778
5820,32893,63.50,20.778
5823,16233,63.50,20.778
5830,32893,63.50,20.778
5833,16233,63.50,20.778
5840,32893,63.50,20.778
5843,16233,63.50,20.778
5850,32893,63.50,20.778
5853,16233,63.50,20.778
5860,32893,63.50,20.778
5862,16233,63.50,20.778
5870,32893,63.50,20.778
5873,16233,63.50,20.778
5880,32893,63.50,20.778
5883,16233,63.50,20.778
5890,32893,63.50,20.778
5893,16233,63.50,20.778
5900,32893,63.50,20.778
5903,16233,63.50,20.778
5910,32893,63.50,20.778
5913,16233,63.50,20.778
5920,32893,63.50,20.778
5923,16233,63.50,20.778
5930,32893,63.50,20.778
5933,16233,63.50,20.778
5940,32893,63.50,20.778
5942,16233,63.50,20.778
5951,32893,63.50,20.778
5953,16233,63.50,20.778
5960,32893,63.50,20.778
5963,16233,63.50,20.778
5970,32893,63.50,20.778
5973,16233,63.50,20.778
5980,32893,63.50,20.778
5984,16233,63.50,20.778
5990,32893,63.50,20.778
5993,16233,63.50,20.778
6000,32893,63.50,20.778
6003,16233,63.50,20.778
6010,32893,63.50,20.778
6013,16233,63.50,20.778
6021,32893,63.50,20.778
6023,16233,63.50,20.778
6030,32893,63.50,20.778
6033,16233,63.50,20.778
6040,32893,63.50,20.778
6043,16233,63.50,20.778
6050,32893,63.50,20.778
6053,16233,63.50,20.778
6060,32893,63.50,20.778
6063,16233,63.50,20.778
6070,32893,63.50,20.778
6073,16233,63.50,20.778
6080,32893,63.50,20.778
6083,16233,63.50,20.778
6090,32893,63.50,20.778
6093,16233,63.50,20.778
6100,32893,63.50,20.778
6103,16233,63.50,20.778
6110,32893,63.50,20.778
6113,16233,63.50,20.778
6120,32893,63.50,20.778
6123,16233,63.50,20.778
6130,32893,63.50,20.778
6133,16233,63.50,20.778
6141,32893,63.50,20.778
6143,16233,63.50,20.778
6150,32893,63.50,20.778
6152,16233,63.50,20.778
6160,32893,63.50,20.778
6163,16233,63.50,20.778
6170,32893,63.50,20.778
6173,16233,63.50,20.778
6180,32893,63.50,20.778
6183,16233,63.50,20.778
6190,32893,63.50,20.778
6193,16233,63.50,20.778
6200,32893,63.50,20.778
6203,16233,63.50,20.778
6210,32893,63.50,20.778
6213,16233,63.50,20.778
6220,32893,63.50,20.778
6223,16233,63.50,20.778
6230,32893,63.50,20.778
6233,16233,63.50,20.778
6240,32893,63.50,20.778
6243,16233,63.50,20.778
6250,32893,63.50,20.778
6253,16233,63.50,20.778
6260,32893,63.50,20.778
6263,16233,63.50,20.778
6270,32893,63.50,20.778
6273,16233,63.50,20.778
6280,32893,63.50,20.778
6283,16233,63.50,20.778
6290,32893,63.50,20.778
6293,16233,63.50,20.778
6300,32893,63.50,20.778
6303,16233,63.50,20.778
6310,32893,63.50,20.778
6313,16233,63.50,20.778
6320,32893,63.50,20.778
6323,16233,63.50,20.778
6330,32893,63.50,20.778
6333,16233,63.50,20.778
6340,32893,63.50,20.778
6343,16233,63.50,20.778
6350,32893,63.50,20.778
6353,16233,63.50,20.778
6360,32893,63.50,20.778
6363,16233,63.50,20.778
6370,32893,63.50,20.778
6373,16233,63.50,20.778
6380,32893,63.50,20.778
6383,16233,63.50,20.778
6390,32893,63.50,20.778
6393,16233,63.50,20.778
6400,32893,63.50,20.778
6403,16233,63.50,20.778
6410,32893,63.50,20.778
6413,16233,63.50,20.778
6420,32893,63.50,20.778
6423,16233,63.50,20.778
6430,32893,63.50,20.778
6432,16233,63.50,20.778
6440,32893,63.50,20.778
6443,16233,63.50,20.778
6450,32893,63.50,20.778
6453,16233,63.50,20.778
6460,32893,63.50,20.778
6463,16233,63.50,20.778
6470,32893,63.50,20.778
6473,16233,63.50,20.778
6481,32893,63.50,20.778
6483,16233,63.50,20.778
6490,32893,63.50,20.778
6493,16233,63.50,20.778
6501,32893,63.50,20.778
6503,16233,63.50,20.778
6510,32893,63.50,20.778
6513,16233,63.50,20.778
6520,32893,63.50,20.778
6523,16233,63.50,20.778
6530,32893,63.50,20.778
6533,16233,63.50,20.778
6540,32893,63.50,20.778
6543,16233,63.50,20.778
6550,32893,63.50,20.778
6553,16233,63.50,20.778
6561,32893,63.50,20.778
6563,16233,63.50,20.778
6570,32893,63.50,20.778
6573,16233,63.50,20.778
6580,32893,63.50,20.778
6583,16233,63.50,20.778
6590,32893,63.50,20.778
6593,16233,63.50,20.778
6600,32893,63.50,20.778
6603,16233,63.50,20.778
6610,32893,63.50,20.778
6613,16233,63.50,20.778
6620,32893,63.50,20.778
6623,16233,63.50,20.778
6630,32893,63.50,20.778
6633,16233,63.50,20.778
6641,32893,63.50,20.778
6643,16233,63.50,20.778
6650,32893,63.50,20.778
6653,16233,63.50,20.778
6660,32893,63.50,20.778
6663,16233,63.50,20.778
6670,32893,63.50,20.778
6673,16233,63.50,20.778
6681,32893,63.50,20.778
6683,16233,63.50,20.778
6690,32893,63.50,20.778
6693,16233,63.50,20.778
6700,32893,63.50,20.778
6703,16233,63.50,20.778
6710,32893,63.50,20.778
6713,16233,63.50,20.778
6720,32893,63.50,20.778
6723,16233,63.50,20.778
6730,32893,63.50,20.778
6733,16233,63.50,20.778
6740,32893,63.50,20.778
6743,16233,63.50,20.778
6750,32893,63.50,20.778
6753,16233,63.50,20.778
6760,32893,63.50,20.778
6762,16233,63.50,20.778
6770,32893,63.50,20.778
6773,16233,63.50,20.778
6780,32893,63.50,20.778
6782,16233,63.50,20.778
6790,32893,63.50,20.778
6793,16233,63.50,20.778
6800,32893,63.50,20.778
6803,16233,63.50,20.778
6810,32893,63.50,20.778
6812,16233,63.50,20.778
6820,32893,63.50,20.778
6823,16233,63.50,20.778
6830,32893,63.50,20.778
6833,16233,63.50,20.778
6840,32893,63.50,20.778
6842,16233,63.50,20.778
6850,32893,63.50,20.778
6853,16233,63.50,20.778
6860,32893,63.50,20.778
6863,16233,63.50,20.778
6870,32893,63.50,20.778
6873,16233,63.50,20.778
6880,32893,63.50,20.778
6883,16233,63.50,20.778
6890,32893,63.50,20.778
6893,16233,63.50,20.778
6900,32893,63.50,20.778
6903,16233,63.50,20.778
6910,32893,63.50,20.778
6913,16233,63.50,20.778
6920,32893,63.50,20.778
6923,16233,63.50,20.778
6930,32893,63.50,20.778
6932,16233,63.50,20.778
6940,32893,63.50,20.778
6943,16233,63.50,20.778
6950,32893,63.50,20.778
6953,16233,63.50,20.778
6960,32893,63.50,20.778
6963,16233,63.50,20.778
6970,32893,63.50,20.778
6973,16233,63.50,20.778
6980,32893,63.50,20.778
6983,16233,63.50,20.778
6990,32893,63.50,20.778
6993,16233,63.50,20.778
7000,32893,63.50,20.778
7003,16233,63.50,20.778
7010,32893,63.50,20.778
7013,16233,63.50,20.778
7020,32893,63.50,20.778
7023,16233,63.50,20.778
7030,32893,63.50,20.778
7032,16233,63.50,20.778
7040,32893,63.50,20.778
7043,16233,63.50,20.778
7050,32893,63.50,20.778
7053,16233,63.50,20.778
7060,32893,63.50,20.778
7063,16233,63.50,20.778
7070,32893,63.50,20.778
7073,16233,63.50,20.778
7080,32893,63.50,20.778
7083,16233,63.50,20.778
7090,32893,63.50,20.778
7093,16233,63.50,20.778
7100,32893,63.50,20.778
7103,16233,63.50,20.778
7111,32893,63.50,20.778
7113,16233,63.50,20.778
7120,32893,63.50,20.778
7123,16233,63.50,20.778
7130,32893,63.50,20.778
7133,16233,63.50,20.778
7140,32893,63.50,20.778
7143,16233,63.50,20.778
7150,32893,63.50,20.778
7153,16233,63.50,20.778
7160,32893,63.50,20.778
7163,16233,63.50,20.778
7170,32893,63.50,20.778
7173,16233,63.50,20.778
7180,32893,63.50,20.778
7183,16233,63.50,20.778
7191,32893,63.50,20.778
7193,16233,63.50,20.778
7200,32893,63.50,20.778
7202,16233,63.50,20.778
7210,32893,63.50,20.778
7213,16233,63.50,20.778
7220,32893,63.50,20.778
7223,16233,63.50,20.778
7231,32893,63.50,20.778
7233,16233,63.50,20.778
7240,32893,63.50,20.778
7243,16233,63.50,20.778
7250,32893,63.50,20.778
7253,16233,63.50,20.778
7260,32893,63.50,20.778
7263,16233,63.50,20.778
7270,32893,63.50,20.778
7273,16233,63.50,20.778
7280,32893,63.50,20.778
7283,16233,63.50,20.778
7291,32893,63.50,20.778
7293,16233,63.50,20.778
7300,32893,63.50,20.778
7303,16233,63.50,20.778
7310,32893,63.50,20.778
7313,16233,63.50,20.778
7320,32893,63.50,20.778
7323,16233,63.50,20.778
7330,32893,63.50,20.778
7333,16233,63.50,20.778
7340,32893,63.50,20.778
7343,16233,63.50,20.778
7350,32893,63.50,20.778
7353,16233,63.50,20.778
7361,32893,63.50,20.778
7363,16233,63.50,20.778
7370,32893,63.50,20.778
7373,16233,63.50,20.778
7380,32893,63.50,20.778
7383,16233,63.50,20.778
7390,32893,63.50,20.778
7393,16233,63.50,20.778
7401,32893,63.50,20.778
7403,16233,63.50,20.778
7410,32893,63.50,20.778
7413,16233,63.50,20.778
7421,32893,63.50,20.778
7423,16233,63.50,20.778
7430,32893,63.50,20.778
7433,16233,63.50,20.778
7440,32893,63.50,20.778
7443,16233,63.50,20.778
7450,32893,63.50,20.778
7453,16233,63.50,20.778
7460,32893,63.50,20.778
7463,16233,63.50,20.778
7471,32893,63.50,20.778
7473,16233,63.50,20.778
7480,32893,63.50,20.778
7482,16233,63.50,20.778
7491,32893,63.50,20.778
7493,16233,63.50,20.778
7500,32893,63.50,20.778
7504,16233,63.50,20.778
7510,32893,63.50,20.778
7513,16233,63.50,20.778
7520,32893,63.50,20.778
7524,16233,63.50,20.778
7530,32893,63.50,20.778
7533,16233,63.50,20.778
7540,32893,63.50,20.778
7543,16233,63.50,20.778
7551,32893,63.50,20.778
7553,16233,63.50,20.778
7561,32893,63.50,20.778
7563,16233,63.50,20.778
7570,32893,63.50,20.778
7573,16233,63.50,20.778
7580,32893,63.50,20.778
7583,16233,63.50,20.778
7590,32893,63.50,20.778
7593,16233,63.50,20.778
7600,32893,63.50,20.778
7603,16233,63.50,20.778
7610,32893,63.50,20.778
7613,16233,63.50,20.778
7620,32893,63.50,20.778
7622,16233,63.50,20.778
7630,32893,63.50,20.778
7633,16233,63.50,20.778
7640,32893,63.50,20.778
7643,16233,63.50,20.778
7650,32893,63.50,20.778
7653,16233,63.50,20.778
7660,32893,63.50,20.778
7663,16233,63.50,20.778
7670,32893,63.50,20.778
7673,16233,63.50,20.778
7681,32893,63.50,20.778
7683,16233,63.50,20.778
7690,32893,63.50,20.778
7693,16233,63.50,20.778
7700,32893,63.50,20.778
7703,16233,63.50,20.778
7710,32893,63.50,20.778
7713,16233,63.50,20.778
7720,32893,63.50,20.778
7723,16233,63.50,20.778
7731,32893,63.50,20.778
7733,16233,63.50,20.778
7740,32893,63.50,20.778
7743,16233,63.50,20.778
7751,32893,63.50,20.778
7753,16233,63.50,20.778
7760,32893,63.50,20.778
7763,16233,63.50,20.778
7770,32893,63.50,20.778
7773,16233,63.50,20.778
7780,32893,63.50,20.778
7783,16233,63.50,20.778
7790,32893,63.50,20.778
7793,16233,63.50,20.778
7801,32893,63.50,20.778
7803,16233,63.50,20.778
7811,32893,63.50,20.778
7813,16233,63.50,20.778
7821,32893,63.50,20.778
7823,16233,63.50,20.778
7831,32893,63.50,20.778
7833,16233,63.50,20.778
7840,32893,63.50,20.778
7843,16233,63.50,20.778
7851,32893,63.50,20.778
7853,16233,63.50,20.778
7860,32893,63.50,20.778
7863,16233,63.50,20.778
7870,32893,63.50,20.778
7873,16233,63.50,20.778
7881,32893,63.50,20.778
7883,16233,63.50,20.778
7890,32893,63.50,20.778
7893,16233,63.50,20.778
7900,32893,63.50,20.778
7903,16233,63.50,20.778
7910,32893,63.50,20.778
7913,16233,63.50,20.778
7920,32893,63.50,20.778
7923,16233,63.50,20.778
7930,32893,63.50,20.778
7933,16233,63.50,20.778
7940,32893,63.50,20.778
7943,16233,63.50,20.778
7950,32893,63.50,20.778
7953,16233,63.50,20.778
7960,32893,63.50,20.778
7963,16233,63.50,20.778
7971,32893,63.50,20.778
7973,16233,63.50,20.778
7981,32893,63.50,20.778
7983,16233,63.50,20.778
7990,32893,63.50,20.778
7993,16233,63.50,20.778
8000,32893,63.50,20.778
8003,16233,63.50,20.778
8011,32893,63.50,20.778
8013,16233,63.50,20.778
8020,32893,63.50,20.778
8023,16233,63.50,20.778
8030,32893,63.50,20.778
8033,16233,63.50,20.778
8040,32893,63.50,20.778
8043,16233,63.50,20.778
8051,32893,63.50,20.778
8053,16233,63.50,20.778
8060,32893,63.50,20.778
8063,16233,63.50,20.778
8070,32893,63.50,20.778
8073,16233,63.50,20.778
8080,32893,63.50,20.778
8083,16233,63.50,20.778
8090,32893,63.50,20.778
8093,16233,63.50,20.778
8100,32893,63.50,20.778
8103,16233,63.50,20.778
8110,32893,63.50,20.778
8113,16233,63.50,20.778
8120,32893,63.50,20.778
8123,16233,63.50,20.778
8130,32893,63.50,20.778
8133,16233,63.50,20.778
8140,32893,63.50,20.778
8143,16233,63.50,20.778
8150,32893,63.50,20.778
8153,16233,63.50,20.778
8160,32893,63.50,20.778
8163,16233,63.50,20.778
8170,32893,63.50,20.778
8172,16233,63.50,20.778
8180,32893,63.50,20.778
8183,16233,63.50,20.778
8190,32893,63.50,20.778
8193,16233,63.50,20.778
8200,32893,63.50,20.778
8203,16233,63.50,20.778
8210,32893,63.50,20.778
8213,16233,63.50,20.778
8220,32893,63.50,20.778
8223,16233,63.50,20.778
8230,32893,63.50,20.778
8233,16233,63.50,20.778
8240,32893,63.50,20.778
8243,16233,63.50,20.778
8250,32893,63.50,20.778
8253,16233,63.50,20.778
8260,32893,63.50,20.778
8263,16233,63.50,20.778
8270,32893,63.50,20.778
8273,16233,63.50,20.778
8280,32893,63.50,20.778
8282,16233,63.50,20.778
8290,32893,63.50,20.778
8293,16233,63.50,20.778
8300,32893,63.50,20.778
8303,16233,63.50,20.778
8310,32893,63.50,20.778
8313,16233,63.50,20.778
8320,32893,63.50,20.778
8323,16233,63.50,20.778
8330,32893,63.50,20.778
8333,16233,63.50,20.778
8340,32893,63.50,20.778
8343,16233,63.50,20.778
8350,32893,63.50,20.778
8353,16233,63.50,20.778
8360,32893,63.50,20.778
8363,16233,63.50,20.778
8370,32893,63.50,20.778
8372,16233,63.50,20.778
8380,32893,63.50,20.778
8383,16233,63.50,20.778
8391,32893,63.50,20.778
8393,16233,63.50,20.778
8400,32893,63.50,20.778
8403,16233,63.50,20.778
8410,32893,63.50,20.778
8413,16233,63.50,20.778
8422,32893,63.50,20.778
8423,16233,63.50,20.778
8430,32893,63.50,20.778
8433,16233,63.50,20.778
8440,32893,63.50,20.778
8443,16233,63.50,20.778
8451,32893,63.50,20.778
8453,16233,63.50,20.778
8460,32893,63.50,20.778
8463,16233,63.50,20.778
8470,32893,63.50,20.778
8473,16233,63.50,20.778
8480,32893,63.50,20.778
8483,16233,63.50,20.778
8490,32893,63.50,20.778
8493,16233,63.50,20.778
8500,32893,63.50,20.778
8503,16233,63.50,20.778
8510,32893,63.50,20.778
8512,16233,63.50,20.778
8520,32893,63.50,20.778
8523,16233,63.50,20.778
8530,32893,63.50,20.778
8533,16233,63.50,20.778
8540,32893,63.50,20.778
8543,16233,63.50,20.778
8550,32893,63.50,20.778
8553,16233,63.50,20.778
8560,32893,63.50,20.778
8563,16233,63.50,20.778
8570,32893,63.50,20.778
8572,16233,63.50,20.778
8581,32893,63.50,20.778
8583,16233,63.50,20.778
8590,32893,63.50,20.778
8593,16233,63.50,20.778
8600,32893,63.50,20.778
8603,16233,63.50,20.778
8610,32893,63.50,20.778
8613,16233,63.50,20.778
8620,32893,63.50,20.778
8623,16233,63.50,20.778
8630,32893,63.50,20.778
8633,16233,63.50,20.778
8640,32893,63.50,20.778
8643,16233,63.50,20.778
8650,32893,63.50,20.778
8654,16233,63.50,20.778
8660,32893,63.50,20.778
8663,16233,63.50,20.778
8670,32893,63.50,20.778
8673,16233,63.50,20.778
8680,32893,63.50,20.778
8683,16233,63.50,20.778
8690,32893,63.50,20.778
8693,16233,63.50,20.778
8700,32893,63.50,20.778
8703,16233,63.50,20.778
8710,32893,63.50,20.778
8713,16233,63.50,20.778
8720,32893,63.50,20.778
8723,16233,63.50,20.778
8730,32893,63.50,20.778
8733,16233,63.50,20.778
8740,32893,63.50,20.778
8743,16233,63.50,20.778
8750,32893,63.50,20.778
8754,16233,63.50,20.778
8760,32893,63.50,20.778
8763,16233,63.50,20.778
8771,32893,63.50,20.778
8773,16233,63.50,20.778
8780,32893,63.50,20.778
8783,16233,63.50,20.778
8791,32893,63.50,20.778
8793,16233,63.50,20.778
8800,32893,63.50,20.778
8804,16233,63.50,20.778
8810,32893,63.50,20.778
8813,16233,63.50,20.778
8820,32893,63.50,20.778
8824,16233,63.50,20.778
8830,32893,63.50,20.778
8833,16233,63.50,20.778
8840,32893,63.50,20.778
8843,16233,63.50,20.778
8850,32893,63.50,20.778
8853,16233,63.50,20.778
8860,32893,63.50,20.778
8863,16233,63.50,20.778
8871,32893,63.50,20.778
8873,16233,63.50,20.778
8880,32893,63.50,20.778
8883,16233,63.50,20.778
8890,32893,63.50,20.778
8893,16233,63.50,20.778
8900,32893,63.50,20.778
8903,16233,63.50,20.778
8910,32893,63.50,20.778
8913,16233,63.50,20.778
8920,32893,63.50,20.778
8924,16233,63.50,20.778
8930,32893,63.50,20.778
8933,16233,63.50,20.778
8940,32893,63.50,20.778
8943,16233,63.50,20.778
8950,32893,63.50,20.778
8953,16233,63.50,20.778
8960,32893,63.50,20.778
8963,16233,63.50,20.778
8970,32893,63.50,20.778
8973,16233,63.50,20.778
8980,32893,63.50,20.778
8983,16233,63.50,20.778
8990,32893,63.50,20.778
8993,16233,63.50,20.778
9000,32893,63.50,20.778
9003,16233,63.50,20.778
9010,32893,63.50,20.778
9013,16233,63.50,20.778
9020,32893,63.50,20.778
9023,16233,63.50,20.778
9030,32893,63.50,20.778
9033,16233,63.50,20.778
9041,32893,63.50,20.778
9043,16233,63.50,20.778
9050,32893,63.50,20.778
9053,16233,63.50,20.778
9060,32893,63.50,20.778
9063,16233,63.50,20.778
9071,32893,63.50,20.778
9073,16233,63.50,20.778
9080,32893,63.50,20.778
9083,16233,63.50,20.778
9090,32893,63.50,20.778
9093,16233,63.50,20.778
9100,32893,63.50,20.778
9103,16233,63.50,20.778
9110,32893,63.50,20.778
9113,16233,63.50,20.778
9120,32893,63.50,20.778
9123,16233,63.50,20.778
9130,32893,63.50,20.778
9133,16233,63.50,20.778
9140,32893,63.50,20.778
9143,16233,63.50,20.778
9150,32893,63.50,20.778
9153,16233,63.50,20.778
9161,32893,63.50,20.778
9163,16233,63.50,20.778
9171,32893,63.50,20.778
9173,16233,63.50,20.778
9180,32893,63.50,20.778
9183,16233,63.50,20.778
9190,32893,63.50,20.778
9194,16233,63.50,20.778
9200,32893,63.50,20.778
9204,16233,63.50,20.778
9210,32893,63.50,20.778
9213,16233,63.50,20.778
9221,32893,63.50,20.778
9223,16233,63.50,20.778
9230,32893,63.50,20.778
9233,16233,63.50,20.778
9241,32893,63.50,20.778
9243,16233,63.50,20.778
9250,32893,63.50,20.778
9253,16233,63.50,20.778
9260,32893,63.50,20.778
9263,16233,63.50,20.778
9270,32893,63.50,20.778
9273,16233,63.50,20.778
9280,32893,63.50,20.778
9283,16233,63.50,20.778
9290,32893,63.50,20.778
9293,16233,63.50,20.778
9300,32893,63.50,20.778
9303,16233,63.50,20.778
9311,32893,63.50,20.778
9313,16233,63.50,20.778
9320,32893,63.50,20.778
9323,16233,63.50,20.778
9330,32893,63.50,20.778
9333,16233,63.50,20.778
9340,32893,63.50,20.778
9343,16233,63.50,20.778
9350,32893,63.50,20.778
9353,16233,63.50,20.778
9361,32893,63.50,20.778
9363,16233,63.50,20.778
9371,32893,63.50,20.778
9373,16233,63.50,20.778
9381,32893,63.50,20.778
9383,16233,63.50,20.778
9391,32893,63.50,20.778
9393,16233,63.50,20.778
9400,32893,63.50,20.778
9403,16233,63.50,20.778
9410,32893,63.50,20.778
9413,16233,63.50,20.778
9420,32893,63.50,20.778
9423,16233,63.50,20.778
9430,32893,63.50,20.778
9432,16233,63.50,20.778
9441,32893,63.50,20.778
9443,16233,63.50,20.778
9450,32893,63.50,20.778
9453,16233,63.50,20.778
9460,32893,63.50,20.778
9463,16233,63.50,20.778
9471,32893,63.50,20.778
9473,16233,63.50,20.778
9481,32893,63.50,20.778
9484,16233,63.50,20.778
9491,32893,63.50,20.778
9493,16233,63.50,20.778
9501,32893,63.50,20.778
9503,16233,63.50,20.778
9511,32893,63.50,20.778
9513,16233,63.50,20.778
9520,32893,63.50,20.778
9523,16233,63.50,20.778
9531,32893,63.50,20.778
9534,16233,63.50,20.778
9540,32893,63.50,20.778
9543,16233,63.50,20.778
9551,32893,63.50,20.778
9553,16233,63.50,20.778
9561,32893,63.50,20.778
9563,16233,63.50,20.778
9571,32893,63.50,20.778
9573,16233,63.50,20.778
9581,32893,63.50,20.778
9584,16233,63.50,20.778
9591,32893,63.50,20.778
9593,16233,63.50,20.778
9600,32893,63.50,20.778
9603,16233,63.50,20.778
9610,32893,63.50,20.778
9613,16233,63.50,20.778
9620,32893,63.50,20.778
9623,16233,63.50,20.778
9630,32893,63.50,20.778
9633,16233,63.50,20.778
9640,32893,63.50,20.778
9643,16233,63.50,20.778
9650,32893,63.50,20.778
9653,16233,63.50,20.778
9660,32893,63.50,20.778
9663,16233,63.50,20.778
9670,32893,63.50,20.778
9673,16233,63.50,20.778
9680,32893,63.50,20.778
9683,16233,63.50,20.778
9690,32893,63.50,20.778
9693,16233,63.50,20.778
9701,32893,63.50,20.778
9703,16233,63.50,20.778
9710,32893,63.50,20.778
9713,16233,63.50,20.778
9720,32893,63.50,20.778
9723,16233,63.50,20.778
9731,32893,63.50,20.778
9733,16233,63.50,20.778
9740,32893,63.50,20.778
9743,16233,63.50,20.778
9750,32893,63.50,20.778
9753,16233,63.50,20.778
9760,32893,63.50,20.778
9763,16233,63.50,20.778
9771,32893,63.50,20.778
9773,16233,63.50,20.778
9780,32893,63.50,20.778
9783,16233,63.50,20.778
9791,32893,63.50,20.778
9793,16233,63.50,20.778
9800,32893,63.50,20.778
9803,16233,63.50,20.778
9810,32893,63.50,20.778
9813,16233,63.50,20.778
9821,32893,63.50,20.778
9823,16233,63.50,20.778
9830,32893,63.50,20.778
9833,16233,63.50,20.778
9840,32893,63.50,20.778
9843,16233,63.50,20.778
9850,32893,63.50,20.778
9853,16233,63.50,20.778
9860,32893,63.50,20.778
9863,16233,63.50,20.778
9871,32893,63.50,20.778
9874,16233,63.50,20.778
9881,32893,63.50,20.778
9883,16233,63.50,20.778
9890,32893,63.50,20.778
9893,16233,63.50,20.778
9900,32893,63.50,20.778
9903,16233,63.50,20.778
9911,32893,63.50,20.778
9913,16233,63.50,20.778
9920,32893,63.50,20.778
9923,16233,63.50,20.778
9930,32893,63.50,20.778
9933,16233,63.50,20.778
9940,32893,63.50,20.778
9943,16233,63.50,20.778
9951,32893,63.50,20.778
9953,16233,63.50,20.778
9960,32893,63.50,20.778
9963,16233,63.50,20.778
9970,32893,63.50,20.778
9973,16233,63.50,20.778
9981,32893,63.50,20.778
9983,16233,63.50,20.778
9990,32893,63.50,20.778
9993,16233,63.50,20.778
10000,32893,63.50,20.778
10003,16233,63.50,20.778
10011,32893,63.50,20.778
10013,16233,63.50,20.778
10020,32893,63.50,20.778
10023,16233,63.50,20.778
10030,32893,63.50,20.778
10033,16233,63.50,20.778
10040,32893,63.50,20.778
10043,16233,63.50,20.778
10051,32893,63.50,20.778
10053,16233,63.50,20.778
10060,32893,63.50,20.778
10063,16233,63.50,20.778
10070,32893,63.50,20.778
10073,16233,63.50,20.778
10080,32893,63.50,20.778
10083,16233,63.50,20.778
10090,32893,63.50,20.778
10094,16233,63.50,20.778
10100,32893,63.50,20.778
10103,16233,63.50,20.778
10110,32893,63.50,20.778
10113,16233,63.50,20.778
10120,32893,63.50,20.778
10123,16233,63.50,20.778
10130,32893,63.50,20.778
10133,16233,63.50,20.778
10140,32893,63.50,20.778
10143,16233,63.50,20.778
10151,32893,63.50,20.778
10153,16233,63.50,20.778
10160,32893,63.50,20.778
10163,16233,63.50,20.778
10170,32893,63.50,20.778
10173,16233,63.50,20.778
10180,32893,63.50,20.778
10183,16233,63.50,20.778
10191,32893,63.50,20.778
10193,16233,63.50,20.778
10200,32893,63.50,20.778
10203,16233,63.50,20.778
10211,32893,63.50,20.778
10213,16233,63.50,20.778
10220,32893,63.50,20.778
10223,16233,63.50,20.778
10230,32893,63.50,20.778
10233,16233,63.50,20.778
10240,32893,63.50,20.778
10244,16233,63.50,20.778
10251,32893,63.50,20.778
10253,16233,63.50,20.778
10260,32893,63.50,20.778
10263,16233,63.50,20.778
10271,32893,63.50,20.778
10273,16233,63.50,20.778
10281,32893,63.50,20.778
10283,16233,63.50,20.778
10291,32893,63.50,20.778
10295,16233,63.50,20.778
10301,32893,63.50,20.778
10303,16233,63.50,20.778
10311,32893,63.50,20.778
10313,16233,63.50,20.778
10320,32893,63.50,20.778
10324,16233,63.50,20.778
10331,32893,63.50,20.778
10333,16233,63.50,20.778
10340,32893,63.50,20.778
10343,16233,63.50,20.778
10351,32893,63.50,20.778
10353,16233,63.50,20.778
10361,32893,63.50,20.778
10363,16233,63.50,20.778
10371,32893,63.50,20.778
10373,16233,63.50,20.778
10381,32893,63.50,20.778
10384,16233,63.50,20.778
10391,32893,63.50,20.778
10393,16233,63.50,20.778
10401,32893,63.50,20.778
10403,16233,63.50,20.778
10410,32893,63.50,20.778
10413,16233,63.50,20.778
10421,32893,63.50,20.778
10423,16233,63.50,20.778
10431,32893,63.50,20.778
10433,16233,63.50,20.778
10440,32893,63.50,20.778
10444,16233,63.50,20.778
10451,32893,63.50,20.778
10454,16233,63.50,20.778
10461,32893,63.50,20.778
10464,16233,63.50,20.778
10471,32893,63.50,20.778
10473,16233,63.50,20.778
10480,32893,63.50,20.778
10483,16233,63.50,20.778
10491,32893,63.50,20.778
10493,16233,63.50,20.778
10500,32893,63.50,20.778
10503,16233,63.50,20.778
10511,32893,63.50,20.778
10514,16233,63.50,20.778
10521,32893,63.50,20.778
10523,16233,63.50,20.778
10531,32893,63.50,20.778
10533,16233,63.50,20.778
10541,32893,63.50,20.778
10543,16233,63.50,20.778
10551,32893,63.50,20.778
10553,16233,63.50,20.778
10561,32893,63.50,20.778
10564,16233,63.50,20.778
10571,32893,63.50,20.778
10573,16233,63.50,20.778
10581,32893,63.50,20.778
10584,16233,63.50,20.778
10591,32893,63.50,20.778
10593,16233,63.50,20.778
10603,32893,63.50,20.778
10603,16233,63.50,20.778
10611,32893,63.50,20.778
10614,16233,63.50,20.778
10621,32893,63.50,20.778
10623,16233,63.50,20.778
10631,32893,63.50,20.778
10633,16233,63.50,20.778
10640,32893,63.50,20.778
10643,16233,63.50,20.778
10651,32893,63.50,20.778
10653,16233,63.50,20.778
10661,32893,63.50,20.778
10663,16233,63.50,20.778
10671,32893,63.50,20.778
10673,16233,63.50,20.778
10681,32893,63.50,20.778
10683,16233,63.50,20.778
10691,32893,63.50,20.778
10693,16233,63.50,20.778
10700,32893,63.50,20.778
10703,16233,63.50,20.778
10711,32893,63.50,20.778
10713,16233,63.50,20.778
10721,32893,63.50,20.778
10723,16233,63.50,20.778
10730,32893,63.50,20.778
10733,16233,63.50,20.778
10740,32893,63.50,20.778
10743,16233,63.50,20.778
10750,32893,63.50,20.778
10753,16233,63.50,20.778
10760,32893,63.50,20.778
10763,16233,63.50,20.778
10770,32893,63.50,20.778
10773,16233,63.50,20.778
10781,32893,63.50,20.778
10783,16233,63.50,20.778
10791,32893,63.50,20.778
10793,16233,63.50,20.778
10801,32893,63.50,20.778
10804,16233,63.50,20.778
10811,32893,63.50,20.778
10813,16233,63.50,20.778
10821,32893,63.50,20.778
10823,16233,63.50,20.778
10830,32893,63.50,20.778
10833,16233,63.50,20.778
10840,32893,63.50,20.778
10843,16233,63.50,20.778
10850,32893,63.50,20.778
10853,16233,63.50,20.778
10860,32893,63.50,20.778
10864,16233,63.50,20.778
10871,32893,63.50,20.778
10873,16233,63.50,20.778
10881,32893,63.50,20.778
10884,16233,63.50,20.778
10890,32893,63.50,20.778
10893,16233,63.50,20.778
10901,32893,63.50,20.778
10903,16233,63.50,20.778
10911,32893,63.50,20.778
10913,16233,63.50,20.778
10922,32893,63.50,20.778
10924,16233,63.50,20.778
10931,32893,63.50,20.778
10933,16233,63.50,20.778
10941,32893,63.50,20.778
10943,16233,63.50,20.778
10951,32893,63.50,20.778
10953,16233,63.50,20.778
10961,32893,63.50,20.778
10963,16233,63.50,20.778
10971,32893,63.50,20.778
10973,16233,63.50,20.778
10980,32893,63.50,20.778
10983,16233,63.50,20.778
10990,32893,63.50,20.778
10993,16233,63.50,20.778
11000,32893,63.50,20.778
11003,16233,63.50,20.778
11010,32893,63.50,20.778
11013,16233,63.50,20.778
11020,32893,63.50,20.778
11024,16233,63.50,20.778
11030,32893,63.50,20.778
11033,16233,63.50,20.778
11040,32893,63.50,20.778
11043,16233,63.50,20.778
11051,32893,63.50,20.778
11053,16233,63.50,20.778
11060,32893,63.50,20.778
11063,16233,63.50,20.778
11071,32893,63.50,20.778
11073,16233,63.50,20.778
11080,32893,63.50,20.778
11083,16233,63.50,20.778
11090,32893,63.50,20.778
11093,16233,63.50,20.778
11100,32893,63.50,20.778
11103,16233,63.50,20.778
11110,32893,63.50,20.778
11113,16233,63.50,20.778
11120,32893,63.50,20.778
11123,16233,63.50,20.778
11131,32893,63.50,20.778
11133,16233,63.50,20.778
11141,32893,63.50,20.778
11143,16233,63.50,20.778
11150,32893,63.50,20.778
11153,16233,63.50,20.778
11161,32893,63.50,20.778
11163,16233,63.50,20.778
11170,32893,63.50,20.778
11173,16233,63.50,20.778
11180,32893,63.50,20.778
11183,16233,63.50,20.778
11191,32893,63.50,20.778
11194,16233,63.50,20.778
11200,32893,63.50,20.778
11203,16233,63.50,20.778
11211,32893,63.50,20.778
11213,16233,63.50,20.778
11220,32893,63.50,20.778
11223,16233,63.50,20.778
11230,32893,63.50,20.778
11233,16233,63.50,20.778
11240,32893,63.50,20.778
11243,16233,63.50,20.778
11250,32893,63.50,20.778
11253,16233,63.50,20.778
11260,32893,63.50,20.778
11263,16233,63.50,20.778
11270,32893,63.50,20.778
11273,16233,63.50,20.778
11281,32893,63.50,20.778
11283,16233,63.50,20.778
11291,32893,63.50,20.778
11293,16233,63.50,20.778
11300,32893,63.50,20.778
11303,16233,63.50,20.778
11310,32893,63.50,20.778
11313,16233,63.50,20.778
11321,32893,63.50,20.778
11323,16233,63.50,20.778
11331,32893,63.50,20.778
11334,16233,63.50,20.778
11341,32893,63.50,20.778
11343,16233,63.50,20.778
11351,32893,63.50,20.778
11354,16233,63.50,20.778
11360,32893,63.50,20.778
11363,16233,63.50,20.778
11371,32893,63.50,20.778
11373,16233,63.50,20.778
11381,32893,63.50,20.778
11383,16233,63.50,20.778
11391,32893,63.50,20.778
11393,16233,63.50,20.778
11400,32893,63.50,20.778
11404,16233,63.50,20.778
11411,32893,63.50,20.778
11413,16233,63.50,20.778
11421,32893,63.50,20.778
11423,16233,63.50,20.778
11431,32893,63.50,20.778
11433,16233,63.50,20.778
11442,32893,63.50,20.778
11443,16233,63.50,20.778
11451,32893,63.50,20.778
11453,16233,63.50,20.778
11460,32893,63.50,20.778
11463,16233,63.50,20.778
11471,32893,63.50,20.778
11473,16233,63.50,20.778
11481,32893,63.50,20.778
11483,16233,63.50,20.778
11492,32893,63.50,20.778
11493,16233,63.50,20.778
11501,32893,63.50,20.778
11503,16233,63.50,20.778
11512,32893,63.50,20.778
11513,16233,63.50,20.778
11521,32893,63.50,20.778
11525,16233,63.50,20.778
11531,32893,63.50,20.778
11534,16233,63.50,20.778
11540,32893,63.50,20.778
11543,16233,63.50,20.778
11550,32893,63.50,20.778
11555,16233,63.50,20.778
11561,32893,63.50,20.778
11564,16233,63.50,20.778
11573,32893,63.50,20.778
11573,16233,63.50,20.778
11580,32893,63.50,20.778
11584,16233,63.50,20.778
11591,32893,63.50,20.778
11593,16233,63.50,20.778
11602,32893,63.50,20.778
11603,16233,63.50,20.778
11612,32893,63.50,20.778
11613,16233,63.50,20.778
11622,32893,63.50,20.778
11623,16233,63.50,20.778
11632,32893,63.50,20.778
11634,16233,63.50,20.778
11641,32893,63.50,20.778
11644,16233,63.50,20.778
11652,32893,63.50,20.778
11653,16233,63.50,20.778
11661,32893,63.50,20.778
11663,16233,63.50,20.778
11671,32893,63.50,20.778
11673,16233,63.50,20.778
11681,32893,63.50,20.778
11683,16233,63.50,20.778
11692,32893,63.50,20.778
11694,16233,63.50,20.778
11701,32893,63.50,20.778
11703,16233,63.50,20.778
11712,32893,63.50,20.778
11713,16233,63.50,20.778
11721,32893,63.50,20.778
11723,16233,63.50,20.778
11731,32893,63.50,20.778
11733,16233,63.50,20.778
11740,32893,63.50,20.778
11743,16233,63.50,20.778
11753,32893,63.50,20.778
11754,16233,63.50,20.778
11761,32893,63.50,20.778
11763,16233,63.50,20.778
11771,32893,63.50,20.778
11774,16233,63.50,20.778
11781,32893,63.50,20.778
11783,16233,63.50,20.778
11791,32893,63.50,20.778
11793,16233,63.50,20.778
11801,32893,63.50,20.778
11803,16233,63.50,20.778
11811,32893,63.50,20.778
11813,16233,63.50,20.778
11820,32893,63.50,20.778
11823,16233,63.50,20.778
11830,32893,63.50,20.778
11833,16233,63.50,20.778
11841,32893,63.50,20.778
11843,16233,63.50,20.778
11851,32893,63.50,20.778
11854,16233,63.50,20.778
11861,32893,63.50,20.778
11863,16233,63.50,20.778
11870,32893,63.50,20.778
11873,16233,63.50,20.778
11880,32893,63.50,20.778
11883,16233,63.50,20.778
11890,32893,63.50,20.778
11893,16233,63.50,20.778
11901,32893,63.50,20.778
11903,16233,63.50,20.778
11911,32893,63.50,20.778
11913,16233,63.50,20.778
11921,32893,63.50,20.778
11924,16233,63.50,20.778
11930,32893,63.50,20.778
11933,16233,63.50,20.778
11941,32893,63.50,20.778
11943,16233,63.50,20.778
11951,32893,63.50,20.778
11953,16233,63.50,20.778
11960,32893,63.50,20.778
11963,16233,63.50,20.778
11970,32893,63.50,20.778
11975,16233,63.50,20.778
11981,32893,63.50,20.778
11983,16233,63.50,20.778
11990,32893,63.50,20.778
11993,16233,63.50,20.778
12000,32893,63.50,20.778
12003,16233,63.50,20.778
12010,32893,63.50,20.778
12012,16233,63.50,20.778
12020,32893,63.50,20.778
12023,16233,63.50,20.778
12030,32893,63.50,20.778
12033,16233,63.50,20.778
12040,32893,63.50,20.778
12043,16233,63.50,20.778
12051,32893,63.50,20.778
12053,16233,63.50,20.778
12060,32893,63.50,20.778
12063,16233,63.50,20.778
12070,32893,63.50,20.778
12073,16233,63.50,20.778
12080,32893,63.50,20.778
12082,16233,63.50,20.778
12090,32893,63.50,20.778
12093,16233,63.50,20.778
12100,32893,63.50,20.778
12103,16233,63.50,20.778
12110,32893,63.50,20.778
12113,16233,63.50,20.778
12120,32893,63.50,20.778
12123,16233,63.50,20.778
12130,32893,63.50,20.778
12133,16233,63.50,20.778
12141,32893,63.50,20.778
12143,16233,63.50,20.778
12150,32893,63.50,20.778
12153,16233,63.50,20.778
12160,32893,63.50,20.778
12163,16233,63.50,20.778
12171,32893,63.50,20.778
12173,16233,63.50,20.778
12180,32893,63.50,20.778
12183,16233,63.50,20.778
12190,32893,63.50,20.778
12193,16233,63.50,20.778
12201,32893,63.50,20.778
12203,16233,63.50,20.778
12212,32893,63.50,20.778
12214,16233,63.50,20.778
12220,32893,63.50,20.778
12223,16233,63.50,20.778
12230,32893,63.50,20.778
12233,16233,63.50,20.778
12241,32893,63.50,20.778
12243,16233,63.50,20.778
12250,32893,63.50,20.778
12253,16233,63.50,20.778
12260,32893,63.50,20.778
12263,16233,63.50,20.778
12270,32893,63.50,20.778
12273,16233,63.50,20.778
12280,32893,63.50,20.778
12283,16233,63.50,20.778
12290,32893,63.50,20.778
12295,16233,63.50,20.778
12300,32893,63.50,20.778
12303,16233,63.50,20.778
12311,32893,63.50,20.778
12313,16233,63.50,20.778
12320,32893,63.50,20.778
12323,16233,63.50,20.778
12330,32893,63.50,20.778
12333,16233,63.50,20.778
12340,32893,63.50,20.778
12343,16233,63.50,20.778
12350,32893,63.50,20.778
12353,16233,63.50,20.778
12360,32893,63.50,20.778
12363,16233,63.50,20.778
12370,32893,63.50,20.778
12373,16233,63.50,20.778
12380,32893,63.50,20.778
12383,16233,63.50,20.778
12390,32893,63.50,20.778
12393,16233,63.50,20.778
12400,32893,63.50,20.778
12403,16233,63.50,20.778
12410,32893,63.50,20.778
12413,16233,63.50,20.778
12420,32893,63.50,20.778
12423,16233,63.50,20.778
12430,32893,63.50,20.778
12433,16233,63.50,20.778
12440,32893,63.50,20.778
12443,16233,63.50,20.778
12450,32893,63.50,20.778
12453,16233,63.50,20.778
12461,32893,63.50,20.778
12464,16233,63.50,20.778
12470,32893,63.50,20.778
12473,16233,63.50,20.778
12480,32893,63.50,20.778
12483,16233,63.50,20.778
12490,32893,63.50,20.778
12493,16233,63.50,20.778
12501,32893,63.50,20.778
12503,16233,63.50,20.778
12510,32893,63.50,20.778
12513,16233,63.50,20.778
12521,32893,63.50,20.778
12523,16233,63.50,20.778
12530,32893,63.50,20.778
12533,16233,63.50,20.778
12540,32893,63.50,20.778
12543,16233,63.50,20.778
12550,32893,63.50,20.778
12553,16233,63.50,20.778
12560,32893,63.50,20.778
12563,16233,63.50,20.778
12570,32893,63.50,20.778
12573,16233,63.50,20.778
12580,32893,63.50,20.778
12584,16233,63.50,20.778
12591,32893,63.50,20.778
12593,16233,63.50,20.778
12600,32893,63.50,20.778
12603,16233,63.50,20.778
12610,32893,63.50,20.778
12613,16233,63.50,20.778
12620,32893,63.50,20.778
12623,16233,63.50,20.778
12630,32893,63.50,20.778
12633,16233,63.50,20.778
12640,32893,63.50,20.778
12643,16233,63.50,20.778
12650,32893,63.50,20.778
12653,16233,63.50,20.778
12660,32893,63.50,20.778
12663,16233,63.50,20.778
12670,32893,63.50,20.778
12673,16233,63.50,20.778
12680,32893,63.50,20.778
12683,16233,63.50,20.778
12690,32893,63.50,20.778
12693,16233,63.50,20.778
12700,32893,63.50,20.778
12703,16233,63.50,20.778
12710,32893,63.50,20.778
12713,16233,63.50,20.778
12720,32893,63.50,20.778
12722,16233,63.50,20.778
12730,32893,63.50,20.778
12733,16233,63.50,20.778
12741,32893,63.50,20.778
12743,16233,63.50,20.778
12750,32893,63.50,20.778
12753,16233,63.50,20.778
12761,32893,63.50,20.778
12763,16233,63.50,20.778
12770,32893,63.50,20.778
12773,16233,63.50,20.778
12780,32893,63.50,20.778
12783,16233,63.50,20.778
12791,32893,63.50,20.778
12794,16233,63.50,20.778
12801,32893,63.50,20.778
12803,16233,63.50,20.778
12811,32893,63.50,20.778
12813,16233,63.50,20.778
12821,32893,63.50,20.778
12823,16233,63.50,20.778
12831,32893,63.50,20.778
12833,16233,63.50,20.778
12840,32893,63.50,20.778
12843,16233,63.50,20.778
12850,32893,63.50,20.778
12853,16233,63.50,20.778
12860,32893,63.50,20.778
12863,16233,63.50,20.778
12870,32893,63.50,20.778
12873,16233,63.50,20.778
12880,32893,63.50,20.778
12883,16233,63.50,20.778
12891,32893,63.50,20.778
12893,16233,63.50,20.778
12900,32893,63.50,20.778
12903,16233,63.50,20.778
12910,32893,63.50,20.778
12913,16233,63.50,20.778
12920,32893,63.50,20.778
12923,16233,63.50,20.778
12930,32893,63.50,20.778
12933,16233,63.50,20.778
12940,32893,63.50,20.778
12943,16233,63.50,20.778
12950,32893,63.50,20.778
12953,16233,63.50,20.778
12960,32893,63.50,20.778
12963,16233,63.50,20.778
12971,32893,63.50,20.778
12973,16233,63.50,20.778
12981,32893,63.50,20.778
12983,16233,63.50,20.778
12990,32893,63.50,20.778
12993,16233,63.50,20.778
13000,32893,63.50,20.778
13003,16233,63.50,20.778
13010,32893,63.50,20.778
13013,16233,63.50,20.778
13020,32893,63.50,20.778
13023,16233,63.50,20.778
13030,32893,63.50,20.778
13033,16233,63.50,20.778
13041,32893,63.50,20.778
13043,16233,63.50,20.778
13050,32893,63.50,20.778
13052,16233,63.50,20.778
13060,32893,63.50,20.778
13063,16233,63.50,20.778
13070,32893,63.50,20.778
13073,16233,63.50,20.778
13080,32893,63.50,20.778
13083,16233,63.50,20.778
13090,32893,63.50,20.778
13094,16233,63.50,20.778
13100,32893,63.50,20.778
13103,16233,63.50,20.778
13110,32893,63.50,20.778
13113,16233,63.50,20.778
13120,32893,63.50,20.778
13123,16233,63.50,20.778
13131,32893,63.50,20.778
13133,16233,63.50,20.778
13140,32893,63.50,20.778
13144,16233,63.50,20.778
13150,32893,63.50,20.778
13153,16233,63.50,20.778
13160,32893,63.50,20.778
13163,16233,63.50,20.778
13170,32893,63.50,20.778
13173,16233,63.50,20.778
13180,32893,63.50,20.778
13183,16233,63.50,20.778
13191,32893,63.50,20.778
13193,16233,63.50,20.778
13200,32893,63.50,20.778
13203,16233,63.50,20.778
13210,32893,63.50,20.778
13213,16233,63.50,20.778
13220,32893,63.50,20.778
13223,16233,63.50,20.778
13230,32893,63.50,20.778
13233,16233,63.50,20.778
13240,32893,63.50,20.778
13243,16233,63.50,20.778
13251,32893,63.50,20.778
13253,16233,63.50,20.778
13260,32893,63.50,20.778
13263,16233,63.50,20.778
13270,32893,63.50,20.778
13273,16233,63.50,20.778
13280,32893,63.50,20.778
13283,16233,63.50,20.778
13290,32893,63.50,20.778
13293,16233,63.50,20.778
13300,32893,63.50,20.778
13303,16233,63.50,20.778
13310,32893,63.50,20.778
13313,16233,63.50,20.778
13320,32893,63.50,20.778
13323,16233,63.50,20.778
13330,32893,63.50,20.778
13333,16233,63.50,20.778
13340,32893,63.50,20.778
13343,16233,63.50,20.778
13350,32893,63.50,20.778
13353,16233,63.50,20.778
13360,32893,63.50,20.778
13363,16233,63.50,20.778
13370,32893,63.50,20.778
13373,16233,63.50,20.778
13380,32893,63.50,20.778
13383,16233,63.50,20.778
13390,32893,63.50,20.778
13393,16233,63.50,20.778
13400,32893,63.50,20.778
13403,16233,63.50,20.778
13410,32893,63.50,20.778
13413,16233,63.50,20.778
13420,32893,63.50,20.778
13423,16233,63.50,20.778
13430,32893,63.50,20.778
13433,16233,63.50,20.778
13440,32893,63.50,20.778
13443,16233,63.50,20.778
13450,32893,63.50,20.778
13453,16233,63.50,20.778
13460,32893,63.50,20.778
13463,16233,63.50,20.778
13470,32893,63.50,20.778
13473,16233,63.50,20.778
13480,32893,63.50,20.778
13482,16233,63.50,20.778
13490,32893,63.50,20.778
13493,16233,63.50,20.778
13500,32893,63.50,20.778
13503,16233,63.50,20.778
13510,32893,63.50,20.778
13513,16233,63.50,20.778
13520,32893,63.50,20.778
13523,16233,63.50,20.778
13530,32893,63.50,20.778
13533,16233,63.50,20.778
13541,32893,63.50,20.778
13543,16233,63.50,20.778
13550,32893,63.50,20.778
13553,16233,63.50,20.778
13560,32893,63.50,20.778
13563,16233,63.50,20.778
13570,32893,63.50,20.778
13573,16233,63.50,20.778
13580,32893,63.50,20.778
13583,16233,63.50,20.778
13590,32893,63.50,20.778
13593,16233,63.50,20.778
13600,32893,63.50,20.778
13603,16233,63.50,20.778
13610,32893,63.50,20.778
13613,16233,63.50,20.778
13620,32893,63.50,20.778
13622,16233,63.50,20.778
13630,32893,63.50,20.778
13633,16233,63.50,20.778
13640,32893,63.50,20.778
13643,16233,63.50,20.778
13650,32893,63.50,20.778
13653,16233,63.50,20.778
13660,32893,63.50,20.778
13662,16233,63.50,20.778
13670,32893,63.50,20.778
13673,16233,63.50,20.778
13680,32893,63.50,20.778
13683,16233,63.50,20.778
13690,32893,63.50,20.778
13693,16233,63.50,20.778
13701,32893,63.50,20.778
13703,16233,63.50,20.778
13711,32893,63.50,20.778
13713,16233,63.50,20.778
13721,32893,63.50,20.778
13723,16233,63.50,20.778
13730,32893,63.50,20.778
13733,16233,63.50,20.778
13740,32893,63.50,20.778
13743,16233,63.50,20.778
13750,32893,63.50,20.778
13753,16233,63.50,20.778
13761,32893,63.50,20.778
13763,16233,63.50,20.778
13770,32893,63.50,20.778
13773,16233,63.50,20.778
13781,32893,63.50,20.778
13783,16233,63.50,20.778
13791,32893,63.50,20.778
13793,16233,63.50,20.778
13801,32893,63.50,20.778
13803,16233,63.50,20.778
13811,32893,63.50,20.778
13813,16233,63.50,20.778
13820,32893,63.50,20.778
13823,16233,63.50,20.778
13831,32893,63.50,20.778
13833,16233,63.50,20.778
13840,32893,63.50,20.778
13843,16233,63.50,20.778
13850,32893,63.50,20.778
13853,16233,63.50,20.778
13861,32893,63.50,20.778
13863,16233,63.50,20.778
13870,32893,63.50,20.778
13874,16233,63.50,20.778
13881,32893,63.50,20.778
13883,16233,63.50,20.778
13891,32893,63.50,20.778
13893,16233,63.50,20.778
13900,32893,63.50,20.778
13903,16233,63.50,20.778
13910,32893,63.50,20.778
13913,16233,63.50,20.778
13920,32893,63.50,20.778
13923,16233,63.50,20.778
13932,32893,63.50,20.778
13933,16233,63.50,20.778
13940,32893,63.50,20.778
13943,16233,63.50,20.778
13950,32893,63.50,20.778
13953,16233,63.50,20.778
13960,32893,63.50,20.778
13963,16233,63.50,20.778
13970,32893,63.50,20.778
13973,16233,63.50,20.778
13980,32893,63.50,20.778
13983,16233,63.50,20.778
13990,32893,63.50,20.778
13993,16233,63.50,20.778
14000,32893,63.50,20.778
14003,16233,63.50,20.778
14010,32893,63.50,20.778
14013,16233,63.50,20.778
14020,32893,63.50,20.778
14023,16233,63.50,20.778
14031,32893,63.50,20.778
14033,16233,63.50,20.778
14040,32893,63.50,20.778
14043,16233,63.50,20.778
14050,32893,63.50,20.778
14053,16233,63.50,20.778
14060,32893,63.50,20.778
14063,16233,63.50,20.778
14071,32893,63.50,20.778
14073,16233,63.50,20.778
14080,32893,63.50,20.778
14083,16233,63.50,20.778
14090,32893,63.50,20.778
14093,16233,63.50,20.778
14100,32893,63.50,20.778
14103,16233,63.50,20.778
14110,32893,63.50,20.778
14113,16233,63.50,20.778
14120,32893,63.50,20.778
14123,16233,63.50,20.778
14131,32893,63.50,20.778
14133,16233,63.50,20.778
14140,32893,63.50,20.778
14143,16233,63.50,20.778
14150,32893,63.50,20.778
14153,16233,63.50,20.778
14160,32893,63.50,20.778
14163,16233,63.50,20.778
14170,32893,63.50,20.778
14173,16233,63.50,20.778
14180,32893,63.50,20.778
14183,16233,63.50,20.778
14190,32893,63.50,20.778
14193,16233,63.50,20.778
14200,32893,63.50,20.778
14203,16233,63.50,20.778
14211,32893,63.50,20.778
14213,16233,63.50,20.778
14220,32893,63.50,20.778
14223,16233,63.50,20.778
14231,32893,63.50,20.778
14233,16233,63.50,20.778
14240,32893,63.50,20.778
14243,16233,63.50,20.778
14250,32893,63.50,20.778
14253,16233,63.50,20.778
14260,32893,63.50,20.778
14263,16233,63.50,20.778
14270,32893,63.50,20.778
14273,16233,63.50,20.778
14281,32893,63.50,20.778
14283,16233,63.50,20.778
14290,32893,63.50,20.778
14293,16233,63.50,20.778
14300,32893,63.50,20.778
14303,16233,63.50,20.778
14310,32893,63.50,20.778
14313,16233,63.50,20.778
14320,32893,63.50,20.778
14323,16233,63.50,20.778
14330,32893,63.50,20.778
14333,16233,63.50,20.778
14341,32893,63.50,20.778
14343,16233,63.50,20.778
14351,32893,63.50,20.778
14353,16233,63.50,20.778
14360,32893,63.50,20.778
14363,16233,63.50,20.778
14370,32893,63.50,20.778
14373,16233,63.50,20.778
14381,32893,63.50,20.778
14384,16233,63.50,20.778
14390,32893,63.50,20.778
14393,16233,63.50,20.778
14400,32893,63.50,20.778
14403,16233,63.50,20.778
14411,32893,63.50,20.778
14413,16233,63.50,20.778
14420,32893,63.50,20.778
14423,16233,63.50,20.778
14430,32893,63.50,20.778
14433,16233,63.50,20.778
14440,32893,63.50,20.778
14443,16233,63.50,20.778
14450,32893,63.50,20.778
14453,16233,63.50,20.778
14461,32893,63.50,20.778
14463,16233,63.50,20.778
14470,32893,63.50,20.778
14473,16233,63.50,20.778
14480,32893,63.50,20.778
14483,16233,63.50,20.778
14490,32893,63.50,20.778
14493,16233,63.50,20.778
14500,32893,63.50,20.778
14503,16233,63.50,20.778
14510,32893,63.50,20.778
14513,16233,63.50,20.778
14520,32893,63.50,20.778
14523,16233,63.50,20.778
14530,32893,63.50,20.778
14533,16233,63.50,20.778
14540,32893,63.50,20.778
14543,16233,63.50,20.778
14550,32893,63.50,20.778
14553,16233,63.50,20.778
14560,32893,63.50,20.778
14564,16233,63.50,20.778
14570,32893,63.50,20.778
14573,16233,63.50,20.778
14580,32893,63.50,20.778
14583,16233,63.50,20.778
14590,32893,63.50,20.778
14593,16233,63.50,20.778
14600,32893,63.50,20.778
14603,16233,63.50,20.778
14610,32893,63.50,20.778
14613,16233,63.50,20.778
14620,32893,63.50,20.778
14623,16233,63.50,20.778
14631,32893,63.50,20.778
14633,16233,63.50,20.778
14641,32893,63.50,20.778
14643,16233,63.50,20.778
14650,32893,63.50,20.778
14653,16233,63.50,20.778
14660,32893,63.50,20.778
14663,16233,63.50,20.778
14670,32893,63.50,20.778
14673,16233,63.50,20.778
14680,32893,63.50,20.778
14683,16233,63.50,20.778
14690,32893,63.50,20.778
14693,16233,63.50,20.778
14701,32893,63.50,20.778
14703,16233,63.50,20.778
14710,32893,63.50,20.778
14713,16233,63.50,20.778
14720,32893,63.50,20.778
14723,16233,63.50,20.778
14730,32893,63.50,20.778
14733,16233,63.50,20.778
14740,32893,63.50,20.778
14743,16233,63.50,20.778
14750,32893,63.50,20.778
14753,16233,63.50,20.778
14761,32893,63.50,20.778
14763,16233,63.50,20.778
14770,32893,63.50,20.778
14773,16233,63.50,20.778
14780,32893,63.50,20.778
14783,16233,63.50,20.778
14790,32893,63.50,20.778
14793,16233,63.50,20.778
14800,32893,63.50,20.778
14803,16233,63.50,20.778
14810,32893,63.50,20.778
14813,16233,63.50,20.778
14820,32893,63.50,20.778
14823,16233,63.50,20.778
14830,32893,63.50,20.778
14833,16233,63.50,20.778
14840,32893,63.50,20.778
14843,16233,63.50,20.778
14850,32893,63.50,20.778
14854,16233,63.50,20.778
14861,32893,63.50,20.778
14863,16233,63.50,20.778
14870,32893,63.50,20.778
14873,16233,63.50,20.778
14880,32893,63.50,20.778
14883,16233,63.50,20.778
14890,32893,63.50,20.778
14893,16233,63.50,20.778
14900,32893,63.50,20.778
14903,16233,63.50,20.778
14910,32893,63.50,20.778
14913,16233,63.50,20.778
14920,32893,63.50,20.778
14923,16233,63.50,20.778
14930,32893,63.50,20.778
14933,16233,63.50,20.778
14941,32893,63.50,20.778
14943,16233,63.50,20.778
14950,32893,63.50,20.778
14953,16233,63.50,20.778
14961,32893,63.50,20.778
14963,16233,63.50,20.778
14971,32893,63.50,20.778
14973,16233,63.50,20.778
14980,32893,63.50,20.778
14983,16233,63.50,20.778
14990,32893,63.50,20.778
14993,16233,63.50,20.778
15000,32893,63.50,20.778
15003,16233,63.50,20.778
15010,32893,63.50,20.778
15013,16233,63.50,20.778
15020,32893,63.50,20.778
15023,16233,63.50,20.778
15030,32893,63.50,20.778
15033,16233,63.50,20.778
15041,32893,63.50,20.778
15043,16233,63.50,20.778
15050,32893,63.50,20.778
15053,16233,63.50,20.778
15060,32893,63.50,20.778
15063,16233,63.50,20.778
15070,32893,63.50,20.778
15073,16233,63.50,20.778
15080,32893,63.50,20.778
15083,16233,63.50,20.778
15090,32893,63.50,20.778
15093,16233,63.50,20.778
15101,32893,63.50,20.778
15103,16233,63.50,20.778
15110,32893,63.50,20.778
15113,16233,63.50,20.778
15120,32893,63.50,20.778
15123,16233,63.50,20.778
15130,32893,63.50,20.778
15133,16233,63.50,20.778
15140,32893,63.50,20.778
15143,16233,63.50,20.778
15151,32893,63.50,20.778
15153,16233,63.50,20.778
15160,32893,63.50,20.778
15163,16233,63.50,20.778
15171,32893,63.50,20.778
15174,16233,63.50,20.778
15181,32893,63.50,20.778
15183,16233,63.50,20.778
15190,32893,63.50,20.778
15193,16233,63.50,20.778
15200,32893,63.50,20.778
15203,16233,63.50,20.778
15210,32893,63.50,20.778
15213,16233,63.50,20.778
15220,32893,63.50,20.778
15223,16233,63.50,20.778
15230,32893,63.50,20.778
15233,16233,63.50,20.778
15240,32893,63.50,20.778
15243,16233,63.50,20.778
15250,32893,63.50,20.778
15253,16233,63.50,20.778
15261,32893,63.50,20.778
15263,16233,63.50,20.778
15270,32893,63.50,20.778
15273,16233,63.50,20.778
15280,32893,63.50,20.778
15283,16233,63.50,20.778
15291,32893,63.50,20.778
15294,16233,63.50,20.778
15300,32893,63.50,20.778
15303,16233,63.50,20.778
15310,32893,63.50,20.778
15313,16233,63.50,20.778
15320,32893,63.50,20.778
15323,16233,63.50,20.778
15330,32893,63.50,20.778
15333,16233,63.50,20.778
15340,32893,63.50,20.778
15343,16233,63.50,20.778
15350,32893,63.50,20.778
15353,16233,63.50,20.778
15360,32893,63.50,20.778
15363,16233,63.50,20.778
15370,32893,63.50,20.778
15373,16233,63.50,20.778
15381,32893,63.50,20.778
15383,16233,63.50,20.778
15391,32893,63.50,20.778
15394,16233,63.50,20.778
15400,32893,63.50,20.778
15404,16233,63.50,20.778
15410,32893,63.50,20.778
15413,16233,63.50,20.778
15421,32893,63.50,20.778
15424,16233,63.50,20.778
15431,32893,63.50,20.778
15433,16233,63.50,20.778
15440,32893,63.50,20.778
15443,16233,63.50,20.778
15451,32893,63.50,20.778
15453,16233,63.50,20.778
15460,32893,63.50,20.778
15463,16233,63.50,20.778
15471,32893,63.50,20.778
15475,16233,63.50,20.778
15481,32893,63.50,20.778
15483,16233,63.50,20.778
15491,32893,63.50,20.778
15493,16233,63.50,20.778
15500,32893,63.50,20.778
15504,16233,63.50,20.778
15511,32893,63.50,20.778
15513,16233,63.50,20.778
15521,32893,63.50,20.778
15523,16233,63.50,20.778
15531,32893,63.50,20.778
15533,16233,63.50,20.778
15540,32893,63.50,20.778
15543,16233,63.50,20.778
15551,32893,63.50,20.778
15553,16233,63.50,20.778
15560,32893,63.50,20.778
15563,16233,63.50,20.778
15571,32893,63.50,20.778
15573,16233,63.50,20.778
15580,32893,63.50,20.778
15583,16233,63.50,20.778
15590,32893,63.50,20.778
15593,16233,63.50,20.778
15601,32893,63.50,20.778
15603,16233,63.50,20.778
15610,32893,63.50,20.778
15613,16233,63.50,20.778
15620,32893,63.50,20.778
15623,16233,63.50,20.778
15630,32893,63.50,20.778
15633,16233,63.50,20.778
15640,32893,63.50,20.778
15643,16233,63.50,20.778
15651,32893,63.50,20.778
15653,16233,63.50,20.778
15661,32893,63.50,20.778
15663,16233,63.50,20.778
15670,32893,63.50,20.778
15673,16233,63.50,20.778
15680,32893,63.50,20.778
15683,16233,63.50,20.778
15690,32893,63.50,20.778
15693,16233,63.50,20.778
15701,32893,63.50,20.778
15703,16233,63.50,20.778
15710,32893,63.50,20.778
15713,16233,63.50,20.778
15720,32893,63.50,20.778
15723,16233,63.50,20.778
15730,32893,63.50,20.778
15733,16233,63.50,20.778
15740,32893,63.50,20.778
15743,16233,63.50,20.778
15750,32893,63.50,20.778
15753,16233,63.50,20.778
15760,32893,63.50,20.778
15763,16233,63.50,20.778
15770,32893,63.50,20.778
15773,16233,63.50,20.778
15780,32893,63.50,20.778
15783,16233,63.50,20.778
15790,32893,63.50,20.778
15793,16233,63.50,20.778
15800,32893,63.50,20.778
15803,16233,63.50,20.778
15810,32893,63.50,20.778
15813,16233,63.50,20.778
15820,32893,63.50,20.778
15823,16233,63.50,20.778
15830,32893,63.50,20.778
15833,16233,63.50,20.778
15840,32893,63.50,20.778
15843,16233,63.50,20.778
15850,32893,63.50,20.778
15853,16233,63.50,20.778
15860,32893,63.50,20.778
15863,16233,63.50,20.778
15870,32893,63.50,20.778
15873,16233,63.50,20.778
15880,32893,63.50,20.778
15883,16233,63.50,20.778
15890,32893,63.50,20.778
15893,16233,63.50,20.778
15900,32893,63.50,20.778
15903,16233,63.50,20.778
15910,32893,63.50,20.778
15913,16233,63.50,20.778
15920,32893,63.50,20.778
15923,16233,63.50,20.778
15930,32893,63.50,20.778
15933,16233,63.50,20.778
15940,32893,63.50,20.778
15943,16233,63.50,20.778
15950,32893,63.50,20.778
15952,16233,63.50,20.778
15960,32893,63.50,20.778
15963,16233,63.50,20.778
15970,32893,63.50,20.778
15973,16233,63.50,20.778
15980,32893,63.50,20.778
15983,16233,63.50,20.778
15990,32893,63.50,20.778
15993,16233,63.50,20.778
16000,32893,63.50,20.778
16003,16233,63.50,20.778
16010,32893,63.50,20.778
16013,16233,63.50,20.778
16020,32893,63.50,20.778
16023,16233,63.50,20.778
16031,32893,63.50,20.778
16033,16233,63.50,20.778
16040,32893,63.50,20.778
16043,16233,63.50,20.778
16050,32893,63.50,20.778
16053,16233,63.50,20.778
16060,32893,63.50,20.778
16063,16233,63.50,20.778
16070,32893,63.50,20.778
16074,16233,63.50,20.778
16081,32893,63.50,20.778
16083,16233,63.50,20.778
16090,32893,63.50,20.778
16093,16233,63.50,20.778
16100,32893,63.50,20.778
16103,16233,63.50,20.778
16111,32893,63.50,20.778
16113,16233,63.50,20.778
16120,32893,63.50,20.778
16122,16233,63.50,20.778
16130,32893,63.50,20.778
16133,16233,63.50,20.778
16140,32893,63.50,20.778
16143,16233,63.50,20.778
16150,32893,63.50,20.778
16153,16233,63.50,20.778
16160,32893,63.50,20.778
16163,16233,63.50,20.778
16170,32893,63.50,20.778
16173,16233,63.50,20.778
16180,32893,63.50,20.778
16183,16233,63.50,20.778
16190,32893,63.50,20.778
16193,16233,63.50,20.778
16200,32893,63.50,20.778
16203,16233,63.50,20.778
16210,32893,63.50,20.778
16213,16233,63.50,20.778
16220,32893,63.50,20.778
16223,16233,63.50,20.778
16230,32893,63.50,20.778
16233,16233,63.50,20.778
16240,32893,63.50,20.778
16243,16233,63.50,20.778
16251,32893,63.50,20.778
16253,16233,63.50,20.778
16260,32893,63.50,20.778
16263,16233,63.50,20.778
16270,32893,63.50,20.778
16273,16233,63.50,20.778
16280,32893,63.50,20.778
16283,16233,63.50,20.778
16290,32893,63.50,20.778
16293,16233,63.50,20.778
16300,32893,63.50,20.778
16303,16233,63.50,20.778
16310,32893,63.50,20.778
16313,16233,63.50,20.778
16320,32893,63.50,20.778
16323,16233,63.50,20.778
16330,32893,63.50,20.778
16333,16233,63.50,20.778
16340,32893,63.50,20.778
16343,16233,63.50,20.778
16350,32893,63.50,20.778
16353,16233,63.50,20.778
16361,32893,63.50,20.778
16363,16233,63.50,20.778
16370,32893,63.50,20.778
16373,16233,63.50,20.778
16381,32893,63.50,20.778
16383,16233,63.50,20.778
16391,32893,63.50,20.778
16393,16233,63.50,20.778
16400,32893,63.50,20.778
16403,16233,63.50,20.778
16410,32893,63.50,20.778
16413,16233,63.50,20.778
16420,32893,63.50,20.778
16423,16233,63.50,20.778
16430,32893,63.50,20.778
16433,16233,63.50,20.778
16440,32893,63.50,20.778
16443,16233,63.50,20.778
16450,32893,63.50,20.778
16453,16233,63.50,20.778
16460,32893,63.50,20.778
16463,16233,63.50,20.778
16470,32893,63.50,20.778
16473,16233,63.50,20.778
16480,32893,63.50,20.778
16483,16233,63.50,20.778
16490,32893,63.50,20.778
16493,16233,63.50,20.778
16500,32893,63.50,20.778
16503,16233,63.50,20.778
16510,32893,63.50,20.778
16513,16233,63.50,20.778
16520,32893,63.50,20.778
16523,16233,63.50,20.778
16530,32893,63.50,20.778
16533,16233,63.50,20.778
16540,32893,63.50,20.778
16543,16233,63.50,20.778
16550,32893,63.50,20.778
16553,16233,63.50,20.778
16561,32893,63.50,20.778
16563,16233,63.50,20.778
16570,32893,63.50,20.778
16573,16233,63.50,20.778
16580,32893,63.50,20.778
16583,16233,63.50,20.778
16590,32893,63.50,20.778
16593,16233,63.50,20.778
16600,32893,63.50,20.778
16604,16233,63.50,20.778
16610,32893,63.50,20.778
16613,16233,63.50,20.778
16620,32893,63.50,20.778
16623,16233,63.50,20.778
16630,32893,63.50,20.778
16633,16233,63.50,20.778
16640,32893,63.50,20.778
16643,16233,63.50,20.778
16650,32893,63.50,20.778
16653,16233,63.50,20.778
16660,32893,63.50,20.778
16663,16233,63.50,20.778
16670,32893,63.50,20.778
16673,16233,63.50,20.778
16680,32893,63.50,20.778
16683,16233,63.50,20.778
16690,32893,63.50,20.778
16693,16233,63.50,20.778
16700,32893,63.50,20.778
16703,16233,63.50,20.778
16710,32893,63.50,20.778
16713,16233,63.50,20.778
16720,32893,63.50,20.778
16723,16233,63.50,20.778
16730,32893,63.50,20.778
16733,16233,63.50,20.778
16740,32893,63.50,20.778
16743,16233,63.50,20.778
16750,32893,63.50,20.778
16753,16233,63.50,20.778
16760,32893,63.50,20.778
16763,16233,63.50,20.778
16770,32893,63.50,20.778
16773,16233,63.50,20.778
16780,32893,63.50,20.778
16783,16233,63.50,20.778
16790,32893,63.50,20.778
16794,16233,63.50,20.778
16800,32893,63.50,20.778
16803,16233,63.50,20.778
16810,32893,63.50,20.778
16813,16233,63.50,20.778
16820,32893,63.50,20.778
16823,16233,63.50,20.778
16830,32893,63.50,20.778
16833,16233,63.50,20.778
16840,32893,63.50,20.778
16843,16233,63.50,20.778
16850,32893,63.50,20.778
16853,16233,63.50,20.778
16860,32893,63.50,20.778
16863,16233,63.50,20.778
16871,32893,63.50,20.778
16873,16233,63.50,20.778
16880,32893,63.50,20.778
16883,16233,63.50,20.778
16890,32893,63.50,20.778
16893,16233,63.50,20.778
16900,32893,63.50,20.778
16903,16233,63.50,20.778
16910,32893,63.50,20.778
16913,16233,63.50,20.778
16920,32893,63.50,20.778
16923,16233,63.50,20.778
16930,32893,63.50,20.778
16933,16233,63.50,20.778
16940,32893,63.50,20.778
16943,16233,63.50,20.778
16950,32893,63.50,20.778
16953,16233,63.50,20.778
16960,32893,63.50,20.778
16963,16233,63.50,20.778
16970,32893,63.50,20.778
16973,16233,63.50,20.778
16980,32893,63.50,20.778
16983,16233,63.50,20.778
16990,32893,63.50,20.778
16993,16233,63.50,20.778
17000,32893,63.50,20.778
17003,16233,63.50,20.778
17010,32893,63.50,20.778
17013,16233,63.50,20.778
17020,32893,59.00,19.305
17023,16233,63.50,20.778
17031,32893,59.00,19.305
17033,16233,63.50,20.778
17040,32893,59.00,19.305
17043,16233,63.50,20.778
17050,32893,59.00,19.305
17053,16233,63.50,20.778
17060,32893,59.00,19.305
17063,16233,63.50,20.778
17071,32893,59.00,19.305
17073,16233,63.50,20.778
17081,32893,59.00,19.305
17084,16233,63.50,20.778
17090,32893,59.00,19.305
17093,16233,63.50,20.778
17100,32893,59.00,19.305
17103,16233,63.50,20.778
17110,32893,59.00,19.305
17113,16233,63.50,20.778
17120,32893,59.00,19.305
17123,16233,63.50,20.778
17131,32893,59.00,19.305
17133,16233,63.50,20.778
17140,32893,59.00,19.305
17143,16233,63.50,20.778
17150,32893,59.00,19.305
17153,16233,63.50,20.778
17161,32893,59.00,19.305
17163,16233,63.50,20.778
17171,32893,59.00,19.305
17173,16233,63.50,20.778
17180,32893,59.00,19.305
17183,16233,63.50,20.778
17191,32893,59.00,19.305
17193,16233,63.50,20.778
17200,32893,59.00,19.305
17203,16233,63.50,20.778
17211,32893,59.00,19.305
17214,16233,63.50,20.778
17220,32893,59.00,19.305
17225,16233,63.50,20.778
17231,32893,59.00,19.305
17233,16233,63.50,20.778
17241,32893,59.00,19.305
17243,16233,63.50,20.778
17250,32893,59.00,19.305
17254,16233,63.50,20.778
17261,32893,59.00,19.305
17263,16233,63.50,20.778
17270,32893,59.00,19.305
17273,16233,63.50,20.778
17280,32893,59.00,19.305
17283,16233,63.50,20.778
17291,32893,59.00,19.305
17293,16233,63.50,20.778
17300,32893,59.00,19.305
17303,16233,63.50,20.778
17311,32893,59.00,19.305
17314,16233,63.50,20.778
17320,32893,59.00,19.305
17323,16233,63.50,20.778
17331,32893,59.00,19.305
17333,16233,63.50,20.778
17341,32893,59.00,19.305
17343,16233,63.50,20.778
17350,32893,59.00,19.305
17353,16233,63.50,20.778
17360,32893,59.00,19.305
17363,16233,63.50,20.778
17371,32893,59.00,19.305
17373,16233,63.50,20.778
17381,32893,59.00,19.305
17383,16233,63.50,20.778
17390,32893,59.00,19.305
17393,16233,63.50,20.778
17401,32893,59.00,19.305
17403,16233,63.50,20.778
17410,32893,59.00,19.305
17413,16233,63.50,20.778
17420,32893,59.00,19.305
17423,16233,63.50,20.778
17430,32893,59.00,19.305
17433,16233,63.50,20.778
17441,32893,59.00,19.305
17443,16233,63.50,20.778
17450,32893,59.00,19.305
17453,16233,63.50,20.778
17460,32893,59.00,19.305
17463,16233,63.50,20.778
17471,32893,59.00,19.305
17473,16233,63.50,20.778
17481,32893,59.00,19.305
17483,16233,63.50,20.778
17491,32893,59.00,19.305
17493,16233,63.50,20.778
17500,32893,59.00,19.305
17503,16233,63.50,20.778
17511,32893,59.00,19.305
17513,16233,63.50,20.778
17521,32893,59.00,19.305
17523,16233,63.50,20.778
17530,32893,59.00,19.305
17533,16233,63.50,20.778
17541,32893,59.00,19.305
17543,16233,63.50,20.778
17550,32893,59.00,19.305
17554,16233,63.50,20.778
17560,32893,59.00,19.305
17563,16233,63.50,20.778
17571,32893,59.00,19.305
17574,16233,63.50,20.778
17580,32893,59.00,19.305
17583,16233,63.50,20.778
17590,32893,59.00,19.305
17593,16233,63.50,20.778
17600,32893,59.00,19.305
17603,16233,63.50,20.778
17610,32893,59.00,19.305
17613,16233,63.50,20.778
17621,32893,59.00,19.305
17623,16233,63.50,20.778
17630,32893,59.00,19.305
17633,16233,63.50,20.778
17640,32893,59.00,19.305
17643,16233,63.50,20.778
17650,32893,59.00,19.305
17653,16233,63.50,20.778
17660,32893,59.00,19.305
17663,16233,63.50,20.778
17670,32893,59.00,19.305
17673,16233,63.50,20.778
17680,32893,59.00,19.305
17683,16233,63.50,20.778
17690,32893,59.00,19.305
17693,16233,63.50,20.778
17700,32893,59.00,19.305
17703,16233,63.50,20.778
17710,32893,59.00,19.305
17712,16233,63.50,20.778
17720,32893,59.00,19.305
17723,16233,63.50,20.778
17730,32893,59.00,19.305
17733,16233,63.50,20.778
17740,32893,59.00,19.305
17743,16233,63.50,20.778
17750,32893,59.00,19.305
17753,16233,63.50,20.778
17760,32893,59.00,19.305
17763,16233,63.50,20.778
17770,32893,59.00,19.305
17773,16233,63.50,20.778
17780,32893,59.00,19.305
17783,16233,63.50,20.778
17790,32893,59.00,19.305
17793,16233,63.50,20.778
17800,32893,59.00,19.305
17803,16233,63.50,20.778
17810,32893,59.00,19.305
17812,16233,63.50,20.778
17820,32893,59.00,19.305
17823,16233,63.50,20.778
17830,32893,59.00,19.305
17833,16233,63.50,20.778
17840,32893,59.00,19.305
17843,16233,63.50,20.778
17850,32893,59.00,19.305
17853,16233,63.50,20.778
17860,32893,59.00,19.305
17862,16233,63.50,20.778
17870,32893,59.00,19.305
17873,16233,63.50,20.778
17880,32893,59.00,19.305
17883,16233,63.50,20.778
17890,32893,59.00,19.305
17893,16233,63.50,20.778
17900,32893,59.00,19.305
17903,16233,63.50,20.778
17911,32893,59.00,19.305
17913,16233,63.50,20.778
17921,32893,59.00,19.305
17923,16233,63.50,20.778
17930,32893,59.00,19.305
17933,16233,63.50,20.778
17940,32893,59.00,19.305
17943,16233,63.50,20.778
17950,32893,59.00,19.305
17954,16233,63.50,20.778
17960,32893,59.00,19.305
17963,16233,63.50,20.778
17971,32893,59.00,19.305
17973,16233,63.50,20.778
17980,32893,59.00,19.305
17983,16233,63.50,20.778
17990,32893,59.00,19.305
17993,16233,63.50,20.778
18000,32893,59.00,19.305
18003,16233,63.50,20.778
18010,32893,59.00,19.305
18013,16233,63.50,20.778
18020,32893,59.00,19.305
18023,16233,63.50,20.778
18030,32893,59.00,19.305
18033,16233,63.50,20.778
18040,32893,59.00,19.305
18042,16233,63.50,20.778
18050,32893,59.00,19.305
18054,16233,63.50,20.778
18061,32893,59.00,19.305
18063,16233,63.50,20.778
18070,32893,59.00,19.305
18073,16233,63.50,20.778
18080,32893,59.00,19.305
18083,16233,63.50,20.778
18090,32893,59.00,19.305
18093,16233,63.50,20.778
18100,32893,59.00,19.305
18103,16233,63.50,20.778
18110,32893,59.00,19.305
18114,16233,63.50,20.778
18120,32893,59.00,19.305
18122,16233,63.50,20.778
18130,32893,59.00,19.305
18133,16233,63.50,20.778
18140,32893,59.00,19.305
18143,16233,63.50,20.778
18150,32893,59.00,19.305
18153,16233,63.50,20.778
18160,32893,59.00,19.305
18163,16233,63.50,20.778
18170,32893,59.00,19.305
18173,16233,63.50,20.778
18180,32893,59.00,19.305
18182,16233,63.50,20.778
18190,32893,59.00,19.305
18193,16233,63.50,20.778
18200,32893,59.00,19.305
18203,16233,63.50,20.778
18211,32893,59.00,19.305
18213,16233,63.50,20.778
18220,32893,59.00,19.305
18223,16233,63.50,20.778
18230,32893,59.00,19.305
18233,16233,63.50,20.778
18240,32893,59.00,19.305
18243,16233,63.50,20.778
18250,32893,59.00,19.305
18253,16233,63.50,20.778
18260,32893,59.00,19.305
18262,16233,63.50,20.778
18270,32893,59.00,19.305
18273,16233,63.50,20.778
18281,32893,59.00,19.305
18283,16233,63.50,20.778
18290,32893,59.00,19.305
18293,16233,63.50,20.778
18300,32893,59.00,19.305
18303,16233,63.50,20.778
18310,32893,59.00,19.305
18313,16233,63.50,20.778
18320,32893,59.00,19.305
18323,16233,63.50,20.778
18330,32893,59.00,19.305
18333,16233,63.50,20.778
18340,32893,59.00,19.305
18343,16233,63.50,20.778
18350,32893,59.00,19.305
18353,16233,63.50,20.778
18360,32893,59.00,19.305
18363,16233,63.50,20.778
18370,32893,59.00,19.305
18373,16233,63.50,20.778
18380,32893,59.00,19.305
18383,16233,63.50,20.778
18390,32893,59.00,19.305
18393,16233,63.50,20.778
18400,32893,59.00,19.305
18403,16233,63.50,20.778
18410,32893,59.00,19.305
18413,16233,63.50,20.778
18420,32893,59.00,19.305
18423,16233,63.50,20.778
18430,32893,59.00,19.305
18433,16233,63.50,20.778
18440,32893,59.00,19.305
18443,16233,63.50,20.778
18450,32893,59.00,19.305
18452,16233,63.50,20.778
18460,32893,59.00,19.305
18463,16233,63.50,20.778
18470,32893,59.00,19.305
18472,16233,63.50,20.778
18480,32893,59.00,19.305
18483,16233,63.50,20.778
18490,32893,59.00,19.305
18493,16233,63.50,20.778
18500,32893,59.00,19.305
18503,16233,63.50,20.778
18510,32893,59.00,19.305
18513,16233,63.50,20.778
18520,32893,59.00,19.305
18523,16233,63.50,20.778
18530,32893,59.00,19.305
18533,16233,63.50,20.778
18540,32893,59.00,19.305
18543,16233,63.50,20.778
18550,32893,59.00,19.305
18553,16233,63.50,20.778
18560,32893,59.00,19.305
18563,16233,63.50,20.778
18571,32893,59.00,19.305
18573,16233,63.50,20.778
18580,32893,59.00,19.305
18584,16233,63.50,20.778
18590,32893,59.00,19.305
18593,16233,63.50,20.778
18600,32893,59.00,19.305
18603,16233,63.50,20.778
18610,32893,59.00,19.305
18613,16233,63.50,20.778
18620,32893,59.00,19.305
18623,16233,63.50,20.778
18630,32893,59.00,19.305
18633,16233,63.50,20.778
18640,32893,59.00,19.305
18642,16233,63.50,20.778
18650,32893,59.00,19.305
18653,16233,63.50,20.778
18660,32893,59.00,19.305
18663,16233,63.50,20.778
18670,32893,59.00,19.305
18673,16233,63.50,20.778
18680,32893,59.00,19.305
18683,16233,63.50,20.778
18690,32893,59.00,19.305
18693,16233,63.50,20.778
18700,32893,59.00,19.305
18703,16233,63.50,20.778
18710,32893,59.00,19.305
18713,16233,63.50,20.778
18720,32893,59.00,19.305
18723,16233,63.50,20.778
18730,32893,59.00,19.305
18733,16233,63.50,20.778
18740,32893,59.00,19.305
18743,16233,63.50,20.778
18750,32893,59.00,19.305
18753,16233,63.50,20.778
18760,32893,59.00,19.305
18763,16233,63.50,20.778
18770,32893,59.00,19.305
18773,16233,63.50,20.778
18780,32893,59.00,19.305
18783,16233,63.50,20.778
18790,32893,59.00,19.305
18793,16233,63.50,20.778
18800,32893,59.00,19.305
18803,16233,63.50,20.778
18810,32893,59.00,19.305
18813,16233,63.50,20.778
18820,32893,59.00,19.305
18823,16233,63.50,20.778
18830,32893,59.00,19.305
18833,16233,63.50,20.778
18840,32893,59.00,19.305
18843,16233,63.50,20.778
18850,32893,59.00,19.305
18853,16233,63.50,20.778
18860,32893,59.00,19.305
18863,16233,63.50,20.778
18871,32893,59.00,19.305
18873,16233,63.50,20.778
18880,32893,59.00,19.305
18883,16233,63.50,20.778
18890,32893,59.00,19.305
18893,16233,63.50,20.778
18901,32893,59.00,19.305
18903,16233,63.50,20.778
18911,32893,59.00,19.305
18913,16233,63.50,20.778
18920,32893,59.00,19.305
18923,16233,63.50,20.778
18931,32893,59.00,19.305
18933,16233,63.50,20.778
18940,32893,59.00,19.305
18943,16233,63.50,20.778
18951,32893,59.00,19.305
18953,16233,63.50,20.778
18960,32893,59.00,19.305
18963,16233,63.50,20.778
18970,32893,59.00,19.305
18973,16233,63.50,20.778
18981,32893,59.00,19.305
18983,16233,63.50,20.778
18990,32893,59.00,19.305
18993,16233,63.50,20.778
19000,32893,59.00,19.305
19003,16233,63.50,20.778
19010,32893,59.00,19.305
19013,16233,63.50,20.778
19020,32893,59.00,19.305
19023,16233,63.50,20.778
19030,32893,59.00,19.305
19033,16233,63.50,20.778
19040,32893,59.00,19.305
19043,16233,63.50,20.778
19050,32893,59.00,19.305
19053,16233,63.50,20.778
19060,32893,59.00,19.305
19063,16233,63.50,20.778
19070,32893,59.00,19.305
19073,16233,63.50,20.778
19081,32893,59.00,19.305
19083,16233,63.50,20.778
19090,32893,59.00,19.305
19093,16233,63.50,20.778
19100,32893,59.00,19.305
19103,16233,63.50,20.778
19110,32893,59.00,19.305
19113,16233,63.50,20.778
19120,32893,59.00,19.305
19123,16233,63.50,20.778
19130,32893,59.00,19.305
19134,16233,63.50,20.778
19140,32893,59.00,19.305
19143,16233,63.50,20.778
19150,32893,59.00,19.305
19153,16233,63.50,20.778
19160,32893,59.00,19.305
19163,16233,63.50,20.778
19170,32893,59.00,19.305
19173,16233,63.50,20.778
19180,32893,59.00,19.305
19183,16233,63.50,20.778
19190,32893,59.00,19.305
19193,16233,63.50,20.778
19200,32893,59.00,19.305
19203,16233,63.50,20.778
19210,32893,59.00,19.305
19213,16233,63.50,20.778
19220,32893,59.00,19.305
19223,16233,63.50,20.778
19230,32893,59.00,19.305
19233,16233,63.50,20.778
19240,32893,59.00,19.305
19243,16233,63.50,20.778
19250,32893,59.00,19.305
19253,16233,63.50,20.778
19260,32893,59.00,19.305
19263,16233,63.50,20.778
19270,32893,59.00,19.305
19273,16233,63.50,20.778
19280,32893,59.00,19.305
19283,16233,63.50,20.778
19290,32893,59.00,19.305
19293,16233,63.50,20.778
19300,32893,59.00,19.305
19303,16233,63.50,20.778
19310,32893,59.00,19.305
19313,16233,63.50,20.778
19320,32893,59.00,19.305
19323,16233,63.50,20.778
19331,32893,59.00,19.305
19333,16233,63.50,20.778
19340,32893,59.00,19.305
19343,16233,63.50,20.778
19350,32893,59.00,19.305
19353,16233,63.50,20.778
19360,32893,59.00,19.305
19363,16233,63.50,20.778
19370,32893,59.00,19.305
19373,16233,63.50,20.778
19380,32893,59.00,19.305
19383,16233,63.50,20.778
19390,32893,59.00,19.305
19393,16233,63.50,20.778
19401,32893,59.00,19.305
19403,16233,63.50,20.778
19411,32893,59.00,19.305
19413,16233,63.50,20.778
19420,32893,59.00,19.305
19423,16233,63.50,20.778
19431,32893,59.00,19.305
19433,16233,63.50,20.778
19440,32893,59.00,19.305
19443,16233,63.50,20.778
19450,32893,59.00,19.305
19453,16233,63.50,20.778
19461,32893,59.00,19.305
19463,16233,63.50,20.778
19471,32893,59.00,19.305
19474,16233,63.50,20.778
19481,32893,59.00,19.305
19483,16233,63.50,20.778
19490,32893,59.00,19.305
19493,16233,63.50,20.778
19500,32893,59.00,19.305
19503,16233,63.50,20.778
19510,32893,59.00,19.305
19513,16233,63.50,20.778
19521,32893,59.00,19.305
19523,16233,63.50,20.778
19531,32893,59.00,19.305
19533,16233,63.50,20.778
19540,32893,59.00,19.305
19543,16233,63.50,20.778
19550,32893,59.00,19.305
19553,16233,63.50,20.778
19560,32893,59.00,19.305
19563,16233,63.50,20.778
19571,32893,59.00,19.305
19573,16233,63.50,20.778
19581,32893,59.00,19.305
19583,16233,63.50,20.778
19591,32893,59.00,19.305
19593,16233,63.50,20.778
19601,32893,59.00,19.305
19604,16233,63.50,20.778
19611,32893,59.00,19.305
19613,16233,63.50,20.778
19622,32893,59.00,19.305
19624,16233,63.50,20.778
19630,32893,59.00,19.305
19633,16233,63.50,20.778
19640,32893,59.00,19.305
19643,16233,63.50,20.778
19650,32893,59.00,19.305
19653,16233,63.50,20.778
19660,32893,59.00,19.305
19663,16233,63.50,20.778
19671,32893,59.00,19.305
19673,16233,63.50,20.778
19680,32893,59.00,19.305
19683,16233,63.50,20.778
19690,32893,59.00,19.305
19693,16233,63.50,20.778
19700,32893,59.00,19.305
19703,16233,63.50,20.778
19710,32893,59.00,19.305
19713,16233,63.50,20.778
19720,32893,59.00,19.305
19723,16233,63.50,20.778
19730,32893,59.00,19.305
19733,16233,63.50,20.778
19740,32893,59.00,19.305
19743,16233,63.50,20.778
19750,32893,59.00,19.305
19753,16233,63.50,20.778
19760,32893,59.00,19.305
19763,16233,63.50,20.778
19770,32893,59.00,19.305
19773,16233,63.50,20.778
19781,32893,59.00,19.305
19783,16233,63.50,20.778
19790,32893,59.00,19.305
19793,16233,63.50,20.778
19800,32893,59.00,19.305
19803,16233,63.50,20.778
19811,32893,59.00,19.305
19813,16233,63.50,20.778
19820,32893,59.00,19.305
19823,16233,63.50,20.778
19831,32893,59.00,19.305
19834,16233,63.50,20.778
19841,32893,59.00,19.305
19843,16233,63.50,20.778
19850,32893,59.00,19.305
19853,16233,63.50,20.778
19860,32893,59.00,19.305
19863,16233,63.50,20.778
19870,32893,59.00,19.305
19873,16233,63.50,20.778
19880,32893,59.00,19.305
19883,16233,63.50,20.778
19891,32893,59.00,19.305
19893,16233,63.50,20.778
19900,32893,59.00,19.305
19903,16233,63.50,20.778
19910,32893,59.00,19.305
19913,16233,63.50,20.778
19920,32893,59.00,19.305
19923,16233,63.50,20.778
19930,32893,59.00,19.305
19933,16233,63.50,20.778
19940,32893,59.00,19.305
19943,16233,63.50,20.778
19950,32893,59.00,19.305
19953,16233,63.50,20.778
19960,32893,59.00,19.305
19963,16233,63.50,20.778
19970,32893,59.00,19.305
19974,16233,63.50,20.778
19981,32893,59.00,19.305
19984,16233,63.50,20.778
19990,32893,59.00,19.305
19993,16233,63.50,20.778
20000,32893,59.00,19.305
20003,16233,63.50,20.778
20010,32893,59.00,19.305
20013,16233,63.50,20.778
20020,32893,59.00,19.305
20023,16233,63.50,20.778
20031,32893,59.00,19.305
20033,16233,63.50,20.778
20040,32893,59.00,19.305
20043,16233,63.50,20.778
20050,32893,59.00,19.305
20053,16233,63.50,20.778
20060,32893,59.00,19.305
20063,16233,63.50,20.778
20071,32893,59.00,19.305
20073,16233,63.50,20.778
20080,32893,59.00,19.305
20083,16233,63.50,20.778
20091,32893,59.00,19.305
20093,16233,63.50,20.778
20101,32893,59.00,19.305
20103,16233,63.50,20.778
20110,32893,59.00,19.305
20113,16233,63.50,20.778
20120,32893,59.00,19.305
20123,16233,63.50,20.778
20130,32893,59.00,19.305
20133,16233,63.50,20.778
20140,32893,59.00,19.305
20143,16233,63.50,20.778
20150,32893,59.00,19.305
20153,16233,63.50,20.778
20161,32893,59.00,19.305
20163,16233,63.50,20.778
20170,32893,59.00,19.305
20173,16233,63.50,20.778
20180,32893,59.00,19.305
20183,16233,63.50,20.778
20190,32893,59.00,19.305
20193,16233,63.50,20.778
20200,32893,59.00,19.305
20203,16233,63.50,20.778
20211,32893,59.00,19.305
20213,16233,63.50,20.778
20220,32893,59.00,19.305
20223,16233,63.50,20.778
20230,32893,59.00,19.305
20232,16233,63.50,20.778
20240,32893,59.00,19.305
20243,16233,63.50,20.778
20250,32893,59.00,19.305
20253,16233,63.50,20.778
20260,32893,59.00,19.305
20263,16233,63.50,20.778
20270,32893,59.00,19.305
20273,16233,63.50,20.778
20280,32893,59.00,19.305
20283,16233,63.50,20.778
20290,32893,59.00,19.305
20293,16233,63.50,20.778
20300,32893,59.00,19.305
20303,16233,63.50,20.778
20310,32893,59.00,19.305
20313,16233,63.50,20.778
20320,32893,59.00,19.305
20323,16233,63.50,20.778
20330,32893,59.00,19.305
20333,16233,63.50,20.778
20341,32893,59.00,19.305
20343,16233,63.50,20.778
20350,32893,59.00,19.305
20354,16233,63.50,20.778
20360,32893,59.00,19.305
20363,16233,63.50,20.778
20370,32893,59.00,19.305
20373,16233,63.50,20.778
20380,32893,59.00,19.305
20383,16233,63.50,20.778
20390,32893,59.00,19.305
20393,16233,63.50,20.778
20400,32893,59.00,19.305
20403,16233,63.50,20.778
20411,32893,59.00,19.305
20413,16233,63.50,20.778
20420,32893,59.00,19.305
20423,16233,63.50,20.778
20430,32893,59.00,19.305
20433,16233,63.50,20.778
20440,32893,59.00,19.305
20443,16233,63.50,20.778
20450,32893,59.00,19.305
20453,16233,63.50,20.778
20460,32893,59.00,19.305
20463,16233,63.50,20.778
20470,32893,59.00,19.305
20473,16233,63.50,20.778
20480,32893,59.00,19.305
20483,16233,63.50,20.778
20490,32893,59.00,19.305
20493,16233,63.50,20.778
20500,32893,59.00,19.305
20503,16233,63.50,20.778
20510,32893,59.00,19.305
20513,16233,63.50,20.778
20520,32893,59.00,19.305
20523,16233,63.50,20.778
20530,32893,59.00,19.305
20533,16233,63.50,20.778
20540,32893,59.00,19.305
20543,16233,63.50,20.778
20550,32893,59.00,19.305
20553,16233,63.50,20.778
20560,32893,59.00,19.305
20563,16233,63.50,20.778
20570,32893,59.00,19.305
20573,16233,63.50,20.778
20580,32893,59.00,19.305
20583,16233,63.50,20.778
20590,32893,59.00,19.305
20593,16233,63.50,20.778
20600,32893,59.00,19.305
20603,16233,63.50,20.778
20610,32893,59.00,19.305
20613,16233,63.50,20.778
20620,32893,59.00,19.305
20623,16233,63.50,20.778
20630,32893,59.00,19.305
20633,16233,63.50,20.778
20640,32893,59.00,19.305
20643,16233,63.50,20.778
20650,32893,59.00,19.305
20653,16233,63.50,20.778
20660,32893,59.00,19.305
20662,16233,63.50,20.778
20670,32893,59.00,19.305
20673,16233,63.50,20.778
20680,32893,59.00,19.305
20683,16233,63.50,20.778
20690,32893,59.00,19.305
20693,16233,63.50,20.778
20700,32893,59.00,19.305
20703,16233,63.50,20.778
20710,32893,59.00,19.305
20713,16233,63.50,20.778
20720,32893,59.00,19.305
20723,16233,63.50,20.778
20731,32893,59.00,19.305
20733,16233,63.50,20.778
20740,32893,59.00,19.305
20743,16233,63.50,20.778
20750,32893,59.00,19.305
20753,16233,63.50,20.778
20760,32893,59.00,19.305
20765,16233,63.50,20.778
20770,32893,59.00,19.305
20773,16233,63.50,20.778
20780,32893,59.00,19.305
20783,16233,63.50,20.778
20790,32893,59.00,19.305
20793,16233,63.50,20.778
20800,32893,59.00,19.305
20803,16233,63.50,20.778
20810,32893,59.00,19.305
20813,16233,63.50,20.778
20820,32893,59.00,19.305
20823,16233,63.50,20.778
20830,32893,59.00,19.305
20833,16233,63.50,20.778
20840,32893,59.00,19.305
20845,16233,63.50,20.778
20850,32893,59.00,19.305
20853,16233,63.50,20.778
20860,32893,59.00,19.305
20863,16233,63.50,20.778
20870,32893,59.00,19.305
20873,16233,63.50,20.778
20880,32893,59.00,19.305
20883,16233,63.50,20.778
20890,32893,59.00,19.305
20894,16233,63.50,20.778
20900,32893,59.00,19.305
20903,16233,63.50,20.778
20910,32893,59.00,19.305
20913,16233,63.50,20.778
20920,32893,59.00,19.305
20923,16233,63.50,20.778
20930,32893,59.00,19.305
20933,16233,63.50,20.778
20941,32893,59.00,19.305
20943,16233,63.50,20.778
20950,32893,59.00,19.305
20953,16233,63.50,20.778
20960,32893,59.00,19.305
20963,16233,63.50,20.778
20970,32893,59.00,19.305
20973,16233,63.50,20.778
20980,32893,59.00,19.305
20983,16233,63.50,20.778
20990,32893,59.00,19.305
20993,16233,63.50,20.778
21000,32893,59.00,19.305
21003,16233,63.50,20.778
21010,32893,59.00,19.305
21013,16233,63.50,20.778
21020,32893,59.00,19.305
21023,16233,63.50,20.778
21030,32893,59.00,19.305
21033,16233,63.50,20.778
21040,32893,59.00,19.305
21043,16233,63.50,20.778
21050,32893,59.00,19.305
21053,16233,63.50,20.778
21060,32893,59.00,19.305
21063,16233,63.50,20.778
21070,32893,59.00,19.305
21073,16233,63.50,20.778
21080,32893,59.00,19.305
21083,16233,63.50,20.778
21090,32893,59.00,19.305
21093,16233,63.50,20.778
21100,32893,59.00,19.305
21104,16233,63.50,20.778
21110,32893,59.00,19.305
21113,16233,63.50,20.778
21120,32893,59.00,19.305
21123,16233,63.50,20.778
21130,32893,59.00,19.305
21133,16233,63.50,20.778
21140,32893,59.00,19.305
21143,16233,63.50,20.778
21151,32893,59.00,19.305
21153,16233,63.50,20.778
21160,32893,59.00,19.305
21163,16233,63.50,20.778
21170,32893,59.00,19.305
21173,16233,63.50,20.778
21180,32893,59.00,19.305
21183,16233,63.50,20.778
21190,32893,59.00,19.305
21193,16233,63.50,20.778
21200,32893,59.00,19.305
21203,16233,63.50,20.778
21211,32893,59.00,19.305
21213,16233,63.50,20.778
21220,32893,59.00,19.305
21223,16233,63.50,20.778
21230,32893,59.00,19.305
21233,16233,63.50,20.778
21240,32893,59.00,19.305
21243,16233,63.50,20.778
21250,32893,59.00,19.305
21253,16233,63.50,20.778
21260,32893,59.00,19.305
21263,16233,63.50,20.778
21270,32893,59.00,19.305
21273,16233,63.50,20.778
21281,32893,59.00,19.305
21283,16233,63.50,20.778
21291,32893,59.00,19.305
21293,16233,63.50,20.778
21300,32893,59.00,19.305
21303,16233,63.50,20.778
21310,32893,59.00,19.305
21313,16233,63.50,20.778
21320,32893,59.00,19.305
21323,16233,63.50,20.778
21330,32893,59.00,19.305
21333,16233,63.50,20.778
21341,32893,59.00,19.305
21343,16233,63.50,20.778
21350,32893,59.00,19.305
21353,16233,63.50,20.778
21360,32893,59.00,19.305
21363,16233,63.50,20.778
21370,32893,59.00,19.305
21373,16233,63.50,20.778
21380,32893,59.00,19.305
21383,16233,63.50,20.778
21391,32893,59.00,19.305
21393,16233,63.50,20.778
21400,32893,59.00,19.305
21403,16233,63.50,20.778
21411,32893,59.00,19.305
21413,16233,63.50,20.778
21420,32893,59.00,19.305
21423,16233,63.50,20.778
21431,32893,59.00,19.305
21433,16233,63.50,20.778
21440,32893,59.00,19.305
21443,16233,63.50,20.778
21450,32893,59.00,19.305
21453,16233,63.50,20.778
21460,32893,59.00,19.305
21463,16233,63.50,20.778
21471,32893,59.00,19.305
21473,16233,63.50,20.778
21480,32893,59.00,19.305
21485,16233,63.50,20.778
21490,32893,59.00,19.305
21493,16233,63.50,20.778
21500,32893,59.00,19.305
21503,16233,63.50,20.778
21510,32893,59.00,19.305
21513,16233,63.50,20.778
21520,32893,59.00,19.305
21523,16233,63.50,20.778
21530,32893,59.00,19.305
21533,16233,63.50,20.778
21540,32893,59.00,19.305
21543,16233,63.50,20.778
21550,32893,59.00,19.305
21553,16233,63.50,20.778
21560,32893,59.00,19.305
21563,16233,63.50,20.778
21571,32893,59.00,19.305
21573,16233,63.50,20.778
21580,32893,59.00,19.305
21583,16233,63.50,20.778
21590,32893,59.00,19.305
21593,16233,63.50,20.778
21601,32893,59.00,19.305
21603,16233,63.50,20.778
21610,32893,59.00,19.305
21613,16233,63.50,20.778
21620,32893,59.00,19.305
21623,16233,63.50,20.778
21630,32893,59.00,19.305
21633,16233,63.50,20.778
21640,32893,59.00,19.305
21643,16233,63.50,20.778
21650,32893,59.00,19.305
21653,16233,63.50,20.778
21660,32893,59.00,19.305
21663,16233,63.50,20.778
21670,32893,63.50,20.778
21673,16233,63.50,20.778
21680,32893,63.50,20.778
21683,16233,63.50,20.778
21690,32893,63.50,20.778
21693,16233,63.50,20.778
21700,32893,63.50,20.778
21703,16233,63.50,20.778
21710,32893,63.50,20.778
21713,16233,63.50,20.778
21721,32893,63.50,20.778
21723,16233,63.50,20.778
21730,32893,63.50,20.778
21733,16233,63.50,20.778
21740,32893,63.50,20.778
21743,16233,63.50,20.778
21750,32893,63.50,20.778
21753,16233,63.50,20.778
21760,32893,63.50,20.778
21763,16233,63.50,20.778
21770,32893,63.50,20.778
21773,16233,63.50,20.778
21780,32893,63.50,20.778
21783,16233,63.50,20.778
21790,32893,63.50,20.778
21793,16233,63.50,20.778
21801,32893,63.50,20.778
21803,16233,63.50,20.778
21810,32893,63.50,20.778
21813,16233,63.50,20.778
21820,32893,63.50,20.778
21823,16233,63.50,20.778
21830,32893,63.50,20.778
21833,16233,63.50,20.778
21840,32893,63.50,20.778
21843,16233,63.50,20.778
21851,32893,63.50,20.778
21853,16233,63.50,20.778
21860,32893,63.50,20.778
21863,16233,63.50,20.778
21870,32893,63.50,20.778
21873,16233,63.50,20.778
21880,32893,63.50,20.778
21883,16233,63.50,20.778
21892,32893,63.50,20.778
21893,16233,63.50,20.778
21900,32893,63.50,20.778
21903,16233,63.50,20.778
21910,32893,63.50,20.778
21913,16233,63.50,20.778
21921,32893,63.50,20.778
21924,16233,63.50,20.778
21931,32893,63.50,20.778
21933,16233,63.50,20.778
21940,32893,63.50,20.778
21943,16233,63.50,20.778
21951,32893,63.50,20.778
21953,16233,63.50,20.778
21961,32893,63.50,20.778
21963,16233,63.50,20.778
21970,32893,63.50,20.778
21973,16233,63.50,20.778
21981,32893,63.50,20.778
21983,16233,63.50,20.778
21990,32893,63.50,20.778
21993,16233,63.50,20.778
22000,32893,63.50,20.778
22003,16233,63.50,20.778
22010,32893,63.50,20.778
22012,16233,63.50,20.778
22020,32893,63.50,20.778
22023,16233,63.50,20.778
22031,32893,63.50,20.778
22033,16233,63.50,20.778
22040,32893,63.50,20.778
22043,16233,63.50,20.778
22050,32893,63.50,20.778
22053,16233,63.50,20.778
22060,32893,63.50,20.778
22063,16233,63.50,20.778
22070,32893,63.50,20.778
22073,16233,63.50,20.778
22080,32893,63.50,20.778
22083,16233,63.50,20.778
22090,32893,63.50,20.778
22093,16233,63.50,20.778
22100,32893,63.50,20.778
22103,16233,63.50,20.778
22110,32893,63.50,20.778
22113,16233,63.50,20.778
22120,32893,63.50,20.778
22123,16233,63.50,20.778
22130,32893,63.50,20.778
22133,16233,63.50,20.778
22140,32893,63.50,20.778
22143,16233,63.50,20.778
22150,32893,63.50,20.778
22153,16233,63.50,20.778
22160,32893,63.50,20.778
22163,16233,63.50,20.778
22170,32893,63.50,20.778
22173,16233,63.50,20.778
22180,32893,63.50,20.778
22183,16233,63.50,20.778
22190,32893,63.50,20.778
22193,16233,63.50,20.778
22200,32893,63.50,20.778
22203,16233,63.50,20.778
22211,32893,63.50,20.778
22213,16233,63.50,20.778
22220,32893,63.50,20.778
22223,16233,63.50,20.778
22230,32893,63.50,20.778
22233,16233,63.50,20.778
22240,32893,63.50,20.778
22243,16233,63.50,20.778
22251,32893,63.50,20.778
22253,16233,63.50,20.778
22260,32893,63.50,20.778
22263,16233,63.50,20.778
22270,32893,63.50,20.778
22273,16233,63.50,20.778
22280,32893,63.50,20.778
22283,16233,63.50,20.778
22290,32893,63.50,20.778
22293,16233,63.50,20.778
22300,32893,63.50,20.778
22303,16233,63.50,20.778
22310,32893,63.50,20.778
22313,16233,63.50,20.778
22320,32893,63.50,20.778
22323,16233,63.50,20.778
22330,32893,63.50,20.778
22333,16233,63.50,20.778
22341,32893,63.50,20.778
22343,16233,63.50,20.778
22350,32893,63.50,20.778
22353,16233,63.50,20.778
22360,32893,63.50,20.778
22363,16233,63.50,20.778
22370,32893,63.50,20.778
22373,16233,63.50,20.778
22380,32893,63.50,20.778
22383,16233,63.50,20.778
22390,32893,63.50,20.778
22393,16233,63.50,20.778
22400,32893,63.50,20.778
22403,16233,63.50,20.778
22410,32893,63.50,20.778
22413,16233,63.50,20.778
22420,32893,63.50,20.778
22423,16233,63.50,20.778
22431,32893,63.50,20.778
22433,16233,63.50,20.778
22440,32893,63.50,20.778
22443,16233,63.50,20.778
22450,32893,63.50,20.778
22453,16233,63.50,20.778
22460,32893,63.50,20.778
22463,16233,63.50,20.778
22471,32893,63.50,20.778
22473,16233,63.50,20.778
22480,32893,63.50,20.778
22483,16233,63.50,20.778
22490,32893,63.50,20.778
22493,16233,63.50,20.778
22500,32893,63.50,20.778
22503,16233,63.50,20.778
22510,32893,63.50,20.778
22513,16233,63.50,20.778
22520,32893,63.50,20.778
22523,16233,63.50,20.778
22530,32893,63.50,20.778
22533,16233,63.50,20.778
22540,32893,63.50,20.778
22543,16233,63.50,20.778
22550,32893,63.50,20.778
22553,16233,63.50,20.778
22560,32893,63.50,20.778
22563,16233,63.50,20.778
22571,32893,63.50,20.778
22573,16233,63.50,20.778
22581,32893,63.50,20.778
22583,16233,63.50,20.778
22590,32893,63.50,20.778
22593,16233,63.50,20.778
22601,32893,63.50,20.778
22603,16233,63.50,20.778
22610,32893,63.50,20.778
22613,16233,63.50,20.778
22620,32893,63.50,20.778
22623,16233,63.50,20.778
22630,32893,63.50,20.778
22633,16233,63.50,20.778
22640,32893,63.50,20.778
22642,16233,63.50,20.778
22650,32893,63.50,20.778
22653,16233,63.50,20.778
22661,32893,63.50,20.778
22663,16233,63.50,20.778
22671,32893,63.50,20.778
22673,16233,63.50,20.778
22681,32893,63.50,20.778
22683,16233,63.50,20.778
22690,32893,63.50,20.778
22693,16233,63.50,20.778
22700,32893,63.50,20.778
22703,16233,63.50,20.778
22710,32893,63.50,20.778
22713,16233,63.50,20.778
22720,32893,63.50,20.778
22723,16233,63.50,20.778
22730,32893,63.50,20.778
22733,16233,63.50,20.778
22741,32893,63.50,20.778
22743,16233,63.50,20.778
22750,32893,63.50,20.778
22753,16233,63.50,20.778
22760,32893,63.50,20.778
22763,16233,63.50,20.778
22770,32893,63.50,20.778
22773,16233,63.50,20.778
22780,32893,63.50,20.778
22783,16233,63.50,20.778
22790,32893,63.50,20.778
22793,16233,63.50,20.778
22800,32893,63.50,20.778
22802,16233,63.50,20.778
22811,32893,63.50,20.778
22813,16233,63.50,20.778
22820,32893,63.50,20.778
22823,16233,63.50,20.778
22830,32893,63.50,20.778
22833,16233,63.50,20.778
22840,32893,63.50,20.778
22843,16233,63.50,20.778
22850,32893,63.50,20.778
22853,16233,63.50,20.778
22860,32893,63.50,20.778
22863,16233,63.50,20.778
22870,32893,63.50,20.778
22872,16233,63.50,20.778
22880,32893,63.50,20.778
22883,16233,63.50,20.778
22890,32893,63.50,20.778
22893,16233,63.50,20.778
22900,32893,63.50,20.778
22903,16233,63.50,20.778
22911,32893,63.50,20.778
22913,16233,63.50,20.778
22920,32893,63.50,20.778
22923,16233,63.50,20.778
22931,32893,63.50,20.778
22933,16233,63.50,20.778
22940,32893,63.50,20.778
22943,16233,63.50,20.778
22950,32893,63.50,20.778
22952,16233,63.50,20.778
22961,32893,63.50,20.778
22963,16233,63.50,20.778
22970,32893,63.50,20.778
22973,16233,63.50,20.778
22980,32893,63.50,20.778
22983,16233,63.50,20.778
22991,32893,63.50,20.778
22993,16233,63.50,20.778
23000,32893,63.50,20.778
23003,16233,63.50,20.778
23010,32893,63.50,20.778
23013,16233,63.50,20.778
23020,32893,63.50,20.778
23023,16233,63.50,20.778
23030,32893,63.50,20.778
23033,16233,63.50,20.778
23040,32893,63.50,20.778
23043,16233,63.50,20.778
23050,32893,63.50,20.778
23053,16233,63.50,20.778
23060,32893,63.50,20.778
23063,16233,63.50,20.778
23070,32893,63.50,20.778
23073,16233,63.50,20.778
23080,32893,63.50,20.778
23083,16233,63.50,20.778
23090,32893,63.50,20.778
23093,16233,63.50,20.778
23100,32893,63.50,20.778
23103,16233,63.50,20.778
23110,32893,63.50,20.778
23113,16233,63.50,20.778
23120,32893,63.50,20.778
23123,16233,63.50,20.778
23130,32893,63.50,20.778
23133,16233,63.50,20.778
23140,32893,63.50,20.778
23143,16233,63.50,20.778
23151,32893,63.50,20.778
23153,16233,63.50,20.778
23160,32893,63.50,20.778
23163,16233,63.50,20.778
23170,32893,63.50,20.778
23173,16233,63.50,20.778
23180,32893,63.50,20.778
23183,16233,63.50,20.778
23190,32893,63.50,20.778
23193,16233,63.50,20.778
23200,32893,63.50,20.778
23203,16233,63.50,20.778
23211,32893,63.50,20.778
23213,16233,63.50,20.778
23220,32893,63.50,20.778
23224,16233,63.50,20.778
23230,32893,63.50,20.778
23233,16233,63.50,20.778
23240,32893,63.50,20.778
23243,16233,63.50,20.778
23250,32893,63.50,20.778
23253,16233,63.50,20.778
23260,32893,63.50,20.778
23263,16233,63.50,20.778
23271,32893,63.50,20.778
23273,16233,63.50,20.778
23281,32893,63.50,20.778
23283,16233,63.50,20.778
23291,32893,63.50,20.778
23293,16233,63.50,20.778
23300,32893,63.50,20.778
23303,16233,63.50,20.778
23310,32893,63.50,20.778
23313,16233,63.50,20.778
23320,32893,63.50,20.778
23323,16233,63.50,20.778
23330,32893,63.50,20.778
23333,16233,63.50,20.778
23340,32893,63.50,20.778
23343,16233,63.50,20.778
23350,32893,63.50,20.778
23353,16233,63.50,20.778
23360,32893,63.50,20.778
23363,16233,63.50,20.778
23370,32893,63.50,20.778
23373,16233,63.50,20.778
23380,32893,63.50,20.778
23383,16233,63.50,20.778
23390,32893,63.50,20.778
23393,16233,63.50,20.778
23401,32893,63.50,20.778
23403,16233,63.50,20.778
23410,32893,63.50,20.778
23413,16233,63.50,20.778
23420,32893,63.50,20.778
23423,16233,63.50,20.778
23430,32893,63.50,20.778
23433,16233,63.50,20.778
23440,32893,63.50,20.778
23443,16233,63.50,20.778
23450,32893,63.50,20.778
23453,16233,63.50,20.778
23460,32893,63.50,20.778
23463,16233,63.50,20.778
23470,32893,63.50,20.778
23474,16233,63.50,20.778
23480,32893,63.50,20.778
23483,16233,63.50,20.778
23490,32893,63.50,20.778
23493,16233,63.50,20.778
23500,32893,63.50,20.778
23503,16233,63.50,20.778
23510,32893,63.50,20.778
23513,16233,63.50,20.778
23520,32893,63.50,20.778
23523,16233,63.50,20.778
23530,32893,63.50,20.778
23532,16233,63.50,20.778
23540,32893,63.50,20.778
23543,16233,63.50,20.778
23550,32893,63.50,20.778
23553,16233,63.50,20.778
23560,32893,63.50,20.778
23563,16233,63.50,20.778
23570,32893,63.50,20.778
23573,16233,63.50,20.778
23580,32893,63.50,20.778
23583,16233,63.50,20.778
23590,32893,63.50,20.778
23593,16233,63.50,20.778
23600,32893,63.50,20.778
23603,16233,63.50,20.778
23610,32893,63.50,20.778
23613,16233,63.50,20.778
23620,32893,63.50,20.778
23623,16233,63.50,20.778
23630,32893,63.50,20.778
23633,16233,63.50,20.778
23640,32893,63.50,20.778
23643,16233,63.50,20.778
23650,32893,63.50,20.778
23653,16233,63.50,20.778
23660,32893,63.50,20.778
23663,16233,63.50,20.778
23670,32893,63.50,20.778
23672,16233,63.50,20.778
23680,32893,63.50,20.778
23683,16233,63.50,20.778
23690,32893,63.50,20.778
23693,16233,63.50,20.778
23700,32893,63.50,20.778
23703,16233,63.50,20.778
23710,32893,63.50,20.778
23713,16233,63.50,20.778
23721,32893,63.50,20.778
23723,16233,63.50,20.778
23730,32893,63.50,20.778
23733,16233,63.50,20.778
23740,32893,63.50,20.778
23743,16233,63.50,20.778
23750,32893,63.50,20.778
23753,16233,63.50,20.778
23760,32893,63.50,20.778
23763,16233,63.50,20.778
23770,32893,63.50,20.778
23773,16233,63.50,20.778
23780,32893,63.50,20.778
23783,16233,63.50,20.778
23790,32893,63.50,20.778
23793,16233,63.50,20.778
23800,32893,63.50,20.778
23803,16233,63.50,20.778
23811,32893,63.50,20.778
23812,16233,63.50,20.778
23820,32893,63.50,20.778
23823,16233,63.50,20.778
23830,32893,63.50,20.778
23833,16233,63.50,20.778
23840,32893,63.50,20.778
23843,16233,63.50,20.778
23850,32893,63.50,20.778
23853,16233,63.50,20.778
23860,32893,63.50,20.778
23863,16233,63.50,20.778
23870,32893,63.50,20.778
23873,16233,63.50,20.778
23880,32893,63.50,20.778
23883,16233,63.50,20.778
23890,32893,63.50,20.778
23893,16233,63.50,20.778
23900,32893,63.50,20.778
23903,16233,63.50,20.778
23911,32893,63.50,20.778
23913,16233,63.50,20.778
23920,32893,63.50,20.778
23923,16233,63.50,20.778
23930,32893,63.50,20.778
23933,16233,63.50,20.778
23940,32893,63.50,20.778
23943,16233,63.50,20.778
23951,32893,63.50,20.778
23953,16233,63.50,20.778
23961,32893,63.50,20.778
23963,16233,63.50,20.778
23970,32893,63.50,20.778
23973,16233,63.50,20.778
23980,32893,63.50,20.778
23983,16233,63.50,20.778
23990,32893,63.50,20.778
23993,16233,63.50,20.778
24000,32893,63.50,20.778
24003,16233,63.50,20.778
24010,32893,63.50,20.778
24013,16233,63.50,20.778
24021,32893,63.50,20.778
24023,16233,63.50,20.778
24031,32893,63.50,20.778
24033,16233,63.50,20.778
24040,32893,63.50,20.778
24043,16233,63.50,20.778
24050,32893,63.50,20.778
24053,16233,63.50,20.778
24060,32893,63.50,20.778
24063,16233,63.50,20.778
24070,32893,63.50,20.778
24073,16233,63.50,20.778
24080,32893,63.50,20.778
24083,16233,63.50,20.778
24090,32893,63.50,20.778
24093,16233,63.50,20.778
24100,32893,63.50,20.778
24103,16233,63.50,20.778
24110,32893,63.50,20.778
24113,16233,63.50,20.778
24120,32893,63.50,20.778
24123,16233,63.50,20.778
24131,32893,63.50,20.778
24133,16233,63.50,20.778
24140,32893,63.50,20.778
24143,16233,63.50,20.778
24151,32893,63.50,20.778
24153,16233,63.50,20.778
24160,32893,63.50,20.778
24163,16233,63.50,20.778
24170,32893,63.50,20.778
24173,16233,63.50,20.778
24181,32893,63.50,20.778
24183,16233,63.50,20.778
24190,32893,63.50,20.778
24193,16233,63.50,20.778
24201,32893,63.50,20.778
24203,16233,63.50,20.778
24211,32893,63.50,20.778
24213,16233,63.50,20.778
24220,32893,63.50,20.778
24223,16233,63.50,20.778
24231,32893,63.50,20.778
24233,16233,63.50,20.778
24241,32893,63.50,20.778
24243,16233,63.50,20.778
24251,32893,63.50,20.778
24253,16233,63.50,20.778
24261,32893,63.50,20.778
24263,16233,63.50,20.778
24271,32893,63.50,20.778
24274,16233,63.50,20.778
24280,32893,63.50,20.778
24283,16233,63.50,20.778
24291,32893,63.50,20.778
24294,16233,63.50,20.778
24301,32893,63.50,20.778
24303,16233,63.50,20.778
24311,32893,63.50,20.778
24313,16233,63.50,20.778
24321,32893,63.50,20.778
24323,16233,63.50,20.778
24331,32893,63.50,20.778
24333,16233,63.50,20.778
24341,32893,63.50,20.778
24343,16233,63.50,20.778
24351,32893,63.50,20.778
24353,16233,63.50,20.778
24361,32893,63.50,20.778
24363,16233,63.50,20.778
24371,32893,63.50,20.778
24373,16233,63.50,20.778
24380,32893,63.50,20.778
24383,16233,63.50,20.778
24391,32893,63.50,20.778
24393,16233,63.50,20.778
24400,32893,63.50,20.778
24403,16233,63.50,20.778
24411,32893,63.50,20.778
24413,16233,63.50,20.778
24420,32893,63.50,20.778
24423,16233,63.50,20.778
24431,32893,63.50,20.778
24433,16233,63.50,20.778
24442,32893,63.50,20.778
24443,16233,63.50,20.778
24450,32893,63.50,20.778
24453,16233,63.50,20.778
24461,32893,63.50,20.778
24463,16233,63.50,20.778
24471,32893,63.50,20.778
24473,16233,63.50,20.778
24481,32893,63.50,20.778
24483,16233,63.50,20.778
24491,32893,63.50,20.778
24493,16233,63.50,20.778
24500,32893,63.50,20.778
24503,16233,63.50,20.778
24511,32893,63.50,20.778
24514,16233,63.50,20.778
24521,32893,63.50,20.778
24523,16233,63.50,20.778
24530,32893,63.50,20.778
24533,16233,63.50,20.778
24541,32893,63.50,20.778
24543,16233,63.50,20.778
24552,32893,63.50,20.778
24553,16233,63.50,20.778
24561,32893,63.50,20.778
24563,16233,63.50,20.778
24571,32893,63.50,20.778
24573,16233,63.50,20.778
24581,32893,63.50,20.778
24584,16233,63.50,20.778
24591,32893,63.50,20.778
24593,16233,63.50,20.778
24601,32893,63.50,20.778
24604,16233,63.50,20.778
24610,32893,63.50,20.778
24613,16233,63.50,20.778
24621,32893,63.50,20.778
24623,16233,63.50,20.778
24630,32893,63.50,20.778
24633,16233,63.50,20.778
24641,32893,63.50,20.778
24643,16233,63.50,20.778
24651,32893,63.50,20.778
24653,16233,63.50,20.778
24661,32893,63.50,20.778
24663,16233,63.50,20.778
24671,32893,63.50,20.778
24673,16233,63.50,20.778
24680,32893,63.50,20.778
24683,16233,63.50,20.778
24690,32893,63.50,20.778
24693,16233,63.50,20.778
24701,32893,63.50,20.778
24703,16233,63.50,20.778
24710,32893,63.50,20.778
24713,16233,63.50,20.778
24720,32893,63.50,20.778
24723,16233,63.50,20.778
24730,32893,63.50,20.778
24733,16233,63.50,20.778
24741,32893,63.50,20.778
24744,16233,63.50,20.778
24751,32893,63.50,20.778
24753,16233,63.50,20.778
24760,32893,63.50,20.778
24763,16233,63.50,20.778
24770,32893,63.50,20.778
24773,16233,63.50,20.778
24780,32893,63.50,20.778
24783,16233,63.50,20.778
24790,32893,63.50,20.778
24793,16233,63.50,20.778
24800,32893,63.50,20.778
24803,16233,63.50,20.778
24810,32893,63.50,20.778
24813,16233,63.50,20.778
24820,32893,63.50,20.778
24823,16233,63.50,20.778
24831,32893,63.50,20.778
24833,16233,63.50,20.778
24840,32893,63.50,20.778
24843,16233,63.50,20.778
24850,32893,63.50,20.778
24853,16233,63.50,20.778
24860,32893,63.50,20.778
24863,16233,63.50,20.778
24870,32893,63.50,20.778
24873,16233,63.50,20.778
24880,32893,63.50,20.778
24883,16233,63.50,20.778
24891,32893,63.50,20.778
24893,16233,63.50,20.778
24901,32893,63.50,20.778
24903,16233,63.50,20.778
24910,32893,63.50,20.778
24913,16233,63.50,20.778
24921,32893,63.50,20.778
24923,16233,63.50,20.778
24930,32893,63.50,20.778
24933,16233,63.50,20.778
24940,32893,63.50,20.778
24943,16233,63.50,20.778
24950,32893,63.50,20.778
24953,16233,63.50,20.778
24960,32893,63.50,20.778
24963,16233,63.50,20.778
24970,32893,63.50,20.778
24973,16233,63.50,20.778
24980,32893,63.50,20.778
24983,16233,63.50,20.778
24991,32893,63.50,20.778
24993,16233,63.50,20.778
25000,32893,63.50,20.778
25003,16233,63.50,20.778
25010,32893,63.50,20.778
25013,16233,63.50,20.778
25020,32893,63.50,20.778
25023,16233,63.50,20.778
25030,32893,63.50,20.778
25033,16233,63.50,20.778
25040,32893,63.50,20.778
25043,16233,63.50,20.778
25050,32893,63.50,20.778
25053,16233,63.50,20.778
25060,32893,63.50,20.778
25063,16233,63.50,20.778
25071,32893,63.50,20.778
25073,16233,63.50,20.778
25082,32893,63.50,20.778
25083,16233,63.50,20.778
25090,32893,63.50,20.778
25093,16233,63.50,20.778
25101,32893,63.50,20.778
25103,16233,63.50,20.778
25111,32893,63.50,20.778
25113,16233,63.50,20.778
25120,32893,63.50,20.778
25123,16233,63.50,20.778
25132,32893,63.50,20.778
25133,16233,63.50,20.778
25141,32893,63.50,20.778
25143,16233,63.50,20.778
25150,32893,63.50,20.778
25153,16233,63.50,20.778
25160,32893,63.50,20.778
25164,16233,63.50,20.778
25171,32893,63.50,20.778
25173,16233,63.50,20.778
25181,32893,63.50,20.778
25184,16233,63.50,20.778
25193,16233,63.50,20.778
25193,32893,63.50,20.778
25201,32893,63.50,20.778
25203,16233,63.50,20.778
25211,32893,63.50,20.778
25213,16233,63.50,20.778
25221,32893,63.50,20.778
25223,16233,63.50,20.778
25231,32893,63.50,20.778
25233,16233,63.50,20.778
25241,32893,63.50,20.778
25243,16233,63.50,20.778
25251,32893,63.50,20.778
25253,16233,63.50,20.778
25261,32893,63.50,20.778
25263,16233,63.50,20.778
25270,32893,63.50,20.778
25273,16233,63.50,20.778
25280,32893,63.50,20.778
25283,16233,63.50,20.778
25290,32893,63.50,20.778
25293,16233,63.50,20.778
25301,32893,63.50,20.778
25303,16233,63.50,20.778
25311,32893,63.50,20.778
25314,16233,63.50,20.778
25320,32893,63.50,20.778
25323,16233,63.50,20.778
25330,32893,63.50,20.778
25333,16233,63.50,20.778
25340,32893,63.50,20.778
25343,16233,63.50,20.778
25351,32893,63.50,20.778
25353,16233,63.50,20.778
25360,32893,63.50,20.778
25363,16233,63.50,20.778
25370,32893,63.50,20.778
25373,16233,63.50,20.778
25380,32893,63.50,20.778
25383,16233,63.50,20.778
25390,32893,63.50,20.778
25393,16233,63.50,20.778
25400,32893,63.50,20.778
25403,16233,63.50,20.778
25410,32893,63.50,20.778
25413,16233,63.50,20.778
25420,32893,63.50,20.778
25423,16233,63.50,20.778
25430,32893,63.50,20.778
25433,16233,63.50,20.778
25441,32893,63.50,20.778
25443,16233,63.50,20.778
25451,32893,63.50,20.778
25453,16233,63.50,20.778
25461,32893,63.50,20.778
25463,16233,63.50,20.778
25470,32893,63.50,20.778
25473,16233,63.50,20.778
25481,32893,63.50,20.778
25483,16233,63.50,20.778
25491,32893,63.50,20.778
25493,16233,63.50,20.778
25500,32893,63.50,20.778
25503,16233,63.50,20.778
25510,32893,63.50,20.778
25513,16233,63.50,20.778
25520,32893,63.50,20.778
25523,16233,63.50,20.778
25530,32893,63.50,20.778
25533,16233,63.50,20.778
25540,32893,63.50,20.778
25543,16233,63.50,20.778
25551,32893,63.50,20.778
25553,16233,63.50,20.778
25561,32893,63.50,20.778
25564,16233,63.50,20.778
25572,32893,63.50,20.778
25573,16233,63.50,20.778
25581,32893,63.50,20.778
25584,16233,63.50,20.778
25590,32893,63.50,20.778
25593,16233,63.50,20.778
25601,32893,63.50,20.778
25603,16233,63.50,20.778
25610,32893,63.50,20.778
25613,16233,63.50,20.778
25621,32893,63.50,20.778
25623,16233,63.50,20.778
25631,32893,63.50,20.778
25633,16233,63.50,20.778
25640,32893,63.50,20.778
25643,16233,63.50,20.778
25651,32893,63.50,20.778
25653,16233,63.50,20.778
25661,32893,63.50,20.778
25663,16233,63.50,20.778
25670,32893,63.50,20.778
25673,16233,63.50,20.778
25681,32893,63.50,20.778
25683,16233,63.50,20.778
25690,32893,63.50,20.778
25694,16233,63.50,20.778
25701,32893,63.50,20.778
25704,16233,63.50,20.778
25710,32893,63.50,20.778
25713,16233,63.50,20.778
25721,32893,63.50,20.778
25723,16233,63.50,20.778
25730,32893,63.50,20.778
25734,16233,63.50,20.778
25740,32893,63.50,20.778
25743,16233,63.50,20.778
25751,32893,63.50,20.778
25753,16233,63.50,20.778
25763,32893,63.50,20.778
25763,16233,63.50,20.778
25771,32893,63.50,20.778
25773,16233,63.50,20.778
25780,32893,63.50,20.778
25783,16233,63.50,20.778
25791,32893,63.50,20.778
25793,16233,63.50,20.778
25800,32893,63.50,20.778
25803,16233,63.50,20.778
25810,32893,63.50,20.778
25813,16233,63.50,20.778
25821,32893,63.50,20.778
25823,16233,63.50,20.778
25830,32893,63.50,20.778
25833,16233,63.50,20.778
25840,32893,63.50,20.778
25843,16233,63.50,20.778
25850,32893,63.50,20.778
25853,16233,63.50,20.778
25860,32893,63.50,20.778
25863,16233,63.50,20.778
25870,32893,63.50,20.778
25873,16233,63.50,20.778
25881,32893,63.50,20.778
25883,16233,63.50,20.778
25891,32893,63.50,20.778
25893,16233,63.50,20.778
25900,32893,63.50,20.778
25903,16233,63.50,20.778
25911,32893,63.50,20.778
25913,16233,63.50,20.778
25920,32893,63.50,20.778
25923,16233,63.50,20.778
25930,32893,63.50,20.778
25933,16233,63.50,20.778
25940,32893,63.50,20.778
25943,16233,63.50,20.778
25951,32893,63.50,20.778
25953,16233,63.50,20.778
25960,32893,63.50,20.778
25963,16233,63.50,20.778
25970,32893,63.50,20.778
25973,16233,63.50,20.778
25980,32893,63.50,20.778
25983,16233,63.50,20.778
25990,32893,63.50,20.778
25993,16233,63.50,20.778
26000,32893,63.50,20.778
26003,16233,63.50,20.778
26010,32893,63.50,20.778
26013,16233,63.50,20.778
26020,32893,63.50,20.778
26023,16233,63.50,20.778
26030,32893,63.50,20.778
26033,16233,63.50,20.778
26041,32893,63.50,20.778
26043,16233,63.50,20.778
26050,32893,63.50,20.778
26053,16233,63.50,20.778
26060,32893,63.50,20.778
26063,16233,63.50,20.778
26070,32893,63.50,20.778
26073,16233,63.50,20.778
26080,32893,63.50,20.778
26083,16233,63.50,20.778
26090,32893,63.50,20.778
26093,16233,63.50,20.778
26100,32893,63.50,20.778
26103,16233,63.50,20.778
26111,32893,63.50,20.778
26113,16233,63.50,20.778
26120,32893,63.50,20.778
26122,16233,63.50,20.778
26130,32893,63.50,20.778
26133,16233,63.50,20.778
26141,32893,63.50,20.778
26143,16233,63.50,20.778
26150,32893,63.50,20.778
26153,16233,63.50,20.778
26160,32893,63.50,20.778
26163,16233,63.50,20.778
26171,32893,63.50,20.778
26173,16233,63.50,20.778
26180,32893,63.50,20.778
26183,16233,63.50,20.778
26191,32893,63.50,20.778
26193,16233,63.50,20.778
26200,32893,63.50,20.778
26203,16233,63.50,20.778
26211,32893,63.50,20.778
26213,16233,63.50,20.778
26220,32893,63.50,20.778
26224,16233,63.50,20.778
26230,32893,63.50,20.778
26233,16233,63.50,20.778
26240,32893,63.50,20.778
26243,16233,63.50,20.778
26250,32893,63.50,20.778
26253,16233,63.50,20.778
26260,32893,63.50,20.778
26263,16233,63.50,20.778
26270,32893,63.50,20.778
26273,16233,63.50,20.778
26281,32893,63.50,20.778
26284,16233,63.50,20.778
26290,32893,63.50,20.778
26294,16233,63.50,20.778
26300,32893,63.50,20.778
26303,16233,63.50,20.778
26310,32893,63.50,20.778
26313,16233,63.50,20.778
26320,32893,63.50,20.778
26323,16233,63.50,20.778
26331,32893,63.50,20.778
26333,16233,63.50,20.778
26340,32893,63.50,20.778
26343,16233,63.50,20.778
26350,32893,63.50,20.778
26353,16233,63.50,20.778
26360,32893,63.50,20.778
26363,16233,63.50,20.778
26370,32893,63.50,20.778
26374,16233,63.50,20.778
26380,32893,63.50,20.778
26383,16233,63.50,20.778
26390,32893,63.50,20.778
26393,16233,63.50,20.778
26400,32893,63.50,20.778
26403,16233,63.50,20.778
26410,32893,63.50,20.778
26413,16233,63.50,20.778
26420,32893,63.50,20.778
26423,16233,63.50,20.778
26430,32893,63.50,20.778
26433,16233,63.50,20.778
26440,32893,63.50,20.778
26443,16233,63.50,20.778
26450,32893,63.50,20.778
26453,16233,63.50,20.778
26461,32893,63.50,20.778
26463,16233,63.50,20.778
26471,32893,63.50,20.778
26473,16233,63.50,20.778
26481,32893,63.50,20.778
26483,16233,63.50,20.778
26490,32893,63.50,20.778
26493,16233,63.50,20.778
26501,32893,63.50,20.778
26503,16233,63.50,20.778
26510,32893,63.50,20.778
26513,16233,63.50,20.778
26520,32893,63.50,20.778
26524,16233,63.50,20.778
26531,32893,63.50,20.778
26533,16233,63.50,20.778
26541,32893,63.50,20.778
26543,16233,63.50,20.778
26550,32893,63.50,20.778
26553,16233,63.50,20.778
26560,32893,63.50,20.778
26563,16233,63.50,20.778
26570,32893,63.50,20.778
26574,16233,63.50,20.778
26581,32893,63.50,20.778
26583,16233,63.50,20.778
26590,32893,63.50,20.778
26593,16233,63.50,20.778
26600,32893,63.50,20.778
26603,16233,63.50,20.778
26610,32893,63.50,20.778
26613,16233,63.50,20.778
26620,32893,63.50,20.778
26623,16233,63.50,20.778
26630,32893,63.50,20.778
26633,16233,63.50,20.778
26641,32893,63.50,20.778
26643,16233,63.50,20.778
26650,32893,63.50,20.778
26653,16233,63.50,20.778
26660,32893,63.50,20.778
26663,16233,63.50,20.778
26671,32893,63.50,20.778
26673,16233,63.50,20.778
26680,32893,63.50,20.778
26683,16233,63.50,20.778
26691,32893,63.50,20.778
26693,16233,63.50,20.778
26700,32893,63.50,20.778
26703,16233,63.50,20.778
26710,32893,63.50,20.778
26713,16233,63.50,20.778
26720,32893,63.50,20.778
26723,16233,63.50,20.778
26730,32893,63.50,20.778
26733,16233,63.50,20.778
26741,32893,63.50,20.778
26744,16233,63.50,20.778
26751,32893,63.50,20.778
26753,16233,63.50,20.778
26760,32893,63.50,20.778
26763,16233,63.50,20.778
26770,32893,63.50,20.778
26773,16233,63.50,20.778
26780,32893,63.50,20.778
26783,16233,63.50,20.778
26790,32893,63.50,20.778
26793,16233,63.50,20.778
26800,32893,63.50,20.778
26803,16233,63.50,20.778
26810,32893,63.50,20.778
26813,16233,63.50,20.778
26820,32893,63.50,20.778
26823,16233,63.50,20.778
26830,32893,63.50,20.778
26833,16233,63.50,20.778
26840,32893,63.50,20.778
26843,16233,63.50,20.778
26851,32893,63.50,20.778
26853,16233,63.50,20.778
26861,32893,63.50,20.778
26863,16233,63.50,20.778
26870,32893,63.50,20.778
26873,16233,63.50,20.778
26880,32893,63.50,20.778
26883,16233,63.50,20.778
26890,32893,63.50,20.778
26894,16233,63.50,20.778
26900,32893,63.50,20.778
26903,16233,63.50,20.778
26910,32893,63.50,20.778
26913,16233,63.50,20.778
26920,32893,63.50,20.778
26923,16233,63.50,20.778
26930,32893,63.50,20.778
26933,16233,63.50,20.778
26940,32893,63.50,20.778
26943,16233,63.50,20.778
26950,32893,63.50,20.778
26953,16233,63.50,20.778
26961,32893,63.50,20.778
26963,16233,63.50,20.778
26971,32893,63.50,20.778
26973,16233,63.50,20.778
26981,32893,63.50,20.778
26983,16233,63.50,20.778
26991,32893,63.50,20.778
26993,16233,63.50,20.778
27000,32893,63.50,20.778
27003,16233,63.50,20.778
27011,32893,63.50,20.778
27013,16233,63.50,20.778
27020,32893,63.50,20.778
27023,16233,63.50,20.778
27031,32893,63.50,20.778
27033,16233,63.50,20.778
27040,32893,63.50,20.778
27043,16233,63.50,20.778
27050,32893,63.50,20.778
27053,16233,63.50,20.778
27060,32893,63.50,20.778
27063,16233,63.50,20.778
27070,32893,63.50,20.778
27073,16233,63.50,20.778
27080,32893,63.50,20.778
27083,16233,63.50,20.778
27090,32893,63.50,20.778
27093,16233,63.50,20.778
27100,32893,63.50,20.778
27103,16233,63.50,20.778
27110,32893,63.50,20.778
27113,16233,63.50,20.778
27120,32893,63.50,20.778
27123,16233,63.50,20.778
27130,32893,63.50,20.778
27133,16233,63.50,20.778
27140,32893,63.50,20.778
27143,16233,63.50,20.778
27150,32893,63.50,20.778
27153,16233,63.50,20.778
27161,32893,63.50,20.778
27163,16233,63.50,20.778
27170,32893,63.50,20.778
27173,16233,63.50,20.778
27181,32893,63.50,20.778
27183,16233,63.50,20.778
27191,32893,63.50,20.778
27193,16233,63.50,20.778
27200,32893,63.50,20.778
27203,16233,63.50,20.778
27210,32893,63.50,20.778
27213,16233,63.50,20.778
27220,32893,63.50,20.778
27224,16233,63.50,20.778
27230,32893,63.50,20.778
27233,16233,63.50,20.778
27240,32893,63.50,20.778
27243,16233,63.50,20.778
27250,32893,63.50,20.778
27253,16233,63.50,20.778
27261,32893,63.50,20.778
27263,16233,63.50,20.778
27271,32893,63.50,20.778
27273,16233,63.50,20.778
27280,32893,63.50,20.778
27283,16233,63.50,20.778
27291,32893,63.50,20.778
27293,16233,63.50,20.778
27300,32893,63.50,20.778
27303,16233,63.50,20.778
27310,32893,63.50,20.778
27313,16233,63.50,20.778
27321,32893,63.50,20.778
27323,16233,63.50,20.778
27330,32893,63.50,20.778
27333,16233,63.50,20.778
27341,32893,63.50,20.778
27343,16233,63.50,20.778
27350,32893,63.50,20.778
27353,16233,63.50,20.778
27361,32893,63.50,20.778
27363,16233,63.50,20.778
27370,32893,63.50,20.778
27373,16233,63.50,20.778
27381,32893,63.50,20.778
27383,16233,63.50,20.778
27391,32893,63.50,20.778
27393,16233,63.50,20.778
27400,32893,63.50,20.778
27403,16233,63.50,20.778
27410,32893,63.50,20.778
27413,16233,63.50,20.778
27420,32893,63.50,20.778
27423,16233,63.50,20.778
27430,32893,63.50,20.778
27433,16233,63.50,20.778
27440,32893,63.50,20.778
27443,16233,63.50,20.778
27450,32893,63.50,20.778
27453,16233,63.50,20.778
27460,32893,63.50,20.778
27463,16233,63.50,20.778
27470,32893,63.50,20.778
27473,16233,63.50,20.778
27480,32893,63.50,20.778
27483,16233,63.50,20.778
27490,32893,63.50,20.778
27493,16233,63.50,20.778
27500,32893,63.50,20.778
27503,16233,63.50,20.778
27510,32893,63.50,20.778
27513,16233,63.50,20.778
27520,32893,63.50,20.778
27523,16233,63.50,20.778
27530,32893,63.50,20.778
27533,16233,63.50,20.778
27541,32893,63.50,20.778
27543,16233,63.50,20.778
27550,32893,63.50,20.778
27553,16233,63.50,20.778
27560,32893,63.50,20.778
27563,16233,63.50,20.778
27571,32893,63.50,20.778
27573,16233,63.50,20.778
27580,32893,63.50,20.778
27583,16233,63.50,20.778
27591,32893,63.50,20.778
27593,16233,63.50,20.778
27601,32893,63.50,20.778
27603,16233,63.50,20.778
27610,32893,63.50,20.778
27613,16233,63.50,20.778
27621,32893,63.50,20.778
27623,16233,63.50,20.778
27630,32893,63.50,20.778
27633,16233,63.50,20.778
27641,32893,63.50,20.778
27643,16233,63.50,20.778
27651,32893,63.50,20.778
27653,16233,63.50,20.778
27660,32893,63.50,20.778
27663,16233,63.50,20.778
27671,32893,63.50,20.778
27673,16233,63.50,20.778
27680,32893,63.50,20.778
27683,16233,63.50,20.778
27691,32893,63.50,20.778
27693,16233,63.50,20.778
27700,32893,63.50,20.778
27703,16233,63.50,20.778
27710,32893,63.50,20.778
27713,16233,63.50,20.778
27721,32893,63.50,20.778
27723,16233,63.50,20.778
27730,32893,63.50,20.778
27733,16233,63.50,20.778
27740,32893,63.50,20.778
27743,16233,63.50,20.778
27750,32893,63.50,20.778
27753,16233,63.50,20.778
27760,32893,63.50,20.778
27763,16233,63.50,20.778
27770,32893,63.50,20.778
27773,16233,63.50,20.778
27781,32893,63.50,20.778
27783,16233,63.50,20.778
27790,32893,63.50,20.778
27793,16233,63.50,20.778
27800,32893,63.50,20.778
27803,16233,63.50,20.778
27810,32893,63.50,20.778
27813,16233,63.50,20.778
27820,32893,63.50,20.778
27823,16233,63.50,20.778
27830,32893,63.50,20.778
27833,16233,63.50,20.778
27840,32893,63.50,20.778
27843,16233,63.50,20.778
27850,32893,63.50,20.778
27853,16233,63.50,20.778
27861,32893,63.50,20.778
27863,16233,63.50,20.778
27870,32893,63.50,20.778
27873,16233,63.50,20.778
27880,32893,63.50,20.778
27883,16233,63.50,20.778
27890,32893,63.50,20.778
27893,16233,63.50,20.778
27901,32893,63.50,20.778
27903,16233,63.50,20.778
27910,32893,63.50,20.778
27913,16233,63.50,20.778
27920,32893,63.50,20.778
27923,16233,63.50,20.778
27930,32893,63.50,20.778
27933,16233,63.50,20.778
27940,32893,63.50,20.778
27943,16233,63.50,20.778
27951,32893,63.50,20.778
27953,16233,63.50,20.778
27960,32893,63.50,20.778
27963,16233,63.50,20.778
27970,32893,63.50,20.778
27973,16233,63.50,20.778
27981,32893,63.50,20.778
27983,16233,63.50,20.778
27990,32893,63.50,20.778
27993,16233,63.50,20.778
28000,32893,63.50,20.778
28003,16233,63.50,20.778
28010,32893,63.50,20.778
28013,16233,63.50,20.778
28020,32893,63.50,20.778
28023,16233,63.50,20.778
28030,32893,63.50,20.778
28033,16233,63.50,20.778
28040,32893,63.50,20.778
28043,16233,63.50,20.778
28050,32893,63.50,20.778
28053,16233,63.50,20.778
28060,32893,63.50,20.778
28063,16233,63.50,20.778
28070,32893,63.50,20.778
28073,16233,63.50,20.778
28080,32893,63.50,20.778
28083,16233,63.50,20.778
28091,32893,63.50,20.778
28094,16233,63.50,20.778
28100,32893,63.50,20.778
28103,16233,63.50,20.778
28111,32893,63.50,20.778
28113,16233,63.50,20.778
28121,32893,63.50,20.778
28124,16233,63.50,20.778
28130,32893,63.50,20.778
28133,16233,63.50,20.778
28140,32893,63.50,20.778
28143,16233,63.50,20.778
28150,32893,63.50,20.778
28153,16233,63.50,20.778
28160,32893,63.50,20.778
28163,16233,63.50,20.778
28170,32893,63.50,20.778
28173,16233,63.50,20.778
28180,32893,63.50,20.778
28183,16233,63.50,20.778
28191,32893,63.50,20.778
28193,16233,63.50,20.778
28201,32893,63.50,20.778
28203,16233,63.50,20.778
28211,32893,63.50,20.778
28213,16233,63.50,20.778
28220,32893,63.50,20.778
28223,16233,63.50,20.778
28230,32893,63.50,20.778
28233,16233,63.50,20.778
28240,32893,63.50,20.778
28243,16233,63.50,20.778
28250,32893,63.50,20.778
28253,16233,63.50,20.778
28260,32893,63.50,20.778
28263,16233,63.50,20.778
28270,32893,63.50,20.778
28273,16233,63.50,20.778
28281,32893,63.50,20.778
28283,16233,63.50,20.778
28290,32893,63.50,20.778
28293,16233,63.50,20.778
28301,32893,63.50,20.778
28303,16233,63.50,20.778
28310,32893,63.50,20.778
28313,16233,63.50,20.778
28320,32893,63.50,20.778
28323,16233,63.50,20.778
28330,32893,63.50,20.778
28333,16233,63.50,20.778
28340,32893,63.50,20.778
28343,16233,63.50,20.778
28351,32893,63.50,20.778
28353,16233,63.50,20.778
28360,32893,63.50,20.778
28363,16233,63.50,20.778
28370,32893,63.50,20.778
28373,16233,63.50,20.778
28380,32893,63.50,20.778
28383,16233,63.50,20.778
28390,32893,63.50,20.778
28393,16233,63.50,20.778
28400,32893,63.50,20.778
28403,16233,63.50,20.778
28410,32893,63.50,20.778
28413,16233,63.50,20.778
28420,32893,63.50,20.778
28423,16233,63.50,20.778
28430,32893,63.50,20.778
28433,16233,63.50,20.778
28440,32893,63.50,20.778
28443,16233,63.50,20.778
28450,32893,63.50,20.778
28453,16233,63.50,20.778
28460,32893,63.50,20.778
28463,16233,63.50,20.778
28471,32893,63.50,20.778
28474,16233,63.50,20.778
28480,32893,63.50,20.778
28483,16233,63.50,20.778
28491,32893,63.50,20.778
28493,16233,63.50,20.778
28500,32893,63.50,20.778
28503,16233,63.50,20.778
28510,32893,63.50,20.778
28513,16233,63.50,20.778
28520,32893,63.50,20.778
28524,16233,63.50,20.778
28531,32893,63.50,20.778
28533,16233,63.50,20.778
28540,32893,63.50,20.778
28543,16233,63.50,20.778
28551,32893,63.50,20.778
28553,16233,63.50,20.778
28560,32893,63.50,20.778
28563,16233,63.50,20.778
28570,32893,63.50,20.778
28573,16233,63.50,20.778
28580,32893,63.50,20.778
28583,16233,63.50,20.778
28590,32893,63.50,20.778
28593,16233,63.50,20.778
28600,32893,63.50,20.778
28603,16233,63.50,20.778
28610,32893,63.50,20.778
28613,16233,63.50,20.778
28620,32893,63.50,20.778
28623,16233,63.50,20.778
28630,32893,63.50,20.778
28633,16233,63.50,20.778
28640,32893,63.50,20.778
28643,16233,63.50,20.778
28650,32893,63.50,20.778
28653,16233,63.50,20.778
28660,32893,63.50,20.778
28663,16233,63.50,20.778
28670,32893,63.50,20.778
28673,16233,63.50,20.778
28680,32893,63.50,20.778
28683,16233,63.50,20.778
28690,32893,63.50,20.778
28693,16233,63.50,20.778
28700,32893,63.50,20.778
28703,16233,63.50,20.778
28710,32893,63.50,20.778
28713,16233,63.50,20.778
28720,32893,63.50,20.778
28723,16233,63.50,20.778
28730,32893,63.50,20.778
28733,16233,63.50,20.778
28740,32893,63.50,20.778
28743,16233,63.50,20.778
28751,32893,63.50,20.778
28753,16233,63.50,20.778
28760,32893,63.50,20.778
28763,16233,63.50,20.778
28770,32893,63.50,20.778
28773,16233,63.50,20.778
28780,32893,63.50,20.778
28784,16233,63.50,20.778
28790,32893,63.50,20.778
28793,16233,63.50,20.778
28801,32893,63.50,20.778
28803,16233,63.50,20.778
28810,32893,63.50,20.778
28813,16233,63.50,20.778
28820,32893,63.50,20.778
28823,16233,63.50,20.778
28830,32893,63.50,20.778
28833,16233,63.50,20.778
28840,32893,63.50,20.778
28843,16233,63.50,20.778
28850,32893,63.50,20.778
28853,16233,63.50,20.778
28860,32893,63.50,20.778
28863,16233,63.50,20.778
28870,32893,63.50,20.778
28873,16233,63.50,20.778
28880,32893,63.50,20.778
28883,16233,63.50,20.778
28890,32893,63.50,20.778
28893,16233,63.50,20.778
28900,32893,63.50,20.778
28903,16233,63.50,20.778
28910,32893,63.50,20.778
28913,16233,63.50,20.778
28920,32893,63.50,20.778
28923,16233,63.50,20.778
28930,32893,63.50,20.778
28933,16233,63.50,20.778
28940,32893,63.50,20.778
28943,16233,63.50,20.778
28950,32893,63.50,20.778
28953,16233,63.50,20.778
28960,32893,63.50,20.778
28963,16233,63.50,20.778
28970,32893,63.50,20.778
28973,16233,63.50,20.778
28981,32893,63.50,20.778
28983,16233,63.50,20.778
28990,32893,63.50,20.778
28993,16233,63.50,20.778
29000,32893,63.50,20.778
29003,16233,63.50,20.778
29010,32893,63.50,20.778
29013,16233,63.50,20.778
29020,32893,63.50,20.778
29023,16233,63.50,20.778
29030,32893,63.50,20.778
29033,16233,63.50,20.778
29040,32893,63.50,20.778
29043,16233,63.50,20.778
29050,32893,63.50,20.778
29053,16233,63.50,20.778
29060,32893,63.50,20.778
29063,16233,63.50,20.778
29070,32893,63.50,20.778
29073,16233,63.50,20.778
29080,32893,63.50,20.778
29083,16233,63.50,20.778
29090,32893,63.50,20.778
29093,16233,63.50,20.778
29100,32893,63.50,20.778
29103,16233,63.50,20.778
29110,32893,63.50,20.778
29113,16233,63.50,20.778
29120,32893,63.50,20.778
29123,16233,63.50,20.778
29130,32893,63.50,20.778
29133,16233,63.50,20.778
29140,32893,63.50,20.778
29143,16233,63.50,20.778
29150,32893,63.50,20.778
29153,16233,63.50,20.778
29160,32893,63.50,20.778
29163,16233,63.50,20.778
29170,32893,63.50,20.778
29173,16233,63.50,20.778
29180,32893,63.50,20.778
29183,16233,63.50,20.778
29190,32893,63.50,20.778
29193,16233,63.50,20.778
29200,32893,63.50,20.778
29203,16233,63.50,20.778
29211,32893,63.50,20.778
29213,16233,63.50,20.778
29220,32893,63.50,20.778
29223,16233,63.50,20.778
29230,32893,63.50,20.778
29233,16233,63.50,20.778
29240,32893,63.50,20.778
29243,16233,63.50,20.778
29250,32893,63.50,20.778
29253,16233,63.50,20.778
29260,32893,63.50,20.778
29263,16233,63.50,20.778
29270,32893,63.50,20.778
29273,16233,63.50,20.778
29280,32893,63.50,20.778
29283,16233,63.50,20.778
29290,32893,63.50,20.778
29293,16233,63.50,20.778
29300,32893,63.50,20.778
29303,16233,63.50,20.778
29310,32893,63.50,20.778
29313,16233,63.50,20.778
29320,32893,63.50,20.778
29323,16233,63.50,20.778
29330,32893,63.50,20.778
29333,16233,63.50,20.778
29340,32893,63.50,20.778
29343,16233,63.50,20.778
29350,32893,63.50,20.778
29353,16233,63.50,20.778
29361,32893,63.50,20.778
29363,16233,63.50,20.778
29370,32893,63.50,20.778
29373,16233,63.50,20.778
29380,32893,63.50,20.778
29383,16233,63.50,20.778
29390,32893,63.50,20.778
29393,16233,63.50,20.778
29400,32893,63.50,20.778
29403,16233,63.50,20.778
29410,32893,63.50,20.778
29413,16233,63.50,20.778
29420,32893,63.50,20.778
29423,16233,63.50,20.778
29430,32893,63.50,20.778
29433,16233,63.50,20.778
29440,32893,63.50,20.778
29443,16233,63.50,20.778
29450,32893,63.50,20.778
29453,16233,63.50,20.778
29460,32893,63.50,20.778
29463,16233,63.50,20.778
29471,32893,63.50,20.778
29473,16233,63.50,20.778
29481,32893,63.50,20.778
29483,16233,63.50,20.778
29491,32893,63.50,20.778
29493,16233,63.50,20.778
29500,32893,63.50,20.778
29504,16233,63.50,20.778
29510,32893,63.50,20.778
29513,16233,63.50,20.778
29521,32893,63.50,20.778
29523,16233,63.50,20.778
29531,32893,63.50,20.778
29533,16233,63.50,20.778
29541,32893,63.50,20.778
29543,16233,63.50,20.778
29551,32893,63.50,20.778
29553,16233,63.50,20.778
29561,32893,63.50,20.778
29563,16233,63.50,20.778
29571,32893,63.50,20.778
29573,16233,63.50,20.778
29581,32893,63.50,20.778
29583,16233,63.50,20.778
29591,32893,63.50,20.778
29593,16233,63.50,20.778
29601,32893,63.50,20.778
29603,16233,63.50,20.778
29610,32893,63.50,20.778
29613,16233,63.50,20.778
29621,32893,63.50,20.778
29623,16233,63.50,20.778
29630,32893,63.50,20.778
29633,16233,63.50,20.778
29641,32893,63.50,20.778
29643,16233,63.50,20.778
29650,32893,63.50,20.778
29653,16233,63.50,20.778
29661,32893,63.50,20.778
29663,16233,63.50,20.778
29671,32893,63.50,20.778
29673,16233,63.50,20.778
29681,32893,63.50,20.778
29683,16233,63.50,20.778
29691,32893,63.50,20.778
29693,16233,63.50,20.778
29700,32893,63.50,20.778
29703,16233,63.50,20.778
29710,32893,63.50,20.778
29713,16233,63.50,20.778
29720,32893,63.50,20.778
29723,16233,63.50,20.778
29731,32893,63.50,20.778
29733,16233,63.50,20.778
29740,32893,63.50,20.778
29743,16233,63.50,20.778
29751,32893,63.50,20.778
29753,16233,63.50,20.778
29761,32893,63.50,20.778
29764,16233,63.50,20.778
29771,32893,63.50,20.778
29773,16233,63.50,20.778
29781,32893,63.50,20.778
29783,16233,63.50,20.778
29790,32893,63.50,20.778
29793,16233,63.50,20.778
29800,32893,63.50,20.778
29803,16233,63.50,20.778
29811,32893,63.50,20.778
29815,16233,63.50,20.778
29820,32893,63.50,20.778
29823,16233,63.50,20.778
29830,32893,63.50,20.778
29833,16233,63.50,20.778
29840,32893,63.50,20.778
29843,16233,63.50,20.778
29851,32893,63.50,20.778
29853,16233,63.50,20.778
29860,32893,63.50,20.778
29863,16233,63.50,20.778
29870,32893,63.50,20.778
29873,16233,63.50,20.778
29881,32893,63.50,20.778
29883,16233,63.50,20.778
29890,32893,63.50,20.778
29893,16233,63.50,20.778
29900,32893,63.50,20.778
29903,16233,63.50,20.778
29910,32893,63.50,20.778
29913,16233,63.50,20.778
29921,32893,63.50,20.778
29923,16233,63.50,20.778
29931,32893,63.50,20.778
29933,16233,63.50,20.778
29941,32893,63.50,20.778
29943,16233,63.50,20.778
29950,32893,63.50,20.778
29953,16233,63.50,20.778
29960,32893,63.50,20.778
29963,16233,63.50,20.778
29970,32893,63.50,20.778
29973,16233,63.50,20.778
29981,32893,63.50,20.778
29983,16233,63.50,20.778
29990,32893,63.50,20.778
29993,16233,63.50,20.778
30000,32893,63.50,20.778
30003,16233,63.50,20.778
30010,32893,63.50,20.778
30013,16233,63.50,20.778
30020,32893,63.50,20.778
30023,16233,63.50,20.778
30030,32893,63.50,20.778
30033,16233,63.50,20.778
30040,32893,63.50,20.778
30043,16233,63.50,20.778
30050,32893,63.50,20.778
30053,16233,63.50,20.778
30061,32893,63.50,20.778
30063,16233,63.50,20.778
30070,32893,63.50,20.778
30073,16233,63.50,20.778
30080,32893,63.50,20.778
30083,16233,63.50,20.778
30091,32893,63.50,20.778
30093,16233,63.50,20.778
30100,32893,63.50,20.778
30103,16233,63.50,20.778
30110,32893,63.50,20.778
30113,16233,63.50,20.778
30120,32893,63.50,20.778
30123,16233,63.50,20.778
30130,32893,63.50,20.778
30133,16233,63.50,20.778
30141,32893,63.50,20.778
30143,16233,63.50,20.778
30150,32893,63.50,20.778
30153,16233,63.50,20.778
30160,32893,63.50,20.778
30163,16233,63.50,20.778
30170,32893,63.50,20.778
30173,16233,63.50,20.778
30180,32893,63.50,20.778
30183,16233,63.50,20.778
30190,32893,63.50,20.778
30193,16233,63.50,20.778
30200,32893,63.50,20.778
30204,16233,63.50,20.778
30211,32893,63.50,20.778
30213,16233,63.50,20.778
30221,32893,63.50,20.778
30223,16233,63.50,20.778
30230,32893,63.50,20.778
30233,16233,63.50,20.778
30240,32893,63.50,20.778
30243,16233,63.50,20.778
30250,32893,63.50,20.778
30253,16233,63.50,20.778
30260,32893,63.50,20.778
30263,16233,63.50,20.778
30271,32893,63.50,20.778
30273,16233,63.50,20.778
30281,32893,63.50,20.778
30283,16233,63.50,20.778
30290,32893,63.50,20.778
30293,16233,63.50,20.778
30300,32893,63.50,20.778
30303,16233,63.50,20.778
30310,32893,63.50,20.778
30313,16233,63.50,20.778
30320,32893,63.50,20.778
30323,16233,63.50,20.778
30330,32893,63.50,20.778
30333,16233,63.50,20.778
30340,32893,63.50,20.778
30343,16233,63.50,20.778
30351,32893,63.50,20.778
30353,16233,63.50,20.778
30360,32893,63.50,20.778
30363,16233,63.50,20.778
30370,32893,63.50,20.778
30373,16233,63.50,20.778
30381,32893,63.50,20.778
30383,16233,63.50,20.778
30390,32893,63.50,20.778
30393,16233,63.50,20.778
30400,32893,63.50,20.778
30403,16233,63.50,20.778
30410,32893,63.50,20.778
30414,16233,63.50,20.778
30420,32893,63.50,20.778
30423,16233,63.50,20.778
30430,32893,63.50,20.778
30433,16233,63.50,20.778
30440,32893,63.50,20.778
30443,16233,63.50,20.778
30450,32893,63.50,20.778
30453,16233,63.50,20.778
30461,32893,63.50,20.778
30463,16233,63.50,20.778
30470,32893,63.50,20.778
30473,16233,63.50,20.778
30481,32893,63.50,20.778
30483,16233,63.50,20.778
30490,32893,63.50,20.778
30493,16233,63.50,20.778
30500,32893,63.50,20.778
30503,16233,63.50,20.778
30511,32893,63.50,20.778
30513,16233,63.50,20.778
30520,32893,63.50,20.778
30523,16233,63.50,20.778
30530,32893,63.50,20.778
30533,16233,63.50,20.778
30540,32893,63.50,20.778
30543,16233,63.50,20.778
30550,32893,63.50,20.778
30553,16233,63.50,20.778
30561,32893,63.50,20.778
30563,16233,63.50,20.778
30571,32893,63.50,20.778
30573,16233,63.50,20.778
30580,32893,63.50,20.778
30583,16233,63.50,20.778
30590,32893,63.50,20.778
30593,16233,63.50,20.778
30601,32893,63.50,20.778
30603,16233,63.50,20.778
30610,32893,63.50,20.778
30613,16233,63.50,20.778
30620,32893,63.50,20.778
30623,16233,63.50,20.778
30630,32893,63.50,20.778
30633,16233,63.50,20.778
30641,32893,63.50,20.778
30643,16233,63.50,20.778
30650,32893,63.50,20.778
30653,16233,63.50,20.778
30660,32893,63.50,20.778
30663,16233,63.50,20.778
30670,32893,63.50,20.778
30673,16233,63.50,20.778
30681,32893,63.50,20.778
30684,16233,63.50,20.778
30690,32893,63.50,20.778
30693,16233,63.50,20.778
30701,32893,63.50,20.778
30703,16233,63.50,20.778
30710,32893,63.50,20.778
30713,16233,63.50,20.778
30720,32893,63.50,20.778
30724,16233,63.50,20.778
30730,32893,63.50,20.778
30733,16233,63.50,20.778
30740,32893,63.50,20.778
30743,16233,63.50,20.778
30750,32893,63.50,20.778
30753,16233,63.50,20.778
30760,32893,63.50,20.778
30763,16233,63.50,20.778
30770,32893,63.50,20.778
30773,16233,63.50,20.778
30781,32893,63.50,20.778
30783,16233,63.50,20.778
30790,32893,63.50,20.778
30793,16233,63.50,20.778
30800,32893,63.50,20.778
30803,16233,63.50,20.778
30810,32893,63.50,20.778
30813,16233,63.50,20.778
30820,32893,63.50,20.778
30824,16233,63.50,20.778
30830,32893,63.50,20.778
30833,16233,63.50,20.778
30840,32893,63.50,20.778
30843,16233,63.50,20.778
30851,32893,63.50,20.778
30853,16233,63.50,20.778
30860,32893,63.50,20.778
30863,16233,63.50,20.778
30870,32893,63.50,20.778
30873,16233,63.50,20.778
30880,32893,63.50,20.778
30883,16233,63.50,20.778
30890,32893,63.50,20.778
30893,16233,63.50,20.778
30900,32893,63.50,20.778
30903,16233,63.50,20.778
30910,32893,63.50,20.778
30913,16233,63.50,20.778
30920,32893,63.50,20.778
30923,16233,63.50,20.778
30930,32893,63.50,20.778
30933,16233,63.50,20.778
30940,32893,63.50,20.778
30943,16233,63.50,20.778
30950,32893,63.50,20.778
30953,16233,63.50,20.778
30960,32893,63.50,20.778
30963,16233,63.50,20.778
30970,32893,63.50,20.778
30973,16233,63.50,20.778
30980,32893,63.50,20.778
30983,16233,63.50,20.778
30990,32893,63.50,20.778
30993,16233,63.50,20.778
31000,32893,63.50,20.778
31003,16233,63.50,20.778
31010,32893,63.50,20.778
31013,16233,63.50,20.778
31020,32893,63.50,20.778
31023,16233,63.50,20.778
31030,32893,63.50,20.778
31033,16233,63.50,20.778
31040,32893,63.50,20.778
31043,16233,63.50,20.778
31050,32893,63.50,20.778
31053,16233,63.50,20.778
31060,32893,63.50,20.778
31063,16233,63.50,20.778
31070,32893,63.50,20.778
31073,16233,63.50,20.778
31080,32893,63.50,20.778
31083,16233,63.50,20.778
31090,32893,63.50,20.778
31093,16233,63.50,20.778
31100,32893,63.50,20.778
31103,16233,63.50,20.778
31111,32893,63.50,20.778
31113,16233,63.50,20.778
31120,32893,63.50,20.778
31123,16233,63.50,20.778
31130,32893,63.50,20.778
31134,16233,63.50,20.778
31140,32893,63.50,20.778
31143,16233,63.50,20.778
31150,32893,63.50,20.778
31153,16233,63.50,20.778
31160,32893,63.50,20.778
31163,16233,63.50,20.778
31170,32893,63.50,20.778
31173,16233,63.50,20.778
31180,32893,63.50,20.778
31183,16233,63.50,20.778
31190,32893,63.50,20.778
31193,16233,63.50,20.778
31200,32893,63.50,20.778
31203,16233,63.50,20.778
31210,32893,63.50,20.778
31213,16233,63.50,20.778
31220,32893,63.50,20.778
31223,16233,63.50,20.778
31230,32893,63.50,20.778
31233,16233,63.50,20.778
31240,32893,63.50,20.778
31243,16233,63.50,20.778
31250,32893,63.50,20.778
31253,16233,63.50,20.778
31260,32893,63.50,20.778
31263,16233,63.50,20.778
31270,32893,63.50,20.778
31273,16233,63.50,20.778
31280,32893,63.50,20.778
31283,16233,63.50,20.778
31290,32893,63.50,20.778
31293,16233,63.50,20.778
31300,32893,63.50,20.778
31303,16233,63.50,20.778
31310,32893,63.50,20.778
31313,16233,63.50,20.778
31320,32893,63.50,20.778
31323,16233,63.50,20.778
31330,32893,63.50,20.778
31333,16233,63.50,20.778
31340,32893,63.50,20.778
31343,16233,63.50,20.778
31350,32893,63.50,20.778
31353,16233,63.50,20.778
31360,32893,63.50,20.778
31363,16233,63.50,20.778
31370,32893,63.50,20.778
31373,16233,63.50,20.778
31380,32893,63.50,20.778
31383,16233,63.50,20.778
31390,32893,63.50,20.778
31393,16233,63.50,20.778
31400,32893,63.50,20.778
31403,16233,63.50,20.778
31410,32893,63.50,20.778
31413,16233,63.50,20.778
31420,32893,63.50,20.778
31423,16233,63.50,20.778
31430,32893,63.50,20.778
31433,16233,63.50,20.778
31440,32893,63.50,20.778
31443,16233,63.50,20.778
31450,32893,63.50,20.778
31453,16233,63.50,20.778
31460,32893,63.50,20.778
31463,16233,63.50,20.778
31471,32893,63.50,20.778
31473,16233,63.50,20.778
31480,32893,63.50,20.778
31483,16233,63.50,20.778
31490,32893,63.50,20.778
31492,16233,63.50,20.778
31500,32893,63.50,20.778
31503,16233,63.50,20.778
31510,32893,63.50,20.778
31513,16233,63.50,20.778
31521,32893,63.50,20.778
31523,16233,63.50,20.778
31530,32893,63.50,20.778
31533,16233,63.50,20.778
31540,32893,63.50,20.778
31543,16233,63.50,20.778
31550,32893,63.50,20.778
31553,16233,63.50,20.778
31560,32893,63.50,20.778
31563,16233,63.50,20.778
31570,32893,63.50,20.778
31573,16233,63.50,20.778
31580,32893,63.50,20.778
31584,16233,63.50,20.778
31591,32893,63.50,20.778
31593,16233,63.50,20.778
31601,32893,63.50,20.778
31604,16233,63.50,20.778
31611,32893,63.50,20.778
31613,16233,63.50,20.778
31620,32893,63.50,20.778
31623,16233,63.50,20.778
31630,32893,63.50,20.778
31633,16233,63.50,20.778
31640,32893,63.50,20.778
31644,16233,63.50,20.778
31651,32893,63.50,20.778
31653,16233,63.50,20.778
31660,32893,63.50,20.778
31664,16233,63.50,20.778
31671,32893,63.50,20.778
31673,16233,63.50,20.778
31680,32893,63.50,20.778
31683,16233,63.50,20.778
31691,32893,63.50,20.778
31693,16233,63.50,20.778
31700,32893,63.50,20.778
31703,16233,63.50,20.778
31710,32893,63.50,20.778
31713,16233,63.50,20.778
31720,32893,63.50,20.778
31723,16233,63.50,20.778
31730,32893,63.50,20.778
31733,16233,63.50,20.778
31740,32893,63.50,20.778
31743,16233,63.50,20.778
31751,32893,63.50,20.778
31753,16233,63.50,20.778
31760,32893,63.50,20.778
31763,16233,63.50,20.778
31770,32893,63.50,20.778
31773,16233,63.50,20.778
31780,32893,63.50,20.778
31782,16233,63.50,20.778
31790,32893,63.50,20.778
31793,16233,63.50,20.778
31801,32893,63.50,20.778
31803,16233,63.50,20.778
31811,32893,63.50,20.778
31813,16233,63.50,20.778
31820,32893,63.50,20.778
31823,16233,63.50,20.778
31830,32893,63.50,20.778
31833,16233,63.50,20.778
31841,32893,63.50,20.778
31843,16233,63.50,20.778
31851,32893,63.50,20.778
31853,16233,63.50,20.778
31860,32893,63.50,20.778
31863,16233,63.50,20.778
31871,32893,63.50,20.778
31873,16233,63.50,20.778
31880,32893,63.50,20.778
31883,16233,63.50,20.778
31890,32893,63.50,20.778
31893,16233,63.50,20.778
31901,32893,63.50,20.778
31903,16233,63.50,20.778
31911,32893,63.50,20.778
31913,16233,63.50,20.778
31920,32893,63.50,20.778
31923,16233,63.50,20.778
31931,32893,63.50,20.778
31933,16233,63.50,20.778
31941,32893,63.50,20.778
31943,16233,63.50,20.778
31951,32893,63.50,20.778
31954,16233,63.50,20.778
31961,32893,63.50,20.778
31963,16233,63.50,20.778
31970,32893,63.50,20.778
31973,16233,63.50,20.778
31980,32893,63.50,20.778
31983,16233,63.50,20.778
31991,32893,63.50,20.778
31993,16233,63.50,20.778
32000,32893,63.50,20.778
32003,16233,63.50,20.778
32011,32893,63.50,20.778
32013,16233,63.50,20.778
32021,32893,63.50,20.778
32023,16233,63.50,20.778
32030,32893,63.50,20.778
32033,16233,63.50,20.778
32040,32893,63.50,20.778
32043,16233,63.50,20.778
32051,32893,63.50,20.778
32054,16233,63.50,20.778
32061,32893,63.50,20.778
32063,16233,63.50,20.778
32070,32893,63.50,20.778
32073,16233,63.50,20.778
32081,32893,63.50,20.778
32083,16233,63.50,20.778
32090,32893,63.50,20.778
32093,16233,63.50,20.778
32100,32893,63.50,20.778
32103,16233,63.50,20.778
32110,32893,63.50,20.778
32113,16233,63.50,20.778
32120,32893,63.50,20.778
32123,16233,63.50,20.778
32131,32893,63.50,20.778
32133,16233,63.50,20.778
32140,32893,63.50,20.778
32143,16233,63.50,20.778
32150,32893,63.50,20.778
32153,16233,63.50,20.778
32160,32893,63.50,20.778
32163,16233,63.50,20.778
32170,32893,63.50,20.778
32173,16233,63.50,20.778
32180,32893,63.50,20.778
32183,16233,63.50,20.778
32190,32893,63.50,20.778
32193,16233,63.50,20.778
32201,32893,63.50,20.778
32203,16233,63.50,20.778
32210,32893,63.50,20.778
32213,16233,63.50,20.778
32221,32893,63.50,20.778
32223,16233,63.50,20.778
32231,32893,63.50,20.778
32234,16233,63.50,20.778
32240,32893,63.50,20.778
32243,16233,63.50,20.778
32250,32893,63.50,20.778
32253,16233,63.50,20.778
32261,32893,63.50,20.778
32263,16233,63.50,20.778
32270,32893,63.50,20.778
32273,16233,63.50,20.778
32280,32893,63.50,20.778
32283,16233,63.50,20.778
32290,32893,63.50,20.778
32293,16233,63.50,20.778
32300,32893,63.50,20.778
32303,16233,63.50,20.778
32310,32893,63.50,20.778
32313,16233,63.50,20.778
32320,32893,63.50,20.778
32323,16233,63.50,20.778
32331,32893,63.50,20.778
32333,16233,63.50,20.778
32340,32893,63.50,20.778
32343,16233,63.50,20.778
32350,32893,63.50,20.778
32353,16233,63.50,20.778
32360,32893,63.50,20.778
32363,16233,63.50,20.778
32370,32893,63.50,20.778
32373,16233,63.50,20.778
32380,32893,63.50,20.778
32383,16233,63.50,20.778
32390,32893,63.50,20.778
32393,16233,63.50,20.778
32401,32893,63.50,20.778
32403,16233,63.50,20.778
32410,32893,63.50,20.778
32413,16233,63.50,20.778
32420,32893,63.50,20.778
32423,16233,63.50,20.778
32431,32893,63.50,20.778
32434,16233,63.50,20.778
32441,32893,63.50,20.778
32443,16233,63.50,20.778
32450,32893,63.50,20.778
32453,16233,63.50,20.778
32461,32893,63.50,20.778
32463,16233,63.50,20.778
32471,32893,63.50,20.778
32473,16233,63.50,20.778
32481,32893,63.50,20.778
32483,16233,63.50,20.778
32491,32893,63.50,20.778
32493,16233,63.50,20.778
32500,32893,63.50,20.778
32503,16233,63.50,20.778
32510,32893,63.50,20.778
32513,16233,63.50,20.778
32520,32893,63.50,20.778
32523,16233,63.50,20.778
32530,32893,63.50,20.778
32533,16233,63.50,20.778
32541,32893,63.50,20.778
32543,16233,63.50,20.778
32550,32893,63.50,20.778
32553,16233,63.50,20.778
32560,32893,63.50,20.778
32563,16233,63.50,20.778
32571,32893,63.50,20.778
32573,16233,63.50,20.778
32580,32893,63.50,20.778
32583,16233,63.50,20.778
32590,32893,63.50,20.778
32593,16233,63.50,20.778
32600,32893,63.50,20.778
32603,16233,63.50,20.778
32610,32893,63.50,20.778
32613,16233,63.50,20.778
32620,32893,63.50,20.778
32623,16233,63.50,20.778
32630,32893,63.50,20.778
32633,16233,63.50,20.778
32641,32893,63.50,20.778
32643,16233,63.50,20.778
32651,32893,63.50,20.778
32653,16233,63.50,20.778
32660,32893,63.50,20.778
32663,16233,63.50,20.778
32670,32893,63.50,20.778
32673,16233,63.50,20.778
32680,32893,63.50,20.778
32683,16233,63.50,20.778
32690,32893,63.50,20.778
32693,16233,63.50,20.778
32700,32893,63.50,20.778
32703,16233,63.50,20.778
32710,32893,63.50,20.778
32713,16233,63.50,20.778
32720,32893,63.50,20.778
32723,16233,63.50,20.778
32730,32893,63.50,20.778
32733,16233,63.50,20.778
32741,32893,63.50,20.778
32743,16233,63.50,20.778
32750,32893,63.50,20.778
32753,16233,63.50,20.778
32760,32893,63.50,20.778
32763,16233,63.50,20.778
32771,32893,63.50,20.778
32774,16233,63.50,20.778
32780,32893,63.50,20.778
32783,16233,63.50,20.778
32790,32893,63.50,20.778
32793,16233,63.50,20.778
32800,32893,63.50,20.778
32803,16233,63.50,20.778
32810,32893,63.50,20.778
32813,16233,63.50,20.778
32821,32893,63.50,20.778
32823,16233,63.50,20.778
32831,32893,63.50,20.778
32833,16233,63.50,20.778
32840,32893,63.50,20.778
32843,16233,63.50,20.778
32851,32893,63.50,20.778
32853,16233,63.50,20.778
32860,32893,63.50,20.778
32863,16233,63.50,20.778
32870,32893,63.50,20.778
32873,16233,63.50,20.778
32880,32893,63.50,20.778
32883,16233,63.50,20.778
32890,32893,63.50,20.778
32893,16233,63.50,20.778
32901,32893,63.50,20.778
32903,16233,63.50,20.778
32910,32893,63.50,20.778
32913,16233,63.50,20.778
32920,32893,63.50,20.778
32923,16233,63.50,20.778
32931,32893,63.50,20.778
32933,16233,63.50,20.778
32940,32893,63.50,20.778
32943,16233,63.50,20.778
32950,32893,63.50,20.778
32953,16233,63.50,20.778
32960,32893,63.50,20.778
32963,16233,63.50,20.778
32970,32893,63.50,20.778
32973,16233,63.50,20.778
32981,32893,63.50,20.778
32983,16233,63.50,20.778
32991,32893,63.50,20.778
32993,16233,63.50,20.778
33000,32893,63.50,20.778
33003,16233,63.50,20.778
33010,32893,63.50,20.778
33013,16233,63.50,20.778
33020,32893,63.50,20.778
33023,16233,63.50,20.778
33030,32893,63.50,20.778
33033,16233,63.50,20.778
33040,32893,63.50,20.778
33043,16233,63.50,20.778
33050,32893,63.50,20.778
33053,16233,63.50,20.778
33060,32893,63.50,20.778
33063,16233,63.50,20.778
33071,32893,63.50,20.778
33073,16233,63.50,20.778
33080,32893,63.50,20.778
33083,16233,63.50,20.778
33090,32893,63.50,20.778
33093,16233,63.50,20.778
33100,32893,63.50,20.778
33103,16233,63.50,20.778
33110,32893,63.50,20.778
33113,16233,63.50,20.778
33121,32893,63.50,20.778
33123,16233,63.50,20.778
33131,32893,63.50,20.778
33133,16233,63.50,20.778
33140,32893,63.50,20.778
33143,16233,63.50,20.778
33151,32893,63.50,20.778
33153,16233,63.50,20.778
33160,32893,63.50,20.778
33163,16233,63.50,20.778
33170,32893,63.50,20.778
33173,16233,63.50,20.778
33181,32893,63.50,20.778
33183,16233,63.50,20.778
33190,32893,63.50,20.778
33193,16233,63.50,20.778
33200,32893,63.50,20.778
33203,16233,63.50,20.778
33211,32893,63.50,20.778
33213,16233,63.50,20.778
33220,32893,63.50,20.778
33223,16233,63.50,20.778
33230,32893,63.50,20.778
33233,16233,63.50,20.778
33240,32893,63.50,20.778
33243,16233,63.50,20.778
33250,32893,63.50,20.778
33253,16233,63.50,20.778
33260,32893,63.50,20.778
33263,16233,63.50,20.778
33270,32893,63.50,20.778
33273,16233,63.50,20.778
33280,32893,63.50,20.778
33283,16233,63.50,20.778
33290,32893,63.50,20.778
33293,16233,63.50,20.778
33300,32893,63.50,20.778
33303,16233,63.50,20.778
33310,32893,63.50,20.778
33313,16233,63.50,20.778
33320,32893,63.50,20.778
33323,16233,63.50,20.778
33330,32893,63.50,20.778
33333,16233,63.50,20.778
33340,32893,63.50,20.778
33343,16233,63.50,20.778
33350,32893,63.50,20.778
33353,16233,63.50,20.778
33360,32893,63.50,20.778
33363,16233,63.50,20.778
33370,32893,63.50,20.778
33373,16233,63.50,20.778
33380,32893,63.50,20.778
33383,16233,63.50,20.778
33390,32893,63.50,20.778
33393,16233,63.50,20.778
33401,32893,63.50,20.778
33403,16233,63.50,20.778
33411,32893,63.50,20.778
33413,16233,63.50,20.778
33420,32893,63.50,20.778
33423,16233,63.50,20.778
33430,32893,63.50,20.778
33433,16233,63.50,20.778
33440,32893,63.50,20.778
33443,16233,63.50,20.778
33451,32893,63.50,20.778
33453,16233,63.50,20.778
33460,32893,63.50,20.778
33463,16233,63.50,20.778
33472,32893,63.50,20.778
33474,16233,63.50,20.778
33480,32893,63.50,20.778
33483,16233,63.50,20.778
33490,32893,63.50,20.778
33493,16233,63.50,20.778
33500,32893,63.50,20.778
33503,16233,63.50,20.778
33510,32893,63.50,20.778
33513,16233,63.50,20.778
33521,32893,63.50,20.778
33523,16233,63.50,20.778
33530,32893,63.50,20.778
33533,16233,63.50,20.778
33540,32893,63.50,20.778
33543,16233,63.50,20.778
33551,32893,63.50,20.778
33554,16233,63.50,20.778
33561,32893,63.50,20.778
33563,16233,63.50,20.778
33570,32893,63.50,20.778
33573,16233,63.50,20.778
33580,32893,63.50,20.778
33583,16233,63.50,20.778
33590,32893,63.50,20.778
33593,16233,63.50,20.778
33600,32893,63.50,20.778
33603,16233,63.50,20.778
33611,32893,63.50,20.778
33613,16233,63.50,20.778
33620,32893,63.50,20.778
33623,16233,63.50,20.778
33630,32893,63.50,20.778
33633,16233,63.50,20.778
33640,32893,63.50,20.778
33643,16233,63.50,20.778
33650,32893,63.50,20.778
33653,16233,63.50,20.778
33660,32893,63.50,20.778
33663,16233,63.50,20.778
33670,32893,63.50,20.778
33673,16233,63.50,20.778
33681,32893,63.50,20.778
33683,16233,63.50,20.778
33690,32893,63.50,20.778
33693,16233,63.50,20.778
33701,32893,63.50,20.778
33703,16233,63.50,20.778
33710,32893,63.50,20.778
33713,16233,63.50,20.778
33720,32893,63.50,20.778
33723,16233,63.50,20.778
33731,32893,63.50,20.778
33733,16233,63.50,20.778
33740,32893,63.50,20.778
33743,16233,63.50,20.778
33751,32893,63.50,20.778
33753,16233,63.50,20.778
33760,32893,63.50,20.778
33763,16233,63.50,20.778
33770,32893,63.50,20.778
33775,16233,63.50,20.778
33780,32893,63.50,20.778
33783,16233,63.50,20.778
33790,32893,63.50,20.778
33792,16233,63.50,20.778
33801,32893,63.50,20.778
33802,16233,63.50,20.778
33810,32893,63.50,20.778
33813,16233,63.50,20.778
33820,32893,63.50,20.778
33823,16233,63.50,20.778
33830,32893,63.50,20.778
33833,16233,63.50,20.778
33840,32893,63.50,20.778
33843,16233,63.50,20.778
33851,32893,63.50,20.778
33853,16233,63.50,20.778
33860,32893,63.50,20.778
33863,16233,63.50,20.778
33870,32893,63.50,20.778
33873,16233,63.50,20.778
33881,32893,63.50,20.778
33883,16233,63.50,20.778
33890,32893,63.50,20.778
33893,16233,63.50,20.778
33900,32893,63.50,20.778
33903,16233,63.50,20.778
33910,32893,63.50,20.778
33913,16233,63.50,20.778
33921,32893,63.50,20.778
33923,16233,63.50,20.778
33931,32893,63.50,20.778
33933,16233,63.50,20.778
33940,32893,63.50,20.778
33943,16233,63.50,20.778
33950,32893,63.50,20.778
33953,16233,63.50,20.778
33960,32893,63.50,20.778
33963,16233,63.50,20.778
33970,32893,63.50,20.778
33973,16233,63.50,20.778
33980,32893,63.50,20.778
33983,16233,63.50,20.778
33990,32893,63.50,20.778
33993,16233,63.50,20.778
34001,32893,63.50,20.778
34003,16233,63.50,20.778
34010,32893,63.50,20.778
34013,16233,63.50,20.778
34020,32893,63.50,20.778
34023,16233,63.50,20.778
34030,32893,63.50,20.778
34033,16233,63.50,20.778
34041,32893,63.50,20.778
34043,16233,63.50,20.778
34050,32893,63.50,20.778
34053,16233,63.50,20.778
34060,32893,63.50,20.778
34063,16233,63.50,20.778
34071,32893,63.50,20.778
34073,16233,63.50,20.778
34081,32893,63.50,20.778
34084,16233,63.50,20.778
34091,32893,63.50,20.778
34093,16233,63.50,20.778
34100,32893,63.50,20.778
34103,16233,63.50,20.778
34110,32893,63.50,20.778
34113,16233,63.50,20.778
34120,32893,63.50,20.778
34123,16233,63.50,20.778
34130,32893,63.50,20.778
34133,16233,63.50,20.778
34141,32893,63.50,20.778
34143,16233,63.50,20.778
34150,32893,63.50,20.778
34153,16233,63.50,20.778
34161,32893,63.50,20.778
34164,16233,63.50,20.778
34170,32893,63.50,20.778
34173,16233,63.50,20.778
34180,32893,63.50,20.778
34183,16233,63.50,20.778
34190,32893,63.50,20.778
34193,16233,63.50,20.778
34200,32893,63.50,20.778
34203,16233,63.50,20.778
34211,32893,63.50,20.778
34213,16233,63.50,20.778
34220,32893,63.50,20.778
34223,16233,63.50,20.778
34230,32893,63.50,20.778
34233,16233,63.50,20.778
34241,32893,63.50,20.778
34243,16233,63.50,20.778
34250,32893,63.50,20.778
34253,16233,63.50,20.778
34260,32893,63.50,20.778
34263,16233,63.50,20.778
34270,32893,63.50,20.778
34273,16233,63.50,20.778
34280,32893,63.50,20.778
34283,16233,63.50,20.778
34290,32893,63.50,20.778
34293,16233,63.50,20.778
34300,32893,63.50,20.778
34303,16233,63.50,20.778
34310,32893,63.50,20.778
34313,16233,63.50,20.778
34320,32893,63.50,20.778
34323,16233,63.50,20.778
34330,32893,63.50,20.778
34333,16233,63.50,20.778
34340,32893,63.50,20.778
34343,16233,63.50,20.778
34350,32893,63.50,20.778
34353,16233,63.50,20.778
34360,32893,63.50,20.778
34363,16233,63.50,20.778
34370,32893,63.50,20.778
34373,16233,63.50,20.778
34380,32893,63.50,20.778
34383,16233,63.50,20.778
34390,32893,63.50,20.778
34393,16233,63.50,20.778
34400,32893,63.50,20.778
34403,16233,63.50,20.778
34411,32893,63.50,20.778
34413,16233,63.50,20.778
34421,32893,63.50,20.778
34423,16233,63.50,20.778
34430,32893,63.50,20.778
34433,16233,63.50,20.778
34440,32893,63.50,20.778
34444,16233,63.50,20.778
34450,32893,63.50,20.778
34453,16233,63.50,20.778
34461,32893,63.50,20.778
34463,16233,63.50,20.778
34471,32893,63.50,20.778
34473,16233,63.50,20.778
34480,32893,63.50,20.778
34483,16233,63.50,20.778
34490,32893,63.50,20.778
34493,16233,63.50,20.778
34500,32893,63.50,20.778
34503,16233,63.50,20.778
34511,32893,63.50,20.778
34513,16233,63.50,20.778
34521,32893,63.50,20.778
34523,16233,63.50,20.778
34530,32893,63.50,20.778
34533,16233,63.50,20.778
34540,32893,63.50,20.778
34543,16233,63.50,20.778
34550,32893,63.50,20.778
34553,16233,63.50,20.778
34560,32893,63.50,20.778
34563,16233,63.50,20.778
34570,32893,63.50,20.778
34573,16233,63.50,20.778
34580,32893,63.50,20.778
34583,16233,63.50,20.778
34590,32893,63.50,20.778
34593,16233,63.50,20.778
34601,32893,63.50,20.778
34603,16233,63.50,20.778
34610,32893,63.50,20.778
34613,16233,63.50,20.778
34620,32893,63.50,20.778
34623,16233,63.50,20.778
34631,32893,63.50,20.778
34633,16233,63.50,20.778
34641,32893,63.50,20.778
34644,16233,63.50,20.778
34651,32893,63.50,20.778
34653,16233,63.50,20.778
34660,32893,63.50,20.778
34663,16233,63.50,20.778
34671,32893,63.50,20.778
34673,16233,63.50,20.778
34680,32893,63.50,20.778
34683,16233,63.50,20.778
34691,32893,63.50,20.778
34693,16233,63.50,20.778
34700,32893,63.50,20.778
34703,16233,63.50,20.778
34711,32893,63.50,20.778
34713,16233,63.50,20.778
34721,32893,63.50,20.778
34723,16233,63.50,20.778
34731,32893,63.50,20.778
34733,16233,63.50,20.778
34740,32893,63.50,20.778
34743,16233,63.50,20.778
34750,32893,63.50,20.778
34753,16233,63.50,20.778
34760,32893,63.50,20.778
34763,16233,63.50,20.778
34770,32893,63.50,20.778
34773,16233,63.50,20.778
34780,32893,63.50,20.778
34783,16233,63.50,20.778
34791,32893,63.50,20.778
34793,16233,63.50,20.778
34800,32893,63.50,20.778
34803,16233,63.50,20.778
34810,32893,63.50,20.778
34813,16233,63.50,20.778
34822,32893,59.00,19.305
34823,16233,63.50,20.778
34831,32893,59.00,19.305
34833,16233,63.50,20.778
34840,32893,59.00,19.305
34843,16233,63.50,20.778
34851,32893,59.00,19.305
34853,16233,63.50,20.778
34860,32893,59.00,19.305
34863,16233,63.50,20.778
34870,32893,59.00,19.305
34873,16233,63.50,20.778
34881,32893,59.00,19.305
34884,16233,63.50,20.778
34890,32893,59.00,19.305
34893,16233,63.50,20.778
34901,32893,59.00,19.305
34903,16233,63.50,20.778
34911,32893,59.00,19.305
34913,16233,63.50,20.778
34921,32893,59.00,19.305
34923,16233,63.50,20.778
34931,32893,59.00,19.305
34933,16233,63.50,20.778
34941,32893,59.00,19.305
34943,16233,63.50,20.778
34950,32893,59.00,19.305
34953,16233,63.50,20.778
34960,32893,59.00,19.305
34963,16233,63.50,20.778
34970,32893,59.00,19.305
34974,16233,63.50,20.778
34980,32893,59.00,19.305
34983,16233,63.50,20.778
34990,32893,59.00,19.305
34993,16233,63.50,20.778
35000,32893,59.00,19.305
35003,16233,63.50,20.778
35011,32893,59.00,19.305
35013,16233,63.50,20.778
35020,32893,59.00,19.305
35023,16233,63.50,20.778
35030,32893,59.00,19.305
35033,16233,63.50,20.778
35040,32893,59.00,19.305
35043,16233,63.50,20.778
35050,32893,59.00,19.305
35053,16233,63.50,20.778
35060,32893,59.00,19.305
35063,16233,63.50,20.778
35070,32893,59.00,19.305
35073,16233,63.50,20.778
35080,32893,59.00,19.305
35083,16233,63.50,20.778
35090,32893,59.00,19.305
35093,16233,63.50,20.778
35100,32893,59.00,19.305
35103,16233,63.50,20.778
35110,32893,59.00,19.305
35113,16233,63.50,20.778
35120,32893,59.00,19.305
35123,16233,63.50,20.778
35131,32893,59.00,19.305
35133,16233,63.50,20.778
35140,32893,59.00,19.305
35143,16233,63.50,20.778
35151,32893,59.00,19.305
35153,16233,63.50,20.778
35160,32893,59.00,19.305
35163,16233,63.50,20.778
35170,32893,59.00,19.305
35173,16233,63.50,20.778
35181,32893,59.00,19.305
35183,16233,63.50,20.778
35190,32893,59.00,19.305
35193,16233,63.50,20.778
35200,32893,59.00,19.305
35203,16233,63.50,20.778
35211,32893,59.00,19.305
35213,16233,63.50,20.778
35221,32893,59.00,19.305
35223,16233,63.50,20.778
35230,32893,59.00,19.305
35233,16233,63.50,20.778
35241,32893,59.00,19.305
35243,16233,63.50,20.778
35250,32893,59.00,19.305
35253,16233,63.50,20.778
35260,32893,59.00,19.305
35263,16233,63.50,20.778
35270,32893,59.00,19.305
35273,16233,63.50,20.778
35280,32893,59.00,19.305
35283,16233,63.50,20.778
35290,32893,59.00,19.305
35293,16233,63.50,20.778
35300,32893,59.00,19.305
35303,16233,63.50,20.778
35310,32893,59.00,19.305
35313,16233,63.50,20.778
35321,32893,59.00,19.305
35323,16233,63.50,20.778
35330,32893,59.00,19.305
35333,16233,63.50,20.778
35340,32893,59.00,19.305
35343,16233,63.50,20.778
35350,32893,59.00,19.305
35353,16233,63.50,20.778
35360,32893,59.00,19.305
35363,16233,63.50,20.778
35370,32893,59.00,19.305
35373,16233,63.50,20.778
35380,32893,59.00,19.305
35383,16233,63.50,20.778
35390,32893,59.00,19.305
35393,16233,63.50,20.778
35400,32893,59.00,19.305
35403,16233,63.50,20.778
35411,32893,59.00,19.305
35413,16233,63.50,20.778
35421,32893,59.00,19.305
35424,16233,63.50,20.778
35430,32893,59.00,19.305
35433,16233,63.50,20.778
35440,32893,59.00,19.305
35443,16233,63.50,20.778
35450,32893,59.00,19.305
35453,16233,63.50,20.778
35460,32893,59.00,19.305
35463,16233,63.50,20.778
35471,32893,59.00,19.305
35473,16233,63.50,20.778
35480,32893,59.00,19.305
35483,16233,63.50,20.778
35490,32893,59.00,19.305
35493,16233,63.50,20.778
35500,32893,59.00,19.305
35503,16233,63.50,20.778
35510,32893,59.00,19.305
35513,16233,63.50,20.778
35521,32893,59.00,19.305
35523,16233,63.50,20.778
35530,32893,59.00,19.305
35533,16233,63.50,20.778
35540,32893,59.00,19.305
35543,16233,63.50,20.778
35550,32893,59.00,19.305
35553,16233,63.50,20.778
35561,32893,59.00,19.305
35563,16233,63.50,20.778
35570,32893,59.00,19.305
35573,16233,63.50,20.778
35581,32893,59.00,19.305
35583,16233,63.50,20.778
35590,32893,59.00,19.305
35594,16233,63.50,20.778
35600,32893,59.00,19.305
35603,16233,63.50,20.778
35610,32893,59.00,19.305
35613,16233,63.50,20.778
35620,32893,59.00,19.305
35623,16233,63.50,20.778
35630,32893,59.00,19.305
35633,16233,63.50,20.778
35641,32893,59.00,19.305
35643,16233,63.50,20.778
35650,32893,59.00,19.305
35653,16233,63.50,20.778
35660,32893,59.00,19.305
35663,16233,63.50,20.778
35671,32893,59.00,19.305
35673,16233,63.50,20.778
35680,32893,59.00,19.305
35683,16233,63.50,20.778
35690,32893,59.00,19.305
35693,16233,63.50,20.778
35700,32893,59.00,19.305
35703,16233,63.50,20.778
35711,32893,59.00,19.305
35713,16233,63.50,20.778
35720,32893,59.00,19.305
35723,16233,63.50,20.778
35730,32893,59.00,19.305
35733,16233,63.50,20.778
35740,32893,59.00,19.305
35743,16233,63.50,20.778
35751,32893,59.00,19.305
35753,16233,63.50,20.778
35760,32893,59.00,19.305
35763,16233,63.50,20.778
35770,32893,59.00,19.305
35773,16233,63.50,20.778
35781,32893,59.00,19.305
35783,16233,63.50,20.778
35790,32893,59.00,19.305
35793,16233,63.50,20.778
35801,32893,59.00,19.305
35804,16233,63.50,20.778
35811,32893,59.00,19.305
35813,16233,63.50,20.778
35821,32893,59.00,19.305
35823,16233,63.50,20.778
35830,32893,59.00,19.305
35834,16233,63.50,20.778
35840,32893,59.00,19.305
35843,16233,63.50,20.778
35850,32893,59.00,19.305
35853,16233,63.50,20.778
35860,32893,59.00,19.305
35863,16233,63.50,20.778
35870,32893,59.00,19.305
35873,16233,63.50,20.778
35881,32893,59.00,19.305
35883,16233,63.50,20.778
35891,32893,59.00,19.305
35893,16233,63.50,20.778
35900,32893,59.00,19.305
35903,16233,63.50,20.778
35910,32893,59.00,19.305
35913,16233,63.50,20.778
35921,32893,59.00,19.305
35923,16233,63.50,20.778
35931,32893,59.00,19.305
35933,16233,63.50,20.778
35940,32893,59.00,19.305
35943,16233,63.50,20.778
35950,32893,59.00,19.305
35953,16233,63.50,20.778
35960,32893,59.00,19.305
35964,16233,63.50,20.778
35970,32893,59.00,19.305
35973,16233,63.50,20.778
35981,32893,59.00,19.305
35983,16233,63.50,20.778
35990,32893,59.00,19.305
35993,16233,63.50,20.778
36000,32893,59.00,19.305
36003,16233,63.50,20.778
36010,32893,59.00,19.305
36013,16233,63.50,20.778
36021,32893,59.00,19.305
36023,16233,63.50,20.778
36031,32893,59.00,19.305
36033,16233,63.50,20.778
36040,32893,59.00,19.305
36043,16233,63.50,20.778
36050,32893,59.00,19.305
36053,16233,63.50,20.778
36060,32893,59.00,19.305
36063,16233,63.50,20.778
36070,32893,59.00,19.305
36073,16233,63.50,20.778
36081,32893,59.00,19.305
36083,16233,63.50,20.778
36090,32893,59.00,19.305
36093,16233,63.50,20.778
36100,32893,59.00,19.305
36103,16233,63.50,20.778
36111,32893,59.00,19.305
36113,16233,63.50,20.778
36120,32893,59.00,19.305
36123,16233,63.50,20.778
36130,32893,59.00,19.305
36133,16233,63.50,20.778
36141,32893,59.00,19.305
36143,16233,63.50,20.778
36150,32893,59.00,19.305
36153,16233,63.50,20.778
36160,32893,59.00,19.305
36163,16233,63.50,20.778
36170,32893,59.00,19.305
36173,16233,63.50,20.778
36180,32893,59.00,19.305
36183,16233,63.50,20.778
36191,32893,59.00,19.305
36193,16233,63.50,20.778
36200,32893,59.00,19.305
36203,16233,63.50,20.778
36211,32893,59.00,19.305
36213,16233,63.50,20.778
36220,32893,59.00,19.305
36223,16233,63.50,20.778
36230,32893,59.00,19.305
36233,16233,63.50,20.778
36240,32893,59.00,19.305
36243,16233,63.50,20.778
36250,32893,59.00,19.305
36253,16233,63.50,20.778
36261,32893,59.00,19.305
36263,16233,63.50,20.778
36270,32893,59.00,19.305
36273,16233,63.50,20.778
36280,32893,59.00,19.305
36283,16233,63.50,20.778
36291,32893,59.00,19.305
36293,16233,63.50,20.778
36300,32893,59.00,19.305
36303,16233,63.50,20.778
36310,32893,59.00,19.305
36313,16233,63.50,20.778
36320,32893,59.00,19.305
36324,16233,63.50,20.778
36330,32893,59.00,19.305
36333,16233,63.50,20.778
36340,32893,59.00,19.305
36343,16233,63.50,20.778
36351,32893,59.00,19.305
36353,16233,63.50,20.778
36360,32893,59.00,19.305
36363,16233,63.50,20.778
36371,32893,59.00,19.305
36373,16233,63.50,20.778
36380,32893,59.00,19.305
36383,16233,63.50,20.778
36390,32893,59.00,19.305
36393,16233,63.50,20.778
36400,32893,59.00,19.305
36403,16233,63.50,20.778
36410,32893,59.00,19.305
36413,16233,63.50,20.778
36420,32893,59.00,19.305
36423,16233,63.50,20.778
36430,32893,59.00,19.305
36433,16233,63.50,20.778
36440,32893,59.00,19.305
36443,16233,63.50,20.778
36450,32893,59.00,19.305
36453,16233,63.50,20.778
36460,32893,59.00,19.305
36463,16233,63.50,20.778
36470,32893,59.00,19.305
36473,16233,63.50,20.778
36480,32893,59.00,19.305
36483,16233,63.50,20.778
36490,32893,59.00,19.305
36493,16233,63.50,20.778
36500,32893,59.00,19.305
36503,16233,63.50,20.778
36511,32893,59.00,19.305
36513,16233,63.50,20.778
36520,32893,59.00,19.305
36523,16233,63.50,20.778
36530,32893,59.00,19.305
36533,16233,63.50,20.778
36541,32893,59.00,19.305
36543,16233,63.50,20.778
36550,32893,59.00,19.305
36553,16233,63.50,20.778
36561,32893,59.00,19.305
36563,16233,63.50,20.778
36570,32893,59.00,19.305
36573,16233,63.50,20.778
36580,32893,59.00,19.305
36583,16233,63.50,20.778
36591,32893,59.00,19.305
36593,16233,63.50,20.778
36600,32893,59.00,19.305
36603,16233,63.50,20.778
36610,32893,59.00,19.305
36613,16233,63.50,20.778
36620,32893,59.00,19.305
36623,16233,63.50,20.778
36631,32893,59.00,19.305
36633,16233,63.50,20.778
36641,32893,59.00,19.305
36643,16233,63.50,20.778
36651,32893,59.00,19.305
36653,16233,63.50,20.778
36660,32893,59.00,19.305
36663,16233,63.50,20.778
36670,32893,59.00,19.305
36673,16233,63.50,20.778
36681,32893,59.00,19.305
36683,16233,63.50,20.778
36690,32893,59.00,19.305
36693,16233,63.50,20.778
36700,32893,59.00,19.305
36703,16233,63.50,20.778
36710,32893,59.00,19.305
36713,16233,63.50,20.778
36721,32893,59.00,19.305
36723,16233,63.50,20.778
36730,32893,59.00,19.305
36733,16233,63.50,20.778
36740,32893,59.00,19.305
36743,16233,63.50,20.778
36751,32893,59.00,19.305
36754,16233,63.50,20.778
36760,32893,59.00,19.305
36763,16233,63.50,20.778
36770,32893,59.00,19.305
36773,16233,63.50,20.778
36780,32893,59.00,19.305
36783,16233,63.50,20.778
36790,32893,59.00,19.305
36793,16233,63.50,20.778
36800,32893,59.00,19.305
36803,16233,63.50,20.778
36810,32893,59.00,19.305
36813,16233,63.50,20.778
36820,32893,59.00,19.305
36823,16233,63.50,20.778
36830,32893,59.00,19.305
36833,16233,63.50,20.778
36840,32893,59.00,19.305
36843,16233,63.50,20.778
36850,32893,59.00,19.305
36853,16233,63.50,20.778
36860,32893,59.00,19.305
36863,16233,63.50,20.778
36871,32893,59.00,19.305
36873,16233,63.50,20.778
36880,32893,59.00,19.305
36883,16233,63.50,20.778
36890,32893,59.00,19.305
36894,16233,63.50,20.778
36901,32893,59.00,19.305
36903,16233,63.50,20.778
36911,32893,59.00,19.305
36913,16233,63.50,20.778
36921,32893,59.00,19.305
36923,16233,63.50,20.778
36931,32893,59.00,19.305
36933,16233,63.50,20.778
36941,32893,59.00,19.305
36943,16233,63.50,20.778
36950,32893,59.00,19.305
36953,16233,63.50,20.778
36961,32893,59.00,19.305
36963,16233,63.50,20.778
36970,32893,59.00,19.305
36973,16233,63.50,20.778
36980,32893,59.00,19.305
36983,16233,63.50,20.778
36990,32893,59.00,19.305
36993,16233,63.50,20.778
37000,32893,59.00,19.305
37003,16233,63.50,20.778
37010,32893,59.00,19.305
37013,16233,63.50,20.778
37020,32893,59.00,19.305
37023,16233,63.50,20.778
37030,32893,59.00,19.305
37033,16233,63.50,20.778
37041,32893,59.00,19.305
37043,16233,63.50,20.778
37051,32893,59.00,19.305
37053,16233,63.50,20.778
37060,32893,59.00,19.305
37063,16233,63.50,20.778
37071,32893,59.00,19.305
37073,16233,63.50,20.778
37080,32893,59.00,19.305
37083,16233,63.50,20.778
37090,32893,59.00,19.305
37093,16233,63.50,20.778
37100,32893,59.00,19.305
37103,16233,63.50,20.778
37110,32893,59.00,19.305
37113,16233,63.50,20.778
37120,32893,59.00,19.305
37123,16233,63.50,20.778
37130,32893,59.00,19.305
37133,16233,63.50,20.778
37140,32893,59.00,19.305
37143,16233,63.50,20.778
37151,32893,59.00,19.305
37153,16233,63.50,20.778
37160,32893,59.00,19.305
37163,16233,63.50,20.778
37170,32893,59.00,19.305
37173,16233,63.50,20.778
37181,32893,59.00,19.305
37183,16233,63.50,20.778
37191,32893,59.00,19.305
37193,16233,63.50,20.778
37201,32893,59.00,19.305
37203,16233,63.50,20.778
37211,32893,59.00,19.305
37213,16233,63.50,20.778
37220,32893,59.00,19.305
37223,16233,63.50,20.778
37231,32893,59.00,19.305
37233,16233,63.50,20.778
37240,32893,59.00,19.305
37243,16233,63.50,20.778
37250,32893,59.00,19.305
37253,16233,63.50,20.778
37260,32893,59.00,19.305
37263,16233,63.50,20.778
37270,32893,59.00,19.305
37273,16233,63.50,20.778
37280,32893,59.00,19.305
37283,16233,63.50,20.778
37290,32893,59.00,19.305
37293,16233,63.50,20.778
37300,32893,59.00,19.305
37303,16233,63.50,20.778
37310,32893,59.00,19.305
37313,16233,63.50,20.778
37320,32893,59.00,19.305
37323,16233,63.50,20.778
37331,32893,59.00,19.305
37333,16233,63.50,20.778
37340,32893,59.00,19.305
37343,16233,63.50,20.778
37350,32893,59.00,19.305
37353,16233,63.50,20.778
37360,32893,59.00,19.305
37363,16233,63.50,20.778
37370,32893,59.00,19.305
37373,16233,63.50,20.778
37380,32893,59.00,19.305
37383,16233,63.50,20.778
37390,32893,59.00,19.305
37393,16233,63.50,20.778
37401,32893,59.00,19.305
37403,16233,63.50,20.778
37411,32893,59.00,19.305
37413,16233,63.50,20.778
37421,32893,59.00,19.305
37423,16233,63.50,20.778
37431,32893,59.00,19.305
37433,16233,63.50,20.778
37440,32893,59.00,19.305
37443,16233,63.50,20.778
37450,32893,59.00,19.305
37453,16233,63.50,20.778
37460,32893,59.00,19.305
37463,16233,63.50,20.778
37470,32893,59.00,19.305
37473,16233,63.50,20.778
37480,32893,59.00,19.305
37483,16233,63.50,20.778
37490,32893,59.00,19.305
37493,16233,63.50,20.778
37500,32893,59.00,19.305
37503,16233,63.50,20.778
37510,32893,59.00,19.305
37513,16233,63.50,20.778
37520,32893,59.00,19.305
37523,16233,63.50,20.778
37530,32893,59.00,19.305
37533,16233,63.50,20.778
37540,32893,59.00,19.305
37543,16233,63.50,20.778
37550,32893,59.00,19.305
37553,16233,63.50,20.778
37561,32893,59.00,19.305
37563,16233,63.50,20.778
37570,32893,59.00,19.305
37573,16233,63.50,20.778
37580,32893,59.00,19.305
37583,16233,63.50,20.778
37590,32893,59.00,19.305
37593,16233,63.50,20.778
37600,32893,59.00,19.305
37603,16233,63.50,20.778
37610,32893,59.00,19.305
37613,16233,63.50,20.778
37620,32893,59.00,19.305
37623,16233,63.50,20.778
37630,32893,59.00,19.305
37633,16233,63.50,20.778
37640,32893,59.00,19.305
37643,16233,63.50,20.778
37650,32893,59.00,19.305
37653,16233,63.50,20.778
37660,32893,59.00,19.305
37663,16233,63.50,20.778
37670,32893,59.00,19.305
37673,16233,63.50,20.778
37680,32893,59.00,19.305
37683,16233,63.50,20.778
37690,32893,59.00,19.305
37693,16233,63.50,20.778
37701,32893,59.00,19.305
37703,16233,63.50,20.778
37710,32893,59.00,19.305
37713,16233,63.50,20.778
37720,32893,59.00,19.305
37723,16233,63.50,20.778
37730,32893,59.00,19.305
37733,16233,63.50,20.778
37740,32893,59.00,19.305
37743,16233,63.50,20.778
37750,32893,59.00,19.305
37753,16233,63.50,20.778
37760,32893,59.00,19.305
37763,16233,63.50,20.778
37770,32893,59.00,19.305
37773,16233,63.50,20.778
37780,32893,59.00,19.305
37783,16233,63.50,20.778
37790,32893,59.00,19.305
37793,16233,63.50,20.778
37800,32893,59.00,19.305
37803,16233,63.50,20.778
37810,32893,59.00,19.305
37813,16233,63.50,20.778
37820,32893,59.00,19.305
37823,16233,63.50,20.778
37831,32893,59.00,19.305
37833,16233,63.50,20.778
37840,32893,59.00,19.305
37843,16233,63.50,20.778
37851,32893,59.00,19.305
37853,16233,63.50,20.778
37860,32893,59.00,19.305
37863,16233,63.50,20.778
37870,32893,59.00,19.305
37873,16233,63.50,20.778
37880,32893,59.00,19.305
37883,16233,63.50,20.778
37890,32893,59.00,19.305
37893,16233,63.50,20.778
37900,32893,59.00,19.305
37903,16233,63.50,20.778
37910,32893,59.00,19.305
37914,16233,63.50,20.778
37920,32893,59.00,19.305
37923,16233,63.50,20.778
37930,32893,59.00,19.305
37933,16233,63.50,20.778
37940,32893,59.00,19.305
37943,16233,63.50,20.778
37950,32893,59.00,19.305
37953,16233,63.50,20.778
37961,32893,59.00,19.305
37963,16233,63.50,20.778
37971,32893,59.00,19.305
37973,16233,63.50,20.778
37980,32893,59.00,19.305
37983,16233,63.50,20.778
37991,32893,59.00,19.305
37993,16233,63.50,20.778
38000,32893,59.00,19.305
38003,16233,63.50,20.778
38010,32893,59.00,19.305
38013,16233,63.50,20.778
38020,32893,59.00,19.305
38023,16233,63.50,20.778
38030,32893,59.00,19.305
38033,16233,63.50,20.778
38041,32893,59.00,19.305
38043,16233,63.50,20.778
38050,32893,59.00,19.305
38053,16233,63.50,20.778
38061,32893,59.00,19.305
38063,16233,63.50,20.778
38070,32893,59.00,19.305
38073,16233,63.50,20.778
38080,32893,59.00,19.305
38083,16233,63.50,20.778
38090,32893,59.00,19.305
38093,16233,63.50,20.778
38100,32893,59.00,19.305
38103,16233,63.50,20.778
38110,32893,59.00,19.305
38113,16233,63.50,20.778
38120,32893,59.00,19.305
38123,16233,63.50,20.778
38130,32893,59.00,19.305
38133,16233,63.50,20.778
38140,32893,59.00,19.305
38143,16233,63.50,20.778
38150,32893,59.00,19.305
38152,16233,63.50,20.778
38160,32893,59.00,19.305
38163,16233,63.50,20.778
38170,32893,59.00,19.305
38173,16233,63.50,20.778
38180,32893,59.00,19.305
38183,16233,63.50,20.778
38190,32893,59.00,19.305
38193,16233,63.50,20.778
38201,32893,59.00,19.305
38203,16233,63.50,20.778
38210,32893,59.00,19.305
38213,16233,63.50,20.778
38220,32893,59.00,19.305
38223,16233,63.50,20.778
38230,32893,59.00,19.305
38233,16233,63.50,20.778
38240,32893,59.00,19.305
38243,16233,63.50,20.778
38250,32893,59.00,19.305
38253,16233,63.50,20.778
38260,32893,59.00,19.305
38263,16233,63.50,20.778
38270,32893,59.00,19.305
38273,16233,63.50,20.778
38280,32893,59.00,19.305
38283,16233,63.50,20.778
38290,32893,59.00,19.305
38293,16233,63.50,20.778
38300,32893,59.00,19.305
38303,16233,63.50,20.778
38310,32893,59.00,19.305
38313,16233,63.50,20.778
38320,32893,59.00,19.305
38323,16233,63.50,20.778
38330,32893,59.00,19.305
38333,16233,63.50,20.778
38340,32893,59.00,19.305
38343,16233,63.50,20.778
38351,32893,59.00,19.305
38353,16233,63.50,20.778
38361,32893,59.00,19.305
38363,16233,63.50,20.778
38370,32893,59.00,19.305
38373,16233,63.50,20.778
38380,32893,59.00,19.305
38383,16233,63.50,20.778
38390,32893,59.00,19.305
38393,16233,63.50,20.778
38400,32893,59.00,19.305
38403,16233,63.50,20.778
38410,32893,59.00,19.305
38413,16233,63.50,20.778
38420,32893,59.00,19.305
38423,16233,63.50,20.778
38430,32893,59.00,19.305
38433,16233,63.50,20.778
38440,32893,59.00,19.305
38443,16233,63.50,20.778
38450,32893,59.00,19.305
38453,16233,63.50,20.778
38460,32893,59.00,19.305
38463,16233,63.50,20.778
38470,32893,59.00,19.305
38473,16233,63.50,20.778
38480,32893,59.00,19.305
38483,16233,63.50,20.778
38490,32893,59.00,19.305
38493,16233,63.50,20.778
38500,32893,59.00,19.305
38503,16233,63.50,20.778
38510,32893,59.00,19.305
38513,16233,63.50,20.778
38520,32893,59.00,19.305
38523,16233,63.50,20.778
38530,32893,59.00,19.305
38533,16233,63.50,20.778
38540,32893,59.00,19.305
38543,16233,63.50,20.778
38550,32893,59.00,19.305
38553,16233,63.50,20.778
38560,32893,59.00,19.305
38563,16233,63.50,20.778
38570,32893,59.00,19.305
38573,16233,63.50,20.778
38580,32893,59.00,19.305
38583,16233,63.50,20.778
38590,32893,59.00,19.305
38593,16233,63.50,20.778
38601,32893,59.00,19.305
38603,16233,63.50,20.778
38610,32893,59.00,19.305
38613,16233,63.50,20.778
38620,32893,59.00,19.305
38623,16233,63.50,20.778
38630,32893,59.00,19.305
38633,16233,63.50,20.778
38640,32893,59.00,19.305
38643,16233,63.50,20.778
38651,32893,59.00,19.305
38653,16233,63.50,20.778
38660,32893,59.00,19.305
38663,16233,63.50,20.778
38670,32893,59.00,19.305
38673,16233,63.50,20.778
38680,32893,59.00,19.305
38683,16233,63.50,20.778
38690,32893,59.00,19.305
38693,16233,63.50,20.778
38700,32893,59.00,19.305
38703,16233,63.50,20.778
38710,32893,59.00,19.305
38713,16233,63.50,20.778
38720,32893,59.00,19.305
38723,16233,63.50,20.778
38730,32893,59.00,19.305
38733,16233,63.50,20.778
38740,32893,59.00,19.305
38743,16233,63.50,20.778
38750,32893,59.00,19.305
38753,16233,63.50,20.778
38760,32893,59.00,19.305
38763,16233,63.50,20.778
38770,32893,59.00,19.305
38773,16233,63.50,20.778
38780,32893,59.00,19.305
38783,16233,63.50,20.778
38790,32893,59.00,19.305
38793,16233,63.50,20.778
38800,32893,59.00,19.305
38803,16233,63.50,20.778
38810,32893,59.00,19.305
38813,16233,63.50,20.778
38820,32893,59.00,19.305
38823,16233,63.50,20.778
38830,32893,59.00,19.305
38833,16233,63.50,20.778
38840,32893,59.00,19.305
38843,16233,63.50,20.778
38851,32893,59.00,19.305
38853,16233,63.50,20.778
38860,32893,59.00,19.305
38863,16233,63.50,20.778
38870,32893,59.00,19.305
38873,16233,63.50,20.778
38880,32893,59.00,19.305
38883,16233,63.50,20.778
38890,32893,59.00,19.305
38893,16233,63.50,20.778
38900,32893,59.00,19.305
38903,16233,63.50,20.778
38910,32893,59.00,19.305
38913,16233,63.50,20.778
38921,32893,59.00,19.305
38923,16233,63.50,20.778
38930,32893,59.00,19.305
38933,16233,63.50,20.778
38940,32893,59.00,19.305
38943,16233,63.50,20.778
38951,32893,59.00,19.305
38953,16233,63.50,20.778
38960,32893,59.00,19.305
38963,16233,63.50,20.778
38970,32893,59.00,19.305
38973,16233,63.50,20.778
38980,32893,59.00,19.305
38983,16233,63.50,20.778
38990,32893,59.00,19.305
38993,16233,63.50,20.778
39000,32893,59.00,19.305
39003,16233,63.50,20.778
39010,32893,59.00,19.305
39013,16233,63.50,20.778
39020,32893,59.00,19.305
39023,16233,63.50,20.778
39030,32893,59.00,19.305
39033,16233,63.50,20.778
39040,32893,59.00,19.305
39043,16233,63.50,20.778
39051,32893,59.00,19.305
39053,16233,63.50,20.778
39060,32893,59.00,19.305
39063,16233,63.50,20.778
39071,32893,59.00,19.305
39073,16233,63.50,20.778
39080,32893,59.00,19.305
39083,16233,63.50,20.778
39090,32893,59.00,19.305
39093,16233,63.50,20.778
39100,32893,63.50,20.778
39103,16233,63.50,20.778
39110,32893,63.50,20.778
39113,16233,63.50,20.778
39120,32893,63.50,20.778
39123,16233,63.50,20.778
39131,32893,63.50,20.778
39133,16233,63.50,20.778
39140,32893,63.50,20.778
39143,16233,63.50,20.778
39150,32893,63.50,20.778
39153,16233,63.50,20.778
39160,32893,63.50,20.778
39163,16233,63.50,20.778
39170,32893,63.50,20.778
39173,16233,63.50,20.778
39180,32893,63.50,20.778
39183,16233,63.50,20.778
39190,32893,63.50,20.778
39193,16233,63.50,20.778
39200,32893,63.50,20.778
39203,16233,63.50,20.778
39210,32893,63.50,20.778
39213,16233,63.50,20.778
39220,32893,63.50,20.778
39223,16233,63.50,20.778
39230,32893,63.50,20.778
39233,16233,63.50,20.778
39240,32893,63.50,20.778
39243,16233,63.50,20.778
39250,32893,63.50,20.778
39253,16233,63.50,20.778
39260,32893,63.50,20.778
39263,16233,63.50,20.778
39270,32893,63.50,20.778
39273,16233,63.50,20.778
39280,32893,63.50,20.778
39283,16233,63.50,20.778
39290,32893,63.50,20.778
39293,16233,63.50,20.778
39300,32893,63.50,20.778
39303,16233,63.50,20.778
39310,32893,63.50,20.778
39313,16233,63.50,20.778
39320,32893,63.50,20.778
39323,16233,63.50,20.778
39330,32893,63.50,20.778
39333,16233,63.50,20.778
39340,32893,63.50,20.778
39343,16233,63.50,20.778
39350,32893,63.50,20.778
39353,16233,63.50,20.778
39360,32893,63.50,20.778
39363,16233,63.50,20.778
39370,32893,63.50,20.778
39373,16233,63.50,20.778
39380,32893,63.50,20.778
39383,16233,63.50,20.778
39390,32893,63.50,20.778
39393,16233,63.50,20.778
39400,32893,63.50,20.778
39403,16233,63.50,20.778
39410,32893,63.50,20.778
39413,16233,63.50,20.778
39420,32893,63.50,20.778
39423,16233,63.50,20.778
39430,32893,63.50,20.778
39433,16233,63.50,20.778
39440,32893,63.50,20.778
39443,16233,63.50,20.778
39450,32893,63.50,20.778
39453,16233,63.50,20.778
39460,32893,63.50,20.778
39463,16233,63.50,20.778
39470,32893,63.50,20.778
39473,16233,63.50,20.778
39480,32893,63.50,20.778
39483,16233,63.50,20.778
39490,32893,63.50,20.778
39493,16233,63.50,20.778
39501,32893,63.50,20.778
39503,16233,63.50,20.778
39511,32893,63.50,20.778
39513,16233,63.50,20.778
39520,32893,63.50,20.778
39523,16233,63.50,20.778
39531,32893,63.50,20.778
39533,16233,63.50,20.778
39541,32893,63.50,20.778
39543,16233,63.50,20.778
39551,32893,63.50,20.778
39553,16233,63.50,20.778
39560,32893,63.50,20.778
39563,16233,63.50,20.778
39570,32893,63.50,20.778
39573,16233,63.50,20.778
39581,32893,63.50,20.778
39583,16233,63.50,20.778
39590,32893,63.50,20.778
39593,16233,63.50,20.778
39600,32893,63.50,20.778
39603,16233,63.50,20.778
39610,32893,63.50,20.778
39613,16233,63.50,20.778
39620,32893,63.50,20.778
39623,16233,63.50,20.778
39630,32893,63.50,20.778
39633,16233,63.50,20.778
39641,32893,63.50,20.778
39643,16233,63.50,20.778
39651,32893,63.50,20.778
39653,16233,63.50,20.778
39660,32893,63.50,20.778
39663,16233,63.50,20.778
39670,32893,63.50,20.778
39673,16233,63.50,20.778
39681,32893,63.50,20.778
39683,16233,63.50,20.778
39690,32893,63.50,20.778
39693,16233,63.50,20.778
39700,32893,63.50,20.778
39703,16233,63.50,20.778
39711,32893,63.50,20.778
39713,16233,63.50,20.778
39721,32893,63.50,20.778
39723,16233,63.50,20.778
39731,32893,63.50,20.778
39733,16233,63.50,20.778
39741,32893,63.50,20.778
39743,16233,63.50,20.778
39751,32893,63.50,20.778
39753,16233,63.50,20.778
39762,32893,63.50,20.778
39764,16233,63.50,20.778
39770,32893,63.50,20.778
39774,16233,63.50,20.778
39781,32893,63.50,20.778
39783,16233,63.50,20.778
39791,32893,63.50,20.778
39793,16233,63.50,20.778
39801,32893,63.50,20.778
39803,16233,63.50,20.778
39810,32893,63.50,20.778
39813,16233,63.50,20.778
39820,32893,63.50,20.778
39823,16233,63.50,20.778
39831,32893,63.50,20.778
39834,16233,63.50,20.778
39840,32893,63.50,20.778
39843,16233,63.50,20.778
39851,32893,63.50,20.778
39853,16233,63.50,20.778
39860,32893,63.50,20.778
39863,16233,63.50,20.778
39870,32893,63.50,20.778
39873,16233,63.50,20.778
39881,32893,63.50,20.778
39883,16233,63.50,20.778
39890,32893,63.50,20.778
39893,16233,63.50,20.778
39900,32893,63.50,20.778
39903,16233,63.50,20.778
39912,32893,63.50,20.778
39913,16233,63.50,20.778
39921,32893,63.50,20.778
39925,16233,63.50,20.778
39931,32893,63.50,20.778
39933,16233,63.50,20.778
39940,32893,63.50,20.778
39943,16233,63.50,20.778
39951,32893,63.50,20.778
39953,16233,63.50,20.778
39960,32893,63.50,20.778
39963,16233,63.50,20.778
39972,32893,63.50,20.778
39973,16233,63.50,20.778
39981,32893,63.50,20.778
39983,16233,63.50,20.778
39991,32893,63.50,20.778
39993,16233,63.50,20.778
40001,32893,63.50,20.778
40003,16233,63.50,20.778
40010,32893,63.50,20.778
40013,16233,63.50,20.778
40020,32893,63.50,20.778
40023,16233,63.50,20.778
40031,32893,63.50,20.778
40033,16233,63.50,20.778
40040,32893,63.50,20.778
40043,16233,63.50,20.778
40051,32893,63.50,20.778
40053,16233,63.50,20.778
40060,32893,63.50,20.778
40063,16233,63.50,20.778
40071,32893,63.50,20.778
40073,16233,63.50,20.778
40081,32893,63.50,20.778
40083,16233,63.50,20.778
40090,32893,63.50,20.778
40094,16233,63.50,20.778
40100,32893,63.50,20.778
40103,16233,63.50,20.778
40110,32893,63.50,20.778
40113,16233,63.50,20.778
40120,32893,63.50,20.778
40123,16233,63.50,20.778
40131,32893,63.50,20.778
40133,16233,63.50,20.778
40141,32893,63.50,20.778
40143,16233,63.50,20.778
40151,32893,63.50,20.778
40153,16233,63.50,20.778
40161,32893,63.50,20.778
40163,16233,63.50,20.778
40170,32893,63.50,20.778
40173,16233,63.50,20.778
40180,32893,63.50,20.778
40183,16233,63.50,20.778
40190,32893,63.50,20.778
40193,16233,63.50,20.778
40200,32893,63.50,20.778
40203,16233,63.50,20.778
40210,32893,63.50,20.778
40213,16233,63.50,20.778
40220,32893,63.50,20.778
40223,16233,63.50,20.778
40230,32893,63.50,20.778
40233,16233,63.50,20.778
40240,32893,63.50,20.778
40243,16233,63.50,20.778
40250,32893,63.50,20.778
40253,16233,63.50,20.778
40260,32893,63.50,20.778
40263,16233,63.50,20.778
40270,32893,63.50,20.778
40273,16233,63.50,20.778
40281,32893,63.50,20.778
40283,16233,63.50,20.778
40290,32893,63.50,20.778
40293,16233,63.50,20.778
40301,32893,63.50,20.778
40303,16233,63.50,20.778
40310,32893,63.50,20.778
40313,16233,63.50,20.778
40320,32893,63.50,20.778
40323,16233,63.50,20.778
40331,32893,63.50,20.778
40333,16233,63.50,20.778
40340,32893,63.50,20.778
40343,16233,63.50,20.778
40350,32893,63.50,20.778
40353,16233,63.50,20.778
40360,32893,63.50,20.778
40363,16233,63.50,20.778
40371,32893,63.50,20.778
40373,16233,63.50,20.778
40380,32893,63.50,20.778
40383,16233,63.50,20.778
40390,32893,63.50,20.778
40393,16233,63.50,20.778
40400,32893,63.50,20.778
40403,16233,63.50,20.778
40410,32893,63.50,20.778
40413,16233,63.50,20.778
40420,32893,63.50,20.778
40423,16233,63.50,20.778
40430,32893,63.50,20.778
40433,16233,63.50,20.778
40441,32893,63.50,20.778
40443,16233,63.50,20.778
40450,32893,63.50,20.778
40453,16233,63.50,20.778
40460,32893,63.50,20.778
40463,16233,63.50,20.778
40471,32893,63.50,20.778
40473,16233,63.50,20.778
40481,32893,63.50,20.778
40483,16233,63.50,20.778
40490,32893,63.50,20.778
40493,16233,63.50,20.778
40500,32893,63.50,20.778
40503,16233,63.50,20.778
40511,32893,63.50,20.778
40513,16233,63.50,20.778
40521,32893,63.50,20.778
40523,16233,63.50,20.778
40530,32893,63.50,20.778
40533,16233,63.50,20.778
40541,32893,63.50,20.778
40543,16233,63.50,20.778
40550,32893,63.50,20.778
40553,16233,63.50,20.778
40560,32893,63.50,20.778
40563,16233,63.50,20.778
40570,32893,63.50,20.778
40573,16233,63.50,20.778
40580,32893,63.50,20.778
40583,16233,63.50,20.778
40591,32893,63.50,20.778
40593,16233,63.50,20.778
40600,32893,63.50,20.778
40603,16233,63.50,20.778
40610,32893,63.50,20.778
40613,16233,63.50,20.778
40620,32893,63.50,20.778
40623,16233,63.50,20.778
40630,32893,63.50,20.778
40633,16233,63.50,20.778
40640,32893,63.50,20.778
40643,16233,63.50,20.778
40650,32893,63.50,20.778
40653,16233,63.50,20.778
40661,32893,63.50,20.778
40663,16233,63.50,20.778
40670,32893,63.50,20.778
40673,16233,63.50,20.778
40680,32893,63.50,20.778
40683,16233,63.50,20.778
40690,32893,63.50,20.778
40693,16233,63.50,20.778
40700,32893,63.50,20.778
40703,16233,63.50,20.778
40710,32893,63.50,20.778
40713,16233,63.50,20.778
40721,32893,63.50,20.778
40723,16233,63.50,20.778
40731,32893,63.50,20.778
40733,16233,63.50,20.778
40741,32893,63.50,20.778
40743,16233,63.50,20.778
40750,32893,63.50,20.778
40753,16233,63.50,20.778
40761,32893,63.50,20.778
40764,16233,63.50,20.778
40771,32893,63.50,20.778
40773,16233,63.50,20.778
40780,32893,63.50,20.778
40783,16233,63.50,20.778
40790,32893,63.50,20.778
40793,16233,63.50,20.778
40800,32893,63.50,20.778
40803,16233,63.50,20.778
40810,32893,63.50,20.778
40813,16233,63.50,20.778
40820,32893,63.50,20.778
40823,16233,63.50,20.778
40830,32893,63.50,20.778
40833,16233,63.50,20.778
40840,32893,63.50,20.778
40843,16233,63.50,20.778
40851,32893,63.50,20.778
40853,16233,63.50,20.778
40860,32893,63.50,20.778
40863,16233,63.50,20.778
40871,32893,63.50,20.778
40873,16233,63.50,20.778
40881,32893,63.50,20.778
40883,16233,63.50,20.778
40891,32893,63.50,20.778
40893,16233,63.50,20.778
40900,32893,63.50,20.778
40903,16233,63.50,20.778
40910,32893,63.50,20.778
40913,16233,63.50,20.778
40920,32893,63.50,20.778
40923,16233,63.50,20.778
40930,32893,63.50,20.778
40933,16233,63.50,20.778
40941,32893,63.50,20.778
40943,16233,63.50,20.778
40950,32893,63.50,20.778
40953,16233,63.50,20.778
40960,32893,63.50,20.778
40963,16233,63.50,20.778
40970,32893,63.50,20.778
40973,16233,63.50,20.778
40980,32893,63.50,20.778
40983,16233,63.50,20.778
40991,32893,63.50,20.778
40993,16233,63.50,20.778
41000,32893,63.50,20.778
41003,16233,63.50,20.778
41010,32893,63.50,20.778
41014,16233,63.50,20.778
41020,32893,63.50,20.778
41023,16233,63.50,20.778
41030,32893,63.50,20.778
41033,16233,63.50,20.778
41040,32893,63.50,20.778
41043,16233,63.50,20.778
41050,32893,63.50,20.778
41053,16233,63.50,20.778
41060,32893,63.50,20.778
41063,16233,63.50,20.778
41070,32893,63.50,20.778
41073,16233,63.50,20.778
41080,32893,63.50,20.778
41083,16233,63.50,20.778
41090,32893,63.50,20.778
41093,16233,63.50,20.778
41100,32893,63.50,20.778
41103,16233,63.50,20.778
41111,32893,63.50,20.778
41113,16233,63.50,20.778
41120,32893,63.50,20.778
41123,16233,63.50,20.778
41130,32893,63.50,20.778
41133,16233,63.50,20.778
41141,32893,63.50,20.778
41143,16233,63.50,20.778
41150,32893,63.50,20.778
41153,16233,63.50,20.778
41160,32893,63.50,20.778
41163,16233,63.50,20.778
41171,32893,63.50,20.778
41173,16233,63.50,20.778
41180,32893,63.50,20.778
41183,16233,63.50,20.778
41190,32893,63.50,20.778
41193,16233,63.50,20.778
41200,32893,63.50,20.778
41203,16233,63.50,20.778
41211,32893,63.50,20.778
41213,16233,63.50,20.778
41220,32893,63.50,20.778
41223,16233,63.50,20.778
41230,32893,63.50,20.778
41233,16233,63.50,20.778
41241,32893,63.50,20.778
41243,16233,63.50,20.778
41250,32893,63.50,20.778
41253,16233,63.50,20.778
41261,32893,63.50,20.778
41263,16233,63.50,20.778
41270,32893,63.50,20.778
41273,16233,63.50,20.778
41280,32893,63.50,20.778
41283,16233,63.50,20.778
41291,32893,63.50,20.778
41293,16233,63.50,20.778
41301,32893,63.50,20.778
41303,16233,63.50,20.778
41310,32893,63.50,20.778
41313,16233,63.50,20.778
41320,32893,63.50,20.778
41323,16233,63.50,20.778
41330,32893,63.50,20.778
41333,16233,63.50,20.778
41340,32893,63.50,20.778
41343,16233,63.50,20.778
41351,32893,63.50,20.778
41353,16233,63.50,20.778
41360,32893,63.50,20.778
41363,16233,63.50,20.778
41370,32893,63.50,20.778
41373,16233,63.50,20.778
41380,32893,63.50,20.778
41383,16233,63.50,20.778
41390,32893,63.50,20.778
41393,16233,63.50,20.778
41400,32893,63.50,20.778
41403,16233,63.50,20.778
41410,32893,63.50,20.778
41413,16233,63.50,20.778
41420,32893,63.50,20.778
41424,16233,63.50,20.778
41430,32893,63.50,20.778
41433,16233,63.50,20.778
41440,32893,63.50,20.778
41443,16233,63.50,20.778
41450,32893,63.50,20.778
41453,16233,63.50,20.778
41460,32893,63.50,20.778
41463,16233,63.50,20.778
41470,32893,63.50,20.778
41473,16233,63.50,20.778
41480,32893,63.50,20.778
41483,16233,63.50,20.778
41491,32893,63.50,20.778
41493,16233,63.50,20.778
41500,32893,63.50,20.778
41503,16233,63.50,20.778
41511,32893,63.50,20.778
41513,16233,63.50,20.778
41520,32893,63.50,20.778
41523,16233,63.50,20.778
41530,32893,63.50,20.778
41533,16233,63.50,20.778
41540,32893,63.50,20.778
41543,16233,63.50,20.778
41550,32893,63.50,20.778
41553,16233,63.50,20.778
41560,32893,63.50,20.778
41563,16233,63.50,20.778
41570,32893,63.50,20.778
41573,16233,63.50,20.778
41580,32893,63.50,20.778
41583,16233,63.50,20.778
41590,32893,63.50,20.778
41593,16233,63.50,20.778
41600,32893,63.50,20.778
41603,16233,63.50,20.778
41610,32893,63.50,20.778
41613,16233,63.50,20.778
41620,32893,63.50,20.778
41623,16233,63.50,20.778
41630,32893,63.50,20.778
41633,16233,63.50,20.778
41640,32893,63.50,20.778
41643,16233,63.50,20.778
41650,32893,63.50,20.778
41653,16233,63.50,20.778
41660,32893,63.50,20.778
41663,16233,63.50,20.778
41670,32893,63.50,20.778
41673,16233,63.50,20.778
41680,32893,63.50,20.778
41683,16233,63.50,20.778
41690,32893,63.50,20.778
41693,16233,63.50,20.778
41700,32893,63.50,20.778
41703,16233,63.50,20.778
41710,32893,63.50,20.778
41713,16233,63.50,20.778
41721,32893,63.50,20.778
41723,16233,63.50,20.778
41731,32893,63.50,20.778
41733,16233,63.50,20.778
41740,32893,63.50,20.778
41743,16233,63.50,20.778
41750,32893,63.50,20.778
41753,16233,63.50,20.778
41761,32893,63.50,20.778
41763,16233,63.50,20.778
41771,32893,63.50,20.778
41773,16233,63.50,20.778
41780,32893,63.50,20.778
41783,16233,63.50,20.778
41790,32893,63.50,20.778
41793,16233,63.50,20.778
41800,32893,63.50,20.778
41803,16233,63.50,20.778
41810,32893,63.50,20.778
41813,16233,63.50,20.778
41820,32893,63.50,20.778
41823,16233,63.50,20.778
41830,32893,63.50,20.778
41833,16233,63.50,20.778
41840,32893,63.50,20.778
41843,16233,63.50,20.778
41850,32893,63.50,20.778
41853,16233,63.50,20.778
41860,32893,63.50,20.778
41863,16233,63.50,20.778
41870,32893,63.50,20.778
41873,16233,63.50,20.778
41880,32893,63.50,20.778
41883,16233,63.50,20.778
41890,32893,63.50,20.778
41893,16233,63.50,20.778
41900,32893,63.50,20.778
41903,16233,63.50,20.778
41910,32893,63.50,20.778
41913,16233,63.50,20.778
41920,32893,63.50,20.778
41923,16233,63.50,20.778
41930,32893,63.50,20.778
41933,16233,63.50,20.778
41940,32893,63.50,20.778
41943,16233,63.50,20.778
41950,32893,63.50,20.778
41953,16233,63.50,20.778
41960,32893,63.50,20.778
41963,16233,63.50,20.778
41970,32893,63.50,20.778
41973,16233,63.50,20.778
41980,32893,63.50,20.778
41983,16233,63.50,20.778
41990,32893,63.50,20.778
41993,16233,63.50,20.778
42000,32893,63.50,20.778
42003,16233,63.50,20.778
42011,32893,63.50,20.778
42013,16233,63.50,20.778
42020,32893,63.50,20.778
42023,16233,63.50,20.778
42031,32893,63.50,20.778
42033,16233,63.50,20.778
42040,32893,63.50,20.778
42043,16233,63.50,20.778
42050,32893,63.50,20.778
42053,16233,63.50,20.778
42060,32893,63.50,20.778
42063,16233,63.50,20.778
42071,32893,63.50,20.778
42073,16233,63.50,20.778
42081,32893,63.50,20.778
42083,16233,63.50,20.778
42091,32893,63.50,20.778
42093,16233,63.50,20.778
42101,32893,63.50,20.778
42103,16233,63.50,20.778
42110,32893,63.50,20.778
42113,16233,63.50,20.778
42121,32893,63.50,20.778
42123,16233,63.50,20.778
42130,32893,63.50,20.778
42133,16233,63.50,20.778
42140,32893,63.50,20.778
42143,16233,63.50,20.778
42150,32893,63.50,20.778
42153,16233,63.50,20.778
42161,32893,63.50,20.778
42163,16233,63.50,20.778
42170,32893,63.50,20.778
42173,16233,63.50,20.778
42180,32893,63.50,20.778
42183,16233,63.50,20.778
42190,32893,63.50,20.778
42193,16233,63.50,20.778
42200,32893,63.50,20.778
42203,16233,63.50,20.778
42211,32893,63.50,20.778
42213,16233,63.50,20.778
42220,32893,63.50,20.778
42223,16233,63.50,20.778
42230,32893,63.50,20.778
42233,16233,63.50,20.778
42240,32893,63.50,20.778
42243,16233,63.50,20.778
42250,32893,63.50,20.778
42253,16233,63.50,20.778
42260,32893,63.50,20.778
42263,16233,63.50,20.778
42270,32893,63.50,20.778
42274,16233,63.50,20.778
42280,32893,63.50,20.778
42283,16233,63.50,20.778
42290,32893,63.50,20.778
42293,16233,63.50,20.778
42301,32893,63.50,20.778
42303,16233,63.50,20.778
42310,32893,63.50,20.778
42313,16233,63.50,20.778
42320,32893,63.50,20.778
42323,16233,63.50,20.778
42330,32893,63.50,20.778
42333,16233,63.50,20.778
42340,32893,63.50,20.778
42343,16233,63.50,20.778
42350,32893,63.50,20.778
42353,16233,63.50,20.778
42360,32893,63.50,20.778
42363,16233,63.50,20.778
42370,32893,63.50,20.778
42373,16233,63.50,20.778
42380,32893,63.50,20.778
42383,16233,63.50,20.778
42390,32893,63.50,20.778
42393,16233,63.50,20.778
42400,32893,63.50,20.778
42403,16233,63.50,20.778
42410,32893,63.50,20.778
42413,16233,63.50,20.778
42420,32893,63.50,20.778
42423,16233,63.50,20.778
42431,32893,63.50,20.778
42433,16233,63.50,20.778
42440,32893,63.50,20.778
42443,16233,63.50,20.778
42450,32893,63.50,20.778
42453,16233,63.50,20.778
42460,32893,63.50,20.778
42463,16233,63.50,20.778
42470,32893,63.50,20.778
42473,16233,63.50,20.778
42480,32893,63.50,20.778
42483,16233,63.50,20.778
42491,32893,63.50,20.778
42493,16233,63.50,20.778
42501,32893,63.50,20.778
42503,16233,63.50,20.778
42511,32893,63.50,20.778
42513,16233,63.50,20.778
42520,32893,63.50,20.778
42523,16233,63.50,20.778
42531,32893,63.50,20.778
42533,16233,63.50,20.778
42540,32893,63.50,20.778
42543,16233,63.50,20.778
42550,32893,63.50,20.778
42553,16233,63.50,20.778
42560,32893,63.50,20.778
42563,16233,63.50,20.778
42570,32893,63.50,20.778
42573,16233,63.50,20.778
42580,32893,63.50,20.778
42583,16233,63.50,20.778
42590,32893,63.50,20.778
42593,16233,63.50,20.778
42600,32893,63.50,20.778
42603,16233,63.50,20.778
42610,32893,63.50,20.778
42613,16233,63.50,20.778
42620,32893,63.50,20.778
42623,16233,63.50,20.778
42630,32893,63.50,20.778
42633,16233,63.50,20.778
42640,32893,63.50,20.778
42643,16233,63.50,20.778
42651,32893,63.50,20.778
42653,16233,63.50,20.778
42660,32893,63.50,20.778
42663,16233,63.50,20.778
42671,32893,63.50,20.778
42673,16233,63.50,20.778
42680,32893,63.50,20.778
42683,16233,63.50,20.778
42690,32893,63.50,20.778
42693,16233,63.50,20.778
42700,32893,63.50,20.778
42703,16233,63.50,20.778
42711,32893,63.50,20.778
42713,16233,63.50,20.778
42720,32893,63.50,20.778
42723,16233,63.50,20.778
42730,32893,63.50,20.778
42732,16233,63.50,20.778
42740,32893,63.50,20.778
42743,16233,63.50,20.778
42750,32893,63.50,20.778
42753,16233,63.50,20.778
42760,32893,63.50,20.778
42763,16233,63.50,20.778
42770,32893,63.50,20.778
42773,16233,63.50,20.778
42780,32893,63.50,20.778
42783,16233,63.50,20.778
42790,32893,63.50,20.778
42793,16233,63.50,20.778
42800,32893,63.50,20.778
42803,16233,63.50,20.778
42810,32893,63.50,20.778
42813,16233,63.50,20.778
42820,32893,63.50,20.778
42823,16233,63.50,20.778
42830,32893,63.50,20.778
42833,16233,63.50,20.778
42841,32893,63.50,20.778
42843,16233,63.50,20.778
42850,32893,63.50,20.778
42853,16233,63.50,20.778
42860,32893,63.50,20.778
42863,16233,63.50,20.778
42870,32893,63.50,20.778
42873,16233,63.50,20.778
42880,32893,63.50,20.778
42883,16233,63.50,20.778
42890,32893,63.50,20.778
42893,16233,63.50,20.778
42901,32893,63.50,20.778
42904,16233,63.50,20.778
42911,32893,63.50,20.778
42913,16233,63.50,20.778
42921,32893,63.50,20.778
42923,16233,63.50,20.778
42931,32893,63.50,20.778
42933,16233,63.50,20.778
42940,32893,63.50,20.778
42943,16233,63.50,20.778
42950,32893,63.50,20.778
42953,16233,63.50,20.778
42960,32893,63.50,20.778
42963,16233,63.50,20.778
42970,32893,63.50,20.778
42973,16233,63.50,20.778
42981,32893,63.50,20.778
42983,16233,63.50,20.778
42990,32893,63.50,20.778
42993,16233,63.50,20.778
43000,32893,63.50,20.778
43003,16233,63.50,20.778
43012,32893,63.50,20.778
43013,16233,63.50,20.778
43020,32893,63.50,20.778
43023,16233,63.50,20.778
43030,32893,63.50,20.778
43033,16233,63.50,20.778
43040,32893,63.50,20.778
43043,16233,63.50,20.778
43050,32893,63.50,20.778
43053,16233,63.50,20.778
43060,32893,63.50,20.778
43063,16233,63.50,20.778
43070,32893,63.50,20.778
43073,16233,63.50,20.778
43080,32893,63.50,20.778
43083,16233,63.50,20.778
43090,32893,63.50,20.778
43093,16233,63.50,20.778
43101,32893,63.50,20.778
43103,16233,63.50,20.778
43110,32893,63.50,20.778
43113,16233,63.50,20.778
43120,32893,63.50,20.778
43123,16233,63.50,20.778
43130,32893,63.50,20.778
43133,16233,63.50,20.778
43141,32893,63.50,20.778
43143,16233,63.50,20.778
43150,32893,63.50,20.778
43153,16233,63.50,20.778
43160,32893,63.50,20.778
43163,16233,63.50,20.778
43170,32893,63.50,20.778
43173,16233,63.50,20.778
43180,32893,63.50,20.778
43183,16233,63.50,20.778
43190,32893,63.50,20.778
43193,16233,63.50,20.778
43200,32893,63.50,20.778
43203,16233,63.50,20.778
43210,32893,63.50,20.778
43213,16233,63.50,20.778
43221,32893,63.50,20.778
43223,16233,63.50,20.778
43230,32893,63.50,20.778
43233,16233,63.50,20.778
43241,32893,63.50,20.778
43243,16233,63.50,20.778
43250,32893,63.50,20.778
43253,16233,63.50,20.778
43260,32893,63.50,20.778
43263,16233,63.50,20.778
43271,32893,63.50,20.778
43273,16233,63.50,20.778
43280,32893,63.50,20.778
43283,16233,63.50,20.778
43290,32893,63.50,20.778
43294,16233,63.50,20.778
43300,32893,63.50,20.778
43303,16233,63.50,20.778
43310,32893,63.50,20.778
43313,16233,63.50,20.778
43320,32893,63.50,20.778
43323,16233,63.50,20.778
43330,32893,63.50,20.778
43333,16233,63.50,20.778
43340,32893,63.50,20.778
43343,16233,63.50,20.778
43350,32893,63.50,20.778
43353,16233,63.50,20.778
43360,32893,63.50,20.778
43363,16233,63.50,20.778
43370,32893,63.50,20.778
43374,16233,63.50,20.778
43381,32893,63.50,20.778
43383,16233,63.50,20.778
43390,32893,63.50,20.778
43393,16233,63.50,20.778
43400,32893,63.50,20.778
43403,16233,63.50,20.778
43410,32893,63.50,20.778
43413,16233,63.50,20.778
43420,32893,63.50,20.778
43423,16233,63.50,20.778
43431,32893,63.50,20.778
43433,16233,63.50,20.778
43441,32893,63.50,20.778
43443,16233,63.50,20.778
43451,32893,63.50,20.778
43453,16233,63.50,20.778
43460,32893,63.50,20.778
43464,16233,63.50,20.778
43471,32893,63.50,20.778
43474,16233,63.50,20.778
43480,32893,63.50,20.778
43483,16233,63.50,20.778
43490,32893,63.50,20.778
43494,16233,63.50,20.778
43500,32893,63.50,20.778
43503,16233,63.50,20.778
43510,32893,63.50,20.778
43513,16233,63.50,20.778
43521,32893,63.50,20.778
43524,16233,63.50,20.778
43530,32893,63.50,20.778
43533,16233,63.50,20.778
43540,32893,63.50,20.778
43543,16233,63.50,20.778
43550,32893,63.50,20.778
43554,16233,63.50,20.778
43560,32893,63.50,20.778
43564,16233,63.50,20.778
43570,32893,63.50,20.778
43573,16233,63.50,20.778
43581,32893,63.50,20.778
43583,16233,63.50,20.778
43590,32893,63.50,20.778
43593,16233,63.50,20.778
43600,32893,63.50,20.778
43603,16233,63.50,20.778
43610,32893,63.50,20.778
43614,16233,63.50,20.778
43620,32893,63.50,20.778
43623,16233,63.50,20.778
43630,32893,63.50,20.778
43634,16233,63.50,20.778
43640,32893,63.50,20.778
43643,16233,63.50,20.778
43650,32893,63.50,20.778
43653,16233,63.50,20.778
43660,32893,63.50,20.778
43663,16233,63.50,20.778
43670,32893,63.50,20.778
43673,16233,63.50,20.778
43680,32893,63.50,20.778
43683,16233,63.50,20.778
43691,32893,63.50,20.778
43693,16233,63.50,20.778
43700,32893,63.50,20.778
43703,16233,63.50,20.778
43710,32893,63.50,20.778
43713,16233,63.50,20.778
43721,32893,63.50,20.778
43723,16233,63.50,20.778
43731,32893,63.50,20.778
43733,16233,63.50,20.778
43741,32893,63.50,20.778
43744,16233,63.50,20.778
43750,32893,63.50,20.778
43753,16233,63.50,20.778
43760,32893,63.50,20.778
43764,16233,63.50,20.778
43770,32893,63.50,20.778
43773,16233,63.50,20.778
43780,32893,63.50,20.778
43783,16233,63.50,20.778
43790,32893,63.50,20.778
43793,16233,63.50,20.778
43800,32893,63.50,20.778
43803,16233,63.50,20.778
43810,32893,63.50,20.778
43813,16233,63.50,20.778
43820,32893,63.50,20.778
43823,16233,63.50,20.778
43830,32893,63.50,20.778
43833,16233,63.50,20.778
43840,32893,63.50,20.778
43843,16233,63.50,20.778
43850,32893,63.50,20.778
43853,16233,63.50,20.778
43860,32893,63.50,20.778
43863,16233,63.50,20.778
43871,32893,63.50,20.778
43873,16233,63.50,20.778
43880,32893,63.50,20.778
43883,16233,63.50,20.778
43891,32893,63.50,20.778
43893,16233,63.50,20.778
43900,32893,63.50,20.778
43903,16233,63.50,20.778
43910,32893,63.50,20.778
43913,16233,63.50,20.778
43920,32893,63.50,20.778
43923,16233,63.50,20.778
43931,32893,63.50,20.778
43933,16233,63.50,20.778
43940,32893,63.50,20.778
43943,16233,63.50,20.778
43950,32893,63.50,20.778
43953,16233,63.50,20.778
43960,32893,63.50,20.778
43963,16233,63.50,20.778
43970,32893,63.50,20.778
43973,16233,63.50,20.778
43981,32893,63.50,20.778
43983,16233,63.50,20.778
43990,32893,63.50,20.778
43993,16233,63.50,20.778
44001,32893,63.50,20.778
44003,16233,63.50,20.778
44010,32893,63.50,20.778
44013,16233,63.50,20.778
44020,32893,63.50,20.778
44024,16233,63.50,20.778
44030,32893,63.50,20.778
44033,16233,63.50,20.778
44040,32893,63.50,20.778
44043,16233,63.50,20.778
44051,32893,63.50,20.778
44053,16233,63.50,20.778
44060,32893,63.50,20.778
44063,16233,63.50,20.778
44071,32893,63.50,20.778
44073,16233,63.50,20.778
44081,32893,63.50,20.778
44083,16233,63.50,20.778
44090,32893,63.50,20.778
44093,16233,63.50,20.778
44100,32893,63.50,20.778
44103,16233,63.50,20.778
44110,32893,63.50,20.778
44113,16233,63.50,20.778
44120,32893,63.50,20.778
44123,16233,63.50,20.778
44130,32893,63.50,20.778
44133,16233,63.50,20.778
44141,32893,63.50,20.778
44143,16233,63.50,20.778
44150,32893,63.50,20.778
44153,16233,63.50,20.778
44160,32893,63.50,20.778
44163,16233,63.50,20.778
44170,32893,63.50,20.778
44173,16233,63.50,20.778
44181,32893,63.50,20.778
44184,16233,63.50,20.778
44190,32893,63.50,20.778
44193,16233,63.50,20.778
44200,32893,63.50,20.778
44203,16233,63.50,20.778
44211,32893,63.50,20.778
44213,16233,63.50,20.778
44220,32893,63.50,20.778
44223,16233,63.50,20.778
44231,32893,63.50,20.778
44233,16233,63.50,20.778
44240,32893,63.50,20.778
44243,16233,63.50,20.778
44250,32893,63.50,20.778
44253,16233,63.50,20.778
44260,32893,63.50,20.778
44263,16233,63.50,20.778
44271,32893,63.50,20.778
44274,16233,63.50,20.778
44281,32893,63.50,20.778
44284,16233,63.50,20.778
44290,32893,63.50,20.778
44293,16233,63.50,20.778
44301,32893,63.50,20.778
44303,16233,63.50,20.778
44310,32893,63.50,20.778
44314,16233,63.50,20.778
44320,32893,63.50,20.778
44323,16233,63.50,20.778
44330,32893,63.50,20.778
44333,16233,63.50,20.778
44340,32893,63.50,20.778
44343,16233,63.50,20.778
44350,32893,63.50,20.778
44353,16233,63.50,20.778
44360,32893,63.50,20.778
44363,16233,63.50,20.778
44370,32893,63.50,20.778
44373,16233,63.50,20.778
44380,32893,63.50,20.778
44383,16233,63.50,20.778
44390,32893,63.50,20.778
44393,16233,63.50,20.778
44400,32893,63.50,20.778
44403,16233,63.50,20.778
44411,32893,63.50,20.778
44413,16233,63.50,20.778
44420,32893,63.50,20.778
44423,16233,63.50,20.778
44430,32893,63.50,20.778
44433,16233,63.50,20.778
44440,32893,63.50,20.778
44443,16233,63.50,20.778
44450,32893,63.50,20.778
44453,16233,63.50,20.778
44461,32893,63.50,20.778
44463,16233,63.50,20.778
44470,32893,63.50,20.778
44473,16233,63.50,20.778
44480,32893,63.50,20.778
44483,16233,63.50,20.778
44491,32893,63.50,20.778
44493,16233,63.50,20.778
44501,32893,63.50,20.778
44503,16233,63.50,20.778
44511,32893,63.50,20.778
44513,16233,63.50,20.778
44521,32893,63.50,20.778
44523,16233,63.50,20.778
44531,32893,63.50,20.778
44533,16233,63.50,20.778
44541,32893,63.50,20.778
44543,16233,63.50,20.778
44551,32893,63.50,20.778
44553,16233,63.50,20.778
44560,32893,63.50,20.778
44563,16233,63.50,20.778
44571,32893,63.50,20.778
44573,16233,63.50,20.778
44581,32893,63.50,20.778
44583,16233,63.50,20.778
44591,32893,63.50,20.778
44593,16233,63.50,20.778
44601,32893,63.50,20.778
44603,16233,63.50,20.778
44611,32893,63.50,20.778
44614,16233,63.50,20.778
44620,32893,63.50,20.778
44623,16233,63.50,20.778
44631,32893,63.50,20.778
44633,16233,63.50,20.778
44641,32893,63.50,20.778
44643,16233,63.50,20.778
44651,32893,63.50,20.778
44653,16233,63.50,20.778
44661,32893,63.50,20.778
44663,16233,63.50,20.778
44671,32893,63.50,20.778
44673,16233,63.50,20.778
44681,32893,63.50,20.778
44683,16233,63.50,20.778
44690,32893,63.50,20.778
44693,16233,63.50,20.778
44700,32893,63.50,20.778
44704,16233,63.50,20.778
44711,32893,63.50,20.778
44713,16233,63.50,20.778
44720,32893,63.50,20.778
44723,16233,63.50,20.778
44730,32893,63.50,20.778
44733,16233,63.50,20.778
44740,32893,63.50,20.778
44743,16233,63.50,20.778
44750,32893,63.50,20.778
44753,16233,63.50,20.778
44761,32893,63.50,20.778
44764,16233,63.50,20.778
44771,32893,63.50,20.778
44773,16233,63.50,20.778
44780,32893,63.50,20.778
44784,16233,63.50,20.778
44790,32893,63.50,20.778
44793,16233,63.50,20.778
44801,32893,63.50,20.778
44803,16233,63.50,20.778
44811,32893,63.50,20.778
44813,16233,63.50,20.778
44820,32893,63.50,20.778
44823,16233,63.50,20.778
44831,32893,63.50,20.778
44833,16233,63.50,20.778
44840,32893,63.50,20.778
44843,16233,63.50,20.778
44850,32893,63.50,20.778
44853,16233,63.50,20.778
44860,32893,63.50,20.778
44863,16233,63.50,20.778
44870,32893,63.50,20.778
44873,16233,63.50,20.778
44880,32893,63.50,20.778
44883,16233,63.50,20.778
44890,32893,63.50,20.778
44893,16233,63.50,20.778
44901,32893,63.50,20.778
44903,16233,63.50,20.778
44911,32893,63.50,20.778
44913,16233,63.50,20.778
44921,32893,63.50,20.778
44923,16233,63.50,20.778
44931,32893,63.50,20.778
44933,16233,63.50,20.778
44941,32893,63.50,20.778
44943,16233,63.50,20.778
44951,32893,63.50,20.778
44953,16233,63.50,20.778
44960,32893,63.50,20.778
44963,16233,63.50,20.778
44971,32893,63.50,20.778
44973,16233,63.50,20.778
44981,32893,63.50,20.778
44983,16233,63.50,20.778
44990,32893,63.50,20.778
44993,16233,63.50,20.778
45000,32893,63.50,20.778
45003,16233,63.50,20.778
45010,32893,63.50,20.778
45013,16233,63.50,20.778
45021,32893,63.50,20.778
45023,16233,63.50,20.778
45030,32893,63.50,20.778
45033,16233,63.50,20.778
45040,32893,63.50,20.778
45043,16233,63.50,20.778
45050,32893,63.50,20.778
45053,16233,63.50,20.778
45063,32893,63.50,20.778
45064,16233,63.50,20.778
45071,32893,63.50,20.778
45073,16233,63.50,20.778
45081,32893,63.50,20.778
45083,16233,63.50,20.778
45090,32893,63.50,20.778
45093,16233,63.50,20.778
45100,32893,63.50,20.778
45103,16233,63.50,20.778
45110,32893,63.50,20.778
45113,16233,63.50,20.778
45120,32893,63.50,20.778
45123,16233,63.50,20.778
45130,32893,63.50,20.778
45133,16233,63.50,20.778
45141,32893,63.50,20.778
45143,16233,63.50,20.778
45150,32893,63.50,20.778
45154,16233,63.50,20.778
45160,32893,63.50,20.778
45163,16233,63.50,20.778
45170,32893,63.50,20.778
45173,16233,63.50,20.778
45180,32893,63.50,20.778
45183,16233,63.50,20.778
45190,32893,63.50,20.778
45194,16233,63.50,20.778
45200,32893,63.50,20.778
45203,16233,63.50,20.778
45210,32893,63.50,20.778
45213,16233,63.50,20.778
45221,32893,63.50,20.778
45224,16233,63.50,20.778
45231,32893,63.50,20.778
45233,16233,63.50,20.778
45240,32893,63.50,20.778
45243,16233,63.50,20.778
45251,32893,63.50,20.778
45253,16233,63.50,20.778
45260,32893,63.50,20.778
45263,16233,63.50,20.778
45270,32893,63.50,20.778
45273,16233,63.50,20.778
45280,32893,63.50,20.778
45283,16233,63.50,20.778
45291,32893,63.50,20.778
45293,16233,63.50,20.778
45300,32893,63.50,20.778
45303,16233,63.50,20.778
45311,32893,63.50,20.778
45313,16233,63.50,20.778
45320,32893,63.50,20.778
45323,16233,63.50,20.778
45330,32893,63.50,20.778
45333,16233,63.50,20.778
45341,32893,63.50,20.778
45343,16233,63.50,20.778
45350,32893,63.50,20.778
45353,16233,63.50,20.778
45360,32893,63.50,20.778
45363,16233,63.50,20.778
45370,32893,63.50,20.778
45373,16233,63.50,20.778
45380,32893,63.50,20.778
45383,16233,63.50,20.778
45390,32893,63.50,20.778
45393,16233,63.50,20.778
45400,32893,63.50,20.778
45403,16233,63.50,20.778
45410,32893,63.50,20.778
45413,16233,63.50,20.778
45420,32893,63.50,20.778
45423,16233,63.50,20.778
45430,32893,63.50,20.778
45433,16233,63.50,20.778
45440,32893,63.50,20.778
45443,16233,63.50,20.778
45450,32893,63.50,20.778
45453,16233,63.50,20.778
45460,32893,63.50,20.778
45463,16233,63.50,20.778
45471,32893,63.50,20.778
45473,16233,63.50,20.778
45480,32893,63.50,20.778
45483,16233,63.50,20.778
45490,32893,63.50,20.778
45493,16233,63.50,20.778
45500,32893,63.50,20.778
45503,16233,63.50,20.778
45511,32893,63.50,20.778
45514,16233,63.50,20.778
45520,32893,63.50,20.778
45523,16233,63.50,20.778
45531,32893,63.50,20.778
45533,16233,63.50,20.778
45541,32893,63.50,20.778
45543,16233,63.50,20.778
45551,32893,63.50,20.778
45553,16233,63.50,20.778
45560,32893,63.50,20.778
45563,16233,63.50,20.778
45571,32893,63.50,20.778
45573,16233,63.50,20.778
45580,32893,63.50,20.778
45583,16233,63.50,20.778
45591,32893,63.50,20.778
45593,16233,63.50,20.778
45601,32893,63.50,20.778
45604,16233,63.50,20.778
45610,32893,63.50,20.778
45613,16233,63.50,20.778
45621,32893,63.50,20.778
45623,16233,63.50,20.778
45630,32893,63.50,20.778
45633,16233,63.50,20.778
45640,32893,63.50,20.778
45643,16233,63.50,20.778
45650,32893,63.50,20.778
45653,16233,63.50,20.778
45660,32893,63.50,20.778
45663,16233,63.50,20.778
45670,32893,63.50,20.778
45673,16233,63.50,20.778
45681,32893,63.50,20.778
45683,16233,63.50,20.778
45690,32893,63.50,20.778
45693,16233,63.50,20.778
45700,32893,63.50,20.778
45703,16233,63.50,20.778
45711,32893,63.50,20.778
45713,16233,63.50,20.778
45720,32893,63.50,20.778
45723,16233,63.50,20.778
45730,32893,63.50,20.778
45733,16233,63.50,20.778
45741,32893,63.50,20.778
45743,16233,63.50,20.778
45750,32893,63.50,20.778
45753,16233,63.50,20.778
45760,32893,63.50,20.778
45763,16233,63.50,20.778
45770,32893,63.50,20.778
45773,16233,63.50,20.778
45780,32893,63.50,20.778
45783,16233,63.50,20.778
45790,32893,63.50,20.778
45793,16233,63.50,20.778
45800,32893,63.50,20.778
45803,16233,63.50,20.778
45811,32893,63.50,20.778
45813,16233,63.50,20.778
45820,32893,63.50,20.778
45823,16233,63.50,20.778
45830,32893,63.50,20.778
45833,16233,63.50,20.778
45840,32893,63.50,20.778
45843,16233,63.50,20.778
45850,32893,63.50,20.778
45854,16233,63.50,20.778
45861,32893,63.50,20.778
45863,16233,63.50,20.778
45870,32893,63.50,20.778
45873,16233,63.50,20.778
45880,32893,63.50,20.778
45883,16233,63.50,20.778
45890,32893,63.50,20.778
45893,16233,63.50,20.778
45900,32893,63.50,20.778
45903,16233,63.50,20.778
45911,32893,63.50,20.778
45913,16233,63.50,20.778
45920,32893,63.50,20.778
45923,16233,63.50,20.778
45931,32893,63.50,20.778
45933,16233,63.50,20.778
45941,32893,63.50,20.778
45943,16233,63.50,20.778
45951,32893,63.50,20.778
45954,16233,63.50,20.778
45961,32893,63.50,20.778
45963,16233,63.50,20.778
45970,32893,63.50,20.778
45973,16233,63.50,20.778
45981,32893,63.50,20.778
45983,16233,63.50,20.778
45990,32893,63.50,20.778
45993,16233,63.50,20.778
46000,32893,63.50,20.778
46003,16233,63.50,20.778
46011,32893,63.50,20.778
46013,16233,63.50,20.778
46020,32893,63.50,20.778
46023,16233,63.50,20.778
46030,32893,63.50,20.778
46033,16233,63.50,20.778
46040,32893,63.50,20.778
46043,16233,63.50,20.778
46050,32893,63.50,20.778
46053,16233,63.50,20.778
46061,32893,63.50,20.778
46063,16233,63.50,20.778
46071,32893,63.50,20.778
46073,16233,63.50,20.778
46081,32893,63.50,20.778
46083,16233,63.50,20.778
46090,32893,63.50,20.778
46093,16233,63.50,20.778
46101,32893,63.50,20.778
46103,16233,63.50,20.778
46110,32893,63.50,20.778
46113,16233,63.50,20.778
46120,32893,63.50,20.778
46123,16233,63.50,20.778
46130,32893,63.50,20.778
46134,16233,63.50,20.778
46140,32893,63.50,20.778
46143,16233,63.50,20.778
46151,32893,63.50,20.778
46153,16233,63.50,20.778
46160,32893,63.50,20.778
46163,16233,63.50,20.778
46171,32893,63.50,20.778
46173,16233,63.50,20.778
46180,32893,63.50,20.778
46183,16233,63.50,20.778
46191,32893,63.50,20.778
46193,16233,63.50,20.778
46201,32893,63.50,20.778
46203,16233,63.50,20.778
46211,32893,63.50,20.778
46213,16233,63.50,20.778
46220,32893,63.50,20.778
46223,16233,63.50,20.778
46230,32893,63.50,20.778
46233,16233,63.50,20.778
46241,32893,63.50,20.778
46243,16233,63.50,20.778
46250,32893,63.50,20.778
46253,16233,63.50,20.778
46261,32893,63.50,20.778
46263,16233,63.50,20.778
46270,32893,63.50,20.778
46273,16233,63.50,20.778
46280,32893,63.50,20.778
46283,16233,63.50,20.778
46290,32893,63.50,20.778
46293,16233,63.50,20.778
46300,32893,63.50,20.778
46303,16233,63.50,20.778
46310,32893,63.50,20.778
46313,16233,63.50,20.778
46320,32893,63.50,20.778
46323,16233,63.50,20.778
46331,32893,63.50,20.778
46333,16233,63.50,20.778
46340,32893,63.50,20.778
46343,16233,63.50,20.778
46350,32893,63.50,20.778
46353,16233,63.50,20.778
46361,32893,63.50,20.778
46363,16233,63.50,20.778
46370,32893,63.50,20.778
46373,16233,63.50,20.778
46380,32893,63.50,20.778
46383,16233,63.50,20.778
46390,32893,63.50,20.778
46393,16233,63.50,20.778
46400,32893,63.50,20.778
46403,16233,63.50,20.778
46410,32893,63.50,20.778
46413,16233,63.50,20.778
46420,32893,63.50,20.778
46424,16233,63.50,20.778
46430,32893,63.50,20.778
46433,16233,63.50,20.778
46440,32893,63.50,20.778
46443,16233,63.50,20.778
46450,32893,63.50,20.778
46453,16233,63.50,20.778
46460,32893,63.50,20.778
46463,16233,63.50,20.778
46470,32893,63.50,20.778
46473,16233,63.50,20.778
46480,32893,63.50,20.778
46483,16233,63.50,20.778
46490,32893,63.50,20.778
46493,16233,63.50,20.778
46500,32893,63.50,20.778
46503,16233,63.50,20.778
46510,32893,63.50,20.778
46513,16233,63.50,20.778
46520,32893,63.50,20.778
46523,16233,63.50,20.778
46530,32893,63.50,20.778
46533,16233,63.50,20.778
46540,32893,63.50,20.778
46543,16233,63.50,20.778
46550,32893,63.50,20.778
46553,16233,63.50,20.778
46561,32893,63.50,20.778
46563,16233,63.50,20.778
46570,32893,63.50,20.778
46573,16233,63.50,20.778
46580,32893,63.50,20.778
46583,16233,63.50,20.778
46590,32893,63.50,20.778
46593,16233,63.50,20.778
46600,32893,63.50,20.778
46603,16233,63.50,20.778
46610,32893,63.50,20.778
46613,16233,63.50,20.778
46620,32893,63.50,20.778
46623,16233,63.50,20.778
46630,32893,63.50,20.778
46633,16233,63.50,20.778
46640,32893,63.50,20.778
46643,16233,63.50,20.778
46650,32893,63.50,20.778
46653,16233,63.50,20.778
46660,32893,63.50,20.778
46663,16233,63.50,20.778
46670,32893,63.50,20.778
46673,16233,63.50,20.778
46680,32893,63.50,20.778
46683,16233,63.50,20.778
46690,32893,63.50,20.778
46693,16233,63.50,20.778
46700,32893,63.50,20.778
46703,16233,63.50,20.778
46710,32893,63.50,20.778
46713,16233,63.50,20.778
46721,32893,63.50,20.778
46723,16233,63.50,20.778
46730,32893,63.50,20.778
46733,16233,63.50,20.778
46740,32893,63.50,20.778
46743,16233,63.50,20.778
46750,32893,63.50,20.778
46753,16233,63.50,20.778
46760,32893,63.50,20.778
46763,16233,63.50,20.778
46770,32893,63.50,20.778
46773,16233,63.50,20.778
46780,32893,63.50,20.778
46783,16233,63.50,20.778
46790,32893,63.50,20.778
46793,16233,63.50,20.778
46801,32893,63.50,20.778
46804,16233,63.50,20.778
46810,32893,63.50,20.778
46813,16233,63.50,20.778
46820,32893,63.50,20.778
46823,16233,63.50,20.778
46830,32893,63.50,20.778
46834,16233,63.50,20.778
46840,32893,63.50,20.778
46843,16233,63.50,20.778
46850,32893,63.50,20.778
46854,16233,63.50,20.778
46860,32893,63.50,20.778
46863,16233,63.50,20.778
46870,32893,63.50,20.778
46873,16233,63.50,20.778
46880,32893,63.50,20.778
46883,16233,63.50,20.778
46891,32893,63.50,20.778
46893,16233,63.50,20.778
46900,32893,63.50,20.778
46903,16233,63.50,20.778
46911,32893,63.50,20.778
46913,16233,63.50,20.778
46921,32893,63.50,20.778
46924,16233,63.50,20.778
46931,32893,63.50,20.778
46933,16233,63.50,20.778
46941,32893,63.50,20.778
46943,16233,63.50,20.778
46950,32893,63.50,20.778
46953,16233,63.50,20.778
46961,32893,63.50,20.778
46963,16233,63.50,20.778
46970,32893,63.50,20.778
46973,16233,63.50,20.778
46981,32893,63.50,20.778
46983,16233,63.50,20.778
46990,32893,63.50,20.778
46993,16233,63.50,20.778
47001,32893,63.50,20.778
47004,16233,63.50,20.778
47010,32893,63.50,20.778
47013,16233,63.50,20.778
47020,32893,63.50,20.778
47023,16233,63.50,20.778
47030,32893,63.50,20.778
47033,16233,63.50,20.778
47041,32893,63.50,20.778
47044,16233,63.50,20.778
47051,32893,63.50,20.778
47053,16233,63.50,20.778
47061,32893,63.50,20.778
47064,16233,63.50,20.778
47070,32893,63.50,20.778
47073,16233,63.50,20.778
47081,32893,63.50,20.778
47083,16233,63.50,20.778
47090,32893,63.50,20.778
47093,16233,63.50,20.778
47101,32893,63.50,20.778
47103,16233,63.50,20.778
47110,32893,63.50,20.778
47113,16233,63.50,20.778
47120,32893,63.50,20.778
47123,16233,63.50,20.778
47131,32893,63.50,20.778
47133,16233,63.50,20.778
47141,32893,63.50,20.778
47143,16233,63.50,20.778
47150,32893,63.50,20.778
47153,16233,63.50,20.778
47160,32893,63.50,20.778
47163,16233,63.50,20.778
47170,32893,63.50,20.778
47173,16233,63.50,20.778
47180,32893,63.50,20.778
47183,16233,63.50,20.778
47190,32893,63.50,20.778
47193,16233,63.50,20.778
47200,32893,63.50,20.778
47203,16233,63.50,20.778
47211,32893,63.50,20.778
47213,16233,63.50,20.778
47220,32893,63.50,20.778
47223,16233,63.50,20.778
47231,32893,63.50,20.778
47233,16233,63.50,20.778
47240,32893,63.50,20.778
47243,16233,63.50,20.778
47250,32893,63.50,20.778
47253,16233,63.50,20.778
47260,32893,63.50,20.778
47263,16233,63.50,20.778
47270,32893,63.50,20.778
47273,16233,63.50,20.778
47280,32893,63.50,20.778
47283,16233,63.50,20.778
47291,32893,63.50,20.778
47293,16233,63.50,20.778
47301,32893,63.50,20.778
47303,16233,63.50,20.778
47310,32893,63.50,20.778
47313,16233,63.50,20.778
47320,32893,63.50,20.778
47323,16233,63.50,20.778
47330,32893,63.50,20.778
47333,16233,63.50,20.778
47340,32893,63.50,20.778
47343,16233,63.50,20.778
47350,32893,63.50,20.778
47353,16233,63.50,20.778
47360,32893,63.50,20.778
47363,16233,63.50,20.778
47370,32893,63.50,20.778
47373,16233,63.50,20.778
47381,32893,63.50,20.778
47383,16233,63.50,20.778
47390,32893,63.50,20.778
47393,16233,63.50,20.778
47400,32893,63.50,20.778
47403,16233,63.50,20.778
47411,32893,63.50,20.778
47413,16233,63.50,20.778
47420,32893,63.50,20.778
47424,16233,63.50,20.778
47430,32893,63.50,20.778
47433,16233,63.50,20.778
47441,32893,63.50,20.778
47443,16233,63.50,20.778
47450,32893,63.50,20.778
47453,16233,63.50,20.778
47460,32893,63.50,20.778
47463,16233,63.50,20.778
47470,32893,63.50,20.778
47473,16233,63.50,20.778
47480,32893,63.50,20.778
47483,16233,63.50,20.778
47490,32893,63.50,20.778
47493,16233,63.50,20.778
47501,32893,63.50,20.778
47503,16233,63.50,20.778
47510,32893,63.50,20.778
47513,16233,63.50,20.778
47520,32893,63.50,20.778
47523,16233,63.50,20.778
47530,32893,63.50,20.778
47533,16233,63.50,20.778
47540,32893,63.50,20.778
47543,16233,63.50,20.778
47551,32893,63.50,20.778
47553,16233,63.50,20.778
47561,32893,63.50,20.778
47563,16233,63.50,20.778
47570,32893,63.50,20.778
47573,16233,63.50,20.778
47581,32893,63.50,20.778
47583,16233,63.50,20.778
47590,32893,63.50,20.778
47593,16233,63.50,20.778
47600,32893,63.50,20.778
47604,16233,63.50,20.778
47610,32893,63.50,20.778
47613,16233,63.50,20.778
47620,32893,63.50,20.778
47623,16233,63.50,20.778
47630,32893,63.50,20.778
47633,16233,63.50,20.778
47641,32893,63.50,20.778
47643,16233,63.50,20.778
47651,32893,63.50,20.778
47653,16233,63.50,20.778
47660,32893,63.50,20.778
47663,16233,63.50,20.778
47671,32893,63.50,20.778
47673,16233,63.50,20.778
47680,32893,63.50,20.778
47683,16233,63.50,20.778
47691,32893,63.50,20.778
47693,16233,63.50,20.778
47700,32893,63.50,20.778
47703,16233,63.50,20.778
47711,32893,63.50,20.778
47713,16233,63.50,20.778
47720,32893,63.50,20.778
47723,16233,63.50,20.778
47730,32893,63.50,20.778
47733,16233,63.50,20.778
47740,32893,63.50,20.778
47743,16233,63.50,20.778
47751,32893,63.50,20.778
47753,16233,63.50,20.778
47760,32893,63.50,20.778
47763,16233,63.50,20.778
47770,32893,63.50,20.778
47773,16233,63.50,20.778
47780,32893,63.50,20.778
47783,16233,63.50,20.778
47790,32893,63.50,20.778
47794,16233,63.50,20.778
47800,32893,63.50,20.778
47803,16233,63.50,20.778
47810,32893,63.50,20.778
47813,16233,63.50,20.778
47820,32893,63.50,20.778
47823,16233,63.50,20.778
47830,32893,63.50,20.778
47833,16233,63.50,20.778
47840,32893,63.50,20.778
47843,16233,63.50,20.778
47850,32893,63.50,20.778
47853,16233,63.50,20.778
47860,32893,63.50,20.778
47863,16233,63.50,20.778
47870,32893,63.50,20.778
47873,16233,63.50,20.778
47880,32893,63.50,20.778
47883,16233,63.50,20.778
47890,32893,63.50,20.778
47893,16233,63.50,20.778
47901,32893,63.50,20.778
47903,16233,63.50,20.778
47911,32893,63.50,20.778
47913,16233,63.50,20.778
47921,32893,63.50,20.778
47923,16233,63.50,20.778
47931,32893,63.50,20.778
47933,16233,63.50,20.778
47940,32893,63.50,20.778
47943,16233,63.50,20.778
47950,32893,63.50,20.778
47953,16233,63.50,20.778
47960,32893,63.50,20.778
47963,16233,63.50,20.778
47971,32893,63.50,20.778
47973,16233,63.50,20.778
47980,32893,63.50,20.778
47983,16233,63.50,20.778
47990,32893,63.50,20.778
47993,16233,63.50,20.778
48000,32893,63.50,20.778
48003,16233,63.50,20.778
48011,32893,63.50,20.778
48013,16233,63.50,20.778
48020,32893,63.50,20.778
48024,16233,63.50,20.778
48030,32893,63.50,20.778
48033,16233,63.50,20.778
48040,32893,63.50,20.778
48043,16233,63.50,20.778
48051,32893,63.50,20.778
48053,16233,63.50,20.778
48060,32893,63.50,20.778
48063,16233,63.50,20.778
48071,32893,63.50,20.778
48073,16233,63.50,20.778
48081,32893,63.50,20.778
48083,16233,63.50,20.778
48090,32893,63.50,20.778
48094,16233,63.50,20.778
48100,32893,63.50,20.778
48103,16233,63.50,20.778
48111,32893,63.50,20.778
48113,16233,63.50,20.778
48121,32893,63.50,20.778
48123,16233,63.50,20.778
48130,32893,63.50,20.778
48134,16233,63.50,20.778
48140,32893,63.50,20.778
48143,16233,63.50,20.778
48151,32893,63.50,20.778
48153,16233,63.50,20.778
48160,32893,63.50,20.778
48163,16233,63.50,20.778
48170,32893,63.50,20.778
48173,16233,63.50,20.778
48181,32893,63.50,20.778
48183,16233,63.50,20.778
48190,32893,63.50,20.778
48193,16233,63.50,20.778
48200,32893,63.50,20.778
48203,16233,63.50,20.778
48211,32893,63.50,20.778
48213,16233,63.50,20.778
48220,32893,63.50,20.778
48223,16233,63.50,20.778
48230,32893,63.50,20.778
48233,16233,63.50,20.778
48241,32893,63.50,20.778
48243,16233,63.50,20.778
48250,32893,63.50,20.778
48253,16233,63.50,20.778
48260,32893,63.50,20.778
48263,16233,63.50,20.778
48270,32893,63.50,20.778
48273,16233,63.50,20.778
48280,32893,63.50,20.778
48283,16233,63.50,20.778
48290,32893,63.50,20.778
48293,16233,63.50,20.778
48300,32893,63.50,20.778
48303,16233,63.50,20.778
48310,32893,63.50,20.778
48313,16233,63.50,20.778
48320,32893,63.50,20.778
48323,16233,63.50,20.778
48330,32893,63.50,20.778
48333,16233,63.50,20.778
48340,32893,63.50,20.778
48343,16233,63.50,20.778
48350,32893,63.50,20.778
48353,16233,63.50,20.778
48361,32893,63.50,20.778
48363,16233,63.50,20.778
48371,32893,63.50,20.778
48373,16233,63.50,20.778
48381,32893,63.50,20.778
48384,16233,63.50,20.778
48390,32893,63.50,20.778
48393,16233,63.50,20.778
48401,32893,63.50,20.778
48403,16233,63.50,20.778
48410,32893,63.50,20.778
48413,16233,63.50,20.778
48421,32893,63.50,20.778
48423,16233,63.50,20.778
48430,32893,63.50,20.778
48433,16233,63.50,20.778
48441,32893,63.50,20.778
48443,16233,63.50,20.778
48450,32893,63.50,20.778
48453,16233,63.50,20.778
48461,32893,63.50,20.778
48463,16233,63.50,20.778
48471,32893,63.50,20.778
48473,16233,63.50,20.778
48481,32893,63.50,20.778
48483,16233,63.50,20.778
48490,32893,63.50,20.778
48493,16233,63.50,20.778
48501,32893,63.50,20.778
48503,16233,63.50,20.778
48511,32893,63.50,20.778
48514,16233,63.50,20.778
48521,32893,63.50,20.778
48523,16233,63.50,20.778
48531,32893,63.50,20.778
48533,16233,63.50,20.778
48541,32893,63.50,20.778
48544,16233,63.50,20.778
48550,32893,63.50,20.778
48553,16233,63.50,20.778
48560,32893,63.50,20.778
48563,16233,63.50,20.778
48570,32893,63.50,20.778
48573,16233,63.50,20.778
48580,32893,63.50,20.778
48583,16233,63.50,20.778
48590,32893,63.50,20.778
48593,16233,63.50,20.778
48601,32893,63.50,20.778
48603,16233,63.50,20.778
48610,32893,63.50,20.778
48613,16233,63.50,20.778
48621,32893,63.50,20.778
48623,16233,63.50,20.778
48630,32893,63.50,20.778
48633,16233,63.50,20.778
48640,32893,63.50,20.778
48643,16233,63.50,20.778
48650,32893,63.50,20.778
48653,16233,63.50,20.778
48661,32893,63.50,20.778
48663,16233,63.50,20.778
48670,32893,63.50,20.778
48673,16233,63.50,20.778
48680,32893,63.50,20.778
48683,16233,63.50,20.778
48690,32893,63.50,20.778
48693,16233,63.50,20.778
48700,32893,63.50,20.778
48703,16233,63.50,20.778
48710,32893,63.50,20.778
48714,16233,63.50,20.778
48720,32893,63.50,20.778
48723,16233,63.50,20.778
48730,32893,63.50,20.778
48733,16233,63.50,20.778
48741,32893,63.50,20.778
48743,16233,63.50,20.778
48751,32893,63.50,20.778
48753,16233,63.50,20.778
48761,32893,63.50,20.778
48763,16233,63.50,20.778
48770,32893,63.50,20.778
48773,16233,63.50,20.778
48781,32893,63.50,20.778
48783,16233,63.50,20.778
48790,32893,63.50,20.778
48793,16233,63.50,20.778
48800,32893,63.50,20.778
48803,16233,63.50,20.778
48811,32893,63.50,20.778
48813,16233,63.50,20.778
48820,32893,63.50,20.778
48823,16233,63.50,20.778
48830,32893,63.50,20.778
48833,16233,63.50,20.778
48840,32893,63.50,20.778
48843,16233,63.50,20.778
48850,32893,63.50,20.778
48853,16233,63.50,20.778
48861,32893,63.50,20.778
48863,16233,63.50,20.778
48870,32893,63.50,20.778
48873,16233,63.50,20.778
48881,32893,63.50,20.778
48883,16233,63.50,20.778
48890,32893,63.50,20.778
48893,16233,63.50,20.778
48900,32893,63.50,20.778
48903,16233,63.50,20.778
48910,32893,63.50,20.778
48913,16233,63.50,20.778
48921,32893,63.50,20.778
48923,16233,63.50,20.778
48931,32893,63.50,20.778
48933,16233,63.50,20.778
48941,32893,63.50,20.778
48943,16233,63.50,20.778
48952,32893,63.50,20.778
48953,16233,63.50,20.778
48960,32893,63.50,20.778
48963,16233,63.50,20.778
48970,32893,63.50,20.778
48973,16233,63.50,20.778
48981,32893,63.50,20.778
48983,16233,63.50,20.778
48991,32893,63.50,20.778
48993,16233,63.50,20.778
49000,32893,63.50,20.778
49003,16233,63.50,20.778
49010,32893,63.50,20.778
49013,16233,63.50,20.778
49021,32893,63.50,20.778
49023,16233,63.50,20.778
49030,32893,63.50,20.778
49033,16233,63.50,20.778
49040,32893,63.50,20.778
49043,16233,63.50,20.778
49050,32893,63.50,20.778
49053,16233,63.50,20.778
49061,32893,63.50,20.778
49063,16233,63.50,20.778
49070,32893,63.50,20.778
49073,16233,63.50,20.778
49081,32893,63.50,20.778
49083,16233,63.50,20.778
49091,32893,63.50,20.778
49093,16233,63.50,20.778
49100,32893,63.50,20.778
49103,16233,63.50,20.778
49111,32893,63.50,20.778
49113,16233,63.50,20.778
49121,32893,63.50,20.778
49123,16233,63.50,20.778
49131,32893,63.50,20.778
49134,16233,63.50,20.778
49141,32893,63.50,20.778
49143,16233,63.50,20.778
49150,32893,63.50,20.778
49153,16233,63.50,20.778
49160,32893,63.50,20.778
49163,16233,63.50,20.778
49170,32893,63.50,20.778
49174,16233,63.50,20.778
49180,32893,63.50,20.778
49183,16233,63.50,20.778
49190,32893,63.50,20.778
49193,16233,63.50,20.778
49201,32893,63.50,20.778
49203,16233,63.50,20.778
49210,32893,63.50,20.778
49214,16233,63.50,20.778
49221,32893,63.50,20.778
49223,16233,63.50,20.778
49230,32893,63.50,20.778
49233,16233,63.50,20.778
49240,32893,63.50,20.778
49243,16233,63.50,20.778
49250,32893,63.50,20.778
49253,16233,63.50,20.778
49261,32893,63.50,20.778
49263,16233,63.50,20.778
49270,32893,63.50,20.778
49273,16233,63.50,20.778
49280,32893,63.50,20.778
49283,16233,63.50,20.778
49291,32893,63.50,20.778
49293,16233,63.50,20.778
49301,32893,63.50,20.778
49303,16233,63.50,20.778
49311,32893,63.50,20.778
49313,16233,63.50,20.778
49320,32893,63.50,20.778
49323,16233,63.50,20.778
49330,32893,63.50,20.778
49333,16233,63.50,20.778
49340,32893,63.50,20.778
49343,16233,63.50,20.778
49350,32893,63.50,20.778
49353,16233,63.50,20.778
49360,32893,63.50,20.778
49363,16233,63.50,20.778
49370,32893,63.50,20.778
49373,16233,63.50,20.778
49380,32893,63.50,20.778
49383,16233,63.50,20.778
49390,32893,63.50,20.778
49393,16233,63.50,20.778
49400,32893,63.50,20.778
49403,16233,63.50,20.778
49410,32893,63.50,20.778
49413,16233,63.50,20.778
49420,32893,63.50,20.778
49423,16233,63.50,20.778
49430,32893,63.50,20.778
49433,16233,63.50,20.778
49440,32893,63.50,20.778
49443,16233,63.50,20.778
49450,32893,63.50,20.778
49453,16233,63.50,20.778
49461,32893,63.50,20.778
49463,16233,63.50,20.778
49470,32893,63.50,20.778
49473,16233,63.50,20.778
49480,32893,63.50,20.778
49483,16233,63.50,20.778
49490,32893,63.50,20.778
49493,16233,63.50,20.778
49500,32893,63.50,20.778
49503,16233,63.50,20.778
49511,32893,63.50,20.778
49514,16233,63.50,20.778
49521,32893,63.50,20.778
49523,16233,63.50,20.778
49531,32893,63.50,20.778
49534,16233,63.50,20.778
49541,32893,63.50,20.778
49543,16233,63.50,20.778
49550,32893,63.50,20.778
49554,16233,63.50,20.778
49560,32893,63.50,20.778
49563,16233,63.50,20.778
49570,32893,63.50,20.778
49573,16233,63.50,20.778
49580,32893,63.50,20.778
49583,16233,63.50,20.778
49590,32893,63.50,20.778
49593,16233,63.50,20.778
49600,32893,63.50,20.778
49603,16233,63.50,20.778
49610,32893,63.50,20.778
49613,16233,63.50,20.778
49620,32893,63.50,20.778
49623,16233,63.50,20.778
49630,32893,63.50,20.778
49633,16233,63.50,20.778
49640,32893,63.50,20.778
49643,16233,63.50,20.778
49650,32893,63.50,20.778
49654,16233,63.50,20.778
49660,32893,63.50,20.778
49663,16233,63.50,20.778
49671,32893,63.50,20.778
49673,16233,63.50,20.778
49680,32893,63.50,20.778
49683,16233,63.50,20.778
49691,32893,63.50,20.778
49693,16233,63.50,20.778
49700,32893,63.50,20.778
49703,16233,63.50,20.778
49710,32893,63.50,20.778
49713,16233,63.50,20.778
49720,32893,63.50,20.778
49723,16233,63.50,20.778
49730,32893,63.50,20.778
49733,16233,63.50,20.778
49740,32893,63.50,20.778
49743,16233,63.50,20.778
49750,32893,63.50,20.778
49753,16233,63.50,20.778
49761,32893,63.50,20.778
49763,16233,63.50,20.778
49770,32893,63.50,20.778
49773,16233,63.50,20.778
49780,32893,63.50,20.778
49783,16233,63.50,20.778
49791,32893,63.50,20.778
49793,16233,63.50,20.778
49800,32893,63.50,20.778
49803,16233,63.50,20.778
49810,32893,63.50,20.778
49813,16233,63.50,20.778
49820,32893,63.50,20.778
49823,16233,63.50,20.778
49831,32893,63.50,20.778
49833,16233,63.50,20.778
49840,32893,63.50,20.778
49843,16233,63.50,20.778
49850,32893,63.50,20.778
49853,16233,63.50,20.778
49860,32893,63.50,20.778
49863,16233,63.50,20.778
49870,32893,63.50,20.778
49873,16233,63.50,20.778
49880,32893,63.50,20.778
49883,16233,63.50,20.778
49890,32893,63.50,20.778
49893,16233,63.50,20.778
49900,32893,63.50,20.778
49903,16233,63.50,20.778
49910,32893,63.50,20.778
49913,16233,63.50,20.778
49920,32893,63.50,20.778
49923,16233,63.50,20.778
49930,32893,63.50,20.778
49933,16233,63.50,20.778
49941,32893,63.50,20.778
49943,16233,63.50,20.778
49950,32893,63.50,20.778
49953,16233,63.50,20.778
49960,32893,63.50,20.778
49963,16233,63.50,20.778
49971,32893,63.50,20.778
49973,16233,63.50,20.778
49981,32893,63.50,20.778
49983,16233,63.50,20.778
49990,32893,63.50,20.778
49993,16233,63.50,20.778
50000,32893,63.50,20.778
50004,16233,63.50,20.778
50011,32893,63.50,20.778
50013,16233,63.50,20.778
50021,32893,63.50,20.778
50023,16233,63.50,20.778
50031,32893,63.50,20.778
50034,16233,63.50,20.778
50041,32893,63.50,20.778
50044,16233,63.50,20.778
50051,32893,63.50,20.778
50053,16233,63.50,20.778
50061,32893,63.50,20.778
50064,16233,63.50,20.778
50071,32893,63.50,20.778
50073,16233,63.50,20.778
50081,32893,63.50,20.778
50084,16233,63.50,20.778
50091,32893,63.50,20.778
50094,16233,63.50,20.778
50103,32893,63.50,20.778
50103,16233,63.50,20.778
50111,32893,63.50,20.778
50113,16233,63.50,20.778
50121,32893,63.50,20.778
50123,16233,63.50,20.778
50131,32893,63.50,20.778
50133,16233,63.50,20.778
50140,32893,63.50,20.778
50143,16233,63.50,20.778
50150,32893,63.50,20.778
50154,16233,63.50,20.778
50160,32893,63.50,20.778
50163,16233,63.50,20.778
50170,32893,63.50,20.778
50173,16233,63.50,20.778
50181,32893,63.50,20.778
50183,16233,63.50,20.778
50190,32893,63.50,20.778
50193,16233,63.50,20.778
50200,32893,63.50,20.778
50203,16233,63.50,20.778
50211,32893,63.50,20.778
50213,16233,63.50,20.778
50221,32893,63.50,20.778
50224,16233,63.50,20.778
50231,32893,63.50,20.778
50233,16233,63.50,20.778
50240,32893,63.50,20.778
50243,16233,63.50,20.778
50250,32893,63.50,20.778
50254,16233,63.50,20.778
50260,32893,63.50,20.778
50263,16233,63.50,20.778
50270,32893,63.50,20.778
50273,16233,63.50,20.778
50281,32893,63.50,20.778
50283,16233,63.50,20.778
50291,32893,63.50,20.778
50294,16233,63.50,20.778
50301,32893,63.50,20.778
50304,16233,63.50,20.778
50311,32893,63.50,20.778
50313,16233,63.50,20.778
50321,32893,63.50,20.778
50323,16233,63.50,20.778
50331,32893,63.50,20.778
50333,16233,63.50,20.778
50340,32893,63.50,20.778
50343,16233,63.50,20.778
50350,32893,63.50,20.778
50353,16233,63.50,20.778
50360,32893,63.50,20.778
50363,16233,63.50,20.778
50370,32893,63.50,20.778
50373,16233,63.50,20.778
50380,32893,63.50,20.778
50383,16233,63.50,20.778
50390,32893,63.50,20.778
50393,16233,63.50,20.778
50400,32893,63.50,20.778
50403,16233,63.50,20.778
50410,32893,63.50,20.778
50413,16233,63.50,20.778
50421,32893,63.50,20.778
50424,16233,63.50,20.778
50430,32893,63.50,20.778
50433,16233,63.50,20.778
50440,32893,63.50,20.778
50444,16233,63.50,20.778
50450,32893,63.50,20.778
50453,16233,63.50,20.778
50460,32893,63.50,20.778
50463,16233,63.50,20.778
50470,32893,63.50,20.778
50473,16233,63.50,20.778
50480,32893,63.50,20.778
50483,16233,63.50,20.778
50490,32893,63.50,20.778
50493,16233,63.50,20.778
50501,32893,63.50,20.778
50503,16233,63.50,20.778
50510,32893,63.50,20.778
50513,16233,63.50,20.778
50520,32893,63.50,20.778
50523,16233,63.50,20.778
50530,32893,63.50,20.778
50533,16233,63.50,20.778
50541,32893,63.50,20.778
50543,16233,63.50,20.778
50550,32893,63.50,20.778
50553,16233,63.50,20.778
50560,32893,63.50,20.778
50563,16233,63.50,20.778
50570,32893,63.50,20.778
50573,16233,63.50,20.778
50581,32893,63.50,20.778
50583,16233,63.50,20.778
50590,32893,63.50,20.778
50593,16233,63.50,20.778
50600,32893,63.50,20.778
50603,16233,63.50,20.778
50610,32893,63.50,20.778
50613,16233,63.50,20.778
50620,32893,63.50,20.778
50623,16233,63.50,20.778
50631,32893,63.50,20.778
50633,16233,63.50,20.778
50640,32893,63.50,20.778
50643,16233,63.50,20.778
50650,32893,63.50,20.778
50653,16233,63.50,20.778
50661,32893,63.50,20.778
50663,16233,63.50,20.778
50670,32893,63.50,20.778
50673,16233,63.50,20.778
50680,32893,63.50,20.778
50683,16233,63.50,20.778
50690,32893,63.50,20.778
50693,16233,63.50,20.778
50701,32893,63.50,20.778
50703,16233,63.50,20.778
50710,32893,63.50,20.778
50713,16233,63.50,20.778
50721,32893,63.50,20.778
50723,16233,63.50,20.778
50731,32893,63.50,20.778
50733,16233,63.50,20.778
50740,32893,63.50,20.778
50743,16233,63.50,20.778
50750,32893,63.50,20.778
50753,16233,63.50,20.778
50760,32893,63.50,20.778
50763,16233,63.50,20.778
50770,32893,63.50,20.778
50773,16233,63.50,20.778
50780,32893,63.50,20.778
50783,16233,63.50,20.778
50791,32893,63.50,20.778
50793,16233,63.50,20.778
50801,32893,63.50,20.778
50803,16233,63.50,20.778
50810,32893,63.50,20.778
50813,16233,63.50,20.778
50820,32893,63.50,20.778
50823,16233,63.50,20.778
50831,32893,63.50,20.778
50833,16233,63.50,20.778
50840,32893,63.50,20.778
50843,16233,63.50,20.778
50850,32893,63.50,20.778
50853,16233,63.50,20.778
50860,32893,63.50,20.778
50863,16233,63.50,20.778
50870,32893,63.50,20.778
50873,16233,63.50,20.778
50881,32893,63.50,20.778
50883,16233,63.50,20.778
50890,32893,63.50,20.778
50893,16233,63.50,20.778
50900,32893,63.50,20.778
50903,16233,63.50,20.778
50911,32893,63.50,20.778
50913,16233,63.50,20.778
50921,32893,63.50,20.778
50923,16233,63.50,20.778
50930,32893,63.50,20.778
50933,16233,63.50,20.778
50940,32893,63.50,20.778
50943,16233,63.50,20.778
50951,32893,63.50,20.778
50953,16233,63.50,20.778
50960,32893,63.50,20.778
50963,16233,63.50,20.778
50970,32893,63.50,20.778
50973,16233,63.50,20.778
50980,32893,63.50,20.778
50983,16233,63.50,20.778
50990,32893,63.50,20.778
50993,16233,63.50,20.778
51000,32893,63.50,20.778
51003,16233,63.50,20.778
51011,32893,63.50,20.778
51013,16233,63.50,20.778
51020,32893,63.50,20.778
51023,16233,63.50,20.778
51030,32893,63.50,20.778
51033,16233,63.50,20.778
51041,32893,63.50,20.778
51043,16233,63.50,20.778
51050,32893,63.50,20.778
51053,16233,63.50,20.778
51060,32893,63.50,20.778
51063,16233,63.50,20.778
51070,32893,63.50,20.778
51073,16233,63.50,20.778
51080,32893,63.50,20.778
51083,16233,63.50,20.778
51091,32893,63.50,20.778
51093,16233,63.50,20.778
51100,32893,63.50,20.778
51103,16233,63.50,20.778
51111,32893,63.50,20.778
51113,16233,63.50,20.778
51120,32893,63.50,20.778
51123,16233,63.50,20.778
51130,32893,63.50,20.778
51133,16233,63.50,20.778
51140,32893,63.50,20.778
51143,16233,63.50,20.778
51150,32893,63.50,20.778
51153,16233,63.50,20.778
51160,32893,63.50,20.778
51163,16233,63.50,20.778
51170,32893,63.50,20.778
51173,16233,63.50,20.778
51181,32893,63.50,20.778
51183,16233,63.50,20.778
51190,32893,63.50,20.778
51193,16233,63.50,20.778
51201,32893,63.50,20.778
51203,16233,63.50,20.778
51211,32893,63.50,20.778
51213,16233,63.50,20.778
51220,32893,63.50,20.778
51223,16233,63.50,20.778
51230,32893,63.50,20.778
51233,16233,63.50,20.778
51240,32893,63.50,20.778
51243,16233,63.50,20.778
51250,32893,63.50,20.778
51253,16233,63.50,20.778
51260,32893,63.50,20.778
51263,16233,63.50,20.778
51270,32893,63.50,20.778
51273,16233,63.50,20.778
51280,32893,63.50,20.778
51283,16233,63.50,20.778
51290,32893,63.50,20.778
51293,16233,63.50,20.778
51300,32893,63.50,20.778
51303,16233,63.50,20.778
51311,32893,63.50,20.778
51313,16233,63.50,20.778
51320,32893,63.50,20.778
51323,16233,63.50,20.778
51330,32893,63.50,20.778
51333,16233,63.50,20.778
51340,32893,63.50,20.778
51343,16233,63.50,20.778
51350,32893,63.50,20.778
51353,16233,63.50,20.778
51360,32893,63.50,20.778
51363,16233,63.50,20.778
51370,32893,63.50,20.778
51373,16233,63.50,20.778
51380,32893,63.50,20.778
51383,16233,63.50,20.778
51390,32893,63.50,20.778
51393,16233,63.50,20.778
51400,32893,63.50,20.778
51403,16233,63.50,20.778
51410,32893,63.50,20.778
51413,16233,63.50,20.778
51420,32893,63.50,20.778
51423,16233,63.50,20.778
51430,32893,63.50,20.778
51433,16233,63.50,20.778
51440,32893,63.50,20.778
51443,16233,63.50,20.778
51450,32893,63.50,20.778
51453,16233,63.50,20.778
51460,32893,63.50,20.778
51463,16233,63.50,20.778
51470,32893,63.50,20.778
51473,16233,63.50,20.778
51480,32893,63.50,20.778
51483,16233,63.50,20.778
51491,32893,63.50,20.778
51493,16233,63.50,20.778
51500,32893,63.50,20.778
51503,16233,63.50,20.778
51510,32893,63.50,20.778
51513,16233,63.50,20.778
51520,32893,63.50,20.778
51523,16233,63.50,20.778
51531,32893,63.50,20.778
51533,16233,63.50,20.778
51540,32893,63.50,20.778
51544,16233,63.50,20.778
51551,32893,63.50,20.778
51553,16233,63.50,20.778
51560,32893,63.50,20.778
51563,16233,63.50,20.778
51571,32893,63.50,20.778
51573,16233,63.50,20.778
51580,32893,63.50,20.778
51583,16233,63.50,20.778
51590,32893,63.50,20.778
51593,16233,63.50,20.778
51600,32893,63.50,20.778
51603,16233,63.50,20.778
51611,32893,63.50,20.778
51613,16233,63.50,20.778
51621,32893,63.50,20.778
51623,16233,63.50,20.778
51630,32893,63.50,20.778
51633,16233,63.50,20.778
51640,32893,63.50,20.778
51643,16233,63.50,20.778
51650,32893,63.50,20.778
51653,16233,63.50,20.778
51660,32893,63.50,20.778
51663,16233,63.50,20.778
51670,32893,63.50,20.778
51673,16233,63.50,20.778
51681,32893,63.50,20.778
51683,16233,63.50,20.778
51690,32893,63.50,20.778
51693,16233,63.50,20.778
51700,32893,63.50,20.778
51703,16233,63.50,20.778
51710,32893,63.50,20.778
51713,16233,63.50,20.778
51720,32893,63.50,20.778
51724,16233,63.50,20.778
51730,32893,63.50,20.778
51733,16233,63.50,20.778
51740,32893,63.50,20.778
51743,16233,63.50,20.778
51750,32893,63.50,20.778
51753,16233,63.50,20.778
51760,32893,63.50,20.778
51763,16233,63.50,20.778
51770,32893,63.50,20.778
51773,16233,63.50,20.778
51780,32893,63.50,20.778
51783,16233,63.50,20.778
51790,32893,63.50,20.778
51793,16233,63.50,20.778
51800,32893,63.50,20.778
51803,16233,63.50,20.778
51810,32893,63.50,20.778
51813,16233,63.50,20.778
51820,32893,63.50,20.778
51823,16233,63.50,20.778
51830,32893,63.50,20.778
51833,16233,63.50,20.778
51840,32893,63.50,20.778
51843,16233,63.50,20.778
51851,32893,63.50,20.778
51853,16233,63.50,20.778
51860,32893,63.50,20.778
51863,16233,63.50,20.778
51870,32893,63.50,20.778
51873,16233,63.50,20.778
51880,32893,63.50,20.778
51883,16233,63.50,20.778
51890,32893,63.50,20.778
51893,16233,63.50,20.778
51900,32893,63.50,20.778
51903,16233,63.50,20.778
51911,32893,63.50,20.778
51913,16233,63.50,20.778
51921,32893,63.50,20.778
51923,16233,63.50,20.778
51931,32893,63.50,20.778
51933,16233,63.50,20.778
51940,32893,63.50,20.778
51943,16233,63.50,20.778
51950,32893,63.50,20.778
51953,16233,63.50,20.778
51961,32893,63.50,20.778
51963,16233,63.50,20.778
51971,32893,63.50,20.778
51973,16233,63.50,20.778
51980,32893,63.50,20.778
51983,16233,63.50,20.778
51990,32893,63.50,20.778
51993,16233,63.50,20.778
52000,32893,63.50,20.778
52004,16233,63.50,20.778
52010,32893,63.50,20.778
52013,16233,63.50,20.778
52020,32893,63.50,20.778
52023,16233,63.50,20.778
52030,32893,63.50,20.778
52033,16233,63.50,20.778
52040,32893,63.50,20.778
52043,16233,63.50,20.778
52051,32893,63.50,20.778
52053,16233,63.50,20.778
52060,32893,63.50,20.778
52063,16233,63.50,20.778
52071,32893,63.50,20.778
52073,16233,63.50,20.778
52081,32893,63.50,20.778
52083,16233,63.50,20.778
52090,32893,63.50,20.778
52094,16233,63.50,20.778
52100,32893,63.50,20.778
52104,16233,63.50,20.778
52110,32893,63.50,20.778
52113,16233,63.50,20.778
52120,32893,63.50,20.778
52123,16233,63.50,20.778
52130,32893,63.50,20.778
52133,16233,63.50,20.778
52140,32893,63.50,20.778
52143,16233,63.50,20.778
52150,32893,63.50,20.778
52153,16233,63.50,20.778
52160,32893,63.50,20.778
52163,16233,63.50,20.778
52171,32893,63.50,20.778
52174,16233,63.50,20.778
52183,32893,63.50,20.778
52183,16233,63.50,20.778
52190,32893,63.50,20.778
52193,16233,63.50,20.778
52201,32893,63.50,20.778
52203,16233,63.50,20.778
52211,32893,63.50,20.778
52213,16233,63.50,20.778
52220,32893,63.50,20.778
52223,16233,63.50,20.778
52230,32893,63.50,20.778
52233,16233,63.50,20.778
52240,32893,63.50,20.778
52243,16233,63.50,20.778
52250,32893,63.50,20.778
52253,16233,63.50,20.778
52260,32893,63.50,20.778
52263,16233,63.50,20.778
52271,32893,63.50,20.778
52273,16233,63.50,20.778
52280,32893,63.50,20.778
52283,16233,63.50,20.778
52291,32893,63.50,20.778
52293,16233,63.50,20.778
52300,32893,63.50,20.778
52303,16233,63.50,20.778
52310,32893,63.50,20.778
52313,16233,63.50,20.778
52321,32893,63.50,20.778
52323,16233,63.50,20.778
52330,32893,63.50,20.778
52333,16233,63.50,20.778
52340,32893,63.50,20.778
52343,16233,63.50,20.778
52350,32893,63.50,20.778
52353,16233,63.50,20.778
52360,32893,63.50,20.778
52363,16233,63.50,20.778
52370,32893,63.50,20.778
52373,16233,63.50,20.778
52380,32893,63.50,20.778
52383,16233,63.50,20.778
52391,32893,63.50,20.778
52393,16233,63.50,20.778
52400,32893,63.50,20.778
52404,16233,63.50,20.778
52411,32893,63.50,20.778
52413,16233,63.50,20.778
52420,32893,63.50,20.778
52423,16233,63.50,20.778
52431,32893,63.50,20.778
52433,16233,63.50,20.778
52441,32893,63.50,20.778
52443,16233,63.50,20.778
52450,32893,63.50,20.778
52453,16233,63.50,20.778
52461,32893,63.50,20.778
52463,16233,63.50,20.778
52471,32893,63.50,20.778
52473,16233,63.50,20.778
52481,32893,63.50,20.778
52483,16233,63.50,20.778
52490,32893,63.50,20.778
52493,16233,63.50,20.778
52500,32893,63.50,20.778
52503,16233,63.50,20.778
52510,32893,59.00,19.305
52513,16233,63.50,20.778
52521,32893,59.00,19.305
52523,16233,63.50,20.778
52530,32893,59.00,19.305
52533,16233,63.50,20.778
52540,32893,59.00,19.305
52543,16233,63.50,20.778
52550,32893,59.00,19.305
52553,16233,63.50,20.778
52560,32893,59.00,19.305
52564,16233,63.50,20.778
52571,32893,59.00,19.305
52573,16233,63.50,20.778
52581,32893,59.00,19.305
52583,16233,63.50,20.778
52592,32893,59.00,19.305
52593,16233,63.50,20.778
52601,32893,59.00,19.305
52603,16233,63.50,20.778
52610,32893,59.00,19.305
52613,16233,63.50,20.778
52620,32893,59.00,19.305
52623,16233,63.50,20.778
52630,32893,59.00,19.305
52633,16233,63.50,20.778
52640,32893,59.00,19.305
52643,16233,63.50,20.778
52650,32893,59.00,19.305
52653,16233,63.50,20.778
52660,32893,59.00,19.305
52663,16233,63.50,20.778
52670,32893,59.00,19.305
52674,16233,63.50,20.778
52680,32893,59.00,19.305
52683,16233,63.50,20.778
52690,32893,59.00,19.305
52693,16233,63.50,20.778
52700,32893,59.00,19.305
52703,16233,63.50,20.778
52710,32893,59.00,19.305
52713,16233,63.50,20.778
52721,32893,59.00,19.305
52723,16233,63.50,20.778
52730,32893,59.00,19.305
52733,16233,63.50,20.778
52740,32893,59.00,19.305
52743,16233,63.50,20.778
52750,32893,59.00,19.305
52753,16233,63.50,20.778
52760,32893,59.00,19.305
52763,16233,63.50,20.778
52770,32893,59.00,19.305
52773,16233,63.50,20.778
52780,32893,59.00,19.305
52783,16233,63.50,20.778
52790,32893,59.00,19.305
52793,16233,63.50,20.778
52801,32893,59.00,19.305
52803,16233,63.50,20.778
52810,32893,59.00,19.305
52813,16233,63.50,20.778
52820,32893,59.00,19.305
52823,16233,63.50,20.778
52830,32893,59.00,19.305
52833,16233,63.50,20.778
52840,32893,59.00,19.305
52843,16233,63.50,20.778
52850,32893,59.00,19.305
52853,16233,63.50,20.778
52861,32893,59.00,19.305
52863,16233,63.50,20.778
52870,32893,59.00,19.305
52873,16233,63.50,20.778
52880,32893,59.00,19.305
52883,16233,63.50,20.778
52890,32893,59.00,19.305
52893,16233,63.50,20.778
52901,32893,59.00,19.305
52903,16233,63.50,20.778
52911,32893,59.00,19.305
52913,16233,63.50,20.778
52920,32893,59.00,19.305
52923,16233,63.50,20.778
52930,32893,59.00,19.305
52933,16233,63.50,20.778
52940,32893,59.00,19.305
52943,16233,63.50,20.778
52950,32893,59.00,19.305
52953,16233,63.50,20.778
52960,32893,59.00,19.305
52963,16233,63.50,20.778
52970,32893,59.00,19.305
52973,16233,63.50,20.778
52981,32893,59.00,19.305
52983,16233,63.50,20.778
52990,32893,59.00,19.305
52993,16233,63.50,20.778
53000,32893,59.00,19.305
53003,16233,63.50,20.778
53010,32893,59.00,19.305
53013,16233,63.50,20.778
53020,32893,59.00,19.305
53023,16233,63.50,20.778
53030,32893,59.00,19.305
53033,16233,63.50,20.778
53040,32893,59.00,19.305
53043,16233,63.50,20.778
53050,32893,59.00,19.305
53053,16233,63.50,20.778
53060,32893,59.00,19.305
53063,16233,63.50,20.778
53070,32893,59.00,19.305
53073,16233,63.50,20.778
53081,32893,59.00,19.305
53083,16233,63.50,20.778
53090,32893,59.00,19.305
53093,16233,63.50,20.778
53100,32893,59.00,19.305
53103,16233,63.50,20.778
53110,32893,59.00,19.305
53113,16233,63.50,20.778
53120,32893,59.00,19.305
53123,16233,63.50,20.778
53131,32893,59.00,19.305
53133,16233,63.50,20.778
53141,32893,59.00,19.305
53143,16233,63.50,20.778
53150,32893,59.00,19.305
53153,16233,63.50,20.778
53160,32893,59.00,19.305
53163,16233,63.50,20.778
53170,32893,59.00,19.305
53173,16233,63.50,20.778
53180,32893,59.00,19.305
53183,16233,63.50,20.778
53190,32893,59.00,19.305
53193,16233,63.50,20.778
53200,32893,59.00,19.305
53203,16233,63.50,20.778
53210,32893,59.00,19.305
53213,16233,63.50,20.778
53220,32893,59.00,19.305
53223,16233,63.50,20.778
53230,32893,59.00,19.305
53233,16233,63.50,20.778
53240,32893,59.00,19.305
53243,16233,63.50,20.778
53250,32893,59.00,19.305
53253,16233,63.50,20.778
53260,32893,59.00,19.305
53263,16233,63.50,20.778
53270,32893,59.00,19.305
53273,16233,63.50,20.778
53280,32893,59.00,19.305
53283,16233,63.50,20.778
53290,32893,59.00,19.305
53293,16233,63.50,20.778
53300,32893,59.00,19.305
53303,16233,63.50,20.778
53310,32893,59.00,19.305
53313,16233,63.50,20.778
53320,32893,59.00,19.305
53323,16233,63.50,20.778
53330,32893,59.00,19.305
53333,16233,63.50,20.778
53340,32893,59.00,19.305
53343,16233,63.50,20.778
53350,32893,59.00,19.305
53353,16233,63.50,20.778
53360,32893,59.00,19.305
53363,16233,63.50,20.778
53370,32893,59.00,19.305
53373,16233,63.50,20.778
53380,32893,59.00,19.305
53383,16233,63.50,20.778
53390,32893,59.00,19.305
53393,16233,63.50,20.778
53400,32893,59.00,19.305
53403,16233,63.50,20.778
53410,32893,59.00,19.305
53414,16233,63.50,20.778
53421,32893,59.00,19.305
53423,16233,63.50,20.778
53430,32893,59.00,19.305
53433,16233,63.50,20.778
53440,32893,59.00,19.305
53443,16233,63.50,20.778
53450,32893,59.00,19.305
53453,16233,63.50,20.778
53460,32893,59.00,19.305
53463,16233,63.50,20.778
53471,32893,59.00,19.305
53473,16233,63.50,20.778
53480,32893,59.00,19.305
53483,16233,63.50,20.778
53490,32893,59.00,19.305
53493,16233,63.50,20.778
53500,32893,59.00,19.305
53503,16233,63.50,20.778
53510,32893,59.00,19.305
53513,16233,63.50,20.778
53520,32893,59.00,19.305
53523,16233,63.50,20.778
53530,32893,59.00,19.305
53533,16233,63.50,20.778
53540,32893,59.00,19.305
53543,16233,63.50,20.778
53550,32893,59.00,19.305
53553,16233,63.50,20.778
53560,32893,59.00,19.305
53563,16233,63.50,20.778
53571,32893,59.00,19.305
53573,16233,63.50,20.778
53581,32893,59.00,19.305
53583,16233,63.50,20.778
53590,32893,59.00,19.305
53593,16233,63.50,20.778
53600,32893,59.00,19.305
53603,16233,63.50,20.778
53610,32893,59.00,19.305
53613,16233,63.50,20.778
53620,32893,59.00,19.305
53623,16233,63.50,20.778
53630,32893,59.00,19.305
53633,16233,63.50,20.778
53640,32893,59.00,19.305
53643,16233,63.50,20.778
53650,32893,59.00,19.305
53653,16233,63.50,20.778
53660,32893,59.00,19.305
53663,16233,63.50,20.778
53670,32893,59.00,19.305
53673,16233,63.50,20.778
53681,32893,59.00,19.305
53683,16233,63.50,20.778
53690,32893,59.00,19.305
53693,16233,63.50,20.778
53700,32893,59.00,19.305
53703,16233,63.50,20.778
53710,32893,59.00,19.305
53713,16233,63.50,20.778
53721,32893,59.00,19.305
53723,16233,63.50,20.778
53730,32893,59.00,19.305
53733,16233,63.50,20.778
53740,32893,59.00,19.305
53743,16233,63.50,20.778
53750,32893,59.00,19.305
53753,16233,63.50,20.778
53760,32893,59.00,19.305
53763,16233,63.50,20.778
53770,32893,59.00,19.305
53773,16233,63.50,20.778
53780,32893,59.00,19.305
53783,16233,63.50,20.778
53790,32893,59.00,19.305
53793,16233,63.50,20.778
53800,32893,59.00,19.305
53803,16233,63.50,20.778
53810,32893,59.00,19.305
53813,16233,63.50,20.778
53820,32893,59.00,19.305
53823,16233,63.50,20.778
53831,32893,59.00,19.305
53833,16233,63.50,20.778
53840,32893,59.00,19.305
53843,16233,63.50,20.778
53850,32893,59.00,19.305
53853,16233,63.50,20.778
53860,32893,59.00,19.305
53863,16233,63.50,20.778
53870,32893,59.00,19.305
53873,16233,63.50,20.778
53880,32893,59.00,19.305
53883,16233,63.50,20.778
53890,32893,59.00,19.305
53893,16233,63.50,20.778
53900,32893,59.00,19.305
53903,16233,63.50,20.778
53910,32893,59.00,19.305
53913,16233,63.50,20.778
53920,32893,59.00,19.305
53923,16233,63.50,20.778
53931,32893,59.00,19.305
53933,16233,63.50,20.778
53940,32893,59.00,19.305
53943,16233,63.50,20.778
53950,32893,59.00,19.305
53953,16233,63.50,20.778
53960,32893,59.00,19.305
53963,16233,63.50,20.778
53970,32893,59.00,19.305
53973,16233,63.50,20.778
53980,32893,59.00,19.305
53983,16233,63.50,20.778
53990,32893,59.00,19.305
53993,16233,63.50,20.778
54000,32893,59.00,19.305
54003,16233,63.50,20.778
54010,32893,59.00,19.305
54014,16233,63.50,20.778
54020,32893,59.00,19.305
54023,16233,63.50,20.778
54030,32893,59.00,19.305
54033,16233,63.50,20.778
54040,32893,59.00,19.305
54043,16233,63.50,20.778
54050,32893,59.00,19.305
54053,16233,63.50,20.778
54060,32893,59.00,19.305
54063,16233,63.50,20.778
54070,32893,59.00,19.305
54073,16233,63.50,20.778
54080,32893,59.00,19.305
54083,16233,63.50,20.778
54090,32893,59.00,19.305
54093,16233,63.50,20.778
54101,32893,59.00,19.305
54103,16233,63.50,20.778
54110,32893,59.00,19.305
54113,16233,63.50,20.778
54120,32893,59.00,19.305
54123,16233,63.50,20.778
54130,32893,59.00,19.305
54133,16233,63.50,20.778
54140,32893,59.00,19.305
54143,16233,63.50,20.778
54151,32893,59.00,19.305
54153,16233,63.50,20.778
54160,32893,59.00,19.305
54163,16233,63.50,20.778
54170,32893,59.00,19.305
54173,16233,63.50,20.778
54180,32893,59.00,19.305
54183,16233,63.50,20.778
54190,32893,59.00,19.305
54193,16233,63.50,20.778
54200,32893,59.00,19.305
54203,16233,63.50,20.778
54211,32893,59.00,19.305
54214,16233,63.50,20.778
54220,32893,59.00,19.305
54223,16233,63.50,20.778
54230,32893,59.00,19.305
54233,16233,63.50,20.778
54240,32893,59.00,19.305
54243,16233,63.50,20.778
54250,32893,59.00,19.305
54253,16233,63.50,20.778
54260,32893,59.00,19.305
54263,16233,63.50,20.778
54270,32893,59.00,19.305
54273,16233,63.50,20.778
54280,32893,59.00,19.305
54283,16233,63.50,20.778
54290,32893,59.00,19.305
54293,16233,63.50,20.778
54300,32893,59.00,19.305
54303,16233,63.50,20.778
54310,32893,59.00,19.305
54313,16233,63.50,20.778
54320,32893,59.00,19.305
54323,16233,63.50,20.778
54330,32893,59.00,19.305
54333,16233,63.50,20.778
54340,32893,59.00,19.305
54343,16233,63.50,20.778
54350,32893,59.00,19.305
54353,16233,63.50,20.778
54360,32893,59.00,19.305
54363,16233,63.50,20.778
54370,32893,59.00,19.305
54373,16233,63.50,20.778
54381,32893,59.00,19.305
54383,16233,63.50,20.778
54390,32893,59.00,19.305
54393,16233,63.50,20.778
54400,32893,59.00,19.305
54403,16233,63.50,20.778
54410,32893,59.00,19.305
54413,16233,63.50,20.778
54420,32893,59.00,19.305
54423,16233,63.50,20.778
54431,32893,59.00,19.305
54433,16233,63.50,20.778
54440,32893,59.00,19.305
54443,16233,63.50,20.778
54450,32893,59.00,19.305
54453,16233,63.50,20.778
54460,32893,59.00,19.305
54463,16233,63.50,20.778
54470,32893,59.00,19.305
54473,16233,63.50,20.778
54480,32893,59.00,19.305
54483,16233,63.50,20.778
54490,32893,59.00,19.305
54493,16233,63.50,20.778
54500,32893,59.00,19.305
54503,16233,63.50,20.778
54510,32893,59.00,19.305
54513,16233,63.50,20.778
54520,32893,59.00,19.305
54523,16233,63.50,20.778
54530,32893,59.00,19.305
54533,16233,63.50,20.778
54540,32893,59.00,19.305
54543,16233,63.50,20.778
54550,32893,59.00,19.305
54553,16233,63.50,20.778
54560,32893,59.00,19.305
54563,16233,63.50,20.778
54570,32893,59.00,19.305
54573,16233,63.50,20.778
54580,32893,59.00,19.305
54583,16233,63.50,20.778
54591,32893,59.00,19.305
54593,16233,63.50,20.778
54600,32893,59.00,19.305
54603,16233,63.50,20.778
54610,32893,59.00,19.305
54613,16233,63.50,20.778
54620,32893,59.00,19.305
54623,16233,63.50,20.778
54630,32893,59.00,19.305
54633,16233,63.50,20.778
54640,32893,59.00,19.305
54643,16233,63.50,20.778
54650,32893,59.00,19.305
54653,16233,63.50,20.778
54660,32893,59.00,19.305
54664,16233,63.50,20.778
54670,32893,59.00,19.305
54673,16233,63.50,20.778
54680,32893,59.00,19.305
54684,16233,63.50,20.778
54690,32893,59.00,19.305
54693,16233,63.50,20.778
54700,32893,59.00,19.305
54703,16233,63.50,20.778
54711,32893,59.00,19.305
54714,16233,63.50,20.778
54720,32893,59.00,19.305
54723,16233,63.50,20.778
54730,32893,59.00,19.305
54733,16233,63.50,20.778
54741,32893,59.00,19.305
54743,16233,63.50,20.778
54750,32893,59.00,19.305
54753,16233,63.50,20.778
54761,32893,59.00,19.305
54763,16233,63.50,20.778
54770,32893,59.00,19.305
54774,16233,63.50,20.778
54781,32893,59.00,19.305
54783,16233,63.50,20.778
54790,32893,59.00,19.305
54793,16233,63.50,20.778
54800,32893,59.00,19.305
54803,16233,63.50,20.778
54810,32893,59.00,19.305
54813,16233,63.50,20.778
54820,32893,59.00,19.305
54823,16233,63.50,20.778
54830,32893,59.00,19.305
54833,16233,63.50,20.778
54840,32893,59.00,19.305
54843,16233,63.50,20.778
54850,32893,59.00,19.305
54853,16233,63.50,20.778
54860,32893,59.00,19.305
54863,16233,63.50,20.778
54871,32893,59.00,19.305
54873,16233,63.50,20.778
54881,32893,59.00,19.305
54883,16233,63.50,20.778
54890,32893,59.00,19.305
54893,16233,63.50,20.778
54900,32893,59.00,19.305
54903,16233,63.50,20.778
54911,32893,59.00,19.305
54913,16233,63.50,20.778
54921,32893,59.00,19.305
54923,16233,63.50,20.778
54930,32893,59.00,19.305
54933,16233,63.50,20.778
54940,32893,59.00,19.305
54943,16233,63.50,20.778
54951,32893,59.00,19.305
54953,16233,63.50,20.778
54960,32893,59.00,19.305
54963,16233,63.50,20.778
54970,32893,59.00,19.305
54973,16233,63.50,20.778
54980,32893,59.00,19.305
54983,16233,63.50,20.778
54991,32893,59.00,19.305
54993,16233,63.50,20.778
55001,32893,59.00,19.305
55003,16233,63.50,20.778
55010,32893,59.00,19.305
55013,16233,63.50,20.778
55020,32893,59.00,19.305
55023,16233,63.50,20.778
55031,32893,59.00,19.305
55033,16233,63.50,20.778
55041,32893,59.00,19.305
55043,16233,63.50,20.778
55050,32893,59.00,19.305
55053,16233,63.50,20.778
55060,32893,59.00,19.305
55063,16233,63.50,20.778
55070,32893,59.00,19.305
55073,16233,63.50,20.778
55081,32893,59.00,19.305
55083,16233,63.50,20.778
55090,32893,59.00,19.305
55094,16233,63.50,20.778
55101,32893,59.00,19.305
55103,16233,63.50,20.778
55110,32893,59.00,19.305
55113,16233,63.50,20.778
55122,32893,59.00,19.305
55123,16233,63.50,20.778
55131,32893,59.00,19.305
55133,16233,63.50,20.778
55141,32893,59.00,19.305
55143,16233,63.50,20.778
55150,32893,59.00,19.305
55153,16233,63.50,20.778
55160,32893,59.00,19.305
55163,16233,63.50,20.778
55170,32893,59.00,19.305
55173,16233,63.50,20.778
55180,32893,59.00,19.305
55183,16233,63.50,20.778
55190,32893,59.00,19.305
55193,16233,63.50,20.778
55200,32893,59.00,19.305
55203,16233,63.50,20.778
55211,32893,59.00,19.305
55213,16233,63.50,20.778
55220,32893,59.00,19.305
55224,16233,63.50,20.778
55230,32893,59.00,19.305
55233,16233,63.50,20.778
55240,32893,59.00,19.305
55243,16233,63.50,20.778
55251,32893,59.00,19.305
55253,16233,63.50,20.778
55261,32893,59.00,19.305
55263,16233,63.50,20.778
55270,32893,59.00,19.305
55273,16233,63.50,20.778
55280,32893,59.00,19.305
55283,16233,63.50,20.778
55290,32893,59.00,19.305
55293,16233,63.50,20.778
55301,32893,59.00,19.305
55303,16233,63.50,20.778
55310,32893,59.00,19.305
55313,16233,63.50,20.778
55321,32893,59.00,19.305
55323,16233,63.50,20.778
55330,32893,59.00,19.305
55333,16233,63.50,20.778
55341,32893,59.00,19.305
55343,16233,63.50,20.778
55350,32893,59.00,19.305
55353,16233,63.50,20.778
55360,32893,59.00,19.305
55363,16233,63.50,20.778
55370,32893,59.00,19.305
55373,16233,63.50,20.778
55380,32893,59.00,19.305
55383,16233,63.50,20.778
55391,32893,59.00,19.305
55393,16233,63.50,20.778
55400,32893,59.00,19.305
55403,16233,63.50,20.778
55410,32893,59.00,19.305
55413,16233,63.50,20.778
55420,32893,59.00,19.305
55423,16233,63.50,20.778
55430,32893,59.00,19.305
55433,16233,63.50,20.778
55440,32893,59.00,19.305
55443,16233,63.50,20.778
55450,32893,59.00,19.305
55453,16233,63.50,20.778
55460,32893,59.00,19.305
55463,16233,63.50,20.778
55471,32893,59.00,19.305
55473,16233,63.50,20.778
55480,32893,59.00,19.305
55483,16233,63.50,20.778
55490,32893,59.00,19.305
55493,16233,63.50,20.778
55500,32893,59.00,19.305
55503,16233,63.50,20.778
55511,32893,59.00,19.305
55513,16233,63.50,20.778
55520,32893,59.00,19.305
55523,16233,63.50,20.778
55531,32893,59.00,19.305
55533,16233,63.50,20.778
55540,32893,59.00,19.305
55543,16233,63.50,20.778
55551,32893,59.00,19.305
55553,16233,63.50,20.778
55560,32893,59.00,19.305
55563,16233,63.50,20.778
55570,32893,59.00,19.305
55573,16233,63.50,20.778
55580,32893,59.00,19.305
55583,16233,63.50,20.778
55591,32893,59.00,19.305
55593,16233,63.50,20.778
55600,32893,59.00,19.305
55603,16233,63.50,20.778
55611,32893,59.00,19.305
55613,16233,63.50,20.778
55621,32893,59.00,19.305
55623,16233,63.50,20.778
55631,32893,59.00,19.305
55633,16233,63.50,20.778
55640,32893,59.00,19.305
55643,16233,63.50,20.778
55651,32893,59.00,19.305
55653,16233,63.50,20.778
55660,32893,59.00,19.305
55663,16233,63.50,20.778
55671,32893,59.00,19.305
55674,16233,63.50,20.778
55680,32893,59.00,19.305
55683,16233,63.50,20.778
55690,32893,59.00,19.305
55693,16233,63.50,20.778
55700,32893,59.00,19.305
55703,16233,63.50,20.778
55711,32893,59.00,19.305
55713,16233,63.50,20.778
55720,32893,59.00,19.305
55723,16233,63.50,20.778
55730,32893,59.00,19.305
55733,16233,63.50,20.778
55740,32893,59.00,19.305
55744,16233,63.50,20.778
55750,32893,59.00,19.305
55753,16233,63.50,20.778
55761,32893,59.00,19.305
55763,16233,63.50,20.778
55770,32893,59.00,19.305
55773,16233,63.50,20.778
55781,32893,59.00,19.305
55783,16233,63.50,20.778
55790,32893,59.00,19.305
55793,16233,63.50,20.778
55800,32893,59.00,19.305
55803,16233,63.50,20.778
55811,32893,59.00,19.305
55813,16233,63.50,20.778
55820,32893,59.00,19.305
55823,16233,63.50,20.778
55830,32893,59.00,19.305
55833,16233,63.50,20.778
55841,32893,59.00,19.305
55843,16233,63.50,20.778
55851,32893,59.00,19.305
55853,16233,63.50,20.778
55860,32893,59.00,19.305
55863,16233,63.50,20.778
55870,32893,59.00,19.305
55873,16233,63.50,20.778
55881,32893,59.00,19.305
55883,16233,63.50,20.778
55891,32893,59.00,19.305
55893,16233,63.50,20.778
55901,32893,59.00,19.305
55904,16233,63.50,20.778
55911,32893,59.00,19.305
55913,16233,63.50,20.778
55921,32893,59.00,19.305
55923,16233,63.50,20.778
55931,32893,59.00,19.305
55934,16233,63.50,20.778
55941,32893,59.00,19.305
55944,16233,63.50,20.778
55950,32893,59.00,19.305
55953,16233,63.50,20.778
55960,32893,59.00,19.305
55963,16233,63.50,20.778
55971,32893,59.00,19.305
55973,16233,63.50,20.778
55981,32893,59.00,19.305
55983,16233,63.50,20.778
55990,32893,59.00,19.305
55993,16233,63.50,20.778
56000,32893,59.00,19.305
56003,16233,63.50,20.778
56010,32893,59.00,19.305
56013,16233,63.50,20.778
56021,32893,59.00,19.305
56023,16233,63.50,20.778
56031,32893,59.00,19.305
56033,16233,63.50,20.778
56041,32893,59.00,19.305
56043,16233,63.50,20.778
56051,32893,59.00,19.305
56053,16233,63.50,20.778
56060,32893,59.00,19.305
56063,16233,63.50,20.778
56071,32893,59.00,19.305
56074,16233,63.50,20.778
56080,32893,59.00,19.305
56083,16233,63.50,20.778
56090,32893,59.00,19.305
56094,16233,63.50,20.778
56101,32893,59.00,19.305
56103,16233,63.50,20.778
56111,32893,59.00,19.305
56113,16233,63.50,20.778
56120,32893,59.00,19.305
56124,16233,63.50,20.778
56131,32893,59.00,19.305
56133,16233,63.50,20.778
56140,32893,59.00,19.305
56143,16233,63.50,20.778
56151,32893,59.00,19.305
56153,16233,63.50,20.778
56160,32893,59.00,19.305
56163,16233,63.50,20.778
56170,32893,59.00,19.305
56174,16233,63.50,20.778
56180,32893,59.00,19.305
56183,16233,63.50,20.778
56190,32893,59.00,19.305
56193,16233,63.50,20.778
56200,32893,59.00,19.305
56203,16233,63.50,20.778
56211,32893,59.00,19.305
56213,16233,63.50,20.778
56220,32893,59.00,19.305
56223,16233,63.50,20.778
56230,32893,59.00,19.305
56233,16233,63.50,20.778
56240,32893,59.00,19.305
56243,16233,63.50,20.778
56251,32893,59.00,19.305
56253,16233,63.50,20.778
56260,32893,59.00,19.305
56263,16233,63.50,20.778
56271,32893,59.00,19.305
56273,16233,63.50,20.778
56281,32893,59.00,19.305
56283,16233,63.50,20.778
56290,32893,59.00,19.305
56294,16233,63.50,20.778
56300,32893,59.00,19.305
56303,16233,63.50,20.778
56310,32893,59.00,19.305
56313,16233,63.50,20.778
56320,32893,59.00,19.305
56323,16233,63.50,20.778
56330,32893,59.00,19.305
56333,16233,63.50,20.778
56340,32893,59.00,19.305
56343,16233,63.50,20.778
56351,32893,59.00,19.305
56353,16233,63.50,20.778
56360,32893,59.00,19.305
56363,16233,63.50,20.778
56371,32893,59.00,19.305
56373,16233,63.50,20.778
56380,32893,59.00,19.305
56383,16233,63.50,20.778
56390,32893,59.00,19.305
56393,16233,63.50,20.778
56400,32893,59.00,19.305
56403,16233,63.50,20.778
56410,32893,59.00,19.305
56413,16233,63.50,20.778
56420,32893,59.00,19.305
56423,16233,63.50,20.778
56431,32893,59.00,19.305
56433,16233,63.50,20.778
56440,32893,59.00,19.305
56443,16233,63.50,20.778
56451,32893,59.00,19.305
56453,16233,63.50,20.778
56460,32893,59.00,19.305
56463,16233,63.50,20.778
56470,32893,59.00,19.305
56473,16233,63.50,20.778
56480,32893,59.00,19.305
56483,16233,63.50,20.778
56490,32893,59.00,19.305
56493,16233,63.50,20.778
56500,32893,59.00,19.305
56503,16233,63.50,20.778
56511,32893,59.00,19.305
56513,16233,63.50,20.778
56520,32893,59.00,19.305
56523,16233,63.50,20.778
56531,32893,59.00,19.305
56533,16233,63.50,20.778
56540,32893,59.00,19.305
56543,16233,63.50,20.778
56551,32893,59.00,19.305
56553,16233,63.50,20.778
56560,32893,59.00,19.305
56563,16233,63.50,20.778
56570,32893,59.00,19.305
56573,16233,63.50,20.778
56580,32893,59.00,19.305
56583,16233,63.50,20.778
56591,32893,59.00,19.305
56593,16233,63.50,20.778
56601,32893,59.00,19.305
56603,16233,63.50,20.778
56611,32893,59.00,19.305
56613,16233,63.50,20.778
56621,32893,59.00,19.305
56623,16233,63.50,20.778
56630,32893,59.00,19.305
56633,16233,63.50,20.778
56641,32893,59.00,19.305
56644,16233,63.50,20.778
56651,32893,59.00,19.305
56653,16233,63.50,20.778
56661,32893,59.00,19.305
56663,16233,63.50,20.778
56670,32893,59.00,19.305
56673,16233,63.50,20.778
56680,32893,59.00,19.305
56683,16233,63.50,20.778
56691,32893,59.00,19.305
56693,16233,63.50,20.778
56700,32893,59.00,19.305
56703,16233,63.50,20.778
56710,32893,59.00,19.305
56713,16233,63.50,20.778
56720,32893,59.00,19.305
56723,16233,63.50,20.778
56730,32893,59.00,19.305
56733,16233,63.50,20.778
56740,32893,59.00,19.305
56743,16233,63.50,20.778
56750,32893,59.00,19.305
56753,16233,63.50,20.778
56761,32893,59.00,19.305
56763,16233,63.50,20.778
56771,32893,59.00,19.305
56773,16233,63.50,20.778
56781,32893,59.00,19.305
56783,16233,63.50,20.778
56790,32893,59.00,19.305
56793,16233,63.50,20.778
56800,32893,59.00,19.305
56803,16233,63.50,20.778
56810,32893,59.00,19.305
56813,16233,63.50,20.778
56820,32893,59.00,19.305
56823,16233,63.50,20.778
56830,32893,59.00,19.305
56833,16233,63.50,20.778
56840,32893,63.50,20.778
56843,16233,63.50,20.778
56850,32893,63.50,20.778
56853,16233,63.50,20.778
56860,32893,63.50,20.778
56863,16233,63.50,20.778
56870,32893,63.50,20.778
56873,16233,63.50,20.778
56880,32893,63.50,20.778
56883,16233,63.50,20.778
56891,32893,63.50,20.778
56893,16233,63.50,20.778
56901,32893,63.50,20.778
56903,16233,63.50,20.778
56910,32893,63.50,20.778
56913,16233,63.50,20.778
56920,32893,63.50,20.778
56923,16233,63.50,20.778
56930,32893,63.50,20.778
56933,16233,63.50,20.778
56940,32893,63.50,20.778
56943,16233,63.50,20.778
56950,32893,63.50,20.778
56953,16233,63.50,20.778
56961,32893,63.50,20.778
56963,16233,63.50,20.778
56970,32893,63.50,20.778
56973,16233,63.50,20.778
56980,32893,63.50,20.778
56983,16233,63.50,20.778
56991,32893,63.50,20.778
56993,16233,63.50,20.778
57001,32893,63.50,20.778
57003,16233,63.50,20.778
57010,32893,63.50,20.778
57013,16233,63.50,20.778
57021,32893,63.50,20.778
57023,16233,63.50,20.778
57030,32893,63.50,20.778
57033,16233,63.50,20.778
57041,32893,63.50,20.778
57043,16233,63.50,20.778
57051,32893,63.50,20.778
57053,16233,63.50,20.778
57060,32893,63.50,20.778
57063,16233,63.50,20.778
57070,32893,63.50,20.778
57073,16233,63.50,20.778
57081,32893,63.50,20.778
57083,16233,63.50,20.778
57090,32893,63.50,20.778
57093,16233,63.50,20.778
57101,32893,63.50,20.778
57103,16233,63.50,20.778
57110,32893,63.50,20.778
57113,16233,63.50,20.778
57121,32893,63.50,20.778
57123,16233,63.50,20.778
57130,32893,63.50,20.778
57134,16233,63.50,20.778
57141,32893,63.50,20.778
57143,16233,63.50,20.778
57151,32893,63.50,20.778
57153,16233,63.50,20.778
57160,32893,63.50,20.778
57163,16233,63.50,20.778
57171,32893,63.50,20.778
57173,16233,63.50,20.778
57180,32893,63.50,20.778
57183,16233,63.50,20.778
57190,32893,63.50,20.778
57193,16233,63.50,20.778
57200,32893,63.50,20.778
57203,16233,63.50,20.778
57211,32893,63.50,20.778
57213,16233,63.50,20.778
57220,32893,63.50,20.778
57223,16233,63.50,20.778
57230,32893,63.50,20.778
57233,16233,63.50,20.778
57240,32893,63.50,20.778
57243,16233,63.50,20.778
57251,32893,63.50,20.778
57253,16233,63.50,20.778
57261,32893,63.50,20.778
57263,16233,63.50,20.778
57270,32893,63.50,20.778
57273,16233,63.50,20.778
57281,32893,63.50,20.778
57283,16233,63.50,20.778
57290,32893,63.50,20.778
57293,16233,63.50,20.778
57300,32893,63.50,20.778
57303,16233,63.50,20.778
57311,32893,63.50,20.778
57313,16233,63.50,20.778
57320,32893,63.50,20.778
57323,16233,63.50,20.778
57331,32893,63.50,20.778
57333,16233,63.50,20.778
57341,32893,63.50,20.778
57343,16233,63.50,20.778
57350,32893,63.50,20.778
57353,16233,63.50,20.778
57361,32893,63.50,20.778
57363,16233,63.50,20.778
57370,32893,63.50,20.778
57373,16233,63.50,20.778
57380,32893,63.50,20.778
57383,16233,63.50,20.778
57390,32893,63.50,20.778
57393,16233,63.50,20.778
57400,32893,63.50,20.778
57403,16233,63.50,20.778
57411,32893,63.50,20.778
57413,16233,63.50,20.778
57420,32893,63.50,20.778
57423,16233,63.50,20.778
57430,32893,63.50,20.778
57433,16233,63.50,20.778
57440,32893,63.50,20.778
57443,16233,63.50,20.778
57450,32893,63.50,20.778
57453,16233,63.50,20.778
57460,32893,63.50,20.778
57463,16233,63.50,20.778
57470,32893,63.50,20.778
57473,16233,63.50,20.778
57481,32893,63.50,20.778
57483,16233,63.50,20.778
57490,32893,63.50,20.778
57493,16233,63.50,20.778
57500,32893,63.50,20.778
57503,16233,63.50,20.778
57510,32893,63.50,20.778
57513,16233,63.50,20.778
57520,32893,63.50,20.778
57523,16233,63.50,20.778
57531,32893,63.50,20.778
57533,16233,63.50,20.778
57540,32893,63.50,20.778
57543,16233,63.50,20.778
57551,32893,63.50,20.778
57553,16233,63.50,20.778
57560,32893,63.50,20.778
57563,16233,63.50,20.778
57571,32893,63.50,20.778
57573,16233,63.50,20.778
57581,32893,63.50,20.778
57583,16233,63.50,20.778
57591,32893,63.50,20.778
57593,16233,63.50,20.778
57600,32893,63.50,20.778
57603,16233,63.50,20.778
57610,32893,63.50,20.778
57613,16233,63.50,20.778
57621,32893,63.50,20.778
57623,16233,63.50,20.778
57630,32893,63.50,20.778
57633,16233,63.50,20.778
57640,32893,63.50,20.778
57643,16233,63.50,20.778
57650,32893,63.50,20.778
57654,16233,63.50,20.778
57661,32893,63.50,20.778
57663,16233,63.50,20.778
57671,32893,63.50,20.778
57674,16233,63.50,20.778
57681,32893,63.50,20.778
57684,16233,63.50,20.778
57691,32893,63.50,20.778
57693,16233,63.50,20.778
57700,32893,63.50,20.778
57703,16233,63.50,20.778
57710,32893,63.50,20.778
57713,16233,63.50,20.778
57720,32893,63.50,20.778
57723,16233,63.50,20.778
57730,32893,63.50,20.778
57733,16233,63.50,20.778
57741,32893,63.50,20.778
57743,16233,63.50,20.778
57751,32893,63.50,20.778
57753,16233,63.50,20.778
57761,32893,63.50,20.778
57763,16233,63.50,20.778
57771,32893,63.50,20.778
57773,16233,63.50,20.778
57780,32893,63.50,20.778
57783,16233,63.50,20.778
57790,32893,63.50,20.778
57793,16233,63.50,20.778
57801,32893,63.50,20.778
57803,16233,63.50,20.778
57810,32893,63.50,20.778
57813,16233,63.50,20.778
57820,32893,63.50,20.778
57823,16233,63.50,20.778
57830,32893,63.50,20.778
57833,16233,63.50,20.778
57840,32893,63.50,20.778
57843,16233,63.50,20.778
57851,32893,63.50,20.778
57853,16233,63.50,20.778
57860,32893,63.50,20.778
57863,16233,63.50,20.778
57870,32893,63.50,20.778
57873,16233,63.50,20.778
57880,32893,63.50,20.778
57883,16233,63.50,20.778
57890,32893,63.50,20.778
57893,16233,63.50,20.778
57901,32893,63.50,20.778
57904,16233,63.50,20.778
57910,32893,63.50,20.778
57913,16233,63.50,20.778
57920,32893,63.50,20.778
57924,16233,63.50,20.778
57931,32893,63.50,20.778
57934,16233,63.50,20.778
57941,32893,63.50,20.778
57943,16233,63.50,20.778
57950,32893,63.50,20.778
57953,16233,63.50,20.778
57961,32893,63.50,20.778
57963,16233,63.50,20.778
57970,32893,63.50,20.778
57973,16233,63.50,20.778
57980,32893,63.50,20.778
57983,16233,63.50,20.778
57991,32893,63.50,20.778
57993,16233,63.50,20.778
58001,32893,63.50,20.778
58003,16233,63.50,20.778
58010,32893,63.50,20.778
58013,16233,63.50,20.778
58020,32893,63.50,20.778
58023,16233,63.50,20.778
58030,32893,63.50,20.778
58033,16233,63.50,20.778
58040,32893,63.50,20.778
58043,16233,63.50,20.778
58050,32893,63.50,20.778
58053,16233,63.50,20.778
58060,32893,63.50,20.778
58063,16233,63.50,20.778
58071,32893,63.50,20.778
58074,16233,63.50,20.778
58081,32893,63.50,20.778
58083,16233,63.50,20.778
58091,32893,63.50,20.778
58093,16233,63.50,20.778
58100,32893,63.50,20.778
58103,16233,63.50,20.778
58110,32893,63.50,20.778
58113,16233,63.50,20.778
58121,32893,63.50,20.778
58123,16233,63.50,20.778
58130,32893,63.50,20.778
58133,16233,63.50,20.778
58140,32893,63.50,20.778
58143,16233,63.50,20.778
58150,32893,63.50,20.778
58153,16233,63.50,20.778
58160,32893,63.50,20.778
58163,16233,63.50,20.778
58170,32893,63.50,20.778
58173,16233,63.50,20.778
58181,32893,63.50,20.778
58183,16233,63.50,20.778
58191,32893,63.50,20.778
58193,16233,63.50,20.778
58200,32893,63.50,20.778
58203,16233,63.50,20.778
58211,32893,63.50,20.778
58214,16233,63.50,20.778
58221,32893,63.50,20.778
58223,16233,63.50,20.778
58231,32893,63.50,20.778
58234,16233,63.50,20.778
58241,32893,63.50,20.778
58243,16233,63.50,20.778
58251,32893,63.50,20.778
58254,16233,63.50,20.778
58260,32893,63.50,20.778
58263,16233,63.50,20.778
58270,32893,63.50,20.778
58273,16233,63.50,20.778
58280,32893,63.50,20.778
58283,16233,63.50,20.778
58291,32893,63.50,20.778
58293,16233,63.50,20.778
58300,32893,63.50,20.778
58303,16233,63.50,20.778
58310,32893,63.50,20.778
58313,16233,63.50,20.778
58320,32893,63.50,20.778
58323,16233,63.50,20.778
58330,32893,63.50,20.778
58333,16233,63.50,20.778
58340,32893,63.50,20.778
58343,16233,63.50,20.778
58350,32893,63.50,20.778
58353,16233,63.50,20.778
58360,32893,63.50,20.778
58363,16233,63.50,20.778
58370,32893,63.50,20.778
58373,16233,63.50,20.778
58380,32893,63.50,20.778
58384,16233,63.50,20.778
58390,32893,63.50,20.778
58393,16233,63.50,20.778
58401,32893,63.50,20.778
58404,16233,63.50,20.778
58411,32893,63.50,20.778
58413,16233,63.50,20.778
58420,32893,63.50,20.778
58423,16233,63.50,20.778
58430,32893,63.50,20.778
58433,16233,63.50,20.778
58441,32893,63.50,20.778
58443,16233,63.50,20.778
58450,32893,63.50,20.778
58453,16233,63.50,20.778
58461,32893,63.50,20.778
58463,16233,63.50,20.778
58470,32893,63.50,20.778
58473,16233,63.50,20.778
58480,32893,63.50,20.778
58483,16233,63.50,20.778
58490,32893,63.50,20.778
58493,16233,63.50,20.778
58500,32893,63.50,20.778
58503,16233,63.50,20.778
58510,32893,63.50,20.778
58513,16233,63.50,20.778
58520,32893,63.50,20.778
58524,16233,63.50,20.778
58530,32893,63.50,20.778
58533,16233,63.50,20.778
58540,32893,63.50,20.778
58544,16233,63.50,20.778
58550,32893,63.50,20.778
58553,16233,63.50,20.778
58560,32893,63.50,20.778
58563,16233,63.50,20.778
58570,32893,63.50,20.778
58573,16233,63.50,20.778
58580,32893,63.50,20.778
58583,16233,63.50,20.778
58590,32893,63.50,20.778
58593,16233,63.50,20.778
58601,32893,63.50,20.778
58603,16233,63.50,20.778
58610,32893,63.50,20.778
58613,16233,63.50,20.778
58621,32893,63.50,20.778
58623,16233,63.50,20.778
58630,32893,63.50,20.778
58633,16233,63.50,20.778
58640,32893,63.50,20.778
58644,16233,63.50,20.778
58651,32893,63.50,20.778
58653,16233,63.50,20.778
58660,32893,63.50,20.778
58663,16233,63.50,20.778
58670,32893,63.50,20.778
58673,16233,63.50,20.778
58680,32893,63.50,20.778
58683,16233,63.50,20.778
58690,32893,63.50,20.778
58693,16233,63.50,20.778
58701,32893,63.50,20.778
58703,16233,63.50,20.778
58711,32893,63.50,20.778
58713,16233,63.50,20.778
58721,32893,63.50,20.778
58723,16233,63.50,20.778
58730,32893,63.50,20.778
58733,16233,63.50,20.778
58740,32893,63.50,20.778
58744,16233,63.50,20.778
58751,32893,63.50,20.778
58753,16233,63.50,20.778
58760,32893,63.50,20.778
58763,16233,63.50,20.778
58770,32893,63.50,20.778
58773,16233,63.50,20.778
58780,32893,63.50,20.778
58783,16233,63.50,20.778
58790,32893,63.50,20.778
58793,16233,63.50,20.778
58801,32893,63.50,20.778
58803,16233,63.50,20.778
58810,32893,63.50,20.778
58813,16233,63.50,20.778
58820,32893,63.50,20.778
58823,16233,63.50,20.778
58831,32893,63.50,20.778
58833,16233,63.50,20.778
58840,32893,63.50,20.778
58843,16233,63.50,20.778
58850,32893,63.50,20.778
58853,16233,63.50,20.778
58860,32893,63.50,20.778
58864,16233,63.50,20.778
58870,32893,63.50,20.778
58873,16233,63.50,20.778
58880,32893,63.50,20.778
58883,16233,63.50,20.778
58890,32893,63.50,20.778
58894,16233,63.50,20.778
58900,32893,63.50,20.778
58903,16233,63.50,20.778
58910,32893,63.50,20.778
58913,16233,63.50,20.778
58921,32893,63.50,20.778
58923,16233,63.50,20.778
58930,32893,63.50,20.778
58933,16233,63.50,20.778
58941,32893,63.50,20.778
58943,16233,63.50,20.778
58950,32893,63.50,20.778
58953,16233,63.50,20.778
58960,32893,63.50,20.778
58963,16233,63.50,20.778
58971,32893,63.50,20.778
58973,16233,63.50,20.778
58980,32893,63.50,20.778
58983,16233,63.50,20.778
58990,32893,63.50,20.778
58993,16233,63.50,20.778
59000,32893,63.50,20.778
59003,16233,63.50,20.778
59010,32893,63.50,20.778
59013,16233,63.50,20.778
59020,32893,63.50,20.778
59023,16233,63.50,20.778
59030,32893,63.50,20.778
59033,16233,63.50,20.778
59041,32893,63.50,20.778
59043,16233,63.50,20.778
59050,32893,63.50,20.778
59053,16233,63.50,20.778
59060,32893,63.50,20.778
59063,16233,63.50,20.778
59070,32893,63.50,20.778
59073,16233,63.50,20.778
59080,32893,63.50,20.778
59083,16233,63.50,20.778
59091,32893,63.50,20.778
59093,16233,63.50,20.778
59101,32893,63.50,20.778
59103,16233,63.50,20.778
59110,32893,63.50,20.778
59113,16233,63.50,20.778
59120,32893,63.50,20.778
59123,16233,63.50,20.778
59131,32893,63.50,20.778
59134,16233,63.50,20.778
59140,32893,63.50,20.778
59143,16233,63.50,20.778
59151,32893,63.50,20.778
59153,16233,63.50,20.778
59161,32893,63.50,20.778
59163,16233,63.50,20.778
59170,32893,63.50,20.778
59173,16233,63.50,20.778
59180,32893,63.50,20.778
59183,16233,63.50,20.778
59190,32893,63.50,20.778
59194,16233,63.50,20.778
59201,32893,63.50,20.778
59203,16233,63.50,20.778
59210,32893,63.50,20.778
59214,16233,63.50,20.778
59220,32893,63.50,20.778
59223,16233,63.50,20.778
59231,32893,63.50,20.778
59233,16233,63.50,20.778
59241,32893,63.50,20.778
59244,16233,63.50,20.778
59250,32893,63.50,20.778
59253,16233,63.50,20.778
59261,32893,63.50,20.778
59263,16233,63.50,20.778
59270,32893,63.50,20.778
59273,16233,63.50,20.778
59280,32893,63.50,20.778
59283,16233,63.50,20.778
59290,32893,63.50,20.778
59293,16233,63.50,20.778
59301,32893,63.50,20.778
59303,16233,63.50,20.778
59311,32893,63.50,20.778
59313,16233,63.50,20.778
59320,32893,63.50,20.778
59323,16233,63.50,20.778
59330,32893,63.50,20.778
59333,16233,63.50,20.778
59340,32893,63.50,20.778
59343,16233,63.50,20.778
59351,32893,63.50,20.778
59353,16233,63.50,20.778
59360,32893,63.50,20.778
59363,16233,63.50,20.778
59370,32893,63.50,20.778
59373,16233,63.50,20.778
59380,32893,63.50,20.778
59383,16233,63.50,20.778
59391,32893,63.50,20.778
59393,16233,63.50,20.778
59400,32893,63.50,20.778
59403,16233,63.50,20.778
59410,32893,63.50,20.778
59413,16233,63.50,20.778
59421,32893,63.50,20.778
59423,16233,63.50,20.778
59431,32893,63.50,20.778
59433,16233,63.50,20.778
59440,32893,63.50,20.778
59443,16233,63.50,20.778
59450,32893,63.50,20.778
59453,16233,63.50,20.778
59460,32893,63.50,20.778
59463,16233,63.50,20.778
59471,32893,63.50,20.778
59473,16233,63.50,20.778
59481,32893,63.50,20.778
59483,16233,63.50,20.778
59491,32893,63.50,20.778
59493,16233,63.50,20.778
59501,32893,63.50,20.778
59503,16233,63.50,20.778
59511,32893,63.50,20.778
59513,16233,63.50,20.778
59520,32893,63.50,20.778
59523,16233,63.50,20.778
59531,32893,63.50,20.778
59533,16233,63.50,20.778
59540,32893,63.50,20.778
59544,16233,63.50,20.778
59550,32893,63.50,20.778
59553,16233,63.50,20.778
59560,32893,63.50,20.778
59564,16233,63.50,20.778
59570,32893,63.50,20.778
59573,16233,63.50,20.778
59580,32893,63.50,20.778
59583,16233,63.50,20.778
59591,32893,63.50,20.778
59593,16233,63.50,20.778
59601,32893,63.50,20.778
59603,16233,63.50,20.778
59610,32893,63.50,20.778
59613,16233,63.50,20.778
59620,32893,63.50,20.778
59624,16233,63.50,20.778
59631,32893,63.50,20.778
59633,16233,63.50,20.778
59641,32893,63.50,20.778
59643,16233,63.50,20.778
59650,32893,63.50,20.778
59654,16233,63.50,20.778
59660,32893,63.50,20.778
59664,16233,63.50,20.778
59671,32893,63.50,20.778
59673,16233,63.50,20.778
59681,32893,63.50,20.778
59683,16233,63.50,20.778
59691,32893,63.50,20.778
59693,16233,63.50,20.778
59701,32893,63.50,20.778
59703,16233,63.50,20.778
59711,32893,63.50,20.778
59713,16233,63.50,20.778
59720,32893,63.50,20.778
59724,16233,63.50,20.778
59730,32893,63.50,20.778
59733,16233,63.50,20.778
59740,32893,63.50,20.778
59743,16233,63.50,20.778
59751,32893,63.50,20.778
59753,16233,63.50,20.778
59760,32893,63.50,20.778
59763,16233,63.50,20.778
59771,32893,63.50,20.778
59773,16233,63.50,20.778
59780,32893,63.50,20.778
59783,16233,63.50,20.778
59790,32893,63.50,20.778
59793,16233,63.50,20.778
59800,32893,63.50,20.778
59804,16233,63.50,20.778
59810,32893,63.50,20.778
59813,16233,63.50,20.778
59820,32893,63.50,20.778
59823,16233,63.50,20.778
59831,32893,63.50,20.778
59833,16233,63.50,20.778
59840,32893,63.50,20.778
59843,16233,63.50,20.778
59851,32893,63.50,20.778
59853,16233,63.50,20.778
59860,32893,63.50,20.778
59863,16233,63.50,20.778
59870,32893,63.50,20.778
59873,16233,63.50,20.778
59880,32893,63.50,20.778
59883,16233,63.50,20.778
59890,32893,63.50,20.778
59893,16233,63.50,20.778
59901,32893,63.50,20.778
59903,16233,63.50,20.778
59911,32893,63.50,20.778
59913,16233,63.50,20.778
59920,32893,63.50,20.778
59923,16233,63.50,20.778
59930,32893,63.50,20.778
59933,16233,63.50,20.778
59940,32893,63.50,20.778
59943,16233,63.50,20.778
59950,32893,63.50,20.778
59953,16233,63.50,20.778
59960,32893,63.50,20.778
59963,16233,63.50,20.778
59970,32893,63.50,20.778
59973,16233,63.50,20.778
59981,32893,63.50,20.778
59983,16233,63.50,20.778
59990,32893,63.50,20.778
59993,16233,63.50,20.778
60000,32893,63.50,20.778
60003,16233,63.50,20.778
60010,32893,63.50,20.778
60013,16233,63.50,20.778
60020,32893,63.50,20.778
60023,16233,63.50,20.778
60030,32893,63.50,20.778
60033,16233,63.50,20.778
60040,32893,63.50,20.778
60043,16233,63.50,20.778
60050,32893,63.50,20.778
60053,16233,63.50,20.778
60060,32893,63.50,20.778
60063,16233,63.50,20.778
60070,32893,63.50,20.778
60074,16233,63.50,20.778
60080,32893,63.50,20.778
60083,16233,63.50,20.778
60091,32893,63.50,20.778
60094,16233,63.50,20.778
60100,32893,63.50,20.778
60103,16233,63.50,20.778
60110,32893,63.50,20.778
60113,16233,63.50,20.778
60120,32893,63.50,20.778
60123,16233,63.50,20.778
60131,32893,63.50,20.778
60133,16233,63.50,20.778
60140,32893,63.50,20.778
60143,16233,63.50,20.778
60151,32893,63.50,20.778
60153,16233,63.50,20.778
60160,32893,63.50,20.778
60163,16233,63.50,20.778
60170,32893,63.50,20.778
60173,16233,63.50,20.778
60181,32893,63.50,20.778
60186,16233,63.50,20.778
60191,32893,63.50,20.778
60193,16233,63.50,20.778
60200,32893,63.50,20.778
60203,16233,63.50,20.778
60211,32893,63.50,20.778
60213,16233,63.50,20.778
60221,32893,63.50,20.778
60224,16233,63.50,20.778
60231,32893,63.50,20.778
60233,16233,63.50,20.778
60241,32893,63.50,20.778
60244,16233,63.50,20.778
60251,32893,63.50,20.778
60254,16233,63.50,20.778
60261,32893,63.50,20.778
60263,16233,63.50,20.778
60271,32893,63.50,20.778
60273,16233,63.50,20.778
60281,32893,63.50,20.778
60283,16233,63.50,20.778
60291,32893,63.50,20.778
60293,16233,63.50,20.778
60301,32893,63.50,20.778
60304,16233,63.50,20.778
60310,32893,63.50,20.778
60313,16233,63.50,20.778
60322,32893,63.50,20.778
60323,16233,63.50,20.778
60331,32893,63.50,20.778
60333,16233,63.50,20.778
60340,32893,63.50,20.778
60343,16233,63.50,20.778
60351,32893,63.50,20.778
60353,16233,63.50,20.778
60361,32893,63.50,20.778
60363,16233,63.50,20.778
60370,32893,63.50,20.778
60373,16233,63.50,20.778
60380,32893,63.50,20.778
60383,16233,63.50,20.778
60391,32893,63.50,20.778
60393,16233,63.50,20.778
60401,32893,63.50,20.778
60403,16233,63.50,20.778
60410,32893,63.50,20.778
60413,16233,63.50,20.778
60420,32893,63.50,20.778
60424,16233,63.50,20.778
60430,32893,63.50,20.778
60433,16233,63.50,20.778
60440,32893,63.50,20.778
60443,16233,63.50,20.778
60451,32893,63.50,20.778
60453,16233,63.50,20.778
60460,32893,63.50,20.778
60463,16233,63.50,20.778
60470,32893,63.50,20.778
60473,16233,63.50,20.778
60480,32893,63.50,20.778
60484,16233,63.50,20.778
60491,32893,63.50,20.778
60493,16233,63.50,20.778
60500,32893,63.50,20.778
60503,16233,63.50,20.778
60511,32893,63.50,20.778
60513,16233,63.50,20.778
60520,32893,63.50,20.778
60523,16233,63.50,20.778
60530,32893,63.50,20.778
60533,16233,63.50,20.778
60540,32893,63.50,20.778
60543,16233,63.50,20.778
60550,32893,63.50,20.778
60553,16233,63.50,20.778
60560,32893,63.50,20.778
60563,16233,63.50,20.778
60571,32893,63.50,20.778
60573,16233,63.50,20.778
60581,32893,63.50,20.778
60583,16233,63.50,20.778
60590,32893,63.50,20.778
60593,16233,63.50,20.778
60600,32893,63.50,20.778
60603,16233,63.50,20.778
60610,32893,63.50,20.778
60613,16233,63.50,20.778
60620,32893,63.50,20.778
60623,16233,63.50,20.778
60630,32893,63.50,20.778
60633,16233,63.50,20.778
60640,32893,63.50,20.778
60643,16233,63.50,20.778
60650,32893,63.50,20.778
60653,16233,63.50,20.778
60660,32893,63.50,20.778
60663,16233,63.50,20.778
60671,32893,63.50,20.778
60673,16233,63.50,20.778
60681,32893,63.50,20.778
60683,16233,63.50,20.778
60690,32893,63.50,20.778
60693,16233,63.50,20.778
60700,32893,63.50,20.778
60703,16233,63.50,20.778
60710,32893,63.50,20.778
60713,16233,63.50,20.778
60720,32893,63.50,20.778
60723,16233,63.50,20.778
60730,32893,63.50,20.778
60733,16233,63.50,20.778
60740,32893,63.50,20.778
60743,16233,63.50,20.778
60750,32893,63.50,20.778
60753,16233,63.50,20.778
60760,32893,63.50,20.778
60763,16233,63.50,20.778
60770,32893,63.50,20.778
60773,16233,63.50,20.778
60781,32893,63.50,20.778
60783,16233,63.50,20.778
60790,32893,63.50,20.778
60793,16233,63.50,20.778
60801,32893,63.50,20.778
60803,16233,63.50,20.778
60810,32893,63.50,20.778
60813,16233,63.50,20.778
60820,32893,63.50,20.778
60823,16233,63.50,20.778
60831,32893,63.50,20.778
60833,16233,63.50,20.778
60840,32893,63.50,20.778
60843,16233,63.50,20.778
60851,32893,63.50,20.778
60853,16233,63.50,20.778
60860,32893,63.50,20.778
60863,16233,63.50,20.778
60871,32893,63.50,20.778
60873,16233,63.50,20.778
60880,32893,63.50,20.778
60883,16233,63.50,20.778
60890,32893,63.50,20.778
60893,16233,63.50,20.778
60901,32893,63.50,20.778
60903,16233,63.50,20.778
60910,32893,63.50,20.778
60913,16233,63.50,20.778
60921,32893,63.50,20.778
60923,16233,63.50,20.778
60930,32893,63.50,20.778
60933,16233,63.50,20.778
60940,32893,63.50,20.778
60943,16233,63.50,20.778
60951,32893,63.50,20.778
60953,16233,63.50,20.778
60960,32893,63.50,20.778
60963,16233,63.50,20.778
60970,32893,63.50,20.778
60973,16233,63.50,20.778
60981,32893,63.50,20.778
60983,16233,63.50,20.778
60991,32893,63.50,20.778
60993,16233,63.50,20.778
61000,32893,63.50,20.778
61003,16233,63.50,20.778
61011,32893,63.50,20.778
61013,16233,63.50,20.778
61021,32893,63.50,20.778
61023,16233,63.50,20.778
61030,32893,63.50,20.778
61033,16233,63.50,20.778
61040,32893,63.50,20.778
61043,16233,63.50,20.778
61051,32893,63.50,20.778
61053,16233,63.50,20.778
61061,32893,63.50,20.778
61063,16233,63.50,20.778
61071,32893,63.50,20.778
61073,16233,63.50,20.778
61081,32893,63.50,20.778
61083,16233,63.50,20.778
61091,32893,63.50,20.778
61094,16233,63.50,20.778
61100,32893,63.50,20.778
61103,16233,63.50,20.778
61110,32893,63.50,20.778
61113,16233,63.50,20.778
61121,32893,63.50,20.778
61123,16233,63.50,20.778
61131,32893,63.50,20.778
61133,16233,63.50,20.778
61141,32893,63.50,20.778
61143,16233,63.50,20.778
61151,32893,63.50,20.778
61153,16233,63.50,20.778
61161,32893,63.50,20.778
61163,16233,63.50,20.778
61171,32893,63.50,20.778
61173,16233,63.50,20.778
61181,32893,63.50,20.778
61183,16233,63.50,20.778
61191,32893,63.50,20.778
61193,16233,63.50,20.778
61200,32893,63.50,20.778
61203,16233,63.50,20.778
61211,32893,63.50,20.778
61213,16233,63.50,20.778
61221,32893,63.50,20.778
61223,16233,63.50,20.778
61231,32893,63.50,20.778
61233,16233,63.50,20.778
61240,32893,63.50,20.778
61243,16233,63.50,20.778
61251,32893,63.50,20.778
61253,16233,63.50,20.778
61261,32893,63.50,20.778
61263,16233,63.50,20.778
61270,32893,63.50,20.778
61273,16233,63.50,20.778
61281,32893,63.50,20.778
61283,16233,63.50,20.778
61290,32893,63.50,20.778
61293,16233,63.50,20.778
61300,32893,63.50,20.778
61303,16233,63.50,20.778
61311,32893,63.50,20.778
61313,16233,63.50,20.778
61321,32893,63.50,20.778
61323,16233,63.50,20.778
61331,32893,63.50,20.778
61333,16233,63.50,20.778
61340,32893,63.50,20.778
61344,16233,63.50,20.778
61351,32893,63.50,20.778
61353,16233,63.50,20.778
61361,32893,63.50,20.778
61363,16233,63.50,20.778
61370,32893,63.50,20.778
61373,16233,63.50,20.778
61380,32893,63.50,20.778
61383,16233,63.50,20.778
61390,32893,63.50,20.778
61393,16233,63.50,20.778
61400,32893,63.50,20.778
61403,16233,63.50,20.778
61411,32893,63.50,20.778
61413,16233,63.50,20.778
61420,32893,63.50,20.778
61423,16233,63.50,20.778
61430,32893,63.50,20.778
61433,16233,63.50,20.778
61440,32893,63.50,20.778
61443,16233,63.50,20.778
61450,32893,63.50,20.778
61453,16233,63.50,20.778
61461,32893,63.50,20.778
61463,16233,63.50,20.778
61471,32893,63.50,20.778
61473,16233,63.50,20.778
61480,32893,63.50,20.778
61483,16233,63.50,20.778
61490,32893,63.50,20.778
61493,16233,63.50,20.778
61501,32893,63.50,20.778
61503,16233,63.50,20.778
61510,32893,63.50,20.778
61513,16233,63.50,20.778
61520,32893,63.50,20.778
61523,16233,63.50,20.778
61530,32893,63.50,20.778
61533,16233,63.50,20.778
61540,32893,63.50,20.778
61543,16233,63.50,20.778
61550,32893,63.50,20.778
61553,16233,63.50,20.778
61560,32893,63.50,20.778
61563,16233,63.50,20.778
61570,32893,63.50,20.778
61573,16233,63.50,20.778
61581,32893,63.50,20.778
61583,16233,63.50,20.778
61590,32893,63.50,20.778
61593,16233,63.50,20.778
61600,32893,63.50,20.778
61603,16233,63.50,20.778
61610,32893,63.50,20.778
61613,16233,63.50,20.778
61620,32893,63.50,20.778
61623,16233,63.50,20.778
61630,32893,63.50,20.778
61633,16233,63.50,20.778
61640,32893,63.50,20.778
61643,16233,63.50,20.778
61650,32893,63.50,20.778
61653,16233,63.50,20.778
61660,32893,63.50,20.778
61664,16233,63.50,20.778
61670,32893,63.50,20.778
61673,16233,63.50,20.778
61680,32893,63.50,20.778
61683,16233,63.50,20.778
61690,32893,63.50,20.778
61693,16233,63.50,20.778
61700,32893,63.50,20.778
61703,16233,63.50,20.778
61710,32893,63.50,20.778
61713,16233,63.50,20.778
61720,32893,63.50,20.778
61723,16233,63.50,20.778
61730,32893,63.50,20.778
61733,16233,63.50,20.778
61740,32893,63.50,20.778
61743,16233,63.50,20.778
61750,32893,63.50,20.778
61754,16233,63.50,20.778
61761,32893,63.50,20.778
61763,16233,63.50,20.778
61771,32893,63.50,20.778
61773,16233,63.50,20.778
61780,32893,63.50,20.778
61783,16233,63.50,20.778
61791,32893,63.50,20.778
61793,16233,63.50,20.778
61800,32893,63.50,20.778
61803,16233,63.50,20.778
61810,32893,63.50,20.778
61813,16233,63.50,20.778
61820,32893,63.50,20.778
61823,16233,63.50,20.778
61830,32893,63.50,20.778
61833,16233,63.50,20.778
61840,32893,63.50,20.778
61843,16233,63.50,20.778
61851,32893,63.50,20.778
61853,16233,63.50,20.778
61860,32893,63.50,20.778
61863,16233,63.50,20.778
61870,32893,63.50,20.778
61873,16233,63.50,20.778
61880,32893,63.50,20.778
61883,16233,63.50,20.778
61890,32893,63.50,20.778
61893,16233,63.50,20.778
61901,32893,63.50,20.778
61903,16233,63.50,20.778
61910,32893,63.50,20.778
61913,16233,63.50,20.778
61920,32893,63.50,20.778
61923,16233,63.50,20.778
61930,32893,63.50,20.778
61933,16233,63.50,20.778
61940,32893,63.50,20.778
61943,16233,63.50,20.778
61950,32893,63.50,20.778
61953,16233,63.50,20.778
61960,32893,63.50,20.778
61963,16233,63.50,20.778
61970,32893,63.50,20.778
61973,16233,63.50,20.778
61980,32893,63.50,20.778
61983,16233,63.50,20.778
61990,32893,63.50,20.778
61993,16233,63.50,20.778
62000,32893,63.50,20.778
62003,16233,63.50,20.778
62011,32893,63.50,20.778
62013,16233,63.50,20.778
62020,32893,63.50,20.778
62023,16233,63.50,20.778
62030,32893,63.50,20.778
62033,16233,63.50,20.778
62040,32893,63.50,20.778
62043,16233,63.50,20.778
62050,32893,63.50,20.778
62053,16233,63.50,20.778
62060,32893,63.50,20.778
62063,16233,63.50,20.778
62071,32893,63.50,20.778
62073,16233,63.50,20.778
62081,32893,63.50,20.778
62083,16233,63.50,20.778
62090,32893,63.50,20.778
62093,16233,63.50,20.778
62100,32893,63.50,20.778
62103,16233,63.50,20.778
62110,32893,63.50,20.778
62113,16233,63.50,20.778
62120,32893,63.50,20.778
62123,16233,63.50,20.778
62130,32893,63.50,20.778
62133,16233,63.50,20.778
62140,32893,63.50,20.778
62143,16233,63.50,20.778
62150,32893,63.50,20.778
62153,16233,63.50,20.778
62160,32893,63.50,20.778
62163,16233,63.50,20.778
62170,32893,63.50,20.778
62173,16233,63.50,20.778
62180,32893,63.50,20.778
62183,16233,63.50,20.778
62190,32893,63.50,20.778
62193,16233,63.50,20.778
62200,32893,63.50,20.778
62203,16233,63.50,20.778
62211,32893,63.50,20.778
62213,16233,63.50,20.778
62221,32893,63.50,20.778
62223,16233,63.50,20.778
62231,32893,63.50,20.778
62233,16233,63.50,20.778
62240,32893,63.50,20.778
62243,16233,63.50,20.778
62251,32893,63.50,20.778
62254,16233,63.50,20.778
62260,32893,63.50,20.778
62263,16233,63.50,20.778
62270,32893,63.50,20.778
62273,16233,63.50,20.778
62281,32893,63.50,20.778
62283,16233,63.50,20.778
62290,32893,63.50,20.778
62293,16233,63.50,20.778
62301,32893,63.50,20.778
62303,16233,63.50,20.778
62310,32893,63.50,20.778
62313,16233,63.50,20.778
62320,32893,63.50,20.778
62324,16233,63.50,20.778
62330,32893,63.50,20.778
62333,16233,63.50,20.778
62341,32893,63.50,20.778
62343,16233,63.50,20.778
62351,32893,63.50,20.778
62353,16233,63.50,20.778
62360,32893,63.50,20.778
62363,16233,63.50,20.778
62370,32893,63.50,20.778
62373,16233,63.50,20.778
62380,32893,63.50,20.778
62383,16233,63.50,20.778
62391,32893,63.50,20.778
62393,16233,63.50,20.778
62400,32893,63.50,20.778
62403,16233,63.50,20.778
62410,32893,63.50,20.778
62413,16233,63.50,20.778
62420,32893,63.50,20.778
62423,16233,63.50,20.778
62430,32893,63.50,20.778
62434,16233,63.50,20.778
62441,32893,63.50,20.778
62443,16233,63.50,20.778
62450,32893,63.50,20.778
62453,16233,63.50,20.778
62461,32893,63.50,20.778
62463,16233,63.50,20.778
62471,32893,63.50,20.778
62473,16233,63.50,20.778
62480,32893,63.50,20.778
62483,16233,63.50,20.778
62490,32893,63.50,20.778
62493,16233,63.50,20.778
62500,32893,63.50,20.778
62503,16233,63.50,20.778
62511,32893,63.50,20.778
62513,16233,63.50,20.778
62521,32893,63.50,20.778
62523,16233,63.50,20.778
62530,32893,63.50,20.778
62533,16233,63.50,20.778
62540,32893,63.50,20.778
62543,16233,63.50,20.778
62550,32893,63.50,20.778
62553,16233,63.50,20.778
62561,32893,63.50,20.778
62563,16233,63.50,20.778
62570,32893,63.50,20.778
62573,16233,63.50,20.778
62581,32893,63.50,20.778
62583,16233,63.50,20.778
62591,32893,63.50,20.778
62593,16233,63.50,20.778
62601,32893,63.50,20.778
62604,16233,63.50,20.778
62611,32893,63.50,20.778
62613,16233,63.50,20.778
62621,32893,63.50,20.778
62623,16233,63.50,20.778
62631,32893,63.50,20.778
62633,16233,63.50,20.778
62641,32893,63.50,20.778
62643,16233,63.50,20.778
62651,32893,63.50,20.778
62653,16233,63.50,20.778
62661,32893,63.50,20.778
62663,16233,63.50,20.778
62670,32893,63.50,20.778
62673,16233,63.50,20.778
62681,32893,63.50,20.778
62683,16233,63.50,20.778
62690,32893,63.50,20.778
62693,16233,63.50,20.778
62700,32893,63.50,20.778
62703,16233,63.50,20.778
62710,32893,63.50,20.778
62713,16233,63.50,20.778
62721,32893,63.50,20.778
62723,16233,63.50,20.778
62730,32893,63.50,20.778
62733,16233,63.50,20.778
62740,32893,63.50,20.778
62743,16233,63.50,20.778
62753,32893,63.50,20.778
62753,16233,63.50,20.778
62760,32893,63.50,20.778
62763,16233,63.50,20.778
62770,32893,63.50,20.778
62773,16233,63.50,20.778
62781,32893,63.50,20.778
62783,16233,63.50,20.778
62791,32893,63.50,20.778
62793,16233,63.50,20.778
62802,32893,63.50,20.778
62803,16233,63.50,20.778
62810,32893,63.50,20.778
62814,16233,63.50,20.778
62821,32893,63.50,20.778
62825,16233,63.50,20.778
62831,32893,63.50,20.778
62833,16233,63.50,20.778
62841,32893,63.50,20.778
62844,16233,63.50,20.778
62850,32893,63.50,20.778
62853,16233,63.50,20.778
62861,32893,63.50,20.778
62863,16233,63.50,20.778
62871,32893,63.50,20.778
62873,16233,63.50,20.778
62880,32893,63.50,20.778
62883,16233,63.50,20.778
62891,32893,63.50,20.778
62893,16233,63.50,20.778
62900,32893,63.50,20.778
62903,16233,63.50,20.778
62911,32893,63.50,20.778
62913,16233,63.50,20.778
62920,32893,63.50,20.778
62923,16233,63.50,20.778
62930,32893,63.50,20.778
62933,16233,63.50,20.778
62940,32893,63.50,20.778
62943,16233,63.50,20.778
62950,32893,63.50,20.778
62953,16233,63.50,20.778
62961,32893,63.50,20.778
62963,16233,63.50,20.778
62970,32893,63.50,20.778
62973,16233,63.50,20.778
62980,32893,63.50,20.778
62984,16233,63.50,20.778
62990,32893,63.50,20.778
62993,16233,63.50,20.778
63000,32893,63.50,20.778
63003,16233,63.50,20.778
63010,32893,63.50,20.778
63013,16233,63.50,20.778
63020,32893,63.50,20.778
63023,16233,63.50,20.778
63030,32893,63.50,20.778
63034,16233,63.50,20.778
63041,32893,63.50,20.778
63043,16233,63.50,20.778
63050,32893,63.50,20.778
63053,16233,63.50,20.778
63060,32893,63.50,20.778
63063,16233,63.50,20.778
63070,32893,63.50,20.778
63073,16233,63.50,20.778
63080,32893,63.50,20.778
63083,16233,63.50,20.778
63090,32893,63.50,20.778
63093,16233,63.50,20.778
63100,32893,63.50,20.778
63103,16233,63.50,20.778
63110,32893,63.50,20.778
63113,16233,63.50,20.778
63121,32893,63.50,20.778
63123,16233,63.50,20.778
63131,32893,63.50,20.778
63133,16233,63.50,20.778
63140,32893,63.50,20.778
63143,16233,63.50,20.778
63151,32893,63.50,20.778
63153,16233,63.50,20.778
63160,32893,63.50,20.778
63163,16233,63.50,20.778
63170,32893,63.50,20.778
63173,16233,63.50,20.778
63180,32893,63.50,20.778
63183,16233,63.50,20.778
63190,32893,63.50,20.778
63193,16233,63.50,20.778
63200,32893,63.50,20.778
63203,16233,63.50,20.778
63211,32893,63.50,20.778
63213,16233,63.50,20.778
63221,32893,63.50,20.778
63223,16233,63.50,20.778
63231,32893,63.50,20.778
63233,16233,63.50,20.778
63240,32893,63.50,20.778
63243,16233,63.50,20.778
63250,32893,63.50,20.778
63253,16233,63.50,20.778
63260,32893,63.50,20.778
63264,16233,63.50,20.778
63270,32893,63.50,20.778
63273,16233,63.50,20.778
63280,32893,63.50,20.778
63283,16233,63.50,20.778
63291,32893,63.50,20.778
63293,16233,63.50,20.778
63302,32893,63.50,20.778
63303,16233,63.50,20.778
63311,32893,63.50,20.778
63313,16233,63.50,20.778
63321,32893,63.50,20.778
63323,16233,63.50,20.778
63330,32893,63.50,20.778
63333,16233,63.50,20.778
63341,32893,63.50,20.778
63343,16233,63.50,20.778
63351,32893,63.50,20.778
63353,16233,63.50,20.778
63361,32893,63.50,20.778
63363,16233,63.50,20.778
63370,32893,63.50,20.778
63373,16233,63.50,20.778
63380,32893,63.50,20.778
63383,16233,63.50,20.778
63391,32893,63.50,20.778
63393,16233,63.50,20.778
63400,32893,63.50,20.778
63403,16233,63.50,20.778
63410,32893,63.50,20.778
63413,16233,63.50,20.778
63420,32893,63.50,20.778
63423,16233,63.50,20.778
63430,32893,63.50,20.778
63433,16233,63.50,20.778
63441,32893,63.50,20.778
63443,16233,63.50,20.778
63450,32893,63.50,20.778
63453,16233,63.50,20.778
63460,32893,63.50,20.778
63463,16233,63.50,20.778
63470,32893,63.50,20.778
63473,16233,63.50,20.778
63480,32893,63.50,20.778
63483,16233,63.50,20.778
63490,32893,63.50,20.778
63494,16233,63.50,20.778
63500,32893,63.50,20.778
63503,16233,63.50,20.778
63510,32893,63.50,20.778
63513,16233,63.50,20.778
63520,32893,63.50,20.778
63523,16233,63.50,20.778
63530,32893,63.50,20.778
63533,16233,63.50,20.778
63541,32893,63.50,20.778
63543,16233,63.50,20.778
63551,32893,63.50,20.778
63553,16233,63.50,20.778
63560,32893,63.50,20.778
63564,16233,63.50,20.778
63570,32893,63.50,20.778
63573,16233,63.50,20.778
63581,32893,63.50,20.778
63583,16233,63.50,20.778
63590,32893,63.50,20.778
63593,16233,63.50,20.778
63600,32893,63.50,20.778
63603,16233,63.50,20.778
63610,32893,63.50,20.778
63613,16233,63.50,20.778
63620,32893,63.50,20.778
63623,16233,63.50,20.778
63630,32893,63.50,20.778
63633,16233,63.50,20.778
63641,32893,63.50,20.778
63643,16233,63.50,20.778
63650,32893,63.50,20.778
63653,16233,63.50,20.778
63660,32893,63.50,20.778
63663,16233,63.50,20.778
63670,32893,63.50,20.778
63673,16233,63.50,20.778
63681,32893,63.50,20.778
63683,16233,63.50,20.778
63690,32893,63.50,20.778
63693,16233,63.50,20.778
63701,32893,63.50,20.778
63703,16233,63.50,20.778
63711,32893,63.50,20.778
63713,16233,63.50,20.778
63721,32893,63.50,20.778
63723,16233,63.50,20.778
63731,32893,63.50,20.778
63733,16233,63.50,20.778
63741,32893,63.50,20.778
63743,16233,63.50,20.778
63750,32893,63.50,20.778
63753,16233,63.50,20.778
63761,32893,63.50,20.778
63763,16233,63.50,20.778
63771,32893,63.50,20.778
63773,16233,63.50,20.778
63780,32893,63.50,20.778
63783,16233,63.50,20.778
63790,32893,63.50,20.778
63793,16233,63.50,20.778
63800,32893,63.50,20.778
63803,16233,63.50,20.778
63810,32893,63.50,20.778
63813,16233,63.50,20.778
63820,32893,63.50,20.778
63823,16233,63.50,20.778
63831,32893,63.50,20.778
63833,16233,63.50,20.778
63840,32893,63.50,20.778
63843,16233,63.50,20.778
63851,32893,63.50,20.778
63853,16233,63.50,20.778
63860,32893,63.50,20.778
63863,16233,63.50,20.778
63870,32893,63.50,20.778
63873,16233,63.50,20.778
63880,32893,63.50,20.778
63883,16233,63.50,20.778
63891,32893,63.50,20.778
63893,16233,63.50,20.778
63900,32893,63.50,20.778
63903,16233,63.50,20.778
63910,32893,63.50,20.778
63913,16233,63.50,20.778
63921,32893,63.50,20.778
63923,16233,63.50,20.778
63930,32893,63.50,20.778
63933,16233,63.50,20.778
63940,32893,63.50,20.778
63943,16233,63.50,20.778
63951,32893,63.50,20.778
63953,16233,63.50,20.778
63960,32893,63.50,20.778
63963,16233,63.50,20.778
63970,32893,63.50,20.778
63973,16233,63.50,20.778
63981,32893,63.50,20.778
63983,16233,63.50,20.778
63991,32893,63.50,20.778
63993,16233,63.50,20.778
64000,32893,63.50,20.778
64003,16233,63.50,20.778
64010,32893,63.50,20.778
64013,16233,63.50,20.778
64020,32893,63.50,20.778
64023,16233,63.50,20.778
64031,32893,63.50,20.778
64033,16233,63.50,20.778
64041,32893,63.50,20.778
64043,16233,63.50,20.778
64051,32893,63.50,20.778
64053,16233,63.50,20.778
64060,32893,63.50,20.778
64063,16233,63.50,20.778
64070,32893,63.50,20.778
64073,16233,63.50,20.778
64081,32893,63.50,20.778
64083,16233,63.50,20.778
64090,32893,63.50,20.778
64093,16233,63.50,20.778
64100,32893,63.50,20.778
64103,16233,63.50,20.778
64110,32893,63.50,20.778
64113,16233,63.50,20.778
64120,32893,63.50,20.778
64123,16233,63.50,20.778
64131,32893,63.50,20.778
64133,16233,63.50,20.778
64140,32893,63.50,20.778
64143,16233,63.50,20.778
64151,32893,63.50,20.778
64153,16233,63.50,20.778
64161,32893,63.50,20.778
64163,16233,63.50,20.778
64170,32893,63.50,20.778
64173,16233,63.50,20.778
64180,32893,63.50,20.778
64183,16233,63.50,20.778
64191,32893,63.50,20.778
64193,16233,63.50,20.778
64200,32893,63.50,20.778
64203,16233,63.50,20.778
64210,32893,63.50,20.778
64213,16233,63.50,20.778
64221,32893,63.50,20.778
64223,16233,63.50,20.778
64230,32893,63.50,20.778
64233,16233,63.50,20.778
64240,32893,63.50,20.778
64243,16233,63.50,20.778
64250,32893,63.50,20.778
64253,16233,63.50,20.778
64260,32893,63.50,20.778
64263,16233,63.50,20.778
64270,32893,63.50,20.778
64273,16233,63.50,20.778
64280,32893,63.50,20.778
64283,16233,63.50,20.778
64290,32893,63.50,20.778
64293,16233,63.50,20.778
64301,32893,63.50,20.778
64303,16233,63.50,20.778
64310,32893,63.50,20.778
64313,16233,63.50,20.778
64320,32893,63.50,20.778
64323,16233,63.50,20.778
64330,32893,63.50,20.778
64333,16233,63.50,20.778
64340,32893,63.50,20.778
64343,16233,63.50,20.778
64350,32893,63.50,20.778
64353,16233,63.50,20.778
64360,32893,63.50,20.778
64363,16233,63.50,20.778
64370,32893,63.50,20.778
64373,16233,63.50,20.778
64380,32893,63.50,20.778
64383,16233,63.50,20.778
64390,32893,63.50,20.778
64393,16233,63.50,20.778
64400,32893,63.50,20.778
64403,16233,63.50,20.778
64410,32893,63.50,20.778
64413,16233,63.50,20.778
64420,32893,63.50,20.778
64423,16233,63.50,20.778
64430,32893,63.50,20.778
64433,16233,63.50,20.778
64440,32893,63.50,20.778
64443,16233,63.50,20.778
64450,32893,63.50,20.778
64453,16233,63.50,20.778
64460,32893,63.50,20.778
64463,16233,63.50,20.778
64470,32893,63.50,20.778
64473,16233,63.50,20.778
64480,32893,63.50,20.778
64483,16233,63.50,20.778
64490,32893,63.50,20.778
64493,16233,63.50,20.778
64501,32893,63.50,20.778
64504,16233,63.50,20.778
64510,32893,63.50,20.778
64513,16233,63.50,20.778
64520,32893,63.50,20.778
64523,16233,63.50,20.778
64530,32893,63.50,20.778
64533,16233,63.50,20.778
64541,32893,63.50,20.778
64543,16233,63.50,20.778
64550,32893,63.50,20.778
64553,16233,63.50,20.778
64561,32893,63.50,20.778
64563,16233,63.50,20.778
64570,32893,63.50,20.778
64573,16233,63.50,20.778
64580,32893,63.50,20.778
64583,16233,63.50,20.778
64590,32893,63.50,20.778
64593,16233,63.50,20.778
64600,32893,63.50,20.778
64603,16233,63.50,20.778
64610,32893,63.50,20.778
64613,16233,63.50,20.778
64620,32893,63.50,20.778
64623,16233,63.50,20.778
64630,32893,63.50,20.778
64633,16233,63.50,20.778
64641,32893,63.50,20.778
64643,16233,63.50,20.778
64651,32893,63.50,20.778
64653,16233,63.50,20.778
64660,32893,63.50,20.778
64663,16233,63.50,20.778
64671,32893,63.50,20.778
64673,16233,63.50,20.778
64680,32893,63.50,20.778
64683,16233,63.50,20.778
64691,32893,63.50,20.778
64693,16233,63.50,20.778
64701,32893,63.50,20.778
64703,16233,63.50,20.778
64711,32893,63.50,20.778
64713,16233,63.50,20.778
64721,32893,63.50,20.778
64723,16233,63.50,20.778
64730,32893,63.50,20.778
64733,16233,63.50,20.778
64740,32893,63.50,20.778
64743,16233,63.50,20.778
64751,32893,63.50,20.778
64753,16233,63.50,20.778
64761,32893,63.50,20.778
64763,16233,63.50,20.778
64771,32893,63.50,20.778
64773,16233,63.50,20.778
64780,32893,63.50,20.778
64783,16233,63.50,20.778
64791,32893,63.50,20.778
64793,16233,63.50,20.778
64801,32893,63.50,20.778
64803,16233,63.50,20.778
64810,32893,63.50,20.778
64813,16233,63.50,20.778
64820,32893,63.50,20.778
64823,16233,63.50,20.778
64831,32893,63.50,20.778
64833,16233,63.50,20.778
64841,32893,63.50,20.778
64843,16233,63.50,20.778
64851,32893,63.50,20.778
64853,16233,63.50,20.778
64860,32893,63.50,20.778
64863,16233,63.50,20.778
64871,32893,63.50,20.778
64873,16233,63.50,20.778
64880,32893,63.50,20.778
64884,16233,63.50,20.778
64891,32893,63.50,20.778
64893,16233,63.50,20.778
64900,32893,63.50,20.778
64903,16233,63.50,20.778
64911,32893,63.50,20.778
64913,16233,63.50,20.778
64920,32893,63.50,20.778
64923,16233,63.50,20.778
64930,32893,63.50,20.778
64933,16233,63.50,20.778
64940,32893,63.50,20.778
64943,16233,63.50,20.778
64950,32893,63.50,20.778
64953,16233,63.50,20.778
64960,32893,63.50,20.778
64963,16233,63.50,20.778
64970,32893,63.50,20.778
64973,16233,63.50,20.778
64980,32893,63.50,20.778
64983,16233,63.50,20.778
64990,32893,63.50,20.778
64993,16233,63.50,20.778
65000,32893,63.50,20.778
65003,16233,63.50,20.778
65010,32893,63.50,20.778
65013,16233,63.50,20.778
65021,32893,63.50,20.778
65023,16233,63.50,20.778
65030,32893,63.50,20.778
65033,16233,63.50,20.778
65040,32893,63.50,20.778
65043,16233,63.50,20.778
65051,32893,63.50,20.778
65053,16233,63.50,20.778
65060,32893,63.50,20.778
65063,16233,63.50,20.778
65071,32893,63.50,20.778
65073,16233,63.50,20.778
65081,32893,63.50,20.778
65083,16233,63.50,20.778
65091,32893,63.50,20.778
65093,16233,63.50,20.778
65101,32893,63.50,20.778
65103,16233,63.50,20.778
65111,32893,63.50,20.778
65113,16233,63.50,20.778
65121,32893,63.50,20.778
65123,16233,63.50,20.778
65131,32893,63.50,20.778
65133,16233,63.50,20.778
65141,32893,63.50,20.778
65143,16233,63.50,20.778
65151,32893,63.50,20.778
65153,16233,63.50,20.778
65160,32893,63.50,20.778
65163,16233,63.50,20.778
65170,32893,63.50,20.778
65173,16233,63.50,20.778
65180,32893,63.50,20.778
65183,16233,63.50,20.778
65191,32893,63.50,20.778
65193,16233,63.50,20.778
65201,32893,63.50,20.778
65203,16233,63.50,20.778
65211,32893,63.50,20.778
65213,16233,63.50,20.778
65220,32893,63.50,20.778
65223,16233,63.50,20.778
65231,32893,63.50,20.778
65233,16233,63.50,20.778
65241,32893,63.50,20.778
65243,16233,63.50,20.778
65250,32893,63.50,20.778
65253,16233,63.50,20.778
65261,32893,63.50,20.778
65263,16233,63.50,20.778
65271,32893,63.50,20.778
65273,16233,63.50,20.778
65280,32893,63.50,20.778
65283,16233,63.50,20.778
65290,32893,63.50,20.778
65293,16233,63.50,20.778
65300,32893,63.50,20.778
65303,16233,63.50,20.778
65310,32893,63.50,20.778
65313,16233,63.50,20.778
65320,32893,63.50,20.778
65323,16233,63.50,20.778
65330,32893,63.50,20.778
65333,16233,63.50,20.778
65340,32893,63.50,20.778
65343,16233,63.50,20.778
65350,32893,63.50,20.778
65353,16233,63.50,20.778
65360,32893,63.50,20.778
65363,16233,63.50,20.778
65370,32893,63.50,20.778
65373,16233,63.50,20.778
65380,32893,63.50,20.778
65383,16233,63.50,20.778
65391,32893,63.50,20.778
65393,16233,63.50,20.778
65400,32893,63.50,20.778
65403,16233,63.50,20.778
65411,32893,63.50,20.778
65413,16233,63.50,20.778
65421,32893,63.50,20.778
65423,16233,63.50,20.778
65430,32893,63.50,20.778
65433,16233,63.50,20.778
65441,32893,63.50,20.778
65443,16233,63.50,20.778
65451,32893,63.50,20.778
65453,16233,63.50,20.778
65460,32893,63.50,20.778
65463,16233,63.50,20.778
65470,32893,63.50,20.778
65473,16233,63.50,20.778
65480,32893,63.50,20.778
65483,16233,63.50,20.778
65490,32893,63.50,20.778
65493,16233,63.50,20.778
65500,32893,63.50,20.778
65503,16233,63.50,20.778
65510,32893,63.50,20.778
65513,16233,63.50,20.778
65520,32893,63.50,20.778
65523,16233,63.50,20.778
65530,32893,63.50,20.778
65533,16233,63.50,20.778
65541,32893,63.50,20.778
65543,16233,63.50,20.778
65550,32893,63.50,20.778
65553,16233,63.50,20.778
65560,32893,63.50,20.778
65563,16233,63.50,20.778
65571,32893,63.50,20.778
65573,16233,63.50,20.778
65581,32893,63.50,20.778
65583,16233,63.50,20.778
65591,32893,63.50,20.778
65593,16233,63.50,20.778
65601,32893,63.50,20.778
65603,16233,63.50,20.778
65610,32893,63.50,20.778
65613,16233,63.50,20.778
65621,32893,63.50,20.778
65623,16233,63.50,20.778
65631,32893,63.50,20.778
65633,16233,63.50,20.778
65641,32893,63.50,20.778
65643,16233,63.50,20.778
65651,32893,63.50,20.778
65653,16233,63.50,20.778
65660,32893,63.50,20.778
65663,16233,63.50,20.778
65671,32893,63.50,20.778
65673,16233,63.50,20.778
65680,32893,63.50,20.778
65683,16233,63.50,20.778
65690,32893,63.50,20.778
65693,16233,63.50,20.778
65701,32893,63.50,20.778
65703,16233,63.50,20.778
65710,32893,63.50,20.778
65713,16233,63.50,20.778
65720,32893,63.50,20.778
65723,16233,63.50,20.778
65731,32893,63.50,20.778
65733,16233,63.50,20.778
65741,32893,63.50,20.778
65743,16233,63.50,20.778
65750,32893,63.50,20.778
65753,16233,63.50,20.778
65761,32893,63.50,20.778
65763,16233,63.50,20.778
65771,32893,63.50,20.778
65773,16233,63.50,20.778
65781,32893,63.50,20.778
65783,16233,63.50,20.778
65790,32893,63.50,20.778
65793,16233,63.50,20.778
65801,32893,63.50,20.778
65803,16233,63.50,20.778
65811,32893,63.50,20.778
65813,16233,63.50,20.778
65820,32893,63.50,20.778
65823,16233,63.50,20.778
65831,32893,63.50,20.778
65833,16233,63.50,20.778
65840,32893,63.50,20.778
65843,16233,63.50,20.778
65850,32893,63.50,20.778
65853,16233,63.50,20.778
65860,32893,63.50,20.778
65863,16233,63.50,20.778
65870,32893,63.50,20.778
65873,16233,63.50,20.778
65880,32893,63.50,20.778
65883,16233,63.50,20.778
65891,32893,63.50,20.778
65893,16233,63.50,20.778
65900,32893,63.50,20.778
65903,16233,63.50,20.778
65910,32893,63.50,20.778
65913,16233,63.50,20.778
65920,32893,63.50,20.778
65923,16233,63.50,20.778
65930,32893,63.50,20.778
65933,16233,63.50,20.778
65941,32893,63.50,20.778
65943,16233,63.50,20.778
65950,32893,63.50,20.778
65953,16233,63.50,20.778
65960,32893,63.50,20.778
65963,16233,63.50,20.778
65970,32893,63.50,20.778
65973,16233,63.50,20.778
65981,32893,63.50,20.778
65984,16233,63.50,20.778
65990,32893,63.50,20.778
65993,16233,63.50,20.778
66000,32893,63.50,20.778
66003,16233,63.50,20.778
66011,32893,63.50,20.778
66013,16233,63.50,20.778
66021,32893,63.50,20.778
66023,16233,63.50,20.778
66030,32893,63.50,20.778
66033,16233,63.50,20.778
66040,32893,63.50,20.778
66043,16233,63.50,20.778
66050,32893,63.50,20.778
66053,16233,63.50,20.778
66060,32893,63.50,20.778
66063,16233,63.50,20.778
66070,32893,63.50,20.778
66073,16233,63.50,20.778
66080,32893,63.50,20.778
66083,16233,63.50,20.778
66090,32893,63.50,20.778
66093,16233,63.50,20.778
66100,32893,63.50,20.778
66103,16233,63.50,20.778
66111,32893,63.50,20.778
66113,16233,63.50,20.778
66120,32893,63.50,20.778
66123,16233,63.50,20.778
66130,32893,63.50,20.778
66133,16233,63.50,20.778
66140,32893,63.50,20.778
66143,16233,63.50,20.778
66150,32893,63.50,20.778
66153,16233,63.50,20.778
66161,32893,63.50,20.778
66163,16233,63.50,20.778
66171,32893,63.50,20.778
66174,16233,63.50,20.778
66181,32893,63.50,20.778
66183,16233,63.50,20.778
66190,32893,63.50,20.778
66193,16233,63.50,20.778
66200,32893,63.50,20.778
66203,16233,63.50,20.778
66210,32893,63.50,20.778
66213,16233,63.50,20.778
66221,32893,63.50,20.778
66223,16233,63.50,20.778
66231,32893,63.50,20.778
66233,16233,63.50,20.778
66241,32893,63.50,20.778
66243,16233,63.50,20.778
66250,32893,63.50,20.778
66253,16233,63.50,20.778
66260,32893,63.50,20.778
66263,16233,63.50,20.778
66270,32893,63.50,20.778
66273,16233,63.50,20.778
66281,32893,63.50,20.778
66283,16233,63.50,20.778
66290,32893,63.50,20.778
66293,16233,63.50,20.778
66300,32893,63.50,20.778
66303,16233,63.50,20.778
66310,32893,63.50,20.778
66313,16233,63.50,20.778
66321,32893,63.50,20.778
66323,16233,63.50,20.778
66330,32893,63.50,20.778
66334,16233,63.50,20.778
66340,32893,63.50,20.778
66343,16233,63.50,20.778
66350,32893,63.50,20.778
66353,16233,63.50,20.778
66361,32893,63.50,20.778
66363,16233,63.50,20.778
66370,32893,63.50,20.778
66373,16233,63.50,20.778
66381,32893,63.50,20.778
66383,16233,63.50,20.778
66390,32893,63.50,20.778
66393,16233,63.50,20.778
66400,32893,63.50,20.778
66403,16233,63.50,20.778
66411,32893,63.50,20.778
66413,16233,63.50,20.778
66420,32893,63.50,20.778
66424,16233,63.50,20.778
66430,32893,63.50,20.778
66433,16233,63.50,20.778
66440,32893,63.50,20.778
66443,16233,63.50,20.778
66450,32893,63.50,20.778
66453,16233,63.50,20.778
66460,32893,63.50,20.778
66464,16233,63.50,20.778
66472,32893,63.50,20.778
66474,16233,63.50,20.778
66481,32893,63.50,20.778
66484,16233,63.50,20.778
66490,32893,63.50,20.778
66493,16233,63.50,20.778
66500,32893,63.50,20.778
66503,16233,63.50,20.778
66510,32893,63.50,20.778
66513,16233,63.50,20.778
66521,32893,63.50,20.778
66523,16233,63.50,20.778
66531,32893,63.50,20.778
66533,16233,63.50,20.778
66540,32893,63.50,20.778
66543,16233,63.50,20.778
66551,32893,63.50,20.778
66554,16233,63.50,20.778
66560,32893,63.50,20.778
66563,16233,63.50,20.778
66571,32893,63.50,20.778
66573,16233,63.50,20.778
66581,32893,63.50,20.778
66583,16233,63.50,20.778
66590,32893,63.50,20.778
66593,16233,63.50,20.778
66600,32893,63.50,20.778
66603,16233,63.50,20.778
66611,32893,63.50,20.778
66613,16233,63.50,20.778
66621,32893,63.50,20.778
66623,16233,63.50,20.778
66630,32893,63.50,20.778
66633,16233,63.50,20.778
66640,32893,63.50,20.778
66643,16233,63.50,20.778
66650,32893,63.50,20.778
66653,16233,63.50,20.778
66660,32893,63.50,20.778
66663,16233,63.50,20.778
66672,32893,63.50,20.778
66673,16233,63.50,20.778
66681,32893,63.50,20.778
66683,16233,63.50,20.778
66691,32893,63.50,20.778
66694,16233,63.50,20.778
66700,32893,63.50,20.778
66703,16233,63.50,20.778
66710,32893,63.50,20.778
66713,16233,63.50,20.778
66721,32893,63.50,20.778
66724,16233,63.50,20.778
66731,32893,63.50,20.778
66733,16233,63.50,20.778
66741,32893,63.50,20.778
66743,16233,63.50,20.778
66751,32893,63.50,20.778
66753,16233,63.50,20.778
66761,32893,63.50,20.778
66764,16233,63.50,20.778
66770,32893,63.50,20.778
66774,16233,63.50,20.778
66780,32893,63.50,20.778
66783,16233,63.50,20.778
66790,32893,63.50,20.778
66793,16233,63.50,20.778
66800,32893,63.50,20.778
66803,16233,63.50,20.778
66810,32893,63.50,20.778
66814,16233,63.50,20.778
66821,32893,63.50,20.778
66823,16233,63.50,20.778
66830,32893,63.50,20.778
66833,16233,63.50,20.778
66840,32893,63.50,20.778
66843,16233,63.50,20.778
66851,32893,63.50,20.778
66853,16233,63.50,20.778
66861,32893,63.50,20.778
66863,16233,63.50,20.778
66870,32893,63.50,20.778
66873,16233,63.50,20.778
66880,32893,63.50,20.778
66883,16233,63.50,20.778
66890,32893,63.50,20.778
66893,16233,63.50,20.778
66901,32893,63.50,20.778
66903,16233,63.50,20.778
66911,32893,63.50,20.778
66913,16233,63.50,20.778
66920,32893,63.50,20.778
66923,16233,63.50,20.778
66932,32893,63.50,20.778
66933,16233,63.50,20.778
66941,32893,63.50,20.778
66944,16233,63.50,20.778
66951,32893,63.50,20.778
66953,16233,63.50,20.778
66961,32893,63.50,20.778
66963,16233,63.50,20.778
66970,32893,63.50,20.778
66973,16233,63.50,20.778
66981,32893,63.50,20.778
66984,16233,63.50,20.778
66991,32893,63.50,20.778
66993,16233,63.50,20.778
67000,32893,63.50,20.778
67003,16233,63.50,20.778
67010,32893,63.50,20.778
67013,16233,63.50,20.778
67021,32893,63.50,20.778
67023,16233,63.50,20.778
67031,32893,63.50,20.778
67033,16233,63.50,20.778
67041,32893,63.50,20.778
67043,16233,63.50,20.778
67051,32893,63.50,20.778
67053,16233,63.50,20.778
67061,32893,63.50,20.778
67063,16233,63.50,20.778
67071,32893,63.50,20.778
67073,16233,63.50,20.778
67081,32893,63.50,20.778
67083,16233,63.50,20.778
67091,32893,63.50,20.778
67093,16233,63.50,20.778
67101,32893,63.50,20.778
67103,16233,63.50,20.778
67111,32893,63.50,20.778
67113,16233,63.50,20.778
67122,32893,63.50,20.778
67124,16233,63.50,20.778
67131,32893,63.50,20.778
67134,16233,63.50,20.778
67141,32893,63.50,20.778
67143,16233,63.50,20.778
67151,32893,63.50,20.778
67153,16233,63.50,20.778
67160,32893,63.50,20.778
67163,16233,63.50,20.778
67171,32893,63.50,20.778
67173,16233,63.50,20.778
67181,32893,63.50,20.778
67183,16233,63.50,20.778
67190,32893,63.50,20.778
67193,16233,63.50,20.778
67200,32893,63.50,20.778
67203,16233,63.50,20.778
67211,32893,63.50,20.778
67213,16233,63.50,20.778
67220,32893,63.50,20.778
67223,16233,63.50,20.778
67232,32893,63.50,20.778
67234,16233,63.50,20.778
67240,32893,63.50,20.778
67243,16233,63.50,20.778
67251,32893,63.50,20.778
67253,16233,63.50,20.778
67260,32893,63.50,20.778
67263,16233,63.50,20.778
67271,32893,63.50,20.778
67273,16233,63.50,20.778
67281,32893,63.50,20.778
67283,16233,63.50,20.778
67291,32893,63.50,20.778
67293,16233,63.50,20.778
67301,32893,63.50,20.778
67303,16233,63.50,20.778
67311,32893,63.50,20.778
67313,16233,63.50,20.778
67321,32893,63.50,20.778
67323,16233,63.50,20.778
67331,32893,63.50,20.778
67334,16233,63.50,20.778
67341,32893,63.50,20.778
67343,16233,63.50,20.778
67351,32893,63.50,20.778
67353,16233,63.50,20.778
67361,32893,63.50,20.778
67363,16233,63.50,20.778
67371,32893,63.50,20.778
67373,16233,63.50,20.778
67381,32893,63.50,20.778
67383,16233,63.50,20.778
67390,32893,63.50,20.778
67393,16233,63.50,20.778
67400,32893,63.50,20.778
67403,16233,63.50,20.778
67411,32893,63.50,20.778
67413,16233,63.50,20.778
67420,32893,63.50,20.778
67423,16233,63.50,20.778
67430,32893,63.50,20.778
67433,16233,63.50,20.778
67440,32893,63.50,20.778
67443,16233,63.50,20.778
67450,32893,63.50,20.778
67453,16233,63.50,20.778
67461,32893,63.50,20.778
67463,16233,63.50,20.778
67471,32893,63.50,20.778
67473,16233,63.50,20.778
67480,32893,63.50,20.778
67483,16233,63.50,20.778
67491,32893,63.50,20.778
67493,16233,63.50,20.778
67500,32893,63.50,20.778
67503,16233,63.50,20.778
67510,32893,63.50,20.778
67513,16233,63.50,20.778
67520,32893,63.50,20.778
67523,16233,63.50,20.778
67530,32893,63.50,20.778
67533,16233,63.50,20.778
67541,32893,63.50,20.778
67543,16233,63.50,20.778
67551,32893,63.50,20.778
67553,16233,63.50,20.778
67560,32893,63.50,20.778
67563,16233,63.50,20.778
67570,32893,63.50,20.778
67573,16233,63.50,20.778
67581,32893,63.50,20.778
67583,16233,63.50,20.778
67591,32893,63.50,20.778
67593,16233,63.50,20.778
67600,32893,63.50,20.778
67603,16233,63.50,20.778
67610,32893,63.50,20.778
67613,16233,63.50,20.778
67620,32893,63.50,20.778
67623,16233,63.50,20.778
67631,32893,63.50,20.778
67633,16233,63.50,20.778
67641,32893,63.50,20.778
67643,16233,63.50,20.778
67651,32893,63.50,20.778
67653,16233,63.50,20.778
67661,32893,63.50,20.778
67663,16233,63.50,20.778
67671,32893,63.50,20.778
67673,16233,63.50,20.778
67681,32893,63.50,20.778
67683,16233,63.50,20.778
67691,32893,63.50,20.778
67693,16233,63.50,20.778
67700,32893,63.50,20.778
67703,16233,63.50,20.778
67711,32893,63.50,20.778
67713,16233,63.50,20.778
67721,32893,63.50,20.778
67723,16233,63.50,20.778
67730,32893,63.50,20.778
67733,16233,63.50,20.778
67741,32893,63.50,20.778
67743,16233,63.50,20.778
67751,32893,63.50,20.778
67753,16233,63.50,20.778
67761,32893,63.50,20.778
67763,16233,63.50,20.778
67771,32893,63.50,20.778
67773,16233,63.50,20.778
67781,32893,63.50,20.778
67783,16233,63.50,20.778
67791,32893,63.50,20.778
67793,16233,63.50,20.778
67800,32893,63.50,20.778
67803,16233,63.50,20.778
67810,32893,63.50,20.778
67813,16233,63.50,20.778
67821,32893,63.50,20.778
67823,16233,63.50,20.778
67831,32893,63.50,20.778
67833,16233,63.50,20.778
67840,32893,63.50,20.778
67843,16233,63.50,20.778
67851,32893,63.50,20.778
67853,16233,63.50,20.778
67861,32893,63.50,20.778
67863,16233,63.50,20.778
67871,32893,63.50,20.778
67873,16233,63.50,20.778
67881,32893,63.50,20.778
67883,16233,63.50,20.778
67890,32893,63.50,20.778
67894,16233,63.50,20.778
67901,32893,63.50,20.778
67903,16233,63.50,20.778
67910,32893,63.50,20.778
67913,16233,63.50,20.778
67921,32893,63.50,20.778
67923,16233,63.50,20.778
67930,32893,63.50,20.778
67933,16233,63.50,20.778
67940,32893,63.50,20.778
67943,16233,63.50,20.778
67950,32893,63.50,20.778
67953,16233,63.50,20.778
67960,32893,63.50,20.778
67963,16233,63.50,20.778
67971,32893,63.50,20.778
67973,16233,63.50,20.778
67980,32893,63.50,20.778
67983,16233,63.50,20.778
67990,32893,63.50,20.778
67993,16233,63.50,20.778
68000,32893,63.50,20.778
68004,16233,63.50,20.778
68010,32893,63.50,20.778
68013,16233,63.50,20.778
68021,32893,63.50,20.778
68023,16233,63.50,20.778
68031,32893,63.50,20.778
68033,16233,63.50,20.778
68041,32893,63.50,20.778
68043,16233,63.50,20.778
68051,32893,63.50,20.778
68053,16233,63.50,20.778
68060,32893,63.50,20.778
68063,16233,63.50,20.778
68070,32893,63.50,20.778
68073,16233,63.50,20.778
68081,32893,63.50,20.778
68083,16233,63.50,20.778
68090,32893,63.50,20.778
68093,16233,63.50,20.778
68101,32893,63.50,20.778
68103,16233,63.50,20.778
68110,32893,63.50,20.778
68113,16233,63.50,20.778
68120,32893,63.50,20.778
68123,16233,63.50,20.778
68130,32893,63.50,20.778
68133,16233,63.50,20.778
68140,32893,63.50,20.778
68143,16233,63.50,20.778
68150,32893,63.50,20.778
68153,16233,63.50,20.778
68160,32893,63.50,20.778
68163,16233,63.50,20.778
68170,32893,63.50,20.778
68173,16233,63.50,20.778
68180,32893,63.50,20.778
68183,16233,63.50,20.778
68191,32893,63.50,20.778
68193,16233,63.50,20.778
68200,32893,63.50,20.778
68203,16233,63.50,20.778
68211,32893,63.50,20.778
68213,16233,63.50,20.778
68220,32893,63.50,20.778
68224,16233,63.50,20.778
68231,32893,63.50,20.778
68233,16233,63.50,20.778
68241,32893,63.50,20.778
68243,16233,63.50,20.778
68251,32893,63.50,20.778
68253,16233,63.50,20.778
68260,32893,63.50,20.778
68263,16233,63.50,20.778
68271,32893,63.50,20.778
68273,16233,63.50,20.778
68280,32893,63.50,20.778
68283,16233,63.50,20.778
68290,32893,63.50,20.778
68293,16233,63.50,20.778
68301,32893,63.50,20.778
68304,16233,63.50,20.778
68310,32893,63.50,20.778
68313,16233,63.50,20.778
68320,32893,63.50,20.778
68323,16233,63.50,20.778
68331,32893,63.50,20.778
68333,16233,63.50,20.778
68340,32893,63.50,20.778
68343,16233,63.50,20.778
68350,32893,63.50,20.778
68353,16233,63.50,20.778
68361,32893,63.50,20.778
68363,16233,63.50,20.778
68370,32893,63.50,20.778
68373,16233,63.50,20.778
68381,32893,63.50,20.778
68383,16233,63.50,20.778
68390,32893,63.50,20.778
68393,16233,63.50,20.778
68400,32893,63.50,20.778
68403,16233,63.50,20.778
68411,32893,63.50,20.778
68413,16233,63.50,20.778
68420,32893,63.50,20.778
68423,16233,63.50,20.778
68431,32893,63.50,20.778
68434,16233,63.50,20.778
68440,32893,63.50,20.778
68443,16233,63.50,20.778
68451,32893,63.50,20.778
68453,16233,63.50,20.778
68460,32893,63.50,20.778
68463,16233,63.50,20.778
68470,32893,63.50,20.778
68473,16233,63.50,20.778
68480,32893,63.50,20.778
68483,16233,63.50,20.778
68491,32893,63.50,20.778
68493,16233,63.50,20.778
68501,32893,63.50,20.778
68503,16233,63.50,20.778
68510,32893,63.50,20.778
68513,16233,63.50,20.778
68520,32893,63.50,20.778
68523,16233,63.50,20.778
68530,32893,63.50,20.778
68533,16233,63.50,20.778
68540,32893,63.50,20.778
68543,16233,63.50,20.778
68550,32893,63.50,20.778
68553,16233,63.50,20.778
68560,32893,63.50,20.778
68563,16233,63.50,20.778
68570,32893,63.50,20.778
68573,16233,63.50,20.778
68581,32893,63.50,20.778
68583,16233,63.50,20.778
68591,32893,63.50,20.778
68593,16233,63.50,20.778
68600,32893,63.50,20.778
68603,16233,63.50,20.778
68611,32893,63.50,20.778
68613,16233,63.50,20.778
68620,32893,63.50,20.778
68623,16233,63.50,20.778
68630,32893,63.50,20.778
68633,16233,63.50,20.778
68640,32893,63.50,20.778
68643,16233,63.50,20.778
68650,32893,63.50,20.778
68653,16233,63.50,20.778
68661,32893,63.50,20.778
68663,16233,63.50,20.778
68671,32893,63.50,20.778
68673,16233,63.50,20.778
68680,32893,63.50,20.778
68683,16233,63.50,20.778
68690,32893,63.50,20.778
68693,16233,63.50,20.778
68700,32893,63.50,20.778
68703,16233,63.50,20.778
68710,32893,63.50,20.778
68713,16233,63.50,20.778
68720,32893,63.50,20.778
68723,16233,63.50,20.778
68730,32893,63.50,20.778
68733,16233,63.50,20.778
68740,32893,63.50,20.778
68743,16233,63.50,20.778
68751,32893,63.50,20.778
68753,16233,63.50,20.778
68760,32893,63.50,20.778
68763,16233,63.50,20.778
68770,32893,63.50,20.778
68773,16233,63.50,20.778
68780,32893,63.50,20.778
68783,16233,63.50,20.778
68790,32893,63.50,20.778
68793,16233,63.50,20.778
68800,32893,63.50,20.778
68803,16233,63.50,20.778
68810,32893,63.50,20.778
68813,16233,63.50,20.778
68820,32893,63.50,20.778
68823,16233,63.50,20.778
68831,32893,63.50,20.778
68833,16233,63.50,20.778
68841,32893,63.50,20.778
68843,16233,63.50,20.778
68850,32893,63.50,20.778
68853,16233,63.50,20.778
68860,32893,63.50,20.778
68863,16233,63.50,20.778
68871,32893,63.50,20.778
68873,16233,63.50,20.778
68880,32893,63.50,20.778
68883,16233,63.50,20.778
68891,32893,63.50,20.778
68893,16233,63.50,20.778
68900,32893,63.50,20.778
68903,16233,63.50,20.778
68910,32893,63.50,20.778
68913,16233,63.50,20.778
68921,32893,63.50,20.778
68923,16233,63.50,20.778
68931,32893,63.50,20.778
68933,16233,63.50,20.778
68941,32893,63.50,20.778
68944,16233,63.50,20.778
68950,32893,63.50,20.778
68953,16233,63.50,20.778
68960,32893,63.50,20.778
68963,16233,63.50,20.778
68971,32893,63.50,20.778
68974,16233,63.50,20.778
68980,32893,63.50,20.778
68983,16233,63.50,20.778
68990,32893,63.50,20.778
68993,16233,63.50,20.778
69000,32893,63.50,20.778
69003,16233,63.50,20.778
69010,32893,63.50,20.778
69013,16233,63.50,20.778
69020,32893,63.50,20.778
69023,16233,63.50,20.778
69030,32893,63.50,20.778
69033,16233,63.50,20.778
69040,32893,63.50,20.778
69043,16233,63.50,20.778
69050,32893,63.50,20.778
69053,16233,63.50,20.778
69060,32893,63.50,20.778
69063,16233,63.50,20.778
69070,32893,63.50,20.778
69073,16233,63.50,20.778
69080,32893,63.50,20.778
69083,16233,63.50,20.778
69090,32893,63.50,20.778
69093,16233,63.50,20.778
69101,32893,63.50,20.778
69103,16233,63.50,20.778
69111,32893,63.50,20.778
69113,16233,63.50,20.778
69120,32893,63.50,20.778
69123,16233,63.50,20.778
69131,32893,63.50,20.778
69133,16233,63.50,20.778
69141,32893,63.50,20.778
69143,16233,63.50,20.778
69151,32893,63.50,20.778
69154,16233,63.50,20.778
69160,32893,63.50,20.778
69163,16233,63.50,20.778
69170,32893,63.50,20.778
69173,16233,63.50,20.778
69181,32893,63.50,20.778
69183,16233,63.50,20.778
69190,32893,63.50,20.778
69193,16233,63.50,20.778
69200,32893,63.50,20.778
69203,16233,63.50,20.778
69211,32893,63.50,20.778
69214,16233,63.50,20.778
69221,32893,63.50,20.778
69223,16233,63.50,20.778
69230,32893,63.50,20.778
69233,16233,63.50,20.778
69240,32893,63.50,20.778
69243,16233,63.50,20.778
69251,32893,63.50,20.778
69253,16233,63.50,20.778
69261,32893,63.50,20.778
69263,16233,63.50,20.778
69270,32893,63.50,20.778
69273,16233,63.50,20.778
69280,32893,63.50,20.778
69283,16233,63.50,20.778
69290,32893,63.50,20.778
69293,16233,63.50,20.778
69301,32893,63.50,20.778
69303,16233,63.50,20.778
69310,32893,63.50,20.778
69313,16233,63.50,20.778
69320,32893,63.50,20.778
69323,16233,63.50,20.778
69331,32893,63.50,20.778
69333,16233,63.50,20.778
69340,32893,63.50,20.778
69343,16233,63.50,20.778
69350,32893,63.50,20.778
69353,16233,63.50,20.778
69360,32893,63.50,20.778
69363,16233,63.50,20.778
69370,32893,63.50,20.778
69373,16233,63.50,20.778
69380,32893,63.50,20.778
69383,16233,63.50,20.778
69391,32893,63.50,20.778
69393,16233,63.50,20.778
69401,32893,63.50,20.778
69403,16233,63.50,20.778
69410,32893,63.50,20.778
69413,16233,63.50,20.778
69420,32893,63.50,20.778
69423,16233,63.50,20.778
69431,32893,63.50,20.778
69433,16233,63.50,20.778
69440,32893,63.50,20.778
69443,16233,63.50,20.778
69450,32893,63.50,20.778
69453,16233,63.50,20.778
69461,32893,63.50,20.778
69463,16233,63.50,20.778
69471,32893,63.50,20.778
69473,16233,63.50,20.778
69480,32893,63.50,20.778
69483,16233,63.50,20.778
69490,32893,63.50,20.778
69493,16233,63.50,20.778
69500,32893,63.50,20.778
69503,16233,63.50,20.778
69510,32893,63.50,20.778
69513,16233,63.50,20.778
69521,32893,63.50,20.778
69523,16233,63.50,20.778
69530,32893,63.50,20.778
69533,16233,63.50,20.778
69541,32893,63.50,20.778
69543,16233,63.50,20.778
69551,32893,63.50,20.778
69553,16233,63.50,20.778
69561,32893,63.50,20.778
69563,16233,63.50,20.778
69571,32893,63.50,20.778
69573,16233,63.50,20.778
69580,32893,63.50,20.778
69583,16233,63.50,20.778
69590,32893,63.50,20.778
69593,16233,63.50,20.778
69600,32893,63.50,20.778
69603,16233,63.50,20.778
69610,32893,63.50,20.778
69613,16233,63.50,20.778
69621,32893,63.50,20.778
69623,16233,63.50,20.778
69631,32893,63.50,20.778
69633,16233,63.50,20.778
69640,32893,63.50,20.778
69643,16233,63.50,20.778
69650,32893,63.50,20.778
69654,16233,63.50,20.778
69661,32893,63.50,20.778
69663,16233,63.50,20.778
69671,32893,63.50,20.778
69673,16233,63.50,20.778
69680,32893,63.50,20.778
69683,16233,63.50,20.778
69690,32893,63.50,20.778
69693,16233,63.50,20.778
69701,32893,63.50,20.778
69703,16233,63.50,20.778
69710,32893,63.50,20.778
69713,16233,63.50,20.778
69720,32893,63.50,20.778
69726,16233,63.50,20.778
69731,32893,63.50,20.778
69733,16233,63.50,20.778
69740,32893,63.50,20.778
69744,16233,63.50,20.778
69750,32893,63.50,20.778
69753,16233,63.50,20.778
69761,32893,63.50,20.778
69763,16233,63.50,20.778
69771,32893,63.50,20.778
69773,16233,63.50,20.778
69780,32893,63.50,20.778
69783,16233,63.50,20.778
69791,32893,63.50,20.778
69793,16233,63.50,20.778
69800,32893,63.50,20.778
69803,16233,63.50,20.778
69810,32893,63.50,20.778
69813,16233,63.50,20.778
69821,32893,63.50,20.778
69823,16233,63.50,20.778
69830,32893,63.50,20.778
69833,16233,63.50,20.778
69840,32893,63.50,20.778
69843,16233,63.50,20.778
69850,32893,63.50,20.778
69853,16233,63.50,20.778
69860,32893,63.50,20.778
69863,16233,63.50,20.778
69870,32893,63.50,20.778
69873,16233,63.50,20.778
69881,32893,63.50,20.778
69883,16233,63.50,20.778
69890,32893,63.50,20.778
69893,16233,63.50,20.778
69900,32893,63.50,20.778
69903,16233,63.50,20.778
69910,32893,63.50,20.778
69913,16233,63.50,20.778
69920,32893,63.50,20.778
69924,16233,63.50,20.778
69931,32893,63.50,20.778
69933,16233,63.50,20.778
69940,32893,63.50,20.778
69943,16233,63.50,20.778
69951,32893,63.50,20.778
69953,16233,63.50,20.778
69960,32893,63.50,20.778
69963,16233,63.50,20.778
69970,32893,63.50,20.778
69974,16233,63.50,20.778
69980,32893,63.50,20.778
69983,16233,63.50,20.778
69990,32893,63.50,20.778
69993,16233,63.50,20.778
70000,32893,63.50,20.778
70003,16233,63.50,20.778
70010,32893,63.50,20.778
70013,16233,63.50,20.778
70020,32893,63.50,20.778
70023,16233,63.50,20.778
70030,32893,63.50,20.778
70033,16233,63.50,20.778
70040,32893,63.50,20.778
70043,16233,63.50,20.778
70050,32893,63.50,20.778
70053,16233,63.50,20.778
70060,32893,63.50,20.778
70063,16233,63.50,20.778
70071,32893,63.50,20.778
70073,16233,63.50,20.778
70080,32893,63.50,20.778
70083,16233,63.50,20.778
70090,32893,63.50,20.778
70093,16233,63.50,20.778
70101,32893,63.50,20.778
70103,16233,63.50,20.778
70111,32893,63.50,20.778
70113,16233,63.50,20.778
70120,32893,63.50,20.778
70123,16233,63.50,20.778
70130,32893,63.50,20.778
70133,16233,63.50,20.778
70140,32893,63.50,20.778
70143,16233,63.50,20.778
70151,32893,63.50,20.778
70153,16233,63.50,20.778
70160,32893,63.50,20.778
70163,16233,63.50,20.778
70170,32893,63.50,20.778
70173,16233,63.50,20.778
70180,32893,63.50,20.778
70183,16233,63.50,20.778
70190,32893,63.50,20.778
70193,16233,63.50,20.778
70200,32893,63.50,20.778
70204,16233,63.50,20.778
70210,32893,63.50,20.778
70213,16233,63.50,20.778
70220,32893,63.50,20.778
70223,16233,63.50,20.778
70230,32893,63.50,20.778
70233,16233,63.50,20.778
70240,32893,63.50,20.778
70243,16233,63.50,20.778
70250,32893,63.50,20.778
70253,16233,63.50,20.778
70260,32893,63.50,20.778
70264,16233,63.50,20.778
70271,32893,63.50,20.778
70273,16233,63.50,20.778
70280,32893,63.50,20.778
70283,16233,63.50,20.778
70291,32893,63.50,20.778
70294,16233,63.50,20.778
70300,32893,63.50,20.778
70303,16233,63.50,20.778
70310,32893,63.50,20.778
70313,16233,63.50,20.778
70321,32893,63.50,20.778
70323,16233,63.50,20.778
70331,32893,63.50,20.778
70333,16233,63.50,20.778
70340,32893,59.00,19.305
70343,16233,63.50,20.778
70351,32893,59.00,19.305
70353,16233,63.50,20.778
70360,32893,59.00,19.305
70364,16233,63.50,20.778
70371,32893,59.00,19.305
70374,16233,63.50,20.778
70380,32893,59.00,19.305
70383,16233,63.50,20.778
70390,32893,59.00,19.305
70394,16233,63.50,20.778
70401,32893,59.00,19.305
70403,16233,63.50,20.778
70413,32893,59.00,19.305
70414,16233,63.50,20.778
70421,32893,59.00,19.305
70423,16233,63.50,20.778
70430,32893,59.00,19.305
70433,16233,63.50,20.778
70441,32893,59.00,19.305
70443,16233,63.50,20.778
70452,32893,59.00,19.305
70453,16233,63.50,20.778
70461,32893,59.00,19.305
70463,16233,63.50,20.778
70471,32893,59.00,19.305
70474,16233,63.50,20.778
70481,32893,59.00,19.305
70483,16233,63.50,20.778
70491,32893,59.00,19.305
70494,16233,63.50,20.778
70501,32893,59.00,19.305
70503,16233,63.50,20.778
70511,32893,59.00,19.305
70513,16233,63.50,20.778
70520,32893,59.00,19.305
70523,16233,63.50,20.778
70530,32893,59.00,19.305
70533,16233,63.50,20.778
70540,32893,59.00,19.305
70543,16233,63.50,20.778
70551,32893,59.00,19.305
70554,16233,63.50,20.778
70560,32893,59.00,19.305
70563,16233,63.50,20.778
70571,32893,59.00,19.305
70573,16233,63.50,20.778
70581,32893,59.00,19.305
70583,16233,63.50,20.778
70591,32893,59.00,19.305
70593,16233,63.50,20.778
70601,32893,59.00,19.305
70603,16233,63.50,20.778
70610,32893,59.00,19.305
70614,16233,63.50,20.778
70620,32893,59.00,19.305
70623,16233,63.50,20.778
70631,32893,59.00,19.305
70633,16233,63.50,20.778
70640,32893,59.00,19.305
70643,16233,63.50,20.778
70651,32893,59.00,19.305
70653,16233,63.50,20.778
70661,32893,59.00,19.305
70663,16233,63.50,20.778
70670,32893,59.00,19.305
70673,16233,63.50,20.778
70681,32893,59.00,19.305
70683,16233,63.50,20.778
70691,32893,59.00,19.305
70693,16233,63.50,20.778
70700,32893,59.00,19.305
70703,16233,63.50,20.778
70710,32893,59.00,19.305
70713,16233,63.50,20.778
70721,32893,59.00,19.305
70724,16233,63.50,20.778
70731,32893,59.00,19.305
70733,16233,63.50,20.778
70741,32893,59.00,19.305
70743,16233,63.50,20.778
70751,32893,59.00,19.305
70753,16233,63.50,20.778
70761,32893,59.00,19.305
70763,16233,63.50,20.778
70771,32893,59.00,19.305
70773,16233,63.50,20.778
70781,32893,59.00,19.305
70783,16233,63.50,20.778
70790,32893,59.00,19.305
70793,16233,63.50,20.778
70801,32893,59.00,19.305
70803,16233,63.50,20.778
70811,32893,59.00,19.305
70813,16233,63.50,20.778
70820,32893,59.00,19.305
70823,16233,63.50,20.778
70830,32893,59.00,19.305
70833,16233,63.50,20.778
70840,32893,59.00,19.305
70843,16233,63.50,20.778
70850,32893,59.00,19.305
70853,16233,63.50,20.778
70860,32893,59.00,19.305
70863,16233,63.50,20.778
70871,32893,59.00,19.305
70873,16233,63.50,20.778
70881,32893,59.00,19.305
70883,16233,63.50,20.778
70890,32893,59.00,19.305
70893,16233,63.50,20.778
70901,32893,59.00,19.305
70903,16233,63.50,20.778
70911,32893,59.00,19.305
70913,16233,63.50,20.778
70921,32893,59.00,19.305
70923,16233,63.50,20.778
70931,32893,59.00,19.305
70933,16233,63.50,20.778
70941,32893,59.00,19.305
70943,16233,63.50,20.778
70950,32893,59.00,19.305
70953,16233,63.50,20.778
70960,32893,59.00,19.305
70963,16233,63.50,20.778
70970,32893,59.00,19.305
70973,16233,63.50,20.778
70980,32893,59.00,19.305
70983,16233,63.50,20.778
70990,32893,59.00,19.305
70993,16233,63.50,20.778
71000,32893,59.00,19.305
71003,16233,63.50,20.778
71010,32893,59.00,19.305
71013,16233,63.50,20.778
71020,32893,59.00,19.305
71023,16233,63.50,20.778
71030,32893,59.00,19.305
71033,16233,63.50,20.778
71040,32893,59.00,19.305
71043,16233,63.50,20.778
71051,32893,59.00,19.305
71053,16233,63.50,20.778
71060,32893,59.00,19.305
71063,16233,63.50,20.778
71070,32893,59.00,19.305
71073,16233,63.50,20.778
71080,32893,59.00,19.305
71083,16233,63.50,20.778
71090,32893,59.00,19.305
71093,16233,63.50,20.778
71100,32893,59.00,19.305
71103,16233,63.50,20.778
71110,32893,59.00,19.305
71113,16233,63.50,20.778
71120,32893,59.00,19.305
71123,16233,63.50,20.778
71131,32893,59.00,19.305
71133,16233,63.50,20.778
71140,32893,59.00,19.305
71143,16233,63.50,20.778
71150,32893,59.00,19.305
71153,16233,63.50,20.778
71160,32893,59.00,19.305
71163,16233,63.50,20.778
71171,32893,59.00,19.305
71173,16233,63.50,20.778
71181,32893,59.00,19.305
71183,16233,63.50,20.778
71190,32893,59.00,19.305
71193,16233,63.50,20.778
71200,32893,59.00,19.305
71203,16233,63.50,20.778
71211,32893,59.00,19.305
71213,16233,63.50,20.778
71221,32893,59.00,19.305
71223,16233,63.50,20.778
71230,32893,59.00,19.305
71233,16233,63.50,20.778
71241,32893,59.00,19.305
71243,16233,63.50,20.778
71250,32893,59.00,19.305
71253,16233,63.50,20.778
71261,32893,59.00,19.305
71263,16233,63.50,20.778
71270,32893,59.00,19.305
71273,16233,63.50,20.778
71280,32893,59.00,19.305
71283,16233,63.50,20.778
71290,32893,59.00,19.305
71293,16233,63.50,20.778
71300,32893,59.00,19.305
71303,16233,63.50,20.778
71310,32893,59.00,19.305
71313,16233,63.50,20.778
71321,32893,59.00,19.305
71323,16233,63.50,20.778
71330,32893,59.00,19.305
71333,16233,63.50,20.778
71340,32893,59.00,19.305
71343,16233,63.50,20.778
71350,32893,59.00,19.305
71353,16233,63.50,20.778
71360,32893,59.00,19.305
71363,16233,63.50,20.778
71370,32893,59.00,19.305
71373,16233,63.50,20.778
71381,32893,59.00,19.305
71383,16233,63.50,20.778
71390,32893,59.00,19.305
71393,16233,63.50,20.778
71400,32893,59.00,19.305
71403,16233,63.50,20.778
71411,32893,59.00,19.305
71413,16233,63.50,20.778
71420,32893,59.00,19.305
71423,16233,63.50,20.778
71430,32893,59.00,19.305
71433,16233,63.50,20.778
71440,32893,59.00,19.305
71443,16233,63.50,20.778
71450,32893,59.00,19.305
71453,16233,63.50,20.778
71461,32893,59.00,19.305
71464,16233,63.50,20.778
71470,32893,59.00,19.305
71473,16233,63.50,20.778
71481,32893,59.00,19.305
71483,16233,63.50,20.778
71491,32893,59.00,19.305
71493,16233,63.50,20.778
71501,32893,59.00,19.305
71503,16233,63.50,20.778
71510,32893,59.00,19.305
71513,16233,63.50,20.778
71521,32893,59.00,19.305
71523,16233,63.50,20.778
71531,32893,59.00,19.305
71533,16233,63.50,20.778
71540,32893,59.00,19.305
71543,16233,63.50,20.778
71550,32893,59.00,19.305
71554,16233,63.50,20.778
71560,32893,59.00,19.305
71563,16233,63.50,20.778
71571,32893,59.00,19.305
71573,16233,63.50,20.778
71581,32893,59.00,19.305
71583,16233,63.50,20.778
71590,32893,59.00,19.305
71593,16233,63.50,20.778
71601,32893,59.00,19.305
71603,16233,63.50,20.778
71610,32893,59.00,19.305
71613,16233,63.50,20.778
71620,32893,59.00,19.305
71623,16233,63.50,20.778
71630,32893,59.00,19.305
71633,16233,63.50,20.778
71641,32893,59.00,19.305
71643,16233,63.50,20.778
71650,32893,59.00,19.305
71653,16233,63.50,20.778
71660,32893,59.00,19.305
71663,16233,63.50,20.778
71670,32893,59.00,19.305
71673,16233,63.50,20.778
71681,32893,59.00,19.305
71684,16233,63.50,20.778
71690,32893,59.00,19.305
71693,16233,63.50,20.778
71700,32893,59.00,19.305
71703,16233,63.50,20.778
71711,32893,59.00,19.305
71713,16233,63.50,20.778
71720,32893,59.00,19.305
71723,16233,63.50,20.778
71730,32893,59.00,19.305
71733,16233,63.50,20.778
71740,32893,59.00,19.305
71743,16233,63.50,20.778
71751,32893,59.00,19.305
71753,16233,63.50,20.778
71760,32893,59.00,19.305
71763,16233,63.50,20.778
71770,32893,59.00,19.305
71773,16233,63.50,20.778
71781,32893,59.00,19.305
71783,16233,63.50,20.778
71791,32893,59.00,19.305
71793,16233,63.50,20.778
71800,32893,59.00,19.305
71803,16233,63.50,20.778
71810,32893,59.00,19.305
71813,16233,63.50,20.778
71820,32893,59.00,19.305
71823,16233,63.50,20.778
71831,32893,59.00,19.305
71833,16233,63.50,20.778
71841,32893,59.00,19.305
71843,16233,63.50,20.778
71850,32893,59.00,19.305
71853,16233,63.50,20.778
71860,32893,59.00,19.305
71863,16233,63.50,20.778
71871,32893,59.00,19.305
71873,16233,63.50,20.778
71880,32893,59.00,19.305
71883,16233,63.50,20.778
71890,32893,59.00,19.305
71893,16233,63.50,20.778
71900,32893,59.00,19.305
71903,16233,63.50,20.778
71911,32893,59.00,19.305
71913,16233,63.50,20.778
71921,32893,59.00,19.305
71923,16233,63.50,20.778
71930,32893,59.00,19.305
71933,16233,63.50,20.778
71940,32893,59.00,19.305
71943,16233,63.50,20.778
71951,32893,59.00,19.305
71953,16233,63.50,20.778
71961,32893,59.00,19.305
71963,16233,63.50,20.778
71970,32893,59.00,19.305
71973,16233,63.50,20.778
71981,32893,59.00,19.305
71983,16233,63.50,20.778
71990,32893,59.00,19.305
71993,16233,63.50,20.778
72000,32893,59.00,19.305
72003,16233,63.50,20.778
72010,32893,59.00,19.305
72013,16233,63.50,20.778
72020,32893,59.00,19.305
72023,16233,63.50,20.778
72030,32893,59.00,19.305
72033,16233,63.50,20.778
72041,32893,59.00,19.305
72043,16233,63.50,20.778
72050,32893,59.00,19.305
72053,16233,63.50,20.778
72060,32893,59.00,19.305
72063,16233,63.50,20.778
72071,32893,59.00,19.305
72073,16233,63.50,20.778
72081,32893,59.00,19.305
72083,16233,63.50,20.778
72091,32893,59.00,19.305
72093,16233,63.50,20.778
72101,32893,59.00,19.305
72103,16233,63.50,20.778
72111,32893,59.00,19.305
72113,16233,63.50,20.778
72121,32893,59.00,19.305
72123,16233,63.50,20.778
72131,32893,59.00,19.305
72133,16233,63.50,20.778
72141,32893,59.00,19.305
72143,16233,63.50,20.778
72151,32893,59.00,19.305
72154,16233,63.50,20.778
72161,32893,59.00,19.305
72163,16233,63.50,20.778
72171,32893,59.00,19.305
72174,16233,63.50,20.778
72181,32893,59.00,19.305
72184,16233,63.50,20.778
72191,32893,59.00,19.305
72193,16233,63.50,20.778
72201,32893,59.00,19.305
72204,16233,63.50,20.778
72210,32893,59.00,19.305
72213,16233,63.50,20.778
72221,32893,59.00,19.305
72223,16233,63.50,20.778
72231,32893,59.00,19.305
72233,16233,63.50,20.778
72241,32893,59.00,19.305
72243,16233,63.50,20.778
72251,32893,59.00,19.305
72253,16233,63.50,20.778
72261,32893,59.00,19.305
72263,16233,63.50,20.778
72271,32893,59.00,19.305
72273,16233,63.50,20.778
72281,32893,59.00,19.305
72283,16233,63.50,20.778
72291,32893,59.00,19.305
72294,16233,63.50,20.778
72301,32893,59.00,19.305
72304,16233,63.50,20.778
72311,32893,59.00,19.305
72313,16233,63.50,20.778
72320,32893,59.00,19.305
72323,16233,63.50,20.778
72331,32893,59.00,19.305
72334,16233,63.50,20.778
72341,32893,59.00,19.305
72343,16233,63.50,20.778
72351,32893,59.00,19.305
72354,16233,63.50,20.778
72361,32893,59.00,19.305
72363,16233,63.50,20.778
72371,32893,59.00,19.305
72373,16233,63.50,20.778
72380,32893,59.00,19.305
72383,16233,63.50,20.778
72390,32893,59.00,19.305
72393,16233,63.50,20.778
72401,32893,59.00,19.305
72403,16233,63.50,20.778
72410,32893,59.00,19.305
72413,16233,63.50,20.778
72421,32893,59.00,19.305
72423,16233,63.50,20.778
72430,32893,59.00,19.305
72433,16233,63.50,20.778
72442,32893,59.00,19.305
72443,16233,63.50,20.778
72450,32893,59.00,19.305
72453,16233,63.50,20.778
72461,32893,59.00,19.305
72463,16233,63.50,20.778
72470,32893,59.00,19.305
72473,16233,63.50,20.778
72481,32893,59.00,19.305
72484,16233,63.50,20.778
72491,32893,59.00,19.305
72493,16233,63.50,20.778
72501,32893,59.00,19.305
72504,16233,63.50,20.778
72511,32893,59.00,19.305
72513,16233,63.50,20.778
72521,32893,59.00,19.305
72524,16233,63.50,20.778
72530,32893,59.00,19.305
72533,16233,63.50,20.778
72540,32893,59.00,19.305
72543,16233,63.50,20.778
72551,32893,59.00,19.305
72553,16233,63.50,20.778
72560,32893,59.00,19.305
72564,16233,63.50,20.778
72571,32893,59.00,19.305
72573,16233,63.50,20.778
72581,32893,59.00,19.305
72583,16233,63.50,20.778
72591,32893,59.00,19.305
72593,16233,63.50,20.778
72601,32893,59.00,19.305
72603,16233,63.50,20.778
72611,32893,59.00,19.305
72613,16233,63.50,20.778
72620,32893,59.00,19.305
72623,16233,63.50,20.778
72631,32893,59.00,19.305
72634,16233,63.50,20.778
72641,32893,59.00,19.305
72643,16233,63.50,20.778
72650,32893,59.00,19.305
72653,16233,63.50,20.778
72661,32893,59.00,19.305
72663,16233,63.50,20.778
72671,32893,59.00,19.305
72673,16233,63.50,20.778
72681,32893,59.00,19.305
72683,16233,63.50,20.778
72691,32893,59.00,19.305
72694,16233,63.50,20.778
72700,32893,59.00,19.305
72703,16233,63.50,20.778
72710,32893,59.00,19.305
72713,16233,63.50,20.778
72720,32893,59.00,19.305
72723,16233,63.50,20.778
72731,32893,59.00,19.305
72733,16233,63.50,20.778
72741,32893,59.00,19.305
72743,16233,63.50,20.778
72751,32893,59.00,19.305
72753,16233,63.50,20.778
72761,32893,59.00,19.305
72764,16233,63.50,20.778
72771,32893,59.00,19.305
72773,16233,63.50,20.778
72781,32893,59.00,19.305
72784,16233,63.50,20.778
72791,32893,59.00,19.305
72793,16233,63.50,20.778
72801,32893,59.00,19.305
72803,16233,63.50,20.778
72811,32893,59.00,19.305
72813,16233,63.50,20.778
72821,32893,59.00,19.305
72823,16233,63.50,20.778
72831,32893,59.00,19.305
72833,16233,63.50,20.778
72841,32893,59.00,19.305
72844,16233,63.50,20.778
72851,32893,59.00,19.305
72853,16233,63.50,20.778
72860,32893,59.00,19.305
72864,16233,63.50,20.778
72871,32893,59.00,19.305
72873,16233,63.50,20.778
72881,32893,59.00,19.305
72883,16233,63.50,20.778
72891,32893,59.00,19.305
72894,16233,63.50,20.778
72901,32893,59.00,19.305
72903,16233,63.50,20.778
72910,32893,59.00,19.305
72913,16233,63.50,20.778
72920,32893,59.00,19.305
72923,16233,63.50,20.778
72931,32893,59.00,19.305
72933,16233,63.50,20.778
72941,32893,59.00,19.305
72943,16233,63.50,20.778
72951,32893,59.00,19.305
72953,16233,63.50,20.778
72961,32893,59.00,19.305
72964,16233,63.50,20.778
72971,32893,59.00,19.305
72973,16233,63.50,20.778
72980,32893,59.00,19.305
72984,16233,63.50,20.778
72991,32893,59.00,19.305
72993,16233,63.50,20.778
73000,32893,59.00,19.305
73003,16233,63.50,20.778
73011,32893,59.00,19.305
73013,16233,63.50,20.778
73021,32893,59.00,19.305
73023,16233,63.50,20.778
73031,32893,59.00,19.305
73033,16233,63.50,20.778
73041,32893,59.00,19.305
73044,16233,63.50,20.778
73051,32893,59.00,19.305
73053,16233,63.50,20.778
73061,32893,59.00,19.305
73063,16233,63.50,20.778
73071,32893,59.00,19.305
73074,16233,63.50,20.778
73081,32893,59.00,19.305
73084,16233,63.50,20.778
73092,32893,59.00,19.305
73093,16233,63.50,20.778
73101,32893,59.00,19.305
73103,16233,63.50,20.778
73111,32893,59.00,19.305
73114,16233,63.50,20.778
73120,32893,59.00,19.305
73123,16233,63.50,20.778
73131,32893,59.00,19.305
73134,16233,63.50,20.778
73141,32893,59.00,19.305
73143,16233,63.50,20.778
73150,32893,59.00,19.305
73153,16233,63.50,20.778
73160,32893,59.00,19.305
73163,16233,63.50,20.778
73170,32893,59.00,19.305
73173,16233,63.50,20.778
73181,32893,59.00,19.305
73183,16233,63.50,20.778
73191,32893,59.00,19.305
73194,16233,63.50,20.778
73200,32893,59.00,19.305
73204,16233,63.50,20.778
73212,32893,59.00,19.305
73214,16233,63.50,20.778
73221,32893,59.00,19.305
73223,16233,63.50,20.778
73230,32893,59.00,19.305
73233,16233,63.50,20.778
73240,32893,59.00,19.305
73243,16233,63.50,20.778
73250,32893,59.00,19.305
73253,16233,63.50,20.778
73260,32893,59.00,19.305
73263,16233,63.50,20.778
73270,32893,59.00,19.305
73273,16233,63.50,20.778
73280,32893,59.00,19.305
73283,16233,63.50,20.778
73290,32893,59.00,19.305
73293,16233,63.50,20.778
73301,32893,59.00,19.305
73303,16233,63.50,20.778
73311,32893,59.00,19.305
73313,16233,63.50,20.778
73321,32893,59.00,19.305
73323,16233,63.50,20.778
73331,32893,59.00,19.305
73333,16233,63.50,20.778
73340,32893,59.00,19.305
73343,16233,63.50,20.778
73350,32893,59.00,19.305
73353,16233,63.50,20.778
73360,32893,59.00,19.305
73363,16233,63.50,20.778
73370,32893,59.00,19.305
73373,16233,63.50,20.778
73381,32893,59.00,19.305
73383,16233,63.50,20.778
73391,32893,59.00,19.305
73393,16233,63.50,20.778
73400,32893,59.00,19.305
73403,16233,63.50,20.778
73410,32893,59.00,19.305
73413,16233,63.50,20.778
73420,32893,59.00,19.305
73423,16233,63.50,20.778
73430,32893,59.00,19.305
73433,16233,63.50,20.778
73441,32893,59.00,19.305
73443,16233,63.50,20.778
73450,32893,59.00,19.305
73453,16233,63.50,20.778
73461,32893,59.00,19.305
73463,16233,63.50,20.778
73470,32893,59.00,19.305
73474,16233,63.50,20.778
73480,32893,59.00,19.305
73483,16233,63.50,20.778
73491,32893,59.00,19.305
73493,16233,63.50,20.778
73500,32893,59.00,19.305
73503,16233,63.50,20.778
73510,32893,59.00,19.305
73513,16233,63.50,20.778
73520,32893,59.00,19.305
73523,16233,63.50,20.778
73530,32893,59.00,19.305
73533,16233,63.50,20.778
73540,32893,59.00,19.305
73543,16233,63.50,20.778
73550,32893,59.00,19.305
73553,16233,63.50,20.778
73560,32893,59.00,19.305
73563,16233,63.50,20.778
73571,32893,59.00,19.305
73573,16233,63.50,20.778
73580,32893,59.00,19.305
73583,16233,63.50,20.778
73590,32893,59.00,19.305
73593,16233,63.50,20.778
73601,32893,59.00,19.305
73603,16233,63.50,20.778
73611,32893,59.00,19.305
73613,16233,63.50,20.778
73621,32893,59.00,19.305
73623,16233,63.50,20.778
73630,32893,59.00,19.305
73633,16233,63.50,20.778
73641,32893,59.00,19.305
73643,16233,63.50,20.778
73651,32893,59.00,19.305
73653,16233,63.50,20.778
73660,32893,59.00,19.305
73663,16233,63.50,20.778
73671,32893,59.00,19.305
73673,16233,63.50,20.778
73681,32893,59.00,19.305
73683,16233,63.50,20.778
73690,32893,59.00,19.305
73693,16233,63.50,20.778
73701,32893,59.00,19.305
73703,16233,63.50,20.778
73710,32893,59.00,19.305
73713,16233,63.50,20.778
73721,32893,59.00,19.305
73723,16233,63.50,20.778
73731,32893,59.00,19.305
73735,16233,63.50,20.778
73740,32893,59.00,19.305
73743,16233,63.50,20.778
73751,32893,59.00,19.305
73753,16233,63.50,20.778
73761,32893,59.00,19.305
73763,16233,63.50,20.778
73772,32893,59.00,19.305
73773,16233,63.50,20.778
73781,32893,59.00,19.305
73783,16233,63.50,20.778
73790,32893,59.00,19.305
73794,16233,63.50,20.778
73800,32893,59.00,19.305
73803,16233,63.50,20.778
73810,32893,59.00,19.305
73814,16233,63.50,20.778
73821,32893,59.00,19.305
73823,16233,63.50,20.778
73831,32893,59.00,19.305
73833,16233,63.50,20.778
73841,32893,59.00,19.305
73843,16233,63.50,20.778
73851,32893,59.00,19.305
73854,16233,63.50,20.778
73861,32893,59.00,19.305
73863,16233,63.50,20.778
73870,32893,59.00,19.305
73874,16233,63.50,20.778
73880,32893,59.00,19.305
73883,16233,63.50,20.778
73891,32893,59.00,19.305
73893,16233,63.50,20.778
73900,32893,59.00,19.305
73903,16233,63.50,20.778
73910,32893,59.00,19.305
73913,16233,63.50,20.778
73920,32893,59.00,19.305
73923,16233,63.50,20.778
73931,32893,59.00,19.305
73933,16233,63.50,20.778
73940,32893,59.00,19.305
73943,16233,63.50,20.778
73951,32893,59.00,19.305
73954,16233,63.50,20.778
73960,32893,59.00,19.305
73963,16233,63.50,20.778
73971,32893,59.00,19.305
73973,16233,63.50,20.778
73981,32893,59.00,19.305
73983,16233,63.50,20.778
73990,32893,59.00,19.305
73993,16233,63.50,20.778
74000,32893,59.00,19.305
74003,16233,63.50,20.778
74010,32893,59.00,19.305
74013,16233,63.50,20.778
74020,32893,59.00,19.305
74023,16233,63.50,20.778
74031,32893,59.00,19.305
74033,16233,63.50,20.778
74040,32893,59.00,19.305
74043,16233,63.50,20.778
74050,32893,59.00,19.305
74053,16233,63.50,20.778
74060,32893,59.00,19.305
74063,16233,63.50,20.778
74070,32893,59.00,19.305
74073,16233,63.50,20.778
74080,32893,59.00,19.305
74083,16233,63.50,20.778
74091,32893,59.00,19.305
74094,16233,63.50,20.778
74101,32893,59.00,19.305
74103,16233,63.50,20.778
74110,32893,59.00,19.305
74113,16233,63.50,20.778
74120,32893,59.00,19.305
74123,16233,63.50,20.778
74131,32893,59.00,19.305
74133,16233,63.50,20.778
74141,32893,59.00,19.305
74143,16233,63.50,20.778
74150,32893,59.00,19.305
74153,16233,63.50,20.778
74160,32893,59.00,19.305
74163,16233,63.50,20.778
74170,32893,59.00,19.305
74173,16233,63.50,20.778
74180,32893,59.00,19.305
74184,16233,63.50,20.778
74191,32893,59.00,19.305
74193,16233,63.50,20.778
74201,32893,59.00,19.305
74203,16233,63.50,20.778
74211,32893,59.00,19.305
74213,16233,63.50,20.778
74221,32893,59.00,19.305
74223,16233,63.50,20.778
74231,32893,59.00,19.305
74234,16233,63.50,20.778
74241,32893,59.00,19.305
74244,16233,63.50,20.778
74251,32893,59.00,19.305
74253,16233,63.50,20.778
74261,32893,59.00,19.305
74263,16233,63.50,20.778
74270,32893,59.00,19.305
74273,16233,63.50,20.778
74280,32893,59.00,19.305
74283,16233,63.50,20.778
74291,32893,59.00,19.305
74293,16233,63.50,20.778
74301,32893,59.00,19.305
74304,16233,63.50,20.778
74311,32893,59.00,19.305
74313,16233,63.50,20.778
74321,32893,59.00,19.305
74323,16233,63.50,20.778
74330,32893,59.00,19.305
74333,16233,63.50,20.778
74340,32893,59.00,19.305
74346,16233,63.50,20.778
74351,32893,59.00,19.305
74353,16233,63.50,20.778
74361,32893,59.00,19.305
74363,16233,63.50,20.778
74371,32893,59.00,19.305
74374,16233,63.50,20.778
74380,32893,59.00,19.305
74383,16233,63.50,20.778
74391,32893,59.00,19.305
74393,16233,63.50,20.778
74401,32893,59.00,19.305
74404,16233,63.50,20.778
74411,32893,59.00,19.305
74413,16233,63.50,20.778
74421,32893,59.00,19.305
74423,16233,63.50,20.778
74431,32893,59.00,19.305
74433,16233,63.50,20.778
74441,32893,63.50,20.778
74443,16233,63.50,20.778
74451,32893,63.50,20.778
74453,16233,63.50,20.778
74460,32893,63.50,20.778
74463,16233,63.50,20.778
74471,32893,63.50,20.778
74473,16233,63.50,20.778
74481,32893,63.50,20.778
74483,16233,63.50,20.778
74491,32893,63.50,20.778
74493,16233,63.50,20.778
74501,32893,63.50,20.778
74503,16233,63.50,20.778
74510,32893,63.50,20.778
74514,16233,63.50,20.778
74521,32893,63.50,20.778
74523,16233,63.50,20.778
74530,32893,63.50,20.778
74533,16233,63.50,20.778
74541,32893,63.50,20.778
74543,16233,63.50,20.778
74550,32893,63.50,20.778
74553,16233,63.50,20.778
74561,32893,63.50,20.778
74563,16233,63.50,20.778
74570,32893,63.50,20.778
74573,16233,63.50,20.778
74580,32893,63.50,20.778
74583,16233,63.50,20.778
74590,32893,63.50,20.778
74593,16233,63.50,20.778
74600,32893,63.50,20.778
74603,16233,63.50,20.778
74610,32893,63.50,20.778
74613,16233,63.50,20.778
74620,32893,63.50,20.778
74623,16233,63.50,20.778
74630,32893,63.50,20.778
74633,16233,63.50,20.778
74640,32893,63.50,20.778
74643,16233,63.50,20.778
74651,32893,63.50,20.778
74653,16233,63.50,20.778
74660,32893,63.50,20.778
74663,16233,63.50,20.778
74670,32893,63.50,20.778
74673,16233,63.50,20.778
74680,32893,63.50,20.778
74683,16233,63.50,20.778
74690,32893,63.50,20.778
74693,16233,63.50,20.778
74700,32893,63.50,20.778
74703,16233,63.50,20.778
74710,32893,63.50,20.778
74713,16233,63.50,20.778
74721,32893,63.50,20.778
74723,16233,63.50,20.778
74730,32893,63.50,20.778
74733,16233,63.50,20.778
74740,32893,63.50,20.778
74743,16233,63.50,20.778
74751,32893,63.50,20.778
74753,16233,63.50,20.778
74760,32893,63.50,20.778
74763,16233,63.50,20.778
74770,32893,63.50,20.778
74773,16233,63.50,20.778
74781,32893,63.50,20.778
74784,16233,63.50,20.778
74790,32893,63.50,20.778
74793,16233,63.50,20.778
74801,32893,63.50,20.778
74804,16233,63.50,20.778
74811,32893,63.50,20.778
74813,16233,63.50,20.778
74820,32893,63.50,20.778
74823,16233,63.50,20.778
74831,32893,63.50,20.778
74834,16233,63.50,20.778
74840,32893,63.50,20.778
74843,16233,63.50,20.778
74850,32893,63.50,20.778
74853,16233,63.50,20.778
74860,32893,63.50,20.778
74863,16233,63.50,20.778
74870,32893,63.50,20.778
74873,16233,63.50,20.778
74880,32893,63.50,20.778
74883,16233,63.50,20.778
74891,32893,63.50,20.778
74894,16233,63.50,20.778
74901,32893,63.50,20.778
74904,16233,63.50,20.778
74911,32893,63.50,20.778
74913,16233,63.50,20.778
74921,32893,63.50,20.778
74923,16233,63.50,20.778
74932,32893,63.50,20.778
74934,16233,63.50,20.778
74941,32893,63.50,20.778
74944,16233,63.50,20.778
74950,32893,63.50,20.778
74954,16233,63.50,20.778
74961,32893,63.50,20.778
74964,16233,63.50,20.778
74971,32893,63.50,20.778
74973,16233,63.50,20.778
74981,32893,63.50,20.778
74983,16233,63.50,20.778
74991,32893,63.50,20.778
74993,16233,63.50,20.778
75000,32893,63.50,20.778
75004,16233,63.50,20.778
75011,32893,63.50,20.778
75013,16233,63.50,20.778
75020,32893,63.50,20.778
75023,16233,63.50,20.778
75031,32893,63.50,20.778
75033,16233,63.50,20.778
75041,32893,63.50,20.778
75044,16233,63.50,20.778
75050,32893,63.50,20.778
75053,16233,63.50,20.778
75060,32893,63.50,20.778
75063,16233,63.50,20.778
75070,32893,63.50,20.778
75073,16233,63.50,20.778
75080,32893,63.50,20.778
75083,16233,63.50,20.778
75090,32893,63.50,20.778
75094,16233,63.50,20.778
75101,32893,63.50,20.778
75103,16233,63.50,20.778
75110,32893,63.50,20.778
75113,16233,63.50,20.778
75120,32893,63.50,20.778
75123,16233,63.50,20.778
75130,32893,63.50,20.778
75133,16233,63.50,20.778
75141,32893,63.50,20.778
75143,16233,63.50,20.778
75151,32893,63.50,20.778
75154,16233,63.50,20.778
75160,32893,63.50,20.778
75163,16233,63.50,20.778
75171,32893,63.50,20.778
75173,16233,63.50,20.778
75181,32893,63.50,20.778
75184,16233,63.50,20.778
75190,32893,63.50,20.778
75193,16233,63.50,20.778
75201,32893,63.50,20.778
75203,16233,63.50,20.778
75211,32893,63.50,20.778
75213,16233,63.50,20.778
75220,32893,63.50,20.778
75223,16233,63.50,20.778
75231,32893,63.50,20.778
75233,16233,63.50,20.778
75241,32893,63.50,20.778
75243,16233,63.50,20.778
75252,32893,63.50,20.778
75253,16233,63.50,20.778
75261,32893,63.50,20.778
75263,16233,63.50,20.778
75271,32893,63.50,20.778
75273,16233,63.50,20.778
75281,32893,63.50,20.778
75284,16233,63.50,20.778
75291,32893,63.50,20.778
75294,16233,63.50,20.778
75301,32893,63.50,20.778
75303,16233,63.50,20.778
75311,32893,63.50,20.778
75313,16233,63.50,20.778
75321,32893,63.50,20.778
75323,16233,63.50,20.778
75331,32893,63.50,20.778
75333,16233,63.50,20.778
75341,32893,63.50,20.778
75343,16233,63.50,20.778
75351,32893,63.50,20.778
75353,16233,63.50,20.778
75361,32893,63.50,20.778
75363,16233,63.50,20.778
75371,32893,63.50,20.778
75373,16233,63.50,20.778
75381,32893,63.50,20.778
75384,16233,63.50,20.778
75391,32893,63.50,20.778
75393,16233,63.50,20.778
75400,32893,63.50,20.778
75404,16233,63.50,20.778
75410,32893,63.50,20.778
75413,16233,63.50,20.778
75421,32893,63.50,20.778
75424,16233,63.50,20.778
75431,32893,63.50,20.778
75435,16233,63.50,20.778
75441,32893,63.50,20.778
75443,16233,63.50,20.778
75451,32893,63.50,20.778
75453,16233,63.50,20.778
75461,32893,63.50,20.778
75464,16233,63.50,20.778
75471,32893,63.50,20.778
75474,16233,63.50,20.778
75481,32893,63.50,20.778
75484,16233,63.50,20.778
75491,32893,63.50,20.778
75493,16233,63.50,20.778
75500,32893,63.50,20.778
75504,16233,63.50,20.778
75511,32893,63.50,20.778
75513,16233,63.50,20.778
75521,32893,63.50,20.778
75524,16233,63.50,20.778
75531,32893,63.50,20.778
75534,16233,63.50,20.778
75540,32893,63.50,20.778
75543,16233,63.50,20.778
75551,32893,63.50,20.778
75553,16233,63.50,20.778
75561,32893,63.50,20.778
75563,16233,63.50,20.778
75570,32893,63.50,20.778
75573,16233,63.50,20.778
75581,32893,63.50,20.778
75583,16233,63.50,20.778
75591,32893,63.50,20.778
75593,16233,63.50,20.778
75601,32893,63.50,20.778
75604,16233,63.50,20.778
75610,32893,63.50,20.778
75613,16233,63.50,20.778
75621,32893,63.50,20.778
75623,16233,63.50,20.778
75631,32893,63.50,20.778
75633,16233,63.50,20.778
75640,32893,63.50,20.778
75643,16233,63.50,20.778
75651,32893,63.50,20.778
75653,16233,63.50,20.778
75660,32893,63.50,20.778
75663,16233,63.50,20.778
75670,32893,63.50,20.778
75673,16233,63.50,20.778
75680,32893,63.50,20.778
75683,16233,63.50,20.778
75691,32893,63.50,20.778
75693,16233,63.50,20.778
75700,32893,63.50,20.778
75703,16233,63.50,20.778
75711,32893,63.50,20.778
75713,16233,63.50,20.778
75721,32893,63.50,20.778
75724,16233,63.50,20.778
75731,32893,63.50,20.778
75733,16233,63.50,20.778
75741,32893,63.50,20.778
75743,16233,63.50,20.778
75751,32893,63.50,20.778
75753,16233,63.50,20.778
75761,32893,63.50,20.778
75763,16233,63.50,20.778
75771,32893,63.50,20.778
75773,16233,63.50,20.778
75781,32893,63.50,20.778
75783,16233,63.50,20.778
75790,32893,63.50,20.778
75793,16233,63.50,20.778
75800,32893,63.50,20.778
75803,16233,63.50,20.778
75811,32893,63.50,20.778
75813,16233,63.50,20.778
75820,32893,63.50,20.778
75823,16233,63.50,20.778
75830,32893,63.50,20.778
75833,16233,63.50,20.778
75840,32893,63.50,20.778
75843,16233,63.50,20.778
75850,32893,63.50,20.778
75853,16233,63.50,20.778
75860,32893,63.50,20.778
75863,16233,63.50,20.778
75870,32893,63.50,20.778
75873,16233,63.50,20.778
75881,32893,63.50,20.778
75883,16233,63.50,20.778
75891,32893,63.50,20.778
75893,16233,63.50,20.778
75901,32893,63.50,20.778
75904,16233,63.50,20.778
75911,32893,63.50,20.778
75914,16233,63.50,20.778
75922,32893,63.50,20.778
75924,16233,63.50,20.778
75931,32893,63.50,20.778
75934,16233,63.50,20.778
75941,32893,63.50,20.778
75944,16233,63.50,20.778
75951,32893,63.50,20.778
75953,16233,63.50,20.778
75961,32893,63.50,20.778
75963,16233,63.50,20.778
75971,32893,63.50,20.778
75973,16233,63.50,20.778
75981,32893,63.50,20.778
75983,16233,63.50,20.778
75991,32893,63.50,20.778
75993,16233,63.50,20.778
76000,32893,63.50,20.778
76003,16233,63.50,20.778
76011,32893,63.50,20.778
76013,16233,63.50,20.778
76021,32893,63.50,20.778
76023,16233,63.50,20.778
76031,32893,63.50,20.778
76036,16233,63.50,20.778
76040,32893,63.50,20.778
76044,16233,63.50,20.778
76051,32893,63.50,20.778
76053,16233,63.50,20.778
76060,32893,63.50,20.778
76064,16233,63.50,20.778
76071,32893,63.50,20.778
76073,16233,63.50,20.778
76081,32893,63.50,20.778
76084,16233,63.50,20.778
76092,32893,63.50,20.778
76094,16233,63.50,20.778
76101,32893,63.50,20.778
76104,16233,63.50,20.778
76111,32893,63.50,20.778
76113,16233,63.50,20.778
76121,32893,63.50,20.778
76123,16233,63.50,20.778
76131,32893,63.50,20.778
76134,16233,63.50,20.778
76141,32893,63.50,20.778
76143,16233,63.50,20.778
76151,32893,63.50,20.778
76154,16233,63.50,20.778
76161,32893,63.50,20.778
76164,16233,63.50,20.778
76171,32893,63.50,20.778
76173,16233,63.50,20.778
76181,32893,63.50,20.778
76184,16233,63.50,20.778
76191,32893,63.50,20.778
76194,16233,63.50,20.778
76201,32893,63.50,20.778
76203,16233,63.50,20.778
76211,32893,63.50,20.778
76213,16233,63.50,20.778
76221,32893,63.50,20.778
76223,16233,63.50,20.778
76231,32893,63.50,20.778
76234,16233,63.50,20.778
76241,32893,63.50,20.778
76243,16233,63.50,20.778
76251,32893,63.50,20.778
76254,16233,63.50,20.778
76261,32893,63.50,20.778
76264,16233,63.50,20.778
76271,32893,63.50,20.778
76273,16233,63.50,20.778
76281,32893,63.50,20.778
76284,16233,63.50,20.778
76291,32893,63.50,20.778
76293,16233,63.50,20.778
76301,32893,63.50,20.778
76304,16233,63.50,20.778
76311,32893,63.50,20.778
76313,16233,63.50,20.778
76321,32893,63.50,20.778
76324,16233,63.50,20.778
76331,32893,63.50,20.778
76333,16233,63.50,20.778
76340,32893,63.50,20.778
76343,16233,63.50,20.778
76350,32893,63.50,20.778
76353,16233,63.50,20.778
76361,32893,63.50,20.778
76364,16233,63.50,20.778
76371,32893,63.50,20.778
76373,16233,63.50,20.778
76381,32893,63.50,20.778
76383,16233,63.50,20.778
76391,32893,63.50,20.778
76393,16233,63.50,20.778
76400,32893,63.50,20.778
76403,16233,63.50,20.778
76411,32893,63.50,20.778
76413,16233,63.50,20.778
76421,32893,63.50,20.778
76424,16233,63.50,20.778
76431,32893,63.50,20.778
76433,16233,63.50,20.778
76441,32893,63.50,20.778
76443,16233,63.50,20.778
76451,32893,63.50,20.778
76453,16233,63.50,20.778
76461,32893,63.50,20.778
76463,16233,63.50,20.778
76471,32893,63.50,20.778
76473,16233,63.50,20.778
76481,32893,63.50,20.778
76483,16233,63.50,20.778
76491,32893,63.50,20.778
76493,16233,63.50,20.778
76501,32893,63.50,20.778
76503,16233,63.50,20.778
76511,32893,63.50,20.778
76513,16233,63.50,20.778
76521,32893,63.50,20.778
76523,16233,63.50,20.778
76531,32893,63.50,20.778
76534,16233,63.50,20.778
76540,32893,63.50,20.778
76544,16233,63.50,20.778
76551,32893,63.50,20.778
76553,16233,63.50,20.778
76561,32893,63.50,20.778
76563,16233,63.50,20.778
76571,32893,63.50,20.778
76574,16233,63.50,20.778
76581,32893,63.50,20.778
76583,16233,63.50,20.778
76591,32893,63.50,20.778
76594,16233,63.50,20.778
76601,32893,63.50,20.778
76603,16233,63.50,20.778
76611,32893,63.50,20.778
76614,16233,63.50,20.778
76620,32893,63.50,20.778
76624,16233,63.50,20.778
76631,32893,63.50,20.778
76633,16233,63.50,20.778
76641,32893,63.50,20.778
76643,16233,63.50,20.778
76651,32893,63.50,20.778
76653,16233,63.50,20.778
76661,32893,63.50,20.778
76664,16233,63.50,20.778
76671,32893,63.50,20.778
76673,16233,63.50,20.778
76681,32893,63.50,20.778
76683,16233,63.50,20.778
76691,32893,63.50,20.778
76693,16233,63.50,20.778
76700,32893,63.50,20.778
76703,16233,63.50,20.778
76711,32893,63.50,20.778
76713,16233,63.50,20.778
76721,32893,63.50,20.778
76723,16233,63.50,20.778
76731,32893,63.50,20.778
76734,16233,63.50,20.778
76741,32893,63.50,20.778
76743,16233,63.50,20.778
76751,32893,63.50,20.778
76753,16233,63.50,20.778
76761,32893,63.50,20.778
76764,16233,63.50,20.778
76771,32893,63.50,20.778
76773,16233,63.50,20.778
76781,32893,63.50,20.778
76783,16233,63.50,20.778
76791,32893,63.50,20.778
76793,16233,63.50,20.778
76801,32893,63.50,20.778
76804,16233,63.50,20.778
76812,32893,63.50,20.778
76813,16233,63.50,20.778
76821,32893,63.50,20.778
76823,16233,63.50,20.778
76831,32893,63.50,20.778
76833,16233,63.50,20.778
76841,32893,63.50,20.778
76843,16233,63.50,20.778
76851,32893,63.50,20.778
76854,16233,63.50,20.778
76861,32893,63.50,20.778
76863,16233,63.50,20.778
76871,32893,63.50,20.778
76873,16233,63.50,20.778
76881,32893,63.50,20.778
76884,16233,63.50,20.778
76892,32893,63.50,20.778
76893,16233,63.50,20.778
76901,32893,63.50,20.778
76903,16233,63.50,20.778
76912,32893,63.50,20.778
76913,16233,63.50,20.778
76921,32893,63.50,20.778
76924,16233,63.50,20.778
76931,32893,63.50,20.778
76933,16233,63.50,20.778
76941,32893,63.50,20.778
76943,16233,63.50,20.778
76951,32893,63.50,20.778
76954,16233,63.50,20.778
76961,32893,63.50,20.778
76964,16233,63.50,20.778
76971,32893,63.50,20.778
76973,16233,63.50,20.778
76981,32893,63.50,20.778
76983,16233,63.50,20.778
76990,32893,63.50,20.778
76993,16233,63.50,20.778
77000,32893,63.50,20.778
77003,16233,63.50,20.778
77011,32893,63.50,20.778
77013,16233,63.50,20.778
77020,32893,63.50,20.778
77023,16233,63.50,20.778
77031,32893,63.50,20.778
77033,16233,63.50,20.778
77040,32893,63.50,20.778
77043,16233,63.50,20.778
77050,32893,63.50,20.778
77053,16233,63.50,20.778
77061,32893,63.50,20.778
77063,16233,63.50,20.778
77071,32893,63.50,20.778
77073,16233,63.50,20.778
77080,32893,63.50,20.778
77083,16233,63.50,20.778
77090,32893,63.50,20.778
77093,16233,63.50,20.778
77100,32893,63.50,20.778
77103,16233,63.50,20.778
77111,32893,63.50,20.778
77114,16233,63.50,20.778
77121,32893,63.50,20.778
77123,16233,63.50,20.778
77130,32893,63.50,20.778
77134,16233,63.50,20.778
77141,32893,63.50,20.778
77144,16233,63.50,20.778
77150,32893,63.50,20.778
77153,16233,63.50,20.778
77161,32893,63.50,20.778
77163,16233,63.50,20.778
77170,32893,63.50,20.778
77173,16233,63.50,20.778
77180,32893,63.50,20.778
77183,16233,63.50,20.778
77191,32893,63.50,20.778
77193,16233,63.50,20.778
77200,32893,63.50,20.778
77204,16233,63.50,20.778
77211,32893,63.50,20.778
77213,16233,63.50,20.778
77220,32893,63.50,20.778
77223,16233,63.50,20.778
77230,32893,63.50,20.778
77233,16233,63.50,20.778
77241,32893,63.50,20.778
77243,16233,63.50,20.778
77251,32893,63.50,20.778
77253,16233,63.50,20.778
77261,32893,63.50,20.778
77263,16233,63.50,20.778
77270,32893,63.50,20.778
77274,16233,63.50,20.778
77280,32893,63.50,20.778
77283,16233,63.50,20.778
77290,32893,63.50,20.778
77293,16233,63.50,20.778
77300,32893,63.50,20.778
77303,16233,63.50,20.778
77311,32893,63.50,20.778
77313,16233,63.50,20.778
77320,32893,63.50,20.778
77323,16233,63.50,20.778
77331,32893,63.50,20.778
77333,16233,63.50,20.778
77340,32893,63.50,20.778
77343,16233,63.50,20.778
77350,32893,63.50,20.778
77353,16233,63.50,20.778
77361,32893,63.50,20.778
77363,16233,63.50,20.778
77370,32893,63.50,20.778
77373,16233,63.50,20.778
77381,32893,63.50,20.778
77384,16233,63.50,20.778
77391,32893,63.50,20.778
77393,16233,63.50,20.778
77400,32893,63.50,20.778
77403,16233,63.50,20.778
77410,32893,63.50,20.778
77413,16233,63.50,20.778
77420,32893,63.50,20.778
77423,16233,63.50,20.778
77431,32893,63.50,20.778
77433,16233,63.50,20.778
77440,32893,63.50,20.778
77443,16233,63.50,20.778
77451,32893,63.50,20.778
77453,16233,63.50,20.778
77461,32893,63.50,20.778
77463,16233,63.50,20.778
77471,32893,63.50,20.778
77474,16233,63.50,20.778
77480,32893,63.50,20.778
77483,16233,63.50,20.778
77490,32893,63.50,20.778
77494,16233,63.50,20.778
77500,32893,63.50,20.778
77503,16233,63.50,20.778
77510,32893,63.50,20.778
77513,16233,63.50,20.778
77521,32893,63.50,20.778
77523,16233,63.50,20.778
77530,32893,63.50,20.778
77533,16233,63.50,20.778
77541,32893,63.50,20.778
77543,16233,63.50,20.778
77550,32893,63.50,20.778
77553,16233,63.50,20.778
77560,32893,63.50,20.778
77563,16233,63.50,20.778
77571,32893,63.50,20.778
77573,16233,63.50,20.778
77580,32893,63.50,20.778
77583,16233,63.50,20.778
77590,32893,63.50,20.778
77594,16233,63.50,20.778
77601,32893,63.50,20.778
77603,16233,63.50,20.778
77611,32893,63.50,20.778
77614,16233,63.50,20.778
77621,32893,63.50,20.778
77623,16233,63.50,20.778
77630,32893,63.50,20.778
77633,16233,63.50,20.778
77640,32893,63.50,20.778
77643,16233,63.50,20.778
77651,32893,63.50,20.778
77654,16233,63.50,20.778
77661,32893,63.50,20.778
77664,16233,63.50,20.778
77671,32893,63.50,20.778
77674,16233,63.50,20.778
77681,32893,63.50,20.778
77683,16233,63.50,20.778
77690,32893,63.50,20.778
77693,16233,63.50,20.778
77701,32893,63.50,20.778
77703,16233,63.50,20.778
77710,32893,63.50,20.778
77713,16233,63.50,20.778
77721,32893,63.50,20.778
77724,16233,63.50,20.778
77730,32893,63.50,20.778
77733,16233,63.50,20.778
77741,32893,63.50,20.778
77743,16233,63.50,20.778
77750,32893,63.50,20.778
77753,16233,63.50,20.778
77760,32893,63.50,20.778
77763,16233,63.50,20.778
77770,32893,63.50,20.778
77773,16233,63.50,20.778
77780,32893,63.50,20.778
77783,16233,63.50,20.778
77790,32893,63.50,20.778
77793,16233,63.50,20.778
77800,32893,63.50,20.778
77803,16233,63.50,20.778
77810,32893,63.50,20.778
77813,16233,63.50,20.778
77820,32893,63.50,20.778
77823,16233,63.50,20.778
77830,32893,63.50,20.778
77834,16233,63.50,20.778
77840,32893,63.50,20.778
77843,16233,63.50,20.778
77850,32893,63.50,20.778
77853,16233,63.50,20.778
77861,32893,63.50,20.778
77863,16233,63.50,20.778
77871,32893,63.50,20.778
77873,16233,63.50,20.778
77881,32893,63.50,20.778
77883,16233,63.50,20.778
77891,32893,63.50,20.778
77893,16233,63.50,20.778
77901,32893,63.50,20.778
77903,16233,63.50,20.778
77911,32893,63.50,20.778
77913,16233,63.50,20.778
77921,32893,63.50,20.778
77923,16233,63.50,20.778
77931,32893,63.50,20.778
77933,16233,63.50,20.778
77941,32893,63.50,20.778
77943,16233,63.50,20.778
77951,32893,63.50,20.778
77953,16233,63.50,20.778
77961,32893,63.50,20.778
77963,16233,63.50,20.778
77970,32893,63.50,20.778
77973,16233,63.50,20.778
77980,32893,63.50,20.778
77983,16233,63.50,20.778
77991,32893,63.50,20.778
77993,16233,63.50,20.778
78001,32893,63.50,20.778
78003,16233,63.50,20.778
78011,32893,63.50,20.778
78013,16233,63.50,20.778
78020,32893,63.50,20.778
78024,16233,63.50,20.778
78031,32893,63.50,20.778
78033,16233,63.50,20.778
78041,32893,63.50,20.778
78043,16233,63.50,20.778
78050,32893,63.50,20.778
78053,16233,63.50,20.778
78060,32893,63.50,20.778
78063,16233,63.50,20.778
78071,32893,63.50,20.778
78074,16233,63.50,20.778
78081,32893,63.50,20.778
78083,16233,63.50,20.778
78091,32893,63.50,20.778
78093,16233,63.50,20.778
78100,32893,63.50,20.778
78104,16233,63.50,20.778
78110,32893,63.50,20.778
78113,16233,63.50,20.778
78120,32893,63.50,20.778
78123,16233,63.50,20.778
78130,32893,63.50,20.778
78133,16233,63.50,20.778
78140,32893,63.50,20.778
78144,16233,63.50,20.778
78151,32893,63.50,20.778
78154,16233,63.50,20.778
78161,32893,63.50,20.778
78163,16233,63.50,20.778
78171,32893,63.50,20.778
78173,16233,63.50,20.778
78181,32893,63.50,20.778
78183,16233,63.50,20.778
78191,32893,63.50,20.778
78193,16233,63.50,20.778
78200,32893,63.50,20.778
78203,16233,63.50,20.778
78210,32893,63.50,20.778
78213,16233,63.50,20.778
78220,32893,63.50,20.778
78223,16233,63.50,20.778
78230,32893,63.50,20.778
78234,16233,63.50,20.778
78241,32893,63.50,20.778
78244,16233,63.50,20.778
78251,32893,63.50,20.778
78254,16233,63.50,20.778
78261,32893,63.50,20.778
78264,16233,63.50,20.778
78271,32893,63.50,20.778
78273,16233,63.50,20.778
78280,32893,63.50,20.778
78284,16233,63.50,20.778
78290,32893,63.50,20.778
78293,16233,63.50,20.778
78301,32893,63.50,20.778
78304,16233,63.50,20.778
78311,32893,63.50,20.778
78313,16233,63.50,20.778
78320,32893,63.50,20.778
78323,16233,63.50,20.778
78331,32893,63.50,20.778
78333,16233,63.50,20.778
78341,32893,63.50,20.778
78343,16233,63.50,20.778
78351,32893,63.50,20.778
78353,16233,63.50,20.778
78360,32893,63.50,20.778
78363,16233,63.50,20.778
78370,32893,63.50,20.778
78373,16233,63.50,20.778
78381,32893,63.50,20.778
78383,16233,63.50,20.778
78390,32893,63.50,20.778
78393,16233,63.50,20.778
78401,32893,63.50,20.778
78403,16233,63.50,20.778
78411,32893,63.50,20.778
78413,16233,63.50,20.778
78420,32893,63.50,20.778
78424,16233,63.50,20.778
78431,32893,63.50,20.778
78433,16233,63.50,20.778
78441,32893,63.50,20.778
78444,16233,63.50,20.778
78451,32893,63.50,20.778
78453,16233,63.50,20.778
78461,32893,63.50,20.778
78464,16233,63.50,20.778
78470,32893,63.50,20.778
78473,16233,63.50,20.778
78480,32893,63.50,20.778
78483,16233,63.50,20.778
78491,32893,63.50,20.778
78494,16233,63.50,20.778
78501,32893,63.50,20.778
78503,16233,63.50,20.778
78511,32893,63.50,20.778
78513,16233,63.50,20.778
78521,32893,63.50,20.778
78523,16233,63.50,20.778
78531,32893,63.50,20.778
78533,16233,63.50,20.778
78541,32893,63.50,20.778
78543,16233,63.50,20.778
78551,32893,63.50,20.778
78554,16233,63.50,20.778
78560,32893,63.50,20.778
78563,16233,63.50,20.778
78570,32893,63.50,20.778
78573,16233,63.50,20.778
78580,32893,63.50,20.778
78583,16233,63.50,20.778
78591,32893,63.50,20.778
78593,16233,63.50,20.778
78601,32893,63.50,20.778
78603,16233,63.50,20.778
78611,32893,63.50,20.778
78614,16233,63.50,20.778
78620,32893,63.50,20.778
78623,16233,63.50,20.778
78630,32893,63.50,20.778
78633,16233,63.50,20.778
78641,32893,63.50,20.778
78643,16233,63.50,20.778
78650,32893,63.50,20.778
78653,16233,63.50,20.778
78660,32893,63.50,20.778
78663,16233,63.50,20.778
78671,32893,63.50,20.778
78673,16233,63.50,20.778
78680,32893,63.50,20.778
78683,16233,63.50,20.778
78690,32893,63.50,20.778
78693,16233,63.50,20.778
78700,32893,63.50,20.778
78703,16233,63.50,20.778
78711,32893,63.50,20.778
78713,16233,63.50,20.778
78720,32893,63.50,20.778
78723,16233,63.50,20.778
78730,32893,63.50,20.778
78733,16233,63.50,20.778
78741,32893,63.50,20.778
78743,16233,63.50,20.778
78750,32893,63.50,20.778
78753,16233,63.50,20.778
78761,32893,63.50,20.778
78763,16233,63.50,20.778
78770,32893,63.50,20.778
78773,16233,63.50,20.778
78781,32893,63.50,20.778
78783,16233,63.50,20.778
78791,32893,63.50,20.778
78793,16233,63.50,20.778
78800,32893,63.50,20.778
78803,16233,63.50,20.778
78810,32893,63.50,20.778
78813,16233,63.50,20.778
78820,32893,63.50,20.778
78823,16233,63.50,20.778
78830,32893,63.50,20.778
78834,16233,63.50,20.778
78840,32893,63.50,20.778
78843,16233,63.50,20.778
78850,32893,63.50,20.778
78853,16233,63.50,20.778
78860,32893,63.50,20.778
78863,16233,63.50,20.778
78871,32893,63.50,20.778
78873,16233,63.50,20.778
78881,32893,63.50,20.778
78883,16233,63.50,20.778
78890,32893,63.50,20.778
78893,16233,63.50,20.778
78900,32893,63.50,20.778
78903,16233,63.50,20.778
78911,32893,63.50,20.778
78913,16233,63.50,20.778
78921,32893,63.50,20.778
78924,16233,63.50,20.778
78931,32893,63.50,20.778
78934,16233,63.50,20.778
78941,32893,63.50,20.778
78944,16233,63.50,20.778
78951,32893,63.50,20.778
78953,16233,63.50,20.778
78960,32893,63.50,20.778
78963,16233,63.50,20.778
78971,32893,63.50,20.778
78973,16233,63.50,20.778
78981,32893,63.50,20.778
78984,16233,63.50,20.778
78991,32893,63.50,20.778
78994,16233,63.50,20.778
79000,32893,63.50,20.778
79003,16233,63.50,20.778
79011,32893,63.50,20.778
79013,16233,63.50,20.778
79021,32893,63.50,20.778
79023,16233,63.50,20.778
79030,32893,63.50,20.778
79033,16233,63.50,20.778
79041,32893,63.50,20.778
79043,16233,63.50,20.778
79051,32893,63.50,20.778
79053,16233,63.50,20.778
79061,32893,63.50,20.778
79063,16233,63.50,20.778
79071,32893,63.50,20.778
79073,16233,63.50,20.778
79082,32893,63.50,20.778
79084,16233,63.50,20.778
79091,32893,63.50,20.778
79094,16233,63.50,20.778
79101,32893,63.50,20.778
79103,16233,63.50,20.778
79110,32893,63.50,20.778
79113,16233,63.50,20.778
79120,32893,63.50,20.778
79123,16233,63.50,20.778
79131,32893,63.50,20.778
79133,16233,63.50,20.778
79141,32893,63.50,20.778
79144,16233,63.50,20.778
79150,32893,63.50,20.778
79153,16233,63.50,20.778
79160,32893,63.50,20.778
79163,16233,63.50,20.778
79171,32893,63.50,20.778
79173,16233,63.50,20.778
79180,32893,63.50,20.778
79183,16233,63.50,20.778
79190,32893,63.50,20.778
79193,16233,63.50,20.778
79200,32893,63.50,20.778
79203,16233,63.50,20.778
79211,32893,63.50,20.778
79214,16233,63.50,20.778
79221,32893,63.50,20.778
79223,16233,63.50,20.778
79231,32893,63.50,20.778
79233,16233,63.50,20.778
79241,32893,63.50,20.778
79243,16233,63.50,20.778
79251,32893,63.50,20.778
79253,16233,63.50,20.778
79262,32893,63.50,20.778
79263,16233,63.50,20.778
79270,32893,63.50,20.778
79273,16233,63.50,20.778
79280,32893,63.50,20.778
79283,16233,63.50,20.778
79291,32893,63.50,20.778
79293,16233,63.50,20.778
79301,32893,63.50,20.778
79304,16233,63.50,20.778
79310,32893,63.50,20.778
79313,16233,63.50,20.778
79320,32893,63.50,20.778
79324,16233,63.50,20.778
79331,32893,63.50,20.778
79334,16233,63.50,20.778
79341,32893,63.50,20.778
79344,16233,63.50,20.778
79351,32893,63.50,20.778
79353,16233,63.50,20.778
79361,32893,63.50,20.778
79363,16233,63.50,20.778
79371,32893,63.50,20.778
79373,16233,63.50,20.778
79380,32893,63.50,20.778
79384,16233,63.50,20.778
79390,32893,63.50,20.778
79393,16233,63.50,20.778
79400,32893,63.50,20.778
79403,16233,63.50,20.778
79410,32893,63.50,20.778
79413,16233,63.50,20.778
79420,32893,63.50,20.778
79423,16233,63.50,20.778
79430,32893,63.50,20.778
79433,16233,63.50,20.778
79440,32893,63.50,20.778
79443,16233,63.50,20.778
79451,32893,63.50,20.778
79454,16233,63.50,20.778
79460,32893,63.50,20.778
79463,16233,63.50,20.778
79470,32893,63.50,20.778
79473,16233,63.50,20.778
79480,32893,63.50,20.778
79483,16233,63.50,20.778
79491,32893,63.50,20.778
79493,16233,63.50,20.778
79501,32893,63.50,20.778
79503,16233,63.50,20.778
79510,32893,63.50,20.778
79513,16233,63.50,20.778
79520,32893,63.50,20.778
79523,16233,63.50,20.778
79530,32893,63.50,20.778
79533,16233,63.50,20.778
79540,32893,63.50,20.778
79543,16233,63.50,20.778
79551,32893,63.50,20.778
79553,16233,63.50,20.778
79560,32893,63.50,20.778
79563,16233,63.50,20.778
79571,32893,63.50,20.778
79573,16233,63.50,20.778
79580,32893,63.50,20.778
79583,16233,63.50,20.778
79590,32893,63.50,20.778
79593,16233,63.50,20.778
79600,32893,63.50,20.778
79603,16233,63.50,20.778
79611,32893,63.50,20.778
79614,16233,63.50,20.778
79620,32893,63.50,20.778
79623,16233,63.50,20.778
79630,32893,63.50,20.778
79633,16233,63.50,20.778
79640,32893,63.50,20.778
79643,16233,63.50,20.778
79650,32893,63.50,20.778
79653,16233,63.50,20.778
79660,32893,63.50,20.778
79663,16233,63.50,20.778
79670,32893,63.50,20.778
79673,16233,63.50,20.778
79681,32893,63.50,20.778
79683,16233,63.50,20.778
79690,32893,63.50,20.778
79693,16233,63.50,20.778
79700,32893,63.50,20.778
79703,16233,63.50,20.778
79710,32893,63.50,20.778
79713,16233,63.50,20.778
79720,32893,63.50,20.778
79723,16233,63.50,20.778
79730,32893,63.50,20.778
79733,16233,63.50,20.778
79740,32893,63.50,20.778
79743,16233,63.50,20.778
79751,32893,63.50,20.778
79753,16233,63.50,20.778
79761,32893,63.50,20.778
79763,16233,63.50,20.778
79770,32893,63.50,20.778
79773,16233,63.50,20.778
79780,32893,63.50,20.778
79783,16233,63.50,20.778
79790,32893,63.50,20.778
79793,16233,63.50,20.778
79800,32893,63.50,20.778
79803,16233,63.50,20.778
79811,32893,63.50,20.778
79813,16233,63.50,20.778
79820,32893,63.50,20.778
79823,16233,63.50,20.778
79830,32893,63.50,20.778
79833,16233,63.50,20.778
79840,32893,63.50,20.778
79843,16233,63.50,20.778
79850,32893,63.50,20.778
79853,16233,63.50,20.778
79860,32893,63.50,20.778
79863,16233,63.50,20.778
79870,32893,63.50,20.778
79873,16233,63.50,20.778
79880,32893,63.50,20.778
79883,16233,63.50,20.778
79890,32893,63.50,20.778
79893,16233,63.50,20.778
79900,32893,63.50,20.778
79903,16233,63.50,20.778
79910,32893,63.50,20.778
79913,16233,63.50,20.778
79920,32893,63.50,20.778
79923,16233,63.50,20.778
79931,32893,63.50,20.778
79933,16233,63.50,20.778
79941,32893,63.50,20.778
79944,16233,63.50,20.778
79951,32893,63.50,20.778
79953,16233,63.50,20.778
79961,32893,63.50,20.778
79963,16233,63.50,20.778
79970,32893,63.50,20.778
79973,16233,63.50,20.778
79980,32893,63.50,20.778
79983,16233,63.50,20.778
79990,32893,63.50,20.778
79993,16233,63.50,20.778
80000,32893,63.50,20.778
80003,16233,63.50,20.778
80010,32893,63.50,20.778
80013,16233,63.50,20.778
80020,32893,63.50,20.778
80023,16233,63.50,20.778
80031,32893,63.50,20.778
80033,16233,63.50,20.778
80040,32893,63.50,20.778
80043,16233,63.50,20.778
80050,32893,63.50,20.778
80053,16233,63.50,20.778
80060,32893,63.50,20.778
80063,16233,63.50,20.778
80070,32893,63.50,20.778
80073,16233,63.50,20.778
80081,32893,63.50,20.778
80083,16233,63.50,20.778
80090,32893,63.50,20.778
80093,16233,63.50,20.778
80101,32893,63.50,20.778
80103,16233,63.50,20.778
80111,32893,63.50,20.778
80113,16233,63.50,20.778
80120,32893,63.50,20.778
80123,16233,63.50,20.778
80130,32893,63.50,20.778
80134,16233,63.50,20.778
80140,32893,63.50,20.778
80143,16233,63.50,20.778
80151,32893,63.50,20.778
80153,16233,63.50,20.778
80161,32893,63.50,20.778
80163,16233,63.50,20.778
80170,32893,63.50,20.778
80173,16233,63.50,20.778
80180,32893,63.50,20.778
80183,16233,63.50,20.778
80191,32893,63.50,20.778
80193,16233,63.50,20.778
80200,32893,63.50,20.778
80203,16233,63.50,20.778
80210,32893,63.50,20.778
80213,16233,63.50,20.778
80220,32893,63.50,20.778
80224,16233,63.50,20.778
80231,32893,63.50,20.778
80233,16233,63.50,20.778
80240,32893,63.50,20.778
80243,16233,63.50,20.778
80250,32893,63.50,20.778
80253,16233,63.50,20.778
80261,32893,63.50,20.778
80263,16233,63.50,20.778
80271,32893,63.50,20.778
80274,16233,63.50,20.778
80281,32893,63.50,20.778
80283,16233,63.50,20.778
80290,32893,63.50,20.778
80293,16233,63.50,20.778
80301,32893,63.50,20.778
80303,16233,63.50,20.778
80311,32893,63.50,20.778
80314,16233,63.50,20.778
80320,32893,63.50,20.778
80323,16233,63.50,20.778
80330,32893,63.50,20.778
80333,16233,63.50,20.778
80340,32893,63.50,20.778
80343,16233,63.50,20.778
80351,32893,63.50,20.778
80353,16233,63.50,20.778
80360,32893,63.50,20.778
80363,16233,63.50,20.778
80370,32893,63.50,20.778
80373,16233,63.50,20.778
80380,32893,63.50,20.778
80383,16233,63.50,20.778
80390,32893,63.50,20.778
80393,16233,63.50,20.778
80401,32893,63.50,20.778
80403,16233,63.50,20.778
80411,32893,63.50,20.778
80413,16233,63.50,20.778
80420,32893,63.50,20.778
80423,16233,63.50,20.778
80430,32893,63.50,20.778
80433,16233,63.50,20.778
80441,32893,63.50,20.778
80443,16233,63.50,20.778
80450,32893,63.50,20.778
80453,16233,63.50,20.778
80461,32893,63.50,20.778
80463,16233,63.50,20.778
80471,32893,63.50,20.778
80473,16233,63.50,20.778
80480,32893,63.50,20.778
80483,16233,63.50,20.778
80491,32893,63.50,20.778
80493,16233,63.50,20.778
80500,32893,63.50,20.778
80503,16233,63.50,20.778
80511,32893,63.50,20.778
80513,16233,63.50,20.778
80521,32893,63.50,20.778
80524,16233,63.50,20.778
80531,32893,63.50,20.778
80533,16233,63.50,20.778
80541,32893,63.50,20.778
80543,16233,63.50,20.778
80551,32893,63.50,20.778
80553,16233,63.50,20.778
80560,32893,63.50,20.778
80563,16233,63.50,20.778
80571,32893,63.50,20.778
80573,16233,63.50,20.778
80580,32893,63.50,20.778
80584,16233,63.50,20.778
80591,32893,63.50,20.778
80594,16233,63.50,20.778
80601,32893,63.50,20.778
80603,16233,63.50,20.778
80611,32893,63.50,20.778
80613,16233,63.50,20.778
80621,32893,63.50,20.778
80623,16233,63.50,20.778
80631,32893,63.50,20.778
80633,16233,63.50,20.778
80640,32893,63.50,20.778
80643,16233,63.50,20.778
80651,32893,63.50,20.778
80653,16233,63.50,20.778
80661,32893,63.50,20.778
80663,16233,63.50,20.778
80671,32893,63.50,20.778
80673,16233,63.50,20.778
80681,32893,63.50,20.778
80683,16233,63.50,20.778
80690,32893,63.50,20.778
80693,16233,63.50,20.778
80700,32893,63.50,20.778
80703,16233,63.50,20.778
80710,32893,63.50,20.778
80713,16233,63.50,20.778
80721,32893,63.50,20.778
80723,16233,63.50,20.778
80731,32893,63.50,20.778
80733,16233,63.50,20.778
80741,32893,63.50,20.778
80743,16233,63.50,20.778
80751,32893,63.50,20.778
80753,16233,63.50,20.778
80761,32893,63.50,20.778
80763,16233,63.50,20.778
80771,32893,63.50,20.778
80773,16233,63.50,20.778
80781,32893,63.50,20.778
80783,16233,63.50,20.778
80790,32893,63.50,20.778
80793,16233,63.50,20.778
80801,32893,63.50,20.778
80803,16233,63.50,20.778
80810,32893,63.50,20.778
80813,16233,63.50,20.778
80820,32893,63.50,20.778
80823,16233,63.50,20.778
80831,32893,63.50,20.778
80833,16233,63.50,20.778
80840,32893,63.50,20.778
80843,16233,63.50,20.778
80851,32893,63.50,20.778
80853,16233,63.50,20.778
80861,32893,63.50,20.778
80863,16233,63.50,20.778
80871,32893,63.50,20.778
80874,16233,63.50,20.778
80880,32893,63.50,20.778
80883,16233,63.50,20.778
80891,32893,63.50,20.778
80893,16233,63.50,20.778
80901,32893,63.50,20.778
80903,16233,63.50,20.778
80911,32893,63.50,20.778
80913,16233,63.50,20.778
80920,32893,63.50,20.778
80923,16233,63.50,20.778
80931,32893,63.50,20.778
80933,16233,63.50,20.778
80940,32893,63.50,20.778
80943,16233,63.50,20.778
80950,32893,63.50,20.778
80953,16233,63.50,20.778
80960,32893,63.50,20.778
80963,16233,63.50,20.778
80971,32893,63.50,20.778
80973,16233,63.50,20.778
80981,32893,63.50,20.778
80983,16233,63.50,20.778
80991,32893,63.50,20.778
80993,16233,63.50,20.778
81000,32893,63.50,20.778
81003,16233,63.50,20.778
81011,32893,63.50,20.778
81013,16233,63.50,20.778
81021,32893,63.50,20.778
81023,16233,63.50,20.778
81030,32893,63.50,20.778
81034,16233,63.50,20.778
81042,32893,63.50,20.778
81043,16233,63.50,20.778
81051,32893,63.50,20.778
81053,16233,63.50,20.778
81061,32893,63.50,20.778
81063,16233,63.50,20.778
81070,32893,63.50,20.778
81073,16233,63.50,20.778
81080,32893,63.50,20.778
81083,16233,63.50,20.778
81090,32893,63.50,20.778
81093,16233,63.50,20.778
81101,32893,63.50,20.778
81103,16233,63.50,20.778
81111,32893,63.50,20.778
81113,16233,63.50,20.778
81120,32893,63.50,20.778
81123,16233,63.50,20.778
81130,32893,63.50,20.778
81134,16233,63.50,20.778
81141,32893,63.50,20.778
81143,16233,63.50,20.778
81151,32893,63.50,20.778
81153,16233,63.50,20.778
81160,32893,63.50,20.778
81163,16233,63.50,20.778
81171,32893,63.50,20.778
81173,16233,63.50,20.778
81180,32893,63.50,20.778
81183,16233,63.50,20.778
81191,32893,63.50,20.778
81193,16233,63.50,20.778
81200,32893,63.50,20.778
81203,16233,63.50,20.778
81211,32893,63.50,20.778
81213,16233,63.50,20.778
81220,32893,63.50,20.778
81223,16233,63.50,20.778
81230,32893,63.50,20.778
81233,16233,63.50,20.778
81240,32893,63.50,20.778
81243,16233,63.50,20.778
81251,32893,63.50,20.778
81253,16233,63.50,20.778
81261,32893,63.50,20.778
81263,16233,63.50,20.778
81270,32893,63.50,20.778
81273,16233,63.50,20.778
81280,32893,63.50,20.778
81283,16233,63.50,20.778
81290,32893,63.50,20.778
81293,16233,63.50,20.778
81300,32893,63.50,20.778
81303,16233,63.50,20.778
81310,32893,63.50,20.778
81313,16233,63.50,20.778
81320,32893,63.50,20.778
81323,16233,63.50,20.778
81330,32893,63.50,20.778
81333,16233,63.50,20.778
81340,32893,63.50,20.778
81343,16233,63.50,20.778
81350,32893,63.50,20.778
81353,16233,63.50,20.778
81360,32893,63.50,20.778
81363,16233,63.50,20.778
81370,32893,63.50,20.778
81373,16233,63.50,20.778
81381,32893,63.50,20.778
81383,16233,63.50,20.778
81390,32893,63.50,20.778
81393,16233,63.50,20.778
81400,32893,63.50,20.778
81403,16233,63.50,20.778
81411,32893,63.50,20.778
81413,16233,63.50,20.778
81420,32893,63.50,20.778
81423,16233,63.50,20.778
81430,32893,63.50,20.778
81433,16233,63.50,20.778
81440,32893,63.50,20.778
81443,16233,63.50,20.778
81450,32893,63.50,20.778
81453,16233,63.50,20.778
81460,32893,63.50,20.778
81463,16233,63.50,20.778
81470,32893,63.50,20.778
81473,16233,63.50,20.778
81481,32893,63.50,20.778
81483,16233,63.50,20.778
81491,32893,63.50,20.778
81493,16233,63.50,20.778
81501,32893,63.50,20.778
81503,16233,63.50,20.778
81511,32893,63.50,20.778
81513,16233,63.50,20.778
81521,32893,63.50,20.778
81523,16233,63.50,20.778
81531,32893,63.50,20.778
81534,16233,63.50,20.778
81541,32893,63.50,20.778
81543,16233,63.50,20.778
81551,32893,63.50,20.778
81553,16233,63.50,20.778
81561,32893,63.50,20.778
81563,16233,63.50,20.778
81570,32893,63.50,20.778
81573,16233,63.50,20.778
81580,32893,63.50,20.778
81583,16233,63.50,20.778
81590,32893,63.50,20.778
81593,16233,63.50,20.778
81601,32893,63.50,20.778
81603,16233,63.50,20.778
81610,32893,63.50,20.778
81613,16233,63.50,20.778
81620,32893,63.50,20.778
81623,16233,63.50,20.778
81631,32893,63.50,20.778
81633,16233,63.50,20.778
81640,32893,63.50,20.778
81643,16233,63.50,20.778
81651,32893,63.50,20.778
81653,16233,63.50,20.778
81661,32893,63.50,20.778
81663,16233,63.50,20.778
81670,32893,63.50,20.778
81673,16233,63.50,20.778
81681,32893,63.50,20.778
81683,16233,63.50,20.778
81690,32893,63.50,20.778
81693,16233,63.50,20.778
81700,32893,63.50,20.778
81703,16233,63.50,20.778
81711,32893,63.50,20.778
81713,16233,63.50,20.778
81721,32893,63.50,20.778
81723,16233,63.50,20.778
81731,32893,63.50,20.778
81733,16233,63.50,20.778
81741,32893,63.50,20.778
81743,16233,63.50,20.778
81751,32893,63.50,20.778
81753,16233,63.50,20.778
81761,32893,63.50,20.778
81764,16233,63.50,20.778
81771,32893,63.50,20.778
81773,16233,63.50,20.778
81781,32893,63.50,20.778
81783,16233,63.50,20.778
81790,32893,63.50,20.778
81793,16233,63.50,20.778
81800,32893,63.50,20.778
81803,16233,63.50,20.778
81810,32893,63.50,20.778
81813,16233,63.50,20.778
81821,32893,63.50,20.778
81823,16233,63.50,20.778
81830,32893,63.50,20.778
81833,16233,63.50,20.778
81841,32893,63.50,20.778
81843,16233,63.50,20.778
81850,32893,63.50,20.778
81853,16233,63.50,20.778
81860,32893,63.50,20.778
81864,16233,63.50,20.778
81871,32893,63.50,20.778
81873,16233,63.50,20.778
81880,32893,63.50,20.778
81883,16233,63.50,20.778
81891,32893,63.50,20.778
81893,16233,63.50,20.778
81900,32893,63.50,20.778
81903,16233,63.50,20.778
81911,32893,63.50,20.778
81913,16233,63.50,20.778
81921,32893,63.50,20.778
81924,16233,63.50,20.778
81931,32893,63.50,20.778
81933,16233,63.50,20.778
81941,32893,63.50,20.778
81943,16233,63.50,20.778
81951,32893,63.50,20.778
81953,16233,63.50,20.778
81960,32893,63.50,20.778
81963,16233,63.50,20.778
81971,32893,63.50,20.778
81973,16233,63.50,20.778
81981,32893,63.50,20.778
81983,16233,63.50,20.778
81990,32893,63.50,20.778
81993,16233,63.50,20.778
82000,32893,63.50,20.778
82003,16233,63.50,20.778
82010,32893,63.50,20.778
82013,16233,63.50,20.778
82020,32893,63.50,20.778
82023,16233,63.50,20.778
82030,32893,63.50,20.778
82033,16233,63.50,20.778
82041,32893,63.50,20.778
82043,16233,63.50,20.778
82050,32893,63.50,20.778
82053,16233,63.50,20.778
82060,32893,63.50,20.778
82063,16233,63.50,20.778
82070,32893,63.50,20.778
82073,16233,63.50,20.778
82081,32893,63.50,20.778
82083,16233,63.50,20.778
82091,32893,63.50,20.778
82093,16233,63.50,20.778
82101,32893,63.50,20.778
82103,16233,63.50,20.778
82110,32893,63.50,20.778
82113,16233,63.50,20.778
82121,32893,63.50,20.778
82123,16233,63.50,20.778
82130,32893,63.50,20.778
82133,16233,63.50,20.778
82140,32893,63.50,20.778
82143,16233,63.50,20.778
82151,32893,63.50,20.778
82153,16233,63.50,20.778
82160,32893,63.50,20.778
82163,16233,63.50,20.778
82170,32893,63.50,20.778
82174,16233,63.50,20.778
82181,32893,63.50,20.778
82184,16233,63.50,20.778
82191,32893,63.50,20.778
82193,16233,63.50,20.778
82200,32893,63.50,20.778
82203,16233,63.50,20.778
82211,32893,63.50,20.778
82213,16233,63.50,20.778
82221,32893,63.50,20.778
82224,16233,63.50,20.778
82231,32893,63.50,20.778
82233,16233,63.50,20.778
82240,32893,63.50,20.778
82243,16233,63.50,20.778
82250,32893,63.50,20.778
82253,16233,63.50,20.778
82261,32893,63.50,20.778
82263,16233,63.50,20.778
82271,32893,63.50,20.778
82273,16233,63.50,20.778
82280,32893,63.50,20.778
82284,16233,63.50,20.778
82290,32893,63.50,20.778
82293,16233,63.50,20.778
82300,32893,63.50,20.778
82303,16233,63.50,20.778
82310,32893,63.50,20.778
82313,16233,63.50,20.778
82320,32893,63.50,20.778
82323,16233,63.50,20.778
82331,32893,63.50,20.778
82333,16233,63.50,20.778
82341,32893,63.50,20.778
82343,16233,63.50,20.778
82351,32893,63.50,20.778
82353,16233,63.50,20.778
82360,32893,63.50,20.778
82363,16233,63.50,20.778
82370,32893,63.50,20.778
82373,16233,63.50,20.778
82380,32893,63.50,20.778
82384,16233,63.50,20.778
82390,32893,63.50,20.778
82393,16233,63.50,20.778
82401,32893,63.50,20.778
82403,16233,63.50,20.778
82410,32893,63.50,20.778
82413,16233,63.50,20.778
82420,32893,63.50,20.778
82423,16233,63.50,20.778
82430,32893,63.50,20.778
82433,16233,63.50,20.778
82440,32893,63.50,20.778
82443,16233,63.50,20.778
82451,32893,63.50,20.778
82453,16233,63.50,20.778
82460,32893,63.50,20.778
82463,16233,63.50,20.778
82471,32893,63.50,20.778
82473,16233,63.50,20.778
82481,32893,63.50,20.778
82483,16233,63.50,20.778
82491,32893,63.50,20.778
82493,16233,63.50,20.778
82500,32893,63.50,20.778
82503,16233,63.50,20.778
82510,32893,63.50,20.778
82513,16233,63.50,20.778
82520,32893,63.50,20.778
82523,16233,63.50,20.778
82531,32893,63.50,20.778
82533,16233,63.50,20.778
82540,32893,63.50,20.778
82543,16233,63.50,20.778
82550,32893,63.50,20.778
82553,16233,63.50,20.778
82560,32893,63.50,20.778
82563,16233,63.50,20.778
82570,32893,63.50,20.778
82573,16233,63.50,20.778
82581,32893,63.50,20.778
82583,16233,63.50,20.778
82591,32893,63.50,20.778
82593,16233,63.50,20.778
82600,32893,63.50,20.778
82603,16233,63.50,20.778
82610,32893,63.50,20.778
82613,16233,63.50,20.778
82620,32893,63.50,20.778
82623,16233,63.50,20.778
82631,32893,63.50,20.778
82633,16233,63.50,20.778
82640,32893,63.50,20.778
82643,16233,63.50,20.778
82650,32893,63.50,20.778
82653,16233,63.50,20.778
82660,32893,63.50,20.778
82663,16233,63.50,20.778
82670,32893,63.50,20.778
82673,16233,63.50,20.778
82680,32893,63.50,20.778
82683,16233,63.50,20.778
82691,32893,63.50,20.778
82693,16233,63.50,20.778
82701,32893,63.50,20.778
82703,16233,63.50,20.778
82710,32893,63.50,20.778
82713,16233,63.50,20.778
82720,32893,63.50,20.778
82723,16233,63.50,20.778
82730,32893,63.50,20.778
82733,16233,63.50,20.778
82740,32893,63.50,20.778
82743,16233,63.50,20.778
82751,32893,63.50,20.778
82753,16233,63.50,20.778
82761,32893,63.50,20.778
82763,16233,63.50,20.778
82771,32893,63.50,20.778
82773,16233,63.50,20.778
82781,32893,63.50,20.778
82783,16233,63.50,20.778
82790,32893,63.50,20.778
82793,16233,63.50,20.778
82801,32893,63.50,20.778
82803,16233,63.50,20.778
82811,32893,63.50,20.778
82814,16233,63.50,20.778
82820,32893,63.50,20.778
82823,16233,63.50,20.778
82830,32893,63.50,20.778
82833,16233,63.50,20.778
82841,32893,63.50,20.778
82843,16233,63.50,20.778
82850,32893,63.50,20.778
82853,16233,63.50,20.778
82860,32893,63.50,20.778
82863,16233,63.50,20.778
82870,32893,63.50,20.778
82873,16233,63.50,20.778
82881,32893,63.50,20.778
82883,16233,63.50,20.778
82890,32893,63.50,20.778
82893,16233,63.50,20.778
82900,32893,63.50,20.778
82903,16233,63.50,20.778
82910,32893,63.50,20.778
82913,16233,63.50,20.778
82921,32893,63.50,20.778
82923,16233,63.50,20.778
82930,32893,63.50,20.778
82933,16233,63.50,20.778
82940,32893,63.50,20.778
82943,16233,63.50,20.778
82950,32893,63.50,20.778
82953,16233,63.50,20.778
82960,32893,63.50,20.778
82963,16233,63.50,20.778
82971,32893,63.50,20.778
82973,16233,63.50,20.778
82981,32893,63.50,20.778
82983,16233,63.50,20.778
82990,32893,63.50,20.778
82993,16233,63.50,20.778
83000,32893,63.50,20.778
83003,16233,63.50,20.778
83011,32893,63.50,20.778
83013,16233,63.50,20.778
83020,32893,63.50,20.778
83023,16233,63.50,20.778
83030,32893,63.50,20.778
83033,16233,63.50,20.778
83041,32893,63.50,20.778
83043,16233,63.50,20.778
83051,32893,63.50,20.778
83053,16233,63.50,20.778
83060,32893,63.50,20.778
83063,16233,63.50,20.778
83070,32893,63.50,20.778
83073,16233,63.50,20.778
83081,32893,63.50,20.778
83083,16233,63.50,20.778
83091,32893,63.50,20.778
83093,16233,63.50,20.778
83101,32893,63.50,20.778
83103,16233,63.50,20.778
83110,32893,63.50,20.778
83113,16233,63.50,20.778
83121,32893,63.50,20.778
83123,16233,63.50,20.778
83131,32893,63.50,20.778
83134,16233,63.50,20.778
83141,32893,63.50,20.778
83143,16233,63.50,20.778
83151,32893,63.50,20.778
83153,16233,63.50,20.778
83161,32893,63.50,20.778
83163,16233,63.50,20.778
83170,32893,63.50,20.778
83173,16233,63.50,20.778
83181,32893,63.50,20.778
83183,16233,63.50,20.778
83190,32893,63.50,20.778
83193,16233,63.50,20.778
83200,32893,63.50,20.778
83203,16233,63.50,20.778
83210,32893,63.50,20.778
83213,16233,63.50,20.778
83221,32893,63.50,20.778
83225,16233,63.50,20.778
83231,32893,63.50,20.778
83233,16233,63.50,20.778
83240,32893,63.50,20.778
83243,16233,63.50,20.778
83250,32893,63.50,20.778
83253,16233,63.50,20.778
83260,32893,63.50,20.778
83263,16233,63.50,20.778
83270,32893,63.50,20.778
83273,16233,63.50,20.778
83281,32893,63.50,20.778
83283,16233,63.50,20.778
83290,32893,63.50,20.778
83293,16233,63.50,20.778
83300,32893,63.50,20.778
83303,16233,63.50,20.778
83311,32893,63.50,20.778
83313,16233,63.50,20.778
83320,32893,63.50,20.778
83323,16233,63.50,20.778
83330,32893,63.50,20.778
83333,16233,63.50,20.778
83341,32893,63.50,20.778
83343,16233,63.50,20.778
83350,32893,63.50,20.778
83353,16233,63.50,20.778
83361,32893,63.50,20.778
83363,16233,63.50,20.778
83370,32893,63.50,20.778
83373,16233,63.50,20.778
83381,32893,63.50,20.778
83383,16233,63.50,20.778
83390,32893,63.50,20.778
83393,16233,63.50,20.778
83400,32893,63.50,20.778
83403,16233,63.50,20.778
83411,32893,63.50,20.778
83413,16233,63.50,20.778
83420,32893,63.50,20.778
83423,16233,63.50,20.778
83430,32893,63.50,20.778
83433,16233,63.50,20.778
83440,32893,63.50,20.778
83443,16233,63.50,20.778
83450,32893,63.50,20.778
83453,16233,63.50,20.778
83460,32893,63.50,20.778
83463,16233,63.50,20.778
83471,32893,63.50,20.778
83473,16233,63.50,20.778
83481,32893,63.50,20.778
83483,16233,63.50,20.778
83491,32893,63.50,20.778
83493,16233,63.50,20.778
83501,32893,63.50,20.778
83503,16233,63.50,20.778
83511,32893,63.50,20.778
83513,16233,63.50,20.778
83521,32893,63.50,20.778
83523,16233,63.50,20.778
83531,32893,63.50,20.778
83534,16233,63.50,20.778
83541,32893,63.50,20.778
83543,16233,63.50,20.778
83550,32893,63.50,20.778
83553,16233,63.50,20.778
83561,32893,63.50,20.778
83563,16233,63.50,20.778
83570,32893,63.50,20.778
83573,16233,63.50,20.778
83581,32893,63.50,20.778
83584,16233,63.50,20.778
83590,32893,63.50,20.778
83593,16233,63.50,20.778
83600,32893,63.50,20.778
83603,16233,63.50,20.778
83610,32893,63.50,20.778
83613,16233,63.50,20.778
83620,32893,63.50,20.778
83623,16233,63.50,20.778
83630,32893,63.50,20.778
83633,16233,63.50,20.778
83640,32893,63.50,20.778
83643,16233,63.50,20.778
83651,32893,63.50,20.778
83654,16233,63.50,20.778
83661,32893,63.50,20.778
83663,16233,63.50,20.778
83671,32893,63.50,20.778
83673,16233,63.50,20.778
83681,32893,63.50,20.778
83683,16233,63.50,20.778
83691,32893,63.50,20.778
83693,16233,63.50,20.778
83701,32893,63.50,20.778
83703,16233,63.50,20.778
83710,32893,63.50,20.778
83713,16233,63.50,20.778
83721,32893,63.50,20.778
83723,16233,63.50,20.778
83731,32893,63.50,20.778
83733,16233,63.50,20.778
83741,32893,63.50,20.778
83743,16233,63.50,20.778
83751,32893,63.50,20.778
83753,16233,63.50,20.778
83760,32893,63.50,20.778
83763,16233,63.50,20.778
83770,32893,63.50,20.778
83773,16233,63.50,20.778
83780,32893,63.50,20.778
83783,16233,63.50,20.778
83790,32893,63.50,20.778
83793,16233,63.50,20.778
83800,32893,63.50,20.778
83803,16233,63.50,20.778
83810,32893,63.50,20.778
83814,16233,63.50,20.778
83820,32893,63.50,20.778
83823,16233,63.50,20.778
83831,32893,63.50,20.778
83833,16233,63.50,20.778
83841,32893,63.50,20.778
83843,16233,63.50,20.778
83851,32893,63.50,20.778
83853,16233,63.50,20.778
83860,32893,63.50,20.778
83863,16233,63.50,20.778
83870,32893,63.50,20.778
83873,16233,63.50,20.778
83881,32893,63.50,20.778
83883,16233,63.50,20.778
83890,32893,63.50,20.778
83893,16233,63.50,20.778
83901,32893,63.50,20.778
83904,16233,63.50,20.778
83911,32893,63.50,20.778
83913,16233,63.50,20.778
83921,32893,63.50,20.778
83923,16233,63.50,20.778
83931,32893,63.50,20.778
83933,16233,63.50,20.778
83941,32893,63.50,20.778
83943,16233,63.50,20.778
83951,32893,63.50,20.778
83953,16233,63.50,20.778
83961,32893,63.50,20.778
83963,16233,63.50,20.778
83971,32893,63.50,20.778
83974,16233,63.50,20.778
83981,32893,63.50,20.778
83983,16233,63.50,20.778
83990,32893,63.50,20.778
83993,16233,63.50,20.778
84001,32893,63.50,20.778
84003,16233,63.50,20.778
84010,32893,63.50,20.778
84013,16233,63.50,20.778
84020,32893,63.50,20.778
84023,16233,63.50,20.778
84031,32893,63.50,20.778
84033,16233,63.50,20.778
84040,32893,63.50,20.778
84043,16233,63.50,20.778
84050,32893,63.50,20.778
84053,16233,63.50,20.778
84061,32893,63.50,20.778
84063,16233,63.50,20.778
84070,32893,63.50,20.778
84073,16233,63.50,20.778
84080,32893,63.50,20.778
84083,16233,63.50,20.778
84091,32893,63.50,20.778
84094,16233,63.50,20.778
84100,32893,63.50,20.778
84103,16233,63.50,20.778
84110,32893,63.50,20.778
84113,16233,63.50,20.778
84120,32893,63.50,20.778
84123,16233,63.50,20.778
84130,32893,63.50,20.778
84133,16233,63.50,20.778
84141,32893,63.50,20.778
84143,16233,63.50,20.778
84150,32893,63.50,20.778
84154,16233,63.50,20.778
84160,32893,63.50,20.778
84163,16233,63.50,20.778
84170,32893,63.50,20.778
84173,16233,63.50,20.778
84180,32893,63.50,20.778
84183,16233,63.50,20.778
84190,32893,63.50,20.778
84193,16233,63.50,20.778
84201,32893,63.50,20.778
84203,16233,63.50,20.778
84210,32893,63.50,20.778
84213,16233,63.50,20.778
84220,32893,63.50,20.778
84223,16233,63.50,20.778
84230,32893,63.50,20.778
84233,16233,63.50,20.778
84241,32893,63.50,20.778
84243,16233,63.50,20.778
84250,32893,63.50,20.778
84254,16233,63.50,20.778
84260,32893,63.50,20.778
84263,16233,63.50,20.778
84270,32893,63.50,20.778
84273,16233,63.50,20.778
84281,32893,63.50,20.778
84283,16233,63.50,20.778
84291,32893,63.50,20.778
84293,16233,63.50,20.778
84301,32893,63.50,20.778
84303,16233,63.50,20.778
84311,32893,63.50,20.778
84313,16233,63.50,20.778
84321,32893,63.50,20.778
84323,16233,63.50,20.778
84330,32893,63.50,20.778
84333,16233,63.50,20.778
84340,32893,63.50,20.778
84343,16233,63.50,20.778
84350,32893,63.50,20.778
84353,16233,63.50,20.778
84360,32893,63.50,20.778
84363,16233,63.50,20.778
84370,32893,63.50,20.778
84373,16233,63.50,20.778
84380,32893,63.50,20.778
84383,16233,63.50,20.778
84390,32893,63.50,20.778
84393,16233,63.50,20.778
84401,32893,63.50,20.778
84403,16233,63.50,20.778
84411,32893,63.50,20.778
84413,16233,63.50,20.778
84421,32893,63.50,20.778
84423,16233,63.50,20.778
84431,32893,63.50,20.778
84433,16233,63.50,20.778
84440,32893,63.50,20.778
84443,16233,63.50,20.778
84450,32893,63.50,20.778
84453,16233,63.50,20.778
84461,32893,63.50,20.778
84463,16233,63.50,20.778
84471,32893,63.50,20.778
84473,16233,63.50,20.778
84481,32893,63.50,20.778
84483,16233,63.50,20.778
84491,32893,63.50,20.778
84493,16233,63.50,20.778
84500,32893,63.50,20.778
84503,16233,63.50,20.778
84511,32893,63.50,20.778
84513,16233,63.50,20.778
84521,32893,63.50,20.778
84523,16233,63.50,20.778
84531,32893,63.50,20.778
84533,16233,63.50,20.778
84541,32893,63.50,20.778
84543,16233,63.50,20.778
84550,32893,63.50,20.778
84553,16233,63.50,20.778
84561,32893,63.50,20.778
84563,16233,63.50,20.778
84571,32893,63.50,20.778
84573,16233,63.50,20.778
84580,32893,63.50,20.778
84584,16233,63.50,20.778
84591,32893,63.50,20.778
84594,16233,63.50,20.778
84601,32893,63.50,20.778
84603,16233,63.50,20.778
84611,32893,63.50,20.778
84614,16233,63.50,20.778
84620,32893,63.50,20.778
84623,16233,63.50,20.778
84631,32893,63.50,20.778
84633,16233,63.50,20.778
84641,32893,63.50,20.778
84643,16233,63.50,20.778
84651,32893,63.50,20.778
84653,16233,63.50,20.778
84661,32893,63.50,20.778
84664,16233,63.50,20.778
84670,32893,63.50,20.778
84673,16233,63.50,20.778
84681,32893,63.50,20.778
84683,16233,63.50,20.778
84691,32893,63.50,20.778
84694,16233,63.50,20.778
84701,32893,63.50,20.778
84704,16233,63.50,20.778
84711,32893,63.50,20.778
84713,16233,63.50,20.778
84721,32893,63.50,20.778
84723,16233,63.50,20.778
84731,32893,63.50,20.778
84733,16233,63.50,20.778
84741,32893,63.50,20.778
84743,16233,63.50,20.778
84750,32893,63.50,20.778
84753,16233,63.50,20.778
84761,32893,63.50,20.778
84763,16233,63.50,20.778
84771,32893,63.50,20.778
84773,16233,63.50,20.778
84781,32893,63.50,20.778
84783,16233,63.50,20.778
84791,32893,63.50,20.778
84794,16233,63.50,20.778
84801,32893,63.50,20.778
84804,16233,63.50,20.778
84811,32893,63.50,20.778
84814,16233,63.50,20.778
84821,32893,63.50,20.778
84823,16233,63.50,20.778
84831,32893,63.50,20.778
84833,16233,63.50,20.778
84841,32893,63.50,20.778
84843,16233,63.50,20.778
84851,32893,63.50,20.778
84853,16233,63.50,20.778
84861,32893,63.50,20.778
84864,16233,63.50,20.778
84871,32893,63.50,20.778
84873,16233,63.50,20.778
84881,32893,63.50,20.778
84883,16233,63.50,20.778
84890,32893,63.50,20.778
84893,16233,63.50,20.778
84901,32893,63.50,20.778
84903,16233,63.50,20.778
84911,32893,63.50,20.778
84913,16233,63.50,20.778
84921,32893,63.50,20.778
84923,16233,63.50,20.778
84931,32893,63.50,20.778
84934,16233,63.50,20.778
84941,32893,63.50,20.778
84943,16233,63.50,20.778
84951,32893,63.50,20.778
84953,16233,63.50,20.778
84961,32893,63.50,20.778
84963,16233,63.50,20.778
84970,32893,63.50,20.778
84973,16233,63.50,20.778
84981,32893,63.50,20.778
84983,16233,63.50,20.778
84991,32893,63.50,20.778
84993,16233,63.50,20.778
85001,32893,63.50,20.778
85003,16233,63.50,20.778
85010,32893,63.50,20.778
85013,16233,63.50,20.778
85021,32893,63.50,20.778
85024,16233,63.50,20.778
85030,32893,63.50,20.778
85033,16233,63.50,20.778
85041,32893,63.50,20.778
85043,16233,63.50,20.778
85051,32893,63.50,20.778
85053,16233,63.50,20.778
85061,32893,63.50,20.778
85063,16233,63.50,20.778
85071,32893,63.50,20.778
85073,16233,63.50,20.778
85081,32893,63.50,20.778
85083,16233,63.50,20.778
85091,32893,63.50,20.778
85093,16233,63.50,20.778
85101,32893,63.50,20.778
85103,16233,63.50,20.778
85111,32893,63.50,20.778
85114,16233,63.50,20.778
85121,32893,63.50,20.778
85124,16233,63.50,20.778
85131,32893,63.50,20.778
85134,16233,63.50,20.778
85141,32893,63.50,20.778
85143,16233,63.50,20.778
85151,32893,63.50,20.778
85153,16233,63.50,20.778
85161,32893,63.50,20.778
85163,16233,63.50,20.778
85170,32893,63.50,20.778
85173,16233,63.50,20.778
85181,32893,63.50,20.778
85183,16233,63.50,20.778
85191,32893,63.50,20.778
85193,16233,63.50,20.778
85201,32893,63.50,20.778
85203,16233,63.50,20.778
85211,32893,63.50,20.778
85213,16233,63.50,20.778
85220,32893,63.50,20.778
85224,16233,63.50,20.778
85231,32893,63.50,20.778
85233,16233,63.50,20.778
85240,32893,63.50,20.778
85243,16233,63.50,20.778
85250,32893,63.50,20.778
85253,16233,63.50,20.778
85261,32893,63.50,20.778
85263,16233,63.50,20.778
85271,32893,63.50,20.778
85273,16233,63.50,20.778
85281,32893,63.50,20.778
85283,16233,63.50,20.778
85290,32893,63.50,20.778
85293,16233,63.50,20.778
85300,32893,63.50,20.778
85303,16233,63.50,20.778
85310,32893,63.50,20.778
85313,16233,63.50,20.778
85321,32893,63.50,20.778
85323,16233,63.50,20.778
85331,32893,63.50,20.778
85333,16233,63.50,20.778
85341,32893,63.50,20.778
85343,16233,63.50,20.778
85351,32893,63.50,20.778
85353,16233,63.50,20.778
85360,32893,63.50,20.778
85363,16233,63.50,20.778
85371,32893,63.50,20.778
85373,16233,63.50,20.778
85380,32893,63.50,20.778
85383,16233,63.50,20.778
85390,32893,63.50,20.778
85393,16233,63.50,20.778
85401,32893,63.50,20.778
85403,16233,63.50,20.778
85411,32893,63.50,20.778
85413,16233,63.50,20.778
85421,32893,63.50,20.778
85423,16233,63.50,20.778
85431,32893,63.50,20.778
85433,16233,63.50,20.778
85441,32893,63.50,20.778
85443,16233,63.50,20.778
85450,32893,63.50,20.778
85453,16233,63.50,20.778
85461,32893,63.50,20.778
85463,16233,63.50,20.778
85471,32893,63.50,20.778
85473,16233,63.50,20.778
85480,32893,63.50,20.778
85483,16233,63.50,20.778
85491,32893,63.50,20.778
85493,16233,63.50,20.778
85500,32893,63.50,20.778
85503,16233,63.50,20.778
85511,32893,63.50,20.778
85513,16233,63.50,20.778
85521,32893,63.50,20.778
85523,16233,63.50,20.778
85531,32893,63.50,20.778
85534,16233,63.50,20.778
85541,32893,63.50,20.778
85543,16233,63.50,20.778
85551,32893,63.50,20.778
85553,16233,63.50,20.778
85560,32893,63.50,20.778
85563,16233,63.50,20.778
85571,32893,63.50,20.778
85573,16233,63.50,20.778
85581,32893,63.50,20.778
85583,16233,63.50,20.778
85590,32893,63.50,20.778
85593,16233,63.50,20.778
85601,32893,63.50,20.778
85603,16233,63.50,20.778
85610,32893,63.50,20.778
85613,16233,63.50,20.778
85621,32893,63.50,20.778
85623,16233,63.50,20.778
85631,32893,63.50,20.778
85634,16233,63.50,20.778
85641,32893,63.50,20.778
85643,16233,63.50,20.778
85651,32893,63.50,20.778
85653,16233,63.50,20.778
85660,32893,63.50,20.778
85663,16233,63.50,20.778
85670,32893,63.50,20.778
85673,16233,63.50,20.778
85681,32893,63.50,20.778
85683,16233,63.50,20.778
85691,32893,63.50,20.778
85693,16233,63.50,20.778
85701,32893,63.50,20.778
85703,16233,63.50,20.778
85711,32893,63.50,20.778
85713,16233,63.50,20.778
85720,32893,63.50,20.778
85724,16233,63.50,20.778
85732,32893,63.50,20.778
85733,16233,63.50,20.778
85742,32893,63.50,20.778
85744,16233,63.50,20.778
85751,32893,63.50,20.778
85753,16233,63.50,20.778
85761,32893,63.50,20.778
85763,16233,63.50,20.778
85771,32893,63.50,20.778
85773,16233,63.50,20.778
85782,32893,63.50,20.778
85783,16233,63.50,20.778
85791,32893,63.50,20.778
85793,16233,63.50,20.778
85801,32893,63.50,20.778
85803,16233,63.50,20.778
85811,32893,63.50,20.778
85813,16233,63.50,20.778
85821,32893,63.50,20.778
85824,16233,63.50,20.778
85831,32893,63.50,20.778
85833,16233,63.50,20.778
85841,32893,63.50,20.778
85843,16233,63.50,20.778
85851,32893,63.50,20.778
85853,16233,63.50,20.778
85861,32893,63.50,20.778
85863,16233,63.50,20.778
85871,32893,63.50,20.778
85873,16233,63.50,20.778
85880,32893,63.50,20.778
85883,16233,63.50,20.778
85891,32893,63.50,20.778
85894,16233,63.50,20.778
85901,32893,63.50,20.778
85904,16233,63.50,20.778
85911,32893,63.50,20.778
85914,16233,63.50,20.778
85922,32893,63.50,20.778
85923,16233,63.50,20.778
85931,32893,63.50,20.778
85933,16233,63.50,20.778
85941,32893,63.50,20.778
85944,16233,63.50,20.778
85951,32893,63.50,20.778
85953,16233,63.50,20.778
85961,32893,63.50,20.778
85963,16233,63.50,20.778
85971,32893,63.50,20.778
85973,16233,63.50,20.778
85981,32893,63.50,20.778
85983,16233,63.50,20.778
85991,32893,63.50,20.778
85993,16233,63.50,20.778
86001,32893,63.50,20.778
86003,16233,63.50,20.778
86011,32893,63.50,20.778
86013,16233,63.50,20.778
86022,32893,63.50,20.778
86024,16233,63.50,20.778
86030,32893,63.50,20.778
86034,16233,63.50,20.778
86041,32893,63.50,20.778
86043,16233,63.50,20.778
86051,32893,63.50,20.778
86054,16233,63.50,20.778
86061,32893,63.50,20.778
86064,16233,63.50,20.778
86071,32893,63.50,20.778
86074,16233,63.50,20.778
86081,32893,63.50,20.778
86084,16233,63.50,20.778
86091,32893,63.50,20.778
86094,16233,63.50,20.778
86100,32893,63.50,20.778
86103,16233,63.50,20.778
86111,32893,63.50,20.778
86114,16233,63.50,20.778
86121,32893,63.50,20.778
86123,16233,63.50,20.778
86131,32893,63.50,20.778
86134,16233,63.50,20.778
86141,32893,63.50,20.778
86144,16233,63.50,20.778
86151,32893,63.50,20.778
86153,16233,63.50,20.778
86161,32893,63.50,20.778
86163,16233,63.50,20.778
86171,32893,63.50,20.778
86173,16233,63.50,20.778
86181,32893,63.50,20.778
86183,16233,63.50,20.778
86191,32893,63.50,20.778
86194,16233,63.50,20.778
86201,32893,63.50,20.778
86204,16233,63.50,20.778
86212,32893,63.50,20.778
86213,16233,63.50,20.778
86221,32893,63.50,20.778
86224,16233,63.50,20.778
86230,32893,63.50,20.778
86233,16233,63.50,20.778
86240,32893,63.50,20.778
86244,16233,63.50,20.778
86251,32893,63.50,20.778
86253,16233,63.50,20.778
86261,32893,63.50,20.778
86264,16233,63.50,20.778
86271,32893,63.50,20.778
86274,16233,63.50,20.778
86281,32893,63.50,20.778
86283,16233,63.50,20.778
86290,32893,63.50,20.778
86293,16233,63.50,20.778
86301,32893,63.50,20.778
86303,16233,63.50,20.778
86311,32893,63.50,20.778
86313,16233,63.50,20.778
86321,32893,63.50,20.778
86323,16233,63.50,20.778
86331,32893,63.50,20.778
86333,16233,63.50,20.778
86341,32893,63.50,20.778
86343,16233,63.50,20.778
86350,32893,63.50,20.778
86354,16233,63.50,20.778
86361,32893,63.50,20.778
86363,16233,63.50,20.778
86371,32893,63.50,20.778
86373,16233,63.50,20.778
86381,32893,63.50,20.778
86383,16233,63.50,20.778
86390,32893,63.50,20.778
86393,16233,63.50,20.778
86401,32893,63.50,20.778
86403,16233,63.50,20.778
86411,32893,63.50,20.778
86413,16233,63.50,20.778
86421,32893,63.50,20.778
86423,16233,63.50,20.778
86430,32893,63.50,20.778
86433,16233,63.50,20.778
86441,32893,63.50,20.778
86443,16233,63.50,20.778
86451,32893,63.50,20.778
86453,16233,63.50,20.778
86460,32893,63.50,20.778
86463,16233,63.50,20.778
86471,32893,63.50,20.778
86473,16233,63.50,20.778
86481,32893,63.50,20.778
86484,16233,63.50,20.778
86490,32893,63.50,20.778
86493,16233,63.50,20.778
86501,32893,63.50,20.778
86503,16233,63.50,20.778
86511,32893,63.50,20.778
86514,16233,63.50,20.778
86521,32893,63.50,20.778
86524,16233,63.50,20.778
86531,32893,63.50,20.778
86533,16233,63.50,20.778
86541,32893,63.50,20.778
86543,16233,63.50,20.778
86551,32893,63.50,20.778
86553,16233,63.50,20.778
86561,32893,63.50,20.778
86564,16233,63.50,20.778
86570,32893,63.50,20.778
86573,16233,63.50,20.778
86580,32893,63.50,20.778
86583,16233,63.50,20.778
86591,32893,63.50,20.778
86593,16233,63.50,20.778
86601,32893,63.50,20.778
86604,16233,63.50,20.778
86611,32893,63.50,20.778
86613,16233,63.50,20.778
86620,32893,63.50,20.778
86624,16233,63.50,20.778
86632,32893,63.50,20.778
86633,16233,63.50,20.778
86641,32893,63.50,20.778
86643,16233,63.50,20.778
86651,32893,63.50,20.778
86653,16233,63.50,20.778
86661,32893,63.50,20.778
86664,16233,63.50,20.778
86671,32893,63.50,20.778
86673,16233,63.50,20.778
86681,32893,63.50,20.778
86684,16233,63.50,20.778
86691,32893,63.50,20.778
86694,16233,63.50,20.778
86701,32893,63.50,20.778
86704,16233,63.50,20.778
86711,32893,63.50,20.778
86714,16233,63.50,20.778
86720,32893,63.50,20.778
86723,16233,63.50,20.778
86731,32893,63.50,20.778
86734,16233,63.50,20.778
86741,32893,63.50,20.778
86743,16233,63.50,20.778
86751,32893,63.50,20.778
86754,16233,63.50,20.778
86761,32893,63.50,20.778
86764,16233,63.50,20.778
86771,32893,63.50,20.778
86774,16233,63.50,20.778
86781,32893,63.50,20.778
86784,16233,63.50,20.778
86791,32893,63.50,20.778
86793,16233,63.50,20.778
86801,32893,63.50,20.778
86804,16233,63.50,20.778
86811,32893,63.50,20.778
86813,16233,63.50,20.778
86821,32893,63.50,20.778
86824,16233,63.50,20.778
86831,32893,63.50,20.778
86833,16233,63.50,20.778
86840,32893,63.50,20.778
86843,16233,63.50,20.778
86851,32893,63.50,20.778
86854,16233,63.50,20.778
86861,32893,63.50,20.778
86864,16233,63.50,20.778
86871,32893,63.50,20.778
86873,16233,63.50,20.778
86881,32893,63.50,20.778
86883,16233,63.50,20.778
86891,32893,63.50,20.778
86893,16233,63.50,20.778
86902,32893,63.50,20.778
86904,16233,63.50,20.778
86911,32893,63.50,20.778
86913,16233,63.50,20.778
86923,32893,63.50,20.778
86924,16233,63.50,20.778
86931,32893,63.50,20.778
86934,16233,63.50,20.778
86941,32893,63.50,20.778
86944,16233,63.50,20.778
86951,32893,63.50,20.778
86953,16233,63.50,20.778
86960,32893,63.50,20.778
86963,16233,63.50,20.778
86971,32893,63.50,20.778
86973,16233,63.50,20.778
86981,32893,63.50,20.778
86983,16233,63.50,20.778
86991,32893,63.50,20.778
86994,16233,63.50,20.778
87001,32893,63.50,20.778
87003,16233,63.50,20.778
87010,32893,63.50,20.778
87014,16233,63.50,20.778
87020,32893,63.50,20.778
87023,16233,63.50,20.778
87030,32893,63.50,20.778
87033,16233,63.50,20.778
87041,32893,63.50,20.778
87043,16233,63.50,20.778
87050,32893,63.50,20.778
87053,16233,63.50,20.778
87060,32893,63.50,20.778
87064,16233,63.50,20.778
87071,32893,63.50,20.778
87073,16233,63.50,20.778
87081,32893,63.50,20.778
87083,16233,63.50,20.778
87091,32893,63.50,20.778
87093,16233,63.50,20.778
87101,32893,63.50,20.778
87103,16233,63.50,20.778
87111,32893,63.50,20.778
87113,16233,63.50,20.778
87120,32893,63.50,20.778
87123,16233,63.50,20.778
87131,32893,63.50,20.778
87134,16233,63.50,20.778
87141,32893,63.50,20.778
87143,16233,63.50,20.778
87151,32893,63.50,20.778
87153,16233,63.50,20.778
87160,32893,63.50,20.778
87163,16233,63.50,20.778
87171,32893,63.50,20.778
87173,16233,63.50,20.778
87180,32893,63.50,20.778
87183,16233,63.50,20.778
87191,32893,63.50,20.778
87193,16233,63.50,20.778
87201,32893,63.50,20.778
87203,16233,63.50,20.778
87211,32893,63.50,20.778
87214,16233,63.50,20.778
87220,32893,63.50,20.778
87223,16233,63.50,20.778
87231,32893,63.50,20.778
87233,16233,63.50,20.778
87240,32893,63.50,20.778
87243,16233,63.50,20.778
87250,32893,63.50,20.778
87253,16233,63.50,20.778
87261,32893,63.50,20.778
87263,16233,63.50,20.778
87271,32893,63.50,20.778
87274,16233,63.50,20.778
87281,32893,63.50,20.778
87283,16233,63.50,20.778
87291,32893,63.50,20.778
87294,16233,63.50,20.778
87301,32893,63.50,20.778
87303,16233,63.50,20.778
87311,32893,63.50,20.778
87314,16233,63.50,20.778
87320,32893,63.50,20.778
87323,16233,63.50,20.778
87331,32893,63.50,20.778
87333,16233,63.50,20.778
87341,32893,63.50,20.778
87344,16233,63.50,20.778
87351,32893,63.50,20.778
87354,16233,63.50,20.778
87361,32893,63.50,20.778
87363,16233,63.50,20.778
87370,32893,63.50,20.778
87373,16233,63.50,20.778
87380,32893,63.50,20.778
87383,16233,63.50,20.778
87391,32893,63.50,20.778
87393,16233,63.50,20.778
87400,32893,63.50,20.778
87403,16233,63.50,20.778
87410,32893,63.50,20.778
87413,16233,63.50,20.778
87421,32893,63.50,20.778
87424,16233,63.50,20.778
87430,32893,63.50,20.778
87433,16233,63.50,20.778
87441,32893,63.50,20.778
87444,16233,63.50,20.778
87451,32893,63.50,20.778
87453,16233,63.50,20.778
87460,32893,63.50,20.778
87463,16233,63.50,20.778
87471,32893,63.50,20.778
87473,16233,63.50,20.778
87481,32893,63.50,20.778
87484,16233,63.50,20.778
87490,32893,59.00,19.305
87493,16233,63.50,20.778
87500,32893,59.00,19.305
87503,16233,63.50,20.778
87510,32893,59.00,19.305
87513,16233,63.50,20.778
87521,32893,59.00,19.305
87523,16233,63.50,20.778
87530,32893,59.00,19.305
87533,16233,63.50,20.778
87540,32893,59.00,19.305
87543,16233,63.50,20.778
87551,32893,59.00,19.305
87554,16233,63.50,20.778
87560,32893,59.00,19.305
87563,16233,63.50,20.778
87570,32893,59.00,19.305
87573,16233,63.50,20.778
87580,32893,59.00,19.305
87583,16233,63.50,20.778
87591,32893,59.00,19.305
87593,16233,63.50,20.778
87601,32893,59.00,19.305
87604,16233,63.50,20.778
87611,32893,59.00,19.305
87614,16233,63.50,20.778
87621,32893,59.00,19.305
87624,16233,63.50,20.778
87631,32893,59.00,19.305
87634,16233,63.50,20.778
87641,32893,59.00,19.305
87643,16233,63.50,20.778
87651,32893,59.00,19.305
87654,16233,63.50,20.778
87660,32893,59.00,19.305
87664,16233,63.50,20.778
87670,32893,59.00,19.305
87673,16233,63.50,20.778
87681,32893,59.00,19.305
87683,16233,63.50,20.778
87690,32893,59.00,19.305
87693,16233,63.50,20.778
87701,32893,59.00,19.305
87703,16233,63.50,20.778
87710,32893,59.00,19.305
87713,16233,63.50,20.778
87720,32893,59.00,19.305
87724,16233,63.50,20.778
87731,32893,59.00,19.305
87733,16233,63.50,20.778
87741,32893,59.00,19.305
87743,16233,63.50,20.778
87751,32893,59.00,19.305
87753,16233,63.50,20.778
87760,32893,59.00,19.305
87763,16233,63.50,20.778
87770,32893,59.00,19.305
87773,16233,63.50,20.778
87780,32893,59.00,19.305
87783,16233,63.50,20.778
87791,32893,59.00,19.305
87793,16233,63.50,20.778
87800,32893,59.00,19.305
87803,16233,63.50,20.778
87810,32893,59.00,19.305
87813,16233,63.50,20.778
87820,32893,59.00,19.305
87824,16233,63.50,20.778
87831,32893,59.00,19.305
87833,16233,63.50,20.778
87840,32893,59.00,19.305
87843,16233,63.50,20.778
87850,32893,59.00,19.305
87853,16233,63.50,20.778
87860,32893,59.00,19.305
87863,16233,63.50,20.778
87870,32893,59.00,19.305
87873,16233,63.50,20.778
87880,32893,59.00,19.305
87883,16233,63.50,20.778
87890,32893,59.00,19.305
87893,16233,63.50,20.778
87901,32893,59.00,19.305
87903,16233,63.50,20.778
87910,32893,59.00,19.305
87914,16233,63.50,20.778
87921,32893,59.00,19.305
87924,16233,63.50,20.778
87931,32893,59.00,19.305
87933,16233,63.50,20.778
87941,32893,59.00,19.305
87943,16233,63.50,20.778
87951,32893,59.00,19.305
87953,16233,63.50,20.778
87960,32893,59.00,19.305
87963,16233,63.50,20.778
87971,32893,59.00,19.305
87973,16233,63.50,20.778
87981,32893,59.00,19.305
87983,16233,63.50,20.778
87990,32893,59.00,19.305
87994,16233,63.50,20.778
88001,32893,59.00,19.305
88003,16233,63.50,20.778
88011,32893,59.00,19.305
88014,16233,63.50,20.778
88020,32893,59.00,19.305
88024,16233,63.50,20.778
88030,32893,59.00,19.305
88033,16233,63.50,20.778
88041,32893,59.00,19.305
88043,16233,63.50,20.778
88050,32893,59.00,19.305
88053,16233,63.50,20.778
88060,32893,59.00,19.305
88063,16233,63.50,20.778
88070,32893,59.00,19.305
88073,16233,63.50,20.778
88081,32893,59.00,19.305
88083,16233,63.50,20.778
88090,32893,59.00,19.305
88093,16233,63.50,20.778
88101,32893,59.00,19.305
88103,16233,63.50,20.778
88110,32893,59.00,19.305
88114,16233,63.50,20.778
88120,32893,59.00,19.305
88123,16233,63.50,20.778
88131,32893,59.00,19.305
88134,16233,63.50,20.778
88141,32893,59.00,19.305
88143,16233,63.50,20.778
88151,32893,59.00,19.305
88153,16233,63.50,20.778
88160,32893,59.00,19.305
88163,16233,63.50,20.778
88170,32893,59.00,19.305
88173,16233,63.50,20.778
88180,32893,59.00,19.305
88184,16233,63.50,20.778
88190,32893,59.00,19.305
88193,16233,63.50,20.778
88200,32893,59.00,19.305
88203,16233,63.50,20.778
88211,32893,59.00,19.305
88213,16233,63.50,20.778
88221,32893,59.00,19.305
88224,16233,63.50,20.778
88230,32893,59.00,19.305
88233,16233,63.50,20.778
88240,32893,59.00,19.305
88243,16233,63.50,20.778
88250,32893,59.00,19.305
88253,16233,63.50,20.778
88261,32893,59.00,19.305
88264,16233,63.50,20.778
88270,32893,59.00,19.305
88274,16233,63.50,20.778
88281,32893,59.00,19.305
88284,16233,63.50,20.778
88291,32893,59.00,19.305
88293,16233,63.50,20.778
88301,32893,59.00,19.305
88303,16233,63.50,20.778
88311,32893,59.00,19.305
88314,16233,63.50,20.778
88321,32893,59.00,19.305
88323,16233,63.50,20.778
88330,32893,59.00,19.305
88333,16233,63.50,20.778
88340,32893,59.00,19.305
88343,16233,63.50,20.778
88350,32893,59.00,19.305
88353,16233,63.50,20.778
88361,32893,59.00,19.305
88363,16233,63.50,20.778
88371,32893,59.00,19.305
88373,16233,63.50,20.778
88381,32893,59.00,19.305
88384,16233,63.50,20.778
88391,32893,59.00,19.305
88393,16233,63.50,20.778
88401,32893,59.00,19.305
88403,16233,63.50,20.778
88411,32893,59.00,19.305
88413,16233,63.50,20.778
88421,32893,59.00,19.305
88423,16233,63.50,20.778
88430,32893,59.00,19.305
88433,16233,63.50,20.778
88441,32893,59.00,19.305
88443,16233,63.50,20.778
88451,32893,59.00,19.305
88453,16233,63.50,20.778
88460,32893,59.00,19.305
88464,16233,63.50,20.778
88471,32893,59.00,19.305
88473,16233,63.50,20.778
88480,32893,59.00,19.305
88484,16233,63.50,20.778
88491,32893,59.00,19.305
88494,16233,63.50,20.778
88501,32893,59.00,19.305
88503,16233,63.50,20.778
88510,32893,59.00,19.305
88513,16233,63.50,20.778
88521,32893,59.00,19.305
88523,16233,63.50,20.778
88531,32893,59.00,19.305
88533,16233,63.50,20.778
88540,32893,59.00,19.305
88543,16233,63.50,20.778
88551,32893,59.00,19.305
88553,16233,63.50,20.778
88561,32893,59.00,19.305
88563,16233,63.50,20.778
88571,32893,59.00,19.305
88573,16233,63.50,20.778
88581,32893,59.00,19.305
88583,16233,63.50,20.778
88590,32893,59.00,19.305
88593,16233,63.50,20.778
88600,32893,59.00,19.305
88603,16233,63.50,20.778
88611,32893,59.00,19.305
88613,16233,63.50,20.778
88620,32893,59.00,19.305
88623,16233,63.50,20.778
88630,32893,59.00,19.305
88633,16233,63.50,20.778
88641,32893,59.00,19.305
88644,16233,63.50,20.778
88650,32893,59.00,19.305
88653,16233,63.50,20.778
88660,32893,59.00,19.305
88663,16233,63.50,20.778
88670,32893,59.00,19.305
88674,16233,63.50,20.778
88681,32893,59.00,19.305
88683,16233,63.50,20.778
88691,32893,59.00,19.305
88693,16233,63.50,20.778
88701,32893,59.00,19.305
88703,16233,63.50,20.778
88711,32893,59.00,19.305
88713,16233,63.50,20.778
88721,32893,59.00,19.305
88723,16233,63.50,20.778
88731,32893,59.00,19.305
88733,16233,63.50,20.778
88741,32893,59.00,19.305
88743,16233,63.50,20.778
88751,32893,59.00,19.305
88753,16233,63.50,20.778
88761,32893,59.00,19.305
88763,16233,63.50,20.778
88771,32893,59.00,19.305
88773,16233,63.50,20.778
88780,32893,59.00,19.305
88783,16233,63.50,20.778
88790,32893,59.00,19.305
88793,16233,63.50,20.778
88800,32893,59.00,19.305
88803,16233,63.50,20.778
88811,32893,59.00,19.305
88813,16233,63.50,20.778
88820,32893,59.00,19.305
88823,16233,63.50,20.778
88831,32893,59.00,19.305
88834,16233,63.50,20.778
88840,32893,59.00,19.305
88843,16233,63.50,20.778
88851,32893,59.00,19.305
88853,16233,63.50,20.778
88860,32893,59.00,19.305
88863,16233,63.50,20.778
88871,32893,59.00,19.305
88873,16233,63.50,20.778
88880,32893,59.00,19.305
88884,16233,63.50,20.778
88890,32893,59.00,19.305
88893,16233,63.50,20.778
88900,32893,59.00,19.305
88903,16233,63.50,20.778
88910,32893,59.00,19.305
88913,16233,63.50,20.778
88921,32893,59.00,19.305
88923,16233,63.50,20.778
88931,32893,59.00,19.305
88934,16233,63.50,20.778
88940,32893,59.00,19.305
88943,16233,63.50,20.778
88950,32893,59.00,19.305
88954,16233,63.50,20.778
88961,32893,59.00,19.305
88964,16233,63.50,20.778
88970,32893,59.00,19.305
88973,16233,63.50,20.778
88980,32893,59.00,19.305
88983,16233,63.50,20.778
88990,32893,59.00,19.305
88993,16233,63.50,20.778
89001,32893,59.00,19.305
89003,16233,63.50,20.778
89011,32893,59.00,19.305
89013,16233,63.50,20.778
89021,32893,59.00,19.305
89024,16233,63.50,20.778
89031,32893,59.00,19.305
89033,16233,63.50,20.778
89041,32893,59.00,19.305
89043,16233,63.50,20.778
89051,32893,59.00,19.305
89054,16233,63.50,20.778
89061,32893,59.00,19.305
89063,16233,63.50,20.778
89070,32893,59.00,19.305
89073,16233,63.50,20.778
89081,32893,59.00,19.305
89084,16233,63.50,20.778
89091,32893,59.00,19.305
89094,16233,63.50,20.778
89100,32893,59.00,19.305
89103,16233,63.50,20.778
89111,32893,59.00,19.305
89113,16233,63.50,20.778
89121,32893,59.00,19.305
89123,16233,63.50,20.778
89131,32893,59.00,19.305
89133,16233,63.50,20.778
89141,32893,59.00,19.305
89144,16233,63.50,20.778
89150,32893,59.00,19.305
89154,16233,63.50,20.778
89161,32893,59.00,19.305
89163,16233,63.50,20.778
89171,32893,59.00,19.305
89173,16233,63.50,20.778
89181,32893,59.00,19.305
89183,16233,63.50,20.778
89190,32893,59.00,19.305
89193,16233,63.50,20.778
89200,32893,59.00,19.305
89203,16233,63.50,20.778
89211,32893,59.00,19.305
89213,16233,63.50,20.778
89221,32893,59.00,19.305
89223,16233,63.50,20.778
89231,32893,59.00,19.305
89235,16233,63.50,20.778
89240,32893,59.00,19.305
89243,16233,63.50,20.778
89251,32893,59.00,19.305
89253,16233,63.50,20.778
89261,32893,59.00,19.305
89264,16233,63.50,20.778
89271,32893,59.00,19.305
89273,16233,63.50,20.778
89280,32893,59.00,19.305
89283,16233,63.50,20.778
89291,32893,59.00,19.305
89293,16233,63.50,20.778
89301,32893,59.00,19.305
89303,16233,63.50,20.778
89310,32893,59.00,19.305
89313,16233,63.50,20.778
89321,32893,59.00,19.305
89323,16233,63.50,20.778
89331,32893,59.00,19.305
89333,16233,63.50,20.778
89341,32893,59.00,19.305
89343,16233,63.50,20.778
89351,32893,59.00,19.305
89353,16233,63.50,20.778
89361,32893,59.00,19.305
89363,16233,63.50,20.778
89370,32893,59.00,19.305
89373,16233,63.50,20.778
89380,32893,59.00,19.305
89383,16233,63.50,20.778
89390,32893,59.00,19.305
89393,16233,63.50,20.778
89401,32893,59.00,19.305
89403,16233,63.50,20.778
89410,32893,59.00,19.305
89413,16233,63.50,20.778
89420,32893,59.00,19.305
89423,16233,63.50,20.778
89431,32893,59.00,19.305
89433,16233,63.50,20.778
89440,32893,59.00,19.305
89444,16233,63.50,20.778
89450,32893,59.00,19.305
89453,16233,63.50,20.778
89460,32893,59.00,19.305
89463,16233,63.50,20.778
89471,32893,59.00,19.305
89473,16233,63.50,20.778
89480,32893,59.00,19.305
89483,16233,63.50,20.778
89490,32893,59.00,19.305
89493,16233,63.50,20.778
89501,32893,59.00,19.305
89503,16233,63.50,20.778
89511,32893,59.00,19.305
89513,16233,63.50,20.778
89521,32893,59.00,19.305
89524,16233,63.50,20.778
89531,32893,59.00,19.305
89533,16233,63.50,20.778
89540,32893,59.00,19.305
89543,16233,63.50,20.778
89551,32893,59.00,19.305
89553,16233,63.50,20.778
89561,32893,59.00,19.305
89563,16233,63.50,20.778
89571,32893,59.00,19.305
89573,16233,63.50,20.778
89581,32893,59.00,19.305
89583,16233,63.50,20.778
89591,32893,59.00,19.305
89593,16233,63.50,20.778
89601,32893,59.00,19.305
89603,16233,63.50,20.778
89611,32893,59.00,19.305
89613,16233,63.50,20.778
89621,32893,59.00,19.305
89623,16233,63.50,20.778
89630,32893,59.00,19.305
89633,16233,63.50,20.778
89640,32893,59.00,19.305
89644,16233,63.50,20.778
89651,32893,59.00,19.305
89653,16233,63.50,20.778
89661,32893,59.00,19.305
89664,16233,63.50,20.778
89671,32893,59.00,19.305
89673,16233,63.50,20.778
89680,32893,59.00,19.305
89684,16233,63.50,20.778
89691,32893,59.00,19.305
89693,16233,63.50,20.778
89701,32893,59.00,19.305
89704,16233,63.50,20.778
89711,32893,59.00,19.305
89713,16233,63.50,20.778
89721,32893,59.00,19.305
89723,16233,63.50,20.778
89731,32893,59.00,19.305
89733,16233,63.50,20.778
89741,32893,59.00,19.305
89743,16233,63.50,20.778
89751,32893,59.00,19.305
89753,16233,63.50,20.778
89761,32893,59.00,19.305
89764,16233,63.50,20.778
89771,32893,59.00,19.305
89773,16233,63.50,20.778
89780,32893,59.00,19.305
89783,16233,63.50,20.778
89790,32893,59.00,19.305
89793,16233,63.50,20.778
89800,32893,59.00,19.305
89803,16233,63.50,20.778
89810,32893,59.00,19.305
89813,16233,63.50,20.778
89820,32893,59.00,19.305
89823,16233,63.50,20.778
89830,32893,59.00,19.305
89833,16233,63.50,20.778
89841,32893,59.00,19.305
89843,16233,63.50,20.778
89851,32893,59.00,19.305
89853,16233,63.50,20.778
89861,32893,59.00,19.305
89863,16233,63.50,20.778
89871,32893,59.00,19.305
89873,16233,63.50,20.778
89881,32893,59.00,19.305
89883,16233,63.50,20.778
89891,32893,59.00,19.305
89893,16233,63.50,20.778
89900,32893,59.00,19.305
89903,16233,63.50,20.778
89910,32893,59.00,19.305
89913,16233,63.50,20.778
89920,32893,59.00,19.305
89924,16233,63.50,20.778
89930,32893,59.00,19.305
89934,16233,63.50,20.778
89941,32893,59.00,19.305
89943,16233,63.50,20.778
89951,32893,59.00,19.305
89953,16233,63.50,20.778
89961,32893,59.00,19.305
89964,16233,63.50,20.778
89971,32893,59.00,19.305
89973,16233,63.50,20.778
89981,32893,59.00,19.305
89983,16233,63.50,20.778
89990,32893,59.00,19.305
89993,16233,63.50,20.778
