[UTIL]: Setting the config -c file to /usr/local/etc/flexric/flexric.conf
[UTIL]: Setting path -p for the shared libraries to /usr/local/lib/flexric/
[xAapp]: Initializing ... 
[xApp]: nearRT-RIC IP Address = 192.168.70.150, PORT = 36422
[E2 AGENT]: Opening plugin from path = /usr/local/lib/flexric/libkpm_sm.so 
[E2 AGENT]: Opening plugin from path = /usr/local/lib/flexric/libmac_sm.so 
[E2 AGENT]: Opening plugin from path = /usr/local/lib/flexric/libpdcp_sm.so 
[E2 AGENT]: Opening plugin from path = /usr/local/lib/flexric/libgtp_sm.so 
[E2 AGENT]: Opening plugin from path = /usr/local/lib/flexric/librc_sm.so 
[E2 AGENT]: Opening plugin from path = /usr/local/lib/flexric/libtc_sm.so 
[E2 AGENT]: Opening plugin from path = /usr/local/lib/flexric/librlc_sm.so 
[E2 AGENT]: Opening plugin from path = /usr/local/lib/flexric/libslice_sm.so 
[NEAR-RIC]: Loading SM ID = 2 with def = ORAN-E2SM-KPM 
[NEAR-RIC]: Loading SM ID = 142 with def = MAC_STATS_V0 
[NEAR-RIC]: Loading SM ID = 144 with def = PDCP_STATS_V0 
[NEAR-RIC]: Loading SM ID = 148 with def = GTP_STATS_V0 
[NEAR-RIC]: Loading SM ID = 3 with def = ORAN-E2SM-RC 
[NEAR-RIC]: Loading SM ID = 146 with def = TC_STATS_V0 
[NEAR-RIC]: Loading SM ID = 143 with def = RLC_STATS_V0 
[NEAR-RIC]: Loading SM ID = 145 with def = SLICE_STATS_V0 
[xApp]: DB filename = /tmp/flexric/xapp_db 
 [xApp]: E42 SETUP-REQUEST tx
[xApp]: E42 SETUP-RESPONSE rx 
[xApp]: xApp ID = 18 
[xApp]: Registered E2 Nodes = 4 
Connected E2 nodes = 4
[xAPP] Registered node 0 ran func id = 2
[xAPP] Registered node 0 ran func id = 3
[xAPP] Registered node 0 ran func id = 142
[xAPP] Registered node 0 ran func id = 143
[xAPP] Registered node 0 ran func id = 144
[xAPP] Registered node 0 ran func id = 145
[xAPP] Registered node 0 ran func id = 146
[xAPP] Registered node 0 ran func id = 148
[xApp]: E42 RIC SUBSCRIPTION REQUEST tx RAN_FUNC_ID 144 RIC_REQ_ID 1 
[xApp]: SUBSCRIPTION RESPONSE rx
[xApp]: Successfully subscribed to RAN_FUNC_ID 144 
[xAPP] Registered node 1 ran func id = 2
[xAPP] Registered node 1 ran func id = 3
[xAPP] Registered node 1 ran func id = 142
[xAPP] Registered node 1 ran func id = 143
[xAPP] Registered node 1 ran func id = 144
[xAPP] Registered node 1 ran func id = 145
[xAPP] Registered node 1 ran func id = 146
[xAPP] Registered node 1 ran func id = 148
[xAPP] Registered node 2 ran func id = 2
[xAPP] Registered node 2 ran func id = 3
[xAPP] Registered node 2 ran func id = 142
[xAPP] Registered node 2 ran func id = 143
[xAPP] Registered node 2 ran func id = 144
[xAPP] Registered node 2 ran func id = 145
[xAPP] Registered node 2 ran func id = 146
[xAPP] Registered node 2 ran func id = 148
[xApp]: E42 RIC SUBSCRIPTION REQUEST tx RAN_FUNC_ID 142 RIC_REQ_ID 2 
4 ms | now=1755784715262864 us | PDCP ind_msg latency=71464498 us
[xApp]: SUBSCRIPTION RESPONSE rx
[xApp]: Successfully subscribed to RAN_FUNC_ID 142 
[xAPP] Registered node 3 ran func id = 2
[xAPP] Registered node 3 ran func id = 3
[xAPP] Registered node 3 ran func id = 142
[xAPP] Registered node 3 ran func id = 143
[xAPP] Registered node 3 ran func id = 144
[xAPP] Registered node 3 ran func id = 145
[xAPP] Registered node 3 ran func id = 146
[xAPP] Registered node 3 ran func id = 148
[xApp]: E42 RIC SUBSCRIPTION REQUEST tx RAN_FUNC_ID 142 RIC_REQ_ID 3 
[xApp]: SUBSCRIPTION RESPONSE rx
[xApp]: Successfully subscribed to RAN_FUNC_ID 142 
118 ms [UE 1043] UL Throughput = 0.00000 Mbps
118 ms [UE 13806] UL Throughput = 0.00000 Mbps
118 ms [UE 25133] UL Throughput = 0.02782 Mbps
118 ms [UE 36712] UL Throughput = 0.60246 Mbps
118 ms [UE 57972] UL Throughput = 0.00000 Mbps
124 ms [UE 33547] UL Throughput = 0.00000 Mbps
124 ms [UE 18165] UL Throughput = 0.00000 Mbps
124 ms [UE 21150] UL Throughput = 0.18810 Mbps
124 ms [UE 15893] UL Throughput = 0.00000 Mbps
227 ms [UE 1043] UL Throughput = 0.00000 Mbps
227 ms [UE 13806] UL Throughput = 0.00000 Mbps
227 ms [UE 25133] UL Throughput = 0.10755 Mbps
227 ms [UE 36712] UL Throughput = 0.00000 Mbps
227 ms [UE 57972] UL Throughput = 0.00000 Mbps
231 ms [UE 33547] UL Throughput = 0.00000 Mbps
231 ms [UE 18165] UL Throughput = 0.00000 Mbps
231 ms [UE 21150] UL Throughput = 0.00000 Mbps
231 ms [UE 15893] UL Throughput = 0.00000 Mbps
331 ms [UE 1043] UL Throughput = 0.00000 Mbps
331 ms [UE 13806] UL Throughput = 0.00000 Mbps
331 ms [UE 25133] UL Throughput = 0.00000 Mbps
331 ms [UE 36712] UL Throughput = 0.00000 Mbps
331 ms [UE 57972] UL Throughput = 0.09410 Mbps
331 ms [UE 33547] UL Throughput = 0.00000 Mbps
331 ms [UE 18165] UL Throughput = 0.00000 Mbps
331 ms [UE 21150] UL Throughput = 0.00000 Mbps
331 ms [UE 15893] UL Throughput = 0.00000 Mbps
439 ms [UE 1043] UL Throughput = 0.00000 Mbps
439 ms [UE 13806] UL Throughput = 0.00000 Mbps
439 ms [UE 25133] UL Throughput = 0.00000 Mbps
439 ms [UE 36712] UL Throughput = 0.00000 Mbps
439 ms [UE 57972] UL Throughput = 0.00000 Mbps
441 ms [UE 33547] UL Throughput = 0.00000 Mbps
441 ms [UE 18165] UL Throughput = 0.00000 Mbps
441 ms [UE 21150] UL Throughput = 0.00000 Mbps
441 ms [UE 15893] UL Throughput = 0.16405 Mbps
547 ms [UE 1043] UL Throughput = 0.00000 Mbps
547 ms [UE 13806] UL Throughput = 0.00000 Mbps
547 ms [UE 25133] UL Throughput = 0.00000 Mbps
547 ms [UE 36712] UL Throughput = 0.00000 Mbps
547 ms [UE 57972] UL Throughput = 0.00000 Mbps
551 ms [UE 33547] UL Throughput = 0.00000 Mbps
551 ms [UE 18165] UL Throughput = 0.00000 Mbps
551 ms [UE 21150] UL Throughput = 0.00000 Mbps
551 ms [UE 15893] UL Throughput = 0.00000 Mbps
658 ms [UE 1043] UL Throughput = 0.00000 Mbps
658 ms [UE 13806] UL Throughput = 0.58548 Mbps
658 ms [UE 25133] UL Throughput = 0.00000 Mbps
658 ms [UE 36712] UL Throughput = 0.52738 Mbps
658 ms [UE 57972] UL Throughput = 0.00000 Mbps
662 ms [UE 33547] UL Throughput = 0.17543 Mbps
662 ms [UE 18165] UL Throughput = 0.00000 Mbps
662 ms [UE 21150] UL Throughput = 0.00000 Mbps
662 ms [UE 15893] UL Throughput = 0.00000 Mbps
767 ms [UE 1043] UL Throughput = 0.00000 Mbps
767 ms [UE 13806] UL Throughput = 0.00000 Mbps
767 ms [UE 25133] UL Throughput = 0.00000 Mbps
767 ms [UE 36712] UL Throughput = 0.00000 Mbps
767 ms [UE 57972] UL Throughput = 0.00000 Mbps
771 ms [UE 33547] UL Throughput = 0.00000 Mbps
771 ms [UE 18165] UL Throughput = 0.00000 Mbps
771 ms [UE 21150] UL Throughput = 0.17319 Mbps
771 ms [UE 15893] UL Throughput = 0.00000 Mbps
868 ms [UE 1043] UL Throughput = 0.00000 Mbps
868 ms [UE 13806] UL Throughput = 0.00000 Mbps
868 ms [UE 25133] UL Throughput = 0.02778 Mbps
868 ms [UE 36712] UL Throughput = 0.00000 Mbps
868 ms [UE 57972] UL Throughput = 0.00000 Mbps
881 ms [UE 33547] UL Throughput = 0.00000 Mbps
881 ms [UE 18165] UL Throughput = 0.00000 Mbps
881 ms [UE 21150] UL Throughput = 0.00000 Mbps
881 ms [UE 15893] UL Throughput = 0.00000 Mbps
977 ms [UE 1043] UL Throughput = 0.69088 Mbps
977 ms [UE 13806] UL Throughput = 0.00000 Mbps
977 ms [UE 25133] UL Throughput = 0.00000 Mbps
977 ms [UE 36712] UL Throughput = 0.00000 Mbps
977 ms [UE 57972] UL Throughput = 0.36404 Mbps
990 ms [UE 33547] UL Throughput = 0.00000 Mbps
990 ms [UE 18165] UL Throughput = 0.14286 Mbps
990 ms [UE 21150] UL Throughput = 0.00000 Mbps
990 ms [UE 15893] UL Throughput = 0.00000 Mbps
1050 ms | now=1755784716309343 us | PDCP ind_msg latency=71464047 us
1079 ms [UE 1043] UL Throughput = 0.00000 Mbps
1079 ms [UE 13806] UL Throughput = 0.00000 Mbps
1079 ms [UE 25133] UL Throughput = 0.00000 Mbps
1079 ms [UE 36712] UL Throughput = 0.00000 Mbps
1079 ms [UE 57972] UL Throughput = 0.00000 Mbps
1091 ms [UE 33547] UL Throughput = 0.00000 Mbps
1091 ms [UE 18165] UL Throughput = 0.00000 Mbps
1091 ms [UE 21150] UL Throughput = 0.00000 Mbps
1091 ms [UE 15893] UL Throughput = 0.00000 Mbps
1188 ms [UE 1043] UL Throughput = 0.00000 Mbps
1188 ms [UE 13806] UL Throughput = 0.00000 Mbps
1188 ms [UE 25133] UL Throughput = 0.14271 Mbps
1188 ms [UE 36712] UL Throughput = 0.00000 Mbps
1188 ms [UE 57972] UL Throughput = 0.00000 Mbps
1192 ms [UE 33547] UL Throughput = 0.04167 Mbps
1192 ms [UE 18165] UL Throughput = 0.00000 Mbps
1192 ms [UE 21150] UL Throughput = 0.00000 Mbps
1192 ms [UE 15893] UL Throughput = 0.00000 Mbps
1298 ms [UE 1043] UL Throughput = 0.00000 Mbps
1298 ms [UE 13806] UL Throughput = 0.00000 Mbps
1298 ms [UE 25133] UL Throughput = 0.00000 Mbps
1298 ms [UE 36712] UL Throughput = 0.00000 Mbps
1298 ms [UE 57972] UL Throughput = 0.00000 Mbps
1302 ms [UE 33547] UL Throughput = 0.00000 Mbps
1302 ms [UE 18165] UL Throughput = 0.00000 Mbps
1302 ms [UE 21150] UL Throughput = 0.19650 Mbps
1302 ms [UE 15893] UL Throughput = 0.17786 Mbps
1398 ms [UE 1043] UL Throughput = 0.00000 Mbps
1398 ms [UE 13806] UL Throughput = 0.00000 Mbps
1398 ms [UE 25133] UL Throughput = 0.00000 Mbps
1398 ms [UE 36712] UL Throughput = 0.00000 Mbps
1398 ms [UE 57972] UL Throughput = 0.00000 Mbps
1402 ms [UE 33547] UL Throughput = 0.00000 Mbps
1402 ms [UE 18165] UL Throughput = 0.00000 Mbps
1402 ms [UE 21150] UL Throughput = 0.00000 Mbps
1402 ms [UE 15893] UL Throughput = 0.00000 Mbps
1509 ms [UE 1043] UL Throughput = 0.00000 Mbps
1509 ms [UE 13806] UL Throughput = 0.58177 Mbps
1509 ms [UE 25133] UL Throughput = 0.00000 Mbps
1509 ms [UE 36712] UL Throughput = 0.00000 Mbps
1509 ms [UE 57972] UL Throughput = 0.39529 Mbps
1511 ms [UE 33547] UL Throughput = 0.03866 Mbps
1511 ms [UE 18165] UL Throughput = 0.00000 Mbps
1511 ms [UE 21150] UL Throughput = 0.00000 Mbps
1511 ms [UE 15893] UL Throughput = 0.00000 Mbps
1621 ms [UE 1043] UL Throughput = 0.00000 Mbps
1621 ms [UE 13806] UL Throughput = 0.00000 Mbps
1621 ms [UE 25133] UL Throughput = 0.00000 Mbps
1621 ms [UE 36712] UL Throughput = 0.00000 Mbps
1621 ms [UE 57972] UL Throughput = 0.00000 Mbps
1621 ms [UE 33547] UL Throughput = 0.17745 Mbps
1621 ms [UE 18165] UL Throughput = 0.00000 Mbps
1621 ms [UE 21150] UL Throughput = 0.00000 Mbps
1621 ms [UE 15893] UL Throughput = 0.00000 Mbps
1722 ms [UE 33547] UL Throughput = 0.00000 Mbps
1722 ms [UE 18165] UL Throughput = 0.00000 Mbps
1722 ms [UE 21150] UL Throughput = 0.00000 Mbps
1722 ms [UE 15893] UL Throughput = 0.00000 Mbps
1730 ms [UE 1043] UL Throughput = 0.00000 Mbps
1730 ms [UE 13806] UL Throughput = 0.00000 Mbps
1730 ms [UE 25133] UL Throughput = 0.02562 Mbps
1730 ms [UE 36712] UL Throughput = 0.00000 Mbps
1730 ms [UE 57972] UL Throughput = 0.00000 Mbps
1822 ms [UE 33547] UL Throughput = 0.00000 Mbps
1822 ms [UE 18165] UL Throughput = 0.12765 Mbps
1822 ms [UE 21150] UL Throughput = 0.00000 Mbps
1822 ms [UE 15893] UL Throughput = 0.04210 Mbps
1838 ms [UE 1043] UL Throughput = 0.00000 Mbps
1838 ms [UE 13806] UL Throughput = 0.00000 Mbps
1838 ms [UE 25133] UL Throughput = 0.00000 Mbps
1838 ms [UE 36712] UL Throughput = 0.60789 Mbps
1838 ms [UE 57972] UL Throughput = 0.00000 Mbps
1931 ms [UE 33547] UL Throughput = 0.00000 Mbps
1931 ms [UE 18165] UL Throughput = 0.00000 Mbps
1931 ms [UE 21150] UL Throughput = 0.17433 Mbps
1931 ms [UE 15893] UL Throughput = 0.00000 Mbps
1939 ms [UE 1043] UL Throughput = 0.00000 Mbps
1939 ms [UE 13806] UL Throughput = 0.00000 Mbps
1939 ms [UE 25133] UL Throughput = 0.00000 Mbps
1939 ms [UE 36712] UL Throughput = 0.00000 Mbps
1939 ms [UE 57972] UL Throughput = 0.00000 Mbps
2032 ms [UE 33547] UL Throughput = 0.00000 Mbps
2032 ms [UE 18165] UL Throughput = 0.00000 Mbps
2032 ms [UE 21150] UL Throughput = 0.00000 Mbps
2032 ms [UE 15893] UL Throughput = 0.00000 Mbps
2048 ms [UE 1043] UL Throughput = 0.00000 Mbps
2048 ms [UE 13806] UL Throughput = 0.00000 Mbps
2048 ms [UE 25133] UL Throughput = 0.14378 Mbps
2048 ms [UE 36712] UL Throughput = 0.00000 Mbps
2048 ms [UE 57972] UL Throughput = 0.00000 Mbps
2128 ms | now=1755784717386847 us | PDCP ind_msg latency=71464281 us
2140 ms [UE 33547] UL Throughput = 0.00000 Mbps
2140 ms [UE 18165] UL Throughput = 0.00000 Mbps
2140 ms [UE 21150] UL Throughput = 0.00000 Mbps
2140 ms [UE 15893] UL Throughput = 0.21792 Mbps
2157 ms [UE 1043] UL Throughput = 0.00000 Mbps
2157 ms [UE 13806] UL Throughput = 0.48492 Mbps
2157 ms [UE 25133] UL Throughput = 0.00000 Mbps
2157 ms [UE 36712] UL Throughput = 0.00000 Mbps
2157 ms [UE 57972] UL Throughput = 0.00000 Mbps
2241 ms [UE 33547] UL Throughput = 0.00000 Mbps
2241 ms [UE 18165] UL Throughput = 0.00000 Mbps
2241 ms [UE 21150] UL Throughput = 0.00000 Mbps
2241 ms [UE 15893] UL Throughput = 0.00000 Mbps
2258 ms [UE 1043] UL Throughput = 0.00000 Mbps
2258 ms [UE 13806] UL Throughput = 0.00000 Mbps
2258 ms [UE 25133] UL Throughput = 0.00000 Mbps
2258 ms [UE 36712] UL Throughput = 0.00000 Mbps
2258 ms [UE 57972] UL Throughput = 0.09725 Mbps
2342 ms [UE 33547] UL Throughput = 0.04176 Mbps
2342 ms [UE 18165] UL Throughput = 0.00000 Mbps
2342 ms [UE 21150] UL Throughput = 0.00000 Mbps
2342 ms [UE 15893] UL Throughput = 0.00000 Mbps
2369 ms [UE 1043] UL Throughput = 0.59043 Mbps
2369 ms [UE 13806] UL Throughput = 0.00000 Mbps
2369 ms [UE 25133] UL Throughput = 0.00000 Mbps
2369 ms [UE 36712] UL Throughput = 0.00000 Mbps
2369 ms [UE 57972] UL Throughput = 0.44147 Mbps
2450 ms [UE 33547] UL Throughput = 0.17899 Mbps
2450 ms [UE 18165] UL Throughput = 0.00000 Mbps
2450 ms [UE 21150] UL Throughput = 0.19775 Mbps
2450 ms [UE 15893] UL Throughput = 0.00000 Mbps
2478 ms [UE 1043] UL Throughput = 0.00000 Mbps
2478 ms [UE 13806] UL Throughput = 0.00000 Mbps
2478 ms [UE 25133] UL Throughput = 0.00000 Mbps
2478 ms [UE 36712] UL Throughput = 0.00000 Mbps
2478 ms [UE 57972] UL Throughput = 0.00000 Mbps
2551 ms [UE 33547] UL Throughput = 0.00000 Mbps
2551 ms [UE 18165] UL Throughput = 0.00000 Mbps
2551 ms [UE 21150] UL Throughput = 0.00000 Mbps
2551 ms [UE 15893] UL Throughput = 0.00000 Mbps
2589 ms [UE 1043] UL Throughput = 0.00000 Mbps
2589 ms [UE 13806] UL Throughput = 0.00000 Mbps
2589 ms [UE 25133] UL Throughput = 0.11573 Mbps
2589 ms [UE 36712] UL Throughput = 0.12961 Mbps
2589 ms [UE 57972] UL Throughput = 0.00000 Mbps
2651 ms [UE 33547] UL Throughput = 0.00000 Mbps
2651 ms [UE 18165] UL Throughput = 0.00000 Mbps
2651 ms [UE 21150] UL Throughput = 0.00000 Mbps
2651 ms [UE 15893] UL Throughput = 0.00000 Mbps
2698 ms [UE 1043] UL Throughput = 0.00000 Mbps
2698 ms [UE 13806] UL Throughput = 0.00000 Mbps
2698 ms [UE 25133] UL Throughput = 0.00000 Mbps
2698 ms [UE 36712] UL Throughput = 0.59882 Mbps
2698 ms [UE 57972] UL Throughput = 0.00000 Mbps
2761 ms [UE 33547] UL Throughput = 0.00000 Mbps
2761 ms [UE 18165] UL Throughput = 0.14165 Mbps
2761 ms [UE 21150] UL Throughput = 0.00000 Mbps
2761 ms [UE 15893] UL Throughput = 0.00000 Mbps
2798 ms [UE 1043] UL Throughput = 0.00000 Mbps
2798 ms [UE 13806] UL Throughput = 0.00000 Mbps
2798 ms [UE 25133] UL Throughput = 0.00000 Mbps
2798 ms [UE 36712] UL Throughput = 0.00000 Mbps
2798 ms [UE 57972] UL Throughput = 0.00000 Mbps
2871 ms [UE 33547] UL Throughput = 0.00000 Mbps
2871 ms [UE 18165] UL Throughput = 0.00000 Mbps
2871 ms [UE 21150] UL Throughput = 0.00000 Mbps
2871 ms [UE 15893] UL Throughput = 0.00000 Mbps
2907 ms [UE 1043] UL Throughput = 0.60007 Mbps
2907 ms [UE 13806] UL Throughput = 0.59311 Mbps
2907 ms [UE 25133] UL Throughput = 0.00000 Mbps
2907 ms [UE 36712] UL Throughput = 0.00000 Mbps
2907 ms [UE 57972] UL Throughput = 0.00000 Mbps
2980 ms [UE 33547] UL Throughput = 0.00000 Mbps
2980 ms [UE 18165] UL Throughput = 0.00000 Mbps
2980 ms [UE 21150] UL Throughput = 0.00000 Mbps
2980 ms [UE 15893] UL Throughput = 0.21663 Mbps
3017 ms [UE 1043] UL Throughput = 0.00000 Mbps
3017 ms [UE 13806] UL Throughput = 0.00000 Mbps
3017 ms [UE 25133] UL Throughput = 0.00000 Mbps
3017 ms [UE 36712] UL Throughput = 0.00000 Mbps
3017 ms [UE 57972] UL Throughput = 0.00000 Mbps
3081 ms [UE 33547] UL Throughput = 0.17356 Mbps
3081 ms [UE 18165] UL Throughput = 0.00000 Mbps
3081 ms [UE 21150] UL Throughput = 0.00000 Mbps
3081 ms [UE 15893] UL Throughput = 0.00000 Mbps
3127 ms [UE 1043] UL Throughput = 0.00000 Mbps
3127 ms [UE 13806] UL Throughput = 0.00000 Mbps
3127 ms [UE 25133] UL Throughput = 0.00000 Mbps
3127 ms [UE 36712] UL Throughput = 0.59909 Mbps
3127 ms [UE 57972] UL Throughput = 0.49128 Mbps
3181 ms [UE 33547] UL Throughput = 0.00000 Mbps
3181 ms [UE 18165] UL Throughput = 0.00000 Mbps
3181 ms [UE 21150] UL Throughput = 0.00000 Mbps
3181 ms [UE 15893] UL Throughput = 0.00000 Mbps
3196 ms | now=1755784718455255 us | PDCP ind_msg latency=71464840 us
3229 ms [UE 1043] UL Throughput = 0.00000 Mbps
3229 ms [UE 13806] UL Throughput = 0.00000 Mbps
3229 ms [UE 25133] UL Throughput = 0.00000 Mbps
3229 ms [UE 36712] UL Throughput = 0.00000 Mbps
3229 ms [UE 57972] UL Throughput = 0.00000 Mbps
3291 ms [UE 33547] UL Throughput = 0.00000 Mbps
3291 ms [UE 18165] UL Throughput = 0.11685 Mbps
3291 ms [UE 21150] UL Throughput = 0.23823 Mbps
3291 ms [UE 15893] UL Throughput = 0.00000 Mbps
3338 ms [UE 1043] UL Throughput = 0.00000 Mbps
3338 ms [UE 13806] UL Throughput = 0.00000 Mbps
3338 ms [UE 25133] UL Throughput = 0.02567 Mbps
3338 ms [UE 36712] UL Throughput = 0.00000 Mbps
3338 ms [UE 57972] UL Throughput = 0.00000 Mbps
3400 ms [UE 33547] UL Throughput = 0.00000 Mbps
3400 ms [UE 18165] UL Throughput = 0.00000 Mbps
3400 ms [UE 21150] UL Throughput = 0.00000 Mbps
3400 ms [UE 15893] UL Throughput = 0.00000 Mbps
3447 ms [UE 1043] UL Throughput = 0.68959 Mbps
3447 ms [UE 13806] UL Throughput = 0.00000 Mbps
3447 ms [UE 25133] UL Throughput = 0.11653 Mbps
3447 ms [UE 36712] UL Throughput = 0.00000 Mbps
3447 ms [UE 57972] UL Throughput = 0.00000 Mbps
3501 ms [UE 33547] UL Throughput = 0.00000 Mbps
3501 ms [UE 18165] UL Throughput = 0.00000 Mbps
3501 ms [UE 21150] UL Throughput = 0.00000 Mbps
3501 ms [UE 15893] UL Throughput = 0.00000 Mbps
3562 ms [UE 1043] UL Throughput = 0.00000 Mbps
3562 ms [UE 13806] UL Throughput = 0.00000 Mbps
3562 ms [UE 25133] UL Throughput = 0.00000 Mbps
3562 ms [UE 36712] UL Throughput = 0.00000 Mbps
3562 ms [UE 57972] UL Throughput = 0.00000 Mbps
3601 ms [UE 33547] UL Throughput = 0.00000 Mbps
3601 ms [UE 18165] UL Throughput = 0.00000 Mbps
3601 ms [UE 21150] UL Throughput = 0.00000 Mbps
3601 ms [UE 15893] UL Throughput = 0.19456 Mbps
3668 ms [UE 1043] UL Throughput = 0.00000 Mbps
3668 ms [UE 13806] UL Throughput = 0.61412 Mbps
3668 ms [UE 25133] UL Throughput = 0.00000 Mbps
3668 ms [UE 36712] UL Throughput = 0.00000 Mbps
3668 ms [UE 57972] UL Throughput = 0.41727 Mbps
3711 ms [UE 33547] UL Throughput = 0.00000 Mbps
3711 ms [UE 18165] UL Throughput = 0.00000 Mbps
3711 ms [UE 21150] UL Throughput = 0.00000 Mbps
3711 ms [UE 15893] UL Throughput = 0.00000 Mbps
3778 ms [UE 1043] UL Throughput = 0.00000 Mbps
3778 ms [UE 13806] UL Throughput = 0.00000 Mbps
3778 ms [UE 25133] UL Throughput = 0.00000 Mbps
3778 ms [UE 36712] UL Throughput = 0.00000 Mbps
3778 ms [UE 57972] UL Throughput = 0.00000 Mbps
3811 ms [UE 33547] UL Throughput = 0.00000 Mbps
3811 ms [UE 18165] UL Throughput = 0.00000 Mbps
3811 ms [UE 21150] UL Throughput = 0.00000 Mbps
3811 ms [UE 15893] UL Throughput = 0.00000 Mbps
3890 ms [UE 1043] UL Throughput = 0.00000 Mbps
3890 ms [UE 13806] UL Throughput = 0.00000 Mbps
3890 ms [UE 25133] UL Throughput = 0.00000 Mbps
3890 ms [UE 36712] UL Throughput = 0.12718 Mbps
3890 ms [UE 57972] UL Throughput = 0.00000 Mbps
3921 ms [UE 33547] UL Throughput = 0.03837 Mbps
3921 ms [UE 18165] UL Throughput = 0.00000 Mbps
3921 ms [UE 21150] UL Throughput = 0.00000 Mbps
3921 ms [UE 15893] UL Throughput = 0.00000 Mbps
3998 ms [UE 1043] UL Throughput = 0.00000 Mbps
3998 ms [UE 13806] UL Throughput = 0.00000 Mbps
3998 ms [UE 25133] UL Throughput = 0.10512 Mbps
3998 ms [UE 36712] UL Throughput = 0.61153 Mbps
3998 ms [UE 57972] UL Throughput = 0.00000 Mbps
4030 ms [UE 33547] UL Throughput = 0.17777 Mbps
4030 ms [UE 18165] UL Throughput = 0.00000 Mbps
4030 ms [UE 21150] UL Throughput = 0.19640 Mbps
4030 ms [UE 15893] UL Throughput = 0.00000 Mbps
4108 ms [UE 1043] UL Throughput = 0.00000 Mbps
4108 ms [UE 13806] UL Throughput = 0.00000 Mbps
4108 ms [UE 25133] UL Throughput = 0.00000 Mbps
4108 ms [UE 36712] UL Throughput = 0.00000 Mbps
4108 ms [UE 57972] UL Throughput = 0.00000 Mbps
4131 ms [UE 33547] UL Throughput = 0.00000 Mbps
4131 ms [UE 18165] UL Throughput = 0.00000 Mbps
4131 ms [UE 21150] UL Throughput = 0.00000 Mbps
4131 ms [UE 15893] UL Throughput = 0.00000 Mbps
4218 ms [UE 1043] UL Throughput = 0.14654 Mbps
4218 ms [UE 13806] UL Throughput = 0.00000 Mbps
4218 ms [UE 25133] UL Throughput = 0.00000 Mbps
4218 ms [UE 36712] UL Throughput = 0.00000 Mbps
4218 ms [UE 57972] UL Throughput = 0.00000 Mbps
4240 ms [UE 33547] UL Throughput = 0.00000 Mbps
4240 ms [UE 18165] UL Throughput = 0.02545 Mbps
4240 ms [UE 21150] UL Throughput = 0.00000 Mbps
4240 ms [UE 15893] UL Throughput = 0.00000 Mbps
4278 ms | now=1755784719537568 us | PDCP ind_msg latency=71464259 us
4327 ms [UE 1043] UL Throughput = 0.61890 Mbps
4327 ms [UE 13806] UL Throughput = 0.44109 Mbps
4327 ms [UE 25133] UL Throughput = 0.00000 Mbps
4327 ms [UE 36712] UL Throughput = 0.00000 Mbps
4327 ms [UE 57972] UL Throughput = 0.00000 Mbps
4350 ms [UE 33547] UL Throughput = 0.00000 Mbps
4350 ms [UE 18165] UL Throughput = 0.11672 Mbps
4350 ms [UE 21150] UL Throughput = 0.00000 Mbps
4350 ms [UE 15893] UL Throughput = 0.15879 Mbps
4427 ms [UE 1043] UL Throughput = 0.00000 Mbps
4427 ms [UE 13806] UL Throughput = 0.00000 Mbps
4427 ms [UE 25133] UL Throughput = 0.00000 Mbps
4427 ms [UE 36712] UL Throughput = 0.00000 Mbps
4427 ms [UE 57972] UL Throughput = 0.00000 Mbps
4451 ms [UE 33547] UL Throughput = 0.00000 Mbps
4451 ms [UE 18165] UL Throughput = 0.00000 Mbps
4451 ms [UE 21150] UL Throughput = 0.00000 Mbps
4451 ms [UE 15893] UL Throughput = 0.00000 Mbps
4529 ms [UE 1043] UL Throughput = 0.00000 Mbps
4529 ms [UE 13806] UL Throughput = 0.00000 Mbps
4529 ms [UE 25133] UL Throughput = 0.00000 Mbps
4529 ms [UE 36712] UL Throughput = 0.00000 Mbps
4529 ms [UE 57972] UL Throughput = 0.09630 Mbps
4562 ms [UE 33547] UL Throughput = 0.00000 Mbps
4562 ms [UE 18165] UL Throughput = 0.00000 Mbps
4562 ms [UE 21150] UL Throughput = 0.00000 Mbps
4562 ms [UE 15893] UL Throughput = 0.00000 Mbps
4638 ms [UE 1043] UL Throughput = 0.00000 Mbps
4638 ms [UE 13806] UL Throughput = 0.00000 Mbps
4638 ms [UE 25133] UL Throughput = 0.10771 Mbps
4638 ms [UE 36712] UL Throughput = 0.00000 Mbps
4638 ms [UE 57972] UL Throughput = 0.00000 Mbps
4671 ms [UE 33547] UL Throughput = 0.16490 Mbps
4671 ms [UE 18165] UL Throughput = 0.00000 Mbps
4671 ms [UE 21150] UL Throughput = 0.00000 Mbps
4671 ms [UE 15893] UL Throughput = 0.00000 Mbps
4748 ms [UE 1043] UL Throughput = 0.00000 Mbps
4748 ms [UE 13806] UL Throughput = 0.00000 Mbps
4748 ms [UE 25133] UL Throughput = 0.00000 Mbps
4748 ms [UE 36712] UL Throughput = 0.00000 Mbps
4748 ms [UE 57972] UL Throughput = 0.00000 Mbps
4771 ms [UE 33547] UL Throughput = 0.00000 Mbps
4771 ms [UE 18165] UL Throughput = 0.00000 Mbps
4771 ms [UE 21150] UL Throughput = 0.00000 Mbps
4771 ms [UE 15893] UL Throughput = 0.00000 Mbps
4848 ms [UE 1043] UL Throughput = 0.00000 Mbps
4848 ms [UE 13806] UL Throughput = 0.00000 Mbps
4848 ms [UE 25133] UL Throughput = 0.00000 Mbps
4848 ms [UE 36712] UL Throughput = 0.74784 Mbps
4848 ms [UE 57972] UL Throughput = 0.00000 Mbps
4881 ms [UE 33547] UL Throughput = 0.00000 Mbps
4881 ms [UE 18165] UL Throughput = 0.00000 Mbps
4881 ms [UE 21150] UL Throughput = 0.04206 Mbps
4881 ms [UE 15893] UL Throughput = 0.00000 Mbps
4949 ms [UE 1043] UL Throughput = 0.00000 Mbps
4949 ms [UE 13806] UL Throughput = 0.00000 Mbps
4949 ms [UE 25133] UL Throughput = 0.00000 Mbps
4949 ms [UE 36712] UL Throughput = 0.00000 Mbps
4949 ms [UE 57972] UL Throughput = 0.00000 Mbps
4991 ms [UE 33547] UL Throughput = 0.00000 Mbps
4991 ms [UE 18165] UL Throughput = 0.10684 Mbps
4991 ms [UE 21150] UL Throughput = 0.17648 Mbps
4991 ms [UE 15893] UL Throughput = 0.00000 Mbps
5058 ms [UE 1043] UL Throughput = 0.00000 Mbps
5058 ms [UE 13806] UL Throughput = 0.00000 Mbps
5058 ms [UE 25133] UL Throughput = 0.00000 Mbps
5058 ms [UE 36712] UL Throughput = 0.00000 Mbps
5058 ms [UE 57972] UL Throughput = 0.00000 Mbps
5103 ms [UE 33547] UL Throughput = 0.00000 Mbps
5103 ms [UE 18165] UL Throughput = 0.00000 Mbps
5103 ms [UE 21150] UL Throughput = 0.00000 Mbps
5103 ms [UE 15893] UL Throughput = 0.00000 Mbps
5167 ms [UE 1043] UL Throughput = 0.00000 Mbps
5167 ms [UE 13806] UL Throughput = 0.10521 Mbps
5167 ms [UE 25133] UL Throughput = 0.00000 Mbps
5167 ms [UE 36712] UL Throughput = 0.00000 Mbps
5167 ms [UE 57972] UL Throughput = 0.00000 Mbps
5211 ms [UE 33547] UL Throughput = 0.00000 Mbps
5211 ms [UE 18165] UL Throughput = 0.00000 Mbps
5211 ms [UE 21150] UL Throughput = 0.00000 Mbps
5211 ms [UE 15893] UL Throughput = 0.03917 Mbps
5268 ms [UE 1043] UL Throughput = 0.00000 Mbps
5268 ms [UE 13806] UL Throughput = 0.46908 Mbps
5268 ms [UE 25133] UL Throughput = 0.00000 Mbps
5268 ms [UE 36712] UL Throughput = 0.00000 Mbps
5268 ms [UE 57972] UL Throughput = 0.00000 Mbps
5321 ms [UE 33547] UL Throughput = 0.00000 Mbps
5321 ms [UE 18165] UL Throughput = 0.00000 Mbps
5321 ms [UE 21150] UL Throughput = 0.00000 Mbps
5321 ms [UE 15893] UL Throughput = 0.17656 Mbps
5348 ms | now=1755784720607023 us | PDCP ind_msg latency=71464705 us
5381 ms [UE 1043] UL Throughput = 0.00000 Mbps
5381 ms [UE 13806] UL Throughput = 0.00000 Mbps
5381 ms [UE 25133] UL Throughput = 0.00000 Mbps
5381 ms [UE 36712] UL Throughput = 0.00000 Mbps
5381 ms [UE 57972] UL Throughput = 0.00000 Mbps
5422 ms [UE 33547] UL Throughput = 0.00000 Mbps
5422 ms [UE 18165] UL Throughput = 0.00000 Mbps
5422 ms [UE 21150] UL Throughput = 0.00000 Mbps
5422 ms [UE 15893] UL Throughput = 0.00000 Mbps
5481 ms [UE 1043] UL Throughput = 0.75584 Mbps
5481 ms [UE 13806] UL Throughput = 0.00000 Mbps
5481 ms [UE 25133] UL Throughput = 0.02784 Mbps
5481 ms [UE 36712] UL Throughput = 0.00000 Mbps
5481 ms [UE 57972] UL Throughput = 0.00000 Mbps
5532 ms [UE 33547] UL Throughput = 0.15847 Mbps
5532 ms [UE 18165] UL Throughput = 0.00000 Mbps
5532 ms [UE 21150] UL Throughput = 0.19557 Mbps
5532 ms [UE 15893] UL Throughput = 0.00000 Mbps
5587 ms [UE 1043] UL Throughput = 0.00000 Mbps
5587 ms [UE 13806] UL Throughput = 0.00000 Mbps
5587 ms [UE 25133] UL Throughput = 0.00000 Mbps
5587 ms [UE 36712] UL Throughput = 0.61780 Mbps
5587 ms [UE 57972] UL Throughput = 0.00000 Mbps
5641 ms [UE 33547] UL Throughput = 0.00000 Mbps
5641 ms [UE 18165] UL Throughput = 0.00000 Mbps
5641 ms [UE 21150] UL Throughput = 0.00000 Mbps
5641 ms [UE 15893] UL Throughput = 0.00000 Mbps
5689 ms [UE 1043] UL Throughput = 0.00000 Mbps
5689 ms [UE 13806] UL Throughput = 0.00000 Mbps
5689 ms [UE 25133] UL Throughput = 0.00000 Mbps
5689 ms [UE 36712] UL Throughput = 0.00000 Mbps
5689 ms [UE 57972] UL Throughput = 0.00000 Mbps
5741 ms [UE 33547] UL Throughput = 0.00000 Mbps
5741 ms [UE 18165] UL Throughput = 0.00000 Mbps
5741 ms [UE 21150] UL Throughput = 0.00000 Mbps
5741 ms [UE 15893] UL Throughput = 0.00000 Mbps
5797 ms [UE 1043] UL Throughput = 0.00000 Mbps
5797 ms [UE 13806] UL Throughput = 0.00000 Mbps
5797 ms [UE 25133] UL Throughput = 0.14333 Mbps
5797 ms [UE 36712] UL Throughput = 0.00000 Mbps
5797 ms [UE 57972] UL Throughput = 0.36694 Mbps
5851 ms [UE 33547] UL Throughput = 0.00000 Mbps
5851 ms [UE 18165] UL Throughput = 0.14279 Mbps
5851 ms [UE 21150] UL Throughput = 0.00000 Mbps
5851 ms [UE 15893] UL Throughput = 0.00000 Mbps
5907 ms [UE 1043] UL Throughput = 0.00000 Mbps
5907 ms [UE 13806] UL Throughput = 0.00000 Mbps
5907 ms [UE 25133] UL Throughput = 0.00000 Mbps
5907 ms [UE 36712] UL Throughput = 0.00000 Mbps
5907 ms [UE 57972] UL Throughput = 0.00000 Mbps
5951 ms [UE 33547] UL Throughput = 0.00000 Mbps
5951 ms [UE 18165] UL Throughput = 0.00000 Mbps
5951 ms [UE 21150] UL Throughput = 0.00000 Mbps
5951 ms [UE 15893] UL Throughput = 0.00000 Mbps
6008 ms [UE 1043] UL Throughput = 0.00000 Mbps
6008 ms [UE 13806] UL Throughput = 0.00000 Mbps
6008 ms [UE 25133] UL Throughput = 0.00000 Mbps
6008 ms [UE 36712] UL Throughput = 0.00000 Mbps
6008 ms [UE 57972] UL Throughput = 0.00000 Mbps
6061 ms [UE 33547] UL Throughput = 0.03830 Mbps
6061 ms [UE 18165] UL Throughput = 0.00000 Mbps
6061 ms [UE 21150] UL Throughput = 0.00000 Mbps
6061 ms [UE 15893] UL Throughput = 0.00000 Mbps
6118 ms [UE 1043] UL Throughput = 0.00000 Mbps
6118 ms [UE 13806] UL Throughput = 0.58877 Mbps
6118 ms [UE 25133] UL Throughput = 0.00000 Mbps
6118 ms [UE 36712] UL Throughput = 0.59567 Mbps
6118 ms [UE 57972] UL Throughput = 0.00000 Mbps
6170 ms [UE 33547] UL Throughput = 0.00000 Mbps
6170 ms [UE 18165] UL Throughput = 0.00000 Mbps
6170 ms [UE 21150] UL Throughput = 0.19653 Mbps
6170 ms [UE 15893] UL Throughput = 0.17789 Mbps
6227 ms [UE 1043] UL Throughput = 0.00000 Mbps
6227 ms [UE 13806] UL Throughput = 0.00000 Mbps
6227 ms [UE 25133] UL Throughput = 0.00000 Mbps
6227 ms [UE 36712] UL Throughput = 0.00000 Mbps
6227 ms [UE 57972] UL Throughput = 0.00000 Mbps
6280 ms [UE 33547] UL Throughput = 0.00000 Mbps
6280 ms [UE 18165] UL Throughput = 0.00000 Mbps
6280 ms [UE 21150] UL Throughput = 0.00000 Mbps
6280 ms [UE 15893] UL Throughput = 0.00000 Mbps
6328 ms [UE 1043] UL Throughput = 0.00000 Mbps
6328 ms [UE 13806] UL Throughput = 0.00000 Mbps
6328 ms [UE 25133] UL Throughput = 0.00000 Mbps
6328 ms [UE 36712] UL Throughput = 0.00000 Mbps
6328 ms [UE 57972] UL Throughput = 0.00000 Mbps
6381 ms [UE 33547] UL Throughput = 0.04204 Mbps
6381 ms [UE 18165] UL Throughput = 0.00000 Mbps
6381 ms [UE 21150] UL Throughput = 0.00000 Mbps
6381 ms [UE 15893] UL Throughput = 0.00000 Mbps
6381 ms | now=1755784721640537 us | PDCP ind_msg latency=71465169 us
6438 ms [UE 1043] UL Throughput = 0.14683 Mbps
6438 ms [UE 13806] UL Throughput = 0.00000 Mbps
6438 ms [UE 25133] UL Throughput = 0.00000 Mbps
6438 ms [UE 36712] UL Throughput = 0.00000 Mbps
6438 ms [UE 57972] UL Throughput = 0.00000 Mbps
6481 ms [UE 33547] UL Throughput = 0.00000 Mbps
6481 ms [UE 18165] UL Throughput = 0.12724 Mbps
6481 ms [UE 21150] UL Throughput = 0.00000 Mbps
6481 ms [UE 15893] UL Throughput = 0.00000 Mbps
6547 ms [UE 1043] UL Throughput = 0.00000 Mbps
6547 ms [UE 13806] UL Throughput = 0.00000 Mbps
6547 ms [UE 25133] UL Throughput = 0.11693 Mbps
6547 ms [UE 36712] UL Throughput = 0.00000 Mbps
6547 ms [UE 57972] UL Throughput = 0.35547 Mbps
6582 ms [UE 33547] UL Throughput = 0.00000 Mbps
6582 ms [UE 18165] UL Throughput = 0.00000 Mbps
6582 ms [UE 21150] UL Throughput = 0.00000 Mbps
6582 ms [UE 15893] UL Throughput = 0.00000 Mbps
6647 ms [UE 1043] UL Throughput = 0.00000 Mbps
6647 ms [UE 13806] UL Throughput = 0.00000 Mbps
6647 ms [UE 25133] UL Throughput = 0.00000 Mbps
6647 ms [UE 36712] UL Throughput = 0.00000 Mbps
6647 ms [UE 57972] UL Throughput = 0.00000 Mbps
6682 ms [UE 33547] UL Throughput = 0.04215 Mbps
6682 ms [UE 18165] UL Throughput = 0.00000 Mbps
6682 ms [UE 21150] UL Throughput = 0.00000 Mbps
6682 ms [UE 15893] UL Throughput = 0.00000 Mbps
6748 ms [UE 1043] UL Throughput = 0.00000 Mbps
6748 ms [UE 13806] UL Throughput = 0.00000 Mbps
6748 ms [UE 25133] UL Throughput = 0.00000 Mbps
6748 ms [UE 36712] UL Throughput = 0.00000 Mbps
6748 ms [UE 57972] UL Throughput = 0.00000 Mbps
6790 ms [UE 33547] UL Throughput = 0.17897 Mbps
6790 ms [UE 18165] UL Throughput = 0.00000 Mbps
6790 ms [UE 21150] UL Throughput = 0.00000 Mbps
6790 ms [UE 15893] UL Throughput = 0.16021 Mbps
6853 ms [UE 1043] UL Throughput = 0.87347 Mbps
6853 ms [UE 13806] UL Throughput = 0.50632 Mbps
6853 ms [UE 25133] UL Throughput = 0.00000 Mbps
6853 ms [UE 36712] UL Throughput = 0.00000 Mbps
6853 ms [UE 57972] UL Throughput = 0.00000 Mbps
6891 ms [UE 33547] UL Throughput = 0.00000 Mbps
6891 ms [UE 18165] UL Throughput = 0.00000 Mbps
6891 ms [UE 21150] UL Throughput = 0.00000 Mbps
6891 ms [UE 15893] UL Throughput = 0.00000 Mbps
6959 ms [UE 1043] UL Throughput = 0.00000 Mbps
6959 ms [UE 13806] UL Throughput = 0.00000 Mbps
6959 ms [UE 25133] UL Throughput = 0.00000 Mbps
6959 ms [UE 36712] UL Throughput = 0.00000 Mbps
6959 ms [UE 57972] UL Throughput = 0.00000 Mbps
6991 ms [UE 33547] UL Throughput = 0.00000 Mbps
6991 ms [UE 18165] UL Throughput = 0.12804 Mbps
6991 ms [UE 21150] UL Throughput = 0.26105 Mbps
6991 ms [UE 15893] UL Throughput = 0.00000 Mbps
7070 ms [UE 1043] UL Throughput = 0.00000 Mbps
7070 ms [UE 13806] UL Throughput = 0.00000 Mbps
7070 ms [UE 25133] UL Throughput = 0.00000 Mbps
7070 ms [UE 36712] UL Throughput = 0.12958 Mbps
7070 ms [UE 57972] UL Throughput = 0.00000 Mbps
7092 ms [UE 33547] UL Throughput = 0.00000 Mbps
7092 ms [UE 18165] UL Throughput = 0.00000 Mbps
7092 ms [UE 21150] UL Throughput = 0.00000 Mbps
7092 ms [UE 15893] UL Throughput = 0.00000 Mbps
7178 ms [UE 1043] UL Throughput = 0.00000 Mbps
7178 ms [UE 13806] UL Throughput = 0.00000 Mbps
7178 ms [UE 25133] UL Throughput = 0.11871 Mbps
7178 ms [UE 36712] UL Throughput = 0.60780 Mbps
7178 ms [UE 57972] UL Throughput = 0.00000 Mbps
7201 ms [UE 33547] UL Throughput = 0.00000 Mbps
7201 ms [UE 18165] UL Throughput = 0.00000 Mbps
7201 ms [UE 21150] UL Throughput = 0.00000 Mbps
7201 ms [UE 15893] UL Throughput = 0.00000 Mbps
7278 ms [UE 1043] UL Throughput = 0.00000 Mbps
7278 ms [UE 13806] UL Throughput = 0.00000 Mbps
7278 ms [UE 25133] UL Throughput = 0.00000 Mbps
7278 ms [UE 36712] UL Throughput = 0.00000 Mbps
7278 ms [UE 57972] UL Throughput = 0.00000 Mbps
7311 ms [UE 33547] UL Throughput = 0.17673 Mbps
7311 ms [UE 18165] UL Throughput = 0.00000 Mbps
7311 ms [UE 21150] UL Throughput = 0.00000 Mbps
7311 ms [UE 15893] UL Throughput = 0.17673 Mbps
7388 ms [UE 1043] UL Throughput = 0.00000 Mbps
7388 ms [UE 13806] UL Throughput = 0.00000 Mbps
7388 ms [UE 25133] UL Throughput = 0.00000 Mbps
7388 ms [UE 36712] UL Throughput = 0.00000 Mbps
7388 ms [UE 57972] UL Throughput = 0.00000 Mbps
7421 ms [UE 33547] UL Throughput = 0.00000 Mbps
7421 ms [UE 18165] UL Throughput = 0.00000 Mbps
7421 ms [UE 21150] UL Throughput = 0.00000 Mbps
7421 ms [UE 15893] UL Throughput = 0.00000 Mbps
7431 ms | now=1755784722690315 us | PDCP ind_msg latency=71465018 us
7498 ms [UE 1043] UL Throughput = 0.00000 Mbps
7498 ms [UE 13806] UL Throughput = 0.48231 Mbps
7498 ms [UE 25133] UL Throughput = 0.00000 Mbps
7498 ms [UE 36712] UL Throughput = 0.00000 Mbps
7498 ms [UE 57972] UL Throughput = 0.48673 Mbps
7521 ms [UE 33547] UL Throughput = 0.00000 Mbps
7521 ms [UE 18165] UL Throughput = 0.00000 Mbps
7521 ms [UE 21150] UL Throughput = 0.00000 Mbps
7521 ms [UE 15893] UL Throughput = 0.00000 Mbps
7609 ms [UE 1043] UL Throughput = 0.00000 Mbps
7609 ms [UE 13806] UL Throughput = 0.00000 Mbps
7609 ms [UE 25133] UL Throughput = 0.00000 Mbps
7609 ms [UE 36712] UL Throughput = 0.00000 Mbps
7609 ms [UE 57972] UL Throughput = 0.00000 Mbps
7631 ms [UE 33547] UL Throughput = 0.00000 Mbps
7631 ms [UE 18165] UL Throughput = 0.00000 Mbps
7631 ms [UE 21150] UL Throughput = 0.19646 Mbps
7631 ms [UE 15893] UL Throughput = 0.00000 Mbps
7718 ms [UE 1043] UL Throughput = 0.84754 Mbps
7718 ms [UE 13806] UL Throughput = 0.00000 Mbps
7718 ms [UE 25133] UL Throughput = 0.00000 Mbps
7718 ms [UE 36712] UL Throughput = 0.00000 Mbps
7718 ms [UE 57972] UL Throughput = 0.00000 Mbps
7741 ms [UE 33547] UL Throughput = 0.00000 Mbps
7741 ms [UE 18165] UL Throughput = 0.00000 Mbps
7741 ms [UE 21150] UL Throughput = 0.00000 Mbps
7741 ms [UE 15893] UL Throughput = 0.00000 Mbps
7818 ms [UE 1043] UL Throughput = 0.00000 Mbps
7818 ms [UE 13806] UL Throughput = 0.00000 Mbps
7818 ms [UE 25133] UL Throughput = 0.00000 Mbps
7818 ms [UE 36712] UL Throughput = 0.58079 Mbps
7818 ms [UE 57972] UL Throughput = 0.00000 Mbps
7851 ms [UE 33547] UL Throughput = 0.00000 Mbps
7851 ms [UE 18165] UL Throughput = 0.02531 Mbps
7851 ms [UE 21150] UL Throughput = 0.00000 Mbps
7851 ms [UE 15893] UL Throughput = 0.00000 Mbps
7927 ms [UE 1043] UL Throughput = 0.00000 Mbps
7927 ms [UE 13806] UL Throughput = 0.00000 Mbps
7927 ms [UE 25133] UL Throughput = 0.00000 Mbps
7927 ms [UE 36712] UL Throughput = 0.00000 Mbps
7927 ms [UE 57972] UL Throughput = 0.00000 Mbps
7961 ms [UE 33547] UL Throughput = 0.00000 Mbps
7961 ms [UE 18165] UL Throughput = 0.11691 Mbps
7961 ms [UE 21150] UL Throughput = 0.00000 Mbps
7961 ms [UE 15893] UL Throughput = 0.15904 Mbps
8027 ms [UE 1043] UL Throughput = 0.00000 Mbps
8027 ms [UE 13806] UL Throughput = 0.00000 Mbps
8027 ms [UE 25133] UL Throughput = 0.15545 Mbps
8027 ms [UE 36712] UL Throughput = 0.00000 Mbps
8027 ms [UE 57972] UL Throughput = 0.43885 Mbps
8061 ms [UE 33547] UL Throughput = 0.00000 Mbps
8061 ms [UE 18165] UL Throughput = 0.00000 Mbps
8061 ms [UE 21150] UL Throughput = 0.00000 Mbps
8061 ms [UE 15893] UL Throughput = 0.00000 Mbps
8129 ms [UE 1043] UL Throughput = 0.00000 Mbps
8129 ms [UE 13806] UL Throughput = 0.00000 Mbps
8129 ms [UE 25133] UL Throughput = 0.00000 Mbps
8129 ms [UE 36712] UL Throughput = 0.00000 Mbps
8129 ms [UE 57972] UL Throughput = 0.00000 Mbps
8171 ms [UE 33547] UL Throughput = 0.03838 Mbps
8171 ms [UE 18165] UL Throughput = 0.00000 Mbps
8171 ms [UE 21150] UL Throughput = 0.00000 Mbps
8171 ms [UE 15893] UL Throughput = 0.00000 Mbps
8231 ms [UE 1043] UL Throughput = 0.00000 Mbps
8231 ms [UE 13806] UL Throughput = 0.00000 Mbps
8231 ms [UE 25133] UL Throughput = 0.00000 Mbps
8231 ms [UE 36712] UL Throughput = 0.00000 Mbps
8231 ms [UE 57972] UL Throughput = 0.00000 Mbps
8271 ms [UE 33547] UL Throughput = 0.19443 Mbps
8271 ms [UE 18165] UL Throughput = 0.00000 Mbps
8271 ms [UE 21150] UL Throughput = 0.00000 Mbps
8271 ms [UE 15893] UL Throughput = 0.00000 Mbps
8337 ms [UE 1043] UL Throughput = 0.00000 Mbps
8337 ms [UE 13806] UL Throughput = 0.50080 Mbps
8337 ms [UE 25133] UL Throughput = 0.00000 Mbps
8337 ms [UE 36712] UL Throughput = 0.00000 Mbps
8337 ms [UE 57972] UL Throughput = 0.00000 Mbps
8371 ms [UE 33547] UL Throughput = 0.00000 Mbps
8371 ms [UE 18165] UL Throughput = 0.00000 Mbps
8371 ms [UE 21150] UL Throughput = 0.00000 Mbps
8371 ms [UE 15893] UL Throughput = 0.00000 Mbps
8438 ms [UE 1043] UL Throughput = 0.00000 Mbps
8438 ms [UE 13806] UL Throughput = 0.00000 Mbps
8438 ms [UE 25133] UL Throughput = 0.00000 Mbps
8438 ms [UE 36712] UL Throughput = 0.00000 Mbps
8438 ms [UE 57972] UL Throughput = 0.00000 Mbps
8481 ms [UE 33547] UL Throughput = 0.00000 Mbps
8481 ms [UE 18165] UL Throughput = 0.11665 Mbps
8481 ms [UE 21150] UL Throughput = 0.23781 Mbps
8481 ms [UE 15893] UL Throughput = 0.00000 Mbps
8511 ms | now=1755784723770313 us | PDCP ind_msg latency=71464018 us
8547 ms [UE 1043] UL Throughput = 0.00000 Mbps
8547 ms [UE 13806] UL Throughput = 0.00000 Mbps
8547 ms [UE 25133] UL Throughput = 0.00000 Mbps
8547 ms [UE 36712] UL Throughput = 0.13082 Mbps
8547 ms [UE 57972] UL Throughput = 0.00000 Mbps
8581 ms [UE 33547] UL Throughput = 0.00000 Mbps
8581 ms [UE 18165] UL Throughput = 0.00000 Mbps
8581 ms [UE 21150] UL Throughput = 0.00000 Mbps
8581 ms [UE 15893] UL Throughput = 0.00000 Mbps
8648 ms [UE 1043] UL Throughput = 0.00000 Mbps
8648 ms [UE 13806] UL Throughput = 0.00000 Mbps
8648 ms [UE 25133] UL Throughput = 0.00000 Mbps
8648 ms [UE 36712] UL Throughput = 0.64951 Mbps
8648 ms [UE 57972] UL Throughput = 0.43620 Mbps
8682 ms [UE 33547] UL Throughput = 0.00000 Mbps
8682 ms [UE 18165] UL Throughput = 0.00000 Mbps
8682 ms [UE 21150] UL Throughput = 0.00000 Mbps
8682 ms [UE 15893] UL Throughput = 0.00000 Mbps
8758 ms [UE 1043] UL Throughput = 0.00000 Mbps
8758 ms [UE 13806] UL Throughput = 0.00000 Mbps
8758 ms [UE 25133] UL Throughput = 0.00000 Mbps
8758 ms [UE 36712] UL Throughput = 0.00000 Mbps
8758 ms [UE 57972] UL Throughput = 0.00000 Mbps
8791 ms [UE 33547] UL Throughput = 0.17934 Mbps
8791 ms [UE 18165] UL Throughput = 0.00000 Mbps
8791 ms [UE 21150] UL Throughput = 0.00000 Mbps
8791 ms [UE 15893] UL Throughput = 0.00000 Mbps
8860 ms [UE 1043] UL Throughput = 0.00000 Mbps
8860 ms [UE 13806] UL Throughput = 0.11269 Mbps
8860 ms [UE 25133] UL Throughput = 0.00000 Mbps
8860 ms [UE 36712] UL Throughput = 0.00000 Mbps
8860 ms [UE 57972] UL Throughput = 0.00000 Mbps
8901 ms [UE 33547] UL Throughput = 0.00000 Mbps
8901 ms [UE 18165] UL Throughput = 0.00000 Mbps
8901 ms [UE 21150] UL Throughput = 0.00000 Mbps
8901 ms [UE 15893] UL Throughput = 0.00000 Mbps
8967 ms [UE 1043] UL Throughput = 0.70638 Mbps
8967 ms [UE 13806] UL Throughput = 0.00000 Mbps
8967 ms [UE 25133] UL Throughput = 0.10506 Mbps
8967 ms [UE 36712] UL Throughput = 0.00000 Mbps
8967 ms [UE 57972] UL Throughput = 0.00000 Mbps
9001 ms [UE 33547] UL Throughput = 0.00000 Mbps
9001 ms [UE 18165] UL Throughput = 0.00000 Mbps
9001 ms [UE 21150] UL Throughput = 0.00000 Mbps
9001 ms [UE 15893] UL Throughput = 0.00000 Mbps
9069 ms [UE 1043] UL Throughput = 0.00000 Mbps
9069 ms [UE 13806] UL Throughput = 0.00000 Mbps
9069 ms [UE 25133] UL Throughput = 0.00000 Mbps
9069 ms [UE 36712] UL Throughput = 0.00000 Mbps
9069 ms [UE 57972] UL Throughput = 0.00000 Mbps
9111 ms [UE 33547] UL Throughput = 0.00000 Mbps
9111 ms [UE 18165] UL Throughput = 0.11679 Mbps
9111 ms [UE 21150] UL Throughput = 0.21490 Mbps
9111 ms [UE 15893] UL Throughput = 0.00000 Mbps
9177 ms [UE 1043] UL Throughput = 0.00000 Mbps
9177 ms [UE 13806] UL Throughput = 0.10639 Mbps
9177 ms [UE 25133] UL Throughput = 0.00000 Mbps
9177 ms [UE 36712] UL Throughput = 0.55795 Mbps
9177 ms [UE 57972] UL Throughput = 0.00000 Mbps
9211 ms [UE 33547] UL Throughput = 0.00000 Mbps
9211 ms [UE 18165] UL Throughput = 0.00000 Mbps
9211 ms [UE 21150] UL Throughput = 0.00000 Mbps
9211 ms [UE 15893] UL Throughput = 0.00000 Mbps
9289 ms [UE 1043] UL Throughput = 0.00000 Mbps
9289 ms [UE 13806] UL Throughput = 0.00000 Mbps
9289 ms [UE 25133] UL Throughput = 0.00000 Mbps
9289 ms [UE 36712] UL Throughput = 0.00000 Mbps
9289 ms [UE 57972] UL Throughput = 0.00000 Mbps
9321 ms [UE 33547] UL Throughput = 0.03858 Mbps
9321 ms [UE 18165] UL Throughput = 0.00000 Mbps
9321 ms [UE 21150] UL Throughput = 0.00000 Mbps
9321 ms [UE 15893] UL Throughput = 0.00000 Mbps
9389 ms [UE 1043] UL Throughput = 0.00000 Mbps
9389 ms [UE 13806] UL Throughput = 0.00000 Mbps
9389 ms [UE 25133] UL Throughput = 0.00000 Mbps
9389 ms [UE 36712] UL Throughput = 0.00000 Mbps
9389 ms [UE 57972] UL Throughput = 0.00000 Mbps
9431 ms [UE 33547] UL Throughput = 0.00000 Mbps
9431 ms [UE 18165] UL Throughput = 0.00000 Mbps
9431 ms [UE 21150] UL Throughput = 0.00000 Mbps
9431 ms [UE 15893] UL Throughput = 0.14202 Mbps
9498 ms [UE 1043] UL Throughput = 0.00000 Mbps
9498 ms [UE 13806] UL Throughput = 0.00000 Mbps
9498 ms [UE 25133] UL Throughput = 0.13365 Mbps
9498 ms [UE 36712] UL Throughput = 0.00000 Mbps
9498 ms [UE 57972] UL Throughput = 0.00000 Mbps
9531 ms [UE 33547] UL Throughput = 0.00000 Mbps
9531 ms [UE 18165] UL Throughput = 0.00000 Mbps
9531 ms [UE 21150] UL Throughput = 0.00000 Mbps
9531 ms [UE 15893] UL Throughput = 0.00000 Mbps
9578 ms | now=1755784724836862 us | PDCP ind_msg latency=71464571 us
9607 ms [UE 1043] UL Throughput = 0.00000 Mbps
9607 ms [UE 13806] UL Throughput = 0.00000 Mbps
9607 ms [UE 25133] UL Throughput = 0.00000 Mbps
9607 ms [UE 36712] UL Throughput = 0.00000 Mbps
9607 ms [UE 57972] UL Throughput = 0.00000 Mbps
9631 ms [UE 33547] UL Throughput = 0.22082 Mbps
9631 ms [UE 18165] UL Throughput = 0.00000 Mbps
9631 ms [UE 21150] UL Throughput = 0.19402 Mbps
9631 ms [UE 15893] UL Throughput = 0.00000 Mbps
9707 ms [UE 1043] UL Throughput = 0.00000 Mbps
9707 ms [UE 13806] UL Throughput = 0.00000 Mbps
9707 ms [UE 25133] UL Throughput = 0.00000 Mbps
9707 ms [UE 36712] UL Throughput = 0.00000 Mbps
9707 ms [UE 57972] UL Throughput = 0.00000 Mbps
9741 ms [UE 33547] UL Throughput = 0.00000 Mbps
9741 ms [UE 18165] UL Throughput = 0.00000 Mbps
9741 ms [UE 21150] UL Throughput = 0.00000 Mbps
9741 ms [UE 15893] UL Throughput = 0.00000 Mbps
9808 ms [UE 1043] UL Throughput = 0.16125 Mbps
9808 ms [UE 13806] UL Throughput = 0.48134 Mbps
9808 ms [UE 25133] UL Throughput = 0.00000 Mbps
9808 ms [UE 36712] UL Throughput = 0.65530 Mbps
9808 ms [UE 57972] UL Throughput = 0.00000 Mbps
9842 ms [UE 33547] UL Throughput = 0.00000 Mbps
9842 ms [UE 18165] UL Throughput = 0.00000 Mbps
9842 ms [UE 21150] UL Throughput = 0.00000 Mbps
9842 ms [UE 15893] UL Throughput = 0.00000 Mbps
9918 ms [UE 1043] UL Throughput = 0.00000 Mbps
9918 ms [UE 13806] UL Throughput = 0.00000 Mbps
9918 ms [UE 25133] UL Throughput = 0.00000 Mbps
9918 ms [UE 36712] UL Throughput = 0.00000 Mbps
9918 ms [UE 57972] UL Throughput = 0.00000 Mbps
9951 ms [UE 33547] UL Throughput = 0.00000 Mbps
9951 ms [UE 18165] UL Throughput = 0.00000 Mbps
9951 ms [UE 21150] UL Throughput = 0.00000 Mbps
9951 ms [UE 15893] UL Throughput = 0.00000 Mbps
10029 ms [UE 1043] UL Throughput = 0.14534 Mbps
10029 ms [UE 13806] UL Throughput = 0.00000 Mbps
10029 ms [UE 25133] UL Throughput = 0.00000 Mbps
10029 ms [UE 36712] UL Throughput = 0.00000 Mbps
10029 ms [UE 57972] UL Throughput = 0.00000 Mbps
10061 ms [UE 33547] UL Throughput = 0.00000 Mbps
10061 ms [UE 18165] UL Throughput = 0.00000 Mbps
10061 ms [UE 21150] UL Throughput = 0.00000 Mbps
10061 ms [UE 15893] UL Throughput = 0.00000 Mbps
10138 ms [UE 1043] UL Throughput = 0.60074 Mbps
10138 ms [UE 13806] UL Throughput = 0.00000 Mbps
10138 ms [UE 25133] UL Throughput = 0.00000 Mbps
10138 ms [UE 36712] UL Throughput = 0.00000 Mbps
10138 ms [UE 57972] UL Throughput = 0.00000 Mbps
10161 ms [UE 33547] UL Throughput = 0.00000 Mbps
10161 ms [UE 18165] UL Throughput = 0.00000 Mbps
10161 ms [UE 21150] UL Throughput = 0.21442 Mbps
10161 ms [UE 15893] UL Throughput = 0.18810 Mbps
10248 ms [UE 1043] UL Throughput = 0.00000 Mbps
10248 ms [UE 13806] UL Throughput = 0.00000 Mbps
10248 ms [UE 25133] UL Throughput = 0.00000 Mbps
10248 ms [UE 36712] UL Throughput = 0.00000 Mbps
10248 ms [UE 57972] UL Throughput = 0.00000 Mbps
10271 ms [UE 33547] UL Throughput = 0.00000 Mbps
10271 ms [UE 18165] UL Throughput = 0.00000 Mbps
10271 ms [UE 21150] UL Throughput = 0.00000 Mbps
10271 ms [UE 15893] UL Throughput = 0.00000 Mbps
10348 ms [UE 1043] UL Throughput = 0.00000 Mbps
10348 ms [UE 13806] UL Throughput = 0.00000 Mbps
10348 ms [UE 25133] UL Throughput = 0.00000 Mbps
10348 ms [UE 36712] UL Throughput = 0.00000 Mbps
10348 ms [UE 57972] UL Throughput = 0.00000 Mbps
10381 ms [UE 33547] UL Throughput = 0.00000 Mbps
10381 ms [UE 18165] UL Throughput = 0.02530 Mbps
10381 ms [UE 21150] UL Throughput = 0.00000 Mbps
10381 ms [UE 15893] UL Throughput = 0.00000 Mbps
10458 ms [UE 1043] UL Throughput = 0.00000 Mbps
10458 ms [UE 13806] UL Throughput = 0.00000 Mbps
10458 ms [UE 25133] UL Throughput = 0.14187 Mbps
10458 ms [UE 36712] UL Throughput = 0.59638 Mbps
10458 ms [UE 57972] UL Throughput = 0.00000 Mbps
10490 ms [UE 33547] UL Throughput = 0.17821 Mbps
10490 ms [UE 18165] UL Throughput = 0.10790 Mbps
10490 ms [UE 21150] UL Throughput = 0.00000 Mbps
10490 ms [UE 15893] UL Throughput = 0.00000 Mbps
10558 ms [UE 1043] UL Throughput = 0.00000 Mbps
10558 ms [UE 13806] UL Throughput = 0.00000 Mbps
10558 ms [UE 25133] UL Throughput = 0.00000 Mbps
10558 ms [UE 36712] UL Throughput = 0.00000 Mbps
10558 ms [UE 57972] UL Throughput = 0.00000 Mbps
10591 ms [UE 33547] UL Throughput = 0.00000 Mbps
10591 ms [UE 18165] UL Throughput = 0.00000 Mbps
10591 ms [UE 21150] UL Throughput = 0.00000 Mbps
10591 ms [UE 15893] UL Throughput = 0.00000 Mbps
10603 ms | now=1755784725861700 us | PDCP ind_msg latency=71464380 us
10668 ms [UE 1043] UL Throughput = 0.00000 Mbps
10668 ms [UE 13806] UL Throughput = 0.00000 Mbps
10668 ms [UE 25133] UL Throughput = 0.00000 Mbps
10668 ms [UE 36712] UL Throughput = 0.00000 Mbps
10668 ms [UE 57972] UL Throughput = 0.00000 Mbps
10701 ms [UE 33547] UL Throughput = 0.00000 Mbps
10701 ms [UE 18165] UL Throughput = 0.00000 Mbps
10701 ms [UE 21150] UL Throughput = 0.00000 Mbps
10701 ms [UE 15893] UL Throughput = 0.00000 Mbps
10768 ms [UE 1043] UL Throughput = 0.75483 Mbps
10768 ms [UE 13806] UL Throughput = 0.11481 Mbps
10768 ms [UE 25133] UL Throughput = 0.00000 Mbps
10768 ms [UE 36712] UL Throughput = 0.00000 Mbps
10768 ms [UE 57972] UL Throughput = 0.39773 Mbps
10813 ms [UE 33547] UL Throughput = 0.00000 Mbps
10813 ms [UE 18165] UL Throughput = 0.00000 Mbps
10813 ms [UE 21150] UL Throughput = 0.00000 Mbps
10813 ms [UE 15893] UL Throughput = 0.15629 Mbps
10868 ms [UE 1043] UL Throughput = 0.00000 Mbps
10868 ms [UE 13806] UL Throughput = 0.00000 Mbps
10868 ms [UE 25133] UL Throughput = 0.00000 Mbps
10868 ms [UE 36712] UL Throughput = 0.00000 Mbps
10868 ms [UE 57972] UL Throughput = 0.00000 Mbps
10921 ms [UE 33547] UL Throughput = 0.00000 Mbps
10921 ms [UE 18165] UL Throughput = 0.00000 Mbps
10921 ms [UE 21150] UL Throughput = 0.04244 Mbps
10921 ms [UE 15893] UL Throughput = 0.00000 Mbps
10969 ms [UE 1043] UL Throughput = 0.00000 Mbps
10969 ms [UE 13806] UL Throughput = 0.00000 Mbps
10969 ms [UE 25133] UL Throughput = 0.00000 Mbps
10969 ms [UE 36712] UL Throughput = 0.00000 Mbps
10969 ms [UE 57972] UL Throughput = 0.00000 Mbps
11031 ms [UE 33547] UL Throughput = 0.17700 Mbps
11031 ms [UE 18165] UL Throughput = 0.00000 Mbps
11031 ms [UE 21150] UL Throughput = 0.19555 Mbps
11031 ms [UE 15893] UL Throughput = 0.00000 Mbps
11079 ms [UE 1043] UL Throughput = 0.00000 Mbps
11079 ms [UE 13806] UL Throughput = 0.58881 Mbps
11079 ms [UE 25133] UL Throughput = 0.11635 Mbps
11079 ms [UE 36712] UL Throughput = 0.00000 Mbps
11079 ms [UE 57972] UL Throughput = 0.00000 Mbps
11141 ms [UE 33547] UL Throughput = 0.00000 Mbps
11141 ms [UE 18165] UL Throughput = 0.00000 Mbps
11141 ms [UE 21150] UL Throughput = 0.00000 Mbps
11141 ms [UE 15893] UL Throughput = 0.00000 Mbps
11187 ms [UE 1043] UL Throughput = 0.00000 Mbps
11187 ms [UE 13806] UL Throughput = 0.00000 Mbps
11187 ms [UE 25133] UL Throughput = 0.00000 Mbps
11187 ms [UE 36712] UL Throughput = 0.00000 Mbps
11187 ms [UE 57972] UL Throughput = 0.00000 Mbps
11253 ms [UE 33547] UL Throughput = 0.00000 Mbps
11253 ms [UE 18165] UL Throughput = 0.13931 Mbps
11253 ms [UE 21150] UL Throughput = 0.00000 Mbps
11253 ms [UE 15893] UL Throughput = 0.00000 Mbps
11288 ms [UE 1043] UL Throughput = 0.00000 Mbps
11288 ms [UE 13806] UL Throughput = 0.00000 Mbps
11288 ms [UE 25133] UL Throughput = 0.00000 Mbps
11288 ms [UE 36712] UL Throughput = 0.00000 Mbps
11288 ms [UE 57972] UL Throughput = 0.00000 Mbps
11361 ms [UE 33547] UL Throughput = 0.00000 Mbps
11361 ms [UE 18165] UL Throughput = 0.00000 Mbps
11361 ms [UE 21150] UL Throughput = 0.00000 Mbps
11361 ms [UE 15893] UL Throughput = 0.00000 Mbps
11399 ms [UE 1043] UL Throughput = 0.00000 Mbps
11399 ms [UE 13806] UL Throughput = 0.00000 Mbps
11399 ms [UE 25133] UL Throughput = 0.00000 Mbps
11399 ms [UE 36712] UL Throughput = 0.65275 Mbps
11399 ms [UE 57972] UL Throughput = 0.39527 Mbps
11461 ms [UE 33547] UL Throughput = 0.00000 Mbps
11461 ms [UE 18165] UL Throughput = 0.00000 Mbps
11461 ms [UE 21150] UL Throughput = 0.00000 Mbps
11461 ms [UE 15893] UL Throughput = 0.00000 Mbps
11507 ms [UE 1043] UL Throughput = 0.00000 Mbps
11507 ms [UE 13806] UL Throughput = 0.00000 Mbps
11507 ms [UE 25133] UL Throughput = 0.00000 Mbps
11507 ms [UE 36712] UL Throughput = 0.00000 Mbps
11507 ms [UE 57972] UL Throughput = 0.00000 Mbps
11571 ms [UE 33547] UL Throughput = 0.17648 Mbps
11571 ms [UE 18165] UL Throughput = 0.00000 Mbps
11571 ms [UE 21150] UL Throughput = 0.19497 Mbps
11571 ms [UE 15893] UL Throughput = 0.03402 Mbps
11609 ms [UE 1043] UL Throughput = 0.15872 Mbps
11609 ms [UE 13806] UL Throughput = 0.00000 Mbps
11609 ms [UE 25133] UL Throughput = 0.00000 Mbps
11609 ms [UE 36712] UL Throughput = 0.00000 Mbps
11609 ms [UE 57972] UL Throughput = 0.00000 Mbps
11628 ms | now=1755784726887433 us | PDCP ind_msg latency=71464122 us
11673 ms [UE 33547] UL Throughput = 0.00000 Mbps
11673 ms [UE 18165] UL Throughput = 0.00000 Mbps
11673 ms [UE 21150] UL Throughput = 0.00000 Mbps
11673 ms [UE 15893] UL Throughput = 0.00000 Mbps
11718 ms [UE 1043] UL Throughput = 0.69716 Mbps
11718 ms [UE 13806] UL Throughput = 0.49016 Mbps
11718 ms [UE 25133] UL Throughput = 0.00000 Mbps
11718 ms [UE 36712] UL Throughput = 0.00000 Mbps
11718 ms [UE 57972] UL Throughput = 0.00000 Mbps
11781 ms [UE 33547] UL Throughput = 0.00000 Mbps
11781 ms [UE 18165] UL Throughput = 0.00000 Mbps
11781 ms [UE 21150] UL Throughput = 0.00000 Mbps
11781 ms [UE 15893] UL Throughput = 0.19489 Mbps
11827 ms [UE 1043] UL Throughput = 0.00000 Mbps
11827 ms [UE 13806] UL Throughput = 0.00000 Mbps
11827 ms [UE 25133] UL Throughput = 0.00000 Mbps
11827 ms [UE 36712] UL Throughput = 0.00000 Mbps
11827 ms [UE 57972] UL Throughput = 0.00000 Mbps
11882 ms [UE 33547] UL Throughput = 0.00000 Mbps
11882 ms [UE 18165] UL Throughput = 0.12796 Mbps
11882 ms [UE 21150] UL Throughput = 0.00000 Mbps
11882 ms [UE 15893] UL Throughput = 0.00000 Mbps
11928 ms [UE 1043] UL Throughput = 0.00000 Mbps
11928 ms [UE 13806] UL Throughput = 0.00000 Mbps
11928 ms [UE 25133] UL Throughput = 0.00000 Mbps
11928 ms [UE 36712] UL Throughput = 0.00000 Mbps
11928 ms [UE 57972] UL Throughput = 0.00000 Mbps
11991 ms [UE 33547] UL Throughput = 0.00000 Mbps
11991 ms [UE 18165] UL Throughput = 0.00000 Mbps
11991 ms [UE 21150] UL Throughput = 0.00000 Mbps
11991 ms [UE 15893] UL Throughput = 0.00000 Mbps
12028 ms [UE 1043] UL Throughput = 0.00000 Mbps
12028 ms [UE 13806] UL Throughput = 0.00000 Mbps
12028 ms [UE 25133] UL Throughput = 0.15568 Mbps
12028 ms [UE 36712] UL Throughput = 0.00000 Mbps
12028 ms [UE 57972] UL Throughput = 0.00000 Mbps
12098 ms [UE 33547] UL Throughput = 0.00000 Mbps
12098 ms [UE 18165] UL Throughput = 0.00000 Mbps
12098 ms [UE 21150] UL Throughput = 0.00000 Mbps
12098 ms [UE 15893] UL Throughput = 0.00000 Mbps
12138 ms [UE 1043] UL Throughput = 0.00000 Mbps
12138 ms [UE 13806] UL Throughput = 0.00000 Mbps
12138 ms [UE 25133] UL Throughput = 0.00000 Mbps
12138 ms [UE 36712] UL Throughput = 0.00000 Mbps
12138 ms [UE 57972] UL Throughput = 0.39898 Mbps
12202 ms [UE 33547] UL Throughput = 0.00000 Mbps
12202 ms [UE 18165] UL Throughput = 0.00000 Mbps
12202 ms [UE 21150] UL Throughput = 0.20767 Mbps
12202 ms [UE 15893] UL Throughput = 0.00000 Mbps
12239 ms [UE 1043] UL Throughput = 0.00000 Mbps
12239 ms [UE 13806] UL Throughput = 0.00000 Mbps
12239 ms [UE 25133] UL Throughput = 0.00000 Mbps
12239 ms [UE 36712] UL Throughput = 0.00000 Mbps
12239 ms [UE 57972] UL Throughput = 0.00000 Mbps
12311 ms [UE 33547] UL Throughput = 0.00000 Mbps
12311 ms [UE 18165] UL Throughput = 0.00000 Mbps
12311 ms [UE 21150] UL Throughput = 0.00000 Mbps
12311 ms [UE 15893] UL Throughput = 0.00000 Mbps
12348 ms [UE 1043] UL Throughput = 0.00000 Mbps
12348 ms [UE 13806] UL Throughput = 0.00000 Mbps
12348 ms [UE 25133] UL Throughput = 0.00000 Mbps
12348 ms [UE 36712] UL Throughput = 0.72725 Mbps
12348 ms [UE 57972] UL Throughput = 0.00000 Mbps
12421 ms [UE 33547] UL Throughput = 0.21540 Mbps
12421 ms [UE 18165] UL Throughput = 0.00000 Mbps
12421 ms [UE 21150] UL Throughput = 0.00000 Mbps
12421 ms [UE 15893] UL Throughput = 0.13741 Mbps
12457 ms [UE 1043] UL Throughput = 0.69716 Mbps
12457 ms [UE 13806] UL Throughput = 0.00000 Mbps
12457 ms [UE 25133] UL Throughput = 0.00000 Mbps
12457 ms [UE 36712] UL Throughput = 0.00000 Mbps
12457 ms [UE 57972] UL Throughput = 0.00000 Mbps
12521 ms [UE 33547] UL Throughput = 0.00000 Mbps
12521 ms [UE 18165] UL Throughput = 0.00000 Mbps
12521 ms [UE 21150] UL Throughput = 0.00000 Mbps
12521 ms [UE 15893] UL Throughput = 0.00000 Mbps
12558 ms [UE 1043] UL Throughput = 0.00000 Mbps
12558 ms [UE 13806] UL Throughput = 0.00000 Mbps
12558 ms [UE 25133] UL Throughput = 0.00000 Mbps
12558 ms [UE 36712] UL Throughput = 0.00000 Mbps
12558 ms [UE 57972] UL Throughput = 0.00000 Mbps
12622 ms [UE 33547] UL Throughput = 0.00000 Mbps
12622 ms [UE 18165] UL Throughput = 0.02769 Mbps
12622 ms [UE 21150] UL Throughput = 0.00000 Mbps
12622 ms [UE 15893] UL Throughput = 0.00000 Mbps
12654 ms | now=1755784727913181 us | PDCP ind_msg latency=71464836 us
12658 ms [UE 1043] UL Throughput = 0.00000 Mbps
12658 ms [UE 13806] UL Throughput = 0.64507 Mbps
12658 ms [UE 25133] UL Throughput = 0.00000 Mbps
12658 ms [UE 36712] UL Throughput = 0.00000 Mbps
12658 ms [UE 57972] UL Throughput = 0.00000 Mbps
12725 ms [UE 33547] UL Throughput = 0.00000 Mbps
12725 ms [UE 18165] UL Throughput = 0.12402 Mbps
12725 ms [UE 21150] UL Throughput = 0.00000 Mbps
12725 ms [UE 15893] UL Throughput = 0.00000 Mbps
12768 ms [UE 1043] UL Throughput = 0.00000 Mbps
12768 ms [UE 13806] UL Throughput = 0.00000 Mbps
12768 ms [UE 25133] UL Throughput = 0.10307 Mbps
12768 ms [UE 36712] UL Throughput = 0.00000 Mbps
12768 ms [UE 57972] UL Throughput = 0.00000 Mbps
12831 ms [UE 33547] UL Throughput = 0.00000 Mbps
12831 ms [UE 18165] UL Throughput = 0.00000 Mbps
12831 ms [UE 21150] UL Throughput = 0.00000 Mbps
12831 ms [UE 15893] UL Throughput = 0.00000 Mbps
12868 ms [UE 1043] UL Throughput = 0.00000 Mbps
12868 ms [UE 13806] UL Throughput = 0.00000 Mbps
12868 ms [UE 25133] UL Throughput = 0.00000 Mbps
12868 ms [UE 36712] UL Throughput = 0.00000 Mbps
12868 ms [UE 57972] UL Throughput = 0.00000 Mbps
12931 ms [UE 33547] UL Throughput = 0.00000 Mbps
12931 ms [UE 18165] UL Throughput = 0.00000 Mbps
12931 ms [UE 21150] UL Throughput = 0.26079 Mbps
12931 ms [UE 15893] UL Throughput = 0.00000 Mbps
12978 ms [UE 1043] UL Throughput = 0.00000 Mbps
12978 ms [UE 13806] UL Throughput = 0.00000 Mbps
12978 ms [UE 25133] UL Throughput = 0.00000 Mbps
12978 ms [UE 36712] UL Throughput = 0.59879 Mbps
12978 ms [UE 57972] UL Throughput = 0.49104 Mbps
13041 ms [UE 33547] UL Throughput = 0.00000 Mbps
13041 ms [UE 18165] UL Throughput = 0.00000 Mbps
13041 ms [UE 21150] UL Throughput = 0.00000 Mbps
13041 ms [UE 15893] UL Throughput = 0.15949 Mbps
13087 ms [UE 1043] UL Throughput = 0.00000 Mbps
13087 ms [UE 13806] UL Throughput = 0.00000 Mbps
13087 ms [UE 25133] UL Throughput = 0.00000 Mbps
13087 ms [UE 36712] UL Throughput = 0.00000 Mbps
13087 ms [UE 57972] UL Throughput = 0.00000 Mbps
13142 ms [UE 33547] UL Throughput = 0.00000 Mbps
13142 ms [UE 18165] UL Throughput = 0.00000 Mbps
13142 ms [UE 21150] UL Throughput = 0.00000 Mbps
13142 ms [UE 15893] UL Throughput = 0.00000 Mbps
13188 ms [UE 1043] UL Throughput = 0.00000 Mbps
13188 ms [UE 13806] UL Throughput = 0.00000 Mbps
13188 ms [UE 25133] UL Throughput = 0.00000 Mbps
13188 ms [UE 36712] UL Throughput = 0.00000 Mbps
13188 ms [UE 57972] UL Throughput = 0.00000 Mbps
13250 ms [UE 33547] UL Throughput = 0.21922 Mbps
13250 ms [UE 18165] UL Throughput = 0.11853 Mbps
13250 ms [UE 21150] UL Throughput = 0.00000 Mbps
13250 ms [UE 15893] UL Throughput = 0.00000 Mbps
13300 ms [UE 1043] UL Throughput = 0.81865 Mbps
13300 ms [UE 13806] UL Throughput = 0.00000 Mbps
13300 ms [UE 25133] UL Throughput = 0.00000 Mbps
13300 ms [UE 36712] UL Throughput = 0.00000 Mbps
13300 ms [UE 57972] UL Throughput = 0.00000 Mbps
13351 ms [UE 33547] UL Throughput = 0.00000 Mbps
13351 ms [UE 18165] UL Throughput = 0.00000 Mbps
13351 ms [UE 21150] UL Throughput = 0.00000 Mbps
13351 ms [UE 15893] UL Throughput = 0.00000 Mbps
13408 ms [UE 1043] UL Throughput = 0.00000 Mbps
13408 ms [UE 13806] UL Throughput = 0.00000 Mbps
13408 ms [UE 25133] UL Throughput = 0.00000 Mbps
13408 ms [UE 36712] UL Throughput = 0.00000 Mbps
13408 ms [UE 57972] UL Throughput = 0.00000 Mbps
13452 ms [UE 33547] UL Throughput = 0.00000 Mbps
13452 ms [UE 18165] UL Throughput = 0.00000 Mbps
13452 ms [UE 21150] UL Throughput = 0.00000 Mbps
13452 ms [UE 15893] UL Throughput = 0.00000 Mbps
13508 ms [UE 1043] UL Throughput = 0.00000 Mbps
13508 ms [UE 13806] UL Throughput = 0.00000 Mbps
13508 ms [UE 25133] UL Throughput = 0.02790 Mbps
13508 ms [UE 36712] UL Throughput = 0.00000 Mbps
13508 ms [UE 57972] UL Throughput = 0.00000 Mbps
13561 ms [UE 33547] UL Throughput = 0.00000 Mbps
13561 ms [UE 18165] UL Throughput = 0.00000 Mbps
13561 ms [UE 21150] UL Throughput = 0.17383 Mbps
13561 ms [UE 15893] UL Throughput = 0.00000 Mbps
13608 ms [UE 1043] UL Throughput = 0.00000 Mbps
13608 ms [UE 13806] UL Throughput = 0.00000 Mbps
13608 ms [UE 25133] UL Throughput = 0.12720 Mbps
13608 ms [UE 36712] UL Throughput = 0.00000 Mbps
13608 ms [UE 57972] UL Throughput = 0.43736 Mbps
13671 ms [UE 33547] UL Throughput = 0.00000 Mbps
13671 ms [UE 18165] UL Throughput = 0.00000 Mbps
13671 ms [UE 21150] UL Throughput = 0.00000 Mbps
13671 ms [UE 15893] UL Throughput = 0.00000 Mbps
13681 ms | now=1755784728940551 us | PDCP ind_msg latency=71464209 us
13709 ms [UE 1043] UL Throughput = 0.00000 Mbps
13709 ms [UE 13806] UL Throughput = 0.00000 Mbps
13709 ms [UE 25133] UL Throughput = 0.00000 Mbps
13709 ms [UE 36712] UL Throughput = 0.00000 Mbps
13709 ms [UE 57972] UL Throughput = 0.00000 Mbps
13771 ms [UE 33547] UL Throughput = 0.00000 Mbps
13771 ms [UE 18165] UL Throughput = 0.00000 Mbps
13771 ms [UE 21150] UL Throughput = 0.00000 Mbps
13771 ms [UE 15893] UL Throughput = 0.03740 Mbps
13818 ms [UE 1043] UL Throughput = 0.00000 Mbps
13818 ms [UE 13806] UL Throughput = 0.00000 Mbps
13818 ms [UE 25133] UL Throughput = 0.00000 Mbps
13818 ms [UE 36712] UL Throughput = 0.00000 Mbps
13818 ms [UE 57972] UL Throughput = 0.00000 Mbps
13876 ms [UE 33547] UL Throughput = 0.17196 Mbps
13876 ms [UE 18165] UL Throughput = 0.00000 Mbps
13876 ms [UE 21150] UL Throughput = 0.00000 Mbps
13876 ms [UE 15893] UL Throughput = 0.14986 Mbps
13928 ms [UE 1043] UL Throughput = 0.00000 Mbps
13928 ms [UE 13806] UL Throughput = 0.48707 Mbps
13928 ms [UE 25133] UL Throughput = 0.00000 Mbps
13928 ms [UE 36712] UL Throughput = 0.53365 Mbps
13928 ms [UE 57972] UL Throughput = 0.00000 Mbps
13981 ms [UE 33547] UL Throughput = 0.00000 Mbps
13981 ms [UE 18165] UL Throughput = 0.00000 Mbps
13981 ms [UE 21150] UL Throughput = 0.00000 Mbps
13981 ms [UE 15893] UL Throughput = 0.00000 Mbps
14030 ms [UE 1043] UL Throughput = 0.00000 Mbps
14030 ms [UE 13806] UL Throughput = 0.00000 Mbps
14030 ms [UE 25133] UL Throughput = 0.00000 Mbps
14030 ms [UE 36712] UL Throughput = 0.00000 Mbps
14030 ms [UE 57972] UL Throughput = 0.00000 Mbps
14081 ms [UE 33547] UL Throughput = 0.00000 Mbps
14081 ms [UE 18165] UL Throughput = 0.14555 Mbps
14081 ms [UE 21150] UL Throughput = 0.00000 Mbps
14081 ms [UE 15893] UL Throughput = 0.00000 Mbps
14138 ms [UE 1043] UL Throughput = 0.77740 Mbps
14138 ms [UE 13806] UL Throughput = 0.00000 Mbps
14138 ms [UE 25133] UL Throughput = 0.00000 Mbps
14138 ms [UE 36712] UL Throughput = 0.00000 Mbps
14138 ms [UE 57972] UL Throughput = 0.00000 Mbps
14182 ms [UE 33547] UL Throughput = 0.00000 Mbps
14182 ms [UE 18165] UL Throughput = 0.00000 Mbps
14182 ms [UE 21150] UL Throughput = 0.19279 Mbps
14182 ms [UE 15893] UL Throughput = 0.00000 Mbps
14248 ms [UE 1043] UL Throughput = 0.00000 Mbps
14248 ms [UE 13806] UL Throughput = 0.00000 Mbps
14248 ms [UE 25133] UL Throughput = 0.10725 Mbps
14248 ms [UE 36712] UL Throughput = 0.00000 Mbps
14248 ms [UE 57972] UL Throughput = 0.00000 Mbps
14291 ms [UE 33547] UL Throughput = 0.00000 Mbps
14291 ms [UE 18165] UL Throughput = 0.00000 Mbps
14291 ms [UE 21150] UL Throughput = 0.00000 Mbps
14291 ms [UE 15893] UL Throughput = 0.00000 Mbps
14349 ms [UE 1043] UL Throughput = 0.00000 Mbps
14349 ms [UE 13806] UL Throughput = 0.00000 Mbps
14349 ms [UE 25133] UL Throughput = 0.00000 Mbps
14349 ms [UE 36712] UL Throughput = 0.00000 Mbps
14349 ms [UE 57972] UL Throughput = 0.00000 Mbps
14401 ms [UE 33547] UL Throughput = 0.00000 Mbps
14401 ms [UE 18165] UL Throughput = 0.00000 Mbps
14401 ms [UE 21150] UL Throughput = 0.00000 Mbps
14401 ms [UE 15893] UL Throughput = 0.00000 Mbps
14458 ms [UE 1043] UL Throughput = 0.00000 Mbps
14458 ms [UE 13806] UL Throughput = 0.00000 Mbps
14458 ms [UE 25133] UL Throughput = 0.00000 Mbps
14458 ms [UE 36712] UL Throughput = 0.13188 Mbps
14458 ms [UE 57972] UL Throughput = 0.00000 Mbps
14511 ms [UE 33547] UL Throughput = 0.00000 Mbps
14511 ms [UE 18165] UL Throughput = 0.00000 Mbps
14511 ms [UE 21150] UL Throughput = 0.00000 Mbps
14511 ms [UE 15893] UL Throughput = 0.00000 Mbps
14558 ms [UE 1043] UL Throughput = 0.00000 Mbps
14558 ms [UE 13806] UL Throughput = 0.00000 Mbps
14558 ms [UE 25133] UL Throughput = 0.00000 Mbps
14558 ms [UE 36712] UL Throughput = 0.00000 Mbps
14558 ms [UE 57972] UL Throughput = 0.00000 Mbps
14612 ms [UE 33547] UL Throughput = 0.00000 Mbps
14612 ms [UE 18165] UL Throughput = 0.00000 Mbps
14612 ms [UE 21150] UL Throughput = 0.00000 Mbps
14612 ms [UE 15893] UL Throughput = 0.00000 Mbps
14668 ms [UE 1043] UL Throughput = 0.00000 Mbps
14668 ms [UE 13806] UL Throughput = 0.00000 Mbps
14668 ms [UE 25133] UL Throughput = 0.00000 Mbps
14668 ms [UE 36712] UL Throughput = 0.00000 Mbps
14668 ms [UE 57972] UL Throughput = 0.00000 Mbps
14713 ms | now=1755784729971828 us | PDCP ind_msg latency=71464464 us
14721 ms [UE 33547] UL Throughput = 0.00000 Mbps
14721 ms [UE 18165] UL Throughput = 0.10281 Mbps
14721 ms [UE 21150] UL Throughput = 0.19614 Mbps
14721 ms [UE 15893] UL Throughput = 0.00000 Mbps
14768 ms [UE 1043] UL Throughput = 0.67258 Mbps
14768 ms [UE 13806] UL Throughput = 0.53031 Mbps
14768 ms [UE 25133] UL Throughput = 0.00000 Mbps
14768 ms [UE 36712] UL Throughput = 0.00000 Mbps
14768 ms [UE 57972] UL Throughput = 0.00000 Mbps
14831 ms [UE 33547] UL Throughput = 0.00000 Mbps
14831 ms [UE 18165] UL Throughput = 0.00000 Mbps
14831 ms [UE 21150] UL Throughput = 0.00000 Mbps
14831 ms [UE 15893] UL Throughput = 0.00000 Mbps
14878 ms [UE 1043] UL Throughput = 0.00000 Mbps
14878 ms [UE 13806] UL Throughput = 0.00000 Mbps
14878 ms [UE 25133] UL Throughput = 0.00000 Mbps
14878 ms [UE 36712] UL Throughput = 0.00000 Mbps
14878 ms [UE 57972] UL Throughput = 0.00000 Mbps
14931 ms [UE 33547] UL Throughput = 0.00000 Mbps
14931 ms [UE 18165] UL Throughput = 0.00000 Mbps
14931 ms [UE 21150] UL Throughput = 0.00000 Mbps
14931 ms [UE 15893] UL Throughput = 0.00000 Mbps
14979 ms [UE 1043] UL Throughput = 0.00000 Mbps
14979 ms [UE 13806] UL Throughput = 0.00000 Mbps
14979 ms [UE 25133] UL Throughput = 0.00000 Mbps
14979 ms [UE 36712] UL Throughput = 0.00000 Mbps
14979 ms [UE 57972] UL Throughput = 0.00000 Mbps
15032 ms [UE 33547] UL Throughput = 0.19418 Mbps
15032 ms [UE 18165] UL Throughput = 0.00000 Mbps
15032 ms [UE 21150] UL Throughput = 0.00000 Mbps
15032 ms [UE 15893] UL Throughput = 0.00000 Mbps
15088 ms [UE 1043] UL Throughput = 0.00000 Mbps
15088 ms [UE 13806] UL Throughput = 0.00000 Mbps
15088 ms [UE 25133] UL Throughput = 0.12993 Mbps
15088 ms [UE 36712] UL Throughput = 0.55853 Mbps
15088 ms [UE 57972] UL Throughput = 0.00000 Mbps
15141 ms [UE 33547] UL Throughput = 0.00000 Mbps
15141 ms [UE 18165] UL Throughput = 0.00000 Mbps
15141 ms [UE 21150] UL Throughput = 0.00000 Mbps
15141 ms [UE 15893] UL Throughput = 0.00000 Mbps
15200 ms [UE 1043] UL Throughput = 0.00000 Mbps
15200 ms [UE 13806] UL Throughput = 0.00000 Mbps
15200 ms [UE 25133] UL Throughput = 0.00000 Mbps
15200 ms [UE 36712] UL Throughput = 0.00000 Mbps
15200 ms [UE 57972] UL Throughput = 0.00000 Mbps
15251 ms [UE 33547] UL Throughput = 0.00000 Mbps
15251 ms [UE 18165] UL Throughput = 0.02539 Mbps
15251 ms [UE 21150] UL Throughput = 0.00000 Mbps
15251 ms [UE 15893] UL Throughput = 0.00000 Mbps
15309 ms [UE 1043] UL Throughput = 0.00000 Mbps
15309 ms [UE 13806] UL Throughput = 0.10543 Mbps
15309 ms [UE 25133] UL Throughput = 0.00000 Mbps
15309 ms [UE 36712] UL Throughput = 0.00000 Mbps
15309 ms [UE 57972] UL Throughput = 0.00000 Mbps
15351 ms [UE 33547] UL Throughput = 0.00000 Mbps
15351 ms [UE 18165] UL Throughput = 0.12788 Mbps
15351 ms [UE 21150] UL Throughput = 0.21470 Mbps
15351 ms [UE 15893] UL Throughput = 0.00000 Mbps
15417 ms [UE 1043] UL Throughput = 0.00000 Mbps
15417 ms [UE 13806] UL Throughput = 0.00000 Mbps
15417 ms [UE 25133] UL Throughput = 0.00000 Mbps
15417 ms [UE 36712] UL Throughput = 0.00000 Mbps
15417 ms [UE 57972] UL Throughput = 0.00000 Mbps
15461 ms [UE 33547] UL Throughput = 0.00000 Mbps
15461 ms [UE 18165] UL Throughput = 0.00000 Mbps
15461 ms [UE 21150] UL Throughput = 0.00000 Mbps
15461 ms [UE 15893] UL Throughput = 0.00000 Mbps
15519 ms [UE 1043] UL Throughput = 0.00000 Mbps
15519 ms [UE 13806] UL Throughput = 0.00000 Mbps
15519 ms [UE 25133] UL Throughput = 0.00000 Mbps
15519 ms [UE 36712] UL Throughput = 0.00000 Mbps
15519 ms [UE 57972] UL Throughput = 0.00000 Mbps
15561 ms [UE 33547] UL Throughput = 0.00000 Mbps
15561 ms [UE 18165] UL Throughput = 0.00000 Mbps
15561 ms [UE 21150] UL Throughput = 0.00000 Mbps
15561 ms [UE 15893] UL Throughput = 0.03360 Mbps
15628 ms [UE 1043] UL Throughput = 0.00000 Mbps
15628 ms [UE 13806] UL Throughput = 0.00000 Mbps
15628 ms [UE 25133] UL Throughput = 0.11785 Mbps
15628 ms [UE 36712] UL Throughput = 0.00000 Mbps
15628 ms [UE 57972] UL Throughput = 0.08958 Mbps
15671 ms [UE 33547] UL Throughput = 0.00000 Mbps
15671 ms [UE 18165] UL Throughput = 0.00000 Mbps
15671 ms [UE 21150] UL Throughput = 0.00000 Mbps
15671 ms [UE 15893] UL Throughput = 0.13691 Mbps
15738 ms [UE 1043] UL Throughput = 0.00000 Mbps
15738 ms [UE 13806] UL Throughput = 0.48518 Mbps
15738 ms [UE 25133] UL Throughput = 0.00000 Mbps
15738 ms [UE 36712] UL Throughput = 0.00000 Mbps
15738 ms [UE 57972] UL Throughput = 0.00000 Mbps
15738 ms | now=1755784730997632 us | PDCP ind_msg latency=71464283 us
15781 ms [UE 33547] UL Throughput = 0.00000 Mbps
15781 ms [UE 18165] UL Throughput = 0.00000 Mbps
15781 ms [UE 21150] UL Throughput = 0.00000 Mbps
15781 ms [UE 15893] UL Throughput = 0.00000 Mbps
15848 ms [UE 1043] UL Throughput = 0.00000 Mbps
15848 ms [UE 13806] UL Throughput = 0.00000 Mbps
15848 ms [UE 25133] UL Throughput = 0.00000 Mbps
15848 ms [UE 36712] UL Throughput = 0.00000 Mbps
15848 ms [UE 57972] UL Throughput = 0.00000 Mbps
15891 ms [UE 33547] UL Throughput = 0.21495 Mbps
15891 ms [UE 18165] UL Throughput = 0.00000 Mbps
15891 ms [UE 21150] UL Throughput = 0.00000 Mbps
15891 ms [UE 15893] UL Throughput = 0.00000 Mbps
15958 ms [UE 1043] UL Throughput = 0.69228 Mbps
15958 ms [UE 13806] UL Throughput = 0.00000 Mbps
15958 ms [UE 25133] UL Throughput = 0.00000 Mbps
15958 ms [UE 36712] UL Throughput = 0.13102 Mbps
15958 ms [UE 57972] UL Throughput = 0.36477 Mbps
15992 ms [UE 33547] UL Throughput = 0.00000 Mbps
15992 ms [UE 18165] UL Throughput = 0.00000 Mbps
15992 ms [UE 21150] UL Throughput = 0.18794 Mbps
15992 ms [UE 15893] UL Throughput = 0.00000 Mbps
16068 ms [UE 1043] UL Throughput = 0.00000 Mbps
16068 ms [UE 13806] UL Throughput = 0.00000 Mbps
16068 ms [UE 25133] UL Throughput = 0.00000 Mbps
16068 ms [UE 36712] UL Throughput = 0.00000 Mbps
16068 ms [UE 57972] UL Throughput = 0.00000 Mbps
16101 ms [UE 33547] UL Throughput = 0.00000 Mbps
16101 ms [UE 18165] UL Throughput = 0.00000 Mbps
16101 ms [UE 21150] UL Throughput = 0.00000 Mbps
16101 ms [UE 15893] UL Throughput = 0.00000 Mbps
16168 ms [UE 1043] UL Throughput = 0.00000 Mbps
16168 ms [UE 13806] UL Throughput = 0.00000 Mbps
16168 ms [UE 25133] UL Throughput = 0.00000 Mbps
16168 ms [UE 36712] UL Throughput = 0.14306 Mbps
16168 ms [UE 57972] UL Throughput = 0.00000 Mbps
16210 ms [UE 33547] UL Throughput = 0.00000 Mbps
16210 ms [UE 18165] UL Throughput = 0.14296 Mbps
16210 ms [UE 21150] UL Throughput = 0.00000 Mbps
16210 ms [UE 15893] UL Throughput = 0.00000 Mbps
16278 ms [UE 1043] UL Throughput = 0.00000 Mbps
16278 ms [UE 13806] UL Throughput = 0.00000 Mbps
16278 ms [UE 25133] UL Throughput = 0.10232 Mbps
16278 ms [UE 36712] UL Throughput = 0.00000 Mbps
16278 ms [UE 57972] UL Throughput = 0.00000 Mbps
16311 ms [UE 33547] UL Throughput = 0.00000 Mbps
16311 ms [UE 18165] UL Throughput = 0.00000 Mbps
16311 ms [UE 21150] UL Throughput = 0.00000 Mbps
16311 ms [UE 15893] UL Throughput = 0.00000 Mbps
16388 ms [UE 1043] UL Throughput = 0.00000 Mbps
16388 ms [UE 13806] UL Throughput = 0.00000 Mbps
16388 ms [UE 25133] UL Throughput = 0.00000 Mbps
16388 ms [UE 36712] UL Throughput = 0.00000 Mbps
16388 ms [UE 57972] UL Throughput = 0.00000 Mbps
16412 ms [UE 33547] UL Throughput = 0.00000 Mbps
16412 ms [UE 18165] UL Throughput = 0.00000 Mbps
16412 ms [UE 21150] UL Throughput = 0.00000 Mbps
16412 ms [UE 15893] UL Throughput = 0.00000 Mbps
16498 ms [UE 1043] UL Throughput = 0.00000 Mbps
16498 ms [UE 13806] UL Throughput = 0.48696 Mbps
16498 ms [UE 25133] UL Throughput = 0.00000 Mbps
16498 ms [UE 36712] UL Throughput = 0.00000 Mbps
16498 ms [UE 57972] UL Throughput = 0.08897 Mbps
16521 ms [UE 33547] UL Throughput = 0.00000 Mbps
16521 ms [UE 18165] UL Throughput = 0.00000 Mbps
16521 ms [UE 21150] UL Throughput = 0.19743 Mbps
16521 ms [UE 15893] UL Throughput = 0.16967 Mbps
16607 ms [UE 1043] UL Throughput = 0.00000 Mbps
16607 ms [UE 13806] UL Throughput = 0.00000 Mbps
16607 ms [UE 25133] UL Throughput = 0.00000 Mbps
16607 ms [UE 36712] UL Throughput = 0.00000 Mbps
16607 ms [UE 57972] UL Throughput = 0.40133 Mbps
16621 ms [UE 33547] UL Throughput = 0.00000 Mbps
16621 ms [UE 18165] UL Throughput = 0.00000 Mbps
16621 ms [UE 21150] UL Throughput = 0.00000 Mbps
16621 ms [UE 15893] UL Throughput = 0.00000 Mbps
16708 ms [UE 1043] UL Throughput = 0.00000 Mbps
16708 ms [UE 13806] UL Throughput = 0.00000 Mbps
16708 ms [UE 25133] UL Throughput = 0.00000 Mbps
16708 ms [UE 36712] UL Throughput = 0.00000 Mbps
16708 ms [UE 57972] UL Throughput = 0.00000 Mbps
16721 ms [UE 33547] UL Throughput = 0.00000 Mbps
16721 ms [UE 18165] UL Throughput = 0.00000 Mbps
16721 ms [UE 21150] UL Throughput = 0.00000 Mbps
16721 ms [UE 15893] UL Throughput = 0.00000 Mbps
16768 ms | now=1755784732027617 us | PDCP ind_msg latency=71469215 us
16818 ms [UE 1043] UL Throughput = 0.83654 Mbps
16818 ms [UE 13806] UL Throughput = 0.00000 Mbps
16818 ms [UE 25133] UL Throughput = 0.00000 Mbps
16818 ms [UE 36712] UL Throughput = 0.59674 Mbps
16818 ms [UE 57972] UL Throughput = 0.00000 Mbps
16822 ms [UE 33547] UL Throughput = 0.00000 Mbps
16822 ms [UE 18165] UL Throughput = 0.00000 Mbps
16822 ms [UE 21150] UL Throughput = 0.54207 Mbps
16822 ms [UE 15893] UL Throughput = 0.00000 Mbps
16918 ms [UE 1043] UL Throughput = 0.00000 Mbps
16918 ms [UE 13806] UL Throughput = 0.00000 Mbps
16918 ms [UE 25133] UL Throughput = 0.00000 Mbps
16918 ms [UE 36712] UL Throughput = 0.00000 Mbps
16918 ms [UE 57972] UL Throughput = 0.00000 Mbps
16931 ms [UE 33547] UL Throughput = 0.00000 Mbps
16931 ms [UE 18165] UL Throughput = 0.00000 Mbps
16931 ms [UE 21150] UL Throughput = 0.00000 Mbps
16931 ms [UE 15893] UL Throughput = 0.00000 Mbps
17021 ms [UE 1043] UL Throughput = 0.00000 Mbps
17021 ms [UE 13806] UL Throughput = 0.00000 Mbps
17021 ms [UE 25133] UL Throughput = 0.00000 Mbps
17021 ms [UE 36712] UL Throughput = 0.00000 Mbps
17021 ms [UE 57972] UL Throughput = 0.00000 Mbps
17041 ms [UE 33547] UL Throughput = 0.03826 Mbps
17041 ms [UE 18165] UL Throughput = 0.00000 Mbps
17041 ms [UE 21150] UL Throughput = 0.00000 Mbps
17041 ms [UE 15893] UL Throughput = 0.00000 Mbps
17128 ms [UE 1043] UL Throughput = 0.00000 Mbps
17128 ms [UE 13806] UL Throughput = 0.49904 Mbps
17128 ms [UE 25133] UL Throughput = 0.02615 Mbps
17128 ms [UE 36712] UL Throughput = 0.00000 Mbps
17128 ms [UE 57972] UL Throughput = 0.00000 Mbps
17151 ms [UE 33547] UL Throughput = 0.17791 Mbps
17151 ms [UE 18165] UL Throughput = 0.10303 Mbps
17151 ms [UE 21150] UL Throughput = 0.00000 Mbps
17151 ms [UE 15893] UL Throughput = 0.00000 Mbps
17229 ms [UE 1043] UL Throughput = 0.00000 Mbps
17229 ms [UE 13806] UL Throughput = 0.00000 Mbps
17229 ms [UE 25133] UL Throughput = 0.12651 Mbps
17229 ms [UE 36712] UL Throughput = 0.00000 Mbps
17229 ms [UE 57972] UL Throughput = 0.00000 Mbps
17251 ms [UE 33547] UL Throughput = 0.00000 Mbps
17251 ms [UE 18165] UL Throughput = 0.00000 Mbps
17251 ms [UE 21150] UL Throughput = 0.00000 Mbps
17251 ms [UE 15893] UL Throughput = 0.00000 Mbps
17338 ms [UE 1043] UL Throughput = 0.00000 Mbps
17338 ms [UE 13806] UL Throughput = 0.00000 Mbps
17338 ms [UE 25133] UL Throughput = 0.00000 Mbps
17338 ms [UE 36712] UL Throughput = 0.00000 Mbps
17338 ms [UE 57972] UL Throughput = 0.00000 Mbps
17351 ms [UE 33547] UL Throughput = 0.00000 Mbps
17351 ms [UE 18165] UL Throughput = 0.00000 Mbps
17351 ms [UE 21150] UL Throughput = 0.24513 Mbps
17351 ms [UE 15893] UL Throughput = 0.00000 Mbps
17438 ms [UE 1043] UL Throughput = 0.00000 Mbps
17438 ms [UE 13806] UL Throughput = 0.00000 Mbps
17438 ms [UE 25133] UL Throughput = 0.00000 Mbps
17438 ms [UE 36712] UL Throughput = 0.00000 Mbps
17438 ms [UE 57972] UL Throughput = 0.09727 Mbps
17452 ms [UE 33547] UL Throughput = 0.00000 Mbps
17452 ms [UE 18165] UL Throughput = 0.00000 Mbps
17452 ms [UE 21150] UL Throughput = 0.00000 Mbps
17452 ms [UE 15893] UL Throughput = 0.00000 Mbps
17538 ms [UE 1043] UL Throughput = 0.00000 Mbps
17538 ms [UE 13806] UL Throughput = 0.00000 Mbps
17538 ms [UE 25133] UL Throughput = 0.00000 Mbps
17538 ms [UE 36712] UL Throughput = 0.57985 Mbps
17538 ms [UE 57972] UL Throughput = 0.43739 Mbps
17562 ms [UE 33547] UL Throughput = 0.00000 Mbps
17562 ms [UE 18165] UL Throughput = 0.00000 Mbps
17562 ms [UE 21150] UL Throughput = 0.00000 Mbps
17562 ms [UE 15893] UL Throughput = 0.00000 Mbps
17650 ms [UE 1043] UL Throughput = 0.00000 Mbps
17650 ms [UE 13806] UL Throughput = 0.00000 Mbps
17650 ms [UE 25133] UL Throughput = 0.00000 Mbps
17650 ms [UE 36712] UL Throughput = 0.00000 Mbps
17650 ms [UE 57972] UL Throughput = 0.00000 Mbps
17671 ms [UE 33547] UL Throughput = 0.17801 Mbps
17671 ms [UE 18165] UL Throughput = 0.00000 Mbps
17671 ms [UE 21150] UL Throughput = 0.00000 Mbps
17671 ms [UE 15893] UL Throughput = 0.16901 Mbps
17758 ms [UE 1043] UL Throughput = 0.00000 Mbps
17758 ms [UE 13806] UL Throughput = 0.49469 Mbps
17758 ms [UE 25133] UL Throughput = 0.00000 Mbps
17758 ms [UE 36712] UL Throughput = 0.00000 Mbps
17758 ms [UE 57972] UL Throughput = 0.00000 Mbps
17781 ms [UE 33547] UL Throughput = 0.00000 Mbps
17781 ms [UE 18165] UL Throughput = 0.00000 Mbps
17781 ms [UE 21150] UL Throughput = 0.00000 Mbps
17781 ms [UE 15893] UL Throughput = 0.00000 Mbps
17798 ms | now=1755784733056899 us | PDCP ind_msg latency=71464558 us
17858 ms [UE 1043] UL Throughput = 0.75535 Mbps
17858 ms [UE 13806] UL Throughput = 0.00000 Mbps
17858 ms [UE 25133] UL Throughput = 0.00000 Mbps
17858 ms [UE 36712] UL Throughput = 0.00000 Mbps
17858 ms [UE 57972] UL Throughput = 0.00000 Mbps
17882 ms [UE 33547] UL Throughput = 0.00000 Mbps
17882 ms [UE 18165] UL Throughput = 0.00000 Mbps
17882 ms [UE 21150] UL Throughput = 0.00000 Mbps
17882 ms [UE 15893] UL Throughput = 0.00000 Mbps
17967 ms [UE 1043] UL Throughput = 0.00000 Mbps
17967 ms [UE 13806] UL Throughput = 0.00000 Mbps
17967 ms [UE 25133] UL Throughput = 0.00000 Mbps
17967 ms [UE 36712] UL Throughput = 0.00000 Mbps
17967 ms [UE 57972] UL Throughput = 0.00000 Mbps
17991 ms [UE 33547] UL Throughput = 0.00000 Mbps
17991 ms [UE 18165] UL Throughput = 0.14313 Mbps
17991 ms [UE 21150] UL Throughput = 0.00000 Mbps
17991 ms [UE 15893] UL Throughput = 0.00000 Mbps
18068 ms [UE 1043] UL Throughput = 0.00000 Mbps
18068 ms [UE 13806] UL Throughput = 0.00000 Mbps
18068 ms [UE 25133] UL Throughput = 0.15459 Mbps
18068 ms [UE 36712] UL Throughput = 0.00000 Mbps
18068 ms [UE 57972] UL Throughput = 0.00000 Mbps
18091 ms [UE 33547] UL Throughput = 0.00000 Mbps
18091 ms [UE 18165] UL Throughput = 0.00000 Mbps
18091 ms [UE 21150] UL Throughput = 0.24548 Mbps
18091 ms [UE 15893] UL Throughput = 0.00000 Mbps
18178 ms [UE 1043] UL Throughput = 0.00000 Mbps
18178 ms [UE 13806] UL Throughput = 0.00000 Mbps
18178 ms [UE 25133] UL Throughput = 0.00000 Mbps
18178 ms [UE 36712] UL Throughput = 0.00000 Mbps
18178 ms [UE 57972] UL Throughput = 0.40024 Mbps
18201 ms [UE 33547] UL Throughput = 0.00000 Mbps
18201 ms [UE 18165] UL Throughput = 0.00000 Mbps
18201 ms [UE 21150] UL Throughput = 0.00000 Mbps
18201 ms [UE 15893] UL Throughput = 0.00000 Mbps
18290 ms [UE 1043] UL Throughput = 0.00000 Mbps
18290 ms [UE 13806] UL Throughput = 0.00000 Mbps
18290 ms [UE 25133] UL Throughput = 0.00000 Mbps
18290 ms [UE 36712] UL Throughput = 0.00000 Mbps
18290 ms [UE 57972] UL Throughput = 0.00000 Mbps
18302 ms [UE 33547] UL Throughput = 0.00000 Mbps
18302 ms [UE 18165] UL Throughput = 0.00000 Mbps
18302 ms [UE 21150] UL Throughput = 0.00000 Mbps
18302 ms [UE 15893] UL Throughput = 0.00000 Mbps
18397 ms [UE 1043] UL Throughput = 0.14967 Mbps
18397 ms [UE 13806] UL Throughput = 0.49426 Mbps
18397 ms [UE 25133] UL Throughput = 0.00000 Mbps
18397 ms [UE 36712] UL Throughput = 0.60824 Mbps
18397 ms [UE 57972] UL Throughput = 0.00000 Mbps
18411 ms [UE 33547] UL Throughput = 0.00000 Mbps
18411 ms [UE 18165] UL Throughput = 0.00000 Mbps
18411 ms [UE 21150] UL Throughput = 0.00000 Mbps
18411 ms [UE 15893] UL Throughput = 0.12149 Mbps
18498 ms [UE 1043] UL Throughput = 0.00000 Mbps
18498 ms [UE 13806] UL Throughput = 0.00000 Mbps
18498 ms [UE 25133] UL Throughput = 0.00000 Mbps
18498 ms [UE 36712] UL Throughput = 0.00000 Mbps
18498 ms [UE 57972] UL Throughput = 0.00000 Mbps
18521 ms [UE 33547] UL Throughput = 0.00000 Mbps
18521 ms [UE 18165] UL Throughput = 0.00000 Mbps
18521 ms [UE 21150] UL Throughput = 0.00000 Mbps
18521 ms [UE 15893] UL Throughput = 0.00000 Mbps
18598 ms [UE 1043] UL Throughput = 0.00000 Mbps
18598 ms [UE 13806] UL Throughput = 0.00000 Mbps
18598 ms [UE 25133] UL Throughput = 0.00000 Mbps
18598 ms [UE 36712] UL Throughput = 0.00000 Mbps
18598 ms [UE 57972] UL Throughput = 0.00000 Mbps
18631 ms [UE 33547] UL Throughput = 0.20039 Mbps
18631 ms [UE 18165] UL Throughput = 0.00000 Mbps
18631 ms [UE 21150] UL Throughput = 0.00000 Mbps
18631 ms [UE 15893] UL Throughput = 0.00000 Mbps
18708 ms [UE 1043] UL Throughput = 0.14719 Mbps
18708 ms [UE 13806] UL Throughput = 0.00000 Mbps
18708 ms [UE 25133] UL Throughput = 0.11683 Mbps
18708 ms [UE 36712] UL Throughput = 0.00000 Mbps
18708 ms [UE 57972] UL Throughput = 0.35516 Mbps
18740 ms [UE 33547] UL Throughput = 0.00000 Mbps
18740 ms [UE 18165] UL Throughput = 0.10803 Mbps
18740 ms [UE 21150] UL Throughput = 0.00000 Mbps
18740 ms [UE 15893] UL Throughput = 0.00000 Mbps
18817 ms [UE 1043] UL Throughput = 0.00000 Mbps
18817 ms [UE 13806] UL Throughput = 0.00000 Mbps
18817 ms [UE 25133] UL Throughput = 0.00000 Mbps
18817 ms [UE 36712] UL Throughput = 0.00000 Mbps
18817 ms [UE 57972] UL Throughput = 0.00000 Mbps
18829 ms | now=1755784734087727 us | PDCP ind_msg latency=71464431 us
18841 ms [UE 33547] UL Throughput = 0.00000 Mbps
18841 ms [UE 18165] UL Throughput = 0.00000 Mbps
18841 ms [UE 21150] UL Throughput = 0.00000 Mbps
18841 ms [UE 15893] UL Throughput = 0.00000 Mbps
18918 ms [UE 1043] UL Throughput = 0.00000 Mbps
18918 ms [UE 13806] UL Throughput = 0.00000 Mbps
18918 ms [UE 25133] UL Throughput = 0.00000 Mbps
18918 ms [UE 36712] UL Throughput = 0.14299 Mbps
18918 ms [UE 57972] UL Throughput = 0.00000 Mbps
18941 ms [UE 33547] UL Throughput = 0.00000 Mbps
18941 ms [UE 18165] UL Throughput = 0.00000 Mbps
18941 ms [UE 21150] UL Throughput = 0.27824 Mbps
18941 ms [UE 15893] UL Throughput = 0.00000 Mbps
19018 ms [UE 1043] UL Throughput = 0.67312 Mbps
19018 ms [UE 13806] UL Throughput = 0.00000 Mbps
19018 ms [UE 25133] UL Throughput = 0.00000 Mbps
19018 ms [UE 36712] UL Throughput = 0.60213 Mbps
19018 ms [UE 57972] UL Throughput = 0.00000 Mbps
19042 ms [UE 33547] UL Throughput = 0.00000 Mbps
19042 ms [UE 18165] UL Throughput = 0.00000 Mbps
19042 ms [UE 21150] UL Throughput = 0.00000 Mbps
19042 ms [UE 15893] UL Throughput = 0.00000 Mbps
19118 ms [UE 1043] UL Throughput = 0.00000 Mbps
19118 ms [UE 13806] UL Throughput = 0.00000 Mbps
19118 ms [UE 25133] UL Throughput = 0.00000 Mbps
19118 ms [UE 36712] UL Throughput = 0.00000 Mbps
19118 ms [UE 57972] UL Throughput = 0.00000 Mbps
19151 ms [UE 33547] UL Throughput = 0.00000 Mbps
19151 ms [UE 18165] UL Throughput = 0.00000 Mbps
19151 ms [UE 21150] UL Throughput = 0.00000 Mbps
19151 ms [UE 15893] UL Throughput = 0.03080 Mbps
19228 ms [UE 1043] UL Throughput = 0.00000 Mbps
19228 ms [UE 13806] UL Throughput = 0.10464 Mbps
19228 ms [UE 25133] UL Throughput = 0.00000 Mbps
19228 ms [UE 36712] UL Throughput = 0.00000 Mbps
19228 ms [UE 57972] UL Throughput = 0.00000 Mbps
19251 ms [UE 33547] UL Throughput = 0.00000 Mbps
19251 ms [UE 18165] UL Throughput = 0.00000 Mbps
19251 ms [UE 21150] UL Throughput = 0.00000 Mbps
19251 ms [UE 15893] UL Throughput = 0.13787 Mbps
19338 ms [UE 1043] UL Throughput = 0.00000 Mbps
19338 ms [UE 13806] UL Throughput = 0.44018 Mbps
19338 ms [UE 25133] UL Throughput = 0.00000 Mbps
19338 ms [UE 36712] UL Throughput = 0.00000 Mbps
19338 ms [UE 57972] UL Throughput = 0.00000 Mbps
19361 ms [UE 33547] UL Throughput = 0.00000 Mbps
19361 ms [UE 18165] UL Throughput = 0.00000 Mbps
19361 ms [UE 21150] UL Throughput = 0.00000 Mbps
19361 ms [UE 15893] UL Throughput = 0.00000 Mbps
19439 ms [UE 1043] UL Throughput = 0.00000 Mbps
19439 ms [UE 13806] UL Throughput = 0.00000 Mbps
19439 ms [UE 25133] UL Throughput = 0.00000 Mbps
19439 ms [UE 36712] UL Throughput = 0.00000 Mbps
19439 ms [UE 57972] UL Throughput = 0.00000 Mbps
19461 ms [UE 33547] UL Throughput = 0.00000 Mbps
19461 ms [UE 18165] UL Throughput = 0.00000 Mbps
19461 ms [UE 21150] UL Throughput = 0.00000 Mbps
19461 ms [UE 15893] UL Throughput = 0.00000 Mbps
19548 ms [UE 1043] UL Throughput = 0.00000 Mbps
19548 ms [UE 13806] UL Throughput = 0.00000 Mbps
19548 ms [UE 25133] UL Throughput = 0.02561 Mbps
19548 ms [UE 36712] UL Throughput = 0.00000 Mbps
19548 ms [UE 57972] UL Throughput = 0.00000 Mbps
19561 ms [UE 33547] UL Throughput = 0.00000 Mbps
19561 ms [UE 18165] UL Throughput = 0.11243 Mbps
19561 ms [UE 21150] UL Throughput = 0.24513 Mbps
19561 ms [UE 15893] UL Throughput = 0.00000 Mbps
19658 ms [UE 1043] UL Throughput = 0.61691 Mbps
19658 ms [UE 13806] UL Throughput = 0.00000 Mbps
19658 ms [UE 25133] UL Throughput = 0.00000 Mbps
19658 ms [UE 36712] UL Throughput = 0.59858 Mbps
19658 ms [UE 57972] UL Throughput = 0.00000 Mbps
19662 ms [UE 33547] UL Throughput = 0.00000 Mbps
19662 ms [UE 18165] UL Throughput = 0.00000 Mbps
19662 ms [UE 21150] UL Throughput = 0.00000 Mbps
19662 ms [UE 15893] UL Throughput = 0.00000 Mbps
19758 ms [UE 1043] UL Throughput = 0.00000 Mbps
19758 ms [UE 13806] UL Throughput = 0.00000 Mbps
19758 ms [UE 25133] UL Throughput = 0.00000 Mbps
19758 ms [UE 36712] UL Throughput = 0.00000 Mbps
19758 ms [UE 57972] UL Throughput = 0.00000 Mbps
19772 ms [UE 33547] UL Throughput = 0.17659 Mbps
19772 ms [UE 18165] UL Throughput = 0.00000 Mbps
19772 ms [UE 21150] UL Throughput = 0.00000 Mbps
19772 ms [UE 15893] UL Throughput = 0.00000 Mbps
19868 ms | now=1755784735126791 us | PDCP ind_msg latency=71464480 us
19870 ms [UE 1043] UL Throughput = 0.00000 Mbps
19870 ms [UE 13806] UL Throughput = 0.00000 Mbps
19870 ms [UE 25133] UL Throughput = 0.02500 Mbps
19870 ms [UE 36712] UL Throughput = 0.00000 Mbps
19870 ms [UE 57972] UL Throughput = 0.00000 Mbps
19881 ms [UE 33547] UL Throughput = 0.00000 Mbps
19881 ms [UE 18165] UL Throughput = 0.00000 Mbps
19881 ms [UE 21150] UL Throughput = 0.00000 Mbps
19881 ms [UE 15893] UL Throughput = 0.00000 Mbps
19978 ms [UE 1043] UL Throughput = 0.00000 Mbps
19978 ms [UE 13806] UL Throughput = 0.00000 Mbps
19978 ms [UE 25133] UL Throughput = 0.10436 Mbps
19978 ms [UE 36712] UL Throughput = 0.00000 Mbps
19978 ms [UE 57972] UL Throughput = 0.00000 Mbps
19981 ms [UE 33547] UL Throughput = 0.00000 Mbps
19981 ms [UE 18165] UL Throughput = 0.00000 Mbps
19981 ms [UE 21150] UL Throughput = 0.00000 Mbps
19981 ms [UE 15893] UL Throughput = 0.00000 Mbps
20078 ms [UE 1043] UL Throughput = 0.00000 Mbps
20078 ms [UE 13806] UL Throughput = 0.00000 Mbps
20078 ms [UE 25133] UL Throughput = 0.00000 Mbps
20078 ms [UE 36712] UL Throughput = 0.00000 Mbps
20078 ms [UE 57972] UL Throughput = 0.00000 Mbps
20091 ms [UE 33547] UL Throughput = 0.00000 Mbps
20091 ms [UE 18165] UL Throughput = 0.02543 Mbps
20091 ms [UE 21150] UL Throughput = 0.22382 Mbps
20091 ms [UE 15893] UL Throughput = 0.13763 Mbps
20180 ms [UE 1043] UL Throughput = 0.00000 Mbps
20180 ms [UE 13806] UL Throughput = 0.11274 Mbps
20180 ms [UE 25133] UL Throughput = 0.00000 Mbps
20180 ms [UE 36712] UL Throughput = 0.00000 Mbps
20180 ms [UE 57972] UL Throughput = 0.00000 Mbps
20191 ms [UE 33547] UL Throughput = 0.00000 Mbps
20191 ms [UE 18165] UL Throughput = 0.00000 Mbps
20191 ms [UE 21150] UL Throughput = 0.00000 Mbps
20191 ms [UE 15893] UL Throughput = 0.00000 Mbps
20288 ms [UE 1043] UL Throughput = 0.70748 Mbps
20288 ms [UE 13806] UL Throughput = 0.49742 Mbps
20288 ms [UE 25133] UL Throughput = 0.00000 Mbps
20288 ms [UE 36712] UL Throughput = 0.00000 Mbps
20288 ms [UE 57972] UL Throughput = 0.00000 Mbps
20291 ms [UE 33547] UL Throughput = 0.00000 Mbps
20291 ms [UE 18165] UL Throughput = 0.02792 Mbps
20291 ms [UE 21150] UL Throughput = 0.00000 Mbps
20291 ms [UE 15893] UL Throughput = 0.00000 Mbps
20398 ms [UE 1043] UL Throughput = 0.00000 Mbps
20398 ms [UE 13806] UL Throughput = 0.00000 Mbps
20398 ms [UE 25133] UL Throughput = 0.00000 Mbps
20398 ms [UE 36712] UL Throughput = 0.00000 Mbps
20398 ms [UE 57972] UL Throughput = 0.00000 Mbps
20401 ms [UE 33547] UL Throughput = 0.00000 Mbps
20401 ms [UE 18165] UL Throughput = 0.11639 Mbps
20401 ms [UE 21150] UL Throughput = 0.00000 Mbps
20401 ms [UE 15893] UL Throughput = 0.00000 Mbps
20502 ms [UE 33547] UL Throughput = 0.00000 Mbps
20502 ms [UE 18165] UL Throughput = 0.00000 Mbps
20502 ms [UE 21150] UL Throughput = 0.00000 Mbps
20502 ms [UE 15893] UL Throughput = 0.00000 Mbps
20508 ms [UE 1043] UL Throughput = 0.00000 Mbps
20508 ms [UE 13806] UL Throughput = 0.00000 Mbps
20508 ms [UE 25133] UL Throughput = 0.11660 Mbps
20508 ms [UE 36712] UL Throughput = 0.00000 Mbps
20508 ms [UE 57972] UL Throughput = 0.36355 Mbps
20608 ms [UE 1043] UL Throughput = 0.00000 Mbps
20608 ms [UE 13806] UL Throughput = 0.00000 Mbps
20608 ms [UE 25133] UL Throughput = 0.00000 Mbps
20608 ms [UE 36712] UL Throughput = 0.00000 Mbps
20608 ms [UE 57972] UL Throughput = 0.00000 Mbps
20611 ms [UE 33547] UL Throughput = 0.00000 Mbps
20611 ms [UE 18165] UL Throughput = 0.00000 Mbps
20611 ms [UE 21150] UL Throughput = 0.00000 Mbps
20611 ms [UE 15893] UL Throughput = 0.16874 Mbps
20708 ms [UE 1043] UL Throughput = 0.00000 Mbps
20708 ms [UE 13806] UL Throughput = 0.00000 Mbps
20708 ms [UE 25133] UL Throughput = 0.00000 Mbps
20708 ms [UE 36712] UL Throughput = 0.00000 Mbps
20708 ms [UE 57972] UL Throughput = 0.00000 Mbps
20721 ms [UE 33547] UL Throughput = 0.15800 Mbps
20721 ms [UE 18165] UL Throughput = 0.00000 Mbps
20721 ms [UE 21150] UL Throughput = 0.00000 Mbps
20721 ms [UE 15893] UL Throughput = 0.00000 Mbps
20818 ms [UE 1043] UL Throughput = 0.00000 Mbps
20818 ms [UE 13806] UL Throughput = 0.00000 Mbps
20818 ms [UE 25133] UL Throughput = 0.00000 Mbps
20818 ms [UE 36712] UL Throughput = 0.72402 Mbps
20818 ms [UE 57972] UL Throughput = 0.00000 Mbps
20822 ms [UE 33547] UL Throughput = 0.00000 Mbps
20822 ms [UE 18165] UL Throughput = 0.00000 Mbps
20822 ms [UE 21150] UL Throughput = 0.00000 Mbps
20822 ms [UE 15893] UL Throughput = 0.00000 Mbps
20902 ms | now=1755784736161127 us | PDCP ind_msg latency=71464749 us
20927 ms [UE 1043] UL Throughput = 0.00000 Mbps
20927 ms [UE 13806] UL Throughput = 0.00000 Mbps
20927 ms [UE 25133] UL Throughput = 0.00000 Mbps
20927 ms [UE 36712] UL Throughput = 0.00000 Mbps
20927 ms [UE 57972] UL Throughput = 0.00000 Mbps
20931 ms [UE 33547] UL Throughput = 0.00000 Mbps
20931 ms [UE 18165] UL Throughput = 0.00000 Mbps
20931 ms [UE 21150] UL Throughput = 0.27391 Mbps
20931 ms [UE 15893] UL Throughput = 0.00000 Mbps
21028 ms [UE 1043] UL Throughput = 0.00000 Mbps
21028 ms [UE 13806] UL Throughput = 0.00000 Mbps
21028 ms [UE 25133] UL Throughput = 0.00000 Mbps
21028 ms [UE 36712] UL Throughput = 0.00000 Mbps
21028 ms [UE 57972] UL Throughput = 0.00000 Mbps
21041 ms [UE 33547] UL Throughput = 0.00000 Mbps
21041 ms [UE 18165] UL Throughput = 0.11662 Mbps
21041 ms [UE 21150] UL Throughput = 0.00000 Mbps
21041 ms [UE 15893] UL Throughput = 0.00000 Mbps
21128 ms [UE 1043] UL Throughput = 0.00000 Mbps
21128 ms [UE 13806] UL Throughput = 0.53087 Mbps
21128 ms [UE 25133] UL Throughput = 0.11230 Mbps
21128 ms [UE 36712] UL Throughput = 0.14290 Mbps
21128 ms [UE 57972] UL Throughput = 0.00000 Mbps
21141 ms [UE 33547] UL Throughput = 0.00000 Mbps
21141 ms [UE 18165] UL Throughput = 0.00000 Mbps
21141 ms [UE 21150] UL Throughput = 0.00000 Mbps
21141 ms [UE 15893] UL Throughput = 0.00000 Mbps
21238 ms [UE 1043] UL Throughput = 0.00000 Mbps
21238 ms [UE 13806] UL Throughput = 0.00000 Mbps
21238 ms [UE 25133] UL Throughput = 0.00000 Mbps
21238 ms [UE 36712] UL Throughput = 0.00000 Mbps
21238 ms [UE 57972] UL Throughput = 0.00000 Mbps
21251 ms [UE 33547] UL Throughput = 0.17718 Mbps
21251 ms [UE 18165] UL Throughput = 0.00000 Mbps
21251 ms [UE 21150] UL Throughput = 0.00000 Mbps
21251 ms [UE 15893] UL Throughput = 0.00000 Mbps
21348 ms [UE 1043] UL Throughput = 0.69002 Mbps
21348 ms [UE 13806] UL Throughput = 0.00000 Mbps
21348 ms [UE 25133] UL Throughput = 0.00000 Mbps
21348 ms [UE 36712] UL Throughput = 0.00000 Mbps
21348 ms [UE 57972] UL Throughput = 0.08864 Mbps
21362 ms [UE 33547] UL Throughput = 0.00000 Mbps
21362 ms [UE 18165] UL Throughput = 0.00000 Mbps
21362 ms [UE 21150] UL Throughput = 0.00000 Mbps
21362 ms [UE 15893] UL Throughput = 0.00000 Mbps
21457 ms [UE 1043] UL Throughput = 0.00000 Mbps
21457 ms [UE 13806] UL Throughput = 0.00000 Mbps
21457 ms [UE 25133] UL Throughput = 0.00000 Mbps
21457 ms [UE 36712] UL Throughput = 0.00000 Mbps
21457 ms [UE 57972] UL Throughput = 0.40216 Mbps
21471 ms [UE 33547] UL Throughput = 0.00000 Mbps
21471 ms [UE 18165] UL Throughput = 0.00000 Mbps
21471 ms [UE 21150] UL Throughput = 0.00000 Mbps
21471 ms [UE 15893] UL Throughput = 0.03097 Mbps
21558 ms [UE 1043] UL Throughput = 0.00000 Mbps
21558 ms [UE 13806] UL Throughput = 0.00000 Mbps
21558 ms [UE 25133] UL Throughput = 0.00000 Mbps
21558 ms [UE 36712] UL Throughput = 0.00000 Mbps
21558 ms [UE 57972] UL Throughput = 0.00000 Mbps
21572 ms [UE 33547] UL Throughput = 0.00000 Mbps
21572 ms [UE 18165] UL Throughput = 0.00000 Mbps
21572 ms [UE 21150] UL Throughput = 0.24403 Mbps
21572 ms [UE 15893] UL Throughput = 0.15006 Mbps
21658 ms [UE 1043] UL Throughput = 0.00000 Mbps
21658 ms [UE 13806] UL Throughput = 0.53040 Mbps
21658 ms [UE 25133] UL Throughput = 0.00000 Mbps
21658 ms [UE 36712] UL Throughput = 0.79548 Mbps
21658 ms [UE 57972] UL Throughput = 0.00000 Mbps
21682 ms [UE 33547] UL Throughput = 0.00000 Mbps
21682 ms [UE 18165] UL Throughput = 0.00000 Mbps
21682 ms [UE 21150] UL Throughput = 0.00000 Mbps
21682 ms [UE 15893] UL Throughput = 0.00000 Mbps
21767 ms [UE 1043] UL Throughput = 0.00000 Mbps
21767 ms [UE 13806] UL Throughput = 0.00000 Mbps
21767 ms [UE 25133] UL Throughput = 0.00000 Mbps
21767 ms [UE 36712] UL Throughput = 0.00000 Mbps
21767 ms [UE 57972] UL Throughput = 0.00000 Mbps
21791 ms [UE 33547] UL Throughput = 0.00000 Mbps
21791 ms [UE 18165] UL Throughput = 0.02562 Mbps
21791 ms [UE 21150] UL Throughput = 0.00000 Mbps
21791 ms [UE 15893] UL Throughput = 0.00000 Mbps
21868 ms [UE 1043] UL Throughput = 0.00000 Mbps
21868 ms [UE 13806] UL Throughput = 0.00000 Mbps
21868 ms [UE 25133] UL Throughput = 0.00000 Mbps
21868 ms [UE 36712] UL Throughput = 0.00000 Mbps
21868 ms [UE 57972] UL Throughput = 0.00000 Mbps
21901 ms [UE 33547] UL Throughput = 0.00000 Mbps
21901 ms [UE 18165] UL Throughput = 0.11684 Mbps
21901 ms [UE 21150] UL Throughput = 0.00000 Mbps
21901 ms [UE 15893] UL Throughput = 0.00000 Mbps
21935 ms | now=1755784737194070 us | PDCP ind_msg latency=71464776 us
21978 ms [UE 1043] UL Throughput = 0.00000 Mbps
21978 ms [UE 13806] UL Throughput = 0.00000 Mbps
21978 ms [UE 25133] UL Throughput = 0.14208 Mbps
21978 ms [UE 36712] UL Throughput = 0.00000 Mbps
21978 ms [UE 57972] UL Throughput = 0.40109 Mbps
22002 ms [UE 33547] UL Throughput = 0.00000 Mbps
22002 ms [UE 18165] UL Throughput = 0.00000 Mbps
22002 ms [UE 21150] UL Throughput = 0.00000 Mbps
22002 ms [UE 15893] UL Throughput = 0.00000 Mbps
22090 ms [UE 1043] UL Throughput = 0.00000 Mbps
22090 ms [UE 13806] UL Throughput = 0.00000 Mbps
22090 ms [UE 25133] UL Throughput = 0.00000 Mbps
22090 ms [UE 36712] UL Throughput = 0.00000 Mbps
22090 ms [UE 57972] UL Throughput = 0.00000 Mbps
22111 ms [UE 33547] UL Throughput = 0.21643 Mbps
22111 ms [UE 18165] UL Throughput = 0.00000 Mbps
22111 ms [UE 21150] UL Throughput = 0.00000 Mbps
22111 ms [UE 15893] UL Throughput = 0.00000 Mbps
22198 ms [UE 1043] UL Throughput = 0.00000 Mbps
22198 ms [UE 13806] UL Throughput = 0.00000 Mbps
22198 ms [UE 25133] UL Throughput = 0.00000 Mbps
22198 ms [UE 36712] UL Throughput = 0.13280 Mbps
22198 ms [UE 57972] UL Throughput = 0.00000 Mbps
22220 ms [UE 33547] UL Throughput = 0.00000 Mbps
22220 ms [UE 18165] UL Throughput = 0.00000 Mbps
22220 ms [UE 21150] UL Throughput = 0.00000 Mbps
22220 ms [UE 15893] UL Throughput = 0.13865 Mbps
22300 ms [UE 1043] UL Throughput = 0.74089 Mbps
22300 ms [UE 13806] UL Throughput = 0.46054 Mbps
22300 ms [UE 25133] UL Throughput = 0.00000 Mbps
22300 ms [UE 36712] UL Throughput = 0.00000 Mbps
22300 ms [UE 57972] UL Throughput = 0.00000 Mbps
22321 ms [UE 33547] UL Throughput = 0.00000 Mbps
22321 ms [UE 18165] UL Throughput = 0.00000 Mbps
22321 ms [UE 21150] UL Throughput = 0.00000 Mbps
22321 ms [UE 15893] UL Throughput = 0.00000 Mbps
22408 ms [UE 1043] UL Throughput = 0.00000 Mbps
22408 ms [UE 13806] UL Throughput = 0.00000 Mbps
22408 ms [UE 25133] UL Throughput = 0.00000 Mbps
22408 ms [UE 36712] UL Throughput = 0.00000 Mbps
22408 ms [UE 57972] UL Throughput = 0.00000 Mbps
22431 ms [UE 33547] UL Throughput = 0.00000 Mbps
22431 ms [UE 18165] UL Throughput = 0.11607 Mbps
22431 ms [UE 21150] UL Throughput = 0.27143 Mbps
22431 ms [UE 15893] UL Throughput = 0.00000 Mbps
22508 ms [UE 1043] UL Throughput = 0.00000 Mbps
22508 ms [UE 13806] UL Throughput = 0.00000 Mbps
22508 ms [UE 25133] UL Throughput = 0.00000 Mbps
22508 ms [UE 36712] UL Throughput = 0.79917 Mbps
22508 ms [UE 57972] UL Throughput = 0.00000 Mbps
22532 ms [UE 33547] UL Throughput = 0.00000 Mbps
22532 ms [UE 18165] UL Throughput = 0.00000 Mbps
22532 ms [UE 21150] UL Throughput = 0.00000 Mbps
22532 ms [UE 15893] UL Throughput = 0.00000 Mbps
22618 ms [UE 1043] UL Throughput = 0.00000 Mbps
22618 ms [UE 13806] UL Throughput = 0.00000 Mbps
22618 ms [UE 25133] UL Throughput = 0.11611 Mbps
22618 ms [UE 36712] UL Throughput = 0.00000 Mbps
22618 ms [UE 57972] UL Throughput = 0.00000 Mbps
22641 ms [UE 33547] UL Throughput = 0.00000 Mbps
22641 ms [UE 18165] UL Throughput = 0.00000 Mbps
22641 ms [UE 21150] UL Throughput = 0.00000 Mbps
22641 ms [UE 15893] UL Throughput = 0.00000 Mbps
22730 ms [UE 1043] UL Throughput = 0.00000 Mbps
22730 ms [UE 13806] UL Throughput = 0.00000 Mbps
22730 ms [UE 25133] UL Throughput = 0.00000 Mbps
22730 ms [UE 36712] UL Throughput = 0.00000 Mbps
22730 ms [UE 57972] UL Throughput = 0.00000 Mbps
22751 ms [UE 33547] UL Throughput = 0.00000 Mbps
22751 ms [UE 18165] UL Throughput = 0.00000 Mbps
22751 ms [UE 21150] UL Throughput = 0.05459 Mbps
22751 ms [UE 15893] UL Throughput = 0.00000 Mbps
22838 ms [UE 1043] UL Throughput = 0.00000 Mbps
22838 ms [UE 13806] UL Throughput = 0.49376 Mbps
22838 ms [UE 25133] UL Throughput = 0.00000 Mbps
22838 ms [UE 36712] UL Throughput = 0.00000 Mbps
22838 ms [UE 57972] UL Throughput = 0.49828 Mbps
22852 ms [UE 33547] UL Throughput = 0.00000 Mbps
22852 ms [UE 18165] UL Throughput = 0.00000 Mbps
22852 ms [UE 21150] UL Throughput = 0.27987 Mbps
22852 ms [UE 15893] UL Throughput = 0.00000 Mbps
22938 ms [UE 1043] UL Throughput = 0.00000 Mbps
22938 ms [UE 13806] UL Throughput = 0.00000 Mbps
22938 ms [UE 25133] UL Throughput = 0.00000 Mbps
22938 ms [UE 36712] UL Throughput = 0.00000 Mbps
22938 ms [UE 57972] UL Throughput = 0.00000 Mbps
22962 ms [UE 33547] UL Throughput = 0.00000 Mbps
22962 ms [UE 18165] UL Throughput = 0.00000 Mbps
22962 ms [UE 21150] UL Throughput = 0.00000 Mbps
22962 ms [UE 15893] UL Throughput = 0.00000 Mbps
22965 ms | now=1755784738223944 us | PDCP ind_msg latency=71464559 us
23048 ms [UE 1043] UL Throughput = 0.00000 Mbps
23048 ms [UE 13806] UL Throughput = 0.00000 Mbps
23048 ms [UE 25133] UL Throughput = 0.00000 Mbps
23048 ms [UE 36712] UL Throughput = 0.00000 Mbps
23048 ms [UE 57972] UL Throughput = 0.00000 Mbps
23071 ms [UE 33547] UL Throughput = 0.03873 Mbps
23071 ms [UE 18165] UL Throughput = 0.00000 Mbps
23071 ms [UE 21150] UL Throughput = 0.00000 Mbps
23071 ms [UE 15893] UL Throughput = 0.13857 Mbps
23148 ms [UE 1043] UL Throughput = 0.16050 Mbps
23148 ms [UE 13806] UL Throughput = 0.00000 Mbps
23148 ms [UE 25133] UL Throughput = 0.00000 Mbps
23148 ms [UE 36712] UL Throughput = 0.65228 Mbps
23148 ms [UE 57972] UL Throughput = 0.00000 Mbps
23171 ms [UE 33547] UL Throughput = 0.17420 Mbps
23171 ms [UE 18165] UL Throughput = 0.00000 Mbps
23171 ms [UE 21150] UL Throughput = 0.00000 Mbps
23171 ms [UE 15893] UL Throughput = 0.00000 Mbps
23259 ms [UE 1043] UL Throughput = 0.00000 Mbps
23259 ms [UE 13806] UL Throughput = 0.00000 Mbps
23259 ms [UE 25133] UL Throughput = 0.00000 Mbps
23259 ms [UE 36712] UL Throughput = 0.00000 Mbps
23259 ms [UE 57972] UL Throughput = 0.00000 Mbps
23281 ms [UE 33547] UL Throughput = 0.00000 Mbps
23281 ms [UE 18165] UL Throughput = 0.00000 Mbps
23281 ms [UE 21150] UL Throughput = 0.00000 Mbps
23281 ms [UE 15893] UL Throughput = 0.00000 Mbps
23368 ms [UE 1043] UL Throughput = 0.00000 Mbps
23368 ms [UE 13806] UL Throughput = 0.00000 Mbps
23368 ms [UE 25133] UL Throughput = 0.02561 Mbps
23368 ms [UE 36712] UL Throughput = 0.00000 Mbps
23368 ms [UE 57972] UL Throughput = 0.00000 Mbps
23391 ms [UE 33547] UL Throughput = 0.00000 Mbps
23391 ms [UE 18165] UL Throughput = 0.10718 Mbps
23391 ms [UE 21150] UL Throughput = 0.05472 Mbps
23391 ms [UE 15893] UL Throughput = 0.00000 Mbps
23477 ms [UE 1043] UL Throughput = 0.00000 Mbps
23477 ms [UE 13806] UL Throughput = 0.00000 Mbps
23477 ms [UE 25133] UL Throughput = 0.11698 Mbps
23477 ms [UE 36712] UL Throughput = 0.00000 Mbps
23477 ms [UE 57972] UL Throughput = 0.35563 Mbps
23491 ms [UE 33547] UL Throughput = 0.00000 Mbps
23491 ms [UE 18165] UL Throughput = 0.00000 Mbps
23491 ms [UE 21150] UL Throughput = 0.00000 Mbps
23491 ms [UE 15893] UL Throughput = 0.00000 Mbps
23578 ms [UE 1043] UL Throughput = 0.00000 Mbps
23578 ms [UE 13806] UL Throughput = 0.00000 Mbps
23578 ms [UE 25133] UL Throughput = 0.00000 Mbps
23578 ms [UE 36712] UL Throughput = 0.00000 Mbps
23578 ms [UE 57972] UL Throughput = 0.00000 Mbps
23602 ms [UE 33547] UL Throughput = 0.00000 Mbps
23602 ms [UE 18165] UL Throughput = 0.00000 Mbps
23602 ms [UE 21150] UL Throughput = 0.00000 Mbps
23602 ms [UE 15893] UL Throughput = 0.00000 Mbps
23678 ms [UE 1043] UL Throughput = 0.00000 Mbps
23678 ms [UE 13806] UL Throughput = 0.11466 Mbps
23678 ms [UE 25133] UL Throughput = 0.00000 Mbps
23678 ms [UE 36712] UL Throughput = 0.00000 Mbps
23678 ms [UE 57972] UL Throughput = 0.00000 Mbps
23702 ms [UE 33547] UL Throughput = 0.00000 Mbps
23702 ms [UE 18165] UL Throughput = 0.00000 Mbps
23702 ms [UE 21150] UL Throughput = 0.31609 Mbps
23702 ms [UE 15893] UL Throughput = 0.13826 Mbps
23788 ms [UE 1043] UL Throughput = 0.00000 Mbps
23788 ms [UE 13806] UL Throughput = 0.44066 Mbps
23788 ms [UE 25133] UL Throughput = 0.00000 Mbps
23788 ms [UE 36712] UL Throughput = 0.55308 Mbps
23788 ms [UE 57972] UL Throughput = 0.00000 Mbps
23802 ms [UE 33547] UL Throughput = 0.00000 Mbps
23802 ms [UE 18165] UL Throughput = 0.00000 Mbps
23802 ms [UE 21150] UL Throughput = 0.00000 Mbps
23802 ms [UE 15893] UL Throughput = 0.00000 Mbps
23889 ms [UE 1043] UL Throughput = 0.00000 Mbps
23889 ms [UE 13806] UL Throughput = 0.00000 Mbps
23889 ms [UE 25133] UL Throughput = 0.00000 Mbps
23889 ms [UE 36712] UL Throughput = 0.00000 Mbps
23889 ms [UE 57972] UL Throughput = 0.00000 Mbps
23912 ms [UE 33547] UL Throughput = 0.00000 Mbps
23912 ms [UE 18165] UL Throughput = 0.00000 Mbps
23912 ms [UE 21150] UL Throughput = 0.00000 Mbps
23912 ms [UE 15893] UL Throughput = 0.00000 Mbps
23991 ms | now=1755784739249657 us | PDCP ind_msg latency=71464357 us
23998 ms [UE 1043] UL Throughput = 0.00000 Mbps
23998 ms [UE 13806] UL Throughput = 0.00000 Mbps
23998 ms [UE 25133] UL Throughput = 0.02568 Mbps
23998 ms [UE 36712] UL Throughput = 0.00000 Mbps
23998 ms [UE 57972] UL Throughput = 0.00000 Mbps
24012 ms [UE 33547] UL Throughput = 0.00000 Mbps
24012 ms [UE 18165] UL Throughput = 0.00000 Mbps
24012 ms [UE 21150] UL Throughput = 0.00000 Mbps
24012 ms [UE 15893] UL Throughput = 0.00000 Mbps
24098 ms [UE 1043] UL Throughput = 0.00000 Mbps
24098 ms [UE 13806] UL Throughput = 0.00000 Mbps
24098 ms [UE 25133] UL Throughput = 0.11769 Mbps
24098 ms [UE 36712] UL Throughput = 0.00000 Mbps
24098 ms [UE 57972] UL Throughput = 0.00000 Mbps
24122 ms [UE 33547] UL Throughput = 0.00000 Mbps
24122 ms [UE 18165] UL Throughput = 0.00000 Mbps
24122 ms [UE 21150] UL Throughput = 0.00000 Mbps
24122 ms [UE 15893] UL Throughput = 0.00000 Mbps
24199 ms [UE 1043] UL Throughput = 0.00000 Mbps
24199 ms [UE 13806] UL Throughput = 0.00000 Mbps
24199 ms [UE 25133] UL Throughput = 0.00000 Mbps
24199 ms [UE 36712] UL Throughput = 0.00000 Mbps
24199 ms [UE 57972] UL Throughput = 0.00000 Mbps
24232 ms [UE 33547] UL Throughput = 0.00000 Mbps
24232 ms [UE 18165] UL Throughput = 0.00000 Mbps
24232 ms [UE 21150] UL Throughput = 0.00000 Mbps
24232 ms [UE 15893] UL Throughput = 0.00000 Mbps
24299 ms [UE 1043] UL Throughput = 0.00000 Mbps
24299 ms [UE 13806] UL Throughput = 0.00000 Mbps
24299 ms [UE 25133] UL Throughput = 0.00000 Mbps
24299 ms [UE 36712] UL Throughput = 0.00000 Mbps
24299 ms [UE 57972] UL Throughput = 0.00000 Mbps
24344 ms [UE 33547] UL Throughput = 0.00000 Mbps
24344 ms [UE 18165] UL Throughput = 0.00000 Mbps
24344 ms [UE 21150] UL Throughput = 0.21790 Mbps
24344 ms [UE 15893] UL Throughput = 0.00000 Mbps
24408 ms [UE 1043] UL Throughput = 0.69487 Mbps
24408 ms [UE 13806] UL Throughput = 0.10569 Mbps
24408 ms [UE 25133] UL Throughput = 0.00000 Mbps
24408 ms [UE 36712] UL Throughput = 0.55427 Mbps
24408 ms [UE 57972] UL Throughput = 0.00000 Mbps
24451 ms [UE 33547] UL Throughput = 0.00000 Mbps
24451 ms [UE 18165] UL Throughput = 0.00000 Mbps
24451 ms [UE 21150] UL Throughput = 0.00000 Mbps
24451 ms [UE 15893] UL Throughput = 0.00000 Mbps
24508 ms [UE 1043] UL Throughput = 0.00000 Mbps
24508 ms [UE 13806] UL Throughput = 0.00000 Mbps
24508 ms [UE 25133] UL Throughput = 0.00000 Mbps
24508 ms [UE 36712] UL Throughput = 0.00000 Mbps
24508 ms [UE 57972] UL Throughput = 0.00000 Mbps
24552 ms [UE 33547] UL Throughput = 0.04196 Mbps
24552 ms [UE 18165] UL Throughput = 0.00000 Mbps
24552 ms [UE 21150] UL Throughput = 0.00000 Mbps
24552 ms [UE 15893] UL Throughput = 0.00000 Mbps
24608 ms [UE 1043] UL Throughput = 0.16101 Mbps
24608 ms [UE 13806] UL Throughput = 0.00000 Mbps
24608 ms [UE 25133] UL Throughput = 0.00000 Mbps
24608 ms [UE 36712] UL Throughput = 0.00000 Mbps
24608 ms [UE 57972] UL Throughput = 0.00000 Mbps
24661 ms [UE 33547] UL Throughput = 0.16418 Mbps
24661 ms [UE 18165] UL Throughput = 0.11729 Mbps
24661 ms [UE 21150] UL Throughput = 0.00000 Mbps
24661 ms [UE 15893] UL Throughput = 0.00000 Mbps
24718 ms [UE 1043] UL Throughput = 0.00000 Mbps
24718 ms [UE 13806] UL Throughput = 0.42924 Mbps
24718 ms [UE 25133] UL Throughput = 0.00000 Mbps
24718 ms [UE 36712] UL Throughput = 0.00000 Mbps
24718 ms [UE 57972] UL Throughput = 0.00000 Mbps
24761 ms [UE 33547] UL Throughput = 0.00000 Mbps
24761 ms [UE 18165] UL Throughput = 0.00000 Mbps
24761 ms [UE 21150] UL Throughput = 0.00000 Mbps
24761 ms [UE 15893] UL Throughput = 0.00000 Mbps
24829 ms [UE 1043] UL Throughput = 0.00000 Mbps
24829 ms [UE 13806] UL Throughput = 0.00000 Mbps
24829 ms [UE 25133] UL Throughput = 0.00000 Mbps
24829 ms [UE 36712] UL Throughput = 0.00000 Mbps
24829 ms [UE 57972] UL Throughput = 0.00000 Mbps
24861 ms [UE 33547] UL Throughput = 0.00000 Mbps
24861 ms [UE 18165] UL Throughput = 0.00000 Mbps
24861 ms [UE 21150] UL Throughput = 0.00000 Mbps
24861 ms [UE 15893] UL Throughput = 0.00000 Mbps
24949 ms [UE 1043] UL Throughput = 0.76985 Mbps
24949 ms [UE 13806] UL Throughput = 0.00000 Mbps
24949 ms [UE 25133] UL Throughput = 0.00000 Mbps
24949 ms [UE 36712] UL Throughput = 0.00000 Mbps
24949 ms [UE 57972] UL Throughput = 0.00000 Mbps
24971 ms [UE 33547] UL Throughput = 0.00000 Mbps
24971 ms [UE 18165] UL Throughput = 0.00000 Mbps
24971 ms [UE 21150] UL Throughput = 0.25634 Mbps
24971 ms [UE 15893] UL Throughput = 0.16818 Mbps
25015 ms | now=1755784740274614 us | PDCP ind_msg latency=71464302 us
25057 ms [UE 1043] UL Throughput = 0.00000 Mbps
25057 ms [UE 13806] UL Throughput = 0.00000 Mbps
25057 ms [UE 25133] UL Throughput = 0.11792 Mbps
25057 ms [UE 36712] UL Throughput = 0.00000 Mbps
25057 ms [UE 57972] UL Throughput = 0.00000 Mbps
25081 ms [UE 33547] UL Throughput = 0.00000 Mbps
25081 ms [UE 18165] UL Throughput = 0.00000 Mbps
25081 ms [UE 21150] UL Throughput = 0.00000 Mbps
25081 ms [UE 15893] UL Throughput = 0.00000 Mbps
25158 ms [UE 1043] UL Throughput = 0.00000 Mbps
25158 ms [UE 13806] UL Throughput = 0.00000 Mbps
25158 ms [UE 25133] UL Throughput = 0.00000 Mbps
25158 ms [UE 36712] UL Throughput = 0.00000 Mbps
25158 ms [UE 57972] UL Throughput = 0.00000 Mbps
25181 ms [UE 33547] UL Throughput = 0.00000 Mbps
25181 ms [UE 18165] UL Throughput = 0.00000 Mbps
25181 ms [UE 21150] UL Throughput = 0.00000 Mbps
25181 ms [UE 15893] UL Throughput = 0.00000 Mbps
25258 ms [UE 1043] UL Throughput = 0.00000 Mbps
25258 ms [UE 13806] UL Throughput = 0.00000 Mbps
25258 ms [UE 25133] UL Throughput = 0.00000 Mbps
25258 ms [UE 36712] UL Throughput = 0.14340 Mbps
25258 ms [UE 57972] UL Throughput = 0.39924 Mbps
25291 ms [UE 33547] UL Throughput = 0.00000 Mbps
25291 ms [UE 18165] UL Throughput = 0.00000 Mbps
25291 ms [UE 21150] UL Throughput = 0.00000 Mbps
25291 ms [UE 15893] UL Throughput = 0.13766 Mbps
25358 ms [UE 1043] UL Throughput = 0.00000 Mbps
25358 ms [UE 13806] UL Throughput = 0.53154 Mbps
25358 ms [UE 25133] UL Throughput = 0.00000 Mbps
25358 ms [UE 36712] UL Throughput = 0.00000 Mbps
25358 ms [UE 57972] UL Throughput = 0.00000 Mbps
25401 ms [UE 33547] UL Throughput = 0.00000 Mbps
25401 ms [UE 18165] UL Throughput = 0.00000 Mbps
25401 ms [UE 21150] UL Throughput = 0.00000 Mbps
25401 ms [UE 15893] UL Throughput = 0.00000 Mbps
25468 ms [UE 1043] UL Throughput = 0.00000 Mbps
25468 ms [UE 13806] UL Throughput = 0.00000 Mbps
25468 ms [UE 25133] UL Throughput = 0.00000 Mbps
25468 ms [UE 36712] UL Throughput = 0.00000 Mbps
25468 ms [UE 57972] UL Throughput = 0.00000 Mbps
25502 ms [UE 33547] UL Throughput = 0.00000 Mbps
25502 ms [UE 18165] UL Throughput = 0.02770 Mbps
25502 ms [UE 21150] UL Throughput = 0.00000 Mbps
25502 ms [UE 15893] UL Throughput = 0.00000 Mbps
25568 ms [UE 1043] UL Throughput = 0.75533 Mbps
25568 ms [UE 13806] UL Throughput = 0.00000 Mbps
25568 ms [UE 25133] UL Throughput = 0.00000 Mbps
25568 ms [UE 36712] UL Throughput = 0.79647 Mbps
25568 ms [UE 57972] UL Throughput = 0.00000 Mbps
25611 ms [UE 33547] UL Throughput = 0.17787 Mbps
25611 ms [UE 18165] UL Throughput = 0.10301 Mbps
25611 ms [UE 21150] UL Throughput = 0.00000 Mbps
25611 ms [UE 15893] UL Throughput = 0.00000 Mbps
25677 ms [UE 1043] UL Throughput = 0.00000 Mbps
25677 ms [UE 13806] UL Throughput = 0.00000 Mbps
25677 ms [UE 25133] UL Throughput = 0.00000 Mbps
25677 ms [UE 36712] UL Throughput = 0.00000 Mbps
25677 ms [UE 57972] UL Throughput = 0.00000 Mbps
25712 ms [UE 33547] UL Throughput = 0.00000 Mbps
25712 ms [UE 18165] UL Throughput = 0.00000 Mbps
25712 ms [UE 21150] UL Throughput = 0.00000 Mbps
25712 ms [UE 15893] UL Throughput = 0.00000 Mbps
25778 ms [UE 1043] UL Throughput = 0.00000 Mbps
25778 ms [UE 13806] UL Throughput = 0.00000 Mbps
25778 ms [UE 25133] UL Throughput = 0.00000 Mbps
25778 ms [UE 36712] UL Throughput = 0.00000 Mbps
25778 ms [UE 57972] UL Throughput = 0.00000 Mbps
25812 ms [UE 33547] UL Throughput = 0.00000 Mbps
25812 ms [UE 18165] UL Throughput = 0.00000 Mbps
25812 ms [UE 21150] UL Throughput = 0.06000 Mbps
25812 ms [UE 15893] UL Throughput = 0.00000 Mbps
25888 ms [UE 1043] UL Throughput = 0.00000 Mbps
25888 ms [UE 13806] UL Throughput = 0.42823 Mbps
25888 ms [UE 25133] UL Throughput = 0.14180 Mbps
25888 ms [UE 36712] UL Throughput = 0.00000 Mbps
25888 ms [UE 57972] UL Throughput = 0.00000 Mbps
25921 ms [UE 33547] UL Throughput = 0.00000 Mbps
25921 ms [UE 18165] UL Throughput = 0.00000 Mbps
25921 ms [UE 21150] UL Throughput = 0.25826 Mbps
25921 ms [UE 15893] UL Throughput = 0.00000 Mbps
25989 ms [UE 1043] UL Throughput = 0.00000 Mbps
25989 ms [UE 13806] UL Throughput = 0.00000 Mbps
25989 ms [UE 25133] UL Throughput = 0.00000 Mbps
25989 ms [UE 36712] UL Throughput = 0.00000 Mbps
25989 ms [UE 57972] UL Throughput = 0.00000 Mbps
26031 ms [UE 33547] UL Throughput = 0.00000 Mbps
26031 ms [UE 18165] UL Throughput = 0.00000 Mbps
26031 ms [UE 21150] UL Throughput = 0.00000 Mbps
26031 ms [UE 15893] UL Throughput = 0.00000 Mbps
26046 ms | now=1755784741305601 us | PDCP ind_msg latency=71465215 us
26098 ms [UE 1043] UL Throughput = 0.00000 Mbps
26098 ms [UE 13806] UL Throughput = 0.00000 Mbps
26098 ms [UE 25133] UL Throughput = 0.00000 Mbps
26098 ms [UE 36712] UL Throughput = 0.00000 Mbps
26098 ms [UE 57972] UL Throughput = 0.08858 Mbps
26132 ms [UE 33547] UL Throughput = 0.00000 Mbps
26132 ms [UE 18165] UL Throughput = 0.00000 Mbps
26132 ms [UE 21150] UL Throughput = 0.00000 Mbps
26132 ms [UE 15893] UL Throughput = 0.18272 Mbps
26208 ms [UE 1043] UL Throughput = 0.00000 Mbps
26208 ms [UE 13806] UL Throughput = 0.00000 Mbps
26208 ms [UE 25133] UL Throughput = 0.00000 Mbps
26208 ms [UE 36712] UL Throughput = 0.59636 Mbps
26208 ms [UE 57972] UL Throughput = 0.40051 Mbps
26241 ms [UE 33547] UL Throughput = 0.00000 Mbps
26241 ms [UE 18165] UL Throughput = 0.11714 Mbps
26241 ms [UE 21150] UL Throughput = 0.00000 Mbps
26241 ms [UE 15893] UL Throughput = 0.00000 Mbps
26318 ms [UE 1043] UL Throughput = 0.00000 Mbps
26318 ms [UE 13806] UL Throughput = 0.00000 Mbps
26318 ms [UE 25133] UL Throughput = 0.00000 Mbps
26318 ms [UE 36712] UL Throughput = 0.00000 Mbps
26318 ms [UE 57972] UL Throughput = 0.00000 Mbps
26342 ms [UE 33547] UL Throughput = 0.00000 Mbps
26342 ms [UE 18165] UL Throughput = 0.00000 Mbps
26342 ms [UE 21150] UL Throughput = 0.00000 Mbps
26342 ms [UE 15893] UL Throughput = 0.00000 Mbps
26418 ms [UE 1043] UL Throughput = 0.16090 Mbps
26418 ms [UE 13806] UL Throughput = 0.00000 Mbps
26418 ms [UE 25133] UL Throughput = 0.00000 Mbps
26418 ms [UE 36712] UL Throughput = 0.00000 Mbps
26418 ms [UE 57972] UL Throughput = 0.00000 Mbps
26451 ms [UE 33547] UL Throughput = 0.21720 Mbps
26451 ms [UE 18165] UL Throughput = 0.00000 Mbps
26451 ms [UE 21150] UL Throughput = 0.00000 Mbps
26451 ms [UE 15893] UL Throughput = 0.00000 Mbps
26528 ms [UE 1043] UL Throughput = 0.69191 Mbps
26528 ms [UE 13806] UL Throughput = 0.00000 Mbps
26528 ms [UE 25133] UL Throughput = 0.11692 Mbps
26528 ms [UE 36712] UL Throughput = 0.00000 Mbps
26528 ms [UE 57972] UL Throughput = 0.00000 Mbps
26561 ms [UE 33547] UL Throughput = 0.00000 Mbps
26561 ms [UE 18165] UL Throughput = 0.00000 Mbps
26561 ms [UE 21150] UL Throughput = 0.00000 Mbps
26561 ms [UE 15893] UL Throughput = 0.00000 Mbps
26629 ms [UE 1043] UL Throughput = 0.00000 Mbps
26629 ms [UE 13806] UL Throughput = 0.00000 Mbps
26629 ms [UE 25133] UL Throughput = 0.00000 Mbps
26629 ms [UE 36712] UL Throughput = 0.00000 Mbps
26629 ms [UE 57972] UL Throughput = 0.00000 Mbps
26661 ms [UE 33547] UL Throughput = 0.00000 Mbps
26661 ms [UE 18165] UL Throughput = 0.00000 Mbps
26661 ms [UE 21150] UL Throughput = 0.00000 Mbps
26661 ms [UE 15893] UL Throughput = 0.00000 Mbps
26738 ms [UE 1043] UL Throughput = 0.00000 Mbps
26738 ms [UE 13806] UL Throughput = 0.59320 Mbps
26738 ms [UE 25133] UL Throughput = 0.00000 Mbps
26738 ms [UE 36712] UL Throughput = 0.00000 Mbps
26738 ms [UE 57972] UL Throughput = 0.00000 Mbps
26772 ms [UE 33547] UL Throughput = 0.00000 Mbps
26772 ms [UE 18165] UL Throughput = 0.10208 Mbps
26772 ms [UE 21150] UL Throughput = 0.30957 Mbps
26772 ms [UE 15893] UL Throughput = 0.00000 Mbps
26848 ms [UE 1043] UL Throughput = 0.00000 Mbps
26848 ms [UE 13806] UL Throughput = 0.00000 Mbps
26848 ms [UE 25133] UL Throughput = 0.00000 Mbps
26848 ms [UE 36712] UL Throughput = 0.59768 Mbps
26848 ms [UE 57972] UL Throughput = 0.00000 Mbps
26881 ms [UE 33547] UL Throughput = 0.00000 Mbps
26881 ms [UE 18165] UL Throughput = 0.00000 Mbps
26881 ms [UE 21150] UL Throughput = 0.00000 Mbps
26881 ms [UE 15893] UL Throughput = 0.00000 Mbps
26948 ms [UE 1043] UL Throughput = 0.00000 Mbps
26948 ms [UE 13806] UL Throughput = 0.00000 Mbps
26948 ms [UE 25133] UL Throughput = 0.00000 Mbps
26948 ms [UE 36712] UL Throughput = 0.00000 Mbps
26948 ms [UE 57972] UL Throughput = 0.00000 Mbps
26991 ms [UE 33547] UL Throughput = 0.00000 Mbps
26991 ms [UE 18165] UL Throughput = 0.00000 Mbps
26991 ms [UE 21150] UL Throughput = 0.00000 Mbps
26991 ms [UE 15893] UL Throughput = 0.00000 Mbps
27058 ms [UE 1043] UL Throughput = 0.59847 Mbps
27058 ms [UE 13806] UL Throughput = 0.00000 Mbps
27058 ms [UE 25133] UL Throughput = 0.00000 Mbps
27058 ms [UE 36712] UL Throughput = 0.00000 Mbps
27058 ms [UE 57972] UL Throughput = 0.49078 Mbps
27101 ms [UE 33547] UL Throughput = 0.17693 Mbps
27101 ms [UE 18165] UL Throughput = 0.00000 Mbps
27101 ms [UE 21150] UL Throughput = 0.00000 Mbps
27101 ms [UE 15893] UL Throughput = 0.16799 Mbps
27116 ms | now=1755784742375574 us | PDCP ind_msg latency=71465216 us
27168 ms [UE 1043] UL Throughput = 0.00000 Mbps
27168 ms [UE 13806] UL Throughput = 0.00000 Mbps
27168 ms [UE 25133] UL Throughput = 0.00000 Mbps
27168 ms [UE 36712] UL Throughput = 0.00000 Mbps
27168 ms [UE 57972] UL Throughput = 0.00000 Mbps
27202 ms [UE 33547] UL Throughput = 0.00000 Mbps
27202 ms [UE 18165] UL Throughput = 0.00000 Mbps
27202 ms [UE 21150] UL Throughput = 0.00000 Mbps
27202 ms [UE 15893] UL Throughput = 0.00000 Mbps
27268 ms [UE 1043] UL Throughput = 0.00000 Mbps
27268 ms [UE 13806] UL Throughput = 0.00000 Mbps
27268 ms [UE 25133] UL Throughput = 0.00000 Mbps
27268 ms [UE 36712] UL Throughput = 0.00000 Mbps
27268 ms [UE 57972] UL Throughput = 0.00000 Mbps
27311 ms [UE 33547] UL Throughput = 0.00000 Mbps
27311 ms [UE 18165] UL Throughput = 0.00000 Mbps
27311 ms [UE 21150] UL Throughput = 0.00000 Mbps
27311 ms [UE 15893] UL Throughput = 0.00000 Mbps
27378 ms [UE 1043] UL Throughput = 0.00000 Mbps
27378 ms [UE 13806] UL Throughput = 0.00000 Mbps
27378 ms [UE 25133] UL Throughput = 0.14192 Mbps
27378 ms [UE 36712] UL Throughput = 0.00000 Mbps
27378 ms [UE 57972] UL Throughput = 0.00000 Mbps
27411 ms [UE 33547] UL Throughput = 0.00000 Mbps
27411 ms [UE 18165] UL Throughput = 0.00000 Mbps
27411 ms [UE 21150] UL Throughput = 0.27977 Mbps
27411 ms [UE 15893] UL Throughput = 0.00000 Mbps
27478 ms [UE 1043] UL Throughput = 0.00000 Mbps
27478 ms [UE 13806] UL Throughput = 0.52923 Mbps
27478 ms [UE 25133] UL Throughput = 0.00000 Mbps
27478 ms [UE 36712] UL Throughput = 0.00000 Mbps
27478 ms [UE 57972] UL Throughput = 0.00000 Mbps
27521 ms [UE 33547] UL Throughput = 0.00000 Mbps
27521 ms [UE 18165] UL Throughput = 0.00000 Mbps
27521 ms [UE 21150] UL Throughput = 0.00000 Mbps
27521 ms [UE 15893] UL Throughput = 0.00000 Mbps
27580 ms [UE 1043] UL Throughput = 0.00000 Mbps
27580 ms [UE 13806] UL Throughput = 0.00000 Mbps
27580 ms [UE 25133] UL Throughput = 0.00000 Mbps
27580 ms [UE 36712] UL Throughput = 0.00000 Mbps
27580 ms [UE 57972] UL Throughput = 0.00000 Mbps
27621 ms [UE 33547] UL Throughput = 0.00000 Mbps
27621 ms [UE 18165] UL Throughput = 0.02783 Mbps
27621 ms [UE 21150] UL Throughput = 0.00000 Mbps
27621 ms [UE 15893] UL Throughput = 0.00000 Mbps
27690 ms [UE 1043] UL Throughput = 0.00000 Mbps
27690 ms [UE 13806] UL Throughput = 0.00000 Mbps
27690 ms [UE 25133] UL Throughput = 0.00000 Mbps
27690 ms [UE 36712] UL Throughput = 0.72613 Mbps
27690 ms [UE 57972] UL Throughput = 0.00000 Mbps
27731 ms [UE 33547] UL Throughput = 0.00000 Mbps
27731 ms [UE 18165] UL Throughput = 0.11702 Mbps
27731 ms [UE 21150] UL Throughput = 0.00000 Mbps
27731 ms [UE 15893] UL Throughput = 0.13807 Mbps
27798 ms [UE 1043] UL Throughput = 0.00000 Mbps
27798 ms [UE 13806] UL Throughput = 0.00000 Mbps
27798 ms [UE 25133] UL Throughput = 0.00000 Mbps
27798 ms [UE 36712] UL Throughput = 0.00000 Mbps
27798 ms [UE 57972] UL Throughput = 0.40855 Mbps
27831 ms [UE 33547] UL Throughput = 0.00000 Mbps
27831 ms [UE 18165] UL Throughput = 0.00000 Mbps
27831 ms [UE 21150] UL Throughput = 0.00000 Mbps
27831 ms [UE 15893] UL Throughput = 0.00000 Mbps
27898 ms [UE 1043] UL Throughput = 0.00000 Mbps
27898 ms [UE 13806] UL Throughput = 0.00000 Mbps
27898 ms [UE 25133] UL Throughput = 0.00000 Mbps
27898 ms [UE 36712] UL Throughput = 0.00000 Mbps
27898 ms [UE 57972] UL Throughput = 0.00000 Mbps
27931 ms [UE 33547] UL Throughput = 0.04220 Mbps
27931 ms [UE 18165] UL Throughput = 0.00000 Mbps
27931 ms [UE 21150] UL Throughput = 0.00000 Mbps
27931 ms [UE 15893] UL Throughput = 0.00000 Mbps
27998 ms [UE 1043] UL Throughput = 0.16121 Mbps
27998 ms [UE 13806] UL Throughput = 0.00000 Mbps
27998 ms [UE 25133] UL Throughput = 0.12796 Mbps
27998 ms [UE 36712] UL Throughput = 0.00000 Mbps
27998 ms [UE 57972] UL Throughput = 0.00000 Mbps
28041 ms [UE 33547] UL Throughput = 0.17610 Mbps
28041 ms [UE 18165] UL Throughput = 0.00000 Mbps
28041 ms [UE 21150] UL Throughput = 0.00000 Mbps
28041 ms [UE 15893] UL Throughput = 0.00000 Mbps
28108 ms [UE 1043] UL Throughput = 0.00000 Mbps
28108 ms [UE 13806] UL Throughput = 0.00000 Mbps
28108 ms [UE 25133] UL Throughput = 0.00000 Mbps
28108 ms [UE 36712] UL Throughput = 0.00000 Mbps
28108 ms [UE 57972] UL Throughput = 0.00000 Mbps
28151 ms [UE 33547] UL Throughput = 0.00000 Mbps
28151 ms [UE 18165] UL Throughput = 0.00000 Mbps
28151 ms [UE 21150] UL Throughput = 0.00000 Mbps
28151 ms [UE 15893] UL Throughput = 0.00000 Mbps
28160 ms | now=1755784743418920 us | PDCP ind_msg latency=71464561 us
28210 ms [UE 1043] UL Throughput = 0.00000 Mbps
28210 ms [UE 13806] UL Throughput = 0.00000 Mbps
28210 ms [UE 25133] UL Throughput = 0.00000 Mbps
28210 ms [UE 36712] UL Throughput = 0.00000 Mbps
28210 ms [UE 57972] UL Throughput = 0.00000 Mbps
28262 ms [UE 33547] UL Throughput = 0.00000 Mbps
28262 ms [UE 18165] UL Throughput = 0.00000 Mbps
28262 ms [UE 21150] UL Throughput = 0.05453 Mbps
28262 ms [UE 15893] UL Throughput = 0.00000 Mbps
28318 ms [UE 1043] UL Throughput = 0.00000 Mbps
28318 ms [UE 13806] UL Throughput = 0.59948 Mbps
28318 ms [UE 25133] UL Throughput = 0.00000 Mbps
28318 ms [UE 36712] UL Throughput = 0.53999 Mbps
28318 ms [UE 57972] UL Throughput = 0.00000 Mbps
28371 ms [UE 33547] UL Throughput = 0.00000 Mbps
28371 ms [UE 18165] UL Throughput = 0.10756 Mbps
28371 ms [UE 21150] UL Throughput = 0.23374 Mbps
28371 ms [UE 15893] UL Throughput = 0.00000 Mbps
28418 ms [UE 1043] UL Throughput = 0.00000 Mbps
28418 ms [UE 13806] UL Throughput = 0.00000 Mbps
28418 ms [UE 25133] UL Throughput = 0.00000 Mbps
28418 ms [UE 36712] UL Throughput = 0.00000 Mbps
28418 ms [UE 57972] UL Throughput = 0.00000 Mbps
28482 ms [UE 33547] UL Throughput = 0.00000 Mbps
28482 ms [UE 18165] UL Throughput = 0.00000 Mbps
28482 ms [UE 21150] UL Throughput = 0.00000 Mbps
28482 ms [UE 15893] UL Throughput = 0.00000 Mbps
28518 ms [UE 1043] UL Throughput = 0.00000 Mbps
28518 ms [UE 13806] UL Throughput = 0.00000 Mbps
28518 ms [UE 25133] UL Throughput = 0.00000 Mbps
28518 ms [UE 36712] UL Throughput = 0.00000 Mbps
28518 ms [UE 57972] UL Throughput = 0.09712 Mbps
28591 ms [UE 33547] UL Throughput = 0.00000 Mbps
28591 ms [UE 18165] UL Throughput = 0.00000 Mbps
28591 ms [UE 21150] UL Throughput = 0.00000 Mbps
28591 ms [UE 15893] UL Throughput = 0.03085 Mbps
28627 ms [UE 1043] UL Throughput = 0.00000 Mbps
28627 ms [UE 13806] UL Throughput = 0.00000 Mbps
28627 ms [UE 25133] UL Throughput = 0.10805 Mbps
28627 ms [UE 36712] UL Throughput = 0.00000 Mbps
28627 ms [UE 57972] UL Throughput = 0.36618 Mbps
28701 ms [UE 33547] UL Throughput = 0.00000 Mbps
28701 ms [UE 18165] UL Throughput = 0.00000 Mbps
28701 ms [UE 21150] UL Throughput = 0.00000 Mbps
28701 ms [UE 15893] UL Throughput = 0.12556 Mbps
28728 ms [UE 1043] UL Throughput = 0.00000 Mbps
28728 ms [UE 13806] UL Throughput = 0.00000 Mbps
28728 ms [UE 25133] UL Throughput = 0.00000 Mbps
28728 ms [UE 36712] UL Throughput = 0.00000 Mbps
28728 ms [UE 57972] UL Throughput = 0.00000 Mbps
28801 ms [UE 33547] UL Throughput = 0.00000 Mbps
28801 ms [UE 18165] UL Throughput = 0.00000 Mbps
28801 ms [UE 21150] UL Throughput = 0.00000 Mbps
28801 ms [UE 15893] UL Throughput = 0.00000 Mbps
28828 ms [UE 1043] UL Throughput = 0.00000 Mbps
28828 ms [UE 13806] UL Throughput = 0.47871 Mbps
28828 ms [UE 25133] UL Throughput = 0.00000 Mbps
28828 ms [UE 36712] UL Throughput = 0.14255 Mbps
28828 ms [UE 57972] UL Throughput = 0.00000 Mbps
28912 ms [UE 33547] UL Throughput = 0.00000 Mbps
28912 ms [UE 18165] UL Throughput = 0.00000 Mbps
28912 ms [UE 21150] UL Throughput = 0.00000 Mbps
28912 ms [UE 15893] UL Throughput = 0.00000 Mbps
28938 ms [UE 1043] UL Throughput = 0.00000 Mbps
28938 ms [UE 13806] UL Throughput = 0.00000 Mbps
28938 ms [UE 25133] UL Throughput = 0.00000 Mbps
28938 ms [UE 36712] UL Throughput = 0.00000 Mbps
28938 ms [UE 57972] UL Throughput = 0.00000 Mbps
29021 ms [UE 33547] UL Throughput = 0.00000 Mbps
29021 ms [UE 18165] UL Throughput = 0.00000 Mbps
29021 ms [UE 21150] UL Throughput = 0.00000 Mbps
29021 ms [UE 15893] UL Throughput = 0.00000 Mbps
29038 ms [UE 1043] UL Throughput = 0.00000 Mbps
29038 ms [UE 13806] UL Throughput = 0.00000 Mbps
29038 ms [UE 25133] UL Throughput = 0.00000 Mbps
29038 ms [UE 36712] UL Throughput = 0.00000 Mbps
29038 ms [UE 57972] UL Throughput = 0.00000 Mbps
29121 ms [UE 33547] UL Throughput = 0.00000 Mbps
29121 ms [UE 18165] UL Throughput = 0.00000 Mbps
29121 ms [UE 21150] UL Throughput = 0.00000 Mbps
29121 ms [UE 15893] UL Throughput = 0.00000 Mbps
29140 ms [UE 1043] UL Throughput = 0.00000 Mbps
29140 ms [UE 13806] UL Throughput = 0.00000 Mbps
29140 ms [UE 25133] UL Throughput = 0.00000 Mbps
29140 ms [UE 36712] UL Throughput = 0.00000 Mbps
29140 ms [UE 57972] UL Throughput = 0.09599 Mbps
29221 ms [UE 33547] UL Throughput = 0.19439 Mbps
29221 ms [UE 18165] UL Throughput = 0.00000 Mbps
29221 ms [UE 21150] UL Throughput = 0.00000 Mbps
29221 ms [UE 15893] UL Throughput = 0.00000 Mbps
29248 ms [UE 1043] UL Throughput = 0.69986 Mbps
29248 ms [UE 13806] UL Throughput = 0.00000 Mbps
29248 ms [UE 25133] UL Throughput = 0.00000 Mbps
29248 ms [UE 36712] UL Throughput = 0.00000 Mbps
29248 ms [UE 57972] UL Throughput = 0.36877 Mbps
29248 ms | now=1755784744507573 us | PDCP ind_msg latency=71464270 us
29331 ms [UE 33547] UL Throughput = 0.00000 Mbps
29331 ms [UE 18165] UL Throughput = 0.10302 Mbps
29331 ms [UE 21150] UL Throughput = 0.00000 Mbps
29331 ms [UE 15893] UL Throughput = 0.00000 Mbps
29358 ms [UE 1043] UL Throughput = 0.00000 Mbps
29358 ms [UE 13806] UL Throughput = 0.00000 Mbps
29358 ms [UE 25133] UL Throughput = 0.00000 Mbps
29358 ms [UE 36712] UL Throughput = 0.00000 Mbps
29358 ms [UE 57972] UL Throughput = 0.00000 Mbps
29431 ms [UE 33547] UL Throughput = 0.00000 Mbps
29431 ms [UE 18165] UL Throughput = 0.00000 Mbps
29431 ms [UE 21150] UL Throughput = 0.00000 Mbps
29431 ms [UE 15893] UL Throughput = 0.00000 Mbps
29461 ms [UE 1043] UL Throughput = 0.00000 Mbps
29461 ms [UE 13806] UL Throughput = 0.00000 Mbps
29461 ms [UE 25133] UL Throughput = 0.02706 Mbps
29461 ms [UE 36712] UL Throughput = 0.58585 Mbps
29461 ms [UE 57972] UL Throughput = 0.00000 Mbps
29541 ms [UE 33547] UL Throughput = 0.00000 Mbps
29541 ms [UE 18165] UL Throughput = 0.00000 Mbps
29541 ms [UE 21150] UL Throughput = 0.06183 Mbps
29541 ms [UE 15893] UL Throughput = 0.00000 Mbps
29567 ms [UE 1043] UL Throughput = 0.61502 Mbps
29567 ms [UE 13806] UL Throughput = 0.00000 Mbps
29567 ms [UE 25133] UL Throughput = 0.00000 Mbps
29567 ms [UE 36712] UL Throughput = 0.00000 Mbps
29567 ms [UE 57972] UL Throughput = 0.00000 Mbps
29641 ms [UE 33547] UL Throughput = 0.00000 Mbps
29641 ms [UE 18165] UL Throughput = 0.00000 Mbps
29641 ms [UE 21150] UL Throughput = 0.00000 Mbps
29641 ms [UE 15893] UL Throughput = 0.00000 Mbps
29672 ms [UE 1043] UL Throughput = 0.00000 Mbps
29672 ms [UE 13806] UL Throughput = 0.00000 Mbps
29672 ms [UE 25133] UL Throughput = 0.00000 Mbps
29672 ms [UE 36712] UL Throughput = 0.00000 Mbps
29672 ms [UE 57972] UL Throughput = 0.00000 Mbps
29741 ms [UE 33547] UL Throughput = 0.04219 Mbps
29741 ms [UE 18165] UL Throughput = 0.00000 Mbps
29741 ms [UE 21150] UL Throughput = 0.00000 Mbps
29741 ms [UE 15893] UL Throughput = 0.00000 Mbps
29777 ms [UE 1043] UL Throughput = 0.00000 Mbps
29777 ms [UE 13806] UL Throughput = 0.50475 Mbps
29777 ms [UE 25133] UL Throughput = 0.02645 Mbps
29777 ms [UE 36712] UL Throughput = 0.00000 Mbps
29777 ms [UE 57972] UL Throughput = 0.00000 Mbps
29841 ms [UE 33547] UL Throughput = 0.00000 Mbps
29841 ms [UE 18165] UL Throughput = 0.00000 Mbps
29841 ms [UE 21150] UL Throughput = 0.00000 Mbps
29841 ms [UE 15893] UL Throughput = 0.15103 Mbps
29878 ms [UE 1043] UL Throughput = 0.00000 Mbps
29878 ms [UE 13806] UL Throughput = 0.00000 Mbps
29878 ms [UE 25133] UL Throughput = 0.12749 Mbps
29878 ms [UE 36712] UL Throughput = 0.00000 Mbps
29878 ms [UE 57972] UL Throughput = 0.00000 Mbps
29951 ms [UE 33547] UL Throughput = 0.00000 Mbps
29951 ms [UE 18165] UL Throughput = 0.00000 Mbps
29951 ms [UE 21150] UL Throughput = 0.00000 Mbps
29951 ms [UE 15893] UL Throughput = 0.00000 Mbps
29978 ms [UE 1043] UL Throughput = 0.00000 Mbps
29978 ms [UE 13806] UL Throughput = 0.00000 Mbps
29978 ms [UE 25133] UL Throughput = 0.00000 Mbps
29978 ms [UE 36712] UL Throughput = 0.00000 Mbps
29978 ms [UE 57972] UL Throughput = 0.00000 Mbps
30051 ms [UE 33547] UL Throughput = 0.00000 Mbps
30051 ms [UE 18165] UL Throughput = 0.02788 Mbps
30051 ms [UE 21150] UL Throughput = 0.60338 Mbps
30051 ms [UE 15893] UL Throughput = 0.00000 Mbps
30078 ms [UE 1043] UL Throughput = 0.75501 Mbps
30078 ms [UE 13806] UL Throughput = 0.00000 Mbps
30078 ms [UE 25133] UL Throughput = 0.00000 Mbps
30078 ms [UE 36712] UL Throughput = 0.00000 Mbps
30078 ms [UE 57972] UL Throughput = 0.53569 Mbps
30161 ms [UE 33547] UL Throughput = 0.00000 Mbps
30161 ms [UE 18165] UL Throughput = 0.00000 Mbps
30161 ms [UE 21150] UL Throughput = 0.00000 Mbps
30161 ms [UE 15893] UL Throughput = 0.00000 Mbps
30187 ms [UE 1043] UL Throughput = 0.00000 Mbps
30187 ms [UE 13806] UL Throughput = 0.00000 Mbps
30187 ms [UE 25133] UL Throughput = 0.00000 Mbps
30187 ms [UE 36712] UL Throughput = 0.00000 Mbps
30187 ms [UE 57972] UL Throughput = 0.00000 Mbps
30261 ms [UE 33547] UL Throughput = 0.00000 Mbps
30261 ms [UE 18165] UL Throughput = 0.00000 Mbps
30261 ms [UE 21150] UL Throughput = 0.00000 Mbps
30261 ms [UE 15893] UL Throughput = 0.00000 Mbps
30289 ms [UE 1043] UL Throughput = 0.00000 Mbps
30289 ms [UE 13806] UL Throughput = 0.00000 Mbps
30289 ms [UE 25133] UL Throughput = 0.00000 Mbps
30289 ms [UE 36712] UL Throughput = 0.14061 Mbps
30289 ms [UE 57972] UL Throughput = 0.00000 Mbps
30292 ms | now=1755784745551253 us | PDCP ind_msg latency=71465936 us
30372 ms [UE 33547] UL Throughput = 0.19638 Mbps
30372 ms [UE 18165] UL Throughput = 0.11619 Mbps
30372 ms [UE 21150] UL Throughput = 0.00000 Mbps
30372 ms [UE 15893] UL Throughput = 0.00000 Mbps
30398 ms [UE 1043] UL Throughput = 0.00000 Mbps
30398 ms [UE 13806] UL Throughput = 0.49009 Mbps
30398 ms [UE 25133] UL Throughput = 0.11780 Mbps
30398 ms [UE 36712] UL Throughput = 0.00000 Mbps
30398 ms [UE 57972] UL Throughput = 0.00000 Mbps
30482 ms [UE 33547] UL Throughput = 0.00000 Mbps
30482 ms [UE 18165] UL Throughput = 0.00000 Mbps
30482 ms [UE 21150] UL Throughput = 0.00000 Mbps
30482 ms [UE 15893] UL Throughput = 0.00000 Mbps
30508 ms [UE 1043] UL Throughput = 0.00000 Mbps
30508 ms [UE 13806] UL Throughput = 0.00000 Mbps
30508 ms [UE 25133] UL Throughput = 0.00000 Mbps
30508 ms [UE 36712] UL Throughput = 0.00000 Mbps
30508 ms [UE 57972] UL Throughput = 0.00000 Mbps
30592 ms [UE 33547] UL Throughput = 0.00000 Mbps
30592 ms [UE 18165] UL Throughput = 0.00000 Mbps
30592 ms [UE 21150] UL Throughput = 0.00000 Mbps
30592 ms [UE 15893] UL Throughput = 0.03042 Mbps
30608 ms [UE 1043] UL Throughput = 0.00000 Mbps
30608 ms [UE 13806] UL Throughput = 0.00000 Mbps
30608 ms [UE 25133] UL Throughput = 0.00000 Mbps
30608 ms [UE 36712] UL Throughput = 0.65545 Mbps
30608 ms [UE 57972] UL Throughput = 0.00000 Mbps
30701 ms [UE 33547] UL Throughput = 0.00000 Mbps
30701 ms [UE 18165] UL Throughput = 0.00000 Mbps
30701 ms [UE 21150] UL Throughput = 0.00000 Mbps
30701 ms [UE 15893] UL Throughput = 0.13885 Mbps
30718 ms [UE 1043] UL Throughput = 0.59807 Mbps
30718 ms [UE 13806] UL Throughput = 0.00000 Mbps
30718 ms [UE 25133] UL Throughput = 0.00000 Mbps
30718 ms [UE 36712] UL Throughput = 0.00000 Mbps
30718 ms [UE 57972] UL Throughput = 0.00000 Mbps
30802 ms [UE 33547] UL Throughput = 0.00000 Mbps
30802 ms [UE 18165] UL Throughput = 0.00000 Mbps
30802 ms [UE 21150] UL Throughput = 0.00000 Mbps
30802 ms [UE 15893] UL Throughput = 0.00000 Mbps
30820 ms [UE 1043] UL Throughput = 0.00000 Mbps
30820 ms [UE 13806] UL Throughput = 0.00000 Mbps
30820 ms [UE 25133] UL Throughput = 0.00000 Mbps
30820 ms [UE 36712] UL Throughput = 0.00000 Mbps
30820 ms [UE 57972] UL Throughput = 0.00000 Mbps
30911 ms [UE 33547] UL Throughput = 0.17808 Mbps
30911 ms [UE 18165] UL Throughput = 0.14273 Mbps
30911 ms [UE 21150] UL Throughput = 0.00000 Mbps
30911 ms [UE 15893] UL Throughput = 0.00000 Mbps
30928 ms [UE 1043] UL Throughput = 0.00000 Mbps
30928 ms [UE 13806] UL Throughput = 0.00000 Mbps
30928 ms [UE 25133] UL Throughput = 0.00000 Mbps
30928 ms [UE 36712] UL Throughput = 0.00000 Mbps
30928 ms [UE 57972] UL Throughput = 0.49706 Mbps
31011 ms [UE 33547] UL Throughput = 0.00000 Mbps
31011 ms [UE 18165] UL Throughput = 0.00000 Mbps
31011 ms [UE 21150] UL Throughput = 0.00000 Mbps
31011 ms [UE 15893] UL Throughput = 0.00000 Mbps
31038 ms [UE 1043] UL Throughput = 0.00000 Mbps
31038 ms [UE 13806] UL Throughput = 0.48409 Mbps
31038 ms [UE 25133] UL Throughput = 0.00000 Mbps
31038 ms [UE 36712] UL Throughput = 0.00000 Mbps
31038 ms [UE 57972] UL Throughput = 0.00000 Mbps
31121 ms [UE 33547] UL Throughput = 0.00000 Mbps
31121 ms [UE 18165] UL Throughput = 0.00000 Mbps
31121 ms [UE 21150] UL Throughput = 0.00000 Mbps
31121 ms [UE 15893] UL Throughput = 0.00000 Mbps
31138 ms [UE 1043] UL Throughput = 0.00000 Mbps
31138 ms [UE 13806] UL Throughput = 0.00000 Mbps
31138 ms [UE 25133] UL Throughput = 0.00000 Mbps
31138 ms [UE 36712] UL Throughput = 0.00000 Mbps
31138 ms [UE 57972] UL Throughput = 0.00000 Mbps
31231 ms [UE 33547] UL Throughput = 0.00000 Mbps
31231 ms [UE 18165] UL Throughput = 0.00000 Mbps
31231 ms [UE 21150] UL Throughput = 0.00000 Mbps
31231 ms [UE 15893] UL Throughput = 0.13727 Mbps
31248 ms [UE 1043] UL Throughput = 0.00000 Mbps
31248 ms [UE 13806] UL Throughput = 0.00000 Mbps
31248 ms [UE 25133] UL Throughput = 0.11672 Mbps
31248 ms [UE 36712] UL Throughput = 0.13072 Mbps
31248 ms [UE 57972] UL Throughput = 0.00000 Mbps
31321 ms | now=1755784746580129 us | PDCP ind_msg latency=71464803 us
31341 ms [UE 33547] UL Throughput = 0.00000 Mbps
31341 ms [UE 18165] UL Throughput = 0.00000 Mbps
31341 ms [UE 21150] UL Throughput = 0.00000 Mbps
31341 ms [UE 15893] UL Throughput = 0.00000 Mbps
31358 ms [UE 1043] UL Throughput = 0.68927 Mbps
31358 ms [UE 13806] UL Throughput = 0.00000 Mbps
31358 ms [UE 25133] UL Throughput = 0.00000 Mbps
31358 ms [UE 36712] UL Throughput = 0.00000 Mbps
31358 ms [UE 57972] UL Throughput = 0.00000 Mbps
31451 ms [UE 33547] UL Throughput = 0.19764 Mbps
31451 ms [UE 18165] UL Throughput = 0.11693 Mbps
31451 ms [UE 21150] UL Throughput = 0.00000 Mbps
31451 ms [UE 15893] UL Throughput = 0.00000 Mbps
31459 ms [UE 1043] UL Throughput = 0.00000 Mbps
31459 ms [UE 13806] UL Throughput = 0.00000 Mbps
31459 ms [UE 25133] UL Throughput = 0.00000 Mbps
31459 ms [UE 36712] UL Throughput = 0.00000 Mbps
31459 ms [UE 57972] UL Throughput = 0.00000 Mbps
31561 ms [UE 33547] UL Throughput = 0.00000 Mbps
31561 ms [UE 18165] UL Throughput = 0.00000 Mbps
31561 ms [UE 21150] UL Throughput = 0.00000 Mbps
31561 ms [UE 15893] UL Throughput = 0.00000 Mbps
31569 ms [UE 1043] UL Throughput = 0.00000 Mbps
31569 ms [UE 13806] UL Throughput = 0.00000 Mbps
31569 ms [UE 25133] UL Throughput = 0.00000 Mbps
31569 ms [UE 36712] UL Throughput = 0.13040 Mbps
31569 ms [UE 57972] UL Throughput = 0.40037 Mbps
31661 ms [UE 33547] UL Throughput = 0.00000 Mbps
31661 ms [UE 18165] UL Throughput = 0.00000 Mbps
31661 ms [UE 21150] UL Throughput = 0.00000 Mbps
31661 ms [UE 15893] UL Throughput = 0.03362 Mbps
31678 ms [UE 1043] UL Throughput = 0.00000 Mbps
31678 ms [UE 13806] UL Throughput = 0.00000 Mbps
31678 ms [UE 25133] UL Throughput = 0.00000 Mbps
31678 ms [UE 36712] UL Throughput = 0.00000 Mbps
31678 ms [UE 57972] UL Throughput = 0.00000 Mbps
31761 ms [UE 33547] UL Throughput = 0.00000 Mbps
31761 ms [UE 18165] UL Throughput = 0.00000 Mbps
31761 ms [UE 21150] UL Throughput = 0.00000 Mbps
31761 ms [UE 15893] UL Throughput = 0.15101 Mbps
31780 ms [UE 1043] UL Throughput = 0.00000 Mbps
31780 ms [UE 13806] UL Throughput = 0.00000 Mbps
31780 ms [UE 25133] UL Throughput = 0.00000 Mbps
31780 ms [UE 36712] UL Throughput = 0.00000 Mbps
31780 ms [UE 57972] UL Throughput = 0.00000 Mbps
31861 ms [UE 33547] UL Throughput = 0.00000 Mbps
31861 ms [UE 18165] UL Throughput = 0.00000 Mbps
31861 ms [UE 21150] UL Throughput = 0.00000 Mbps
31861 ms [UE 15893] UL Throughput = 0.00000 Mbps
31889 ms [UE 1043] UL Throughput = 0.00000 Mbps
31889 ms [UE 13806] UL Throughput = 0.42997 Mbps
31889 ms [UE 25133] UL Throughput = 0.11689 Mbps
31889 ms [UE 36712] UL Throughput = 0.00000 Mbps
31889 ms [UE 57972] UL Throughput = 0.00000 Mbps
31972 ms [UE 33547] UL Throughput = 0.00000 Mbps
31972 ms [UE 18165] UL Throughput = 0.00000 Mbps
31972 ms [UE 21150] UL Throughput = 0.34926 Mbps
31972 ms [UE 15893] UL Throughput = 0.00000 Mbps
31998 ms [UE 1043] UL Throughput = 0.00000 Mbps
31998 ms [UE 13806] UL Throughput = 0.00000 Mbps
31998 ms [UE 25133] UL Throughput = 0.00000 Mbps
31998 ms [UE 36712] UL Throughput = 0.00000 Mbps
31998 ms [UE 57972] UL Throughput = 0.00000 Mbps
32072 ms [UE 33547] UL Throughput = 0.00000 Mbps
32072 ms [UE 18165] UL Throughput = 0.12804 Mbps
32072 ms [UE 21150] UL Throughput = 0.00000 Mbps
32072 ms [UE 15893] UL Throughput = 0.00000 Mbps
32108 ms [UE 1043] UL Throughput = 0.00000 Mbps
32108 ms [UE 13806] UL Throughput = 0.00000 Mbps
32108 ms [UE 25133] UL Throughput = 0.00000 Mbps
32108 ms [UE 36712] UL Throughput = 0.00000 Mbps
32108 ms [UE 57972] UL Throughput = 0.00000 Mbps
32172 ms [UE 33547] UL Throughput = 0.00000 Mbps
32172 ms [UE 18165] UL Throughput = 0.00000 Mbps
32172 ms [UE 21150] UL Throughput = 0.00000 Mbps
32172 ms [UE 15893] UL Throughput = 0.00000 Mbps
32208 ms [UE 1043] UL Throughput = 0.16094 Mbps
32208 ms [UE 13806] UL Throughput = 0.00000 Mbps
32208 ms [UE 25133] UL Throughput = 0.00000 Mbps
32208 ms [UE 36712] UL Throughput = 0.65406 Mbps
32208 ms [UE 57972] UL Throughput = 0.00000 Mbps
32281 ms [UE 33547] UL Throughput = 0.21803 Mbps
32281 ms [UE 18165] UL Throughput = 0.00000 Mbps
32281 ms [UE 21150] UL Throughput = 0.00000 Mbps
32281 ms [UE 15893] UL Throughput = 0.00000 Mbps
32317 ms [UE 1043] UL Throughput = 0.00000 Mbps
32317 ms [UE 13806] UL Throughput = 0.00000 Mbps
32317 ms [UE 25133] UL Throughput = 0.00000 Mbps
32317 ms [UE 36712] UL Throughput = 0.00000 Mbps
32317 ms [UE 57972] UL Throughput = 0.00000 Mbps
32350 ms | now=1755784747609055 us | PDCP ind_msg latency=71464722 us
32382 ms [UE 33547] UL Throughput = 0.00000 Mbps
32382 ms [UE 18165] UL Throughput = 0.00000 Mbps
32382 ms [UE 21150] UL Throughput = 0.00000 Mbps
32382 ms [UE 15893] UL Throughput = 0.00000 Mbps
32419 ms [UE 1043] UL Throughput = 0.00000 Mbps
32419 ms [UE 13806] UL Throughput = 0.00000 Mbps
32419 ms [UE 25133] UL Throughput = 0.00000 Mbps
32419 ms [UE 36712] UL Throughput = 0.00000 Mbps
32419 ms [UE 57972] UL Throughput = 0.00000 Mbps
32491 ms [UE 33547] UL Throughput = 0.00000 Mbps
32491 ms [UE 18165] UL Throughput = 0.00000 Mbps
32491 ms [UE 21150] UL Throughput = 0.00000 Mbps
32491 ms [UE 15893] UL Throughput = 0.00000 Mbps
32528 ms [UE 1043] UL Throughput = 0.00000 Mbps
32528 ms [UE 13806] UL Throughput = 0.10550 Mbps
32528 ms [UE 25133] UL Throughput = 0.11722 Mbps
32528 ms [UE 36712] UL Throughput = 0.00000 Mbps
32528 ms [UE 57972] UL Throughput = 0.40305 Mbps
32601 ms [UE 33547] UL Throughput = 0.00000 Mbps
32601 ms [UE 18165] UL Throughput = 0.00000 Mbps
32601 ms [UE 21150] UL Throughput = 0.25641 Mbps
32601 ms [UE 15893] UL Throughput = 0.16822 Mbps
32628 ms [UE 1043] UL Throughput = 0.00000 Mbps
32628 ms [UE 13806] UL Throughput = 0.00000 Mbps
32628 ms [UE 25133] UL Throughput = 0.00000 Mbps
32628 ms [UE 36712] UL Throughput = 0.00000 Mbps
32628 ms [UE 57972] UL Throughput = 0.00000 Mbps
32701 ms [UE 33547] UL Throughput = 0.00000 Mbps
32701 ms [UE 18165] UL Throughput = 0.00000 Mbps
32701 ms [UE 21150] UL Throughput = 0.00000 Mbps
32701 ms [UE 15893] UL Throughput = 0.00000 Mbps
32728 ms [UE 1043] UL Throughput = 0.00000 Mbps
32728 ms [UE 13806] UL Throughput = 0.00000 Mbps
32728 ms [UE 25133] UL Throughput = 0.00000 Mbps
32728 ms [UE 36712] UL Throughput = 0.00000 Mbps
32728 ms [UE 57972] UL Throughput = 0.00000 Mbps
32812 ms [UE 33547] UL Throughput = 0.00000 Mbps
32812 ms [UE 18165] UL Throughput = 0.02528 Mbps
32812 ms [UE 21150] UL Throughput = 0.00000 Mbps
32812 ms [UE 15893] UL Throughput = 0.00000 Mbps
32828 ms [UE 1043] UL Throughput = 0.75717 Mbps
32828 ms [UE 13806] UL Throughput = 0.11517 Mbps
32828 ms [UE 25133] UL Throughput = 0.00000 Mbps
32828 ms [UE 36712] UL Throughput = 0.00000 Mbps
32828 ms [UE 57972] UL Throughput = 0.00000 Mbps
32912 ms [UE 33547] UL Throughput = 0.17803 Mbps
32912 ms [UE 18165] UL Throughput = 0.11702 Mbps
32912 ms [UE 21150] UL Throughput = 0.00000 Mbps
32912 ms [UE 15893] UL Throughput = 0.00000 Mbps
32937 ms [UE 1043] UL Throughput = 0.00000 Mbps
32937 ms [UE 13806] UL Throughput = 0.48804 Mbps
32937 ms [UE 25133] UL Throughput = 0.00000 Mbps
32937 ms [UE 36712] UL Throughput = 0.00000 Mbps
32937 ms [UE 57972] UL Throughput = 0.00000 Mbps
33013 ms [UE 33547] UL Throughput = 0.00000 Mbps
33013 ms [UE 18165] UL Throughput = 0.00000 Mbps
33013 ms [UE 21150] UL Throughput = 0.00000 Mbps
33013 ms [UE 15893] UL Throughput = 0.00000 Mbps
33038 ms [UE 1043] UL Throughput = 0.00000 Mbps
33038 ms [UE 13806] UL Throughput = 0.00000 Mbps
33038 ms [UE 25133] UL Throughput = 0.00000 Mbps
33038 ms [UE 36712] UL Throughput = 0.00000 Mbps
33038 ms [UE 57972] UL Throughput = 0.00000 Mbps
33122 ms [UE 33547] UL Throughput = 0.00000 Mbps
33122 ms [UE 18165] UL Throughput = 0.00000 Mbps
33122 ms [UE 21150] UL Throughput = 0.32603 Mbps
33122 ms [UE 15893] UL Throughput = 0.12716 Mbps
33148 ms [UE 1043] UL Throughput = 0.00000 Mbps
33148 ms [UE 13806] UL Throughput = 0.00000 Mbps
33148 ms [UE 25133] UL Throughput = 0.00000 Mbps
33148 ms [UE 36712] UL Throughput = 0.66011 Mbps
33148 ms [UE 57972] UL Throughput = 0.39973 Mbps
33231 ms [UE 33547] UL Throughput = 0.00000 Mbps
33231 ms [UE 18165] UL Throughput = 0.00000 Mbps
33231 ms [UE 21150] UL Throughput = 0.00000 Mbps
33231 ms [UE 15893] UL Throughput = 0.00000 Mbps
33264 ms [UE 1043] UL Throughput = 0.00000 Mbps
33264 ms [UE 13806] UL Throughput = 0.00000 Mbps
33264 ms [UE 25133] UL Throughput = 0.00000 Mbps
33264 ms [UE 36712] UL Throughput = 0.00000 Mbps
33264 ms [UE 57972] UL Throughput = 0.00000 Mbps
33333 ms [UE 33547] UL Throughput = 0.00000 Mbps
33333 ms [UE 18165] UL Throughput = 0.00000 Mbps
33333 ms [UE 21150] UL Throughput = 0.00000 Mbps
33333 ms [UE 15893] UL Throughput = 0.00000 Mbps
33368 ms [UE 1043] UL Throughput = 0.00000 Mbps
33368 ms [UE 13806] UL Throughput = 0.00000 Mbps
33368 ms [UE 25133] UL Throughput = 0.02685 Mbps
33368 ms [UE 36712] UL Throughput = 0.00000 Mbps
33368 ms [UE 57972] UL Throughput = 0.00000 Mbps
33378 ms | now=1755784748636743 us | PDCP ind_msg latency=71465389 us
33442 ms [UE 33547] UL Throughput = 0.00000 Mbps
33442 ms [UE 18165] UL Throughput = 0.00000 Mbps
33442 ms [UE 21150] UL Throughput = 0.00000 Mbps
33442 ms [UE 15893] UL Throughput = 0.00000 Mbps
33479 ms [UE 1043] UL Throughput = 0.00000 Mbps
33479 ms [UE 13806] UL Throughput = 0.00000 Mbps
33479 ms [UE 25133] UL Throughput = 0.10648 Mbps
33479 ms [UE 36712] UL Throughput = 0.00000 Mbps
33479 ms [UE 57972] UL Throughput = 0.00000 Mbps
33551 ms [UE 33547] UL Throughput = 0.00000 Mbps
33551 ms [UE 18165] UL Throughput = 0.00000 Mbps
33551 ms [UE 21150] UL Throughput = 0.00000 Mbps
33551 ms [UE 15893] UL Throughput = 0.00000 Mbps
33588 ms [UE 1043] UL Throughput = 0.00000 Mbps
33588 ms [UE 13806] UL Throughput = 0.00000 Mbps
33588 ms [UE 25133] UL Throughput = 0.00000 Mbps
33588 ms [UE 36712] UL Throughput = 0.00000 Mbps
33588 ms [UE 57972] UL Throughput = 0.00000 Mbps
33652 ms [UE 33547] UL Throughput = 0.00000 Mbps
33652 ms [UE 18165] UL Throughput = 0.00000 Mbps
33652 ms [UE 21150] UL Throughput = 0.00000 Mbps
33652 ms [UE 15893] UL Throughput = 0.00000 Mbps
33689 ms [UE 1043] UL Throughput = 0.15927 Mbps
33689 ms [UE 13806] UL Throughput = 0.00000 Mbps
33689 ms [UE 25133] UL Throughput = 0.00000 Mbps
33689 ms [UE 36712] UL Throughput = 0.00000 Mbps
33689 ms [UE 57972] UL Throughput = 0.00000 Mbps
33762 ms [UE 33547] UL Throughput = 0.00000 Mbps
33762 ms [UE 18165] UL Throughput = 0.10240 Mbps
33762 ms [UE 21150] UL Throughput = 0.00000 Mbps
33762 ms [UE 15893] UL Throughput = 0.00000 Mbps
33798 ms [UE 1043] UL Throughput = 0.00000 Mbps
33798 ms [UE 13806] UL Throughput = 0.00000 Mbps
33798 ms [UE 25133] UL Throughput = 0.00000 Mbps
33798 ms [UE 36712] UL Throughput = 0.00000 Mbps
33798 ms [UE 57972] UL Throughput = 0.00000 Mbps
33872 ms [UE 33547] UL Throughput = 0.00000 Mbps
33872 ms [UE 18165] UL Throughput = 0.00000 Mbps
33872 ms [UE 21150] UL Throughput = 0.00000 Mbps
33872 ms [UE 15893] UL Throughput = 0.00000 Mbps
33900 ms [UE 1043] UL Throughput = 0.00000 Mbps
33900 ms [UE 13806] UL Throughput = 0.00000 Mbps
33900 ms [UE 25133] UL Throughput = 0.00000 Mbps
33900 ms [UE 36712] UL Throughput = 0.00000 Mbps
33900 ms [UE 57972] UL Throughput = 0.00000 Mbps
33972 ms [UE 33547] UL Throughput = 0.17893 Mbps
33972 ms [UE 18165] UL Throughput = 0.02787 Mbps
33972 ms [UE 21150] UL Throughput = 0.00000 Mbps
33972 ms [UE 15893] UL Throughput = 0.00000 Mbps
34001 ms [UE 1043] UL Throughput = 0.15941 Mbps
34001 ms [UE 13806] UL Throughput = 0.00000 Mbps
34001 ms [UE 25133] UL Throughput = 0.00000 Mbps
34001 ms [UE 36712] UL Throughput = 0.00000 Mbps
34001 ms [UE 57972] UL Throughput = 0.00000 Mbps
34081 ms [UE 33547] UL Throughput = 0.00000 Mbps
34081 ms [UE 18165] UL Throughput = 0.00000 Mbps
34081 ms [UE 21150] UL Throughput = 0.00000 Mbps
34081 ms [UE 15893] UL Throughput = 0.13860 Mbps
34108 ms [UE 1043] UL Throughput = 0.70877 Mbps
34108 ms [UE 13806] UL Throughput = 0.45045 Mbps
34108 ms [UE 25133] UL Throughput = 0.00000 Mbps
34108 ms [UE 36712] UL Throughput = 0.00000 Mbps
34108 ms [UE 57972] UL Throughput = 0.00000 Mbps
34181 ms [UE 33547] UL Throughput = 0.00000 Mbps
34181 ms [UE 18165] UL Throughput = 0.00000 Mbps
34181 ms [UE 21150] UL Throughput = 0.00000 Mbps
34181 ms [UE 15893] UL Throughput = 0.00000 Mbps
34208 ms [UE 1043] UL Throughput = 0.00000 Mbps
34208 ms [UE 13806] UL Throughput = 0.00000 Mbps
34208 ms [UE 25133] UL Throughput = 0.00000 Mbps
34208 ms [UE 36712] UL Throughput = 0.00000 Mbps
34208 ms [UE 57972] UL Throughput = 0.00000 Mbps
34291 ms [UE 33547] UL Throughput = 0.00000 Mbps
34291 ms [UE 18165] UL Throughput = 0.02540 Mbps
34291 ms [UE 21150] UL Throughput = 0.28881 Mbps
34291 ms [UE 15893] UL Throughput = 0.00000 Mbps
34318 ms [UE 1043] UL Throughput = 0.00000 Mbps
34318 ms [UE 13806] UL Throughput = 0.00000 Mbps
34318 ms [UE 25133] UL Throughput = 0.02541 Mbps
34318 ms [UE 36712] UL Throughput = 0.55017 Mbps
34318 ms [UE 57972] UL Throughput = 0.00000 Mbps
34391 ms [UE 33547] UL Throughput = 0.00000 Mbps
34391 ms [UE 18165] UL Throughput = 0.00000 Mbps
34391 ms [UE 21150] UL Throughput = 0.00000 Mbps
34391 ms [UE 15893] UL Throughput = 0.00000 Mbps
34411 ms | now=1755784749670058 us | PDCP ind_msg latency=71465743 us
34428 ms [UE 1043] UL Throughput = 0.00000 Mbps
34428 ms [UE 13806] UL Throughput = 0.00000 Mbps
34428 ms [UE 25133] UL Throughput = 0.10244 Mbps
34428 ms [UE 36712] UL Throughput = 0.00000 Mbps
34428 ms [UE 57972] UL Throughput = 0.00000 Mbps
34501 ms [UE 33547] UL Throughput = 0.00000 Mbps
34501 ms [UE 18165] UL Throughput = 0.00000 Mbps
34501 ms [UE 21150] UL Throughput = 0.00000 Mbps
34501 ms [UE 15893] UL Throughput = 0.00000 Mbps
34528 ms [UE 1043] UL Throughput = 0.00000 Mbps
34528 ms [UE 13806] UL Throughput = 0.00000 Mbps
34528 ms [UE 25133] UL Throughput = 0.00000 Mbps
34528 ms [UE 36712] UL Throughput = 0.00000 Mbps
34528 ms [UE 57972] UL Throughput = 0.00000 Mbps
34612 ms [UE 33547] UL Throughput = 0.00000 Mbps
34612 ms [UE 18165] UL Throughput = 0.11544 Mbps
34612 ms [UE 21150] UL Throughput = 0.28619 Mbps
34612 ms [UE 15893] UL Throughput = 0.03036 Mbps
34638 ms [UE 1043] UL Throughput = 0.14753 Mbps
34638 ms [UE 13806] UL Throughput = 0.00000 Mbps
34638 ms [UE 25133] UL Throughput = 0.00000 Mbps
34638 ms [UE 36712] UL Throughput = 0.00000 Mbps
34638 ms [UE 57972] UL Throughput = 0.00000 Mbps
34721 ms [UE 33547] UL Throughput = 0.00000 Mbps
34721 ms [UE 18165] UL Throughput = 0.00000 Mbps
34721 ms [UE 21150] UL Throughput = 0.00000 Mbps
34721 ms [UE 15893] UL Throughput = 0.00000 Mbps
34738 ms [UE 1043] UL Throughput = 0.00000 Mbps
34738 ms [UE 13806] UL Throughput = 0.53263 Mbps
34738 ms [UE 25133] UL Throughput = 0.00000 Mbps
34738 ms [UE 36712] UL Throughput = 0.00000 Mbps
34738 ms [UE 57972] UL Throughput = 0.00000 Mbps
34822 ms [UE 33547] UL Throughput = 0.19326 Mbps
34822 ms [UE 18165] UL Throughput = 0.00000 Mbps
34822 ms [UE 21150] UL Throughput = 0.00000 Mbps
34822 ms [UE 15893] UL Throughput = 0.03344 Mbps
34848 ms [UE 1043] UL Throughput = 0.00000 Mbps
34848 ms [UE 13806] UL Throughput = 0.00000 Mbps
34848 ms [UE 25133] UL Throughput = 0.00000 Mbps
34848 ms [UE 36712] UL Throughput = 0.00000 Mbps
34848 ms [UE 57972] UL Throughput = 0.00000 Mbps
34931 ms [UE 33547] UL Throughput = 0.00000 Mbps
34931 ms [UE 18165] UL Throughput = 0.00000 Mbps
34931 ms [UE 21150] UL Throughput = 0.00000 Mbps
34931 ms [UE 15893] UL Throughput = 0.12172 Mbps
34948 ms [UE 1043] UL Throughput = 0.16130 Mbps
34948 ms [UE 13806] UL Throughput = 0.00000 Mbps
34948 ms [UE 25133] UL Throughput = 0.00000 Mbps
34948 ms [UE 36712] UL Throughput = 0.00000 Mbps
34948 ms [UE 57972] UL Throughput = 0.00000 Mbps
35032 ms [UE 33547] UL Throughput = 0.00000 Mbps
35032 ms [UE 18165] UL Throughput = 0.00000 Mbps
35032 ms [UE 21150] UL Throughput = 0.00000 Mbps
35032 ms [UE 15893] UL Throughput = 0.00000 Mbps
35050 ms [UE 1043] UL Throughput = 0.00000 Mbps
35050 ms [UE 13806] UL Throughput = 0.00000 Mbps
35050 ms [UE 25133] UL Throughput = 0.12563 Mbps
35050 ms [UE 36712] UL Throughput = 0.00000 Mbps
35050 ms [UE 57972] UL Throughput = 0.43196 Mbps
35141 ms [UE 33547] UL Throughput = 0.00000 Mbps
35141 ms [UE 18165] UL Throughput = 0.11734 Mbps
35141 ms [UE 21150] UL Throughput = 0.00000 Mbps
35141 ms [UE 15893] UL Throughput = 0.00000 Mbps
35159 ms [UE 1043] UL Throughput = 0.00000 Mbps
35159 ms [UE 13806] UL Throughput = 0.00000 Mbps
35159 ms [UE 25133] UL Throughput = 0.00000 Mbps
35159 ms [UE 36712] UL Throughput = 0.00000 Mbps
35159 ms [UE 57972] UL Throughput = 0.00000 Mbps
35241 ms [UE 33547] UL Throughput = 0.00000 Mbps
35241 ms [UE 18165] UL Throughput = 0.00000 Mbps
35241 ms [UE 21150] UL Throughput = 0.00000 Mbps
35241 ms [UE 15893] UL Throughput = 0.00000 Mbps
35268 ms [UE 1043] UL Throughput = 0.00000 Mbps
35268 ms [UE 13806] UL Throughput = 0.00000 Mbps
35268 ms [UE 25133] UL Throughput = 0.00000 Mbps
35268 ms [UE 36712] UL Throughput = 0.13205 Mbps
35268 ms [UE 57972] UL Throughput = 0.36766 Mbps
35341 ms [UE 33547] UL Throughput = 0.00000 Mbps
35341 ms [UE 18165] UL Throughput = 0.00000 Mbps
35341 ms [UE 21150] UL Throughput = 0.00000 Mbps
35341 ms [UE 15893] UL Throughput = 0.00000 Mbps
35368 ms [UE 1043] UL Throughput = 0.75480 Mbps
35368 ms [UE 13806] UL Throughput = 0.00000 Mbps
35368 ms [UE 25133] UL Throughput = 0.00000 Mbps
35368 ms [UE 36712] UL Throughput = 0.00000 Mbps
35368 ms [UE 57972] UL Throughput = 0.00000 Mbps
35443 ms | now=1755784750701991 us | PDCP ind_msg latency=71464687 us
35451 ms [UE 33547] UL Throughput = 0.00000 Mbps
35451 ms [UE 18165] UL Throughput = 0.00000 Mbps
35451 ms [UE 21150] UL Throughput = 0.35083 Mbps
35451 ms [UE 15893] UL Throughput = 0.13758 Mbps
35468 ms [UE 1043] UL Throughput = 0.00000 Mbps
35468 ms [UE 13806] UL Throughput = 0.00000 Mbps
35468 ms [UE 25133] UL Throughput = 0.00000 Mbps
35468 ms [UE 36712] UL Throughput = 0.00000 Mbps
35468 ms [UE 57972] UL Throughput = 0.00000 Mbps
35551 ms [UE 33547] UL Throughput = 0.00000 Mbps
35551 ms [UE 18165] UL Throughput = 0.00000 Mbps
35551 ms [UE 21150] UL Throughput = 0.00000 Mbps
35551 ms [UE 15893] UL Throughput = 0.00000 Mbps
35568 ms [UE 1043] UL Throughput = 0.00000 Mbps
35568 ms [UE 13806] UL Throughput = 0.00000 Mbps
35568 ms [UE 25133] UL Throughput = 0.00000 Mbps
35568 ms [UE 36712] UL Throughput = 0.14325 Mbps
35568 ms [UE 57972] UL Throughput = 0.00000 Mbps
35661 ms [UE 33547] UL Throughput = 0.00000 Mbps
35661 ms [UE 18165] UL Throughput = 0.00000 Mbps
35661 ms [UE 21150] UL Throughput = 0.00000 Mbps
35661 ms [UE 15893] UL Throughput = 0.00000 Mbps
35679 ms [UE 1043] UL Throughput = 0.00000 Mbps
35679 ms [UE 13806] UL Throughput = 0.42589 Mbps
35679 ms [UE 25133] UL Throughput = 0.00000 Mbps
35679 ms [UE 36712] UL Throughput = 0.00000 Mbps
35679 ms [UE 57972] UL Throughput = 0.00000 Mbps
35762 ms [UE 33547] UL Throughput = 0.23559 Mbps
35762 ms [UE 18165] UL Throughput = 0.00000 Mbps
35762 ms [UE 21150] UL Throughput = 0.00000 Mbps
35762 ms [UE 15893] UL Throughput = 0.00000 Mbps
35788 ms [UE 1043] UL Throughput = 0.00000 Mbps
35788 ms [UE 13806] UL Throughput = 0.00000 Mbps
35788 ms [UE 25133] UL Throughput = 0.00000 Mbps
35788 ms [UE 36712] UL Throughput = 0.00000 Mbps
35788 ms [UE 57972] UL Throughput = 0.00000 Mbps
35871 ms [UE 33547] UL Throughput = 0.00000 Mbps
35871 ms [UE 18165] UL Throughput = 0.00000 Mbps
35871 ms [UE 21150] UL Throughput = 0.00000 Mbps
35871 ms [UE 15893] UL Throughput = 0.00000 Mbps
35888 ms [UE 1043] UL Throughput = 0.00000 Mbps
35888 ms [UE 13806] UL Throughput = 0.00000 Mbps
35888 ms [UE 25133] UL Throughput = 0.02779 Mbps
35888 ms [UE 36712] UL Throughput = 0.00000 Mbps
35888 ms [UE 57972] UL Throughput = 0.00000 Mbps
35971 ms [UE 33547] UL Throughput = 0.00000 Mbps
35971 ms [UE 18165] UL Throughput = 0.00000 Mbps
35971 ms [UE 21150] UL Throughput = 0.00000 Mbps
35971 ms [UE 15893] UL Throughput = 0.00000 Mbps
35998 ms [UE 1043] UL Throughput = 0.69170 Mbps
35998 ms [UE 13806] UL Throughput = 0.00000 Mbps
35998 ms [UE 25133] UL Throughput = 0.11689 Mbps
35998 ms [UE 36712] UL Throughput = 0.00000 Mbps
35998 ms [UE 57972] UL Throughput = 0.00000 Mbps
36071 ms [UE 33547] UL Throughput = 0.00000 Mbps
36071 ms [UE 18165] UL Throughput = 0.15559 Mbps
36071 ms [UE 21150] UL Throughput = 0.28094 Mbps
36071 ms [UE 15893] UL Throughput = 0.00000 Mbps
36108 ms [UE 1043] UL Throughput = 0.00000 Mbps
36108 ms [UE 13806] UL Throughput = 0.00000 Mbps
36108 ms [UE 25133] UL Throughput = 0.00000 Mbps
36108 ms [UE 36712] UL Throughput = 0.00000 Mbps
36108 ms [UE 57972] UL Throughput = 0.00000 Mbps
36181 ms [UE 33547] UL Throughput = 0.00000 Mbps
36181 ms [UE 18165] UL Throughput = 0.00000 Mbps
36181 ms [UE 21150] UL Throughput = 0.00000 Mbps
36181 ms [UE 15893] UL Throughput = 0.00000 Mbps
36208 ms [UE 1043] UL Throughput = 0.00000 Mbps
36208 ms [UE 13806] UL Throughput = 0.11508 Mbps
36208 ms [UE 25133] UL Throughput = 0.00000 Mbps
36208 ms [UE 36712] UL Throughput = 0.00000 Mbps
36208 ms [UE 57972] UL Throughput = 0.00000 Mbps
36281 ms [UE 33547] UL Throughput = 0.00000 Mbps
36281 ms [UE 18165] UL Throughput = 0.00000 Mbps
36281 ms [UE 21150] UL Throughput = 0.00000 Mbps
36281 ms [UE 15893] UL Throughput = 0.00000 Mbps
36319 ms [UE 1043] UL Throughput = 0.00000 Mbps
36319 ms [UE 13806] UL Throughput = 0.00000 Mbps
36319 ms [UE 25133] UL Throughput = 0.00000 Mbps
36319 ms [UE 36712] UL Throughput = 0.59313 Mbps
36319 ms [UE 57972] UL Throughput = 0.39834 Mbps
36391 ms [UE 33547] UL Throughput = 0.17712 Mbps
36391 ms [UE 18165] UL Throughput = 0.00000 Mbps
36391 ms [UE 21150] UL Throughput = 0.00000 Mbps
36391 ms [UE 15893] UL Throughput = 0.16817 Mbps
36428 ms [UE 1043] UL Throughput = 0.00000 Mbps
36428 ms [UE 13806] UL Throughput = 0.00000 Mbps
36428 ms [UE 25133] UL Throughput = 0.00000 Mbps
36428 ms [UE 36712] UL Throughput = 0.00000 Mbps
36428 ms [UE 57972] UL Throughput = 0.00000 Mbps
36487 ms | now=1755784751745993 us | PDCP ind_msg latency=71464656 us
36501 ms [UE 33547] UL Throughput = 0.00000 Mbps
36501 ms [UE 18165] UL Throughput = 0.00000 Mbps
36501 ms [UE 21150] UL Throughput = 0.00000 Mbps
36501 ms [UE 15893] UL Throughput = 0.00000 Mbps
36528 ms [UE 1043] UL Throughput = 0.00000 Mbps
36528 ms [UE 13806] UL Throughput = 0.00000 Mbps
36528 ms [UE 25133] UL Throughput = 0.03365 Mbps
36528 ms [UE 36712] UL Throughput = 0.00000 Mbps
36528 ms [UE 57972] UL Throughput = 0.00000 Mbps
36602 ms [UE 33547] UL Throughput = 0.00000 Mbps
36602 ms [UE 18165] UL Throughput = 0.00000 Mbps
36602 ms [UE 21150] UL Throughput = 0.00000 Mbps
36602 ms [UE 15893] UL Throughput = 0.00000 Mbps
36631 ms [UE 1043] UL Throughput = 0.00000 Mbps
36631 ms [UE 13806] UL Throughput = 0.00000 Mbps
36631 ms [UE 25133] UL Throughput = 0.29555 Mbps
36631 ms [UE 36712] UL Throughput = 0.00000 Mbps
36631 ms [UE 57972] UL Throughput = 0.00000 Mbps
36711 ms [UE 33547] UL Throughput = 0.00000 Mbps
36711 ms [UE 18165] UL Throughput = 0.00000 Mbps
36711 ms [UE 21150] UL Throughput = 0.29187 Mbps
36711 ms [UE 15893] UL Throughput = 0.00000 Mbps
36739 ms [UE 1043] UL Throughput = 0.00000 Mbps
36739 ms [UE 13806] UL Throughput = 0.00000 Mbps
36739 ms [UE 25133] UL Throughput = 0.00000 Mbps
36739 ms [UE 36712] UL Throughput = 0.00000 Mbps
36739 ms [UE 57972] UL Throughput = 0.00000 Mbps
36812 ms [UE 33547] UL Throughput = 0.00000 Mbps
36812 ms [UE 18165] UL Throughput = 0.00000 Mbps
36812 ms [UE 21150] UL Throughput = 0.00000 Mbps
36812 ms [UE 15893] UL Throughput = 0.00000 Mbps
36848 ms [UE 1043] UL Throughput = 0.00000 Mbps
36848 ms [UE 13806] UL Throughput = 0.10609 Mbps
36848 ms [UE 25133] UL Throughput = 0.00000 Mbps
36848 ms [UE 36712] UL Throughput = 0.00000 Mbps
36848 ms [UE 57972] UL Throughput = 0.00000 Mbps
36922 ms [UE 33547] UL Throughput = 0.00000 Mbps
36922 ms [UE 18165] UL Throughput = 0.14260 Mbps
36922 ms [UE 21150] UL Throughput = 0.00000 Mbps
36922 ms [UE 15893] UL Throughput = 0.00000 Mbps
36958 ms [UE 1043] UL Throughput = 0.59772 Mbps
36958 ms [UE 13806] UL Throughput = 0.48571 Mbps
36958 ms [UE 25133] UL Throughput = 0.00000 Mbps
36958 ms [UE 36712] UL Throughput = 0.00000 Mbps
36958 ms [UE 57972] UL Throughput = 0.00000 Mbps
37031 ms [UE 33547] UL Throughput = 0.00000 Mbps
37031 ms [UE 18165] UL Throughput = 0.00000 Mbps
37031 ms [UE 21150] UL Throughput = 0.00000 Mbps
37031 ms [UE 15893] UL Throughput = 0.13787 Mbps
37058 ms [UE 1043] UL Throughput = 0.00000 Mbps
37058 ms [UE 13806] UL Throughput = 0.00000 Mbps
37058 ms [UE 25133] UL Throughput = 0.00000 Mbps
37058 ms [UE 36712] UL Throughput = 0.00000 Mbps
37058 ms [UE 57972] UL Throughput = 0.00000 Mbps
37141 ms [UE 33547] UL Throughput = 0.00000 Mbps
37141 ms [UE 18165] UL Throughput = 0.00000 Mbps
37141 ms [UE 21150] UL Throughput = 0.00000 Mbps
37141 ms [UE 15893] UL Throughput = 0.00000 Mbps
37159 ms [UE 1043] UL Throughput = 0.00000 Mbps
37159 ms [UE 13806] UL Throughput = 0.00000 Mbps
37159 ms [UE 25133] UL Throughput = 0.00000 Mbps
37159 ms [UE 36712] UL Throughput = 0.14273 Mbps
37159 ms [UE 57972] UL Throughput = 0.00000 Mbps
37241 ms [UE 33547] UL Throughput = 0.23615 Mbps
37241 ms [UE 18165] UL Throughput = 0.00000 Mbps
37241 ms [UE 21150] UL Throughput = 0.00000 Mbps
37241 ms [UE 15893] UL Throughput = 0.00000 Mbps
37268 ms [UE 1043] UL Throughput = 0.00000 Mbps
37268 ms [UE 13806] UL Throughput = 0.00000 Mbps
37268 ms [UE 25133] UL Throughput = 0.13878 Mbps
37268 ms [UE 36712] UL Throughput = 0.60222 Mbps
37268 ms [UE 57972] UL Throughput = 0.00000 Mbps
37342 ms [UE 33547] UL Throughput = 0.00000 Mbps
37342 ms [UE 18165] UL Throughput = 0.00000 Mbps
37342 ms [UE 21150] UL Throughput = 0.00000 Mbps
37342 ms [UE 15893] UL Throughput = 0.00000 Mbps
37368 ms [UE 1043] UL Throughput = 0.00000 Mbps
37368 ms [UE 13806] UL Throughput = 0.00000 Mbps
37368 ms [UE 25133] UL Throughput = 0.00000 Mbps
37368 ms [UE 36712] UL Throughput = 0.00000 Mbps
37368 ms [UE 57972] UL Throughput = 0.00000 Mbps
37451 ms [UE 33547] UL Throughput = 0.00000 Mbps
37451 ms [UE 18165] UL Throughput = 0.00000 Mbps
37451 ms [UE 21150] UL Throughput = 0.00000 Mbps
37451 ms [UE 15893] UL Throughput = 0.00000 Mbps
37468 ms [UE 1043] UL Throughput = 0.00000 Mbps
37468 ms [UE 13806] UL Throughput = 0.00000 Mbps
37468 ms [UE 25133] UL Throughput = 0.00000 Mbps
37468 ms [UE 36712] UL Throughput = 0.00000 Mbps
37468 ms [UE 57972] UL Throughput = 0.53745 Mbps
37537 ms | now=1755784752795723 us | PDCP ind_msg latency=71465297 us
37551 ms [UE 33547] UL Throughput = 0.00000 Mbps
37551 ms [UE 18165] UL Throughput = 0.11723 Mbps
37551 ms [UE 21150] UL Throughput = 0.35281 Mbps
37551 ms [UE 15893] UL Throughput = 0.00000 Mbps
37568 ms [UE 1043] UL Throughput = 0.00000 Mbps
37568 ms [UE 13806] UL Throughput = 0.00000 Mbps
37568 ms [UE 25133] UL Throughput = 0.00000 Mbps
37568 ms [UE 36712] UL Throughput = 0.00000 Mbps
37568 ms [UE 57972] UL Throughput = 0.00000 Mbps
37652 ms [UE 33547] UL Throughput = 0.00000 Mbps
37652 ms [UE 18165] UL Throughput = 0.00000 Mbps
37652 ms [UE 21150] UL Throughput = 0.00000 Mbps
37652 ms [UE 15893] UL Throughput = 0.00000 Mbps
37679 ms [UE 1043] UL Throughput = 0.00000 Mbps
37679 ms [UE 13806] UL Throughput = 0.00000 Mbps
37679 ms [UE 25133] UL Throughput = 0.00000 Mbps
37679 ms [UE 36712] UL Throughput = 0.00000 Mbps
37679 ms [UE 57972] UL Throughput = 0.00000 Mbps
37752 ms [UE 33547] UL Throughput = 0.00000 Mbps
37752 ms [UE 18165] UL Throughput = 0.00000 Mbps
37752 ms [UE 21150] UL Throughput = 0.00000 Mbps
37752 ms [UE 15893] UL Throughput = 0.00000 Mbps
37788 ms [UE 1043] UL Throughput = 0.00000 Mbps
37788 ms [UE 13806] UL Throughput = 0.59453 Mbps
37788 ms [UE 25133] UL Throughput = 0.00000 Mbps
37788 ms [UE 36712] UL Throughput = 0.00000 Mbps
37788 ms [UE 57972] UL Throughput = 0.00000 Mbps
37852 ms [UE 33547] UL Throughput = 0.00000 Mbps
37852 ms [UE 18165] UL Throughput = 0.00000 Mbps
37852 ms [UE 21150] UL Throughput = 0.00000 Mbps
37852 ms [UE 15893] UL Throughput = 0.17174 Mbps
37898 ms [UE 1043] UL Throughput = 0.00000 Mbps
37898 ms [UE 13806] UL Throughput = 0.00000 Mbps
37898 ms [UE 25133] UL Throughput = 0.13740 Mbps
37898 ms [UE 36712] UL Throughput = 0.00000 Mbps
37898 ms [UE 57972] UL Throughput = 0.00000 Mbps
37961 ms [UE 33547] UL Throughput = 0.00000 Mbps
37961 ms [UE 18165] UL Throughput = 0.00000 Mbps
37961 ms [UE 21150] UL Throughput = 0.00000 Mbps
37961 ms [UE 15893] UL Throughput = 0.00000 Mbps
37999 ms [UE 1043] UL Throughput = 0.00000 Mbps
37999 ms [UE 13806] UL Throughput = 0.00000 Mbps
37999 ms [UE 25133] UL Throughput = 0.00000 Mbps
37999 ms [UE 36712] UL Throughput = 0.00000 Mbps
37999 ms [UE 57972] UL Throughput = 0.00000 Mbps
38061 ms [UE 33547] UL Throughput = 0.00000 Mbps
38061 ms [UE 18165] UL Throughput = 0.00000 Mbps
38061 ms [UE 21150] UL Throughput = 0.00000 Mbps
38061 ms [UE 15893] UL Throughput = 0.00000 Mbps
38108 ms [UE 1043] UL Throughput = 0.69215 Mbps
38108 ms [UE 13806] UL Throughput = 0.00000 Mbps
38108 ms [UE 25133] UL Throughput = 0.00000 Mbps
38108 ms [UE 36712] UL Throughput = 0.66416 Mbps
38108 ms [UE 57972] UL Throughput = 0.00000 Mbps
38171 ms [UE 33547] UL Throughput = 0.00000 Mbps
38171 ms [UE 18165] UL Throughput = 0.00000 Mbps
38171 ms [UE 21150] UL Throughput = 0.00000 Mbps
38171 ms [UE 15893] UL Throughput = 0.00000 Mbps
38218 ms [UE 1043] UL Throughput = 0.00000 Mbps
38218 ms [UE 13806] UL Throughput = 0.00000 Mbps
38218 ms [UE 25133] UL Throughput = 0.00000 Mbps
38218 ms [UE 36712] UL Throughput = 0.00000 Mbps
38218 ms [UE 57972] UL Throughput = 0.00000 Mbps
38282 ms [UE 33547] UL Throughput = 0.00000 Mbps
38282 ms [UE 18165] UL Throughput = 0.00000 Mbps
38282 ms [UE 21150] UL Throughput = 0.00000 Mbps
38282 ms [UE 15893] UL Throughput = 0.00000 Mbps
38318 ms [UE 1043] UL Throughput = 0.00000 Mbps
38318 ms [UE 13806] UL Throughput = 0.00000 Mbps
38318 ms [UE 25133] UL Throughput = 0.00000 Mbps
38318 ms [UE 36712] UL Throughput = 0.00000 Mbps
38318 ms [UE 57972] UL Throughput = 0.00000 Mbps
38391 ms [UE 33547] UL Throughput = 0.00000 Mbps
38391 ms [UE 18165] UL Throughput = 0.11700 Mbps
38391 ms [UE 21150] UL Throughput = 0.00000 Mbps
38391 ms [UE 15893] UL Throughput = 0.00000 Mbps
38419 ms [UE 1043] UL Throughput = 0.00000 Mbps
38419 ms [UE 13806] UL Throughput = 0.48005 Mbps
38419 ms [UE 25133] UL Throughput = 0.00000 Mbps
38419 ms [UE 36712] UL Throughput = 0.00000 Mbps
38419 ms [UE 57972] UL Throughput = 0.49504 Mbps
38491 ms [UE 33547] UL Throughput = 0.00000 Mbps
38491 ms [UE 18165] UL Throughput = 0.00000 Mbps
38491 ms [UE 21150] UL Throughput = 0.00000 Mbps
38491 ms [UE 15893] UL Throughput = 0.13317 Mbps
38528 ms [UE 1043] UL Throughput = 0.00000 Mbps
38528 ms [UE 13806] UL Throughput = 0.00000 Mbps
38528 ms [UE 25133] UL Throughput = 0.00000 Mbps
38528 ms [UE 36712] UL Throughput = 0.00000 Mbps
38528 ms [UE 57972] UL Throughput = 0.00000 Mbps
38592 ms [UE 33547] UL Throughput = 0.00000 Mbps
38592 ms [UE 18165] UL Throughput = 0.00000 Mbps
38592 ms [UE 21150] UL Throughput = 0.00000 Mbps
38592 ms [UE 15893] UL Throughput = 0.00000 Mbps
38600 ms | now=1755784753859052 us | PDCP ind_msg latency=71464711 us
38639 ms [UE 1043] UL Throughput = 0.00000 Mbps
38639 ms [UE 13806] UL Throughput = 0.00000 Mbps
38639 ms [UE 25133] UL Throughput = 0.03029 Mbps
38639 ms [UE 36712] UL Throughput = 0.00000 Mbps
38639 ms [UE 57972] UL Throughput = 0.00000 Mbps
38701 ms [UE 33547] UL Throughput = 0.20209 Mbps
38701 ms [UE 18165] UL Throughput = 0.00000 Mbps
38701 ms [UE 21150] UL Throughput = 0.00000 Mbps
38701 ms [UE 15893] UL Throughput = 0.00000 Mbps
38742 ms [UE 1043] UL Throughput = 0.00000 Mbps
38742 ms [UE 13806] UL Throughput = 0.00000 Mbps
38742 ms [UE 25133] UL Throughput = 0.13407 Mbps
38742 ms [UE 36712] UL Throughput = 0.58597 Mbps
38742 ms [UE 57972] UL Throughput = 0.00000 Mbps
38811 ms [UE 33547] UL Throughput = 0.00000 Mbps
38811 ms [UE 18165] UL Throughput = 0.00000 Mbps
38811 ms [UE 21150] UL Throughput = 0.00000 Mbps
38811 ms [UE 15893] UL Throughput = 0.00000 Mbps
38848 ms [UE 1043] UL Throughput = 0.00000 Mbps
38848 ms [UE 13806] UL Throughput = 0.00000 Mbps
38848 ms [UE 25133] UL Throughput = 0.00000 Mbps
38848 ms [UE 36712] UL Throughput = 0.00000 Mbps
38848 ms [UE 57972] UL Throughput = 0.00000 Mbps
38911 ms [UE 33547] UL Throughput = 0.00000 Mbps
38911 ms [UE 18165] UL Throughput = 0.00000 Mbps
38911 ms [UE 21150] UL Throughput = 0.00000 Mbps
38911 ms [UE 15893] UL Throughput = 0.00000 Mbps
38949 ms [UE 1043] UL Throughput = 0.00000 Mbps
38949 ms [UE 13806] UL Throughput = 0.00000 Mbps
38949 ms [UE 25133] UL Throughput = 0.00000 Mbps
38949 ms [UE 36712] UL Throughput = 0.00000 Mbps
38949 ms [UE 57972] UL Throughput = 0.00000 Mbps
39021 ms [UE 33547] UL Throughput = 0.00000 Mbps
39021 ms [UE 18165] UL Throughput = 0.02545 Mbps
39021 ms [UE 21150] UL Throughput = 0.00000 Mbps
39021 ms [UE 15893] UL Throughput = 0.13776 Mbps
39058 ms [UE 1043] UL Throughput = 0.84062 Mbps
39058 ms [UE 13806] UL Throughput = 0.00000 Mbps
39058 ms [UE 25133] UL Throughput = 0.00000 Mbps
39058 ms [UE 36712] UL Throughput = 0.00000 Mbps
39058 ms [UE 57972] UL Throughput = 0.36519 Mbps
39121 ms [UE 33547] UL Throughput = 0.00000 Mbps
39121 ms [UE 18165] UL Throughput = 0.00000 Mbps
39121 ms [UE 21150] UL Throughput = 0.00000 Mbps
39121 ms [UE 15893] UL Throughput = 0.00000 Mbps
39168 ms [UE 1043] UL Throughput = 0.00000 Mbps
39168 ms [UE 13806] UL Throughput = 0.00000 Mbps
39168 ms [UE 25133] UL Throughput = 0.00000 Mbps
39168 ms [UE 36712] UL Throughput = 0.00000 Mbps
39168 ms [UE 57972] UL Throughput = 0.00000 Mbps
39221 ms [UE 33547] UL Throughput = 0.00000 Mbps
39221 ms [UE 18165] UL Throughput = 0.00000 Mbps
39221 ms [UE 21150] UL Throughput = 0.00000 Mbps
39221 ms [UE 15893] UL Throughput = 0.00000 Mbps
39269 ms [UE 1043] UL Throughput = 0.00000 Mbps
39269 ms [UE 13806] UL Throughput = 0.63776 Mbps
39269 ms [UE 25133] UL Throughput = 0.00000 Mbps
39269 ms [UE 36712] UL Throughput = 0.57447 Mbps
39269 ms [UE 57972] UL Throughput = 0.00000 Mbps
39322 ms [UE 33547] UL Throughput = 0.00000 Mbps
39322 ms [UE 18165] UL Throughput = 0.02771 Mbps
39322 ms [UE 21150] UL Throughput = 0.31515 Mbps
39322 ms [UE 15893] UL Throughput = 0.00000 Mbps
39370 ms [UE 1043] UL Throughput = 0.00000 Mbps
39370 ms [UE 13806] UL Throughput = 0.00000 Mbps
39370 ms [UE 25133] UL Throughput = 0.00000 Mbps
39370 ms [UE 36712] UL Throughput = 0.00000 Mbps
39370 ms [UE 57972] UL Throughput = 0.00000 Mbps
39432 ms [UE 33547] UL Throughput = 0.00000 Mbps
39432 ms [UE 18165] UL Throughput = 0.00000 Mbps
39432 ms [UE 21150] UL Throughput = 0.00000 Mbps
39432 ms [UE 15893] UL Throughput = 0.00000 Mbps
39478 ms [UE 1043] UL Throughput = 0.00000 Mbps
39478 ms [UE 13806] UL Throughput = 0.00000 Mbps
39478 ms [UE 25133] UL Throughput = 0.00000 Mbps
39478 ms [UE 36712] UL Throughput = 0.00000 Mbps
39478 ms [UE 57972] UL Throughput = 0.00000 Mbps
39541 ms [UE 33547] UL Throughput = 0.00000 Mbps
39541 ms [UE 18165] UL Throughput = 0.00000 Mbps
39541 ms [UE 21150] UL Throughput = 0.00000 Mbps
39541 ms [UE 15893] UL Throughput = 0.00000 Mbps
39581 ms [UE 1043] UL Throughput = 0.00000 Mbps
39581 ms [UE 13806] UL Throughput = 0.00000 Mbps
39581 ms [UE 25133] UL Throughput = 0.18041 Mbps
39581 ms [UE 36712] UL Throughput = 0.00000 Mbps
39581 ms [UE 57972] UL Throughput = 0.42994 Mbps
39642 ms [UE 33547] UL Throughput = 0.17335 Mbps
39642 ms [UE 18165] UL Throughput = 0.15521 Mbps
39642 ms [UE 21150] UL Throughput = 0.00000 Mbps
39642 ms [UE 15893] UL Throughput = 0.00000 Mbps
39658 ms | now=1755784754916841 us | PDCP ind_msg latency=71464540 us
39688 ms [UE 1043] UL Throughput = 0.00000 Mbps
39688 ms [UE 13806] UL Throughput = 0.00000 Mbps
39688 ms [UE 25133] UL Throughput = 0.00000 Mbps
39688 ms [UE 36712] UL Throughput = 0.00000 Mbps
39688 ms [UE 57972] UL Throughput = 0.00000 Mbps
39751 ms [UE 33547] UL Throughput = 0.00000 Mbps
39751 ms [UE 18165] UL Throughput = 0.00000 Mbps
39751 ms [UE 21150] UL Throughput = 0.00000 Mbps
39751 ms [UE 15893] UL Throughput = 0.00000 Mbps
39791 ms [UE 1043] UL Throughput = 0.15663 Mbps
39791 ms [UE 13806] UL Throughput = 0.00000 Mbps
39791 ms [UE 25133] UL Throughput = 0.00000 Mbps
39791 ms [UE 36712] UL Throughput = 0.00000 Mbps
39791 ms [UE 57972] UL Throughput = 0.00000 Mbps
39852 ms [UE 33547] UL Throughput = 0.00000 Mbps
39852 ms [UE 18165] UL Throughput = 0.00000 Mbps
39852 ms [UE 21150] UL Throughput = 0.00000 Mbps
39852 ms [UE 15893] UL Throughput = 0.00000 Mbps
39898 ms [UE 1043] UL Throughput = 0.70940 Mbps
39898 ms [UE 13806] UL Throughput = 0.00000 Mbps
39898 ms [UE 25133] UL Throughput = 0.00000 Mbps
39898 ms [UE 36712] UL Throughput = 0.61378 Mbps
39898 ms [UE 57972] UL Throughput = 0.00000 Mbps
39961 ms [UE 33547] UL Throughput = 0.00000 Mbps
39961 ms [UE 18165] UL Throughput = 0.00000 Mbps
39961 ms [UE 21150] UL Throughput = 0.00000 Mbps
39961 ms [UE 15893] UL Throughput = 0.16961 Mbps
39998 ms [UE 1043] UL Throughput = 0.00000 Mbps
39998 ms [UE 13806] UL Throughput = 0.00000 Mbps
39998 ms [UE 25133] UL Throughput = 0.00000 Mbps
39998 ms [UE 36712] UL Throughput = 0.00000 Mbps
39998 ms [UE 57972] UL Throughput = 0.00000 Mbps
40071 ms [UE 33547] UL Throughput = 0.00000 Mbps
40071 ms [UE 18165] UL Throughput = 0.00000 Mbps
40071 ms [UE 21150] UL Throughput = 0.00000 Mbps
40071 ms [UE 15893] UL Throughput = 0.00000 Mbps
40099 ms [UE 1043] UL Throughput = 0.00000 Mbps
40099 ms [UE 13806] UL Throughput = 0.00000 Mbps
40099 ms [UE 25133] UL Throughput = 0.00000 Mbps
40099 ms [UE 36712] UL Throughput = 0.00000 Mbps
40099 ms [UE 57972] UL Throughput = 0.00000 Mbps
40171 ms [UE 33547] UL Throughput = 0.04208 Mbps
40171 ms [UE 18165] UL Throughput = 0.00000 Mbps
40171 ms [UE 21150] UL Throughput = 0.00000 Mbps
40171 ms [UE 15893] UL Throughput = 0.00000 Mbps
40208 ms [UE 1043] UL Throughput = 0.00000 Mbps
40208 ms [UE 13806] UL Throughput = 0.59362 Mbps
40208 ms [UE 25133] UL Throughput = 0.00000 Mbps
40208 ms [UE 36712] UL Throughput = 0.00000 Mbps
40208 ms [UE 57972] UL Throughput = 0.40334 Mbps
40281 ms [UE 33547] UL Throughput = 0.00000 Mbps
40281 ms [UE 18165] UL Throughput = 0.11686 Mbps
40281 ms [UE 21150] UL Throughput = 0.28970 Mbps
40281 ms [UE 15893] UL Throughput = 0.00000 Mbps
40308 ms [UE 1043] UL Throughput = 0.00000 Mbps
40308 ms [UE 13806] UL Throughput = 0.00000 Mbps
40308 ms [UE 25133] UL Throughput = 0.00000 Mbps
40308 ms [UE 36712] UL Throughput = 0.00000 Mbps
40308 ms [UE 57972] UL Throughput = 0.00000 Mbps
40382 ms [UE 33547] UL Throughput = 0.00000 Mbps
40382 ms [UE 18165] UL Throughput = 0.00000 Mbps
40382 ms [UE 21150] UL Throughput = 0.00000 Mbps
40382 ms [UE 15893] UL Throughput = 0.00000 Mbps
40408 ms [UE 1043] UL Throughput = 0.00000 Mbps
40408 ms [UE 13806] UL Throughput = 0.00000 Mbps
40408 ms [UE 25133] UL Throughput = 0.03358 Mbps
40408 ms [UE 36712] UL Throughput = 0.00000 Mbps
40408 ms [UE 57972] UL Throughput = 0.00000 Mbps
40491 ms [UE 33547] UL Throughput = 0.03884 Mbps
40491 ms [UE 18165] UL Throughput = 0.00000 Mbps
40491 ms [UE 21150] UL Throughput = 0.00000 Mbps
40491 ms [UE 15893] UL Throughput = 0.00000 Mbps
40518 ms [UE 1043] UL Throughput = 0.00000 Mbps
40518 ms [UE 13806] UL Throughput = 0.00000 Mbps
40518 ms [UE 25133] UL Throughput = 0.13779 Mbps
40518 ms [UE 36712] UL Throughput = 0.53234 Mbps
40518 ms [UE 57972] UL Throughput = 0.00000 Mbps
40601 ms [UE 33547] UL Throughput = 0.17745 Mbps
40601 ms [UE 18165] UL Throughput = 0.00000 Mbps
40601 ms [UE 21150] UL Throughput = 0.00000 Mbps
40601 ms [UE 15893] UL Throughput = 0.00000 Mbps
40618 ms [UE 1043] UL Throughput = 0.00000 Mbps
40618 ms [UE 13806] UL Throughput = 0.00000 Mbps
40618 ms [UE 25133] UL Throughput = 0.00000 Mbps
40618 ms [UE 36712] UL Throughput = 0.00000 Mbps
40618 ms [UE 57972] UL Throughput = 0.00000 Mbps
40701 ms [UE 33547] UL Throughput = 0.00000 Mbps
40701 ms [UE 18165] UL Throughput = 0.00000 Mbps
40701 ms [UE 21150] UL Throughput = 0.00000 Mbps
40701 ms [UE 15893] UL Throughput = 0.00000 Mbps
40714 ms | now=1755784755973166 us | PDCP ind_msg latency=71464873 us
40718 ms [UE 1043] UL Throughput = 0.91853 Mbps
40718 ms [UE 13806] UL Throughput = 0.00000 Mbps
40718 ms [UE 25133] UL Throughput = 0.00000 Mbps
40718 ms [UE 36712] UL Throughput = 0.00000 Mbps
40718 ms [UE 57972] UL Throughput = 0.00000 Mbps
40801 ms [UE 33547] UL Throughput = 0.00000 Mbps
40801 ms [UE 18165] UL Throughput = 0.00000 Mbps
40801 ms [UE 21150] UL Throughput = 0.00000 Mbps
40801 ms [UE 15893] UL Throughput = 0.18410 Mbps
40828 ms [UE 1043] UL Throughput = 0.00000 Mbps
40828 ms [UE 13806] UL Throughput = 0.48520 Mbps
40828 ms [UE 25133] UL Throughput = 0.00000 Mbps
40828 ms [UE 36712] UL Throughput = 0.00000 Mbps
40828 ms [UE 57972] UL Throughput = 0.00000 Mbps
40901 ms [UE 33547] UL Throughput = 0.00000 Mbps
40901 ms [UE 18165] UL Throughput = 0.11263 Mbps
40901 ms [UE 21150] UL Throughput = 0.00000 Mbps
40901 ms [UE 15893] UL Throughput = 0.00000 Mbps
40928 ms [UE 1043] UL Throughput = 0.00000 Mbps
40928 ms [UE 13806] UL Throughput = 0.00000 Mbps
40928 ms [UE 25133] UL Throughput = 0.00000 Mbps
40928 ms [UE 36712] UL Throughput = 0.00000 Mbps
40928 ms [UE 57972] UL Throughput = 0.00000 Mbps
41002 ms [UE 33547] UL Throughput = 0.00000 Mbps
41002 ms [UE 18165] UL Throughput = 0.00000 Mbps
41002 ms [UE 21150] UL Throughput = 0.00000 Mbps
41002 ms [UE 15893] UL Throughput = 0.00000 Mbps
41038 ms [UE 1043] UL Throughput = 0.00000 Mbps
41038 ms [UE 13806] UL Throughput = 0.00000 Mbps
41038 ms [UE 25133] UL Throughput = 0.13718 Mbps
41038 ms [UE 36712] UL Throughput = 0.00000 Mbps
41038 ms [UE 57972] UL Throughput = 0.48814 Mbps
41111 ms [UE 33547] UL Throughput = 0.00000 Mbps
41111 ms [UE 18165] UL Throughput = 0.00000 Mbps
41111 ms [UE 21150] UL Throughput = 0.35177 Mbps
41111 ms [UE 15893] UL Throughput = 0.00000 Mbps
41148 ms [UE 1043] UL Throughput = 0.00000 Mbps
41148 ms [UE 13806] UL Throughput = 0.00000 Mbps
41148 ms [UE 25133] UL Throughput = 0.00000 Mbps
41148 ms [UE 36712] UL Throughput = 0.00000 Mbps
41148 ms [UE 57972] UL Throughput = 0.00000 Mbps
41221 ms [UE 33547] UL Throughput = 0.17741 Mbps
41221 ms [UE 18165] UL Throughput = 0.00000 Mbps
41221 ms [UE 21150] UL Throughput = 0.00000 Mbps
41221 ms [UE 15893] UL Throughput = 0.00000 Mbps
41248 ms [UE 1043] UL Throughput = 0.00000 Mbps
41248 ms [UE 13806] UL Throughput = 0.00000 Mbps
41248 ms [UE 25133] UL Throughput = 0.00000 Mbps
41248 ms [UE 36712] UL Throughput = 0.14284 Mbps
41248 ms [UE 57972] UL Throughput = 0.00000 Mbps
41321 ms [UE 33547] UL Throughput = 0.00000 Mbps
41321 ms [UE 18165] UL Throughput = 0.00000 Mbps
41321 ms [UE 21150] UL Throughput = 0.00000 Mbps
41321 ms [UE 15893] UL Throughput = 0.00000 Mbps
41350 ms [UE 1043] UL Throughput = 0.00000 Mbps
41350 ms [UE 13806] UL Throughput = 0.00000 Mbps
41350 ms [UE 25133] UL Throughput = 0.00000 Mbps
41350 ms [UE 36712] UL Throughput = 0.64694 Mbps
41350 ms [UE 57972] UL Throughput = 0.00000 Mbps
41431 ms [UE 33547] UL Throughput = 0.00000 Mbps
41431 ms [UE 18165] UL Throughput = 0.11680 Mbps
41431 ms [UE 21150] UL Throughput = 0.00000 Mbps
41431 ms [UE 15893] UL Throughput = 0.00000 Mbps
41458 ms [UE 1043] UL Throughput = 0.00000 Mbps
41458 ms [UE 13806] UL Throughput = 0.00000 Mbps
41458 ms [UE 25133] UL Throughput = 0.00000 Mbps
41458 ms [UE 36712] UL Throughput = 0.00000 Mbps
41458 ms [UE 57972] UL Throughput = 0.00000 Mbps
41541 ms [UE 33547] UL Throughput = 0.00000 Mbps
41541 ms [UE 18165] UL Throughput = 0.00000 Mbps
41541 ms [UE 21150] UL Throughput = 0.00000 Mbps
41541 ms [UE 15893] UL Throughput = 0.00000 Mbps
41569 ms [UE 1043] UL Throughput = 0.00000 Mbps
41569 ms [UE 13806] UL Throughput = 0.00000 Mbps
41569 ms [UE 25133] UL Throughput = 0.00000 Mbps
41569 ms [UE 36712] UL Throughput = 0.00000 Mbps
41569 ms [UE 57972] UL Throughput = 0.00000 Mbps
41651 ms [UE 33547] UL Throughput = 0.00000 Mbps
41651 ms [UE 18165] UL Throughput = 0.00000 Mbps
41651 ms [UE 21150] UL Throughput = 0.00000 Mbps
41651 ms [UE 15893] UL Throughput = 0.03079 Mbps
41678 ms [UE 1043] UL Throughput = 0.00000 Mbps
41678 ms [UE 13806] UL Throughput = 0.59268 Mbps
41678 ms [UE 25133] UL Throughput = 0.00000 Mbps
41678 ms [UE 36712] UL Throughput = 0.00000 Mbps
41678 ms [UE 57972] UL Throughput = 0.35603 Mbps
41751 ms [UE 33547] UL Throughput = 0.00000 Mbps
41751 ms [UE 18165] UL Throughput = 0.00000 Mbps
41751 ms [UE 21150] UL Throughput = 0.31562 Mbps
41751 ms [UE 15893] UL Throughput = 0.15022 Mbps
41760 ms | now=1755784757018974 us | PDCP ind_msg latency=71464620 us
41789 ms [UE 1043] UL Throughput = 0.00000 Mbps
41789 ms [UE 13806] UL Throughput = 0.00000 Mbps
41789 ms [UE 25133] UL Throughput = 0.00000 Mbps
41789 ms [UE 36712] UL Throughput = 0.00000 Mbps
41789 ms [UE 57972] UL Throughput = 0.00000 Mbps
41851 ms [UE 33547] UL Throughput = 0.00000 Mbps
41851 ms [UE 18165] UL Throughput = 0.00000 Mbps
41851 ms [UE 21150] UL Throughput = 0.00000 Mbps
41851 ms [UE 15893] UL Throughput = 0.00000 Mbps
41898 ms [UE 1043] UL Throughput = 0.00000 Mbps
41898 ms [UE 13806] UL Throughput = 0.00000 Mbps
41898 ms [UE 25133] UL Throughput = 0.03096 Mbps
41898 ms [UE 36712] UL Throughput = 0.00000 Mbps
41898 ms [UE 57972] UL Throughput = 0.00000 Mbps
41962 ms [UE 33547] UL Throughput = 0.03832 Mbps
41962 ms [UE 18165] UL Throughput = 0.00000 Mbps
41962 ms [UE 21150] UL Throughput = 0.00000 Mbps
41962 ms [UE 15893] UL Throughput = 0.00000 Mbps
42008 ms [UE 1043] UL Throughput = 0.68699 Mbps
42008 ms [UE 13806] UL Throughput = 0.00000 Mbps
42008 ms [UE 25133] UL Throughput = 0.00000 Mbps
42008 ms [UE 36712] UL Throughput = 0.59439 Mbps
42008 ms [UE 57972] UL Throughput = 0.00000 Mbps
42062 ms [UE 33547] UL Throughput = 0.19325 Mbps
42062 ms [UE 18165] UL Throughput = 0.00000 Mbps
42062 ms [UE 21150] UL Throughput = 0.00000 Mbps
42062 ms [UE 15893] UL Throughput = 0.00000 Mbps
42118 ms [UE 1043] UL Throughput = 0.00000 Mbps
42118 ms [UE 13806] UL Throughput = 0.00000 Mbps
42118 ms [UE 25133] UL Throughput = 0.00000 Mbps
42118 ms [UE 36712] UL Throughput = 0.00000 Mbps
42118 ms [UE 57972] UL Throughput = 0.00000 Mbps
42171 ms [UE 33547] UL Throughput = 0.00000 Mbps
42171 ms [UE 18165] UL Throughput = 0.00000 Mbps
42171 ms [UE 21150] UL Throughput = 0.00000 Mbps
42171 ms [UE 15893] UL Throughput = 0.00000 Mbps
42220 ms [UE 1043] UL Throughput = 0.00000 Mbps
42220 ms [UE 13806] UL Throughput = 0.00000 Mbps
42220 ms [UE 25133] UL Throughput = 0.18068 Mbps
42220 ms [UE 36712] UL Throughput = 0.00000 Mbps
42220 ms [UE 57972] UL Throughput = 0.00000 Mbps
42273 ms [UE 33547] UL Throughput = 0.00000 Mbps
42273 ms [UE 18165] UL Throughput = 0.14351 Mbps
42273 ms [UE 21150] UL Throughput = 0.00000 Mbps
42273 ms [UE 15893] UL Throughput = 0.00000 Mbps
42329 ms [UE 1043] UL Throughput = 0.00000 Mbps
42329 ms [UE 13806] UL Throughput = 0.00000 Mbps
42329 ms [UE 25133] UL Throughput = 0.00000 Mbps
42329 ms [UE 36712] UL Throughput = 0.00000 Mbps
42329 ms [UE 57972] UL Throughput = 0.40586 Mbps
42381 ms [UE 33547] UL Throughput = 0.00000 Mbps
42381 ms [UE 18165] UL Throughput = 0.00000 Mbps
42381 ms [UE 21150] UL Throughput = 0.00000 Mbps
42381 ms [UE 15893] UL Throughput = 0.12781 Mbps
42440 ms [UE 1043] UL Throughput = 0.00000 Mbps
42440 ms [UE 13806] UL Throughput = 0.00000 Mbps
42440 ms [UE 25133] UL Throughput = 0.00000 Mbps
42440 ms [UE 36712] UL Throughput = 0.00000 Mbps
42440 ms [UE 57972] UL Throughput = 0.00000 Mbps
42483 ms [UE 33547] UL Throughput = 0.00000 Mbps
42483 ms [UE 18165] UL Throughput = 0.00000 Mbps
42483 ms [UE 21150] UL Throughput = 0.00000 Mbps
42483 ms [UE 15893] UL Throughput = 0.00000 Mbps
42549 ms [UE 1043] UL Throughput = 0.00000 Mbps
42549 ms [UE 13806] UL Throughput = 0.48794 Mbps
42549 ms [UE 25133] UL Throughput = 0.19390 Mbps
42549 ms [UE 36712] UL Throughput = 0.00000 Mbps
42549 ms [UE 57972] UL Throughput = 0.00000 Mbps
42592 ms [UE 33547] UL Throughput = 0.00000 Mbps
42592 ms [UE 18165] UL Throughput = 0.00000 Mbps
42592 ms [UE 21150] UL Throughput = 0.32403 Mbps
42592 ms [UE 15893] UL Throughput = 0.00000 Mbps
42658 ms [UE 1043] UL Throughput = 0.00000 Mbps
42658 ms [UE 13806] UL Throughput = 0.00000 Mbps
42658 ms [UE 25133] UL Throughput = 0.00000 Mbps
42658 ms [UE 36712] UL Throughput = 0.00000 Mbps
42658 ms [UE 57972] UL Throughput = 0.00000 Mbps
42702 ms [UE 33547] UL Throughput = 0.00000 Mbps
42702 ms [UE 18165] UL Throughput = 0.00000 Mbps
42702 ms [UE 21150] UL Throughput = 0.00000 Mbps
42702 ms [UE 15893] UL Throughput = 0.00000 Mbps
42758 ms [UE 1043] UL Throughput = 0.00000 Mbps
42758 ms [UE 13806] UL Throughput = 0.00000 Mbps
42758 ms [UE 25133] UL Throughput = 0.00000 Mbps
42758 ms [UE 36712] UL Throughput = 0.00000 Mbps
42758 ms [UE 57972] UL Throughput = 0.00000 Mbps
42805 ms | now=1755784758064073 us | PDCP ind_msg latency=71464740 us
42812 ms [UE 33547] UL Throughput = 0.00000 Mbps
42812 ms [UE 18165] UL Throughput = 0.00000 Mbps
42812 ms [UE 21150] UL Throughput = 0.00000 Mbps
42812 ms [UE 15893] UL Throughput = 0.00000 Mbps
42858 ms [UE 1043] UL Throughput = 0.00000 Mbps
42858 ms [UE 13806] UL Throughput = 0.00000 Mbps
42858 ms [UE 25133] UL Throughput = 0.03746 Mbps
42858 ms [UE 36712] UL Throughput = 0.65478 Mbps
42858 ms [UE 57972] UL Throughput = 0.00000 Mbps
42912 ms [UE 33547] UL Throughput = 0.00000 Mbps
42912 ms [UE 18165] UL Throughput = 0.00000 Mbps
42912 ms [UE 21150] UL Throughput = 0.00000 Mbps
42912 ms [UE 15893] UL Throughput = 0.00000 Mbps
42968 ms [UE 1043] UL Throughput = 0.00000 Mbps
42968 ms [UE 13806] UL Throughput = 0.00000 Mbps
42968 ms [UE 25133] UL Throughput = 0.13772 Mbps
42968 ms [UE 36712] UL Throughput = 0.00000 Mbps
42968 ms [UE 57972] UL Throughput = 0.00000 Mbps
43021 ms [UE 33547] UL Throughput = 0.00000 Mbps
43021 ms [UE 18165] UL Throughput = 0.00000 Mbps
43021 ms [UE 21150] UL Throughput = 0.00000 Mbps
43021 ms [UE 15893] UL Throughput = 0.00000 Mbps
43079 ms [UE 1043] UL Throughput = 0.00000 Mbps
43079 ms [UE 13806] UL Throughput = 0.00000 Mbps
43079 ms [UE 25133] UL Throughput = 0.00000 Mbps
43079 ms [UE 36712] UL Throughput = 0.00000 Mbps
43079 ms [UE 57972] UL Throughput = 0.00000 Mbps
43131 ms [UE 33547] UL Throughput = 0.00000 Mbps
43131 ms [UE 18165] UL Throughput = 0.00000 Mbps
43131 ms [UE 21150] UL Throughput = 0.00000 Mbps
43131 ms [UE 15893] UL Throughput = 0.03069 Mbps
43188 ms [UE 1043] UL Throughput = 0.76416 Mbps
43188 ms [UE 13806] UL Throughput = 0.00000 Mbps
43188 ms [UE 25133] UL Throughput = 0.00000 Mbps
43188 ms [UE 36712] UL Throughput = 0.00000 Mbps
43188 ms [UE 57972] UL Throughput = 0.36452 Mbps
43231 ms [UE 33547] UL Throughput = 0.00000 Mbps
43231 ms [UE 18165] UL Throughput = 0.00000 Mbps
43231 ms [UE 21150] UL Throughput = 0.28054 Mbps
43231 ms [UE 15893] UL Throughput = 0.15051 Mbps
43298 ms [UE 1043] UL Throughput = 0.00000 Mbps
43298 ms [UE 13806] UL Throughput = 0.00000 Mbps
43298 ms [UE 25133] UL Throughput = 0.00000 Mbps
43298 ms [UE 36712] UL Throughput = 0.00000 Mbps
43298 ms [UE 57972] UL Throughput = 0.00000 Mbps
43342 ms [UE 33547] UL Throughput = 0.00000 Mbps
43342 ms [UE 18165] UL Throughput = 0.00000 Mbps
43342 ms [UE 21150] UL Throughput = 0.00000 Mbps
43342 ms [UE 15893] UL Throughput = 0.00000 Mbps
43398 ms [UE 1043] UL Throughput = 0.00000 Mbps
43398 ms [UE 13806] UL Throughput = 0.00000 Mbps
43398 ms [UE 25133] UL Throughput = 0.00000 Mbps
43398 ms [UE 36712] UL Throughput = 0.00000 Mbps
43398 ms [UE 57972] UL Throughput = 0.00000 Mbps
43451 ms [UE 33547] UL Throughput = 0.03851 Mbps
43451 ms [UE 18165] UL Throughput = 0.00000 Mbps
43451 ms [UE 21150] UL Throughput = 0.00000 Mbps
43451 ms [UE 15893] UL Throughput = 0.00000 Mbps
43508 ms [UE 1043] UL Throughput = 0.00000 Mbps
43508 ms [UE 13806] UL Throughput = 0.54278 Mbps
43508 ms [UE 25133] UL Throughput = 0.00000 Mbps
43508 ms [UE 36712] UL Throughput = 0.00000 Mbps
43508 ms [UE 57972] UL Throughput = 0.00000 Mbps
43551 ms [UE 33547] UL Throughput = 0.17917 Mbps
43551 ms [UE 18165] UL Throughput = 0.12800 Mbps
43551 ms [UE 21150] UL Throughput = 0.00000 Mbps
43551 ms [UE 15893] UL Throughput = 0.00000 Mbps
43619 ms [UE 1043] UL Throughput = 0.00000 Mbps
43619 ms [UE 13806] UL Throughput = 0.00000 Mbps
43619 ms [UE 25133] UL Throughput = 0.00000 Mbps
43619 ms [UE 36712] UL Throughput = 0.00000 Mbps
43619 ms [UE 57972] UL Throughput = 0.00000 Mbps
43652 ms [UE 33547] UL Throughput = 0.00000 Mbps
43652 ms [UE 18165] UL Throughput = 0.00000 Mbps
43652 ms [UE 21150] UL Throughput = 0.00000 Mbps
43652 ms [UE 15893] UL Throughput = 0.00000 Mbps
43719 ms [UE 1043] UL Throughput = 0.00000 Mbps
43719 ms [UE 13806] UL Throughput = 0.00000 Mbps
43719 ms [UE 25133] UL Throughput = 0.00000 Mbps
43719 ms [UE 36712] UL Throughput = 0.00000 Mbps
43719 ms [UE 57972] UL Throughput = 0.00000 Mbps
43761 ms [UE 33547] UL Throughput = 0.00000 Mbps
43761 ms [UE 18165] UL Throughput = 0.00000 Mbps
43761 ms [UE 21150] UL Throughput = 0.00000 Mbps
43761 ms [UE 15893] UL Throughput = 0.00000 Mbps
43830 ms [UE 1043] UL Throughput = 0.00000 Mbps
43830 ms [UE 13806] UL Throughput = 0.00000 Mbps
43830 ms [UE 25133] UL Throughput = 0.17503 Mbps
43830 ms [UE 36712] UL Throughput = 0.00000 Mbps
43830 ms [UE 57972] UL Throughput = 0.39784 Mbps
43845 ms | now=1755784759103891 us | PDCP ind_msg latency=71465413 us
43861 ms [UE 33547] UL Throughput = 0.00000 Mbps
43861 ms [UE 18165] UL Throughput = 0.00000 Mbps
43861 ms [UE 21150] UL Throughput = 0.31691 Mbps
43861 ms [UE 15893] UL Throughput = 0.00000 Mbps
43939 ms [UE 1043] UL Throughput = 0.00000 Mbps
43939 ms [UE 13806] UL Throughput = 0.00000 Mbps
43939 ms [UE 25133] UL Throughput = 0.00000 Mbps
43939 ms [UE 36712] UL Throughput = 0.00000 Mbps
43939 ms [UE 57972] UL Throughput = 0.00000 Mbps
43972 ms [UE 33547] UL Throughput = 0.00000 Mbps
43972 ms [UE 18165] UL Throughput = 0.00000 Mbps
43972 ms [UE 21150] UL Throughput = 0.00000 Mbps
43972 ms [UE 15893] UL Throughput = 0.00000 Mbps
44039 ms [UE 1043] UL Throughput = 0.00000 Mbps
44039 ms [UE 13806] UL Throughput = 0.00000 Mbps
44039 ms [UE 25133] UL Throughput = 0.00000 Mbps
44039 ms [UE 36712] UL Throughput = 0.00000 Mbps
44039 ms [UE 57972] UL Throughput = 0.00000 Mbps
44082 ms [UE 33547] UL Throughput = 0.00000 Mbps
44082 ms [UE 18165] UL Throughput = 0.00000 Mbps
44082 ms [UE 21150] UL Throughput = 0.00000 Mbps
44082 ms [UE 15893] UL Throughput = 0.16921 Mbps
44148 ms [UE 1043] UL Throughput = 0.14855 Mbps
44148 ms [UE 13806] UL Throughput = 0.00000 Mbps
44148 ms [UE 25133] UL Throughput = 0.00000 Mbps
44148 ms [UE 36712] UL Throughput = 0.55655 Mbps
44148 ms [UE 57972] UL Throughput = 0.00000 Mbps
44191 ms [UE 33547] UL Throughput = 0.00000 Mbps
44191 ms [UE 18165] UL Throughput = 0.00000 Mbps
44191 ms [UE 21150] UL Throughput = 0.00000 Mbps
44191 ms [UE 15893] UL Throughput = 0.00000 Mbps
44258 ms [UE 1043] UL Throughput = 0.00000 Mbps
44258 ms [UE 13806] UL Throughput = 0.00000 Mbps
44258 ms [UE 25133] UL Throughput = 0.00000 Mbps
44258 ms [UE 36712] UL Throughput = 0.00000 Mbps
44258 ms [UE 57972] UL Throughput = 0.00000 Mbps
44291 ms [UE 33547] UL Throughput = 0.00000 Mbps
44291 ms [UE 18165] UL Throughput = 0.02786 Mbps
44291 ms [UE 21150] UL Throughput = 0.00000 Mbps
44291 ms [UE 15893] UL Throughput = 0.00000 Mbps
44368 ms [UE 1043] UL Throughput = 0.00000 Mbps
44368 ms [UE 13806] UL Throughput = 0.00000 Mbps
44368 ms [UE 25133] UL Throughput = 0.00000 Mbps
44368 ms [UE 36712] UL Throughput = 0.00000 Mbps
44368 ms [UE 57972] UL Throughput = 0.00000 Mbps
44392 ms [UE 33547] UL Throughput = 0.19332 Mbps
44392 ms [UE 18165] UL Throughput = 0.11195 Mbps
44392 ms [UE 21150] UL Throughput = 0.00000 Mbps
44392 ms [UE 15893] UL Throughput = 0.00000 Mbps
44478 ms [UE 1043] UL Throughput = 0.00000 Mbps
44478 ms [UE 13806] UL Throughput = 0.58967 Mbps
44478 ms [UE 25133] UL Throughput = 0.15852 Mbps
44478 ms [UE 36712] UL Throughput = 0.00000 Mbps
44478 ms [UE 57972] UL Throughput = 0.00000 Mbps
44492 ms [UE 33547] UL Throughput = 0.00000 Mbps
44492 ms [UE 18165] UL Throughput = 0.00000 Mbps
44492 ms [UE 21150] UL Throughput = 0.00000 Mbps
44492 ms [UE 15893] UL Throughput = 0.00000 Mbps
44583 ms [UE 1043] UL Throughput = 0.00000 Mbps
44583 ms [UE 13806] UL Throughput = 0.00000 Mbps
44583 ms [UE 25133] UL Throughput = 0.00000 Mbps
44583 ms [UE 36712] UL Throughput = 0.00000 Mbps
44583 ms [UE 57972] UL Throughput = 0.00000 Mbps
44602 ms [UE 33547] UL Throughput = 0.00000 Mbps
44602 ms [UE 18165] UL Throughput = 0.00000 Mbps
44602 ms [UE 21150] UL Throughput = 0.06188 Mbps
44602 ms [UE 15893] UL Throughput = 0.00000 Mbps
44688 ms [UE 1043] UL Throughput = 0.00000 Mbps
44688 ms [UE 13806] UL Throughput = 0.00000 Mbps
44688 ms [UE 25133] UL Throughput = 0.00000 Mbps
44688 ms [UE 36712] UL Throughput = 0.00000 Mbps
44688 ms [UE 57972] UL Throughput = 0.09228 Mbps
44711 ms [UE 33547] UL Throughput = 0.00000 Mbps
44711 ms [UE 18165] UL Throughput = 0.00000 Mbps
44711 ms [UE 21150] UL Throughput = 0.29006 Mbps
44711 ms [UE 15893] UL Throughput = 0.13805 Mbps
44798 ms [UE 1043] UL Throughput = 0.59677 Mbps
44798 ms [UE 13806] UL Throughput = 0.00000 Mbps
44798 ms [UE 25133] UL Throughput = 0.00000 Mbps
44798 ms [UE 36712] UL Throughput = 0.00000 Mbps
44798 ms [UE 57972] UL Throughput = 0.44622 Mbps
44812 ms [UE 33547] UL Throughput = 0.00000 Mbps
44812 ms [UE 18165] UL Throughput = 0.00000 Mbps
44812 ms [UE 21150] UL Throughput = 0.00000 Mbps
44812 ms [UE 15893] UL Throughput = 0.00000 Mbps
44888 ms | now=1755784760146945 us | PDCP ind_msg latency=71464549 us
44899 ms [UE 1043] UL Throughput = 0.00000 Mbps
44899 ms [UE 13806] UL Throughput = 0.00000 Mbps
44899 ms [UE 25133] UL Throughput = 0.00000 Mbps
44899 ms [UE 36712] UL Throughput = 0.00000 Mbps
44899 ms [UE 57972] UL Throughput = 0.00000 Mbps
44912 ms [UE 33547] UL Throughput = 0.00000 Mbps
44912 ms [UE 18165] UL Throughput = 0.00000 Mbps
44912 ms [UE 21150] UL Throughput = 0.00000 Mbps
44912 ms [UE 15893] UL Throughput = 0.00000 Mbps
45008 ms [UE 1043] UL Throughput = 0.00000 Mbps
45008 ms [UE 13806] UL Throughput = 0.48686 Mbps
45008 ms [UE 25133] UL Throughput = 0.00000 Mbps
45008 ms [UE 36712] UL Throughput = 0.13105 Mbps
45008 ms [UE 57972] UL Throughput = 0.00000 Mbps
45021 ms [UE 33547] UL Throughput = 0.00000 Mbps
45021 ms [UE 18165] UL Throughput = 0.11681 Mbps
45021 ms [UE 21150] UL Throughput = 0.00000 Mbps
45021 ms [UE 15893] UL Throughput = 0.00000 Mbps
45118 ms [UE 1043] UL Throughput = 0.00000 Mbps
45118 ms [UE 13806] UL Throughput = 0.00000 Mbps
45118 ms [UE 25133] UL Throughput = 0.00000 Mbps
45118 ms [UE 36712] UL Throughput = 0.59846 Mbps
45118 ms [UE 57972] UL Throughput = 0.00000 Mbps
45131 ms [UE 33547] UL Throughput = 0.00000 Mbps
45131 ms [UE 18165] UL Throughput = 0.00000 Mbps
45131 ms [UE 21150] UL Throughput = 0.00000 Mbps
45131 ms [UE 15893] UL Throughput = 0.00000 Mbps
45218 ms [UE 1043] UL Throughput = 0.00000 Mbps
45218 ms [UE 13806] UL Throughput = 0.00000 Mbps
45218 ms [UE 25133] UL Throughput = 0.00000 Mbps
45218 ms [UE 36712] UL Throughput = 0.00000 Mbps
45218 ms [UE 57972] UL Throughput = 0.00000 Mbps
45231 ms [UE 33547] UL Throughput = 0.23627 Mbps
45231 ms [UE 18165] UL Throughput = 0.00000 Mbps
45231 ms [UE 21150] UL Throughput = 0.00000 Mbps
45231 ms [UE 15893] UL Throughput = 0.00000 Mbps
45320 ms [UE 1043] UL Throughput = 0.00000 Mbps
45320 ms [UE 13806] UL Throughput = 0.00000 Mbps
45320 ms [UE 25133] UL Throughput = 0.18571 Mbps
45320 ms [UE 36712] UL Throughput = 0.00000 Mbps
45320 ms [UE 57972] UL Throughput = 0.00000 Mbps
45332 ms [UE 33547] UL Throughput = 0.00000 Mbps
45332 ms [UE 18165] UL Throughput = 0.00000 Mbps
45332 ms [UE 21150] UL Throughput = 0.31684 Mbps
45332 ms [UE 15893] UL Throughput = 0.00000 Mbps
45428 ms [UE 1043] UL Throughput = 0.00000 Mbps
45428 ms [UE 13806] UL Throughput = 0.00000 Mbps
45428 ms [UE 25133] UL Throughput = 0.00000 Mbps
45428 ms [UE 36712] UL Throughput = 0.00000 Mbps
45428 ms [UE 57972] UL Throughput = 0.00000 Mbps
45441 ms [UE 33547] UL Throughput = 0.00000 Mbps
45441 ms [UE 18165] UL Throughput = 0.00000 Mbps
45441 ms [UE 21150] UL Throughput = 0.00000 Mbps
45441 ms [UE 15893] UL Throughput = 0.00000 Mbps
45529 ms [UE 1043] UL Throughput = 0.00000 Mbps
45529 ms [UE 13806] UL Throughput = 0.00000 Mbps
45529 ms [UE 25133] UL Throughput = 0.00000 Mbps
45529 ms [UE 36712] UL Throughput = 0.00000 Mbps
45529 ms [UE 57972] UL Throughput = 0.00000 Mbps
45541 ms [UE 33547] UL Throughput = 0.00000 Mbps
45541 ms [UE 18165] UL Throughput = 0.11252 Mbps
45541 ms [UE 21150] UL Throughput = 0.00000 Mbps
45541 ms [UE 15893] UL Throughput = 0.18447 Mbps
45638 ms [UE 1043] UL Throughput = 0.00000 Mbps
45638 ms [UE 13806] UL Throughput = 0.48791 Mbps
45638 ms [UE 25133] UL Throughput = 0.00000 Mbps
45638 ms [UE 36712] UL Throughput = 0.00000 Mbps
45638 ms [UE 57972] UL Throughput = 0.49238 Mbps
45642 ms [UE 33547] UL Throughput = 0.00000 Mbps
45642 ms [UE 18165] UL Throughput = 0.00000 Mbps
45642 ms [UE 21150] UL Throughput = 0.00000 Mbps
45642 ms [UE 15893] UL Throughput = 0.00000 Mbps
45738 ms [UE 1043] UL Throughput = 0.00000 Mbps
45738 ms [UE 13806] UL Throughput = 0.00000 Mbps
45738 ms [UE 25133] UL Throughput = 0.00000 Mbps
45738 ms [UE 36712] UL Throughput = 0.00000 Mbps
45738 ms [UE 57972] UL Throughput = 0.00000 Mbps
45755 ms [UE 33547] UL Throughput = 0.00000 Mbps
45755 ms [UE 18165] UL Throughput = 0.00000 Mbps
45755 ms [UE 21150] UL Throughput = 0.00000 Mbps
45755 ms [UE 15893] UL Throughput = 0.00000 Mbps
45850 ms [UE 1043] UL Throughput = 0.00000 Mbps
45850 ms [UE 13806] UL Throughput = 0.00000 Mbps
45850 ms [UE 25133] UL Throughput = 0.00000 Mbps
45850 ms [UE 36712] UL Throughput = 0.00000 Mbps
45850 ms [UE 57972] UL Throughput = 0.00000 Mbps
45862 ms [UE 33547] UL Throughput = 0.18250 Mbps
45862 ms [UE 18165] UL Throughput = 0.00000 Mbps
45862 ms [UE 21150] UL Throughput = 0.00000 Mbps
45862 ms [UE 15893] UL Throughput = 0.00000 Mbps
45936 ms | now=1755784761194957 us | PDCP ind_msg latency=71464662 us
45958 ms [UE 1043] UL Throughput = 0.70120 Mbps
45958 ms [UE 13806] UL Throughput = 0.00000 Mbps
45958 ms [UE 25133] UL Throughput = 0.00000 Mbps
45958 ms [UE 36712] UL Throughput = 0.73939 Mbps
45958 ms [UE 57972] UL Throughput = 0.00000 Mbps
45972 ms [UE 33547] UL Throughput = 0.00000 Mbps
45972 ms [UE 18165] UL Throughput = 0.00000 Mbps
45972 ms [UE 21150] UL Throughput = 0.00000 Mbps
45972 ms [UE 15893] UL Throughput = 0.00000 Mbps
46058 ms [UE 1043] UL Throughput = 0.00000 Mbps
46058 ms [UE 13806] UL Throughput = 0.00000 Mbps
46058 ms [UE 25133] UL Throughput = 0.00000 Mbps
46058 ms [UE 36712] UL Throughput = 0.00000 Mbps
46058 ms [UE 57972] UL Throughput = 0.00000 Mbps
46081 ms [UE 33547] UL Throughput = 0.00000 Mbps
46081 ms [UE 18165] UL Throughput = 0.00000 Mbps
46081 ms [UE 21150] UL Throughput = 0.35170 Mbps
46081 ms [UE 15893] UL Throughput = 0.00000 Mbps
46170 ms [UE 1043] UL Throughput = 0.00000 Mbps
46170 ms [UE 13806] UL Throughput = 0.00000 Mbps
46170 ms [UE 25133] UL Throughput = 0.03352 Mbps
46170 ms [UE 36712] UL Throughput = 0.00000 Mbps
46170 ms [UE 57972] UL Throughput = 0.00000 Mbps
46182 ms [UE 33547] UL Throughput = 0.00000 Mbps
46182 ms [UE 18165] UL Throughput = 0.00000 Mbps
46182 ms [UE 21150] UL Throughput = 0.00000 Mbps
46182 ms [UE 15893] UL Throughput = 0.15030 Mbps
46279 ms [UE 1043] UL Throughput = 0.00000 Mbps
46279 ms [UE 13806] UL Throughput = 0.00000 Mbps
46279 ms [UE 25133] UL Throughput = 0.15933 Mbps
46279 ms [UE 36712] UL Throughput = 0.00000 Mbps
46279 ms [UE 57972] UL Throughput = 0.40270 Mbps
46282 ms [UE 33547] UL Throughput = 0.00000 Mbps
46282 ms [UE 18165] UL Throughput = 0.00000 Mbps
46282 ms [UE 21150] UL Throughput = 0.00000 Mbps
46282 ms [UE 15893] UL Throughput = 0.00000 Mbps
46382 ms [UE 33547] UL Throughput = 0.00000 Mbps
46382 ms [UE 18165] UL Throughput = 0.15494 Mbps
46382 ms [UE 21150] UL Throughput = 0.00000 Mbps
46382 ms [UE 15893] UL Throughput = 0.00000 Mbps
46388 ms [UE 1043] UL Throughput = 0.00000 Mbps
46388 ms [UE 13806] UL Throughput = 0.00000 Mbps
46388 ms [UE 25133] UL Throughput = 0.00000 Mbps
46388 ms [UE 36712] UL Throughput = 0.00000 Mbps
46388 ms [UE 57972] UL Throughput = 0.00000 Mbps
46492 ms [UE 33547] UL Throughput = 0.00000 Mbps
46492 ms [UE 18165] UL Throughput = 0.00000 Mbps
46492 ms [UE 21150] UL Throughput = 0.00000 Mbps
46492 ms [UE 15893] UL Throughput = 0.00000 Mbps
46498 ms [UE 1043] UL Throughput = 0.00000 Mbps
46498 ms [UE 13806] UL Throughput = 0.10548 Mbps
46498 ms [UE 25133] UL Throughput = 0.00000 Mbps
46498 ms [UE 36712] UL Throughput = 0.00000 Mbps
46498 ms [UE 57972] UL Throughput = 0.00000 Mbps
46592 ms [UE 33547] UL Throughput = 0.00000 Mbps
46592 ms [UE 18165] UL Throughput = 0.00000 Mbps
46592 ms [UE 21150] UL Throughput = 0.00000 Mbps
46592 ms [UE 15893] UL Throughput = 0.00000 Mbps
46598 ms [UE 1043] UL Throughput = 0.00000 Mbps
46598 ms [UE 13806] UL Throughput = 0.47048 Mbps
46598 ms [UE 25133] UL Throughput = 0.00000 Mbps
46598 ms [UE 36712] UL Throughput = 0.00000 Mbps
46598 ms [UE 57972] UL Throughput = 0.00000 Mbps
46702 ms [UE 33547] UL Throughput = 0.21486 Mbps
46702 ms [UE 18165] UL Throughput = 0.00000 Mbps
46702 ms [UE 21150] UL Throughput = 0.25549 Mbps
46702 ms [UE 15893] UL Throughput = 0.00000 Mbps
46706 ms [UE 1043] UL Throughput = 0.00000 Mbps
46706 ms [UE 13806] UL Throughput = 0.00000 Mbps
46706 ms [UE 25133] UL Throughput = 0.00000 Mbps
46706 ms [UE 36712] UL Throughput = 0.00000 Mbps
46706 ms [UE 57972] UL Throughput = 0.00000 Mbps
46808 ms [UE 1043] UL Throughput = 0.90372 Mbps
46808 ms [UE 13806] UL Throughput = 0.00000 Mbps
46808 ms [UE 25133] UL Throughput = 0.00000 Mbps
46808 ms [UE 36712] UL Throughput = 0.00000 Mbps
46808 ms [UE 57972] UL Throughput = 0.00000 Mbps
46811 ms [UE 33547] UL Throughput = 0.00000 Mbps
46811 ms [UE 18165] UL Throughput = 0.00000 Mbps
46811 ms [UE 21150] UL Throughput = 0.00000 Mbps
46811 ms [UE 15893] UL Throughput = 0.00000 Mbps
46911 ms [UE 33547] UL Throughput = 0.00000 Mbps
46911 ms [UE 18165] UL Throughput = 0.00000 Mbps
46911 ms [UE 21150] UL Throughput = 0.00000 Mbps
46911 ms [UE 15893] UL Throughput = 0.03366 Mbps
46918 ms [UE 1043] UL Throughput = 0.00000 Mbps
46918 ms [UE 13806] UL Throughput = 0.00000 Mbps
46918 ms [UE 25133] UL Throughput = 0.15771 Mbps
46918 ms [UE 36712] UL Throughput = 0.00000 Mbps
46918 ms [UE 57972] UL Throughput = 0.00000 Mbps
46980 ms | now=1755784762238710 us | PDCP ind_msg latency=71464415 us
47012 ms [UE 33547] UL Throughput = 0.00000 Mbps
47012 ms [UE 18165] UL Throughput = 0.11743 Mbps
47012 ms [UE 21150] UL Throughput = 0.00000 Mbps
47012 ms [UE 15893] UL Throughput = 0.13784 Mbps
47028 ms [UE 1043] UL Throughput = 0.00000 Mbps
47028 ms [UE 13806] UL Throughput = 0.00000 Mbps
47028 ms [UE 25133] UL Throughput = 0.00000 Mbps
47028 ms [UE 36712] UL Throughput = 0.00000 Mbps
47028 ms [UE 57972] UL Throughput = 0.00000 Mbps
47121 ms [UE 33547] UL Throughput = 0.00000 Mbps
47121 ms [UE 18165] UL Throughput = 0.00000 Mbps
47121 ms [UE 21150] UL Throughput = 0.00000 Mbps
47121 ms [UE 15893] UL Throughput = 0.00000 Mbps
47128 ms [UE 1043] UL Throughput = 0.00000 Mbps
47128 ms [UE 13806] UL Throughput = 0.00000 Mbps
47128 ms [UE 25133] UL Throughput = 0.00000 Mbps
47128 ms [UE 36712] UL Throughput = 0.65473 Mbps
47128 ms [UE 57972] UL Throughput = 0.53692 Mbps
47222 ms [UE 33547] UL Throughput = 0.00000 Mbps
47222 ms [UE 18165] UL Throughput = 0.00000 Mbps
47222 ms [UE 21150] UL Throughput = 0.00000 Mbps
47222 ms [UE 15893] UL Throughput = 0.00000 Mbps
47228 ms [UE 1043] UL Throughput = 0.00000 Mbps
47228 ms [UE 13806] UL Throughput = 0.00000 Mbps
47228 ms [UE 25133] UL Throughput = 0.00000 Mbps
47228 ms [UE 36712] UL Throughput = 0.00000 Mbps
47228 ms [UE 57972] UL Throughput = 0.00000 Mbps
47322 ms [UE 33547] UL Throughput = 0.00000 Mbps
47322 ms [UE 18165] UL Throughput = 0.00000 Mbps
47322 ms [UE 21150] UL Throughput = 0.28575 Mbps
47322 ms [UE 15893] UL Throughput = 0.00000 Mbps
47338 ms [UE 1043] UL Throughput = 0.00000 Mbps
47338 ms [UE 13806] UL Throughput = 0.00000 Mbps
47338 ms [UE 25133] UL Throughput = 0.00000 Mbps
47338 ms [UE 36712] UL Throughput = 0.00000 Mbps
47338 ms [UE 57972] UL Throughput = 0.00000 Mbps
47432 ms [UE 33547] UL Throughput = 0.00000 Mbps
47432 ms [UE 18165] UL Throughput = 0.00000 Mbps
47432 ms [UE 21150] UL Throughput = 0.00000 Mbps
47432 ms [UE 15893] UL Throughput = 0.00000 Mbps
47449 ms [UE 1043] UL Throughput = 0.68541 Mbps
47449 ms [UE 13806] UL Throughput = 0.58615 Mbps
47449 ms [UE 25133] UL Throughput = 0.00000 Mbps
47449 ms [UE 36712] UL Throughput = 0.00000 Mbps
47449 ms [UE 57972] UL Throughput = 0.00000 Mbps
47541 ms [UE 33547] UL Throughput = 0.00000 Mbps
47541 ms [UE 18165] UL Throughput = 0.00000 Mbps
47541 ms [UE 21150] UL Throughput = 0.00000 Mbps
47541 ms [UE 15893] UL Throughput = 0.00000 Mbps
47558 ms [UE 1043] UL Throughput = 0.00000 Mbps
47558 ms [UE 13806] UL Throughput = 0.00000 Mbps
47558 ms [UE 25133] UL Throughput = 0.00000 Mbps
47558 ms [UE 36712] UL Throughput = 0.00000 Mbps
47558 ms [UE 57972] UL Throughput = 0.00000 Mbps
47641 ms [UE 33547] UL Throughput = 0.00000 Mbps
47641 ms [UE 18165] UL Throughput = 0.00000 Mbps
47641 ms [UE 21150] UL Throughput = 0.00000 Mbps
47641 ms [UE 15893] UL Throughput = 0.15067 Mbps
47658 ms [UE 1043] UL Throughput = 0.00000 Mbps
47658 ms [UE 13806] UL Throughput = 0.00000 Mbps
47658 ms [UE 25133] UL Throughput = 0.00000 Mbps
47658 ms [UE 36712] UL Throughput = 0.00000 Mbps
47658 ms [UE 57972] UL Throughput = 0.00000 Mbps
47741 ms [UE 33547] UL Throughput = 0.00000 Mbps
47741 ms [UE 18165] UL Throughput = 0.00000 Mbps
47741 ms [UE 21150] UL Throughput = 0.00000 Mbps
47741 ms [UE 15893] UL Throughput = 0.00000 Mbps
47768 ms [UE 1043] UL Throughput = 0.00000 Mbps
47768 ms [UE 13806] UL Throughput = 0.00000 Mbps
47768 ms [UE 25133] UL Throughput = 0.19281 Mbps
47768 ms [UE 36712] UL Throughput = 0.00000 Mbps
47768 ms [UE 57972] UL Throughput = 0.35452 Mbps
47841 ms [UE 33547] UL Throughput = 0.00000 Mbps
47841 ms [UE 18165] UL Throughput = 0.12791 Mbps
47841 ms [UE 21150] UL Throughput = 0.00000 Mbps
47841 ms [UE 15893] UL Throughput = 0.00000 Mbps
47869 ms [UE 1043] UL Throughput = 0.00000 Mbps
47869 ms [UE 13806] UL Throughput = 0.00000 Mbps
47869 ms [UE 25133] UL Throughput = 0.00000 Mbps
47869 ms [UE 36712] UL Throughput = 0.00000 Mbps
47869 ms [UE 57972] UL Throughput = 0.00000 Mbps
47951 ms [UE 33547] UL Throughput = 0.00000 Mbps
47951 ms [UE 18165] UL Throughput = 0.00000 Mbps
47951 ms [UE 21150] UL Throughput = 0.00000 Mbps
47951 ms [UE 15893] UL Throughput = 0.00000 Mbps
47979 ms [UE 1043] UL Throughput = 0.00000 Mbps
47979 ms [UE 13806] UL Throughput = 0.00000 Mbps
47979 ms [UE 25133] UL Throughput = 0.00000 Mbps
47979 ms [UE 36712] UL Throughput = 0.13024 Mbps
47979 ms [UE 57972] UL Throughput = 0.00000 Mbps
48031 ms | now=1755784763290558 us | PDCP ind_msg latency=71465238 us
48062 ms [UE 33547] UL Throughput = 0.00000 Mbps
48062 ms [UE 18165] UL Throughput = 0.00000 Mbps
48062 ms [UE 21150] UL Throughput = 0.00000 Mbps
48062 ms [UE 15893] UL Throughput = 0.00000 Mbps
48088 ms [UE 1043] UL Throughput = 0.00000 Mbps
48088 ms [UE 13806] UL Throughput = 0.44020 Mbps
48088 ms [UE 25133] UL Throughput = 0.00000 Mbps
48088 ms [UE 36712] UL Throughput = 0.55250 Mbps
48088 ms [UE 57972] UL Throughput = 0.00000 Mbps
48162 ms [UE 33547] UL Throughput = 0.22149 Mbps
48162 ms [UE 18165] UL Throughput = 0.00000 Mbps
48162 ms [UE 21150] UL Throughput = 0.31748 Mbps
48162 ms [UE 15893] UL Throughput = 0.00000 Mbps
48199 ms [UE 1043] UL Throughput = 0.00000 Mbps
48199 ms [UE 13806] UL Throughput = 0.00000 Mbps
48199 ms [UE 25133] UL Throughput = 0.00000 Mbps
48199 ms [UE 36712] UL Throughput = 0.00000 Mbps
48199 ms [UE 57972] UL Throughput = 0.00000 Mbps
48272 ms [UE 33547] UL Throughput = 0.00000 Mbps
48272 ms [UE 18165] UL Throughput = 0.00000 Mbps
48272 ms [UE 21150] UL Throughput = 0.00000 Mbps
48272 ms [UE 15893] UL Throughput = 0.00000 Mbps
48310 ms [UE 1043] UL Throughput = 0.00000 Mbps
48310 ms [UE 13806] UL Throughput = 0.00000 Mbps
48310 ms [UE 25133] UL Throughput = 0.00000 Mbps
48310 ms [UE 36712] UL Throughput = 0.00000 Mbps
48310 ms [UE 57972] UL Throughput = 0.00000 Mbps
48381 ms [UE 33547] UL Throughput = 0.00000 Mbps
48381 ms [UE 18165] UL Throughput = 0.02554 Mbps
48381 ms [UE 21150] UL Throughput = 0.00000 Mbps
48381 ms [UE 15893] UL Throughput = 0.00000 Mbps
48418 ms [UE 1043] UL Throughput = 0.15019 Mbps
48418 ms [UE 13806] UL Throughput = 0.00000 Mbps
48418 ms [UE 25133] UL Throughput = 0.00000 Mbps
48418 ms [UE 36712] UL Throughput = 0.00000 Mbps
48418 ms [UE 57972] UL Throughput = 0.00000 Mbps
48481 ms [UE 33547] UL Throughput = 0.00000 Mbps
48481 ms [UE 18165] UL Throughput = 0.00000 Mbps
48481 ms [UE 21150] UL Throughput = 0.00000 Mbps
48481 ms [UE 15893] UL Throughput = 0.15063 Mbps
48519 ms [UE 1043] UL Throughput = 0.00000 Mbps
48519 ms [UE 13806] UL Throughput = 0.00000 Mbps
48519 ms [UE 25133] UL Throughput = 0.00000 Mbps
48519 ms [UE 36712] UL Throughput = 0.00000 Mbps
48519 ms [UE 57972] UL Throughput = 0.00000 Mbps
48592 ms [UE 33547] UL Throughput = 0.00000 Mbps
48592 ms [UE 18165] UL Throughput = 0.00000 Mbps
48592 ms [UE 21150] UL Throughput = 0.00000 Mbps
48592 ms [UE 15893] UL Throughput = 0.00000 Mbps
48628 ms [UE 1043] UL Throughput = 0.00000 Mbps
48628 ms [UE 13806] UL Throughput = 0.00000 Mbps
48628 ms [UE 25133] UL Throughput = 0.03871 Mbps
48628 ms [UE 36712] UL Throughput = 0.00000 Mbps
48628 ms [UE 57972] UL Throughput = 0.00000 Mbps
48701 ms [UE 33547] UL Throughput = 0.00000 Mbps
48701 ms [UE 18165] UL Throughput = 0.02564 Mbps
48701 ms [UE 21150] UL Throughput = 0.00000 Mbps
48701 ms [UE 15893] UL Throughput = 0.00000 Mbps
48738 ms [UE 1043] UL Throughput = 0.00000 Mbps
48738 ms [UE 13806] UL Throughput = 0.00000 Mbps
48738 ms [UE 25133] UL Throughput = 0.33952 Mbps
48738 ms [UE 36712] UL Throughput = 0.00000 Mbps
48738 ms [UE 57972] UL Throughput = 0.00000 Mbps
48811 ms [UE 33547] UL Throughput = 0.00000 Mbps
48811 ms [UE 18165] UL Throughput = 0.11640 Mbps
48811 ms [UE 21150] UL Throughput = 0.28857 Mbps
48811 ms [UE 15893] UL Throughput = 0.00000 Mbps
48848 ms [UE 1043] UL Throughput = 0.00000 Mbps
48848 ms [UE 13806] UL Throughput = 0.00000 Mbps
48848 ms [UE 25133] UL Throughput = 0.00000 Mbps
48848 ms [UE 36712] UL Throughput = 0.00000 Mbps
48848 ms [UE 57972] UL Throughput = 0.00000 Mbps
48912 ms [UE 33547] UL Throughput = 0.00000 Mbps
48912 ms [UE 18165] UL Throughput = 0.00000 Mbps
48912 ms [UE 21150] UL Throughput = 0.00000 Mbps
48912 ms [UE 15893] UL Throughput = 0.00000 Mbps
48948 ms [UE 1043] UL Throughput = 0.00000 Mbps
48948 ms [UE 13806] UL Throughput = 0.00000 Mbps
48948 ms [UE 25133] UL Throughput = 0.00000 Mbps
48948 ms [UE 36712] UL Throughput = 0.00000 Mbps
48948 ms [UE 57972] UL Throughput = 0.00000 Mbps
49021 ms [UE 33547] UL Throughput = 0.03863 Mbps
49021 ms [UE 18165] UL Throughput = 0.00000 Mbps
49021 ms [UE 21150] UL Throughput = 0.00000 Mbps
49021 ms [UE 15893] UL Throughput = 0.13822 Mbps
49050 ms [UE 1043] UL Throughput = 0.66494 Mbps
49050 ms [UE 13806] UL Throughput = 0.46352 Mbps
49050 ms [UE 25133] UL Throughput = 0.00000 Mbps
49050 ms [UE 36712] UL Throughput = 0.14113 Mbps
49050 ms [UE 57972] UL Throughput = 0.00000 Mbps
49074 ms | now=1755784764333365 us | PDCP ind_msg latency=71465027 us
49131 ms [UE 33547] UL Throughput = 0.15867 Mbps
49131 ms [UE 18165] UL Throughput = 0.00000 Mbps
49131 ms [UE 21150] UL Throughput = 0.00000 Mbps
49131 ms [UE 15893] UL Throughput = 0.00000 Mbps
49158 ms [UE 1043] UL Throughput = 0.00000 Mbps
49158 ms [UE 13806] UL Throughput = 0.00000 Mbps
49158 ms [UE 25133] UL Throughput = 0.00000 Mbps
49158 ms [UE 36712] UL Throughput = 0.00000 Mbps
49158 ms [UE 57972] UL Throughput = 0.00000 Mbps
49232 ms [UE 33547] UL Throughput = 0.00000 Mbps
49232 ms [UE 18165] UL Throughput = 0.00000 Mbps
49232 ms [UE 21150] UL Throughput = 0.00000 Mbps
49232 ms [UE 15893] UL Throughput = 0.00000 Mbps
49259 ms [UE 1043] UL Throughput = 0.00000 Mbps
49259 ms [UE 13806] UL Throughput = 0.00000 Mbps
49259 ms [UE 25133] UL Throughput = 0.00000 Mbps
49259 ms [UE 36712] UL Throughput = 0.00000 Mbps
49259 ms [UE 57972] UL Throughput = 0.00000 Mbps
49343 ms [UE 33547] UL Throughput = 0.00000 Mbps
49343 ms [UE 18165] UL Throughput = 0.00000 Mbps
49343 ms [UE 21150] UL Throughput = 0.00000 Mbps
49343 ms [UE 15893] UL Throughput = 0.00000 Mbps
49374 ms [UE 1043] UL Throughput = 0.00000 Mbps
49374 ms [UE 13806] UL Throughput = 0.00000 Mbps
49374 ms [UE 25133] UL Throughput = 0.00000 Mbps
49374 ms [UE 36712] UL Throughput = 0.57196 Mbps
49374 ms [UE 57972] UL Throughput = 0.00000 Mbps
49452 ms [UE 33547] UL Throughput = 0.00000 Mbps
49452 ms [UE 18165] UL Throughput = 0.00000 Mbps
49452 ms [UE 21150] UL Throughput = 0.29074 Mbps
49452 ms [UE 15893] UL Throughput = 0.00000 Mbps
49478 ms [UE 1043] UL Throughput = 0.00000 Mbps
49478 ms [UE 13806] UL Throughput = 0.00000 Mbps
49478 ms [UE 25133] UL Throughput = 0.00000 Mbps
49478 ms [UE 36712] UL Throughput = 0.00000 Mbps
49478 ms [UE 57972] UL Throughput = 0.00000 Mbps
49552 ms [UE 33547] UL Throughput = 0.00000 Mbps
49552 ms [UE 18165] UL Throughput = 0.00000 Mbps
49552 ms [UE 21150] UL Throughput = 0.00000 Mbps
49552 ms [UE 15893] UL Throughput = 0.00000 Mbps
49578 ms [UE 1043] UL Throughput = 0.00000 Mbps
49578 ms [UE 13806] UL Throughput = 0.00000 Mbps
49578 ms [UE 25133] UL Throughput = 0.23602 Mbps
49578 ms [UE 36712] UL Throughput = 0.00000 Mbps
49578 ms [UE 57972] UL Throughput = 0.00000 Mbps
49661 ms [UE 33547] UL Throughput = 0.00000 Mbps
49661 ms [UE 18165] UL Throughput = 0.14284 Mbps
49661 ms [UE 21150] UL Throughput = 0.00000 Mbps
49661 ms [UE 15893] UL Throughput = 0.13837 Mbps
49688 ms [UE 1043] UL Throughput = 0.00000 Mbps
49688 ms [UE 13806] UL Throughput = 0.48425 Mbps
49688 ms [UE 25133] UL Throughput = 0.00000 Mbps
49688 ms [UE 36712] UL Throughput = 0.00000 Mbps
49688 ms [UE 57972] UL Throughput = 0.00000 Mbps
49772 ms [UE 33547] UL Throughput = 0.00000 Mbps
49772 ms [UE 18165] UL Throughput = 0.00000 Mbps
49772 ms [UE 21150] UL Throughput = 0.00000 Mbps
49772 ms [UE 15893] UL Throughput = 0.00000 Mbps
49788 ms [UE 1043] UL Throughput = 0.00000 Mbps
49788 ms [UE 13806] UL Throughput = 0.00000 Mbps
49788 ms [UE 25133] UL Throughput = 0.00000 Mbps
49788 ms [UE 36712] UL Throughput = 0.00000 Mbps
49788 ms [UE 57972] UL Throughput = 0.00000 Mbps
49872 ms [UE 33547] UL Throughput = 0.04216 Mbps
49872 ms [UE 18165] UL Throughput = 0.00000 Mbps
49872 ms [UE 21150] UL Throughput = 0.00000 Mbps
49872 ms [UE 15893] UL Throughput = 0.00000 Mbps
49891 ms [UE 1043] UL Throughput = 0.00000 Mbps
49891 ms [UE 13806] UL Throughput = 0.00000 Mbps
49891 ms [UE 25133] UL Throughput = 0.00000 Mbps
49891 ms [UE 36712] UL Throughput = 0.13956 Mbps
49891 ms [UE 57972] UL Throughput = 0.00000 Mbps
49981 ms [UE 33547] UL Throughput = 0.17817 Mbps
49981 ms [UE 18165] UL Throughput = 0.00000 Mbps
49981 ms [UE 21150] UL Throughput = 0.00000 Mbps
49981 ms [UE 15893] UL Throughput = 0.00000 Mbps
49998 ms [UE 1043] UL Throughput = 0.71133 Mbps
49998 ms [UE 13806] UL Throughput = 0.00000 Mbps
49998 ms [UE 25133] UL Throughput = 0.00000 Mbps
49998 ms [UE 36712] UL Throughput = 0.00000 Mbps
49998 ms [UE 57972] UL Throughput = 0.37481 Mbps
50082 ms [UE 33547] UL Throughput = 0.00000 Mbps
50082 ms [UE 18165] UL Throughput = 0.00000 Mbps
50082 ms [UE 21150] UL Throughput = 0.00000 Mbps
50082 ms [UE 15893] UL Throughput = 0.00000 Mbps
50098 ms [UE 1043] UL Throughput = 0.00000 Mbps
50098 ms [UE 13806] UL Throughput = 0.00000 Mbps
50098 ms [UE 25133] UL Throughput = 0.00000 Mbps
50098 ms [UE 36712] UL Throughput = 0.00000 Mbps
50098 ms [UE 57972] UL Throughput = 0.00000 Mbps
50123 ms | now=1755784765382112 us | PDCP ind_msg latency=71465731 us
50191 ms [UE 33547] UL Throughput = 0.00000 Mbps
50191 ms [UE 18165] UL Throughput = 0.10308 Mbps
50191 ms [UE 21150] UL Throughput = 0.35239 Mbps
50191 ms [UE 15893] UL Throughput = 0.00000 Mbps
50209 ms [UE 1043] UL Throughput = 0.00000 Mbps
50209 ms [UE 13806] UL Throughput = 0.00000 Mbps
50209 ms [UE 25133] UL Throughput = 0.00000 Mbps
50209 ms [UE 36712] UL Throughput = 0.72311 Mbps
50209 ms [UE 57972] UL Throughput = 0.00000 Mbps
50291 ms [UE 33547] UL Throughput = 0.00000 Mbps
50291 ms [UE 18165] UL Throughput = 0.00000 Mbps
50291 ms [UE 21150] UL Throughput = 0.00000 Mbps
50291 ms [UE 15893] UL Throughput = 0.00000 Mbps
50318 ms [UE 1043] UL Throughput = 0.00000 Mbps
50318 ms [UE 13806] UL Throughput = 0.00000 Mbps
50318 ms [UE 25133] UL Throughput = 0.15975 Mbps
50318 ms [UE 36712] UL Throughput = 0.00000 Mbps
50318 ms [UE 57972] UL Throughput = 0.00000 Mbps
50391 ms [UE 33547] UL Throughput = 0.00000 Mbps
50391 ms [UE 18165] UL Throughput = 0.00000 Mbps
50391 ms [UE 21150] UL Throughput = 0.00000 Mbps
50391 ms [UE 15893] UL Throughput = 0.00000 Mbps
50418 ms [UE 1043] UL Throughput = 0.00000 Mbps
50418 ms [UE 13806] UL Throughput = 0.00000 Mbps
50418 ms [UE 25133] UL Throughput = 0.00000 Mbps
50418 ms [UE 36712] UL Throughput = 0.00000 Mbps
50418 ms [UE 57972] UL Throughput = 0.00000 Mbps
50501 ms [UE 33547] UL Throughput = 0.17748 Mbps
50501 ms [UE 18165] UL Throughput = 0.00000 Mbps
50501 ms [UE 21150] UL Throughput = 0.00000 Mbps
50501 ms [UE 15893] UL Throughput = 0.16851 Mbps
50529 ms [UE 1043] UL Throughput = 0.00000 Mbps
50529 ms [UE 13806] UL Throughput = 0.58780 Mbps
50529 ms [UE 25133] UL Throughput = 0.00000 Mbps
50529 ms [UE 36712] UL Throughput = 0.00000 Mbps
50529 ms [UE 57972] UL Throughput = 0.00000 Mbps
50612 ms [UE 33547] UL Throughput = 0.00000 Mbps
50612 ms [UE 18165] UL Throughput = 0.00000 Mbps
50612 ms [UE 21150] UL Throughput = 0.00000 Mbps
50612 ms [UE 15893] UL Throughput = 0.00000 Mbps
50638 ms [UE 1043] UL Throughput = 0.00000 Mbps
50638 ms [UE 13806] UL Throughput = 0.00000 Mbps
50638 ms [UE 25133] UL Throughput = 0.00000 Mbps
50638 ms [UE 36712] UL Throughput = 0.00000 Mbps
50638 ms [UE 57972] UL Throughput = 0.40095 Mbps
50723 ms [UE 33547] UL Throughput = 0.00000 Mbps
50723 ms [UE 18165] UL Throughput = 0.00000 Mbps
50723 ms [UE 21150] UL Throughput = 0.00000 Mbps
50723 ms [UE 15893] UL Throughput = 0.00000 Mbps
50749 ms [UE 1043] UL Throughput = 0.14644 Mbps
50749 ms [UE 13806] UL Throughput = 0.00000 Mbps
50749 ms [UE 25133] UL Throughput = 0.00000 Mbps
50749 ms [UE 36712] UL Throughput = 0.00000 Mbps
50749 ms [UE 57972] UL Throughput = 0.00000 Mbps
50832 ms [UE 33547] UL Throughput = 0.00000 Mbps
50832 ms [UE 18165] UL Throughput = 0.00000 Mbps
50832 ms [UE 21150] UL Throughput = 0.29115 Mbps
50832 ms [UE 15893] UL Throughput = 0.00000 Mbps
50859 ms [UE 1043] UL Throughput = 0.68929 Mbps
50859 ms [UE 13806] UL Throughput = 0.00000 Mbps
50859 ms [UE 25133] UL Throughput = 0.00000 Mbps
50859 ms [UE 36712] UL Throughput = 0.00000 Mbps
50859 ms [UE 57972] UL Throughput = 0.00000 Mbps
50941 ms [UE 33547] UL Throughput = 0.00000 Mbps
50941 ms [UE 18165] UL Throughput = 0.00000 Mbps
50941 ms [UE 21150] UL Throughput = 0.00000 Mbps
50941 ms [UE 15893] UL Throughput = 0.00000 Mbps
50968 ms [UE 1043] UL Throughput = 0.00000 Mbps
50968 ms [UE 13806] UL Throughput = 0.00000 Mbps
50968 ms [UE 25133] UL Throughput = 0.00000 Mbps
50968 ms [UE 36712] UL Throughput = 0.00000 Mbps
50968 ms [UE 57972] UL Throughput = 0.00000 Mbps
51041 ms [UE 33547] UL Throughput = 0.00000 Mbps
51041 ms [UE 18165] UL Throughput = 0.15586 Mbps
51041 ms [UE 21150] UL Throughput = 0.00000 Mbps
51041 ms [UE 15893] UL Throughput = 0.00000 Mbps
51068 ms [UE 1043] UL Throughput = 0.00000 Mbps
51068 ms [UE 13806] UL Throughput = 0.00000 Mbps
51068 ms [UE 25133] UL Throughput = 0.23625 Mbps
51068 ms [UE 36712] UL Throughput = 0.00000 Mbps
51068 ms [UE 57972] UL Throughput = 0.00000 Mbps
51151 ms [UE 33547] UL Throughput = 0.00000 Mbps
51151 ms [UE 18165] UL Throughput = 0.00000 Mbps
51151 ms [UE 21150] UL Throughput = 0.00000 Mbps
51151 ms [UE 15893] UL Throughput = 0.13749 Mbps
51169 ms | now=1755784766428353 us | PDCP ind_msg latency=71464957 us
51178 ms [UE 1043] UL Throughput = 0.00000 Mbps
51178 ms [UE 13806] UL Throughput = 0.48385 Mbps
51178 ms [UE 25133] UL Throughput = 0.00000 Mbps
51178 ms [UE 36712] UL Throughput = 0.00000 Mbps
51178 ms [UE 57972] UL Throughput = 0.00000 Mbps
51252 ms [UE 33547] UL Throughput = 0.00000 Mbps
51252 ms [UE 18165] UL Throughput = 0.00000 Mbps
51252 ms [UE 21150] UL Throughput = 0.00000 Mbps
51252 ms [UE 15893] UL Throughput = 0.00000 Mbps
51279 ms [UE 1043] UL Throughput = 0.00000 Mbps
51279 ms [UE 13806] UL Throughput = 0.00000 Mbps
51279 ms [UE 25133] UL Throughput = 0.00000 Mbps
51279 ms [UE 36712] UL Throughput = 0.00000 Mbps
51279 ms [UE 57972] UL Throughput = 0.00000 Mbps
51361 ms [UE 33547] UL Throughput = 0.21740 Mbps
51361 ms [UE 18165] UL Throughput = 0.00000 Mbps
51361 ms [UE 21150] UL Throughput = 0.00000 Mbps
51361 ms [UE 15893] UL Throughput = 0.00000 Mbps
51389 ms [UE 1043] UL Throughput = 0.00000 Mbps
51389 ms [UE 13806] UL Throughput = 0.00000 Mbps
51389 ms [UE 25133] UL Throughput = 0.00000 Mbps
51389 ms [UE 36712] UL Throughput = 0.59158 Mbps
51389 ms [UE 57972] UL Throughput = 0.08783 Mbps
51462 ms [UE 33547] UL Throughput = 0.00000 Mbps
51462 ms [UE 18165] UL Throughput = 0.00000 Mbps
51462 ms [UE 21150] UL Throughput = 0.00000 Mbps
51462 ms [UE 15893] UL Throughput = 0.00000 Mbps
51498 ms [UE 1043] UL Throughput = 0.00000 Mbps
51498 ms [UE 13806] UL Throughput = 0.00000 Mbps
51498 ms [UE 25133] UL Throughput = 0.00000 Mbps
51498 ms [UE 36712] UL Throughput = 0.00000 Mbps
51498 ms [UE 57972] UL Throughput = 0.35899 Mbps
51562 ms [UE 33547] UL Throughput = 0.00000 Mbps
51562 ms [UE 18165] UL Throughput = 0.00000 Mbps
51562 ms [UE 21150] UL Throughput = 0.00000 Mbps
51562 ms [UE 15893] UL Throughput = 0.00000 Mbps
51598 ms [UE 1043] UL Throughput = 0.00000 Mbps
51598 ms [UE 13806] UL Throughput = 0.00000 Mbps
51598 ms [UE 25133] UL Throughput = 0.00000 Mbps
51598 ms [UE 36712] UL Throughput = 0.00000 Mbps
51598 ms [UE 57972] UL Throughput = 0.00000 Mbps
51671 ms [UE 33547] UL Throughput = 0.00000 Mbps
51671 ms [UE 18165] UL Throughput = 0.10740 Mbps
51671 ms [UE 21150] UL Throughput = 0.32323 Mbps
51671 ms [UE 15893] UL Throughput = 0.00000 Mbps
51708 ms [UE 1043] UL Throughput = 0.83936 Mbps
51708 ms [UE 13806] UL Throughput = 0.00000 Mbps
51708 ms [UE 25133] UL Throughput = 0.00000 Mbps
51708 ms [UE 36712] UL Throughput = 0.00000 Mbps
51708 ms [UE 57972] UL Throughput = 0.00000 Mbps
51782 ms [UE 33547] UL Throughput = 0.00000 Mbps
51782 ms [UE 18165] UL Throughput = 0.00000 Mbps
51782 ms [UE 21150] UL Throughput = 0.00000 Mbps
51782 ms [UE 15893] UL Throughput = 0.00000 Mbps
51808 ms [UE 1043] UL Throughput = 0.00000 Mbps
51808 ms [UE 13806] UL Throughput = 0.00000 Mbps
51808 ms [UE 25133] UL Throughput = 0.19455 Mbps
51808 ms [UE 36712] UL Throughput = 0.00000 Mbps
51808 ms [UE 57972] UL Throughput = 0.00000 Mbps
51882 ms [UE 33547] UL Throughput = 0.00000 Mbps
51882 ms [UE 18165] UL Throughput = 0.00000 Mbps
51882 ms [UE 21150] UL Throughput = 0.00000 Mbps
51882 ms [UE 15893] UL Throughput = 0.00000 Mbps
51910 ms [UE 1043] UL Throughput = 0.00000 Mbps
51910 ms [UE 13806] UL Throughput = 0.00000 Mbps
51910 ms [UE 25133] UL Throughput = 0.00000 Mbps
51910 ms [UE 36712] UL Throughput = 0.00000 Mbps
51910 ms [UE 57972] UL Throughput = 0.00000 Mbps
51993 ms [UE 33547] UL Throughput = 0.00000 Mbps
51993 ms [UE 18165] UL Throughput = 0.00000 Mbps
51993 ms [UE 21150] UL Throughput = 0.00000 Mbps
51993 ms [UE 15893] UL Throughput = 0.15451 Mbps
52019 ms [UE 1043] UL Throughput = 0.00000 Mbps
52019 ms [UE 13806] UL Throughput = 0.10563 Mbps
52019 ms [UE 25133] UL Throughput = 0.00000 Mbps
52019 ms [UE 36712] UL Throughput = 0.00000 Mbps
52019 ms [UE 57972] UL Throughput = 0.00000 Mbps
52101 ms [UE 33547] UL Throughput = 0.00000 Mbps
52101 ms [UE 18165] UL Throughput = 0.00000 Mbps
52101 ms [UE 21150] UL Throughput = 0.00000 Mbps
52101 ms [UE 15893] UL Throughput = 0.00000 Mbps
52120 ms [UE 1043] UL Throughput = 0.00000 Mbps
52120 ms [UE 13806] UL Throughput = 0.52963 Mbps
52120 ms [UE 25133] UL Throughput = 0.00000 Mbps
52120 ms [UE 36712] UL Throughput = 0.00000 Mbps
52120 ms [UE 57972] UL Throughput = 0.43771 Mbps
52202 ms [UE 33547] UL Throughput = 0.00000 Mbps
52202 ms [UE 18165] UL Throughput = 0.00000 Mbps
52202 ms [UE 21150] UL Throughput = 0.00000 Mbps
52202 ms [UE 15893] UL Throughput = 0.00000 Mbps
52224 ms | now=1755784767483641 us | PDCP ind_msg latency=71465346 us
52228 ms [UE 1043] UL Throughput = 0.00000 Mbps
52228 ms [UE 13806] UL Throughput = 0.00000 Mbps
52228 ms [UE 25133] UL Throughput = 0.00000 Mbps
52228 ms [UE 36712] UL Throughput = 0.00000 Mbps
52228 ms [UE 57972] UL Throughput = 0.00000 Mbps
52311 ms [UE 33547] UL Throughput = 0.00000 Mbps
52311 ms [UE 18165] UL Throughput = 0.00000 Mbps
52311 ms [UE 21150] UL Throughput = 0.00000 Mbps
52311 ms [UE 15893] UL Throughput = 0.00000 Mbps
52328 ms [UE 1043] UL Throughput = 0.00000 Mbps
52328 ms [UE 13806] UL Throughput = 0.00000 Mbps
52328 ms [UE 25133] UL Throughput = 0.00000 Mbps
52328 ms [UE 36712] UL Throughput = 0.14339 Mbps
52328 ms [UE 57972] UL Throughput = 0.00000 Mbps
52422 ms [UE 33547] UL Throughput = 0.00000 Mbps
52422 ms [UE 18165] UL Throughput = 0.00000 Mbps
52422 ms [UE 21150] UL Throughput = 0.00000 Mbps
52422 ms [UE 15893] UL Throughput = 0.00000 Mbps
52438 ms [UE 1043] UL Throughput = 0.00000 Mbps
52438 ms [UE 13806] UL Throughput = 0.00000 Mbps
52438 ms [UE 25133] UL Throughput = 0.00000 Mbps
52438 ms [UE 36712] UL Throughput = 0.59519 Mbps
52438 ms [UE 57972] UL Throughput = 0.00000 Mbps
52531 ms [UE 33547] UL Throughput = 0.00000 Mbps
52531 ms [UE 18165] UL Throughput = 0.11725 Mbps
52531 ms [UE 21150] UL Throughput = 0.00000 Mbps
52531 ms [UE 15893] UL Throughput = 0.00000 Mbps
52541 ms [UE 1043] UL Throughput = 0.00000 Mbps
52541 ms [UE 13806] UL Throughput = 0.00000 Mbps
52541 ms [UE 25133] UL Throughput = 0.00000 Mbps
52541 ms [UE 36712] UL Throughput = 0.00000 Mbps
52541 ms [UE 57972] UL Throughput = 0.00000 Mbps
52641 ms [UE 33547] UL Throughput = 0.00000 Mbps
52641 ms [UE 18165] UL Throughput = 0.00000 Mbps
52641 ms [UE 21150] UL Throughput = 0.00000 Mbps
52641 ms [UE 15893] UL Throughput = 0.12117 Mbps
52648 ms [UE 1043] UL Throughput = 0.00000 Mbps
52648 ms [UE 13806] UL Throughput = 0.00000 Mbps
52648 ms [UE 25133] UL Throughput = 0.03936 Mbps
52648 ms [UE 36712] UL Throughput = 0.00000 Mbps
52648 ms [UE 57972] UL Throughput = 0.41033 Mbps
52741 ms [UE 33547] UL Throughput = 0.00000 Mbps
52741 ms [UE 18165] UL Throughput = 0.00000 Mbps
52741 ms [UE 21150] UL Throughput = 0.00000 Mbps
52741 ms [UE 15893] UL Throughput = 0.00000 Mbps
52748 ms [UE 1043] UL Throughput = 0.00000 Mbps
52748 ms [UE 13806] UL Throughput = 0.00000 Mbps
52748 ms [UE 25133] UL Throughput = 0.17390 Mbps
52748 ms [UE 36712] UL Throughput = 0.00000 Mbps
52748 ms [UE 57972] UL Throughput = 0.00000 Mbps
52851 ms [UE 33547] UL Throughput = 0.03844 Mbps
52851 ms [UE 18165] UL Throughput = 0.00000 Mbps
52851 ms [UE 21150] UL Throughput = 0.00000 Mbps
52851 ms [UE 15893] UL Throughput = 0.00000 Mbps
52858 ms [UE 1043] UL Throughput = 0.00000 Mbps
52858 ms [UE 13806] UL Throughput = 0.00000 Mbps
52858 ms [UE 25133] UL Throughput = 0.00000 Mbps
52858 ms [UE 36712] UL Throughput = 0.00000 Mbps
52858 ms [UE 57972] UL Throughput = 0.00000 Mbps
52952 ms [UE 33547] UL Throughput = 0.19342 Mbps
52952 ms [UE 18165] UL Throughput = 0.00000 Mbps
52952 ms [UE 21150] UL Throughput = 0.00000 Mbps
52952 ms [UE 15893] UL Throughput = 0.00000 Mbps
52968 ms [UE 1043] UL Throughput = 0.00000 Mbps
52968 ms [UE 13806] UL Throughput = 0.54488 Mbps
52968 ms [UE 25133] UL Throughput = 0.00000 Mbps
52968 ms [UE 36712] UL Throughput = 0.00000 Mbps
52968 ms [UE 57972] UL Throughput = 0.00000 Mbps
53053 ms [UE 33547] UL Throughput = 0.00000 Mbps
53053 ms [UE 18165] UL Throughput = 0.00000 Mbps
53053 ms [UE 21150] UL Throughput = 0.00000 Mbps
53053 ms [UE 15893] UL Throughput = 0.00000 Mbps
53068 ms [UE 1043] UL Throughput = 0.00000 Mbps
53068 ms [UE 13806] UL Throughput = 0.00000 Mbps
53068 ms [UE 25133] UL Throughput = 0.00000 Mbps
53068 ms [UE 36712] UL Throughput = 0.60189 Mbps
53068 ms [UE 57972] UL Throughput = 0.00000 Mbps
53165 ms [UE 33547] UL Throughput = 0.00000 Mbps
53165 ms [UE 18165] UL Throughput = 0.02485 Mbps
53165 ms [UE 21150] UL Throughput = 0.00000 Mbps
53165 ms [UE 15893] UL Throughput = 0.00000 Mbps
53169 ms [UE 1043] UL Throughput = 0.00000 Mbps
53169 ms [UE 13806] UL Throughput = 0.00000 Mbps
53169 ms [UE 25133] UL Throughput = 0.00000 Mbps
53169 ms [UE 36712] UL Throughput = 0.00000 Mbps
53169 ms [UE 57972] UL Throughput = 0.00000 Mbps
53269 ms [UE 1043] UL Throughput = 0.00000 Mbps
53269 ms [UE 13806] UL Throughput = 0.48131 Mbps
53269 ms [UE 25133] UL Throughput = 0.04221 Mbps
53269 ms [UE 36712] UL Throughput = 0.00000 Mbps
53269 ms [UE 57972] UL Throughput = 0.00000 Mbps
53272 ms [UE 33547] UL Throughput = 0.00000 Mbps
53272 ms [UE 18165] UL Throughput = 0.00000 Mbps
53272 ms [UE 21150] UL Throughput = 0.00000 Mbps
53272 ms [UE 15893] UL Throughput = 0.14134 Mbps
53283 ms | now=1755784768542468 us | PDCP ind_msg latency=71465146 us
53378 ms [UE 1043] UL Throughput = 0.00000 Mbps
53378 ms [UE 13806] UL Throughput = 0.00000 Mbps
53378 ms [UE 25133] UL Throughput = 0.00000 Mbps
53378 ms [UE 36712] UL Throughput = 0.00000 Mbps
53378 ms [UE 57972] UL Throughput = 0.00000 Mbps
53381 ms [UE 33547] UL Throughput = 0.00000 Mbps
53381 ms [UE 18165] UL Throughput = 0.00000 Mbps
53381 ms [UE 21150] UL Throughput = 0.00000 Mbps
53381 ms [UE 15893] UL Throughput = 0.00000 Mbps
53481 ms [UE 33547] UL Throughput = 0.00000 Mbps
53481 ms [UE 18165] UL Throughput = 0.00000 Mbps
53481 ms [UE 21150] UL Throughput = 0.00000 Mbps
53481 ms [UE 15893] UL Throughput = 0.00000 Mbps
53488 ms [UE 1043] UL Throughput = 0.00000 Mbps
53488 ms [UE 13806] UL Throughput = 0.00000 Mbps
53488 ms [UE 25133] UL Throughput = 0.00000 Mbps
53488 ms [UE 36712] UL Throughput = 0.00000 Mbps
53488 ms [UE 57972] UL Throughput = 0.00000 Mbps
53582 ms [UE 33547] UL Throughput = 0.00000 Mbps
53582 ms [UE 18165] UL Throughput = 0.02788 Mbps
53582 ms [UE 21150] UL Throughput = 0.28638 Mbps
53582 ms [UE 15893] UL Throughput = 0.00000 Mbps
53600 ms [UE 1043] UL Throughput = 0.68059 Mbps
53600 ms [UE 13806] UL Throughput = 0.00000 Mbps
53600 ms [UE 25133] UL Throughput = 0.03793 Mbps
53600 ms [UE 36712] UL Throughput = 0.54288 Mbps
53600 ms [UE 57972] UL Throughput = 0.00000 Mbps
53682 ms [UE 33547] UL Throughput = 0.00000 Mbps
53682 ms [UE 18165] UL Throughput = 0.00000 Mbps
53682 ms [UE 21150] UL Throughput = 0.00000 Mbps
53682 ms [UE 15893] UL Throughput = 0.00000 Mbps
53708 ms [UE 1043] UL Throughput = 0.00000 Mbps
53708 ms [UE 13806] UL Throughput = 0.00000 Mbps
53708 ms [UE 25133] UL Throughput = 0.00000 Mbps
53708 ms [UE 36712] UL Throughput = 0.00000 Mbps
53708 ms [UE 57972] UL Throughput = 0.00000 Mbps
53791 ms [UE 33547] UL Throughput = 0.00000 Mbps
53791 ms [UE 18165] UL Throughput = 0.14271 Mbps
53791 ms [UE 21150] UL Throughput = 0.00000 Mbps
53791 ms [UE 15893] UL Throughput = 0.00000 Mbps
53808 ms [UE 1043] UL Throughput = 0.00000 Mbps
53808 ms [UE 13806] UL Throughput = 0.00000 Mbps
53808 ms [UE 25133] UL Throughput = 0.04220 Mbps
53808 ms [UE 36712] UL Throughput = 0.00000 Mbps
53808 ms [UE 57972] UL Throughput = 0.00000 Mbps
53892 ms [UE 33547] UL Throughput = 0.17326 Mbps
53892 ms [UE 18165] UL Throughput = 0.00000 Mbps
53892 ms [UE 21150] UL Throughput = 0.00000 Mbps
53892 ms [UE 15893] UL Throughput = 0.00000 Mbps
53908 ms [UE 1043] UL Throughput = 0.65341 Mbps
53908 ms [UE 13806] UL Throughput = 0.00000 Mbps
53908 ms [UE 25133] UL Throughput = 0.00000 Mbps
53908 ms [UE 36712] UL Throughput = 0.00000 Mbps
53908 ms [UE 57972] UL Throughput = 0.00000 Mbps
54001 ms [UE 33547] UL Throughput = 0.00000 Mbps
54001 ms [UE 18165] UL Throughput = 0.00000 Mbps
54001 ms [UE 21150] UL Throughput = 0.00000 Mbps
54001 ms [UE 15893] UL Throughput = 0.00000 Mbps
54018 ms [UE 1043] UL Throughput = 0.00000 Mbps
54018 ms [UE 13806] UL Throughput = 0.00000 Mbps
54018 ms [UE 25133] UL Throughput = 0.00000 Mbps
54018 ms [UE 36712] UL Throughput = 0.00000 Mbps
54018 ms [UE 57972] UL Throughput = 0.00000 Mbps
54111 ms [UE 33547] UL Throughput = 0.00000 Mbps
54111 ms [UE 18165] UL Throughput = 0.00000 Mbps
54111 ms [UE 21150] UL Throughput = 0.28882 Mbps
54111 ms [UE 15893] UL Throughput = 0.03064 Mbps
54120 ms [UE 1043] UL Throughput = 0.00000 Mbps
54120 ms [UE 13806] UL Throughput = 0.00000 Mbps
54120 ms [UE 25133] UL Throughput = 0.04157 Mbps
54120 ms [UE 36712] UL Throughput = 0.00000 Mbps
54120 ms [UE 57972] UL Throughput = 0.00000 Mbps
54221 ms [UE 33547] UL Throughput = 0.00000 Mbps
54221 ms [UE 18165] UL Throughput = 0.00000 Mbps
54221 ms [UE 21150] UL Throughput = 0.00000 Mbps
54221 ms [UE 15893] UL Throughput = 0.00000 Mbps
54228 ms [UE 1043] UL Throughput = 0.00000 Mbps
54228 ms [UE 13806] UL Throughput = 0.49283 Mbps
54228 ms [UE 25133] UL Throughput = 0.18001 Mbps
54228 ms [UE 36712] UL Throughput = 0.00000 Mbps
54228 ms [UE 57972] UL Throughput = 0.00000 Mbps
54329 ms [UE 1043] UL Throughput = 0.00000 Mbps
54329 ms [UE 13806] UL Throughput = 0.00000 Mbps
54329 ms [UE 25133] UL Throughput = 0.00000 Mbps
54329 ms [UE 36712] UL Throughput = 0.00000 Mbps
54329 ms [UE 57972] UL Throughput = 0.00000 Mbps
54333 ms [UE 33547] UL Throughput = 0.00000 Mbps
54333 ms [UE 18165] UL Throughput = 0.00000 Mbps
54333 ms [UE 21150] UL Throughput = 0.00000 Mbps
54333 ms [UE 15893] UL Throughput = 0.00000 Mbps
54349 ms | now=1755784769607904 us | PDCP ind_msg latency=71465236 us
54438 ms [UE 1043] UL Throughput = 0.00000 Mbps
54438 ms [UE 13806] UL Throughput = 0.00000 Mbps
54438 ms [UE 25133] UL Throughput = 0.00000 Mbps
54438 ms [UE 36712] UL Throughput = 0.13110 Mbps
54438 ms [UE 57972] UL Throughput = 0.00000 Mbps
54441 ms [UE 33547] UL Throughput = 0.00000 Mbps
54441 ms [UE 18165] UL Throughput = 0.11792 Mbps
54441 ms [UE 21150] UL Throughput = 0.00000 Mbps
54441 ms [UE 15893] UL Throughput = 0.03101 Mbps
54539 ms [UE 1043] UL Throughput = 0.00000 Mbps
54539 ms [UE 13806] UL Throughput = 0.00000 Mbps
54539 ms [UE 25133] UL Throughput = 0.00000 Mbps
54539 ms [UE 36712] UL Throughput = 0.00000 Mbps
54539 ms [UE 57972] UL Throughput = 0.39663 Mbps
54551 ms [UE 33547] UL Throughput = 0.00000 Mbps
54551 ms [UE 18165] UL Throughput = 0.00000 Mbps
54551 ms [UE 21150] UL Throughput = 0.00000 Mbps
54551 ms [UE 15893] UL Throughput = 0.13754 Mbps
54641 ms [UE 1043] UL Throughput = 0.00000 Mbps
54641 ms [UE 13806] UL Throughput = 0.00000 Mbps
54641 ms [UE 25133] UL Throughput = 0.00000 Mbps
54641 ms [UE 36712] UL Throughput = 0.00000 Mbps
54641 ms [UE 57972] UL Throughput = 0.00000 Mbps
54652 ms [UE 33547] UL Throughput = 0.00000 Mbps
54652 ms [UE 18165] UL Throughput = 0.00000 Mbps
54652 ms [UE 21150] UL Throughput = 0.00000 Mbps
54652 ms [UE 15893] UL Throughput = 0.00000 Mbps
54748 ms [UE 1043] UL Throughput = 0.00000 Mbps
54748 ms [UE 13806] UL Throughput = 0.00000 Mbps
54748 ms [UE 25133] UL Throughput = 0.00000 Mbps
54748 ms [UE 36712] UL Throughput = 0.00000 Mbps
54748 ms [UE 57972] UL Throughput = 0.00000 Mbps
54762 ms [UE 33547] UL Throughput = 0.21541 Mbps
54762 ms [UE 18165] UL Throughput = 0.00000 Mbps
54762 ms [UE 21150] UL Throughput = 0.00000 Mbps
54762 ms [UE 15893] UL Throughput = 0.00000 Mbps
54858 ms [UE 1043] UL Throughput = 0.00000 Mbps
54858 ms [UE 13806] UL Throughput = 0.48404 Mbps
54858 ms [UE 25133] UL Throughput = 0.00000 Mbps
54858 ms [UE 36712] UL Throughput = 0.00000 Mbps
54858 ms [UE 57972] UL Throughput = 0.00000 Mbps
54871 ms [UE 33547] UL Throughput = 0.00000 Mbps
54871 ms [UE 18165] UL Throughput = 0.00000 Mbps
54871 ms [UE 21150] UL Throughput = 0.00000 Mbps
54871 ms [UE 15893] UL Throughput = 0.00000 Mbps
54958 ms [UE 1043] UL Throughput = 0.00000 Mbps
54958 ms [UE 13806] UL Throughput = 0.00000 Mbps
54958 ms [UE 25133] UL Throughput = 0.00000 Mbps
54958 ms [UE 36712] UL Throughput = 0.00000 Mbps
54958 ms [UE 57972] UL Throughput = 0.00000 Mbps
54971 ms [UE 33547] UL Throughput = 0.00000 Mbps
54971 ms [UE 18165] UL Throughput = 0.00000 Mbps
54971 ms [UE 21150] UL Throughput = 0.00000 Mbps
54971 ms [UE 15893] UL Throughput = 0.00000 Mbps
55059 ms [UE 1043] UL Throughput = 0.15285 Mbps
55059 ms [UE 13806] UL Throughput = 0.00000 Mbps
55059 ms [UE 25133] UL Throughput = 0.00000 Mbps
55059 ms [UE 36712] UL Throughput = 0.65222 Mbps
55059 ms [UE 57972] UL Throughput = 0.00000 Mbps
55081 ms [UE 33547] UL Throughput = 0.00000 Mbps
55081 ms [UE 18165] UL Throughput = 0.10220 Mbps
55081 ms [UE 21150] UL Throughput = 0.34941 Mbps
55081 ms [UE 15893] UL Throughput = 0.00000 Mbps
55168 ms [UE 1043] UL Throughput = 0.57342 Mbps
55168 ms [UE 13806] UL Throughput = 0.00000 Mbps
55168 ms [UE 25133] UL Throughput = 0.00000 Mbps
55168 ms [UE 36712] UL Throughput = 0.00000 Mbps
55168 ms [UE 57972] UL Throughput = 0.00000 Mbps
55191 ms [UE 33547] UL Throughput = 0.00000 Mbps
55191 ms [UE 18165] UL Throughput = 0.00000 Mbps
55191 ms [UE 21150] UL Throughput = 0.00000 Mbps
55191 ms [UE 15893] UL Throughput = 0.00000 Mbps
55268 ms [UE 1043] UL Throughput = 0.00000 Mbps
55268 ms [UE 13806] UL Throughput = 0.00000 Mbps
55268 ms [UE 25133] UL Throughput = 0.00000 Mbps
55268 ms [UE 36712] UL Throughput = 0.00000 Mbps
55268 ms [UE 57972] UL Throughput = 0.00000 Mbps
55291 ms [UE 33547] UL Throughput = 0.00000 Mbps
55291 ms [UE 18165] UL Throughput = 0.00000 Mbps
55291 ms [UE 21150] UL Throughput = 0.00000 Mbps
55291 ms [UE 15893] UL Throughput = 0.00000 Mbps
55369 ms [UE 1043] UL Throughput = 0.00000 Mbps
55369 ms [UE 13806] UL Throughput = 0.00000 Mbps
55369 ms [UE 25133] UL Throughput = 0.04198 Mbps
55369 ms [UE 36712] UL Throughput = 0.00000 Mbps
55369 ms [UE 57972] UL Throughput = 0.00000 Mbps
55390 ms | now=1755784770649478 us | PDCP ind_msg latency=71465131 us
55392 ms [UE 33547] UL Throughput = 0.19370 Mbps
55392 ms [UE 18165] UL Throughput = 0.00000 Mbps
55392 ms [UE 21150] UL Throughput = 0.00000 Mbps
55392 ms [UE 15893] UL Throughput = 0.18390 Mbps
55478 ms [UE 1043] UL Throughput = 0.00000 Mbps
55478 ms [UE 13806] UL Throughput = 0.00000 Mbps
55478 ms [UE 25133] UL Throughput = 0.17781 Mbps
55478 ms [UE 36712] UL Throughput = 0.00000 Mbps
55478 ms [UE 57972] UL Throughput = 0.40232 Mbps
55501 ms [UE 33547] UL Throughput = 0.00000 Mbps
55501 ms [UE 18165] UL Throughput = 0.00000 Mbps
55501 ms [UE 21150] UL Throughput = 0.00000 Mbps
55501 ms [UE 15893] UL Throughput = 0.00000 Mbps
55580 ms [UE 1043] UL Throughput = 0.00000 Mbps
55580 ms [UE 13806] UL Throughput = 0.00000 Mbps
55580 ms [UE 25133] UL Throughput = 0.00000 Mbps
55580 ms [UE 36712] UL Throughput = 0.00000 Mbps
55580 ms [UE 57972] UL Throughput = 0.00000 Mbps
55602 ms [UE 33547] UL Throughput = 0.00000 Mbps
55602 ms [UE 18165] UL Throughput = 0.00000 Mbps
55602 ms [UE 21150] UL Throughput = 0.00000 Mbps
55602 ms [UE 15893] UL Throughput = 0.00000 Mbps
55688 ms [UE 1043] UL Throughput = 0.00000 Mbps
55688 ms [UE 13806] UL Throughput = 0.59623 Mbps
55688 ms [UE 25133] UL Throughput = 0.00000 Mbps
55688 ms [UE 36712] UL Throughput = 0.00000 Mbps
55688 ms [UE 57972] UL Throughput = 0.00000 Mbps
55702 ms [UE 33547] UL Throughput = 0.00000 Mbps
55702 ms [UE 18165] UL Throughput = 0.12746 Mbps
55702 ms [UE 21150] UL Throughput = 0.00000 Mbps
55702 ms [UE 15893] UL Throughput = 0.00000 Mbps
55798 ms [UE 1043] UL Throughput = 0.63586 Mbps
55798 ms [UE 13806] UL Throughput = 0.00000 Mbps
55798 ms [UE 25133] UL Throughput = 0.00000 Mbps
55798 ms [UE 36712] UL Throughput = 0.00000 Mbps
55798 ms [UE 57972] UL Throughput = 0.00000 Mbps
55812 ms [UE 33547] UL Throughput = 0.00000 Mbps
55812 ms [UE 18165] UL Throughput = 0.00000 Mbps
55812 ms [UE 21150] UL Throughput = 0.00000 Mbps
55812 ms [UE 15893] UL Throughput = 0.00000 Mbps
55908 ms [UE 1043] UL Throughput = 0.00000 Mbps
55908 ms [UE 13806] UL Throughput = 0.00000 Mbps
55908 ms [UE 25133] UL Throughput = 0.00000 Mbps
55908 ms [UE 36712] UL Throughput = 0.00000 Mbps
55908 ms [UE 57972] UL Throughput = 0.00000 Mbps
55921 ms [UE 33547] UL Throughput = 0.00000 Mbps
55921 ms [UE 18165] UL Throughput = 0.00000 Mbps
55921 ms [UE 21150] UL Throughput = 0.35076 Mbps
55921 ms [UE 15893] UL Throughput = 0.00000 Mbps
56008 ms [UE 1043] UL Throughput = 0.00000 Mbps
56008 ms [UE 13806] UL Throughput = 0.00000 Mbps
56008 ms [UE 25133] UL Throughput = 0.00000 Mbps
56008 ms [UE 36712] UL Throughput = 0.79783 Mbps
56008 ms [UE 57972] UL Throughput = 0.43964 Mbps
56032 ms [UE 33547] UL Throughput = 0.00000 Mbps
56032 ms [UE 18165] UL Throughput = 0.00000 Mbps
56032 ms [UE 21150] UL Throughput = 0.00000 Mbps
56032 ms [UE 15893] UL Throughput = 0.13651 Mbps
56108 ms [UE 1043] UL Throughput = 0.00000 Mbps
56108 ms [UE 13806] UL Throughput = 0.00000 Mbps
56108 ms [UE 25133] UL Throughput = 0.00000 Mbps
56108 ms [UE 36712] UL Throughput = 0.00000 Mbps
56108 ms [UE 57972] UL Throughput = 0.00000 Mbps
56142 ms [UE 33547] UL Throughput = 0.00000 Mbps
56142 ms [UE 18165] UL Throughput = 0.00000 Mbps
56142 ms [UE 21150] UL Throughput = 0.00000 Mbps
56142 ms [UE 15893] UL Throughput = 0.00000 Mbps
56209 ms [UE 1043] UL Throughput = 0.00000 Mbps
56209 ms [UE 13806] UL Throughput = 0.00000 Mbps
56209 ms [UE 25133] UL Throughput = 0.00000 Mbps
56209 ms [UE 36712] UL Throughput = 0.00000 Mbps
56209 ms [UE 57972] UL Throughput = 0.00000 Mbps
56244 ms [UE 33547] UL Throughput = 0.04129 Mbps
56244 ms [UE 18165] UL Throughput = 0.00000 Mbps
56244 ms [UE 21150] UL Throughput = 0.00000 Mbps
56244 ms [UE 15893] UL Throughput = 0.00000 Mbps
56318 ms [UE 1043] UL Throughput = 0.63816 Mbps
56318 ms [UE 13806] UL Throughput = 0.10559 Mbps
56318 ms [UE 25133] UL Throughput = 0.00000 Mbps
56318 ms [UE 36712] UL Throughput = 0.00000 Mbps
56318 ms [UE 57972] UL Throughput = 0.00000 Mbps
56351 ms [UE 33547] UL Throughput = 0.16286 Mbps
56351 ms [UE 18165] UL Throughput = 0.00000 Mbps
56351 ms [UE 21150] UL Throughput = 0.00000 Mbps
56351 ms [UE 15893] UL Throughput = 0.00000 Mbps
56421 ms [UE 1043] UL Throughput = 0.00000 Mbps
56421 ms [UE 13806] UL Throughput = 0.00000 Mbps
56421 ms [UE 25133] UL Throughput = 0.00000 Mbps
56421 ms [UE 36712] UL Throughput = 0.00000 Mbps
56421 ms [UE 57972] UL Throughput = 0.00000 Mbps
56422 ms | now=1755784771681329 us | PDCP ind_msg latency=71464894 us
56451 ms [UE 33547] UL Throughput = 0.00000 Mbps
56451 ms [UE 18165] UL Throughput = 0.00000 Mbps
56451 ms [UE 21150] UL Throughput = 0.00000 Mbps
56451 ms [UE 15893] UL Throughput = 0.00000 Mbps
56528 ms [UE 1043] UL Throughput = 0.00000 Mbps
56528 ms [UE 13806] UL Throughput = 0.00000 Mbps
56528 ms [UE 25133] UL Throughput = 0.00000 Mbps
56528 ms [UE 36712] UL Throughput = 0.00000 Mbps
56528 ms [UE 57972] UL Throughput = 0.00000 Mbps
56561 ms [UE 33547] UL Throughput = 0.00000 Mbps
56561 ms [UE 18165] UL Throughput = 0.13308 Mbps
56561 ms [UE 21150] UL Throughput = 0.00000 Mbps
56561 ms [UE 15893] UL Throughput = 0.00000 Mbps
56638 ms [UE 1043] UL Throughput = 0.00000 Mbps
56638 ms [UE 13806] UL Throughput = 0.10443 Mbps
56638 ms [UE 25133] UL Throughput = 0.00000 Mbps
56638 ms [UE 36712] UL Throughput = 0.59406 Mbps
56638 ms [UE 57972] UL Throughput = 0.39896 Mbps
56661 ms [UE 33547] UL Throughput = 0.00000 Mbps
56661 ms [UE 18165] UL Throughput = 0.00000 Mbps
56661 ms [UE 21150] UL Throughput = 0.28601 Mbps
56661 ms [UE 15893] UL Throughput = 0.00000 Mbps
56749 ms [UE 1043] UL Throughput = 0.00000 Mbps
56749 ms [UE 13806] UL Throughput = 0.00000 Mbps
56749 ms [UE 25133] UL Throughput = 0.00000 Mbps
56749 ms [UE 36712] UL Throughput = 0.00000 Mbps
56749 ms [UE 57972] UL Throughput = 0.00000 Mbps
56762 ms [UE 33547] UL Throughput = 0.00000 Mbps
56762 ms [UE 18165] UL Throughput = 0.00000 Mbps
56762 ms [UE 21150] UL Throughput = 0.00000 Mbps
56762 ms [UE 15893] UL Throughput = 0.00000 Mbps
56858 ms [UE 1043] UL Throughput = 0.00000 Mbps
56858 ms [UE 13806] UL Throughput = 0.05542 Mbps
56858 ms [UE 25133] UL Throughput = 0.16050 Mbps
56858 ms [UE 36712] UL Throughput = 0.00000 Mbps
56858 ms [UE 57972] UL Throughput = 0.00000 Mbps
56872 ms [UE 33547] UL Throughput = 0.00000 Mbps
56872 ms [UE 18165] UL Throughput = 0.00000 Mbps
56872 ms [UE 21150] UL Throughput = 0.00000 Mbps
56872 ms [UE 15893] UL Throughput = 0.15704 Mbps
56958 ms [UE 1043] UL Throughput = 0.00000 Mbps
56958 ms [UE 13806] UL Throughput = 0.53153 Mbps
56958 ms [UE 25133] UL Throughput = 0.00000 Mbps
56958 ms [UE 36712] UL Throughput = 0.00000 Mbps
56958 ms [UE 57972] UL Throughput = 0.00000 Mbps
56973 ms [UE 33547] UL Throughput = 0.17697 Mbps
56973 ms [UE 18165] UL Throughput = 0.00000 Mbps
56973 ms [UE 21150] UL Throughput = 0.00000 Mbps
56973 ms [UE 15893] UL Throughput = 0.00000 Mbps
57059 ms [UE 1043] UL Throughput = 0.00000 Mbps
57059 ms [UE 13806] UL Throughput = 0.00000 Mbps
57059 ms [UE 25133] UL Throughput = 0.00000 Mbps
57059 ms [UE 36712] UL Throughput = 0.00000 Mbps
57059 ms [UE 57972] UL Throughput = 0.00000 Mbps
57082 ms [UE 33547] UL Throughput = 0.00000 Mbps
57082 ms [UE 18165] UL Throughput = 0.00000 Mbps
57082 ms [UE 21150] UL Throughput = 0.00000 Mbps
57082 ms [UE 15893] UL Throughput = 0.00000 Mbps
57168 ms [UE 1043] UL Throughput = 0.14102 Mbps
57168 ms [UE 13806] UL Throughput = 0.00000 Mbps
57168 ms [UE 25133] UL Throughput = 0.00000 Mbps
57168 ms [UE 36712] UL Throughput = 0.00000 Mbps
57168 ms [UE 57972] UL Throughput = 0.40411 Mbps
57191 ms [UE 33547] UL Throughput = 0.00000 Mbps
57191 ms [UE 18165] UL Throughput = 0.00000 Mbps
57191 ms [UE 21150] UL Throughput = 0.00000 Mbps
57191 ms [UE 15893] UL Throughput = 0.00000 Mbps
57268 ms [UE 1043] UL Throughput = 0.69632 Mbps
57268 ms [UE 13806] UL Throughput = 0.00000 Mbps
57268 ms [UE 25133] UL Throughput = 0.00000 Mbps
57268 ms [UE 36712] UL Throughput = 0.00000 Mbps
57268 ms [UE 57972] UL Throughput = 0.00000 Mbps
57301 ms [UE 33547] UL Throughput = 0.00000 Mbps
57301 ms [UE 18165] UL Throughput = 0.00000 Mbps
57301 ms [UE 21150] UL Throughput = 0.00000 Mbps
57301 ms [UE 15893] UL Throughput = 0.00000 Mbps
57370 ms [UE 1043] UL Throughput = 0.00000 Mbps
57370 ms [UE 13806] UL Throughput = 0.00000 Mbps
57370 ms [UE 25133] UL Throughput = 0.00000 Mbps
57370 ms [UE 36712] UL Throughput = 0.00000 Mbps
57370 ms [UE 57972] UL Throughput = 0.00000 Mbps
57402 ms [UE 33547] UL Throughput = 0.00000 Mbps
57402 ms [UE 18165] UL Throughput = 0.00000 Mbps
57402 ms [UE 21150] UL Throughput = 0.00000 Mbps
57402 ms [UE 15893] UL Throughput = 0.00000 Mbps
57478 ms [UE 1043] UL Throughput = 0.00000 Mbps
57478 ms [UE 13806] UL Throughput = 0.10591 Mbps
57478 ms [UE 25133] UL Throughput = 0.00000 Mbps
57478 ms [UE 36712] UL Throughput = 0.00000 Mbps
57478 ms [UE 57972] UL Throughput = 0.00000 Mbps
57492 ms | now=1755784772751534 us | PDCP ind_msg latency=71465220 us
57513 ms [UE 33547] UL Throughput = 0.00000 Mbps
57513 ms [UE 18165] UL Throughput = 0.00000 Mbps
57513 ms [UE 21150] UL Throughput = 0.00000 Mbps
57513 ms [UE 15893] UL Throughput = 0.12026 Mbps
57588 ms [UE 1043] UL Throughput = 0.00000 Mbps
57588 ms [UE 13806] UL Throughput = 0.00000 Mbps
57588 ms [UE 25133] UL Throughput = 0.15892 Mbps
57588 ms [UE 36712] UL Throughput = 0.59811 Mbps
57588 ms [UE 57972] UL Throughput = 0.00000 Mbps
57621 ms [UE 33547] UL Throughput = 0.00000 Mbps
57621 ms [UE 18165] UL Throughput = 0.00000 Mbps
57621 ms [UE 21150] UL Throughput = 0.00000 Mbps
57621 ms [UE 15893] UL Throughput = 0.00000 Mbps
57688 ms [UE 1043] UL Throughput = 0.00000 Mbps
57688 ms [UE 13806] UL Throughput = 0.00000 Mbps
57688 ms [UE 25133] UL Throughput = 0.00000 Mbps
57688 ms [UE 36712] UL Throughput = 0.00000 Mbps
57688 ms [UE 57972] UL Throughput = 0.00000 Mbps
57722 ms [UE 33547] UL Throughput = 0.04181 Mbps
57722 ms [UE 18165] UL Throughput = 0.00000 Mbps
57722 ms [UE 21150] UL Throughput = 0.00000 Mbps
57722 ms [UE 15893] UL Throughput = 0.00000 Mbps
57790 ms [UE 1043] UL Throughput = 0.00000 Mbps
57790 ms [UE 13806] UL Throughput = 0.11277 Mbps
57790 ms [UE 25133] UL Throughput = 0.00000 Mbps
57790 ms [UE 36712] UL Throughput = 0.00000 Mbps
57790 ms [UE 57972] UL Throughput = 0.00000 Mbps
57823 ms [UE 33547] UL Throughput = 0.00000 Mbps
57823 ms [UE 18165] UL Throughput = 0.11722 Mbps
57823 ms [UE 21150] UL Throughput = 0.00000 Mbps
57823 ms [UE 15893] UL Throughput = 0.00000 Mbps
57898 ms [UE 1043] UL Throughput = 0.00000 Mbps
57898 ms [UE 13806] UL Throughput = 0.44606 Mbps
57898 ms [UE 25133] UL Throughput = 0.00000 Mbps
57898 ms [UE 36712] UL Throughput = 0.00000 Mbps
57898 ms [UE 57972] UL Throughput = 0.36983 Mbps
57932 ms [UE 33547] UL Throughput = 0.00000 Mbps
57932 ms [UE 18165] UL Throughput = 0.00000 Mbps
57932 ms [UE 21150] UL Throughput = 0.00000 Mbps
57932 ms [UE 15893] UL Throughput = 0.00000 Mbps
57999 ms [UE 1043] UL Throughput = 0.00000 Mbps
57999 ms [UE 13806] UL Throughput = 0.00000 Mbps
57999 ms [UE 25133] UL Throughput = 0.00000 Mbps
57999 ms [UE 36712] UL Throughput = 0.00000 Mbps
57999 ms [UE 57972] UL Throughput = 0.00000 Mbps
58032 ms [UE 33547] UL Throughput = 0.04207 Mbps
58032 ms [UE 18165] UL Throughput = 0.00000 Mbps
58032 ms [UE 21150] UL Throughput = 0.00000 Mbps
58032 ms [UE 15893] UL Throughput = 0.00000 Mbps
58114 ms [UE 1043] UL Throughput = 0.13372 Mbps
58114 ms [UE 13806] UL Throughput = 0.00000 Mbps
58114 ms [UE 25133] UL Throughput = 0.00000 Mbps
58114 ms [UE 36712] UL Throughput = 0.52604 Mbps
58114 ms [UE 57972] UL Throughput = 0.00000 Mbps
58141 ms [UE 33547] UL Throughput = 0.17875 Mbps
58141 ms [UE 18165] UL Throughput = 0.00000 Mbps
58141 ms [UE 21150] UL Throughput = 0.00000 Mbps
58141 ms [UE 15893] UL Throughput = 0.00000 Mbps
58218 ms [UE 1043] UL Throughput = 0.61537 Mbps
58218 ms [UE 13806] UL Throughput = 0.00000 Mbps
58218 ms [UE 25133] UL Throughput = 0.00000 Mbps
58218 ms [UE 36712] UL Throughput = 0.00000 Mbps
58218 ms [UE 57972] UL Throughput = 0.00000 Mbps
58241 ms [UE 33547] UL Throughput = 0.00000 Mbps
58241 ms [UE 18165] UL Throughput = 0.00000 Mbps
58241 ms [UE 21150] UL Throughput = 0.00000 Mbps
58241 ms [UE 15893] UL Throughput = 0.00000 Mbps
58319 ms [UE 1043] UL Throughput = 0.00000 Mbps
58319 ms [UE 13806] UL Throughput = 0.00000 Mbps
58319 ms [UE 25133] UL Throughput = 0.00000 Mbps
58319 ms [UE 36712] UL Throughput = 0.00000 Mbps
58319 ms [UE 57972] UL Throughput = 0.00000 Mbps
58342 ms [UE 33547] UL Throughput = 0.00000 Mbps
58342 ms [UE 18165] UL Throughput = 0.00000 Mbps
58342 ms [UE 21150] UL Throughput = 0.00000 Mbps
58342 ms [UE 15893] UL Throughput = 0.03358 Mbps
58434 ms [UE 1043] UL Throughput = 0.00000 Mbps
58434 ms [UE 13806] UL Throughput = 0.00000 Mbps
58434 ms [UE 25133] UL Throughput = 0.00000 Mbps
58434 ms [UE 36712] UL Throughput = 0.00000 Mbps
58434 ms [UE 57972] UL Throughput = 0.34594 Mbps
58452 ms [UE 33547] UL Throughput = 0.00000 Mbps
58452 ms [UE 18165] UL Throughput = 0.00000 Mbps
58452 ms [UE 21150] UL Throughput = 0.28878 Mbps
58452 ms [UE 15893] UL Throughput = 0.13744 Mbps
58539 ms [UE 1043] UL Throughput = 0.00000 Mbps
58539 ms [UE 13806] UL Throughput = 0.00000 Mbps
58539 ms [UE 25133] UL Throughput = 0.00000 Mbps
58539 ms [UE 36712] UL Throughput = 0.00000 Mbps
58539 ms [UE 57972] UL Throughput = 0.00000 Mbps
58552 ms [UE 33547] UL Throughput = 0.00000 Mbps
58552 ms [UE 18165] UL Throughput = 0.00000 Mbps
58552 ms [UE 21150] UL Throughput = 0.00000 Mbps
58552 ms [UE 15893] UL Throughput = 0.00000 Mbps
58582 ms | now=1755784773840746 us | PDCP ind_msg latency=71465446 us
58648 ms [UE 1043] UL Throughput = 0.00000 Mbps
58648 ms [UE 13806] UL Throughput = 0.00000 Mbps
58648 ms [UE 25133] UL Throughput = 0.00000 Mbps
58648 ms [UE 36712] UL Throughput = 0.00000 Mbps
58648 ms [UE 57972] UL Throughput = 0.00000 Mbps
58663 ms [UE 33547] UL Throughput = 0.15695 Mbps
58663 ms [UE 18165] UL Throughput = 0.14052 Mbps
58663 ms [UE 21150] UL Throughput = 0.00000 Mbps
58663 ms [UE 15893] UL Throughput = 0.00000 Mbps
58748 ms [UE 1043] UL Throughput = 0.00000 Mbps
58748 ms [UE 13806] UL Throughput = 0.58507 Mbps
58748 ms [UE 25133] UL Throughput = 0.00000 Mbps
58748 ms [UE 36712] UL Throughput = 0.65427 Mbps
58748 ms [UE 57972] UL Throughput = 0.00000 Mbps
58771 ms [UE 33547] UL Throughput = 0.00000 Mbps
58771 ms [UE 18165] UL Throughput = 0.00000 Mbps
58771 ms [UE 21150] UL Throughput = 0.00000 Mbps
58771 ms [UE 15893] UL Throughput = 0.00000 Mbps
58849 ms [UE 1043] UL Throughput = 0.00000 Mbps
58849 ms [UE 13806] UL Throughput = 0.00000 Mbps
58849 ms [UE 25133] UL Throughput = 0.00000 Mbps
58849 ms [UE 36712] UL Throughput = 0.00000 Mbps
58849 ms [UE 57972] UL Throughput = 0.00000 Mbps
58872 ms [UE 33547] UL Throughput = 0.00000 Mbps
58872 ms [UE 18165] UL Throughput = 0.00000 Mbps
58872 ms [UE 21150] UL Throughput = 0.00000 Mbps
58872 ms [UE 15893] UL Throughput = 0.00000 Mbps
58959 ms [UE 1043] UL Throughput = 0.00000 Mbps
58959 ms [UE 13806] UL Throughput = 0.00000 Mbps
58959 ms [UE 25133] UL Throughput = 0.00000 Mbps
58959 ms [UE 36712] UL Throughput = 0.00000 Mbps
58959 ms [UE 57972] UL Throughput = 0.00000 Mbps
58982 ms [UE 33547] UL Throughput = 0.00000 Mbps
58982 ms [UE 18165] UL Throughput = 0.00000 Mbps
58982 ms [UE 21150] UL Throughput = 0.00000 Mbps
58982 ms [UE 15893] UL Throughput = 0.13687 Mbps
59068 ms [UE 1043] UL Throughput = 0.63923 Mbps
59068 ms [UE 13806] UL Throughput = 0.00000 Mbps
59068 ms [UE 25133] UL Throughput = 0.21734 Mbps
59068 ms [UE 36712] UL Throughput = 0.00000 Mbps
59068 ms [UE 57972] UL Throughput = 0.00000 Mbps
59094 ms [UE 33547] UL Throughput = 0.00000 Mbps
59094 ms [UE 18165] UL Throughput = 0.00000 Mbps
59094 ms [UE 21150] UL Throughput = 0.00000 Mbps
59094 ms [UE 15893] UL Throughput = 0.00000 Mbps
59178 ms [UE 1043] UL Throughput = 0.00000 Mbps
59178 ms [UE 13806] UL Throughput = 0.00000 Mbps
59178 ms [UE 25133] UL Throughput = 0.00000 Mbps
59178 ms [UE 36712] UL Throughput = 0.00000 Mbps
59178 ms [UE 57972] UL Throughput = 0.00000 Mbps
59202 ms [UE 33547] UL Throughput = 0.00000 Mbps
59202 ms [UE 18165] UL Throughput = 0.02585 Mbps
59202 ms [UE 21150] UL Throughput = 0.00000 Mbps
59202 ms [UE 15893] UL Throughput = 0.00000 Mbps
59279 ms [UE 1043] UL Throughput = 0.00000 Mbps
59279 ms [UE 13806] UL Throughput = 0.00000 Mbps
59279 ms [UE 25133] UL Throughput = 0.00000 Mbps
59279 ms [UE 36712] UL Throughput = 0.00000 Mbps
59279 ms [UE 57972] UL Throughput = 0.00000 Mbps
59311 ms [UE 33547] UL Throughput = 0.17769 Mbps
59311 ms [UE 18165] UL Throughput = 0.00000 Mbps
59311 ms [UE 21150] UL Throughput = 0.28987 Mbps
59311 ms [UE 15893] UL Throughput = 0.00000 Mbps
59388 ms [UE 1043] UL Throughput = 0.00000 Mbps
59388 ms [UE 13806] UL Throughput = 0.00000 Mbps
59388 ms [UE 25133] UL Throughput = 0.00000 Mbps
59388 ms [UE 36712] UL Throughput = 0.60410 Mbps
59388 ms [UE 57972] UL Throughput = 0.49540 Mbps
59414 ms [UE 33547] UL Throughput = 0.00000 Mbps
59414 ms [UE 18165] UL Throughput = 0.00000 Mbps
59414 ms [UE 21150] UL Throughput = 0.00000 Mbps
59414 ms [UE 15893] UL Throughput = 0.00000 Mbps
59488 ms [UE 1043] UL Throughput = 0.00000 Mbps
59488 ms [UE 13806] UL Throughput = 0.00000 Mbps
59488 ms [UE 25133] UL Throughput = 0.00000 Mbps
59488 ms [UE 36712] UL Throughput = 0.00000 Mbps
59488 ms [UE 57972] UL Throughput = 0.00000 Mbps
59522 ms [UE 33547] UL Throughput = 0.00000 Mbps
59522 ms [UE 18165] UL Throughput = 0.02585 Mbps
59522 ms [UE 21150] UL Throughput = 0.00000 Mbps
59522 ms [UE 15893] UL Throughput = 0.00000 Mbps
59598 ms [UE 1043] UL Throughput = 0.00000 Mbps
59598 ms [UE 13806] UL Throughput = 0.00000 Mbps
59598 ms [UE 25133] UL Throughput = 0.00000 Mbps
59598 ms [UE 36712] UL Throughput = 0.00000 Mbps
59598 ms [UE 57972] UL Throughput = 0.00000 Mbps
59618 ms | now=1755784774876955 us | PDCP ind_msg latency=71465502 us
59631 ms [UE 33547] UL Throughput = 0.00000 Mbps
59631 ms [UE 18165] UL Throughput = 0.11656 Mbps
59631 ms [UE 21150] UL Throughput = 0.00000 Mbps
59631 ms [UE 15893] UL Throughput = 0.00000 Mbps
59698 ms [UE 1043] UL Throughput = 0.00000 Mbps
59698 ms [UE 13806] UL Throughput = 0.64762 Mbps
59698 ms [UE 25133] UL Throughput = 0.00000 Mbps
59698 ms [UE 36712] UL Throughput = 0.00000 Mbps
59698 ms [UE 57972] UL Throughput = 0.00000 Mbps
59741 ms [UE 33547] UL Throughput = 0.00000 Mbps
59741 ms [UE 18165] UL Throughput = 0.00000 Mbps
59741 ms [UE 21150] UL Throughput = 0.00000 Mbps
59741 ms [UE 15893] UL Throughput = 0.00000 Mbps
59798 ms [UE 1043] UL Throughput = 0.00000 Mbps
59798 ms [UE 13806] UL Throughput = 0.00000 Mbps
59798 ms [UE 25133] UL Throughput = 0.00000 Mbps
59798 ms [UE 36712] UL Throughput = 0.00000 Mbps
59798 ms [UE 57972] UL Throughput = 0.00000 Mbps
59842 ms [UE 33547] UL Throughput = 0.00000 Mbps
59842 ms [UE 18165] UL Throughput = 0.00000 Mbps
59842 ms [UE 21150] UL Throughput = 0.00000 Mbps
59842 ms [UE 15893] UL Throughput = 0.18409 Mbps
59899 ms [UE 1043] UL Throughput = 0.00000 Mbps
59899 ms [UE 13806] UL Throughput = 0.00000 Mbps
59899 ms [UE 25133] UL Throughput = 0.00000 Mbps
59899 ms [UE 36712] UL Throughput = 0.14281 Mbps
59899 ms [UE 57972] UL Throughput = 0.00000 Mbps
59952 ms [UE 33547] UL Throughput = 0.00000 Mbps
59952 ms [UE 18165] UL Throughput = 0.00000 Mbps
59952 ms [UE 21150] UL Throughput = 0.25661 Mbps
59952 ms [UE 15893] UL Throughput = 0.00000 Mbps
60008 ms [UE 1043] UL Throughput = 0.00000 Mbps
60008 ms [UE 13806] UL Throughput = 0.00000 Mbps
60008 ms [UE 25133] UL Throughput = 0.00000 Mbps
60008 ms [UE 36712] UL Throughput = 0.53535 Mbps
60008 ms [UE 57972] UL Throughput = 0.40383 Mbps
60061 ms [UE 33547] UL Throughput = 0.00000 Mbps
60061 ms [UE 18165] UL Throughput = 0.00000 Mbps
60061 ms [UE 21150] UL Throughput = 0.00000 Mbps
60061 ms [UE 15893] UL Throughput = 0.00000 Mbps
60109 ms [UE 1043] UL Throughput = 0.00000 Mbps
60109 ms [UE 13806] UL Throughput = 0.00000 Mbps
60109 ms [UE 25133] UL Throughput = 0.00000 Mbps
60109 ms [UE 36712] UL Throughput = 0.00000 Mbps
60109 ms [UE 57972] UL Throughput = 0.00000 Mbps
60162 ms [UE 33547] UL Throughput = 0.23435 Mbps
60162 ms [UE 18165] UL Throughput = 0.12671 Mbps
60162 ms [UE 21150] UL Throughput = 0.00000 Mbps
60162 ms [UE 15893] UL Throughput = 0.00000 Mbps
60220 ms [UE 1043] UL Throughput = 0.00000 Mbps
60220 ms [UE 13806] UL Throughput = 0.00000 Mbps
60220 ms [UE 25133] UL Throughput = 0.00000 Mbps
60220 ms [UE 36712] UL Throughput = 0.00000 Mbps
60220 ms [UE 57972] UL Throughput = 0.00000 Mbps
60271 ms [UE 33547] UL Throughput = 0.00000 Mbps
60271 ms [UE 18165] UL Throughput = 0.00000 Mbps
60271 ms [UE 21150] UL Throughput = 0.00000 Mbps
60271 ms [UE 15893] UL Throughput = 0.00000 Mbps
60328 ms [UE 1043] UL Throughput = 0.64335 Mbps
60328 ms [UE 13806] UL Throughput = 0.49206 Mbps
60328 ms [UE 25133] UL Throughput = 0.00000 Mbps
60328 ms [UE 36712] UL Throughput = 0.00000 Mbps
60328 ms [UE 57972] UL Throughput = 0.00000 Mbps
60372 ms [UE 33547] UL Throughput = 0.00000 Mbps
60372 ms [UE 18165] UL Throughput = 0.00000 Mbps
60372 ms [UE 21150] UL Throughput = 0.00000 Mbps
60372 ms [UE 15893] UL Throughput = 0.00000 Mbps
60429 ms [UE 1043] UL Throughput = 0.00000 Mbps
60429 ms [UE 13806] UL Throughput = 0.00000 Mbps
60429 ms [UE 25133] UL Throughput = 0.00000 Mbps
60429 ms [UE 36712] UL Throughput = 0.00000 Mbps
60429 ms [UE 57972] UL Throughput = 0.00000 Mbps
60482 ms [UE 33547] UL Throughput = 0.00000 Mbps
60482 ms [UE 18165] UL Throughput = 0.00000 Mbps
60482 ms [UE 21150] UL Throughput = 0.00000 Mbps
60482 ms [UE 15893] UL Throughput = 0.13731 Mbps
60538 ms [UE 1043] UL Throughput = 0.00000 Mbps
60538 ms [UE 13806] UL Throughput = 0.00000 Mbps
60538 ms [UE 25133] UL Throughput = 0.00000 Mbps
60538 ms [UE 36712] UL Throughput = 0.00000 Mbps
60538 ms [UE 57972] UL Throughput = 0.00000 Mbps
60591 ms [UE 33547] UL Throughput = 0.00000 Mbps
60591 ms [UE 18165] UL Throughput = 0.00000 Mbps
60591 ms [UE 21150] UL Throughput = 0.00000 Mbps
60591 ms [UE 15893] UL Throughput = 0.00000 Mbps
60648 ms [UE 1043] UL Throughput = 0.00000 Mbps
60648 ms [UE 13806] UL Throughput = 0.00000 Mbps
60648 ms [UE 25133] UL Throughput = 0.00000 Mbps
60648 ms [UE 36712] UL Throughput = 0.00000 Mbps
60648 ms [UE 57972] UL Throughput = 0.40125 Mbps
60653 ms | now=1755784775912193 us | PDCP ind_msg latency=71464894 us
60692 ms [UE 33547] UL Throughput = 0.00000 Mbps
60692 ms [UE 18165] UL Throughput = 0.00000 Mbps
60692 ms [UE 21150] UL Throughput = 0.06735 Mbps
60692 ms [UE 15893] UL Throughput = 0.00000 Mbps
60749 ms [UE 1043] UL Throughput = 0.00000 Mbps
60749 ms [UE 13806] UL Throughput = 0.00000 Mbps
60749 ms [UE 25133] UL Throughput = 0.00000 Mbps
60749 ms [UE 36712] UL Throughput = 0.00000 Mbps
60749 ms [UE 57972] UL Throughput = 0.00000 Mbps
60792 ms [UE 33547] UL Throughput = 0.19449 Mbps
60792 ms [UE 18165] UL Throughput = 0.00000 Mbps
60792 ms [UE 21150] UL Throughput = 0.31728 Mbps
60792 ms [UE 15893] UL Throughput = 0.00000 Mbps
60860 ms [UE 1043] UL Throughput = 0.62678 Mbps
60860 ms [UE 13806] UL Throughput = 0.00000 Mbps
60860 ms [UE 25133] UL Throughput = 0.03800 Mbps
60860 ms [UE 36712] UL Throughput = 0.58993 Mbps
60860 ms [UE 57972] UL Throughput = 0.00000 Mbps
60893 ms [UE 33547] UL Throughput = 0.00000 Mbps
60893 ms [UE 18165] UL Throughput = 0.00000 Mbps
60893 ms [UE 21150] UL Throughput = 0.00000 Mbps
60893 ms [UE 15893] UL Throughput = 0.00000 Mbps
60969 ms [UE 1043] UL Throughput = 0.00000 Mbps
60969 ms [UE 13806] UL Throughput = 0.00000 Mbps
60969 ms [UE 25133] UL Throughput = 0.00000 Mbps
60969 ms [UE 36712] UL Throughput = 0.00000 Mbps
60969 ms [UE 57972] UL Throughput = 0.00000 Mbps
61002 ms [UE 33547] UL Throughput = 0.00000 Mbps
61002 ms [UE 18165] UL Throughput = 0.14276 Mbps
61002 ms [UE 21150] UL Throughput = 0.00000 Mbps
61002 ms [UE 15893] UL Throughput = 0.00000 Mbps
61069 ms [UE 1043] UL Throughput = 0.00000 Mbps
61069 ms [UE 13806] UL Throughput = 0.00000 Mbps
61069 ms [UE 25133] UL Throughput = 0.00000 Mbps
61069 ms [UE 36712] UL Throughput = 0.00000 Mbps
61069 ms [UE 57972] UL Throughput = 0.00000 Mbps
61111 ms [UE 33547] UL Throughput = 0.00000 Mbps
61111 ms [UE 18165] UL Throughput = 0.00000 Mbps
61111 ms [UE 21150] UL Throughput = 0.00000 Mbps
61111 ms [UE 15893] UL Throughput = 0.00000 Mbps
61179 ms [UE 1043] UL Throughput = 0.00000 Mbps
61179 ms [UE 13806] UL Throughput = 0.42757 Mbps
61179 ms [UE 25133] UL Throughput = 0.21498 Mbps
61179 ms [UE 36712] UL Throughput = 0.00000 Mbps
61179 ms [UE 57972] UL Throughput = 0.00000 Mbps
61214 ms [UE 33547] UL Throughput = 0.00000 Mbps
61214 ms [UE 18165] UL Throughput = 0.00000 Mbps
61214 ms [UE 21150] UL Throughput = 0.00000 Mbps
61214 ms [UE 15893] UL Throughput = 0.00000 Mbps
61288 ms [UE 1043] UL Throughput = 0.00000 Mbps
61288 ms [UE 13806] UL Throughput = 0.00000 Mbps
61288 ms [UE 25133] UL Throughput = 0.00000 Mbps
61288 ms [UE 36712] UL Throughput = 0.00000 Mbps
61288 ms [UE 57972] UL Throughput = 0.00000 Mbps
61322 ms [UE 33547] UL Throughput = 0.00000 Mbps
61322 ms [UE 18165] UL Throughput = 0.00000 Mbps
61322 ms [UE 21150] UL Throughput = 0.26550 Mbps
61322 ms [UE 15893] UL Throughput = 0.15922 Mbps
61400 ms [UE 1043] UL Throughput = 0.00000 Mbps
61400 ms [UE 13806] UL Throughput = 0.00000 Mbps
61400 ms [UE 25133] UL Throughput = 0.00000 Mbps
61400 ms [UE 36712] UL Throughput = 0.00000 Mbps
61400 ms [UE 57972] UL Throughput = 0.08737 Mbps
61422 ms [UE 33547] UL Throughput = 0.00000 Mbps
61422 ms [UE 18165] UL Throughput = 0.00000 Mbps
61422 ms [UE 21150] UL Throughput = 0.00000 Mbps
61422 ms [UE 15893] UL Throughput = 0.00000 Mbps
61509 ms [UE 1043] UL Throughput = 0.00000 Mbps
61509 ms [UE 13806] UL Throughput = 0.00000 Mbps
61509 ms [UE 25133] UL Throughput = 0.00000 Mbps
61509 ms [UE 36712] UL Throughput = 0.60216 Mbps
61509 ms [UE 57972] UL Throughput = 0.40440 Mbps
61522 ms [UE 33547] UL Throughput = 0.04223 Mbps
61522 ms [UE 18165] UL Throughput = 0.00000 Mbps
61522 ms [UE 21150] UL Throughput = 0.00000 Mbps
61522 ms [UE 15893] UL Throughput = 0.00000 Mbps
61618 ms [UE 1043] UL Throughput = 0.00000 Mbps
61618 ms [UE 13806] UL Throughput = 0.00000 Mbps
61618 ms [UE 25133] UL Throughput = 0.00000 Mbps
61618 ms [UE 36712] UL Throughput = 0.00000 Mbps
61618 ms [UE 57972] UL Throughput = 0.00000 Mbps
61631 ms [UE 33547] UL Throughput = 0.16431 Mbps
61631 ms [UE 18165] UL Throughput = 0.00000 Mbps
61631 ms [UE 21150] UL Throughput = 0.00000 Mbps
61631 ms [UE 15893] UL Throughput = 0.00000 Mbps
61688 ms | now=1755784776947200 us | PDCP ind_msg latency=71464858 us
61729 ms [UE 1043] UL Throughput = 0.76666 Mbps
61729 ms [UE 13806] UL Throughput = 0.48041 Mbps
61729 ms [UE 25133] UL Throughput = 0.00000 Mbps
61729 ms [UE 36712] UL Throughput = 0.00000 Mbps
61729 ms [UE 57972] UL Throughput = 0.00000 Mbps
61732 ms [UE 33547] UL Throughput = 0.00000 Mbps
61732 ms [UE 18165] UL Throughput = 0.00000 Mbps
61732 ms [UE 21150] UL Throughput = 0.00000 Mbps
61732 ms [UE 15893] UL Throughput = 0.00000 Mbps
61838 ms [UE 1043] UL Throughput = 0.00000 Mbps
61838 ms [UE 13806] UL Throughput = 0.00000 Mbps
61838 ms [UE 25133] UL Throughput = 0.00000 Mbps
61838 ms [UE 36712] UL Throughput = 0.00000 Mbps
61838 ms [UE 57972] UL Throughput = 0.00000 Mbps
61841 ms [UE 33547] UL Throughput = 0.00000 Mbps
61841 ms [UE 18165] UL Throughput = 0.00000 Mbps
61841 ms [UE 21150] UL Throughput = 0.00000 Mbps
61841 ms [UE 15893] UL Throughput = 0.00000 Mbps
61939 ms [UE 1043] UL Throughput = 0.00000 Mbps
61939 ms [UE 13806] UL Throughput = 0.00000 Mbps
61939 ms [UE 25133] UL Throughput = 0.00000 Mbps
61939 ms [UE 36712] UL Throughput = 0.00000 Mbps
61939 ms [UE 57972] UL Throughput = 0.00000 Mbps
61941 ms [UE 33547] UL Throughput = 0.00000 Mbps
61941 ms [UE 18165] UL Throughput = 0.00000 Mbps
61941 ms [UE 21150] UL Throughput = 0.00000 Mbps
61941 ms [UE 15893] UL Throughput = 0.00000 Mbps
62040 ms [UE 1043] UL Throughput = 0.00000 Mbps
62040 ms [UE 13806] UL Throughput = 0.00000 Mbps
62040 ms [UE 25133] UL Throughput = 0.00000 Mbps
62040 ms [UE 36712] UL Throughput = 0.14170 Mbps
62040 ms [UE 57972] UL Throughput = 0.43507 Mbps
62042 ms [UE 33547] UL Throughput = 0.00000 Mbps
62042 ms [UE 18165] UL Throughput = 0.00000 Mbps
62042 ms [UE 21150] UL Throughput = 0.00000 Mbps
62042 ms [UE 15893] UL Throughput = 0.00000 Mbps
62148 ms [UE 1043] UL Throughput = 0.00000 Mbps
62148 ms [UE 13806] UL Throughput = 0.00000 Mbps
62148 ms [UE 25133] UL Throughput = 0.00000 Mbps
62148 ms [UE 36712] UL Throughput = 0.00000 Mbps
62148 ms [UE 57972] UL Throughput = 0.00000 Mbps
62152 ms [UE 33547] UL Throughput = 0.00000 Mbps
62152 ms [UE 18165] UL Throughput = 0.00000 Mbps
62152 ms [UE 21150] UL Throughput = 0.00000 Mbps
62152 ms [UE 15893] UL Throughput = 0.16899 Mbps
62252 ms [UE 33547] UL Throughput = 0.00000 Mbps
62252 ms [UE 18165] UL Throughput = 0.00000 Mbps
62252 ms [UE 21150] UL Throughput = 0.00000 Mbps
62252 ms [UE 15893] UL Throughput = 0.00000 Mbps
62258 ms [UE 1043] UL Throughput = 0.00000 Mbps
62258 ms [UE 13806] UL Throughput = 0.00000 Mbps
62258 ms [UE 25133] UL Throughput = 0.00000 Mbps
62258 ms [UE 36712] UL Throughput = 0.13031 Mbps
62258 ms [UE 57972] UL Throughput = 0.00000 Mbps
62358 ms [UE 1043] UL Throughput = 0.00000 Mbps
62358 ms [UE 13806] UL Throughput = 0.53266 Mbps
62358 ms [UE 25133] UL Throughput = 0.00000 Mbps
62358 ms [UE 36712] UL Throughput = 0.58360 Mbps
62358 ms [UE 57972] UL Throughput = 0.00000 Mbps
62361 ms [UE 33547] UL Throughput = 0.00000 Mbps
62361 ms [UE 18165] UL Throughput = 0.00000 Mbps
62361 ms [UE 21150] UL Throughput = 0.00000 Mbps
62361 ms [UE 15893] UL Throughput = 0.00000 Mbps
62468 ms [UE 1043] UL Throughput = 0.00000 Mbps
62468 ms [UE 13806] UL Throughput = 0.00000 Mbps
62468 ms [UE 25133] UL Throughput = 0.00000 Mbps
62468 ms [UE 36712] UL Throughput = 0.00000 Mbps
62468 ms [UE 57972] UL Throughput = 0.00000 Mbps
62471 ms [UE 33547] UL Throughput = 0.00000 Mbps
62471 ms [UE 18165] UL Throughput = 0.13292 Mbps
62471 ms [UE 21150] UL Throughput = 0.00000 Mbps
62471 ms [UE 15893] UL Throughput = 0.00000 Mbps
62568 ms [UE 1043] UL Throughput = 0.00000 Mbps
62568 ms [UE 13806] UL Throughput = 0.00000 Mbps
62568 ms [UE 25133] UL Throughput = 0.00000 Mbps
62568 ms [UE 36712] UL Throughput = 0.00000 Mbps
62568 ms [UE 57972] UL Throughput = 0.00000 Mbps
62572 ms [UE 33547] UL Throughput = 0.00000 Mbps
62572 ms [UE 18165] UL Throughput = 0.00000 Mbps
62572 ms [UE 21150] UL Throughput = 0.00000 Mbps
62572 ms [UE 15893] UL Throughput = 0.00000 Mbps
62679 ms [UE 1043] UL Throughput = 0.72326 Mbps
62679 ms [UE 13806] UL Throughput = 0.00000 Mbps
62679 ms [UE 25133] UL Throughput = 0.00000 Mbps
62679 ms [UE 36712] UL Throughput = 0.00000 Mbps
62679 ms [UE 57972] UL Throughput = 0.36142 Mbps
62683 ms [UE 33547] UL Throughput = 0.21342 Mbps
62683 ms [UE 18165] UL Throughput = 0.00000 Mbps
62683 ms [UE 21150] UL Throughput = 0.00000 Mbps
62683 ms [UE 15893] UL Throughput = 0.00000 Mbps
62720 ms | now=1755784777978686 us | PDCP ind_msg latency=71465331 us
62788 ms [UE 1043] UL Throughput = 0.00000 Mbps
62788 ms [UE 13806] UL Throughput = 0.00000 Mbps
62788 ms [UE 25133] UL Throughput = 0.00000 Mbps
62788 ms [UE 36712] UL Throughput = 0.00000 Mbps
62788 ms [UE 57972] UL Throughput = 0.00000 Mbps
62791 ms [UE 33547] UL Throughput = 0.00000 Mbps
62791 ms [UE 18165] UL Throughput = 0.00000 Mbps
62791 ms [UE 21150] UL Throughput = 0.00000 Mbps
62791 ms [UE 15893] UL Throughput = 0.13931 Mbps
62890 ms [UE 1043] UL Throughput = 0.00000 Mbps
62890 ms [UE 13806] UL Throughput = 0.11353 Mbps
62890 ms [UE 25133] UL Throughput = 0.00000 Mbps
62890 ms [UE 36712] UL Throughput = 0.00000 Mbps
62890 ms [UE 57972] UL Throughput = 0.00000 Mbps
62902 ms [UE 33547] UL Throughput = 0.00000 Mbps
62902 ms [UE 18165] UL Throughput = 0.00000 Mbps
62902 ms [UE 21150] UL Throughput = 0.00000 Mbps
62902 ms [UE 15893] UL Throughput = 0.00000 Mbps
62998 ms [UE 1043] UL Throughput = 0.00000 Mbps
62998 ms [UE 13806] UL Throughput = 0.44488 Mbps
62998 ms [UE 25133] UL Throughput = 0.00000 Mbps
62998 ms [UE 36712] UL Throughput = 0.55838 Mbps
62998 ms [UE 57972] UL Throughput = 0.00000 Mbps
63012 ms [UE 33547] UL Throughput = 0.00000 Mbps
63012 ms [UE 18165] UL Throughput = 0.00000 Mbps
63012 ms [UE 21150] UL Throughput = 0.28765 Mbps
63012 ms [UE 15893] UL Throughput = 0.00000 Mbps
63098 ms [UE 1043] UL Throughput = 0.00000 Mbps
63098 ms [UE 13806] UL Throughput = 0.00000 Mbps
63098 ms [UE 25133] UL Throughput = 0.00000 Mbps
63098 ms [UE 36712] UL Throughput = 0.00000 Mbps
63098 ms [UE 57972] UL Throughput = 0.00000 Mbps
63112 ms [UE 33547] UL Throughput = 0.00000 Mbps
63112 ms [UE 18165] UL Throughput = 0.00000 Mbps
63112 ms [UE 21150] UL Throughput = 0.00000 Mbps
63112 ms [UE 15893] UL Throughput = 0.00000 Mbps
63199 ms [UE 1043] UL Throughput = 0.15259 Mbps
63199 ms [UE 13806] UL Throughput = 0.00000 Mbps
63199 ms [UE 25133] UL Throughput = 0.00000 Mbps
63199 ms [UE 36712] UL Throughput = 0.00000 Mbps
63199 ms [UE 57972] UL Throughput = 0.00000 Mbps
63213 ms [UE 33547] UL Throughput = 0.04204 Mbps
63213 ms [UE 18165] UL Throughput = 0.00000 Mbps
63213 ms [UE 21150] UL Throughput = 0.00000 Mbps
63213 ms [UE 15893] UL Throughput = 0.00000 Mbps
63308 ms [UE 1043] UL Throughput = 0.59091 Mbps
63308 ms [UE 13806] UL Throughput = 0.00000 Mbps
63308 ms [UE 25133] UL Throughput = 0.17817 Mbps
63308 ms [UE 36712] UL Throughput = 0.00000 Mbps
63308 ms [UE 57972] UL Throughput = 0.00000 Mbps
63322 ms [UE 33547] UL Throughput = 0.15944 Mbps
63322 ms [UE 18165] UL Throughput = 0.11720 Mbps
63322 ms [UE 21150] UL Throughput = 0.00000 Mbps
63322 ms [UE 15893] UL Throughput = 0.00000 Mbps
63408 ms [UE 1043] UL Throughput = 0.00000 Mbps
63408 ms [UE 13806] UL Throughput = 0.00000 Mbps
63408 ms [UE 25133] UL Throughput = 0.00000 Mbps
63408 ms [UE 36712] UL Throughput = 0.00000 Mbps
63408 ms [UE 57972] UL Throughput = 0.00000 Mbps
63433 ms [UE 33547] UL Throughput = 0.00000 Mbps
63433 ms [UE 18165] UL Throughput = 0.00000 Mbps
63433 ms [UE 21150] UL Throughput = 0.00000 Mbps
63433 ms [UE 15893] UL Throughput = 0.00000 Mbps
63511 ms [UE 1043] UL Throughput = 0.00000 Mbps
63511 ms [UE 13806] UL Throughput = 0.00000 Mbps
63511 ms [UE 25133] UL Throughput = 0.00000 Mbps
63511 ms [UE 36712] UL Throughput = 0.00000 Mbps
63511 ms [UE 57972] UL Throughput = 0.09517 Mbps
63533 ms [UE 33547] UL Throughput = 0.00000 Mbps
63533 ms [UE 18165] UL Throughput = 0.00000 Mbps
63533 ms [UE 21150] UL Throughput = 0.00000 Mbps
63533 ms [UE 15893] UL Throughput = 0.18468 Mbps
63619 ms [UE 1043] UL Throughput = 0.00000 Mbps
63619 ms [UE 13806] UL Throughput = 0.00000 Mbps
63619 ms [UE 25133] UL Throughput = 0.00000 Mbps
63619 ms [UE 36712] UL Throughput = 0.60485 Mbps
63619 ms [UE 57972] UL Throughput = 0.35913 Mbps
63641 ms [UE 33547] UL Throughput = 0.00000 Mbps
63641 ms [UE 18165] UL Throughput = 0.00000 Mbps
63641 ms [UE 21150] UL Throughput = 0.00000 Mbps
63641 ms [UE 15893] UL Throughput = 0.00000 Mbps
63729 ms [UE 1043] UL Throughput = 0.00000 Mbps
63729 ms [UE 13806] UL Throughput = 0.00000 Mbps
63729 ms [UE 25133] UL Throughput = 0.00000 Mbps
63729 ms [UE 36712] UL Throughput = 0.00000 Mbps
63729 ms [UE 57972] UL Throughput = 0.00000 Mbps
63741 ms [UE 33547] UL Throughput = 0.00000 Mbps
63741 ms [UE 18165] UL Throughput = 0.00000 Mbps
63741 ms [UE 21150] UL Throughput = 0.00000 Mbps
63741 ms [UE 15893] UL Throughput = 0.00000 Mbps
63754 ms | now=1755784779013184 us | PDCP ind_msg latency=71464887 us
63831 ms [UE 1043] UL Throughput = 0.00000 Mbps
63831 ms [UE 13806] UL Throughput = 0.52242 Mbps
63831 ms [UE 25133] UL Throughput = 0.00000 Mbps
63831 ms [UE 36712] UL Throughput = 0.00000 Mbps
63831 ms [UE 57972] UL Throughput = 0.00000 Mbps
63841 ms [UE 33547] UL Throughput = 0.00000 Mbps
63841 ms [UE 18165] UL Throughput = 0.02788 Mbps
63841 ms [UE 21150] UL Throughput = 0.31705 Mbps
63841 ms [UE 15893] UL Throughput = 0.00000 Mbps
63938 ms [UE 1043] UL Throughput = 0.00000 Mbps
63938 ms [UE 13806] UL Throughput = 0.00000 Mbps
63938 ms [UE 25133] UL Throughput = 0.00000 Mbps
63938 ms [UE 36712] UL Throughput = 0.00000 Mbps
63938 ms [UE 57972] UL Throughput = 0.00000 Mbps
63951 ms [UE 33547] UL Throughput = 0.17742 Mbps
63951 ms [UE 18165] UL Throughput = 0.00000 Mbps
63951 ms [UE 21150] UL Throughput = 0.00000 Mbps
63951 ms [UE 15893] UL Throughput = 0.00000 Mbps
64038 ms [UE 1043] UL Throughput = 0.00000 Mbps
64038 ms [UE 13806] UL Throughput = 0.00000 Mbps
64038 ms [UE 25133] UL Throughput = 0.00000 Mbps
64038 ms [UE 36712] UL Throughput = 0.00000 Mbps
64038 ms [UE 57972] UL Throughput = 0.00000 Mbps
64051 ms [UE 33547] UL Throughput = 0.00000 Mbps
64051 ms [UE 18165] UL Throughput = 0.02787 Mbps
64051 ms [UE 21150] UL Throughput = 0.00000 Mbps
64051 ms [UE 15893] UL Throughput = 0.00000 Mbps
64139 ms [UE 1043] UL Throughput = 0.84272 Mbps
64139 ms [UE 13806] UL Throughput = 0.00000 Mbps
64139 ms [UE 25133] UL Throughput = 0.00000 Mbps
64139 ms [UE 36712] UL Throughput = 0.00000 Mbps
64139 ms [UE 57972] UL Throughput = 0.00000 Mbps
64151 ms [UE 33547] UL Throughput = 0.00000 Mbps
64151 ms [UE 18165] UL Throughput = 0.12794 Mbps
64151 ms [UE 21150] UL Throughput = 0.00000 Mbps
64151 ms [UE 15893] UL Throughput = 0.15096 Mbps
64248 ms [UE 1043] UL Throughput = 0.00000 Mbps
64248 ms [UE 13806] UL Throughput = 0.00000 Mbps
64248 ms [UE 25133] UL Throughput = 0.00000 Mbps
64248 ms [UE 36712] UL Throughput = 0.00000 Mbps
64248 ms [UE 57972] UL Throughput = 0.40356 Mbps
64261 ms [UE 33547] UL Throughput = 0.00000 Mbps
64261 ms [UE 18165] UL Throughput = 0.00000 Mbps
64261 ms [UE 21150] UL Throughput = 0.00000 Mbps
64261 ms [UE 15893] UL Throughput = 0.00000 Mbps
64352 ms [UE 1043] UL Throughput = 0.00000 Mbps
64352 ms [UE 13806] UL Throughput = 0.00000 Mbps
64352 ms [UE 25133] UL Throughput = 0.00000 Mbps
64352 ms [UE 36712] UL Throughput = 0.00000 Mbps
64352 ms [UE 57972] UL Throughput = 0.00000 Mbps
64362 ms [UE 33547] UL Throughput = 0.00000 Mbps
64362 ms [UE 18165] UL Throughput = 0.00000 Mbps
64362 ms [UE 21150] UL Throughput = 0.00000 Mbps
64362 ms [UE 15893] UL Throughput = 0.00000 Mbps
64458 ms [UE 1043] UL Throughput = 0.00000 Mbps
64458 ms [UE 13806] UL Throughput = 0.00000 Mbps
64458 ms [UE 25133] UL Throughput = 0.22351 Mbps
64458 ms [UE 36712] UL Throughput = 0.00000 Mbps
64458 ms [UE 57972] UL Throughput = 0.00000 Mbps
64462 ms [UE 33547] UL Throughput = 0.00000 Mbps
64462 ms [UE 18165] UL Throughput = 0.00000 Mbps
64462 ms [UE 21150] UL Throughput = 0.28036 Mbps
64462 ms [UE 15893] UL Throughput = 0.00000 Mbps
64559 ms [UE 1043] UL Throughput = 0.00000 Mbps
64559 ms [UE 13806] UL Throughput = 0.00000 Mbps
64559 ms [UE 25133] UL Throughput = 0.00000 Mbps
64559 ms [UE 36712] UL Throughput = 0.65266 Mbps
64559 ms [UE 57972] UL Throughput = 0.00000 Mbps
64563 ms [UE 33547] UL Throughput = 0.00000 Mbps
64563 ms [UE 18165] UL Throughput = 0.00000 Mbps
64563 ms [UE 21150] UL Throughput = 0.00000 Mbps
64563 ms [UE 15893] UL Throughput = 0.00000 Mbps
64675 ms [UE 1043] UL Throughput = 0.00000 Mbps
64675 ms [UE 13806] UL Throughput = 0.00000 Mbps
64675 ms [UE 25133] UL Throughput = 0.00000 Mbps
64675 ms [UE 36712] UL Throughput = 0.00000 Mbps
64675 ms [UE 57972] UL Throughput = 0.00000 Mbps
64677 ms [UE 33547] UL Throughput = 0.20816 Mbps
64677 ms [UE 18165] UL Throughput = 0.00000 Mbps
64677 ms [UE 21150] UL Throughput = 0.00000 Mbps
64677 ms [UE 15893] UL Throughput = 0.00000 Mbps
64778 ms [UE 1043] UL Throughput = 0.00000 Mbps
64778 ms [UE 13806] UL Throughput = 0.62965 Mbps
64778 ms [UE 25133] UL Throughput = 0.00000 Mbps
64778 ms [UE 36712] UL Throughput = 0.00000 Mbps
64778 ms [UE 57972] UL Throughput = 0.00000 Mbps
64782 ms [UE 33547] UL Throughput = 0.00000 Mbps
64782 ms [UE 18165] UL Throughput = 0.12205 Mbps
64782 ms [UE 21150] UL Throughput = 0.00000 Mbps
64782 ms [UE 15893] UL Throughput = 0.00000 Mbps
64794 ms | now=1755784780053188 us | PDCP ind_msg latency=71464853 us
64880 ms [UE 1043] UL Throughput = 0.61062 Mbps
64880 ms [UE 13806] UL Throughput = 0.00000 Mbps
64880 ms [UE 25133] UL Throughput = 0.00000 Mbps
64880 ms [UE 36712] UL Throughput = 0.00000 Mbps
64880 ms [UE 57972] UL Throughput = 0.00000 Mbps
64882 ms [UE 33547] UL Throughput = 0.00000 Mbps
64882 ms [UE 18165] UL Throughput = 0.00000 Mbps
64882 ms [UE 21150] UL Throughput = 0.00000 Mbps
64882 ms [UE 15893] UL Throughput = 0.00000 Mbps
64983 ms [UE 33547] UL Throughput = 0.00000 Mbps
64983 ms [UE 18165] UL Throughput = 0.00000 Mbps
64983 ms [UE 21150] UL Throughput = 0.00000 Mbps
64983 ms [UE 15893] UL Throughput = 0.18406 Mbps
64988 ms [UE 1043] UL Throughput = 0.00000 Mbps
64988 ms [UE 13806] UL Throughput = 0.00000 Mbps
64988 ms [UE 25133] UL Throughput = 0.00000 Mbps
64988 ms [UE 36712] UL Throughput = 0.00000 Mbps
64988 ms [UE 57972] UL Throughput = 0.00000 Mbps
65083 ms [UE 33547] UL Throughput = 0.00000 Mbps
65083 ms [UE 18165] UL Throughput = 0.00000 Mbps
65083 ms [UE 21150] UL Throughput = 0.00000 Mbps
65083 ms [UE 15893] UL Throughput = 0.00000 Mbps
65089 ms [UE 1043] UL Throughput = 0.00000 Mbps
65089 ms [UE 13806] UL Throughput = 0.00000 Mbps
65089 ms [UE 25133] UL Throughput = 0.00000 Mbps
65089 ms [UE 36712] UL Throughput = 0.65531 Mbps
65089 ms [UE 57972] UL Throughput = 0.09729 Mbps
65194 ms [UE 33547] UL Throughput = 0.00000 Mbps
65194 ms [UE 18165] UL Throughput = 0.00000 Mbps
65194 ms [UE 21150] UL Throughput = 0.00000 Mbps
65194 ms [UE 15893] UL Throughput = 0.00000 Mbps
65198 ms [UE 1043] UL Throughput = 0.00000 Mbps
65198 ms [UE 13806] UL Throughput = 0.00000 Mbps
65198 ms [UE 25133] UL Throughput = 0.00000 Mbps
65198 ms [UE 36712] UL Throughput = 0.00000 Mbps
65198 ms [UE 57972] UL Throughput = 0.40202 Mbps
65302 ms [UE 33547] UL Throughput = 0.18120 Mbps
65302 ms [UE 18165] UL Throughput = 0.00000 Mbps
65302 ms [UE 21150] UL Throughput = 0.35875 Mbps
65302 ms [UE 15893] UL Throughput = 0.00000 Mbps
65308 ms [UE 1043] UL Throughput = 0.00000 Mbps
65308 ms [UE 13806] UL Throughput = 0.00000 Mbps
65308 ms [UE 25133] UL Throughput = 0.00000 Mbps
65308 ms [UE 36712] UL Throughput = 0.00000 Mbps
65308 ms [UE 57972] UL Throughput = 0.00000 Mbps
65408 ms [UE 1043] UL Throughput = 0.00000 Mbps
65408 ms [UE 13806] UL Throughput = 0.11501 Mbps
65408 ms [UE 25133] UL Throughput = 0.00000 Mbps
65408 ms [UE 36712] UL Throughput = 0.00000 Mbps
65408 ms [UE 57972] UL Throughput = 0.00000 Mbps
65411 ms [UE 33547] UL Throughput = 0.00000 Mbps
65411 ms [UE 18165] UL Throughput = 0.00000 Mbps
65411 ms [UE 21150] UL Throughput = 0.00000 Mbps
65411 ms [UE 15893] UL Throughput = 0.00000 Mbps
65508 ms [UE 1043] UL Throughput = 0.69424 Mbps
65508 ms [UE 13806] UL Throughput = 0.00000 Mbps
65508 ms [UE 25133] UL Throughput = 0.00000 Mbps
65508 ms [UE 36712] UL Throughput = 0.00000 Mbps
65508 ms [UE 57972] UL Throughput = 0.00000 Mbps
65512 ms [UE 33547] UL Throughput = 0.00000 Mbps
65512 ms [UE 18165] UL Throughput = 0.02770 Mbps
65512 ms [UE 21150] UL Throughput = 0.00000 Mbps
65512 ms [UE 15893] UL Throughput = 0.00000 Mbps
65618 ms [UE 1043] UL Throughput = 0.00000 Mbps
65618 ms [UE 13806] UL Throughput = 0.00000 Mbps
65618 ms [UE 25133] UL Throughput = 0.00000 Mbps
65618 ms [UE 36712] UL Throughput = 0.00000 Mbps
65618 ms [UE 57972] UL Throughput = 0.00000 Mbps
65622 ms [UE 33547] UL Throughput = 0.00000 Mbps
65622 ms [UE 18165] UL Throughput = 0.10263 Mbps
65622 ms [UE 21150] UL Throughput = 0.00000 Mbps
65622 ms [UE 15893] UL Throughput = 0.00000 Mbps
65719 ms [UE 1043] UL Throughput = 0.00000 Mbps
65719 ms [UE 13806] UL Throughput = 0.64365 Mbps
65719 ms [UE 25133] UL Throughput = 0.00000 Mbps
65719 ms [UE 36712] UL Throughput = 0.65120 Mbps
65719 ms [UE 57972] UL Throughput = 0.00000 Mbps
65732 ms [UE 33547] UL Throughput = 0.00000 Mbps
65732 ms [UE 18165] UL Throughput = 0.00000 Mbps
65732 ms [UE 21150] UL Throughput = 0.00000 Mbps
65732 ms [UE 15893] UL Throughput = 0.00000 Mbps
65828 ms [UE 1043] UL Throughput = 0.00000 Mbps
65828 ms [UE 13806] UL Throughput = 0.00000 Mbps
65828 ms [UE 25133] UL Throughput = 0.00000 Mbps
65828 ms [UE 36712] UL Throughput = 0.00000 Mbps
65828 ms [UE 57972] UL Throughput = 0.00000 Mbps
65834 ms | now=1755784781092791 us | PDCP ind_msg latency=71465455 us
65841 ms [UE 33547] UL Throughput = 0.00000 Mbps
65841 ms [UE 18165] UL Throughput = 0.00000 Mbps
65841 ms [UE 21150] UL Throughput = 0.00000 Mbps
65841 ms [UE 15893] UL Throughput = 0.15714 Mbps
65930 ms [UE 1043] UL Throughput = 0.00000 Mbps
65930 ms [UE 13806] UL Throughput = 0.00000 Mbps
65930 ms [UE 25133] UL Throughput = 0.00000 Mbps
65930 ms [UE 36712] UL Throughput = 0.00000 Mbps
65930 ms [UE 57972] UL Throughput = 0.00000 Mbps
65942 ms [UE 33547] UL Throughput = 0.00000 Mbps
65942 ms [UE 18165] UL Throughput = 0.00000 Mbps
65942 ms [UE 21150] UL Throughput = 0.28382 Mbps
65942 ms [UE 15893] UL Throughput = 0.00000 Mbps
66038 ms [UE 1043] UL Throughput = 0.00000 Mbps
66038 ms [UE 13806] UL Throughput = 0.00000 Mbps
66038 ms [UE 25133] UL Throughput = 0.18006 Mbps
66038 ms [UE 36712] UL Throughput = 0.00000 Mbps
66038 ms [UE 57972] UL Throughput = 0.45027 Mbps
66043 ms [UE 33547] UL Throughput = 0.00000 Mbps
66043 ms [UE 18165] UL Throughput = 0.00000 Mbps
66043 ms [UE 21150] UL Throughput = 0.00000 Mbps
66043 ms [UE 15893] UL Throughput = 0.00000 Mbps
66138 ms [UE 1043] UL Throughput = 0.00000 Mbps
66138 ms [UE 13806] UL Throughput = 0.00000 Mbps
66138 ms [UE 25133] UL Throughput = 0.00000 Mbps
66138 ms [UE 36712] UL Throughput = 0.00000 Mbps
66138 ms [UE 57972] UL Throughput = 0.00000 Mbps
66152 ms [UE 33547] UL Throughput = 0.20354 Mbps
66152 ms [UE 18165] UL Throughput = 0.10827 Mbps
66152 ms [UE 21150] UL Throughput = 0.00000 Mbps
66152 ms [UE 15893] UL Throughput = 0.00000 Mbps
66238 ms [UE 1043] UL Throughput = 0.00000 Mbps
66238 ms [UE 13806] UL Throughput = 0.00000 Mbps
66238 ms [UE 25133] UL Throughput = 0.00000 Mbps
66238 ms [UE 36712] UL Throughput = 0.00000 Mbps
66238 ms [UE 57972] UL Throughput = 0.00000 Mbps
66262 ms [UE 33547] UL Throughput = 0.00000 Mbps
66262 ms [UE 18165] UL Throughput = 0.00000 Mbps
66262 ms [UE 21150] UL Throughput = 0.00000 Mbps
66262 ms [UE 15893] UL Throughput = 0.00000 Mbps
66340 ms [UE 1043] UL Throughput = 0.83368 Mbps
66340 ms [UE 13806] UL Throughput = 0.00000 Mbps
66340 ms [UE 25133] UL Throughput = 0.00000 Mbps
66340 ms [UE 36712] UL Throughput = 0.64287 Mbps
66340 ms [UE 57972] UL Throughput = 0.00000 Mbps
66371 ms [UE 33547] UL Throughput = 0.00000 Mbps
66371 ms [UE 18165] UL Throughput = 0.00000 Mbps
66371 ms [UE 21150] UL Throughput = 0.00000 Mbps
66371 ms [UE 15893] UL Throughput = 0.00000 Mbps
66448 ms [UE 1043] UL Throughput = 0.00000 Mbps
66448 ms [UE 13806] UL Throughput = 0.00000 Mbps
66448 ms [UE 25133] UL Throughput = 0.00000 Mbps
66448 ms [UE 36712] UL Throughput = 0.00000 Mbps
66448 ms [UE 57972] UL Throughput = 0.00000 Mbps
66482 ms [UE 33547] UL Throughput = 0.00000 Mbps
66482 ms [UE 18165] UL Throughput = 0.00000 Mbps
66482 ms [UE 21150] UL Throughput = 0.00000 Mbps
66482 ms [UE 15893] UL Throughput = 0.12541 Mbps
66549 ms [UE 1043] UL Throughput = 0.00000 Mbps
66549 ms [UE 13806] UL Throughput = 0.00000 Mbps
66549 ms [UE 25133] UL Throughput = 0.00000 Mbps
66549 ms [UE 36712] UL Throughput = 0.00000 Mbps
66549 ms [UE 57972] UL Throughput = 0.00000 Mbps
66591 ms [UE 33547] UL Throughput = 0.00000 Mbps
66591 ms [UE 18165] UL Throughput = 0.00000 Mbps
66591 ms [UE 21150] UL Throughput = 0.00000 Mbps
66591 ms [UE 15893] UL Throughput = 0.00000 Mbps
66658 ms [UE 1043] UL Throughput = 0.00000 Mbps
66658 ms [UE 13806] UL Throughput = 0.59128 Mbps
66658 ms [UE 25133] UL Throughput = 0.00000 Mbps
66658 ms [UE 36712] UL Throughput = 0.00000 Mbps
66658 ms [UE 57972] UL Throughput = 0.40175 Mbps
66702 ms [UE 33547] UL Throughput = 0.00000 Mbps
66702 ms [UE 18165] UL Throughput = 0.00000 Mbps
66702 ms [UE 21150] UL Throughput = 0.00000 Mbps
66702 ms [UE 15893] UL Throughput = 0.00000 Mbps
66768 ms [UE 1043] UL Throughput = 0.00000 Mbps
66768 ms [UE 13806] UL Throughput = 0.00000 Mbps
66768 ms [UE 25133] UL Throughput = 0.00000 Mbps
66768 ms [UE 36712] UL Throughput = 0.00000 Mbps
66768 ms [UE 57972] UL Throughput = 0.00000 Mbps
66803 ms [UE 33547] UL Throughput = 0.00000 Mbps
66803 ms [UE 18165] UL Throughput = 0.11247 Mbps
66803 ms [UE 21150] UL Throughput = 0.00000 Mbps
66803 ms [UE 15893] UL Throughput = 0.00000 Mbps
66868 ms [UE 1043] UL Throughput = 0.00000 Mbps
66868 ms [UE 13806] UL Throughput = 0.00000 Mbps
66868 ms [UE 25133] UL Throughput = 0.00000 Mbps
66868 ms [UE 36712] UL Throughput = 0.00000 Mbps
66868 ms [UE 57972] UL Throughput = 0.00000 Mbps
66880 ms | now=1755784782139020 us | PDCP ind_msg latency=71464728 us
66912 ms [UE 33547] UL Throughput = 0.00000 Mbps
66912 ms [UE 18165] UL Throughput = 0.00000 Mbps
66912 ms [UE 21150] UL Throughput = 0.00000 Mbps
66912 ms [UE 15893] UL Throughput = 0.00000 Mbps
66969 ms [UE 1043] UL Throughput = 0.69429 Mbps
66969 ms [UE 13806] UL Throughput = 0.00000 Mbps
66969 ms [UE 25133] UL Throughput = 0.04209 Mbps
66969 ms [UE 36712] UL Throughput = 0.00000 Mbps
66969 ms [UE 57972] UL Throughput = 0.00000 Mbps
67021 ms [UE 33547] UL Throughput = 0.03863 Mbps
67021 ms [UE 18165] UL Throughput = 0.00000 Mbps
67021 ms [UE 21150] UL Throughput = 0.00000 Mbps
67021 ms [UE 15893] UL Throughput = 0.00000 Mbps
67078 ms [UE 1043] UL Throughput = 0.00000 Mbps
67078 ms [UE 13806] UL Throughput = 0.00000 Mbps
67078 ms [UE 25133] UL Throughput = 0.00000 Mbps
67078 ms [UE 36712] UL Throughput = 0.00000 Mbps
67078 ms [UE 57972] UL Throughput = 0.00000 Mbps
67122 ms [UE 33547] UL Throughput = 0.19328 Mbps
67122 ms [UE 18165] UL Throughput = 0.00000 Mbps
67122 ms [UE 21150] UL Throughput = 0.00000 Mbps
67122 ms [UE 15893] UL Throughput = 0.00000 Mbps
67188 ms [UE 1043] UL Throughput = 0.00000 Mbps
67188 ms [UE 13806] UL Throughput = 0.00000 Mbps
67188 ms [UE 25133] UL Throughput = 0.03854 Mbps
67188 ms [UE 36712] UL Throughput = 0.00000 Mbps
67188 ms [UE 57972] UL Throughput = 0.00000 Mbps
67231 ms [UE 33547] UL Throughput = 0.00000 Mbps
67231 ms [UE 18165] UL Throughput = 0.00000 Mbps
67231 ms [UE 21150] UL Throughput = 0.00000 Mbps
67231 ms [UE 15893] UL Throughput = 0.00000 Mbps
67298 ms [UE 1043] UL Throughput = 0.00000 Mbps
67298 ms [UE 13806] UL Throughput = 0.00000 Mbps
67298 ms [UE 25133] UL Throughput = 0.17705 Mbps
67298 ms [UE 36712] UL Throughput = 0.00000 Mbps
67298 ms [UE 57972] UL Throughput = 0.35417 Mbps
67342 ms [UE 33547] UL Throughput = 0.00000 Mbps
67342 ms [UE 18165] UL Throughput = 0.11601 Mbps
67342 ms [UE 21150] UL Throughput = 0.00000 Mbps
67342 ms [UE 15893] UL Throughput = 0.16738 Mbps
67401 ms [UE 1043] UL Throughput = 0.00000 Mbps
67401 ms [UE 13806] UL Throughput = 0.00000 Mbps
67401 ms [UE 25133] UL Throughput = 0.00000 Mbps
67401 ms [UE 36712] UL Throughput = 0.00000 Mbps
67401 ms [UE 57972] UL Throughput = 0.00000 Mbps
67451 ms [UE 33547] UL Throughput = 0.00000 Mbps
67451 ms [UE 18165] UL Throughput = 0.00000 Mbps
67451 ms [UE 21150] UL Throughput = 0.00000 Mbps
67451 ms [UE 15893] UL Throughput = 0.00000 Mbps
67509 ms [UE 1043] UL Throughput = 0.00000 Mbps
67509 ms [UE 13806] UL Throughput = 0.55477 Mbps
67509 ms [UE 25133] UL Throughput = 0.00000 Mbps
67509 ms [UE 36712] UL Throughput = 0.00000 Mbps
67509 ms [UE 57972] UL Throughput = 0.00000 Mbps
67551 ms [UE 33547] UL Throughput = 0.00000 Mbps
67551 ms [UE 18165] UL Throughput = 0.00000 Mbps
67551 ms [UE 21150] UL Throughput = 0.00000 Mbps
67551 ms [UE 15893] UL Throughput = 0.00000 Mbps
67609 ms [UE 1043] UL Throughput = 0.64521 Mbps
67609 ms [UE 13806] UL Throughput = 0.00000 Mbps
67609 ms [UE 25133] UL Throughput = 0.00000 Mbps
67609 ms [UE 36712] UL Throughput = 0.00000 Mbps
67609 ms [UE 57972] UL Throughput = 0.00000 Mbps
67653 ms [UE 33547] UL Throughput = 0.00000 Mbps
67653 ms [UE 18165] UL Throughput = 0.00000 Mbps
67653 ms [UE 21150] UL Throughput = 0.31152 Mbps
67653 ms [UE 15893] UL Throughput = 0.00000 Mbps
67718 ms [UE 1043] UL Throughput = 0.00000 Mbps
67718 ms [UE 13806] UL Throughput = 0.00000 Mbps
67718 ms [UE 25133] UL Throughput = 0.00000 Mbps
67718 ms [UE 36712] UL Throughput = 0.00000 Mbps
67718 ms [UE 57972] UL Throughput = 0.00000 Mbps
67762 ms [UE 33547] UL Throughput = 0.00000 Mbps
67762 ms [UE 18165] UL Throughput = 0.00000 Mbps
67762 ms [UE 21150] UL Throughput = 0.00000 Mbps
67762 ms [UE 15893] UL Throughput = 0.00000 Mbps
67828 ms [UE 1043] UL Throughput = 0.00000 Mbps
67828 ms [UE 13806] UL Throughput = 0.00000 Mbps
67828 ms [UE 25133] UL Throughput = 0.16297 Mbps
67828 ms [UE 36712] UL Throughput = 0.00000 Mbps
67828 ms [UE 57972] UL Throughput = 0.08850 Mbps
67862 ms [UE 33547] UL Throughput = 0.23677 Mbps
67862 ms [UE 18165] UL Throughput = 0.00000 Mbps
67862 ms [UE 21150] UL Throughput = 0.00000 Mbps
67862 ms [UE 15893] UL Throughput = 0.00000 Mbps
67938 ms [UE 1043] UL Throughput = 0.00000 Mbps
67938 ms [UE 13806] UL Throughput = 0.00000 Mbps
67938 ms [UE 25133] UL Throughput = 0.00000 Mbps
67938 ms [UE 36712] UL Throughput = 0.00000 Mbps
67938 ms [UE 57972] UL Throughput = 0.00000 Mbps
67946 ms | now=1755784783205087 us | PDCP ind_msg latency=71464754 us
67971 ms [UE 33547] UL Throughput = 0.00000 Mbps
67971 ms [UE 18165] UL Throughput = 0.00000 Mbps
67971 ms [UE 21150] UL Throughput = 0.00000 Mbps
67971 ms [UE 15893] UL Throughput = 0.12161 Mbps
68038 ms [UE 1043] UL Throughput = 0.00000 Mbps
68038 ms [UE 13806] UL Throughput = 0.59608 Mbps
68038 ms [UE 25133] UL Throughput = 0.00000 Mbps
68038 ms [UE 36712] UL Throughput = 0.00000 Mbps
68038 ms [UE 57972] UL Throughput = 0.00000 Mbps
68072 ms [UE 33547] UL Throughput = 0.00000 Mbps
68072 ms [UE 18165] UL Throughput = 0.00000 Mbps
68072 ms [UE 21150] UL Throughput = 0.00000 Mbps
68072 ms [UE 15893] UL Throughput = 0.00000 Mbps
68139 ms [UE 1043] UL Throughput = 0.00000 Mbps
68139 ms [UE 13806] UL Throughput = 0.00000 Mbps
68139 ms [UE 25133] UL Throughput = 0.00000 Mbps
68139 ms [UE 36712] UL Throughput = 0.65370 Mbps
68139 ms [UE 57972] UL Throughput = 0.00000 Mbps
68181 ms [UE 33547] UL Throughput = 0.00000 Mbps
68181 ms [UE 18165] UL Throughput = 0.14292 Mbps
68181 ms [UE 21150] UL Throughput = 0.00000 Mbps
68181 ms [UE 15893] UL Throughput = 0.00000 Mbps
68250 ms [UE 1043] UL Throughput = 0.00000 Mbps
68250 ms [UE 13806] UL Throughput = 0.00000 Mbps
68250 ms [UE 25133] UL Throughput = 0.00000 Mbps
68250 ms [UE 36712] UL Throughput = 0.00000 Mbps
68250 ms [UE 57972] UL Throughput = 0.00000 Mbps
68283 ms [UE 33547] UL Throughput = 0.00000 Mbps
68283 ms [UE 18165] UL Throughput = 0.00000 Mbps
68283 ms [UE 21150] UL Throughput = 0.00000 Mbps
68283 ms [UE 15893] UL Throughput = 0.00000 Mbps
68358 ms [UE 1043] UL Throughput = 0.14189 Mbps
68358 ms [UE 13806] UL Throughput = 0.00000 Mbps
68358 ms [UE 25133] UL Throughput = 0.00000 Mbps
68358 ms [UE 36712] UL Throughput = 0.00000 Mbps
68358 ms [UE 57972] UL Throughput = 0.00000 Mbps
68392 ms [UE 33547] UL Throughput = 0.00000 Mbps
68392 ms [UE 18165] UL Throughput = 0.00000 Mbps
68392 ms [UE 21150] UL Throughput = 0.06216 Mbps
68392 ms [UE 15893] UL Throughput = 0.00000 Mbps
68458 ms [UE 1043] UL Throughput = 0.00000 Mbps
68458 ms [UE 13806] UL Throughput = 0.00000 Mbps
68458 ms [UE 25133] UL Throughput = 0.00000 Mbps
68458 ms [UE 36712] UL Throughput = 0.58263 Mbps
68458 ms [UE 57972] UL Throughput = 0.00000 Mbps
68502 ms [UE 33547] UL Throughput = 0.17734 Mbps
68502 ms [UE 18165] UL Throughput = 0.00000 Mbps
68502 ms [UE 21150] UL Throughput = 0.00000 Mbps
68502 ms [UE 15893] UL Throughput = 0.13769 Mbps
68569 ms [UE 1043] UL Throughput = 0.00000 Mbps
68569 ms [UE 13806] UL Throughput = 0.00000 Mbps
68569 ms [UE 25133] UL Throughput = 0.00000 Mbps
68569 ms [UE 36712] UL Throughput = 0.00000 Mbps
68569 ms [UE 57972] UL Throughput = 0.00000 Mbps
68602 ms [UE 33547] UL Throughput = 0.00000 Mbps
68602 ms [UE 18165] UL Throughput = 0.00000 Mbps
68602 ms [UE 21150] UL Throughput = 0.00000 Mbps
68602 ms [UE 15893] UL Throughput = 0.00000 Mbps
68669 ms [UE 1043] UL Throughput = 0.15330 Mbps
68669 ms [UE 13806] UL Throughput = 0.00000 Mbps
68669 ms [UE 25133] UL Throughput = 0.19416 Mbps
68669 ms [UE 36712] UL Throughput = 0.00000 Mbps
68669 ms [UE 57972] UL Throughput = 0.00000 Mbps
68702 ms [UE 33547] UL Throughput = 0.00000 Mbps
68702 ms [UE 18165] UL Throughput = 0.00000 Mbps
68702 ms [UE 21150] UL Throughput = 0.06775 Mbps
68702 ms [UE 15893] UL Throughput = 0.00000 Mbps
68778 ms [UE 1043] UL Throughput = 0.63511 Mbps
68778 ms [UE 13806] UL Throughput = 0.00000 Mbps
68778 ms [UE 25133] UL Throughput = 0.00000 Mbps
68778 ms [UE 36712] UL Throughput = 0.00000 Mbps
68778 ms [UE 57972] UL Throughput = 0.00000 Mbps
68802 ms [UE 33547] UL Throughput = 0.00000 Mbps
68802 ms [UE 18165] UL Throughput = 0.00000 Mbps
68802 ms [UE 21150] UL Throughput = 0.31691 Mbps
68802 ms [UE 15893] UL Throughput = 0.00000 Mbps
68889 ms [UE 1043] UL Throughput = 0.00000 Mbps
68889 ms [UE 13806] UL Throughput = 0.00000 Mbps
68889 ms [UE 25133] UL Throughput = 0.00000 Mbps
68889 ms [UE 36712] UL Throughput = 0.00000 Mbps
68889 ms [UE 57972] UL Throughput = 0.00000 Mbps
68904 ms [UE 33547] UL Throughput = 0.00000 Mbps
68904 ms [UE 18165] UL Throughput = 0.00000 Mbps
68904 ms [UE 21150] UL Throughput = 0.00000 Mbps
68904 ms [UE 15893] UL Throughput = 0.00000 Mbps
68989 ms [UE 1043] UL Throughput = 0.00000 Mbps
68989 ms [UE 13806] UL Throughput = 0.11491 Mbps
68989 ms [UE 25133] UL Throughput = 0.00000 Mbps
68989 ms [UE 36712] UL Throughput = 0.00000 Mbps
68989 ms [UE 57972] UL Throughput = 0.39809 Mbps
69005 ms | now=1755784784264208 us | PDCP ind_msg latency=71464878 us
69011 ms [UE 33547] UL Throughput = 0.00000 Mbps
69011 ms [UE 18165] UL Throughput = 0.14477 Mbps
69011 ms [UE 21150] UL Throughput = 0.00000 Mbps
69011 ms [UE 15893] UL Throughput = 0.00000 Mbps
69098 ms [UE 1043] UL Throughput = 0.00000 Mbps
69098 ms [UE 13806] UL Throughput = 0.48686 Mbps
69098 ms [UE 25133] UL Throughput = 0.00000 Mbps
69098 ms [UE 36712] UL Throughput = 0.00000 Mbps
69098 ms [UE 57972] UL Throughput = 0.00000 Mbps
69111 ms [UE 33547] UL Throughput = 0.00000 Mbps
69111 ms [UE 18165] UL Throughput = 0.00000 Mbps
69111 ms [UE 21150] UL Throughput = 0.00000 Mbps
69111 ms [UE 15893] UL Throughput = 0.13314 Mbps
69209 ms [UE 1043] UL Throughput = 0.00000 Mbps
69209 ms [UE 13806] UL Throughput = 0.00000 Mbps
69209 ms [UE 25133] UL Throughput = 0.00000 Mbps
69209 ms [UE 36712] UL Throughput = 0.00000 Mbps
69209 ms [UE 57972] UL Throughput = 0.00000 Mbps
69212 ms [UE 33547] UL Throughput = 0.00000 Mbps
69212 ms [UE 18165] UL Throughput = 0.00000 Mbps
69212 ms [UE 21150] UL Throughput = 0.00000 Mbps
69212 ms [UE 15893] UL Throughput = 0.00000 Mbps
69318 ms [UE 1043] UL Throughput = 0.63436 Mbps
69318 ms [UE 13806] UL Throughput = 0.00000 Mbps
69318 ms [UE 25133] UL Throughput = 0.00000 Mbps
69318 ms [UE 36712] UL Throughput = 0.72767 Mbps
69318 ms [UE 57972] UL Throughput = 0.00000 Mbps
69321 ms [UE 33547] UL Throughput = 0.21659 Mbps
69321 ms [UE 18165] UL Throughput = 0.00000 Mbps
69321 ms [UE 21150] UL Throughput = 0.29032 Mbps
69321 ms [UE 15893] UL Throughput = 0.00000 Mbps
69421 ms [UE 33547] UL Throughput = 0.00000 Mbps
69421 ms [UE 18165] UL Throughput = 0.00000 Mbps
69421 ms [UE 21150] UL Throughput = 0.00000 Mbps
69421 ms [UE 15893] UL Throughput = 0.00000 Mbps
69428 ms [UE 1043] UL Throughput = 0.00000 Mbps
69428 ms [UE 13806] UL Throughput = 0.00000 Mbps
69428 ms [UE 25133] UL Throughput = 0.00000 Mbps
69428 ms [UE 36712] UL Throughput = 0.00000 Mbps
69428 ms [UE 57972] UL Throughput = 0.00000 Mbps
69531 ms [UE 1043] UL Throughput = 0.00000 Mbps
69531 ms [UE 13806] UL Throughput = 0.00000 Mbps
69531 ms [UE 25133] UL Throughput = 0.04123 Mbps
69531 ms [UE 36712] UL Throughput = 0.00000 Mbps
69531 ms [UE 57972] UL Throughput = 0.00000 Mbps
69531 ms [UE 33547] UL Throughput = 0.00000 Mbps
69531 ms [UE 18165] UL Throughput = 0.00000 Mbps
69531 ms [UE 21150] UL Throughput = 0.00000 Mbps
69531 ms [UE 15893] UL Throughput = 0.00000 Mbps
69632 ms [UE 33547] UL Throughput = 0.00000 Mbps
69632 ms [UE 18165] UL Throughput = 0.12678 Mbps
69632 ms [UE 21150] UL Throughput = 0.00000 Mbps
69632 ms [UE 15893] UL Throughput = 0.00000 Mbps
69640 ms [UE 1043] UL Throughput = 0.00000 Mbps
69640 ms [UE 13806] UL Throughput = 0.43034 Mbps
69640 ms [UE 25133] UL Throughput = 0.17779 Mbps
69640 ms [UE 36712] UL Throughput = 0.00000 Mbps
69640 ms [UE 57972] UL Throughput = 0.00000 Mbps
69741 ms [UE 33547] UL Throughput = 0.00000 Mbps
69741 ms [UE 18165] UL Throughput = 0.00000 Mbps
69741 ms [UE 21150] UL Throughput = 0.00000 Mbps
69741 ms [UE 15893] UL Throughput = 0.00000 Mbps
69753 ms [UE 1043] UL Throughput = 0.00000 Mbps
69753 ms [UE 13806] UL Throughput = 0.00000 Mbps
69753 ms [UE 25133] UL Throughput = 0.00000 Mbps
69753 ms [UE 36712] UL Throughput = 0.00000 Mbps
69753 ms [UE 57972] UL Throughput = 0.00000 Mbps
69851 ms [UE 33547] UL Throughput = 0.00000 Mbps
69851 ms [UE 18165] UL Throughput = 0.00000 Mbps
69851 ms [UE 21150] UL Throughput = 0.00000 Mbps
69851 ms [UE 15893] UL Throughput = 0.16811 Mbps
69859 ms [UE 1043] UL Throughput = 0.00000 Mbps
69859 ms [UE 13806] UL Throughput = 0.00000 Mbps
69859 ms [UE 25133] UL Throughput = 0.00000 Mbps
69859 ms [UE 36712] UL Throughput = 0.00000 Mbps
69859 ms [UE 57972] UL Throughput = 0.00000 Mbps
69960 ms [UE 1043] UL Throughput = 0.00000 Mbps
69960 ms [UE 13806] UL Throughput = 0.00000 Mbps
69960 ms [UE 25133] UL Throughput = 0.00000 Mbps
69960 ms [UE 36712] UL Throughput = 0.64585 Mbps
69960 ms [UE 57972] UL Throughput = 0.52963 Mbps
69961 ms [UE 33547] UL Throughput = 0.17737 Mbps
69961 ms [UE 18165] UL Throughput = 0.00000 Mbps
69961 ms [UE 21150] UL Throughput = 0.00000 Mbps
69961 ms [UE 15893] UL Throughput = 0.00000 Mbps
70033 ms | now=1755784785292316 us | PDCP ind_msg latency=71464947 us
70061 ms [UE 33547] UL Throughput = 0.00000 Mbps
70061 ms [UE 18165] UL Throughput = 0.00000 Mbps
70061 ms [UE 21150] UL Throughput = 0.06760 Mbps
70061 ms [UE 15893] UL Throughput = 0.00000 Mbps
70068 ms [UE 1043] UL Throughput = 0.00000 Mbps
70068 ms [UE 13806] UL Throughput = 0.00000 Mbps
70068 ms [UE 25133] UL Throughput = 0.00000 Mbps
70068 ms [UE 36712] UL Throughput = 0.00000 Mbps
70068 ms [UE 57972] UL Throughput = 0.00000 Mbps
70162 ms [UE 33547] UL Throughput = 0.00000 Mbps
70162 ms [UE 18165] UL Throughput = 0.11226 Mbps
70162 ms [UE 21150] UL Throughput = 0.31622 Mbps
70162 ms [UE 15893] UL Throughput = 0.00000 Mbps
70169 ms [UE 1043] UL Throughput = 0.15291 Mbps
70169 ms [UE 13806] UL Throughput = 0.00000 Mbps
70169 ms [UE 25133] UL Throughput = 0.00000 Mbps
70169 ms [UE 36712] UL Throughput = 0.00000 Mbps
70169 ms [UE 57972] UL Throughput = 0.00000 Mbps
70272 ms [UE 33547] UL Throughput = 0.00000 Mbps
70272 ms [UE 18165] UL Throughput = 0.00000 Mbps
70272 ms [UE 21150] UL Throughput = 0.00000 Mbps
70272 ms [UE 15893] UL Throughput = 0.00000 Mbps
70278 ms [UE 1043] UL Throughput = 0.63681 Mbps
70278 ms [UE 13806] UL Throughput = 0.00000 Mbps
70278 ms [UE 25133] UL Throughput = 0.17790 Mbps
70278 ms [UE 36712] UL Throughput = 0.00000 Mbps
70278 ms [UE 57972] UL Throughput = 0.00000 Mbps
70373 ms [UE 33547] UL Throughput = 0.00000 Mbps
70373 ms [UE 18165] UL Throughput = 0.00000 Mbps
70373 ms [UE 21150] UL Throughput = 0.00000 Mbps
70373 ms [UE 15893] UL Throughput = 0.00000 Mbps
70389 ms [UE 1043] UL Throughput = 0.00000 Mbps
70389 ms [UE 13806] UL Throughput = 0.00000 Mbps
70389 ms [UE 25133] UL Throughput = 0.00000 Mbps
70389 ms [UE 36712] UL Throughput = 0.00000 Mbps
70389 ms [UE 57972] UL Throughput = 0.00000 Mbps
70484 ms [UE 33547] UL Throughput = 0.00000 Mbps
70484 ms [UE 18165] UL Throughput = 0.00000 Mbps
70484 ms [UE 21150] UL Throughput = 0.00000 Mbps
70484 ms [UE 15893] UL Throughput = 0.12425 Mbps
70498 ms [UE 1043] UL Throughput = 0.00000 Mbps
70498 ms [UE 13806] UL Throughput = 0.10529 Mbps
70498 ms [UE 25133] UL Throughput = 0.00000 Mbps
70498 ms [UE 36712] UL Throughput = 0.59894 Mbps
70498 ms [UE 57972] UL Throughput = 0.00000 Mbps
70592 ms [UE 33547] UL Throughput = 0.00000 Mbps
70592 ms [UE 18165] UL Throughput = 0.00000 Mbps
70592 ms [UE 21150] UL Throughput = 0.00000 Mbps
70592 ms [UE 15893] UL Throughput = 0.00000 Mbps
70599 ms [UE 1043] UL Throughput = 0.00000 Mbps
70599 ms [UE 13806] UL Throughput = 0.00000 Mbps
70599 ms [UE 25133] UL Throughput = 0.00000 Mbps
70599 ms [UE 36712] UL Throughput = 0.00000 Mbps
70599 ms [UE 57972] UL Throughput = 0.00000 Mbps
70693 ms [UE 33547] UL Throughput = 0.21961 Mbps
70693 ms [UE 18165] UL Throughput = 0.11682 Mbps
70693 ms [UE 21150] UL Throughput = 0.00000 Mbps
70693 ms [UE 15893] UL Throughput = 0.00000 Mbps
70709 ms [UE 1043] UL Throughput = 0.00000 Mbps
70709 ms [UE 13806] UL Throughput = 0.00000 Mbps
70709 ms [UE 25133] UL Throughput = 0.00000 Mbps
70709 ms [UE 36712] UL Throughput = 0.00000 Mbps
70709 ms [UE 57972] UL Throughput = 0.08859 Mbps
70802 ms [UE 33547] UL Throughput = 0.00000 Mbps
70802 ms [UE 18165] UL Throughput = 0.00000 Mbps
70802 ms [UE 21150] UL Throughput = 0.00000 Mbps
70802 ms [UE 15893] UL Throughput = 0.00000 Mbps
70818 ms [UE 1043] UL Throughput = 0.57034 Mbps
70818 ms [UE 13806] UL Throughput = 0.00000 Mbps
70818 ms [UE 25133] UL Throughput = 0.00000 Mbps
70818 ms [UE 36712] UL Throughput = 0.00000 Mbps
70818 ms [UE 57972] UL Throughput = 0.40186 Mbps
70912 ms [UE 33547] UL Throughput = 0.00000 Mbps
70912 ms [UE 18165] UL Throughput = 0.00000 Mbps
70912 ms [UE 21150] UL Throughput = 0.06184 Mbps
70912 ms [UE 15893] UL Throughput = 0.00000 Mbps
70919 ms [UE 1043] UL Throughput = 0.00000 Mbps
70919 ms [UE 13806] UL Throughput = 0.00000 Mbps
70919 ms [UE 25133] UL Throughput = 0.00000 Mbps
70919 ms [UE 36712] UL Throughput = 0.00000 Mbps
70919 ms [UE 57972] UL Throughput = 0.00000 Mbps
71013 ms [UE 33547] UL Throughput = 0.00000 Mbps
71013 ms [UE 18165] UL Throughput = 0.00000 Mbps
71013 ms [UE 21150] UL Throughput = 0.00000 Mbps
71013 ms [UE 15893] UL Throughput = 0.00000 Mbps
71023 ms [UE 1043] UL Throughput = 0.00000 Mbps
71023 ms [UE 13806] UL Throughput = 0.00000 Mbps
71023 ms [UE 25133] UL Throughput = 0.04076 Mbps
71023 ms [UE 36712] UL Throughput = 0.00000 Mbps
71023 ms [UE 57972] UL Throughput = 0.00000 Mbps
71059 ms | now=1755784786317917 us | PDCP ind_msg latency=71465592 us
71113 ms [UE 33547] UL Throughput = 0.00000 Mbps
71113 ms [UE 18165] UL Throughput = 0.00000 Mbps
71113 ms [UE 21150] UL Throughput = 0.00000 Mbps
71113 ms [UE 15893] UL Throughput = 0.00000 Mbps
71129 ms [UE 1043] UL Throughput = 0.00000 Mbps
71129 ms [UE 13806] UL Throughput = 0.50288 Mbps
71129 ms [UE 25133] UL Throughput = 0.18368 Mbps
71129 ms [UE 36712] UL Throughput = 0.00000 Mbps
71129 ms [UE 57972] UL Throughput = 0.00000 Mbps
71221 ms [UE 33547] UL Throughput = 0.00000 Mbps
71221 ms [UE 18165] UL Throughput = 0.00000 Mbps
71221 ms [UE 21150] UL Throughput = 0.00000 Mbps
71221 ms [UE 15893] UL Throughput = 0.03097 Mbps
71239 ms [UE 1043] UL Throughput = 0.00000 Mbps
71239 ms [UE 13806] UL Throughput = 0.00000 Mbps
71239 ms [UE 25133] UL Throughput = 0.00000 Mbps
71239 ms [UE 36712] UL Throughput = 0.00000 Mbps
71239 ms [UE 57972] UL Throughput = 0.00000 Mbps
71322 ms [UE 33547] UL Throughput = 0.00000 Mbps
71322 ms [UE 18165] UL Throughput = 0.11157 Mbps
71322 ms [UE 21150] UL Throughput = 0.00000 Mbps
71322 ms [UE 15893] UL Throughput = 0.14957 Mbps
71348 ms [UE 1043] UL Throughput = 0.00000 Mbps
71348 ms [UE 13806] UL Throughput = 0.00000 Mbps
71348 ms [UE 25133] UL Throughput = 0.00000 Mbps
71348 ms [UE 36712] UL Throughput = 0.73264 Mbps
71348 ms [UE 57972] UL Throughput = 0.40372 Mbps
71431 ms [UE 33547] UL Throughput = 0.00000 Mbps
71431 ms [UE 18165] UL Throughput = 0.00000 Mbps
71431 ms [UE 21150] UL Throughput = 0.00000 Mbps
71431 ms [UE 15893] UL Throughput = 0.00000 Mbps
71459 ms [UE 1043] UL Throughput = 0.00000 Mbps
71459 ms [UE 13806] UL Throughput = 0.00000 Mbps
71459 ms [UE 25133] UL Throughput = 0.00000 Mbps
71459 ms [UE 36712] UL Throughput = 0.00000 Mbps
71459 ms [UE 57972] UL Throughput = 0.00000 Mbps
71532 ms [UE 33547] UL Throughput = 0.04193 Mbps
71532 ms [UE 18165] UL Throughput = 0.00000 Mbps
71532 ms [UE 21150] UL Throughput = 0.00000 Mbps
71532 ms [UE 15893] UL Throughput = 0.00000 Mbps
71559 ms [UE 1043] UL Throughput = 0.00000 Mbps
71559 ms [UE 13806] UL Throughput = 0.00000 Mbps
71559 ms [UE 25133] UL Throughput = 0.00000 Mbps
71559 ms [UE 36712] UL Throughput = 0.00000 Mbps
71559 ms [UE 57972] UL Throughput = 0.00000 Mbps
71633 ms [UE 33547] UL Throughput = 0.19389 Mbps
71633 ms [UE 18165] UL Throughput = 0.00000 Mbps
71633 ms [UE 21150] UL Throughput = 0.00000 Mbps
71633 ms [UE 15893] UL Throughput = 0.00000 Mbps
71669 ms [UE 1043] UL Throughput = 0.77524 Mbps
71669 ms [UE 13806] UL Throughput = 0.00000 Mbps
71669 ms [UE 25133] UL Throughput = 0.17744 Mbps
71669 ms [UE 36712] UL Throughput = 0.00000 Mbps
71669 ms [UE 57972] UL Throughput = 0.00000 Mbps
71742 ms [UE 33547] UL Throughput = 0.00000 Mbps
71742 ms [UE 18165] UL Throughput = 0.00000 Mbps
71742 ms [UE 21150] UL Throughput = 0.00000 Mbps
71742 ms [UE 15893] UL Throughput = 0.00000 Mbps
71779 ms [UE 1043] UL Throughput = 0.00000 Mbps
71779 ms [UE 13806] UL Throughput = 0.00000 Mbps
71779 ms [UE 25133] UL Throughput = 0.00000 Mbps
71779 ms [UE 36712] UL Throughput = 0.00000 Mbps
71779 ms [UE 57972] UL Throughput = 0.00000 Mbps
71852 ms [UE 33547] UL Throughput = 0.00000 Mbps
71852 ms [UE 18165] UL Throughput = 0.11638 Mbps
71852 ms [UE 21150] UL Throughput = 0.00000 Mbps
71852 ms [UE 15893] UL Throughput = 0.00000 Mbps
71889 ms [UE 1043] UL Throughput = 0.00000 Mbps
71889 ms [UE 13806] UL Throughput = 0.00000 Mbps
71889 ms [UE 25133] UL Throughput = 0.00000 Mbps
71889 ms [UE 36712] UL Throughput = 0.00000 Mbps
71889 ms [UE 57972] UL Throughput = 0.00000 Mbps
71952 ms [UE 33547] UL Throughput = 0.00000 Mbps
71952 ms [UE 18165] UL Throughput = 0.00000 Mbps
71952 ms [UE 21150] UL Throughput = 0.00000 Mbps
71952 ms [UE 15893] UL Throughput = 0.00000 Mbps
71998 ms [UE 1043] UL Throughput = 0.00000 Mbps
71998 ms [UE 13806] UL Throughput = 0.48561 Mbps
71998 ms [UE 25133] UL Throughput = 0.00000 Mbps
71998 ms [UE 36712] UL Throughput = 0.53205 Mbps
71998 ms [UE 57972] UL Throughput = 0.00000 Mbps
72063 ms [UE 33547] UL Throughput = 0.00000 Mbps
72063 ms [UE 18165] UL Throughput = 0.00000 Mbps
72063 ms [UE 21150] UL Throughput = 0.00000 Mbps
72063 ms [UE 15893] UL Throughput = 0.03039 Mbps
72108 ms [UE 1043] UL Throughput = 0.00000 Mbps
72108 ms [UE 13806] UL Throughput = 0.00000 Mbps
72108 ms [UE 25133] UL Throughput = 0.00000 Mbps
72108 ms [UE 36712] UL Throughput = 0.00000 Mbps
72108 ms [UE 57972] UL Throughput = 0.00000 Mbps
72110 ms | now=1755784787368811 us | PDCP ind_msg latency=71465482 us
72174 ms [UE 33547] UL Throughput = 0.00000 Mbps
72174 ms [UE 18165] UL Throughput = 0.00000 Mbps
72174 ms [UE 21150] UL Throughput = 0.25770 Mbps
72174 ms [UE 15893] UL Throughput = 0.13578 Mbps
72208 ms [UE 1043] UL Throughput = 0.00000 Mbps
72208 ms [UE 13806] UL Throughput = 0.00000 Mbps
72208 ms [UE 25133] UL Throughput = 0.00000 Mbps
72208 ms [UE 36712] UL Throughput = 0.00000 Mbps
72208 ms [UE 57972] UL Throughput = 0.09733 Mbps
72283 ms [UE 33547] UL Throughput = 0.00000 Mbps
72283 ms [UE 18165] UL Throughput = 0.00000 Mbps
72283 ms [UE 21150] UL Throughput = 0.00000 Mbps
72283 ms [UE 15893] UL Throughput = 0.00000 Mbps
72309 ms [UE 1043] UL Throughput = 0.64470 Mbps
72309 ms [UE 13806] UL Throughput = 0.00000 Mbps
72309 ms [UE 25133] UL Throughput = 0.00000 Mbps
72309 ms [UE 36712] UL Throughput = 0.00000 Mbps
72309 ms [UE 57972] UL Throughput = 0.39885 Mbps
72392 ms [UE 33547] UL Throughput = 0.21701 Mbps
72392 ms [UE 18165] UL Throughput = 0.00000 Mbps
72392 ms [UE 21150] UL Throughput = 0.00000 Mbps
72392 ms [UE 15893] UL Throughput = 0.00000 Mbps
72418 ms [UE 1043] UL Throughput = 0.00000 Mbps
72418 ms [UE 13806] UL Throughput = 0.00000 Mbps
72418 ms [UE 25133] UL Throughput = 0.00000 Mbps
72418 ms [UE 36712] UL Throughput = 0.00000 Mbps
72418 ms [UE 57972] UL Throughput = 0.00000 Mbps
72492 ms [UE 33547] UL Throughput = 0.00000 Mbps
72492 ms [UE 18165] UL Throughput = 0.00000 Mbps
72492 ms [UE 21150] UL Throughput = 0.00000 Mbps
72492 ms [UE 15893] UL Throughput = 0.00000 Mbps
72519 ms [UE 1043] UL Throughput = 0.00000 Mbps
72519 ms [UE 13806] UL Throughput = 0.11450 Mbps
72519 ms [UE 25133] UL Throughput = 0.17807 Mbps
72519 ms [UE 36712] UL Throughput = 0.00000 Mbps
72519 ms [UE 57972] UL Throughput = 0.00000 Mbps
72601 ms [UE 33547] UL Throughput = 0.00000 Mbps
72601 ms [UE 18165] UL Throughput = 0.02554 Mbps
72601 ms [UE 21150] UL Throughput = 0.00000 Mbps
72601 ms [UE 15893] UL Throughput = 0.00000 Mbps
72629 ms [UE 1043] UL Throughput = 0.00000 Mbps
72629 ms [UE 13806] UL Throughput = 0.00000 Mbps
72629 ms [UE 25133] UL Throughput = 0.00000 Mbps
72629 ms [UE 36712] UL Throughput = 0.00000 Mbps
72629 ms [UE 57972] UL Throughput = 0.00000 Mbps
72702 ms [UE 33547] UL Throughput = 0.00000 Mbps
72702 ms [UE 18165] UL Throughput = 0.12727 Mbps
72702 ms [UE 21150] UL Throughput = 0.31550 Mbps
72702 ms [UE 15893] UL Throughput = 0.00000 Mbps
72739 ms [UE 1043] UL Throughput = 0.00000 Mbps
72739 ms [UE 13806] UL Throughput = 0.00000 Mbps
72739 ms [UE 25133] UL Throughput = 0.00000 Mbps
72739 ms [UE 36712] UL Throughput = 0.00000 Mbps
72739 ms [UE 57972] UL Throughput = 0.00000 Mbps
72803 ms [UE 33547] UL Throughput = 0.00000 Mbps
72803 ms [UE 18165] UL Throughput = 0.00000 Mbps
72803 ms [UE 21150] UL Throughput = 0.00000 Mbps
72803 ms [UE 15893] UL Throughput = 0.00000 Mbps
72848 ms [UE 1043] UL Throughput = 0.63681 Mbps
72848 ms [UE 13806] UL Throughput = 0.10537 Mbps
72848 ms [UE 25133] UL Throughput = 0.00000 Mbps
72848 ms [UE 36712] UL Throughput = 0.00000 Mbps
72848 ms [UE 57972] UL Throughput = 0.36502 Mbps
72911 ms [UE 33547] UL Throughput = 0.00000 Mbps
72911 ms [UE 18165] UL Throughput = 0.00000 Mbps
72911 ms [UE 21150] UL Throughput = 0.00000 Mbps
72911 ms [UE 15893] UL Throughput = 0.03125 Mbps
72948 ms [UE 1043] UL Throughput = 0.00000 Mbps
72948 ms [UE 13806] UL Throughput = 0.00000 Mbps
72948 ms [UE 25133] UL Throughput = 0.00000 Mbps
72948 ms [UE 36712] UL Throughput = 0.00000 Mbps
72948 ms [UE 57972] UL Throughput = 0.00000 Mbps
73021 ms [UE 33547] UL Throughput = 0.00000 Mbps
73021 ms [UE 18165] UL Throughput = 0.00000 Mbps
73021 ms [UE 21150] UL Throughput = 0.00000 Mbps
73021 ms [UE 15893] UL Throughput = 0.13737 Mbps
73059 ms [UE 1043] UL Throughput = 0.00000 Mbps
73059 ms [UE 13806] UL Throughput = 0.10418 Mbps
73059 ms [UE 25133] UL Throughput = 0.00000 Mbps
73059 ms [UE 36712] UL Throughput = 0.00000 Mbps
73059 ms [UE 57972] UL Throughput = 0.00000 Mbps
73122 ms [UE 33547] UL Throughput = 0.00000 Mbps
73122 ms [UE 18165] UL Throughput = 0.00000 Mbps
73122 ms [UE 21150] UL Throughput = 0.00000 Mbps
73122 ms [UE 15893] UL Throughput = 0.00000 Mbps
73159 ms [UE 1043] UL Throughput = 0.00000 Mbps
73159 ms [UE 13806] UL Throughput = 0.46906 Mbps
73159 ms [UE 25133] UL Throughput = 0.00000 Mbps
73159 ms [UE 36712] UL Throughput = 0.60191 Mbps
73159 ms [UE 57972] UL Throughput = 0.00000 Mbps
73209 ms | now=1755784788468499 us | PDCP ind_msg latency=71465200 us
73231 ms [UE 33547] UL Throughput = 0.21708 Mbps
73231 ms [UE 18165] UL Throughput = 0.11738 Mbps
73231 ms [UE 21150] UL Throughput = 0.00000 Mbps
73231 ms [UE 15893] UL Throughput = 0.00000 Mbps
73269 ms [UE 1043] UL Throughput = 0.00000 Mbps
73269 ms [UE 13806] UL Throughput = 0.00000 Mbps
73269 ms [UE 25133] UL Throughput = 0.00000 Mbps
73269 ms [UE 36712] UL Throughput = 0.00000 Mbps
73269 ms [UE 57972] UL Throughput = 0.00000 Mbps
73331 ms [UE 33547] UL Throughput = 0.00000 Mbps
73331 ms [UE 18165] UL Throughput = 0.00000 Mbps
73331 ms [UE 21150] UL Throughput = 0.00000 Mbps
73331 ms [UE 15893] UL Throughput = 0.00000 Mbps
73369 ms [UE 1043] UL Throughput = 0.00000 Mbps
73369 ms [UE 13806] UL Throughput = 0.00000 Mbps
73369 ms [UE 25133] UL Throughput = 0.00000 Mbps
73369 ms [UE 36712] UL Throughput = 0.00000 Mbps
73369 ms [UE 57972] UL Throughput = 0.00000 Mbps
73432 ms [UE 33547] UL Throughput = 0.00000 Mbps
73432 ms [UE 18165] UL Throughput = 0.00000 Mbps
73432 ms [UE 21150] UL Throughput = 0.06771 Mbps
73432 ms [UE 15893] UL Throughput = 0.00000 Mbps
73469 ms [UE 1043] UL Throughput = 0.69558 Mbps
73469 ms [UE 13806] UL Throughput = 0.00000 Mbps
73469 ms [UE 25133] UL Throughput = 0.00000 Mbps
73469 ms [UE 36712] UL Throughput = 0.00000 Mbps
73469 ms [UE 57972] UL Throughput = 0.53688 Mbps
73532 ms [UE 33547] UL Throughput = 0.00000 Mbps
73532 ms [UE 18165] UL Throughput = 0.00000 Mbps
73532 ms [UE 21150] UL Throughput = 0.31648 Mbps
73532 ms [UE 15893] UL Throughput = 0.13276 Mbps
73579 ms [UE 1043] UL Throughput = 0.00000 Mbps
73579 ms [UE 13806] UL Throughput = 0.00000 Mbps
73579 ms [UE 25133] UL Throughput = 0.00000 Mbps
73579 ms [UE 36712] UL Throughput = 0.00000 Mbps
73579 ms [UE 57972] UL Throughput = 0.00000 Mbps
73632 ms [UE 33547] UL Throughput = 0.00000 Mbps
73632 ms [UE 18165] UL Throughput = 0.00000 Mbps
73632 ms [UE 21150] UL Throughput = 0.00000 Mbps
73632 ms [UE 15893] UL Throughput = 0.00000 Mbps
73689 ms [UE 1043] UL Throughput = 0.00000 Mbps
73689 ms [UE 13806] UL Throughput = 0.00000 Mbps
73689 ms [UE 25133] UL Throughput = 0.00000 Mbps
73689 ms [UE 36712] UL Throughput = 0.00000 Mbps
73689 ms [UE 57972] UL Throughput = 0.00000 Mbps
73732 ms [UE 33547] UL Throughput = 0.00000 Mbps
73732 ms [UE 18165] UL Throughput = 0.00000 Mbps
73732 ms [UE 21150] UL Throughput = 0.00000 Mbps
73732 ms [UE 15893] UL Throughput = 0.00000 Mbps
73790 ms [UE 1043] UL Throughput = 0.00000 Mbps
73790 ms [UE 13806] UL Throughput = 0.64562 Mbps
73790 ms [UE 25133] UL Throughput = 0.00000 Mbps
73790 ms [UE 36712] UL Throughput = 0.65319 Mbps
73790 ms [UE 57972] UL Throughput = 0.00000 Mbps
73842 ms [UE 33547] UL Throughput = 0.17745 Mbps
73842 ms [UE 18165] UL Throughput = 0.00000 Mbps
73842 ms [UE 21150] UL Throughput = 0.00000 Mbps
73842 ms [UE 15893] UL Throughput = 0.00000 Mbps
73899 ms [UE 1043] UL Throughput = 0.00000 Mbps
73899 ms [UE 13806] UL Throughput = 0.00000 Mbps
73899 ms [UE 25133] UL Throughput = 0.00000 Mbps
73899 ms [UE 36712] UL Throughput = 0.00000 Mbps
73899 ms [UE 57972] UL Throughput = 0.00000 Mbps
73942 ms [UE 33547] UL Throughput = 0.00000 Mbps
73942 ms [UE 18165] UL Throughput = 0.00000 Mbps
73942 ms [UE 21150] UL Throughput = 0.00000 Mbps
73942 ms [UE 15893] UL Throughput = 0.00000 Mbps
74001 ms [UE 1043] UL Throughput = 0.00000 Mbps
74001 ms [UE 13806] UL Throughput = 0.00000 Mbps
74001 ms [UE 25133] UL Throughput = 0.00000 Mbps
74001 ms [UE 36712] UL Throughput = 0.00000 Mbps
74001 ms [UE 57972] UL Throughput = 0.00000 Mbps
74052 ms [UE 33547] UL Throughput = 0.00000 Mbps
74052 ms [UE 18165] UL Throughput = 0.14231 Mbps
74052 ms [UE 21150] UL Throughput = 0.00000 Mbps
74052 ms [UE 15893] UL Throughput = 0.00000 Mbps
74108 ms [UE 1043] UL Throughput = 0.14263 Mbps
74108 ms [UE 13806] UL Throughput = 0.00000 Mbps
74108 ms [UE 25133] UL Throughput = 0.16171 Mbps
74108 ms [UE 36712] UL Throughput = 0.00000 Mbps
74108 ms [UE 57972] UL Throughput = 0.40872 Mbps
74162 ms [UE 33547] UL Throughput = 0.00000 Mbps
74162 ms [UE 18165] UL Throughput = 0.00000 Mbps
74162 ms [UE 21150] UL Throughput = 0.00000 Mbps
74162 ms [UE 15893] UL Throughput = 0.13716 Mbps
74210 ms [UE 1043] UL Throughput = 0.00000 Mbps
74210 ms [UE 13806] UL Throughput = 0.00000 Mbps
74210 ms [UE 25133] UL Throughput = 0.00000 Mbps
74210 ms [UE 36712] UL Throughput = 0.00000 Mbps
74210 ms [UE 57972] UL Throughput = 0.00000 Mbps
74262 ms [UE 33547] UL Throughput = 0.00000 Mbps
74262 ms [UE 18165] UL Throughput = 0.00000 Mbps
74262 ms [UE 21150] UL Throughput = 0.00000 Mbps
74262 ms [UE 15893] UL Throughput = 0.00000 Mbps
74300 ms | now=1755784789559169 us | PDCP ind_msg latency=71466762 us
74318 ms [UE 1043] UL Throughput = 0.14201 Mbps
74318 ms [UE 13806] UL Throughput = 0.00000 Mbps
74318 ms [UE 25133] UL Throughput = 0.00000 Mbps
74318 ms [UE 36712] UL Throughput = 0.00000 Mbps
74318 ms [UE 57972] UL Throughput = 0.00000 Mbps
74372 ms [UE 33547] UL Throughput = 0.00000 Mbps
74372 ms [UE 18165] UL Throughput = 0.00000 Mbps
74372 ms [UE 21150] UL Throughput = 0.34794 Mbps
74372 ms [UE 15893] UL Throughput = 0.00000 Mbps
74418 ms [UE 1043] UL Throughput = 0.62491 Mbps
74418 ms [UE 13806] UL Throughput = 0.00000 Mbps
74418 ms [UE 25133] UL Throughput = 0.00000 Mbps
74418 ms [UE 36712] UL Throughput = 0.65562 Mbps
74418 ms [UE 57972] UL Throughput = 0.00000 Mbps
74482 ms [UE 33547] UL Throughput = 0.00000 Mbps
74482 ms [UE 18165] UL Throughput = 0.00000 Mbps
74482 ms [UE 21150] UL Throughput = 0.00000 Mbps
74482 ms [UE 15893] UL Throughput = 0.00000 Mbps
74519 ms [UE 1043] UL Throughput = 0.00000 Mbps
74519 ms [UE 13806] UL Throughput = 0.00000 Mbps
74519 ms [UE 25133] UL Throughput = 0.00000 Mbps
74519 ms [UE 36712] UL Throughput = 0.00000 Mbps
74519 ms [UE 57972] UL Throughput = 0.00000 Mbps
74592 ms [UE 33547] UL Throughput = 0.00000 Mbps
74592 ms [UE 18165] UL Throughput = 0.00000 Mbps
74592 ms [UE 21150] UL Throughput = 0.00000 Mbps
74592 ms [UE 15893] UL Throughput = 0.00000 Mbps
74620 ms [UE 1043] UL Throughput = 0.00000 Mbps
74620 ms [UE 13806] UL Throughput = 0.11425 Mbps
74620 ms [UE 25133] UL Throughput = 0.00000 Mbps
74620 ms [UE 36712] UL Throughput = 0.00000 Mbps
74620 ms [UE 57972] UL Throughput = 0.00000 Mbps
74692 ms [UE 33547] UL Throughput = 0.23636 Mbps
74692 ms [UE 18165] UL Throughput = 0.11247 Mbps
74692 ms [UE 21150] UL Throughput = 0.00000 Mbps
74692 ms [UE 15893] UL Throughput = 0.00000 Mbps
74729 ms [UE 1043] UL Throughput = 0.00000 Mbps
74729 ms [UE 13806] UL Throughput = 0.48741 Mbps
74729 ms [UE 25133] UL Throughput = 0.00000 Mbps
74729 ms [UE 36712] UL Throughput = 0.00000 Mbps
74729 ms [UE 57972] UL Throughput = 0.40282 Mbps
74802 ms [UE 33547] UL Throughput = 0.00000 Mbps
74802 ms [UE 18165] UL Throughput = 0.00000 Mbps
74802 ms [UE 21150] UL Throughput = 0.00000 Mbps
74802 ms [UE 15893] UL Throughput = 0.00000 Mbps
74840 ms [UE 1043] UL Throughput = 0.00000 Mbps
74840 ms [UE 13806] UL Throughput = 0.00000 Mbps
74840 ms [UE 25133] UL Throughput = 0.00000 Mbps
74840 ms [UE 36712] UL Throughput = 0.00000 Mbps
74840 ms [UE 57972] UL Throughput = 0.00000 Mbps
74902 ms [UE 33547] UL Throughput = 0.00000 Mbps
74902 ms [UE 18165] UL Throughput = 0.00000 Mbps
74902 ms [UE 21150] UL Throughput = 0.00000 Mbps
74902 ms [UE 15893] UL Throughput = 0.03343 Mbps
74948 ms [UE 1043] UL Throughput = 0.00000 Mbps
74948 ms [UE 13806] UL Throughput = 0.00000 Mbps
74948 ms [UE 25133] UL Throughput = 0.03465 Mbps
74948 ms [UE 36712] UL Throughput = 0.00000 Mbps
74948 ms [UE 57972] UL Throughput = 0.00000 Mbps
75003 ms [UE 33547] UL Throughput = 0.00000 Mbps
75003 ms [UE 18165] UL Throughput = 0.00000 Mbps
75003 ms [UE 21150] UL Throughput = 0.28423 Mbps
75003 ms [UE 15893] UL Throughput = 0.13708 Mbps
75048 ms [UE 1043] UL Throughput = 0.00000 Mbps
75048 ms [UE 13806] UL Throughput = 0.00000 Mbps
75048 ms [UE 25133] UL Throughput = 0.17420 Mbps
75048 ms [UE 36712] UL Throughput = 0.65560 Mbps
75048 ms [UE 57972] UL Throughput = 0.00000 Mbps
75112 ms [UE 33547] UL Throughput = 0.00000 Mbps
75112 ms [UE 18165] UL Throughput = 0.00000 Mbps
75112 ms [UE 21150] UL Throughput = 0.00000 Mbps
75112 ms [UE 15893] UL Throughput = 0.00000 Mbps
75148 ms [UE 1043] UL Throughput = 0.00000 Mbps
75148 ms [UE 13806] UL Throughput = 0.00000 Mbps
75148 ms [UE 25133] UL Throughput = 0.00000 Mbps
75148 ms [UE 36712] UL Throughput = 0.00000 Mbps
75148 ms [UE 57972] UL Throughput = 0.00000 Mbps
75222 ms [UE 33547] UL Throughput = 0.00000 Mbps
75222 ms [UE 18165] UL Throughput = 0.00000 Mbps
75222 ms [UE 21150] UL Throughput = 0.00000 Mbps
75222 ms [UE 15893] UL Throughput = 0.00000 Mbps
75258 ms [UE 1043] UL Throughput = 0.00000 Mbps
75258 ms [UE 13806] UL Throughput = 0.00000 Mbps
75258 ms [UE 25133] UL Throughput = 0.00000 Mbps
75258 ms [UE 36712] UL Throughput = 0.00000 Mbps
75258 ms [UE 57972] UL Throughput = 0.00000 Mbps
75332 ms [UE 33547] UL Throughput = 0.00000 Mbps
75332 ms [UE 18165] UL Throughput = 0.10754 Mbps
75332 ms [UE 21150] UL Throughput = 0.00000 Mbps
75332 ms [UE 15893] UL Throughput = 0.00000 Mbps
75358 ms [UE 1043] UL Throughput = 0.85004 Mbps
75358 ms [UE 13806] UL Throughput = 0.53266 Mbps
75358 ms [UE 25133] UL Throughput = 0.00000 Mbps
75358 ms [UE 36712] UL Throughput = 0.00000 Mbps
75358 ms [UE 57972] UL Throughput = 0.00000 Mbps
75366 ms | now=1755784790624775 us | PDCP ind_msg latency=71465444 us
75432 ms [UE 33547] UL Throughput = 0.00000 Mbps
75432 ms [UE 18165] UL Throughput = 0.00000 Mbps
75432 ms [UE 21150] UL Throughput = 0.00000 Mbps
75432 ms [UE 15893] UL Throughput = 0.00000 Mbps
75469 ms [UE 1043] UL Throughput = 0.00000 Mbps
75469 ms [UE 13806] UL Throughput = 0.00000 Mbps
75469 ms [UE 25133] UL Throughput = 0.00000 Mbps
75469 ms [UE 36712] UL Throughput = 0.00000 Mbps
75469 ms [UE 57972] UL Throughput = 0.00000 Mbps
75543 ms [UE 33547] UL Throughput = 0.00000 Mbps
75543 ms [UE 18165] UL Throughput = 0.00000 Mbps
75543 ms [UE 21150] UL Throughput = 0.00000 Mbps
75543 ms [UE 15893] UL Throughput = 0.00000 Mbps
75579 ms [UE 1043] UL Throughput = 0.00000 Mbps
75579 ms [UE 13806] UL Throughput = 0.00000 Mbps
75579 ms [UE 25133] UL Throughput = 0.00000 Mbps
75579 ms [UE 36712] UL Throughput = 0.00000 Mbps
75579 ms [UE 57972] UL Throughput = 0.00000 Mbps
75652 ms [UE 33547] UL Throughput = 0.00000 Mbps
75652 ms [UE 18165] UL Throughput = 0.00000 Mbps
75652 ms [UE 21150] UL Throughput = 0.00000 Mbps
75652 ms [UE 15893] UL Throughput = 0.00000 Mbps
75690 ms [UE 1043] UL Throughput = 0.00000 Mbps
75690 ms [UE 13806] UL Throughput = 0.00000 Mbps
75690 ms [UE 25133] UL Throughput = 0.00000 Mbps
75690 ms [UE 36712] UL Throughput = 0.00000 Mbps
75690 ms [UE 57972] UL Throughput = 0.48379 Mbps
75762 ms [UE 33547] UL Throughput = 0.00000 Mbps
75762 ms [UE 18165] UL Throughput = 0.00000 Mbps
75762 ms [UE 21150] UL Throughput = 0.00000 Mbps
75762 ms [UE 15893] UL Throughput = 0.03068 Mbps
75798 ms [UE 1043] UL Throughput = 0.00000 Mbps
75798 ms [UE 13806] UL Throughput = 0.00000 Mbps
75798 ms [UE 25133] UL Throughput = 0.00000 Mbps
75798 ms [UE 36712] UL Throughput = 0.53914 Mbps
75798 ms [UE 57972] UL Throughput = 0.00000 Mbps
75872 ms [UE 33547] UL Throughput = 0.00000 Mbps
75872 ms [UE 18165] UL Throughput = 0.00000 Mbps
75872 ms [UE 21150] UL Throughput = 0.00000 Mbps
75872 ms [UE 15893] UL Throughput = 0.13704 Mbps
75911 ms [UE 1043] UL Throughput = 0.00000 Mbps
75911 ms [UE 13806] UL Throughput = 0.00000 Mbps
75911 ms [UE 25133] UL Throughput = 0.00000 Mbps
75911 ms [UE 36712] UL Throughput = 0.00000 Mbps
75911 ms [UE 57972] UL Throughput = 0.00000 Mbps
75981 ms [UE 33547] UL Throughput = 0.00000 Mbps
75981 ms [UE 18165] UL Throughput = 0.00000 Mbps
75981 ms [UE 21150] UL Throughput = 0.00000 Mbps
75981 ms [UE 15893] UL Throughput = 0.00000 Mbps
76018 ms [UE 1043] UL Throughput = 0.00000 Mbps
76018 ms [UE 13806] UL Throughput = 0.49907 Mbps
76018 ms [UE 25133] UL Throughput = 0.19712 Mbps
76018 ms [UE 36712] UL Throughput = 0.00000 Mbps
76018 ms [UE 57972] UL Throughput = 0.00000 Mbps
76082 ms [UE 33547] UL Throughput = 0.21976 Mbps
76082 ms [UE 18165] UL Throughput = 0.00000 Mbps
76082 ms [UE 21150] UL Throughput = 0.00000 Mbps
76082 ms [UE 15893] UL Throughput = 0.00000 Mbps
76118 ms [UE 1043] UL Throughput = 0.00000 Mbps
76118 ms [UE 13806] UL Throughput = 0.00000 Mbps
76118 ms [UE 25133] UL Throughput = 0.00000 Mbps
76118 ms [UE 36712] UL Throughput = 0.00000 Mbps
76118 ms [UE 57972] UL Throughput = 0.00000 Mbps
76192 ms [UE 33547] UL Throughput = 0.00000 Mbps
76192 ms [UE 18165] UL Throughput = 0.00000 Mbps
76192 ms [UE 21150] UL Throughput = 0.00000 Mbps
76192 ms [UE 15893] UL Throughput = 0.00000 Mbps
76220 ms [UE 1043] UL Throughput = 0.00000 Mbps
76220 ms [UE 13806] UL Throughput = 0.00000 Mbps
76220 ms [UE 25133] UL Throughput = 0.00000 Mbps
76220 ms [UE 36712] UL Throughput = 0.00000 Mbps
76220 ms [UE 57972] UL Throughput = 0.00000 Mbps
76292 ms [UE 33547] UL Throughput = 0.00000 Mbps
76292 ms [UE 18165] UL Throughput = 0.00000 Mbps
76292 ms [UE 21150] UL Throughput = 0.00000 Mbps
76292 ms [UE 15893] UL Throughput = 0.00000 Mbps
76329 ms [UE 1043] UL Throughput = 0.00675 Mbps
76329 ms [UE 13806] UL Throughput = 0.00000 Mbps
76329 ms [UE 25133] UL Throughput = 0.00000 Mbps
76329 ms [UE 36712] UL Throughput = 0.72557 Mbps
76329 ms [UE 57972] UL Throughput = 0.40371 Mbps
76392 ms [UE 33547] UL Throughput = 0.00000 Mbps
76392 ms [UE 18165] UL Throughput = 0.15580 Mbps
76392 ms [UE 21150] UL Throughput = 0.00000 Mbps
76392 ms [UE 15893] UL Throughput = 0.15093 Mbps
76422 ms | now=1755784791681326 us | PDCP ind_msg latency=71464994 us
76438 ms [UE 1043] UL Throughput = 0.00000 Mbps
76438 ms [UE 13806] UL Throughput = 0.00000 Mbps
76438 ms [UE 25133] UL Throughput = 0.00000 Mbps
76438 ms [UE 36712] UL Throughput = 0.00000 Mbps
76438 ms [UE 57972] UL Throughput = 0.00000 Mbps
76502 ms [UE 33547] UL Throughput = 0.00000 Mbps
76502 ms [UE 18165] UL Throughput = 0.00000 Mbps
76502 ms [UE 21150] UL Throughput = 0.00000 Mbps
76502 ms [UE 15893] UL Throughput = 0.00000 Mbps
76539 ms [UE 1043] UL Throughput = 0.00000 Mbps
76539 ms [UE 13806] UL Throughput = 0.00000 Mbps
76539 ms [UE 25133] UL Throughput = 0.00000 Mbps
76539 ms [UE 36712] UL Throughput = 0.00000 Mbps
76539 ms [UE 57972] UL Throughput = 0.00000 Mbps
76603 ms [UE 33547] UL Throughput = 0.00000 Mbps
76603 ms [UE 18165] UL Throughput = 0.00000 Mbps
76603 ms [UE 21150] UL Throughput = 0.00000 Mbps
76603 ms [UE 15893] UL Throughput = 0.00000 Mbps
76649 ms [UE 1043] UL Throughput = 0.00000 Mbps
76649 ms [UE 13806] UL Throughput = 0.48386 Mbps
76649 ms [UE 25133] UL Throughput = 0.19112 Mbps
76649 ms [UE 36712] UL Throughput = 0.00000 Mbps
76649 ms [UE 57972] UL Throughput = 0.00000 Mbps
76712 ms [UE 33547] UL Throughput = 0.00000 Mbps
76712 ms [UE 18165] UL Throughput = 0.00000 Mbps
76712 ms [UE 21150] UL Throughput = 0.29136 Mbps
76712 ms [UE 15893] UL Throughput = 0.00000 Mbps
76758 ms [UE 1043] UL Throughput = 0.00000 Mbps
76758 ms [UE 13806] UL Throughput = 0.00000 Mbps
76758 ms [UE 25133] UL Throughput = 0.00000 Mbps
76758 ms [UE 36712] UL Throughput = 0.00000 Mbps
76758 ms [UE 57972] UL Throughput = 0.00000 Mbps
76822 ms [UE 33547] UL Throughput = 0.00000 Mbps
76822 ms [UE 18165] UL Throughput = 0.00000 Mbps
76822 ms [UE 21150] UL Throughput = 0.00000 Mbps
76822 ms [UE 15893] UL Throughput = 0.00000 Mbps
76859 ms [UE 1043] UL Throughput = 0.15295 Mbps
76859 ms [UE 13806] UL Throughput = 0.00000 Mbps
76859 ms [UE 25133] UL Throughput = 0.00000 Mbps
76859 ms [UE 36712] UL Throughput = 0.00000 Mbps
76859 ms [UE 57972] UL Throughput = 0.00000 Mbps
76922 ms [UE 33547] UL Throughput = 0.00000 Mbps
76922 ms [UE 18165] UL Throughput = 0.02792 Mbps
76922 ms [UE 21150] UL Throughput = 0.00000 Mbps
76922 ms [UE 15893] UL Throughput = 0.00000 Mbps
76968 ms [UE 1043] UL Throughput = 1.21107 Mbps
76968 ms [UE 13806] UL Throughput = 0.00000 Mbps
76968 ms [UE 25133] UL Throughput = 0.00000 Mbps
76968 ms [UE 36712] UL Throughput = 0.00000 Mbps
76968 ms [UE 57972] UL Throughput = 0.00000 Mbps
77031 ms [UE 33547] UL Throughput = 0.17836 Mbps
77031 ms [UE 18165] UL Throughput = 0.10329 Mbps
77031 ms [UE 21150] UL Throughput = 0.00000 Mbps
77031 ms [UE 15893] UL Throughput = 0.00000 Mbps
77079 ms [UE 1043] UL Throughput = 0.00000 Mbps
77079 ms [UE 13806] UL Throughput = 0.00000 Mbps
77079 ms [UE 25133] UL Throughput = 0.00000 Mbps
77079 ms [UE 36712] UL Throughput = 0.00000 Mbps
77079 ms [UE 57972] UL Throughput = 0.00000 Mbps
77131 ms [UE 33547] UL Throughput = 0.00000 Mbps
77131 ms [UE 18165] UL Throughput = 0.00000 Mbps
77131 ms [UE 21150] UL Throughput = 0.00000 Mbps
77131 ms [UE 15893] UL Throughput = 0.00000 Mbps
77179 ms [UE 1043] UL Throughput = 0.00000 Mbps
77179 ms [UE 13806] UL Throughput = 0.00000 Mbps
77179 ms [UE 25133] UL Throughput = 0.00000 Mbps
77179 ms [UE 36712] UL Throughput = 0.00000 Mbps
77179 ms [UE 57972] UL Throughput = 0.09206 Mbps
77232 ms [UE 33547] UL Throughput = 0.00000 Mbps
77232 ms [UE 18165] UL Throughput = 0.00000 Mbps
77232 ms [UE 21150] UL Throughput = 0.00000 Mbps
77232 ms [UE 15893] UL Throughput = 0.18454 Mbps
77288 ms [UE 1043] UL Throughput = 0.00000 Mbps
77288 ms [UE 13806] UL Throughput = 0.00000 Mbps
77288 ms [UE 25133] UL Throughput = 0.00000 Mbps
77288 ms [UE 36712] UL Throughput = 0.55151 Mbps
77288 ms [UE 57972] UL Throughput = 0.36432 Mbps
77332 ms [UE 33547] UL Throughput = 0.00000 Mbps
77332 ms [UE 18165] UL Throughput = 0.00000 Mbps
77332 ms [UE 21150] UL Throughput = 0.00000 Mbps
77332 ms [UE 15893] UL Throughput = 0.00000 Mbps
77399 ms [UE 1043] UL Throughput = 0.00000 Mbps
77399 ms [UE 13806] UL Throughput = 0.00000 Mbps
77399 ms [UE 25133] UL Throughput = 0.00000 Mbps
77399 ms [UE 36712] UL Throughput = 0.00000 Mbps
77399 ms [UE 57972] UL Throughput = 0.00000 Mbps
77442 ms [UE 33547] UL Throughput = 0.00000 Mbps
77442 ms [UE 18165] UL Throughput = 0.02540 Mbps
77442 ms [UE 21150] UL Throughput = 0.00000 Mbps
77442 ms [UE 15893] UL Throughput = 0.00000 Mbps
77466 ms | now=1755784792725429 us | PDCP ind_msg latency=71465131 us
77511 ms [UE 1043] UL Throughput = 0.00000 Mbps
77511 ms [UE 13806] UL Throughput = 0.10291 Mbps
77511 ms [UE 25133] UL Throughput = 0.00000 Mbps
77511 ms [UE 36712] UL Throughput = 0.00000 Mbps
77511 ms [UE 57972] UL Throughput = 0.00000 Mbps
77552 ms [UE 33547] UL Throughput = 0.17729 Mbps
77552 ms [UE 18165] UL Throughput = 0.00000 Mbps
77552 ms [UE 21150] UL Throughput = 0.28921 Mbps
77552 ms [UE 15893] UL Throughput = 0.00000 Mbps
77618 ms [UE 1043] UL Throughput = 0.60015 Mbps
77618 ms [UE 13806] UL Throughput = 0.00000 Mbps
77618 ms [UE 25133] UL Throughput = 0.14526 Mbps
77618 ms [UE 36712] UL Throughput = 0.00000 Mbps
77618 ms [UE 57972] UL Throughput = 0.00000 Mbps
77652 ms [UE 33547] UL Throughput = 0.00000 Mbps
77652 ms [UE 18165] UL Throughput = 0.00000 Mbps
77652 ms [UE 21150] UL Throughput = 0.00000 Mbps
77652 ms [UE 15893] UL Throughput = 0.00000 Mbps
77721 ms [UE 1043] UL Throughput = 0.00000 Mbps
77721 ms [UE 13806] UL Throughput = 0.00000 Mbps
77721 ms [UE 25133] UL Throughput = 0.00000 Mbps
77721 ms [UE 36712] UL Throughput = 0.00000 Mbps
77721 ms [UE 57972] UL Throughput = 0.00000 Mbps
77762 ms [UE 33547] UL Throughput = 0.00000 Mbps
77762 ms [UE 18165] UL Throughput = 0.14274 Mbps
77762 ms [UE 21150] UL Throughput = 0.00000 Mbps
77762 ms [UE 15893] UL Throughput = 0.00000 Mbps
77832 ms [UE 1043] UL Throughput = 0.00000 Mbps
77832 ms [UE 13806] UL Throughput = 0.53691 Mbps
77832 ms [UE 25133] UL Throughput = 0.00000 Mbps
77832 ms [UE 36712] UL Throughput = 0.59490 Mbps
77832 ms [UE 57972] UL Throughput = 0.00000 Mbps
77872 ms [UE 33547] UL Throughput = 0.00000 Mbps
77872 ms [UE 18165] UL Throughput = 0.00000 Mbps
77872 ms [UE 21150] UL Throughput = 0.00000 Mbps
77872 ms [UE 15893] UL Throughput = 0.13713 Mbps
77938 ms [UE 1043] UL Throughput = 0.00000 Mbps
77938 ms [UE 13806] UL Throughput = 0.00000 Mbps
77938 ms [UE 25133] UL Throughput = 0.00000 Mbps
77938 ms [UE 36712] UL Throughput = 0.00000 Mbps
77938 ms [UE 57972] UL Throughput = 0.00000 Mbps
77983 ms [UE 33547] UL Throughput = 0.00000 Mbps
77983 ms [UE 18165] UL Throughput = 0.00000 Mbps
77983 ms [UE 21150] UL Throughput = 0.00000 Mbps
77983 ms [UE 15893] UL Throughput = 0.00000 Mbps
78039 ms [UE 1043] UL Throughput = 0.00000 Mbps
78039 ms [UE 13806] UL Throughput = 0.00000 Mbps
78039 ms [UE 25133] UL Throughput = 0.00000 Mbps
78039 ms [UE 36712] UL Throughput = 0.00000 Mbps
78039 ms [UE 57972] UL Throughput = 0.09668 Mbps
78092 ms [UE 33547] UL Throughput = 0.00000 Mbps
78092 ms [UE 18165] UL Throughput = 0.00000 Mbps
78092 ms [UE 21150] UL Throughput = 0.00000 Mbps
78092 ms [UE 15893] UL Throughput = 0.00000 Mbps
78140 ms [UE 1043] UL Throughput = 0.61986 Mbps
78140 ms [UE 13806] UL Throughput = 0.00000 Mbps
78140 ms [UE 25133] UL Throughput = 0.00000 Mbps
78140 ms [UE 36712] UL Throughput = 0.00000 Mbps
78140 ms [UE 57972] UL Throughput = 0.43675 Mbps
78202 ms [UE 33547] UL Throughput = 0.00000 Mbps
78202 ms [UE 18165] UL Throughput = 0.00000 Mbps
78202 ms [UE 21150] UL Throughput = 0.25665 Mbps
78202 ms [UE 15893] UL Throughput = 0.00000 Mbps
78249 ms [UE 1043] UL Throughput = 0.00000 Mbps
78249 ms [UE 13806] UL Throughput = 0.00000 Mbps
78249 ms [UE 25133] UL Throughput = 0.00000 Mbps
78249 ms [UE 36712] UL Throughput = 0.00000 Mbps
78249 ms [UE 57972] UL Throughput = 0.00000 Mbps
78304 ms [UE 33547] UL Throughput = 0.00000 Mbps
78304 ms [UE 18165] UL Throughput = 0.00000 Mbps
78304 ms [UE 21150] UL Throughput = 0.00000 Mbps
78304 ms [UE 15893] UL Throughput = 0.00000 Mbps
78349 ms [UE 1043] UL Throughput = 0.00000 Mbps
78349 ms [UE 13806] UL Throughput = 0.00000 Mbps
78349 ms [UE 25133] UL Throughput = 0.21069 Mbps
78349 ms [UE 36712] UL Throughput = 0.00000 Mbps
78349 ms [UE 57972] UL Throughput = 0.00000 Mbps
78412 ms [UE 33547] UL Throughput = 0.21827 Mbps
78412 ms [UE 18165] UL Throughput = 0.11802 Mbps
78412 ms [UE 21150] UL Throughput = 0.00000 Mbps
78412 ms [UE 15893] UL Throughput = 0.00000 Mbps
78458 ms [UE 1043] UL Throughput = 0.00000 Mbps
78458 ms [UE 13806] UL Throughput = 0.48961 Mbps
78458 ms [UE 25133] UL Throughput = 0.00000 Mbps
78458 ms [UE 36712] UL Throughput = 0.00000 Mbps
78458 ms [UE 57972] UL Throughput = 0.00000 Mbps
78518 ms | now=1755784793776779 us | PDCP ind_msg latency=71465332 us
78522 ms [UE 33547] UL Throughput = 0.00000 Mbps
78522 ms [UE 18165] UL Throughput = 0.00000 Mbps
78522 ms [UE 21150] UL Throughput = 0.00000 Mbps
78522 ms [UE 15893] UL Throughput = 0.00000 Mbps
78559 ms [UE 1043] UL Throughput = 0.00000 Mbps
78559 ms [UE 13806] UL Throughput = 0.00000 Mbps
78559 ms [UE 25133] UL Throughput = 0.00000 Mbps
78559 ms [UE 36712] UL Throughput = 0.00000 Mbps
78559 ms [UE 57972] UL Throughput = 0.00000 Mbps
78622 ms [UE 33547] UL Throughput = 0.00000 Mbps
78622 ms [UE 18165] UL Throughput = 0.00000 Mbps
78622 ms [UE 21150] UL Throughput = 0.00000 Mbps
78622 ms [UE 15893] UL Throughput = 0.03350 Mbps
78659 ms [UE 1043] UL Throughput = 0.00000 Mbps
78659 ms [UE 13806] UL Throughput = 0.00000 Mbps
78659 ms [UE 25133] UL Throughput = 0.00000 Mbps
78659 ms [UE 36712] UL Throughput = 0.65572 Mbps
78659 ms [UE 57972] UL Throughput = 0.44037 Mbps
78733 ms [UE 33547] UL Throughput = 0.00000 Mbps
78733 ms [UE 18165] UL Throughput = 0.00000 Mbps
78733 ms [UE 21150] UL Throughput = 0.00000 Mbps
78733 ms [UE 15893] UL Throughput = 0.13666 Mbps
78769 ms [UE 1043] UL Throughput = 0.00000 Mbps
78769 ms [UE 13806] UL Throughput = 0.00000 Mbps
78769 ms [UE 25133] UL Throughput = 0.00000 Mbps
78769 ms [UE 36712] UL Throughput = 0.00000 Mbps
78769 ms [UE 57972] UL Throughput = 0.00000 Mbps
78841 ms [UE 33547] UL Throughput = 0.00000 Mbps
78841 ms [UE 18165] UL Throughput = 0.00000 Mbps
78841 ms [UE 21150] UL Throughput = 0.00000 Mbps
78841 ms [UE 15893] UL Throughput = 0.00000 Mbps
78871 ms [UE 1043] UL Throughput = 0.15003 Mbps
78871 ms [UE 13806] UL Throughput = 0.00000 Mbps
78871 ms [UE 25133] UL Throughput = 0.00000 Mbps
78871 ms [UE 36712] UL Throughput = 0.00000 Mbps
78871 ms [UE 57972] UL Throughput = 0.00000 Mbps
78952 ms [UE 33547] UL Throughput = 0.00000 Mbps
78952 ms [UE 18165] UL Throughput = 0.00000 Mbps
78952 ms [UE 21150] UL Throughput = 0.00000 Mbps
78952 ms [UE 15893] UL Throughput = 0.19232 Mbps
78979 ms [UE 1043] UL Throughput = 0.64467 Mbps
78979 ms [UE 13806] UL Throughput = 0.49307 Mbps
78979 ms [UE 25133] UL Throughput = 0.00000 Mbps
78979 ms [UE 36712] UL Throughput = 0.00000 Mbps
78979 ms [UE 57972] UL Throughput = 0.00000 Mbps
79061 ms [UE 33547] UL Throughput = 0.00000 Mbps
79061 ms [UE 18165] UL Throughput = 0.00000 Mbps
79061 ms [UE 21150] UL Throughput = 0.28927 Mbps
79061 ms [UE 15893] UL Throughput = 0.00000 Mbps
79088 ms [UE 1043] UL Throughput = 0.00000 Mbps
79088 ms [UE 13806] UL Throughput = 0.00000 Mbps
79088 ms [UE 25133] UL Throughput = 0.00000 Mbps
79088 ms [UE 36712] UL Throughput = 0.00000 Mbps
79088 ms [UE 57972] UL Throughput = 0.00000 Mbps
79162 ms [UE 33547] UL Throughput = 0.00000 Mbps
79162 ms [UE 18165] UL Throughput = 0.00000 Mbps
79162 ms [UE 21150] UL Throughput = 0.00000 Mbps
79162 ms [UE 15893] UL Throughput = 0.00000 Mbps
79188 ms [UE 1043] UL Throughput = 0.00000 Mbps
79188 ms [UE 13806] UL Throughput = 0.00000 Mbps
79188 ms [UE 25133] UL Throughput = 0.00000 Mbps
79188 ms [UE 36712] UL Throughput = 0.14322 Mbps
79188 ms [UE 57972] UL Throughput = 0.00000 Mbps
79262 ms [UE 33547] UL Throughput = 0.19447 Mbps
79262 ms [UE 18165] UL Throughput = 0.11262 Mbps
79262 ms [UE 21150] UL Throughput = 0.00000 Mbps
79262 ms [UE 15893] UL Throughput = 0.03749 Mbps
79288 ms [UE 1043] UL Throughput = 0.00000 Mbps
79288 ms [UE 13806] UL Throughput = 0.00000 Mbps
79288 ms [UE 25133] UL Throughput = 0.00000 Mbps
79288 ms [UE 36712] UL Throughput = 0.58296 Mbps
79288 ms [UE 57972] UL Throughput = 0.43974 Mbps
79372 ms [UE 33547] UL Throughput = 0.00000 Mbps
79372 ms [UE 18165] UL Throughput = 0.00000 Mbps
79372 ms [UE 21150] UL Throughput = 0.00000 Mbps
79372 ms [UE 15893] UL Throughput = 0.00000 Mbps
79391 ms [UE 1043] UL Throughput = 0.00000 Mbps
79391 ms [UE 13806] UL Throughput = 0.00000 Mbps
79391 ms [UE 25133] UL Throughput = 0.00000 Mbps
79391 ms [UE 36712] UL Throughput = 0.00000 Mbps
79391 ms [UE 57972] UL Throughput = 0.00000 Mbps
79482 ms [UE 33547] UL Throughput = 0.00000 Mbps
79482 ms [UE 18165] UL Throughput = 0.00000 Mbps
79482 ms [UE 21150] UL Throughput = 0.00000 Mbps
79482 ms [UE 15893] UL Throughput = 0.03412 Mbps
79499 ms [UE 1043] UL Throughput = 0.78859 Mbps
79499 ms [UE 13806] UL Throughput = 0.00000 Mbps
79499 ms [UE 25133] UL Throughput = 0.00000 Mbps
79499 ms [UE 36712] UL Throughput = 0.00000 Mbps
79499 ms [UE 57972] UL Throughput = 0.00000 Mbps
79573 ms | now=1755784794832529 us | PDCP ind_msg latency=71465238 us
79582 ms [UE 33547] UL Throughput = 0.00000 Mbps
79582 ms [UE 18165] UL Throughput = 0.00000 Mbps
79582 ms [UE 21150] UL Throughput = 0.00000 Mbps
79582 ms [UE 15893] UL Throughput = 0.15599 Mbps
79608 ms [UE 1043] UL Throughput = 0.00000 Mbps
79608 ms [UE 13806] UL Throughput = 0.48884 Mbps
79608 ms [UE 25133] UL Throughput = 0.00000 Mbps
79608 ms [UE 36712] UL Throughput = 0.00000 Mbps
79608 ms [UE 57972] UL Throughput = 0.00000 Mbps
79692 ms [UE 33547] UL Throughput = 0.00000 Mbps
79692 ms [UE 18165] UL Throughput = 0.00000 Mbps
79692 ms [UE 21150] UL Throughput = 0.00000 Mbps
79692 ms [UE 15893] UL Throughput = 0.00000 Mbps
79708 ms [UE 1043] UL Throughput = 0.00000 Mbps
79708 ms [UE 13806] UL Throughput = 0.00000 Mbps
79708 ms [UE 25133] UL Throughput = 0.00000 Mbps
79708 ms [UE 36712] UL Throughput = 0.00000 Mbps
79708 ms [UE 57972] UL Throughput = 0.00000 Mbps
79802 ms [UE 33547] UL Throughput = 0.00000 Mbps
79802 ms [UE 18165] UL Throughput = 0.00000 Mbps
79802 ms [UE 21150] UL Throughput = 0.32184 Mbps
79802 ms [UE 15893] UL Throughput = 0.00000 Mbps
79809 ms [UE 1043] UL Throughput = 0.00000 Mbps
79809 ms [UE 13806] UL Throughput = 0.00000 Mbps
79809 ms [UE 25133] UL Throughput = 0.00000 Mbps
79809 ms [UE 36712] UL Throughput = 0.65410 Mbps
79809 ms [UE 57972] UL Throughput = 0.53640 Mbps
79912 ms [UE 33547] UL Throughput = 0.00000 Mbps
79912 ms [UE 18165] UL Throughput = 0.10679 Mbps
79912 ms [UE 21150] UL Throughput = 0.00000 Mbps
79912 ms [UE 15893] UL Throughput = 0.00000 Mbps
79919 ms [UE 1043] UL Throughput = 0.00000 Mbps
79919 ms [UE 13806] UL Throughput = 0.00000 Mbps
79919 ms [UE 25133] UL Throughput = 0.00000 Mbps
79919 ms [UE 36712] UL Throughput = 0.00000 Mbps
79919 ms [UE 57972] UL Throughput = 0.00000 Mbps
80022 ms [UE 33547] UL Throughput = 0.00000 Mbps
80022 ms [UE 18165] UL Throughput = 0.00000 Mbps
80022 ms [UE 21150] UL Throughput = 0.00000 Mbps
80022 ms [UE 15893] UL Throughput = 0.00000 Mbps
80029 ms [UE 1043] UL Throughput = 0.00000 Mbps
80029 ms [UE 13806] UL Throughput = 0.00000 Mbps
80029 ms [UE 25133] UL Throughput = 0.03073 Mbps
80029 ms [UE 36712] UL Throughput = 0.00000 Mbps
80029 ms [UE 57972] UL Throughput = 0.00000 Mbps
80122 ms [UE 33547] UL Throughput = 0.00000 Mbps
80122 ms [UE 18165] UL Throughput = 0.00000 Mbps
80122 ms [UE 21150] UL Throughput = 0.00000 Mbps
80122 ms [UE 15893] UL Throughput = 0.00000 Mbps
80139 ms [UE 1043] UL Throughput = 0.63430 Mbps
80139 ms [UE 13806] UL Throughput = 0.48514 Mbps
80139 ms [UE 25133] UL Throughput = 0.00000 Mbps
80139 ms [UE 36712] UL Throughput = 0.00000 Mbps
80139 ms [UE 57972] UL Throughput = 0.00000 Mbps
80232 ms [UE 33547] UL Throughput = 0.00000 Mbps
80232 ms [UE 18165] UL Throughput = 0.00000 Mbps
80232 ms [UE 21150] UL Throughput = 0.00000 Mbps
80232 ms [UE 15893] UL Throughput = 0.00000 Mbps
80239 ms [UE 1043] UL Throughput = 0.00000 Mbps
80239 ms [UE 13806] UL Throughput = 0.00000 Mbps
80239 ms [UE 25133] UL Throughput = 0.00000 Mbps
80239 ms [UE 36712] UL Throughput = 0.00000 Mbps
80239 ms [UE 57972] UL Throughput = 0.00000 Mbps
80333 ms [UE 33547] UL Throughput = 0.00000 Mbps
80333 ms [UE 18165] UL Throughput = 0.00000 Mbps
80333 ms [UE 21150] UL Throughput = 0.00000 Mbps
80333 ms [UE 15893] UL Throughput = 0.03739 Mbps
80339 ms [UE 1043] UL Throughput = 0.00000 Mbps
80339 ms [UE 13806] UL Throughput = 0.00000 Mbps
80339 ms [UE 25133] UL Throughput = 0.18473 Mbps
80339 ms [UE 36712] UL Throughput = 0.00000 Mbps
80339 ms [UE 57972] UL Throughput = 0.00000 Mbps
80441 ms [UE 33547] UL Throughput = 0.00000 Mbps
80441 ms [UE 18165] UL Throughput = 0.00000 Mbps
80441 ms [UE 21150] UL Throughput = 0.25939 Mbps
80441 ms [UE 15893] UL Throughput = 0.16045 Mbps
80449 ms [UE 1043] UL Throughput = 0.00000 Mbps
80449 ms [UE 13806] UL Throughput = 0.00000 Mbps
80449 ms [UE 25133] UL Throughput = 0.00000 Mbps
80449 ms [UE 36712] UL Throughput = 0.53200 Mbps
80449 ms [UE 57972] UL Throughput = 0.00000 Mbps
80542 ms [UE 33547] UL Throughput = 0.00000 Mbps
80542 ms [UE 18165] UL Throughput = 0.00000 Mbps
80542 ms [UE 21150] UL Throughput = 0.00000 Mbps
80542 ms [UE 15893] UL Throughput = 0.00000 Mbps
80549 ms [UE 1043] UL Throughput = 0.00000 Mbps
80549 ms [UE 13806] UL Throughput = 0.00000 Mbps
80549 ms [UE 25133] UL Throughput = 0.00000 Mbps
80549 ms [UE 36712] UL Throughput = 0.00000 Mbps
80549 ms [UE 57972] UL Throughput = 0.00000 Mbps
80622 ms | now=1755784795880934 us | PDCP ind_msg latency=71465606 us
80653 ms [UE 33547] UL Throughput = 0.19891 Mbps
80653 ms [UE 18165] UL Throughput = 0.11501 Mbps
80653 ms [UE 21150] UL Throughput = 0.00000 Mbps
80653 ms [UE 15893] UL Throughput = 0.00000 Mbps
80659 ms [UE 1043] UL Throughput = 0.63411 Mbps
80659 ms [UE 13806] UL Throughput = 0.00000 Mbps
80659 ms [UE 25133] UL Throughput = 0.00000 Mbps
80659 ms [UE 36712] UL Throughput = 0.00000 Mbps
80659 ms [UE 57972] UL Throughput = 0.48943 Mbps
80762 ms [UE 33547] UL Throughput = 0.00000 Mbps
80762 ms [UE 18165] UL Throughput = 0.00000 Mbps
80762 ms [UE 21150] UL Throughput = 0.00000 Mbps
80762 ms [UE 15893] UL Throughput = 0.00000 Mbps
80769 ms [UE 1043] UL Throughput = 0.00000 Mbps
80769 ms [UE 13806] UL Throughput = 0.00000 Mbps
80769 ms [UE 25133] UL Throughput = 0.00000 Mbps
80769 ms [UE 36712] UL Throughput = 0.00000 Mbps
80769 ms [UE 57972] UL Throughput = 0.00000 Mbps
80862 ms [UE 33547] UL Throughput = 0.00000 Mbps
80862 ms [UE 18165] UL Throughput = 0.00000 Mbps
80862 ms [UE 21150] UL Throughput = 0.00000 Mbps
80862 ms [UE 15893] UL Throughput = 0.00000 Mbps
80878 ms [UE 1043] UL Throughput = 0.00000 Mbps
80878 ms [UE 13806] UL Throughput = 0.10541 Mbps
80878 ms [UE 25133] UL Throughput = 0.00000 Mbps
80878 ms [UE 36712] UL Throughput = 0.00000 Mbps
80878 ms [UE 57972] UL Throughput = 0.00000 Mbps
80972 ms [UE 33547] UL Throughput = 0.00000 Mbps
80972 ms [UE 18165] UL Throughput = 0.00000 Mbps
80972 ms [UE 21150] UL Throughput = 0.28983 Mbps
80972 ms [UE 15893] UL Throughput = 0.00000 Mbps
80978 ms [UE 1043] UL Throughput = 0.00000 Mbps
80978 ms [UE 13806] UL Throughput = 0.53191 Mbps
80978 ms [UE 25133] UL Throughput = 0.00000 Mbps
80978 ms [UE 36712] UL Throughput = 0.65456 Mbps
80978 ms [UE 57972] UL Throughput = 0.00000 Mbps
81080 ms [UE 1043] UL Throughput = 0.00000 Mbps
81080 ms [UE 13806] UL Throughput = 0.00000 Mbps
81080 ms [UE 25133] UL Throughput = 0.00000 Mbps
81080 ms [UE 36712] UL Throughput = 0.00000 Mbps
81080 ms [UE 57972] UL Throughput = 0.00000 Mbps
81082 ms [UE 33547] UL Throughput = 0.00000 Mbps
81082 ms [UE 18165] UL Throughput = 0.00000 Mbps
81082 ms [UE 21150] UL Throughput = 0.00000 Mbps
81082 ms [UE 15893] UL Throughput = 0.00000 Mbps
81188 ms [UE 1043] UL Throughput = 0.00000 Mbps
81188 ms [UE 13806] UL Throughput = 0.00000 Mbps
81188 ms [UE 25133] UL Throughput = 0.17011 Mbps
81188 ms [UE 36712] UL Throughput = 0.00000 Mbps
81188 ms [UE 57972] UL Throughput = 0.00000 Mbps
81192 ms [UE 33547] UL Throughput = 0.00000 Mbps
81192 ms [UE 18165] UL Throughput = 0.11660 Mbps
81192 ms [UE 21150] UL Throughput = 0.00000 Mbps
81192 ms [UE 15893] UL Throughput = 0.03416 Mbps
81288 ms [UE 1043] UL Throughput = 0.00000 Mbps
81288 ms [UE 13806] UL Throughput = 0.00000 Mbps
81288 ms [UE 25133] UL Throughput = 0.00000 Mbps
81288 ms [UE 36712] UL Throughput = 0.00000 Mbps
81288 ms [UE 57972] UL Throughput = 0.43992 Mbps
81301 ms [UE 33547] UL Throughput = 0.00000 Mbps
81301 ms [UE 18165] UL Throughput = 0.00000 Mbps
81301 ms [UE 21150] UL Throughput = 0.00000 Mbps
81301 ms [UE 15893] UL Throughput = 0.15881 Mbps
81400 ms [UE 1043] UL Throughput = 0.00000 Mbps
81400 ms [UE 13806] UL Throughput = 0.00000 Mbps
81400 ms [UE 25133] UL Throughput = 0.00000 Mbps
81400 ms [UE 36712] UL Throughput = 0.00000 Mbps
81400 ms [UE 57972] UL Throughput = 0.00000 Mbps
81402 ms [UE 33547] UL Throughput = 0.00000 Mbps
81402 ms [UE 18165] UL Throughput = 0.00000 Mbps
81402 ms [UE 21150] UL Throughput = 0.00000 Mbps
81402 ms [UE 15893] UL Throughput = 0.00000 Mbps
81502 ms [UE 33547] UL Throughput = 0.04223 Mbps
81502 ms [UE 18165] UL Throughput = 0.00000 Mbps
81502 ms [UE 21150] UL Throughput = 0.28160 Mbps
81502 ms [UE 15893] UL Throughput = 0.00000 Mbps
81508 ms [UE 1043] UL Throughput = 0.78666 Mbps
81508 ms [UE 13806] UL Throughput = 0.00000 Mbps
81508 ms [UE 25133] UL Throughput = 0.00000 Mbps
81508 ms [UE 36712] UL Throughput = 0.00000 Mbps
81508 ms [UE 57972] UL Throughput = 0.00000 Mbps
81608 ms [UE 1043] UL Throughput = 0.00000 Mbps
81608 ms [UE 13806] UL Throughput = 0.00000 Mbps
81608 ms [UE 25133] UL Throughput = 0.00000 Mbps
81608 ms [UE 36712] UL Throughput = 0.58290 Mbps
81608 ms [UE 57972] UL Throughput = 0.00000 Mbps
81611 ms [UE 33547] UL Throughput = 0.00000 Mbps
81611 ms [UE 18165] UL Throughput = 0.00000 Mbps
81611 ms [UE 21150] UL Throughput = 0.00000 Mbps
81611 ms [UE 15893] UL Throughput = 0.00000 Mbps
81666 ms | now=1755784796925411 us | PDCP ind_msg latency=71465042 us
81708 ms [UE 1043] UL Throughput = 0.00000 Mbps
81708 ms [UE 13806] UL Throughput = 0.00000 Mbps
81708 ms [UE 25133] UL Throughput = 0.00000 Mbps
81708 ms [UE 36712] UL Throughput = 0.00000 Mbps
81708 ms [UE 57972] UL Throughput = 0.00000 Mbps
81713 ms [UE 33547] UL Throughput = 0.04172 Mbps
81713 ms [UE 18165] UL Throughput = 0.00000 Mbps
81713 ms [UE 21150] UL Throughput = 0.00000 Mbps
81713 ms [UE 15893] UL Throughput = 0.00000 Mbps
81808 ms [UE 1043] UL Throughput = 0.00000 Mbps
81808 ms [UE 13806] UL Throughput = 0.59691 Mbps
81808 ms [UE 25133] UL Throughput = 0.00000 Mbps
81808 ms [UE 36712] UL Throughput = 0.00000 Mbps
81808 ms [UE 57972] UL Throughput = 0.00000 Mbps
81823 ms [UE 33547] UL Throughput = 0.17713 Mbps
81823 ms [UE 18165] UL Throughput = 0.11656 Mbps
81823 ms [UE 21150] UL Throughput = 0.00000 Mbps
81823 ms [UE 15893] UL Throughput = 0.00000 Mbps
81909 ms [UE 1043] UL Throughput = 0.00000 Mbps
81909 ms [UE 13806] UL Throughput = 0.00000 Mbps
81909 ms [UE 25133] UL Throughput = 0.13799 Mbps
81909 ms [UE 36712] UL Throughput = 0.00000 Mbps
81909 ms [UE 57972] UL Throughput = 0.00000 Mbps
81931 ms [UE 33547] UL Throughput = 0.00000 Mbps
81931 ms [UE 18165] UL Throughput = 0.00000 Mbps
81931 ms [UE 21150] UL Throughput = 0.00000 Mbps
81931 ms [UE 15893] UL Throughput = 0.00000 Mbps
82020 ms [UE 1043] UL Throughput = 0.00000 Mbps
82020 ms [UE 13806] UL Throughput = 0.00000 Mbps
82020 ms [UE 25133] UL Throughput = 0.00000 Mbps
82020 ms [UE 36712] UL Throughput = 0.00000 Mbps
82020 ms [UE 57972] UL Throughput = 0.00000 Mbps
82032 ms [UE 33547] UL Throughput = 0.00000 Mbps
82032 ms [UE 18165] UL Throughput = 0.00000 Mbps
82032 ms [UE 21150] UL Throughput = 0.00000 Mbps
82032 ms [UE 15893] UL Throughput = 0.21100 Mbps
82129 ms [UE 1043] UL Throughput = 0.00000 Mbps
82129 ms [UE 13806] UL Throughput = 0.00000 Mbps
82129 ms [UE 25133] UL Throughput = 0.00000 Mbps
82129 ms [UE 36712] UL Throughput = 0.00000 Mbps
82129 ms [UE 57972] UL Throughput = 0.08998 Mbps
82142 ms [UE 33547] UL Throughput = 0.00000 Mbps
82142 ms [UE 18165] UL Throughput = 0.00000 Mbps
82142 ms [UE 21150] UL Throughput = 0.28911 Mbps
82142 ms [UE 15893] UL Throughput = 0.00000 Mbps
82239 ms [UE 1043] UL Throughput = 0.00000 Mbps
82239 ms [UE 13806] UL Throughput = 0.00000 Mbps
82239 ms [UE 25133] UL Throughput = 0.00000 Mbps
82239 ms [UE 36712] UL Throughput = 0.00000 Mbps
82239 ms [UE 57972] UL Throughput = 0.00000 Mbps
82242 ms [UE 33547] UL Throughput = 0.00000 Mbps
82242 ms [UE 18165] UL Throughput = 0.00000 Mbps
82242 ms [UE 21150] UL Throughput = 0.00000 Mbps
82242 ms [UE 15893] UL Throughput = 0.00000 Mbps
82343 ms [UE 33547] UL Throughput = 0.00000 Mbps
82343 ms [UE 18165] UL Throughput = 0.12654 Mbps
82343 ms [UE 21150] UL Throughput = 0.00000 Mbps
82343 ms [UE 15893] UL Throughput = 0.00000 Mbps
82348 ms [UE 1043] UL Throughput = 0.14074 Mbps
82348 ms [UE 13806] UL Throughput = 0.00000 Mbps
82348 ms [UE 25133] UL Throughput = 0.00000 Mbps
82348 ms [UE 36712] UL Throughput = 0.00000 Mbps
82348 ms [UE 57972] UL Throughput = 0.00000 Mbps
82452 ms [UE 33547] UL Throughput = 0.00000 Mbps
82452 ms [UE 18165] UL Throughput = 0.00000 Mbps
82452 ms [UE 21150] UL Throughput = 0.00000 Mbps
82452 ms [UE 15893] UL Throughput = 0.00000 Mbps
82459 ms [UE 1043] UL Throughput = 0.58468 Mbps
82459 ms [UE 13806] UL Throughput = 0.48266 Mbps
82459 ms [UE 25133] UL Throughput = 0.00000 Mbps
82459 ms [UE 36712] UL Throughput = 0.00000 Mbps
82459 ms [UE 57972] UL Throughput = 0.00000 Mbps
82559 ms [UE 1043] UL Throughput = 0.00000 Mbps
82559 ms [UE 13806] UL Throughput = 0.00000 Mbps
82559 ms [UE 25133] UL Throughput = 0.00000 Mbps
82559 ms [UE 36712] UL Throughput = 0.00000 Mbps
82559 ms [UE 57972] UL Throughput = 0.00000 Mbps
82562 ms [UE 33547] UL Throughput = 0.03840 Mbps
82562 ms [UE 18165] UL Throughput = 0.00000 Mbps
82562 ms [UE 21150] UL Throughput = 0.00000 Mbps
82562 ms [UE 15893] UL Throughput = 0.00000 Mbps
82662 ms [UE 33547] UL Throughput = 0.19437 Mbps
82662 ms [UE 18165] UL Throughput = 0.00000 Mbps
82662 ms [UE 21150] UL Throughput = 0.00000 Mbps
82662 ms [UE 15893] UL Throughput = 0.15091 Mbps
82670 ms [UE 1043] UL Throughput = 0.00000 Mbps
82670 ms [UE 13806] UL Throughput = 0.00000 Mbps
82670 ms [UE 25133] UL Throughput = 0.15032 Mbps
82670 ms [UE 36712] UL Throughput = 0.54456 Mbps
82670 ms [UE 57972] UL Throughput = 0.00000 Mbps
82723 ms | now=1755784797981686 us | PDCP ind_msg latency=71465299 us
82762 ms [UE 33547] UL Throughput = 0.00000 Mbps
82762 ms [UE 18165] UL Throughput = 0.00000 Mbps
82762 ms [UE 21150] UL Throughput = 0.00000 Mbps
82762 ms [UE 15893] UL Throughput = 0.00000 Mbps
82779 ms [UE 1043] UL Throughput = 0.00000 Mbps
82779 ms [UE 13806] UL Throughput = 0.00000 Mbps
82779 ms [UE 25133] UL Throughput = 0.00000 Mbps
82779 ms [UE 36712] UL Throughput = 0.00000 Mbps
82779 ms [UE 57972] UL Throughput = 0.00000 Mbps
82872 ms [UE 33547] UL Throughput = 0.00000 Mbps
82872 ms [UE 18165] UL Throughput = 0.00000 Mbps
82872 ms [UE 21150] UL Throughput = 0.35130 Mbps
82872 ms [UE 15893] UL Throughput = 0.00000 Mbps
82888 ms [UE 1043] UL Throughput = 0.00000 Mbps
82888 ms [UE 13806] UL Throughput = 0.00000 Mbps
82888 ms [UE 25133] UL Throughput = 0.00000 Mbps
82888 ms [UE 36712] UL Throughput = 0.00000 Mbps
82888 ms [UE 57972] UL Throughput = 0.00000 Mbps
82982 ms [UE 33547] UL Throughput = 0.00000 Mbps
82982 ms [UE 18165] UL Throughput = 0.00000 Mbps
82982 ms [UE 21150] UL Throughput = 0.00000 Mbps
82982 ms [UE 15893] UL Throughput = 0.00000 Mbps
82989 ms [UE 1043] UL Throughput = 0.00000 Mbps
82989 ms [UE 13806] UL Throughput = 0.00000 Mbps
82989 ms [UE 25133] UL Throughput = 0.00000 Mbps
82989 ms [UE 36712] UL Throughput = 0.00000 Mbps
82989 ms [UE 57972] UL Throughput = 0.00000 Mbps
83082 ms [UE 33547] UL Throughput = 0.00000 Mbps
83082 ms [UE 18165] UL Throughput = 0.00000 Mbps
83082 ms [UE 21150] UL Throughput = 0.00000 Mbps
83082 ms [UE 15893] UL Throughput = 0.00000 Mbps
83089 ms [UE 1043] UL Throughput = 0.00000 Mbps
83089 ms [UE 13806] UL Throughput = 0.00000 Mbps
83089 ms [UE 25133] UL Throughput = 0.00000 Mbps
83089 ms [UE 36712] UL Throughput = 0.00000 Mbps
83089 ms [UE 57972] UL Throughput = 0.00000 Mbps
83184 ms [UE 33547] UL Throughput = 0.00000 Mbps
83184 ms [UE 18165] UL Throughput = 0.15233 Mbps
83184 ms [UE 21150] UL Throughput = 0.00000 Mbps
83184 ms [UE 15893] UL Throughput = 0.17014 Mbps
83189 ms [UE 1043] UL Throughput = 0.00000 Mbps
83189 ms [UE 13806] UL Throughput = 0.00000 Mbps
83189 ms [UE 25133] UL Throughput = 0.00000 Mbps
83189 ms [UE 36712] UL Throughput = 0.00000 Mbps
83189 ms [UE 57972] UL Throughput = 0.00000 Mbps
83289 ms [UE 1043] UL Throughput = 0.84447 Mbps
83289 ms [UE 13806] UL Throughput = 0.00000 Mbps
83289 ms [UE 25133] UL Throughput = 0.15007 Mbps
83289 ms [UE 36712] UL Throughput = 0.00000 Mbps
83289 ms [UE 57972] UL Throughput = 0.00000 Mbps
83292 ms [UE 33547] UL Throughput = 0.00000 Mbps
83292 ms [UE 18165] UL Throughput = 0.00000 Mbps
83292 ms [UE 21150] UL Throughput = 0.00000 Mbps
83292 ms [UE 15893] UL Throughput = 0.00000 Mbps
83398 ms [UE 1043] UL Throughput = 0.00000 Mbps
83398 ms [UE 13806] UL Throughput = 0.00000 Mbps
83398 ms [UE 25133] UL Throughput = 0.00000 Mbps
83398 ms [UE 36712] UL Throughput = 0.00000 Mbps
83398 ms [UE 57972] UL Throughput = 0.00000 Mbps
83402 ms [UE 33547] UL Throughput = 0.21396 Mbps
83402 ms [UE 18165] UL Throughput = 0.00000 Mbps
83402 ms [UE 21150] UL Throughput = 0.00000 Mbps
83402 ms [UE 15893] UL Throughput = 0.00000 Mbps
83499 ms [UE 1043] UL Throughput = 0.00000 Mbps
83499 ms [UE 13806] UL Throughput = 0.00000 Mbps
83499 ms [UE 25133] UL Throughput = 0.00000 Mbps
83499 ms [UE 36712] UL Throughput = 0.00000 Mbps
83499 ms [UE 57972] UL Throughput = 0.00000 Mbps
83511 ms [UE 33547] UL Throughput = 0.00000 Mbps
83511 ms [UE 18165] UL Throughput = 0.00000 Mbps
83511 ms [UE 21150] UL Throughput = 0.29126 Mbps
83511 ms [UE 15893] UL Throughput = 0.00000 Mbps
83600 ms [UE 1043] UL Throughput = 0.15251 Mbps
83600 ms [UE 13806] UL Throughput = 0.52884 Mbps
83600 ms [UE 25133] UL Throughput = 0.00000 Mbps
83600 ms [UE 36712] UL Throughput = 0.00000 Mbps
83600 ms [UE 57972] UL Throughput = 0.39633 Mbps
83612 ms [UE 33547] UL Throughput = 0.00000 Mbps
83612 ms [UE 18165] UL Throughput = 0.00000 Mbps
83612 ms [UE 21150] UL Throughput = 0.00000 Mbps
83612 ms [UE 15893] UL Throughput = 0.00000 Mbps
83709 ms [UE 1043] UL Throughput = 0.00000 Mbps
83709 ms [UE 13806] UL Throughput = 0.00000 Mbps
83709 ms [UE 25133] UL Throughput = 0.00000 Mbps
83709 ms [UE 36712] UL Throughput = 0.00000 Mbps
83709 ms [UE 57972] UL Throughput = 0.00000 Mbps
83722 ms [UE 33547] UL Throughput = 0.00000 Mbps
83722 ms [UE 18165] UL Throughput = 0.10293 Mbps
83722 ms [UE 21150] UL Throughput = 0.00000 Mbps
83722 ms [UE 15893] UL Throughput = 0.00000 Mbps
83760 ms | now=1755784799018651 us | PDCP ind_msg latency=71467297 us
83809 ms [UE 1043] UL Throughput = 0.00000 Mbps
83809 ms [UE 13806] UL Throughput = 0.00000 Mbps
83809 ms [UE 25133] UL Throughput = 0.00000 Mbps
83809 ms [UE 36712] UL Throughput = 0.00000 Mbps
83809 ms [UE 57972] UL Throughput = 0.00000 Mbps
83825 ms [UE 33547] UL Throughput = 0.00000 Mbps
83825 ms [UE 18165] UL Throughput = 0.00000 Mbps
83825 ms [UE 21150] UL Throughput = 0.00000 Mbps
83825 ms [UE 15893] UL Throughput = 0.00000 Mbps
83911 ms [UE 1043] UL Throughput = 0.00000 Mbps
83911 ms [UE 13806] UL Throughput = 0.00000 Mbps
83911 ms [UE 25133] UL Throughput = 0.00000 Mbps
83911 ms [UE 36712] UL Throughput = 0.78671 Mbps
83911 ms [UE 57972] UL Throughput = 0.00000 Mbps
83932 ms [UE 33547] UL Throughput = 0.00179 Mbps
83932 ms [UE 18165] UL Throughput = 0.00000 Mbps
83932 ms [UE 21150] UL Throughput = 0.00000 Mbps
83932 ms [UE 15893] UL Throughput = 0.03370 Mbps
84018 ms [UE 1043] UL Throughput = 0.00000 Mbps
84018 ms [UE 13806] UL Throughput = 0.00000 Mbps
84018 ms [UE 25133] UL Throughput = 0.00000 Mbps
84018 ms [UE 36712] UL Throughput = 0.00000 Mbps
84018 ms [UE 57972] UL Throughput = 0.36249 Mbps
84042 ms [UE 33547] UL Throughput = 0.00000 Mbps
84042 ms [UE 18165] UL Throughput = 0.00000 Mbps
84042 ms [UE 21150] UL Throughput = 0.26096 Mbps
84042 ms [UE 15893] UL Throughput = 0.14216 Mbps
84119 ms [UE 1043] UL Throughput = 0.00000 Mbps
84119 ms [UE 13806] UL Throughput = 0.00000 Mbps
84119 ms [UE 25133] UL Throughput = 0.00000 Mbps
84119 ms [UE 36712] UL Throughput = 0.00000 Mbps
84119 ms [UE 57972] UL Throughput = 0.00000 Mbps
84143 ms [UE 33547] UL Throughput = 0.00000 Mbps
84143 ms [UE 18165] UL Throughput = 0.00000 Mbps
84143 ms [UE 21150] UL Throughput = 0.00000 Mbps
84143 ms [UE 15893] UL Throughput = 0.00000 Mbps
84229 ms [UE 1043] UL Throughput = 0.63727 Mbps
84229 ms [UE 13806] UL Throughput = 0.00000 Mbps
84229 ms [UE 25133] UL Throughput = 0.16903 Mbps
84229 ms [UE 36712] UL Throughput = 0.00000 Mbps
84229 ms [UE 57972] UL Throughput = 0.00000 Mbps
84252 ms [UE 33547] UL Throughput = 0.00000 Mbps
84252 ms [UE 18165] UL Throughput = 0.02446 Mbps
84252 ms [UE 21150] UL Throughput = 0.00000 Mbps
84252 ms [UE 15893] UL Throughput = 0.00000 Mbps
84339 ms [UE 1043] UL Throughput = 0.00000 Mbps
84339 ms [UE 13806] UL Throughput = 0.00000 Mbps
84339 ms [UE 25133] UL Throughput = 0.00000 Mbps
84339 ms [UE 36712] UL Throughput = 0.00000 Mbps
84339 ms [UE 57972] UL Throughput = 0.00000 Mbps
84362 ms [UE 33547] UL Throughput = 0.00000 Mbps
84362 ms [UE 18165] UL Throughput = 0.10768 Mbps
84362 ms [UE 21150] UL Throughput = 0.00000 Mbps
84362 ms [UE 15893] UL Throughput = 0.00000 Mbps
84439 ms [UE 1043] UL Throughput = 0.00000 Mbps
84439 ms [UE 13806] UL Throughput = 0.00000 Mbps
84439 ms [UE 25133] UL Throughput = 0.00000 Mbps
84439 ms [UE 36712] UL Throughput = 0.00000 Mbps
84439 ms [UE 57972] UL Throughput = 0.00000 Mbps
84472 ms [UE 33547] UL Throughput = 0.00000 Mbps
84472 ms [UE 18165] UL Throughput = 0.00000 Mbps
84472 ms [UE 21150] UL Throughput = 0.00000 Mbps
84472 ms [UE 15893] UL Throughput = 0.00000 Mbps
84539 ms [UE 1043] UL Throughput = 0.00000 Mbps
84539 ms [UE 13806] UL Throughput = 0.53236 Mbps
84539 ms [UE 25133] UL Throughput = 0.00000 Mbps
84539 ms [UE 36712] UL Throughput = 0.79843 Mbps
84539 ms [UE 57972] UL Throughput = 0.00000 Mbps
84572 ms [UE 33547] UL Throughput = 0.00000 Mbps
84572 ms [UE 18165] UL Throughput = 0.00000 Mbps
84572 ms [UE 21150] UL Throughput = 0.00000 Mbps
84572 ms [UE 15893] UL Throughput = 0.22148 Mbps
84650 ms [UE 1043] UL Throughput = 0.00000 Mbps
84650 ms [UE 13806] UL Throughput = 0.00000 Mbps
84650 ms [UE 25133] UL Throughput = 0.00000 Mbps
84650 ms [UE 36712] UL Throughput = 0.00000 Mbps
84650 ms [UE 57972] UL Throughput = 0.00000 Mbps
84682 ms [UE 33547] UL Throughput = 0.00000 Mbps
84682 ms [UE 18165] UL Throughput = 0.00000 Mbps
84682 ms [UE 21150] UL Throughput = 0.00000 Mbps
84682 ms [UE 15893] UL Throughput = 0.00000 Mbps
84751 ms [UE 1043] UL Throughput = 0.00000 Mbps
84751 ms [UE 13806] UL Throughput = 0.00000 Mbps
84751 ms [UE 25133] UL Throughput = 0.00000 Mbps
84751 ms [UE 36712] UL Throughput = 0.00000 Mbps
84751 ms [UE 57972] UL Throughput = 0.09609 Mbps
84782 ms [UE 33547] UL Throughput = 0.00000 Mbps
84782 ms [UE 18165] UL Throughput = 0.00000 Mbps
84782 ms [UE 21150] UL Throughput = 0.00000 Mbps
84782 ms [UE 15893] UL Throughput = 0.03954 Mbps
84822 ms | now=1755784800080894 us | PDCP ind_msg latency=71465535 us
84859 ms [UE 1043] UL Throughput = 0.64650 Mbps
84859 ms [UE 13806] UL Throughput = 0.00000 Mbps
84859 ms [UE 25133] UL Throughput = 0.00000 Mbps
84859 ms [UE 36712] UL Throughput = 0.00000 Mbps
84859 ms [UE 57972] UL Throughput = 0.40866 Mbps
84882 ms [UE 33547] UL Throughput = 0.17417 Mbps
84882 ms [UE 18165] UL Throughput = 0.00000 Mbps
84882 ms [UE 21150] UL Throughput = 0.00000 Mbps
84882 ms [UE 15893] UL Throughput = 0.19456 Mbps
84971 ms [UE 1043] UL Throughput = 0.00000 Mbps
84971 ms [UE 13806] UL Throughput = 0.00000 Mbps
84971 ms [UE 25133] UL Throughput = 0.00000 Mbps
84971 ms [UE 36712] UL Throughput = 0.00000 Mbps
84971 ms [UE 57972] UL Throughput = 0.00000 Mbps
84992 ms [UE 33547] UL Throughput = 0.00000 Mbps
84992 ms [UE 18165] UL Throughput = 0.00000 Mbps
84992 ms [UE 21150] UL Throughput = 0.00000 Mbps
84992 ms [UE 15893] UL Throughput = 0.00000 Mbps
85082 ms [UE 1043] UL Throughput = 0.00000 Mbps
85082 ms [UE 13806] UL Throughput = 0.00000 Mbps
85082 ms [UE 25133] UL Throughput = 0.00000 Mbps
85082 ms [UE 36712] UL Throughput = 0.12931 Mbps
85082 ms [UE 57972] UL Throughput = 0.00000 Mbps
85102 ms [UE 33547] UL Throughput = 0.17696 Mbps
85102 ms [UE 18165] UL Throughput = 0.00000 Mbps
85102 ms [UE 21150] UL Throughput = 0.06168 Mbps
85102 ms [UE 15893] UL Throughput = 0.00000 Mbps
85188 ms [UE 1043] UL Throughput = 0.00000 Mbps
85188 ms [UE 13806] UL Throughput = 0.50122 Mbps
85188 ms [UE 25133] UL Throughput = 0.00000 Mbps
85188 ms [UE 36712] UL Throughput = 0.54915 Mbps
85188 ms [UE 57972] UL Throughput = 0.00000 Mbps
85211 ms [UE 33547] UL Throughput = 0.00000 Mbps
85211 ms [UE 18165] UL Throughput = 0.00000 Mbps
85211 ms [UE 21150] UL Throughput = 0.28975 Mbps
85211 ms [UE 15893] UL Throughput = 0.00000 Mbps
85292 ms [UE 1043] UL Throughput = 0.00000 Mbps
85292 ms [UE 13806] UL Throughput = 0.00000 Mbps
85292 ms [UE 25133] UL Throughput = 0.00000 Mbps
85292 ms [UE 36712] UL Throughput = 0.00000 Mbps
85292 ms [UE 57972] UL Throughput = 0.00000 Mbps
85312 ms [UE 33547] UL Throughput = 0.00000 Mbps
85312 ms [UE 18165] UL Throughput = 0.00000 Mbps
85312 ms [UE 21150] UL Throughput = 0.00000 Mbps
85312 ms [UE 15893] UL Throughput = 0.00000 Mbps
85398 ms [UE 1043] UL Throughput = 0.00000 Mbps
85398 ms [UE 13806] UL Throughput = 0.00000 Mbps
85398 ms [UE 25133] UL Throughput = 0.00000 Mbps
85398 ms [UE 36712] UL Throughput = 0.00000 Mbps
85398 ms [UE 57972] UL Throughput = 0.09190 Mbps
85422 ms [UE 33547] UL Throughput = 0.00000 Mbps
85422 ms [UE 18165] UL Throughput = 0.11632 Mbps
85422 ms [UE 21150] UL Throughput = 0.00000 Mbps
85422 ms [UE 15893] UL Throughput = 0.00000 Mbps
85499 ms [UE 1043] UL Throughput = 0.69362 Mbps
85499 ms [UE 13806] UL Throughput = 0.00000 Mbps
85499 ms [UE 25133] UL Throughput = 0.00000 Mbps
85499 ms [UE 36712] UL Throughput = 0.00000 Mbps
85499 ms [UE 57972] UL Throughput = 0.43844 Mbps
85532 ms [UE 33547] UL Throughput = 0.00000 Mbps
85532 ms [UE 18165] UL Throughput = 0.00000 Mbps
85532 ms [UE 21150] UL Throughput = 0.00000 Mbps
85532 ms [UE 15893] UL Throughput = 0.00000 Mbps
85608 ms [UE 1043] UL Throughput = 0.00000 Mbps
85608 ms [UE 13806] UL Throughput = 0.00000 Mbps
85608 ms [UE 25133] UL Throughput = 0.00000 Mbps
85608 ms [UE 36712] UL Throughput = 0.00000 Mbps
85608 ms [UE 57972] UL Throughput = 0.00000 Mbps
85632 ms [UE 33547] UL Throughput = 0.00000 Mbps
85632 ms [UE 18165] UL Throughput = 0.00000 Mbps
85632 ms [UE 21150] UL Throughput = 0.00000 Mbps
85632 ms [UE 15893] UL Throughput = 0.04212 Mbps
85718 ms [UE 1043] UL Throughput = 0.00000 Mbps
85718 ms [UE 13806] UL Throughput = 0.48457 Mbps
85718 ms [UE 25133] UL Throughput = 0.00000 Mbps
85718 ms [UE 36712] UL Throughput = 0.13044 Mbps
85718 ms [UE 57972] UL Throughput = 0.00000 Mbps
85742 ms [UE 33547] UL Throughput = 0.00000 Mbps
85742 ms [UE 18165] UL Throughput = 0.00000 Mbps
85742 ms [UE 21150] UL Throughput = 0.28916 Mbps
85742 ms [UE 15893] UL Throughput = 0.17725 Mbps
85818 ms [UE 1043] UL Throughput = 0.00000 Mbps
85818 ms [UE 13806] UL Throughput = 0.00000 Mbps
85818 ms [UE 25133] UL Throughput = 0.00000 Mbps
85818 ms [UE 36712] UL Throughput = 0.65516 Mbps
85818 ms [UE 57972] UL Throughput = 0.00000 Mbps
85852 ms [UE 33547] UL Throughput = 0.00000 Mbps
85852 ms [UE 18165] UL Throughput = 0.00000 Mbps
85852 ms [UE 21150] UL Throughput = 0.00000 Mbps
85852 ms [UE 15893] UL Throughput = 0.00000 Mbps
85881 ms | now=1755784801139681 us | PDCP ind_msg latency=71465325 us
85919 ms [UE 1043] UL Throughput = 0.00000 Mbps
85919 ms [UE 13806] UL Throughput = 0.00000 Mbps
85919 ms [UE 25133] UL Throughput = 0.00000 Mbps
85919 ms [UE 36712] UL Throughput = 0.00000 Mbps
85919 ms [UE 57972] UL Throughput = 0.00000 Mbps
85962 ms [UE 33547] UL Throughput = 0.00000 Mbps
85962 ms [UE 18165] UL Throughput = 0.02436 Mbps
85962 ms [UE 21150] UL Throughput = 0.00000 Mbps
85962 ms [UE 15893] UL Throughput = 0.00000 Mbps
86028 ms [UE 1043] UL Throughput = 0.14120 Mbps
86028 ms [UE 13806] UL Throughput = 0.00000 Mbps
86028 ms [UE 25133] UL Throughput = 0.00000 Mbps
86028 ms [UE 36712] UL Throughput = 0.00000 Mbps
86028 ms [UE 57972] UL Throughput = 0.40464 Mbps
86062 ms [UE 33547] UL Throughput = 0.00000 Mbps
86062 ms [UE 18165] UL Throughput = 0.11268 Mbps
86062 ms [UE 21150] UL Throughput = 0.00000 Mbps
86062 ms [UE 15893] UL Throughput = 0.00000 Mbps
86130 ms [UE 1043] UL Throughput = 0.00000 Mbps
86130 ms [UE 13806] UL Throughput = 0.00000 Mbps
86130 ms [UE 25133] UL Throughput = 0.12589 Mbps
86130 ms [UE 36712] UL Throughput = 0.00000 Mbps
86130 ms [UE 57972] UL Throughput = 0.00000 Mbps
86172 ms [UE 33547] UL Throughput = 0.00000 Mbps
86172 ms [UE 18165] UL Throughput = 0.00000 Mbps
86172 ms [UE 21150] UL Throughput = 0.00000 Mbps
86172 ms [UE 15893] UL Throughput = 0.00000 Mbps
86239 ms [UE 1043] UL Throughput = 0.00000 Mbps
86239 ms [UE 13806] UL Throughput = 0.00000 Mbps
86239 ms [UE 25133] UL Throughput = 0.00000 Mbps
86239 ms [UE 36712] UL Throughput = 0.00000 Mbps
86239 ms [UE 57972] UL Throughput = 0.00000 Mbps
86272 ms [UE 33547] UL Throughput = 0.23556 Mbps
86272 ms [UE 18165] UL Throughput = 0.00000 Mbps
86272 ms [UE 21150] UL Throughput = 0.00000 Mbps
86272 ms [UE 15893] UL Throughput = 0.19355 Mbps
86351 ms [UE 1043] UL Throughput = 0.76211 Mbps
86351 ms [UE 13806] UL Throughput = 0.42221 Mbps
86351 ms [UE 25133] UL Throughput = 0.00000 Mbps
86351 ms [UE 36712] UL Throughput = 0.00000 Mbps
86351 ms [UE 57972] UL Throughput = 0.00000 Mbps
86382 ms [UE 33547] UL Throughput = 0.00000 Mbps
86382 ms [UE 18165] UL Throughput = 0.00000 Mbps
86382 ms [UE 21150] UL Throughput = 0.00000 Mbps
86382 ms [UE 15893] UL Throughput = 0.00000 Mbps
86458 ms [UE 1043] UL Throughput = 0.00000 Mbps
86458 ms [UE 13806] UL Throughput = 0.00000 Mbps
86458 ms [UE 25133] UL Throughput = 0.00000 Mbps
86458 ms [UE 36712] UL Throughput = 0.00000 Mbps
86458 ms [UE 57972] UL Throughput = 0.00000 Mbps
86492 ms [UE 33547] UL Throughput = 0.00000 Mbps
86492 ms [UE 18165] UL Throughput = 0.00000 Mbps
86492 ms [UE 21150] UL Throughput = 0.35057 Mbps
86492 ms [UE 15893] UL Throughput = 0.00000 Mbps
86561 ms [UE 1043] UL Throughput = 0.00000 Mbps
86561 ms [UE 13806] UL Throughput = 0.00000 Mbps
86561 ms [UE 25133] UL Throughput = 0.00000 Mbps
86561 ms [UE 36712] UL Throughput = 0.00000 Mbps
86561 ms [UE 57972] UL Throughput = 0.00000 Mbps
86593 ms [UE 33547] UL Throughput = 0.00000 Mbps
86593 ms [UE 18165] UL Throughput = 0.00000 Mbps
86593 ms [UE 21150] UL Throughput = 0.00000 Mbps
86593 ms [UE 15893] UL Throughput = 0.00000 Mbps
86669 ms [UE 1043] UL Throughput = 0.00000 Mbps
86669 ms [UE 13806] UL Throughput = 0.00000 Mbps
86669 ms [UE 25133] UL Throughput = 0.00000 Mbps
86669 ms [UE 36712] UL Throughput = 0.13209 Mbps
86669 ms [UE 57972] UL Throughput = 0.00000 Mbps
86698 ms [UE 33547] UL Throughput = 0.00000 Mbps
86698 ms [UE 18165] UL Throughput = 0.00000 Mbps
86698 ms [UE 21150] UL Throughput = 0.00000 Mbps
86698 ms [UE 15893] UL Throughput = 0.00000 Mbps
86770 ms [UE 1043] UL Throughput = 0.00000 Mbps
86770 ms [UE 13806] UL Throughput = 0.00000 Mbps
86770 ms [UE 25133] UL Throughput = 0.00000 Mbps
86770 ms [UE 36712] UL Throughput = 0.00000 Mbps
86770 ms [UE 57972] UL Throughput = 0.39629 Mbps
86804 ms [UE 33547] UL Throughput = 0.00000 Mbps
86804 ms [UE 18165] UL Throughput = 0.02644 Mbps
86804 ms [UE 21150] UL Throughput = 0.00000 Mbps
86804 ms [UE 15893] UL Throughput = 0.00000 Mbps
86880 ms [UE 1043] UL Throughput = 0.00000 Mbps
86880 ms [UE 13806] UL Throughput = 0.00000 Mbps
86880 ms [UE 25133] UL Throughput = 0.00000 Mbps
86880 ms [UE 36712] UL Throughput = 0.00000 Mbps
86880 ms [UE 57972] UL Throughput = 0.00000 Mbps
86913 ms [UE 33547] UL Throughput = 0.00000 Mbps
86913 ms [UE 18165] UL Throughput = 0.11749 Mbps
86913 ms [UE 21150] UL Throughput = 0.00000 Mbps
86913 ms [UE 15893] UL Throughput = 0.17855 Mbps
86977 ms | now=1755784802236118 us | PDCP ind_msg latency=71469439 us
86989 ms [UE 1043] UL Throughput = 0.00000 Mbps
86989 ms [UE 13806] UL Throughput = 0.44390 Mbps
86989 ms [UE 25133] UL Throughput = 0.02573 Mbps
86989 ms [UE 36712] UL Throughput = 0.00000 Mbps
86989 ms [UE 57972] UL Throughput = 0.00000 Mbps
87022 ms [UE 33547] UL Throughput = 0.00000 Mbps
87022 ms [UE 18165] UL Throughput = 0.00000 Mbps
87022 ms [UE 21150] UL Throughput = 0.00000 Mbps
87022 ms [UE 15893] UL Throughput = 0.00000 Mbps
87090 ms [UE 1043] UL Throughput = 0.64114 Mbps
87090 ms [UE 13806] UL Throughput = 0.00000 Mbps
87090 ms [UE 25133] UL Throughput = 0.00000 Mbps
87090 ms [UE 36712] UL Throughput = 0.00000 Mbps
87090 ms [UE 57972] UL Throughput = 0.00000 Mbps
87132 ms [UE 33547] UL Throughput = 0.21616 Mbps
87132 ms [UE 18165] UL Throughput = 0.00000 Mbps
87132 ms [UE 21150] UL Throughput = 0.00000 Mbps
87132 ms [UE 15893] UL Throughput = 0.00000 Mbps
87199 ms [UE 1043] UL Throughput = 0.00000 Mbps
87199 ms [UE 13806] UL Throughput = 0.00000 Mbps
87199 ms [UE 25133] UL Throughput = 0.00000 Mbps
87199 ms [UE 36712] UL Throughput = 0.00000 Mbps
87199 ms [UE 57972] UL Throughput = 0.00000 Mbps
87242 ms [UE 33547] UL Throughput = 0.00000 Mbps
87242 ms [UE 18165] UL Throughput = 0.00000 Mbps
87242 ms [UE 21150] UL Throughput = 0.25685 Mbps
87242 ms [UE 15893] UL Throughput = 0.00000 Mbps
87309 ms [UE 1043] UL Throughput = 0.00000 Mbps
87309 ms [UE 13806] UL Throughput = 0.00000 Mbps
87309 ms [UE 25133] UL Throughput = 0.02530 Mbps
87309 ms [UE 36712] UL Throughput = 0.54783 Mbps
87309 ms [UE 57972] UL Throughput = 0.00000 Mbps
87343 ms [UE 33547] UL Throughput = 0.00000 Mbps
87343 ms [UE 18165] UL Throughput = 0.00000 Mbps
87343 ms [UE 21150] UL Throughput = 0.00000 Mbps
87343 ms [UE 15893] UL Throughput = 0.00000 Mbps
87410 ms [UE 1043] UL Throughput = 0.00000 Mbps
87410 ms [UE 13806] UL Throughput = 0.00000 Mbps
87410 ms [UE 25133] UL Throughput = 0.12688 Mbps
87410 ms [UE 36712] UL Throughput = 0.00000 Mbps
87410 ms [UE 57972] UL Throughput = 0.00000 Mbps
87452 ms [UE 33547] UL Throughput = 0.00000 Mbps
87452 ms [UE 18165] UL Throughput = 0.11786 Mbps
87452 ms [UE 21150] UL Throughput = 0.00000 Mbps
87452 ms [UE 15893] UL Throughput = 0.00000 Mbps
87519 ms [UE 1043] UL Throughput = 0.00000 Mbps
87519 ms [UE 13806] UL Throughput = 0.00000 Mbps
87519 ms [UE 25133] UL Throughput = 0.00000 Mbps
87519 ms [UE 36712] UL Throughput = 0.00000 Mbps
87519 ms [UE 57972] UL Throughput = 0.00000 Mbps
87563 ms [UE 33547] UL Throughput = 0.00000 Mbps
87563 ms [UE 18165] UL Throughput = 0.00000 Mbps
87563 ms [UE 21150] UL Throughput = 0.00000 Mbps
87563 ms [UE 15893] UL Throughput = 0.00000 Mbps
87628 ms [UE 1043] UL Throughput = 0.00000 Mbps
87628 ms [UE 13806] UL Throughput = 0.00000 Mbps
87628 ms [UE 25133] UL Throughput = 0.00000 Mbps
87628 ms [UE 36712] UL Throughput = 0.00000 Mbps
87628 ms [UE 57972] UL Throughput = 0.08871 Mbps
87663 ms [UE 33547] UL Throughput = 0.00000 Mbps
87663 ms [UE 18165] UL Throughput = 0.00000 Mbps
87663 ms [UE 21150] UL Throughput = 0.00000 Mbps
87663 ms [UE 15893] UL Throughput = 0.00000 Mbps
87729 ms [UE 1043] UL Throughput = 0.00000 Mbps
87729 ms [UE 13806] UL Throughput = 0.46913 Mbps
87729 ms [UE 25133] UL Throughput = 0.00000 Mbps
87729 ms [UE 36712] UL Throughput = 0.00000 Mbps
87729 ms [UE 57972] UL Throughput = 0.43854 Mbps
87763 ms [UE 33547] UL Throughput = 0.00000 Mbps
87763 ms [UE 18165] UL Throughput = 0.00000 Mbps
87763 ms [UE 21150] UL Throughput = 0.31736 Mbps
87763 ms [UE 15893] UL Throughput = 0.23676 Mbps
87830 ms [UE 1043] UL Throughput = 0.00000 Mbps
87830 ms [UE 13806] UL Throughput = 0.00000 Mbps
87830 ms [UE 25133] UL Throughput = 0.00000 Mbps
87830 ms [UE 36712] UL Throughput = 0.00000 Mbps
87830 ms [UE 57972] UL Throughput = 0.00000 Mbps
87872 ms [UE 33547] UL Throughput = 0.00000 Mbps
87872 ms [UE 18165] UL Throughput = 0.00000 Mbps
87872 ms [UE 21150] UL Throughput = 0.00000 Mbps
87872 ms [UE 15893] UL Throughput = 0.00000 Mbps
87939 ms [UE 1043] UL Throughput = 0.14149 Mbps
87939 ms [UE 13806] UL Throughput = 0.00000 Mbps
87939 ms [UE 25133] UL Throughput = 0.00000 Mbps
87939 ms [UE 36712] UL Throughput = 0.00000 Mbps
87939 ms [UE 57972] UL Throughput = 0.00000 Mbps
87982 ms [UE 33547] UL Throughput = 0.03839 Mbps
87982 ms [UE 18165] UL Throughput = 0.00000 Mbps
87982 ms [UE 21150] UL Throughput = 0.00000 Mbps
87982 ms [UE 15893] UL Throughput = 0.00000 Mbps
88039 ms [UE 1043] UL Throughput = 0.69667 Mbps
88039 ms [UE 13806] UL Throughput = 0.00000 Mbps
88039 ms [UE 25133] UL Throughput = 0.00000 Mbps
88039 ms [UE 36712] UL Throughput = 0.65571 Mbps
88039 ms [UE 57972] UL Throughput = 0.00000 Mbps
88052 ms | now=1755784803311056 us | PDCP ind_msg latency=71465672 us
88082 ms [UE 33547] UL Throughput = 0.19433 Mbps
88082 ms [UE 18165] UL Throughput = 0.00000 Mbps
88082 ms [UE 21150] UL Throughput = 0.00000 Mbps
88082 ms [UE 15893] UL Throughput = 0.00000 Mbps
88139 ms [UE 1043] UL Throughput = 0.00000 Mbps
88139 ms [UE 13806] UL Throughput = 0.00000 Mbps
88139 ms [UE 25133] UL Throughput = 0.00000 Mbps
88139 ms [UE 36712] UL Throughput = 0.00000 Mbps
88139 ms [UE 57972] UL Throughput = 0.00000 Mbps
88182 ms [UE 33547] UL Throughput = 0.00000 Mbps
88182 ms [UE 18165] UL Throughput = 0.00000 Mbps
88182 ms [UE 21150] UL Throughput = 0.00000 Mbps
88182 ms [UE 15893] UL Throughput = 0.00000 Mbps
88240 ms [UE 1043] UL Throughput = 0.00000 Mbps
88240 ms [UE 13806] UL Throughput = 0.00000 Mbps
88240 ms [UE 25133] UL Throughput = 0.02763 Mbps
88240 ms [UE 36712] UL Throughput = 0.00000 Mbps
88240 ms [UE 57972] UL Throughput = 0.00000 Mbps
88292 ms [UE 33547] UL Throughput = 0.00000 Mbps
88292 ms [UE 18165] UL Throughput = 0.14188 Mbps
88292 ms [UE 21150] UL Throughput = 0.00000 Mbps
88292 ms [UE 15893] UL Throughput = 0.00000 Mbps
88348 ms [UE 1043] UL Throughput = 0.00000 Mbps
88348 ms [UE 13806] UL Throughput = 0.00000 Mbps
88348 ms [UE 25133] UL Throughput = 0.11888 Mbps
88348 ms [UE 36712] UL Throughput = 0.00000 Mbps
88348 ms [UE 57972] UL Throughput = 0.00000 Mbps
88402 ms [UE 33547] UL Throughput = 0.00000 Mbps
88402 ms [UE 18165] UL Throughput = 0.00000 Mbps
88402 ms [UE 21150] UL Throughput = 0.00000 Mbps
88402 ms [UE 15893] UL Throughput = 0.15925 Mbps
88448 ms [UE 1043] UL Throughput = 0.00000 Mbps
88448 ms [UE 13806] UL Throughput = 0.00000 Mbps
88448 ms [UE 25133] UL Throughput = 0.00000 Mbps
88448 ms [UE 36712] UL Throughput = 0.00000 Mbps
88448 ms [UE 57972] UL Throughput = 0.00000 Mbps
88502 ms [UE 33547] UL Throughput = 0.00000 Mbps
88502 ms [UE 18165] UL Throughput = 0.00000 Mbps
88502 ms [UE 21150] UL Throughput = 0.00000 Mbps
88502 ms [UE 15893] UL Throughput = 0.00000 Mbps
88549 ms [UE 1043] UL Throughput = 0.00000 Mbps
88549 ms [UE 13806] UL Throughput = 0.64678 Mbps
88549 ms [UE 25133] UL Throughput = 0.00000 Mbps
88549 ms [UE 36712] UL Throughput = 0.00000 Mbps
88549 ms [UE 57972] UL Throughput = 0.00000 Mbps
88602 ms [UE 33547] UL Throughput = 0.17886 Mbps
88602 ms [UE 18165] UL Throughput = 0.00000 Mbps
88602 ms [UE 21150] UL Throughput = 0.35381 Mbps
88602 ms [UE 15893] UL Throughput = 0.00000 Mbps
88658 ms [UE 1043] UL Throughput = 0.63587 Mbps
88658 ms [UE 13806] UL Throughput = 0.00000 Mbps
88658 ms [UE 25133] UL Throughput = 0.00000 Mbps
88658 ms [UE 36712] UL Throughput = 0.00000 Mbps
88658 ms [UE 57972] UL Throughput = 0.00000 Mbps
88712 ms [UE 33547] UL Throughput = 0.00000 Mbps
88712 ms [UE 18165] UL Throughput = 0.00000 Mbps
88712 ms [UE 21150] UL Throughput = 0.00000 Mbps
88712 ms [UE 15893] UL Throughput = 0.00000 Mbps
88760 ms [UE 1043] UL Throughput = 0.00000 Mbps
88760 ms [UE 13806] UL Throughput = 0.00000 Mbps
88760 ms [UE 25133] UL Throughput = 0.00000 Mbps
88760 ms [UE 36712] UL Throughput = 0.00000 Mbps
88760 ms [UE 57972] UL Throughput = 0.00000 Mbps
88812 ms [UE 33547] UL Throughput = 0.00000 Mbps
88812 ms [UE 18165] UL Throughput = 0.00000 Mbps
88812 ms [UE 21150] UL Throughput = 0.00000 Mbps
88812 ms [UE 15893] UL Throughput = 0.00000 Mbps
88871 ms [UE 1043] UL Throughput = 0.00000 Mbps
88871 ms [UE 13806] UL Throughput = 0.00000 Mbps
88871 ms [UE 25133] UL Throughput = 0.00000 Mbps
88871 ms [UE 36712] UL Throughput = 0.65236 Mbps
88871 ms [UE 57972] UL Throughput = 0.39503 Mbps
88923 ms [UE 33547] UL Throughput = 0.00000 Mbps
88923 ms [UE 18165] UL Throughput = 0.10621 Mbps
88923 ms [UE 21150] UL Throughput = 0.00000 Mbps
88923 ms [UE 15893] UL Throughput = 0.00000 Mbps
88978 ms [UE 1043] UL Throughput = 0.00000 Mbps
88978 ms [UE 13806] UL Throughput = 0.00000 Mbps
88978 ms [UE 25133] UL Throughput = 0.00000 Mbps
88978 ms [UE 36712] UL Throughput = 0.00000 Mbps
88978 ms [UE 57972] UL Throughput = 0.00000 Mbps
89032 ms [UE 33547] UL Throughput = 0.00000 Mbps
89032 ms [UE 18165] UL Throughput = 0.00000 Mbps
89032 ms [UE 21150] UL Throughput = 0.00000 Mbps
89032 ms [UE 15893] UL Throughput = 0.00000 Mbps
89080 ms [UE 1043] UL Throughput = 0.00000 Mbps
89080 ms [UE 13806] UL Throughput = 0.00000 Mbps
89080 ms [UE 25133] UL Throughput = 0.00000 Mbps
89080 ms [UE 36712] UL Throughput = 0.00000 Mbps
89080 ms [UE 57972] UL Throughput = 0.00000 Mbps
89112 ms | now=1755784804371027 us | PDCP ind_msg latency=71465731 us
89133 ms [UE 33547] UL Throughput = 0.00000 Mbps
89133 ms [UE 18165] UL Throughput = 0.00000 Mbps
89133 ms [UE 21150] UL Throughput = 0.00000 Mbps
89133 ms [UE 15893] UL Throughput = 0.00000 Mbps
89189 ms [UE 1043] UL Throughput = 0.00000 Mbps
89189 ms [UE 13806] UL Throughput = 0.00000 Mbps
89189 ms [UE 25133] UL Throughput = 0.14390 Mbps
89189 ms [UE 36712] UL Throughput = 0.00000 Mbps
89189 ms [UE 57972] UL Throughput = 0.00000 Mbps
89242 ms [UE 33547] UL Throughput = 0.00000 Mbps
89242 ms [UE 18165] UL Throughput = 0.00000 Mbps
89242 ms [UE 21150] UL Throughput = 0.00000 Mbps
89242 ms [UE 15893] UL Throughput = 0.20468 Mbps
89289 ms [UE 1043] UL Throughput = 0.00000 Mbps
89289 ms [UE 13806] UL Throughput = 0.53041 Mbps
89289 ms [UE 25133] UL Throughput = 0.00000 Mbps
89289 ms [UE 36712] UL Throughput = 0.00000 Mbps
89289 ms [UE 57972] UL Throughput = 0.00000 Mbps
89343 ms [UE 33547] UL Throughput = 0.00000 Mbps
89343 ms [UE 18165] UL Throughput = 0.00000 Mbps
89343 ms [UE 21150] UL Throughput = 0.00000 Mbps
89343 ms [UE 15893] UL Throughput = 0.00000 Mbps
89400 ms [UE 1043] UL Throughput = 0.00000 Mbps
89400 ms [UE 13806] UL Throughput = 0.00000 Mbps
89400 ms [UE 25133] UL Throughput = 0.00000 Mbps
89400 ms [UE 36712] UL Throughput = 0.00000 Mbps
89400 ms [UE 57972] UL Throughput = 0.00000 Mbps
89453 ms [UE 33547] UL Throughput = 0.00000 Mbps
89453 ms [UE 18165] UL Throughput = 0.00000 Mbps
89453 ms [UE 21150] UL Throughput = 0.00000 Mbps
89453 ms [UE 15893] UL Throughput = 0.00000 Mbps
89509 ms [UE 1043] UL Throughput = 0.14102 Mbps
89509 ms [UE 13806] UL Throughput = 0.00000 Mbps
89509 ms [UE 25133] UL Throughput = 0.00000 Mbps
89509 ms [UE 36712] UL Throughput = 0.60175 Mbps
89509 ms [UE 57972] UL Throughput = 0.00000 Mbps
89562 ms [UE 33547] UL Throughput = 0.17823 Mbps
89562 ms [UE 18165] UL Throughput = 0.00000 Mbps
89562 ms [UE 21150] UL Throughput = 0.00000 Mbps
89562 ms [UE 15893] UL Throughput = 0.00000 Mbps
89618 ms [UE 1043] UL Throughput = 0.63772 Mbps
89618 ms [UE 13806] UL Throughput = 0.00000 Mbps
89618 ms [UE 25133] UL Throughput = 0.00000 Mbps
89618 ms [UE 36712] UL Throughput = 0.00000 Mbps
89618 ms [UE 57972] UL Throughput = 0.00000 Mbps
89672 ms [UE 33547] UL Throughput = 0.00000 Mbps
89672 ms [UE 18165] UL Throughput = 0.00000 Mbps
89672 ms [UE 21150] UL Throughput = 0.00000 Mbps
89672 ms [UE 15893] UL Throughput = 0.00000 Mbps
89729 ms [UE 1043] UL Throughput = 0.00000 Mbps
89729 ms [UE 13806] UL Throughput = 0.00000 Mbps
89729 ms [UE 25133] UL Throughput = 0.00000 Mbps
89729 ms [UE 36712] UL Throughput = 0.00000 Mbps
89729 ms [UE 57972] UL Throughput = 0.00000 Mbps
89772 ms [UE 33547] UL Throughput = 0.00000 Mbps
89772 ms [UE 18165] UL Throughput = 0.00000 Mbps
89772 ms [UE 21150] UL Throughput = 0.00000 Mbps
89772 ms [UE 15893] UL Throughput = 0.04193 Mbps
89833 ms [UE 1043] UL Throughput = 0.00000 Mbps
89833 ms [UE 13806] UL Throughput = 0.00000 Mbps
89833 ms [UE 25133] UL Throughput = 0.00000 Mbps
89833 ms [UE 36712] UL Throughput = 0.00000 Mbps
89833 ms [UE 57972] UL Throughput = 0.09435 Mbps
89882 ms [UE 33547] UL Throughput = 0.00000 Mbps
89882 ms [UE 18165] UL Throughput = 0.00000 Mbps
89882 ms [UE 21150] UL Throughput = 0.00000 Mbps
89882 ms [UE 15893] UL Throughput = 0.17779 Mbps
89939 ms [UE 1043] UL Throughput = 0.00000 Mbps
89939 ms [UE 13806] UL Throughput = 0.00000 Mbps
89939 ms [UE 25133] UL Throughput = 0.12053 Mbps
89939 ms [UE 36712] UL Throughput = 0.00000 Mbps
89939 ms [UE 57972] UL Throughput = 0.41443 Mbps
89982 ms [UE 33547] UL Throughput = 0.00000 Mbps
89982 ms [UE 18165] UL Throughput = 0.00000 Mbps
89982 ms [UE 21150] UL Throughput = 0.00000 Mbps
89982 ms [UE 15893] UL Throughput = 0.00000 Mbps
[xApp]: E42 RIC_SUBSCRIPTION_DELETE_REQUEST tx RAN_FUNC_ID 144 RIC_REQ_ID 1 
[xApp]: E42 SUBSCRIPTION DELETE RESPONSE rx
[xApp]: E42 RIC_SUBSCRIPTION_DELETE_REQUEST tx RAN_FUNC_ID 142 RIC_REQ_ID 2 
[xApp]: E42 SUBSCRIPTION DELETE RESPONSE rx
[xApp]: E42 RIC_SUBSCRIPTION_DELETE_REQUEST tx RAN_FUNC_ID 142 RIC_REQ_ID 3 
[xApp]: E42 SUBSCRIPTION DELETE RESPONSE rx
[xApp]: Sucessfully stopped 
MAC/PDCP xApp run SUCCESSFULLY
