[UTIL]: Setting the config -c file to /usr/local/etc/flexric/flexric.conf
[UTIL]: Setting path -p for the shared libraries to /usr/local/lib/flexric/
[xAapp]: Initializing ... 
[xApp]: nearRT-RIC IP Address = 192.168.70.150, PORT = 36422
[E2 AGENT]: Opening plugin from path = /usr/local/lib/flexric/libkpm_sm.so 
[E2 AGENT]: Opening plugin from path = /usr/local/lib/flexric/libmac_sm.so 
[E2 AGENT]: Opening plugin from path = /usr/local/lib/flexric/libpdcp_sm.so 
[E2 AGENT]: Opening plugin from path = /usr/local/lib/flexric/libgtp_sm.so 
[E2 AGENT]: Opening plugin from path = /usr/local/lib/flexric/librc_sm.so 
[E2 AGENT]: Opening plugin from path = /usr/local/lib/flexric/libtc_sm.so 
[E2 AGENT]: Opening plugin from path = /usr/local/lib/flexric/librlc_sm.so 
[E2 AGENT]: Opening plugin from path = /usr/local/lib/flexric/libslice_sm.so 
[NEAR-RIC]: Loading SM ID = 2 with def = ORAN-E2SM-KPM 
[NEAR-RIC]: Loading SM ID = 142 with def = MAC_STATS_V0 
[NEAR-RIC]: Loading SM ID = 144 with def = PDCP_STATS_V0 
[NEAR-RIC]: Loading SM ID = 148 with def = GTP_STATS_V0 
[NEAR-RIC]: Loading SM ID = 3 with def = ORAN-E2SM-RC 
[NEAR-RIC]: Loading SM ID = 146 with def = TC_STATS_V0 
[NEAR-RIC]: Loading SM ID = 143 with def = RLC_STATS_V0 
[NEAR-RIC]: Loading SM ID = 145 with def = SLICE_STATS_V0 
[xApp]: DB filename = /tmp/flexric/xapp_db 
 [xApp]: E42 SETUP-REQUEST tx
[xApp]: E42 SETUP-RESPONSE rx 
[xApp]: xApp ID = 13 
[xApp]: Registered E2 Nodes = 4 
Connected E2 nodes = 4
[xAPP] Registered node 0 ran func id = 2 
[xAPP] Registered node 0 ran func id = 3 
[xAPP] Registered node 0 ran func id = 142 
[xAPP] Registered node 0 ran func id = 143 
[xAPP] Registered node 0 ran func id = 144 
[xAPP] Registered node 0 ran func id = 145 
[xAPP] Registered node 0 ran func id = 146 
[xAPP] Registered node 0 ran func id = 148 
[xAPP] CU or CUUP, don't do anything
[xAPP] Registered node 1 ran func id = 2 
[xAPP] Registered node 1 ran func id = 3 
[xAPP] Registered node 1 ran func id = 142 
[xAPP] Registered node 1 ran func id = 143 
[xAPP] Registered node 1 ran func id = 144 
[xAPP] Registered node 1 ran func id = 145 
[xAPP] Registered node 1 ran func id = 146 
[xAPP] Registered node 1 ran func id = 148 
[xAPP] Registered node 2 ran func id = 2 
[xAPP] Registered node 2 ran func id = 3 
[xAPP] Registered node 2 ran func id = 142 
[xAPP] Registered node 2 ran func id = 143 
[xAPP] Registered node 2 ran func id = 144 
[xAPP] Registered node 2 ran func id = 145 
[xAPP] Registered node 2 ran func id = 146 
[xAPP] Registered node 2 ran func id = 148 
[xApp] DU detected
[xApp]: E42 RIC SUBSCRIPTION REQUEST tx RAN_FUNC_ID 142 RIC_REQ_ID 1 
[xApp]: SUBSCRIPTION RESPONSE rx
[xApp]: Successfully subscribed to RAN_FUNC_ID 142 
[xAPP] Registered node 3 ran func id = 2 
[xAPP] Registered node 3 ran func id = 3 
[xAPP] Registered node 3 ran func id = 142 
[xAPP] Registered node 3 ran func id = 143 
[xAPP] Registered node 3 ran func id = 144 
[xAPP] Registered node 3 ran func id = 145 
[xAPP] Registered node 3 ran func id = 146 
[xAPP] Registered node 3 ran func id = 148 
[xApp] DU detected
[xApp]: E42 RIC SUBSCRIPTION REQUEST tx RAN_FUNC_ID 142 RIC_REQ_ID 2 
[xApp]: SUBSCRIPTION RESPONSE rx
[xApp]: Successfully subscribed to RAN_FUNC_ID 142 
[   15 ms] [UE 61316] UL: SNR = 63.50 dB | SE = 20.778 bit/s/Hz
[   15 ms] [UE 54887] UL: SNR = 63.50 dB | SE = 20.778 bit/s/Hz
[   15 ms] [UE 41999] UL: SNR = 63.50 dB | SE = 20.778 bit/s/Hz
[   15 ms] [UE 10354] UL: SNR = 52.00 dB | SE = 17.015 bit/s/Hz
[   15 ms] [UE 21661] UL: SNR = 52.50 dB | SE = 17.179 bit/s/Hz
[  115 ms] [UE 61316] UL: SNR = 63.50 dB | SE = 20.778 bit/s/Hz
[  115 ms] [UE 54887] UL: SNR = 63.50 dB | SE = 20.778 bit/s/Hz
[  115 ms] [UE 41999] UL: SNR = 63.50 dB | SE = 20.778 bit/s/Hz
[  115 ms] [UE 10354] UL: SNR = 52.00 dB | SE = 17.015 bit/s/Hz
[  115 ms] [UE 21661] UL: SNR = 52.50 dB | SE = 17.179 bit/s/Hz
[  226 ms] [UE 61316] UL: SNR = 63.50 dB | SE = 20.778 bit/s/Hz
[  226 ms] [UE 54887] UL: SNR = 63.50 dB | SE = 20.778 bit/s/Hz
[  226 ms] [UE 41999] UL: SNR = 63.50 dB | SE = 20.778 bit/s/Hz
[  226 ms] [UE 10354] UL: SNR = 52.00 dB | SE = 17.015 bit/s/Hz
[  226 ms] [UE 21661] UL: SNR = 52.50 dB | SE = 17.179 bit/s/Hz
[  335 ms] [UE 61316] UL: SNR = 63.50 dB | SE = 20.778 bit/s/Hz
[  335 ms] [UE 54887] UL: SNR = 63.50 dB | SE = 20.778 bit/s/Hz
[  335 ms] [UE 41999] UL: SNR = 63.50 dB | SE = 20.778 bit/s/Hz
[  335 ms] [UE 10354] UL: SNR = 52.00 dB | SE = 17.015 bit/s/Hz
[  335 ms] [UE 21661] UL: SNR = 52.50 dB | SE = 17.179 bit/s/Hz
[  435 ms] [UE 61316] UL: SNR = 63.50 dB | SE = 20.778 bit/s/Hz
[  435 ms] [UE 54887] UL: SNR = 63.50 dB | SE = 20.778 bit/s/Hz
[  435 ms] [UE 41999] UL: SNR = 63.50 dB | SE = 20.778 bit/s/Hz
[  435 ms] [UE 10354] UL: SNR = 52.00 dB | SE = 17.015 bit/s/Hz
[  435 ms] [UE 21661] UL: SNR = 52.50 dB | SE = 17.179 bit/s/Hz
[  545 ms] [UE 61316] UL: SNR = 63.50 dB | SE = 20.778 bit/s/Hz
[  545 ms] [UE 54887] UL: SNR = 63.50 dB | SE = 20.778 bit/s/Hz
[  545 ms] [UE 41999] UL: SNR = 63.50 dB | SE = 20.778 bit/s/Hz
[  545 ms] [UE 10354] UL: SNR = 52.00 dB | SE = 17.015 bit/s/Hz
[  545 ms] [UE 21661] UL: SNR = 52.50 dB | SE = 17.179 bit/s/Hz
[  645 ms] [UE 61316] UL: SNR = 63.50 dB | SE = 20.778 bit/s/Hz
[  645 ms] [UE 54887] UL: SNR = 63.50 dB | SE = 20.778 bit/s/Hz
[  645 ms] [UE 41999] UL: SNR = 63.50 dB | SE = 20.778 bit/s/Hz
[  645 ms] [UE 10354] UL: SNR = 52.00 dB | SE = 17.015 bit/s/Hz
[  645 ms] [UE 21661] UL: SNR = 52.50 dB | SE = 17.179 bit/s/Hz
[  756 ms] [UE 61316] UL: SNR = 63.50 dB | SE = 20.778 bit/s/Hz
[  756 ms] [UE 54887] UL: SNR = 63.50 dB | SE = 20.778 bit/s/Hz
[  756 ms] [UE 41999] UL: SNR = 63.50 dB | SE = 20.778 bit/s/Hz
[  756 ms] [UE 10354] UL: SNR = 52.00 dB | SE = 17.015 bit/s/Hz
[  756 ms] [UE 21661] UL: SNR = 52.50 dB | SE = 17.179 bit/s/Hz
[  856 ms] [UE 61316] UL: SNR = 63.50 dB | SE = 20.778 bit/s/Hz
[  856 ms] [UE 54887] UL: SNR = 63.50 dB | SE = 20.778 bit/s/Hz
[  856 ms] [UE 41999] UL: SNR = 63.50 dB | SE = 20.778 bit/s/Hz
[  856 ms] [UE 10354] UL: SNR = 52.00 dB | SE = 17.015 bit/s/Hz
[  856 ms] [UE 21661] UL: SNR = 52.50 dB | SE = 17.179 bit/s/Hz
[  965 ms] [UE 61316] UL: SNR = 63.50 dB | SE = 20.778 bit/s/Hz
[  965 ms] [UE 54887] UL: SNR = 63.50 dB | SE = 20.778 bit/s/Hz
[  965 ms] [UE 41999] UL: SNR = 63.50 dB | SE = 20.778 bit/s/Hz
[  965 ms] [UE 10354] UL: SNR = 52.00 dB | SE = 17.015 bit/s/Hz
[  965 ms] [UE 21661] UL: SNR = 52.50 dB | SE = 17.179 bit/s/Hz
[ 1066 ms] [UE 61316] UL: SNR = 63.50 dB | SE = 20.778 bit/s/Hz
[ 1066 ms] [UE 54887] UL: SNR = 63.50 dB | SE = 20.778 bit/s/Hz
[ 1066 ms] [UE 41999] UL: SNR = 63.50 dB | SE = 20.778 bit/s/Hz
[ 1066 ms] [UE 10354] UL: SNR = 52.00 dB | SE = 17.015 bit/s/Hz
[ 1066 ms] [UE 21661] UL: SNR = 52.50 dB | SE = 17.179 bit/s/Hz
[ 1175 ms] [UE 61316] UL: SNR = 63.50 dB | SE = 20.778 bit/s/Hz
[ 1175 ms] [UE 54887] UL: SNR = 63.50 dB | SE = 20.778 bit/s/Hz
[ 1175 ms] [UE 41999] UL: SNR = 63.50 dB | SE = 20.778 bit/s/Hz
[ 1175 ms] [UE 10354] UL: SNR = 52.00 dB | SE = 17.015 bit/s/Hz
[ 1175 ms] [UE 21661] UL: SNR = 52.50 dB | SE = 17.179 bit/s/Hz
[ 1285 ms] [UE 61316] UL: SNR = 63.50 dB | SE = 20.778 bit/s/Hz
[ 1285 ms] [UE 54887] UL: SNR = 63.50 dB | SE = 20.778 bit/s/Hz
[ 1285 ms] [UE 41999] UL: SNR = 63.50 dB | SE = 20.778 bit/s/Hz
[ 1285 ms] [UE 10354] UL: SNR = 52.00 dB | SE = 17.015 bit/s/Hz
[ 1285 ms] [UE 21661] UL: SNR = 52.50 dB | SE = 17.179 bit/s/Hz
[ 1385 ms] [UE 61316] UL: SNR = 63.50 dB | SE = 20.778 bit/s/Hz
[ 1385 ms] [UE 54887] UL: SNR = 63.50 dB | SE = 20.778 bit/s/Hz
[ 1385 ms] [UE 41999] UL: SNR = 63.50 dB | SE = 20.778 bit/s/Hz
[ 1385 ms] [UE 10354] UL: SNR = 54.50 dB | SE = 17.833 bit/s/Hz
[ 1385 ms] [UE 21661] UL: SNR = 52.50 dB | SE = 17.179 bit/s/Hz
[ 1495 ms] [UE 61316] UL: SNR = 63.50 dB | SE = 20.778 bit/s/Hz
[ 1495 ms] [UE 54887] UL: SNR = 63.50 dB | SE = 20.778 bit/s/Hz
[ 1495 ms] [UE 41999] UL: SNR = 63.50 dB | SE = 20.778 bit/s/Hz
[ 1495 ms] [UE 10354] UL: SNR = 54.50 dB | SE = 17.833 bit/s/Hz
[ 1495 ms] [UE 21661] UL: SNR = 52.50 dB | SE = 17.179 bit/s/Hz
[ 1595 ms] [UE 61316] UL: SNR = 63.50 dB | SE = 20.778 bit/s/Hz
[ 1595 ms] [UE 54887] UL: SNR = 63.50 dB | SE = 20.778 bit/s/Hz
[ 1595 ms] [UE 41999] UL: SNR = 63.50 dB | SE = 20.778 bit/s/Hz
[ 1595 ms] [UE 10354] UL: SNR = 54.50 dB | SE = 17.833 bit/s/Hz
[ 1595 ms] [UE 21661] UL: SNR = 52.50 dB | SE = 17.179 bit/s/Hz
[ 1705 ms] [UE 61316] UL: SNR = 63.50 dB | SE = 20.778 bit/s/Hz
[ 1705 ms] [UE 54887] UL: SNR = 63.50 dB | SE = 20.778 bit/s/Hz
[ 1705 ms] [UE 41999] UL: SNR = 63.50 dB | SE = 20.778 bit/s/Hz
[ 1705 ms] [UE 10354] UL: SNR = 52.00 dB | SE = 17.015 bit/s/Hz
[ 1705 ms] [UE 21661] UL: SNR = 52.50 dB | SE = 17.179 bit/s/Hz
[ 1815 ms] [UE 61316] UL: SNR = 63.50 dB | SE = 20.778 bit/s/Hz
[ 1815 ms] [UE 54887] UL: SNR = 63.50 dB | SE = 20.778 bit/s/Hz
[ 1815 ms] [UE 41999] UL: SNR = 63.50 dB | SE = 20.778 bit/s/Hz
[ 1815 ms] [UE 10354] UL: SNR = 52.00 dB | SE = 17.015 bit/s/Hz
[ 1815 ms] [UE 21661] UL: SNR = 52.50 dB | SE = 17.179 bit/s/Hz
[ 1915 ms] [UE 61316] UL: SNR = 63.50 dB | SE = 20.778 bit/s/Hz
[ 1915 ms] [UE 54887] UL: SNR = 63.50 dB | SE = 20.778 bit/s/Hz
[ 1915 ms] [UE 41999] UL: SNR = 63.50 dB | SE = 20.778 bit/s/Hz
[ 1915 ms] [UE 10354] UL: SNR = 52.00 dB | SE = 17.015 bit/s/Hz
[ 1915 ms] [UE 21661] UL: SNR = 52.50 dB | SE = 17.179 bit/s/Hz
[ 2025 ms] [UE 61316] UL: SNR = 63.50 dB | SE = 20.778 bit/s/Hz
[ 2025 ms] [UE 54887] UL: SNR = 63.50 dB | SE = 20.778 bit/s/Hz
[ 2025 ms] [UE 41999] UL: SNR = 63.50 dB | SE = 20.778 bit/s/Hz
[ 2025 ms] [UE 10354] UL: SNR = 52.00 dB | SE = 17.015 bit/s/Hz
[ 2025 ms] [UE 21661] UL: SNR = 52.50 dB | SE = 17.179 bit/s/Hz
[ 2125 ms] [UE 61316] UL: SNR = 63.50 dB | SE = 20.778 bit/s/Hz
[ 2125 ms] [UE 54887] UL: SNR = 63.50 dB | SE = 20.778 bit/s/Hz
[ 2125 ms] [UE 41999] UL: SNR = 63.50 dB | SE = 20.778 bit/s/Hz
[ 2125 ms] [UE 10354] UL: SNR = 52.00 dB | SE = 17.015 bit/s/Hz
[ 2125 ms] [UE 21661] UL: SNR = 52.50 dB | SE = 17.179 bit/s/Hz
[ 2235 ms] [UE 61316] UL: SNR = 63.50 dB | SE = 20.778 bit/s/Hz
[ 2235 ms] [UE 54887] UL: SNR = 63.50 dB | SE = 20.778 bit/s/Hz
[ 2235 ms] [UE 41999] UL: SNR = 63.50 dB | SE = 20.778 bit/s/Hz
[ 2235 ms] [UE 10354] UL: SNR = 52.00 dB | SE = 17.015 bit/s/Hz
[ 2235 ms] [UE 21661] UL: SNR = 52.50 dB | SE = 17.179 bit/s/Hz
[ 2345 ms] [UE 61316] UL: SNR = 63.50 dB | SE = 20.778 bit/s/Hz
[ 2345 ms] [UE 54887] UL: SNR = 63.50 dB | SE = 20.778 bit/s/Hz
[ 2345 ms] [UE 41999] UL: SNR = 63.50 dB | SE = 20.778 bit/s/Hz
[ 2345 ms] [UE 10354] UL: SNR = 52.00 dB | SE = 17.015 bit/s/Hz
[ 2345 ms] [UE 21661] UL: SNR = 52.50 dB | SE = 17.179 bit/s/Hz
[ 2445 ms] [UE 61316] UL: SNR = 63.50 dB | SE = 20.778 bit/s/Hz
[ 2445 ms] [UE 54887] UL: SNR = 63.50 dB | SE = 20.778 bit/s/Hz
[ 2445 ms] [UE 41999] UL: SNR = 63.50 dB | SE = 20.778 bit/s/Hz
[ 2445 ms] [UE 10354] UL: SNR = 52.00 dB | SE = 17.015 bit/s/Hz
[ 2445 ms] [UE 21661] UL: SNR = 52.50 dB | SE = 17.179 bit/s/Hz
[ 2555 ms] [UE 61316] UL: SNR = 63.50 dB | SE = 20.778 bit/s/Hz
[ 2555 ms] [UE 54887] UL: SNR = 63.50 dB | SE = 20.778 bit/s/Hz
[ 2555 ms] [UE 41999] UL: SNR = 63.50 dB | SE = 20.778 bit/s/Hz
[ 2555 ms] [UE 10354] UL: SNR = 52.00 dB | SE = 17.015 bit/s/Hz
[ 2555 ms] [UE 21661] UL: SNR = 52.50 dB | SE = 17.179 bit/s/Hz
[ 2655 ms] [UE 61316] UL: SNR = 63.50 dB | SE = 20.778 bit/s/Hz
[ 2655 ms] [UE 54887] UL: SNR = 63.50 dB | SE = 20.778 bit/s/Hz
[ 2655 ms] [UE 41999] UL: SNR = 63.50 dB | SE = 20.778 bit/s/Hz
[ 2655 ms] [UE 10354] UL: SNR = 52.00 dB | SE = 17.015 bit/s/Hz
[ 2655 ms] [UE 21661] UL: SNR = 52.50 dB | SE = 17.179 bit/s/Hz
[ 2755 ms] [UE 61316] UL: SNR = 63.50 dB | SE = 20.778 bit/s/Hz
[ 2755 ms] [UE 54887] UL: SNR = 63.50 dB | SE = 20.778 bit/s/Hz
[ 2755 ms] [UE 41999] UL: SNR = 63.50 dB | SE = 20.778 bit/s/Hz
[ 2755 ms] [UE 10354] UL: SNR = 52.00 dB | SE = 17.015 bit/s/Hz
[ 2755 ms] [UE 21661] UL: SNR = 52.50 dB | SE = 17.179 bit/s/Hz
[ 2855 ms] [UE 61316] UL: SNR = 63.50 dB | SE = 20.778 bit/s/Hz
[ 2855 ms] [UE 54887] UL: SNR = 63.50 dB | SE = 20.778 bit/s/Hz
[ 2855 ms] [UE 41999] UL: SNR = 63.50 dB | SE = 20.778 bit/s/Hz
[ 2855 ms] [UE 10354] UL: SNR = 52.00 dB | SE = 17.015 bit/s/Hz
[ 2855 ms] [UE 21661] UL: SNR = 52.50 dB | SE = 17.179 bit/s/Hz
[ 2965 ms] [UE 61316] UL: SNR = 63.50 dB | SE = 20.778 bit/s/Hz
[ 2965 ms] [UE 54887] UL: SNR = 63.50 dB | SE = 20.778 bit/s/Hz
[ 2965 ms] [UE 41999] UL: SNR = 63.50 dB | SE = 20.778 bit/s/Hz
[ 2965 ms] [UE 10354] UL: SNR = 52.00 dB | SE = 17.015 bit/s/Hz
[ 2965 ms] [UE 21661] UL: SNR = 52.50 dB | SE = 17.179 bit/s/Hz
[ 3075 ms] [UE 61316] UL: SNR = 63.50 dB | SE = 20.778 bit/s/Hz
[ 3075 ms] [UE 54887] UL: SNR = 63.50 dB | SE = 20.778 bit/s/Hz
[ 3075 ms] [UE 41999] UL: SNR = 63.50 dB | SE = 20.778 bit/s/Hz
[ 3075 ms] [UE 10354] UL: SNR = 52.00 dB | SE = 17.015 bit/s/Hz
[ 3075 ms] [UE 21661] UL: SNR = 52.50 dB | SE = 17.179 bit/s/Hz
[ 3185 ms] [UE 61316] UL: SNR = 63.50 dB | SE = 20.778 bit/s/Hz
[ 3185 ms] [UE 54887] UL: SNR = 63.50 dB | SE = 20.778 bit/s/Hz
[ 3185 ms] [UE 41999] UL: SNR = 63.50 dB | SE = 20.778 bit/s/Hz
[ 3185 ms] [UE 10354] UL: SNR = 52.00 dB | SE = 17.015 bit/s/Hz
[ 3185 ms] [UE 21661] UL: SNR = 52.50 dB | SE = 17.179 bit/s/Hz
[ 3295 ms] [UE 61316] UL: SNR = 63.50 dB | SE = 20.778 bit/s/Hz
[ 3295 ms] [UE 54887] UL: SNR = 63.50 dB | SE = 20.778 bit/s/Hz
[ 3295 ms] [UE 41999] UL: SNR = 63.50 dB | SE = 20.778 bit/s/Hz
[ 3295 ms] [UE 10354] UL: SNR = 52.00 dB | SE = 17.015 bit/s/Hz
[ 3295 ms] [UE 21661] UL: SNR = 52.50 dB | SE = 17.179 bit/s/Hz
[ 3395 ms] [UE 61316] UL: SNR = 63.50 dB | SE = 20.778 bit/s/Hz
[ 3395 ms] [UE 54887] UL: SNR = 63.50 dB | SE = 20.778 bit/s/Hz
[ 3395 ms] [UE 41999] UL: SNR = 63.50 dB | SE = 20.778 bit/s/Hz
[ 3395 ms] [UE 10354] UL: SNR = 52.00 dB | SE = 17.015 bit/s/Hz
[ 3395 ms] [UE 21661] UL: SNR = 52.50 dB | SE = 17.179 bit/s/Hz
[ 3505 ms] [UE 61316] UL: SNR = 63.50 dB | SE = 20.778 bit/s/Hz
[ 3505 ms] [UE 54887] UL: SNR = 63.50 dB | SE = 20.778 bit/s/Hz
[ 3505 ms] [UE 41999] UL: SNR = 63.50 dB | SE = 20.778 bit/s/Hz
[ 3505 ms] [UE 10354] UL: SNR = 52.00 dB | SE = 17.015 bit/s/Hz
[ 3505 ms] [UE 21661] UL: SNR = 52.50 dB | SE = 17.179 bit/s/Hz
[ 3606 ms] [UE 61316] UL: SNR = 63.50 dB | SE = 20.778 bit/s/Hz
[ 3606 ms] [UE 54887] UL: SNR = 63.50 dB | SE = 20.778 bit/s/Hz
[ 3606 ms] [UE 41999] UL: SNR = 63.50 dB | SE = 20.778 bit/s/Hz
[ 3606 ms] [UE 10354] UL: SNR = 52.00 dB | SE = 17.015 bit/s/Hz
[ 3606 ms] [UE 21661] UL: SNR = 52.50 dB | SE = 17.179 bit/s/Hz
[ 3715 ms] [UE 61316] UL: SNR = 63.50 dB | SE = 20.778 bit/s/Hz
[ 3715 ms] [UE 54887] UL: SNR = 63.50 dB | SE = 20.778 bit/s/Hz
[ 3715 ms] [UE 41999] UL: SNR = 63.50 dB | SE = 20.778 bit/s/Hz
[ 3715 ms] [UE 10354] UL: SNR = 52.00 dB | SE = 17.015 bit/s/Hz
[ 3715 ms] [UE 21661] UL: SNR = 52.50 dB | SE = 17.179 bit/s/Hz
[ 3815 ms] [UE 61316] UL: SNR = 63.50 dB | SE = 20.778 bit/s/Hz
[ 3815 ms] [UE 54887] UL: SNR = 63.50 dB | SE = 20.778 bit/s/Hz
[ 3815 ms] [UE 41999] UL: SNR = 63.50 dB | SE = 20.778 bit/s/Hz
[ 3815 ms] [UE 10354] UL: SNR = 52.00 dB | SE = 17.015 bit/s/Hz
[ 3815 ms] [UE 21661] UL: SNR = 52.50 dB | SE = 17.179 bit/s/Hz
[ 3915 ms] [UE 61316] UL: SNR = 63.50 dB | SE = 20.778 bit/s/Hz
[ 3915 ms] [UE 54887] UL: SNR = 63.50 dB | SE = 20.778 bit/s/Hz
[ 3915 ms] [UE 41999] UL: SNR = 63.50 dB | SE = 20.778 bit/s/Hz
[ 3915 ms] [UE 10354] UL: SNR = 52.00 dB | SE = 17.015 bit/s/Hz
[ 3915 ms] [UE 21661] UL: SNR = 52.50 dB | SE = 17.179 bit/s/Hz
[ 4025 ms] [UE 61316] UL: SNR = 63.50 dB | SE = 20.778 bit/s/Hz
[ 4025 ms] [UE 54887] UL: SNR = 63.50 dB | SE = 20.778 bit/s/Hz
[ 4025 ms] [UE 41999] UL: SNR = 63.50 dB | SE = 20.778 bit/s/Hz
[ 4025 ms] [UE 10354] UL: SNR = 52.00 dB | SE = 17.015 bit/s/Hz
[ 4025 ms] [UE 21661] UL: SNR = 52.50 dB | SE = 17.179 bit/s/Hz
[ 4125 ms] [UE 61316] UL: SNR = 63.50 dB | SE = 20.778 bit/s/Hz
[ 4125 ms] [UE 54887] UL: SNR = 63.50 dB | SE = 20.778 bit/s/Hz
[ 4125 ms] [UE 41999] UL: SNR = 63.50 dB | SE = 20.778 bit/s/Hz
[ 4125 ms] [UE 10354] UL: SNR = 52.00 dB | SE = 17.015 bit/s/Hz
[ 4125 ms] [UE 21661] UL: SNR = 52.50 dB | SE = 17.179 bit/s/Hz
[ 4235 ms] [UE 61316] UL: SNR = 63.50 dB | SE = 20.778 bit/s/Hz
[ 4235 ms] [UE 54887] UL: SNR = 63.50 dB | SE = 20.778 bit/s/Hz
[ 4235 ms] [UE 41999] UL: SNR = 63.50 dB | SE = 20.778 bit/s/Hz
[ 4235 ms] [UE 10354] UL: SNR = 52.00 dB | SE = 17.015 bit/s/Hz
[ 4235 ms] [UE 21661] UL: SNR = 52.50 dB | SE = 17.179 bit/s/Hz
[ 4345 ms] [UE 61316] UL: SNR = 63.50 dB | SE = 20.778 bit/s/Hz
[ 4345 ms] [UE 54887] UL: SNR = 63.50 dB | SE = 20.778 bit/s/Hz
[ 4345 ms] [UE 41999] UL: SNR = 63.50 dB | SE = 20.778 bit/s/Hz
[ 4345 ms] [UE 10354] UL: SNR = 52.00 dB | SE = 17.015 bit/s/Hz
[ 4345 ms] [UE 21661] UL: SNR = 52.50 dB | SE = 17.179 bit/s/Hz
[ 4445 ms] [UE 61316] UL: SNR = 63.50 dB | SE = 20.778 bit/s/Hz
[ 4445 ms] [UE 54887] UL: SNR = 63.50 dB | SE = 20.778 bit/s/Hz
[ 4445 ms] [UE 41999] UL: SNR = 63.50 dB | SE = 20.778 bit/s/Hz
[ 4445 ms] [UE 10354] UL: SNR = 63.50 dB | SE = 20.778 bit/s/Hz
[ 4445 ms] [UE 21661] UL: SNR = 63.50 dB | SE = 20.778 bit/s/Hz
[ 4545 ms] [UE 61316] UL: SNR = 63.50 dB | SE = 20.778 bit/s/Hz
[ 4545 ms] [UE 54887] UL: SNR = 63.50 dB | SE = 20.778 bit/s/Hz
[ 4545 ms] [UE 41999] UL: SNR = 63.50 dB | SE = 20.778 bit/s/Hz
[ 4545 ms] [UE 10354] UL: SNR = 63.50 dB | SE = 20.778 bit/s/Hz
[ 4545 ms] [UE 21661] UL: SNR = 63.50 dB | SE = 20.778 bit/s/Hz
[ 4645 ms] [UE 61316] UL: SNR = 63.50 dB | SE = 20.778 bit/s/Hz
[ 4645 ms] [UE 54887] UL: SNR = 63.50 dB | SE = 20.778 bit/s/Hz
[ 4645 ms] [UE 41999] UL: SNR = 63.50 dB | SE = 20.778 bit/s/Hz
[ 4645 ms] [UE 10354] UL: SNR = 63.50 dB | SE = 20.778 bit/s/Hz
[ 4645 ms] [UE 21661] UL: SNR = 63.50 dB | SE = 20.778 bit/s/Hz
[ 4755 ms] [UE 61316] UL: SNR = 63.50 dB | SE = 20.778 bit/s/Hz
[ 4755 ms] [UE 54887] UL: SNR = 63.50 dB | SE = 20.778 bit/s/Hz
[ 4755 ms] [UE 41999] UL: SNR = 63.50 dB | SE = 20.778 bit/s/Hz
[ 4755 ms] [UE 10354] UL: SNR = 63.50 dB | SE = 20.778 bit/s/Hz
[ 4755 ms] [UE 21661] UL: SNR = 63.50 dB | SE = 20.778 bit/s/Hz
[ 4865 ms] [UE 61316] UL: SNR = 63.50 dB | SE = 20.778 bit/s/Hz
[ 4865 ms] [UE 54887] UL: SNR = 63.50 dB | SE = 20.778 bit/s/Hz
[ 4865 ms] [UE 41999] UL: SNR = 63.50 dB | SE = 20.778 bit/s/Hz
[ 4865 ms] [UE 10354] UL: SNR = 63.50 dB | SE = 20.778 bit/s/Hz
[ 4865 ms] [UE 21661] UL: SNR = 63.50 dB | SE = 20.778 bit/s/Hz
[ 4975 ms] [UE 61316] UL: SNR = 63.50 dB | SE = 20.778 bit/s/Hz
[ 4975 ms] [UE 54887] UL: SNR = 63.50 dB | SE = 20.778 bit/s/Hz
[ 4975 ms] [UE 41999] UL: SNR = 63.50 dB | SE = 20.778 bit/s/Hz
[ 4975 ms] [UE 10354] UL: SNR = 63.50 dB | SE = 20.778 bit/s/Hz
[ 4975 ms] [UE 21661] UL: SNR = 63.50 dB | SE = 20.778 bit/s/Hz
[ 5075 ms] [UE 61316] UL: SNR = 63.50 dB | SE = 20.778 bit/s/Hz
[ 5075 ms] [UE 54887] UL: SNR = 63.50 dB | SE = 20.778 bit/s/Hz
[ 5075 ms] [UE 41999] UL: SNR = 63.50 dB | SE = 20.778 bit/s/Hz
[ 5075 ms] [UE 10354] UL: SNR = 63.50 dB | SE = 20.778 bit/s/Hz
[ 5075 ms] [UE 21661] UL: SNR = 63.50 dB | SE = 20.778 bit/s/Hz
[ 5175 ms] [UE 61316] UL: SNR = 63.50 dB | SE = 20.778 bit/s/Hz
[ 5175 ms] [UE 54887] UL: SNR = 63.50 dB | SE = 20.778 bit/s/Hz
[ 5175 ms] [UE 41999] UL: SNR = 63.50 dB | SE = 20.778 bit/s/Hz
[ 5175 ms] [UE 10354] UL: SNR = 63.50 dB | SE = 20.778 bit/s/Hz
[ 5175 ms] [UE 21661] UL: SNR = 63.50 dB | SE = 20.778 bit/s/Hz
[ 5285 ms] [UE 61316] UL: SNR = 63.50 dB | SE = 20.778 bit/s/Hz
[ 5285 ms] [UE 54887] UL: SNR = 63.50 dB | SE = 20.778 bit/s/Hz
[ 5285 ms] [UE 41999] UL: SNR = 63.50 dB | SE = 20.778 bit/s/Hz
[ 5285 ms] [UE 10354] UL: SNR = 63.50 dB | SE = 20.778 bit/s/Hz
[ 5285 ms] [UE 21661] UL: SNR = 63.50 dB | SE = 20.778 bit/s/Hz
[ 5385 ms] [UE 61316] UL: SNR = 63.50 dB | SE = 20.778 bit/s/Hz
[ 5385 ms] [UE 54887] UL: SNR = 63.50 dB | SE = 20.778 bit/s/Hz
[ 5385 ms] [UE 41999] UL: SNR = 63.50 dB | SE = 20.778 bit/s/Hz
[ 5385 ms] [UE 10354] UL: SNR = 63.50 dB | SE = 20.778 bit/s/Hz
[ 5385 ms] [UE 21661] UL: SNR = 63.50 dB | SE = 20.778 bit/s/Hz
[ 5485 ms] [UE 61316] UL: SNR = 63.50 dB | SE = 20.778 bit/s/Hz
[ 5485 ms] [UE 54887] UL: SNR = 63.50 dB | SE = 20.778 bit/s/Hz
[ 5485 ms] [UE 41999] UL: SNR = 63.50 dB | SE = 20.778 bit/s/Hz
[ 5485 ms] [UE 10354] UL: SNR = 54.50 dB | SE = 17.833 bit/s/Hz
[ 5485 ms] [UE 21661] UL: SNR = 63.50 dB | SE = 20.778 bit/s/Hz
[ 5595 ms] [UE 61316] UL: SNR = 63.50 dB | SE = 20.778 bit/s/Hz
[ 5595 ms] [UE 54887] UL: SNR = 63.50 dB | SE = 20.778 bit/s/Hz
[ 5595 ms] [UE 41999] UL: SNR = 63.50 dB | SE = 20.778 bit/s/Hz
[ 5595 ms] [UE 10354] UL: SNR = 54.50 dB | SE = 17.833 bit/s/Hz
[ 5595 ms] [UE 21661] UL: SNR = 63.50 dB | SE = 20.778 bit/s/Hz
[ 5696 ms] [UE 61316] UL: SNR = 63.50 dB | SE = 20.778 bit/s/Hz
[ 5696 ms] [UE 54887] UL: SNR = 63.50 dB | SE = 20.778 bit/s/Hz
[ 5696 ms] [UE 41999] UL: SNR = 63.50 dB | SE = 20.778 bit/s/Hz
[ 5696 ms] [UE 10354] UL: SNR = 54.50 dB | SE = 17.833 bit/s/Hz
[ 5696 ms] [UE 21661] UL: SNR = 63.50 dB | SE = 20.778 bit/s/Hz
[ 5805 ms] [UE 61316] UL: SNR = 63.50 dB | SE = 20.778 bit/s/Hz
[ 5805 ms] [UE 54887] UL: SNR = 63.50 dB | SE = 20.778 bit/s/Hz
[ 5805 ms] [UE 41999] UL: SNR = 63.50 dB | SE = 20.778 bit/s/Hz
[ 5805 ms] [UE 10354] UL: SNR = 52.00 dB | SE = 17.015 bit/s/Hz
[ 5805 ms] [UE 21661] UL: SNR = 52.50 dB | SE = 17.179 bit/s/Hz
[ 5916 ms] [UE 61316] UL: SNR = 63.50 dB | SE = 20.778 bit/s/Hz
[ 5916 ms] [UE 54887] UL: SNR = 63.50 dB | SE = 20.778 bit/s/Hz
[ 5916 ms] [UE 41999] UL: SNR = 63.50 dB | SE = 20.778 bit/s/Hz
[ 5916 ms] [UE 10354] UL: SNR = 52.00 dB | SE = 17.015 bit/s/Hz
[ 5916 ms] [UE 21661] UL: SNR = 52.50 dB | SE = 17.179 bit/s/Hz
[ 6026 ms] [UE 61316] UL: SNR = 63.50 dB | SE = 20.778 bit/s/Hz
[ 6026 ms] [UE 54887] UL: SNR = 63.50 dB | SE = 20.778 bit/s/Hz
[ 6026 ms] [UE 41999] UL: SNR = 63.50 dB | SE = 20.778 bit/s/Hz
[ 6026 ms] [UE 10354] UL: SNR = 52.00 dB | SE = 17.015 bit/s/Hz
[ 6026 ms] [UE 21661] UL: SNR = 52.50 dB | SE = 17.179 bit/s/Hz
[ 6135 ms] [UE 61316] UL: SNR = 63.50 dB | SE = 20.778 bit/s/Hz
[ 6135 ms] [UE 54887] UL: SNR = 63.50 dB | SE = 20.778 bit/s/Hz
[ 6135 ms] [UE 41999] UL: SNR = 63.50 dB | SE = 20.778 bit/s/Hz
[ 6135 ms] [UE 10354] UL: SNR = 52.00 dB | SE = 17.015 bit/s/Hz
[ 6135 ms] [UE 21661] UL: SNR = 52.50 dB | SE = 17.179 bit/s/Hz
[ 6235 ms] [UE 61316] UL: SNR = 63.50 dB | SE = 20.778 bit/s/Hz
[ 6235 ms] [UE 54887] UL: SNR = 63.50 dB | SE = 20.778 bit/s/Hz
[ 6235 ms] [UE 41999] UL: SNR = 63.50 dB | SE = 20.778 bit/s/Hz
[ 6235 ms] [UE 10354] UL: SNR = 52.00 dB | SE = 17.015 bit/s/Hz
[ 6235 ms] [UE 21661] UL: SNR = 52.50 dB | SE = 17.179 bit/s/Hz
[ 6335 ms] [UE 61316] UL: SNR = 63.50 dB | SE = 20.778 bit/s/Hz
[ 6335 ms] [UE 54887] UL: SNR = 63.50 dB | SE = 20.778 bit/s/Hz
[ 6335 ms] [UE 41999] UL: SNR = 63.50 dB | SE = 20.778 bit/s/Hz
[ 6335 ms] [UE 10354] UL: SNR = 52.00 dB | SE = 17.015 bit/s/Hz
[ 6335 ms] [UE 21661] UL: SNR = 52.50 dB | SE = 17.179 bit/s/Hz
[ 6445 ms] [UE 61316] UL: SNR = 63.50 dB | SE = 20.778 bit/s/Hz
[ 6445 ms] [UE 54887] UL: SNR = 63.50 dB | SE = 20.778 bit/s/Hz
[ 6445 ms] [UE 41999] UL: SNR = 63.50 dB | SE = 20.778 bit/s/Hz
[ 6445 ms] [UE 10354] UL: SNR = 52.00 dB | SE = 17.015 bit/s/Hz
[ 6445 ms] [UE 21661] UL: SNR = 52.50 dB | SE = 17.179 bit/s/Hz
[ 6545 ms] [UE 61316] UL: SNR = 63.50 dB | SE = 20.778 bit/s/Hz
[ 6545 ms] [UE 54887] UL: SNR = 63.50 dB | SE = 20.778 bit/s/Hz
[ 6545 ms] [UE 41999] UL: SNR = 63.50 dB | SE = 20.778 bit/s/Hz
[ 6545 ms] [UE 10354] UL: SNR = 52.00 dB | SE = 17.015 bit/s/Hz
[ 6545 ms] [UE 21661] UL: SNR = 52.50 dB | SE = 17.179 bit/s/Hz
[ 6655 ms] [UE 61316] UL: SNR = 63.50 dB | SE = 20.778 bit/s/Hz
[ 6655 ms] [UE 54887] UL: SNR = 63.50 dB | SE = 20.778 bit/s/Hz
[ 6655 ms] [UE 41999] UL: SNR = 63.50 dB | SE = 20.778 bit/s/Hz
[ 6655 ms] [UE 10354] UL: SNR = 52.00 dB | SE = 17.015 bit/s/Hz
[ 6655 ms] [UE 21661] UL: SNR = 52.50 dB | SE = 17.179 bit/s/Hz
[ 6756 ms] [UE 61316] UL: SNR = 63.50 dB | SE = 20.778 bit/s/Hz
[ 6756 ms] [UE 54887] UL: SNR = 63.50 dB | SE = 20.778 bit/s/Hz
[ 6756 ms] [UE 41999] UL: SNR = 63.50 dB | SE = 20.778 bit/s/Hz
[ 6756 ms] [UE 10354] UL: SNR = 52.00 dB | SE = 17.015 bit/s/Hz
[ 6756 ms] [UE 21661] UL: SNR = 52.50 dB | SE = 17.179 bit/s/Hz
[ 6865 ms] [UE 61316] UL: SNR = 63.50 dB | SE = 20.778 bit/s/Hz
[ 6865 ms] [UE 54887] UL: SNR = 63.50 dB | SE = 20.778 bit/s/Hz
[ 6865 ms] [UE 41999] UL: SNR = 63.50 dB | SE = 20.778 bit/s/Hz
[ 6865 ms] [UE 10354] UL: SNR = 52.00 dB | SE = 17.015 bit/s/Hz
[ 6865 ms] [UE 21661] UL: SNR = 52.50 dB | SE = 17.179 bit/s/Hz
[ 6965 ms] [UE 61316] UL: SNR = 63.50 dB | SE = 20.778 bit/s/Hz
[ 6965 ms] [UE 54887] UL: SNR = 63.50 dB | SE = 20.778 bit/s/Hz
[ 6965 ms] [UE 41999] UL: SNR = 63.50 dB | SE = 20.778 bit/s/Hz
[ 6965 ms] [UE 10354] UL: SNR = 52.00 dB | SE = 17.015 bit/s/Hz
[ 6965 ms] [UE 21661] UL: SNR = 52.50 dB | SE = 17.179 bit/s/Hz
[ 7065 ms] [UE 61316] UL: SNR = 63.50 dB | SE = 20.778 bit/s/Hz
[ 7065 ms] [UE 54887] UL: SNR = 63.50 dB | SE = 20.778 bit/s/Hz
[ 7065 ms] [UE 41999] UL: SNR = 63.50 dB | SE = 20.778 bit/s/Hz
[ 7065 ms] [UE 10354] UL: SNR = 52.00 dB | SE = 17.015 bit/s/Hz
[ 7065 ms] [UE 21661] UL: SNR = 52.50 dB | SE = 17.179 bit/s/Hz
[ 7166 ms] [UE 61316] UL: SNR = 63.50 dB | SE = 20.778 bit/s/Hz
[ 7166 ms] [UE 54887] UL: SNR = 63.50 dB | SE = 20.778 bit/s/Hz
[ 7166 ms] [UE 41999] UL: SNR = 63.50 dB | SE = 20.778 bit/s/Hz
[ 7166 ms] [UE 10354] UL: SNR = 52.00 dB | SE = 17.015 bit/s/Hz
[ 7166 ms] [UE 21661] UL: SNR = 52.50 dB | SE = 17.179 bit/s/Hz
[ 7275 ms] [UE 61316] UL: SNR = 63.50 dB | SE = 20.778 bit/s/Hz
[ 7275 ms] [UE 54887] UL: SNR = 63.50 dB | SE = 20.778 bit/s/Hz
[ 7275 ms] [UE 41999] UL: SNR = 63.50 dB | SE = 20.778 bit/s/Hz
[ 7275 ms] [UE 10354] UL: SNR = 52.00 dB | SE = 17.015 bit/s/Hz
[ 7275 ms] [UE 21661] UL: SNR = 52.50 dB | SE = 17.179 bit/s/Hz
[ 7376 ms] [UE 61316] UL: SNR = 63.50 dB | SE = 20.778 bit/s/Hz
[ 7376 ms] [UE 54887] UL: SNR = 63.50 dB | SE = 20.778 bit/s/Hz
[ 7376 ms] [UE 41999] UL: SNR = 63.50 dB | SE = 20.778 bit/s/Hz
[ 7376 ms] [UE 10354] UL: SNR = 52.00 dB | SE = 17.015 bit/s/Hz
[ 7376 ms] [UE 21661] UL: SNR = 52.50 dB | SE = 17.179 bit/s/Hz
[ 7485 ms] [UE 61316] UL: SNR = 63.50 dB | SE = 20.778 bit/s/Hz
[ 7485 ms] [UE 54887] UL: SNR = 63.50 dB | SE = 20.778 bit/s/Hz
[ 7485 ms] [UE 41999] UL: SNR = 63.50 dB | SE = 20.778 bit/s/Hz
[ 7485 ms] [UE 10354] UL: SNR = 52.00 dB | SE = 17.015 bit/s/Hz
[ 7485 ms] [UE 21661] UL: SNR = 52.50 dB | SE = 17.179 bit/s/Hz
[ 7585 ms] [UE 61316] UL: SNR = 63.50 dB | SE = 20.778 bit/s/Hz
[ 7585 ms] [UE 54887] UL: SNR = 63.50 dB | SE = 20.778 bit/s/Hz
[ 7585 ms] [UE 41999] UL: SNR = 63.50 dB | SE = 20.778 bit/s/Hz
[ 7585 ms] [UE 10354] UL: SNR = 52.00 dB | SE = 17.015 bit/s/Hz
[ 7585 ms] [UE 21661] UL: SNR = 52.50 dB | SE = 17.179 bit/s/Hz
[ 7685 ms] [UE 61316] UL: SNR = 63.50 dB | SE = 20.778 bit/s/Hz
[ 7685 ms] [UE 54887] UL: SNR = 63.50 dB | SE = 20.778 bit/s/Hz
[ 7685 ms] [UE 41999] UL: SNR = 63.50 dB | SE = 20.778 bit/s/Hz
[ 7685 ms] [UE 10354] UL: SNR = 52.00 dB | SE = 17.015 bit/s/Hz
[ 7685 ms] [UE 21661] UL: SNR = 52.50 dB | SE = 17.179 bit/s/Hz
[ 7785 ms] [UE 61316] UL: SNR = 63.50 dB | SE = 20.778 bit/s/Hz
[ 7785 ms] [UE 54887] UL: SNR = 63.50 dB | SE = 20.778 bit/s/Hz
[ 7785 ms] [UE 41999] UL: SNR = 63.50 dB | SE = 20.778 bit/s/Hz
[ 7785 ms] [UE 10354] UL: SNR = 52.00 dB | SE = 17.015 bit/s/Hz
[ 7785 ms] [UE 21661] UL: SNR = 52.50 dB | SE = 17.179 bit/s/Hz
[ 7886 ms] [UE 61316] UL: SNR = 63.50 dB | SE = 20.778 bit/s/Hz
[ 7886 ms] [UE 54887] UL: SNR = 63.50 dB | SE = 20.778 bit/s/Hz
[ 7886 ms] [UE 41999] UL: SNR = 63.50 dB | SE = 20.778 bit/s/Hz
[ 7886 ms] [UE 10354] UL: SNR = 52.00 dB | SE = 17.015 bit/s/Hz
[ 7886 ms] [UE 21661] UL: SNR = 52.50 dB | SE = 17.179 bit/s/Hz
[ 7995 ms] [UE 61316] UL: SNR = 63.50 dB | SE = 20.778 bit/s/Hz
[ 7995 ms] [UE 54887] UL: SNR = 63.50 dB | SE = 20.778 bit/s/Hz
[ 7995 ms] [UE 41999] UL: SNR = 63.50 dB | SE = 20.778 bit/s/Hz
[ 7995 ms] [UE 10354] UL: SNR = 52.00 dB | SE = 17.015 bit/s/Hz
[ 7995 ms] [UE 21661] UL: SNR = 52.50 dB | SE = 17.179 bit/s/Hz
[ 8095 ms] [UE 61316] UL: SNR = 63.50 dB | SE = 20.778 bit/s/Hz
[ 8095 ms] [UE 54887] UL: SNR = 63.50 dB | SE = 20.778 bit/s/Hz
[ 8095 ms] [UE 41999] UL: SNR = 63.50 dB | SE = 20.778 bit/s/Hz
[ 8095 ms] [UE 10354] UL: SNR = 52.00 dB | SE = 17.015 bit/s/Hz
[ 8095 ms] [UE 21661] UL: SNR = 52.50 dB | SE = 17.179 bit/s/Hz
[ 8205 ms] [UE 61316] UL: SNR = 63.50 dB | SE = 20.778 bit/s/Hz
[ 8205 ms] [UE 54887] UL: SNR = 63.50 dB | SE = 20.778 bit/s/Hz
[ 8205 ms] [UE 41999] UL: SNR = 63.50 dB | SE = 20.778 bit/s/Hz
[ 8205 ms] [UE 10354] UL: SNR = 52.00 dB | SE = 17.015 bit/s/Hz
[ 8205 ms] [UE 21661] UL: SNR = 52.50 dB | SE = 17.179 bit/s/Hz
[ 8316 ms] [UE 61316] UL: SNR = 63.50 dB | SE = 20.778 bit/s/Hz
[ 8316 ms] [UE 54887] UL: SNR = 63.50 dB | SE = 20.778 bit/s/Hz
[ 8316 ms] [UE 41999] UL: SNR = 63.50 dB | SE = 20.778 bit/s/Hz
[ 8316 ms] [UE 10354] UL: SNR = 52.00 dB | SE = 17.015 bit/s/Hz
[ 8316 ms] [UE 21661] UL: SNR = 52.50 dB | SE = 17.179 bit/s/Hz
[ 8425 ms] [UE 61316] UL: SNR = 63.50 dB | SE = 20.778 bit/s/Hz
[ 8425 ms] [UE 54887] UL: SNR = 63.50 dB | SE = 20.778 bit/s/Hz
[ 8425 ms] [UE 41999] UL: SNR = 63.50 dB | SE = 20.778 bit/s/Hz
[ 8425 ms] [UE 10354] UL: SNR = 52.00 dB | SE = 17.015 bit/s/Hz
[ 8425 ms] [UE 21661] UL: SNR = 52.50 dB | SE = 17.179 bit/s/Hz
[ 8535 ms] [UE 61316] UL: SNR = 63.50 dB | SE = 20.778 bit/s/Hz
[ 8535 ms] [UE 54887] UL: SNR = 63.50 dB | SE = 20.778 bit/s/Hz
[ 8535 ms] [UE 41999] UL: SNR = 63.50 dB | SE = 20.778 bit/s/Hz
[ 8535 ms] [UE 10354] UL: SNR = 52.00 dB | SE = 17.015 bit/s/Hz
[ 8535 ms] [UE 21661] UL: SNR = 52.50 dB | SE = 17.179 bit/s/Hz
[ 8635 ms] [UE 61316] UL: SNR = 63.50 dB | SE = 20.778 bit/s/Hz
[ 8635 ms] [UE 54887] UL: SNR = 63.50 dB | SE = 20.778 bit/s/Hz
[ 8635 ms] [UE 41999] UL: SNR = 63.50 dB | SE = 20.778 bit/s/Hz
[ 8635 ms] [UE 10354] UL: SNR = 52.00 dB | SE = 17.015 bit/s/Hz
[ 8635 ms] [UE 21661] UL: SNR = 52.50 dB | SE = 17.179 bit/s/Hz
[ 8745 ms] [UE 61316] UL: SNR = 63.50 dB | SE = 20.778 bit/s/Hz
[ 8745 ms] [UE 54887] UL: SNR = 63.50 dB | SE = 20.778 bit/s/Hz
[ 8745 ms] [UE 41999] UL: SNR = 63.50 dB | SE = 20.778 bit/s/Hz
[ 8745 ms] [UE 10354] UL: SNR = 52.00 dB | SE = 17.015 bit/s/Hz
[ 8745 ms] [UE 21661] UL: SNR = 52.50 dB | SE = 17.179 bit/s/Hz
[ 8845 ms] [UE 61316] UL: SNR = 63.50 dB | SE = 20.778 bit/s/Hz
[ 8845 ms] [UE 54887] UL: SNR = 63.50 dB | SE = 20.778 bit/s/Hz
[ 8845 ms] [UE 41999] UL: SNR = 63.50 dB | SE = 20.778 bit/s/Hz
[ 8845 ms] [UE 10354] UL: SNR = 52.00 dB | SE = 17.015 bit/s/Hz
[ 8845 ms] [UE 21661] UL: SNR = 52.50 dB | SE = 17.179 bit/s/Hz
[ 8955 ms] [UE 61316] UL: SNR = 63.50 dB | SE = 20.778 bit/s/Hz
[ 8955 ms] [UE 54887] UL: SNR = 63.50 dB | SE = 20.778 bit/s/Hz
[ 8955 ms] [UE 41999] UL: SNR = 63.50 dB | SE = 20.778 bit/s/Hz
[ 8955 ms] [UE 10354] UL: SNR = 52.00 dB | SE = 17.015 bit/s/Hz
[ 8955 ms] [UE 21661] UL: SNR = 52.50 dB | SE = 17.179 bit/s/Hz
[ 9055 ms] [UE 61316] UL: SNR = 63.50 dB | SE = 20.778 bit/s/Hz
[ 9055 ms] [UE 54887] UL: SNR = 63.50 dB | SE = 20.778 bit/s/Hz
[ 9055 ms] [UE 41999] UL: SNR = 63.50 dB | SE = 20.778 bit/s/Hz
[ 9055 ms] [UE 10354] UL: SNR = 52.00 dB | SE = 17.015 bit/s/Hz
[ 9055 ms] [UE 21661] UL: SNR = 52.50 dB | SE = 17.179 bit/s/Hz
[ 9165 ms] [UE 61316] UL: SNR = 63.50 dB | SE = 20.778 bit/s/Hz
[ 9165 ms] [UE 54887] UL: SNR = 63.50 dB | SE = 20.778 bit/s/Hz
[ 9165 ms] [UE 41999] UL: SNR = 63.50 dB | SE = 20.778 bit/s/Hz
[ 9165 ms] [UE 10354] UL: SNR = 52.00 dB | SE = 17.015 bit/s/Hz
[ 9165 ms] [UE 21661] UL: SNR = 52.50 dB | SE = 17.179 bit/s/Hz
[ 9266 ms] [UE 61316] UL: SNR = 63.50 dB | SE = 20.778 bit/s/Hz
[ 9266 ms] [UE 54887] UL: SNR = 63.50 dB | SE = 20.778 bit/s/Hz
[ 9266 ms] [UE 41999] UL: SNR = 63.50 dB | SE = 20.778 bit/s/Hz
[ 9266 ms] [UE 10354] UL: SNR = 52.00 dB | SE = 17.015 bit/s/Hz
[ 9266 ms] [UE 21661] UL: SNR = 52.50 dB | SE = 17.179 bit/s/Hz
[ 9375 ms] [UE 61316] UL: SNR = 63.50 dB | SE = 20.778 bit/s/Hz
[ 9375 ms] [UE 54887] UL: SNR = 63.50 dB | SE = 20.778 bit/s/Hz
[ 9375 ms] [UE 41999] UL: SNR = 63.50 dB | SE = 20.778 bit/s/Hz
[ 9375 ms] [UE 10354] UL: SNR = 52.00 dB | SE = 17.015 bit/s/Hz
[ 9375 ms] [UE 21661] UL: SNR = 52.50 dB | SE = 17.179 bit/s/Hz
[ 9485 ms] [UE 61316] UL: SNR = 63.50 dB | SE = 20.778 bit/s/Hz
[ 9485 ms] [UE 54887] UL: SNR = 63.50 dB | SE = 20.778 bit/s/Hz
[ 9485 ms] [UE 41999] UL: SNR = 63.50 dB | SE = 20.778 bit/s/Hz
[ 9485 ms] [UE 10354] UL: SNR = 52.00 dB | SE = 17.015 bit/s/Hz
[ 9485 ms] [UE 21661] UL: SNR = 52.50 dB | SE = 17.179 bit/s/Hz
[ 9585 ms] [UE 61316] UL: SNR = 63.50 dB | SE = 20.778 bit/s/Hz
[ 9585 ms] [UE 54887] UL: SNR = 63.50 dB | SE = 20.778 bit/s/Hz
[ 9585 ms] [UE 41999] UL: SNR = 63.50 dB | SE = 20.778 bit/s/Hz
[ 9585 ms] [UE 10354] UL: SNR = 54.50 dB | SE = 17.833 bit/s/Hz
[ 9585 ms] [UE 21661] UL: SNR = 52.50 dB | SE = 17.179 bit/s/Hz
[ 9685 ms] [UE 61316] UL: SNR = 63.50 dB | SE = 20.778 bit/s/Hz
[ 9685 ms] [UE 54887] UL: SNR = 63.50 dB | SE = 20.778 bit/s/Hz
[ 9685 ms] [UE 41999] UL: SNR = 63.50 dB | SE = 20.778 bit/s/Hz
[ 9685 ms] [UE 10354] UL: SNR = 54.50 dB | SE = 17.833 bit/s/Hz
[ 9685 ms] [UE 21661] UL: SNR = 52.50 dB | SE = 17.179 bit/s/Hz
[ 9795 ms] [UE 61316] UL: SNR = 63.50 dB | SE = 20.778 bit/s/Hz
[ 9795 ms] [UE 54887] UL: SNR = 63.50 dB | SE = 20.778 bit/s/Hz
[ 9795 ms] [UE 41999] UL: SNR = 63.50 dB | SE = 20.778 bit/s/Hz
[ 9795 ms] [UE 10354] UL: SNR = 54.50 dB | SE = 17.833 bit/s/Hz
[ 9795 ms] [UE 21661] UL: SNR = 52.50 dB | SE = 17.179 bit/s/Hz
[ 9895 ms] [UE 61316] UL: SNR = 63.50 dB | SE = 20.778 bit/s/Hz
[ 9895 ms] [UE 54887] UL: SNR = 63.50 dB | SE = 20.778 bit/s/Hz
[ 9895 ms] [UE 41999] UL: SNR = 63.50 dB | SE = 20.778 bit/s/Hz
[ 9895 ms] [UE 10354] UL: SNR = 52.00 dB | SE = 17.015 bit/s/Hz
[ 9895 ms] [UE 21661] UL: SNR = 52.50 dB | SE = 17.179 bit/s/Hz
[ 9996 ms] [UE 61316] UL: SNR = 63.50 dB | SE = 20.778 bit/s/Hz
[ 9996 ms] [UE 54887] UL: SNR = 63.50 dB | SE = 20.778 bit/s/Hz
[ 9996 ms] [UE 41999] UL: SNR = 63.50 dB | SE = 20.778 bit/s/Hz
[ 9996 ms] [UE 10354] UL: SNR = 52.00 dB | SE = 17.015 bit/s/Hz
[ 9996 ms] [UE 21661] UL: SNR = 52.50 dB | SE = 17.179 bit/s/Hz
[10105 ms] [UE 61316] UL: SNR = 63.50 dB | SE = 20.778 bit/s/Hz
[10105 ms] [UE 54887] UL: SNR = 63.50 dB | SE = 20.778 bit/s/Hz
[10105 ms] [UE 41999] UL: SNR = 63.50 dB | SE = 20.778 bit/s/Hz
[10105 ms] [UE 10354] UL: SNR = 52.00 dB | SE = 17.015 bit/s/Hz
[10105 ms] [UE 21661] UL: SNR = 52.50 dB | SE = 17.179 bit/s/Hz
[10215 ms] [UE 61316] UL: SNR = 63.50 dB | SE = 20.778 bit/s/Hz
[10215 ms] [UE 54887] UL: SNR = 63.50 dB | SE = 20.778 bit/s/Hz
[10215 ms] [UE 41999] UL: SNR = 63.50 dB | SE = 20.778 bit/s/Hz
[10215 ms] [UE 10354] UL: SNR = 52.00 dB | SE = 17.015 bit/s/Hz
[10215 ms] [UE 21661] UL: SNR = 52.50 dB | SE = 17.179 bit/s/Hz
[10316 ms] [UE 61316] UL: SNR = 63.50 dB | SE = 20.778 bit/s/Hz
[10316 ms] [UE 54887] UL: SNR = 63.50 dB | SE = 20.778 bit/s/Hz
[10316 ms] [UE 41999] UL: SNR = 63.50 dB | SE = 20.778 bit/s/Hz
[10316 ms] [UE 10354] UL: SNR = 52.00 dB | SE = 17.015 bit/s/Hz
[10316 ms] [UE 21661] UL: SNR = 52.50 dB | SE = 17.179 bit/s/Hz
[10425 ms] [UE 61316] UL: SNR = 63.50 dB | SE = 20.778 bit/s/Hz
[10425 ms] [UE 54887] UL: SNR = 63.50 dB | SE = 20.778 bit/s/Hz
[10425 ms] [UE 41999] UL: SNR = 63.50 dB | SE = 20.778 bit/s/Hz
[10425 ms] [UE 10354] UL: SNR = 52.00 dB | SE = 17.015 bit/s/Hz
[10425 ms] [UE 21661] UL: SNR = 52.50 dB | SE = 17.179 bit/s/Hz
[10535 ms] [UE 61316] UL: SNR = 63.50 dB | SE = 20.778 bit/s/Hz
[10535 ms] [UE 54887] UL: SNR = 63.50 dB | SE = 20.778 bit/s/Hz
[10535 ms] [UE 41999] UL: SNR = 63.50 dB | SE = 20.778 bit/s/Hz
[10535 ms] [UE 10354] UL: SNR = 52.00 dB | SE = 17.015 bit/s/Hz
[10535 ms] [UE 21661] UL: SNR = 52.50 dB | SE = 17.179 bit/s/Hz
[10636 ms] [UE 61316] UL: SNR = 63.50 dB | SE = 20.778 bit/s/Hz
[10636 ms] [UE 54887] UL: SNR = 63.50 dB | SE = 20.778 bit/s/Hz
[10636 ms] [UE 41999] UL: SNR = 63.50 dB | SE = 20.778 bit/s/Hz
[10636 ms] [UE 10354] UL: SNR = 52.00 dB | SE = 17.015 bit/s/Hz
[10636 ms] [UE 21661] UL: SNR = 52.50 dB | SE = 17.179 bit/s/Hz
[10745 ms] [UE 61316] UL: SNR = 63.50 dB | SE = 20.778 bit/s/Hz
[10745 ms] [UE 54887] UL: SNR = 63.50 dB | SE = 20.778 bit/s/Hz
[10745 ms] [UE 41999] UL: SNR = 63.50 dB | SE = 20.778 bit/s/Hz
[10745 ms] [UE 10354] UL: SNR = 52.00 dB | SE = 17.015 bit/s/Hz
[10745 ms] [UE 21661] UL: SNR = 52.50 dB | SE = 17.179 bit/s/Hz
[10846 ms] [UE 61316] UL: SNR = 63.50 dB | SE = 20.778 bit/s/Hz
[10846 ms] [UE 54887] UL: SNR = 63.50 dB | SE = 20.778 bit/s/Hz
[10846 ms] [UE 41999] UL: SNR = 63.50 dB | SE = 20.778 bit/s/Hz
[10846 ms] [UE 10354] UL: SNR = 52.00 dB | SE = 17.015 bit/s/Hz
[10846 ms] [UE 21661] UL: SNR = 52.50 dB | SE = 17.179 bit/s/Hz
[10955 ms] [UE 61316] UL: SNR = 63.50 dB | SE = 20.778 bit/s/Hz
[10955 ms] [UE 54887] UL: SNR = 63.50 dB | SE = 20.778 bit/s/Hz
[10955 ms] [UE 41999] UL: SNR = 63.50 dB | SE = 20.778 bit/s/Hz
[10955 ms] [UE 10354] UL: SNR = 52.00 dB | SE = 17.015 bit/s/Hz
[10955 ms] [UE 21661] UL: SNR = 52.50 dB | SE = 17.179 bit/s/Hz
[11055 ms] [UE 61316] UL: SNR = 63.50 dB | SE = 20.778 bit/s/Hz
[11055 ms] [UE 54887] UL: SNR = 63.50 dB | SE = 20.778 bit/s/Hz
[11055 ms] [UE 41999] UL: SNR = 63.50 dB | SE = 20.778 bit/s/Hz
[11055 ms] [UE 10354] UL: SNR = 52.00 dB | SE = 17.015 bit/s/Hz
[11055 ms] [UE 21661] UL: SNR = 52.50 dB | SE = 17.179 bit/s/Hz
[11165 ms] [UE 61316] UL: SNR = 63.50 dB | SE = 20.778 bit/s/Hz
[11165 ms] [UE 54887] UL: SNR = 63.50 dB | SE = 20.778 bit/s/Hz
[11165 ms] [UE 41999] UL: SNR = 63.50 dB | SE = 20.778 bit/s/Hz
[11165 ms] [UE 10354] UL: SNR = 52.00 dB | SE = 17.015 bit/s/Hz
[11165 ms] [UE 21661] UL: SNR = 52.50 dB | SE = 17.179 bit/s/Hz
[11265 ms] [UE 61316] UL: SNR = 63.50 dB | SE = 20.778 bit/s/Hz
[11265 ms] [UE 54887] UL: SNR = 63.50 dB | SE = 20.778 bit/s/Hz
[11265 ms] [UE 41999] UL: SNR = 63.50 dB | SE = 20.778 bit/s/Hz
[11265 ms] [UE 10354] UL: SNR = 52.00 dB | SE = 17.015 bit/s/Hz
[11265 ms] [UE 21661] UL: SNR = 52.50 dB | SE = 17.179 bit/s/Hz
[11376 ms] [UE 61316] UL: SNR = 63.50 dB | SE = 20.778 bit/s/Hz
[11376 ms] [UE 54887] UL: SNR = 63.50 dB | SE = 20.778 bit/s/Hz
[11376 ms] [UE 41999] UL: SNR = 63.50 dB | SE = 20.778 bit/s/Hz
[11376 ms] [UE 10354] UL: SNR = 52.00 dB | SE = 17.015 bit/s/Hz
[11376 ms] [UE 21661] UL: SNR = 52.50 dB | SE = 17.179 bit/s/Hz
[11485 ms] [UE 61316] UL: SNR = 63.50 dB | SE = 20.778 bit/s/Hz
[11485 ms] [UE 54887] UL: SNR = 63.50 dB | SE = 20.778 bit/s/Hz
[11485 ms] [UE 41999] UL: SNR = 63.50 dB | SE = 20.778 bit/s/Hz
[11485 ms] [UE 10354] UL: SNR = 52.00 dB | SE = 17.015 bit/s/Hz
[11485 ms] [UE 21661] UL: SNR = 52.50 dB | SE = 17.179 bit/s/Hz
[11585 ms] [UE 61316] UL: SNR = 63.50 dB | SE = 20.778 bit/s/Hz
[11585 ms] [UE 54887] UL: SNR = 63.50 dB | SE = 20.778 bit/s/Hz
[11585 ms] [UE 41999] UL: SNR = 63.50 dB | SE = 20.778 bit/s/Hz
[11585 ms] [UE 10354] UL: SNR = 52.00 dB | SE = 17.015 bit/s/Hz
[11585 ms] [UE 21661] UL: SNR = 52.50 dB | SE = 17.179 bit/s/Hz
[11695 ms] [UE 61316] UL: SNR = 63.50 dB | SE = 20.778 bit/s/Hz
[11695 ms] [UE 54887] UL: SNR = 63.50 dB | SE = 20.778 bit/s/Hz
[11695 ms] [UE 41999] UL: SNR = 63.50 dB | SE = 20.778 bit/s/Hz
[11695 ms] [UE 10354] UL: SNR = 52.00 dB | SE = 17.015 bit/s/Hz
[11695 ms] [UE 21661] UL: SNR = 52.50 dB | SE = 17.179 bit/s/Hz
[11796 ms] [UE 61316] UL: SNR = 63.50 dB | SE = 20.778 bit/s/Hz
[11796 ms] [UE 54887] UL: SNR = 63.50 dB | SE = 20.778 bit/s/Hz
[11796 ms] [UE 41999] UL: SNR = 63.50 dB | SE = 20.778 bit/s/Hz
[11796 ms] [UE 10354] UL: SNR = 52.00 dB | SE = 17.015 bit/s/Hz
[11796 ms] [UE 21661] UL: SNR = 52.50 dB | SE = 17.179 bit/s/Hz
[11905 ms] [UE 61316] UL: SNR = 63.50 dB | SE = 20.778 bit/s/Hz
[11905 ms] [UE 54887] UL: SNR = 63.50 dB | SE = 20.778 bit/s/Hz
[11905 ms] [UE 41999] UL: SNR = 63.50 dB | SE = 20.778 bit/s/Hz
[11905 ms] [UE 10354] UL: SNR = 52.00 dB | SE = 17.015 bit/s/Hz
[11905 ms] [UE 21661] UL: SNR = 52.50 dB | SE = 17.179 bit/s/Hz
[12006 ms] [UE 61316] UL: SNR = 63.50 dB | SE = 20.778 bit/s/Hz
[12006 ms] [UE 54887] UL: SNR = 63.50 dB | SE = 20.778 bit/s/Hz
[12006 ms] [UE 41999] UL: SNR = 63.50 dB | SE = 20.778 bit/s/Hz
[12006 ms] [UE 10354] UL: SNR = 52.00 dB | SE = 17.015 bit/s/Hz
[12006 ms] [UE 21661] UL: SNR = 52.50 dB | SE = 17.179 bit/s/Hz
[12115 ms] [UE 61316] UL: SNR = 63.50 dB | SE = 20.778 bit/s/Hz
[12115 ms] [UE 54887] UL: SNR = 63.50 dB | SE = 20.778 bit/s/Hz
[12115 ms] [UE 41999] UL: SNR = 63.50 dB | SE = 20.778 bit/s/Hz
[12115 ms] [UE 10354] UL: SNR = 52.00 dB | SE = 17.015 bit/s/Hz
[12115 ms] [UE 21661] UL: SNR = 52.50 dB | SE = 17.179 bit/s/Hz
[12215 ms] [UE 61316] UL: SNR = 63.50 dB | SE = 20.778 bit/s/Hz
[12215 ms] [UE 54887] UL: SNR = 63.50 dB | SE = 20.778 bit/s/Hz
[12215 ms] [UE 41999] UL: SNR = 63.50 dB | SE = 20.778 bit/s/Hz
[12215 ms] [UE 10354] UL: SNR = 52.00 dB | SE = 17.015 bit/s/Hz
[12215 ms] [UE 21661] UL: SNR = 52.50 dB | SE = 17.179 bit/s/Hz
[12315 ms] [UE 61316] UL: SNR = 63.50 dB | SE = 20.778 bit/s/Hz
[12315 ms] [UE 54887] UL: SNR = 63.50 dB | SE = 20.778 bit/s/Hz
[12315 ms] [UE 41999] UL: SNR = 63.50 dB | SE = 20.778 bit/s/Hz
[12315 ms] [UE 10354] UL: SNR = 52.00 dB | SE = 17.015 bit/s/Hz
[12315 ms] [UE 21661] UL: SNR = 52.50 dB | SE = 17.179 bit/s/Hz
[12416 ms] [UE 61316] UL: SNR = 63.50 dB | SE = 20.778 bit/s/Hz
[12416 ms] [UE 54887] UL: SNR = 63.50 dB | SE = 20.778 bit/s/Hz
[12416 ms] [UE 41999] UL: SNR = 63.50 dB | SE = 20.778 bit/s/Hz
[12416 ms] [UE 10354] UL: SNR = 52.00 dB | SE = 17.015 bit/s/Hz
[12416 ms] [UE 21661] UL: SNR = 52.50 dB | SE = 17.179 bit/s/Hz
[12525 ms] [UE 61316] UL: SNR = 63.50 dB | SE = 20.778 bit/s/Hz
[12525 ms] [UE 54887] UL: SNR = 63.50 dB | SE = 20.778 bit/s/Hz
[12525 ms] [UE 41999] UL: SNR = 63.50 dB | SE = 20.778 bit/s/Hz
[12525 ms] [UE 10354] UL: SNR = 52.00 dB | SE = 17.015 bit/s/Hz
[12525 ms] [UE 21661] UL: SNR = 52.50 dB | SE = 17.179 bit/s/Hz
[12635 ms] [UE 61316] UL: SNR = 63.50 dB | SE = 20.778 bit/s/Hz
[12635 ms] [UE 54887] UL: SNR = 63.50 dB | SE = 20.778 bit/s/Hz
[12635 ms] [UE 41999] UL: SNR = 63.50 dB | SE = 20.778 bit/s/Hz
[12635 ms] [UE 10354] UL: SNR = 52.00 dB | SE = 17.015 bit/s/Hz
[12635 ms] [UE 21661] UL: SNR = 52.50 dB | SE = 17.179 bit/s/Hz
[12736 ms] [UE 61316] UL: SNR = 63.50 dB | SE = 20.778 bit/s/Hz
[12736 ms] [UE 54887] UL: SNR = 63.50 dB | SE = 20.778 bit/s/Hz
[12736 ms] [UE 41999] UL: SNR = 63.50 dB | SE = 20.778 bit/s/Hz
[12736 ms] [UE 10354] UL: SNR = 52.00 dB | SE = 17.015 bit/s/Hz
[12736 ms] [UE 21661] UL: SNR = 52.50 dB | SE = 17.179 bit/s/Hz
[12845 ms] [UE 61316] UL: SNR = 63.50 dB | SE = 20.778 bit/s/Hz
[12845 ms] [UE 54887] UL: SNR = 63.50 dB | SE = 20.778 bit/s/Hz
[12845 ms] [UE 41999] UL: SNR = 63.50 dB | SE = 20.778 bit/s/Hz
[12845 ms] [UE 10354] UL: SNR = 52.00 dB | SE = 17.015 bit/s/Hz
[12845 ms] [UE 21661] UL: SNR = 52.50 dB | SE = 17.179 bit/s/Hz
[12955 ms] [UE 61316] UL: SNR = 63.50 dB | SE = 20.778 bit/s/Hz
[12955 ms] [UE 54887] UL: SNR = 63.50 dB | SE = 20.778 bit/s/Hz
[12955 ms] [UE 41999] UL: SNR = 63.50 dB | SE = 20.778 bit/s/Hz
[12955 ms] [UE 10354] UL: SNR = 52.00 dB | SE = 17.015 bit/s/Hz
[12955 ms] [UE 21661] UL: SNR = 52.50 dB | SE = 17.179 bit/s/Hz
[13055 ms] [UE 61316] UL: SNR = 63.50 dB | SE = 20.778 bit/s/Hz
[13055 ms] [UE 54887] UL: SNR = 63.50 dB | SE = 20.778 bit/s/Hz
[13055 ms] [UE 41999] UL: SNR = 63.50 dB | SE = 20.778 bit/s/Hz
[13055 ms] [UE 10354] UL: SNR = 52.00 dB | SE = 17.015 bit/s/Hz
[13055 ms] [UE 21661] UL: SNR = 52.50 dB | SE = 17.179 bit/s/Hz
[13155 ms] [UE 61316] UL: SNR = 63.50 dB | SE = 20.778 bit/s/Hz
[13155 ms] [UE 54887] UL: SNR = 63.50 dB | SE = 20.778 bit/s/Hz
[13155 ms] [UE 41999] UL: SNR = 63.50 dB | SE = 20.778 bit/s/Hz
[13155 ms] [UE 10354] UL: SNR = 52.00 dB | SE = 17.015 bit/s/Hz
[13155 ms] [UE 21661] UL: SNR = 52.50 dB | SE = 17.179 bit/s/Hz
[13265 ms] [UE 61316] UL: SNR = 63.50 dB | SE = 20.778 bit/s/Hz
[13265 ms] [UE 54887] UL: SNR = 63.50 dB | SE = 20.778 bit/s/Hz
[13265 ms] [UE 41999] UL: SNR = 63.50 dB | SE = 20.778 bit/s/Hz
[13265 ms] [UE 10354] UL: SNR = 52.00 dB | SE = 17.015 bit/s/Hz
[13265 ms] [UE 21661] UL: SNR = 52.50 dB | SE = 17.179 bit/s/Hz
[13375 ms] [UE 61316] UL: SNR = 63.50 dB | SE = 20.778 bit/s/Hz
[13375 ms] [UE 54887] UL: SNR = 63.50 dB | SE = 20.778 bit/s/Hz
[13375 ms] [UE 41999] UL: SNR = 63.50 dB | SE = 20.778 bit/s/Hz
[13375 ms] [UE 10354] UL: SNR = 52.00 dB | SE = 17.015 bit/s/Hz
[13375 ms] [UE 21661] UL: SNR = 52.50 dB | SE = 17.179 bit/s/Hz
[13485 ms] [UE 61316] UL: SNR = 63.50 dB | SE = 20.778 bit/s/Hz
[13485 ms] [UE 54887] UL: SNR = 63.50 dB | SE = 20.778 bit/s/Hz
[13485 ms] [UE 41999] UL: SNR = 63.50 dB | SE = 20.778 bit/s/Hz
[13485 ms] [UE 10354] UL: SNR = 50.50 dB | SE = 16.524 bit/s/Hz
[13485 ms] [UE 21661] UL: SNR = 52.50 dB | SE = 17.179 bit/s/Hz
[13585 ms] [UE 61316] UL: SNR = 63.50 dB | SE = 20.778 bit/s/Hz
[13585 ms] [UE 54887] UL: SNR = 63.50 dB | SE = 20.778 bit/s/Hz
[13585 ms] [UE 41999] UL: SNR = 63.50 dB | SE = 20.778 bit/s/Hz
[13585 ms] [UE 10354] UL: SNR = 50.50 dB | SE = 16.524 bit/s/Hz
[13585 ms] [UE 21661] UL: SNR = 52.50 dB | SE = 17.179 bit/s/Hz
[13686 ms] [UE 61316] UL: SNR = 63.50 dB | SE = 20.778 bit/s/Hz
[13686 ms] [UE 54887] UL: SNR = 63.50 dB | SE = 20.778 bit/s/Hz
[13686 ms] [UE 41999] UL: SNR = 63.50 dB | SE = 20.778 bit/s/Hz
[13686 ms] [UE 10354] UL: SNR = 50.50 dB | SE = 16.524 bit/s/Hz
[13686 ms] [UE 21661] UL: SNR = 52.50 dB | SE = 17.179 bit/s/Hz
[13796 ms] [UE 61316] UL: SNR = 63.50 dB | SE = 20.778 bit/s/Hz
[13796 ms] [UE 54887] UL: SNR = 63.50 dB | SE = 20.778 bit/s/Hz
[13796 ms] [UE 41999] UL: SNR = 63.50 dB | SE = 20.778 bit/s/Hz
[13796 ms] [UE 10354] UL: SNR = 52.00 dB | SE = 17.015 bit/s/Hz
[13796 ms] [UE 21661] UL: SNR = 52.50 dB | SE = 17.179 bit/s/Hz
[13905 ms] [UE 61316] UL: SNR = 63.50 dB | SE = 20.778 bit/s/Hz
[13905 ms] [UE 54887] UL: SNR = 63.50 dB | SE = 20.778 bit/s/Hz
[13905 ms] [UE 41999] UL: SNR = 63.50 dB | SE = 20.778 bit/s/Hz
[13905 ms] [UE 10354] UL: SNR = 52.00 dB | SE = 17.015 bit/s/Hz
[13905 ms] [UE 21661] UL: SNR = 52.50 dB | SE = 17.179 bit/s/Hz
[14005 ms] [UE 61316] UL: SNR = 63.50 dB | SE = 20.778 bit/s/Hz
[14005 ms] [UE 54887] UL: SNR = 63.50 dB | SE = 20.778 bit/s/Hz
[14005 ms] [UE 41999] UL: SNR = 63.50 dB | SE = 20.778 bit/s/Hz
[14005 ms] [UE 10354] UL: SNR = 52.00 dB | SE = 17.015 bit/s/Hz
[14005 ms] [UE 21661] UL: SNR = 52.50 dB | SE = 17.179 bit/s/Hz
[14115 ms] [UE 61316] UL: SNR = 63.50 dB | SE = 20.778 bit/s/Hz
[14115 ms] [UE 54887] UL: SNR = 63.50 dB | SE = 20.778 bit/s/Hz
[14115 ms] [UE 41999] UL: SNR = 63.50 dB | SE = 20.778 bit/s/Hz
[14115 ms] [UE 10354] UL: SNR = 52.00 dB | SE = 17.015 bit/s/Hz
[14115 ms] [UE 21661] UL: SNR = 52.50 dB | SE = 17.179 bit/s/Hz
[14216 ms] [UE 61316] UL: SNR = 63.50 dB | SE = 20.778 bit/s/Hz
[14216 ms] [UE 54887] UL: SNR = 63.50 dB | SE = 20.778 bit/s/Hz
[14216 ms] [UE 41999] UL: SNR = 63.50 dB | SE = 20.778 bit/s/Hz
[14216 ms] [UE 10354] UL: SNR = 52.00 dB | SE = 17.015 bit/s/Hz
[14216 ms] [UE 21661] UL: SNR = 52.50 dB | SE = 17.179 bit/s/Hz
[14325 ms] [UE 61316] UL: SNR = 63.50 dB | SE = 20.778 bit/s/Hz
[14325 ms] [UE 54887] UL: SNR = 63.50 dB | SE = 20.778 bit/s/Hz
[14325 ms] [UE 41999] UL: SNR = 63.50 dB | SE = 20.778 bit/s/Hz
[14325 ms] [UE 10354] UL: SNR = 52.00 dB | SE = 17.015 bit/s/Hz
[14325 ms] [UE 21661] UL: SNR = 52.50 dB | SE = 17.179 bit/s/Hz
[14425 ms] [UE 61316] UL: SNR = 63.50 dB | SE = 20.778 bit/s/Hz
[14425 ms] [UE 54887] UL: SNR = 63.50 dB | SE = 20.778 bit/s/Hz
[14425 ms] [UE 41999] UL: SNR = 63.50 dB | SE = 20.778 bit/s/Hz
[14425 ms] [UE 10354] UL: SNR = 52.00 dB | SE = 17.015 bit/s/Hz
[14425 ms] [UE 21661] UL: SNR = 52.50 dB | SE = 17.179 bit/s/Hz
[14535 ms] [UE 61316] UL: SNR = 63.50 dB | SE = 20.778 bit/s/Hz
[14535 ms] [UE 54887] UL: SNR = 63.50 dB | SE = 20.778 bit/s/Hz
[14535 ms] [UE 41999] UL: SNR = 63.50 dB | SE = 20.778 bit/s/Hz
[14535 ms] [UE 10354] UL: SNR = 52.00 dB | SE = 17.015 bit/s/Hz
[14535 ms] [UE 21661] UL: SNR = 52.50 dB | SE = 17.179 bit/s/Hz
[14635 ms] [UE 61316] UL: SNR = 63.50 dB | SE = 20.778 bit/s/Hz
[14635 ms] [UE 54887] UL: SNR = 63.50 dB | SE = 20.778 bit/s/Hz
[14635 ms] [UE 41999] UL: SNR = 63.50 dB | SE = 20.778 bit/s/Hz
[14635 ms] [UE 10354] UL: SNR = 52.00 dB | SE = 17.015 bit/s/Hz
[14635 ms] [UE 21661] UL: SNR = 52.50 dB | SE = 17.179 bit/s/Hz
[14745 ms] [UE 61316] UL: SNR = 63.50 dB | SE = 20.778 bit/s/Hz
[14745 ms] [UE 54887] UL: SNR = 63.50 dB | SE = 20.778 bit/s/Hz
[14745 ms] [UE 41999] UL: SNR = 63.50 dB | SE = 20.778 bit/s/Hz
[14745 ms] [UE 10354] UL: SNR = 52.00 dB | SE = 17.015 bit/s/Hz
[14745 ms] [UE 21661] UL: SNR = 52.50 dB | SE = 17.179 bit/s/Hz
[14855 ms] [UE 61316] UL: SNR = 63.50 dB | SE = 20.778 bit/s/Hz
[14855 ms] [UE 54887] UL: SNR = 63.50 dB | SE = 20.778 bit/s/Hz
[14855 ms] [UE 41999] UL: SNR = 63.50 dB | SE = 20.778 bit/s/Hz
[14855 ms] [UE 10354] UL: SNR = 52.00 dB | SE = 17.015 bit/s/Hz
[14855 ms] [UE 21661] UL: SNR = 52.50 dB | SE = 17.179 bit/s/Hz
[14956 ms] [UE 61316] UL: SNR = 63.50 dB | SE = 20.778 bit/s/Hz
[14956 ms] [UE 54887] UL: SNR = 63.50 dB | SE = 20.778 bit/s/Hz
[14956 ms] [UE 41999] UL: SNR = 63.50 dB | SE = 20.778 bit/s/Hz
[14956 ms] [UE 10354] UL: SNR = 52.00 dB | SE = 17.015 bit/s/Hz
[14956 ms] [UE 21661] UL: SNR = 52.50 dB | SE = 17.179 bit/s/Hz
[15066 ms] [UE 61316] UL: SNR = 63.50 dB | SE = 20.778 bit/s/Hz
[15066 ms] [UE 54887] UL: SNR = 63.50 dB | SE = 20.778 bit/s/Hz
[15066 ms] [UE 41999] UL: SNR = 63.50 dB | SE = 20.778 bit/s/Hz
[15066 ms] [UE 10354] UL: SNR = 52.00 dB | SE = 17.015 bit/s/Hz
[15066 ms] [UE 21661] UL: SNR = 52.50 dB | SE = 17.179 bit/s/Hz
[15175 ms] [UE 61316] UL: SNR = 63.50 dB | SE = 20.778 bit/s/Hz
[15175 ms] [UE 54887] UL: SNR = 63.50 dB | SE = 20.778 bit/s/Hz
[15175 ms] [UE 41999] UL: SNR = 63.50 dB | SE = 20.778 bit/s/Hz
[15175 ms] [UE 10354] UL: SNR = 52.00 dB | SE = 17.015 bit/s/Hz
[15175 ms] [UE 21661] UL: SNR = 52.50 dB | SE = 17.179 bit/s/Hz
[15275 ms] [UE 61316] UL: SNR = 63.50 dB | SE = 20.778 bit/s/Hz
[15275 ms] [UE 54887] UL: SNR = 63.50 dB | SE = 20.778 bit/s/Hz
[15275 ms] [UE 41999] UL: SNR = 63.50 dB | SE = 20.778 bit/s/Hz
[15275 ms] [UE 10354] UL: SNR = 52.00 dB | SE = 17.015 bit/s/Hz
[15275 ms] [UE 21661] UL: SNR = 52.50 dB | SE = 17.179 bit/s/Hz
[15385 ms] [UE 61316] UL: SNR = 63.50 dB | SE = 20.778 bit/s/Hz
[15385 ms] [UE 54887] UL: SNR = 63.50 dB | SE = 20.778 bit/s/Hz
[15385 ms] [UE 41999] UL: SNR = 63.50 dB | SE = 20.778 bit/s/Hz
[15385 ms] [UE 10354] UL: SNR = 52.00 dB | SE = 17.015 bit/s/Hz
[15385 ms] [UE 21661] UL: SNR = 52.50 dB | SE = 17.179 bit/s/Hz
[15486 ms] [UE 61316] UL: SNR = 63.50 dB | SE = 20.778 bit/s/Hz
[15486 ms] [UE 54887] UL: SNR = 63.50 dB | SE = 20.778 bit/s/Hz
[15486 ms] [UE 41999] UL: SNR = 63.50 dB | SE = 20.778 bit/s/Hz
[15486 ms] [UE 10354] UL: SNR = 52.00 dB | SE = 17.015 bit/s/Hz
[15486 ms] [UE 21661] UL: SNR = 52.50 dB | SE = 17.179 bit/s/Hz
[15586 ms] [UE 61316] UL: SNR = 63.50 dB | SE = 20.778 bit/s/Hz
[15586 ms] [UE 54887] UL: SNR = 63.50 dB | SE = 20.778 bit/s/Hz
[15586 ms] [UE 41999] UL: SNR = 63.50 dB | SE = 20.778 bit/s/Hz
[15586 ms] [UE 10354] UL: SNR = 52.00 dB | SE = 17.015 bit/s/Hz
[15586 ms] [UE 21661] UL: SNR = 52.50 dB | SE = 17.179 bit/s/Hz
[15695 ms] [UE 61316] UL: SNR = 63.50 dB | SE = 20.778 bit/s/Hz
[15695 ms] [UE 54887] UL: SNR = 63.50 dB | SE = 20.778 bit/s/Hz
[15695 ms] [UE 41999] UL: SNR = 63.50 dB | SE = 20.778 bit/s/Hz
[15695 ms] [UE 10354] UL: SNR = 52.00 dB | SE = 17.015 bit/s/Hz
[15695 ms] [UE 21661] UL: SNR = 52.50 dB | SE = 17.179 bit/s/Hz
[15795 ms] [UE 61316] UL: SNR = 63.50 dB | SE = 20.778 bit/s/Hz
[15795 ms] [UE 54887] UL: SNR = 63.50 dB | SE = 20.778 bit/s/Hz
[15795 ms] [UE 41999] UL: SNR = 63.50 dB | SE = 20.778 bit/s/Hz
[15795 ms] [UE 10354] UL: SNR = 52.00 dB | SE = 17.015 bit/s/Hz
[15795 ms] [UE 21661] UL: SNR = 52.50 dB | SE = 17.179 bit/s/Hz
[15905 ms] [UE 61316] UL: SNR = 63.50 dB | SE = 20.778 bit/s/Hz
[15905 ms] [UE 54887] UL: SNR = 63.50 dB | SE = 20.778 bit/s/Hz
[15905 ms] [UE 41999] UL: SNR = 63.50 dB | SE = 20.778 bit/s/Hz
[15905 ms] [UE 10354] UL: SNR = 52.00 dB | SE = 17.015 bit/s/Hz
[15905 ms] [UE 21661] UL: SNR = 52.50 dB | SE = 17.179 bit/s/Hz
[16005 ms] [UE 61316] UL: SNR = 63.50 dB | SE = 20.778 bit/s/Hz
[16005 ms] [UE 54887] UL: SNR = 63.50 dB | SE = 20.778 bit/s/Hz
[16005 ms] [UE 41999] UL: SNR = 63.50 dB | SE = 20.778 bit/s/Hz
[16005 ms] [UE 10354] UL: SNR = 52.00 dB | SE = 17.015 bit/s/Hz
[16005 ms] [UE 21661] UL: SNR = 52.50 dB | SE = 17.179 bit/s/Hz
[16115 ms] [UE 61316] UL: SNR = 63.50 dB | SE = 20.778 bit/s/Hz
[16115 ms] [UE 54887] UL: SNR = 63.50 dB | SE = 20.778 bit/s/Hz
[16115 ms] [UE 41999] UL: SNR = 63.50 dB | SE = 20.778 bit/s/Hz
[16115 ms] [UE 10354] UL: SNR = 52.00 dB | SE = 17.015 bit/s/Hz
[16115 ms] [UE 21661] UL: SNR = 52.50 dB | SE = 17.179 bit/s/Hz
[16225 ms] [UE 61316] UL: SNR = 63.50 dB | SE = 20.778 bit/s/Hz
[16225 ms] [UE 54887] UL: SNR = 63.50 dB | SE = 20.778 bit/s/Hz
[16225 ms] [UE 41999] UL: SNR = 63.50 dB | SE = 20.778 bit/s/Hz
[16225 ms] [UE 10354] UL: SNR = 52.00 dB | SE = 17.015 bit/s/Hz
[16225 ms] [UE 21661] UL: SNR = 52.50 dB | SE = 17.179 bit/s/Hz
[16325 ms] [UE 61316] UL: SNR = 63.50 dB | SE = 20.778 bit/s/Hz
[16325 ms] [UE 54887] UL: SNR = 63.50 dB | SE = 20.778 bit/s/Hz
[16325 ms] [UE 41999] UL: SNR = 63.50 dB | SE = 20.778 bit/s/Hz
[16325 ms] [UE 10354] UL: SNR = 52.00 dB | SE = 17.015 bit/s/Hz
[16325 ms] [UE 21661] UL: SNR = 52.50 dB | SE = 17.179 bit/s/Hz
[16435 ms] [UE 61316] UL: SNR = 63.50 dB | SE = 20.778 bit/s/Hz
[16435 ms] [UE 54887] UL: SNR = 63.50 dB | SE = 20.778 bit/s/Hz
[16435 ms] [UE 41999] UL: SNR = 63.50 dB | SE = 20.778 bit/s/Hz
[16435 ms] [UE 10354] UL: SNR = 52.00 dB | SE = 17.015 bit/s/Hz
[16435 ms] [UE 21661] UL: SNR = 52.50 dB | SE = 17.179 bit/s/Hz
[16535 ms] [UE 61316] UL: SNR = 63.50 dB | SE = 20.778 bit/s/Hz
[16535 ms] [UE 54887] UL: SNR = 63.50 dB | SE = 20.778 bit/s/Hz
[16535 ms] [UE 41999] UL: SNR = 63.50 dB | SE = 20.778 bit/s/Hz
[16535 ms] [UE 10354] UL: SNR = 52.00 dB | SE = 17.015 bit/s/Hz
[16535 ms] [UE 21661] UL: SNR = 52.50 dB | SE = 17.179 bit/s/Hz
[16645 ms] [UE 61316] UL: SNR = 63.50 dB | SE = 20.778 bit/s/Hz
[16645 ms] [UE 54887] UL: SNR = 63.50 dB | SE = 20.778 bit/s/Hz
[16645 ms] [UE 41999] UL: SNR = 63.50 dB | SE = 20.778 bit/s/Hz
[16645 ms] [UE 10354] UL: SNR = 52.00 dB | SE = 17.015 bit/s/Hz
[16645 ms] [UE 21661] UL: SNR = 52.50 dB | SE = 17.179 bit/s/Hz
[16745 ms] [UE 61316] UL: SNR = 63.50 dB | SE = 20.778 bit/s/Hz
[16745 ms] [UE 54887] UL: SNR = 63.50 dB | SE = 20.778 bit/s/Hz
[16745 ms] [UE 41999] UL: SNR = 63.50 dB | SE = 20.778 bit/s/Hz
[16745 ms] [UE 10354] UL: SNR = 52.00 dB | SE = 17.015 bit/s/Hz
[16745 ms] [UE 21661] UL: SNR = 52.50 dB | SE = 17.179 bit/s/Hz
[16855 ms] [UE 61316] UL: SNR = 63.50 dB | SE = 20.778 bit/s/Hz
[16855 ms] [UE 54887] UL: SNR = 63.50 dB | SE = 20.778 bit/s/Hz
[16855 ms] [UE 41999] UL: SNR = 63.50 dB | SE = 20.778 bit/s/Hz
[16855 ms] [UE 10354] UL: SNR = 52.00 dB | SE = 17.015 bit/s/Hz
[16855 ms] [UE 21661] UL: SNR = 52.50 dB | SE = 17.179 bit/s/Hz
[16955 ms] [UE 61316] UL: SNR = 63.50 dB | SE = 20.778 bit/s/Hz
[16955 ms] [UE 54887] UL: SNR = 63.50 dB | SE = 20.778 bit/s/Hz
[16955 ms] [UE 41999] UL: SNR = 63.50 dB | SE = 20.778 bit/s/Hz
[16955 ms] [UE 10354] UL: SNR = 52.00 dB | SE = 17.015 bit/s/Hz
[16955 ms] [UE 21661] UL: SNR = 52.50 dB | SE = 17.179 bit/s/Hz
[17056 ms] [UE 61316] UL: SNR = 63.50 dB | SE = 20.778 bit/s/Hz
[17056 ms] [UE 54887] UL: SNR = 63.50 dB | SE = 20.778 bit/s/Hz
[17056 ms] [UE 41999] UL: SNR = 63.50 dB | SE = 20.778 bit/s/Hz
[17056 ms] [UE 10354] UL: SNR = 52.00 dB | SE = 17.015 bit/s/Hz
[17056 ms] [UE 21661] UL: SNR = 52.50 dB | SE = 17.179 bit/s/Hz
[17166 ms] [UE 61316] UL: SNR = 63.50 dB | SE = 20.778 bit/s/Hz
[17166 ms] [UE 54887] UL: SNR = 63.50 dB | SE = 20.778 bit/s/Hz
[17166 ms] [UE 41999] UL: SNR = 63.50 dB | SE = 20.778 bit/s/Hz
[17166 ms] [UE 10354] UL: SNR = 52.00 dB | SE = 17.015 bit/s/Hz
[17166 ms] [UE 21661] UL: SNR = 52.50 dB | SE = 17.179 bit/s/Hz
[17276 ms] [UE 61316] UL: SNR = 63.50 dB | SE = 20.778 bit/s/Hz
[17276 ms] [UE 54887] UL: SNR = 63.50 dB | SE = 20.778 bit/s/Hz
[17276 ms] [UE 41999] UL: SNR = 63.50 dB | SE = 20.778 bit/s/Hz
[17276 ms] [UE 10354] UL: SNR = 54.50 dB | SE = 17.833 bit/s/Hz
[17276 ms] [UE 21661] UL: SNR = 52.50 dB | SE = 17.179 bit/s/Hz
[17385 ms] [UE 61316] UL: SNR = 63.50 dB | SE = 20.778 bit/s/Hz
[17385 ms] [UE 54887] UL: SNR = 63.50 dB | SE = 20.778 bit/s/Hz
[17385 ms] [UE 41999] UL: SNR = 63.50 dB | SE = 20.778 bit/s/Hz
[17385 ms] [UE 10354] UL: SNR = 54.50 dB | SE = 17.833 bit/s/Hz
[17385 ms] [UE 21661] UL: SNR = 52.50 dB | SE = 17.179 bit/s/Hz
[17495 ms] [UE 61316] UL: SNR = 63.50 dB | SE = 20.778 bit/s/Hz
[17495 ms] [UE 54887] UL: SNR = 63.50 dB | SE = 20.778 bit/s/Hz
[17495 ms] [UE 41999] UL: SNR = 63.50 dB | SE = 20.778 bit/s/Hz
[17495 ms] [UE 10354] UL: SNR = 52.00 dB | SE = 17.015 bit/s/Hz
[17495 ms] [UE 21661] UL: SNR = 52.50 dB | SE = 17.179 bit/s/Hz
[17607 ms] [UE 61316] UL: SNR = 63.50 dB | SE = 20.778 bit/s/Hz
[17607 ms] [UE 54887] UL: SNR = 63.50 dB | SE = 20.778 bit/s/Hz
[17607 ms] [UE 41999] UL: SNR = 63.50 dB | SE = 20.778 bit/s/Hz
[17607 ms] [UE 10354] UL: SNR = 52.00 dB | SE = 17.015 bit/s/Hz
[17607 ms] [UE 21661] UL: SNR = 52.50 dB | SE = 17.179 bit/s/Hz
[17716 ms] [UE 61316] UL: SNR = 63.50 dB | SE = 20.778 bit/s/Hz
[17716 ms] [UE 54887] UL: SNR = 63.50 dB | SE = 20.778 bit/s/Hz
[17716 ms] [UE 41999] UL: SNR = 63.50 dB | SE = 20.778 bit/s/Hz
[17716 ms] [UE 10354] UL: SNR = 52.00 dB | SE = 17.015 bit/s/Hz
[17716 ms] [UE 21661] UL: SNR = 52.50 dB | SE = 17.179 bit/s/Hz
[17826 ms] [UE 61316] UL: SNR = 63.50 dB | SE = 20.778 bit/s/Hz
[17826 ms] [UE 54887] UL: SNR = 63.50 dB | SE = 20.778 bit/s/Hz
[17826 ms] [UE 41999] UL: SNR = 63.50 dB | SE = 20.778 bit/s/Hz
[17826 ms] [UE 10354] UL: SNR = 52.00 dB | SE = 17.015 bit/s/Hz
[17826 ms] [UE 21661] UL: SNR = 52.50 dB | SE = 17.179 bit/s/Hz
[17926 ms] [UE 61316] UL: SNR = 63.50 dB | SE = 20.778 bit/s/Hz
[17926 ms] [UE 54887] UL: SNR = 63.50 dB | SE = 20.778 bit/s/Hz
[17926 ms] [UE 41999] UL: SNR = 63.50 dB | SE = 20.778 bit/s/Hz
[17926 ms] [UE 10354] UL: SNR = 52.00 dB | SE = 17.015 bit/s/Hz
[17926 ms] [UE 21661] UL: SNR = 52.50 dB | SE = 17.179 bit/s/Hz
[18035 ms] [UE 61316] UL: SNR = 63.50 dB | SE = 20.778 bit/s/Hz
[18035 ms] [UE 54887] UL: SNR = 63.50 dB | SE = 20.778 bit/s/Hz
[18035 ms] [UE 41999] UL: SNR = 63.50 dB | SE = 20.778 bit/s/Hz
[18035 ms] [UE 10354] UL: SNR = 52.00 dB | SE = 17.015 bit/s/Hz
[18035 ms] [UE 21661] UL: SNR = 52.50 dB | SE = 17.179 bit/s/Hz
[18136 ms] [UE 61316] UL: SNR = 63.50 dB | SE = 20.778 bit/s/Hz
[18136 ms] [UE 54887] UL: SNR = 63.50 dB | SE = 20.778 bit/s/Hz
[18136 ms] [UE 41999] UL: SNR = 63.50 dB | SE = 20.778 bit/s/Hz
[18136 ms] [UE 10354] UL: SNR = 52.00 dB | SE = 17.015 bit/s/Hz
[18136 ms] [UE 21661] UL: SNR = 52.50 dB | SE = 17.179 bit/s/Hz
[18245 ms] [UE 61316] UL: SNR = 63.50 dB | SE = 20.778 bit/s/Hz
[18245 ms] [UE 54887] UL: SNR = 63.50 dB | SE = 20.778 bit/s/Hz
[18245 ms] [UE 41999] UL: SNR = 63.50 dB | SE = 20.778 bit/s/Hz
[18245 ms] [UE 10354] UL: SNR = 52.00 dB | SE = 17.015 bit/s/Hz
[18245 ms] [UE 21661] UL: SNR = 52.50 dB | SE = 17.179 bit/s/Hz
[18345 ms] [UE 61316] UL: SNR = 63.50 dB | SE = 20.778 bit/s/Hz
[18345 ms] [UE 54887] UL: SNR = 63.50 dB | SE = 20.778 bit/s/Hz
[18345 ms] [UE 41999] UL: SNR = 63.50 dB | SE = 20.778 bit/s/Hz
[18345 ms] [UE 10354] UL: SNR = 52.00 dB | SE = 17.015 bit/s/Hz
[18345 ms] [UE 21661] UL: SNR = 52.50 dB | SE = 17.179 bit/s/Hz
[18446 ms] [UE 61316] UL: SNR = 63.50 dB | SE = 20.778 bit/s/Hz
[18446 ms] [UE 54887] UL: SNR = 63.50 dB | SE = 20.778 bit/s/Hz
[18446 ms] [UE 41999] UL: SNR = 63.50 dB | SE = 20.778 bit/s/Hz
[18446 ms] [UE 10354] UL: SNR = 52.00 dB | SE = 17.015 bit/s/Hz
[18446 ms] [UE 21661] UL: SNR = 52.50 dB | SE = 17.179 bit/s/Hz
[18555 ms] [UE 61316] UL: SNR = 63.50 dB | SE = 20.778 bit/s/Hz
[18555 ms] [UE 54887] UL: SNR = 63.50 dB | SE = 20.778 bit/s/Hz
[18555 ms] [UE 41999] UL: SNR = 63.50 dB | SE = 20.778 bit/s/Hz
[18555 ms] [UE 10354] UL: SNR = 52.00 dB | SE = 17.015 bit/s/Hz
[18555 ms] [UE 21661] UL: SNR = 52.50 dB | SE = 17.179 bit/s/Hz
[18665 ms] [UE 61316] UL: SNR = 63.50 dB | SE = 20.778 bit/s/Hz
[18665 ms] [UE 54887] UL: SNR = 63.50 dB | SE = 20.778 bit/s/Hz
[18665 ms] [UE 41999] UL: SNR = 63.50 dB | SE = 20.778 bit/s/Hz
[18665 ms] [UE 10354] UL: SNR = 52.00 dB | SE = 17.015 bit/s/Hz
[18665 ms] [UE 21661] UL: SNR = 52.50 dB | SE = 17.179 bit/s/Hz
[18775 ms] [UE 61316] UL: SNR = 63.50 dB | SE = 20.778 bit/s/Hz
[18775 ms] [UE 54887] UL: SNR = 63.50 dB | SE = 20.778 bit/s/Hz
[18775 ms] [UE 41999] UL: SNR = 63.50 dB | SE = 20.778 bit/s/Hz
[18775 ms] [UE 10354] UL: SNR = 52.00 dB | SE = 17.015 bit/s/Hz
[18775 ms] [UE 21661] UL: SNR = 52.50 dB | SE = 17.179 bit/s/Hz
[18877 ms] [UE 61316] UL: SNR = 63.50 dB | SE = 20.778 bit/s/Hz
[18877 ms] [UE 54887] UL: SNR = 63.50 dB | SE = 20.778 bit/s/Hz
[18877 ms] [UE 41999] UL: SNR = 63.50 dB | SE = 20.778 bit/s/Hz
[18877 ms] [UE 10354] UL: SNR = 52.00 dB | SE = 17.015 bit/s/Hz
[18877 ms] [UE 21661] UL: SNR = 52.50 dB | SE = 17.179 bit/s/Hz
[18985 ms] [UE 61316] UL: SNR = 63.50 dB | SE = 20.778 bit/s/Hz
[18985 ms] [UE 54887] UL: SNR = 63.50 dB | SE = 20.778 bit/s/Hz
[18985 ms] [UE 41999] UL: SNR = 63.50 dB | SE = 20.778 bit/s/Hz
[18985 ms] [UE 10354] UL: SNR = 52.00 dB | SE = 17.015 bit/s/Hz
[18985 ms] [UE 21661] UL: SNR = 52.50 dB | SE = 17.179 bit/s/Hz
[19085 ms] [UE 61316] UL: SNR = 63.50 dB | SE = 20.778 bit/s/Hz
[19085 ms] [UE 54887] UL: SNR = 63.50 dB | SE = 20.778 bit/s/Hz
[19085 ms] [UE 41999] UL: SNR = 63.50 dB | SE = 20.778 bit/s/Hz
[19085 ms] [UE 10354] UL: SNR = 52.00 dB | SE = 17.015 bit/s/Hz
[19085 ms] [UE 21661] UL: SNR = 52.50 dB | SE = 17.179 bit/s/Hz
[19185 ms] [UE 61316] UL: SNR = 63.50 dB | SE = 20.778 bit/s/Hz
[19185 ms] [UE 54887] UL: SNR = 63.50 dB | SE = 20.778 bit/s/Hz
[19185 ms] [UE 41999] UL: SNR = 63.50 dB | SE = 20.778 bit/s/Hz
[19185 ms] [UE 10354] UL: SNR = 52.00 dB | SE = 17.015 bit/s/Hz
[19185 ms] [UE 21661] UL: SNR = 52.50 dB | SE = 17.179 bit/s/Hz
[19295 ms] [UE 61316] UL: SNR = 63.50 dB | SE = 20.778 bit/s/Hz
[19295 ms] [UE 54887] UL: SNR = 63.50 dB | SE = 20.778 bit/s/Hz
[19295 ms] [UE 41999] UL: SNR = 63.50 dB | SE = 20.778 bit/s/Hz
[19295 ms] [UE 10354] UL: SNR = 52.00 dB | SE = 17.015 bit/s/Hz
[19295 ms] [UE 21661] UL: SNR = 52.50 dB | SE = 17.179 bit/s/Hz
[19405 ms] [UE 61316] UL: SNR = 63.50 dB | SE = 20.778 bit/s/Hz
[19405 ms] [UE 54887] UL: SNR = 63.50 dB | SE = 20.778 bit/s/Hz
[19405 ms] [UE 41999] UL: SNR = 63.50 dB | SE = 20.778 bit/s/Hz
[19405 ms] [UE 10354] UL: SNR = 52.00 dB | SE = 17.015 bit/s/Hz
[19405 ms] [UE 21661] UL: SNR = 52.50 dB | SE = 17.179 bit/s/Hz
[19505 ms] [UE 61316] UL: SNR = 63.50 dB | SE = 20.778 bit/s/Hz
[19505 ms] [UE 54887] UL: SNR = 63.50 dB | SE = 20.778 bit/s/Hz
[19505 ms] [UE 41999] UL: SNR = 63.50 dB | SE = 20.778 bit/s/Hz
[19505 ms] [UE 10354] UL: SNR = 52.00 dB | SE = 17.015 bit/s/Hz
[19505 ms] [UE 21661] UL: SNR = 52.50 dB | SE = 17.179 bit/s/Hz
[19616 ms] [UE 61316] UL: SNR = 63.50 dB | SE = 20.778 bit/s/Hz
[19616 ms] [UE 54887] UL: SNR = 63.50 dB | SE = 20.778 bit/s/Hz
[19616 ms] [UE 41999] UL: SNR = 63.50 dB | SE = 20.778 bit/s/Hz
[19616 ms] [UE 10354] UL: SNR = 52.00 dB | SE = 17.015 bit/s/Hz
[19616 ms] [UE 21661] UL: SNR = 52.50 dB | SE = 17.179 bit/s/Hz
[19725 ms] [UE 61316] UL: SNR = 63.50 dB | SE = 20.778 bit/s/Hz
[19725 ms] [UE 54887] UL: SNR = 63.50 dB | SE = 20.778 bit/s/Hz
[19725 ms] [UE 41999] UL: SNR = 63.50 dB | SE = 20.778 bit/s/Hz
[19725 ms] [UE 10354] UL: SNR = 52.00 dB | SE = 17.015 bit/s/Hz
[19725 ms] [UE 21661] UL: SNR = 52.50 dB | SE = 17.179 bit/s/Hz
[19836 ms] [UE 61316] UL: SNR = 63.50 dB | SE = 20.778 bit/s/Hz
[19836 ms] [UE 54887] UL: SNR = 63.50 dB | SE = 20.778 bit/s/Hz
[19836 ms] [UE 41999] UL: SNR = 63.50 dB | SE = 20.778 bit/s/Hz
[19836 ms] [UE 10354] UL: SNR = 52.00 dB | SE = 17.015 bit/s/Hz
[19836 ms] [UE 21661] UL: SNR = 52.50 dB | SE = 17.179 bit/s/Hz
[19945 ms] [UE 61316] UL: SNR = 63.50 dB | SE = 20.778 bit/s/Hz
[19945 ms] [UE 54887] UL: SNR = 63.50 dB | SE = 20.778 bit/s/Hz
[19945 ms] [UE 41999] UL: SNR = 63.50 dB | SE = 20.778 bit/s/Hz
[19945 ms] [UE 10354] UL: SNR = 52.00 dB | SE = 17.015 bit/s/Hz
[19945 ms] [UE 21661] UL: SNR = 52.50 dB | SE = 17.179 bit/s/Hz
[20046 ms] [UE 61316] UL: SNR = 63.50 dB | SE = 20.778 bit/s/Hz
[20046 ms] [UE 54887] UL: SNR = 63.50 dB | SE = 20.778 bit/s/Hz
[20046 ms] [UE 41999] UL: SNR = 63.50 dB | SE = 20.778 bit/s/Hz
[20046 ms] [UE 10354] UL: SNR = 52.00 dB | SE = 17.015 bit/s/Hz
[20046 ms] [UE 21661] UL: SNR = 52.50 dB | SE = 17.179 bit/s/Hz
[20155 ms] [UE 61316] UL: SNR = 63.50 dB | SE = 20.778 bit/s/Hz
[20155 ms] [UE 54887] UL: SNR = 63.50 dB | SE = 20.778 bit/s/Hz
[20155 ms] [UE 41999] UL: SNR = 63.50 dB | SE = 20.778 bit/s/Hz
[20155 ms] [UE 10354] UL: SNR = 52.00 dB | SE = 17.015 bit/s/Hz
[20155 ms] [UE 21661] UL: SNR = 52.50 dB | SE = 17.179 bit/s/Hz
[20256 ms] [UE 61316] UL: SNR = 63.50 dB | SE = 20.778 bit/s/Hz
[20256 ms] [UE 54887] UL: SNR = 63.50 dB | SE = 20.778 bit/s/Hz
[20256 ms] [UE 41999] UL: SNR = 63.50 dB | SE = 20.778 bit/s/Hz
[20256 ms] [UE 10354] UL: SNR = 52.00 dB | SE = 17.015 bit/s/Hz
[20256 ms] [UE 21661] UL: SNR = 52.50 dB | SE = 17.179 bit/s/Hz
[20365 ms] [UE 61316] UL: SNR = 63.50 dB | SE = 20.778 bit/s/Hz
[20365 ms] [UE 54887] UL: SNR = 63.50 dB | SE = 20.778 bit/s/Hz
[20365 ms] [UE 41999] UL: SNR = 63.50 dB | SE = 20.778 bit/s/Hz
[20365 ms] [UE 10354] UL: SNR = 52.00 dB | SE = 17.015 bit/s/Hz
[20365 ms] [UE 21661] UL: SNR = 52.50 dB | SE = 17.179 bit/s/Hz
[20466 ms] [UE 61316] UL: SNR = 63.50 dB | SE = 20.778 bit/s/Hz
[20466 ms] [UE 54887] UL: SNR = 63.50 dB | SE = 20.778 bit/s/Hz
[20466 ms] [UE 41999] UL: SNR = 63.50 dB | SE = 20.778 bit/s/Hz
[20466 ms] [UE 10354] UL: SNR = 52.00 dB | SE = 17.015 bit/s/Hz
[20466 ms] [UE 21661] UL: SNR = 52.50 dB | SE = 17.179 bit/s/Hz
[20566 ms] [UE 61316] UL: SNR = 63.50 dB | SE = 20.778 bit/s/Hz
[20566 ms] [UE 54887] UL: SNR = 63.50 dB | SE = 20.778 bit/s/Hz
[20566 ms] [UE 41999] UL: SNR = 63.50 dB | SE = 20.778 bit/s/Hz
[20566 ms] [UE 10354] UL: SNR = 52.00 dB | SE = 17.015 bit/s/Hz
[20566 ms] [UE 21661] UL: SNR = 52.50 dB | SE = 17.179 bit/s/Hz
[20675 ms] [UE 61316] UL: SNR = 63.50 dB | SE = 20.778 bit/s/Hz
[20675 ms] [UE 54887] UL: SNR = 63.50 dB | SE = 20.778 bit/s/Hz
[20675 ms] [UE 41999] UL: SNR = 63.50 dB | SE = 20.778 bit/s/Hz
[20675 ms] [UE 10354] UL: SNR = 52.00 dB | SE = 17.015 bit/s/Hz
[20675 ms] [UE 21661] UL: SNR = 52.50 dB | SE = 17.179 bit/s/Hz
[20785 ms] [UE 61316] UL: SNR = 63.50 dB | SE = 20.778 bit/s/Hz
[20785 ms] [UE 54887] UL: SNR = 63.50 dB | SE = 20.778 bit/s/Hz
[20785 ms] [UE 41999] UL: SNR = 63.50 dB | SE = 20.778 bit/s/Hz
[20785 ms] [UE 10354] UL: SNR = 52.00 dB | SE = 17.015 bit/s/Hz
[20785 ms] [UE 21661] UL: SNR = 52.50 dB | SE = 17.179 bit/s/Hz
[20896 ms] [UE 61316] UL: SNR = 63.50 dB | SE = 20.778 bit/s/Hz
[20896 ms] [UE 54887] UL: SNR = 63.50 dB | SE = 20.778 bit/s/Hz
[20896 ms] [UE 41999] UL: SNR = 63.50 dB | SE = 20.778 bit/s/Hz
[20896 ms] [UE 10354] UL: SNR = 52.00 dB | SE = 17.015 bit/s/Hz
[20896 ms] [UE 21661] UL: SNR = 52.50 dB | SE = 17.179 bit/s/Hz
[21005 ms] [UE 61316] UL: SNR = 63.50 dB | SE = 20.778 bit/s/Hz
[21005 ms] [UE 54887] UL: SNR = 63.50 dB | SE = 20.778 bit/s/Hz
[21005 ms] [UE 41999] UL: SNR = 63.50 dB | SE = 20.778 bit/s/Hz
[21005 ms] [UE 10354] UL: SNR = 52.00 dB | SE = 17.015 bit/s/Hz
[21005 ms] [UE 21661] UL: SNR = 52.50 dB | SE = 17.179 bit/s/Hz
[21106 ms] [UE 61316] UL: SNR = 63.50 dB | SE = 20.778 bit/s/Hz
[21106 ms] [UE 54887] UL: SNR = 63.50 dB | SE = 20.778 bit/s/Hz
[21106 ms] [UE 41999] UL: SNR = 63.50 dB | SE = 20.778 bit/s/Hz
[21106 ms] [UE 10354] UL: SNR = 52.00 dB | SE = 17.015 bit/s/Hz
[21106 ms] [UE 21661] UL: SNR = 52.50 dB | SE = 17.179 bit/s/Hz
[21206 ms] [UE 61316] UL: SNR = 63.50 dB | SE = 20.778 bit/s/Hz
[21206 ms] [UE 54887] UL: SNR = 63.50 dB | SE = 20.778 bit/s/Hz
[21206 ms] [UE 41999] UL: SNR = 63.50 dB | SE = 20.778 bit/s/Hz
[21206 ms] [UE 10354] UL: SNR = 52.00 dB | SE = 17.015 bit/s/Hz
[21206 ms] [UE 21661] UL: SNR = 52.50 dB | SE = 17.179 bit/s/Hz
[21316 ms] [UE 61316] UL: SNR = 63.50 dB | SE = 20.778 bit/s/Hz
[21316 ms] [UE 54887] UL: SNR = 63.50 dB | SE = 20.778 bit/s/Hz
[21316 ms] [UE 41999] UL: SNR = 63.50 dB | SE = 20.778 bit/s/Hz
[21316 ms] [UE 10354] UL: SNR = 52.00 dB | SE = 17.015 bit/s/Hz
[21316 ms] [UE 21661] UL: SNR = 52.50 dB | SE = 17.179 bit/s/Hz
[21425 ms] [UE 61316] UL: SNR = 63.50 dB | SE = 20.778 bit/s/Hz
[21425 ms] [UE 54887] UL: SNR = 63.50 dB | SE = 20.778 bit/s/Hz
[21425 ms] [UE 41999] UL: SNR = 63.50 dB | SE = 20.778 bit/s/Hz
[21425 ms] [UE 10354] UL: SNR = 54.50 dB | SE = 17.833 bit/s/Hz
[21425 ms] [UE 21661] UL: SNR = 52.50 dB | SE = 17.179 bit/s/Hz
[21525 ms] [UE 61316] UL: SNR = 63.50 dB | SE = 20.778 bit/s/Hz
[21525 ms] [UE 54887] UL: SNR = 63.50 dB | SE = 20.778 bit/s/Hz
[21525 ms] [UE 41999] UL: SNR = 63.50 dB | SE = 20.778 bit/s/Hz
[21525 ms] [UE 10354] UL: SNR = 54.50 dB | SE = 17.833 bit/s/Hz
[21525 ms] [UE 21661] UL: SNR = 52.50 dB | SE = 17.179 bit/s/Hz
[21635 ms] [UE 61316] UL: SNR = 63.50 dB | SE = 20.778 bit/s/Hz
[21635 ms] [UE 54887] UL: SNR = 63.50 dB | SE = 20.778 bit/s/Hz
[21635 ms] [UE 41999] UL: SNR = 63.50 dB | SE = 20.778 bit/s/Hz
[21635 ms] [UE 10354] UL: SNR = 52.00 dB | SE = 17.015 bit/s/Hz
[21635 ms] [UE 21661] UL: SNR = 52.50 dB | SE = 17.179 bit/s/Hz
[21745 ms] [UE 61316] UL: SNR = 63.50 dB | SE = 20.778 bit/s/Hz
[21745 ms] [UE 54887] UL: SNR = 63.50 dB | SE = 20.778 bit/s/Hz
[21745 ms] [UE 41999] UL: SNR = 63.50 dB | SE = 20.778 bit/s/Hz
[21745 ms] [UE 10354] UL: SNR = 52.00 dB | SE = 17.015 bit/s/Hz
[21745 ms] [UE 21661] UL: SNR = 52.50 dB | SE = 17.179 bit/s/Hz
[21845 ms] [UE 61316] UL: SNR = 63.50 dB | SE = 20.778 bit/s/Hz
[21845 ms] [UE 54887] UL: SNR = 63.50 dB | SE = 20.778 bit/s/Hz
[21845 ms] [UE 41999] UL: SNR = 63.50 dB | SE = 20.778 bit/s/Hz
[21845 ms] [UE 10354] UL: SNR = 52.00 dB | SE = 17.015 bit/s/Hz
[21845 ms] [UE 21661] UL: SNR = 52.50 dB | SE = 17.179 bit/s/Hz
[21945 ms] [UE 61316] UL: SNR = 63.50 dB | SE = 20.778 bit/s/Hz
[21945 ms] [UE 54887] UL: SNR = 63.50 dB | SE = 20.778 bit/s/Hz
[21945 ms] [UE 41999] UL: SNR = 63.50 dB | SE = 20.778 bit/s/Hz
[21945 ms] [UE 10354] UL: SNR = 52.00 dB | SE = 17.015 bit/s/Hz
[21945 ms] [UE 21661] UL: SNR = 52.50 dB | SE = 17.179 bit/s/Hz
[22045 ms] [UE 61316] UL: SNR = 63.50 dB | SE = 20.778 bit/s/Hz
[22045 ms] [UE 54887] UL: SNR = 63.50 dB | SE = 20.778 bit/s/Hz
[22045 ms] [UE 41999] UL: SNR = 63.50 dB | SE = 20.778 bit/s/Hz
[22045 ms] [UE 10354] UL: SNR = 52.00 dB | SE = 17.015 bit/s/Hz
[22045 ms] [UE 21661] UL: SNR = 52.50 dB | SE = 17.179 bit/s/Hz
[22145 ms] [UE 61316] UL: SNR = 63.50 dB | SE = 20.778 bit/s/Hz
[22145 ms] [UE 54887] UL: SNR = 63.50 dB | SE = 20.778 bit/s/Hz
[22145 ms] [UE 41999] UL: SNR = 63.50 dB | SE = 20.778 bit/s/Hz
[22145 ms] [UE 10354] UL: SNR = 52.00 dB | SE = 17.015 bit/s/Hz
[22145 ms] [UE 21661] UL: SNR = 52.50 dB | SE = 17.179 bit/s/Hz
[22246 ms] [UE 61316] UL: SNR = 63.50 dB | SE = 20.778 bit/s/Hz
[22246 ms] [UE 54887] UL: SNR = 63.50 dB | SE = 20.778 bit/s/Hz
[22246 ms] [UE 41999] UL: SNR = 63.50 dB | SE = 20.778 bit/s/Hz
[22246 ms] [UE 10354] UL: SNR = 52.00 dB | SE = 17.015 bit/s/Hz
[22246 ms] [UE 21661] UL: SNR = 52.50 dB | SE = 17.179 bit/s/Hz
[22355 ms] [UE 61316] UL: SNR = 63.50 dB | SE = 20.778 bit/s/Hz
[22355 ms] [UE 54887] UL: SNR = 63.50 dB | SE = 20.778 bit/s/Hz
[22355 ms] [UE 41999] UL: SNR = 63.50 dB | SE = 20.778 bit/s/Hz
[22355 ms] [UE 10354] UL: SNR = 52.00 dB | SE = 17.015 bit/s/Hz
[22355 ms] [UE 21661] UL: SNR = 52.50 dB | SE = 17.179 bit/s/Hz
[22455 ms] [UE 61316] UL: SNR = 63.50 dB | SE = 20.778 bit/s/Hz
[22455 ms] [UE 54887] UL: SNR = 63.50 dB | SE = 20.778 bit/s/Hz
[22455 ms] [UE 41999] UL: SNR = 63.50 dB | SE = 20.778 bit/s/Hz
[22455 ms] [UE 10354] UL: SNR = 52.00 dB | SE = 17.015 bit/s/Hz
[22455 ms] [UE 21661] UL: SNR = 52.50 dB | SE = 17.179 bit/s/Hz
[22556 ms] [UE 61316] UL: SNR = 63.50 dB | SE = 20.778 bit/s/Hz
[22556 ms] [UE 54887] UL: SNR = 63.50 dB | SE = 20.778 bit/s/Hz
[22556 ms] [UE 41999] UL: SNR = 63.50 dB | SE = 20.778 bit/s/Hz
[22556 ms] [UE 10354] UL: SNR = 52.00 dB | SE = 17.015 bit/s/Hz
[22556 ms] [UE 21661] UL: SNR = 52.50 dB | SE = 17.179 bit/s/Hz
[22665 ms] [UE 61316] UL: SNR = 63.50 dB | SE = 20.778 bit/s/Hz
[22665 ms] [UE 54887] UL: SNR = 63.50 dB | SE = 20.778 bit/s/Hz
[22665 ms] [UE 41999] UL: SNR = 63.50 dB | SE = 20.778 bit/s/Hz
[22665 ms] [UE 10354] UL: SNR = 52.00 dB | SE = 17.015 bit/s/Hz
[22665 ms] [UE 21661] UL: SNR = 52.50 dB | SE = 17.179 bit/s/Hz
[22766 ms] [UE 61316] UL: SNR = 63.50 dB | SE = 20.778 bit/s/Hz
[22766 ms] [UE 54887] UL: SNR = 63.50 dB | SE = 20.778 bit/s/Hz
[22766 ms] [UE 41999] UL: SNR = 63.50 dB | SE = 20.778 bit/s/Hz
[22766 ms] [UE 10354] UL: SNR = 52.00 dB | SE = 17.015 bit/s/Hz
[22766 ms] [UE 21661] UL: SNR = 52.50 dB | SE = 17.179 bit/s/Hz
[22875 ms] [UE 61316] UL: SNR = 63.50 dB | SE = 20.778 bit/s/Hz
[22875 ms] [UE 54887] UL: SNR = 63.50 dB | SE = 20.778 bit/s/Hz
[22875 ms] [UE 41999] UL: SNR = 63.50 dB | SE = 20.778 bit/s/Hz
[22875 ms] [UE 10354] UL: SNR = 52.00 dB | SE = 17.015 bit/s/Hz
[22875 ms] [UE 21661] UL: SNR = 52.50 dB | SE = 17.179 bit/s/Hz
[22975 ms] [UE 61316] UL: SNR = 63.50 dB | SE = 20.778 bit/s/Hz
[22975 ms] [UE 54887] UL: SNR = 63.50 dB | SE = 20.778 bit/s/Hz
[22975 ms] [UE 41999] UL: SNR = 63.50 dB | SE = 20.778 bit/s/Hz
[22975 ms] [UE 10354] UL: SNR = 52.00 dB | SE = 17.015 bit/s/Hz
[22975 ms] [UE 21661] UL: SNR = 52.50 dB | SE = 17.179 bit/s/Hz
[23085 ms] [UE 61316] UL: SNR = 63.50 dB | SE = 20.778 bit/s/Hz
[23085 ms] [UE 54887] UL: SNR = 63.50 dB | SE = 20.778 bit/s/Hz
[23085 ms] [UE 41999] UL: SNR = 63.50 dB | SE = 20.778 bit/s/Hz
[23085 ms] [UE 10354] UL: SNR = 52.00 dB | SE = 17.015 bit/s/Hz
[23085 ms] [UE 21661] UL: SNR = 52.50 dB | SE = 17.179 bit/s/Hz
[23185 ms] [UE 61316] UL: SNR = 63.50 dB | SE = 20.778 bit/s/Hz
[23185 ms] [UE 54887] UL: SNR = 63.50 dB | SE = 20.778 bit/s/Hz
[23185 ms] [UE 41999] UL: SNR = 63.50 dB | SE = 20.778 bit/s/Hz
[23185 ms] [UE 10354] UL: SNR = 52.00 dB | SE = 17.015 bit/s/Hz
[23185 ms] [UE 21661] UL: SNR = 52.50 dB | SE = 17.179 bit/s/Hz
[23295 ms] [UE 61316] UL: SNR = 63.50 dB | SE = 20.778 bit/s/Hz
[23295 ms] [UE 54887] UL: SNR = 63.50 dB | SE = 20.778 bit/s/Hz
[23295 ms] [UE 41999] UL: SNR = 63.50 dB | SE = 20.778 bit/s/Hz
[23295 ms] [UE 10354] UL: SNR = 52.00 dB | SE = 17.015 bit/s/Hz
[23295 ms] [UE 21661] UL: SNR = 52.50 dB | SE = 17.179 bit/s/Hz
[23396 ms] [UE 61316] UL: SNR = 63.50 dB | SE = 20.778 bit/s/Hz
[23396 ms] [UE 54887] UL: SNR = 63.50 dB | SE = 20.778 bit/s/Hz
[23396 ms] [UE 41999] UL: SNR = 63.50 dB | SE = 20.778 bit/s/Hz
[23396 ms] [UE 10354] UL: SNR = 52.00 dB | SE = 17.015 bit/s/Hz
[23396 ms] [UE 21661] UL: SNR = 52.50 dB | SE = 17.179 bit/s/Hz
[23505 ms] [UE 61316] UL: SNR = 63.50 dB | SE = 20.778 bit/s/Hz
[23505 ms] [UE 54887] UL: SNR = 63.50 dB | SE = 20.778 bit/s/Hz
[23505 ms] [UE 41999] UL: SNR = 63.50 dB | SE = 20.778 bit/s/Hz
[23505 ms] [UE 10354] UL: SNR = 52.00 dB | SE = 17.015 bit/s/Hz
[23505 ms] [UE 21661] UL: SNR = 52.50 dB | SE = 17.179 bit/s/Hz
[23606 ms] [UE 61316] UL: SNR = 63.50 dB | SE = 20.778 bit/s/Hz
[23606 ms] [UE 54887] UL: SNR = 63.50 dB | SE = 20.778 bit/s/Hz
[23606 ms] [UE 41999] UL: SNR = 63.50 dB | SE = 20.778 bit/s/Hz
[23606 ms] [UE 10354] UL: SNR = 52.00 dB | SE = 17.015 bit/s/Hz
[23606 ms] [UE 21661] UL: SNR = 52.50 dB | SE = 17.179 bit/s/Hz
[23715 ms] [UE 61316] UL: SNR = 63.50 dB | SE = 20.778 bit/s/Hz
[23715 ms] [UE 54887] UL: SNR = 63.50 dB | SE = 20.778 bit/s/Hz
[23715 ms] [UE 41999] UL: SNR = 63.50 dB | SE = 20.778 bit/s/Hz
[23715 ms] [UE 10354] UL: SNR = 52.00 dB | SE = 17.015 bit/s/Hz
[23715 ms] [UE 21661] UL: SNR = 52.50 dB | SE = 17.179 bit/s/Hz
[23816 ms] [UE 61316] UL: SNR = 63.50 dB | SE = 20.778 bit/s/Hz
[23816 ms] [UE 54887] UL: SNR = 63.50 dB | SE = 20.778 bit/s/Hz
[23816 ms] [UE 41999] UL: SNR = 63.50 dB | SE = 20.778 bit/s/Hz
[23816 ms] [UE 10354] UL: SNR = 52.00 dB | SE = 17.015 bit/s/Hz
[23816 ms] [UE 21661] UL: SNR = 52.50 dB | SE = 17.179 bit/s/Hz
[23916 ms] [UE 61316] UL: SNR = 63.50 dB | SE = 20.778 bit/s/Hz
[23916 ms] [UE 54887] UL: SNR = 63.50 dB | SE = 20.778 bit/s/Hz
[23916 ms] [UE 41999] UL: SNR = 63.50 dB | SE = 20.778 bit/s/Hz
[23916 ms] [UE 10354] UL: SNR = 52.00 dB | SE = 17.015 bit/s/Hz
[23916 ms] [UE 21661] UL: SNR = 52.50 dB | SE = 17.179 bit/s/Hz
[24025 ms] [UE 61316] UL: SNR = 63.50 dB | SE = 20.778 bit/s/Hz
[24025 ms] [UE 54887] UL: SNR = 63.50 dB | SE = 20.778 bit/s/Hz
[24025 ms] [UE 41999] UL: SNR = 63.50 dB | SE = 20.778 bit/s/Hz
[24025 ms] [UE 10354] UL: SNR = 52.00 dB | SE = 17.015 bit/s/Hz
[24025 ms] [UE 21661] UL: SNR = 52.50 dB | SE = 17.179 bit/s/Hz
[24136 ms] [UE 61316] UL: SNR = 63.50 dB | SE = 20.778 bit/s/Hz
[24136 ms] [UE 54887] UL: SNR = 63.50 dB | SE = 20.778 bit/s/Hz
[24136 ms] [UE 41999] UL: SNR = 63.50 dB | SE = 20.778 bit/s/Hz
[24136 ms] [UE 10354] UL: SNR = 52.00 dB | SE = 17.015 bit/s/Hz
[24136 ms] [UE 21661] UL: SNR = 52.50 dB | SE = 17.179 bit/s/Hz
[24245 ms] [UE 61316] UL: SNR = 63.50 dB | SE = 20.778 bit/s/Hz
[24245 ms] [UE 54887] UL: SNR = 63.50 dB | SE = 20.778 bit/s/Hz
[24245 ms] [UE 41999] UL: SNR = 63.50 dB | SE = 20.778 bit/s/Hz
[24245 ms] [UE 10354] UL: SNR = 52.00 dB | SE = 17.015 bit/s/Hz
[24245 ms] [UE 21661] UL: SNR = 52.50 dB | SE = 17.179 bit/s/Hz
[24345 ms] [UE 61316] UL: SNR = 63.50 dB | SE = 20.778 bit/s/Hz
[24345 ms] [UE 54887] UL: SNR = 63.50 dB | SE = 20.778 bit/s/Hz
[24345 ms] [UE 41999] UL: SNR = 63.50 dB | SE = 20.778 bit/s/Hz
[24345 ms] [UE 10354] UL: SNR = 52.00 dB | SE = 17.015 bit/s/Hz
[24345 ms] [UE 21661] UL: SNR = 52.50 dB | SE = 17.179 bit/s/Hz
[24445 ms] [UE 61316] UL: SNR = 63.50 dB | SE = 20.778 bit/s/Hz
[24445 ms] [UE 54887] UL: SNR = 63.50 dB | SE = 20.778 bit/s/Hz
[24445 ms] [UE 41999] UL: SNR = 63.50 dB | SE = 20.778 bit/s/Hz
[24445 ms] [UE 10354] UL: SNR = 52.00 dB | SE = 17.015 bit/s/Hz
[24445 ms] [UE 21661] UL: SNR = 52.50 dB | SE = 17.179 bit/s/Hz
[24556 ms] [UE 61316] UL: SNR = 63.50 dB | SE = 20.778 bit/s/Hz
[24556 ms] [UE 54887] UL: SNR = 63.50 dB | SE = 20.778 bit/s/Hz
[24556 ms] [UE 41999] UL: SNR = 63.50 dB | SE = 20.778 bit/s/Hz
[24556 ms] [UE 10354] UL: SNR = 52.00 dB | SE = 17.015 bit/s/Hz
[24556 ms] [UE 21661] UL: SNR = 52.50 dB | SE = 17.179 bit/s/Hz
[24665 ms] [UE 61316] UL: SNR = 63.50 dB | SE = 20.778 bit/s/Hz
[24665 ms] [UE 54887] UL: SNR = 63.50 dB | SE = 20.778 bit/s/Hz
[24665 ms] [UE 41999] UL: SNR = 63.50 dB | SE = 20.778 bit/s/Hz
[24665 ms] [UE 10354] UL: SNR = 52.00 dB | SE = 17.015 bit/s/Hz
[24665 ms] [UE 21661] UL: SNR = 52.50 dB | SE = 17.179 bit/s/Hz
[24775 ms] [UE 61316] UL: SNR = 63.50 dB | SE = 20.778 bit/s/Hz
[24775 ms] [UE 54887] UL: SNR = 63.50 dB | SE = 20.778 bit/s/Hz
[24775 ms] [UE 41999] UL: SNR = 63.50 dB | SE = 20.778 bit/s/Hz
[24775 ms] [UE 10354] UL: SNR = 52.00 dB | SE = 17.015 bit/s/Hz
[24775 ms] [UE 21661] UL: SNR = 52.50 dB | SE = 17.179 bit/s/Hz
[24875 ms] [UE 61316] UL: SNR = 63.50 dB | SE = 20.778 bit/s/Hz
[24875 ms] [UE 54887] UL: SNR = 63.50 dB | SE = 20.778 bit/s/Hz
[24875 ms] [UE 41999] UL: SNR = 63.50 dB | SE = 20.778 bit/s/Hz
[24875 ms] [UE 10354] UL: SNR = 52.00 dB | SE = 17.015 bit/s/Hz
[24875 ms] [UE 21661] UL: SNR = 52.50 dB | SE = 17.179 bit/s/Hz
[24985 ms] [UE 61316] UL: SNR = 63.50 dB | SE = 20.778 bit/s/Hz
[24985 ms] [UE 54887] UL: SNR = 63.50 dB | SE = 20.778 bit/s/Hz
[24985 ms] [UE 41999] UL: SNR = 63.50 dB | SE = 20.778 bit/s/Hz
[24985 ms] [UE 10354] UL: SNR = 52.00 dB | SE = 17.015 bit/s/Hz
[24985 ms] [UE 21661] UL: SNR = 52.50 dB | SE = 17.179 bit/s/Hz
[25085 ms] [UE 61316] UL: SNR = 63.50 dB | SE = 20.778 bit/s/Hz
[25085 ms] [UE 54887] UL: SNR = 63.50 dB | SE = 20.778 bit/s/Hz
[25085 ms] [UE 41999] UL: SNR = 63.50 dB | SE = 20.778 bit/s/Hz
[25085 ms] [UE 10354] UL: SNR = 52.00 dB | SE = 17.015 bit/s/Hz
[25085 ms] [UE 21661] UL: SNR = 52.50 dB | SE = 17.179 bit/s/Hz
[25195 ms] [UE 61316] UL: SNR = 63.50 dB | SE = 20.778 bit/s/Hz
[25195 ms] [UE 54887] UL: SNR = 63.50 dB | SE = 20.778 bit/s/Hz
[25195 ms] [UE 41999] UL: SNR = 63.50 dB | SE = 20.778 bit/s/Hz
[25195 ms] [UE 10354] UL: SNR = 52.00 dB | SE = 17.015 bit/s/Hz
[25195 ms] [UE 21661] UL: SNR = 52.50 dB | SE = 17.179 bit/s/Hz
[25296 ms] [UE 61316] UL: SNR = 63.50 dB | SE = 20.778 bit/s/Hz
[25296 ms] [UE 54887] UL: SNR = 63.50 dB | SE = 20.778 bit/s/Hz
[25296 ms] [UE 41999] UL: SNR = 63.50 dB | SE = 20.778 bit/s/Hz
[25296 ms] [UE 10354] UL: SNR = 52.00 dB | SE = 17.015 bit/s/Hz
[25296 ms] [UE 21661] UL: SNR = 52.50 dB | SE = 17.179 bit/s/Hz
[25406 ms] [UE 61316] UL: SNR = 6.00 dB | SE = 2.282 bit/s/Hz
[25406 ms] [UE 54887] UL: SNR = 63.50 dB | SE = 20.778 bit/s/Hz
[25406 ms] [UE 41999] UL: SNR = 57.00 dB | SE = 18.651 bit/s/Hz
[25406 ms] [UE 10354] UL: SNR = 52.00 dB | SE = 17.015 bit/s/Hz
[25406 ms] [UE 21661] UL: SNR = 52.50 dB | SE = 17.179 bit/s/Hz
[25515 ms] [UE 61316] UL: SNR = 6.00 dB | SE = 2.282 bit/s/Hz
[25515 ms] [UE 54887] UL: SNR = 63.50 dB | SE = 20.778 bit/s/Hz
[25515 ms] [UE 41999] UL: SNR = 57.00 dB | SE = 18.651 bit/s/Hz
[25515 ms] [UE 10354] UL: SNR = 52.00 dB | SE = 17.015 bit/s/Hz
[25515 ms] [UE 21661] UL: SNR = 52.50 dB | SE = 17.179 bit/s/Hz
[25616 ms] [UE 61316] UL: SNR = 6.00 dB | SE = 2.282 bit/s/Hz
[25616 ms] [UE 54887] UL: SNR = 63.50 dB | SE = 20.778 bit/s/Hz
[25616 ms] [UE 41999] UL: SNR = 57.00 dB | SE = 18.651 bit/s/Hz
[25616 ms] [UE 10354] UL: SNR = 52.00 dB | SE = 17.015 bit/s/Hz
[25616 ms] [UE 21661] UL: SNR = 52.50 dB | SE = 17.179 bit/s/Hz
[25726 ms] [UE 61316] UL: SNR = 6.00 dB | SE = 2.282 bit/s/Hz
[25726 ms] [UE 54887] UL: SNR = 63.50 dB | SE = 20.778 bit/s/Hz
[25726 ms] [UE 41999] UL: SNR = 57.00 dB | SE = 18.651 bit/s/Hz
[25726 ms] [UE 10354] UL: SNR = 52.00 dB | SE = 17.015 bit/s/Hz
[25726 ms] [UE 21661] UL: SNR = 52.50 dB | SE = 17.179 bit/s/Hz
[25835 ms] [UE 61316] UL: SNR = 6.00 dB | SE = 2.282 bit/s/Hz
[25835 ms] [UE 54887] UL: SNR = 63.50 dB | SE = 20.778 bit/s/Hz
[25835 ms] [UE 41999] UL: SNR = 57.00 dB | SE = 18.651 bit/s/Hz
[25835 ms] [UE 10354] UL: SNR = 52.00 dB | SE = 17.015 bit/s/Hz
[25835 ms] [UE 21661] UL: SNR = 52.50 dB | SE = 17.179 bit/s/Hz
[25945 ms] [UE 61316] UL: SNR = 6.00 dB | SE = 2.282 bit/s/Hz
[25945 ms] [UE 54887] UL: SNR = 52.00 dB | SE = 17.015 bit/s/Hz
[25945 ms] [UE 41999] UL: SNR = 57.00 dB | SE = 18.651 bit/s/Hz
[25945 ms] [UE 10354] UL: SNR = 52.00 dB | SE = 17.015 bit/s/Hz
[25945 ms] [UE 21661] UL: SNR = 52.50 dB | SE = 17.179 bit/s/Hz
[26055 ms] [UE 61316] UL: SNR = 6.00 dB | SE = 2.282 bit/s/Hz
[26055 ms] [UE 54887] UL: SNR = 52.00 dB | SE = 17.015 bit/s/Hz
[26055 ms] [UE 41999] UL: SNR = 57.00 dB | SE = 18.651 bit/s/Hz
[26055 ms] [UE 10354] UL: SNR = 52.00 dB | SE = 17.015 bit/s/Hz
[26055 ms] [UE 21661] UL: SNR = 52.50 dB | SE = 17.179 bit/s/Hz
[26156 ms] [UE 61316] UL: SNR = 63.50 dB | SE = 20.778 bit/s/Hz
[26156 ms] [UE 54887] UL: SNR = 52.00 dB | SE = 17.015 bit/s/Hz
[26156 ms] [UE 41999] UL: SNR = 63.50 dB | SE = 20.778 bit/s/Hz
[26156 ms] [UE 10354] UL: SNR = 52.00 dB | SE = 17.015 bit/s/Hz
[26156 ms] [UE 21661] UL: SNR = 52.50 dB | SE = 17.179 bit/s/Hz
[26266 ms] [UE 61316] UL: SNR = 63.50 dB | SE = 20.778 bit/s/Hz
[26266 ms] [UE 54887] UL: SNR = 52.00 dB | SE = 17.015 bit/s/Hz
[26266 ms] [UE 41999] UL: SNR = 63.50 dB | SE = 20.778 bit/s/Hz
[26266 ms] [UE 10354] UL: SNR = 52.00 dB | SE = 17.015 bit/s/Hz
[26266 ms] [UE 21661] UL: SNR = 52.50 dB | SE = 17.179 bit/s/Hz
[26366 ms] [UE 61316] UL: SNR = 63.50 dB | SE = 20.778 bit/s/Hz
[26366 ms] [UE 54887] UL: SNR = 52.00 dB | SE = 17.015 bit/s/Hz
[26366 ms] [UE 41999] UL: SNR = 63.50 dB | SE = 20.778 bit/s/Hz
[26366 ms] [UE 10354] UL: SNR = 52.00 dB | SE = 17.015 bit/s/Hz
[26366 ms] [UE 21661] UL: SNR = 52.50 dB | SE = 17.179 bit/s/Hz
[26475 ms] [UE 61316] UL: SNR = 63.50 dB | SE = 20.778 bit/s/Hz
[26475 ms] [UE 54887] UL: SNR = 52.00 dB | SE = 17.015 bit/s/Hz
[26475 ms] [UE 41999] UL: SNR = 63.50 dB | SE = 20.778 bit/s/Hz
[26475 ms] [UE 10354] UL: SNR = 52.00 dB | SE = 17.015 bit/s/Hz
[26475 ms] [UE 21661] UL: SNR = 52.50 dB | SE = 17.179 bit/s/Hz
[26575 ms] [UE 61316] UL: SNR = 63.50 dB | SE = 20.778 bit/s/Hz
[26575 ms] [UE 54887] UL: SNR = 52.00 dB | SE = 17.015 bit/s/Hz
[26575 ms] [UE 41999] UL: SNR = 63.50 dB | SE = 20.778 bit/s/Hz
[26575 ms] [UE 10354] UL: SNR = 52.00 dB | SE = 17.015 bit/s/Hz
[26575 ms] [UE 21661] UL: SNR = 52.50 dB | SE = 17.179 bit/s/Hz
[26676 ms] [UE 61316] UL: SNR = 63.50 dB | SE = 20.778 bit/s/Hz
[26676 ms] [UE 54887] UL: SNR = 52.00 dB | SE = 17.015 bit/s/Hz
[26676 ms] [UE 41999] UL: SNR = 63.50 dB | SE = 20.778 bit/s/Hz
[26676 ms] [UE 10354] UL: SNR = 52.00 dB | SE = 17.015 bit/s/Hz
[26676 ms] [UE 21661] UL: SNR = 52.50 dB | SE = 17.179 bit/s/Hz
[26785 ms] [UE 61316] UL: SNR = 63.50 dB | SE = 20.778 bit/s/Hz
[26785 ms] [UE 54887] UL: SNR = 52.00 dB | SE = 17.015 bit/s/Hz
[26785 ms] [UE 41999] UL: SNR = 63.50 dB | SE = 20.778 bit/s/Hz
[26785 ms] [UE 10354] UL: SNR = 52.00 dB | SE = 17.015 bit/s/Hz
[26785 ms] [UE 21661] UL: SNR = 52.50 dB | SE = 17.179 bit/s/Hz
[26885 ms] [UE 61316] UL: SNR = 63.50 dB | SE = 20.778 bit/s/Hz
[26885 ms] [UE 54887] UL: SNR = 52.00 dB | SE = 17.015 bit/s/Hz
[26885 ms] [UE 41999] UL: SNR = 63.50 dB | SE = 20.778 bit/s/Hz
[26885 ms] [UE 10354] UL: SNR = 52.00 dB | SE = 17.015 bit/s/Hz
[26885 ms] [UE 21661] UL: SNR = 52.50 dB | SE = 17.179 bit/s/Hz
[26995 ms] [UE 61316] UL: SNR = 63.50 dB | SE = 20.778 bit/s/Hz
[26995 ms] [UE 54887] UL: SNR = 52.00 dB | SE = 17.015 bit/s/Hz
[26995 ms] [UE 41999] UL: SNR = 63.50 dB | SE = 20.778 bit/s/Hz
[26995 ms] [UE 10354] UL: SNR = 52.00 dB | SE = 17.015 bit/s/Hz
[26995 ms] [UE 21661] UL: SNR = 52.50 dB | SE = 17.179 bit/s/Hz
[27095 ms] [UE 61316] UL: SNR = 63.50 dB | SE = 20.778 bit/s/Hz
[27095 ms] [UE 54887] UL: SNR = 52.00 dB | SE = 17.015 bit/s/Hz
[27095 ms] [UE 41999] UL: SNR = 63.50 dB | SE = 20.778 bit/s/Hz
[27095 ms] [UE 10354] UL: SNR = 52.00 dB | SE = 17.015 bit/s/Hz
[27095 ms] [UE 21661] UL: SNR = 52.50 dB | SE = 17.179 bit/s/Hz
[27205 ms] [UE 61316] UL: SNR = 63.50 dB | SE = 20.778 bit/s/Hz
[27205 ms] [UE 54887] UL: SNR = 52.00 dB | SE = 17.015 bit/s/Hz
[27205 ms] [UE 41999] UL: SNR = 63.50 dB | SE = 20.778 bit/s/Hz
[27205 ms] [UE 10354] UL: SNR = 52.00 dB | SE = 17.015 bit/s/Hz
[27205 ms] [UE 21661] UL: SNR = 52.50 dB | SE = 17.179 bit/s/Hz
[27305 ms] [UE 61316] UL: SNR = 63.50 dB | SE = 20.778 bit/s/Hz
[27305 ms] [UE 54887] UL: SNR = 52.00 dB | SE = 17.015 bit/s/Hz
[27305 ms] [UE 41999] UL: SNR = 63.50 dB | SE = 20.778 bit/s/Hz
[27305 ms] [UE 10354] UL: SNR = 52.00 dB | SE = 17.015 bit/s/Hz
[27305 ms] [UE 21661] UL: SNR = 52.50 dB | SE = 17.179 bit/s/Hz
[27416 ms] [UE 61316] UL: SNR = 63.50 dB | SE = 20.778 bit/s/Hz
[27416 ms] [UE 54887] UL: SNR = 52.00 dB | SE = 17.015 bit/s/Hz
[27416 ms] [UE 41999] UL: SNR = 63.50 dB | SE = 20.778 bit/s/Hz
[27416 ms] [UE 10354] UL: SNR = 52.00 dB | SE = 17.015 bit/s/Hz
[27416 ms] [UE 21661] UL: SNR = 52.50 dB | SE = 17.179 bit/s/Hz
[27526 ms] [UE 61316] UL: SNR = 63.50 dB | SE = 20.778 bit/s/Hz
[27526 ms] [UE 54887] UL: SNR = 52.00 dB | SE = 17.015 bit/s/Hz
[27526 ms] [UE 41999] UL: SNR = 63.50 dB | SE = 20.778 bit/s/Hz
[27526 ms] [UE 10354] UL: SNR = 52.00 dB | SE = 17.015 bit/s/Hz
[27526 ms] [UE 21661] UL: SNR = 52.50 dB | SE = 17.179 bit/s/Hz
[27635 ms] [UE 61316] UL: SNR = 63.50 dB | SE = 20.778 bit/s/Hz
[27635 ms] [UE 54887] UL: SNR = 52.00 dB | SE = 17.015 bit/s/Hz
[27635 ms] [UE 41999] UL: SNR = 63.50 dB | SE = 20.778 bit/s/Hz
[27635 ms] [UE 10354] UL: SNR = 52.00 dB | SE = 17.015 bit/s/Hz
[27635 ms] [UE 21661] UL: SNR = 52.50 dB | SE = 17.179 bit/s/Hz
[27735 ms] [UE 61316] UL: SNR = 63.50 dB | SE = 20.778 bit/s/Hz
[27735 ms] [UE 54887] UL: SNR = 52.00 dB | SE = 17.015 bit/s/Hz
[27735 ms] [UE 41999] UL: SNR = 63.50 dB | SE = 20.778 bit/s/Hz
[27735 ms] [UE 10354] UL: SNR = 52.00 dB | SE = 17.015 bit/s/Hz
[27735 ms] [UE 21661] UL: SNR = 52.50 dB | SE = 17.179 bit/s/Hz
[27836 ms] [UE 61316] UL: SNR = 63.50 dB | SE = 20.778 bit/s/Hz
[27836 ms] [UE 54887] UL: SNR = 52.00 dB | SE = 17.015 bit/s/Hz
[27836 ms] [UE 41999] UL: SNR = 63.50 dB | SE = 20.778 bit/s/Hz
[27836 ms] [UE 10354] UL: SNR = 52.00 dB | SE = 17.015 bit/s/Hz
[27836 ms] [UE 21661] UL: SNR = 52.50 dB | SE = 17.179 bit/s/Hz
[27936 ms] [UE 61316] UL: SNR = 63.50 dB | SE = 20.778 bit/s/Hz
[27936 ms] [UE 54887] UL: SNR = 52.00 dB | SE = 17.015 bit/s/Hz
[27936 ms] [UE 41999] UL: SNR = 63.50 dB | SE = 20.778 bit/s/Hz
[27936 ms] [UE 10354] UL: SNR = 52.00 dB | SE = 17.015 bit/s/Hz
[27936 ms] [UE 21661] UL: SNR = 52.50 dB | SE = 17.179 bit/s/Hz
[28045 ms] [UE 61316] UL: SNR = 63.50 dB | SE = 20.778 bit/s/Hz
[28045 ms] [UE 54887] UL: SNR = 52.00 dB | SE = 17.015 bit/s/Hz
[28045 ms] [UE 41999] UL: SNR = 63.50 dB | SE = 20.778 bit/s/Hz
[28045 ms] [UE 10354] UL: SNR = 52.00 dB | SE = 17.015 bit/s/Hz
[28045 ms] [UE 21661] UL: SNR = 52.50 dB | SE = 17.179 bit/s/Hz
[28146 ms] [UE 61316] UL: SNR = 63.50 dB | SE = 20.778 bit/s/Hz
[28146 ms] [UE 54887] UL: SNR = 52.00 dB | SE = 17.015 bit/s/Hz
[28146 ms] [UE 41999] UL: SNR = 63.50 dB | SE = 20.778 bit/s/Hz
[28146 ms] [UE 10354] UL: SNR = 52.00 dB | SE = 17.015 bit/s/Hz
[28146 ms] [UE 21661] UL: SNR = 52.50 dB | SE = 17.179 bit/s/Hz
[28256 ms] [UE 61316] UL: SNR = 63.50 dB | SE = 20.778 bit/s/Hz
[28256 ms] [UE 54887] UL: SNR = 52.00 dB | SE = 17.015 bit/s/Hz
[28256 ms] [UE 41999] UL: SNR = 63.50 dB | SE = 20.778 bit/s/Hz
[28256 ms] [UE 10354] UL: SNR = 52.00 dB | SE = 17.015 bit/s/Hz
[28256 ms] [UE 21661] UL: SNR = 52.50 dB | SE = 17.179 bit/s/Hz
[28366 ms] [UE 61316] UL: SNR = 63.50 dB | SE = 20.778 bit/s/Hz
[28366 ms] [UE 54887] UL: SNR = 52.00 dB | SE = 17.015 bit/s/Hz
[28366 ms] [UE 41999] UL: SNR = 63.50 dB | SE = 20.778 bit/s/Hz
[28366 ms] [UE 10354] UL: SNR = 52.00 dB | SE = 17.015 bit/s/Hz
[28366 ms] [UE 21661] UL: SNR = 52.50 dB | SE = 17.179 bit/s/Hz
[28475 ms] [UE 61316] UL: SNR = 63.50 dB | SE = 20.778 bit/s/Hz
[28475 ms] [UE 54887] UL: SNR = 52.00 dB | SE = 17.015 bit/s/Hz
[28475 ms] [UE 41999] UL: SNR = 63.50 dB | SE = 20.778 bit/s/Hz
[28475 ms] [UE 10354] UL: SNR = 52.00 dB | SE = 17.015 bit/s/Hz
[28475 ms] [UE 21661] UL: SNR = 52.50 dB | SE = 17.179 bit/s/Hz
[28575 ms] [UE 61316] UL: SNR = 63.50 dB | SE = 20.778 bit/s/Hz
[28575 ms] [UE 54887] UL: SNR = 52.00 dB | SE = 17.015 bit/s/Hz
[28575 ms] [UE 41999] UL: SNR = 63.50 dB | SE = 20.778 bit/s/Hz
[28575 ms] [UE 10354] UL: SNR = 52.00 dB | SE = 17.015 bit/s/Hz
[28575 ms] [UE 21661] UL: SNR = 52.50 dB | SE = 17.179 bit/s/Hz
[28676 ms] [UE 61316] UL: SNR = 63.50 dB | SE = 20.778 bit/s/Hz
[28676 ms] [UE 54887] UL: SNR = 52.00 dB | SE = 17.015 bit/s/Hz
[28676 ms] [UE 41999] UL: SNR = 63.50 dB | SE = 20.778 bit/s/Hz
[28676 ms] [UE 10354] UL: SNR = 52.00 dB | SE = 17.015 bit/s/Hz
[28676 ms] [UE 21661] UL: SNR = 52.50 dB | SE = 17.179 bit/s/Hz
[28776 ms] [UE 61316] UL: SNR = 63.50 dB | SE = 20.778 bit/s/Hz
[28776 ms] [UE 54887] UL: SNR = 52.00 dB | SE = 17.015 bit/s/Hz
[28776 ms] [UE 41999] UL: SNR = 63.50 dB | SE = 20.778 bit/s/Hz
[28776 ms] [UE 10354] UL: SNR = 52.00 dB | SE = 17.015 bit/s/Hz
[28776 ms] [UE 21661] UL: SNR = 52.50 dB | SE = 17.179 bit/s/Hz
[28885 ms] [UE 61316] UL: SNR = 63.50 dB | SE = 20.778 bit/s/Hz
[28885 ms] [UE 54887] UL: SNR = 52.00 dB | SE = 17.015 bit/s/Hz
[28885 ms] [UE 41999] UL: SNR = 63.50 dB | SE = 20.778 bit/s/Hz
[28885 ms] [UE 10354] UL: SNR = 52.00 dB | SE = 17.015 bit/s/Hz
[28885 ms] [UE 21661] UL: SNR = 52.50 dB | SE = 17.179 bit/s/Hz
[28985 ms] [UE 61316] UL: SNR = 63.50 dB | SE = 20.778 bit/s/Hz
[28985 ms] [UE 54887] UL: SNR = 52.00 dB | SE = 17.015 bit/s/Hz
[28985 ms] [UE 41999] UL: SNR = 63.50 dB | SE = 20.778 bit/s/Hz
[28985 ms] [UE 10354] UL: SNR = 52.00 dB | SE = 17.015 bit/s/Hz
[28985 ms] [UE 21661] UL: SNR = 52.50 dB | SE = 17.179 bit/s/Hz
[29086 ms] [UE 61316] UL: SNR = 63.50 dB | SE = 20.778 bit/s/Hz
[29086 ms] [UE 54887] UL: SNR = 52.00 dB | SE = 17.015 bit/s/Hz
[29086 ms] [UE 41999] UL: SNR = 63.50 dB | SE = 20.778 bit/s/Hz
[29086 ms] [UE 10354] UL: SNR = 52.00 dB | SE = 17.015 bit/s/Hz
[29086 ms] [UE 21661] UL: SNR = 52.50 dB | SE = 17.179 bit/s/Hz
[29196 ms] [UE 61316] UL: SNR = 63.50 dB | SE = 20.778 bit/s/Hz
[29196 ms] [UE 54887] UL: SNR = 52.00 dB | SE = 17.015 bit/s/Hz
[29196 ms] [UE 41999] UL: SNR = 63.50 dB | SE = 20.778 bit/s/Hz
[29196 ms] [UE 10354] UL: SNR = 52.00 dB | SE = 17.015 bit/s/Hz
[29196 ms] [UE 21661] UL: SNR = 52.50 dB | SE = 17.179 bit/s/Hz
[29306 ms] [UE 61316] UL: SNR = 63.50 dB | SE = 20.778 bit/s/Hz
[29306 ms] [UE 54887] UL: SNR = 52.00 dB | SE = 17.015 bit/s/Hz
[29306 ms] [UE 41999] UL: SNR = 63.50 dB | SE = 20.778 bit/s/Hz
[29306 ms] [UE 10354] UL: SNR = 54.50 dB | SE = 17.833 bit/s/Hz
[29306 ms] [UE 21661] UL: SNR = 52.50 dB | SE = 17.179 bit/s/Hz
[29415 ms] [UE 61316] UL: SNR = 63.50 dB | SE = 20.778 bit/s/Hz
[29415 ms] [UE 54887] UL: SNR = 52.00 dB | SE = 17.015 bit/s/Hz
[29415 ms] [UE 41999] UL: SNR = 63.50 dB | SE = 20.778 bit/s/Hz
[29415 ms] [UE 10354] UL: SNR = 54.50 dB | SE = 17.833 bit/s/Hz
[29415 ms] [UE 21661] UL: SNR = 52.50 dB | SE = 17.179 bit/s/Hz
[29516 ms] [UE 61316] UL: SNR = 63.50 dB | SE = 20.778 bit/s/Hz
[29516 ms] [UE 54887] UL: SNR = 52.00 dB | SE = 17.015 bit/s/Hz
[29516 ms] [UE 41999] UL: SNR = 63.50 dB | SE = 20.778 bit/s/Hz
[29516 ms] [UE 10354] UL: SNR = 54.50 dB | SE = 17.833 bit/s/Hz
[29516 ms] [UE 21661] UL: SNR = 52.50 dB | SE = 17.179 bit/s/Hz
[29626 ms] [UE 61316] UL: SNR = 63.50 dB | SE = 20.778 bit/s/Hz
[29626 ms] [UE 54887] UL: SNR = 52.00 dB | SE = 17.015 bit/s/Hz
[29626 ms] [UE 41999] UL: SNR = 63.50 dB | SE = 20.778 bit/s/Hz
[29626 ms] [UE 10354] UL: SNR = 52.00 dB | SE = 17.015 bit/s/Hz
[29626 ms] [UE 21661] UL: SNR = 52.50 dB | SE = 17.179 bit/s/Hz
[29726 ms] [UE 61316] UL: SNR = 63.50 dB | SE = 20.778 bit/s/Hz
[29726 ms] [UE 54887] UL: SNR = 52.00 dB | SE = 17.015 bit/s/Hz
[29726 ms] [UE 41999] UL: SNR = 63.50 dB | SE = 20.778 bit/s/Hz
[29726 ms] [UE 10354] UL: SNR = 52.00 dB | SE = 17.015 bit/s/Hz
[29726 ms] [UE 21661] UL: SNR = 52.50 dB | SE = 17.179 bit/s/Hz
[29836 ms] [UE 61316] UL: SNR = 63.50 dB | SE = 20.778 bit/s/Hz
[29836 ms] [UE 54887] UL: SNR = 63.50 dB | SE = 20.778 bit/s/Hz
[29836 ms] [UE 41999] UL: SNR = 63.50 dB | SE = 20.778 bit/s/Hz
[29836 ms] [UE 10354] UL: SNR = 52.00 dB | SE = 17.015 bit/s/Hz
[29836 ms] [UE 21661] UL: SNR = 52.50 dB | SE = 17.179 bit/s/Hz
[29936 ms] [UE 61316] UL: SNR = 63.50 dB | SE = 20.778 bit/s/Hz
[29936 ms] [UE 54887] UL: SNR = 63.50 dB | SE = 20.778 bit/s/Hz
[29936 ms] [UE 41999] UL: SNR = 63.50 dB | SE = 20.778 bit/s/Hz
[29936 ms] [UE 10354] UL: SNR = 52.00 dB | SE = 17.015 bit/s/Hz
[29936 ms] [UE 21661] UL: SNR = 52.50 dB | SE = 17.179 bit/s/Hz
[30036 ms] [UE 61316] UL: SNR = 63.50 dB | SE = 20.778 bit/s/Hz
[30036 ms] [UE 54887] UL: SNR = 63.50 dB | SE = 20.778 bit/s/Hz
[30036 ms] [UE 41999] UL: SNR = 63.50 dB | SE = 20.778 bit/s/Hz
[30036 ms] [UE 10354] UL: SNR = 52.00 dB | SE = 17.015 bit/s/Hz
[30036 ms] [UE 21661] UL: SNR = 52.50 dB | SE = 17.179 bit/s/Hz
[30145 ms] [UE 61316] UL: SNR = 63.50 dB | SE = 20.778 bit/s/Hz
[30145 ms] [UE 54887] UL: SNR = 63.50 dB | SE = 20.778 bit/s/Hz
[30145 ms] [UE 41999] UL: SNR = 63.50 dB | SE = 20.778 bit/s/Hz
[30145 ms] [UE 10354] UL: SNR = 52.00 dB | SE = 17.015 bit/s/Hz
[30145 ms] [UE 21661] UL: SNR = 52.50 dB | SE = 17.179 bit/s/Hz
[30246 ms] [UE 61316] UL: SNR = 63.50 dB | SE = 20.778 bit/s/Hz
[30246 ms] [UE 54887] UL: SNR = 63.50 dB | SE = 20.778 bit/s/Hz
[30246 ms] [UE 41999] UL: SNR = 63.50 dB | SE = 20.778 bit/s/Hz
[30246 ms] [UE 10354] UL: SNR = 52.00 dB | SE = 17.015 bit/s/Hz
[30246 ms] [UE 21661] UL: SNR = 52.50 dB | SE = 17.179 bit/s/Hz
[30356 ms] [UE 61316] UL: SNR = 63.50 dB | SE = 20.778 bit/s/Hz
[30356 ms] [UE 54887] UL: SNR = 63.50 dB | SE = 20.778 bit/s/Hz
[30356 ms] [UE 41999] UL: SNR = 63.50 dB | SE = 20.778 bit/s/Hz
[30356 ms] [UE 10354] UL: SNR = 52.00 dB | SE = 17.015 bit/s/Hz
[30356 ms] [UE 21661] UL: SNR = 52.50 dB | SE = 17.179 bit/s/Hz
[30456 ms] [UE 61316] UL: SNR = 63.50 dB | SE = 20.778 bit/s/Hz
[30456 ms] [UE 54887] UL: SNR = 63.50 dB | SE = 20.778 bit/s/Hz
[30456 ms] [UE 41999] UL: SNR = 63.50 dB | SE = 20.778 bit/s/Hz
[30456 ms] [UE 10354] UL: SNR = 52.00 dB | SE = 17.015 bit/s/Hz
[30456 ms] [UE 21661] UL: SNR = 52.50 dB | SE = 17.179 bit/s/Hz
[30566 ms] [UE 61316] UL: SNR = 63.50 dB | SE = 20.778 bit/s/Hz
[30566 ms] [UE 54887] UL: SNR = 63.50 dB | SE = 20.778 bit/s/Hz
[30566 ms] [UE 41999] UL: SNR = 63.50 dB | SE = 20.778 bit/s/Hz
[30566 ms] [UE 10354] UL: SNR = 52.00 dB | SE = 17.015 bit/s/Hz
[30566 ms] [UE 21661] UL: SNR = 52.50 dB | SE = 17.179 bit/s/Hz
[30666 ms] [UE 61316] UL: SNR = 63.50 dB | SE = 20.778 bit/s/Hz
[30666 ms] [UE 54887] UL: SNR = 63.50 dB | SE = 20.778 bit/s/Hz
[30666 ms] [UE 41999] UL: SNR = 63.50 dB | SE = 20.778 bit/s/Hz
[30666 ms] [UE 10354] UL: SNR = 52.00 dB | SE = 17.015 bit/s/Hz
[30666 ms] [UE 21661] UL: SNR = 52.50 dB | SE = 17.179 bit/s/Hz
[30766 ms] [UE 61316] UL: SNR = 63.50 dB | SE = 20.778 bit/s/Hz
[30766 ms] [UE 54887] UL: SNR = 63.50 dB | SE = 20.778 bit/s/Hz
[30766 ms] [UE 41999] UL: SNR = 63.50 dB | SE = 20.778 bit/s/Hz
[30766 ms] [UE 10354] UL: SNR = 52.00 dB | SE = 17.015 bit/s/Hz
[30766 ms] [UE 21661] UL: SNR = 52.50 dB | SE = 17.179 bit/s/Hz
[30876 ms] [UE 61316] UL: SNR = 63.50 dB | SE = 20.778 bit/s/Hz
[30876 ms] [UE 54887] UL: SNR = 63.50 dB | SE = 20.778 bit/s/Hz
[30876 ms] [UE 41999] UL: SNR = 63.50 dB | SE = 20.778 bit/s/Hz
[30876 ms] [UE 10354] UL: SNR = 52.00 dB | SE = 17.015 bit/s/Hz
[30876 ms] [UE 21661] UL: SNR = 52.50 dB | SE = 17.179 bit/s/Hz
[30986 ms] [UE 61316] UL: SNR = 63.50 dB | SE = 20.778 bit/s/Hz
[30986 ms] [UE 54887] UL: SNR = 63.50 dB | SE = 20.778 bit/s/Hz
[30986 ms] [UE 41999] UL: SNR = 63.50 dB | SE = 20.778 bit/s/Hz
[30986 ms] [UE 10354] UL: SNR = 52.00 dB | SE = 17.015 bit/s/Hz
[30986 ms] [UE 21661] UL: SNR = 52.50 dB | SE = 17.179 bit/s/Hz
[31095 ms] [UE 61316] UL: SNR = 63.50 dB | SE = 20.778 bit/s/Hz
[31095 ms] [UE 54887] UL: SNR = 63.50 dB | SE = 20.778 bit/s/Hz
[31095 ms] [UE 41999] UL: SNR = 63.50 dB | SE = 20.778 bit/s/Hz
[31095 ms] [UE 10354] UL: SNR = 52.00 dB | SE = 17.015 bit/s/Hz
[31095 ms] [UE 21661] UL: SNR = 52.50 dB | SE = 17.179 bit/s/Hz
[31206 ms] [UE 61316] UL: SNR = 63.50 dB | SE = 20.778 bit/s/Hz
[31206 ms] [UE 54887] UL: SNR = 63.50 dB | SE = 20.778 bit/s/Hz
[31206 ms] [UE 41999] UL: SNR = 63.50 dB | SE = 20.778 bit/s/Hz
[31206 ms] [UE 10354] UL: SNR = 52.00 dB | SE = 17.015 bit/s/Hz
[31206 ms] [UE 21661] UL: SNR = 52.50 dB | SE = 17.179 bit/s/Hz
[31316 ms] [UE 61316] UL: SNR = 63.50 dB | SE = 20.778 bit/s/Hz
[31316 ms] [UE 54887] UL: SNR = 63.50 dB | SE = 20.778 bit/s/Hz
[31316 ms] [UE 41999] UL: SNR = 63.50 dB | SE = 20.778 bit/s/Hz
[31316 ms] [UE 10354] UL: SNR = 52.00 dB | SE = 17.015 bit/s/Hz
[31316 ms] [UE 21661] UL: SNR = 52.50 dB | SE = 17.179 bit/s/Hz
[31426 ms] [UE 61316] UL: SNR = 63.50 dB | SE = 20.778 bit/s/Hz
[31426 ms] [UE 54887] UL: SNR = 63.50 dB | SE = 20.778 bit/s/Hz
[31426 ms] [UE 41999] UL: SNR = 63.50 dB | SE = 20.778 bit/s/Hz
[31426 ms] [UE 10354] UL: SNR = 52.00 dB | SE = 17.015 bit/s/Hz
[31426 ms] [UE 21661] UL: SNR = 52.50 dB | SE = 17.179 bit/s/Hz
[31536 ms] [UE 61316] UL: SNR = 63.50 dB | SE = 20.778 bit/s/Hz
[31536 ms] [UE 54887] UL: SNR = 63.50 dB | SE = 20.778 bit/s/Hz
[31536 ms] [UE 41999] UL: SNR = 63.50 dB | SE = 20.778 bit/s/Hz
[31536 ms] [UE 10354] UL: SNR = 63.50 dB | SE = 20.778 bit/s/Hz
[31536 ms] [UE 21661] UL: SNR = 52.50 dB | SE = 17.179 bit/s/Hz
[31636 ms] [UE 61316] UL: SNR = 63.50 dB | SE = 20.778 bit/s/Hz
[31636 ms] [UE 54887] UL: SNR = 63.50 dB | SE = 20.778 bit/s/Hz
[31636 ms] [UE 41999] UL: SNR = 63.50 dB | SE = 20.778 bit/s/Hz
[31636 ms] [UE 10354] UL: SNR = 63.50 dB | SE = 20.778 bit/s/Hz
[31636 ms] [UE 21661] UL: SNR = 52.50 dB | SE = 17.179 bit/s/Hz
[31746 ms] [UE 61316] UL: SNR = 63.50 dB | SE = 20.778 bit/s/Hz
[31746 ms] [UE 54887] UL: SNR = 63.50 dB | SE = 20.778 bit/s/Hz
[31746 ms] [UE 41999] UL: SNR = 63.50 dB | SE = 20.778 bit/s/Hz
[31746 ms] [UE 10354] UL: SNR = 63.50 dB | SE = 20.778 bit/s/Hz
[31746 ms] [UE 21661] UL: SNR = 52.50 dB | SE = 17.179 bit/s/Hz
[31855 ms] [UE 61316] UL: SNR = 63.50 dB | SE = 20.778 bit/s/Hz
[31855 ms] [UE 54887] UL: SNR = 63.50 dB | SE = 20.778 bit/s/Hz
[31855 ms] [UE 41999] UL: SNR = 63.50 dB | SE = 20.778 bit/s/Hz
[31855 ms] [UE 10354] UL: SNR = 63.50 dB | SE = 20.778 bit/s/Hz
[31855 ms] [UE 21661] UL: SNR = 52.50 dB | SE = 17.179 bit/s/Hz
[31956 ms] [UE 61316] UL: SNR = 63.50 dB | SE = 20.778 bit/s/Hz
[31956 ms] [UE 54887] UL: SNR = 63.50 dB | SE = 20.778 bit/s/Hz
[31956 ms] [UE 41999] UL: SNR = 63.50 dB | SE = 20.778 bit/s/Hz
[31956 ms] [UE 10354] UL: SNR = 63.50 dB | SE = 20.778 bit/s/Hz
[31956 ms] [UE 21661] UL: SNR = 52.50 dB | SE = 17.179 bit/s/Hz
[32065 ms] [UE 61316] UL: SNR = 63.50 dB | SE = 20.778 bit/s/Hz
[32065 ms] [UE 54887] UL: SNR = 63.50 dB | SE = 20.778 bit/s/Hz
[32065 ms] [UE 41999] UL: SNR = 63.50 dB | SE = 20.778 bit/s/Hz
[32065 ms] [UE 10354] UL: SNR = 63.50 dB | SE = 20.778 bit/s/Hz
[32065 ms] [UE 21661] UL: SNR = 52.50 dB | SE = 17.179 bit/s/Hz
[32165 ms] [UE 61316] UL: SNR = 63.50 dB | SE = 20.778 bit/s/Hz
[32165 ms] [UE 54887] UL: SNR = 63.50 dB | SE = 20.778 bit/s/Hz
[32165 ms] [UE 41999] UL: SNR = 63.50 dB | SE = 20.778 bit/s/Hz
[32165 ms] [UE 10354] UL: SNR = 63.50 dB | SE = 20.778 bit/s/Hz
[32165 ms] [UE 21661] UL: SNR = 52.50 dB | SE = 17.179 bit/s/Hz
[32266 ms] [UE 61316] UL: SNR = 63.50 dB | SE = 20.778 bit/s/Hz
[32266 ms] [UE 54887] UL: SNR = 63.50 dB | SE = 20.778 bit/s/Hz
[32266 ms] [UE 41999] UL: SNR = 63.50 dB | SE = 20.778 bit/s/Hz
[32266 ms] [UE 10354] UL: SNR = 63.50 dB | SE = 20.778 bit/s/Hz
[32266 ms] [UE 21661] UL: SNR = 52.50 dB | SE = 17.179 bit/s/Hz
[32366 ms] [UE 61316] UL: SNR = 63.50 dB | SE = 20.778 bit/s/Hz
[32366 ms] [UE 54887] UL: SNR = 63.50 dB | SE = 20.778 bit/s/Hz
[32366 ms] [UE 41999] UL: SNR = 63.50 dB | SE = 20.778 bit/s/Hz
[32366 ms] [UE 10354] UL: SNR = 63.50 dB | SE = 20.778 bit/s/Hz
[32366 ms] [UE 21661] UL: SNR = 52.50 dB | SE = 17.179 bit/s/Hz
[32475 ms] [UE 61316] UL: SNR = 63.50 dB | SE = 20.778 bit/s/Hz
[32475 ms] [UE 54887] UL: SNR = 63.50 dB | SE = 20.778 bit/s/Hz
[32475 ms] [UE 41999] UL: SNR = 63.50 dB | SE = 20.778 bit/s/Hz
[32475 ms] [UE 10354] UL: SNR = 63.50 dB | SE = 20.778 bit/s/Hz
[32475 ms] [UE 21661] UL: SNR = 52.50 dB | SE = 17.179 bit/s/Hz
[32576 ms] [UE 61316] UL: SNR = 63.50 dB | SE = 20.778 bit/s/Hz
[32576 ms] [UE 54887] UL: SNR = 63.50 dB | SE = 20.778 bit/s/Hz
[32576 ms] [UE 41999] UL: SNR = 63.50 dB | SE = 20.778 bit/s/Hz
[32576 ms] [UE 10354] UL: SNR = 63.50 dB | SE = 20.778 bit/s/Hz
[32576 ms] [UE 21661] UL: SNR = 52.50 dB | SE = 17.179 bit/s/Hz
[32685 ms] [UE 61316] UL: SNR = 63.50 dB | SE = 20.778 bit/s/Hz
[32685 ms] [UE 54887] UL: SNR = 63.50 dB | SE = 20.778 bit/s/Hz
[32685 ms] [UE 41999] UL: SNR = 63.50 dB | SE = 20.778 bit/s/Hz
[32685 ms] [UE 10354] UL: SNR = 63.50 dB | SE = 20.778 bit/s/Hz
[32685 ms] [UE 21661] UL: SNR = 52.50 dB | SE = 17.179 bit/s/Hz
[32785 ms] [UE 61316] UL: SNR = 63.50 dB | SE = 20.778 bit/s/Hz
[32785 ms] [UE 54887] UL: SNR = 63.50 dB | SE = 20.778 bit/s/Hz
[32785 ms] [UE 41999] UL: SNR = 63.50 dB | SE = 20.778 bit/s/Hz
[32785 ms] [UE 10354] UL: SNR = 63.50 dB | SE = 20.778 bit/s/Hz
[32785 ms] [UE 21661] UL: SNR = 52.50 dB | SE = 17.179 bit/s/Hz
[32885 ms] [UE 61316] UL: SNR = 63.50 dB | SE = 20.778 bit/s/Hz
[32885 ms] [UE 54887] UL: SNR = 63.50 dB | SE = 20.778 bit/s/Hz
[32885 ms] [UE 41999] UL: SNR = 63.50 dB | SE = 20.778 bit/s/Hz
[32885 ms] [UE 10354] UL: SNR = 63.50 dB | SE = 20.778 bit/s/Hz
[32885 ms] [UE 21661] UL: SNR = 52.50 dB | SE = 17.179 bit/s/Hz
[32986 ms] [UE 61316] UL: SNR = 63.50 dB | SE = 20.778 bit/s/Hz
[32986 ms] [UE 54887] UL: SNR = 63.50 dB | SE = 20.778 bit/s/Hz
[32986 ms] [UE 41999] UL: SNR = 63.50 dB | SE = 20.778 bit/s/Hz
[32986 ms] [UE 10354] UL: SNR = 63.50 dB | SE = 20.778 bit/s/Hz
[32986 ms] [UE 21661] UL: SNR = 52.50 dB | SE = 17.179 bit/s/Hz
[33096 ms] [UE 61316] UL: SNR = 63.50 dB | SE = 20.778 bit/s/Hz
[33096 ms] [UE 54887] UL: SNR = 63.50 dB | SE = 20.778 bit/s/Hz
[33096 ms] [UE 41999] UL: SNR = 63.50 dB | SE = 20.778 bit/s/Hz
[33096 ms] [UE 10354] UL: SNR = 54.50 dB | SE = 17.833 bit/s/Hz
[33096 ms] [UE 21661] UL: SNR = 53.50 dB | SE = 17.506 bit/s/Hz
[33206 ms] [UE 61316] UL: SNR = 63.50 dB | SE = 20.778 bit/s/Hz
[33206 ms] [UE 54887] UL: SNR = 63.50 dB | SE = 20.778 bit/s/Hz
[33206 ms] [UE 41999] UL: SNR = 63.50 dB | SE = 20.778 bit/s/Hz
[33206 ms] [UE 10354] UL: SNR = 54.50 dB | SE = 17.833 bit/s/Hz
[33206 ms] [UE 21661] UL: SNR = 53.50 dB | SE = 17.506 bit/s/Hz
[33316 ms] [UE 61316] UL: SNR = 63.50 dB | SE = 20.778 bit/s/Hz
[33316 ms] [UE 54887] UL: SNR = 63.50 dB | SE = 20.778 bit/s/Hz
[33316 ms] [UE 41999] UL: SNR = 63.50 dB | SE = 20.778 bit/s/Hz
[33316 ms] [UE 10354] UL: SNR = 54.50 dB | SE = 17.833 bit/s/Hz
[33316 ms] [UE 21661] UL: SNR = 53.50 dB | SE = 17.506 bit/s/Hz
[33416 ms] [UE 61316] UL: SNR = 63.50 dB | SE = 20.778 bit/s/Hz
[33416 ms] [UE 54887] UL: SNR = 63.50 dB | SE = 20.778 bit/s/Hz
[33416 ms] [UE 41999] UL: SNR = 63.50 dB | SE = 20.778 bit/s/Hz
[33416 ms] [UE 10354] UL: SNR = 52.00 dB | SE = 17.015 bit/s/Hz
[33416 ms] [UE 21661] UL: SNR = 52.50 dB | SE = 17.179 bit/s/Hz
[33525 ms] [UE 61316] UL: SNR = 63.50 dB | SE = 20.778 bit/s/Hz
[33525 ms] [UE 54887] UL: SNR = 63.50 dB | SE = 20.778 bit/s/Hz
[33525 ms] [UE 41999] UL: SNR = 63.50 dB | SE = 20.778 bit/s/Hz
[33525 ms] [UE 10354] UL: SNR = 52.00 dB | SE = 17.015 bit/s/Hz
[33525 ms] [UE 21661] UL: SNR = 52.50 dB | SE = 17.179 bit/s/Hz
[33626 ms] [UE 61316] UL: SNR = 63.50 dB | SE = 20.778 bit/s/Hz
[33626 ms] [UE 54887] UL: SNR = 63.50 dB | SE = 20.778 bit/s/Hz
[33626 ms] [UE 41999] UL: SNR = 63.50 dB | SE = 20.778 bit/s/Hz
[33626 ms] [UE 10354] UL: SNR = 52.00 dB | SE = 17.015 bit/s/Hz
[33626 ms] [UE 21661] UL: SNR = 52.50 dB | SE = 17.179 bit/s/Hz
[33735 ms] [UE 61316] UL: SNR = 63.50 dB | SE = 20.778 bit/s/Hz
[33735 ms] [UE 54887] UL: SNR = 63.50 dB | SE = 20.778 bit/s/Hz
[33735 ms] [UE 41999] UL: SNR = 63.50 dB | SE = 20.778 bit/s/Hz
[33735 ms] [UE 10354] UL: SNR = 52.00 dB | SE = 17.015 bit/s/Hz
[33735 ms] [UE 21661] UL: SNR = 52.50 dB | SE = 17.179 bit/s/Hz
[33836 ms] [UE 61316] UL: SNR = 63.50 dB | SE = 20.778 bit/s/Hz
[33836 ms] [UE 54887] UL: SNR = 63.50 dB | SE = 20.778 bit/s/Hz
[33836 ms] [UE 41999] UL: SNR = 63.50 dB | SE = 20.778 bit/s/Hz
[33836 ms] [UE 10354] UL: SNR = 52.00 dB | SE = 17.015 bit/s/Hz
[33836 ms] [UE 21661] UL: SNR = 52.50 dB | SE = 17.179 bit/s/Hz
[33945 ms] [UE 61316] UL: SNR = 63.50 dB | SE = 20.778 bit/s/Hz
[33945 ms] [UE 54887] UL: SNR = 63.50 dB | SE = 20.778 bit/s/Hz
[33945 ms] [UE 41999] UL: SNR = 63.50 dB | SE = 20.778 bit/s/Hz
[33945 ms] [UE 10354] UL: SNR = 52.00 dB | SE = 17.015 bit/s/Hz
[33945 ms] [UE 21661] UL: SNR = 52.50 dB | SE = 17.179 bit/s/Hz
[34045 ms] [UE 61316] UL: SNR = 63.50 dB | SE = 20.778 bit/s/Hz
[34045 ms] [UE 54887] UL: SNR = 63.50 dB | SE = 20.778 bit/s/Hz
[34045 ms] [UE 41999] UL: SNR = 63.50 dB | SE = 20.778 bit/s/Hz
[34045 ms] [UE 10354] UL: SNR = 52.00 dB | SE = 17.015 bit/s/Hz
[34045 ms] [UE 21661] UL: SNR = 52.50 dB | SE = 17.179 bit/s/Hz
[34156 ms] [UE 61316] UL: SNR = 63.50 dB | SE = 20.778 bit/s/Hz
[34156 ms] [UE 54887] UL: SNR = 63.50 dB | SE = 20.778 bit/s/Hz
[34156 ms] [UE 41999] UL: SNR = 63.50 dB | SE = 20.778 bit/s/Hz
[34156 ms] [UE 10354] UL: SNR = 52.00 dB | SE = 17.015 bit/s/Hz
[34156 ms] [UE 21661] UL: SNR = 52.50 dB | SE = 17.179 bit/s/Hz
[34257 ms] [UE 61316] UL: SNR = 63.50 dB | SE = 20.778 bit/s/Hz
[34257 ms] [UE 54887] UL: SNR = 63.50 dB | SE = 20.778 bit/s/Hz
[34257 ms] [UE 41999] UL: SNR = 63.50 dB | SE = 20.778 bit/s/Hz
[34257 ms] [UE 10354] UL: SNR = 52.00 dB | SE = 17.015 bit/s/Hz
[34257 ms] [UE 21661] UL: SNR = 52.50 dB | SE = 17.179 bit/s/Hz
[34365 ms] [UE 61316] UL: SNR = 63.50 dB | SE = 20.778 bit/s/Hz
[34365 ms] [UE 54887] UL: SNR = 63.50 dB | SE = 20.778 bit/s/Hz
[34365 ms] [UE 41999] UL: SNR = 63.50 dB | SE = 20.778 bit/s/Hz
[34365 ms] [UE 10354] UL: SNR = 52.00 dB | SE = 17.015 bit/s/Hz
[34365 ms] [UE 21661] UL: SNR = 52.50 dB | SE = 17.179 bit/s/Hz
[34466 ms] [UE 61316] UL: SNR = 63.50 dB | SE = 20.778 bit/s/Hz
[34466 ms] [UE 54887] UL: SNR = 63.50 dB | SE = 20.778 bit/s/Hz
[34466 ms] [UE 41999] UL: SNR = 63.50 dB | SE = 20.778 bit/s/Hz
[34466 ms] [UE 10354] UL: SNR = 52.00 dB | SE = 17.015 bit/s/Hz
[34466 ms] [UE 21661] UL: SNR = 52.50 dB | SE = 17.179 bit/s/Hz
[34576 ms] [UE 61316] UL: SNR = 63.50 dB | SE = 20.778 bit/s/Hz
[34576 ms] [UE 54887] UL: SNR = 63.50 dB | SE = 20.778 bit/s/Hz
[34576 ms] [UE 41999] UL: SNR = 63.50 dB | SE = 20.778 bit/s/Hz
[34576 ms] [UE 10354] UL: SNR = 52.00 dB | SE = 17.015 bit/s/Hz
[34576 ms] [UE 21661] UL: SNR = 52.50 dB | SE = 17.179 bit/s/Hz
[34685 ms] [UE 61316] UL: SNR = 63.50 dB | SE = 20.778 bit/s/Hz
[34685 ms] [UE 54887] UL: SNR = 63.50 dB | SE = 20.778 bit/s/Hz
[34685 ms] [UE 41999] UL: SNR = 63.50 dB | SE = 20.778 bit/s/Hz
[34685 ms] [UE 10354] UL: SNR = 52.00 dB | SE = 17.015 bit/s/Hz
[34685 ms] [UE 21661] UL: SNR = 52.50 dB | SE = 17.179 bit/s/Hz
[34786 ms] [UE 61316] UL: SNR = 63.50 dB | SE = 20.778 bit/s/Hz
[34786 ms] [UE 54887] UL: SNR = 63.50 dB | SE = 20.778 bit/s/Hz
[34786 ms] [UE 41999] UL: SNR = 63.50 dB | SE = 20.778 bit/s/Hz
[34786 ms] [UE 10354] UL: SNR = 52.00 dB | SE = 17.015 bit/s/Hz
[34786 ms] [UE 21661] UL: SNR = 52.50 dB | SE = 17.179 bit/s/Hz
[34895 ms] [UE 61316] UL: SNR = 63.50 dB | SE = 20.778 bit/s/Hz
[34895 ms] [UE 54887] UL: SNR = 63.50 dB | SE = 20.778 bit/s/Hz
[34895 ms] [UE 41999] UL: SNR = 63.50 dB | SE = 20.778 bit/s/Hz
[34895 ms] [UE 10354] UL: SNR = 52.00 dB | SE = 17.015 bit/s/Hz
[34895 ms] [UE 21661] UL: SNR = 52.50 dB | SE = 17.179 bit/s/Hz
[34995 ms] [UE 61316] UL: SNR = 63.50 dB | SE = 20.778 bit/s/Hz
[34995 ms] [UE 54887] UL: SNR = 63.50 dB | SE = 20.778 bit/s/Hz
[34995 ms] [UE 41999] UL: SNR = 63.50 dB | SE = 20.778 bit/s/Hz
[34995 ms] [UE 10354] UL: SNR = 52.00 dB | SE = 17.015 bit/s/Hz
[34995 ms] [UE 21661] UL: SNR = 52.50 dB | SE = 17.179 bit/s/Hz
[35095 ms] [UE 61316] UL: SNR = 63.50 dB | SE = 20.778 bit/s/Hz
[35095 ms] [UE 54887] UL: SNR = 63.50 dB | SE = 20.778 bit/s/Hz
[35095 ms] [UE 41999] UL: SNR = 63.50 dB | SE = 20.778 bit/s/Hz
[35095 ms] [UE 10354] UL: SNR = 52.00 dB | SE = 17.015 bit/s/Hz
[35095 ms] [UE 21661] UL: SNR = 52.50 dB | SE = 17.179 bit/s/Hz
[35196 ms] [UE 61316] UL: SNR = 63.50 dB | SE = 20.778 bit/s/Hz
[35196 ms] [UE 54887] UL: SNR = 63.50 dB | SE = 20.778 bit/s/Hz
[35196 ms] [UE 41999] UL: SNR = 63.50 dB | SE = 20.778 bit/s/Hz
[35196 ms] [UE 10354] UL: SNR = 52.00 dB | SE = 17.015 bit/s/Hz
[35196 ms] [UE 21661] UL: SNR = 52.50 dB | SE = 17.179 bit/s/Hz
[35296 ms] [UE 61316] UL: SNR = 63.50 dB | SE = 20.778 bit/s/Hz
[35296 ms] [UE 54887] UL: SNR = 63.50 dB | SE = 20.778 bit/s/Hz
[35296 ms] [UE 41999] UL: SNR = 63.50 dB | SE = 20.778 bit/s/Hz
[35296 ms] [UE 10354] UL: SNR = 52.00 dB | SE = 17.015 bit/s/Hz
[35296 ms] [UE 21661] UL: SNR = 52.50 dB | SE = 17.179 bit/s/Hz
[35405 ms] [UE 61316] UL: SNR = 63.50 dB | SE = 20.778 bit/s/Hz
[35405 ms] [UE 54887] UL: SNR = 63.50 dB | SE = 20.778 bit/s/Hz
[35405 ms] [UE 41999] UL: SNR = 63.50 dB | SE = 20.778 bit/s/Hz
[35405 ms] [UE 10354] UL: SNR = 52.00 dB | SE = 17.015 bit/s/Hz
[35405 ms] [UE 21661] UL: SNR = 52.50 dB | SE = 17.179 bit/s/Hz
[35505 ms] [UE 61316] UL: SNR = 63.50 dB | SE = 20.778 bit/s/Hz
[35505 ms] [UE 54887] UL: SNR = 63.50 dB | SE = 20.778 bit/s/Hz
[35505 ms] [UE 41999] UL: SNR = 63.50 dB | SE = 20.778 bit/s/Hz
[35505 ms] [UE 10354] UL: SNR = 52.00 dB | SE = 17.015 bit/s/Hz
[35505 ms] [UE 21661] UL: SNR = 52.50 dB | SE = 17.179 bit/s/Hz
[35616 ms] [UE 61316] UL: SNR = 63.50 dB | SE = 20.778 bit/s/Hz
[35616 ms] [UE 54887] UL: SNR = 63.50 dB | SE = 20.778 bit/s/Hz
[35616 ms] [UE 41999] UL: SNR = 63.50 dB | SE = 20.778 bit/s/Hz
[35616 ms] [UE 10354] UL: SNR = 52.00 dB | SE = 17.015 bit/s/Hz
[35616 ms] [UE 21661] UL: SNR = 52.50 dB | SE = 17.179 bit/s/Hz
[35726 ms] [UE 61316] UL: SNR = 63.50 dB | SE = 20.778 bit/s/Hz
[35726 ms] [UE 54887] UL: SNR = 63.50 dB | SE = 20.778 bit/s/Hz
[35726 ms] [UE 41999] UL: SNR = 63.50 dB | SE = 20.778 bit/s/Hz
[35726 ms] [UE 10354] UL: SNR = 52.00 dB | SE = 17.015 bit/s/Hz
[35726 ms] [UE 21661] UL: SNR = 52.50 dB | SE = 17.179 bit/s/Hz
[35835 ms] [UE 61316] UL: SNR = 63.50 dB | SE = 20.778 bit/s/Hz
[35835 ms] [UE 54887] UL: SNR = 63.50 dB | SE = 20.778 bit/s/Hz
[35835 ms] [UE 41999] UL: SNR = 63.50 dB | SE = 20.778 bit/s/Hz
[35835 ms] [UE 10354] UL: SNR = 52.00 dB | SE = 17.015 bit/s/Hz
[35835 ms] [UE 21661] UL: SNR = 52.50 dB | SE = 17.179 bit/s/Hz
[35936 ms] [UE 61316] UL: SNR = 63.50 dB | SE = 20.778 bit/s/Hz
[35936 ms] [UE 54887] UL: SNR = 63.50 dB | SE = 20.778 bit/s/Hz
[35936 ms] [UE 41999] UL: SNR = 63.50 dB | SE = 20.778 bit/s/Hz
[35936 ms] [UE 10354] UL: SNR = 52.00 dB | SE = 17.015 bit/s/Hz
[35936 ms] [UE 21661] UL: SNR = 52.50 dB | SE = 17.179 bit/s/Hz
[36046 ms] [UE 61316] UL: SNR = 63.50 dB | SE = 20.778 bit/s/Hz
[36046 ms] [UE 54887] UL: SNR = 63.50 dB | SE = 20.778 bit/s/Hz
[36046 ms] [UE 41999] UL: SNR = 63.50 dB | SE = 20.778 bit/s/Hz
[36046 ms] [UE 10354] UL: SNR = 52.00 dB | SE = 17.015 bit/s/Hz
[36046 ms] [UE 21661] UL: SNR = 52.50 dB | SE = 17.179 bit/s/Hz
[36156 ms] [UE 61316] UL: SNR = 63.50 dB | SE = 20.778 bit/s/Hz
[36156 ms] [UE 54887] UL: SNR = 63.50 dB | SE = 20.778 bit/s/Hz
[36156 ms] [UE 41999] UL: SNR = 63.50 dB | SE = 20.778 bit/s/Hz
[36156 ms] [UE 10354] UL: SNR = 52.00 dB | SE = 17.015 bit/s/Hz
[36156 ms] [UE 21661] UL: SNR = 52.50 dB | SE = 17.179 bit/s/Hz
[36265 ms] [UE 61316] UL: SNR = 63.50 dB | SE = 20.778 bit/s/Hz
[36265 ms] [UE 54887] UL: SNR = 63.50 dB | SE = 20.778 bit/s/Hz
[36265 ms] [UE 41999] UL: SNR = 63.50 dB | SE = 20.778 bit/s/Hz
[36265 ms] [UE 10354] UL: SNR = 52.00 dB | SE = 17.015 bit/s/Hz
[36265 ms] [UE 21661] UL: SNR = 52.50 dB | SE = 17.179 bit/s/Hz
[36366 ms] [UE 61316] UL: SNR = 63.50 dB | SE = 20.778 bit/s/Hz
[36366 ms] [UE 54887] UL: SNR = 63.50 dB | SE = 20.778 bit/s/Hz
[36366 ms] [UE 41999] UL: SNR = 63.50 dB | SE = 20.778 bit/s/Hz
[36366 ms] [UE 10354] UL: SNR = 52.00 dB | SE = 17.015 bit/s/Hz
[36366 ms] [UE 21661] UL: SNR = 52.50 dB | SE = 17.179 bit/s/Hz
[36476 ms] [UE 61316] UL: SNR = 63.50 dB | SE = 20.778 bit/s/Hz
[36476 ms] [UE 54887] UL: SNR = 63.50 dB | SE = 20.778 bit/s/Hz
[36476 ms] [UE 41999] UL: SNR = 63.50 dB | SE = 20.778 bit/s/Hz
[36476 ms] [UE 10354] UL: SNR = 52.00 dB | SE = 17.015 bit/s/Hz
[36476 ms] [UE 21661] UL: SNR = 52.50 dB | SE = 17.179 bit/s/Hz
[36586 ms] [UE 61316] UL: SNR = 63.50 dB | SE = 20.778 bit/s/Hz
[36586 ms] [UE 54887] UL: SNR = 63.50 dB | SE = 20.778 bit/s/Hz
[36586 ms] [UE 41999] UL: SNR = 63.50 dB | SE = 20.778 bit/s/Hz
[36586 ms] [UE 10354] UL: SNR = 52.00 dB | SE = 17.015 bit/s/Hz
[36586 ms] [UE 21661] UL: SNR = 52.50 dB | SE = 17.179 bit/s/Hz
[36695 ms] [UE 61316] UL: SNR = 63.50 dB | SE = 20.778 bit/s/Hz
[36695 ms] [UE 54887] UL: SNR = 63.50 dB | SE = 20.778 bit/s/Hz
[36695 ms] [UE 41999] UL: SNR = 63.50 dB | SE = 20.778 bit/s/Hz
[36695 ms] [UE 10354] UL: SNR = 52.00 dB | SE = 17.015 bit/s/Hz
[36695 ms] [UE 21661] UL: SNR = 52.50 dB | SE = 17.179 bit/s/Hz
[36806 ms] [UE 61316] UL: SNR = 63.50 dB | SE = 20.778 bit/s/Hz
[36806 ms] [UE 54887] UL: SNR = 63.50 dB | SE = 20.778 bit/s/Hz
[36806 ms] [UE 41999] UL: SNR = 63.50 dB | SE = 20.778 bit/s/Hz
[36806 ms] [UE 10354] UL: SNR = 52.00 dB | SE = 17.015 bit/s/Hz
[36806 ms] [UE 21661] UL: SNR = 52.50 dB | SE = 17.179 bit/s/Hz
[36915 ms] [UE 61316] UL: SNR = 63.50 dB | SE = 20.778 bit/s/Hz
[36915 ms] [UE 54887] UL: SNR = 63.50 dB | SE = 20.778 bit/s/Hz
[36915 ms] [UE 41999] UL: SNR = 63.50 dB | SE = 20.778 bit/s/Hz
[36915 ms] [UE 10354] UL: SNR = 54.50 dB | SE = 17.833 bit/s/Hz
[36915 ms] [UE 21661] UL: SNR = 52.50 dB | SE = 17.179 bit/s/Hz
[37025 ms] [UE 61316] UL: SNR = 63.50 dB | SE = 20.778 bit/s/Hz
[37025 ms] [UE 54887] UL: SNR = 63.50 dB | SE = 20.778 bit/s/Hz
[37025 ms] [UE 41999] UL: SNR = 63.50 dB | SE = 20.778 bit/s/Hz
[37025 ms] [UE 10354] UL: SNR = 54.50 dB | SE = 17.833 bit/s/Hz
[37025 ms] [UE 21661] UL: SNR = 52.50 dB | SE = 17.179 bit/s/Hz
[37135 ms] [UE 61316] UL: SNR = 63.50 dB | SE = 20.778 bit/s/Hz
[37135 ms] [UE 54887] UL: SNR = 63.50 dB | SE = 20.778 bit/s/Hz
[37135 ms] [UE 41999] UL: SNR = 63.50 dB | SE = 20.778 bit/s/Hz
[37135 ms] [UE 10354] UL: SNR = 52.00 dB | SE = 17.015 bit/s/Hz
[37135 ms] [UE 21661] UL: SNR = 52.50 dB | SE = 17.179 bit/s/Hz
[37236 ms] [UE 61316] UL: SNR = 63.50 dB | SE = 20.778 bit/s/Hz
[37236 ms] [UE 54887] UL: SNR = 63.50 dB | SE = 20.778 bit/s/Hz
[37236 ms] [UE 41999] UL: SNR = 63.50 dB | SE = 20.778 bit/s/Hz
[37236 ms] [UE 10354] UL: SNR = 52.00 dB | SE = 17.015 bit/s/Hz
[37236 ms] [UE 21661] UL: SNR = 52.50 dB | SE = 17.179 bit/s/Hz
[37346 ms] [UE 61316] UL: SNR = 63.50 dB | SE = 20.778 bit/s/Hz
[37346 ms] [UE 54887] UL: SNR = 63.50 dB | SE = 20.778 bit/s/Hz
[37346 ms] [UE 41999] UL: SNR = 63.50 dB | SE = 20.778 bit/s/Hz
[37346 ms] [UE 10354] UL: SNR = 52.00 dB | SE = 17.015 bit/s/Hz
[37346 ms] [UE 21661] UL: SNR = 52.50 dB | SE = 17.179 bit/s/Hz
[37456 ms] [UE 61316] UL: SNR = 63.50 dB | SE = 20.778 bit/s/Hz
[37456 ms] [UE 54887] UL: SNR = 63.50 dB | SE = 20.778 bit/s/Hz
[37456 ms] [UE 41999] UL: SNR = 63.50 dB | SE = 20.778 bit/s/Hz
[37456 ms] [UE 10354] UL: SNR = 52.00 dB | SE = 17.015 bit/s/Hz
[37456 ms] [UE 21661] UL: SNR = 52.50 dB | SE = 17.179 bit/s/Hz
[37565 ms] [UE 61316] UL: SNR = 63.50 dB | SE = 20.778 bit/s/Hz
[37565 ms] [UE 54887] UL: SNR = 63.50 dB | SE = 20.778 bit/s/Hz
[37565 ms] [UE 41999] UL: SNR = 63.50 dB | SE = 20.778 bit/s/Hz
[37565 ms] [UE 10354] UL: SNR = 52.00 dB | SE = 17.015 bit/s/Hz
[37565 ms] [UE 21661] UL: SNR = 52.50 dB | SE = 17.179 bit/s/Hz
[37675 ms] [UE 61316] UL: SNR = 63.50 dB | SE = 20.778 bit/s/Hz
[37675 ms] [UE 54887] UL: SNR = 63.50 dB | SE = 20.778 bit/s/Hz
[37675 ms] [UE 41999] UL: SNR = 63.50 dB | SE = 20.778 bit/s/Hz
[37675 ms] [UE 10354] UL: SNR = 52.00 dB | SE = 17.015 bit/s/Hz
[37675 ms] [UE 21661] UL: SNR = 52.50 dB | SE = 17.179 bit/s/Hz
[37776 ms] [UE 61316] UL: SNR = 63.50 dB | SE = 20.778 bit/s/Hz
[37776 ms] [UE 54887] UL: SNR = 63.50 dB | SE = 20.778 bit/s/Hz
[37776 ms] [UE 41999] UL: SNR = 63.50 dB | SE = 20.778 bit/s/Hz
[37776 ms] [UE 10354] UL: SNR = 52.00 dB | SE = 17.015 bit/s/Hz
[37776 ms] [UE 21661] UL: SNR = 52.50 dB | SE = 17.179 bit/s/Hz
[37885 ms] [UE 61316] UL: SNR = 63.50 dB | SE = 20.778 bit/s/Hz
[37885 ms] [UE 54887] UL: SNR = 63.50 dB | SE = 20.778 bit/s/Hz
[37885 ms] [UE 41999] UL: SNR = 63.50 dB | SE = 20.778 bit/s/Hz
[37885 ms] [UE 10354] UL: SNR = 52.00 dB | SE = 17.015 bit/s/Hz
[37885 ms] [UE 21661] UL: SNR = 52.50 dB | SE = 17.179 bit/s/Hz
[37986 ms] [UE 61316] UL: SNR = 63.50 dB | SE = 20.778 bit/s/Hz
[37986 ms] [UE 54887] UL: SNR = 63.50 dB | SE = 20.778 bit/s/Hz
[37986 ms] [UE 41999] UL: SNR = 63.50 dB | SE = 20.778 bit/s/Hz
[37986 ms] [UE 10354] UL: SNR = 52.00 dB | SE = 17.015 bit/s/Hz
[37986 ms] [UE 21661] UL: SNR = 52.50 dB | SE = 17.179 bit/s/Hz
[38086 ms] [UE 61316] UL: SNR = 63.50 dB | SE = 20.778 bit/s/Hz
[38086 ms] [UE 54887] UL: SNR = 63.50 dB | SE = 20.778 bit/s/Hz
[38086 ms] [UE 41999] UL: SNR = 63.50 dB | SE = 20.778 bit/s/Hz
[38086 ms] [UE 10354] UL: SNR = 52.00 dB | SE = 17.015 bit/s/Hz
[38086 ms] [UE 21661] UL: SNR = 52.50 dB | SE = 17.179 bit/s/Hz
[38186 ms] [UE 61316] UL: SNR = 63.50 dB | SE = 20.778 bit/s/Hz
[38186 ms] [UE 54887] UL: SNR = 63.50 dB | SE = 20.778 bit/s/Hz
[38186 ms] [UE 41999] UL: SNR = 63.50 dB | SE = 20.778 bit/s/Hz
[38186 ms] [UE 10354] UL: SNR = 52.00 dB | SE = 17.015 bit/s/Hz
[38186 ms] [UE 21661] UL: SNR = 52.50 dB | SE = 17.179 bit/s/Hz
[38296 ms] [UE 61316] UL: SNR = 63.50 dB | SE = 20.778 bit/s/Hz
[38296 ms] [UE 54887] UL: SNR = 63.50 dB | SE = 20.778 bit/s/Hz
[38296 ms] [UE 41999] UL: SNR = 63.50 dB | SE = 20.778 bit/s/Hz
[38296 ms] [UE 10354] UL: SNR = 52.00 dB | SE = 17.015 bit/s/Hz
[38296 ms] [UE 21661] UL: SNR = 52.50 dB | SE = 17.179 bit/s/Hz
[38406 ms] [UE 61316] UL: SNR = 63.50 dB | SE = 20.778 bit/s/Hz
[38406 ms] [UE 54887] UL: SNR = 63.50 dB | SE = 20.778 bit/s/Hz
[38406 ms] [UE 41999] UL: SNR = 63.50 dB | SE = 20.778 bit/s/Hz
[38406 ms] [UE 10354] UL: SNR = 52.00 dB | SE = 17.015 bit/s/Hz
[38406 ms] [UE 21661] UL: SNR = 52.50 dB | SE = 17.179 bit/s/Hz
[38515 ms] [UE 61316] UL: SNR = 63.50 dB | SE = 20.778 bit/s/Hz
[38515 ms] [UE 54887] UL: SNR = 63.50 dB | SE = 20.778 bit/s/Hz
[38515 ms] [UE 41999] UL: SNR = 63.50 dB | SE = 20.778 bit/s/Hz
[38515 ms] [UE 10354] UL: SNR = 52.00 dB | SE = 17.015 bit/s/Hz
[38515 ms] [UE 21661] UL: SNR = 52.50 dB | SE = 17.179 bit/s/Hz
[38616 ms] [UE 61316] UL: SNR = 63.50 dB | SE = 20.778 bit/s/Hz
[38616 ms] [UE 54887] UL: SNR = 63.50 dB | SE = 20.778 bit/s/Hz
[38616 ms] [UE 41999] UL: SNR = 63.50 dB | SE = 20.778 bit/s/Hz
[38616 ms] [UE 10354] UL: SNR = 52.00 dB | SE = 17.015 bit/s/Hz
[38616 ms] [UE 21661] UL: SNR = 52.50 dB | SE = 17.179 bit/s/Hz
[38726 ms] [UE 61316] UL: SNR = 63.50 dB | SE = 20.778 bit/s/Hz
[38726 ms] [UE 54887] UL: SNR = 63.50 dB | SE = 20.778 bit/s/Hz
[38726 ms] [UE 41999] UL: SNR = 63.50 dB | SE = 20.778 bit/s/Hz
[38726 ms] [UE 10354] UL: SNR = 52.00 dB | SE = 17.015 bit/s/Hz
[38726 ms] [UE 21661] UL: SNR = 52.50 dB | SE = 17.179 bit/s/Hz
[38826 ms] [UE 61316] UL: SNR = 63.50 dB | SE = 20.778 bit/s/Hz
[38826 ms] [UE 54887] UL: SNR = 63.50 dB | SE = 20.778 bit/s/Hz
[38826 ms] [UE 41999] UL: SNR = 63.50 dB | SE = 20.778 bit/s/Hz
[38826 ms] [UE 10354] UL: SNR = 52.00 dB | SE = 17.015 bit/s/Hz
[38826 ms] [UE 21661] UL: SNR = 52.50 dB | SE = 17.179 bit/s/Hz
[38936 ms] [UE 61316] UL: SNR = 63.50 dB | SE = 20.778 bit/s/Hz
[38936 ms] [UE 54887] UL: SNR = 63.50 dB | SE = 20.778 bit/s/Hz
[38936 ms] [UE 41999] UL: SNR = 63.50 dB | SE = 20.778 bit/s/Hz
[38936 ms] [UE 10354] UL: SNR = 52.00 dB | SE = 17.015 bit/s/Hz
[38936 ms] [UE 21661] UL: SNR = 52.50 dB | SE = 17.179 bit/s/Hz
[39046 ms] [UE 61316] UL: SNR = 63.50 dB | SE = 20.778 bit/s/Hz
[39046 ms] [UE 54887] UL: SNR = 63.50 dB | SE = 20.778 bit/s/Hz
[39046 ms] [UE 41999] UL: SNR = 63.50 dB | SE = 20.778 bit/s/Hz
[39046 ms] [UE 10354] UL: SNR = 52.00 dB | SE = 17.015 bit/s/Hz
[39046 ms] [UE 21661] UL: SNR = 52.50 dB | SE = 17.179 bit/s/Hz
[39155 ms] [UE 61316] UL: SNR = 63.50 dB | SE = 20.778 bit/s/Hz
[39155 ms] [UE 54887] UL: SNR = 63.50 dB | SE = 20.778 bit/s/Hz
[39155 ms] [UE 41999] UL: SNR = 63.50 dB | SE = 20.778 bit/s/Hz
[39155 ms] [UE 10354] UL: SNR = 52.00 dB | SE = 17.015 bit/s/Hz
[39155 ms] [UE 21661] UL: SNR = 52.50 dB | SE = 17.179 bit/s/Hz
[39256 ms] [UE 61316] UL: SNR = 63.50 dB | SE = 20.778 bit/s/Hz
[39256 ms] [UE 54887] UL: SNR = 63.50 dB | SE = 20.778 bit/s/Hz
[39256 ms] [UE 41999] UL: SNR = 63.50 dB | SE = 20.778 bit/s/Hz
[39256 ms] [UE 10354] UL: SNR = 52.00 dB | SE = 17.015 bit/s/Hz
[39256 ms] [UE 21661] UL: SNR = 52.50 dB | SE = 17.179 bit/s/Hz
[39358 ms] [UE 61316] UL: SNR = 63.50 dB | SE = 20.778 bit/s/Hz
[39358 ms] [UE 54887] UL: SNR = 63.50 dB | SE = 20.778 bit/s/Hz
[39358 ms] [UE 41999] UL: SNR = 63.50 dB | SE = 20.778 bit/s/Hz
[39358 ms] [UE 10354] UL: SNR = 52.00 dB | SE = 17.015 bit/s/Hz
[39358 ms] [UE 21661] UL: SNR = 52.50 dB | SE = 17.179 bit/s/Hz
[39466 ms] [UE 61316] UL: SNR = 63.50 dB | SE = 20.778 bit/s/Hz
[39466 ms] [UE 54887] UL: SNR = 63.50 dB | SE = 20.778 bit/s/Hz
[39466 ms] [UE 41999] UL: SNR = 63.50 dB | SE = 20.778 bit/s/Hz
[39466 ms] [UE 10354] UL: SNR = 52.00 dB | SE = 17.015 bit/s/Hz
[39466 ms] [UE 21661] UL: SNR = 52.50 dB | SE = 17.179 bit/s/Hz
[39576 ms] [UE 61316] UL: SNR = 63.50 dB | SE = 20.778 bit/s/Hz
[39576 ms] [UE 54887] UL: SNR = 63.50 dB | SE = 20.778 bit/s/Hz
[39576 ms] [UE 41999] UL: SNR = 63.50 dB | SE = 20.778 bit/s/Hz
[39576 ms] [UE 10354] UL: SNR = 52.00 dB | SE = 17.015 bit/s/Hz
[39576 ms] [UE 21661] UL: SNR = 52.50 dB | SE = 17.179 bit/s/Hz
[39686 ms] [UE 61316] UL: SNR = 63.50 dB | SE = 20.778 bit/s/Hz
[39686 ms] [UE 54887] UL: SNR = 63.50 dB | SE = 20.778 bit/s/Hz
[39686 ms] [UE 41999] UL: SNR = 63.50 dB | SE = 20.778 bit/s/Hz
[39686 ms] [UE 10354] UL: SNR = 52.00 dB | SE = 17.015 bit/s/Hz
[39686 ms] [UE 21661] UL: SNR = 52.50 dB | SE = 17.179 bit/s/Hz
[39796 ms] [UE 61316] UL: SNR = 63.50 dB | SE = 20.778 bit/s/Hz
[39796 ms] [UE 54887] UL: SNR = 63.50 dB | SE = 20.778 bit/s/Hz
[39796 ms] [UE 41999] UL: SNR = 63.50 dB | SE = 20.778 bit/s/Hz
[39796 ms] [UE 10354] UL: SNR = 52.00 dB | SE = 17.015 bit/s/Hz
[39796 ms] [UE 21661] UL: SNR = 52.50 dB | SE = 17.179 bit/s/Hz
[39896 ms] [UE 61316] UL: SNR = 63.50 dB | SE = 20.778 bit/s/Hz
[39896 ms] [UE 54887] UL: SNR = 63.50 dB | SE = 20.778 bit/s/Hz
[39896 ms] [UE 41999] UL: SNR = 63.50 dB | SE = 20.778 bit/s/Hz
[39896 ms] [UE 10354] UL: SNR = 52.00 dB | SE = 17.015 bit/s/Hz
[39896 ms] [UE 21661] UL: SNR = 52.50 dB | SE = 17.179 bit/s/Hz
[39996 ms] [UE 61316] UL: SNR = 63.50 dB | SE = 20.778 bit/s/Hz
[39996 ms] [UE 54887] UL: SNR = 63.50 dB | SE = 20.778 bit/s/Hz
[39996 ms] [UE 41999] UL: SNR = 63.50 dB | SE = 20.778 bit/s/Hz
[39996 ms] [UE 10354] UL: SNR = 52.00 dB | SE = 17.015 bit/s/Hz
[39996 ms] [UE 21661] UL: SNR = 52.50 dB | SE = 17.179 bit/s/Hz
[40106 ms] [UE 61316] UL: SNR = 63.50 dB | SE = 20.778 bit/s/Hz
[40106 ms] [UE 54887] UL: SNR = 63.50 dB | SE = 20.778 bit/s/Hz
[40106 ms] [UE 41999] UL: SNR = 63.50 dB | SE = 20.778 bit/s/Hz
[40106 ms] [UE 10354] UL: SNR = 52.00 dB | SE = 17.015 bit/s/Hz
[40106 ms] [UE 21661] UL: SNR = 52.50 dB | SE = 17.179 bit/s/Hz
[40216 ms] [UE 61316] UL: SNR = 63.50 dB | SE = 20.778 bit/s/Hz
[40216 ms] [UE 54887] UL: SNR = 63.50 dB | SE = 20.778 bit/s/Hz
[40216 ms] [UE 41999] UL: SNR = 63.50 dB | SE = 20.778 bit/s/Hz
[40216 ms] [UE 10354] UL: SNR = 52.00 dB | SE = 17.015 bit/s/Hz
[40216 ms] [UE 21661] UL: SNR = 52.50 dB | SE = 17.179 bit/s/Hz
[40326 ms] [UE 61316] UL: SNR = 63.50 dB | SE = 20.778 bit/s/Hz
[40326 ms] [UE 54887] UL: SNR = 63.50 dB | SE = 20.778 bit/s/Hz
[40326 ms] [UE 41999] UL: SNR = 63.50 dB | SE = 20.778 bit/s/Hz
[40326 ms] [UE 10354] UL: SNR = 52.00 dB | SE = 17.015 bit/s/Hz
[40326 ms] [UE 21661] UL: SNR = 52.50 dB | SE = 17.179 bit/s/Hz
[40426 ms] [UE 61316] UL: SNR = 63.50 dB | SE = 20.778 bit/s/Hz
[40426 ms] [UE 54887] UL: SNR = 63.50 dB | SE = 20.778 bit/s/Hz
[40426 ms] [UE 41999] UL: SNR = 63.50 dB | SE = 20.778 bit/s/Hz
[40426 ms] [UE 10354] UL: SNR = 52.00 dB | SE = 17.015 bit/s/Hz
[40426 ms] [UE 21661] UL: SNR = 52.50 dB | SE = 17.179 bit/s/Hz
[40536 ms] [UE 61316] UL: SNR = 63.50 dB | SE = 20.778 bit/s/Hz
[40536 ms] [UE 54887] UL: SNR = 63.50 dB | SE = 20.778 bit/s/Hz
[40536 ms] [UE 41999] UL: SNR = 63.50 dB | SE = 20.778 bit/s/Hz
[40536 ms] [UE 10354] UL: SNR = 54.50 dB | SE = 17.833 bit/s/Hz
[40536 ms] [UE 21661] UL: SNR = 52.50 dB | SE = 17.179 bit/s/Hz
[40645 ms] [UE 61316] UL: SNR = 63.50 dB | SE = 20.778 bit/s/Hz
[40645 ms] [UE 54887] UL: SNR = 63.50 dB | SE = 20.778 bit/s/Hz
[40645 ms] [UE 41999] UL: SNR = 63.50 dB | SE = 20.778 bit/s/Hz
[40645 ms] [UE 10354] UL: SNR = 54.50 dB | SE = 17.833 bit/s/Hz
[40645 ms] [UE 21661] UL: SNR = 52.50 dB | SE = 17.179 bit/s/Hz
[40746 ms] [UE 61316] UL: SNR = 63.50 dB | SE = 20.778 bit/s/Hz
[40746 ms] [UE 54887] UL: SNR = 63.50 dB | SE = 20.778 bit/s/Hz
[40746 ms] [UE 41999] UL: SNR = 63.50 dB | SE = 20.778 bit/s/Hz
[40746 ms] [UE 10354] UL: SNR = 52.00 dB | SE = 17.015 bit/s/Hz
[40746 ms] [UE 21661] UL: SNR = 52.50 dB | SE = 17.179 bit/s/Hz
[40856 ms] [UE 61316] UL: SNR = 63.50 dB | SE = 20.778 bit/s/Hz
[40856 ms] [UE 54887] UL: SNR = 63.50 dB | SE = 20.778 bit/s/Hz
[40856 ms] [UE 41999] UL: SNR = 63.50 dB | SE = 20.778 bit/s/Hz
[40856 ms] [UE 10354] UL: SNR = 52.00 dB | SE = 17.015 bit/s/Hz
[40856 ms] [UE 21661] UL: SNR = 52.50 dB | SE = 17.179 bit/s/Hz
[40956 ms] [UE 61316] UL: SNR = 63.50 dB | SE = 20.778 bit/s/Hz
[40956 ms] [UE 54887] UL: SNR = 63.50 dB | SE = 20.778 bit/s/Hz
[40956 ms] [UE 41999] UL: SNR = 63.50 dB | SE = 20.778 bit/s/Hz
[40956 ms] [UE 10354] UL: SNR = 52.00 dB | SE = 17.015 bit/s/Hz
[40956 ms] [UE 21661] UL: SNR = 52.50 dB | SE = 17.179 bit/s/Hz
[41066 ms] [UE 61316] UL: SNR = 63.50 dB | SE = 20.778 bit/s/Hz
[41066 ms] [UE 54887] UL: SNR = 63.50 dB | SE = 20.778 bit/s/Hz
[41066 ms] [UE 41999] UL: SNR = 63.50 dB | SE = 20.778 bit/s/Hz
[41066 ms] [UE 10354] UL: SNR = 52.00 dB | SE = 17.015 bit/s/Hz
[41066 ms] [UE 21661] UL: SNR = 52.50 dB | SE = 17.179 bit/s/Hz
[41166 ms] [UE 61316] UL: SNR = 63.50 dB | SE = 20.778 bit/s/Hz
[41166 ms] [UE 54887] UL: SNR = 63.50 dB | SE = 20.778 bit/s/Hz
[41166 ms] [UE 41999] UL: SNR = 63.50 dB | SE = 20.778 bit/s/Hz
[41166 ms] [UE 10354] UL: SNR = 52.00 dB | SE = 17.015 bit/s/Hz
[41166 ms] [UE 21661] UL: SNR = 52.50 dB | SE = 17.179 bit/s/Hz
[41276 ms] [UE 61316] UL: SNR = 63.50 dB | SE = 20.778 bit/s/Hz
[41276 ms] [UE 54887] UL: SNR = 63.50 dB | SE = 20.778 bit/s/Hz
[41276 ms] [UE 41999] UL: SNR = 63.50 dB | SE = 20.778 bit/s/Hz
[41276 ms] [UE 10354] UL: SNR = 52.00 dB | SE = 17.015 bit/s/Hz
[41276 ms] [UE 21661] UL: SNR = 52.50 dB | SE = 17.179 bit/s/Hz
[41386 ms] [UE 61316] UL: SNR = 63.50 dB | SE = 20.778 bit/s/Hz
[41386 ms] [UE 54887] UL: SNR = 63.50 dB | SE = 20.778 bit/s/Hz
[41386 ms] [UE 41999] UL: SNR = 63.50 dB | SE = 20.778 bit/s/Hz
[41386 ms] [UE 10354] UL: SNR = 52.00 dB | SE = 17.015 bit/s/Hz
[41386 ms] [UE 21661] UL: SNR = 52.50 dB | SE = 17.179 bit/s/Hz
[41496 ms] [UE 61316] UL: SNR = 63.50 dB | SE = 20.778 bit/s/Hz
[41496 ms] [UE 54887] UL: SNR = 63.50 dB | SE = 20.778 bit/s/Hz
[41496 ms] [UE 41999] UL: SNR = 63.50 dB | SE = 20.778 bit/s/Hz
[41496 ms] [UE 10354] UL: SNR = 52.00 dB | SE = 17.015 bit/s/Hz
[41496 ms] [UE 21661] UL: SNR = 52.50 dB | SE = 17.179 bit/s/Hz
[41596 ms] [UE 61316] UL: SNR = 63.50 dB | SE = 20.778 bit/s/Hz
[41596 ms] [UE 54887] UL: SNR = 63.50 dB | SE = 20.778 bit/s/Hz
[41596 ms] [UE 41999] UL: SNR = 63.50 dB | SE = 20.778 bit/s/Hz
[41596 ms] [UE 10354] UL: SNR = 52.00 dB | SE = 17.015 bit/s/Hz
[41596 ms] [UE 21661] UL: SNR = 52.50 dB | SE = 17.179 bit/s/Hz
[41706 ms] [UE 61316] UL: SNR = 63.50 dB | SE = 20.778 bit/s/Hz
[41706 ms] [UE 54887] UL: SNR = 63.50 dB | SE = 20.778 bit/s/Hz
[41706 ms] [UE 41999] UL: SNR = 63.50 dB | SE = 20.778 bit/s/Hz
[41706 ms] [UE 10354] UL: SNR = 52.00 dB | SE = 17.015 bit/s/Hz
[41706 ms] [UE 21661] UL: SNR = 52.50 dB | SE = 17.179 bit/s/Hz
[41815 ms] [UE 61316] UL: SNR = 63.50 dB | SE = 20.778 bit/s/Hz
[41815 ms] [UE 54887] UL: SNR = 63.50 dB | SE = 20.778 bit/s/Hz
[41815 ms] [UE 41999] UL: SNR = 63.50 dB | SE = 20.778 bit/s/Hz
[41815 ms] [UE 10354] UL: SNR = 52.00 dB | SE = 17.015 bit/s/Hz
[41815 ms] [UE 21661] UL: SNR = 52.50 dB | SE = 17.179 bit/s/Hz
[41915 ms] [UE 61316] UL: SNR = 63.50 dB | SE = 20.778 bit/s/Hz
[41915 ms] [UE 54887] UL: SNR = 63.50 dB | SE = 20.778 bit/s/Hz
[41915 ms] [UE 41999] UL: SNR = 63.50 dB | SE = 20.778 bit/s/Hz
[41915 ms] [UE 10354] UL: SNR = 52.00 dB | SE = 17.015 bit/s/Hz
[41915 ms] [UE 21661] UL: SNR = 52.50 dB | SE = 17.179 bit/s/Hz
[42016 ms] [UE 61316] UL: SNR = 63.50 dB | SE = 20.778 bit/s/Hz
[42016 ms] [UE 54887] UL: SNR = 63.50 dB | SE = 20.778 bit/s/Hz
[42016 ms] [UE 41999] UL: SNR = 63.50 dB | SE = 20.778 bit/s/Hz
[42016 ms] [UE 10354] UL: SNR = 52.00 dB | SE = 17.015 bit/s/Hz
[42016 ms] [UE 21661] UL: SNR = 52.50 dB | SE = 17.179 bit/s/Hz
[42116 ms] [UE 61316] UL: SNR = 63.50 dB | SE = 20.778 bit/s/Hz
[42116 ms] [UE 54887] UL: SNR = 63.50 dB | SE = 20.778 bit/s/Hz
[42116 ms] [UE 41999] UL: SNR = 63.50 dB | SE = 20.778 bit/s/Hz
[42116 ms] [UE 10354] UL: SNR = 52.00 dB | SE = 17.015 bit/s/Hz
[42116 ms] [UE 21661] UL: SNR = 52.50 dB | SE = 17.179 bit/s/Hz
[42216 ms] [UE 61316] UL: SNR = 63.50 dB | SE = 20.778 bit/s/Hz
[42216 ms] [UE 54887] UL: SNR = 63.50 dB | SE = 20.778 bit/s/Hz
[42216 ms] [UE 41999] UL: SNR = 63.50 dB | SE = 20.778 bit/s/Hz
[42216 ms] [UE 10354] UL: SNR = 52.00 dB | SE = 17.015 bit/s/Hz
[42216 ms] [UE 21661] UL: SNR = 52.50 dB | SE = 17.179 bit/s/Hz
[42325 ms] [UE 61316] UL: SNR = 63.50 dB | SE = 20.778 bit/s/Hz
[42325 ms] [UE 54887] UL: SNR = 63.50 dB | SE = 20.778 bit/s/Hz
[42325 ms] [UE 41999] UL: SNR = 63.50 dB | SE = 20.778 bit/s/Hz
[42325 ms] [UE 10354] UL: SNR = 52.00 dB | SE = 17.015 bit/s/Hz
[42325 ms] [UE 21661] UL: SNR = 52.50 dB | SE = 17.179 bit/s/Hz
[42426 ms] [UE 61316] UL: SNR = 63.50 dB | SE = 20.778 bit/s/Hz
[42426 ms] [UE 54887] UL: SNR = 63.50 dB | SE = 20.778 bit/s/Hz
[42426 ms] [UE 41999] UL: SNR = 63.50 dB | SE = 20.778 bit/s/Hz
[42426 ms] [UE 10354] UL: SNR = 52.00 dB | SE = 17.015 bit/s/Hz
[42426 ms] [UE 21661] UL: SNR = 52.50 dB | SE = 17.179 bit/s/Hz
[42526 ms] [UE 61316] UL: SNR = 63.50 dB | SE = 20.778 bit/s/Hz
[42526 ms] [UE 54887] UL: SNR = 63.50 dB | SE = 20.778 bit/s/Hz
[42526 ms] [UE 41999] UL: SNR = 63.50 dB | SE = 20.778 bit/s/Hz
[42526 ms] [UE 10354] UL: SNR = 52.00 dB | SE = 17.015 bit/s/Hz
[42526 ms] [UE 21661] UL: SNR = 52.50 dB | SE = 17.179 bit/s/Hz
[42636 ms] [UE 61316] UL: SNR = 63.50 dB | SE = 20.778 bit/s/Hz
[42636 ms] [UE 54887] UL: SNR = 63.50 dB | SE = 20.778 bit/s/Hz
[42636 ms] [UE 41999] UL: SNR = 63.50 dB | SE = 20.778 bit/s/Hz
[42636 ms] [UE 10354] UL: SNR = 52.00 dB | SE = 17.015 bit/s/Hz
[42636 ms] [UE 21661] UL: SNR = 52.50 dB | SE = 17.179 bit/s/Hz
[42736 ms] [UE 61316] UL: SNR = 63.50 dB | SE = 20.778 bit/s/Hz
[42736 ms] [UE 54887] UL: SNR = 63.50 dB | SE = 20.778 bit/s/Hz
[42736 ms] [UE 41999] UL: SNR = 63.50 dB | SE = 20.778 bit/s/Hz
[42736 ms] [UE 10354] UL: SNR = 52.00 dB | SE = 17.015 bit/s/Hz
[42736 ms] [UE 21661] UL: SNR = 52.50 dB | SE = 17.179 bit/s/Hz
[42846 ms] [UE 61316] UL: SNR = 63.50 dB | SE = 20.778 bit/s/Hz
[42846 ms] [UE 54887] UL: SNR = 63.50 dB | SE = 20.778 bit/s/Hz
[42846 ms] [UE 41999] UL: SNR = 63.50 dB | SE = 20.778 bit/s/Hz
[42846 ms] [UE 10354] UL: SNR = 52.00 dB | SE = 17.015 bit/s/Hz
[42846 ms] [UE 21661] UL: SNR = 52.50 dB | SE = 17.179 bit/s/Hz
[42946 ms] [UE 61316] UL: SNR = 63.50 dB | SE = 20.778 bit/s/Hz
[42946 ms] [UE 54887] UL: SNR = 63.50 dB | SE = 20.778 bit/s/Hz
[42946 ms] [UE 41999] UL: SNR = 63.50 dB | SE = 20.778 bit/s/Hz
[42946 ms] [UE 10354] UL: SNR = 52.00 dB | SE = 17.015 bit/s/Hz
[42946 ms] [UE 21661] UL: SNR = 52.50 dB | SE = 17.179 bit/s/Hz
[43046 ms] [UE 61316] UL: SNR = 63.50 dB | SE = 20.778 bit/s/Hz
[43046 ms] [UE 54887] UL: SNR = 63.50 dB | SE = 20.778 bit/s/Hz
[43046 ms] [UE 41999] UL: SNR = 63.50 dB | SE = 20.778 bit/s/Hz
[43046 ms] [UE 10354] UL: SNR = 52.00 dB | SE = 17.015 bit/s/Hz
[43046 ms] [UE 21661] UL: SNR = 52.50 dB | SE = 17.179 bit/s/Hz
[43156 ms] [UE 61316] UL: SNR = 63.50 dB | SE = 20.778 bit/s/Hz
[43156 ms] [UE 54887] UL: SNR = 63.50 dB | SE = 20.778 bit/s/Hz
[43156 ms] [UE 41999] UL: SNR = 63.50 dB | SE = 20.778 bit/s/Hz
[43156 ms] [UE 10354] UL: SNR = 52.00 dB | SE = 17.015 bit/s/Hz
[43156 ms] [UE 21661] UL: SNR = 52.50 dB | SE = 17.179 bit/s/Hz
[43256 ms] [UE 61316] UL: SNR = 63.50 dB | SE = 20.778 bit/s/Hz
[43256 ms] [UE 54887] UL: SNR = 63.50 dB | SE = 20.778 bit/s/Hz
[43256 ms] [UE 41999] UL: SNR = 63.50 dB | SE = 20.778 bit/s/Hz
[43256 ms] [UE 10354] UL: SNR = 52.00 dB | SE = 17.015 bit/s/Hz
[43256 ms] [UE 21661] UL: SNR = 52.50 dB | SE = 17.179 bit/s/Hz
[43356 ms] [UE 61316] UL: SNR = 63.50 dB | SE = 20.778 bit/s/Hz
[43356 ms] [UE 54887] UL: SNR = 63.50 dB | SE = 20.778 bit/s/Hz
[43356 ms] [UE 41999] UL: SNR = 63.50 dB | SE = 20.778 bit/s/Hz
[43356 ms] [UE 10354] UL: SNR = 52.00 dB | SE = 17.015 bit/s/Hz
[43356 ms] [UE 21661] UL: SNR = 52.50 dB | SE = 17.179 bit/s/Hz
[43456 ms] [UE 61316] UL: SNR = 63.50 dB | SE = 20.778 bit/s/Hz
[43456 ms] [UE 54887] UL: SNR = 63.50 dB | SE = 20.778 bit/s/Hz
[43456 ms] [UE 41999] UL: SNR = 63.50 dB | SE = 20.778 bit/s/Hz
[43456 ms] [UE 10354] UL: SNR = 52.00 dB | SE = 17.015 bit/s/Hz
[43456 ms] [UE 21661] UL: SNR = 52.50 dB | SE = 17.179 bit/s/Hz
[43567 ms] [UE 61316] UL: SNR = 63.50 dB | SE = 20.778 bit/s/Hz
[43567 ms] [UE 54887] UL: SNR = 63.50 dB | SE = 20.778 bit/s/Hz
[43567 ms] [UE 41999] UL: SNR = 63.50 dB | SE = 20.778 bit/s/Hz
[43567 ms] [UE 10354] UL: SNR = 52.00 dB | SE = 17.015 bit/s/Hz
[43567 ms] [UE 21661] UL: SNR = 52.50 dB | SE = 17.179 bit/s/Hz
[43676 ms] [UE 61316] UL: SNR = 63.50 dB | SE = 20.778 bit/s/Hz
[43676 ms] [UE 54887] UL: SNR = 63.50 dB | SE = 20.778 bit/s/Hz
[43676 ms] [UE 41999] UL: SNR = 63.50 dB | SE = 20.778 bit/s/Hz
[43676 ms] [UE 10354] UL: SNR = 52.00 dB | SE = 17.015 bit/s/Hz
[43676 ms] [UE 21661] UL: SNR = 52.50 dB | SE = 17.179 bit/s/Hz
[43785 ms] [UE 61316] UL: SNR = 63.50 dB | SE = 20.778 bit/s/Hz
[43785 ms] [UE 54887] UL: SNR = 63.50 dB | SE = 20.778 bit/s/Hz
[43785 ms] [UE 41999] UL: SNR = 63.50 dB | SE = 20.778 bit/s/Hz
[43785 ms] [UE 10354] UL: SNR = 52.00 dB | SE = 17.015 bit/s/Hz
[43785 ms] [UE 21661] UL: SNR = 52.50 dB | SE = 17.179 bit/s/Hz
[43887 ms] [UE 61316] UL: SNR = 63.50 dB | SE = 20.778 bit/s/Hz
[43887 ms] [UE 54887] UL: SNR = 63.50 dB | SE = 20.778 bit/s/Hz
[43887 ms] [UE 41999] UL: SNR = 63.50 dB | SE = 20.778 bit/s/Hz
[43887 ms] [UE 10354] UL: SNR = 52.00 dB | SE = 17.015 bit/s/Hz
[43887 ms] [UE 21661] UL: SNR = 52.50 dB | SE = 17.179 bit/s/Hz
[43996 ms] [UE 61316] UL: SNR = 63.50 dB | SE = 20.778 bit/s/Hz
[43996 ms] [UE 54887] UL: SNR = 63.50 dB | SE = 20.778 bit/s/Hz
[43996 ms] [UE 41999] UL: SNR = 63.50 dB | SE = 20.778 bit/s/Hz
[43996 ms] [UE 10354] UL: SNR = 52.00 dB | SE = 17.015 bit/s/Hz
[43996 ms] [UE 21661] UL: SNR = 52.50 dB | SE = 17.179 bit/s/Hz
[44106 ms] [UE 61316] UL: SNR = 63.50 dB | SE = 20.778 bit/s/Hz
[44106 ms] [UE 54887] UL: SNR = 63.50 dB | SE = 20.778 bit/s/Hz
[44106 ms] [UE 41999] UL: SNR = 63.50 dB | SE = 20.778 bit/s/Hz
[44106 ms] [UE 10354] UL: SNR = 52.00 dB | SE = 17.015 bit/s/Hz
[44106 ms] [UE 21661] UL: SNR = 52.50 dB | SE = 17.179 bit/s/Hz
[44206 ms] [UE 61316] UL: SNR = 63.50 dB | SE = 20.778 bit/s/Hz
[44206 ms] [UE 54887] UL: SNR = 63.50 dB | SE = 20.778 bit/s/Hz
[44206 ms] [UE 41999] UL: SNR = 63.50 dB | SE = 20.778 bit/s/Hz
[44206 ms] [UE 10354] UL: SNR = 52.00 dB | SE = 17.015 bit/s/Hz
[44206 ms] [UE 21661] UL: SNR = 52.50 dB | SE = 17.179 bit/s/Hz
[44306 ms] [UE 61316] UL: SNR = 63.50 dB | SE = 20.778 bit/s/Hz
[44306 ms] [UE 54887] UL: SNR = 63.50 dB | SE = 20.778 bit/s/Hz
[44306 ms] [UE 41999] UL: SNR = 63.50 dB | SE = 20.778 bit/s/Hz
[44306 ms] [UE 10354] UL: SNR = 52.00 dB | SE = 17.015 bit/s/Hz
[44306 ms] [UE 21661] UL: SNR = 52.50 dB | SE = 17.179 bit/s/Hz
[44416 ms] [UE 61316] UL: SNR = 63.50 dB | SE = 20.778 bit/s/Hz
[44416 ms] [UE 54887] UL: SNR = 63.50 dB | SE = 20.778 bit/s/Hz
[44416 ms] [UE 41999] UL: SNR = 63.50 dB | SE = 20.778 bit/s/Hz
[44416 ms] [UE 10354] UL: SNR = 54.50 dB | SE = 17.833 bit/s/Hz
[44416 ms] [UE 21661] UL: SNR = 52.50 dB | SE = 17.179 bit/s/Hz
[44526 ms] [UE 61316] UL: SNR = 63.50 dB | SE = 20.778 bit/s/Hz
[44526 ms] [UE 54887] UL: SNR = 63.50 dB | SE = 20.778 bit/s/Hz
[44526 ms] [UE 41999] UL: SNR = 63.50 dB | SE = 20.778 bit/s/Hz
[44526 ms] [UE 10354] UL: SNR = 54.50 dB | SE = 17.833 bit/s/Hz
[44526 ms] [UE 21661] UL: SNR = 52.50 dB | SE = 17.179 bit/s/Hz
[44637 ms] [UE 61316] UL: SNR = 63.50 dB | SE = 20.778 bit/s/Hz
[44637 ms] [UE 54887] UL: SNR = 63.50 dB | SE = 20.778 bit/s/Hz
[44637 ms] [UE 41999] UL: SNR = 63.50 dB | SE = 20.778 bit/s/Hz
[44637 ms] [UE 10354] UL: SNR = 52.00 dB | SE = 17.015 bit/s/Hz
[44637 ms] [UE 21661] UL: SNR = 52.50 dB | SE = 17.179 bit/s/Hz
[44746 ms] [UE 61316] UL: SNR = 63.50 dB | SE = 20.778 bit/s/Hz
[44746 ms] [UE 54887] UL: SNR = 63.50 dB | SE = 20.778 bit/s/Hz
[44746 ms] [UE 41999] UL: SNR = 63.50 dB | SE = 20.778 bit/s/Hz
[44746 ms] [UE 10354] UL: SNR = 52.00 dB | SE = 17.015 bit/s/Hz
[44746 ms] [UE 21661] UL: SNR = 52.50 dB | SE = 17.179 bit/s/Hz
[44855 ms] [UE 61316] UL: SNR = 63.50 dB | SE = 20.778 bit/s/Hz
[44855 ms] [UE 54887] UL: SNR = 63.50 dB | SE = 20.778 bit/s/Hz
[44855 ms] [UE 41999] UL: SNR = 63.50 dB | SE = 20.778 bit/s/Hz
[44855 ms] [UE 10354] UL: SNR = 52.00 dB | SE = 17.015 bit/s/Hz
[44855 ms] [UE 21661] UL: SNR = 52.50 dB | SE = 17.179 bit/s/Hz
[44955 ms] [UE 61316] UL: SNR = 63.50 dB | SE = 20.778 bit/s/Hz
[44955 ms] [UE 54887] UL: SNR = 63.50 dB | SE = 20.778 bit/s/Hz
[44955 ms] [UE 41999] UL: SNR = 63.50 dB | SE = 20.778 bit/s/Hz
[44955 ms] [UE 10354] UL: SNR = 52.00 dB | SE = 17.015 bit/s/Hz
[44955 ms] [UE 21661] UL: SNR = 52.50 dB | SE = 17.179 bit/s/Hz
[45056 ms] [UE 61316] UL: SNR = 63.50 dB | SE = 20.778 bit/s/Hz
[45056 ms] [UE 54887] UL: SNR = 63.50 dB | SE = 20.778 bit/s/Hz
[45056 ms] [UE 41999] UL: SNR = 63.50 dB | SE = 20.778 bit/s/Hz
[45056 ms] [UE 10354] UL: SNR = 52.00 dB | SE = 17.015 bit/s/Hz
[45056 ms] [UE 21661] UL: SNR = 52.50 dB | SE = 17.179 bit/s/Hz
[45165 ms] [UE 61316] UL: SNR = 63.50 dB | SE = 20.778 bit/s/Hz
[45165 ms] [UE 54887] UL: SNR = 63.50 dB | SE = 20.778 bit/s/Hz
[45165 ms] [UE 41999] UL: SNR = 63.50 dB | SE = 20.778 bit/s/Hz
[45165 ms] [UE 10354] UL: SNR = 52.00 dB | SE = 17.015 bit/s/Hz
[45165 ms] [UE 21661] UL: SNR = 52.50 dB | SE = 17.179 bit/s/Hz
[45266 ms] [UE 61316] UL: SNR = 63.50 dB | SE = 20.778 bit/s/Hz
[45266 ms] [UE 54887] UL: SNR = 63.50 dB | SE = 20.778 bit/s/Hz
[45266 ms] [UE 41999] UL: SNR = 63.50 dB | SE = 20.778 bit/s/Hz
[45266 ms] [UE 10354] UL: SNR = 52.00 dB | SE = 17.015 bit/s/Hz
[45266 ms] [UE 21661] UL: SNR = 52.50 dB | SE = 17.179 bit/s/Hz
[45375 ms] [UE 61316] UL: SNR = 63.50 dB | SE = 20.778 bit/s/Hz
[45375 ms] [UE 54887] UL: SNR = 63.50 dB | SE = 20.778 bit/s/Hz
[45375 ms] [UE 41999] UL: SNR = 63.50 dB | SE = 20.778 bit/s/Hz
[45375 ms] [UE 10354] UL: SNR = 52.00 dB | SE = 17.015 bit/s/Hz
[45375 ms] [UE 21661] UL: SNR = 52.50 dB | SE = 17.179 bit/s/Hz
[45476 ms] [UE 61316] UL: SNR = 63.50 dB | SE = 20.778 bit/s/Hz
[45476 ms] [UE 54887] UL: SNR = 63.50 dB | SE = 20.778 bit/s/Hz
[45476 ms] [UE 41999] UL: SNR = 63.50 dB | SE = 20.778 bit/s/Hz
[45476 ms] [UE 10354] UL: SNR = 52.00 dB | SE = 17.015 bit/s/Hz
[45476 ms] [UE 21661] UL: SNR = 52.50 dB | SE = 17.179 bit/s/Hz
[45576 ms] [UE 61316] UL: SNR = 63.50 dB | SE = 20.778 bit/s/Hz
[45576 ms] [UE 54887] UL: SNR = 63.50 dB | SE = 20.778 bit/s/Hz
[45576 ms] [UE 41999] UL: SNR = 63.50 dB | SE = 20.778 bit/s/Hz
[45576 ms] [UE 10354] UL: SNR = 52.00 dB | SE = 17.015 bit/s/Hz
[45576 ms] [UE 21661] UL: SNR = 52.50 dB | SE = 17.179 bit/s/Hz
[45676 ms] [UE 61316] UL: SNR = 63.50 dB | SE = 20.778 bit/s/Hz
[45676 ms] [UE 54887] UL: SNR = 63.50 dB | SE = 20.778 bit/s/Hz
[45676 ms] [UE 41999] UL: SNR = 63.50 dB | SE = 20.778 bit/s/Hz
[45676 ms] [UE 10354] UL: SNR = 52.00 dB | SE = 17.015 bit/s/Hz
[45676 ms] [UE 21661] UL: SNR = 52.50 dB | SE = 17.179 bit/s/Hz
[45785 ms] [UE 61316] UL: SNR = 63.50 dB | SE = 20.778 bit/s/Hz
[45785 ms] [UE 54887] UL: SNR = 63.50 dB | SE = 20.778 bit/s/Hz
[45785 ms] [UE 41999] UL: SNR = 63.50 dB | SE = 20.778 bit/s/Hz
[45785 ms] [UE 10354] UL: SNR = 52.00 dB | SE = 17.015 bit/s/Hz
[45785 ms] [UE 21661] UL: SNR = 52.50 dB | SE = 17.179 bit/s/Hz
[45885 ms] [UE 61316] UL: SNR = 63.50 dB | SE = 20.778 bit/s/Hz
[45885 ms] [UE 54887] UL: SNR = 63.50 dB | SE = 20.778 bit/s/Hz
[45885 ms] [UE 41999] UL: SNR = 63.50 dB | SE = 20.778 bit/s/Hz
[45885 ms] [UE 10354] UL: SNR = 52.00 dB | SE = 17.015 bit/s/Hz
[45885 ms] [UE 21661] UL: SNR = 52.50 dB | SE = 17.179 bit/s/Hz
[45986 ms] [UE 61316] UL: SNR = 63.50 dB | SE = 20.778 bit/s/Hz
[45986 ms] [UE 54887] UL: SNR = 63.50 dB | SE = 20.778 bit/s/Hz
[45986 ms] [UE 41999] UL: SNR = 63.50 dB | SE = 20.778 bit/s/Hz
[45986 ms] [UE 10354] UL: SNR = 52.00 dB | SE = 17.015 bit/s/Hz
[45986 ms] [UE 21661] UL: SNR = 52.50 dB | SE = 17.179 bit/s/Hz
[46086 ms] [UE 61316] UL: SNR = 63.50 dB | SE = 20.778 bit/s/Hz
[46086 ms] [UE 54887] UL: SNR = 63.50 dB | SE = 20.778 bit/s/Hz
[46086 ms] [UE 41999] UL: SNR = 63.50 dB | SE = 20.778 bit/s/Hz
[46086 ms] [UE 10354] UL: SNR = 52.00 dB | SE = 17.015 bit/s/Hz
[46086 ms] [UE 21661] UL: SNR = 52.50 dB | SE = 17.179 bit/s/Hz
[46196 ms] [UE 61316] UL: SNR = 63.50 dB | SE = 20.778 bit/s/Hz
[46196 ms] [UE 54887] UL: SNR = 63.50 dB | SE = 20.778 bit/s/Hz
[46196 ms] [UE 41999] UL: SNR = 63.50 dB | SE = 20.778 bit/s/Hz
[46196 ms] [UE 10354] UL: SNR = 52.00 dB | SE = 17.015 bit/s/Hz
[46196 ms] [UE 21661] UL: SNR = 52.50 dB | SE = 17.179 bit/s/Hz
[46305 ms] [UE 61316] UL: SNR = 63.50 dB | SE = 20.778 bit/s/Hz
[46305 ms] [UE 54887] UL: SNR = 63.50 dB | SE = 20.778 bit/s/Hz
[46305 ms] [UE 41999] UL: SNR = 63.50 dB | SE = 20.778 bit/s/Hz
[46305 ms] [UE 10354] UL: SNR = 52.00 dB | SE = 17.015 bit/s/Hz
[46305 ms] [UE 21661] UL: SNR = 52.50 dB | SE = 17.179 bit/s/Hz
[46405 ms] [UE 61316] UL: SNR = 63.50 dB | SE = 20.778 bit/s/Hz
[46405 ms] [UE 54887] UL: SNR = 63.50 dB | SE = 20.778 bit/s/Hz
[46405 ms] [UE 41999] UL: SNR = 63.50 dB | SE = 20.778 bit/s/Hz
[46405 ms] [UE 10354] UL: SNR = 52.00 dB | SE = 17.015 bit/s/Hz
[46405 ms] [UE 21661] UL: SNR = 52.50 dB | SE = 17.179 bit/s/Hz
[46515 ms] [UE 61316] UL: SNR = 63.50 dB | SE = 20.778 bit/s/Hz
[46515 ms] [UE 54887] UL: SNR = 63.50 dB | SE = 20.778 bit/s/Hz
[46515 ms] [UE 41999] UL: SNR = 63.50 dB | SE = 20.778 bit/s/Hz
[46515 ms] [UE 10354] UL: SNR = 52.00 dB | SE = 17.015 bit/s/Hz
[46515 ms] [UE 21661] UL: SNR = 52.50 dB | SE = 17.179 bit/s/Hz
[46616 ms] [UE 61316] UL: SNR = 63.50 dB | SE = 20.778 bit/s/Hz
[46616 ms] [UE 54887] UL: SNR = 63.50 dB | SE = 20.778 bit/s/Hz
[46616 ms] [UE 41999] UL: SNR = 63.50 dB | SE = 20.778 bit/s/Hz
[46616 ms] [UE 10354] UL: SNR = 52.00 dB | SE = 17.015 bit/s/Hz
[46616 ms] [UE 21661] UL: SNR = 52.50 dB | SE = 17.179 bit/s/Hz
[46726 ms] [UE 61316] UL: SNR = 63.50 dB | SE = 20.778 bit/s/Hz
[46726 ms] [UE 54887] UL: SNR = 63.50 dB | SE = 20.778 bit/s/Hz
[46726 ms] [UE 41999] UL: SNR = 63.50 dB | SE = 20.778 bit/s/Hz
[46726 ms] [UE 10354] UL: SNR = 52.00 dB | SE = 17.015 bit/s/Hz
[46726 ms] [UE 21661] UL: SNR = 52.50 dB | SE = 17.179 bit/s/Hz
[46826 ms] [UE 61316] UL: SNR = 63.50 dB | SE = 20.778 bit/s/Hz
[46826 ms] [UE 54887] UL: SNR = 63.50 dB | SE = 20.778 bit/s/Hz
[46826 ms] [UE 41999] UL: SNR = 63.50 dB | SE = 20.778 bit/s/Hz
[46826 ms] [UE 10354] UL: SNR = 52.00 dB | SE = 17.015 bit/s/Hz
[46826 ms] [UE 21661] UL: SNR = 52.50 dB | SE = 17.179 bit/s/Hz
[46936 ms] [UE 61316] UL: SNR = 63.50 dB | SE = 20.778 bit/s/Hz
[46936 ms] [UE 54887] UL: SNR = 63.50 dB | SE = 20.778 bit/s/Hz
[46936 ms] [UE 41999] UL: SNR = 63.50 dB | SE = 20.778 bit/s/Hz
[46936 ms] [UE 10354] UL: SNR = 52.00 dB | SE = 17.015 bit/s/Hz
[46936 ms] [UE 21661] UL: SNR = 52.50 dB | SE = 17.179 bit/s/Hz
[47036 ms] [UE 61316] UL: SNR = 63.50 dB | SE = 20.778 bit/s/Hz
[47036 ms] [UE 54887] UL: SNR = 63.50 dB | SE = 20.778 bit/s/Hz
[47036 ms] [UE 41999] UL: SNR = 63.50 dB | SE = 20.778 bit/s/Hz
[47036 ms] [UE 10354] UL: SNR = 52.00 dB | SE = 17.015 bit/s/Hz
[47036 ms] [UE 21661] UL: SNR = 52.50 dB | SE = 17.179 bit/s/Hz
[47146 ms] [UE 61316] UL: SNR = 63.50 dB | SE = 20.778 bit/s/Hz
[47146 ms] [UE 54887] UL: SNR = 63.50 dB | SE = 20.778 bit/s/Hz
[47146 ms] [UE 41999] UL: SNR = 63.50 dB | SE = 20.778 bit/s/Hz
[47146 ms] [UE 10354] UL: SNR = 52.00 dB | SE = 17.015 bit/s/Hz
[47146 ms] [UE 21661] UL: SNR = 52.50 dB | SE = 17.179 bit/s/Hz
[47255 ms] [UE 61316] UL: SNR = 63.50 dB | SE = 20.778 bit/s/Hz
[47255 ms] [UE 54887] UL: SNR = 63.50 dB | SE = 20.778 bit/s/Hz
[47255 ms] [UE 41999] UL: SNR = 63.50 dB | SE = 20.778 bit/s/Hz
[47255 ms] [UE 10354] UL: SNR = 52.00 dB | SE = 17.015 bit/s/Hz
[47255 ms] [UE 21661] UL: SNR = 52.50 dB | SE = 17.179 bit/s/Hz
[47356 ms] [UE 61316] UL: SNR = 63.50 dB | SE = 20.778 bit/s/Hz
[47356 ms] [UE 54887] UL: SNR = 63.50 dB | SE = 20.778 bit/s/Hz
[47356 ms] [UE 41999] UL: SNR = 63.50 dB | SE = 20.778 bit/s/Hz
[47356 ms] [UE 10354] UL: SNR = 52.00 dB | SE = 17.015 bit/s/Hz
[47356 ms] [UE 21661] UL: SNR = 52.50 dB | SE = 17.179 bit/s/Hz
[47466 ms] [UE 61316] UL: SNR = 63.50 dB | SE = 20.778 bit/s/Hz
[47466 ms] [UE 54887] UL: SNR = 63.50 dB | SE = 20.778 bit/s/Hz
[47466 ms] [UE 41999] UL: SNR = 63.50 dB | SE = 20.778 bit/s/Hz
[47466 ms] [UE 10354] UL: SNR = 52.00 dB | SE = 17.015 bit/s/Hz
[47466 ms] [UE 21661] UL: SNR = 52.50 dB | SE = 17.179 bit/s/Hz
[47566 ms] [UE 61316] UL: SNR = 63.50 dB | SE = 20.778 bit/s/Hz
[47566 ms] [UE 54887] UL: SNR = 63.50 dB | SE = 20.778 bit/s/Hz
[47566 ms] [UE 41999] UL: SNR = 63.50 dB | SE = 20.778 bit/s/Hz
[47566 ms] [UE 10354] UL: SNR = 52.00 dB | SE = 17.015 bit/s/Hz
[47566 ms] [UE 21661] UL: SNR = 52.50 dB | SE = 17.179 bit/s/Hz
[47676 ms] [UE 61316] UL: SNR = 63.50 dB | SE = 20.778 bit/s/Hz
[47676 ms] [UE 54887] UL: SNR = 63.50 dB | SE = 20.778 bit/s/Hz
[47676 ms] [UE 41999] UL: SNR = 63.50 dB | SE = 20.778 bit/s/Hz
[47676 ms] [UE 10354] UL: SNR = 52.00 dB | SE = 17.015 bit/s/Hz
[47676 ms] [UE 21661] UL: SNR = 52.50 dB | SE = 17.179 bit/s/Hz
[47786 ms] [UE 61316] UL: SNR = 63.50 dB | SE = 20.778 bit/s/Hz
[47786 ms] [UE 54887] UL: SNR = 63.50 dB | SE = 20.778 bit/s/Hz
[47786 ms] [UE 41999] UL: SNR = 63.50 dB | SE = 20.778 bit/s/Hz
[47786 ms] [UE 10354] UL: SNR = 52.00 dB | SE = 17.015 bit/s/Hz
[47786 ms] [UE 21661] UL: SNR = 52.50 dB | SE = 17.179 bit/s/Hz
[47896 ms] [UE 61316] UL: SNR = 63.50 dB | SE = 20.778 bit/s/Hz
[47896 ms] [UE 54887] UL: SNR = 63.50 dB | SE = 20.778 bit/s/Hz
[47896 ms] [UE 41999] UL: SNR = 63.50 dB | SE = 20.778 bit/s/Hz
[47896 ms] [UE 10354] UL: SNR = 52.00 dB | SE = 17.015 bit/s/Hz
[47896 ms] [UE 21661] UL: SNR = 52.50 dB | SE = 17.179 bit/s/Hz
[47996 ms] [UE 61316] UL: SNR = 63.50 dB | SE = 20.778 bit/s/Hz
[47996 ms] [UE 54887] UL: SNR = 63.50 dB | SE = 20.778 bit/s/Hz
[47996 ms] [UE 41999] UL: SNR = 63.50 dB | SE = 20.778 bit/s/Hz
[47996 ms] [UE 10354] UL: SNR = 52.00 dB | SE = 17.015 bit/s/Hz
[47996 ms] [UE 21661] UL: SNR = 52.50 dB | SE = 17.179 bit/s/Hz
[48106 ms] [UE 61316] UL: SNR = 63.50 dB | SE = 20.778 bit/s/Hz
[48106 ms] [UE 54887] UL: SNR = 63.50 dB | SE = 20.778 bit/s/Hz
[48106 ms] [UE 41999] UL: SNR = 63.50 dB | SE = 20.778 bit/s/Hz
[48106 ms] [UE 10354] UL: SNR = 54.50 dB | SE = 17.833 bit/s/Hz
[48106 ms] [UE 21661] UL: SNR = 52.50 dB | SE = 17.179 bit/s/Hz
[48206 ms] [UE 61316] UL: SNR = 63.50 dB | SE = 20.778 bit/s/Hz
[48206 ms] [UE 54887] UL: SNR = 63.50 dB | SE = 20.778 bit/s/Hz
[48206 ms] [UE 41999] UL: SNR = 63.50 dB | SE = 20.778 bit/s/Hz
[48206 ms] [UE 10354] UL: SNR = 54.50 dB | SE = 17.833 bit/s/Hz
[48206 ms] [UE 21661] UL: SNR = 52.50 dB | SE = 17.179 bit/s/Hz
[48316 ms] [UE 61316] UL: SNR = 63.50 dB | SE = 20.778 bit/s/Hz
[48316 ms] [UE 54887] UL: SNR = 63.50 dB | SE = 20.778 bit/s/Hz
[48316 ms] [UE 41999] UL: SNR = 63.50 dB | SE = 20.778 bit/s/Hz
[48316 ms] [UE 10354] UL: SNR = 52.00 dB | SE = 17.015 bit/s/Hz
[48316 ms] [UE 21661] UL: SNR = 52.50 dB | SE = 17.179 bit/s/Hz
[48426 ms] [UE 61316] UL: SNR = 63.50 dB | SE = 20.778 bit/s/Hz
[48426 ms] [UE 54887] UL: SNR = 63.50 dB | SE = 20.778 bit/s/Hz
[48426 ms] [UE 41999] UL: SNR = 63.50 dB | SE = 20.778 bit/s/Hz
[48426 ms] [UE 10354] UL: SNR = 52.00 dB | SE = 17.015 bit/s/Hz
[48426 ms] [UE 21661] UL: SNR = 52.50 dB | SE = 17.179 bit/s/Hz
[48536 ms] [UE 61316] UL: SNR = 63.50 dB | SE = 20.778 bit/s/Hz
[48536 ms] [UE 54887] UL: SNR = 63.50 dB | SE = 20.778 bit/s/Hz
[48536 ms] [UE 41999] UL: SNR = 63.50 dB | SE = 20.778 bit/s/Hz
[48536 ms] [UE 10354] UL: SNR = 52.00 dB | SE = 17.015 bit/s/Hz
[48536 ms] [UE 21661] UL: SNR = 52.50 dB | SE = 17.179 bit/s/Hz
[48636 ms] [UE 61316] UL: SNR = 63.50 dB | SE = 20.778 bit/s/Hz
[48636 ms] [UE 54887] UL: SNR = 63.50 dB | SE = 20.778 bit/s/Hz
[48636 ms] [UE 41999] UL: SNR = 63.50 dB | SE = 20.778 bit/s/Hz
[48636 ms] [UE 10354] UL: SNR = 52.00 dB | SE = 17.015 bit/s/Hz
[48636 ms] [UE 21661] UL: SNR = 52.50 dB | SE = 17.179 bit/s/Hz
[48736 ms] [UE 61316] UL: SNR = 63.50 dB | SE = 20.778 bit/s/Hz
[48736 ms] [UE 54887] UL: SNR = 63.50 dB | SE = 20.778 bit/s/Hz
[48736 ms] [UE 41999] UL: SNR = 63.50 dB | SE = 20.778 bit/s/Hz
[48736 ms] [UE 10354] UL: SNR = 52.00 dB | SE = 17.015 bit/s/Hz
[48736 ms] [UE 21661] UL: SNR = 52.50 dB | SE = 17.179 bit/s/Hz
[48845 ms] [UE 61316] UL: SNR = 63.50 dB | SE = 20.778 bit/s/Hz
[48845 ms] [UE 54887] UL: SNR = 63.50 dB | SE = 20.778 bit/s/Hz
[48845 ms] [UE 41999] UL: SNR = 63.50 dB | SE = 20.778 bit/s/Hz
[48845 ms] [UE 10354] UL: SNR = 52.00 dB | SE = 17.015 bit/s/Hz
[48845 ms] [UE 21661] UL: SNR = 52.50 dB | SE = 17.179 bit/s/Hz
[48946 ms] [UE 61316] UL: SNR = 63.50 dB | SE = 20.778 bit/s/Hz
[48946 ms] [UE 54887] UL: SNR = 63.50 dB | SE = 20.778 bit/s/Hz
[48946 ms] [UE 41999] UL: SNR = 63.50 dB | SE = 20.778 bit/s/Hz
[48946 ms] [UE 10354] UL: SNR = 52.00 dB | SE = 17.015 bit/s/Hz
[48946 ms] [UE 21661] UL: SNR = 52.50 dB | SE = 17.179 bit/s/Hz
[49056 ms] [UE 61316] UL: SNR = 63.50 dB | SE = 20.778 bit/s/Hz
[49056 ms] [UE 54887] UL: SNR = 63.50 dB | SE = 20.778 bit/s/Hz
[49056 ms] [UE 41999] UL: SNR = 63.50 dB | SE = 20.778 bit/s/Hz
[49056 ms] [UE 10354] UL: SNR = 52.00 dB | SE = 17.015 bit/s/Hz
[49056 ms] [UE 21661] UL: SNR = 52.50 dB | SE = 17.179 bit/s/Hz
[49166 ms] [UE 61316] UL: SNR = 63.50 dB | SE = 20.778 bit/s/Hz
[49166 ms] [UE 54887] UL: SNR = 63.50 dB | SE = 20.778 bit/s/Hz
[49166 ms] [UE 41999] UL: SNR = 63.50 dB | SE = 20.778 bit/s/Hz
[49166 ms] [UE 10354] UL: SNR = 52.00 dB | SE = 17.015 bit/s/Hz
[49166 ms] [UE 21661] UL: SNR = 52.50 dB | SE = 17.179 bit/s/Hz
[49276 ms] [UE 61316] UL: SNR = 63.50 dB | SE = 20.778 bit/s/Hz
[49276 ms] [UE 54887] UL: SNR = 63.50 dB | SE = 20.778 bit/s/Hz
[49276 ms] [UE 41999] UL: SNR = 63.50 dB | SE = 20.778 bit/s/Hz
[49276 ms] [UE 10354] UL: SNR = 52.00 dB | SE = 17.015 bit/s/Hz
[49276 ms] [UE 21661] UL: SNR = 52.50 dB | SE = 17.179 bit/s/Hz
[49376 ms] [UE 61316] UL: SNR = 63.50 dB | SE = 20.778 bit/s/Hz
[49376 ms] [UE 54887] UL: SNR = 63.50 dB | SE = 20.778 bit/s/Hz
[49376 ms] [UE 41999] UL: SNR = 63.50 dB | SE = 20.778 bit/s/Hz
[49376 ms] [UE 10354] UL: SNR = 52.00 dB | SE = 17.015 bit/s/Hz
[49376 ms] [UE 21661] UL: SNR = 52.50 dB | SE = 17.179 bit/s/Hz
[49486 ms] [UE 61316] UL: SNR = 63.50 dB | SE = 20.778 bit/s/Hz
[49486 ms] [UE 54887] UL: SNR = 63.50 dB | SE = 20.778 bit/s/Hz
[49486 ms] [UE 41999] UL: SNR = 63.50 dB | SE = 20.778 bit/s/Hz
[49486 ms] [UE 10354] UL: SNR = 52.00 dB | SE = 17.015 bit/s/Hz
[49486 ms] [UE 21661] UL: SNR = 52.50 dB | SE = 17.179 bit/s/Hz
[49596 ms] [UE 61316] UL: SNR = 63.50 dB | SE = 20.778 bit/s/Hz
[49596 ms] [UE 54887] UL: SNR = 63.50 dB | SE = 20.778 bit/s/Hz
[49596 ms] [UE 41999] UL: SNR = 63.50 dB | SE = 20.778 bit/s/Hz
[49596 ms] [UE 10354] UL: SNR = 52.00 dB | SE = 17.015 bit/s/Hz
[49596 ms] [UE 21661] UL: SNR = 52.50 dB | SE = 17.179 bit/s/Hz
[49706 ms] [UE 61316] UL: SNR = 63.50 dB | SE = 20.778 bit/s/Hz
[49706 ms] [UE 54887] UL: SNR = 63.50 dB | SE = 20.778 bit/s/Hz
[49706 ms] [UE 41999] UL: SNR = 63.50 dB | SE = 20.778 bit/s/Hz
[49706 ms] [UE 10354] UL: SNR = 52.00 dB | SE = 17.015 bit/s/Hz
[49706 ms] [UE 21661] UL: SNR = 52.50 dB | SE = 17.179 bit/s/Hz
[49806 ms] [UE 61316] UL: SNR = 63.50 dB | SE = 20.778 bit/s/Hz
[49806 ms] [UE 54887] UL: SNR = 63.50 dB | SE = 20.778 bit/s/Hz
[49806 ms] [UE 41999] UL: SNR = 63.50 dB | SE = 20.778 bit/s/Hz
[49806 ms] [UE 10354] UL: SNR = 52.00 dB | SE = 17.015 bit/s/Hz
[49806 ms] [UE 21661] UL: SNR = 52.50 dB | SE = 17.179 bit/s/Hz
[49916 ms] [UE 61316] UL: SNR = 63.50 dB | SE = 20.778 bit/s/Hz
[49916 ms] [UE 54887] UL: SNR = 63.50 dB | SE = 20.778 bit/s/Hz
[49916 ms] [UE 41999] UL: SNR = 63.50 dB | SE = 20.778 bit/s/Hz
[49916 ms] [UE 10354] UL: SNR = 52.00 dB | SE = 17.015 bit/s/Hz
[49916 ms] [UE 21661] UL: SNR = 52.50 dB | SE = 17.179 bit/s/Hz
[50026 ms] [UE 61316] UL: SNR = 63.50 dB | SE = 20.778 bit/s/Hz
[50026 ms] [UE 54887] UL: SNR = 63.50 dB | SE = 20.778 bit/s/Hz
[50026 ms] [UE 41999] UL: SNR = 63.50 dB | SE = 20.778 bit/s/Hz
[50026 ms] [UE 10354] UL: SNR = 52.00 dB | SE = 17.015 bit/s/Hz
[50026 ms] [UE 21661] UL: SNR = 52.50 dB | SE = 17.179 bit/s/Hz
[50126 ms] [UE 61316] UL: SNR = 63.50 dB | SE = 20.778 bit/s/Hz
[50126 ms] [UE 54887] UL: SNR = 63.50 dB | SE = 20.778 bit/s/Hz
[50126 ms] [UE 41999] UL: SNR = 63.50 dB | SE = 20.778 bit/s/Hz
[50126 ms] [UE 10354] UL: SNR = 52.00 dB | SE = 17.015 bit/s/Hz
[50126 ms] [UE 21661] UL: SNR = 52.50 dB | SE = 17.179 bit/s/Hz
[50236 ms] [UE 61316] UL: SNR = 63.50 dB | SE = 20.778 bit/s/Hz
[50236 ms] [UE 54887] UL: SNR = 63.50 dB | SE = 20.778 bit/s/Hz
[50236 ms] [UE 41999] UL: SNR = 63.50 dB | SE = 20.778 bit/s/Hz
[50236 ms] [UE 10354] UL: SNR = 52.00 dB | SE = 17.015 bit/s/Hz
[50236 ms] [UE 21661] UL: SNR = 52.50 dB | SE = 17.179 bit/s/Hz
[50346 ms] [UE 61316] UL: SNR = 63.50 dB | SE = 20.778 bit/s/Hz
[50346 ms] [UE 54887] UL: SNR = 63.50 dB | SE = 20.778 bit/s/Hz
[50346 ms] [UE 41999] UL: SNR = 63.50 dB | SE = 20.778 bit/s/Hz
[50346 ms] [UE 10354] UL: SNR = 52.00 dB | SE = 17.015 bit/s/Hz
[50346 ms] [UE 21661] UL: SNR = 52.50 dB | SE = 17.179 bit/s/Hz
[50456 ms] [UE 61316] UL: SNR = 63.50 dB | SE = 20.778 bit/s/Hz
[50456 ms] [UE 54887] UL: SNR = 63.50 dB | SE = 20.778 bit/s/Hz
[50456 ms] [UE 41999] UL: SNR = 63.50 dB | SE = 20.778 bit/s/Hz
[50456 ms] [UE 10354] UL: SNR = 52.00 dB | SE = 17.015 bit/s/Hz
[50456 ms] [UE 21661] UL: SNR = 52.50 dB | SE = 17.179 bit/s/Hz
[50566 ms] [UE 61316] UL: SNR = 63.50 dB | SE = 20.778 bit/s/Hz
[50566 ms] [UE 54887] UL: SNR = 63.50 dB | SE = 20.778 bit/s/Hz
[50566 ms] [UE 41999] UL: SNR = 63.50 dB | SE = 20.778 bit/s/Hz
[50566 ms] [UE 10354] UL: SNR = 52.00 dB | SE = 17.015 bit/s/Hz
[50566 ms] [UE 21661] UL: SNR = 52.50 dB | SE = 17.179 bit/s/Hz
[50676 ms] [UE 61316] UL: SNR = 63.50 dB | SE = 20.778 bit/s/Hz
[50676 ms] [UE 54887] UL: SNR = 63.50 dB | SE = 20.778 bit/s/Hz
[50676 ms] [UE 41999] UL: SNR = 63.50 dB | SE = 20.778 bit/s/Hz
[50676 ms] [UE 10354] UL: SNR = 52.00 dB | SE = 17.015 bit/s/Hz
[50676 ms] [UE 21661] UL: SNR = 52.50 dB | SE = 17.179 bit/s/Hz
[50776 ms] [UE 61316] UL: SNR = 63.50 dB | SE = 20.778 bit/s/Hz
[50776 ms] [UE 54887] UL: SNR = 63.50 dB | SE = 20.778 bit/s/Hz
[50776 ms] [UE 41999] UL: SNR = 63.50 dB | SE = 20.778 bit/s/Hz
[50776 ms] [UE 10354] UL: SNR = 52.00 dB | SE = 17.015 bit/s/Hz
[50776 ms] [UE 21661] UL: SNR = 52.50 dB | SE = 17.179 bit/s/Hz
[50885 ms] [UE 61316] UL: SNR = 63.50 dB | SE = 20.778 bit/s/Hz
[50885 ms] [UE 54887] UL: SNR = 63.50 dB | SE = 20.778 bit/s/Hz
[50885 ms] [UE 41999] UL: SNR = 63.50 dB | SE = 20.778 bit/s/Hz
[50885 ms] [UE 10354] UL: SNR = 52.00 dB | SE = 17.015 bit/s/Hz
[50885 ms] [UE 21661] UL: SNR = 52.50 dB | SE = 17.179 bit/s/Hz
[50985 ms] [UE 61316] UL: SNR = 63.50 dB | SE = 20.778 bit/s/Hz
[50985 ms] [UE 54887] UL: SNR = 63.50 dB | SE = 20.778 bit/s/Hz
[50985 ms] [UE 41999] UL: SNR = 63.50 dB | SE = 20.778 bit/s/Hz
[50985 ms] [UE 10354] UL: SNR = 52.00 dB | SE = 17.015 bit/s/Hz
[50985 ms] [UE 21661] UL: SNR = 52.50 dB | SE = 17.179 bit/s/Hz
[51086 ms] [UE 61316] UL: SNR = 63.50 dB | SE = 20.778 bit/s/Hz
[51086 ms] [UE 54887] UL: SNR = 63.50 dB | SE = 20.778 bit/s/Hz
[51086 ms] [UE 41999] UL: SNR = 63.50 dB | SE = 20.778 bit/s/Hz
[51086 ms] [UE 10354] UL: SNR = 52.00 dB | SE = 17.015 bit/s/Hz
[51086 ms] [UE 21661] UL: SNR = 52.50 dB | SE = 17.179 bit/s/Hz
[51195 ms] [UE 61316] UL: SNR = 63.50 dB | SE = 20.778 bit/s/Hz
[51195 ms] [UE 54887] UL: SNR = 63.50 dB | SE = 20.778 bit/s/Hz
[51195 ms] [UE 41999] UL: SNR = 63.50 dB | SE = 20.778 bit/s/Hz
[51195 ms] [UE 10354] UL: SNR = 52.00 dB | SE = 17.015 bit/s/Hz
[51195 ms] [UE 21661] UL: SNR = 52.50 dB | SE = 17.179 bit/s/Hz
[51296 ms] [UE 61316] UL: SNR = 63.50 dB | SE = 20.778 bit/s/Hz
[51296 ms] [UE 54887] UL: SNR = 63.50 dB | SE = 20.778 bit/s/Hz
[51296 ms] [UE 41999] UL: SNR = 63.50 dB | SE = 20.778 bit/s/Hz
[51296 ms] [UE 10354] UL: SNR = 52.00 dB | SE = 17.015 bit/s/Hz
[51296 ms] [UE 21661] UL: SNR = 52.50 dB | SE = 17.179 bit/s/Hz
[51405 ms] [UE 61316] UL: SNR = 63.50 dB | SE = 20.778 bit/s/Hz
[51405 ms] [UE 54887] UL: SNR = 63.50 dB | SE = 20.778 bit/s/Hz
[51405 ms] [UE 41999] UL: SNR = 63.50 dB | SE = 20.778 bit/s/Hz
[51405 ms] [UE 10354] UL: SNR = 52.00 dB | SE = 17.015 bit/s/Hz
[51405 ms] [UE 21661] UL: SNR = 52.50 dB | SE = 17.179 bit/s/Hz
[51506 ms] [UE 61316] UL: SNR = 63.50 dB | SE = 20.778 bit/s/Hz
[51506 ms] [UE 54887] UL: SNR = 63.50 dB | SE = 20.778 bit/s/Hz
[51506 ms] [UE 41999] UL: SNR = 63.50 dB | SE = 20.778 bit/s/Hz
[51506 ms] [UE 10354] UL: SNR = 52.00 dB | SE = 17.015 bit/s/Hz
[51506 ms] [UE 21661] UL: SNR = 52.50 dB | SE = 17.179 bit/s/Hz
[51616 ms] [UE 61316] UL: SNR = 63.50 dB | SE = 20.778 bit/s/Hz
[51616 ms] [UE 54887] UL: SNR = 63.50 dB | SE = 20.778 bit/s/Hz
[51616 ms] [UE 41999] UL: SNR = 63.50 dB | SE = 20.778 bit/s/Hz
[51616 ms] [UE 10354] UL: SNR = 52.00 dB | SE = 17.015 bit/s/Hz
[51616 ms] [UE 21661] UL: SNR = 52.50 dB | SE = 17.179 bit/s/Hz
[51716 ms] [UE 61316] UL: SNR = 63.50 dB | SE = 20.778 bit/s/Hz
[51716 ms] [UE 54887] UL: SNR = 63.50 dB | SE = 20.778 bit/s/Hz
[51716 ms] [UE 41999] UL: SNR = 63.50 dB | SE = 20.778 bit/s/Hz
[51716 ms] [UE 10354] UL: SNR = 52.00 dB | SE = 17.015 bit/s/Hz
[51716 ms] [UE 21661] UL: SNR = 52.50 dB | SE = 17.179 bit/s/Hz
[51816 ms] [UE 61316] UL: SNR = 63.50 dB | SE = 20.778 bit/s/Hz
[51816 ms] [UE 54887] UL: SNR = 63.50 dB | SE = 20.778 bit/s/Hz
[51816 ms] [UE 41999] UL: SNR = 63.50 dB | SE = 20.778 bit/s/Hz
[51816 ms] [UE 10354] UL: SNR = 54.50 dB | SE = 17.833 bit/s/Hz
[51816 ms] [UE 21661] UL: SNR = 52.50 dB | SE = 17.179 bit/s/Hz
[51916 ms] [UE 61316] UL: SNR = 63.50 dB | SE = 20.778 bit/s/Hz
[51916 ms] [UE 54887] UL: SNR = 63.50 dB | SE = 20.778 bit/s/Hz
[51916 ms] [UE 41999] UL: SNR = 63.50 dB | SE = 20.778 bit/s/Hz
[51916 ms] [UE 10354] UL: SNR = 54.50 dB | SE = 17.833 bit/s/Hz
[51916 ms] [UE 21661] UL: SNR = 52.50 dB | SE = 17.179 bit/s/Hz
[52026 ms] [UE 61316] UL: SNR = 63.50 dB | SE = 20.778 bit/s/Hz
[52026 ms] [UE 54887] UL: SNR = 63.50 dB | SE = 20.778 bit/s/Hz
[52026 ms] [UE 41999] UL: SNR = 63.50 dB | SE = 20.778 bit/s/Hz
[52026 ms] [UE 10354] UL: SNR = 52.00 dB | SE = 17.015 bit/s/Hz
[52026 ms] [UE 21661] UL: SNR = 52.50 dB | SE = 17.179 bit/s/Hz
[52135 ms] [UE 61316] UL: SNR = 63.50 dB | SE = 20.778 bit/s/Hz
[52135 ms] [UE 54887] UL: SNR = 63.50 dB | SE = 20.778 bit/s/Hz
[52135 ms] [UE 41999] UL: SNR = 63.50 dB | SE = 20.778 bit/s/Hz
[52135 ms] [UE 10354] UL: SNR = 52.00 dB | SE = 17.015 bit/s/Hz
[52135 ms] [UE 21661] UL: SNR = 52.50 dB | SE = 17.179 bit/s/Hz
[52236 ms] [UE 61316] UL: SNR = 63.50 dB | SE = 20.778 bit/s/Hz
[52236 ms] [UE 54887] UL: SNR = 63.50 dB | SE = 20.778 bit/s/Hz
[52236 ms] [UE 41999] UL: SNR = 63.50 dB | SE = 20.778 bit/s/Hz
[52236 ms] [UE 10354] UL: SNR = 52.00 dB | SE = 17.015 bit/s/Hz
[52236 ms] [UE 21661] UL: SNR = 52.50 dB | SE = 17.179 bit/s/Hz
[52346 ms] [UE 61316] UL: SNR = 63.50 dB | SE = 20.778 bit/s/Hz
[52346 ms] [UE 54887] UL: SNR = 53.00 dB | SE = 17.342 bit/s/Hz
[52346 ms] [UE 41999] UL: SNR = 57.50 dB | SE = 18.815 bit/s/Hz
[52346 ms] [UE 10354] UL: SNR = 52.00 dB | SE = 17.015 bit/s/Hz
[52346 ms] [UE 21661] UL: SNR = 52.50 dB | SE = 17.179 bit/s/Hz
[52456 ms] [UE 61316] UL: SNR = 63.50 dB | SE = 20.778 bit/s/Hz
[52456 ms] [UE 54887] UL: SNR = 53.00 dB | SE = 17.342 bit/s/Hz
[52456 ms] [UE 41999] UL: SNR = 57.50 dB | SE = 18.815 bit/s/Hz
[52456 ms] [UE 10354] UL: SNR = 52.00 dB | SE = 17.015 bit/s/Hz
[52456 ms] [UE 21661] UL: SNR = 52.50 dB | SE = 17.179 bit/s/Hz
[52556 ms] [UE 61316] UL: SNR = 63.50 dB | SE = 20.778 bit/s/Hz
[52556 ms] [UE 54887] UL: SNR = 53.00 dB | SE = 17.342 bit/s/Hz
[52556 ms] [UE 41999] UL: SNR = 63.50 dB | SE = 20.778 bit/s/Hz
[52556 ms] [UE 10354] UL: SNR = 52.00 dB | SE = 17.015 bit/s/Hz
[52556 ms] [UE 21661] UL: SNR = 52.50 dB | SE = 17.179 bit/s/Hz
[52656 ms] [UE 61316] UL: SNR = 63.50 dB | SE = 20.778 bit/s/Hz
[52656 ms] [UE 54887] UL: SNR = 53.00 dB | SE = 17.342 bit/s/Hz
[52656 ms] [UE 41999] UL: SNR = 63.50 dB | SE = 20.778 bit/s/Hz
[52656 ms] [UE 10354] UL: SNR = 52.00 dB | SE = 17.015 bit/s/Hz
[52656 ms] [UE 21661] UL: SNR = 52.50 dB | SE = 17.179 bit/s/Hz
[52757 ms] [UE 61316] UL: SNR = 63.50 dB | SE = 20.778 bit/s/Hz
[52757 ms] [UE 54887] UL: SNR = 53.00 dB | SE = 17.342 bit/s/Hz
[52757 ms] [UE 41999] UL: SNR = 63.50 dB | SE = 20.778 bit/s/Hz
[52757 ms] [UE 10354] UL: SNR = 52.00 dB | SE = 17.015 bit/s/Hz
[52757 ms] [UE 21661] UL: SNR = 52.50 dB | SE = 17.179 bit/s/Hz
[52865 ms] [UE 61316] UL: SNR = 63.50 dB | SE = 20.778 bit/s/Hz
[52865 ms] [UE 54887] UL: SNR = 53.00 dB | SE = 17.342 bit/s/Hz
[52865 ms] [UE 41999] UL: SNR = 63.50 dB | SE = 20.778 bit/s/Hz
[52865 ms] [UE 10354] UL: SNR = 52.00 dB | SE = 17.015 bit/s/Hz
[52865 ms] [UE 21661] UL: SNR = 52.50 dB | SE = 17.179 bit/s/Hz
[52966 ms] [UE 61316] UL: SNR = 63.50 dB | SE = 20.778 bit/s/Hz
[52966 ms] [UE 54887] UL: SNR = 53.00 dB | SE = 17.342 bit/s/Hz
[52966 ms] [UE 41999] UL: SNR = 63.50 dB | SE = 20.778 bit/s/Hz
[52966 ms] [UE 10354] UL: SNR = 52.00 dB | SE = 17.015 bit/s/Hz
[52966 ms] [UE 21661] UL: SNR = 52.50 dB | SE = 17.179 bit/s/Hz
[53076 ms] [UE 61316] UL: SNR = 63.50 dB | SE = 20.778 bit/s/Hz
[53076 ms] [UE 54887] UL: SNR = 53.00 dB | SE = 17.342 bit/s/Hz
[53076 ms] [UE 41999] UL: SNR = 63.50 dB | SE = 20.778 bit/s/Hz
[53076 ms] [UE 10354] UL: SNR = 52.00 dB | SE = 17.015 bit/s/Hz
[53076 ms] [UE 21661] UL: SNR = 52.50 dB | SE = 17.179 bit/s/Hz
[53185 ms] [UE 61316] UL: SNR = 63.50 dB | SE = 20.778 bit/s/Hz
[53185 ms] [UE 54887] UL: SNR = 53.00 dB | SE = 17.342 bit/s/Hz
[53185 ms] [UE 41999] UL: SNR = 63.50 dB | SE = 20.778 bit/s/Hz
[53185 ms] [UE 10354] UL: SNR = 52.00 dB | SE = 17.015 bit/s/Hz
[53185 ms] [UE 21661] UL: SNR = 52.50 dB | SE = 17.179 bit/s/Hz
[53286 ms] [UE 61316] UL: SNR = 63.50 dB | SE = 20.778 bit/s/Hz
[53286 ms] [UE 54887] UL: SNR = 53.00 dB | SE = 17.342 bit/s/Hz
[53286 ms] [UE 41999] UL: SNR = 63.50 dB | SE = 20.778 bit/s/Hz
[53286 ms] [UE 10354] UL: SNR = 52.00 dB | SE = 17.015 bit/s/Hz
[53286 ms] [UE 21661] UL: SNR = 52.50 dB | SE = 17.179 bit/s/Hz
[53396 ms] [UE 61316] UL: SNR = 63.50 dB | SE = 20.778 bit/s/Hz
[53396 ms] [UE 54887] UL: SNR = 53.00 dB | SE = 17.342 bit/s/Hz
[53396 ms] [UE 41999] UL: SNR = 63.50 dB | SE = 20.778 bit/s/Hz
[53396 ms] [UE 10354] UL: SNR = 52.00 dB | SE = 17.015 bit/s/Hz
[53396 ms] [UE 21661] UL: SNR = 52.50 dB | SE = 17.179 bit/s/Hz
[53496 ms] [UE 61316] UL: SNR = 63.50 dB | SE = 20.778 bit/s/Hz
[53496 ms] [UE 54887] UL: SNR = 53.00 dB | SE = 17.342 bit/s/Hz
[53496 ms] [UE 41999] UL: SNR = 63.50 dB | SE = 20.778 bit/s/Hz
[53496 ms] [UE 10354] UL: SNR = 52.00 dB | SE = 17.015 bit/s/Hz
[53496 ms] [UE 21661] UL: SNR = 52.50 dB | SE = 17.179 bit/s/Hz
[53606 ms] [UE 61316] UL: SNR = 63.50 dB | SE = 20.778 bit/s/Hz
[53606 ms] [UE 54887] UL: SNR = 53.00 dB | SE = 17.342 bit/s/Hz
[53606 ms] [UE 41999] UL: SNR = 63.50 dB | SE = 20.778 bit/s/Hz
[53606 ms] [UE 10354] UL: SNR = 52.00 dB | SE = 17.015 bit/s/Hz
[53606 ms] [UE 21661] UL: SNR = 52.50 dB | SE = 17.179 bit/s/Hz
[53706 ms] [UE 61316] UL: SNR = 63.50 dB | SE = 20.778 bit/s/Hz
[53706 ms] [UE 54887] UL: SNR = 53.00 dB | SE = 17.342 bit/s/Hz
[53706 ms] [UE 41999] UL: SNR = 63.50 dB | SE = 20.778 bit/s/Hz
[53706 ms] [UE 10354] UL: SNR = 52.00 dB | SE = 17.015 bit/s/Hz
[53706 ms] [UE 21661] UL: SNR = 52.50 dB | SE = 17.179 bit/s/Hz
[53806 ms] [UE 61316] UL: SNR = 63.50 dB | SE = 20.778 bit/s/Hz
[53806 ms] [UE 54887] UL: SNR = 53.00 dB | SE = 17.342 bit/s/Hz
[53806 ms] [UE 41999] UL: SNR = 63.50 dB | SE = 20.778 bit/s/Hz
[53806 ms] [UE 10354] UL: SNR = 52.00 dB | SE = 17.015 bit/s/Hz
[53806 ms] [UE 21661] UL: SNR = 52.50 dB | SE = 17.179 bit/s/Hz
[53906 ms] [UE 61316] UL: SNR = 63.50 dB | SE = 20.778 bit/s/Hz
[53906 ms] [UE 54887] UL: SNR = 53.00 dB | SE = 17.342 bit/s/Hz
[53906 ms] [UE 41999] UL: SNR = 63.50 dB | SE = 20.778 bit/s/Hz
[53906 ms] [UE 10354] UL: SNR = 52.00 dB | SE = 17.015 bit/s/Hz
[53906 ms] [UE 21661] UL: SNR = 52.50 dB | SE = 17.179 bit/s/Hz
[54016 ms] [UE 61316] UL: SNR = 63.50 dB | SE = 20.778 bit/s/Hz
[54016 ms] [UE 54887] UL: SNR = 53.00 dB | SE = 17.342 bit/s/Hz
[54016 ms] [UE 41999] UL: SNR = 63.50 dB | SE = 20.778 bit/s/Hz
[54016 ms] [UE 10354] UL: SNR = 52.00 dB | SE = 17.015 bit/s/Hz
[54016 ms] [UE 21661] UL: SNR = 52.50 dB | SE = 17.179 bit/s/Hz
[54116 ms] [UE 61316] UL: SNR = 63.50 dB | SE = 20.778 bit/s/Hz
[54116 ms] [UE 54887] UL: SNR = 53.00 dB | SE = 17.342 bit/s/Hz
[54116 ms] [UE 41999] UL: SNR = 63.50 dB | SE = 20.778 bit/s/Hz
[54116 ms] [UE 10354] UL: SNR = 52.00 dB | SE = 17.015 bit/s/Hz
[54116 ms] [UE 21661] UL: SNR = 52.50 dB | SE = 17.179 bit/s/Hz
[54226 ms] [UE 61316] UL: SNR = 63.50 dB | SE = 20.778 bit/s/Hz
[54226 ms] [UE 54887] UL: SNR = 53.00 dB | SE = 17.342 bit/s/Hz
[54226 ms] [UE 41999] UL: SNR = 63.50 dB | SE = 20.778 bit/s/Hz
[54226 ms] [UE 10354] UL: SNR = 52.00 dB | SE = 17.015 bit/s/Hz
[54226 ms] [UE 21661] UL: SNR = 52.50 dB | SE = 17.179 bit/s/Hz
[54326 ms] [UE 61316] UL: SNR = 63.50 dB | SE = 20.778 bit/s/Hz
[54326 ms] [UE 54887] UL: SNR = 53.00 dB | SE = 17.342 bit/s/Hz
[54326 ms] [UE 41999] UL: SNR = 63.50 dB | SE = 20.778 bit/s/Hz
[54326 ms] [UE 10354] UL: SNR = 52.00 dB | SE = 17.015 bit/s/Hz
[54326 ms] [UE 21661] UL: SNR = 52.50 dB | SE = 17.179 bit/s/Hz
[54436 ms] [UE 61316] UL: SNR = 63.50 dB | SE = 20.778 bit/s/Hz
[54436 ms] [UE 54887] UL: SNR = 53.00 dB | SE = 17.342 bit/s/Hz
[54436 ms] [UE 41999] UL: SNR = 63.50 dB | SE = 20.778 bit/s/Hz
[54436 ms] [UE 10354] UL: SNR = 52.00 dB | SE = 17.015 bit/s/Hz
[54436 ms] [UE 21661] UL: SNR = 52.50 dB | SE = 17.179 bit/s/Hz
[54546 ms] [UE 61316] UL: SNR = 63.50 dB | SE = 20.778 bit/s/Hz
[54546 ms] [UE 54887] UL: SNR = 53.00 dB | SE = 17.342 bit/s/Hz
[54546 ms] [UE 41999] UL: SNR = 63.50 dB | SE = 20.778 bit/s/Hz
[54546 ms] [UE 10354] UL: SNR = 52.00 dB | SE = 17.015 bit/s/Hz
[54546 ms] [UE 21661] UL: SNR = 52.50 dB | SE = 17.179 bit/s/Hz
[54646 ms] [UE 61316] UL: SNR = 63.50 dB | SE = 20.778 bit/s/Hz
[54646 ms] [UE 54887] UL: SNR = 53.00 dB | SE = 17.342 bit/s/Hz
[54646 ms] [UE 41999] UL: SNR = 63.50 dB | SE = 20.778 bit/s/Hz
[54646 ms] [UE 10354] UL: SNR = 52.00 dB | SE = 17.015 bit/s/Hz
[54646 ms] [UE 21661] UL: SNR = 52.50 dB | SE = 17.179 bit/s/Hz
[54746 ms] [UE 61316] UL: SNR = 63.50 dB | SE = 20.778 bit/s/Hz
[54746 ms] [UE 54887] UL: SNR = 53.00 dB | SE = 17.342 bit/s/Hz
[54746 ms] [UE 41999] UL: SNR = 63.50 dB | SE = 20.778 bit/s/Hz
[54746 ms] [UE 10354] UL: SNR = 52.00 dB | SE = 17.015 bit/s/Hz
[54746 ms] [UE 21661] UL: SNR = 52.50 dB | SE = 17.179 bit/s/Hz
[54846 ms] [UE 61316] UL: SNR = 63.50 dB | SE = 20.778 bit/s/Hz
[54846 ms] [UE 54887] UL: SNR = 53.00 dB | SE = 17.342 bit/s/Hz
[54846 ms] [UE 41999] UL: SNR = 63.50 dB | SE = 20.778 bit/s/Hz
[54846 ms] [UE 10354] UL: SNR = 52.00 dB | SE = 17.015 bit/s/Hz
[54846 ms] [UE 21661] UL: SNR = 52.50 dB | SE = 17.179 bit/s/Hz
[54956 ms] [UE 61316] UL: SNR = 63.50 dB | SE = 20.778 bit/s/Hz
[54956 ms] [UE 54887] UL: SNR = 53.00 dB | SE = 17.342 bit/s/Hz
[54956 ms] [UE 41999] UL: SNR = 63.50 dB | SE = 20.778 bit/s/Hz
[54956 ms] [UE 10354] UL: SNR = 52.00 dB | SE = 17.015 bit/s/Hz
[54956 ms] [UE 21661] UL: SNR = 52.50 dB | SE = 17.179 bit/s/Hz
[55066 ms] [UE 61316] UL: SNR = 63.50 dB | SE = 20.778 bit/s/Hz
[55066 ms] [UE 54887] UL: SNR = 53.00 dB | SE = 17.342 bit/s/Hz
[55066 ms] [UE 41999] UL: SNR = 63.50 dB | SE = 20.778 bit/s/Hz
[55066 ms] [UE 10354] UL: SNR = 52.00 dB | SE = 17.015 bit/s/Hz
[55066 ms] [UE 21661] UL: SNR = 52.50 dB | SE = 17.179 bit/s/Hz
[55176 ms] [UE 61316] UL: SNR = 63.50 dB | SE = 20.778 bit/s/Hz
[55176 ms] [UE 54887] UL: SNR = 53.00 dB | SE = 17.342 bit/s/Hz
[55176 ms] [UE 41999] UL: SNR = 63.50 dB | SE = 20.778 bit/s/Hz
[55176 ms] [UE 10354] UL: SNR = 52.00 dB | SE = 17.015 bit/s/Hz
[55176 ms] [UE 21661] UL: SNR = 52.50 dB | SE = 17.179 bit/s/Hz
[55276 ms] [UE 61316] UL: SNR = 63.50 dB | SE = 20.778 bit/s/Hz
[55276 ms] [UE 54887] UL: SNR = 53.00 dB | SE = 17.342 bit/s/Hz
[55276 ms] [UE 41999] UL: SNR = 63.50 dB | SE = 20.778 bit/s/Hz
[55276 ms] [UE 10354] UL: SNR = 52.00 dB | SE = 17.015 bit/s/Hz
[55276 ms] [UE 21661] UL: SNR = 52.50 dB | SE = 17.179 bit/s/Hz
[55386 ms] [UE 61316] UL: SNR = 63.50 dB | SE = 20.778 bit/s/Hz
[55386 ms] [UE 54887] UL: SNR = 53.00 dB | SE = 17.342 bit/s/Hz
[55386 ms] [UE 41999] UL: SNR = 63.50 dB | SE = 20.778 bit/s/Hz
[55386 ms] [UE 10354] UL: SNR = 52.00 dB | SE = 17.015 bit/s/Hz
[55386 ms] [UE 21661] UL: SNR = 52.50 dB | SE = 17.179 bit/s/Hz
[55495 ms] [UE 61316] UL: SNR = 63.50 dB | SE = 20.778 bit/s/Hz
[55495 ms] [UE 54887] UL: SNR = 53.00 dB | SE = 17.342 bit/s/Hz
[55495 ms] [UE 41999] UL: SNR = 63.50 dB | SE = 20.778 bit/s/Hz
[55495 ms] [UE 10354] UL: SNR = 52.00 dB | SE = 17.015 bit/s/Hz
[55495 ms] [UE 21661] UL: SNR = 52.50 dB | SE = 17.179 bit/s/Hz
[55596 ms] [UE 61316] UL: SNR = 63.50 dB | SE = 20.778 bit/s/Hz
[55596 ms] [UE 54887] UL: SNR = 53.00 dB | SE = 17.342 bit/s/Hz
[55596 ms] [UE 41999] UL: SNR = 63.50 dB | SE = 20.778 bit/s/Hz
[55596 ms] [UE 10354] UL: SNR = 54.50 dB | SE = 17.833 bit/s/Hz
[55596 ms] [UE 21661] UL: SNR = 52.50 dB | SE = 17.179 bit/s/Hz
[55706 ms] [UE 61316] UL: SNR = 63.50 dB | SE = 20.778 bit/s/Hz
[55706 ms] [UE 54887] UL: SNR = 53.00 dB | SE = 17.342 bit/s/Hz
[55706 ms] [UE 41999] UL: SNR = 63.50 dB | SE = 20.778 bit/s/Hz
[55706 ms] [UE 10354] UL: SNR = 54.50 dB | SE = 17.833 bit/s/Hz
[55706 ms] [UE 21661] UL: SNR = 52.50 dB | SE = 17.179 bit/s/Hz
[55806 ms] [UE 61316] UL: SNR = 63.50 dB | SE = 20.778 bit/s/Hz
[55806 ms] [UE 54887] UL: SNR = 53.00 dB | SE = 17.342 bit/s/Hz
[55806 ms] [UE 41999] UL: SNR = 63.50 dB | SE = 20.778 bit/s/Hz
[55806 ms] [UE 10354] UL: SNR = 54.50 dB | SE = 17.833 bit/s/Hz
[55806 ms] [UE 21661] UL: SNR = 52.50 dB | SE = 17.179 bit/s/Hz
[55916 ms] [UE 61316] UL: SNR = 63.50 dB | SE = 20.778 bit/s/Hz
[55916 ms] [UE 54887] UL: SNR = 53.00 dB | SE = 17.342 bit/s/Hz
[55916 ms] [UE 41999] UL: SNR = 63.50 dB | SE = 20.778 bit/s/Hz
[55916 ms] [UE 10354] UL: SNR = 52.00 dB | SE = 17.015 bit/s/Hz
[55916 ms] [UE 21661] UL: SNR = 52.50 dB | SE = 17.179 bit/s/Hz
[56026 ms] [UE 61316] UL: SNR = 63.50 dB | SE = 20.778 bit/s/Hz
[56026 ms] [UE 54887] UL: SNR = 53.00 dB | SE = 17.342 bit/s/Hz
[56026 ms] [UE 41999] UL: SNR = 63.50 dB | SE = 20.778 bit/s/Hz
[56026 ms] [UE 10354] UL: SNR = 52.00 dB | SE = 17.015 bit/s/Hz
[56026 ms] [UE 21661] UL: SNR = 52.50 dB | SE = 17.179 bit/s/Hz
[56137 ms] [UE 61316] UL: SNR = 63.50 dB | SE = 20.778 bit/s/Hz
[56137 ms] [UE 54887] UL: SNR = 63.50 dB | SE = 20.778 bit/s/Hz
[56137 ms] [UE 41999] UL: SNR = 63.50 dB | SE = 20.778 bit/s/Hz
[56137 ms] [UE 10354] UL: SNR = 52.00 dB | SE = 17.015 bit/s/Hz
[56137 ms] [UE 21661] UL: SNR = 52.50 dB | SE = 17.179 bit/s/Hz
[56246 ms] [UE 61316] UL: SNR = 63.50 dB | SE = 20.778 bit/s/Hz
[56246 ms] [UE 54887] UL: SNR = 63.50 dB | SE = 20.778 bit/s/Hz
[56246 ms] [UE 41999] UL: SNR = 63.50 dB | SE = 20.778 bit/s/Hz
[56246 ms] [UE 10354] UL: SNR = 52.00 dB | SE = 17.015 bit/s/Hz
[56246 ms] [UE 21661] UL: SNR = 52.50 dB | SE = 17.179 bit/s/Hz
[56356 ms] [UE 61316] UL: SNR = 63.50 dB | SE = 20.778 bit/s/Hz
[56356 ms] [UE 54887] UL: SNR = 63.50 dB | SE = 20.778 bit/s/Hz
[56356 ms] [UE 41999] UL: SNR = 63.50 dB | SE = 20.778 bit/s/Hz
[56356 ms] [UE 10354] UL: SNR = 52.00 dB | SE = 17.015 bit/s/Hz
[56356 ms] [UE 21661] UL: SNR = 52.50 dB | SE = 17.179 bit/s/Hz
[56456 ms] [UE 61316] UL: SNR = 63.50 dB | SE = 20.778 bit/s/Hz
[56456 ms] [UE 54887] UL: SNR = 63.50 dB | SE = 20.778 bit/s/Hz
[56456 ms] [UE 41999] UL: SNR = 63.50 dB | SE = 20.778 bit/s/Hz
[56456 ms] [UE 10354] UL: SNR = 52.00 dB | SE = 17.015 bit/s/Hz
[56456 ms] [UE 21661] UL: SNR = 52.50 dB | SE = 17.179 bit/s/Hz
[56566 ms] [UE 61316] UL: SNR = 63.50 dB | SE = 20.778 bit/s/Hz
[56566 ms] [UE 54887] UL: SNR = 63.50 dB | SE = 20.778 bit/s/Hz
[56566 ms] [UE 41999] UL: SNR = 63.50 dB | SE = 20.778 bit/s/Hz
[56566 ms] [UE 10354] UL: SNR = 52.00 dB | SE = 17.015 bit/s/Hz
[56566 ms] [UE 21661] UL: SNR = 52.50 dB | SE = 17.179 bit/s/Hz
[56666 ms] [UE 61316] UL: SNR = 63.50 dB | SE = 20.778 bit/s/Hz
[56666 ms] [UE 54887] UL: SNR = 63.50 dB | SE = 20.778 bit/s/Hz
[56666 ms] [UE 41999] UL: SNR = 63.50 dB | SE = 20.778 bit/s/Hz
[56666 ms] [UE 10354] UL: SNR = 52.00 dB | SE = 17.015 bit/s/Hz
[56666 ms] [UE 21661] UL: SNR = 52.50 dB | SE = 17.179 bit/s/Hz
[56766 ms] [UE 61316] UL: SNR = 63.50 dB | SE = 20.778 bit/s/Hz
[56766 ms] [UE 54887] UL: SNR = 63.50 dB | SE = 20.778 bit/s/Hz
[56766 ms] [UE 41999] UL: SNR = 63.50 dB | SE = 20.778 bit/s/Hz
[56766 ms] [UE 10354] UL: SNR = 52.00 dB | SE = 17.015 bit/s/Hz
[56766 ms] [UE 21661] UL: SNR = 52.50 dB | SE = 17.179 bit/s/Hz
[56876 ms] [UE 61316] UL: SNR = 63.50 dB | SE = 20.778 bit/s/Hz
[56876 ms] [UE 54887] UL: SNR = 63.50 dB | SE = 20.778 bit/s/Hz
[56876 ms] [UE 41999] UL: SNR = 63.50 dB | SE = 20.778 bit/s/Hz
[56876 ms] [UE 10354] UL: SNR = 52.00 dB | SE = 17.015 bit/s/Hz
[56876 ms] [UE 21661] UL: SNR = 52.50 dB | SE = 17.179 bit/s/Hz
[56976 ms] [UE 61316] UL: SNR = 63.50 dB | SE = 20.778 bit/s/Hz
[56976 ms] [UE 54887] UL: SNR = 63.50 dB | SE = 20.778 bit/s/Hz
[56976 ms] [UE 41999] UL: SNR = 63.50 dB | SE = 20.778 bit/s/Hz
[56976 ms] [UE 10354] UL: SNR = 52.00 dB | SE = 17.015 bit/s/Hz
[56976 ms] [UE 21661] UL: SNR = 52.50 dB | SE = 17.179 bit/s/Hz
[57086 ms] [UE 61316] UL: SNR = 63.50 dB | SE = 20.778 bit/s/Hz
[57086 ms] [UE 54887] UL: SNR = 63.50 dB | SE = 20.778 bit/s/Hz
[57086 ms] [UE 41999] UL: SNR = 63.50 dB | SE = 20.778 bit/s/Hz
[57086 ms] [UE 10354] UL: SNR = 52.00 dB | SE = 17.015 bit/s/Hz
[57086 ms] [UE 21661] UL: SNR = 52.50 dB | SE = 17.179 bit/s/Hz
[57196 ms] [UE 61316] UL: SNR = 63.50 dB | SE = 20.778 bit/s/Hz
[57196 ms] [UE 54887] UL: SNR = 63.50 dB | SE = 20.778 bit/s/Hz
[57196 ms] [UE 41999] UL: SNR = 63.50 dB | SE = 20.778 bit/s/Hz
[57196 ms] [UE 10354] UL: SNR = 52.00 dB | SE = 17.015 bit/s/Hz
[57196 ms] [UE 21661] UL: SNR = 52.50 dB | SE = 17.179 bit/s/Hz
[57296 ms] [UE 61316] UL: SNR = 63.50 dB | SE = 20.778 bit/s/Hz
[57296 ms] [UE 54887] UL: SNR = 63.50 dB | SE = 20.778 bit/s/Hz
[57296 ms] [UE 41999] UL: SNR = 63.50 dB | SE = 20.778 bit/s/Hz
[57296 ms] [UE 10354] UL: SNR = 52.00 dB | SE = 17.015 bit/s/Hz
[57296 ms] [UE 21661] UL: SNR = 52.50 dB | SE = 17.179 bit/s/Hz
[57406 ms] [UE 61316] UL: SNR = 63.50 dB | SE = 20.778 bit/s/Hz
[57406 ms] [UE 54887] UL: SNR = 63.50 dB | SE = 20.778 bit/s/Hz
[57406 ms] [UE 41999] UL: SNR = 63.50 dB | SE = 20.778 bit/s/Hz
[57406 ms] [UE 10354] UL: SNR = 52.00 dB | SE = 17.015 bit/s/Hz
[57406 ms] [UE 21661] UL: SNR = 52.50 dB | SE = 17.179 bit/s/Hz
[57516 ms] [UE 61316] UL: SNR = 63.50 dB | SE = 20.778 bit/s/Hz
[57516 ms] [UE 54887] UL: SNR = 63.50 dB | SE = 20.778 bit/s/Hz
[57516 ms] [UE 41999] UL: SNR = 63.50 dB | SE = 20.778 bit/s/Hz
[57516 ms] [UE 10354] UL: SNR = 52.00 dB | SE = 17.015 bit/s/Hz
[57516 ms] [UE 21661] UL: SNR = 52.50 dB | SE = 17.179 bit/s/Hz
[57616 ms] [UE 61316] UL: SNR = 63.50 dB | SE = 20.778 bit/s/Hz
[57616 ms] [UE 54887] UL: SNR = 63.50 dB | SE = 20.778 bit/s/Hz
[57616 ms] [UE 41999] UL: SNR = 63.50 dB | SE = 20.778 bit/s/Hz
[57616 ms] [UE 10354] UL: SNR = 52.00 dB | SE = 17.015 bit/s/Hz
[57616 ms] [UE 21661] UL: SNR = 52.50 dB | SE = 17.179 bit/s/Hz
[57725 ms] [UE 61316] UL: SNR = 63.50 dB | SE = 20.778 bit/s/Hz
[57725 ms] [UE 54887] UL: SNR = 63.50 dB | SE = 20.778 bit/s/Hz
[57725 ms] [UE 41999] UL: SNR = 63.50 dB | SE = 20.778 bit/s/Hz
[57725 ms] [UE 10354] UL: SNR = 52.00 dB | SE = 17.015 bit/s/Hz
[57725 ms] [UE 21661] UL: SNR = 52.50 dB | SE = 17.179 bit/s/Hz
[57826 ms] [UE 61316] UL: SNR = 63.50 dB | SE = 20.778 bit/s/Hz
[57826 ms] [UE 54887] UL: SNR = 63.50 dB | SE = 20.778 bit/s/Hz
[57826 ms] [UE 41999] UL: SNR = 63.50 dB | SE = 20.778 bit/s/Hz
[57826 ms] [UE 10354] UL: SNR = 52.00 dB | SE = 17.015 bit/s/Hz
[57826 ms] [UE 21661] UL: SNR = 52.50 dB | SE = 17.179 bit/s/Hz
[57926 ms] [UE 61316] UL: SNR = 63.50 dB | SE = 20.778 bit/s/Hz
[57926 ms] [UE 54887] UL: SNR = 63.50 dB | SE = 20.778 bit/s/Hz
[57926 ms] [UE 41999] UL: SNR = 63.50 dB | SE = 20.778 bit/s/Hz
[57926 ms] [UE 10354] UL: SNR = 52.00 dB | SE = 17.015 bit/s/Hz
[57926 ms] [UE 21661] UL: SNR = 52.50 dB | SE = 17.179 bit/s/Hz
[58036 ms] [UE 61316] UL: SNR = 63.50 dB | SE = 20.778 bit/s/Hz
[58036 ms] [UE 54887] UL: SNR = 63.50 dB | SE = 20.778 bit/s/Hz
[58036 ms] [UE 41999] UL: SNR = 63.50 dB | SE = 20.778 bit/s/Hz
[58036 ms] [UE 10354] UL: SNR = 52.00 dB | SE = 17.015 bit/s/Hz
[58036 ms] [UE 21661] UL: SNR = 52.50 dB | SE = 17.179 bit/s/Hz
[58136 ms] [UE 61316] UL: SNR = 63.50 dB | SE = 20.778 bit/s/Hz
[58136 ms] [UE 54887] UL: SNR = 63.50 dB | SE = 20.778 bit/s/Hz
[58136 ms] [UE 41999] UL: SNR = 63.50 dB | SE = 20.778 bit/s/Hz
[58136 ms] [UE 10354] UL: SNR = 52.00 dB | SE = 17.015 bit/s/Hz
[58136 ms] [UE 21661] UL: SNR = 52.50 dB | SE = 17.179 bit/s/Hz
[58246 ms] [UE 61316] UL: SNR = 63.50 dB | SE = 20.778 bit/s/Hz
[58246 ms] [UE 54887] UL: SNR = 63.50 dB | SE = 20.778 bit/s/Hz
[58246 ms] [UE 41999] UL: SNR = 63.50 dB | SE = 20.778 bit/s/Hz
[58246 ms] [UE 10354] UL: SNR = 52.00 dB | SE = 17.015 bit/s/Hz
[58246 ms] [UE 21661] UL: SNR = 52.50 dB | SE = 17.179 bit/s/Hz
[58346 ms] [UE 61316] UL: SNR = 63.50 dB | SE = 20.778 bit/s/Hz
[58346 ms] [UE 54887] UL: SNR = 63.50 dB | SE = 20.778 bit/s/Hz
[58346 ms] [UE 41999] UL: SNR = 63.50 dB | SE = 20.778 bit/s/Hz
[58346 ms] [UE 10354] UL: SNR = 52.00 dB | SE = 17.015 bit/s/Hz
[58346 ms] [UE 21661] UL: SNR = 52.50 dB | SE = 17.179 bit/s/Hz
[58455 ms] [UE 61316] UL: SNR = 63.50 dB | SE = 20.778 bit/s/Hz
[58455 ms] [UE 54887] UL: SNR = 63.50 dB | SE = 20.778 bit/s/Hz
[58455 ms] [UE 41999] UL: SNR = 63.50 dB | SE = 20.778 bit/s/Hz
[58455 ms] [UE 10354] UL: SNR = 52.00 dB | SE = 17.015 bit/s/Hz
[58455 ms] [UE 21661] UL: SNR = 52.50 dB | SE = 17.179 bit/s/Hz
[58556 ms] [UE 61316] UL: SNR = 63.50 dB | SE = 20.778 bit/s/Hz
[58556 ms] [UE 54887] UL: SNR = 63.50 dB | SE = 20.778 bit/s/Hz
[58556 ms] [UE 41999] UL: SNR = 63.50 dB | SE = 20.778 bit/s/Hz
[58556 ms] [UE 10354] UL: SNR = 52.00 dB | SE = 17.015 bit/s/Hz
[58556 ms] [UE 21661] UL: SNR = 52.50 dB | SE = 17.179 bit/s/Hz
[58666 ms] [UE 61316] UL: SNR = 63.50 dB | SE = 20.778 bit/s/Hz
[58666 ms] [UE 54887] UL: SNR = 63.50 dB | SE = 20.778 bit/s/Hz
[58666 ms] [UE 41999] UL: SNR = 63.50 dB | SE = 20.778 bit/s/Hz
[58666 ms] [UE 10354] UL: SNR = 52.00 dB | SE = 17.015 bit/s/Hz
[58666 ms] [UE 21661] UL: SNR = 52.50 dB | SE = 17.179 bit/s/Hz
[58766 ms] [UE 61316] UL: SNR = 63.50 dB | SE = 20.778 bit/s/Hz
[58766 ms] [UE 54887] UL: SNR = 63.50 dB | SE = 20.778 bit/s/Hz
[58766 ms] [UE 41999] UL: SNR = 63.50 dB | SE = 20.778 bit/s/Hz
[58766 ms] [UE 10354] UL: SNR = 52.00 dB | SE = 17.015 bit/s/Hz
[58766 ms] [UE 21661] UL: SNR = 52.50 dB | SE = 17.179 bit/s/Hz
[58876 ms] [UE 61316] UL: SNR = 63.50 dB | SE = 20.778 bit/s/Hz
[58876 ms] [UE 54887] UL: SNR = 63.50 dB | SE = 20.778 bit/s/Hz
[58876 ms] [UE 41999] UL: SNR = 63.50 dB | SE = 20.778 bit/s/Hz
[58876 ms] [UE 10354] UL: SNR = 52.00 dB | SE = 17.015 bit/s/Hz
[58876 ms] [UE 21661] UL: SNR = 52.50 dB | SE = 17.179 bit/s/Hz
[58976 ms] [UE 61316] UL: SNR = 63.50 dB | SE = 20.778 bit/s/Hz
[58976 ms] [UE 54887] UL: SNR = 63.50 dB | SE = 20.778 bit/s/Hz
[58976 ms] [UE 41999] UL: SNR = 63.50 dB | SE = 20.778 bit/s/Hz
[58976 ms] [UE 10354] UL: SNR = 52.00 dB | SE = 17.015 bit/s/Hz
[58976 ms] [UE 21661] UL: SNR = 52.50 dB | SE = 17.179 bit/s/Hz
[59086 ms] [UE 61316] UL: SNR = 63.50 dB | SE = 20.778 bit/s/Hz
[59086 ms] [UE 54887] UL: SNR = 63.50 dB | SE = 20.778 bit/s/Hz
[59086 ms] [UE 41999] UL: SNR = 63.50 dB | SE = 20.778 bit/s/Hz
[59086 ms] [UE 10354] UL: SNR = 52.00 dB | SE = 17.015 bit/s/Hz
[59086 ms] [UE 21661] UL: SNR = 52.50 dB | SE = 17.179 bit/s/Hz
[59186 ms] [UE 61316] UL: SNR = 63.50 dB | SE = 20.778 bit/s/Hz
[59186 ms] [UE 54887] UL: SNR = 63.50 dB | SE = 20.778 bit/s/Hz
[59186 ms] [UE 41999] UL: SNR = 63.50 dB | SE = 20.778 bit/s/Hz
[59186 ms] [UE 10354] UL: SNR = 52.00 dB | SE = 17.015 bit/s/Hz
[59186 ms] [UE 21661] UL: SNR = 52.50 dB | SE = 17.179 bit/s/Hz
[59296 ms] [UE 61316] UL: SNR = 63.50 dB | SE = 20.778 bit/s/Hz
[59296 ms] [UE 54887] UL: SNR = 63.50 dB | SE = 20.778 bit/s/Hz
[59296 ms] [UE 41999] UL: SNR = 63.50 dB | SE = 20.778 bit/s/Hz
[59296 ms] [UE 10354] UL: SNR = 54.50 dB | SE = 17.833 bit/s/Hz
[59296 ms] [UE 21661] UL: SNR = 52.50 dB | SE = 17.179 bit/s/Hz
[59396 ms] [UE 61316] UL: SNR = 63.50 dB | SE = 20.778 bit/s/Hz
[59396 ms] [UE 54887] UL: SNR = 63.50 dB | SE = 20.778 bit/s/Hz
[59396 ms] [UE 41999] UL: SNR = 63.50 dB | SE = 20.778 bit/s/Hz
[59396 ms] [UE 10354] UL: SNR = 54.50 dB | SE = 17.833 bit/s/Hz
[59396 ms] [UE 21661] UL: SNR = 52.50 dB | SE = 17.179 bit/s/Hz
[59497 ms] [UE 61316] UL: SNR = 63.50 dB | SE = 20.778 bit/s/Hz
[59497 ms] [UE 54887] UL: SNR = 63.50 dB | SE = 20.778 bit/s/Hz
[59497 ms] [UE 41999] UL: SNR = 63.50 dB | SE = 20.778 bit/s/Hz
[59497 ms] [UE 10354] UL: SNR = 52.00 dB | SE = 17.015 bit/s/Hz
[59497 ms] [UE 21661] UL: SNR = 52.50 dB | SE = 17.179 bit/s/Hz
[59606 ms] [UE 61316] UL: SNR = 63.50 dB | SE = 20.778 bit/s/Hz
[59606 ms] [UE 54887] UL: SNR = 63.50 dB | SE = 20.778 bit/s/Hz
[59606 ms] [UE 41999] UL: SNR = 63.50 dB | SE = 20.778 bit/s/Hz
[59606 ms] [UE 10354] UL: SNR = 52.00 dB | SE = 17.015 bit/s/Hz
[59606 ms] [UE 21661] UL: SNR = 52.50 dB | SE = 17.179 bit/s/Hz
[59716 ms] [UE 61316] UL: SNR = 63.50 dB | SE = 20.778 bit/s/Hz
[59716 ms] [UE 54887] UL: SNR = 63.50 dB | SE = 20.778 bit/s/Hz
[59716 ms] [UE 41999] UL: SNR = 63.50 dB | SE = 20.778 bit/s/Hz
[59716 ms] [UE 10354] UL: SNR = 52.00 dB | SE = 17.015 bit/s/Hz
[59716 ms] [UE 21661] UL: SNR = 52.50 dB | SE = 17.179 bit/s/Hz
[59825 ms] [UE 61316] UL: SNR = 63.50 dB | SE = 20.778 bit/s/Hz
[59825 ms] [UE 54887] UL: SNR = 63.50 dB | SE = 20.778 bit/s/Hz
[59825 ms] [UE 41999] UL: SNR = 63.50 dB | SE = 20.778 bit/s/Hz
[59825 ms] [UE 10354] UL: SNR = 52.00 dB | SE = 17.015 bit/s/Hz
[59825 ms] [UE 21661] UL: SNR = 52.50 dB | SE = 17.179 bit/s/Hz
[59927 ms] [UE 61316] UL: SNR = 63.50 dB | SE = 20.778 bit/s/Hz
[59927 ms] [UE 54887] UL: SNR = 63.50 dB | SE = 20.778 bit/s/Hz
[59927 ms] [UE 41999] UL: SNR = 63.50 dB | SE = 20.778 bit/s/Hz
[59927 ms] [UE 10354] UL: SNR = 52.00 dB | SE = 17.015 bit/s/Hz
[59927 ms] [UE 21661] UL: SNR = 52.50 dB | SE = 17.179 bit/s/Hz
[60036 ms] [UE 61316] UL: SNR = 63.50 dB | SE = 20.778 bit/s/Hz
[60036 ms] [UE 54887] UL: SNR = 63.50 dB | SE = 20.778 bit/s/Hz
[60036 ms] [UE 41999] UL: SNR = 63.50 dB | SE = 20.778 bit/s/Hz
[60036 ms] [UE 10354] UL: SNR = 52.00 dB | SE = 17.015 bit/s/Hz
[60036 ms] [UE 21661] UL: SNR = 52.50 dB | SE = 17.179 bit/s/Hz
[60146 ms] [UE 61316] UL: SNR = 63.50 dB | SE = 20.778 bit/s/Hz
[60146 ms] [UE 54887] UL: SNR = 63.50 dB | SE = 20.778 bit/s/Hz
[60146 ms] [UE 41999] UL: SNR = 63.50 dB | SE = 20.778 bit/s/Hz
[60146 ms] [UE 10354] UL: SNR = 52.00 dB | SE = 17.015 bit/s/Hz
[60146 ms] [UE 21661] UL: SNR = 52.50 dB | SE = 17.179 bit/s/Hz
[60256 ms] [UE 61316] UL: SNR = 63.50 dB | SE = 20.778 bit/s/Hz
[60256 ms] [UE 54887] UL: SNR = 63.50 dB | SE = 20.778 bit/s/Hz
[60256 ms] [UE 41999] UL: SNR = 63.50 dB | SE = 20.778 bit/s/Hz
[60256 ms] [UE 10354] UL: SNR = 52.00 dB | SE = 17.015 bit/s/Hz
[60256 ms] [UE 21661] UL: SNR = 52.50 dB | SE = 17.179 bit/s/Hz
[60357 ms] [UE 61316] UL: SNR = 63.50 dB | SE = 20.778 bit/s/Hz
[60357 ms] [UE 54887] UL: SNR = 63.50 dB | SE = 20.778 bit/s/Hz
[60357 ms] [UE 41999] UL: SNR = 63.50 dB | SE = 20.778 bit/s/Hz
[60357 ms] [UE 10354] UL: SNR = 52.00 dB | SE = 17.015 bit/s/Hz
[60357 ms] [UE 21661] UL: SNR = 52.50 dB | SE = 17.179 bit/s/Hz
[60465 ms] [UE 61316] UL: SNR = 63.50 dB | SE = 20.778 bit/s/Hz
[60465 ms] [UE 54887] UL: SNR = 63.50 dB | SE = 20.778 bit/s/Hz
[60465 ms] [UE 41999] UL: SNR = 63.50 dB | SE = 20.778 bit/s/Hz
[60465 ms] [UE 10354] UL: SNR = 52.00 dB | SE = 17.015 bit/s/Hz
[60465 ms] [UE 21661] UL: SNR = 52.50 dB | SE = 17.179 bit/s/Hz
[60566 ms] [UE 61316] UL: SNR = 63.50 dB | SE = 20.778 bit/s/Hz
[60566 ms] [UE 54887] UL: SNR = 63.50 dB | SE = 20.778 bit/s/Hz
[60566 ms] [UE 41999] UL: SNR = 63.50 dB | SE = 20.778 bit/s/Hz
[60566 ms] [UE 10354] UL: SNR = 52.00 dB | SE = 17.015 bit/s/Hz
[60566 ms] [UE 21661] UL: SNR = 52.50 dB | SE = 17.179 bit/s/Hz
[60676 ms] [UE 61316] UL: SNR = 63.50 dB | SE = 20.778 bit/s/Hz
[60676 ms] [UE 54887] UL: SNR = 63.50 dB | SE = 20.778 bit/s/Hz
[60676 ms] [UE 41999] UL: SNR = 63.50 dB | SE = 20.778 bit/s/Hz
[60676 ms] [UE 10354] UL: SNR = 52.00 dB | SE = 17.015 bit/s/Hz
[60676 ms] [UE 21661] UL: SNR = 52.50 dB | SE = 17.179 bit/s/Hz
[60786 ms] [UE 61316] UL: SNR = 63.50 dB | SE = 20.778 bit/s/Hz
[60786 ms] [UE 54887] UL: SNR = 63.50 dB | SE = 20.778 bit/s/Hz
[60786 ms] [UE 41999] UL: SNR = 63.50 dB | SE = 20.778 bit/s/Hz
[60786 ms] [UE 10354] UL: SNR = 52.00 dB | SE = 17.015 bit/s/Hz
[60786 ms] [UE 21661] UL: SNR = 52.50 dB | SE = 17.179 bit/s/Hz
[60896 ms] [UE 61316] UL: SNR = 63.50 dB | SE = 20.778 bit/s/Hz
[60896 ms] [UE 54887] UL: SNR = 63.50 dB | SE = 20.778 bit/s/Hz
[60896 ms] [UE 41999] UL: SNR = 63.50 dB | SE = 20.778 bit/s/Hz
[60896 ms] [UE 10354] UL: SNR = 52.00 dB | SE = 17.015 bit/s/Hz
[60896 ms] [UE 21661] UL: SNR = 52.50 dB | SE = 17.179 bit/s/Hz
[60996 ms] [UE 61316] UL: SNR = 63.50 dB | SE = 20.778 bit/s/Hz
[60996 ms] [UE 54887] UL: SNR = 63.50 dB | SE = 20.778 bit/s/Hz
[60996 ms] [UE 41999] UL: SNR = 63.50 dB | SE = 20.778 bit/s/Hz
[60996 ms] [UE 10354] UL: SNR = 52.00 dB | SE = 17.015 bit/s/Hz
[60996 ms] [UE 21661] UL: SNR = 52.50 dB | SE = 17.179 bit/s/Hz
[61096 ms] [UE 61316] UL: SNR = 63.50 dB | SE = 20.778 bit/s/Hz
[61096 ms] [UE 54887] UL: SNR = 63.50 dB | SE = 20.778 bit/s/Hz
[61096 ms] [UE 41999] UL: SNR = 63.50 dB | SE = 20.778 bit/s/Hz
[61096 ms] [UE 10354] UL: SNR = 52.00 dB | SE = 17.015 bit/s/Hz
[61096 ms] [UE 21661] UL: SNR = 52.50 dB | SE = 17.179 bit/s/Hz
[61206 ms] [UE 61316] UL: SNR = 63.50 dB | SE = 20.778 bit/s/Hz
[61206 ms] [UE 54887] UL: SNR = 63.50 dB | SE = 20.778 bit/s/Hz
[61206 ms] [UE 41999] UL: SNR = 63.50 dB | SE = 20.778 bit/s/Hz
[61206 ms] [UE 10354] UL: SNR = 52.00 dB | SE = 17.015 bit/s/Hz
[61206 ms] [UE 21661] UL: SNR = 52.50 dB | SE = 17.179 bit/s/Hz
[61316 ms] [UE 61316] UL: SNR = 63.50 dB | SE = 20.778 bit/s/Hz
[61316 ms] [UE 54887] UL: SNR = 63.50 dB | SE = 20.778 bit/s/Hz
[61316 ms] [UE 41999] UL: SNR = 63.50 dB | SE = 20.778 bit/s/Hz
[61316 ms] [UE 10354] UL: SNR = 52.00 dB | SE = 17.015 bit/s/Hz
[61316 ms] [UE 21661] UL: SNR = 52.50 dB | SE = 17.179 bit/s/Hz
[61416 ms] [UE 61316] UL: SNR = 63.50 dB | SE = 20.778 bit/s/Hz
[61416 ms] [UE 54887] UL: SNR = 63.50 dB | SE = 20.778 bit/s/Hz
[61416 ms] [UE 41999] UL: SNR = 63.50 dB | SE = 20.778 bit/s/Hz
[61416 ms] [UE 10354] UL: SNR = 52.00 dB | SE = 17.015 bit/s/Hz
[61416 ms] [UE 21661] UL: SNR = 52.50 dB | SE = 17.179 bit/s/Hz
[61526 ms] [UE 61316] UL: SNR = 63.50 dB | SE = 20.778 bit/s/Hz
[61526 ms] [UE 54887] UL: SNR = 63.50 dB | SE = 20.778 bit/s/Hz
[61526 ms] [UE 41999] UL: SNR = 63.50 dB | SE = 20.778 bit/s/Hz
[61526 ms] [UE 10354] UL: SNR = 52.00 dB | SE = 17.015 bit/s/Hz
[61526 ms] [UE 21661] UL: SNR = 52.50 dB | SE = 17.179 bit/s/Hz
[61636 ms] [UE 61316] UL: SNR = 63.50 dB | SE = 20.778 bit/s/Hz
[61636 ms] [UE 54887] UL: SNR = 63.50 dB | SE = 20.778 bit/s/Hz
[61636 ms] [UE 41999] UL: SNR = 63.50 dB | SE = 20.778 bit/s/Hz
[61636 ms] [UE 10354] UL: SNR = 63.50 dB | SE = 20.778 bit/s/Hz
[61636 ms] [UE 21661] UL: SNR = 52.50 dB | SE = 17.179 bit/s/Hz
[61736 ms] [UE 61316] UL: SNR = 63.50 dB | SE = 20.778 bit/s/Hz
[61736 ms] [UE 54887] UL: SNR = 63.50 dB | SE = 20.778 bit/s/Hz
[61736 ms] [UE 41999] UL: SNR = 63.50 dB | SE = 20.778 bit/s/Hz
[61736 ms] [UE 10354] UL: SNR = 63.50 dB | SE = 20.778 bit/s/Hz
[61736 ms] [UE 21661] UL: SNR = 52.50 dB | SE = 17.179 bit/s/Hz
[61846 ms] [UE 61316] UL: SNR = 63.50 dB | SE = 20.778 bit/s/Hz
[61846 ms] [UE 54887] UL: SNR = 63.50 dB | SE = 20.778 bit/s/Hz
[61846 ms] [UE 41999] UL: SNR = 63.50 dB | SE = 20.778 bit/s/Hz
[61846 ms] [UE 10354] UL: SNR = 63.50 dB | SE = 20.778 bit/s/Hz
[61846 ms] [UE 21661] UL: SNR = 52.50 dB | SE = 17.179 bit/s/Hz
[61946 ms] [UE 61316] UL: SNR = 63.50 dB | SE = 20.778 bit/s/Hz
[61946 ms] [UE 54887] UL: SNR = 63.50 dB | SE = 20.778 bit/s/Hz
[61946 ms] [UE 41999] UL: SNR = 63.50 dB | SE = 20.778 bit/s/Hz
[61946 ms] [UE 10354] UL: SNR = 63.50 dB | SE = 20.778 bit/s/Hz
[61946 ms] [UE 21661] UL: SNR = 52.50 dB | SE = 17.179 bit/s/Hz
[62046 ms] [UE 61316] UL: SNR = 63.50 dB | SE = 20.778 bit/s/Hz
[62046 ms] [UE 54887] UL: SNR = 63.50 dB | SE = 20.778 bit/s/Hz
[62046 ms] [UE 41999] UL: SNR = 63.50 dB | SE = 20.778 bit/s/Hz
[62046 ms] [UE 10354] UL: SNR = 63.50 dB | SE = 20.778 bit/s/Hz
[62046 ms] [UE 21661] UL: SNR = 52.50 dB | SE = 17.179 bit/s/Hz
[62156 ms] [UE 61316] UL: SNR = 63.50 dB | SE = 20.778 bit/s/Hz
[62156 ms] [UE 54887] UL: SNR = 63.50 dB | SE = 20.778 bit/s/Hz
[62156 ms] [UE 41999] UL: SNR = 63.50 dB | SE = 20.778 bit/s/Hz
[62156 ms] [UE 10354] UL: SNR = 63.50 dB | SE = 20.778 bit/s/Hz
[62156 ms] [UE 21661] UL: SNR = 52.50 dB | SE = 17.179 bit/s/Hz
[62256 ms] [UE 61316] UL: SNR = 63.50 dB | SE = 20.778 bit/s/Hz
[62256 ms] [UE 54887] UL: SNR = 63.50 dB | SE = 20.778 bit/s/Hz
[62256 ms] [UE 41999] UL: SNR = 63.50 dB | SE = 20.778 bit/s/Hz
[62256 ms] [UE 10354] UL: SNR = 63.50 dB | SE = 20.778 bit/s/Hz
[62256 ms] [UE 21661] UL: SNR = 52.50 dB | SE = 17.179 bit/s/Hz
[62366 ms] [UE 61316] UL: SNR = 63.50 dB | SE = 20.778 bit/s/Hz
[62366 ms] [UE 54887] UL: SNR = 63.50 dB | SE = 20.778 bit/s/Hz
[62366 ms] [UE 41999] UL: SNR = 63.50 dB | SE = 20.778 bit/s/Hz
[62366 ms] [UE 10354] UL: SNR = 63.50 dB | SE = 20.778 bit/s/Hz
[62366 ms] [UE 21661] UL: SNR = 52.50 dB | SE = 17.179 bit/s/Hz
[62466 ms] [UE 61316] UL: SNR = 63.50 dB | SE = 20.778 bit/s/Hz
[62466 ms] [UE 54887] UL: SNR = 63.50 dB | SE = 20.778 bit/s/Hz
[62466 ms] [UE 41999] UL: SNR = 63.50 dB | SE = 20.778 bit/s/Hz
[62466 ms] [UE 10354] UL: SNR = 63.50 dB | SE = 20.778 bit/s/Hz
[62466 ms] [UE 21661] UL: SNR = 52.50 dB | SE = 17.179 bit/s/Hz
[62576 ms] [UE 61316] UL: SNR = 63.50 dB | SE = 20.778 bit/s/Hz
[62576 ms] [UE 54887] UL: SNR = 63.50 dB | SE = 20.778 bit/s/Hz
[62576 ms] [UE 41999] UL: SNR = 63.50 dB | SE = 20.778 bit/s/Hz
[62576 ms] [UE 10354] UL: SNR = 63.50 dB | SE = 20.778 bit/s/Hz
[62576 ms] [UE 21661] UL: SNR = 52.50 dB | SE = 17.179 bit/s/Hz
[62677 ms] [UE 61316] UL: SNR = 63.50 dB | SE = 20.778 bit/s/Hz
[62677 ms] [UE 54887] UL: SNR = 63.50 dB | SE = 20.778 bit/s/Hz
[62677 ms] [UE 41999] UL: SNR = 63.50 dB | SE = 20.778 bit/s/Hz
[62677 ms] [UE 10354] UL: SNR = 63.50 dB | SE = 20.778 bit/s/Hz
[62677 ms] [UE 21661] UL: SNR = 52.50 dB | SE = 17.179 bit/s/Hz
[62787 ms] [UE 61316] UL: SNR = 63.50 dB | SE = 20.778 bit/s/Hz
[62787 ms] [UE 54887] UL: SNR = 63.50 dB | SE = 20.778 bit/s/Hz
[62787 ms] [UE 41999] UL: SNR = 63.50 dB | SE = 20.778 bit/s/Hz
[62787 ms] [UE 10354] UL: SNR = 63.50 dB | SE = 20.778 bit/s/Hz
[62787 ms] [UE 21661] UL: SNR = 52.50 dB | SE = 17.179 bit/s/Hz
[62896 ms] [UE 61316] UL: SNR = 63.50 dB | SE = 20.778 bit/s/Hz
[62896 ms] [UE 54887] UL: SNR = 63.50 dB | SE = 20.778 bit/s/Hz
[62896 ms] [UE 41999] UL: SNR = 63.50 dB | SE = 20.778 bit/s/Hz
[62896 ms] [UE 10354] UL: SNR = 63.50 dB | SE = 20.778 bit/s/Hz
[62896 ms] [UE 21661] UL: SNR = 52.50 dB | SE = 17.179 bit/s/Hz
[63006 ms] [UE 61316] UL: SNR = 63.50 dB | SE = 20.778 bit/s/Hz
[63006 ms] [UE 54887] UL: SNR = 63.50 dB | SE = 20.778 bit/s/Hz
[63006 ms] [UE 41999] UL: SNR = 63.50 dB | SE = 20.778 bit/s/Hz
[63006 ms] [UE 10354] UL: SNR = 54.50 dB | SE = 17.833 bit/s/Hz
[63006 ms] [UE 21661] UL: SNR = 52.50 dB | SE = 17.179 bit/s/Hz
[63106 ms] [UE 61316] UL: SNR = 63.50 dB | SE = 20.778 bit/s/Hz
[63106 ms] [UE 54887] UL: SNR = 63.50 dB | SE = 20.778 bit/s/Hz
[63106 ms] [UE 41999] UL: SNR = 63.50 dB | SE = 20.778 bit/s/Hz
[63106 ms] [UE 10354] UL: SNR = 54.50 dB | SE = 17.833 bit/s/Hz
[63106 ms] [UE 21661] UL: SNR = 52.50 dB | SE = 17.179 bit/s/Hz
[63206 ms] [UE 61316] UL: SNR = 63.50 dB | SE = 20.778 bit/s/Hz
[63206 ms] [UE 54887] UL: SNR = 63.50 dB | SE = 20.778 bit/s/Hz
[63206 ms] [UE 41999] UL: SNR = 63.50 dB | SE = 20.778 bit/s/Hz
[63206 ms] [UE 10354] UL: SNR = 52.00 dB | SE = 17.015 bit/s/Hz
[63206 ms] [UE 21661] UL: SNR = 52.50 dB | SE = 17.179 bit/s/Hz
[63316 ms] [UE 61316] UL: SNR = 63.50 dB | SE = 20.778 bit/s/Hz
[63316 ms] [UE 54887] UL: SNR = 63.50 dB | SE = 20.778 bit/s/Hz
[63316 ms] [UE 41999] UL: SNR = 63.50 dB | SE = 20.778 bit/s/Hz
[63316 ms] [UE 10354] UL: SNR = 52.00 dB | SE = 17.015 bit/s/Hz
[63316 ms] [UE 21661] UL: SNR = 52.50 dB | SE = 17.179 bit/s/Hz
[63416 ms] [UE 61316] UL: SNR = 63.50 dB | SE = 20.778 bit/s/Hz
[63416 ms] [UE 54887] UL: SNR = 63.50 dB | SE = 20.778 bit/s/Hz
[63416 ms] [UE 41999] UL: SNR = 63.50 dB | SE = 20.778 bit/s/Hz
[63416 ms] [UE 10354] UL: SNR = 52.00 dB | SE = 17.015 bit/s/Hz
[63416 ms] [UE 21661] UL: SNR = 52.50 dB | SE = 17.179 bit/s/Hz
[63525 ms] [UE 61316] UL: SNR = 63.50 dB | SE = 20.778 bit/s/Hz
[63525 ms] [UE 54887] UL: SNR = 63.50 dB | SE = 20.778 bit/s/Hz
[63525 ms] [UE 41999] UL: SNR = 63.50 dB | SE = 20.778 bit/s/Hz
[63525 ms] [UE 10354] UL: SNR = 52.00 dB | SE = 17.015 bit/s/Hz
[63525 ms] [UE 21661] UL: SNR = 52.50 dB | SE = 17.179 bit/s/Hz
[63626 ms] [UE 61316] UL: SNR = 63.50 dB | SE = 20.778 bit/s/Hz
[63626 ms] [UE 54887] UL: SNR = 63.50 dB | SE = 20.778 bit/s/Hz
[63626 ms] [UE 41999] UL: SNR = 63.50 dB | SE = 20.778 bit/s/Hz
[63626 ms] [UE 10354] UL: SNR = 52.00 dB | SE = 17.015 bit/s/Hz
[63626 ms] [UE 21661] UL: SNR = 52.50 dB | SE = 17.179 bit/s/Hz
[63726 ms] [UE 61316] UL: SNR = 63.50 dB | SE = 20.778 bit/s/Hz
[63726 ms] [UE 54887] UL: SNR = 63.50 dB | SE = 20.778 bit/s/Hz
[63726 ms] [UE 41999] UL: SNR = 63.50 dB | SE = 20.778 bit/s/Hz
[63726 ms] [UE 10354] UL: SNR = 52.00 dB | SE = 17.015 bit/s/Hz
[63726 ms] [UE 21661] UL: SNR = 52.50 dB | SE = 17.179 bit/s/Hz
[63826 ms] [UE 61316] UL: SNR = 63.50 dB | SE = 20.778 bit/s/Hz
[63826 ms] [UE 54887] UL: SNR = 63.50 dB | SE = 20.778 bit/s/Hz
[63826 ms] [UE 41999] UL: SNR = 63.50 dB | SE = 20.778 bit/s/Hz
[63826 ms] [UE 10354] UL: SNR = 52.00 dB | SE = 17.015 bit/s/Hz
[63826 ms] [UE 21661] UL: SNR = 52.50 dB | SE = 17.179 bit/s/Hz
[63936 ms] [UE 61316] UL: SNR = 63.50 dB | SE = 20.778 bit/s/Hz
[63936 ms] [UE 54887] UL: SNR = 63.50 dB | SE = 20.778 bit/s/Hz
[63936 ms] [UE 41999] UL: SNR = 63.50 dB | SE = 20.778 bit/s/Hz
[63936 ms] [UE 10354] UL: SNR = 52.00 dB | SE = 17.015 bit/s/Hz
[63936 ms] [UE 21661] UL: SNR = 52.50 dB | SE = 17.179 bit/s/Hz
[64037 ms] [UE 61316] UL: SNR = 63.50 dB | SE = 20.778 bit/s/Hz
[64037 ms] [UE 54887] UL: SNR = 63.50 dB | SE = 20.778 bit/s/Hz
[64037 ms] [UE 41999] UL: SNR = 63.50 dB | SE = 20.778 bit/s/Hz
[64037 ms] [UE 10354] UL: SNR = 52.00 dB | SE = 17.015 bit/s/Hz
[64037 ms] [UE 21661] UL: SNR = 52.50 dB | SE = 17.179 bit/s/Hz
[64147 ms] [UE 61316] UL: SNR = 63.50 dB | SE = 20.778 bit/s/Hz
[64147 ms] [UE 54887] UL: SNR = 63.50 dB | SE = 20.778 bit/s/Hz
[64147 ms] [UE 41999] UL: SNR = 63.50 dB | SE = 20.778 bit/s/Hz
[64147 ms] [UE 10354] UL: SNR = 52.00 dB | SE = 17.015 bit/s/Hz
[64147 ms] [UE 21661] UL: SNR = 52.50 dB | SE = 17.179 bit/s/Hz
[64256 ms] [UE 61316] UL: SNR = 63.50 dB | SE = 20.778 bit/s/Hz
[64256 ms] [UE 54887] UL: SNR = 63.50 dB | SE = 20.778 bit/s/Hz
[64256 ms] [UE 41999] UL: SNR = 63.50 dB | SE = 20.778 bit/s/Hz
[64256 ms] [UE 10354] UL: SNR = 52.00 dB | SE = 17.015 bit/s/Hz
[64256 ms] [UE 21661] UL: SNR = 52.50 dB | SE = 17.179 bit/s/Hz
[64356 ms] [UE 61316] UL: SNR = 63.50 dB | SE = 20.778 bit/s/Hz
[64356 ms] [UE 54887] UL: SNR = 63.50 dB | SE = 20.778 bit/s/Hz
[64356 ms] [UE 41999] UL: SNR = 63.50 dB | SE = 20.778 bit/s/Hz
[64356 ms] [UE 10354] UL: SNR = 52.00 dB | SE = 17.015 bit/s/Hz
[64356 ms] [UE 21661] UL: SNR = 52.50 dB | SE = 17.179 bit/s/Hz
[64466 ms] [UE 61316] UL: SNR = 63.50 dB | SE = 20.778 bit/s/Hz
[64466 ms] [UE 54887] UL: SNR = 63.50 dB | SE = 20.778 bit/s/Hz
[64466 ms] [UE 41999] UL: SNR = 63.50 dB | SE = 20.778 bit/s/Hz
[64466 ms] [UE 10354] UL: SNR = 52.00 dB | SE = 17.015 bit/s/Hz
[64466 ms] [UE 21661] UL: SNR = 52.50 dB | SE = 17.179 bit/s/Hz
[64566 ms] [UE 61316] UL: SNR = 63.50 dB | SE = 20.778 bit/s/Hz
[64566 ms] [UE 54887] UL: SNR = 63.50 dB | SE = 20.778 bit/s/Hz
[64566 ms] [UE 41999] UL: SNR = 63.50 dB | SE = 20.778 bit/s/Hz
[64566 ms] [UE 10354] UL: SNR = 52.00 dB | SE = 17.015 bit/s/Hz
[64566 ms] [UE 21661] UL: SNR = 52.50 dB | SE = 17.179 bit/s/Hz
[64666 ms] [UE 61316] UL: SNR = 63.50 dB | SE = 20.778 bit/s/Hz
[64666 ms] [UE 54887] UL: SNR = 63.50 dB | SE = 20.778 bit/s/Hz
[64666 ms] [UE 41999] UL: SNR = 63.50 dB | SE = 20.778 bit/s/Hz
[64666 ms] [UE 10354] UL: SNR = 52.00 dB | SE = 17.015 bit/s/Hz
[64666 ms] [UE 21661] UL: SNR = 52.50 dB | SE = 17.179 bit/s/Hz
[64776 ms] [UE 61316] UL: SNR = 63.50 dB | SE = 20.778 bit/s/Hz
[64776 ms] [UE 54887] UL: SNR = 63.50 dB | SE = 20.778 bit/s/Hz
[64776 ms] [UE 41999] UL: SNR = 63.50 dB | SE = 20.778 bit/s/Hz
[64776 ms] [UE 10354] UL: SNR = 52.00 dB | SE = 17.015 bit/s/Hz
[64776 ms] [UE 21661] UL: SNR = 52.50 dB | SE = 17.179 bit/s/Hz
[64886 ms] [UE 61316] UL: SNR = 63.50 dB | SE = 20.778 bit/s/Hz
[64886 ms] [UE 54887] UL: SNR = 63.50 dB | SE = 20.778 bit/s/Hz
[64886 ms] [UE 41999] UL: SNR = 63.50 dB | SE = 20.778 bit/s/Hz
[64886 ms] [UE 10354] UL: SNR = 52.00 dB | SE = 17.015 bit/s/Hz
[64886 ms] [UE 21661] UL: SNR = 52.50 dB | SE = 17.179 bit/s/Hz
[64986 ms] [UE 61316] UL: SNR = 63.50 dB | SE = 20.778 bit/s/Hz
[64986 ms] [UE 54887] UL: SNR = 63.50 dB | SE = 20.778 bit/s/Hz
[64986 ms] [UE 41999] UL: SNR = 63.50 dB | SE = 20.778 bit/s/Hz
[64986 ms] [UE 10354] UL: SNR = 52.00 dB | SE = 17.015 bit/s/Hz
[64986 ms] [UE 21661] UL: SNR = 52.50 dB | SE = 17.179 bit/s/Hz
[65086 ms] [UE 61316] UL: SNR = 63.50 dB | SE = 20.778 bit/s/Hz
[65086 ms] [UE 54887] UL: SNR = 63.50 dB | SE = 20.778 bit/s/Hz
[65086 ms] [UE 41999] UL: SNR = 63.50 dB | SE = 20.778 bit/s/Hz
[65086 ms] [UE 10354] UL: SNR = 52.00 dB | SE = 17.015 bit/s/Hz
[65086 ms] [UE 21661] UL: SNR = 52.50 dB | SE = 17.179 bit/s/Hz
[65196 ms] [UE 61316] UL: SNR = 63.50 dB | SE = 20.778 bit/s/Hz
[65196 ms] [UE 54887] UL: SNR = 63.50 dB | SE = 20.778 bit/s/Hz
[65196 ms] [UE 41999] UL: SNR = 63.50 dB | SE = 20.778 bit/s/Hz
[65196 ms] [UE 10354] UL: SNR = 52.00 dB | SE = 17.015 bit/s/Hz
[65196 ms] [UE 21661] UL: SNR = 52.50 dB | SE = 17.179 bit/s/Hz
[65306 ms] [UE 61316] UL: SNR = 63.50 dB | SE = 20.778 bit/s/Hz
[65306 ms] [UE 54887] UL: SNR = 63.50 dB | SE = 20.778 bit/s/Hz
[65306 ms] [UE 41999] UL: SNR = 63.50 dB | SE = 20.778 bit/s/Hz
[65306 ms] [UE 10354] UL: SNR = 52.00 dB | SE = 17.015 bit/s/Hz
[65306 ms] [UE 21661] UL: SNR = 52.50 dB | SE = 17.179 bit/s/Hz
[65406 ms] [UE 61316] UL: SNR = 63.50 dB | SE = 20.778 bit/s/Hz
[65406 ms] [UE 54887] UL: SNR = 63.50 dB | SE = 20.778 bit/s/Hz
[65406 ms] [UE 41999] UL: SNR = 63.50 dB | SE = 20.778 bit/s/Hz
[65406 ms] [UE 10354] UL: SNR = 52.00 dB | SE = 17.015 bit/s/Hz
[65406 ms] [UE 21661] UL: SNR = 52.50 dB | SE = 17.179 bit/s/Hz
[65516 ms] [UE 61316] UL: SNR = 63.50 dB | SE = 20.778 bit/s/Hz
[65516 ms] [UE 54887] UL: SNR = 63.50 dB | SE = 20.778 bit/s/Hz
[65516 ms] [UE 41999] UL: SNR = 63.50 dB | SE = 20.778 bit/s/Hz
[65516 ms] [UE 10354] UL: SNR = 52.00 dB | SE = 17.015 bit/s/Hz
[65516 ms] [UE 21661] UL: SNR = 52.50 dB | SE = 17.179 bit/s/Hz
[65616 ms] [UE 61316] UL: SNR = 63.50 dB | SE = 20.778 bit/s/Hz
[65616 ms] [UE 54887] UL: SNR = 63.50 dB | SE = 20.778 bit/s/Hz
[65616 ms] [UE 41999] UL: SNR = 63.50 dB | SE = 20.778 bit/s/Hz
[65616 ms] [UE 10354] UL: SNR = 52.00 dB | SE = 17.015 bit/s/Hz
[65616 ms] [UE 21661] UL: SNR = 52.50 dB | SE = 17.179 bit/s/Hz
[65727 ms] [UE 61316] UL: SNR = 63.50 dB | SE = 20.778 bit/s/Hz
[65727 ms] [UE 54887] UL: SNR = 63.50 dB | SE = 20.778 bit/s/Hz
[65727 ms] [UE 41999] UL: SNR = 63.50 dB | SE = 20.778 bit/s/Hz
[65727 ms] [UE 10354] UL: SNR = 52.00 dB | SE = 17.015 bit/s/Hz
[65727 ms] [UE 21661] UL: SNR = 52.50 dB | SE = 17.179 bit/s/Hz
[65836 ms] [UE 61316] UL: SNR = 63.50 dB | SE = 20.778 bit/s/Hz
[65836 ms] [UE 54887] UL: SNR = 63.50 dB | SE = 20.778 bit/s/Hz
[65836 ms] [UE 41999] UL: SNR = 63.50 dB | SE = 20.778 bit/s/Hz
[65836 ms] [UE 10354] UL: SNR = 52.00 dB | SE = 17.015 bit/s/Hz
[65836 ms] [UE 21661] UL: SNR = 52.50 dB | SE = 17.179 bit/s/Hz
[65946 ms] [UE 61316] UL: SNR = 63.50 dB | SE = 20.778 bit/s/Hz
[65946 ms] [UE 54887] UL: SNR = 63.50 dB | SE = 20.778 bit/s/Hz
[65946 ms] [UE 41999] UL: SNR = 63.50 dB | SE = 20.778 bit/s/Hz
[65946 ms] [UE 10354] UL: SNR = 52.00 dB | SE = 17.015 bit/s/Hz
[65946 ms] [UE 21661] UL: SNR = 52.50 dB | SE = 17.179 bit/s/Hz
[66056 ms] [UE 61316] UL: SNR = 63.50 dB | SE = 20.778 bit/s/Hz
[66056 ms] [UE 54887] UL: SNR = 63.50 dB | SE = 20.778 bit/s/Hz
[66056 ms] [UE 41999] UL: SNR = 63.50 dB | SE = 20.778 bit/s/Hz
[66056 ms] [UE 10354] UL: SNR = 52.00 dB | SE = 17.015 bit/s/Hz
[66056 ms] [UE 21661] UL: SNR = 52.50 dB | SE = 17.179 bit/s/Hz
[66156 ms] [UE 61316] UL: SNR = 63.50 dB | SE = 20.778 bit/s/Hz
[66156 ms] [UE 54887] UL: SNR = 63.50 dB | SE = 20.778 bit/s/Hz
[66156 ms] [UE 41999] UL: SNR = 63.50 dB | SE = 20.778 bit/s/Hz
[66156 ms] [UE 10354] UL: SNR = 52.00 dB | SE = 17.015 bit/s/Hz
[66156 ms] [UE 21661] UL: SNR = 52.50 dB | SE = 17.179 bit/s/Hz
[66266 ms] [UE 61316] UL: SNR = 63.50 dB | SE = 20.778 bit/s/Hz
[66266 ms] [UE 54887] UL: SNR = 63.50 dB | SE = 20.778 bit/s/Hz
[66266 ms] [UE 41999] UL: SNR = 63.50 dB | SE = 20.778 bit/s/Hz
[66266 ms] [UE 10354] UL: SNR = 52.00 dB | SE = 17.015 bit/s/Hz
[66266 ms] [UE 21661] UL: SNR = 52.50 dB | SE = 17.179 bit/s/Hz
[66377 ms] [UE 61316] UL: SNR = 63.50 dB | SE = 20.778 bit/s/Hz
[66377 ms] [UE 54887] UL: SNR = 63.50 dB | SE = 20.778 bit/s/Hz
[66377 ms] [UE 41999] UL: SNR = 63.50 dB | SE = 20.778 bit/s/Hz
[66377 ms] [UE 10354] UL: SNR = 52.00 dB | SE = 17.015 bit/s/Hz
[66377 ms] [UE 21661] UL: SNR = 52.50 dB | SE = 17.179 bit/s/Hz
[66486 ms] [UE 61316] UL: SNR = 63.50 dB | SE = 20.778 bit/s/Hz
[66486 ms] [UE 54887] UL: SNR = 63.50 dB | SE = 20.778 bit/s/Hz
[66486 ms] [UE 41999] UL: SNR = 63.50 dB | SE = 20.778 bit/s/Hz
[66486 ms] [UE 10354] UL: SNR = 52.00 dB | SE = 17.015 bit/s/Hz
[66486 ms] [UE 21661] UL: SNR = 52.50 dB | SE = 17.179 bit/s/Hz
[66596 ms] [UE 61316] UL: SNR = 63.50 dB | SE = 20.778 bit/s/Hz
[66596 ms] [UE 54887] UL: SNR = 63.50 dB | SE = 20.778 bit/s/Hz
[66596 ms] [UE 41999] UL: SNR = 63.50 dB | SE = 20.778 bit/s/Hz
[66596 ms] [UE 10354] UL: SNR = 52.00 dB | SE = 17.015 bit/s/Hz
[66596 ms] [UE 21661] UL: SNR = 52.50 dB | SE = 17.179 bit/s/Hz
[66696 ms] [UE 61316] UL: SNR = 63.50 dB | SE = 20.778 bit/s/Hz
[66696 ms] [UE 54887] UL: SNR = 63.50 dB | SE = 20.778 bit/s/Hz
[66696 ms] [UE 41999] UL: SNR = 63.50 dB | SE = 20.778 bit/s/Hz
[66696 ms] [UE 10354] UL: SNR = 52.00 dB | SE = 17.015 bit/s/Hz
[66696 ms] [UE 21661] UL: SNR = 52.50 dB | SE = 17.179 bit/s/Hz
[66796 ms] [UE 61316] UL: SNR = 63.50 dB | SE = 20.778 bit/s/Hz
[66796 ms] [UE 54887] UL: SNR = 63.50 dB | SE = 20.778 bit/s/Hz
[66796 ms] [UE 41999] UL: SNR = 63.50 dB | SE = 20.778 bit/s/Hz
[66796 ms] [UE 10354] UL: SNR = 54.50 dB | SE = 17.833 bit/s/Hz
[66796 ms] [UE 21661] UL: SNR = 52.50 dB | SE = 17.179 bit/s/Hz
[66906 ms] [UE 61316] UL: SNR = 63.50 dB | SE = 20.778 bit/s/Hz
[66906 ms] [UE 54887] UL: SNR = 63.50 dB | SE = 20.778 bit/s/Hz
[66906 ms] [UE 41999] UL: SNR = 63.50 dB | SE = 20.778 bit/s/Hz
[66906 ms] [UE 10354] UL: SNR = 54.50 dB | SE = 17.833 bit/s/Hz
[66906 ms] [UE 21661] UL: SNR = 52.50 dB | SE = 17.179 bit/s/Hz
[67006 ms] [UE 61316] UL: SNR = 63.50 dB | SE = 20.778 bit/s/Hz
[67006 ms] [UE 54887] UL: SNR = 63.50 dB | SE = 20.778 bit/s/Hz
[67006 ms] [UE 41999] UL: SNR = 63.50 dB | SE = 20.778 bit/s/Hz
[67006 ms] [UE 10354] UL: SNR = 52.00 dB | SE = 17.015 bit/s/Hz
[67006 ms] [UE 21661] UL: SNR = 52.50 dB | SE = 17.179 bit/s/Hz
[67116 ms] [UE 61316] UL: SNR = 63.50 dB | SE = 20.778 bit/s/Hz
[67116 ms] [UE 54887] UL: SNR = 63.50 dB | SE = 20.778 bit/s/Hz
[67116 ms] [UE 41999] UL: SNR = 63.50 dB | SE = 20.778 bit/s/Hz
[67116 ms] [UE 10354] UL: SNR = 52.00 dB | SE = 17.015 bit/s/Hz
[67116 ms] [UE 21661] UL: SNR = 52.50 dB | SE = 17.179 bit/s/Hz
[67216 ms] [UE 61316] UL: SNR = 63.50 dB | SE = 20.778 bit/s/Hz
[67216 ms] [UE 54887] UL: SNR = 63.50 dB | SE = 20.778 bit/s/Hz
[67216 ms] [UE 41999] UL: SNR = 63.50 dB | SE = 20.778 bit/s/Hz
[67216 ms] [UE 10354] UL: SNR = 52.00 dB | SE = 17.015 bit/s/Hz
[67216 ms] [UE 21661] UL: SNR = 52.50 dB | SE = 17.179 bit/s/Hz
[67326 ms] [UE 61316] UL: SNR = 63.50 dB | SE = 20.778 bit/s/Hz
[67326 ms] [UE 54887] UL: SNR = 63.50 dB | SE = 20.778 bit/s/Hz
[67326 ms] [UE 41999] UL: SNR = 63.50 dB | SE = 20.778 bit/s/Hz
[67326 ms] [UE 10354] UL: SNR = 52.00 dB | SE = 17.015 bit/s/Hz
[67326 ms] [UE 21661] UL: SNR = 52.50 dB | SE = 17.179 bit/s/Hz
[67436 ms] [UE 61316] UL: SNR = 63.50 dB | SE = 20.778 bit/s/Hz
[67436 ms] [UE 54887] UL: SNR = 63.50 dB | SE = 20.778 bit/s/Hz
[67436 ms] [UE 41999] UL: SNR = 63.50 dB | SE = 20.778 bit/s/Hz
[67436 ms] [UE 10354] UL: SNR = 52.00 dB | SE = 17.015 bit/s/Hz
[67436 ms] [UE 21661] UL: SNR = 52.50 dB | SE = 17.179 bit/s/Hz
[67546 ms] [UE 61316] UL: SNR = 63.50 dB | SE = 20.778 bit/s/Hz
[67546 ms] [UE 54887] UL: SNR = 63.50 dB | SE = 20.778 bit/s/Hz
[67546 ms] [UE 41999] UL: SNR = 63.50 dB | SE = 20.778 bit/s/Hz
[67546 ms] [UE 10354] UL: SNR = 52.00 dB | SE = 17.015 bit/s/Hz
[67546 ms] [UE 21661] UL: SNR = 52.50 dB | SE = 17.179 bit/s/Hz
[67646 ms] [UE 61316] UL: SNR = 63.50 dB | SE = 20.778 bit/s/Hz
[67646 ms] [UE 54887] UL: SNR = 63.50 dB | SE = 20.778 bit/s/Hz
[67646 ms] [UE 41999] UL: SNR = 63.50 dB | SE = 20.778 bit/s/Hz
[67646 ms] [UE 10354] UL: SNR = 52.00 dB | SE = 17.015 bit/s/Hz
[67646 ms] [UE 21661] UL: SNR = 52.50 dB | SE = 17.179 bit/s/Hz
[67756 ms] [UE 61316] UL: SNR = 63.50 dB | SE = 20.778 bit/s/Hz
[67756 ms] [UE 54887] UL: SNR = 63.50 dB | SE = 20.778 bit/s/Hz
[67756 ms] [UE 41999] UL: SNR = 63.50 dB | SE = 20.778 bit/s/Hz
[67756 ms] [UE 10354] UL: SNR = 52.00 dB | SE = 17.015 bit/s/Hz
[67756 ms] [UE 21661] UL: SNR = 52.50 dB | SE = 17.179 bit/s/Hz
[67856 ms] [UE 61316] UL: SNR = 63.50 dB | SE = 20.778 bit/s/Hz
[67856 ms] [UE 54887] UL: SNR = 63.50 dB | SE = 20.778 bit/s/Hz
[67856 ms] [UE 41999] UL: SNR = 63.50 dB | SE = 20.778 bit/s/Hz
[67856 ms] [UE 10354] UL: SNR = 52.00 dB | SE = 17.015 bit/s/Hz
[67856 ms] [UE 21661] UL: SNR = 52.50 dB | SE = 17.179 bit/s/Hz
[67956 ms] [UE 61316] UL: SNR = 63.50 dB | SE = 20.778 bit/s/Hz
[67956 ms] [UE 54887] UL: SNR = 63.50 dB | SE = 20.778 bit/s/Hz
[67956 ms] [UE 41999] UL: SNR = 63.50 dB | SE = 20.778 bit/s/Hz
[67956 ms] [UE 10354] UL: SNR = 52.00 dB | SE = 17.015 bit/s/Hz
[67956 ms] [UE 21661] UL: SNR = 52.50 dB | SE = 17.179 bit/s/Hz
[68056 ms] [UE 61316] UL: SNR = 63.50 dB | SE = 20.778 bit/s/Hz
[68056 ms] [UE 54887] UL: SNR = 63.50 dB | SE = 20.778 bit/s/Hz
[68056 ms] [UE 41999] UL: SNR = 63.50 dB | SE = 20.778 bit/s/Hz
[68056 ms] [UE 10354] UL: SNR = 52.00 dB | SE = 17.015 bit/s/Hz
[68056 ms] [UE 21661] UL: SNR = 52.50 dB | SE = 17.179 bit/s/Hz
[68166 ms] [UE 61316] UL: SNR = 63.50 dB | SE = 20.778 bit/s/Hz
[68166 ms] [UE 54887] UL: SNR = 63.50 dB | SE = 20.778 bit/s/Hz
[68166 ms] [UE 41999] UL: SNR = 63.50 dB | SE = 20.778 bit/s/Hz
[68166 ms] [UE 10354] UL: SNR = 52.00 dB | SE = 17.015 bit/s/Hz
[68166 ms] [UE 21661] UL: SNR = 52.50 dB | SE = 17.179 bit/s/Hz
[68276 ms] [UE 61316] UL: SNR = 63.50 dB | SE = 20.778 bit/s/Hz
[68276 ms] [UE 54887] UL: SNR = 63.50 dB | SE = 20.778 bit/s/Hz
[68276 ms] [UE 41999] UL: SNR = 63.50 dB | SE = 20.778 bit/s/Hz
[68276 ms] [UE 10354] UL: SNR = 52.00 dB | SE = 17.015 bit/s/Hz
[68276 ms] [UE 21661] UL: SNR = 52.50 dB | SE = 17.179 bit/s/Hz
[68386 ms] [UE 61316] UL: SNR = 63.50 dB | SE = 20.778 bit/s/Hz
[68386 ms] [UE 54887] UL: SNR = 63.50 dB | SE = 20.778 bit/s/Hz
[68386 ms] [UE 41999] UL: SNR = 63.50 dB | SE = 20.778 bit/s/Hz
[68386 ms] [UE 10354] UL: SNR = 52.00 dB | SE = 17.015 bit/s/Hz
[68386 ms] [UE 21661] UL: SNR = 52.50 dB | SE = 17.179 bit/s/Hz
[68496 ms] [UE 61316] UL: SNR = 63.50 dB | SE = 20.778 bit/s/Hz
[68496 ms] [UE 54887] UL: SNR = 63.50 dB | SE = 20.778 bit/s/Hz
[68496 ms] [UE 41999] UL: SNR = 63.50 dB | SE = 20.778 bit/s/Hz
[68496 ms] [UE 10354] UL: SNR = 52.00 dB | SE = 17.015 bit/s/Hz
[68496 ms] [UE 21661] UL: SNR = 52.50 dB | SE = 17.179 bit/s/Hz
[68606 ms] [UE 61316] UL: SNR = 63.50 dB | SE = 20.778 bit/s/Hz
[68606 ms] [UE 54887] UL: SNR = 63.50 dB | SE = 20.778 bit/s/Hz
[68606 ms] [UE 41999] UL: SNR = 63.50 dB | SE = 20.778 bit/s/Hz
[68606 ms] [UE 10354] UL: SNR = 52.00 dB | SE = 17.015 bit/s/Hz
[68606 ms] [UE 21661] UL: SNR = 52.50 dB | SE = 17.179 bit/s/Hz
[68706 ms] [UE 61316] UL: SNR = 63.50 dB | SE = 20.778 bit/s/Hz
[68706 ms] [UE 54887] UL: SNR = 63.50 dB | SE = 20.778 bit/s/Hz
[68706 ms] [UE 41999] UL: SNR = 63.50 dB | SE = 20.778 bit/s/Hz
[68706 ms] [UE 10354] UL: SNR = 52.00 dB | SE = 17.015 bit/s/Hz
[68706 ms] [UE 21661] UL: SNR = 52.50 dB | SE = 17.179 bit/s/Hz
[68816 ms] [UE 61316] UL: SNR = 63.50 dB | SE = 20.778 bit/s/Hz
[68816 ms] [UE 54887] UL: SNR = 63.50 dB | SE = 20.778 bit/s/Hz
[68816 ms] [UE 41999] UL: SNR = 63.50 dB | SE = 20.778 bit/s/Hz
[68816 ms] [UE 10354] UL: SNR = 52.00 dB | SE = 17.015 bit/s/Hz
[68816 ms] [UE 21661] UL: SNR = 52.50 dB | SE = 17.179 bit/s/Hz
[68926 ms] [UE 61316] UL: SNR = 63.50 dB | SE = 20.778 bit/s/Hz
[68926 ms] [UE 54887] UL: SNR = 63.50 dB | SE = 20.778 bit/s/Hz
[68926 ms] [UE 41999] UL: SNR = 63.50 dB | SE = 20.778 bit/s/Hz
[68926 ms] [UE 10354] UL: SNR = 52.00 dB | SE = 17.015 bit/s/Hz
[68926 ms] [UE 21661] UL: SNR = 52.50 dB | SE = 17.179 bit/s/Hz
[69026 ms] [UE 61316] UL: SNR = 63.50 dB | SE = 20.778 bit/s/Hz
[69026 ms] [UE 54887] UL: SNR = 63.50 dB | SE = 20.778 bit/s/Hz
[69026 ms] [UE 41999] UL: SNR = 63.50 dB | SE = 20.778 bit/s/Hz
[69026 ms] [UE 10354] UL: SNR = 52.00 dB | SE = 17.015 bit/s/Hz
[69026 ms] [UE 21661] UL: SNR = 52.50 dB | SE = 17.179 bit/s/Hz
[69136 ms] [UE 61316] UL: SNR = 63.50 dB | SE = 20.778 bit/s/Hz
[69136 ms] [UE 54887] UL: SNR = 63.50 dB | SE = 20.778 bit/s/Hz
[69136 ms] [UE 41999] UL: SNR = 63.50 dB | SE = 20.778 bit/s/Hz
[69136 ms] [UE 10354] UL: SNR = 52.00 dB | SE = 17.015 bit/s/Hz
[69136 ms] [UE 21661] UL: SNR = 52.50 dB | SE = 17.179 bit/s/Hz
[69246 ms] [UE 61316] UL: SNR = 63.50 dB | SE = 20.778 bit/s/Hz
[69246 ms] [UE 54887] UL: SNR = 63.50 dB | SE = 20.778 bit/s/Hz
[69246 ms] [UE 41999] UL: SNR = 63.50 dB | SE = 20.778 bit/s/Hz
[69246 ms] [UE 10354] UL: SNR = 52.00 dB | SE = 17.015 bit/s/Hz
[69246 ms] [UE 21661] UL: SNR = 52.50 dB | SE = 17.179 bit/s/Hz
[69356 ms] [UE 61316] UL: SNR = 63.50 dB | SE = 20.778 bit/s/Hz
[69356 ms] [UE 54887] UL: SNR = 63.50 dB | SE = 20.778 bit/s/Hz
[69356 ms] [UE 41999] UL: SNR = 63.50 dB | SE = 20.778 bit/s/Hz
[69356 ms] [UE 10354] UL: SNR = 52.00 dB | SE = 17.015 bit/s/Hz
[69356 ms] [UE 21661] UL: SNR = 52.50 dB | SE = 17.179 bit/s/Hz
[69456 ms] [UE 61316] UL: SNR = 63.50 dB | SE = 20.778 bit/s/Hz
[69456 ms] [UE 54887] UL: SNR = 63.50 dB | SE = 20.778 bit/s/Hz
[69456 ms] [UE 41999] UL: SNR = 63.50 dB | SE = 20.778 bit/s/Hz
[69456 ms] [UE 10354] UL: SNR = 52.00 dB | SE = 17.015 bit/s/Hz
[69456 ms] [UE 21661] UL: SNR = 52.50 dB | SE = 17.179 bit/s/Hz
[69566 ms] [UE 61316] UL: SNR = 63.50 dB | SE = 20.778 bit/s/Hz
[69566 ms] [UE 54887] UL: SNR = 63.50 dB | SE = 20.778 bit/s/Hz
[69566 ms] [UE 41999] UL: SNR = 63.50 dB | SE = 20.778 bit/s/Hz
[69566 ms] [UE 10354] UL: SNR = 52.00 dB | SE = 17.015 bit/s/Hz
[69566 ms] [UE 21661] UL: SNR = 52.50 dB | SE = 17.179 bit/s/Hz
[69666 ms] [UE 61316] UL: SNR = 63.50 dB | SE = 20.778 bit/s/Hz
[69666 ms] [UE 54887] UL: SNR = 63.50 dB | SE = 20.778 bit/s/Hz
[69666 ms] [UE 41999] UL: SNR = 63.50 dB | SE = 20.778 bit/s/Hz
[69666 ms] [UE 10354] UL: SNR = 52.00 dB | SE = 17.015 bit/s/Hz
[69666 ms] [UE 21661] UL: SNR = 52.50 dB | SE = 17.179 bit/s/Hz
[69776 ms] [UE 61316] UL: SNR = 63.50 dB | SE = 20.778 bit/s/Hz
[69776 ms] [UE 54887] UL: SNR = 63.50 dB | SE = 20.778 bit/s/Hz
[69776 ms] [UE 41999] UL: SNR = 63.50 dB | SE = 20.778 bit/s/Hz
[69776 ms] [UE 10354] UL: SNR = 52.00 dB | SE = 17.015 bit/s/Hz
[69776 ms] [UE 21661] UL: SNR = 52.50 dB | SE = 17.179 bit/s/Hz
[69886 ms] [UE 61316] UL: SNR = 63.50 dB | SE = 20.778 bit/s/Hz
[69886 ms] [UE 54887] UL: SNR = 63.50 dB | SE = 20.778 bit/s/Hz
[69886 ms] [UE 41999] UL: SNR = 63.50 dB | SE = 20.778 bit/s/Hz
[69886 ms] [UE 10354] UL: SNR = 52.00 dB | SE = 17.015 bit/s/Hz
[69886 ms] [UE 21661] UL: SNR = 52.50 dB | SE = 17.179 bit/s/Hz
[69986 ms] [UE 61316] UL: SNR = 63.50 dB | SE = 20.778 bit/s/Hz
[69986 ms] [UE 54887] UL: SNR = 63.50 dB | SE = 20.778 bit/s/Hz
[69986 ms] [UE 41999] UL: SNR = 63.50 dB | SE = 20.778 bit/s/Hz
[69986 ms] [UE 10354] UL: SNR = 52.00 dB | SE = 17.015 bit/s/Hz
[69986 ms] [UE 21661] UL: SNR = 52.50 dB | SE = 17.179 bit/s/Hz
[70096 ms] [UE 61316] UL: SNR = 63.50 dB | SE = 20.778 bit/s/Hz
[70096 ms] [UE 54887] UL: SNR = 63.50 dB | SE = 20.778 bit/s/Hz
[70096 ms] [UE 41999] UL: SNR = 63.50 dB | SE = 20.778 bit/s/Hz
[70096 ms] [UE 10354] UL: SNR = 52.00 dB | SE = 17.015 bit/s/Hz
[70096 ms] [UE 21661] UL: SNR = 52.50 dB | SE = 17.179 bit/s/Hz
[70196 ms] [UE 61316] UL: SNR = 63.50 dB | SE = 20.778 bit/s/Hz
[70196 ms] [UE 54887] UL: SNR = 63.50 dB | SE = 20.778 bit/s/Hz
[70196 ms] [UE 41999] UL: SNR = 63.50 dB | SE = 20.778 bit/s/Hz
[70196 ms] [UE 10354] UL: SNR = 52.00 dB | SE = 17.015 bit/s/Hz
[70196 ms] [UE 21661] UL: SNR = 52.50 dB | SE = 17.179 bit/s/Hz
[70306 ms] [UE 61316] UL: SNR = 63.50 dB | SE = 20.778 bit/s/Hz
[70306 ms] [UE 54887] UL: SNR = 63.50 dB | SE = 20.778 bit/s/Hz
[70306 ms] [UE 41999] UL: SNR = 63.50 dB | SE = 20.778 bit/s/Hz
[70306 ms] [UE 10354] UL: SNR = 52.00 dB | SE = 17.015 bit/s/Hz
[70306 ms] [UE 21661] UL: SNR = 52.50 dB | SE = 17.179 bit/s/Hz
[70406 ms] [UE 61316] UL: SNR = 63.50 dB | SE = 20.778 bit/s/Hz
[70406 ms] [UE 54887] UL: SNR = 63.50 dB | SE = 20.778 bit/s/Hz
[70406 ms] [UE 41999] UL: SNR = 63.50 dB | SE = 20.778 bit/s/Hz
[70406 ms] [UE 10354] UL: SNR = 54.50 dB | SE = 17.833 bit/s/Hz
[70406 ms] [UE 21661] UL: SNR = 52.50 dB | SE = 17.179 bit/s/Hz
[70506 ms] [UE 61316] UL: SNR = 63.50 dB | SE = 20.778 bit/s/Hz
[70506 ms] [UE 54887] UL: SNR = 63.50 dB | SE = 20.778 bit/s/Hz
[70506 ms] [UE 41999] UL: SNR = 63.50 dB | SE = 20.778 bit/s/Hz
[70506 ms] [UE 10354] UL: SNR = 54.50 dB | SE = 17.833 bit/s/Hz
[70506 ms] [UE 21661] UL: SNR = 52.50 dB | SE = 17.179 bit/s/Hz
[70606 ms] [UE 61316] UL: SNR = 63.50 dB | SE = 20.778 bit/s/Hz
[70606 ms] [UE 54887] UL: SNR = 63.50 dB | SE = 20.778 bit/s/Hz
[70606 ms] [UE 41999] UL: SNR = 63.50 dB | SE = 20.778 bit/s/Hz
[70606 ms] [UE 10354] UL: SNR = 54.50 dB | SE = 17.833 bit/s/Hz
[70606 ms] [UE 21661] UL: SNR = 52.50 dB | SE = 17.179 bit/s/Hz
[70716 ms] [UE 61316] UL: SNR = 63.50 dB | SE = 20.778 bit/s/Hz
[70716 ms] [UE 54887] UL: SNR = 63.50 dB | SE = 20.778 bit/s/Hz
[70716 ms] [UE 41999] UL: SNR = 63.50 dB | SE = 20.778 bit/s/Hz
[70716 ms] [UE 10354] UL: SNR = 52.00 dB | SE = 17.015 bit/s/Hz
[70716 ms] [UE 21661] UL: SNR = 52.50 dB | SE = 17.179 bit/s/Hz
[70816 ms] [UE 61316] UL: SNR = 63.50 dB | SE = 20.778 bit/s/Hz
[70816 ms] [UE 54887] UL: SNR = 63.50 dB | SE = 20.778 bit/s/Hz
[70816 ms] [UE 41999] UL: SNR = 63.50 dB | SE = 20.778 bit/s/Hz
[70816 ms] [UE 10354] UL: SNR = 52.00 dB | SE = 17.015 bit/s/Hz
[70816 ms] [UE 21661] UL: SNR = 52.50 dB | SE = 17.179 bit/s/Hz
[70926 ms] [UE 61316] UL: SNR = 63.50 dB | SE = 20.778 bit/s/Hz
[70926 ms] [UE 54887] UL: SNR = 63.50 dB | SE = 20.778 bit/s/Hz
[70926 ms] [UE 41999] UL: SNR = 63.50 dB | SE = 20.778 bit/s/Hz
[70926 ms] [UE 10354] UL: SNR = 52.00 dB | SE = 17.015 bit/s/Hz
[70926 ms] [UE 21661] UL: SNR = 52.50 dB | SE = 17.179 bit/s/Hz
[71036 ms] [UE 61316] UL: SNR = 63.50 dB | SE = 20.778 bit/s/Hz
[71036 ms] [UE 54887] UL: SNR = 63.50 dB | SE = 20.778 bit/s/Hz
[71036 ms] [UE 41999] UL: SNR = 63.50 dB | SE = 20.778 bit/s/Hz
[71036 ms] [UE 10354] UL: SNR = 52.00 dB | SE = 17.015 bit/s/Hz
[71036 ms] [UE 21661] UL: SNR = 52.50 dB | SE = 17.179 bit/s/Hz
[71136 ms] [UE 61316] UL: SNR = 63.50 dB | SE = 20.778 bit/s/Hz
[71136 ms] [UE 54887] UL: SNR = 63.50 dB | SE = 20.778 bit/s/Hz
[71136 ms] [UE 41999] UL: SNR = 63.50 dB | SE = 20.778 bit/s/Hz
[71136 ms] [UE 10354] UL: SNR = 52.00 dB | SE = 17.015 bit/s/Hz
[71136 ms] [UE 21661] UL: SNR = 52.50 dB | SE = 17.179 bit/s/Hz
[71246 ms] [UE 61316] UL: SNR = 63.50 dB | SE = 20.778 bit/s/Hz
[71246 ms] [UE 54887] UL: SNR = 63.50 dB | SE = 20.778 bit/s/Hz
[71246 ms] [UE 41999] UL: SNR = 63.50 dB | SE = 20.778 bit/s/Hz
[71246 ms] [UE 10354] UL: SNR = 52.00 dB | SE = 17.015 bit/s/Hz
[71246 ms] [UE 21661] UL: SNR = 52.50 dB | SE = 17.179 bit/s/Hz
[71356 ms] [UE 61316] UL: SNR = 63.50 dB | SE = 20.778 bit/s/Hz
[71356 ms] [UE 54887] UL: SNR = 63.50 dB | SE = 20.778 bit/s/Hz
[71356 ms] [UE 41999] UL: SNR = 63.50 dB | SE = 20.778 bit/s/Hz
[71356 ms] [UE 10354] UL: SNR = 52.00 dB | SE = 17.015 bit/s/Hz
[71356 ms] [UE 21661] UL: SNR = 52.50 dB | SE = 17.179 bit/s/Hz
[71457 ms] [UE 61316] UL: SNR = 63.50 dB | SE = 20.778 bit/s/Hz
[71457 ms] [UE 54887] UL: SNR = 63.50 dB | SE = 20.778 bit/s/Hz
[71457 ms] [UE 41999] UL: SNR = 63.50 dB | SE = 20.778 bit/s/Hz
[71457 ms] [UE 10354] UL: SNR = 52.00 dB | SE = 17.015 bit/s/Hz
[71457 ms] [UE 21661] UL: SNR = 52.50 dB | SE = 17.179 bit/s/Hz
[71567 ms] [UE 61316] UL: SNR = 63.50 dB | SE = 20.778 bit/s/Hz
[71567 ms] [UE 54887] UL: SNR = 63.50 dB | SE = 20.778 bit/s/Hz
[71567 ms] [UE 41999] UL: SNR = 63.50 dB | SE = 20.778 bit/s/Hz
[71567 ms] [UE 10354] UL: SNR = 52.00 dB | SE = 17.015 bit/s/Hz
[71567 ms] [UE 21661] UL: SNR = 52.50 dB | SE = 17.179 bit/s/Hz
[71677 ms] [UE 61316] UL: SNR = 63.50 dB | SE = 20.778 bit/s/Hz
[71677 ms] [UE 54887] UL: SNR = 63.50 dB | SE = 20.778 bit/s/Hz
[71677 ms] [UE 41999] UL: SNR = 63.50 dB | SE = 20.778 bit/s/Hz
[71677 ms] [UE 10354] UL: SNR = 52.00 dB | SE = 17.015 bit/s/Hz
[71677 ms] [UE 21661] UL: SNR = 52.50 dB | SE = 17.179 bit/s/Hz
[71786 ms] [UE 61316] UL: SNR = 63.50 dB | SE = 20.778 bit/s/Hz
[71786 ms] [UE 54887] UL: SNR = 63.50 dB | SE = 20.778 bit/s/Hz
[71786 ms] [UE 41999] UL: SNR = 63.50 dB | SE = 20.778 bit/s/Hz
[71786 ms] [UE 10354] UL: SNR = 52.00 dB | SE = 17.015 bit/s/Hz
[71786 ms] [UE 21661] UL: SNR = 52.50 dB | SE = 17.179 bit/s/Hz
[71896 ms] [UE 61316] UL: SNR = 54.50 dB | SE = 17.833 bit/s/Hz
[71896 ms] [UE 54887] UL: SNR = 63.50 dB | SE = 20.778 bit/s/Hz
[71896 ms] [UE 41999] UL: SNR = 55.50 dB | SE = 18.160 bit/s/Hz
[71896 ms] [UE 10354] UL: SNR = 52.00 dB | SE = 17.015 bit/s/Hz
[71896 ms] [UE 21661] UL: SNR = 59.00 dB | SE = 19.305 bit/s/Hz
[72006 ms] [UE 61316] UL: SNR = 54.50 dB | SE = 17.833 bit/s/Hz
[72006 ms] [UE 54887] UL: SNR = 63.50 dB | SE = 20.778 bit/s/Hz
[72006 ms] [UE 41999] UL: SNR = 55.50 dB | SE = 18.160 bit/s/Hz
[72006 ms] [UE 10354] UL: SNR = 52.00 dB | SE = 17.015 bit/s/Hz
[72006 ms] [UE 21661] UL: SNR = 59.00 dB | SE = 19.305 bit/s/Hz
[72116 ms] [UE 61316] UL: SNR = 54.50 dB | SE = 17.833 bit/s/Hz
[72116 ms] [UE 54887] UL: SNR = 63.50 dB | SE = 20.778 bit/s/Hz
[72116 ms] [UE 41999] UL: SNR = 55.50 dB | SE = 18.160 bit/s/Hz
[72116 ms] [UE 10354] UL: SNR = 52.00 dB | SE = 17.015 bit/s/Hz
[72116 ms] [UE 21661] UL: SNR = 59.00 dB | SE = 19.305 bit/s/Hz
[72226 ms] [UE 61316] UL: SNR = 54.50 dB | SE = 17.833 bit/s/Hz
[72226 ms] [UE 54887] UL: SNR = 63.50 dB | SE = 20.778 bit/s/Hz
[72226 ms] [UE 41999] UL: SNR = 55.50 dB | SE = 18.160 bit/s/Hz
[72226 ms] [UE 10354] UL: SNR = 52.00 dB | SE = 17.015 bit/s/Hz
[72226 ms] [UE 21661] UL: SNR = 59.00 dB | SE = 19.305 bit/s/Hz
[72326 ms] [UE 61316] UL: SNR = 63.50 dB | SE = 20.778 bit/s/Hz
[72326 ms] [UE 54887] UL: SNR = 63.50 dB | SE = 20.778 bit/s/Hz
[72326 ms] [UE 41999] UL: SNR = 63.50 dB | SE = 20.778 bit/s/Hz
[72326 ms] [UE 10354] UL: SNR = 63.50 dB | SE = 20.778 bit/s/Hz
[72326 ms] [UE 21661] UL: SNR = 59.00 dB | SE = 19.305 bit/s/Hz
[72426 ms] [UE 61316] UL: SNR = 63.50 dB | SE = 20.778 bit/s/Hz
[72426 ms] [UE 54887] UL: SNR = 63.50 dB | SE = 20.778 bit/s/Hz
[72426 ms] [UE 41999] UL: SNR = 63.50 dB | SE = 20.778 bit/s/Hz
[72426 ms] [UE 10354] UL: SNR = 63.50 dB | SE = 20.778 bit/s/Hz
[72426 ms] [UE 21661] UL: SNR = 59.00 dB | SE = 19.305 bit/s/Hz
[72536 ms] [UE 61316] UL: SNR = 63.50 dB | SE = 20.778 bit/s/Hz
[72536 ms] [UE 54887] UL: SNR = 63.50 dB | SE = 20.778 bit/s/Hz
[72536 ms] [UE 41999] UL: SNR = 63.50 dB | SE = 20.778 bit/s/Hz
[72536 ms] [UE 10354] UL: SNR = 63.50 dB | SE = 20.778 bit/s/Hz
[72536 ms] [UE 21661] UL: SNR = 59.00 dB | SE = 19.305 bit/s/Hz
[72636 ms] [UE 61316] UL: SNR = 63.50 dB | SE = 20.778 bit/s/Hz
[72636 ms] [UE 54887] UL: SNR = 63.50 dB | SE = 20.778 bit/s/Hz
[72636 ms] [UE 41999] UL: SNR = 63.50 dB | SE = 20.778 bit/s/Hz
[72636 ms] [UE 10354] UL: SNR = 63.50 dB | SE = 20.778 bit/s/Hz
[72636 ms] [UE 21661] UL: SNR = 59.00 dB | SE = 19.305 bit/s/Hz
[72746 ms] [UE 61316] UL: SNR = 63.50 dB | SE = 20.778 bit/s/Hz
[72746 ms] [UE 54887] UL: SNR = 63.50 dB | SE = 20.778 bit/s/Hz
[72746 ms] [UE 41999] UL: SNR = 63.50 dB | SE = 20.778 bit/s/Hz
[72746 ms] [UE 10354] UL: SNR = 63.50 dB | SE = 20.778 bit/s/Hz
[72746 ms] [UE 21661] UL: SNR = 59.00 dB | SE = 19.305 bit/s/Hz
[72846 ms] [UE 61316] UL: SNR = 63.50 dB | SE = 20.778 bit/s/Hz
[72846 ms] [UE 54887] UL: SNR = 63.50 dB | SE = 20.778 bit/s/Hz
[72846 ms] [UE 41999] UL: SNR = 63.50 dB | SE = 20.778 bit/s/Hz
[72846 ms] [UE 10354] UL: SNR = 63.50 dB | SE = 20.778 bit/s/Hz
[72846 ms] [UE 21661] UL: SNR = 59.00 dB | SE = 19.305 bit/s/Hz
[72956 ms] [UE 61316] UL: SNR = 63.50 dB | SE = 20.778 bit/s/Hz
[72956 ms] [UE 54887] UL: SNR = 63.50 dB | SE = 20.778 bit/s/Hz
[72956 ms] [UE 41999] UL: SNR = 63.50 dB | SE = 20.778 bit/s/Hz
[72956 ms] [UE 10354] UL: SNR = 63.50 dB | SE = 20.778 bit/s/Hz
[72956 ms] [UE 21661] UL: SNR = 59.00 dB | SE = 19.305 bit/s/Hz
[73056 ms] [UE 61316] UL: SNR = 63.50 dB | SE = 20.778 bit/s/Hz
[73056 ms] [UE 54887] UL: SNR = 63.50 dB | SE = 20.778 bit/s/Hz
[73056 ms] [UE 41999] UL: SNR = 63.50 dB | SE = 20.778 bit/s/Hz
[73056 ms] [UE 10354] UL: SNR = 63.50 dB | SE = 20.778 bit/s/Hz
[73056 ms] [UE 21661] UL: SNR = 59.00 dB | SE = 19.305 bit/s/Hz
[73166 ms] [UE 61316] UL: SNR = 63.50 dB | SE = 20.778 bit/s/Hz
[73166 ms] [UE 54887] UL: SNR = 63.50 dB | SE = 20.778 bit/s/Hz
[73166 ms] [UE 41999] UL: SNR = 63.50 dB | SE = 20.778 bit/s/Hz
[73166 ms] [UE 10354] UL: SNR = 63.50 dB | SE = 20.778 bit/s/Hz
[73166 ms] [UE 21661] UL: SNR = 59.00 dB | SE = 19.305 bit/s/Hz
[73276 ms] [UE 61316] UL: SNR = 63.50 dB | SE = 20.778 bit/s/Hz
[73276 ms] [UE 54887] UL: SNR = 63.50 dB | SE = 20.778 bit/s/Hz
[73276 ms] [UE 41999] UL: SNR = 63.50 dB | SE = 20.778 bit/s/Hz
[73276 ms] [UE 10354] UL: SNR = 63.50 dB | SE = 20.778 bit/s/Hz
[73276 ms] [UE 21661] UL: SNR = 63.50 dB | SE = 20.778 bit/s/Hz
[73386 ms] [UE 61316] UL: SNR = 63.50 dB | SE = 20.778 bit/s/Hz
[73386 ms] [UE 54887] UL: SNR = 63.50 dB | SE = 20.778 bit/s/Hz
[73386 ms] [UE 41999] UL: SNR = 63.50 dB | SE = 20.778 bit/s/Hz
[73386 ms] [UE 10354] UL: SNR = 63.50 dB | SE = 20.778 bit/s/Hz
[73386 ms] [UE 21661] UL: SNR = 63.50 dB | SE = 20.778 bit/s/Hz
[73486 ms] [UE 61316] UL: SNR = 63.50 dB | SE = 20.778 bit/s/Hz
[73486 ms] [UE 54887] UL: SNR = 63.50 dB | SE = 20.778 bit/s/Hz
[73486 ms] [UE 41999] UL: SNR = 63.50 dB | SE = 20.778 bit/s/Hz
[73486 ms] [UE 10354] UL: SNR = 63.50 dB | SE = 20.778 bit/s/Hz
[73486 ms] [UE 21661] UL: SNR = 63.50 dB | SE = 20.778 bit/s/Hz
[73586 ms] [UE 61316] UL: SNR = 63.50 dB | SE = 20.778 bit/s/Hz
[73586 ms] [UE 54887] UL: SNR = 63.50 dB | SE = 20.778 bit/s/Hz
[73586 ms] [UE 41999] UL: SNR = 63.50 dB | SE = 20.778 bit/s/Hz
[73586 ms] [UE 10354] UL: SNR = 63.50 dB | SE = 20.778 bit/s/Hz
[73586 ms] [UE 21661] UL: SNR = 63.50 dB | SE = 20.778 bit/s/Hz
[73696 ms] [UE 61316] UL: SNR = 63.50 dB | SE = 20.778 bit/s/Hz
[73696 ms] [UE 54887] UL: SNR = 63.50 dB | SE = 20.778 bit/s/Hz
[73696 ms] [UE 41999] UL: SNR = 63.50 dB | SE = 20.778 bit/s/Hz
[73696 ms] [UE 10354] UL: SNR = 63.50 dB | SE = 20.778 bit/s/Hz
[73696 ms] [UE 21661] UL: SNR = 63.50 dB | SE = 20.778 bit/s/Hz
[73806 ms] [UE 61316] UL: SNR = 63.50 dB | SE = 20.778 bit/s/Hz
[73806 ms] [UE 54887] UL: SNR = 63.50 dB | SE = 20.778 bit/s/Hz
[73806 ms] [UE 41999] UL: SNR = 63.50 dB | SE = 20.778 bit/s/Hz
[73806 ms] [UE 10354] UL: SNR = 63.50 dB | SE = 20.778 bit/s/Hz
[73806 ms] [UE 21661] UL: SNR = 63.50 dB | SE = 20.778 bit/s/Hz
[73907 ms] [UE 61316] UL: SNR = 63.50 dB | SE = 20.778 bit/s/Hz
[73907 ms] [UE 54887] UL: SNR = 63.50 dB | SE = 20.778 bit/s/Hz
[73907 ms] [UE 41999] UL: SNR = 63.50 dB | SE = 20.778 bit/s/Hz
[73907 ms] [UE 10354] UL: SNR = 63.50 dB | SE = 20.778 bit/s/Hz
[73907 ms] [UE 21661] UL: SNR = 63.50 dB | SE = 20.778 bit/s/Hz
[74016 ms] [UE 61316] UL: SNR = 63.50 dB | SE = 20.778 bit/s/Hz
[74016 ms] [UE 54887] UL: SNR = 63.50 dB | SE = 20.778 bit/s/Hz
[74016 ms] [UE 41999] UL: SNR = 63.50 dB | SE = 20.778 bit/s/Hz
[74016 ms] [UE 10354] UL: SNR = 63.50 dB | SE = 20.778 bit/s/Hz
[74016 ms] [UE 21661] UL: SNR = 63.50 dB | SE = 20.778 bit/s/Hz
[74116 ms] [UE 61316] UL: SNR = 63.50 dB | SE = 20.778 bit/s/Hz
[74116 ms] [UE 54887] UL: SNR = 63.50 dB | SE = 20.778 bit/s/Hz
[74116 ms] [UE 41999] UL: SNR = 63.50 dB | SE = 20.778 bit/s/Hz
[74116 ms] [UE 10354] UL: SNR = 63.50 dB | SE = 20.778 bit/s/Hz
[74116 ms] [UE 21661] UL: SNR = 63.50 dB | SE = 20.778 bit/s/Hz
[74216 ms] [UE 61316] UL: SNR = 63.50 dB | SE = 20.778 bit/s/Hz
[74216 ms] [UE 54887] UL: SNR = 63.50 dB | SE = 20.778 bit/s/Hz
[74216 ms] [UE 41999] UL: SNR = 63.50 dB | SE = 20.778 bit/s/Hz
[74216 ms] [UE 10354] UL: SNR = 63.50 dB | SE = 20.778 bit/s/Hz
[74216 ms] [UE 21661] UL: SNR = 63.50 dB | SE = 20.778 bit/s/Hz
[74326 ms] [UE 61316] UL: SNR = 63.50 dB | SE = 20.778 bit/s/Hz
[74326 ms] [UE 54887] UL: SNR = 63.50 dB | SE = 20.778 bit/s/Hz
[74326 ms] [UE 41999] UL: SNR = 63.50 dB | SE = 20.778 bit/s/Hz
[74326 ms] [UE 10354] UL: SNR = 54.50 dB | SE = 17.833 bit/s/Hz
[74326 ms] [UE 21661] UL: SNR = 63.50 dB | SE = 20.778 bit/s/Hz
[74426 ms] [UE 61316] UL: SNR = 63.50 dB | SE = 20.778 bit/s/Hz
[74426 ms] [UE 54887] UL: SNR = 63.50 dB | SE = 20.778 bit/s/Hz
[74426 ms] [UE 41999] UL: SNR = 63.50 dB | SE = 20.778 bit/s/Hz
[74426 ms] [UE 10354] UL: SNR = 54.50 dB | SE = 17.833 bit/s/Hz
[74426 ms] [UE 21661] UL: SNR = 63.50 dB | SE = 20.778 bit/s/Hz
[74527 ms] [UE 61316] UL: SNR = 63.50 dB | SE = 20.778 bit/s/Hz
[74527 ms] [UE 54887] UL: SNR = 63.50 dB | SE = 20.778 bit/s/Hz
[74527 ms] [UE 41999] UL: SNR = 63.50 dB | SE = 20.778 bit/s/Hz
[74527 ms] [UE 10354] UL: SNR = 52.00 dB | SE = 17.015 bit/s/Hz
[74527 ms] [UE 21661] UL: SNR = 52.50 dB | SE = 17.179 bit/s/Hz
[74636 ms] [UE 61316] UL: SNR = 63.50 dB | SE = 20.778 bit/s/Hz
[74636 ms] [UE 54887] UL: SNR = 63.50 dB | SE = 20.778 bit/s/Hz
[74636 ms] [UE 41999] UL: SNR = 63.50 dB | SE = 20.778 bit/s/Hz
[74636 ms] [UE 10354] UL: SNR = 52.00 dB | SE = 17.015 bit/s/Hz
[74636 ms] [UE 21661] UL: SNR = 52.50 dB | SE = 17.179 bit/s/Hz
[74736 ms] [UE 61316] UL: SNR = 63.50 dB | SE = 20.778 bit/s/Hz
[74736 ms] [UE 54887] UL: SNR = 63.50 dB | SE = 20.778 bit/s/Hz
[74736 ms] [UE 41999] UL: SNR = 63.50 dB | SE = 20.778 bit/s/Hz
[74736 ms] [UE 10354] UL: SNR = 52.00 dB | SE = 17.015 bit/s/Hz
[74736 ms] [UE 21661] UL: SNR = 52.50 dB | SE = 17.179 bit/s/Hz
[74846 ms] [UE 61316] UL: SNR = 63.50 dB | SE = 20.778 bit/s/Hz
[74846 ms] [UE 54887] UL: SNR = 63.50 dB | SE = 20.778 bit/s/Hz
[74846 ms] [UE 41999] UL: SNR = 63.50 dB | SE = 20.778 bit/s/Hz
[74846 ms] [UE 10354] UL: SNR = 52.00 dB | SE = 17.015 bit/s/Hz
[74846 ms] [UE 21661] UL: SNR = 52.50 dB | SE = 17.179 bit/s/Hz
[74946 ms] [UE 61316] UL: SNR = 63.50 dB | SE = 20.778 bit/s/Hz
[74946 ms] [UE 54887] UL: SNR = 63.50 dB | SE = 20.778 bit/s/Hz
[74946 ms] [UE 41999] UL: SNR = 63.50 dB | SE = 20.778 bit/s/Hz
[74946 ms] [UE 10354] UL: SNR = 52.00 dB | SE = 17.015 bit/s/Hz
[74946 ms] [UE 21661] UL: SNR = 52.50 dB | SE = 17.179 bit/s/Hz
[75046 ms] [UE 61316] UL: SNR = 63.50 dB | SE = 20.778 bit/s/Hz
[75046 ms] [UE 54887] UL: SNR = 63.50 dB | SE = 20.778 bit/s/Hz
[75046 ms] [UE 41999] UL: SNR = 63.50 dB | SE = 20.778 bit/s/Hz
[75046 ms] [UE 10354] UL: SNR = 52.00 dB | SE = 17.015 bit/s/Hz
[75046 ms] [UE 21661] UL: SNR = 52.50 dB | SE = 17.179 bit/s/Hz
[75147 ms] [UE 61316] UL: SNR = 63.50 dB | SE = 20.778 bit/s/Hz
[75147 ms] [UE 54887] UL: SNR = 63.50 dB | SE = 20.778 bit/s/Hz
[75147 ms] [UE 41999] UL: SNR = 63.50 dB | SE = 20.778 bit/s/Hz
[75147 ms] [UE 10354] UL: SNR = 52.00 dB | SE = 17.015 bit/s/Hz
[75147 ms] [UE 21661] UL: SNR = 52.50 dB | SE = 17.179 bit/s/Hz
[75257 ms] [UE 61316] UL: SNR = 63.50 dB | SE = 20.778 bit/s/Hz
[75257 ms] [UE 54887] UL: SNR = 63.50 dB | SE = 20.778 bit/s/Hz
[75257 ms] [UE 41999] UL: SNR = 63.50 dB | SE = 20.778 bit/s/Hz
[75257 ms] [UE 10354] UL: SNR = 52.00 dB | SE = 17.015 bit/s/Hz
[75257 ms] [UE 21661] UL: SNR = 52.50 dB | SE = 17.179 bit/s/Hz
[75367 ms] [UE 61316] UL: SNR = 63.50 dB | SE = 20.778 bit/s/Hz
[75367 ms] [UE 54887] UL: SNR = 63.50 dB | SE = 20.778 bit/s/Hz
[75367 ms] [UE 41999] UL: SNR = 63.50 dB | SE = 20.778 bit/s/Hz
[75367 ms] [UE 10354] UL: SNR = 52.00 dB | SE = 17.015 bit/s/Hz
[75367 ms] [UE 21661] UL: SNR = 52.50 dB | SE = 17.179 bit/s/Hz
[75476 ms] [UE 61316] UL: SNR = 63.50 dB | SE = 20.778 bit/s/Hz
[75476 ms] [UE 54887] UL: SNR = 63.50 dB | SE = 20.778 bit/s/Hz
[75476 ms] [UE 41999] UL: SNR = 63.50 dB | SE = 20.778 bit/s/Hz
[75476 ms] [UE 10354] UL: SNR = 52.00 dB | SE = 17.015 bit/s/Hz
[75476 ms] [UE 21661] UL: SNR = 52.50 dB | SE = 17.179 bit/s/Hz
[75576 ms] [UE 61316] UL: SNR = 63.50 dB | SE = 20.778 bit/s/Hz
[75576 ms] [UE 54887] UL: SNR = 63.50 dB | SE = 20.778 bit/s/Hz
[75576 ms] [UE 41999] UL: SNR = 63.50 dB | SE = 20.778 bit/s/Hz
[75576 ms] [UE 10354] UL: SNR = 52.00 dB | SE = 17.015 bit/s/Hz
[75576 ms] [UE 21661] UL: SNR = 52.50 dB | SE = 17.179 bit/s/Hz
[75686 ms] [UE 61316] UL: SNR = 63.50 dB | SE = 20.778 bit/s/Hz
[75686 ms] [UE 54887] UL: SNR = 63.50 dB | SE = 20.778 bit/s/Hz
[75686 ms] [UE 41999] UL: SNR = 63.50 dB | SE = 20.778 bit/s/Hz
[75686 ms] [UE 10354] UL: SNR = 52.00 dB | SE = 17.015 bit/s/Hz
[75686 ms] [UE 21661] UL: SNR = 52.50 dB | SE = 17.179 bit/s/Hz
[75796 ms] [UE 61316] UL: SNR = 63.50 dB | SE = 20.778 bit/s/Hz
[75796 ms] [UE 54887] UL: SNR = 63.50 dB | SE = 20.778 bit/s/Hz
[75796 ms] [UE 41999] UL: SNR = 63.50 dB | SE = 20.778 bit/s/Hz
[75796 ms] [UE 10354] UL: SNR = 52.00 dB | SE = 17.015 bit/s/Hz
[75796 ms] [UE 21661] UL: SNR = 52.50 dB | SE = 17.179 bit/s/Hz
[75906 ms] [UE 61316] UL: SNR = 63.50 dB | SE = 20.778 bit/s/Hz
[75906 ms] [UE 54887] UL: SNR = 63.50 dB | SE = 20.778 bit/s/Hz
[75906 ms] [UE 41999] UL: SNR = 63.50 dB | SE = 20.778 bit/s/Hz
[75906 ms] [UE 10354] UL: SNR = 52.00 dB | SE = 17.015 bit/s/Hz
[75906 ms] [UE 21661] UL: SNR = 52.50 dB | SE = 17.179 bit/s/Hz
[76006 ms] [UE 61316] UL: SNR = 63.50 dB | SE = 20.778 bit/s/Hz
[76006 ms] [UE 54887] UL: SNR = 63.50 dB | SE = 20.778 bit/s/Hz
[76006 ms] [UE 41999] UL: SNR = 63.50 dB | SE = 20.778 bit/s/Hz
[76006 ms] [UE 10354] UL: SNR = 52.00 dB | SE = 17.015 bit/s/Hz
[76006 ms] [UE 21661] UL: SNR = 52.50 dB | SE = 17.179 bit/s/Hz
[76116 ms] [UE 61316] UL: SNR = 63.50 dB | SE = 20.778 bit/s/Hz
[76116 ms] [UE 54887] UL: SNR = 63.50 dB | SE = 20.778 bit/s/Hz
[76116 ms] [UE 41999] UL: SNR = 63.50 dB | SE = 20.778 bit/s/Hz
[76116 ms] [UE 10354] UL: SNR = 52.00 dB | SE = 17.015 bit/s/Hz
[76116 ms] [UE 21661] UL: SNR = 52.50 dB | SE = 17.179 bit/s/Hz
[76226 ms] [UE 61316] UL: SNR = 63.50 dB | SE = 20.778 bit/s/Hz
[76226 ms] [UE 54887] UL: SNR = 63.50 dB | SE = 20.778 bit/s/Hz
[76226 ms] [UE 41999] UL: SNR = 63.50 dB | SE = 20.778 bit/s/Hz
[76226 ms] [UE 10354] UL: SNR = 52.00 dB | SE = 17.015 bit/s/Hz
[76226 ms] [UE 21661] UL: SNR = 52.50 dB | SE = 17.179 bit/s/Hz
[76336 ms] [UE 61316] UL: SNR = 63.50 dB | SE = 20.778 bit/s/Hz
[76336 ms] [UE 54887] UL: SNR = 63.50 dB | SE = 20.778 bit/s/Hz
[76336 ms] [UE 41999] UL: SNR = 63.50 dB | SE = 20.778 bit/s/Hz
[76336 ms] [UE 10354] UL: SNR = 52.00 dB | SE = 17.015 bit/s/Hz
[76336 ms] [UE 21661] UL: SNR = 52.50 dB | SE = 17.179 bit/s/Hz
[76436 ms] [UE 61316] UL: SNR = 63.50 dB | SE = 20.778 bit/s/Hz
[76436 ms] [UE 54887] UL: SNR = 63.50 dB | SE = 20.778 bit/s/Hz
[76436 ms] [UE 41999] UL: SNR = 63.50 dB | SE = 20.778 bit/s/Hz
[76436 ms] [UE 10354] UL: SNR = 52.00 dB | SE = 17.015 bit/s/Hz
[76436 ms] [UE 21661] UL: SNR = 52.50 dB | SE = 17.179 bit/s/Hz
[76537 ms] [UE 61316] UL: SNR = 63.50 dB | SE = 20.778 bit/s/Hz
[76537 ms] [UE 54887] UL: SNR = 63.50 dB | SE = 20.778 bit/s/Hz
[76537 ms] [UE 41999] UL: SNR = 63.50 dB | SE = 20.778 bit/s/Hz
[76537 ms] [UE 10354] UL: SNR = 52.00 dB | SE = 17.015 bit/s/Hz
[76537 ms] [UE 21661] UL: SNR = 52.50 dB | SE = 17.179 bit/s/Hz
[76646 ms] [UE 61316] UL: SNR = 63.50 dB | SE = 20.778 bit/s/Hz
[76646 ms] [UE 54887] UL: SNR = 63.50 dB | SE = 20.778 bit/s/Hz
[76646 ms] [UE 41999] UL: SNR = 63.50 dB | SE = 20.778 bit/s/Hz
[76646 ms] [UE 10354] UL: SNR = 52.00 dB | SE = 17.015 bit/s/Hz
[76646 ms] [UE 21661] UL: SNR = 52.50 dB | SE = 17.179 bit/s/Hz
[76746 ms] [UE 61316] UL: SNR = 63.50 dB | SE = 20.778 bit/s/Hz
[76746 ms] [UE 54887] UL: SNR = 63.50 dB | SE = 20.778 bit/s/Hz
[76746 ms] [UE 41999] UL: SNR = 63.50 dB | SE = 20.778 bit/s/Hz
[76746 ms] [UE 10354] UL: SNR = 52.00 dB | SE = 17.015 bit/s/Hz
[76746 ms] [UE 21661] UL: SNR = 52.50 dB | SE = 17.179 bit/s/Hz
[76846 ms] [UE 61316] UL: SNR = 63.50 dB | SE = 20.778 bit/s/Hz
[76846 ms] [UE 54887] UL: SNR = 63.50 dB | SE = 20.778 bit/s/Hz
[76846 ms] [UE 41999] UL: SNR = 63.50 dB | SE = 20.778 bit/s/Hz
[76846 ms] [UE 10354] UL: SNR = 52.00 dB | SE = 17.015 bit/s/Hz
[76846 ms] [UE 21661] UL: SNR = 52.50 dB | SE = 17.179 bit/s/Hz
[76956 ms] [UE 61316] UL: SNR = 63.50 dB | SE = 20.778 bit/s/Hz
[76956 ms] [UE 54887] UL: SNR = 63.50 dB | SE = 20.778 bit/s/Hz
[76956 ms] [UE 41999] UL: SNR = 63.50 dB | SE = 20.778 bit/s/Hz
[76956 ms] [UE 10354] UL: SNR = 52.00 dB | SE = 17.015 bit/s/Hz
[76956 ms] [UE 21661] UL: SNR = 52.50 dB | SE = 17.179 bit/s/Hz
[77056 ms] [UE 61316] UL: SNR = 63.50 dB | SE = 20.778 bit/s/Hz
[77056 ms] [UE 54887] UL: SNR = 63.50 dB | SE = 20.778 bit/s/Hz
[77056 ms] [UE 41999] UL: SNR = 63.50 dB | SE = 20.778 bit/s/Hz
[77056 ms] [UE 10354] UL: SNR = 52.00 dB | SE = 17.015 bit/s/Hz
[77056 ms] [UE 21661] UL: SNR = 52.50 dB | SE = 17.179 bit/s/Hz
[77166 ms] [UE 61316] UL: SNR = 63.50 dB | SE = 20.778 bit/s/Hz
[77166 ms] [UE 54887] UL: SNR = 63.50 dB | SE = 20.778 bit/s/Hz
[77166 ms] [UE 41999] UL: SNR = 63.50 dB | SE = 20.778 bit/s/Hz
[77166 ms] [UE 10354] UL: SNR = 52.00 dB | SE = 17.015 bit/s/Hz
[77166 ms] [UE 21661] UL: SNR = 52.50 dB | SE = 17.179 bit/s/Hz
[77276 ms] [UE 61316] UL: SNR = 63.50 dB | SE = 20.778 bit/s/Hz
[77276 ms] [UE 54887] UL: SNR = 63.50 dB | SE = 20.778 bit/s/Hz
[77276 ms] [UE 41999] UL: SNR = 63.50 dB | SE = 20.778 bit/s/Hz
[77276 ms] [UE 10354] UL: SNR = 52.00 dB | SE = 17.015 bit/s/Hz
[77276 ms] [UE 21661] UL: SNR = 52.50 dB | SE = 17.179 bit/s/Hz
[77376 ms] [UE 61316] UL: SNR = 63.50 dB | SE = 20.778 bit/s/Hz
[77376 ms] [UE 54887] UL: SNR = 63.50 dB | SE = 20.778 bit/s/Hz
[77376 ms] [UE 41999] UL: SNR = 63.50 dB | SE = 20.778 bit/s/Hz
[77376 ms] [UE 10354] UL: SNR = 52.00 dB | SE = 17.015 bit/s/Hz
[77376 ms] [UE 21661] UL: SNR = 52.50 dB | SE = 17.179 bit/s/Hz
[77486 ms] [UE 61316] UL: SNR = 63.50 dB | SE = 20.778 bit/s/Hz
[77486 ms] [UE 54887] UL: SNR = 63.50 dB | SE = 20.778 bit/s/Hz
[77486 ms] [UE 41999] UL: SNR = 63.50 dB | SE = 20.778 bit/s/Hz
[77486 ms] [UE 10354] UL: SNR = 52.00 dB | SE = 17.015 bit/s/Hz
[77486 ms] [UE 21661] UL: SNR = 52.50 dB | SE = 17.179 bit/s/Hz
[77586 ms] [UE 61316] UL: SNR = 63.50 dB | SE = 20.778 bit/s/Hz
[77586 ms] [UE 54887] UL: SNR = 63.50 dB | SE = 20.778 bit/s/Hz
[77586 ms] [UE 41999] UL: SNR = 63.50 dB | SE = 20.778 bit/s/Hz
[77586 ms] [UE 10354] UL: SNR = 52.00 dB | SE = 17.015 bit/s/Hz
[77586 ms] [UE 21661] UL: SNR = 52.50 dB | SE = 17.179 bit/s/Hz
[77687 ms] [UE 61316] UL: SNR = 63.50 dB | SE = 20.778 bit/s/Hz
[77687 ms] [UE 54887] UL: SNR = 63.50 dB | SE = 20.778 bit/s/Hz
[77687 ms] [UE 41999] UL: SNR = 63.50 dB | SE = 20.778 bit/s/Hz
[77687 ms] [UE 10354] UL: SNR = 52.00 dB | SE = 17.015 bit/s/Hz
[77687 ms] [UE 21661] UL: SNR = 52.50 dB | SE = 17.179 bit/s/Hz
[77797 ms] [UE 61316] UL: SNR = 63.50 dB | SE = 20.778 bit/s/Hz
[77797 ms] [UE 54887] UL: SNR = 63.50 dB | SE = 20.778 bit/s/Hz
[77797 ms] [UE 41999] UL: SNR = 63.50 dB | SE = 20.778 bit/s/Hz
[77797 ms] [UE 10354] UL: SNR = 52.00 dB | SE = 17.015 bit/s/Hz
[77797 ms] [UE 21661] UL: SNR = 52.50 dB | SE = 17.179 bit/s/Hz
[77906 ms] [UE 61316] UL: SNR = 63.50 dB | SE = 20.778 bit/s/Hz
[77906 ms] [UE 54887] UL: SNR = 63.50 dB | SE = 20.778 bit/s/Hz
[77906 ms] [UE 41999] UL: SNR = 63.50 dB | SE = 20.778 bit/s/Hz
[77906 ms] [UE 10354] UL: SNR = 52.00 dB | SE = 17.015 bit/s/Hz
[77906 ms] [UE 21661] UL: SNR = 52.50 dB | SE = 17.179 bit/s/Hz
[78006 ms] [UE 61316] UL: SNR = 63.50 dB | SE = 20.778 bit/s/Hz
[78006 ms] [UE 54887] UL: SNR = 63.50 dB | SE = 20.778 bit/s/Hz
[78006 ms] [UE 41999] UL: SNR = 63.50 dB | SE = 20.778 bit/s/Hz
[78006 ms] [UE 10354] UL: SNR = 52.00 dB | SE = 17.015 bit/s/Hz
[78006 ms] [UE 21661] UL: SNR = 52.50 dB | SE = 17.179 bit/s/Hz
[78106 ms] [UE 61316] UL: SNR = 63.50 dB | SE = 20.778 bit/s/Hz
[78106 ms] [UE 54887] UL: SNR = 63.50 dB | SE = 20.778 bit/s/Hz
[78106 ms] [UE 41999] UL: SNR = 63.50 dB | SE = 20.778 bit/s/Hz
[78106 ms] [UE 10354] UL: SNR = 54.50 dB | SE = 17.833 bit/s/Hz
[78106 ms] [UE 21661] UL: SNR = 52.50 dB | SE = 17.179 bit/s/Hz
[78216 ms] [UE 61316] UL: SNR = 63.50 dB | SE = 20.778 bit/s/Hz
[78216 ms] [UE 54887] UL: SNR = 63.50 dB | SE = 20.778 bit/s/Hz
[78216 ms] [UE 41999] UL: SNR = 63.50 dB | SE = 20.778 bit/s/Hz
[78216 ms] [UE 10354] UL: SNR = 54.50 dB | SE = 17.833 bit/s/Hz
[78216 ms] [UE 21661] UL: SNR = 52.50 dB | SE = 17.179 bit/s/Hz
[78316 ms] [UE 61316] UL: SNR = 63.50 dB | SE = 20.778 bit/s/Hz
[78316 ms] [UE 54887] UL: SNR = 63.50 dB | SE = 20.778 bit/s/Hz
[78316 ms] [UE 41999] UL: SNR = 63.50 dB | SE = 20.778 bit/s/Hz
[78316 ms] [UE 10354] UL: SNR = 54.50 dB | SE = 17.833 bit/s/Hz
[78316 ms] [UE 21661] UL: SNR = 52.50 dB | SE = 17.179 bit/s/Hz
[78426 ms] [UE 61316] UL: SNR = 63.50 dB | SE = 20.778 bit/s/Hz
[78426 ms] [UE 54887] UL: SNR = 63.50 dB | SE = 20.778 bit/s/Hz
[78426 ms] [UE 41999] UL: SNR = 63.50 dB | SE = 20.778 bit/s/Hz
[78426 ms] [UE 10354] UL: SNR = 52.00 dB | SE = 17.015 bit/s/Hz
[78426 ms] [UE 21661] UL: SNR = 52.00 dB | SE = 17.015 bit/s/Hz
[78536 ms] [UE 61316] UL: SNR = 63.50 dB | SE = 20.778 bit/s/Hz
[78536 ms] [UE 54887] UL: SNR = 63.50 dB | SE = 20.778 bit/s/Hz
[78536 ms] [UE 41999] UL: SNR = 63.50 dB | SE = 20.778 bit/s/Hz
[78536 ms] [UE 10354] UL: SNR = 52.00 dB | SE = 17.015 bit/s/Hz
[78536 ms] [UE 21661] UL: SNR = 52.00 dB | SE = 17.015 bit/s/Hz
[78636 ms] [UE 61316] UL: SNR = 63.50 dB | SE = 20.778 bit/s/Hz
[78636 ms] [UE 54887] UL: SNR = 63.50 dB | SE = 20.778 bit/s/Hz
[78636 ms] [UE 41999] UL: SNR = 63.50 dB | SE = 20.778 bit/s/Hz
[78636 ms] [UE 10354] UL: SNR = 52.00 dB | SE = 17.015 bit/s/Hz
[78636 ms] [UE 21661] UL: SNR = 52.00 dB | SE = 17.015 bit/s/Hz
[78746 ms] [UE 61316] UL: SNR = 63.50 dB | SE = 20.778 bit/s/Hz
[78746 ms] [UE 54887] UL: SNR = 63.50 dB | SE = 20.778 bit/s/Hz
[78746 ms] [UE 41999] UL: SNR = 63.50 dB | SE = 20.778 bit/s/Hz
[78746 ms] [UE 10354] UL: SNR = 52.00 dB | SE = 17.015 bit/s/Hz
[78746 ms] [UE 21661] UL: SNR = 52.00 dB | SE = 17.015 bit/s/Hz
[78846 ms] [UE 61316] UL: SNR = 63.50 dB | SE = 20.778 bit/s/Hz
[78846 ms] [UE 54887] UL: SNR = 63.50 dB | SE = 20.778 bit/s/Hz
[78846 ms] [UE 41999] UL: SNR = 63.50 dB | SE = 20.778 bit/s/Hz
[78846 ms] [UE 10354] UL: SNR = 52.00 dB | SE = 17.015 bit/s/Hz
[78846 ms] [UE 21661] UL: SNR = 52.00 dB | SE = 17.015 bit/s/Hz
[78956 ms] [UE 61316] UL: SNR = 63.50 dB | SE = 20.778 bit/s/Hz
[78956 ms] [UE 54887] UL: SNR = 63.50 dB | SE = 20.778 bit/s/Hz
[78956 ms] [UE 41999] UL: SNR = 63.50 dB | SE = 20.778 bit/s/Hz
[78956 ms] [UE 10354] UL: SNR = 52.00 dB | SE = 17.015 bit/s/Hz
[78956 ms] [UE 21661] UL: SNR = 52.00 dB | SE = 17.015 bit/s/Hz
[79057 ms] [UE 61316] UL: SNR = 63.50 dB | SE = 20.778 bit/s/Hz
[79057 ms] [UE 54887] UL: SNR = 63.50 dB | SE = 20.778 bit/s/Hz
[79057 ms] [UE 41999] UL: SNR = 63.50 dB | SE = 20.778 bit/s/Hz
[79057 ms] [UE 10354] UL: SNR = 52.00 dB | SE = 17.015 bit/s/Hz
[79057 ms] [UE 21661] UL: SNR = 52.00 dB | SE = 17.015 bit/s/Hz
[79166 ms] [UE 61316] UL: SNR = 63.50 dB | SE = 20.778 bit/s/Hz
[79166 ms] [UE 54887] UL: SNR = 63.50 dB | SE = 20.778 bit/s/Hz
[79166 ms] [UE 41999] UL: SNR = 63.50 dB | SE = 20.778 bit/s/Hz
[79166 ms] [UE 10354] UL: SNR = 52.00 dB | SE = 17.015 bit/s/Hz
[79166 ms] [UE 21661] UL: SNR = 52.00 dB | SE = 17.015 bit/s/Hz
[79266 ms] [UE 61316] UL: SNR = 63.50 dB | SE = 20.778 bit/s/Hz
[79266 ms] [UE 54887] UL: SNR = 63.50 dB | SE = 20.778 bit/s/Hz
[79266 ms] [UE 41999] UL: SNR = 63.50 dB | SE = 20.778 bit/s/Hz
[79266 ms] [UE 10354] UL: SNR = 52.00 dB | SE = 17.015 bit/s/Hz
[79266 ms] [UE 21661] UL: SNR = 52.00 dB | SE = 17.015 bit/s/Hz
[79376 ms] [UE 61316] UL: SNR = 63.50 dB | SE = 20.778 bit/s/Hz
[79376 ms] [UE 54887] UL: SNR = 63.50 dB | SE = 20.778 bit/s/Hz
[79376 ms] [UE 41999] UL: SNR = 63.50 dB | SE = 20.778 bit/s/Hz
[79376 ms] [UE 10354] UL: SNR = 52.00 dB | SE = 17.015 bit/s/Hz
[79376 ms] [UE 21661] UL: SNR = 52.00 dB | SE = 17.015 bit/s/Hz
[79476 ms] [UE 61316] UL: SNR = 63.50 dB | SE = 20.778 bit/s/Hz
[79476 ms] [UE 54887] UL: SNR = 63.50 dB | SE = 20.778 bit/s/Hz
[79476 ms] [UE 41999] UL: SNR = 63.50 dB | SE = 20.778 bit/s/Hz
[79476 ms] [UE 10354] UL: SNR = 52.00 dB | SE = 17.015 bit/s/Hz
[79476 ms] [UE 21661] UL: SNR = 52.00 dB | SE = 17.015 bit/s/Hz
[79586 ms] [UE 61316] UL: SNR = 63.50 dB | SE = 20.778 bit/s/Hz
[79586 ms] [UE 54887] UL: SNR = 63.50 dB | SE = 20.778 bit/s/Hz
[79586 ms] [UE 41999] UL: SNR = 63.50 dB | SE = 20.778 bit/s/Hz
[79586 ms] [UE 10354] UL: SNR = 52.00 dB | SE = 17.015 bit/s/Hz
[79586 ms] [UE 21661] UL: SNR = 52.00 dB | SE = 17.015 bit/s/Hz
[79687 ms] [UE 61316] UL: SNR = 63.50 dB | SE = 20.778 bit/s/Hz
[79687 ms] [UE 54887] UL: SNR = 63.50 dB | SE = 20.778 bit/s/Hz
[79687 ms] [UE 41999] UL: SNR = 63.50 dB | SE = 20.778 bit/s/Hz
[79687 ms] [UE 10354] UL: SNR = 52.00 dB | SE = 17.015 bit/s/Hz
[79687 ms] [UE 21661] UL: SNR = 52.00 dB | SE = 17.015 bit/s/Hz
[79796 ms] [UE 61316] UL: SNR = 63.50 dB | SE = 20.778 bit/s/Hz
[79796 ms] [UE 54887] UL: SNR = 63.50 dB | SE = 20.778 bit/s/Hz
[79796 ms] [UE 41999] UL: SNR = 63.50 dB | SE = 20.778 bit/s/Hz
[79796 ms] [UE 10354] UL: SNR = 52.00 dB | SE = 17.015 bit/s/Hz
[79796 ms] [UE 21661] UL: SNR = 52.00 dB | SE = 17.015 bit/s/Hz
[79896 ms] [UE 61316] UL: SNR = 63.50 dB | SE = 20.778 bit/s/Hz
[79896 ms] [UE 54887] UL: SNR = 63.50 dB | SE = 20.778 bit/s/Hz
[79896 ms] [UE 41999] UL: SNR = 63.50 dB | SE = 20.778 bit/s/Hz
[79896 ms] [UE 10354] UL: SNR = 52.00 dB | SE = 17.015 bit/s/Hz
[79896 ms] [UE 21661] UL: SNR = 52.00 dB | SE = 17.015 bit/s/Hz
[80007 ms] [UE 61316] UL: SNR = 63.50 dB | SE = 20.778 bit/s/Hz
[80007 ms] [UE 54887] UL: SNR = 63.50 dB | SE = 20.778 bit/s/Hz
[80007 ms] [UE 41999] UL: SNR = 63.50 dB | SE = 20.778 bit/s/Hz
[80007 ms] [UE 10354] UL: SNR = 52.00 dB | SE = 17.015 bit/s/Hz
[80007 ms] [UE 21661] UL: SNR = 52.00 dB | SE = 17.015 bit/s/Hz
[80116 ms] [UE 61316] UL: SNR = 63.50 dB | SE = 20.778 bit/s/Hz
[80116 ms] [UE 54887] UL: SNR = 63.50 dB | SE = 20.778 bit/s/Hz
[80116 ms] [UE 41999] UL: SNR = 63.50 dB | SE = 20.778 bit/s/Hz
[80116 ms] [UE 10354] UL: SNR = 52.00 dB | SE = 17.015 bit/s/Hz
[80116 ms] [UE 21661] UL: SNR = 52.00 dB | SE = 17.015 bit/s/Hz
[80227 ms] [UE 61316] UL: SNR = 63.50 dB | SE = 20.778 bit/s/Hz
[80227 ms] [UE 54887] UL: SNR = 63.50 dB | SE = 20.778 bit/s/Hz
[80227 ms] [UE 41999] UL: SNR = 63.50 dB | SE = 20.778 bit/s/Hz
[80227 ms] [UE 10354] UL: SNR = 52.00 dB | SE = 17.015 bit/s/Hz
[80227 ms] [UE 21661] UL: SNR = 52.00 dB | SE = 17.015 bit/s/Hz
[80336 ms] [UE 61316] UL: SNR = 63.50 dB | SE = 20.778 bit/s/Hz
[80336 ms] [UE 54887] UL: SNR = 63.50 dB | SE = 20.778 bit/s/Hz
[80336 ms] [UE 41999] UL: SNR = 63.50 dB | SE = 20.778 bit/s/Hz
[80336 ms] [UE 10354] UL: SNR = 52.00 dB | SE = 17.015 bit/s/Hz
[80336 ms] [UE 21661] UL: SNR = 52.00 dB | SE = 17.015 bit/s/Hz
[80436 ms] [UE 61316] UL: SNR = 63.50 dB | SE = 20.778 bit/s/Hz
[80436 ms] [UE 54887] UL: SNR = 63.50 dB | SE = 20.778 bit/s/Hz
[80436 ms] [UE 41999] UL: SNR = 63.50 dB | SE = 20.778 bit/s/Hz
[80436 ms] [UE 10354] UL: SNR = 52.00 dB | SE = 17.015 bit/s/Hz
[80436 ms] [UE 21661] UL: SNR = 52.00 dB | SE = 17.015 bit/s/Hz
[80546 ms] [UE 61316] UL: SNR = 63.50 dB | SE = 20.778 bit/s/Hz
[80546 ms] [UE 54887] UL: SNR = 63.50 dB | SE = 20.778 bit/s/Hz
[80546 ms] [UE 41999] UL: SNR = 63.50 dB | SE = 20.778 bit/s/Hz
[80546 ms] [UE 10354] UL: SNR = 52.00 dB | SE = 17.015 bit/s/Hz
[80546 ms] [UE 21661] UL: SNR = 52.00 dB | SE = 17.015 bit/s/Hz
[80646 ms] [UE 61316] UL: SNR = 63.50 dB | SE = 20.778 bit/s/Hz
[80646 ms] [UE 54887] UL: SNR = 63.50 dB | SE = 20.778 bit/s/Hz
[80646 ms] [UE 41999] UL: SNR = 63.50 dB | SE = 20.778 bit/s/Hz
[80646 ms] [UE 10354] UL: SNR = 52.00 dB | SE = 17.015 bit/s/Hz
[80646 ms] [UE 21661] UL: SNR = 52.00 dB | SE = 17.015 bit/s/Hz
[80746 ms] [UE 61316] UL: SNR = 63.50 dB | SE = 20.778 bit/s/Hz
[80746 ms] [UE 54887] UL: SNR = 63.50 dB | SE = 20.778 bit/s/Hz
[80746 ms] [UE 41999] UL: SNR = 63.50 dB | SE = 20.778 bit/s/Hz
[80746 ms] [UE 10354] UL: SNR = 52.00 dB | SE = 17.015 bit/s/Hz
[80746 ms] [UE 21661] UL: SNR = 52.00 dB | SE = 17.015 bit/s/Hz
[80846 ms] [UE 61316] UL: SNR = 63.50 dB | SE = 20.778 bit/s/Hz
[80846 ms] [UE 54887] UL: SNR = 63.50 dB | SE = 20.778 bit/s/Hz
[80846 ms] [UE 41999] UL: SNR = 63.50 dB | SE = 20.778 bit/s/Hz
[80846 ms] [UE 10354] UL: SNR = 52.00 dB | SE = 17.015 bit/s/Hz
[80846 ms] [UE 21661] UL: SNR = 52.00 dB | SE = 17.015 bit/s/Hz
[80956 ms] [UE 61316] UL: SNR = 63.50 dB | SE = 20.778 bit/s/Hz
[80956 ms] [UE 54887] UL: SNR = 63.50 dB | SE = 20.778 bit/s/Hz
[80956 ms] [UE 41999] UL: SNR = 63.50 dB | SE = 20.778 bit/s/Hz
[80956 ms] [UE 10354] UL: SNR = 52.00 dB | SE = 17.015 bit/s/Hz
[80956 ms] [UE 21661] UL: SNR = 52.00 dB | SE = 17.015 bit/s/Hz
[81056 ms] [UE 61316] UL: SNR = 63.50 dB | SE = 20.778 bit/s/Hz
[81056 ms] [UE 54887] UL: SNR = 63.50 dB | SE = 20.778 bit/s/Hz
[81056 ms] [UE 41999] UL: SNR = 63.50 dB | SE = 20.778 bit/s/Hz
[81056 ms] [UE 10354] UL: SNR = 52.00 dB | SE = 17.015 bit/s/Hz
[81056 ms] [UE 21661] UL: SNR = 52.00 dB | SE = 17.015 bit/s/Hz
[81166 ms] [UE 61316] UL: SNR = 63.50 dB | SE = 20.778 bit/s/Hz
[81166 ms] [UE 54887] UL: SNR = 63.50 dB | SE = 20.778 bit/s/Hz
[81166 ms] [UE 41999] UL: SNR = 63.50 dB | SE = 20.778 bit/s/Hz
[81166 ms] [UE 10354] UL: SNR = 52.00 dB | SE = 17.015 bit/s/Hz
[81166 ms] [UE 21661] UL: SNR = 52.00 dB | SE = 17.015 bit/s/Hz
[81266 ms] [UE 61316] UL: SNR = 63.50 dB | SE = 20.778 bit/s/Hz
[81266 ms] [UE 54887] UL: SNR = 63.50 dB | SE = 20.778 bit/s/Hz
[81266 ms] [UE 41999] UL: SNR = 63.50 dB | SE = 20.778 bit/s/Hz
[81266 ms] [UE 10354] UL: SNR = 52.00 dB | SE = 17.015 bit/s/Hz
[81266 ms] [UE 21661] UL: SNR = 52.00 dB | SE = 17.015 bit/s/Hz
[81376 ms] [UE 61316] UL: SNR = 63.50 dB | SE = 20.778 bit/s/Hz
[81376 ms] [UE 54887] UL: SNR = 63.50 dB | SE = 20.778 bit/s/Hz
[81376 ms] [UE 41999] UL: SNR = 63.50 dB | SE = 20.778 bit/s/Hz
[81376 ms] [UE 10354] UL: SNR = 52.00 dB | SE = 17.015 bit/s/Hz
[81376 ms] [UE 21661] UL: SNR = 52.00 dB | SE = 17.015 bit/s/Hz
[81476 ms] [UE 61316] UL: SNR = 63.50 dB | SE = 20.778 bit/s/Hz
[81476 ms] [UE 54887] UL: SNR = 63.50 dB | SE = 20.778 bit/s/Hz
[81476 ms] [UE 41999] UL: SNR = 63.50 dB | SE = 20.778 bit/s/Hz
[81476 ms] [UE 10354] UL: SNR = 52.00 dB | SE = 17.015 bit/s/Hz
[81476 ms] [UE 21661] UL: SNR = 52.00 dB | SE = 17.015 bit/s/Hz
[81586 ms] [UE 61316] UL: SNR = 63.50 dB | SE = 20.778 bit/s/Hz
[81586 ms] [UE 54887] UL: SNR = 63.50 dB | SE = 20.778 bit/s/Hz
[81586 ms] [UE 41999] UL: SNR = 63.50 dB | SE = 20.778 bit/s/Hz
[81586 ms] [UE 10354] UL: SNR = 52.00 dB | SE = 17.015 bit/s/Hz
[81586 ms] [UE 21661] UL: SNR = 52.00 dB | SE = 17.015 bit/s/Hz
[81687 ms] [UE 61316] UL: SNR = 63.50 dB | SE = 20.778 bit/s/Hz
[81687 ms] [UE 54887] UL: SNR = 63.50 dB | SE = 20.778 bit/s/Hz
[81687 ms] [UE 41999] UL: SNR = 63.50 dB | SE = 20.778 bit/s/Hz
[81687 ms] [UE 10354] UL: SNR = 52.00 dB | SE = 17.015 bit/s/Hz
[81687 ms] [UE 21661] UL: SNR = 52.00 dB | SE = 17.015 bit/s/Hz
[81796 ms] [UE 61316] UL: SNR = 63.50 dB | SE = 20.778 bit/s/Hz
[81796 ms] [UE 54887] UL: SNR = 63.50 dB | SE = 20.778 bit/s/Hz
[81796 ms] [UE 41999] UL: SNR = 63.50 dB | SE = 20.778 bit/s/Hz
[81796 ms] [UE 10354] UL: SNR = 52.00 dB | SE = 17.015 bit/s/Hz
[81796 ms] [UE 21661] UL: SNR = 52.00 dB | SE = 17.015 bit/s/Hz
[81896 ms] [UE 61316] UL: SNR = 63.50 dB | SE = 20.778 bit/s/Hz
[81896 ms] [UE 54887] UL: SNR = 63.50 dB | SE = 20.778 bit/s/Hz
[81896 ms] [UE 41999] UL: SNR = 63.50 dB | SE = 20.778 bit/s/Hz
[81896 ms] [UE 10354] UL: SNR = 52.00 dB | SE = 17.015 bit/s/Hz
[81896 ms] [UE 21661] UL: SNR = 52.00 dB | SE = 17.015 bit/s/Hz
[81996 ms] [UE 61316] UL: SNR = 63.50 dB | SE = 20.778 bit/s/Hz
[81996 ms] [UE 54887] UL: SNR = 63.50 dB | SE = 20.778 bit/s/Hz
[81996 ms] [UE 41999] UL: SNR = 63.50 dB | SE = 20.778 bit/s/Hz
[81996 ms] [UE 10354] UL: SNR = 54.50 dB | SE = 17.833 bit/s/Hz
[81996 ms] [UE 21661] UL: SNR = 52.00 dB | SE = 17.015 bit/s/Hz
[82106 ms] [UE 61316] UL: SNR = 63.50 dB | SE = 20.778 bit/s/Hz
[82106 ms] [UE 54887] UL: SNR = 63.50 dB | SE = 20.778 bit/s/Hz
[82106 ms] [UE 41999] UL: SNR = 63.50 dB | SE = 20.778 bit/s/Hz
[82106 ms] [UE 10354] UL: SNR = 54.50 dB | SE = 17.833 bit/s/Hz
[82106 ms] [UE 21661] UL: SNR = 52.00 dB | SE = 17.015 bit/s/Hz
[82207 ms] [UE 61316] UL: SNR = 63.50 dB | SE = 20.778 bit/s/Hz
[82207 ms] [UE 54887] UL: SNR = 63.50 dB | SE = 20.778 bit/s/Hz
[82207 ms] [UE 41999] UL: SNR = 63.50 dB | SE = 20.778 bit/s/Hz
[82207 ms] [UE 10354] UL: SNR = 54.50 dB | SE = 17.833 bit/s/Hz
[82207 ms] [UE 21661] UL: SNR = 52.00 dB | SE = 17.015 bit/s/Hz
[82316 ms] [UE 61316] UL: SNR = 63.50 dB | SE = 20.778 bit/s/Hz
[82316 ms] [UE 54887] UL: SNR = 63.50 dB | SE = 20.778 bit/s/Hz
[82316 ms] [UE 41999] UL: SNR = 63.50 dB | SE = 20.778 bit/s/Hz
[82316 ms] [UE 10354] UL: SNR = 52.00 dB | SE = 17.015 bit/s/Hz
[82316 ms] [UE 21661] UL: SNR = 52.00 dB | SE = 17.015 bit/s/Hz
[82417 ms] [UE 61316] UL: SNR = 63.50 dB | SE = 20.778 bit/s/Hz
[82417 ms] [UE 54887] UL: SNR = 63.50 dB | SE = 20.778 bit/s/Hz
[82417 ms] [UE 41999] UL: SNR = 63.50 dB | SE = 20.778 bit/s/Hz
[82417 ms] [UE 10354] UL: SNR = 52.00 dB | SE = 17.015 bit/s/Hz
[82417 ms] [UE 21661] UL: SNR = 52.00 dB | SE = 17.015 bit/s/Hz
[82526 ms] [UE 61316] UL: SNR = 63.50 dB | SE = 20.778 bit/s/Hz
[82526 ms] [UE 54887] UL: SNR = 63.50 dB | SE = 20.778 bit/s/Hz
[82526 ms] [UE 41999] UL: SNR = 63.50 dB | SE = 20.778 bit/s/Hz
[82526 ms] [UE 10354] UL: SNR = 52.00 dB | SE = 17.015 bit/s/Hz
[82526 ms] [UE 21661] UL: SNR = 52.00 dB | SE = 17.015 bit/s/Hz
[82627 ms] [UE 61316] UL: SNR = 63.50 dB | SE = 20.778 bit/s/Hz
[82627 ms] [UE 54887] UL: SNR = 63.50 dB | SE = 20.778 bit/s/Hz
[82627 ms] [UE 41999] UL: SNR = 63.50 dB | SE = 20.778 bit/s/Hz
[82627 ms] [UE 10354] UL: SNR = 52.00 dB | SE = 17.015 bit/s/Hz
[82627 ms] [UE 21661] UL: SNR = 52.00 dB | SE = 17.015 bit/s/Hz
[82736 ms] [UE 61316] UL: SNR = 63.50 dB | SE = 20.778 bit/s/Hz
[82736 ms] [UE 54887] UL: SNR = 63.50 dB | SE = 20.778 bit/s/Hz
[82736 ms] [UE 41999] UL: SNR = 63.50 dB | SE = 20.778 bit/s/Hz
[82736 ms] [UE 10354] UL: SNR = 52.00 dB | SE = 17.015 bit/s/Hz
[82736 ms] [UE 21661] UL: SNR = 52.00 dB | SE = 17.015 bit/s/Hz
[82846 ms] [UE 61316] UL: SNR = 63.50 dB | SE = 20.778 bit/s/Hz
[82846 ms] [UE 54887] UL: SNR = 63.50 dB | SE = 20.778 bit/s/Hz
[82846 ms] [UE 41999] UL: SNR = 63.50 dB | SE = 20.778 bit/s/Hz
[82846 ms] [UE 10354] UL: SNR = 52.00 dB | SE = 17.015 bit/s/Hz
[82846 ms] [UE 21661] UL: SNR = 52.00 dB | SE = 17.015 bit/s/Hz
[82946 ms] [UE 61316] UL: SNR = 63.50 dB | SE = 20.778 bit/s/Hz
[82946 ms] [UE 54887] UL: SNR = 63.50 dB | SE = 20.778 bit/s/Hz
[82946 ms] [UE 41999] UL: SNR = 63.50 dB | SE = 20.778 bit/s/Hz
[82946 ms] [UE 10354] UL: SNR = 52.00 dB | SE = 17.015 bit/s/Hz
[82946 ms] [UE 21661] UL: SNR = 52.00 dB | SE = 17.015 bit/s/Hz
[83046 ms] [UE 61316] UL: SNR = 63.50 dB | SE = 20.778 bit/s/Hz
[83046 ms] [UE 54887] UL: SNR = 63.50 dB | SE = 20.778 bit/s/Hz
[83046 ms] [UE 41999] UL: SNR = 63.50 dB | SE = 20.778 bit/s/Hz
[83046 ms] [UE 10354] UL: SNR = 52.00 dB | SE = 17.015 bit/s/Hz
[83046 ms] [UE 21661] UL: SNR = 52.00 dB | SE = 17.015 bit/s/Hz
[83156 ms] [UE 61316] UL: SNR = 63.50 dB | SE = 20.778 bit/s/Hz
[83156 ms] [UE 54887] UL: SNR = 63.50 dB | SE = 20.778 bit/s/Hz
[83156 ms] [UE 41999] UL: SNR = 63.50 dB | SE = 20.778 bit/s/Hz
[83156 ms] [UE 10354] UL: SNR = 52.00 dB | SE = 17.015 bit/s/Hz
[83156 ms] [UE 21661] UL: SNR = 52.00 dB | SE = 17.015 bit/s/Hz
[83256 ms] [UE 61316] UL: SNR = 63.50 dB | SE = 20.778 bit/s/Hz
[83256 ms] [UE 54887] UL: SNR = 63.50 dB | SE = 20.778 bit/s/Hz
[83256 ms] [UE 41999] UL: SNR = 63.50 dB | SE = 20.778 bit/s/Hz
[83256 ms] [UE 10354] UL: SNR = 52.00 dB | SE = 17.015 bit/s/Hz
[83256 ms] [UE 21661] UL: SNR = 52.00 dB | SE = 17.015 bit/s/Hz
[83366 ms] [UE 61316] UL: SNR = 63.50 dB | SE = 20.778 bit/s/Hz
[83366 ms] [UE 54887] UL: SNR = 63.50 dB | SE = 20.778 bit/s/Hz
[83366 ms] [UE 41999] UL: SNR = 63.50 dB | SE = 20.778 bit/s/Hz
[83366 ms] [UE 10354] UL: SNR = 52.00 dB | SE = 17.015 bit/s/Hz
[83366 ms] [UE 21661] UL: SNR = 52.00 dB | SE = 17.015 bit/s/Hz
[83466 ms] [UE 61316] UL: SNR = 63.50 dB | SE = 20.778 bit/s/Hz
[83466 ms] [UE 54887] UL: SNR = 63.50 dB | SE = 20.778 bit/s/Hz
[83466 ms] [UE 41999] UL: SNR = 63.50 dB | SE = 20.778 bit/s/Hz
[83466 ms] [UE 10354] UL: SNR = 52.00 dB | SE = 17.015 bit/s/Hz
[83466 ms] [UE 21661] UL: SNR = 52.00 dB | SE = 17.015 bit/s/Hz
[83566 ms] [UE 61316] UL: SNR = 63.50 dB | SE = 20.778 bit/s/Hz
[83566 ms] [UE 54887] UL: SNR = 63.50 dB | SE = 20.778 bit/s/Hz
[83566 ms] [UE 41999] UL: SNR = 63.50 dB | SE = 20.778 bit/s/Hz
[83566 ms] [UE 10354] UL: SNR = 52.00 dB | SE = 17.015 bit/s/Hz
[83566 ms] [UE 21661] UL: SNR = 52.00 dB | SE = 17.015 bit/s/Hz
[83676 ms] [UE 61316] UL: SNR = 63.50 dB | SE = 20.778 bit/s/Hz
[83676 ms] [UE 54887] UL: SNR = 63.50 dB | SE = 20.778 bit/s/Hz
[83676 ms] [UE 41999] UL: SNR = 63.50 dB | SE = 20.778 bit/s/Hz
[83676 ms] [UE 10354] UL: SNR = 52.00 dB | SE = 17.015 bit/s/Hz
[83676 ms] [UE 21661] UL: SNR = 52.00 dB | SE = 17.015 bit/s/Hz
[83786 ms] [UE 61316] UL: SNR = 63.50 dB | SE = 20.778 bit/s/Hz
[83786 ms] [UE 54887] UL: SNR = 63.50 dB | SE = 20.778 bit/s/Hz
[83786 ms] [UE 41999] UL: SNR = 63.50 dB | SE = 20.778 bit/s/Hz
[83786 ms] [UE 10354] UL: SNR = 52.00 dB | SE = 17.015 bit/s/Hz
[83786 ms] [UE 21661] UL: SNR = 52.00 dB | SE = 17.015 bit/s/Hz
[83896 ms] [UE 61316] UL: SNR = 63.50 dB | SE = 20.778 bit/s/Hz
[83896 ms] [UE 54887] UL: SNR = 63.50 dB | SE = 20.778 bit/s/Hz
[83896 ms] [UE 41999] UL: SNR = 63.50 dB | SE = 20.778 bit/s/Hz
[83896 ms] [UE 10354] UL: SNR = 52.00 dB | SE = 17.015 bit/s/Hz
[83896 ms] [UE 21661] UL: SNR = 52.00 dB | SE = 17.015 bit/s/Hz
[84007 ms] [UE 61316] UL: SNR = 63.50 dB | SE = 20.778 bit/s/Hz
[84007 ms] [UE 54887] UL: SNR = 63.50 dB | SE = 20.778 bit/s/Hz
[84007 ms] [UE 41999] UL: SNR = 63.50 dB | SE = 20.778 bit/s/Hz
[84007 ms] [UE 10354] UL: SNR = 52.00 dB | SE = 17.015 bit/s/Hz
[84007 ms] [UE 21661] UL: SNR = 52.00 dB | SE = 17.015 bit/s/Hz
[84117 ms] [UE 61316] UL: SNR = 63.50 dB | SE = 20.778 bit/s/Hz
[84117 ms] [UE 54887] UL: SNR = 63.50 dB | SE = 20.778 bit/s/Hz
[84117 ms] [UE 41999] UL: SNR = 63.50 dB | SE = 20.778 bit/s/Hz
[84117 ms] [UE 10354] UL: SNR = 52.00 dB | SE = 17.015 bit/s/Hz
[84117 ms] [UE 21661] UL: SNR = 52.00 dB | SE = 17.015 bit/s/Hz
[84226 ms] [UE 61316] UL: SNR = 63.50 dB | SE = 20.778 bit/s/Hz
[84226 ms] [UE 54887] UL: SNR = 63.50 dB | SE = 20.778 bit/s/Hz
[84226 ms] [UE 41999] UL: SNR = 63.50 dB | SE = 20.778 bit/s/Hz
[84226 ms] [UE 10354] UL: SNR = 52.00 dB | SE = 17.015 bit/s/Hz
[84226 ms] [UE 21661] UL: SNR = 52.00 dB | SE = 17.015 bit/s/Hz
[84336 ms] [UE 61316] UL: SNR = 63.50 dB | SE = 20.778 bit/s/Hz
[84336 ms] [UE 54887] UL: SNR = 63.50 dB | SE = 20.778 bit/s/Hz
[84336 ms] [UE 41999] UL: SNR = 63.50 dB | SE = 20.778 bit/s/Hz
[84336 ms] [UE 10354] UL: SNR = 52.00 dB | SE = 17.015 bit/s/Hz
[84336 ms] [UE 21661] UL: SNR = 52.00 dB | SE = 17.015 bit/s/Hz
[84436 ms] [UE 61316] UL: SNR = 63.50 dB | SE = 20.778 bit/s/Hz
[84436 ms] [UE 54887] UL: SNR = 63.50 dB | SE = 20.778 bit/s/Hz
[84436 ms] [UE 41999] UL: SNR = 63.50 dB | SE = 20.778 bit/s/Hz
[84436 ms] [UE 10354] UL: SNR = 52.00 dB | SE = 17.015 bit/s/Hz
[84436 ms] [UE 21661] UL: SNR = 52.00 dB | SE = 17.015 bit/s/Hz
[84547 ms] [UE 61316] UL: SNR = 63.50 dB | SE = 20.778 bit/s/Hz
[84547 ms] [UE 54887] UL: SNR = 63.50 dB | SE = 20.778 bit/s/Hz
[84547 ms] [UE 41999] UL: SNR = 63.50 dB | SE = 20.778 bit/s/Hz
[84547 ms] [UE 10354] UL: SNR = 52.00 dB | SE = 17.015 bit/s/Hz
[84547 ms] [UE 21661] UL: SNR = 52.00 dB | SE = 17.015 bit/s/Hz
[84656 ms] [UE 61316] UL: SNR = 63.50 dB | SE = 20.778 bit/s/Hz
[84656 ms] [UE 54887] UL: SNR = 63.50 dB | SE = 20.778 bit/s/Hz
[84656 ms] [UE 41999] UL: SNR = 63.50 dB | SE = 20.778 bit/s/Hz
[84656 ms] [UE 10354] UL: SNR = 52.00 dB | SE = 17.015 bit/s/Hz
[84656 ms] [UE 21661] UL: SNR = 52.00 dB | SE = 17.015 bit/s/Hz
[84767 ms] [UE 61316] UL: SNR = 63.50 dB | SE = 20.778 bit/s/Hz
[84767 ms] [UE 54887] UL: SNR = 63.50 dB | SE = 20.778 bit/s/Hz
[84767 ms] [UE 41999] UL: SNR = 63.50 dB | SE = 20.778 bit/s/Hz
[84767 ms] [UE 10354] UL: SNR = 52.00 dB | SE = 17.015 bit/s/Hz
[84767 ms] [UE 21661] UL: SNR = 52.00 dB | SE = 17.015 bit/s/Hz
[84876 ms] [UE 61316] UL: SNR = 63.50 dB | SE = 20.778 bit/s/Hz
[84876 ms] [UE 54887] UL: SNR = 63.50 dB | SE = 20.778 bit/s/Hz
[84876 ms] [UE 41999] UL: SNR = 63.50 dB | SE = 20.778 bit/s/Hz
[84876 ms] [UE 10354] UL: SNR = 52.00 dB | SE = 17.015 bit/s/Hz
[84876 ms] [UE 21661] UL: SNR = 52.00 dB | SE = 17.015 bit/s/Hz
[84986 ms] [UE 61316] UL: SNR = 63.50 dB | SE = 20.778 bit/s/Hz
[84986 ms] [UE 54887] UL: SNR = 63.50 dB | SE = 20.778 bit/s/Hz
[84986 ms] [UE 41999] UL: SNR = 63.50 dB | SE = 20.778 bit/s/Hz
[84986 ms] [UE 10354] UL: SNR = 52.00 dB | SE = 17.015 bit/s/Hz
[84986 ms] [UE 21661] UL: SNR = 52.00 dB | SE = 17.015 bit/s/Hz
[85086 ms] [UE 61316] UL: SNR = 63.50 dB | SE = 20.778 bit/s/Hz
[85086 ms] [UE 54887] UL: SNR = 63.50 dB | SE = 20.778 bit/s/Hz
[85086 ms] [UE 41999] UL: SNR = 63.50 dB | SE = 20.778 bit/s/Hz
[85086 ms] [UE 10354] UL: SNR = 52.00 dB | SE = 17.015 bit/s/Hz
[85086 ms] [UE 21661] UL: SNR = 52.00 dB | SE = 17.015 bit/s/Hz
[85186 ms] [UE 61316] UL: SNR = 63.50 dB | SE = 20.778 bit/s/Hz
[85186 ms] [UE 54887] UL: SNR = 63.50 dB | SE = 20.778 bit/s/Hz
[85186 ms] [UE 41999] UL: SNR = 63.50 dB | SE = 20.778 bit/s/Hz
[85186 ms] [UE 10354] UL: SNR = 52.00 dB | SE = 17.015 bit/s/Hz
[85186 ms] [UE 21661] UL: SNR = 52.00 dB | SE = 17.015 bit/s/Hz
[85296 ms] [UE 61316] UL: SNR = 63.50 dB | SE = 20.778 bit/s/Hz
[85296 ms] [UE 54887] UL: SNR = 63.50 dB | SE = 20.778 bit/s/Hz
[85296 ms] [UE 41999] UL: SNR = 63.50 dB | SE = 20.778 bit/s/Hz
[85296 ms] [UE 10354] UL: SNR = 52.00 dB | SE = 17.015 bit/s/Hz
[85296 ms] [UE 21661] UL: SNR = 52.00 dB | SE = 17.015 bit/s/Hz
[85396 ms] [UE 61316] UL: SNR = 63.50 dB | SE = 20.778 bit/s/Hz
[85396 ms] [UE 54887] UL: SNR = 63.50 dB | SE = 20.778 bit/s/Hz
[85396 ms] [UE 41999] UL: SNR = 63.50 dB | SE = 20.778 bit/s/Hz
[85396 ms] [UE 10354] UL: SNR = 52.00 dB | SE = 17.015 bit/s/Hz
[85396 ms] [UE 21661] UL: SNR = 52.00 dB | SE = 17.015 bit/s/Hz
[85506 ms] [UE 61316] UL: SNR = 63.50 dB | SE = 20.778 bit/s/Hz
[85506 ms] [UE 54887] UL: SNR = 63.50 dB | SE = 20.778 bit/s/Hz
[85506 ms] [UE 41999] UL: SNR = 63.50 dB | SE = 20.778 bit/s/Hz
[85506 ms] [UE 10354] UL: SNR = 52.00 dB | SE = 17.015 bit/s/Hz
[85506 ms] [UE 21661] UL: SNR = 52.00 dB | SE = 17.015 bit/s/Hz
[85607 ms] [UE 61316] UL: SNR = 63.50 dB | SE = 20.778 bit/s/Hz
[85607 ms] [UE 54887] UL: SNR = 63.50 dB | SE = 20.778 bit/s/Hz
[85607 ms] [UE 41999] UL: SNR = 63.50 dB | SE = 20.778 bit/s/Hz
[85607 ms] [UE 10354] UL: SNR = 52.00 dB | SE = 17.015 bit/s/Hz
[85607 ms] [UE 21661] UL: SNR = 52.00 dB | SE = 17.015 bit/s/Hz
[85716 ms] [UE 61316] UL: SNR = 63.50 dB | SE = 20.778 bit/s/Hz
[85716 ms] [UE 54887] UL: SNR = 63.50 dB | SE = 20.778 bit/s/Hz
[85716 ms] [UE 41999] UL: SNR = 63.50 dB | SE = 20.778 bit/s/Hz
[85716 ms] [UE 10354] UL: SNR = 52.00 dB | SE = 17.015 bit/s/Hz
[85716 ms] [UE 21661] UL: SNR = 52.00 dB | SE = 17.015 bit/s/Hz
[85816 ms] [UE 61316] UL: SNR = 63.50 dB | SE = 20.778 bit/s/Hz
[85816 ms] [UE 54887] UL: SNR = 63.50 dB | SE = 20.778 bit/s/Hz
[85816 ms] [UE 41999] UL: SNR = 63.50 dB | SE = 20.778 bit/s/Hz
[85816 ms] [UE 10354] UL: SNR = 52.00 dB | SE = 17.015 bit/s/Hz
[85816 ms] [UE 21661] UL: SNR = 52.00 dB | SE = 17.015 bit/s/Hz
[85916 ms] [UE 61316] UL: SNR = 63.50 dB | SE = 20.778 bit/s/Hz
[85916 ms] [UE 54887] UL: SNR = 63.50 dB | SE = 20.778 bit/s/Hz
[85916 ms] [UE 41999] UL: SNR = 63.50 dB | SE = 20.778 bit/s/Hz
[85916 ms] [UE 10354] UL: SNR = 54.50 dB | SE = 17.833 bit/s/Hz
[85916 ms] [UE 21661] UL: SNR = 52.00 dB | SE = 17.015 bit/s/Hz
[86026 ms] [UE 61316] UL: SNR = 63.50 dB | SE = 20.778 bit/s/Hz
[86026 ms] [UE 54887] UL: SNR = 63.50 dB | SE = 20.778 bit/s/Hz
[86026 ms] [UE 41999] UL: SNR = 63.50 dB | SE = 20.778 bit/s/Hz
[86026 ms] [UE 10354] UL: SNR = 54.50 dB | SE = 17.833 bit/s/Hz
[86026 ms] [UE 21661] UL: SNR = 52.00 dB | SE = 17.015 bit/s/Hz
[86136 ms] [UE 61316] UL: SNR = 63.50 dB | SE = 20.778 bit/s/Hz
[86136 ms] [UE 54887] UL: SNR = 63.50 dB | SE = 20.778 bit/s/Hz
[86136 ms] [UE 41999] UL: SNR = 63.50 dB | SE = 20.778 bit/s/Hz
[86136 ms] [UE 10354] UL: SNR = 52.00 dB | SE = 17.015 bit/s/Hz
[86136 ms] [UE 21661] UL: SNR = 52.50 dB | SE = 17.179 bit/s/Hz
[86236 ms] [UE 61316] UL: SNR = 63.50 dB | SE = 20.778 bit/s/Hz
[86236 ms] [UE 54887] UL: SNR = 63.50 dB | SE = 20.778 bit/s/Hz
[86236 ms] [UE 41999] UL: SNR = 63.50 dB | SE = 20.778 bit/s/Hz
[86236 ms] [UE 10354] UL: SNR = 52.00 dB | SE = 17.015 bit/s/Hz
[86236 ms] [UE 21661] UL: SNR = 52.50 dB | SE = 17.179 bit/s/Hz
[86336 ms] [UE 61316] UL: SNR = 63.50 dB | SE = 20.778 bit/s/Hz
[86336 ms] [UE 54887] UL: SNR = 63.50 dB | SE = 20.778 bit/s/Hz
[86336 ms] [UE 41999] UL: SNR = 63.50 dB | SE = 20.778 bit/s/Hz
[86336 ms] [UE 10354] UL: SNR = 52.00 dB | SE = 17.015 bit/s/Hz
[86336 ms] [UE 21661] UL: SNR = 52.50 dB | SE = 17.179 bit/s/Hz
[86446 ms] [UE 61316] UL: SNR = 63.50 dB | SE = 20.778 bit/s/Hz
[86446 ms] [UE 54887] UL: SNR = 63.50 dB | SE = 20.778 bit/s/Hz
[86446 ms] [UE 41999] UL: SNR = 63.50 dB | SE = 20.778 bit/s/Hz
[86446 ms] [UE 10354] UL: SNR = 52.00 dB | SE = 17.015 bit/s/Hz
[86446 ms] [UE 21661] UL: SNR = 52.50 dB | SE = 17.179 bit/s/Hz
[86546 ms] [UE 61316] UL: SNR = 63.50 dB | SE = 20.778 bit/s/Hz
[86546 ms] [UE 54887] UL: SNR = 63.50 dB | SE = 20.778 bit/s/Hz
[86546 ms] [UE 41999] UL: SNR = 63.50 dB | SE = 20.778 bit/s/Hz
[86546 ms] [UE 10354] UL: SNR = 52.00 dB | SE = 17.015 bit/s/Hz
[86546 ms] [UE 21661] UL: SNR = 52.50 dB | SE = 17.179 bit/s/Hz
[86646 ms] [UE 61316] UL: SNR = 63.50 dB | SE = 20.778 bit/s/Hz
[86646 ms] [UE 54887] UL: SNR = 63.50 dB | SE = 20.778 bit/s/Hz
[86646 ms] [UE 41999] UL: SNR = 63.50 dB | SE = 20.778 bit/s/Hz
[86646 ms] [UE 10354] UL: SNR = 52.00 dB | SE = 17.015 bit/s/Hz
[86646 ms] [UE 21661] UL: SNR = 52.50 dB | SE = 17.179 bit/s/Hz
[86756 ms] [UE 61316] UL: SNR = 63.50 dB | SE = 20.778 bit/s/Hz
[86756 ms] [UE 54887] UL: SNR = 63.50 dB | SE = 20.778 bit/s/Hz
[86756 ms] [UE 41999] UL: SNR = 63.50 dB | SE = 20.778 bit/s/Hz
[86756 ms] [UE 10354] UL: SNR = 52.00 dB | SE = 17.015 bit/s/Hz
[86756 ms] [UE 21661] UL: SNR = 52.50 dB | SE = 17.179 bit/s/Hz
[86866 ms] [UE 61316] UL: SNR = 63.50 dB | SE = 20.778 bit/s/Hz
[86866 ms] [UE 54887] UL: SNR = 63.50 dB | SE = 20.778 bit/s/Hz
[86866 ms] [UE 41999] UL: SNR = 63.50 dB | SE = 20.778 bit/s/Hz
[86866 ms] [UE 10354] UL: SNR = 52.00 dB | SE = 17.015 bit/s/Hz
[86866 ms] [UE 21661] UL: SNR = 52.50 dB | SE = 17.179 bit/s/Hz
[86976 ms] [UE 61316] UL: SNR = 63.50 dB | SE = 20.778 bit/s/Hz
[86976 ms] [UE 54887] UL: SNR = 63.50 dB | SE = 20.778 bit/s/Hz
[86976 ms] [UE 41999] UL: SNR = 63.50 dB | SE = 20.778 bit/s/Hz
[86976 ms] [UE 10354] UL: SNR = 52.00 dB | SE = 17.015 bit/s/Hz
[86976 ms] [UE 21661] UL: SNR = 52.50 dB | SE = 17.179 bit/s/Hz
[87076 ms] [UE 61316] UL: SNR = 63.50 dB | SE = 20.778 bit/s/Hz
[87076 ms] [UE 54887] UL: SNR = 63.50 dB | SE = 20.778 bit/s/Hz
[87076 ms] [UE 41999] UL: SNR = 63.50 dB | SE = 20.778 bit/s/Hz
[87076 ms] [UE 10354] UL: SNR = 52.00 dB | SE = 17.015 bit/s/Hz
[87076 ms] [UE 21661] UL: SNR = 52.50 dB | SE = 17.179 bit/s/Hz
[87177 ms] [UE 61316] UL: SNR = 63.50 dB | SE = 20.778 bit/s/Hz
[87177 ms] [UE 54887] UL: SNR = 63.50 dB | SE = 20.778 bit/s/Hz
[87177 ms] [UE 41999] UL: SNR = 63.50 dB | SE = 20.778 bit/s/Hz
[87177 ms] [UE 10354] UL: SNR = 52.00 dB | SE = 17.015 bit/s/Hz
[87177 ms] [UE 21661] UL: SNR = 52.50 dB | SE = 17.179 bit/s/Hz
[87286 ms] [UE 61316] UL: SNR = 63.50 dB | SE = 20.778 bit/s/Hz
[87286 ms] [UE 54887] UL: SNR = 63.50 dB | SE = 20.778 bit/s/Hz
[87286 ms] [UE 41999] UL: SNR = 63.50 dB | SE = 20.778 bit/s/Hz
[87286 ms] [UE 10354] UL: SNR = 52.00 dB | SE = 17.015 bit/s/Hz
[87286 ms] [UE 21661] UL: SNR = 52.50 dB | SE = 17.179 bit/s/Hz
[87387 ms] [UE 61316] UL: SNR = 63.50 dB | SE = 20.778 bit/s/Hz
[87387 ms] [UE 54887] UL: SNR = 63.50 dB | SE = 20.778 bit/s/Hz
[87387 ms] [UE 41999] UL: SNR = 63.50 dB | SE = 20.778 bit/s/Hz
[87387 ms] [UE 10354] UL: SNR = 52.00 dB | SE = 17.015 bit/s/Hz
[87387 ms] [UE 21661] UL: SNR = 52.50 dB | SE = 17.179 bit/s/Hz
[87497 ms] [UE 61316] UL: SNR = 63.50 dB | SE = 20.778 bit/s/Hz
[87497 ms] [UE 54887] UL: SNR = 63.50 dB | SE = 20.778 bit/s/Hz
[87497 ms] [UE 41999] UL: SNR = 63.50 dB | SE = 20.778 bit/s/Hz
[87497 ms] [UE 10354] UL: SNR = 52.00 dB | SE = 17.015 bit/s/Hz
[87497 ms] [UE 21661] UL: SNR = 52.50 dB | SE = 17.179 bit/s/Hz
[87606 ms] [UE 61316] UL: SNR = 63.50 dB | SE = 20.778 bit/s/Hz
[87606 ms] [UE 54887] UL: SNR = 63.50 dB | SE = 20.778 bit/s/Hz
[87606 ms] [UE 41999] UL: SNR = 63.50 dB | SE = 20.778 bit/s/Hz
[87606 ms] [UE 10354] UL: SNR = 52.00 dB | SE = 17.015 bit/s/Hz
[87606 ms] [UE 21661] UL: SNR = 52.50 dB | SE = 17.179 bit/s/Hz
[87716 ms] [UE 61316] UL: SNR = 63.50 dB | SE = 20.778 bit/s/Hz
[87716 ms] [UE 54887] UL: SNR = 63.50 dB | SE = 20.778 bit/s/Hz
[87716 ms] [UE 41999] UL: SNR = 63.50 dB | SE = 20.778 bit/s/Hz
[87716 ms] [UE 10354] UL: SNR = 52.00 dB | SE = 17.015 bit/s/Hz
[87716 ms] [UE 21661] UL: SNR = 52.50 dB | SE = 17.179 bit/s/Hz
[87826 ms] [UE 61316] UL: SNR = 63.50 dB | SE = 20.778 bit/s/Hz
[87826 ms] [UE 54887] UL: SNR = 63.50 dB | SE = 20.778 bit/s/Hz
[87826 ms] [UE 41999] UL: SNR = 63.50 dB | SE = 20.778 bit/s/Hz
[87826 ms] [UE 10354] UL: SNR = 52.00 dB | SE = 17.015 bit/s/Hz
[87826 ms] [UE 21661] UL: SNR = 52.50 dB | SE = 17.179 bit/s/Hz
[87936 ms] [UE 61316] UL: SNR = 63.50 dB | SE = 20.778 bit/s/Hz
[87936 ms] [UE 54887] UL: SNR = 63.50 dB | SE = 20.778 bit/s/Hz
[87936 ms] [UE 41999] UL: SNR = 63.50 dB | SE = 20.778 bit/s/Hz
[87936 ms] [UE 10354] UL: SNR = 52.00 dB | SE = 17.015 bit/s/Hz
[87936 ms] [UE 21661] UL: SNR = 52.50 dB | SE = 17.179 bit/s/Hz
[88036 ms] [UE 61316] UL: SNR = 63.50 dB | SE = 20.778 bit/s/Hz
[88036 ms] [UE 54887] UL: SNR = 63.50 dB | SE = 20.778 bit/s/Hz
[88036 ms] [UE 41999] UL: SNR = 63.50 dB | SE = 20.778 bit/s/Hz
[88036 ms] [UE 10354] UL: SNR = 52.00 dB | SE = 17.015 bit/s/Hz
[88036 ms] [UE 21661] UL: SNR = 52.50 dB | SE = 17.179 bit/s/Hz
[88146 ms] [UE 61316] UL: SNR = 63.50 dB | SE = 20.778 bit/s/Hz
[88146 ms] [UE 54887] UL: SNR = 63.50 dB | SE = 20.778 bit/s/Hz
[88146 ms] [UE 41999] UL: SNR = 63.50 dB | SE = 20.778 bit/s/Hz
[88146 ms] [UE 10354] UL: SNR = 52.00 dB | SE = 17.015 bit/s/Hz
[88146 ms] [UE 21661] UL: SNR = 52.50 dB | SE = 17.179 bit/s/Hz
[88256 ms] [UE 61316] UL: SNR = 63.50 dB | SE = 20.778 bit/s/Hz
[88256 ms] [UE 54887] UL: SNR = 63.50 dB | SE = 20.778 bit/s/Hz
[88256 ms] [UE 41999] UL: SNR = 63.50 dB | SE = 20.778 bit/s/Hz
[88256 ms] [UE 10354] UL: SNR = 52.00 dB | SE = 17.015 bit/s/Hz
[88256 ms] [UE 21661] UL: SNR = 52.50 dB | SE = 17.179 bit/s/Hz
[88356 ms] [UE 61316] UL: SNR = 63.50 dB | SE = 20.778 bit/s/Hz
[88356 ms] [UE 54887] UL: SNR = 63.50 dB | SE = 20.778 bit/s/Hz
[88356 ms] [UE 41999] UL: SNR = 63.50 dB | SE = 20.778 bit/s/Hz
[88356 ms] [UE 10354] UL: SNR = 52.00 dB | SE = 17.015 bit/s/Hz
[88356 ms] [UE 21661] UL: SNR = 52.50 dB | SE = 17.179 bit/s/Hz
[88457 ms] [UE 61316] UL: SNR = 63.50 dB | SE = 20.778 bit/s/Hz
[88457 ms] [UE 54887] UL: SNR = 63.50 dB | SE = 20.778 bit/s/Hz
[88457 ms] [UE 41999] UL: SNR = 63.50 dB | SE = 20.778 bit/s/Hz
[88457 ms] [UE 10354] UL: SNR = 52.00 dB | SE = 17.015 bit/s/Hz
[88457 ms] [UE 21661] UL: SNR = 52.50 dB | SE = 17.179 bit/s/Hz
[88566 ms] [UE 61316] UL: SNR = 63.50 dB | SE = 20.778 bit/s/Hz
[88566 ms] [UE 54887] UL: SNR = 63.50 dB | SE = 20.778 bit/s/Hz
[88566 ms] [UE 41999] UL: SNR = 63.50 dB | SE = 20.778 bit/s/Hz
[88566 ms] [UE 10354] UL: SNR = 52.00 dB | SE = 17.015 bit/s/Hz
[88566 ms] [UE 21661] UL: SNR = 52.50 dB | SE = 17.179 bit/s/Hz
[88666 ms] [UE 61316] UL: SNR = 63.50 dB | SE = 20.778 bit/s/Hz
[88666 ms] [UE 54887] UL: SNR = 63.50 dB | SE = 20.778 bit/s/Hz
[88666 ms] [UE 41999] UL: SNR = 63.50 dB | SE = 20.778 bit/s/Hz
[88666 ms] [UE 10354] UL: SNR = 52.00 dB | SE = 17.015 bit/s/Hz
[88666 ms] [UE 21661] UL: SNR = 52.50 dB | SE = 17.179 bit/s/Hz
[88766 ms] [UE 61316] UL: SNR = 63.50 dB | SE = 20.778 bit/s/Hz
[88766 ms] [UE 54887] UL: SNR = 63.50 dB | SE = 20.778 bit/s/Hz
[88766 ms] [UE 41999] UL: SNR = 63.50 dB | SE = 20.778 bit/s/Hz
[88766 ms] [UE 10354] UL: SNR = 52.00 dB | SE = 17.015 bit/s/Hz
[88766 ms] [UE 21661] UL: SNR = 52.50 dB | SE = 17.179 bit/s/Hz
[88876 ms] [UE 61316] UL: SNR = 63.50 dB | SE = 20.778 bit/s/Hz
[88876 ms] [UE 54887] UL: SNR = 63.50 dB | SE = 20.778 bit/s/Hz
[88876 ms] [UE 41999] UL: SNR = 63.50 dB | SE = 20.778 bit/s/Hz
[88876 ms] [UE 10354] UL: SNR = 52.00 dB | SE = 17.015 bit/s/Hz
[88876 ms] [UE 21661] UL: SNR = 52.50 dB | SE = 17.179 bit/s/Hz
[88976 ms] [UE 61316] UL: SNR = 63.50 dB | SE = 20.778 bit/s/Hz
[88976 ms] [UE 54887] UL: SNR = 63.50 dB | SE = 20.778 bit/s/Hz
[88976 ms] [UE 41999] UL: SNR = 63.50 dB | SE = 20.778 bit/s/Hz
[88976 ms] [UE 10354] UL: SNR = 52.00 dB | SE = 17.015 bit/s/Hz
[88976 ms] [UE 21661] UL: SNR = 52.50 dB | SE = 17.179 bit/s/Hz
[89086 ms] [UE 61316] UL: SNR = 63.50 dB | SE = 20.778 bit/s/Hz
[89086 ms] [UE 54887] UL: SNR = 63.50 dB | SE = 20.778 bit/s/Hz
[89086 ms] [UE 41999] UL: SNR = 63.50 dB | SE = 20.778 bit/s/Hz
[89086 ms] [UE 10354] UL: SNR = 52.00 dB | SE = 17.015 bit/s/Hz
[89086 ms] [UE 21661] UL: SNR = 52.50 dB | SE = 17.179 bit/s/Hz
[89187 ms] [UE 61316] UL: SNR = 63.50 dB | SE = 20.778 bit/s/Hz
[89187 ms] [UE 54887] UL: SNR = 63.50 dB | SE = 20.778 bit/s/Hz
[89187 ms] [UE 41999] UL: SNR = 63.50 dB | SE = 20.778 bit/s/Hz
[89187 ms] [UE 10354] UL: SNR = 52.00 dB | SE = 17.015 bit/s/Hz
[89187 ms] [UE 21661] UL: SNR = 52.50 dB | SE = 17.179 bit/s/Hz
[89296 ms] [UE 61316] UL: SNR = 63.50 dB | SE = 20.778 bit/s/Hz
[89296 ms] [UE 54887] UL: SNR = 63.50 dB | SE = 20.778 bit/s/Hz
[89296 ms] [UE 41999] UL: SNR = 63.50 dB | SE = 20.778 bit/s/Hz
[89296 ms] [UE 10354] UL: SNR = 52.00 dB | SE = 17.015 bit/s/Hz
[89296 ms] [UE 21661] UL: SNR = 52.50 dB | SE = 17.179 bit/s/Hz
[89397 ms] [UE 61316] UL: SNR = 63.50 dB | SE = 20.778 bit/s/Hz
[89397 ms] [UE 54887] UL: SNR = 63.50 dB | SE = 20.778 bit/s/Hz
[89397 ms] [UE 41999] UL: SNR = 63.50 dB | SE = 20.778 bit/s/Hz
[89397 ms] [UE 10354] UL: SNR = 52.00 dB | SE = 17.015 bit/s/Hz
[89397 ms] [UE 21661] UL: SNR = 52.50 dB | SE = 17.179 bit/s/Hz
[89507 ms] [UE 61316] UL: SNR = 63.50 dB | SE = 20.778 bit/s/Hz
[89507 ms] [UE 54887] UL: SNR = 63.50 dB | SE = 20.778 bit/s/Hz
[89507 ms] [UE 41999] UL: SNR = 63.50 dB | SE = 20.778 bit/s/Hz
[89507 ms] [UE 10354] UL: SNR = 52.00 dB | SE = 17.015 bit/s/Hz
[89507 ms] [UE 21661] UL: SNR = 52.50 dB | SE = 17.179 bit/s/Hz
[89616 ms] [UE 61316] UL: SNR = 63.50 dB | SE = 20.778 bit/s/Hz
[89616 ms] [UE 54887] UL: SNR = 63.50 dB | SE = 20.778 bit/s/Hz
[89616 ms] [UE 41999] UL: SNR = 63.50 dB | SE = 20.778 bit/s/Hz
[89616 ms] [UE 10354] UL: SNR = 52.00 dB | SE = 17.015 bit/s/Hz
[89616 ms] [UE 21661] UL: SNR = 52.50 dB | SE = 17.179 bit/s/Hz
[89726 ms] [UE 61316] UL: SNR = 63.50 dB | SE = 20.778 bit/s/Hz
[89726 ms] [UE 54887] UL: SNR = 63.50 dB | SE = 20.778 bit/s/Hz
[89726 ms] [UE 41999] UL: SNR = 63.50 dB | SE = 20.778 bit/s/Hz
[89726 ms] [UE 10354] UL: SNR = 54.50 dB | SE = 17.833 bit/s/Hz
[89726 ms] [UE 21661] UL: SNR = 52.50 dB | SE = 17.179 bit/s/Hz
[89827 ms] [UE 61316] UL: SNR = 63.50 dB | SE = 20.778 bit/s/Hz
[89827 ms] [UE 54887] UL: SNR = 63.50 dB | SE = 20.778 bit/s/Hz
[89827 ms] [UE 41999] UL: SNR = 63.50 dB | SE = 20.778 bit/s/Hz
[89827 ms] [UE 10354] UL: SNR = 54.50 dB | SE = 17.833 bit/s/Hz
[89827 ms] [UE 21661] UL: SNR = 52.50 dB | SE = 17.179 bit/s/Hz
[89936 ms] [UE 61316] UL: SNR = 63.50 dB | SE = 20.778 bit/s/Hz
[89936 ms] [UE 54887] UL: SNR = 63.50 dB | SE = 20.778 bit/s/Hz
[89936 ms] [UE 41999] UL: SNR = 63.50 dB | SE = 20.778 bit/s/Hz
[89936 ms] [UE 10354] UL: SNR = 52.00 dB | SE = 17.015 bit/s/Hz
[89936 ms] [UE 21661] UL: SNR = 52.50 dB | SE = 17.179 bit/s/Hz
[xApp]: E42 RIC_SUBSCRIPTION_DELETE_REQUEST tx RAN_FUNC_ID 142 RIC_REQ_ID 1 
[xApp]: E42 SUBSCRIPTION DELETE RESPONSE rx
[xApp]: E42 RIC_SUBSCRIPTION_DELETE_REQUEST tx RAN_FUNC_ID 142 RIC_REQ_ID 2 
[xApp]: E42 SUBSCRIPTION DELETE RESPONSE rx
[xApp]: Sucessfully stopped 
Test xApp run SUCCESSFULLY
