Time_ms,UE_ID,UL_SNR_dB,UL_SE_bit_per_s_Hz
0,45898,63.50,20.778
0,36997,63.50,20.778
0,48787,63.50,20.778
0,40252,56.00,18.324
0,15599,52.50,17.179
2,33952,6.50,2.414
2,12169,63.50,20.778
2,22873,63.50,20.778
2,30556,63.50,20.778
2,20945,63.50,20.778
102,33952,6.50,2.414
102,12169,63.50,20.778
102,22873,63.50,20.778
102,30556,63.50,20.778
102,20945,63.50,20.778
110,45898,63.50,20.778
110,36997,63.50,20.778
110,48787,63.50,20.778
110,40252,56.00,18.324
110,15599,52.50,17.179
213,33952,6.50,2.414
213,12169,63.50,20.778
213,22873,63.50,20.778
213,30556,63.50,20.778
213,20945,63.50,20.778
219,45898,63.50,20.778
219,36997,63.50,20.778
219,48787,63.50,20.778
219,40252,56.00,18.324
219,15599,52.50,17.179
320,45898,63.50,20.778
320,36997,63.50,20.778
320,48787,63.50,20.778
320,40252,56.00,18.324
320,15599,52.50,17.179
323,33952,6.50,2.414
323,12169,63.50,20.778
323,22873,63.50,20.778
323,30556,63.50,20.778
323,20945,63.50,20.778
429,45898,63.50,20.778
429,36997,63.50,20.778
429,48787,63.50,20.778
429,40252,56.00,18.324
429,15599,52.50,17.179
432,33952,6.50,2.414
432,12169,63.50,20.778
432,22873,63.50,20.778
432,30556,63.50,20.778
432,20945,63.50,20.778
539,45898,63.50,20.778
539,36997,63.50,20.778
539,48787,63.50,20.778
539,40252,56.00,18.324
539,15599,52.50,17.179
541,33952,6.50,2.414
541,12169,63.50,20.778
541,22873,63.50,20.778
541,30556,63.50,20.778
541,20945,63.50,20.778
640,45898,63.50,20.778
640,36997,63.50,20.778
640,48787,63.50,20.778
640,40252,56.00,18.324
640,15599,52.50,17.179
642,33952,6.50,2.414
642,12169,63.50,20.778
642,22873,63.50,20.778
642,30556,63.50,20.778
642,20945,63.50,20.778
742,33952,6.50,2.414
742,12169,63.50,20.778
742,22873,63.50,20.778
742,30556,63.50,20.778
742,20945,63.50,20.778
750,45898,63.50,20.778
750,36997,63.50,20.778
750,48787,63.50,20.778
750,40252,56.00,18.324
750,15599,52.50,17.179
843,33952,6.50,2.414
843,12169,63.50,20.778
843,22873,63.50,20.778
843,30556,63.50,20.778
843,20945,63.50,20.778
859,45898,63.50,20.778
859,36997,63.50,20.778
859,48787,63.50,20.778
859,40252,56.00,18.324
859,15599,52.50,17.179
952,33952,6.50,2.414
952,12169,63.50,20.778
952,22873,63.50,20.778
952,30556,63.50,20.778
952,20945,63.50,20.778
959,45898,63.50,20.778
959,36997,63.50,20.778
959,48787,63.50,20.778
959,40252,56.00,18.324
959,15599,52.50,17.179
1060,45898,63.50,20.778
1060,36997,63.50,20.778
1060,48787,63.50,20.778
1060,40252,56.00,18.324
1060,15599,52.50,17.179
1062,33952,6.50,2.414
1062,12169,63.50,20.778
1062,22873,63.50,20.778
1062,30556,63.50,20.778
1062,20945,63.50,20.778
1170,45898,63.50,20.778
1170,36997,63.50,20.778
1170,48787,63.50,20.778
1170,40252,56.00,18.324
1170,15599,52.50,17.179
1172,33952,6.50,2.414
1172,12169,63.50,20.778
1172,22873,63.50,20.778
1172,30556,63.50,20.778
1172,20945,63.50,20.778
1279,45898,63.50,20.778
1279,36997,63.50,20.778
1279,48787,63.50,20.778
1279,40252,56.00,18.324
1279,15599,52.50,17.179
1284,33952,6.50,2.414
1284,12169,63.50,20.778
1284,22873,63.50,20.778
1284,30556,63.50,20.778
1284,20945,63.50,20.778
1390,45898,63.50,20.778
1390,36997,63.50,20.778
1390,48787,63.50,20.778
1390,40252,56.00,18.324
1390,15599,52.50,17.179
1392,33952,6.50,2.414
1392,12169,63.50,20.778
1392,22873,63.50,20.778
1392,30556,63.50,20.778
1392,20945,63.50,20.778
1500,45898,63.50,20.778
1500,36997,63.50,20.778
1500,48787,63.50,20.778
1500,40252,56.00,18.324
1500,15599,52.50,17.179
1501,33952,6.50,2.414
1501,12169,63.50,20.778
1501,22873,63.50,20.778
1501,30556,63.50,20.778
1501,20945,63.50,20.778
1610,45898,63.50,20.778
1610,36997,63.50,20.778
1610,48787,63.50,20.778
1610,40252,56.00,18.324
1610,15599,52.50,17.179
1613,33952,6.50,2.414
1613,12169,63.50,20.778
1613,22873,63.50,20.778
1613,30556,63.50,20.778
1613,20945,63.50,20.778
1719,45898,63.50,20.778
1719,36997,63.50,20.778
1719,48787,63.50,20.778
1719,40252,56.00,18.324
1719,15599,52.50,17.179
1721,33952,6.50,2.414
1721,12169,63.50,20.778
1721,22873,63.50,20.778
1721,30556,63.50,20.778
1721,20945,63.50,20.778
1819,45898,63.50,20.778
1819,36997,63.50,20.778
1819,48787,63.50,20.778
1819,40252,56.00,18.324
1819,15599,52.50,17.179
1832,33952,6.50,2.414
1832,12169,63.50,20.778
1832,22873,63.50,20.778
1832,30556,63.50,20.778
1832,20945,63.50,20.778
1920,45898,63.50,20.778
1920,36997,63.50,20.778
1920,48787,63.50,20.778
1920,40252,56.00,18.324
1920,15599,52.50,17.179
1941,33952,6.50,2.414
1941,12169,63.50,20.778
1941,22873,63.50,20.778
1941,30556,63.50,20.778
1941,20945,63.50,20.778
2029,45898,63.50,20.778
2029,36997,63.50,20.778
2029,48787,63.50,20.778
2029,40252,56.00,18.324
2029,15599,52.50,17.179
2042,33952,6.50,2.414
2042,12169,63.50,20.778
2042,22873,63.50,20.778
2042,30556,63.50,20.778
2042,20945,63.50,20.778
2140,45898,63.50,20.778
2140,36997,63.50,20.778
2140,48787,63.50,20.778
2140,40252,56.00,18.324
2140,15599,52.50,17.179
2152,33952,6.50,2.414
2152,12169,63.50,20.778
2152,22873,63.50,20.778
2152,30556,63.50,20.778
2152,20945,63.50,20.778
2240,45898,63.50,20.778
2240,36997,63.50,20.778
2240,48787,63.50,20.778
2240,40252,56.00,18.324
2240,15599,52.50,17.179
2264,33952,6.50,2.414
2264,12169,63.50,20.778
2264,22873,63.50,20.778
2264,30556,63.50,20.778
2264,20945,63.50,20.778
2349,45898,63.50,20.778
2349,36997,63.50,20.778
2349,48787,63.50,20.778
2349,40252,56.00,18.324
2349,15599,52.50,17.179
2372,33952,6.50,2.414
2372,12169,63.50,20.778
2372,22873,63.50,20.778
2372,30556,53.50,17.506
2372,20945,52.50,17.179
2450,45898,63.50,20.778
2450,36997,63.50,20.778
2450,48787,63.50,20.778
2450,40252,56.00,18.324
2450,15599,52.50,17.179
2472,33952,6.50,2.414
2472,12169,63.50,20.778
2472,22873,63.50,20.778
2472,30556,53.50,17.506
2472,20945,52.50,17.179
2560,45898,63.50,20.778
2560,36997,63.50,20.778
2560,48787,63.50,20.778
2560,40252,56.00,18.324
2560,15599,52.50,17.179
2582,33952,6.50,2.414
2582,12169,63.50,20.778
2582,22873,63.50,20.778
2582,30556,53.50,17.506
2582,20945,52.50,17.179
2660,45898,63.50,20.778
2660,36997,63.50,20.778
2660,48787,63.50,20.778
2660,40252,56.00,18.324
2660,15599,52.50,17.179
2692,33952,6.50,2.414
2692,12169,63.50,20.778
2692,22873,63.50,20.778
2692,30556,53.50,17.506
2692,20945,52.50,17.179
2770,45898,63.50,20.778
2770,36997,63.50,20.778
2770,48787,63.50,20.778
2770,40252,56.00,18.324
2770,15599,52.50,17.179
2806,33952,6.50,2.414
2806,12169,63.50,20.778
2806,22873,63.50,20.778
2806,30556,53.50,17.506
2806,20945,52.50,17.179
2880,45898,63.50,20.778
2880,36997,63.50,20.778
2880,48787,63.50,20.778
2880,40252,56.00,18.324
2880,15599,52.50,17.179
2911,33952,6.50,2.414
2911,12169,63.50,20.778
2911,22873,63.50,20.778
2911,30556,53.50,17.506
2911,20945,52.50,17.179
2989,45898,63.50,20.778
2989,36997,63.50,20.778
2989,48787,63.50,20.778
2989,40252,56.00,18.324
2989,15599,52.50,17.179
3012,33952,6.50,2.414
3012,12169,63.50,20.778
3012,22873,63.50,20.778
3012,30556,53.50,17.506
3012,20945,52.50,17.179
3090,45898,63.50,20.778
3090,36997,63.50,20.778
3090,48787,63.50,20.778
3090,40252,56.00,18.324
3090,15599,52.50,17.179
3113,33952,6.50,2.414
3113,12169,63.50,20.778
3113,22873,63.50,20.778
3113,30556,63.50,20.778
3113,20945,52.50,17.179
3200,45898,63.50,20.778
3200,36997,63.50,20.778
3200,48787,63.50,20.778
3200,40252,56.00,18.324
3200,15599,52.50,17.179
3221,33952,6.50,2.414
3221,12169,63.50,20.778
3221,22873,63.50,20.778
3221,30556,63.50,20.778
3221,20945,52.50,17.179
3310,45898,63.50,20.778
3310,36997,63.50,20.778
3310,48787,63.50,20.778
3310,40252,56.00,18.324
3310,15599,52.50,17.179
3324,33952,6.50,2.414
3324,12169,63.50,20.778
3324,22873,63.50,20.778
3324,30556,63.50,20.778
3324,20945,52.50,17.179
3410,45898,63.50,20.778
3410,36997,63.50,20.778
3410,48787,63.50,20.778
3410,40252,56.00,18.324
3410,15599,52.50,17.179
3432,33952,6.50,2.414
3432,12169,63.50,20.778
3432,22873,63.50,20.778
3432,30556,63.50,20.778
3432,20945,52.50,17.179
3510,45898,63.50,20.778
3510,36997,63.50,20.778
3510,48787,63.50,20.778
3510,40252,56.00,18.324
3510,15599,52.50,17.179
3533,33952,6.50,2.414
3533,12169,63.50,20.778
3533,22873,63.50,20.778
3533,30556,63.50,20.778
3533,20945,52.50,17.179
3620,45898,63.50,20.778
3620,36997,63.50,20.778
3620,48787,63.50,20.778
3620,40252,56.00,18.324
3620,15599,52.50,17.179
3642,33952,6.50,2.414
3642,12169,63.50,20.778
3642,22873,63.50,20.778
3642,30556,63.50,20.778
3642,20945,52.50,17.179
3729,45898,63.50,20.778
3729,36997,63.50,20.778
3729,48787,63.50,20.778
3729,40252,56.00,18.324
3729,15599,52.50,17.179
3751,33952,6.50,2.414
3751,12169,63.50,20.778
3751,22873,63.50,20.778
3751,30556,63.50,20.778
3751,20945,52.50,17.179
3829,45898,63.50,20.778
3829,36997,63.50,20.778
3829,48787,63.50,20.778
3829,40252,56.00,18.324
3829,15599,52.50,17.179
3851,33952,6.50,2.414
3851,12169,63.50,20.778
3851,22873,63.50,20.778
3851,30556,63.50,20.778
3851,20945,52.50,17.179
3939,45898,63.50,20.778
3939,36997,63.50,20.778
3939,48787,63.50,20.778
3939,40252,56.00,18.324
3939,15599,52.50,17.179
3951,33952,6.50,2.414
3951,12169,63.50,20.778
3951,22873,63.50,20.778
3951,30556,63.50,20.778
3951,20945,52.50,17.179
4039,45898,63.50,20.778
4039,36997,63.50,20.778
4039,48787,63.50,20.778
4039,40252,56.00,18.324
4039,15599,52.50,17.179
4052,33952,6.50,2.414
4052,12169,63.50,20.778
4052,22873,63.50,20.778
4052,30556,63.50,20.778
4052,20945,52.50,17.179
4140,45898,63.50,20.778
4140,36997,63.50,20.778
4140,48787,63.50,20.778
4140,40252,56.00,18.324
4140,15599,52.50,17.179
4152,33952,6.50,2.414
4152,12169,63.50,20.778
4152,22873,63.50,20.778
4152,30556,63.50,20.778
4152,20945,52.50,17.179
4240,45898,63.50,20.778
4240,36997,63.50,20.778
4240,48787,63.50,20.778
4240,40252,56.00,18.324
4240,15599,52.50,17.179
4262,33952,6.50,2.414
4262,12169,63.50,20.778
4262,22873,63.50,20.778
4262,30556,63.50,20.778
4262,20945,52.50,17.179
4341,45898,63.50,20.778
4341,36997,63.50,20.778
4341,48787,63.50,20.778
4341,40252,56.00,18.324
4341,15599,52.50,17.179
4362,33952,6.50,2.414
4362,12169,63.50,20.778
4362,22873,63.50,20.778
4362,30556,63.50,20.778
4362,20945,52.50,17.179
4450,45898,63.50,20.778
4450,36997,63.50,20.778
4450,48787,63.50,20.778
4450,40252,56.00,18.324
4450,15599,52.50,17.179
4471,33952,6.50,2.414
4471,12169,63.50,20.778
4471,22873,63.50,20.778
4471,30556,63.50,20.778
4471,20945,52.50,17.179
4559,45898,63.50,20.778
4559,36997,63.50,20.778
4559,48787,63.50,20.778
4559,40252,56.00,18.324
4559,15599,52.50,17.179
4572,33952,6.50,2.414
4572,12169,63.50,20.778
4572,22873,63.50,20.778
4572,30556,63.50,20.778
4572,20945,52.50,17.179
4659,45898,63.50,20.778
4659,36997,63.50,20.778
4659,48787,63.50,20.778
4659,40252,56.00,18.324
4659,15599,52.50,17.179
4681,33952,6.50,2.414
4681,12169,63.50,20.778
4681,22873,63.50,20.778
4681,30556,63.50,20.778
4681,20945,52.50,17.179
4769,45898,63.50,20.778
4769,36997,63.50,20.778
4769,48787,63.50,20.778
4769,40252,56.00,18.324
4769,15599,52.50,17.179
4782,33952,6.50,2.414
4782,12169,63.50,20.778
4782,22873,63.50,20.778
4782,30556,63.50,20.778
4782,20945,52.50,17.179
4880,45898,63.50,20.778
4880,36997,63.50,20.778
4880,48787,63.50,20.778
4880,40252,56.00,18.324
4880,15599,52.50,17.179
4882,33952,6.50,2.414
4882,12169,63.50,20.778
4882,22873,63.50,20.778
4882,30556,63.50,20.778
4882,20945,52.50,17.179
4990,45898,63.50,20.778
4990,36997,63.50,20.778
4990,48787,63.50,20.778
4990,40252,56.00,18.324
4990,15599,52.50,17.179
4992,33952,6.50,2.414
4992,12169,63.50,20.778
4992,22873,63.50,20.778
4992,30556,63.50,20.778
4992,20945,52.50,17.179
5100,45898,63.50,20.778
5100,36997,63.50,20.778
5100,48787,63.50,20.778
5100,40252,56.00,18.324
5100,15599,52.50,17.179
5102,33952,6.50,2.414
5102,12169,63.50,20.778
5102,22873,63.50,20.778
5102,30556,63.50,20.778
5102,20945,52.50,17.179
5200,45898,63.50,20.778
5200,36997,63.50,20.778
5200,48787,63.50,20.778
5200,40252,56.00,18.324
5200,15599,52.50,17.179
5202,33952,6.50,2.414
5202,12169,63.50,20.778
5202,22873,63.50,20.778
5202,30556,63.50,20.778
5202,20945,52.50,17.179
5300,45898,63.50,20.778
5300,36997,63.50,20.778
5300,48787,63.50,20.778
5300,40252,56.00,18.324
5300,15599,52.50,17.179
5315,33952,6.50,2.414
5315,12169,63.50,20.778
5315,22873,63.50,20.778
5315,30556,63.50,20.778
5315,20945,52.50,17.179
5409,45898,63.50,20.778
5409,36997,63.50,20.778
5409,48787,63.50,20.778
5409,40252,56.00,18.324
5409,15599,52.50,17.179
5422,33952,6.50,2.414
5422,12169,63.50,20.778
5422,22873,63.50,20.778
5422,30556,63.50,20.778
5422,20945,52.50,17.179
5510,45898,63.50,20.778
5510,36997,63.50,20.778
5510,48787,63.50,20.778
5510,40252,56.00,18.324
5510,15599,52.50,17.179
5532,33952,6.50,2.414
5532,12169,63.50,20.778
5532,22873,63.50,20.778
5532,30556,63.50,20.778
5532,20945,52.50,17.179
5610,45898,63.50,20.778
5610,36997,63.50,20.778
5610,48787,63.50,20.778
5610,40252,56.00,18.324
5610,15599,52.50,17.179
5632,33952,6.50,2.414
5632,12169,63.50,20.778
5632,22873,63.50,20.778
5632,30556,63.50,20.778
5632,20945,52.50,17.179
5710,45898,63.50,20.778
5710,36997,63.50,20.778
5710,48787,63.50,20.778
5710,40252,56.00,18.324
5710,15599,52.50,17.179
5734,33952,6.50,2.414
5734,12169,63.50,20.778
5734,22873,63.50,20.778
5734,30556,63.50,20.778
5734,20945,52.50,17.179
5819,45898,63.50,20.778
5819,36997,63.50,20.778
5819,48787,63.50,20.778
5819,40252,56.00,18.324
5819,15599,52.50,17.179
5843,33952,6.50,2.414
5843,12169,63.50,20.778
5843,22873,63.50,20.778
5843,30556,63.50,20.778
5843,20945,52.50,17.179
5930,45898,63.50,20.778
5930,36997,63.50,20.778
5930,48787,63.50,20.778
5930,40252,56.00,18.324
5930,15599,52.50,17.179
5951,33952,6.50,2.414
5951,12169,63.50,20.778
5951,22873,63.50,20.778
5951,30556,63.50,20.778
5951,20945,52.50,17.179
6039,45898,63.50,20.778
6039,36997,63.50,20.778
6039,48787,63.50,20.778
6039,40252,56.00,18.324
6039,15599,52.50,17.179
6052,33952,6.50,2.414
6052,12169,63.50,20.778
6052,22873,63.50,20.778
6052,30556,63.50,20.778
6052,20945,52.50,17.179
6139,45898,63.50,20.778
6139,36997,63.50,20.778
6139,48787,63.50,20.778
6139,40252,56.00,18.324
6139,15599,52.50,17.179
6162,33952,6.50,2.414
6162,12169,63.50,20.778
6162,22873,63.50,20.778
6162,30556,63.50,20.778
6162,20945,52.50,17.179
6240,45898,63.50,20.778
6240,36997,63.50,20.778
6240,48787,63.50,20.778
6240,40252,56.00,18.324
6240,15599,52.50,17.179
6262,33952,6.50,2.414
6262,12169,63.50,20.778
6262,22873,63.50,20.778
6262,30556,63.50,20.778
6262,20945,52.50,17.179
6350,45898,63.50,20.778
6350,36997,63.50,20.778
6350,48787,63.50,20.778
6350,40252,56.00,18.324
6350,15599,52.50,17.179
6362,33952,6.50,2.414
6362,12169,63.50,20.778
6362,22873,63.50,20.778
6362,30556,63.50,20.778
6362,20945,52.50,17.179
6459,45898,63.50,20.778
6459,36997,63.50,20.778
6459,48787,63.50,20.778
6459,40252,56.00,18.324
6459,15599,52.50,17.179
6462,33952,6.50,2.414
6462,12169,63.50,20.778
6462,22873,63.50,20.778
6462,30556,63.50,20.778
6462,20945,52.50,17.179
6560,45898,63.50,20.778
6560,36997,63.50,20.778
6560,48787,63.50,20.778
6560,40252,56.00,18.324
6560,15599,52.50,17.179
6572,33952,6.50,2.414
6572,12169,63.50,20.778
6572,22873,63.50,20.778
6572,30556,53.50,17.506
6572,20945,52.50,17.179
6670,45898,63.50,20.778
6670,36997,63.50,20.778
6670,48787,63.50,20.778
6670,40252,56.00,18.324
6670,15599,52.50,17.179
6672,33952,6.50,2.414
6672,12169,63.50,20.778
6672,22873,63.50,20.778
6672,30556,53.50,17.506
6672,20945,52.50,17.179
6772,33952,6.50,2.414
6772,12169,63.50,20.778
6772,22873,63.50,20.778
6772,30556,53.50,17.506
6772,20945,52.50,17.179
6780,45898,63.50,20.778
6780,36997,63.50,20.778
6780,48787,63.50,20.778
6780,40252,56.00,18.324
6780,15599,52.50,17.179
6875,33952,6.50,2.414
6875,12169,63.50,20.778
6875,22873,63.50,20.778
6875,30556,53.50,17.506
6875,20945,52.50,17.179
6890,45898,63.50,20.778
6890,36997,63.50,20.778
6890,48787,63.50,20.778
6890,40252,56.00,18.324
6890,15599,52.50,17.179
6981,33952,6.50,2.414
6981,12169,63.50,20.778
6981,22873,63.50,20.778
6981,30556,53.50,17.506
6981,20945,52.50,17.179
7000,45898,63.50,20.778
7000,36997,63.50,20.778
7000,48787,63.50,20.778
7000,40252,56.00,18.324
7000,15599,52.50,17.179
7082,33952,6.50,2.414
7082,12169,63.50,20.778
7082,22873,63.50,20.778
7082,30556,53.50,17.506
7082,20945,52.50,17.179
7109,45898,63.50,20.778
7109,36997,63.50,20.778
7109,48787,63.50,20.778
7109,40252,56.00,18.324
7109,15599,52.50,17.179
7191,33952,6.50,2.414
7191,12169,63.50,20.778
7191,22873,63.50,20.778
7191,30556,53.50,17.506
7191,20945,52.50,17.179
7209,45898,63.50,20.778
7209,36997,63.50,20.778
7209,48787,63.50,20.778
7209,40252,56.00,18.324
7209,15599,52.50,17.179
7292,33952,6.50,2.414
7292,12169,63.50,20.778
7292,22873,63.50,20.778
7292,30556,53.50,17.506
7292,20945,52.50,17.179
7310,45898,63.50,20.778
7310,36997,63.50,20.778
7310,48787,63.50,20.778
7310,40252,56.00,18.324
7310,15599,52.50,17.179
7392,33952,6.50,2.414
7392,12169,63.50,20.778
7392,22873,63.50,20.778
7392,30556,63.50,20.778
7392,20945,52.50,17.179
7419,45898,63.50,20.778
7419,36997,63.50,20.778
7419,48787,63.50,20.778
7419,40252,56.00,18.324
7419,15599,52.50,17.179
7501,33952,6.50,2.414
7501,12169,63.50,20.778
7501,22873,63.50,20.778
7501,30556,63.50,20.778
7501,20945,52.50,17.179
7520,45898,63.50,20.778
7520,36997,63.50,20.778
7520,48787,63.50,20.778
7520,40252,56.00,18.324
7520,15599,52.50,17.179
7602,33952,6.50,2.414
7602,12169,63.50,20.778
7602,22873,63.50,20.778
7602,30556,63.50,20.778
7602,20945,52.50,17.179
7630,45898,63.50,20.778
7630,36997,63.50,20.778
7630,48787,63.50,20.778
7630,40252,56.00,18.324
7630,15599,52.50,17.179
7712,33952,6.50,2.414
7712,12169,63.50,20.778
7712,22873,63.50,20.778
7712,30556,63.50,20.778
7712,20945,52.50,17.179
7739,45898,63.50,20.778
7739,36997,63.50,20.778
7739,48787,63.50,20.778
7739,40252,56.00,18.324
7739,15599,52.50,17.179
7814,33952,6.50,2.414
7814,12169,63.50,20.778
7814,22873,63.50,20.778
7814,30556,63.50,20.778
7814,20945,52.50,17.179
7840,45898,63.50,20.778
7840,36997,63.50,20.778
7840,48787,63.50,20.778
7840,40252,56.00,18.324
7840,15599,52.50,17.179
7921,33952,6.50,2.414
7921,12169,63.50,20.778
7921,22873,63.50,20.778
7921,30556,63.50,20.778
7921,20945,52.50,17.179
7949,45898,63.50,20.778
7949,36997,63.50,20.778
7949,48787,63.50,20.778
7949,40252,56.00,18.324
7949,15599,52.50,17.179
8022,33952,6.50,2.414
8022,12169,63.50,20.778
8022,22873,63.50,20.778
8022,30556,63.50,20.778
8022,20945,52.50,17.179
8050,45898,63.50,20.778
8050,36997,63.50,20.778
8050,48787,63.50,20.778
8050,40252,56.00,18.324
8050,15599,52.50,17.179
8122,33952,6.50,2.414
8122,12169,63.50,20.778
8122,22873,63.50,20.778
8122,30556,63.50,20.778
8122,20945,52.50,17.179
8160,45898,63.50,20.778
8160,36997,63.50,20.778
8160,48787,63.50,20.778
8160,40252,56.00,18.324
8160,15599,52.50,17.179
8232,33952,6.50,2.414
8232,12169,63.50,20.778
8232,22873,63.50,20.778
8232,30556,63.50,20.778
8232,20945,52.50,17.179
8269,45898,63.50,20.778
8269,36997,63.50,20.778
8269,48787,63.50,20.778
8269,40252,56.00,18.324
8269,15599,52.50,17.179
8333,33952,6.50,2.414
8333,12169,63.50,20.778
8333,22873,63.50,20.778
8333,30556,63.50,20.778
8333,20945,52.50,17.179
8370,45898,63.50,20.778
8370,36997,63.50,20.778
8370,48787,63.50,20.778
8370,40252,56.00,18.324
8370,15599,52.50,17.179
8442,33952,6.50,2.414
8442,12169,63.50,20.778
8442,22873,63.50,20.778
8442,30556,63.50,20.778
8442,20945,52.50,17.179
8479,45898,63.50,20.778
8479,36997,63.50,20.778
8479,48787,63.50,20.778
8479,40252,56.00,18.324
8479,15599,52.50,17.179
8542,33952,6.50,2.414
8542,12169,63.50,20.778
8542,22873,63.50,20.778
8542,30556,63.50,20.778
8542,20945,52.50,17.179
8580,45898,63.50,20.778
8580,36997,63.50,20.778
8580,48787,63.50,20.778
8580,40252,56.00,18.324
8580,15599,52.50,17.179
8652,33952,6.50,2.414
8652,12169,63.50,20.778
8652,22873,63.50,20.778
8652,30556,63.50,20.778
8652,20945,52.50,17.179
8690,45898,63.50,20.778
8690,36997,63.50,20.778
8690,48787,63.50,20.778
8690,40252,56.00,18.324
8690,15599,52.50,17.179
8752,33952,6.50,2.414
8752,12169,63.50,20.778
8752,22873,63.50,20.778
8752,30556,63.50,20.778
8752,20945,52.50,17.179
8800,45898,63.50,20.778
8800,36997,63.50,20.778
8800,48787,63.50,20.778
8800,40252,56.00,18.324
8800,15599,52.50,17.179
8862,33952,6.50,2.414
8862,12169,63.50,20.778
8862,22873,63.50,20.778
8862,30556,63.50,20.778
8862,20945,52.50,17.179
8909,45898,63.50,20.778
8909,36997,63.50,20.778
8909,48787,63.50,20.778
8909,40252,56.00,18.324
8909,15599,52.50,17.179
8962,33952,6.50,2.414
8962,12169,63.50,20.778
8962,22873,63.50,20.778
8962,30556,63.50,20.778
8962,20945,52.50,17.179
9010,45898,63.50,20.778
9010,36997,63.50,20.778
9010,48787,63.50,20.778
9010,40252,56.00,18.324
9010,15599,52.50,17.179
9072,33952,6.50,2.414
9072,12169,63.50,20.778
9072,22873,63.50,20.778
9072,30556,63.50,20.778
9072,20945,52.50,17.179
9119,45898,63.50,20.778
9119,36997,63.50,20.778
9119,48787,63.50,20.778
9119,40252,56.00,18.324
9119,15599,52.50,17.179
9172,33952,6.50,2.414
9172,12169,63.50,20.778
9172,22873,63.50,20.778
9172,30556,63.50,20.778
9172,20945,52.50,17.179
9230,45898,63.50,20.778
9230,36997,63.50,20.778
9230,48787,63.50,20.778
9230,40252,56.00,18.324
9230,15599,52.50,17.179
9282,33952,63.50,20.778
9282,12169,63.50,20.778
9282,22873,63.50,20.778
9282,30556,63.50,20.778
9282,20945,63.50,20.778
9339,45898,63.50,20.778
9339,36997,63.50,20.778
9339,48787,63.50,20.778
9339,40252,56.00,18.324
9339,15599,52.50,17.179
9382,33952,63.50,20.778
9382,12169,63.50,20.778
9382,22873,63.50,20.778
9382,30556,63.50,20.778
9382,20945,63.50,20.778
9450,45898,63.50,20.778
9450,36997,63.50,20.778
9450,48787,63.50,20.778
9450,40252,56.00,18.324
9450,15599,52.50,17.179
9482,33952,63.50,20.778
9482,12169,63.50,20.778
9482,22873,63.50,20.778
9482,30556,63.50,20.778
9482,20945,63.50,20.778
9560,45898,63.50,20.778
9560,36997,63.50,20.778
9560,48787,63.50,20.778
9560,40252,56.00,18.324
9560,15599,52.50,17.179
9582,33952,63.50,20.778
9582,12169,63.50,20.778
9582,22873,63.50,20.778
9582,30556,63.50,20.778
9582,20945,63.50,20.778
9670,45898,63.50,20.778
9670,36997,63.50,20.778
9670,48787,63.50,20.778
9670,40252,56.00,18.324
9670,15599,52.50,17.179
9692,33952,63.50,20.778
9692,12169,63.50,20.778
9692,22873,63.50,20.778
9692,30556,63.50,20.778
9692,20945,63.50,20.778
9780,45898,63.50,20.778
9780,36997,63.50,20.778
9780,48787,63.50,20.778
9780,40252,56.00,18.324
9780,15599,52.50,17.179
9802,33952,63.50,20.778
9802,12169,63.50,20.778
9802,22873,63.50,20.778
9802,30556,63.50,20.778
9802,20945,63.50,20.778
9880,45898,63.50,20.778
9880,36997,63.50,20.778
9880,48787,63.50,20.778
9880,40252,56.00,18.324
9880,15599,52.50,17.179
9902,33952,63.50,20.778
9902,12169,63.50,20.778
9902,22873,63.50,20.778
9902,30556,63.50,20.778
9902,20945,63.50,20.778
9980,45898,63.50,20.778
9980,36997,63.50,20.778
9980,48787,63.50,20.778
9980,40252,56.00,18.324
9980,15599,52.50,17.179
10002,33952,63.50,20.778
10002,12169,63.50,20.778
10002,22873,63.50,20.778
10002,30556,63.50,20.778
10002,20945,63.50,20.778
10090,45898,63.50,20.778
10090,36997,63.50,20.778
10090,48787,63.50,20.778
10090,40252,56.00,18.324
10090,15599,52.50,17.179
10114,33952,63.50,20.778
10114,12169,63.50,20.778
10114,22873,63.50,20.778
10114,30556,63.50,20.778
10114,20945,63.50,20.778
10200,45898,63.50,20.778
10200,36997,63.50,20.778
10200,48787,63.50,20.778
10200,40252,56.00,18.324
10200,15599,52.50,17.179
10222,33952,63.50,20.778
10222,12169,63.50,20.778
10222,22873,63.50,20.778
10222,30556,63.50,20.778
10222,20945,63.50,20.778
10309,45898,63.50,20.778
10309,36997,63.50,20.778
10309,48787,63.50,20.778
10309,40252,56.00,18.324
10309,15599,52.50,17.179
10332,33952,63.50,20.778
10332,12169,63.50,20.778
10332,22873,63.50,20.778
10332,30556,63.50,20.778
10332,20945,63.50,20.778
10410,45898,63.50,20.778
10410,36997,63.50,20.778
10410,48787,63.50,20.778
10410,40252,56.00,18.324
10410,15599,52.50,17.179
10432,33952,63.50,20.778
10432,12169,63.50,20.778
10432,22873,63.50,20.778
10432,30556,63.50,20.778
10432,20945,63.50,20.778
10520,45898,63.50,20.778
10520,36997,63.50,20.778
10520,48787,63.50,20.778
10520,40252,56.00,18.324
10520,15599,52.50,17.179
10542,33952,63.50,20.778
10542,12169,63.50,20.778
10542,22873,63.50,20.778
10542,30556,63.50,20.778
10542,20945,63.50,20.778
10620,45898,63.50,20.778
10620,36997,63.50,20.778
10620,48787,63.50,20.778
10620,40252,56.00,18.324
10620,15599,52.50,17.179
10642,33952,63.50,20.778
10642,12169,63.50,20.778
10642,22873,63.50,20.778
10642,30556,63.50,20.778
10642,20945,63.50,20.778
10720,45898,63.50,20.778
10720,36997,63.50,20.778
10720,48787,63.50,20.778
10720,40252,56.00,18.324
10720,15599,52.50,17.179
10744,33952,63.50,20.778
10744,12169,63.50,20.778
10744,22873,63.50,20.778
10744,30556,53.50,17.506
10744,20945,52.00,17.015
10820,45898,63.50,20.778
10820,36997,63.50,20.778
10820,48787,63.50,20.778
10820,40252,56.00,18.324
10820,15599,52.50,17.179
10852,33952,63.50,20.778
10852,12169,63.50,20.778
10852,22873,63.50,20.778
10852,30556,53.50,17.506
10852,20945,52.00,17.015
10930,45898,63.50,20.778
10930,36997,63.50,20.778
10930,48787,63.50,20.778
10930,40252,56.00,18.324
10930,15599,52.50,17.179
10962,33952,6.50,2.414
10962,12169,63.50,20.778
10962,22873,63.50,20.778
10962,30556,53.50,17.506
10962,20945,63.50,20.778
11039,45898,63.50,20.778
11039,36997,63.50,20.778
11039,48787,63.50,20.778
11039,40252,56.00,18.324
11039,15599,52.50,17.179
11062,33952,6.50,2.414
11062,12169,63.50,20.778
11062,22873,63.50,20.778
11062,30556,53.50,17.506
11062,20945,63.50,20.778
11140,45898,63.50,20.778
11140,36997,63.50,20.778
11140,48787,63.50,20.778
11140,40252,56.00,18.324
11140,15599,52.50,17.179
11163,33952,6.50,2.414
11163,12169,63.50,20.778
11163,22873,63.50,20.778
11163,30556,53.50,17.506
11163,20945,63.50,20.778
11240,45898,63.50,20.778
11240,36997,63.50,20.778
11240,48787,63.50,20.778
11240,40252,56.00,18.324
11240,15599,52.50,17.179
11263,33952,6.50,2.414
11263,12169,63.50,20.778
11263,22873,63.50,20.778
11263,30556,53.50,17.506
11263,20945,63.50,20.778
11350,45898,63.50,20.778
11350,36997,63.50,20.778
11350,48787,63.50,20.778
11350,40252,56.00,18.324
11350,15599,52.50,17.179
11371,33952,6.50,2.414
11371,12169,63.50,20.778
11371,22873,63.50,20.778
11371,30556,53.50,17.506
11371,20945,63.50,20.778
11460,45898,63.50,20.778
11460,36997,63.50,20.778
11460,48787,63.50,20.778
11460,40252,56.00,18.324
11460,15599,52.50,17.179
11474,33952,6.50,2.414
11474,12169,63.50,20.778
11474,22873,63.50,20.778
11474,30556,63.50,20.778
11474,20945,63.50,20.778
11570,45898,63.50,20.778
11570,36997,63.50,20.778
11570,48787,63.50,20.778
11570,40252,56.00,18.324
11570,15599,52.50,17.179
11582,33952,6.50,2.414
11582,12169,63.50,20.778
11582,22873,63.50,20.778
11582,30556,63.50,20.778
11582,20945,63.50,20.778
11670,45898,63.50,20.778
11670,36997,63.50,20.778
11670,48787,63.50,20.778
11670,40252,56.00,18.324
11670,15599,52.50,17.179
11684,33952,6.50,2.414
11684,12169,63.50,20.778
11684,22873,63.50,20.778
11684,30556,63.50,20.778
11684,20945,63.50,20.778
11770,45898,63.50,20.778
11770,36997,63.50,20.778
11770,48787,63.50,20.778
11770,40252,56.00,18.324
11770,15599,52.50,17.179
11792,33952,6.50,2.414
11792,12169,63.50,20.778
11792,22873,63.50,20.778
11792,30556,63.50,20.778
11792,20945,63.50,20.778
11879,45898,63.50,20.778
11879,36997,63.50,20.778
11879,48787,63.50,20.778
11879,40252,56.00,18.324
11879,15599,52.50,17.179
11892,33952,6.50,2.414
11892,12169,63.50,20.778
11892,22873,63.50,20.778
11892,30556,63.50,20.778
11892,20945,63.50,20.778
11980,45898,63.50,20.778
11980,36997,63.50,20.778
11980,48787,63.50,20.778
11980,40252,56.00,18.324
11980,15599,52.50,17.179
11992,33952,6.50,2.414
11992,12169,63.50,20.778
11992,22873,63.50,20.778
11992,30556,63.50,20.778
11992,20945,63.50,20.778
12090,45898,63.50,20.778
12090,36997,63.50,20.778
12090,48787,63.50,20.778
12090,40252,56.00,18.324
12090,15599,52.50,17.179
12101,33952,6.50,2.414
12101,12169,63.50,20.778
12101,22873,63.50,20.778
12101,30556,63.50,20.778
12101,20945,63.50,20.778
12190,45898,63.50,20.778
12190,36997,63.50,20.778
12190,48787,63.50,20.778
12190,40252,56.00,18.324
12190,15599,52.50,17.179
12202,33952,6.50,2.414
12202,12169,63.50,20.778
12202,22873,63.50,20.778
12202,30556,63.50,20.778
12202,20945,63.50,20.778
12290,45898,63.50,20.778
12290,36997,63.50,20.778
12290,48787,63.50,20.778
12290,40252,56.00,18.324
12290,15599,52.50,17.179
12302,33952,6.50,2.414
12302,12169,63.50,20.778
12302,22873,63.50,20.778
12302,30556,63.50,20.778
12302,20945,63.50,20.778
12400,45898,63.50,20.778
12400,36997,63.50,20.778
12400,48787,63.50,20.778
12400,40252,56.00,18.324
12400,15599,52.50,17.179
12412,33952,6.50,2.414
12412,12169,63.50,20.778
12412,22873,63.50,20.778
12412,30556,63.50,20.778
12412,20945,63.50,20.778
12510,45898,63.50,20.778
12510,36997,63.50,20.778
12510,48787,63.50,20.778
12510,40252,56.00,18.324
12510,15599,52.50,17.179
12522,33952,6.50,2.414
12522,12169,63.50,20.778
12522,22873,63.50,20.778
12522,30556,63.50,20.778
12522,20945,63.50,20.778
12620,45898,63.50,20.778
12620,36997,63.50,20.778
12620,48787,63.50,20.778
12620,40252,56.00,18.324
12620,15599,52.50,17.179
12632,33952,6.50,2.414
12632,12169,63.50,20.778
12632,22873,63.50,20.778
12632,30556,63.50,20.778
12632,20945,63.50,20.778
12730,45898,63.50,20.778
12730,36997,63.50,20.778
12730,48787,63.50,20.778
12730,40252,56.00,18.324
12730,15599,52.50,17.179
12742,33952,6.50,2.414
12742,12169,63.50,20.778
12742,22873,63.50,20.778
12742,30556,63.50,20.778
12742,20945,63.50,20.778
12830,45898,63.50,20.778
12830,36997,63.50,20.778
12830,48787,63.50,20.778
12830,40252,56.00,18.324
12830,15599,52.50,17.179
12842,33952,6.50,2.414
12842,12169,63.50,20.778
12842,22873,63.50,20.778
12842,30556,63.50,20.778
12842,20945,63.50,20.778
12940,45898,63.50,20.778
12940,36997,63.50,20.778
12940,48787,63.50,20.778
12940,40252,56.00,18.324
12940,15599,52.50,17.179
12943,33952,6.50,2.414
12943,12169,63.50,20.778
12943,22873,63.50,20.778
12943,30556,63.50,20.778
12943,20945,63.50,20.778
13050,45898,63.50,20.778
13050,36997,63.50,20.778
13050,48787,63.50,20.778
13050,40252,56.00,18.324
13050,15599,52.50,17.179
13052,33952,6.50,2.414
13052,12169,63.50,20.778
13052,22873,63.50,20.778
13052,30556,63.50,20.778
13052,20945,63.50,20.778
13154,33952,6.50,2.414
13154,12169,63.50,20.778
13154,22873,63.50,20.778
13154,30556,63.50,20.778
13154,20945,63.50,20.778
13160,45898,63.50,20.778
13160,36997,63.50,20.778
13160,48787,63.50,20.778
13160,40252,56.00,18.324
13160,15599,52.50,17.179
13262,33952,63.50,20.778
13262,12169,63.50,20.778
13262,22873,63.50,20.778
13262,30556,63.50,20.778
13262,20945,63.50,20.778
13270,45898,63.50,20.778
13270,36997,63.50,20.778
13270,48787,63.50,20.778
13270,40252,56.00,18.324
13270,15599,52.50,17.179
13370,45898,63.50,20.778
13370,36997,63.50,20.778
13370,48787,63.50,20.778
13370,40252,56.00,18.324
13370,15599,52.50,17.179
13372,33952,63.50,20.778
13372,12169,63.50,20.778
13372,22873,63.50,20.778
13372,30556,63.50,20.778
13372,20945,63.50,20.778
13479,45898,63.50,20.778
13479,36997,63.50,20.778
13479,48787,63.50,20.778
13479,40252,56.00,18.324
13479,15599,52.50,17.179
13482,33952,63.50,20.778
13482,12169,63.50,20.778
13482,22873,63.50,20.778
13482,30556,63.50,20.778
13482,20945,63.50,20.778
13589,45898,63.50,20.778
13589,36997,63.50,20.778
13589,48787,63.50,20.778
13589,40252,56.00,18.324
13589,15599,52.50,17.179
13591,33952,63.50,20.778
13591,12169,63.50,20.778
13591,22873,63.50,20.778
13591,30556,63.50,20.778
13591,20945,63.50,20.778
13689,45898,63.50,20.778
13689,36997,63.50,20.778
13689,48787,63.50,20.778
13689,40252,56.00,18.324
13689,15599,52.50,17.179
13692,33952,63.50,20.778
13692,12169,63.50,20.778
13692,22873,63.50,20.778
13692,30556,63.50,20.778
13692,20945,63.50,20.778
13790,45898,63.50,20.778
13790,36997,63.50,20.778
13790,48787,63.50,20.778
13790,40252,56.00,18.324
13790,15599,52.50,17.179
13792,33952,63.50,20.778
13792,12169,63.50,20.778
13792,22873,63.50,20.778
13792,30556,63.50,20.778
13792,20945,63.50,20.778
13900,45898,63.50,20.778
13900,36997,63.50,20.778
13900,48787,63.50,20.778
13900,40252,56.00,18.324
13900,15599,52.50,17.179
13902,33952,63.50,20.778
13902,12169,63.50,20.778
13902,22873,63.50,20.778
13902,30556,63.50,20.778
13902,20945,63.50,20.778
14000,45898,63.50,20.778
14000,36997,63.50,20.778
14000,48787,63.50,20.778
14000,40252,56.00,18.324
14000,15599,52.50,17.179
14002,33952,63.50,20.778
14002,12169,63.50,20.778
14002,22873,63.50,20.778
14002,30556,63.50,20.778
14002,20945,63.50,20.778
14100,45898,63.50,20.778
14100,36997,63.50,20.778
14100,48787,63.50,20.778
14100,40252,56.00,18.324
14100,15599,52.50,17.179
14112,33952,63.50,20.778
14112,12169,63.50,20.778
14112,22873,63.50,20.778
14112,30556,63.50,20.778
14112,20945,63.50,20.778
14200,45898,63.50,20.778
14200,36997,63.50,20.778
14200,48787,63.50,20.778
14200,40252,56.00,18.324
14200,15599,52.50,17.179
14212,33952,63.50,20.778
14212,12169,63.50,20.778
14212,22873,63.50,20.778
14212,30556,63.50,20.778
14212,20945,63.50,20.778
14310,45898,63.50,20.778
14310,36997,63.50,20.778
14310,48787,63.50,20.778
14310,40252,56.00,18.324
14310,15599,52.50,17.179
14322,33952,63.50,20.778
14322,12169,63.50,20.778
14322,22873,63.50,20.778
14322,30556,63.50,20.778
14322,20945,63.50,20.778
14420,45898,63.50,20.778
14420,36997,63.50,20.778
14420,48787,63.50,20.778
14420,40252,56.00,18.324
14420,15599,52.50,17.179
14432,33952,63.50,20.778
14432,12169,63.50,20.778
14432,22873,63.50,20.778
14432,30556,63.50,20.778
14432,20945,63.50,20.778
14520,45898,63.50,20.778
14520,36997,63.50,20.778
14520,48787,63.50,20.778
14520,40252,56.00,18.324
14520,15599,52.50,17.179
14532,33952,63.50,20.778
14532,12169,63.50,20.778
14532,22873,63.50,20.778
14532,30556,63.50,20.778
14532,20945,63.50,20.778
14630,45898,63.50,20.778
14630,36997,63.50,20.778
14630,48787,63.50,20.778
14630,40252,56.00,18.324
14630,15599,52.50,17.179
14642,33952,63.50,20.778
14642,12169,63.50,20.778
14642,22873,63.50,20.778
14642,30556,63.50,20.778
14642,20945,63.50,20.778
14730,45898,63.50,20.778
14730,36997,63.50,20.778
14730,48787,63.50,20.778
14730,40252,56.00,18.324
14730,15599,52.50,17.179
14742,33952,63.50,20.778
14742,12169,63.50,20.778
14742,22873,63.50,20.778
14742,30556,53.50,17.506
14742,20945,52.50,17.179
14840,45898,63.50,20.778
14840,36997,63.50,20.778
14840,48787,63.50,20.778
14840,40252,56.00,18.324
14840,15599,52.50,17.179
14843,33952,63.50,20.778
14843,12169,63.50,20.778
14843,22873,63.50,20.778
14843,30556,53.50,17.506
14843,20945,52.50,17.179
14949,45898,63.50,20.778
14949,36997,63.50,20.778
14949,48787,63.50,20.778
14949,40252,56.00,18.324
14949,15599,52.50,17.179
14952,33952,63.50,20.778
14952,12169,63.50,20.778
14952,22873,63.50,20.778
14952,30556,53.50,17.506
14952,20945,52.50,17.179
15050,45898,63.50,20.778
15050,36997,63.50,20.778
15050,48787,63.50,20.778
15050,40252,56.00,18.324
15050,15599,52.50,17.179
15052,33952,63.50,20.778
15052,12169,63.50,20.778
15052,22873,63.50,20.778
15052,30556,53.50,17.506
15052,20945,52.50,17.179
15152,33952,6.50,2.414
15152,12169,63.50,20.778
15152,22873,63.50,20.778
15152,30556,53.50,17.506
15152,20945,52.50,17.179
15160,45898,63.50,20.778
15160,36997,63.50,20.778
15160,48787,63.50,20.778
15160,40252,56.00,18.324
15160,15599,52.50,17.179
15260,45898,63.50,20.778
15260,36997,63.50,20.778
15260,48787,63.50,20.778
15260,40252,56.00,18.324
15260,15599,52.50,17.179
15262,33952,6.50,2.414
15262,12169,63.50,20.778
15262,22873,63.50,20.778
15262,30556,53.50,17.506
15262,20945,52.50,17.179
15362,33952,6.50,2.414
15362,12169,63.50,20.778
15362,22873,63.50,20.778
15362,30556,53.50,17.506
15362,20945,52.50,17.179
15370,45898,63.50,20.778
15370,36997,63.50,20.778
15370,48787,63.50,20.778
15370,40252,56.00,18.324
15370,15599,52.50,17.179
15462,33952,6.50,2.414
15462,12169,63.50,20.778
15462,22873,63.50,20.778
15462,30556,53.50,17.506
15462,20945,52.50,17.179
15480,45898,63.50,20.778
15480,36997,63.50,20.778
15480,48787,63.50,20.778
15480,40252,56.00,18.324
15480,15599,52.50,17.179
15562,33952,6.50,2.414
15562,12169,63.50,20.778
15562,22873,63.50,20.778
15562,30556,53.50,17.506
15562,20945,52.50,17.179
15590,45898,63.50,20.778
15590,36997,63.50,20.778
15590,48787,63.50,20.778
15590,40252,56.00,18.324
15590,15599,52.50,17.179
15672,33952,6.50,2.414
15672,12169,63.50,20.778
15672,22873,63.50,20.778
15672,30556,63.50,20.778
15672,20945,52.50,17.179
15690,45898,63.50,20.778
15690,36997,63.50,20.778
15690,48787,63.50,20.778
15690,40252,56.00,18.324
15690,15599,52.50,17.179
15782,33952,6.50,2.414
15782,12169,63.50,20.778
15782,22873,63.50,20.778
15782,30556,63.50,20.778
15782,20945,52.50,17.179
15790,45898,63.50,20.778
15790,36997,63.50,20.778
15790,48787,63.50,20.778
15790,40252,56.00,18.324
15790,15599,52.50,17.179
15892,33952,6.50,2.414
15892,12169,63.50,20.778
15892,22873,63.50,20.778
15892,30556,63.50,20.778
15892,20945,52.50,17.179
15900,45898,63.50,20.778
15900,36997,63.50,20.778
15900,48787,63.50,20.778
15900,40252,56.00,18.324
15900,15599,52.50,17.179
15993,33952,6.50,2.414
15993,12169,63.50,20.778
15993,22873,63.50,20.778
15993,30556,63.50,20.778
15993,20945,52.50,17.179
16010,45898,63.50,20.778
16010,36997,63.50,20.778
16010,48787,63.50,20.778
16010,40252,56.00,18.324
16010,15599,52.50,17.179
16102,33952,6.50,2.414
16102,12169,63.50,20.778
16102,22873,63.50,20.778
16102,30556,63.50,20.778
16102,20945,52.50,17.179
16120,45898,63.50,20.778
16120,36997,63.50,20.778
16120,48787,63.50,20.778
16120,40252,56.00,18.324
16120,15599,52.50,17.179
16212,33952,6.50,2.414
16212,12169,63.50,20.778
16212,22873,63.50,20.778
16212,30556,63.50,20.778
16212,20945,52.50,17.179
16229,45898,63.50,20.778
16229,36997,63.50,20.778
16229,48787,63.50,20.778
16229,40252,56.00,18.324
16229,15599,52.50,17.179
16312,33952,6.50,2.414
16312,12169,63.50,20.778
16312,22873,63.50,20.778
16312,30556,63.50,20.778
16312,20945,52.50,17.179
16330,45898,63.50,20.778
16330,36997,63.50,20.778
16330,48787,63.50,20.778
16330,40252,56.00,18.324
16330,15599,52.50,17.179
16422,33952,6.50,2.414
16422,12169,63.50,20.778
16422,22873,63.50,20.778
16422,30556,63.50,20.778
16422,20945,52.50,17.179
16430,45898,63.50,20.778
16430,36997,63.50,20.778
16430,48787,63.50,20.778
16430,40252,56.00,18.324
16430,15599,52.50,17.179
16522,33952,6.50,2.414
16522,12169,63.50,20.778
16522,22873,63.50,20.778
16522,30556,63.50,20.778
16522,20945,52.50,17.179
16530,45898,63.50,20.778
16530,36997,63.50,20.778
16530,48787,63.50,20.778
16530,40252,56.00,18.324
16530,15599,52.50,17.179
16622,33952,6.50,2.414
16622,12169,63.50,20.778
16622,22873,63.50,20.778
16622,30556,63.50,20.778
16622,20945,52.50,17.179
16640,45898,63.50,20.778
16640,36997,63.50,20.778
16640,48787,63.50,20.778
16640,40252,56.00,18.324
16640,15599,52.50,17.179
16735,33952,6.50,2.414
16735,12169,63.50,20.778
16735,22873,63.50,20.778
16735,30556,63.50,20.778
16735,20945,52.50,17.179
16740,45898,63.50,20.778
16740,36997,63.50,20.778
16740,48787,63.50,20.778
16740,40252,56.00,18.324
16740,15599,52.50,17.179
16844,33952,6.50,2.414
16844,12169,63.50,20.778
16844,22873,63.50,20.778
16844,30556,63.50,20.778
16844,20945,52.50,17.179
16850,45898,63.50,20.778
16850,36997,63.50,20.778
16850,48787,63.50,20.778
16850,40252,56.00,18.324
16850,15599,52.50,17.179
16950,45898,63.50,20.778
16950,36997,63.50,20.778
16950,48787,63.50,20.778
16950,40252,56.00,18.324
16950,15599,52.50,17.179
16953,33952,6.50,2.414
16953,12169,63.50,20.778
16953,22873,63.50,20.778
16953,30556,63.50,20.778
16953,20945,52.50,17.179
17050,45898,63.50,20.778
17050,36997,63.50,20.778
17050,48787,63.50,20.778
17050,40252,56.00,18.324
17050,15599,52.50,17.179
17062,33952,6.50,2.414
17062,12169,63.50,20.778
17062,22873,63.50,20.778
17062,30556,63.50,20.778
17062,20945,52.50,17.179
17160,45898,63.50,20.778
17160,36997,63.50,20.778
17160,48787,63.50,20.778
17160,40252,56.00,18.324
17160,15599,52.50,17.179
17172,33952,6.50,2.414
17172,12169,63.50,20.778
17172,22873,63.50,20.778
17172,30556,63.50,20.778
17172,20945,52.50,17.179
17260,45898,63.50,20.778
17260,36997,63.50,20.778
17260,48787,63.50,20.778
17260,40252,56.00,18.324
17260,15599,52.50,17.179
17272,33952,6.50,2.414
17272,12169,63.50,20.778
17272,22873,63.50,20.778
17272,30556,63.50,20.778
17272,20945,52.50,17.179
17369,45898,63.50,20.778
17369,36997,63.50,20.778
17369,48787,63.50,20.778
17369,40252,56.00,18.324
17369,15599,52.50,17.179
17381,33952,6.50,2.414
17381,12169,63.50,20.778
17381,22873,63.50,20.778
17381,30556,63.50,20.778
17381,20945,52.50,17.179
17469,45898,63.50,20.778
17469,36997,63.50,20.778
17469,48787,63.50,20.778
17469,40252,56.00,18.324
17469,15599,52.50,17.179
17482,33952,6.50,2.414
17482,12169,63.50,20.778
17482,22873,63.50,20.778
17482,30556,63.50,20.778
17482,20945,52.50,17.179
17570,45898,63.50,20.778
17570,36997,63.50,20.778
17570,48787,63.50,20.778
17570,40252,56.00,18.324
17570,15599,52.50,17.179
17583,33952,6.50,2.414
17583,12169,63.50,20.778
17583,22873,63.50,20.778
17583,30556,63.50,20.778
17583,20945,52.50,17.179
17670,45898,63.50,20.778
17670,36997,63.50,20.778
17670,48787,63.50,20.778
17670,40252,56.00,18.324
17670,15599,52.50,17.179
17694,33952,6.50,2.414
17694,12169,63.50,20.778
17694,22873,63.50,20.778
17694,30556,63.50,20.778
17694,20945,52.50,17.179
17780,45898,63.50,20.778
17780,36997,63.50,20.778
17780,48787,63.50,20.778
17780,40252,56.00,18.324
17780,15599,52.50,17.179
17802,33952,6.50,2.414
17802,12169,63.50,20.778
17802,22873,63.50,20.778
17802,30556,63.50,20.778
17802,20945,52.50,17.179
17880,45898,63.50,20.778
17880,36997,63.50,20.778
17880,48787,63.50,20.778
17880,40252,56.00,18.324
17880,15599,52.50,17.179
17912,33952,6.50,2.414
17912,12169,63.50,20.778
17912,22873,63.50,20.778
17912,30556,63.50,20.778
17912,20945,52.50,17.179
17990,45898,63.50,20.778
17990,36997,63.50,20.778
17990,48787,63.50,20.778
17990,40252,56.00,18.324
17990,15599,52.50,17.179
18023,33952,6.50,2.414
18023,12169,63.50,20.778
18023,22873,63.50,20.778
18023,30556,63.50,20.778
18023,20945,52.50,17.179
18091,45898,63.50,20.778
18091,36997,63.50,20.778
18091,48787,63.50,20.778
18091,40252,56.00,18.324
18091,15599,52.50,17.179
18131,33952,6.50,2.414
18131,12169,63.50,20.778
18131,22873,63.50,20.778
18131,30556,63.50,20.778
18131,20945,52.50,17.179
18200,45898,63.50,20.778
18200,36997,63.50,20.778
18200,48787,63.50,20.778
18200,40252,56.00,18.324
18200,15599,52.50,17.179
18232,33952,6.50,2.414
18232,12169,63.50,20.778
18232,22873,63.50,20.778
18232,30556,63.50,20.778
18232,20945,52.50,17.179
18300,45898,63.50,20.778
18300,36997,63.50,20.778
18300,48787,63.50,20.778
18300,40252,56.00,18.324
18300,15599,52.50,17.179
18342,33952,6.50,2.414
18342,12169,63.50,20.778
18342,22873,63.50,20.778
18342,30556,63.50,20.778
18342,20945,52.50,17.179
18410,45898,63.50,20.778
18410,36997,63.50,20.778
18410,48787,63.50,20.778
18410,40252,56.00,18.324
18410,15599,52.50,17.179
18442,33952,6.50,2.414
18442,12169,63.50,20.778
18442,22873,63.50,20.778
18442,30556,63.50,20.778
18442,20945,52.50,17.179
18510,45898,63.50,20.778
18510,36997,63.50,20.778
18510,48787,63.50,20.778
18510,40252,56.00,18.324
18510,15599,52.50,17.179
18552,33952,6.50,2.414
18552,12169,63.50,20.778
18552,22873,63.50,20.778
18552,30556,63.50,20.778
18552,20945,52.50,17.179
18619,45898,63.50,20.778
18619,36997,63.50,20.778
18619,48787,63.50,20.778
18619,40252,56.00,18.324
18619,15599,52.50,17.179
18652,33952,6.50,2.414
18652,12169,63.50,20.778
18652,22873,63.50,20.778
18652,30556,63.50,20.778
18652,20945,52.50,17.179
18720,45898,63.50,20.778
18720,36997,63.50,20.778
18720,48787,63.50,20.778
18720,40252,56.00,18.324
18720,15599,52.50,17.179
18762,33952,6.50,2.414
18762,12169,63.50,20.778
18762,22873,63.50,20.778
18762,30556,63.50,20.778
18762,20945,52.50,17.179
18830,45898,63.50,20.778
18830,36997,63.50,20.778
18830,48787,63.50,20.778
18830,40252,56.00,18.324
18830,15599,52.50,17.179
18862,33952,6.50,2.414
18862,12169,63.50,20.778
18862,22873,63.50,20.778
18862,30556,53.50,17.506
18862,20945,52.50,17.179
18940,45898,63.50,20.778
18940,36997,63.50,20.778
18940,48787,63.50,20.778
18940,40252,56.00,18.324
18940,15599,52.50,17.179
18972,33952,6.50,2.414
18972,12169,63.50,20.778
18972,22873,63.50,20.778
18972,30556,53.50,17.506
18972,20945,52.50,17.179
19040,45898,63.50,20.778
19040,36997,63.50,20.778
19040,48787,63.50,20.778
19040,40252,56.00,18.324
19040,15599,52.50,17.179
19082,33952,6.50,2.414
19082,12169,63.50,20.778
19082,22873,63.50,20.778
19082,30556,53.50,17.506
19082,20945,52.50,17.179
19150,45898,63.50,20.778
19150,36997,63.50,20.778
19150,48787,63.50,20.778
19150,40252,56.00,18.324
19150,15599,52.50,17.179
19182,33952,6.50,2.414
19182,12169,63.50,20.778
19182,22873,63.50,20.778
19182,30556,53.50,17.506
19182,20945,52.50,17.179
19260,45898,63.50,20.778
19260,36997,63.50,20.778
19260,48787,63.50,20.778
19260,40252,56.00,18.324
19260,15599,52.50,17.179
19292,33952,6.50,2.414
19292,12169,63.50,20.778
19292,22873,63.50,20.778
19292,30556,53.50,17.506
19292,20945,52.50,17.179
19370,45898,63.50,20.778
19370,36997,63.50,20.778
19370,48787,63.50,20.778
19370,40252,56.00,18.324
19370,15599,52.50,17.179
19402,33952,6.50,2.414
19402,12169,63.50,20.778
19402,22873,63.50,20.778
19402,30556,53.50,17.506
19402,20945,52.50,17.179
19470,45898,63.50,20.778
19470,36997,63.50,20.778
19470,48787,63.50,20.778
19470,40252,56.00,18.324
19470,15599,52.50,17.179
19503,33952,6.50,2.414
19503,12169,63.50,20.778
19503,22873,63.50,20.778
19503,30556,53.50,17.506
19503,20945,52.50,17.179
19580,45898,63.50,20.778
19580,36997,63.50,20.778
19580,48787,63.50,20.778
19580,40252,56.00,18.324
19580,15599,52.50,17.179
19612,33952,6.50,2.414
19612,12169,63.50,20.778
19612,22873,63.50,20.778
19612,30556,63.50,20.778
19612,20945,52.50,17.179
19680,45898,63.50,20.778
19680,36997,63.50,20.778
19680,48787,63.50,20.778
19680,40252,56.00,18.324
19680,15599,52.50,17.179
19722,33952,6.50,2.414
19722,12169,63.50,20.778
19722,22873,63.50,20.778
19722,30556,63.50,20.778
19722,20945,52.50,17.179
19790,45898,63.50,20.778
19790,36997,63.50,20.778
19790,48787,63.50,20.778
19790,40252,56.00,18.324
19790,15599,52.50,17.179
19832,33952,6.50,2.414
19832,12169,63.50,20.778
19832,22873,63.50,20.778
19832,30556,63.50,20.778
19832,20945,52.50,17.179
19900,45898,63.50,20.778
19900,36997,63.50,20.778
19900,48787,63.50,20.778
19900,40252,56.00,18.324
19900,15599,52.50,17.179
19932,33952,6.50,2.414
19932,12169,63.50,20.778
19932,22873,63.50,20.778
19932,30556,63.50,20.778
19932,20945,52.50,17.179
20010,45898,63.50,20.778
20010,36997,63.50,20.778
20010,48787,63.50,20.778
20010,40252,56.00,18.324
20010,15599,52.50,17.179
20042,33952,6.50,2.414
20042,12169,63.50,20.778
20042,22873,63.50,20.778
20042,30556,63.50,20.778
20042,20945,52.50,17.179
20110,45898,63.50,20.778
20110,36997,63.50,20.778
20110,48787,63.50,20.778
20110,40252,56.00,18.324
20110,15599,52.50,17.179
20152,33952,6.50,2.414
20152,12169,63.50,20.778
20152,22873,63.50,20.778
20152,30556,63.50,20.778
20152,20945,52.50,17.179
20220,45898,63.50,20.778
20220,36997,63.50,20.778
20220,48787,63.50,20.778
20220,40252,56.00,18.324
20220,15599,52.50,17.179
20253,33952,6.50,2.414
20253,12169,63.50,20.778
20253,22873,63.50,20.778
20253,30556,63.50,20.778
20253,20945,52.50,17.179
20320,45898,63.50,20.778
20320,36997,63.50,20.778
20320,48787,63.50,20.778
20320,40252,56.00,18.324
20320,15599,52.50,17.179
20362,33952,6.50,2.414
20362,12169,63.50,20.778
20362,22873,63.50,20.778
20362,30556,63.50,20.778
20362,20945,52.50,17.179
20430,45898,63.50,20.778
20430,36997,63.50,20.778
20430,48787,63.50,20.778
20430,40252,56.00,18.324
20430,15599,52.50,17.179
20462,33952,6.50,2.414
20462,12169,63.50,20.778
20462,22873,63.50,20.778
20462,30556,63.50,20.778
20462,20945,52.50,17.179
20540,45898,63.50,20.778
20540,36997,63.50,20.778
20540,48787,63.50,20.778
20540,40252,56.00,18.324
20540,15599,52.50,17.179
20563,33952,6.50,2.414
20563,12169,63.50,20.778
20563,22873,63.50,20.778
20563,30556,63.50,20.778
20563,20945,52.50,17.179
20650,45898,63.50,20.778
20650,36997,63.50,20.778
20650,48787,63.50,20.778
20650,40252,56.00,18.324
20650,15599,52.50,17.179
20672,33952,6.50,2.414
20672,12169,63.50,20.778
20672,22873,63.50,20.778
20672,30556,63.50,20.778
20672,20945,52.50,17.179
20760,45898,63.50,20.778
20760,36997,63.50,20.778
20760,48787,63.50,20.778
20760,40252,56.00,18.324
20760,15599,52.50,17.179
20772,33952,6.50,2.414
20772,12169,63.50,20.778
20772,22873,63.50,20.778
20772,30556,63.50,20.778
20772,20945,52.50,17.179
20860,45898,63.50,20.778
20860,36997,63.50,20.778
20860,48787,63.50,20.778
20860,40252,56.00,18.324
20860,15599,52.50,17.179
20884,33952,63.50,20.778
20884,12169,63.50,20.778
20884,22873,63.50,20.778
20884,30556,63.50,20.778
20884,20945,52.50,17.179
20970,45898,63.50,20.778
20970,36997,63.50,20.778
20970,48787,63.50,20.778
20970,40252,56.00,18.324
20970,15599,52.50,17.179
20992,33952,63.50,20.778
20992,12169,63.50,20.778
20992,22873,63.50,20.778
20992,30556,63.50,20.778
20992,20945,52.50,17.179
21070,45898,63.50,20.778
21070,36997,63.50,20.778
21070,48787,63.50,20.778
21070,40252,56.00,18.324
21070,15599,52.50,17.179
21094,33952,63.50,20.778
21094,12169,63.50,20.778
21094,22873,63.50,20.778
21094,30556,63.50,20.778
21094,20945,52.50,17.179
21179,45898,63.50,20.778
21179,36997,63.50,20.778
21179,48787,63.50,20.778
21179,40252,56.00,18.324
21179,15599,52.50,17.179
21202,33952,63.50,20.778
21202,12169,63.50,20.778
21202,22873,63.50,20.778
21202,30556,63.50,20.778
21202,20945,52.50,17.179
21280,45898,63.50,20.778
21280,36997,63.50,20.778
21280,48787,63.50,20.778
21280,40252,56.00,18.324
21280,15599,52.50,17.179
21312,33952,63.50,20.778
21312,12169,63.50,20.778
21312,22873,63.50,20.778
21312,30556,63.50,20.778
21312,20945,52.50,17.179
21380,45898,63.50,20.778
21380,36997,63.50,20.778
21380,48787,63.50,20.778
21380,40252,56.00,18.324
21380,15599,52.50,17.179
21412,33952,63.50,20.778
21412,12169,63.50,20.778
21412,22873,63.50,20.778
21412,30556,63.50,20.778
21412,20945,52.50,17.179
21490,45898,63.50,20.778
21490,36997,63.50,20.778
21490,48787,63.50,20.778
21490,40252,56.00,18.324
21490,15599,52.50,17.179
21514,33952,63.50,20.778
21514,12169,63.50,20.778
21514,22873,63.50,20.778
21514,30556,63.50,20.778
21514,20945,52.50,17.179
21600,45898,63.50,20.778
21600,36997,63.50,20.778
21600,48787,63.50,20.778
21600,40252,56.00,18.324
21600,15599,52.50,17.179
21622,33952,63.50,20.778
21622,12169,63.50,20.778
21622,22873,63.50,20.778
21622,30556,63.50,20.778
21622,20945,52.50,17.179
21700,45898,63.50,20.778
21700,36997,63.50,20.778
21700,48787,63.50,20.778
21700,40252,56.00,18.324
21700,15599,52.50,17.179
21722,33952,63.50,20.778
21722,12169,63.50,20.778
21722,22873,63.50,20.778
21722,30556,63.50,20.778
21722,20945,52.50,17.179
21800,45898,63.50,20.778
21800,36997,63.50,20.778
21800,48787,63.50,20.778
21800,40252,56.00,18.324
21800,15599,52.50,17.179
21832,33952,63.50,20.778
21832,12169,63.50,20.778
21832,22873,63.50,20.778
21832,30556,63.50,20.778
21832,20945,52.50,17.179
21910,45898,63.50,20.778
21910,36997,63.50,20.778
21910,48787,63.50,20.778
21910,40252,56.00,18.324
21910,15599,52.50,17.179
21932,33952,63.50,20.778
21932,12169,63.50,20.778
21932,22873,63.50,20.778
21932,30556,63.50,20.778
21932,20945,52.50,17.179
22010,45898,63.50,20.778
22010,36997,63.50,20.778
22010,48787,63.50,20.778
22010,40252,56.00,18.324
22010,15599,52.50,17.179
22042,33952,63.50,20.778
22042,12169,63.50,20.778
22042,22873,63.50,20.778
22042,30556,63.50,20.778
22042,20945,52.50,17.179
22119,45898,63.50,20.778
22119,36997,63.50,20.778
22119,48787,63.50,20.778
22119,40252,56.00,18.324
22119,15599,52.50,17.179
22142,33952,63.50,20.778
22142,12169,63.50,20.778
22142,22873,63.50,20.778
22142,30556,63.50,20.778
22142,20945,52.50,17.179
22220,45898,63.50,20.778
22220,36997,63.50,20.778
22220,48787,63.50,20.778
22220,40252,56.00,18.324
22220,15599,52.50,17.179
22242,33952,63.50,20.778
22242,12169,63.50,20.778
22242,22873,63.50,20.778
22242,30556,63.50,20.778
22242,20945,52.50,17.179
22320,45898,63.50,20.778
22320,36997,63.50,20.778
22320,48787,63.50,20.778
22320,40252,56.00,18.324
22320,15599,52.50,17.179
22352,33952,63.50,20.778
22352,12169,63.50,20.778
22352,22873,63.50,20.778
22352,30556,63.50,20.778
22352,20945,52.50,17.179
22430,45898,63.50,20.778
22430,36997,63.50,20.778
22430,48787,63.50,20.778
22430,40252,56.00,18.324
22430,15599,52.50,17.179
22462,33952,63.50,20.778
22462,12169,63.50,20.778
22462,22873,63.50,20.778
22462,30556,63.50,20.778
22462,20945,52.50,17.179
22540,45898,63.50,20.778
22540,36997,63.50,20.778
22540,48787,63.50,20.778
22540,40252,56.00,18.324
22540,15599,52.50,17.179
22572,33952,63.50,20.778
22572,12169,63.50,20.778
22572,22873,63.50,20.778
22572,30556,63.50,20.778
22572,20945,52.50,17.179
22650,45898,63.50,20.778
22650,36997,63.50,20.778
22650,48787,63.50,20.778
22650,40252,56.00,18.324
22650,15599,52.50,17.179
22682,33952,63.50,20.778
22682,12169,63.50,20.778
22682,22873,63.50,20.778
22682,30556,63.50,20.778
22682,20945,52.50,17.179
22750,45898,63.50,20.778
22750,36997,63.50,20.778
22750,48787,63.50,20.778
22750,40252,56.00,18.324
22750,15599,52.50,17.179
22792,33952,63.50,20.778
22792,12169,63.50,20.778
22792,22873,63.50,20.778
22792,30556,53.50,17.506
22792,20945,52.00,17.015
22860,45898,63.50,20.778
22860,36997,63.50,20.778
22860,48787,63.50,20.778
22860,40252,56.00,18.324
22860,15599,52.50,17.179
22892,33952,63.50,20.778
22892,12169,63.50,20.778
22892,22873,63.50,20.778
22892,30556,53.50,17.506
22892,20945,52.00,17.015
22970,45898,63.50,20.778
22970,36997,63.50,20.778
22970,48787,63.50,20.778
22970,40252,56.00,18.324
22970,15599,52.50,17.179
22992,33952,63.50,20.778
22992,12169,63.50,20.778
22992,22873,63.50,20.778
22992,30556,53.50,17.506
22992,20945,52.00,17.015
23070,45898,63.50,20.778
23070,36997,63.50,20.778
23070,48787,63.50,20.778
23070,40252,56.00,18.324
23070,15599,52.50,17.179
23092,33952,6.50,2.414
23092,12169,63.50,20.778
23092,22873,63.50,20.778
23092,30556,53.50,17.506
23092,20945,63.50,20.778
23180,45898,63.50,20.778
23180,36997,63.50,20.778
23180,48787,63.50,20.778
23180,40252,56.00,18.324
23180,15599,52.50,17.179
23192,33952,6.50,2.414
23192,12169,63.50,20.778
23192,22873,63.50,20.778
23192,30556,53.50,17.506
23192,20945,63.50,20.778
23291,45898,63.50,20.778
23291,36997,63.50,20.778
23291,48787,63.50,20.778
23291,40252,56.00,18.324
23291,15599,52.50,17.179
23302,33952,6.50,2.414
23302,12169,46.50,15.215
23302,22873,58.00,18.978
23302,30556,53.50,17.506
23302,20945,63.50,20.778
23400,45898,63.50,20.778
23400,36997,63.50,20.778
23400,48787,63.50,20.778
23400,40252,56.00,18.324
23400,15599,52.50,17.179
23411,33952,6.50,2.414
23411,12169,46.50,15.215
23411,22873,58.00,18.978
23411,30556,53.50,17.506
23411,20945,63.50,20.778
23500,45898,63.50,20.778
23500,36997,63.50,20.778
23500,48787,63.50,20.778
23500,40252,56.00,18.324
23500,15599,52.50,17.179
23512,33952,6.50,2.414
23512,12169,46.50,15.215
23512,22873,58.00,18.978
23512,30556,53.50,17.506
23512,20945,63.50,20.778
23609,45898,63.50,20.778
23609,36997,63.50,20.778
23609,48787,63.50,20.778
23609,40252,56.00,18.324
23609,15599,52.50,17.179
23613,33952,6.50,2.414
23613,12169,46.50,15.215
23613,22873,58.00,18.978
23613,30556,63.50,20.778
23613,20945,63.50,20.778
23710,45898,63.50,20.778
23710,36997,63.50,20.778
23710,48787,63.50,20.778
23710,40252,56.00,18.324
23710,15599,52.50,17.179
23722,33952,6.50,2.414
23722,12169,46.50,15.215
23722,22873,58.00,18.978
23722,30556,63.50,20.778
23722,20945,63.50,20.778
23811,45898,63.50,20.778
23811,36997,63.50,20.778
23811,48787,63.50,20.778
23811,40252,56.00,18.324
23811,15599,52.50,17.179
23822,33952,6.50,2.414
23822,12169,63.50,20.778
23822,22873,58.00,18.978
23822,30556,63.50,20.778
23822,20945,63.50,20.778
23920,45898,63.50,20.778
23920,36997,63.50,20.778
23920,48787,63.50,20.778
23920,40252,56.00,18.324
23920,15599,52.50,17.179
23922,33952,6.50,2.414
23922,12169,63.50,20.778
23922,22873,58.00,18.978
23922,30556,63.50,20.778
23922,20945,63.50,20.778
24020,45898,63.50,20.778
24020,36997,63.50,20.778
24020,48787,63.50,20.778
24020,40252,56.00,18.324
24020,15599,52.50,17.179
24032,33952,6.50,2.414
24032,12169,63.50,20.778
24032,22873,58.00,18.978
24032,30556,63.50,20.778
24032,20945,63.50,20.778
24130,45898,63.50,20.778
24130,36997,63.50,20.778
24130,48787,63.50,20.778
24130,40252,56.00,18.324
24130,15599,52.50,17.179
24132,33952,6.50,2.414
24132,12169,63.50,20.778
24132,22873,58.00,18.978
24132,30556,63.50,20.778
24132,20945,63.50,20.778
24230,45898,63.50,20.778
24230,36997,63.50,20.778
24230,48787,63.50,20.778
24230,40252,56.00,18.324
24230,15599,52.50,17.179
24232,33952,6.50,2.414
24232,12169,63.50,20.778
24232,22873,58.00,18.978
24232,30556,63.50,20.778
24232,20945,63.50,20.778
24332,33952,6.50,2.414
24332,12169,63.50,20.778
24332,22873,58.00,18.978
24332,30556,63.50,20.778
24332,20945,63.50,20.778
24340,45898,63.50,20.778
24340,36997,63.50,20.778
24340,48787,63.50,20.778
24340,40252,56.00,18.324
24340,15599,52.50,17.179
24441,45898,63.50,20.778
24441,36997,63.50,20.778
24441,48787,63.50,20.778
24441,40252,56.00,18.324
24441,15599,52.50,17.179
24442,33952,6.50,2.414
24442,12169,63.50,20.778
24442,22873,58.00,18.978
24442,30556,63.50,20.778
24442,20945,63.50,20.778
24550,45898,63.50,20.778
24550,36997,63.50,20.778
24550,48787,63.50,20.778
24550,40252,56.00,18.324
24550,15599,52.50,17.179
24554,33952,6.50,2.414
24554,12169,63.50,20.778
24554,22873,58.00,18.978
24554,30556,63.50,20.778
24554,20945,63.50,20.778
24661,45898,63.50,20.778
24661,36997,63.50,20.778
24661,48787,63.50,20.778
24661,40252,56.00,18.324
24661,15599,52.50,17.179
24662,33952,6.50,2.414
24662,12169,63.50,20.778
24662,22873,58.00,18.978
24662,30556,63.50,20.778
24662,20945,63.50,20.778
24770,45898,63.50,20.778
24770,36997,63.50,20.778
24770,48787,63.50,20.778
24770,40252,56.00,18.324
24770,15599,52.50,17.179
24772,33952,6.50,2.414
24772,12169,63.50,20.778
24772,22873,58.00,18.978
24772,30556,63.50,20.778
24772,20945,63.50,20.778
24870,45898,63.50,20.778
24870,36997,63.50,20.778
24870,48787,63.50,20.778
24870,40252,56.00,18.324
24870,15599,52.50,17.179
24872,33952,6.50,2.414
24872,12169,63.50,20.778
24872,22873,58.00,18.978
24872,30556,63.50,20.778
24872,20945,63.50,20.778
24970,45898,63.50,20.778
24970,36997,63.50,20.778
24970,48787,63.50,20.778
24970,40252,56.00,18.324
24970,15599,52.50,17.179
24982,33952,6.50,2.414
24982,12169,63.50,20.778
24982,22873,58.00,18.978
24982,30556,63.50,20.778
24982,20945,63.50,20.778
25080,45898,63.50,20.778
25080,36997,63.50,20.778
25080,48787,63.50,20.778
25080,40252,56.00,18.324
25080,15599,52.50,17.179
25092,33952,6.50,2.414
25092,12169,63.50,20.778
25092,22873,58.00,18.978
25092,30556,63.50,20.778
25092,20945,63.50,20.778
25190,45898,63.50,20.778
25190,36997,63.50,20.778
25190,48787,63.50,20.778
25190,40252,56.00,18.324
25190,15599,52.50,17.179
25193,33952,6.50,2.414
25193,12169,63.50,20.778
25193,22873,58.00,18.978
25193,30556,63.50,20.778
25193,20945,63.50,20.778
25300,45898,63.50,20.778
25300,36997,63.50,20.778
25300,48787,63.50,20.778
25300,40252,56.00,18.324
25300,15599,52.50,17.179
25302,33952,6.50,2.414
25302,12169,63.50,20.778
25302,22873,58.00,18.978
25302,30556,63.50,20.778
25302,20945,63.50,20.778
25402,33952,6.50,2.414
25402,12169,63.50,20.778
25402,22873,58.00,18.978
25402,30556,63.50,20.778
25402,20945,63.50,20.778
25410,45898,63.50,20.778
25410,36997,63.50,20.778
25410,48787,63.50,20.778
25410,40252,56.00,18.324
25410,15599,52.50,17.179
25510,45898,63.50,20.778
25510,36997,63.50,20.778
25510,48787,63.50,20.778
25510,40252,56.00,18.324
25510,15599,52.50,17.179
25512,33952,6.50,2.414
25512,12169,63.50,20.778
25512,22873,58.00,18.978
25512,30556,63.50,20.778
25512,20945,63.50,20.778
25610,45898,63.50,20.778
25610,36997,63.50,20.778
25610,48787,63.50,20.778
25610,40252,56.00,18.324
25610,15599,52.50,17.179
25614,33952,6.50,2.414
25614,12169,63.50,20.778
25614,22873,58.00,18.978
25614,30556,63.50,20.778
25614,20945,63.50,20.778
25720,45898,63.50,20.778
25720,36997,63.50,20.778
25720,48787,63.50,20.778
25720,40252,56.00,18.324
25720,15599,52.50,17.179
25722,33952,6.50,2.414
25722,12169,63.50,20.778
25722,22873,58.00,18.978
25722,30556,63.50,20.778
25722,20945,63.50,20.778
25823,33952,6.50,2.414
25823,12169,63.50,20.778
25823,22873,58.00,18.978
25823,30556,63.50,20.778
25823,20945,63.50,20.778
25830,45898,63.50,20.778
25830,36997,63.50,20.778
25830,48787,63.50,20.778
25830,40252,56.00,18.324
25830,15599,52.50,17.179
25932,33952,6.50,2.414
25932,12169,63.50,20.778
25932,22873,58.00,18.978
25932,30556,63.50,20.778
25932,20945,63.50,20.778
25940,45898,63.50,20.778
25940,36997,63.50,20.778
25940,48787,63.50,20.778
25940,40252,56.00,18.324
25940,15599,52.50,17.179
26040,45898,63.50,20.778
26040,36997,63.50,20.778
26040,48787,63.50,20.778
26040,40252,56.00,18.324
26040,15599,52.50,17.179
26042,33952,6.50,2.414
26042,12169,63.50,20.778
26042,22873,58.00,18.978
26042,30556,63.50,20.778
26042,20945,63.50,20.778
26140,45898,63.50,20.778
26140,36997,63.50,20.778
26140,48787,63.50,20.778
26140,40252,56.00,18.324
26140,15599,52.50,17.179
26142,33952,6.50,2.414
26142,12169,63.50,20.778
26142,22873,58.00,18.978
26142,30556,63.50,20.778
26142,20945,63.50,20.778
26250,45898,63.50,20.778
26250,36997,63.50,20.778
26250,48787,63.50,20.778
26250,40252,56.00,18.324
26250,15599,52.50,17.179
26252,33952,6.50,2.414
26252,12169,63.50,20.778
26252,22873,58.00,18.978
26252,30556,63.50,20.778
26252,20945,63.50,20.778
26352,33952,6.50,2.414
26352,12169,63.50,20.778
26352,22873,58.00,18.978
26352,30556,63.50,20.778
26352,20945,63.50,20.778
26360,45898,63.50,20.778
26360,36997,63.50,20.778
26360,48787,63.50,20.778
26360,40252,56.00,18.324
26360,15599,52.50,17.179
26460,45898,63.50,20.778
26460,36997,63.50,20.778
26460,48787,63.50,20.778
26460,40252,56.00,18.324
26460,15599,52.50,17.179
26463,33952,6.50,2.414
26463,12169,63.50,20.778
26463,22873,58.00,18.978
26463,30556,63.50,20.778
26463,20945,63.50,20.778
26570,45898,63.50,20.778
26570,36997,63.50,20.778
26570,48787,63.50,20.778
26570,40252,56.00,18.324
26570,15599,52.50,17.179
26572,33952,6.50,2.414
26572,12169,63.50,20.778
26572,22873,58.00,18.978
26572,30556,63.50,20.778
26572,20945,63.50,20.778
26670,45898,63.50,20.778
26670,36997,63.50,20.778
26670,48787,63.50,20.778
26670,40252,56.00,18.324
26670,15599,52.50,17.179
26672,33952,6.50,2.414
26672,12169,63.50,20.778
26672,22873,58.00,18.978
26672,30556,63.50,20.778
26672,20945,63.50,20.778
26770,45898,63.50,20.778
26770,36997,63.50,20.778
26770,48787,63.50,20.778
26770,40252,56.00,18.324
26770,15599,52.50,17.179
26773,33952,6.50,2.414
26773,12169,63.50,20.778
26773,22873,58.00,18.978
26773,30556,63.50,20.778
26773,20945,63.50,20.778
26870,45898,63.50,20.778
26870,36997,63.50,20.778
26870,48787,63.50,20.778
26870,40252,56.00,18.324
26870,15599,52.50,17.179
26882,33952,6.50,2.414
26882,12169,63.50,20.778
26882,22873,58.00,18.978
26882,30556,63.50,20.778
26882,20945,63.50,20.778
26980,45898,63.50,20.778
26980,36997,63.50,20.778
26980,48787,63.50,20.778
26980,40252,56.00,18.324
26980,15599,52.50,17.179
26982,33952,6.50,2.414
26982,12169,63.50,20.778
26982,22873,58.00,18.978
26982,30556,53.50,17.506
26982,20945,52.50,17.179
27090,45898,63.50,20.778
27090,36997,63.50,20.778
27090,48787,63.50,20.778
27090,40252,56.00,18.324
27090,15599,52.50,17.179
27092,33952,6.50,2.414
27092,12169,63.50,20.778
27092,22873,58.00,18.978
27092,30556,53.50,17.506
27092,20945,52.50,17.179
27190,45898,63.50,20.778
27190,36997,63.50,20.778
27190,48787,63.50,20.778
27190,40252,56.00,18.324
27190,15599,52.50,17.179
27192,33952,6.50,2.414
27192,12169,63.50,20.778
27192,22873,58.00,18.978
27192,30556,53.50,17.506
27192,20945,52.50,17.179
27290,45898,63.50,20.778
27290,36997,63.50,20.778
27290,48787,63.50,20.778
27290,40252,56.00,18.324
27290,15599,52.50,17.179
27292,33952,6.50,2.414
27292,12169,63.50,20.778
27292,22873,58.00,18.978
27292,30556,53.50,17.506
27292,20945,52.50,17.179
27400,45898,63.50,20.778
27400,36997,63.50,20.778
27400,48787,63.50,20.778
27400,40252,56.00,18.324
27400,15599,52.50,17.179
27402,33952,6.50,2.414
27402,12169,63.50,20.778
27402,22873,58.00,18.978
27402,30556,53.50,17.506
27402,20945,52.50,17.179
27510,45898,63.50,20.778
27510,36997,63.50,20.778
27510,48787,63.50,20.778
27510,40252,56.00,18.324
27510,15599,52.50,17.179
27512,33952,6.50,2.414
27512,12169,63.50,20.778
27512,22873,63.50,20.778
27512,30556,53.50,17.506
27512,20945,52.50,17.179
27610,45898,63.50,20.778
27610,36997,63.50,20.778
27610,48787,63.50,20.778
27610,40252,56.00,18.324
27610,15599,52.50,17.179
27612,33952,6.50,2.414
27612,12169,63.50,20.778
27612,22873,63.50,20.778
27612,30556,53.50,17.506
27612,20945,52.50,17.179
27720,45898,63.50,20.778
27720,36997,63.50,20.778
27720,48787,63.50,20.778
27720,40252,56.00,18.324
27720,15599,52.50,17.179
27722,33952,6.50,2.414
27722,12169,63.50,20.778
27722,22873,63.50,20.778
27722,30556,63.50,20.778
27722,20945,52.50,17.179
27830,45898,63.50,20.778
27830,36997,63.50,20.778
27830,48787,63.50,20.778
27830,40252,56.00,18.324
27830,15599,52.50,17.179
27832,33952,6.50,2.414
27832,12169,63.50,20.778
27832,22873,63.50,20.778
27832,30556,63.50,20.778
27832,20945,52.50,17.179
27930,45898,63.50,20.778
27930,36997,63.50,20.778
27930,48787,63.50,20.778
27930,40252,56.00,18.324
27930,15599,52.50,17.179
27932,33952,6.50,2.414
27932,12169,63.50,20.778
27932,22873,63.50,20.778
27932,30556,63.50,20.778
27932,20945,52.50,17.179
28032,33952,6.50,2.414
28032,12169,63.50,20.778
28032,22873,63.50,20.778
28032,30556,63.50,20.778
28032,20945,52.50,17.179
28040,45898,63.50,20.778
28040,36997,63.50,20.778
28040,48787,63.50,20.778
28040,40252,56.00,18.324
28040,15599,52.50,17.179
28134,33952,6.50,2.414
28134,12169,63.50,20.778
28134,22873,63.50,20.778
28134,30556,63.50,20.778
28134,20945,52.50,17.179
28140,45898,63.50,20.778
28140,36997,63.50,20.778
28140,48787,63.50,20.778
28140,40252,56.00,18.324
28140,15599,52.50,17.179
28240,45898,63.50,20.778
28240,36997,63.50,20.778
28240,48787,63.50,20.778
28240,40252,56.00,18.324
28240,15599,52.50,17.179
28242,33952,6.50,2.414
28242,12169,63.50,20.778
28242,22873,63.50,20.778
28242,30556,63.50,20.778
28242,20945,52.50,17.179
28342,33952,6.50,2.414
28342,12169,63.50,20.778
28342,22873,63.50,20.778
28342,30556,63.50,20.778
28342,20945,52.50,17.179
28350,45898,63.50,20.778
28350,36997,63.50,20.778
28350,48787,63.50,20.778
28350,40252,56.00,18.324
28350,15599,52.50,17.179
28443,33952,6.50,2.414
28443,12169,63.50,20.778
28443,22873,63.50,20.778
28443,30556,63.50,20.778
28443,20945,52.50,17.179
28460,45898,63.50,20.778
28460,36997,63.50,20.778
28460,48787,63.50,20.778
28460,40252,56.00,18.324
28460,15599,52.50,17.179
28552,33952,6.50,2.414
28552,12169,63.50,20.778
28552,22873,63.50,20.778
28552,30556,63.50,20.778
28552,20945,52.50,17.179
28560,45898,63.50,20.778
28560,36997,63.50,20.778
28560,48787,63.50,20.778
28560,40252,56.00,18.324
28560,15599,52.50,17.179
28653,33952,6.50,2.414
28653,12169,63.50,20.778
28653,22873,63.50,20.778
28653,30556,63.50,20.778
28653,20945,52.50,17.179
28660,45898,63.50,20.778
28660,36997,63.50,20.778
28660,48787,63.50,20.778
28660,40252,56.00,18.324
28660,15599,52.50,17.179
28762,33952,6.50,2.414
28762,12169,63.50,20.778
28762,22873,63.50,20.778
28762,30556,63.50,20.778
28762,20945,52.50,17.179
28770,45898,63.50,20.778
28770,36997,63.50,20.778
28770,48787,63.50,20.778
28770,40252,56.00,18.324
28770,15599,52.50,17.179
28862,33952,6.50,2.414
28862,12169,63.50,20.778
28862,22873,63.50,20.778
28862,30556,63.50,20.778
28862,20945,52.50,17.179
28870,45898,63.50,20.778
28870,36997,63.50,20.778
28870,48787,63.50,20.778
28870,40252,56.00,18.324
28870,15599,52.50,17.179
28972,33952,6.50,2.414
28972,12169,63.50,20.778
28972,22873,63.50,20.778
28972,30556,63.50,20.778
28972,20945,52.50,17.179
28980,45898,63.50,20.778
28980,36997,63.50,20.778
28980,48787,63.50,20.778
28980,40252,56.00,18.324
28980,15599,52.50,17.179
29080,45898,63.50,20.778
29080,36997,63.50,20.778
29080,48787,63.50,20.778
29080,40252,56.00,18.324
29080,15599,52.50,17.179
29082,33952,6.50,2.414
29082,12169,63.50,20.778
29082,22873,63.50,20.778
29082,30556,63.50,20.778
29082,20945,52.50,17.179
29190,45898,63.50,20.778
29190,36997,63.50,20.778
29190,48787,63.50,20.778
29190,40252,56.00,18.324
29190,15599,52.50,17.179
29192,33952,6.50,2.414
29192,12169,63.50,20.778
29192,22873,63.50,20.778
29192,30556,63.50,20.778
29192,20945,52.50,17.179
29290,45898,63.50,20.778
29290,36997,63.50,20.778
29290,48787,63.50,20.778
29290,40252,56.00,18.324
29290,15599,52.50,17.179
29302,33952,6.50,2.414
29302,12169,63.50,20.778
29302,22873,63.50,20.778
29302,30556,63.50,20.778
29302,20945,52.50,17.179
29400,45898,63.50,20.778
29400,36997,63.50,20.778
29400,48787,63.50,20.778
29400,40252,56.00,18.324
29400,15599,52.50,17.179
29402,33952,6.50,2.414
29402,12169,63.50,20.778
29402,22873,63.50,20.778
29402,30556,63.50,20.778
29402,20945,52.50,17.179
29502,33952,6.50,2.414
29502,12169,63.50,20.778
29502,22873,63.50,20.778
29502,30556,63.50,20.778
29502,20945,52.50,17.179
29510,45898,63.50,20.778
29510,36997,63.50,20.778
29510,48787,63.50,20.778
29510,40252,56.00,18.324
29510,15599,52.50,17.179
29612,33952,6.50,2.414
29612,12169,63.50,20.778
29612,22873,63.50,20.778
29612,30556,63.50,20.778
29612,20945,52.50,17.179
29620,45898,63.50,20.778
29620,36997,63.50,20.778
29620,48787,63.50,20.778
29620,40252,56.00,18.324
29620,15599,52.50,17.179
29712,33952,6.50,2.414
29712,12169,63.50,20.778
29712,22873,63.50,20.778
29712,30556,63.50,20.778
29712,20945,52.50,17.179
29730,45898,63.50,20.778
29730,36997,63.50,20.778
29730,48787,63.50,20.778
29730,40252,56.00,18.324
29730,15599,52.50,17.179
29823,33952,6.50,2.414
29823,12169,63.50,20.778
29823,22873,63.50,20.778
29823,30556,63.50,20.778
29823,20945,52.50,17.179
29830,45898,63.50,20.778
29830,36997,63.50,20.778
29830,48787,63.50,20.778
29830,40252,56.00,18.324
29830,15599,52.50,17.179
29930,45898,63.50,20.778
29930,36997,63.50,20.778
29930,48787,63.50,20.778
29930,40252,56.00,18.324
29930,15599,52.50,17.179
29932,33952,6.50,2.414
29932,12169,63.50,20.778
29932,22873,63.50,20.778
29932,30556,63.50,20.778
29932,20945,52.50,17.179
30032,33952,6.50,2.414
30032,12169,63.50,20.778
30032,22873,63.50,20.778
30032,30556,63.50,20.778
30032,20945,52.50,17.179
30041,45898,63.50,20.778
30041,36997,63.50,20.778
30041,48787,63.50,20.778
30041,40252,56.00,18.324
30041,15599,52.50,17.179
30132,33952,6.50,2.414
30132,12169,63.50,20.778
30132,22873,63.50,20.778
30132,30556,63.50,20.778
30132,20945,52.50,17.179
30150,45898,63.50,20.778
30150,36997,63.50,20.778
30150,48787,63.50,20.778
30150,40252,56.00,18.324
30150,15599,52.50,17.179
30242,33952,6.50,2.414
30242,12169,63.50,20.778
30242,22873,63.50,20.778
30242,30556,63.50,20.778
30242,20945,52.50,17.179
30259,45898,63.50,20.778
30259,36997,63.50,20.778
30259,48787,63.50,20.778
30259,40252,56.00,18.324
30259,15599,52.50,17.179
30342,33952,6.50,2.414
30342,12169,63.50,20.778
30342,22873,63.50,20.778
30342,30556,63.50,20.778
30342,20945,52.50,17.179
30360,45898,63.50,20.778
30360,36997,63.50,20.778
30360,48787,63.50,20.778
30360,40252,56.00,18.324
30360,15599,52.50,17.179
30452,33952,6.50,2.414
30452,12169,63.50,20.778
30452,22873,63.50,20.778
30452,30556,63.50,20.778
30452,20945,52.50,17.179
30460,45898,63.50,20.778
30460,36997,63.50,20.778
30460,48787,63.50,20.778
30460,40252,56.00,18.324
30460,15599,52.50,17.179
30552,33952,6.50,2.414
30552,12169,63.50,20.778
30552,22873,63.50,20.778
30552,30556,63.50,20.778
30552,20945,52.50,17.179
30560,45898,63.50,20.778
30560,36997,63.50,20.778
30560,48787,63.50,20.778
30560,40252,56.00,18.324
30560,15599,52.50,17.179
30652,33952,6.50,2.414
30652,12169,63.50,20.778
30652,22873,63.50,20.778
30652,30556,63.50,20.778
30652,20945,52.50,17.179
30670,45898,63.50,20.778
30670,36997,63.50,20.778
30670,48787,63.50,20.778
30670,40252,56.00,18.324
30670,15599,52.50,17.179
30762,33952,6.50,2.414
30762,12169,63.50,20.778
30762,22873,63.50,20.778
30762,30556,63.50,20.778
30762,20945,52.50,17.179
30770,45898,63.50,20.778
30770,36997,63.50,20.778
30770,48787,63.50,20.778
30770,40252,56.00,18.324
30770,15599,52.50,17.179
30862,33952,6.50,2.414
30862,12169,63.50,20.778
30862,22873,63.50,20.778
30862,30556,63.50,20.778
30862,20945,52.50,17.179
30881,45898,63.50,20.778
30881,36997,63.50,20.778
30881,48787,63.50,20.778
30881,40252,56.00,18.324
30881,15599,52.50,17.179
30972,33952,6.50,2.414
30972,12169,63.50,20.778
30972,22873,63.50,20.778
30972,30556,53.50,17.506
30972,20945,52.50,17.179
30990,45898,63.50,20.778
30990,36997,63.50,20.778
30990,48787,63.50,20.778
30990,40252,56.00,18.324
30990,15599,52.50,17.179
31072,33952,6.50,2.414
31072,12169,63.50,20.778
31072,22873,63.50,20.778
31072,30556,53.50,17.506
31072,20945,52.50,17.179
31099,45898,63.50,20.778
31099,36997,63.50,20.778
31099,48787,63.50,20.778
31099,40252,56.00,18.324
31099,15599,52.50,17.179
31182,33952,6.50,2.414
31182,12169,63.50,20.778
31182,22873,63.50,20.778
31182,30556,53.50,17.506
31182,20945,52.50,17.179
31200,45898,63.50,20.778
31200,36997,63.50,20.778
31200,48787,63.50,20.778
31200,40252,56.00,18.324
31200,15599,52.50,17.179
31282,33952,6.50,2.414
31282,12169,63.50,20.778
31282,22873,63.50,20.778
31282,30556,53.50,17.506
31282,20945,52.50,17.179
31310,45898,63.50,20.778
31310,36997,63.50,20.778
31310,48787,63.50,20.778
31310,40252,56.00,18.324
31310,15599,52.50,17.179
31393,33952,6.50,2.414
31393,12169,63.50,20.778
31393,22873,63.50,20.778
31393,30556,53.50,17.506
31393,20945,52.50,17.179
31410,45898,63.50,20.778
31410,36997,63.50,20.778
31410,48787,63.50,20.778
31410,40252,56.00,18.324
31410,15599,52.50,17.179
31502,33952,6.50,2.414
31502,12169,63.50,20.778
31502,22873,63.50,20.778
31502,30556,53.50,17.506
31502,20945,52.50,17.179
31520,45898,63.50,20.778
31520,36997,63.50,20.778
31520,48787,63.50,20.778
31520,40252,56.00,18.324
31520,15599,52.50,17.179
31612,33952,6.50,2.414
31612,12169,63.50,20.778
31612,22873,63.50,20.778
31612,30556,63.50,20.778
31612,20945,52.50,17.179
31620,45898,63.50,20.778
31620,36997,63.50,20.778
31620,48787,63.50,20.778
31620,40252,56.00,18.324
31620,15599,52.50,17.179
31712,33952,6.50,2.414
31712,12169,63.50,20.778
31712,22873,63.50,20.778
31712,30556,63.50,20.778
31712,20945,52.50,17.179
31730,45898,63.50,20.778
31730,36997,63.50,20.778
31730,48787,63.50,20.778
31730,40252,56.00,18.324
31730,15599,52.50,17.179
31813,33952,6.50,2.414
31813,12169,63.50,20.778
31813,22873,63.50,20.778
31813,30556,63.50,20.778
31813,20945,52.50,17.179
31840,45898,63.50,20.778
31840,36997,63.50,20.778
31840,48787,63.50,20.778
31840,40252,56.00,18.324
31840,15599,52.50,17.179
31923,33952,6.50,2.414
31923,12169,63.50,20.778
31923,22873,63.50,20.778
31923,30556,63.50,20.778
31923,20945,52.50,17.179
31950,45898,63.50,20.778
31950,36997,63.50,20.778
31950,48787,63.50,20.778
31950,40252,56.00,18.324
31950,15599,52.50,17.179
32032,33952,6.50,2.414
32032,12169,63.50,20.778
32032,22873,63.50,20.778
32032,30556,63.50,20.778
32032,20945,52.50,17.179
32050,45898,63.50,20.778
32050,36997,63.50,20.778
32050,48787,63.50,20.778
32050,40252,56.00,18.324
32050,15599,52.50,17.179
32133,33952,6.50,2.414
32133,12169,63.50,20.778
32133,22873,63.50,20.778
32133,30556,63.50,20.778
32133,20945,52.50,17.179
32160,45898,63.50,20.778
32160,36997,63.50,20.778
32160,48787,63.50,20.778
32160,40252,56.00,18.324
32160,15599,52.50,17.179
32242,33952,6.50,2.414
32242,12169,63.50,20.778
32242,22873,63.50,20.778
32242,30556,63.50,20.778
32242,20945,52.50,17.179
32270,45898,63.50,20.778
32270,36997,63.50,20.778
32270,48787,63.50,20.778
32270,40252,56.00,18.324
32270,15599,52.50,17.179
32343,33952,6.50,2.414
32343,12169,63.50,20.778
32343,22873,63.50,20.778
32343,30556,63.50,20.778
32343,20945,52.50,17.179
32380,45898,63.50,20.778
32380,36997,63.50,20.778
32380,48787,63.50,20.778
32380,40252,56.00,18.324
32380,15599,52.50,17.179
32452,33952,6.50,2.414
32452,12169,63.50,20.778
32452,22873,63.50,20.778
32452,30556,63.50,20.778
32452,20945,52.50,17.179
32480,45898,63.50,20.778
32480,36997,63.50,20.778
32480,48787,63.50,20.778
32480,40252,56.00,18.324
32480,15599,52.50,17.179
32553,33952,6.50,2.414
32553,12169,63.50,20.778
32553,22873,63.50,20.778
32553,30556,63.50,20.778
32553,20945,52.50,17.179
32581,45898,63.50,20.778
32581,36997,63.50,20.778
32581,48787,63.50,20.778
32581,40252,56.00,18.324
32581,15599,52.50,17.179
32653,33952,6.50,2.414
32653,12169,63.50,20.778
32653,22873,63.50,20.778
32653,30556,63.50,20.778
32653,20945,52.50,17.179
32690,45898,63.50,20.778
32690,36997,63.50,20.778
32690,48787,63.50,20.778
32690,40252,56.00,18.324
32690,15599,52.50,17.179
32762,33952,6.50,2.414
32762,12169,63.50,20.778
32762,22873,63.50,20.778
32762,30556,63.50,20.778
32762,20945,52.50,17.179
32800,45898,63.50,20.778
32800,36997,63.50,20.778
32800,48787,63.50,20.778
32800,40252,56.00,18.324
32800,15599,52.50,17.179
32872,33952,6.50,2.414
32872,12169,63.50,20.778
32872,22873,63.50,20.778
32872,30556,63.50,20.778
32872,20945,52.50,17.179
32910,45898,63.50,20.778
32910,36997,63.50,20.778
32910,48787,63.50,20.778
32910,40252,56.00,18.324
32910,15599,52.50,17.179
32973,33952,6.50,2.414
32973,12169,63.50,20.778
32973,22873,63.50,20.778
32973,30556,63.50,20.778
32973,20945,52.50,17.179
33020,45898,63.50,20.778
33020,36997,63.50,20.778
33020,48787,63.50,20.778
33020,40252,56.00,18.324
33020,15599,52.50,17.179
33083,33952,6.50,2.414
33083,12169,63.50,20.778
33083,22873,63.50,20.778
33083,30556,63.50,20.778
33083,20945,52.50,17.179
33130,45898,63.50,20.778
33130,36997,63.50,20.778
33130,48787,63.50,20.778
33130,40252,56.00,18.324
33130,15599,52.50,17.179
33192,33952,6.50,2.414
33192,12169,63.50,20.778
33192,22873,63.50,20.778
33192,30556,63.50,20.778
33192,20945,52.50,17.179
33240,45898,63.50,20.778
33240,36997,63.50,20.778
33240,48787,63.50,20.778
33240,40252,56.00,18.324
33240,15599,52.50,17.179
33303,33952,6.50,2.414
33303,12169,63.50,20.778
33303,22873,63.50,20.778
33303,30556,63.50,20.778
33303,20945,52.50,17.179
33340,45898,63.50,20.778
33340,36997,63.50,20.778
33340,48787,63.50,20.778
33340,40252,56.00,18.324
33340,15599,52.50,17.179
33412,33952,6.50,2.414
33412,12169,63.50,20.778
33412,22873,63.50,20.778
33412,30556,63.50,20.778
33412,20945,52.50,17.179
33441,45898,63.50,20.778
33441,36997,63.50,20.778
33441,48787,63.50,20.778
33441,40252,56.00,18.324
33441,15599,52.50,17.179
33522,33952,6.50,2.414
33522,12169,63.50,20.778
33522,22873,63.50,20.778
33522,30556,63.50,20.778
33522,20945,52.50,17.179
33550,45898,63.50,20.778
33550,36997,63.50,20.778
33550,48787,63.50,20.778
33550,40252,56.00,18.324
33550,15599,52.50,17.179
33632,33952,6.50,2.414
33632,12169,63.50,20.778
33632,22873,63.50,20.778
33632,30556,63.50,20.778
33632,20945,52.50,17.179
33660,45898,63.50,20.778
33660,36997,63.50,20.778
33660,48787,63.50,20.778
33660,40252,56.00,18.324
33660,15599,52.50,17.179
33742,33952,6.50,2.414
33742,12169,63.50,20.778
33742,22873,63.50,20.778
33742,30556,63.50,20.778
33742,20945,52.50,17.179
33770,45898,63.50,20.778
33770,36997,63.50,20.778
33770,48787,63.50,20.778
33770,40252,56.00,18.324
33770,15599,52.50,17.179
33842,33952,6.50,2.414
33842,12169,63.50,20.778
33842,22873,63.50,20.778
33842,30556,63.50,20.778
33842,20945,52.50,17.179
33870,45898,63.50,20.778
33870,36997,63.50,20.778
33870,48787,63.50,20.778
33870,40252,56.00,18.324
33870,15599,52.50,17.179
33942,33952,6.50,2.414
33942,12169,63.50,20.778
33942,22873,63.50,20.778
33942,30556,63.50,20.778
33942,20945,52.50,17.179
33980,45898,63.50,20.778
33980,36997,63.50,20.778
33980,48787,63.50,20.778
33980,40252,56.00,18.324
33980,15599,52.50,17.179
34053,33952,6.50,2.414
34053,12169,63.50,20.778
34053,22873,63.50,20.778
34053,30556,63.50,20.778
34053,20945,52.50,17.179
34080,45898,63.50,20.778
34080,36997,63.50,20.778
34080,48787,63.50,20.778
34080,40252,56.00,18.324
34080,15599,52.50,17.179
34163,33952,6.50,2.414
34163,12169,63.50,20.778
34163,22873,63.50,20.778
34163,30556,63.50,20.778
34163,20945,52.50,17.179
34190,45898,63.50,20.778
34190,36997,63.50,20.778
34190,48787,63.50,20.778
34190,40252,56.00,18.324
34190,15599,52.50,17.179
34272,33952,6.50,2.414
34272,12169,63.50,20.778
34272,22873,63.50,20.778
34272,30556,63.50,20.778
34272,20945,52.50,17.179
34290,45898,63.50,20.778
34290,36997,63.50,20.778
34290,48787,63.50,20.778
34290,40252,56.00,18.324
34290,15599,52.50,17.179
34382,33952,6.50,2.414
34382,12169,63.50,20.778
34382,22873,63.50,20.778
34382,30556,63.50,20.778
34382,20945,52.50,17.179
34400,45898,63.50,20.778
34400,36997,63.50,20.778
34400,48787,63.50,20.778
34400,40252,56.00,18.324
34400,15599,52.50,17.179
34482,33952,6.50,2.414
34482,12169,63.50,20.778
34482,22873,63.50,20.778
34482,30556,63.50,20.778
34482,20945,52.50,17.179
34510,45898,63.50,20.778
34510,36997,63.50,20.778
34510,48787,63.50,20.778
34510,40252,56.00,18.324
34510,15599,52.50,17.179
34582,33952,6.50,2.414
34582,12169,63.50,20.778
34582,22873,63.50,20.778
34582,30556,63.50,20.778
34582,20945,52.50,17.179
34620,45898,63.50,20.778
34620,36997,63.50,20.778
34620,48787,63.50,20.778
34620,40252,56.00,18.324
34620,15599,52.50,17.179
34682,33952,6.50,2.414
34682,12169,63.50,20.778
34682,22873,63.50,20.778
34682,30556,63.50,20.778
34682,20945,52.50,17.179
34720,45898,63.50,20.778
34720,36997,63.50,20.778
34720,48787,63.50,20.778
34720,40252,56.00,18.324
34720,15599,52.50,17.179
34782,33952,6.50,2.414
34782,12169,63.50,20.778
34782,22873,63.50,20.778
34782,30556,63.50,20.778
34782,20945,52.50,17.179
34830,45898,63.50,20.778
34830,36997,63.50,20.778
34830,48787,63.50,20.778
34830,40252,56.00,18.324
34830,15599,52.50,17.179
34892,33952,6.50,2.414
34892,12169,63.50,20.778
34892,22873,63.50,20.778
34892,30556,63.50,20.778
34892,20945,52.50,17.179
34930,45898,63.50,20.778
34930,36997,63.50,20.778
34930,48787,63.50,20.778
34930,40252,56.00,18.324
34930,15599,52.50,17.179
35004,33952,6.50,2.414
35004,12169,63.50,20.778
35004,22873,63.50,20.778
35004,30556,53.50,17.506
35004,20945,52.00,17.015
35030,45898,63.50,20.778
35030,36997,63.50,20.778
35030,48787,63.50,20.778
35030,40252,56.00,18.324
35030,15599,52.50,17.179
35112,33952,6.50,2.414
35112,12169,63.50,20.778
35112,22873,63.50,20.778
35112,30556,53.50,17.506
35112,20945,52.00,17.015
35140,45898,63.50,20.778
35140,36997,63.50,20.778
35140,48787,63.50,20.778
35140,40252,56.00,18.324
35140,15599,52.50,17.179
35223,33952,6.50,2.414
35223,12169,63.50,20.778
35223,22873,63.50,20.778
35223,30556,53.50,17.506
35223,20945,63.50,20.778
35250,45898,63.50,20.778
35250,36997,63.50,20.778
35250,48787,63.50,20.778
35250,40252,56.00,18.324
35250,15599,52.50,17.179
35332,33952,6.50,2.414
35332,12169,63.50,20.778
35332,22873,63.50,20.778
35332,30556,53.50,17.506
35332,20945,63.50,20.778
35360,45898,63.50,20.778
35360,36997,63.50,20.778
35360,48787,63.50,20.778
35360,40252,56.00,18.324
35360,15599,52.50,17.179
35432,33952,6.50,2.414
35432,12169,63.50,20.778
35432,22873,63.50,20.778
35432,30556,53.50,17.506
35432,20945,63.50,20.778
35460,45898,63.50,20.778
35460,36997,63.50,20.778
35460,48787,63.50,20.778
35460,40252,56.00,18.324
35460,15599,52.50,17.179
35532,33952,6.50,2.414
35532,12169,63.50,20.778
35532,22873,63.50,20.778
35532,30556,53.50,17.506
35532,20945,63.50,20.778
35570,45898,63.50,20.778
35570,36997,63.50,20.778
35570,48787,63.50,20.778
35570,40252,56.00,18.324
35570,15599,52.50,17.179
35642,33952,6.50,2.414
35642,12169,63.50,20.778
35642,22873,63.50,20.778
35642,30556,53.50,17.506
35642,20945,63.50,20.778
35670,45898,63.50,20.778
35670,36997,63.50,20.778
35670,48787,63.50,20.778
35670,40252,56.00,18.324
35670,15599,52.50,17.179
35742,33952,6.50,2.414
35742,12169,63.50,20.778
35742,22873,63.50,20.778
35742,30556,53.50,17.506
35742,20945,63.50,20.778
35780,45898,63.50,20.778
35780,36997,63.50,20.778
35780,48787,63.50,20.778
35780,40252,56.00,18.324
35780,15599,52.50,17.179
35852,33952,6.50,2.414
35852,12169,63.50,20.778
35852,22873,63.50,20.778
35852,30556,63.50,20.778
35852,20945,63.50,20.778
35890,45898,63.50,20.778
35890,36997,63.50,20.778
35890,48787,63.50,20.778
35890,40252,56.00,18.324
35890,15599,52.50,17.179
35952,33952,6.50,2.414
35952,12169,63.50,20.778
35952,22873,63.50,20.778
35952,30556,63.50,20.778
35952,20945,63.50,20.778
36000,45898,63.50,20.778
36000,36997,63.50,20.778
36000,48787,63.50,20.778
36000,40252,56.00,18.324
36000,15599,52.50,17.179
36062,33952,6.50,2.414
36062,12169,63.50,20.778
36062,22873,63.50,20.778
36062,30556,63.50,20.778
36062,20945,63.50,20.778
36100,45898,63.50,20.778
36100,36997,63.50,20.778
36100,48787,63.50,20.778
36100,40252,56.00,18.324
36100,15599,52.50,17.179
36172,33952,6.50,2.414
36172,12169,63.50,20.778
36172,22873,63.50,20.778
36172,30556,63.50,20.778
36172,20945,63.50,20.778
36200,45898,63.50,20.778
36200,36997,63.50,20.778
36200,48787,63.50,20.778
36200,40252,56.00,18.324
36200,15599,52.50,17.179
36272,33952,6.50,2.414
36272,12169,63.50,20.778
36272,22873,63.50,20.778
36272,30556,63.50,20.778
36272,20945,63.50,20.778
36310,45898,63.50,20.778
36310,36997,63.50,20.778
36310,48787,63.50,20.778
36310,40252,56.00,18.324
36310,15599,52.50,17.179
36382,33952,6.50,2.414
36382,12169,63.50,20.778
36382,22873,63.50,20.778
36382,30556,63.50,20.778
36382,20945,63.50,20.778
36410,45898,63.50,20.778
36410,36997,63.50,20.778
36410,48787,63.50,20.778
36410,40252,56.00,18.324
36410,15599,52.50,17.179
36483,33952,6.50,2.414
36483,12169,63.50,20.778
36483,22873,63.50,20.778
36483,30556,63.50,20.778
36483,20945,63.50,20.778
36520,45898,63.50,20.778
36520,36997,63.50,20.778
36520,48787,63.50,20.778
36520,40252,56.00,18.324
36520,15599,52.50,17.179
36584,33952,6.50,2.414
36584,12169,63.50,20.778
36584,22873,63.50,20.778
36584,30556,63.50,20.778
36584,20945,63.50,20.778
36630,45898,63.50,20.778
36630,36997,63.50,20.778
36630,48787,63.50,20.778
36630,40252,56.00,18.324
36630,15599,52.50,17.179
36692,33952,6.50,2.414
36692,12169,63.50,20.778
36692,22873,63.50,20.778
36692,30556,63.50,20.778
36692,20945,63.50,20.778
36740,45898,63.50,20.778
36740,36997,63.50,20.778
36740,48787,63.50,20.778
36740,40252,56.00,18.324
36740,15599,52.50,17.179
36802,33952,6.50,2.414
36802,12169,63.50,20.778
36802,22873,63.50,20.778
36802,30556,63.50,20.778
36802,20945,63.50,20.778
36840,45898,63.50,20.778
36840,36997,63.50,20.778
36840,48787,63.50,20.778
36840,40252,56.00,18.324
36840,15599,52.50,17.179
36912,33952,6.50,2.414
36912,12169,63.50,20.778
36912,22873,63.50,20.778
36912,30556,63.50,20.778
36912,20945,63.50,20.778
36950,45898,63.50,20.778
36950,36997,63.50,20.778
36950,48787,63.50,20.778
36950,40252,56.00,18.324
36950,15599,52.50,17.179
37012,33952,6.50,2.414
37012,12169,63.50,20.778
37012,22873,63.50,20.778
37012,30556,63.50,20.778
37012,20945,63.50,20.778
37060,45898,63.50,20.778
37060,36997,63.50,20.778
37060,48787,63.50,20.778
37060,40252,56.00,18.324
37060,15599,52.50,17.179
37112,33952,6.50,2.414
37112,12169,63.50,20.778
37112,22873,63.50,20.778
37112,30556,63.50,20.778
37112,20945,63.50,20.778
37160,45898,63.50,20.778
37160,36997,63.50,20.778
37160,48787,63.50,20.778
37160,40252,56.00,18.324
37160,15599,52.50,17.179
37223,33952,6.50,2.414
37223,12169,63.50,20.778
37223,22873,63.50,20.778
37223,30556,63.50,20.778
37223,20945,63.50,20.778
37260,45898,63.50,20.778
37260,36997,63.50,20.778
37260,48787,63.50,20.778
37260,40252,56.00,18.324
37260,15599,52.50,17.179
37332,33952,6.50,2.414
37332,12169,63.50,20.778
37332,22873,63.50,20.778
37332,30556,63.50,20.778
37332,20945,63.50,20.778
37370,45898,63.50,20.778
37370,36997,63.50,20.778
37370,48787,63.50,20.778
37370,40252,56.00,18.324
37370,15599,52.50,17.179
37432,33952,6.50,2.414
37432,12169,63.50,20.778
37432,22873,63.50,20.778
37432,30556,63.50,20.778
37432,20945,63.50,20.778
37480,45898,63.50,20.778
37480,36997,63.50,20.778
37480,48787,63.50,20.778
37480,40252,56.00,18.324
37480,15599,52.50,17.179
37542,33952,6.50,2.414
37542,12169,63.50,20.778
37542,22873,63.50,20.778
37542,30556,63.50,20.778
37542,20945,63.50,20.778
37580,45898,63.50,20.778
37580,36997,63.50,20.778
37580,48787,63.50,20.778
37580,40252,56.00,18.324
37580,15599,52.50,17.179
37652,33952,6.50,2.414
37652,12169,63.50,20.778
37652,22873,63.50,20.778
37652,30556,63.50,20.778
37652,20945,63.50,20.778
37690,45898,63.50,20.778
37690,36997,63.50,20.778
37690,48787,63.50,20.778
37690,40252,56.00,18.324
37690,15599,52.50,17.179
37763,33952,6.50,2.414
37763,12169,63.50,20.778
37763,22873,63.50,20.778
37763,30556,63.50,20.778
37763,20945,63.50,20.778
37790,45898,63.50,20.778
37790,36997,63.50,20.778
37790,48787,63.50,20.778
37790,40252,56.00,18.324
37790,15599,52.50,17.179
37872,33952,6.50,2.414
37872,12169,63.50,20.778
37872,22873,63.50,20.778
37872,30556,63.50,20.778
37872,20945,63.50,20.778
37890,45898,63.50,20.778
37890,36997,63.50,20.778
37890,48787,63.50,20.778
37890,40252,56.00,18.324
37890,15599,52.50,17.179
37972,33952,6.50,2.414
37972,12169,63.50,20.778
37972,22873,63.50,20.778
37972,30556,63.50,20.778
37972,20945,63.50,20.778
38000,45898,63.50,20.778
38000,36997,63.50,20.778
38000,48787,63.50,20.778
38000,40252,56.00,18.324
38000,15599,52.50,17.179
38082,33952,6.50,2.414
38082,12169,63.50,20.778
38082,22873,63.50,20.778
38082,30556,63.50,20.778
38082,20945,63.50,20.778
38100,45898,63.50,20.778
38100,36997,63.50,20.778
38100,48787,63.50,20.778
38100,40252,56.00,18.324
38100,15599,52.50,17.179
38182,33952,6.50,2.414
38182,12169,63.50,20.778
38182,22873,63.50,20.778
38182,30556,63.50,20.778
38182,20945,63.50,20.778
38210,45898,63.50,20.778
38210,36997,63.50,20.778
38210,48787,63.50,20.778
38210,40252,56.00,18.324
38210,15599,52.50,17.179
38282,33952,6.50,2.414
38282,12169,63.50,20.778
38282,22873,63.50,20.778
38282,30556,63.50,20.778
38282,20945,63.50,20.778
38310,45898,63.50,20.778
38310,36997,63.50,20.778
38310,48787,63.50,20.778
38310,40252,56.00,18.324
38310,15599,52.50,17.179
38392,33952,6.50,2.414
38392,12169,63.50,20.778
38392,22873,63.50,20.778
38392,30556,63.50,20.778
38392,20945,63.50,20.778
38420,45898,63.50,20.778
38420,36997,63.50,20.778
38420,48787,63.50,20.778
38420,40252,56.00,18.324
38420,15599,52.50,17.179
38502,33952,6.50,2.414
38502,12169,63.50,20.778
38502,22873,63.50,20.778
38502,30556,63.50,20.778
38502,20945,63.50,20.778
38530,45898,63.50,20.778
38530,36997,63.50,20.778
38530,48787,63.50,20.778
38530,40252,56.00,18.324
38530,15599,52.50,17.179
38602,33952,6.50,2.414
38602,12169,63.50,20.778
38602,22873,63.50,20.778
38602,30556,63.50,20.778
38602,20945,63.50,20.778
38640,45898,63.50,20.778
38640,36997,63.50,20.778
38640,48787,63.50,20.778
38640,40252,56.00,18.324
38640,15599,52.50,17.179
38712,33952,6.50,2.414
38712,12169,63.50,20.778
38712,22873,63.50,20.778
38712,30556,63.50,20.778
38712,20945,63.50,20.778
38750,45898,63.50,20.778
38750,36997,63.50,20.778
38750,48787,63.50,20.778
38750,40252,56.00,18.324
38750,15599,52.50,17.179
38812,33952,6.50,2.414
38812,12169,63.50,20.778
38812,22873,63.50,20.778
38812,30556,63.50,20.778
38812,20945,63.50,20.778
38851,45898,63.50,20.778
38851,36997,63.50,20.778
38851,48787,63.50,20.778
38851,40252,56.00,18.324
38851,15599,52.50,17.179
38912,33952,6.50,2.414
38912,12169,63.50,20.778
38912,22873,63.50,20.778
38912,30556,63.50,20.778
38912,20945,63.50,20.778
38960,45898,63.50,20.778
38960,36997,63.50,20.778
38960,48787,63.50,20.778
38960,40252,56.00,18.324
38960,15599,52.50,17.179
39012,33952,6.50,2.414
39012,12169,63.50,20.778
39012,22873,63.50,20.778
39012,30556,63.50,20.778
39012,20945,63.50,20.778
39060,45898,63.50,20.778
39060,36997,63.50,20.778
39060,48787,63.50,20.778
39060,40252,56.00,18.324
39060,15599,52.50,17.179
39122,33952,6.50,2.414
39122,12169,63.50,20.778
39122,22873,63.50,20.778
39122,30556,53.50,17.506
39122,20945,52.50,17.179
39161,45898,63.50,20.778
39161,36997,63.50,20.778
39161,48787,63.50,20.778
39161,40252,56.00,18.324
39161,15599,52.50,17.179
39232,33952,6.50,2.414
39232,12169,63.50,20.778
39232,22873,63.50,20.778
39232,30556,53.50,17.506
39232,20945,52.50,17.179
39270,45898,63.50,20.778
39270,36997,63.50,20.778
39270,48787,63.50,20.778
39270,40252,56.00,18.324
39270,15599,52.50,17.179
39332,33952,6.50,2.414
39332,12169,63.50,20.778
39332,22873,63.50,20.778
39332,30556,53.50,17.506
39332,20945,52.50,17.179
39371,45898,63.50,20.778
39371,36997,63.50,20.778
39371,48787,63.50,20.778
39371,40252,56.00,18.324
39371,15599,52.50,17.179
39442,33952,6.50,2.414
39442,12169,63.50,20.778
39442,22873,63.50,20.778
39442,30556,53.50,17.506
39442,20945,52.50,17.179
39480,45898,63.50,20.778
39480,36997,63.50,20.778
39480,48787,63.50,20.778
39480,40252,56.00,18.324
39480,15599,52.50,17.179
39543,33952,6.50,2.414
39543,12169,63.50,20.778
39543,22873,63.50,20.778
39543,30556,53.50,17.506
39543,20945,52.50,17.179
39581,45898,63.50,20.778
39581,36997,63.50,20.778
39581,48787,63.50,20.778
39581,40252,56.00,18.324
39581,15599,52.50,17.179
39643,33952,6.50,2.414
39643,12169,63.50,20.778
39643,22873,63.50,20.778
39643,30556,53.50,17.506
39643,20945,52.50,17.179
39690,45898,63.50,20.778
39690,36997,63.50,20.778
39690,48787,63.50,20.778
39690,40252,56.00,18.324
39690,15599,52.50,17.179
39752,33952,6.50,2.414
39752,12169,63.50,20.778
39752,22873,63.50,20.778
39752,30556,53.50,17.506
39752,20945,52.50,17.179
39800,45898,63.50,20.778
39800,36997,63.50,20.778
39800,48787,63.50,20.778
39800,40252,56.00,18.324
39800,15599,52.50,17.179
39853,33952,6.50,2.414
39853,12169,63.50,20.778
39853,22873,63.50,20.778
39853,30556,53.50,17.506
39853,20945,52.50,17.179
39910,45898,63.50,20.778
39910,36997,63.50,20.778
39910,48787,63.50,20.778
39910,40252,56.00,18.324
39910,15599,52.50,17.179
39962,33952,6.50,2.414
39962,12169,63.50,20.778
39962,22873,63.50,20.778
39962,30556,63.50,20.778
39962,20945,52.50,17.179
40010,45898,63.50,20.778
40010,36997,63.50,20.778
40010,48787,63.50,20.778
40010,40252,56.00,18.324
40010,15599,52.50,17.179
40062,33952,6.50,2.414
40062,12169,63.50,20.778
40062,22873,63.50,20.778
40062,30556,63.50,20.778
40062,20945,52.50,17.179
40120,45898,63.50,20.778
40120,36997,63.50,20.778
40120,48787,63.50,20.778
40120,40252,56.00,18.324
40120,15599,52.50,17.179
40172,33952,6.50,2.414
40172,12169,63.50,20.778
40172,22873,63.50,20.778
40172,30556,63.50,20.778
40172,20945,52.50,17.179
40220,45898,63.50,20.778
40220,36997,63.50,20.778
40220,48787,63.50,20.778
40220,40252,56.00,18.324
40220,15599,52.50,17.179
40273,33952,6.50,2.414
40273,12169,63.50,20.778
40273,22873,63.50,20.778
40273,30556,63.50,20.778
40273,20945,52.50,17.179
40320,45898,63.50,20.778
40320,36997,63.50,20.778
40320,48787,63.50,20.778
40320,40252,56.00,18.324
40320,15599,52.50,17.179
40382,33952,6.50,2.414
40382,12169,63.50,20.778
40382,22873,63.50,20.778
40382,30556,63.50,20.778
40382,20945,52.50,17.179
40430,45898,63.50,20.778
40430,36997,63.50,20.778
40430,48787,63.50,20.778
40430,40252,56.00,18.324
40430,15599,52.50,17.179
40482,33952,6.50,2.414
40482,12169,63.50,20.778
40482,22873,63.50,20.778
40482,30556,63.50,20.778
40482,20945,52.50,17.179
40530,45898,63.50,20.778
40530,36997,63.50,20.778
40530,48787,63.50,20.778
40530,40252,56.00,18.324
40530,15599,52.50,17.179
40592,33952,6.50,2.414
40592,12169,63.50,20.778
40592,22873,63.50,20.778
40592,30556,63.50,20.778
40592,20945,52.50,17.179
40640,45898,63.50,20.778
40640,36997,63.50,20.778
40640,48787,63.50,20.778
40640,40252,56.00,18.324
40640,15599,52.50,17.179
40692,33952,6.50,2.414
40692,12169,63.50,20.778
40692,22873,63.50,20.778
40692,30556,63.50,20.778
40692,20945,52.50,17.179
40749,45898,63.50,20.778
40749,36997,63.50,20.778
40749,48787,63.50,20.778
40749,40252,56.00,18.324
40749,15599,52.50,17.179
40792,33952,6.50,2.414
40792,12169,63.50,20.778
40792,22873,63.50,20.778
40792,30556,63.50,20.778
40792,20945,52.50,17.179
40850,45898,63.50,20.778
40850,36997,63.50,20.778
40850,48787,63.50,20.778
40850,40252,56.00,18.324
40850,15599,52.50,17.179
40902,33952,6.50,2.414
40902,12169,63.50,20.778
40902,22873,63.50,20.778
40902,30556,63.50,20.778
40902,20945,52.50,17.179
40960,45898,63.50,20.778
40960,36997,63.50,20.778
40960,48787,63.50,20.778
40960,40252,56.00,18.324
40960,15599,52.50,17.179
41003,33952,6.50,2.414
41003,12169,63.50,20.778
41003,22873,63.50,20.778
41003,30556,63.50,20.778
41003,20945,52.50,17.179
41060,45898,63.50,20.778
41060,36997,63.50,20.778
41060,48787,63.50,20.778
41060,40252,56.00,18.324
41060,15599,52.50,17.179
41112,33952,6.50,2.414
41112,12169,63.50,20.778
41112,22873,63.50,20.778
41112,30556,63.50,20.778
41112,20945,52.50,17.179
41160,45898,63.50,20.778
41160,36997,63.50,20.778
41160,48787,63.50,20.778
41160,40252,56.00,18.324
41160,15599,52.50,17.179
41216,33952,6.50,2.414
41216,12169,63.50,20.778
41216,22873,63.50,20.778
41216,30556,63.50,20.778
41216,20945,52.50,17.179
41270,45898,63.50,20.778
41270,36997,63.50,20.778
41270,48787,63.50,20.778
41270,40252,56.00,18.324
41270,15599,52.50,17.179
41322,33952,6.50,2.414
41322,12169,63.50,20.778
41322,22873,63.50,20.778
41322,30556,63.50,20.778
41322,20945,52.50,17.179
41370,45898,63.50,20.778
41370,36997,63.50,20.778
41370,48787,63.50,20.778
41370,40252,56.00,18.324
41370,15599,52.50,17.179
41422,33952,6.50,2.414
41422,12169,63.50,20.778
41422,22873,63.50,20.778
41422,30556,63.50,20.778
41422,20945,52.50,17.179
41480,45898,63.50,20.778
41480,36997,63.50,20.778
41480,48787,63.50,20.778
41480,40252,56.00,18.324
41480,15599,52.50,17.179
41522,33952,6.50,2.414
41522,12169,63.50,20.778
41522,22873,63.50,20.778
41522,30556,63.50,20.778
41522,20945,52.50,17.179
41590,45898,63.50,20.778
41590,36997,63.50,20.778
41590,48787,63.50,20.778
41590,40252,56.00,18.324
41590,15599,52.50,17.179
41622,33952,6.50,2.414
41622,12169,63.50,20.778
41622,22873,63.50,20.778
41622,30556,63.50,20.778
41622,20945,52.50,17.179
41690,45898,63.50,20.778
41690,36997,63.50,20.778
41690,48787,63.50,20.778
41690,40252,56.00,18.324
41690,15599,52.50,17.179
41722,33952,6.50,2.414
41722,12169,63.50,20.778
41722,22873,63.50,20.778
41722,30556,63.50,20.778
41722,20945,52.50,17.179
41790,45898,63.50,20.778
41790,36997,63.50,20.778
41790,48787,63.50,20.778
41790,40252,56.00,18.324
41790,15599,52.50,17.179
41832,33952,6.50,2.414
41832,12169,63.50,20.778
41832,22873,63.50,20.778
41832,30556,63.50,20.778
41832,20945,52.50,17.179
41900,45898,63.50,20.778
41900,36997,63.50,20.778
41900,48787,63.50,20.778
41900,40252,56.00,18.324
41900,15599,52.50,17.179
41932,33952,6.50,2.414
41932,12169,63.50,20.778
41932,22873,63.50,20.778
41932,30556,63.50,20.778
41932,20945,52.50,17.179
42010,45898,63.50,20.778
42010,36997,63.50,20.778
42010,48787,63.50,20.778
42010,40252,56.00,18.324
42010,15599,52.50,17.179
42033,33952,6.50,2.414
42033,12169,63.50,20.778
42033,22873,63.50,20.778
42033,30556,63.50,20.778
42033,20945,52.50,17.179
42110,45898,63.50,20.778
42110,36997,63.50,20.778
42110,48787,63.50,20.778
42110,40252,56.00,18.324
42110,15599,52.50,17.179
42142,33952,6.50,2.414
42142,12169,63.50,20.778
42142,22873,63.50,20.778
42142,30556,63.50,20.778
42142,20945,52.50,17.179
42210,45898,63.50,20.778
42210,36997,63.50,20.778
42210,48787,63.50,20.778
42210,40252,56.00,18.324
42210,15599,52.50,17.179
42242,33952,6.50,2.414
42242,12169,63.50,20.778
42242,22873,63.50,20.778
42242,30556,63.50,20.778
42242,20945,52.50,17.179
42320,45898,63.50,20.778
42320,36997,63.50,20.778
42320,48787,63.50,20.778
42320,40252,56.00,18.324
42320,15599,52.50,17.179
42342,33952,6.50,2.414
42342,12169,63.50,20.778
42342,22873,63.50,20.778
42342,30556,63.50,20.778
42342,20945,52.50,17.179
42420,45898,63.50,20.778
42420,36997,63.50,20.778
42420,48787,63.50,20.778
42420,40252,56.00,18.324
42420,15599,52.50,17.179
42442,33952,6.50,2.414
42442,12169,63.50,20.778
42442,22873,63.50,20.778
42442,30556,63.50,20.778
42442,20945,52.50,17.179
42530,45898,63.50,20.778
42530,36997,63.50,20.778
42530,48787,63.50,20.778
42530,40252,56.00,18.324
42530,15599,52.50,17.179
42552,33952,6.50,2.414
42552,12169,63.50,20.778
42552,22873,63.50,20.778
42552,30556,63.50,20.778
42552,20945,52.50,17.179
42630,45898,63.50,20.778
42630,36997,63.50,20.778
42630,48787,63.50,20.778
42630,40252,56.00,18.324
42630,15599,52.50,17.179
42652,33952,6.50,2.414
42652,12169,63.50,20.778
42652,22873,63.50,20.778
42652,30556,63.50,20.778
42652,20945,52.50,17.179
42740,45898,63.50,20.778
42740,36997,63.50,20.778
42740,48787,63.50,20.778
42740,40252,56.00,18.324
42740,15599,52.50,17.179
42762,33952,6.50,2.414
42762,12169,63.50,20.778
42762,22873,63.50,20.778
42762,30556,63.50,20.778
42762,20945,52.50,17.179
42840,45898,63.50,20.778
42840,36997,63.50,20.778
42840,48787,63.50,20.778
42840,40252,56.00,18.324
42840,15599,52.50,17.179
42872,33952,6.50,2.414
42872,12169,63.50,20.778
42872,22873,63.50,20.778
42872,30556,63.50,20.778
42872,20945,52.50,17.179
42940,45898,63.50,20.778
42940,36997,63.50,20.778
42940,48787,63.50,20.778
42940,40252,56.00,18.324
42940,15599,52.50,17.179
42972,33952,6.50,2.414
42972,12169,63.50,20.778
42972,22873,63.50,20.778
42972,30556,63.50,20.778
42972,20945,52.50,17.179
43050,45898,63.50,20.778
43050,36997,63.50,20.778
43050,48787,63.50,20.778
43050,40252,56.00,18.324
43050,15599,52.50,17.179
43072,33952,6.50,2.414
43072,12169,63.50,20.778
43072,22873,63.50,20.778
43072,30556,63.50,20.778
43072,20945,52.50,17.179
43150,45898,63.50,20.778
43150,36997,63.50,20.778
43150,48787,63.50,20.778
43150,40252,56.00,18.324
43150,15599,52.50,17.179
43172,33952,6.50,2.414
43172,12169,63.50,20.778
43172,22873,63.50,20.778
43172,30556,63.50,20.778
43172,20945,52.50,17.179
43250,45898,63.50,20.778
43250,36997,63.50,20.778
43250,48787,63.50,20.778
43250,40252,56.00,18.324
43250,15599,52.50,17.179
43282,33952,6.50,2.414
43282,12169,63.50,20.778
43282,22873,63.50,20.778
43282,30556,53.50,17.506
43282,20945,52.50,17.179
43360,45898,63.50,20.778
43360,36997,63.50,20.778
43360,48787,63.50,20.778
43360,40252,56.00,18.324
43360,15599,52.50,17.179
43382,33952,6.50,2.414
43382,12169,63.50,20.778
43382,22873,63.50,20.778
43382,30556,53.50,17.506
43382,20945,52.50,17.179
43460,45898,63.50,20.778
43460,36997,63.50,20.778
43460,48787,63.50,20.778
43460,40252,56.00,18.324
43460,15599,52.50,17.179
43482,33952,6.50,2.414
43482,12169,63.50,20.778
43482,22873,63.50,20.778
43482,30556,53.50,17.506
43482,20945,52.50,17.179
43570,45898,63.50,20.778
43570,36997,63.50,20.778
43570,48787,63.50,20.778
43570,40252,56.00,18.324
43570,15599,52.50,17.179
43592,33952,6.50,2.414
43592,12169,63.50,20.778
43592,22873,63.50,20.778
43592,30556,53.50,17.506
43592,20945,52.50,17.179
43680,45898,63.50,20.778
43680,36997,63.50,20.778
43680,48787,63.50,20.778
43680,40252,56.00,18.324
43680,15599,52.50,17.179
43694,33952,6.50,2.414
43694,12169,63.50,20.778
43694,22873,63.50,20.778
43694,30556,53.50,17.506
43694,20945,52.50,17.179
43790,45898,63.50,20.778
43790,36997,63.50,20.778
43790,48787,63.50,20.778
43790,40252,56.00,18.324
43790,15599,52.50,17.179
43802,33952,6.50,2.414
43802,12169,63.50,20.778
43802,22873,63.50,20.778
43802,30556,53.50,17.506
43802,20945,52.50,17.179
43900,45898,63.50,20.778
43900,36997,63.50,20.778
43900,48787,63.50,20.778
43900,40252,56.00,18.324
43900,15599,52.50,17.179
43912,33952,6.50,2.414
43912,12169,63.50,20.778
43912,22873,63.50,20.778
43912,30556,53.50,17.506
43912,20945,52.50,17.179
44000,45898,63.50,20.778
44000,36997,63.50,20.778
44000,48787,63.50,20.778
44000,40252,56.00,18.324
44000,15599,52.50,17.179
44012,33952,6.50,2.414
44012,12169,63.50,20.778
44012,22873,63.50,20.778
44012,30556,63.50,20.778
44012,20945,52.50,17.179
44110,45898,63.50,20.778
44110,36997,63.50,20.778
44110,48787,63.50,20.778
44110,40252,56.00,18.324
44110,15599,52.50,17.179
44122,33952,6.50,2.414
44122,12169,63.50,20.778
44122,22873,63.50,20.778
44122,30556,63.50,20.778
44122,20945,52.50,17.179
44210,45898,63.50,20.778
44210,36997,63.50,20.778
44210,48787,63.50,20.778
44210,40252,56.00,18.324
44210,15599,52.50,17.179
44224,33952,6.50,2.414
44224,12169,63.50,20.778
44224,22873,63.50,20.778
44224,30556,63.50,20.778
44224,20945,52.50,17.179
44320,45898,63.50,20.778
44320,36997,63.50,20.778
44320,48787,63.50,20.778
44320,40252,56.00,18.324
44320,15599,52.50,17.179
44332,33952,6.50,2.414
44332,12169,63.50,20.778
44332,22873,63.50,20.778
44332,30556,63.50,20.778
44332,20945,52.50,17.179
44431,45898,63.50,20.778
44431,36997,63.50,20.778
44431,48787,63.50,20.778
44431,40252,56.00,18.324
44431,15599,52.50,17.179
44432,33952,6.50,2.414
44432,12169,63.50,20.778
44432,22873,63.50,20.778
44432,30556,63.50,20.778
44432,20945,52.50,17.179
44540,45898,63.50,20.778
44540,36997,63.50,20.778
44540,48787,63.50,20.778
44540,40252,56.00,18.324
44540,15599,52.50,17.179
44542,33952,6.50,2.414
44542,12169,63.50,20.778
44542,22873,63.50,20.778
44542,30556,63.50,20.778
44542,20945,52.50,17.179
44650,45898,63.50,20.778
44650,36997,63.50,20.778
44650,48787,63.50,20.778
44650,40252,56.00,18.324
44650,15599,52.50,17.179
44652,33952,6.50,2.414
44652,12169,63.50,20.778
44652,22873,63.50,20.778
44652,30556,63.50,20.778
44652,20945,52.50,17.179
44750,45898,63.50,20.778
44750,36997,63.50,20.778
44750,48787,63.50,20.778
44750,40252,56.00,18.324
44750,15599,52.50,17.179
44752,33952,6.50,2.414
44752,12169,63.50,20.778
44752,22873,63.50,20.778
44752,30556,63.50,20.778
44752,20945,52.50,17.179
44860,45898,63.50,20.778
44860,36997,63.50,20.778
44860,48787,63.50,20.778
44860,40252,56.00,18.324
44860,15599,52.50,17.179
44862,33952,6.50,2.414
44862,12169,63.50,20.778
44862,22873,63.50,20.778
44862,30556,63.50,20.778
44862,20945,52.50,17.179
44960,45898,63.50,20.778
44960,36997,63.50,20.778
44960,48787,63.50,20.778
44960,40252,56.00,18.324
44960,15599,52.50,17.179
44972,33952,6.50,2.414
44972,12169,63.50,20.778
44972,22873,63.50,20.778
44972,30556,63.50,20.778
44972,20945,52.50,17.179
45070,45898,63.50,20.778
45070,36997,63.50,20.778
45070,48787,63.50,20.778
45070,40252,56.00,18.324
45070,15599,52.50,17.179
45072,33952,6.50,2.414
45072,12169,63.50,20.778
45072,22873,63.50,20.778
45072,30556,63.50,20.778
45072,20945,52.50,17.179
45172,33952,6.50,2.414
45172,12169,63.50,20.778
45172,22873,63.50,20.778
45172,30556,63.50,20.778
45172,20945,52.50,17.179
45180,45898,63.50,20.778
45180,36997,63.50,20.778
45180,48787,63.50,20.778
45180,40252,56.00,18.324
45180,15599,52.50,17.179
45272,33952,6.50,2.414
45272,12169,63.50,20.778
45272,22873,63.50,20.778
45272,30556,63.50,20.778
45272,20945,52.50,17.179
45280,45898,63.50,20.778
45280,36997,63.50,20.778
45280,48787,63.50,20.778
45280,40252,56.00,18.324
45280,15599,52.50,17.179
45384,33952,6.50,2.414
45384,12169,63.50,20.778
45384,22873,63.50,20.778
45384,30556,63.50,20.778
45384,20945,52.50,17.179
45390,45898,63.50,20.778
45390,36997,63.50,20.778
45390,48787,63.50,20.778
45390,40252,56.00,18.324
45390,15599,52.50,17.179
45490,45898,63.50,20.778
45490,36997,63.50,20.778
45490,48787,63.50,20.778
45490,40252,56.00,18.324
45490,15599,52.50,17.179
45492,33952,6.50,2.414
45492,12169,63.50,20.778
45492,22873,63.50,20.778
45492,30556,63.50,20.778
45492,20945,52.50,17.179
45600,45898,63.50,20.778
45600,36997,63.50,20.778
45600,48787,63.50,20.778
45600,40252,56.00,18.324
45600,15599,52.50,17.179
45602,33952,6.50,2.414
45602,12169,63.50,20.778
45602,22873,63.50,20.778
45602,30556,63.50,20.778
45602,20945,52.50,17.179
45700,45898,63.50,20.778
45700,36997,63.50,20.778
45700,48787,63.50,20.778
45700,40252,56.00,18.324
45700,15599,52.50,17.179
45703,33952,6.50,2.414
45703,12169,63.50,20.778
45703,22873,63.50,20.778
45703,30556,63.50,20.778
45703,20945,52.50,17.179
45810,45898,63.50,20.778
45810,36997,63.50,20.778
45810,48787,63.50,20.778
45810,40252,56.00,18.324
45810,15599,52.50,17.179
45812,33952,6.50,2.414
45812,12169,63.50,20.778
45812,22873,63.50,20.778
45812,30556,63.50,20.778
45812,20945,52.50,17.179
45910,45898,63.50,20.778
45910,36997,63.50,20.778
45910,48787,63.50,20.778
45910,40252,56.00,18.324
45910,15599,52.50,17.179
45912,33952,6.50,2.414
45912,12169,63.50,20.778
45912,22873,63.50,20.778
45912,30556,63.50,20.778
45912,20945,52.50,17.179
46020,45898,63.50,20.778
46020,36997,63.50,20.778
46020,48787,63.50,20.778
46020,40252,56.00,18.324
46020,15599,52.50,17.179
46022,33952,6.50,2.414
46022,12169,63.50,20.778
46022,22873,63.50,20.778
46022,30556,63.50,20.778
46022,20945,52.50,17.179
46122,33952,6.50,2.414
46122,12169,63.50,20.778
46122,22873,63.50,20.778
46122,30556,63.50,20.778
46122,20945,52.50,17.179
46130,45898,63.50,20.778
46130,36997,63.50,20.778
46130,48787,63.50,20.778
46130,40252,56.00,18.324
46130,15599,52.50,17.179
46230,45898,63.50,20.778
46230,36997,63.50,20.778
46230,48787,63.50,20.778
46230,40252,56.00,18.324
46230,15599,52.50,17.179
46233,33952,6.50,2.414
46233,12169,63.50,20.778
46233,22873,63.50,20.778
46233,30556,63.50,20.778
46233,20945,52.50,17.179
46340,45898,63.50,20.778
46340,36997,63.50,20.778
46340,48787,63.50,20.778
46340,40252,56.00,18.324
46340,15599,52.50,17.179
46342,33952,6.50,2.414
46342,12169,63.50,20.778
46342,22873,63.50,20.778
46342,30556,63.50,20.778
46342,20945,52.50,17.179
46441,45898,63.50,20.778
46441,36997,63.50,20.778
46441,48787,63.50,20.778
46441,40252,56.00,18.324
46441,15599,52.50,17.179
46444,33952,6.50,2.414
46444,12169,63.50,20.778
46444,22873,63.50,20.778
46444,30556,63.50,20.778
46444,20945,52.50,17.179
46550,45898,63.50,20.778
46550,36997,63.50,20.778
46550,48787,63.50,20.778
46550,40252,56.00,18.324
46550,15599,52.50,17.179
46552,33952,6.50,2.414
46552,12169,63.50,20.778
46552,22873,63.50,20.778
46552,30556,63.50,20.778
46552,20945,52.50,17.179
46652,33952,6.50,2.414
46652,12169,63.50,20.778
46652,22873,63.50,20.778
46652,30556,63.50,20.778
46652,20945,52.50,17.179
46660,45898,63.50,20.778
46660,36997,63.50,20.778
46660,48787,63.50,20.778
46660,40252,56.00,18.324
46660,15599,52.50,17.179
46762,33952,6.50,2.414
46762,12169,63.50,20.778
46762,22873,63.50,20.778
46762,30556,63.50,20.778
46762,20945,52.50,17.179
46770,45898,63.50,20.778
46770,36997,63.50,20.778
46770,48787,63.50,20.778
46770,40252,56.00,18.324
46770,15599,52.50,17.179
46863,33952,6.50,2.414
46863,12169,63.50,20.778
46863,22873,63.50,20.778
46863,30556,63.50,20.778
46863,20945,52.50,17.179
46880,45898,63.50,20.778
46880,36997,63.50,20.778
46880,48787,63.50,20.778
46880,40252,56.00,18.324
46880,15599,52.50,17.179
46972,33952,6.50,2.414
46972,12169,63.50,20.778
46972,22873,63.50,20.778
46972,30556,63.50,20.778
46972,20945,52.50,17.179
46990,45898,63.50,20.778
46990,36997,63.50,20.778
46990,48787,63.50,20.778
46990,40252,56.00,18.324
46990,15599,52.50,17.179
47072,33952,6.50,2.414
47072,12169,63.50,20.778
47072,22873,63.50,20.778
47072,30556,63.50,20.778
47072,20945,52.50,17.179
47100,45898,63.50,20.778
47100,36997,63.50,20.778
47100,48787,63.50,20.778
47100,40252,56.00,18.324
47100,15599,52.50,17.179
47183,33952,6.50,2.414
47183,12169,63.50,20.778
47183,22873,63.50,20.778
47183,30556,63.50,20.778
47183,20945,52.50,17.179
47200,45898,63.50,20.778
47200,36997,63.50,20.778
47200,48787,63.50,20.778
47200,40252,56.00,18.324
47200,15599,52.50,17.179
47284,33952,6.50,2.414
47284,12169,63.50,20.778
47284,22873,63.50,20.778
47284,30556,53.50,17.506
47284,20945,52.00,17.015
47310,45898,63.50,20.778
47310,36997,63.50,20.778
47310,48787,63.50,20.778
47310,40252,56.00,18.324
47310,15599,52.50,17.179
47393,33952,6.50,2.414
47393,12169,63.50,20.778
47393,22873,63.50,20.778
47393,30556,53.50,17.506
47393,20945,52.00,17.015
47411,45898,63.50,20.778
47411,36997,63.50,20.778
47411,48787,63.50,20.778
47411,40252,56.00,18.324
47411,15599,52.50,17.179
47493,33952,6.50,2.414
47493,12169,63.50,20.778
47493,22873,63.50,20.778
47493,30556,53.50,17.506
47493,20945,52.00,17.015
47521,45898,63.50,20.778
47521,36997,63.50,20.778
47521,48787,63.50,20.778
47521,40252,56.00,18.324
47521,15599,52.50,17.179
47602,33952,6.50,2.414
47602,12169,63.50,20.778
47602,22873,63.50,20.778
47602,30556,53.50,17.506
47602,20945,63.50,20.778
47630,45898,63.50,20.778
47630,36997,63.50,20.778
47630,48787,63.50,20.778
47630,40252,56.00,18.324
47630,15599,52.50,17.179
47702,33952,6.50,2.414
47702,12169,63.50,20.778
47702,22873,63.50,20.778
47702,30556,53.50,17.506
47702,20945,63.50,20.778
47740,45898,63.50,20.778
47740,36997,63.50,20.778
47740,48787,63.50,20.778
47740,40252,56.00,18.324
47740,15599,52.50,17.179
47813,33952,6.50,2.414
47813,12169,63.50,20.778
47813,22873,63.50,20.778
47813,30556,53.50,17.506
47813,20945,63.50,20.778
47841,45898,63.50,20.778
47841,36997,63.50,20.778
47841,48787,63.50,20.778
47841,40252,56.00,18.324
47841,15599,52.50,17.179
47924,33952,6.50,2.414
47924,12169,63.50,20.778
47924,22873,63.50,20.778
47924,30556,53.50,17.506
47924,20945,63.50,20.778
47950,45898,63.50,20.778
47950,36997,63.50,20.778
47950,48787,63.50,20.778
47950,40252,56.00,18.324
47950,15599,52.50,17.179
48024,33952,6.50,2.414
48024,12169,63.50,20.778
48024,22873,63.50,20.778
48024,30556,63.50,20.778
48024,20945,63.50,20.778
48060,45898,63.50,20.778
48060,36997,63.50,20.778
48060,48787,63.50,20.778
48060,40252,56.00,18.324
48060,15599,52.50,17.179
48135,33952,6.50,2.414
48135,12169,63.50,20.778
48135,22873,63.50,20.778
48135,30556,63.50,20.778
48135,20945,63.50,20.778
48161,45898,63.50,20.778
48161,36997,63.50,20.778
48161,48787,63.50,20.778
48161,40252,56.00,18.324
48161,15599,52.50,17.179
48242,33952,6.50,2.414
48242,12169,63.50,20.778
48242,22873,63.50,20.778
48242,30556,63.50,20.778
48242,20945,63.50,20.778
48270,45898,63.50,20.778
48270,36997,63.50,20.778
48270,48787,63.50,20.778
48270,40252,56.00,18.324
48270,15599,52.50,17.179
48342,33952,6.50,2.414
48342,12169,63.50,20.778
48342,22873,63.50,20.778
48342,30556,63.50,20.778
48342,20945,63.50,20.778
48380,45898,63.50,20.778
48380,36997,63.50,20.778
48380,48787,63.50,20.778
48380,40252,56.00,18.324
48380,15599,52.50,17.179
48454,33952,6.50,2.414
48454,12169,63.50,20.778
48454,22873,63.50,20.778
48454,30556,63.50,20.778
48454,20945,63.50,20.778
48490,45898,63.50,20.778
48490,36997,63.50,20.778
48490,48787,63.50,20.778
48490,40252,56.00,18.324
48490,15599,52.50,17.179
48562,33952,6.50,2.414
48562,12169,63.50,20.778
48562,22873,63.50,20.778
48562,30556,63.50,20.778
48562,20945,63.50,20.778
48600,45898,63.50,20.778
48600,36997,63.50,20.778
48600,48787,63.50,20.778
48600,40252,56.00,18.324
48600,15599,52.50,17.179
48662,33952,6.50,2.414
48662,12169,63.50,20.778
48662,22873,63.50,20.778
48662,30556,63.50,20.778
48662,20945,63.50,20.778
48710,45898,63.50,20.778
48710,36997,63.50,20.778
48710,48787,63.50,20.778
48710,40252,56.00,18.324
48710,15599,52.50,17.179
48763,33952,6.50,2.414
48763,12169,63.50,20.778
48763,22873,63.50,20.778
48763,30556,63.50,20.778
48763,20945,63.50,20.778
48810,45898,63.50,20.778
48810,36997,63.50,20.778
48810,48787,63.50,20.778
48810,40252,56.00,18.324
48810,15599,52.50,17.179
48872,33952,6.50,2.414
48872,12169,63.50,20.778
48872,22873,63.50,20.778
48872,30556,63.50,20.778
48872,20945,63.50,20.778
48910,45898,63.50,20.778
48910,36997,63.50,20.778
48910,48787,63.50,20.778
48910,40252,56.00,18.324
48910,15599,52.50,17.179
48975,33952,6.50,2.414
48975,12169,63.50,20.778
48975,22873,63.50,20.778
48975,30556,63.50,20.778
48975,20945,63.50,20.778
49020,45898,63.50,20.778
49020,36997,63.50,20.778
49020,48787,63.50,20.778
49020,40252,56.00,18.324
49020,15599,52.50,17.179
49082,33952,6.50,2.414
49082,12169,63.50,20.778
49082,22873,63.50,20.778
49082,30556,63.50,20.778
49082,20945,63.50,20.778
49130,45898,63.50,20.778
49130,36997,63.50,20.778
49130,48787,63.50,20.778
49130,40252,56.00,18.324
49130,15599,52.50,17.179
49185,33952,6.50,2.414
49185,12169,63.50,20.778
49185,22873,63.50,20.778
49185,30556,63.50,20.778
49185,20945,63.50,20.778
49230,45898,63.50,20.778
49230,36997,63.50,20.778
49230,48787,63.50,20.778
49230,40252,56.00,18.324
49230,15599,52.50,17.179
49292,33952,6.50,2.414
49292,12169,63.50,20.778
49292,22873,63.50,20.778
49292,30556,63.50,20.778
49292,20945,63.50,20.778
49330,45898,63.50,20.778
49330,36997,63.50,20.778
49330,48787,63.50,20.778
49330,40252,56.00,18.324
49330,15599,52.50,17.179
49392,33952,6.50,2.414
49392,12169,63.50,20.778
49392,22873,63.50,20.778
49392,30556,63.50,20.778
49392,20945,63.50,20.778
49440,45898,63.50,20.778
49440,36997,63.50,20.778
49440,48787,63.50,20.778
49440,40252,56.00,18.324
49440,15599,52.50,17.179
49492,33952,6.50,2.414
49492,12169,63.50,20.778
49492,22873,63.50,20.778
49492,30556,63.50,20.778
49492,20945,63.50,20.778
49550,45898,63.50,20.778
49550,36997,63.50,20.778
49550,48787,63.50,20.778
49550,40252,56.00,18.324
49550,15599,52.50,17.179
49602,33952,6.50,2.414
49602,12169,63.50,20.778
49602,22873,63.50,20.778
49602,30556,63.50,20.778
49602,20945,63.50,20.778
49660,45898,63.50,20.778
49660,36997,63.50,20.778
49660,48787,63.50,20.778
49660,40252,56.00,18.324
49660,15599,52.50,17.179
49703,33952,6.50,2.414
49703,12169,63.50,20.778
49703,22873,63.50,20.778
49703,30556,63.50,20.778
49703,20945,63.50,20.778
49770,45898,63.50,20.778
49770,36997,63.50,20.778
49770,48787,63.50,20.778
49770,40252,56.00,18.324
49770,15599,52.50,17.179
49812,33952,6.50,2.414
49812,12169,63.50,20.778
49812,22873,63.50,20.778
49812,30556,63.50,20.778
49812,20945,63.50,20.778
49870,45898,63.50,20.778
49870,36997,63.50,20.778
49870,48787,63.50,20.778
49870,40252,56.00,18.324
49870,15599,52.50,17.179
49912,33952,6.50,2.414
49912,12169,63.50,20.778
49912,22873,63.50,20.778
49912,30556,63.50,20.778
49912,20945,63.50,20.778
49970,45898,63.50,20.778
49970,36997,63.50,20.778
49970,48787,63.50,20.778
49970,40252,56.00,18.324
49970,15599,52.50,17.179
50022,33952,6.50,2.414
50022,12169,63.50,20.778
50022,22873,63.50,20.778
50022,30556,63.50,20.778
50022,20945,63.50,20.778
50080,45898,63.50,20.778
50080,36997,63.50,20.778
50080,48787,63.50,20.778
50080,40252,56.00,18.324
50080,15599,52.50,17.179
50122,33952,6.50,2.414
50122,12169,63.50,20.778
50122,22873,63.50,20.778
50122,30556,63.50,20.778
50122,20945,63.50,20.778
50190,45898,63.50,20.778
50190,36997,63.50,20.778
50190,48787,63.50,20.778
50190,40252,56.00,18.324
50190,15599,52.50,17.179
50222,33952,6.50,2.414
50222,12169,63.50,20.778
50222,22873,63.50,20.778
50222,30556,63.50,20.778
50222,20945,63.50,20.778
50300,45898,63.50,20.778
50300,36997,63.50,20.778
50300,48787,63.50,20.778
50300,40252,56.00,18.324
50300,15599,52.50,17.179
50332,33952,6.50,2.414
50332,12169,63.50,20.778
50332,22873,63.50,20.778
50332,30556,63.50,20.778
50332,20945,63.50,20.778
50401,45898,63.50,20.778
50401,36997,63.50,20.778
50401,48787,63.50,20.778
50401,40252,56.00,18.324
50401,15599,52.50,17.179
50433,33952,6.50,2.414
50433,12169,63.50,20.778
50433,22873,63.50,20.778
50433,30556,63.50,20.778
50433,20945,63.50,20.778
50510,45898,63.50,20.778
50510,36997,63.50,20.778
50510,48787,63.50,20.778
50510,40252,56.00,18.324
50510,15599,52.50,17.179
50543,33952,6.50,2.414
50543,12169,63.50,20.778
50543,22873,63.50,20.778
50543,30556,63.50,20.778
50543,20945,63.50,20.778
50620,45898,63.50,20.778
50620,36997,63.50,20.778
50620,48787,63.50,20.778
50620,40252,56.00,18.324
50620,15599,52.50,17.179
50652,33952,6.50,2.414
50652,12169,63.50,20.778
50652,22873,63.50,20.778
50652,30556,63.50,20.778
50652,20945,63.50,20.778
50720,45898,63.50,20.778
50720,36997,63.50,20.778
50720,48787,63.50,20.778
50720,40252,56.00,18.324
50720,15599,52.50,17.179
50752,33952,6.50,2.414
50752,12169,63.50,20.778
50752,22873,63.50,20.778
50752,30556,63.50,20.778
50752,20945,63.50,20.778
50830,45898,63.50,20.778
50830,36997,63.50,20.778
50830,48787,63.50,20.778
50830,40252,56.00,18.324
50830,15599,52.50,17.179
50863,33952,6.50,2.414
50863,12169,63.50,20.778
50863,22873,63.50,20.778
50863,30556,63.50,20.778
50863,20945,63.50,20.778
50930,45898,63.50,20.778
50930,36997,63.50,20.778
50930,48787,63.50,20.778
50930,40252,56.00,18.324
50930,15599,52.50,17.179
50973,33952,6.50,2.414
50973,12169,63.50,20.778
50973,22873,63.50,20.778
50973,30556,63.50,20.778
50973,20945,63.50,20.778
51031,45898,63.50,20.778
51031,36997,63.50,20.778
51031,48787,63.50,20.778
51031,40252,56.00,18.324
51031,15599,52.50,17.179
51082,33952,6.50,2.414
51082,12169,63.50,20.778
51082,22873,63.50,20.778
51082,30556,63.50,20.778
51082,20945,63.50,20.778
51140,45898,63.50,20.778
51140,36997,63.50,20.778
51140,48787,63.50,20.778
51140,40252,56.00,18.324
51140,15599,52.50,17.179
51183,33952,6.50,2.414
51183,12169,63.50,20.778
51183,22873,63.50,20.778
51183,30556,53.50,17.506
51183,20945,52.50,17.179
51250,45898,63.50,20.778
51250,36997,63.50,20.778
51250,48787,63.50,20.778
51250,40252,56.00,18.324
51250,15599,52.50,17.179
51293,33952,6.50,2.414
51293,12169,63.50,20.778
51293,22873,63.50,20.778
51293,30556,53.50,17.506
51293,20945,52.50,17.179
51350,45898,63.50,20.778
51350,36997,63.50,20.778
51350,48787,63.50,20.778
51350,40252,56.00,18.324
51350,15599,52.50,17.179
51402,33952,6.50,2.414
51402,12169,63.50,20.778
51402,22873,63.50,20.778
51402,30556,53.50,17.506
51402,20945,52.50,17.179
51460,45898,63.50,20.778
51460,36997,63.50,20.778
51460,48787,63.50,20.778
51460,40252,56.00,18.324
51460,15599,52.50,17.179
51503,33952,6.50,2.414
51503,12169,63.50,20.778
51503,22873,63.50,20.778
51503,30556,53.50,17.506
51503,20945,52.50,17.179
51560,45898,63.50,20.778
51560,36997,63.50,20.778
51560,48787,63.50,20.778
51560,40252,56.00,18.324
51560,15599,52.50,17.179
51612,33952,6.50,2.414
51612,12169,63.50,20.778
51612,22873,63.50,20.778
51612,30556,53.50,17.506
51612,20945,52.50,17.179
51661,45898,63.50,20.778
51661,36997,63.50,20.778
51661,48787,63.50,20.778
51661,40252,56.00,18.324
51661,15599,52.50,17.179
51712,33952,6.50,2.414
51712,12169,63.50,20.778
51712,22873,63.50,20.778
51712,30556,53.50,17.506
51712,20945,52.50,17.179
51770,45898,63.50,20.778
51770,36997,63.50,20.778
51770,48787,63.50,20.778
51770,40252,56.00,18.324
51770,15599,52.50,17.179
51822,33952,6.50,2.414
51822,12169,63.50,20.778
51822,22873,63.50,20.778
51822,30556,53.50,17.506
51822,20945,52.50,17.179
51880,45898,63.50,20.778
51880,36997,63.50,20.778
51880,48787,63.50,20.778
51880,40252,56.00,18.324
51880,15599,52.50,17.179
51923,33952,6.50,2.414
51923,12169,63.50,20.778
51923,22873,63.50,20.778
51923,30556,53.50,17.506
51923,20945,52.50,17.179
51980,45898,63.50,20.778
51980,36997,63.50,20.778
51980,48787,63.50,20.778
51980,40252,56.00,18.324
51980,15599,52.50,17.179
52032,33952,6.50,2.414
52032,12169,63.50,20.778
52032,22873,63.50,20.778
52032,30556,63.50,20.778
52032,20945,52.50,17.179
52090,45898,63.50,20.778
52090,36997,63.50,20.778
52090,48787,63.50,20.778
52090,40252,56.00,18.324
52090,15599,52.50,17.179
52132,33952,6.50,2.414
52132,12169,63.50,20.778
52132,22873,63.50,20.778
52132,30556,63.50,20.778
52132,20945,52.50,17.179
52190,45898,63.50,20.778
52190,36997,63.50,20.778
52190,48787,63.50,20.778
52190,40252,56.00,18.324
52190,15599,52.50,17.179
52234,33952,6.50,2.414
52234,12169,63.50,20.778
52234,22873,63.50,20.778
52234,30556,63.50,20.778
52234,20945,52.50,17.179
52300,45898,63.50,20.778
52300,36997,63.50,20.778
52300,48787,63.50,20.778
52300,40252,56.00,18.324
52300,15599,52.50,17.179
52342,33952,6.50,2.414
52342,12169,63.50,20.778
52342,22873,63.50,20.778
52342,30556,63.50,20.778
52342,20945,52.50,17.179
52401,45898,63.50,20.778
52401,36997,63.50,20.778
52401,48787,63.50,20.778
52401,40252,56.00,18.324
52401,15599,52.50,17.179
52442,33952,6.50,2.414
52442,12169,63.50,20.778
52442,22873,63.50,20.778
52442,30556,63.50,20.778
52442,20945,52.50,17.179
52510,45898,63.50,20.778
52510,36997,63.50,20.778
52510,48787,63.50,20.778
52510,40252,56.00,18.324
52510,15599,52.50,17.179
52552,33952,6.50,2.414
52552,12169,63.50,20.778
52552,22873,63.50,20.778
52552,30556,63.50,20.778
52552,20945,52.50,17.179
52610,45898,63.50,20.778
52610,36997,63.50,20.778
52610,48787,63.50,20.778
52610,40252,56.00,18.324
52610,15599,52.50,17.179
52662,33952,6.50,2.414
52662,12169,63.50,20.778
52662,22873,63.50,20.778
52662,30556,63.50,20.778
52662,20945,52.50,17.179
52720,45898,63.50,20.778
52720,36997,63.50,20.778
52720,48787,63.50,20.778
52720,40252,56.00,18.324
52720,15599,52.50,17.179
52762,33952,6.50,2.414
52762,12169,63.50,20.778
52762,22873,63.50,20.778
52762,30556,63.50,20.778
52762,20945,52.50,17.179
52830,45898,63.50,20.778
52830,36997,63.50,20.778
52830,48787,63.50,20.778
52830,40252,56.00,18.324
52830,15599,52.50,17.179
52862,33952,6.50,2.414
52862,12169,63.50,20.778
52862,22873,63.50,20.778
52862,30556,63.50,20.778
52862,20945,52.50,17.179
52940,45898,63.50,20.778
52940,36997,63.50,20.778
52940,48787,63.50,20.778
52940,40252,56.00,18.324
52940,15599,52.50,17.179
52962,33952,6.50,2.414
52962,12169,63.50,20.778
52962,22873,63.50,20.778
52962,30556,63.50,20.778
52962,20945,52.50,17.179
53050,45898,63.50,20.778
53050,36997,63.50,20.778
53050,48787,63.50,20.778
53050,40252,56.00,18.324
53050,15599,52.50,17.179
53072,33952,6.50,2.414
53072,12169,63.50,20.778
53072,22873,63.50,20.778
53072,30556,63.50,20.778
53072,20945,52.50,17.179
53160,45898,63.50,20.778
53160,36997,63.50,20.778
53160,48787,63.50,20.778
53160,40252,56.00,18.324
53160,15599,52.50,17.179
53172,33952,6.50,2.414
53172,12169,63.50,20.778
53172,22873,63.50,20.778
53172,30556,63.50,20.778
53172,20945,52.50,17.179
53270,45898,63.50,20.778
53270,36997,63.50,20.778
53270,48787,63.50,20.778
53270,40252,56.00,18.324
53270,15599,52.50,17.179
53272,33952,6.50,2.414
53272,12169,63.50,20.778
53272,22873,63.50,20.778
53272,30556,63.50,20.778
53272,20945,52.50,17.179
53380,45898,63.50,20.778
53380,36997,63.50,20.778
53380,48787,63.50,20.778
53380,40252,56.00,18.324
53380,15599,52.50,17.179
53382,33952,6.50,2.414
53382,12169,63.50,20.778
53382,22873,63.50,20.778
53382,30556,63.50,20.778
53382,20945,52.50,17.179
53480,45898,63.50,20.778
53480,36997,63.50,20.778
53480,48787,63.50,20.778
53480,40252,56.00,18.324
53480,15599,52.50,17.179
53492,33952,6.50,2.414
53492,12169,63.50,20.778
53492,22873,63.50,20.778
53492,30556,63.50,20.778
53492,20945,52.50,17.179
53590,45898,63.50,20.778
53590,36997,63.50,20.778
53590,48787,63.50,20.778
53590,40252,56.00,18.324
53590,15599,52.50,17.179
53592,33952,6.50,2.414
53592,12169,63.50,20.778
53592,22873,63.50,20.778
53592,30556,63.50,20.778
53592,20945,52.50,17.179
53693,33952,6.50,2.414
53693,12169,63.50,20.778
53693,22873,63.50,20.778
53693,30556,63.50,20.778
53693,20945,52.50,17.179
53700,45898,63.50,20.778
53700,36997,63.50,20.778
53700,48787,63.50,20.778
53700,40252,56.00,18.324
53700,15599,52.50,17.179
53800,45898,63.50,20.778
53800,36997,63.50,20.778
53800,48787,63.50,20.778
53800,40252,56.00,18.324
53800,15599,52.50,17.179
53802,33952,6.50,2.414
53802,12169,63.50,20.778
53802,22873,63.50,20.778
53802,30556,63.50,20.778
53802,20945,52.50,17.179
53900,45898,63.50,20.778
53900,36997,63.50,20.778
53900,48787,63.50,20.778
53900,40252,56.00,18.324
53900,15599,52.50,17.179
53902,33952,6.50,2.414
53902,12169,63.50,20.778
53902,22873,63.50,20.778
53902,30556,63.50,20.778
53902,20945,52.50,17.179
54000,45898,63.50,20.778
54000,36997,63.50,20.778
54000,48787,63.50,20.778
54000,40252,56.00,18.324
54000,15599,52.50,17.179
54014,33952,6.50,2.414
54014,12169,63.50,20.778
54014,22873,63.50,20.778
54014,30556,63.50,20.778
54014,20945,52.50,17.179
54110,45898,63.50,20.778
54110,36997,63.50,20.778
54110,48787,63.50,20.778
54110,40252,56.00,18.324
54110,15599,52.50,17.179
54122,33952,6.50,2.414
54122,12169,63.50,20.778
54122,22873,63.50,20.778
54122,30556,63.50,20.778
54122,20945,52.50,17.179
54210,45898,63.50,20.778
54210,36997,63.50,20.778
54210,48787,63.50,20.778
54210,40252,56.00,18.324
54210,15599,52.50,17.179
54222,33952,6.50,2.414
54222,12169,63.50,20.778
54222,22873,63.50,20.778
54222,30556,63.50,20.778
54222,20945,52.50,17.179
54310,45898,63.50,20.778
54310,36997,63.50,20.778
54310,48787,63.50,20.778
54310,40252,56.00,18.324
54310,15599,52.50,17.179
54322,33952,6.50,2.414
54322,12169,63.50,20.778
54322,22873,63.50,20.778
54322,30556,63.50,20.778
54322,20945,52.50,17.179
54411,45898,63.50,20.778
54411,36997,63.50,20.778
54411,48787,63.50,20.778
54411,40252,56.00,18.324
54411,15599,52.50,17.179
54422,33952,6.50,2.414
54422,12169,63.50,20.778
54422,22873,63.50,20.778
54422,30556,63.50,20.778
54422,20945,52.50,17.179
54520,45898,63.50,20.778
54520,36997,63.50,20.778
54520,48787,63.50,20.778
54520,40252,56.00,18.324
54520,15599,52.50,17.179
54533,33952,6.50,2.414
54533,12169,63.50,20.778
54533,22873,63.50,20.778
54533,30556,63.50,20.778
54533,20945,52.50,17.179
54630,45898,63.50,20.778
54630,36997,63.50,20.778
54630,48787,63.50,20.778
54630,40252,56.00,18.324
54630,15599,52.50,17.179
54642,33952,6.50,2.414
54642,12169,63.50,20.778
54642,22873,63.50,20.778
54642,30556,63.50,20.778
54642,20945,52.50,17.179
54730,45898,63.50,20.778
54730,36997,63.50,20.778
54730,48787,63.50,20.778
54730,40252,56.00,18.324
54730,15599,52.50,17.179
54743,33952,6.50,2.414
54743,12169,63.50,20.778
54743,22873,63.50,20.778
54743,30556,63.50,20.778
54743,20945,52.50,17.179
54830,45898,63.50,20.778
54830,36997,63.50,20.778
54830,48787,63.50,20.778
54830,40252,56.00,18.324
54830,15599,52.50,17.179
54843,33952,6.50,2.414
54843,12169,63.50,20.778
54843,22873,63.50,20.778
54843,30556,63.50,20.778
54843,20945,52.50,17.179
54941,45898,63.50,20.778
54941,36997,63.50,20.778
54941,48787,63.50,20.778
54941,40252,56.00,18.324
54941,15599,52.50,17.179
54944,33952,6.50,2.414
54944,12169,63.50,20.778
54944,22873,63.50,20.778
54944,30556,63.50,20.778
54944,20945,52.50,17.179
55050,45898,63.50,20.778
55050,36997,63.50,20.778
55050,48787,63.50,20.778
55050,40252,56.00,18.324
55050,15599,52.50,17.179
55053,33952,6.50,2.414
55053,12169,63.50,20.778
55053,22873,63.50,20.778
55053,30556,63.50,20.778
55053,20945,52.50,17.179
55151,45898,63.50,20.778
55151,36997,63.50,20.778
55151,48787,63.50,20.778
55151,40252,56.00,18.324
55151,15599,52.50,17.179
55162,33952,6.50,2.414
55162,12169,63.50,20.778
55162,22873,63.50,20.778
55162,30556,63.50,20.778
55162,20945,52.50,17.179
55261,45898,63.50,20.778
55261,36997,63.50,20.778
55261,48787,63.50,20.778
55261,40252,56.00,18.324
55261,15599,52.50,17.179
55262,33952,6.50,2.414
55262,12169,63.50,20.778
55262,22873,63.50,20.778
55262,30556,53.50,17.506
55262,20945,52.50,17.179
55370,45898,63.50,20.778
55370,36997,63.50,20.778
55370,48787,63.50,20.778
55370,40252,56.00,18.324
55370,15599,52.50,17.179
55372,33952,6.50,2.414
55372,12169,63.50,20.778
55372,22873,63.50,20.778
55372,30556,53.50,17.506
55372,20945,52.50,17.179
55470,45898,63.50,20.778
55470,36997,63.50,20.778
55470,48787,63.50,20.778
55470,40252,56.00,18.324
55470,15599,52.50,17.179
55482,33952,6.50,2.414
55482,12169,63.50,20.778
55482,22873,63.50,20.778
55482,30556,53.50,17.506
55482,20945,52.50,17.179
55580,45898,63.50,20.778
55580,36997,63.50,20.778
55580,48787,63.50,20.778
55580,40252,56.00,18.324
55580,15599,52.50,17.179
55582,33952,6.50,2.414
55582,12169,63.50,20.778
55582,22873,63.50,20.778
55582,30556,53.50,17.506
55582,20945,52.50,17.179
55680,45898,63.50,20.778
55680,36997,63.50,20.778
55680,48787,63.50,20.778
55680,40252,56.00,18.324
55680,15599,52.50,17.179
55683,33952,6.50,2.414
55683,12169,63.50,20.778
55683,22873,63.50,20.778
55683,30556,53.50,17.506
55683,20945,52.50,17.179
55790,45898,63.50,20.778
55790,36997,63.50,20.778
55790,48787,63.50,20.778
55790,40252,56.00,18.324
55790,15599,52.50,17.179
55792,33952,6.50,2.414
55792,12169,63.50,20.778
55792,22873,63.50,20.778
55792,30556,53.50,17.506
55792,20945,52.50,17.179
55890,45898,63.50,20.778
55890,36997,63.50,20.778
55890,48787,63.50,20.778
55890,40252,56.00,18.324
55890,15599,52.50,17.179
55904,33952,6.50,2.414
55904,12169,63.50,20.778
55904,22873,63.50,20.778
55904,30556,53.50,17.506
55904,20945,52.50,17.179
55990,45898,63.50,20.778
55990,36997,63.50,20.778
55990,48787,63.50,20.778
55990,40252,56.00,18.324
55990,15599,52.50,17.179
56012,33952,6.50,2.414
56012,12169,63.50,20.778
56012,22873,63.50,20.778
56012,30556,63.50,20.778
56012,20945,52.50,17.179
56100,45898,63.50,20.778
56100,36997,63.50,20.778
56100,48787,63.50,20.778
56100,40252,56.00,18.324
56100,15599,52.50,17.179
56122,33952,6.50,2.414
56122,12169,63.50,20.778
56122,22873,63.50,20.778
56122,30556,63.50,20.778
56122,20945,52.50,17.179
56200,45898,63.50,20.778
56200,36997,63.50,20.778
56200,48787,63.50,20.778
56200,40252,56.00,18.324
56200,15599,52.50,17.179
56222,33952,6.50,2.414
56222,12169,63.50,20.778
56222,22873,63.50,20.778
56222,30556,63.50,20.778
56222,20945,52.50,17.179
56310,45898,63.50,20.778
56310,36997,63.50,20.778
56310,48787,63.50,20.778
56310,40252,56.00,18.324
56310,15599,52.50,17.179
56322,33952,6.50,2.414
56322,12169,63.50,20.778
56322,22873,63.50,20.778
56322,30556,63.50,20.778
56322,20945,52.50,17.179
56420,45898,63.50,20.778
56420,36997,63.50,20.778
56420,48787,63.50,20.778
56420,40252,56.00,18.324
56420,15599,52.50,17.179
56422,33952,6.50,2.414
56422,12169,63.50,20.778
56422,22873,63.50,20.778
56422,30556,63.50,20.778
56422,20945,52.50,17.179
56520,45898,63.50,20.778
56520,36997,63.50,20.778
56520,48787,63.50,20.778
56520,40252,56.00,18.324
56520,15599,52.50,17.179
56532,33952,6.50,2.414
56532,12169,63.50,20.778
56532,22873,63.50,20.778
56532,30556,63.50,20.778
56532,20945,52.50,17.179
56630,45898,63.50,20.778
56630,36997,63.50,20.778
56630,48787,63.50,20.778
56630,40252,56.00,18.324
56630,15599,52.50,17.179
56632,33952,6.50,2.414
56632,12169,63.50,20.778
56632,22873,63.50,20.778
56632,30556,63.50,20.778
56632,20945,52.50,17.179
56730,45898,63.50,20.778
56730,36997,63.50,20.778
56730,48787,63.50,20.778
56730,40252,56.00,18.324
56730,15599,52.50,17.179
56743,33952,6.50,2.414
56743,12169,63.50,20.778
56743,22873,63.50,20.778
56743,30556,63.50,20.778
56743,20945,52.50,17.179
56831,45898,63.50,20.778
56831,36997,63.50,20.778
56831,48787,63.50,20.778
56831,40252,56.00,18.324
56831,15599,52.50,17.179
56844,33952,6.50,2.414
56844,12169,63.50,20.778
56844,22873,63.50,20.778
56844,30556,63.50,20.778
56844,20945,52.50,17.179
56940,45898,63.50,20.778
56940,36997,63.50,20.778
56940,48787,63.50,20.778
56940,40252,56.00,18.324
56940,15599,52.50,17.179
56952,33952,6.50,2.414
56952,12169,63.50,20.778
56952,22873,63.50,20.778
56952,30556,63.50,20.778
56952,20945,52.50,17.179
57050,45898,63.50,20.778
57050,36997,63.50,20.778
57050,48787,63.50,20.778
57050,40252,56.00,18.324
57050,15599,52.50,17.179
57062,33952,6.50,2.414
57062,12169,63.50,20.778
57062,22873,63.50,20.778
57062,30556,63.50,20.778
57062,20945,52.50,17.179
57150,45898,63.50,20.778
57150,36997,63.50,20.778
57150,48787,63.50,20.778
57150,40252,56.00,18.324
57150,15599,52.50,17.179
57163,33952,6.50,2.414
57163,12169,63.50,20.778
57163,22873,63.50,20.778
57163,30556,63.50,20.778
57163,20945,52.50,17.179
57250,45898,63.50,20.778
57250,36997,63.50,20.778
57250,48787,63.50,20.778
57250,40252,56.00,18.324
57250,15599,52.50,17.179
57272,33952,6.50,2.414
57272,12169,63.50,20.778
57272,22873,63.50,20.778
57272,30556,63.50,20.778
57272,20945,52.50,17.179
57360,45898,63.50,20.778
57360,36997,63.50,20.778
57360,48787,63.50,20.778
57360,40252,56.00,18.324
57360,15599,52.50,17.179
57372,33952,6.50,2.414
57372,12169,63.50,20.778
57372,22873,63.50,20.778
57372,30556,63.50,20.778
57372,20945,52.50,17.179
57461,45898,63.50,20.778
57461,36997,63.50,20.778
57461,48787,63.50,20.778
57461,40252,56.00,18.324
57461,15599,52.50,17.179
57482,33952,6.50,2.414
57482,12169,63.50,20.778
57482,22873,63.50,20.778
57482,30556,63.50,20.778
57482,20945,52.50,17.179
57570,45898,63.50,20.778
57570,36997,63.50,20.778
57570,48787,63.50,20.778
57570,40252,56.00,18.324
57570,15599,52.50,17.179
57582,33952,6.50,2.414
57582,12169,63.50,20.778
57582,22873,63.50,20.778
57582,30556,63.50,20.778
57582,20945,52.50,17.179
57670,45898,63.50,20.778
57670,36997,63.50,20.778
57670,48787,63.50,20.778
57670,40252,56.00,18.324
57670,15599,52.50,17.179
57685,33952,6.50,2.414
57685,12169,63.50,20.778
57685,22873,63.50,20.778
57685,30556,63.50,20.778
57685,20945,52.50,17.179
57780,45898,63.50,20.778
57780,36997,63.50,20.778
57780,48787,63.50,20.778
57780,40252,56.00,18.324
57780,15599,52.50,17.179
57792,33952,6.50,2.414
57792,12169,63.50,20.778
57792,22873,63.50,20.778
57792,30556,63.50,20.778
57792,20945,52.50,17.179
57881,45898,63.50,20.778
57881,36997,63.50,20.778
57881,48787,63.50,20.778
57881,40252,56.00,18.324
57881,15599,52.50,17.179
57904,33952,6.50,2.414
57904,12169,63.50,20.778
57904,22873,63.50,20.778
57904,30556,63.50,20.778
57904,20945,52.50,17.179
57990,45898,63.50,20.778
57990,36997,63.50,20.778
57990,48787,63.50,20.778
57990,40252,56.00,18.324
57990,15599,52.50,17.179
58012,33952,6.50,2.414
58012,12169,63.50,20.778
58012,22873,63.50,20.778
58012,30556,63.50,20.778
58012,20945,52.50,17.179
58090,45898,63.50,20.778
58090,36997,63.50,20.778
58090,48787,63.50,20.778
58090,40252,56.00,18.324
58090,15599,52.50,17.179
58112,33952,6.50,2.414
58112,12169,63.50,20.778
58112,22873,63.50,20.778
58112,30556,63.50,20.778
58112,20945,52.50,17.179
58200,45898,63.50,20.778
58200,36997,63.50,20.778
58200,48787,63.50,20.778
58200,40252,56.00,18.324
58200,15599,52.50,17.179
58212,33952,6.50,2.414
58212,12169,63.50,20.778
58212,22873,63.50,20.778
58212,30556,63.50,20.778
58212,20945,52.50,17.179
58300,45898,63.50,20.778
58300,36997,63.50,20.778
58300,48787,63.50,20.778
58300,40252,56.00,18.324
58300,15599,52.50,17.179
58322,33952,6.50,2.414
58322,12169,63.50,20.778
58322,22873,63.50,20.778
58322,30556,63.50,20.778
58322,20945,52.50,17.179
58410,45898,63.50,20.778
58410,36997,63.50,20.778
58410,48787,63.50,20.778
58410,40252,56.00,18.324
58410,15599,52.50,17.179
58433,33952,6.50,2.414
58433,12169,63.50,20.778
58433,22873,63.50,20.778
58433,30556,63.50,20.778
58433,20945,52.50,17.179
58520,45898,63.50,20.778
58520,36997,63.50,20.778
58520,48787,63.50,20.778
58520,40252,56.00,18.324
58520,15599,52.50,17.179
58544,33952,6.50,2.414
58544,12169,63.50,20.778
58544,22873,63.50,20.778
58544,30556,63.50,20.778
58544,20945,52.50,17.179
58620,45898,63.50,20.778
58620,36997,63.50,20.778
58620,48787,63.50,20.778
58620,40252,56.00,18.324
58620,15599,52.50,17.179
58652,33952,6.50,2.414
58652,12169,63.50,20.778
58652,22873,63.50,20.778
58652,30556,63.50,20.778
58652,20945,52.50,17.179
58730,45898,63.50,20.778
58730,36997,63.50,20.778
58730,48787,63.50,20.778
58730,40252,56.00,18.324
58730,15599,52.50,17.179
58752,33952,6.50,2.414
58752,12169,63.50,20.778
58752,22873,63.50,20.778
58752,30556,63.50,20.778
58752,20945,52.50,17.179
58830,45898,63.50,20.778
58830,36997,63.50,20.778
58830,48787,63.50,20.778
58830,40252,56.00,18.324
58830,15599,52.50,17.179
58862,33952,6.50,2.414
58862,12169,63.50,20.778
58862,22873,63.50,20.778
58862,30556,63.50,20.778
58862,20945,52.50,17.179
58931,45898,63.50,20.778
58931,36997,63.50,20.778
58931,48787,63.50,20.778
58931,40252,56.00,18.324
58931,15599,52.50,17.179
58964,33952,6.50,2.414
58964,12169,63.50,20.778
58964,22873,63.50,20.778
58964,30556,63.50,20.778
58964,20945,52.50,17.179
59041,45898,63.50,20.778
59041,36997,63.50,20.778
59041,48787,63.50,20.778
59041,40252,56.00,18.324
59041,15599,52.50,17.179
59075,33952,6.50,2.414
59075,12169,63.50,20.778
59075,22873,63.50,20.778
59075,30556,63.50,20.778
59075,20945,52.50,17.179
59150,45898,63.50,20.778
59150,36997,63.50,20.778
59150,48787,63.50,20.778
59150,40252,56.00,18.324
59150,15599,52.50,17.179
59183,33952,6.50,2.414
59183,12169,63.50,20.778
59183,22873,63.50,20.778
59183,30556,63.50,20.778
59183,20945,52.50,17.179
59251,45898,63.50,20.778
59251,36997,63.50,20.778
59251,48787,63.50,20.778
59251,40252,56.00,18.324
59251,15599,52.50,17.179
59292,33952,6.50,2.414
59292,12169,56.00,18.324
59292,22873,60.00,19.633
59292,30556,56.00,18.324
59292,20945,52.50,17.179
59360,45898,63.50,20.778
59360,36997,63.50,20.778
59360,48787,63.50,20.778
59360,40252,56.00,18.324
59360,15599,52.50,17.179
59392,33952,6.50,2.414
59392,12169,56.00,18.324
59392,22873,60.00,19.633
59392,30556,56.00,18.324
59392,20945,52.50,17.179
59460,45898,63.50,20.778
59460,36997,63.50,20.778
59460,48787,63.50,20.778
59460,40252,56.00,18.324
59460,15599,52.50,17.179
59493,33952,6.50,2.414
59493,12169,56.00,18.324
59493,22873,60.00,19.633
59493,30556,56.00,18.324
59493,20945,52.50,17.179
59560,45898,63.50,20.778
59560,36997,63.50,20.778
59560,48787,63.50,20.778
59560,40252,56.00,18.324
59560,15599,52.50,17.179
59602,33952,6.50,2.414
59602,12169,56.00,18.324
59602,22873,60.00,19.633
59602,30556,56.00,18.324
59602,20945,63.50,20.778
59671,45898,63.50,20.778
59671,36997,63.50,20.778
59671,48787,63.50,20.778
59671,40252,56.00,18.324
59671,15599,52.50,17.179
59702,33952,6.50,2.414
59702,12169,56.00,18.324
59702,22873,60.00,19.633
59702,30556,56.00,18.324
59702,20945,63.50,20.778
59780,45898,63.50,20.778
59780,36997,63.50,20.778
59780,48787,63.50,20.778
59780,40252,56.00,18.324
59780,15599,52.50,17.179
59812,33952,6.50,2.414
59812,12169,56.00,18.324
59812,22873,60.00,19.633
59812,30556,56.00,18.324
59812,20945,63.50,20.778
59880,45898,63.50,20.778
59880,36997,63.50,20.778
59880,48787,63.50,20.778
59880,40252,56.00,18.324
59880,15599,52.50,17.179
59922,33952,6.50,2.414
59922,12169,56.00,18.324
59922,22873,60.00,19.633
59922,30556,56.00,18.324
59922,20945,63.50,20.778
59981,45898,63.50,20.778
59981,36997,63.50,20.778
59981,48787,63.50,20.778
59981,40252,56.00,18.324
59981,15599,52.50,17.179
60032,33952,6.50,2.414
60032,12169,56.00,18.324
60032,22873,60.00,19.633
60032,30556,63.50,20.778
60032,20945,63.50,20.778
60090,45898,63.50,20.778
60090,36997,63.50,20.778
60090,48787,63.50,20.778
60090,40252,56.00,18.324
60090,15599,52.50,17.179
60133,33952,6.50,2.414
60133,12169,56.00,18.324
60133,22873,60.00,19.633
60133,30556,63.50,20.778
60133,20945,63.50,20.778
60200,45898,63.50,20.778
60200,36997,63.50,20.778
60200,48787,63.50,20.778
60200,40252,56.00,18.324
60200,15599,52.50,17.179
60234,33952,6.50,2.414
60234,12169,56.00,18.324
60234,22873,60.00,19.633
60234,30556,63.50,20.778
60234,20945,63.50,20.778
60300,45898,63.50,20.778
60300,36997,63.50,20.778
60300,48787,63.50,20.778
60300,40252,56.00,18.324
60300,15599,52.50,17.179
60343,33952,6.50,2.414
60343,12169,56.00,18.324
60343,22873,60.00,19.633
60343,30556,63.50,20.778
60343,20945,63.50,20.778
60410,45898,63.50,20.778
60410,36997,63.50,20.778
60410,48787,63.50,20.778
60410,40252,56.00,18.324
60410,15599,52.50,17.179
60455,33952,6.50,2.414
60455,12169,56.00,18.324
60455,22873,60.00,19.633
60455,30556,63.50,20.778
60455,20945,63.50,20.778
60511,45898,63.50,20.778
60511,36997,63.50,20.778
60511,48787,63.50,20.778
60511,40252,56.00,18.324
60511,15599,52.50,17.179
60563,33952,6.50,2.414
60563,12169,56.00,18.324
60563,22873,60.00,19.633
60563,30556,63.50,20.778
60563,20945,63.50,20.778
60620,45898,63.50,20.778
60620,36997,63.50,20.778
60620,48787,63.50,20.778
60620,40252,56.00,18.324
60620,15599,52.50,17.179
60672,33952,6.50,2.414
60672,12169,56.00,18.324
60672,22873,60.00,19.633
60672,30556,63.50,20.778
60672,20945,63.50,20.778
60720,45898,63.50,20.778
60720,36997,63.50,20.778
60720,48787,63.50,20.778
60720,40252,56.00,18.324
60720,15599,52.50,17.179
60772,33952,6.50,2.414
60772,12169,56.00,18.324
60772,22873,60.00,19.633
60772,30556,63.50,20.778
60772,20945,63.50,20.778
60821,45898,63.50,20.778
60821,36997,63.50,20.778
60821,48787,63.50,20.778
60821,40252,56.00,18.324
60821,15599,52.50,17.179
60882,33952,6.50,2.414
60882,12169,56.00,18.324
60882,22873,60.00,19.633
60882,30556,63.50,20.778
60882,20945,63.50,20.778
60930,45898,63.50,20.778
60930,36997,63.50,20.778
60930,48787,63.50,20.778
60930,40252,56.00,18.324
60930,15599,52.50,17.179
60984,33952,6.50,2.414
60984,12169,56.00,18.324
60984,22873,60.00,19.633
60984,30556,63.50,20.778
60984,20945,63.50,20.778
61040,45898,63.50,20.778
61040,36997,63.50,20.778
61040,48787,63.50,20.778
61040,40252,56.00,18.324
61040,15599,52.50,17.179
61093,33952,6.50,2.414
61093,12169,56.00,18.324
61093,22873,60.00,19.633
61093,30556,63.50,20.778
61093,20945,63.50,20.778
61150,45898,63.50,20.778
61150,36997,63.50,20.778
61150,48787,63.50,20.778
61150,40252,56.00,18.324
61150,15599,52.50,17.179
61194,33952,6.50,2.414
61194,12169,56.00,18.324
61194,22873,60.00,19.633
61194,30556,63.50,20.778
61194,20945,63.50,20.778
61250,45898,63.50,20.778
61250,36997,63.50,20.778
61250,48787,63.50,20.778
61250,40252,56.00,18.324
61250,15599,52.50,17.179
61303,33952,6.50,2.414
61303,12169,56.00,18.324
61303,22873,60.00,19.633
61303,30556,63.50,20.778
61303,20945,63.50,20.778
61360,45898,63.50,20.778
61360,36997,63.50,20.778
61360,48787,63.50,20.778
61360,40252,56.00,18.324
61360,15599,52.50,17.179
61412,33952,6.50,2.414
61412,12169,56.00,18.324
61412,22873,60.00,19.633
61412,30556,63.50,20.778
61412,20945,63.50,20.778
61461,45898,63.50,20.778
61461,36997,63.50,20.778
61461,48787,63.50,20.778
61461,40252,56.00,18.324
61461,15599,52.50,17.179
61523,33952,6.50,2.414
61523,12169,56.00,18.324
61523,22873,60.00,19.633
61523,30556,63.50,20.778
61523,20945,63.50,20.778
61570,45898,63.50,20.778
61570,36997,63.50,20.778
61570,48787,63.50,20.778
61570,40252,56.00,18.324
61570,15599,52.50,17.179
61633,33952,6.50,2.414
61633,12169,56.00,18.324
61633,22873,60.00,19.633
61633,30556,63.50,20.778
61633,20945,63.50,20.778
61681,45898,63.50,20.778
61681,36997,63.50,20.778
61681,48787,63.50,20.778
61681,40252,56.00,18.324
61681,15599,52.50,17.179
61742,33952,6.50,2.414
61742,12169,56.00,18.324
61742,22873,60.00,19.633
61742,30556,63.50,20.778
61742,20945,63.50,20.778
61791,45898,63.50,20.778
61791,36997,63.50,20.778
61791,48787,63.50,20.778
61791,40252,56.00,18.324
61791,15599,52.50,17.179
61854,33952,6.50,2.414
61854,12169,56.00,18.324
61854,22873,60.00,19.633
61854,30556,63.50,20.778
61854,20945,63.50,20.778
61900,45898,63.50,20.778
61900,36997,63.50,20.778
61900,48787,63.50,20.778
61900,40252,56.00,18.324
61900,15599,52.50,17.179
61962,33952,6.50,2.414
61962,12169,56.00,18.324
61962,22873,60.00,19.633
61962,30556,63.50,20.778
61962,20945,63.50,20.778
62000,45898,63.50,20.778
62000,36997,63.50,20.778
62000,48787,63.50,20.778
62000,40252,56.00,18.324
62000,15599,52.50,17.179
62063,33952,6.50,2.414
62063,12169,56.00,18.324
62063,22873,60.00,19.633
62063,30556,63.50,20.778
62063,20945,63.50,20.778
62111,45898,63.50,20.778
62111,36997,63.50,20.778
62111,48787,63.50,20.778
62111,40252,56.00,18.324
62111,15599,52.50,17.179
62172,33952,6.50,2.414
62172,12169,56.00,18.324
62172,22873,60.00,19.633
62172,30556,63.50,20.778
62172,20945,63.50,20.778
62221,45898,63.50,20.778
62221,36997,63.50,20.778
62221,48787,63.50,20.778
62221,40252,56.00,18.324
62221,15599,52.50,17.179
62272,33952,6.50,2.414
62272,12169,56.00,18.324
62272,22873,60.00,19.633
62272,30556,63.50,20.778
62272,20945,63.50,20.778
62330,45898,63.50,20.778
62330,36997,63.50,20.778
62330,48787,63.50,20.778
62330,40252,56.00,18.324
62330,15599,52.50,17.179
62372,33952,6.50,2.414
62372,12169,56.00,18.324
62372,22873,60.00,19.633
62372,30556,63.50,20.778
62372,20945,63.50,20.778
62430,45898,63.50,20.778
62430,36997,63.50,20.778
62430,48787,63.50,20.778
62430,40252,56.00,18.324
62430,15599,52.50,17.179
62472,33952,6.50,2.414
62472,12169,56.00,18.324
62472,22873,60.00,19.633
62472,30556,63.50,20.778
62472,20945,63.50,20.778
62531,45898,63.50,20.778
62531,36997,63.50,20.778
62531,48787,63.50,20.778
62531,40252,56.00,18.324
62531,15599,52.50,17.179
62582,33952,6.50,2.414
62582,12169,56.00,18.324
62582,22873,60.00,19.633
62582,30556,63.50,20.778
62582,20945,63.50,20.778
62641,45898,63.50,20.778
62641,36997,63.50,20.778
62641,48787,63.50,20.778
62641,40252,56.00,18.324
62641,15599,52.50,17.179
62683,33952,6.50,2.414
62683,12169,56.00,18.324
62683,22873,60.00,19.633
62683,30556,63.50,20.778
62683,20945,63.50,20.778
62750,45898,63.50,20.778
62750,36997,63.50,20.778
62750,48787,63.50,20.778
62750,40252,56.00,18.324
62750,15599,52.50,17.179
62793,33952,6.50,2.414
62793,12169,56.00,18.324
62793,22873,60.00,19.633
62793,30556,63.50,20.778
62793,20945,63.50,20.778
62850,45898,63.50,20.778
62850,36997,63.50,20.778
62850,48787,63.50,20.778
62850,40252,56.00,18.324
62850,15599,52.50,17.179
62903,33952,6.50,2.414
62903,12169,56.00,18.324
62903,22873,60.00,19.633
62903,30556,63.50,20.778
62903,20945,63.50,20.778
62951,45898,63.50,20.778
62951,36997,63.50,20.778
62951,48787,63.50,20.778
62951,40252,56.00,18.324
62951,15599,52.50,17.179
63012,33952,6.50,2.414
63012,12169,56.00,18.324
63012,22873,60.00,19.633
63012,30556,63.50,20.778
63012,20945,63.50,20.778
63061,45898,63.50,20.778
63061,36997,63.50,20.778
63061,48787,63.50,20.778
63061,40252,56.00,18.324
63061,15599,52.50,17.179
63112,33952,6.50,2.414
63112,12169,56.00,18.324
63112,22873,60.00,19.633
63112,30556,63.50,20.778
63112,20945,63.50,20.778
63161,45898,63.50,20.778
63161,36997,63.50,20.778
63161,48787,63.50,20.778
63161,40252,56.00,18.324
63161,15599,52.50,17.179
63213,33952,6.50,2.414
63213,12169,56.00,18.324
63213,22873,60.00,19.633
63213,30556,51.50,16.851
63213,20945,49.00,16.033
63270,45898,63.50,20.778
63270,36997,63.50,20.778
63270,48787,63.50,20.778
63270,40252,56.00,18.324
63270,15599,52.50,17.179
63322,33952,6.50,2.414
63322,12169,56.00,18.324
63322,22873,60.00,19.633
63322,30556,51.50,16.851
63322,20945,49.00,16.033
63380,45898,63.50,20.778
63380,36997,63.50,20.778
63380,48787,63.50,20.778
63380,40252,56.00,18.324
63380,15599,52.50,17.179
63432,33952,6.50,2.414
63432,12169,56.00,18.324
63432,22873,60.00,19.633
63432,30556,51.50,16.851
63432,20945,49.00,16.033
63481,45898,63.50,20.778
63481,36997,63.50,20.778
63481,48787,63.50,20.778
63481,40252,56.00,18.324
63481,15599,52.50,17.179
63542,33952,6.50,2.414
63542,12169,56.00,18.324
63542,22873,60.00,19.633
63542,30556,51.50,16.851
63542,20945,49.00,16.033
63591,45898,63.50,20.778
63591,36997,63.50,20.778
63591,48787,63.50,20.778
63591,40252,56.00,18.324
63591,15599,52.50,17.179
63642,33952,6.50,2.414
63642,12169,63.50,20.778
63642,22873,63.50,20.778
63642,30556,51.50,16.851
63642,20945,49.00,16.033
63701,45898,63.50,20.778
63701,36997,63.50,20.778
63701,48787,63.50,20.778
63701,40252,56.00,18.324
63701,15599,52.50,17.179
63743,33952,6.50,2.414
63743,12169,63.50,20.778
63743,22873,63.50,20.778
63743,30556,51.50,16.851
63743,20945,49.00,16.033
63801,45898,63.50,20.778
63801,36997,63.50,20.778
63801,48787,63.50,20.778
63801,40252,56.00,18.324
63801,15599,52.50,17.179
63844,33952,6.50,2.414
63844,12169,63.50,20.778
63844,22873,63.50,20.778
63844,30556,63.50,20.778
63844,20945,49.00,16.033
63911,45898,63.50,20.778
63911,36997,63.50,20.778
63911,48787,63.50,20.778
63911,40252,56.00,18.324
63911,15599,52.50,17.179
63952,33952,6.50,2.414
63952,12169,63.50,20.778
63952,22873,63.50,20.778
63952,30556,63.50,20.778
63952,20945,49.00,16.033
64020,45898,63.50,20.778
64020,36997,63.50,20.778
64020,48787,63.50,20.778
64020,40252,56.00,18.324
64020,15599,52.50,17.179
64052,33952,6.50,2.414
64052,12169,63.50,20.778
64052,22873,63.50,20.778
64052,30556,63.50,20.778
64052,20945,49.00,16.033
64120,45898,63.50,20.778
64120,36997,63.50,20.778
64120,48787,63.50,20.778
64120,40252,56.00,18.324
64120,15599,52.50,17.179
64153,33952,6.50,2.414
64153,12169,63.50,20.778
64153,22873,63.50,20.778
64153,30556,63.50,20.778
64153,20945,49.00,16.033
64221,45898,63.50,20.778
64221,36997,63.50,20.778
64221,48787,63.50,20.778
64221,40252,56.00,18.324
64221,15599,52.50,17.179
64262,33952,6.50,2.414
64262,12169,63.50,20.778
64262,22873,63.50,20.778
64262,30556,63.50,20.778
64262,20945,49.00,16.033
64331,45898,63.50,20.778
64331,36997,63.50,20.778
64331,48787,63.50,20.778
64331,40252,56.00,18.324
64331,15599,52.50,17.179
64372,33952,6.50,2.414
64372,12169,63.50,20.778
64372,22873,63.50,20.778
64372,30556,63.50,20.778
64372,20945,49.00,16.033
64440,45898,63.50,20.778
64440,36997,63.50,20.778
64440,48787,63.50,20.778
64440,40252,56.00,18.324
64440,15599,52.50,17.179
64482,33952,6.50,2.414
64482,12169,63.50,20.778
64482,22873,63.50,20.778
64482,30556,63.50,20.778
64482,20945,49.00,16.033
64540,45898,63.50,20.778
64540,36997,63.50,20.778
64540,48787,63.50,20.778
64540,40252,56.00,18.324
64540,15599,52.50,17.179
64582,33952,6.50,2.414
64582,12169,63.50,20.778
64582,22873,63.50,20.778
64582,30556,63.50,20.778
64582,20945,49.00,16.033
64641,45898,63.50,20.778
64641,36997,63.50,20.778
64641,48787,63.50,20.778
64641,40252,56.00,18.324
64641,15599,52.50,17.179
64692,33952,6.50,2.414
64692,12169,63.50,20.778
64692,22873,63.50,20.778
64692,30556,63.50,20.778
64692,20945,49.00,16.033
64750,45898,63.50,20.778
64750,36997,63.50,20.778
64750,48787,63.50,20.778
64750,40252,56.00,18.324
64750,15599,52.50,17.179
64793,33952,6.50,2.414
64793,12169,63.50,20.778
64793,22873,63.50,20.778
64793,30556,63.50,20.778
64793,20945,49.00,16.033
64851,45898,63.50,20.778
64851,36997,63.50,20.778
64851,48787,63.50,20.778
64851,40252,56.00,18.324
64851,15599,52.50,17.179
64903,33952,6.50,2.414
64903,12169,63.50,20.778
64903,22873,63.50,20.778
64903,30556,63.50,20.778
64903,20945,49.00,16.033
64960,45898,63.50,20.778
64960,36997,63.50,20.778
64960,48787,63.50,20.778
64960,40252,56.00,18.324
64960,15599,52.50,17.179
65012,33952,6.50,2.414
65012,12169,63.50,20.778
65012,22873,63.50,20.778
65012,30556,63.50,20.778
65012,20945,49.00,16.033
65070,45898,63.50,20.778
65070,36997,63.50,20.778
65070,48787,63.50,20.778
65070,40252,56.00,18.324
65070,15599,52.50,17.179
65123,33952,6.50,2.414
65123,12169,63.50,20.778
65123,22873,63.50,20.778
65123,30556,63.50,20.778
65123,20945,49.00,16.033
65170,45898,63.50,20.778
65170,36997,63.50,20.778
65170,48787,63.50,20.778
65170,40252,56.00,18.324
65170,15599,52.50,17.179
65232,33952,6.50,2.414
65232,12169,63.50,20.778
65232,22873,63.50,20.778
65232,30556,63.50,20.778
65232,20945,49.00,16.033
65271,45898,63.50,20.778
65271,36997,63.50,20.778
65271,48787,63.50,20.778
65271,40252,56.00,18.324
65271,15599,52.50,17.179
65343,33952,6.50,2.414
65343,12169,63.50,20.778
65343,22873,63.50,20.778
65343,30556,63.50,20.778
65343,20945,49.00,16.033
65380,45898,63.50,20.778
65380,36997,63.50,20.778
65380,48787,63.50,20.778
65380,40252,56.00,18.324
65380,15599,52.50,17.179
65453,33952,6.50,2.414
65453,12169,63.50,20.778
65453,22873,63.50,20.778
65453,30556,63.50,20.778
65453,20945,49.00,16.033
65490,45898,63.50,20.778
65490,36997,63.50,20.778
65490,48787,63.50,20.778
65490,40252,56.00,18.324
65490,15599,52.50,17.179
65565,33952,6.50,2.414
65565,12169,63.50,20.778
65565,22873,63.50,20.778
65565,30556,63.50,20.778
65565,20945,49.00,16.033
65600,45898,63.50,20.778
65600,36997,63.50,20.778
65600,48787,63.50,20.778
65600,40252,56.00,18.324
65600,15599,52.50,17.179
65672,33952,6.50,2.414
65672,12169,63.50,20.778
65672,22873,63.50,20.778
65672,30556,63.50,20.778
65672,20945,49.00,16.033
65710,45898,63.50,20.778
65710,36997,63.50,20.778
65710,48787,63.50,20.778
65710,40252,56.00,18.324
65710,15599,52.50,17.179
65773,33952,6.50,2.414
65773,12169,63.50,20.778
65773,22873,63.50,20.778
65773,30556,63.50,20.778
65773,20945,49.00,16.033
65821,45898,63.50,20.778
65821,36997,63.50,20.778
65821,48787,63.50,20.778
65821,40252,56.00,18.324
65821,15599,52.50,17.179
65882,33952,6.50,2.414
65882,12169,63.50,20.778
65882,22873,63.50,20.778
65882,30556,63.50,20.778
65882,20945,49.00,16.033
65930,45898,63.50,20.778
65930,36997,63.50,20.778
65930,48787,63.50,20.778
65930,40252,56.00,18.324
65930,15599,52.50,17.179
65993,33952,6.50,2.414
65993,12169,63.50,20.778
65993,22873,63.50,20.778
65993,30556,63.50,20.778
65993,20945,49.00,16.033
66030,45898,63.50,20.778
66030,36997,63.50,20.778
66030,48787,63.50,20.778
66030,40252,56.00,18.324
66030,15599,52.50,17.179
66102,33952,6.50,2.414
66102,12169,63.50,20.778
66102,22873,63.50,20.778
66102,30556,63.50,20.778
66102,20945,49.00,16.033
66140,45898,63.50,20.778
66140,36997,63.50,20.778
66140,48787,63.50,20.778
66140,40252,56.00,18.324
66140,15599,52.50,17.179
66212,33952,6.50,2.414
66212,12169,63.50,20.778
66212,22873,63.50,20.778
66212,30556,63.50,20.778
66212,20945,49.00,16.033
66241,45898,63.50,20.778
66241,36997,63.50,20.778
66241,48787,63.50,20.778
66241,40252,56.00,18.324
66241,15599,52.50,17.179
66322,33952,6.50,2.414
66322,12169,63.50,20.778
66322,22873,63.50,20.778
66322,30556,63.50,20.778
66322,20945,49.00,16.033
66351,45898,63.50,20.778
66351,36997,63.50,20.778
66351,48787,63.50,20.778
66351,40252,56.00,18.324
66351,15599,52.50,17.179
66422,33952,6.50,2.414
66422,12169,63.50,20.778
66422,22873,63.50,20.778
66422,30556,63.50,20.778
66422,20945,49.00,16.033
66451,45898,63.50,20.778
66451,36997,63.50,20.778
66451,48787,63.50,20.778
66451,40252,56.00,18.324
66451,15599,52.50,17.179
66522,33952,6.50,2.414
66522,12169,63.50,20.778
66522,22873,63.50,20.778
66522,30556,63.50,20.778
66522,20945,49.00,16.033
66560,45898,63.50,20.778
66560,36997,63.50,20.778
66560,48787,63.50,20.778
66560,40252,56.00,18.324
66560,15599,52.50,17.179
66632,33952,6.50,2.414
66632,12169,63.50,20.778
66632,22873,63.50,20.778
66632,30556,63.50,20.778
66632,20945,49.00,16.033
66670,45898,63.50,20.778
66670,36997,63.50,20.778
66670,48787,63.50,20.778
66670,40252,56.00,18.324
66670,15599,52.50,17.179
66742,33952,6.50,2.414
66742,12169,63.50,20.778
66742,22873,63.50,20.778
66742,30556,63.50,20.778
66742,20945,49.00,16.033
66770,45898,63.50,20.778
66770,36997,63.50,20.778
66770,48787,63.50,20.778
66770,40252,56.00,18.324
66770,15599,52.50,17.179
66843,33952,6.50,2.414
66843,12169,63.50,20.778
66843,22873,63.50,20.778
66843,30556,63.50,20.778
66843,20945,49.00,16.033
66871,45898,63.50,20.778
66871,36997,63.50,20.778
66871,48787,63.50,20.778
66871,40252,56.00,18.324
66871,15599,52.50,17.179
66953,33952,6.50,2.414
66953,12169,63.50,20.778
66953,22873,63.50,20.778
66953,30556,63.50,20.778
66953,20945,49.00,16.033
66980,45898,63.50,20.778
66980,36997,63.50,20.778
66980,48787,63.50,20.778
66980,40252,56.00,18.324
66980,15599,52.50,17.179
67063,33952,6.50,2.414
67063,12169,63.50,20.778
67063,22873,63.50,20.778
67063,30556,53.50,17.506
67063,20945,52.50,17.179
67090,45898,63.50,20.778
67090,36997,63.50,20.778
67090,48787,63.50,20.778
67090,40252,56.00,18.324
67090,15599,52.50,17.179
67172,33952,6.50,2.414
67172,12169,63.50,20.778
67172,22873,63.50,20.778
67172,30556,53.50,17.506
67172,20945,52.50,17.179
67190,45898,63.50,20.778
67190,36997,63.50,20.778
67190,48787,63.50,20.778
67190,40252,56.00,18.324
67190,15599,52.50,17.179
67272,33952,6.50,2.414
67272,12169,63.50,20.778
67272,22873,63.50,20.778
67272,30556,53.50,17.506
67272,20945,52.50,17.179
67291,45898,63.50,20.778
67291,36997,63.50,20.778
67291,48787,63.50,20.778
67291,40252,56.00,18.324
67291,15599,52.50,17.179
67372,33952,6.50,2.414
67372,12169,63.50,20.778
67372,22873,63.50,20.778
67372,30556,53.50,17.506
67372,20945,52.50,17.179
67401,45898,63.50,20.778
67401,36997,63.50,20.778
67401,48787,63.50,20.778
67401,40252,56.00,18.324
67401,15599,52.50,17.179
67473,33952,6.50,2.414
67473,12169,63.50,20.778
67473,22873,63.50,20.778
67473,30556,53.50,17.506
67473,20945,52.50,17.179
67510,45898,63.50,20.778
67510,36997,63.50,20.778
67510,48787,63.50,20.778
67510,40252,56.00,18.324
67510,15599,52.50,17.179
67573,33952,6.50,2.414
67573,12169,63.50,20.778
67573,22873,63.50,20.778
67573,30556,53.50,17.506
67573,20945,52.50,17.179
67610,45898,63.50,20.778
67610,36997,63.50,20.778
67610,48787,63.50,20.778
67610,40252,56.00,18.324
67610,15599,52.50,17.179
67683,33952,6.50,2.414
67683,12169,63.50,20.778
67683,22873,63.50,20.778
67683,30556,53.50,17.506
67683,20945,52.50,17.179
67710,45898,63.50,20.778
67710,36997,63.50,20.778
67710,48787,63.50,20.778
67710,40252,56.00,18.324
67710,15599,52.50,17.179
67793,33952,6.50,2.414
67793,12169,63.50,20.778
67793,22873,63.50,20.778
67793,30556,53.50,17.506
67793,20945,52.50,17.179
67820,45898,63.50,20.778
67820,36997,63.50,20.778
67820,48787,63.50,20.778
67820,40252,56.00,18.324
67820,15599,52.50,17.179
67902,33952,6.50,2.414
67902,12169,63.50,20.778
67902,22873,63.50,20.778
67902,30556,53.50,17.506
67902,20945,52.50,17.179
67920,45898,63.50,20.778
67920,36997,63.50,20.778
67920,48787,63.50,20.778
67920,40252,56.00,18.324
67920,15599,52.50,17.179
68002,33952,6.50,2.414
68002,12169,63.50,20.778
68002,22873,63.50,20.778
68002,30556,63.50,20.778
68002,20945,52.50,17.179
68030,45898,63.50,20.778
68030,36997,63.50,20.778
68030,48787,63.50,20.778
68030,40252,56.00,18.324
68030,15599,52.50,17.179
68104,33952,6.50,2.414
68104,12169,63.50,20.778
68104,22873,63.50,20.778
68104,30556,63.50,20.778
68104,20945,52.50,17.179
68140,45898,63.50,20.778
68140,36997,63.50,20.778
68140,48787,63.50,20.778
68140,40252,56.00,18.324
68140,15599,52.50,17.179
68212,33952,6.50,2.414
68212,12169,63.50,20.778
68212,22873,63.50,20.778
68212,30556,63.50,20.778
68212,20945,52.50,17.179
68250,45898,63.50,20.778
68250,36997,63.50,20.778
68250,48787,63.50,20.778
68250,40252,56.00,18.324
68250,15599,52.50,17.179
68313,33952,6.50,2.414
68313,12169,63.50,20.778
68313,22873,63.50,20.778
68313,30556,63.50,20.778
68313,20945,52.50,17.179
68361,45898,63.50,20.778
68361,36997,63.50,20.778
68361,48787,63.50,20.778
68361,40252,56.00,18.324
68361,15599,52.50,17.179
68423,33952,6.50,2.414
68423,12169,63.50,20.778
68423,22873,63.50,20.778
68423,30556,63.50,20.778
68423,20945,52.50,17.179
68461,45898,63.50,20.778
68461,36997,63.50,20.778
68461,48787,63.50,20.778
68461,40252,56.00,18.324
68461,15599,52.50,17.179
68532,33952,6.50,2.414
68532,12169,63.50,20.778
68532,22873,63.50,20.778
68532,30556,63.50,20.778
68532,20945,52.50,17.179
68561,45898,63.50,20.778
68561,36997,63.50,20.778
68561,48787,63.50,20.778
68561,40252,56.00,18.324
68561,15599,52.50,17.179
68633,33952,6.50,2.414
68633,12169,63.50,20.778
68633,22873,63.50,20.778
68633,30556,63.50,20.778
68633,20945,52.50,17.179
68670,45898,63.50,20.778
68670,36997,63.50,20.778
68670,48787,63.50,20.778
68670,40252,56.00,18.324
68670,15599,52.50,17.179
68743,33952,6.50,2.414
68743,12169,63.50,20.778
68743,22873,63.50,20.778
68743,30556,63.50,20.778
68743,20945,52.50,17.179
68770,45898,63.50,20.778
68770,36997,63.50,20.778
68770,48787,63.50,20.778
68770,40252,56.00,18.324
68770,15599,52.50,17.179
68843,33952,6.50,2.414
68843,12169,63.50,20.778
68843,22873,63.50,20.778
68843,30556,63.50,20.778
68843,20945,52.50,17.179
68871,45898,63.50,20.778
68871,36997,63.50,20.778
68871,48787,63.50,20.778
68871,40252,56.00,18.324
68871,15599,52.50,17.179
68953,33952,6.50,2.414
68953,12169,63.50,20.778
68953,22873,63.50,20.778
68953,30556,63.50,20.778
68953,20945,52.50,17.179
68980,45898,63.50,20.778
68980,36997,63.50,20.778
68980,48787,63.50,20.778
68980,40252,56.00,18.324
68980,15599,52.50,17.179
69062,33952,6.50,2.414
69062,12169,63.50,20.778
69062,22873,63.50,20.778
69062,30556,63.50,20.778
69062,20945,52.50,17.179
69090,45898,63.50,20.778
69090,36997,63.50,20.778
69090,48787,63.50,20.778
69090,40252,56.00,18.324
69090,15599,52.50,17.179
69163,33952,6.50,2.414
69163,12169,63.50,20.778
69163,22873,63.50,20.778
69163,30556,63.50,20.778
69163,20945,52.50,17.179
69200,45898,63.50,20.778
69200,36997,63.50,20.778
69200,48787,63.50,20.778
69200,40252,56.00,18.324
69200,15599,52.50,17.179
69273,33952,6.50,2.414
69273,12169,63.50,20.778
69273,22873,63.50,20.778
69273,30556,63.50,20.778
69273,20945,52.50,17.179
69301,45898,63.50,20.778
69301,36997,63.50,20.778
69301,48787,63.50,20.778
69301,40252,56.00,18.324
69301,15599,52.50,17.179
69383,33952,6.50,2.414
69383,12169,63.50,20.778
69383,22873,63.50,20.778
69383,30556,63.50,20.778
69383,20945,52.50,17.179
69410,45898,63.50,20.778
69410,36997,63.50,20.778
69410,48787,63.50,20.778
69410,40252,56.00,18.324
69410,15599,52.50,17.179
69493,33952,6.50,2.414
69493,12169,63.50,20.778
69493,22873,63.50,20.778
69493,30556,63.50,20.778
69493,20945,52.50,17.179
69521,45898,63.50,20.778
69521,36997,63.50,20.778
69521,48787,63.50,20.778
69521,40252,56.00,18.324
69521,15599,52.50,17.179
69603,33952,6.50,2.414
69603,12169,63.50,20.778
69603,22873,63.50,20.778
69603,30556,63.50,20.778
69603,20945,52.50,17.179
69630,45898,63.50,20.778
69630,36997,63.50,20.778
69630,48787,63.50,20.778
69630,40252,56.00,18.324
69630,15599,52.50,17.179
69703,33952,6.50,2.414
69703,12169,63.50,20.778
69703,22873,63.50,20.778
69703,30556,63.50,20.778
69703,20945,52.50,17.179
69730,45898,63.50,20.778
69730,36997,63.50,20.778
69730,48787,63.50,20.778
69730,40252,56.00,18.324
69730,15599,52.50,17.179
69814,33952,6.50,2.414
69814,12169,63.50,20.778
69814,22873,63.50,20.778
69814,30556,63.50,20.778
69814,20945,52.50,17.179
69831,45898,63.50,20.778
69831,36997,63.50,20.778
69831,48787,63.50,20.778
69831,40252,56.00,18.324
69831,15599,52.50,17.179
69922,33952,6.50,2.414
69922,12169,63.50,20.778
69922,22873,63.50,20.778
69922,30556,63.50,20.778
69922,20945,52.50,17.179
69940,45898,63.50,20.778
69940,36997,63.50,20.778
69940,48787,63.50,20.778
69940,40252,56.00,18.324
69940,15599,52.50,17.179
70032,33952,6.50,2.414
70032,12169,63.50,20.778
70032,22873,63.50,20.778
70032,30556,63.50,20.778
70032,20945,52.50,17.179
70040,45898,63.50,20.778
70040,36997,63.50,20.778
70040,48787,63.50,20.778
70040,40252,56.00,18.324
70040,15599,52.50,17.179
70133,33952,6.50,2.414
70133,12169,63.50,20.778
70133,22873,63.50,20.778
70133,30556,63.50,20.778
70133,20945,52.50,17.179
70150,45898,63.50,20.778
70150,36997,63.50,20.778
70150,48787,63.50,20.778
70150,40252,56.00,18.324
70150,15599,52.50,17.179
70234,33952,6.50,2.414
70234,12169,63.50,20.778
70234,22873,63.50,20.778
70234,30556,63.50,20.778
70234,20945,52.50,17.179
70250,45898,63.50,20.778
70250,36997,63.50,20.778
70250,48787,63.50,20.778
70250,40252,56.00,18.324
70250,15599,52.50,17.179
70342,33952,6.50,2.414
70342,12169,63.50,20.778
70342,22873,63.50,20.778
70342,30556,63.50,20.778
70342,20945,52.50,17.179
70351,45898,63.50,20.778
70351,36997,63.50,20.778
70351,48787,63.50,20.778
70351,40252,56.00,18.324
70351,15599,52.50,17.179
70443,33952,6.50,2.414
70443,12169,63.50,20.778
70443,22873,63.50,20.778
70443,30556,63.50,20.778
70443,20945,52.50,17.179
70451,45898,63.50,20.778
70451,36997,63.50,20.778
70451,48787,63.50,20.778
70451,40252,56.00,18.324
70451,15599,52.50,17.179
70552,33952,6.50,2.414
70552,12169,63.50,20.778
70552,22873,63.50,20.778
70552,30556,63.50,20.778
70552,20945,52.50,17.179
70561,45898,63.50,20.778
70561,36997,63.50,20.778
70561,48787,63.50,20.778
70561,40252,56.00,18.324
70561,15599,52.50,17.179
70653,33952,6.50,2.414
70653,12169,63.50,20.778
70653,22873,63.50,20.778
70653,30556,63.50,20.778
70653,20945,52.50,17.179
70670,45898,63.50,20.778
70670,36997,63.50,20.778
70670,48787,63.50,20.778
70670,40252,56.00,18.324
70670,15599,52.50,17.179
70763,33952,6.50,2.414
70763,12169,63.50,20.778
70763,22873,63.50,20.778
70763,30556,63.50,20.778
70763,20945,52.50,17.179
70771,45898,63.50,20.778
70771,36997,63.50,20.778
70771,48787,63.50,20.778
70771,40252,56.00,18.324
70771,15599,52.50,17.179
70863,33952,6.50,2.414
70863,12169,63.50,20.778
70863,22873,63.50,20.778
70863,30556,63.50,20.778
70863,20945,52.50,17.179
70880,45898,63.50,20.778
70880,36997,63.50,20.778
70880,48787,63.50,20.778
70880,40252,56.00,18.324
70880,15599,52.50,17.179
70973,33952,6.50,2.414
70973,12169,63.50,20.778
70973,22873,63.50,20.778
70973,30556,63.50,20.778
70973,20945,52.50,17.179
70990,45898,63.50,20.778
70990,36997,63.50,20.778
70990,48787,63.50,20.778
70990,40252,56.00,18.324
70990,15599,52.50,17.179
71084,33952,6.50,2.414
71084,12169,63.50,20.778
71084,22873,63.50,20.778
71084,30556,63.50,20.778
71084,20945,53.50,17.506
71100,45898,63.50,20.778
71100,36997,63.50,20.778
71100,48787,63.50,20.778
71100,40252,56.00,18.324
71100,15599,52.50,17.179
71195,33952,6.50,2.414
71195,12169,63.50,20.778
71195,22873,63.50,20.778
71195,30556,63.50,20.778
71195,20945,53.50,17.506
71210,45898,63.50,20.778
71210,36997,63.50,20.778
71210,48787,63.50,20.778
71210,40252,56.00,18.324
71210,15599,52.50,17.179
71302,33952,6.50,2.414
71302,12169,63.50,20.778
71302,22873,63.50,20.778
71302,30556,63.50,20.778
71302,20945,63.50,20.778
71320,45898,63.50,20.778
71320,36997,63.50,20.778
71320,48787,63.50,20.778
71320,40252,56.00,18.324
71320,15599,52.50,17.179
71402,33952,6.50,2.414
71402,12169,63.50,20.778
71402,22873,63.50,20.778
71402,30556,63.50,20.778
71402,20945,63.50,20.778
71431,45898,63.50,20.778
71431,36997,63.50,20.778
71431,48787,63.50,20.778
71431,40252,56.00,18.324
71431,15599,52.50,17.179
71513,33952,6.50,2.414
71513,12169,63.50,20.778
71513,22873,63.50,20.778
71513,30556,63.50,20.778
71513,20945,63.50,20.778
71541,45898,63.50,20.778
71541,36997,63.50,20.778
71541,48787,63.50,20.778
71541,40252,56.00,18.324
71541,15599,52.50,17.179
71622,33952,6.50,2.414
71622,12169,63.50,20.778
71622,22873,63.50,20.778
71622,30556,63.50,20.778
71622,20945,63.50,20.778
71650,45898,63.50,20.778
71650,36997,63.50,20.778
71650,48787,63.50,20.778
71650,40252,56.00,18.324
71650,15599,52.50,17.179
71722,33952,6.50,2.414
71722,12169,63.50,20.778
71722,22873,63.50,20.778
71722,30556,63.50,20.778
71722,20945,63.50,20.778
71750,45898,63.50,20.778
71750,36997,63.50,20.778
71750,48787,63.50,20.778
71750,40252,56.00,18.324
71750,15599,52.50,17.179
71833,33952,6.50,2.414
71833,12169,63.50,20.778
71833,22873,63.50,20.778
71833,30556,63.50,20.778
71833,20945,63.50,20.778
71860,45898,63.50,20.778
71860,36997,63.50,20.778
71860,48787,63.50,20.778
71860,40252,56.00,18.324
71860,15599,52.50,17.179
71942,33952,6.50,2.414
71942,12169,63.50,20.778
71942,22873,63.50,20.778
71942,30556,63.50,20.778
71942,20945,63.50,20.778
71970,45898,63.50,20.778
71970,36997,63.50,20.778
71970,48787,63.50,20.778
71970,40252,56.00,18.324
71970,15599,52.50,17.179
72042,33952,6.50,2.414
72042,12169,63.50,20.778
72042,22873,63.50,20.778
72042,30556,63.50,20.778
72042,20945,63.50,20.778
72070,45898,63.50,20.778
72070,36997,63.50,20.778
72070,48787,63.50,20.778
72070,40252,56.00,18.324
72070,15599,52.50,17.179
72153,33952,6.50,2.414
72153,12169,63.50,20.778
72153,22873,63.50,20.778
72153,30556,63.50,20.778
72153,20945,63.50,20.778
72180,45898,63.50,20.778
72180,36997,63.50,20.778
72180,48787,63.50,20.778
72180,40252,56.00,18.324
72180,15599,52.50,17.179
72253,33952,6.50,2.414
72253,12169,63.50,20.778
72253,22873,63.50,20.778
72253,30556,63.50,20.778
72253,20945,63.50,20.778
72281,45898,63.50,20.778
72281,36997,63.50,20.778
72281,48787,63.50,20.778
72281,40252,56.00,18.324
72281,15599,52.50,17.179
72363,33952,6.50,2.414
72363,12169,63.50,20.778
72363,22873,63.50,20.778
72363,30556,63.50,20.778
72363,20945,63.50,20.778
72390,45898,63.50,20.778
72390,36997,63.50,20.778
72390,48787,63.50,20.778
72390,40252,56.00,18.324
72390,15599,52.50,17.179
72463,33952,6.50,2.414
72463,12169,63.50,20.778
72463,22873,63.50,20.778
72463,30556,63.50,20.778
72463,20945,63.50,20.778
72490,45898,63.50,20.778
72490,36997,63.50,20.778
72490,48787,63.50,20.778
72490,40252,56.00,18.324
72490,15599,52.50,17.179
72572,33952,6.50,2.414
72572,12169,63.50,20.778
72572,22873,63.50,20.778
72572,30556,63.50,20.778
72572,20945,63.50,20.778
72590,45898,63.50,20.778
72590,36997,63.50,20.778
72590,48787,63.50,20.778
72590,40252,56.00,18.324
72590,15599,52.50,17.179
72673,33952,6.50,2.414
72673,12169,63.50,20.778
72673,22873,63.50,20.778
72673,30556,63.50,20.778
72673,20945,63.50,20.778
72700,45898,63.50,20.778
72700,36997,63.50,20.778
72700,48787,63.50,20.778
72700,40252,56.00,18.324
72700,15599,52.50,17.179
72773,33952,6.50,2.414
72773,12169,63.50,20.778
72773,22873,63.50,20.778
72773,30556,63.50,20.778
72773,20945,63.50,20.778
72810,45898,63.50,20.778
72810,36997,63.50,20.778
72810,48787,63.50,20.778
72810,40252,56.00,18.324
72810,15599,52.50,17.179
72884,33952,6.50,2.414
72884,12169,63.50,20.778
72884,22873,63.50,20.778
72884,30556,63.50,20.778
72884,20945,63.50,20.778
72910,45898,63.50,20.778
72910,36997,63.50,20.778
72910,48787,63.50,20.778
72910,40252,56.00,18.324
72910,15599,52.50,17.179
72992,33952,6.50,2.414
72992,12169,63.50,20.778
72992,22873,63.50,20.778
72992,30556,63.50,20.778
72992,20945,63.50,20.778
73011,45898,63.50,20.778
73011,36997,63.50,20.778
73011,48787,63.50,20.778
73011,40252,56.00,18.324
73011,15599,52.50,17.179
73105,33952,6.50,2.414
73105,12169,63.50,20.778
73105,22873,63.50,20.778
73105,30556,63.50,20.778
73105,20945,63.50,20.778
73121,45898,63.50,20.778
73121,36997,63.50,20.778
73121,48787,63.50,20.778
73121,40252,56.00,18.324
73121,15599,52.50,17.179
73212,33952,6.50,2.414
73212,12169,63.50,20.778
73212,22873,63.50,20.778
73212,30556,63.50,20.778
73212,20945,63.50,20.778
73230,45898,63.50,20.778
73230,36997,63.50,20.778
73230,48787,63.50,20.778
73230,40252,56.00,18.324
73230,15599,52.50,17.179
73312,33952,6.50,2.414
73312,12169,63.50,20.778
73312,22873,63.50,20.778
73312,30556,63.50,20.778
73312,20945,63.50,20.778
73330,45898,63.50,20.778
73330,36997,63.50,20.778
73330,48787,63.50,20.778
73330,40252,56.00,18.324
73330,15599,52.50,17.179
73413,33952,6.50,2.414
73413,12169,63.50,20.778
73413,22873,63.50,20.778
73413,30556,63.50,20.778
73413,20945,63.50,20.778
73441,45898,63.50,20.778
73441,36997,63.50,20.778
73441,48787,63.50,20.778
73441,40252,56.00,18.324
73441,15599,52.50,17.179
73523,33952,6.50,2.414
73523,12169,63.50,20.778
73523,22873,63.50,20.778
73523,30556,63.50,20.778
73523,20945,63.50,20.778
73550,45898,63.50,20.778
73550,36997,63.50,20.778
73550,48787,63.50,20.778
73550,40252,56.00,18.324
73550,15599,52.50,17.179
73632,33952,6.50,2.414
73632,12169,63.50,20.778
73632,22873,63.50,20.778
73632,30556,63.50,20.778
73632,20945,63.50,20.778
73650,45898,63.50,20.778
73650,36997,63.50,20.778
73650,48787,63.50,20.778
73650,40252,56.00,18.324
73650,15599,52.50,17.179
73733,33952,6.50,2.414
73733,12169,63.50,20.778
73733,22873,63.50,20.778
73733,30556,63.50,20.778
73733,20945,63.50,20.778
73750,45898,63.50,20.778
73750,36997,63.50,20.778
73750,48787,63.50,20.778
73750,40252,56.00,18.324
73750,15599,52.50,17.179
73843,33952,6.50,2.414
73843,12169,63.50,20.778
73843,22873,63.50,20.778
73843,30556,63.50,20.778
73843,20945,63.50,20.778
73851,45898,63.50,20.778
73851,36997,63.50,20.778
73851,48787,63.50,20.778
73851,40252,56.00,18.324
73851,15599,52.50,17.179
73953,33952,6.50,2.414
73953,12169,63.50,20.778
73953,22873,63.50,20.778
73953,30556,63.50,20.778
73953,20945,63.50,20.778
73960,45898,63.50,20.778
73960,36997,63.50,20.778
73960,48787,63.50,20.778
73960,40252,56.00,18.324
73960,15599,52.50,17.179
74061,45898,63.50,20.778
74061,36997,63.50,20.778
74061,48787,63.50,20.778
74061,40252,56.00,18.324
74061,15599,52.50,17.179
74063,33952,6.50,2.414
74063,12169,63.50,20.778
74063,22873,63.50,20.778
74063,30556,63.50,20.778
74063,20945,63.50,20.778
74171,45898,63.50,20.778
74171,36997,63.50,20.778
74171,48787,63.50,20.778
74171,40252,56.00,18.324
74171,15599,52.50,17.179
74172,33952,6.50,2.414
74172,12169,63.50,20.778
74172,22873,63.50,20.778
74172,30556,63.50,20.778
74172,20945,63.50,20.778
74272,33952,6.50,2.414
74272,12169,63.50,20.778
74272,22873,63.50,20.778
74272,30556,63.50,20.778
74272,20945,63.50,20.778
74280,45898,63.50,20.778
74280,36997,63.50,20.778
74280,48787,63.50,20.778
74280,40252,56.00,18.324
74280,15599,52.50,17.179
74372,33952,6.50,2.414
74372,12169,63.50,20.778
74372,22873,63.50,20.778
74372,30556,63.50,20.778
74372,20945,63.50,20.778
74380,45898,63.50,20.778
74380,36997,63.50,20.778
74380,48787,63.50,20.778
74380,40252,56.00,18.324
74380,15599,52.50,17.179
74473,33952,6.50,2.414
74473,12169,63.50,20.778
74473,22873,63.50,20.778
74473,30556,63.50,20.778
74473,20945,63.50,20.778
74481,45898,63.50,20.778
74481,36997,63.50,20.778
74481,48787,63.50,20.778
74481,40252,56.00,18.324
74481,15599,52.50,17.179
74582,33952,6.50,2.414
74582,12169,63.50,20.778
74582,22873,63.50,20.778
74582,30556,63.50,20.778
74582,20945,63.50,20.778
74591,45898,63.50,20.778
74591,36997,63.50,20.778
74591,48787,63.50,20.778
74591,40252,56.00,18.324
74591,15599,52.50,17.179
74683,33952,6.50,2.414
74683,12169,63.50,20.778
74683,22873,63.50,20.778
74683,30556,63.50,20.778
74683,20945,63.50,20.778
74700,45898,63.50,20.778
74700,36997,63.50,20.778
74700,48787,63.50,20.778
74700,40252,56.00,18.324
74700,15599,52.50,17.179
74792,33952,6.50,2.414
74792,12169,63.50,20.778
74792,22873,63.50,20.778
74792,30556,63.50,20.778
74792,20945,63.50,20.778
74810,45898,63.50,20.778
74810,36997,63.50,20.778
74810,48787,63.50,20.778
74810,40252,56.00,18.324
74810,15599,52.50,17.179
74893,33952,6.50,2.414
74893,12169,63.50,20.778
74893,22873,63.50,20.778
74893,30556,63.50,20.778
74893,20945,63.50,20.778
74910,45898,63.50,20.778
74910,36997,63.50,20.778
74910,48787,63.50,20.778
74910,40252,56.00,18.324
74910,15599,52.50,17.179
75003,33952,6.50,2.414
75003,12169,63.50,20.778
75003,22873,63.50,20.778
75003,30556,53.50,17.506
75003,20945,52.50,17.179
75010,45898,63.50,20.778
75010,36997,63.50,20.778
75010,48787,63.50,20.778
75010,40252,56.00,18.324
75010,15599,52.50,17.179
75113,33952,6.50,2.414
75113,12169,63.50,20.778
75113,22873,63.50,20.778
75113,30556,53.50,17.506
75113,20945,52.50,17.179
75120,45898,63.50,20.778
75120,36997,63.50,20.778
75120,48787,63.50,20.778
75120,40252,56.00,18.324
75120,15599,52.50,17.179
75222,33952,6.50,2.414
75222,12169,63.50,20.778
75222,22873,63.50,20.778
75222,30556,53.50,17.506
75222,20945,52.50,17.179
75230,45898,63.50,20.778
75230,36997,63.50,20.778
75230,48787,63.50,20.778
75230,40252,56.00,18.324
75230,15599,52.50,17.179
75330,45898,63.50,20.778
75330,36997,63.50,20.778
75330,48787,63.50,20.778
75330,40252,56.00,18.324
75330,15599,52.50,17.179
75333,33952,6.50,2.414
75333,12169,63.50,20.778
75333,22873,63.50,20.778
75333,30556,53.50,17.506
75333,20945,52.50,17.179
75430,45898,63.50,20.778
75430,36997,63.50,20.778
75430,48787,63.50,20.778
75430,40252,56.00,18.324
75430,15599,52.50,17.179
75445,33952,6.50,2.414
75445,12169,63.50,20.778
75445,22873,63.50,20.778
75445,30556,53.50,17.506
75445,20945,52.50,17.179
75530,45898,63.50,20.778
75530,36997,63.50,20.778
75530,48787,63.50,20.778
75530,40252,56.00,18.324
75530,15599,52.50,17.179
75552,33952,6.50,2.414
75552,12169,63.50,20.778
75552,22873,63.50,20.778
75552,30556,53.50,17.506
75552,20945,52.50,17.179
75630,45898,63.50,20.778
75630,36997,63.50,20.778
75630,48787,63.50,20.778
75630,40252,56.00,18.324
75630,15599,52.50,17.179
75654,33952,6.50,2.414
75654,12169,63.50,20.778
75654,22873,63.50,20.778
75654,30556,63.50,20.778
75654,20945,52.50,17.179
75731,45898,63.50,20.778
75731,36997,63.50,20.778
75731,48787,63.50,20.778
75731,40252,56.00,18.324
75731,15599,52.50,17.179
75763,33952,6.50,2.414
75763,12169,63.50,20.778
75763,22873,63.50,20.778
75763,30556,63.50,20.778
75763,20945,52.50,17.179
75841,45898,63.50,20.778
75841,36997,63.50,20.778
75841,48787,63.50,20.778
75841,40252,56.00,18.324
75841,15599,52.50,17.179
75864,33952,6.50,2.414
75864,12169,63.50,20.778
75864,22873,63.50,20.778
75864,30556,63.50,20.778
75864,20945,52.50,17.179
75951,45898,63.50,20.778
75951,36997,63.50,20.778
75951,48787,63.50,20.778
75951,40252,56.00,18.324
75951,15599,52.50,17.179
75973,33952,6.50,2.414
75973,12169,63.50,20.778
75973,22873,63.50,20.778
75973,30556,63.50,20.778
75973,20945,52.50,17.179
76060,45898,63.50,20.778
76060,36997,63.50,20.778
76060,48787,63.50,20.778
76060,40252,56.00,18.324
76060,15599,52.50,17.179
76083,33952,6.50,2.414
76083,12169,63.50,20.778
76083,22873,63.50,20.778
76083,30556,63.50,20.778
76083,20945,52.50,17.179
76161,45898,63.50,20.778
76161,36997,63.50,20.778
76161,48787,63.50,20.778
76161,40252,56.00,18.324
76161,15599,52.50,17.179
76195,33952,6.50,2.414
76195,12169,63.50,20.778
76195,22873,63.50,20.778
76195,30556,63.50,20.778
76195,20945,52.50,17.179
76270,45898,63.50,20.778
76270,36997,63.50,20.778
76270,48787,63.50,20.778
76270,40252,56.00,18.324
76270,15599,52.50,17.179
76305,33952,6.50,2.414
76305,12169,63.50,20.778
76305,22873,63.50,20.778
76305,30556,63.50,20.778
76305,20945,52.50,17.179
76371,45898,63.50,20.778
76371,36997,63.50,20.778
76371,48787,63.50,20.778
76371,40252,56.00,18.324
76371,15599,52.50,17.179
76414,33952,6.50,2.414
76414,12169,63.50,20.778
76414,22873,63.50,20.778
76414,30556,63.50,20.778
76414,20945,52.50,17.179
76481,45898,63.50,20.778
76481,36997,63.50,20.778
76481,48787,63.50,20.778
76481,40252,56.00,18.324
76481,15599,52.50,17.179
76522,33952,6.50,2.414
76522,12169,63.50,20.778
76522,22873,63.50,20.778
76522,30556,63.50,20.778
76522,20945,52.50,17.179
76581,45898,63.50,20.778
76581,36997,63.50,20.778
76581,48787,63.50,20.778
76581,40252,56.00,18.324
76581,15599,52.50,17.179
76622,33952,6.50,2.414
76622,12169,63.50,20.778
76622,22873,63.50,20.778
76622,30556,63.50,20.778
76622,20945,52.50,17.179
76681,45898,63.50,20.778
76681,36997,63.50,20.778
76681,48787,63.50,20.778
76681,40252,56.00,18.324
76681,15599,52.50,17.179
76733,33952,6.50,2.414
76733,12169,63.50,20.778
76733,22873,63.50,20.778
76733,30556,63.50,20.778
76733,20945,52.50,17.179
76790,45898,63.50,20.778
76790,36997,63.50,20.778
76790,48787,63.50,20.778
76790,40252,56.00,18.324
76790,15599,52.50,17.179
76844,33952,6.50,2.414
76844,12169,63.50,20.778
76844,22873,63.50,20.778
76844,30556,63.50,20.778
76844,20945,52.50,17.179
76890,45898,63.50,20.778
76890,36997,63.50,20.778
76890,48787,63.50,20.778
76890,40252,56.00,18.324
76890,15599,52.50,17.179
76954,33952,6.50,2.414
76954,12169,63.50,20.778
76954,22873,63.50,20.778
76954,30556,63.50,20.778
76954,20945,52.50,17.179
76991,45898,63.50,20.778
76991,36997,63.50,20.778
76991,48787,63.50,20.778
76991,40252,56.00,18.324
76991,15599,52.50,17.179
77063,33952,6.50,2.414
77063,12169,63.50,20.778
77063,22873,63.50,20.778
77063,30556,63.50,20.778
77063,20945,52.50,17.179
77100,45898,63.50,20.778
77100,36997,63.50,20.778
77100,48787,63.50,20.778
77100,40252,56.00,18.324
77100,15599,52.50,17.179
77172,33952,6.50,2.414
77172,12169,63.50,20.778
77172,22873,63.50,20.778
77172,30556,63.50,20.778
77172,20945,52.50,17.179
77211,45898,63.50,20.778
77211,36997,63.50,20.778
77211,48787,63.50,20.778
77211,40252,56.00,18.324
77211,15599,52.50,17.179
77273,33952,6.50,2.414
77273,12169,63.50,20.778
77273,22873,63.50,20.778
77273,30556,63.50,20.778
77273,20945,52.50,17.179
77320,45898,63.50,20.778
77320,36997,63.50,20.778
77320,48787,63.50,20.778
77320,40252,56.00,18.324
77320,15599,52.50,17.179
77383,33952,6.50,2.414
77383,12169,63.50,20.778
77383,22873,63.50,20.778
77383,30556,63.50,20.778
77383,20945,52.50,17.179
77421,45898,63.50,20.778
77421,36997,63.50,20.778
77421,48787,63.50,20.778
77421,40252,56.00,18.324
77421,15599,52.50,17.179
77493,33952,6.50,2.414
77493,12169,63.50,20.778
77493,22873,63.50,20.778
77493,30556,63.50,20.778
77493,20945,52.50,17.179
77531,45898,63.50,20.778
77531,36997,63.50,20.778
77531,48787,63.50,20.778
77531,40252,56.00,18.324
77531,15599,52.50,17.179
77604,33952,6.50,2.414
77604,12169,63.50,20.778
77604,22873,63.50,20.778
77604,30556,63.50,20.778
77604,20945,52.50,17.179
77640,45898,63.50,20.778
77640,36997,63.50,20.778
77640,48787,63.50,20.778
77640,40252,56.00,18.324
77640,15599,52.50,17.179
77712,33952,6.50,2.414
77712,12169,63.50,20.778
77712,22873,63.50,20.778
77712,30556,63.50,20.778
77712,20945,52.50,17.179
77741,45898,63.50,20.778
77741,36997,63.50,20.778
77741,48787,63.50,20.778
77741,40252,56.00,18.324
77741,15599,52.50,17.179
77823,33952,6.50,2.414
77823,12169,63.50,20.778
77823,22873,63.50,20.778
77823,30556,63.50,20.778
77823,20945,52.50,17.179
77850,45898,63.50,20.778
77850,36997,63.50,20.778
77850,48787,63.50,20.778
77850,40252,56.00,18.324
77850,15599,52.50,17.179
77932,33952,6.50,2.414
77932,12169,63.50,20.778
77932,22873,63.50,20.778
77932,30556,63.50,20.778
77932,20945,52.50,17.179
77951,45898,63.50,20.778
77951,36997,63.50,20.778
77951,48787,63.50,20.778
77951,40252,56.00,18.324
77951,15599,52.50,17.179
78032,33952,6.50,2.414
78032,12169,63.50,20.778
78032,22873,63.50,20.778
78032,30556,63.50,20.778
78032,20945,52.50,17.179
78060,45898,63.50,20.778
78060,36997,63.50,20.778
78060,48787,63.50,20.778
78060,40252,56.00,18.324
78060,15599,52.50,17.179
78143,33952,6.50,2.414
78143,12169,63.50,20.778
78143,22873,63.50,20.778
78143,30556,63.50,20.778
78143,20945,52.50,17.179
78161,45898,63.50,20.778
78161,36997,63.50,20.778
78161,48787,63.50,20.778
78161,40252,56.00,18.324
78161,15599,52.50,17.179
78252,33952,6.50,2.414
78252,12169,63.50,20.778
78252,22873,63.50,20.778
78252,30556,63.50,20.778
78252,20945,52.50,17.179
78270,45898,63.50,20.778
78270,36997,63.50,20.778
78270,48787,63.50,20.778
78270,40252,56.00,18.324
78270,15599,52.50,17.179
78352,33952,6.50,2.414
78352,12169,63.50,20.778
78352,22873,63.50,20.778
78352,30556,54.00,17.669
78352,20945,52.50,17.179
78370,45898,63.50,20.778
78370,36997,63.50,20.778
78370,48787,63.50,20.778
78370,40252,56.00,18.324
78370,15599,52.50,17.179
78454,33952,6.50,2.414
78454,12169,63.50,20.778
78454,22873,63.50,20.778
78454,30556,54.00,17.669
78454,20945,52.50,17.179
78480,45898,63.50,20.778
78480,36997,63.50,20.778
78480,48787,63.50,20.778
78480,40252,56.00,18.324
78480,15599,52.50,17.179
78563,33952,6.50,2.414
78563,12169,63.50,20.778
78563,22873,63.50,20.778
78563,30556,54.00,17.669
78563,20945,52.50,17.179
78591,45898,63.50,20.778
78591,36997,63.50,20.778
78591,48787,63.50,20.778
78591,40252,56.00,18.324
78591,15599,52.50,17.179
78672,33952,6.50,2.414
78672,12169,63.50,20.778
78672,22873,63.50,20.778
78672,30556,54.00,17.669
78672,20945,52.50,17.179
78700,45898,63.50,20.778
78700,36997,63.50,20.778
78700,48787,63.50,20.778
78700,40252,56.00,18.324
78700,15599,52.50,17.179
78772,33952,6.50,2.414
78772,12169,63.50,20.778
78772,22873,63.50,20.778
78772,30556,54.00,17.669
78772,20945,52.50,17.179
78800,45898,63.50,20.778
78800,36997,63.50,20.778
78800,48787,63.50,20.778
78800,40252,56.00,18.324
78800,15599,52.50,17.179
78882,33952,7.00,2.549
78882,12169,63.50,20.778
78882,22873,58.50,19.142
78882,30556,52.00,17.015
78882,20945,52.50,17.179
78900,45898,63.50,20.778
78900,36997,63.50,20.778
78900,48787,63.50,20.778
78900,40252,56.00,18.324
78900,15599,52.50,17.179
78983,33952,7.00,2.549
78983,12169,63.50,20.778
78983,22873,58.50,19.142
78983,30556,52.00,17.015
78983,20945,52.50,17.179
79001,45898,63.50,20.778
79001,36997,63.50,20.778
79001,48787,63.50,20.778
79001,40252,56.00,18.324
79001,15599,52.50,17.179
79095,33952,6.50,2.414
79095,12169,63.50,20.778
79095,22873,58.50,19.142
79095,30556,52.00,17.015
79095,20945,52.50,17.179
79110,45898,63.50,20.778
79110,36997,63.50,20.778
79110,48787,63.50,20.778
79110,40252,56.00,18.324
79110,15599,52.50,17.179
79203,33952,6.50,2.414
79203,12169,63.50,20.778
79203,22873,58.50,19.142
79203,30556,52.00,17.015
79203,20945,52.50,17.179
79211,45898,63.50,20.778
79211,36997,63.50,20.778
79211,48787,63.50,20.778
79211,40252,56.00,18.324
79211,15599,52.50,17.179
79305,33952,6.50,2.414
79305,12169,63.50,20.778
79305,22873,58.50,19.142
79305,30556,52.00,17.015
79305,20945,63.50,20.778
79320,45898,63.50,20.778
79320,36997,63.50,20.778
79320,48787,63.50,20.778
79320,40252,56.00,18.324
79320,15599,52.50,17.179
79412,33952,6.50,2.414
79412,12169,63.50,20.778
79412,22873,58.50,19.142
79412,30556,52.00,17.015
79412,20945,63.50,20.778
79421,45898,63.50,20.778
79421,36997,63.50,20.778
79421,48787,63.50,20.778
79421,40252,56.00,18.324
79421,15599,52.50,17.179
79523,33952,6.50,2.414
79523,12169,63.50,20.778
79523,22873,58.50,19.142
79523,30556,63.50,20.778
79523,20945,63.50,20.778
79530,45898,63.50,20.778
79530,36997,63.50,20.778
79530,48787,63.50,20.778
79530,40252,56.00,18.324
79530,15599,52.50,17.179
79630,45898,63.50,20.778
79630,36997,63.50,20.778
79630,48787,63.50,20.778
79630,40252,56.00,18.324
79630,15599,52.50,17.179
79633,33952,6.50,2.414
79633,12169,63.50,20.778
79633,22873,58.50,19.142
79633,30556,63.50,20.778
79633,20945,63.50,20.778
79740,45898,63.50,20.778
79740,36997,63.50,20.778
79740,48787,63.50,20.778
79740,40252,56.00,18.324
79740,15599,52.50,17.179
79742,33952,6.50,2.414
79742,12169,63.50,20.778
79742,22873,58.50,19.142
79742,30556,63.50,20.778
79742,20945,63.50,20.778
79841,45898,63.50,20.778
79841,36997,63.50,20.778
79841,48787,63.50,20.778
79841,40252,56.00,18.324
79841,15599,52.50,17.179
79843,33952,6.50,2.414
79843,12169,63.50,20.778
79843,22873,58.50,19.142
79843,30556,63.50,20.778
79843,20945,63.50,20.778
79944,33952,6.50,2.414
79944,12169,63.50,20.778
79944,22873,58.50,19.142
79944,30556,63.50,20.778
79944,20945,63.50,20.778
79951,45898,63.50,20.778
79951,36997,63.50,20.778
79951,48787,63.50,20.778
79951,40252,56.00,18.324
79951,15599,52.50,17.179
80051,45898,63.50,20.778
80051,36997,63.50,20.778
80051,48787,63.50,20.778
80051,40252,56.00,18.324
80051,15599,52.50,17.179
80053,33952,6.50,2.414
80053,12169,63.50,20.778
80053,22873,58.50,19.142
80053,30556,63.50,20.778
80053,20945,63.50,20.778
80160,45898,63.50,20.778
80160,36997,63.50,20.778
80160,48787,63.50,20.778
80160,40252,56.00,18.324
80160,15599,52.50,17.179
80163,33952,6.50,2.414
80163,12169,63.50,20.778
80163,22873,58.50,19.142
80163,30556,63.50,20.778
80163,20945,63.50,20.778
80261,45898,63.50,20.778
80261,36997,63.50,20.778
80261,48787,63.50,20.778
80261,40252,56.00,18.324
80261,15599,52.50,17.179
80273,33952,6.50,2.414
80273,12169,63.50,20.778
80273,22873,58.50,19.142
80273,30556,63.50,20.778
80273,20945,63.50,20.778
80361,45898,63.50,20.778
80361,36997,63.50,20.778
80361,48787,63.50,20.778
80361,40252,56.00,18.324
80361,15599,52.50,17.179
80373,33952,6.50,2.414
80373,12169,63.50,20.778
80373,22873,58.50,19.142
80373,30556,63.50,20.778
80373,20945,63.50,20.778
80461,45898,63.50,20.778
80461,36997,63.50,20.778
80461,48787,63.50,20.778
80461,40252,56.00,18.324
80461,15599,52.50,17.179
80473,33952,6.50,2.414
80473,12169,63.50,20.778
80473,22873,58.50,19.142
80473,30556,63.50,20.778
80473,20945,63.50,20.778
80571,45898,63.50,20.778
80571,36997,63.50,20.778
80571,48787,63.50,20.778
80571,40252,56.00,18.324
80571,15599,52.50,17.179
80585,33952,6.50,2.414
80585,12169,63.50,20.778
80585,22873,58.50,19.142
80585,30556,63.50,20.778
80585,20945,63.50,20.778
80680,45898,63.50,20.778
80680,36997,63.50,20.778
80680,48787,63.50,20.778
80680,40252,56.00,18.324
80680,15599,52.50,17.179
80693,33952,6.50,2.414
80693,12169,63.50,20.778
80693,22873,58.50,19.142
80693,30556,63.50,20.778
80693,20945,63.50,20.778
80781,45898,63.50,20.778
80781,36997,63.50,20.778
80781,48787,63.50,20.778
80781,40252,56.00,18.324
80781,15599,52.50,17.179
80804,33952,6.50,2.414
80804,12169,63.50,20.778
80804,22873,58.50,19.142
80804,30556,63.50,20.778
80804,20945,63.50,20.778
80890,45898,63.50,20.778
80890,36997,63.50,20.778
80890,48787,63.50,20.778
80890,40252,56.00,18.324
80890,15599,52.50,17.179
80913,33952,6.50,2.414
80913,12169,63.50,20.778
80913,22873,58.50,19.142
80913,30556,63.50,20.778
80913,20945,63.50,20.778
80991,45898,63.50,20.778
80991,36997,63.50,20.778
80991,48787,63.50,20.778
80991,40252,56.00,18.324
80991,15599,52.50,17.179
81023,33952,6.50,2.414
81023,12169,63.50,20.778
81023,22873,58.50,19.142
81023,30556,63.50,20.778
81023,20945,63.50,20.778
81101,45898,63.50,20.778
81101,36997,63.50,20.778
81101,48787,63.50,20.778
81101,40252,56.00,18.324
81101,15599,52.50,17.179
81133,33952,6.50,2.414
81133,12169,63.50,20.778
81133,22873,58.50,19.142
81133,30556,63.50,20.778
81133,20945,63.50,20.778
81210,45898,63.50,20.778
81210,36997,63.50,20.778
81210,48787,63.50,20.778
81210,40252,56.00,18.324
81210,15599,52.50,17.179
81233,33952,6.50,2.414
81233,12169,63.50,20.778
81233,22873,58.50,19.142
81233,30556,63.50,20.778
81233,20945,63.50,20.778
81311,45898,63.50,20.778
81311,36997,63.50,20.778
81311,48787,63.50,20.778
81311,40252,56.00,18.324
81311,15599,52.50,17.179
81333,33952,6.50,2.414
81333,12169,63.50,20.778
81333,22873,58.50,19.142
81333,30556,63.50,20.778
81333,20945,63.50,20.778
81420,45898,63.50,20.778
81420,36997,63.50,20.778
81420,48787,63.50,20.778
81420,40252,56.00,18.324
81420,15599,52.50,17.179
81443,33952,6.50,2.414
81443,12169,63.50,20.778
81443,22873,58.50,19.142
81443,30556,63.50,20.778
81443,20945,63.50,20.778
81521,45898,63.50,20.778
81521,36997,63.50,20.778
81521,48787,63.50,20.778
81521,40252,56.00,18.324
81521,15599,52.50,17.179
81543,33952,6.50,2.414
81543,12169,63.50,20.778
81543,22873,58.50,19.142
81543,30556,63.50,20.778
81543,20945,63.50,20.778
81631,45898,63.50,20.778
81631,36997,63.50,20.778
81631,48787,63.50,20.778
81631,40252,56.00,18.324
81631,15599,52.50,17.179
81643,33952,6.50,2.414
81643,12169,63.50,20.778
81643,22873,58.50,19.142
81643,30556,63.50,20.778
81643,20945,63.50,20.778
81741,45898,63.50,20.778
81741,36997,63.50,20.778
81741,48787,63.50,20.778
81741,40252,56.00,18.324
81741,15599,52.50,17.179
81743,33952,6.50,2.414
81743,12169,63.50,20.778
81743,22873,58.50,19.142
81743,30556,63.50,20.778
81743,20945,63.50,20.778
81841,45898,63.50,20.778
81841,36997,63.50,20.778
81841,48787,63.50,20.778
81841,40252,56.00,18.324
81841,15599,52.50,17.179
81843,33952,6.50,2.414
81843,12169,63.50,20.778
81843,22873,58.50,19.142
81843,30556,63.50,20.778
81843,20945,63.50,20.778
81950,45898,63.50,20.778
81950,36997,63.50,20.778
81950,48787,63.50,20.778
81950,40252,56.00,18.324
81950,15599,52.50,17.179
81953,33952,6.50,2.414
81953,12169,63.50,20.778
81953,22873,58.50,19.142
81953,30556,63.50,20.778
81953,20945,63.50,20.778
82051,45898,63.50,20.778
82051,36997,63.50,20.778
82051,48787,63.50,20.778
82051,40252,56.00,18.324
82051,15599,52.50,17.179
82053,33952,6.50,2.414
82053,12169,63.50,20.778
82053,22873,58.50,19.142
82053,30556,63.50,20.778
82053,20945,63.50,20.778
82151,45898,63.50,20.778
82151,36997,63.50,20.778
82151,48787,63.50,20.778
82151,40252,56.00,18.324
82151,15599,52.50,17.179
82153,33952,6.50,2.414
82153,12169,63.50,20.778
82153,22873,58.50,19.142
82153,30556,63.50,20.778
82153,20945,63.50,20.778
82254,33952,6.50,2.414
82254,12169,63.50,20.778
82254,22873,58.50,19.142
82254,30556,63.50,20.778
82254,20945,63.50,20.778
82260,45898,63.50,20.778
82260,36997,63.50,20.778
82260,48787,63.50,20.778
82260,40252,56.00,18.324
82260,15599,52.50,17.179
82361,45898,63.50,20.778
82361,36997,63.50,20.778
82361,48787,63.50,20.778
82361,40252,56.00,18.324
82361,15599,52.50,17.179
82363,33952,6.50,2.414
82363,12169,63.50,20.778
82363,22873,58.50,19.142
82363,30556,63.50,20.778
82363,20945,63.50,20.778
82461,45898,63.50,20.778
82461,36997,63.50,20.778
82461,48787,63.50,20.778
82461,40252,56.00,18.324
82461,15599,52.50,17.179
82464,33952,6.50,2.414
82464,12169,63.50,20.778
82464,22873,58.50,19.142
82464,30556,63.50,20.778
82464,20945,63.50,20.778
82570,45898,63.50,20.778
82570,36997,63.50,20.778
82570,48787,63.50,20.778
82570,40252,56.00,18.324
82570,15599,52.50,17.179
82573,33952,6.50,2.414
82573,12169,63.50,20.778
82573,22873,58.50,19.142
82573,30556,63.50,20.778
82573,20945,63.50,20.778
82671,45898,63.50,20.778
82671,36997,63.50,20.778
82671,48787,63.50,20.778
82671,40252,56.00,18.324
82671,15599,52.50,17.179
82673,33952,6.50,2.414
82673,12169,63.50,20.778
82673,22873,58.50,19.142
82673,30556,53.50,17.506
82673,20945,52.00,17.015
82780,45898,63.50,20.778
82780,36997,63.50,20.778
82780,48787,63.50,20.778
82780,40252,56.00,18.324
82780,15599,52.50,17.179
82783,33952,6.50,2.414
82783,12169,63.50,20.778
82783,22873,58.50,19.142
82783,30556,53.50,17.506
82783,20945,52.00,17.015
82881,45898,63.50,20.778
82881,36997,63.50,20.778
82881,48787,63.50,20.778
82881,40252,56.00,18.324
82881,15599,52.50,17.179
82893,33952,6.50,2.414
82893,12169,63.50,20.778
82893,22873,58.50,19.142
82893,30556,53.50,17.506
82893,20945,52.00,17.015
82990,45898,63.50,20.778
82990,36997,63.50,20.778
82990,48787,63.50,20.778
82990,40252,56.00,18.324
82990,15599,52.50,17.179
83003,33952,6.50,2.414
83003,12169,63.50,20.778
83003,22873,58.50,19.142
83003,30556,53.50,17.506
83003,20945,63.50,20.778
83100,45898,63.50,20.778
83100,36997,63.50,20.778
83100,48787,63.50,20.778
83100,40252,56.00,18.324
83100,15599,52.50,17.179
83113,33952,6.50,2.414
83113,12169,63.50,20.778
83113,22873,58.50,19.142
83113,30556,53.50,17.506
83113,20945,63.50,20.778
83200,45898,63.50,20.778
83200,36997,63.50,20.778
83200,48787,63.50,20.778
83200,40252,56.00,18.324
83200,15599,52.50,17.179
83223,33952,6.50,2.414
83223,12169,63.50,20.778
83223,22873,63.50,20.778
83223,30556,53.50,17.506
83223,20945,63.50,20.778
83301,45898,63.50,20.778
83301,36997,63.50,20.778
83301,48787,63.50,20.778
83301,40252,56.00,18.324
83301,15599,52.50,17.179
83332,33952,6.50,2.414
83332,12169,63.50,20.778
83332,22873,63.50,20.778
83332,30556,53.50,17.506
83332,20945,63.50,20.778
83411,45898,63.50,20.778
83411,36997,63.50,20.778
83411,48787,63.50,20.778
83411,40252,56.00,18.324
83411,15599,52.50,17.179
83433,33952,6.50,2.414
83433,12169,63.50,20.778
83433,22873,63.50,20.778
83433,30556,63.50,20.778
83433,20945,63.50,20.778
83521,45898,63.50,20.778
83521,36997,63.50,20.778
83521,48787,63.50,20.778
83521,40252,56.00,18.324
83521,15599,52.50,17.179
83543,33952,6.50,2.414
83543,12169,63.50,20.778
83543,22873,63.50,20.778
83543,30556,63.50,20.778
83543,20945,63.50,20.778
83631,45898,63.50,20.778
83631,36997,63.50,20.778
83631,48787,63.50,20.778
83631,40252,56.00,18.324
83631,15599,52.50,17.179
83643,33952,6.50,2.414
83643,12169,63.50,20.778
83643,22873,63.50,20.778
83643,30556,63.50,20.778
83643,20945,63.50,20.778
83731,45898,63.50,20.778
83731,36997,63.50,20.778
83731,48787,63.50,20.778
83731,40252,56.00,18.324
83731,15599,52.50,17.179
83752,33952,6.50,2.414
83752,12169,63.50,20.778
83752,22873,63.50,20.778
83752,30556,63.50,20.778
83752,20945,63.50,20.778
83841,45898,63.50,20.778
83841,36997,63.50,20.778
83841,48787,63.50,20.778
83841,40252,56.00,18.324
83841,15599,52.50,17.179
83853,33952,6.50,2.414
83853,12169,63.50,20.778
83853,22873,63.50,20.778
83853,30556,63.50,20.778
83853,20945,63.50,20.778
83950,45898,63.50,20.778
83950,36997,63.50,20.778
83950,48787,63.50,20.778
83950,40252,56.00,18.324
83950,15599,52.50,17.179
83953,33952,6.50,2.414
83953,12169,63.50,20.778
83953,22873,63.50,20.778
83953,30556,63.50,20.778
83953,20945,63.50,20.778
84051,45898,63.50,20.778
84051,36997,63.50,20.778
84051,48787,63.50,20.778
84051,40252,56.00,18.324
84051,15599,52.50,17.179
84063,33952,6.50,2.414
84063,12169,63.50,20.778
84063,22873,63.50,20.778
84063,30556,63.50,20.778
84063,20945,63.50,20.778
84151,45898,63.50,20.778
84151,36997,63.50,20.778
84151,48787,63.50,20.778
84151,40252,56.00,18.324
84151,15599,52.50,17.179
84175,33952,6.50,2.414
84175,12169,63.50,20.778
84175,22873,63.50,20.778
84175,30556,63.50,20.778
84175,20945,63.50,20.778
84261,45898,63.50,20.778
84261,36997,63.50,20.778
84261,48787,63.50,20.778
84261,40252,56.00,18.324
84261,15599,52.50,17.179
84284,33952,6.50,2.414
84284,12169,63.50,20.778
84284,22873,63.50,20.778
84284,30556,63.50,20.778
84284,20945,63.50,20.778
84371,45898,63.50,20.778
84371,36997,63.50,20.778
84371,48787,63.50,20.778
84371,40252,56.00,18.324
84371,15599,52.50,17.179
84393,33952,6.50,2.414
84393,12169,63.50,20.778
84393,22873,63.50,20.778
84393,30556,63.50,20.778
84393,20945,63.50,20.778
84472,45898,63.50,20.778
84472,36997,63.50,20.778
84472,48787,63.50,20.778
84472,40252,56.00,18.324
84472,15599,52.50,17.179
84493,33952,6.50,2.414
84493,12169,63.50,20.778
84493,22873,63.50,20.778
84493,30556,63.50,20.778
84493,20945,63.50,20.778
84581,45898,63.50,20.778
84581,36997,63.50,20.778
84581,48787,63.50,20.778
84581,40252,56.00,18.324
84581,15599,52.50,17.179
84593,33952,6.50,2.414
84593,12169,63.50,20.778
84593,22873,63.50,20.778
84593,30556,63.50,20.778
84593,20945,63.50,20.778
84682,45898,63.50,20.778
84682,36997,63.50,20.778
84682,48787,63.50,20.778
84682,40252,56.00,18.324
84682,15599,52.50,17.179
84703,33952,6.50,2.414
84703,12169,63.50,20.778
84703,22873,63.50,20.778
84703,30556,63.50,20.778
84703,20945,63.50,20.778
84791,45898,63.50,20.778
84791,36997,63.50,20.778
84791,48787,63.50,20.778
84791,40252,56.00,18.324
84791,15599,52.50,17.179
84812,33952,6.50,2.414
84812,12169,63.50,20.778
84812,22873,63.50,20.778
84812,30556,63.50,20.778
84812,20945,63.50,20.778
84901,45898,63.50,20.778
84901,36997,63.50,20.778
84901,48787,63.50,20.778
84901,40252,56.00,18.324
84901,15599,52.50,17.179
84913,33952,6.50,2.414
84913,12169,63.50,20.778
84913,22873,63.50,20.778
84913,30556,63.50,20.778
84913,20945,63.50,20.778
85011,45898,63.50,20.778
85011,36997,63.50,20.778
85011,48787,63.50,20.778
85011,40252,56.00,18.324
85011,15599,52.50,17.179
85023,33952,6.50,2.414
85023,12169,63.50,20.778
85023,22873,63.50,20.778
85023,30556,63.50,20.778
85023,20945,63.50,20.778
85120,45898,63.50,20.778
85120,36997,63.50,20.778
85120,48787,63.50,20.778
85120,40252,56.00,18.324
85120,15599,52.50,17.179
85133,33952,6.50,2.414
85133,12169,63.50,20.778
85133,22873,63.50,20.778
85133,30556,63.50,20.778
85133,20945,63.50,20.778
85221,45898,63.50,20.778
85221,36997,63.50,20.778
85221,48787,63.50,20.778
85221,40252,56.00,18.324
85221,15599,52.50,17.179
85243,33952,6.50,2.414
85243,12169,63.50,20.778
85243,22873,63.50,20.778
85243,30556,63.50,20.778
85243,20945,63.50,20.778
85330,45898,63.50,20.778
85330,36997,63.50,20.778
85330,48787,63.50,20.778
85330,40252,56.00,18.324
85330,15599,52.50,17.179
85344,33952,6.50,2.414
85344,12169,63.50,20.778
85344,22873,63.50,20.778
85344,30556,63.50,20.778
85344,20945,63.50,20.778
85440,45898,63.50,20.778
85440,36997,63.50,20.778
85440,48787,63.50,20.778
85440,40252,56.00,18.324
85440,15599,52.50,17.179
85453,33952,6.50,2.414
85453,12169,63.50,20.778
85453,22873,63.50,20.778
85453,30556,63.50,20.778
85453,20945,63.50,20.778
85540,45898,63.50,20.778
85540,36997,63.50,20.778
85540,48787,63.50,20.778
85540,40252,56.00,18.324
85540,15599,52.50,17.179
85563,33952,6.50,2.414
85563,12169,63.50,20.778
85563,22873,63.50,20.778
85563,30556,63.50,20.778
85563,20945,63.50,20.778
85641,45898,63.50,20.778
85641,36997,63.50,20.778
85641,48787,63.50,20.778
85641,40252,56.00,18.324
85641,15599,52.50,17.179
85673,33952,6.50,2.414
85673,12169,63.50,20.778
85673,22873,63.50,20.778
85673,30556,63.50,20.778
85673,20945,63.50,20.778
85750,45898,63.50,20.778
85750,36997,63.50,20.778
85750,48787,63.50,20.778
85750,40252,56.00,18.324
85750,15599,52.50,17.179
85783,33952,6.50,2.414
85783,12169,63.50,20.778
85783,22873,63.50,20.778
85783,30556,63.50,20.778
85783,20945,63.50,20.778
85851,45898,63.50,20.778
85851,36997,63.50,20.778
85851,48787,63.50,20.778
85851,40252,56.00,18.324
85851,15599,52.50,17.179
85893,33952,6.50,2.414
85893,12169,63.50,20.778
85893,22873,63.50,20.778
85893,30556,63.50,20.778
85893,20945,63.50,20.778
85961,45898,63.50,20.778
85961,36997,63.50,20.778
85961,48787,63.50,20.778
85961,40252,56.00,18.324
85961,15599,52.50,17.179
85993,33952,6.50,2.414
85993,12169,63.50,20.778
85993,22873,63.50,20.778
85993,30556,63.50,20.778
85993,20945,63.50,20.778
86071,45898,63.50,20.778
86071,36997,63.50,20.778
86071,48787,63.50,20.778
86071,40252,56.00,18.324
86071,15599,52.50,17.179
86093,33952,6.50,2.414
86093,12169,63.50,20.778
86093,22873,63.50,20.778
86093,30556,63.50,20.778
86093,20945,63.50,20.778
86180,45898,63.50,20.778
86180,36997,63.50,20.778
86180,48787,63.50,20.778
86180,40252,56.00,18.324
86180,15599,52.50,17.179
86203,33952,6.50,2.414
86203,12169,63.50,20.778
86203,22873,63.50,20.778
86203,30556,63.50,20.778
86203,20945,63.50,20.778
86281,45898,63.50,20.778
86281,36997,63.50,20.778
86281,48787,63.50,20.778
86281,40252,56.00,18.324
86281,15599,52.50,17.179
86303,33952,6.50,2.414
86303,12169,63.50,20.778
86303,22873,63.50,20.778
86303,30556,63.50,20.778
86303,20945,63.50,20.778
86381,45898,63.50,20.778
86381,36997,63.50,20.778
86381,48787,63.50,20.778
86381,40252,56.00,18.324
86381,15599,52.50,17.179
86413,33952,6.50,2.414
86413,12169,63.50,20.778
86413,22873,63.50,20.778
86413,30556,63.50,20.778
86413,20945,63.50,20.778
86491,45898,63.50,20.778
86491,36997,63.50,20.778
86491,48787,63.50,20.778
86491,40252,56.00,18.324
86491,15599,52.50,17.179
86522,33952,6.50,2.414
86522,12169,63.50,20.778
86522,22873,63.50,20.778
86522,30556,53.50,17.506
86522,20945,52.50,17.179
86601,45898,63.50,20.778
86601,36997,63.50,20.778
86601,48787,63.50,20.778
86601,40252,56.00,18.324
86601,15599,52.50,17.179
86624,33952,6.50,2.414
86624,12169,63.50,20.778
86624,22873,63.50,20.778
86624,30556,53.50,17.506
86624,20945,52.50,17.179
86701,45898,63.50,20.778
86701,36997,63.50,20.778
86701,48787,63.50,20.778
86701,40252,56.00,18.324
86701,15599,52.50,17.179
86734,33952,6.50,2.414
86734,12169,63.50,20.778
86734,22873,63.50,20.778
86734,30556,53.50,17.506
86734,20945,52.50,17.179
86811,45898,63.50,20.778
86811,36997,63.50,20.778
86811,48787,63.50,20.778
86811,40252,56.00,18.324
86811,15599,52.50,17.179
86845,33952,6.50,2.414
86845,12169,63.50,20.778
86845,22873,63.50,20.778
86845,30556,53.50,17.506
86845,20945,52.50,17.179
86921,45898,63.50,20.778
86921,36997,63.50,20.778
86921,48787,63.50,20.778
86921,40252,56.00,18.324
86921,15599,52.50,17.179
86952,33952,6.50,2.414
86952,12169,63.50,20.778
86952,22873,63.50,20.778
86952,30556,53.50,17.506
86952,20945,52.50,17.179
87030,45898,63.50,20.778
87030,36997,63.50,20.778
87030,48787,63.50,20.778
87030,40252,56.00,18.324
87030,15599,52.50,17.179
87053,33952,6.50,2.414
87053,12169,63.50,20.778
87053,22873,63.50,20.778
87053,30556,53.50,17.506
87053,20945,52.50,17.179
87141,45898,63.50,20.778
87141,36997,63.50,20.778
87141,48787,63.50,20.778
87141,40252,56.00,18.324
87141,15599,52.50,17.179
87163,33952,6.50,2.414
87163,12169,63.50,20.778
87163,22873,63.50,20.778
87163,30556,53.50,17.506
87163,20945,52.50,17.179
87242,45898,63.50,20.778
87242,36997,63.50,20.778
87242,48787,63.50,20.778
87242,40252,56.00,18.324
87242,15599,52.50,17.179
87273,33952,6.50,2.414
87273,12169,63.50,20.778
87273,22873,63.50,20.778
87273,30556,63.50,20.778
87273,20945,52.50,17.179
87350,45898,63.50,20.778
87350,36997,63.50,20.778
87350,48787,63.50,20.778
87350,40252,56.00,18.324
87350,15599,52.50,17.179
87383,33952,6.50,2.414
87383,12169,63.50,20.778
87383,22873,63.50,20.778
87383,30556,63.50,20.778
87383,20945,52.50,17.179
87451,45898,63.50,20.778
87451,36997,63.50,20.778
87451,48787,63.50,20.778
87451,40252,56.00,18.324
87451,15599,52.50,17.179
87483,33952,6.50,2.414
87483,12169,63.50,20.778
87483,22873,63.50,20.778
87483,30556,63.50,20.778
87483,20945,52.50,17.179
87561,45898,63.50,20.778
87561,36997,63.50,20.778
87561,48787,63.50,20.778
87561,40252,56.00,18.324
87561,15599,52.50,17.179
87593,33952,6.50,2.414
87593,12169,63.50,20.778
87593,22873,63.50,20.778
87593,30556,63.50,20.778
87593,20945,52.50,17.179
87661,45898,63.50,20.778
87661,36997,63.50,20.778
87661,48787,63.50,20.778
87661,40252,56.00,18.324
87661,15599,52.50,17.179
87703,33952,6.50,2.414
87703,12169,63.50,20.778
87703,22873,63.50,20.778
87703,30556,63.50,20.778
87703,20945,52.50,17.179
87771,45898,63.50,20.778
87771,36997,63.50,20.778
87771,48787,63.50,20.778
87771,40252,56.00,18.324
87771,15599,52.50,17.179
87805,33952,6.50,2.414
87805,12169,63.50,20.778
87805,22873,63.50,20.778
87805,30556,63.50,20.778
87805,20945,52.50,17.179
87881,45898,63.50,20.778
87881,36997,63.50,20.778
87881,48787,63.50,20.778
87881,40252,56.00,18.324
87881,15599,52.50,17.179
87913,33952,6.50,2.414
87913,12169,63.50,20.778
87913,22873,63.50,20.778
87913,30556,63.50,20.778
87913,20945,52.50,17.179
87991,45898,63.50,20.778
87991,36997,63.50,20.778
87991,48787,63.50,20.778
87991,40252,56.00,18.324
87991,15599,52.50,17.179
88013,33952,6.50,2.414
88013,12169,63.50,20.778
88013,22873,63.50,20.778
88013,30556,63.50,20.778
88013,20945,52.50,17.179
88091,45898,63.50,20.778
88091,36997,63.50,20.778
88091,48787,63.50,20.778
88091,40252,56.00,18.324
88091,15599,52.50,17.179
88123,33952,6.50,2.414
88123,12169,63.50,20.778
88123,22873,63.50,20.778
88123,30556,63.50,20.778
88123,20945,52.50,17.179
88191,45898,63.50,20.778
88191,36997,63.50,20.778
88191,48787,63.50,20.778
88191,40252,56.00,18.324
88191,15599,52.50,17.179
88233,33952,6.50,2.414
88233,12169,63.50,20.778
88233,22873,63.50,20.778
88233,30556,63.50,20.778
88233,20945,52.50,17.179
88300,45898,63.50,20.778
88300,36997,63.50,20.778
88300,48787,63.50,20.778
88300,40252,56.00,18.324
88300,15599,52.50,17.179
88343,33952,6.50,2.414
88343,12169,63.50,20.778
88343,22873,63.50,20.778
88343,30556,63.50,20.778
88343,20945,52.50,17.179
88401,45898,63.50,20.778
88401,36997,63.50,20.778
88401,48787,63.50,20.778
88401,40252,56.00,18.324
88401,15599,52.50,17.179
88444,33952,6.50,2.414
88444,12169,63.50,20.778
88444,22873,63.50,20.778
88444,30556,63.50,20.778
88444,20945,52.50,17.179
88510,45898,63.50,20.778
88510,36997,63.50,20.778
88510,48787,63.50,20.778
88510,40252,56.00,18.324
88510,15599,52.50,17.179
88552,33952,6.50,2.414
88552,12169,63.50,20.778
88552,22873,63.50,20.778
88552,30556,63.50,20.778
88552,20945,52.50,17.179
88611,45898,63.50,20.778
88611,36997,63.50,20.778
88611,48787,63.50,20.778
88611,40252,56.00,18.324
88611,15599,52.50,17.179
88655,33952,6.50,2.414
88655,12169,63.50,20.778
88655,22873,63.50,20.778
88655,30556,63.50,20.778
88655,20945,52.50,17.179
88721,45898,63.50,20.778
88721,36997,63.50,20.778
88721,48787,63.50,20.778
88721,40252,56.00,18.324
88721,15599,52.50,17.179
88762,33952,6.50,2.414
88762,12169,63.50,20.778
88762,22873,63.50,20.778
88762,30556,63.50,20.778
88762,20945,52.50,17.179
88821,45898,63.50,20.778
88821,36997,63.50,20.778
88821,48787,63.50,20.778
88821,40252,56.00,18.324
88821,15599,52.50,17.179
88863,33952,6.50,2.414
88863,12169,63.50,20.778
88863,22873,63.50,20.778
88863,30556,63.50,20.778
88863,20945,52.50,17.179
88931,45898,63.50,20.778
88931,36997,63.50,20.778
88931,48787,63.50,20.778
88931,40252,56.00,18.324
88931,15599,52.50,17.179
88972,33952,6.50,2.414
88972,12169,63.50,20.778
88972,22873,63.50,20.778
88972,30556,63.50,20.778
88972,20945,52.50,17.179
89041,45898,63.50,20.778
89041,36997,63.50,20.778
89041,48787,63.50,20.778
89041,40252,56.00,18.324
89041,15599,52.50,17.179
89073,33952,6.50,2.414
89073,12169,63.50,20.778
89073,22873,63.50,20.778
89073,30556,63.50,20.778
89073,20945,52.50,17.179
89151,45898,63.50,20.778
89151,36997,63.50,20.778
89151,48787,63.50,20.778
89151,40252,56.00,18.324
89151,15599,52.50,17.179
89184,33952,6.50,2.414
89184,12169,63.50,20.778
89184,22873,63.50,20.778
89184,30556,63.50,20.778
89184,20945,52.50,17.179
89260,45898,63.50,20.778
89260,36997,63.50,20.778
89260,48787,63.50,20.778
89260,40252,56.00,18.324
89260,15599,52.50,17.179
89294,33952,6.50,2.414
89294,12169,63.50,20.778
89294,22873,63.50,20.778
89294,30556,63.50,20.778
89294,20945,52.50,17.179
89361,45898,63.50,20.778
89361,36997,63.50,20.778
89361,48787,63.50,20.778
89361,40252,56.00,18.324
89361,15599,52.50,17.179
89403,33952,6.50,2.414
89403,12169,63.50,20.778
89403,22873,63.50,20.778
89403,30556,63.50,20.778
89403,20945,52.50,17.179
89470,45898,63.50,20.778
89470,36997,63.50,20.778
89470,48787,63.50,20.778
89470,40252,56.00,18.324
89470,15599,52.50,17.179
89513,33952,6.50,2.414
89513,12169,63.50,20.778
89513,22873,63.50,20.778
89513,30556,63.50,20.778
89513,20945,52.50,17.179
89571,45898,63.50,20.778
89571,36997,63.50,20.778
89571,48787,63.50,20.778
89571,40252,56.00,18.324
89571,15599,52.50,17.179
89623,33952,6.50,2.414
89623,12169,63.50,20.778
89623,22873,63.50,20.778
89623,30556,63.50,20.778
89623,20945,52.50,17.179
89681,45898,63.50,20.778
89681,36997,63.50,20.778
89681,48787,63.50,20.778
89681,40252,56.00,18.324
89681,15599,52.50,17.179
89725,33952,6.50,2.414
89725,12169,63.50,20.778
89725,22873,63.50,20.778
89725,30556,63.50,20.778
89725,20945,52.50,17.179
89791,45898,63.50,20.778
89791,36997,63.50,20.778
89791,48787,63.50,20.778
89791,40252,56.00,18.324
89791,15599,52.50,17.179
89832,33952,6.50,2.414
89832,12169,63.50,20.778
89832,22873,63.50,20.778
89832,30556,63.50,20.778
89832,20945,52.50,17.179
89900,45898,63.50,20.778
89900,36997,63.50,20.778
89900,48787,63.50,20.778
89900,40252,56.00,18.324
89900,15599,52.50,17.179
89933,33952,6.50,2.414
89933,12169,63.50,20.778
89933,22873,63.50,20.778
89933,30556,63.50,20.778
89933,20945,52.50,17.179
