Time_ms,UE_ID,UL_SNR_dB,UL_SE_bit_per_s_Hz
0,45898,63.50,20.778
0,36997,63.50,20.778
0,48787,63.50,20.778
0,40252,56.00,18.324
0,15599,52.50,17.179
2,33952,6.50,2.414
2,12169,63.50,20.778
2,22873,63.50,20.778
2,30556,63.50,20.778
2,20945,63.50,20.778
100,45898,63.50,20.778
100,36997,63.50,20.778
100,48787,63.50,20.778
100,40252,56.00,18.324
100,15599,52.50,17.179
112,33952,6.50,2.414
112,12169,63.50,20.778
112,22873,63.50,20.778
112,30556,63.50,20.778
112,20945,63.50,20.778
209,45898,63.50,20.778
209,36997,63.50,20.778
209,48787,63.50,20.778
209,40252,56.00,18.324
209,15599,52.50,17.179
223,33952,6.50,2.414
223,12169,63.50,20.778
223,22873,63.50,20.778
223,30556,63.50,20.778
223,20945,63.50,20.778
309,45898,63.50,20.778
309,36997,63.50,20.778
309,48787,63.50,20.778
309,40252,56.00,18.324
309,15599,52.50,17.179
333,33952,6.50,2.414
333,12169,63.50,20.778
333,22873,63.50,20.778
333,30556,63.50,20.778
333,20945,63.50,20.778
410,45898,63.50,20.778
410,36997,63.50,20.778
410,48787,63.50,20.778
410,40252,56.00,18.324
410,15599,52.50,17.179
442,33952,6.50,2.414
442,12169,63.50,20.778
442,22873,63.50,20.778
442,30556,63.50,20.778
442,20945,63.50,20.778
519,45898,63.50,20.778
519,36997,63.50,20.778
519,48787,63.50,20.778
519,40252,56.00,18.324
519,15599,52.50,17.179
552,33952,6.50,2.414
552,12169,63.50,20.778
552,22873,63.50,20.778
552,30556,63.50,20.778
552,20945,63.50,20.778
630,45898,63.50,20.778
630,36997,63.50,20.778
630,48787,63.50,20.778
630,40252,56.00,18.324
630,15599,52.50,17.179
662,33952,6.50,2.414
662,12169,63.50,20.778
662,22873,63.50,20.778
662,30556,63.50,20.778
662,20945,63.50,20.778
739,45898,63.50,20.778
739,36997,63.50,20.778
739,48787,63.50,20.778
739,40252,56.00,18.324
739,15599,52.50,17.179
763,33952,6.50,2.414
763,12169,63.50,20.778
763,22873,63.50,20.778
763,30556,63.50,20.778
763,20945,63.50,20.778
839,45898,63.50,20.778
839,36997,63.50,20.778
839,48787,63.50,20.778
839,40252,56.00,18.324
839,15599,52.50,17.179
872,33952,6.50,2.414
872,12169,63.50,20.778
872,22873,63.50,20.778
872,30556,63.50,20.778
872,20945,63.50,20.778
941,45898,63.50,20.778
941,36997,63.50,20.778
941,48787,63.50,20.778
941,40252,56.00,18.324
941,15599,52.50,17.179
983,33952,6.50,2.414
983,12169,63.50,20.778
983,22873,63.50,20.778
983,30556,63.50,20.778
983,20945,63.50,20.778
1049,45898,63.50,20.778
1049,36997,63.50,20.778
1049,48787,63.50,20.778
1049,40252,56.00,18.324
1049,15599,52.50,17.179
1095,33952,6.50,2.414
1095,12169,63.50,20.778
1095,22873,63.50,20.778
1095,30556,63.50,20.778
1095,20945,63.50,20.778
1149,45898,63.50,20.778
1149,36997,63.50,20.778
1149,48787,63.50,20.778
1149,40252,56.00,18.324
1149,15599,52.50,17.179
1202,33952,6.50,2.414
1202,12169,63.50,20.778
1202,22873,63.50,20.778
1202,30556,63.50,20.778
1202,20945,63.50,20.778
1259,45898,63.50,20.778
1259,36997,63.50,20.778
1259,48787,63.50,20.778
1259,40252,56.00,18.324
1259,15599,52.50,17.179
1304,33952,6.50,2.414
1304,12169,63.50,20.778
1304,22873,63.50,20.778
1304,30556,63.50,20.778
1304,20945,63.50,20.778
1360,45898,63.50,20.778
1360,36997,63.50,20.778
1360,48787,63.50,20.778
1360,40252,56.00,18.324
1360,15599,52.50,17.179
1412,33952,6.50,2.414
1412,12169,63.50,20.778
1412,22873,63.50,20.778
1412,30556,63.50,20.778
1412,20945,63.50,20.778
1469,45898,63.50,20.778
1469,36997,63.50,20.778
1469,48787,63.50,20.778
1469,40252,56.00,18.324
1469,15599,52.50,17.179
1522,33952,6.50,2.414
1522,12169,63.50,20.778
1522,22873,63.50,20.778
1522,30556,63.50,20.778
1522,20945,63.50,20.778
1569,45898,63.50,20.778
1569,36997,63.50,20.778
1569,48787,63.50,20.778
1569,40252,56.00,18.324
1569,15599,52.50,17.179
1632,33952,6.50,2.414
1632,12169,63.50,20.778
1632,22873,63.50,20.778
1632,30556,63.50,20.778
1632,20945,63.50,20.778
1679,45898,63.50,20.778
1679,36997,63.50,20.778
1679,48787,63.50,20.778
1679,40252,56.00,18.324
1679,15599,52.50,17.179
1742,33952,6.50,2.414
1742,12169,63.50,20.778
1742,22873,63.50,20.778
1742,30556,63.50,20.778
1742,20945,63.50,20.778
1779,45898,63.50,20.778
1779,36997,63.50,20.778
1779,48787,63.50,20.778
1779,40252,56.00,18.324
1779,15599,52.50,17.179
1844,33952,6.50,2.414
1844,12169,63.50,20.778
1844,22873,63.50,20.778
1844,30556,63.50,20.778
1844,20945,63.50,20.778
1880,45898,63.50,20.778
1880,36997,63.50,20.778
1880,48787,63.50,20.778
1880,40252,56.00,18.324
1880,15599,52.50,17.179
1952,33952,6.50,2.414
1952,12169,63.50,20.778
1952,22873,63.50,20.778
1952,30556,63.50,20.778
1952,20945,63.50,20.778
1989,45898,63.50,20.778
1989,36997,63.50,20.778
1989,48787,63.50,20.778
1989,40252,56.00,18.324
1989,15599,52.50,17.179
2052,33952,6.50,2.414
2052,12169,63.50,20.778
2052,22873,63.50,20.778
2052,30556,63.50,20.778
2052,20945,63.50,20.778
2090,45898,63.50,20.778
2090,36997,63.50,20.778
2090,48787,63.50,20.778
2090,40252,56.00,18.324
2090,15599,52.50,17.179
2162,33952,6.50,2.414
2162,12169,63.50,20.778
2162,22873,63.50,20.778
2162,30556,53.50,17.506
2162,20945,52.50,17.179
2200,45898,63.50,20.778
2200,36997,63.50,20.778
2200,48787,63.50,20.778
2200,40252,56.00,18.324
2200,15599,52.50,17.179
2262,33952,6.50,2.414
2262,12169,63.50,20.778
2262,22873,63.50,20.778
2262,30556,53.50,17.506
2262,20945,52.50,17.179
2300,45898,63.50,20.778
2300,36997,63.50,20.778
2300,48787,63.50,20.778
2300,40252,56.00,18.324
2300,15599,52.50,17.179
2372,33952,6.50,2.414
2372,12169,63.50,20.778
2372,22873,63.50,20.778
2372,30556,53.50,17.506
2372,20945,52.50,17.179
2400,45898,63.50,20.778
2400,36997,63.50,20.778
2400,48787,63.50,20.778
2400,40252,56.00,18.324
2400,15599,52.50,17.179
2483,33952,6.50,2.414
2483,12169,63.50,20.778
2483,22873,63.50,20.778
2483,30556,53.50,17.506
2483,20945,52.50,17.179
2509,45898,63.50,20.778
2509,36997,63.50,20.778
2509,48787,63.50,20.778
2509,40252,56.00,18.324
2509,15599,52.50,17.179
2592,33952,6.50,2.414
2592,12169,63.50,20.778
2592,22873,63.50,20.778
2592,30556,53.50,17.506
2592,20945,52.50,17.179
2610,45898,63.50,20.778
2610,36997,63.50,20.778
2610,48787,63.50,20.778
2610,40252,56.00,18.324
2610,15599,52.50,17.179
2692,33952,6.50,2.414
2692,12169,63.50,20.778
2692,22873,63.50,20.778
2692,30556,53.50,17.506
2692,20945,52.50,17.179
2720,45898,63.50,20.778
2720,36997,63.50,20.778
2720,48787,63.50,20.778
2720,40252,56.00,18.324
2720,15599,52.50,17.179
2792,33952,6.50,2.414
2792,12169,63.50,20.778
2792,22873,63.50,20.778
2792,30556,63.50,20.778
2792,20945,52.50,17.179
2829,45898,63.50,20.778
2829,36997,63.50,20.778
2829,48787,63.50,20.778
2829,40252,56.00,18.324
2829,15599,52.50,17.179
2902,33952,6.50,2.414
2902,12169,63.50,20.778
2902,22873,63.50,20.778
2902,30556,63.50,20.778
2902,20945,52.50,17.179
2940,45898,63.50,20.778
2940,36997,63.50,20.778
2940,48787,63.50,20.778
2940,40252,56.00,18.324
2940,15599,52.50,17.179
3002,33952,6.50,2.414
3002,12169,63.50,20.778
3002,22873,63.50,20.778
3002,30556,63.50,20.778
3002,20945,52.50,17.179
3049,45898,63.50,20.778
3049,36997,63.50,20.778
3049,48787,63.50,20.778
3049,40252,56.00,18.324
3049,15599,52.50,17.179
3112,33952,6.50,2.414
3112,12169,63.50,20.778
3112,22873,63.50,20.778
3112,30556,63.50,20.778
3112,20945,52.50,17.179
3160,45898,63.50,20.778
3160,36997,63.50,20.778
3160,48787,63.50,20.778
3160,40252,56.00,18.324
3160,15599,52.50,17.179
3222,33952,6.50,2.414
3222,12169,63.50,20.778
3222,22873,63.50,20.778
3222,30556,63.50,20.778
3222,20945,52.50,17.179
3270,45898,63.50,20.778
3270,36997,63.50,20.778
3270,48787,63.50,20.778
3270,40252,56.00,18.324
3270,15599,52.50,17.179
3332,33952,6.50,2.414
3332,12169,63.50,20.778
3332,22873,63.50,20.778
3332,30556,63.50,20.778
3332,20945,52.50,17.179
3370,45898,63.50,20.778
3370,36997,63.50,20.778
3370,48787,63.50,20.778
3370,40252,56.00,18.324
3370,15599,52.50,17.179
3433,33952,6.50,2.414
3433,12169,63.50,20.778
3433,22873,63.50,20.778
3433,30556,63.50,20.778
3433,20945,52.50,17.179
3480,45898,63.50,20.778
3480,36997,63.50,20.778
3480,48787,63.50,20.778
3480,40252,56.00,18.324
3480,15599,52.50,17.179
3543,33952,6.50,2.414
3543,12169,63.50,20.778
3543,22873,63.50,20.778
3543,30556,63.50,20.778
3543,20945,52.50,17.179
3580,45898,63.50,20.778
3580,36997,63.50,20.778
3580,48787,63.50,20.778
3580,40252,56.00,18.324
3580,15599,52.50,17.179
3652,33952,6.50,2.414
3652,12169,63.50,20.778
3652,22873,63.50,20.778
3652,30556,63.50,20.778
3652,20945,52.50,17.179
3689,45898,63.50,20.778
3689,36997,63.50,20.778
3689,48787,63.50,20.778
3689,40252,56.00,18.324
3689,15599,52.50,17.179
3753,33952,6.50,2.414
3753,12169,63.50,20.778
3753,22873,63.50,20.778
3753,30556,63.50,20.778
3753,20945,52.50,17.179
3790,45898,63.50,20.778
3790,36997,63.50,20.778
3790,48787,63.50,20.778
3790,40252,56.00,18.324
3790,15599,52.50,17.179
3862,33952,6.50,2.414
3862,12169,63.50,20.778
3862,22873,63.50,20.778
3862,30556,63.50,20.778
3862,20945,52.50,17.179
3899,45898,63.50,20.778
3899,36997,63.50,20.778
3899,48787,63.50,20.778
3899,40252,56.00,18.324
3899,15599,52.50,17.179
3962,33952,6.50,2.414
3962,12169,63.50,20.778
3962,22873,63.50,20.778
3962,30556,63.50,20.778
3962,20945,52.50,17.179
4000,45898,63.50,20.778
4000,36997,63.50,20.778
4000,48787,63.50,20.778
4000,40252,56.00,18.324
4000,15599,52.50,17.179
4062,33952,6.50,2.414
4062,12169,63.50,20.778
4062,22873,63.50,20.778
4062,30556,63.50,20.778
4062,20945,52.50,17.179
4110,45898,63.50,20.778
4110,36997,63.50,20.778
4110,48787,63.50,20.778
4110,40252,56.00,18.324
4110,15599,52.50,17.179
4172,33952,6.50,2.414
4172,12169,63.50,20.778
4172,22873,63.50,20.778
4172,30556,63.50,20.778
4172,20945,52.50,17.179
4220,45898,63.50,20.778
4220,36997,63.50,20.778
4220,48787,63.50,20.778
4220,40252,56.00,18.324
4220,15599,52.50,17.179
4283,33952,6.50,2.414
4283,12169,63.50,20.778
4283,22873,63.50,20.778
4283,30556,63.50,20.778
4283,20945,52.50,17.179
4320,45898,63.50,20.778
4320,36997,63.50,20.778
4320,48787,63.50,20.778
4320,40252,56.00,18.324
4320,15599,52.50,17.179
4383,33952,6.50,2.414
4383,12169,63.50,20.778
4383,22873,63.50,20.778
4383,30556,63.50,20.778
4383,20945,52.50,17.179
4429,45898,63.50,20.778
4429,36997,63.50,20.778
4429,48787,63.50,20.778
4429,40252,56.00,18.324
4429,15599,52.50,17.179
4495,33952,6.50,2.414
4495,12169,63.50,20.778
4495,22873,63.50,20.778
4495,30556,63.50,20.778
4495,20945,52.50,17.179
4530,45898,63.50,20.778
4530,36997,63.50,20.778
4530,48787,63.50,20.778
4530,40252,56.00,18.324
4530,15599,52.50,17.179
4602,33952,6.50,2.414
4602,12169,63.50,20.778
4602,22873,63.50,20.778
4602,30556,63.50,20.778
4602,20945,52.50,17.179
4639,45898,63.50,20.778
4639,36997,63.50,20.778
4639,48787,63.50,20.778
4639,40252,56.00,18.324
4639,15599,52.50,17.179
4712,33952,6.50,2.414
4712,12169,63.50,20.778
4712,22873,63.50,20.778
4712,30556,63.50,20.778
4712,20945,52.50,17.179
4740,45898,63.50,20.778
4740,36997,63.50,20.778
4740,48787,63.50,20.778
4740,40252,56.00,18.324
4740,15599,52.50,17.179
4813,33952,6.50,2.414
4813,12169,63.50,20.778
4813,22873,63.50,20.778
4813,30556,63.50,20.778
4813,20945,52.50,17.179
4849,45898,63.50,20.778
4849,36997,63.50,20.778
4849,48787,63.50,20.778
4849,40252,56.00,18.324
4849,15599,52.50,17.179
4922,33952,6.50,2.414
4922,12169,63.50,20.778
4922,22873,63.50,20.778
4922,30556,63.50,20.778
4922,20945,52.50,17.179
4949,45898,63.50,20.778
4949,36997,63.50,20.778
4949,48787,63.50,20.778
4949,40252,56.00,18.324
4949,15599,52.50,17.179
5022,33952,6.50,2.414
5022,12169,63.50,20.778
5022,22873,63.50,20.778
5022,30556,63.50,20.778
5022,20945,52.50,17.179
5049,45898,63.50,20.778
5049,36997,63.50,20.778
5049,48787,63.50,20.778
5049,40252,56.00,18.324
5049,15599,52.50,17.179
5122,33952,6.50,2.414
5122,12169,63.50,20.778
5122,22873,63.50,20.778
5122,30556,63.50,20.778
5122,20945,52.50,17.179
5150,45898,63.50,20.778
5150,36997,63.50,20.778
5150,48787,63.50,20.778
5150,40252,56.00,18.324
5150,15599,52.50,17.179
5223,33952,6.50,2.414
5223,12169,63.50,20.778
5223,22873,63.50,20.778
5223,30556,63.50,20.778
5223,20945,52.50,17.179
5250,45898,63.50,20.778
5250,36997,63.50,20.778
5250,48787,63.50,20.778
5250,40252,56.00,18.324
5250,15599,52.50,17.179
5333,33952,6.50,2.414
5333,12169,63.50,20.778
5333,22873,63.50,20.778
5333,30556,63.50,20.778
5333,20945,52.50,17.179
5351,45898,63.50,20.778
5351,36997,63.50,20.778
5351,48787,63.50,20.778
5351,40252,56.00,18.324
5351,15599,52.50,17.179
5442,33952,6.50,2.414
5442,12169,63.50,20.778
5442,22873,63.50,20.778
5442,30556,63.50,20.778
5442,20945,52.50,17.179
5459,45898,63.50,20.778
5459,36997,63.50,20.778
5459,48787,63.50,20.778
5459,40252,56.00,18.324
5459,15599,52.50,17.179
5543,33952,6.50,2.414
5543,12169,63.50,20.778
5543,22873,63.50,20.778
5543,30556,63.50,20.778
5543,20945,52.50,17.179
5570,45898,63.50,20.778
5570,36997,63.50,20.778
5570,48787,63.50,20.778
5570,40252,56.00,18.324
5570,15599,52.50,17.179
5653,33952,6.50,2.414
5653,12169,63.50,20.778
5653,22873,63.50,20.778
5653,30556,63.50,20.778
5653,20945,52.50,17.179
5680,45898,63.50,20.778
5680,36997,63.50,20.778
5680,48787,63.50,20.778
5680,40252,56.00,18.324
5680,15599,52.50,17.179
5762,33952,6.50,2.414
5762,12169,63.50,20.778
5762,22873,63.50,20.778
5762,30556,63.50,20.778
5762,20945,52.50,17.179
5790,45898,63.50,20.778
5790,36997,63.50,20.778
5790,48787,63.50,20.778
5790,40252,56.00,18.324
5790,15599,52.50,17.179
5862,33952,6.50,2.414
5862,12169,63.50,20.778
5862,22873,63.50,20.778
5862,30556,63.50,20.778
5862,20945,52.50,17.179
5900,45898,63.50,20.778
5900,36997,63.50,20.778
5900,48787,63.50,20.778
5900,40252,56.00,18.324
5900,15599,52.50,17.179
5963,33952,6.50,2.414
5963,12169,63.50,20.778
5963,22873,63.50,20.778
5963,30556,63.50,20.778
5963,20945,52.50,17.179
6009,45898,63.50,20.778
6009,36997,63.50,20.778
6009,48787,63.50,20.778
6009,40252,56.00,18.324
6009,15599,52.50,17.179
6073,33952,6.50,2.414
6073,12169,63.50,20.778
6073,22873,63.50,20.778
6073,30556,53.50,17.506
6073,20945,52.50,17.179
6110,45898,63.50,20.778
6110,36997,63.50,20.778
6110,48787,63.50,20.778
6110,40252,56.00,18.324
6110,15599,52.50,17.179
6182,33952,6.50,2.414
6182,12169,63.50,20.778
6182,22873,63.50,20.778
6182,30556,53.50,17.506
6182,20945,52.50,17.179
6219,45898,63.50,20.778
6219,36997,63.50,20.778
6219,48787,63.50,20.778
6219,40252,56.00,18.324
6219,15599,52.50,17.179
6282,33952,6.50,2.414
6282,12169,63.50,20.778
6282,22873,63.50,20.778
6282,30556,53.50,17.506
6282,20945,52.50,17.179
6320,45898,63.50,20.778
6320,36997,63.50,20.778
6320,48787,63.50,20.778
6320,40252,56.00,18.324
6320,15599,52.50,17.179
6392,33952,6.50,2.414
6392,12169,63.50,20.778
6392,22873,63.50,20.778
6392,30556,53.50,17.506
6392,20945,52.50,17.179
6429,45898,63.50,20.778
6429,36997,63.50,20.778
6429,48787,63.50,20.778
6429,40252,56.00,18.324
6429,15599,52.50,17.179
6492,33952,6.50,2.414
6492,12169,63.50,20.778
6492,22873,63.50,20.778
6492,30556,53.50,17.506
6492,20945,52.50,17.179
6530,45898,63.50,20.778
6530,36997,63.50,20.778
6530,48787,63.50,20.778
6530,40252,56.00,18.324
6530,15599,52.50,17.179
6602,33952,6.50,2.414
6602,12169,63.50,20.778
6602,22873,63.50,20.778
6602,30556,53.50,17.506
6602,20945,52.50,17.179
6639,45898,63.50,20.778
6639,36997,63.50,20.778
6639,48787,63.50,20.778
6639,40252,56.00,18.324
6639,15599,52.50,17.179
6702,33952,6.50,2.414
6702,12169,63.50,20.778
6702,22873,63.50,20.778
6702,30556,53.50,17.506
6702,20945,52.50,17.179
6749,45898,63.50,20.778
6749,36997,63.50,20.778
6749,48787,63.50,20.778
6749,40252,56.00,18.324
6749,15599,52.50,17.179
6813,33952,6.50,2.414
6813,12169,63.50,20.778
6813,22873,63.50,20.778
6813,30556,63.50,20.778
6813,20945,52.50,17.179
6849,45898,63.50,20.778
6849,36997,63.50,20.778
6849,48787,63.50,20.778
6849,40252,56.00,18.324
6849,15599,52.50,17.179
6922,33952,6.50,2.414
6922,12169,63.50,20.778
6922,22873,63.50,20.778
6922,30556,63.50,20.778
6922,20945,52.50,17.179
6960,45898,63.50,20.778
6960,36997,63.50,20.778
6960,48787,63.50,20.778
6960,40252,56.00,18.324
6960,15599,52.50,17.179
7022,33952,6.50,2.414
7022,12169,63.50,20.778
7022,22873,63.50,20.778
7022,30556,63.50,20.778
7022,20945,52.50,17.179
7070,45898,63.50,20.778
7070,36997,63.50,20.778
7070,48787,63.50,20.778
7070,40252,56.00,18.324
7070,15599,52.50,17.179
7122,33952,6.50,2.414
7122,12169,63.50,20.778
7122,22873,63.50,20.778
7122,30556,63.50,20.778
7122,20945,52.50,17.179
7179,45898,63.50,20.778
7179,36997,63.50,20.778
7179,48787,63.50,20.778
7179,40252,56.00,18.324
7179,15599,52.50,17.179
7222,33952,6.50,2.414
7222,12169,63.50,20.778
7222,22873,63.50,20.778
7222,30556,63.50,20.778
7222,20945,52.50,17.179
7279,45898,63.50,20.778
7279,36997,63.50,20.778
7279,48787,63.50,20.778
7279,40252,56.00,18.324
7279,15599,52.50,17.179
7322,33952,6.50,2.414
7322,12169,63.50,20.778
7322,22873,63.50,20.778
7322,30556,63.50,20.778
7322,20945,52.50,17.179
7380,45898,63.50,20.778
7380,36997,63.50,20.778
7380,48787,63.50,20.778
7380,40252,56.00,18.324
7380,15599,52.50,17.179
7423,33952,6.50,2.414
7423,12169,63.50,20.778
7423,22873,63.50,20.778
7423,30556,63.50,20.778
7423,20945,52.50,17.179
7481,45898,63.50,20.778
7481,36997,63.50,20.778
7481,48787,63.50,20.778
7481,40252,56.00,18.324
7481,15599,52.50,17.179
7523,33952,6.50,2.414
7523,12169,63.50,20.778
7523,22873,63.50,20.778
7523,30556,63.50,20.778
7523,20945,52.50,17.179
7589,45898,63.50,20.778
7589,36997,63.50,20.778
7589,48787,63.50,20.778
7589,40252,56.00,18.324
7589,15599,52.50,17.179
7632,33952,6.50,2.414
7632,12169,63.50,20.778
7632,22873,63.50,20.778
7632,30556,63.50,20.778
7632,20945,52.50,17.179
7690,45898,63.50,20.778
7690,36997,63.50,20.778
7690,48787,63.50,20.778
7690,40252,56.00,18.324
7690,15599,52.50,17.179
7732,33952,6.50,2.414
7732,12169,63.50,20.778
7732,22873,63.50,20.778
7732,30556,63.50,20.778
7732,20945,52.50,17.179
7799,45898,63.50,20.778
7799,36997,63.50,20.778
7799,48787,63.50,20.778
7799,40252,56.00,18.324
7799,15599,52.50,17.179
7842,33952,6.50,2.414
7842,12169,63.50,20.778
7842,22873,63.50,20.778
7842,30556,63.50,20.778
7842,20945,52.50,17.179
7910,45898,63.50,20.778
7910,36997,63.50,20.778
7910,48787,63.50,20.778
7910,40252,56.00,18.324
7910,15599,52.50,17.179
7953,33952,6.50,2.414
7953,12169,63.50,20.778
7953,22873,63.50,20.778
7953,30556,63.50,20.778
7953,20945,52.50,17.179
8019,45898,63.50,20.778
8019,36997,63.50,20.778
8019,48787,63.50,20.778
8019,40252,56.00,18.324
8019,15599,52.50,17.179
8062,33952,6.50,2.414
8062,12169,63.50,20.778
8062,22873,63.50,20.778
8062,30556,63.50,20.778
8062,20945,52.50,17.179
8119,45898,63.50,20.778
8119,36997,63.50,20.778
8119,48787,63.50,20.778
8119,40252,56.00,18.324
8119,15599,52.50,17.179
8163,33952,6.50,2.414
8163,12169,63.50,20.778
8163,22873,63.50,20.778
8163,30556,63.50,20.778
8163,20945,52.50,17.179
8220,45898,63.50,20.778
8220,36997,63.50,20.778
8220,48787,63.50,20.778
8220,40252,56.00,18.324
8220,15599,52.50,17.179
8272,33952,6.50,2.414
8272,12169,63.50,20.778
8272,22873,63.50,20.778
8272,30556,63.50,20.778
8272,20945,52.50,17.179
8329,45898,63.50,20.778
8329,36997,63.50,20.778
8329,48787,63.50,20.778
8329,40252,56.00,18.324
8329,15599,52.50,17.179
8382,33952,6.50,2.414
8382,12169,63.50,20.778
8382,22873,63.50,20.778
8382,30556,63.50,20.778
8382,20945,52.50,17.179
8430,45898,63.50,20.778
8430,36997,63.50,20.778
8430,48787,63.50,20.778
8430,40252,56.00,18.324
8430,15599,52.50,17.179
8492,33952,6.50,2.414
8492,12169,63.50,20.778
8492,22873,63.50,20.778
8492,30556,63.50,20.778
8492,20945,52.50,17.179
8540,45898,63.50,20.778
8540,36997,63.50,20.778
8540,48787,63.50,20.778
8540,40252,56.00,18.324
8540,15599,52.50,17.179
8593,33952,6.50,2.414
8593,12169,63.50,20.778
8593,22873,63.50,20.778
8593,30556,63.50,20.778
8593,20945,52.50,17.179
8649,45898,63.50,20.778
8649,36997,63.50,20.778
8649,48787,63.50,20.778
8649,40252,56.00,18.324
8649,15599,52.50,17.179
8694,33952,6.50,2.414
8694,12169,63.50,20.778
8694,22873,63.50,20.778
8694,30556,63.50,20.778
8694,20945,52.50,17.179
8759,45898,63.50,20.778
8759,36997,63.50,20.778
8759,48787,63.50,20.778
8759,40252,56.00,18.324
8759,15599,52.50,17.179
8802,33952,6.50,2.414
8802,12169,63.50,20.778
8802,22873,63.50,20.778
8802,30556,63.50,20.778
8802,20945,52.50,17.179
8860,45898,63.50,20.778
8860,36997,63.50,20.778
8860,48787,63.50,20.778
8860,40252,56.00,18.324
8860,15599,52.50,17.179
8904,33952,6.50,2.414
8904,12169,63.50,20.778
8904,22873,63.50,20.778
8904,30556,63.50,20.778
8904,20945,52.50,17.179
8960,45898,63.50,20.778
8960,36997,63.50,20.778
8960,48787,63.50,20.778
8960,40252,56.00,18.324
8960,15599,52.50,17.179
9013,33952,6.50,2.414
9013,12169,63.50,20.778
9013,22873,63.50,20.778
9013,30556,63.50,20.778
9013,20945,52.50,17.179
9060,45898,63.50,20.778
9060,36997,63.50,20.778
9060,48787,63.50,20.778
9060,40252,56.00,18.324
9060,15599,52.50,17.179
9122,33952,6.50,2.414
9122,12169,63.50,20.778
9122,22873,63.50,20.778
9122,30556,63.50,20.778
9122,20945,52.50,17.179
9170,45898,63.50,20.778
9170,36997,63.50,20.778
9170,48787,63.50,20.778
9170,40252,56.00,18.324
9170,15599,52.50,17.179
9235,33952,6.50,2.414
9235,12169,63.50,20.778
9235,22873,63.50,20.778
9235,30556,63.50,20.778
9235,20945,52.50,17.179
9270,45898,63.50,20.778
9270,36997,63.50,20.778
9270,48787,63.50,20.778
9270,40252,56.00,18.324
9270,15599,52.50,17.179
9342,33952,6.50,2.414
9342,12169,63.50,20.778
9342,22873,63.50,20.778
9342,30556,63.50,20.778
9342,20945,52.50,17.179
9380,45898,63.50,20.778
9380,36997,63.50,20.778
9380,48787,63.50,20.778
9380,40252,56.00,18.324
9380,15599,52.50,17.179
9442,33952,6.50,2.414
9442,12169,63.50,20.778
9442,22873,63.50,20.778
9442,30556,63.50,20.778
9442,20945,52.50,17.179
9489,45898,63.50,20.778
9489,36997,63.50,20.778
9489,48787,63.50,20.778
9489,40252,56.00,18.324
9489,15599,52.50,17.179
9542,33952,6.50,2.414
9542,12169,63.50,20.778
9542,22873,63.50,20.778
9542,30556,63.50,20.778
9542,20945,52.50,17.179
9590,45898,63.50,20.778
9590,36997,63.50,20.778
9590,48787,63.50,20.778
9590,40252,56.00,18.324
9590,15599,52.50,17.179
9652,33952,6.50,2.414
9652,12169,63.50,20.778
9652,22873,63.50,20.778
9652,30556,63.50,20.778
9652,20945,52.50,17.179
9690,45898,63.50,20.778
9690,36997,63.50,20.778
9690,48787,63.50,20.778
9690,40252,56.00,18.324
9690,15599,52.50,17.179
9752,33952,6.50,2.414
9752,12169,63.50,20.778
9752,22873,63.50,20.778
9752,30556,63.50,20.778
9752,20945,52.50,17.179
9800,45898,63.50,20.778
9800,36997,63.50,20.778
9800,48787,63.50,20.778
9800,40252,56.00,18.324
9800,15599,52.50,17.179
9862,33952,6.50,2.414
9862,12169,63.50,20.778
9862,22873,63.50,20.778
9862,30556,63.50,20.778
9862,20945,52.50,17.179
9900,45898,63.50,20.778
9900,36997,63.50,20.778
9900,48787,63.50,20.778
9900,40252,56.00,18.324
9900,15599,52.50,17.179
9962,33952,6.50,2.414
9962,12169,63.50,20.778
9962,22873,63.50,20.778
9962,30556,53.50,17.506
9962,20945,52.00,17.015
10010,45898,63.50,20.778
10010,36997,63.50,20.778
10010,48787,63.50,20.778
10010,40252,56.00,18.324
10010,15599,52.50,17.179
10072,33952,6.50,2.414
10072,12169,63.50,20.778
10072,22873,63.50,20.778
10072,30556,53.50,17.506
10072,20945,52.00,17.015
10120,45898,63.50,20.778
10120,36997,63.50,20.778
10120,48787,63.50,20.778
10120,40252,56.00,18.324
10120,15599,52.50,17.179
10182,33952,6.50,2.414
10182,12169,63.50,20.778
10182,22873,63.50,20.778
10182,30556,53.50,17.506
10182,20945,52.00,17.015
10230,45898,63.50,20.778
10230,36997,63.50,20.778
10230,48787,63.50,20.778
10230,40252,56.00,18.324
10230,15599,52.50,17.179
10282,33952,6.50,2.414
10282,12169,63.50,20.778
10282,22873,63.50,20.778
10282,30556,53.50,17.506
10282,20945,63.50,20.778
10340,45898,63.50,20.778
10340,36997,63.50,20.778
10340,48787,63.50,20.778
10340,40252,56.00,18.324
10340,15599,52.50,17.179
10392,33952,6.50,2.414
10392,12169,63.50,20.778
10392,22873,63.50,20.778
10392,30556,53.50,17.506
10392,20945,63.50,20.778
10450,45898,63.50,20.778
10450,36997,63.50,20.778
10450,48787,63.50,20.778
10450,40252,56.00,18.324
10450,15599,52.50,17.179
10503,33952,6.50,2.414
10503,12169,63.50,20.778
10503,22873,63.50,20.778
10503,30556,53.50,17.506
10503,20945,63.50,20.778
10559,45898,63.50,20.778
10559,36997,63.50,20.778
10559,48787,63.50,20.778
10559,40252,56.00,18.324
10559,15599,52.50,17.179
10612,33952,6.50,2.414
10612,12169,63.50,20.778
10612,22873,63.50,20.778
10612,30556,53.50,17.506
10612,20945,63.50,20.778
10660,45898,63.50,20.778
10660,36997,63.50,20.778
10660,48787,63.50,20.778
10660,40252,56.00,18.324
10660,15599,52.50,17.179
10714,33952,6.50,2.414
10714,12169,63.50,20.778
10714,22873,63.50,20.778
10714,30556,63.50,20.778
10714,20945,63.50,20.778
10769,45898,63.50,20.778
10769,36997,63.50,20.778
10769,48787,63.50,20.778
10769,40252,56.00,18.324
10769,15599,52.50,17.179
10822,33952,6.50,2.414
10822,12169,63.50,20.778
10822,22873,63.50,20.778
10822,30556,63.50,20.778
10822,20945,63.50,20.778
10870,45898,63.50,20.778
10870,36997,63.50,20.778
10870,48787,63.50,20.778
10870,40252,56.00,18.324
10870,15599,52.50,17.179
10922,33952,6.50,2.414
10922,12169,63.50,20.778
10922,22873,63.50,20.778
10922,30556,63.50,20.778
10922,20945,63.50,20.778
10980,45898,63.50,20.778
10980,36997,63.50,20.778
10980,48787,63.50,20.778
10980,40252,56.00,18.324
10980,15599,52.50,17.179
11022,33952,6.50,2.414
11022,12169,63.50,20.778
11022,22873,63.50,20.778
11022,30556,63.50,20.778
11022,20945,63.50,20.778
11080,45898,63.50,20.778
11080,36997,63.50,20.778
11080,48787,63.50,20.778
11080,40252,56.00,18.324
11080,15599,52.50,17.179
11133,33952,6.50,2.414
11133,12169,63.50,20.778
11133,22873,63.50,20.778
11133,30556,63.50,20.778
11133,20945,63.50,20.778
11189,45898,63.50,20.778
11189,36997,63.50,20.778
11189,48787,63.50,20.778
11189,40252,56.00,18.324
11189,15599,52.50,17.179
11242,33952,6.50,2.414
11242,12169,63.50,20.778
11242,22873,63.50,20.778
11242,30556,63.50,20.778
11242,20945,63.50,20.778
11290,45898,63.50,20.778
11290,36997,63.50,20.778
11290,48787,63.50,20.778
11290,40252,56.00,18.324
11290,15599,52.50,17.179
11343,33952,6.50,2.414
11343,12169,63.50,20.778
11343,22873,63.50,20.778
11343,30556,63.50,20.778
11343,20945,63.50,20.778
11400,45898,63.50,20.778
11400,36997,63.50,20.778
11400,48787,63.50,20.778
11400,40252,56.00,18.324
11400,15599,52.50,17.179
11443,33952,6.50,2.414
11443,12169,63.50,20.778
11443,22873,63.50,20.778
11443,30556,63.50,20.778
11443,20945,63.50,20.778
11509,45898,63.50,20.778
11509,36997,63.50,20.778
11509,48787,63.50,20.778
11509,40252,56.00,18.324
11509,15599,52.50,17.179
11552,33952,6.50,2.414
11552,12169,63.50,20.778
11552,22873,63.50,20.778
11552,30556,63.50,20.778
11552,20945,63.50,20.778
11619,45898,63.50,20.778
11619,36997,63.50,20.778
11619,48787,63.50,20.778
11619,40252,56.00,18.324
11619,15599,52.50,17.179
11652,33952,6.50,2.414
11652,12169,63.50,20.778
11652,22873,63.50,20.778
11652,30556,63.50,20.778
11652,20945,63.50,20.778
11719,45898,63.50,20.778
11719,36997,63.50,20.778
11719,48787,63.50,20.778
11719,40252,56.00,18.324
11719,15599,52.50,17.179
11762,33952,6.50,2.414
11762,12169,63.50,20.778
11762,22873,63.50,20.778
11762,30556,63.50,20.778
11762,20945,63.50,20.778
11829,45898,63.50,20.778
11829,36997,63.50,20.778
11829,48787,63.50,20.778
11829,40252,56.00,18.324
11829,15599,52.50,17.179
11862,33952,6.50,2.414
11862,12169,63.50,20.778
11862,22873,63.50,20.778
11862,30556,63.50,20.778
11862,20945,63.50,20.778
11929,45898,63.50,20.778
11929,36997,63.50,20.778
11929,48787,63.50,20.778
11929,40252,56.00,18.324
11929,15599,52.50,17.179
11962,33952,6.50,2.414
11962,12169,63.50,20.778
11962,22873,63.50,20.778
11962,30556,63.50,20.778
11962,20945,63.50,20.778
12030,45898,63.50,20.778
12030,36997,63.50,20.778
12030,48787,63.50,20.778
12030,40252,56.00,18.324
12030,15599,52.50,17.179
12073,33952,6.50,2.414
12073,12169,63.50,20.778
12073,22873,63.50,20.778
12073,30556,63.50,20.778
12073,20945,63.50,20.778
12140,45898,63.50,20.778
12140,36997,63.50,20.778
12140,48787,63.50,20.778
12140,40252,56.00,18.324
12140,15599,52.50,17.179
12184,33952,6.50,2.414
12184,12169,63.50,20.778
12184,22873,63.50,20.778
12184,30556,63.50,20.778
12184,20945,63.50,20.778
12250,45898,63.50,20.778
12250,36997,63.50,20.778
12250,48787,63.50,20.778
12250,40252,56.00,18.324
12250,15599,52.50,17.179
12292,33952,6.50,2.414
12292,12169,63.50,20.778
12292,22873,63.50,20.778
12292,30556,63.50,20.778
12292,20945,63.50,20.778
12359,45898,63.50,20.778
12359,36997,63.50,20.778
12359,48787,63.50,20.778
12359,40252,56.00,18.324
12359,15599,52.50,17.179
12402,33952,6.50,2.414
12402,12169,63.50,20.778
12402,22873,63.50,20.778
12402,30556,63.50,20.778
12402,20945,63.50,20.778
12460,45898,63.50,20.778
12460,36997,63.50,20.778
12460,48787,63.50,20.778
12460,40252,56.00,18.324
12460,15599,52.50,17.179
12512,33952,63.50,20.778
12512,12169,63.50,20.778
12512,22873,63.50,20.778
12512,30556,63.50,20.778
12512,20945,63.50,20.778
12570,45898,63.50,20.778
12570,36997,63.50,20.778
12570,48787,63.50,20.778
12570,40252,56.00,18.324
12570,15599,52.50,17.179
12613,33952,63.50,20.778
12613,12169,63.50,20.778
12613,22873,63.50,20.778
12613,30556,63.50,20.778
12613,20945,63.50,20.778
12680,45898,63.50,20.778
12680,36997,63.50,20.778
12680,48787,63.50,20.778
12680,40252,56.00,18.324
12680,15599,52.50,17.179
12723,33952,63.50,20.778
12723,12169,63.50,20.778
12723,22873,63.50,20.778
12723,30556,63.50,20.778
12723,20945,63.50,20.778
12790,45898,63.50,20.778
12790,36997,63.50,20.778
12790,48787,63.50,20.778
12790,40252,56.00,18.324
12790,15599,52.50,17.179
12832,33952,63.50,20.778
12832,12169,63.50,20.778
12832,22873,63.50,20.778
12832,30556,63.50,20.778
12832,20945,63.50,20.778
12899,45898,63.50,20.778
12899,36997,63.50,20.778
12899,48787,63.50,20.778
12899,40252,56.00,18.324
12899,15599,52.50,17.179
12933,33952,63.50,20.778
12933,12169,63.50,20.778
12933,22873,63.50,20.778
12933,30556,63.50,20.778
12933,20945,63.50,20.778
13000,45898,63.50,20.778
13000,36997,63.50,20.778
13000,48787,63.50,20.778
13000,40252,56.00,18.324
13000,15599,52.50,17.179
13042,33952,63.50,20.778
13042,12169,63.50,20.778
13042,22873,63.50,20.778
13042,30556,63.50,20.778
13042,20945,63.50,20.778
13100,45898,63.50,20.778
13100,36997,63.50,20.778
13100,48787,63.50,20.778
13100,40252,56.00,18.324
13100,15599,52.50,17.179
13153,33952,63.50,20.778
13153,12169,63.50,20.778
13153,22873,63.50,20.778
13153,30556,63.50,20.778
13153,20945,63.50,20.778
13200,45898,63.50,20.778
13200,36997,63.50,20.778
13200,48787,63.50,20.778
13200,40252,56.00,18.324
13200,15599,52.50,17.179
13262,33952,63.50,20.778
13262,12169,63.50,20.778
13262,22873,63.50,20.778
13262,30556,63.50,20.778
13262,20945,63.50,20.778
13300,45898,63.50,20.778
13300,36997,63.50,20.778
13300,48787,63.50,20.778
13300,40252,56.00,18.324
13300,15599,52.50,17.179
13375,33952,63.50,20.778
13375,12169,63.50,20.778
13375,22873,63.50,20.778
13375,30556,63.50,20.778
13375,20945,63.50,20.778
13400,45898,63.50,20.778
13400,36997,63.50,20.778
13400,48787,63.50,20.778
13400,40252,56.00,18.324
13400,15599,52.50,17.179
13475,33952,63.50,20.778
13475,12169,63.50,20.778
13475,22873,63.50,20.778
13475,30556,63.50,20.778
13475,20945,63.50,20.778
13500,45898,63.50,20.778
13500,36997,63.50,20.778
13500,48787,63.50,20.778
13500,40252,56.00,18.324
13500,15599,52.50,17.179
13582,33952,63.50,20.778
13582,12169,63.50,20.778
13582,22873,63.50,20.778
13582,30556,63.50,20.778
13582,20945,63.50,20.778
13610,45898,63.50,20.778
13610,36997,63.50,20.778
13610,48787,63.50,20.778
13610,40252,56.00,18.324
13610,15599,52.50,17.179
13682,33952,63.50,20.778
13682,12169,63.50,20.778
13682,22873,63.50,20.778
13682,30556,63.50,20.778
13682,20945,63.50,20.778
13720,45898,63.50,20.778
13720,36997,63.50,20.778
13720,48787,63.50,20.778
13720,40252,56.00,18.324
13720,15599,52.50,17.179
13782,33952,63.50,20.778
13782,12169,63.50,20.778
13782,22873,63.50,20.778
13782,30556,63.50,20.778
13782,20945,63.50,20.778
13830,45898,63.50,20.778
13830,36997,63.50,20.778
13830,48787,63.50,20.778
13830,40252,56.00,18.324
13830,15599,52.50,17.179
13883,33952,63.50,20.778
13883,12169,63.50,20.778
13883,22873,63.50,20.778
13883,30556,63.50,20.778
13883,20945,63.50,20.778
13940,45898,63.50,20.778
13940,36997,63.50,20.778
13940,48787,63.50,20.778
13940,40252,56.00,18.324
13940,15599,52.50,17.179
13984,33952,63.50,20.778
13984,12169,63.50,20.778
13984,22873,63.50,20.778
13984,30556,53.50,17.506
13984,20945,52.50,17.179
14040,45898,63.50,20.778
14040,36997,63.50,20.778
14040,48787,63.50,20.778
14040,40252,56.00,18.324
14040,15599,52.50,17.179
14092,33952,63.50,20.778
14092,12169,63.50,20.778
14092,22873,63.50,20.778
14092,30556,53.50,17.506
14092,20945,52.50,17.179
14149,45898,63.50,20.778
14149,36997,63.50,20.778
14149,48787,63.50,20.778
14149,40252,56.00,18.324
14149,15599,52.50,17.179
14202,33952,6.50,2.414
14202,12169,63.50,20.778
14202,22873,63.50,20.778
14202,30556,53.50,17.506
14202,20945,52.50,17.179
14259,45898,63.50,20.778
14259,36997,63.50,20.778
14259,48787,63.50,20.778
14259,40252,56.00,18.324
14259,15599,52.50,17.179
14312,33952,6.50,2.414
14312,12169,63.50,20.778
14312,22873,63.50,20.778
14312,30556,53.50,17.506
14312,20945,52.50,17.179
14360,45898,63.50,20.778
14360,36997,63.50,20.778
14360,48787,63.50,20.778
14360,40252,56.00,18.324
14360,15599,52.50,17.179
14413,33952,6.50,2.414
14413,12169,63.50,20.778
14413,22873,63.50,20.778
14413,30556,53.50,17.506
14413,20945,52.50,17.179
14470,45898,63.50,20.778
14470,36997,63.50,20.778
14470,48787,63.50,20.778
14470,40252,56.00,18.324
14470,15599,52.50,17.179
14523,33952,6.50,2.414
14523,12169,63.50,20.778
14523,22873,63.50,20.778
14523,30556,53.50,17.506
14523,20945,52.50,17.179
14580,45898,63.50,20.778
14580,36997,63.50,20.778
14580,48787,63.50,20.778
14580,40252,56.00,18.324
14580,15599,52.50,17.179
14632,33952,6.50,2.414
14632,12169,63.50,20.778
14632,22873,63.50,20.778
14632,30556,53.50,17.506
14632,20945,52.50,17.179
14690,45898,63.50,20.778
14690,36997,63.50,20.778
14690,48787,63.50,20.778
14690,40252,56.00,18.324
14690,15599,52.50,17.179
14732,33952,6.50,2.414
14732,12169,63.50,20.778
14732,22873,63.50,20.778
14732,30556,63.50,20.778
14732,20945,52.50,17.179
14800,45898,63.50,20.778
14800,36997,63.50,20.778
14800,48787,63.50,20.778
14800,40252,56.00,18.324
14800,15599,52.50,17.179
14843,33952,6.50,2.414
14843,12169,63.50,20.778
14843,22873,63.50,20.778
14843,30556,63.50,20.778
14843,20945,52.50,17.179
14901,45898,63.50,20.778
14901,36997,63.50,20.778
14901,48787,63.50,20.778
14901,40252,56.00,18.324
14901,15599,52.50,17.179
14953,33952,6.50,2.414
14953,12169,63.50,20.778
14953,22873,63.50,20.778
14953,30556,63.50,20.778
14953,20945,52.50,17.179
15010,45898,63.50,20.778
15010,36997,63.50,20.778
15010,48787,63.50,20.778
15010,40252,56.00,18.324
15010,15599,52.50,17.179
15062,33952,6.50,2.414
15062,12169,63.50,20.778
15062,22873,63.50,20.778
15062,30556,63.50,20.778
15062,20945,52.50,17.179
15120,45898,63.50,20.778
15120,36997,63.50,20.778
15120,48787,63.50,20.778
15120,40252,56.00,18.324
15120,15599,52.50,17.179
15162,33952,6.50,2.414
15162,12169,63.50,20.778
15162,22873,63.50,20.778
15162,30556,63.50,20.778
15162,20945,52.50,17.179
15230,45898,63.50,20.778
15230,36997,63.50,20.778
15230,48787,63.50,20.778
15230,40252,56.00,18.324
15230,15599,52.50,17.179
15273,33952,6.50,2.414
15273,12169,63.50,20.778
15273,22873,63.50,20.778
15273,30556,63.50,20.778
15273,20945,52.50,17.179
15331,45898,63.50,20.778
15331,36997,63.50,20.778
15331,48787,63.50,20.778
15331,40252,56.00,18.324
15331,15599,52.50,17.179
15382,33952,6.50,2.414
15382,12169,63.50,20.778
15382,22873,63.50,20.778
15382,30556,63.50,20.778
15382,20945,52.50,17.179
15440,45898,63.50,20.778
15440,36997,63.50,20.778
15440,48787,63.50,20.778
15440,40252,56.00,18.324
15440,15599,52.50,17.179
15494,33952,6.50,2.414
15494,12169,63.50,20.778
15494,22873,63.50,20.778
15494,30556,63.50,20.778
15494,20945,52.50,17.179
15541,45898,63.50,20.778
15541,36997,63.50,20.778
15541,48787,63.50,20.778
15541,40252,56.00,18.324
15541,15599,52.50,17.179
15602,33952,6.50,2.414
15602,12169,63.50,20.778
15602,22873,63.50,20.778
15602,30556,63.50,20.778
15602,20945,52.50,17.179
15649,45898,63.50,20.778
15649,36997,63.50,20.778
15649,48787,63.50,20.778
15649,40252,56.00,18.324
15649,15599,52.50,17.179
15703,33952,6.50,2.414
15703,12169,63.50,20.778
15703,22873,63.50,20.778
15703,30556,63.50,20.778
15703,20945,52.50,17.179
15750,45898,63.50,20.778
15750,36997,63.50,20.778
15750,48787,63.50,20.778
15750,40252,56.00,18.324
15750,15599,52.50,17.179
15812,33952,6.50,2.414
15812,12169,63.50,20.778
15812,22873,63.50,20.778
15812,30556,63.50,20.778
15812,20945,52.50,17.179
15859,45898,63.50,20.778
15859,36997,63.50,20.778
15859,48787,63.50,20.778
15859,40252,56.00,18.324
15859,15599,52.50,17.179
15922,33952,6.50,2.414
15922,12169,63.50,20.778
15922,22873,63.50,20.778
15922,30556,63.50,20.778
15922,20945,52.50,17.179
15970,45898,63.50,20.778
15970,36997,63.50,20.778
15970,48787,63.50,20.778
15970,40252,56.00,18.324
15970,15599,52.50,17.179
16032,33952,6.50,2.414
16032,12169,63.50,20.778
16032,22873,63.50,20.778
16032,30556,63.50,20.778
16032,20945,52.50,17.179
16080,45898,63.50,20.778
16080,36997,63.50,20.778
16080,48787,63.50,20.778
16080,40252,56.00,18.324
16080,15599,52.50,17.179
16142,33952,6.50,2.414
16142,12169,63.50,20.778
16142,22873,63.50,20.778
16142,30556,63.50,20.778
16142,20945,52.50,17.179
16180,45898,63.50,20.778
16180,36997,63.50,20.778
16180,48787,63.50,20.778
16180,40252,56.00,18.324
16180,15599,52.50,17.179
16243,33952,6.50,2.414
16243,12169,63.50,20.778
16243,22873,63.50,20.778
16243,30556,63.50,20.778
16243,20945,52.50,17.179
16280,45898,63.50,20.778
16280,36997,63.50,20.778
16280,48787,63.50,20.778
16280,40252,56.00,18.324
16280,15599,52.50,17.179
16352,33952,6.50,2.414
16352,12169,63.50,20.778
16352,22873,63.50,20.778
16352,30556,63.50,20.778
16352,20945,52.50,17.179
16390,45898,63.50,20.778
16390,36997,63.50,20.778
16390,48787,63.50,20.778
16390,40252,56.00,18.324
16390,15599,52.50,17.179
16453,33952,6.50,2.414
16453,12169,63.50,20.778
16453,22873,63.50,20.778
16453,30556,63.50,20.778
16453,20945,52.50,17.179
16490,45898,63.50,20.778
16490,36997,63.50,20.778
16490,48787,63.50,20.778
16490,40252,56.00,18.324
16490,15599,52.50,17.179
16564,33952,63.50,20.778
16564,12169,63.50,20.778
16564,22873,63.50,20.778
16564,30556,63.50,20.778
16564,20945,52.50,17.179
16600,45898,63.50,20.778
16600,36997,63.50,20.778
16600,48787,63.50,20.778
16600,40252,56.00,18.324
16600,15599,52.50,17.179
16673,33952,63.50,20.778
16673,12169,63.50,20.778
16673,22873,63.50,20.778
16673,30556,63.50,20.778
16673,20945,52.50,17.179
16701,45898,63.50,20.778
16701,36997,63.50,20.778
16701,48787,63.50,20.778
16701,40252,56.00,18.324
16701,15599,52.50,17.179
16774,33952,63.50,20.778
16774,12169,63.50,20.778
16774,22873,63.50,20.778
16774,30556,63.50,20.778
16774,20945,52.50,17.179
16810,45898,63.50,20.778
16810,36997,63.50,20.778
16810,48787,63.50,20.778
16810,40252,56.00,18.324
16810,15599,52.50,17.179
16882,33952,63.50,20.778
16882,12169,63.50,20.778
16882,22873,63.50,20.778
16882,30556,63.50,20.778
16882,20945,52.50,17.179
16920,45898,63.50,20.778
16920,36997,63.50,20.778
16920,48787,63.50,20.778
16920,40252,56.00,18.324
16920,15599,52.50,17.179
16983,33952,63.50,20.778
16983,12169,63.50,20.778
16983,22873,63.50,20.778
16983,30556,63.50,20.778
16983,20945,52.50,17.179
17029,45898,63.50,20.778
17029,36997,63.50,20.778
17029,48787,63.50,20.778
17029,40252,56.00,18.324
17029,15599,52.50,17.179
17092,33952,63.50,20.778
17092,12169,63.50,20.778
17092,22873,63.50,20.778
17092,30556,63.50,20.778
17092,20945,52.50,17.179
17130,45898,63.50,20.778
17130,36997,63.50,20.778
17130,48787,63.50,20.778
17130,40252,56.00,18.324
17130,15599,52.50,17.179
17192,33952,63.50,20.778
17192,12169,63.50,20.778
17192,22873,63.50,20.778
17192,30556,63.50,20.778
17192,20945,52.50,17.179
17230,45898,63.50,20.778
17230,36997,63.50,20.778
17230,48787,63.50,20.778
17230,40252,56.00,18.324
17230,15599,52.50,17.179
17302,33952,63.50,20.778
17302,12169,63.50,20.778
17302,22873,63.50,20.778
17302,30556,63.50,20.778
17302,20945,52.50,17.179
17339,45898,63.50,20.778
17339,36997,63.50,20.778
17339,48787,63.50,20.778
17339,40252,56.00,18.324
17339,15599,52.50,17.179
17403,33952,63.50,20.778
17403,12169,63.50,20.778
17403,22873,63.50,20.778
17403,30556,63.50,20.778
17403,20945,52.50,17.179
17440,45898,63.50,20.778
17440,36997,63.50,20.778
17440,48787,63.50,20.778
17440,40252,56.00,18.324
17440,15599,52.50,17.179
17512,33952,63.50,20.778
17512,12169,63.50,20.778
17512,22873,63.50,20.778
17512,30556,63.50,20.778
17512,20945,52.50,17.179
17549,45898,63.50,20.778
17549,36997,63.50,20.778
17549,48787,63.50,20.778
17549,40252,56.00,18.324
17549,15599,52.50,17.179
17612,33952,63.50,20.778
17612,12169,63.50,20.778
17612,22873,63.50,20.778
17612,30556,63.50,20.778
17612,20945,52.50,17.179
17650,45898,63.50,20.778
17650,36997,63.50,20.778
17650,48787,63.50,20.778
17650,40252,56.00,18.324
17650,15599,52.50,17.179
17724,33952,63.50,20.778
17724,12169,63.50,20.778
17724,22873,63.50,20.778
17724,30556,63.50,20.778
17724,20945,52.50,17.179
17750,45898,63.50,20.778
17750,36997,63.50,20.778
17750,48787,63.50,20.778
17750,40252,56.00,18.324
17750,15599,52.50,17.179
17835,33952,63.50,20.778
17835,12169,63.50,20.778
17835,22873,63.50,20.778
17835,30556,63.50,20.778
17835,20945,52.50,17.179
17859,45898,63.50,20.778
17859,36997,63.50,20.778
17859,48787,63.50,20.778
17859,40252,56.00,18.324
17859,15599,52.50,17.179
17943,33952,63.50,20.778
17943,12169,63.50,20.778
17943,22873,63.50,20.778
17943,30556,53.50,17.506
17943,20945,52.50,17.179
17970,45898,63.50,20.778
17970,36997,63.50,20.778
17970,48787,63.50,20.778
17970,40252,56.00,18.324
17970,15599,52.50,17.179
18052,33952,63.50,20.778
18052,12169,63.50,20.778
18052,22873,63.50,20.778
18052,30556,53.50,17.506
18052,20945,52.50,17.179
18071,45898,63.50,20.778
18071,36997,63.50,20.778
18071,48787,63.50,20.778
18071,40252,56.00,18.324
18071,15599,52.50,17.179
18152,33952,6.50,2.414
18152,12169,63.50,20.778
18152,22873,63.50,20.778
18152,30556,53.50,17.506
18152,20945,52.50,17.179
18180,45898,63.50,20.778
18180,36997,63.50,20.778
18180,48787,63.50,20.778
18180,40252,56.00,18.324
18180,15599,52.50,17.179
18253,33952,6.50,2.414
18253,12169,63.50,20.778
18253,22873,63.50,20.778
18253,30556,53.50,17.506
18253,20945,52.50,17.179
18280,45898,63.50,20.778
18280,36997,63.50,20.778
18280,48787,63.50,20.778
18280,40252,56.00,18.324
18280,15599,52.50,17.179
18363,33952,6.50,2.414
18363,12169,63.50,20.778
18363,22873,63.50,20.778
18363,30556,53.50,17.506
18363,20945,52.50,17.179
18380,45898,63.50,20.778
18380,36997,63.50,20.778
18380,48787,63.50,20.778
18380,40252,56.00,18.324
18380,15599,52.50,17.179
18463,33952,6.50,2.414
18463,12169,63.50,20.778
18463,22873,63.50,20.778
18463,30556,53.50,17.506
18463,20945,52.50,17.179
18490,45898,63.50,20.778
18490,36997,63.50,20.778
18490,48787,63.50,20.778
18490,40252,56.00,18.324
18490,15599,52.50,17.179
18572,33952,6.50,2.414
18572,12169,63.50,20.778
18572,22873,63.50,20.778
18572,30556,53.50,17.506
18572,20945,52.50,17.179
18599,45898,63.50,20.778
18599,36997,63.50,20.778
18599,48787,63.50,20.778
18599,40252,56.00,18.324
18599,15599,52.50,17.179
18683,33952,6.50,2.414
18683,12169,63.50,20.778
18683,22873,63.50,20.778
18683,30556,63.50,20.778
18683,20945,52.50,17.179
18700,45898,63.50,20.778
18700,36997,63.50,20.778
18700,48787,63.50,20.778
18700,40252,56.00,18.324
18700,15599,52.50,17.179
18793,33952,6.50,2.414
18793,12169,63.50,20.778
18793,22873,63.50,20.778
18793,30556,63.50,20.778
18793,20945,52.50,17.179
18800,45898,63.50,20.778
18800,36997,63.50,20.778
18800,48787,63.50,20.778
18800,40252,56.00,18.324
18800,15599,52.50,17.179
18893,33952,6.50,2.414
18893,12169,63.50,20.778
18893,22873,63.50,20.778
18893,30556,63.50,20.778
18893,20945,52.50,17.179
18910,45898,63.50,20.778
18910,36997,63.50,20.778
18910,48787,63.50,20.778
18910,40252,56.00,18.324
18910,15599,52.50,17.179
19002,33952,6.50,2.414
19002,12169,63.50,20.778
19002,22873,63.50,20.778
19002,30556,63.50,20.778
19002,20945,52.50,17.179
19020,45898,63.50,20.778
19020,36997,63.50,20.778
19020,48787,63.50,20.778
19020,40252,56.00,18.324
19020,15599,52.50,17.179
19103,33952,6.50,2.414
19103,12169,63.50,20.778
19103,22873,63.50,20.778
19103,30556,63.50,20.778
19103,20945,52.50,17.179
19120,45898,63.50,20.778
19120,36997,63.50,20.778
19120,48787,63.50,20.778
19120,40252,56.00,18.324
19120,15599,52.50,17.179
19213,33952,6.50,2.414
19213,12169,63.50,20.778
19213,22873,63.50,20.778
19213,30556,63.50,20.778
19213,20945,52.50,17.179
19230,45898,63.50,20.778
19230,36997,63.50,20.778
19230,48787,63.50,20.778
19230,40252,56.00,18.324
19230,15599,52.50,17.179
19323,33952,6.50,2.414
19323,12169,63.50,20.778
19323,22873,63.50,20.778
19323,30556,63.50,20.778
19323,20945,52.50,17.179
19340,45898,63.50,20.778
19340,36997,63.50,20.778
19340,48787,63.50,20.778
19340,40252,56.00,18.324
19340,15599,52.50,17.179
19432,33952,6.50,2.414
19432,12169,63.50,20.778
19432,22873,63.50,20.778
19432,30556,63.50,20.778
19432,20945,52.50,17.179
19450,45898,63.50,20.778
19450,36997,63.50,20.778
19450,48787,63.50,20.778
19450,40252,56.00,18.324
19450,15599,52.50,17.179
19532,33952,6.50,2.414
19532,12169,63.50,20.778
19532,22873,63.50,20.778
19532,30556,63.50,20.778
19532,20945,52.50,17.179
19560,45898,63.50,20.778
19560,36997,63.50,20.778
19560,48787,63.50,20.778
19560,40252,56.00,18.324
19560,15599,52.50,17.179
19634,33952,6.50,2.414
19634,12169,63.50,20.778
19634,22873,63.50,20.778
19634,30556,63.50,20.778
19634,20945,52.50,17.179
19669,45898,63.50,20.778
19669,36997,63.50,20.778
19669,48787,63.50,20.778
19669,40252,56.00,18.324
19669,15599,52.50,17.179
19742,33952,6.50,2.414
19742,12169,63.50,20.778
19742,22873,63.50,20.778
19742,30556,63.50,20.778
19742,20945,52.50,17.179
19770,45898,63.50,20.778
19770,36997,63.50,20.778
19770,48787,63.50,20.778
19770,40252,56.00,18.324
19770,15599,52.50,17.179
19842,33952,6.50,2.414
19842,12169,63.50,20.778
19842,22873,63.50,20.778
19842,30556,63.50,20.778
19842,20945,52.50,17.179
19880,45898,63.50,20.778
19880,36997,63.50,20.778
19880,48787,63.50,20.778
19880,40252,56.00,18.324
19880,15599,52.50,17.179
19943,33952,6.50,2.414
19943,12169,63.50,20.778
19943,22873,63.50,20.778
19943,30556,63.50,20.778
19943,20945,52.50,17.179
19989,45898,63.50,20.778
19989,36997,63.50,20.778
19989,48787,63.50,20.778
19989,40252,56.00,18.324
19989,15599,52.50,17.179
20052,33952,6.50,2.414
20052,12169,63.50,20.778
20052,22873,63.50,20.778
20052,30556,63.50,20.778
20052,20945,52.50,17.179
20090,45898,63.50,20.778
20090,36997,63.50,20.778
20090,48787,63.50,20.778
20090,40252,56.00,18.324
20090,15599,52.50,17.179
20153,33952,6.50,2.414
20153,12169,63.50,20.778
20153,22873,63.50,20.778
20153,30556,63.50,20.778
20153,20945,52.50,17.179
20200,45898,63.50,20.778
20200,36997,63.50,20.778
20200,48787,63.50,20.778
20200,40252,56.00,18.324
20200,15599,52.50,17.179
20253,33952,6.50,2.414
20253,12169,63.50,20.778
20253,22873,63.50,20.778
20253,30556,63.50,20.778
20253,20945,52.50,17.179
20300,45898,63.50,20.778
20300,36997,63.50,20.778
20300,48787,63.50,20.778
20300,40252,56.00,18.324
20300,15599,52.50,17.179
20354,33952,6.50,2.414
20354,12169,63.50,20.778
20354,22873,63.50,20.778
20354,30556,63.50,20.778
20354,20945,52.50,17.179
20410,45898,63.50,20.778
20410,36997,63.50,20.778
20410,48787,63.50,20.778
20410,40252,56.00,18.324
20410,15599,52.50,17.179
20462,33952,6.50,2.414
20462,12169,63.50,20.778
20462,22873,63.50,20.778
20462,30556,63.50,20.778
20462,20945,52.50,17.179
20520,45898,63.50,20.778
20520,36997,63.50,20.778
20520,48787,63.50,20.778
20520,40252,56.00,18.324
20520,15599,52.50,17.179
20562,33952,6.50,2.414
20562,12169,63.50,20.778
20562,22873,63.50,20.778
20562,30556,63.50,20.778
20562,20945,52.50,17.179
20629,45898,63.50,20.778
20629,36997,63.50,20.778
20629,48787,63.50,20.778
20629,40252,56.00,18.324
20629,15599,52.50,17.179
20663,33952,6.50,2.414
20663,12169,63.50,20.778
20663,22873,63.50,20.778
20663,30556,63.50,20.778
20663,20945,52.50,17.179
20740,45898,63.50,20.778
20740,36997,63.50,20.778
20740,48787,63.50,20.778
20740,40252,56.00,18.324
20740,15599,52.50,17.179
20763,33952,6.50,2.414
20763,12169,63.50,20.778
20763,22873,63.50,20.778
20763,30556,63.50,20.778
20763,20945,52.50,17.179
20850,45898,63.50,20.778
20850,36997,63.50,20.778
20850,48787,63.50,20.778
20850,40252,56.00,18.324
20850,15599,52.50,17.179
20874,33952,6.50,2.414
20874,12169,63.50,20.778
20874,22873,63.50,20.778
20874,30556,63.50,20.778
20874,20945,52.50,17.179
20950,45898,63.50,20.778
20950,36997,63.50,20.778
20950,48787,63.50,20.778
20950,40252,56.00,18.324
20950,15599,52.50,17.179
20984,33952,6.50,2.414
20984,12169,63.50,20.778
20984,22873,63.50,20.778
20984,30556,63.50,20.778
20984,20945,52.50,17.179
21050,45898,63.50,20.778
21050,36997,63.50,20.778
21050,48787,63.50,20.778
21050,40252,56.00,18.324
21050,15599,52.50,17.179
21093,33952,6.50,2.414
21093,12169,63.50,20.778
21093,22873,63.50,20.778
21093,30556,63.50,20.778
21093,20945,52.50,17.179
21160,45898,63.50,20.778
21160,36997,63.50,20.778
21160,48787,63.50,20.778
21160,40252,56.00,18.324
21160,15599,52.50,17.179
21203,33952,6.50,2.414
21203,12169,63.50,20.778
21203,22873,63.50,20.778
21203,30556,63.50,20.778
21203,20945,52.50,17.179
21260,45898,63.50,20.778
21260,36997,63.50,20.778
21260,48787,63.50,20.778
21260,40252,56.00,18.324
21260,15599,52.50,17.179
21303,33952,6.50,2.414
21303,12169,63.50,20.778
21303,22873,63.50,20.778
21303,30556,63.50,20.778
21303,20945,52.50,17.179
21370,45898,63.50,20.778
21370,36997,63.50,20.778
21370,48787,63.50,20.778
21370,40252,56.00,18.324
21370,15599,52.50,17.179
21413,33952,6.50,2.414
21413,12169,63.50,20.778
21413,22873,63.50,20.778
21413,30556,63.50,20.778
21413,20945,52.50,17.179
21470,45898,63.50,20.778
21470,36997,63.50,20.778
21470,48787,63.50,20.778
21470,40252,56.00,18.324
21470,15599,52.50,17.179
21523,33952,6.50,2.414
21523,12169,63.50,20.778
21523,22873,63.50,20.778
21523,30556,63.50,20.778
21523,20945,52.50,17.179
21580,45898,63.50,20.778
21580,36997,63.50,20.778
21580,48787,63.50,20.778
21580,40252,56.00,18.324
21580,15599,52.50,17.179
21632,33952,6.50,2.414
21632,12169,63.50,20.778
21632,22873,63.50,20.778
21632,30556,63.50,20.778
21632,20945,52.50,17.179
21690,45898,63.50,20.778
21690,36997,63.50,20.778
21690,48787,63.50,20.778
21690,40252,56.00,18.324
21690,15599,52.50,17.179
21745,33952,6.50,2.414
21745,12169,63.50,20.778
21745,22873,63.50,20.778
21745,30556,63.50,20.778
21745,20945,52.50,17.179
21790,45898,63.50,20.778
21790,36997,63.50,20.778
21790,48787,63.50,20.778
21790,40252,56.00,18.324
21790,15599,52.50,17.179
21852,33952,6.50,2.414
21852,12169,63.50,20.778
21852,22873,63.50,20.778
21852,30556,53.50,17.506
21852,20945,52.00,17.015
21899,45898,63.50,20.778
21899,36997,63.50,20.778
21899,48787,63.50,20.778
21899,40252,56.00,18.324
21899,15599,52.50,17.179
21953,33952,6.50,2.414
21953,12169,63.50,20.778
21953,22873,63.50,20.778
21953,30556,53.50,17.506
21953,20945,52.00,17.015
22000,45898,63.50,20.778
22000,36997,63.50,20.778
22000,48787,63.50,20.778
22000,40252,56.00,18.324
22000,15599,52.50,17.179
22062,33952,6.50,2.414
22062,12169,63.50,20.778
22062,22873,63.50,20.778
22062,30556,53.50,17.506
22062,20945,63.50,20.778
22100,45898,63.50,20.778
22100,36997,63.50,20.778
22100,48787,63.50,20.778
22100,40252,56.00,18.324
22100,15599,52.50,17.179
22173,33952,6.50,2.414
22173,12169,63.50,20.778
22173,22873,63.50,20.778
22173,30556,53.50,17.506
22173,20945,63.50,20.778
22209,45898,63.50,20.778
22209,36997,63.50,20.778
22209,48787,63.50,20.778
22209,40252,56.00,18.324
22209,15599,52.50,17.179
22283,33952,6.50,2.414
22283,12169,63.50,20.778
22283,22873,63.50,20.778
22283,30556,53.50,17.506
22283,20945,63.50,20.778
22320,45898,63.50,20.778
22320,36997,63.50,20.778
22320,48787,63.50,20.778
22320,40252,56.00,18.324
22320,15599,52.50,17.179
22383,33952,6.50,2.414
22383,12169,63.50,20.778
22383,22873,63.50,20.778
22383,30556,53.50,17.506
22383,20945,63.50,20.778
22429,45898,63.50,20.778
22429,36997,63.50,20.778
22429,48787,63.50,20.778
22429,40252,56.00,18.324
22429,15599,52.50,17.179
22492,33952,6.50,2.414
22492,12169,63.50,20.778
22492,22873,63.50,20.778
22492,30556,53.50,17.506
22492,20945,63.50,20.778
22530,45898,63.50,20.778
22530,36997,63.50,20.778
22530,48787,63.50,20.778
22530,40252,56.00,18.324
22530,15599,52.50,17.179
22594,33952,6.50,2.414
22594,12169,63.50,20.778
22594,22873,63.50,20.778
22594,30556,63.50,20.778
22594,20945,63.50,20.778
22639,45898,63.50,20.778
22639,36997,63.50,20.778
22639,48787,63.50,20.778
22639,40252,56.00,18.324
22639,15599,52.50,17.179
22702,33952,6.50,2.414
22702,12169,63.50,20.778
22702,22873,63.50,20.778
22702,30556,63.50,20.778
22702,20945,63.50,20.778
22740,45898,63.50,20.778
22740,36997,63.50,20.778
22740,48787,63.50,20.778
22740,40252,56.00,18.324
22740,15599,52.50,17.179
22812,33952,6.50,2.414
22812,12169,63.50,20.778
22812,22873,63.50,20.778
22812,30556,63.50,20.778
22812,20945,63.50,20.778
22850,45898,63.50,20.778
22850,36997,63.50,20.778
22850,48787,63.50,20.778
22850,40252,56.00,18.324
22850,15599,52.50,17.179
22912,33952,6.50,2.414
22912,12169,63.50,20.778
22912,22873,63.50,20.778
22912,30556,63.50,20.778
22912,20945,63.50,20.778
22960,45898,63.50,20.778
22960,36997,63.50,20.778
22960,48787,63.50,20.778
22960,40252,56.00,18.324
22960,15599,52.50,17.179
23013,33952,6.50,2.414
23013,12169,63.50,20.778
23013,22873,63.50,20.778
23013,30556,63.50,20.778
23013,20945,63.50,20.778
23060,45898,63.50,20.778
23060,36997,63.50,20.778
23060,48787,63.50,20.778
23060,40252,56.00,18.324
23060,15599,52.50,17.179
23114,33952,6.50,2.414
23114,12169,63.50,20.778
23114,22873,63.50,20.778
23114,30556,63.50,20.778
23114,20945,63.50,20.778
23160,45898,63.50,20.778
23160,36997,63.50,20.778
23160,48787,63.50,20.778
23160,40252,56.00,18.324
23160,15599,52.50,17.179
23222,33952,6.50,2.414
23222,12169,63.50,20.778
23222,22873,63.50,20.778
23222,30556,63.50,20.778
23222,20945,63.50,20.778
23270,45898,63.50,20.778
23270,36997,63.50,20.778
23270,48787,63.50,20.778
23270,40252,56.00,18.324
23270,15599,52.50,17.179
23322,33952,6.50,2.414
23322,12169,63.50,20.778
23322,22873,63.50,20.778
23322,30556,63.50,20.778
23322,20945,63.50,20.778
23379,45898,63.50,20.778
23379,36997,63.50,20.778
23379,48787,63.50,20.778
23379,40252,56.00,18.324
23379,15599,52.50,17.179
23423,33952,6.50,2.414
23423,12169,63.50,20.778
23423,22873,63.50,20.778
23423,30556,63.50,20.778
23423,20945,63.50,20.778
23480,45898,63.50,20.778
23480,36997,63.50,20.778
23480,48787,63.50,20.778
23480,40252,56.00,18.324
23480,15599,52.50,17.179
23533,33952,6.50,2.414
23533,12169,63.50,20.778
23533,22873,63.50,20.778
23533,30556,63.50,20.778
23533,20945,63.50,20.778
23580,45898,63.50,20.778
23580,36997,63.50,20.778
23580,48787,63.50,20.778
23580,40252,56.00,18.324
23580,15599,52.50,17.179
23642,33952,6.50,2.414
23642,12169,63.50,20.778
23642,22873,63.50,20.778
23642,30556,63.50,20.778
23642,20945,63.50,20.778
23690,45898,63.50,20.778
23690,36997,63.50,20.778
23690,48787,63.50,20.778
23690,40252,56.00,18.324
23690,15599,52.50,17.179
23742,33952,6.50,2.414
23742,12169,63.50,20.778
23742,22873,63.50,20.778
23742,30556,63.50,20.778
23742,20945,63.50,20.778
23800,45898,63.50,20.778
23800,36997,63.50,20.778
23800,48787,63.50,20.778
23800,40252,56.00,18.324
23800,15599,52.50,17.179
23843,33952,6.50,2.414
23843,12169,63.50,20.778
23843,22873,63.50,20.778
23843,30556,63.50,20.778
23843,20945,63.50,20.778
23910,45898,63.50,20.778
23910,36997,63.50,20.778
23910,48787,63.50,20.778
23910,40252,56.00,18.324
23910,15599,52.50,17.179
23953,33952,63.50,20.778
23953,12169,63.50,20.778
23953,22873,63.50,20.778
23953,30556,63.50,20.778
23953,20945,63.50,20.778
24020,45898,63.50,20.778
24020,36997,63.50,20.778
24020,48787,63.50,20.778
24020,40252,56.00,18.324
24020,15599,52.50,17.179
24062,33952,63.50,20.778
24062,12169,63.50,20.778
24062,22873,63.50,20.778
24062,30556,63.50,20.778
24062,20945,63.50,20.778
24130,45898,63.50,20.778
24130,36997,63.50,20.778
24130,48787,63.50,20.778
24130,40252,56.00,18.324
24130,15599,52.50,17.179
24162,33952,63.50,20.778
24162,12169,63.50,20.778
24162,22873,63.50,20.778
24162,30556,63.50,20.778
24162,20945,63.50,20.778
24230,45898,63.50,20.778
24230,36997,63.50,20.778
24230,48787,63.50,20.778
24230,40252,56.00,18.324
24230,15599,52.50,17.179
24263,33952,63.50,20.778
24263,12169,63.50,20.778
24263,22873,63.50,20.778
24263,30556,63.50,20.778
24263,20945,63.50,20.778
24330,45898,63.50,20.778
24330,36997,63.50,20.778
24330,48787,63.50,20.778
24330,40252,56.00,18.324
24330,15599,52.50,17.179
24372,33952,63.50,20.778
24372,12169,63.50,20.778
24372,22873,63.50,20.778
24372,30556,63.50,20.778
24372,20945,63.50,20.778
24440,45898,63.50,20.778
24440,36997,63.50,20.778
24440,48787,63.50,20.778
24440,40252,56.00,18.324
24440,15599,52.50,17.179
24473,33952,63.50,20.778
24473,12169,63.50,20.778
24473,22873,63.50,20.778
24473,30556,63.50,20.778
24473,20945,63.50,20.778
24540,45898,63.50,20.778
24540,36997,63.50,20.778
24540,48787,63.50,20.778
24540,40252,56.00,18.324
24540,15599,52.50,17.179
24582,33952,63.50,20.778
24582,12169,63.50,20.778
24582,22873,63.50,20.778
24582,30556,63.50,20.778
24582,20945,63.50,20.778
24640,45898,63.50,20.778
24640,36997,63.50,20.778
24640,48787,63.50,20.778
24640,40252,56.00,18.324
24640,15599,52.50,17.179
24685,33952,63.50,20.778
24685,12169,63.50,20.778
24685,22873,63.50,20.778
24685,30556,63.50,20.778
24685,20945,63.50,20.778
24750,45898,63.50,20.778
24750,36997,63.50,20.778
24750,48787,63.50,20.778
24750,40252,56.00,18.324
24750,15599,52.50,17.179
24792,33952,63.50,20.778
24792,12169,63.50,20.778
24792,22873,63.50,20.778
24792,30556,63.50,20.778
24792,20945,63.50,20.778
24850,45898,63.50,20.778
24850,36997,63.50,20.778
24850,48787,63.50,20.778
24850,40252,56.00,18.324
24850,15599,52.50,17.179
24892,33952,63.50,20.778
24892,12169,63.50,20.778
24892,22873,63.50,20.778
24892,30556,63.50,20.778
24892,20945,63.50,20.778
24960,45898,63.50,20.778
24960,36997,63.50,20.778
24960,48787,63.50,20.778
24960,40252,56.00,18.324
24960,15599,52.50,17.179
25003,33952,63.50,20.778
25003,12169,63.50,20.778
25003,22873,63.50,20.778
25003,30556,63.50,20.778
25003,20945,63.50,20.778
25060,45898,63.50,20.778
25060,36997,63.50,20.778
25060,48787,63.50,20.778
25060,40252,56.00,18.324
25060,15599,52.50,17.179
25112,33952,63.50,20.778
25112,12169,63.50,20.778
25112,22873,63.50,20.778
25112,30556,63.50,20.778
25112,20945,63.50,20.778
25170,45898,63.50,20.778
25170,36997,63.50,20.778
25170,48787,63.50,20.778
25170,40252,56.00,18.324
25170,15599,52.50,17.179
25222,33952,63.50,20.778
25222,12169,63.50,20.778
25222,22873,63.50,20.778
25222,30556,63.50,20.778
25222,20945,63.50,20.778
25280,45898,63.50,20.778
25280,36997,63.50,20.778
25280,48787,63.50,20.778
25280,40252,56.00,18.324
25280,15599,52.50,17.179
25323,33952,63.50,20.778
25323,12169,63.50,20.778
25323,22873,63.50,20.778
25323,30556,63.50,20.778
25323,20945,63.50,20.778
25380,45898,63.50,20.778
25380,36997,63.50,20.778
25380,48787,63.50,20.778
25380,40252,56.00,18.324
25380,15599,52.50,17.179
25433,33952,63.50,20.778
25433,12169,63.50,20.778
25433,22873,63.50,20.778
25433,30556,63.50,20.778
25433,20945,63.50,20.778
25480,45898,63.50,20.778
25480,36997,63.50,20.778
25480,48787,63.50,20.778
25480,40252,56.00,18.324
25480,15599,52.50,17.179
25543,33952,63.50,20.778
25543,12169,63.50,20.778
25543,22873,63.50,20.778
25543,30556,63.50,20.778
25543,20945,63.50,20.778
25580,45898,63.50,20.778
25580,36997,63.50,20.778
25580,48787,63.50,20.778
25580,40252,56.00,18.324
25580,15599,52.50,17.179
25653,33952,63.50,20.778
25653,12169,63.50,20.778
25653,22873,63.50,20.778
25653,30556,63.50,20.778
25653,20945,63.50,20.778
25690,45898,63.50,20.778
25690,36997,63.50,20.778
25690,48787,63.50,20.778
25690,40252,56.00,18.324
25690,15599,52.50,17.179
25762,33952,63.50,20.778
25762,12169,63.50,20.778
25762,22873,63.50,20.778
25762,30556,63.50,20.778
25762,20945,63.50,20.778
25800,45898,63.50,20.778
25800,36997,63.50,20.778
25800,48787,63.50,20.778
25800,40252,56.00,18.324
25800,15599,52.50,17.179
25863,33952,63.50,20.778
25863,12169,63.50,20.778
25863,22873,63.50,20.778
25863,30556,53.50,17.506
25863,20945,52.50,17.179
25910,45898,63.50,20.778
25910,36997,63.50,20.778
25910,48787,63.50,20.778
25910,40252,56.00,18.324
25910,15599,52.50,17.179
25964,33952,63.50,20.778
25964,12169,63.50,20.778
25964,22873,63.50,20.778
25964,30556,53.50,17.506
25964,20945,52.50,17.179
26011,45898,63.50,20.778
26011,36997,63.50,20.778
26011,48787,63.50,20.778
26011,40252,56.00,18.324
26011,15599,52.50,17.179
26065,33952,63.50,20.778
26065,12169,63.50,20.778
26065,22873,63.50,20.778
26065,30556,53.50,17.506
26065,20945,52.50,17.179
26111,45898,63.50,20.778
26111,36997,63.50,20.778
26111,48787,63.50,20.778
26111,40252,56.00,18.324
26111,15599,52.50,17.179
26172,33952,6.50,2.414
26172,12169,63.50,20.778
26172,22873,63.50,20.778
26172,30556,53.50,17.506
26172,20945,52.50,17.179
26220,45898,63.50,20.778
26220,36997,63.50,20.778
26220,48787,63.50,20.778
26220,40252,56.00,18.324
26220,15599,52.50,17.179
26273,33952,6.50,2.414
26273,12169,63.50,20.778
26273,22873,63.50,20.778
26273,30556,53.50,17.506
26273,20945,52.50,17.179
26320,45898,63.50,20.778
26320,36997,63.50,20.778
26320,48787,63.50,20.778
26320,40252,56.00,18.324
26320,15599,52.50,17.179
26382,33952,6.50,2.414
26382,12169,46.50,15.215
26382,22873,58.00,18.978
26382,30556,53.50,17.506
26382,20945,52.50,17.179
26430,45898,63.50,20.778
26430,36997,63.50,20.778
26430,48787,63.50,20.778
26430,40252,56.00,18.324
26430,15599,52.50,17.179
26483,33952,6.50,2.414
26483,12169,46.50,15.215
26483,22873,58.00,18.978
26483,30556,53.50,17.506
26483,20945,52.50,17.179
26540,45898,63.50,20.778
26540,36997,63.50,20.778
26540,48787,63.50,20.778
26540,40252,56.00,18.324
26540,15599,52.50,17.179
26592,33952,6.50,2.414
26592,12169,46.50,15.215
26592,22873,58.00,18.978
26592,30556,53.50,17.506
26592,20945,52.50,17.179
26640,45898,63.50,20.778
26640,36997,63.50,20.778
26640,48787,63.50,20.778
26640,40252,56.00,18.324
26640,15599,52.50,17.179
26692,33952,6.50,2.414
26692,12169,46.50,15.215
26692,22873,58.00,18.978
26692,30556,63.50,20.778
26692,20945,52.50,17.179
26749,45898,63.50,20.778
26749,36997,63.50,20.778
26749,48787,63.50,20.778
26749,40252,56.00,18.324
26749,15599,52.50,17.179
26793,33952,6.50,2.414
26793,12169,46.50,15.215
26793,22873,58.00,18.978
26793,30556,63.50,20.778
26793,20945,52.50,17.179
26850,45898,63.50,20.778
26850,36997,63.50,20.778
26850,48787,63.50,20.778
26850,40252,56.00,18.324
26850,15599,52.50,17.179
26902,33952,6.50,2.414
26902,12169,63.50,20.778
26902,22873,58.00,18.978
26902,30556,63.50,20.778
26902,20945,52.50,17.179
26950,45898,63.50,20.778
26950,36997,63.50,20.778
26950,48787,63.50,20.778
26950,40252,56.00,18.324
26950,15599,52.50,17.179
27014,33952,6.50,2.414
27014,12169,63.50,20.778
27014,22873,58.00,18.978
27014,30556,63.50,20.778
27014,20945,52.50,17.179
27060,45898,63.50,20.778
27060,36997,63.50,20.778
27060,48787,63.50,20.778
27060,40252,56.00,18.324
27060,15599,52.50,17.179
27122,33952,6.50,2.414
27122,12169,63.50,20.778
27122,22873,58.00,18.978
27122,30556,63.50,20.778
27122,20945,52.50,17.179
27170,45898,63.50,20.778
27170,36997,63.50,20.778
27170,48787,63.50,20.778
27170,40252,56.00,18.324
27170,15599,52.50,17.179
27222,33952,6.50,2.414
27222,12169,63.50,20.778
27222,22873,58.00,18.978
27222,30556,63.50,20.778
27222,20945,52.50,17.179
27270,45898,63.50,20.778
27270,36997,63.50,20.778
27270,48787,63.50,20.778
27270,40252,56.00,18.324
27270,15599,52.50,17.179
27323,33952,6.50,2.414
27323,12169,63.50,20.778
27323,22873,58.00,18.978
27323,30556,63.50,20.778
27323,20945,52.50,17.179
27380,45898,63.50,20.778
27380,36997,63.50,20.778
27380,48787,63.50,20.778
27380,40252,56.00,18.324
27380,15599,52.50,17.179
27432,33952,6.50,2.414
27432,12169,63.50,20.778
27432,22873,58.00,18.978
27432,30556,63.50,20.778
27432,20945,52.50,17.179
27480,45898,63.50,20.778
27480,36997,63.50,20.778
27480,48787,63.50,20.778
27480,40252,56.00,18.324
27480,15599,52.50,17.179
27533,33952,6.50,2.414
27533,12169,63.50,20.778
27533,22873,58.00,18.978
27533,30556,63.50,20.778
27533,20945,52.50,17.179
27590,45898,63.50,20.778
27590,36997,63.50,20.778
27590,48787,63.50,20.778
27590,40252,56.00,18.324
27590,15599,52.50,17.179
27643,33952,6.50,2.414
27643,12169,63.50,20.778
27643,22873,58.00,18.978
27643,30556,63.50,20.778
27643,20945,52.50,17.179
27699,45898,63.50,20.778
27699,36997,63.50,20.778
27699,48787,63.50,20.778
27699,40252,56.00,18.324
27699,15599,52.50,17.179
27744,33952,6.50,2.414
27744,12169,63.50,20.778
27744,22873,58.00,18.978
27744,30556,63.50,20.778
27744,20945,52.50,17.179
27800,45898,63.50,20.778
27800,36997,63.50,20.778
27800,48787,63.50,20.778
27800,40252,56.00,18.324
27800,15599,52.50,17.179
27855,33952,6.50,2.414
27855,12169,63.50,20.778
27855,22873,58.00,18.978
27855,30556,63.50,20.778
27855,20945,52.50,17.179
27910,45898,63.50,20.778
27910,36997,63.50,20.778
27910,48787,63.50,20.778
27910,40252,56.00,18.324
27910,15599,52.50,17.179
27963,33952,6.50,2.414
27963,12169,63.50,20.778
27963,22873,58.00,18.978
27963,30556,63.50,20.778
27963,20945,52.50,17.179
28010,45898,63.50,20.778
28010,36997,63.50,20.778
28010,48787,63.50,20.778
28010,40252,56.00,18.324
28010,15599,52.50,17.179
28064,33952,6.50,2.414
28064,12169,63.50,20.778
28064,22873,58.00,18.978
28064,30556,63.50,20.778
28064,20945,52.50,17.179
28110,45898,63.50,20.778
28110,36997,63.50,20.778
28110,48787,63.50,20.778
28110,40252,56.00,18.324
28110,15599,52.50,17.179
28172,33952,6.50,2.414
28172,12169,63.50,20.778
28172,22873,58.00,18.978
28172,30556,63.50,20.778
28172,20945,52.50,17.179
28220,45898,63.50,20.778
28220,36997,63.50,20.778
28220,48787,63.50,20.778
28220,40252,56.00,18.324
28220,15599,52.50,17.179
28273,33952,6.50,2.414
28273,12169,63.50,20.778
28273,22873,58.00,18.978
28273,30556,63.50,20.778
28273,20945,52.50,17.179
28330,45898,63.50,20.778
28330,36997,63.50,20.778
28330,48787,63.50,20.778
28330,40252,56.00,18.324
28330,15599,52.50,17.179
28382,33952,6.50,2.414
28382,12169,63.50,20.778
28382,22873,58.00,18.978
28382,30556,63.50,20.778
28382,20945,52.50,17.179
28440,45898,63.50,20.778
28440,36997,63.50,20.778
28440,48787,63.50,20.778
28440,40252,56.00,18.324
28440,15599,52.50,17.179
28483,33952,6.50,2.414
28483,12169,63.50,20.778
28483,22873,58.00,18.978
28483,30556,63.50,20.778
28483,20945,52.50,17.179
28540,45898,63.50,20.778
28540,36997,63.50,20.778
28540,48787,63.50,20.778
28540,40252,56.00,18.324
28540,15599,52.50,17.179
28592,33952,6.50,2.414
28592,12169,63.50,20.778
28592,22873,58.00,18.978
28592,30556,63.50,20.778
28592,20945,52.50,17.179
28650,45898,63.50,20.778
28650,36997,63.50,20.778
28650,48787,63.50,20.778
28650,40252,56.00,18.324
28650,15599,52.50,17.179
28692,33952,6.50,2.414
28692,12169,63.50,20.778
28692,22873,58.00,18.978
28692,30556,63.50,20.778
28692,20945,52.50,17.179
28760,45898,63.50,20.778
28760,36997,63.50,20.778
28760,48787,63.50,20.778
28760,40252,56.00,18.324
28760,15599,52.50,17.179
28792,33952,6.50,2.414
28792,12169,63.50,20.778
28792,22873,58.00,18.978
28792,30556,63.50,20.778
28792,20945,52.50,17.179
28869,45898,63.50,20.778
28869,36997,63.50,20.778
28869,48787,63.50,20.778
28869,40252,56.00,18.324
28869,15599,52.50,17.179
28902,33952,6.50,2.414
28902,12169,63.50,20.778
28902,22873,58.00,18.978
28902,30556,63.50,20.778
28902,20945,52.50,17.179
28970,45898,63.50,20.778
28970,36997,63.50,20.778
28970,48787,63.50,20.778
28970,40252,56.00,18.324
28970,15599,52.50,17.179
29003,33952,6.50,2.414
29003,12169,63.50,20.778
29003,22873,58.00,18.978
29003,30556,63.50,20.778
29003,20945,52.50,17.179
29070,45898,63.50,20.778
29070,36997,63.50,20.778
29070,48787,63.50,20.778
29070,40252,56.00,18.324
29070,15599,52.50,17.179
29103,33952,6.50,2.414
29103,12169,63.50,20.778
29103,22873,58.00,18.978
29103,30556,63.50,20.778
29103,20945,52.50,17.179
29170,45898,63.50,20.778
29170,36997,63.50,20.778
29170,48787,63.50,20.778
29170,40252,56.00,18.324
29170,15599,52.50,17.179
29213,33952,6.50,2.414
29213,12169,63.50,20.778
29213,22873,58.00,18.978
29213,30556,63.50,20.778
29213,20945,52.50,17.179
29280,45898,63.50,20.778
29280,36997,63.50,20.778
29280,48787,63.50,20.778
29280,40252,56.00,18.324
29280,15599,52.50,17.179
29322,33952,6.50,2.414
29322,12169,63.50,20.778
29322,22873,58.00,18.978
29322,30556,63.50,20.778
29322,20945,52.50,17.179
29380,45898,63.50,20.778
29380,36997,63.50,20.778
29380,48787,63.50,20.778
29380,40252,56.00,18.324
29380,15599,52.50,17.179
29423,33952,6.50,2.414
29423,12169,63.50,20.778
29423,22873,58.00,18.978
29423,30556,63.50,20.778
29423,20945,52.50,17.179
29480,45898,63.50,20.778
29480,36997,63.50,20.778
29480,48787,63.50,20.778
29480,40252,56.00,18.324
29480,15599,52.50,17.179
29533,33952,6.50,2.414
29533,12169,63.50,20.778
29533,22873,58.00,18.978
29533,30556,63.50,20.778
29533,20945,52.50,17.179
29590,45898,63.50,20.778
29590,36997,63.50,20.778
29590,48787,63.50,20.778
29590,40252,56.00,18.324
29590,15599,52.50,17.179
29643,33952,6.50,2.414
29643,12169,63.50,20.778
29643,22873,58.00,18.978
29643,30556,63.50,20.778
29643,20945,52.50,17.179
29690,45898,63.50,20.778
29690,36997,63.50,20.778
29690,48787,63.50,20.778
29690,40252,56.00,18.324
29690,15599,52.50,17.179
29743,33952,6.50,2.414
29743,12169,63.50,20.778
29743,22873,58.00,18.978
29743,30556,53.50,17.506
29743,20945,52.50,17.179
29799,45898,63.50,20.778
29799,36997,63.50,20.778
29799,48787,63.50,20.778
29799,40252,56.00,18.324
29799,15599,52.50,17.179
29852,33952,6.50,2.414
29852,12169,63.50,20.778
29852,22873,58.00,18.978
29852,30556,53.50,17.506
29852,20945,52.50,17.179
29900,45898,63.50,20.778
29900,36997,63.50,20.778
29900,48787,63.50,20.778
29900,40252,56.00,18.324
29900,15599,52.50,17.179
29963,33952,6.50,2.414
29963,12169,63.50,20.778
29963,22873,58.00,18.978
29963,30556,53.50,17.506
29963,20945,52.50,17.179
30000,45898,63.50,20.778
30000,36997,63.50,20.778
30000,48787,63.50,20.778
30000,40252,56.00,18.324
30000,15599,52.50,17.179
30072,33952,6.50,2.414
30072,12169,63.50,20.778
30072,22873,58.00,18.978
30072,30556,53.50,17.506
30072,20945,52.50,17.179
30100,45898,63.50,20.778
30100,36997,63.50,20.778
30100,48787,63.50,20.778
30100,40252,56.00,18.324
30100,15599,52.50,17.179
30183,33952,6.50,2.414
30183,12169,63.50,20.778
30183,22873,63.50,20.778
30183,30556,53.50,17.506
30183,20945,52.50,17.179
30210,45898,63.50,20.778
30210,36997,63.50,20.778
30210,48787,63.50,20.778
30210,40252,56.00,18.324
30210,15599,52.50,17.179
30292,33952,6.50,2.414
30292,12169,63.50,20.778
30292,22873,63.50,20.778
30292,30556,53.50,17.506
30292,20945,52.50,17.179
30310,45898,63.50,20.778
30310,36997,63.50,20.778
30310,48787,63.50,20.778
30310,40252,56.00,18.324
30310,15599,52.50,17.179
30393,33952,6.50,2.414
30393,12169,63.50,20.778
30393,22873,63.50,20.778
30393,30556,63.50,20.778
30393,20945,52.50,17.179
30410,45898,63.50,20.778
30410,36997,63.50,20.778
30410,48787,63.50,20.778
30410,40252,56.00,18.324
30410,15599,52.50,17.179
30493,33952,6.50,2.414
30493,12169,63.50,20.778
30493,22873,63.50,20.778
30493,30556,63.50,20.778
30493,20945,52.50,17.179
30520,45898,63.50,20.778
30520,36997,63.50,20.778
30520,48787,63.50,20.778
30520,40252,56.00,18.324
30520,15599,52.50,17.179
30603,33952,6.50,2.414
30603,12169,63.50,20.778
30603,22873,63.50,20.778
30603,30556,63.50,20.778
30603,20945,52.50,17.179
30620,45898,63.50,20.778
30620,36997,63.50,20.778
30620,48787,63.50,20.778
30620,40252,56.00,18.324
30620,15599,52.50,17.179
30712,33952,6.50,2.414
30712,12169,63.50,20.778
30712,22873,63.50,20.778
30712,30556,63.50,20.778
30712,20945,52.50,17.179
30730,45898,63.50,20.778
30730,36997,63.50,20.778
30730,48787,63.50,20.778
30730,40252,56.00,18.324
30730,15599,52.50,17.179
30813,33952,6.50,2.414
30813,12169,63.50,20.778
30813,22873,63.50,20.778
30813,30556,63.50,20.778
30813,20945,52.50,17.179
30830,45898,63.50,20.778
30830,36997,63.50,20.778
30830,48787,63.50,20.778
30830,40252,56.00,18.324
30830,15599,52.50,17.179
30913,33952,6.50,2.414
30913,12169,63.50,20.778
30913,22873,63.50,20.778
30913,30556,63.50,20.778
30913,20945,52.50,17.179
30943,45898,63.50,20.778
30943,36997,63.50,20.778
30943,48787,63.50,20.778
30943,40252,56.00,18.324
30943,15599,52.50,17.179
31015,33952,6.50,2.414
31015,12169,63.50,20.778
31015,22873,63.50,20.778
31015,30556,63.50,20.778
31015,20945,52.50,17.179
31050,45898,63.50,20.778
31050,36997,63.50,20.778
31050,48787,63.50,20.778
31050,40252,56.00,18.324
31050,15599,52.50,17.179
31123,33952,63.50,20.778
31123,12169,63.50,20.778
31123,22873,63.50,20.778
31123,30556,63.50,20.778
31123,20945,52.50,17.179
31160,45898,63.50,20.778
31160,36997,63.50,20.778
31160,48787,63.50,20.778
31160,40252,56.00,18.324
31160,15599,52.50,17.179
31233,33952,63.50,20.778
31233,12169,63.50,20.778
31233,22873,63.50,20.778
31233,30556,63.50,20.778
31233,20945,52.50,17.179
31270,45898,63.50,20.778
31270,36997,63.50,20.778
31270,48787,63.50,20.778
31270,40252,56.00,18.324
31270,15599,52.50,17.179
31343,33952,63.50,20.778
31343,12169,63.50,20.778
31343,22873,63.50,20.778
31343,30556,63.50,20.778
31343,20945,52.50,17.179
31370,45898,63.50,20.778
31370,36997,63.50,20.778
31370,48787,63.50,20.778
31370,40252,56.00,18.324
31370,15599,52.50,17.179
31443,33952,63.50,20.778
31443,12169,63.50,20.778
31443,22873,63.50,20.778
31443,30556,63.50,20.778
31443,20945,52.50,17.179
31480,45898,63.50,20.778
31480,36997,63.50,20.778
31480,48787,63.50,20.778
31480,40252,56.00,18.324
31480,15599,52.50,17.179
31553,33952,63.50,20.778
31553,12169,63.50,20.778
31553,22873,63.50,20.778
31553,30556,63.50,20.778
31553,20945,52.50,17.179
31580,45898,63.50,20.778
31580,36997,63.50,20.778
31580,48787,63.50,20.778
31580,40252,56.00,18.324
31580,15599,52.50,17.179
31663,33952,63.50,20.778
31663,12169,63.50,20.778
31663,22873,63.50,20.778
31663,30556,63.50,20.778
31663,20945,52.50,17.179
31690,45898,63.50,20.778
31690,36997,63.50,20.778
31690,48787,63.50,20.778
31690,40252,56.00,18.324
31690,15599,52.50,17.179
31772,33952,63.50,20.778
31772,12169,63.50,20.778
31772,22873,63.50,20.778
31772,30556,63.50,20.778
31772,20945,52.50,17.179
31800,45898,63.50,20.778
31800,36997,63.50,20.778
31800,48787,63.50,20.778
31800,40252,56.00,18.324
31800,15599,52.50,17.179
31873,33952,63.50,20.778
31873,12169,63.50,20.778
31873,22873,63.50,20.778
31873,30556,63.50,20.778
31873,20945,52.50,17.179
31910,45898,63.50,20.778
31910,36997,63.50,20.778
31910,48787,63.50,20.778
31910,40252,56.00,18.324
31910,15599,52.50,17.179
31982,33952,63.50,20.778
31982,12169,63.50,20.778
31982,22873,63.50,20.778
31982,30556,63.50,20.778
31982,20945,52.50,17.179
32020,45898,63.50,20.778
32020,36997,63.50,20.778
32020,48787,63.50,20.778
32020,40252,56.00,18.324
32020,15599,52.50,17.179
32083,33952,63.50,20.778
32083,12169,63.50,20.778
32083,22873,63.50,20.778
32083,30556,63.50,20.778
32083,20945,52.50,17.179
32120,45898,63.50,20.778
32120,36997,63.50,20.778
32120,48787,63.50,20.778
32120,40252,56.00,18.324
32120,15599,52.50,17.179
32183,33952,63.50,20.778
32183,12169,63.50,20.778
32183,22873,63.50,20.778
32183,30556,63.50,20.778
32183,20945,52.50,17.179
32230,45898,63.50,20.778
32230,36997,63.50,20.778
32230,48787,63.50,20.778
32230,40252,56.00,18.324
32230,15599,52.50,17.179
32293,33952,63.50,20.778
32293,12169,63.50,20.778
32293,22873,63.50,20.778
32293,30556,63.50,20.778
32293,20945,52.50,17.179
32330,45898,63.50,20.778
32330,36997,63.50,20.778
32330,48787,63.50,20.778
32330,40252,56.00,18.324
32330,15599,52.50,17.179
32403,33952,63.50,20.778
32403,12169,63.50,20.778
32403,22873,63.50,20.778
32403,30556,63.50,20.778
32403,20945,52.50,17.179
32440,45898,63.50,20.778
32440,36997,63.50,20.778
32440,48787,63.50,20.778
32440,40252,56.00,18.324
32440,15599,52.50,17.179
32503,33952,63.50,20.778
32503,12169,63.50,20.778
32503,22873,63.50,20.778
32503,30556,63.50,20.778
32503,20945,52.50,17.179
32550,45898,63.50,20.778
32550,36997,63.50,20.778
32550,48787,63.50,20.778
32550,40252,56.00,18.324
32550,15599,52.50,17.179
32603,33952,63.50,20.778
32603,12169,63.50,20.778
32603,22873,63.50,20.778
32603,30556,63.50,20.778
32603,20945,52.50,17.179
32651,45898,63.50,20.778
32651,36997,63.50,20.778
32651,48787,63.50,20.778
32651,40252,56.00,18.324
32651,15599,52.50,17.179
32713,33952,63.50,20.778
32713,12169,63.50,20.778
32713,22873,63.50,20.778
32713,30556,63.50,20.778
32713,20945,52.50,17.179
32760,45898,63.50,20.778
32760,36997,63.50,20.778
32760,48787,63.50,20.778
32760,40252,56.00,18.324
32760,15599,52.50,17.179
32813,33952,63.50,20.778
32813,12169,63.50,20.778
32813,22873,63.50,20.778
32813,30556,63.50,20.778
32813,20945,52.50,17.179
32870,45898,63.50,20.778
32870,36997,63.50,20.778
32870,48787,63.50,20.778
32870,40252,56.00,18.324
32870,15599,52.50,17.179
32922,33952,63.50,20.778
32922,12169,63.50,20.778
32922,22873,63.50,20.778
32922,30556,63.50,20.778
32922,20945,52.50,17.179
32980,45898,63.50,20.778
32980,36997,63.50,20.778
32980,48787,63.50,20.778
32980,40252,56.00,18.324
32980,15599,52.50,17.179
33023,33952,63.50,20.778
33023,12169,63.50,20.778
33023,22873,63.50,20.778
33023,30556,63.50,20.778
33023,20945,52.50,17.179
33080,45898,63.50,20.778
33080,36997,63.50,20.778
33080,48787,63.50,20.778
33080,40252,56.00,18.324
33080,15599,52.50,17.179
33133,33952,63.50,20.778
33133,12169,63.50,20.778
33133,22873,63.50,20.778
33133,30556,63.50,20.778
33133,20945,52.50,17.179
33190,45898,63.50,20.778
33190,36997,63.50,20.778
33190,48787,63.50,20.778
33190,40252,56.00,18.324
33190,15599,52.50,17.179
33233,33952,63.50,20.778
33233,12169,63.50,20.778
33233,22873,63.50,20.778
33233,30556,63.50,20.778
33233,20945,52.50,17.179
33300,45898,63.50,20.778
33300,36997,63.50,20.778
33300,48787,63.50,20.778
33300,40252,56.00,18.324
33300,15599,52.50,17.179
33342,33952,63.50,20.778
33342,12169,63.50,20.778
33342,22873,63.50,20.778
33342,30556,63.50,20.778
33342,20945,52.50,17.179
33401,45898,63.50,20.778
33401,36997,63.50,20.778
33401,48787,63.50,20.778
33401,40252,56.00,18.324
33401,15599,52.50,17.179
33443,33952,63.50,20.778
33443,12169,63.50,20.778
33443,22873,63.50,20.778
33443,30556,63.50,20.778
33443,20945,52.50,17.179
33510,45898,63.50,20.778
33510,36997,63.50,20.778
33510,48787,63.50,20.778
33510,40252,56.00,18.324
33510,15599,52.50,17.179
33553,33952,63.50,20.778
33553,12169,63.50,20.778
33553,22873,63.50,20.778
33553,30556,63.50,20.778
33553,20945,52.50,17.179
33610,45898,63.50,20.778
33610,36997,63.50,20.778
33610,48787,63.50,20.778
33610,40252,56.00,18.324
33610,15599,52.50,17.179
33654,33952,63.50,20.778
33654,12169,63.50,20.778
33654,22873,63.50,20.778
33654,30556,53.50,17.506
33654,20945,52.00,17.015
33720,45898,63.50,20.778
33720,36997,63.50,20.778
33720,48787,63.50,20.778
33720,40252,56.00,18.324
33720,15599,52.50,17.179
33762,33952,63.50,20.778
33762,12169,63.50,20.778
33762,22873,63.50,20.778
33762,30556,53.50,17.506
33762,20945,52.00,17.015
33820,45898,63.50,20.778
33820,36997,63.50,20.778
33820,48787,63.50,20.778
33820,40252,56.00,18.324
33820,15599,52.50,17.179
33863,33952,63.50,20.778
33863,12169,63.50,20.778
33863,22873,63.50,20.778
33863,30556,53.50,17.506
33863,20945,52.00,17.015
33930,45898,63.50,20.778
33930,36997,63.50,20.778
33930,48787,63.50,20.778
33930,40252,56.00,18.324
33930,15599,52.50,17.179
33975,33952,6.50,2.414
33975,12169,63.50,20.778
33975,22873,63.50,20.778
33975,30556,53.50,17.506
33975,20945,63.50,20.778
34040,45898,63.50,20.778
34040,36997,63.50,20.778
34040,48787,63.50,20.778
34040,40252,56.00,18.324
34040,15599,52.50,17.179
34083,33952,6.50,2.414
34083,12169,63.50,20.778
34083,22873,63.50,20.778
34083,30556,53.50,17.506
34083,20945,63.50,20.778
34140,45898,63.50,20.778
34140,36997,63.50,20.778
34140,48787,63.50,20.778
34140,40252,56.00,18.324
34140,15599,52.50,17.179
34193,33952,6.50,2.414
34193,12169,63.50,20.778
34193,22873,63.50,20.778
34193,30556,53.50,17.506
34193,20945,63.50,20.778
34240,45898,63.50,20.778
34240,36997,63.50,20.778
34240,48787,63.50,20.778
34240,40252,56.00,18.324
34240,15599,52.50,17.179
34302,33952,6.50,2.414
34302,12169,63.50,20.778
34302,22873,63.50,20.778
34302,30556,53.50,17.506
34302,20945,63.50,20.778
34340,45898,63.50,20.778
34340,36997,63.50,20.778
34340,48787,63.50,20.778
34340,40252,56.00,18.324
34340,15599,52.50,17.179
34403,33952,6.50,2.414
34403,12169,63.50,20.778
34403,22873,63.50,20.778
34403,30556,53.50,17.506
34403,20945,63.50,20.778
34440,45898,63.50,20.778
34440,36997,63.50,20.778
34440,48787,63.50,20.778
34440,40252,56.00,18.324
34440,15599,52.50,17.179
34512,33952,6.50,2.414
34512,12169,63.50,20.778
34512,22873,63.50,20.778
34512,30556,63.50,20.778
34512,20945,63.50,20.778
34550,45898,63.50,20.778
34550,36997,63.50,20.778
34550,48787,63.50,20.778
34550,40252,56.00,18.324
34550,15599,52.50,17.179
34613,33952,6.50,2.414
34613,12169,63.50,20.778
34613,22873,63.50,20.778
34613,30556,63.50,20.778
34613,20945,63.50,20.778
34650,45898,63.50,20.778
34650,36997,63.50,20.778
34650,48787,63.50,20.778
34650,40252,56.00,18.324
34650,15599,52.50,17.179
34713,33952,6.50,2.414
34713,12169,63.50,20.778
34713,22873,63.50,20.778
34713,30556,63.50,20.778
34713,20945,63.50,20.778
34750,45898,63.50,20.778
34750,36997,63.50,20.778
34750,48787,63.50,20.778
34750,40252,56.00,18.324
34750,15599,52.50,17.179
34822,33952,6.50,2.414
34822,12169,63.50,20.778
34822,22873,63.50,20.778
34822,30556,63.50,20.778
34822,20945,63.50,20.778
34860,45898,63.50,20.778
34860,36997,63.50,20.778
34860,48787,63.50,20.778
34860,40252,56.00,18.324
34860,15599,52.50,17.179
34924,33952,6.50,2.414
34924,12169,63.50,20.778
34924,22873,63.50,20.778
34924,30556,63.50,20.778
34924,20945,63.50,20.778
34970,45898,63.50,20.778
34970,36997,63.50,20.778
34970,48787,63.50,20.778
34970,40252,56.00,18.324
34970,15599,52.50,17.179
35033,33952,6.50,2.414
35033,12169,63.50,20.778
35033,22873,63.50,20.778
35033,30556,63.50,20.778
35033,20945,63.50,20.778
35080,45898,63.50,20.778
35080,36997,63.50,20.778
35080,48787,63.50,20.778
35080,40252,56.00,18.324
35080,15599,52.50,17.179
35133,33952,6.50,2.414
35133,12169,63.50,20.778
35133,22873,63.50,20.778
35133,30556,63.50,20.778
35133,20945,63.50,20.778
35190,45898,63.50,20.778
35190,36997,63.50,20.778
35190,48787,63.50,20.778
35190,40252,56.00,18.324
35190,15599,52.50,17.179
35243,33952,6.50,2.414
35243,12169,63.50,20.778
35243,22873,63.50,20.778
35243,30556,63.50,20.778
35243,20945,63.50,20.778
35290,45898,63.50,20.778
35290,36997,63.50,20.778
35290,48787,63.50,20.778
35290,40252,56.00,18.324
35290,15599,52.50,17.179
35343,33952,6.50,2.414
35343,12169,63.50,20.778
35343,22873,63.50,20.778
35343,30556,63.50,20.778
35343,20945,63.50,20.778
35400,45898,63.50,20.778
35400,36997,63.50,20.778
35400,48787,63.50,20.778
35400,40252,56.00,18.324
35400,15599,52.50,17.179
35443,33952,6.50,2.414
35443,12169,63.50,20.778
35443,22873,63.50,20.778
35443,30556,63.50,20.778
35443,20945,63.50,20.778
35500,45898,63.50,20.778
35500,36997,63.50,20.778
35500,48787,63.50,20.778
35500,40252,56.00,18.324
35500,15599,52.50,17.179
35545,33952,6.50,2.414
35545,12169,63.50,20.778
35545,22873,63.50,20.778
35545,30556,63.50,20.778
35545,20945,63.50,20.778
35610,45898,63.50,20.778
35610,36997,63.50,20.778
35610,48787,63.50,20.778
35610,40252,56.00,18.324
35610,15599,52.50,17.179
35645,33952,6.50,2.414
35645,12169,63.50,20.778
35645,22873,63.50,20.778
35645,30556,63.50,20.778
35645,20945,63.50,20.778
35710,45898,63.50,20.778
35710,36997,63.50,20.778
35710,48787,63.50,20.778
35710,40252,56.00,18.324
35710,15599,52.50,17.179
35753,33952,6.50,2.414
35753,12169,63.50,20.778
35753,22873,63.50,20.778
35753,30556,63.50,20.778
35753,20945,63.50,20.778
35819,45898,63.50,20.778
35819,36997,63.50,20.778
35819,48787,63.50,20.778
35819,40252,56.00,18.324
35819,15599,52.50,17.179
35863,33952,6.50,2.414
35863,12169,63.50,20.778
35863,22873,63.50,20.778
35863,30556,63.50,20.778
35863,20945,63.50,20.778
35920,45898,63.50,20.778
35920,36997,63.50,20.778
35920,48787,63.50,20.778
35920,40252,56.00,18.324
35920,15599,52.50,17.179
35973,33952,6.50,2.414
35973,12169,63.50,20.778
35973,22873,63.50,20.778
35973,30556,63.50,20.778
35973,20945,63.50,20.778
36030,45898,63.50,20.778
36030,36997,63.50,20.778
36030,48787,63.50,20.778
36030,40252,56.00,18.324
36030,15599,52.50,17.179
36083,33952,6.50,2.414
36083,12169,63.50,20.778
36083,22873,63.50,20.778
36083,30556,63.50,20.778
36083,20945,63.50,20.778
36140,45898,63.50,20.778
36140,36997,63.50,20.778
36140,48787,63.50,20.778
36140,40252,56.00,18.324
36140,15599,52.50,17.179
36184,33952,6.50,2.414
36184,12169,63.50,20.778
36184,22873,63.50,20.778
36184,30556,63.50,20.778
36184,20945,63.50,20.778
36250,45898,63.50,20.778
36250,36997,63.50,20.778
36250,48787,63.50,20.778
36250,40252,56.00,18.324
36250,15599,52.50,17.179
36293,33952,6.50,2.414
36293,12169,63.50,20.778
36293,22873,63.50,20.778
36293,30556,63.50,20.778
36293,20945,63.50,20.778
36350,45898,63.50,20.778
36350,36997,63.50,20.778
36350,48787,63.50,20.778
36350,40252,56.00,18.324
36350,15599,52.50,17.179
36393,33952,6.50,2.414
36393,12169,63.50,20.778
36393,22873,63.50,20.778
36393,30556,63.50,20.778
36393,20945,63.50,20.778
36460,45898,63.50,20.778
36460,36997,63.50,20.778
36460,48787,63.50,20.778
36460,40252,56.00,18.324
36460,15599,52.50,17.179
36503,33952,6.50,2.414
36503,12169,63.50,20.778
36503,22873,63.50,20.778
36503,30556,63.50,20.778
36503,20945,63.50,20.778
36570,45898,63.50,20.778
36570,36997,63.50,20.778
36570,48787,63.50,20.778
36570,40252,56.00,18.324
36570,15599,52.50,17.179
36613,33952,6.50,2.414
36613,12169,63.50,20.778
36613,22873,63.50,20.778
36613,30556,63.50,20.778
36613,20945,63.50,20.778
36680,45898,63.50,20.778
36680,36997,63.50,20.778
36680,48787,63.50,20.778
36680,40252,56.00,18.324
36680,15599,52.50,17.179
36724,33952,6.50,2.414
36724,12169,63.50,20.778
36724,22873,63.50,20.778
36724,30556,63.50,20.778
36724,20945,63.50,20.778
36790,45898,63.50,20.778
36790,36997,63.50,20.778
36790,48787,63.50,20.778
36790,40252,56.00,18.324
36790,15599,52.50,17.179
36832,33952,6.50,2.414
36832,12169,63.50,20.778
36832,22873,63.50,20.778
36832,30556,63.50,20.778
36832,20945,63.50,20.778
36890,45898,63.50,20.778
36890,36997,63.50,20.778
36890,48787,63.50,20.778
36890,40252,56.00,18.324
36890,15599,52.50,17.179
36932,33952,6.50,2.414
36932,12169,63.50,20.778
36932,22873,63.50,20.778
36932,30556,63.50,20.778
36932,20945,63.50,20.778
37000,45898,63.50,20.778
37000,36997,63.50,20.778
37000,48787,63.50,20.778
37000,40252,56.00,18.324
37000,15599,52.50,17.179
37033,33952,6.50,2.414
37033,12169,63.50,20.778
37033,22873,63.50,20.778
37033,30556,63.50,20.778
37033,20945,63.50,20.778
37110,45898,63.50,20.778
37110,36997,63.50,20.778
37110,48787,63.50,20.778
37110,40252,56.00,18.324
37110,15599,52.50,17.179
37143,33952,6.50,2.414
37143,12169,63.50,20.778
37143,22873,63.50,20.778
37143,30556,63.50,20.778
37143,20945,63.50,20.778
37210,45898,63.50,20.778
37210,36997,63.50,20.778
37210,48787,63.50,20.778
37210,40252,56.00,18.324
37210,15599,52.50,17.179
37254,33952,6.50,2.414
37254,12169,63.50,20.778
37254,22873,63.50,20.778
37254,30556,63.50,20.778
37254,20945,63.50,20.778
37310,45898,63.50,20.778
37310,36997,63.50,20.778
37310,48787,63.50,20.778
37310,40252,56.00,18.324
37310,15599,52.50,17.179
37362,33952,6.50,2.414
37362,12169,63.50,20.778
37362,22873,63.50,20.778
37362,30556,63.50,20.778
37362,20945,63.50,20.778
37420,45898,63.50,20.778
37420,36997,63.50,20.778
37420,48787,63.50,20.778
37420,40252,56.00,18.324
37420,15599,52.50,17.179
37464,33952,6.50,2.414
37464,12169,63.50,20.778
37464,22873,63.50,20.778
37464,30556,63.50,20.778
37464,20945,63.50,20.778
37520,45898,63.50,20.778
37520,36997,63.50,20.778
37520,48787,63.50,20.778
37520,40252,56.00,18.324
37520,15599,52.50,17.179
37573,33952,6.50,2.414
37573,12169,63.50,20.778
37573,22873,63.50,20.778
37573,30556,63.50,20.778
37573,20945,63.50,20.778
37630,45898,63.50,20.778
37630,36997,63.50,20.778
37630,48787,63.50,20.778
37630,40252,56.00,18.324
37630,15599,52.50,17.179
37674,33952,6.50,2.414
37674,12169,63.50,20.778
37674,22873,63.50,20.778
37674,30556,63.50,20.778
37674,20945,63.50,20.778
37730,45898,63.50,20.778
37730,36997,63.50,20.778
37730,48787,63.50,20.778
37730,40252,56.00,18.324
37730,15599,52.50,17.179
37782,33952,6.50,2.414
37782,12169,63.50,20.778
37782,22873,63.50,20.778
37782,30556,53.50,17.506
37782,20945,52.50,17.179
37840,45898,63.50,20.778
37840,36997,63.50,20.778
37840,48787,63.50,20.778
37840,40252,56.00,18.324
37840,15599,52.50,17.179
37883,33952,6.50,2.414
37883,12169,63.50,20.778
37883,22873,63.50,20.778
37883,30556,53.50,17.506
37883,20945,52.50,17.179
37940,45898,63.50,20.778
37940,36997,63.50,20.778
37940,48787,63.50,20.778
37940,40252,56.00,18.324
37940,15599,52.50,17.179
37993,33952,6.50,2.414
37993,12169,63.50,20.778
37993,22873,63.50,20.778
37993,30556,53.50,17.506
37993,20945,52.50,17.179
38050,45898,63.50,20.778
38050,36997,63.50,20.778
38050,48787,63.50,20.778
38050,40252,56.00,18.324
38050,15599,52.50,17.179
38093,33952,6.50,2.414
38093,12169,63.50,20.778
38093,22873,63.50,20.778
38093,30556,53.50,17.506
38093,20945,52.50,17.179
38150,45898,63.50,20.778
38150,36997,63.50,20.778
38150,48787,63.50,20.778
38150,40252,56.00,18.324
38150,15599,52.50,17.179
38195,33952,6.50,2.414
38195,12169,63.50,20.778
38195,22873,63.50,20.778
38195,30556,53.50,17.506
38195,20945,52.50,17.179
38261,45898,63.50,20.778
38261,36997,63.50,20.778
38261,48787,63.50,20.778
38261,40252,56.00,18.324
38261,15599,52.50,17.179
38303,33952,6.50,2.414
38303,12169,63.50,20.778
38303,22873,63.50,20.778
38303,30556,53.50,17.506
38303,20945,52.50,17.179
38370,45898,63.50,20.778
38370,36997,63.50,20.778
38370,48787,63.50,20.778
38370,40252,56.00,18.324
38370,15599,52.50,17.179
38412,33952,6.50,2.414
38412,12169,63.50,20.778
38412,22873,63.50,20.778
38412,30556,53.50,17.506
38412,20945,52.50,17.179
38470,45898,63.50,20.778
38470,36997,63.50,20.778
38470,48787,63.50,20.778
38470,40252,56.00,18.324
38470,15599,52.50,17.179
38513,33952,6.50,2.414
38513,12169,63.50,20.778
38513,22873,63.50,20.778
38513,30556,63.50,20.778
38513,20945,52.50,17.179
38580,45898,63.50,20.778
38580,36997,63.50,20.778
38580,48787,63.50,20.778
38580,40252,56.00,18.324
38580,15599,52.50,17.179
38623,33952,6.50,2.414
38623,12169,63.50,20.778
38623,22873,63.50,20.778
38623,30556,63.50,20.778
38623,20945,52.50,17.179
38680,45898,63.50,20.778
38680,36997,63.50,20.778
38680,48787,63.50,20.778
38680,40252,56.00,18.324
38680,15599,52.50,17.179
38723,33952,6.50,2.414
38723,12169,63.50,20.778
38723,22873,63.50,20.778
38723,30556,63.50,20.778
38723,20945,52.50,17.179
38790,45898,63.50,20.778
38790,36997,63.50,20.778
38790,48787,63.50,20.778
38790,40252,56.00,18.324
38790,15599,52.50,17.179
38832,33952,6.50,2.414
38832,12169,63.50,20.778
38832,22873,63.50,20.778
38832,30556,63.50,20.778
38832,20945,52.50,17.179
38890,45898,63.50,20.778
38890,36997,63.50,20.778
38890,48787,63.50,20.778
38890,40252,56.00,18.324
38890,15599,52.50,17.179
38933,33952,6.50,2.414
38933,12169,63.50,20.778
38933,22873,63.50,20.778
38933,30556,63.50,20.778
38933,20945,52.50,17.179
39000,45898,63.50,20.778
39000,36997,63.50,20.778
39000,48787,63.50,20.778
39000,40252,56.00,18.324
39000,15599,52.50,17.179
39043,33952,6.50,2.414
39043,12169,63.50,20.778
39043,22873,63.50,20.778
39043,30556,63.50,20.778
39043,20945,52.50,17.179
39110,45898,63.50,20.778
39110,36997,63.50,20.778
39110,48787,63.50,20.778
39110,40252,56.00,18.324
39110,15599,52.50,17.179
39143,33952,6.50,2.414
39143,12169,63.50,20.778
39143,22873,63.50,20.778
39143,30556,63.50,20.778
39143,20945,52.50,17.179
39210,45898,63.50,20.778
39210,36997,63.50,20.778
39210,48787,63.50,20.778
39210,40252,56.00,18.324
39210,15599,52.50,17.179
39253,33952,6.50,2.414
39253,12169,63.50,20.778
39253,22873,63.50,20.778
39253,30556,63.50,20.778
39253,20945,52.50,17.179
39310,45898,63.50,20.778
39310,36997,63.50,20.778
39310,48787,63.50,20.778
39310,40252,56.00,18.324
39310,15599,52.50,17.179
39353,33952,6.50,2.414
39353,12169,63.50,20.778
39353,22873,63.50,20.778
39353,30556,63.50,20.778
39353,20945,52.50,17.179
39420,45898,63.50,20.778
39420,36997,63.50,20.778
39420,48787,63.50,20.778
39420,40252,56.00,18.324
39420,15599,52.50,17.179
39453,33952,6.50,2.414
39453,12169,63.50,20.778
39453,22873,63.50,20.778
39453,30556,63.50,20.778
39453,20945,52.50,17.179
39530,45898,63.50,20.778
39530,36997,63.50,20.778
39530,48787,63.50,20.778
39530,40252,56.00,18.324
39530,15599,52.50,17.179
39563,33952,6.50,2.414
39563,12169,63.50,20.778
39563,22873,63.50,20.778
39563,30556,63.50,20.778
39563,20945,52.50,17.179
39630,45898,63.50,20.778
39630,36997,63.50,20.778
39630,48787,63.50,20.778
39630,40252,56.00,18.324
39630,15599,52.50,17.179
39663,33952,6.50,2.414
39663,12169,63.50,20.778
39663,22873,63.50,20.778
39663,30556,63.50,20.778
39663,20945,52.50,17.179
39730,45898,63.50,20.778
39730,36997,63.50,20.778
39730,48787,63.50,20.778
39730,40252,56.00,18.324
39730,15599,52.50,17.179
39773,33952,6.50,2.414
39773,12169,63.50,20.778
39773,22873,63.50,20.778
39773,30556,63.50,20.778
39773,20945,52.50,17.179
39830,45898,63.50,20.778
39830,36997,63.50,20.778
39830,48787,63.50,20.778
39830,40252,56.00,18.324
39830,15599,52.50,17.179
39883,33952,6.50,2.414
39883,12169,63.50,20.778
39883,22873,63.50,20.778
39883,30556,63.50,20.778
39883,20945,52.50,17.179
39940,45898,63.50,20.778
39940,36997,63.50,20.778
39940,48787,63.50,20.778
39940,40252,56.00,18.324
39940,15599,52.50,17.179
39983,33952,6.50,2.414
39983,12169,63.50,20.778
39983,22873,63.50,20.778
39983,30556,63.50,20.778
39983,20945,52.50,17.179
40050,45898,63.50,20.778
40050,36997,63.50,20.778
40050,48787,63.50,20.778
40050,40252,56.00,18.324
40050,15599,52.50,17.179
40083,33952,6.50,2.414
40083,12169,63.50,20.778
40083,22873,63.50,20.778
40083,30556,63.50,20.778
40083,20945,52.50,17.179
40160,45898,63.50,20.778
40160,36997,63.50,20.778
40160,48787,63.50,20.778
40160,40252,56.00,18.324
40160,15599,52.50,17.179
40184,33952,6.50,2.414
40184,12169,63.50,20.778
40184,22873,63.50,20.778
40184,30556,63.50,20.778
40184,20945,52.50,17.179
40260,45898,63.50,20.778
40260,36997,63.50,20.778
40260,48787,63.50,20.778
40260,40252,56.00,18.324
40260,15599,52.50,17.179
40293,33952,6.50,2.414
40293,12169,63.50,20.778
40293,22873,63.50,20.778
40293,30556,63.50,20.778
40293,20945,52.50,17.179
40371,45898,63.50,20.778
40371,36997,63.50,20.778
40371,48787,63.50,20.778
40371,40252,56.00,18.324
40371,15599,52.50,17.179
40402,33952,6.50,2.414
40402,12169,63.50,20.778
40402,22873,63.50,20.778
40402,30556,63.50,20.778
40402,20945,52.50,17.179
40480,45898,63.50,20.778
40480,36997,63.50,20.778
40480,48787,63.50,20.778
40480,40252,56.00,18.324
40480,15599,52.50,17.179
40503,33952,6.50,2.414
40503,12169,63.50,20.778
40503,22873,63.50,20.778
40503,30556,63.50,20.778
40503,20945,52.50,17.179
40580,45898,63.50,20.778
40580,36997,63.50,20.778
40580,48787,63.50,20.778
40580,40252,56.00,18.324
40580,15599,52.50,17.179
40603,33952,6.50,2.414
40603,12169,63.50,20.778
40603,22873,63.50,20.778
40603,30556,63.50,20.778
40603,20945,52.50,17.179
40690,45898,63.50,20.778
40690,36997,63.50,20.778
40690,48787,63.50,20.778
40690,40252,56.00,18.324
40690,15599,52.50,17.179
40715,33952,6.50,2.414
40715,12169,63.50,20.778
40715,22873,63.50,20.778
40715,30556,63.50,20.778
40715,20945,52.50,17.179
40800,45898,63.50,20.778
40800,36997,63.50,20.778
40800,48787,63.50,20.778
40800,40252,56.00,18.324
40800,15599,52.50,17.179
40823,33952,6.50,2.414
40823,12169,63.50,20.778
40823,22873,63.50,20.778
40823,30556,63.50,20.778
40823,20945,52.50,17.179
40910,45898,63.50,20.778
40910,36997,63.50,20.778
40910,48787,63.50,20.778
40910,40252,56.00,18.324
40910,15599,52.50,17.179
40933,33952,6.50,2.414
40933,12169,63.50,20.778
40933,22873,63.50,20.778
40933,30556,63.50,20.778
40933,20945,52.50,17.179
41010,45898,63.50,20.778
41010,36997,63.50,20.778
41010,48787,63.50,20.778
41010,40252,56.00,18.324
41010,15599,52.50,17.179
41033,33952,6.50,2.414
41033,12169,63.50,20.778
41033,22873,63.50,20.778
41033,30556,63.50,20.778
41033,20945,52.50,17.179
41120,45898,63.50,20.778
41120,36997,63.50,20.778
41120,48787,63.50,20.778
41120,40252,56.00,18.324
41120,15599,52.50,17.179
41144,33952,6.50,2.414
41144,12169,63.50,20.778
41144,22873,63.50,20.778
41144,30556,63.50,20.778
41144,20945,52.50,17.179
41220,45898,63.50,20.778
41220,36997,63.50,20.778
41220,48787,63.50,20.778
41220,40252,56.00,18.324
41220,15599,52.50,17.179
41253,33952,6.50,2.414
41253,12169,63.50,20.778
41253,22873,63.50,20.778
41253,30556,63.50,20.778
41253,20945,52.50,17.179
41330,45898,63.50,20.778
41330,36997,63.50,20.778
41330,48787,63.50,20.778
41330,40252,56.00,18.324
41330,15599,52.50,17.179
41363,33952,6.50,2.414
41363,12169,63.50,20.778
41363,22873,63.50,20.778
41363,30556,63.50,20.778
41363,20945,52.50,17.179
41440,45898,63.50,20.778
41440,36997,63.50,20.778
41440,48787,63.50,20.778
41440,40252,56.00,18.324
41440,15599,52.50,17.179
41475,33952,6.50,2.414
41475,12169,63.50,20.778
41475,22873,63.50,20.778
41475,30556,63.50,20.778
41475,20945,52.50,17.179
41540,45898,63.50,20.778
41540,36997,63.50,20.778
41540,48787,63.50,20.778
41540,40252,56.00,18.324
41540,15599,52.50,17.179
41583,33952,6.50,2.414
41583,12169,63.50,20.778
41583,22873,63.50,20.778
41583,30556,63.50,20.778
41583,20945,52.50,17.179
41640,45898,63.50,20.778
41640,36997,63.50,20.778
41640,48787,63.50,20.778
41640,40252,56.00,18.324
41640,15599,52.50,17.179
41693,33952,6.50,2.414
41693,12169,63.50,20.778
41693,22873,63.50,20.778
41693,30556,63.50,20.778
41693,20945,52.50,17.179
41740,45898,63.50,20.778
41740,36997,63.50,20.778
41740,48787,63.50,20.778
41740,40252,56.00,18.324
41740,15599,52.50,17.179
41802,33952,6.50,2.414
41802,12169,63.50,20.778
41802,22873,63.50,20.778
41802,30556,53.50,17.506
41802,20945,52.50,17.179
41850,45898,63.50,20.778
41850,36997,63.50,20.778
41850,48787,63.50,20.778
41850,40252,56.00,18.324
41850,15599,52.50,17.179
41903,33952,6.50,2.414
41903,12169,63.50,20.778
41903,22873,63.50,20.778
41903,30556,53.50,17.506
41903,20945,52.50,17.179
41960,45898,63.50,20.778
41960,36997,63.50,20.778
41960,48787,63.50,20.778
41960,40252,56.00,18.324
41960,15599,52.50,17.179
42013,33952,6.50,2.414
42013,12169,63.50,20.778
42013,22873,63.50,20.778
42013,30556,53.50,17.506
42013,20945,52.50,17.179
42070,45898,63.50,20.778
42070,36997,63.50,20.778
42070,48787,63.50,20.778
42070,40252,56.00,18.324
42070,15599,52.50,17.179
42123,33952,6.50,2.414
42123,12169,63.50,20.778
42123,22873,63.50,20.778
42123,30556,53.50,17.506
42123,20945,52.50,17.179
42170,45898,63.50,20.778
42170,36997,63.50,20.778
42170,48787,63.50,20.778
42170,40252,56.00,18.324
42170,15599,52.50,17.179
42233,33952,6.50,2.414
42233,12169,63.50,20.778
42233,22873,63.50,20.778
42233,30556,53.50,17.506
42233,20945,52.50,17.179
42280,45898,63.50,20.778
42280,36997,63.50,20.778
42280,48787,63.50,20.778
42280,40252,56.00,18.324
42280,15599,52.50,17.179
42343,33952,6.50,2.414
42343,12169,63.50,20.778
42343,22873,63.50,20.778
42343,30556,53.50,17.506
42343,20945,52.50,17.179
42390,45898,63.50,20.778
42390,36997,63.50,20.778
42390,48787,63.50,20.778
42390,40252,56.00,18.324
42390,15599,52.50,17.179
42453,33952,6.50,2.414
42453,12169,63.50,20.778
42453,22873,63.50,20.778
42453,30556,53.50,17.506
42453,20945,52.50,17.179
42491,45898,63.50,20.778
42491,36997,63.50,20.778
42491,48787,63.50,20.778
42491,40252,56.00,18.324
42491,15599,52.50,17.179
42564,33952,6.50,2.414
42564,12169,63.50,20.778
42564,22873,63.50,20.778
42564,30556,63.50,20.778
42564,20945,52.50,17.179
42600,45898,63.50,20.778
42600,36997,63.50,20.778
42600,48787,63.50,20.778
42600,40252,56.00,18.324
42600,15599,52.50,17.179
42673,33952,6.50,2.414
42673,12169,63.50,20.778
42673,22873,63.50,20.778
42673,30556,63.50,20.778
42673,20945,52.50,17.179
42700,45898,63.50,20.778
42700,36997,63.50,20.778
42700,48787,63.50,20.778
42700,40252,56.00,18.324
42700,15599,52.50,17.179
42784,33952,6.50,2.414
42784,12169,63.50,20.778
42784,22873,63.50,20.778
42784,30556,63.50,20.778
42784,20945,52.50,17.179
42810,45898,63.50,20.778
42810,36997,63.50,20.778
42810,48787,63.50,20.778
42810,40252,56.00,18.324
42810,15599,52.50,17.179
42893,33952,6.50,2.414
42893,12169,63.50,20.778
42893,22873,63.50,20.778
42893,30556,63.50,20.778
42893,20945,52.50,17.179
42920,45898,63.50,20.778
42920,36997,63.50,20.778
42920,48787,63.50,20.778
42920,40252,56.00,18.324
42920,15599,52.50,17.179
43004,33952,6.50,2.414
43004,12169,63.50,20.778
43004,22873,63.50,20.778
43004,30556,63.50,20.778
43004,20945,52.50,17.179
43030,45898,63.50,20.778
43030,36997,63.50,20.778
43030,48787,63.50,20.778
43030,40252,56.00,18.324
43030,15599,52.50,17.179
43113,33952,6.50,2.414
43113,12169,63.50,20.778
43113,22873,63.50,20.778
43113,30556,63.50,20.778
43113,20945,52.50,17.179
43140,45898,63.50,20.778
43140,36997,63.50,20.778
43140,48787,63.50,20.778
43140,40252,56.00,18.324
43140,15599,52.50,17.179
43213,33952,6.50,2.414
43213,12169,63.50,20.778
43213,22873,63.50,20.778
43213,30556,63.50,20.778
43213,20945,52.50,17.179
43240,45898,63.50,20.778
43240,36997,63.50,20.778
43240,48787,63.50,20.778
43240,40252,56.00,18.324
43240,15599,52.50,17.179
43323,33952,6.50,2.414
43323,12169,63.50,20.778
43323,22873,63.50,20.778
43323,30556,63.50,20.778
43323,20945,52.50,17.179
43350,45898,63.50,20.778
43350,36997,63.50,20.778
43350,48787,63.50,20.778
43350,40252,56.00,18.324
43350,15599,52.50,17.179
43423,33952,6.50,2.414
43423,12169,63.50,20.778
43423,22873,63.50,20.778
43423,30556,63.50,20.778
43423,20945,52.50,17.179
43460,45898,63.50,20.778
43460,36997,63.50,20.778
43460,48787,63.50,20.778
43460,40252,56.00,18.324
43460,15599,52.50,17.179
43523,33952,6.50,2.414
43523,12169,63.50,20.778
43523,22873,63.50,20.778
43523,30556,63.50,20.778
43523,20945,52.50,17.179
43570,45898,63.50,20.778
43570,36997,63.50,20.778
43570,48787,63.50,20.778
43570,40252,56.00,18.324
43570,15599,52.50,17.179
43633,33952,6.50,2.414
43633,12169,63.50,20.778
43633,22873,63.50,20.778
43633,30556,63.50,20.778
43633,20945,52.50,17.179
43670,45898,63.50,20.778
43670,36997,63.50,20.778
43670,48787,63.50,20.778
43670,40252,56.00,18.324
43670,15599,52.50,17.179
43733,33952,6.50,2.414
43733,12169,63.50,20.778
43733,22873,63.50,20.778
43733,30556,63.50,20.778
43733,20945,52.50,17.179
43770,45898,63.50,20.778
43770,36997,63.50,20.778
43770,48787,63.50,20.778
43770,40252,56.00,18.324
43770,15599,52.50,17.179
43844,33952,6.50,2.414
43844,12169,63.50,20.778
43844,22873,63.50,20.778
43844,30556,63.50,20.778
43844,20945,52.50,17.179
43870,45898,63.50,20.778
43870,36997,63.50,20.778
43870,48787,63.50,20.778
43870,40252,56.00,18.324
43870,15599,52.50,17.179
43953,33952,6.50,2.414
43953,12169,63.50,20.778
43953,22873,63.50,20.778
43953,30556,63.50,20.778
43953,20945,52.50,17.179
43971,45898,63.50,20.778
43971,36997,63.50,20.778
43971,48787,63.50,20.778
43971,40252,56.00,18.324
43971,15599,52.50,17.179
44062,33952,6.50,2.414
44062,12169,63.50,20.778
44062,22873,63.50,20.778
44062,30556,63.50,20.778
44062,20945,52.50,17.179
44080,45898,63.50,20.778
44080,36997,63.50,20.778
44080,48787,63.50,20.778
44080,40252,56.00,18.324
44080,15599,52.50,17.179
44163,33952,6.50,2.414
44163,12169,63.50,20.778
44163,22873,63.50,20.778
44163,30556,63.50,20.778
44163,20945,52.50,17.179
44190,45898,63.50,20.778
44190,36997,63.50,20.778
44190,48787,63.50,20.778
44190,40252,56.00,18.324
44190,15599,52.50,17.179
44273,33952,6.50,2.414
44273,12169,63.50,20.778
44273,22873,63.50,20.778
44273,30556,63.50,20.778
44273,20945,52.50,17.179
44290,45898,63.50,20.778
44290,36997,63.50,20.778
44290,48787,63.50,20.778
44290,40252,56.00,18.324
44290,15599,52.50,17.179
44383,33952,6.50,2.414
44383,12169,63.50,20.778
44383,22873,63.50,20.778
44383,30556,63.50,20.778
44383,20945,52.50,17.179
44400,45898,63.50,20.778
44400,36997,63.50,20.778
44400,48787,63.50,20.778
44400,40252,56.00,18.324
44400,15599,52.50,17.179
44483,33952,6.50,2.414
44483,12169,63.50,20.778
44483,22873,63.50,20.778
44483,30556,63.50,20.778
44483,20945,52.50,17.179
44501,45898,63.50,20.778
44501,36997,63.50,20.778
44501,48787,63.50,20.778
44501,40252,56.00,18.324
44501,15599,52.50,17.179
44593,33952,6.50,2.414
44593,12169,63.50,20.778
44593,22873,63.50,20.778
44593,30556,63.50,20.778
44593,20945,52.50,17.179
44610,45898,63.50,20.778
44610,36997,63.50,20.778
44610,48787,63.50,20.778
44610,40252,56.00,18.324
44610,15599,52.50,17.179
44693,33952,6.50,2.414
44693,12169,63.50,20.778
44693,22873,63.50,20.778
44693,30556,63.50,20.778
44693,20945,52.50,17.179
44720,45898,63.50,20.778
44720,36997,63.50,20.778
44720,48787,63.50,20.778
44720,40252,56.00,18.324
44720,15599,52.50,17.179
44803,33952,6.50,2.414
44803,12169,63.50,20.778
44803,22873,63.50,20.778
44803,30556,63.50,20.778
44803,20945,52.50,17.179
44830,45898,63.50,20.778
44830,36997,63.50,20.778
44830,48787,63.50,20.778
44830,40252,56.00,18.324
44830,15599,52.50,17.179
44913,33952,6.50,2.414
44913,12169,63.50,20.778
44913,22873,63.50,20.778
44913,30556,63.50,20.778
44913,20945,52.50,17.179
44930,45898,63.50,20.778
44930,36997,63.50,20.778
44930,48787,63.50,20.778
44930,40252,56.00,18.324
44930,15599,52.50,17.179
45013,33952,6.50,2.414
45013,12169,63.50,20.778
45013,22873,63.50,20.778
45013,30556,63.50,20.778
45013,20945,52.50,17.179
45030,45898,63.50,20.778
45030,36997,63.50,20.778
45030,48787,63.50,20.778
45030,40252,56.00,18.324
45030,15599,52.50,17.179
45124,33952,6.50,2.414
45124,12169,63.50,20.778
45124,22873,63.50,20.778
45124,30556,63.50,20.778
45124,20945,52.50,17.179
45130,45898,63.50,20.778
45130,36997,63.50,20.778
45130,48787,63.50,20.778
45130,40252,56.00,18.324
45130,15599,52.50,17.179
45233,33952,6.50,2.414
45233,12169,63.50,20.778
45233,22873,63.50,20.778
45233,30556,63.50,20.778
45233,20945,52.50,17.179
45240,45898,63.50,20.778
45240,36997,63.50,20.778
45240,48787,63.50,20.778
45240,40252,56.00,18.324
45240,15599,52.50,17.179
45333,33952,6.50,2.414
45333,12169,63.50,20.778
45333,22873,63.50,20.778
45333,30556,63.50,20.778
45333,20945,52.50,17.179
45340,45898,63.50,20.778
45340,36997,63.50,20.778
45340,48787,63.50,20.778
45340,40252,56.00,18.324
45340,15599,52.50,17.179
45440,45898,63.50,20.778
45440,36997,63.50,20.778
45440,48787,63.50,20.778
45440,40252,56.00,18.324
45440,15599,52.50,17.179
45443,33952,6.50,2.414
45443,12169,63.50,20.778
45443,22873,63.50,20.778
45443,30556,63.50,20.778
45443,20945,52.50,17.179
45551,45898,63.50,20.778
45551,36997,63.50,20.778
45551,48787,63.50,20.778
45551,40252,56.00,18.324
45551,15599,52.50,17.179
45553,33952,6.50,2.414
45553,12169,63.50,20.778
45553,22873,63.50,20.778
45553,30556,63.50,20.778
45553,20945,52.50,17.179
45660,45898,63.50,20.778
45660,36997,63.50,20.778
45660,48787,63.50,20.778
45660,40252,56.00,18.324
45660,15599,52.50,17.179
45663,33952,6.50,2.414
45663,12169,63.50,20.778
45663,22873,63.50,20.778
45663,30556,63.50,20.778
45663,20945,52.50,17.179
45770,45898,63.50,20.778
45770,36997,63.50,20.778
45770,48787,63.50,20.778
45770,40252,56.00,18.324
45770,15599,52.50,17.179
45773,33952,6.50,2.414
45773,12169,63.50,20.778
45773,22873,63.50,20.778
45773,30556,63.50,20.778
45773,20945,52.50,17.179
45873,33952,6.50,2.414
45873,12169,63.50,20.778
45873,22873,63.50,20.778
45873,30556,63.50,20.778
45873,20945,52.50,17.179
45880,45898,63.50,20.778
45880,36997,63.50,20.778
45880,48787,63.50,20.778
45880,40252,56.00,18.324
45880,15599,52.50,17.179
45980,45898,63.50,20.778
45980,36997,63.50,20.778
45980,48787,63.50,20.778
45980,40252,56.00,18.324
45980,15599,52.50,17.179
45983,33952,6.50,2.414
45983,12169,63.50,20.778
45983,22873,63.50,20.778
45983,30556,53.50,17.506
45983,20945,52.00,17.015
46080,45898,63.50,20.778
46080,36997,63.50,20.778
46080,48787,63.50,20.778
46080,40252,56.00,18.324
46080,15599,52.50,17.179
46083,33952,6.50,2.414
46083,12169,63.50,20.778
46083,22873,63.50,20.778
46083,30556,53.50,17.506
46083,20945,52.00,17.015
46183,33952,6.50,2.414
46183,12169,63.50,20.778
46183,22873,63.50,20.778
46183,30556,53.50,17.506
46183,20945,63.50,20.778
46190,45898,63.50,20.778
46190,36997,63.50,20.778
46190,48787,63.50,20.778
46190,40252,56.00,18.324
46190,15599,52.50,17.179
46290,45898,63.50,20.778
46290,36997,63.50,20.778
46290,48787,63.50,20.778
46290,40252,56.00,18.324
46290,15599,52.50,17.179
46293,33952,6.50,2.414
46293,12169,63.50,20.778
46293,22873,63.50,20.778
46293,30556,53.50,17.506
46293,20945,63.50,20.778
46390,45898,63.50,20.778
46390,36997,63.50,20.778
46390,48787,63.50,20.778
46390,40252,56.00,18.324
46390,15599,52.50,17.179
46403,33952,6.50,2.414
46403,12169,63.50,20.778
46403,22873,63.50,20.778
46403,30556,53.50,17.506
46403,20945,63.50,20.778
46491,45898,63.50,20.778
46491,36997,63.50,20.778
46491,48787,63.50,20.778
46491,40252,56.00,18.324
46491,15599,52.50,17.179
46503,33952,6.50,2.414
46503,12169,63.50,20.778
46503,22873,63.50,20.778
46503,30556,53.50,17.506
46503,20945,63.50,20.778
46600,45898,63.50,20.778
46600,36997,63.50,20.778
46600,48787,63.50,20.778
46600,40252,56.00,18.324
46600,15599,52.50,17.179
46613,33952,6.50,2.414
46613,12169,63.50,20.778
46613,22873,63.50,20.778
46613,30556,53.50,17.506
46613,20945,63.50,20.778
46710,45898,63.50,20.778
46710,36997,63.50,20.778
46710,48787,63.50,20.778
46710,40252,56.00,18.324
46710,15599,52.50,17.179
46713,33952,6.50,2.414
46713,12169,63.50,20.778
46713,22873,63.50,20.778
46713,30556,63.50,20.778
46713,20945,63.50,20.778
46813,33952,6.50,2.414
46813,12169,63.50,20.778
46813,22873,63.50,20.778
46813,30556,63.50,20.778
46813,20945,63.50,20.778
46820,45898,63.50,20.778
46820,36997,63.50,20.778
46820,48787,63.50,20.778
46820,40252,56.00,18.324
46820,15599,52.50,17.179
46920,45898,63.50,20.778
46920,36997,63.50,20.778
46920,48787,63.50,20.778
46920,40252,56.00,18.324
46920,15599,52.50,17.179
46923,33952,6.50,2.414
46923,12169,63.50,20.778
46923,22873,63.50,20.778
46923,30556,63.50,20.778
46923,20945,63.50,20.778
47020,45898,63.50,20.778
47020,36997,63.50,20.778
47020,48787,63.50,20.778
47020,40252,56.00,18.324
47020,15599,52.50,17.179
47033,33952,6.50,2.414
47033,12169,63.50,20.778
47033,22873,63.50,20.778
47033,30556,63.50,20.778
47033,20945,63.50,20.778
47130,45898,63.50,20.778
47130,36997,63.50,20.778
47130,48787,63.50,20.778
47130,40252,56.00,18.324
47130,15599,52.50,17.179
47143,33952,6.50,2.414
47143,12169,63.50,20.778
47143,22873,63.50,20.778
47143,30556,63.50,20.778
47143,20945,63.50,20.778
47230,45898,63.50,20.778
47230,36997,63.50,20.778
47230,48787,63.50,20.778
47230,40252,56.00,18.324
47230,15599,52.50,17.179
47243,33952,6.50,2.414
47243,12169,63.50,20.778
47243,22873,63.50,20.778
47243,30556,63.50,20.778
47243,20945,63.50,20.778
47340,45898,63.50,20.778
47340,36997,63.50,20.778
47340,48787,63.50,20.778
47340,40252,56.00,18.324
47340,15599,52.50,17.179
47344,33952,6.50,2.414
47344,12169,63.50,20.778
47344,22873,63.50,20.778
47344,30556,63.50,20.778
47344,20945,63.50,20.778
47440,45898,63.50,20.778
47440,36997,63.50,20.778
47440,48787,63.50,20.778
47440,40252,56.00,18.324
47440,15599,52.50,17.179
47453,33952,6.50,2.414
47453,12169,63.50,20.778
47453,22873,63.50,20.778
47453,30556,63.50,20.778
47453,20945,63.50,20.778
47550,45898,63.50,20.778
47550,36997,63.50,20.778
47550,48787,63.50,20.778
47550,40252,56.00,18.324
47550,15599,52.50,17.179
47553,33952,6.50,2.414
47553,12169,63.50,20.778
47553,22873,63.50,20.778
47553,30556,63.50,20.778
47553,20945,63.50,20.778
47650,45898,63.50,20.778
47650,36997,63.50,20.778
47650,48787,63.50,20.778
47650,40252,56.00,18.324
47650,15599,52.50,17.179
47653,33952,6.50,2.414
47653,12169,63.50,20.778
47653,22873,63.50,20.778
47653,30556,63.50,20.778
47653,20945,63.50,20.778
47760,45898,63.50,20.778
47760,36997,63.50,20.778
47760,48787,63.50,20.778
47760,40252,56.00,18.324
47760,15599,52.50,17.179
47762,33952,6.50,2.414
47762,12169,63.50,20.778
47762,22873,63.50,20.778
47762,30556,63.50,20.778
47762,20945,63.50,20.778
47863,33952,6.50,2.414
47863,12169,63.50,20.778
47863,22873,63.50,20.778
47863,30556,63.50,20.778
47863,20945,63.50,20.778
47870,45898,63.50,20.778
47870,36997,63.50,20.778
47870,48787,63.50,20.778
47870,40252,56.00,18.324
47870,15599,52.50,17.179
47963,33952,6.50,2.414
47963,12169,63.50,20.778
47963,22873,63.50,20.778
47963,30556,63.50,20.778
47963,20945,63.50,20.778
47980,45898,63.50,20.778
47980,36997,63.50,20.778
47980,48787,63.50,20.778
47980,40252,56.00,18.324
47980,15599,52.50,17.179
48063,33952,6.50,2.414
48063,12169,63.50,20.778
48063,22873,63.50,20.778
48063,30556,63.50,20.778
48063,20945,63.50,20.778
48080,45898,63.50,20.778
48080,36997,63.50,20.778
48080,48787,63.50,20.778
48080,40252,56.00,18.324
48080,15599,52.50,17.179
48173,33952,6.50,2.414
48173,12169,63.50,20.778
48173,22873,63.50,20.778
48173,30556,63.50,20.778
48173,20945,63.50,20.778
48190,45898,63.50,20.778
48190,36997,63.50,20.778
48190,48787,63.50,20.778
48190,40252,56.00,18.324
48190,15599,52.50,17.179
48283,33952,6.50,2.414
48283,12169,63.50,20.778
48283,22873,63.50,20.778
48283,30556,63.50,20.778
48283,20945,63.50,20.778
48300,45898,63.50,20.778
48300,36997,63.50,20.778
48300,48787,63.50,20.778
48300,40252,56.00,18.324
48300,15599,52.50,17.179
48383,33952,6.50,2.414
48383,12169,63.50,20.778
48383,22873,63.50,20.778
48383,30556,63.50,20.778
48383,20945,63.50,20.778
48400,45898,63.50,20.778
48400,36997,63.50,20.778
48400,48787,63.50,20.778
48400,40252,56.00,18.324
48400,15599,52.50,17.179
48483,33952,6.50,2.414
48483,12169,63.50,20.778
48483,22873,63.50,20.778
48483,30556,63.50,20.778
48483,20945,63.50,20.778
48510,45898,63.50,20.778
48510,36997,63.50,20.778
48510,48787,63.50,20.778
48510,40252,56.00,18.324
48510,15599,52.50,17.179
48593,33952,6.50,2.414
48593,12169,63.50,20.778
48593,22873,63.50,20.778
48593,30556,63.50,20.778
48593,20945,63.50,20.778
48610,45898,63.50,20.778
48610,36997,63.50,20.778
48610,48787,63.50,20.778
48610,40252,56.00,18.324
48610,15599,52.50,17.179
48703,33952,6.50,2.414
48703,12169,63.50,20.778
48703,22873,63.50,20.778
48703,30556,63.50,20.778
48703,20945,63.50,20.778
48710,45898,63.50,20.778
48710,36997,63.50,20.778
48710,48787,63.50,20.778
48710,40252,56.00,18.324
48710,15599,52.50,17.179
48803,33952,6.50,2.414
48803,12169,63.50,20.778
48803,22873,63.50,20.778
48803,30556,63.50,20.778
48803,20945,63.50,20.778
48820,45898,63.50,20.778
48820,36997,63.50,20.778
48820,48787,63.50,20.778
48820,40252,56.00,18.324
48820,15599,52.50,17.179
48903,33952,6.50,2.414
48903,12169,63.50,20.778
48903,22873,63.50,20.778
48903,30556,63.50,20.778
48903,20945,63.50,20.778
48920,45898,63.50,20.778
48920,36997,63.50,20.778
48920,48787,63.50,20.778
48920,40252,56.00,18.324
48920,15599,52.50,17.179
49013,33952,6.50,2.414
49013,12169,63.50,20.778
49013,22873,63.50,20.778
49013,30556,63.50,20.778
49013,20945,63.50,20.778
49030,45898,63.50,20.778
49030,36997,63.50,20.778
49030,48787,63.50,20.778
49030,40252,56.00,18.324
49030,15599,52.50,17.179
49114,33952,6.50,2.414
49114,12169,63.50,20.778
49114,22873,63.50,20.778
49114,30556,63.50,20.778
49114,20945,63.50,20.778
49130,45898,63.50,20.778
49130,36997,63.50,20.778
49130,48787,63.50,20.778
49130,40252,56.00,18.324
49130,15599,52.50,17.179
49223,33952,6.50,2.414
49223,12169,63.50,20.778
49223,22873,63.50,20.778
49223,30556,63.50,20.778
49223,20945,63.50,20.778
49240,45898,63.50,20.778
49240,36997,63.50,20.778
49240,48787,63.50,20.778
49240,40252,56.00,18.324
49240,15599,52.50,17.179
49323,33952,6.50,2.414
49323,12169,63.50,20.778
49323,22873,63.50,20.778
49323,30556,63.50,20.778
49323,20945,63.50,20.778
49340,45898,63.50,20.778
49340,36997,63.50,20.778
49340,48787,63.50,20.778
49340,40252,56.00,18.324
49340,15599,52.50,17.179
49423,33952,6.50,2.414
49423,12169,63.50,20.778
49423,22873,63.50,20.778
49423,30556,63.50,20.778
49423,20945,63.50,20.778
49451,45898,63.50,20.778
49451,36997,63.50,20.778
49451,48787,63.50,20.778
49451,40252,56.00,18.324
49451,15599,52.50,17.179
49533,33952,6.50,2.414
49533,12169,63.50,20.778
49533,22873,63.50,20.778
49533,30556,63.50,20.778
49533,20945,63.50,20.778
49560,45898,63.50,20.778
49560,36997,63.50,20.778
49560,48787,63.50,20.778
49560,40252,56.00,18.324
49560,15599,52.50,17.179
49633,33952,6.50,2.414
49633,12169,63.50,20.778
49633,22873,63.50,20.778
49633,30556,63.50,20.778
49633,20945,63.50,20.778
49661,45898,63.50,20.778
49661,36997,63.50,20.778
49661,48787,63.50,20.778
49661,40252,56.00,18.324
49661,15599,52.50,17.179
49743,33952,6.50,2.414
49743,12169,63.50,20.778
49743,22873,63.50,20.778
49743,30556,63.50,20.778
49743,20945,63.50,20.778
49770,45898,63.50,20.778
49770,36997,63.50,20.778
49770,48787,63.50,20.778
49770,40252,56.00,18.324
49770,15599,52.50,17.179
49843,33952,6.50,2.414
49843,12169,63.50,20.778
49843,22873,63.50,20.778
49843,30556,63.50,20.778
49843,20945,63.50,20.778
49881,45898,63.50,20.778
49881,36997,63.50,20.778
49881,48787,63.50,20.778
49881,40252,56.00,18.324
49881,15599,52.50,17.179
49954,33952,6.50,2.414
49954,12169,63.50,20.778
49954,22873,63.50,20.778
49954,30556,63.50,20.778
49954,20945,63.50,20.778
49990,45898,63.50,20.778
49990,36997,63.50,20.778
49990,48787,63.50,20.778
49990,40252,56.00,18.324
49990,15599,52.50,17.179
50065,33952,6.50,2.414
50065,12169,63.50,20.778
50065,22873,63.50,20.778
50065,30556,53.50,17.506
50065,20945,52.50,17.179
50092,45898,63.50,20.778
50092,36997,63.50,20.778
50092,48787,63.50,20.778
50092,40252,56.00,18.324
50092,15599,52.50,17.179
50167,33952,6.50,2.414
50167,12169,63.50,20.778
50167,22873,63.50,20.778
50167,30556,53.50,17.506
50167,20945,52.50,17.179
50200,45898,63.50,20.778
50200,36997,63.50,20.778
50200,48787,63.50,20.778
50200,40252,56.00,18.324
50200,15599,52.50,17.179
50273,33952,6.50,2.414
50273,12169,63.50,20.778
50273,22873,63.50,20.778
50273,30556,53.50,17.506
50273,20945,52.50,17.179
50310,45898,63.50,20.778
50310,36997,63.50,20.778
50310,48787,63.50,20.778
50310,40252,56.00,18.324
50310,15599,52.50,17.179
50383,33952,6.50,2.414
50383,12169,63.50,20.778
50383,22873,63.50,20.778
50383,30556,53.50,17.506
50383,20945,52.50,17.179
50420,45898,63.50,20.778
50420,36997,63.50,20.778
50420,48787,63.50,20.778
50420,40252,56.00,18.324
50420,15599,52.50,17.179
50483,33952,6.50,2.414
50483,12169,63.50,20.778
50483,22873,63.50,20.778
50483,30556,53.50,17.506
50483,20945,52.50,17.179
50530,45898,63.50,20.778
50530,36997,63.50,20.778
50530,48787,63.50,20.778
50530,40252,56.00,18.324
50530,15599,52.50,17.179
50583,33952,6.50,2.414
50583,12169,63.50,20.778
50583,22873,63.50,20.778
50583,30556,53.50,17.506
50583,20945,52.50,17.179
50640,45898,63.50,20.778
50640,36997,63.50,20.778
50640,48787,63.50,20.778
50640,40252,56.00,18.324
50640,15599,52.50,17.179
50695,33952,6.50,2.414
50695,12169,63.50,20.778
50695,22873,63.50,20.778
50695,30556,53.50,17.506
50695,20945,52.50,17.179
50741,45898,63.50,20.778
50741,36997,63.50,20.778
50741,48787,63.50,20.778
50741,40252,56.00,18.324
50741,15599,52.50,17.179
50804,33952,6.50,2.414
50804,12169,63.50,20.778
50804,22873,63.50,20.778
50804,30556,63.50,20.778
50804,20945,52.50,17.179
50850,45898,63.50,20.778
50850,36997,63.50,20.778
50850,48787,63.50,20.778
50850,40252,56.00,18.324
50850,15599,52.50,17.179
50913,33952,6.50,2.414
50913,12169,63.50,20.778
50913,22873,63.50,20.778
50913,30556,63.50,20.778
50913,20945,52.50,17.179
50960,45898,63.50,20.778
50960,36997,63.50,20.778
50960,48787,63.50,20.778
50960,40252,56.00,18.324
50960,15599,52.50,17.179
51013,33952,6.50,2.414
51013,12169,63.50,20.778
51013,22873,63.50,20.778
51013,30556,63.50,20.778
51013,20945,52.50,17.179
51060,45898,63.50,20.778
51060,36997,63.50,20.778
51060,48787,63.50,20.778
51060,40252,56.00,18.324
51060,15599,52.50,17.179
51123,33952,6.50,2.414
51123,12169,63.50,20.778
51123,22873,63.50,20.778
51123,30556,63.50,20.778
51123,20945,52.50,17.179
51170,45898,63.50,20.778
51170,36997,63.50,20.778
51170,48787,63.50,20.778
51170,40252,56.00,18.324
51170,15599,52.50,17.179
51233,33952,6.50,2.414
51233,12169,63.50,20.778
51233,22873,63.50,20.778
51233,30556,63.50,20.778
51233,20945,52.50,17.179
51270,45898,63.50,20.778
51270,36997,63.50,20.778
51270,48787,63.50,20.778
51270,40252,56.00,18.324
51270,15599,52.50,17.179
51343,33952,6.50,2.414
51343,12169,63.50,20.778
51343,22873,63.50,20.778
51343,30556,63.50,20.778
51343,20945,52.50,17.179
51380,45898,63.50,20.778
51380,36997,63.50,20.778
51380,48787,63.50,20.778
51380,40252,56.00,18.324
51380,15599,52.50,17.179
51443,33952,6.50,2.414
51443,12169,63.50,20.778
51443,22873,63.50,20.778
51443,30556,63.50,20.778
51443,20945,52.50,17.179
51490,45898,63.50,20.778
51490,36997,63.50,20.778
51490,48787,63.50,20.778
51490,40252,56.00,18.324
51490,15599,52.50,17.179
51553,33952,6.50,2.414
51553,12169,63.50,20.778
51553,22873,63.50,20.778
51553,30556,63.50,20.778
51553,20945,52.50,17.179
51600,45898,63.50,20.778
51600,36997,63.50,20.778
51600,48787,63.50,20.778
51600,40252,56.00,18.324
51600,15599,52.50,17.179
51663,33952,6.50,2.414
51663,12169,63.50,20.778
51663,22873,63.50,20.778
51663,30556,63.50,20.778
51663,20945,52.50,17.179
51700,45898,63.50,20.778
51700,36997,63.50,20.778
51700,48787,63.50,20.778
51700,40252,56.00,18.324
51700,15599,52.50,17.179
51774,33952,6.50,2.414
51774,12169,63.50,20.778
51774,22873,63.50,20.778
51774,30556,63.50,20.778
51774,20945,52.50,17.179
51810,45898,63.50,20.778
51810,36997,63.50,20.778
51810,48787,63.50,20.778
51810,40252,56.00,18.324
51810,15599,52.50,17.179
51883,33952,6.50,2.414
51883,12169,63.50,20.778
51883,22873,63.50,20.778
51883,30556,63.50,20.778
51883,20945,52.50,17.179
51910,45898,63.50,20.778
51910,36997,63.50,20.778
51910,48787,63.50,20.778
51910,40252,56.00,18.324
51910,15599,52.50,17.179
51983,33952,6.50,2.414
51983,12169,63.50,20.778
51983,22873,63.50,20.778
51983,30556,63.50,20.778
51983,20945,52.50,17.179
52020,45898,63.50,20.778
52020,36997,63.50,20.778
52020,48787,63.50,20.778
52020,40252,56.00,18.324
52020,15599,52.50,17.179
52093,33952,6.50,2.414
52093,12169,63.50,20.778
52093,22873,63.50,20.778
52093,30556,63.50,20.778
52093,20945,52.50,17.179
52130,45898,63.50,20.778
52130,36997,63.50,20.778
52130,48787,63.50,20.778
52130,40252,56.00,18.324
52130,15599,52.50,17.179
52193,33952,6.50,2.414
52193,12169,63.50,20.778
52193,22873,63.50,20.778
52193,30556,63.50,20.778
52193,20945,52.50,17.179
52230,45898,63.50,20.778
52230,36997,63.50,20.778
52230,48787,63.50,20.778
52230,40252,56.00,18.324
52230,15599,52.50,17.179
52303,33952,6.50,2.414
52303,12169,63.50,20.778
52303,22873,63.50,20.778
52303,30556,63.50,20.778
52303,20945,52.50,17.179
52330,45898,63.50,20.778
52330,36997,63.50,20.778
52330,48787,63.50,20.778
52330,40252,56.00,18.324
52330,15599,52.50,17.179
52413,33952,6.50,2.414
52413,12169,63.50,20.778
52413,22873,63.50,20.778
52413,30556,63.50,20.778
52413,20945,52.50,17.179
52440,45898,63.50,20.778
52440,36997,63.50,20.778
52440,48787,63.50,20.778
52440,40252,56.00,18.324
52440,15599,52.50,17.179
52513,33952,6.50,2.414
52513,12169,63.50,20.778
52513,22873,63.50,20.778
52513,30556,63.50,20.778
52513,20945,52.50,17.179
52540,45898,63.50,20.778
52540,36997,63.50,20.778
52540,48787,63.50,20.778
52540,40252,56.00,18.324
52540,15599,52.50,17.179
52623,33952,6.50,2.414
52623,12169,63.50,20.778
52623,22873,63.50,20.778
52623,30556,63.50,20.778
52623,20945,52.50,17.179
52640,45898,63.50,20.778
52640,36997,63.50,20.778
52640,48787,63.50,20.778
52640,40252,56.00,18.324
52640,15599,52.50,17.179
52723,33952,6.50,2.414
52723,12169,63.50,20.778
52723,22873,63.50,20.778
52723,30556,63.50,20.778
52723,20945,52.50,17.179
52750,45898,63.50,20.778
52750,36997,63.50,20.778
52750,48787,63.50,20.778
52750,40252,56.00,18.324
52750,15599,52.50,17.179
52833,33952,6.50,2.414
52833,12169,63.50,20.778
52833,22873,63.50,20.778
52833,30556,63.50,20.778
52833,20945,52.50,17.179
52850,45898,63.50,20.778
52850,36997,63.50,20.778
52850,48787,63.50,20.778
52850,40252,56.00,18.324
52850,15599,52.50,17.179
52933,33952,6.50,2.414
52933,12169,63.50,20.778
52933,22873,63.50,20.778
52933,30556,63.50,20.778
52933,20945,52.50,17.179
52950,45898,63.50,20.778
52950,36997,63.50,20.778
52950,48787,63.50,20.778
52950,40252,56.00,18.324
52950,15599,52.50,17.179
53043,33952,6.50,2.414
53043,12169,63.50,20.778
53043,22873,63.50,20.778
53043,30556,63.50,20.778
53043,20945,52.50,17.179
53060,45898,63.50,20.778
53060,36997,63.50,20.778
53060,48787,63.50,20.778
53060,40252,56.00,18.324
53060,15599,52.50,17.179
53143,33952,6.50,2.414
53143,12169,63.50,20.778
53143,22873,63.50,20.778
53143,30556,63.50,20.778
53143,20945,52.50,17.179
53170,45898,63.50,20.778
53170,36997,63.50,20.778
53170,48787,63.50,20.778
53170,40252,56.00,18.324
53170,15599,52.50,17.179
53243,33952,6.50,2.414
53243,12169,63.50,20.778
53243,22873,63.50,20.778
53243,30556,63.50,20.778
53243,20945,52.50,17.179
53270,45898,63.50,20.778
53270,36997,63.50,20.778
53270,48787,63.50,20.778
53270,40252,56.00,18.324
53270,15599,52.50,17.179
53353,33952,6.50,2.414
53353,12169,63.50,20.778
53353,22873,63.50,20.778
53353,30556,63.50,20.778
53353,20945,52.50,17.179
53370,45898,63.50,20.778
53370,36997,63.50,20.778
53370,48787,63.50,20.778
53370,40252,56.00,18.324
53370,15599,52.50,17.179
53463,33952,6.50,2.414
53463,12169,63.50,20.778
53463,22873,63.50,20.778
53463,30556,63.50,20.778
53463,20945,52.50,17.179
53480,45898,63.50,20.778
53480,36997,63.50,20.778
53480,48787,63.50,20.778
53480,40252,56.00,18.324
53480,15599,52.50,17.179
53563,33952,6.50,2.414
53563,12169,63.50,20.778
53563,22873,63.50,20.778
53563,30556,63.50,20.778
53563,20945,52.50,17.179
53580,45898,63.50,20.778
53580,36997,63.50,20.778
53580,48787,63.50,20.778
53580,40252,56.00,18.324
53580,15599,52.50,17.179
53673,33952,6.50,2.414
53673,12169,63.50,20.778
53673,22873,63.50,20.778
53673,30556,63.50,20.778
53673,20945,52.50,17.179
53690,45898,63.50,20.778
53690,36997,63.50,20.778
53690,48787,63.50,20.778
53690,40252,56.00,18.324
53690,15599,52.50,17.179
53785,33952,6.50,2.414
53785,12169,63.50,20.778
53785,22873,63.50,20.778
53785,30556,63.50,20.778
53785,20945,52.50,17.179
53790,45898,63.50,20.778
53790,36997,63.50,20.778
53790,48787,63.50,20.778
53790,40252,56.00,18.324
53790,15599,52.50,17.179
53890,45898,63.50,20.778
53890,36997,63.50,20.778
53890,48787,63.50,20.778
53890,40252,56.00,18.324
53890,15599,52.50,17.179
53893,33952,6.50,2.414
53893,12169,63.50,20.778
53893,22873,63.50,20.778
53893,30556,53.50,17.506
53893,20945,52.50,17.179
54001,45898,63.50,20.778
54001,36997,63.50,20.778
54001,48787,63.50,20.778
54001,40252,56.00,18.324
54001,15599,52.50,17.179
54003,33952,6.50,2.414
54003,12169,63.50,20.778
54003,22873,63.50,20.778
54003,30556,53.50,17.506
54003,20945,52.50,17.179
54101,45898,63.50,20.778
54101,36997,63.50,20.778
54101,48787,63.50,20.778
54101,40252,56.00,18.324
54101,15599,52.50,17.179
54103,33952,6.50,2.414
54103,12169,63.50,20.778
54103,22873,63.50,20.778
54103,30556,53.50,17.506
54103,20945,52.50,17.179
54210,45898,63.50,20.778
54210,36997,63.50,20.778
54210,48787,63.50,20.778
54210,40252,56.00,18.324
54210,15599,52.50,17.179
54213,33952,6.50,2.414
54213,12169,63.50,20.778
54213,22873,63.50,20.778
54213,30556,53.50,17.506
54213,20945,52.50,17.179
54310,45898,63.50,20.778
54310,36997,63.50,20.778
54310,48787,63.50,20.778
54310,40252,56.00,18.324
54310,15599,52.50,17.179
54323,33952,6.50,2.414
54323,12169,63.50,20.778
54323,22873,63.50,20.778
54323,30556,53.50,17.506
54323,20945,52.50,17.179
54410,45898,63.50,20.778
54410,36997,63.50,20.778
54410,48787,63.50,20.778
54410,40252,56.00,18.324
54410,15599,52.50,17.179
54433,33952,6.50,2.414
54433,12169,63.50,20.778
54433,22873,63.50,20.778
54433,30556,53.50,17.506
54433,20945,52.50,17.179
54521,45898,63.50,20.778
54521,36997,63.50,20.778
54521,48787,63.50,20.778
54521,40252,56.00,18.324
54521,15599,52.50,17.179
54534,33952,6.50,2.414
54534,12169,63.50,20.778
54534,22873,63.50,20.778
54534,30556,53.50,17.506
54534,20945,52.50,17.179
54621,45898,63.50,20.778
54621,36997,63.50,20.778
54621,48787,63.50,20.778
54621,40252,56.00,18.324
54621,15599,52.50,17.179
54643,33952,6.50,2.414
54643,12169,63.50,20.778
54643,22873,63.50,20.778
54643,30556,63.50,20.778
54643,20945,52.50,17.179
54730,45898,63.50,20.778
54730,36997,63.50,20.778
54730,48787,63.50,20.778
54730,40252,56.00,18.324
54730,15599,52.50,17.179
54753,33952,6.50,2.414
54753,12169,63.50,20.778
54753,22873,63.50,20.778
54753,30556,63.50,20.778
54753,20945,52.50,17.179
54840,45898,63.50,20.778
54840,36997,63.50,20.778
54840,48787,63.50,20.778
54840,40252,56.00,18.324
54840,15599,52.50,17.179
54863,33952,6.50,2.414
54863,12169,63.50,20.778
54863,22873,63.50,20.778
54863,30556,63.50,20.778
54863,20945,52.50,17.179
54950,45898,63.50,20.778
54950,36997,63.50,20.778
54950,48787,63.50,20.778
54950,40252,56.00,18.324
54950,15599,52.50,17.179
54973,33952,6.50,2.414
54973,12169,63.50,20.778
54973,22873,63.50,20.778
54973,30556,63.50,20.778
54973,20945,52.50,17.179
55051,45898,63.50,20.778
55051,36997,63.50,20.778
55051,48787,63.50,20.778
55051,40252,56.00,18.324
55051,15599,52.50,17.179
55073,33952,6.50,2.414
55073,12169,63.50,20.778
55073,22873,63.50,20.778
55073,30556,63.50,20.778
55073,20945,52.50,17.179
55151,45898,63.50,20.778
55151,36997,63.50,20.778
55151,48787,63.50,20.778
55151,40252,56.00,18.324
55151,15599,52.50,17.179
55183,33952,6.50,2.414
55183,12169,63.50,20.778
55183,22873,63.50,20.778
55183,30556,63.50,20.778
55183,20945,52.50,17.179
55260,45898,63.50,20.778
55260,36997,63.50,20.778
55260,48787,63.50,20.778
55260,40252,56.00,18.324
55260,15599,52.50,17.179
55283,33952,6.50,2.414
55283,12169,63.50,20.778
55283,22873,63.50,20.778
55283,30556,63.50,20.778
55283,20945,52.50,17.179
55360,45898,63.50,20.778
55360,36997,63.50,20.778
55360,48787,63.50,20.778
55360,40252,56.00,18.324
55360,15599,52.50,17.179
55383,33952,6.50,2.414
55383,12169,63.50,20.778
55383,22873,63.50,20.778
55383,30556,63.50,20.778
55383,20945,52.50,17.179
55470,45898,63.50,20.778
55470,36997,63.50,20.778
55470,48787,63.50,20.778
55470,40252,56.00,18.324
55470,15599,52.50,17.179
55493,33952,6.50,2.414
55493,12169,63.50,20.778
55493,22873,63.50,20.778
55493,30556,63.50,20.778
55493,20945,52.50,17.179
55570,45898,63.50,20.778
55570,36997,63.50,20.778
55570,48787,63.50,20.778
55570,40252,56.00,18.324
55570,15599,52.50,17.179
55593,33952,6.50,2.414
55593,12169,63.50,20.778
55593,22873,63.50,20.778
55593,30556,63.50,20.778
55593,20945,52.50,17.179
55671,45898,63.50,20.778
55671,36997,63.50,20.778
55671,48787,63.50,20.778
55671,40252,56.00,18.324
55671,15599,52.50,17.179
55703,33952,6.50,2.414
55703,12169,63.50,20.778
55703,22873,63.50,20.778
55703,30556,63.50,20.778
55703,20945,52.50,17.179
55781,45898,63.50,20.778
55781,36997,63.50,20.778
55781,48787,63.50,20.778
55781,40252,56.00,18.324
55781,15599,52.50,17.179
55803,33952,6.50,2.414
55803,12169,63.50,20.778
55803,22873,63.50,20.778
55803,30556,63.50,20.778
55803,20945,52.50,17.179
55890,45898,63.50,20.778
55890,36997,63.50,20.778
55890,48787,63.50,20.778
55890,40252,56.00,18.324
55890,15599,52.50,17.179
55903,33952,6.50,2.414
55903,12169,63.50,20.778
55903,22873,63.50,20.778
55903,30556,63.50,20.778
55903,20945,52.50,17.179
55991,45898,63.50,20.778
55991,36997,63.50,20.778
55991,48787,63.50,20.778
55991,40252,56.00,18.324
55991,15599,52.50,17.179
56003,33952,6.50,2.414
56003,12169,63.50,20.778
56003,22873,63.50,20.778
56003,30556,63.50,20.778
56003,20945,52.50,17.179
56101,45898,63.50,20.778
56101,36997,63.50,20.778
56101,48787,63.50,20.778
56101,40252,56.00,18.324
56101,15599,52.50,17.179
56103,33952,6.50,2.414
56103,12169,63.50,20.778
56103,22873,63.50,20.778
56103,30556,63.50,20.778
56103,20945,52.50,17.179
56210,45898,63.50,20.778
56210,36997,63.50,20.778
56210,48787,63.50,20.778
56210,40252,56.00,18.324
56210,15599,52.50,17.179
56213,33952,6.50,2.414
56213,12169,63.50,20.778
56213,22873,63.50,20.778
56213,30556,63.50,20.778
56213,20945,52.50,17.179
56310,45898,63.50,20.778
56310,36997,63.50,20.778
56310,48787,63.50,20.778
56310,40252,56.00,18.324
56310,15599,52.50,17.179
56313,33952,6.50,2.414
56313,12169,63.50,20.778
56313,22873,63.50,20.778
56313,30556,63.50,20.778
56313,20945,52.50,17.179
56420,45898,63.50,20.778
56420,36997,63.50,20.778
56420,48787,63.50,20.778
56420,40252,56.00,18.324
56420,15599,52.50,17.179
56423,33952,6.50,2.414
56423,12169,63.50,20.778
56423,22873,63.50,20.778
56423,30556,63.50,20.778
56423,20945,52.50,17.179
56520,45898,63.50,20.778
56520,36997,63.50,20.778
56520,48787,63.50,20.778
56520,40252,56.00,18.324
56520,15599,52.50,17.179
56533,33952,6.50,2.414
56533,12169,63.50,20.778
56533,22873,63.50,20.778
56533,30556,63.50,20.778
56533,20945,52.50,17.179
56621,45898,63.50,20.778
56621,36997,63.50,20.778
56621,48787,63.50,20.778
56621,40252,56.00,18.324
56621,15599,52.50,17.179
56643,33952,6.50,2.414
56643,12169,63.50,20.778
56643,22873,63.50,20.778
56643,30556,63.50,20.778
56643,20945,52.50,17.179
56730,45898,63.50,20.778
56730,36997,63.50,20.778
56730,48787,63.50,20.778
56730,40252,56.00,18.324
56730,15599,52.50,17.179
56743,33952,6.50,2.414
56743,12169,63.50,20.778
56743,22873,63.50,20.778
56743,30556,63.50,20.778
56743,20945,52.50,17.179
56831,45898,63.50,20.778
56831,36997,63.50,20.778
56831,48787,63.50,20.778
56831,40252,56.00,18.324
56831,15599,52.50,17.179
56853,33952,6.50,2.414
56853,12169,63.50,20.778
56853,22873,63.50,20.778
56853,30556,63.50,20.778
56853,20945,52.50,17.179
56941,45898,63.50,20.778
56941,36997,63.50,20.778
56941,48787,63.50,20.778
56941,40252,56.00,18.324
56941,15599,52.50,17.179
56953,33952,6.50,2.414
56953,12169,63.50,20.778
56953,22873,63.50,20.778
56953,30556,63.50,20.778
56953,20945,52.50,17.179
57051,45898,63.50,20.778
57051,36997,63.50,20.778
57051,48787,63.50,20.778
57051,40252,56.00,18.324
57051,15599,52.50,17.179
57053,33952,6.50,2.414
57053,12169,63.50,20.778
57053,22873,63.50,20.778
57053,30556,63.50,20.778
57053,20945,52.50,17.179
57151,45898,63.50,20.778
57151,36997,63.50,20.778
57151,48787,63.50,20.778
57151,40252,56.00,18.324
57151,15599,52.50,17.179
57163,33952,6.50,2.414
57163,12169,63.50,20.778
57163,22873,63.50,20.778
57163,30556,63.50,20.778
57163,20945,52.50,17.179
57261,45898,63.50,20.778
57261,36997,63.50,20.778
57261,48787,63.50,20.778
57261,40252,56.00,18.324
57261,15599,52.50,17.179
57264,33952,6.50,2.414
57264,12169,63.50,20.778
57264,22873,63.50,20.778
57264,30556,63.50,20.778
57264,20945,52.50,17.179
57370,45898,63.50,20.778
57370,36997,63.50,20.778
57370,48787,63.50,20.778
57370,40252,56.00,18.324
57370,15599,52.50,17.179
57373,33952,6.50,2.414
57373,12169,63.50,20.778
57373,22873,63.50,20.778
57373,30556,63.50,20.778
57373,20945,52.50,17.179
57473,33952,6.50,2.414
57473,12169,63.50,20.778
57473,22873,63.50,20.778
57473,30556,63.50,20.778
57473,20945,52.50,17.179
57480,45898,63.50,20.778
57480,36997,63.50,20.778
57480,48787,63.50,20.778
57480,40252,56.00,18.324
57480,15599,52.50,17.179
57573,33952,6.50,2.414
57573,12169,63.50,20.778
57573,22873,63.50,20.778
57573,30556,63.50,20.778
57573,20945,52.50,17.179
57590,45898,63.50,20.778
57590,36997,63.50,20.778
57590,48787,63.50,20.778
57590,40252,56.00,18.324
57590,15599,52.50,17.179
57683,33952,6.50,2.414
57683,12169,63.50,20.778
57683,22873,63.50,20.778
57683,30556,63.50,20.778
57683,20945,52.50,17.179
57690,45898,63.50,20.778
57690,36997,63.50,20.778
57690,48787,63.50,20.778
57690,40252,56.00,18.324
57690,15599,52.50,17.179
57790,45898,63.50,20.778
57790,36997,63.50,20.778
57790,48787,63.50,20.778
57790,40252,56.00,18.324
57790,15599,52.50,17.179
57793,33952,6.50,2.414
57793,12169,63.50,20.778
57793,22873,63.50,20.778
57793,30556,63.50,20.778
57793,20945,52.50,17.179
57890,45898,63.50,20.778
57890,36997,63.50,20.778
57890,48787,63.50,20.778
57890,40252,56.00,18.324
57890,15599,52.50,17.179
57903,33952,6.50,2.414
57903,12169,63.50,20.778
57903,22873,63.50,20.778
57903,30556,53.50,17.506
57903,20945,52.00,17.015
58000,45898,63.50,20.778
58000,36997,63.50,20.778
58000,48787,63.50,20.778
58000,40252,56.00,18.324
58000,15599,52.50,17.179
58003,33952,6.50,2.414
58003,12169,63.50,20.778
58003,22873,63.50,20.778
58003,30556,53.50,17.506
58003,20945,52.00,17.015
58100,45898,63.50,20.778
58100,36997,63.50,20.778
58100,48787,63.50,20.778
58100,40252,56.00,18.324
58100,15599,52.50,17.179
58103,33952,6.50,2.414
58103,12169,63.50,20.778
58103,22873,63.50,20.778
58103,30556,53.50,17.506
58103,20945,63.50,20.778
58210,45898,63.50,20.778
58210,36997,63.50,20.778
58210,48787,63.50,20.778
58210,40252,56.00,18.324
58210,15599,52.50,17.179
58215,33952,6.50,2.414
58215,12169,63.50,20.778
58215,22873,63.50,20.778
58215,30556,53.50,17.506
58215,20945,63.50,20.778
58311,45898,63.50,20.778
58311,36997,63.50,20.778
58311,48787,63.50,20.778
58311,40252,56.00,18.324
58311,15599,52.50,17.179
58323,33952,6.50,2.414
58323,12169,63.50,20.778
58323,22873,63.50,20.778
58323,30556,53.50,17.506
58323,20945,63.50,20.778
58420,45898,63.50,20.778
58420,36997,63.50,20.778
58420,48787,63.50,20.778
58420,40252,56.00,18.324
58420,15599,52.50,17.179
58433,33952,6.50,2.414
58433,12169,63.50,20.778
58433,22873,63.50,20.778
58433,30556,53.50,17.506
58433,20945,63.50,20.778
58530,45898,63.50,20.778
58530,36997,63.50,20.778
58530,48787,63.50,20.778
58530,40252,56.00,18.324
58530,15599,52.50,17.179
58533,33952,6.50,2.414
58533,12169,63.50,20.778
58533,22873,63.50,20.778
58533,30556,63.50,20.778
58533,20945,63.50,20.778
58640,45898,63.50,20.778
58640,36997,63.50,20.778
58640,48787,63.50,20.778
58640,40252,56.00,18.324
58640,15599,52.50,17.179
58643,33952,6.50,2.414
58643,12169,63.50,20.778
58643,22873,63.50,20.778
58643,30556,63.50,20.778
58643,20945,63.50,20.778
58741,45898,63.50,20.778
58741,36997,63.50,20.778
58741,48787,63.50,20.778
58741,40252,56.00,18.324
58741,15599,52.50,17.179
58744,33952,6.50,2.414
58744,12169,63.50,20.778
58744,22873,63.50,20.778
58744,30556,63.50,20.778
58744,20945,63.50,20.778
58850,45898,63.50,20.778
58850,36997,63.50,20.778
58850,48787,63.50,20.778
58850,40252,56.00,18.324
58850,15599,52.50,17.179
58853,33952,6.50,2.414
58853,12169,63.50,20.778
58853,22873,63.50,20.778
58853,30556,63.50,20.778
58853,20945,63.50,20.778
58950,45898,63.50,20.778
58950,36997,63.50,20.778
58950,48787,63.50,20.778
58950,40252,56.00,18.324
58950,15599,52.50,17.179
58953,33952,6.50,2.414
58953,12169,63.50,20.778
58953,22873,63.50,20.778
58953,30556,63.50,20.778
58953,20945,63.50,20.778
59053,33952,6.50,2.414
59053,12169,63.50,20.778
59053,22873,63.50,20.778
59053,30556,63.50,20.778
59053,20945,63.50,20.778
59060,45898,63.50,20.778
59060,36997,63.50,20.778
59060,48787,63.50,20.778
59060,40252,56.00,18.324
59060,15599,52.50,17.179
59165,33952,6.50,2.414
59165,12169,63.50,20.778
59165,22873,63.50,20.778
59165,30556,63.50,20.778
59165,20945,63.50,20.778
59171,45898,63.50,20.778
59171,36997,63.50,20.778
59171,48787,63.50,20.778
59171,40252,56.00,18.324
59171,15599,52.50,17.179
59273,33952,6.50,2.414
59273,12169,63.50,20.778
59273,22873,63.50,20.778
59273,30556,63.50,20.778
59273,20945,63.50,20.778
59280,45898,63.50,20.778
59280,36997,63.50,20.778
59280,48787,63.50,20.778
59280,40252,56.00,18.324
59280,15599,52.50,17.179
59384,33952,6.50,2.414
59384,12169,63.50,20.778
59384,22873,63.50,20.778
59384,30556,63.50,20.778
59384,20945,63.50,20.778
59390,45898,63.50,20.778
59390,36997,63.50,20.778
59390,48787,63.50,20.778
59390,40252,56.00,18.324
59390,15599,52.50,17.179
59490,45898,63.50,20.778
59490,36997,63.50,20.778
59490,48787,63.50,20.778
59490,40252,56.00,18.324
59490,15599,52.50,17.179
59493,33952,6.50,2.414
59493,12169,63.50,20.778
59493,22873,63.50,20.778
59493,30556,63.50,20.778
59493,20945,63.50,20.778
59600,45898,63.50,20.778
59600,36997,63.50,20.778
59600,48787,63.50,20.778
59600,40252,56.00,18.324
59600,15599,52.50,17.179
59603,33952,6.50,2.414
59603,12169,63.50,20.778
59603,22873,63.50,20.778
59603,30556,63.50,20.778
59603,20945,63.50,20.778
59700,45898,63.50,20.778
59700,36997,63.50,20.778
59700,48787,63.50,20.778
59700,40252,56.00,18.324
59700,15599,52.50,17.179
59713,33952,6.50,2.414
59713,12169,63.50,20.778
59713,22873,63.50,20.778
59713,30556,63.50,20.778
59713,20945,63.50,20.778
59810,45898,63.50,20.778
59810,36997,63.50,20.778
59810,48787,63.50,20.778
59810,40252,56.00,18.324
59810,15599,52.50,17.179
59823,33952,6.50,2.414
59823,12169,63.50,20.778
59823,22873,63.50,20.778
59823,30556,63.50,20.778
59823,20945,63.50,20.778
59920,45898,63.50,20.778
59920,36997,63.50,20.778
59920,48787,63.50,20.778
59920,40252,56.00,18.324
59920,15599,52.50,17.179
59923,33952,6.50,2.414
59923,12169,63.50,20.778
59923,22873,63.50,20.778
59923,30556,63.50,20.778
59923,20945,63.50,20.778
60020,45898,63.50,20.778
60020,36997,63.50,20.778
60020,48787,63.50,20.778
60020,40252,56.00,18.324
60020,15599,52.50,17.179
60023,33952,6.50,2.414
60023,12169,63.50,20.778
60023,22873,63.50,20.778
60023,30556,63.50,20.778
60023,20945,63.50,20.778
60121,45898,63.50,20.778
60121,36997,63.50,20.778
60121,48787,63.50,20.778
60121,40252,56.00,18.324
60121,15599,52.50,17.179
60133,33952,6.50,2.414
60133,12169,63.50,20.778
60133,22873,63.50,20.778
60133,30556,63.50,20.778
60133,20945,63.50,20.778
60231,45898,63.50,20.778
60231,36997,63.50,20.778
60231,48787,63.50,20.778
60231,40252,56.00,18.324
60231,15599,52.50,17.179
60243,33952,6.50,2.414
60243,12169,63.50,20.778
60243,22873,63.50,20.778
60243,30556,63.50,20.778
60243,20945,63.50,20.778
60331,45898,63.50,20.778
60331,36997,63.50,20.778
60331,48787,63.50,20.778
60331,40252,56.00,18.324
60331,15599,52.50,17.179
60353,33952,6.50,2.414
60353,12169,63.50,20.778
60353,22873,63.50,20.778
60353,30556,63.50,20.778
60353,20945,63.50,20.778
60440,45898,63.50,20.778
60440,36997,63.50,20.778
60440,48787,63.50,20.778
60440,40252,56.00,18.324
60440,15599,52.50,17.179
60463,33952,6.50,2.414
60463,12169,63.50,20.778
60463,22873,63.50,20.778
60463,30556,63.50,20.778
60463,20945,63.50,20.778
60551,45898,63.50,20.778
60551,36997,63.50,20.778
60551,48787,63.50,20.778
60551,40252,56.00,18.324
60551,15599,52.50,17.179
60573,33952,6.50,2.414
60573,12169,63.50,20.778
60573,22873,63.50,20.778
60573,30556,63.50,20.778
60573,20945,63.50,20.778
60661,45898,63.50,20.778
60661,36997,63.50,20.778
60661,48787,63.50,20.778
60661,40252,56.00,18.324
60661,15599,52.50,17.179
60673,33952,6.50,2.414
60673,12169,63.50,20.778
60673,22873,63.50,20.778
60673,30556,63.50,20.778
60673,20945,63.50,20.778
60770,45898,63.50,20.778
60770,36997,63.50,20.778
60770,48787,63.50,20.778
60770,40252,56.00,18.324
60770,15599,52.50,17.179
60783,33952,6.50,2.414
60783,12169,63.50,20.778
60783,22873,63.50,20.778
60783,30556,63.50,20.778
60783,20945,63.50,20.778
60880,45898,63.50,20.778
60880,36997,63.50,20.778
60880,48787,63.50,20.778
60880,40252,56.00,18.324
60880,15599,52.50,17.179
60894,33952,6.50,2.414
60894,12169,63.50,20.778
60894,22873,63.50,20.778
60894,30556,63.50,20.778
60894,20945,63.50,20.778
60990,45898,63.50,20.778
60990,36997,63.50,20.778
60990,48787,63.50,20.778
60990,40252,56.00,18.324
60990,15599,52.50,17.179
61003,33952,6.50,2.414
61003,12169,63.50,20.778
61003,22873,63.50,20.778
61003,30556,63.50,20.778
61003,20945,63.50,20.778
61092,45898,63.50,20.778
61092,36997,63.50,20.778
61092,48787,63.50,20.778
61092,40252,56.00,18.324
61092,15599,52.50,17.179
61113,33952,6.50,2.414
61113,12169,63.50,20.778
61113,22873,63.50,20.778
61113,30556,63.50,20.778
61113,20945,63.50,20.778
61201,45898,63.50,20.778
61201,36997,63.50,20.778
61201,48787,63.50,20.778
61201,40252,56.00,18.324
61201,15599,52.50,17.179
61225,33952,6.50,2.414
61225,12169,63.50,20.778
61225,22873,63.50,20.778
61225,30556,63.50,20.778
61225,20945,63.50,20.778
61310,45898,63.50,20.778
61310,36997,63.50,20.778
61310,48787,63.50,20.778
61310,40252,56.00,18.324
61310,15599,52.50,17.179
61333,33952,6.50,2.414
61333,12169,63.50,20.778
61333,22873,63.50,20.778
61333,30556,63.50,20.778
61333,20945,63.50,20.778
61410,45898,63.50,20.778
61410,36997,63.50,20.778
61410,48787,63.50,20.778
61410,40252,56.00,18.324
61410,15599,52.50,17.179
61443,33952,6.50,2.414
61443,12169,63.50,20.778
61443,22873,63.50,20.778
61443,30556,63.50,20.778
61443,20945,63.50,20.778
61520,45898,63.50,20.778
61520,36997,63.50,20.778
61520,48787,63.50,20.778
61520,40252,56.00,18.324
61520,15599,52.50,17.179
61553,33952,6.50,2.414
61553,12169,63.50,20.778
61553,22873,63.50,20.778
61553,30556,63.50,20.778
61553,20945,63.50,20.778
61620,45898,63.50,20.778
61620,36997,63.50,20.778
61620,48787,63.50,20.778
61620,40252,56.00,18.324
61620,15599,52.50,17.179
61663,33952,6.50,2.414
61663,12169,55.50,18.160
61663,22873,59.50,19.469
61663,30556,56.00,18.324
61663,20945,52.50,17.179
61721,45898,63.50,20.778
61721,36997,63.50,20.778
61721,48787,63.50,20.778
61721,40252,56.00,18.324
61721,15599,52.50,17.179
61775,33952,6.50,2.414
61775,12169,55.50,18.160
61775,22873,59.50,19.469
61775,30556,56.00,18.324
61775,20945,52.50,17.179
61830,45898,63.50,20.778
61830,36997,63.50,20.778
61830,48787,63.50,20.778
61830,40252,56.00,18.324
61830,15599,52.50,17.179
61883,33952,6.50,2.414
61883,12169,55.50,18.160
61883,22873,59.50,19.469
61883,30556,56.00,18.324
61883,20945,52.50,17.179
61930,45898,63.50,20.778
61930,36997,63.50,20.778
61930,48787,63.50,20.778
61930,40252,56.00,18.324
61930,15599,52.50,17.179
61993,33952,6.50,2.414
61993,12169,55.50,18.160
61993,22873,59.50,19.469
61993,30556,56.00,18.324
61993,20945,52.50,17.179
62031,45898,63.50,20.778
62031,36997,63.50,20.778
62031,48787,63.50,20.778
62031,40252,56.00,18.324
62031,15599,52.50,17.179
62093,33952,6.50,2.414
62093,12169,55.50,18.160
62093,22873,59.50,19.469
62093,30556,56.00,18.324
62093,20945,52.50,17.179
62140,45898,63.50,20.778
62140,36997,63.50,20.778
62140,48787,63.50,20.778
62140,40252,56.00,18.324
62140,15599,52.50,17.179
62203,33952,6.50,2.414
62203,12169,55.50,18.160
62203,22873,59.50,19.469
62203,30556,56.00,18.324
62203,20945,52.50,17.179
62251,45898,63.50,20.778
62251,36997,63.50,20.778
62251,48787,63.50,20.778
62251,40252,56.00,18.324
62251,15599,52.50,17.179
62313,33952,6.50,2.414
62313,12169,55.50,18.160
62313,22873,59.50,19.469
62313,30556,63.50,20.778
62313,20945,52.50,17.179
62360,45898,63.50,20.778
62360,36997,63.50,20.778
62360,48787,63.50,20.778
62360,40252,56.00,18.324
62360,15599,52.50,17.179
62413,33952,6.50,2.414
62413,12169,55.50,18.160
62413,22873,59.50,19.469
62413,30556,63.50,20.778
62413,20945,52.50,17.179
62470,45898,63.50,20.778
62470,36997,63.50,20.778
62470,48787,63.50,20.778
62470,40252,56.00,18.324
62470,15599,52.50,17.179
62513,33952,6.50,2.414
62513,12169,55.50,18.160
62513,22873,59.50,19.469
62513,30556,63.50,20.778
62513,20945,52.50,17.179
62571,45898,63.50,20.778
62571,36997,63.50,20.778
62571,48787,63.50,20.778
62571,40252,56.00,18.324
62571,15599,52.50,17.179
62623,33952,6.50,2.414
62623,12169,55.50,18.160
62623,22873,59.50,19.469
62623,30556,63.50,20.778
62623,20945,52.50,17.179
62680,45898,63.50,20.778
62680,36997,63.50,20.778
62680,48787,63.50,20.778
62680,40252,56.00,18.324
62680,15599,52.50,17.179
62723,33952,6.50,2.414
62723,12169,55.50,18.160
62723,22873,59.50,19.469
62723,30556,63.50,20.778
62723,20945,52.50,17.179
62780,45898,63.50,20.778
62780,36997,63.50,20.778
62780,48787,63.50,20.778
62780,40252,56.00,18.324
62780,15599,52.50,17.179
62823,33952,6.50,2.414
62823,12169,55.50,18.160
62823,22873,59.50,19.469
62823,30556,63.50,20.778
62823,20945,52.50,17.179
62890,45898,63.50,20.778
62890,36997,63.50,20.778
62890,48787,63.50,20.778
62890,40252,56.00,18.324
62890,15599,52.50,17.179
62933,33952,6.50,2.414
62933,12169,55.50,18.160
62933,22873,59.50,19.469
62933,30556,63.50,20.778
62933,20945,52.50,17.179
62990,45898,63.50,20.778
62990,36997,63.50,20.778
62990,48787,63.50,20.778
62990,40252,56.00,18.324
62990,15599,52.50,17.179
63033,33952,6.50,2.414
63033,12169,55.50,18.160
63033,22873,59.50,19.469
63033,30556,63.50,20.778
63033,20945,52.50,17.179
63100,45898,63.50,20.778
63100,36997,63.50,20.778
63100,48787,63.50,20.778
63100,40252,56.00,18.324
63100,15599,52.50,17.179
63143,33952,6.50,2.414
63143,12169,55.50,18.160
63143,22873,59.50,19.469
63143,30556,63.50,20.778
63143,20945,52.50,17.179
63200,45898,63.50,20.778
63200,36997,63.50,20.778
63200,48787,63.50,20.778
63200,40252,56.00,18.324
63200,15599,52.50,17.179
63243,33952,6.50,2.414
63243,12169,55.50,18.160
63243,22873,59.50,19.469
63243,30556,63.50,20.778
63243,20945,52.50,17.179
63312,45898,63.50,20.778
63312,36997,63.50,20.778
63312,48787,63.50,20.778
63312,40252,56.00,18.324
63312,15599,52.50,17.179
63353,33952,6.50,2.414
63353,12169,55.50,18.160
63353,22873,59.50,19.469
63353,30556,63.50,20.778
63353,20945,52.50,17.179
63420,45898,63.50,20.778
63420,36997,63.50,20.778
63420,48787,63.50,20.778
63420,40252,56.00,18.324
63420,15599,52.50,17.179
63453,33952,6.50,2.414
63453,12169,55.50,18.160
63453,22873,59.50,19.469
63453,30556,63.50,20.778
63453,20945,52.50,17.179
63530,45898,63.50,20.778
63530,36997,63.50,20.778
63530,48787,63.50,20.778
63530,40252,56.00,18.324
63530,15599,52.50,17.179
63563,33952,6.50,2.414
63563,12169,55.50,18.160
63563,22873,59.50,19.469
63563,30556,63.50,20.778
63563,20945,52.50,17.179
63630,45898,63.50,20.778
63630,36997,63.50,20.778
63630,48787,63.50,20.778
63630,40252,56.00,18.324
63630,15599,52.50,17.179
63663,33952,6.50,2.414
63663,12169,55.50,18.160
63663,22873,59.50,19.469
63663,30556,63.50,20.778
63663,20945,52.50,17.179
63740,45898,63.50,20.778
63740,36997,63.50,20.778
63740,48787,63.50,20.778
63740,40252,56.00,18.324
63740,15599,52.50,17.179
63773,33952,6.50,2.414
63773,12169,55.50,18.160
63773,22873,59.50,19.469
63773,30556,63.50,20.778
63773,20945,52.50,17.179
63840,45898,63.50,20.778
63840,36997,63.50,20.778
63840,48787,63.50,20.778
63840,40252,56.00,18.324
63840,15599,52.50,17.179
63883,33952,6.50,2.414
63883,12169,55.50,18.160
63883,22873,59.50,19.469
63883,30556,63.50,20.778
63883,20945,52.50,17.179
63950,45898,63.50,20.778
63950,36997,63.50,20.778
63950,48787,63.50,20.778
63950,40252,56.00,18.324
63950,15599,52.50,17.179
63985,33952,6.50,2.414
63985,12169,55.50,18.160
63985,22873,59.50,19.469
63985,30556,63.50,20.778
63985,20945,52.50,17.179
64060,45898,63.50,20.778
64060,36997,63.50,20.778
64060,48787,63.50,20.778
64060,40252,56.00,18.324
64060,15599,52.50,17.179
64093,33952,6.50,2.414
64093,12169,55.50,18.160
64093,22873,59.50,19.469
64093,30556,63.50,20.778
64093,20945,52.50,17.179
64160,45898,63.50,20.778
64160,36997,63.50,20.778
64160,48787,63.50,20.778
64160,40252,56.00,18.324
64160,15599,52.50,17.179
64193,33952,6.50,2.414
64193,12169,55.50,18.160
64193,22873,59.50,19.469
64193,30556,63.50,20.778
64193,20945,52.50,17.179
64270,45898,63.50,20.778
64270,36997,63.50,20.778
64270,48787,63.50,20.778
64270,40252,56.00,18.324
64270,15599,52.50,17.179
64293,33952,6.50,2.414
64293,12169,55.50,18.160
64293,22873,59.50,19.469
64293,30556,63.50,20.778
64293,20945,52.50,17.179
64380,45898,63.50,20.778
64380,36997,63.50,20.778
64380,48787,63.50,20.778
64380,40252,56.00,18.324
64380,15599,52.50,17.179
64403,33952,6.50,2.414
64403,12169,55.50,18.160
64403,22873,59.50,19.469
64403,30556,63.50,20.778
64403,20945,52.50,17.179
64481,45898,63.50,20.778
64481,36997,63.50,20.778
64481,48787,63.50,20.778
64481,40252,56.00,18.324
64481,15599,52.50,17.179
64504,33952,6.50,2.414
64504,12169,55.50,18.160
64504,22873,59.50,19.469
64504,30556,63.50,20.778
64504,20945,52.50,17.179
64590,45898,63.50,20.778
64590,36997,63.50,20.778
64590,48787,63.50,20.778
64590,40252,56.00,18.324
64590,15599,52.50,17.179
64613,33952,6.50,2.414
64613,12169,55.50,18.160
64613,22873,59.50,19.469
64613,30556,63.50,20.778
64613,20945,52.50,17.179
64700,45898,63.50,20.778
64700,36997,63.50,20.778
64700,48787,63.50,20.778
64700,40252,56.00,18.324
64700,15599,52.50,17.179
64713,33952,6.50,2.414
64713,12169,55.50,18.160
64713,22873,59.50,19.469
64713,30556,63.50,20.778
64713,20945,52.50,17.179
64801,45898,63.50,20.778
64801,36997,63.50,20.778
64801,48787,63.50,20.778
64801,40252,56.00,18.324
64801,15599,52.50,17.179
64813,33952,6.50,2.414
64813,12169,55.50,18.160
64813,22873,59.50,19.469
64813,30556,63.50,20.778
64813,20945,52.50,17.179
64901,45898,63.50,20.778
64901,36997,63.50,20.778
64901,48787,63.50,20.778
64901,40252,56.00,18.324
64901,15599,52.50,17.179
64923,33952,6.50,2.414
64923,12169,55.50,18.160
64923,22873,59.50,19.469
64923,30556,63.50,20.778
64923,20945,52.50,17.179
65011,45898,63.50,20.778
65011,36997,63.50,20.778
65011,48787,63.50,20.778
65011,40252,56.00,18.324
65011,15599,52.50,17.179
65035,33952,6.50,2.414
65035,12169,55.50,18.160
65035,22873,59.50,19.469
65035,30556,63.50,20.778
65035,20945,52.50,17.179
65120,45898,63.50,20.778
65120,36997,63.50,20.778
65120,48787,63.50,20.778
65120,40252,56.00,18.324
65120,15599,52.50,17.179
65143,33952,6.50,2.414
65143,12169,55.50,18.160
65143,22873,59.50,19.469
65143,30556,63.50,20.778
65143,20945,52.50,17.179
65221,45898,63.50,20.778
65221,36997,63.50,20.778
65221,48787,63.50,20.778
65221,40252,56.00,18.324
65221,15599,52.50,17.179
65244,33952,6.50,2.414
65244,12169,55.50,18.160
65244,22873,59.50,19.469
65244,30556,63.50,20.778
65244,20945,52.50,17.179
65321,45898,63.50,20.778
65321,36997,63.50,20.778
65321,48787,63.50,20.778
65321,40252,56.00,18.324
65321,15599,52.50,17.179
65353,33952,6.50,2.414
65353,12169,55.50,18.160
65353,22873,59.50,19.469
65353,30556,63.50,20.778
65353,20945,52.50,17.179
65430,45898,63.50,20.778
65430,36997,63.50,20.778
65430,48787,63.50,20.778
65430,40252,56.00,18.324
65430,15599,52.50,17.179
65453,33952,6.50,2.414
65453,12169,55.50,18.160
65453,22873,59.50,19.469
65453,30556,51.50,16.851
65453,20945,49.00,16.033
65541,45898,63.50,20.778
65541,36997,63.50,20.778
65541,48787,63.50,20.778
65541,40252,56.00,18.324
65541,15599,52.50,17.179
65563,33952,6.50,2.414
65563,12169,55.50,18.160
65563,22873,59.50,19.469
65563,30556,51.50,16.851
65563,20945,49.00,16.033
65650,45898,63.50,20.778
65650,36997,63.50,20.778
65650,48787,63.50,20.778
65650,40252,56.00,18.324
65650,15599,52.50,17.179
65663,33952,6.50,2.414
65663,12169,55.50,18.160
65663,22873,59.50,19.469
65663,30556,51.50,16.851
65663,20945,49.00,16.033
65761,45898,63.50,20.778
65761,36997,63.50,20.778
65761,48787,63.50,20.778
65761,40252,56.00,18.324
65761,15599,52.50,17.179
65763,33952,6.50,2.414
65763,12169,55.50,18.160
65763,22873,59.50,19.469
65763,30556,51.50,16.851
65763,20945,49.00,16.033
65863,33952,6.50,2.414
65863,12169,55.50,18.160
65863,22873,59.50,19.469
65863,30556,51.50,16.851
65863,20945,49.00,16.033
65870,45898,63.50,20.778
65870,36997,63.50,20.778
65870,48787,63.50,20.778
65870,40252,56.00,18.324
65870,15599,52.50,17.179
65973,33952,6.50,2.414
65973,12169,63.50,20.778
65973,22873,63.50,20.778
65973,30556,51.50,16.851
65973,20945,49.00,16.033
65980,45898,63.50,20.778
65980,36997,63.50,20.778
65980,48787,63.50,20.778
65980,40252,56.00,18.324
65980,15599,52.50,17.179
66081,45898,63.50,20.778
66081,36997,63.50,20.778
66081,48787,63.50,20.778
66081,40252,56.00,18.324
66081,15599,52.50,17.179
66083,33952,6.50,2.414
66083,12169,63.50,20.778
66083,22873,63.50,20.778
66083,30556,51.50,16.851
66083,20945,49.00,16.033
66191,45898,63.50,20.778
66191,36997,63.50,20.778
66191,48787,63.50,20.778
66191,40252,56.00,18.324
66191,15599,52.50,17.179
66194,33952,6.50,2.414
66194,12169,63.50,20.778
66194,22873,63.50,20.778
66194,30556,63.50,20.778
66194,20945,49.00,16.033
66300,45898,63.50,20.778
66300,36997,63.50,20.778
66300,48787,63.50,20.778
66300,40252,56.00,18.324
66300,15599,52.50,17.179
66305,33952,6.50,2.414
66305,12169,63.50,20.778
66305,22873,63.50,20.778
66305,30556,63.50,20.778
66305,20945,49.00,16.033
66411,45898,63.50,20.778
66411,36997,63.50,20.778
66411,48787,63.50,20.778
66411,40252,56.00,18.324
66411,15599,52.50,17.179
66413,33952,6.50,2.414
66413,12169,63.50,20.778
66413,22873,63.50,20.778
66413,30556,63.50,20.778
66413,20945,49.00,16.033
66521,45898,63.50,20.778
66521,36997,63.50,20.778
66521,48787,63.50,20.778
66521,40252,56.00,18.324
66521,15599,52.50,17.179
66524,33952,6.50,2.414
66524,12169,63.50,20.778
66524,22873,63.50,20.778
66524,30556,63.50,20.778
66524,20945,49.00,16.033
66631,45898,63.50,20.778
66631,36997,63.50,20.778
66631,48787,63.50,20.778
66631,40252,56.00,18.324
66631,15599,52.50,17.179
66633,33952,6.50,2.414
66633,12169,63.50,20.778
66633,22873,63.50,20.778
66633,30556,63.50,20.778
66633,20945,49.00,16.033
66733,33952,6.50,2.414
66733,12169,63.50,20.778
66733,22873,63.50,20.778
66733,30556,63.50,20.778
66733,20945,49.00,16.033
66740,45898,63.50,20.778
66740,36997,63.50,20.778
66740,48787,63.50,20.778
66740,40252,56.00,18.324
66740,15599,52.50,17.179
66840,45898,63.50,20.778
66840,36997,63.50,20.778
66840,48787,63.50,20.778
66840,40252,56.00,18.324
66840,15599,52.50,17.179
66843,33952,6.50,2.414
66843,12169,63.50,20.778
66843,22873,63.50,20.778
66843,30556,63.50,20.778
66843,20945,49.00,16.033
66941,45898,63.50,20.778
66941,36997,63.50,20.778
66941,48787,63.50,20.778
66941,40252,56.00,18.324
66941,15599,52.50,17.179
66944,33952,6.50,2.414
66944,12169,63.50,20.778
66944,22873,63.50,20.778
66944,30556,63.50,20.778
66944,20945,49.00,16.033
67051,45898,63.50,20.778
67051,36997,63.50,20.778
67051,48787,63.50,20.778
67051,40252,56.00,18.324
67051,15599,52.50,17.179
67053,33952,6.50,2.414
67053,12169,63.50,20.778
67053,22873,63.50,20.778
67053,30556,63.50,20.778
67053,20945,49.00,16.033
67151,45898,63.50,20.778
67151,36997,63.50,20.778
67151,48787,63.50,20.778
67151,40252,56.00,18.324
67151,15599,52.50,17.179
67154,33952,6.50,2.414
67154,12169,63.50,20.778
67154,22873,63.50,20.778
67154,30556,63.50,20.778
67154,20945,49.00,16.033
67260,45898,63.50,20.778
67260,36997,63.50,20.778
67260,48787,63.50,20.778
67260,40252,56.00,18.324
67260,15599,52.50,17.179
67263,33952,6.50,2.414
67263,12169,63.50,20.778
67263,22873,63.50,20.778
67263,30556,63.50,20.778
67263,20945,49.00,16.033
67360,45898,63.50,20.778
67360,36997,63.50,20.778
67360,48787,63.50,20.778
67360,40252,56.00,18.324
67360,15599,52.50,17.179
67364,33952,6.50,2.414
67364,12169,63.50,20.778
67364,22873,63.50,20.778
67364,30556,63.50,20.778
67364,20945,49.00,16.033
67470,45898,63.50,20.778
67470,36997,63.50,20.778
67470,48787,63.50,20.778
67470,40252,56.00,18.324
67470,15599,52.50,17.179
67473,33952,6.50,2.414
67473,12169,63.50,20.778
67473,22873,63.50,20.778
67473,30556,63.50,20.778
67473,20945,49.00,16.033
67580,45898,63.50,20.778
67580,36997,63.50,20.778
67580,48787,63.50,20.778
67580,40252,56.00,18.324
67580,15599,52.50,17.179
67583,33952,6.50,2.414
67583,12169,63.50,20.778
67583,22873,63.50,20.778
67583,30556,63.50,20.778
67583,20945,49.00,16.033
67680,45898,63.50,20.778
67680,36997,63.50,20.778
67680,48787,63.50,20.778
67680,40252,56.00,18.324
67680,15599,52.50,17.179
67683,33952,6.50,2.414
67683,12169,63.50,20.778
67683,22873,63.50,20.778
67683,30556,63.50,20.778
67683,20945,49.00,16.033
67791,45898,63.50,20.778
67791,36997,63.50,20.778
67791,48787,63.50,20.778
67791,40252,56.00,18.324
67791,15599,52.50,17.179
67793,33952,6.50,2.414
67793,12169,63.50,20.778
67793,22873,63.50,20.778
67793,30556,63.50,20.778
67793,20945,49.00,16.033
67900,45898,63.50,20.778
67900,36997,63.50,20.778
67900,48787,63.50,20.778
67900,40252,56.00,18.324
67900,15599,52.50,17.179
67907,33952,6.50,2.414
67907,12169,63.50,20.778
67907,22873,63.50,20.778
67907,30556,63.50,20.778
67907,20945,49.00,16.033
68010,45898,63.50,20.778
68010,36997,63.50,20.778
68010,48787,63.50,20.778
68010,40252,56.00,18.324
68010,15599,52.50,17.179
68013,33952,6.50,2.414
68013,12169,63.50,20.778
68013,22873,63.50,20.778
68013,30556,63.50,20.778
68013,20945,49.00,16.033
68110,45898,63.50,20.778
68110,36997,63.50,20.778
68110,48787,63.50,20.778
68110,40252,56.00,18.324
68110,15599,52.50,17.179
68113,33952,6.50,2.414
68113,12169,63.50,20.778
68113,22873,63.50,20.778
68113,30556,63.50,20.778
68113,20945,49.00,16.033
68220,45898,63.50,20.778
68220,36997,63.50,20.778
68220,48787,63.50,20.778
68220,40252,56.00,18.324
68220,15599,52.50,17.179
68223,33952,6.50,2.414
68223,12169,63.50,20.778
68223,22873,63.50,20.778
68223,30556,63.50,20.778
68223,20945,49.00,16.033
68321,45898,63.50,20.778
68321,36997,63.50,20.778
68321,48787,63.50,20.778
68321,40252,56.00,18.324
68321,15599,52.50,17.179
68323,33952,6.50,2.414
68323,12169,63.50,20.778
68323,22873,63.50,20.778
68323,30556,63.50,20.778
68323,20945,49.00,16.033
68423,33952,6.50,2.414
68423,12169,63.50,20.778
68423,22873,63.50,20.778
68423,30556,63.50,20.778
68423,20945,49.00,16.033
68430,45898,63.50,20.778
68430,36997,63.50,20.778
68430,48787,63.50,20.778
68430,40252,56.00,18.324
68430,15599,52.50,17.179
68533,33952,6.50,2.414
68533,12169,63.50,20.778
68533,22873,63.50,20.778
68533,30556,63.50,20.778
68533,20945,49.00,16.033
68540,45898,63.50,20.778
68540,36997,63.50,20.778
68540,48787,63.50,20.778
68540,40252,56.00,18.324
68540,15599,52.50,17.179
68634,33952,6.50,2.414
68634,12169,63.50,20.778
68634,22873,63.50,20.778
68634,30556,63.50,20.778
68634,20945,49.00,16.033
68640,45898,63.50,20.778
68640,36997,63.50,20.778
68640,48787,63.50,20.778
68640,40252,56.00,18.324
68640,15599,52.50,17.179
68743,33952,6.50,2.414
68743,12169,63.50,20.778
68743,22873,63.50,20.778
68743,30556,63.50,20.778
68743,20945,49.00,16.033
68750,45898,63.50,20.778
68750,36997,63.50,20.778
68750,48787,63.50,20.778
68750,40252,56.00,18.324
68750,15599,52.50,17.179
68843,33952,6.50,2.414
68843,12169,63.50,20.778
68843,22873,63.50,20.778
68843,30556,63.50,20.778
68843,20945,49.00,16.033
68860,45898,63.50,20.778
68860,36997,63.50,20.778
68860,48787,63.50,20.778
68860,40252,56.00,18.324
68860,15599,52.50,17.179
68944,33952,6.50,2.414
68944,12169,63.50,20.778
68944,22873,63.50,20.778
68944,30556,63.50,20.778
68944,20945,49.00,16.033
68960,45898,63.50,20.778
68960,36997,63.50,20.778
68960,48787,63.50,20.778
68960,40252,56.00,18.324
68960,15599,52.50,17.179
69053,33952,6.50,2.414
69053,12169,63.50,20.778
69053,22873,63.50,20.778
69053,30556,63.50,20.778
69053,20945,49.00,16.033
69060,45898,63.50,20.778
69060,36997,63.50,20.778
69060,48787,63.50,20.778
69060,40252,56.00,18.324
69060,15599,52.50,17.179
69153,33952,6.50,2.414
69153,12169,63.50,20.778
69153,22873,63.50,20.778
69153,30556,63.50,20.778
69153,20945,49.00,16.033
69171,45898,63.50,20.778
69171,36997,63.50,20.778
69171,48787,63.50,20.778
69171,40252,56.00,18.324
69171,15599,52.50,17.179
69263,33952,6.50,2.414
69263,12169,63.50,20.778
69263,22873,63.50,20.778
69263,30556,63.50,20.778
69263,20945,49.00,16.033
69280,45898,63.50,20.778
69280,36997,63.50,20.778
69280,48787,63.50,20.778
69280,40252,56.00,18.324
69280,15599,52.50,17.179
69363,33952,6.50,2.414
69363,12169,63.50,20.778
69363,22873,63.50,20.778
69363,30556,63.50,20.778
69363,20945,49.00,16.033
69381,45898,63.50,20.778
69381,36997,63.50,20.778
69381,48787,63.50,20.778
69381,40252,56.00,18.324
69381,15599,52.50,17.179
69473,33952,6.50,2.414
69473,12169,63.50,20.778
69473,22873,63.50,20.778
69473,30556,53.50,17.506
69473,20945,52.00,17.015
69490,45898,63.50,20.778
69490,36997,63.50,20.778
69490,48787,63.50,20.778
69490,40252,56.00,18.324
69490,15599,52.50,17.179
69583,33952,6.50,2.414
69583,12169,63.50,20.778
69583,22873,63.50,20.778
69583,30556,53.50,17.506
69583,20945,52.00,17.015
69600,45898,63.50,20.778
69600,36997,63.50,20.778
69600,48787,63.50,20.778
69600,40252,56.00,18.324
69600,15599,52.50,17.179
69684,33952,6.50,2.414
69684,12169,63.50,20.778
69684,22873,63.50,20.778
69684,30556,53.50,17.506
69684,20945,52.00,17.015
69700,45898,63.50,20.778
69700,36997,63.50,20.778
69700,48787,63.50,20.778
69700,40252,56.00,18.324
69700,15599,52.50,17.179
69793,33952,6.50,2.414
69793,12169,63.50,20.778
69793,22873,63.50,20.778
69793,30556,53.50,17.506
69793,20945,63.50,20.778
69800,45898,63.50,20.778
69800,36997,63.50,20.778
69800,48787,63.50,20.778
69800,40252,56.00,18.324
69800,15599,52.50,17.179
69894,33952,6.50,2.414
69894,12169,63.50,20.778
69894,22873,63.50,20.778
69894,30556,53.50,17.506
69894,20945,63.50,20.778
69901,45898,63.50,20.778
69901,36997,63.50,20.778
69901,48787,63.50,20.778
69901,40252,56.00,18.324
69901,15599,52.50,17.179
70003,33952,6.50,2.414
70003,12169,63.50,20.778
70003,22873,63.50,20.778
70003,30556,53.50,17.506
70003,20945,63.50,20.778
70010,45898,63.50,20.778
70010,36997,63.50,20.778
70010,48787,63.50,20.778
70010,40252,56.00,18.324
70010,15599,52.50,17.179
70113,33952,6.50,2.414
70113,12169,63.50,20.778
70113,22873,63.50,20.778
70113,30556,53.50,17.506
70113,20945,63.50,20.778
70120,45898,63.50,20.778
70120,36997,63.50,20.778
70120,48787,63.50,20.778
70120,40252,56.00,18.324
70120,15599,52.50,17.179
70216,33952,6.50,2.414
70216,12169,63.50,20.778
70216,22873,63.50,20.778
70216,30556,63.50,20.778
70216,20945,63.50,20.778
70220,45898,63.50,20.778
70220,36997,63.50,20.778
70220,48787,63.50,20.778
70220,40252,56.00,18.324
70220,15599,52.50,17.179
70321,45898,63.50,20.778
70321,36997,63.50,20.778
70321,48787,63.50,20.778
70321,40252,56.00,18.324
70321,15599,52.50,17.179
70323,33952,6.50,2.414
70323,12169,63.50,20.778
70323,22873,63.50,20.778
70323,30556,63.50,20.778
70323,20945,63.50,20.778
70423,33952,6.50,2.414
70423,12169,63.50,20.778
70423,22873,63.50,20.778
70423,30556,63.50,20.778
70423,20945,63.50,20.778
70430,45898,63.50,20.778
70430,36997,63.50,20.778
70430,48787,63.50,20.778
70430,40252,56.00,18.324
70430,15599,52.50,17.179
70533,33952,6.50,2.414
70533,12169,63.50,20.778
70533,22873,63.50,20.778
70533,30556,63.50,20.778
70533,20945,63.50,20.778
70540,45898,63.50,20.778
70540,36997,63.50,20.778
70540,48787,63.50,20.778
70540,40252,56.00,18.324
70540,15599,52.50,17.179
70640,45898,63.50,20.778
70640,36997,63.50,20.778
70640,48787,63.50,20.778
70640,40252,56.00,18.324
70640,15599,52.50,17.179
70643,33952,6.50,2.414
70643,12169,63.50,20.778
70643,22873,63.50,20.778
70643,30556,63.50,20.778
70643,20945,63.50,20.778
70750,45898,63.50,20.778
70750,36997,63.50,20.778
70750,48787,63.50,20.778
70750,40252,56.00,18.324
70750,15599,52.50,17.179
70754,33952,6.50,2.414
70754,12169,63.50,20.778
70754,22873,63.50,20.778
70754,30556,63.50,20.778
70754,20945,63.50,20.778
70861,45898,63.50,20.778
70861,36997,63.50,20.778
70861,48787,63.50,20.778
70861,40252,56.00,18.324
70861,15599,52.50,17.179
70863,33952,6.50,2.414
70863,12169,63.50,20.778
70863,22873,63.50,20.778
70863,30556,63.50,20.778
70863,20945,63.50,20.778
70970,45898,63.50,20.778
70970,36997,63.50,20.778
70970,48787,63.50,20.778
70970,40252,56.00,18.324
70970,15599,52.50,17.179
70973,33952,6.50,2.414
70973,12169,63.50,20.778
70973,22873,63.50,20.778
70973,30556,63.50,20.778
70973,20945,63.50,20.778
71070,45898,63.50,20.778
71070,36997,63.50,20.778
71070,48787,63.50,20.778
71070,40252,56.00,18.324
71070,15599,52.50,17.179
71073,33952,6.50,2.414
71073,12169,63.50,20.778
71073,22873,63.50,20.778
71073,30556,63.50,20.778
71073,20945,63.50,20.778
71171,45898,63.50,20.778
71171,36997,63.50,20.778
71171,48787,63.50,20.778
71171,40252,56.00,18.324
71171,15599,52.50,17.179
71173,33952,6.50,2.414
71173,12169,63.50,20.778
71173,22873,63.50,20.778
71173,30556,63.50,20.778
71173,20945,63.50,20.778
71280,45898,63.50,20.778
71280,36997,63.50,20.778
71280,48787,63.50,20.778
71280,40252,56.00,18.324
71280,15599,52.50,17.179
71284,33952,6.50,2.414
71284,12169,63.50,20.778
71284,22873,63.50,20.778
71284,30556,63.50,20.778
71284,20945,63.50,20.778
71390,45898,63.50,20.778
71390,36997,63.50,20.778
71390,48787,63.50,20.778
71390,40252,56.00,18.324
71390,15599,52.50,17.179
71393,33952,6.50,2.414
71393,12169,63.50,20.778
71393,22873,63.50,20.778
71393,30556,63.50,20.778
71393,20945,63.50,20.778
71490,45898,63.50,20.778
71490,36997,63.50,20.778
71490,48787,63.50,20.778
71490,40252,56.00,18.324
71490,15599,52.50,17.179
71493,33952,6.50,2.414
71493,12169,63.50,20.778
71493,22873,63.50,20.778
71493,30556,63.50,20.778
71493,20945,63.50,20.778
71591,45898,63.50,20.778
71591,36997,63.50,20.778
71591,48787,63.50,20.778
71591,40252,56.00,18.324
71591,15599,52.50,17.179
71603,33952,6.50,2.414
71603,12169,63.50,20.778
71603,22873,63.50,20.778
71603,30556,63.50,20.778
71603,20945,63.50,20.778
71701,45898,63.50,20.778
71701,36997,63.50,20.778
71701,48787,63.50,20.778
71701,40252,56.00,18.324
71701,15599,52.50,17.179
71706,33952,6.50,2.414
71706,12169,63.50,20.778
71706,22873,63.50,20.778
71706,30556,63.50,20.778
71706,20945,63.50,20.778
71801,45898,63.50,20.778
71801,36997,63.50,20.778
71801,48787,63.50,20.778
71801,40252,56.00,18.324
71801,15599,52.50,17.179
71813,33952,6.50,2.414
71813,12169,63.50,20.778
71813,22873,63.50,20.778
71813,30556,63.50,20.778
71813,20945,63.50,20.778
71910,45898,63.50,20.778
71910,36997,63.50,20.778
71910,48787,63.50,20.778
71910,40252,56.00,18.324
71910,15599,52.50,17.179
71923,33952,6.50,2.414
71923,12169,63.50,20.778
71923,22873,63.50,20.778
71923,30556,63.50,20.778
71923,20945,63.50,20.778
72010,45898,63.50,20.778
72010,36997,63.50,20.778
72010,48787,63.50,20.778
72010,40252,56.00,18.324
72010,15599,52.50,17.179
72023,33952,6.50,2.414
72023,12169,63.50,20.778
72023,22873,63.50,20.778
72023,30556,63.50,20.778
72023,20945,63.50,20.778
72110,45898,63.50,20.778
72110,36997,63.50,20.778
72110,48787,63.50,20.778
72110,40252,56.00,18.324
72110,15599,52.50,17.179
72125,33952,6.50,2.414
72125,12169,63.50,20.778
72125,22873,63.50,20.778
72125,30556,63.50,20.778
72125,20945,63.50,20.778
72211,45898,63.50,20.778
72211,36997,63.50,20.778
72211,48787,63.50,20.778
72211,40252,56.00,18.324
72211,15599,52.50,17.179
72233,33952,6.50,2.414
72233,12169,63.50,20.778
72233,22873,63.50,20.778
72233,30556,63.50,20.778
72233,20945,63.50,20.778
72320,45898,63.50,20.778
72320,36997,63.50,20.778
72320,48787,63.50,20.778
72320,40252,56.00,18.324
72320,15599,52.50,17.179
72343,33952,6.50,2.414
72343,12169,63.50,20.778
72343,22873,63.50,20.778
72343,30556,63.50,20.778
72343,20945,63.50,20.778
72421,45898,63.50,20.778
72421,36997,63.50,20.778
72421,48787,63.50,20.778
72421,40252,56.00,18.324
72421,15599,52.50,17.179
72443,33952,6.50,2.414
72443,12169,63.50,20.778
72443,22873,63.50,20.778
72443,30556,63.50,20.778
72443,20945,63.50,20.778
72531,45898,63.50,20.778
72531,36997,63.50,20.778
72531,48787,63.50,20.778
72531,40252,56.00,18.324
72531,15599,52.50,17.179
72553,33952,6.50,2.414
72553,12169,63.50,20.778
72553,22873,63.50,20.778
72553,30556,63.50,20.778
72553,20945,63.50,20.778
72640,45898,63.50,20.778
72640,36997,63.50,20.778
72640,48787,63.50,20.778
72640,40252,56.00,18.324
72640,15599,52.50,17.179
72663,33952,6.50,2.414
72663,12169,63.50,20.778
72663,22873,63.50,20.778
72663,30556,63.50,20.778
72663,20945,63.50,20.778
72750,45898,63.50,20.778
72750,36997,63.50,20.778
72750,48787,63.50,20.778
72750,40252,56.00,18.324
72750,15599,52.50,17.179
72773,33952,6.50,2.414
72773,12169,63.50,20.778
72773,22873,63.50,20.778
72773,30556,63.50,20.778
72773,20945,63.50,20.778
72860,45898,63.50,20.778
72860,36997,63.50,20.778
72860,48787,63.50,20.778
72860,40252,56.00,18.324
72860,15599,52.50,17.179
72883,33952,6.50,2.414
72883,12169,63.50,20.778
72883,22873,63.50,20.778
72883,30556,63.50,20.778
72883,20945,63.50,20.778
72960,45898,63.50,20.778
72960,36997,63.50,20.778
72960,48787,63.50,20.778
72960,40252,56.00,18.324
72960,15599,52.50,17.179
72995,33952,6.50,2.414
72995,12169,63.50,20.778
72995,22873,63.50,20.778
72995,30556,63.50,20.778
72995,20945,63.50,20.778
73060,45898,63.50,20.778
73060,36997,63.50,20.778
73060,48787,63.50,20.778
73060,40252,56.00,18.324
73060,15599,52.50,17.179
73103,33952,6.50,2.414
73103,12169,63.50,20.778
73103,22873,63.50,20.778
73103,30556,63.50,20.778
73103,20945,63.50,20.778
73170,45898,63.50,20.778
73170,36997,63.50,20.778
73170,48787,63.50,20.778
73170,40252,56.00,18.324
73170,15599,52.50,17.179
73213,33952,6.50,2.414
73213,12169,63.50,20.778
73213,22873,63.50,20.778
73213,30556,63.50,20.778
73213,20945,63.50,20.778
73280,45898,63.50,20.778
73280,36997,63.50,20.778
73280,48787,63.50,20.778
73280,40252,56.00,18.324
73280,15599,52.50,17.179
73314,33952,6.50,2.414
73314,12169,63.50,20.778
73314,22873,63.50,20.778
73314,30556,63.50,20.778
73314,20945,63.50,20.778
73390,45898,63.50,20.778
73390,36997,63.50,20.778
73390,48787,63.50,20.778
73390,40252,56.00,18.324
73390,15599,52.50,17.179
73424,33952,6.50,2.414
73424,12169,63.50,20.778
73424,22873,63.50,20.778
73424,30556,63.50,20.778
73424,20945,63.50,20.778
73500,45898,63.50,20.778
73500,36997,63.50,20.778
73500,48787,63.50,20.778
73500,40252,56.00,18.324
73500,15599,52.50,17.179
73533,33952,6.50,2.414
73533,12169,63.50,20.778
73533,22873,63.50,20.778
73533,30556,63.50,20.778
73533,20945,63.50,20.778
73600,45898,63.50,20.778
73600,36997,63.50,20.778
73600,48787,63.50,20.778
73600,40252,56.00,18.324
73600,15599,52.50,17.179
73643,33952,6.50,2.414
73643,12169,63.50,20.778
73643,22873,63.50,20.778
73643,30556,63.50,20.778
73643,20945,63.50,20.778
73700,45898,63.50,20.778
73700,36997,63.50,20.778
73700,48787,63.50,20.778
73700,40252,56.00,18.324
73700,15599,52.50,17.179
73755,33952,6.50,2.414
73755,12169,63.50,20.778
73755,22873,63.50,20.778
73755,30556,63.50,20.778
73755,20945,54.00,17.669
73800,45898,63.50,20.778
73800,36997,63.50,20.778
73800,48787,63.50,20.778
73800,40252,56.00,18.324
73800,15599,52.50,17.179
73863,33952,6.50,2.414
73863,12169,63.50,20.778
73863,22873,63.50,20.778
73863,30556,63.50,20.778
73863,20945,54.00,17.669
73900,45898,63.50,20.778
73900,36997,63.50,20.778
73900,48787,63.50,20.778
73900,40252,56.00,18.324
73900,15599,52.50,17.179
73965,33952,6.50,2.414
73965,12169,63.50,20.778
73965,22873,63.50,20.778
73965,30556,63.50,20.778
73965,20945,54.00,17.669
74001,45898,63.50,20.778
74001,36997,63.50,20.778
74001,48787,63.50,20.778
74001,40252,56.00,18.324
74001,15599,52.50,17.179
74073,33952,6.50,2.414
74073,12169,63.50,20.778
74073,22873,63.50,20.778
74073,30556,63.50,20.778
74073,20945,54.00,17.669
74110,45898,63.50,20.778
74110,36997,63.50,20.778
74110,48787,63.50,20.778
74110,40252,56.00,18.324
74110,15599,52.50,17.179
74173,33952,6.50,2.414
74173,12169,63.50,20.778
74173,22873,63.50,20.778
74173,30556,63.50,20.778
74173,20945,54.00,17.669
74210,45898,63.50,20.778
74210,36997,63.50,20.778
74210,48787,63.50,20.778
74210,40252,56.00,18.324
74210,15599,52.50,17.179
74274,33952,6.50,2.414
74274,12169,63.50,20.778
74274,22873,63.50,20.778
74274,30556,63.50,20.778
74274,20945,54.00,17.669
74311,45898,63.50,20.778
74311,36997,63.50,20.778
74311,48787,63.50,20.778
74311,40252,56.00,18.324
74311,15599,52.50,17.179
74383,33952,6.50,2.414
74383,12169,63.50,20.778
74383,22873,63.50,20.778
74383,30556,63.50,20.778
74383,20945,54.00,17.669
74420,45898,63.50,20.778
74420,36997,63.50,20.778
74420,48787,63.50,20.778
74420,40252,56.00,18.324
74420,15599,52.50,17.179
74483,33952,6.50,2.414
74483,12169,63.50,20.778
74483,22873,63.50,20.778
74483,30556,63.50,20.778
74483,20945,54.00,17.669
74520,45898,63.50,20.778
74520,36997,63.50,20.778
74520,48787,63.50,20.778
74520,40252,56.00,18.324
74520,15599,52.50,17.179
74593,33952,6.50,2.414
74593,12169,63.50,20.778
74593,22873,63.50,20.778
74593,30556,63.50,20.778
74593,20945,54.00,17.669
74621,45898,63.50,20.778
74621,36997,63.50,20.778
74621,48787,63.50,20.778
74621,40252,56.00,18.324
74621,15599,52.50,17.179
74703,33952,6.50,2.414
74703,12169,63.50,20.778
74703,22873,63.50,20.778
74703,30556,63.50,20.778
74703,20945,54.00,17.669
74731,45898,63.50,20.778
74731,36997,63.50,20.778
74731,48787,63.50,20.778
74731,40252,56.00,18.324
74731,15599,52.50,17.179
74803,33952,6.50,2.414
74803,12169,63.50,20.778
74803,22873,63.50,20.778
74803,30556,63.50,20.778
74803,20945,54.00,17.669
74840,45898,63.50,20.778
74840,36997,63.50,20.778
74840,48787,63.50,20.778
74840,40252,56.00,18.324
74840,15599,52.50,17.179
74904,33952,6.50,2.414
74904,12169,63.50,20.778
74904,22873,63.50,20.778
74904,30556,63.50,20.778
74904,20945,54.00,17.669
74941,45898,63.50,20.778
74941,36997,63.50,20.778
74941,48787,63.50,20.778
74941,40252,56.00,18.324
74941,15599,52.50,17.179
75006,33952,6.50,2.414
75006,12169,63.50,20.778
75006,22873,63.50,20.778
75006,30556,63.50,20.778
75006,20945,54.00,17.669
75051,45898,63.50,20.778
75051,36997,63.50,20.778
75051,48787,63.50,20.778
75051,40252,56.00,18.324
75051,15599,52.50,17.179
75113,33952,6.50,2.414
75113,12169,63.50,20.778
75113,22873,63.50,20.778
75113,30556,63.50,20.778
75113,20945,54.00,17.669
75160,45898,63.50,20.778
75160,36997,63.50,20.778
75160,48787,63.50,20.778
75160,40252,56.00,18.324
75160,15599,52.50,17.179
75223,33952,6.50,2.414
75223,12169,63.50,20.778
75223,22873,63.50,20.778
75223,30556,63.50,20.778
75223,20945,54.00,17.669
75270,45898,63.50,20.778
75270,36997,63.50,20.778
75270,48787,63.50,20.778
75270,40252,56.00,18.324
75270,15599,52.50,17.179
75324,33952,6.50,2.414
75324,12169,63.50,20.778
75324,22873,63.50,20.778
75324,30556,63.50,20.778
75324,20945,54.00,17.669
75380,45898,63.50,20.778
75380,36997,63.50,20.778
75380,48787,63.50,20.778
75380,40252,56.00,18.324
75380,15599,52.50,17.179
75433,33952,6.50,2.414
75433,12169,63.50,20.778
75433,22873,63.50,20.778
75433,30556,63.50,20.778
75433,20945,54.00,17.669
75490,45898,63.50,20.778
75490,36997,63.50,20.778
75490,48787,63.50,20.778
75490,40252,56.00,18.324
75490,15599,52.50,17.179
75533,33952,6.50,2.414
75533,12169,63.50,20.778
75533,22873,63.50,20.778
75533,30556,63.50,20.778
75533,20945,54.00,17.669
75590,45898,63.50,20.778
75590,36997,63.50,20.778
75590,48787,63.50,20.778
75590,40252,56.00,18.324
75590,15599,52.50,17.179
75633,33952,6.50,2.414
75633,12169,63.50,20.778
75633,22873,63.50,20.778
75633,30556,63.50,20.778
75633,20945,54.00,17.669
75691,45898,63.50,20.778
75691,36997,63.50,20.778
75691,48787,63.50,20.778
75691,40252,56.00,18.324
75691,15599,52.50,17.179
75743,33952,6.50,2.414
75743,12169,63.50,20.778
75743,22873,63.50,20.778
75743,30556,63.50,20.778
75743,20945,54.00,17.669
75801,45898,63.50,20.778
75801,36997,63.50,20.778
75801,48787,63.50,20.778
75801,40252,56.00,18.324
75801,15599,52.50,17.179
75853,33952,6.50,2.414
75853,12169,63.50,20.778
75853,22873,63.50,20.778
75853,30556,63.50,20.778
75853,20945,54.00,17.669
75911,45898,63.50,20.778
75911,36997,63.50,20.778
75911,48787,63.50,20.778
75911,40252,56.00,18.324
75911,15599,52.50,17.179
75954,33952,6.50,2.414
75954,12169,63.50,20.778
75954,22873,63.50,20.778
75954,30556,63.50,20.778
75954,20945,54.00,17.669
76020,45898,63.50,20.778
76020,36997,63.50,20.778
76020,48787,63.50,20.778
76020,40252,56.00,18.324
76020,15599,52.50,17.179
76063,33952,6.50,2.414
76063,12169,63.50,20.778
76063,22873,63.50,20.778
76063,30556,63.50,20.778
76063,20945,54.00,17.669
76130,45898,63.50,20.778
76130,36997,63.50,20.778
76130,48787,63.50,20.778
76130,40252,56.00,18.324
76130,15599,52.50,17.179
76173,33952,6.50,2.414
76173,12169,63.50,20.778
76173,22873,63.50,20.778
76173,30556,63.50,20.778
76173,20945,54.00,17.669
76240,45898,63.50,20.778
76240,36997,63.50,20.778
76240,48787,63.50,20.778
76240,40252,56.00,18.324
76240,15599,52.50,17.179
76273,33952,6.50,2.414
76273,12169,63.50,20.778
76273,22873,63.50,20.778
76273,30556,63.50,20.778
76273,20945,54.00,17.669
76340,45898,63.50,20.778
76340,36997,63.50,20.778
76340,48787,63.50,20.778
76340,40252,56.00,18.324
76340,15599,52.50,17.179
76385,33952,6.50,2.414
76385,12169,63.50,20.778
76385,22873,63.50,20.778
76385,30556,63.50,20.778
76385,20945,54.00,17.669
76450,45898,63.50,20.778
76450,36997,63.50,20.778
76450,48787,63.50,20.778
76450,40252,56.00,18.324
76450,15599,52.50,17.179
76493,33952,6.50,2.414
76493,12169,63.50,20.778
76493,22873,63.50,20.778
76493,30556,63.50,20.778
76493,20945,54.00,17.669
76551,45898,63.50,20.778
76551,36997,63.50,20.778
76551,48787,63.50,20.778
76551,40252,56.00,18.324
76551,15599,52.50,17.179
76594,33952,6.50,2.414
76594,12169,63.50,20.778
76594,22873,63.50,20.778
76594,30556,63.50,20.778
76594,20945,54.00,17.669
76651,45898,63.50,20.778
76651,36997,63.50,20.778
76651,48787,63.50,20.778
76651,40252,56.00,18.324
76651,15599,52.50,17.179
76703,33952,6.50,2.414
76703,12169,63.50,20.778
76703,22873,63.50,20.778
76703,30556,63.50,20.778
76703,20945,54.00,17.669
76761,45898,63.50,20.778
76761,36997,63.50,20.778
76761,48787,63.50,20.778
76761,40252,56.00,18.324
76761,15599,52.50,17.179
76815,33952,6.50,2.414
76815,12169,63.50,20.778
76815,22873,63.50,20.778
76815,30556,63.50,20.778
76815,20945,54.00,17.669
76861,45898,63.50,20.778
76861,36997,63.50,20.778
76861,48787,63.50,20.778
76861,40252,56.00,18.324
76861,15599,52.50,17.179
76926,33952,6.50,2.414
76926,12169,63.50,20.778
76926,22873,63.50,20.778
76926,30556,63.50,20.778
76926,20945,63.50,20.778
76970,45898,63.50,20.778
76970,36997,63.50,20.778
76970,48787,63.50,20.778
76970,40252,56.00,18.324
76970,15599,52.50,17.179
77033,33952,6.50,2.414
77033,12169,63.50,20.778
77033,22873,63.50,20.778
77033,30556,63.50,20.778
77033,20945,63.50,20.778
77071,45898,63.50,20.778
77071,36997,63.50,20.778
77071,48787,63.50,20.778
77071,40252,56.00,18.324
77071,15599,52.50,17.179
77133,33952,6.50,2.414
77133,12169,63.50,20.778
77133,22873,63.50,20.778
77133,30556,63.50,20.778
77133,20945,63.50,20.778
77180,45898,63.50,20.778
77180,36997,63.50,20.778
77180,48787,63.50,20.778
77180,40252,56.00,18.324
77180,15599,52.50,17.179
77243,33952,6.50,2.414
77243,12169,63.50,20.778
77243,22873,63.50,20.778
77243,30556,63.50,20.778
77243,20945,63.50,20.778
77280,45898,63.50,20.778
77280,36997,63.50,20.778
77280,48787,63.50,20.778
77280,40252,56.00,18.324
77280,15599,52.50,17.179
77343,33952,6.50,2.414
77343,12169,63.50,20.778
77343,22873,63.50,20.778
77343,30556,63.50,20.778
77343,20945,63.50,20.778
77391,45898,63.50,20.778
77391,36997,63.50,20.778
77391,48787,63.50,20.778
77391,40252,56.00,18.324
77391,15599,52.50,17.179
77453,33952,6.50,2.414
77453,12169,63.50,20.778
77453,22873,63.50,20.778
77453,30556,63.50,20.778
77453,20945,63.50,20.778
77501,45898,63.50,20.778
77501,36997,63.50,20.778
77501,48787,63.50,20.778
77501,40252,56.00,18.324
77501,15599,52.50,17.179
77553,33952,6.50,2.414
77553,12169,63.50,20.778
77553,22873,63.50,20.778
77553,30556,63.50,20.778
77553,20945,63.50,20.778
77610,45898,63.50,20.778
77610,36997,63.50,20.778
77610,48787,63.50,20.778
77610,40252,56.00,18.324
77610,15599,52.50,17.179
77653,33952,6.50,2.414
77653,12169,63.50,20.778
77653,22873,63.50,20.778
77653,30556,63.50,20.778
77653,20945,63.50,20.778
77710,45898,63.50,20.778
77710,36997,63.50,20.778
77710,48787,63.50,20.778
77710,40252,56.00,18.324
77710,15599,52.50,17.179
77763,33952,6.50,2.414
77763,12169,63.50,20.778
77763,22873,63.50,20.778
77763,30556,63.50,20.778
77763,20945,63.50,20.778
77821,45898,63.50,20.778
77821,36997,63.50,20.778
77821,48787,63.50,20.778
77821,40252,56.00,18.324
77821,15599,52.50,17.179
77875,33952,6.50,2.414
77875,12169,63.50,20.778
77875,22873,63.50,20.778
77875,30556,63.50,20.778
77875,20945,63.50,20.778
77930,45898,63.50,20.778
77930,36997,63.50,20.778
77930,48787,63.50,20.778
77930,40252,56.00,18.324
77930,15599,52.50,17.179
77985,33952,6.50,2.414
77985,12169,63.50,20.778
77985,22873,63.50,20.778
77985,30556,53.50,17.506
77985,20945,52.50,17.179
78031,45898,63.50,20.778
78031,36997,63.50,20.778
78031,48787,63.50,20.778
78031,40252,56.00,18.324
78031,15599,52.50,17.179
78093,33952,6.50,2.414
78093,12169,63.50,20.778
78093,22873,63.50,20.778
78093,30556,53.50,17.506
78093,20945,52.50,17.179
78140,45898,63.50,20.778
78140,36997,63.50,20.778
78140,48787,63.50,20.778
78140,40252,56.00,18.324
78140,15599,52.50,17.179
78203,33952,6.50,2.414
78203,12169,63.50,20.778
78203,22873,63.50,20.778
78203,30556,53.50,17.506
78203,20945,52.50,17.179
78250,45898,63.50,20.778
78250,36997,63.50,20.778
78250,48787,63.50,20.778
78250,40252,56.00,18.324
78250,15599,52.50,17.179
78313,33952,6.50,2.414
78313,12169,63.50,20.778
78313,22873,63.50,20.778
78313,30556,53.50,17.506
78313,20945,52.50,17.179
78360,45898,63.50,20.778
78360,36997,63.50,20.778
78360,48787,63.50,20.778
78360,40252,56.00,18.324
78360,15599,52.50,17.179
78414,33952,6.50,2.414
78414,12169,63.50,20.778
78414,22873,63.50,20.778
78414,30556,53.50,17.506
78414,20945,52.50,17.179
78461,45898,63.50,20.778
78461,36997,63.50,20.778
78461,48787,63.50,20.778
78461,40252,56.00,18.324
78461,15599,52.50,17.179
78523,33952,6.50,2.414
78523,12169,63.50,20.778
78523,22873,63.50,20.778
78523,30556,53.50,17.506
78523,20945,52.50,17.179
78570,45898,63.50,20.778
78570,36997,63.50,20.778
78570,48787,63.50,20.778
78570,40252,56.00,18.324
78570,15599,52.50,17.179
78633,33952,6.50,2.414
78633,12169,63.50,20.778
78633,22873,63.50,20.778
78633,30556,53.50,17.506
78633,20945,52.50,17.179
78670,45898,63.50,20.778
78670,36997,63.50,20.778
78670,48787,63.50,20.778
78670,40252,56.00,18.324
78670,15599,52.50,17.179
78733,33952,6.50,2.414
78733,12169,63.50,20.778
78733,22873,63.50,20.778
78733,30556,63.50,20.778
78733,20945,52.50,17.179
78770,45898,63.50,20.778
78770,36997,63.50,20.778
78770,48787,63.50,20.778
78770,40252,56.00,18.324
78770,15599,52.50,17.179
78834,33952,6.50,2.414
78834,12169,63.50,20.778
78834,22873,63.50,20.778
78834,30556,63.50,20.778
78834,20945,52.50,17.179
78870,45898,63.50,20.778
78870,36997,63.50,20.778
78870,48787,63.50,20.778
78870,40252,56.00,18.324
78870,15599,52.50,17.179
78943,33952,6.50,2.414
78943,12169,63.50,20.778
78943,22873,63.50,20.778
78943,30556,63.50,20.778
78943,20945,52.50,17.179
78970,45898,63.50,20.778
78970,36997,63.50,20.778
78970,48787,63.50,20.778
78970,40252,56.00,18.324
78970,15599,52.50,17.179
79053,33952,6.50,2.414
79053,12169,63.50,20.778
79053,22873,63.50,20.778
79053,30556,63.50,20.778
79053,20945,52.50,17.179
79080,45898,63.50,20.778
79080,36997,63.50,20.778
79080,48787,63.50,20.778
79080,40252,56.00,18.324
79080,15599,52.50,17.179
79153,33952,6.50,2.414
79153,12169,63.50,20.778
79153,22873,63.50,20.778
79153,30556,63.50,20.778
79153,20945,52.50,17.179
79181,45898,63.50,20.778
79181,36997,63.50,20.778
79181,48787,63.50,20.778
79181,40252,56.00,18.324
79181,15599,52.50,17.179
79263,33952,6.50,2.414
79263,12169,63.50,20.778
79263,22873,63.50,20.778
79263,30556,63.50,20.778
79263,20945,52.50,17.179
79290,45898,63.50,20.778
79290,36997,63.50,20.778
79290,48787,63.50,20.778
79290,40252,56.00,18.324
79290,15599,52.50,17.179
79363,33952,6.50,2.414
79363,12169,63.50,20.778
79363,22873,63.50,20.778
79363,30556,63.50,20.778
79363,20945,52.50,17.179
79390,45898,63.50,20.778
79390,36997,63.50,20.778
79390,48787,63.50,20.778
79390,40252,56.00,18.324
79390,15599,52.50,17.179
79464,33952,6.50,2.414
79464,12169,63.50,20.778
79464,22873,63.50,20.778
79464,30556,63.50,20.778
79464,20945,52.50,17.179
79500,45898,63.50,20.778
79500,36997,63.50,20.778
79500,48787,63.50,20.778
79500,40252,56.00,18.324
79500,15599,52.50,17.179
79574,33952,6.50,2.414
79574,12169,63.50,20.778
79574,22873,63.50,20.778
79574,30556,63.50,20.778
79574,20945,52.50,17.179
79601,45898,63.50,20.778
79601,36997,63.50,20.778
79601,48787,63.50,20.778
79601,40252,56.00,18.324
79601,15599,52.50,17.179
79683,33952,6.50,2.414
79683,12169,63.50,20.778
79683,22873,63.50,20.778
79683,30556,63.50,20.778
79683,20945,52.50,17.179
79710,45898,63.50,20.778
79710,36997,63.50,20.778
79710,48787,63.50,20.778
79710,40252,56.00,18.324
79710,15599,52.50,17.179
79793,33952,6.50,2.414
79793,12169,63.50,20.778
79793,22873,63.50,20.778
79793,30556,63.50,20.778
79793,20945,52.50,17.179
79821,45898,63.50,20.778
79821,36997,63.50,20.778
79821,48787,63.50,20.778
79821,40252,56.00,18.324
79821,15599,52.50,17.179
79893,33952,6.50,2.414
79893,12169,63.50,20.778
79893,22873,63.50,20.778
79893,30556,63.50,20.778
79893,20945,52.50,17.179
79931,45898,63.50,20.778
79931,36997,63.50,20.778
79931,48787,63.50,20.778
79931,40252,56.00,18.324
79931,15599,52.50,17.179
80004,33952,6.50,2.414
80004,12169,63.50,20.778
80004,22873,63.50,20.778
80004,30556,63.50,20.778
80004,20945,52.50,17.179
80040,45898,63.50,20.778
80040,36997,63.50,20.778
80040,48787,63.50,20.778
80040,40252,56.00,18.324
80040,15599,52.50,17.179
80114,33952,6.50,2.414
80114,12169,63.50,20.778
80114,22873,63.50,20.778
80114,30556,63.50,20.778
80114,20945,52.50,17.179
80141,45898,63.50,20.778
80141,36997,63.50,20.778
80141,48787,63.50,20.778
80141,40252,56.00,18.324
80141,15599,52.50,17.179
80224,33952,6.50,2.414
80224,12169,63.50,20.778
80224,22873,63.50,20.778
80224,30556,63.50,20.778
80224,20945,52.50,17.179
80251,45898,63.50,20.778
80251,36997,63.50,20.778
80251,48787,63.50,20.778
80251,40252,56.00,18.324
80251,15599,52.50,17.179
80334,33952,6.50,2.414
80334,12169,63.50,20.778
80334,22873,63.50,20.778
80334,30556,63.50,20.778
80334,20945,52.50,17.179
80351,45898,63.50,20.778
80351,36997,63.50,20.778
80351,48787,63.50,20.778
80351,40252,56.00,18.324
80351,15599,52.50,17.179
80443,33952,6.50,2.414
80443,12169,63.50,20.778
80443,22873,63.50,20.778
80443,30556,63.50,20.778
80443,20945,52.50,17.179
80460,45898,63.50,20.778
80460,36997,63.50,20.778
80460,48787,63.50,20.778
80460,40252,56.00,18.324
80460,15599,52.50,17.179
80553,33952,6.50,2.414
80553,12169,63.50,20.778
80553,22873,63.50,20.778
80553,30556,63.50,20.778
80553,20945,52.50,17.179
80561,45898,63.50,20.778
80561,36997,63.50,20.778
80561,48787,63.50,20.778
80561,40252,56.00,18.324
80561,15599,52.50,17.179
80654,33952,6.50,2.414
80654,12169,63.50,20.778
80654,22873,63.50,20.778
80654,30556,63.50,20.778
80654,20945,52.50,17.179
80670,45898,63.50,20.778
80670,36997,63.50,20.778
80670,48787,63.50,20.778
80670,40252,56.00,18.324
80670,15599,52.50,17.179
80763,33952,6.50,2.414
80763,12169,63.50,20.778
80763,22873,63.50,20.778
80763,30556,63.50,20.778
80763,20945,52.50,17.179
80770,45898,63.50,20.778
80770,36997,63.50,20.778
80770,48787,63.50,20.778
80770,40252,56.00,18.324
80770,15599,52.50,17.179
80873,33952,6.50,2.414
80873,12169,63.50,20.778
80873,22873,63.50,20.778
80873,30556,63.50,20.778
80873,20945,52.50,17.179
80880,45898,63.50,20.778
80880,36997,63.50,20.778
80880,48787,63.50,20.778
80880,40252,56.00,18.324
80880,15599,52.50,17.179
80981,45898,63.50,20.778
80981,36997,63.50,20.778
80981,48787,63.50,20.778
80981,40252,56.00,18.324
80981,15599,52.50,17.179
80984,33952,6.50,2.414
80984,12169,63.50,20.778
80984,22873,63.50,20.778
80984,30556,63.50,20.778
80984,20945,52.50,17.179
81084,33952,6.50,2.414
81084,12169,63.50,20.778
81084,22873,63.50,20.778
81084,30556,63.50,20.778
81084,20945,52.50,17.179
81091,45898,63.50,20.778
81091,36997,63.50,20.778
81091,48787,63.50,20.778
81091,40252,56.00,18.324
81091,15599,52.50,17.179
81184,33952,6.50,2.414
81184,12169,63.50,20.778
81184,22873,63.50,20.778
81184,30556,63.50,20.778
81184,20945,52.50,17.179
81200,45898,63.50,20.778
81200,36997,63.50,20.778
81200,48787,63.50,20.778
81200,40252,56.00,18.324
81200,15599,52.50,17.179
81293,33952,6.50,2.414
81293,12169,63.50,20.778
81293,22873,63.50,20.778
81293,30556,63.50,20.778
81293,20945,52.50,17.179
81310,45898,63.50,20.778
81310,36997,63.50,20.778
81310,48787,63.50,20.778
81310,40252,56.00,18.324
81310,15599,52.50,17.179
81393,33952,6.50,2.414
81393,12169,63.50,20.778
81393,22873,5.00,2.027
81393,30556,63.50,20.778
81393,20945,52.50,17.179
81410,45898,63.50,20.778
81410,36997,63.50,20.778
81410,48787,63.50,20.778
81410,40252,56.00,18.324
81410,15599,52.50,17.179
81503,33952,6.50,2.414
81503,12169,63.50,20.778
81503,22873,5.00,2.027
81503,30556,63.50,20.778
81503,20945,52.50,17.179
81520,45898,63.50,20.778
81520,36997,63.50,20.778
81520,48787,63.50,20.778
81520,40252,56.00,18.324
81520,15599,52.50,17.179
81603,33952,6.50,2.414
81603,12169,63.50,20.778
81603,22873,5.00,2.027
81603,30556,63.50,20.778
81603,20945,52.50,17.179
81631,45898,63.50,20.778
81631,36997,63.50,20.778
81631,48787,63.50,20.778
81631,40252,56.00,18.324
81631,15599,52.50,17.179
81703,33952,6.50,2.414
81703,12169,63.50,20.778
81703,22873,5.00,2.027
81703,30556,63.50,20.778
81703,20945,52.50,17.179
81741,45898,63.50,20.778
81741,36997,63.50,20.778
81741,48787,63.50,20.778
81741,40252,56.00,18.324
81741,15599,52.50,17.179
81813,33952,6.50,2.414
81813,12169,63.50,20.778
81813,22873,5.00,2.027
81813,30556,63.50,20.778
81813,20945,52.50,17.179
81851,45898,63.50,20.778
81851,36997,63.50,20.778
81851,48787,63.50,20.778
81851,40252,56.00,18.324
81851,15599,52.50,17.179
81915,33952,6.50,2.414
81915,12169,63.50,20.778
81915,22873,5.00,2.027
81915,30556,63.50,20.778
81915,20945,52.50,17.179
81961,45898,63.50,20.778
81961,36997,63.50,20.778
81961,48787,63.50,20.778
81961,40252,56.00,18.324
81961,15599,52.50,17.179
82023,33952,6.50,2.414
82023,12169,63.50,20.778
82023,22873,5.00,2.027
82023,30556,63.50,20.778
82023,20945,52.50,17.179
82070,45898,63.50,20.778
82070,36997,63.50,20.778
82070,48787,63.50,20.778
82070,40252,56.00,18.324
82070,15599,52.50,17.179
82124,33952,6.50,2.414
82124,12169,63.50,20.778
82124,22873,5.00,2.027
82124,30556,63.50,20.778
82124,20945,52.50,17.179
82171,45898,63.50,20.778
82171,36997,63.50,20.778
82171,48787,63.50,20.778
82171,40252,56.00,18.324
82171,15599,52.50,17.179
82233,33952,6.50,2.414
82233,12169,63.50,20.778
82233,22873,5.00,2.027
82233,30556,63.50,20.778
82233,20945,63.50,20.778
82280,45898,63.50,20.778
82280,36997,63.50,20.778
82280,48787,63.50,20.778
82280,40252,56.00,18.324
82280,15599,52.50,17.179
82333,33952,6.50,2.414
82333,12169,63.50,20.778
82333,22873,5.00,2.027
82333,30556,63.50,20.778
82333,20945,63.50,20.778
82381,45898,63.50,20.778
82381,36997,63.50,20.778
82381,48787,63.50,20.778
82381,40252,56.00,18.324
82381,15599,52.50,17.179
82443,33952,6.50,2.414
82443,12169,63.50,20.778
82443,22873,5.00,2.027
82443,30556,63.50,20.778
82443,20945,63.50,20.778
82490,45898,63.50,20.778
82490,36997,63.50,20.778
82490,48787,63.50,20.778
82490,40252,56.00,18.324
82490,15599,52.50,17.179
82544,33952,6.50,2.414
82544,12169,63.50,20.778
82544,22873,5.00,2.027
82544,30556,63.50,20.778
82544,20945,63.50,20.778
82590,45898,63.50,20.778
82590,36997,63.50,20.778
82590,48787,63.50,20.778
82590,40252,56.00,18.324
82590,15599,52.50,17.179
82653,33952,6.50,2.414
82653,12169,63.50,20.778
82653,22873,5.00,2.027
82653,30556,63.50,20.778
82653,20945,63.50,20.778
82691,45898,63.50,20.778
82691,36997,63.50,20.778
82691,48787,63.50,20.778
82691,40252,56.00,18.324
82691,15599,52.50,17.179
82763,33952,6.50,2.414
82763,12169,63.50,20.778
82763,22873,5.00,2.027
82763,30556,63.50,20.778
82763,20945,63.50,20.778
82800,45898,63.50,20.778
82800,36997,63.50,20.778
82800,48787,63.50,20.778
82800,40252,56.00,18.324
82800,15599,52.50,17.179
82863,33952,6.50,2.414
82863,12169,63.50,20.778
82863,22873,5.00,2.027
82863,30556,63.50,20.778
82863,20945,63.50,20.778
82901,45898,63.50,20.778
82901,36997,63.50,20.778
82901,48787,63.50,20.778
82901,40252,56.00,18.324
82901,15599,52.50,17.179
82973,33952,6.50,2.414
82973,12169,63.50,20.778
82973,22873,5.00,2.027
82973,30556,63.50,20.778
82973,20945,63.50,20.778
83011,45898,63.50,20.778
83011,36997,63.50,20.778
83011,48787,63.50,20.778
83011,40252,56.00,18.324
83011,15599,52.50,17.179
83083,33952,6.50,2.414
83083,12169,63.50,20.778
83083,22873,5.00,2.027
83083,30556,63.50,20.778
83083,20945,63.50,20.778
83121,45898,63.50,20.778
83121,36997,63.50,20.778
83121,48787,63.50,20.778
83121,40252,56.00,18.324
83121,15599,52.50,17.179
83193,33952,6.50,2.414
83193,12169,63.50,20.778
83193,22873,5.00,2.027
83193,30556,63.50,20.778
83193,20945,63.50,20.778
83230,45898,63.50,20.778
83230,36997,63.50,20.778
83230,48787,63.50,20.778
83230,40252,56.00,18.324
83230,15599,52.50,17.179
83293,33952,6.50,2.414
83293,12169,63.50,20.778
83293,22873,5.00,2.027
83293,30556,63.50,20.778
83293,20945,63.50,20.778
83331,45898,63.50,20.778
83331,36997,63.50,20.778
83331,48787,63.50,20.778
83331,40252,56.00,18.324
83331,15599,52.50,17.179
83404,33952,6.50,2.414
83404,12169,63.50,20.778
83404,22873,5.00,2.027
83404,30556,63.50,20.778
83404,20945,63.50,20.778
83440,45898,63.50,20.778
83440,36997,63.50,20.778
83440,48787,63.50,20.778
83440,40252,56.00,18.324
83440,15599,52.50,17.179
83513,33952,6.50,2.414
83513,12169,63.50,20.778
83513,22873,5.00,2.027
83513,30556,63.50,20.778
83513,20945,63.50,20.778
83541,45898,63.50,20.778
83541,36997,63.50,20.778
83541,48787,63.50,20.778
83541,40252,56.00,18.324
83541,15599,52.50,17.179
83623,33952,6.50,2.414
83623,12169,63.50,20.778
83623,22873,5.00,2.027
83623,30556,63.50,20.778
83623,20945,63.50,20.778
83650,45898,63.50,20.778
83650,36997,63.50,20.778
83650,48787,63.50,20.778
83650,40252,56.00,18.324
83650,15599,52.50,17.179
83724,33952,6.50,2.414
83724,12169,63.50,20.778
83724,22873,5.00,2.027
83724,30556,63.50,20.778
83724,20945,63.50,20.778
83751,45898,63.50,20.778
83751,36997,63.50,20.778
83751,48787,63.50,20.778
83751,40252,56.00,18.324
83751,15599,52.50,17.179
83834,33952,6.50,2.414
83834,12169,63.50,20.778
83834,22873,5.00,2.027
83834,30556,63.50,20.778
83834,20945,63.50,20.778
83861,45898,63.50,20.778
83861,36997,63.50,20.778
83861,48787,63.50,20.778
83861,40252,56.00,18.324
83861,15599,52.50,17.179
83943,33952,6.50,2.414
83943,12169,63.50,20.778
83943,22873,5.00,2.027
83943,30556,63.50,20.778
83943,20945,63.50,20.778
83970,45898,63.50,20.778
83970,36997,63.50,20.778
83970,48787,63.50,20.778
83970,40252,56.00,18.324
83970,15599,52.50,17.179
84043,33952,6.50,2.414
84043,12169,63.50,20.778
84043,22873,5.00,2.027
84043,30556,63.50,20.778
84043,20945,63.50,20.778
84071,45898,63.50,20.778
84071,36997,63.50,20.778
84071,48787,63.50,20.778
84071,40252,56.00,18.324
84071,15599,52.50,17.179
84153,33952,6.50,2.414
84153,12169,63.50,20.778
84153,22873,5.00,2.027
84153,30556,63.50,20.778
84153,20945,63.50,20.778
84180,45898,63.50,20.778
84180,36997,63.50,20.778
84180,48787,63.50,20.778
84180,40252,56.00,18.324
84180,15599,52.50,17.179
84254,33952,6.50,2.414
84254,12169,63.50,20.778
84254,22873,5.00,2.027
84254,30556,63.50,20.778
84254,20945,63.50,20.778
84281,45898,63.50,20.778
84281,36997,63.50,20.778
84281,48787,63.50,20.778
84281,40252,56.00,18.324
84281,15599,52.50,17.179
84363,33952,6.50,2.414
84363,12169,63.50,20.778
84363,22873,5.00,2.027
84363,30556,63.50,20.778
84363,20945,63.50,20.778
84391,45898,63.50,20.778
84391,36997,63.50,20.778
84391,48787,63.50,20.778
84391,40252,56.00,18.324
84391,15599,52.50,17.179
84466,33952,6.50,2.414
84466,12169,63.50,20.778
84466,22873,5.00,2.027
84466,30556,63.50,20.778
84466,20945,63.50,20.778
84500,45898,63.50,20.778
84500,36997,63.50,20.778
84500,48787,63.50,20.778
84500,40252,56.00,18.324
84500,15599,52.50,17.179
84573,33952,6.50,2.414
84573,12169,63.50,20.778
84573,22873,5.00,2.027
84573,30556,63.50,20.778
84573,20945,63.50,20.778
84601,45898,63.50,20.778
84601,36997,63.50,20.778
84601,48787,63.50,20.778
84601,40252,56.00,18.324
84601,15599,52.50,17.179
84673,33952,6.50,2.414
84673,12169,63.50,20.778
84673,22873,5.00,2.027
84673,30556,63.50,20.778
84673,20945,63.50,20.778
84701,45898,63.50,20.778
84701,36997,63.50,20.778
84701,48787,63.50,20.778
84701,40252,56.00,18.324
84701,15599,52.50,17.179
84773,33952,6.50,2.414
84773,12169,63.50,20.778
84773,22873,5.00,2.027
84773,30556,63.50,20.778
84773,20945,63.50,20.778
84811,45898,63.50,20.778
84811,36997,63.50,20.778
84811,48787,63.50,20.778
84811,40252,56.00,18.324
84811,15599,52.50,17.179
84873,33952,6.50,2.414
84873,12169,63.50,20.778
84873,22873,5.00,2.027
84873,30556,63.50,20.778
84873,20945,63.50,20.778
84920,45898,63.50,20.778
84920,36997,63.50,20.778
84920,48787,63.50,20.778
84920,40252,56.00,18.324
84920,15599,52.50,17.179
84983,33952,6.50,2.414
84983,12169,63.50,20.778
84983,22873,5.00,2.027
84983,30556,63.50,20.778
84983,20945,63.50,20.778
85020,45898,63.50,20.778
85020,36997,63.50,20.778
85020,48787,63.50,20.778
85020,40252,56.00,18.324
85020,15599,52.50,17.179
85093,33952,6.50,2.414
85093,12169,63.50,20.778
85093,22873,5.00,2.027
85093,30556,63.50,20.778
85093,20945,63.50,20.778
85120,45898,63.50,20.778
85120,36997,63.50,20.778
85120,48787,63.50,20.778
85120,40252,56.00,18.324
85120,15599,52.50,17.179
85193,33952,6.50,2.414
85193,12169,63.50,20.778
85193,22873,5.00,2.027
85193,30556,63.50,20.778
85193,20945,63.50,20.778
85231,45898,63.50,20.778
85231,36997,63.50,20.778
85231,48787,63.50,20.778
85231,40252,56.00,18.324
85231,15599,52.50,17.179
85294,33952,6.50,2.414
85294,12169,63.50,20.778
85294,22873,5.00,2.027
85294,30556,63.50,20.778
85294,20945,63.50,20.778
85331,45898,63.50,20.778
85331,36997,63.50,20.778
85331,48787,63.50,20.778
85331,40252,56.00,18.324
85331,15599,52.50,17.179
85403,33952,6.50,2.414
85403,12169,63.50,20.778
85403,22873,5.00,2.027
85403,30556,63.50,20.778
85403,20945,63.50,20.778
85440,45898,63.50,20.778
85440,36997,63.50,20.778
85440,48787,63.50,20.778
85440,40252,56.00,18.324
85440,15599,52.50,17.179
85505,33952,6.50,2.414
85505,12169,63.50,20.778
85505,22873,5.00,2.027
85505,30556,63.50,20.778
85505,20945,63.50,20.778
85540,45898,63.50,20.778
85540,36997,63.50,20.778
85540,48787,63.50,20.778
85540,40252,56.00,18.324
85540,15599,52.50,17.179
85613,33952,6.50,2.414
85613,12169,63.50,20.778
85613,22873,5.00,2.027
85613,30556,63.50,20.778
85613,20945,63.50,20.778
85650,45898,63.50,20.778
85650,36997,63.50,20.778
85650,48787,63.50,20.778
85650,40252,56.00,18.324
85650,15599,52.50,17.179
85713,33952,6.50,2.414
85713,12169,63.50,20.778
85713,22873,5.00,2.027
85713,30556,63.50,20.778
85713,20945,63.50,20.778
85751,45898,63.50,20.778
85751,36997,63.50,20.778
85751,48787,63.50,20.778
85751,40252,56.00,18.324
85751,15599,52.50,17.179
85813,33952,6.50,2.414
85813,12169,63.50,20.778
85813,22873,5.00,2.027
85813,30556,53.50,17.506
85813,20945,52.50,17.179
85851,45898,63.50,20.778
85851,36997,63.50,20.778
85851,48787,63.50,20.778
85851,40252,56.00,18.324
85851,15599,52.50,17.179
85923,33952,6.50,2.414
85923,12169,63.50,20.778
85923,22873,5.00,2.027
85923,30556,53.50,17.506
85923,20945,52.50,17.179
85961,45898,63.50,20.778
85961,36997,63.50,20.778
85961,48787,63.50,20.778
85961,40252,56.00,18.324
85961,15599,52.50,17.179
86033,33952,6.50,2.414
86033,12169,63.50,20.778
86033,22873,5.00,2.027
86033,30556,53.50,17.506
86033,20945,52.50,17.179
86071,45898,63.50,20.778
86071,36997,63.50,20.778
86071,48787,63.50,20.778
86071,40252,56.00,18.324
86071,15599,52.50,17.179
86133,33952,6.50,2.414
86133,12169,63.50,20.778
86133,22873,5.00,2.027
86133,30556,53.50,17.506
86133,20945,52.50,17.179
86180,45898,63.50,20.778
86180,36997,63.50,20.778
86180,48787,63.50,20.778
86180,40252,56.00,18.324
86180,15599,52.50,17.179
86235,33952,6.50,2.414
86235,12169,63.50,20.778
86235,22873,63.50,20.778
86235,30556,53.50,17.506
86235,20945,52.50,17.179
86281,45898,63.50,20.778
86281,36997,63.50,20.778
86281,48787,63.50,20.778
86281,40252,56.00,18.324
86281,15599,52.50,17.179
86343,33952,6.50,2.414
86343,12169,63.50,20.778
86343,22873,63.50,20.778
86343,30556,53.50,17.506
86343,20945,52.50,17.179
86391,45898,63.50,20.778
86391,36997,63.50,20.778
86391,48787,63.50,20.778
86391,40252,56.00,18.324
86391,15599,52.50,17.179
86443,33952,6.50,2.414
86443,12169,63.50,20.778
86443,22873,63.50,20.778
86443,30556,53.50,17.506
86443,20945,52.50,17.179
86501,45898,63.50,20.778
86501,36997,63.50,20.778
86501,48787,63.50,20.778
86501,40252,56.00,18.324
86501,15599,52.50,17.179
86544,33952,6.50,2.414
86544,12169,63.50,20.778
86544,22873,63.50,20.778
86544,30556,63.50,20.778
86544,20945,52.50,17.179
86610,45898,63.50,20.778
86610,36997,63.50,20.778
86610,48787,63.50,20.778
86610,40252,56.00,18.324
86610,15599,52.50,17.179
86653,33952,6.50,2.414
86653,12169,63.50,20.778
86653,22873,63.50,20.778
86653,30556,63.50,20.778
86653,20945,52.50,17.179
86711,45898,63.50,20.778
86711,36997,63.50,20.778
86711,48787,63.50,20.778
86711,40252,56.00,18.324
86711,15599,52.50,17.179
86754,33952,6.50,2.414
86754,12169,63.50,20.778
86754,22873,63.50,20.778
86754,30556,63.50,20.778
86754,20945,52.50,17.179
86821,45898,63.50,20.778
86821,36997,63.50,20.778
86821,48787,63.50,20.778
86821,40252,56.00,18.324
86821,15599,52.50,17.179
86864,33952,6.50,2.414
86864,12169,63.50,20.778
86864,22873,63.50,20.778
86864,30556,63.50,20.778
86864,20945,52.50,17.179
86921,45898,63.50,20.778
86921,36997,63.50,20.778
86921,48787,63.50,20.778
86921,40252,56.00,18.324
86921,15599,52.50,17.179
86964,33952,6.50,2.414
86964,12169,63.50,20.778
86964,22873,63.50,20.778
86964,30556,63.50,20.778
86964,20945,52.50,17.179
87022,45898,63.50,20.778
87022,36997,63.50,20.778
87022,48787,63.50,20.778
87022,40252,56.00,18.324
87022,15599,52.50,17.179
87074,33952,6.50,2.414
87074,12169,63.50,20.778
87074,22873,63.50,20.778
87074,30556,63.50,20.778
87074,20945,52.50,17.179
87130,45898,63.50,20.778
87130,36997,63.50,20.778
87130,48787,63.50,20.778
87130,40252,56.00,18.324
87130,15599,52.50,17.179
87184,33952,6.50,2.414
87184,12169,63.50,20.778
87184,22873,63.50,20.778
87184,30556,63.50,20.778
87184,20945,52.50,17.179
87231,45898,63.50,20.778
87231,36997,63.50,20.778
87231,48787,63.50,20.778
87231,40252,56.00,18.324
87231,15599,52.50,17.179
87294,33952,6.50,2.414
87294,12169,63.50,20.778
87294,22873,63.50,20.778
87294,30556,63.50,20.778
87294,20945,52.50,17.179
87331,45898,63.50,20.778
87331,36997,63.50,20.778
87331,48787,63.50,20.778
87331,40252,56.00,18.324
87331,15599,52.50,17.179
87404,33952,6.50,2.414
87404,12169,63.50,20.778
87404,22873,63.50,20.778
87404,30556,63.50,20.778
87404,20945,52.50,17.179
87440,45898,63.50,20.778
87440,36997,63.50,20.778
87440,48787,63.50,20.778
87440,40252,56.00,18.324
87440,15599,52.50,17.179
87514,33952,6.50,2.414
87514,12169,63.50,20.778
87514,22873,63.50,20.778
87514,30556,63.50,20.778
87514,20945,52.50,17.179
87541,45898,63.50,20.778
87541,36997,63.50,20.778
87541,48787,63.50,20.778
87541,40252,56.00,18.324
87541,15599,52.50,17.179
87624,33952,6.50,2.414
87624,12169,63.50,20.778
87624,22873,63.50,20.778
87624,30556,63.50,20.778
87624,20945,52.50,17.179
87651,45898,63.50,20.778
87651,36997,63.50,20.778
87651,48787,63.50,20.778
87651,40252,56.00,18.324
87651,15599,52.50,17.179
87733,33952,6.50,2.414
87733,12169,63.50,20.778
87733,22873,63.50,20.778
87733,30556,63.50,20.778
87733,20945,52.50,17.179
87761,45898,63.50,20.778
87761,36997,63.50,20.778
87761,48787,63.50,20.778
87761,40252,56.00,18.324
87761,15599,52.50,17.179
87834,33952,6.50,2.414
87834,12169,63.50,20.778
87834,22873,63.50,20.778
87834,30556,63.50,20.778
87834,20945,52.50,17.179
87861,45898,63.50,20.778
87861,36997,63.50,20.778
87861,48787,63.50,20.778
87861,40252,56.00,18.324
87861,15599,52.50,17.179
87946,33952,6.50,2.414
87946,12169,63.50,20.778
87946,22873,63.50,20.778
87946,30556,63.50,20.778
87946,20945,52.50,17.179
87971,45898,63.50,20.778
87971,36997,63.50,20.778
87971,48787,63.50,20.778
87971,40252,56.00,18.324
87971,15599,52.50,17.179
88053,33952,6.50,2.414
88053,12169,63.50,20.778
88053,22873,63.50,20.778
88053,30556,63.50,20.778
88053,20945,52.50,17.179
88080,45898,63.50,20.778
88080,36997,63.50,20.778
88080,48787,63.50,20.778
88080,40252,56.00,18.324
88080,15599,52.50,17.179
88153,33952,6.50,2.414
88153,12169,63.50,20.778
88153,22873,63.50,20.778
88153,30556,63.50,20.778
88153,20945,52.50,17.179
88191,45898,63.50,20.778
88191,36997,63.50,20.778
88191,48787,63.50,20.778
88191,40252,56.00,18.324
88191,15599,52.50,17.179
88254,33952,6.50,2.414
88254,12169,63.50,20.778
88254,22873,63.50,20.778
88254,30556,63.50,20.778
88254,20945,52.50,17.179
88301,45898,63.50,20.778
88301,36997,63.50,20.778
88301,48787,63.50,20.778
88301,40252,56.00,18.324
88301,15599,52.50,17.179
88363,33952,6.50,2.414
88363,12169,63.50,20.778
88363,22873,63.50,20.778
88363,30556,63.50,20.778
88363,20945,52.50,17.179
88410,45898,63.50,20.778
88410,36997,63.50,20.778
88410,48787,63.50,20.778
88410,40252,56.00,18.324
88410,15599,52.50,17.179
88465,33952,6.50,2.414
88465,12169,63.50,20.778
88465,22873,63.50,20.778
88465,30556,63.50,20.778
88465,20945,52.50,17.179
88511,45898,63.50,20.778
88511,36997,63.50,20.778
88511,48787,63.50,20.778
88511,40252,56.00,18.324
88511,15599,52.50,17.179
88576,33952,6.50,2.414
88576,12169,63.50,20.778
88576,22873,63.50,20.778
88576,30556,63.50,20.778
88576,20945,52.50,17.179
88621,45898,63.50,20.778
88621,36997,63.50,20.778
88621,48787,63.50,20.778
88621,40252,56.00,18.324
88621,15599,52.50,17.179
88684,33952,6.50,2.414
88684,12169,63.50,20.778
88684,22873,63.50,20.778
88684,30556,63.50,20.778
88684,20945,52.50,17.179
88732,45898,63.50,20.778
88732,36997,63.50,20.778
88732,48787,63.50,20.778
88732,40252,56.00,18.324
88732,15599,52.50,17.179
88793,33952,6.50,2.414
88793,12169,63.50,20.778
88793,22873,63.50,20.778
88793,30556,63.50,20.778
88793,20945,52.50,17.179
88841,45898,63.50,20.778
88841,36997,63.50,20.778
88841,48787,63.50,20.778
88841,40252,56.00,18.324
88841,15599,52.50,17.179
88903,33952,6.50,2.414
88903,12169,63.50,20.778
88903,22873,63.50,20.778
88903,30556,63.50,20.778
88903,20945,52.50,17.179
88951,45898,63.50,20.778
88951,36997,63.50,20.778
88951,48787,63.50,20.778
88951,40252,56.00,18.324
88951,15599,52.50,17.179
89004,33952,6.50,2.414
89004,12169,63.50,20.778
89004,22873,63.50,20.778
89004,30556,63.50,20.778
89004,20945,52.50,17.179
89060,45898,63.50,20.778
89060,36997,63.50,20.778
89060,48787,63.50,20.778
89060,40252,56.00,18.324
89060,15599,52.50,17.179
89113,33952,6.50,2.414
89113,12169,63.50,20.778
89113,22873,63.50,20.778
89113,30556,63.50,20.778
89113,20945,52.50,17.179
89161,45898,63.50,20.778
89161,36997,63.50,20.778
89161,48787,63.50,20.778
89161,40252,56.00,18.324
89161,15599,52.50,17.179
89223,33952,6.50,2.414
89223,12169,63.50,20.778
89223,22873,63.50,20.778
89223,30556,63.50,20.778
89223,20945,52.50,17.179
89270,45898,63.50,20.778
89270,36997,63.50,20.778
89270,48787,63.50,20.778
89270,40252,56.00,18.324
89270,15599,52.50,17.179
89333,33952,6.50,2.414
89333,12169,63.50,20.778
89333,22873,63.50,20.778
89333,30556,63.50,20.778
89333,20945,52.50,17.179
89370,45898,63.50,20.778
89370,36997,63.50,20.778
89370,48787,63.50,20.778
89370,40252,56.00,18.324
89370,15599,52.50,17.179
89444,33952,6.50,2.414
89444,12169,63.50,20.778
89444,22873,63.50,20.778
89444,30556,63.50,20.778
89444,20945,52.50,17.179
89471,45898,63.50,20.778
89471,36997,63.50,20.778
89471,48787,63.50,20.778
89471,40252,56.00,18.324
89471,15599,52.50,17.179
89553,33952,6.50,2.414
89553,12169,63.50,20.778
89553,22873,63.50,20.778
89553,30556,63.50,20.778
89553,20945,52.50,17.179
89580,45898,63.50,20.778
89580,36997,63.50,20.778
89580,48787,63.50,20.778
89580,40252,56.00,18.324
89580,15599,52.50,17.179
89664,33952,6.50,2.414
89664,12169,63.50,20.778
89664,22873,63.50,20.778
89664,30556,63.50,20.778
89664,20945,52.50,17.179
89681,45898,63.50,20.778
89681,36997,63.50,20.778
89681,48787,63.50,20.778
89681,40252,56.00,18.324
89681,15599,52.50,17.179
89777,33952,6.50,2.414
89777,12169,63.50,20.778
89777,22873,63.50,20.778
89777,30556,53.50,17.506
89777,20945,52.50,17.179
89781,45898,63.50,20.778
89781,36997,63.50,20.778
89781,48787,63.50,20.778
89781,40252,56.00,18.324
89781,15599,52.50,17.179
89881,45898,63.50,20.778
89881,36997,63.50,20.778
89881,48787,63.50,20.778
89881,40252,56.00,18.324
89881,15599,52.50,17.179
89884,33952,6.50,2.414
89884,12169,63.50,20.778
89884,22873,63.50,20.778
89884,30556,53.50,17.506
89884,20945,52.50,17.179
89991,45898,63.50,20.778
89991,36997,63.50,20.778
89991,48787,63.50,20.778
89991,40252,56.00,18.324
89991,15599,52.50,17.179
89994,33952,6.50,2.414
89994,12169,63.50,20.778
89994,22873,63.50,20.778
89994,30556,53.50,17.506
89994,20945,52.50,17.179
